name,unique_entrances,total_entrances,visit_duration
/zh-cn/3/tutorial/index.html,496,517,184
/zh-cn/3/,448,460,215
/3/,302,307,489
/zh-cn/3/library/idle.html,264,271,34
/zh-cn/3/library/index.html,232,244,155
/dev/using/windows.html,190,190,252
/zh-cn/3.13/tutorial/index.html,157,163,250
/zh-cn/3.14/,142,144,271
/zh-cn/3/library/functions.html,129,132,108
/zh-cn/3/library/turtle.html,129,137,94
/zh-cn/3/using/mac.html,118,118,33
/zh-cn/3.14/tutorial/index.html,114,120,472
/zh-cn/3.13/library/idle.html,109,109,25
/zh-cn/3/using/index.html,100,100,58
/zh-cn/3/tutorial/,94,94,256
/zh-cn/3/reference/index.html,93,94,213
/zh-cn/3/library/,91,99,149
/zh-cn/3/tutorial/controlflow.html,88,95,329
/zh-cn/3.15/using/windows.html,82,82,136
/zh-cn/3/tutorial/interpreter.html,78,80,115
/zh-cn/3.13/using/android.html,75,75,14
/zh-cn/3/tutorial/introduction.html,68,69,220
/zh-cn/3/library/math.html,67,74,63
/zh-cn/3.14/library/index.html,65,69,461
/zh-cn/3/index.html,65,67,454
/zh-cn/3/library/venv.html,65,65,0
/zh-cn/3.14/whatsnew/3.14.html,57,59,101
/zh-cn/3/tutorial/appetite.html,55,57,204
/zh-cn/3.13/,51,52,154
/zh-cn/3/library/stdtypes.html,50,51,402
/zh-cn/3/search.html,50,52,167
/zh-cn/3.14/library/stdtypes.html,47,51,400
/zh-cn/3/tutorial/datastructures.html,47,49,275
/zh-cn/3/tutorial/classes.html,45,50,152
/zh-cn/3/contents.html,41,41,117
/zh-cn/3/library/asyncio.html,40,41,147
/zh-cn/3.13/tutorial/controlflow.html,39,43,216
/zh-cn/3.13/library/functions.html,38,39,375
/zh-cn/3/using/,38,38,84
/zh-cn/3.14/tutorial/controlflow.html,37,38,76
/zh-cn/3/library/logging.html,37,37,8
/zh-cn/3/library/multiprocessing.html,37,39,140
/3/tutorial/index.html,35,35,393
/zh-cn/3.14/library/functions.html,35,37,266
/zh-cn/3/glossary.html,34,34,241
/zh-cn/3/tutorial/inputoutput.html,34,35,213
/zh-cn/3.14/index.html,32,33,80
/zh-cn/3.14/search.html,32,32,91
/zh-cn/3/library/re.html,32,32,11
/zh-cn/3.14/whatsnew/,31,31,350
/zh-cn/3.12/using/mac.html,30,30,31
/zh-cn/3.14/tutorial/classes.html,30,30,202
/zh-cn/3/library/unittest.html,30,30,17
/zh-cn/3/library/pdb.html,29,31,28
/zh-cn/3/library/struct.html,28,28,59
/zh-cn/3.14/tutorial/introduction.html,27,29,106
/zh-cn/3/library/tkinter.html,27,28,30
/zh-cn/3/whatsnew/index.html,27,27,19
/3/library/functions.html,26,27,285
/zh-cn/3.12/,26,27,423
/zh-cn/3/download.html,26,27,188
/zh-cn/3/howto/argparse.html,26,26,58
/zh-cn/3/library/argparse.html,26,27,34
/zh-cn/3/library/dataclasses.html,26,27,59
/3.14/,25,25,415
/zh-cn/3/library/asyncio-task.html,25,26,57
/zh-cn/3/library/typing.html,25,25,92
/zh-cn/3/whatsnew/3.14.html,25,25,121
/zh-cn/3.13/index.html,24,28,206
/zh-cn/3.13/library/index.html,24,27,104
/zh-cn/3.14/tutorial/interpreter.html,24,24,329
/3.13/,23,23,303
/zh-cn/3.13/using/index.html,23,23,13
/zh-cn/3/library/datetime.html,23,23,174
/zh-cn/3/library/pathlib.html,23,24,3
/zh-cn/3/library/random.html,23,23,27
/zh-cn/3/tutorial/modules.html,23,23,101
/zh-cn/3.12/library/index.html,22,22,218
/zh-cn/3.13/tutorial/interpreter.html,22,23,111
/zh-cn/3.14/using/index.html,22,22,62
/zh-cn/3/library/os.html,22,22,42
/zh-cn/3/library/subprocess.html,22,22,14
/zh-cn/3/library/tk.html,22,22,194
/zh-cn/3.13/tutorial/datastructures.html,21,23,77
/zh-cn/3.15/tutorial/index.html,20,20,16
/zh-cn/3.12/tutorial/index.html,19,19,568
/zh-cn/3.13/tutorial/,19,20,14
/zh-cn/3.14/tutorial/,19,19,149
/zh-cn/3/howto/regex.html,19,19,158
/zh-cn/3/installing/index.html,19,19,2
/zh-cn/3/library/csv.html,19,19,0
/zh-cn/3/library/threading.html,19,20,252
/zh-cn/3.14/installing/index.html,18,18,166
/zh-cn/3.14/reference/index.html,18,19,483
/zh-cn/3/library/collections.html,18,24,82
/zh-cn/3/library/string.html,18,19,0
/zh-cn/3/reference/datamodel.html,18,20,233
/zh-cn/3/using/cmdline.html,18,18,94
/zh-cn/3.13/search.html,17,19,174
/zh-cn/3/howto/enum.html,17,17,3
/zh-cn/3/library/concurrent.futures.html,17,18,49
/zh-cn/3/library/json.html,17,17,47
/zh-cn/3.13/installing/index.html,16,19,11
/zh-cn/3.13/library/tkinter.html,16,16,61
/zh-cn/3.14/using/windows.html,16,18,198
/zh-cn/3/library/difflib.html,16,17,0
/zh-cn/3/library/os.path.html,16,16,0
/zh-cn/3/tutorial/venv.html,16,16,112
/3.15/,15,15,417
/3/search.html,15,15,126
/zh-cn/3.13/using/mac.html,15,15,70
/zh-cn/3.14/reference/datamodel.html,15,15,172
/zh-cn/3/library/__main__.html,15,15,0
/zh-cn/3/library/heapq.html,15,15,1
/zh-cn/3/reference/lexical_analysis.html,15,17,296
/zh-cn/3/tutorial/errors.html,15,15,78
/zh-cn/3.13/contents.html,14,14,1250
/zh-cn/3.13/library/stdtypes.html,14,15,268
/zh-cn/3.13/whatsnew/3.13.html,14,14,2
/zh-cn/3.14/contents.html,14,15,84
/zh-cn/3.14/download.html,14,15,53
/zh-cn/3.14/tutorial/appetite.html,14,15,329
/zh-cn/3.14/tutorial/datastructures.html,14,14,638
/zh-cn/3.14/tutorial/modules.html,14,15,527
/zh-cn/3/py-modindex.html,14,14,209
/zh-cn/3/reference/expressions.html,14,16,297
/zh-cn/3/using/windows.html,14,14,10
/3.14/tutorial/index.html,13,13,409
/zh-cn/3.13/tutorial/appetite.html,13,13,266
/zh-cn/3.14/glossary.html,13,14,131
/zh-cn/3.14/tutorial/inputoutput.html,13,13,209
/zh-cn/3/extending/extending.html,13,13,216
/zh-cn/3/reference/import.html,13,15,109
/3.14/whatsnew/3.14.html,12,12,355
/3/tutorial/,12,12,1597
/3/whatsnew/3.14.html,12,12,812
/zh-cn/3.13/tutorial/introduction.html,12,15,525
/zh-cn/3.14/library/venv.html,12,12,99
/zh-cn/3.14/reference/lexical_analysis.html,12,12,174
/zh-cn/3/library/ctypes.html,12,12,28
/zh-cn/3/library/exceptions.html,12,14,0
/3/library/idle.html,11,11,96
/3/library/tkinter.html,11,11,459
/zh-cn/3.12/index.html,11,11,230
/zh-cn/3.12/reference/index.html,11,11,260
/zh-cn/3.12/search.html,11,13,139
/zh-cn/3.14/library/math.html,11,12,53
/zh-cn/3/library/ast.html,11,12,15
/zh-cn/3/library/decimal.html,11,11,57
/zh-cn/3/library/queue.html,11,11,1
/zh-cn/3/library/socket.html,11,13,37
/zh-cn/3/library/zipfile.html,11,11,37
/zh-cn/3/reference/compound_stmts.html,11,11,691
/3.13/tutorial/,10,10,348
/3.13/tutorial/index.html,10,10,73
/3.14/using/windows.html,10,10,173
/3/library/index.html,10,10,238
/zh-cn/3.12/library/functions.html,10,10,0
/zh-cn/3.13/howto/sorting.html,10,10,12
/zh-cn/3.13/library/argparse.html,10,10,96
/zh-cn/3/howto/sorting.html,10,10,291
/zh-cn/3/library/gzip.html,10,10,155
/zh-cn/3/library/intro.html,10,10,47
/zh-cn/3/library/webbrowser.html,10,10,0
/zh-cn/3/reference/grammar.html,10,11,340
/3.12/,9,9,616
/3/using/windows.html,9,9,272
/zh-cn/3.13/download.html,9,9,381
/zh-cn/3.13/glossary.html,9,9,719
/zh-cn/3.13/library/math.html,9,9,0
/zh-cn/3.13/library/turtle.html,9,9,0
/zh-cn/3.14/howto/index.html,9,9,736
/zh-cn/3.14/library/asyncio.html,9,9,472
/zh-cn/3.15/,9,9,249
/zh-cn/3/c-api/index.html,9,10,384
/zh-cn/3/howto/index.html,9,9,299
/zh-cn/3/howto/logging.html,9,9,191
/zh-cn/3/library/http.server.html,9,9,0
/zh-cn/3/library/io.html,9,9,0
/zh-cn/3/library/itertools.html,9,9,0
/zh-cn/3/library/mmap.html,9,9,118
/zh-cn/3/library/pickle.html,9,10,4
/zh-cn/3/library/tempfile.html,9,10,162
/zh-cn/3/library/time.html,9,9,0
/zh-cn/3/reference/simple_stmts.html,9,9,50
/zh-cn/3.12/library/asyncio-task.html,8,8,289
/zh-cn/3.12/library/stdtypes.html,8,9,194
/zh-cn/3.13/library/random.html,8,8,454
/zh-cn/3.13/library/re.html,8,9,4
/zh-cn/3.13/reference/index.html,8,8,1066
/zh-cn/3.13/using/ios.html,8,8,43
/zh-cn/3.14/library/asyncio-task.html,8,8,368
/zh-cn/3.14/library/exceptions.html,8,8,22
/zh-cn/3.14/library/idle.html,8,8,7
/zh-cn/3.15/search.html,8,8,25
/zh-cn/3/library/array.html,8,8,0
/zh-cn/3/library/bisect.html,8,8,25
/zh-cn/3/library/inspect.html,8,8,242
/zh-cn/3/library/multiprocessing.shared_memory.html,8,9,67
/3.14/tutorial/,7,7,297
/3/library/asyncio.html,7,7,648
/3/library/subprocess.html,7,7,382
/3/library/threading.html,7,7,202
/zh-cn/3.12/using/index.html,7,7,37
/zh-cn/3.13/library/dataclasses.html,7,7,30
/zh-cn/3.13/library/sqlite3.html,7,7,0
/zh-cn/3.13/tutorial/classes.html,7,7,1106
/zh-cn/3.13/tutorial/inputoutput.html,7,7,232
/zh-cn/3.14/howto/unicode.html,7,7,3
/zh-cn/3.14/library/datetime.html,7,7,476
/zh-cn/3.14/library/json.html,7,7,337
/zh-cn/3.14/tutorial/errors.html,7,8,8
/zh-cn/3/howto/a-conceptual-overview-of-asyncio.html,7,7,60
/zh-cn/3/library/copy.html,7,7,259
/zh-cn/3/library/importlib.html,7,7,196
/zh-cn/3/library/sqlite3.html,7,9,0
/zh-cn/3/library/sys.html,7,7,8
/zh-cn/3/library/xml.html,7,7,45
/zh-cn/3/reference/introduction.html,7,8,574
/zh-cn/3/tutorial/stdlib2.html,7,7,29
/zh-cn/dev/whatsnew/3.13.html,7,7,428
/3.13/using/windows.html,6,6,66
/3/library/argparse.html,6,6,12
/3/library/pathlib.html,6,6,984
/3/reference/datamodel.html,6,6,46
/zh-cn/3.12/library/typing.html,6,6,0
/zh-cn/3.12/tutorial/controlflow.html,6,6,1822
/zh-cn/3.12/tutorial/interpreter.html,6,8,69
/zh-cn/3.12/using/windows.html,6,6,342
/zh-cn/3.13/library/array.html,6,6,0
/zh-cn/3.13/library/asyncio.html,6,6,172
/zh-cn/3.13/library/contextlib.html,6,7,6
/zh-cn/3.13/library/logging.handlers.html,6,8,0
/zh-cn/3.13/library/pdb.html,6,7,0
/zh-cn/3.13/tutorial/errors.html,6,6,41
/zh-cn/3.13/tutorial/venv.html,6,6,178
/zh-cn/3.13/using/windows.html,6,6,0
/zh-cn/3.14/c-api/init_config.html,6,6,77
/zh-cn/3.14/howto/free-threading-python.html,6,6,7
/zh-cn/3.14/howto/logging.html,6,6,429
/zh-cn/3.14/library/constants.html,6,6,618
/zh-cn/3.14/library/multiprocessing.html,6,6,98
/zh-cn/3.14/library/os.html,6,6,579
/zh-cn/3.14/library/string.html,6,6,587
/zh-cn/3.14/library/threading.html,6,6,148
/zh-cn/3.14/license.html,6,6,78
/zh-cn/3.14/py-modindex.html,6,6,69
/zh-cn/3.14/reference/compound_stmts.html,6,6,1992
/zh-cn/3.14/using/cmdline.html,6,6,2
/zh-cn/3.14/using/configure.html,6,6,556
/zh-cn/3/faq/programming.html,6,6,317
/zh-cn/3/installing/,6,6,0
/zh-cn/3/library/abc.html,6,6,0
/zh-cn/3/library/asyncio-dev.html,6,6,100
/zh-cn/3/library/asyncio-eventloop.html,6,6,312
/zh-cn/3/library/filesys.html,6,6,9
/zh-cn/3/library/glob.html,6,6,0
/zh-cn/3/library/html.parser.html,6,6,46
/zh-cn/3/library/pty.html,6,7,124
/zh-cn/3/library/shutil.html,6,6,0
/zh-cn/3/library/tkinter.ttk.html,6,6,120
/zh-cn/3/library/types.html,6,6,0
/zh-cn/3/reference/toplevel_components.html,6,7,188
/zh-cn/3/tutorial/stdlib.html,6,8,67
/zh-cn/3/using/configure.html,6,6,159
/zh-cn/3/using/unix.html,6,6,84
/3/library/dataclasses.html,5,5,379
/3/library/datetime.html,5,5,10
/3/library/logging.html,5,5,787
/3/library/multiprocessing.html,5,5,974
/3/library/stdtypes.html,5,5,472
/3/library/time.html,5,5,56
/3/library/typing.html,5,5,286
/3/tutorial/venv.html,5,5,143
/zh-cn/3.12/glossary.html,5,6,777
/zh-cn/3.12/library/ctypes.html,5,5,425
/zh-cn/3.12/library/multiprocessing.html,5,5,0
/zh-cn/3.12/library/os.html,5,6,60
/zh-cn/3.12/library/re.html,5,5,27
/zh-cn/3.12/library/tkinter.html,5,5,228
/zh-cn/3.12/tutorial/inputoutput.html,5,5,20
/zh-cn/3.13/c-api/index.html,5,5,1
/zh-cn/3.13/c-api/intro.html,5,5,0
/zh-cn/3.13/library/ast.html,5,5,90
/zh-cn/3.13/library/concurrent.futures.html,5,5,0
/zh-cn/3.13/library/csv.html,5,5,0
/zh-cn/3.13/library/gzip.html,5,5,107
/zh-cn/3.13/library/http.server.html,5,5,0
/zh-cn/3.13/library/logging.html,5,5,640
/zh-cn/3.13/library/pathlib.html,5,5,807
/zh-cn/3.13/library/profile.html,5,5,0
/zh-cn/3.13/library/urllib.parse.html,5,5,0
/zh-cn/3.13/library/venv.html,5,5,48
/zh-cn/3.13/py-modindex.html,5,5,369
/zh-cn/3.13/reference/compound_stmts.html,5,5,222
/zh-cn/3.13/reference/import.html,5,6,0
/zh-cn/3.13/tutorial/modules.html,5,5,292
/zh-cn/3.13/using/cmdline.html,5,5,5
/zh-cn/3.13/whatsnew/index.html,5,5,41
/zh-cn/3.14/library/collections.html,5,5,482
