name,visitors,bounce_rate,visit_duration
google.com,5732,81,76
pypi.org,4830,78,65
Direct / None,3155,70,130
jupyter.org,621,80,70
docs.python.org,302,68,154
bing.com,260,80,97
pip.pypa.io/en/stable,215,68,90
duckduckgo.com,197,77,172
search.brave.com,142,72,134
pip.pypa.io/en/stable/installation,135,84,63
docs.astral.sh,131,85,57
peps.python.org,83,75,91
yandex.ru,60,93,29
pip.pypa.io,58,72,37
statics.teams.cdn.office.net,37,70,220
ecosia.org,35,85,21
github.com,34,85,75
huggingface.co,34,89,27
chatgpt.com,30,71,91
ai.google.dev,27,78,136
pip.pypa.io/en/latest,25,62,107
test.pypi.org,24,68,254
pip.pypa.io/en/stable/getting-started,20,44,492
discuss.python.org,18,84,27
google.com.hk,17,88,60
cn.bing.com,16,75,110
youtube.com,15,75,329
pip.pypa.io/en/stable/reference/requirement-specifiers,14,47,6
google.co.uk,12,83,137
pip.pypa.io/en/stable/cli/pip_install,12,92,1
qwant.com,11,82,138
roadmap.sh,11,82,125
setuptools.pypa.io/en/latest/userguide/pyproject_config.html,11,91,0
developers.google.com,10,90,16
pypi.com.cn,9,89,47
github.com/astral-sh/uv/issues/7132,8,88,3
perplexity.ai,8,88,159
python-poetry.org,8,75,74
ya.ru,8,67,223
campusgrado.fi.uba.ar,7,71,53
dev.azure.com,7,100,0
devdocs.ms.com,7,86,3
google.fr,7,86,98
scipy.org,7,83,6
colab.research.google.com,6,100,0
docs.ansible.com,6,100,0
docs.pytest.org/en/stable/reference/reference.html,6,100,0
docs.pytorch.org,6,100,0
google.de,6,67,420
google.ru,6,100,0
pydevtools.com,6,67,381
pypa.io/en/latest,6,67,4
upload.pypi.org,6,67,271
build.pypa.io/en/stable,5,60,12
github.com/pypa/pip,5,100,0
github.com/pypa/sampleproject,5,60,25
maktabkhooneh.org,5,60,81
pip.pypa.io/en/latest/installation,5,100,0
qiita.com,5,80,227
airflow.apache.org,4,75,4
confluence.teslamotors.com,4,75,69
doc.qt.io,4,50,54
docs.pytest.org/en/stable/explanation/goodpractices.html,4,75,90
flask.palletsprojects.com/en/stable/tutorial/install,4,75,178
github.com/astral-sh/uv/issues/5903,4,75,7
github.com/pypi/warehouse/issues/17868,4,75,320
hatch.pypa.io,4,75,680
jinja.palletsprojects.com/en/stable/intro,4,75,76
packaging.pypa.io/en/stable/version.html,4,75,80
pygraphviz.github.io,4,100,0
python.org,4,50,294
search.naver.com,4,100,0
yandex.ru/search,4,25,16
bytedance.larkoffice.com,3,100,0
coccoc.com/search,3,67,223
confluence.wellsfargo.net,3,100,0
docs.pypi.org/api/bigquery,3,67,2
github.com/google/osv-scalibr/pull/1183,3,75,399
google.co.in,3,33,792
jupyter.org/install,3,33,286
learn.scientific-python.org,3,100,0
link.csdn.net,3,100,0
link.zhihu.com,3,67,23
packaging.pypa.io/en/latest/version.html,3,100,0
realpython.com,3,67,11
setuptools.pypa.io/en/latest/userguide/quickstart.html,3,0,639
yandex.by,3,67,0
android-app://com.google.android.googlequicksearchbox,2,100,0
aubio.org,2,50,10
azsmrukloprengsto01.blob.core.windows.net.mcas.ms,2,100,0
baidu.com/link,2,100,0
bbgithub.dev.bloomberg.com,2,75,26
best-practice-and-impact.github.io,2,50,22
betterscientificsoftware.github.io,2,50,2
build.pypa.io,2,100,0
cambrilearn.com,2,100,0
cdm1prepwebf03.azurewebsites.net,2,100,0
cloud.google.com,2,100,0
code.paychex.com,2,100,0
confluence.gtt.fr,2,100,0
confluence.work.gs.com,2,100,0
cs50.readthedocs.io/pip,2,100,0
developer.sbr.gov.au,2,50,153
docs.contact.de,2,100,0
docs.gitlab.com,2,100,0
docs.isaacsim.omniverse.nvidia.com,2,100,0
docs.pypi.org,2,50,88
docs.pypi.org/api/index-api,2,50,40
docs.pypi.org/api/upload,2,100,0
docs.pytest.org,2,0,222
docs.python.org/3/installing/index.html,2,100,0
drep.readthedocs.io/en/latest/installation.html,2,100,0
flask.palletsprojects.com,2,100,0
fprime.jpl.nasa.gov,2,100,0
giottosuite.readthedocs.io/en/master/gettingstarted.html,2,100,0
github.com/Wormdark/sonate_pendu,2,100,0
github.com/astral-sh/uv/issues/11787,2,0,15
github.com/astral-sh/uv/issues/6729,2,100,0
github.com/astral-sh/uv/issues/9011,2,100,0
github.com/facebook/pyrefly/issues/923,2,100,0
github.com/meltano/meltano/releases,2,100,0
github.com/microsoft/pyright/issues/8902,2,100,0
github.com/nevilparmar11/Attendance-Management-System-Using-Face-Recognition/blob/main/README.md,2,75,230
github.com/openai/spinningup/issues/32,2,100,0
github.com/pypa/sampleproject/blob/main/README.md,2,100,0
github.com/retext-project/retext,2,100,0
github.com/robotframework/robotframework/blob/master/INSTALL.rst,2,100,0
github.com/sidhomj/DeepTCR,2,100,0
github.com/vlachoudis/bCNC/wiki/Installation,2,50,24
github.com/wummel/patool/issues/68,2,50,722
google.com/search,2,100,0
google.dk,2,100,0
jcheng.org,2,100,0
jive.ms.com,2,100,0
launchpad.net,2,100,0
login.microsoftonline.com,2,50,2
news.ycombinator.com,2,100,0
open.win.ox.ac.uk,2,100,0
opensource.guide,2,100,0
otp-documentation-portal.pages.ocado.tech,2,100,0
pip.pypa.io/en/stable/index.html,2,100,0
pip.pypa.io/en/stable/user_guide,2,100,0
pixi.sh,2,100,0
pyarmor.readthedocs.io/zh/latest/tutorial/getting-started.html,2,100,0
pyarmor.readthedocs.io/zh/stable/tutorial/getting-started.html,2,100,0
python-markdown.github.io,2,50,5
rushhour.fmr.com,2,33,1030
setuptools.pypa.io/en/latest/userguide/package_discovery.html,2,100,0
sphinx-doc.org/en/master/usage/installation.html,2,100,0
spikeinterface.readthedocs.io/en/stable/get_started/installation.html,2,50,1000
sso.afcent.af.mil,2,50,4
stackoverflow.com,2,100,0
statics.gov.teams.microsoft.us,2,50,12
tutti.prod.bloomberg.com,2,100,0
twine.readthedocs.io/en/stable,2,100,0
twine.readthedocs.io/en/stable/index.html,2,50,136
wiki.pnw.loc,2,0,1080
yuanbao.tencent.com,2,50,6
127.0.0.1,1,0,260
abacus.ai,1,100,0
android-app://com.slack,1,0,210
android-app://org.telegram.messenger,1,100,0
app.readthedocs.org,1,0,1009
auroraenergy.atlassian.net,1,100,0
automationhacks.io,1,100,0
aws.amazon.com,1,100,0
bic-berkeley.github.io,1,100,0
bitbucket.opst.c1.vanguard.com,1,100,0
bitbucketdc-cluster04.jpmchase.net,1,100,0
bits.linode.com,1,100,0
blog.csdn.net/lovechris00/article/details/139691401,1,100,0
blog.naver.com/PostView.naver,1,100,0
builtin.com,1,100,0
ca.search.yahoo.com,1,100,0
cantera.org,1,100,0
cedt-confluence.nam.nsroot.net,1,100,0
cf.jd.com,1,100,0
ciq-documentation.mpsa.com,1,100,0
claude.ai,1,0,1
clickhouse.com/blog/clickhouse-vs-snowflake-for-real-time-analytics-benchmarks-cost-analysis,1,50,3
clouddragon.huawei.com,1,0,186
cltd-jira.cochlear.com,1,0,8
cnb-n1g-1j311tqui-001.cnb.space,1,0,236
cnblogs.com/xuxiaowen1990/p/11224311.html,1,100,0
codecademy.com,1,100,0
commitizen-tools.github.io,1,100,0
community.deeplearning.ai,1,100,0
community.spiceworks.com,1,100,0
conf01.birentech.com,1,0,822
confluence-epicgames.atlassian.net,1,100,0
confluence.analog.com,1,100,0
confluence.barcapint.com,1,100,0
confluence.devops.lloydsbanking.com,1,100,0
confluence.fmr.com,1,0,6
confluence.sgp.dbs.com,1,100,0
confluence.sqpc.sqrpnt.com,1,100,0
confluence.tools.telstra.com,1,100,0
confluence.tttech.com,1,100,0
cpl-legogroup.atlassian.net,1,100,0
cynthion.readthedocs.io/en/latest/getting_started.html,1,100,0
cython.readthedocs.io,1,0,101
databricks.atlassian.net,1,100,0
degreed.com,1,0,18
devcenter.heroku.com,1,100,0
devhub.barclays.intranet,1,100,0
discuss.privacyguides.net,1,100,0
dnmtechs.com,1,100,0
doc.courtbouillon.org,1,100,0
docs.activitywatch.net/en/latest/installing-from-source.html,1,100,0
docs.blender.org,1,100,0
docs.cloudera.com,1,100,0
docs.datadoghq.com/developers/integrations/agent_integration,1,100,0
docs.inedo.com,1,100,0
docs.keysight.com,1,100,0
docs.lumi-supercomputer.eu,1,100,0
docs.nordicsemi.com/bundle/ncs-1.2.0/page/zephyr/guides/beyond-GSG.html,1,100,0
docs.pypi.org/api,1,100,0
docs.pytest.org/en/7.1.x/explanation/goodpractices.html,1,100,0
docs.python.org/3/distributing/index.html,1,0,821
docs.python.org/dev/distributing/index.html,1,100,0
docs.python.org/zh-cn/3.13/installing/index.html,1,0,40
docs.python.org/zh-cn/3.9/library/venv.html,1,100,0
docs.python.org/zh-cn/3/installing/index.html,1,0,56
docs.reask.earth,1,100,0
docs.sqlalchemy.org,1,100,0
docs.vantage6.ai/en/main/algorithms/classic_tutorial.html,1,100,0
docs.zephyrproject.org,1,0,361
doubao.com,1,100,0
enghub.gs.com/happy-path/python/docs/concepts/packaging-guidelines,1,100,0
enphase.atlassian.net,1,100,0
eteamspace.internal.ericsson.com,1,100,0
exceptionfactory.com,1,100,0
facebook.com,1,100,0
fromkk.com,1,100,0
gemini.google.com,1,100,0
generic-mapping-tools.org,1,100,0
github.aexp.com,1,100,0
github.apps.arabellesolutions.com,1,100,0
github.cloud.capitalone.com,1,100,0
github.com/Azure/azure-cli/issues/15381,1,100,0
github.com/DanijelRadakovic/sok/blob/master/01-podesavanje-okruzenja/03-alati.md,1,100,0
github.com/GenomicMedLab/software-templates/issues/116,1,100,0
github.com/Implan-Group/api/tree/main/sampleCode/Python,1,100,0
github.com/JSBSim-Team/jsbsim/blob/master/README.md,1,100,0
github.com/MateenahJAHAN/DeepTCR_Sample,1,100,0
github.com/MolecularAI/maize-contrib,1,100,0
github.com/Mord3rca/gamma-launcher,1,100,0
github.com/OpenDroneMap/PyODM/tree/master,1,100,0
github.com/PackagesForDummies/StarterPack,1,100,0
github.com/PatrickL546/Hydrax-Abyss.to-DownloadHelper-Python,1,100,0
github.com/SeleniumHQ/seleniumhq.github.io/blob/trunk/examples/python/README.md,1,100,0
github.com/SeleniumHQ/seleniumhq.github.io/tree/trunk/examples/python,1,100,0
github.com/allenai/ir_datasets/issues/297,1,0,8
github.com/amzar96/shopee-tracker,1,100,0
github.com/apple/turicreate,1,100,0
github.com/asandeep/airflow-ecr-plugin,1,100,0
github.com/astral-sh/uv/issues/10522,1,100,0
github.com/astral-sh/uv/issues/1360,1,100,0
github.com/astral-sh/uv/issues/2685,1,100,0
github.com/astral-sh/uv/issues/6298,1,100,0
github.com/audreyfeldroy/cookiecutter-pypackage,1,100,0
github.com/badkeys/badkeys,1,100,0
github.com/chaimeleon-eu/guacamole-python-client,1,100,0
github.com/cvat-ai/cvat/issues/839,1,100,0
github.com/dankkom/datasus-fetcher/tree/main,1,100,0
github.com/facebookresearch/dinov3/pull/30,1,100,0
github.com/fail2ban/fail2ban/issues/3999,1,100,0
github.com/fastmachinelearning/hls4ml/issues/1271,1,100,0
github.com/gdamjan/uv-getting-started,1,0,196
github.com/huggingface/optimum-intel,1,0,1525
github.com/hukkin/tomli/tree/b974fa13a96503546e47a895ac123d5c8425bc9a,1,100,0
github.com/ika-rwth-aachen/docker-run,1,100,0
github.com/ipython/ipykernel/pull/1348,1,100,0
github.com/jfrog/project-examples/tree/master/python-example/pip-example,1,100,0
github.com/matplotlib/matplotlib/issues/25244,1,100,0
github.com/microsoft/botbuilder-python,1,100,0
github.com/narwhals-dev/narwhals/pull/2978,1,0,78
github.com/nedbat/pkgsample,1,100,0
github.com/nedbat/pkgsample/blob/main/README.rst,1,100,0
github.com/nyssance/railguns,1,100,0
github.com/openai/whisper/pull/2435,1,100,0
github.com/orgs/nonebot/discussions/31,1,100,0
github.com/psincraian/pepy,1,100,0
github.com/pulp/pulp-docs/pull/118,1,0,58
github.com/punk-security/dnsReaper,1,100,0
github.com/pyinstaller/pyinstaller/issues/5814,1,100,0
github.com/pypa/pip/issues/10528,1,100,0
github.com/pypa/pip/issues/6334,1,100,0
github.com/pypi/warehouse/issues/4036,1,100,0
github.com/python-poetry/poetry/issues/167,1,100,0
github.com/pytorch/pytorch/issues/160949,1,100,0
github.com/robotpy/mostrobotpy,1,100,0
github.com/ros/xacro/issues/368,1,100,0
github.com/sbidoul/pip-deepfreeze,1,100,0
github.com/tableau/connected-apps-jwt-samples/blob/main/python/README.md,1,100,0
github.com/wheelnext/pep_xxx_wheel_variants/issues/69,1,100,0
github.com/yoronneko/qzsl6tool,1,100,0
github.schneider-electric.com,1,100,0
google.be,1,100,0
google.com.tw,1,100,0
