name,visitors
São Paulo,573
Rio de Janeiro,187
Minas Gerais,165
Paraná,117
Bahia,91
Pernambuco,80
Federal District,74
Santa Catarina,69
Rio Grande do Sul,66
Paraíba,60
Ceará,55
Goiás,48
Lisbon,47
Amazonas,31
Espírito Santo,31
Maranhão,28
Pará,28
Rio Grande do Norte,26
Piauí,20
Porto,20
Alagoas,19
Mato Grosso do Sul,18
Mato Grosso,17
Sergipe,15
Luanda,12
Rondônia,11
Florida,10
Praia,9
Braga,7
Tocantins,5
Coimbra,5
Roraima,4
Setúbal,4
Acre,3
Tarrafal de São Nicolau,2
Madrid Autonomous Community,2
Michigan,2
Santa Cruz,1
Amapá,1
Bern,1
Vaud,1
Zürich,1
Guangdong,1
Jiangsu,1
Zhejiang,1
Grand-Est,1
Île-de-France,1
Bissau,1
Leinster,1
Jharkhand,1
Jalisco,1
Yucatán,1
Maputo Province,1
Maputo,1
North Holland,1
Bragança,1
Castelo Branco,1
Leiria,1
Portalegre,1
Santarém,1
Viana do Castelo,1
Moscow,1
Georgia,1
Massachusetts,1
