name,version,visitors
Chrome,144.0,696
Microsoft Edge,144.0,418
Chrome,132.0,383
Firefox,147.0,171
Chrome,143.0,104
Chrome,139.0,103
Opera,126.0,92
Safari,26.2,53
Chrome,117.0,43
Yandex Browser,25.12,40
Mobile App,(not set),39
Microsoft Edge,143.0,39
Chrome,131.0,21
Chrome,136.0,18
Firefox,146.0,18
Chrome,133.0,17
Chrome,111.0,16
Chrome,116.0,15
Chrome,124.0,14
Chrome,142.0,14
Safari,18.6,14
360 Secure Browser,(not set),12
Chrome,145.0,10
Chrome,103.0,9
Chrome,108.0,9
Chrome,120.0,9
Firefox,140.0,9
Safari,26.3,9
Chrome,69.0,9
Sogou Explorer,2,8
Smart Lenovo Browser,9.0,8
Chrome,104.0,7
Chrome,109.0,7
Microsoft Edge,140.0,7
Chrome,141.0,7
Microsoft Edge,142.0,7
Firefox,5.0,7
Chrome,110.0,6
Chrome,140.0,6
Chrome,112.0,5
Chrome,122.0,5
Opera,125.0,5
Chrome,137.0,5
Chrome,138.0,5
Yandex Browser,25.10,5
Chrome,105.0,4
Chrome,106.0,4
Opera,122.0,4
Chrome,127.0,4
Chrome,135.0,4
Firefox,144.0,4
Safari,17.6,4
Safari,26.1,4
Microsoft Edge,92.0,4
Quark,(not set),3
Chrome,107.0,3
Firefox,115.0,3
Microsoft Edge,122.0,3
Firefox,131.0,3
Microsoft Edge,141.0,3
Mobile App,144.0,3
Microsoft Edge,145.0,3
Firefox,145.0,3
Safari,18.3,3
Samsung Browser,29.0,3
Chrome,86.0,3
Konqueror,(not set),2
Quark,10.2,2
Mobile App,104.0,2
Microsoft Edge,109.0,2
Microsoft Edge,123.0,2
Microsoft Edge,126.0,2
Microsoft Edge,129.0,2
Microsoft Edge,134.0,2
Chrome,134.0,2
Firefox,134.0,2
Microsoft Edge,135.0,2
Mobile App,139.0,2
Microsoft Edge,139.0,2
Microsoft Edge,14.14393,2
Firefox,141.0,2
Firefox,142.0,2
Norton Private Browser,143.0,2
Microsoft Edge,146.0,2
Firefox,146.1,2
Firefox,147.2,2
Firefox,148.0,2
Safari,16.6,2
Safari,17.4,2
Safari,18.4,2
Safari,60.5,2
(not set),(not set),1
Chromium,(not set),1
Microsoft Edge,100.0,1
Microsoft Edge,107.0,1
Chrome,113.0,1
Chrome,115.0,1
Chrome,119.0,1
Huawei Browser,12.1,1
Chrome,121.0,1
Firefox,123.0,1
Chrome,125.0,1
Chrome,126.0,1
Microsoft Edge,127.0,1
Firefox,128.0,1
Microsoft Edge,128.0,1
Chrome,128.0,1
QQ Browser,13.5,1
Microsoft Edge,130.0,1
Firefox,133.0,1
Firefox,135.0,1
Firefox,136.0,1
Microsoft Edge,137.0,1
Firefox,138.0,1
Avast Secure Browser,143.0,1
AVG Secure Browser,143.0,1
Firefox,143.0,1
CCleaner,143.0,1
Safari,15.6,1
Safari,17.2,1
Safari,18.1,1
Safari,18.5,1
QQ Browser,20.0,1
QQ Browser,20.1,1
MIUI Browser,20.9,1
Yandex Browser,24.10,1
Yandex Browser,25.2,1
Oppo Browser,4.7,1
Mobile App,55.0,1
QQ Browser,6.2,1
Chrome,79.0,1
Chrome,80.0,1
Firefox,88.0,1
Opera,90.0,1
Chrome,94.0,1
Opera,95.0,1
