name,visitors
Milan,28
Rome,24
Turin,14
Singapore,13
Naples,9
Palermo,7
Florence,7
Bologna,7
The Dalles,6
Modena,4
Verona,3
Venice,3
Padova,3
Monza,3
Baranzate,3
Kyiv,2
Belgrade,2
Saint-Paul,2
Wuxi,2
Shanghai,2
Sciacca,2
Modica,2
Messina,2
Catania,2
Cagliari,2
Reading,2
Zürich,2
Lugano,2
Losone,2
Villasanta,2
Rovato,2
Quattro Castella,2
Pisa,2
Pergine Valsugana,2
Monzambano,2
Monteprandone,2
Massa Lombarda,2
Lomagna,2
Lodi,2
Follina,2
Borgomasino,2
Bari,2
Avellino,2
Ascoli Piceno,2
Los Angeles,2
Rocca San Giovanni,2
Mosul,1
Warsaw,1
Bengaluru,1
Ho Chi Minh City,1
Jiaxing,1
Huzhou,1
Huainan,1
Hefei,1
Hangzhou,1
Fuzhou,1
Dezhou,1
Dalian,1
Chuzhou,1
Hong Kong,1
Valencia,1
Villa San Giovanni,1
San Giovanni Gemini,1
Aci Catena,1
Amsterdam,1
Freudenberg,1
Frankfurt am Main,1
Berlin,1
N/A,1
Nexon,1
Trondheim,1
Udine,1
Treviso,1
Tesero,1
Tarzo,1
Santa Croce di Magliano,1
San Marino,1
San Benedetto del Tronto,1
Reggio nell'Emilia,1
Perugia,1
Pederobba,1
Muggiò,1
Molfetta,1
Modugno,1
Minerbe,1
Martellago,1
Marina di Ravenna,1
Mantova,1
Loreto,1
Livorno,1
La Spezia,1
Genoa,1
Faenza,1
Crespellano,1
Cinisello Balsamo,1
Caserta,1
Caivano,1
Cadoneghe,1
Brescia,1
Bolzano,1
Springfield,1
Boston,1
New York City,1
Caronno Pertusella,1
Inverno e Monteleone,1
San Giorgio delle Pertiche,1
N/A,1
