name,visitors,pageviews,bounce_rate,time_on_page,scroll_depth
/pl/3/tutorial/index.html,30,37,58,24,53
/pl/3/tutorial/datastructures.html,23,22,90,38,43
/pl/3/,16,22,33,8,82
/pl/3/tutorial/controlflow.html,14,12,60,35,21
/pl/3/library/functions.html,13,12,86,50,64
/pl/3/tutorial/appetite.html,12,10,50,131,94
/pl/3/tutorial/inputoutput.html,12,12,83,16,27
/pl/3/tutorial/interpreter.html,12,12,67,132,67
/pl/3.14/whatsnew/3.14.html,11,9,100,22,16
/pl/3/tutorial/introduction.html,10,10,100,180,58
/pl/dev/library/functions.html,10,14,80,36,37
/pl/3/tutorial/venv.html,9,9,50,126,86
/pl/3.14/,8,7,33,17,96
/pl/3.14/tutorial/index.html,7,15,100,76,56
/pl/3.14/tutorial/interpreter.html,7,10,50,31,97
/pl/3/glossary.html,7,4,100,3601,61
/pl/3/installing/index.html,7,7,100,54,57
/pl/3/library/index.html,7,6,0,3595,61
/pl/3/tutorial/,7,8,100,28,79
/pl/3.15/using/windows.html,6,6,0,19,7
/pl/dev/tutorial/classes.html,6,6,83,21,27
/pl/3/tutorial/classes.html,5,5,100,41,39
/pl/3/tutorial/modules.html,5,4,100,28,43
/pl/3.14/index.html,4,2,0,105,100
/pl/3.14/library/logging.html,4,3,0,52,6
/pl/3.14/py-modindex.html,4,4,0,5,28
/pl/3/contents.html,4,5,0,21,51
/pl/3/faq/index.html,4,3,0,4,100
/pl/3/reference/index.html,4,3,0,8983,100
/pl/3/search.html,4,6,0,11,50
/pl/3/tutorial/errors.html,4,3,100,12,19
/pl/3/using/windows.html,4,5,0,94,42
/pl/dev/reference/datamodel.html,4,3,100,7,86
/pl/3.12/installing/index.html,3,3,100,36,65
/pl/3.13/tutorial/controlflow.html,3,3,50,162,52
/pl/3.13/tutorial/modules.html,3,2,100,151,100
/pl/3.14/library/functions.html,3,3,0,5,21
/pl/3.14/library/logging.config.html,3,2,0,3,16
/pl/3.14/tutorial/appetite.html,3,3,0,58,71
/pl/3.14/whatsnew/index.html,3,4,0,10,63
/pl/3/c-api/index.html,3,1,0,8982,29
/pl/3/extending/extending.html,3,3,100,36,11
/pl/3/library/array.html,3,3,67,5,35
/pl/3/library/queue.html,3,3,100,14,100
/pl/dev/search.html,3,7,50,9,68
/pl/dev/tutorial/datastructures.html,3,3,50,35,39
/pl/3.13/library/functions.html,2,3,50,25,78
/pl/3.13/library/tk.html,2,1,0,73,18
/pl/3.13/library/tkinter.colorchooser.html,2,1,0,1,82
/pl/3.13/library/tkinter.html,2,2,0,403,34
/pl/3.13/tutorial/,2,3,0,28,60
/pl/3.13/tutorial/appetite.html,2,2,100,,
/pl/3.13/tutorial/classes.html,2,1,0,85,82
/pl/3.13/tutorial/errors.html,2,1,0,31,16
/pl/3.13/tutorial/introduction.html,2,1,0,40,60
/pl/3.13/tutorial/venv.html,2,1,0,11,78
/pl/3.14/contents.html,2,2,0,2,1
/pl/3.14/download.html,2,1,0,12,100
/pl/3.14/genindex.html,2,1,100,8,100
/pl/3.14/library/argparse.html,2,2,0,8,6
/pl/3.14/library/colorsys.html,2,1,0,4,91
/pl/3.14/library/csv.html,2,2,0,4,12
/pl/3.14/library/index.html,2,3,100,1,8
/pl/3.14/library/io.html,2,1,0,0,4
/pl/3.14/library/math.html,2,1,100,12,5
/pl/3.14/library/secrets.html,2,1,0,0,28
/pl/3.14/library/tarfile.html,2,1,0,1,4
/pl/3.14/library/time.html,2,1,0,0,5
/pl/3.14/library/tk.html,2,1,0,3,12
/pl/3.14/library/venv.html,2,1,0,18,60
/pl/3.14/search.html,2,3,0,2,14
/pl/3.14/tutorial/appendix.html,2,1,0,14,90
/pl/3.14/tutorial/introduction.html,2,1,0,9,12
/pl/3.14/using/windows.html,2,2,0,68,19
/pl/3.15/,2,1,0,17,56
/pl/3/c-api/allocation.html,2,2,0,4,100
/pl/3/c-api/bool.html,2,2,0,4,100
/pl/3/c-api/concrete.html,2,2,0,8,100
/pl/3/c-api/dict.html,2,2,0,11,100
/pl/3/c-api/file.html,2,2,0,4,100
/pl/3/c-api/gen.html,2,2,0,3,100
/pl/3/c-api/hash.html,2,2,0,8,100
/pl/3/c-api/marshal.html,2,2,0,11,100
/pl/3/c-api/reflection.html,2,2,0,6,100
/pl/3/c-api/set.html,2,2,0,5,100
/pl/3/c-api/tuple.html,2,2,0,12,100
/pl/3/download.html,2,3,50,4,76
/pl/3/extending/index.html,2,1,0,17957,100
/pl/3/faq/library.html,2,2,0,21,100
/pl/3/faq/programming.html,2,1,0,6502,22
/pl/3/howto/annotations.html,2,2,0,13,100
/pl/3/howto/argparse-optparse.html,2,2,0,5,100
/pl/3/howto/gdb_helpers.html,2,2,0,14,100
/pl/3/howto/logging-cookbook.html,2,2,0,23,100
/pl/3/index.html,2,2,0,5,100
/pl/3/library/_thread.html,2,2,0,11,100
/pl/3/library/abc.html,2,2,0,11,100
/pl/3/library/aifc.html,2,2,0,3,100
/pl/3/library/allos.html,2,2,0,4,100
/pl/3/library/asynchat.html,2,2,0,6,100
