name,visitors
Chrome,9018
Microsoft Edge,5733
Mobile App,1362
Firefox,1088
Opera,658
Safari,648
Yandex Browser,158
vivo Browser,129
Huawei Browser Mobile,114
Smart Lenovo Browser,87
Quark,59
QQ Browser,53
MIUI Browser,51
Samsung Browser,33
Avast Secure Browser,30
UC Browser,18
Whale Browser,12
(not set),8
Norton Private Browser,7
Sogou Explorer,7
Mobile Silk,6
AVG Secure Browser,5
360 Secure Browser,4
CCleaner,4
Huawei Browser,3
Opera GX,3
Opera Touch,3
CoolBrowser,2
2345 Browser,1
Android Browser,1
Avira Secure Browser,1
Brave,1
Cheetah Browser,1
Lenovo Browser,1
Openwave Mobile Browser,1
Phoenix Browser,1
Sogou Mobile Browser,1
Yahoo! Japan Browser,1
