name,visitors,pageviews,bounce_rate,time_on_page,scroll_depth
/3/,16535,22947,57,20,74
/3/library/functions.html,8725,9510,79,209,43
/3/library/stdtypes.html,8570,9500,79,142,38
/3/tutorial/index.html,7249,9127,61,214,57
/3/library/venv.html,5852,6184,91,86,31
/3/search.html,5802,8635,39,19,45
/3/library/datetime.html,5396,6012,84,59,38
/3/library/index.html,5113,6396,60,42,40
/3/tutorial/datastructures.html,4774,5051,78,88,46
/3/library/re.html,3660,3920,85,81,39
/3/library/tkinter.html,3430,3839,77,53,29
/3/tutorial/controlflow.html,3404,3521,78,251,41
/3/library/typing.html,3279,3494,81,41,27
/3/library/random.html,2993,3160,87,99,33
/3/library/csv.html,2986,3229,88,54,39
/3/library/idle.html,2976,3459,78,58,30
/3/tutorial/,2962,3900,71,28,49
/3/library/pathlib.html,2901,3067,83,63,40
/3/library/turtle.html,2787,3435,83,83,30
/3/library/logging.html,2727,2976,82,230,37
/3/library/argparse.html,2672,2878,83,75,30
/3/library/math.html,2523,2738,84,207,35
/3/library/os.html,2473,2620,75,52,33
/3/tutorial/introduction.html,2441,2451,74,208,58
/3/library/exceptions.html,2330,2383,81,65,46
/3/using/windows.html,2292,2346,80,42,17
/3/tutorial/classes.html,2287,2294,85,89,45
/3/tutorial/errors.html,2271,2318,81,83,37
/3/tutorial/interpreter.html,2241,2337,74,77,76
/3/glossary.html,2167,2184,65,178,50
/3/library/subprocess.html,2120,2351,83,75,31
/3/library/dataclasses.html,2026,2116,86,227,32
/3/library/collections.html,2022,2111,85,74,41
/3/tutorial/inputoutput.html,2007,2051,79,68,48
/3/library/string.html,1857,1914,78,157,42
/3/library/itertools.html,1795,1891,85,60,34
/3/library/time.html,1794,1875,82,45,38
/3/tutorial/appetite.html,1788,1605,51,71,87
/3/reference/datamodel.html,1778,1884,77,88,50
/3/library/multiprocessing.html,1732,1974,80,100,27
/3/whatsnew/3.14.html,1723,1762,74,74,20
/3/library/json.html,1706,1786,87,273,34
/3/library/threading.html,1629,1728,80,113,37
/3/library/asyncio-task.html,1569,1711,80,106,39
/3/tutorial/modules.html,1516,1527,78,161,52
/3/library/enum.html,1497,1626,84,65,34
/3/library/asyncio.html,1488,1691,66,45,71
/3/library/os.path.html,1466,1505,82,64,46
/3/library/unittest.html,1466,1593,86,97,26
/3/library/sqlite3.html,1375,1556,84,78,27
/3/reference/index.html,1320,1569,42,34,67
/3/library/unittest.mock.html,1284,1498,83,80,34
/3/tutorial/venv.html,1275,1318,89,275,54
/3/library/functools.html,1260,1291,86,55,42
/3/howto/sorting.html,1222,1275,80,86,35
/3/library/concurrent.futures.html,1191,1302,82,70,45
/3/library/socket.html,1138,1301,76,365,44
/3/installing/index.html,1098,1035,79,37,58
/3/library/sys.html,1051,1040,79,39,35
/3/py-modindex.html,1022,1178,69,37,50
/3/library/xml.etree.elementtree.html,1018,1210,83,99,35
/3/howto/logging.html,963,996,83,89,40
/3/index.html,958,1030,48,13,76
/3/contents.html,934,985,45,26,13
/3/reference/compound_stmts.html,927,930,74,271,39
/3/library/struct.html,923,990,89,90,44
/3/reference/expressions.html,921,965,81,197,57
/3/library/heapq.html,905,964,86,61,48
/3/library/shutil.html,880,897,83,50,37
/3/library/io.html,866,897,79,82,45
/3/reference/lexical_analysis.html,862,934,78,329,53
/3/library/pickle.html,851,905,87,54,24
/3/library/tempfile.html,787,848,84,51,49
/3/using/cmdline.html,777,768,79,46,37
/3/download.html,747,662,50,28,93
/es/3/tutorial/,731,879,69,40,55
/zh-cn/3/tutorial/index.html,713,915,56,41,59
/3/library/pdb.html,697,757,89,49,34
/3/library/hashlib.html,686,737,82,51,30
/3/library/,679,803,65,37,43
/3/reference/import.html,677,699,82,71,36
/3/library/asyncio-eventloop.html,657,720,75,47,36
/3/using/mac.html,656,694,73,65,50
/3/reference/simple_stmts.html,652,620,72,49,54
/3/library/contextlib.html,649,683,82,58,29
/3/library/abc.html,613,640,86,386,46
/3/howto/regex.html,604,611,85,89,34
/3/library/glob.html,577,580,84,37,59
/3/library/collections.abc.html,568,615,72,40,59
/3/library/copy.html,561,575,88,36,65
/3/library/zipfile.html,560,621,80,58,39
/3/library/queue.html,557,592,79,66,57
/3/library/operator.html,546,555,82,48,47
/3/using/index.html,545,572,50,25,73
/zh-cn/3/,545,642,51,13,78
/3/library/urllib.parse.html,542,583,84,46,46
/3/library/pprint.html,526,524,90,50,37
/3/library/http.server.html,517,571,84,50,44
/3/library/ast.html,500,540,87,73,38
/3/library/decimal.html,496,506,85,80,27
