name,unique_entrances,total_entrances,visit_duration
/3/,16,16,119
/tr/3.13/tutorial/index.html,12,13,472
/3.13/using/windows.html,5,5,67
/tr/3.13/using/windows.html,5,5,0
/tr/3/,5,5,81
/tr/3/installing/index.html,5,5,0
/3/library/index.html,4,4,64
/tr/3.13/tutorial/controlflow.html,4,4,338
/tr/3/tutorial/index.html,4,4,54
/tr/3/tutorial/inputoutput.html,4,4,95
/tr/3.13/library/index.html,3,3,106
/tr/3/tutorial/controlflow.html,3,3,72
/3.13/library/index.html,2,2,130
/3.13/search.html,2,2,569
/3/library/tkinter.ttk.html,2,2,1016
/3/tutorial/,2,2,8
/3/tutorial/index.html,2,2,180
/tr/3.13/,2,2,16
/tr/3.14/howto/sorting.html,2,2,0
/tr/3/library/index.html,2,2,103
/3.13/,1,1,1718
/3.13/index.html,1,1,133
/3.13/reference/compound_stmts.html,1,1,0
/3.13/tutorial/index.html,1,1,11
/3/download.html,1,1,122
/3/library/contextlib.html,1,1,13
/3/library/stdtypes.html,1,1,156
/3/library/turtle.html,1,1,35
/3/library/venv.html,1,1,0
/3/tutorial/classes.html,1,1,64
/3/tutorial/controlflow.html,1,1,0
/3/tutorial/inputoutput.html,1,1,52
/dev/using/windows.html,1,1,62
/tr/3.12/tutorial/appetite.html,1,1,0
/tr/3.12/tutorial/classes.html,1,1,0
/tr/3.12/tutorial/index.html,1,1,12
/tr/3.13/library/exceptions.html,1,1,4
/tr/3.13/library/functions.html,1,1,1060
/tr/3.13/library/numbers.html,1,1,81
/tr/3.13/library/socket.html,1,1,0
/tr/3.13/library/turtle.html,1,1,629
/tr/3.13/library/venv.html,1,1,61
/tr/3.13/search.html,1,1,641
/tr/3.13/tutorial/appetite.html,1,1,0
/tr/3.13/tutorial/interpreter.html,1,1,914
/tr/3.13/tutorial/introduction.html,1,1,2372
/tr/3/genindex-all.html,1,1,0
/tr/3/glossary.html,1,1,0
/tr/3/library/curses.panel.html,1,1,0
/tr/3/library/stdtypes.html,1,1,4
/tr/3/tutorial/datastructures.html,1,1,0
/tr/3/tutorial/errors.html,1,1,0
/tr/3/tutorial/modules.html,1,1,0
/zh-cn/3.13/,1,1,2660
/zh-cn/3.13/whatsnew/changelog.html,1,1,394
/zh-cn/3/,1,1,195
/zh-cn/3/library/index.html,1,1,178
