name,visitors,bounce_rate,visit_duration
google.com,672,74,148
m.baidu.com,434,89,41
Direct / None,357,65,311
bing.com,22,75,310
python.org,22,0,317
wikidocs.net,8,100,0
chatgpt.com,7,75,51
codeup.kr,6,100,0
m.baidu.com/s,6,75,7
namu.wiki,4,75,34
oss.navercorp.com,3,0,1813
perplexity.ai,3,50,158
baidu.com,2,100,0
baidu.com/link,2,100,0
google.co.kr,2,100,0
m.baidu.com/from=1001703a/bd_page_type=1/ssid=0/uid=0/pu=sz%401320_1001%2Cta%40iphone_2_9.0_18_20.9%2Cusm%400/baiduid=25CD57F0206AF9A54F9F52F676B4D0A9/w=0_10_/t=iphone/l=1/tc,2,100,0
m.baidu.com/from=1012852q/bd_page_type=1/ssid=0/uid=0/pu=sz%401320_1004%2Cta%40iphone_2_13.0_11_20.1%2Cusm%400/baiduid=14BAECC59BAEB95D3D5C5AEAB12E1B2E/w=0_10_/t=iphone/l=1/tc,2,100,0
m.baidu.com/from=1013966u/bd_page_type=1/ssid=0/uid=0/pu=usm%400%2Csz%401320_1001%2Cta%40iphone_2_10.0_19_25.6/baiduid=384E9C74C76A38120B4A52FC282D6BD8/w=0_10_/t=iphone/l=1/tc,2,100,0
m.baidu.com/from=1013966u/bd_page_type=1/ssid=0/uid=0/pu=usm%400%2Csz%401320_1001%2Cta%40iphone_2_15.0_19_25.6/baiduid=F30AB8AEA783A13BC674ED5BBE8A323E/w=0_10_/t=iphone/l=1/tc,2,100,0
m.baidu.com/from=1015011p/bd_page_type=1/ssid=0/uid=0/pu=usm%400%2Csz%401320_1001%2Cta%40iphone_2_11.0_24_83.0/baiduid=B3D3707F01BE6BF03F4BF9A5F14FC41B/w=0_10_/t=iphone/l=1/tc,2,100,2
m.baidu.com/from=1020761f/bd_page_type=1/ssid=0/uid=0/pu=sz%401320_1001%2Cta%40iphone_2_10.0_19_25.9%2Cusm%400/baiduid=62EDA9995D4EF3E22878CE9F726CBB66/w=0_10_/t=iphone/l=1/tc,2,100,0
m.baidu.com/from=1020761f/bd_page_type=1/ssid=0/uid=0/pu=usm%400%2Csz%401320_1001%2Cta%40iphone_2_7.1_19_25.1/baiduid=22D7CD22AFC2863A198997DC3AECAC12/w=0_10_/t=iphone/l=1/tc,2,100,0
m.baidu.com/from=1020786r/bd_page_type=1/ssid=0/uid=0/pu=usm%400%2Csz%401320_1001%2Cta%40iphone_2_9.0_19_25.3/baiduid=540D60EF2B6F6CA2AD66A4EEA407EE7A/w=0_10_/t=iphone/l=1/tc,2,100,0
notebooks.githubusercontent.com,2,0,110
all-the-meaning.tistory.com/55,1,100,0
blog.naver.com/PostView.naver,1,0,23
codeit.kr,1,100,0
codingboycc.tistory.com/11,1,100,0
computer-science-student.tistory.com/221,1,100,0
dev-jy.tistory.com/5,1,0,1099
elvanov.com,1,100,0
github.com,1,0,2380
google.com.hk,1,100,0
icmp-ycdi.tistory.com/49,1,100,0
iui-h.goorm.io,1,100,0
jh-bk.tistory.com/40,1,0,2834
jongsky.tistory.com/50,1,100,0
joykim-dev.tistory.com/20,1,100,0
kibua20.tistory.com/68,1,100,0
ktword.co.kr,1,0,142
m.baidu.com/from=0/bd_page_type=1/ssid=0/uid=0/pu=usm%400%2Csz%401320_1001%2Cta%40iphone_2_13.0_24_123.0/baiduid=3BEDE3EA329A5F9E7090BDD9558E9CAC/w=0_10_/t=iphone/l=1/tc,1,0,26
m.baidu.com/from=0/bd_page_type=1/ssid=0/uid=0/pu=usm%400%2Csz%401320_1004%2Cvmgdb%400020100228y/baiduid=1E618C2C6846BB42AEC3D756F107D125/w=0_10_/t=zbios/l=1/tc,1,100,0
m.baidu.com/from=1001192y/bd_page_type=1/ssid=0/uid=0/pu=sz%401320_1001%2Cta%40iphone_2_10.0_28_16.0%2Cusm%400/baiduid=876B1657B4614C87F17F0C263D48641A/w=0_10_/t=iphone/l=1/tc,1,100,0
m.baidu.com/from=1001192y/bd_page_type=1/ssid=0/uid=0/pu=sz%401320_1001%2Cta%40iphone_2_10.0_28_16.0%2Cusm%400/baiduid=89BDE53DD485B68E8AF9A044F17395AE/w=0_10_/t=iphone/l=1/tc,1,0,0
m.baidu.com/from=1001192y/bd_page_type=1/ssid=0/uid=0/pu=usm%400%2Csz%401320_1001%2Cta%40iphone_2_10.0_28_12.1/baiduid=A379DE8189B2B14BDF8954B3E1413FCB/w=0_10_/t=iphone/l=1/tc,1,0,8
m.baidu.com/from=1001192y/bd_page_type=1/ssid=0/uid=0/pu=usm%400%2Csz%401320_1001%2Cta%40iphone_2_10.0_28_16.0/baiduid=0EAF213213E497CA55221117CCCB8AB8/w=0_10_/t=iphone/l=1/tc,1,100,0
m.baidu.com/from=1001192y/bd_page_type=1/ssid=0/uid=0/pu=usm%400%2Csz%401320_1001%2Cta%40iphone_2_10.0_28_16.0/baiduid=5AC2408DA93506FA0D243D38B2E06E5C/w=0_10_/t=iphone/l=1/tc,1,0,30
m.baidu.com/from=1001192y/bd_page_type=1/ssid=0/uid=0/pu=usm%400%2Csz%401320_1001%2Cta%40iphone_2_10.0_28_16.0/baiduid=64D55B647282E061DD2CC63A9052F2CB/w=0_10_/t=iphone/l=1/tc,1,0,42
m.baidu.com/from=1001192y/bd_page_type=1/ssid=0/uid=0/pu=usm%400%2Csz%401320_1001%2Cta%40iphone_2_10.0_28_16.0/baiduid=71C29EC62549AC414EC8ECD99BEA8B25/w=0_10_/t=iphone/l=1/tc,1,100,0
m.baidu.com/from=1001192y/bd_page_type=1/ssid=0/uid=0/pu=usm%400%2Csz%401320_1001%2Cta%40iphone_2_10.0_28_16.0/baiduid=CFC4A0CF148EB4144E4B24D44500078C/w=0_10_/t=iphone/l=1/tc,1,0,0
m.baidu.com/from=1001192y/bd_page_type=1/ssid=0/uid=0/pu=usm%400%2Csz%401320_1001%2Cta%40iphone_2_10.0_28_16.0/baiduid=D58C13B85B5496A27C6F55991022D944/w=0_10_/t=iphone/l=1/tc,1,0,120
m.baidu.com/from=1001192y/bd_page_type=1/ssid=0/uid=0/pu=usm%400%2Csz%401320_1001%2Cta%40iphone_2_10.0_28_16.0/baiduid=E685B8A3B9498971CF67246BE3611A4A/w=0_10_/t=iphone/l=1/tc,1,0,41
m.baidu.com/from=1001192y/bd_page_type=1/ssid=0/uid=0/pu=usm%400%2Csz%401320_1001%2Cta%40iphone_2_12.0_28_14.0/baiduid=B1C1A4FC6DF0B29235513C0ABFF77866/w=0_10_/t=iphone/l=1/tc,1,100,0
m.baidu.com/from=1001192y/bd_page_type=1/ssid=0/uid=0/pu=usm%400%2Csz%401320_1001%2Cta%40iphone_2_12.0_28_16.0/baiduid=1335F4DA35B17A5D8318CEB0E2049206/w=0_10_/t=iphone/l=1/tc,1,0,0
m.baidu.com/from=1001192y/bd_page_type=1/ssid=0/uid=0/pu=usm%400%2Csz%401320_1001%2Cta%40iphone_2_12.0_28_16.0/baiduid=449D35AF2EDE8289A52A0035EDEDF90F/w=0_10_/t=iphone/l=1/tc,1,0,3
m.baidu.com/from=1001192y/bd_page_type=1/ssid=0/uid=0/pu=usm%400%2Csz%401320_1001%2Cta%40iphone_2_12.0_28_16.0/baiduid=70BC9FBCEC943381FE133933D35DEB32/w=0_10_/t=iphone/l=1/tc,1,0,8
m.baidu.com/from=1001192y/bd_page_type=1/ssid=0/uid=0/pu=usm%401%2Csz%401320_1001%2Cta%40iphone_2_12.0_28_16.0/baiduid=EE88B49EC7AC4155130EB857844DBD6A/w=0_10_/t=iphone/l=1/tc,1,0,65
m.baidu.com/from=1001703a/bd_page_type=1/ssid=0/uid=0/pu=sz%401320_1001%2Cta%40iphone_2_10.0_18_40.7%2Cusm%400/baiduid=8E05252F363225AD09224167503F2228/w=0_10_/t=iphone/l=1/tc,1,100,0
m.baidu.com/from=1001703a/bd_page_type=1/ssid=0/uid=0/pu=sz%401320_1001%2Cta%40iphone_2_11.0_18_40.9%2Cusm%401/baiduid=07F6A4704CDA7FAAFEF5FC6E8B62A5D4/w=0_10_/t=iphone/l=1/tc,1,100,0
m.baidu.com/from=1001703a/bd_page_type=1/ssid=0/uid=0/pu=sz%401320_1001%2Cta%40iphone_2_8.1_18_10.9%2Cusm%400/baiduid=359244E806D48E0248B2789316EE954C/w=0_10_/t=iphone/l=1/tc,1,0,7
m.baidu.com/from=1001703a/bd_page_type=1/ssid=0/uid=0/pu=usm%401%2Csz%401320_1001%2Cta%40iphone_2_11.0_18_40.10/baiduid=9E865F659C992636BE2100F9B3C90321/w=0_10_/t=iphone/l=1/tc,1,100,0
m.baidu.com/from=1001703a/bd_page_type=1/ssid=0/uid=0/pu=usm%401%2Csz%401320_1001%2Cta%40iphone_2_14.0_18_40.10/baiduid=36CB985857D745DA41C23EC0878086CF/w=0_10_/t=iphone/l=1/tc,1,0,64
m.baidu.com/from=1001703y/bd_page_type=1/ssid=0/uid=0/pu=usm%400%2Csz%401320_1001%2Cta%40iphone_2_10.0_18_40.8/baiduid=1F7CC0FF3E9C22198983C7911FFDFB9B/w=0_10_/t=iphone/l=1/tc,1,0,4
m.baidu.com/from=1009305b/bd_page_type=1/ssid=0/uid=0/pu=sz%401320_480%2Ccuid%40_ivva0aXHa0IaBuql82ef_uA2il98SuHlaHm80uXSu8RkWan4f2-MtSOA%2Ccua%40_a-qiyuOvig-NEq5I5me6NN02I_Uh2I-_uLpiSLqA%2Cosname%40baiduboxapp%2Cctv%402%2Ccfrom%401009305b%2Ccen%40cuid_cua%2Cc3_aid%40A00-NW5AMRZKPW42RLHSKVZANHVMMMSNQDDP-L5POLM2X%2Cosbranch%40a9%2Ccsrc%40home_box_txt%2Cvmgdb%400020100228y%2Cusm%402/baiduid=03D3C537F48C01D467763859B53A18F2/w=0_10_/t=zbios/l=1/tc,1,100,0
m.baidu.com/from=1012852q/bd_page_type=1/ssid=0/uid=0/pu=usm%400%2Csz%401320_1004%2Cta%40iphone_2_10.0_11_20.1/baiduid=C70FAD3FA0351C15E676B43F723C5877/w=0_10_/t=iphone/l=1/tc,1,0,14
m.baidu.com/from=1013966u/bd_page_type=1/ssid=0/uid=0/pu=usm%400%2Csz%401320_1001%2Cta%40iphone_2_10.0_19_25.9/baiduid=9794756016CA73EE8DDA2B77140558A4/w=0_10_/t=iphone/l=1/tc,1,0,3
m.baidu.com/from=1013966u/bd_page_type=1/ssid=0/uid=0/pu=usm%400%2Csz%401320_1001%2Cta%40iphone_2_11.0_19_25.9/baiduid=CF3845A6D21390BE3C3315149B842A2A/w=0_10_/t=iphone/l=1/tc,1,100,0
m.baidu.com/from=1013966u/bd_page_type=1/ssid=0/uid=0/pu=usm%400%2Csz%401320_1001%2Cta%40iphone_2_13.0_19_25.9/baiduid=5288F1290A8D155513C4BF2D5FB64730/w=0_10_/t=iphone/l=1/tc,1,100,0
m.baidu.com/from=1013966u/bd_page_type=1/ssid=0/uid=0/pu=usm%400%2Csz%401320_1001%2Cta%40iphone_2_14.0_19_25.9/baiduid=B4088A949FA70840F3A1206FBD762717/w=0_10_/t=iphone/l=1/tc,1,0,347
m.baidu.com/from=1013966u/bd_page_type=1/ssid=0/uid=0/pu=usm%400%2Csz%401320_1001%2Cta%40iphone_2_15.0_19_25.4/baiduid=78EC3AEF234CD955FC9D65535DC10216/w=0_10_/t=iphone/l=1/tc,1,100,0
m.baidu.com/from=1013966u/bd_page_type=1/ssid=0/uid=0/pu=usm%401%2Csz%401320_1001%2Cta%40iphone_2_11.0_19_25.6/baiduid=29CEC7DF583C1E2A50A78E426D9332FA/w=0_10_/t=iphone/l=1/tc,1,100,0
m.baidu.com/from=1013966u/bd_page_type=1/ssid=0/uid=0/pu=usm%401%2Csz%401320_1001%2Cta%40iphone_2_12.0_19_25.8/baiduid=E40496A18E9FB54118C2B621D5925429/w=0_10_/t=iphone/l=1/tc,1,100,0
m.baidu.com/from=1015819s/bd_page_type=1/ssid=0/uid=0/pu=sz%401320_1003%2Cta%40iphone_2_14.0_1_18.0%2Cusm%400/baiduid=126A792F34DDC7F6BF4F0FD992EF1321/w=0_20_/t=iphone/l=1/tc,1,100,0
m.baidu.com/from=1016095t/bd_page_type=1/ssid=0/uid=0/pu=usm%401%2Csz%401320_1001%2Cta%40iphone_2_10.0_24_135.0/baiduid=79741A0989960CBC3A842B283AE48538/w=0_20_/t=iphone/l=1/tc,1,100,0
m.baidu.com/from=1019311a/bd_page_type=1/ssid=0/uid=0/pu=usm%400%2Csz%401320_1001%2Cta%40iphone_2_13.0_19_25.7/baiduid=49DBBB3A3BD28195E2C5E63642809A2E/w=0_10_/t=iphone/l=1/tc,1,0,26
m.baidu.com/from=1019311v/bd_page_type=1/ssid=0/uid=0/pu=usm%400%2Csz%401320_1001%2Cta%40iphone_2_14.0_19_22.0/baiduid=8CD66988E0C36E56DA5CBBE462C63AA2/w=0_10_/t=iphone/l=1/tc,1,100,0
m.baidu.com/from=1019311v/bd_page_type=1/ssid=0/uid=0/pu=usm%400%2Csz%401320_1001%2Cta%40iphone_2_7.1_19_20.5/baiduid=620A8CA6E0B46E2D1E2FBAA36B1660E8/w=0_10_/t=iphone/l=1/tc,1,100,0
m.baidu.com/from=1020761f/bd_page_type=1/ssid=0/uid=0/pu=sz%401320_1001%2Cta%40iphone_2_11.0_19_25.9%2Cusm%400/baiduid=4EDF66D2034436F2B9F7D03DCEBC45D7/w=0_10_/t=iphone/l=1/tc,1,0,8
m.baidu.com/from=1020761f/bd_page_type=1/ssid=0/uid=0/pu=sz%401320_1001%2Cta%40iphone_2_8.1_19_25.6%2Cusm%400/baiduid=6904E2B556AE663694F963186E685F5C/w=0_10_/t=iphone/l=1/tc,1,100,0
m.baidu.com/from=1020761f/bd_page_type=1/ssid=0/uid=0/pu=usm%400%2Csz%401320_1001%2Cta%40iphone_2_10.0_19_25.9/baiduid=07A3CEFA439AE8CACD2CCEAFB17E1C67/w=0_10_/t=iphone/l=1/tc,1,0,6
m.baidu.com/from=1020761f/bd_page_type=1/ssid=0/uid=0/pu=usm%400%2Csz%401320_1001%2Cta%40iphone_2_11.0_19_25.9/baiduid=3CC377477C360E5373F96EF8674C036F/w=0_10_/t=iphone/l=1/tc,1,100,0
m.baidu.com/from=1020761f/bd_page_type=1/ssid=0/uid=0/pu=usm%400%2Csz%401320_1001%2Cta%40iphone_2_12.0_19_25.0/baiduid=68D70BC7B1174FCC19185D2A0B5E42AE/w=0_10_/t=iphone/l=1/tc,1,100,0
m.baidu.com/from=1020761f/bd_page_type=1/ssid=0/uid=0/pu=usm%400%2Csz%401320_1001%2Cta%40iphone_2_12.0_19_25.7/baiduid=094C66FC952ADEC3D074487ED5795821/w=0_10_/t=iphone/l=1/tc,1,100,0
m.baidu.com/from=1020761f/bd_page_type=1/ssid=0/uid=0/pu=usm%400%2Csz%401320_1001%2Cta%40iphone_2_13.0_19_25.1/baiduid=C8EC07345F9F72102A5B45DC7E92702E/w=0_10_/t=iphone/l=1/tc,1,100,0
m.baidu.com/from=1020761f/bd_page_type=1/ssid=0/uid=0/pu=usm%400%2Csz%401320_1001%2Cta%40iphone_2_13.0_19_25.2/baiduid=03A3C2227A664A968E9E7B5827E8FA0F/w=0_10_/t=iphone/l=1/tc,1,0,5
m.baidu.com/from=1020761f/bd_page_type=1/ssid=0/uid=0/pu=usm%400%2Csz%401320_1001%2Cta%40iphone_2_13.0_19_25.3/baiduid=88343D1A47AE4F8257D185723FD5A5C1/w=0_10_/t=iphone/l=1/tc,1,100,0
m.baidu.com/from=1020761f/bd_page_type=1/ssid=0/uid=0/pu=usm%400%2Csz%401320_1001%2Cta%40iphone_2_13.0_19_25.9/baiduid=6C5025DAE587B9B6CC4F7F0741E16345/w=0_10_/t=iphone/l=1/tc,1,100,0
m.baidu.com/from=1020761f/bd_page_type=1/ssid=0/uid=0/pu=usm%400%2Csz%401320_1001%2Cta%40iphone_2_6.0_19_10.9/baiduid=083BE82F386A70D395092C35FCADAA24/w=0_10_/t=iphone/l=1/tc,1,100,0
m.baidu.com/from=1020761f/bd_page_type=1/ssid=0/uid=0/pu=usm%400%2Csz%401320_1001%2Cta%40iphone_2_9.0_19_25.9/baiduid=65B2872C5862CF880B2E2A368BB4B900/w=0_10_/t=iphone/l=1/tc,1,0,6
m.baidu.com/from=1020761f/bd_page_type=1/ssid=0/uid=0/pu=usm%401%2Csz%401320_1001%2Cta%40iphone_2_6.0_19_10.8/baiduid=C68202E2CC5BE7ABAA1838D4C1F97E48/w=0_10_/t=iphone/l=1/tc,1,0,10
m.baidu.com/from=1020761f/bd_page_type=1/ssid=0/uid=0/pu=usm%401%2Csz%401320_1001%2Cta%40iphone_2_8.1_19_25.7/baiduid=E782E65B425412A25DF610FA912B811A/w=0_10_/t=iphone/l=1/tc,1,0,9
m.baidu.com/from=1022721b/bd_page_type=1/ssid=0/uid=0/pu=sz%401320_1001%2Cta%40iphone_2_15.0_24_131.0%2Cusm%400/baiduid=6DD8083CA8A554D1DD408BCA662CD1A2/w=0_20_/t=iphone/l=1/tc,1,0,27
m.baidu.com/from=1024043p/bd_page_type=1/ssid=0/uid=0/pu=usm%400%2Csz%401320_220%2Cta%40iphone_5_5.0_28_5.1/baiduid=F7F17B6A0D7E6EC99EEDA96E0AD29D6A/w=0_10_/t=iphone/l=1/tc,1,0,10
m.baidu.com/from=1026295a/bd_page_type=1/ssid=0/uid=0/pu=sz%401320_480%2Ccuid%40la-oijai2a0Qa2isguHGiYamvulguH8_g8vrul8DH884kWapJaWJurGPA%2Ccua%40_avLC_uU2i46ywoUfpw1z4aLXio2as8DgN2w8AqqC%2Cosname%40baiduboxapp%2Cctv%402%2Ccfrom%401026295a%2Ccen%40cuid_cua%2Cc3_aid%40A00-Q3BHV4JJHZSPD6TARNDYIYDRWXH5HEZX-N3F5XUT4%2Cosbranch%40a9%2Ccsrc%40bdbox_tserch_txt%2Cvmgdb%400020100228y%2Cusm%402/baiduid=3D6361DA019B56F94CB65C7410D045FB/w=0_10_/t=zbios/l=1/tc,1,100,0
m.baidu.com/from=1026372p/bd_page_type=1/ssid=0/uid=0/pu=usm%400%2Csz%401320_1004%2Cta%40iphone_2_10.0_26_7.86/baiduid=FEE8035E4B8A80A2575DAA4880AD39D1/w=0_10_/t=iphone/l=1/tc,1,100,0
m.baidu.com/from=1050528x/bd_page_type=1/ssid=0/uid=0PS4iYaNBal6PSirliHKiga9Sa_5a-8o08HhulP3288At28gg9Wfa_9tQOqcC/pu=c3_aid%40A00-7B4OV3SFQRSYSGMFEMQ2YYDESX6DAAAV-UAMJJOGB%2Ccuid%40A8F7848EC9D7ECE065BA2280CDBDB942%7CH004QLD5TLO%2Ccua%40_a-giyaCvig4Imzofpwy6iIB2N_DaX8DouvjhSdHNqqqB%2Ccut%400fQhI0tK-i4gasiDzasl8_ODL8gRIQRilkScOqqqB%2Cosname%40baiduboxapp%2Cctv%402%2Csz%401320_480%2Ccen%40cua_cut%2Ccfrom%401050528x%2Chm_cuid%400%3A%3A%2Cta%40iphone_5_5.0_44_15.14%2Cusm%400/baiduid=923D303204E9565A4AF271346C3E6C18/w=0_10_/t=iphone/l=1/tc,1,0,14
m.baidu.com/from=2001a/bd_page_type=1/ssid=0/uid=0/pu=usm%400%2Csz%401320_1003%2Cta%40iphone_2_13.0_1_18.0/baiduid=8E6E6744EC05D5013C7AEF69F7C2D675/w=0_10_/t=iphone/l=1/tc,1,100,0
m.clien.net,1,100,0
m.clien.net/service/board/kin/17320380,1,100,0
notebooklm.google.com,1,100,0
python.co.kr,1,0,52
python.org/events,1,0,25
python.realjourney.co.kr/entry/Python-%ED%8C%8C%EC%9D%B4%EC%8D%AC-hasattr-%EA%B0%9D%EC%B2%B4-%EC%86%8D%EC%84%B1-%EC%A1%B4%EC%9E%AC-%ED%99%95%EC%9D%B8,1,0,2752
saltyster.com,1,0,20
sdc-james.gitbook.io/onebook/3./3.6./3.6.1.,1,100,0
so.m.sm.cn,1,100,0
sosomemo.tistory.com/79,1,100,0
teenscoding.com/entry/Python-turtle-01-%ED%8C%8C%EC%9D%B4%EC%8D%AC-%ED%84%B0%ED%8B%80-%EB%AA%85%EB%A0%B9%EC%96%B4,1,100,0
typingmind.com,1,0,475
velog.io,1,0,64
