name,unique_entrances,total_entrances,visit_duration
/tr/3/library/codecs.html,17,17,0
/3/,15,15,296
/tr/3/library/socket.html,13,13,0
/tr/3/installing/index.html,10,10,133
/dev/using/windows.html,9,9,241
/tr/3/library/curses.panel.html,9,9,0
/tr/3/library/signal.html,8,8,0
/tr/3/reference/compound_stmts.html,8,8,0
/tr/3/library/reprlib.html,7,7,0
/tr/3.14/,6,6,100
/tr/3/library/markup.html,6,6,0
/tr/3/library/tabnanny.html,6,6,0
/tr/3/library/xml.sax.reader.html,6,6,0
/tr/3/tutorial/index.html,6,6,34
/tr/3/library/email.errors.html,5,5,0
/tr/3/library/persistence.html,5,5,0
/tr/3/library/ssl.html,5,5,0
/tr/3/library/unix.html,5,5,0
/3/library/idle.html,4,4,287
/tr/3/library/email.encoders.html,4,4,0
/tr/3/library/functions.html,4,4,0
/tr/3/library/internet.html,4,4,0
/tr/3/library/os.html,4,4,0
/tr/3/library/pprint.html,4,4,0
/tr/3/tutorial/interpreter.html,4,4,0
/tr/3/glossary.html,3,3,0
/tr/3/library/datatypes.html,3,3,0
/tr/3/library/datetime.html,3,3,0
/tr/3/library/email.html,3,3,0
/tr/3/library/fcntl.html,3,3,0
/tr/3/library/html.html,3,3,0
/tr/3/library/imaplib.html,3,3,0
/tr/3/library/language.html,3,3,0
/tr/3/library/multiprocessing.html,3,3,0
/tr/3/library/pathlib.html,3,3,0
/tr/3/library/posix.html,3,3,0
/tr/3/library/resource.html,3,3,0
/tr/3/library/runpy.html,3,3,0
/tr/3/library/tty.html,3,3,0
/tr/3/library/urllib.robotparser.html,3,3,0
/tr/3/library/winreg.html,3,3,0
/tr/3/library/xml.html,3,3,0
/tr/3/tutorial/errors.html,3,3,0
/3.14/tutorial/,2,2,792
/3/search.html,2,2,920
/3/tutorial/controlflow.html,2,2,11
/3/tutorial/index.html,2,2,1347
/tr/3.13/tutorial/index.html,2,3,507
/tr/3/,2,2,0
/tr/3/contents.html,2,2,50
/tr/3/download.html,2,2,0
/tr/3/library/cgi.html,2,2,0
/tr/3/library/crypt.html,2,2,0
/tr/3/library/crypto.html,2,2,0
/tr/3/library/debug.html,2,2,0
/tr/3/library/devmode.html,2,2,0
/tr/3/library/difflib.html,2,2,0
/tr/3/library/email.compat32-message.html,2,2,0
/tr/3/library/email.generator.html,2,2,470
/tr/3/library/email.header.html,2,2,0
/tr/3/library/email.headerregistry.html,2,2,0
/tr/3/library/email.policy.html,2,2,0
/tr/3/library/idle.html,2,2,0
/tr/3/library/imghdr.html,2,2,0
/tr/3/library/imp.html,2,2,0
/tr/3/library/importlib.metadata.html,2,2,0
/tr/3/library/importlib.resources.html,2,2,0
/tr/3/library/netdata.html,2,2,0
/tr/3/library/plistlib.html,2,2,0
/tr/3/library/poplib.html,2,2,0
/tr/3/library/py_compile.html,2,2,0
/tr/3/library/sqlite3.html,2,2,0
/tr/3/library/struct.html,2,2,0
/tr/3/library/textwrap.html,2,2,0
/tr/3/library/weakref.html,2,2,0
/tr/3/library/zoneinfo.html,2,2,0
/tr/3/tutorial/datastructures.html,2,2,0
/tr/3/whatsnew/2.4.html,2,2,0
/3.13/,1,1,198
/3.13/tutorial/modules.html,1,1,0
/3.14/,1,1,72
/3.14/library/index.html,1,1,39
/3.15/search.html,1,1,80
/3/download.html,1,1,72
/3/glossary.html,1,1,615
/3/library/asyncio.html,1,1,10
/3/library/ensurepip.html,1,1,22
/3/library/pathlib.html,1,1,22
/3/library/random.html,1,1,17
/3/library/time.html,1,1,0
/3/library/tkinter.messagebox.html,1,1,19
/3/tutorial/classes.html,1,1,274
/3/whatsnew/3.13.html,1,1,137
/3/whatsnew/3.14.html,1,1,3499
/tr/3.12/c-api/utilities.html,1,1,0
/tr/3.12/tutorial/classes.html,1,1,0
/tr/3.13/index.html,1,1,0
/tr/3.13/library/idle.html,1,1,0
/tr/3.13/tutorial/interpreter.html,1,1,0
/tr/3.13/tutorial/modules.html,1,1,13
/tr/3.14/download.html,1,1,0
/tr/3.14/genindex-A.html,1,1,0
/tr/3.14/index.html,1,1,18
/tr/3.14/library/asyncio-eventloop.html,1,1,0
/tr/3.14/library/asyncio-stream.html,1,1,0
/tr/3.14/library/functions.html,1,1,5
/tr/3.14/library/idle.html,1,1,0
/tr/3.14/library/random.html,1,1,0
/tr/3.14/library/string.html,1,1,0
/tr/3.14/search.html,1,1,0
/tr/3.14/tutorial/controlflow.html,1,1,13
/tr/3.14/tutorial/index.html,1,1,0
/tr/3.15/using/windows.html,1,1,1233
/tr/3/bugs.html,1,1,0
/tr/3/c-api/buffer.html,1,1,0
/tr/3/c-api/descriptor.html,1,1,0
/tr/3/c-api/exceptions.html,1,1,0
/tr/3/c-api/none.html,1,1,0
/tr/3/c-api/slice.html,1,1,0
/tr/3/c-api/sys.html,1,1,0
/tr/3/c-api/typeobj.html,1,1,0
/tr/3/c-api/unicode.html,1,1,0
/tr/3/howto/curses.html,1,1,0
/tr/3/howto/sorting.html,1,1,0
/tr/3/library/asyncio-policy.html,1,1,0
/tr/3/library/asyncio-protocol.html,1,1,0
/tr/3/library/asyncio-queue.html,1,1,0
/tr/3/library/audioop.html,1,1,0
/tr/3/library/bisect.html,1,1,0
/tr/3/library/calendar.html,1,1,0
/tr/3/library/cmdline.html,1,1,0
/tr/3/library/colorsys.html,1,1,0
/tr/3/library/curses.html,1,1,0
/tr/3/library/dialog.html,1,1,0
/tr/3/library/distutils.html,1,1,0
/tr/3/library/email.charset.html,1,1,0
/tr/3/library/email.message.html,1,1,0
/tr/3/library/email.mime.html,1,1,0
/tr/3/library/email.parser.html,1,1,0
/tr/3/library/filecmp.html,1,1,0
/tr/3/library/glob.html,1,1,0
/tr/3/library/inspect.html,1,1,0
/tr/3/library/intro.html,1,1,0
/tr/3/library/io.html,1,1,0
/tr/3/library/lzma.html,1,1,0
/tr/3/library/mailbox.html,1,1,0
/tr/3/library/modules.html,1,1,0
/tr/3/library/msilib.html,1,1,0
/tr/3/library/msvcrt.html,1,1,0
/tr/3/library/multiprocessing.shared_memory.html,1,1,0
/tr/3/library/netrc.html,1,1,0
/tr/3/library/nis.html,1,1,0
/tr/3/library/pkgutil.html,1,1,0
/tr/3/library/pyexpat.html,1,1,0
/tr/3/library/quopri.html,1,1,0
/tr/3/library/readline.html,1,1,0
/tr/3/library/stringprep.html,1,1,0
/tr/3/library/time.html,1,1,0
/tr/3/library/tkinter.font.html,1,1,0
/tr/3/library/token.html,1,1,0
/tr/3/library/tokenize.html,1,1,0
/tr/3/library/tomllib.html,1,1,0
/tr/3/library/xml.dom.pulldom.html,1,1,0
/tr/3/library/xml.sax.utils.html,1,1,0
/tr/3/library/xmlrpc.client.html,1,1,0
/tr/3/library/xmlrpc.html,1,1,0
/tr/3/library/xmlrpc.server.html,1,1,0
/tr/3/library/zipimport.html,1,1,0
/tr/3/library/zlib.html,1,1,0
/tr/3/search.html,1,1,6
/tr/3/tutorial/appetite.html,1,1,0
/tr/3/tutorial/controlflow.html,1,1,0
/tr/3/tutorial/inputoutput.html,1,1,0
/tr/3/tutorial/introduction.html,1,1,0
/tr/3/tutorial/venv.html,1,1,0
/tr/3/whatsnew/2.1.html,1,1,0
/tr/3/whatsnew/3.1.html,1,1,0
/tr/3/whatsnew/3.2.html,1,1,0
/tr/3/whatsnew/3.6.html,1,1,0
/zh-cn/3.14/,1,1,2
/zh-cn/3/tutorial/errors.html,1,1,4448
