name,unique_exits,total_exits,exit_rate
/ja/3/tutorial/,165,180,
/ja/3/library/codecs.html,163,163,
/ja/3/library/index.html,138,142,
/ja/3/library/functions.html,129,134,
/ja/3/,104,117,
/ja/3/library/stdtypes.html,104,107,
/ja/3.14/library/i18n.html,89,90,
/ja/3/library/re.html,74,76,
/ja/3/library/pathlib.html,68,70,
/ja/3/library/argparse.html,67,71,
/ja/3/tutorial/interpreter.html,65,70,
/ja/3/tutorial/introduction.html,65,67,
/ja/3/bugs.html,60,60,
/ja/3/tutorial/controlflow.html,60,62,
/ja/3/library/random.html,55,55,
/ja/3/library/logging.html,54,54,
/ja/3.13/c-api/capsule.html,51,51,
/ja/3/library/subprocess.html,50,52,
/ja/3/search.html,46,51,
/ja/3/tutorial/datastructures.html,45,47,
/ja/3/library/exceptions.html,42,42,
/ja/3/library/csv.html,40,40,
/ja/3/library/os.html,40,40,
/ja/3/library/datetime.html,39,39,
/ja/3/library/math.html,39,39,
/ja/3/tutorial/index.html,39,39,
/ja/3/library/typing.html,38,39,
/ja/3.15/using/windows.html,35,35,
/ja/3/tutorial/errors.html,35,36,
/ja/3/library/multiprocessing.html,34,34,
/ja/3/library/json.html,33,33,
/ja/3/library/tkinter.html,32,33,
/ja/3/library/sqlite3.html,31,33,
/ja/3/c-api/import.html,30,30,
/ja/3/library/enum.html,30,30,
/ja/3/library/itertools.html,30,31,
/ja/3/library/venv.html,29,30,
/ja/3/tutorial/classes.html,29,30,
/ja/3/library/threading.html,28,29,
/ja/3/reference/index.html,27,27,
/ja/3/library/shutil.html,26,27,
/ja/3.13/library/os.path.html,25,25,
/ja/3/tutorial/appetite.html,25,27,
/ja/3/library/configparser.html,24,24,
/ja/3/library/time.html,24,24,
/ja/3/tutorial/modules.html,24,24,
/ja/3.14/,23,28,
/ja/3/library/tempfile.html,23,22,
/ja/3.13/library/concurrent.futures.html,22,22,
/ja/3.13/library/pathlib.html,22,22,
/ja/3/library/functools.html,22,23,
/ko/dev/c-api/marshal.html,22,22,
/ja/3/library/pprint.html,20,20,
/ja/3/using/windows.html,20,20,
/ja/3/installing/index.html,19,19,
/ja/3/library/os.path.html,19,19,
/ja/3/reference/compound_stmts.html,19,19,
/ja/3.14/tutorial/index.html,18,19,
/ja/3/library/socket.html,18,19,
/ja/dev/library/http.client.html,18,18,
/ja/3.13/library/index.html,17,17,
/ja/3/library/ctypes.html,17,18,
/ja/3/library/io.html,17,17,
/ja/3/library/string.html,17,17,
/ja/3/library/xml.etree.elementtree.html,17,18,
/ja/3.14/search.html,16,16,
/ja/3/howto/sorting.html,16,16,
/ja/3/library/queue.html,16,16,
/ja/dev/howto/unicode.html,16,16,
/dev/using/windows.html,15,15,
/ja/3/glossary.html,15,15,
/ja/3/library/decimal.html,15,15,
/ja/3/library/idle.html,15,15,
/ja/3/tutorial/inputoutput.html,15,15,
/ja/3/howto/logging-cookbook.html,14,15,
/ja/3/index.html,14,14,
/ja/3/library/asyncio-task.html,14,14,
/ja/3/reference/lexical_analysis.html,14,14,
/ja/3/using/cmdline.html,14,15,
/ja/dev/library/urllib.parse.html,14,14,
/3/,13,13,
/ja/3/library/dataclasses.html,13,14,
/ja/3/reference/datamodel.html,13,13,
/ja/3.13/tutorial/index.html,12,12,
/ja/3.14/tutorial/controlflow.html,12,16,
/ja/3/library/contextlib.html,12,12,
/ja/3/library/sys.html,12,12,
/ja/3/reference/introduction.html,12,13,
/ja/dev/library/http.server.html,12,12,
/ja/3.13/glossary.html,11,11,
/ja/3.14/library/hashlib.html,11,11,
/ja/3.14/library/index.html,11,12,
/ja/3/library/abc.html,11,11,
/ja/3/library/ast.html,11,11,
/ja/3/library/hashlib.html,11,11,
/ja/3/library/ssl.html,11,11,
/ja/3/library/traceback.html,11,11,
/ja/3/library/urllib.request.html,11,11,
/ja/3/reference/expressions.html,11,11,
/ja/3/using/ios.html,11,11,
