name,visitors
São Paulo,734
Rio de Janeiro,203
Minas Gerais,158
Paraná,144
Santa Catarina,112
Bahia,107
Pernambuco,102
Federal District,100
Ceará,99
Rio Grande do Sul,93
Goiás,69
Espírito Santo,46
Amazonas,45
Pará,42
Paraíba,40
Lisbon,33
Rio Grande do Norte,32
Piauí,25
Mato Grosso do Sul,24
Mato Grosso,24
Maranhão,23
Porto,18
Sergipe,17
Alagoas,16
Braga,13
Tocantins,11
Luanda,10
Rondônia,9
Roraima,8
Aveiro,6
Leiria,6
Praia,5
Maputo,5
Coimbra,5
Setúbal,5
Acre,4
Amapá,3
Faro,3
Île-de-France,2
Castelo Branco,2
Córdoba,1
Brussels,1
Ontario,1
Quebec,1
Anhui,1
Fujian,1
Guangdong,1
Henan,1
Jiangsu,1
Xinjiang,1
Brandenburg,1
Hesse,1
England,1
Leinster,1
Bihar,1
Delhi,1
Aichi,1
Seoul,1
NO-01,1
Province 3,1
Lima,1
Bragança,1
Santarém,1
Vila Real,1
Viseu,1
Madeira,1
Asunción,1
Florida,1
Louisiana,1
North Carolina,1
New York,1
