name,version,visitors
Chrome,135.0,131
Microsoft Edge,135.0,34
Firefox,137.0,25
Chrome,134.0,16
Opera,117.0,15
Safari,18.3,13
Microsoft Edge,134.0,7
Safari,17.6,4
Safari,18.4,4
Mobile App,(not set),3
Firefox,115.0,3
Firefox,128.0,2
Firefox,134.0,2
Safari,18.1,2
Opera,109.0,1
Samsung Browser,11.0,1
Microsoft Edge,119.0,1
Firefox,120.0,1
Chrome,122.0,1
Microsoft Edge,128.0,1
Firefox,131.0,1
Microsoft Edge,131.0,1
Chrome,133.0,1
Firefox,135.0,1
Mobile App,135.0,1
Firefox,136.0,1
Safari,17.1,1
Safari,17.10,1
Safari,18.2,1
Opera,88.0,1
