name,visitors,pageviews,bounce_rate,time_on_page,scroll_depth
/pl/3/tutorial/datastructures.html,47,57,80,82,41
/pl/3/tutorial/index.html,33,55,70,53,55
/pl/dev/library/turtle.html,30,45,65,56,15
/pl/3/tutorial/modules.html,15,24,75,100,41
/pl/3/tutorial/introduction.html,14,19,73,81,54
/pl/3/tutorial/appetite.html,13,17,88,128,98
/pl/3/tutorial/controlflow.html,13,17,88,118,26
/pl/dev/tutorial/classes.html,11,13,70,43,53
/pl/dev/tutorial/inputoutput.html,9,10,71,26,43
/pl/3.13/,8,11,0,16,87
/pl/3/installing/index.html,8,8,100,33,66
/pl/3/tutorial/interpreter.html,7,8,50,40,89
/pl/3.13/library/index.html,6,15,33,41,45
/pl/3/tutorial/,6,6,100,15,42
/pl/3/tutorial/venv.html,6,6,100,34,60
/pl/dev/tutorial/datastructures.html,6,6,83,50,26
/pl/3.13/tutorial/introduction.html,5,6,100,107,48
/pl/3/,5,6,25,22,81
/pl/3/extending/extending.html,5,5,60,93,58
/pl/3/search.html,5,23,0,34,86
/pl/3/tutorial/errors.html,5,7,100,14,18
/pl/3.13/library/stdtypes.html,4,4,0,117,61
/pl/3.13/tutorial/appetite.html,4,4,0,11,80
/pl/3/c-api/index.html,4,6,50,18,52
/pl/3/library/stdtypes.html,4,7,100,117,28
/pl/3/tutorial/classes.html,4,5,100,44,39
/pl/dev/library/functions.html,4,4,100,18,62
/pl/dev/search.html,4,18,0,38,96
/pl/3.13/library/functions.html,3,4,0,85,86
/pl/3.13/library/intro.html,3,4,0,57,91
/pl/3.13/library/tkinter.html,3,4,0,36,22
/pl/3.13/search.html,3,3,0,14,55
/pl/3.13/tutorial/index.html,3,4,0,17,47
/pl/3.13/tutorial/interpreter.html,3,4,0,62,100
/pl/3/contents.html,3,3,0,33,4
/pl/3/library/functions.html,3,3,100,70,53
/pl/3/library/index.html,3,3,100,19,54
/pl/3/tutorial/inputoutput.html,3,4,50,91,21
/pl/3.12/tutorial/index.html,2,2,100,16,60
/pl/3.12/tutorial/introduction.html,2,3,50,143,100
/pl/3.13/contents.html,2,3,0,21,4
/pl/3.13/library/constants.html,2,3,0,13,100
/pl/3.13/library/math.html,2,2,0,32,25
/pl/3.13/library/turtle.html,2,2,100,49,9
/pl/3.13/tutorial/,2,2,0,25,78
/pl/3.13/tutorial/errors.html,2,2,100,42,34
/pl/3/c-api/intro.html,2,2,0,377,22
/pl/3/library/array.html,2,2,100,4,58
/pl/3/reference/index.html,2,2,0,276,100
/pl/3/tutorial/floatingpoint.html,2,2,100,53,66
/pl/3/tutorial/stdlib.html,2,3,0,13,54
/pl/3.12/library/getpass.html,1,1,0,11,100
/pl/3.12/tutorial/appetite.html,1,3,0,12,24
/pl/3.12/tutorial/errors.html,1,1,0,39,18
/pl/3.13/howto/unicode.html,1,1,0,2,5
/pl/3.13/installing/index.html,1,1,0,49,69
/pl/3.13/library/curses.panel.html,1,1,0,3,30
/pl/3.13/library/datetime.html,1,2,0,7,83
/pl/3.13/library/decimal.html,1,1,0,41,84
/pl/3.13/library/development.html,1,1,0,48,98
/pl/3.13/library/getpass.html,1,2,0,1111,100
/pl/3.13/library/idle.html,1,1,0,10,3
/pl/3.13/library/imp.html,1,1,100,19,100
/pl/3.13/library/numbers.html,1,1,0,7,59
/pl/3.13/library/os.html,1,1,100,7,53
/pl/3.13/library/plistlib.html,1,1,0,19,100
/pl/3.13/library/socket.html,1,2,0,20,3
/pl/3.13/library/tkinter.ttk.html,1,1,0,7,48
/pl/3.13/library/tomllib.html,1,1,0,23,100
/pl/3.13/library/unicodedata.html,1,1,0,8,39
/pl/3.13/reference/lexical_analysis.html,1,1,0,55,89
/pl/3.13/tutorial/controlflow.html,1,1,0,45,21
/pl/3.13/tutorial/inputoutput.html,1,1,100,25,47
/pl/3.13/tutorial/modules.html,1,2,0,9,4
/pl/3.13/tutorial/venv.html,1,1,100,8,32
/pl/3.13/using/index.html,1,1,0,9,100
/pl/3.13/using/mac.html,1,2,0,164,100
/pl/3.13/using/windows.html,1,1,100,,
/pl/3.13/whatsnew/3.13.html,1,1,0,4,1
/pl/3.14/library/getpass.html,1,1,0,7,100
/pl/3.14/library/io.html,1,1,0,110,100
/pl/3.14/library/turtle.html,1,1,100,,
/pl/3.14/whatsnew/3.14.html,1,1,0,199,29
/pl/3.14/whatsnew/index.html,1,1,0,3,7
/pl/3/c-api/memory.html,1,1,0,25,98
/pl/3/extending/index.html,1,1,0,1,32
/pl/3/genindex-S.html,1,1,0,8,39
/pl/3/genindex.html,1,1,0,4,100
/pl/3/glossary.html,1,1,0,35,75
/pl/3/index.html,1,1,0,4,83
/pl/3/library/string.html,1,1,0,17,14
/pl/3/reference/datamodel.html,1,1,100,3,1
/pl/3/reference/expressions.html,1,1,0,21,14
/pl/3/reference/grammar.html,1,1,0,34,11
/pl/3/reference/import.html,1,1,100,129,3
/pl/3/tutorial/appendix.html,1,1,0,18,100
/pl/3/tutorial/stdlib2.html,1,2,0,4,12
/pl/3/using/index.html,1,1,100,,
/pl/3/whatsnew/3.11.html,1,1,100,1,2
/pl/dev/contents.html,1,1,0,2,1
