name,visitors
Tokyo,948
Taipei,390
Bogotá,305
São Paulo,267
Kyiv,254
Hyderabad,222
Osaka,222
Beijing,219
Bengaluru,201
Shanghai,200
Guangzhou,198
Madrid,190
Paris,187
N/A,187
Singapore,142
Medellín,137
Hong Kong,127
Chennai,126
Lima,123
Moscow,115
Yokohama,114
Hanoi,109
Mumbai,106
Lviv,103
Pune,97
Taichung,96
Santiago,96
Hsinchu,93
New Delhi,88
Kaohsiung,87
Shenzhen,86
Seoul,82
Ho Chi Minh City,80
Tashkent,79
Barcelona,76
Delhi,75
Nairobi,74
Rio de Janeiro,73
Los Angeles,73
Wuhan,67
Istanbul,66
Hangzhou,65
Nagoya,65
Dnipro,64
Taoyuan,60
Atsugi,60
Kolkata,56
Chengdu,55
Cali,54
Brasília,53
Milan,51
Toronto,51
Xi’an,49
Cairo,47
Suwon,47
Mexico City,47
Odessa,46
Nanjing,46
Gangnam-gu,46
Kyoto,46
Sapporo,46
Jakarta,45
Curitiba,45
Kuala Lumpur,44
Quito,44
Vinnytsya,43
Cape Town,43
Belo Horizonte,43
Recife,42
San Jose,42
Guatemala City,41
Nakano,41
Sydney,40
Melbourne,40
Warsaw,39
Lucknow,39
Ahmedabad,39
Bangkok,39
Tainan,39
Gustavo Adolfo Madero,39
Zhengzhou,38
Casablanca,38
Kharkiv,37
Seongnam-si,37
Lagos,37
Tel Aviv,36
Baku,36
Jaipur,36
Fortaleza,36
Monterrey,36
Brussels,34
Benito Juarez,34
Tianjin,33
San José,33
Riyadh,32
Lahore,32
Dhaka,32
Sano,32
Accra,32
Buenos Aires,32
Johannesburg,31
Coimbatore,31
Lisbon,31
New York City,31
Dubai,30
Montréal,30
Surat,29
Suzhou,29
Frankfurt am Main,29
Caracas,29
Houston,29
Lyon,28
Buenos Aires,28
Seattle,28
Bishkek,27
Valencia,27
Rome,27
Kryvyy Rih,26
Cochin,26
Guiyang,26
Changsha,26
Ha Kwai Chung,26
Kawasaki,26
Tunis,26
Berlin,26
Santo Domingo,26
Yongin-si,26
Honchō,26
Kobe,25
Dakar,25
Santiago de Querétaro,25
Seocho-gu,25
Saint Petersburg,24
Karachi,24
Chongqing,24
Kawaguchi,24
Tsukuba,24
Abidjan,24
London,24
Salvador,24
Guadalajara,24
Chicago,24
Indore,23
Almaty,23
Prague,23
Puebla,23
Azcapotzalco,23
Guayaquil,23
Chernivtsi,22
Toulouse,22
Tsurumaki,22
Ankara,21
Minsk,21
Zaporizhzhya,21
Ludhiāna,21
Zhongli,21
Xiamen,21
Gwanak-gu,21
Katsushika Ku,21
Hiroshima,21
Adachi Ku,21
Perth,21
Sevilla,21
Vienna,21
Montpellier,21
Budapest,21
Porto Alegre,21
Goiânia,21
San Salvador,21
Bucaramanga,21
Miami,21
Noida,21
Helsinki,20
Islamabad,20
Colombo,20
Bhopāl,20
Chang-hua,20
Qingdao,20
Jinan,20
Abuja,20
Munich,20
Zapopan,20
Tijuana,20
Dallas,20
Tehran,19
Addis Ababa,19
Mykolayiv,19
Cherkasy,19
Banqiao,19
Kowloon City,19
Edogawa Ku,19
Marseille,19
Panamá,19
Uehara,19
Poltava,18
Kathmandu,18
Macau,18
Yongin-si,18
Fukuoka,18
Göteborg,18
Coyoacán,18
Pereira,18
Santa Cruz de la Sierra,18
Atlanta,18
Athens,17
Petaling Jaya,17
Wuxi,17
Kunming,17
Tochigi,17
Kameido,17
Amsterdam,17
Natal,17
Aobadai,17
Rivne,16
Thiruvananthapuram,16
Patna,16
Yekaterinburg,16
Nur-Sultan,16
Izumi-honchō,16
Sendai,16
Grenoble,16
Bordeaux,16
Zagreb,16
Montevideo,16
Tlaxcala,16
Ciudad Juárez,16
Yuseong-gu,16
Futako,16
Amman,15
Abu Dhabi,15
Riga,15
Kropyvnytskyy,15
Ivano-Frankivsk,15
Belgrade,15
Vadodara,15
Gurgaon,15
Bhubaneshwar,15
Quezon City,15
Hefei,15
Dongguan,15
Dongjak-gu,15
Shinjuku-ku,15
Arakawa Ku,15
Kinshasa,15
Málaga,15
Dublin,15
Nantes,15
Zaragoza,15
Santo André,15
Tuxtla,15
Iztapalapa,15
Barranquilla,15
San Diego,15
Roppongi,15
Baghdad,14
Krasnodar,14
Sumy,14
Antananarivo,14
Chandīgarh,14
Da Nang,14
Zhubei,14
Yeongdeungpo-gu,14
Incheon,14
Hwaseong-si,14
Musashino,14
Matsudo,14
Maebashi,14
Chigasaki,14
Porto,14
Rennes,14
A Coruña,14
João Pessoa,14
Campinas,14
Manaus,14
Córdoba,14
La Paz,14
Phoenix,14
San Francisco,14
Denver,14
Songpa-gu,14
Ogaki,14
Jeddah,13
Samara,13
Nizhniy Novgorod,13
Novosibirsk,13
Mapo-gu,13
Goyang-si,13
Kashiwa,13
Luanda,13
Zürich,13
Stockholm,13
Montmélian,13
Lille,13
Asnières-sur-Seine,13
Kraków,13
Aracaju,13
Havana,13
Concepción,13
Lima,13
San Luis Potosí,13
