name,unique_exits,total_exits,exit_rate
/pt-br/latest/guides/installing-using-pip-and-virtual-environments/,11,11,
/pt-br/latest/tutorials/installing-packages/,10,10,
/pt-br/latest/guides/writing-pyproject-toml/,7,8,
/en/latest/tutorials/installing-packages/,4,4,
/pt-br/latest/guides/installing-using-virtualenv/,4,4,
/pt-br/latest/,3,3,
/pt-br/latest/discussions/src-layout-vs-flat-layout/,3,3,
/pt-br/latest/glossary/,3,3,
/pt-br/latest/tutorials/managing-dependencies/,3,3,
/en/latest/,2,2,
/pt-br/latest/specifications/externally-managed-environments/,2,2,
/en/latest/guides/installing-using-virtualenv/,1,1,
/en/latest/specifications/binary-distribution-format/,1,1,
/en/latest/specifications/version-specifiers/,1,1,
/ja/latest/tutorials/installing-packages/,1,1,
/pt-br/latest/discussions/deploying-python-applications/,1,1,
/pt-br/latest/discussions/setup-py-deprecated/,1,1,
/pt-br/latest/discussions/versioning/,1,1,
/pt-br/latest/guides/distributing-packages-using-setuptools/,1,1,
/pt-br/latest/guides/installing-stand-alone-command-line-tools/,1,1,
/pt-br/latest/overview/,1,1,
/pt-br/latest/specifications/binary-distribution-format/,1,1,
/pt-br/latest/specifications/platform-compatibility-tags/,1,1,
/pt-br/latest/specifications/pyproject-toml/,1,1,
/pt-br/latest/specifications/version-specifiers/,1,1,
/pt-br/latest/tutorials/packaging-projects/,1,1,
