name,visitors
Chrome,8316
Microsoft Edge,4332
Firefox,1269
Safari,823
Opera,760
Mobile App,313
Yandex Browser,262
Avast Secure Browser,42
Smart Lenovo Browser,36
Samsung Browser,34
QQ Browser,30
Quark,27
AVG Secure Browser,21
Huawei Browser Mobile,17
MIUI Browser,16
Sogou Explorer,10
Huawei Browser,9
Whale Browser,9
360 Secure Browser,5
CCleaner,5
UC Browser,5
(not set),4
Avira Secure Browser,3
Norton Private Browser,3
vivo Browser,3
Android Browser,2
Mobile Silk,2
Opera GX,2
Atom,1
DuckDuckGo Privacy Browser,1
Ecosia,1
Iron,1
Oculus Browser,1
Opera Touch,1
Pale Moon,1
Phoenix Browser,1
QtWebEngine,1
Sleipnir,1
Waterfox,1
