name,version,visitors
Chrome,132.0,5301
Microsoft Edge,132.0,3539
Chrome,133.0,1852
Firefox,135.0,807
Opera,116.0,644
Chrome,131.0,466
Microsoft Edge,133.0,344
Safari,18.3,291
Firefox,134.0,268
Yandex Browser,24.12,223
Chrome,122.0,206
Microsoft Edge,131.0,189
Safari,18.1,156
Mobile App,132.0,151
Mobile App,(not set),119
Chrome,109.0,119
Safari,17.6,85
Safari,18.2,81
Firefox,128.0,56
Opera,114.0,55
Opera,115.0,38
Chrome,128.0,36
Avast Secure Browser,131.0,36
Safari,17.5,36
Smart Lenovo Browser,9.0,36
Firefox,133.0,32
Yandex Browser,25.2,31
Samsung Browser,27.0,31
Chrome,121.0,30
Chrome,130.0,30
Safari,16.6,30
Microsoft Edge,127.0,29
Safari,18.0,29
Microsoft Edge,130.0,28
Microsoft Edge,92.0,27
Chrome,126.0,25
Quark,(not set),24
Chrome,114.0,24
Safari,15.6,24
QQ Browser,13.5,23
Chrome,129.0,22
AVG Secure Browser,131.0,21
Microsoft Edge,126.0,20
Firefox,115.0,19
Microsoft Edge,128.0,18
Microsoft Edge,129.0,18
Firefox,136.0,18
Chrome,123.0,16
Chrome,127.0,16
Huawei Browser Mobile,15.0,15
Chrome,86.0,14
Chrome,116.0,13
Chrome,119.0,13
Firefox,129.0,13
Chrome,124.0,12
Chrome,118.0,11
Microsoft Edge,124.0,11
Chrome,125.0,11
Chrome,120.0,10
Sogou Explorer,2,10
Chrome,101.0,9
Huawei Browser,12.1,9
Microsoft Edge,122.0,9
Chrome,135.0,9
Microsoft Edge,125.0,8
Firefox,127.0,8
Safari,16.1,8
Safari,17.3,8
Safari,17.4,8
Microsoft Edge,100.0,7
Microsoft Edge,109.0,7
Safari,13.1,7
Firefox,132.0,7
Safari,16.3,7
Safari,17.2,7
Whale Browser,4.29,7
Mobile App,97.0,7
Chrome,108.0,6
Microsoft Edge,18.17763,6
Microsoft Edge,18.18362,6
Microsoft Edge,18.18363,6
MIUI Browser,19.0,6
360 Secure Browser,(not set),5
Safari,(not set),5
Chrome,103.0,5
Chrome,117.0,5
Microsoft Edge,118.0,5
Firefox,122.0,5
Microsoft Edge,123.0,5
CCleaner,131.0,5
Firefox,131.0,5
Chrome,134.0,5
Safari,15.4,5
Safari,16.0,5
UC Browser,17.3,5
Yandex Browser,24.10,5
Opera,95.0,5
(not set),(not set),4
Opera,101.0,4
Chrome,107.0,4
Microsoft Edge,113.0,4
Mobile App,117.0,4
Microsoft Edge,119.0,4
MIUI Browser,14.28,4
Safari,16.5,4
Safari,17.0,4
Safari,17.7,4
Mobile App,99.0,4
Chrome,104.0,3
Chrome,110.0,3
Opera,113.0,3
Firefox,113.0,3
Chrome,113.0,3
Microsoft Edge,117.0,3
Norton Private Browser,131.0,3
Mobile App,131.0,3
Avira Secure Browser,131.0,3
Avast Secure Browser,132.0,3
Mobile App,133.0,3
Safari,17.1,3
Safari,17.10,3
Microsoft Edge,17.17134,3
Safari,17.8,3
Quark,7.7,3
Mobile App,81.0,3
Mobile App,83.0,3
Microsoft Edge,84.0,3
Microsoft Edge,89.0,3
Chrome,94.0,3
Chrome,98.0,3
Android Browser,(not set),2
Firefox,102.0,2
Chrome,111.0,2
Microsoft Edge,111.0,2
Microsoft Edge,112.0,2
Mobile App,114.0,2
Chrome,115.0,2
Mobile App,116.0,2
Microsoft Edge,116.0,2
Firefox,120.0,2
Microsoft Edge,120.0,2
Microsoft Edge,121.0,2
Firefox,126.0,2
Mobile App,127.0,2
Firefox,130.0,2
Mobile App,130.0,2
Mobile Silk,130.7,2
Microsoft Edge,134.0,2
Microsoft Edge,14.14393,2
MIUI Browser,14.25,2
MIUI Browser,14.26,2
Safari,15.0,2
Microsoft Edge,15.15063,2
Safari,15.5,2
Safari,16.4,2
Opera GX,2.7,2
Mobile App,52.0,2
QQ Browser,6.2,2
Chrome,79.0,2
Opera,82.0,2
Chrome,83.0,2
Chrome,84.0,2
Chrome,87.0,2
Opera,87.0,2
Chrome,88.0,2
Firefox,91.0,2
Microsoft Edge,91.0,2
Chrome,99.0,2
Ecosia,10.5,1
Firefox,100.0,1
Mobile App,101.0,1
Mobile App,103.0,1
Microsoft Edge,104.0,1
Microsoft Edge,105.0,1
Chrome,105.0,1
Microsoft Edge,106.0,1
Chrome,106.0,1
Firefox,106.0,1
Opera,108.0,1
Microsoft Edge,108.0,1
Avast Secure Browser,109.0,1
Opera,109.0,1
Firefox,109.0,1
Huawei Browser Mobile,11.1,1
Opera,110.0,1
Firefox,110.0,1
Opera,111.0,1
Firefox,111.0,1
Chrome,112.0,1
Firefox,112.0,1
Microsoft Edge,114.0,1
Microsoft Edge,115.0,1
Firefox,116.0,1
Mobile App,118.0,1
Firefox,118.0,1
Mobile App,119.0,1
Firefox,121.0,1
Firefox,123.0,1
Firefox,124.0,1
Firefox,125.0,1
Avast Secure Browser,127.0,1
Iron,129.0,1
QQ Browser,13.1,1
QQ Browser,13.2,1
MIUI Browser,13.25,1
QQ Browser,13.3,1
QQ Browser,13.4,1
Avast Secure Browser,130.0,1
Microsoft Edge,132,1
Firefox,134.1,1
Safari,14.0,1
Safari,14.1,1
Safari,15.2,1
QQ Browser,15.9,1
Phoenix Browser,17.5,1
MIUI Browser,17.6,1
Microsoft Edge,18.19043,1
Safari,18.4,1
vivo Browser,22.9,1
vivo Browser,23.1,1
vivo Browser,23.2,1
Yandex Browser,24.123,1
Yandex Browser,24.6,1
Yandex Browser,25.20,1
Atom,26.0,1
Samsung Browser,26.0,1
Samsung Browser,27.1,1
Samsung Browser,3.0,1
Whale Browser,3.28,1
Sleipnir,3.7,1
Whale Browser,3.7,1
Pale Moon,33.6,1
Oculus Browser,36.5,1
Huawei Browser Mobile,5.1,1
Opera Touch,5.3,1
Chrome,55.0,1
Waterfox,56.6,1
QtWebEngine,6.8,1
Chrome,63.0,1
Chrome,66.0,1
Chrome,69.0,1
DuckDuckGo Privacy Browser,7,1
Chrome,70.0,1
Firefox,72.0,1
Chrome,74.0,1
Firefox,78.0,1
Mobile App,78.0,1
Opera,79.0,1
Chrome,80.0,1
Microsoft Edge,83.0,1
Opera,84.0,1
Opera,88.0,1
Firefox,89.0,1
Chrome,90.0,1
Microsoft Edge,90.0,1
Chrome,91.0,1
Firefox,92.0,1
Mobile App,92.0,1
Chrome,92.0,1
Microsoft Edge,93.0,1
Microsoft Edge,94.0,1
Chrome,95.0,1
Chrome,97.0,1
Firefox,99.0,1
