name,visitors
China,777
United States,621
Singapore,513
India,282
Russian Federation,225
Japan,222
Germany,178
United Kingdom,134
France,125
Brazil,96
Vietnam,93
Canada,84
Hong Kong,83
Poland,83
Netherlands,65
Italy,63
Ukraine,62
South Korea,60
Taiwan,56
Spain,52
Sweden,42
Switzerland,33
Mexico,31
Czechia,27
Argentina,25
Finland,22
Australia,21
Belgium,20
Colombia,20
Indonesia,19
Turkey,19
Austria,18
Portugal,18
Peru,16
Romania,15
Denmark,14
Israel,14
Thailand,14
Belarus,13
Ireland,12
Iran,12
Chile,11
Hungary,11
Philippines,11
Pakistan,10
Saudi Arabia,10
Egypt,9
Greece,9
Kazakhstan,9
Nigeria,9
Kenya,8
Kyrgyzstan,8
Norway,8
Uzbekistan,8
Ethiopia,7
Serbia,7
Bangladesh,6
Algeria,6
Bulgaria,5
Ecuador,5
Croatia,5
Cambodia,5
Lebanon,5
Sri Lanka,5
New Zealand,5
Cyprus,4
Lithuania,4
Morocco,4
Slovakia,4
Tunisia,4
United Arab Emirates,3
Armenia,3
Montenegro,3
Myanmar,3
Mauritius,3
Nepal,3
Uganda,3
South Africa,3
Bahrain,2
Côte d'Ivoire,2
Cuba,2
Cabo Verde,2
Georgia,2
Iraq,2
Luxembourg,2
Latvia,2
Libya,2
Moldova,2
Madagascar,2
Mongolia,2
Malta,2
Malawi,2
Réunion,2
Slovenia,2
Somalia,2
Tanzania,2
Venezuela,2
Yemen,2
Angola,1
Azerbaijan,1
Bolivia,1
Cameroon,1
Dominican Republic,1
Estonia,1
Ghana,1
Guatemala,1
Malaysia,1
Oman,1
Panama,1
Senegal,1
South Sudan,1
Syria,1
Tajikistan,1
Uruguay,1
