name,visitors,pageviews,bounce_rate,time_on_page,scroll_depth
/3.14/whatsnew/3.14.html,811,1114,72,163,25
/3.14/,587,831,42,13,75
/3.14/tutorial/index.html,205,269,58,35,53
/3.14/using/windows.html,196,260,74,88,29
/3.14/index.html,68,87,50,11,68
/3.14/search.html,55,102,67,25,73
/zh-cn/3.14/,55,89,50,14,84
/3.14/reference/compound_stmts.html,46,55,75,74,24
/3.14/library/index.html,41,62,50,20,45
/zh-cn/3.14/tutorial/index.html,36,52,40,38,67
/3.14/whatsnew/3.13.html,31,35,60,27,16
/3.14/tutorial/appetite.html,28,34,71,19,82
/3.14/tutorial/interpreter.html,27,36,75,54,71
/3.14/library/annotationlib.html,25,29,57,69,53
/3.14/library/functions.html,25,27,50,34,35
/3.14/installing/index.html,23,26,50,28,67
/3.14/tutorial/,23,33,52,80,53
/3.14/glossary.html,21,25,67,27,29
/3.14/library/stdtypes.html,21,24,80,85,46
/3.14/tutorial/controlflow.html,21,24,100,61,40
/3.14/whatsnew/changelog.html,21,29,67,79,1
/3.14/tutorial/introduction.html,20,27,70,133,42
/3.14/download.html,18,19,75,40,88
/3.14/tutorial/datastructures.html,17,19,71,158,39
/3.14/py-modindex.html,16,21,80,16,34
/3.14/whatsnew/index.html,15,18,67,5,16
/zh-cn/3.14/download.html,15,15,83,61,90
/zh-cn/3.14/tutorial/,15,15,71,110,51
/zh-cn/3.14/whatsnew/3.14.html,15,18,75,41,32
/3.14/genindex.html,14,18,100,4,100
/3.14/library/exceptions.html,14,16,0,43,76
/ja/3.14/,14,15,33,5,72
/3.14/contents.html,13,15,100,9,2
/zh-cn/3.14/library/functions.html,13,16,50,39,38
/zh-cn/3.14/tutorial/introduction.html,13,18,100,101,52
/3.14/library/uuid.html,12,17,100,50,64
/3.14/reference/index.html,12,14,75,10,70
/zh-cn/3.14/library/index.html,12,27,0,214,69
/3.14/library/multiprocessing.html,11,12,33,139,50
/zh-cn/3.14/tutorial/interpreter.html,11,13,100,261,69
/3.14/library/pathlib.html,10,11,67,19,56
/3.14/library/typing.html,10,11,50,46,31
/ja/3.14/whatsnew/3.14.html,10,13,100,79,26
/zh-cn/3.14/contents.html,10,12,67,17,12
/3.14/library/idle.html,9,10,80,275,32
/3.14/reference/datamodel.html,9,11,67,249,57
/3.14/tutorial/modules.html,9,9,100,153,64
/zh-cn/3.14/index.html,9,13,0,14,91
/zh-cn/3.14/tutorial/appetite.html,9,10,33,50,92
/zh-cn/3.14/tutorial/controlflow.html,9,9,67,97,33
/3.14/howto/index.html,8,8,100,10,80
/3.14/library/datetime.html,8,10,0,25,43
/3.14/library/sys.html,8,10,50,15,27
/3.14/library/tkinter.html,8,8,100,164,10
/3.14/library/turtle.html,8,10,50,19,4
/3.14/using/index.html,8,9,100,10,77
/zh-cn/3.14/reference/index.html,8,15,0,20,76
/zh-cn/3.14/whatsnew/index.html,8,14,0,37,32
/3.14/extending/index.html,7,7,100,21,71
/3.14/library/concurrent.futures.html,7,8,0,166,52
/ja/3.14/library/index.html,7,11,50,81,82
/ja/3.14/tutorial/interpreter.html,7,13,80,35,99
/ja/3.14/tutorial/venv.html,7,8,0,615,57
/zh-cn/3.14/library/stdtypes.html,7,8,100,120,51
/zh-cn/3.14/whatsnew/3.12.html,7,10,75,33,15
/3.14/library/argparse.html,6,6,0,38,22
/3.14/library/ast.html,6,7,100,42,73
/3.14/library/itertools.html,6,6,100,79,64
/3.14/library/json.html,6,8,100,16,58
/3.14/library/os.html,6,7,100,25,16
/3.14/library/pickle.html,6,7,0,159,21
/3.14/license.html,6,6,100,14,28
/3.14/using/configure.html,6,6,50,27,43
/es/3.14/,6,7,0,20,74
/es/3.14/tutorial/index.html,6,6,100,26,65
/ja/3.14/tutorial/index.html,6,12,0,33,51
/ja/3.14/using/cmdline.html,6,7,25,418,18
/zh-cn/3.14/glossary.html,6,7,0,107,45
/zh-cn/3.14/howto/index.html,6,7,0,16,94
/zh-cn/3.14/py-modindex.html,6,6,100,6,24
/zh-cn/3.14/tutorial/inputoutput.html,6,11,60,295,73
/zh-cn/3.14/using/windows.html,6,7,0,33,46
/zh-cn/3.14/whatsnew/3.13.html,6,8,100,29,34
/3.14/c-api/index.html,5,7,67,14,57
/3.14/library/math.html,5,5,33,10,10
/3.14/library/re.html,5,7,100,109,59
/3.14/library/symtable.html,5,14,33,647,64
/3.14/library/venv.html,5,6,0,59,28
/3.14/reference/lexical_analysis.html,5,9,50,28,18
/3.14/tutorial/appendix.html,5,7,0,25,100
/3.14/tutorial/errors.html,5,5,100,7,32
/zh-cn/3.14/installing/index.html,5,6,0,19,67
/zh-cn/3.14/search.html,5,7,0,260,64
/zh-cn/3.14/tutorial/modules.html,5,10,0,490,60
/3.14/deprecations/index.html,4,5,100,9,84
/3.14/distributing/index.html,4,4,67,5,100
/3.14/howto/argparse.html,4,4,50,68,28
/3.14/library/,4,4,0,9,14
/3.14/library/asyncio-policy.html,4,6,0,13,52
/3.14/library/dis.html,4,5,0,8,14
