property,value,visitors,events,percentage
url,(none),4712,8008,99.8
url,https://www.python.org/,70,75,1.5
url,https://github.com/python/cpython/tree/3.13/Lib/idlelib/,11,13,0.2
url,https://docs.python.org/es/3.13/archives/python-3.13-docs-pdf-a4.zip,7,9,0.1
url,https://pypi.org/,7,7,0.1
url,https://github.com/python/cpython/tree/3.13/Lib/tkinter/__init__.py,5,6,0.1
url,https://wiki.python.org/moin/BeginnersGuide,5,5,0.1
url,https://tkdocs.com/,4,4,0.1
url,https://wiki.python.org/moin/PythonBooks,3,4,0.1
url,https://www.python.org/doc/versions/,3,3,0.1
url,https://www.tcl.tk/man/tcl8.6/TkCmd/contents.htm,3,3,0.1
url,https://devguide.python.org/,2,2,0.0
url,https://docs.python.org/es/3/archives/python-3.13-docs-pdf-a4.zip,2,2,0.0
url,https://github.com/python/cpython/blob/main/Doc/tutorial/index.rst?plain=1,2,2,0.0
url,https://github.com/python/cpython/tree/3.13/Lib/datetime.py,2,2,0.0
url,https://github.com/python/cpython/tree/3.13/Lib/turtle.py,2,2,0.0
url,https://packaging.python.org/en/latest/tutorials/packaging-projects/,2,2,0.0
url,https://peps.python.org/pep-3120/,2,2,0.0
url,https://pypi.org/project/DateType/,2,2,0.0
url,https://wiki.python.org/moin/PythonEditors,2,2,0.0
url,https://www.packtpub.com/en-us/product/python-gui-programming-with-tkinter-9781788835886,2,2,0.0
url,https://www.tkdocs.com/shipman/,2,2,0.0
url,https://docs.python.org/es/3.13/archives/python-3.13-docs-text.zip,1,1,0.0
url,https://docs.python.org/es/3.13/archives/python-3.13-docs.epub,1,1,0.0
url,https://github.com/python/cpython/blob/main/Doc/glossary.rst?plain=1,1,1,0.0
url,https://github.com/python/cpython/issues/132174,1,1,0.0
url,https://github.com/python/cpython/tree/3.13/Lib/bisect.py,1,1,0.0
url,https://github.com/python/cpython/tree/3.13/Lib/compileall.py,1,1,0.0
url,https://github.com/python/cpython/tree/3.13/Lib/email/mime/,1,1,0.0
url,https://github.com/python/cpython/tree/3.13/Lib/idlelib,1,1,0.0
url,https://github.com/python/cpython/tree/3.13/Lib/random.py,1,1,0.0
url,https://github.com/python/cpython/tree/3.13/Lib/tkinter/filedialog.py,1,1,0.0
url,https://github.com/python/cpython/tree/3.13/Lib/tkinter/scrolledtext.py,1,1,0.0
url,https://groups.google.com/groups?selm=34A04430.CF9@ohioee.com,1,1,0.0
url,https://nces.ed.gov/programs/digest/d17/tables/dt17_226.40.asp,1,1,0.0
url,https://numpy.org/,1,1,0.0
url,https://packaging.python.org/,1,1,0.0
url,https://packaging.python.org/en/latest/tutorials/installing-packages/#ensure-pip-setuptools-and-wheel-are-up-to-date,1,1,0.0
url,https://packaging.python.org/guides/installing-using-pip-and-virtual-environments/#create-and-use-virtual-environments,1,1,0.0
url,https://peps.python.org/pep-0011/,1,1,0.0
url,https://peps.python.org/pep-0397/,1,1,0.0
url,https://peps.python.org/pep-0695/,1,1,0.0
url,https://peps.python.org/pep-3149/,1,1,0.0
url,https://pypi.org/project/regex/,1,1,0.0
url,https://python-pillow.org/,1,1,0.0
url,https://translate.google.com/website?sl=en&tl=es-419&hl=es-419&prev=search&u=https://pypi.org/project/DateType/,1,1,0.0
url,https://wiki.python.org/moin/IntegratedDevelopmentEnvironments,1,1,0.0
url,https://www.britannica.com/science/permutation,1,1,0.0
url,https://www.python.org/doc/av/,1,1,0.0
url,https://www.python.org/downloads/,1,1,0.0
url,https://www.python.org/downloads/macos/,1,1,0.0
url,https://www.tcl.tk/man/tcl8.6/TkCmd/winfo.htm,1,1,0.0
url,https://www.unicode.org/reports/tr44/,1,2,0.0
url,https://www.unicode.org/reports/tr44/tr44-30.html#General_Category_Values,1,1,0.0
url,https://www.w3.org/TR/xml-names/#defaulting,1,1,0.0
url,https://www.zlib.net/,1,1,0.0
