name,version,visitors
Windows,10,4175
Mac,10.15,1091
Android,10,161
iOS,18.1,160
GNU/Linux,(not set),147
Android,14,97
Android,13,64
iOS,18.2,56
Android,12,42
Ubuntu,(not set),37
Android,11,36
iOS,18.3,35
HarmonyOS,3.0,33
Chrome OS,14541.0,31
iOS,17.6,25
HarmonyOS,2.2,18
Android,15,17
HarmonyOS,(not set),13
iOS,18.0,13
iOS,17.7,10
Android,9,10
iOS,15.8,9
iOS,17.5,9
iOS,16.7,8
iOS,16.6,7
iPadOS,17.6,7
Windows,7,7
iOS,16.3,6
iOS,17.4,6
Android,8.1,5
iOS,12.5,4
iOS,16.1,4
iOS,17.3,4
Android,7.1,4
iPadOS,14.1,3
iOS,15.4,3
iOS,16.2,3
iPadOS,17.5,3
iOS,15.0,2
iOS,15.6,2
iPadOS,16.3,2
iOS,16.4,2
iOS,17.2,2
Fire OS,8,2
(not set),(not set),1
iOS,12.4,1
iPadOS,14.2,1
iOS,15.1,1
iOS,15.2,1
iPadOS,15.4,1
iOS,15.5,1
iOS,16.0,1
iPadOS,16.2,1
iOS,16.5,1
iOS,17.1,1
HarmonyOS,2.1,1
Android,8.0,1
Windows,XP,1
