name,unique_entrances,total_entrances,visit_duration
/zh-tw/3/tutorial/index.html,103,105,138
/zh-tw/3/library/venv.html,59,61,58
/zh-tw/dev/installing/index.html,31,31,2
/dev/using/windows.html,28,28,294
/zh-tw/3/library/random.html,26,27,23
/zh-tw/3/tutorial/introduction.html,25,28,23
/3/,24,24,130
/zh-tw/3/howto/sorting.html,24,24,74
/zh-tw/3/library/index.html,24,24,37
/zh-tw/3/howto/argparse.html,23,23,465
/zh-tw/3/library/csv.html,19,19,33
/zh-tw/3/tutorial/classes.html,19,21,106
/zh-tw/3/library/re.html,18,18,0
/zh-tw/3/tutorial/datastructures.html,18,18,192
/zh-tw/3/tutorial/interpreter.html,16,19,92
/zh-tw/3/library/heapq.html,14,14,0
/zh-tw/3/using/mac.html,14,14,167
/zh-tw/3/library/pathlib.html,13,14,295
/zh-tw/3/tutorial/controlflow.html,13,13,98
/zh-tw/3/faq/windows.html,12,12,0
/zh-tw/3/installing/index.html,12,12,169
/zh-tw/3/tutorial/modules.html,12,12,139
/zh-tw/3.15/using/windows.html,11,13,21
/zh-tw/3/library/ast.html,11,11,23
/zh-tw/3/library/typing.html,11,11,16
/zh-tw/3.14/tutorial/index.html,10,10,458
/zh-tw/3/library/enum.html,10,10,0
/zh-tw/3/library/functions.html,10,10,13
/zh-tw/3/library/json.html,10,10,59
/zh-tw/3/library/math.html,10,10,0
/zh-tw/3/tutorial/inputoutput.html,10,10,0
/zh-tw/3.13/tutorial/,9,9,90
/zh-tw/3.14/,9,9,36
/zh-tw/3/library/asyncio.html,9,9,247
/zh-tw/3/library/concurrent.futures.html,9,9,194
/zh-tw/3/library/stdtypes.html,9,9,2
/zh-tw/3/tutorial/appetite.html,9,9,545
/zh-tw/3/tutorial/venv.html,9,10,48
/3/tutorial/index.html,8,8,792
/zh-tw/3/library/collections.html,8,8,47
/zh-tw/3/library/copy.html,8,9,0
/zh-tw/3/library/hashlib.html,8,8,107
/3/tutorial/,7,8,1417
/zh-tw/3.13/tutorial/index.html,7,8,44
/zh-tw/3/glossary.html,7,7,479
/zh-tw/3/library/os.path.html,7,7,0
/zh-tw/3/library/queue.html,7,7,281
/zh-tw/3/library/ssl.html,7,7,91
/zh-tw/3/library/string.html,7,7,6
/zh-tw/3/library/tempfile.html,7,8,444
/zh-tw/3/library/time.html,7,7,1
/zh-tw/dev/library/os.path.html,7,8,112
/zh-tw/3.13/tutorial/introduction.html,6,6,0
/zh-tw/3/,6,6,72
/zh-tw/3/contents.html,6,6,64
/zh-tw/3/library/__main__.html,6,7,0
/zh-tw/3/library/functools.html,6,6,0
/zh-tw/3/library/gc.html,6,6,0
/zh-tw/3/library/threading.html,6,6,204
/zh-tw/3/library/tkinter.html,6,7,167
/zh-tw/3/library/unittest.html,6,6,0
/zh-tw/3/library/zipfile.html,6,6,1023
/zh-tw/3/tutorial/errors.html,6,7,0
/zh-tw/3.13/c-api/index.html,5,5,2103
/zh-tw/3.13/tutorial/controlflow.html,5,6,6
/zh-tw/3/howto/annotations.html,5,5,15
/zh-tw/3/howto/sockets.html,5,5,0
/zh-tw/3/library/exceptions.html,5,5,0
/zh-tw/3/library/operator.html,5,6,0
/zh-tw/3/library/pickle.html,5,5,250
/zh-tw/3/library/uuid.html,5,6,0
/zh-tw/3/tutorial/floatingpoint.html,5,5,4
/zh-tw/dev/library/threading.html,5,5,8
/3/library/turtle.html,4,4,59
/zh-cn/3/tutorial/index.html,4,4,493
/zh-tw/3.13/library/os.path.html,4,4,0
/zh-tw/3.13/library/venv.html,4,4,17
/zh-tw/3.14/contents.html,4,4,44
/zh-tw/3.14/index.html,4,4,68
/zh-tw/3.14/using/android.html,4,4,0
/zh-tw/3/library/abc.html,4,4,3
/zh-tw/3/library/errno.html,4,4,0
/zh-tw/3/library/io.html,4,4,0
/zh-tw/3/library/pdb.html,4,4,0
/zh-tw/dev/howto/gdb_helpers.html,4,4,0
/zh-tw/dev/library/itertools.html,4,4,344
/3.14/whatsnew/3.14.html,3,3,195
/3/library/idle.html,3,3,127
/zh-tw/3.13/howto/sockets.html,3,3,0
/zh-tw/3.13/howto/sorting.html,3,3,0
/zh-tw/3.13/installing/index.html,3,3,0
/zh-tw/3.13/library/ast.html,3,3,0
/zh-tw/3.13/library/getpass.html,3,3,0
/zh-tw/3.13/library/string.html,3,3,37
/zh-tw/3.13/library/tkinter.html,3,3,0
/zh-tw/3.13/whatsnew/3.11.html,3,3,19
/zh-tw/3.13/whatsnew/3.13.html,3,3,79
/zh-tw/3.14/library/index.html,3,3,0
/zh-tw/3.14/library/stdtypes.html,3,3,163
/zh-tw/3.14/library/turtle.html,3,4,51
/zh-tw/3.14/tutorial/interpreter.html,3,3,1106
/zh-tw/3.15/tutorial/inputoutput.html,3,5,0
/zh-tw/3/download.html,3,3,66
/zh-tw/3/faq/general.html,3,3,0
/zh-tw/3/library/bisect.html,3,3,0
/zh-tw/3/library/crypto.html,3,3,0
/zh-tw/3/library/datatypes.html,3,3,14
/zh-tw/3/library/datetime.html,3,3,105
/zh-tw/3/library/getopt.html,3,4,0
/zh-tw/3/library/glob.html,3,3,0
/zh-tw/3/library/secrets.html,3,3,0
/zh-tw/3/library/signal.html,3,3,0
/zh-tw/3/library/unittest.mock.html,3,3,15
/zh-tw/3/library/urllib.request.html,3,4,263
/zh-tw/3/library/warnings.html,3,3,0
/zh-tw/3/library/wave.html,3,3,0
/zh-tw/3/library/winreg.html,3,3,0
/zh-tw/3/reference/lexical_analysis.html,3,3,0
/zh-tw/3/tutorial/appendix.html,3,4,0
/zh-tw/3/using/configure.html,3,3,2
/zh-tw/dev/library/csv.html,3,3,0
/zh-tw/dev/library/datatypes.html,3,3,71
/3.14/tutorial/index.html,2,2,8
/3.15/,2,2,25
/3/glossary.html,2,2,254
/3/library/,2,2,913
/3/library/argparse.html,2,2,703
/3/library/asyncio.html,2,2,453
/3/library/concurrent.futures.html,2,2,640
/3/library/functions.html,2,2,1459
/3/library/index.html,2,2,4055
/3/library/tkinter.html,2,2,702
/3/library/venv.html,2,2,418
/3/license.html,2,2,114
/3/reference/datamodel.html,2,2,392
/3/tutorial/appetite.html,2,2,44
/3/tutorial/floatingpoint.html,2,2,64
/3/tutorial/inputoutput.html,2,2,3232
/ko/3/tutorial/,2,2,1232
/zh-cn/3.14/tutorial/index.html,2,2,2204
/zh-cn/3/library/itertools.html,2,2,1352
/zh-tw/3.12/howto/argparse.html,2,2,0
/zh-tw/3.12/library/datatypes.html,2,2,0
/zh-tw/3.12/library/socket.html,2,2,0
/zh-tw/3.12/tutorial/classes.html,2,2,0
/zh-tw/3.12/tutorial/introduction.html,2,2,0
/zh-tw/3.12/using/mac.html,2,3,0
/zh-tw/3.13/contents.html,2,2,0
/zh-tw/3.13/glossary.html,2,2,138
/zh-tw/3.13/library/__main__.html,2,2,13
/zh-tw/3.13/library/asyncio-eventloop.html,2,2,0
/zh-tw/3.13/library/bisect.html,2,2,0
/zh-tw/3.13/library/functions.html,2,2,0
/zh-tw/3.13/library/json.html,2,2,0
/zh-tw/3.13/library/multiprocessing.shared_memory.html,2,2,0
/zh-tw/3.13/tutorial/appetite.html,2,2,0
/zh-tw/3.13/tutorial/datastructures.html,2,2,0
/zh-tw/3.13/tutorial/interpreter.html,2,2,0
/zh-tw/3.13/whatsnew/3.10.html,2,2,298
/zh-tw/3.14/library/,2,2,690
/zh-tw/3.14/library/functions.html,2,2,454
/zh-tw/3.14/library/gc.html,2,2,0
/zh-tw/3.14/py-modindex.html,2,2,255
/zh-tw/3.14/reference/import.html,2,2,566
/zh-tw/3.14/tutorial/datastructures.html,2,2,80
/zh-tw/3.14/tutorial/inputoutput.html,2,2,78
/zh-tw/3.14/tutorial/modules.html,2,2,582
/zh-tw/3.14/using/windows.html,2,2,0
/zh-tw/3.15/tutorial/appetite.html,2,2,0
/zh-tw/3/howto/ipaddress.html,2,2,0
/zh-tw/3/howto/regex.html,2,2,92
/zh-tw/3/howto/timerfd.html,2,2,0
/zh-tw/3/index.html,2,3,0
/zh-tw/3/library/_thread.html,2,2,10
/zh-tw/3/library/asyncio-future.html,2,2,0
/zh-tw/3/library/asyncio-runner.html,2,2,0
/zh-tw/3/library/base64.html,2,2,0
/zh-tw/3/library/cmd.html,2,2,0
/zh-tw/3/library/email.mime.html,2,2,2978
/zh-tw/3/library/ftplib.html,2,2,0
/zh-tw/3/library/os.html,2,2,360
/zh-tw/3/library/platform.html,2,2,0
/zh-tw/3/library/telnetlib.html,2,2,0
/zh-tw/3/library/tkinter.messagebox.html,2,2,197
/zh-tw/3/library/zlib.html,2,2,720
/zh-tw/3/license.html,2,3,5
/zh-tw/3/reference/datamodel.html,2,2,192
/zh-tw/3/reference/import.html,2,2,407
/zh-tw/3/reference/index.html,2,2,0
/zh-tw/3/whatsnew/3.12.html,2,2,0
/zh-tw/3/whatsnew/3.14.html,2,2,0
/zh-tw/3/whatsnew/3.3.html,2,2,0
/zh-tw/3/whatsnew/index.html,2,2,73
/zh-tw/dev/c-api/slice.html,2,2,0
/zh-tw/dev/howto/regex.html,2,2,0
/zh-tw/dev/library/ftplib.html,2,2,0
/zh-tw/dev/library/functools.html,2,2,0
/zh-tw/dev/library/index.html,2,2,293
/zh-tw/dev/library/io.html,2,2,0
/zh-tw/dev/library/tk.html,2,2,50
/zh-tw/dev/library/tkinter.html,2,2,15
/zh-tw/dev/library/uuid.html,2,2,0
/zh-tw/dev/library/venv.html,2,3,4
/zh-tw/dev/tutorial/datastructures.html,2,2,0
/3.12/c-api/dict.html,1,1,7032
/3.12/library/marshal.html,1,1,6996
/3.13/,1,1,23
/3.13/library/turtle.html,1,1,6
/3.13/using/windows.html,1,1,0
/3.14/,1,1,46
/3.14/howto/sorting.html,1,1,1604
/3.14/library/re.html,1,1,10348
/3.14/library/string.html,1,1,0
/3.14/reference/simple_stmts.html,1,1,5249
/3.14/tutorial/errors.html,1,1,5293
/3.14/using/windows.html,1,1,0
/3.15/library/os.html,1,1,2695
/3.15/reference/expressions.html,1,1,7703
/3.15/reference/simple_stmts.html,1,1,2417
/3/deprecations/pending-removal-in-future.html,1,1,8196
/3/faq/,1,1,89
/3/howto/sockets.html,1,1,0
/3/library/asyncio-eventloop.html,1,1,0
/3/library/asyncio-queue.html,1,1,32
/3/library/csv.html,1,1,37
/3/library/datetime.html,1,2,745
/3/library/email.utils.html,1,1,1716
/3/library/exceptions.html,1,1,1122
/3/library/ftplib.html,1,1,0
/3/library/hashlib.html,1,1,1558
/3/library/importlib.html,1,1,0
/3/library/json.html,1,1,708
/3/library/logging.html,1,1,0
/3/library/os.path.html,1,1,0
/3/library/string.html,1,1,39
/3/library/sys_path_init.html,1,1,366
/3/library/tempfile.html,1,1,539
/3/library/threading.html,1,1,2
/3/library/urllib.parse.html,1,1,451
/3/tutorial/controlflow.html,1,1,10355
/3/tutorial/introduction.html,1,1,194
/3/tutorial/modules.html,1,1,0
/3/using/cmdline.html,1,1,71
/3/using/index.html,1,1,237
/3/whatsnew/3.4.html,1,1,1075
/dev/library/tracemalloc.html,1,1,6351
/el/3.14/library/turtle.html,1,1,540
/fr/3.12/library/functions.html,1,1,60
/fr/3/whatsnew/3.13.html,1,1,226
/ja/3.14/tutorial/index.html,1,1,4
/ja/3/glossary.html,1,1,2490
/ja/3/library/fnmatch.html,1,1,3804
/ja/3/library/re.html,1,1,7027
/ko/3/c-api/complex.html,1,1,860
/ko/3/howto/annotations.html,1,1,7028
/zh-cn/3.13/library/functions.html,1,1,271
/zh-cn/3.13/library/turtle.html,1,1,39
/zh-cn/3.14/library/idle.html,1,1,55
/zh-cn/3.15/tutorial/venv.html,1,1,43
/zh-cn/3/,1,1,949
/zh-cn/3/library/__main__.html,1,1,97
/zh-cn/3/library/configparser.html,1,1,123
/zh-cn/3/library/constants.html,1,1,470
/zh-cn/3/library/functions.html,1,1,550
/zh-cn/3/library/index.html,1,1,0
/zh-cn/3/library/turtle.html,1,1,0
/zh-cn/3/library/venv.html,1,1,32
/zh-cn/3/search.html,1,1,2269
/zh-cn/3/using/android.html,1,1,1424
/zh-tw/3.12/c-api/stable.html,1,1,0
/zh-tw/3.12/faq/programming.html,1,1,0
/zh-tw/3.12/howto/pyporting.html,1,1,0
/zh-tw/3.12/index.html,1,2,88
/zh-tw/3.12/library/asyncio-eventloop.html,1,1,0
/zh-tw/3.12/library/curses.html,1,1,0
/zh-tw/3.12/library/dataclasses.html,1,1,0
/zh-tw/3.12/library/mm.html,1,1,0
/zh-tw/3.12/library/reprlib.html,1,1,0
/zh-tw/3.12/library/ssl.html,1,1,0
/zh-tw/3.12/library/struct.html,1,1,0
/zh-tw/3.12/library/subprocess.html,1,1,0
/zh-tw/3.12/library/text.html,1,1,1353
/zh-tw/3.12/library/textwrap.html,1,1,0
/zh-tw/3.12/library/typing.html,1,1,0
/zh-tw/3.12/library/uuid.html,1,1,0
/zh-tw/3.12/reference/index.html,1,1,637
/zh-tw/3.12/tutorial/appendix.html,1,1,48
/zh-tw/3.12/tutorial/interpreter.html,1,1,0
/zh-tw/3.12/whatsnew/index.html,1,1,0
/zh-tw/3.13/c-api/apiabiversion.html,1,1,0
/zh-tw/3.13/c-api/file.html,1,1,0
/zh-tw/3.13/c-api/intro.html,1,1,2947
/zh-tw/3.13/download.html,1,1,0
/zh-tw/3.13/genindex-G.html,1,1,0
/zh-tw/3.13/genindex-L.html,1,1,0
/zh-tw/3.13/genindex-O.html,1,1,0
/zh-tw/3.13/genindex-R.html,1,1,0
/zh-tw/3.13/genindex-W.html,1,1,0
/zh-tw/3.13/genindex-_.html,1,1,0
/zh-tw/3.13/genindex-事.html,1,1,0
