name,version,visitors
Windows,10,335692
Mac,10.15,32680
Android,10,19453
GNU/Linux,(not set),5523
iOS,18.5,5170
Windows,7,2370
Chrome OS,14541.0,1588
Ubuntu,(not set),1450
Android,15,749
Android,14,572
Android,12,514
Android,13,488
Android,11,406
iOS,18.3,327
iOS,18.4,311
Windows,8.1,299
iOS,17.6,203
iOS,18.1,195
iOS,16.7,182
iOS,15.8,163
iOS,19.0,141
HarmonyOS,(not set),135
Android,8.1,123
Android,9,115
iOS,18.0,112
iOS,18.2,104
iOS,17.5,99
iOS,18.6,94
Chrome OS,14816.131,82
Windows,NT,78
Android,6.0,77
Windows,8,63
iOS,17.4,59
Mac,10.13,54
iOS,16.1,51
iOS,17.7,43
Windows,XP,40
iPadOS,17.6,39
Windows,Server 2003,37
iOS,17.3,35
iOS,16.6,34
(not set),(not set),32
Android,8.0,31
Mac,10.14,30
iOS,16.3,30
iOS,17.1,28
Mac,10.11,24
iOS,17.2,23
iPadOS,17.7,22
Mac,10.12,21
iOS,12.5,19
Chrome OS,14092.77,19
iOS,16.0,18
iOS,14.4,17
Android,5.1,17
iOS,16.5,16
Mac,10.10,15
Fire OS,8,15
Android,7.1,14
iOS,14.0,13
iPadOS,15.8,13
iOS,16.4,11
Android,7.0,11
Android,(not set),10
iOS,15.6,10
iOS,17.0,10
HarmonyOS,2.2,10
Android,4.4,10
iOS,15.5,9
iPadOS,17.5,9
HarmonyOS,3.0,9
Fire OS,7,9
Windows,Vista,9
iPadOS,15.6,8
iOS,15.7,8
iOS,16.2,8
iPadOS,16.6,7
iPadOS,16.7,7
Windows,(not set),6
iOS,10.3,6
iOS,13.6,6
Mac,14.6,6
iPadOS,16.4,6
iOS,15.4,5
iPadOS,16.2,5
iPadOS,16.3,5
Android,5.0,5
Mac,10.7,4
Mac,10.9,4
Chrome OS,13904.55,4
iOS,15.0,4
iPadOS,15.1,4
Android,16,4
iPadOS,17.3,4
Fire OS,5,4
Android TV,9,4
UOS,(not set),3
Mac,10.8,3
iOS,11.0,3
iOS,12.4,3
Chrome OS,12371.89,3
Chrome OS,13597.84,3
iOS,14.6,3
iOS,14.7,3
PlayStation,4.12,3
Raspberry Pi OS,(not set),2
FreeBSD,(not set),2
Mac,10.16,2
Mac,11.5,2
Android TV,12,2
Chrome OS,12105.100,2
Chrome OS,12239.92,2
Chrome OS,13099.110,2
Mac,14.0,2
iPadOS,14.5,2
Mac,14.7,2
Chrome OS,14816.17,2
Chrome OS,14816.64,2
Chrome OS,14909.100,2
iOS,15.1,2
iOS,15.2,2
iOS,15.3,2
Mac,15.3,2
iPadOS,16.1,2
iPadOS,17.0,2
KaiOS,2.5,2
PlayStation,5.11,2
Android TV,8.0,2
Android,9.0,2
Nintendo,Switch,2
Fuchsia,(not set),1
Mac,(not set),1
Debian,(not set),1
Firefox OS,(not set),1
Fedora,(not set),1
Windows Mobile,10,1
Mac,10.4,1
Chrome OS,10176.73,1
Android TV,11,1
iOS,11.1,1
iOS,11.2,1
Mac,13.3,1
iOS,13.5,1
Chrome OS,13099.85,1
Chrome OS,13597.94,1
Chrome OS,13816.55,1
Chrome OS,13904.97,1
Android TV,14,1
iOS,14.2,1
iOS,14.3,1
iOS,14.5,1
iOS,14.8,1
Chrome OS,14150.74,1
Chrome OS,14150.87,1
Chrome OS,14268.67,1
Chrome OS,14268.82,1
Chrome OS,14469.41,1
Chrome OS,14526.57,1
Chrome OS,14989.107,1
iPadOS,15.4,1
Mac,15.5,1
iPadOS,17.1,1
Tizen,5.0,1
iOS,9.1,1
