name,version,visitors
Chrome,139.0,79505
Microsoft Edge,139.0,21213
Chrome,138.0,11211
Firefox,142.0,10267
Safari,18.6,6521
Firefox,141.0,2737
Safari,18.5,2069
Microsoft Edge,138.0,1787
Chrome,137.0,1715
Firefox,128.0,1550
Opera,120.0,1377
Yandex Browser,25.8,1307
Mobile App,(not set),975
Chrome,136.0,872
Chrome,135.0,831
Chrome,134.0,799
Firefox,140.0,700
Chrome,131.0,556
Yandex Browser,25.6,478
Safari,26.0,471
Chrome,132.0,440
Chrome,109.0,425
Safari,17.6,409
Safari,18.3,409
Firefox,136.0,355
Samsung Browser,28.0,355
Chrome,133.0,353
Chrome,130.0,275
Safari,18.4,273
Chrome,126.0,272
Safari,16.6,256
Chrome,122.0,230
Chrome,128.0,227
Microsoft Edge,137.0,220
Firefox,115.0,198
Safari,18.1,189
Safari,26.2,181
Safari,17.5,179
Firefox,139.0,178
Safari,(not set),160
Mobile App,139.0,160
Chrome,129.0,156
Safari,15.6,144
Firefox,143.0,136
Microsoft Edge,136.0,130
Chrome,120.0,128
Chrome,125.0,127
Safari,18.2,126
Safari,18.0,121
Chrome,119.0,120
Chrome,127.0,120
Safari,17.4,117
Chrome,124.0,109
Chrome,140.0,105
Chrome,116.0,103
Yandex Browser,25.2,99
Chrome,117.0,98
Microsoft Edge,140.0,98
Firefox,138.0,95
Firefox,137.0,91
Smart Lenovo Browser,9.0,91
Firefox,135.0,90
Chrome,123.0,86
Safari,17.3,86
Microsoft Edge,131.0,84
Microsoft Edge,122.0,83
UC Browser,18.0,82
Chrome,121.0,80
SberBrowser,30.0,80
(not set),(not set),79
Chrome,118.0,78
Brave,(not set),77
Microsoft Edge,132.0,76
Yandex Browser,25.4,76
Firefox,134.0,71
Chrome,141.0,71
Safari,17.1,69
Microsoft Edge,135.0,66
Safari,17.2,63
SberBrowser,28.0,63
Microsoft Edge,134.0,61
Quark,(not set),60
Chrome,114.0,59
Chrome,112.0,57
Yandex Browser,24.10,54
Huawei Browser Mobile,16.0,53
Opera,91.0,50
Chrome,103.0,49
Safari,16.1,49
Microsoft Edge,130.0,47
Microsoft Edge,92.0,47
Microsoft Edge,128.0,45
Safari,16.5,44
Safari,16.3,43
Microsoft Edge,133.0,41
Chrome,91.0,41
Chrome,86.0,40
Firefox,133.0,39
Firefox,130.0,38
MIUI Browser,20.1,38
Mobile App,97.0,37
Safari,10.0,35
Avast Secure Browser,139.0,34
vivo Browser,14.5,34
Chrome,108.0,31
Yandex Browser,24.7,31
Firefox,144.0,30
Sogou Explorer,2,30
Chrome,115.0,29
Microsoft Edge,126.0,29
Firefox,132.0,29
Huawei Browser Mobile,15.0,27
QQ Browser,19.5,27
Microsoft Edge,127.0,26
Firefox,141.2,26
Safari,17.14,26
Whale Browser,4.33,26
Chrome,87.0,26
Firefox,127.0,25
Safari,17.7,25
Microsoft Edge,109.0,24
Safari,14.1,24
Safari,17.0,24
UC Browser,17.8,24
Chrome,111.0,23
Microsoft Edge,129.0,23
vivo Browser,25.9,23
Chrome,101.0,22
Firefox,131.0,22
Safari,16.4,22
Chrome,110.0,21
Mobile App,114.0,21
Firefox,113.0,20
Chrome,(not set),19
Chrome,106.0,19
Mobile App,138.0,19
Norton Private Browser,139.0,19
Safari,16.0,19
Yandex Browser,24.12,19
Quark,7.15,19
Microsoft Edge,100.0,18
Mobile App,109.0,18
Opera,119.0,18
MIUI Browser,14.40,18
QtWebEngine,6.9,18
Opera,90.0,18
Firefox,109.0,17
Safari,12.1,17
Microsoft Edge,124.0,17
Microsoft Edge,125.0,17
Yandex Browser,24.6,17
Samsung Browser,26.0,17
Chrome,102.0,16
Chrome,107.0,15
Firefox,129.0,15
Mobile App,131.0,15
Mobile Silk,138.4,15
Firefox,142,15
Yandex Browser,25.81,15
Safari,26.1,15
Firefox,102.0,14
Chrome,104.0,14
Microsoft Edge,141.0,14
Safari,16.2,14
Yandex Browser,24.1,14
Safari,60.5,14
Chrome,95.0,14
Chrome,99.0,14
Chrome,105.0,13
Microsoft Edge,114.0,13
Mobile App,126.0,13
AVG Secure Browser,139.0,13
Yandex Browser,25.3,13
Huawei Browser Mobile,5.1,13
QQ Browser,6.2,13
Chromium,(not set),12
Chrome,113.0,12
Microsoft Edge,123.0,12
Ecosia,129.0,12
Safari,14.0,12
Safari,17.8,12
Yandex Browser,25.20,12
Yandex Browser,25.80,12
Samsung Browser,27.0,12
Chrome,80.0,12
Chrome,81.0,12
Mobile App,91.0,12
Firefox,91.0,12
Microsoft Edge,116.0,11
Huawei Browser,12.1,11
Safari,19.0,11
Opera,95.0,11
Chrome,97.0,11
Android Browser,(not set),10
Chrome,100.0,10
Microsoft Edge,120.0,10
Chrome,139,10
Safari,15.4,10
Yandex Browser,23.11,10
Yandex Browser,23.9,10
Chrome,69.0,10
Safari,13.1,9
Safari,15.5,9
Opera GX,2.9,9
Chrome,49.0,9
Opera Touch,6.0,9
Chrome,89.0,9
Microsoft Edge,115.0,8
Microsoft Edge,118.0,8
Firefox,124.0,8
Firefox,125.0,8
MIUI Browser,20.0,8
Yandex Browser,23.7,8
Yandex Browser,24.4,8
Kindle Browser,3.0,8
AdBlock Browser,3.7,8
QtWebEngine,6.8,8
Chrome,78.0,8
Firefox,111.0,7
Firefox,116.0,7
Microsoft Edge,119.0,7
Firefox,126.0,7
Huawei Browser Mobile,14.0,7
MIUI Browser,14.10,7
QQ Browser,19.3,7
Samsung Browser,22.0,7
Firefox,52.0,7
Chrome,79.0,7
Opera,94.0,7
Microsoft Edge,107.0,6
Firefox,112.0,6
Microsoft Edge,112.0,6
Microsoft Edge,121.0,6
QQ Browser,13.5,6
Safari,15.3,6
Hi Browser,2.24,6
Chrome,53.0,6
Chrome,83.0,6
Microsoft Edge,103.0,5
Microsoft Edge,106.0,5
Microsoft Edge,108.0,5
Huawei Browser Mobile,11.1,5
Microsoft Edge,113.0,5
Firefox,114.0,5
Mobile App,116.0,5
Mobile App,117.0,5
Firefox,117.0,5
Firefox,121.0,5
Firefox,122.0,5
Mobile App,133.0,5
Mobile App,134.0,5
CCleaner,139.0,5
Safari,17.13,5
MIUI Browser,19.8,5
SeaMonkey,2.53,5
Samsung Browser,23.0,5
Samsung Browser,24.0,5
vivo Browser,25.8,5
Firefox,68.0,5
Firefox,78.0,5
Chrome,88.0,5
Chrome,96.0,5
360 Secure Browser,(not set),4
Microsoft Edge,110.0,4
Opera,114.0,4
Opera,116.0,4
Microsoft Edge,117.0,4
Opera,122.0,4
Firefox,123.0,4
Firefox,128.9,4
QQ Browser,13.4,4
Avast Secure Browser,138.0,4
Safari,15.1,4
Microsoft Edge,18.18363,4
Opera GX,2.8,4
MIUI Browser,20.2,4
Yandex Browser,22.11,4
Yandex Browser,23.1,4
Yandex Browser,23.114,4
Yandex Browser,23.5,4
Yandex Browser,23.96,4
vivo Browser,25.1,4
Yandex Browser,25.61,4
Yandex Browser,25.62,4
Yandex Browser,25.7,4
vivo Browser,26.0,4
Pale Moon,33.8,4
Notion,4.17,4
Notion,4.18,4
Firefox,5.0,4
JioSphere,5.0,4
Chrome,59.0,4
Firefox,66.0,4
Chrome,71.0,4
Chrome,73.0,4
Chrome,75.0,4
Mobile App,83.0,4
Chrome,93.0,4
Chrome,94.0,4
Firefox,100.0,3
