property,value,visitors,events,percentage
url,(none),159327,283226,99.9
url,https://www.python.org/,1297,1394,0.8
url,https://github.com/python/cpython/tree/3.13/Lib/idlelib/,263,287,0.2
url,https://tkdocs.com/,167,174,0.1
url,https://wiki.python.org/moin/BeginnersGuide,116,120,0.1
url,https://github.com/python/cpython/tree/3.13/Lib/tkinter/__init__.py,104,115,0.1
url,https://www.python.org/downloads/,92,95,0.1
url,https://mypy.readthedocs.io/en/stable/cheat_sheet_py3.html,80,83,0.1
url,https://www.tkdocs.com/shipman/,80,87,0.1
url,https://pypi.org/,69,76,0.0
url,https://www.python.org/downloads/macos/,68,71,0.0
url,https://www.tcl.tk/man/tcl8.6/TkCmd/contents.htm,65,68,0.0
url,https://packaging.python.org/guides/installing-using-pip-and-virtual-environments/#create-and-use-virtual-environments,61,61,0.0
url,https://github.com/python/cpython/tree/3.13/Lib/turtle.py,47,51,0.0
url,https://github.com/python/cpython/tree/3.13/Lib/random.py,40,44,0.0
url,https://packaging.python.org/en/latest/tutorials/packaging-projects/,39,41,0.0
url,https://github.com/python/cpython/tree/3.13/Lib/idlelib,36,37,0.0
url,https://peps.python.org/pep-0563/,36,37,0.0
url,https://www.python.org/psf/donations/,32,32,0.0
url,https://peps.python.org/,30,31,0.0
url,https://devguide.python.org/,29,30,0.0
url,https://www.python.org/doc/versions/,29,30,0.0
url,https://github.com/python/cpython/tree/3.13/Lib/datetime.py,28,29,0.0
url,https://briefcase.readthedocs.io/,27,28,0.0
url,https://github.com/python/cpython/tree/3.13/Lib/venv/,25,28,0.0
url,https://www.sqlite.org/,25,26,0.0
url,https://packaging.python.org/,24,24,0.0
url,https://peps.python.org/pep-0397/,23,23,0.0
url,https://packaging.python.org/en/latest/tutorials/installing-packages/#ensure-pip-setuptools-and-wheel-are-up-to-date,22,23,0.0
url,https://pypi.org/project/telnetlib3/,22,22,0.0
url,https://www.tcl.tk/,22,24,0.0
url,https://en.wikipedia.org/wiki/Turtle_(robot),21,21,0.0
url,https://peps.python.org/pep-0719/,21,21,0.0
url,https://github.com/python/cpython/tree/3.13/Lib/http/server.py,20,24,0.0
url,https://www.unicode.org/versions/Unicode15.1.0/ch03.pdf,20,22,0.0
url,https://peps.python.org/pep-0484/,19,20,0.0
url,https://peps.python.org/pep-0636/,19,19,0.0
url,https://manpages.debian.org/recv(2),18,21,0.0
url,https://peps.python.org/pep-3119/,18,18,0.0
url,https://tkdocs.com/book.html,18,18,0.0
url,https://wiki.python.org/moin/PythonBooks,17,17,0.0
url,https://github.com/python/cpython/tree/3.13/Lib/os.py,16,17,0.0
url,https://github.com/python/cpython/tree/3.13/Lib/sqlite3/,16,17,0.0
url,https://peps.python.org/pep-0703/,16,16,0.0
url,https://pypi.org/project/DateType/,16,16,0.0
url,https://www.packtpub.com/en-us/product/python-gui-programming-with-tkinter-9781788835886,16,16,0.0
url,https://datatracker.ietf.org/doc/html/rfc4122.html,15,15,0.0
url,https://github.com/python/cpython/tree/3.13/Lib/enum.py,15,16,0.0
url,https://github.com/python/cpython/tree/3.13/Lib/string.py,15,15,0.0
url,https://pypi.org/project/tomlkit/,15,17,0.0
url,https://termux.dev/en/,15,16,0.0
url,https://docs.pytest.org/,14,14,0.0
url,https://github.com/python/cpython/tree/3.13/Lib/argparse.py,14,14,0.0
url,https://github.com/python/cpython/tree/3.13/Lib/heapq.py,14,14,0.0
url,https://peps.python.org/pep-0557/,14,14,0.0
url,https://requests.readthedocs.io/en/master/,14,15,0.0
url,https://toml.io/en/,14,14,0.0
url,https://typing.python.org/en/latest/,14,15,0.0
url,https://wiki.python.org/moin/GuiProgramming,14,14,0.0
url,https://devguide.python.org/documentation/help-documenting/,13,15,0.0
url,https://github.com/python/cpython/tree/3.13/Lib/pathlib/,13,15,0.0
url,https://peps.python.org/pep-0008/,13,13,0.0
url,https://peps.python.org/pep-0632/#migration-advice,13,13,0.0
url,https://buildozer.readthedocs.io/,12,13,0.0
url,https://github.com/anordin95/a-conceptual-overview-of-asyncio/tree/main,12,14,0.0
url,https://github.com/python/cpython/tree/3.13/Lib/json/__init__.py,12,13,0.0
url,https://github.com/python/cpython/tree/3.13/Lib/smtplib.py,12,12,0.0
url,https://github.com/python/cpython/tree/3.13/Lib/typing.py,12,12,0.0
url,https://pypi.org/project/regex/,12,12,0.0
url,https://www.debian.org/doc/manuals/maint-guide/first.en.html,12,12,0.0
url,https://en.wikipedia.org/wiki/Cursor_(databases),11,11,0.0
url,https://en.wikipedia.org/wiki/Fibonacci_sequence,11,13,0.0
url,https://en.wikipedia.org/wiki/Thread_(computing),11,11,0.0
url,https://github.com/python/cpython/tree/3.13/Android/README.md,11,11,0.0
url,https://github.com/python/cpython/tree/3.13/Lib/dataclasses.py,11,11,0.0
url,https://github.com/python/cpython/tree/3.13/Lib/re/,11,12,0.0
url,https://github.com/python/cpython/tree/3.13/Lib/zipfile/,11,12,0.0
url,https://opensource.org/,11,11,0.0
url,https://packaging.python.org/installing/#creating-virtual-environments,11,12,0.0
url,https://packaging.python.org/science/,11,17,0.0
url,https://peps.python.org/pep-0492/,11,11,0.0
url,https://peps.python.org/pep-0594/,11,11,0.0
url,https://www.anaconda.com/download/,11,11,0.0
url,https://brew.sh/,10,10,0.0
url,https://github.com/python/cpython/tree/3.13/Lib/copy.py,10,11,0.0
url,https://github.com/python/cpython/tree/3.13/Lib/multiprocessing/,10,10,0.0
url,https://github.com/python/cpython/tree/3.13/Lib/threading.py,10,10,0.0
url,https://github.com/python/cpython/tree/3.13/Lib/unittest/__init__.py,10,11,0.0
url,https://github.com/python/cpython/tree/3.13/Lib/xml/etree/ElementTree.py,10,10,0.0
url,https://numpy.org/,10,11,0.0
url,https://packaging.python.org/installing/,10,12,0.0
url,https://peps.python.org/pep-0585/,10,10,0.0
url,https://pypi.org/project/pip/,10,10,0.0
url,https://dateutil.readthedocs.io/en/stable/,9,9,0.0
url,https://github.com/python/cpython/tree/3.13/Lib/ensurepip,9,9,0.0
url,https://github.com/python/cpython/tree/3.13/Lib/socket.py,9,10,0.0
url,https://github.com/python/cpython/tree/3.13/Lib/subprocess.py,9,9,0.0
url,https://peps.python.org/pep-0249/,9,9,0.0
url,https://peps.python.org/pep-0343/,9,9,0.0
url,https://peps.python.org/pep-0420/,9,9,0.0
url,https://pypi.org/project/tomli-w/,9,9,0.0
url,https://pypi.org/project/tzdata/,9,10,0.0
url,https://www.unicode.org/,9,10,0.0
url,https://datatracker.ietf.org/doc/html/rfc4180.html,8,8,0.0
url,https://en.wikipedia.org/wiki/Memoization,8,8,0.0
url,https://github.com/python/cpython/tree/3.13/Lib/contextlib.py,8,8,0.0
url,https://github.com/python/cpython/tree/3.13/Lib/functools.py,8,9,0.0
url,https://github.com/python/cpython/tree/3.13/Lib/hashlib.py,8,8,0.0
url,https://github.com/python/cpython/tree/3.13/Lib/logging/__init__.py,8,9,0.0
url,https://github.com/python/cpython/tree/3.13/Lib/pickle.py,8,8,0.0
url,https://github.com/python/cpython/tree/3.13/Lib/webbrowser.py,8,8,0.0
url,https://packaging.python.org/installing/#requirements-for-installing-packages,8,8,0.0
url,https://peps.python.org/pep-0324/,8,9,0.0
url,https://peps.python.org/pep-0526/,8,8,0.0
url,https://peps.python.org/pep-0634/,8,10,0.0
url,https://typing.python.org/en/latest/spec/index.html,8,8,0.0
url,https://datatracker.ietf.org/doc/html/rfc4648.html,7,7,0.0
url,https://github.com/python/cpython/tree/3.13/Lib/asyncio/,7,8,0.0
url,https://github.com/python/cpython/tree/3.13/Lib/decimal.py,7,7,0.0
url,https://github.com/python/cpython/tree/3.13/Lib/difflib.py,7,7,0.0
url,https://mypy.readthedocs.io/en/stable/index.html,7,7,0.0
url,https://packaging.python.org/en/latest/glossary/#term-Distribution-Package,7,7,0.0
url,https://peps.python.org/pep-0011/,7,7,0.0
url,https://peps.python.org/pep-0305/,7,7,0.0
url,https://requests.readthedocs.io/en/latest/,7,7,0.0
url,https://tiswww.case.edu/php/chet/readline/rltop.html,7,7,0.0
url,https://www.riverbankcomputing.com/static/Docs/pyqtdeploy/,7,7,0.0
url,https://www.sphinx-doc.org/,7,8,0.0
url,https://www.unicode.org/Public/15.1.0/ucd/DerivedCoreProperties.txt,7,16,0.0
url,https://www.youtube.com/watch?v=Xbl7XjFYsN4&list=PLhNSoGM2ik6SIkVGXWBwerucXjgP1rHmB,7,7,0.0
url,https://chaquo.com/chaquopy,6,6,0.0
url,https://datatracker.ietf.org/doc/html/rfc2104.html,6,6,0.0
url,https://datatracker.ietf.org/doc/html/rfc3986.html,6,7,0.0
url,https://en.wikipedia.org/wiki/Error_function,6,37,0.0
url,https://github.com/python/cpython/tree/3.13/Lib/configparser.py,6,6,0.0
url,https://github.com/python/cpython/tree/3.13/Lib/csv.py,6,6,0.0
url,https://github.com/python/cpython/tree/3.13/Lib/inspect.py,6,6,0.0
url,https://github.com/python/cpython/tree/3.13/Lib/logging/handlers.py,6,6,0.0
url,https://github.com/python/cpython/tree/3.13/Lib/pydoc.py,6,6,0.0
url,https://github.com/python/cpython/tree/3.13/Lib/tarfile.py,6,9,0.0
url,https://github.com/python/cpython/tree/3.13/Lib/tomllib,6,6,0.0
url,https://github.com/python/cpython/tree/3.13/Lib/urllib/parse.py,6,6,0.0
url,https://github.com/python/cpython/tree/3.13/Lib/wave.py,6,6,0.0
url,https://packaging.python.org/en/latest/tutorials/installing-packages/,6,6,0.0
url,https://peps.python.org/pep-0405/,6,6,0.0
url,https://peps.python.org/pep-0572/,6,7,0.0
url,https://pypi.org/project/legacy-cgi/,6,6,0.0
url,https://pypi.org/project/typing_extensions/,6,6,0.0
url,https://www.unicode.org/Public/15.1.0/ucd/NameAliases.txt,6,8,0.0
url,https://github.com/python/cpython/tree/3.13/Lib/_collections_abc.py,5,5,0.0
url,https://github.com/python/cpython/tree/3.13/Lib/abc.py,5,5,0.0
url,https://github.com/python/cpython/tree/3.13/Lib/base64.py,5,5,0.0
url,https://github.com/python/cpython/tree/3.13/Lib/collections/__init__.py,5,8,0.0
url,https://github.com/python/cpython/tree/3.13/Lib/http/client.py,5,5,0.0
url,https://github.com/python/cpython/tree/3.13/Lib/mimetypes.py,5,5,0.0
url,https://github.com/python/cpython/tree/3.13/Lib/queue.py,5,5,0.0
url,https://github.com/python/cpython/tree/3.13/Lib/secrets.py,5,5,0.0
url,https://github.com/python/cpython/tree/3.13/Lib/struct.py,5,5,0.0
url,https://github.com/python/cpython/tree/3.13/Lib/textwrap.py,5,5,0.0
url,https://github.com/python/cpython/tree/3.13/Lib/tkinter/ttk.py,5,5,0.0
url,https://github.com/python/cpython/tree/3.13/Lib/urllib/,5,5,0.0
url,https://github.com/python/cpython/tree/3.13/Lib/uuid.py,5,5,0.0
url,https://invisible-island.net/ncurses/ncurses-intro.html,5,5,0.0
url,https://learning-python.com/about-pp4e.html,5,5,0.0
url,https://manpages.debian.org/flock(2),5,5,0.0
url,https://manpages.debian.org/setsockopt(2),5,5,0.0
url,https://packaging.python.org/extensions/,5,5,0.0
url,https://peps.python.org/pep-0302/,5,5,0.0
url,https://peps.python.org/pep-0387/,5,6,0.0
url,https://peps.python.org/pep-0567/,5,5,0.0
url,https://peps.python.org/pep-0584/,5,5,0.0
url,https://peps.python.org/pep-0604/,5,5,0.0
url,https://peps.python.org/pep-0692/,5,5,0.0
url,https://peps.python.org/pep-3104/,5,5,0.0
url,https://peps.python.org/pep-3131/,5,11,0.0
url,https://peps.python.org/pep-3149/,5,5,0.0
url,https://pypi.org/project/Exscript/,5,5,0.0
url,https://rhettinger.wordpress.com/2011/05/26/super-considered-super/,5,5,0.0
url,https://webassembly.org/,5,5,0.0
url,https://wiki.python.org/moin/PythonEditors,5,5,0.0
url,https://www.cnri.reston.va.us/,5,5,0.0
url,https://www.python.org/psf/,5,5,0.0
url,https://www.sqlite.org/schematab.html,5,5,0.0
url,https://www.unicode.org/reports/tr44/,5,5,0.0
url,https://www.w3schools.com/sql/,5,5,0.0
url,https://aosabook.org/en/500L/a-web-crawler-with-asyncio-coroutines.html,4,5,0.0
url,https://cffi.readthedocs.io/,4,4,0.0
url,https://cibuildwheel.pypa.io/en/stable/platforms/#android,4,4,0.0
url,https://codahale.com/a-lesson-in-timing-attacks/,4,6,0.0
url,https://code.activestate.com/recipes/577504-compute-memory-footprint-of-an-object-and-its-cont/,4,4,0.0
url,https://code.activestate.com/recipes/579000-equally-spaced-numbers-linspace/,4,6,0.0
url,https://core.tcl.tk/tips/doc/trunk/tip/48.md,4,4,0.0
url,https://cwe.mitre.org/data/definitions/257.html,4,4,0.0
url,https://datatracker.ietf.org/doc/html/rfc822.html,4,4,0.0
url,https://emscripten.org/,4,4,0.0
url,https://en.wikipedia.org/wiki/Arity,4,4,0.0
url,https://en.wikipedia.org/wiki/Cryptographic_hash_function#Attacks_on_cryptographic_hash_algorithms,4,4,0.0
url,https://en.wikipedia.org/wiki/Database_transaction,4,4,0.0
url,https://en.wikipedia.org/wiki/Timsort,4,4,0.0
url,https://en.wikipedia.org/wiki/Universal_binary,4,4,0.0
url,https://github.com/python/cpython/blob/main/Doc/contents.rst?plain=1,4,4,0.0
url,https://github.com/python/cpython/blob/main/Doc/tutorial/appetite.rst?plain=1,4,4,0.0
url,https://github.com/python/cpython/tree/3.13/Android/testbed,4,4,0.0
url,https://github.com/python/cpython/tree/3.13/Android/testbed/app/src/main/c/main_activity.c,4,4,0.0
url,https://github.com/python/cpython/tree/3.13/Lib/asyncio/events.py,4,4,0.0
url,https://github.com/python/cpython/tree/3.13/Lib/asyncio/subprocess.py,4,4,0.0
url,https://github.com/python/cpython/tree/3.13/Lib/bisect.py,4,4,0.0
url,https://github.com/python/cpython/tree/3.13/Lib/curses,4,4,0.0
url,https://github.com/python/cpython/tree/3.13/Lib/getpass.py,4,4,0.0
url,https://github.com/python/cpython/tree/3.13/Lib/html/__init__.py,4,5,0.0
url,https://github.com/python/cpython/tree/3.13/Lib/io.py,4,4,0.0
url,https://github.com/python/cpython/tree/3.13/Lib/ipaddress.py,4,4,0.0
url,https://github.com/python/cpython/tree/3.13/Lib/keyword.py,4,5,0.0
url,https://github.com/python/cpython/tree/3.13/Lib/operator.py,4,5,0.0
url,https://github.com/python/cpython/tree/3.13/Lib/pdb.py,4,4,0.0
url,https://github.com/python/cpython/tree/3.13/Lib/shutil.py,4,4,0.0
url,https://github.com/python/cpython/tree/3.13/Lib/statistics.py,4,4,0.0
url,https://github.com/python/cpython/tree/3.13/Lib/traceback.py,4,4,0.0
url,https://github.com/python/cpython/tree/3.13/Lib/unittest/mock.py,4,4,0.0
url,https://github.com/python/cpython/tree/3.13/Lib/xml/dom/minidom.py,4,4,0.0
url,https://json.org/,4,4,0.0
url,https://manpages.debian.org/alarm(2),4,4,0.0
url,https://peps.python.org/pep-0292/,4,4,0.0
url,https://peps.python.org/pep-0498/,4,6,0.0
url,https://peps.python.org/pep-0632/,4,4,0.0
url,https://peps.python.org/pep-3101/,4,4,0.0
url,https://pkware.cachefly.net/webdocs/casestudies/APPNOTE.TXT,4,4,0.0
url,https://py-free-threading.github.io/installing-cpython/,4,4,0.0
url,https://pypi.org/project/aiosmtpd/,4,4,0.0
url,https://wiki.tcl-lang.org/37432,4,5,0.0
url,https://www.cwi.nl/,4,4,0.0
url,https://www.python.org/downloads/windows/,4,4,0.0
url,https://www.unicode.org/versions/Unicode15.1.0/ch04.pdf,4,4,0.0
url,http://www.zlib.net/,3,3,0.0
url,https://code.activestate.com/recipes/langs/python/,3,3,0.0
url,https://cython.org/,3,3,0.0
url,https://datatracker.ietf.org/doc/html/rfc9110.html,3,3,0.0
url,https://devguide.python.org/tracker/,3,3,0.0
url,https://en.opensuse.org/Portal:Packaging,3,3,0.0
url,https://en.wikipedia.org/wiki/Bottom_type,3,3,0.0
url,https://en.wikipedia.org/wiki/Cartesian_product,3,3,0.0
url,https://en.wikipedia.org/wiki/Gamma_function,3,3,0.0
url,https://en.wikipedia.org/wiki/Walrus#/media/File:Pacific_Walrus_-_Bull_(8247646168).jpg,3,3,0.0
url,https://github.com/python/cpython/blob/main/Doc/bugs.rst?plain=1,3,3,0.0
url,https://github.com/python/cpython/blob/main/Doc/library/functions.rst?plain=1,3,3,0.0
url,https://github.com/python/cpython/blob/main/Doc/library/logging.rst?plain=1,3,3,0.0
url,https://github.com/python/cpython/blob/main/Doc/library/math.rst?plain=1,3,3,0.0
url,https://github.com/python/cpython/blob/main/Doc/library/tkinter.rst?plain=1,3,3,0.0
url,https://github.com/python/cpython/tree/3.13/Android/testbed/app/src/main/java/org/python/testbed/MainActivity.kt,3,3,0.0
url,https://github.com/python/cpython/tree/3.13/Grammar/python.gram,3,3,0.0
url,https://github.com/python/cpython/tree/3.13/Lib/ast.py,3,3,0.0
url,https://github.com/python/cpython/tree/3.13/Lib/asyncio/coroutines.py,3,3,0.0
url,https://github.com/python/cpython/tree/3.13/Lib/bz2.py,3,3,0.0
url,https://github.com/python/cpython/tree/3.13/Lib/cmd.py,3,4,0.0
url,https://github.com/python/cpython/tree/3.13/Lib/codecs.py,3,3,0.0
url,https://github.com/python/cpython/tree/3.13/Lib/concurrent/futures/process.py,3,3,0.0
url,https://github.com/python/cpython/tree/3.13/Lib/concurrent/futures/thread.py,3,3,0.0
url,https://github.com/python/cpython/tree/3.13/Lib/ctypes,3,3,0.0
url,https://github.com/python/cpython/tree/3.13/Lib/doctest.py,3,3,0.0
url,https://github.com/python/cpython/tree/3.13/Lib/fractions.py,3,3,0.0
url,https://github.com/python/cpython/tree/3.13/Lib/genericpath.py,3,3,0.0
url,https://github.com/python/cpython/tree/3.13/Lib/graphlib.py,3,3,0.0
url,https://github.com/python/cpython/tree/3.13/Lib/importlib/metadata/__init__.py,3,5,0.0
url,https://github.com/python/cpython/tree/3.13/Lib/modulefinder.py,3,3,0.0
url,https://github.com/python/cpython/tree/3.13/Lib/pprint.py,3,3,0.0
url,https://github.com/python/cpython/tree/3.13/Lib/ssl.py,3,3,0.0
url,https://github.com/python/cpython/tree/3.13/Lib/timeit.py,3,3,0.0
url,https://github.com/python/cpython/tree/3.13/Lib/urllib/request.py,3,3,0.0
url,https://github.com/python/cpython/tree/3.13/Lib/xml/,3,3,0.0
url,https://github.com/python/cpython/tree/3.13/Lib/zipimport.py,3,3,0.0
url,https://github.com/python/cpython/tree/3.13/Lib/zoneinfo,3,3,0.0
url,https://infozip.sourceforge.net/,3,3,0.0
url,https://jvns.ca/blog/2023/01/13/examples-of-floating-point-problems/,3,3,0.0
url,https://learn.microsoft.com/windows/win32/procthread/environment-variables,3,3,0.0
url,https://manpages.debian.org/fcntl(2),3,3,0.0
url,https://msdn.microsoft.com/en-us/library/windows/desktop/gg258117.aspx,3,3,0.0
url,https://peps.python.org/pep-0236/,3,3,0.0
url,https://peps.python.org/pep-0373/,3,3,0.0
url,https://peps.python.org/pep-0475/,3,3,0.0
url,https://peps.python.org/pep-0488/,3,3,0.0
url,https://peps.python.org/pep-0544/,3,3,0.0
url,https://peps.python.org/pep-0591/,3,3,0.0
url,https://peps.python.org/pep-0612/,3,4,0.0
url,https://peps.python.org/pep-0730/,3,3,0.0
url,https://peps.python.org/pep-3134/,3,4,0.0
url,https://peps.python.org/pep-3148/,3,4,0.0
url,https://peps.python.org/pep-3151/,3,3,0.0
url,https://perf.wiki.kernel.org/,3,4,0.0
url,https://portingguide.readthedocs.io/,3,3,0.0
url,https://py-free-threading.github.io/tracking/,3,3,0.0
url,https://pypi.org/project/UniCurses/,3,3,0.0
url,https://pypi.org/project/more-itertools/,3,3,0.0
url,https://pypi.org/project/puremagic/,3,3,0.0
url,https://pypy.org/,3,3,0.0
url,https://rfc.zeromq.org/spec/32/,3,4,0.0
url,https://setuptools.readthedocs.io/en/latest/setuptools.html,3,4,0.0
url,https://sqlite.org/inmemorydb.html,3,3,0.0
url,https://vimeo.com/147792667,3,3,0.0
url,https://wasi.dev/,3,3,0.0
url,https://www.amazon.com/exec/obidos/ASIN/032133633X,3,3,0.0
