name,visitors,bounce_rate,visit_duration
google.com,71803,81,108
Direct / None,52212,69,173
python.org,7181,60,122
bing.com,6109,79,92
duckduckgo.com,4225,79,129
yandex.ru,2563,79,54
search.brave.com,1984,82,80
cn.bing.com,1451,74,90
chatgpt.com,1211,72,114
cs50.harvard.edu,1061,68,257
boot.dev,999,77,164
baidu.com/link,687,81,94
udemy.com,559,87,71
ecosia.org,468,85,109
m.baidu.com,457,85,37
google.com.hk,432,84,107
pandas.pydata.org,306,90,25
realpython.com,281,80,128
wiki.python.org,238,60,119
github.com,231,83,69
statics.teams.cdn.office.net,223,92,82
netacad.com,220,87,32
matplotlib.org,211,88,45
roadmap.sh,200,74,159
ya.ru,198,87,44
qiita.com,183,81,102
discuss.python.org,172,86,90
qwant.com,160,73,404
note.nkmk.me,158,91,116
pip.pypa.io/en/stable/installation,138,81,33
code.visualstudio.com,133,88,62
baidu.com,119,73,50
youtube.com,116,80,45
practicum.yandex.ru,112,85,100
yandex.ru/search,112,84,59
codecademy.com,110,87,115
numpy.org,109,78,113
search.yahoo.com,106,78,132
pytest-mock.readthedocs.io/en/latest/usage.html,104,60,306
docs.pydantic.dev,102,90,115
learn.zybooks.com,101,92,104
peps.python.org,96,71,135
docs.pytorch.org,94,92,28
es.python.org,94,53,175
openclassrooms.com,92,79,162
pypi.org,83,80,165
in.search.yahoo.com,82,82,50
doubao.com,77,59,155
google.co.uk,75,78,178
fastapi.tiangolo.com,71,79,105
code.amazon.com,70,72,35
google.ru,69,82,79
perplexity.ai,69,79,179
scikit-learn.org,69,76,45
android-app://com.google.android.googlequicksearchbox,66,74,148
stackoverflow.com,63,83,67
learn.microsoft.com,56,92,117
cs.montana.edu,55,72,81
langchain-ai.github.io,55,84,15
gemini.google.com,53,71,221
odoo.com,53,91,62
airflow.apache.org,52,88,24
link.zhihu.com,52,65,54
engdoc.corp.google.com,50,87,62
google.fr,50,83,105
codedex.io,47,92,10
docs.astral.sh,46,89,70
us.prairielearn.com,46,58,186
developers.google.com,45,79,98
pygame.org,45,89,22
notebooks.githubusercontent.com,40,68,103
yandex.by,40,78,127
link.csdn.net,39,82,198
g3doc.corp.google.com,38,84,53
copilot.microsoft.com,36,63,220
android-app://com.reddit.frontpage,35,77,55
s3.eu-west-1.amazonaws.com,35,63,167
kivy.org,34,57,217
google.de,33,75,105
m.datacamp.com/courses/intro-to-python-for-data-science/chapter-3-functions-and-packages,33,54,265
networkx.org,33,82,8
github.com/yt-dlp/yt-dlp,32,97,0
classroom.google.com,31,65,245
cursos.alura.com.br,30,85,39
itgkhub.apps.stack.it.ntnu.no,30,93,27
yandex.kz,30,88,12
claude.ai,29,76,123
theforage.com,28,83,50
aio.edu.au,27,39,1106
docs.ansible.com,27,100,0
packaging.python.org/en/latest/tutorials/packaging-projects,27,74,190
pip.pypa.io,27,78,40
docs.pola.rs,26,100,0
hackerrank.com,26,100,0
mne.tools,26,89,75
so.com/link,25,84,83
ufora.ugent.be,25,92,1
ellibrodepython.com,24,76,11
google.com/search,24,68,105
python.jp,24,67,167
reddit.com,24,60,104
courses.edx.org,23,88,17
eecs485staff.github.io,23,79,168
huggingface.co,22,82,35
packaging.python.org/en/latest/tutorials/installing-packages,22,82,59
google.ch,21,86,51
athena.alxafrica.com,20,100,0
google.github.io,20,80,67
liaoxuefeng.com,20,86,36
savanna.alxafrica.com,20,81,9
blockpy.cis.udel.edu,19,77,26
confluence.ecmwf.int,19,80,150
learn.profession.ai,19,100,0
leetcode.com,19,74,85
pro.arcgis.com,19,90,3
pyformat.info,19,95,5
python-forum.io,19,90,17
superfastpython.com,19,75,93
app.gocobi.com,18,64,460
docs.google.com,18,90,34
hiladental.co.il,18,52,1067
l.facebook.com,18,95,1
rouhani.folk.ntnu.no,18,42,334
utokyo-ipp.github.io,18,68,143
w3schools.com,18,89,44
app.dataquest.io,17,58,201
developer.mozilla.org,17,71,16
elearn.epam.com,17,76,117
facebook.com,17,100,0
getcracked.io,17,88,24
learnpython.org,17,75,236
lms.skillfactory.ru,17,90,1
microsoft.github.io,17,100,0
openstax.org,17,78,125
proxy.vocareum.com,17,67,472
steam.oxxostudio.tw,17,56,248
br.search.yahoo.com,16,82,15
curriculum.wethinkco.de,16,89,59
en.wikipedia.org,16,65,55
kennesaw.view.usg.edu,16,65,201
learn.lewagon.com,16,88,69
moodle.polymtl.ca,16,53,141
sky.pro,16,82,127
127.0.0.1,15,94,2
cloud.google.com,15,69,300
edube.org,15,93,0
gstatic.com,15,89,92
id.search.yahoo.com,15,56,264
mastergroosha.github.io,15,87,26
moodle.oulu.fi,15,61,498
notebooks.smeal.psu.edu,15,100,0
pymupdf.readthedocs.io/en/latest/installation.html,15,100,0
pytest-mock.readthedocs.io,15,87,30
qna.habr.com,15,80,134
robotframework.org,15,87,136
trix.ifi.uio.no,15,69,132
upgrad.com,15,87,75
ai.pydantic.dev,14,100,0
cantera.org,14,93,3
courses.campus.gov.il,14,86,96
courses.skillindiadigital.gov.in,14,44,59
github.com/AUTOMATIC1111/stable-diffusion-webui/issues/1423,14,93,7
google.at,14,100,0
packaging.python.org,14,71,126
purdueglobal.brightspace.com,14,73,98
skillbox.ru,14,62,263
sphinx-doc.org/en/master,14,79,71
yandex.com.tr,14,86,47
coccoc.com/search,13,62,40
hoctructuyen.top,13,100,0
home-assistant.io/docs/configuration/templating,13,69,114
ntnu.blackboard.com,13,92,1
python.org/psf-landing,13,62,78
python.p2hp.com,13,43,171
react-app-python-runner.vercel.app,13,93,1
safe.menlosecurity.com,13,64,252
sgt.hootr.club,13,100,0
statics.gov.teams.microsoft.us,13,71,21
uk.search.yahoo.com,13,81,51
amuletmc.com,12,58,96
discuss.streamlit.io,12,92,6
google.co.in,12,54,139
learn.rrc.ca,12,52,1461
notion.so,12,68,83
packaging.python.org/en/latest/guides/tool-recommendations,12,67,62
pythoncheatsheet.org,12,92,0
runoob.com,12,50,244
yuanbao.tencent.com,12,69,235
cdn.evg.gov.br,11,45,342
discoveringcs.net,11,92,17
gist.github.com,11,73,1012
google.ca,11,82,71
google.com.au,11,91,730
kloud.edukate.ai,11,82,1
linkedin.com,11,92,1
lms.informatics.ru,11,85,28
loguru.readthedocs.io/en/stable/api/logger.html,11,64,143
luminaedu.com,11,64,149
py4e.com,11,82,8
sandbox.dodona.be,11,82,108
byhy.net,10,82,7
cms.unir.net,10,70,12
codewars.com,10,91,12
digitalocean.com,10,73,1
docs.pytest.org,10,75,153
docs.pytest.org/en/stable/reference/reference.html,10,100,0
nb.anaconda.com,10,70,68
overleaf.com,10,64,28
presencial.moodle.ufsc.br,10,55,170
search.yahoo.co.jp,10,50,403
strftime.org,10,90,393
algo-method.com,9,83,124
android-app://com.linkedin.android,9,44,28
app.kira-learning.com,9,70,383
bennett.codetantra.com,9,83,217
codecademy-enterprise.percipio.com,9,82,23
colab.research.google.com,9,88,220
crackstation.net,9,100,0
cse312.com,9,100,0
datacamp.com,9,89,8
flask.palletsprojects.com,9,78,47
fr.search.yahoo.com,9,89,16
github.com/vinta/awesome-python,9,100,0
learn.umgc.edu,9,78,215
lms.yandex.ru,9,90,0
nhairs.github.io,9,60,270
pregrado.ucundinamarca.edu.co,9,60,407
pwn.college,9,100,0
rephactor.com,9,100,0
sites.google.com,9,80,188
uiowa.instructure.com/courses/256365/modules/items/8345768,9,73,28
view.genially.com/6425fdb124880b00198e0b1c,9,100,0
virtualenv.pypa.io/en/latest,9,67,51
wikidocs.net,9,89,170
9508.cercom.com.ar,8,88,198
academy.zerotomastery.io,8,100,0
bip-elearning.de,8,0,1667
ca.search.yahoo.com,8,88,2
discordpy.readthedocs.io/en/stable/api.html,8,100,0
docs.sqlalchemy.org,8,71,178
flask.palletsprojects.com/en/stable/api,8,62,169
flask.palletsprojects.com/en/stable/tutorial,8,75,127
forums.raspberrypi.com,8,88,29
github.com/krishnaik06/Perfect-Roadmap-To-Learn-Data-Science-In-2025,8,88,10
google.co.jp,8,67,7
internalfb.com,8,100,0
joshcannon.me,8,62,11
jupyter.org,8,86,6
login.microsoftonline.com,8,75,1
m.baidu.com/s,8,86,3
moodle.zealand.dk,8,89,71
pre-commit.com,8,88,2
pythonlikeyoumeanit.com,8,67,46
pythontutor.ru,8,100,0
quiz2025.csse.canterbury.ac.nz,8,38,1123
saman.icesi.edu.co,8,43,355
statsmodels.org,8,100,0
uvicorn.org,8,43,94
www-python-org.translate.goog,8,33,110
app.perusall.com,7,88,9
atcoder.jp,7,86,64
cheatsheetseries.owasp.org,7,86,2
co.search.yahoo.com,7,100,0
deloittedevelopment.udemy.com,7,86,7
dnmtechs.com,7,86,65
docs.litestar.dev,7,86,174
edube.org/learn/pe-1/section-summary-72,7,100,0
epochconverter.com,7,100,0
esig-sandbox.ch,7,12,1094
github.com/python/cpython/issues/138178,7,71,104
isaac-sim.github.io,7,86,1
learn.nvidia.com,7,71,48
lightning.ai,7,100,0
mail.google.com,7,71,253
mx.search.yahoo.com,7,86,97
mycourses2.mcgill.ca,7,57,5
ntp.msn.cn,7,43,292
open.uom.lk,7,100,0
pygmt.org,7,86,3
pyo3.rs,7,88,8
python-izm.com,7,75,5
sg.search.yahoo.com,7,43,1050
tw.search.yahoo.com,7,71,47
wiki.python.org.ar,7,57,515
zetcode.com,7,43,118
alembic.sqlalchemy.org,6,83,6
app.certidevs.com,6,86,4
betterstack.com,6,100,0
bing.com/search,6,83,103
blackboard.gwu.edu,6,86,2
brightspace.cuny.edu,6,50,225
caterpillar.sharepoint.com,6,80,1
cgp-oex.wgu.edu,6,67,1
cloud.tencent.com/developer/tools/blog-entry,6,40,129
coderivers.org,6,62,236
codeup.kr,6,100,0
discordpy.readthedocs.io,6,86,1
docs.pytest.org/en/stable/how-to/capture-warnings.html,6,100,0
docs.python-guide.org,6,50,411
edu.mipt.ru,6,100,0
