name,version,visitors
Mobile App,(not set),1732
Chrome,138.0,1242
Microsoft Edge,138.0,279
Safari,18.5,227
Huawei Browser Mobile,16.0,146
Mobile App,97.0,137
Firefox,141.0,117
vivo Browser,25.6,58
vivo Browser,25.5,44
Chrome,137.0,40
Safari,18.6,23
vivo Browser,25.4,23
UC Browser,17.8,19
Safari,18.4,15
MIUI Browser,20.0,12
Chrome,132.0,11
vivo Browser,25.2,11
Huawei Browser Mobile,15.0,10
Safari,17.6,10
vivo Browser,25.3,10
Chrome,109.0,9
Firefox,128.0,9
Chrome,136.0,9
vivo Browser,25.7,8
Safari,18.0,7
Safari,18.3,7
MIUI Browser,19.9,7
vivo Browser,24.7,7
vivo Browser,24.9,7
Chrome,131.0,6
Chrome,134.0,6
Safari,16.6,6
MIUI Browser,19.8,6
Chrome,114.0,5
Chrome,139.0,5
Safari,17.5,5
vivo Browser,25.0,5
vivo Browser,25.1,5
Safari,(not set),4
vivo Browser,10.9,4
Chrome,116.0,4
Microsoft Edge,137.0,4
Firefox,139.0,4
vivo Browser,18.7,4
vivo Browser,23.6,4
vivo Browser,24.6,4
Brave,(not set),3
Chrome,122.0,3
Mobile App,135.0,3
Chrome,135.0,3
Firefox,136.0,3
Chrome,140.0,3
Firefox,142.0,3
Safari,15.6,3
Safari,16.0,3
Safari,26.0,3
Huawei Browser Mobile,5.1,3
Smart Lenovo Browser,9.0,3
Huawei Browser Mobile,11.0,2
Microsoft Edge,114.0,2
Firefox,115.0,2
CoolBrowser,117.0,2
Huawei Browser Mobile,12.1,2
Opera,120.0,2
Chrome,125.0,2
Firefox,126.1,2
Chrome,128.0,2
Microsoft Edge,128.0,2
Huawei Browser Mobile,13.0,2
Mobile App,131.0,2
Norton Private Browser,137.0,2
Microsoft Edge,139.0,2
Huawei Browser Mobile,14.0,2
Firefox,140.0,2
Safari,15.0,2
Safari,15.4,2
QQ Browser,16.0,2
Safari,16.1,2
Safari,17.4,2
UC Browser,17.5,2
vivo Browser,18.0,2
Safari,18.2,2
QQ Browser,19.2,2
MIUI Browser,19.6,2
vivo Browser,20.5,2
vivo Browser,20.9,2
vivo Browser,23.1,2
Chrome,69.0,2
Quark,7.14,2
Mobile App,80.0,2
Mobile App,83.0,2
Chrome,86.0,2
Chrome,97.0,2
Quark,(not set),1
vivo Browser,10.1,1
vivo Browser,10.8,1
Chrome,106.0,1
Chrome,109,1
Huawei Browser Mobile,11.1,1
vivo Browser,11.4,1
Mobile App,114.0,1
Chrome,115.0,1
Mobile App,116.0,1
Mobile App,117.0,1
Chrome,117.0,1
Mobile Silk,118.25,1
Safari,12.1,1
MIUI Browser,12.2,1
Meizu Browser,12.5,1
Microsoft Edge,120.0,1
Chrome,120.0,1
Chrome,123.0,1
Microsoft Edge,124.0,1
Mobile App,124.0,1
Mobile App,126.0,1
Safari,13.1,1
Mobile App,130.0,1
Mobile App,133.0,1
Firefox,135.0,1
Mobile Silk,138.3,1
Safari,14.1,1
MIUI Browser,14.10,1
vivo Browser,14.5,1
Firefox,140.3,1
Firefox,141.1,1
UC Browser,15.4,1
Samsung Browser,16.0,1
UC Browser,16.1,1
vivo Browser,16.3,1
Safari,16.3,1
vivo Browser,16.7,1
Samsung Browser,17.0,1
Safari,17.13,1
Safari,17.14,1
MIUI Browser,17.4,1
MIUI Browser,17.7,1
MIUI Browser,17.8,1
Safari,18.1,1
MIUI Browser,18.2,1
QQ Browser,19.0,1
MIUI Browser,19.3,1
MIUI Browser,19.5,1
vivo Browser,21.5,1
vivo Browser,21.8,1
vivo Browser,22.3,1
vivo Browser,22.4,1
vivo Browser,22.7,1
vivo Browser,22.9,1
vivo Browser,23.4,1
vivo Browser,23.9,1
vivo Browser,24.0,1
Samsung Browser,24.1,1
vivo Browser,24.3,1
vivo Browser,24.8,1
Pale Moon,33.8,1
Oppo Browser,4.3,1
Oppo Browser,4.7,1
Sleipnir,4.8,1
UBrowser,6.2,1
Quark,7.4,1
Chrome,78.0,1
Rakuten Web Search,8.133,1
Mobile App,87.0,1
Mobile App,90.0,1
Opera,90.0,1
Chrome,92.0,1
Chrome,96.0,1
Mobile App,99.0,1
