name,unique_entrances,total_entrances,visit_duration
/ja/3.13/c-api/capsule.html,1774,1784,15
/ja/3/library/codecs.html,493,497,57
/ja/3/,97,99,155
/ja/3.13/tutorial/,75,76,137
/ja/3/tutorial/,71,82,122
/ja/3.13/library/functions.html,52,56,153
/ja/3/library/index.html,52,53,49
/ja/3/library/functions.html,44,44,174
/ja/3.13/library/index.html,39,39,170
/ja/3/library/stdtypes.html,38,39,51
/ja/3.13/library/random.html,33,33,37
/ja/3.13/library/stdtypes.html,33,36,205
/ja/3.13/library/re.html,31,33,66
/ja/3/tutorial/datastructures.html,30,33,7
/ja/3/tutorial/index.html,30,30,188
/ja/3.13/library/datetime.html,27,28,63
/3/,26,27,595
/ja/3.13/tutorial/inputoutput.html,25,26,164
/ja/3/reference/introduction.html,23,23,21
/ja/3.13/tutorial/classes.html,22,22,124
/ja/3/tutorial/introduction.html,22,22,92
/ja/3.13/library/pathlib.html,21,21,129
/ja/3.13/library/typing.html,21,21,79
/ja/3/tutorial/controlflow.html,21,25,389
/ja/3.13/howto/sorting.html,20,21,225
/ja/3.13/search.html,20,22,337
/ja/3.13/copyright.html,19,19,5
/ja/3.13/library/csv.html,19,19,14
/ja/3.13/library/logging.html,19,20,112
/ja/3.13/library/subprocess.html,19,20,267
/ja/3.13/tutorial/interpreter.html,18,19,186
/ja/3.13/,16,20,319
/ja/3.13/library/itertools.html,16,16,59
/ja/3.13/library/json.html,16,16,30
/ja/3/reference/index.html,16,18,248
/ja/3/search.html,16,17,43
/ja/3/tutorial/interpreter.html,16,17,22
/ja/3.13/library/os.path.html,15,15,15
/ja/3.13/library/string.html,15,15,49
/ja/3/library/venv.html,15,15,14
/ja/3.13/extending/extending.html,14,14,27
/ja/3.13/tutorial/errors.html,14,14,238
/ja/3.13/tutorial/index.html,14,15,82
/ja/3.12/library/codecs.html,13,13,15
/ja/3.13/library/shutil.html,13,14,38
/ja/3.13/library/sqlite3.html,13,14,0
/ja/3.13/reference/index.html,13,14,39
/ja/3.13/tutorial/appetite.html,13,13,36
/ja/3/c-api/import.html,13,13,0
/ja/3/tutorial/appetite.html,13,13,59
/ja/3.13/library/dataclasses.html,12,13,151
/ja/3.13/tutorial/controlflow.html,12,13,179
/ja/3.13/using/windows.html,12,13,35
/ja/3.13/library/concurrent.futures.html,11,13,8
/ja/3.13/library/enum.html,11,11,0
/ja/3/index.html,11,11,57
/ja/3/library/datetime.html,11,11,1
/ja/3/library/itertools.html,11,11,0
/ja/3/library/os.html,11,11,38
/ja/3/library/re.html,11,11,166
/ja/3.13/glossary.html,10,10,31
/ja/3.13/index.html,10,10,190
/ja/3.13/library/collections.html,10,11,2
/ja/3.13/library/functools.html,10,10,6
/ja/3.13/library/math.html,10,10,6
/ja/3.13/library/pickle.html,10,12,154
/ja/3.13/library/threading.html,10,11,185
/ja/3.13/library/time.html,10,10,0
/ja/3.13/library/__main__.html,9,9,28
/ja/3.13/library/exceptions.html,9,9,25
/ja/3.13/library/multiprocessing.html,9,9,144
/ja/3.13/library/os.html,9,9,16
/ja/3.13/library/tkinter.ttk.html,9,9,0
/ja/3.13/library/venv.html,9,9,7
/ja/dev/tutorial/errors.html,9,9,0
/ja/3.13/library/argparse.html,8,10,142
/ja/3.13/library/bisect.html,8,8,0
/ja/3.13/library/urllib.parse.html,8,8,0
/ja/3.13/tutorial/datastructures.html,8,8,125
/ja/3.13/tutorial/floatingpoint.html,8,8,6
/ja/3.13/tutorial/modules.html,8,8,253
/ja/3/library/exceptions.html,8,8,310
/ja/3/library/math.html,8,8,25
/ja/3/library/string.html,8,9,261
/ja/3/library/xml.etree.elementtree.html,8,8,0
/ja/3/using/windows.html,8,8,48
/ja/3.13/c-api/stable.html,7,7,14
/ja/3.13/howto/logging.html,7,7,0
/ja/3.13/library/socket.html,7,7,67
/ja/3.13/library/urllib.request.html,7,8,32
/ja/3.13/tutorial/introduction.html,7,7,329
/ja/3/howto/logging-cookbook.html,7,7,4
/ja/3/library/,7,7,183
/ja/3/library/random.html,7,7,0
/ja/3/library/tkinter.html,7,8,136
/ja/3/tutorial/modules.html,7,7,504
/ja/3.13/c-api/structures.html,6,6,15
/ja/3.13/howto/curses.html,6,6,2
/ja/3.13/installing/index.html,6,6,4
/ja/3.13/library/asyncio-task.html,6,7,231
/ja/3.13/library/codecs.html,6,6,71
/ja/3.13/library/decimal.html,6,6,0
/ja/3.13/library/glob.html,6,6,0
/ja/3.13/library/heapq.html,6,6,0
/ja/3.13/library/io.html,6,6,641
/ja/3.13/library/operator.html,6,6,86
/ja/3.13/library/signal.html,6,6,161
/ja/3.13/library/struct.html,6,6,208
/ja/3.13/library/tempfile.html,6,7,27
/ja/3.13/library/tkinter.html,6,6,28
/ja/3/bugs.html,6,6,0
/ja/3/library/sqlite3.html,6,6,12
/ja/3/library/zoneinfo.html,6,6,50
/ja/3.13/library/base64.html,5,5,582
/ja/3.13/library/curses.html,5,5,0
/ja/3.13/library/difflib.html,5,5,235
/ja/3.13/library/unittest.mock.html,5,5,0
/ja/3.13/reference/expressions.html,5,5,297
/ja/3.14/tutorial/datastructures.html,5,5,0
/ja/3/c-api/bytes.html,5,5,0
/ja/3/c-api/dict.html,5,5,173
/ja/3/contents.html,5,5,212
/ja/3/library/turtle.html,5,5,168
/ja/3/reference/expressions.html,5,5,0
/ja/3/tutorial/classes.html,5,5,660
/ja/dev/library/subprocess.html,5,5,0
/ja/3.13/howto/regex.html,4,4,854
/ja/3.13/library/atexit.html,4,5,0
/ja/3.13/library/binascii.html,4,4,308
/ja/3.13/library/copy.html,4,4,3
/ja/3.13/library/ctypes.html,4,4,0
/ja/3.13/library/ensurepip.html,4,4,27
/ja/3.13/library/idle.html,4,4,0
/ja/3.13/library/importlib.html,4,4,365
/ja/3.13/library/ipaddress.html,4,4,0
/ja/3.13/library/logging.handlers.html,4,4,0
/ja/3.13/library/pprint.html,4,4,0
/ja/3.13/library/queue.html,4,4,0
/ja/3.13/library/traceback.html,4,5,0
/ja/3.13/library/turtle.html,4,4,2
/ja/3.13/library/unittest.html,4,4,0
/ja/3.13/library/wave.html,4,5,0
/ja/3.13/reference/datamodel.html,4,4,400
/ja/3.13/tutorial/stdlib.html,4,4,0
/ja/3/howto/logging.html,4,4,2
/ja/3/installing/index.html,4,4,62
/ja/3/library/bisect.html,4,4,275
/ja/3/library/concurrent.futures.html,4,4,0
/ja/3/library/logging.html,4,4,0
/ja/3/library/mmap.html,4,4,0
/ja/3/reference/compound_stmts.html,4,4,808
/ja/3/reference/import.html,4,4,826
/3.13/,3,3,1174
/3.13/using/windows.html,3,3,23
/3/library/functions.html,3,3,919
/ja/3.13/contents.html,3,3,625
/ja/3.13/library/asyncio-future.html,3,3,0
/ja/3.13/library/asyncio-queue.html,3,3,1206
/ja/3.13/library/asyncio.html,3,3,518
/ja/3.13/library/calendar.html,3,3,447
/ja/3.13/library/contextlib.html,3,4,28
/ja/3.13/library/http.server.html,3,3,0
/ja/3.13/library/locale.html,3,3,0
/ja/3.13/library/ssl.html,3,3,20
/ja/3.13/library/stat.html,3,3,231
/ja/3.13/library/sys.html,3,4,9
/ja/3.13/library/textwrap.html,3,3,0
/ja/3.13/library/timeit.html,3,3,3
/ja/3.13/library/warnings.html,3,3,1
/ja/3.13/library/winsound.html,3,3,0
/ja/3.13/reference/compound_stmts.html,3,3,213
/ja/3.13/tutorial/stdlib2.html,3,3,844
/ja/3.14/tutorial/interpreter.html,3,7,0
/ja/3/extending/embedding.html,3,3,8
/ja/3/library/asyncio.html,3,3,0
/ja/3/library/csv.html,3,3,272
/ja/3/library/ctypes.html,3,3,0
/ja/3/library/functools.html,3,3,0
/ja/3/library/html.parser.html,3,3,0
/ja/3/library/http.client.html,3,3,0
/ja/3/library/inspect.html,3,3,474
/ja/3/library/secrets.html,3,3,0
/ja/3/library/shutil.html,3,3,260
/ja/3/library/socket.html,3,3,13
/ja/3/library/struct.html,3,4,0
/ja/3/library/sys.html,3,3,0
/ja/3/library/time.html,3,3,276
/ja/3/tutorial/errors.html,3,4,2543
/ja/3/tutorial/inputoutput.html,3,3,115
/ja/dev/library/enum.html,3,3,0
/3.13/tutorial/index.html,2,2,288
/3/c-api/index.html,2,2,516
/3/library/queue.html,2,2,627
/3/library/string.html,2,2,137
/3/library/timeit.html,2,2,3439
/3/tutorial/classes.html,2,2,1270
/ja/3.12/library/functions.html,2,2,0
/ja/3.12/library/tkinter.dnd.html,2,2,0
/ja/3.12/library/typing.html,2,2,0
/ja/3.12/library/venv.html,2,2,0
/ja/3.13/c-api/apiabiversion.html,2,2,559
/ja/3.13/c-api/code.html,2,2,0
/ja/3.13/c-api/index.html,2,2,211
/ja/3.13/howto/unicode.html,2,2,926
/ja/3.13/library/_thread.html,2,2,0
/ja/3.13/library/abc.html,2,2,0
/ja/3.13/library/array.html,2,2,0
/ja/3.13/library/collections.abc.html,2,2,0
/ja/3.13/library/contextvars.html,2,2,46
/ja/3.13/library/dialog.html,2,2,2
/ja/3.13/library/dis.html,2,2,0
/ja/3.13/library/fcntl.html,2,2,0
/ja/3.13/library/ftplib.html,2,2,0
/ja/3.13/library/gc.html,2,2,0
/ja/3.13/library/html.html,2,2,145
/ja/3.13/library/inspect.html,2,2,0
/ja/3.13/library/profile.html,2,2,0
/ja/3.13/library/sched.html,2,2,0
/ja/3.13/library/smtplib.html,2,2,0
/ja/3.13/library/tarfile.html,2,2,0
/ja/3.13/library/tk.html,2,2,849
/ja/3.13/library/tomllib.html,2,2,0
/ja/3.13/library/urllib.html,2,2,12
/ja/3.13/library/uuid.html,2,2,0
/ja/3.13/library/winreg.html,2,2,0
/ja/3.13/py-modindex.html,2,2,4
/ja/3.13/reference/import.html,2,2,1
/ja/3.13/reference/introduction.html,2,2,12
/ja/3.14/,2,3,10
/ja/3/glossary.html,2,2,216
/ja/3/howto/regex.html,2,2,0
/ja/3/howto/sorting.html,2,2,13
/ja/3/howto/urllib2.html,2,2,0
/ja/3/library/argparse.html,2,2,0
/ja/3/library/calendar.html,2,2,0
/ja/3/library/configparser.html,2,2,2
/ja/3/library/constants.html,2,2,55
/ja/3/library/decimal.html,2,2,0
/ja/3/library/glob.html,2,2,1848
/ja/3/library/idle.html,2,2,0
/ja/3/library/importlib.metadata.html,2,2,94
/ja/3/library/json.html,2,2,0
/ja/3/library/tkinter.scrolledtext.html,2,2,0
/ja/3/library/types.html,2,2,27
/ja/3/py-modindex.html,2,2,74
/ja/3/reference/lexical_analysis.html,2,2,1358
/ja/3/using/cmdline.html,2,2,0
/ja/dev/tutorial/venv.html,2,2,0
/ko/3.13/c-api/bytes.html,2,2,83
/ko/3/tutorial/index.html,2,2,656
/3.12/tutorial/index.html,1,1,63
/3.13/tutorial/,1,1,35
/3.13/tutorial/introduction.html,1,1,662
/3.14/whatsnew/3.14.html,1,1,2
/3.15/whatsnew/3.14.html,1,1,210
/3/glossary.html,1,1,67
/3/index.html,1,1,0
/3/library/ast.html,1,1,2183
/3/library/asyncio-task.html,1,1,0
/3/library/collections.html,1,1,26
/3/library/decimal.html,1,1,26
/3/library/filecmp.html,1,1,5159
/3/library/filesys.html,1,1,0
/3/library/importlib.html,1,1,1715
/3/library/index.html,1,1,383
/3/library/logging.html,1,1,0
/3/library/os.path.html,1,1,55
/3/library/re.html,1,1,0
/3/library/socket.html,1,1,6
/3/library/threading.html,1,1,759
/3/library/tkinter.html,1,1,253
/3/library/tomllib.html,1,1,136
/3/library/typing.html,1,1,0
/3/library/urllib.parse.html,1,1,0
/3/library/venv.html,1,1,10
/3/library/zipfile.html,1,1,11
/3/license.html,1,1,21
/3/reference/compound_stmts.html,1,1,549
/3/reference/import.html,1,1,0
/3/reference/index.html,1,1,855
/3/reference/lexical_analysis.html,1,1,2185
/3/tutorial/appetite.html,1,1,99
/3/tutorial/datastructures.html,1,1,163
/3/tutorial/inputoutput.html,1,1,0
/3/tutorial/introduction.html,1,1,486
/3/tutorial/modules.html,1,1,6
/dev/,1,1,0
/fr/dev/reference/index.html,1,1,6
/it/3.13/,1,1,19
/ja/3.12/,1,1,570
/ja/3.12/faq/library.html,1,1,0
/ja/3.12/howto/regex.html,1,1,0
/ja/3.12/howto/sorting.html,1,1,0
/ja/3.12/library/asyncio-queue.html,1,1,0
/ja/3.12/library/binary.html,1,1,0
/ja/3.12/library/datetime.html,1,1,0
/ja/3.12/library/index.html,1,1,24
/ja/3.12/library/itertools.html,1,1,191
/ja/3.12/library/logging.html,1,1,0
/ja/3.12/library/multiprocessing.shared_memory.html,1,1,653
