name,unique_entrances,total_entrances,visit_duration
/pt-br/3/tutorial/index.html,146,151,122
/pt-br/3/,105,107,238
/3/,89,89,535
/dev/using/windows.html,70,70,221
/pt-br/3/library/venv.html,60,61,42
/pt-br/3/library/stdtypes.html,51,56,58
/pt-br/3/library/index.html,43,43,48
/pt-br/3/library/math.html,42,43,264
/pt-br/3.15/using/windows.html,39,39,69
/pt-br/3/library/functions.html,36,37,198
/pt-br/3/tutorial/datastructures.html,35,36,149
/pt-br/3/tutorial/controlflow.html,33,34,96
/pt-br/3.14/tutorial/index.html,31,36,217
/pt-br/3.14/,30,33,217
/pt-br/3/tutorial/classes.html,30,30,16
/pt-br/3/library/random.html,28,30,44
/pt-br/3/tutorial/introduction.html,21,21,63
/pt-br/3/tutorial/,18,18,127
/pt-br/3/tutorial/interpreter.html,18,19,353
/pt-br/dev/library/zlib.html,17,17,30
/pt-br/3.14/tutorial/controlflow.html,16,23,682
/pt-br/3/library/datetime.html,14,15,39
/pt-br/3.14/library/functions.html,13,15,277
/pt-br/3/library/os.html,13,13,425
/pt-br/3/library/tkinter.html,13,13,87
/pt-br/dev/tutorial/datastructures.html,13,13,20
/pt-br/3/library/string.html,12,13,82
/pt-br/3/search.html,12,12,9
/pt-br/3/tutorial/appetite.html,12,13,252
/pt-br/3.14/library/random.html,11,11,1
/pt-br/3.14/library/stdtypes.html,11,11,48
/pt-br/3/tutorial/errors.html,11,11,0
/3/tutorial/index.html,10,10,1098
/pt-br/3/library/re.html,10,10,0
/pt-br/3/reference/index.html,10,10,15
/pt-br/3/whatsnew/3.14.html,10,12,1836
/pt-br/dev/library/venv.html,10,10,2
/pt-br/3.14/tutorial/introduction.html,9,10,196
/pt-br/3/faq/windows.html,9,9,15
/pt-br/3/glossary.html,9,9,46
/pt-br/3/library/__main__.html,9,9,26
/3.14/,8,8,777
/3/library/index.html,8,8,566
/3/library/random.html,8,8,48
/3/library/tkinter.html,8,8,545
/pt-br/3.14/tutorial/appetite.html,8,8,437
/pt-br/3/contents.html,8,8,28
/pt-br/3/library/turtle.html,8,8,373
/pt-br/3/tutorial/inputoutput.html,8,8,366
/pt-br/3/using/cmdline.html,8,10,227
/3/library/stdtypes.html,7,7,443
/pt-br/3.14/search.html,7,7,261
/pt-br/3/howto/logging.html,7,7,213
/pt-br/3/library/dataclasses.html,7,7,0
/pt-br/3/reference/expressions.html,7,7,240
/pt-br/3/tutorial/modules.html,7,7,394
/3/library/socket.html,6,6,102
/3/search.html,6,6,962
/pt-br/3.14/library/index.html,6,6,217
/pt-br/3/library/tk.html,6,6,13
/3/library/idle.html,5,5,189
/3/tutorial/,5,5,425
/pt-br/3.13/library/index.html,5,5,28
/pt-br/3.14/tutorial/interpreter.html,5,5,0
/pt-br/3/c-api/index.html,5,6,1012
/pt-br/3/howto/sockets.html,5,5,18
/pt-br/3/library/csv.html,5,5,202
/pt-br/3/library/glob.html,5,5,0
/pt-br/3/library/typing.html,5,6,12
/pt-br/3/using/windows.html,5,5,0
/pt-br/dev/howto/regex.html,5,5,241
/pt-br/dev/reference/import.html,5,5,181
/3/library/logging.html,4,4,406
/pt-br/3.12/index.html,4,6,4
/pt-br/3.13/library/functions.html,4,6,0
/pt-br/3.13/tutorial/modules.html,4,4,0
/pt-br/3.14/download.html,4,4,0
/pt-br/3.14/index.html,4,4,6
/pt-br/3.14/library/datetime.html,4,4,440
/pt-br/3.14/library/math.html,4,5,0
/pt-br/3.14/library/tkinter.html,4,4,74
/pt-br/3.14/tutorial/classes.html,4,4,185
/pt-br/3.14/tutorial/datastructures.html,4,4,0
/pt-br/3/genindex.html,4,4,633
/pt-br/3/howto/sorting.html,4,4,0
/pt-br/3/library/,4,4,1
/pt-br/3/library/asyncio.html,4,4,0
/pt-br/3/library/pathlib.html,4,4,91
/pt-br/3/library/sys.html,4,4,504
/pt-br/3/library/zipfile.html,4,4,5
/pt-br/dev/howto/sorting.html,4,4,0
/pt-br/dev/library/functions.html,4,4,4
/pt-br/dev/using/windows.html,4,4,26
/3.14/library/index.html,3,3,160
/3.14/tutorial/,3,3,678
/3/download.html,3,3,284
/3/library/functions.html,3,3,1259
/3/library/math.html,3,3,297
/3/library/sqlite3.html,3,3,627
/3/reference/datamodel.html,3,3,110
/pt-br/3.13/tutorial/introduction.html,3,4,0
/pt-br/3.14/library/smtplib.html,3,3,0
/pt-br/3.14/library/time.html,3,4,2
/pt-br/3.14/py-modindex.html,3,3,35
/pt-br/3.14/reference/compound_stmts.html,3,3,0
/pt-br/3.14/tutorial/,3,3,932
/pt-br/3.15/tutorial/datastructures.html,3,3,0
/pt-br/3.15/tutorial/index.html,3,3,0
/pt-br/3/c-api/monitoring.html,3,3,0
/pt-br/3/download.html,3,3,1
/pt-br/3/howto/functional.html,3,3,0
/pt-br/3/installing/index.html,3,3,0
/pt-br/3/library/contextlib.html,3,3,41
/pt-br/3/library/os.path.html,3,3,118
/pt-br/3/library/pickle.html,3,3,28
/pt-br/3/library/statistics.html,3,4,0
/pt-br/3/library/subprocess.html,3,3,3
/pt-br/3/whatsnew/index.html,3,3,36
/pt-br/dev/faq/general.html,3,4,0
/pt-br/dev/library/calendar.html,3,3,0
/pt-br/dev/library/tkinter.html,3,3,0
/pt-br/dev/library/turtle.html,3,3,0
/3.12/,2,2,1767
/3.13/library/index.html,2,2,126
/3.15/,2,2,117
/3/glossary.html,2,2,51
/3/library/datetime.html,2,2,10
/3/library/exceptions.html,2,2,281
/3/library/os.html,2,2,100
/3/library/re.html,2,2,886
/3/library/time.html,2,2,243
/3/library/venv.html,2,2,120
/3/tutorial/datastructures.html,2,2,1440
/3/tutorial/introduction.html,2,2,590
/pt-br/3.12/howto/regex.html,2,2,0
/pt-br/3.12/library/tkinter.font.html,2,2,0
/pt-br/3.12/reference/lexical_analysis.html,2,2,0
/pt-br/3.12/tutorial/index.html,2,2,132
/pt-br/3.13/contents.html,2,2,0
/pt-br/3.13/library/asyncio-dev.html,2,2,0
/pt-br/3.13/library/concurrent.futures.html,2,2,0
/pt-br/3.13/library/dataclasses.html,2,2,0
/pt-br/3.13/library/datetime.html,2,2,0
/pt-br/3.13/library/math.html,2,2,0
/pt-br/3.13/library/os.path.html,2,2,0
/pt-br/3.13/library/sys.monitoring.html,2,2,0
/pt-br/3.13/search.html,2,2,10
/pt-br/3.13/tutorial/datastructures.html,2,2,0
/pt-br/3.13/tutorial/index.html,2,2,0
/pt-br/3.13/using/windows.html,2,2,0
/pt-br/3.14/installing/index.html,2,2,4
/pt-br/3.14/library/exceptions.html,2,2,60
/pt-br/3.14/library/numeric.html,2,2,186
/pt-br/3.14/library/os.html,2,3,0
/pt-br/3.14/library/queue.html,2,2,0
/pt-br/3.14/library/re.html,2,2,0
/pt-br/3.14/library/socket.html,2,2,470
/pt-br/3.14/library/wave.html,2,2,1051
/pt-br/3.14/reference/expressions.html,2,2,800
/pt-br/3.14/reference/index.html,2,2,3
/pt-br/3.14/reference/lexical_analysis.html,2,2,429
/pt-br/3.14/tutorial/stdlib2.html,2,2,0
/pt-br/3.14/tutorial/venv.html,2,2,0
/pt-br/3.15/search.html,2,2,178
/pt-br/3/c-api/object.html,2,2,0
/pt-br/3/c-api/set.html,2,2,0
/pt-br/3/howto/argparse.html,2,2,1009
/pt-br/3/library/archiving.html,2,2,22
/pt-br/3/library/argparse.html,2,2,0
/pt-br/3/library/asyncio-task.html,2,2,0
/pt-br/3/library/errno.html,2,2,0
/pt-br/3/library/exceptions.html,2,2,0
/pt-br/3/library/functools.html,2,2,4
/pt-br/3/library/json.html,2,2,0
/pt-br/3/library/operator.html,2,3,0
/pt-br/3/library/pprint.html,2,2,0
/pt-br/3/library/shutil.html,2,2,0
/pt-br/3/library/sqlite3.html,2,2,0
/pt-br/3/library/tkinter.ttk.html,2,2,0
/pt-br/3/library/urllib.parse.html,2,2,0
/pt-br/3/library/xml.etree.elementtree.html,2,2,0
/pt-br/3/py-modindex.html,2,2,0
/pt-br/3/reference/compound_stmts.html,2,3,4
/pt-br/3/reference/executionmodel.html,2,2,0
/pt-br/3/reference/grammar.html,2,2,0
/pt-br/3/reference/simple_stmts.html,2,2,454
/pt-br/3/tutorial/appendix.html,2,2,38
/pt-br/3/tutorial/venv.html,2,2,0
/pt-br/3/using/android.html,2,2,70
/pt-br/dev/download.html,2,2,0
/pt-br/dev/howto/logging.html,2,2,249
/pt-br/dev/library/exceptions.html,2,2,0
/pt-br/dev/library/re.html,2,2,0
/pt-br/dev/library/stdtypes.html,2,2,0
/pt-br/dev/library/subprocess.html,2,2,0
/3.12/whatsnew/3.12.html,1,1,616
/3.13/,1,1,693
/3.13/tutorial/index.html,1,1,37
/3.14/download.html,1,1,78
/3.14/library/math.html,1,1,1138
/3.14/using/unix.html,1,1,1579
/3.14/using/windows.html,1,1,34
/3/bugs.html,1,1,57
/3/deprecations/index.html,1,1,240
/3/distributing/index.html,1,1,99
/3/faq/,1,1,76
/3/faq/index.html,1,1,1165
/3/genindex-B.html,1,1,302
/3/index.html,1,1,826
/3/installing/index.html,1,1,85
/3/library/asyncio-task.html,1,1,0
/3/library/copy.html,1,1,22
/3/library/csv.html,1,1,495
/3/library/dataclasses.html,1,1,0
/3/library/doctest.html,1,1,423
/3/library/getpass.html,1,1,1309
/3/library/http.client.html,1,1,0
/3/library/operator.html,1,1,9164
/3/library/pathlib.html,1,1,21
/3/library/ssl.html,1,1,1530
/3/library/threading.html,1,1,0
/3/library/turtle.html,1,1,76
/3/library/typing.html,1,1,50
/3/library/urllib.html,1,1,108
/3/library/uuid.html,1,1,95
/3/library/webbrowser.html,1,1,841
/3/reference/compound_stmts.html,1,1,241
/3/reference/index.html,1,1,2055
/3/reference/lexical_analysis.html,1,1,383
/3/tutorial/appendix.html,1,1,4930
/3/tutorial/appetite.html,1,1,1880
/3/tutorial/classes.html,1,1,86
/3/tutorial/controlflow.html,1,1,616
/3/tutorial/inputoutput.html,1,1,116
/3/tutorial/interpreter.html,1,1,0
/3/tutorial/modules.html,1,1,0
/3/tutorial/venv.html,1,1,524
/3/using/index.html,1,1,31
/3/using/windows.html,1,1,0
/3/whatsnew/3.14.html,1,1,0
/dev/,1,1,213
/dev/search.html,1,1,72
/es/3.14/whatsnew/changelog.html,1,1,624
/es/3/library/argparse.html,1,1,3018
/es/3/library/socket.html,1,1,928
/it/3.12/whatsnew/changelog.html,1,1,276
/pt-br/3.12/contents.html,1,1,0
/pt-br/3.12/howto/logging.html,1,1,0
/pt-br/3.12/library/asyncio-task.html,1,1,0
/pt-br/3.12/library/string.html,1,1,0
/pt-br/3.12/tutorial/interpreter.html,1,1,0
/pt-br/3.12/using/windows.html,1,1,12
/pt-br/3.13/,1,1,3
/pt-br/3.13/c-api/index.html,1,1,0
/pt-br/3.13/c-api/init_config.html,1,1,0
/pt-br/3.13/download.html,1,1,0
/pt-br/3.13/howto/regex.html,1,1,0
/pt-br/3.13/library/csv.html,1,1,0
/pt-br/3.13/library/email.headerregistry.html,1,1,0
/pt-br/3.13/library/importlib.resources.html,1,1,0
/pt-br/3.13/library/inspect.html,1,1,0
/pt-br/3.13/library/itertools.html,1,1,83
/pt-br/3.13/library/os.html,1,1,0
/pt-br/3.13/library/pathlib.html,1,1,0
/pt-br/3.13/library/random.html,1,1,0
/pt-br/3.13/library/re.html,1,1,0
/pt-br/3.13/library/stdtypes.html,1,1,0
/pt-br/3.13/library/tkinter.html,1,1,0
/pt-br/3.13/library/tkinter.messagebox.html,1,1,0
/pt-br/3.13/library/tkinter.ttk.html,1,1,0
/pt-br/3.13/library/turtle.html,1,1,0
/pt-br/3.13/reference/index.html,1,2,0
/pt-br/3.13/tutorial/appetite.html,1,1,0
/pt-br/3.13/tutorial/controlflow.html,1,1,0
/pt-br/3.13/tutorial/interpreter.html,1,1,33
/pt-br/3.14/howto/index.html,1,1,37
/pt-br/3.14/installing/,1,1,0
/pt-br/3.14/library/abc.html,1,1,0
/pt-br/3.14/library/asyncio-sync.html,1,1,0
/pt-br/3.14/library/asyncio-task.html,1,1,0
/pt-br/3.14/library/constants.html,1,1,0
/pt-br/3.14/library/ctypes.html,1,1,6
/pt-br/3.14/library/idle.html,1,1,30
/pt-br/3.14/library/json.html,1,1,0
/pt-br/3.14/library/operator.html,1,1,0
/pt-br/3.14/library/sqlite3.html,1,1,0
/pt-br/3.14/library/statistics.html,1,1,1
/pt-br/3.14/library/string.html,1,1,0
/pt-br/3.14/library/threading.html,1,1,0
/pt-br/3.14/library/turtle.html,1,1,12
/pt-br/3.14/library/unicodedata.html,1,1,0
/pt-br/3.14/library/unittest.html,1,1,6
/pt-br/3.14/library/winsound.html,1,1,0
/pt-br/3.14/reference/import.html,1,1,294
/pt-br/3.14/reference/toplevel_components.html,1,1,3899
/pt-br/3.14/tutorial/modules.html,1,1,0
/pt-br/3.14/using/index.html,1,1,20
/pt-br/3.14/using/windows.html,1,1,0
/pt-br/3.15/genindex.html,1,1,280
/pt-br/3.15/library/reprlib.html,1,1,0
