name,version,visitors
Chrome,137.0,107
Microsoft Edge,137.0,28
Safari,18.5,18
Firefox,139.0,10
Firefox,140.0,4
Opera,119.0,3
Chrome,136.0,3
Safari,16.5,3
Firefox,115.0,2
Chrome,130.0,2
Avast Secure Browser,136.0,2
Norton Private Browser,137.0,2
Avira Secure Browser,137.0,2
Mobile App,137.0,2
Samsung Browser,28.0,2
Mobile App,(not set),1
Firefox,107.0,1
Firefox,128.0,1
Chrome,134.0,1
Microsoft Edge,136.0,1
AVG Secure Browser,137.0,1
Chrome,138.0,1
Safari,16.6,1
Safari,18.3,1
Samsung Browser,21.0,1
Yandex Browser,25.7,1
