name,visitors
China,2234
Japan,1733
India,1214
United States,1133
Brazil,975
Taiwan,699
France,645
South Korea,624
Ukraine,515
Mexico,457
Spain,443
Russian Federation,408
Hong Kong,356
Colombia,274
Germany,252
Argentina,251
United Kingdom,197
Singapore,190
Italy,186
Chile,176
Canada,169
Australia,163
Peru,149
Poland,146
Vietnam,145
Turkey,140
Indonesia,137
Pakistan,100
Venezuela,96
Philippines,86
Morocco,83
Malaysia,80
Nigeria,76
Egypt,72
Iran,72
South Africa,70
Bangladesh,63
Netherlands,58
Israel,55
Ghana,53
Saudi Arabia,53
Bolivia,49
Thailand,49
Kenya,48
Belgium,47
Ecuador,42
Costa Rica,41
Switzerland,40
Czechia,39
Portugal,39
Algeria,38
Kazakhstan,36
United Arab Emirates,35
Sweden,34
Sri Lanka,33
Senegal,31
Dominican Republic,30
Romania,30
Côte d'Ivoire,29
Guatemala,29
New Zealand,29
Tunisia,28
Croatia,27
Uzbekistan,27
Anonymous VPN Service,25
Austria,25
Ethiopia,25
Finland,25
Greece,25
Hungary,25
Iraq,25
Slovakia,24
Nepal,23
Oman,21
"Congo, The Democratic Republic of the",19
Honduras,19
Burkina Faso,18
Belarus,18
Serbia,18
Paraguay,17
Denmark,16
Nicaragua,16
Panama,16
Azerbaijan,15
Lebanon,15
Norway,15
Cameroon,13
Qatar,13
Uganda,13
Ireland,12
El Salvador,12
Uruguay,12
Mongolia,11
Puerto Rico,11
Tanzania,11
Bulgaria,10
Lithuania,10
Mali,10
Mozambique,10
Zimbabwe,10
Cuba,9
Georgia,9
Jordan,9
Kyrgyzstan,9
Cambodia,9
Moldova,9
Angola,8
Macao,8
Rwanda,8
Afghanistan,7
Estonia,7
Kuwait,7
Luxembourg,7
Madagascar,7
Malawi,7
Armenia,6
Congo,6
Latvia,6
Syria,6
Cyprus,5
Haiti,5
Slovenia,5
Togo,5
Guinea,4
Jamaica,4
Myanmar,4
Namibia,4
New Caledonia,4
Niger,4
Yemen,4
Albania,3
Benin,3
Cabo Verde,3
Gabon,3
Guadeloupe,3
Iceland,3
Libya,3
North Macedonia,3
Martinique,3
"Palestine, State of",3
Réunion,3
Bosnia and Herzegovina,2
Botswana,2
Fiji,2
Gambia,2
Guyana,2
Laos,2
Montenegro,2
Mauritania,2
Mauritius,2
Maldives,2
Somalia,2
Tajikistan,2
Trinidad and Tobago,2
Zambia,2
Andorra,1
Bahrain,1
Bhutan,1
Central African Republic,1
Curaçao,1
Isle of Man,1
Lesotho,1
Malta,1
Papua New Guinea,1
Sudan,1
Kosovo,1
Mayotte,1
