name,visitors
Tokyo,347
Singapore,124
Beijing,76
Warsaw,74
Taipei,72
Osaka,72
Ho Chi Minh City,67
Paris,65
Shanghai,64
Guangzhou,64
Kyiv,59
Hong Kong,50
Los Angeles,47
Hanoi,46
Bengaluru,42
Hyderabad,41
Frankfurt am Main,38
São Paulo,38
Shenzhen,37
Moscow,36
Chengdu,32
Madrid,31
Bogotá,31
Lima,30
New York City,29
Chennai,28
Taichung,28
Hangzhou,28
Amsterdam,28
N/A,28
Mumbai,27
Yokohama,27
Nagoya,27
Nairobi,26
New Delhi,26
Medellín,26
Santiago,26
Zhengzhou,24
Montréal,24
Pune,23
Qingdao,23
Chicago,23
Xi’an,22
Istanbul,21
Munich,21
Lviv,20
Seoul,20
Sapporo,20
London,20
Barcelona,20
Vienna,19
Milan,19
Mexico City,19
Dnipro,18
Melbourne,18
San Jose,18
Seattle,18
Lagos,17
Wrocław,17
Toronto,17
Kaohsiung,16
Chongqing,16
Accra,16
Poznań,16
Miami,16
Wuhan,15
Tel Aviv,14
Tianjin,14
Prague,14
Gdańsk,14
Rio de Janeiro,14
Cairo,13
Saint Petersburg,13
Fortaleza,13
Belo Horizonte,13
Belgrade,12
Delhi,12
Fukuoka,12
Abidjan,12
Berlin,12
Marseille,12
Brasília,12
Cali,12
N/A,12
N/A,12
Minsk,11
Kolkata,11
Almaty,11
Taoyuan,11
Kuala Lumpur,11
Changsha,11
N/A,11
Phnom Penh,11
Dublin,11
Chodzież,11
Tijuana,11
Columbus,11
Houston,11
Reston,11
Denver,11
Calgary,11
Jakarta,10
Xiamen,10
N/A,10
Kyoto,10
Kobe,10
Suzhou,10
Manchester,10
Kraków,10
Brooklyn,10
Vancouver,10
Bucharest,9
Bangkok,9
Tainan,9
Shijiazhuang,9
N/A,9
Port Harcourt,9
Abuja,9
Hamburg,9
Nantes,9
San José,9
Quito,9
Atlanta,9
San Diego,9
Tehran,8
Dubai,8
Ankara,8
Giza,8
Krasnodar,8
Baku,8
Białystok,8
Salem,8
Indore,8
Coimbatore,8
Bhubaneshwar,8
Tashkent,8
Hsinchu,8
Kunshan,8
Jinan,8
Suwon,8
N/A,8
Sydney,8
Zürich,8
Stockholm,8
Brussels,8
Stuttgart,8
Grenoble,8
Płock,8
Oslo,8
Turin,8
N/A,8
Sorocaba,8
Santo Domingo,8
Dallas,8
Minneapolis,8
Athens,7
Addis Ababa,7
Vinnytsya,7
Lahore,7
Karachi,7
Visakhapatnam,7
Thrissur,7
Kathmandu,7
Novosibirsk,7
Dongguan,7
Kanazawa,7
Luanda,7
Lisbon,7
Casablanca,7
Haarlem,7
Budapest,7
Legnica,7
Gliwice,7
Pereira,7
Cumming,7
San Francisco,7
Portland,7
Edmonton,7
Québec,7
Noida,7
N/A,7
Sanaa,6
Kampala,6
Helsinki,6
Sumy,6
Rivne,6
Jaipur,6
Ghāziābād,6
Yekaterinburg,6
Haiphong,6
Nanjing,6
N/A,6
Changwon,6
Kawasaki,6
Hamamatsu,6
Hachiōji,6
Seongnam-si,6
Valencia,6
Naaldwijk,6
Toulouse,6
Quettreville-sur-Sienne,6
Lyon,6
N/A,6
Recife,6
Montevideo,6
Salvador,6
Curitiba,6
Guatemala City,6
Managua,6
Caracas,6
Benito Juarez,6
Cuauhtémoc,6
Washington,6
Indianapolis,6
Austin,6
Katy,6
McKinney,6
San Antonio,6
Ashburn,6
Washington,6
Phoenix,6
Sunnyvale,6
Ottawa,6
Lambeth,6
N/A,6
N/A,6
Baghdad,5
Perm,5
Nizhniy Novgorod,5
Vilnius,5
Yerevan,5
Khmelnytskyy,5
Kharkiv,5
Pretoria,5
Dhaka,5
Thiruvananthapuram,5
Tirupati,5
Rājkot,5
Patna,5
Gurgaon,5
Ahmedabad,5
Nur-Sultan,5
Da Nang,5
Bandung,5
N/A,5
Wuxi,5
Nanning,5
Nanchang,5
Linyi,5
Jinhua,5
Dalian,5
Tokorozawa,5
Suita,5
Kashiwa,5
Gifu-shi,5
Fujisawa,5
Anan,5
Ulan Bator,5
Cotonou,5
Liège,5
Rennes,5
Bratislava,5
Bielawa,5
João Pessoa,5
Buenos Aires,5
Ribeirão Preto,5
San Salvador,5
Temuco,5
Philadelphia,5
Boston,5
Milwaukee,5
Irvine,5
Las Vegas,5
St. John's,5
Fanipol,5
N/A,5
N/A,5
N/A,5
N/A,5
N/A,5
Jeddah,4
Nicosia,4
Goma,4
Yaroslavl,4
Samara,4
Kirov,4
Kazan,4
Turku,4
Zhytomyr,4
Zaporizhzhya,4
Poltava,4
Odessa,4
Irpin,4
Thessaloníki,4
Tarnobrzeg,4
Brzesko,4
Lilongwe,4
Saint-Denis,4
Bukhara,4
Tiruchirappalli,4
