name,visitors,pageviews,bounce_rate,time_on_page,scroll_depth
/3.13/,1090,1421,62,28,75
/3.13/tutorial/index.html,1069,1199,75,51,45
/3.13/using/windows.html,773,898,75,86,22
/3.13/index.html,364,369,63,34,69
/3.13/tutorial/,336,378,67,31,51
/3.13/search.html,303,575,43,22,47
/3.13/whatsnew/3.13.html,255,237,75,47,14
/3.13/tutorial/interpreter.html,224,220,78,86,68
/3.13/library/functions.html,206,206,85,60,49
/3.13/library/stdtypes.html,205,217,83,66,32
/3.13/tutorial/appetite.html,171,169,74,68,81
/3.13/library/index.html,161,186,53,22,42
/3.13/tutorial/introduction.html,160,143,88,119,61
/zh-cn/3.13/tutorial/index.html,147,201,57,40,48
/3.13/tutorial/controlflow.html,104,108,86,162,50
/3.13/library/,97,112,67,16,29
/ja/3.13/tutorial/index.html,92,116,60,35,58
/3.13/glossary.html,83,77,63,47,44
/3.13/library/os.html,76,64,79,36,29
/zh-cn/3.13/library/idle.html,75,77,82,24,31
/3.13/library/typing.html,71,68,76,1088,49
/3.13/reference/index.html,71,61,75,16,70
/3.13/download.html,65,63,50,17,94
/ja/3.13/library/datetime.html,63,67,84,88,24
/3.13/library/exceptions.html,62,57,77,23,30
/zh-cn/3.13/,61,71,57,10,76
/3.13/library/datetime.html,59,60,77,54,38
/3.13/reference/datamodel.html,55,49,91,64,38
/3.13/contents.html,54,57,62,14,8
/3.13/library/re.html,53,48,76,58,34
/ja/3.13/library/logging.html,53,67,71,57,53
/3.13/library/idle.html,52,59,76,39,18
/3.13/py-modindex.html,52,59,73,34,47
/zh-cn/3.13/library/index.html,52,56,41,66,51
/3.13/library/pathlib.html,49,45,76,60,46
/zh-cn/3.13/tutorial/controlflow.html,46,47,82,82,47
/3.13/tutorial/datastructures.html,45,50,53,87,61
/3.13/using/cmdline.html,45,41,80,68,39
/3.13/library/sys.html,43,36,67,479,34
/es/3.13/tutorial/index.html,43,50,83,51,53
/3.13/library/random.html,42,30,100,36,24
/3.13/library/string.html,42,32,80,84,49
/3.13/library/tkinter.html,42,49,81,38,39
/ja/3.13/library/subprocess.html,41,46,78,97,37
/3.13/installing/index.html,39,31,88,41,61
/3.13/library/io.html,39,39,77,32,38
/3.13/library/os.path.html,39,31,83,12,35
/zh-cn/3.13/tutorial/interpreter.html,39,40,55,69,78
/3.13/tutorial/appendix.html,38,31,50,30,67
/ja/3.13/library/functions.html,38,41,60,30,42
/zh-cn/3.13/index.html,38,47,57,10,83
/zh-cn/3.13/library/functions.html,38,35,68,52,37
/3.13/library/math.html,36,31,79,39,41
/ja/3.13/library/tkinter.html,36,38,79,98,35
/ja/3.13/tutorial/interpreter.html,36,34,61,41,68
/zh-cn/3.13/tutorial/appetite.html,35,49,56,46,89
/3.13/library/itertools.html,34,24,100,20,27
/3.13/library/time.html,34,28,82,17,28
/3.13/reference/compound_stmts.html,34,21,67,14,18
/3.13/library/subprocess.html,33,25,70,31,12
/3.13/using/index.html,33,34,50,47,75
/es/3.13/tutorial/datastructures.html,33,35,86,74,34
/3.13/tutorial/classes.html,32,32,64,22,35
/3.13/library/threading.html,31,25,100,87,27
/es/3.13/library/tkinter.html,31,32,81,24,38
/ko/3.13/tutorial/index.html,31,47,64,8,54
/uk/3.13/library/idle.html,31,36,69,16,20
/zh-cn/3.13/tutorial/introduction.html,31,39,75,167,64
/zh-cn/3.13/search.html,30,42,29,220,46
/3.13/library/collections.html,29,22,88,25,21
/3.13/library/unittest.html,29,24,91,54,9
/3.13/reference/expressions.html,29,20,25,13,32
/3.13/reference/lexical_analysis.html,29,22,75,30,53
/es/3.13/library/functions.html,29,31,86,75,16
/3.13/library/argparse.html,28,22,100,92,27
/ja/3.13/library/index.html,28,30,61,17,38
/ja/3.13/library/re.html,28,30,85,18,36
/zh-cn/3.13/library/stdtypes.html,28,31,67,294,51
/3.13/library/csv.html,27,32,73,109,51
/3.13/library/inspect.html,27,15,100,60,16
/ja/3.13/library/stdtypes.html,27,28,80,58,23
/zh-cn/3.13/tutorial/datastructures.html,27,28,71,162,56
/zh-cn/3.13/using/android.html,27,26,92,14,87
/es/3.13/library/index.html,26,50,54,93,45
/fr/3.13/tutorial/classes.html,26,27,88,84,44
/3.13/library/tkinter.ttk.html,25,18,50,10,16
/ja/3.13/search.html,25,40,46,8,31
/3.13/library/logging.html,24,21,83,39,37
/3.13/library/turtle.html,24,26,89,46,22
/3.13/tutorial/inputoutput.html,24,23,88,115,55
/ja/3.13/library/threading.html,24,27,81,46,58
/uk/3.13/tutorial/index.html,24,28,52,13,38
/zh-cn/3.13/tutorial/,24,24,62,23,46
/zh-tw/3.13/tutorial/index.html,24,26,73,34,50
/3.13/genindex.html,23,27,14,5,98
/3.13/library/sqlite3.html,23,17,67,16,15
/3.13/library/statistics.html,23,14,100,27,22
/3.13/library/zipfile.html,23,14,75,21,10
/es/3.13/tutorial/interpreter.html,23,23,91,58,58
/fr/3.13/library/functions.html,23,22,88,28,45
