name,unique_exits,total_exits,exit_rate
/fr/3/tutorial/,333,344,
/fr/3/tutorial/datastructures.html,189,192,
/fr/3/library/stdtypes.html,128,143,
/fr/3/tutorial/classes.html,123,125,
/fr/3/tutorial/introduction.html,96,100,
/fr/3/tutorial/interpreter.html,90,94,
/fr/3/library/random.html,84,83,
/fr/3/library/tkinter.html,84,86,
/fr/3.13/library/turtle.html,80,81,
/fr/3/howto/sorting.html,77,80,
/fr/3/tutorial/controlflow.html,76,86,
/fr/3/library/functions.html,74,75,
/fr/3/library/idle.html,55,55,
/fr/3/library/turtle.html,54,58,
/fr/3/tutorial/venv.html,52,53,
/fr/dev/installing/index.html,52,51,
/fr/3/search.html,51,54,
/fr/3/library/json.html,47,46,
/fr/3/library/math.html,45,49,
/fr/3.13/search.html,43,47,
/fr/3.13/tutorial/index.html,43,46,
/fr/3/tutorial/index.html,40,44,
/fr/3.13/library/csv.html,39,38,
/3/,38,38,
/fr/3/library/string.html,38,39,
/fr/3/tutorial/appetite.html,38,37,
/fr/3/library/time.html,37,37,
/fr/3.13/tutorial/errors.html,36,35,
/fr/3/library/enum.html,36,38,
/fr/3/tutorial/modules.html,34,34,
/fr/3/tutorial/inputoutput.html,33,33,
/fr/3.13/,32,34,
/fr/3.13/howto/regex.html,32,33,
/fr/3/reference/import.html,32,31,
/fr/3.13/using/windows.html,31,31,
/fr/3/library/__main__.html,29,29,
/fr/3/tutorial/errors.html,29,30,
/fr/3/library/re.html,27,28,
/fr/3/,24,24,
/fr/3/library/sys.html,24,25,
/fr/3.13/library/statistics.html,23,23,
/fr/3.13/library/datetime.html,22,22,
/fr/3/library/os.html,22,22,
/3/library/turtle.html,21,19,
/fr/3/library/base64.html,21,21,
/fr/3/library/pathlib.html,21,21,
/fr/3/library/collections.html,20,21,
/fr/3/using/cmdline.html,20,20,
/fr/3.13/whatsnew/3.13.html,19,19,
/fr/3.13/library/operator.html,17,17,
/fr/3.13/library/subprocess.html,17,18,
/fr/3/library/decimal.html,17,17,
/3/library/idle.html,16,16,
/fr/3.13/tutorial/introduction.html,16,16,
/fr/3/library/exceptions.html,16,16,
/fr/3/library/index.html,16,17,
/3/library/datetime.html,15,15,
/fr/3.12/library/stdtypes.html,15,15,
/fr/3.13/library/stdtypes.html,15,16,
/fr/3.13/library/tkinter.ttk.html,14,14,
/fr/3/howto/sockets.html,14,14,
/3/library/random.html,13,14,
/fr/3.13/tutorial/controlflow.html,13,13,
/fr/3/howto/regex.html,13,13,
/fr/3/howto/unicode.html,13,13,
/3/library/tkinter.html,12,12,
/fr/3/contents.html,12,15,
/fr/3/library/glob.html,12,12,
/fr/3/library/venv.html,12,12,
/fr/dev/reference/compound_stmts.html,12,12,
/3/library/functions.html,11,10,
/3/library/stdtypes.html,11,11,
/3/search.html,11,10,
/fr/3.13/glossary.html,11,11,
/fr/3.13/library/functions.html,11,13,
/fr/3.13/library/tkinter.html,11,12,
/fr/3.13/tutorial/datastructures.html,11,12,
/fr/3/howto/argparse.html,11,11,
/fr/3/library/copy.html,11,11,
/fr/3/reference/datamodel.html,11,11,
/fr/3/reference/lexical_analysis.html,11,12,
/fr/3/using/windows.html,11,11,
/3/tutorial/datastructures.html,10,10,
/fr/3.13/genindex-Symboles.html,10,11,
/fr/3.13/library/index.html,10,10,
/fr/3.13/library/random.html,10,10,
/fr/3.13/reference/compound_stmts.html,10,10,
/fr/3/library/csv.html,10,10,
/fr/3/library/datetime.html,10,12,
/fr/3/library/operator.html,10,10,
/fr/3/using/editors.html,10,10,
/fr/3/using/mac.html,10,12,
/fr/3.12/,9,10,
/fr/3.13/tutorial/interpreter.html,9,9,
/fr/3/glossary.html,9,7,
/fr/3/howto/enum.html,9,9,
/fr/3/library/statistics.html,9,10,
/fr/3/reference/expressions.html,9,9,
/fr/3/reference/index.html,9,9,
/3/library/argparse.html,8,7,
