name,visitors
Paris,417
Marseille,68
Toulouse,65
Nantes,58
Lyon,57
Lille,43
Abidjan,40
Montréal,39
Rennes,36
Dakar,29
Tunis,28
Montpellier,28
Bordeaux,28
Reims,27
Angers,26
Brussels,25
Grenoble,25
La Verrière,20
Villeurbanne,18
Bagneux,18
Yaoundé,17
Trélazé,17
Limoges,17
Dijon,17
Lomé,16
Liège,16
Gif-sur-Yvette,16
Aix-les-Bains,15
Poitiers,14
Fontaine-Notre-Dame,14
Antananarivo,13
Kinshasa,13
Ouagadougou,13
Casablanca,13
Rouen,13
Nice,13
Le Mans,13
Lausanne,12
Pau,12
Nancy,12
Fontainebleau,12
Eybens,12
Neuilly-Plaisance,11
Champigny-sur-Marne,11
Antony,11
Québec,11
Cotonou,10
Genève,10
Strasbourg,10
Neuilly-sur-Seine,10
Évry,10
Aubervilliers,10
Rabat,9
Marrakesh,9
Fès,9
Saint-Ouen,9
Molsheim,9
Annecy,9
Orsay,8
Metz,8
Les Matelles,8
Goussainville,8
Cergy,8
Brest,8
Beaumont,8
Achères,8
Libreville,7
Tours,7
Saint-Martin-Lacaussade,7
Palaiseau,7
Moreuil,7
N/A,7
Melun,7
Le Havre,7
Grasse,7
Singapore,6
Ben Arous,6
Annaba,6
Frankfurt am Main,6
Vitry-sur-Seine,6
Valenciennes,6
Suresnes,6
Roubaix,6
Mulhouse,6
Mondeville,6
Macau,6
Compiègne,6
Caen,6
Bayonne,6
Aulnay-sous-Bois,6
Asnières-sur-Seine,6
Papeete,6
Brazzaville,5
Lisbon,5
Sousse,5
Vernaison,5
Vénissieux,5
Vauvert,5
Valence,5
Trappes,5
Talence,5
Saint-Pryvé-Saint-Mesmin,5
Saint-Mandé,5
Saint-Étienne,5
Magny-les-Hameaux,5
Lons-le-Saunier,5
Livry-Gargan,5
Le Plessis-Robinson,5
Lens,5
Latillé,5
Lambersart,5
Houilles,5
Combs-la-Ville,5
Colombes,5
Clermont-Ferrand,5
Petit-Bourg,5
Ottawa,5
Villeneuve-d'Ascq,5
N/A,4
Port Louis,4
Saint-Denis,4
Douala,4
Nabeul,4
Mostaganem,4
Sale,4
Meknès,4
Louvain-la-Neuve,4
Troyes,4
Saint-Martin-d'Hères,4
Romans-sur-Isère,4
Orléans,4
Lormont,4
N/A,4
Les Mureaux,4
Le Pont-de-Claix,4
La Rochelle,4
Issy-les-Moulineaux,4
Guyancourt,4
Groslay,4
Dinan,4
Créteil,4
Craponne,4
Cholet,4
Château-Thierry,4
Charenton-le-Pont,4
Castres,4
Boulogne-Billancourt,4
Avignon,4
Armentières,4
Antibes,4
Amiens,4
Madrid,4
Les Abymes,4
N/A,4
Djibouti,3
Le Tampon,3
N'Djamena,3
Sfax,3
Ariana,3
Chlef,3
N/A,3
London,3
Zürich,3
Mons,3
Marcinelle,3
Jumet,3
Jemeppe-sur-Sambre,3
Braine-l'Alleud,3
Auderghem,3
Voiron,3
Vandœuvre-lès-Nancy,3
Troarn,3
Serris,3
Schiltigheim,3
Saint-Quentin,3
Saint-Jean-le-Blanc,3
Quimper,3
Pessac,3
Pantin,3
Nîmes,3
Montrouge,3
Marignane,3
Lorient,3
Lentilly,3
La Garenne-Colombes,3
Fréjus,3
Fontenay-sous-Bois,3
Courbevoie,3
Clamart,3
Choisy-le-Roi,3
Chelles,3
Cenon,3
Brélès,3
Bourg-la-Reine,3
Bondy,3
Bezons,3
Bègles,3
Arras,3
Anglet,3
Aix-en-Provence,3
Airaines,3
Turin,3
Le Gosier,3
Longueuil,3
Goma,2
Dubai,2
Astrakhan,2
Lusaka,2
Saint-Philippe,2
Ho Chi Minh City,2
Jinan,2
Guangzhou,2
Nouméa,2
Gemena,2
Bobo-Dioulasso,2
Niamey,2
Bamako,2
Tajerouine,2
N/A,2
N/A,2
Tlemcen,2
Mascara,2
Constantine,2
Batna,2
Algiers,2
Tétouan,2
Oujda-Angad,2
Agadir,2
Neuchâtel,2
Bulle,2
Naaldwijk,2
Nivelles,2
Kortrijk,2
Huy,2
Gosselies,2
Charleroi,2
Antwerpen,2
Oberhausen,2
Heilbronn,2
Eningen unter Achalm,2
Berlin,2
Volstroff,2
Villiers-le-Morhier,2
Villers-lès-Nancy,2
Villepinte,2
N/A,2
Villejuif,2
Villefontaine,2
Versailles,2
Vanves,2
Vallauris,2
Tournefeuille,2
Tomblaine,2
Templeuve-en-Pévèle,2
Sevran,2
Sceaux,2
Sartrouville,2
Samer,2
Saint-Saulve,2
Saint-Pierre-des-Corps,2
Saint-Nazaire,2
Saint-Michel-sur-Orge,2
Saint-Maur-des-Fossés,2
Saint-Astier,2
Saclay,2
Rosières-près-Troyes,2
Revin,2
Quetigny,2
Pontoise,2
Pont-du-Château,2
N/A,2
Ploemeur,2
Perpignan,2
Pernes-les-Fontaines,2
Oullins,2
Obernai,2
Nogent-sur-Marne,2
Nanteuil-le-Haudouin,2
Montreuil,2
N/A,2
Montélimar,2
Mennetou-sur-Cher,2
Maubeuge,2
Massy,2
Marthod,2
Maisons-Laffitte,2
Maisons-Alfort,2
Lourdes,2
Libourne,2
Liancourt,2
Levallois-Perret,2
Le Kremlin-Bicêtre,2
N/A,2
Le Creusot,2
Le Crès,2
Le Cannet,2
La Valette-du-Var,2
Laval,2
Latresne,2
La Tour-du-Pin,2
