name,visitors,bounce_rate,visit_duration
google.com,1843,76,192
Direct / None,1092,66,277
bing.com,133,81,104
search.brave.com,90,79,228
qwant.com,65,72,394
duckduckgo.com,48,78,136
openclassrooms.com,44,80,69
python.org,36,0,562
ecosia.org,33,93,67
google.fr,26,81,128
chatgpt.com,19,60,117
github.com/uvsq-l1-info100/l1-python/blob/main/TD/TD1/TD1_prise_en_main.md,14,75,112
capytale2.ac-paris.fr,13,62,245
ytrack.learn.ynov.com,12,50,1187
github.com,11,58,592
fr.search.yahoo.com,10,44,270
fsg-pax-p-jhn01.pax.ulaval.ca,8,40,500
nohtyprm.github.io,7,86,0
cours.univ-reims.fr,6,75,282
github.com/uvsq-l1-info100/l1-python/blob/main/INSTALL.md,6,71,29
moodle.polymtl.ca,6,83,2
moodle.umontpellier.fr/mod/book/view.php,5,40,686
moodle.umontpellier.fr,4,100,0
perso.esiee.fr,4,0,5137
copilot.microsoft.com,3,67,318
elearning.univ-eiffel.fr,3,100,0
moodle.ia-institut.fr,3,33,633
moodle.umontpellier.fr/mod/url/view.php,3,67,215
python-sdv-u--paris-fr.translate.goog,3,67,76
python.sdv.u-paris.fr,3,100,0
server-rudy.ddns.net,3,67,432
umontpellier.fr,3,67,364
youtube.com,3,67,10
crosemont.moodle.decclic.qc.ca,2,0,19
l1-nbgrader.univ-lyon1.fr,2,100,0
madoc.univ-nantes.fr,2,100,546
moodle.univ-lille.fr,2,0,3772
moodle.univ-ubs.fr,2,50,559
nerviens.fr,2,100,0
pandas.pydata.org,2,0,1032
perplexity.ai,2,50,126
perso.liris.cnrs.fr,2,100,0
pixees.fr,2,50,697
schooding.fr,2,50,358
train.learn.datascientest.com,2,100,0
udemy.com,2,100,0
0540030p.moodle.monbureaunumerique.fr,1,100,0
0951399e.index-education.net,1,100,0
127.0.0.1,1,100,0
afpy.org,1,100,0
al-enterprise.youtrack.cloud,1,100,0
android-app://com.google.android.googlequicksearchbox,1,100,0
atlas.mindmup.com,1,100,0
aura-73.elea.apps.education.fr,1,0,47
baidu.com/link,1,100,0
bing.com/search,1,100,0
capgemini.udemy.com,1,100,0
cavlfo.apprentissageelectroniqueontario.ca,1,100,0
cedric.cnam.fr,1,0,85
celene.univ-orleans.fr,1,0,82
cgouygou.github.io,1,100,0
chamilo.univ-grenoble-alpes.fr,1,0,1909
chat.mistral.ai,1,100,0
claude.ai,1,0,10
codecademy.com,1,0,149
collegeboreal.brightspace.com,1,100,0
confluence.f.bbg,1,100,0
cours-5.gitbook.io/dalicia-420-1g2-hu-logique-de-programmation/modularisation/les-modules/laboratoire,1,0,705
courspython.com,1,0,9
cs50.harvard.edu,1,0,0
datacamp.com,1,0,0
developpez.net,1,100,0
docs.google.com,1,0,6
easi-training.fr,1,100,0
ena.etsmtl.ca,1,0,1244
esig-sandbox.ch,1,100,0
foad.univ-rennes.fr,1,100,0
geii.pages.univ-lyon1.fr,1,0,1159
gemini.google.com,1,100,0
github.com/L-Dev31/Hoshi-Iso-Builder,1,100,0
google.be,1,100,0
google.com.hk,1,100,0
habr.com/ru/companies/exness/articles/494370,1,100,0
he-arc.github.io,1,0,4110
html.duckduckgo.com,1,100,0
intranet.hbtn.io,1,0,290
kitt.lewagon.com,1,0,105
ldm_terminale.forge.apps.education.fr,1,100,0
m.baidu.com/from=1001192y/bd_page_type=1/ssid=0/uid=0/pu=usm%400%2Csz%401320_1001%2Cta%40iphone_2_12.0_28_16.0/baiduid=8CD60A0C81C05382B86A5FDDF0A40FBF/w=0_10_/t=iphone/l=1/tc,1,0,1
mail.google.com,1,100,0
meruvia.fr,1,100,0
moodle.lyceeconnecte.fr,1,100,0
moodle.uclouvain.be,1,100,0
moodle.univ-jfc.fr,1,0,444
mulot-nsi.fr,1,100,0
notebook.basthon.fr,1,100,0
nsi.eduzonelab.com,1,100,0
numpy.org,1,0,12
pgdg.frama.io,1,100,0
pip.pypa.io/en/stable/installation,1,0,52
portail.lyc-la-martiniere-diderot.ac-lyon.fr,1,0,1248
pro.arcgis.com,1,0,38
python.developpez.com/tutoriels/apprendre-programmation-python/les-bases,1,0,7
python.org/downloads/release/python-376,1,100,0
qwantjunior.com,1,0,33
schoolmouv.fr,1,100,0
search.avastbrowser.com/serp,1,0,1350
search.lilo.org,1,100,0
statics.teams.cdn.office.net,1,100,0
tapnav.com,1,0,23
umtice.univ-lemans.fr,1,0,49
wiki.python.org,1,0,1649
ycopin.pages.in2p3.fr,1,0,717
