name,version,visitors
Windows,10,361343
Mac,10.15,38312
Android,10,20078
GNU/Linux,(not set),6429
iOS,18.5,3829
Chrome OS,14541.0,2840
iOS,18.4,2438
Windows,7,2317
Ubuntu,(not set),1651
iOS,18.3,907
Android,14,777
Android,15,674
Android,13,641
Android,12,488
Android,11,409
iOS,18.1,316
Windows,8.1,269
iOS,17.6,252
iOS,16.7,217
iOS,18.0,201
iOS,18.2,180
iOS,17.5,175
iOS,15.8,158
Chrome OS,14816.131,122
Android,9,120
Android,8.1,111
HarmonyOS,(not set),92
Mac,10.13,82
Windows,8,76
iOS,17.4,74
iOS,17.7,65
Android,6.0,53
iOS,16.6,52
Mac,10.11,49
iOS,16.1,47
iOS,16.3,46
Mac,10.14,43
iOS,17.3,42
Android,8.0,39
Windows,XP,37
Mac,10.12,32
iOS,17.1,32
iOS,12.5,31
iPadOS,17.7,30
Android,5.1,30
iOS,16.2,25
iOS,16.0,24
iOS,17.2,24
iPadOS,17.6,23
Fire OS,7,23
(not set),(not set),22
Windows,Vista,22
iOS,17.0,20
Windows,Server 2003,20
Android,7.0,19
Chrome OS,14092.77,18
iPadOS,17.5,17
Android,5.0,17
UOS,(not set),16
Mac,10.10,15
iPadOS,15.8,15
iOS,16.5,13
HarmonyOS,3.0,13
Fire OS,8,12
iOS,15.6,11
iPadOS,16.7,11
iOS,15.5,10
Windows,NT,10
iOS,16.4,9
Android,7.1,9
Mac,11.0,8
HarmonyOS,2.2,8
Android,4.4,8
Mac,(not set),7
Android,(not set),7
iOS,14.4,7
iOS,15.4,7
iOS,4.3,7
Windows,(not set),6
Mac,10.9,6
Chrome OS,13597.84,6
iOS,14.7,6
iOS,15.7,6
iPadOS,16.3,6
iPadOS,17.0,6
Mac,10.6,5
Fire OS,5,5
Raspberry Pi OS,(not set),4
Mac,10.7,4
Chrome OS,12105.100,4
Android TV,14,4
iOS,14.0,4
iPadOS,15.6,4
iPadOS,17.1,4
Tizen,5.5,4
Mac,10.16,3
Android TV,11,3
Chrome OS,12239.92,3
Mac,13.5,3
iOS,13.6,3
Chrome OS,14469.41,3
Chrome OS,14695.107,3
Chrome OS,14816.64,3
Chrome OS,14989.107,3
iOS,15.2,3
iPadOS,16.1,3
iPadOS,16.2,3
Tizen,3.0,3
iOS,7.0,3
Solaris,(not set),2
RedOS,(not set),2
Fedora,(not set),2
Windows Mobile,10,2
Android,10.1,2
Mac,10.8,2
Chrome OS,10323.67,2
Mac,11.7,2
Mac,12.0,2
Android,13.0,2
Chrome OS,13904.97,2
Chrome OS,13982.84,2
iOS,14.2,2
iPadOS,14.4,2
Chrome OS,14469.59,2
Chrome OS,14909.100,2
iOS,15.0,2
iOS,15.3,2
iPadOS,15.4,2
Chrome OS,15054.115,2
Android,16,2
iPadOS,16.6,2
KaiOS,2.5,2
Android,4.3,2
Android,9.0,2
iOS,10.3,1
iOS,11.0,1
Mac,12.5,1
Mac,12.6,1
Chrome OS,12371.75,1
Chrome OS,12371.89,1
Mac,13.3,1
Mac,13.4,1
Chrome OS,13729.84,1
Mac,14.3,1
iOS,14.6,1
Chrome OS,14150.85,1
Chrome OS,14588.123,1
iPadOS,15.0,1
iOS,15.1,1
Mac,15.3,1
Mac,15.4,1
iPadOS,15.7,1
iPadOS,17.3,1
iPadOS,17.4,1
PlayStation,4.12,1
Tizen,6.0,1
Tizen,8.0,1
