name,visitors
Maharashtra,9101
Tamil Nadu,8676
England,7989
Karnataka,7817
California,7443
Telangāna,7372
São Paulo,6422
Tokyo,6296
Delhi,5391
Guangdong,4650
Seoul,4445
Uttar Pradesh,4013
Texas,3861
Île-de-France,3313
Gyeonggi,3259
New York,3042
Moscow,2878
Ontario,2869
Istanbul,2787
Beijing,2765
Gujarat,2743
West Bengal,2715
Shanghai,2626
Virginia,2605
Punjab,2530
North Rhine-Westphalia,2462
Hesse,2440
Ho Chi Minh City,2397
Florida,2243
Capital District,2209
Hanoi,2160
Kerala,2136
Illinois,2106
North Holland,2057
Jakarta,2012
Jiangsu,1992
Bavaria,1989
Bangkok,1953
Buenos Aires Province,1923
Minas Gerais,1813
Lima,1779
Rio de Janeiro,1763
Zhejiang,1753
Lombardy,1696
Andhra Pradesh,1695
Madrid Autonomous Community,1661
Tashkent,1661
Santiago Metropolitan,1653
Shandong,1619
Sichuan,1608
Mazovia,1608
Washington,1598
Bihar,1571
New South Wales,1567
Madhya Pradesh,1544
Ciudad de Mexico,1536
Georgia,1529
Taipei,1514
Nairobi County,1489
Osaka,1476
Baden-Württemberg,1412
Rajasthan,1401
New Jersey,1400
Cairo,1366
Paraná,1351
Haryana,1303
Victoria,1292
Sindh,1270
Western,1257
Metro Manila,1253
West Java,1243
Henan,1242
North Carolina,1231
Quebec,1228
Dhaka Division,1184
Gauteng,1175
Iowa,1171
Kuala Lumpur,1167
Tel Aviv,1152
Dubai,1151
Massachusetts,1149
Catalonia,1113
Antioquia,1109
Pennsylvania,1088
Saint Petersburg,1086
Hubei,1027
Lagos,1023
Kyiv,1011
Province 3,1009
Shaanxi,968
Ohio,953
Colorado,942
Rio Grande do Sul,941
Riyadh,933
British Columbia,920
Punjab,909
Stockholm,897
Santa Catarina,891
Maryland,890
Lazio,859
Mexico State,858
Oregon,853
Arizona,852
East Java,851
Vienna,849
South Holland,845
Selangor,829
New Taipei,825
Berlin,809
Michigan,809
Fujian,803
Kanagawa,798
Ankara,794
Leinster,762
Taichung,739
Odisha,736
Flanders,732
Makkah,720
Auvergne-Rhône-Alpes,717
Uusimaa,715
Lower Saxony,712
Incheon,712
Hunan,695
Queensland,686
Greater Accra,685
Zürich,682
Bahia,670
Lisbon,669
Pernambuco,664
Meknès-Tafilalet,664
Federal District,657
Saxony,657
Jalisco,652
Pichincha,648
Andalusia,638
Valencian Community,635
Hormozgan,629
Beograd,628
Jharkhand,612
Silesia,609
Ceará,597
Brussels,581
Baku,579
Guatemala,579
Prague,573
Minsk,570
Budapest,563
Aichi,558
Goiás,556
Alberta,555
Attica,554
Uttarākhand,554
Tennessee,550
Guayas,549
Occitanie,549
Chandigarh,545
Bucharest,537
Calabarzon,536
Amman,532
Provence-Alpes-Côte-d'Azur,531
Krasnodar Krai,531
Anhui,529
Islamabad,528
Indiana,523
Hebei,520
Almaty City,517
Missouri,515
Chongqing,511
Lesser Poland,509
Minnesota,506
San José,503
Utah,497
Saitama,490
Auckland,484
Capital Region,476
Assam,474
Western Cape,474
Tianjin,472
Central Java,469
Hauts-de-France,468
Izmir,466
Nuevo León,464
Addis Ababa,462
Phnom Penh,461
Amazonas,459
Busan,458
Valle del Cauca,452
Dnipropetrovshchyna,450
Emilia-Romagna,444
Chiba,442
Buenos Aires,440
Grand-Est,440
Greater Poland,436
Veneto,432
Taoyuan,432
Novosibirsk,431
Campania,426
Rhineland-Palatinate,422
Abu Dhabi,419
South Gyeongsang,417
Lima Region,416
Västra Götaland,413
Kaohsiung,401
Córdoba,396
Espírito Santo,395
Sofia,390
Scotland,390
Central,389
Wisconsin,389
Federal Capital Territory,387
Moscow Province,386
Nouvelle-Aquitaine,383
Doha,379
South Chungcheong,372
Alabama,367
Lower Silesia,366
Western Australia,365
Liaoning,365
Oslo,362
Eastern,361
Lvivshchyna,356
Baghdad,352
Hamburg,351
Sverdlovsk,349
Jiangxi,347
Daegu,347
Abidjan,345
Astana,342
Rostov,342
Banten,340
Tunis,340
La Paz,337
Pays-de-la-Loire,336
Porto,336
Zagreb,330
Tatarstan,330
North Brabant,326
South Carolina,325
Central Luzon,322
Nevada,320
Central,319
Wallonia,315
Giza,315
Connecticut,312
Chhattīsgarh,310
Fukuoka,308
Veracruz,307
North Chungcheong,306
Pará,305
Querétaro,305
Kwai Tsing New Territories,303
Nizhny Novgorod,303
Gwangju City,302
Paraíba,301
San Salvador,301
Himachal Pradesh,300
Guanajuato,300
Daejeon,299
Distrito Nacional,298
Riga,298
Oriental,298
Puebla,296
Oyo,296
Oklahoma,296
Montevideo,296
Bishkek,295
Alexandria,289
Vilnius County,288
Washington DC,288
Tuscany,285
North Gyeongsang,285
Muscat,284
Guizhou,283
Central Visayas,280
Yunnan,278
Piedmont,275
Chelyabinsk,273
Samara,273
Utrecht,272
Bashkortostan,272
Tainan,272
Hyogo,266
Maranhão,264
Amanat Al Asimah,260
Da Nang,259
North Sumatra,257
Algiers,254
Panamá,254
Bursa,248
Normandie,247
Pomerania,246
Chon Buri,246
Louisiana,243
Yerevan,242
Tbilisi,242
Łódź,242
Odeshchyna,242
Kansas,238
Dakar,237
Capital,237
