name,unique_entrances,total_entrances,visit_duration
/pl/3/tutorial/index.html,22,22,427
/3/,8,8,98
/pl/3/tutorial/controlflow.html,8,8,52
/pl/3.13/tutorial/index.html,7,12,1
/pl/3/tutorial/appetite.html,7,7,0
/pl/3/tutorial/datastructures.html,7,7,224
/pl/3/,6,6,10
/pl/3/tutorial/introduction.html,6,6,1465
/pl/3/installing/index.html,5,5,1
/pl/3/tutorial/venv.html,5,5,0
/pl/dev/tutorial/classes.html,5,5,0
/pl/3/tutorial/errors.html,4,4,0
/pl/3/tutorial/modules.html,4,4,0
/3.13/tutorial/index.html,3,3,20
/3/library/functions.html,3,3,22
/pl/3.13/tutorial/controlflow.html,3,3,51
/pl/3.13/tutorial/datastructures.html,3,5,0
/pl/dev/library/functions.html,3,3,47
/pl/dev/library/turtle.html,3,4,0
/pl/dev/whatsnew/3.14.html,3,3,0
/3/c-api/exceptions.html,2,2,4376
/3/library/tkinter.html,2,2,971
/pl/3.13/installing/index.html,2,3,4
/pl/3.13/library/index.html,2,2,112
/pl/3.13/py-modindex.html,2,2,8
/pl/3.13/tutorial/introduction.html,2,2,0
/pl/3.15/,2,2,6
/pl/3/c-api/code.html,2,2,0
/pl/3/contents.html,2,2,245
/pl/3/extending/extending.html,2,2,0
/pl/3/library/datetime.html,2,2,77
/pl/3/library/exceptions.html,2,3,5
/pl/3/search.html,2,4,0
/pl/3/tutorial/classes.html,2,2,0
/pl/dev/tutorial/datastructures.html,2,2,0
/uk/3.13/tutorial/index.html,2,2,1726
/3.13/using/windows.html,1,1,2487
/3.14/whatsnew/3.14.html,1,1,112
/3/contents.html,1,1,123
/3/library/__main__.html,1,1,13
/3/library/ast.html,1,1,8
/3/library/datetime.html,1,1,77
/3/library/index.html,1,1,666
/3/library/pydoc.html,1,1,513
/3/library/stdtypes.html,1,1,92
/3/library/typing.html,1,1,1729
/3/py-modindex.html,1,1,403
/3/search.html,1,1,339
/3/tutorial/,1,1,64
/3/tutorial/classes.html,1,1,53
/3/tutorial/controlflow.html,1,1,22
/3/tutorial/floatingpoint.html,1,1,160
/3/tutorial/index.html,1,1,0
/pl/3.12/c-api/index.html,1,1,0
/pl/3.12/installing/index.html,1,1,0
/pl/3.12/library/intro.html,1,1,0
/pl/3.12/whatsnew/changelog.html,1,1,0
/pl/3.13/,1,1,945
/pl/3.13/distributing/index.html,1,1,11
/pl/3.13/glossary.html,1,1,0
/pl/3.13/index.html,1,1,700
/pl/3.13/library/__main__.html,1,1,7
/pl/3.13/library/abc.html,1,1,7
/pl/3.13/library/asyncio-eventloop.html,1,1,0
/pl/3.13/library/asyncio-stream.html,1,1,817
/pl/3.13/library/collections.html,1,1,0
/pl/3.13/library/fractions.html,1,1,11
/pl/3.13/library/functions.html,1,1,0
/pl/3.13/library/stdtypes.html,1,1,853
/pl/3.13/library/tkinter.html,1,1,2140
/pl/3.13/tutorial/,1,2,0
/pl/3.13/tutorial/appetite.html,1,2,110
/pl/3.13/tutorial/errors.html,1,1,0
/pl/3.13/tutorial/stdlib.html,1,1,0
/pl/3.14/whatsnew/3.14.html,1,1,84
/pl/3.14/whatsnew/index.html,1,1,0
/pl/3.15/contents.html,1,1,373
/pl/3.15/whatsnew/3.15.html,1,1,0
/pl/3/faq/library.html,1,1,0
/pl/3/glossary.html,1,1,47
/pl/3/index.html,1,1,0
/pl/3/library/codecs.html,1,1,0
/pl/3/library/dataclasses.html,1,1,547
/pl/3/library/index.html,1,2,0
/pl/3/library/text.html,1,1,0
/pl/3/reference/datamodel.html,1,1,424
/pl/3/reference/index.html,1,1,18
/pl/3/tutorial/,1,1,60
/pl/3/tutorial/floatingpoint.html,1,1,0
/pl/3/tutorial/inputoutput.html,1,1,0
/pl/3/tutorial/interpreter.html,1,1,16
/pl/3/whatsnew/3.8.html,1,1,0
/pl/dev/glossary.html,1,1,6
/pl/dev/library/argparse.html,1,1,0
/pl/dev/library/atexit.html,1,1,0
/pl/dev/library/constants.html,1,1,0
/pl/dev/library/ctypes.html,1,1,0
/pl/dev/library/json.html,1,1,0
/pl/dev/library/multiprocessing.html,1,1,0
/pl/dev/library/platform.html,1,1,0
/pl/dev/library/statistics.html,1,1,0
/pl/dev/library/stdtypes.html,1,1,0
/pl/dev/reference/datamodel.html,1,1,0
/pl/dev/tutorial/inputoutput.html,1,1,0
/pl/dev/whatsnew/2.6.html,1,1,0
/pl/dev/whatsnew/2.7.html,1,1,0
/pl/dev/whatsnew/3.15.html,1,1,0
/pl/dev/whatsnew/3.8.html,1,1,0
/pl/dev/whatsnew/index.html,1,1,0
/uk/dev/c-api/init_config.html,1,1,5
