property,value,visitors,events,percentage
url,(none),9027,19116,99.5
url,https://www.python.org/,160,176,1.8
url,https://www.python.org/downloads/,71,71,0.8
url,https://github.com/python/cpython/tree/3.14/Lib/idlelib/,31,36,0.3
url,https://docs.python.org/zh-cn/3.14/archives/python-3.14-docs-html.zip,27,28,0.3
url,https://apps.microsoft.com/detail/9NQ7512CXL7T,18,29,0.2
url,https://docs.python.org/zh-cn/3/archives/python-3.14-docs-html.zip,14,15,0.2
url,https://docs.python.org/zh-cn/3.14/archives/python-3.14-docs-text.zip,13,13,0.1
url,https://pypi.org/,12,15,0.1
url,https://www.python.org/downloads/macos/,12,14,0.1
url,https://devguide.python.org/documentation/start-documenting/#building-the-documentation,10,10,0.1
url,https://docs.python.org/zh-cn/3.14/archives/python-3.14-docs.epub,8,8,0.1
url,https://www.python.org/doc/versions/,8,8,0.1
url,https://docs.python.org/zh-cn/3/archives/python-3.14-docs.epub,7,7,0.1
url,https://docs.python.org/zh-cn/3/archives/python-3.14-docs-text.zip,6,7,0.1
url,https://github.com/python/cpython/tree/3.14/Lib/idlelib,5,9,0.1
url,https://github.com/python/cpython/tree/3.14/Lib/turtle.py,5,10,0.1
url,https://www.tkdocs.com/shipman/,5,5,0.1
url,https://docs.python.org/zh-cn/3.13/archives/python-3.13-docs-html.zip,4,4,0.0
url,https://docs.python.org/zh-cn/3.15/archives/python-3.15-docs-html.zip,4,4,0.0
url,https://packaging.python.org/,4,4,0.0
url,https://packaging.python.org/installing/,4,4,0.0
url,https://peps.python.org/pep-3147/,4,4,0.0
url,https://tkdocs.com/,4,4,0.0
url,https://briefcase.readthedocs.io/,3,3,0.0
url,https://docs.python.org/zh-cn/3.14/archives/python-3.14-docs-texinfo.zip,3,3,0.0
url,https://docs.python.org/zh-cn/3/archives/python-3.14-docs-texinfo.zip,3,3,0.0
url,https://github.com/python/cpython/tree/3.13/Lib/idlelib/,3,3,0.0
url,https://packaging.python.org/en/latest/tutorials/installing-packages/,3,3,0.0
url,https://packaging.python.org/en/latest/tutorials/installing-packages/#ensure-pip-setuptools-and-wheel-are-up-to-date,3,3,0.0
url,https://packaging.python.org/science/,3,3,0.0
url,https://peps.python.org/,3,6,0.0
url,https://www.python.org/psf/donations/,3,3,0.0
url,https://brew.sh/,2,2,0.0
url,https://docs.python.org/zh-cn/3.15/archives/python-3.15-docs-html.tar.bz2,2,2,0.0
url,https://docs.python.org/zh-cn/3.15/archives/python-3.15-docs-text.zip,2,2,0.0
url,https://docs.python.org/zh-cn/3.15/archives/python-3.15-docs.epub,2,2,0.0
url,https://docs.python.org/zh-cn/3/archives/python-3.14-docs-html.tar.bz2,2,3,0.0
url,https://github.com/python/cpython/blob/main/Doc/contents.rst?plain=1,2,2,0.0
url,https://github.com/python/cpython/blob/main/Doc/tutorial/index.rst?plain=1,2,2,0.0
url,https://github.com/python/cpython/blob/main/Doc/using/windows.rst?plain=1,2,2,0.0
url,https://github.com/python/cpython/tree/3.14/Lib/decimal.py,2,2,0.0
url,https://github.com/python/cpython/tree/3.14/Lib/http/server.py,2,3,0.0
url,https://packaging.python.org/en/latest/tutorials/packaging-projects/,2,2,0.0
url,https://packaging.python.org/installing/#creating-virtual-environments,2,2,0.0
url,https://packaging.python.org/installing/#requirements-for-installing-packages,2,2,0.0
url,https://peps.python.org/pep-0008/,2,2,0.0
url,https://peps.python.org/pep-0484/,2,3,0.0
url,https://peps.python.org/pep-0636/,2,2,0.0
url,https://peps.python.org/pep-3101/,2,2,0.0
url,https://wiki.python.org/moin/BeginnersGuide,2,2,0.0
url,https://www.anaconda.com/download/,2,2,0.0
url,https://www.debian.org/doc/manuals/maint-guide/first.en.html,2,2,0.0
url,https://www.python.org/downloads/source/,2,2,0.0
url,https://www.sphinx-doc.org/,2,2,0.0
url,https://www.tcl.tk/man/tcl8.6/TkCmd/contents.htm,2,2,0.0
url,https://babel.pocoo.org/,1,1,0.0
url,https://buildozer.readthedocs.io/,1,1,0.0
url,https://cibuildwheel.pypa.io/en/stable/platforms/#android,1,1,0.0
url,https://code.activestate.com/recipes/305268/,1,1,0.0
url,https://code.activestate.com/recipes/576707-long-period-random-number-generator/,1,1,0.0
url,https://code.activestate.com/recipes/577504-compute-memory-footprint-of-an-object-and-its-cont/,1,1,0.0
url,https://devguide.python.org/,1,1,0.0
url,https://devguide.python.org/documentation/help-documenting/,1,1,0.0
url,https://devguide.python.org/garbage_collector/#collecting-the-oldest-generation,1,1,0.0
url,https://docs.python.org/zh-cn/3.13/archives/python-3.13-docs-pdf-a4.zip,1,1,0.0
url,https://docs.python.org/zh-cn/3.13/archives/python-3.13-docs-text.tar.bz2,1,2,0.0
url,https://docs.python.org/zh-cn/3.14/archives/python-3.14-docs-html.tar.bz2,1,1,0.0
url,https://docs.python.org/zh-cn/3.14/archives/python-3.14-docs-texinfo.tar.bz2,1,1,0.0
url,https://docs.python.org/zh-cn/3.15/archives/python-3.15-docs-texinfo.zip,1,2,0.0
url,https://docs.python.org/zh-cn/3.15/archives/python-3.15-docs-text.tar.bz2,1,1,0.0
url,https://docs.python.org/zh-cn/3/archives/python-3.14-docs-texinfo.tar.bz2,1,1,0.0
url,https://docs.python.org/zh-cn/3/archives/python-3.14-docs-text.tar.bz2,1,1,0.0
url,https://emscripten.org/,1,1,0.0
url,https://en.wikipedia.org/wiki/Fibonacci_sequence,1,1,0.0
url,https://en.wikipedia.org/wiki/Gamma_function,1,1,0.0
url,https://en.wikipedia.org/wiki/Heapsort,1,1,0.0
url,https://en.wikipedia.org/wiki/Lexical_analysis,1,1,0.0
url,https://en.wikipedia.org/wiki/Monty_Python,1,1,0.0
url,https://en.wikipedia.org/wiki/Predicate_(mathematical_logic),1,2,0.0
url,https://en.wikipedia.org/wiki/Turtle_(robot),1,1,0.0
url,https://gist.github.com/vsajip/4673395,1,1,0.0
url,https://github.com/anordin95/a-conceptual-overview-of-asyncio/tree/main,1,1,0.0
url,https://github.com/python/cpython/blob/main/Doc/bugs.rst,1,1,0.0
url,https://github.com/python/cpython/blob/main/Doc/bugs.rst?plain=1,1,1,0.0
url,https://github.com/python/cpython/blob/main/Doc/library/crypt.rst?plain=1,1,1,0.0
url,https://github.com/python/cpython/blob/main/Doc/library/functions.rst?plain=1,1,1,0.0
url,https://github.com/python/cpython/blob/main/Doc/library/os.path.rst?plain=1,1,1,0.0
url,https://github.com/python/cpython/blob/main/Doc/library/pdb.rst?plain=1,1,1,0.0
url,https://github.com/python/cpython/blob/main/Doc/library/text.rst?plain=1,1,1,0.0
url,https://github.com/python/cpython/blob/main/Doc/library/tkinter.messagebox.rst?plain=1,1,1,0.0
url,https://github.com/python/cpython/blob/main/Doc/license.rst?plain=1,1,1,0.0
url,https://github.com/python/cpython/blob/main/Doc/reference/compound_stmts.rst?plain=1,1,1,0.0
url,https://github.com/python/cpython/blob/main/Doc/reference/expressions.rst?plain=1,1,1,0.0
url,https://github.com/python/cpython/blob/main/Doc/tutorial/appetite.rst?plain=1,1,1,0.0
url,https://github.com/python/cpython/blob/main/Doc/whatsnew/3.14.rst?plain=1,1,1,0.0
url,https://github.com/python/cpython/issues/132661,1,1,0.0
url,https://github.com/python/cpython/tree/3.12/Lib/datetime.py,1,1,0.0
url,https://github.com/python/cpython/tree/3.12/Lib/tkinter/scrolledtext.py,1,1,0.0
url,https://github.com/python/cpython/tree/3.13/Android/testbed/app/src/main/c/main_activity.c,1,1,0.0
url,https://github.com/python/cpython/tree/3.13/Lib/asyncio/runners.py,1,3,0.0
url,https://github.com/python/cpython/tree/3.13/Lib/imaplib.py,1,1,0.0
url,https://github.com/python/cpython/tree/3.13/Lib/multiprocessing/,1,1,0.0
url,https://github.com/python/cpython/tree/3.14/Lib/asyncio/runners.py,1,1,0.0
url,https://github.com/python/cpython/tree/3.14/Lib/bisect.py,1,1,0.0
url,https://github.com/python/cpython/tree/3.14/Lib/collections/__init__.py,1,1,0.0
url,https://github.com/python/cpython/tree/3.14/Lib/glob.py,1,1,0.0
url,https://github.com/python/cpython/tree/3.14/Lib/http/client.py,1,1,0.0
url,https://github.com/python/cpython/tree/3.14/Lib/platform.py,1,1,0.0
url,https://github.com/python/cpython/tree/3.14/Lib/pydoc.py,1,1,0.0
url,https://github.com/python/cpython/tree/3.14/Lib/tkinter/__init__.py,1,1,0.0
url,https://github.com/python/cpython/tree/3.14/Lib/wave.py,1,1,0.0
url,https://github.com/python/cpython/tree/main/Lib/http/server.py,1,1,0.0
url,https://github.com/python/cpython/tree/main/Lib/idlelib/,1,1,0.0
url,https://learning-python.com/about-pp4e.html,1,1,0.0
url,https://peps.python.org/pep-0007/,1,1,0.0
url,https://peps.python.org/pep-0343/,1,1,0.0
url,https://peps.python.org/pep-0414/,1,1,0.0
url,https://peps.python.org/pep-0428/,1,1,0.0
url,https://peps.python.org/pep-0544/,1,1,0.0
url,https://peps.python.org/pep-0585/,1,1,0.0
url,https://peps.python.org/pep-0614/,1,1,0.0
url,https://peps.python.org/pep-0698/,1,1,0.0
url,https://peps.python.org/pep-0703/,1,1,0.0
url,https://peps.python.org/pep-0734/,1,1,0.0
url,https://peps.python.org/pep-0745/,1,1,0.0
url,https://peps.python.org/pep-3120/,1,1,0.0
url,https://py-free-threading.github.io/installing-cpython/,1,1,0.0
url,https://pypi.org/project/Exscript/,1,1,0.0
url,https://pypi.org/project/telnetlib3/,1,1,0.0
url,https://pypy.org/,1,1,0.0
url,https://pyscript.net/,1,1,0.0
url,https://setuptools.pypa.io/en/latest/setuptools.html,1,1,0.0
url,https://termux.dev/en/,1,1,0.0
url,https://tiswww.case.edu/php/chet/readline/rltop.html,1,2,0.0
url,https://typing.python.org/en/latest/spec/index.html,1,1,0.0
url,https://wasi.dev/,1,1,0.0
url,https://wiki.python.org/moin/GuiProgramming,1,1,0.0
url,https://www.jython.org/,1,1,0.0
url,https://www.pypa.io/,1,1,0.0
url,https://www.python.org/downloads/android/,1,1,0.0
url,https://www.riverbankcomputing.com/static/Docs/pyqtdeploy/,1,1,0.0
url,https://www.tcl.tk/,1,1,0.0
url,https://www.tcl.tk/man/tcl8.6/TkCmd/ttk_button.htm,1,1,0.0
url,https://www.unicode.org/Public/16.0.0/ucd,1,1,0.0
url,https://www.unicode.org/reports/tr44/tr44-34.html#General_Category_Values,1,1,0.0
url,https://www.unicode.org/versions/latest/#Summary,1,1,0.0
url,https://www.w3schools.com/sql/,1,1,0.0
url,https://www.youtube.com/watch?v=Xbl7XjFYsN4&list=PLhNSoGM2ik6SIkVGXWBwerucXjgP1rHmB,1,1,0.0
