name,version,visitors
Chrome,138.0,2716
Mobile App,(not set),1400
Microsoft Edge,138.0,1079
Safari,18.5,233
Firefox,140.0,215
Chrome,137.0,183
Mobile App,97.0,122
Huawei Browser Mobile,16.0,93
Microsoft Edge,137.0,58
Chrome,136.0,53
vivo Browser,25.3,47
Microsoft Edge,136.0,42
vivo Browser,25.4,39
Firefox,128.0,29
MIUI Browser,19.8,24
Safari,18.3,22
Chrome,135.0,20
Chrome,134.0,19
vivo Browser,25.2,19
Safari,18.4,18
Safari,17.6,17
vivo Browser,25.1,17
vivo Browser,24.6,14
Chrome,131.0,13
UC Browser,17.8,12
MIUI Browser,19.7,12
Chrome,112.0,11
Chrome,132.0,11
Microsoft Edge,135.0,10
Safari,16.6,10
Chrome,114.0,9
Chrome,125.0,8
Firefox,139.0,8
Safari,15.6,8
vivo Browser,25.0,8
Brave,(not set),7
Chrome,130.0,7
Microsoft Edge,132.0,7
Safari,16.1,7
Chrome,133.0,6
Huawei Browser Mobile,15.0,6
UC Browser,17.7,6
Chrome,81.0,6
Chrome,126.0,5
Chrome,127.0,5
Chrome,128.0,5
Microsoft Edge,131.0,5
vivo Browser,24.9,5
Quark,7.14,5
Chrome,86.0,5
Chrome,120.0,4
Chrome,123.0,4
Microsoft Edge,129.0,4
Microsoft Edge,134.0,4
Firefox,138.0,4
vivo Browser,18.7,4
MIUI Browser,19.9,4
vivo Browser,23.6,4
Chrome,97.0,4
Chrome,109.0,3
Firefox,115.0,3
Microsoft Edge,119.0,3
Chrome,122.0,3
Microsoft Edge,124.0,3
Chrome,124.0,3
Microsoft Edge,130.0,3
Firefox,136.0,3
Chrome,139.0,3
UC Browser,17.2,3
Safari,18.1,3
QQ Browser,19.2,3
Quark,7.13,3
Chrome,71.0,3
Chrome,116.0,2
Mobile App,117.0,2
Chrome,117.0,2
Chrome,118.0,2
Chrome,119.0,2
Huawei Browser Mobile,12.1,2
Chrome,121.0,2
Chrome,129.0,2
Safari,13.0,2
vivo Browser,13.7,2
Microsoft Edge,133.0,2
Mobile Silk,136.7,2
Chrome,137,2
Microsoft Edge,139.0,2
Safari,14.0,2
Huawei Browser Mobile,14.0,2
Safari,14.1,2
Firefox,141.0,2
Safari,15.5,2
Safari,16.0,2
Safari,16.2,2
Safari,16.3,2
MIUI Browser,16.9,2
Safari,17.0,2
Safari,17.5,2
UC Browser,17.5,2
Safari,17.7,2
Safari,18.2,2
MIUI Browser,19.3,2
QQ Browser,19.3,2
QQ Browser,19.4,2
vivo Browser,19.5,2
vivo Browser,22.3,2
vivo Browser,23.5,2
vivo Browser,24.2,2
vivo Browser,24.7,2
vivo Browser,25.5,2
Safari,26.0,2
Samsung Browser,28.0,2
Quark,5.6,2
Mobile App,81.0,2
Mobile App,83.0,2
Mobile App,90.0,2
Mobile App,91.0,2
Microsoft Edge,92.0,2
(not set),(not set),1
Safari,(not set),1
vivo Browser,10.9,1
Chrome,101.0,1
Chrome,103.0,1
Mobile App,103.0,1
Chrome,104.0,1
Chrome,105.0,1
Chrome,106.0,1
Microsoft Edge,106.0,1
Microsoft Edge,107.0,1
Chrome,107.0,1
Mobile App,109.0,1
Safari,11.0,1
Huawei Browser Mobile,11.0,1
Chrome,110.0,1
Firefox,113.0,1
Opera,119.0,1
Safari,12.1,1
Mobile App,120.0,1
Mobile App,127.0,1
Mobile App,129.0,1
Mobile App,131.0,1
Firefox,131.0,1
MIUI Browser,14.10,1
Chrome,140.0,1
Safari,15.3,1
Safari,15.4,1
QQ Browser,15.9,1
vivo Browser,17.1,1
UC Browser,17.1,1
MIUI Browser,17.2,1
Safari,17.3,1
UC Browser,17.3,1
Safari,17.4,1
Safari,18.0,1
MIUI Browser,18.2,1
Safari,18.6,1
MIUI Browser,19.0,1
MIUI Browser,19.5,1
vivo Browser,19.9,1
vivo Browser,21.6,1
Samsung Browser,22.1,1
vivo Browser,22.2,1
vivo Browser,22.7,1
vivo Browser,23.3,1
vivo Browser,24.1,1
Yandex Browser,24.12,1
vivo Browser,24.3,1
vivo Browser,24.5,1
Sleipnir,4.8,1
Huawei Browser Mobile,5.1,1
Quark,7.12,1
Firefox,79.0,1
Mobile App,80.0,1
Mobile App,88.0,1
Chrome,89.0,1
Lenovo Browser,9.2,1
Chrome,95.0,1
