property,value,visitors,events,percentage
url,(none),175156,291501,99.8
url,https://www.python.org/,1248,1353,0.7
url,https://github.com/python/cpython/tree/3.13/Lib/idlelib/,255,283,0.1
url,https://tkdocs.com/,184,192,0.1
url,https://github.com/python/cpython/tree/3.13/Lib/tkinter/__init__.py,111,125,0.1
url,https://wiki.python.org/moin/BeginnersGuide,111,114,0.1
url,https://mypy.readthedocs.io/en/stable/cheat_sheet_py3.html,94,96,0.1
url,https://www.python.org/downloads/,93,94,0.1
url,https://pypi.org/,88,94,0.1
url,https://www.tkdocs.com/shipman/,76,86,0.0
url,https://www.python.org/downloads/macos/,71,75,0.0
url,https://www.tcl.tk/man/tcl8.6/TkCmd/contents.htm,63,68,0.0
url,https://packaging.python.org/guides/installing-using-pip-and-virtual-environments/#create-and-use-virtual-environments,57,61,0.0
url,https://packaging.python.org/en/latest/tutorials/packaging-projects/,45,46,0.0
url,https://github.com/python/cpython/tree/3.13/Lib/turtle.py,42,48,0.0
url,https://www.python.org/doc/versions/,42,43,0.0
url,https://github.com/python/cpython/tree/3.13/Lib/random.py,40,42,0.0
url,https://github.com/python/cpython/tree/3.13/Lib/venv/,36,37,0.0
url,https://www.packtpub.com/en-us/product/python-gui-programming-with-tkinter-9781788835886,36,37,0.0
url,https://github.com/python/cpython/tree/3.13/Lib/datetime.py,32,33,0.0
url,https://peps.python.org/pep-0397/,28,30,0.0
url,https://peps.python.org/pep-0636/,28,28,0.0
url,https://www.tcl.tk/,28,30,0.0
url,https://devguide.python.org/,27,28,0.0
url,https://requests.readthedocs.io/en/master/,26,26,0.0
url,https://www.python.org/psf/donations/,25,26,0.0
url,https://packaging.python.org/,23,23,0.0
url,https://pypi.org/project/telnetlib3/,23,25,0.0
url,https://github.com/python/cpython/tree/3.13/Lib/idlelib,21,22,0.0
url,https://manpages.debian.org/recv(2),21,22,0.0
url,https://github.com/python/cpython/tree/3.13/Lib/sqlite3/,20,23,0.0
url,https://peps.python.org/,20,20,0.0
url,https://peps.python.org/pep-0703/,20,20,0.0
url,https://wiki.python.org/moin/PythonBooks,20,20,0.0
url,https://www.sqlite.org/,20,20,0.0
url,https://dateutil.readthedocs.io/en/stable/,19,20,0.0
url,https://pypi.org/project/pip/,18,18,0.0
url,https://www.unicode.org/versions/Unicode15.1.0/ch03.pdf,18,20,0.0
url,https://github.com/python/cpython/tree/3.13/Lib/socket.py,17,20,0.0
url,https://github.com/python/cpython/tree/3.13/Lib/xml/etree/ElementTree.py,17,18,0.0
url,https://packaging.python.org/en/latest/tutorials/installing-packages/#ensure-pip-setuptools-and-wheel-are-up-to-date,17,18,0.0
url,https://peps.python.org/pep-0719/,17,17,0.0
url,https://github.com/python/cpython/tree/3.13/Lib/subprocess.py,16,16,0.0
url,https://peps.python.org/pep-0563/,16,18,0.0
url,https://github.com/python/cpython/tree/3.13/Lib/os.py,15,15,0.0
url,https://github.com/python/cpython/tree/3.13/Lib/re/,15,16,0.0
url,https://peps.python.org/pep-0585/,15,16,0.0
url,https://peps.python.org/pep-0594/,15,15,0.0
url,https://en.wikipedia.org/wiki/Turtle_(robot),14,16,0.0
url,https://github.com/python/cpython/tree/3.13/Lib/string.py,14,14,0.0
url,https://peps.python.org/pep-0634/,14,14,0.0
url,https://peps.python.org/pep-3119/,14,14,0.0
url,https://typing.python.org/en/latest/,14,15,0.0
url,https://briefcase.readthedocs.io/,13,14,0.0
url,https://datatracker.ietf.org/doc/html/rfc4122.html,13,13,0.0
url,https://github.com/python/cpython/tree/3.13/Lib/pathlib/,13,13,0.0
url,https://en.wikipedia.org/wiki/Cursor_(databases),12,12,0.0
url,https://github.com/python/cpython/tree/3.13/Lib/asyncio/,12,12,0.0
url,https://github.com/python/cpython/tree/3.13/Lib/collections/__init__.py,12,12,0.0
url,https://github.com/python/cpython/tree/3.13/Lib/heapq.py,12,12,0.0
url,https://github.com/python/cpython/tree/3.13/Lib/logging/__init__.py,12,12,0.0
url,https://github.com/python/cpython/tree/3.13/Lib/typing.py,12,12,0.0
url,https://opensource.org/,12,13,0.0
url,https://packaging.python.org/installing/#creating-virtual-environments,12,12,0.0
url,https://peps.python.org/pep-0632/#migration-advice,12,12,0.0
url,https://pypi.org/project/DateType/,12,12,0.0
url,https://tkdocs.com/book.html,12,12,0.0
url,https://www.debian.org/doc/manuals/maint-guide/first.en.html,12,12,0.0
url,https://github.com/python/cpython/tree/3.13/Lib/tomllib,11,11,0.0
url,https://github.com/python/cpython/tree/3.13/Lib/webbrowser.py,11,11,0.0
url,https://github.com/python/cpython/tree/3.13/Lib/zipfile/,11,11,0.0
url,https://packaging.python.org/en/latest/tutorials/installing-packages/,11,11,0.0
url,https://packaging.python.org/installing/,11,13,0.0
url,https://peps.python.org/pep-0484/,11,11,0.0
url,https://pypi.org/project/regex/,11,11,0.0
url,https://devguide.python.org/documentation/help-documenting/,10,11,0.0
url,https://github.com/python/cpython/tree/3.13/Lib/copy.py,10,10,0.0
url,https://github.com/python/cpython/tree/3.13/Lib/difflib.py,10,10,0.0
url,https://github.com/python/cpython/tree/3.13/Lib/json/__init__.py,10,12,0.0
url,https://github.com/python/cpython/tree/3.13/Lib/smtplib.py,10,10,0.0
url,https://learning-python.com/about-pp4e.html,10,11,0.0
url,https://peps.python.org/pep-0249/,10,10,0.0
url,https://peps.python.org/pep-0557/,10,11,0.0
url,https://www.w3.org/TR/xpath,10,12,0.0
url,https://brew.sh/,9,9,0.0
url,https://buildozer.readthedocs.io/,9,9,0.0
url,https://docs.pytest.org/,9,9,0.0
url,https://en.wikipedia.org/wiki/Database_transaction,9,9,0.0
url,https://en.wikipedia.org/wiki/Fibonacci_sequence,9,9,0.0
url,https://github.com/python/cpython/tree/3.13/Lib/ast.py,9,9,0.0
url,https://github.com/python/cpython/tree/3.13/Lib/asyncio/coroutines.py,9,9,0.0
url,https://github.com/python/cpython/tree/3.13/Lib/http/server.py,9,9,0.0
url,https://github.com/python/cpython/tree/3.13/Lib/multiprocessing/,9,10,0.0
url,https://packaging.python.org/installing/#requirements-for-installing-packages,9,9,0.0
url,https://peps.python.org/pep-0008/,9,9,0.0
url,https://setuptools.readthedocs.io/en/latest/setuptools.html,9,9,0.0
url,https://termux.dev/en/,9,9,0.0
url,https://www.anaconda.com/download/,9,9,0.0
url,https://en.wikipedia.org/wiki/Cryptographic_hash_function#Attacks_on_cryptographic_hash_algorithms,8,8,0.0
url,https://github.com/python/cpython/tree/3.13/Lib/argparse.py,8,8,0.0
url,https://github.com/python/cpython/tree/3.13/Lib/calendar.py,8,8,0.0
url,https://github.com/python/cpython/tree/3.13/Lib/configparser.py,8,8,0.0
url,https://github.com/python/cpython/tree/3.13/Lib/dataclasses.py,8,9,0.0
url,https://github.com/python/cpython/tree/3.13/Lib/ensurepip,8,8,0.0
url,https://github.com/python/cpython/tree/3.13/Lib/functools.py,8,8,0.0
url,https://github.com/python/cpython/tree/3.13/Lib/html/__init__.py,8,8,0.0
url,https://github.com/python/cpython/tree/3.13/Lib/pydoc.py,8,8,0.0
url,https://github.com/python/cpython/tree/3.13/Lib/tempfile.py,8,8,0.0
url,https://numpy.org/,8,8,0.0
url,https://peps.python.org/pep-0526/,8,8,0.0
url,https://peps.python.org/pep-0567/,8,8,0.0
url,https://pypi.org/project/tomli-w/,8,9,0.0
url,https://pypi.org/project/tzdata/,8,8,0.0
url,https://requests.readthedocs.io/en/latest/,8,8,0.0
url,https://rhettinger.wordpress.com/2011/05/26/super-considered-super/,8,8,0.0
url,https://typing.python.org/en/latest/spec/index.html,8,8,0.0
url,https://www.sphinx-doc.org/,8,8,0.0
url,https://en.wikipedia.org/wiki/Cartesian_product,7,7,0.0
url,https://en.wikipedia.org/wiki/Leap_second,7,7,0.0
url,https://en.wikipedia.org/wiki/Memoization,7,7,0.0
url,https://github.com/python/cpython/tree/3.13/Lib/csv.py,7,7,0.0
url,https://github.com/python/cpython/tree/3.13/Lib/logging/handlers.py,7,7,0.0
url,https://github.com/python/cpython/tree/3.13/Lib/pickle.py,7,7,0.0
url,https://github.com/python/cpython/tree/3.13/Lib/threading.py,7,7,0.0
url,https://github.com/python/cpython/tree/3.13/Lib/xml/,7,7,0.0
url,https://json.org/,7,7,0.0
url,https://peps.python.org/pep-0302/,7,8,0.0
url,https://peps.python.org/pep-0405/,7,7,0.0
url,https://peps.python.org/pep-0615/,7,8,0.0
url,https://peps.python.org/pep-0744/,7,7,0.0
url,https://pypi.org/project/tomlkit/,7,7,0.0
url,https://tiswww.case.edu/php/chet/readline/rltop.html,7,8,0.0
url,https://xkcd.com/936/,7,8,0.0
url,https://core.tcl.tk/tips/doc/trunk/tip/48.md,6,6,0.0
url,https://datatracker.ietf.org/doc/html/rfc9110.html,6,6,0.0
url,https://en.wikipedia.org/wiki/Priority_queue,6,6,0.0
url,https://github.com/python/cpython/tree/3.13/Lib/concurrent/futures/thread.py,6,7,0.0
url,https://github.com/python/cpython/tree/3.13/Lib/decimal.py,6,6,0.0
url,https://github.com/python/cpython/tree/3.13/Lib/gzip.py,6,6,0.0
url,https://github.com/python/cpython/tree/3.13/Lib/operator.py,6,7,0.0
url,https://github.com/python/cpython/tree/3.13/Lib/tkinter/simpledialog.py,6,6,0.0
url,https://github.com/python/cpython/tree/3.13/Lib/unittest/__init__.py,6,7,0.0
url,https://github.com/python/cpython/tree/3.13/Lib/urllib/parse.py,6,6,0.0
url,https://packaging.python.org/science/,6,6,0.0
url,https://peps.python.org/pep-0011/,6,6,0.0
url,https://peps.python.org/pep-0343/,6,6,0.0
url,https://peps.python.org/pep-0420/,6,6,0.0
url,https://peps.python.org/pep-0492/,6,7,0.0
url,https://peps.python.org/pep-0572/,6,6,0.0
url,https://peps.python.org/pep-0692/,6,6,0.0
url,https://peps.python.org/pep-0695/,6,9,0.0
url,https://pypi.org/project/Exscript/,6,6,0.0
url,https://pypi.org/project/filetype/,6,7,0.0
url,https://toml.io/en/,6,6,0.0
url,https://wiki.python.org/moin/IntegratedDevelopmentEnvironments,6,7,0.0
url,https://www.cwi.nl/,6,6,0.0
url,https://www.python.org/doc/av/,6,6,0.0
url,https://www.python.org/psf/,6,11,0.0
url,https://www.sqlite.org/schematab.html,6,7,0.0
url,https://cibuildwheel.pypa.io/en/stable/platforms/#android,5,5,0.0
url,https://datatracker.ietf.org/doc/html/rfc3986.html,5,5,0.0
url,https://datatracker.ietf.org/doc/html/rfc4648.html,5,5,0.0
url,https://gist.github.com/vsajip/4673395,5,5,0.0
url,https://github.com/python/cpython/blob/main/Doc/tutorial/index.rst,5,6,0.0
url,https://github.com/python/cpython/issues,5,5,0.0
url,https://github.com/python/cpython/tree/3.13/Lib/asyncio/runners.py,5,5,0.0
url,https://github.com/python/cpython/tree/3.13/Lib/curses,5,5,0.0
url,https://github.com/python/cpython/tree/3.13/Lib/email/parser.py,5,5,0.0
url,https://github.com/python/cpython/tree/3.13/Lib/hashlib.py,5,6,0.0
url,https://github.com/python/cpython/tree/3.13/Lib/pprint.py,5,5,0.0
url,https://github.com/python/cpython/tree/3.13/Lib/shutil.py,5,5,0.0
url,https://github.com/python/cpython/tree/3.13/Lib/uuid.py,5,5,0.0
url,https://github.com/python/cpython/tree/3.13/Lib/zipimport.py,5,6,0.0
url,https://more-itertools.readthedocs.io/en/stable/api.html#more_itertools.before_and_after,5,5,0.0
url,https://peps.python.org/pep-0428/,5,5,0.0
url,https://peps.python.org/pep-0485/,5,5,0.0
url,https://peps.python.org/pep-0584/,5,5,0.0
url,https://pkware.cachefly.net/webdocs/casestudies/APPNOTE.TXT,5,5,0.0
url,https://pypi.org/project/legacy-cgi/,5,5,0.0
url,https://scipy.org/,5,5,0.0
url,https://support.apple.com/en-us/102445,5,5,0.0
url,https://web.archive.org/web/20150315073817/http://www.xprogramming.com/testfram.htm,5,5,0.0
url,https://wiki.python.org/moin/GuiProgramming,5,5,0.0
url,https://wiki.python.org/moin/PythonTestingToolsTaxonomy,5,5,0.0
url,https://www.cnri.reston.va.us/,5,5,0.0
url,https://www.python.org/downloads/windows/,5,5,0.0
url,https://www.riverbankcomputing.com/static/Docs/pyqtdeploy/,5,5,0.0
url,https://www.unicode.org/Public/15.1.0/ucd/NameAliases.txt,5,5,0.0
url,https://www.zlib.net/,5,5,0.0
url,https://beeware.org/,4,4,0.0
url,https://chaquo.com/chaquopy,4,4,0.0
url,https://code.activestate.com/recipes/577504-compute-memory-footprint-of-an-object-and-its-cont/,4,4,0.0
url,https://datatracker.ietf.org/doc/html/rfc821.html,4,4,0.0
url,https://datatracker.ietf.org/doc/html/rfc822.html,4,5,0.0
url,https://devguide.python.org/garbage_collector/#collecting-the-oldest-generation,4,4,0.0
url,https://discuss.python.org/t/33555,4,4,0.0
url,https://docs.fedoraproject.org/en-US/package-maintainers/Packaging_Tutorial_GNU_Hello/,4,4,0.0
url,https://emscripten.org/,4,4,0.0
url,https://en.wikipedia.org/wiki/Gamma_function,4,4,0.0
url,https://en.wikipedia.org/wiki/SQL_injection,4,4,0.0
url,https://en.wikipedia.org/wiki/Walrus#/media/File:Pacific_Walrus_-_Bull_(8247646168).jpg,4,4,0.0
url,https://github.com/python/cpython/blob/main/Doc/contents.rst,4,4,0.0
url,https://github.com/python/cpython/blob/main/Doc/library/functions.rst,4,5,0.0
url,https://github.com/python/cpython/tree/3.13/Android/README.md,4,5,0.0
url,https://github.com/python/cpython/tree/3.13/Grammar/python.gram,4,5,0.0
url,https://github.com/python/cpython/tree/3.13/Lib/_collections_abc.py,4,6,0.0
url,https://github.com/python/cpython/tree/3.13/Lib/asyncio/events.py,4,4,0.0
url,https://github.com/python/cpython/tree/3.13/Lib/asyncio/exceptions.py,4,4,0.0
url,https://github.com/python/cpython/tree/3.13/Lib/bisect.py,4,4,0.0
url,https://github.com/python/cpython/tree/3.13/Lib/codecs.py,4,4,0.0
url,https://github.com/python/cpython/tree/3.13/Lib/contextlib.py,4,5,0.0
url,https://github.com/python/cpython/tree/3.13/Lib/encodings/aliases.py,4,4,0.0
url,https://github.com/python/cpython/tree/3.13/Lib/ftplib.py,4,4,0.0
url,https://github.com/python/cpython/tree/3.13/Lib/pdb.py,4,4,0.0
url,https://github.com/python/cpython/tree/3.13/Lib/statistics.py,4,4,0.0
url,https://github.com/python/cpython/tree/3.13/Lib/unittest/mock.py,4,4,0.0
url,https://github.com/python/cpython/tree/3.13/Lib/urllib/,4,4,0.0
url,https://grantjenks.com/docs/sortedcollections/,4,4,0.0
url,https://html.spec.whatwg.org/multipage/named-characters.html#named-character-references,4,4,0.0
url,https://manpages.debian.org/fcntl(2),4,4,0.0
url,https://manpages.debian.org/termios(3),4,4,0.0
url,https://packaging.python.org/extensions/,4,5,0.0
url,https://peps.python.org/pep-0305/,4,4,0.0
url,https://peps.python.org/pep-0324/,4,4,0.0
url,https://peps.python.org/pep-0380/,4,4,0.0
url,https://peps.python.org/pep-0434/,4,4,0.0
url,https://peps.python.org/pep-0498/,4,6,0.0
url,https://peps.python.org/pep-0506/,4,4,0.0
url,https://peps.python.org/pep-0578/,4,4,0.0
url,https://peps.python.org/pep-0612/,4,4,0.0
url,https://peps.python.org/pep-0696/,4,4,0.0
url,https://py-free-threading.github.io/installing-cpython/,4,5,0.0
url,https://pypi.org/project/UniCurses/,4,4,0.0
url,https://pyscript.net/,4,4,0.0
url,https://python-pillow.org/,4,6,0.0
url,https://rfc.zeromq.org/spec/32/,4,4,0.0
url,https://wasi.dev/,4,4,0.0
url,https://webassembly.org/,4,4,0.0
url,https://www.activestate.com/products/python/,4,4,0.0
url,https://www.jsonrpc.org/,4,4,0.0
url,https://www.python.org/about/success,4,4,0.0
url,https://www.python.org/downloads/source/,4,4,0.0
url,https://www.sqlite.org/flextypegood.html,4,4,0.0
url,https://www.sqlite.org/lang_transaction.html#implicit_versus_explicit_transactions,4,4,0.0
url,https://www.unicode.org/reports/tr44/,4,4,0.0
url,https://www.w3schools.com/sql/,4,4,0.0
url,https://babel.pocoo.org/,3,3,0.0
url,https://cffi.readthedocs.io/,3,3,0.0
url,https://code.activestate.com/recipes/576642-persistent-dict-with-multiple-standard-file-format/,3,3,0.0
url,https://code.activestate.com/recipes/576707-long-period-random-number-generator/,3,3,0.0
url,https://datatracker.ietf.org/doc/html/rfc2822.html,3,3,0.0
url,https://datatracker.ietf.org/doc/html/rfc4180.html,3,3,0.0
url,https://datatracker.ietf.org/doc/html/rfc5280.html,3,3,0.0
url,https://datatracker.ietf.org/doc/html/rfc5322.html,3,3,0.0
url,https://datatracker.ietf.org/doc/html/rfc7159.html,3,3,0.0
url,https://en.opensuse.org/Portal:Packaging,3,3,0.0
url,https://en.wikipedia.org/wiki/Backus%E2%80%93Naur_form,3,4,0.0
url,https://en.wikipedia.org/wiki/Coordinated_Universal_Time,3,3,0.0
url,https://en.wikipedia.org/wiki/Error_function,3,3,0.0
url,https://en.wikipedia.org/wiki/Parsing_expression_grammar,3,3,0.0
url,https://en.wikipedia.org/wiki/Salt_%28cryptography%29,3,3,0.0
url,https://en.wikipedia.org/wiki/Timsort,3,3,0.0
url,https://en.wikipedia.org/wiki/Transpose,3,3,0.0
url,https://en.wikipedia.org/wiki/Unix_time,3,3,0.0
url,https://github.com/python/cpython/blob/main/Doc/library/random.rst,3,3,0.0
url,https://github.com/python/cpython/blob/main/Doc/library/smtplib.rst,3,3,0.0
url,https://github.com/python/cpython/issues/107944,3,3,0.0
url,https://github.com/python/cpython/tree/3.13/Lib/concurrent/futures/process.py,3,3,0.0
url,https://github.com/python/cpython/tree/3.13/Lib/email/__init__.py,3,3,0.0
url,https://github.com/python/cpython/tree/3.13/Lib/email/generator.py,3,3,0.0
url,https://github.com/python/cpython/tree/3.13/Lib/enum.py,3,3,0.0
url,https://github.com/python/cpython/tree/3.13/Lib/fnmatch.py,3,3,0.0
url,https://github.com/python/cpython/tree/3.13/Lib/getpass.py,3,3,0.0
url,https://github.com/python/cpython/tree/3.13/Lib/glob.py,3,3,0.0
url,https://github.com/python/cpython/tree/3.13/Lib/graphlib.py,3,3,0.0
url,https://github.com/python/cpython/tree/3.13/Lib/html/parser.py,3,3,0.0
url,https://github.com/python/cpython/tree/3.13/Lib/io.py,3,3,0.0
url,https://github.com/python/cpython/tree/3.13/Lib/queue.py,3,3,0.0
url,https://github.com/python/cpython/tree/3.13/Lib/secrets.py,3,3,0.0
url,https://github.com/python/cpython/tree/3.13/Lib/tkinter/scrolledtext.py,3,3,0.0
url,https://github.com/python/cpython/tree/3.13/Lib/urllib/request.py,3,3,0.0
url,https://github.com/python/cpython/tree/3.13/Lib/urllib/robotparser.py,3,3,0.0
url,https://github.com/python/cpython/tree/3.13/Lib/warnings.py,3,3,0.0
url,https://github.com/python/cpython/tree/3.13/Lib/xml/dom/minidom.py,3,3,0.0
url,https://github.com/python/cpython/tree/3.13/Mac/Resources/app-store-compliance.patch,3,3,0.0
url,https://github.com/python/cpython/tree/3.13/Misc/ACKS,3,3,0.0
url,https://infozip.sourceforge.net/,3,3,0.0
url,https://issuetracker.google.com/issues/128554619#comment4,3,3,0.0
url,https://jvns.ca/blog/2023/01/13/examples-of-floating-point-problems/,3,3,0.0
url,https://kivy.org/,3,3,0.0
url,https://mail.python.org/pipermail/python-dev/2017-December/151283.html,3,3,0.0
url,https://manpages.debian.org/alarm(2),3,3,0.0
url,https://peps.python.org/pep-0308/,3,3,0.0
url,https://peps.python.org/pep-0342/,3,3,0.0
url,https://peps.python.org/pep-0383/,3,3,0.0
url,https://peps.python.org/pep-0387/,3,3,0.0
url,https://peps.python.org/pep-0488/,3,3,0.0
url,https://peps.python.org/pep-0618/,3,5,0.0
url,https://peps.python.org/pep-0632/,3,3,0.0
url,https://peps.python.org/pep-0654/,3,3,0.0
