name,unique_exits,total_exits,exit_rate
/zh-tw/3/tutorial/index.html,160,166,
/zh-tw/3/library/venv.html,49,50,
/zh-tw/dev/installing/index.html,41,41,
/zh-tw/3/howto/sorting.html,40,41,
/zh-tw/3/library/index.html,34,34,
/zh-tw/3/tutorial/controlflow.html,29,31,
/zh-tw/3.13/library/venv.html,27,27,
/zh-tw/3.13/tutorial/datastructures.html,27,28,
/zh-tw/3.13/tutorial/index.html,27,27,
/zh-tw/3/library/functions.html,27,29,
/zh-tw/3/tutorial/inputoutput.html,27,27,
/zh-tw/3/library/re.html,26,26,
/zh-tw/3.13/using/mac.html,24,25,
/zh-tw/3/library/random.html,23,23,
/zh-tw/3/tutorial/interpreter.html,23,23,
/zh-tw/3/tutorial/introduction.html,23,26,
/zh-tw/3/tutorial/datastructures.html,21,21,
/zh-tw/3.13/library/os.path.html,18,19,
/zh-tw/3/tutorial/appetite.html,18,19,
/zh-tw/3.13/tutorial/classes.html,17,19,
/zh-tw/3/,17,17,
/zh-tw/3/howto/argparse.html,17,19,
/zh-tw/3/tutorial/classes.html,17,18,
/zh-tw/3.13/library/pathlib.html,16,16,
/zh-tw/3.13/library/__main__.html,15,15,
/zh-tw/3.13/library/csv.html,15,15,
/zh-tw/3/installing/index.html,15,15,
/zh-tw/3/library/heapq.html,15,16,
/zh-tw/3/library/math.html,14,14,
/zh-tw/dev/library/os.path.html,14,14,
/zh-tw/3/library/concurrent.futures.html,13,13,
/zh-tw/3/library/json.html,13,13,
/zh-tw/3/tutorial/modules.html,13,13,
/zh-tw/3.13/library/bisect.html,12,12,
/zh-tw/3.13/library/collections.html,12,12,
/3/,11,11,
/zh-cn/3.13/,11,11,
/zh-tw/3.13/library/functions.html,11,11,
/zh-tw/3.13/tutorial/controlflow.html,11,10,
/zh-tw/3.13/tutorial/introduction.html,11,11,
/zh-tw/dev/library/csv.html,11,11,
/zh-tw/3.13/,10,10,
/zh-tw/3.13/library/io.html,10,11,
/zh-tw/3/tutorial/venv.html,10,10,
/zh-tw/3.13/faq/windows.html,9,9,
/zh-tw/3/library/enum.html,9,9,
/zh-tw/3/library/unittest.html,9,9,
/zh-tw/3.12/using/mac.html,8,8,
/zh-tw/3.13/library/copy.html,8,8,
/zh-tw/3.13/library/math.html,8,8,
/zh-tw/3/library/ast.html,8,8,
/zh-tw/3/library/queue.html,8,8,
/zh-tw/3/library/time.html,8,8,
/zh-tw/3.13/library/random.html,7,7,
/zh-tw/3.13/library/statistics.html,7,7,
/zh-tw/3.13/library/stdtypes.html,7,8,
/zh-tw/3/library/collections.html,7,7,
/zh-tw/3/library/stdtypes.html,7,7,
/zh-tw/3/tutorial/errors.html,7,7,
/zh-tw/dev/library/venv.html,7,7,
/zh-tw/3.13/library/threading.html,6,6,
/zh-tw/3.13/tutorial/,6,6,
/zh-tw/3.13/tutorial/errors.html,6,6,
/zh-tw/3.13/tutorial/floatingpoint.html,6,6,
/zh-tw/3.13/tutorial/inputoutput.html,6,6,
/zh-tw/3.13/tutorial/interpreter.html,6,6,
/zh-tw/3/library/hashlib.html,6,6,
/zh-tw/3/library/string.html,6,6,
/zh-tw/3/library/uuid.html,6,7,
/zh-tw/3/search.html,6,6,
/zh-tw/3.13/faq/general.html,5,6,
/zh-tw/3.13/library/tkinter.html,5,7,
/zh-tw/3.13/search.html,5,6,
/zh-tw/3.13/tutorial/modules.html,5,5,
/zh-tw/3/faq/windows.html,5,5,
/zh-tw/3/library/array.html,5,5,
/zh-tw/3/library/glob.html,5,5,
/zh-tw/3/reference/index.html,5,5,
/zh-tw/3/tutorial/appendix.html,5,5,
/3/tutorial/introduction.html,4,4,
/zh-cn/3.13/reference/index.html,4,5,
/zh-tw/3.12/library/venv.html,4,4,
/zh-tw/3.13/contents.html,4,5,
/zh-tw/3.13/howto/sorting.html,4,4,
/zh-tw/3.13/library/ast.html,4,4,
/zh-tw/3.13/library/distutils.html,4,4,
/zh-tw/3.13/library/ftplib.html,4,4,
/zh-tw/3.13/library/ssl.html,4,4,
/zh-tw/3.13/library/string.html,4,4,
/zh-tw/3.13/library/typing.html,4,4,
/zh-tw/3.13/tutorial/venv.html,4,4,
/zh-tw/3.13/using/windows.html,4,4,
/zh-tw/3/faq/programming.html,4,4,
/zh-tw/3/glossary.html,4,4,
/zh-tw/3/howto/logging.html,4,4,
/zh-tw/3/howto/sockets.html,4,4,
/zh-tw/3/index.html,4,4,
/zh-tw/3/library/asyncio.html,4,4,
/zh-tw/3/library/email.contentmanager.html,4,4,
/zh-tw/3/library/pdb.html,4,4,
