name,unique_exits,total_exits,exit_rate
/3.14/using/windows.html,1218,1240,
/3.14/tutorial/index.html,1166,1211,
/3.14/,469,475,
/3.14/index.html,271,280,
/3.14/tutorial/,271,277,
/3/,257,256,
/3.14/whatsnew/3.14.html,242,245,
/dev/using/windows.html,170,167,
/3.14/tutorial/interpreter.html,160,164,
/3.14/library/functions.html,125,130,
/3.14/tutorial/introduction.html,120,130,
/3.14/tutorial/appetite.html,116,119,
/zh-cn/3.14/,105,110,
/3.14/library/stdtypes.html,104,110,
/3.14/tutorial/controlflow.html,96,103,
/3.14/search.html,90,96,
/zh-cn/3.14/tutorial/index.html,85,98,
/3.14/library/index.html,80,83,
/zh-cn/3.14/using/windows.html,47,47,
/zh-cn/3.14/library/stdtypes.html,45,46,
/3/tutorial/index.html,44,44,
/zh-cn/3.14/tutorial/introduction.html,43,44,
/3.14/installing/index.html,42,43,
/zh-cn/3.14/tutorial/controlflow.html,42,48,
/zh-cn/3.14/library/index.html,41,43,
/3/using/windows.html,40,40,
/zh-cn/3.14/library/functions.html,38,38,
/3.14/glossary.html,35,36,
/3.14/using/mac.html,35,37,
/zh-cn/3.14/search.html,35,38,
/zh-cn/3.14/tutorial/interpreter.html,33,33,
/pt-br/3.14/tutorial/index.html,32,33,
/es/3.14/library/functions.html,31,32,
/zh-cn/3.14/using/index.html,31,32,
/3.14/library/collections.html,29,31,
/3.14/tutorial/datastructures.html,29,29,
/3.14/download.html,28,28,
/3.14/library/idle.html,28,30,
/3.14/library/typing.html,28,33,
/3.15/,28,28,
/es/3.14/tutorial/index.html,28,29,
/3.14/library/,27,26,
/3.14/library/random.html,27,28,
/es/3.14/,27,29,
/3.14/tutorial/classes.html,25,30,
/3/library/index.html,25,24,
/zh-cn/3.14/download.html,25,26,
/3.14/library/asyncio-runner.html,24,26,
/zh-cn/3.14/whatsnew/3.14.html,24,26,
/3.14/reference/index.html,23,23,
/zh-cn/3.14/installing/index.html,23,23,
/pt-br/3.14/,22,24,
/3.14/library/tkinter.html,21,24,
/zh-cn/3.14/reference/index.html,21,22,
/3.14/library/pathlib.html,20,21,
/3.14/py-modindex.html,20,20,
/3.14/using/cmdline.html,20,20,
/3/library/idle.html,20,20,
/fr/3.14/tutorial/index.html,20,24,
/pt-br/3.14/search.html,20,28,
/zh-cn/3.14/library/idle.html,20,20,
/3.14/tutorial/modules.html,19,21,
/3/library/functions.html,19,18,
/3/search.html,19,19,
/zh-cn/3.14/index.html,19,19,
/zh-cn/3.14/tutorial/datastructures.html,19,22,
/3.14/library/turtle.html,18,18,
/zh-cn/3.14/library/tkinter.html,18,18,
/zh-cn/3.14/tutorial/,18,18,
/zh-cn/3.14/tutorial/appetite.html,18,18,
/3.14/library/math.html,17,14,
/3.14/using/index.html,17,17,
/3.14/library/datetime.html,16,17,
/3.14/library/os.html,16,16,
/3.14/library/re.html,16,16,
/3.14/library/asyncio-policy.html,15,16,
/3/tutorial/datastructures.html,15,15,
/es/3.14/search.html,15,15,
/es/3.14/tutorial/introduction.html,15,16,
/fr/3.14/search.html,15,16,
/3.14/deprecations/index.html,14,14,
/3.14/library/exceptions.html,14,14,
/3.14/reference/compound_stmts.html,14,14,
/3.14/reference/lexical_analysis.html,14,15,
/3.14/tutorial/inputoutput.html,14,17,
/fr/3.14/,14,14,
/ja/3.14/tutorial/index.html,14,16,
/pt-br/3.14/tutorial/controlflow.html,14,19,
/zh-cn/3.14/genindex-C.html,14,14,
/3.14/library/argparse.html,13,13,
/3.14/tutorial/venv.html,13,13,
/3/library/stdtypes.html,13,13,
/fr/3.14/tutorial/introduction.html,13,14,
/zh-cn/3.14/howto/regex.html,13,13,
/3.13/,12,12,
/3.14/library/io.html,12,13,
/3.14/reference/expressions.html,12,14,
/3/library/tkinter.html,12,12,
/3/tutorial/controlflow.html,12,12,
/es/3.14/library/index.html,12,12,
