name,visitors
Chrome,15227
Microsoft Edge,7324
Firefox,1900
Safari,1117
Opera,1014
Mobile App,353
Yandex Browser,315
Smart Lenovo Browser,92
Quark,79
QQ Browser,67
Avast Secure Browser,54
Samsung Browser,40
Whale Browser,31
Sogou Explorer,22
AVG Secure Browser,21
MIUI Browser,20
Huawei Browser Mobile,16
Huawei Browser,11
CCleaner,7
UC Browser,7
vivo Browser,7
(not set),5
360 Secure Browser,5
Norton Private Browser,5
Avira Secure Browser,3
Ecosia,3
Pale Moon,3
Sleipnir,3
Opera GX,2
Chromium,1
Mobile Silk,1
NetFront,1
Openwave Mobile Browser,1
Opera Touch,1
QtWebEngine,1
Realme Browser,1
UBrowser,1
