name,visitors,pageviews,bounce_rate,time_on_page,scroll_depth
/tr/3.13/tutorial/index.html,13,19,100,55,49
/tr/3/tutorial/index.html,11,13,82,11,58
/tr/3/installing/index.html,9,11,89,,62
/tr/3.13/,7,11,0,19,86
/tr/3.13/tutorial/,5,6,0,8,35
/tr/3.13/tutorial/appetite.html,5,5,100,103,86
/tr/3.13/contents.html,4,5,0,26,2
/tr/3.13/tutorial/interpreter.html,4,4,0,10,60
/tr/3/tutorial/appetite.html,4,4,0,10,88
/tr/3.13/reference/index.html,3,4,0,15,100
/tr/3.13/tutorial/introduction.html,3,3,0,17,27
/tr/3.13/whatsnew/3.13.html,3,5,100,142,30
/tr/3/,3,4,33,514,58
/tr/3.12/tutorial/index.html,2,3,100,,17
/tr/3.13/glossary.html,2,3,0,346,21
/tr/3.13/index.html,2,2,0,78,80
/tr/3.13/library/index.html,2,4,0,99,28
/tr/3.13/tutorial/controlflow.html,2,3,0,12,25
/tr/3.13/tutorial/datastructures.html,2,2,0,,55
/tr/3/library/tk.html,2,2,50,115,83
/tr/3/tutorial/,2,3,0,16,100
/tr/3/tutorial/errors.html,2,3,50,,20
/tr/3/tutorial/inputoutput.html,2,2,100,,38
/tr/3/tutorial/interpreter.html,2,3,0,38,76
/tr/3.12/glossary.html,1,1,100,,3
/tr/3.12/tutorial/controlflow.html,1,1,100,,100
/tr/3.12/whatsnew/3.12.html,1,1,0,,1
/tr/3.13/download.html,1,1,0,238,100
/tr/3.13/extending/index.html,1,1,0,1,99
/tr/3.13/howto/index.html,1,1,0,3,52
/tr/3.13/installing/,1,1,100,,77
/tr/3.13/installing/index.html,1,1,0,23,100
/tr/3.13/library/__main__.html,1,1,0,11,14
/tr/3.13/library/email.generator.html,1,1,0,86,39
/tr/3.13/library/exceptions.html,1,1,0,11,86
/tr/3.13/library/filesys.html,1,3,0,37,97
/tr/3.13/library/idle.html,1,1,0,,5
/tr/3.13/library/netrc.html,1,2,0,17,100
/tr/3.13/library/pathlib.html,1,2,0,773,100
/tr/3.13/library/stdtypes.html,1,1,0,42,3
/tr/3.13/library/tempfile.html,1,2,0,40,98
/tr/3.13/library/time.html,1,2,0,1,5
/tr/3.13/library/tkinter.html,1,2,0,12,25
/tr/3.13/library/venv.html,1,1,0,13,6
/tr/3.13/reference/lexical_analysis.html,1,1,0,47,18
/tr/3.13/search.html,1,1,0,7,4
/tr/3.13/tutorial/classes.html,1,2,0,2,6
/tr/3.13/using/unix.html,1,1,0,7,29
/tr/3.13/using/windows.html,1,1,0,,12
/tr/3.13/whatsnew/changelog.html,1,1,0,2,0
/tr/3.13/whatsnew/index.html,1,2,0,3,7
/tr/3.14/,1,1,0,95,61
/tr/3.14/deprecations/index.html,1,1,0,2,9
/tr/3.14/glossary.html,1,1,0,24,33
/tr/3.14/library/functions.html,1,1,0,,2
/tr/3/library/functions.html,1,1,0,77,85
/tr/3/library/tkinter.scrolledtext.html,1,1,100,,100
/tr/3/search.html,1,2,0,,22
/tr/3/tutorial/classes.html,1,1,0,,90
/tr/3/tutorial/datastructures.html,1,1,100,,
/tr/3/tutorial/introduction.html,1,1,0,129,84
