name,visitors
Singapore,576
Ashburn,101
Moscow,92
New York City,92
Tokyo,83
Colorado Springs,83
Bengaluru,75
Los Angeles,73
Beijing,70
Warsaw,69
Sydney,68
Hyderabad,63
Tel Aviv,57
Melbourne,56
Amsterdam,55
Denver,54
Ho Chi Minh City,52
Chennai,49
Berlin,48
Hanoi,41
Frankfurt am Main,41
Pune,38
London,37
Atlanta,37
Kyiv,34
Hong Kong,34
São Paulo,34
Cairo,33
Delhi,32
Mumbai,32
Seattle,32
Saint Petersburg,31
Shenzhen,30
Prague,30
Chicago,30
Tashkent,29
Brisbane,29
Dallas,28
Council Bluffs,28
Brooklyn,28
Taipei,27
Shanghai,27
Istanbul,26
Paris,26
Washington,26
San Jose,26
Bangkok,24
Guangzhou,24
Munich,23
Madrid,23
San Francisco,23
Helsinki,22
New Delhi,22
Stockholm,22
Lagos,21
Bogotá,21
Auckland,20
Budapest,20
Jakarta,19
Zürich,19
Dublin,19
Medellín,19
Montréal,19
Addis Ababa,18
Accra,18
Vienna,18
Austin,18
Nairobi,17
Dubai,17
Almaty,17
Kraków,17
Calgary,17
Toronto,17
Sofia,16
Vancouver,16
Lahore,15
Chelyabinsk,15
Chengdu,15
Osaka,15
Manchester,15
Culiacán,15
Philadelphia,15
Rochester,15
Riyadh,14
Krasnodar,14
Tbilisi,14
Yekaterinburg,14
Bristol,14
Barcelona,14
The Dalles,14
Samara,13
Yerevan,13
Minsk,13
Gurgaon,13
Novosibirsk,13
Hangzhou,13
Seoul,13
Brussels,13
Rome,13
Caracas,13
Miami,13
Amman,12
Riga,12
Bucharest,12
Kolkata,12
Lisbon,12
Nürnberg,12
Washington,12
Houston,12
Queens,12
Phoenix,12
Orem,12
Athens,11
Tallinn,11
Quezon City,11
Manila,11
Perth,11
Hamburg,11
Oslo,11
Quito,11
Minneapolis,11
Boardman,11
Nizhniy Novgorod,10
Vilnius,10
Indore,10
Coimbatore,10
Taichung,10
Düsseldorf,10
Santiago,10
Orlando,10
Durham,10
Johannesburg,9
Bhubaneshwar,9
Ahmedabad,9
Algiers,9
Copenhagen,9
Dresden,9
Wrocław,9
Campinas,9
Lima,9
Alexandria,9
Reston,9
Fremont,9
Santa Clara,9
Fort Collins,9
Tehran,8
Doha,8
Ankara,8
Giza,8
Belgrade,8
Karachi,8
Tyumen,8
Depok,8
Wuxi,8
Yokohama,8
Port Harcourt,8
Rotterdam,8
Leipzig,8
Porto Alegre,8
San José,8
Columbus,8
Boston,8
Piscataway,8
Pittsburgh,8
Las Vegas,8
Salt Lake City,8
Noida,8
Baghdad,7
Jeddah,7
Dammam,7
Baku,7
Odessa,7
Islamabad,7
Colombo,7
Jaipur,7
Kathmandu,7
Kuala Lumpur,7
Phnom Penh,7
Suwon,7
Vladivostok,7
Khabarovsk,7
Nottingham,7
Islington,7
Croydon,7
Porto,7
Poznań,7
Łódź,7
Gdańsk,7
Turin,7
Fortaleza,7
Belo Horizonte,7
Santo Domingo,7
St. Louis,7
Fairfax,7
Jersey City,7
The Bronx,7
Irvine,7
Port Coquitlam,7
Voronezh,6
Ufa,6
Rostov-na-Donu,6
Korolev,6
Gatchina,6
Cluj-Napoca,6
Lviv,6
Kharkiv,6
Thessaloníki,6
Siliguri,6
Patna,6
Lucknow,6
Cochin,6
Krasnoyarsk,6
Da Nang,6
Petaling Jaya,6
Zhengzhou,6
Changzhou,6
Canberra,6
Abuja,6
Valencia,6
Marrakesh,6
Milton Keynes,6
Glasgow,6
Edinburgh,6
Cambridge,6
Birmingham,6
Dronten,6
Graz,6
Stuttgart,6
Hannover,6
Bratislava,6
Naples,6
Milan,6
Buenos Aires,6
Indianapolis,6
San Antonio,6
Woodbridge,6
Worcester,6
Newark,6
Troy,6
Tucson,6
Sunnyvale,6
Portland,6
Edmonton,6
Mohali,6
Jerusalem,5
Sharjah,5
Ramat Gan,5
Petaẖ Tiqwa,5
Khartoum,5
Saratov,5
Kazan,5
Irpin,5
Dnipro,5
Pretoria,5
Rawalpindi,5
Surat,5
Guwahati,5
Aurangabad,5
Tomsk,5
Bishkek,5
Xi’an,5
Nanjing,5
N/A,5
Kyoto,5
Suzhou,5
Ulan Bator,5
Wellington,5
Southampton,5
Göteborg,5
Reims,5
Lyon,5
Katowice,5
Florence,5
Zagreb,5
Rio de Janeiro,5
Florianópolis,5
Córdoba,5
San Salvador,5
Popayán,5
Pereira,5
Panamá,5
Cuauhtémoc,5
Zapopan,5
Gainesville,5
Overland Park,5
Wichita,5
Kansas City,5
Charlotte,5
Memphis,5
Nashville,5
McKinney,5
Cambridge,5
Omaha,5
Staten Island,5
Providence,5
Berkeley,5
Mountain View,5
Sacramento,5
Hillsboro,5
Redmond,5
