name,visitors,bounce_rate,visit_duration
Google,1827,79,128
Direct / None,1478,68,196
Bing,139,84,98
es.python.org,128,52,90
python.org,98,0,442
Brave,70,80,48
chatgpt.com,55,65,111
DuckDuckGo,22,95,27
Yahoo!,17,93,64
pensamientocomputacional.dev.ar,10,91,48
GitHub,9,56,17
freecodecamp.org,8,88,0
cvdpr.ucm.es,7,86,43
netacad.com,7,0,52
eva.ube.edu.ec,6,67,2
skilio.com,6,67,18
wiki.python.org,6,80,438
Baidu,5,100,0
app.aluracursos.com,5,100,0
react-app-python-runner.vercel.app,5,100,0
Microsoft Teams,4,100,0
wiki.python.org.ar,4,80,44
Reddit,3,0,78
cs50.harvard.edu,3,0,573
Perplexity,2,100,0
aulavirtual.unsa.edu.pe,2,100,0
blog.espol.edu.ec,2,100,0
campus118.unad.edu.co,2,100,0
campusvirtual.uclm.es,2,100,0
courses.edx.org,2,100,0
developer.mozilla.org,2,0,160
hablemospython.dev,2,0,73
m365.cloud.microsoft,2,0,112
moodle.riwi.io,2,50,20
pip.pypa.io,2,0,399
Ecosia,1,0,19
Facebook,1,100,0
Gmail,1,0,219
Youtube,1,100,0
allendowney.github.io,1,0,374
anahuaconline.brightspace.com,1,100,0
aprende.uned.ac.cr,1,100,0
aprendeconalf.es,1,0,1646
assets.scormproxy.com,1,0,11
aulavirtual-fpdrioja.larioja.org,1,100,0
aulavirtual.upc.edu.pe,1,100,0
aulavirtualepg.continental.edu.pe,1,100,0
boot.dev,1,0,1330
campus-bisite.usal.es,1,0,45
campus.mouredev.pro,1,100,0
claude.ai,1,100,0
code.visualstudio.com,1,0,146
copilot.microsoft.com,1,100,0
daniel-m-spiridione.gitbook.io,1,0,40
desafios.s3.amazonaws.com,1,100,0
deustoformacion.com,1,100,0
dmiles.webs.uvigo.es,1,100,0
escuela.pontia.tech,1,100,0
gradio.app,1,0,94
ingenia.udea.edu.co,1,100,0
institutorossello.moodlehub.com,1,100,0
itsourcecode.com,1,100,0
kaotiknature.com,1,100,0
learn.universidadviu.com,1,100,0
lgcolombia.udemy.com,1,100,0
notebooks.githubusercontent.com,1,100,0
privacywall.org,1,100,0
pvm.posgradoupea.edu.bo,1,100,0
review4.in,1,0,1546
saintleo.brightspace.com,1,0,15
secure-web.cisco.com,1,100,0
sima.unicartagena.edu.co,1,100,0
sphinx-doc.org,1,0,95
superior.ipet1308.com,1,100,0
uasdvirtual.uasd.edu.do,1,100,0
udemy.com,1,100,0
vc-ov4deo.generaciontic.com,1,100,0
virtual.ugr.edu.ar,1,100,0
vscode.dev,1,0,0
webpackage.schoology.com,1,100,0
www-python-org.translate.goog,1,0,31
zitronik.com,1,100,0
