name,unique_exits,total_exits,exit_rate
/pt-br/3/tutorial/index.html,113,118,
/pt-br/3/,64,64,
/pt-br/3/library/venv.html,50,51,
/pt-br/3/tutorial/datastructures.html,41,42,
/pt-br/3.15/using/windows.html,40,40,
/pt-br/3/library/index.html,40,47,
/pt-br/3/library/stdtypes.html,36,42,
/pt-br/3/tutorial/controlflow.html,34,37,
/pt-br/3/library/functions.html,27,27,
/dev/using/windows.html,26,25,
/pt-br/3.14/,25,26,
/pt-br/3/library/math.html,25,24,
/pt-br/dev/library/zlib.html,24,24,
/3/,21,21,
/pt-br/3/tutorial/classes.html,21,23,
/pt-br/3/tutorial/introduction.html,20,20,
/pt-br/3/tutorial/interpreter.html,19,20,
/pt-br/3.14/tutorial/index.html,18,20,
/pt-br/3/library/random.html,18,19,
/pt-br/3/library/os.html,17,17,
/pt-br/3/library/string.html,17,20,
/pt-br/3.14/search.html,15,15,
/pt-br/3/search.html,15,16,
/pt-br/3.13/tutorial/index.html,14,14,
/pt-br/3/using/cmdline.html,14,14,
/pt-br/3/library/tkinter.html,13,14,
/pt-br/3/tutorial/,13,13,
/pt-br/3/faq/windows.html,12,12,
/pt-br/3.13/library/functions.html,11,11,
/pt-br/3/library/datetime.html,11,13,
/pt-br/3.14/library/functions.html,10,10,
/pt-br/dev/library/venv.html,9,9,
/pt-br/3.14/tutorial/datastructures.html,8,8,
/pt-br/3.14/tutorial/introduction.html,8,8,
/pt-br/3/tutorial/appetite.html,8,8,
/pt-br/3/tutorial/inputoutput.html,8,8,
/pt-br/3.14/download.html,7,7,
/pt-br/3.14/library/math.html,7,8,
/pt-br/3/contents.html,7,7,
/pt-br/3/library/tkinter.ttk.html,7,7,
/pt-br/3/library/typing.html,7,7,
/pt-br/3/reference/index.html,7,8,
/pt-br/3/tutorial/modules.html,7,8,
/pt-br/dev/reference/import.html,7,7,
/pt-br/3.13/,6,8,
/pt-br/3.14/library/random.html,6,7,
/pt-br/3.14/library/sqlite3.html,6,8,
/pt-br/3.14/library/tkinter.html,6,6,
/pt-br/3.14/tutorial/controlflow.html,6,6,
/pt-br/3/library/sys.html,6,6,
/pt-br/3/library/tk.html,6,6,
/pt-br/3/library/turtle.html,6,6,
/3/library/math.html,5,5,
/3/library/stdtypes.html,5,5,
/pt-br/3.13/c-api/index.html,5,9,
/pt-br/3.13/library/index.html,5,5,
/pt-br/3.13/tutorial/controlflow.html,5,6,
/pt-br/3.13/tutorial/interpreter.html,5,5,
/pt-br/3.14/reference/index.html,5,5,
/pt-br/3.14/tutorial/interpreter.html,5,5,
/pt-br/3/library/csv.html,5,5,
/pt-br/3/library/json.html,5,5,
/pt-br/3/library/pathlib.html,5,5,
/pt-br/3/library/re.html,5,5,
/pt-br/3/library/tkinter.messagebox.html,5,5,
/pt-br/3/tutorial/errors.html,5,5,
/pt-br/3/using/windows.html,5,5,
/pt-br/dev/library/unittest.html,5,5,
/pt-br/dev/tutorial/datastructures.html,5,6,
/3.14/,4,4,
/3/library/tkinter.html,4,4,
/pt-br/3.12/library/functions.html,4,4,
/pt-br/3.13/library/stdtypes.html,4,5,
/pt-br/3.13/py-modindex.html,4,4,
/pt-br/3.13/tutorial/introduction.html,4,4,
/pt-br/3.14/glossary.html,4,4,
/pt-br/3.14/library/index.html,4,4,
/pt-br/3.15/search.html,4,4,
/pt-br/3/glossary.html,4,4,
/pt-br/3/howto/argparse.html,4,4,
/pt-br/3/howto/logging.html,4,4,
/pt-br/3/howto/sorting.html,4,4,
/pt-br/3/index.html,4,4,
/pt-br/3/library/__main__.html,4,4,
/pt-br/3/library/array.html,4,4,
/pt-br/3/reference/compound_stmts.html,4,4,
/pt-br/3/reference/lexical_analysis.html,4,6,
/pt-br/3/using/android.html,4,4,
/pt-br/3/whatsnew/3.14.html,4,3,
/pt-br/dev/library/calendar.html,4,4,
/3/library/argparse.html,3,3,
/3/library/datetime.html,3,3,
/3/library/idle.html,3,3,
/3/library/index.html,3,3,
/3/reference/compound_stmts.html,3,4,
/3/tutorial/datastructures.html,3,3,
/pt-br/3.12/,3,3,
/pt-br/3.12/library/math.html,3,3,
/pt-br/3.12/search.html,3,3,
/pt-br/3.13/c-api/monitoring.html,3,3,
