name,unique_entrances,total_entrances,visit_duration
/3/,9,9,433
/tr/3.13/tutorial/index.html,8,10,63
/tr/3/installing/index.html,7,8,0
/tr/3/,6,6,1
/3.13/using/windows.html,5,5,118
/tr/3.13/,4,4,5
/tr/3/glossary.html,4,5,154
/3/library/functions.html,3,3,1347
/3/tutorial/index.html,3,3,103
/tr/3.13/using/windows.html,3,3,365
/tr/3/tutorial/index.html,3,3,97
/3.13/tutorial/index.html,2,2,82
/3/tutorial/introduction.html,2,2,20
/tr/3.13/search.html,2,2,758
/tr/3/library/functions.html,2,2,9
/tr/3/tutorial/datastructures.html,2,2,0
/tr/3/tutorial/inputoutput.html,2,2,0
/tr/3/tutorial/interpreter.html,2,2,0
/3.12/,1,1,938
/3.13/,1,1,32
/3.13/tutorial/datastructures.html,1,1,26
/3.13/tutorial/interpreter.html,1,1,61
/3.14/search.html,1,1,638
/3/faq/,1,1,33
/3/library/idle.html,1,1,5
/3/library/index.html,1,1,800
/3/library/json.html,1,1,168
/3/library/math.html,1,1,49
/3/library/tkinter.colorchooser.html,1,1,134
/3/library/tkinter.html,1,1,278
/3/library/turtle.html,1,1,193
/3/py-modindex.html,1,1,549
/3/search.html,1,1,642
/3/tutorial/datastructures.html,1,1,134
/es/3.13/library/idle.html,1,1,95
/tr/3.12/glossary.html,1,1,0
/tr/3.12/tutorial/classes.html,1,1,0
/tr/3.12/using/windows.html,1,1,0
/tr/3.13/library/intro.html,1,1,111
/tr/3.13/tutorial/floatingpoint.html,1,1,0
/tr/3.13/tutorial/interpreter.html,1,1,0
/tr/3.13/tutorial/introduction.html,1,1,0
/tr/3.13/tutorial/stdlib.html,1,1,62
/tr/3.15/,1,1,11
/tr/3.15/whatsnew/3.15.html,1,1,0
/tr/3/download.html,1,1,0
/tr/3/faq/gui.html,1,1,0
/tr/3/genindex-Semboller.html,1,1,0
/tr/3/library/index.html,1,1,0
/zh-cn/3.15/,1,1,180
