name,visitors
São Paulo,487
Rio de Janeiro,184
Minas Gerais,152
Paraná,116
Ceará,88
Santa Catarina,85
Federal District,75
Bahia,73
Pernambuco,70
Rio Grande do Sul,61
Goiás,48
Paraíba,39
Lisbon,33
Pará,31
Maranhão,30
Amazonas,27
Rio Grande do Norte,25
Luanda,24
Espírito Santo,17
Piauí,17
Mato Grosso,16
Porto,15
Alagoas,14
Rondônia,14
Mato Grosso do Sul,11
Sergipe,11
Zhejiang,6
Maputo,6
Amapá,5
Tocantins,5
Setúbal,5
Hebei,4
Aveiro,4
Roraima,3
Guangdong,3
North Rhine-Westphalia,3
Benguela,2
Jiangsu,2
Berlin,2
Grand-Est,2
Delhi,2
Telangāna,2
Lombardy,2
Sardinia,2
Tokyo,2
Kanagawa,2
Mexico State,2
Castelo Branco,2
Alto Paraná,2
Chelyabinsk,2
Ontario,1
Quebec,1
Anhui,1
Sichuan,1
Shandong,1
Shanghai,1
Shaanxi,1
Tianjin,1
Antioquia,1
Praia,1
Valencian Community,1
Île-de-France,1
Pays-de-la-Loire,1
England,1
Mie,1
Khomas,1
Oslo,1
Mazovia,1
Braga,1
Viana do Castelo,1
Konya,1
Kyivshchyna,1
Illinois,1
Oregon,1
Texas,1
Ho Chi Minh City,1
