name,unique_entrances,total_entrances,visit_duration
/pl/3/tutorial/datastructures.html,48,49,53
/pl/3/tutorial/index.html,27,27,105
/pl/dev/library/turtle.html,18,18,6
/3/,17,17,111
/pl/3/,11,13,49
/pl/3/tutorial/venv.html,11,11,87
/pl/dev/tutorial/classes.html,11,12,0
/pl/3/tutorial/,10,10,148
/pl/3/tutorial/modules.html,9,10,292
/pl/3/tutorial/introduction.html,8,8,59
/pl/3/tutorial/controlflow.html,6,8,44
/pl/3/tutorial/interpreter.html,6,6,13
/3/tutorial/index.html,5,5,348
/pl/3.13/,5,5,71
/pl/3.13/tutorial/index.html,5,5,44
/pl/3/library/functions.html,5,5,0
/pl/3/tutorial/appetite.html,5,5,38
/pl/3/tutorial/classes.html,5,5,0
/pl/3/tutorial/errors.html,5,5,173
/pl/3/tutorial/inputoutput.html,5,5,1608
/pl/dev/tutorial/inputoutput.html,5,5,350
/pl/3/library/idle.html,4,4,22
/pl/3/library/index.html,4,4,245
/pl/dev/library/functions.html,4,4,0
/3/library/random.html,3,3,30
/pl/3.12/tutorial/inputoutput.html,3,3,0
/pl/3.13/library/index.html,3,4,0
/pl/3.13/tutorial/,3,3,0
/pl/3.13/tutorial/appetite.html,3,3,853
/pl/3.13/tutorial/introduction.html,3,3,515
/pl/3.14/installing/,3,3,0
/pl/3/extending/extending.html,3,3,0
/pl/3/installing/index.html,3,3,0
/pl/3/search.html,3,3,22
/3.13/tutorial/,2,2,67
/3.13/tutorial/index.html,2,2,48
/3/library/idle.html,2,2,8
/3/library/sys.html,2,2,2180
/3/library/tkinter.html,2,2,797
/pl/3.13/library/idle.html,2,2,807
/pl/3.13/library/math.html,2,3,0
/pl/3.13/search.html,2,2,0
/pl/3.13/tutorial/controlflow.html,2,2,0
/pl/3.13/tutorial/inputoutput.html,2,2,6675
/pl/3.14/library/http.client.html,2,2,5
/pl/3/contents.html,2,2,196
/pl/3/glossary.html,2,3,76
/pl/3/library/array.html,2,2,0
/pl/3/library/datatypes.html,2,3,281
/pl/3/reference/index.html,2,2,3
/pl/3/tutorial//,2,2,0
/pl/dev/tutorial/datastructures.html,2,2,19
/3.12/,1,1,253
/3.12/tutorial/appetite.html,1,1,156
/3.13/index.html,1,1,27
/3.13/using/windows.html,1,1,582
/3.15/,1,1,14
/3/faq/general.html,1,1,25
/3/glossary.html,1,1,5065
/3/library/,1,1,263
/3/library/asyncio-task.html,1,1,6260
/3/library/calendar.html,1,1,0
/3/library/collections.html,1,1,105
/3/library/csv.html,1,1,1324
/3/library/exceptions.html,1,1,0
/3/library/functions.html,1,1,35
/3/library/heapq.html,1,1,162
/3/library/index.html,1,1,25
/3/library/ipc.html,1,1,417
/3/library/math.html,1,1,0
/3/library/shutil.html,1,1,5
/3/library/stdtypes.html,1,1,27
/3/library/tkinter.ttk.html,1,1,2198
/3/library/turtle.html,1,1,422
/3/search.html,1,1,333
/3/tutorial/,1,1,17
/3/tutorial/controlflow.html,1,1,935
/3/tutorial/datastructures.html,1,1,158
/3/tutorial/introduction.html,1,1,93
/3/tutorial/modules.html,1,1,3
/3/using/mac.html,1,1,2046
/es/3.13/,1,1,8
/es/3.13/tutorial/datastructures.html,1,1,0
/it/3.13/library/csv.html,1,1,1306
/ja/3/,1,1,166
/pl/3.12/,1,1,62
/pl/3.12/faq/programming.html,1,1,0
/pl/3.12/genindex-C.html,1,1,0
/pl/3.12/genindex-G.html,1,1,0
/pl/3.12/genindex-S.html,1,1,0
/pl/3.12/genindex-Ł.html,1,1,0
/pl/3.12/library/colorsys.html,1,1,0
/pl/3.12/library/ensurepip.html,1,1,0
/pl/3.12/library/fnmatch.html,1,1,0
/pl/3.12/library/sys_path_init.html,1,1,0
/pl/3.12/library/webbrowser.html,1,1,0
/pl/3.12/library/xml.dom.minidom.html,1,1,0
/pl/3.12/tutorial/index.html,1,1,0
/pl/3.13/faq/general.html,1,1,0
/pl/3.13/faq/programming.html,1,1,0
/pl/3.13/index.html,1,1,3
/pl/3.13/installing/index.html,1,1,0
/pl/3.13/library/asyncio.html,1,1,41
/pl/3.13/library/collections.html,1,1,0
/pl/3.13/library/constants.html,1,1,0
/pl/3.13/library/os.path.html,1,1,0
/pl/3.13/library/random.html,1,1,0
/pl/3.13/library/traceback.html,1,1,0
/pl/3.13/library/turtle.html,1,1,0
/pl/3.13/tutorial/classes.html,1,1,0
/pl/3.13/tutorial/interpreter.html,1,1,0
/pl/3.13/tutorial/venv.html,1,1,0
/pl/3.13/whatsnew/3.13.html,1,1,0
/pl/3.14/c-api/init_config.html,1,1,0
/pl/3.14/extending/windows.html,1,1,0
/pl/3.14/library/asyncio-task.html,1,1,0
/pl/3.14/library/functions.html,1,1,0
/pl/3.14/library/msvcrt.html,1,1,0
/pl/3.14/library/urllib.request.html,1,1,0
/pl/3/c-api/index.html,1,1,3780
/pl/3/c-api/init.html,1,1,0
/pl/3/c-api/typeobj.html,1,1,2881
/pl/3/genindex-Q.html,1,1,0
/pl/3/howto/index.html,1,2,0
/pl/3/library/modulefinder.html,1,1,0
/pl/3/library/stdtypes.html,1,1,0
/pl/3/library/string.html,1,1,0
/pl/3/library/superseded.html,1,1,0
/pl/3/library/text.html,1,1,0
/pl/3/library/unix.html,1,1,0
/pl/3/library/venv.html,1,1,1
/pl/3/library/webbrowser.html,1,1,0
/pl/3/library/winsound.html,1,1,0
/pl/3/reference/introduction.html,1,1,0
/pl/3/tutorial/appendix.html,1,1,54
/pl/dev/library/abc.html,1,1,0
/pl/dev/library/sys.html,1,1,96
/pl/dev/tutorial/modules.html,1,1,125
/pl/dev/using/editors.html,1,1,429
