name,visitors
Warsaw,68
Poznań,33
Kraków,32
Wrocław,26
Łódź,22
Singapore,21
Rzeszów,12
Katowice,12
Wągrowiec,10
Olsztyn,8
Gdańsk,8
Białystok,6
Pleszew,5
Regimin,4
Lublin,4
Zürich,4
Szczecin,4
Rybnik,4
N/A,4
Gliwice,3
Gdynia,3
Bydgoszcz,3
The Dalles,3
Al Ain City,2
Irpin,2
Wyszków,2
Skarżysko-Kamienna,2
Lesznowola,2
N/A,2
Dushanbe,2
Hyderabad,2
Perth,2
Póvoa de Varzim,2
Middelburg,2
Budapest,2
Złocieniec,2
Toruń,2
Przodkowo,2
Piła,2
Mogilany,2
Częstochowa,2
Andrespol,2
Turin,2
Aurora,2
Tver,1
Saint Petersburg,1
Vagharshapat,1
Helsinki,1
Ząbki,1
Żabia Wola,1
N/A,1
Świdnik,1
Sędziszów Małopolski,1
Piastów,1
Opoczno,1
Nowy Targ,1
Nowy Sącz,1
Morawica,1
Łańcut,1
Grodzisk Mazowiecki,1
Cyców,1
Biłgoraj,1
Biała Podlaska,1
Kolkata,1
N/A,1
Hanoi,1
Zhengzhou,1
Tianjin,1
Shenzhen,1
Quzhou,1
Lanzhou,1
Huzhou,1
Fès,1
N/A,1
Antwerpen,1
Munich,1
Hamm,1
Geretsried,1
Jouy-en-Josas,1
Prague,1
Zielona Góra,1
Zabrze,1
Ustka,1
Tarnowskie Góry,1
N/A,1
Sosnowiec,1
Sopot,1
N/A,1
Pogwizdów,1
Pajęczno,1
Opole,1
Koźmin Wielkopolski,1
Kolonowskie,1
Kleszczów,1
Kęty,1
Jaworzno,1
Elbląg,1
Długołęka,1
Czechowice-Dziedzice,1
Chorzów,1
Bytów,1
Bytom,1
Bardo,1
Rio de Janeiro,1
Guarulhos,1
Aurora,1
Montréal,1
N/A,1
