name,visitors,pageviews,bounce_rate,time_on_page,scroll_depth
/pl/3/tutorial/index.html,50,93,76,33,48
/pl/3/tutorial/datastructures.html,42,47,86,54,35
/pl/3/,22,24,53,7,81
/pl/3.15/using/windows.html,20,24,50,44,24
/pl/3.15/tutorial/classes.html,19,20,94,87,50
/pl/3/tutorial/controlflow.html,18,15,82,116,29
/pl/dev/library/turtle.html,16,29,47,312,38
/pl/3.14/search.html,15,57,33,36,55
/pl/3.14/tutorial/index.html,15,25,50,84,60
/pl/3/tutorial/interpreter.html,13,10,75,37,96
/pl/3/tutorial/modules.html,13,16,92,112,39
/pl/3.14/,12,17,0,21,69
/pl/3.14/library/index.html,10,9,0,150,77
/pl/3/installing/index.html,10,10,89,27,49
/pl/3/library/index.html,10,9,44,18,25
/pl/3/tutorial/appetite.html,10,9,60,138,73
/pl/3/tutorial/classes.html,10,10,75,92,53
/pl/3/tutorial/venv.html,10,12,100,32,71
/pl/3/search.html,9,22,100,9,53
/pl/3.14/tutorial/controlflow.html,8,6,75,341,41
/pl/3.14/tutorial/interpreter.html,8,12,100,93,80
/pl/3.14/library/stdtypes.html,7,23,0,112,50
/pl/3/contents.html,7,8,100,11,20
/pl/3/tutorial/errors.html,7,8,83,47,26
/pl/dev/library/functions.html,7,7,100,7,3
/pl/3.14/library/functions.html,6,4,100,165,27
/pl/3.14/tutorial/datastructures.html,6,10,100,83,100
/pl/3/extending/extending.html,6,6,100,87,32
/pl/3/library/functions.html,6,4,67,12,4
/pl/3/library/stdtypes.html,6,5,0,19,48
/pl/3/reference/index.html,6,6,0,11,60
/pl/3/tutorial/introduction.html,6,8,100,36,71
/pl/3/using/index.html,6,6,83,11,63
/pl/3.14/tutorial/inputoutput.html,5,6,100,190,22
/pl/3.14/tutorial/introduction.html,5,10,0,190,52
/pl/3/library/datetime.html,5,5,0,47,84
/pl/3/library/turtle.html,5,5,100,5,7
/pl/3.13/tutorial/index.html,4,5,67,15,19
/pl/3.13/tutorial/introduction.html,4,5,100,3,4
/pl/3.14/contents.html,4,3,0,15,1
/pl/3.14/glossary.html,4,10,100,68,49
/pl/3.14/index.html,4,8,0,64,76
/pl/3.14/library/idle.html,4,5,75,13,6
/pl/3.14/library/turtle.html,4,3,0,195,64
/pl/3.14/tutorial/,4,2,50,59,44
/pl/3.15/tutorial/index.html,4,3,0,22,24
/pl/3/library/array.html,4,3,0,14,30
/pl/3/tutorial/,4,4,75,5,56
/pl/3.12/library/index.html,3,3,100,43,100
/pl/3.13/genindex-all.html,3,3,100,5,1
/pl/3.14/tutorial/appetite.html,3,3,0,14,83
/pl/3.15/reference/simple_stmts.html,3,3,100,,
/pl/3/glossary.html,3,2,100,31,100
/pl/3/index.html,3,2,0,11,80
/pl/3/library/asyncio.html,3,3,0,44,68
/pl/3/library/string.html,3,3,100,23,72
/pl/3/tutorial/inputoutput.html,3,4,67,64,38
/pl/3/whatsnew/3.14.html,3,2,0,5,25
/pl/3.12/contents.html,2,2,0,20,2
/pl/3.12/index.html,2,2,0,5,75
/pl/3.12/library/importlib.metadata.html,2,1,0,22,43
/pl/3.12/library/importlib.resources.abc.html,2,2,0,5,48
/pl/3.12/library/importlib.resources.html,2,2,0,20,44
/pl/3.12/library/modules.html,2,2,0,20,81
/pl/3.12/library/msvcrt.html,2,1,0,8,49
/pl/3.12/reference/compound_stmts.html,2,1,0,60,100
/pl/3.12/search.html,2,2,0,3,100
/pl/3.12/whatsnew/3.12.html,2,2,0,102,76
/pl/3.13/howto/sorting.html,2,4,50,17,17
/pl/3.13/library/hashlib.html,2,1,100,43,14
/pl/3.13/reference/compound_stmts.html,2,4,67,1,7
/pl/3.13/reference/index.html,2,1,0,6,36
/pl/3.13/tutorial/errors.html,2,2,100,270,15
/pl/3.14/c-api/dict.html,2,2,0,69,75
/pl/3.14/distributing/index.html,2,2,100,3,100
/pl/3.14/faq/programming.html,2,2,0,41,57
/pl/3.14/howto/a-conceptual-overview-of-asyncio.html,2,2,0,6,100
/pl/3.14/library/argparse.html,2,1,0,21,7
/pl/3.14/library/cmd.html,2,2,0,39,57
/pl/3.14/library/constants.html,2,1,0,41,34
/pl/3.14/library/datetime.html,2,2,0,31,39
/pl/3.14/library/dis.html,2,1,0,36,84
/pl/3.14/library/fileinput.html,2,1,0,10,56
/pl/3.14/library/fractions.html,2,2,0,5,50
/pl/3.14/library/intro.html,2,2,50,30,96
/pl/3.14/library/netdata.html,2,1,0,13,37
/pl/3.14/library/os.html,2,6,0,90,76
/pl/3.14/library/os.path.html,2,1,0,27,68
/pl/3.14/library/sys.html,2,2,0,18,29
/pl/3.14/library/typing.html,2,1,100,13,1
/pl/3.14/library/winsound.html,2,1,100,21,18
/pl/3.14/reference/datamodel.html,2,2,0,4,8
/pl/3.14/reference/expressions.html,2,3,100,,
/pl/3.14/tutorial/appendix.html,2,1,0,86,83
/pl/3.14/tutorial/stdlib.html,2,2,0,115,95
/pl/3.14/using/android.html,2,2,0,7,36
/pl/3.14/using/unix.html,2,1,0,19,100
/pl/3.15/library/cmd.html,2,1,0,9,14
/pl/3.15/library/functions.html,2,2,100,,
/pl/3.15/search.html,2,3,0,86,100
