name,visitors,bounce_rate,visit_duration
Direct / None,213,76,255
google.com,171,77,301
bing.com,36,85,27
python.org,9,0,857
duckduckgo.com,8,100,0
pl.python.org,3,67,73
classroom.google.com,2,0,1200
ecosia.org,2,100,0
perplexity.ai,2,0,183
pl.search.yahoo.com,2,50,224
upel.agh.edu.pl,2,100,0
android-app://com.google.android.googlequicksearchbox,1,100,0
baidu.com,1,100,0
chatgpt.com,1,0,19
chyla.org,1,100,0
console.cloud.google.com,1,0,20
enauczanie.pg.edu.pl,1,0,3239
forum.pasja-informatyki.pl,1,0,1265
google.pl,1,0,398
linkedin.com,1,100,0
pageline.pl,1,100,0
pl.wikipedia.org,1,100,0
search.brave.com,1,100,0
servicedesk,1,0,7
