name,visitors,bounce_rate,visit_duration
Google,1591,82,125
Direct / None,455,69,251
Bing,37,66,126
Baidu,17,82,44
chatgpt.com,11,91,82
python.org,10,0,770
Yahoo!,6,100,0
steam.oxxostudio.tw,6,67,10
codelove.tw,2,0,104
pcschool.com.tw,2,50,54
slides.com,2,0,181
360.cn,1,0,221
DuckDuckGo,1,100,0
Facebook,1,100,0
Microsoft Teams,1,100,0
courses.edx.org,1,0,193
devcenter.heroku.com,1,0,0
digital-logic-design.readthedocs.io,1,100,0
docs.flexsim.com,1,0,895
docs.gunicorn.org,1,0,1883
ithelp.ithome.com.tw,1,100,0
medium.com,1,0,175
microsoft.github.io,1,0,1732
pypi.org,1,0,496
pytest-mock.readthedocs.io,1,0,400
python.p2hp.com,1,0,7
scikit-learn.org,1,0,58
udemy.com,1,0,8
yuanbao.tencent.com,1,0,0
zhung.com.tw,1,0,1529
