name,visitors
Bengaluru,2104
Singapore,1963
New York City,1929
London,1772
Hyderabad,1692
Paris,1671
Mumbai,1627
Chennai,1604
Moscow,1525
San Jose,1516
Chicago,1430
Tokyo,1420
Frankfurt am Main,1412
Warsaw,1273
Munich,1168
Sydney,1129
Amsterdam,1078
Toronto,1061
Pune,1041
Los Angeles,1030
New Delhi,953
Berlin,891
Seattle,877
Ashburn,857
São Paulo,767
Madrid,731
Melbourne,712
Vienna,691
Hong Kong,668
Milan,659
Beijing,654
Zürich,648
Reston,637
Tel Aviv,615
San Francisco,608
Shanghai,597
Saint Petersburg,584
Prague,568
Dublin,565
Kolkata,560
Montréal,534
Taipei,520
Manchester,516
Ho Chi Minh City,492
Atlanta,474
Denver,465
Guangzhou,461
Bangkok,451
Helsinki,448
Delhi,447
Boston,447
Austin,446
Istanbul,437
Kyiv,433
Bogotá,429
Hanoi,426
Stockholm,420
Boardman,397
Brooklyn,389
Dallas,378
Vancouver,377
Jakarta,371
Budapest,370
Nairobi,362
Barcelona,354
Brussels,353
San Diego,350
Brisbane,347
Lagos,339
Hamburg,330
Ahmedabad,326
Sunnyvale,326
Houston,318
Kraków,316
Coimbatore,309
Shenzhen,308
Rome,302
Cairo,296
Osaka,292
Santiago,291
Portland,284
Rio de Janeiro,280
Düsseldorf,270
Tashkent,268
Lisbon,265
Miami,264
Kuala Lumpur,259
Bucharest,255
Lima,255
Auckland,254
Lahore,253
Karachi,252
Wrocław,250
Cochin,249
Athens,248
Chengdu,244
Jaipur,241
Stuttgart,240
N/A,238
Philadelphia,232
Washington,217
Johannesburg,215
Marseille,215
N/A,213
Minsk,211
Lucknow,211
Seoul,211
Calgary,210
Brasília,208
N/A,208
Köln,207
Pittsburgh,207
Cambridge,203
Santa Clara,203
Minneapolis,201
Queens,201
Kathmandu,200
Belgrade,197
Mountain View,197
Sofia,196
Oslo,196
Ottawa,196
Perth,195
Gurgaon,194
N/A,192
Medellín,191
Tehran,189
Hangzhou,189
Copenhagen,185
San Antonio,183
Dhaka,178
Cupertino,173
Poznań,172
Dubai,170
Charlotte,170
Cambridge,165
Wuhan,163
Phoenix,163
Quezon City,161
Colombo,160
Accra,160
Cape Town,159
Belo Horizonte,151
Columbus,151
Riyadh,150
Ankara,150
Islamabad,148
Göteborg,148
Bhopāl,147
Novosibirsk,147
Patna,146
Krasnodar,144
Nürnberg,144
Surat,143
Oakland,142
Vilnius,140
Dresden,140
Gdańsk,140
Tbilisi,139
Karlsruhe,139
Lyon,139
Buenos Aires,139
Zagreb,138
Curitiba,137
Brno,134
Adelaide,133
Redmond,133
Riga,132
Mexico City,132
Bhubaneshwar,131
Chandīgarh,130
Casablanca,130
Nagpur,128
Indore,128
Nanjing,128
Bristol,128
Taichung,127
Las Vegas,127
Yerevan,125
Yekaterinburg,125
Nizhniy Novgorod,124
Utrecht,124
Aachen,124
Jersey City,124
Addis Ababa,122
Madurai,122
Salt Lake City,122
Porto,121
Noida,121
Glasgow,120
City of Westminster,118
Camden Town,114
Baltimore,114
Raleigh,114
Berkeley,114
Lambeth,113
Toulouse,111
Lviv,110
Xi’an,110
Wandsworth,110
Turin,110
St. Louis,109
Tallinn,108
Valencia,108
Birmingham,108
Bratislava,108
Fortaleza,108
San José,108
Samara,107
Vijayawada,107
Islington,107
Edinburgh,106
Rotterdam,105
Baku,103
Fulham,103
Fremont,102
Canberra,101
Salem,100
Cardiff,99
Albuquerque,99
Zhengzhou,98
Dehra Dūn,97
Abuja,96
Orlando,96
Indianapolis,96
Guwahati,95
Oxford,95
Kearny,95
Huntsville,94
Irvine,94
Almaty,93
Edmonton,93
Graz,92
Guatemala City,92
Jeddah,91
Phnom Penh,91
Petaling Jaya,90
Darmstadt,89
Benito Juarez,89
Kensington,88
The Hague,88
Porto Alegre,88
Cincinnati,88
Amman,87
Kaohsiung,87
Guiyang,87
Suzhou,87
Tianjin,86
Ibadan,86
Bologna,86
Campinas,86
Guayaquil,86
N/A,86
Ufa,85
Montevideo,85
Mississauga,85
Kazan,84
Slough,84
Hannover,84
Dnipro,83
Christchurch,82
Hounslow,82
Delft,82
Ljubljana,82
Sacramento,82
Chongqing,81
Changsha,81
Bern,81
Kampala,80
Faisalabad,79
Nur-Sultan,79
Hsinchu,79
Malmö,79
Tampa,79
Durham,79
Arlington,79
Madison,79
Rostov-na-Donu,78
Ann Arbor,78
N/A,77
Palo Alto,77
Visakhapatnam,76
Reading,76
Barnet,76
Lausanne,76
Naples,76
Tucson,76
Winnipeg,76
Québec,76
Raipur,75
Tunis,75
N/A,75
Eindhoven,75
Ludhiāna,74
Bandung,74
Haarlem,74
Łódź,74
Burnaby,74
Jerusalem,73
Chelyabinsk,73
