name,visitors
Tokyo,343
Singapore,126
Kyiv,104
Paris,96
Osaka,93
Hyderabad,75
Madrid,72
Ho Chi Minh City,64
Beijing,55
Mumbai,53
Bengaluru,53
Shanghai,51
Hanoi,49
Hong Kong,39
Shenzhen,38
Frankfurt am Main,38
Ashburn,38
Taipei,35
Los Angeles,34
Moscow,32
Dnipro,31
New York City,29
London,28
São Paulo,28
Warsaw,27
Chennai,27
Guangzhou,27
Lviv,26
Chengdu,26
Barcelona,25
Bogotá,25
Tashkent,24
Hangzhou,24
Göteborg,24
Yokohama,23
Amsterdam,22
Chicago,22
Toronto,22
New Delhi,21
Almaty,21
Kyoto,21
Munich,21
San Jose,21
Santiago,19
Xi’an,18
Nairobi,17
Pune,16
Indore,16
Nur-Sultan,16
Seoul,16
Marseille,16
Mexico City,16
Saint Petersburg,15
Odessa,15
Melbourne,15
Denver,15
N/A,15
N/A,15
Kharkiv,14
Sydney,14
Kolkata,13
Manchester,13
Prague,13
Dallas,13
Gurgaon,12
Taichung,12
Nagoya,12
Fukuoka,12
Sapporo,12
Vienna,12
Rio de Janeiro,12
Seattle,12
Tel Aviv,11
Belgrade,11
Ahmedabad,11
Da Nang,11
Changsha,11
Lagos,11
Brno,11
Quito,11
Lima,11
Reston,11
N/A,11
Bucharest,10
Poltava,10
Ivano-Frankivsk,10
Istanbul,10
Johannesburg,10
Jaipur,10
Delhi,10
Shymkent,10
Matsudo,10
Kawaguchi,10
Honchō,10
Düsseldorf,10
Helsinki,9
Bishkek,9
Jakarta,9
Nanjing,9
Kawasaki,9
N/A,9
Budapest,9
Rome,9
Santo Domingo,9
Tlaxcala,9
Houston,9
Riyadh,8
Addis Ababa,8
Minsk,8
Dhaka,8
Haiphong,8
Hefei,8
N/A,8
N/A,8
Suzhou,8
Stockholm,8
Enschede,8
Berlin,8
Brasília,8
San Francisco,8
Cherkasy,7
Lahore,7
Visakhapatnam,7
Ghāziābād,7
Hsinchu,7
Qingdao,7
Changzhou,7
Suwon,7
Tokorozawa,7
Shenyang,7
Lisbon,7
Milan,7
Guatemala City,7
Guayaquil,7
Medellín,7
Panamá,7
Pittsburgh,7
Kigali,6
Zhytomyr,6
Ternopil,6
Mykolayiv,6
Karachi,6
Lucknow,6
Kanpur,6
Novosibirsk,6
Kuala Lumpur,6
Xiamen,6
Fuzhou,6
N/A,6
Hiroshima,6
Abidjan,6
Accra,6
Kinshasa,6
Algiers,6
Köln,6
Zaragoza,6
Fortaleza,6
Salvador,6
Contagem,6
San José,6
Cali,6
Atlanta,6
Brooklyn,6
Santa Clara,6
N/A,6
N/A,6
Dammam,5
Amman,5
Athens,5
Baku,5
Karagandy,5
Yerevan,5
Lutsk,5
Kryvyy Rih,5
Sofia,5
Varanasi,5
Coimbatore,5
Pavlodar,5
Bến Tre,5
Bangkok,5
Kaohsiung,5
Cebu City,5
Wuhan,5
Dalian,5
Kowloon,5
Incheon,5
N/A,5
Okayama,5
Kobe,5
N/A,5
N/A,5
Seongnam-si,5
Valencia,5
Casablanca,5
Bern,5
Hamburg,5
Toulouse,5
Montpellier,5
Lille,5
Le Rheu,5
Grenoble,5
Wrocław,5
Poznań,5
Kraków,5
Ourense,5
Zagreb,5
Montevideo,5
Ribeirão Preto,5
Goiânia,5
Curitiba,5
Caracas,5
Zapopan,5
Boston,5
Hamilton,5
Irvine,5
Oakland,5
Brampton,5
Montréal,5
Ottawa,5
N/A,5
Benito Juárez,5
N/A,5
N/A,5
N/A,5
Jeddah,4
Turku,4
Cluj-Napoca,4
Vyshneve,4
Uzhgorod,4
Mukachevo,4
Kropyvnytskyy,4
Khmelnytskyy,4
Chernihiv,4
Bila Tserkva,4
Colombo,4
N/A,4
Thiruvananthapuram,4
Tirunelveli,4
Ranchi,4
Nagpur,4
Jodhpur,4
Guwahati,4
Cochin,4
Chilakalūrupet,4
Bhubaneshwar,4
Yekaterinburg,4
Zhengzhou,4
Ningbo,4
Luoyang,4
Kaifeng,4
Jinhua,4
Jinan,4
Phnom Penh,4
N/A,4
N/A,4
N/A,4
Goyang-si,4
Anyang-si,4
Shizuoka,4
Nagasaki,4
Machida,4
Kumamoto,4
Koshigaya,4
Kokubunji,4
Narita,4
Luanda,4
Amadora,4
Tunis,4
Copenhagen,4
Edinburgh,4
Zürich,4
The Hague,4
Brussels,4
Essen,4
Vinça,4
Lyon,4
Vigo,4
A Coruña,4
Aachen,4
Cape Town,4
Natal,4
Barquisimeto,4
Córdoba,4
Aguascalientes,4
Orlando,4
Savannah,4
Durham,4
Columbus,4
Columbia,4
Austin,4
Washington,4
Detroit,4
Cupertino,4
Boardman,4
The Dalles,4
Salt Lake City,4
Vancouver,4
N/A,4
N/A,4
Subang Jaya,4
