name,version,visitors
Windows,10,5676
Mac,10.15,929
GNU/Linux,(not set),406
Android,10,224
Ubuntu,(not set),95
iOS,18.7,66
Chrome OS,14541.0,33
iOS,26.2,24
Android,16,21
Windows,XP,20
Android,9,19
Android,15,12
Windows,7,12
Android,12,10
Android,13,10
Android,14,10
iOS,18.6,9
Windows,8.1,8
Mac,10.13,7
HarmonyOS,(not set),5
Android,11,4
iOS,26.1,4
Android,8.1,4
(not set),(not set),3
iOS,17.6,3
iOS,15.8,2
iPadOS,17.7,2
iOS,18.3,2
iOS,26.0,2
HarmonyOS,3.0,2
Android,7.1,2
Mac,(not set),1
Windows,(not set),1
iOS,15.2,1
iPadOS,16.2,1
iOS,16.6,1
iOS,16.7,1
iOS,17.2,1
iOS,18.4,1
iOS,18.5,1
Windows,8,1
