name,visitors
France,3017
Singapore,214
Morocco,116
Belgium,90
Tunisia,74
Algeria,66
Canada,55
Switzerland,51
Côte d'Ivoire,42
Togo,36
United States,34
Senegal,32
Réunion,29
"Congo, The Democratic Republic of the",26
Cameroon,25
Germany,22
Spain,21
Madagascar,21
Benin,19
Burkina Faso,18
China,13
Guadeloupe,12
United Kingdom,11
Congo,10
Mali,10
Guinea,8
Netherlands,7
Saudi Arabia,7
Brazil,6
Djibouti,5
Finland,5
Luxembourg,5
Gabon,4
Haiti,4
Indonesia,4
French Polynesia,4
Chad,4
India,3
Italy,3
Japan,3
South Korea,3
Martinique,3
Mauritania,3
Mauritius,3
Russian Federation,3
Vietnam,3
Azerbaijan,2
Burundi,2
Colombia,2
Dominican Republic,2
Ecuador,2
Ireland,2
Israel,2
Niger,2
Portugal,2
Thailand,2
Turkey,2
Trinidad and Tobago,2
Mayotte,2
United Arab Emirates,1
Argentina,1
Austria,1
Bangladesh,1
Bulgaria,1
Egypt,1
French Guiana,1
Croatia,1
Iraq,1
Namibia,1
New Caledonia,1
Nigeria,1
Pakistan,1
Romania,1
Serbia,1
Sweden,1
Venezuela,1
