property,value,visitors,events,percentage
url,(none),15078,18958,99.5
url,https://www.python.org/,92,93,0.6
url,https://github.com/python/peps/blob/main/peps/pep-0664.rst,19,20,0.1
url,https://packaging.python.org/en/latest/specifications/,15,15,0.1
url,https://docs.python.org/3.12/whatsnew/3.12.html,14,14,0.1
url,https://docs.python.org/3.14/library/string.templatelib.html#template-strings,13,13,0.1
url,https://github.com/python/peps/blob/main/peps/pep-0693.rst,13,13,0.1
url,https://github.com/python/peps/blob/main/peps/pep-0619.rst,11,11,0.1
url,https://github.com/python/peps/blob/main/peps/pep-0790.rst,11,11,0.1
url,https://github.com/python/peps/blob/main/peps/pep-0745.rst,9,10,0.1
url,https://packaging.python.org/en/latest/specifications/inline-script-metadata/#inline-script-metadata,9,9,0.1
url,https://typing.python.org/en/latest/spec/class-compat.html#override,9,9,0.1
url,https://typing.python.org/en/latest/spec/directives.html#deprecated,9,9,0.1
url,https://docs.python.org/3/reference/compound_stmts.html#match,8,8,0.1
url,https://packaging.python.org/en/latest/specifications/externally-managed-environments/#externally-managed-environments,8,9,0.1
url,https://packaging.python.org/en/latest/specifications/version-specifiers/#version-specifiers,8,8,0.1
url,https://github.com/python/peps/blob/main/peps/pep-0020.rst,7,7,0.0
url,https://github.com/python/peps/blob/main/peps/pep-0790.rst?plain=1,7,8,0.0
url,https://groups.google.com/d/msg/comp.lang.python/B_VxeTBClM0/L8W9KlsiriUJ,7,7,0.0
url,https://typing.python.org/en/latest/spec/distributing.html#packaging-typed-libraries,7,7,0.0
url,https://github.com/python/peps,6,6,0.0
url,https://github.com/python/peps/blob/main/peps/pep-0008.rst,6,6,0.0
url,https://github.com/python/peps/blob/main/peps/pep-0020.rst?plain=1,6,6,0.0
url,https://github.com/python/peps/blob/main/peps/pep-0596.rst,6,6,0.0
url,https://github.com/python/peps/blob/main/peps/pep-0693.rst?plain=1,6,7,0.0
url,https://typing.python.org/en/latest/spec/generics.html#type-parameter-defaults,6,6,0.0
url,https://discuss.python.org/t/pep-661-sentinel-values/9126,5,5,0.0
url,https://github.com/python/peps/blob/main/peps/pep-0008.rst?plain=1,5,5,0.0
url,https://github.com/python/peps/blob/main/peps/pep-0719.rst,5,8,0.0
url,https://github.com/python/peps/commits/main/peps/pep-0664.rst,5,5,0.0
url,https://packaging.python.org/en/latest/specifications/pyproject-toml/#pyproject-toml-spec,5,5,0.0
url,https://packaging.python.org/specifications/core-metadata/,5,5,0.0
url,https://typing.python.org/en/latest/spec/protocol.html#protocols,5,5,0.0
url,http://barry.warsaw.us/software/STYLEGUIDE.txt,4,4,0.0
url,https://discuss.python.org/t/104854,4,5,0.0
url,https://discuss.python.org/t/pep-747-typeexpr-type-hint-for-a-type-expression/55984,4,4,0.0
url,https://docs.python.org/3/library/typing.html#typing.TypeGuard,4,4,0.0
url,https://docs.python.org/3/reference/compound_stmts.html#annotations,4,4,0.0
url,https://docs.python.org/3/reference/compound_stmts.html#type-params,4,4,0.0
url,https://docs.python.org/3/reference/simple_stmts.html#annassign,4,5,0.0
url,https://github.com/python/peps/blob/main/peps/pep-0664.rst?plain=1,4,4,0.0
url,https://mail.python.org/pipermail/python-dev/2006-February/060793.html,4,4,0.0
url,https://mail.python.org/pipermail/python-dev/2012-June/120505.html,4,4,0.0
url,https://packaging.python.org/en/latest/specifications/dependency-specifiers/#dependency-specifiers,4,4,0.0
url,https://packaging.python.org/en/latest/specifications/pylock-toml/#pylock-toml-spec,4,4,0.0
url,https://typing.python.org/en/latest/spec/generics.html#paramspec,4,4,0.0
url,https://typing.python.org/en/latest/spec/generics.html#self,4,4,0.0
url,https://typing.python.org/en/latest/spec/literal.html#literal-types,4,5,0.0
url,https://typing.python.org/en/latest/spec/typeddict.html#typeddict,4,4,0.0
url,http://www.wikipedia.com/wiki/Camel_case,3,4,0.0
url,https://bugs.python.org/issue526840,3,3,0.0
url,https://discuss.python.org/t/78779,3,3,0.0
url,https://docs.python.org/3.13/library/warnings.html#warnings.deprecated,3,3,0.0
url,https://docs.python.org/3/library/concurrent.interpreters.html#module-concurrent.interpreters,3,3,0.0
url,https://docs.python.org/3/library/stdtypes.html#types-union,3,3,0.0
url,https://docs.python.org/3/library/typing.html#typing.Self,3,4,0.0
url,https://docs.python.org/3/library/typing.html#typing.TypeVarTuple,3,3,0.0
url,https://docs.python.org/3/library/typing.html#typing.override,3,3,0.0
url,https://docs.python.org/3/library/warnings.html#module-warnings,3,3,0.0
url,https://docs.python.org/3/library/zoneinfo.html#module-zoneinfo,3,3,0.0
url,https://docs.python.org/3/reference/simple_stmts.html#type,3,3,0.0
url,https://github.com/python/peps/blob/main/peps/pep-0257.rst,3,3,0.0
url,https://github.com/python/peps/blob/main/peps/pep-3115.rst?plain=1,3,3,0.0
url,https://github.com/python/typeshed,3,3,0.0
url,https://mail.python.org/archives/list/python-dev@python.org/thread/BO2TQHSXWL2RJMINWQQRBF5LANDDJNHH/,3,3,0.0
url,https://packaging.python.org/en/latest/specifications/core-metadata/#core-metadata,3,3,0.0
url,https://typing.python.org/en/latest/spec/,3,3,0.0
url,https://typing.python.org/en/latest/spec/callables.html#unpack-kwargs,3,3,0.0
url,https://typing.python.org/en/latest/spec/generics.html#variance-inference,3,3,0.0
url,https://typing.python.org/en/latest/spec/narrowing.html#typeguard,3,3,0.0
url,https://www.youtube.com/watch?v=FByM0r-VOLc,3,3,0.0
url,http://www.tug.org/interest.html,2,2,0.0
url,https://discuss.python.org/t/104073,2,2,0.0
url,https://discuss.python.org/t/82672,2,2,0.0
url,https://discuss.python.org/t/87377/138,2,2,0.0
url,https://discuss.python.org/t/pep-602-annual-release-cycle-for-python/2296/,2,2,0.0
url,https://discuss.python.org/t/pep-690-lazy-imports-again/19661/26,2,2,0.0
url,https://docs.python.org/3.13/library/typing.html#typing.TypeIs,2,2,0.0
url,https://docs.python.org/3.14/reference/compound_stmts.html#finally,2,2,0.0
url,https://docs.python.org/3.15/library/math.integer.html,2,2,0.0
url,https://docs.python.org/3/c-api/extension-modules.html#extension-modules,2,2,0.0
url,https://docs.python.org/3/c-api/stable.html#stable,2,2,0.0
url,https://docs.python.org/3/library/exceptions.html#lib-exception-groups,2,2,0.0
url,https://docs.python.org/3/library/stdtypes.html#types-genericalias,2,2,0.0
url,https://docs.python.org/3/library/typing.html#typing.TYPE_CHECKING,2,2,0.0
url,https://docs.python.org/3/reference/datamodel.html#customizing-module-attribute-access,2,2,0.0
url,https://docs.python.org/3/reference/datamodel.html#object.__mro_entries__,2,2,0.0
url,https://docs.python.org/3/whatsnew/3.11.html#whatsnew311-pep659,2,3,0.0
url,https://github.com/python/peps/blob/main/peps/pep-0249.rst,2,2,0.0
url,https://github.com/python/peps/blob/main/peps/pep-0263.rst?plain=1,2,2,0.0
url,https://github.com/python/peps/blob/main/peps/pep-0567.rst?plain=1,2,2,0.0
url,https://github.com/python/peps/commits/main/peps/pep-0594.rst,2,2,0.0
url,https://github.com/python/peps/commits/main/peps/pep-0790.rst,2,2,0.0
url,https://mail.python.org/archives/list/python-dev@python.org/thread/VQKDIZLZ6HF2MLTNCUFURK2IFTXVQEYA/,2,2,0.0
url,https://packaging.python.org/en/latest/discussions/versioning/#runtime-version-access,2,2,0.0
url,https://packaging.python.org/en/latest/specifications/dependency-groups/#dependency-groups,2,2,0.0
url,https://packaging.python.org/en/latest/specifications/platform-compatibility-tags/#platform-compatibility-tags,2,2,0.0
url,https://pypi.org/,2,2,0.0
url,https://spdx.org/licenses/,2,2,0.0
url,https://typing.python.org/en/latest/spec/aliases.html#type-aliases,2,2,0.0
url,https://typing.python.org/en/latest/spec/class-compat.html#classvar,2,2,0.0
url,https://typing.python.org/en/latest/spec/dataclasses.html#dataclass-transform,2,2,0.0
url,https://typing.python.org/en/latest/spec/qualifiers.html#at-final,2,2,0.0
url,https://web.archive.org/web/20031204182047/http://patterndigest.com/patterns/Decorator.html,2,2,0.0
url,https://www.pypa.io/en/latest/specifications/#handling-fixes-and-other-minor-updates,2,2,0.0
url,https://www.tiobe.com/tiobe-index/,2,3,0.0
url,http://bazel.io/,1,1,0.0
url,http://bugs.python.org/issue13052,1,1,0.0
url,http://bugs.python.org/issue1739468,1,1,0.0
url,http://bugs.python.org/issue9276,1,1,0.0
url,http://docs.python.org/library/imputil.html,1,1,0.0
url,http://docs.python.org/library/optparse.html,1,1,0.0
url,http://docs.zope.org/zope_secrets/extensionclass.html,1,1,0.0
url,http://docutils.sourceforge.net/mirror/setext.html,1,1,0.0
url,http://effbot.org/zone/consumer.htm,1,1,0.0
url,http://en.wikipedia.org/wiki/Covariance_and_contravariance_%28computer_science%29,1,1,0.0
url,http://interactivepython.org/runestone/static/everyday/2013/01/3_password.html,1,1,0.0
url,http://java.sun.com/j2se/javadoc/,1,1,0.0
url,http://linux.derkeiler.com/Mailing-Lists/Kernel/2005-09/3000.html,1,1,0.0
url,http://msdn.microsoft.com/en-us/library/windows/desktop/ms686016%28v=vs.85%29.aspx,1,1,0.0
url,http://mypy.readthedocs.io/en/latest/generics.html,1,1,0.0
url,http://peak.telecommunity.com/DevCenter/PEAK_2dRules,1,1,0.0
url,http://perldoc.perl.org/perlpod.html,1,1,0.0
url,http://pypi.python.org/,1,1,0.0
url,http://pypi.python.org/pypi/pathlib/,1,1,0.0
url,http://sourceforge.net/tracker/index.php?func=detail&aid=1335812&group_id=5470&atid=305470,1,1,0.0
url,http://stackoverflow.com/questions/3854692/generate-password-in-python,1,1,0.0
url,http://svn.effbot.python-hosting.com/stuff/sandbox/python/ssizecheck.py,1,2,0.0
url,http://svn.python.org/view/python/trunk/Lib/decimal.py,1,1,0.0
url,http://svn.python.org/view/sandbox/trunk/2to3/,1,1,0.0
url,http://svn.python.org/view/sandbox/trunk/pep3101/,1,1,0.0
url,http://www.artima.com/weblogs/index.jsp?blogger=guido,1,1,0.0
url,http://www.artima.com/weblogs/viewpost.jsp?thread=87182,1,1,0.0
url,http://www.catb.org/~esr/trove/,1,1,0.0
url,http://www.handshake.de/~dieter/weakdict.html,1,1,0.0
url,http://www.python.org/sigs/doc-sig/,1,1,0.0
url,http://www.python.org/topics/database/,1,1,0.0
url,http://www.stackless.com/,1,1,0.0
url,http://www.zope.org/DevHome/Members/jim/StructuredTextWiki/FrontPage,1,1,0.0
url,http://yaml.org/,1,1,0.0
url,https://arxiv.org/abs/2104.00254,1,1,0.0
url,https://bitbucket.org/t0rsten/pep-393,1,1,0.0
url,https://bugs.python.org/issue1681101,1,1,0.0
url,https://bugs.python.org/issue534304,1,1,0.0
url,https://datatracker.ietf.org/doc/html/rfc2119.html,1,1,0.0
url,https://datatracker.ietf.org/doc/html/rfc2822.html,1,2,0.0
url,https://developer.apple.com/documentation/apple-silicon/porting-just-in-time-compilers-to-apple-silicon#Enable-the-JIT-Entitlement-for-the-Hardened-Runtime,1,1,0.0
url,https://devguide.python.org/core-developers/become-core-developer/#poll-template,1,1,0.0
url,https://devguide.python.org/devcycle/,1,1,0.0
url,https://devguide.python.org/developer-workflow/c-api/#c-api,1,1,0.0
url,https://discuss.python.org/c/ideas/,1,1,0.0
url,https://discuss.python.org/c/packaging/,1,1,0.0
url,https://discuss.python.org/t/103628,1,1,0.0
url,https://discuss.python.org/t/104131,1,1,0.0
url,https://discuss.python.org/t/105519,1,1,0.0
url,https://discuss.python.org/t/13508/22,1,1,0.0
url,https://discuss.python.org/t/14737,1,1,0.0
url,https://discuss.python.org/t/18183/26,1,1,0.0
url,https://discuss.python.org/t/22042,1,1,0.0
url,https://discuss.python.org/t/27957,1,1,0.0
url,https://discuss.python.org/t/28457/,1,1,0.0
url,https://discuss.python.org/t/3468,1,1,0.0
url,https://discuss.python.org/t/59323,1,1,0.0
url,https://discuss.python.org/t/71348/111,1,1,0.0
url,https://discuss.python.org/t/84319,1,1,0.0
url,https://discuss.python.org/t/84319/123,1,2,0.0
url,https://discuss.python.org/t/how-to-specify-dependencies-pep-508-strings-or-a-table-in-toml/5243/38,1,1,0.0
url,https://discuss.python.org/t/pep-582-python-local-packages-directory/963/,1,1,0.0
url,https://discuss.python.org/t/pep-692-using-typeddict-for-more-precise-kwargs-typing/17314/81,1,1,0.0
url,https://discuss.python.org/t/pep-694-pypi-upload-api-2-0-round-2/101483,1,1,0.0
url,https://discuss.python.org/t/pep-744-jit-compilation/50756,1,1,0.0
url,https://discuss.python.org/t/pep-810-explicit-lazy-imports/104131/466,1,1,0.0
url,https://discuss.python.org/t/sentinel-values-in-the-stdlib/8810,1,2,0.0
url,https://discuss.python.org/t/steering-council-nomination-donghee-na-2025-term/71731,1,1,0.0
url,https://discuss.python.org/t/steering-council-nomination-pablo-galindo-salgado-2026-term/104936,1,1,0.0
url,https://discuss.python.org/t/steering-council-nomination-savannah-ostrowski-2026-term/104989,1,1,0.0
url,https://discuss.python.org/t/syntactic-sugar-to-encourage-use-of-named-arguments/36217/130,1,1,0.0
url,https://discuss.python.org/t/typeform-spelling-for-a-type-annotation-object-at-runtime/51435,1,1,0.0
url,https://docs.djangoproject.com/en/5.1/ref/utils/#django.utils.html.format_html,1,1,0.0
url,https://docs.github.com/en/repositories/managing-your-repositorys-settings-and-features/customizing-your-repository/about-code-owners,1,1,0.0
url,https://docs.microsoft.com/en-us/dotnet/csharp/language-reference/keywords/override/,1,1,0.0
url,https://docs.oracle.com/javase/tutorial/java/IandI/override.html,1,1,0.0
url,https://docs.python.org/3.11/library/dataclasses.html,1,1,0.0
url,https://docs.python.org/3.11/whatsnew/3.11.html#faster-cpython,1,1,0.0
url,https://docs.python.org/3.13/library/functions.html#locals,1,1,0.0
url,https://docs.python.org/3.14/howto/remote_debugging.html#remote-debugging,1,1,0.0
url,https://docs.python.org/3.7/tutorial/controlflow.html#more-on-defining-functions,1,1,0.0
url,https://docs.python.org/3.9/library/distutils.html,1,1,0.0
url,https://docs.python.org/3/c-api/buffer.html#bufferobjects,1,1,0.0
url,https://docs.python.org/3/distutils/packageindex.html,1,2,0.0
url,https://docs.python.org/3/glossary.html#term-reference-count,1,1,0.0
url,https://docs.python.org/3/howto/index.html,1,1,0.0
url,https://docs.python.org/3/library/annotationlib.html#module-annotationlib,1,1,0.0
url,https://docs.python.org/3/library/audit_events.html#audit-events,1,1,0.0
url,https://docs.python.org/3/library/compression.zstd.html#module-compression.zstd,1,1,0.0
url,https://docs.python.org/3/library/exceptions.html#BaseException.add_note,1,1,0.0
url,https://docs.python.org/3/library/importlib.html#importlib.util.LazyLoader,1,1,0.0
url,https://docs.python.org/3/library/tarfile.html#tarfile-extraction-filter,1,1,0.0
url,https://docs.python.org/3/library/typing.html#typing.Final,1,1,0.0
url,https://docs.python.org/3/library/typing.html#typing.TypeAlias,1,1,0.0
url,https://docs.python.org/3/library/typing.html#typing.TypedDict,1,1,0.0
url,https://docs.python.org/3/library/typing.html#typing.dataclass_transform,1,1,0.0
url,https://docs.python.org/3/library/unittest.html#unittest.TestCase.assertAlmostEqual,1,1,0.0
url,https://docs.python.org/3/reference/compound_stmts.html#except-star,1,7,0.0
url,https://docs.python.org/3/reference/datamodel.html#object.__class_getitem__,1,1,0.0
url,https://docs.python.org/3/reference/datamodel.html#python-buffer-protocol,1,1,0.0
url,https://docs.python.org/3/reference/expressions.html#comprehensions,1,1,0.0
url,https://docs.python.org/3/reference/grammar.html#full-grammar-specification,1,1,0.0
url,https://docs.python.org/3/tutorial/errors.html#tut-exception-notes,1,1,0.0
url,https://docs.scipy.org/doc/numpy/reference/ufuncs.html#available-ufuncs,1,1,0.0
url,https://docs.sigstore.dev/,1,1,0.0
url,https://docs.sigstore.dev/#how-sigstore-works,1,1,0.0
url,https://docutils.sourceforge.io/,1,1,0.0
url,https://en.wikipedia.org/wiki/C11_%28C_standard_revision%29#Optional_features,1,3,0.0
url,https://en.wikipedia.org/wiki/Continuation-passing_style#Tail_calls,1,2,0.0
url,https://en.wikipedia.org/wiki/Just-in-time_compilation#Security,1,1,0.0
url,https://fastapi.tiangolo.com/,1,1,0.0
url,https://flit.readthedocs.io/,1,1,0.0
url,https://flit.readthedocs.io/en/latest/pyproject_toml.html#metadata-section,1,1,0.0
url,https://gist.github.com/njsmith/78f68204c5d969f8c8bc645ef77d4a8f,1,1,0.0
url,https://github.com/Gobot1234/cpython/tree/function-subscript,1,1,0.0
url,https://github.com/dholth/setuptools_pep660,1,1,0.0
url,https://github.com/iritkatriel/finally/blob/main/README.md,1,1,0.0
url,https://github.com/nonebot/nonebot2/blob/570bd9587af99dd01a7d5421d3105d8a8e2aba32/nonebot/utils.py#L259-L266,1,1,0.0
url,https://github.com/pablogsal/cpython/compare/60ff67d010078eca15a74b1429caf779ac4f9c74...remote_pdb,1,1,0.0
url,https://github.com/package-url/purl-spec/,1,1,0.0
url,https://github.com/python/cpython/blob/27c0d9b54abaa4112d5a317b8aa78b39ad60a808/Lib/_pydecimal.py#L3394,1,1,0.0
url,https://github.com/python/cpython/commit/f8cb8a16a3,1,1,0.0
url,https://github.com/python/cpython/issues/115802,1,1,0.0
url,https://github.com/python/cpython/pull/103742,1,1,0.0
url,https://github.com/python/cpython/pull/3355,1,1,0.0
url,https://github.com/python/peps/blob/main/peps/pep-0001.rst,1,1,0.0
url,https://github.com/python/peps/blob/main/peps/pep-0007.rst?plain=1,1,1,0.0
url,https://github.com/python/peps/blob/main/peps/pep-0257.rst?plain=1,1,1,0.0
url,https://github.com/python/peps/blob/main/peps/pep-0263.rst,1,1,0.0
url,https://github.com/python/peps/blob/main/peps/pep-0282.rst?plain=1,1,1,0.0
url,https://github.com/python/peps/blob/main/peps/pep-0394.rst?plain=1,1,2,0.0
url,https://github.com/python/peps/blob/main/peps/pep-0397.rst,1,1,0.0
url,https://github.com/python/peps/blob/main/peps/pep-0434.rst,1,2,0.0
url,https://github.com/python/peps/blob/main/peps/pep-0441.rst,1,1,0.0
url,https://github.com/python/peps/blob/main/peps/pep-0503.rst,1,1,0.0
url,https://github.com/python/peps/blob/main/peps/pep-0526.rst,1,1,0.0
url,https://github.com/python/peps/blob/main/peps/pep-0569.rst,1,1,0.0
url,https://github.com/python/peps/blob/main/peps/pep-0569.rst?plain=1,1,1,0.0
url,https://github.com/python/peps/blob/main/peps/pep-0578.rst?plain=1,1,1,0.0
url,https://github.com/python/peps/blob/main/peps/pep-0579.rst?plain=1,1,1,0.0
url,https://github.com/python/peps/blob/main/peps/pep-0596.rst?plain=1,1,1,0.0
url,https://github.com/python/peps/blob/main/peps/pep-0602.rst,1,1,0.0
url,https://github.com/python/peps/blob/main/peps/pep-0619.rst?plain=1,1,1,0.0
url,https://github.com/python/peps/blob/main/peps/pep-0686.rst,1,1,0.0
url,https://github.com/python/peps/blob/main/peps/pep-0719.rst?plain=1,1,1,0.0
url,https://github.com/python/peps/blob/main/peps/pep-0745.rst?plain=1,1,1,0.0
url,https://github.com/python/peps/blob/main/peps/pep-0750.rst?plain=1,1,1,0.0
url,https://github.com/python/peps/blob/main/peps/pep-0801.rst,1,1,0.0
url,https://github.com/python/peps/blob/main/peps/pep-0822.rst?plain=1,1,1,0.0
url,https://github.com/python/peps/commits/main/peps/pep-0160.rst,1,1,0.0
url,https://github.com/python/peps/commits/main/peps/pep-0382.rst,1,1,0.0
url,https://github.com/python/peps/commits/main/peps/pep-0506.rst,1,1,0.0
url,https://github.com/python/peps/commits/main/peps/pep-0719.rst,1,1,0.0
url,https://github.com/python/peps/commits/main/peps/pep-0745.rst,1,1,0.0
url,https://github.com/python/peps/commits/main/peps/pep-0770.rst,1,1,0.0
url,https://github.com/python/peps/commits/main/peps/pep-0801.rst,1,1,0.0
url,https://github.com/python/peps/commits/main/peps/pep-0822.rst,1,1,0.0
url,https://github.com/python/typing/issues/600,1,1,0.0
url,https://github.com/vertexproject/synapse/blob/ed8148abb857d4445d727768d4c57f4f11b0d20a/synapse/lib/stormlib/iters.py#L82-L88,1,1,0.0
url,https://learn.microsoft.com/en/dotnet/csharp/language-reference/operators/,1,1,0.0
url,https://lwn.net/Articles/262464/,1,1,0.0
url,https://mail.python.org/archives/list/python-dev@python.org/message/NHCLHCU2XCWTBGF732WESMN42YYVKOXB/,1,1,0.0
url,https://mail.python.org/archives/list/python-dev@python.org/thread/BO2TQHSXWL2RJMINWQQRBF5LANDDJNHH/#BO2TQHSXWL2RJMINWQQRBF5LANDDJNHH,1,1,0.0
url,https://mail.python.org/archives/list/typing-sig@python.org/,1,1,0.0
url,https://mail.python.org/archives/list/typing-sig@python.org/message/D5FHORQVPHX3BHUDGF3A3TBZURBXLPHD/,1,1,0.0
url,https://mail.python.org/archives/list/typing-sig@python.org/thread/BB2BGYJY2YG5IWESKGTAPUQL3N27ZKVW/,1,1,0.0
url,https://mail.python.org/archives/list/typing-sig@python.org/thread/D5HCB4NT4S3WSK33WI26WZSFEXCEMNHN/,1,1,0.0
url,https://mail.python.org/mailman/listinfo/db-sig,1,1,0.0
url,https://mail.python.org/mailman/listinfo/doc-sig,1,1,0.0
url,https://mail.python.org/pipermail/distutils-sig/2014-August/024673.html,1,1,0.0
url,https://mail.python.org/pipermail/import-sig/2012-March/000421.html,1,1,0.0
url,https://mail.python.org/pipermail/python-3000/2006-April/000286.html,1,1,0.0
url,https://mail.python.org/pipermail/python-3000/2006-December/005108.html,1,1,0.0
url,https://mail.python.org/pipermail/python-3000/2006-December/005118.html,1,1,0.0
url,https://mail.python.org/pipermail/python-3000/2006-March/000210.html,1,1,0.0
url,https://mail.python.org/pipermail/python-3000/2006-May/001613.html,1,1,0.0
url,https://mail.python.org/pipermail/python-3000/2006-May/002105.html,1,1,0.0
url,https://mail.python.org/pipermail/python-3000/2007-April/006614.html,1,2,0.0
url,https://mail.python.org/pipermail/python-3000/2007-April/006793.html,1,1,0.0
url,https://mail.python.org/pipermail/python-3000/2007-July/008663.html,1,1,0.0
url,https://mail.python.org/pipermail/python-committers/2015-December/003642.html,1,1,0.0
url,https://mail.python.org/pipermail/python-committers/2018-July/005664.html,1,1,0.0
url,https://mail.python.org/pipermail/python-dev/2004-August/046711.html,1,1,0.0
url,https://mail.python.org/pipermail/python-dev/2004-March/043739.html,1,1,0.0
url,https://mail.python.org/pipermail/python-dev/2006-January/059468.html,1,1,0.0
url,https://mail.python.org/pipermail/python-dev/2006-June/065918.html,1,1,0.0
url,https://mail.python.org/pipermail/python-dev/2012-May/119651.html,1,1,0.0
url,https://mail.python.org/pipermail/python-dev/2015-February/138018.html,1,1,0.0
url,https://mail.python.org/pipermail/python-dev/2015-February/138277.html,1,2,0.0
url,https://mail.python.org/pipermail/python-dev/2015-February/138338.html,1,1,0.0
url,https://mail.python.org/pipermail/python-dev/2015-February/138564.html,1,1,0.0
url,https://mail.python.org/pipermail/python-dev/2015-February/138578.html,1,1,0.0
url,https://mail.python.org/pipermail/python-dev/2015-February/138598.html,1,1,0.0
url,https://mail.python.org/pipermail/python-dev/2015-May/140104.html,1,1,0.0
