name,version,visitors
Windows,10,15618
Mac,10.15,1268
Android,10,516
GNU/Linux,(not set),455
iOS,18.6,256
Android,15,123
Windows,7,72
Ubuntu,(not set),69
Android,14,62
Android,12,51
Android,13,48
Chrome OS,14541.0,41
iOS,18.5,41
iOS,26.0,27
Windows,8.1,25
Android,11,24
HarmonyOS,(not set),21
iOS,18.7,20
iOS,16.7,18
HarmonyOS,3.0,14
iOS,18.3,12
Android,9,10
(not set),(not set),9
HarmonyOS,2.2,9
Android,8.1,9
iOS,15.6,8
iOS,17.2,6
Mac,10.13,5
iOS,16.1,5
iOS,17.6,5
iOS,18.2,5
Android,8.0,5
Mac,10.11,4
Chrome OS,14816.131,4
iOS,16.3,4
iOS,17.5,4
iPadOS,17.7,4
iOS,18.4,4
Android,5.1,4
Windows,(not set),3
iOS,13.6,3
iOS,15.8,3
iOS,16.6,3
iOS,17.3,3
Windows,XP,3
Mac,10.14,2
iOS,14.4,2
Chrome OS,14388.61,2
Android,16,2
iPadOS,17.6,2
Windows,8,2
Windows,Server 2003,2
Mac,10.10,1
iOS,11.0,1
iOS,11.2,1
iOS,13.5,1
iOS,14.6,1
iOS,15.0,1
iOS,15.2,1
iOS,15.3,1
iOS,16.0,1
iOS,16.2,1
iPadOS,16.2,1
iOS,17.7,1
iOS,26.1,1
Android,4.4,1
Android,7.1,1
