name,unique_exits,total_exits,exit_rate
/en/latest/tutorials/installing-packages/,6093,6215,
/en/latest/guides/writing-pyproject-toml/,1345,1394,
/en/latest/tutorials/packaging-projects/,1172,1191,
/en/latest/guides/tool-recommendations/,1106,1113,
/en/latest/guides/installing-using-pip-and-virtual-environments/,1039,1059,
/en/latest/,408,412,
/en/latest/specifications/binary-distribution-format/,406,410,
/en/latest/glossary/,294,307,
/en/latest/key_projects/,278,285,
/en/latest/discussions/src-layout-vs-flat-layout/,211,217,
/en/latest/specifications/dependency-specifiers/,194,198,
/en/latest/overview/,153,156,
/en/latest/specifications/version-specifiers/,147,152,
/en/latest/specifications/pyproject-toml/,130,133,
/en/latest/guides/distributing-packages-using-setuptools/,124,125,
/en/latest/guides/installing-using-linux-tools/,79,80,
/en/latest/discussions/versioning/,78,78,
/en/latest/guides/packaging-namespace-packages/,77,78,
/en/latest/guides/section-install/,77,77,
/en/latest/guides/creating-command-line-tools/,71,75,
/en/latest/guides/hosting-your-own-index/,66,67,
/en/latest/guides/installing-stand-alone-command-line-tools/,66,64,
/en/latest/tutorials/managing-dependencies/,66,67,
/en/latest/specifications/core-metadata/,62,64,
/en/latest/specifications/entry-points/,62,64,
/en/latest/flow/,53,55,
/en/latest/tutorials/,51,51,
/en/latest/guides/creating-and-discovering-plugins/,47,49,
/en/latest/guides/modernize-setup-py-project/,46,45,
/en/latest/specifications/inline-script-metadata/,44,45,
/en/latest/guides/installing-using-virtualenv/,43,43,
/en/latest/search/,42,41,
/en/latest/guides/section-build-and-publish/,40,40,
/en/latest/guides/,39,38,
/en/latest/specifications/pypirc/,38,39,
/en/latest/guides/publishing-package-distribution-releases-using-github-actions-ci-cd-workflows/,37,45,
/en/latest/specifications/name-normalization/,36,37,
/en/latest/specifications/platform-compatibility-tags/,35,35,
/en/latest/guides/using-testpypi/,34,34,
/en/latest/specifications/dependency-groups/,34,36,
/en/latest/specifications/,33,34,
/en/latest/discussions/setup-py-deprecated/,31,32,
/en/latest/guides/analyzing-pypi-package-downloads/,29,29,
/en/latest/discussions/single-source-version/,28,27,
/en/latest/specifications/pylock-toml/,28,29,
/en/latest/guides/packaging-binary-extensions/,26,27,
/en/latest/discussions/package-formats/,25,25,
/en/latest/guides/making-a-pypi-friendly-readme/,23,23,
/en/latest/discussions/deploying-python-applications/,22,22,
/en/latest/discussions/install-requires-vs-requirements/,21,21,
/en/latest/guides/licensing-examples-and-user-scenarios/,20,19,
/en/latest/specifications/simple-repository-api/,20,20,
/en/latest/specifications/externally-managed-environments/,18,19,
/en/latest/discussions/distribution-package-vs-import-package/,17,17,
/en/latest/discussions/pip-vs-easy-install/,17,17,
/en/latest/guides/using-manifest-in/,15,15,
/en/latest/guides/index-mirrors-and-caches/,14,13,
/en/latest/guides/installing-scientific-packages/,14,15,
/en/latest/guides/migrating-to-pypi-org/,10,10,
/en/latest/specifications/well-known-project-urls/,10,10,
/en/latest/specifications/license-expression/,9,9,
/en/latest/contribute/,8,8,
/en/latest/specifications/recording-installed-packages/,7,7,
/en/latest/discussions/,6,6,
/en/latest/guides/dropping-older-python-versions/,6,6,
/en/latest/news/,6,6,
/en/latest/specifications/glob-patterns/,6,6,
/en/latest/specifications/section-distribution-formats/,6,6,
/en/latest/specifications/source-distribution-format/,6,7,
/en/latest/specifications/direct-url/,5,5,
/en/latest/specifications/section-distribution-metadata/,5,5,
/ja/latest/tutorials/installing-packages/,5,4,
/en/latest/specifications/virtual-environments/,4,4,
/en/latest/support/,4,4,
/en/latest/specifications/direct-url-data-structure/,3,3,
/en/latest/specifications/section-installation-metadata/,3,3,
/en/latest/discussions/downstream-packaging/,2,2,
/en/latest/guides/supporting-windows-using-appveyor/,2,2,
/en/latest/specifications/build-details/,2,2,
/en/latest/specifications/index-hosted-attestations/,2,2,
/en/latest/specifications/section-reproducible-environments/,2,2,
/pt-br/latest/guides/installing-using-pip-and-virtual-environments/,2,2,
/pt-br/latest/tutorials/installing-packages/,2,2,
/en/latest/guides/section-hosting/,1,1,
/en/latest/guides/single-sourcing-package-version/,1,1,
/en/latest/specifications/build-details/v1.0/,1,1,
/en/latest/specifications/section-package-indices/,1,1,
/en/latest/specifications/section-python-description-formats/,1,1,
/en/latest/tutorials/installing-packages.html,1,1,
/ja/latest/discussions/src-layout-vs-flat-layout/,1,1,
/ja/latest/guides/creating-command-line-tools/,1,1,
/ja/latest/specifications/dependency-groups/,1,1,
/ja/latest/specifications/pyproject-toml/,1,1,
/pt-br/latest/glossary/,1,1,
