name,unique_exits,total_exits,exit_rate
/fr/3/tutorial/,323,336,
/fr/3/tutorial/datastructures.html,131,141,
/fr/3.13/tutorial/classes.html,83,86,
/fr/3/library/stdtypes.html,68,81,
/fr/3.13/library/tkinter.html,63,65,
/fr/3/library/json.html,61,62,
/fr/3/library/datetime.html,60,61,
/fr/3.13/library/functions.html,58,78,
/fr/3/tutorial/interpreter.html,57,58,
/fr/3/tutorial/controlflow.html,55,59,
/fr/3/tutorial/introduction.html,54,55,
/fr/3/howto/regex.html,53,54,
/fr/3/tutorial/index.html,45,47,
/fr/3.13/library/turtle.html,44,45,
/fr/3/tutorial/venv.html,43,43,
/fr/3.13/howto/sorting.html,42,42,
/fr/3/tutorial/errors.html,42,43,
/fr/3/,40,38,
/fr/3/library/enum.html,40,40,
/fr/dev/installing/index.html,39,40,
/fr/3.13/library/csv.html,38,41,
/fr/3.13/library/random.html,38,38,
/fr/3/tutorial/appetite.html,34,34,
/fr/3.15/using/windows.html,33,34,
/fr/3/library/__main__.html,33,33,
/fr/3/tutorial/inputoutput.html,32,32,
/fr/3/tutorial/classes.html,31,31,
/fr/3.13/library/stdtypes.html,30,32,
/fr/3.13/tutorial/introduction.html,30,30,
/fr/3.14/search.html,30,30,
/fr/3/search.html,27,27,
/3/,26,23,
/fr/3/library/random.html,26,25,
/fr/3/library/index.html,25,25,
/fr/3/library/string.html,25,26,
/fr/3.13/library/idle.html,24,25,
/fr/3/library/turtle.html,24,24,
/fr/3.13/tutorial/modules.html,23,25,
/fr/3/library/functions.html,23,24,
/fr/3/library/math.html,23,23,
/fr/3/using/windows.html,23,24,
/fr/3.13/tutorial/errors.html,22,22,
/fr/3.14/,22,21,
/fr/3.13/library/time.html,20,20,
/fr/3.14/tutorial/index.html,20,21,
/fr/3.13/library/os.html,19,20,
/3/library/datetime.html,18,17,
/fr/3.13/reference/import.html,18,18,
/fr/3/library/csv.html,18,18,
/fr/3/library/tkinter.html,17,18,
/fr/3/using/cmdline.html,17,17,
/fr/3.13/tutorial/index.html,16,17,
/fr/3/genindex-Symboles.html,16,16,
/fr/3/library/sys.html,16,16,
/fr/3/howto/logging.html,14,14,
/fr/3/library/glob.html,14,14,
/fr/3.13/library/operator.html,13,13,
/fr/3.13/reference/simple_stmts.html,13,12,
/fr/3.14/library/stdtypes.html,13,13,
/fr/3.13/faq/windows.html,12,13,
/fr/3.13/howto/argparse.html,12,13,
/fr/3.13/library/base64.html,12,11,
/fr/3.13/library/statistics.html,12,12,
/fr/3.14/tutorial/introduction.html,12,13,
/3/library/functions.html,11,11,
/fr/3.13/howto/sockets.html,11,12,
/fr/3.13/library/string.html,11,11,
/fr/3.14/tutorial/controlflow.html,11,12,
/fr/3.14/tutorial/interpreter.html,11,11,
/fr/3/howto/unicode.html,11,11,
/fr/3/library/time.html,11,11,
/fr/3/tutorial/modules.html,11,12,
/fr/3.13/library/collections.html,10,10,
/fr/3.13/library/pprint.html,10,10,
/fr/3.13/library/timeit.html,10,11,
/fr/3.13/library/tkinter.ttk.html,10,11,
/fr/3/library/venv.html,10,10,
/fr/3/py-modindex.html,10,10,
/3/library/pathlib.html,9,9,
/3/tutorial/index.html,9,9,
/fr/3.13/library/pathlib.html,9,9,
/fr/3.13/search.html,9,8,
/fr/3.14/tutorial/appetite.html,9,9,
/fr/3/library/array.html,9,9,
/3/library/csv.html,8,8,
/3/library/json.html,8,8,
/3/library/stdtypes.html,8,8,
/dev/using/windows.html,8,8,
/fr/3.13/howto/curses.html,8,8,
/fr/3.13/library/multiprocessing.html,8,8,
/fr/3.14/library/re.html,8,8,
/fr/3.14/library/tkinter.html,8,8,
/fr/3.14/using/windows.html,8,8,
/fr/3/glossary.html,8,8,
/fr/dev/library/xml.etree.elementtree.html,8,9,
/3/library/turtle.html,7,5,
/3/search.html,7,5,
/fr/3.13/,7,8,
/fr/3.13/library/abc.html,7,7,
/fr/3.13/tutorial/appetite.html,7,7,
