name,visitors,pageviews,bounce_rate,time_on_page,scroll_depth
/fr/3/tutorial/,440,569,60,37,56
/fr/3/tutorial/datastructures.html,170,195,79,128,38
/fr/3/tutorial/interpreter.html,136,139,67,69,77
/fr/3/tutorial/appetite.html,121,109,39,57,85
/fr/3.13/tutorial/classes.html,102,105,84,99,42
/fr/3/tutorial/introduction.html,96,105,69,137,57
/fr/3/tutorial/controlflow.html,90,98,88,1098,38
/fr/3/tutorial/index.html,84,86,71,21,51
/fr/3/library/stdtypes.html,81,262,47,145,18
/fr/3/,80,107,40,39,78
/fr/3/library/datetime.html,76,79,76,50,33
/fr/3.14/,75,76,22,27,77
/fr/3/library/json.html,74,76,83,76,30
/fr/3.13/library/tkinter.html,73,73,83,45,31
/fr/3.13/library/functions.html,68,152,65,69,63
/fr/3.14/search.html,65,83,40,17,62
/fr/3/tutorial/errors.html,62,59,82,151,30
/fr/3/search.html,61,113,31,20,56
/fr/3/howto/regex.html,59,60,89,51,31
/fr/3.14/tutorial/index.html,55,70,62,53,56
/fr/3/tutorial/venv.html,54,53,86,93,50
/fr/3/library/enum.html,48,50,81,25,23
/fr/3.13/library/csv.html,47,48,84,68,36
/fr/3.13/library/turtle.html,47,49,93,61,19
/fr/3.13/howto/sorting.html,45,49,88,30,38
/fr/3.15/using/windows.html,45,44,79,52,20
/fr/3/library/index.html,45,51,62,45,66
/fr/3/tutorial/inputoutput.html,44,43,84,73,42
/fr/dev/installing/index.html,44,46,83,19,57
/fr/3.13/library/random.html,43,46,83,35,26
/fr/3.13/tutorial/errors.html,42,35,76,113,39
/fr/3.13/tutorial/introduction.html,42,40,90,180,51
/fr/3/tutorial/classes.html,39,42,78,164,41
/fr/3/using/windows.html,38,38,70,51,16
/fr/3.13/library/stdtypes.html,36,36,93,41,19
/fr/3/library/turtle.html,35,51,57,90,30
/fr/3.13/tutorial/modules.html,34,38,75,46,36
/fr/3/library/__main__.html,34,36,91,29,55
/fr/3/library/string.html,34,36,73,58,42
/fr/3/library/functions.html,33,30,76,3120,63
/fr/3/tutorial/modules.html,32,27,62,74,54
/fr/3.13/tutorial/index.html,31,62,53,121,52
/fr/3.14/tutorial/interpreter.html,29,24,67,71,79
/fr/3.13/library/idle.html,28,29,92,15,31
/fr/3/library/random.html,28,30,95,67,40
/fr/3/library/math.html,27,25,92,40,34
/fr/3.14/tutorial/introduction.html,26,26,78,96,55
/fr/3/contents.html,26,25,33,1854,3
/fr/3.13/library/time.html,25,25,86,74,46
/fr/3.13/search.html,25,29,62,8,51
/fr/3.14/tutorial/appetite.html,25,19,75,50,70
/fr/3.14/tutorial/controlflow.html,25,24,40,102,50
/fr/3.13/library/os.html,24,23,89,86,30
/fr/3/glossary.html,24,19,60,28,45
/fr/3/library/csv.html,24,23,81,66,51
/fr/3.14/library/stdtypes.html,23,22,86,109,26
/fr/3/library/sys.html,23,28,76,24,35
/fr/3/using/cmdline.html,23,22,82,66,12
/fr/3.14/library/index.html,22,20,25,43,32
/fr/3/howto/logging.html,22,19,73,64,31
/fr/3.13/reference/import.html,21,25,77,43,36
/fr/3.13/reference/simple_stmts.html,20,17,75,79,56
/fr/3.14/reference/index.html,20,18,50,21,67
/fr/3/genindex-Symboles.html,19,22,71,48,48
/fr/3.13/library/string.html,18,18,57,14,39
/fr/3/library/tkinter.html,18,22,76,315,32
/fr/3.13/tutorial/appetite.html,17,23,60,23,72
/fr/3/howto/unicode.html,16,14,92,23,39
/fr/3/library/glob.html,16,17,79,23,67
/fr/3.13/tutorial/controlflow.html,15,16,57,38,41
/fr/3.14/installing/index.html,15,14,0,48,72
/fr/3/index.html,15,14,33,7,76
/fr/3/library/exceptions.html,15,15,62,62,46
/fr/3/py-modindex.html,15,19,73,147,48
/fr/3/reference/simple_stmts.html,15,12,67,33,63
/fr/3/tutorial/stdlib2.html,15,13,67,53,52
/fr/3.13/library/base64.html,14,14,77,19,48
/fr/3.13/library/operator.html,14,13,100,15,41
/fr/3.14/index.html,14,14,0,11,76
/fr/3/library/time.html,14,13,100,86,47
/fr/3/tutorial/appendix.html,14,13,25,30,86
/fr/3.13/howto/argparse.html,13,13,100,61,42
/fr/3.13/library/collections.html,13,11,90,90,31
/fr/3.13/library/statistics.html,13,13,91,95,20
/fr/3.13/library/timeit.html,13,15,73,58,53
/fr/3.13/tutorial/interpreter.html,13,22,100,89,78
/fr/3.14/contents.html,13,15,0,41,38
/fr/3.14/download.html,13,12,0,31,95
/fr/3.14/library/functions.html,13,11,83,38,20
/fr/3/library/array.html,13,14,100,101,86
/fr/3.13/faq/windows.html,12,15,92,112,59
/fr/3.13/howto/curses.html,12,12,67,82,42
/fr/3.13/howto/sockets.html,12,17,64,31,69
/fr/3.13/library/pathlib.html,12,14,64,78,45
/fr/3.13/library/tkinter.ttk.html,12,13,91,99,29
/fr/3.14/library/tkinter.html,12,10,0,42,31
/fr/3.14/using/windows.html,12,11,100,36,5
/fr/3.14/whatsnew/3.14.html,12,10,75,75,11
/fr/3.12/library/stdtypes.html,11,12,57,60,10
/fr/3.13/,11,12,71,15,67
