name,visitors
São Paulo,359
Rio de Janeiro,124
Brasília,90
Belo Horizonte,72
Curitiba,63
Fortaleza,48
Recife,39
Salvador,38
Lisbon,34
N/A,33
Campinas,32
Natal,27
Porto Alegre,26
Teresina,22
Osasco,22
Belém,21
Vitória,21
Goiânia,21
São José dos Campos,20
Santo André,20
Florianópolis,20
João Pessoa,19
Porto,17
São Luís,17
Uberlândia,17
Guarulhos,17
Luanda,16
Campo Grande,16
Maceió,13
São Bernardo do Campo,13
Joinville,12
Campina Grande,11
Sorocaba,11
Ribeirão Preto,11
Niterói,11
Manaus,11
Vila Velha,10
Cuiabá,10
Blumenau,10
São Carlos,9
Mauá,9
Londrina,9
Franca,9
Caxias do Sul,9
Santos,8
Presidente Prudente,8
Maringá,8
Canoas,8
Aracaju,8
Coimbra,7
Esperança,7
N/A,7
Diadema,7
Cotia,7
Contagem,7
Maputo,6
São José do Rio Preto,6
Piracicaba,6
Mogi das Cruzes,6
Jundiaí,6
Foz do Iguaçu,6
Araraquara,6
Aparecida de Goiânia,6
Uberaba,5
Sumaré,5
Santana de Parnaíba,5
Santa Maria,5
Ponta Grossa,5
Novo Hamburgo,5
Nova Odessa,5
Nova Iguaçu,5
Jaraguá do Sul,5
Jacareí,5
Feira de Santana,5
Camaçari,5
Barueri,5
Palmas,5
Porto Velho,5
Boa Vista,5
Vila Nova de Gaia,4
Matosinhos,4
Olinda,4
Mossoró,4
Imperatriz,4
Volta Redonda,4
Serra,4
São Vicente,4
Praia Grande,4
Marília,4
Lajeado,4
Cornélio Procópio,4
Chapecó,4
Catalão,4
Carapicuíba,4
Birigui,4
Bauru,4
Balneário Camboriú,4
N/A,4
Paulista,3
Parnamirim,3
Itapagé,3
Caxias,3
Caruaru,3
Ananindeua,3
Viçosa,3
Toledo,3
Taboão da Serra,3
Suzano,3
São João del Rei,3
Santa Luzia,3
Pouso Alegre,3
Pelotas,3
Pato Branco,3
Paranavaí,3
Palhoça,3
Ourinhos,3
Lorena,3
Juiz de Fora,3
Itatiba,3
Itaquaquecetuba,3
Itajaí,3
Ipatinga,3
Indaiatuba,3
Ferraz de Vasconcelos,3
Cascavel,3
Botucatu,3
Araxá,3
Araruama,3
Angra dos Reis,3
Americana,3
Rio Branco,3
Jaboatão dos Guararapes,3
N/A,3
N/A,3
Dili,2
Odivelas,2
Viseu,2
Rio Tinto,2
Covilhã,2
Braga,2
Berlin,2
Praia,2
Soledade,2
Sobral,2
Santarém,2
Petrolina,2
N/A,2
Parnaíba,2
N/A,2
Maracanaú,2
Limoeiro,2
Juazeiro do Norte,2
Canindé,2
Camocim de São Félix,2
N/A,2
Cajazeiras,2
Buenos Aires,2
Xanxerê,2
Viamão,2
Várzea Paulista,2
Ubatuba,2
Três Lagoas,2
Teresópolis,2
Teófilo Otoni,2
Taubaté,2
São Roque,2
São Mateus,2
São Leopoldo,2
São Francisco do Sul,2
São Caetano do Sul,2
Rio Negrinho,2
Rio Grande,2
Rio do Sul,2
Porangatu,2
Pindamonhangaba,2
Peruíbe,2
Paulínia,2
Patrocínio,2
Passo Fundo,2
N/A,2
Nova Lima,2
Nova Friburgo,2
Maricá,2
Mandaguari,2
Jequié,2
Jaguaquara,2
Jacobina,2
Itapecerica da Serra,2
Itaboraí,2
Itabira,2
Itaberaí,2
Itabaiana,2
Ipiaú,2
Ilhéus,2
Igarapé,2
Hortolândia,2
Guarapuava,2
Formosa,2
Embu,2
Dourados,2
Criciúma,2
Coronel Fabriciano,2
Cordeirópolis,2
Catanduva,2
Cataguases,2
Caraguatatuba,2
Cantagalo,2
Canoinhas,2
Canela,2
N/A,2
Campos dos Goytacazes,2
Cachoeirinha,2
Bragança Paulista,2
Bento Gonçalves,2
Barbacena,2
Avaré,2
Atibaia,2
Anápolis,2
N/A,2
Ariquemes,2
Tulsa,2
Dallas,2
Ashburn,2
Pinhais,2
Sinop,2
N/A,2
N/A,2
N/A,2
Atyrau,1
Yerevan,1
Jyväskylä,1
Nampula,1
Vijayawada,1
Mumbai,1
Xi’an,1
Shanghai,1
Guangzhou,1
Fuzhou,1
Fuyang,1
Narita,1
Tavira,1
Sintra,1
N/A,1
Santarém,1
Funchal,1
Cacém,1
Beja,1
Azambuja,1
Almada,1
Alcobaça,1
Fuengirola,1
Palermo,1
Copenhagen,1
Neuchâtel,1
Vila Nova de Famalicão,1
Santa Comba Dão,1
Paredes,1
Lavra,1
Utrecht,1
Enschede,1
Münster,1
Mainz,1
Paris,1
Katowice,1
Madrid,1
Getafe,1
Barcelona,1
Naples,1
Vitória de Santo Antão,1
N/A,1
Timon,1
Sousa,1
São Lourenço da Mata,1
São José do Egito,1
São José de Ribamar,1
Santa Rita,1
Santana do Ipanema,1
Salgueiro,1
Russas,1
Ribeirão,1
Quixeramobim,1
Quixadá,1
Presidente Dutra,1
N/A,1
Picos,1
N/A,1
N/A,1
Paulo Afonso,1
Paragominas,1
N/A,1
Palmares,1
N/A,1
N/A,1
N/A,1
Moreno,1
Morada Nova,1
Macapá,1
Juàzeirinho,1
Jaguaruana,1
Itapipoca,1
