name,unique_exits,total_exits,exit_rate
/pt-br/3/library/venv.html,186,203,
/pt-br/3/,83,94,
/pt-br/3/tutorial/index.html,79,96,
/pt-br/3/library/functions.html,75,75,
/pt-br/3/tutorial/datastructures.html,75,82,
/pt-br/3/tutorial/,73,83,
/pt-br/3/library/tkinter.html,64,66,
/pt-br/3/library/stdtypes.html,63,68,
/pt-br/3/tutorial/introduction.html,56,58,
/pt-br/3/tutorial/interpreter.html,48,51,
/pt-br/3/library/,45,48,
/pt-br/3/library/string.html,44,45,
/pt-br/dev/library/venv.html,43,45,
/pt-br/3/tutorial/controlflow.html,42,52,
/pt-br/3.13/library/math.html,41,48,
/pt-br/3/tutorial/classes.html,39,43,
/pt-br/3/library/random.html,37,43,
/pt-br/3/tutorial/inputoutput.html,37,38,
/pt-br/3.13/tutorial/index.html,35,39,
/pt-br/3.13/library/index.html,32,34,
/pt-br/3/library/math.html,30,36,
/3/,28,31,
/pt-br/3.13/tutorial/datastructures.html,27,28,
/pt-br/3.13/,26,30,
/pt-br/3/tutorial/errors.html,26,27,
/pt-br/3/library/re.html,25,27,
/pt-br/3/library/index.html,24,25,
/pt-br/3.13/library/stdtypes.html,23,23,
/pt-br/3/faq/windows.html,23,25,
/pt-br/3/tutorial/appetite.html,23,27,
/pt-br/3.13/search.html,22,23,
/pt-br/3/library/datetime.html,22,23,
/pt-br/3.13/library/tkinter.html,21,22,
/pt-br/3.13/library/functions.html,20,26,
/pt-br/3/library/statistics.html,20,20,
/pt-br/3/library/os.html,19,19,
/pt-br/3/library/unittest.html,19,21,
/pt-br/3.13/tutorial/introduction.html,18,19,
/pt-br/dev/reference/import.html,18,19,
/pt-br/3.13/library/__main__.html,17,18,
/pt-br/3/library/json.html,17,20,
/pt-br/3/search.html,17,20,
/pt-br/3.13/library/csv.html,16,21,
/pt-br/3.13/tutorial/appetite.html,16,16,
/pt-br/3/using/cmdline.html,16,16,
/pt-br/3.13/tutorial/controlflow.html,15,19,
/pt-br/3.13/tutorial/interpreter.html,15,15,
/pt-br/3/library/tk.html,15,18,
/pt-br/3/tutorial/modules.html,15,17,
/pt-br/3/howto/logging.html,14,14,
/pt-br/3/using/windows.html,14,14,
/pt-br/dev/howto/sorting.html,14,15,
/pt-br/3.13/library/random.html,13,13,
/pt-br/3/library/shutil.html,13,14,
/pt-br/dev/library/math.html,13,13,
/3/library/index.html,12,13,
/pt-br/3/using/android.html,12,12,
/pt-br/dev/faq/general.html,11,11,
/3/library/venv.html,10,10,
/pt-br/3.13/tutorial/,10,10,
/pt-br/3.13/using/windows.html,10,12,
/pt-br/3/whatsnew/3.13.html,10,10,
/pt-br/3.13/faq/windows.html,9,9,
/pt-br/3.13/library/turtle.html,9,9,
/pt-br/3/glossary.html,9,11,
/3/library/functions.html,8,8,
/pt-br/3.13/library/venv.html,8,8,
/pt-br/3.13/reference/index.html,8,8,
/pt-br/3/installing/index.html,8,8,
/pt-br/3/library/pathlib.html,8,8,
/pt-br/3/library/typing.html,8,8,
/pt-br/3/tutorial/venv.html,8,9,
/pt-br/dev/tutorial/datastructures.html,8,9,
/pt-br/3.13/library/os.path.html,7,7,
/pt-br/3.13/tutorial/inputoutput.html,7,7,
/pt-br/3/library/asyncio.html,7,7,
/pt-br/3/library/intro.html,7,7,
/pt-br/3/using/editors.html,7,7,
/pt-br/dev/howto/logging.html,7,7,
/3/download.html,6,6,
/3/library/stdtypes.html,6,6,
/3/library/tkinter.html,6,7,
/pt-br/3.13/c-api/index.html,6,7,
/pt-br/3.13/glossary.html,6,6,
/pt-br/3.13/installing/index.html,6,6,
/pt-br/3.13/library/datetime.html,6,7,
/pt-br/3.13/reference/lexical_analysis.html,6,6,
/pt-br/3.13/tutorial/modules.html,6,7,
/pt-br/3/howto/sorting.html,6,7,
/pt-br/3/library/dataclasses.html,6,6,
/pt-br/3/library/exceptions.html,6,7,
/pt-br/3/reference/compound_stmts.html,6,7,
/pt-br/3/reference/index.html,6,7,
/pt-br/3/tutorial/floatingpoint.html,6,6,
/pt-br/dev/library/tkinter.html,6,6,
/3/library/logging.html,5,6,
/3/library/math.html,5,5,
/3/library/random.html,5,6,
/3/library/subprocess.html,5,5,
/pt-br/3.12/tutorial/index.html,5,7,
