property,value,visitors,events,percentage
url,(none),368,556,100.0
url,https://www.python.org/,7,8,1.9
url,https://docs.python.org/it/3.14/archives/python-3.14-docs-html.zip,2,2,0.5
url,https://devguide.python.org/,1,1,0.3
url,https://devguide.python.org/documentation/start-documenting/#building-the-documentation,1,1,0.3
url,https://docs.python.org/it/3/archives/python-3.14-docs-html.zip,1,1,0.3
url,https://docs.python.org/it/3/archives/python-3.14-docs-texinfo.zip,1,1,0.3
url,https://docs.python.org/it/3/archives/python-3.14-docs-text.zip,1,1,0.3
url,https://docs.python.org/it/3/archives/python-3.14-docs.epub,1,1,0.3
url,https://it.wikipedia.org/wiki/Successione_di_Fibonacci,1,1,0.3
url,https://peps.python.org/,1,1,0.3
url,https://peps.python.org/pep-0397/,1,1,0.3
url,https://wiki.python.org/moin/BeginnersGuide,1,1,0.3
url,https://wiki.python.org/moin/PythonBooks,1,1,0.3
