name,visitors
Lombardy,57
Lazio,35
Veneto,23
Tuscany,19
Apulia,17
Emilia-Romagna,15
Piedmont,14
Campania,13
Sicily,11
Oregon,7
Marche,6
Hebei,5
Abruzzo,5
Ticino,4
Madrid Autonomous Community,4
Guangdong,3
New South Wales,2
Western Australia,2
Zürich,2
Fujian,2
Jiangsu,2
Zhejiang,2
Baden-Württemberg,2
Hesse,2
Telangāna,2
Friuli–Venezia Giulia,2
Liguria,2
Sardinia,2
Anhui,1
Shandong,1
Andalusia,1
Île-de-France,1
Nouvelle-Aquitaine,1
Trentino-South Tyrol,1
Umbria,1
Molise,1
Calabria,1
Tokyo,1
Bishkek,1
Taza-Al Hoceima-Taounate,1
South Holland,1
Coimbra,1
Kaliningrad,1
Iowa,1
