name,visitors
Tokyo,2012
Kanagawa,472
Osaka,413
Aichi,226
Chiba,180
Saitama,169
Fukuoka,113
Hyogo,106
Hokkaido,85
Tochigi,75
Sichuan,73
Kyoto,64
Guangdong,59
Shandong,57
Jiangsu,56
Shizuoka,52
Shanghai,47
Ibaraki,40
Ishikawa,38
Nagano,34
Hebei,33
Miyagi,30
Gunma,30
Fujian,28
Shiga,28
Hiroshima,28
Zhejiang,27
Okayama,27
Henan,25
Beijing,22
Shaanxi,22
Mie,22
Yunnan,21
Niigata,21
Kochi,21
Oita,20
Shanxi,19
Gifu,19
Nara,16
Kumamoto,15
Okinawa,15
Guangxi,14
Hunan,14
Yamagata,14
Ehime,14
Anhui,13
Iwate,13
Nagasaki,13
Fukui,12
Kagoshima,12
Gansu,11
Fukushima,11
Saga,11
Yamaguchi,10
Heilongjiang,9
Liaoning,9
Yamanashi,9
Wakayama,9
Chongqing,8
Shimane,8
Hubei,7
Aomori,7
Tottori,7
Kagawa,7
Miyazaki,7
Guizhou,6
Inner Mongolia,6
Tianjin,6
Jiangxi,5
Toyama,5
California,4
New South Wales,3
Hainan,3
England,3
Hanoi,3
British Columbia,2
Akita,2
Tokushima,2
Bangkok,2
Ho Chi Minh City,2
Dubai,1
Ontario,1
Jilin,1
Xinjiang,1
Antioquia,1
Berlin,1
Bavaria,1
Lower Saxony,1
Madrid Autonomous Community,1
Île-de-France,1
Wales,1
Greater Accra,1
Central Sulawesi,1
Tel Aviv,1
Delhi,1
Karnataka,1
Kerala,1
Punjab,1
West Bengal,1
Lombardy,1
Lazio,1
Seoul,1
Gyeonggi,1
Colima,1
Penang,1
Selangor,1
Bayelsa,1
Metro Manila,1
Calabarzon,1
Stavropol Krai,1
Stockholm,1
Taipei,1
Florida,1
Maryland,1
New York,1
Ohio,1
Lusaka,1
