name,unique_exits,total_exits,exit_rate
/pt-br/3/library/venv.html,128,130,
/pt-br/3/library/tkinter.html,91,97,
/pt-br/3/tutorial/index.html,86,89,
/pt-br/3.13/tutorial/index.html,75,74,
/pt-br/3.13/library/math.html,74,76,
/pt-br/3/,74,78,
/pt-br/3/tutorial/datastructures.html,72,75,
/pt-br/3/library/functions.html,71,73,
/pt-br/3/library/,67,67,
/pt-br/3/tutorial/,67,67,
/pt-br/3/library/stdtypes.html,59,62,
/pt-br/3/library/random.html,55,56,
/pt-br/3/tutorial/controlflow.html,55,55,
/pt-br/3.13/library/index.html,50,56,
/pt-br/3/tutorial/classes.html,49,50,
/pt-br/3/library/math.html,45,48,
/pt-br/dev/library/venv.html,45,45,
/pt-br/3.13/tutorial/datastructures.html,44,45,
/pt-br/3/search.html,43,45,
/pt-br/3/library/statistics.html,38,39,
/pt-br/3/library/string.html,38,38,
/pt-br/3.13/search.html,35,35,
/pt-br/3.13/,34,35,
/pt-br/3.13/library/functions.html,34,35,
/pt-br/3/tutorial/introduction.html,34,32,
/pt-br/3/tutorial/inputoutput.html,33,35,
/pt-br/3.13/library/random.html,31,32,
/pt-br/3.13/tutorial/controlflow.html,29,30,
/pt-br/3/tutorial/interpreter.html,29,29,
/3/,26,26,
/pt-br/3/library/datetime.html,26,26,
/pt-br/3.13/library/stdtypes.html,25,27,
/pt-br/3.13/tutorial/introduction.html,25,26,
/pt-br/3/faq/windows.html,25,25,
/pt-br/3.13/library/tkinter.html,23,24,
/pt-br/3/library/index.html,22,22,
/pt-br/3/library/os.html,22,22,
/pt-br/3/tutorial/errors.html,22,23,
/pt-br/3/tutorial/modules.html,21,23,
/pt-br/3.13/tutorial/interpreter.html,20,20,
/pt-br/3.13/library/datetime.html,16,16,
/pt-br/3.13/tutorial/classes.html,16,16,
/pt-br/3/howto/logging.html,16,17,
/pt-br/dev/reference/import.html,16,16,
/pt-br/3.13/library/turtle.html,15,15,
/pt-br/dev/howto/sorting.html,15,15,
/pt-br/3.13/tutorial/appetite.html,14,14,
/pt-br/3/library/__main__.html,14,14,
/3/library/venv.html,13,13,
/pt-br/3.13/faq/windows.html,13,13,
/pt-br/3.13/library/csv.html,13,12,
/pt-br/3.13/tutorial/errors.html,13,16,
/pt-br/3/howto/sockets.html,13,13,
/pt-br/3/tutorial/appetite.html,13,13,
/pt-br/3/using/android.html,13,12,
/pt-br/3.13/library/venv.html,12,12,
/pt-br/3/library/re.html,12,12,
/pt-br/3/library/unittest.html,12,12,
/pt-br/dev/tutorial/datastructures.html,12,12,
/pt-br/3.13/using/windows.html,11,11,
/pt-br/3/glossary.html,11,11,
/pt-br/3/howto/sorting.html,11,11,
/pt-br/3/library/sys.html,11,11,
/pt-br/3/whatsnew/3.13.html,11,13,
/3/library/stdtypes.html,10,9,
/pt-br/3.13/library/time.html,10,10,
/pt-br/3/library/json.html,10,10,
/pt-br/3/library/tk.html,10,10,
/pt-br/3/reference/index.html,10,10,
/3/library/datetime.html,9,9,
/3/search.html,9,9,
/pt-br/3/tutorial/venv.html,9,9,
/pt-br/3/using/cmdline.html,9,9,
/pt-br/dev/howto/regex.html,9,9,
/pt-br/3.13/c-api/set.html,8,8,
/pt-br/3.13/tutorial/,8,8,
/pt-br/3/installing/index.html,8,8,
/pt-br/3/reference/lexical_analysis.html,8,8,
/pt-br/3/using/windows.html,8,8,
/pt-br/dev/faq/general.html,8,7,
/3/library/index.html,7,7,
/pt-br/3.13/contents.html,7,7,
/pt-br/3.13/library/idle.html,7,7,
/pt-br/3.13/library/os.path.html,7,7,
/pt-br/3/library/pathlib.html,7,8,
/pt-br/3/reference/datamodel.html,7,7,
/3/library/functions.html,6,6,
/3/library/math.html,6,6,
/pt-br/3.13/c-api/index.html,6,7,
/pt-br/3.13/index.html,6,6,
/pt-br/3.13/library/decimal.html,6,6,
/pt-br/3.13/library/exceptions.html,6,6,
/pt-br/3.13/tutorial/inputoutput.html,6,7,
/pt-br/3.13/whatsnew/3.13.html,6,7,
/pt-br/3/contents.html,6,7,
/pt-br/3/download.html,6,6,
/pt-br/3/library/exceptions.html,6,6,
/pt-br/3/library/intro.html,6,5,
/pt-br/3/library/shutil.html,6,6,
/pt-br/3/library/xmlrpc.client.html,6,6,
