property,value,visitors,events,percentage
url,(none),551,785,99.8
url,https://www.python.org/,3,3,0.5
url,https://github.com/python/cpython/tree/main/Lib/tkinter/__init__.py,2,2,0.4
url,https://zh.wikipedia.org/zh-tw/%E6%96%90%E6%B3%A2%E9%82%A3%E5%A5%91%E6%95%B0%E5%88%97,2,3,0.4
url,https://allendowney.com/research/rand/downey07randfloat.pdf,1,1,0.2
url,https://aosabook.org/en/500L/a-web-crawler-with-asyncio-coroutines.html,1,1,0.2
url,https://devguide.python.org/documentation/start-documenting/#building-the-documentation,1,1,0.2
url,https://docs.python.org/zh-tw/3.14/archives/python-3.14-docs-html.zip,1,1,0.2
url,https://docs.python.org/zh-tw/3.14/archives/python-3.14-docs-text.zip,1,1,0.2
url,https://docs.python.org/zh-tw/3.14/archives/python-3.14-docs.epub,1,1,0.2
url,https://github.com/anordin95/a-conceptual-overview-of-asyncio/tree/main,1,2,0.2
url,https://github.com/python/cpython/tree/3.14/Lib/copy.py,1,1,0.2
url,https://github.com/python/cpython/tree/3.14/Lib/idlelib/,1,2,0.2
url,https://github.com/python/cpython/tree/3.14/Lib/urllib/request.py,1,1,0.2
url,https://packaging.python.org/guides/installing-using-pip-and-virtual-environments/#create-and-use-virtual-environments,1,1,0.2
url,https://pypi.org/,1,1,0.2
url,https://wiki.python.org/moin/BeginnersGuide,1,1,0.2
url,https://wiki.python.org/moin/PythonBooks,1,1,0.2
url,https://www.python.org/downloads/,1,1,0.2
url,https://www.tcl.tk/man/tcl8.6/TkCmd/contents.htm,1,1,0.2
url,https://www.youtube.com/watch?v=Xbl7XjFYsN4&list=PLhNSoGM2ik6SIkVGXWBwerucXjgP1rHmB,1,1,0.2
