name,visitors,bounce_rate,visit_duration
Direct / None,5290,77,134
cn.bing.com,925,72,88
baidu.com/link,309,73,58
google.com,296,75,155
bing.com,144,68,136
python.org,126,67,344
m.baidu.com,80,78,46
google.com.hk,55,79,82
doubao.com,47,42,76
codecademy.cn,42,67,35
baidu.com,34,66,153
link.zhihu.com,19,57,21
chatgpt.com,17,55,611
wapbaike.baidu.com,13,100,0
soe.tju.edu.cn,9,89,0
codecademy.cn/tutorial/python,7,43,501
link.csdn.net,7,78,1
runoob.com,7,14,83
so.com/link,7,100,0
translations.python.org,7,57,127
chat.baidu.com,6,60,488
course-wps.zju.edu.cn,5,100,0
gemini.google.com,5,40,111
wiki.python.org,5,0,235
ntp.msn.cn,4,33,1297
liaoxuefeng.com,3,0,43
127.0.0.1,2,50,177
android-app://com.google.android.googlequicksearchbox,2,100,0
courses.zju.edu.cn,2,50,7
github.com,2,100,0
github.com/python/pymanager,2,0,18
hansongda.cn,2,100,0
m.baidu.com/from=1001703a/bd_page_type=1/ssid=0/uid=0/pu=cuid%40gu2Nf0advu0_a2ikY8HtagOoH8gcOH8aYuvPaguOBu8L9vMnJNSNMyPwA%2Csz%401320_480%2Ccua%40_avLC_an2f4qywoUfpw1z4aQ2NY-h2N0jN2w8AqqC%2Ccut%40piQtP_ujL8gjNvim4t1HR8qEC%2Cctv%402%2Ccen%40cuid_cua_cut%2Cta%40iphone_2_13.0_18_40.10%2Cusm%400/baiduid=DB6F3A957BDABE8B5E07144CB7EDDD44/w=0_10_/t=iphone/l=1/tc,2,100,0
m.sogou.com/web/searchList.jsp,2,0,265
mcs.utm.utoronto.ca,2,0,6
nativeapp.toutiao.com,2,0,55
quark.cn/s/2XVWOZ23IlW3lEBYKU,2,50,798
quark.cn/s/6914ZRd923ePixhmOx,2,0,176
wiznote-desktop,2,100,0
222.25.3.166,1,0,1715
8kmm.com,1,100,0
acwing.com,1,100,0
acwing.com/file_system/file/content/whole/index/content/3091867,1,0,7
aistudio.baidu.com/community/app/183332/webUI,1,0,475
alidocs.dingtalk.com,1,100,0
app-8o8crqt8v3lt-vitesandbox.miaoda.cn,1,100,0
blog.csdn.net/qq_48379015/article/details/153405132,1,100,0
blog.jetbrains.com,1,0,513
c.biancheng.net/view/4208.html,1,100,0
class.cqljxdfz.com,1,100,0
claude.ai,1,100,0
codedex.io,1,0,725
codehelp.jeffjade.com,1,100,0
copilot.microsoft.com,1,0,498
courses.gdut.edu.cn,1,100,0
doubao.com/chat/35599343893096450,1,100,0
duckduckgo.com,1,100,0
edu.py2fun.com,1,100,0
geek-blogs.com,1,0,308
github.com/huggingface/transformers/blob/main/i18n/README_zh-hans.md,1,0,265
go.itab.link,1,100,0
google.com/search,1,0,1678
jianshu.com,1,0,68
kagi.com,1,100,0
kdocs.cn,1,100,0
m.baidu.com/from=0/bd_page_type=1/ssid=0/uid=0/pu=usm%400%2Csz%401320_1001%2Cta%40iphone_2_14.0_24_143.0/baiduid=A3BBDCA5A70A338B559A49698A6BBDA7/w=0_10_/t=iphone/l=1/tc,1,0,0
m.baidu.com/from=1000969a/bd_page_type=1/ssid=0/uid=0/pu=usm%401%2Csz%401320_1001%2Cta%40iphone_2_10.0_29_112.0/baiduid=40D87439A420D306DB9B0421F2F37F78/w=0_10_/t=iphone/l=1/tc,1,100,0
m.baidu.com/from=1001192y/bd_page_type=1/ssid=0/uid=0/pu=sz%401320_1001%2Cta%40iphone_2_10.0_28_16.0%2Cusm%401/baiduid=A97EDE91344BBFEF52DC0CB52B56B151/w=0_10_/t=iphone/l=1/tc,1,100,0
m.baidu.com/from=1001192y/bd_page_type=1/ssid=0/uid=0/pu=sz%401320_1001%2Cta%40iphone_2_10.0_28_16.0%2Cusm%401/baiduid=F55FEEA1270976B7A09EAE3064E21BDE/w=0_10_/t=iphone/l=1/tc,1,100,0
m.baidu.com/from=1001192y/bd_page_type=1/ssid=0/uid=0/pu=sz%401320_1001%2Cta%40iphone_2_12.0_28_16.0%2Cusm%401/baiduid=65E7D959D05FCB02CED1248AB35CB1D5/w=0_10_/t=iphone/l=1/tc,1,0,0
m.baidu.com/from=1001192y/bd_page_type=1/ssid=0/uid=0/pu=sz%401320_1001%2Cta%40iphone_2_12.0_28_16.0%2Cusm%401/baiduid=D742BE7EE5994E89AF9CBE7A2EED6331/w=0_10_/t=iphone/l=1/tc,1,0,0
m.baidu.com/from=1001192y/bd_page_type=1/ssid=0/uid=0/pu=usm%400%2Csz%401320_1001%2Cta%40iphone_2_12.0_28_16.0/baiduid=4014D1B79E0CFC1998D45BDE8E8A642D/w=0_10_/t=iphone/l=1/tc,1,0,17
m.baidu.com/from=1001192y/bd_page_type=1/ssid=0/uid=0/pu=usm%400%2Csz%401320_1001%2Cta%40iphone_2_12.0_28_16.0/baiduid=C9F6E429449A01CC7A3DC4F8D50CD13D/w=0_10_/t=iphone/l=1/tc,1,100,0
m.baidu.com/from=1001192y/bd_page_type=1/ssid=0/uid=0/pu=usm%401%2Csz%401320_1001%2Cta%40iphone_2_10.0_28_12.1/baiduid=B0735434372C3934A8EB69E10A477E16/w=0_10_/t=iphone/l=1/tc,1,0,2550
m.baidu.com/from=1001192y/bd_page_type=1/ssid=0/uid=0/pu=usm%401%2Csz%401320_1001%2Cta%40iphone_2_10.0_28_16.0/baiduid=7FB2D767880BD252ECAF0CEC83AAA403/w=0_10_/t=iphone/l=1/tc,1,100,0
m.baidu.com/from=1001192y/bd_page_type=1/ssid=0/uid=0/pu=usm%401%2Csz%401320_220%2Cta%40iphone___24_114.0/baiduid=EE521763A335DD2818591858A6288BD7/w=0_10_/t=iphone/l=1/tc,1,0,104
m.baidu.com/from=1001192y/bd_page_type=1/ssid=0/uid=0/pu=usm%402%2Csz%401320_1001%2Cta%40iphone_2_10.0_28_16.0/baiduid=A000FF81D326F0B3AD38EAC07F2D35B5/w=0_10_/t=iphone/l=1/tc,1,0,1
m.baidu.com/from=1001192y/bd_page_type=1/ssid=0/uid=0/pu=usm%402%2Csz%401320_1001%2Cta%40iphone_2_12.0_28_16.0/baiduid=CBFCD5B7DF28D54F8212F588810B47CD/w=0_10_/t=iphone/l=1/tc,1,100,0
m.baidu.com/from=1001192y/bd_page_type=1/ssid=0/uid=0/pu=usm%403%2Csz%401320_1001%2Cta%40iphone_2_12.0_28_15.0/baiduid=DAECC465B07D431C0B0B911F901F6154/w=0_10_/t=iphone/l=1/tc,1,100,0
m.baidu.com/from=1001703a/bd_page_type=1/ssid=0/uid=0/pu=sz%401320_1001%2Cta%40iphone_2_15.0_18_40.10%2Cusm%400/baiduid=72B6958402AE124898EE7BB9E910DCB5/w=30_10_/t=iphone/l=1/tc,1,0,119
m.baidu.com/from=1001703a/bd_page_type=1/ssid=0/uid=0/pu=sz%401320_1001%2Cta%40iphone_2_15.0_18_40.9%2Cusm%401/baiduid=DF3B0764E15076F3F65300738C3EA482/w=0_10_/t=iphone/l=1/tc,1,0,42
m.baidu.com/from=1001703a/bd_page_type=1/ssid=0/uid=0/pu=usm%401%2Csz%401320_1001%2Cta%40iphone_2_12.0_18_40.10/baiduid=CB393D01618533325B6E7C101035D821/w=0_10_/t=iphone/l=1/tc,1,0,0
m.baidu.com/from=1001703a/bd_page_type=1/ssid=0/uid=0/pu=usm%401%2Csz%401320_1001%2Cta%40iphone_2_14.0_18_40.10/baiduid=B7D08347BF67FDAF45D81522D7B3684A/w=0_10_/t=iphone/l=1/tc,1,100,0
m.baidu.com/from=1001703a/bd_page_type=1/ssid=0/uid=0/pu=usm%401%2Csz%401320_1001%2Cta%40iphone_2_16.0_18_40.10/baiduid=08A8D2AD73ED48A0E3113D41E3568041/w=0_10_/t=iphone/l=1/tc,1,100,0
m.baidu.com/from=1001703a/bd_page_type=1/ssid=0/uid=0/pu=usm%401%2Csz%401320_1001%2Cta%40iphone_2_16.0_18_40.10/baiduid=C364287CC6BE6F071CADA1985C7C5173/w=0_10_/t=iphone/l=1/tc,1,100,0
m.baidu.com/from=1001703a/bd_page_type=1/ssid=0/uid=0/pu=usm%401%2Csz%401320_1001%2Cta%40iphone_2_16.0_18_40.10/baiduid=FC78F89B7B7EAC5F2CE6BB42D8536CD7/w=0_10_/t=iphone/l=1/tc,1,100,0
m.baidu.com/from=1001703a/bd_page_type=1/ssid=0/uid=0/pu=usm%402%2Csz%401320_1001%2Cta%40ins_2_16.0_18_40.10/baiduid=6C9CC9381C1173F3F5E66BF7917E84EE/w=0_10_/t=zbios/l=1/tc,1,100,0
m.baidu.com/from=1001703a/bd_page_type=1/ssid=0/uid=0/pu=usm%402%2Csz%401320_1001%2Cta%40iphone_2_13.0_18_40.10/baiduid=E63946FBC284D05EFD8E10786FA7648B/w=0_10_/t=iphone/l=1/tc,1,0,179
m.baidu.com/from=1001703a/bd_page_type=1/ssid=0/uid=0/pu=usm%402%2Csz%401320_1001%2Cta%40iphone_2_15.0_18_40.10/baiduid=0EA2B6AB7C2F2F2CC834AB4BD8AC9476/w=0_10_/t=iphone/l=1/tc,1,0,56
m.baidu.com/from=1001703y/bd_page_type=1/ssid=0/uid=0/pu=usm%400%2Csz%401320_1001%2Cta%40iphone_2_14.0_18_40.10/baiduid=62B03A78F19F9152D3CC2888B26E94B3/w=0_10_/t=iphone/l=1/tc,1,100,0
m.baidu.com/from=1012852q/bd_page_type=1/ssid=0/uid=0/pu=sz%401320_1004%2Cta%40iphone_2_16.0_11_20.10%2Cusm%401/baiduid=E243E945DBB7F88AF7F7313C17CA7224/w=0_10_/t=iphone/l=1/tc,1,0,41
m.baidu.com/from=1012852q/bd_page_type=1/ssid=0/uid=0/pu=usm%400%2Csz%401320_1004%2Cta%40iphone_2_14.0_11_18.3/baiduid=E8652A59B30DB189C8F9A4905722B841/w=0_10_/t=iphone/l=1/tc,1,0,51
m.baidu.com/from=1012852q/bd_page_type=1/ssid=0/uid=0/pu=usm%401%2Csz%401320_1004%2Cta%40iphone_2_15.0_11_20.2/baiduid=AFF9205B8CDE932CC72AEEFA86B4964F/w=0_10_/t=iphone/l=1/tc,1,100,0
m.baidu.com/from=1012852q/bd_page_type=1/ssid=0/uid=0/pu=usm%402%2Csz%401320_1004%2Cta%40iphone_2_15.0_11_20.9/baiduid=718D478F697908B37675C1FA91D89A76/w=0_10_/t=iphone/l=1/tc,1,100,0
m.baidu.com/from=1013966u/bd_page_type=1/ssid=0/uid=0/pu=sz%401320_1001%2Cta%40iphone_2_15.0_19_27.6%2Cusm%402/baiduid=E564AD18FAC8574A1DA130D928321177/w=0_10_/t=iphone/l=1/tc,1,100,0
m.baidu.com/from=1013966u/bd_page_type=1/ssid=0/uid=0/pu=sz%401320_1001%2Cta%40iphone_2_16.0_19_27.6%2Cusm%402/baiduid=62EAF27289DB2F16253040419792D871/w=0_10_/t=iphone/l=1/tc,1,100,0
m.baidu.com/from=1013966u/bd_page_type=1/ssid=0/uid=0/pu=usm%400%2Csz%401320_1001%2Cta%40iphone_2_11.0_19_27.6/baiduid=F1F180645362B088323086899FC2BF81/w=0_10_/t=iphone/l=1/tc,1,100,0
m.baidu.com/from=1013966u/bd_page_type=1/ssid=0/uid=0/pu=usm%400%2Csz%401320_1001%2Cta%40iphone_2_15.0_19_27.5/baiduid=F0071045BD6AA67D0F9318BD467BEB35/w=0_10_/t=iphone/l=1/tc,1,100,0
m.baidu.com/from=1013966u/bd_page_type=1/ssid=0/uid=0/pu=usm%400%2Csz%401320_1001%2Cta%40iphone_2_15.0_19_27.6/baiduid=0AAB3872486D9049AE1017A148807598/w=0_10_/t=iphone/l=1/tc,1,100,0
m.baidu.com/from=1013966u/bd_page_type=1/ssid=0/uid=0/pu=usm%401%2Csz%401320_1001%2Cta%40iphone_2_15.0_19_27.5/baiduid=6309AB6507E0ACC8B916BB32D223808F/w=0_10_/t=iphone/l=1/tc,1,100,0
m.baidu.com/from=1013966u/bd_page_type=1/ssid=0/uid=0/pu=usm%401%2Csz%401320_1001%2Cta%40iphone_2_15.0_19_27.6/baiduid=76C1757062E996C3072A502586524BBA/w=0_10_/t=iphone/l=1/tc,1,100,0
m.baidu.com/from=1013966u/bd_page_type=1/ssid=0/uid=0/pu=usm%401%2Csz%401320_1001%2Cta%40iphone_2_16.0_19_27.6/baiduid=BD7FE538B32DB3C118DCA4D40ED38E79/w=0_10_/t=iphone/l=1/tc,1,100,0
m.baidu.com/from=1013966u/bd_page_type=1/ssid=0/uid=0/pu=usm%401%2Csz%401320_1001%2Cta%40iphone_2_9.0_19_27.6/baiduid=F101590B080255E454F464DE2BAD756E/w=0_10_/t=iphone/l=1/tc,1,100,0
m.baidu.com/from=1014699i/bd_page_type=1/ssid=0/uid=0/pu=sz%401320_1001%2Cta%40iphone_2_10.0_24_138.0%2Cusm%400/baiduid=A03B319BDEA153160AFE09DD0B7111B9/w=0_20_/t=iphone/l=1/tc,1,100,0
m.baidu.com/from=1015011n/bd_page_type=1/ssid=0/uid=0/pu=usm%400%2Csz%401320_1001%2Cta%40iphone_2_15.0_24_126.0/baiduid=875F2BB7AFAF29E1E7B328D083E6D984/w=0_10_/t=iphone/l=1/tc,1,100,0
m.baidu.com/from=1015011n/bd_page_type=1/ssid=0/uid=0/pu=usm%402%2Csz%401320_220%2Cta%40iphone___24_116.0/baiduid=E5570912049202B4DB978C4D7D5EA528/w=0_10_/t=iphone/l=1/tc,1,100,0
m.baidu.com/from=1019311a/bd_page_type=1/ssid=0/uid=0/pu=usm%400%2Csz%401320_1001%2Cta%40iphone_2_14.0_19_27.6/baiduid=3F0ACEC052AFBF77CDB916FCC1CFDD42/w=0_10_/t=iphone/l=1/tc,1,100,0
m.baidu.com/from=1019311a/bd_page_type=1/ssid=0/uid=0/pu=usm%401%2Csz%401320_1001%2Cta%40iphone_2_14.0_19_27.6/baiduid=EBC07CE9C812353F70835CEE8AA081CB/w=0_10_/t=iphone/l=1/tc,1,100,0
m.baidu.com/from=1019311v/bd_page_type=1/ssid=0/uid=0/pu=sz%401320_1001%2Cta%40iphone_2_16.0_19_27.5%2Cusm%400/baiduid=3F2538AB6AC01C93BD39F57D0A08E2CB/w=0_10_/t=iphone/l=1/tc,1,0,35
m.baidu.com/from=1019311v/bd_page_type=1/ssid=0/uid=0/pu=usm%400%2Csz%401320_1001%2Cta%40iphone_2_14.0_19_27.6/baiduid=4FA56C3D720E4CF36E6307A8DF163CD4/w=0_10_/t=iphone/l=1/tc,1,100,0
m.baidu.com/from=1019311v/bd_page_type=1/ssid=0/uid=0/pu=usm%401%2Csz%401320_1001%2Cta%40iphone_2_15.0_19_27.5/baiduid=67DA92399DDA9FFBD5F35355516CC774/w=0_10_/t=iphone/l=1/tc,1,100,0
m.baidu.com/from=1019311v/bd_page_type=1/ssid=0/uid=0/pu=usm%401%2Csz%401320_1001%2Cta%40iphone_2_16.0_19_27.6/baiduid=52EEDBDB10F2D47749860631A50E4710/w=0_10_/t=iphone/l=1/tc,1,100,0
m.baidu.com/from=1019311v/bd_page_type=1/ssid=0/uid=0/pu=usm%402%2Csz%401320_1001%2Cta%40iphone_2_15.0_19_26.9/baiduid=ECC6163A8949370D50A626DBF40C3327/w=0_10_/t=iphone/l=1/tc,1,100,0
m.baidu.com/from=1019311v/bd_page_type=1/ssid=0/uid=0/pu=usm%402%2Csz%401320_1001%2Cta%40iphone_2_16.0_19_27.3/baiduid=6A8F37FBD3E7BEA0522726E8990D43E7/w=0_10_/t=iphone/l=1/tc,1,100,0
m.baidu.com/from=1020681k/bd_page_type=1/ssid=0/uid=0/pu=usm%400%2Csz%401320_1001%2Cta%40iphone_2_16.0_18_40.10/baiduid=4FED1CF2987C8AE8BC419358C2D8CE5F/w=0_10_/t=iphone/l=1/tc,1,0,126
m.baidu.com/from=1020761f/bd_page_type=1/ssid=0/uid=0/pu=usm%401%2Csz%401320_1001%2Cta%40iphone_2_10.0_19_10.1/baiduid=404143E14012E1C19028A8DB3C0319D9/w=0_10_/t=iphone/l=1/tc,1,100,0
m.baidu.com/from=1020761f/bd_page_type=1/ssid=0/uid=0/pu=usm%401%2Csz%401320_1001%2Cta%40iphone_2_13.0_19_27.6/baiduid=79B87D4BF32D1478A586140E6F3CA0BF/w=0_10_/t=iphone/l=1/tc,1,0,118
m.baidu.com/from=1020786m/bd_page_type=1/ssid=0/uid=0/pu=usm%401%2Csz%401320_1001%2Cta%40ins_2_15.0_19_27.6/baiduid=E74D5C4B31A10685A4AE4558457B1671/w=0_10_/t=zbios/l=1/tc,1,100,0
m.baidu.com/from=1024043d/bd_page_type=1/ssid=0/uid=0/pu=usm%401%2Csz%401320_1001%2Cta%40iphone_2_12.0_28_16.0/baiduid=0B66EE4AACFF737D8C699312ACD7C28F/w=0_10_/t=iphone/l=1/tc,1,100,0
m.baidu.com/from=1027624n/bd_page_type=1/ssid=0/uid=0/pu=cuid%40_OSqu0Po28_5ivuDg8Set0aQ2alsaS88juS8i_85vi8-93P_gf2u83m6A%2Ccua%40_a-qiyuu2ig4NE6pI5me6NN02I_Uhvh5SGNqA%2Ccut%40ru2SigfP28lkiLiHgNvwiyNSmoi5pQqAC%2Cosname%40baiduboxapp%2Cctv%402%2Ccfrom%40757b%2Ccen%40cuid_cua_cut%2Cosbranch%40a2%2Csz%401320_1004%2Cta%40iphone_2_13.0_11_20.10%2Cusm%402/baiduid=8DE8488E628B74A96AD9C2220C80E5DD/w=0_10_/t=iphone/l=1/tc,1,100,0
m.baidu.com/from=1027624n/bd_page_type=1/ssid=0/uid=0/pu=sz%401320_480%2Ccuid%400uHfuga9vulguS8pliH8aguxSt0OuB8fluvSi_8h2a8G9v8ny82rCSFoA%2Ccua%40_a-qiyau2igBNEqlI5me6NN02I_Uhvh5SGNqA%2Ccut%405teqf4a_vC_2uDCWk4mpq5qOC%2Cosname%40baiduboxapp%2Cctv%402%2Ccfrom%40757b%2Ccen%40cuid_cua_cut%2Cosbranch%40a2%2Ccsrc%40app_mainbox_txt%2Cta%40iphone_2_14.0_11_20.10%2Cusm%403/baiduid=94DED7CEE5C401E80FC19EDADD63A9FB/w=0_10_/t=iphone/l=1/tc,1,0,110
m.baidu.com/from=1027624n/bd_page_type=1/ssid=0/uid=0/pu=usm%404%2Csz%401320_1004%2Cta%40iphone_2_16.0_11_20.9/baiduid=E6730EF9670E8124F3C43766ADA35802/w=0_10_/t=iphone/l=1/tc,1,100,0
m.baidu.com/from=1027661z/bd_page_type=1/ssid=0/uid=0/pu=usm%400%2Csz%401320_1001%2Cta%40iphone_2_15.0_24_131.0/baiduid=461BEF2A4447A58E36286E72CB53A16D/w=0_10_/t=iphone/l=1/tc,1,100,0
m.baidu.com/from=1040455c/bd_page_type=1/ssid=0/uid=0/pu=sz%401320_480%2Ccuid%40_av5agigSflquSfqlPSf8_8wHugva-8OluHo8guX2i8U9WhCluHy8MFwA%2Ccua%40_a2HiyuC2ig-NE6lI5me6NN0-I_Uh2N4gI2c8Aq6C%2Cosname%40baiduboxapp%2Cctv%402%2Ccfrom%401030738b%2Ccen%40cuid_cua%2Cc3_aid%40A00-4T6QHOZEIH56OLLYUERYAD3WDM6MMFL5-AYURBE2B%2Ccsrc%40bdbox_tserch_txt%2Cta%40iphone___31_9.7%2Cusm%401/baiduid=ED0C1B72135770AD033B12C9FE61DE4D/w=0_10_/t=iphone/l=1/tc,1,100,0
m.baidu.com/from=1040455c/bd_page_type=1/ssid=0/uid=0/pu=sz%401320_480%2Ccuid%40_av5agigSflquSfqlPSf8_8wHugva-8OluHo8guX2i8U9WhCluHy8MFwA%2Ccua%40_a2HiyuC2ig-NE6lI5me6NN0-I_Uh2N4gI2c8Aq6C%2Cosname%40baiduboxapp%2Cctv%402%2Ccfrom%401030738b%2Ccen%40cuid_cua%2Cc3_aid%40A00-4T6QHOZEIH56OLLYUERYAD3WDM6MMFL5-AYURBE2B%2Ccsrc%40osts%2Cta%40iphone___31_9.7%2Cusm%400/baiduid=ED0C1B72135770AD033B12C9FE61DE4D/w=0_10_/t=iphone/l=1/tc,1,0,311
m.baidu.com/from=1040455c/bd_page_type=1/ssid=0/uid=0/pu=sz%401320_480%2Ccuid%40gP2pilO3Su0ZuHuI_uv0fji1Ha0WaH8XjOSgujiq-88DkQ8nla3tiVzmA%2Ccua%40_a2Xi4aq2ij4NE6lI5me6NN0-I_Uh2N4gN2b8Aq6C%2Cosname%40baiduboxapp%2Cctv%402%2Ccfrom%401030738b%2Ccen%40cuid_cua%2Cc3_aid%40A00-V7CX2LN37ESE3QYEGRRTOCIVDC5RGBNT-NJLBCSJ4%2Ccsrc%40bdbox_tserch_txt%2Cta%40iphone___31_9.7%2Cusm%400/baiduid=B3951E998403DF11C102F4142DA66CE4/w=0_10_/t=iphone/l=1/tc,1,0,114
m.baidu.com/from=1040455c/bd_page_type=1/ssid=0/uid=0/pu=sz%401320_480%2Ccuid%40gP2pilO3Su0ZuHuI_uv0fji1Ha0WaH8XjOSgujiq-88DkQ8nla3tiVzmA%2Ccua%40_a2Xi4aq2ij4NE6lI5me6NN0-I_Uh2N4gN2b8Aq6C%2Cosname%40baiduboxapp%2Cctv%402%2Ccfrom%401030738b%2Ccen%40cuid_cua%2Cc3_aid%40A00-V7CX2LN37ESE3QYEGRRTOCIVDC5RGBNT-NJLBCSJ4%2Ccsrc%40bdbox_tserch_txt%2Cta%40iphone___31_9.7%2Cusm%401/baiduid=B3951E998403DF11C102F4142DA66CE4/w=0_10_/t=iphone/l=1/tc,1,0,219
m.baidu.com/from=1040455c/bd_page_type=1/ssid=0/uid=0/pu=sz%401320_480%2Ccuid%40gaSTu_8Bvu0KPHtY_uHja_uOBi_pivux_iS88_aCSi8M93P2_av-8L0WA%2Ccua%40ga2084aL2ig4NE6lI5me6NI0-I_Uh2NlgN2b8AqHC%2Ccut%40ptSnIJuSBC_2uLiEgIQDPt0atqqSB%2Cosname%40baiduboxapp%2Cctv%402%2Ccfrom%401030738b%2Ccen%40cuid_cua_cut%2Cc3_aid%40A00-5F6QJMMA6563APXX64IDLB2OOX2SXZKF-LJFNBZBQ%2Ccsrc%40app_mainbox_txt%2Cta%40iphone___31_8.1%2Cusm%400/baiduid=FC5A23EC037B62CB4545597861B3C2D9/w=0_10_/t=iphone/l=1/tc,1,0,18
m.baidu.com/from=1040455h/bd_page_type=1/ssid=0/uid=0/pu=sz%401320_480%2Ccuid%40lavA80urSaj9a28VgOvlfgua28jMuSi0luSgalimHi8L9Whxp91NhMJaA%2Ccua%40_a2SiyaO2ig4NE6lI5me6NN0-I_Uh2I4gN2w8Aq6C%2Cosname%40baiduboxapp%2Cctv%402%2Ccfrom%401030738b%2Ccen%40cuid_cua%2Cc3_aid%40A00-5KDBXWH5AGWSEX77T2F65AARODAYGB5W-K2YB5E34%2Ccsrc%40home_box_txt%2Cta%40iphone___31_9.6%2Cusm%401/baiduid=2DF59E735EB1E5FD5DF4ABA971DB066D/w=0_10_/t=iphone/l=1/tc,1,100,0
m.baidu.com/from=1057810a/bd_page_type=1/ssid=0/uid=0/pu=sz%401320_1001%2Cta%40iphone_2_13.0_24_116.0%2Cusm%401/baiduid=19E92121CF3DD14CB86E543CCF538850/w=0_10_/t=iphone/l=1/tc,1,100,0
m.baidu.com/from=1057810a/bd_page_type=1/ssid=0/uid=0/pu=sz%401320_1001%2Cta%40iphone_2_14.0_24_116.0%2Cusm%401/baiduid=B9C449E8282C6433AB4D057A420724EB/w=0_10_/t=iphone/l=1/tc,1,100,0
m.baidu.com/from=1057810a/bd_page_type=1/ssid=0/uid=0/pu=usm%401%2Csz%401320_1001%2Cta%40iphone_2_13.0_24_116.0/baiduid=4F6F6099A3D6976B8AE6214852715C18/w=0_10_/t=iphone/l=1/tc,1,100,0
m.baidu.com/from=1057810a/bd_page_type=1/ssid=0/uid=0/pu=usm%401%2Csz%401320_1001%2Cta%40iphone_2_15.0_24_116.0/baiduid=CD6D84C1458DAFCA2A7C5D8E9E6C3880/w=0_10_/t=iphone/l=1/tc,1,100,0
m.baidu.com/from=1057810a/bd_page_type=1/ssid=0/uid=0/pu=usm%402%2Csz%401320_220%2Cta%40iphone___24_116.0/baiduid=88D87E639A6477431C48013C22C3F700/w=0_10_/t=iphone/l=1/tc,1,100,0
m.baidu.com/from=1086k/bd_page_type=1/ssid=0/uid=0/pu=usm%401%2Csz%401320_1002%2Cta%40iphone_2_12.0_2_16.0/baiduid=30D9E3F3C134BA6C49648B526CB09A6D/w=0_10_/t=iphone/l=1/tc,1,100,0
m.baidu.com/from=844b/bd_page_type=1/ssid=0/uid=0/pu=usm%400%2Csz%401320_1004%2Cta%40iphone_2_10.0_33_131.0/baiduid=FED1DD518D570215D76667F62BE2FCF1/w=0_10_/t=iphone/l=1/tc,1,100,0
m.so.com,1,100,0
manus.im,1,0,17
mianshima.com,1,100,0
mooc1.chaoxing.com/course/228065894.html,1,100,0
nowcoder.com,1,100,0
numpy.net,1,0,6
oi-wiki.org,1,100,0
open-verify.cc,1,0,0
py.fr.to,1,100,0
py2exe.org,1,0,53
python.org/about/apps,1,0,42
python.org/download/alternatives,1,0,883
python.org/downloads,1,0,322
python.org/downloads/release/python-3142,1,0,150
python.org/downloads/release/python-370,1,0,0
python.org/jobs,1,0,1380
python.org/search,1,0,43
python.uihtm.com,1,0,1072
pythonck.com,1,0,57
quark.cn/s/Am503y722HM3kqcfdF,1,0,1620
quark.cn/s/DGo23levLPBxivLLpf,1,100,0
quark.cn/s/Es22UBM6zzhelsxKby,1,0,135
quark.cn/s/EvlLF522Kp9cNoR3oB,1,100,0
quark.cn/s/JojFcDH22zckZMZ3oo,1,100,0
quark.cn/s/K22I37fbJ1U8cNAM0F,1,100,0
quickref.cn,1,100,0
qvkwuqmn93g.feishu.cn,1,100,0
rcnx6qvc5trj.feishu.cn,1,0,8
runoob.com/python3/python3-resources.html,1,100,0
s172-29-16-254p8888.lab-aws-production.deeplearning.ai,1,0,96
sbrdh.com/go,1,100,0
showmeai.tech,1,100,0
so.m.sm.cn/s,1,0,0
sou.com/search/375f94bb04d24e8a8a845f5d90e3290c,1,0,399
space.coze.cn,1,0,27
sphinx-doc.org/en/master,1,0,1577
sswfive.github.io,1,0,22
tieba.baidu.com,1,0,142
time.geekbang.org/course/detail/100310001-600796,1,0,118
w.msdn.vip,1,100,0
web.shanbay.com,1,100,0
wpfx.link,1,0,27
www4.bing.com,1,100,0
yaoweibin.cn,1,0,152
yuanbao.tencent.com,1,0,4100
yuque.antfin.com,1,100,0
yuque.com,1,100,0
