name,version,visitors
Chrome,142.0,973
Microsoft Edge,142.0,225
Opera,124.0,113
Firefox,145.0,70
Chrome,126.0,33
Chrome,141.0,24
Chrome,138.0,17
Safari,18.6,16
Chrome,139.0,14
Safari,26.1,14
Mobile App,(not set),11
Firefox,140.0,11
Firefox,144.0,10
Chrome,111.0,8
Chrome,140.0,8
Microsoft Edge,141.0,8
Safari,16.3,8
Chrome,143.0,7
Opera,123.0,5
Chrome,132.0,5
Chrome,136.0,5
Avast Secure Browser,142.0,5
Microsoft Edge,143.0,5
Sogou Explorer,2,5
Safari,26.2,4
Chrome,109.0,3
Chrome,137.0,3
Safari,15.6,3
Samsung Browser,29.0,3
Firefox,5.0,3
Chrome,69.0,3
Brave,(not set),2
Chrome,106.0,2
Chrome,122.0,2
Chrome,128.0,2
Chrome,131.0,2
Chrome,133.0,2
Chrome,134.0,2
Firefox,136.0,2
Firefox,143.0,2
Chrome,144.0,2
Safari,17.0,2
Safari,17.14,2
Safari,26.0,2
Microsoft Edge,89.0,2
Chrome,108.0,1
Chrome,110.0,1
Chrome,116.0,1
Chrome,121.0,1
Opera,122.0,1
Chrome,127.0,1
Microsoft Edge,139.0,1
MIUI Browser,14.46,1
Microsoft Edge,140.0,1
AVG Secure Browser,142.0,1
Firefox,146.0,1
Safari,17.1,1
Safari,17.4,1
Safari,17.6,1
Safari,18.1,1
Safari,18.5,1
Safari,18.7,1
vivo Browser,27.0,1
Chrome,83.0,1
Microsoft Edge,85.0,1
Opera,89.0,1
Chrome,91.0,1
Mobile App,97.0,1
Chrome,99.0,1
