name,version,visitors
Chrome,142.0,603
Microsoft Edge,142.0,134
Chrome,141.0,81
Opera,122.0,76
Firefox,144.0,65
Chrome,126.0,37
Opera,123.0,34
Mobile App,(not set),18
Safari,18.6,18
Safari,26.0,17
Microsoft Edge,141.0,15
Chrome,125.0,10
Chrome,140.0,9
Samsung Browser,29.0,8
Chrome,135.0,6
Chrome,144.0,5
Chrome,138.0,4
Chrome,139.0,4
Safari,26.1,4
Opera,92.0,4
Chrome,136.0,3
Firefox,140.0,3
Safari,18.3,3
Yandex Browser,25.10,3
Chrome,106.0,2
Firefox,130.0,2
Chrome,133.0,2
Firefox,136.0,2
Microsoft Edge,140.0,2
Firefox,141.0,2
Norton Private Browser,141.0,2
Firefox,144.2,2
Firefox,145.0,2
Samsung Browser,29.1,2
Mobile App,97.0,2
(not set),(not set),1
Chrome,108.0,1
Chrome,109.0,1
Mobile App,114.0,1
Firefox,115.0,1
Opera,120.0,1
Chrome,122.0,1
Firefox,127.0,1
Mobile App,131.0,1
Chrome,131.0,1
Firefox,133.0,1
Chrome,134.0,1
Microsoft Edge,138.0,1
Avast Secure Browser,141.0,1
AVG Secure Browser,141.0,1
Microsoft Edge,143.0,1
Firefox,143.0,1
Safari,16.1,1
UC Browser,16.4,1
Safari,17.1,1
Safari,17.2,1
Safari,17.4,1
Safari,18.1,1
Safari,18.7,1
Samsung Browser,26.0,1
vivo Browser,26.7,1
vivo Browser,26.8,1
Mobile App,81.0,1
Opera,86.0,1
Chrome,89.0,1
Chrome,96.0,1
Chrome,97.0,1
