property,value,visitors,events,percentage
url,(none),5301,10345,99.9
url,https://www.python.org/,49,50,0.9
url,https://github.com/python/cpython/tree/3.14/Lib/idlelib/,3,3,0.1
url,https://json.org/,3,3,0.1
url,https://peps.python.org/pep-0008/,3,4,0.1
url,https://pypi.org/,3,3,0.1
url,https://tkdocs.com/,3,3,0.1
url,https://docs.python.org/ja/3.14/archives/python-3.14-docs.epub,2,2,0.0
url,https://github.com/python/cpython/tree/3.13/Lib/datetime.py,2,2,0.0
url,https://peps.python.org/,2,2,0.0
url,https://requests.readthedocs.io/en/master/,2,2,0.0
url,https://tktable.sourceforge.net/tile/tile-tcl2004.pdf,2,2,0.0
url,https://www.python.org/downloads/,2,2,0.0
url,https://www.sqlite.org/,2,2,0.0
url,https://www.tcl.tk/,2,2,0.0
url,https://www.tkdocs.com/shipman/,2,3,0.0
url,https://apps.microsoft.com/detail/9NQ7512CXL7T,1,1,0.0
url,https://briefcase.readthedocs.io/,1,1,0.0
url,https://buildozer.readthedocs.io/,1,1,0.0
url,https://csrc.nist.gov/pubs/fips/180-4/upd1/final,1,1,0.0
url,https://csrc.nist.gov/pubs/fips/202/final,1,1,0.0
url,https://datatracker.ietf.org/doc/html/rfc7159.html,1,1,0.0
url,https://dateutil.readthedocs.io/en/stable/,1,1,0.0
url,https://devguide.python.org/documentation/start-documenting/#building-the-documentation,1,1,0.0
url,https://devguide.python.org/documentation/translating/,1,1,0.0
url,https://devguide.python.org/tracker/,1,1,0.0
url,https://docs.python.org/ja/3.13/archives/python-3.13-docs-pdf-a4.zip,1,1,0.0
url,https://docs.python.org/ja/3.14/archives/python-3.14-docs-text.zip,1,1,0.0
url,https://docs.python.org/ja/3/archives/python-3.14-docs-text.zip,1,1,0.0
url,https://en.wikipedia.org/wiki/Memoization,1,1,0.0
url,https://en.wikipedia.org/wiki/Thread_(computing),1,1,0.0
url,https://github.com/python/cpython/blob/main/Doc/library/asyncio-sync.rst?plain=1,1,1,0.0
url,https://github.com/python/cpython/blob/main/Doc/tutorial/index.rst,1,1,0.0
url,https://github.com/python/cpython/tree/3.13/Lib/glob.py,1,1,0.0
url,https://github.com/python/cpython/tree/3.13/Lib/secrets.py,1,1,0.0
url,https://github.com/python/cpython/tree/3.13/Lib/shlex.py,1,1,0.0
url,https://github.com/python/cpython/tree/3.13/Lib/shutil.py,1,1,0.0
url,https://github.com/python/cpython/tree/3.13/Lib/subprocess.py,1,1,0.0
url,https://github.com/python/cpython/tree/3.14/Apple/iOS/testbed,1,1,0.0
url,https://github.com/python/cpython/tree/3.14/Lib/functools.py,1,1,0.0
url,https://github.com/python/cpython/tree/3.14/Lib/pdb.py,1,1,0.0
url,https://github.com/python/cpython/tree/3.14/Lib/random.py,1,1,0.0
url,https://github.com/python/cpython/tree/3.14/Lib/secrets.py,1,1,0.0
url,https://github.com/python/cpython/tree/3.14/Lib/tkinter/dnd.py,1,1,0.0
url,https://github.com/python/cpython/tree/3.14/Lib/zipapp.py,1,1,0.0
url,https://github.com/python/cpython/tree/main/Lib/pathlib/,1,1,0.0
url,https://github.com/python/python-docs-ja/blob/3.14/tutorial/index.po?plain=1,1,1,0.0
url,https://github.com/python/python-docs-ja/blob/3.15/using/windows.po?plain=1,1,1,0.0
url,https://packaging.python.org/,1,1,0.0
url,https://packaging.python.org/installing/#requirements-for-installing-packages,1,1,0.0
url,https://peps.python.org/pep-0405/,1,1,0.0
url,https://peps.python.org/pep-0492/,1,1,0.0
url,https://peps.python.org/pep-0594/,1,1,0.0
url,https://peps.python.org/pep-0686/,1,1,0.0
url,https://peps.python.org/pep-0745/,1,1,0.0
url,https://peps.python.org/pep-3333/,1,1,0.0
url,https://pubs.opengroup.org/onlinepubs/9799919799/basedefs/V1_chap07.html#tag_07_03_05_02,1,1,0.0
url,https://requests.readthedocs.io/en/latest/,1,1,0.0
url,https://sqlite.org/,1,1,0.0
url,https://termux.dev/en/,1,1,0.0
url,https://toml.io/en/,1,1,0.0
url,https://www.jython.org/,1,1,0.0
url,https://www.unicode.org/Public/15.1.0/ucd/NameAliases.txt,1,1,0.0
url,https://www.unicode.org/Public/15.1.0/ucd/NamedSequences.txt,1,1,0.0
url,https://www.unicode.org/reports/tr29/,1,1,0.0
url,https://www.unicode.org/reports/tr44/,1,2,0.0
