name,visitors
China,6107
Hong Kong,1188
Singapore,582
United States,544
Japan,421
Taiwan,217
Thailand,94
Indonesia,93
Malaysia,93
United Kingdom,39
Philippines,35
Canada,32
Germany,28
Australia,18
South Korea,18
France,14
Vietnam,12
Russian Federation,8
Netherlands,6
New Zealand,6
India,5
Macao,5
Seychelles,5
Italy,4
Cambodia,4
Myanmar,4
Finland,3
Greece,3
Austria,2
Belgium,2
Switzerland,2
Ireland,2
Israel,2
Iraq,2
Nepal,2
Sweden,2
Turkey,2
Ukraine,2
South Africa,2
Brazil,1
Belarus,1
Colombia,1
Estonia,1
Spain,1
Mauritius,1
Mexico,1
Slovenia,1
