property,value,visitors,events,percentage
url,(none),1838,3231,99.6
url,https://www.python.org/,31,31,1.7
url,https://www.python.org/downloads/,4,4,0.2
url,https://apps.microsoft.com/detail/9NQ7512CXL7T,2,2,0.1
url,https://devguide.python.org/documentation/start-documenting/#building-the-documentation,2,2,0.1
url,https://docs.python.org/pt-br/3/archives/python-3.14-docs-html.zip,2,2,0.1
url,https://docs.python.org/pt-br/3/archives/python-3.14-docs.epub,2,2,0.1
url,https://docs.python.org/pt-br/dev/archives/python-3.15-docs.epub,2,2,0.1
url,https://github.com/python/cpython/tree/3.14/Lib/idlelib,2,3,0.1
url,https://packaging.python.org/pt-br/latest/guides/installing-using-pip-and-virtual-environments/#create-and-use-virtual-environments,2,2,0.1
url,https://docs.python.org/pt-br/3.13/archives/python-3.13-docs-pdf-a4.zip,1,1,0.1
url,https://docs.python.org/pt-br/3.13/archives/python-3.13-docs-text.zip,1,1,0.1
url,https://docs.python.org/pt-br/3.14/archives/python-3.14-docs-html.zip,1,1,0.1
url,https://docs.python.org/pt-br/3.14/archives/python-3.14-docs.epub,1,1,0.1
url,https://docs.python.org/pt-br/3/archives/python-3.14-docs-texinfo.zip,1,1,0.1
url,https://docs.python.org/pt-br/3/archives/python-3.14-docs-text.zip,1,1,0.1
url,https://github.com/python/cpython/blob/main/Doc/library/functions.rst?plain=1,1,1,0.1
url,https://github.com/python/cpython/blob/main/Doc/tutorial/appetite.rst?plain=1,1,1,0.1
url,https://github.com/python/cpython/blob/main/Doc/tutorial/introduction.rst?plain=1,1,1,0.1
url,https://github.com/python/cpython/tree/3.12/Lib/_collections_abc.py,1,1,0.1
url,https://github.com/python/cpython/tree/3.13/Lib/zipfile/,1,1,0.1
url,https://github.com/python/cpython/tree/3.14/Android/testbed/app/src/main/c/main_activity.c,1,1,0.1
url,https://github.com/python/cpython/tree/3.14/Lib/code.py,1,1,0.1
url,https://github.com/python/cpython/tree/3.14/Lib/turtle.py,1,1,0.1
url,https://github.com/python/cpython/tree/3.14/Lib/venv/,1,1,0.1
url,https://github.com/python/cpython/tree/main/Lib/unittest/__init__.py,1,1,0.1
url,https://peps.python.org/,1,1,0.1
url,https://peps.python.org/pep-0302/,1,1,0.1
url,https://peps.python.org/pep-0475/,1,1,0.1
url,https://peps.python.org/pep-0758/,1,1,0.1
url,https://pypi.org/project/pip/,1,2,0.1
url,https://www.python.org/doc/av/,1,1,0.1
url,https://www.python.org/doc/versions/,1,1,0.1
url,https://www.sphinx-doc.org/,1,1,0.1
url,https://www.tcl.tk/man/tcl8.6/TkCmd/contents.htm,1,1,0.1
url,https://www.zlib.net/,1,1,0.1
