name,version,visitors
Chrome,144.0,3564
Microsoft Edge,144.0,2847
Chrome,145.0,866
Firefox,147.0,515
Chrome,132.0,404
Opera,126.0,217
Opera,127.0,209
Safari,26.2,186
Chrome,143.0,171
Yandex Browser,25.12,158
Microsoft Edge,143.0,115
Chrome,142.0,93
Mobile App,(not set),73
Chrome,139.0,73
Safari,26.3,67
Chrome,116.0,60
Firefox,140.0,54
Chrome,131.0,52
Chrome,111.0,47
Chrome,138.0,42
Chrome,133.0,41
Microsoft Edge,142.0,40
Quark,(not set),38
Sogou Explorer,2,36
Chrome,135.0,35
Chrome,122.0,34
Smart Lenovo Browser,9.0,32
Chrome,109.0,30
360 Secure Browser,(not set),28
Safari,18.6,27
Chrome,117.0,25
Chrome,103.0,23
Chrome,120.0,23
Firefox,5.0,22
Chrome,108.0,20
Chrome,112.0,20
Chrome,137.0,20
Firefox,146.0,20
Microsoft Edge,145.0,19
Chrome,104.0,18
Chrome,107.0,18
Chrome,110.0,18
Chrome,140.0,18
Chrome,69.0,18
Safari,16.6,17
Microsoft Edge,92.0,17
Chrome,124.0,16
Chrome,141.0,16
Chrome,105.0,14
Microsoft Edge,140.0,14
Microsoft Edge,141.0,14
Firefox,145.0,14
Chrome,146.0,14
Safari,17.6,14
Chrome,134.0,13
Huawei Browser Mobile,16.0,12
(not set),(not set),11
Chrome,106.0,11
Firefox,115.0,11
Chrome,121.0,11
Microsoft Edge,136.0,11
Firefox,143.0,11
Avast Secure Browser,144.0,11
Firefox,148.0,11
Chrome,126.0,10
Firefox,144.0,10
Microsoft Edge,16.16299,10
Chrome,127.0,9
Microsoft Edge,137.0,9
Safari,18.3,9
Safari,26.0,9
Mobile App,97.0,9
Microsoft Edge,122.0,8
Microsoft Edge,131.0,8
Microsoft Edge,18.18362,8
Safari,26.1,8
Chrome,86.0,8
Chrome,128.0,7
MIUI Browser,16.9,7
Microsoft Edge,17.17134,7
Samsung Browser,29.0,7
Chrome,99.0,7
Huawei Browser,12.1,6
Chrome,125.0,6
Chrome,130.0,6
Chrome,136.0,6
Microsoft Edge,138.0,6
Chrome,144,6
AVG Secure Browser,144.0,6
QQ Browser,6.2,6
Firefox,142.0,5
Safari,18.5,5
Microsoft Edge,100.0,4
Opera,125.0,4
Microsoft Edge,133.0,4
Firefox,135.0,4
Microsoft Edge,135.0,4
Microsoft Edge,139.0,4
Firefox,141.0,4
Norton Private Browser,144.0,4
Firefox,147.3,4
Safari,18.7,4
QQ Browser,19.8,4
QQ Browser,19.9,4
QQ Browser,20.1,4
QQ Browser,21.0,4
vivo Browser,28.0,4
SberBrowser,34.0,4
Huawei Browser Mobile,6.1,4
Chromium,(not set),3
Firefox,101.0,3
Microsoft Edge,121.0,3
Microsoft Edge,126.0,3
Firefox,127.0,3
Microsoft Edge,130.0,3
Microsoft Edge,134.0,3
Chrome,143,3
Avast Secure Browser,143.0,3
Safari,17.3,3
Safari,17.5,3
Microsoft Edge,18.18363,3
Yandex Browser,24.10,3
Whale Browser,4.35,3
Microsoft Edge,89.0,3
Microsoft Edge,90.0,3
Safari,(not set),2
Quark,10.2,2
Quark,10.5,2
Chrome,101.0,2
Microsoft Edge,113.0,2
Chrome,114.0,2
Mobile App,116.0,2
Chrome,118.0,2
Chrome,119.0,2
Microsoft Edge,119.0,2
QQ Browser,12.2,2
QQ Browser,12.5,2
Microsoft Edge,120.0,2
Chrome,123.0,2
Firefox,123.0,2
Mobile App,123.0,2
Firefox,126.0,2
Mobile App,127.0,2
Firefox,131.0,2
Microsoft Edge,132.0,2
Firefox,134.0,2
Mobile App,138.0,2
Firefox,138.0,2
Microsoft Edge,15.15063,2
Safari,15.6,2
Safari,16.3,2
Safari,16.4,2
Safari,17.0,2
Safari,18.0,2
Safari,18.1,2
Safari,18.2,2
Safari,18.4,2
QQ Browser,19.6,2
MIUI Browser,20.12,2
MIUI Browser,20.2,2
Yandex Browser,25.10,2
Safari,26.4,2
vivo Browser,27.9,2
Mobile App,51.0,2
QtWebEngine,6.8,2
Safari,60.5,2
Microsoft Edge,86.0,2
Opera,90.0,2
Chrome,91.0,2
Chrome,98.0,2
Brave,(not set),1
Safari,10.0,1
Microsoft Edge,105.0,1
Microsoft Edge,108.0,1
Firefox,109.0,1
Mobile App,109.0,1
Microsoft Edge,109.0,1
Microsoft Edge,112.0,1
Microsoft Edge,116.0,1
Opera,118.0,1
Firefox,118.0,1
Microsoft Edge,118.0,1
Firefox,125.0,1
Microsoft Edge,127.0,1
Firefox,128.0,1
QQ Browser,13.6,1
QQ Browser,13.7,1
Firefox,133.0,1
Firefox,136.0,1
MIUI Browser,14.10,1
MIUI Browser,14.50,1
MIUI Browser,14.7,1
Mobile App,144.0,1
Microsoft Edge,146.0,1
Firefox,149.0,1
Safari,15.2,1
Microsoft Edge,17.17133,1
Safari,17.4,1
Microsoft Edge,18.17763,1
MIUI Browser,20.1,1
Yandex Browser,25.2,1
Yandex Browser,25.6,1
Opera,48.0,1
Firefox,51.0,1
Chrome,55.0,1
vivo Browser,6.0,1
Chrome,83.0,1
Mobile App,83.0,1
Chrome,89.0,1
Chrome,94.0,1
Chrome,95.0,1
Opera,95.0,1
