name,visitors
China,1915
India,1274
United States,1057
Brazil,545
Japan,457
Singapore,404
Russian Federation,349
France,309
Germany,274
Mexico,254
Hong Kong,241
Spain,229
United Kingdom,214
Colombia,196
Italy,186
Poland,176
South Korea,152
Canada,138
Taiwan,129
Turkey,116
Ukraine,102
Pakistan,96
Iran,92
Netherlands,86
Indonesia,78
Argentina,69
Australia,65
Morocco,59
Peru,58
Egypt,56
Uzbekistan,55
Switzerland,51
South Africa,51
Nigeria,50
Vietnam,47
Kenya,45
Bangladesh,43
Kazakhstan,43
Philippines,42
Ecuador,41
Sweden,39
Portugal,38
Romania,38
Czechia,37
Belgium,36
Chile,35
Belarus,34
Nepal,33
Thailand,33
Saudi Arabia,31
Tunisia,31
Algeria,30
Hungary,30
Malaysia,30
Venezuela,30
Finland,29
Iraq,28
Guatemala,27
Ghana,26
Greece,26
Ireland,25
United Arab Emirates,23
Austria,23
Israel,23
Senegal,23
Denmark,22
Ethiopia,22
Côte d'Ivoire,21
Norway,21
Kyrgyzstan,20
Bulgaria,16
Latvia,16
Azerbaijan,14
Bolivia,14
Cameroon,13
"Congo, The Democratic Republic of the",12
Cuba,12
Dominican Republic,12
Croatia,12
Angola,11
Sri Lanka,10
Madagascar,10
Serbia,10
Uruguay,10
Jordan,9
Moldova,9
Mali,9
Panama,9
Somalia,9
Costa Rica,8
Myanmar,8
Mongolia,8
Rwanda,8
Tanzania,8
Uganda,8
Benin,7
Honduras,7
Cambodia,7
Paraguay,7
Slovakia,7
Burkina Faso,6
Malawi,6
Qatar,6
Slovenia,6
El Salvador,6
Zambia,6
Georgia,5
New Zealand,5
Oman,5
Puerto Rico,5
Sierra Leone,5
Lebanon,4
Lesotho,4
Libya,4
North Macedonia,4
Macao,4
Nicaragua,4
Seychelles,4
Albania,3
Congo,3
Luxembourg,3
Malta,3
Mozambique,3
Papua New Guinea,3
Syria,3
Andorra,2
Bosnia and Herzegovina,2
Bahrain,2
Botswana,2
Guinea,2
Guadeloupe,2
Liberia,2
Montenegro,2
Namibia,2
Niger,2
Sudan,2
Chad,2
Tajikistan,2
Trinidad and Tobago,2
Kosovo,2
Mayotte,2
Zimbabwe,2
Armenia,1
Cyprus,1
Gabon,1
French Guiana,1
Guyana,1
Haiti,1
Jamaica,1
Kuwait,1
Laos,1
Lithuania,1
Mauritius,1
Maldives,1
South Sudan,1
Togo,1
Yemen,1
