name,visitors
India,54384
China,40003
United States,38068
Brazil,15234
Russian Federation,14041
South Korea,11366
Germany,10781
Japan,9646
United Kingdom,8152
Indonesia,7726
France,7338
Hong Kong,5937
Turkey,5839
Mexico,5778
Vietnam,5481
Pakistan,5332
Taiwan,5029
Italy,4994
Canada,4571
Australia,4362
Colombia,4132
Spain,4063
Ukraine,4034
Poland,3937
Singapore,3661
Egypt,3441
Netherlands,3379
Philippines,3363
Argentina,2900
Iran,2716
Kazakhstan,2594
Peru,2566
Thailand,2548
Saudi Arabia,2543
Bangladesh,2462
Malaysia,2404
Morocco,2072
Chile,2039
Nigeria,1973
United Arab Emirates,1763
South Africa,1730
Israel,1634
Sweden,1579
Uzbekistan,1508
Switzerland,1413
Nepal,1310
Tunisia,1266
Ecuador,1249
Algeria,1239
Romania,1190
Austria,1166
Kenya,1161
Czechia,1123
Portugal,1113
Belgium,1096
Sri Lanka,1077
Norway,940
Finland,933
Greece,910
Hungary,815
Iraq,789
Ireland,786
Denmark,778
Ghana,777
Bulgaria,754
New Zealand,744
Serbia,709
Bolivia,642
Venezuela,622
Azerbaijan,608
Belarus,597
Ethiopia,569
Croatia,503
Oman,497
Slovakia,493
Cambodia,478
Jordan,472
Dominican Republic,448
Lithuania,445
Guatemala,430
Costa Rica,400
Kyrgyzstan,349
Kuwait,331
Mongolia,324
Yemen,323
Myanmar,320
Armenia,308
Lebanon,307
Latvia,299
Georgia,296
Cameroon,291
Uganda,289
Qatar,284
Uruguay,283
Senegal,255
El Salvador,247
Tanzania,239
Côte d'Ivoire,235
Moldova,234
"Congo, The Democratic Republic of the",231
Panama,230
Madagascar,229
Libya,228
Zimbabwe,223
Estonia,215
Afghanistan,209
Rwanda,206
Paraguay,198
Bhutan,190
"Palestine, State of",186
Cyprus,185
Bahrain,176
Seychelles,175
Angola,169
Honduras,161
Zambia,154
Syria,151
Somalia,150
Nicaragua,149
Slovenia,142
Puerto Rico,139
Bosnia and Herzegovina,133
Cuba,126
Macao,122
Albania,115
Mozambique,111
Tajikistan,111
Malawi,110
Luxembourg,102
North Macedonia,93
Mauritius,92
Benin,89
Kosovo,87
Burkina Faso,83
Botswana,79
Namibia,77
Réunion,75
Togo,74
Mali,65
Jamaica,61
Laos,61
Mauritania,60
Malta,60
Iceland,56
Gabon,55
Montenegro,53
Papua New Guinea,49
Trinidad and Tobago,46
Haiti,45
Congo,43
Sierra Leone,36
Brunei Darussalam,33
Lesotho,33
Guinea,32
Maldives,31
Djibouti,30
Niger,28
Fiji,26
Burundi,21
Sudan,19
Belize,18
Cabo Verde,18
Andorra,17
New Caledonia,17
Suriname,17
Guyana,16
Curaçao,15
Guadeloupe,15
Guam,15
Liberia,15
Monaco,15
Martinique,15
Bahamas,14
Eswatini,14
Isle of Man,13
Chad,13
Aruba,12
Liechtenstein,12
French Polynesia,12
Timor-Leste,12
Gambia,10
Jersey,10
Vanuatu,10
Cayman Islands,9
South Sudan,9
Barbados,8
Gibraltar,8
Solomon Islands,7
Saint Lucia,6
Bermuda,5
San Marino,5
"Virgin Islands, U.S.",5
Antigua and Barbuda,4
Grenada,4
Guinea-Bissau,4
Anguilla,3
Eritrea,3
Faroe Islands,3
Guernsey,3
Equatorial Guinea,3
Comoros,3
Northern Mariana Islands,3
Turkmenistan,3
French Guiana,2
Greenland,2
Tonga,2
Holy See (Vatican City State),2
Saint Vincent and the Grenadines,2
American Samoa,1
Åland Islands,1
Saint Barthélemy,1
"Bonaire, Sint Eustatius and Saba",1
Saint Kitts and Nevis,1
Sao Tome and Principe,1
Tuvalu,1
United States Minor Outlying Islands,1
Samoa,1
