name,visitors
Tokyo,269
Yokohama,82
Osaka,74
Singapore,71
Nagoya,43
Kyoto,35
Sapporo,28
N/A,26
Kobe,24
N/A,22
Chiba,18
Kawaguchi,15
Hachiōji,15
Ōtsu,13
N/A,13
N/A,13
Okayama,12
Kawasaki,12
Fukuoka,12
Kumamoto,11
N/A,11
Chengdu,10
Utsunomiya,10
Toyota,9
N/A,9
Okazaki,9
N/A,9
Matsudo,9
Hiroshima,9
Matsuyama,9
Hangzhou,8
Guangzhou,8
N/A,8
N/A,8
Toyama,7
Tenri,7
Nishinomiya-hama,7
Nagasaki,7
Kokubunji,7
Himeji,7
N/A,7
N/A,7
Tianjin,6
Suita,6
Maebashi,6
Machida,6
Hirakata,6
Hamamatsu,6
Chino,6
Yonezawa,6
N/A,6
N/A,6
N/A,6
N/A,6
N/A,6
N/A,6
N/A,6
N/A,6
Shenzhen,5
Nanjing,5
Atsugi,5
Tokorozawa,5
Takaoka,5
Takamatsu,5
Sakai,5
Saga,5
Niigata,5
Nagaoka,5
Ibaraki,5
Fujisawa,5
Akita,5
N/A,5
N/A,5
N/A,5
N/A,5
N/A,5
Zhengzhou,4
Xi’an,4
Wuxi,4
Shanghai,4
Ningbo,4
Fuzhou,4
Shizuoka,4
Nonoichi,4
Miyazaki,4
Komaki,4
Kashiwa,4
Iwakuni,4
Itami,4
Hino,4
N/A,4
Gifu-shi,4
Ashiya,4
N/A,4
Asaka,4
Iwaki,4
Tama,4
N/A,4
N/A,4
N/A,4
N/A,4
N/A,4
N/A,4
N/A,4
N/A,4
N/A,4
N/A,4
N/A,4
Hanoi,3
Bangkok,3
Zama,3
Yonago,3
Yaizu,3
Ueda,3
N/A,3
Tokushima,3
Takasaki,3
Shiojiri,3
N/A,3
N/A,3
Nagareyama,3
Nagano,3
Moriguchi,3
Marugame,3
Kurashiki,3
Komatsu,3
Kawagoe,3
N/A,3
Ikoma,3
N/A,3
Hiratsuka,3
Higashi-ōsaka,3
N/A,3
N/A,3
Amagasaki,3
Ageoshimo,3
N/A,3
Sendai,3
N/A,3
Morioka,3
N/A,3
Ichinoseki,3
Hitachi,3
Asahikawa,3
Iruma,3
Nisshin,3
N/A,3
N/A,3
N/A,3
N/A,3
N/A,3
N/A,3
N/A,3
N/A,3
N/A,3
N/A,3
N/A,3
N/A,3
N/A,3
N/A,3
N/A,3
N/A,3
Kuwana,3
N/A,3
Lucknow,2
Delhi,2
Bengaluru,2
Wuhan,2
Shijiazhuang,2
Dalian,2
Beijing,2
N/A,2
N/A,2
Tsu,2
N/A,2
Toyokawa,2
Toyohashi,2
N/A,2
Takatsuki,2
Ōta,2
Onomichi,2
N/A,2
Numazu,2
Noda,2
Niihama,2
Naha,2
Musashino,2
Mishima,2
Matsumoto,2
Kumagaya,2
Kukichūō,2
Koshigaya,2
Kōfu,2
Kochi,2
Katsuyama,2
Kamakura,2
Kagoshima,2
Isesaki,2
Ise,2
N/A,2
N/A,2
Hekinan,2
Hatsukaichi,2
Fukui-shi,2
Chigasaki,2
N/A,2
N/A,2
Suzhou,2
Okinawa,2
Wakayama,2
Khabarovsk,2
Yuzawa,2
Yamagata,2
N/A,2
Narita,2
Mito,2
Ōdate,2
Ishikari,2
Hachinohe,2
Annemasse,2
Columbus,2
Colorado Springs,2
N/A,2
Akishima,2
Niiza,2
Yachiyo,2
N/A,2
N/A,2
Shengpu,2
N/A,2
N/A,2
N/A,2
N/A,2
N/A,2
N/A,2
N/A,2
N/A,2
N/A,2
N/A,2
N/A,2
N/A,2
N/A,2
N/A,2
N/A,2
N/A,2
N/A,2
N/A,2
N/A,2
N/A,2
N/A,2
N/A,2
N/A,2
N/A,2
N/A,2
N/A,2
N/A,2
N/A,2
N/A,2
N/A,2
N/A,2
N/A,2
N/A,2
Nagakute,2
N/A,2
N/A,2
N/A,2
N/A,2
N/A,2
N/A,2
Kigali,1
Chiang Mai,1
New Delhi,1
Prokop’yevsk,1
Ho Chi Minh City,1
Taipei,1
N/A,1
Zhoukou,1
Zhenjiang,1
Tongshan,1
Xinxiang,1
Xiangyang,1
Tangshan,1
Tai’an,1
Suzhou,1
Renshan,1
Quanzhou,1
Qingdao,1
Nanning,1
Longgang,1
Jinhua,1
Jinan,1
Jiangmen,1
Huzhou,1
Hengshui,1
Guilin,1
Foshan,1
Dongguan,1
Changsha,1
Hong Kong,1
Gwangju,1
