property,value,visitors,events,percentage
url,(none),2914,5540,99.9
url,https://www.python.org/,25,25,0.9
url,https://docs.python.org/ja/3.14/archives/python-3.14-docs-html.zip,3,3,0.1
url,https://devguide.python.org/,2,2,0.1
url,https://docs.python.org/ja/3.14/archives/python-3.14-docs-html.tar.bz2,2,2,0.1
url,https://docs.python.org/ja/3.14/archives/python-3.14-docs-texinfo.zip,2,2,0.1
url,https://docs.python.org/ja/3.14/archives/python-3.14-docs-text.zip,2,2,0.1
url,https://docs.python.org/ja/3.14/archives/python-3.14-docs.epub,2,2,0.1
url,https://github.com/python/cpython/issues,2,2,0.1
url,https://mypy.readthedocs.io/en/stable/cheat_sheet_py3.html,2,2,0.1
url,https://www.python.org/downloads/,2,2,0.1
url,https://beeware.org/,1,1,0.0
url,https://code.activestate.com/recipes/579000-equally-spaced-numbers-linspace/,1,1,0.0
url,https://discuss.python.org/c/documentation/26,1,1,0.0
url,https://docs.python.org/ja/3.14/archives/python-3.14-docs-texinfo.tar.bz2,1,1,0.0
url,https://docs.python.org/ja/3.14/archives/python-3.14-docs-text.tar.bz2,1,1,0.0
url,https://docs.python.org/ja/3/archives/python-3.14-docs-text.zip,1,1,0.0
url,https://github.com/python/cpython/blob/main/Doc/library/time.rst?plain=1,1,1,0.0
url,https://github.com/python/cpython/issues?q=is%3Aissue+is%3Aopen+label%3Adocs,1,2,0.0
url,https://github.com/python/cpython/tree/3.13/Lib/idlelib/,1,1,0.0
url,https://github.com/python/cpython/tree/3.14/Lib/pathlib/,1,1,0.0
url,https://github.com/python/cpython/tree/3.14/Lib/random.py,1,1,0.0
url,https://github.com/python/cpython/tree/3.14/Lib/tkinter/ttk.py,1,1,0.0
url,https://github.com/python/cpython/tree/3.14/Lib/zipimport.py,1,1,0.0
url,https://github.com/python/cpython/tree/main/Lib/tkinter/__init__.py,1,1,0.0
url,https://github.com/python/python-docs-ja,1,1,0.0
url,https://ironpython.net/,1,1,0.0
url,https://kivy.org/,1,1,0.0
url,https://packaging.python.org/guides/installing-using-pip-and-virtual-environments/#create-and-use-virtual-environments,1,1,0.0
url,https://packaging.python.org/science/,1,1,0.0
url,https://peps.python.org/pep-0008/,1,1,0.0
url,https://peps.python.org/pep-0484/,1,1,0.0
url,https://peps.python.org/pep-0485/,1,1,0.0
url,https://peps.python.org/pep-0745/,1,1,0.0
url,https://pypi.org/,1,1,0.0
url,https://requests.readthedocs.io/en/master/,1,1,0.0
url,https://setuptools.pypa.io/en/latest/setuptools.html,1,1,0.0
url,https://webassembly.org/,1,1,0.0
url,https://wiki.python.org/moin/GuiProgramming,1,1,0.0
url,https://www.chiark.greenend.org.uk/~sgtatham/bugs.html,1,1,0.0
url,https://www.tkdocs.com/shipman/,1,1,0.0
url,https://www.unicode.org/versions/latest/#Summary,1,1,0.0
url,https://www.w3schools.com/sql/,1,1,0.0
