name,visitors,bounce_rate,visit_duration
Direct / None,1363,67,1385
google.com,992,77,116
m.baidu.com,179,91,7
qiita.com,60,77,67
bing.com,57,66,262
note.nkmk.me,44,95,23
search.yahoo.co.jp,31,66,149
google.co.jp,19,74,86
python.org,15,0,554
chatgpt.com,12,45,430
gemini.google.com,8,67,62
duckduckgo.com,7,71,152
baidu.com,6,100,0
python.jp,6,67,27
utokyo-ipp.github.io,6,67,16
atcoder.jp,5,100,0
baidu.com/link,5,75,219
chokkan.github.io,4,100,0
copilot.microsoft.com,4,75,54
kyo-pro.hatenablog.com,3,100,0
udemy.com,3,100,0
websearch.rakuten.co.jp,3,100,0
youtube.com,3,100,0
bitarrow.eplang.jp,2,100,0
github.com,2,100,0
m.baidu.com/from=1001192y/bd_page_type=1/ssid=0/uid=0/pu=usm%400%2Csz%401320_1001%2Cta%40iphone_2_10.0_28_16.0/baiduid=8CF37E61AC4ADF1E4EB5FF1FB9C86F9E/w=0_10_/t=iphone/l=1/tc,2,100,0
m.baidu.com/from=1001192y/bd_page_type=1/ssid=0/uid=0/pu=usm%401%2Csz%401320_1001%2Cta%40iphone_2_12.0_28_16.0/baiduid=C1FD9F1F82CAC8F7943FB66321360366/w=0_10_/t=iphone/l=1/tc,2,100,0
m.baidu.com/from=1001192y/bd_page_type=1/ssid=0/uid=0/pu=usm%402%2Csz%401320_1001%2Cta%40iphone_2_12.0_28_16.0/baiduid=CA07E2E32612F752D1F651AE187D49F2/w=0_10_/t=iphone/l=1/tc,2,100,0
m.baidu.com/from=1020761f/bd_page_type=1/ssid=0/uid=0/pu=usm%400%2Csz%401320_1001%2Cta%40iphone_2_12.0_19_27.2/baiduid=43BB7143841EA5C98F1181AAA809FF48/w=0_10_/t=iphone/l=1/tc,2,100,0
nissy-lab.com,2,50,12
service.smt.docomo.ne.jp/portal/search/web/result.html,2,0,42
translations.python.org,2,0,43
algo-method.com,1,0,321
android-app://com.google.android.gm,1,0,656
android-app://jp.naver.line.android,1,100,0
app.raindrop.io,1,100,0
atmarkit.itmedia.co.jp/ait/articles/1910/15/news018.html,1,100,0
atmarkit.itmedia.co.jp/ait/articles/2111/24/news019.html,1,100,0
atmarkit.itmedia.co.jp/ait/articles/2510/15/news018.html,1,100,0
blog.pyq.jp,1,100,0
chienomi.org,1,100,0
claude.ai,1,100,0
denshi.club,1,100,0
dev.classmethod.jp,1,100,0
dynalist.io,1,0,7
fujitsu.udemy.com,1,100,0
funyuelearningv1.com,1,0,122
github.com/yt-dlp/yt-dlp,1,0,212
hibiki-press.tech/python/datetime/2623,1,100,0
hitachigroup.okta.com,1,100,0
honda-qct2.aidemy.jp,1,100,0
ie.u-ryukyu.ac.jp,1,100,0
ikatakos.com,1,0,989
inetnf.auth,1,100,0
kikagaku.ai,1,100,0
lifewithpython.com,1,100,0
login.microsoftonline.com,1,100,0
m.baidu.com/from=1001192y/bd_page_type=1/ssid=0/uid=0/pu=sz%401320_1001%2Cta%40iphone_2_10.0_28_16.0%2Cusm%401/baiduid=48CB64FBF6334680BF07CA5CCC0E906E/w=40_10_/t=iphone/l=1/tc,1,0,1
m.baidu.com/from=1001192y/bd_page_type=1/ssid=0/uid=0/pu=usm%401%2Csz%401320_1001%2Cta%40iphone_2_10.0_28_16.0/baiduid=28350A91423A270F9180D91657A45694/w=0_10_/t=iphone/l=1/tc,1,0,1
m.baidu.com/from=1001192y/bd_page_type=1/ssid=0/uid=0/pu=usm%401%2Csz%401320_1001%2Cta%40iphone_2_10.0_28_16.0/baiduid=D3900DCA7CBC97F399A70550BD02F455/w=0_10_/t=iphone/l=1/tc,1,0,7
m.baidu.com/from=1001192y/bd_page_type=1/ssid=0/uid=0/pu=usm%402%2Csz%401320_1001%2Cta%40iphone_2_12.0_28_16.0/baiduid=48F5C65B5B9CAA410803CBD565988EF9/w=0_10_/t=iphone/l=1/tc,1,100,0
m.baidu.com/from=1001703a/bd_page_type=1/ssid=0/uid=0/pu=usm%400%2Csz%401320_1001%2Cta%40iphone_2_14.0_18_40.10/baiduid=C0392DCD7379BF1253C449777D725228/w=0_10_/t=iphone/l=1/tc,1,100,0
m.baidu.com/from=1001703a/bd_page_type=1/ssid=0/uid=0/pu=usm%400%2Csz%401320_1001%2Cta%40iphone_2_14.0_18_40.10/baiduid=E76522A5EEB7DD152A3EED74F696A05A/w=0_10_/t=iphone/l=1/tc,1,100,0
m.baidu.com/from=1001703a/bd_page_type=1/ssid=0/uid=0/pu=usm%400%2Csz%401320_1001%2Cta%40iphone_2_7.1_18_10.8/baiduid=68E09951AA7BBB08CD604565C7F76AF2/w=0_10_/t=iphone/l=1/tc,1,100,0
m.baidu.com/from=1001703a/bd_page_type=1/ssid=0/uid=0/pu=usm%401%2Csz%401320_1001%2Cta%40iphone_2_14.0_18_40.10/baiduid=30C376D11C0086CD34EE9E9C52CCAAD1/w=0_10_/t=iphone/l=1/tc,1,100,0
m.baidu.com/from=1001703a/bd_page_type=1/ssid=0/uid=0/pu=usm%401%2Csz%401320_1001%2Cta%40iphone_2_14.0_18_40.10/baiduid=589AEFD10D9042805B486D9B90C11622/w=0_10_/t=iphone/l=1/tc,1,100,0
m.baidu.com/from=1001703a/bd_page_type=1/ssid=0/uid=0/pu=usm%401%2Csz%401320_1001%2Cta%40iphone_2_14.0_18_40.10/baiduid=BB0FB11932D7AD3A8FDDB153925A7F9E/w=0_10_/t=iphone/l=1/tc,1,100,0
m.baidu.com/from=1001703a/bd_page_type=1/ssid=0/uid=0/pu=usm%401%2Csz%401320_1001%2Cta%40iphone_2_15.0_18_40.10/baiduid=8B749E683C475A715F9BF321DC503426/w=0_10_/t=iphone/l=1/tc,1,100,0
m.baidu.com/from=1001703a/bd_page_type=1/ssid=0/uid=0/pu=usm%401%2Csz%401320_1001%2Cta%40iphone_2_15.0_18_40.10/baiduid=B0DE7931FE0510FA00840DA475F2FC81/w=0_10_/t=iphone/l=1/tc,1,100,0
m.baidu.com/from=1001703a/bd_page_type=1/ssid=0/uid=0/pu=usm%401%2Csz%401320_1001%2Cta%40iphone_2_9.0_18_20.5/baiduid=57749E49D0215C6CA7632B39C56EF46B/w=0_10_/t=iphone/l=1/tc,1,100,0
m.baidu.com/from=1001703a/bd_page_type=1/ssid=0/uid=0/pu=usm%402%2Csz%401320_1001%2Cta%40iphone_2_11.0_18_40.10/baiduid=C69A2960E3444C3EE89314034B902BFB/w=0_10_/t=iphone/l=1/tc,1,100,0
m.baidu.com/from=1001703a/bd_page_type=1/ssid=0/uid=0/pu=usm%402%2Csz%401320_1001%2Cta%40iphone_2_14.0_18_40.10/baiduid=589AEFD10D9042805B486D9B90C11622/w=0_10_/t=iphone/l=1/tc,1,100,0
m.baidu.com/from=1001703a/bd_page_type=1/ssid=0/uid=0/pu=usm%402%2Csz%401320_1001%2Cta%40iphone_2_8.1_18_4.7/baiduid=E3A40CBEC0FCF4EAFA0A9D8AB73395CC/w=0_10_/t=iphone/l=1/tc,1,100,0
m.baidu.com/from=1009305b/bd_page_type=1/ssid=0/uid=0/pu=sz%401320_480%2Ccuid%40luHj8giHBu_POSazlavef0aqvtgNi28sgiHkalagHu8UkQavJivxaWbmA%2Ccua%40_a-qiyauvfj4NE6lI5me6NN02I_Uh2I-_uDpieLqA%2Cosname%40baiduboxapp%2Cctv%402%2Ccfrom%401009305b%2Ccen%40cuid_cua%2Cc3_aid%40A00-UYUNGZ3OYSMHBKS7V6ZNHA3S3NN3T5MV-XWJWUSBI%2Cosbranch%40a9%2Ccsrc%40bdbox_tserch_txt%2Cusm%403%2Cvmgdb%400020100228y/baiduid=6E12BE6C847FB7D64182A381110E8D5C/w=0_10_/t=zbios/l=1/tc,1,100,0
m.baidu.com/from=1009305b/bd_page_type=1/ssid=0/uid=0/pu=sz%401320_480%2Ccuid%40luHj8giHBu_POSazlavef0aqvtgNi28sgiHkalagHu8UkQavJivxaWbmA%2Ccua%40_a-qiyauvfj4NE6lI5me6NN02I_Uh2I-_uDpieLqA%2Cosname%40baiduboxapp%2Cctv%402%2Ccfrom%401009305b%2Ccen%40cuid_cua%2Cc3_aid%40A00-UYUNGZ3OYSMHBKS7V6ZNHA3S3NN3T5MV-XWJWUSBI%2Cosbranch%40a9%2Ccsrc%40home_box_txt%2Cusm%403%2Cvmgdb%400020100228y/baiduid=56AAD048F23C94E63D97FC7564C5DD20/w=0_10_/t=zbios/l=1/tc,1,100,0
m.baidu.com/from=1012852q/bd_page_type=1/ssid=0/uid=0/pu=usm%401%2Csz%401320_1004%2Cta%40iphone_2_16.0_11_20.8/baiduid=A067E295C405646AB04695E85296D1CC/w=0_10_/t=iphone/l=1/tc,1,100,0
m.baidu.com/from=1012852q/bd_page_type=1/ssid=0/uid=0/pu=usm%402%2Csz%401320_1004%2Cta%40iphone_2_6.0_11_14.4/baiduid=F7662D28DA1E777293AC8B6AC787E692/w=0_10_/t=iphone/l=1/tc,1,100,0
m.baidu.com/from=1013966u/bd_page_type=1/ssid=0/uid=0/pu=sz%401320_1001%2Cta%40iphone_2_14.0_19_27.2%2Cusm%402/baiduid=5068B87F63F87D55E2C10FD5E4102940/w=0_10_/t=iphone/l=1/tc,1,100,0
m.baidu.com/from=1013966u/bd_page_type=1/ssid=0/uid=0/pu=usm%400%2Csz%401320_1001%2Cta%40iphone_2_14.0_19_27.1/baiduid=78B8FC024F9C2491409532D10944D1ED/w=0_10_/t=iphone/l=1/tc,1,100,0
m.baidu.com/from=1013966u/bd_page_type=1/ssid=0/uid=0/pu=usm%400%2Csz%401320_1001%2Cta%40iphone_2_9.0_19_24.6/baiduid=0C2659D0DFDDC48E2452D4AC8561F155/w=0_10_/t=iphone/l=1/tc,1,100,0
m.baidu.com/from=1013966u/bd_page_type=1/ssid=0/uid=0/pu=usm%401%2Csz%401320_1001%2Cta%40iphone_2_12.0_19_26.4/baiduid=DFF14DC8C152260131C019BDF95E864A/w=0_10_/t=iphone/l=1/tc,1,100,0
m.baidu.com/from=1013966u/bd_page_type=1/ssid=0/uid=0/pu=usm%401%2Csz%401320_1001%2Cta%40iphone_2_14.0_19_24.4/baiduid=E415F78245F18E0571F983028A634D83/w=0_10_/t=iphone/l=1/tc,1,0,1118
m.baidu.com/from=1013966u/bd_page_type=1/ssid=0/uid=0/pu=usm%401%2Csz%401320_1001%2Cta%40iphone_2_15.0_19_26.5/baiduid=516820ADCAA0F91F4DBF75CA7D1D05F4/w=0_10_/t=iphone/l=1/tc,1,100,0
m.baidu.com/from=1015819s/bd_page_type=1/ssid=0/uid=0/pu=usm%402%2Csz%401320_1003%2Cta%40iphone_2_12.0_1_18.2/baiduid=7651E7FE4F9EBCE8BFBC5D90653D4E8D/w=0_20_/t=iphone/l=1/tc,1,100,0
m.baidu.com/from=1019311a/bd_page_type=1/ssid=0/uid=0/pu=usm%401%2Csz%401320_1001%2Cta%40iphone_2_11.0_19_27.1/baiduid=5344FB75C2D57C288D2FCE84943A074F/w=0_10_/t=iphone/l=1/tc,1,100,0
m.baidu.com/from=1019311a/bd_page_type=1/ssid=0/uid=0/pu=usm%401%2Csz%401320_1001%2Cta%40iphone_2_15.0_19_27.2/baiduid=C95193D5DA180E5FEE07C78C60000729/w=0_10_/t=iphone/l=1/tc,1,100,0
m.baidu.com/from=1019311a/bd_page_type=1/ssid=0/uid=0/pu=usm%404%2Csz%401320_1001%2Cta%40iphone_2_15.0_19_27.1/baiduid=FC18D287977B8959F19B7BA3FDD67567/w=0_10_/t=iphone/l=1/tc,1,100,0
m.baidu.com/from=1019311v/bd_page_type=1/ssid=0/uid=0/pu=sz%401320_1001%2Cta%40iphone_2_14.0_19_26.7%2Cusm%402/baiduid=25096EFA7C398741B146973089A101C2/w=0_10_/t=iphone/l=1/tc,1,0,5
m.baidu.com/from=1019311v/bd_page_type=1/ssid=0/uid=0/pu=usm%400%2Csz%401320_1001%2Cta%40iphone_2_6.0_19_16.7/baiduid=63C7F5D75079D9F4C71C22CA4D4D3581/w=0_10_/t=iphone/l=1/tc,1,100,0
m.baidu.com/from=1019311v/bd_page_type=1/ssid=0/uid=0/pu=usm%401%2Csz%401320_1001%2Cta%40iphone_2_15.0_19_23.6/baiduid=9BE31C8FF4B105E0F064A5271959914D/w=0_10_/t=iphone/l=1/tc,1,100,0
m.baidu.com/from=1019311v/bd_page_type=1/ssid=0/uid=0/pu=usm%401%2Csz%401320_1001%2Cta%40iphone_2_15.0_19_27.3/baiduid=81DC469BD6BAAAD1A03BF1AA58E0485F/w=0_10_/t=iphone/l=1/tc,1,100,0
m.baidu.com/from=1019311v/bd_page_type=1/ssid=0/uid=0/pu=usm%402%2Csz%401320_1001%2Cta%40iphone_2_14.0_19_27.1/baiduid=97B9ABC1C5183D6FEE21832ED198C2A1/w=0_10_/t=iphone/l=1/tc,1,100,0
m.baidu.com/from=1019311v/bd_page_type=1/ssid=0/uid=0/pu=usm%402%2Csz%401320_1001%2Cta%40iphone_2_15.0_19_27.1/baiduid=FBF7F7765B454633F133911CAA808FB2/w=0_10_/t=iphone/l=1/tc,1,100,0
m.baidu.com/from=1019311v/bd_page_type=1/ssid=0/uid=0/pu=usm%402%2Csz%401320_1001%2Cta%40iphone_2_15.0_19_27.2/baiduid=998B1DA530BE1C67FE2ACAF4C14F82A5/w=0_10_/t=iphone/l=1/tc,1,100,0
m.baidu.com/from=1020681k/bd_page_type=1/ssid=0/uid=0/pu=usm%401%2Csz%401320_1001%2Cta%40iphone_2_14.0_18_40.10/baiduid=7127E984CE2911FB6EBDA0B67FF9904C/w=0_10_/t=iphone/l=1/tc,1,100,0
m.baidu.com/from=1020761f/bd_page_type=1/ssid=0/uid=0/pu=sz%401320_1001%2Cta%40iphone_2_12.0_19_27.2%2Cusm%402/baiduid=449138D8E46A4500C70EAEBC45F8BFCA/w=0_10_/t=iphone/l=1/tc,1,100,0
m.baidu.com/from=1020761f/bd_page_type=1/ssid=0/uid=0/pu=usm%400%2Csz%401320_1001%2Cta%40iphone_2_13.0_19_27.1/baiduid=CBEF7EEBE705CD0150B6280DBC48153B/w=0_10_/t=iphone/l=1/tc,1,100,0
m.baidu.com/from=1020761f/bd_page_type=1/ssid=0/uid=0/pu=usm%400%2Csz%401320_1001%2Cta%40iphone_2_14.0_19_18.7/baiduid=8CA4BC87CE28202990893ABF00C880B9/w=0_10_/t=iphone/l=1/tc,1,100,0
m.baidu.com/from=1020761f/bd_page_type=1/ssid=0/uid=0/pu=usm%400%2Csz%401320_1001%2Cta%40iphone_2_15.0_19_26.4/baiduid=560D3F644AFCF80703D541225FDA6E19/w=0_10_/t=iphone/l=1/tc,1,100,0
m.baidu.com/from=1020761f/bd_page_type=1/ssid=0/uid=0/pu=usm%401%2Csz%401320_1001%2Cta%40iphone_2_10.0_19_27.2/baiduid=E449938D508BFE2F4FD3A89DCCEEC8B7/w=0_10_/t=iphone/l=1/tc,1,100,0
m.baidu.com/from=1020761f/bd_page_type=1/ssid=0/uid=0/pu=usm%401%2Csz%401320_1001%2Cta%40iphone_2_15.0_19_27.2/baiduid=F161FB391CDF0E2D5D0E34675F4AD5F7/w=0_10_/t=iphone/l=1/tc,1,100,0
m.baidu.com/from=1020761f/bd_page_type=1/ssid=0/uid=0/pu=usm%402%2Csz%401320_1001%2Cta%40iphone_2_10.0_19_26.3/baiduid=B7E5FC4CB46383F374F823F567C1A7B3/w=0_10_/t=iphone/l=1/tc,1,100,0
m.baidu.com/from=1020761f/bd_page_type=1/ssid=0/uid=0/pu=usm%402%2Csz%401320_1001%2Cta%40iphone_2_15.0_19_27.2/baiduid=2ED9DE33787D81143F948EEF987432D9/w=0_10_/t=iphone/l=1/tc,1,100,0
m.baidu.com/from=1020761t/bd_page_type=1/ssid=0/uid=0/pu=usm%401%2Csz%401320_1001%2Cta%40iphone_2_8.1_19_27.2/baiduid=3A45CC5FAADD84F934403EBEB5C47D89/w=0_10_/t=iphone/l=1/tc,1,100,0
m.baidu.com/from=1027624n/bd_page_type=1/ssid=0/uid=0/pu=sz%401320_480%2Ccuid%4008BQijPLSajq8SiPjPHiug8kHf0g828X_iv88giSBa8y92MxgtHkOb9aA%2Ccua%40_a2AiyaC2ig-NE6pI5me6NN02I_Uhvh5ST4qA%2Ccut%40_a2Y8YkAHigQiLiHgNvFiyN6moi5pQqAC%2Cosname%40baiduboxapp%2Cctv%402%2Ccfrom%40757b%2Ccen%40cuid_cua_cut%2Cosbranch%40a2%2Ccsrc%40app_mainbox_txt%2Cta%40iphone_2_15.0_11_20.7%2Cusm%401/baiduid=C9856EBAD6F4A03CB67AD58EC9F68D43/w=0_10_/t=iphone/l=1/tc,1,100,0
m.baidu.com/from=1027624n/bd_page_type=1/ssid=0/uid=0/pu=sz%401320_480%2Ccuid%400a26fjuL2u0Ya2iTg8HZ80arvulNuHiJliHiagaABaKaLqqqB%2Ccua%40_a2Ii4aO2igBNE6pI5me6NN02I_Uhvh5QdpqA%2Ccut%40_u2Q8_kmWigriL8DgNvFiyN6moi5pQqAC%2Cosname%40baiduboxapp%2Cctv%402%2Ccfrom%40757b%2Ccen%40cuid_cua_cut%2Cosbranch%40a2%2Ccsrc%40app_mainbox_txt%2Cta%40iphone_2_15.0_11_20.7%2Cusm%401/baiduid=AF8EBB51BE0134BC09E47C77F953CA5F/w=0_10_/t=iphone/l=1/tc,1,100,0
maku77.github.io,1,100,0
manaba.jwu.ac.jp,1,100,0
noname774.xyz,1,100,0
note.shiftinc.jp,1,0,1611
ntp.msn.com,1,0,10
paiza.jp/works/python3/primer/beginner-python1/4005/1,1,100,0
paiza.jp/works/python3/primer/beginner-python2/4015,1,100,0
paiza.jp/works/python3/primer/beginner-python2/4015/1,1,0,580
pip.pypa.io/en/stable/installation,1,0,626
premium.aidemy.jp,1,100,0
pytest-mock.readthedocs.io/en/latest/usage.html,1,0,0
python-izm.com,1,100,0
python.ambitious-engineer.com,1,100,0
pythonandai.com,1,0,17
r.search.yahoo.com/_ylt=AwrOqKID_jRpPgIAeOoPxQt.;_ylu=Y29sbwNncTEEcG9zAzEEdnRpZAMEc2VjA3Ny/RV=2/RE=1766290179/RO=10/RU=https%3a%2f%2fdocs.python.org%2fja%2f3.15%2flibrary%2ftime.html/RK=2/RS=YwJT90sQmrLKHffbBDcMYxgdIEw-,1,100,0
relief.jp,1,100,0
rstone-jp.com,1,0,25
scrapy-docs-ja.readthedocs.io/ja/latest/intro/tutorial.html,1,100,0
scsk2022.aidemy.jp,1,100,0
so.m.sm.cn,1,100,0
so.n.cn/search/d76d4e8a4e354541b3e8c7c24dcb0447,1,0,1980
sphinx-doc.org,1,0,59
sphinx-users.jp,1,0,30
srbrnote.work,1,100,0
srbrnote.work/archives/5162,1,100,0
statics.teams.cdn.office.net,1,100,0
t.co,1,100,0
t2.cs.tohoku-gakuin.ac.jp,1,100,0
techblog.asahi-net.co.jp,1,100,0
teratail.com,1,100,0
