name,unique_exits,total_exits,exit_rate
/pt-br/3/,95,97,
/pt-br/3.13/tutorial/index.html,94,97,
/pt-br/3/tutorial/index.html,86,88,
/pt-br/3.13/library/venv.html,81,81,
/pt-br/3.13/library/math.html,66,68,
/pt-br/3.13/library/random.html,64,69,
/pt-br/3/library/,57,60,
/pt-br/3/tutorial/,56,57,
/pt-br/3.13/,52,56,
/pt-br/3/library/stdtypes.html,51,55,
/pt-br/3.13/library/tkinter.html,50,52,
/pt-br/3.13/tutorial/classes.html,49,50,
/pt-br/3.13/tutorial/datastructures.html,49,49,
/pt-br/3.13/library/functions.html,47,47,
/pt-br/dev/library/venv.html,47,47,
/pt-br/3.13/library/string.html,45,46,
/pt-br/3/tutorial/introduction.html,42,43,
/pt-br/3.13/tutorial/introduction.html,40,40,
/pt-br/3.13/tutorial/interpreter.html,38,40,
/pt-br/3.13/library/index.html,36,38,
/pt-br/3/tutorial/controlflow.html,36,39,
/pt-br/3.13/library/datetime.html,33,35,
/pt-br/3.13/tutorial/controlflow.html,31,34,
/pt-br/3.13/search.html,29,29,
/pt-br/3/library/venv.html,29,29,
/pt-br/3/tutorial/datastructures.html,28,28,
/3/,27,27,
/pt-br/3.13/faq/windows.html,27,27,
/pt-br/3/library/functions.html,25,25,
/pt-br/3/library/math.html,24,24,
/pt-br/3.13/tutorial/inputoutput.html,22,22,
/pt-br/3.13/library/stdtypes.html,21,21,
/pt-br/3.13/tutorial/appetite.html,21,25,
/pt-br/3/library/index.html,20,22,
/pt-br/3.13/library/turtle.html,18,18,
/pt-br/3/tutorial/interpreter.html,18,18,
/pt-br/3.13/tutorial/errors.html,17,17,
/pt-br/3/library/tkinter.html,17,17,
/pt-br/3/search.html,17,17,
/pt-br/3/using/cmdline.html,17,17,
/pt-br/3.13/library/os.html,16,17,
/pt-br/3/tutorial/classes.html,16,16,
/pt-br/3/using/android.html,15,16,
/pt-br/dev/reference/import.html,15,15,
/pt-br/3.13/glossary.html,14,14,
/pt-br/3.13/library/csv.html,14,14,
/pt-br/3.13/using/windows.html,14,14,
/pt-br/dev/tutorial/datastructures.html,14,14,
/pt-br/3.13/tutorial/modules.html,13,14,
/pt-br/3/library/datetime.html,13,13,
/pt-br/3/library/random.html,13,13,
/pt-br/3.13/library/re.html,12,12,
/pt-br/3/tutorial/appetite.html,12,13,
/pt-br/3/library/__main__.html,11,11,
/pt-br/dev/howto/sorting.html,11,11,
/pt-br/3.13/library/__main__.html,10,10,
/pt-br/3.13/whatsnew/3.13.html,10,10,
/3/library/venv.html,9,9,
/pt-br/3.13/howto/logging.html,9,9,
/pt-br/3.13/library/tk.html,9,9,
/pt-br/3.13/reference/index.html,9,9,
/pt-br/3/tutorial/inputoutput.html,9,9,
/pt-br/3/tutorial/venv.html,9,10,
/pt-br/3.13/library/os.path.html,8,8,
/pt-br/3.13/library/time.html,8,9,
/pt-br/3.13/library/tkinter.messagebox.html,8,11,
/pt-br/3/reference/index.html,8,8,
/pt-br/dev/faq/general.html,8,8,
/3.13/,7,7,
/3/library/index.html,7,7,
/3/library/random.html,7,7,
/3/library/tkinter.html,7,7,
/pt-br/3.12/,7,7,
/pt-br/3.13/howto/sorting.html,7,7,
/pt-br/3.13/installing/index.html,7,7,
/pt-br/3/download.html,7,7,
/pt-br/3/library/intro.html,7,9,
/pt-br/3/library/os.html,7,7,
/pt-br/3/tutorial/errors.html,7,7,
/pt-br/3/whatsnew/3.13.html,7,8,
/3/library/datetime.html,6,6,
/3/tutorial/index.html,6,6,
/pt-br/3.12/tutorial/index.html,6,7,
/pt-br/3.13/c-api/set.html,6,6,
/pt-br/3.13/library/exceptions.html,6,6,
/pt-br/3.13/library/json.html,6,6,
/pt-br/3.13/library/logging.html,6,6,
/pt-br/3.13/py-modindex.html,6,6,
/pt-br/3.13/tutorial/,6,7,
/pt-br/3/library/string.html,6,6,
/pt-br/3/library/subprocess.html,6,6,
/pt-br/3/reference/datamodel.html,6,6,
/pt-br/dev/library/calendar.html,6,7,
/3/library/functions.html,5,5,
/pt-br/3.13/index.html,5,5,
/pt-br/3.13/library/collections.html,5,5,
/pt-br/3.13/library/decimal.html,5,5,
/pt-br/3.13/library/dialog.html,5,5,
/pt-br/3.13/library/shutil.html,5,5,
/pt-br/3.13/library/sys.html,5,5,
