name,visitors,bounce_rate,visit_duration
Direct / None,130,72,202
google.com,81,78,87
bing.com,11,100,60
python.org,5,0,391
chatgpt.com,2,50,18
privacywall.org,2,50,8
servicedesk,2,100,0
app.fobizz.com,1,0,444
boot.dev,1,0,41
codecademy.com,1,0,497
copilot.microsoft.com,1,100,0
docs-community.readthedocs.io,1,0,96
m.baidu.com/from=1019311v/bd_page_type=1/ssid=0/uid=0/pu=usm%402%2Csz%401320_1001%2Cta%40iphone_2_15.0_19_25.6/baiduid=4E88162D8A3D001C5B8DDE722E646E2B/w=20_10_/t=iphone/l=1/tc,1,100,0
notebooks.githubusercontent.com,1,0,66
roadmap.sh,1,0,399
statics.teams.cdn.office.net,1,100,0
t.co,1,0,59
