name,unique_entrances,total_entrances,visit_duration
/3.14/tutorial/index.html,1327,1374,73
/3.14/using/windows.html,1288,1308,75
/3/,1161,1172,414
/3.14/,592,610,150
/3.14/tutorial/,395,406,138
/dev/using/windows.html,338,340,701
/3.14/index.html,281,294,66
/3.14/whatsnew/3.14.html,276,277,74
/zh-cn/3.14/,151,156,302
/zh-cn/3.14/using/index.html,120,122,143
/3.14/tutorial/interpreter.html,118,127,217
/3.14/library/functions.html,114,121,128
/zh-cn/3.14/tutorial/index.html,113,122,427
/3/tutorial/index.html,107,107,429
/3.14/tutorial/appetite.html,103,107,224
/3.14/search.html,99,106,364
/3.14/library/stdtypes.html,97,98,190
/3.14/library/index.html,76,80,227
/zh-cn/3.14/library/index.html,73,74,462
/3.14/library/,72,74,55
/3.14/tutorial/controlflow.html,72,79,189
/3.14/tutorial/introduction.html,70,71,166
/zh-cn/3.14/tutorial/controlflow.html,59,63,80
/3/library/index.html,56,56,533
/3/using/windows.html,50,50,321
/3.14/using/mac.html,49,52,105
/3/library/functions.html,46,46,553
/zh-cn/3.14/using/windows.html,45,45,87
/3/tutorial/,44,44,362
/3.14/library/idle.html,43,44,27
/3/search.html,43,44,593
/3.15/,42,42,482
/zh-cn/3.14/library/idle.html,40,40,107
/zh-cn/3.14/tutorial/introduction.html,39,43,293
/es/3.14/tutorial/index.html,37,40,216
/zh-cn/3.14/index.html,37,40,533
/3.14/library/pathlib.html,35,37,195
/3.14/tutorial/datastructures.html,35,35,133
/es/3.14/,35,37,154
/zh-cn/3.14/library/functions.html,35,35,172
/3/library/idle.html,33,33,384
/fr/3.14/,32,32,78
/zh-cn/3.14/whatsnew/3.14.html,32,32,357
/zh-cn/3.14/library/stdtypes.html,31,32,49
/3.14/library/tkinter.html,30,32,45
/3/library/stdtypes.html,30,30,576
/zh-cn/3.14/tutorial/datastructures.html,30,31,163
/zh-cn/3.14/tutorial/,28,30,131
/3/index.html,27,27,260
/zh-cn/3.14/tutorial/classes.html,27,28,148
/ja/3.14/library/i18n.html,26,26,1
/pt-br/3.14/tutorial/controlflow.html,26,32,606
/zh-cn/3/,25,25,579
/zh-cn/3.14/installing/index.html,24,24,76
/zh-cn/3.14/tutorial/interpreter.html,24,26,668
/3.14/glossary.html,23,23,309
/3/whatsnew/3.14.html,23,23,527
/ja/3.14/,23,27,444
/zh-cn/3.14/glossary.html,23,24,697
/3.14/installing/index.html,22,23,190
/3.14/library/datetime.html,22,22,16
/3/library/tkinter.html,22,22,229
/zh-cn/3.14/search.html,22,23,164
/3.13/,21,21,224
/3.14/contents.html,21,22,156
/3/reference/index.html,21,21,442
/es/3.14/tutorial/introduction.html,21,23,291
/pt-br/3.14/tutorial/index.html,21,21,273
/zh-cn/3.14/download.html,21,21,225
/zh-cn/3.14/using/cmdline.html,21,21,95
/3.14/library/random.html,20,23,193
/3.14/reference/lexical_analysis.html,20,22,356
/3/library/string.html,20,20,468
/zh-cn/3.14/contents.html,20,20,347
/3.14/library/turtle.html,19,19,57
/pt-br/3.14/,19,20,285
/zh-cn/3.14/reference/datamodel.html,19,19,740
/3.14/library/typing.html,18,18,67
/3.14/reference/index.html,18,18,388
/3.14/tutorial/classes.html,18,19,10
/zh-cn/3.14/library/tkinter.html,18,18,23
/zh-cn/3.14/using/mac.html,18,18,101
/3.14/library/subprocess.html,17,20,78
/3.14/tutorial/modules.html,17,17,38
/3/tutorial/datastructures.html,17,17,826
/es/3.14/library/functions.html,17,17,8
/zh-cn/3.14/reference/lexical_analysis.html,17,18,159
/zh-cn/3.14/tutorial/appetite.html,17,17,37
/zh-cn/3.14/tutorial/modules.html,17,17,363
/3.14/library/exceptions.html,16,16,5
/3.14/library/string.templatelib.html,16,17,191
/3/library/math.html,16,16,136
/zh-cn/3.14/library/os.html,16,18,218
/3.14/library/asyncio.html,15,16,15
/3.14/library/io.html,15,17,119
/3.14/reference/compound_stmts.html,15,15,279
/3/tutorial/controlflow.html,15,15,406
/es/3.14/library/stdtypes.html,15,15,185
/fr/3.14/tutorial/introduction.html,15,15,33
/zh-cn/3.14/library/re.html,15,15,24
/zh-cn/3.14/reference/index.html,15,16,807
/zh-cn/3.14/tutorial/inputoutput.html,15,16,518
/zh-cn/3.14/using/android.html,15,15,14
/3.14/library/math.html,14,14,56
/3.14/library/os.html,14,14,45
/3.14/py-modindex.html,14,14,229
/3.14/reference/datamodel.html,14,18,616
/3.14/using/index.html,14,14,93
/3/library/random.html,14,14,1373
/3/tutorial/classes.html,14,14,627
/es/3.14/search.html,14,14,107
/3.14/download.html,13,13,18
/3.14/tutorial/inputoutput.html,13,14,810
/3/library/,13,13,475
/3/library/datetime.html,13,13,394
/3/tutorial/introduction.html,13,13,224
/es/3.14/library/index.html,13,14,348
/es/3.14/tutorial/appetite.html,13,14,360
/es/3.14/tutorial/controlflow.html,13,13,46
/3/tutorial/appetite.html,12,12,836
/fr/3.14/tutorial/index.html,12,13,45
/ja/3.14/library/index.html,12,14,401
/pt-br/3.14/tutorial/classes.html,12,13,0
/zh-cn/3.14/library/pathlib.html,12,12,17
/3.14/library/string.html,11,11,408
/3.14/reference/expressions.html,11,12,7
/3/contents.html,11,11,603
/3/download.html,11,11,1072
/3/faq/,11,11,346
/3/library/csv.html,11,11,1428
/3/library/turtle.html,11,11,1087
/3/library/venv.html,11,11,409
/3/py-modindex.html,11,11,227
/3/tutorial/errors.html,11,11,707
/3/using/index.html,11,11,595
/es/3.14/tutorial/,11,13,266
/fr/3.14/search.html,11,11,38
/ko/3.14/,11,12,449
/3.14/library/concurrent.futures.html,10,11,136
/3.15/whatsnew/3.15.html,10,11,155
/3/library/sqlite3.html,10,11,958
/es/3/tutorial/,10,10,611
/fr/3.14/library/bisect.html,10,10,99
/ja/3.14/tutorial/interpreter.html,10,12,0
/ko/3.14/tutorial/index.html,10,10,308
/pt-br/3.14/tutorial/introduction.html,10,12,254
/pt-br/3/,10,10,536
/zh-cn/3.14/library/asyncio.html,10,11,435
/zh-cn/3.14/library/collections.html,10,11,194
/zh-cn/3.14/library/multiprocessing.html,10,10,0
/zh-cn/3.14/library/subprocess.html,10,10,396
/zh-cn/3.14/py-modindex.html,10,10,32
/3.14/deprecations/index.html,9,9,0
/3.14/library/functools.html,9,9,209
/3.14/library/sys.html,9,10,2
/3.14/license.html,9,11,75
/3.15/using/windows.html,9,9,635
/3/library/exceptions.html,9,9,862
/3/library/logging.html,9,9,1048
/3/library/os.html,9,9,98
/3/library/typing.html,9,9,136
/3/tutorial/inputoutput.html,9,9,389
/3/tutorial/interpreter.html,9,9,220
/es/3.14/tutorial/errors.html,9,10,733
/es/3.14/using/index.html,9,11,156
/fr/3.14/library/functions.html,9,11,137
/ja/3.14/search.html,9,13,157
/ja/3/,9,9,848
/zh-cn/3.14/library/,9,9,330
/zh-cn/3.14/library/string.html,9,9,32
/3.14/library/argparse.html,8,8,31
/3.14/library/itertools.html,8,8,1451
/3.14/whatsnew/changelog.html,8,8,112
/3/library/subprocess.html,8,8,309
/es/3.14/tutorial/interpreter.html,8,8,162
/pt-br/3.14/library/index.html,8,9,63
/zh-cn/3.14/installing/,8,8,13
/zh-cn/3.14/library/urllib.request.html,8,8,35
/zh-cn/3.14/library/venv.html,8,8,0
/zh-cn/3.14/tutorial/stdlib2.html,8,8,26
/zh-tw/3/tutorial/index.html,8,8,1026
/3.14/library/ast.html,7,9,0
/3.14/library/codecs.html,7,7,10
/3.14/library/intro.html,7,7,23
/3.14/library/multiprocessing.html,7,7,1
/3.14/library/re.html,7,7,1016
/3.14/library/types.html,7,7,7
/3.14/reference/introduction.html,7,7,38
/3/library/json.html,7,7,164
/3/library/re.html,7,7,724
/es/3/,7,7,595
/fr/3.14/tutorial/controlflow.html,7,7,234
/fr/3/tutorial/,7,7,388
/ja/3.14/tutorial/,7,7,38
/ja/3.14/tutorial/index.html,7,8,44
/pt-br/3.14/library/random.html,7,7,1
/zh-cn/3.14/howto/a-conceptual-overview-of-asyncio.html,7,7,1082
/zh-cn/3.14/library/itertools.html,7,8,903
/zh-cn/3.14/library/math.html,7,7,44
/zh-cn/3.14/tutorial/venv.html,7,7,780
/zh-tw/3.14/library/index.html,7,7,289
/3.12/,6,6,303
/3.14/library/asyncio-task.html,6,6,421
/3.14/library/dataclasses.html,6,6,0
/3.14/library/json.html,6,6,103
/3.14/library/logging.html,6,6,0
/3.14/library/threading.html,6,6,0
/3.14/tutorial/venv.html,6,6,409
/3/library/argparse.html,6,6,444
/3/library/asyncio.html,6,6,166
/3/library/multiprocessing.html,6,6,86
/3/library/pathlib.html,6,6,163
/3/library/socket.html,6,6,610
/3/tutorial/modules.html,6,6,488
/3/tutorial/venv.html,6,6,221
/es/3.14/library/math.html,6,7,164
/es/3.14/library/string.html,6,7,31
/es/3.14/tutorial/datastructures.html,6,7,1
/fr/3.14/contents.html,6,6,544
/fr/3.14/tutorial/datastructures.html,6,6,88
/it/3.14/,6,6,7
/ja/3.14/library/stdtypes.html,6,7,46
/pl/3.14/library/functions.html,6,6,105
/pt-br/3.14/tutorial/appetite.html,6,6,40
/zh-cn/3.14/library/functools.html,6,6,0
/zh-cn/3.14/library/intro.html,6,6,960
/zh-cn/3.14/library/random.html,6,6,332
/zh-cn/3.14/reference/compound_stmts.html,6,7,11
/zh-cn/3.14/reference/expressions.html,6,7,432
/zh-cn/3.14/tutorial/appendix.html,6,6,50
/zh-cn/3.14/tutorial/stdlib.html,6,6,191
/zh-cn/3.14/using/configure.html,6,7,215
/zh-cn/3/tutorial/,6,6,388
/zh-cn/3/tutorial/index.html,6,6,1323
/zh-tw/3.14/tutorial/index.html,6,6,308
/3.14/library/collections.html,5,6,13
/3.14/library/configparser.html,5,5,4
/3.14/library/heapq.html,5,5,0
/3.14/library/inspect.html,5,5,0
/3.14/library/os.path.html,5,5,0
/3.14/library/profile.html,5,5,0
/3.14/library/venv.html,5,5,165
/3.14/reference/import.html,5,5,1436
/3.14/tutorial/appendix.html,5,5,325
/3.14/tutorial/errors.html,5,5,0
/3.14/tutorial/stdlib.html,5,5,12
/3.14/whatsnew/index.html,5,5,495
/3/installing/index.html,5,5,326
/3/library/decimal.html,5,5,132
/3/library/itertools.html,5,5,88
/3/library/tempfile.html,5,5,650
/3/library/threading.html,5,5,435
/3/reference/datamodel.html,5,5,2383
/3/using/cmdline.html,5,5,91
/dev/,5,5,10
/es/3.14/library/,5,8,160
/es/3.14/library/turtle.html,5,5,213
/es/3.14/using/windows.html,5,5,134
/ja/3.14/library/datetime.html,5,5,0
/ja/3.14/library/random.html,5,9,34
/ja/3.14/tutorial/inputoutput.html,5,5,143
/ko/3/,5,5,124
/pt-br/3.14/library/stdtypes.html,5,5,2
/pt-br/3.14/library/tkinter.html,5,5,9
/pt-br/3.14/search.html,5,6,47
/pt-br/3.14/tutorial/interpreter.html,5,6,78
/zh-cn/3.13/tutorial/index.html,5,5,442
/zh-cn/3.14/howto/regex.html,5,5,0
/zh-cn/3.14/library/asyncio-sync.html,5,5,907
/zh-cn/3.14/library/asyncio-task.html,5,6,2
/zh-cn/3.14/library/concurrent.futures.html,5,5,12
/zh-cn/3.14/library/ensurepip.html,5,5,132
/zh-cn/3.14/library/exceptions.html,5,5,706
/zh-cn/3.14/library/pdb.html,5,5,6
/zh-cn/3.14/library/tempfile.html,5,5,87
/zh-cn/3.14/library/uuid.html,5,5,0
/zh-cn/3.14/reference/simple_stmts.html,5,6,10
/zh-cn/3.15/,5,5,900
/zh-tw/3.14/tutorial/modules.html,5,5,0
/zh-tw/3.14/using/android.html,5,5,23
/3.13/tutorial/,4,4,354
/3.14/genindex.html,4,4,23
/3.14/howto/regex.html,4,4,0
/3.14/library/csv.html,4,4,25
/3.14/library/keyword.html,4,4,1060
/3.14/library/operator.html,4,4,18
/3.14/library/sqlite3.html,4,4,0
/3.14/library/statistics.html,4,4,0
/3.14/library/struct.html,4,4,0
/3.14/library/unittest.mock.html,4,4,0
/3.14/library/wsgiref.html,4,4,0
/3.14/reference/simple_stmts.html,4,4,2
/3.14/using/android.html,4,4,620
/3/genindex.html,4,4,328
/3/glossary.html,4,4,1125
/3/howto/index.html,4,4,492
/3/howto/regex.html,4,4,365
/3/library/collections.html,4,4,1124
/3/library/dataclasses.html,4,4,904
/3/library/enum.html,4,4,589
