name,version,visitors
Chrome,143.0,6735
Microsoft Edge,143.0,2171
Chrome,139.0,948
Firefox,146.0,943
Chrome,142.0,541
Safari,26.2,271
Opera,125.0,227
Safari,26.1,208
Microsoft Edge,142.0,175
Safari,18.6,173
Firefox,140.0,153
Yandex Browser,25.12,129
Chrome,141.0,114
Chrome,140.0,107
Chrome,117.0,105
Chrome,135.0,81
Mobile App,(not set),76
Firefox,145.0,72
Chrome,138.0,66
Chrome,132.0,59
Safari,26.0,59
Safari,18.5,44
Chrome,109.0,36
Firefox,128.0,31
Chrome,122.0,30
Chrome,134.0,27
Chrome,131.0,26
Safari,26.3,25
Chrome,116.0,24
Firefox,5.0,24
Chrome,111.0,22
Microsoft Edge,140.0,21
Safari,17.6,21
Safari,18.7,21
Chrome,137.0,20
Smart Lenovo Browser,9.0,20
Chrome,125.0,18
Chrome,133.0,18
Chrome,136.0,18
Microsoft Edge,141.0,18
Firefox,144.0,18
Samsung Browser,29.0,18
360 Secure Browser,(not set),17
Chrome,118.0,17
Sogou Explorer,2,17
Yandex Browser,25.10,17
(not set),(not set),16
Firefox,115.0,16
Chrome,69.0,16
Chrome,126.0,15
Chrome,91.0,15
Microsoft Edge,122.0,14
Chrome,124.0,14
Chrome,145.0,13
Quark,(not set),12
Chrome,128.0,12
Microsoft Edge,139.0,12
Chrome,144.0,12
Safari,18.3,12
Firefox,136.0,11
Microsoft Edge,138.0,11
Mobile App,143.0,11
Chrome,103.0,10
Chrome,119.0,10
Firefox,147.0,10
UC Browser,18.4,10
Safari,18.4,10
Microsoft Edge,134.0,9
Firefox,141.0,9
Safari,15.6,9
Safari,10.0,8
Chrome,108.0,8
Chrome,127.0,8
Firefox,137.0,8
Safari,16.6,8
Chrome,105.0,7
Chrome,121.0,7
Chrome,129.0,7
Microsoft Edge,135.0,7
Firefox,146.1,7
Safari,17.3,7
Safari,17.5,7
QQ Browser,19.9,7
Whale Browser,4.35,7
Safari,(not set),6
Opera,124.0,6
Microsoft Edge,129.0,6
Firefox,143.0,6
Safari,17.4,6
Safari,18.1,6
Microsoft Edge,92.0,6
Chrome,99.0,6
Brave,(not set),5
Microsoft Edge,100.0,5
Chrome,104.0,5
Firefox,109.0,5
Chrome,110.0,5
Chrome,120.0,5
Chrome,123.0,5
Chrome,130.0,5
Firefox,135.0,5
Microsoft Edge,137.0,5
Firefox,139.0,5
Yandex Browser,25.8,5
Chrome,107.0,4
Chrome,114.0,4
Microsoft Edge,127.0,4
Microsoft Edge,130.0,4
Microsoft Edge,131.0,4
Firefox,142.0,4
Safari,16.3,4
Safari,18.2,4
Yandex Browser,24.10,4
QQ Browser,6.2,4
Quark,10.1,3
Chrome,102.0,3
Chrome,106.0,3
Chrome,112.0,3
Opera,123.0,3
Firefox,125.0,3
Microsoft Edge,128.0,3
Microsoft Edge,133.0,3
Firefox,138.0,3
Microsoft Edge,144.0,3
Firefox,148.0,3
Huawei Browser Mobile,16.0,3
Safari,17.2,3
MIUI Browser,20.8,3
Chrome,63.0,3
Chrome,86.0,3
Opera,93.0,3
Safari,12.1,2
Opera,122.0,2
Mobile App,126.0,2
Firefox,132.0,2
Microsoft Edge,136.0,2
Mobile App,138.0,2
Safari,17.0,2
Safari,17.1,2
Safari,17.8,2
Safari,18.0,2
SeaMonkey,2.53,2
QQ Browser,20.0,2
Yandex Browser,25.104,2
Yandex Browser,25.6,2
vivo Browser,27.6,2
Whale Browser,4.34,2
Chrome,70.0,2
Chrome,83.0,2
Chrome,87.0,2
Mobile App,95.0,2
Microsoft Edge,98.0,2
Chrome,100.0,1
Chrome,101.0,1
Microsoft Edge,104.0,1
Internet Explorer,11.0,1
Opera,11.11,1
Microsoft Edge,111.0,1
Firefox,112.0,1
Chrome,113.0,1
Firefox,113.0,1
Microsoft Edge,113.0,1
Mobile App,114.0,1
Microsoft Edge,114.0,1
Microsoft Edge,116.0,1
Microsoft Edge,117.0,1
Microsoft Edge,118.0,1
Microsoft Edge,120.0,1
Opera,120.0,1
Microsoft Edge,124.0,1
Opera,126.0,1
Microsoft Edge,126.0,1
QQ Browser,13.2,1
MIUI Browser,13.22,1
QQ Browser,13.4,1
QQ Browser,13.5,1
Firefox,130.0,1
Firefox,131.0,1
Microsoft Edge,132.0,1
Mobile App,133.0,1
Mobile App,134.0,1
Safari,14.1,1
Firefox,140.5,1
Mobile App,141.0,1
Norton Private Browser,142.0,1
Firefox,143,1
Avast Secure Browser,143.0,1
Microsoft Edge,145.0,1
Safari,15.2,1
Safari,15.3,1
Safari,16.4,1
Safari,16.5,1
UC Browser,18.2,1
QQ Browser,19.4,1
QQ Browser,19.8,1
Phoenix Browser,20.2,1
Chrome,23.0,1
Yandex Browser,23.3,1
Yandex Browser,24.1,1
Yandex Browser,24.12,1
Yandex Browser,24.4,1
Yandex Browser,24.6,1
Yandex Browser,24.7,1
Yandex Browser,25.2,1
Yandex Browser,25.4,1
vivo Browser,27.1,1
Kindle Browser,3.0,1
Opera GX,3.1,1
Pale Moon,33.2,1
Aloha Browser,4.15,1
Whale Browser,4.31,1
Firefox,44.0,1
Firefox,45.0,1
Chrome,47.0,1
Huawei Browser Mobile,5.1,1
QtWebEngine,5.15,1
Reeder,5.5,1
Chrome,59.0,1
JioSphere,6.0,1
QtWebEngine,6.10,1
QtWebEngine,6.7,1
Qwant Mobile,6.9,1
QtWebEngine,6.9,1
Firefox,60.0,1
Chrome,71.0,1
Raspbian Chromium,74.0,1
Mypal,74.1,1
Firefox,79.0,1
Mobile Silk,80.4,1
Chrome,89.0,1
Chrome,90.0,1
Mobile App,91.0,1
Chrome,93.0,1
Chrome,96.0,1
Mobile App,97.0,1
Chrome,97.0,1
Chrome,98.0,1
