name,visitors
England,744
California,598
Virginia,293
New York,279
Texas,244
Île-de-France,243
Tokyo,213
Hesse,199
Colorado,191
Bavaria,182
Ontario,163
Illinois,156
North Rhine-Westphalia,153
Karnataka,153
Maharashtra,152
São Paulo,127
North Holland,123
Tamil Nadu,122
Mazovia,122
Baden-Württemberg,117
Washington,115
Massachusetts,108
Georgia,107
Telangāna,99
Florida,96
Seoul,90
Oregon,89
Beijing,87
Guangdong,86
Zürich,85
Quebec,82
Pennsylvania,79
South Holland,78
Moscow,78
Berlin,77
Tel Aviv,75
New Jersey,75
Delhi,70
British Columbia,69
Madrid Autonomous Community,67
Ho Chi Minh City,66
Capital Region,61
Maryland,59
North Carolina,58
Leinster,56
Michigan,56
Hanoi,55
Prague,54
Lombardy,54
Osaka,54
New South Wales,53
Utah,53
Vienna,52
Ohio,50
Kyiv,49
Arizona,49
Shanghai,48
Saint Petersburg,48
Taipei,48
Western Australia,47
Ciudad de Mexico,47
Catalonia,46
Uusimaa,46
Victoria,43
Shandong,43
Stockholm,42
Hamburg,40
Saxony,40
Gyeonggi,40
Punjab,40
Province 3,39
Zhejiang,38
Lesser Poland,38
Flanders,37
Uttar Pradesh,36
Iowa,36
Minas Gerais,35
Gauteng,33
Brussels,32
Alberta,32
Jiangsu,32
Auvergne-Rhône-Alpes,31
Provence-Alpes-Côte-d'Azur,31
Haryana,31
Buenos Aires Province,30
Rio de Janeiro,30
Kerala,30
Santiago Metropolitan,29
Pichincha,29
Budapest,29
Lower Saxony,28
Oslo,28
Gujarat,27
North Brabant,27
Rio Grande do Sul,26
Lower Silesia,26
Pomerania,26
Missouri,26
South Carolina,26
Capital District,25
Kanagawa,25
Anhui,24
Sichuan,24
Cairo,24
Rajasthan,24
Lagos,24
Alabama,24
Minsk,23
Andalusia,23
New Taipei,23
Sofia,22
Scotland,22
Metro Manila,22
Brandenburg,21
Hauts-de-France,21
Lazio,21
Tennessee,21
Tashkent,21
Buenos Aires,20
Occitanie,20
Nevada,20
Dubai,19
Ceará,19
Federal District,19
Hebei,19
Antioquia,19
Rhineland-Palatinate,19
Central Denmark,19
Sindh,19
Bangkok,19
Minnesota,19
Paraná,18
Madhya Pradesh,18
Chiba,18
Iași,18
Krasnodar Krai,18
Sverdlovsk,18
Connecticut,18
Queensland,17
Attica,17
Emilia-Romagna,17
Gelderland,17
Lisbon,17
Porto,17
Samara,17
Istanbul,17
Louisiana,17
Wisconsin,17
Fujian,16
Henan,16
Hubei,16
Jakarta,16
Nairobi County,16
Utrecht,16
Skåne,16
Washington DC,16
Hunan,15
West Java,15
Central,15
West Bengal,15
Hormozgan,15
Veneto,15
Vilnius County,15
Lima,15
Voronezh,15
Shaanxi,14
South Moravia,14
Schleswig-Holstein,14
Harjumaa,14
Brittany,14
Wales,14
Zagreb,14
Saitama,14
Kuala Lumpur,14
Auckland,14
Greater Poland,14
Moscow Province,14
Riyadh,14
Bratislava,14
Taichung,14
Pernambuco,13
Santa Catarina,13
Valencian Community,13
Pays-de-la-Loire,13
Aichi,13
Bucharest,13
Beograd,13
Ankara,13
Idaho,13
Indiana,13
New Hampshire,13
Western Cape,13
Upper Austria,12
Thuringia,12
Grand-Est,12
Western,12
Selangor,12
Yerevan,11
Wallonia,11
Tbilisi,11
Piedmont,11
Jalisco,11
Islamabad,11
Novosibirsk,11
San Salvador,11
Córdoba,10
Manitoba,10
San José,10
Nouvelle-Aquitaine,10
Uttarākhand,10
Amman,10
Incheon,10
Daejeon,10
Oriental,10
Lima Region,10
Calabarzon,10
Dnipropetrovshchyna,10
Dhaka Division,9
Goiás,9
Geneva,9
Limassol,9
Plzeň,9
Saxony-Anhalt,9
Canary Islands,9
East Java,9
Northern,9
Almaty City,9
Mexico State,9
Querétaro,9
Silesia,9
Västra Götaland,9
Ljubljana,9
Dakar,9
Lvivshchyna,9
Abu Dhabi,8
Australian Capital Territory,8
Baku,8
Paraíba,8
Rio Grande do Norte,8
Basel-Stadt,8
Vaud,8
Tianjin,8
Valle del Cauca,8
Moravia-Silesia,8
Galicia,8
Addis Ababa,8
Jerusalem,8
Andhra Pradesh,8
Astana,8
Riga,8
Puebla,8
Flevoland,8
Łódź,8
Leningrad,8
Kyivshchyna,8
Rivnenshchyna,8
Kharkivshchyna,8
Arkansas,8
Da Nang,8
Chongqing,7
Liaoning,7
Central Bohemia,7
South Bohemia,7
Zealand,7
Distrito Nacional,7
Castile and León,7
Pirkanmaa,7
Centre-Val de Loire,7
Kwai Tsing New Territories,7
Punjab,7
Baghdad,7
Campania,7
Apulia,7
Yucatán,7
Limburg,7
Overijssel,7
Cluj,7
Chelyabinsk,7
Rostov,7
Odeshchyna,7
South Australia,6
Bahia,6
Bern,6
Zug,6
Cundinamarca,6
Algiers,6
Banten,6
Jharkhand,6
Fukuoka,6
South Chungcheong,6
Tamaulipas,6
Rivers,6
NO-02,6
Canterbury,6
Panamá,6
Central Luzon,6
Bashkortostan,6
Nizhny Novgorod,6
Tatarstan,6
Tambov,6
