name,version,visitors
Chrome,137.0,715
Mobile App,(not set),583
Microsoft Edge,137.0,118
Mobile App,97.0,69
Safari,18.5,65
Chrome,136.0,53
Huawei Browser Mobile,16.0,27
Samsung Browser,28.0,21
Chrome,134.0,19
Chrome,135.0,19
vivo Browser,24.9,19
Whale Browser,4.32,17
MIUI Browser,19.6,15
Firefox,139.0,13
Chrome,133.0,8
UC Browser,17.7,8
MIUI Browser,19.5,7
Microsoft Edge,135.0,6
Microsoft Edge,136.0,6
vivo Browser,24.7,6
Chrome,109.0,5
Chrome,112.0,5
Chrome,123.0,5
Chrome,126.0,5
Chrome,132.0,5
Chrome,138.0,5
Safari,16.6,5
Safari,18.3,5
Safari,(not set),4
Mobile App,137.0,4
Chrome,139.0,4
Safari,18.4,4
vivo Browser,24.6,4
vivo Browser,24.8,4
Chrome,86.0,4
(not set),(not set),3
Microsoft Edge,109.0,3
Chrome,114.0,3
Mobile App,114.0,3
Chrome,122.0,3
Microsoft Edge,130.0,3
Microsoft Edge,131.0,3
Chrome,131.0,3
Microsoft Edge,132.0,3
Microsoft Edge,134.0,3
Microsoft Edge,138.0,3
MIUI Browser,19.3,3
Yandex Browser,25.4,3
Whale Browser,4.31,3
Chrome,107.0,2
Microsoft Edge,107.0,2
Microsoft Edge,112.0,2
Mobile App,117.0,2
Huawei Browser Mobile,12.1,2
Microsoft Edge,124.0,2
Chrome,125.0,2
Chrome,127.0,2
Firefox,135.0,2
Safari,15.6,2
Safari,16.1,2
vivo Browser,16.7,2
MIUI Browser,18.3,2
vivo Browser,23.6,2
vivo Browser,24.5,2
Android Browser,(not set),1
vivo Browser,10.8,1
vivo Browser,10.9,1
Mobile App,100.0,1
Mobile App,101.0,1
Microsoft Edge,106.0,1
Chrome,111.0,1
Microsoft Edge,114.0,1
Microsoft Edge,115.0,1
Firefox,115.0,1
Chrome,115.0,1
Chrome,116.0,1
Mobile App,116.0,1
Safari,12.1,1
Microsoft Edge,126.0,1
Chrome,128.0,1
Microsoft Edge,129.0,1
Chrome,129.0,1
Firefox,136.0,1
MIUI Browser,14.1,1
vivo Browser,14.5,1
Firefox,140.0,1
Huawei Browser Mobile,15.0,1
Safari,15.3,1
UC Browser,15.3,1
Safari,15.5,1
MIUI Browser,15.5,1
Safari,16.0,1
Safari,17.13,1
Safari,17.4,1
UC Browser,17.5,1
Safari,17.6,1
Safari,18.0,1
Safari,18.2,1
MIUI Browser,18.2,1
vivo Browser,18.7,1
MIUI Browser,18.8,1
MIUI Browser,19.0,1
MIUI Browser,19.1,1
QQ Browser,19.1,1
MIUI Browser,19.7,1
Sogou Explorer,2,1
vivo Browser,20.5,1
vivo Browser,21.0,1
vivo Browser,22.9,1
vivo Browser,24.0,1
vivo Browser,24.3,1
vivo Browser,25.0,1
Yandex Browser,25.2,1
Samsung Browser,28.1,1
Whale Browser,3.18,1
Whale Browser,4.29,1
Oppo Browser,4.3,1
Whale Browser,4.30,1
Oppo Browser,4.7,1
Quark,7.12,1
Quark,7.13,1
Chrome,88.0,1
Mobile App,90.0,1
Chrome,90.0,1
Chrome,91.0,1
Mobile App,92.0,1
Chrome,92.0,1
