name,visitors,pageviews,bounce_rate,time_on_page,scroll_depth
/zh-tw/3.13/tutorial/index.html,168,212,59,1321,53
/zh-tw/3/tutorial/index.html,70,102,68,37,59
/zh-tw/3.13/library/venv.html,58,61,84,55,35
/zh-tw/3.13/tutorial/controlflow.html,56,64,85,233,43
/zh-tw/3.13/tutorial/interpreter.html,44,45,80,177,75
/zh-tw/3.13/howto/sorting.html,36,39,84,27,31
/zh-tw/3/library/index.html,36,39,59,23,37
/zh-tw/3.13/tutorial/introduction.html,35,37,84,79,46
/zh-tw/dev/installing/index.html,33,33,68,18,57
/zh-tw/3.13/tutorial/appetite.html,32,30,42,41,91
/zh-tw/3.13/library/random.html,31,36,91,44,45
/zh-tw/3.13/tutorial/datastructures.html,31,34,76,85,35
/zh-tw/3.13/library/functions.html,30,32,79,38,38
/zh-tw/3/library/re.html,30,36,85,103,31
/zh-tw/3.13/using/mac.html,28,30,69,18,32
/zh-tw/3.13/library/json.html,26,24,87,17,40
/zh-tw/3/howto/argparse.html,26,26,88,142,38
/zh-tw/3.13/tutorial/errors.html,24,22,94,30,26
/zh-tw/3/tutorial/appetite.html,24,28,72,90,77
/zh-tw/3.13/library/collections.html,22,22,84,29,44
/zh-tw/3/tutorial/interpreter.html,22,19,86,37,74
/zh-tw/dev/library/os.path.html,22,21,85,22,33
/zh-tw/3.13/,21,17,33,8,71
/zh-tw/3.13/library/os.path.html,21,23,84,74,60
/zh-tw/3.13/tutorial/inputoutput.html,21,17,100,46,44
/zh-tw/3/tutorial/introduction.html,21,28,71,115,78
/zh-tw/3.13/library/heapq.html,20,18,94,45,45
/zh-tw/3.13/library/csv.html,19,17,93,24,45
/zh-tw/3.13/library/stdtypes.html,19,24,100,47,25
/zh-tw/3.13/library/index.html,18,24,33,23,38
/zh-tw/3.13/library/enum.html,17,16,94,158,29
/zh-tw/3.13/tutorial/classes.html,17,16,90,115,41
/zh-tw/3/tutorial/classes.html,16,20,85,105,32
/zh-tw/3.13/tutorial/modules.html,15,13,78,140,46
/zh-tw/3.13/faq/windows.html,14,12,92,39,52
/zh-tw/3.13/index.html,14,15,67,13,87
/zh-tw/3/,14,18,38,12,77
/zh-tw/3/library/concurrent.futures.html,14,16,93,64,43
/zh-tw/3.13/contents.html,13,12,60,33,12
/zh-tw/3.13/library/pathlib.html,13,15,77,70,34
/zh-tw/3.13/library/string.html,13,13,82,31,60
/zh-tw/3.13/library/threading.html,13,12,80,79,20
/zh-tw/3.13/search.html,13,16,0,8,42
/zh-tw/3/tutorial/controlflow.html,13,18,88,187,59
/zh-tw/3.13/whatsnew/3.13.html,12,12,33,55,9
/zh-tw/3/library/functions.html,12,17,40,14,61
/zh-tw/3.13/glossary.html,11,8,60,15,23
/zh-tw/3.13/howto/sockets.html,11,12,82,32,48
/zh-tw/3.13/library/typing.html,11,10,67,96,53
/zh-tw/3.13/tutorial/,11,14,83,15,33
/zh-tw/3/library/pickle.html,10,12,90,81,25
/zh-tw/dev/library/csv.html,10,10,90,239,50
/zh-tw/3.13/tutorial/venv.html,9,8,67,75,91
/zh-tw/3.13/installing/index.html,8,8,100,65,50
/zh-tw/3.13/library/ast.html,8,8,100,13,16
/zh-tw/3.13/library/math.html,8,9,71,38,42
/zh-tw/3/search.html,8,21,17,26,95
/zh-tw/3/tutorial/datastructures.html,8,12,67,189,65
/zh-tw/dev/library/threading.html,8,8,100,34,48
/zh-tw/dev/library/venv.html,8,8,100,32,37
/zh-tw/3.13/library/copy.html,7,7,86,14,76
/zh-tw/3.13/library/operator.html,7,6,80,71,68
/zh-tw/3.13/library/statistics.html,7,6,80,29,35
/zh-tw/3.13/library/uuid.html,7,7,86,339,36
/zh-tw/3.13/reference/datamodel.html,7,6,80,23,21
/zh-tw/3/index.html,7,8,0,4,70
/zh-tw/3/library/pdb.html,7,7,86,12,14
/zh-tw/3/tutorial/venv.html,7,7,75,161,78
/zh-tw/3.13/library/asyncio.html,6,5,100,378,72
/zh-tw/3.13/library/bisect.html,6,6,100,13,38
/zh-tw/3.13/library/functools.html,6,8,83,25,55
/zh-tw/3.13/library/html.parser.html,6,6,100,52,43
/zh-tw/3.13/library/timeit.html,6,7,67,32,62
/zh-tw/3.13/library/urllib.request.html,6,5,75,21,14
/zh-tw/3.13/whatsnew/index.html,6,6,75,3,6
/zh-tw/3/library/venv.html,6,5,80,108,53
/zh-tw/3/reference/index.html,6,8,33,16,71
/zh-tw/3/tutorial/modules.html,6,6,100,94,58
/zh-tw/3.12/using/mac.html,5,5,100,14,32
/zh-tw/3.13/library/__main__.html,5,5,80,32,28
/zh-tw/3.13/library/intro.html,5,3,100,10,91
/zh-tw/3.13/library/multiprocessing.shared_memory.html,5,5,80,125,50
/zh-tw/3.13/library/queue.html,5,5,100,14,62
/zh-tw/3.13/reference/index.html,5,5,100,12,52
/zh-tw/3.13/tutorial/floatingpoint.html,5,7,60,124,70
/zh-tw/3/download.html,5,4,100,5,85
/zh-tw/3/glossary.html,5,5,75,14,74
/zh-tw/3/library/unittest.mock-examples.html,5,5,80,10,10
/zh-tw/3/tutorial/,5,5,60,117,51
/zh-tw/3/tutorial/stdlib.html,5,3,33,147,35
/zh-tw/dev/reference/index.html,5,5,25,256,96
/zh-tw/3.12/installing/index.html,4,4,100,11,40
/zh-tw/3.13/faq/general.html,4,3,100,18,22
/zh-tw/3.13/howto/annotations.html,4,3,50,20,83
/zh-tw/3.13/library/abc.html,4,4,75,32,49
/zh-tw/3.13/library/ensurepip.html,4,3,100,27,38
/zh-tw/3.13/library/gc.html,4,4,100,78,36
/zh-tw/3.13/library/hashlib.html,4,5,50,12,17
/zh-tw/3.13/library/tempfile.html,4,4,33,32,14
/zh-tw/3.13/library/time.html,4,4,100,150,33
