name,visitors,bounce_rate,visit_duration
Direct / None,1014,69,192
google.com,882,74,157
bing.com,104,66,228
python.org,71,0,254
cursos.alura.com.br,50,88,16
search.brave.com,41,87,18
baidu.com,23,96,2
chatgpt.com,22,82,101
udemy.com,18,71,57
br.search.yahoo.com,17,81,42
m.baidu.com,14,93,0
duckduckgo.com,13,64,81
netacad.com,11,100,3
perplexity.ai,8,90,3
google.com.br,7,71,143
classroom.google.com,6,71,770
unoeste.br,6,100,0
judge.beecrowd.com,5,83,1
prairie-heath-fb8.notion.site,5,100,0
web.dio.me,5,100,0
baidu.com/link,4,100,0
gemini.google.com,4,80,9
gstatic.com,4,100,0
materialdigital.unicesumar.edu.br,4,100,0
android-app://com.google.android.googlequicksearchbox,3,67,119
google.pt,3,33,512
moodle.aehn.net,3,100,0
copilot.microsoft.com,2,0,924
gist.github.com,2,100,0
m.baidu.com/from=1020681l/bd_page_type=1/ssid=0/uid=0/pu=usm%401%2Csz%401320_1001%2Cta%40iphone_2_14.0_18_40.10/baiduid=C294668818BCBC180E772D39A69AC607/w=0_10_/t=iphone/l=1/tc,2,50,2
notion.so,2,100,0
on.fiap.com.br,2,100,0
pucrs-ie-assets-prod.edtech.com.br,2,100,0
pythonfluente.com,2,100,0
rigor-gustavog.medium.com,2,100,0
techcamps.hbtn.io,2,0,409
unibb.alura.com.br,2,100,0
alunos.daxus.com.br,1,100,0
ava.sesisenai.org.br,1,100,0
ava.ufscar.br,1,100,0
cimatecead.senaicimatec.com.br,1,100,0
claude.ai,1,0,15
codaqui.dev,1,0,0
docs-python-org.translate.goog,1,0,1271
eadcursosgratuitos.mackenzie.br,1,100,0
github.com,1,100,0
github.com/andrepfdev/fastAPI,1,100,0
graduacao.cederj.edu.br,1,0,15
guj.com.br,1,0,46
ic.unicamp.br,1,100,0
login.microsoftonline.com,1,100,0
m.baidu.com/from=1019311v/bd_page_type=1/ssid=0/uid=0/pu=usm%401%2Csz%401320_1001%2Cta%40iphone_2_16.0_19_26.7/baiduid=8F9A87ACE87B026C12F6B1E4CEE9FECB/w=0_10_/t=iphone/l=1/tc,1,100,0
m.baidu.com/from=1020786r/bd_page_type=1/ssid=0/uid=0/pu=usm%401%2Csz%401320_1001%2Cta%40iphone_2_15.0_19_26.7/baiduid=F4148C0F167F5B36FA6190813D9CFE3D/w=30_10_/t=iphone/l=1/tc,1,0,116
m.baidu.com/from=1040455c/bd_page_type=1/ssid=0/uid=0/pu=sz%401320_480%2Ccuid%40g82JiluN2t0OuSa8li2j808sHulK82ua0a2S8jP_Hi8j91Ph0tWCPwMmA%2Ccua%40_a-qiyuOvfg4NE6pI5me6NN0-I_Uh2NpgN2n8Aq6C%2Cosname%40baiduboxapp%2Cctv%402%2Ccfrom%401030738b%2Ccen%40cuid_cua%2Cc3_aid%40A00-RZKPUIKEUTITBFKUJ4ZXIE4EQFAFSYZO-S7NRW5UY%2Ccsrc%40app_mainbox_txt%2Cta%40iphone___31_9.5%2Cusm%400/baiduid=9B60D4DC5E89895990627E790381E762/w=0_10_/t=iphone/l=1/tc,1,100,0
pedronoia.pt,1,100,0
presencial.moodle.ufsc.br,1,100,0
pucminas.instructure.com/courses/230808/modules/items/4964536,1,100,0
pygame.org,1,0,18
r.search.yahoo.com,1,100,0
r.search.yahoo.com/_ylt=AwrihZSMGA1pHwIAYEbz6Qt.;_ylu=Y29sbwNiZjEEcG9zAzEEdnRpZAMEc2VjA3Ny/RV=2/RE=1763675532/RO=10/RU=https%3a%2f%2fdocs.python.org%2fpt-br%2f3%2flibrary%2fstatistics.html/RK=2/RS=kBqXTYk1jDmKUjLUlfpY8WeYYM8-,1,100,0
sites.google.com,1,0,23
sphinx-doc.org/en/master,1,0,491
statics.teams.cdn.office.net,1,100,0
wiki.python.org,1,0,293
youtube.com,1,100,0
zack-rodrigues.github.io,1,0,1806
