name,unique_exits,total_exits,exit_rate
/fr/3.13/tutorial/index.html,129,133,
/fr/3/library/json.html,64,64,
/fr/3/library/csv.html,63,65,
/fr/3/tutorial/,59,65,
/fr/dev/installing/index.html,57,57,
/fr/3.13/library/tkinter.html,51,52,
/fr/3.13/tutorial/classes.html,51,53,
/fr/3.13/tutorial/introduction.html,38,40,
/fr/3/library/random.html,33,34,
/fr/3/tutorial/datastructures.html,33,34,
/fr/3.13/library/datetime.html,32,32,
/fr/3.13/library/random.html,32,34,
/fr/3/,31,31,
/fr/3/library/enum.html,31,31,
/fr/3/howto/regex.html,29,29,
/fr/3.13/tutorial/datastructures.html,28,27,
/fr/3.13/using/windows.html,27,28,
/fr/3/library/statistics.html,26,26,
/fr/3.13/search.html,25,26,
/fr/3/library/__main__.html,25,25,
/fr/3/tutorial/venv.html,25,25,
/fr/3.13/library/functions.html,24,25,
/fr/3.13/tutorial/controlflow.html,24,24,
/fr/3.13/tutorial/interpreter.html,24,25,
/fr/3/tutorial/inputoutput.html,24,25,
/fr/3.13/,23,23,
/fr/3.13/library/stdtypes.html,22,23,
/fr/3/library/unittest.html,22,28,
/fr/3/tutorial/introduction.html,22,26,
/fr/3.13/howto/sorting.html,21,21,
/fr/3.13/library/turtle.html,21,22,
/fr/3.13/tutorial/errors.html,21,20,
/3/,20,20,
/fr/3.13/library/time.html,20,20,
/fr/3.13/library/collections.html,19,20,
/fr/3.13/reference/import.html,19,19,
/fr/3/library/sys.html,18,18,
/fr/3/search.html,18,19,
/fr/3/tutorial/classes.html,18,18,
/fr/3/tutorial/errors.html,18,19,
/fr/3/library/functions.html,17,16,
/fr/3.13/library/math.html,16,17,
/fr/3/howto/logging.html,16,17,
/fr/3/library/glob.html,16,16,
/fr/3/tutorial/controlflow.html,16,16,
/fr/dev/reference/compound_stmts.html,16,17,
/fr/3.13/tutorial/appetite.html,15,15,
/fr/3.13/tutorial/modules.html,15,16,
/fr/3/library/string.html,15,15,
/fr/3.13/library/operator.html,14,14,
/fr/3/library/multiprocessing.html,14,14,
/fr/3/library/tkinter.html,14,14,
/fr/3.13/library/base64.html,13,14,
/fr/3/library/stdtypes.html,13,13,
/fr/3/library/venv.html,13,14,
/fr/3/tutorial/interpreter.html,13,13,
/fr/3/using/cmdline.html,13,13,
/fr/3.13/genindex-Symboles.html,12,12,
/fr/3.13/howto/sockets.html,12,12,
/fr/3.13/faq/windows.html,11,11,
/fr/3.13/library/os.html,11,10,
/fr/3.13/using/editors.html,11,11,
/fr/3/tutorial/floatingpoint.html,11,11,
/fr/dev/tutorial/datastructures.html,11,11,
/fr/3.13/howto/argparse.html,10,10,
/fr/3.13/library/pathlib.html,10,10,
/fr/3.13/library/re.html,10,10,
/fr/3.13/library/subprocess.html,10,10,
/fr/3.13/reference/expressions.html,10,10,
/fr/3/library/exceptions.html,10,10,
/fr/3/library/threading.html,10,11,
/fr/3/tutorial/index.html,10,11,
/3/library/datetime.html,9,9,
/fr/3.13/library/index.html,9,9,
/fr/3/tutorial/appetite.html,9,9,
/fr/dev/library/xml.etree.elementtree.html,9,9,
/fr/3.13/library/copy.html,8,8,
/fr/3.13/library/pdb.html,8,9,
/fr/3/library/turtle.html,8,8,
/fr/3/tutorial/modules.html,8,8,
/3/library/argparse.html,7,7,
/fr/3.13/howto/unicode.html,7,7,
/fr/3.13/library/asyncio.html,7,8,
/fr/3.13/library/tkinter.ttk.html,7,7,
/fr/3.13/reference/lexical_analysis.html,7,7,
/fr/3.13/tutorial/,7,7,
/fr/3/using/mac.html,7,7,
/3/library/csv.html,6,6,
/3/library/functions.html,6,5,
/3/library/re.html,6,5,
/3/library/stdtypes.html,6,6,
/3/library/subprocess.html,6,6,
/3/library/time.html,6,6,
/3/library/venv.html,6,5,
/fr/3.12/library/stdtypes.html,6,6,
/fr/3.13/glossary.html,6,6,
/fr/3.13/library/heapq.html,6,6,
/fr/3.13/library/idle.html,6,6,
/fr/3.13/library/tkinter.font.html,6,6,
/fr/3.13/reference/simple_stmts.html,6,6,
