name,version,visitors
Chrome,135.0,74
Chrome,136.0,60
Microsoft Edge,136.0,26
Firefox,138.0,24
Safari,18.4,16
Firefox,131.0,4
Firefox,137.0,4
Safari,18.3,4
Firefox,128.0,3
Chrome,133.0,3
Avira Secure Browser,134.0,3
Chrome,109.0,2
Firefox,113.0,2
Opera,118.0,2
Chrome,122.0,2
Chrome,125.0,2
Chrome,134.0,2
Microsoft Edge,135.0,2
Safari,17.5,2
Safari,17.6,2
Samsung Browser,28.0,2
Opera,117.0,1
Chrome,128.0,1
Avast Secure Browser,134.0,1
Microsoft Edge,134.0,1
Firefox,134.0,1
Firefox,135.0,1
Safari,16.6,1
Safari,17.3,1
Safari,18.0,1
Safari,18.1,1
Yandex Browser,23.11,1
