name,version,visitors
Chrome,138.0,6962
Microsoft Edge,138.0,4577
Mobile App,(not set),986
Firefox,140.0,834
Chrome,137.0,802
Opera,119.0,503
Safari,18.5,468
Chrome,136.0,199
Microsoft Edge,137.0,176
Yandex Browser,25.6,139
Chrome,132.0,116
Chrome,122.0,114
Huawei Browser Mobile,16.0,93
Chrome,109.0,83
Smart Lenovo Browser,9.0,78
Chrome,135.0,77
Mobile App,97.0,74
Firefox,128.0,64
Microsoft Edge,136.0,63
Quark,(not set),62
Chrome,131.0,54
Chrome,133.0,51
vivo Browser,25.3,49
Firefox,139.0,41
Microsoft Edge,131.0,38
Chrome,129.0,37
Microsoft Edge,135.0,36
Opera,120.0,34
Safari,17.6,33
Safari,18.3,33
Chrome,134.0,32
Avast Secure Browser,137.0,31
Microsoft Edge,92.0,31
Chrome,86.0,29
Chrome,128.0,28
Safari,16.6,27
vivo Browser,25.2,27
Chrome,130.0,26
Samsung Browser,28.0,26
Microsoft Edge,139.0,23
Safari,18.1,23
MIUI Browser,19.8,23
Chrome,126.0,22
Firefox,138.0,22
Safari,15.6,22
MIUI Browser,19.7,21
Microsoft Edge,122.0,20
Firefox,115.0,19
Microsoft Edge,133.0,19
Firefox,136.0,19
Safari,18.4,19
Safari,17.5,18
Chrome,125.0,17
Microsoft Edge,130.0,17
Microsoft Edge,134.0,17
Opera,95.0,17
Chrome,114.0,16
Chrome,127.0,16
Microsoft Edge,132.0,16
UC Browser,17.7,16
Whale Browser,4.32,16
Microsoft Edge,127.0,15
Chrome,139.0,15
Safari,18.2,15
Chrome,120.0,14
Chrome,124.0,14
vivo Browser,25.1,14
vivo Browser,24.9,13
Yandex Browser,25.4,13
Safari,26.0,13
Chrome,112.0,12
AVG Secure Browser,137.0,12
Firefox,141.0,12
Chrome,108.0,11
Microsoft Edge,109.0,11
Huawei Browser,12.1,11
Chrome,121.0,11
Firefox,137.0,11
Microsoft Edge,18.18362,11
Chrome,103.0,10
Mobile App,114.0,10
Brave,(not set),9
Chrome,101.0,9
Microsoft Edge,117.0,9
Firefox,127.0,9
Microsoft Edge,129.0,9
Chrome,140.0,9
Safari,17.4,9
Safari,18.6,9
Chrome,95.0,9
Chrome,117.0,8
Huawei Browser Mobile,14.0,8
MIUI Browser,14.10,8
Safari,18.0,8
Sogou Explorer,2,8
vivo Browser,25.0,8
Quark,7.14,8
Chrome,119.0,7
Microsoft Edge,128.0,7
Norton Private Browser,137.0,7
Mobile App,137.0,7
Microsoft Edge,14.14393,7
Safari,17.1,7
(not set),(not set),6
Chrome,107.0,6
Microsoft Edge,113.0,6
Microsoft Edge,114.0,6
Chrome,116.0,6
Firefox,116.0,6
Microsoft Edge,120.0,6
Microsoft Edge,126.0,6
Firefox,133.0,6
Safari,16.1,6
Safari,16.4,6
Safari,17.2,6
Microsoft Edge,18.18363,6
Chrome,106.0,5
Firefox,134.0,5
Microsoft Edge,140.0,5
Microsoft Edge,18.19041,5
MIUI Browser,19.0,5
Quark,7.12,5
Microsoft Edge,100.0,4
Chrome,110.0,4
Microsoft Edge,111.0,4
Microsoft Edge,112.0,4
Microsoft Edge,116.0,4
Chrome,123.0,4
Microsoft Edge,125.0,4
Firefox,130.0,4
Firefox,135.0,4
Mobile Silk,136.7,4
Safari,14.1,4
Microsoft Edge,15.15063,4
Safari,17.13,4
Safari,17.3,4
QQ Browser,19.4,4
vivo Browser,4.9,4
Chrome,49.0,4
Chrome,63.0,4
Microsoft Edge,90.0,4
Chrome,90.0,4
Chrome,92.0,4
Mobile App,96.0,4
Chrome,98.0,4
Chrome,102.0,3
Microsoft Edge,106.0,3
Firefox,106.0,3
Opera,114.0,3
Microsoft Edge,115.0,3
Mobile App,116.0,3
Safari,12.1,3
Mobile App,130.0,3
Firefox,140.2,3
Safari,16.0,3
Microsoft Edge,16.16299,3
QQ Browser,19.2,3
QQ Browser,19.3,3
MIUI Browser,19.5,3
Microsoft Edge,84.0,3
Chrome,91.0,3
360 Secure Browser,(not set),2
Safari,(not set),2
Chrome,100.0,2
Firefox,101.0,2
Microsoft Edge,101.0,2
Firefox,102.0,2
Chrome,104.0,2
Microsoft Edge,105.0,2
Opera,106.0,2
Microsoft Edge,107.0,2
Avast Secure Browser,109.0,2
Mobile App,109.0,2
Huawei Browser Mobile,11.1,2
Chrome,111.0,2
Firefox,113.0,2
Chrome,115.0,2
Mobile App,117.0,2
Chrome,118.0,2
Mobile App,118.0,2
Microsoft Edge,119.0,2
Huawei Browser Mobile,12.0,2
Huawei Browser Mobile,12.1,2
Mobile App,120.0,2
Firefox,121.0,2
Firefox,122.0,2
Firefox,123.0,2
QQ Browser,13.4,2
QQ Browser,13.5,2
QQ Browser,13.6,2
QQ Browser,13.9,2
Mobile App,131.0,2
Firefox,132.0,2
Mobile App,138.0,2
Firefox,140.1,2
Firefox,140.3,2
Huawei Browser Mobile,15.0,2
Safari,16.3,2
Microsoft Edge,17.17134,2
Phoenix Browser,18.4,2
QQ Browser,19.1,2
MIUI Browser,19.6,2
vivo Browser,24.5,2
vivo Browser,24.6,2
vivo Browser,24.7,2
SberBrowser,28.0,2
Opera Devices,4.21,2
Oppo Browser,4.6,2
Huawei Browser Mobile,5.1,2
Mobile App,61.0,2
Samsung Browser,7.4,2
Chrome,78.0,2
Chrome,79.0,2
Chrome,83.0,2
Mobile App,83.0,2
Mobile App,88.0,2
MIUI Browser,9.8,2
Mobile App,91.0,2
Opera,92.0,2
Chrome,97.0,2
vivo Browser,10.8,1
Chrome,105.0,1
Microsoft Edge,108.0,1
Mobile App,108.0,1
Firefox,109.0,1
QQ Browser,11.8,1
Avast Secure Browser,111.0,1
Opera,115.0,1
Opera,116.0,1
Opera,117.0,1
Microsoft Edge,118.0,1
Firefox,118.0,1
Chrome,118.3,1
Chrome,121.15,1
Microsoft Edge,123.0,1
Firefox,124.0,1
Mobile App,124.0,1
QQ Browser,13.1,1
MIUI Browser,13.22,1
vivo Browser,13.7,1
Avast Secure Browser,130.0,1
Firefox,131.0,1
Avast Secure Browser,131.0,1
Mobile App,135.0,1
CCleaner,137.0,1
MIUI Browser,14.1,1
vivo Browser,14.3,1
vivo Browser,14.4,1
vivo Browser,14.5,1
MIUI Browser,14.6,1
Mobile App,140.0,1
Firefox,142.0,1
Safari,15.4,1
Safari,15.5,1
MIUI Browser,16.0,1
Safari,16.2,1
UC Browser,16.3,1
Safari,16.5,1
Safari,16.7,1
Safari,17.11,1
UC Browser,17.3,1
UC Browser,17.5,1
Safari,17.8,1
MIUI Browser,18.3,1
MIUI Browser,19.2,1
MIUI Browser,19.9,1
vivo Browser,20.5,1
Samsung Browser,23.0,1
vivo Browser,23.4,1
Samsung Browser,24.0,1
vivo Browser,24.3,1
vivo Browser,24.4,1
vivo Browser,24.8,1
Yandex Browser,25.2,1
vivo Browser,25.4,1
Samsung Browser,26.0,1
115 Browser,27.0,1
Whale Browser,3.22,1
AdBlock Browser,3.7,1
Whale Browser,3.9,1
115 Browser,35.3,1
Oppo Browser,4.3,1
Sleipnir,4.8,1
Firefox,41.0,1
DuckDuckGo Privacy Browser,5,1
Chrome,52.0,1
Mobile App,59.0,1
QtWebEngine,6.5,1
Chrome,64.0,1
Quark,7.13,1
Chrome,70.0,1
Firefox,70.0,1
Chrome,74.0,1
Opera,79.0,1
Smart Lenovo Browser,8.0,1
QQ Browser,8.1,1
Chrome,80.0,1
Chrome,81.0,1
Microsoft Edge,89.0,1
vivo Browser,9.3,1
