name,unique_exits,total_exits,exit_rate
/zh-cn/3/,608,624,
/zh-cn/3/tutorial/index.html,516,539,
/zh-cn/3.13/tutorial/index.html,205,206,
/zh-cn/3/tutorial/interpreter.html,193,196,
/zh-cn/3/tutorial/controlflow.html,191,209,
/zh-cn/3/tutorial/introduction.html,176,182,
/zh-cn/3.13/,154,158,
/zh-cn/3/library/index.html,152,159,
/zh-cn/3/tutorial/,137,143,
/zh-cn/3/library/functions.html,133,139,
/zh-cn/3.13/tutorial/controlflow.html,123,141,
/zh-cn/3/library/turtle.html,120,128,
/zh-cn/3.13/tutorial/introduction.html,115,121,
/zh-cn/3.13/library/functions.html,98,110,
/zh-cn/3.13/tutorial/interpreter.html,97,103,
/zh-cn/3.13/library/venv.html,85,85,
/zh-cn/3.13/library/turtle.html,82,89,
/zh-cn/3/tutorial/appetite.html,82,84,
/zh-cn/3/using/windows.html,78,81,
/zh-cn/3/tutorial/datastructures.html,75,77,
/zh-cn/3/library/stdtypes.html,73,73,
/zh-cn/3/library/math.html,71,86,
/zh-cn/3.13/tutorial/datastructures.html,67,70,
/zh-cn/3.13/library/index.html,66,69,
/3/,63,62,
/zh-cn/3.13/whatsnew/3.13.html,63,65,
/zh-cn/3.13/tutorial/classes.html,59,59,
/zh-cn/3.13/library/stdtypes.html,55,57,
/zh-cn/3/download.html,54,54,
/zh-cn/3.13/download.html,51,51,
/zh-cn/3.13/using/windows.html,48,51,
/zh-cn/3/reference/index.html,46,52,
/zh-cn/3.12/using/index.html,45,45,
/zh-cn/3/glossary.html,45,43,
/zh-cn/3/library/multiprocessing.html,44,45,
/zh-cn/3/tutorial/classes.html,44,46,
/zh-cn/3.13/using/android.html,41,41,
/zh-cn/dev/using/mac.html,41,41,
/zh-cn/3.13/tutorial/inputoutput.html,39,40,
/zh-cn/3.13/tutorial/modules.html,39,38,
/zh-cn/3/tutorial/modules.html,39,44,
/zh-cn/3.13/glossary.html,38,39,
/zh-cn/3/search.html,38,40,
/zh-cn/3/whatsnew/3.13.html,38,38,
/zh-cn/3/contents.html,37,38,
/zh-cn/3/using/index.html,37,38,
/zh-cn/3.12/using/mac.html,34,35,
/zh-cn/3/index.html,34,34,
/zh-cn/3/installing/index.html,34,34,
/zh-cn/3.13/tutorial/,33,34,
/zh-cn/3.13/tutorial/appetite.html,33,31,
/zh-cn/3/library/,32,42,
/zh-cn/3/tutorial/inputoutput.html,32,33,
/zh-cn/3.13/installing/index.html,31,31,
/zh-cn/3.13/index.html,30,30,
/zh-cn/3/library/venv.html,29,30,
/zh-cn/3.13/library/re.html,28,29,
/zh-cn/3.13/search.html,28,27,
/zh-cn/3.13/using/index.html,28,28,
/zh-cn/3/library/typing.html,28,31,
/zh-cn/3.13/library/idle.html,27,27,
/zh-cn/3/library/os.html,27,30,
/zh-cn/3/library/re.html,27,27,
/zh-cn/3.12/library/index.html,26,26,
/zh-cn/3.13/library/subprocess.html,25,26,
/zh-cn/3.12/whatsnew/3.12.html,24,24,
/zh-cn/3.13/library/tkinter.html,24,24,
/zh-cn/3/library/argparse.html,24,25,
/zh-cn/3/library/collections.html,24,24,
/zh-cn/3.12/,23,25,
/zh-cn/3.12/library/multiprocessing.html,23,24,
/zh-cn/3.13/library/multiprocessing.html,23,25,
/zh-cn/3.13/reference/lexical_analysis.html,23,26,
/zh-cn/3.13/tutorial/errors.html,23,24,
/zh-cn/3.12/tutorial/introduction.html,22,23,
/zh-cn/3.13/library/struct.html,22,23,
/zh-cn/3.13/reference/datamodel.html,22,23,
/zh-cn/3/library/datetime.html,22,22,
/zh-cn/3/library/idle.html,22,25,
/3.13/,21,20,
/zh-cn/3.12/tutorial/index.html,21,22,
/zh-cn/3.13/tutorial/stdlib.html,21,20,
/zh-cn/3.13/using/mac.html,21,21,
/zh-cn/3/library/random.html,21,22,
/zh-cn/3/library/tkinter.html,21,21,
/zh-cn/3/using/mac.html,21,21,
/zh-cn/3.12/tutorial/controlflow.html,20,21,
/zh-cn/3.13/library/logging.html,20,20,
/zh-cn/3.12/download.html,19,19,
/zh-cn/3.12/library/venv.html,19,19,
/zh-cn/3.12/using/windows.html,19,19,
/zh-cn/3.13/library/argparse.html,19,19,
/zh-cn/3.13/library/asyncio-task.html,19,21,
/zh-cn/3.12/howto/argparse.html,18,21,
/zh-cn/3.13/library/pathlib.html,18,19,
/zh-cn/3/extending/extending.html,18,21,
/zh-cn/dev/using/ios.html,18,20,
/zh-cn/3.12/library/functions.html,17,17,
/zh-cn/3.13/using/cmdline.html,17,17,
/zh-cn/3/library/logging.html,17,17,
