name,visitors,bounce_rate,visit_duration
google.com,3033,81,110
Direct / None,1805,63,253
m.baidu.com,628,73,25
qiita.com,217,83,69
bing.com,203,73,216
note.nkmk.me,155,87,149
google.co.jp,101,83,72
search.yahoo.co.jp,69,83,193
chatgpt.com,37,74,218
python.org,25,0,725
python.jp,24,79,185
utokyo-ipp.github.io,20,67,42
baidu.com/link,17,94,16
statics.teams.cdn.office.net,15,64,327
algo-method.com,14,31,836
baidu.com,11,100,0
chokkan.github.io,10,70,174
duckduckgo.com,10,80,20
github.com,10,80,9
teratail.com,8,100,0
lms.ealps.shinshu-u.ac.jp,7,71,124
blog.pyq.jp,6,67,807
hatenablog-parts.com,6,83,23
kokushikan.manaba.jp,6,17,1023
moocs.iniad.org,5,100,5
tutorials.chainer.org,5,80,128
hitachigroup.okta.com,4,75,1128
m.baidu.com/s,4,75,0
nlp.netlearning.co.jp,4,100,0
pyex.srbrnote.work,4,100,0
atcoder.jp,3,67,548
business.algo-method.com,3,33,25
copilot.microsoft.com,3,33,205
excel-ubara.com,3,67,824
gemini.google.com,3,100,0
jpc-excel.officeapps.live.com,3,33,24
perplexity.ai,3,100,0
10.250.0.254,2,0,1971
192.168.1.238,2,100,0
act-mis-langaccel-web.azurewebsites.net,2,50,6
aisin.aidemy.jp,2,100,0
bitarrow.eplang.jp,2,50,6
diver.diveintocode.jp,2,100,0
docs.pyq.jp,2,100,0
dotinstall.com,2,100,0
els.akita-u.ac.jp,2,50,256
fastapi.tiangolo.com,2,0,659
isc.meiji.ac.jp,2,100,0
jisou-programmer.beproud.jp/%E3%83%AD%E3%82%AE%E3%83%B3%E3%82%B0/69-%E3%83%AD%E3%82%B0%E3%83%A1%E3%83%83%E3%82%BB%E3%83%BC%E3%82%B8%E3%82%92%E3%83%95%E3%82%A9%E3%83%BC%E3%83%9E%E3%83%83%E3%83%88%E3%81%97%E3%81%A6%E3%83%AD%E3%82%AC%E3%83%BC%E3%81%AB%E6%B8%A1%E3%81%95%E3%81%AA%E3%81%84.html,2,0,690
letus.ed.tus.ac.jp,2,50,284
m.baidu.com/from=1001192y/bd_page_type=1/ssid=0/uid=0/pu=sz%401320_220%2Cta%40iphone___24_114.0%2Cusm%400/baiduid=3666BAD2A5B479CDEA516AFE1B4C1ECA/w=0_10_/t=iphone/l=1/tc,2,0,413
m.baidu.com/from=1015819s/bd_page_type=1/ssid=0/uid=0/pu=usm%400%2Csz%401320_1004%2Cta%40iphone_2_13.0_38_12.9/baiduid=2E3D28A56322C6E0FEE6093E5467DB04/w=0_20_/t=iphone/l=1/tc,2,100,0
m.baidu.com/from=1020761f/bd_page_type=1/ssid=0/uid=0/pu=sz%401320_1001%2Cta%40iphone_2_10.0_19_25.1%2Cusm%400/baiduid=81EAC17C00E4FF2FB9ECF8A32C06537A/w=0_10_/t=iphone/l=1/tc,2,50,202
m.baidu.com/from=1020761f/bd_page_type=1/ssid=0/uid=0/pu=sz%401320_1001%2Cta%40iphone_2_9.0_19_25.1%2Cusm%400/baiduid=65DDDFB445235E1FE7A0E02C45C89A9C/w=0_10_/t=iphone/l=1/tc,2,100,0
m.baidu.com/from=1040455c/bd_page_type=1/ssid=0/uid=0/pu=sz%401320_480%2Ccuid%4008-YiYaRH8YSuHf6gi268li6Signav8Dguv0i_iOHa8bkWhxJk1cMHAPA%2Ccua%40_a-qiyuOvig4NE64I5me6NN0-I_Uh2NlgI2cfAqSC%2Cosname%40baiduboxapp%2Cctv%402%2Ccfrom%401030738b%2Ccen%40cuid_cua%2Cc3_aid%40A00-NEQKBVX66XKJDONQBPZMN76UJJKEIYY4-4NV6OB2Z%2Ccsrc%40app_mainbox_txt%2Cta%40iphone___31_9.1%2Cusm%401/baiduid=2FB7B4681AE4BE4C784890B5BFDFBB67/w=0_10_/t=iphone/l=1/tc,2,100,0
m365.cloud.microsoft,2,50,622
mentor.ai.aws.dev,2,0,461
nlp.c.titech.ac.jp,2,50,32
paiza.jp/works/python3/primer/beginner-python1/4008,2,100,0
python-izm.com,2,50,102
python.org/events,2,0,31
pythonrev.blogspot.com,2,50,96
redmine-1.cloud-iaas.nec.co.jp,2,0,64
relief.jp,2,100,0
search.brave.com,2,100,0
sites.google.com,2,0,108
tech.preferred.jp,2,100,0
techblog.asahi-net.co.jp,2,100,0
text.geek-salon-products.com,2,100,0
7andi-digital.atlassian.net,1,0,716
aisea-gpt.km.local,1,0,13
amanotk.github.io,1,100,0
arika-blog.com/python-basic-commentary,1,100,0
armadillo.atmark-techno.com,1,100,0
atmarkit.itmedia.co.jp,1,100,0
atmarkit.itmedia.co.jp/ait/articles/1906/11/news007.html,1,100,0
atmarkit.itmedia.co.jp/ait/articles/2507/08/news025.html,1,100,0
atmarkit.itmedia.co.jp/ait/spv/1909/10/news013.html,1,100,0
brian0111.com/python-sudo-usage-guide,1,100,0
canon.aidemy.jp,1,100,0
cc.kyoto-su.ac.jp,1,100,0
chat.greatsimplex.com,1,0,2866
classroom.google.com,1,100,0
cn.bing.com,1,100,0
code.visualstudio.com,1,0,1527
colour.readthedocs.io/en/master/generated/colour.RGB_Colourspace.html,1,0,0
confluence.vplatf.com,1,100,0
curict.com,1,0,222
dataseeds-blog.com,1,0,10333
demura.net/robot/ros2/20803.html,1,100,0
docs.astral.sh,1,0,106
docs.google.com,1,100,0
epsongroup.sharepoint.com,1,100,0
forstasurveys.zendesk.com,1,0,174
free.aidemy.jp,1,100,0
gihyo.jp,1,100,0
github.wonder.jp-omron.com,1,100,0
google.com.hk,1,100,0
google.com/search,1,100,0
hbcsv009.murata.co.jp,1,0,0
headboost.jp,1,0,106
hibiki-press.tech/python/str-translate/5322,1,100,0
hitachiastemo.aidemy.jp,1,100,0
hpc.cmc.osaka-u.ac.jp,1,100,0
ids.itmedia.co.jp,1,100,0
inetnf.auth,1,100,0
intranet.nomuranow.com,1,100,0
kamiki.blog,1,100,0
kazuhira-r.hatenablog.com,1,0,166
keep.google.com,1,100,0
keisoku.co.jp,1,100,0
kewton.blog,1,0,90
link.csdn.net,1,0,166
login.microsoftonline.com,1,100,0
m.baidu.com/from=0/bd_page_type=1/ssid=0/uid=0/pu=usm%400%2Csz%401320_1001%2Cta%40iphone_2_11.0_24_83.0/baiduid=F748B11321020367BECB1A30C8AA79D1/w=0_10_/t=iphone/l=1/tc,1,100,0
m.baidu.com/from=0/bd_page_type=1/ssid=0/uid=0/pu=usm%400%2Csz%401320_1001%2Cta%40iphone_2_12.0_19_25.3/baiduid=711AF06C9A111413B4ABD28BE7C364A5/w=0_10_/t=iphone/l=1/tc,1,100,0
m.baidu.com/from=0/bd_page_type=1/ssid=0/uid=0/pu=vmgdb%400020100228y%2Csz%401320_1004%2Cusm%400/baiduid=45FB3704E136FEC16F19CC424ADE766B/w=0_10_/t=zbios/l=1/tc,1,100,0
m.baidu.com/from=0/bd_page_type=1/ssid=0/uid=0/pu=vmgdb%400020100228y%2Csz%401320_1004%2Cusm%400/baiduid=BC5B71328F8FDEC43E3151F97B6C0886/w=0_10_/t=zbios/l=1/tc,1,100,0
m.baidu.com/from=1001192y/bd_page_type=1/ssid=0/uid=0/pu=sz%401320_1001%2Cta%40iphone_2_10.0_28_16.0%2Cusm%400/baiduid=8335DD9DA42BCEB326F7B9F7A304DD0C/w=0_10_/t=iphone/l=1/tc,1,100,0
m.baidu.com/from=1001192y/bd_page_type=1/ssid=0/uid=0/pu=sz%401320_1001%2Cta%40iphone_2_10.0_28_16.0%2Cusm%400/baiduid=CAF74C9E9C8E05DBCCA4AD661F167A83/w=0_10_/t=iphone/l=1/tc,1,0,27
m.baidu.com/from=1001192y/bd_page_type=1/ssid=0/uid=0/pu=sz%401320_1001%2Cta%40iphone_2_12.0_28_15.0%2Cusm%400/baiduid=AE822017B672427A7E031F5111A90601/w=0_10_/t=iphone/l=1/tc,1,0,13
m.baidu.com/from=1001192y/bd_page_type=1/ssid=0/uid=0/pu=sz%401320_1001%2Cta%40iphone_2_12.0_28_16.0%2Cusm%400/baiduid=0300A9F51AF4CF9BD72A53FDC4F6F89B/w=0_10_/t=iphone/l=1/tc,1,0,21
m.baidu.com/from=1001192y/bd_page_type=1/ssid=0/uid=0/pu=sz%401320_1001%2Cta%40iphone_2_12.0_28_16.0%2Cusm%400/baiduid=6465AD4D42D220AA056585E703932D16/w=0_10_/t=iphone/l=1/tc,1,0,0
m.baidu.com/from=1001192y/bd_page_type=1/ssid=0/uid=0/pu=sz%401320_1001%2Cta%40iphone_2_12.0_28_16.0%2Cusm%400/baiduid=CADFFC14D7EFA78905733677401B4CFB/w=0_10_/t=iphone/l=1/tc,1,0,0
m.baidu.com/from=1001192y/bd_page_type=1/ssid=0/uid=0/pu=sz%401320_1001%2Cta%40iphone_2_12.0_28_16.0%2Cusm%400/baiduid=FE0659540A33D72BFCE8521D1A0B21EC/w=0_10_/t=iphone/l=1/tc,1,0,1
m.baidu.com/from=1001192y/bd_page_type=1/ssid=0/uid=0/pu=sz%401320_1001%2Cta%40iphone_2_12.0_28_16.0%2Cusm%401/baiduid=442683289438BC1F92755191F6BBFE86/w=0_10_/t=iphone/l=1/tc,1,100,0
m.baidu.com/from=1001192y/bd_page_type=1/ssid=0/uid=0/pu=usm%400%2Csz%401320_1001%2Cta%40iphone_2_10.0_28_16.0/baiduid=094347C2F3595915B4462847CAF93A54/w=0_10_/t=iphone/l=1/tc,1,100,0
m.baidu.com/from=1001192y/bd_page_type=1/ssid=0/uid=0/pu=usm%400%2Csz%401320_1001%2Cta%40iphone_2_10.0_28_16.0/baiduid=0E85540B415F3674588359A4A9881C80/w=0_10_/t=iphone/l=1/tc,1,100,0
m.baidu.com/from=1001192y/bd_page_type=1/ssid=0/uid=0/pu=usm%400%2Csz%401320_1001%2Cta%40iphone_2_10.0_28_16.0/baiduid=2A69DDDF51C22083E9880BC3DCBA8032/w=0_10_/t=iphone/l=1/tc,1,100,0
m.baidu.com/from=1001192y/bd_page_type=1/ssid=0/uid=0/pu=usm%400%2Csz%401320_1001%2Cta%40iphone_2_10.0_28_16.0/baiduid=37EFBF65111542F12444BE24F2040D26/w=0_10_/t=iphone/l=1/tc,1,100,0
m.baidu.com/from=1001192y/bd_page_type=1/ssid=0/uid=0/pu=usm%400%2Csz%401320_1001%2Cta%40iphone_2_10.0_28_16.0/baiduid=4A155172C2293D8495F5E8D004ABC922/w=0_10_/t=iphone/l=1/tc,1,0,2
m.baidu.com/from=1001192y/bd_page_type=1/ssid=0/uid=0/pu=usm%400%2Csz%401320_1001%2Cta%40iphone_2_10.0_28_16.0/baiduid=4AB5230BE526F5A02E44B00C0AC80F76/w=0_10_/t=iphone/l=1/tc,1,100,0
m.baidu.com/from=1001192y/bd_page_type=1/ssid=0/uid=0/pu=usm%400%2Csz%401320_1001%2Cta%40iphone_2_10.0_28_16.0/baiduid=56678FAC05A65D83163BB2D65744275E/w=0_10_/t=iphone/l=1/tc,1,0,0
m.baidu.com/from=1001192y/bd_page_type=1/ssid=0/uid=0/pu=usm%400%2Csz%401320_1001%2Cta%40iphone_2_10.0_28_16.0/baiduid=57D827D971FF2B05A305AFCCBC51CB68/w=0_10_/t=iphone/l=1/tc,1,100,0
m.baidu.com/from=1001192y/bd_page_type=1/ssid=0/uid=0/pu=usm%400%2Csz%401320_1001%2Cta%40iphone_2_10.0_28_16.0/baiduid=BF0E6E792A300483EA139B171BA6063C/w=0_10_/t=iphone/l=1/tc,1,100,0
m.baidu.com/from=1001192y/bd_page_type=1/ssid=0/uid=0/pu=usm%400%2Csz%401320_1001%2Cta%40iphone_2_10.0_28_16.0/baiduid=BF3D522517BEACC2BCAB407FA5BD6B21/w=0_10_/t=iphone/l=1/tc,1,0,6
m.baidu.com/from=1001192y/bd_page_type=1/ssid=0/uid=0/pu=usm%400%2Csz%401320_1001%2Cta%40iphone_2_10.0_28_16.0/baiduid=E72BF22D87DEC920472CA9DCC855B497/w=0_10_/t=iphone/l=1/tc,1,0,1
m.baidu.com/from=1001192y/bd_page_type=1/ssid=0/uid=0/pu=usm%400%2Csz%401320_1001%2Cta%40iphone_2_10.0_28_16.0/baiduid=FF5F1F3BFA5F23ACF4932DE94C77852F/w=0_10_/t=iphone/l=1/tc,1,0,1
m.baidu.com/from=1001192y/bd_page_type=1/ssid=0/uid=0/pu=usm%400%2Csz%401320_1001%2Cta%40iphone_2_11.0_28_16.0/baiduid=572C6C850003FB1E66D50F030CEB387D/w=0_10_/t=iphone/l=1/tc,1,0,0
m.baidu.com/from=1001192y/bd_page_type=1/ssid=0/uid=0/pu=usm%400%2Csz%401320_1001%2Cta%40iphone_2_12.0_28_15.0/baiduid=1811FD74EA539CB05721782C0565B0E5/w=0_10_/t=iphone/l=1/tc,1,100,0
m.baidu.com/from=1001192y/bd_page_type=1/ssid=0/uid=0/pu=usm%400%2Csz%401320_1001%2Cta%40iphone_2_12.0_28_16.0/baiduid=06097EE20F6D5190516EB35DF682B74D/w=0_10_/t=iphone/l=1/tc,1,0,9
m.baidu.com/from=1001192y/bd_page_type=1/ssid=0/uid=0/pu=usm%400%2Csz%401320_1001%2Cta%40iphone_2_12.0_28_16.0/baiduid=1064E2CB42A3AC7FAB629FB372914768/w=0_10_/t=iphone/l=1/tc,1,100,0
m.baidu.com/from=1001192y/bd_page_type=1/ssid=0/uid=0/pu=usm%400%2Csz%401320_1001%2Cta%40iphone_2_12.0_28_16.0/baiduid=195ADF917E6F92D369FEDB1E17FC443C/w=0_10_/t=iphone/l=1/tc,1,0,0
m.baidu.com/from=1001192y/bd_page_type=1/ssid=0/uid=0/pu=usm%400%2Csz%401320_1001%2Cta%40iphone_2_12.0_28_16.0/baiduid=196E147043EA059F204FBF06BB98DAE4/w=0_10_/t=iphone/l=1/tc,1,100,0
m.baidu.com/from=1001192y/bd_page_type=1/ssid=0/uid=0/pu=usm%400%2Csz%401320_1001%2Cta%40iphone_2_12.0_28_16.0/baiduid=1BF766CCB349B5D228EE547A42C9448B/w=0_10_/t=iphone/l=1/tc,1,100,0
m.baidu.com/from=1001192y/bd_page_type=1/ssid=0/uid=0/pu=usm%400%2Csz%401320_1001%2Cta%40iphone_2_12.0_28_16.0/baiduid=1EA0DCF0428758A967F936C65002B2F1/w=0_10_/t=iphone/l=1/tc,1,0,4
m.baidu.com/from=1001192y/bd_page_type=1/ssid=0/uid=0/pu=usm%400%2Csz%401320_1001%2Cta%40iphone_2_12.0_28_16.0/baiduid=36B5D1BC8216F56CEB0346D546DCFD27/w=0_10_/t=iphone/l=1/tc,1,0,1479
m.baidu.com/from=1001192y/bd_page_type=1/ssid=0/uid=0/pu=usm%400%2Csz%401320_1001%2Cta%40iphone_2_12.0_28_16.0/baiduid=554D2DC10270A81B6D1D37C45BB8AE0F/w=0_10_/t=iphone/l=1/tc,1,0,0
m.baidu.com/from=1001192y/bd_page_type=1/ssid=0/uid=0/pu=usm%400%2Csz%401320_1001%2Cta%40iphone_2_12.0_28_16.0/baiduid=82D9D01B7735A9C5F59B3D34115BA047/w=0_10_/t=iphone/l=1/tc,1,100,0
m.baidu.com/from=1001192y/bd_page_type=1/ssid=0/uid=0/pu=usm%400%2Csz%401320_1001%2Cta%40iphone_2_12.0_28_16.0/baiduid=85C15D2897A831E302929BBDAE1B0312/w=0_10_/t=iphone/l=1/tc,1,100,0
m.baidu.com/from=1001192y/bd_page_type=1/ssid=0/uid=0/pu=usm%400%2Csz%401320_1001%2Cta%40iphone_2_12.0_28_16.0/baiduid=B4E4FCA063710F6B525AD2DE8A4847CB/w=0_10_/t=iphone/l=1/tc,1,100,0
m.baidu.com/from=1001192y/bd_page_type=1/ssid=0/uid=0/pu=usm%400%2Csz%401320_1001%2Cta%40iphone_2_12.0_28_16.0/baiduid=C919A9B29F40BDDD263C4FFE0AB89D62/w=0_10_/t=iphone/l=1/tc,1,0,0
m.baidu.com/from=1001192y/bd_page_type=1/ssid=0/uid=0/pu=usm%400%2Csz%401320_1001%2Cta%40iphone_2_12.0_28_16.0/baiduid=E50820700BD339E7FAD0F27B166D27EA/w=0_10_/t=iphone/l=1/tc,1,100,0
m.baidu.com/from=1001192y/bd_page_type=1/ssid=0/uid=0/pu=usm%400%2Csz%401320_1001%2Cta%40iphone_2_12.0_28_16.0/baiduid=EA92FD5D8F9272AF59EF8447DAB6CD2A/w=0_10_/t=iphone/l=1/tc,1,100,0
m.baidu.com/from=1001192y/bd_page_type=1/ssid=0/uid=0/pu=usm%400%2Csz%401320_1001%2Cta%40iphone_2_12.0_28_16.0/baiduid=EBA465AF20156E33C4ACE80B773452E2/w=0_10_/t=iphone/l=1/tc,1,0,167
m.baidu.com/from=1001192y/bd_page_type=1/ssid=0/uid=0/pu=usm%400%2Csz%401320_1001%2Cta%40iphone_2_12.0_28_16.0/baiduid=F14EF65C03A562B7F723D08467E970C3/w=0_10_/t=iphone/l=1/tc,1,100,0
m.baidu.com/from=1001192y/bd_page_type=1/ssid=0/uid=0/pu=usm%400%2Csz%401320_1001%2Cta%40iphone_2_12.0_28_16.0/baiduid=F2752540F904A74F8D74C9A215949948/w=0_10_/t=iphone/l=1/tc,1,0,12
m.baidu.com/from=1001192y/bd_page_type=1/ssid=0/uid=0/pu=usm%400%2Csz%401320_1001%2Cta%40iphone_2_9.0_28_16.0/baiduid=021C9B4DCFB86DAE3D4295857E34A056/w=0_10_/t=iphone/l=1/tc,1,0,1
m.baidu.com/from=1001192y/bd_page_type=1/ssid=0/uid=0/pu=usm%401%2Csz%401320_1001%2Cta%40iphone_2_12.0_28_15.0/baiduid=803F0D9E325A0330A8A2B8AEB75E6D1B/w=0_10_/t=iphone/l=1/tc,1,0,1
m.baidu.com/from=1001192y/bd_page_type=1/ssid=0/uid=0/pu=usm%401%2Csz%401320_1001%2Cta%40iphone_2_12.0_28_16.0/baiduid=48A5A00E018EA0689391D6D0EC958430/w=0_10_/t=iphone/l=1/tc,1,0,1
m.baidu.com/from=1001560r/bd_page_type=1/ssid=0/uid=0/pu=cuid%40YiS1i0ag2t_48SaW0i-Qa_iA2ugGu2ub_iSAul8fvi8HO28vYu2oi_uo28_8a2fHquHEiWN9B%2Csz%401320_480%2Cosname%40baiduinput%2Ccua%40_avLC_an2i4qywoUfpw1zyPLXio4as8-gN2w8ANoC%2Ccut%40lfQxI0fK2iyqPsiDzuD58gIVQRlykSO6A%2Cctv%402%2Ccfrom%401001192a%2Ccen%40cuid_cua_cut%2Ccsrc%40app_voicesearchbar_auto%2Cta%40iphone_2_8.1_28_11.0%2Cusm%400/baiduid=5E52707291552392A45BB40ADE5A054E/w=0_10_/t=iphone/l=1/tc,1,0,7
m.baidu.com/from=1001703a/bd_page_type=1/ssid=0/uid=0/pu=sz%401320_1001%2Cta%40iphone_2_13.0_18_40.9%2Cusm%400/baiduid=A30A70E1816C1353A4FDA63EDBEF56B9/w=0_10_/t=iphone/l=1/tc,1,0,16
m.baidu.com/from=1001703a/bd_page_type=1/ssid=0/uid=0/pu=sz%401320_1001%2Cta%40iphone_2_13.0_18_40.9%2Cusm%400/baiduid=F40040B84AC8D4E4ABADAC285C6AFB56/w=0_10_/t=iphone/l=1/tc,1,100,0
m.baidu.com/from=1001703a/bd_page_type=1/ssid=0/uid=0/pu=sz%401320_1001%2Cta%40iphone_2_15.0_18_40.9%2Cusm%400/baiduid=26F78FFDF1F05838CCFAE0899CB324FC/w=0_10_/t=iphone/l=1/tc,1,100,0
m.baidu.com/from=1001703a/bd_page_type=1/ssid=0/uid=0/pu=sz%401320_1001%2Cta%40iphone_2_15.0_18_40.9%2Cusm%400/baiduid=29D05BA03F1722404491209FC3249EAB/w=0_10_/t=iphone/l=1/tc,1,0,22
m.baidu.com/from=1001703a/bd_page_type=1/ssid=0/uid=0/pu=sz%401320_1001%2Cta%40iphone_2_15.0_18_40.9%2Cusm%400/baiduid=EAE716D0819B4E9C787B1F665B855A82/w=0_10_/t=iphone/l=1/tc,1,0,6
m.baidu.com/from=1001703a/bd_page_type=1/ssid=0/uid=0/pu=usm%400%2Csz%401320_1001%2Cta%40iphone_2_10.0_18_40.7/baiduid=856320FD048F6A33186FF650F7D16A6F/w=0_10_/t=iphone/l=1/tc,1,100,0
m.baidu.com/from=1001703a/bd_page_type=1/ssid=0/uid=0/pu=usm%400%2Csz%401320_1001%2Cta%40iphone_2_10.0_18_40.9/baiduid=0697C34CE86DB023D150E5233D4210FA/w=0_10_/t=iphone/l=1/tc,1,0,6
m.baidu.com/from=1001703a/bd_page_type=1/ssid=0/uid=0/pu=usm%400%2Csz%401320_1001%2Cta%40iphone_2_10.0_18_40.9/baiduid=77C950FC5C0291B83C0D40796D4384F8/w=0_10_/t=iphone/l=1/tc,1,100,0
m.baidu.com/from=1001703a/bd_page_type=1/ssid=0/uid=0/pu=usm%400%2Csz%401320_1001%2Cta%40iphone_2_11.0_18_40.9/baiduid=B97E42FF9B671FC1BD262A406C40FBEA/w=0_10_/t=iphone/l=1/tc,1,100,0
m.baidu.com/from=1001703a/bd_page_type=1/ssid=0/uid=0/pu=usm%400%2Csz%401320_1001%2Cta%40iphone_2_12.0_18_40.9/baiduid=FB185F1E2CF65593594807FE25EDBEE6/w=0_10_/t=iphone/l=1/tc,1,100,0
m.baidu.com/from=1001703a/bd_page_type=1/ssid=0/uid=0/pu=usm%400%2Csz%401320_1001%2Cta%40iphone_2_13.0_18_40.9/baiduid=FE3C8A1825B468B1CA82D7D74716288E/w=0_10_/t=iphone/l=1/tc,1,100,0
m.baidu.com/from=1001703a/bd_page_type=1/ssid=0/uid=0/pu=usm%400%2Csz%401320_1001%2Cta%40iphone_2_15.0_18_40.9/baiduid=5AF62D919187ED1FA0374BF1640A7004/w=0_10_/t=iphone/l=1/tc,1,100,0
m.baidu.com/from=1001703a/bd_page_type=1/ssid=0/uid=0/pu=usm%400%2Csz%401320_1001%2Cta%40iphone_2_15.0_18_40.9/baiduid=5E949C6D314BBC2F7F12C524BF96C83F/w=0_10_/t=iphone/l=1/tc,1,100,0
m.baidu.com/from=1001703a/bd_page_type=1/ssid=0/uid=0/pu=usm%400%2Csz%401320_1001%2Cta%40iphone_2_15.0_18_40.9/baiduid=ABF10CD110BB191FFBE7E9E2841EE258/w=0_10_/t=iphone/l=1/tc,1,100,0
m.baidu.com/from=1001703a/bd_page_type=1/ssid=0/uid=0/pu=usm%400%2Csz%401320_1001%2Cta%40iphone_2_15.0_18_40.9/baiduid=B93728AD7C2314A76A9B8F17AF6BE9B5/w=0_10_/t=iphone/l=1/tc,1,100,0
m.baidu.com/from=1001703a/bd_page_type=1/ssid=0/uid=0/pu=usm%400%2Csz%401320_1001%2Cta%40iphone_2_15.0_18_40.9/baiduid=C3B10D2DA51B3D0F054E36179C2555DD/w=0_10_/t=iphone/l=1/tc,1,100,0
m.baidu.com/from=1001703a/bd_page_type=1/ssid=0/uid=0/pu=usm%400%2Csz%401320_1001%2Cta%40iphone_2_5.1_18_10.8/baiduid=689F475989AA77C591DBB1AAE4D0C937/w=0_10_/t=iphone/l=1/tc,1,100,0
m.baidu.com/from=1001703a/bd_page_type=1/ssid=0/uid=0/pu=usm%400%2Csz%401320_1001%2Cta%40iphone_2_6.0_18_10.8/baiduid=39061277F0671BE5B6880461ACF0C894/w=0_10_/t=iphone/l=1/tc,1,100,0
m.baidu.com/from=1001703a/bd_page_type=1/ssid=0/uid=0/pu=usm%400%2Csz%401320_220%2Cta%40iphone___18_10.8/baiduid=953E9329069016E74B4AEA56A2AF125D/w=0_10_/t=iphone/l=1/tc,1,100,0
m.baidu.com/from=1001703a/bd_page_type=1/ssid=0/uid=0/pu=usm%401%2Csz%401320_1001%2Cta%40iphone_2_13.0_18_40.9/baiduid=B513045A9A4C55A93440BCF08B0682A2/w=0_10_/t=iphone/l=1/tc,1,100,0
m.baidu.com/from=1001703a/bd_page_type=1/ssid=0/uid=0/pu=usm%401%2Csz%401320_1001%2Cta%40iphone_2_13.0_18_40.9/baiduid=FE71469F359460DFD4426C06BAB9D520/w=0_10_/t=iphone/l=1/tc,1,100,0
m.baidu.com/from=1001703a/bd_page_type=1/ssid=0/uid=0/pu=usm%401%2Csz%401320_1001%2Cta%40iphone_2_15.0_18_40.9/baiduid=A9402565E64E539D47E9B6D4E8276DB1/w=0_10_/t=iphone/l=1/tc,1,0,11
m.baidu.com/from=1001703y/bd_page_type=1/ssid=0/uid=0/pu=usm%400%2Csz%401320_1001%2Cta%40iphone_2_8.1_18_10.9/baiduid=A0E8F9F397EAFA8EFD53C6828490A24E/w=0_10_/t=iphone/l=1/tc,1,100,0
m.baidu.com/from=1012852q/bd_page_type=1/ssid=0/uid=0/pu=sz%401320_1004%2Cta%40iphone_2_12.0_11_19.7%2Cusm%400/baiduid=345119BB5147332D4FAE0FA0CF3D4D1A/w=0_10_/t=iphone/l=1/tc,1,100,0
m.baidu.com/from=1012852q/bd_page_type=1/ssid=0/uid=0/pu=usm%400%2Csz%401320_1004%2Cta%40iphone_2_11.0_11_15.1/baiduid=854FA41FD9299F62002FE3F3EE45B542/w=0_10_/t=iphone/l=1/tc,1,0,8
m.baidu.com/from=1012852q/bd_page_type=1/ssid=0/uid=0/pu=usm%400%2Csz%401320_1004%2Cta%40iphone_2_11.0_11_16.9/baiduid=52421699165BC1772FEF53D836CC651E/w=0_10_/t=iphone/l=1/tc,1,100,0
m.baidu.com/from=1012852q/bd_page_type=1/ssid=0/uid=0/pu=usm%400%2Csz%401320_1004%2Cta%40iphone_2_12.0_11_19.7/baiduid=83543A2C38BD5A729050AB41E11A547F/w=0_10_/t=iphone/l=1/tc,1,100,0
m.baidu.com/from=1012852q/bd_page_type=1/ssid=0/uid=0/pu=usm%400%2Csz%401320_1004%2Cta%40iphone_2_13.0_11_17.6/baiduid=913760182345B19B97A02CCA3972214B/w=0_10_/t=iphone/l=1/tc,1,100,0
m.baidu.com/from=1012852q/bd_page_type=1/ssid=0/uid=0/pu=usm%400%2Csz%401320_1004%2Cta%40iphone_2_14.0_11_19.7/baiduid=27E767C6E4DA2D98CE8D7645923C496B/w=0_10_/t=iphone/l=1/tc,1,100,0
m.baidu.com/from=1012852q/bd_page_type=1/ssid=0/uid=0/pu=usm%400%2Csz%401320_1004%2Cta%40iphone_2_14.0_11_19.7/baiduid=34FFA2F376D97AC3F27EB9F92741A483/w=0_10_/t=iphone/l=1/tc,1,100,0
m.baidu.com/from=1012852q/bd_page_type=1/ssid=0/uid=0/pu=usm%400%2Csz%401320_1004%2Cta%40iphone_2_6.0_11_14.5/baiduid=7446C2F3978DB3B954BDDB80A5D312BB/w=0_10_/t=iphone/l=1/tc,1,100,0
m.baidu.com/from=1012852s/bd_page_type=1/ssid=0/uid=0/pu=usm%400%2Csz%401320_1004%2Cta%40iphone_2_12.0_11_19.8/baiduid=1DCD1760887B0496CA80E8CE7B637A05/w=0_10_/t=iphone/l=1/tc,1,100,0
m.baidu.com/from=1012852z/bd_page_type=1/ssid=0/uid=0/pu=usm%400%2Csz%401320_1004%2Cta%40iphone_2_14.0_11_17.8/baiduid=82C634284B7350E251AC2D19184168AC/w=0_10_/t=iphone/l=1/tc,1,100,0
m.baidu.com/from=1013672b/bd_page_type=1/ssid=0/uid=0/pu=sz%401320_1004%2Cta%40iphone_2_11.0_11_14.6%2Cusm%400/baiduid=0176536AC6572099A5A850F506426BB3/w=0_10_/t=iphone/l=1/tc,1,0,4
m.baidu.com/from=1013672b/bd_page_type=1/ssid=0/uid=0/pu=usm%400%2Csz%401320_1004%2Cta%40iphone_2_15.0_11_19.8/baiduid=BA1745CAF136D2526E87C2C12A599227/w=0_10_/t=iphone/l=1/tc,1,100,0
m.baidu.com/from=1013966u/bd_page_type=1/ssid=0/uid=0/pu=sz%401320_1001%2Cta%40iphone_2_12.0_19_23.7%2Cusm%400/baiduid=5D6F52D07E6A2F1D563E377C0568F170/w=0_10_/t=iphone/l=1/tc,1,0,10
m.baidu.com/from=1013966u/bd_page_type=1/ssid=0/uid=0/pu=sz%401320_1001%2Cta%40iphone_2_14.0_19_25.0%2Cusm%400/baiduid=F1C3EE983219A3DAA53EB4AE82D427D6/w=0_10_/t=iphone/l=1/tc,1,100,0
m.baidu.com/from=1013966u/bd_page_type=1/ssid=0/uid=0/pu=sz%401320_1001%2Cta%40iphone_2_14.0_19_25.2%2Cusm%400/baiduid=52352FE79945C7B5712ADDBBB9EB720D/w=0_10_/t=iphone/l=1/tc,1,100,0
m.baidu.com/from=1013966u/bd_page_type=1/ssid=0/uid=0/pu=usm%400%2Csz%401320_1001%2Cta%40iphone_2_10.0_19_24.9/baiduid=CE9FCB14CEF915FB78476F09E71E1172/w=0_10_/t=iphone/l=1/tc,1,100,0
m.baidu.com/from=1013966u/bd_page_type=1/ssid=0/uid=0/pu=usm%400%2Csz%401320_1001%2Cta%40iphone_2_10.0_19_25.2/baiduid=A79EE8E9057C2BFC77F50991F1A897F7/w=0_10_/t=iphone/l=1/tc,1,100,0
m.baidu.com/from=1013966u/bd_page_type=1/ssid=0/uid=0/pu=usm%400%2Csz%401320_1001%2Cta%40iphone_2_13.0_19_25.1/baiduid=B23174C95069252A80F246E793BE6220/w=0_10_/t=iphone/l=1/tc,1,100,0
m.baidu.com/from=1013966u/bd_page_type=1/ssid=0/uid=0/pu=usm%400%2Csz%401320_1001%2Cta%40iphone_2_14.0_19_25.0/baiduid=C41D2B6C404EEE840C8C3E390B029D44/w=0_10_/t=iphone/l=1/tc,1,100,0
m.baidu.com/from=1013966u/bd_page_type=1/ssid=0/uid=0/pu=usm%400%2Csz%401320_1001%2Cta%40iphone_2_14.0_19_25.2/baiduid=1D49021D29692FC9ADB6BFB3020DCA83/w=0_10_/t=iphone/l=1/tc,1,0,5
m.baidu.com/from=1013966u/bd_page_type=1/ssid=0/uid=0/pu=usm%400%2Csz%401320_1001%2Cta%40iphone_2_15.0_19_24.9/baiduid=19166DE772F2D371C8BF9FD53B355E89/w=0_10_/t=iphone/l=1/tc,1,100,0
m.baidu.com/from=1013966u/bd_page_type=1/ssid=0/uid=0/pu=usm%400%2Csz%401320_1001%2Cta%40iphone_2_15.0_19_25.1/baiduid=571DED7D41CA7525283BBEF8B7DB02D0/w=0_10_/t=iphone/l=1/tc,1,100,0
m.baidu.com/from=1013966u/bd_page_type=1/ssid=0/uid=0/pu=usm%401%2Csz%401320_1001%2Cta%40iphone_2_11.0_19_23.2/baiduid=63B48AECEE3E01E1C6FD5D1640156AAB/w=0_10_/t=iphone/l=1/tc,1,100,0
m.baidu.com/from=1014699i/bd_page_type=1/ssid=0/uid=0/pu=usm%400%2Csz%401320_1001%2Cta%40iphone_2_10.0_24_129.0/baiduid=72A8424E03930AD066880994FF77537B/w=0_20_/t=iphone/l=1/tc,1,0,44
m.baidu.com/from=1015011p/bd_page_type=1/ssid=0/uid=0/pu=usm%400%2Csz%401320_1001%2Cta%40iphone_2_13.0_24_103.0/baiduid=64E91CF402C3B9E46EF928D3EC08B022/w=0_10_/t=iphone/l=1/tc,1,0,6
m.baidu.com/from=1019311a/bd_page_type=1/ssid=0/uid=0/pu=sz%401320_1001%2Cta%40iphone_2_10.0_19_25.1%2Cusm%400/baiduid=79E374EB980E871B515985E5A9B0E0E5/w=0_10_/t=iphone/l=1/tc,1,100,0
m.baidu.com/from=1019311a/bd_page_type=1/ssid=0/uid=0/pu=sz%401320_1001%2Cta%40iphone_2_10.0_19_25.2%2Cusm%400/baiduid=584BF9439EAD9D3F353257628E21495A/w=0_10_/t=iphone/l=1/tc,1,100,0
m.baidu.com/from=1019311a/bd_page_type=1/ssid=0/uid=0/pu=usm%400%2Csz%401320_1001%2Cta%40iphone_2_14.0_19_25.2/baiduid=D6CCC8F480968F0EBB67750AAC672621/w=0_10_/t=iphone/l=1/tc,1,100,0
m.baidu.com/from=1019311a/bd_page_type=1/ssid=0/uid=0/pu=usm%400%2Csz%401320_1001%2Cta%40iphone_2__24_123.0/baiduid=324CA52679ACE255AD2805DA831BF36F/w=0_10_/t=iphone/l=1/tc,1,100,0
m.baidu.com/from=1019311a/bd_page_type=1/ssid=0/uid=0/pu=usm%400%2Csz%401320_1001%2Cta%40iphone_2__24_123.0/baiduid=3E6F7D94AFD51F977E69C53D4EF3C417/w=0_10_/t=iphone/l=1/tc,1,0,17
m.baidu.com/from=1019311v/bd_page_type=1/ssid=0/uid=0/pu=sz%401320_1001%2Cta%40iphone_2_15.0_19_21.6%2Cusm%400/baiduid=6256E06763F1F129F23F3DC6B1C9D328/w=0_10_/t=iphone/l=1/tc,1,100,0
m.baidu.com/from=1019311v/bd_page_type=1/ssid=0/uid=0/pu=sz%401320_1001%2Cta%40iphone_2_15.0_19_25.1%2Cusm%400/baiduid=32891DDDEA758D549FB8794202C2B0D4/w=0_10_/t=iphone/l=1/tc,1,100,0
m.baidu.com/from=1019311v/bd_page_type=1/ssid=0/uid=0/pu=sz%401320_1001%2Cta%40iphone_2_15.0_19_25.2%2Cusm%401/baiduid=CC973E1E29999E4F82955C752451F284/w=0_10_/t=iphone/l=1/tc,1,100,0
m.baidu.com/from=1019311v/bd_page_type=1/ssid=0/uid=0/pu=usm%400%2Csz%401320_1001%2Cta%40iphone_2_13.0_19_25.1/baiduid=3D9732713BB5BC5A88DB035B851FE33A/w=0_10_/t=iphone/l=1/tc,1,0,4
m.baidu.com/from=1019311v/bd_page_type=1/ssid=0/uid=0/pu=usm%400%2Csz%401320_1001%2Cta%40iphone_2_13.0_19_25.2/baiduid=6D76D81165FC0EB094C532C8AF20B5DE/w=0_10_/t=iphone/l=1/tc,1,0,7
m.baidu.com/from=1019311v/bd_page_type=1/ssid=0/uid=0/pu=usm%400%2Csz%401320_1001%2Cta%40iphone_2_14.0_19_24.8/baiduid=68530129162EA3BA3448C36B9356C612/w=0_10_/t=iphone/l=1/tc,1,0,150
m.baidu.com/from=1019311v/bd_page_type=1/ssid=0/uid=0/pu=usm%400%2Csz%401320_1001%2Cta%40iphone_2_14.0_19_24.8/baiduid=DC7EF17295271CC3BFCE078C70C9626D/w=0_10_/t=iphone/l=1/tc,1,100,0
m.baidu.com/from=1019311v/bd_page_type=1/ssid=0/uid=0/pu=usm%400%2Csz%401320_1001%2Cta%40iphone_2_14.0_19_25.2/baiduid=2438E44E8288D9AF88FE0007E84E685F/w=0_10_/t=iphone/l=1/tc,1,100,0
m.baidu.com/from=1019311v/bd_page_type=1/ssid=0/uid=0/pu=usm%400%2Csz%401320_1001%2Cta%40iphone_2_15.0_19_21.7/baiduid=D488CC8E57280AB3A52AC53796F2A306/w=0_10_/t=iphone/l=1/tc,1,100,0
m.baidu.com/from=1019311v/bd_page_type=1/ssid=0/uid=0/pu=usm%400%2Csz%401320_1001%2Cta%40iphone_2_15.0_19_25.1/baiduid=3EDD35048508A376072D8DF28CA2F141/w=0_10_/t=iphone/l=1/tc,1,100,0
m.baidu.com/from=1019311v/bd_page_type=1/ssid=0/uid=0/pu=usm%400%2Csz%401320_1001%2Cta%40iphone_2_15.0_19_25.2/baiduid=77381C640F93137EE8DA6449EEC0BBA3/w=0_10_/t=iphone/l=1/tc,1,100,0
m.baidu.com/from=1019311v/bd_page_type=1/ssid=0/uid=0/pu=usm%400%2Csz%401320_1001%2Cta%40iphone_2_15.0_19_25.2/baiduid=9F526EC4BA497965459C905F7A22B4A3/w=0_10_/t=iphone/l=1/tc,1,100,0
m.baidu.com/from=1019311v/bd_page_type=1/ssid=0/uid=0/pu=usm%400%2Csz%401320_1001%2Cta%40iphone_2_15.0_19_25.2/baiduid=C374108EFEF4AABAB5A4414B18BA0485/w=0_10_/t=iphone/l=1/tc,1,0,24
m.baidu.com/from=1019311v/bd_page_type=1/ssid=0/uid=0/pu=usm%400%2Csz%401320_1001%2Cta%40iphone_2_6.0_19_10.9/baiduid=10EAD8725F8030C10AFA51E0F5C80986/w=0_10_/t=iphone/l=1/tc,1,0,21
m.baidu.com/from=1019311v/bd_page_type=1/ssid=0/uid=0/pu=usm%400%2Csz%401320_1001%2Cta%40iphone_2_6.0_19_10.9/baiduid=C340ED75762B5E18B426D534C944B6ED/w=0_10_/t=iphone/l=1/tc,1,100,0
m.baidu.com/from=1020681k/bd_page_type=1/ssid=0/uid=0/pu=usm%400%2Csz%401320_1001%2Cta%40iphone_2_11.0_18_40.7/baiduid=269EDA712959C36D3AC90E0457B2D6EA/w=0_10_/t=iphone/l=1/tc,1,100,0
m.baidu.com/from=1020681k/bd_page_type=1/ssid=0/uid=0/pu=usm%401%2Csz%401320_1001%2Cta%40iphone_2_15.0_18_40.9/baiduid=5DB65A79A6998AE873DAAA0F52DFF3C4/w=0_10_/t=iphone/l=1/tc,1,100,0
m.baidu.com/from=1020761f/bd_page_type=1/ssid=0/uid=0/pu=sz%401320_1001%2Cta%40iphone_2_11.0_19_25.1%2Cusm%400/baiduid=151CE06BB4B637C1A98FDB691D0F0FF3/w=0_10_/t=iphone/l=1/tc,1,100,0
m.baidu.com/from=1020761f/bd_page_type=1/ssid=0/uid=0/pu=sz%401320_1001%2Cta%40iphone_2_12.0_19_24.4%2Cusm%400/baiduid=EA6059B5E136B2ED61FA0DAF845FDB65/w=0_10_/t=iphone/l=1/tc,1,0,4
m.baidu.com/from=1020761f/bd_page_type=1/ssid=0/uid=0/pu=sz%401320_1001%2Cta%40iphone_2_13.0_19_23.1%2Cusm%400/baiduid=0AF6192F05E2319211591ADF3724454B/w=0_10_/t=iphone/l=1/tc,1,0,8
m.baidu.com/from=1020761f/bd_page_type=1/ssid=0/uid=0/pu=sz%401320_1001%2Cta%40iphone_2_13.0_19_24.9%2Cusm%400/baiduid=E441743A014BA35D05A1E583BF42A520/w=0_10_/t=iphone/l=1/tc,1,100,0
m.baidu.com/from=1020761f/bd_page_type=1/ssid=0/uid=0/pu=sz%401320_1001%2Cta%40iphone_2_13.0_19_25.0%2Cusm%400/baiduid=BEB771EF1D2747D1A9B3291E1E94E2A2/w=0_10_/t=iphone/l=1/tc,1,100,0
m.baidu.com/from=1020761f/bd_page_type=1/ssid=0/uid=0/pu=sz%401320_1001%2Cta%40iphone_2_13.0_19_25.1%2Cusm%400/baiduid=341D023FA1B02530ED2144E22ABFFEC1/w=0_10_/t=iphone/l=1/tc,1,100,0
m.baidu.com/from=1020761f/bd_page_type=1/ssid=0/uid=0/pu=sz%401320_1001%2Cta%40iphone_2_13.0_19_25.2%2Cusm%400/baiduid=D488F8ACA0CA74E78AE6D3B02072CE9C/w=0_10_/t=iphone/l=1/tc,1,0,12
m.baidu.com/from=1020761f/bd_page_type=1/ssid=0/uid=0/pu=sz%401320_1001%2Cta%40iphone_2_15.0_19_25.0%2Cusm%400/baiduid=0C741D9E63015A8F43A55C30D854F79D/w=0_10_/t=iphone/l=1/tc,1,100,0
m.baidu.com/from=1020761f/bd_page_type=1/ssid=0/uid=0/pu=usm%400%2Csz%401320_1001%2Cta%40iphone_2_10.0_19_24.9/baiduid=CA5D9B2B8E10BAB34F445A1D5DE035D9/w=0_10_/t=iphone/l=1/tc,1,0,9
m.baidu.com/from=1020761f/bd_page_type=1/ssid=0/uid=0/pu=usm%400%2Csz%401320_1001%2Cta%40iphone_2_10.0_19_25.1/baiduid=8C1D3D7FEA2F384B3CCEFDCCE3F0EEE3/w=0_10_/t=iphone/l=1/tc,1,100,0
m.baidu.com/from=1020761f/bd_page_type=1/ssid=0/uid=0/pu=usm%400%2Csz%401320_1001%2Cta%40iphone_2_10.0_19_25.2/baiduid=3D30E6F41BFD5A836BA42359C6EA58B9/w=0_10_/t=iphone/l=1/tc,1,100,0
m.baidu.com/from=1020761f/bd_page_type=1/ssid=0/uid=0/pu=usm%400%2Csz%401320_1001%2Cta%40iphone_2_11.0_19_25.1/baiduid=1FB79495D2C5CF025538B852E40DC6C9/w=0_10_/t=iphone/l=1/tc,1,100,0
m.baidu.com/from=1020761f/bd_page_type=1/ssid=0/uid=0/pu=usm%400%2Csz%401320_1001%2Cta%40iphone_2_13.0_19_25.0/baiduid=BEB771EF1D2747D1A9B3291E1E94E2A2/w=0_10_/t=iphone/l=1/tc,1,100,0
m.baidu.com/from=1020761f/bd_page_type=1/ssid=0/uid=0/pu=usm%400%2Csz%401320_1001%2Cta%40iphone_2_13.0_19_25.0/baiduid=C452AAC4529BB467E7E87C9291CCBF90/w=0_10_/t=iphone/l=1/tc,1,0,10
m.baidu.com/from=1020761f/bd_page_type=1/ssid=0/uid=0/pu=usm%400%2Csz%401320_1001%2Cta%40iphone_2_13.0_19_25.0/baiduid=F226BD551F35010DE94F7935540F1DB0/w=0_10_/t=iphone/l=1/tc,1,100,0
m.baidu.com/from=1020761f/bd_page_type=1/ssid=0/uid=0/pu=usm%400%2Csz%401320_1001%2Cta%40iphone_2_14.0_19_25.1/baiduid=25658ADEAFD2A3CDCD966A7448285F83/w=0_10_/t=iphone/l=1/tc,1,100,0
m.baidu.com/from=1020761f/bd_page_type=1/ssid=0/uid=0/pu=usm%400%2Csz%401320_1001%2Cta%40iphone_2_14.0_19_25.1/baiduid=2B0CC99B7B1871ECD456E95E2B56B450/w=0_10_/t=iphone/l=1/tc,1,100,0
m.baidu.com/from=1020761f/bd_page_type=1/ssid=0/uid=0/pu=usm%400%2Csz%401320_1001%2Cta%40iphone_2_8.1_19_25.3/baiduid=9FD01A0F227E8C297071FDAECA14EBB3/w=0_10_/t=iphone/l=1/tc,1,100,0
m.baidu.com/from=1020761f/bd_page_type=1/ssid=0/uid=0/pu=usm%400%2Csz%401320_1001%2Cta%40iphone_2_9.0_19_23.0/baiduid=AD8FD830D7FE1A0F2D7B05123A9720F8/w=0_10_/t=iphone/l=1/tc,1,100,0
m.baidu.com/from=1020761f/bd_page_type=1/ssid=0/uid=0/pu=usm%400%2Csz%401320_1001%2Cta%40iphone_2_9.0_19_24.5/baiduid=C8169953D52AF748C7024D6021B44C76/w=0_10_/t=iphone/l=1/tc,1,100,0
m.baidu.com/from=1020761f/bd_page_type=1/ssid=0/uid=0/pu=usm%400%2Csz%401320_1001%2Cta%40iphone_2_9.0_19_24.9/baiduid=2D84ED0295B8D8B2BBCAA03625BAB603/w=0_10_/t=iphone/l=1/tc,1,0,396
m.baidu.com/from=1020761f/bd_page_type=1/ssid=0/uid=0/pu=usm%400%2Csz%401320_1001%2Cta%40iphone_2_9.0_19_25.1/baiduid=32EA3037D70396E4B291F3167B127EAE/w=0_10_/t=iphone/l=1/tc,1,100,0
m.baidu.com/from=1020761f/bd_page_type=1/ssid=0/uid=0/pu=usm%401%2Csz%401320_1001%2Cta%40iphone_2_12.0_19_24.3/baiduid=8167CF8C70870951F343CA8FF7A6F5F0/w=0_10_/t=iphone/l=1/tc,1,100,0
m.baidu.com/from=1020761t/bd_page_type=1/ssid=0/uid=0/pu=sz%401320_1001%2Cta%40iphone_2_13.0_19_25.2%2Cusm%400/baiduid=89A0B86FFCEB5EE24DAFBBDC4587C7CE/w=0_10_/t=iphone/l=1/tc,1,100,0
m.baidu.com/from=1020786m/bd_page_type=1/ssid=0/uid=0/pu=sz%401320_1001%2Cta%40iphone_2_13.0_19_25.2%2Cusm%400/baiduid=9F03EB22F9F36B0C0249AFC7408ECA4F/w=0_10_/t=iphone/l=1/tc,1,100,0
m.baidu.com/from=1020786r/bd_page_type=1/ssid=0/uid=0/pu=usm%400%2Csz%401320_1001%2Cta%40iphone_2_10.0_19_25.2/baiduid=EAE40286FD67F910D7724656681A67CC/w=0_10_/t=iphone/l=1/tc,1,100,0
m.baidu.com/from=1020786r/bd_page_type=1/ssid=0/uid=0/pu=usm%400%2Csz%401320_1001%2Cta%40iphone_2_13.0_19_25.2/baiduid=BFB0FF280846684FB0B478E5129776E5/w=0_10_/t=iphone/l=1/tc,1,100,0
m.baidu.com/from=1020786r/bd_page_type=1/ssid=0/uid=0/pu=usm%400%2Csz%401320_1001%2Cta%40iphone_2_13.0_19_25.2/baiduid=DE1EA9EA3D8CF9DA6729388C8BBFDD65/w=0_10_/t=iphone/l=1/tc,1,100,0
m.baidu.com/from=1020786r/bd_page_type=1/ssid=0/uid=0/pu=usm%400%2Csz%401320_1001%2Cta%40iphone_2_14.0_19_25.0/baiduid=056B11D0A570E563AEBF59D14376148B/w=0_10_/t=iphone/l=1/tc,1,100,0
m.baidu.com/from=1020786r/bd_page_type=1/ssid=0/uid=0/pu=usm%400%2Csz%401320_1001%2Cta%40iphone_2_14.0_19_25.0/baiduid=41D5001E3DB1B9FD9098B91A365A944F/w=0_10_/t=iphone/l=1/tc,1,100,0
m.baidu.com/from=1020786r/bd_page_type=1/ssid=0/uid=0/pu=usm%400%2Csz%401320_1001%2Cta%40iphone_2_14.0_19_25.1/baiduid=656BA2F1400678BD92E324E419D8D270/w=0_10_/t=iphone/l=1/tc,1,100,0
m.baidu.com/from=1020786s/bd_page_type=1/ssid=0/uid=0/pu=sz%401320_1001%2Cta%40iphone_2_13.0_19_25.1%2Cusm%400/baiduid=536D956475F23B026BA8AAB9FFFA6353/w=0_10_/t=iphone/l=1/tc,1,100,0
m.baidu.com/from=1020786s/bd_page_type=1/ssid=0/uid=0/pu=sz%401320_1001%2Cta%40iphone_2_13.0_19_25.3%2Cusm%400/baiduid=93AB899C46BF8A04DD7582E8A470A3CB/w=0_10_/t=iphone/l=1/tc,1,100,0
m.baidu.com/from=1021527d/ssid=0/pu=sz%401320_480%2Cc3_aid%40A00-5ICT645XGT5VB5RWUMXTM43O23OXPMKE-V6F2I3XZ%2Ccua%40_a-qiyuOvigyNEq5I5me6NN0v8zTu2IB_C2H8yaN-iqlC%2Cctv%402%2Ccfrom%401026859v%2Ccsrc%40home_box_txt%2Cosname%40baiduboxapp%2Ccen%40cuid_cua_cut%2Cwh%401%2Cvmgdb%400020100228y%2Ccuid%40g82NfgOQS8jk8Si0liSma_87Su_SuSuhY8-38lPgHf8ikHPf5fSWubhwA/s,1,100,0
m.baidu.com/from=1021527h/ssid=0/pu=cua%40_a-qiyau2ig4NE64I5me6NN0v8zTu-I4_C2H8yaN-iqlC%2Ccfrom%401021527h%2Ccuid%40gP2paguV-80OaSfWl8v0uguj2uleiH8zl82Ra_ucBa8ik38x0kvNu1baA%2Cosname%40baiduboxapp%2Cvmgdb%400020100228y%2Ccsrc%40home_box_txt%2Cctv%402%2Ccen%40cuid_cua_cut%2Cc3_aid%40A00-WMI2WEOXYCJOFFX6FSA5BX6PPOIJ6F45-2MNGJT5R%2Csz%401320_480/s,1,100,0
m.baidu.com/from=1022181b/bd_page_type=1/ssid=0/uid=0/pu=usm%400%2Csz%401320_1001%2Cta%40iphone_2_8.0_28_12.1/baiduid=46F09858543DFB2194A4DAD02055B272/w=0_20_/t=iphone/l=1/tc,1,0,41
m.baidu.com/from=1024043p/bd_page_type=1/ssid=0/uid=0/pu=sz%401320_220%2Cta%40iphone_5_5.0_28_5.1%2Cusm%400/baiduid=70F6704948DF292975674767C9698927/w=0_10_/t=iphone/l=1/tc,1,100,0
m.baidu.com/from=1024043p/bd_page_type=1/ssid=0/uid=0/pu=usm%400%2Csz%401320_220%2Cta%40iphone_5_5.0_28_5.1/baiduid=6A8ABFAF505BAB94155D82C4EDD4C916/w=0_10_/t=iphone/l=1/tc,1,100,0
m.baidu.com/from=1024148i/bd_page_type=1/ssid=0/uid=0/pu=usm%400%2Csz%401320_1001%2Cta%40iphone_2_15.0_24_126.0/baiduid=FA5A56A37178FAD731785B781F1FC6FD/w=0_10_/t=iphone/l=1/tc,1,100,0
m.baidu.com/from=1024729a/bd_page_type=1/ssid=0/uid=0/pu=sz%401320_220%2Cta%40iphone___34_10.3%2Cusm%400/baiduid=7A4D452BB36DFB2B276531531108EC5D/w=0_10_/t=iphone/l=1/tc,1,0,369
m.baidu.com/from=1026295a/bd_page_type=1/ssid=0/uid=0/pu=sz%401320_480%2Ccuid%40_avn80uOHi_6OSiBla2It_OL2i_OP2ixliHSf_PSBa8i93MCy8vxaYauA%2Ccua%40_a-qiyuuvig4NEqlI5me6NN02I_UC2Iy_uDpieLqA%2Cosname%40baiduboxapp%2Cctv%402%2Ccfrom%401026295a%2Ccen%40cuid_cua%2Cc3_aid%40A00-AJUJ6L4N6JEJ5JBS7JJLS2JROOR5SFWG-7QSQRF6I%2Cosbranch%40a9%2Ccsrc%40home_box_txt%2Cvmgdb%400020100228y%2Cusm%400/baiduid=29B66D394443FB5FBD7FFD4C73477A96/w=0_10_/t=zbios/l=1/tc,1,100,0
m.baidu.com/from=1026372p/bd_page_type=1/ssid=0/uid=0/pu=usm%400%2Csz%401320_1004%2Cta%40iphone_2_7.1_26_7.83/baiduid=A4398B02F6102927A5E60F6F9C3BBC67/w=0_10_/t=iphone/l=1/tc,1,100,0
m.baidu.com/from=1026904g/bd_page_type=1/ssid=0/uid=0/pu=andrst%401%2Ccua%40_a-qiyau2ig4NE64I5me6NIy2I_7aX8DoavjhSGHNqqqB%2Cosname%40baiduboxapp%2Ccfrom%401026904g%2Cc3_aid%40A00-L4UPPCRVFULTHX4VBWSH5M5DF4S2XFZT-VIXJYIDX%2Cosbranch%40a2%2Csz%401320_480%2Ccuid%400PHN8ji6-8_6Ovi2_8S-8_uS-uY0OvicluHZa_ut2i8-kSaFlkvVayxEA%2Cctv%402%2Ccen%40cuid_cua_cut%2Ccsrc%40app_mainbox_txt%2Cusm%402%2Cvmgdb%400020100228y/baiduid=EE4F62AC0BBE8EE490BEF3F612B1C06B/w=0_10_/t=zbios/l=1/tc,1,100,0
m.baidu.com/from=1034829q/bd_page_type=1/ssid=0/uid=0/pu=usm%400%2Csz%401320_1001%2Cta%40iphone_2_12.0_24_124.0/baiduid=A10A3767802806E85859AAF5E15B53FB/w=0_10_/t=iphone/l=1/tc,1,100,0
m.baidu.com/from=1040455c/bd_page_type=1/ssid=0/uid=0/pu=sz%401320_480%2Ccuid%4008vwugaPvigAuv8Ig820fgucHuYv8HuEYuSTu_Pqva8yk2ahga1x8MzaA%2Ccua%40_a2q84aQ2ig4NE6lI5me6NN0-I_UC2I0gNvb8xqSC%2Cosname%40baiduboxapp%2Cctv%402%2Ccfrom%401030738b%2Ccen%40cuid_cua%2Cc3_aid%40A00-LCHKF4ZCVWAEUS4W5HFINCU7INY77QGZ-NTARYCTA%2Ccsrc%40bdbox_tserch_txt%2Cwh%401%2Cta%40iphone___31_9.0%2Cusm%400/baiduid=0206EE2009BAB2D03CA4E4C3E3FAB4F1/w=0_10_/t=iphone/l=1/tc,1,100,0
m.baidu.com/from=1040455c/bd_page_type=1/ssid=0/uid=0/pu=sz%401320_480%2Ccuid%40YuSPt_OoSu_RavaZlPvOfgiCHi0VPvajgi2Otg8QSi8ik3MF_9vw8EFwA%2Ccua%40ga2084u32igBNE64I5me6NN0-I_Uh2NlgN2FiAqSC%2Cosname%40baiduboxapp%2Cctv%402%2Ccfrom%401030738b%2Ccen%40cuid_cua%2Cc3_aid%40A00-BPABEBFGPASDRT6AGIFIH7DQS5IUWXUV-EJVFHYKE%2Ccsrc%40app_mainbox_txt%2Cta%40iphone___31_9.1%2Cusm%400/baiduid=ED480185A4B66E8FCB21A60017418451/w=0_10_/t=iphone/l=1/tc,1,100,0
m.baidu.com/from=1052946b/bd_page_type=1/ssid=0/uid=0/pu=usm%400%2Csz%401320_1001%2Cta%40iphone_2_15.0_19_25.0/baiduid=FB3AA1B481152B818BE2CE029DED75EF/w=0_10_/t=iphone/l=1/tc,1,100,0
m.baidu.com/from=1086k/bd_page_type=1/ssid=0/uid=0/pu=sz%401320_1002%2Cta%40iphone_2_15.0_2_19.1%2Cusm%400/baiduid=35136F134D94C63B632311EB15F5BD6B/w=10_10_/t=iphone/l=1/tc,1,100,0
m.baidu.com/from=1086k/bd_page_type=1/ssid=0/uid=0/pu=usm%400%2Csz%401320_1002%2Cta%40iphone_2_10.0_2_19.1/baiduid=AD9023A8AB5EDCE3E158F162F6BFCF45/w=0_10_/t=iphone/l=1/tc,1,100,0
m.baidu.com/from=2001a/bd_page_type=1/ssid=0/uid=0/pu=sz%401320_1003%2Cta%40iphone_2_13.0_1_17.7%2Cusm%400/baiduid=D927B73B21A318B4DB7A2FF5D86C6E60/w=0_10_/t=iphone/l=1/tc,1,100,0
m.baidu.com/from=2001a/bd_page_type=1/ssid=0/uid=0/pu=usm%400%2Csz%401320_1003%2Cta%40iphone_2_10.0_1_17.7/baiduid=2853A2CDE9A976A159E886846FBC7528/w=0_10_/t=iphone/l=1/tc,1,100,0
m.baidu.com/from=2001a/bd_page_type=1/ssid=0/uid=0/pu=usm%400%2Csz%401320_1003%2Cta%40iphone_2_15.0_1_17.7/baiduid=6F17353F263B9272B818F9AC0F448690/w=0_10_/t=iphone/l=1/tc,1,0,48
m.baidu.com/from=2001a/bd_page_type=1/ssid=0/uid=0/pu=usm%401%2Csz%401320_1003%2Cta%40iphone_2_15.0_1_17.7/baiduid=CB86E4CBFB86E7FD9864F85D13CF7A9E/w=0_10_/t=iphone/l=1/tc,1,100,0
m.baidu.com/from=2001l/bd_page_type=1/ssid=0/uid=0/pu=usm%400%2Csz%401320_1003%2Cta%40iphone_2_9.0_1_17.7/baiduid=4F18D5005F398BB9D444268C648998B5/w=0_10_/t=iphone/l=1/tc,1,100,0
m.baidu.com/from=415f/bd_page_type=1/ssid=0/uid=0/pu=usm%400%2Csz%401320_1003%2Cta%40iphone_2_11.0_1_17.5/baiduid=2BEFA0CBF5AAB4E47DE0988405D669C3/w=0_10_/t=iphone/l=1/tc,1,100,0
m.baidu.com/from=844b/bd_page_type=1/ssid=0/uid=0/pu=usm%400%2Csz%401320_1001%2Cta%40iphone_2_10.0_24_131.0/baiduid=7D0CB9CD4EA7EA3132D422819166813D/w=0_10_/t=iphone/l=1/tc,1,100,0
m.baidu.com/from=844b/bd_page_type=1/ssid=0/uid=0/pu=usm%400%2Csz%401320_1001%2Cta%40iphone_2_12.0_24_97.0/baiduid=1793BE9E7E5F8B7564B819E859D65FBB/w=0_10_/t=iphone/l=1/tc,1,100,0
m.baidu.com/from=844b/bd_page_type=1/ssid=0/uid=0/pu=usm%400%2Csz%401320_1001%2Cta%40iphone_2_13.0_24_120.0/baiduid=3EDC9031540AD61CA698FA58DC0C29F1/w=0_10_/t=iphone/l=1/tc,1,100,0
m.mediawiki.org,1,0,3127
medium.com/lsc-psd/python%E3%81%AE%E6%96%87%E5%AD%97%E5%88%97-string-%E3%82%92%E6%8B%A1%E5%BC%B5%E3%81%99%E3%82%8Bf-r-u-b%E3%81%AB%E3%81%A4%E3%81%84%E3%81%A6-1b56eb260aaa,1,100,0
moodle.daiichi-koudai.ac.jp,1,100,0
msi.co.jp,1,100,0
nainaistar.hatenablog.com,1,100,0
notion.so,1,100,0
ntp.msn.com,1,0,19
ohke.hateblo.jp,1,0,457
oreilly.co.jp,1,0,28
osmaniax.1banzaka.com,1,100,0
paiza.jp/works/python/new-primer/python-new-primer-23/85010,1,100,0
