name,visitors
China,6473
United States,279
India,171
Russian Federation,113
Germany,89
Singapore,86
Japan,77
Vietnam,58
France,53
United Kingdom,48
Hong Kong,45
Brazil,44
Canada,38
Ukraine,38
Poland,29
Netherlands,28
Mexico,27
Spain,23
South Korea,20
Turkey,19
Italy,18
Taiwan,16
Morocco,13
Indonesia,12
Peru,12
Argentina,11
Australia,11
Belarus,11
Pakistan,11
Sweden,11
Israel,10
Belgium,9
Finland,9
Portugal,9
Switzerland,8
Kenya,8
Uzbekistan,8
Bangladesh,7
Kyrgyzstan,7
Bulgaria,6
Colombia,6
Ecuador,6
Greece,6
Iraq,6
Romania,6
Saudi Arabia,6
Chile,5
Hungary,5
Malaysia,5
Slovakia,5
Armenia,4
Austria,4
Azerbaijan,4
Denmark,4
Dominican Republic,4
Ghana,4
Croatia,4
Kazakhstan,4
Sri Lanka,4
Latvia,4
Nigeria,4
Thailand,4
Uganda,4
Côte d'Ivoire,3
Algeria,3
Egypt,3
Georgia,3
Luxembourg,3
Nepal,3
Serbia,3
Tunisia,3
Venezuela,3
South Africa,3
Benin,2
Estonia,2
Jordan,2
Cambodia,2
Libya,2
Moldova,2
Myanmar,2
Norway,2
New Zealand,2
Philippines,2
United Arab Emirates,1
Afghanistan,1
Bosnia and Herzegovina,1
Belize,1
Cameroon,1
Cyprus,1
Ethiopia,1
Guatemala,1
Honduras,1
Ireland,1
Kuwait,1
Lithuania,1
Panama,1
Slovenia,1
Kosovo,1
