name,visitors,pageviews,bounce_rate,time_on_page,scroll_depth
/3.12/,388,483,65,22,73
/3.12/tutorial/index.html,196,223,79,41,53
/3.12/using/windows.html,141,171,74,26,24
/3.12/whatsnew/3.12.html,102,101,72,28,12
/3.12/library/functions.html,95,106,83,47,57
/3.12/search.html,78,117,22,37,51
/3.12/library/stdtypes.html,75,71,74,39,36
/it/3.12/c-api/typeobj.html,68,68,100,5,3
/it/3.12/library/asyncio-stream.html,68,67,97,8,12
/it/3.12/library/asyncio-task.html,68,68,99,5,5
/it/3.12/library/sys.html,68,68,98,6,4
/it/3.12/library/asyncio-future.html,62,62,97,4,22
/3.12/index.html,61,63,70,31,70
/it/3.12/library/asyncio-protocol.html,59,59,100,4,7
/it/3.12/reference/datamodel.html,58,58,100,4,2
/3.12/library/index.html,57,61,61,46,45
/it/3.12/library/asyncio-policy.html,53,53,100,8,18
/it/3.12/library/asyncio-runner.html,52,52,96,7,30
/it/3.12/library/asyncio-eventloop.html,51,51,94,8,4
/it/3.12/library/asyncio.html,51,51,96,5,40
/it/3.12/library/platform.html,51,51,98,7,20
/3.12/library/,49,57,65,11,30
/it/3.12/library/sqlite3.html,49,49,98,9,3
/3.12/tutorial/,47,53,70,18,51
/it/3.12/library/marshal.html,47,47,100,8,34
/it/3.12/library/xml.etree.elementtree.html,45,45,100,5,5
/it/3.12/c-api/memoryview.html,42,43,98,9,47
/it/3.12/library/ctypes.html,42,42,100,6,3
/it/3.12/library/curses.html,42,42,95,6,4
/it/3.12/library/zipfile.html,42,42,98,5,8
/zh-cn/3.12/,42,49,59,14,80
/it/3.12/c-api/buffer.html,41,42,97,5,12
/it/3.12/c-api/exceptions.html,41,42,100,7,6
/it/3.12/library/re.html,39,38,100,3,4
/3.12/tutorial/interpreter.html,38,32,91,75,87
/3.12/tutorial/controlflow.html,37,41,90,107,30
/it/3.12/library/functions.html,37,37,94,4,4
/it/3.12/library/tkinter.font.html,37,37,100,4,41
/it/3.12/library/curses.panel.html,36,36,97,5,43
/it/3.12/library/itertools.html,36,36,100,3,6
/it/3.12/library/asyncio-queue.html,35,35,97,7,24
/it/3.12/library/decimal.html,35,35,100,8,3
/it/3.12/c-api/capsule.html,34,34,91,0,30
/it/3.12/c-api/init_config.html,33,33,100,5,4
/it/3.12/c-api/unicode.html,33,33,100,5,5
/it/3.12/c-api/weakref.html,32,31,100,7,49
/it/3.12/library/asyncio-exceptions.html,32,31,97,5,47
/it/3.12/reference/lexical_analysis.html,32,32,100,9,8
/it/3.12/library/urllib.error.html,31,30,97,5,48
/3.12/tutorial/appetite.html,30,30,55,65,91
/3.12/tutorial/introduction.html,30,29,91,185,64
/it/3.12/library/internet.html,30,30,100,5,28
/it/3.12/library/telnetlib.html,30,30,97,7,24
/it/3.12/library/typing.html,30,29,100,5,2
/it/3.12/library/zipimport.html,30,30,100,8,26
/pl/3.12/library/os.html,30,30,97,12,1
/zh-cn/3.12/c-api/intro.html,30,30,97,5,12
/3.12/download.html,29,29,60,74,92
/it/3.12/c-api/complex.html,28,28,96,12,32
/it/3.12/faq/index.html,28,28,100,4,82
/it/3.12/howto/index.html,28,28,100,2,47
/it/3.12/library/wsgiref.html,28,28,100,3,8
/it/3.12/library/email.utils.html,27,27,100,4,24
/pl/3.12/library/stdtypes.html,27,27,100,8,1
/it/3.12/c-api/iterator.html,26,26,100,,
/it/3.12/c-api/stable.html,26,26,100,5,5
/it/3.12/library/asyncio-extending.html,26,26,100,4,43
/it/3.12/library/dialog.html,26,25,100,4,26
/it/3.12/library/email.message.html,26,26,96,3,10
/zh-cn/3.12/library/stdtypes.html,26,25,96,86,29
/zh-cn/3.12/tutorial/index.html,26,37,83,29,66
/3.12/installing/index.html,25,21,70,28,72
/it/3.12/howto/enum.html,25,25,96,5,5
/it/3.12/library/asyncio-api-index.html,25,25,100,2,27
/it/3.12/library/fileformats.html,25,25,96,9,56
/it/3.12/library/importlib.metadata.html,25,25,92,4,15
/it/3.12/library/logging.handlers.html,25,25,100,2,6
/it/3.12/library/plistlib.html,25,25,100,5,26
/it/3.12/library/xmlrpc.server.html,25,25,96,9,15
/ko/3.12/library/functions.html,25,26,100,14,32
/3.12/contents.html,24,18,50,34,32
/it/3.12/c-api/init.html,24,24,96,6,3
/it/3.12/c-api/marshal.html,24,24,100,8,43
/it/3.12/howto/mro.html,24,24,96,4,10
/it/3.12/library/dis.html,24,24,100,6,4
/pl/3.12/library/ssl.html,24,24,91,5,3
/3.12/py-modindex.html,23,24,78,10,52
/it/3.12/c-api/module.html,23,23,91,3,9
/it/3.12/library/argparse.html,23,23,100,3,4
/it/3.12/library/http.html,23,23,90,8,21
/it/3.12/library/markup.html,23,23,91,7,35
/it/3.12/library/tkinter.tix.html,23,23,100,0,16
/3.12/library/tkinter.html,22,26,73,14,45
/3.12/reference/index.html,22,25,67,24,69
/it/3.12/library/codeop.html,22,22,100,4,51
/it/3.12/library/html.parser.html,22,22,100,5,18
/it/3.12/library/http.cookies.html,22,22,100,1,21
/it/3.12/library/optparse.html,22,22,100,5,4
/it/3.12/library/urllib.request.html,22,22,95,9,5
/it/3.12/library/urllib.robotparser.html,22,22,100,5,43
