name,visitors
Guangdong,658
Jiangsu,444
Zhejiang,267
Hebei,179
Liaoning,147
Shanghai,114
Fujian,91
California,49
Beijing,47
England,47
Tokyo,30
Virginia,29
Anhui,28
Shandong,27
Sichuan,24
Karnataka,24
Moscow,24
Henan,21
Maharashtra,21
Hanoi,20
Hesse,19
Telangāna,19
New York,19
Île-de-France,18
Ontario,17
São Paulo,15
Tianjin,15
Baden-Württemberg,15
Delhi,15
Oregon,15
Ho Chi Minh City,15
Washington,14
Gujarat,13
Tamil Nadu,13
Uttar Pradesh,13
Texas,13
North Rhine-Westphalia,12
Ciudad de Mexico,12
South Holland,12
Kyiv,12
New Jersey,12
Minsk,11
West Bengal,11
Maryland,11
Shaanxi,10
Bavaria,10
Arizona,10
Chongqing,9
Hubei,9
North Holland,9
Istanbul,9
Quebec,8
Lower Saxony,8
Madrid Autonomous Community,8
Nairobi County,8
Saint Petersburg,8
Florida,8
Tashkent,8
Buenos Aires Province,7
Zürich,7
Hunan,7
Brittany,7
Seoul,7
Mexico State,7
Silesia,7
Sverdlovsk,7
New Taipei,7
Colorado,7
Massachusetts,7
Minnesota,7
Ohio,7
British Columbia,6
Berlin,6
Saxony,6
Uusimaa,6
Tel Aviv,6
Haryana,6
Kanagawa,6
Bishkek,6
Busan,6
Tangier-Tétouan,6
Lisbon,6
Tatarstan,6
Arkansas,6
Georgia,6
Michigan,6
Victoria,5
Flanders,5
Rio de Janeiro,5
Gansu,5
Guizhou,5
Yunnan,5
Catalonia,5
Jakarta,5
Kerala,5
Aichi,5
Kuala Lumpur,5
Lesser Poland,5
Mazovia,5
Lvivshchyna,5
Connecticut,5
Illinois,5
Indiana,5
Mato Grosso do Sul,4
Paraná,4
Manitoba,4
Shanxi,4
Hamburg,4
Rhineland-Palatinate,4
Distrito Nacional,4
Andalusia,4
Castile and León,4
Centre-Val de Loire,4
Grand-Est,4
Greater Accra,4
Central Macedonia,4
Central,4
Madhya Pradesh,4
Campania,4
Gyeonggi,4
Western,4
Riga,4
Łódź,4
Kirov,4
Moscow Province,4
Rostov,4
Riyadh,4
Bangkok,4
Taichung,4
Kyivshchyna,4
Oklahoma,4
Tennessee,4
Vienna,3
Queensland,3
Sofia,3
Amazonas,3
Minas Gerais,3
Alberta,3
Abidjan,3
Heilongjiang,3
Jiangxi,3
Capital Region,3
Pichincha,3
Auvergne-Rhône-Alpes,3
Hauts-de-France,3
Occitanie,3
Tbilisi,3
Budapest,3
Baghdad,3
Lombardy,3
Hokkaido,3
Chiba,3
Taza-Al Hoceima-Taounate,3
Chaouia-Ouardigha,3
Lagos,3
Lima Region,3
Lima,3
Greater Poland,3
Irkutsk,3
Kemerovo,3
Kaliningrad,3
Nizhny Novgorod,3
Vladimir,3
Stockholm,3
Skåne,3
Žilina,3
Ankara,3
Zhytomyrshchyna,3
Pennsylvania,3
Đồng Nai,3
Gauteng,3
Yerevan,2
Shirak,2
Córdoba,2
New South Wales,2
Nakhchivan AR,2
Dhaka Division,2
Brussels,2
Wallonia,2
Plovdiv,2
Littoral,2
Pará,2
Pernambuco,2
Santa Catarina,2
Bío Bío,2
Santiago Metropolitan,2
Jilin,2
Inner Mongolia,2
Antioquia,2
Cundinamarca,2
Valle del Cauca,2
Mecklenburg-Vorpommern,2
Blida,2
Harjumaa,2
Alexandria,2
Provence-Alpes-Côte-d'Azur,2
Pays-de-la-Loire,2
Banten,2
Chandigarh,2
Jammu and Kashmir,2
Odisha,2
Punjab,2
Liguria,2
Lazio,2
Ibaraki,2
Saitama,2
Mie,2
Kyoto,2
Osaka,2
Hyogo,2
Fukuoka,2
Kumamoto,2
Phnom Penh,2
Almaty City,2
Shymkent,2
Jalisco,2
Nuevo León,2
Querétaro,2
Limburg,2
North Brabant,2
Overijssel,2
Auckland,2
Arequipa,2
Punjab,2
Subcarpathia,2
Pomerania,2
Porto,2
Bucharest,2
Beograd,2
Belgorod,2
Chelyabinsk,2
Kursk,2
Samara,2
Volgograd,2
Tunis,2
Antalya,2
Hsinchu County,2
Volyn,2
Kharkivshchyna,2
Khmelnychchyna,2
Central,2
North Carolina,2
Carabobo,2
Da Nang,2
Dubai,1
South Australia,1
Baku,1
Sumqayit,1
Federation of Bosnia and Herzegovina,1
Chittagong Division,1
Blagoevgrad,1
Bahia,1
Goiás,1
Paraíba,1
Sergipe,1
Stann Creek,1
Geneva,1
Maule,1
Littoral,1
Guangxi,1
Nicosia,1
Schleswig-Holstein,1
Saxony-Anhalt,1
Central Denmark,1
Sétif,1
Guayas,1
Manabí,1
Pastaza,1
Gharbia,1
Canary Islands,1
Addis Ababa,1
Pirkanmaa,1
Northern Ostrobothnia,1
Päijät-Häme,1
Nouvelle-Aquitaine,1
Scotland,1
West Greece,1
Attica,1
Eastern Hong Kong Island,1
Kowloon City Kowloon,1
Kwai Tsing New Territories,1
Francisco Morazán,1
Koprivnica-Križevci,1
Primorje-Gorski Kotar,1
Osijek-Baranja,1
Zagreb,1
Borsod-Abaúj-Zemplén,1
Pest,1
West Kalimantan,1
Riau,1
Yogyakarta,1
Leinster,1
Andhra Pradesh,1
Uttarākhand,1
Dhi Qar,1
Sulaymaniyah,1
Piedmont,1
Tuscany,1
Marche,1
Amman,1
