name,version,visitors
Chrome,142.0,101
Chrome,143.0,64
Chrome,126.0,48
Opera,124.0,25
Firefox,145.0,21
Microsoft Edge,143.0,15
Microsoft Edge,142.0,13
Safari,26.1,6
Chrome,139.0,4
Safari,18.6,4
Mobile App,(not set),3
Chrome,132.0,3
Yandex Browser,25.10,3
Chrome,69.0,3
Chrome,111.0,2
Firefox,113.0,2
Chrome,130.0,2
Chrome,131.0,2
Chrome,134.0,2
Chrome,137.0,2
Chrome,141.0,2
Firefox,144.0,2
Safari,18.5,2
360 Secure Browser,(not set),1
Brave,(not set),1
Firefox,115.0,1
Opera,125.0,1
Chrome,138.0,1
Microsoft Edge,138.0,1
Microsoft Edge,141.0,1
Firefox,143.0,1
Safari,15.6,1
Chrome,87.0,1
Opera,93.0,1
