name,visitors
Hong Kong,50
Singapore,49
Guangzhou,44
Shanghai,43
Tokyo,40
Beijing,36
Moscow,31
Bengaluru,23
Taipei,21
Los Angeles,19
Saint Petersburg,18
Chennai,18
Ho Chi Minh City,17
Hangzhou,17
New Delhi,14
New York City,14
Delhi,12
Taichung,12
Pune,11
Mumbai,11
Kyiv,10
Kolkata,10
Nanjing,10
Osaka,10
Warsaw,9
Hyderabad,9
Shenzhen,9
Chengdu,9
Amsterdam,9
Rio de Janeiro,9
Seattle,9
N/A,9
Cairo,8
Wuxi,8
Guiyang,8
Changsha,8
Melbourne,8
Frankfurt am Main,8
Toronto,8
Helsinki,7
Bhopāl,7
Kathmandu,7
N/A,7
Seoul,7
Munich,7
Berlin,7
Madrid,7
São Paulo,7
Nairobi,6
Fuzhou,6
Lima,6
Rome,6
Houston,6
Tehran,5
Baku,5
Belgrade,5
Novosibirsk,5
Bangkok,5
Xi’an,5
Wuhan,5
Suzhou,5
Zürich,5
Paris,5
Bogotá,5
Mountain View,5
San Jose,5
Jeddah,4
Zagazig,4
Saratov,4
Nizhniy Novgorod,4
Kirov,4
Nagpur,4
Gurgaon,4
Allahābād,4
Hsinchu,4
Liaocheng,4
N/A,4
Ōtsu,4
Mito,4
Sydney,4
Vienna,4
Luxembourg,4
La Rochelle,4
Milan,4
Tirana,4
Medellín,4
Santiago,4
Mahomet,4
Park Forest,4
Boston,4
Dublin,4
San Francisco,4
Las Vegas,4
Montréal,4
N/A,4
Ufa,3
Samara,3
Makhachkala,3
Tartu,3
Yerevan,3
Minsk,3
Istanbul,3
Lucknow,3
Chandīgarh,3
Ahmedabad,3
Chelyabinsk,3
Almaty,3
Zhengzhou,3
Jinan,3
Chongqing,3
N/A,3
Macau,3
Uijeongbu-si,3
Suwon,3
Busan,3
Ulan Bator,3
Brisbane,3
Mafra,3
Lisbon,3
Lagos,3
London,3
Glasgow,3
Eskilstuna,3
Guimarães,3
Ulm,3
Münster,3
Emmering,3
Pilsen,3
Wrocław,3
Kraków,3
Rome,3
Guatemala City,3
Guayaquil,3
Rosario,3
Atlanta,3
Charlotte,3
Philadelphia,3
Minneapolis,3
Secaucus,3
Queens,3
Phoenix,3
Tucson,3
Denver,3
Albuquerque,3
Henderson,3
Neyagawa,3
Noida,3
Mogadishu,2
Sanaa,2
Shiraz,2
Dar es Salaam,2
Athens,2
Malatya,2
İzmir,2
Antalya,2
Penza,2
Kaliningrad,2
Gus’-Khrustal’nyy,2
Dmitrov,2
Cheboksary,2
Astrakhan,2
Tbilisi,2
Brest,2
Bucharest,2
Zaporizhzhya,2
Vyshneve,2
Lviv,2
Sliven,2
Nowy Sącz,2
Pristina,2
Potchefstroom,2
Antananarivo,2
Dhaka,2
Vadodara,2
Surat,2
Siliguri,2
Salem,2
Raipur,2
Patna,2
Nashik,2
Meerut,2
Karnāl,2
Jamshedpur,2
Jamnagar,2
Jaipur,2
Ghāziābād,2
Coimbatore,2
Bārsi,2
Surgut,2
Omsk,2
Krasnoyarsk,2
Tashkent,2
Nur-Sultan,2
Surabaya,2
Bekasi,2
Balikpapan,2
Kaohsiung,2
N/A,2
Kulim,2
Kuala Lumpur,2
N/A,2
Yinchuan,2
Yangzhou,2
Wuhu,2
Tianjin,2
Shaoxing,2
Mianyang,2
Lanzhou,2
Kunming,2
Huizhou,2
Foshan,2
Dongguan,2
Tsuen Wan,2
Wan Chai,2
Pohang,2
N/A,2
Hwaseong-si,2
Nishi-Tokyo-shi,2
Mino,2
Machida,2
N/A,2
N/A,2
Namyangju,2
Gwangmyeong,2
Angarsk,2
Changchun,2
Perth,2
Adelaide,2
Sapporo,2
Maitland,2
Christchurch,2
Auckland,2
Dakar,2
Kano,2
Valencia,2
Torrent,2
Sevilla,2
Mairena del Alcor,2
Lorca,2
Jaén,2
Godella,2
Alcoy,2
Casablanca,2
Stenlille,2
Wembley,2
Prescot,2
Pontypridd,2
Peterborough,2
Market Drayton,2
Lincoln,2
Leigh,2
Jarrow,2
Enfield Town,2
Christchurch,2
Cardiff,2
Malmö,2
Karlskrona,2
N/A,2
Papendrecht,2
Naaldwijk,2
Mijdrecht,2
Klundert,2
Eindhoven,2
Bolsward,2
Almere Stad,2
Uccle,2
Brussels,2
Wuppertal,2
Weiterstadt,2
Weinheim,2
Sonneberg,2
Siegburg,2
Pirna,2
Leipzig,2
Heidelberg,2
Hamburg,2
Friedrichshafen,2
Düsseldorf,2
Chemnitz,2
Valence,2
Sartrouville,2
Saint-Aubin-de-Médoc,2
Montpellier,2
Marseille,2
Dives-sur-Mer,2
N/A,2
Ay,2
Cegléd,2
Prague,2
Ostrava,2
Poznań,2
Katowice,2
Vigo,2
Zagreb,2
Angra do Heroísmo,2
Acaraú,2
N/A,2
São José dos Campos,2
Niterói,2
N/A,2
