name,version,visitors
Chrome,143.0,1431
Chrome,132.0,853
Microsoft Edge,143.0,550
Chrome,144.0,540
Microsoft Edge,144.0,397
Opera,125.0,306
Firefox,147.0,226
Chrome,139.0,81
Safari,26.2,78
Mobile App,(not set),76
Yandex Browser,25.12,61
Firefox,146.0,50
Chrome,142.0,48
Firefox,140.0,46
Quark,(not set),31
Smart Lenovo Browser,9.0,31
Chrome,111.0,26
Sogou Explorer,2,26
Chrome,133.0,24
Chrome,69.0,23
Chrome,109.0,22
Safari,18.6,22
Chrome,122.0,17
360 Secure Browser,(not set),15
Microsoft Edge,142.0,15
Safari,26.1,15
Chrome,138.0,14
Firefox,5.0,14
Chrome,116.0,13
Chrome,131.0,13
Chrome,103.0,12
Chrome,136.0,12
Firefox,128.0,11
Chrome,140.0,11
Chrome,141.0,11
Chrome,117.0,10
Microsoft Edge,138.0,10
Opera,126.0,9
(not set),(not set),8
Quark,10.3,8
Chrome,137.0,8
Firefox,145.0,8
Chrome,125.0,7
Microsoft Edge,140.0,7
Safari,17.6,7
Safari,26.0,7
Chrome,107.0,6
Chrome,126.0,6
Chrome,106.0,5
Chrome,112.0,5
Firefox,115.0,5
Chrome,124.0,5
Opera,124.0,5
Chrome,127.0,5
Firefox,136.0,5
Microsoft Edge,139.0,5
Microsoft Edge,141.0,5
Safari,17.4,5
Safari,18.5,5
QQ Browser,20.0,5
Safari,26.3,5
Chrome,108.0,4
Chrome,114.0,4
Huawei Browser,12.1,4
Microsoft Edge,120.0,4
Microsoft Edge,130.0,4
Chrome,134.0,4
Avast Secure Browser,143.0,4
Safari,16.6,4
Safari,18.0,4
Safari,18.7,4
MIUI Browser,20.9,4
QQ Browser,6.2,4
Microsoft Edge,92.0,4
Chrome,104.0,3
Microsoft Edge,107.0,3
Chrome,110.0,3
Microsoft Edge,123.0,3
Chrome,128.0,3
Microsoft Edge,132.0,3
Microsoft Edge,133.0,3
Microsoft Edge,134.0,3
Chrome,135.0,3
Microsoft Edge,136.0,3
Microsoft Edge,137.0,3
Firefox,138.0,3
Firefox,144.0,3
Huawei Browser Mobile,16.0,3
UC Browser,18.4,3
QQ Browser,21.0,3
Yandex Browser,25.10,3
Mobile App,90.0,3
Chrome,93.0,3
Chrome,115.0,2
Chrome,119.0,2
Chrome,120.0,2
Microsoft Edge,121.0,2
Microsoft Edge,122.0,2
Microsoft Edge,126.0,2
Microsoft Edge,129.0,2
AVG Secure Browser,130.0,2
Chrome,130.0,2
Firefox,141.0,2
Firefox,142.0,2
Mobile App,143.0,2
Safari,17.5,2
Safari,18.1,2
Microsoft Edge,18.18363,2
Yandex Browser,24.12,2
vivo Browser,27.7,2
Samsung Browser,29.0,2
Mobile App,83.0,2
Firefox,88.0,2
Opera,93.0,2
Opera,94.0,2
Chrome,95.0,2
Opera,95.0,2
Mobile App,97.0,2
Safari,(not set),1
Quark,10.2,1
Microsoft Edge,100.0,1
Chrome,100.0,1
Mobile App,101.0,1
Chrome,101.0,1
Opera,101.0,1
Chrome,105.0,1
Firefox,108.0,1
Firefox,109.0,1
Microsoft Edge,110.0,1
Microsoft Edge,112.0,1
Microsoft Edge,113.0,1
Mobile App,116.0,1
Microsoft Edge,117.0,1
Microsoft Edge,118.0,1
Microsoft Edge,119.0,1
Opera,120.0,1
Opera,122.0,1
Iron,125.0,1
Firefox,125.0,1
Microsoft Edge,128.0,1
QQ Browser,13.0,1
QQ Browser,13.4,1
QQ Browser,13.5,1
QQ Browser,13.6,1
Firefox,130.0,1
Microsoft Edge,131.0,1
Microsoft Edge,135.0,1
Firefox,139.0,1
MIUI Browser,14.17,1
MIUI Browser,14.47,1
Chrome,145.0,1
Chrome,146.0,1
Firefox,146.1,1
Microsoft Edge,15.15063,1
Safari,15.5,1
Safari,15.6,1
Safari,16.1,1
Safari,16.2,1
Safari,18.3,1
Safari,18.4,1
QQ Browser,19.4,1
QQ Browser,19.8,1
MIUI Browser,20.1,1
Samsung Browser,22.0,1
Yandex Browser,24.7,1
Yandex Browser,25.6,1
Yandex Browser,25.8,1
vivo Browser,26.5,1
vivo Browser,27.0,1
115 Browser,35.3,1
Whale Browser,4.35,1
Aloha Browser,7.12,1
Chrome,90.0,1
Chrome,94.0,1
Chrome,96.0,1
Chrome,99.0,1
