name,visitors
Hebei,202
Tokyo,187
Guangdong,141
Jiangsu,96
Zhejiang,81
England,63
California,58
Île-de-France,57
Kanagawa,55
Shanghai,53
Osaka,51
Beijing,50
Kyiv,49
Maharashtra,43
Seoul,43
Karnataka,41
São Paulo,37
Moscow,37
Dnipropetrovshchyna,36
Ontario,34
Chiba,34
Texas,32
North Rhine-Westphalia,30
Saitama,30
Oregon,30
Henan,29
Sichuan,29
Shandong,29
Bavaria,29
Ho Chi Minh City,28
Liaoning,27
Tamil Nadu,27
Florida,27
Hubei,26
Delhi,26
Virginia,26
Fujian,24
Madrid Autonomous Community,24
Gyeonggi,24
Ciudad de Mexico,24
Lvivshchyna,24
Hanoi,24
Aichi,23
Baden-Württemberg,21
Kharkivshchyna,20
New Jersey,19
Pennsylvania,19
Washington,19
Anhui,18
Hyogo,18
Fukuoka,17
New York,17
British Columbia,16
Grand-Est,16
Occitanie,16
Illinois,16
Hunan,15
Shaanxi,15
Prague,15
Nouvelle-Aquitaine,15
Telangāna,15
North Holland,14
Taipei,14
Flanders,13
Auvergne-Rhône-Alpes,13
Attica,13
Bihar,13
Kerala,13
Uttar Pradesh,13
Lima,13
Saint Petersburg,13
Odeshchyna,13
Georgia,13
Gujarat,12
Lombardy,12
Kyoto,12
Nairobi County,12
Mazovia,12
Bucharest,12
Buenos Aires Province,11
New South Wales,11
Minas Gerais,11
Rio Grande do Sul,11
Pichincha,11
Pays-de-la-Loire,11
West Bengal,11
Kuala Lumpur,11
Lisbon,11
Krasnodar Krai,11
Berlin,10
Catalonia,10
Uusimaa,10
Provence-Alpes-Côte-d'Azur,10
Madhya Pradesh,10
Rajasthan,10
Porto,10
Maryland,10
Gauteng,10
Quebec,9
Saxony,9
Andalusia,9
Hauts-de-France,9
Ibaraki,9
Punjab,9
Kyivshchyna,9
Poltavshchyna,9
Colorado,9
San José,8
Almaty City,8
Lower Silesia,8
Lublin,8
Moscow Province,8
Perm Krai,8
Stockholm,8
Istanbul,8
North Carolina,8
Tashkent,8
Harare,8
Victoria,7
Bahia,7
Pernambuco,7
Paraná,7
Alberta,7
Zürich,7
Santiago Metropolitan,7
Guizhou,7
Tianjin,7
Antioquia,7
Hesse,7
Cairo,7
Kowloon City Kowloon,7
Lazio,7
Miyagi,7
Western,7
Tangier-Tétouan,7
Pomerania,7
Silesia,7
Novosibirsk,7
Ankara,7
Massachusetts,7
Abu Dhabi,6
Littoral,6
Rio de Janeiro,6
Minsk,6
Shanxi,6
Yunnan,6
Valle del Cauca,6
Lower Saxony,6
Jakarta,6
Tel Aviv,6
Andhra Pradesh,6
Daegu,6
Puebla,6
South Holland,6
Saratov,6
Eastern,6
Hsinchu County,6
Central,6
Minnesota,6
Missouri,6
New Mexico,6
Ohio,6
Da Nang,6
Littoral,5
Chongqing,5
Xinjiang,5
Capital District,5
Hamburg,5
Distrito Nacional,5
Galicia,5
Balearic Islands,5
Greater Accra,5
Haryana,5
Uttarākhand,5
Tuscany,5
Niigata,5
Coahuila,5
Guanajuato,5
Arequipa,5
Sverdlovsk,5
Västra Götaland,5
New Taipei,5
Vinnychchyna,5
Kirovohradschyna,5
Cherkashchyna,5
Chernivtsi Oblast,5
Connecticut,5
Indiana,5
Maine,5
Mississippi,5
Tennessee,5
Yerevan,4
Vienna,4
Tasmania,4
Western Australia,4
Dhaka Division,4
Brussels,4
Valparaíso,4
Jiangxi,4
Meta,4
Rhineland-Palatinate,4
Schleswig-Holstein,4
Sétif,4
Canary Islands,4
Valencian Community,4
Brittany,4
Scotland,4
Francisco Morazán,4
Jharkhand,4
Punjab,4
Amman,4
Hokkaido,4
Hiroshima,4
Ehime,4
Incheon,4
Astana,4
Meknès-Tafilalet,4
Jalisco,4
Veracruz,4
Selangor,4
Panamá,4
Islamabad,4
Lesser Poland,4
Coimbra,4
Chelyabinsk,4
Penza,4
Tatarstan,4
Tomsk,4
Voronezh,4
Makkah,4
Bratislava,4
Tainan,4
Taichung,4
Zhytomyrshchyna,4
Rivnenshchyna,4
Sumshchyna,4
Iowa,4
Michigan,4
Montevideo,4
Misiones,3
Córdoba,3
Salzburg,3
Queensland,3
La Paz,3
Santa Cruz,3
Federal District,3
Pará,3
Kinshasa,3
Vaud,3
Abidjan,3
Centre,3
Gansu,3
Algiers,3
Jijel,3
Constantine,3
Guayas,3
Harjumaa,3
Aragon,3
Navarra Chartered Community,3
Northern Ostrobothnia,3
Centre-Val de Loire,3
Northern Ireland,3
Ashanti,3
Kwai Tsing New Territories,3
West Java,3
Central,3
Assam,3
Chhattīsgarh,3
Odisha,3
Gunma,3
Toyama,3
Okayama,3
Okinawa,3
Daejeon,3
South Chungcheong,3
North Gyeongsang,3
Al Asimah,3
Oriental,3
Chișinău,3
Baja California,3
Mexico State,3
Morelos,3
Nuevo León,3
Querétaro,3
Gelderland,3
Oslo,3
Khyber Pakhtunkhwa,3
Greater Poland,3
Bragança,3
Setúbal,3
Beograd,3
Altai Krai,3
Dagestan,3
Nizhny Novgorod,3
Rostov,3
Samara,3
Tver,3
Riyadh,3
Skåne,3
Ljubljana,3
