name,visitors
Tokyo,455
Maharashtra,273
England,257
São Paulo,252
Île-de-France,248
California,241
Karnataka,189
Tamil Nadu,174
Guangdong,168
Kanagawa,140
Uttar Pradesh,131
Istanbul,123
Texas,122
Telangāna,118
Taipei,117
Punjab,116
Delhi,110
Ciudad de Mexico,108
Florida,106
Moscow,103
Madrid Autonomous Community,100
Seoul,100
Lima,100
Zhejiang,99
Capital District,96
Ho Chi Minh City,96
Cairo,93
New York,92
Kyiv,91
Tashkent,89
Beijing,87
Jiangsu,86
Gyeonggi,86
Shanghai,85
Lombardy,85
Ontario,83
Auvergne-Rhône-Alpes,81
Rio de Janeiro,79
Santiago Metropolitan,78
Lagos,78
Minas Gerais,77
Osaka,77
New Taipei,77
Buenos Aires Province,76
Hanoi,76
Shandong,75
Catalonia,74
Kerala,73
Quebec,72
West Bengal,70
Saint Petersburg,70
Taichung,70
Henan,68
Mexico State,68
Virginia,68
Baden-Württemberg,67
Antioquia,65
Chiba,65
Jakarta,63
Washington,62
Illinois,61
North Rhine-Westphalia,60
Aichi,59
Saitama,57
Gujarat,56
Bahia,55
Sichuan,54
Nairobi County,54
Mazovia,54
Occitanie,53
Jalisco,53
Bavaria,52
Hyogo,51
Madhya Pradesh,49
Victoria,48
Nouvelle-Aquitaine,47
Metro Manila,46
North Holland,45
Georgia,45
New Jersey,45
West Java,44
Lazio,44
New South Wales,43
Hubei,43
Andalusia,43
Ohio,43
Flanders,42
Haryana,42
Makkah,42
Western,40
Stockholm,40
Ankara,40
Pennsylvania,40
Vienna,39
Berlin,39
Hauts-de-France,39
Ceará,38
Grand-Est,38
Kaohsiung,38
Paraná,37
Santa Catarina,37
Attica,37
Nuevo León,37
Massachusetts,37
Calabarzon,36
Sindh,36
Arizona,36
Oregon,36
Hesse,35
Valencian Community,34
Riyadh,34
Hsinchu County,34
Maryland,34
Gauteng,34
Federal District,33
Tunis,33
Rio Grande do Sul,32
Minsk,32
Provence-Alpes-Côte-d'Azur,32
Pays-de-la-Loire,32
Greater Accra,32
Jharkhand,32
Punjab,32
Fukuoka,31
Bangkok,31
North Carolina,31
British Columbia,30
San José,30
Rajasthan,30
Meknès-Tafilalet,30
Lisbon,30
Hebei,29
Shaanxi,29
Prague,29
Pichincha,29
Hokkaido,29
Dhaka Division,28
Hunan,28
Scotland,28
Leinster,28
South Holland,28
Lesser Poland,28
Kyivshchyna,28
Minnesota,28
Alberta,27
Kuala Lumpur,27
Michigan,27
Veneto,26
Doha,26
Wallonia,25
Zürich,25
Fujian,25
Lower Saxony,25
Giza,25
Addis Ababa,25
Central Java,25
Hormozgan,25
Sverdlovsk,25
Taoyuan,25
Colorado,25
Goiás,24
Pernambuco,24
Chongqing,24
Kyoto,24
Tainan,24
Lvivshchyna,24
Galicia,23
Wales,23
Querétaro,23
Federal Capital Territory,23
Lower Silesia,23
Bucharest,23
Tatarstan,23
Dnipropetrovshchyna,23
Connecticut,23
South Carolina,23
Baku,22
Pará,22
Cundinamarca,22
Andhra Pradesh,22
Province 3,22
Greater Poland,22
Sofia,21
Anhui,21
Algiers,21
Budapest,21
Tel Aviv,21
Rabat-Salé-Zemmour-Zaer,21
Selangor,21
Novosibirsk,21
Samara,21
Indiana,21
Dubai,20
Guayas,20
Guanajuato,20
Oslo,20
Wisconsin,20
Abu Dhabi,19
Tianjin,19
Capital Region,19
Campania,19
Phnom Penh,19
Incheon,19
Arequipa,19
Silesia,19
Porto,19
Capital,19
La Paz,18
Paraíba,18
Normandie,18
Uttarākhand,18
Amman,18
Ibaraki,18
Nizhny Novgorod,18
Eastern,18
Västra Götaland,18
Iowa,18
Queensland,17
Abidjan,17
Burgundy-Franche-Comté,17
East Java,17
Bihar,17
Piedmont,17
Sicily,17
Veracruz,17
Moscow Province,17
Yerevan,16
Brussels,16
Valle del Cauca,16
Havana,16
Odisha,16
Busan,16
Oriental,16
Baja California,16
Managua,16
Bratislava,16
Odeshchyna,16
Kharkivshchyna,16
Tennessee,16
Brittany,15
Kowloon City Kowloon,15
Assam,15
Ulaanbaatar,15
Auckland,15
Panamá,15
Bashkortostan,15
Krasnodar Krai,15
Izmir,15
Utah,15
Santa Fe,14
Western Australia,14
Espírito Santo,14
Santander,14
Distrito Nacional,14
Castile and León,14
Uusimaa,14
Daejeon,14
Sonora,14
Central Visayas,14
Changhua,14
Da Nang,14
KwaZulu-Natal,14
Amazonas,13
Mato Grosso do Sul,13
Centre,13
Yunnan,13
Atlántico,13
Bolívar,13
Basque Country,13
Guatemala,13
South Gyeongsang,13
Oyo,13
Muscat,13
Lima Region,13
Islamabad,13
Setúbal,13
Antalya,13
Central,13
Dakahlia,12
Canary Islands,12
Centre-Val de Loire,12
Chandigarh,12
Shizuoka,12
Chihuahua,12
Yucatán,12
Chelyabinsk,12
Rostov,12
Oklahoma,12
Luanda,11
Rio Grande do Norte,11
Kinshasa,11
Littoral,11
Schleswig-Holstein,11
Tbilisi,11
Chhattīsgarh,11
Baghdad,11
Emilia-Romagna,11
Apulia,11
Astana,11
Puebla,11
