name,visitors
Taipei,521
N/A,226
Taichung,166
Hsinchu,116
Kaohsiung,109
Taoyuan,75
Tainan,62
Zhongli,48
Zhubei,24
Chang-hua,24
Banqiao,20
Singapore,18
Yunlin,17
Hsinchu County,15
Yilan,12
Daan District,10
Sanchong,10
Nantou,10
Chiayi County,10
Hong Kong,10
Shanghai,9
Miaoli,8
Keelung,8
Tokyo,8
Jiayi Shi,7
Macau,7
Taoyuan City,7
Beijing,6
East District,6
Hualien City,5
Xinzhuang,5
Xizhi,5
Songshan District,4
Shoufeng,4
Neihu,4
Longtan,4
Sydney,4
Los Angeles,4
Taichung City,4
Yingge,3
Taitung,3
Pingtung,3
Beitou,3
Bade,3
Xinwu,3
Xindian,3
Shenzhen,3
Guangzhou,3
Yuen Long San Hui,3
Pingzhen,3
Chennai,2
Hyderabad,2
Yuanlin,2
Yangmei,2
Toufen,2
Puli,2
Linkou,2
Fengshan,2
Huwei,2
Bayan Lepas,2
Sha Tin Wai,2
Ma On Shan Tsuen,2
Kennedy Town,2
Chigasaki,2
San Jose,2
Seattle,2
Markham,2
Toronto,2
Velikiye Luki,1
Saint Petersburg,1
Moscow,1
Kasimov,1
Coimbatore,1
Mumbai,1
Kandoli,1
Bangkok,1
Douliu,1
Yongkang,1
Dacun,1
Taibao,1
Daxi,1
Sanxia,1
Neipu Township,1
Nantun,1
Kinmen County,1
Zhuwei,1
Petaling Jaya,1
Xi’an,1
Wuhan,1
Tianjin,1
Ningbo,1
Nanjing,1
Hefei,1
Fuzhou,1
Dongguan,1
Changsha,1
Wan Chai,1
Tuen Mun,1
Tseung Kwan O,1
Tai Po,1
San Tung Chung Hang,1
Kowloon Tong,1
Kowloon City,1
Gangbuk-gu,1
Toyosu,1
Adelaide,1
Melbourne,1
Dunedin,1
Copenhagen,1
Watford,1
London,1
Bristol,1
Eschborn,1
Rio de Janeiro,1
Temuco,1
Campbell,1
Vancouver,1
Anping,1
Kowloon Bay,1
Subang Jaya,1
Gohongi,1
