name,visitors
Rome,19
Singapore,12
Naples,10
Milan,10
Florence,8
Bologna,8
Turin,5
Palermo,3
Verona,3
Teramo,3
Taranto,3
Padova,3
Manama,2
Bengaluru,2
N/A,2
Vibo Valentia,2
Jena,2
Frankfurt am Main,2
Paris,2
Treviso,2
Sassari,2
Santeramo in Colle,2
Salerno,2
Perugia,2
Monza,2
Isernia,2
Cormano,2
Como,2
Brescia,2
Bovisio-Masciago,2
Alessandria,2
Gatteo-Sant'Angelo,2
Spinea-Orgnano,2
Brusaporto,2
Jakarta,1
Wuxi,1
Shanghai,1
Huzhou,1
Changchun,1
Maó,1
Biancavilla,1
Fès,1
Saint-Nicolas,1
Saint-Malo,1
Chorzów,1
Trezzo sull'Adda,1
Trento,1
Torre Annunziata,1
San Michele Salentino,1
San Maurizio,1
Reggiolo,1
Pescara,1
Parma,1
Ferrara,1
Caserta,1
Bari,1
Ascoli Piceno,1
Alzano Lombardo,1
Lamezia Terme,1
