name,visitors,bounce_rate,visit_duration
Direct / None,5730,72,214
m.baidu.com,2247,80,28
baidu.com/link,466,72,108
google.com,450,73,100
cn.bing.com,443,71,142
python.org,155,0,572
google.com.hk,107,78,226
baidu.com,75,67,75
bing.com,60,72,150
doubao.com,30,61,245
codecademy.cn,27,63,259
link.zhihu.com,13,54,188
chatgpt.com,12,33,847
link.csdn.net,10,80,100
m.baidu.com/s,9,100,0
ntp.msn.cn,9,40,150
runoob.com,9,70,5
translations.python.org,7,57,28
qianwen.com,6,40,183
yuanbao.tencent.com,6,33,814
peps.python.org,5,0,441
python.org/psf/donations,5,0,188
m.sogou.com,4,25,1
python.uihtm.com,4,0,939
acwing.com,3,100,0
claude.ai,3,67,4
so.com/link,3,33,474
wapbaike.baidu.com,3,100,0
wiki.python.org,3,0,236
52pojie.cn,2,0,680
asdawej.github.io,2,0,40
chat.baidu.com,2,100,0
cnblogs.com,2,0,386
codecademy.cn/tutorial/python,2,100,0
codemao-guide.yuque.com,2,50,6
cs50.harvard.edu,2,0,207
docs.pytorch.org,2,0,44
m.baidu.com/from=1020712n/bd_page_type=1/ssid=0/uid=0/pu=osname%40baiduboxapp%2Cc3_aid%40A00-RLYVPFGZQHCRZY27MGB66HMLF2YJ4G4R-7ETF2VU7%2Ccsrc%40home_box_txt%2Csz%401320_480%2Ccuid%40_8vct0aoH8lMu2uXgPS5u0OS2i_6O2aKYuSZaY8O-ai6av81_Ov5i_az28_Za2f1A%2Ccua%40_a-qiyaOvfg4NE6lI5me6NN0v8zta-I4_C2HiyaI-iqlC%2Cctv%402%2Ccfrom%401026250u%2Ccen%40cuid_cua_cut%2Cusm%400%2Cvmgdb%400020100228y/baiduid=926C44BE73E45DAF7053B84F399082F1/w=0_10_/t=zbios/l=1/tc,2,100,0
m.baidu.com/from=1022282z/bd_page_type=1/ssid=0/uid=0/pu=usm%400%2Csz%401320_1001%2Cta%40iphone_2_16.0_24_137.0/baiduid=F5BF1D64024B1DAE0E2FAE0050CE406F/w=0_10_/t=iphone/l=1/tc,2,0,228
m.baidu.com/from=1040455f/bd_page_type=1/ssid=0/uid=0/pu=sz%401320_480%2Ccuid%400O-jul8O-ilOiStoguvRi0PoS8_ca2iy_iv98gibvu8B93a1lk2MOVrmA%2Ccua%40juvyCgul-i4SywoUfpw1z4PLXfzlas8bya26iqqHB%2Cosname%40baiduboxapp%2Cctv%402%2Ccfrom%401030738b%2Ccen%40cuid_cua%2Cc3_aid%40A00-TFEHFOOLWTAXWUISTTL6WQ6PHRRJBVIP-DUCQVMKN%2Ccsrc%40home_box_txt%2Cta%40iphone___31_9.8%2Cusm%400/baiduid=9DD10EBA1B58997475106DF402804EED/w=0_10_/t=iphone/l=1/tc,2,50,2
m.baidu.com/from=1040455j/bd_page_type=1/ssid=0/uid=0/pu=sz%401320_480%2Ccuid%40l8-3uliZv8gku2aC_uSWalaRvflg8HaJ0uH180O3v8849QPCpk1WMX0uA%2Ccua%40_a2SiyaO2ig4NE6lI5me6NN0-I_Uh2N4gN2w8Aq6C%2Cosname%40baiduboxapp%2Cctv%402%2Ccfrom%401030738b%2Ccen%40cuid_cua%2Cc3_aid%40A00-SQIDHAUK5ZOV5A7SORDPB5UHB7YJ43IC-RJCSCZQT%2Ccsrc%40bdbox_tserch_txt%2Cta%40iphone___31_9.7%2Cusm%400/baiduid=5E8485A4F6215BFA728D6FC4733F567B/w=0_10_/t=iphone/l=1/tc,2,0,6
m.baidu.com/from=1086k/bd_page_type=1/ssid=0/uid=0/pu=usm%400%2Csz%401320_1002%2Cta%40iphone_2_6.0_2_5.3/baiduid=AE72EBF84F27E6237AF12EB853A8ABFF/w=0_10_/t=iphone/l=1/tc,2,50,18
nativeapp.toutiao.com,2,50,396
python.byted.org,2,100,0
python.org/doc,2,0,46
python.org/psf-landing,2,0,10
sogou.com/link,2,0,552
web.shanbay.com,2,50,13
1291yx.hbccpmc.cn,1,100,0
3ms.huawei.com,1,0,3018
ask.csdn.net/questions/7774870,1,100,0
automatetheboringstuff.com,1,0,8
baike.baidu.com/reference/407313/533aYdO6cr3_z3kATKXfzPijYC-VNd__ueHQVuBzzqIPmGapB4rqWZt88M4r9vhpWgTZt9d4aJsWmKf5FQ,1,100,0
c.biancheng.net,1,100,0
cfb9b1.smartapps.baidu.com/showslave,1,100,0
chat.deepseek.com,1,100,0
codedex.io,1,0,70
codefather.cn,1,100,0
confluence.armchina.com,1,100,0
context7.com,1,100,0
davinci.mediatek.inc,1,100,0
devmate.huawei.com,1,0,481
docs.mcdreforged.com/zh-cn/latest/quick_start/introduction.html,1,0,0
docs.qq.com,1,100,0
docs.scrapy.org/en/latest/intro/tutorial.html,1,0,299
doubao.com/chat/38412206491537666,1,0,96
doubao.com/chat/38412269603960834,1,100,0
duckduckgo.com,1,100,0
eprel.u-pec.fr,1,0,169
fishc.com.cn,1,100,0
gemini.google.com,1,0,113
github.com/MCDReforged/MCDReforged/blob/master/README_zh_cn.md,1,100,0
github.com/fastapi/fastapi/discussions/8612,1,100,0
github.com/langgenius/dify/issues/6605,1,100,0
heeee.com,1,100,0
hello-ctf.com,1,100,0
idealab.alibaba-inc.com/ideaTalk,1,100,0
ilearning.huawei.com,1,0,137
itnan.cc,1,100,0
jianshu.com,1,0,13
kivy.org,1,0,0
liaoxuefeng.com,1,100,0
lms.skillfactory.ru,1,0,240
luzhenxiong.top,1,100,0
m.baidu.com/from=0/bd_page_type=1/ssid=0/uid=0/pu=usm%400%2Csz%401320_1001%2Cta%40iphone_2_11.0_24_129.0/baiduid=1F47E7A8EC3A3BFB780708CC0AB0D345/w=10_10_/t=iphone/l=1/tc,1,100,0
m.baidu.com/from=0/bd_page_type=1/ssid=0/uid=0/pu=usm%402%2Csz%401320_1001%2Cta%40iphone_2_16.0_29_145.0/baiduid=92F11A0102CF7EF50A5F214643AB60BA/w=0_10_/t=iphone/l=1/tc,1,0,647
m.baidu.com/from=1001192y/bd_page_type=1/ssid=0/uid=0/pu=sz%401320_1001%2Cta%40iphone_2_12.0_28_16.0%2Cusm%400/baiduid=86EDBD43B9CE85518AD6F741CAF97BF6/w=0_10_/t=iphone/l=1/tc,1,0,57
m.baidu.com/from=1001192y/bd_page_type=1/ssid=0/uid=0/pu=sz%401320_1001%2Cta%40iphone_2_12.0_28_16.0%2Cusm%401/baiduid=93783EE4CE0AFFF56437FF67A0FA1F22/w=0_10_/t=iphone/l=1/tc,1,0,0
m.baidu.com/from=1001192y/bd_page_type=1/ssid=0/uid=0/pu=sz%401320_220%2Cta%40iphone___24_114.0%2Cusm%400/baiduid=390CBA018444AD709185CCED379CA903/w=0_10_/t=iphone/l=1/tc,1,100,0
m.baidu.com/from=1001192y/bd_page_type=1/ssid=0/uid=0/pu=usm%400%2Csz%401320_1001%2Cta%40iphone_2_10.0_28_16.0/baiduid=4344C1F68592A9CBB9077365196062D2/w=0_10_/t=iphone/l=1/tc,1,0,165
m.baidu.com/from=1001192y/bd_page_type=1/ssid=0/uid=0/pu=usm%400%2Csz%401320_1001%2Cta%40iphone_2_10.0_28_16.0/baiduid=AC9A533BAF79802A2EE6F4454BDE1AF2/w=0_10_/t=iphone/l=1/tc,1,100,0
m.baidu.com/from=1001192y/bd_page_type=1/ssid=0/uid=0/pu=usm%400%2Csz%401320_1001%2Cta%40iphone_2_10.0_28_16.0/baiduid=B8B8FEDD6E702EA06286FDFB4A35F36B/w=0_10_/t=iphone/l=1/tc,1,100,0
m.baidu.com/from=1001192y/bd_page_type=1/ssid=0/uid=0/pu=usm%400%2Csz%401320_1001%2Cta%40iphone_2_10.0_28_16.0/baiduid=CAFC33631D242AEBE2142B731A80622F/w=0_10_/t=iphone/l=1/tc,1,100,0
m.baidu.com/from=1001192y/bd_page_type=1/ssid=0/uid=0/pu=usm%400%2Csz%401320_1001%2Cta%40iphone_2_12.0_28_16.0/baiduid=740E153A2BEF4F1BF3C70F92A9A96E83/w=0_10_/t=iphone/l=1/tc,1,0,120
m.baidu.com/from=1001192y/bd_page_type=1/ssid=0/uid=0/pu=usm%400%2Csz%401320_1001%2Cta%40iphone_2_12.0_28_17.0/baiduid=573207F515B8B24DCA2306A508BF7B14/w=0_10_/t=iphone/l=1/tc,1,100,0
m.baidu.com/from=1001192y/bd_page_type=1/ssid=0/uid=0/pu=usm%400%2Csz%401320_1001%2Cta%40iphone_2_12.0_28_17.0/baiduid=A749A65BF2A091D6B2F4C70BE014431C/w=0_10_/t=iphone/l=1/tc,1,0,0
m.baidu.com/from=1001192y/bd_page_type=1/ssid=0/uid=0/pu=usm%401%2Csz%401320_1001%2Cta%40iphone_2_12.0_28_16.0/baiduid=6FA68C41BE7C6BE46BAD76A3D55414E4/w=0_10_/t=iphone/l=1/tc,1,0,1
m.baidu.com/from=1001192y/bd_page_type=1/ssid=0/uid=0/pu=usm%403%2Csz%401320_220%2Cta%40iphone___24_114.0/baiduid=94A6552260D257E4CDDE568F186FDC71/w=0_10_/t=iphone/l=1/tc,1,0,1
m.baidu.com/from=1001703a/bd_page_type=1/ssid=0/uid=0/pu=sz%401320_1001%2Cta%40iphone_2_11.0_18_40.10%2Cusm%400/baiduid=2CD2C1DAF2D27D0BE6A06522BA791111/w=0_10_/t=iphone/l=1/tc,1,100,0
m.baidu.com/from=1001703a/bd_page_type=1/ssid=0/uid=0/pu=sz%401320_1001%2Cta%40iphone_2_14.0_18_40.10%2Cusm%401/baiduid=9ED37EC4DFA499C9B9DE46B66C3C815C/w=0_10_/t=iphone/l=1/tc,1,100,0
m.baidu.com/from=1001703a/bd_page_type=1/ssid=0/uid=0/pu=usm%400%2Csz%401320_1001%2Cta%40ins_2_10.0_18_/baiduid=44725919E078CF67D48C3548B327ECAB/w=0_10_/t=zbios/l=1/tc,1,100,0
m.baidu.com/from=1001703a/bd_page_type=1/ssid=0/uid=0/pu=usm%400%2Csz%401320_1001%2Cta%40iphone_2_11.0_18_40.10/baiduid=21A4DF70C3D5B0C7DA2FB59400963A10/w=0_10_/t=iphone/l=1/tc,1,100,0
m.baidu.com/from=1001703a/bd_page_type=1/ssid=0/uid=0/pu=usm%400%2Csz%401320_1001%2Cta%40iphone_2_13.0_18_40.9/baiduid=9D38F8B2FBF67827A8114F9D63E0E249/w=0_10_/t=iphone/l=1/tc,1,100,0
m.baidu.com/from=1001703a/bd_page_type=1/ssid=0/uid=0/pu=usm%400%2Csz%401320_1001%2Cta%40iphone_2_14.0_18_40.10/baiduid=E4D92366AD8103023A3678A0CC89098B/w=0_10_/t=iphone/l=1/tc,1,100,0
m.baidu.com/from=1001703a/bd_page_type=1/ssid=0/uid=0/pu=usm%400%2Csz%401320_1001%2Cta%40iphone_2_15.0_18_40.10/baiduid=80E5640D650A18C4CC7231A84E80D364/w=0_10_/t=iphone/l=1/tc,1,100,0
m.baidu.com/from=1001703a/bd_page_type=1/ssid=0/uid=0/pu=usm%400%2Csz%401320_1001%2Cta%40iphone_2_16.0_18_40.10/baiduid=C3CACA5F008955189C582727DE71A896/w=0_10_/t=iphone/l=1/tc,1,100,0
m.baidu.com/from=1001703a/bd_page_type=1/ssid=0/uid=0/pu=usm%400%2Csz%401320_1001%2Cta%40iphone_2_8.1_18_4.7/baiduid=5A37ED17CBC74AC5C8999E6EDE2A3D79/w=0_10_/t=iphone/l=1/tc,1,100,0
m.baidu.com/from=1001703a/bd_page_type=1/ssid=0/uid=0/pu=usm%401%2Csz%401320_1001%2Cta%40ins_2_16.0_18_40.10/baiduid=BFC683F0C94641135F9BBE25AB3EDE01/w=0_10_/t=zbios/l=1/tc,1,100,0
m.baidu.com/from=1001703a/bd_page_type=1/ssid=0/uid=0/pu=usm%401%2Csz%401320_1001%2Cta%40iphone_2_12.0_18_40.10/baiduid=80D659CEBE8EBB377610C5D58360DB6D/w=0_10_/t=iphone/l=1/tc,1,0,2
m.baidu.com/from=1001703a/bd_page_type=1/ssid=0/uid=0/pu=usm%401%2Csz%401320_1001%2Cta%40iphone_2_12.0_18_40.10/baiduid=BB97D12C12A962EF3D90597F800CFDE2/w=0_10_/t=iphone/l=1/tc,1,100,0
m.baidu.com/from=1001703a/bd_page_type=1/ssid=0/uid=0/pu=usm%401%2Csz%401320_1001%2Cta%40iphone_2_13.0_18_40.10/baiduid=BEFE797C404C629819D2A4D5DB270495/w=0_10_/t=iphone/l=1/tc,1,100,0
m.baidu.com/from=1001703a/bd_page_type=1/ssid=0/uid=0/pu=usm%401%2Csz%401320_1001%2Cta%40iphone_2_14.0_18_40.10/baiduid=55F84B3D1B22ECF0F836A091BBB66166/w=0_10_/t=iphone/l=1/tc,1,100,0
m.baidu.com/from=1001703a/bd_page_type=1/ssid=0/uid=0/pu=usm%401%2Csz%401320_1001%2Cta%40iphone_2_15.0_18_40.10/baiduid=DDF1E72ED798F38AED6331E72339D801/w=0_10_/t=iphone/l=1/tc,1,100,0
m.baidu.com/from=1001703a/bd_page_type=1/ssid=0/uid=0/pu=usm%401%2Csz%401320_220%2Cta%40iphone___18_40.10/baiduid=235696D66B26715341DF8661EA2DFE30/w=0_10_/t=iphone/l=1/tc,1,100,0
m.baidu.com/from=1001703a/bd_page_type=1/ssid=0/uid=0/pu=usm%401%2Csz%401320_220%2Cta%40iphone___18_40.10/baiduid=D259F0E7BDBF163A23377D1F72B28679/w=0_10_/t=iphone/l=1/tc,1,100,0
m.baidu.com/from=1001703a/bd_page_type=1/ssid=0/uid=0/pu=usm%403%2Csz%401320_1001%2Cta%40iphone_2_16.0_18_40.10/baiduid=89457ED5DF3F6549F21E897C3329E18A/w=0_10_/t=iphone/l=1/tc,1,100,0
m.baidu.com/from=1012023a/bd_page_type=1/ssid=0/uid=0/pu=usm%401%2Csz%401320_1001%2Cta%40iphone_2_4.4_18_10.5/baiduid=0541DFCE5330E033818D0D333D70FF07/w=0_20_/t=iphone/l=1/tc,1,100,0
m.baidu.com/from=1012295a/bd_page_type=1/ssid=0/uid=0/pu=usm%401%2Csz%401320_1001%2Cta%40iphone_2_15.0_19_27.9/baiduid=E335280DD0EFB08A56DB71FB81E95C7F/w=0_20_/t=iphone/l=1/tc,1,100,0
m.baidu.com/from=1012295a/bd_page_type=1/ssid=0/uid=0/pu=usm%401%2Csz%401320_1004%2Cta%40iphone_2_14.0_49_3.2/baiduid=A7AE8D0B445D45D3CB484CB0096194DE/w=0_20_/t=iphone/l=1/tc,1,100,0
m.baidu.com/from=1012852q/bd_page_type=1/ssid=0/uid=0/pu=usm%400%2Csz%401320_1004%2Cta%40iphone_2_12.0_11_16.9/baiduid=10F9CD16B113CA1B6FC216A024F18D67/w=0_10_/t=iphone/l=1/tc,1,100,0
m.baidu.com/from=1012852q/bd_page_type=1/ssid=0/uid=0/pu=usm%400%2Csz%401320_1004%2Cta%40iphone_2_14.0_11_20.12/baiduid=8447DFED597EAC744356E07C9F76CEF5/w=0_10_/t=iphone/l=1/tc,1,0,15
m.baidu.com/from=1012852q/bd_page_type=1/ssid=0/uid=0/pu=usm%400%2Csz%401320_1004%2Cta%40iphone_2_15.0_11_20.12/baiduid=87E6400AA817DE428F000C49054BF6C0/w=0_10_/t=iphone/l=1/tc,1,100,0
m.baidu.com/from=1012852q/bd_page_type=1/ssid=0/uid=0/pu=usm%400%2Csz%401320_1004%2Cta%40iphone_2_15.0_11_20.2/baiduid=A1FC70D11B9147D02EB03B4D09725D7F/w=0_10_/t=iphone/l=1/tc,1,100,0
m.baidu.com/from=1012852q/bd_page_type=1/ssid=0/uid=0/pu=usm%400%2Csz%401320_220%2Cta%40iphone___11_20.10/baiduid=6EFC3BBC03FCFDF591B8E9BBFF6AA2F5/w=0_10_/t=iphone/l=1/tc,1,100,0
m.baidu.com/from=1012852q/bd_page_type=1/ssid=0/uid=0/pu=usm%401%2Csz%401320_1004%2Cta%40iphone_2_12.0_11_17.0/baiduid=C9ED5477C24DF09210CB14DE3020E89A/w=0_10_/t=iphone/l=1/tc,1,100,0
m.baidu.com/from=1012852q/bd_page_type=1/ssid=0/uid=0/pu=usm%401%2Csz%401320_1004%2Cta%40iphone_2_13.0_11_18.1/baiduid=361CFD797E0C2EE99BEA46267D7C5AD0/w=0_10_/t=iphone/l=1/tc,1,100,0
m.baidu.com/from=1012852q/bd_page_type=1/ssid=0/uid=0/pu=usm%401%2Csz%401320_1004%2Cta%40iphone_2_16.0_11_20.2/baiduid=3C1293D49970441B4AFD73F0495911E8/w=0_10_/t=iphone/l=1/tc,1,100,0
m.baidu.com/from=1012852q/bd_page_type=1/ssid=0/uid=0/pu=usm%401%2Csz%401320_1004%2Cta%40iphone_2_16.0_11_20.2/baiduid=972779452FD3CC9D76CE3392B7C0053D/w=0_10_/t=iphone/l=1/tc,1,100,0
m.baidu.com/from=1012852q/bd_page_type=1/ssid=0/uid=0/pu=usm%401%2Csz%401320_1004%2Cta%40iphone_2_16.0_11_20.2/baiduid=A037B1196A6692D4F65A58C55651CE5C/w=0_10_/t=iphone/l=1/tc,1,100,0
m.baidu.com/from=1013262e/bd_page_type=1/ssid=0/uid=0/pu=cuid%40_av0fjuNSu_6P2i6giHNtgOSHi0niHuClOSRig8a2iK5LqqqB%2Ccfrom%401013262e%2Ccen%40cuid_cua_cut%2Cc3_aid%40A00-YFH6VW7MCE4B2EN4E4KXRWOYJLIJX7XE-MKMLMY7Y%2Ccsrc%40home_box_txt%2Csz%401320_480%2Ccua%40_a-qiyaC2ij-NEqlI5me6NN0v8zta-I4_C2Hiya92iqlC%2Cosname%40baiduboxapp%2Cctv%402%2Cusm%400%2Cvmgdb%400020100228y/baiduid=A07D828CEEB6FA2A4DBEDFA19A26BCDB/w=0_10_/t=zbios/l=1/tc,1,100,0
m.baidu.com/from=1013672g/bd_page_type=1/ssid=0/uid=0/pu=usm%400%2Csz%401320_1004%2Cta%40iphone_2_15.0_11_20.8/baiduid=DF100B9D499D77C51C4D2B5C461CC5E6/w=0_10_/t=iphone/l=1/tc,1,100,0
m.baidu.com/from=1013966u/bd_page_type=1/ssid=0/uid=0/pu=sz%401320_1001%2Cta%40iphone_2_10.0_19_27.9%2Cusm%401/baiduid=A90069FE113634788F65161244E42B92/w=0_10_/t=iphone/l=1/tc,1,100,0
m.baidu.com/from=1013966u/bd_page_type=1/ssid=0/uid=0/pu=sz%401320_1001%2Cta%40iphone_2_11.0_19_27.9%2Cusm%401/baiduid=26BE34B2F474B389E75C54BA44C6833C/w=0_10_/t=iphone/l=1/tc,1,100,0
m.baidu.com/from=1013966u/bd_page_type=1/ssid=0/uid=0/pu=sz%401320_1001%2Cta%40iphone_2_15.0_19_27.6%2Cusm%401/baiduid=7B7D2E74E95B5ADA50E3963B7591B494/w=0_10_/t=iphone/l=1/tc,1,100,0
m.baidu.com/from=1013966u/bd_page_type=1/ssid=0/uid=0/pu=sz%401320_1001%2Cta%40iphone_2_16.0_19_28.0%2Cusm%401/baiduid=18ADFF963A36698F8559AB1569B0218D/w=0_10_/t=iphone/l=1/tc,1,100,0
m.baidu.com/from=1013966u/bd_page_type=1/ssid=0/uid=0/pu=sz%401320_1001%2Cta%40iphone_2_16.0_19_28.0%2Cusm%401/baiduid=47060ECF266D793C2911A9698DA78A08/w=0_10_/t=iphone/l=1/tc,1,100,0
m.baidu.com/from=1013966u/bd_page_type=1/ssid=0/uid=0/pu=usm%400%2Csz%401320_1001%2Cta%40iphone_2_9.0_19_28.0/baiduid=6E57C6CFA901F646BE4D7818E24AD095/w=0_10_/t=iphone/l=1/tc,1,100,0
m.baidu.com/from=1013966u/bd_page_type=1/ssid=0/uid=0/pu=usm%401%2Csz%401320_1001%2Cta%40iphone_2_13.0_19_28.0/baiduid=8C3898FB0668394D8D8D7563EF1FCBA6/w=0_10_/t=iphone/l=1/tc,1,100,0
m.baidu.com/from=1013966u/bd_page_type=1/ssid=0/uid=0/pu=usm%401%2Csz%401320_1001%2Cta%40iphone_2_15.0_19_27.6/baiduid=25C62C175923B457C4B3FE63F8628E74/w=0_10_/t=iphone/l=1/tc,1,100,0
m.baidu.com/from=1013966u/bd_page_type=1/ssid=0/uid=0/pu=usm%401%2Csz%401320_1001%2Cta%40iphone_2_15.0_19_28.0/baiduid=C4EA740CC254B9DAB6A1D57D0AB0BFD6/w=0_10_/t=iphone/l=1/tc,1,100,0
m.baidu.com/from=1013966u/bd_page_type=1/ssid=0/uid=0/pu=usm%401%2Csz%401320_1001%2Cta%40iphone_2_16.0_19_28.0/baiduid=C7ED0291D576DCAF2BC4E97673FC8DA4/w=0_10_/t=iphone/l=1/tc,1,100,0
m.baidu.com/from=1013966u/bd_page_type=1/ssid=0/uid=0/pu=usm%401%2Csz%401320_1001%2Cta%40iphone_2_8.1_19_28.0/baiduid=EF976DDD1BF60A249993AF90B6B83436/w=0_10_/t=iphone/l=1/tc,1,100,0
m.baidu.com/from=1015011n/bd_page_type=1/ssid=0/uid=0/pu=usm%400%2Csz%401320_1001%2Cta%40iphone_2_16.0_24_144.0/baiduid=12C8616D63CE38B3543B2CBEE6EA8A81/w=0_10_/t=iphone/l=1/tc,1,100,0
m.baidu.com/from=1015011n/bd_page_type=1/ssid=0/uid=0/pu=usm%401%2Csz%401320_1001%2Cta%40iphone_2_16.0_24_134.0/baiduid=0D1BE09017231BA1D832A8E7A75C3EEB/w=0_10_/t=iphone/l=1/tc,1,100,0
m.baidu.com/from=1015011n/bd_page_type=1/ssid=0/uid=0/pu=usm%401%2Csz%401320_1001%2Cta%40iphone_2_9.0_24_52.0/baiduid=C5092DA45476268BAC0E98063603985B/w=0_10_/t=iphone/l=1/tc,1,100,0
m.baidu.com/from=1019311v/bd_page_type=1/ssid=0/uid=0/pu=usm%400%2Csz%401320_1001%2Cta%40iphone_2_16.0_19_26.2/baiduid=2A818B3F6F67754F6B59FBBC3DC34820/w=0_10_/t=iphone/l=1/tc,1,100,0
m.baidu.com/from=1019311v/bd_page_type=1/ssid=0/uid=0/pu=usm%401%2Csz%401320_1001%2Cta%40iphone_2_14.0_19_27.1/baiduid=E21AC314F05FA5C14DB306822FB5514E/w=0_10_/t=iphone/l=1/tc,1,100,0
m.baidu.com/from=1019311v/bd_page_type=1/ssid=0/uid=0/pu=usm%401%2Csz%401320_1001%2Cta%40iphone_2_15.0_19_28.0/baiduid=9733B4B57E0A2D4F720EAFD8BFA7DB1C/w=0_10_/t=iphone/l=1/tc,1,100,0
m.baidu.com/from=1019311v/bd_page_type=1/ssid=0/uid=0/pu=usm%401%2Csz%401320_1001%2Cta%40iphone_2_16.0_19_27.1/baiduid=19EF80013D6D7BC5DDFECCAE3F34F388/w=0_10_/t=iphone/l=1/tc,1,100,0
m.baidu.com/from=1019311v/bd_page_type=1/ssid=0/uid=0/pu=usm%401%2Csz%401320_1001%2Cta%40iphone_2_16.0_19_28.0/baiduid=16CCCCC6C7DB4D12CC1D7E952CE93EAB/w=0_10_/t=iphone/l=1/tc,1,100,0
m.baidu.com/from=1019311v/bd_page_type=1/ssid=0/uid=0/pu=usm%401%2Csz%401320_1001%2Cta%40iphone_2_6.0_19_10.9/baiduid=5B49DF842EBCDC3C8E008D01D33F6672/w=0_10_/t=iphone/l=1/tc,1,100,0
m.baidu.com/from=1020681l/bd_page_type=1/ssid=0/uid=0/pu=usm%400%2Csz%401320_1001%2Cta%40iphone_2_12.0_18_40.7/baiduid=DC20562C0EF97E3A7BB67322CD05808C/w=0_10_/t=iphone/l=1/tc,1,100,0
m.baidu.com/from=1020681l/bd_page_type=1/ssid=0/uid=0/pu=usm%401%2Csz%401320_1001%2Cta%40iphone_2_15.0_18_40.10/baiduid=327EA3A3648E13C10851AF7FA9AAC3BE/w=0_10_/t=iphone/l=1/tc,1,100,0
m.baidu.com/from=1020712a/bd_page_type=1/ssid=0/uid=0/pu=osname%40baiduboxapp%2Ccen%40cuid_cua_cut%2Cc3_aid%40A00-26WAYA7RNTDKHVLA22CAAMG7YLHBVJYD-SD7GAY66%2Cctv%402%2Ccfrom%401026250u%2Ccsrc%40home_box_txt%2Csz%401320_480%2Ccuid%40_iSFi08xvulPiHue_avza0uqB80Ku2ak0avPiYieH8iqP281_a2mi_uq2tYNa2fHA%2Ccua%40_a-qiyaO2igyNE6pI5me6NN0v8zta-I4_C2HiyaI-iqlC%2Cusm%400%2Cvmgdb%400020100228y/baiduid=7F476E5FDD7BF4EADCF4B2C83896A81E/w=0_10_/t=zbios/l=1/tc,1,0,454
m.baidu.com/from=1020712q/bd_page_type=1/ssid=0/uid=0/pu=cua%40_a-qiyuO2igyNEq5I5me6NN0v8zta-I4_C2HiyaI-iqlC%2Cctv%402%2Ccen%40cuid_cua_cut%2Cc3_aid%40A00-WAUVPKC5XJOICU6XM5WYJKNCNNEQQEBS-4MCZQC3J%2Csz%401320_480%2Ccuid%40_O2Ri_8dSa_ZaHinYaSEa0OoviYfi28EluvHfgayvt8OuB8p_u2g8_aYvigAP2t1A%2Cosname%40baiduboxapp%2Ccfrom%401026250u%2Ccsrc%40home_box_txt%2Cusm%400%2Cvmgdb%400020100228y/baiduid=A0A9757A6875CF4C7781D1E090626071/w=0_10_/t=zbios/l=1/tc,1,0,12
m.baidu.com/from=1020761f/bd_page_type=1/ssid=0/uid=0/pu=sz%401320_1001%2Cta%40iphone_2_15.0_19_28.0%2Cusm%401/baiduid=1CB5F014E229CECA82707E24117BD931/w=0_10_/t=iphone/l=1/tc,1,100,0
m.baidu.com/from=1020761f/bd_page_type=1/ssid=0/uid=0/pu=usm%400%2Csz%401320_1001%2Cta%40iphone_2_10.0_19_28.0/baiduid=B53B53F4AD2F1AA3FBCF0424708E3AEE/w=0_10_/t=iphone/l=1/tc,1,100,0
m.baidu.com/from=1020761f/bd_page_type=1/ssid=0/uid=0/pu=usm%400%2Csz%401320_1001%2Cta%40iphone_2_13.0_19_26.5/baiduid=1D8CE2305DE17B66534A00D9DA1060C9/w=0_10_/t=iphone/l=1/tc,1,100,0
m.baidu.com/from=1020779b/bd_page_type=1/ssid=0/uid=0/pu=sz%401320_480%2Cctv%402%2Ccsrc%40app_mainbox_txt%2Cc3_aid%40A00-GI2QJ3S5S7E2UD6OK3IZ7M7OES6D6A33-WYMSMRM5%2Ccuid%400OHk8giMviYAa2al08-Qululvi0Qi2f6laSIa_aJ2u8mu28g_uvltguO-8g1av8kA%2Ccua%40_a-qiyaOvig-NEqpI5me6NN0v8zta-I4_C2HiyaI-iqlC%2Cosname%40baiduboxapp%2Ccfrom%401014610q%2Ccen%40cuid_cua_cut%2Cusm%401%2Cvmgdb%400020100228y/baiduid=D1919CC9E6B34CB70319955E910FAB7E/w=0_10_/t=zbios/l=1/tc,1,100,0
m.baidu.com/from=1020786r/bd_page_type=1/ssid=0/uid=0/pu=sz%401320_1001%2Cta%40iphone_2_5.1_19_5.5%2Cusm%400/baiduid=F177AEA2860FCB3314DA68025EF25450/w=0_10_/t=iphone/l=1/tc,1,100,0
m.baidu.com/from=1022282z/bd_page_type=1/ssid=0/uid=0/pu=usm%401%2Csz%401320_1001%2Cta%40iphone_2_15.0_24_131.0/baiduid=34885522877D0957ECF3399B487A0AE2/w=0_10_/t=iphone/l=1/tc,1,0,30
m.baidu.com/from=1023341n/bd_page_type=1/ssid=0/uid=0/pu=usm%401%2Csz%401320_1001%2Cta%40ins_2_11.0_24_90.0/baiduid=6AA9243BDF14311C5CBACE038F0B80BC/w=0_10_/t=zbios/l=1/tc,1,0,103
m.baidu.com/from=1024043p/bd_page_type=1/ssid=0/uid=0/pu=sz%401320_220%2Cta%40iphone_5_6.0_28_6.1%2Cusm%401/baiduid=2B7D6405B58E41B8FD95BA62B5570949/w=0_10_/t=iphone/l=1/tc,1,100,0
m.baidu.com/from=1026293a/bd_page_type=1/ssid=0/uid=0/pu=sz%401320_480%2Ccuid%40_a24ugat2agFivaIluSMigum2il5iv8808vsi_iu288U92P1_91gawrmA%2Ccua%40_P2NiyaO-ig4NE6lI5me6NN02I_Uh2I-guDpiALqA%2Cosname%40baiduboxapp%2Cctv%402%2Ccfrom%401026293a%2Ccen%40cuid_cua%2Cc3_aid%40A00-V5QLW46YIEL25CAWAKX63XYMDGR2VMUV-PBOS3ZDV%2Cosbranch%40a9%2Ccsrc%40app_mainbox_txt%2Cusm%400%2Cvmgdb%400020100228y/baiduid=812846D0CF4FB0C775C4E0A066986E95/w=0_10_/t=zbios/l=1/tc,1,100,0
m.baidu.com/from=1026859x/bd_page_type=1/ssid=0/uid=0/pu=cuid%40lavhaYu22ul6OSadla2Jilu02i0Mi2aUluvX8Yaav8KzLqqqB%2Ccua%40_a-qiyaOvig4NE64I5me6NIy2Ij7aXiHoavjhSdHNqqqB%2Cosname%40baiduboxapp%2Cctv%402%2Ccfrom%401026859x%2Cc3_aid%40A00-VXJY5NTYBIC32SMN2JG6CTJCOY7KSR42-3NW5FQXC%2Candrst%400%2Csz%401320_480%2Ccen%40cuid_cua_cut%2Cosbranch%40a2%2Ccsrc%40app_mainbox_txt%2Cusm%400%2Cvmgdb%400020100228y/baiduid=009414411DE184322D110B007E33C648/w=0_10_/t=zbios/l=1/tc,1,100,0
m.baidu.com/from=1027661f/bd_page_type=1/ssid=0/uid=0/pu=usm%400%2Csz%401320_1001%2Cta%40iphone_2_16.0_24_131.0/baiduid=EF914CC268C9203AB8116F66D4E431C4/w=0_10_/t=iphone/l=1/tc,1,0,4
m.baidu.com/from=1027978d/bd_page_type=1/ssid=0/uid=0/pu=cen%40cuid_cua_cut%2Cc3_aid%40A00-TD2VKY56DCVQODHDSH3IVUOQCGWD64YO-4DAMYD7L%2Ccsrc%40home_box_txt%2Csz%401320_480%2Ccua%40_avLCgan2i46ywoUfpw1zyaBsf_4h2I5_uL5ixLqA%2Cosname%40baiduboxapp%2Cctv%402%2Ccuid%40Yav_i0ugHu_Fi-tj_8Haa_aqBt_o8H8c_aSKugiPSi889SMx4aW88QnQA%2Ccfrom%401027978d%2Cosbranch%40a2%2Candrst%400%2Cusm%400%2Cvmgdb%400020100228y/baiduid=DDC9E53CE45845388645E3455190A8B9/w=0_10_/t=zbios/l=1/tc,1,100,0
m.baidu.com/from=1027978d/bd_page_type=1/ssid=0/uid=0/pu=cuid%40jOSou_Ogvi06PB8jgO-oa08wSigh8vimg8-6t0iyvt8i9DaC5kWjOMUuA%2Ccua%40_a-qiyuu2igyNE65I5me6NIy2Ij7asicoavjhSdHNqqqB%2Cctv%402%2Ccfrom%401027978d%2Cosbranch%40a2%2Csz%401320_480%2Cosname%40baiduboxapp%2Ccen%40cuid_cua_cut%2Cc3_aid%40A00-V4Z5VHDTVVYNJFA4EYCWMRUL7SONTM4Q-6B6E7ITZ%2Candrst%400%2Ccsrc%40app_mainbox_txt%2Cusm%400%2Cvmgdb%400020100228y/baiduid=35EA464DEB4DDEF0200913F4A2687775/w=0_10_/t=zbios/l=1/tc,1,100,0
m.baidu.com/from=1034658a/bd_page_type=1/ssid=0/uid=0/pu=sz%401320_480%2Ccuid%40g8-3ugucvigEPvuWg8vai0iuHaY0OSaN_PSf8Y8Kvi8Y91h1r83wR8zmA%2Ccua%40_a2viyuC2igBNE6lI5me6NN0-IYUh2IlgN2UiAqSC%2Cosname%40baiduboxapp%2Cctv%402%2Ccfrom%401030738b%2Ccen%40cuid_cua%2Cc3_aid%40A00-CNMNIUWOZCPT55XYLMBNTO7T2VZ3D57U-ARKJWXIB%2Ccsrc%40app_mainbox_txt%2Cta%40iphone___31_9.8%2Cusm%400/baiduid=7002825E7C0A21C0D787F29F9B36E94E/w=0_10_/t=iphone/l=1/tc,1,100,0
m.baidu.com/from=1034658a/bd_page_type=1/ssid=0/uid=0/pu=sz%401320_480%2Ccuid%40gP24i0uV-ulAiv84ga2B8ga62tlRu2ap0a2Ya_i2Su8y9DMfJf128tDaA%2Ccua%40_a2SiyuCvig4NEq4I5me6NN0-I_Uh2N4gN278Aq6C%2Cosname%40baiduboxapp%2Cctv%402%2Ccfrom%401030738b%2Ccen%40cuid_cua%2Cc3_aid%40A00-CY4DN5KBKLJQNUYBSYRL7ERXJPCGV5A2-KQZFSRGW%2Ccsrc%40home_box_txt%2Cta%40iphone___31_9.7%2Cusm%400/baiduid=D0E4AEB3CB17C253F2B3EE72E9C22FC0/w=0_10_/t=iphone/l=1/tc,1,100,0
m.baidu.com/from=1034658a/bd_page_type=1/ssid=0/uid=0/pu=sz%401320_480%2Ccuid%40liv6i_av2a0buvuH_uSKilalv8gZ82i_g8B_uluN2u8b9WPJruQ0CQA6A%2Ccua%40_avLCga72i4HywoUfpw1z4PLsizVaX8U4a2AiqqHB%2Cosname%40baiduboxapp%2Cctv%402%2Ccfrom%401030738b%2Ccen%40cuid_cua%2Cc3_aid%40A00-RIX2XCEHWKJA6NJ3SATO5EJWUUXWDN6J-NXVRACVQ%2Ccsrc%40home_box_txt%2Cta%40iphone___31_9.7%2Cusm%400/baiduid=2CCE887EE4B5346DBF6FDF717A4E4B83/w=0_10_/t=iphone/l=1/tc,1,100,0
m.baidu.com/from=1034658c/bd_page_type=1/ssid=0/uid=0/pu=csrc%40home_box_txt%2Ccuid%40g8HKt_uBvigTu2uJ_aHci0ufSaYCiHaOliB3ulaI2i8MkQav5i2a8I0mA%2Ccua%40_avLC_uU2i46ywoUfpw1zyaBsf_4h2Nl_uL5ixLqA%2Cctv%402%2Ccen%40cuid_cua_cut%2Cosbranch%40a2%2Csz%401320_480%2Cosname%40baiduboxapp%2Ccfrom%401034658c%2Cc3_aid%40A00-M53A7QLT2BYPOBA4M4RI7PM6LIQREQZD-KXYI23S4%2Candrst%400%2Cusm%400%2Cvmgdb%400020100228y/baiduid=CD48CF89C907ECC7EAAFC78E0F9A58F3/w=0_10_/t=zbios/l=1/tc,1,100,0
m.baidu.com/from=1040455c/bd_page_type=1/ssid=0/uid=0/pu=sz%401320_480%2Ccuid%400aSaig8kHt0favuhguvlulaaHi_WuSuZ_uSqtluJH88MkWM10u2wOYAPA%2Ccua%40_a2HiyuC2ig-NE6lI5me6NN0-IYUh2IlgN2biAqSC%2Cosname%40baiduboxapp%2Cctv%402%2Ccfrom%401030738b%2Ccen%40cuid_cua%2Cc3_aid%40A00-GIE5A6YSHASTKAFJ2HUC6O2LWXWGXMW7-QZDK6P7L%2Ccsrc%40bdbox_tserch_txt%2Cwh%401%2Cta%40iphone___31_9.8%2Cusm%401/baiduid=BB19D0A87DF84D323A9611101089E886/w=0_10_/t=iphone/l=1/tc,1,100,0
m.baidu.com/from=1040455c/bd_page_type=1/ssid=0/uid=0/pu=sz%401320_480%2Ccuid%400uSW808yHalr8HfQ_uSOuluSv8lpaHtQla24ug8kSu8B9QPx0iQKOxyWA%2Ccua%40_a2q84aQ2ig4NE6lI5me6NN0-I_Uh2I4gN2w8Aq6C%2Cosname%40baiduboxapp%2Cctv%402%2Ccfrom%401030738b%2Ccen%40cuid_cua%2Cc3_aid%40A00-DHTW4KKE7GJN6OPFRJ5GYFMBXL2ZH43E-YKK4UCAL%2Ccsrc%40app_mainbox_txt%2Cta%40iphone___31_9.6%2Cusm%400/baiduid=20EDA092D36601F93F1D550AC8B76411/w=0_10_/t=iphone/l=1/tc,1,0,19
m.baidu.com/from=1040455c/bd_page_type=1/ssid=0/uid=0/pu=sz%401320_480%2Ccuid%40_uvru_O6Su_ki-8N_uvEug8j2igN8B8qliBoagaVBi889WPtrk2-iJ9wA%2Ccua%40_a2q84uS2igyNE65I5me6NN0-I_Uh2N4gI2EtAq6C%2Cosname%40baiduboxapp%2Cctv%402%2Ccfrom%401030738b%2Ccen%40cuid_cua%2Cc3_aid%40A00-WTMUINXB27RBG2NOONFYIQ2ZD2FCNR25-XO27FDM5%2Ccsrc%40app_mainbox_txt%2Cta%40iphone___31_9.7%2Cusm%400/baiduid=A3EE0D2464DF1D157129A7E0DB4FB6A5/w=0_10_/t=iphone/l=1/tc,1,100,0
m.baidu.com/from=1040455c/bd_page_type=1/ssid=0/uid=0/pu=sz%401320_480%2Ccuid%40gu2k8l8Ov8_xu-upliB6igaxv80ouHargivtuYim2i8Yk1MfgI3jM9mPA%2Ccua%40_a2SiyaO2ig4NE6lI5me6NN0-I_Uh2NlgI2EfAqSC%2Cosname%40baiduboxapp%2Cctv%402%2Ccfrom%401030738b%2Ccen%40cuid_cua%2Cc3_aid%40A00-BSRWHOZAPBBNFSF3UTIOMXNTGE4Y2AE7-XPRLU3AV%2Ccsrc%40app_mainbox_txt%2Cta%40iphone___31_9.1%2Cusm%400/baiduid=137E9BDE11ED56E4BE76FF1E4220E77B/w=0_10_/t=iphone/l=1/tc,1,100,0
m.baidu.com/from=1040455c/bd_page_type=1/ssid=0/uid=0/pu=sz%401320_480%2Ccuid%40jiHGa0afHijn82aVg8vsagaLvilqOv8bg82G8089Hf8jk1Mg5fHsh2JwA%2Ccua%40_a2NfyaAvigBNE65I5me6NN0-IYUh2IlgI2ciAqSC%2Cosname%40baiduboxapp%2Cctv%402%2Ccfrom%401030738b%2Ccen%40cuid_cua%2Cc3_aid%40A00-4L43VQUHKC5VHO5TZJ6BAH2WWDNIXXTE-B2EH4SKV%2Ccsrc%40app_mainbox_txt%2Cta%40iphone___31_9.8%2Cusm%400/baiduid=5929EFE17E63A6DF908A07A9DF2D793C/w=0_10_/t=iphone/l=1/tc,1,100,0
m.baidu.com/from=1040455c/bd_page_type=1/ssid=0/uid=0/pu=sz%401320_480%2Ccuid%40l8B6t08xHu0Gi2ahl8Hka0aP-ig6iBuO_O248_P3va8Rkvh3p8HbMJUwA%2Ccua%40gP2Oi4ao2ig4NE6lI5me6NN0-I_Uh2IlgN2w83q6C%2Cosname%40baiduboxapp%2Cctv%402%2Ccfrom%401030738b%2Ccen%40cuid_cua%2Cc3_aid%40A00-SQUVKSKIAEA6S2I5ZL75D2V6TUTYOQYP-ZG2YLE7K%2Ccsrc%40app_mainbox_txt%2Cta%40iphone___31_9.0%2Cusm%400/baiduid=01758A4405B71EA09C46957767C7DCAE/w=0_10_/t=iphone/l=1/tc,1,100,0
m.baidu.com/from=1040455c/bd_page_type=1/ssid=0/uid=0/pu=sz%401320_480%2Ccuid%40l8BQug8q2u_G8vtj_aBQ80u3Sugfa2ac_u29ig8F2f8R9Wafy8Waa_9uA%2Ccua%40_a2q84aQ2ig4NE6lI5me6NN0-I_Uh2N4gI2EtAq6C%2Cosname%40baiduboxapp%2Cctv%402%2Ccfrom%401030738b%2Ccen%40cuid_cua%2Cc3_aid%40A00-4LGDVU5H5ARPGU7HVXJCHVDHUSEZWR3M-3UC77BGB%2Ccsrc%40app_mainbox_txt%2Cta%40iphone___31_9.7%2Cusm%400/baiduid=3E3EB8C694F14C13890F9426EF4F0BDA/w=0_10_/t=iphone/l=1/tc,1,100,0
m.baidu.com/from=1040455c/bd_page_type=1/ssid=0/uid=0/pu=sz%401320_480%2Ccuid%40l8vRijad2il3aHualaBQ8lu-2aY9828Iju2ka0ajvi8ikHMtJ9WlCDDuA%2Ccua%40_a2HiyuC2ig-NE6lI5me6NN0-I_Uh2N4gI2c8Aq6C%2Cosname%40baiduboxapp%2Cctv%402%2Ccfrom%401030738b%2Ccen%40cuid_cua%2Cc3_aid%40A00-KBDRDQIEW2WETXFSZ2R7QKVVX2KYHX2H-RWZ4Y4SX%2Ccsrc%40app_mainbox_txt%2Cta%40iphone___31_9.7%2Cusm%400/baiduid=59293C230F5786406AFDA335CB966DBD/w=0_10_/t=iphone/l=1/tc,1,100,0
m.baidu.com/from=1040455c/bd_page_type=1/ssid=0/uid=0/pu=sz%401320_480%2Ccuid%40liS6t_an2aYPPS8E0a-Si_8evi0U8Btg_P24agi9288L91P1JtHmMWDwA%2Ccua%40_a2q84aQ2ig4NE6lI5me6NN0-I_Uh2NpgI2EtAq6C%2Cosname%40baiduboxapp%2Cctv%402%2Ccfrom%401030738b%2Ccen%40cuid_cua%2Cc3_aid%40A00-7WULRJJGL7LAZSTSSADD667Y2KOVRYV7-M5FFMU55%2Ccsrc%40app_mainbox_txt%2Cwh%401%2Cta%40iphone___31_9.5%2Cusm%400/baiduid=1DF53D8D90DCB90B97AF68FB37B0C1B2/w=0_10_/t=iphone/l=1/tc,1,100,0
m.baidu.com/from=1040455c/bd_page_type=1/ssid=0/uid=0/pu=sz%401320_480%2Ccuid%40livOaj88SfYjuH8Klavk80i7Su0fi2ih0i2T8_8U2a8891aF0fQdaSxHA%2Ccua%40_uvqi4aq-igyNE6lI5me6NN0-I_Uh2N4gI2c8Aq6C%2Cosname%40baiduboxapp%2Cctv%402%2Ccfrom%401030738b%2Ccen%40cuid_cua%2Cc3_aid%40A00-YA2SPQSWUCHKEU4NQXUXC6CJRXXEOJMN-YJ5B3K4O%2Ccsrc%40app_mainbox_txt%2Cta%40iphone___31_9.7%2Cusm%400/baiduid=83DCBEBEF4AE60A6DBFC1DBAE305DFF1/w=0_10_/t=iphone/l=1/tc,1,100,0
m.baidu.com/from=1040455f/bd_page_type=1/ssid=0/uid=0/pu=sz%401320_480%2Ccuid%40gPvlfguVHi0lP2iz_uSdigaCSalxuv8a0ivQulakHu8M9SMvpi39OIhuA%2Ccua%40_a2HiyuC2ig-NE6lI5me6NN0-IYUh2IlgI2ciAqSC%2Cosname%40baiduboxapp%2Cctv%402%2Ccfrom%401030738b%2Ccen%40cuid_cua%2Cc3_aid%40A00-6ZBBEPS46AYYUS3KXCT3NPTPPC5TS64F-7JG2HKTA%2Ccsrc%40app_mainbox_txt%2Cta%40iphone___31_9.8%2Cusm%400/baiduid=2EF84C0856A6CAB9D9C6C4AC638CD8C1/w=0_10_/t=iphone/l=1/tc,1,0,3
m.baidu.com/from=1040455f/bd_page_type=1/ssid=0/uid=0/pu=sz%401320_480%2Ccuid%40lO24ilaevu0huHiP_a2riYiVS8_3a2iP_aBQ8gurHa8MkHM_paDYiI9wA%2Ccua%40ga2084aL2ig4NE6lI5me6NN0-IYUh2IlgN2biAqSC%2Cosname%40baiduboxapp%2Cctv%402%2Ccfrom%401030738b%2Ccen%40cuid_cua%2Cc3_aid%40A00-DVOX5L3RXF32NWVA76RXJOPBC6PO4RIZ-BNF5GPCO%2Ccsrc%40home_box_txt%2Cta%40iphone___31_9.8%2Cusm%400/baiduid=DC89286303C610A5955B5A30E2ABB013/w=0_10_/t=iphone/l=1/tc,1,0,14
m.baidu.com/from=1040455g/bd_page_type=1/ssid=0/uid=0/pu=sz%401320_480%2Ccuid%4008vLig8Av8j_8-tqguvbi_iAB8Yvu2ac_P2q8_8Avi8y9HPxpaWFaabuA%2Ccua%40_a2q84aQ2ig4NE6lI5me6NI0-I_Uh2NlgI2EtAqHC%2Cosname%40baiduboxapp%2Cctv%402%2Ccfrom%401030738b%2Ccen%40cuid_cua%2Cc3_aid%40A00-CPWB7OC4ZJZPY5TA2XOHDY34DWSDCIXW-2NXWZLWO%2Ccsrc%40bdbox_tserch_txt%2Cta%40iphone___31_8.1%2Cusm%400/baiduid=CFF1C2BF21B45389750E7C708329B7E8/w=0_10_/t=iphone/l=1/tc,1,100,0
m.baidu.com/from=1040455g/bd_page_type=1/ssid=0/uid=0/pu=sz%401320_480%2Ccuid%40YOHNfYPjH8g1uSi9_iB3ug8uHijlaviH0uBY8_uK288GkWhClf19O8IaA%2Ccua%40_a2SiyaO2ig4NE6lI5me6NI0-I_Uh2NlgN2w8AqHC%2Cosname%40baiduboxapp%2Cctv%402%2Ccfrom%401030738b%2Ccen%40cuid_cua%2Cc3_aid%40A00-HYN6GUTLWVZIUWWN7DABK4R5TRLZC4DC-W4EDGLU2%2Ccsrc%40home_box_txt%2Cta%40iphone___31_8.1%2Cusm%400/baiduid=C18182FB7E6DD2FD8285EF989E106939/w=0_10_/t=iphone/l=1/tc,1,100,0
m.baidu.com/from=1040455g/bd_page_type=1/ssid=0/uid=0/pu=sz%401320_480%2Ccuid%40_P2oul8iSi_1iHu9_iv1i_uSBa_Kuvi7_uv1iluSBa8i9WhgyfHu8WHmA%2Ccua%40_P2q84aS-igyNE6lI5me6NN0-IYUh2IlgI2ciAqSC%2Cosname%40baiduboxapp%2Cctv%402%2Ccfrom%401030738b%2Ccen%40cuid_cua%2Cc3_aid%40A00-C633E5VD2QQ62IMN5W7JEDRMCJ3KM4FJ-CJI27HBR%2Ccsrc%40bdbox_tserch_txt%2Cta%40iphone___31_9.8%2Cusm%400/baiduid=EA7117939E3A3C95A24C892441BEC563/w=0_10_/t=iphone/l=1/tc,1,0,385
m.baidu.com/from=1040455g/bd_page_type=1/ssid=0/uid=0/pu=sz%401320_480%2Ccuid%40gi2rujuivi0Yivadla2EtgizSa0B8HiS_aHi8gPj2a8-92aT0t1ORHhwA%2Ccua%40ga2084aL2ig4NE6lI5me6NN0-I_Uh2N4gN2FiAqSC%2Cosname%40baiduboxapp%2Cctv%402%2Ccfrom%401030738b%2Ccen%40cuid_cua%2Cc3_aid%40A00-OXULMPPQWIUCN5XU2XVINSUVWDJRR6TM-KHTDHELW%2Ccsrc%40bdbox_tserch_txt%2Cta%40iphone___31_9.7%2Cusm%400/baiduid=44A6FB26F85127F312B0E519308DD24F/w=0_10_/t=iphone/l=1/tc,1,100,0
m.baidu.com/from=1040455h/bd_page_type=1/ssid=0/uid=0/pu=sz%401320_480%2Ccuid%400O-jul8O-ilOiStoguvRi0PoS8_ca2iy_iv98gibvu8B93a1lk2MOVrmA%2Ccua%40_a2HiyuC2ig-NE6lI5me6NN0-IYUh2IlgI2ciAqSC%2Cosname%40baiduboxapp%2Cctv%402%2Ccfrom%401030738b%2Ccen%40cuid_cua%2Cc3_aid%40A00-TFEHFOOLWTAXWUISTTL6WQ6PHRRJBVIP-DUCQVMKN%2Ccsrc%40home_box_txt%2Cta%40iphone___31_9.8%2Cusm%400/baiduid=9DD10EBA1B58997475106DF402804EED/w=0_10_/t=iphone/l=1/tc,1,0,2
m.baidu.com/from=1040455h/bd_page_type=1/ssid=0/uid=0/pu=sz%401320_480%2Ccuid%400ivZ8_ahSa_yavuGga2Ra_u2SugeaSuzlPvo80ayv88BkQPJlI3R8ISEA%2Ccua%40_a2SiyaO2ig4NE6lI5me6NN0-I_Uh2I4gN2w8Aq6C%2Cosname%40baiduboxapp%2Cctv%402%2Ccfrom%401030738b%2Ccen%40cuid_cua%2Cc3_aid%40A00-JIMO5RNGNOBMVVRK2FYB6WU7UZZBXW6J-NSIEEK6P%2Ccsrc%40home_box_txt%2Cta%40iphone___31_9.6%2Cusm%400/baiduid=1D03C644782F36522188AB6D290934B1/w=0_10_/t=iphone/l=1/tc,1,0,108
m.baidu.com/from=1040455h/bd_page_type=1/ssid=0/uid=0/pu=sz%401320_480%2Ccuid%40_uSFilim2804u28bluvua0uP28YM8BaN08vTi_uoSu8Y92MJ5uvsiIzuA%2Ccua%40_a2HiyuC2ig-NE6lI5me6NN0-I_Uh2N4gN2b8Aq6C%2Cosname%40baiduboxapp%2Cctv%402%2Ccfrom%401030738b%2Ccen%40cuid_cua%2Cc3_aid%40A00-CPS22TZ576BR5KZC6TOA2U2R36NEQ6EA-WMLB5WVV%2Ccsrc%40home_box_txt%2Cta%40iphone___31_9.7%2Cusm%400/baiduid=60B41A503933628DBAFD2B58086C3B78/w=0_10_/t=iphone/l=1/tc,1,0,277
m.baidu.com/from=1040455j/bd_page_type=1/ssid=0/uid=0/pu=sz%401320_480%2Ccuid%400ivX8gP_SaYta2800aHfa08rHtgOPv82li2LilO6Si8dkv8J4833M6JuA%2Ccua%40gP2Oi4ao2ig4NE6lI5me6NN0-I_Uh2N4gN2w8Aq6C%2Cosname%40baiduboxapp%2Cctv%402%2Ccfrom%401030738b%2Ccen%40cuid_cua%2Cc3_aid%40A00-DYPXZ7JTQW7XKVUX6UVHZWT7INC4H4S6-QFHXAARR%2Ccsrc%40home_box_txt%2Cta%40iphone___31_9.7%2Cusm%400/baiduid=434EA54BFC3500F3457C9A630DE216BF/w=0_10_/t=iphone/l=1/tc,1,100,0
m.baidu.com/from=1040455j/bd_page_type=1/ssid=0/uid=0/pu=sz%401320_480%2Ccuid%400uBL8luVS8l2aHi6luvdijuJHalHO2ad_iSQu_aX2u8Mk28t58L3RazwA%2Ccua%40_a2Si4uq-igBNE6lI5me6NN0-I_Uh2NpgN2w8Aq6C%2Cosname%40baiduboxapp%2Cctv%402%2Ccfrom%401030738b%2Ccen%40cuid_cua%2Cc3_aid%40A00-LDNTGUX5BNV4VKVTUGOA6WSWC67PGIO5-6SI77APO%2Ccsrc%40osts%2Cta%40iphone___31_9.5%2Cusm%400/baiduid=FC1798433B3C8DA0CC17F61BF07F66A6/w=0_10_/t=iphone/l=1/tc,1,100,0
m.baidu.com/from=1040455j/bd_page_type=1/ssid=0/uid=0/pu=sz%401320_480%2Ccuid%40_8268_a7St_lOv8c_8Saalazvt_p8vaf0uHNtgPLv88bk38hrk2XPwtuA%2Ccua%40_a-qiyuuvig4NE64I5me6NI0-I_Uh2NlgI2ctAqHC%2Cosname%40baiduboxapp%2Cctv%402%2Ccfrom%401030738b%2Ccen%40cuid_cua%2Cc3_aid%40A00-ONMU5345LKEVSWSZXUFRDS3LPR6L7XAK-TRWJR2RF%2Ccsrc%40home_box_txt%2Cta%40iphone___31_8.1%2Cusm%400/baiduid=A426278D00141DEB909467F85E33362D/w=0_10_/t=iphone/l=1/tc,1,100,0
m.baidu.com/from=1040455j/bd_page_type=1/ssid=0/uid=0/pu=sz%401320_480%2Ccuid%40_8Sd8_8xS8_NuB8o_u2zil8zH8jp8v8O0aSt8_uSv88U9QM2rkHdP67wA%2Ccua%40_a2q84aQ2ig4NE6lI5me6NN0-I_Uh2I4gI2EtAq6C%2Cosname%40baiduboxapp%2Cctv%402%2Ccfrom%401030738b%2Ccen%40cuid_cua%2Cc3_aid%40A00-LICP7XQMQT3V4EAJZMPHQVYOUAE6L5W6-E7R7AZIF%2Ccsrc%40bdbox_tserch_txt%2Cta%40iphone___31_9.6%2Cusm%400/baiduid=B4083EFA7462180FDB000854844BB315/w=0_10_/t=iphone/l=1/tc,1,100,0
m.baidu.com/from=1040455j/bd_page_type=1/ssid=0/uid=0/pu=sz%401320_480%2Ccuid%40_aB18larSa_ZuH88_avSfg83Hajh8Sf6li2Quj8zHa8D9Qh1pkQvPhAEA%2Ccua%40_P2NiyaO-ig4NE6lI5me6NN0-I_Uh2N4gI2c8Aq6C%2Cosname%40baiduboxapp%2Cctv%402%2Ccfrom%401030738b%2Ccen%40cuid_cua%2Cc3_aid%40A00-GT3L2DMFJL7DIDRIK6PQEION6AY4YBOW-LKPQO4O7%2Ccsrc%40bdbox_tserch_txt%2Cta%40iphone___31_9.7%2Cusm%400/baiduid=A1CA274808735C2E9B51047AE846A890/w=0_10_/t=iphone/l=1/tc,1,0,1
m.baidu.com/from=1040455j/bd_page_type=1/ssid=0/uid=0/pu=sz%401320_480%2Ccuid%40_u24u_PDHu_U8SacgP2u8_PLHt0RaHiH_a2ctgi6Sa8GkSMC0ILxPyyaA%2Ccua%40_a2HiyuC2ig-NE6lI5me6NN0-I_Uh2N4gI2c8Aq6C%2Cosname%40baiduboxapp%2Cctv%402%2Ccfrom%401030738b%2Ccen%40cuid_cua%2Cc3_aid%40A00-K6BWQRDCVBIYZ4GCPGWJKCQPVQSXFOO5-UH3YKYPU%2Ccsrc%40home_box_txt%2Cta%40iphone___31_9.7%2Cusm%400/baiduid=C1CB73D20A5E97311A91D2AD9350FC0B/w=0_10_/t=iphone/l=1/tc,1,0,36
m.baidu.com/from=1040455j/bd_page_type=1/ssid=0/uid=0/pu=sz%401320_480%2Ccuid%40_uSPiY8Av8l6OSf_08STi_avSi0f8v8g_avdi0ihHa8B9QagJ8WXuIAEA%2Ccua%40gav8h_aE2i4qywoUfpw1z4PLsizVaX8Uya-SiqqHB%2Cosname%40baiduboxapp%2Cctv%402%2Ccfrom%401030738b%2Ccen%40cuid_cua%2Cc3_aid%40A00-4BYWWOTRNHA3HQ7PRNVMXEKQZXBBLQ2W-CJTWCUHP%2Ccsrc%40home_box_txt%2Cta%40iphone___31_9.7%2Cusm%400/baiduid=33E483B03436BBB405E7EC6C3A880768/w=0_10_/t=iphone/l=1/tc,1,0,26
m.baidu.com/from=1040455j/bd_page_type=1/ssid=0/uid=0/pu=sz%401320_480%2Ccuid%40g8v0808-Ha_Uava9l82t8l8Uvi0faSaz0uv2i_P6B88dk3PnJf3pu1xPA%2Ccua%40javbh_al2i4qywoUfpw1z4PLXfzlas8bya26iqqHB%2Cosname%40baiduboxapp%2Cctv%402%2Ccfrom%401030738b%2Ccen%40cuid_cua%2Cc3_aid%40A00-GKCMC646YLLJ7XONX72X65UUEIXNFKHC-ZJ4GDH4R%2Ccsrc%40bdbox_tserch_txt%2Cta%40iphone___31_9.8%2Cusm%400/baiduid=DBF7D472797236BDEF7FD8B3FFAA36EA/w=0_10_/t=iphone/l=1/tc,1,0,6
m.baidu.com/from=1040455j/bd_page_type=1/ssid=0/uid=0/pu=sz%401320_480%2Ccuid%40guBq80P3vf_NOSaY0OvgululHagm8v8E0uHa80aBHt8492MFgtveaYUmA%2Ccua%40_a2Si4uq-igBNE6lI5me6NN0-I_Uh2N4gN2w8Aq6C%2Cosname%40baiduboxapp%2Cctv%402%2Ccfrom%401030738b%2Ccen%40cuid_cua%2Cc3_aid%40A00-LPIGTIEJPNLGAIL5NOILHY3ASVPTWSW3-GHLVPEJH%2Ccsrc%40bdbox_tserch_txt%2Cta%40iphone___31_9.7%2Cusm%400/baiduid=F72730BEECAE9B599DC50ECD196667D8/w=0_10_/t=iphone/l=1/tc,1,100,0
m.baidu.com/from=1040455j/bd_page_type=1/ssid=0/uid=0/pu=sz%401320_480%2Ccuid%40guS1iY8yHflgivaDga2c80um2iYmuv8e0aSE808yvu8M93Mp_fWU89rmA%2Ccua%40_a2Si4uq-igBNE6lI5me6NN0-I_Uh2N4gN2w8Aq6C%2Cosname%40baiduboxapp%2Cctv%402%2Ccfrom%401030738b%2Ccen%40cuid_cua%2Cc3_aid%40A00-7UDYC7N4XEPH7ATD5XQBHEFDWIPUOFVP-6KIAMHRF%2Ccsrc%40bdbox_tserch_txt%2Cta%40iphone___31_9.7%2Cusm%400/baiduid=A12E0A7EA01BEED03D36D23D1412A910/w=0_10_/t=iphone/l=1/tc,1,100,0
m.baidu.com/from=1040455j/bd_page_type=1/ssid=0/uid=0/pu=sz%401320_480%2Ccuid%40l8S0f_auS8lIOB8ggiBg8liSHi0aaSialOHu8gaFH88Rk3Mp59WxiYhwA%2Ccua%40gav8h_aE2i4qywoUfpw1z4PLsizVaX8Uya-SiqqHB%2Cosname%40baiduboxapp%2Cctv%402%2Ccfrom%401030738b%2Ccen%40cuid_cua%2Cc3_aid%40A00-3VNVWAPQJDGKFZFIABXKH62U4MS4BXC2-N4XM7PX4%2Ccsrc%40bdbox_tserch_txt%2Cta%40iphone___31_9.7%2Cusm%400/baiduid=189F8EBC816DC8948F60EA20BBB74BE9/w=0_10_/t=iphone/l=1/tc,1,100,0
m.baidu.com/from=1040455j/bd_page_type=1/ssid=0/uid=0/pu=sz%401320_480%2Ccuid%40luHStguxv8_hu2ua_8Sxu0Po28_OPv8HguS88_aUHi8GkQag0uS9ayJaA%2Ccua%40ga2084aL2ig4NE6lI5me6NN0-I_Uh2N4gN2F8Aq6C%2Cosname%40baiduboxapp%2Cctv%402%2Ccfrom%401030738b%2Ccen%40cuid_cua%2Cc3_aid%40A00-24YYAQ4QND52LUE7743WGJMNBMWIUNDP-E4U2UXI4%2Ccsrc%40home_box_txt%2Cta%40iphone___31_9.7%2Cusm%400/baiduid=72A98C2CECEB43F384CBF238C50659B4/w=0_10_/t=iphone/l=1/tc,1,0,7
m.baidu.com/from=1044175y/bd_page_type=1/ssid=0/uid=0/pu=usm%400%2Csz%401320_1001%2Cta%40iphone_2_10.0_28_17.0/baiduid=130FBB4D2B9A60B5CEF8AFE960A1456A/w=0_10_/t=iphone/l=1/tc,1,0,1
m.baidu.com/from=1050528x/bd_page_type=1/ssid=0/uid=0/pu=cua%40_a-giyaCvig4Imzofpwy6iIB2NjWasicoavjhSdHNqqqB%2Cosname%40baiduboxapp%2Ccfrom%401050528x%2Chm_cuid%400%3A0ivviY8xHalSPS8d_a2ba_u12tYg8v86g8vsa_uWv884kvPhpuHACyxAA%3A%2Ccuid%40CB758BDBF9B5662F00588D416C6C6031%7CV5KS3CXK5%2Ccut%400fQhI0tK-iyjaXiDzasl8_uDDigGIQMklkScOqqqB%2Ccen%40cua_cut%2Cctv%402%2Cc3_aid%40A00-2ZAPCLNLMOWE7LV26QOLSLP2W2KSVD4Q-XTSFSQ4V%2Csz%401320_480%2Cta%40iphone_5_6.0_44_15.34%2Cusm%401/baiduid=C62EBB0E79AE202AD1B2C0E7A53ED582/w=0_10_/t=iphone/l=1/tc,1,0,508
m.baidu.com/from=1050528x/bd_page_type=1/ssid=0/uid=0/pu=sz%401320_480%2Ccua%40_a-giyaCvig4Imzofpwy6iIB2NjWasicoavjhSdHNqqqB%2Ccut%40p9QvI0tN2iyjaXiDzasl8_uDDigGIQMklkScOqqqB%2Ccen%40cua_cut%2Chm_cuid%400%3A%3A%2Ccuid%40C78B252CF79AE6EFDCA81AA28A16CBD3%7CH00T6CFG3PN%2Cosname%40baiduboxapp%2Cctv%402%2Ccfrom%401050528x%2Cc3_aid%40A00-QGT4EQHBWY6RJOUW36JBSCELZ3CGK67K-I26W5Z4H%2Cta%40iphone_5_6.0_44_15.34%2Cusm%400/baiduid=3CE70EDBEBCD01B4DFC8CDB207648F3F/w=0_10_/t=iphone/l=1/tc,1,100,0
m.baidu.com/from=1050528x/bd_page_type=1/ssid=0/uid=0/pu=sz%401320_480%2Ccuid%40_uvXigu4vtSO3qqqB%2Ccua%40_a-giyaCvig4Imzofpwy6iIB2NjWasicoavjhSdHNqqqB%2Ccut%40p9QvI0tN2iyjaXiDzasl8_uDDigGIQMklkScOqqqB%2Ccen%40cuid_cua_cut%2Cosname%40baiduboxapp%2Cctv%402%2Ccfrom%401050528x%2Cc3_aid%40A00-5GYAQWZ4KXUEQMW66A7VKWURHDFZVFG3-HIQVRZ2A%2Chm_cuid%400%3A%3A%2Cta%40iphone_5_6.0_44_15.34%2Cusm%401/baiduid=79E829A1FD7130361526339C2DB36B38/w=0_10_/t=iphone/l=1/tc,1,100,0
m.baidu.com/from=1057810a/bd_page_type=1/ssid=0/uid=0/pu=sz%401320_1004%2Cta%40iphone_2_14.0_49_3.1%2Cusm%401/baiduid=9F23864DA69DCECDEE1A03897EC72A02/w=0_10_/t=iphone/l=1/tc,1,100,0
m.baidu.com/from=1057810a/bd_page_type=1/ssid=0/uid=0/pu=usm%400%2Csz%401320_1004%2Cta%40iphone_2_11.0_49_3.1/baiduid=7117C29E04BBA78C2C6D3DE250E3C264/w=0_10_/t=iphone/l=1/tc,1,100,0
m.baidu.com/from=1057810a/bd_page_type=1/ssid=0/uid=0/pu=usm%400%2Csz%401320_1004%2Cta%40iphone_2_14.0_49_3.1/baiduid=54717DF20742172656317C968B508176/w=0_10_/t=iphone/l=1/tc,1,100,0
m.baidu.com/from=1057810a/bd_page_type=1/ssid=0/uid=0/pu=usm%401%2Csz%401320_1004%2Cta%40iphone_2_13.0_49_3.1/baiduid=675BEF9F1EF7B4FC2FF981E9C9BF07AB/w=0_10_/t=iphone/l=1/tc,1,100,0
m.baidu.com/from=1057810a/bd_page_type=1/ssid=0/uid=0/pu=usm%401%2Csz%401320_1004%2Cta%40iphone_2_15.0_49_3.2/baiduid=75F9D60072270779FC5B4F4977C8E6A1/w=0_10_/t=iphone/l=1/tc,1,100,0
m.baidu.com/from=844b/bd_page_type=1/ssid=0/uid=0/pu=usm%402%2Csz%401320_1001%2Cta%40iphone_2_10.0_24_140.0/baiduid=971DFD8F8648FDA1E9BEB950F84B983C/w=0_10_/t=iphone/l=1/tc,1,100,0
m.baidu.com/from=844b/bd_page_type=1/ssid=dd87g148f01000000/uid=0/pu=usm%403%2Csz%401320_1001%2Cta%40iphone_2_12.0_24_91.0/baiduid=BE13AE6D791327F680F53C9B8E40D8B0/w=0_10_/t=iphone/l=1/tc,1,100,0
m5.baidu.com,1,100,0
missing-semester-cn.github.io,1,0,11
mylink.com,1,0,3923
networkx.org,1,0,20
notebooklm.google.com,1,0,2270
np.baicizhan.com,1,0,10
pip.pypa.io/en/stable/installation,1,0,1836
poe.com,1,0,60
python.org/downloads/release/python-31312,1,0,108
python.org/downloads/release/python-3143,1,0,343
python.org/downloads/windows,1,0,48
python.org/search,1,0,29
qianwen.com/chat/172758df3b5446858f80616eb684f63c,1,100,0
qianwen.com/chat/4ac096413f58465cad1a849d703b2335,1,0,662
qianwen.com/chat/6b2cb449072f46f4b21577845fca6d89,1,100,0
qianwen.com/chat/7ff3f4fa0710475ab64250e9b47b1a22,1,0,21
qianwen.com/chat/c73fc3079f564d8eb0b67efc9614db4f,1,100,0
quark.cn/s/3622W1yfzmbOKGb37X,1,0,7
quark.cn/s/3yZ232KnYnYRMwLwoI,1,0,33
quark.cn/s/DgU22BKdgJaFbyWfph,1,0,703
s172-29-30-191p8888.lab-aws-production.deeplearning.ai,1,0,11
saas.lanqiao.cn,1,100,0
so.m.sm.cn,1,100,0
synxlab.feishu.cn,1,100,0
wangchujiang.com,1,100,0
wiki.sicarrier.com,1,100,0
yangy.asia,1,100,0
youtube.com,1,100,0
yuque.antfin.com,1,100,0
yuque.com,1,100,0
