name,visitors,bounce_rate,visit_duration
pypi.org,2489,77,63
google.com,1804,81,66
Direct / None,1728,73,87
jupyter.org,311,78,31
docs.python.org,157,64,109
pip.pypa.io/en/stable,114,69,52
yandex.ru,78,78,51
duckduckgo.com,73,79,59
pip.pypa.io/en/stable/installation,71,83,58
bing.com,67,87,151
search.brave.com,67,87,185
docs.astral.sh,41,78,270
pip.pypa.io,30,70,95
ai.google.dev,28,81,11
peps.python.org,20,78,91
pip.pypa.io/en/latest,16,88,20
chatgpt.com,10,80,53
test.pypi.org,9,89,171
ya.ru,8,88,23
builtin.com,7,100,0
ecosia.org,7,100,0
github.com,6,83,22
qwant.com,6,57,325
cn.bing.com,5,100,0
discuss.python.org,5,80,7
perplexity.ai,5,80,222
pypa.io/en/latest,5,40,147
realpython.com,5,80,47
warehouse.pypa.io,5,60,392
google.com.hk,4,100,0
haxmas.hackclub.com,4,75,27
huggingface.co,4,75,2
pip.pypa.io/en/stable/getting-started,4,100,0
upload.pypi.org,4,50,231
buildsoftwaresystems.com,3,67,582
docs.python.org/3/installing/index.html,3,33,194
flask.palletsprojects.com,3,67,9
github.com/pypa/pip,3,100,0
kagi.com,3,100,0
pip.pypa.io/en/latest/cli/pip_install,3,33,540
pip.pypa.io/en/latest/installation,3,67,163
pypa.io,3,33,73
pypi.com.cn,3,100,0
qiita.com,3,100,0
17lands.com,2,100,0
android-app://com.google.android.googlequicksearchbox,2,100,0
developers.google.com,2,100,0
devguide.python.org/documentation/start-documenting,2,100,0
docs.pytest.org/en/stable/explanation/goodpractices.html,2,100,0
docs.python.org/3/distributing/index.html,2,50,8
docs.python.org/zh-cn/3/installing/index.html,2,50,3
docs.pytorch.org,2,100,0
fishros.com,2,100,0
flask.palletsprojects.com/en/stable/tutorial/install,2,100,0
github.com/briangu/klongpy/pull/36,2,0,76
github.com/fpgmaas/cookiecutter-uv,2,100,0
github.com/pypa/trove-classifiers,2,100,0
github.com/retext-project/retext,2,100,0
github.com/vlachoudis/bCNC/wiki/Installation,2,100,0
google.de,2,100,0
google.fr,2,100,0
google.ru,2,100,0
hub.displaycal.net,2,50,4
jinja.palletsprojects.com/en/stable/intro,2,100,0
jupyter.org/install,2,50,23
launchpad.net,2,100,0
learn-anything.xyz,2,50,718
mycourses.csp.edu,2,100,0
opensource.guide,2,50,1
pip.pypa.io/en/stable/cli/pip_install,2,100,0
pypa.io/en/latest/specifications,2,0,732
roadmap.sh,2,100,0
search.yahoo.com,2,100,0
statics.teams.cdn.office.net,2,50,52
uv.doczh.com,2,100,0
weewx.com,2,50,8
youtube.com,2,50,88
alohafind.com/search,1,0,670
android-app://com.google.android.gm,1,100,0
app.readthedocs.org,1,0,398
avenue.cllmcmaster.ca,1,100,0
baidu.com,1,100,0
bing.com/search,1,0,437
blog.csdn.net/qq_27865227/article/details/131366116,1,0,133
brightspace.au.dk,1,100,0
cac-word-edit.officeapps.live.com,1,100,0
calorine.materialsmodeling.org,1,0,7
campus.seastecnico.com,1,100,0
chat.baidu.com,1,100,0
colab.research.google.com,1,100,0
courses.edx.org,1,100,0
datev-gpt.apps-internal.datev.de,1,0,78
developer.tobiipro.com,1,100,0
developers.google.cn,1,100,0
discuss.python.org/t/python-project-structure/36119,1,100,0
django-environ.readthedocs.io/en/latest/install.html,1,0,22
docs.ansible.com/projects/ansible/latest/installation_guide/intro_installation.html,1,100,0
docs.keysight.com,1,100,0
docs.litestar.dev,1,100,0
docs.pylonsproject.org/projects/pyramid/en/latest/narr/install.html,1,100,0
docs.pypi.org/api/bigquery,1,0,26
docs.pypi.org/api/upload,1,0,1064
docs.pypi.org/project_metadata,1,0,1127
docs.pytest.org/en/stable/reference/reference.html,1,100,0
docs.python.org/3/c-api/intro.html,1,0,16
docs.python.org/zh-cn/3.10/distributing/index.html,1,100,0
docs.python.org/zh-cn/3/distributing/index.html,1,100,0
docs.snowflake.com,1,100,0
es.search.yahoo.com,1,100,0
forums.developer.nvidia.com,1,100,0
fpgmaas.github.io,1,100,0
gaphor.org,1,100,0
gemini.google.com,1,0,5
gitcode.com,1,100,0
github-wiki-see.page,1,100,0
github.com/ClipsAI/clipsai,1,100,0
github.com/FalkTannhaeuser/python-onvif-zeep/issues/13,1,100,0
github.com/GuilleDiazFentanes/AutoClaim-AutoRoll-AutoReact-MudaeBot-2025,1,100,0
github.com/Lattyware/unrpa,1,100,0
github.com/PolyChord/PolyChordLite,1,100,0
github.com/ROCm/TheRock/blob/main/RELEASES.md,1,100,0
github.com/astral-sh/uv/issues/10522,1,100,0
github.com/astral-sh/uv/issues/11718,1,100,0
github.com/astral-sh/uv/issues/9011,1,0,45
github.com/audreyfeldroy/cookiecutter-pypackage,1,100,0
github.com/gerva/tower-companion/blob/master/README.md,1,100,0
github.com/globalpayments/python-sdk/blob/master/README.md,1,0,28
github.com/huggingface/huggingface_hub/blob/main/docs/source/en/installation.md,1,100,0
github.com/lin-shuyu/VAE-LSTM-for-anomaly-detection,1,100,0
github.com/mhammond/pywin32,1,100,0
github.com/netbox-community/netbox-plugin-tutorial/blob/main/tutorial/step01-initial-setup.md,1,100,0
github.com/osirislab/ctf101,1,100,0
github.com/oskvr37/tiddl,1,100,0
github.com/pypa/gh-action-pypi-publish,1,100,0
github.com/pypa/pip/issues/11457,1,0,1281
github.com/pypa/pip/issues/12063,1,100,0
github.com/pypa/sampleproject,1,100,0
github.com/sparky8512/starlink-grpc-tools,1,100,0
github.com/tensorflow/text/issues/1236,1,100,0
github.com/ubisoft/ubisoft-laforge-toxbuster,1,100,0
google.com.br,1,100,0
google.it,1,100,0
google.pl,1,100,0
googlefonts.github.io,1,100,0
greenteapress.com,1,100,0
hellowac.github.io,1,100,0
html.duckduckgo.com,1,100,0
innovationspace.ansys.com,1,100,0
learn.microsoft.com,1,100,0
link.gitcode.com,1,100,0
link.zhihu.com,1,100,0
llm.datasette.io,1,100,0
lms.merionet.ru,1,100,0
m.facebook.com,1,100,0
mesonbuild.com,1,0,32
note.com,1,100,0
openspiel.readthedocs.io/en/latest/install.html,1,100,0
packaging.pypa.io,1,100,0
panel.holoviz.org,1,100,0
pdm-project.org/en/latest/usage/lockfile,1,0,1663
pip.pypa.io/en/stable/index.html,1,0,15
pip.pypa.io/en/stable/topics/vcs-support,1,100,0
pipx.pypa.io/latest/installation,1,100,0
pixi.prefix.dev,1,100,0
pydevtools.com,1,100,0
pyinstrument.readthedocs.io/en/stable/guide.html,1,0,33
pypi.com.cn/project/openbabel,1,100,0
pypi.org/project/comiccrawler,1,0,24
pypi.org/project/dragon-city-utils,1,100,0
python-poetry.org,1,100,0
review4.in,1,0,21
scipy.org,1,0,277
setuptools.pypa.io,1,100,0
setuptools.pypa.io/en/latest/userguide/pyproject_config.html,1,100,0
setuptools.pypa.io/en/latest/userguide/quickstart.html,1,0,62
sphinx-doc.org/en/master/examples.html,1,100,0
tex.cloud.uni-hannover.de,1,100,0
thenewstack.io,1,100,0
twine.readthedocs.io/en/stable/changelog.html,1,100,0
validate-pyproject.readthedocs.io/en/latest/api/validate_pyproject.formats.html,1,100,0
vn.search.yahoo.com,1,100,0
web.stagram.com,1,100,0
web.telegram.org,1,100,0
webpages.charlotte.edu,1,100,0
wiki.archlinux.org/title/Python,1,0,49
wiki.archlinux.org/title/Python_(%D0%A0%D1%83%D1%81%D1%81%D0%BA%D0%B8%D0%B9),1,100,0
xdaforums.com/t/tutorial-android-ota-payload-dumper-on-android.4061799,1,100,0
yandex.by,1,100,0
yandex.com.tr,1,0,118
yandex.kz,1,100,0
yandex.uz,1,100,0
