name,version,visitors
Chrome,139.0,1309
Microsoft Edge,139.0,287
Chrome,138.0,177
Firefox,141.0,114
Opera,120.0,96
Safari,18.6,32
Firefox,128.0,27
Chrome,137.0,24
Mobile App,(not set),16
Microsoft Edge,138.0,14
Chrome,131.0,13
Chrome,136.0,11
Chrome,132.0,9
Chrome,135.0,9
Safari,18.5,9
Chrome,109.0,7
Chrome,129.0,7
Chrome,122.0,5
Chrome,134.0,5
Firefox,136.0,5
Firefox,142.0,5
Samsung Browser,28.0,5
Chrome,130.0,4
Chrome,133.0,4
Chrome,103.0,3
Chrome,112.0,3
Chrome,120.0,3
Chrome,126.0,3
Safari,18.3,3
Mobile App,97.0,3
Android Browser,(not set),2
Firefox,102.0,2
Huawei Browser,11.0,2
Firefox,115.0,2
Chrome,115.0,2
Chrome,117.0,2
Chrome,119.0,2
Microsoft Edge,122.0,2
Chrome,124.0,2
Chrome,127.0,2
Chrome,128.0,2
Firefox,135.0,2
Avast Secure Browser,138.0,2
Mobile App,139.0,2
Safari,15.6,2
Huawei Browser Mobile,16.0,2
Safari,17.5,2
Safari,18.2,2
Safari,26.0,2
Samsung Browser,7.2,2
Chrome,80.0,2
Chrome,95.0,2
(not set),(not set),1
Brave,(not set),1
Chrome,101.0,1
Firefox,101.0,1
Microsoft Edge,106.0,1
Chrome,106.0,1
Chrome,107.0,1
Avast Secure Browser,109.0,1
Safari,11.0,1
Chrome,113.0,1
Chrome,121.0,1
Chrome,123.0,1
Firefox,124.0,1
Firefox,126.1,1
Microsoft Edge,128.0,1
Microsoft Edge,134.0,1
Firefox,134.0,1
Mobile App,138.0,1
CCleaner,138.0,1
Firefox,139.0,1
Firefox,140.0,1
Microsoft Edge,140.0,1
UC Browser,16.4,1
Safari,18.0,1
Safari,18.1,1
Opera GX,2.8,1
Opera GX,2.9,1
vivo Browser,23.6,1
Samsung Browser,27.0,1
Chrome,69.0,1
Smart Lenovo Browser,9.0,1
Opera,90.0,1
