name,unique_exits,total_exits,exit_rate
/pt-br/3/tutorial/index.html,121,125,
/pt-br/3.13/library/venv.html,78,81,
/pt-br/3.13/tutorial/index.html,73,74,
/pt-br/3/,67,68,
/pt-br/3.13/tutorial/datastructures.html,59,60,
/pt-br/3.13/library/index.html,56,58,
/pt-br/3.13/library/math.html,55,55,
/pt-br/3.13/library/functions.html,46,47,
/pt-br/3.13/tutorial/introduction.html,45,46,
/pt-br/3.13/library/tkinter.html,42,44,
/pt-br/3/library/stdtypes.html,41,45,
/3/,40,40,
/pt-br/3/tutorial/,40,41,
/pt-br/3.13/library/stdtypes.html,39,40,
/pt-br/3.13/,37,39,
/pt-br/3/tutorial/controlflow.html,37,38,
/pt-br/3.13/tutorial/interpreter.html,33,34,
/pt-br/3/library/,32,32,
/pt-br/3.13/library/random.html,31,32,
/pt-br/3/tutorial/datastructures.html,28,31,
/pt-br/dev/library/zlib.html,28,28,
/pt-br/3.13/search.html,26,27,
/pt-br/3.13/tutorial/classes.html,26,26,
/pt-br/3/tutorial/introduction.html,26,26,
/pt-br/3/library/math.html,25,26,
/pt-br/3.13/library/string.html,21,21,
/pt-br/3/library/venv.html,20,22,
/pt-br/dev/library/venv.html,20,21,
/pt-br/3.13/library/turtle.html,19,20,
/pt-br/3.13/tutorial/controlflow.html,19,19,
/pt-br/3.13/using/windows.html,19,19,
/pt-br/3/library/functions.html,18,18,
/pt-br/3/library/index.html,18,20,
/pt-br/3.13/library/re.html,17,18,
/pt-br/3/search.html,16,18,
/pt-br/3/tutorial/interpreter.html,16,16,
/pt-br/dev/reference/import.html,16,16,
/pt-br/3.13/library/datetime.html,15,15,
/pt-br/3/library/random.html,14,14,
/pt-br/3/library/tkinter.html,12,12,
/pt-br/dev/howto/sorting.html,12,12,
/pt-br/3.13/tutorial/appetite.html,11,11,
/pt-br/3.13/tutorial/errors.html,11,11,
/pt-br/3/library/csv.html,11,11,
/pt-br/3/library/string.html,11,11,
/pt-br/3/tutorial/appetite.html,11,11,
/pt-br/3/tutorial/classes.html,11,11,
/pt-br/3.13/library/os.html,10,11,
/pt-br/3/tutorial/inputoutput.html,10,10,
/pt-br/3/using/cmdline.html,10,10,
/pt-br/3/whatsnew/3.13.html,10,10,
/pt-br/dev/howto/regex.html,10,12,
/3/tutorial/index.html,9,9,
/pt-br/3.13/howto/logging.html,9,9,
/pt-br/3.13/library/__main__.html,9,9,
/pt-br/3.13/library/statistics.html,9,11,
/pt-br/3.13/tutorial/modules.html,9,9,
/pt-br/3/library/shutil.html,9,9,
/pt-br/dev/library/unittest.html,9,9,
/pt-br/3.13/library/os.path.html,8,8,
/pt-br/3.13/library/tk.html,8,8,
/pt-br/3.13/py-modindex.html,8,8,
/pt-br/3.13/reference/datamodel.html,8,8,
/pt-br/3.13/tutorial/inputoutput.html,8,8,
/pt-br/3/library/datetime.html,8,8,
/3.15/,7,7,
/3/library/tkinter.html,7,7,
/pt-br/3.13/faq/windows.html,7,7,
/pt-br/3.13/glossary.html,7,7,
/pt-br/3.13/library/time.html,7,7,
/pt-br/3.13/library/zipfile.html,7,7,
/pt-br/3.13/whatsnew/3.13.html,7,7,
/pt-br/3/contents.html,7,7,
/pt-br/3/using/android.html,7,7,
/pt-br/dev/library/subprocess.html,7,7,
/3.13/,6,6,
/3/library/index.html,6,6,
/pt-br/3.13/contents.html,6,6,
/pt-br/3.13/howto/sockets.html,6,6,
/pt-br/3.13/index.html,6,7,
/pt-br/3.13/tutorial/,6,6,
/pt-br/3.13/tutorial/venv.html,6,6,
/pt-br/3/library/json.html,6,6,
/pt-br/3/tutorial/errors.html,6,7,
/3/library/re.html,5,5,
/pt-br/3.13/library/calendar.html,5,6,
/pt-br/3.13/library/operator.html,5,5,
/pt-br/3.13/reference/compound_stmts.html,5,5,
/pt-br/3.13/reference/index.html,5,6,
/pt-br/3/howto/enum.html,5,5,
/pt-br/3/howto/sockets.html,5,5,
/pt-br/3/library/os.html,5,5,
/pt-br/3/library/unittest.html,5,5,
/pt-br/3/tutorial/modules.html,5,5,
/pt-br/3/tutorial/venv.html,5,5,
/pt-br/dev/faq/general.html,5,5,
/pt-br/dev/library/statistics.html,5,5,
/pt-br/dev/library/tkinter.html,5,5,
/3.13/tutorial/index.html,4,4,
/3.13/using/windows.html,4,4,
