name,visitors,bounce_rate,visit_duration
Google,1018,75,134
Direct / None,860,64,209
Bing,90,75,176
python.org,63,0,310
Brave,47,84,16
gstatic.com,40,81,38
Baidu,29,93,1
cursos.alura.com.br,28,86,63
chatgpt.com,25,86,178
udemy.com,15,82,27
DuckDuckGo,14,58,302
netacad.com,14,100,2
Yahoo!,11,55,63
web.dio.me,8,100,0
Youtube,4,100,376
ead.aedb.br,4,100,0
hub.asimov.academy,4,75,136
techguide.sh,4,100,0
cdn.evg.gov.br,3,0,1307
confluence.santanderbr.corp,3,100,0
mediacdns3.ulife.com.br,3,67,9
presencial.moodle.ufsc.br,3,67,254
127.0.0.1,2,100,0
GitHub,2,100,0
brc-word-edit.officeapps.live.com,2,50,160
canva.com,2,100,0
freecodecamp.org,2,100,142
henriqueajnb.github.io,2,50,796
python.org.br,2,0,254
pythonfluente.com,2,100,0
roadmap.sh,2,0,2008
Ecosia,1,100,0
Wikipedia,1,100,0
app.innerai.com,1,100,0
aulas.descomplica.com.br,1,100,0
avaucs.grupoa.education,1,0,18
betterstack.com,1,0,0
ceadgraduacao.uvv.br,1,100,0
cimatecead.senaicimatec.com.br,1,100,0
claude.ai,1,0,0
codaqui.dev,1,0,23
copilot.microsoft.com,1,0,20
d37l2lm4ztoqgu.cloudfront.net,1,100,0
enzostvs-deepsite.hf.space,1,100,0
evernote.com,1,100,0
guj.com.br,1,0,4
leo-trilha.uniasselvi.com.br,1,0,88
markdownlivepreview.com,1,100,0
moodle.utfpr.edu.br,1,100,0
on.fiap.com.br,1,0,589
online.ifmt.edu.br,1,100,0
pucminas.instructure.com,1,100,0
rigor-gustavog.medium.com,1,100,0
sigaa.ufra.edu.br,1,100,0
storage.googleapis.com,1,0,106
unibf.grupoa.education,1,100,0
