name,visitors,bounce_rate,visit_duration
Direct / None,5874,74,168
Google,2448,82,166
python.org,174,74,227
Baidu,92,80,70
Bing,86,74,342
codecademy.cn,55,61,186
Yahoo!,22,80,150
chatgpt.com,19,75,616
DuckDuckGo,17,100,539
GitHub,13,70,826
Yandex,11,100,399
Ecosia,10,86,571
Microsoft Teams,10,91,81
qiita.com,10,80,364
Brave,8,100,664
peps.python.org,8,100,0
netacad.com,5,67,17
note.nkmk.me,5,100,165
udconline.udc.gal,5,80,46
wiki.python.org,5,0,169
Reddit,4,100,1
Qwant,3,0,735
docs.paperless-ngx.com,3,100,0
github.hioscar.com,3,100,0
nhsd-confluence.digital.nhs.uk,3,33,75
Perplexity,2,100,170
blackdown.org,2,0,20
blog.dalibo.com,2,0,489
cursos.alura.com.br,2,50,462
discuss.python.org,2,0,434
doubao.com,2,0,520
hitachigroup.okta.com,2,100,1296
lms.ikueikan.ac.jp,2,100,0
overleaf.com,2,100,0
projets420.gitbook.io,2,100,0
qianwen.com,2,0,1001
roadmap.sh,2,0,100
safe.menlosecurity.com,2,33,1159
udemy.com,2,100,3
wiki.ubuntuusers.de,2,0,187
10.88.20.249,1,100,0
LinkedIn,1,0,375
Rakuten,1,100,0
Sogou,1,0,10
StackOverflow,1,0,15
arato.inf.unideb.hu,1,0,12
atcoder.jp,1,100,0
aules.edu.gva.es,1,100,0
bloomberg.github.io,1,0,3646
chalmers.instructure.com,1,100,0
chat.baidu.com,1,0,165
cifpcarballeira.com,1,100,0
clouddevops.huawei.com,1,100,0
codaqui.dev,1,0,38
computing.aero.org,1,0,0
congenial-palm-tree-wr9jqxv5vr9xcx97.github.dev,1,100,0
devclass.com,1,100,0
docs.astral.sh,1,0,1457
ecampus.paris-saclay.fr,1,100,0
ele.zp.ua,1,100,0
flask.palletsprojects.com,1,0,408
geometry.docs.pyansys.com,1,100,0
gpaw.readthedocs.io,1,100,0
hatenablog-parts.com,1,100,0
hub.docker.com,1,0,0
inf-schule.de,1,0,76
journal.top-academy.ru,1,100,0
jupyter.org,1,100,0
kagi.com,1,0,1350
link.csdn.net,1,0,93
link.zhihu.com,1,0,360
lms.ithillel.ua,1,0,0
moodle.hof-university.de,1,100,0
moodle.insa-lyon.fr,1,0,36
my.feishu.cn,1,0,3
my.sky.pro,1,0,61
no-color.org,1,100,0
numpy.org,1,0,1709
olasql.woa.com,1,0,112
onu1.s2.chalmers.se,1,100,0
opstike-an1c.srv.ygles-test.com,1,0,359
pip.pypa.io,1,0,46
purdue-engr-13300.github.io,1,100,0
purdue.brightspace.com,1,0,14
pypi.org,1,0,377
pyserial.readthedocs.io,1,0,6092
quark.cn,1,100,0
realpython.com,1,0,226
reference.langchain.com,1,0,887
service.smt.docomo.ne.jp,1,100,0
sso-9226b183.sso.duosecurity.com,1,100,0
sso.johndeere.com,1,100,0
starjuku.net,1,0,59
students.masaischool.com,1,0,413
typing.python.org,1,0,343
victoria-nr.github.io,1,100,0
view.genially.com,1,100,0
wapbaike.baidu.com,1,100,0
wiki,1,0,166
yuque.com,1,0,7
