name,visitors,pageviews,bounce_rate,time_on_page,scroll_depth
/fr/3.13/tutorial/index.html,242,290,62,48,53
/fr/3/library/csv.html,101,103,92,75,44
/fr/3.13/tutorial/appetite.html,78,67,52,100,86
/fr/3/tutorial/,78,95,66,31,42
/fr/3.13/tutorial/interpreter.html,77,66,72,96,77
/fr/3.13/,70,72,58,15,72
/fr/3.13/tutorial/datastructures.html,70,71,80,36,37
/fr/3/library/json.html,69,70,89,85,29
/fr/3/tutorial/datastructures.html,65,66,88,107,36
/fr/3.13/tutorial/introduction.html,63,55,78,127,58
/fr/3.13/library/tkinter.html,54,52,68,57,25
/fr/3.13/tutorial/classes.html,53,50,92,111,40
/fr/3.13/search.html,50,71,40,37,55
/fr/3.13/library/datetime.html,46,46,89,49,26
/fr/3/,46,55,63,15,78
/fr/dev/installing/index.html,44,44,90,25,54
/fr/3/howto/logging.html,43,44,74,76,35
/fr/3/howto/regex.html,43,42,88,91,32
/fr/3/library/enum.html,42,41,86,60,24
/fr/3/tutorial/index.html,42,44,59,57,58
/fr/3/tutorial/venv.html,42,46,86,32,71
/fr/3.13/library/stdtypes.html,35,37,75,119,22
/fr/3/library/string.html,35,37,71,34,30
/fr/3.13/tutorial/controlflow.html,32,28,83,168,41
/fr/3/library/__main__.html,32,28,88,23,40
/fr/3/library/threading.html,32,32,85,100,22
/fr/3/tutorial/appetite.html,32,28,62,67,79
/fr/3.13/tutorial/errors.html,29,29,88,80,40
/fr/3.13/using/windows.html,29,34,62,45,27
/fr/3/tutorial/introduction.html,29,25,79,66,44
/fr/3.13/library/os.html,28,31,74,67,13
/fr/3/tutorial/interpreter.html,28,31,50,65,80
/fr/3/using/cmdline.html,28,25,88,53,30
/fr/3.13/tutorial/modules.html,27,25,56,93,65
/fr/3/search.html,26,32,31,36,36
/fr/3.13/library/functions.html,25,23,67,135,53
/fr/3.13/library/turtle.html,25,25,95,99,20
/fr/3/tutorial/inputoutput.html,24,24,88,29,30
/fr/3.13/glossary.html,23,24,100,53,47
/fr/3/library/random.html,23,23,81,63,30
/fr/3/library/sys.html,22,21,95,30,29
/fr/3/tutorial/classes.html,22,21,85,99,57
/fr/3.13/using/unix.html,21,24,80,43,70
/fr/3/library/functions.html,21,15,78,94,53
/fr/3/tutorial/errors.html,21,22,79,27,38
/fr/3.13/howto/sorting.html,20,19,94,44,38
/fr/3.13/library/index.html,20,18,40,134,33
/fr/3.13/library/time.html,20,22,77,68,34
/fr/3.13/library/random.html,19,21,92,37,39
/fr/3.13/reference/index.html,19,18,0,41,62
/fr/3/tutorial/controlflow.html,19,17,91,124,47
/fr/3/library/glob.html,18,17,67,34,58
/fr/3.13/reference/import.html,17,17,87,56,25
/fr/3/library/multiprocessing.html,17,21,72,31,15
/fr/3/library/stdtypes.html,17,17,20,136,41
/fr/3.13/howto/argparse.html,16,15,71,55,36
/fr/3.13/library/re.html,16,16,85,98,21
/fr/3/using/windows.html,16,15,89,59,29
/fr/dev/reference/compound_stmts.html,16,17,87,29,31
/fr/3.13/contents.html,15,13,60,57,7
/fr/3.13/index.html,15,15,50,143,75
/fr/3.13/reference/simple_stmts.html,15,15,57,78,54
/fr/3/library/datetime.html,15,14,100,51,19
/fr/3.13/library/collections.html,14,16,85,61,33
/fr/3.13/library/pathlib.html,14,13,75,126,21
/fr/3.13/library/subprocess.html,14,15,78,288,24
/fr/3/library/tkinter.html,14,17,64,158,59
/fr/3/library/index.html,13,10,71,51,43
/fr/dev/library/xml.etree.elementtree.html,13,11,88,195,19
/fr/3.13/download.html,12,12,50,34,72
/fr/3.13/library/argparse.html,12,10,67,266,28
/fr/3.13/library/base64.html,12,11,100,68,73
/fr/3.13/library/copy.html,12,10,100,8,60
/fr/3.13/library/math.html,12,11,100,36,22
/fr/3.13/library/tkinter.ttk.html,12,11,100,46,37
/fr/3.13/py-modindex.html,12,13,0,32,27
/fr/3.13/reference/compound_stmts.html,12,11,100,238,12
/fr/3/library/exceptions.html,12,12,62,71,30
/fr/3/library/statistics.html,12,14,90,62,18
/fr/3.13/library/idle.html,11,15,57,50,43
/fr/3/library/venv.html,11,11,82,23,26
/fr/3.13/library/pickle.html,10,11,100,50,31
/fr/3.13/library/pprint.html,10,10,80,6,41
/fr/3.13/reference/introduction.html,10,7,33,59,92
/fr/3.13/whatsnew/3.13.html,10,8,100,13,10
/fr/3/glossary.html,10,12,78,19,40
/fr/3/library/zipfile.html,10,10,100,59,32
/fr/3.13/howto/sockets.html,9,9,100,20,52
/fr/3.13/tutorial/inputoutput.html,9,6,100,114,90
/fr/3.13/tutorial/stdlib2.html,9,10,75,44,40
/fr/3.13/using/cmdline.html,9,8,83,58,38
/fr/3.13/faq/windows.html,8,9,100,6,40
/fr/3.13/howto/enum.html,8,6,67,56545,7
/fr/3.13/library/asyncio-task.html,8,6,100,67,35
/fr/3.13/library/operator.html,8,8,100,7,20
/fr/3.13/library/pdb.html,8,9,33,14,29
/fr/3.13/tutorial/,8,10,67,193,52
/fr/3/library/queue.html,8,6,33,11,72
/fr/3/library/re.html,8,6,100,33,43
/fr/3/using/,8,10,62,12,45
