name,visitors,bounce_rate,visit_duration
Google,1393,82,215
Direct / None,732,66,255
Bing,137,81,104
Brave,67,84,51
openclassrooms.com,42,95,26
python.org,42,0,295
DuckDuckGo,31,83,7
Qwant,27,72,1238
Ecosia,26,78,171
chatgpt.com,22,80,31
wiki.python.org,11,20,344
Yahoo!,10,70,15
Gmail,4,50,401
Lilo,3,33,220
Microsoft Teams,3,100,0
Baidu,2,67,10
Facebook,2,100,0
GitHub,2,100,0
afpy.org,2,100,0
overleaf.com,2,100,0
python.developpez.com,2,50,0
Perplexity,1,100,0
Youtube,1,100,0
blenderartists.org,1,0,286
cedric.cnam.fr,1,0,64
citizencode.net,1,0,46
confluence.desjardins.com,1,0,316
courses.edx.org,1,0,511
courspython.com,1,0,472
fastapi.tiangolo.com,1,100,0
formation.force-n.sn,1,0,486
forstasurveys.zendesk.com,1,0,1826
fsg-pax-p-jhn01.pax.ulaval.ca,1,100,0
gateway.zscloud.net,1,100,0
godot.io.esa.int,1,0,3074
lycee-malraux.fr,1,100,0
lyceum.fr,1,100,0
math93.com,1,100,0
moodle-sciences-23.sorbonne-universite.fr,1,100,0
moodle.univ-tln.fr,1,100,0
notebooks.githubusercontent.com,1,100,0
packaging.python.org,1,0,110
pandas.pydata.org,1,0,243
perso.ensta-paris.fr,1,100,0
pip.pypa.io,1,0,9479
pixees.fr,1,0,2583
pypi.org,1,0,0
stat4decision.com,1,100,0
swisscows.com,1,100,0
