name,visitors,bounce_rate,visit_duration
Direct / None,17925,65,176
Google,9226,80,161
Baidu,1385,85,33
python.org,957,69,333
Bing,308,75,370
Yahoo!,86,77,231
codecademy.cn,85,64,186
chatgpt.com,56,45,278
DuckDuckGo,39,100,590
GitHub,30,69,316
Microsoft Teams,20,74,279
qiita.com,20,0,708
Ecosia,19,86,425
python.p2hp.com,15,0,384
Yandex,14,100,375
Brave,13,100,170
doubao.com,13,100,759
Reddit,9,50,341
netacad.com,9,100,304
note.nkmk.me,9,0,296
Perplexity,8,57,27
peps.python.org,8,86,39
wiki.python.org,8,0,566
devdocs.io,7,71,45
cnblogs.com,6,50,18
python.it,6,0,143
LinkedIn,5,100,0
Qwant,5,0,2182
Youtube,5,0,294
link.zhihu.com,5,100,16
cs50.harvard.edu,4,0,2101
discuss.python.org,4,100,8
ead.iffarroupilha.edu.br,4,100,0
es.python.org,4,0,754
hitachigroup.okta.com,4,75,422
link.csdn.net,4,0,444
pip.pypa.io,4,0,152
udemy.com,4,0,930
blog.python.org,3,33,304
developer.mozilla.org,3,0,182
ghe.corp.yahoo.co.jp,3,33,905
odissea.xtec.cat,3,67,32
a.yandex-team.ru,2,0,4
blog.csdn.net,2,0,135
chat.baidu.com,2,100,0
code.visualstudio.com,2,0,610
codecademy.com,2,0,464
copilot.microsoft.com,2,100,186
cursos.alura.com.br,2,0,28
docs-python-org.translate.goog,2,50,9
fastapi.tiangolo.com,2,0,194
hatenablog-parts.com,2,0,858
huggingface.co,2,0,10
ilearn.laccd.edu,2,0,4066
isc.meiji.ac.jp,2,0,127
kivy.org,2,0,296
lcn41xgxi1or.feishu.cn,2,0,14
matplotlib.org,2,0,498
moodle-campusvirtualcolombia.s3.amazonaws.com,2,0,484
mp.weixin.qq.com,2,0,159
mycourses.rit.edu,2,0,1053
namu.wiki,2,0,480
nedbatchelder.com,2,50,80
notebooks.githubusercontent.com,2,0,136
notion.so,2,100,102
numpy.org,2,0,4
openclassrooms.com,2,0,840
opencsg.com,2,100,0
packaging.python.org,2,0,650
pan.baidu.com,2,0,240
pypi.org,2,0,121
pytest-mock.readthedocs.io,2,0,35
pythoninsider.blogspot.com,2,67,2
runoob.com,2,0,88
tecconcursos.com.br,2,50,384
tongyi.com,2,0,16
tracker.ceph.com,2,100,0
virtual.ipleones.cl,2,50,162
websockets.readthedocs.io,2,0,2838
wenxiaobai.com,2,0,54
10.53.240.17,1,0,78
127.0.0.1,1,0,2
Biglobe,1,67,6
Daum,1,100,0
Gmail,1,100,0
Instagram,1,0,1810
Lilo,1,0,3102
Quora,1,100,0
Rakuten,1,100,0
ai-chat.mihoyo.com,1,100,0
aigc.sankuai.com,1,0,21
alura.com.br,1,0,3069
askvoid.com,1,0,151
aulavirtual.juntadeandalucia.es,1,0,16
blackbox.ai,1,0,93
blackdown.org,1,100,0
blog.51cto.com,1,0,0
blog.glyph.im,1,100,0
boot.dev,1,0,4126
bot.n.cn,1,0,0
byhy.net,1,0,5
calco.udemy.com,1,0,2768
campus.datacamp.com,1,0,1957
campus110.unad.edu.co,1,0,749
campusiesrfa.com,1,0,61
campusvirtual.utdt.edu,1,0,6
chat.qwen.ai,1,100,0
chat18.aichatos58.com,1,0,5
chat18.aichatosgg.com,1,0,141
chat18.aichatosrg.com,1,0,6
cloud.tencent.com,1,0,1783
codeit.kr,1,0,234
confluence.barcapint.com,1,0,2
desktop-0ma8rbv,1,100,0
dev.classmethod.jp,1,0,0
dev.epicgames.com,1,0,23
devel.delightful.jp,1,0,5
discordpy.readthedocs.io,1,0,156
django-rest-framework.org,1,0,536
dmiles.webs.uvigo.es,1,0,142
doc.qt.io,1,0,44
docs.aiogram.dev,1,0,0
docs.blender.org,1,0,38
docs.celeryq.dev,1,0,1221
docs.pydantic.dev,1,0,0
docs.pytest.org,1,0,0
docs.python-telegram-bot.org,1,0,3757
docs.scrapy.org,1,0,28
docs.sympy.org,1,0,15
dzen.ru,1,100,0
ecoblossom.tistory.com,1,0,1152
fiikitgndhmytht.studio.us-east-2.sagemaker.aws,1,0,0
flask.palletsprojects.com,1,0,0
flatironopensource.com,1,0,0
forum.butian.net,1,0,69
geek-blogs.com,1,0,0
gerrit.googlesource.com,1,0,77
ghe.mng.nintendo.net,1,100,0
google.github.io,1,0,315
gpaw.readthedocs.io,1,100,0
gstatic.com,1,100,0
habr.com,1,0,2924
hackerrank.com,1,0,867
heinesen.atlassian.net,1,100,0
hobbylife.tistory.com,1,0,220
hq.portal.tco.census.gov,1,100,0
ikatakos.com,1,0,1630
iwiki.woa.com,1,0,0
juniora.org,1,0,29
jupyterlabnext-3-labs-prod-jupyterlab-us-east-0.labs.cognitiveclass.ai,1,0,5
k-aichat.azurewebsites.net,1,0,61
keisoku.co.jp,1,100,0
kids.yahoo.co.jp,1,100,0
kin.naver.com,1,0,69
kone.gg,1,100,0
kz.hexlet.io,1,0,64
leadfortaleza.com.br,1,0,6
leanmind.es,1,0,394
learn.zybooks.com,1,0,80
learning-pytest.readthedocs.io,1,0,0
learnpython.org,1,0,507
lecture.ecc.u-tokyo.ac.jp,1,0,16
lifewithpython.com,1,0,70
lms.inacap.cl,1,0,11
lms.skillfactory.ru,1,0,34
login.zscalerone.net,1,100,0
mclibre.org,1,0,7
medium.com,1,0,478
moodle.insa-lyon.fr,1,0,0
moodle.rwth-aachen.de,1,0,422
nalo-fr.atlassian.net,1,0,0
networkx.org,1,0,7
ocw.mit.edu,1,0,98
onlyoffice.unicaen.fr,1,100,0
opennet.ru,1,0,5
overcome.udemy.com,1,0,92
overleaf.com,1,0,1061
pandas.pydata.org,1,0,0
py-edu-fr.pages.heptapod.net,1,0,289
python.org.,1,0,2069
python.ru,1,0,127
quark.cn,1,0,31
realpython.com,1,0,7
robotframework.org,1,0,0
scikit-learn.org,1,0,1256
search.fenrir-inc.com,1,100,0
semrush.com,1,100,0
sphinx-doc.org,1,0,14
sso.st.com,1,100,0
tapnav.com,1,100,0
techradar.com,1,0,287
tgzymhaogkso.labs.coursera.org,1,0,0
tronclass.ypu.edu.tw,1,100,0
utokyo-ipp.github.io,1,0,452
uvicorn.org,1,0,6553
velog.io,1,0,62
virtuale.unibo.it,1,0,1807
webbibouroku.com,1,0,13
www5.learningpark.jp,1,0,1628
yuanbao.tencent.com,1,0,0
yuque.antfin.com,1,100,0
yuque.com,1,100,0
yuripetrov.ru,1,0,50
zerofromlight.com,1,0,218
zerosteiner.github.io,1,100,0
zone.pages.cloud.statcan.ca,1,100,0
zw2bclj54yh.feishu.cn,1,0,85
