name,visitors,pageviews,bounce_rate,time_on_page,scroll_depth
/ko/dev/c-api/marshal.html,54,57,74,3,36
/ko/3/tutorial/index.html,44,66,53,25,60
/ko/3/,41,46,71,11,75
/ko/3/library/index.html,27,32,57,16,36
/ko/3/c-api/intro.html,22,22,100,2,4
/ko/3/tutorial/interpreter.html,18,20,57,34,68
/ko/3.15/using/windows.html,17,20,71,22,17
/ko/3/installing/index.html,16,14,83,20,76
/ko/3/library/functions.html,16,17,89,39,33
/ko/3/tutorial/introduction.html,16,15,80,62,64
/ko/3/library/stdtypes.html,15,17,57,37,38
/ko/3/tutorial/appetite.html,15,13,0,13,81
/ko/3.14/,14,21,33,11,77
/ko/3.14/tutorial/index.html,14,24,50,28,50
/ko/3/search.html,14,24,40,19,37
/ko/3/using/cmdline.html,14,13,100,5,10
/ko/3.14/reference/compound_stmts.html,13,13,100,6,76
/ko/3/contents.html,11,11,90,12,1
/ko/3/library/codecs.html,11,10,100,4,8
/ko/3/tutorial/controlflow.html,11,16,40,142,39
/ko/3.14/library/index.html,10,8,50,23,45
/ko/3/library/idle.html,10,10,80,11,48
/ko/3/using/windows.html,10,10,89,9,5
/ko/3.14/tutorial/datastructures.html,9,8,100,2,8
/ko/3.14/library/functions.html,8,5,100,32,7
/ko/3.14/tutorial/errors.html,8,7,50,35,54
/ko/3.14/tutorial/inputoutput.html,8,9,100,72,70
/ko/3/library/random.html,8,8,100,14,12
/ko/dev/bugs.html,8,7,100,5,63
/ko/3.14/reference/index.html,7,14,50,25,86
/ko/3.14/tutorial/classes.html,7,7,60,5,46
/ko/3/library/string.html,7,7,100,39,69
/ko/3/tutorial/,7,9,50,15,39
/ko/3/tutorial/inputoutput.html,7,7,80,40,32
/ko/3/copyright.html,6,6,100,15,42
/ko/3/howto/sorting.html,6,6,100,13,55
/ko/3/library/array.html,6,5,100,8,50
/ko/3/library/tkinter.html,6,5,0,10,14
/ko/3/reference/index.html,6,11,0,17,86
/ko/dev/library/marshal.html,6,6,0,5,80
/ko/3.12/library/exceptions.html,5,5,100,13,9
/ko/3.13/,5,5,100,11,70
/ko/3.13/tutorial/index.html,5,7,50,13,77
/ko/3.14/py-modindex.html,5,3,0,19,67
/ko/3.14/reference/introduction.html,5,5,100,8,65
/ko/3.14/tutorial/modules.html,5,5,80,1,12
/ko/3/download.html,5,4,75,5,100
/ko/3/reference/,5,5,100,2,36
/ko/3/tutorial/classes.html,5,5,50,12,31
/ko/3/tutorial/datastructures.html,5,4,33,11,67
/ko/3/whatsnew/3.14.html,5,4,100,119,25
/ko/dev/tutorial/inputoutput.html,5,5,100,2,16
/ko/3.12/library/modulefinder.html,4,4,75,4,36
/ko/3.12/library/tkinter.html,4,4,33,13,43
/ko/3.14/library/tkinter.html,4,5,50,86,14
/ko/3.14/reference/datamodel.html,4,2,0,5,23
/ko/3.14/using/windows.html,4,8,100,30,26
/ko/3/index.html,4,3,100,3,76
/ko/3/library/asyncio.html,4,5,75,16,72
/ko/3/library/logging.html,4,4,100,,
/ko/3/library/stat.html,4,4,100,,
/ko/3/library/sys.html,4,3,100,247,57
/ko/3/library/threading.html,4,4,100,42,19
/ko/3/library/tkinter.scrolledtext.html,4,4,100,31,100
/ko/3/library/unittest.html,4,4,100,10,4
/ko/3/reference/toplevel_components.html,4,3,0,2,92
/ko/3/tutorial/errors.html,4,3,0,28,20
/ko/3/tutorial/stdlib.html,4,4,100,19,55
/ko/dev/library/turtle.html,4,4,100,51,24
/ko/3.12/bugs.html,3,3,100,,
/ko/3.12/copyright.html,3,3,100,15,58
/ko/3.12/library/bz2.html,3,3,67,,
/ko/3.12/library/io.html,3,3,100,15,8
/ko/3.12/library/resource.html,3,3,100,,
/ko/3.12/library/token.html,3,3,100,,
/ko/3.14/installing/index.html,3,2,0,21,82
/ko/3.14/search.html,3,4,0,9,20
/ko/3.14/tutorial/introduction.html,3,2,0,10,25
/ko/3/library/argparse.html,3,3,100,108,52
/ko/3/library/asyncio-queue.html,3,2,100,74,53
/ko/3/library/asyncio-task.html,3,2,0,1,6
/ko/3/library/collections.html,3,4,100,34,25
/ko/3/library/compression.zstd.html,3,3,100,15,8
/ko/3/library/exceptions.html,3,3,100,,
/ko/3/library/heapq.html,3,3,67,9,39
/ko/3/library/http.html,3,4,33,10,13
/ko/3/library/internet.html,3,3,100,2,19
/ko/3/library/textwrap.html,3,3,100,17,36
/ko/3/library/turtle.html,3,3,100,18,37
/ko/3/library/venv.html,3,3,100,12,54
/ko/3/library/warnings.html,3,3,100,,
/ko/dev/whatsnew/index.html,3,3,50,1,6
/ko/3.12/genindex-D.html,2,1,0,9,10
/ko/3.12/index.html,2,2,100,,
/ko/3.12/library/cgitb.html,2,2,100,15,35
/ko/3.12/library/chunk.html,2,2,100,,
/ko/3.12/library/copyreg.html,2,2,100,4,34
/ko/3.12/library/filecmp.html,2,2,100,,
/ko/3.12/library/runpy.html,2,2,100,,
/ko/3.12/library/socket.html,2,2,100,,
