name,visitors,bounce_rate,visit_duration
Direct / None,428,82,79
google.com,179,75,62
m.baidu.com,75,85,51
bing.com,17,71,209
l.threads.com,10,100,0
python.org,10,0,470
codeit.kr,5,100,0
codeup.kr,4,100,0
namu.wiki,3,33,9
m.baidu.com/from=1013966u/bd_page_type=1/ssid=0/uid=0/pu=usm%401%2Csz%401320_1001%2Cta%40iphone_2_15.0_19_28.0/baiduid=B7EA873AF35037326546B4A9EEE3C714/w=0_10_/t=iphone/l=1/tc,2,100,0
wikidocs.net,2,100,0
baidu.com/link,1,0,53
claude.ai,1,0,0
intunknown.tistory.com/559,1,0,939
m.baidu.com/from=1001703a/bd_page_type=1/ssid=0/uid=0/pu=sz%401320_1001%2Cta%40iphone_2_8.1_18_10.9%2Cusm%400/baiduid=3CEAB12D2D29468EC05BF1DC6C911972/w=0_10_/t=iphone/l=1/tc,1,100,0
m.baidu.com/from=1001703a/bd_page_type=1/ssid=0/uid=0/pu=usm%400%2Csz%401320_1001%2Cta%40iphone_2_13.0_18_40.10/baiduid=511D33CCE417D5758CD97CB6169F7B06/w=0_10_/t=iphone/l=1/tc,1,0,93
m.baidu.com/from=1001703a/bd_page_type=1/ssid=0/uid=0/pu=usm%401%2Csz%401320_1001%2Cta%40iphone_2_15.0_18_40.10/baiduid=C9818E0F16F40018AC8FCD81C7D60E17/w=0_10_/t=iphone/l=1/tc,1,100,0
m.baidu.com/from=1013966u/bd_page_type=1/ssid=0/uid=0/pu=usm%400%2Csz%401320_1001%2Cta%40iphone_2_14.0_19_27.6/baiduid=B8FA2B27F8A0149ACFED1DE7278BE305/w=0_10_/t=iphone/l=1/tc,1,0,41
m.baidu.com/from=1013966u/bd_page_type=1/ssid=0/uid=0/pu=usm%400%2Csz%401320_1001%2Cta%40iphone_2_14.0_19_27.9/baiduid=3498C1BC0BC1658B5A6BCE887460A907/w=0_10_/t=iphone/l=1/tc,1,100,0
m.baidu.com/from=1015819s/bd_page_type=1/ssid=0/uid=0/pu=usm%401%2Csz%401320_1001%2Cta%40iphone_2_11.0_18_40.10/baiduid=F90EC68E6E924537EDD568FFEC7597A2/w=0_20_/t=iphone/l=1/tc,1,100,0
m.baidu.com/from=1020761f/bd_page_type=1/ssid=0/uid=0/pu=sz%401320_1001%2Cta%40iphone_2_11.0_19_27.6%2Cusm%401/baiduid=73980A63C8C3939297911AD6EB1515D7/w=0_10_/t=iphone/l=1/tc,1,0,38
m.baidu.com/from=1021611r/bd_page_type=1/ssid=0/uid=0/pu=sz%401320_1001%2Cta%40iphone_2_10.0_24_99.0%2Cusm%401/baiduid=A91D4831624444B6FC2BFE06ABEF7BDC/w=0_10_/t=iphone/l=1/tc,1,100,0
m.baidu.com/from=1057810a/bd_page_type=1/ssid=0/uid=0/pu=sz%401320_1004%2Cta%40iphone_2_12.0_49_3.0%2Cusm%400/baiduid=ED9F35D977B90B36F1304A5A3E61EEC4/w=0_10_/t=iphone/l=1/tc,1,0,27
m.baidu.com/from=1057810a/bd_page_type=1/ssid=0/uid=0/pu=sz%401320_1004%2Cta%40iphone_2_12.0_49_3.2%2Cusm%401/baiduid=AF5F8613EA07206FDB5C129DDD149781/w=0_10_/t=iphone/l=1/tc,1,0,46
m.baidu.com/from=1086k/bd_page_type=1/ssid=0/uid=0/pu=sz%401320_1002%2Cta%40iphone_2_7.0_2_19.1%2Cusm%401/baiduid=9D9EBCBE3DE0B4E55A6F2C500219848A/w=0_10_/t=iphone/l=1/tc,1,100,0
m.baidu.com/s,1,100,0
m.clien.net,1,100,0
m.facebook.com,1,100,0
pip.pypa.io/en/stable/installation,1,0,77
reddit.com,1,0,249
sdc-james.gitbook.io/onebook/3./3.6./3.6.1.,1,100,0
translations.python.org,1,100,0
