name,version,visitors
Windows,10,12859
Mac,10.15,2238
GNU/Linux,(not set),741
Android,10,524
iOS,18.6,183
Ubuntu,(not set),171
Android,15,134
iOS,18.7,88
Windows,7,78
Chrome OS,14541.0,71
iOS,18.5,44
Android,14,41
iOS,26.0,34
Android,13,33
Android,11,27
Android,12,27
HarmonyOS,3.0,22
Windows,8.1,13
HarmonyOS,(not set),11
iOS,16.7,11
Android,9,10
iOS,17.6,8
(not set),(not set),7
iOS,18.3,7
Mac,10.14,6
iOS,17.7,6
iOS,17.3,5
iOS,18.2,5
HarmonyOS,2.2,5
iOS,12.5,4
Android,16,4
iOS,18.0,4
iOS,18.1,4
iOS,18.4,4
Mac,10.13,3
iOS,16.6,3
iOS,17.5,3
iOS,15.1,2
iOS,15.2,2
iOS,15.4,2
iOS,16.3,2
iOS,17.2,2
HarmonyOS,2.1,2
Android,5.1,2
Fire OS,7,2
Windows,8,2
Android,8.1,2
iOS,13.5,1
iOS,14.0,1
iOS,14.6,1
Mac,15.1,1
iOS,15.6,1
iPadOS,15.8,1
iOS,15.8,1
iOS,16.0,1
iPadOS,16.1,1
iPadOS,16.5,1
iOS,17.1,1
iOS,17.4,1
iPadOS,17.5,1
iOS,26.1,1
Android,4.4,1
iOS,7.0,1
Windows,Server 2003,1
Windows,XP,1
