name,visitors
Mexico,698
Spain,599
Colombia,460
Argentina,268
Peru,125
Chile,106
Venezuela,73
Ecuador,54
Dominican Republic,51
United States,44
Bolivia,43
Costa Rica,37
Guatemala,36
El Salvador,36
Uruguay,20
Panama,18
Paraguay,17
Cuba,15
Honduras,10
Brazil,9
India,5
Nicaragua,5
Russian Federation,5
Australia,4
Germany,4
Puerto Rico,4
Anonymous VPN Service,3
China,3
France,3
Indonesia,3
Italy,3
Japan,3
Philippines,3
Poland,3
Belgium,2
Canada,2
Saudi Arabia,2
Andorra,1
United Arab Emirates,1
Azerbaijan,1
Switzerland,1
Finland,1
United Kingdom,1
Iraq,1
South Korea,1
Nigeria,1
Netherlands,1
Norway,1
Nepal,1
New Zealand,1
Portugal,1
Singapore,1
Senegal,1
Taiwan,1
