name,visitors
Tokyo,1943
Kanagawa,388
Osaka,362
Aichi,243
Chiba,173
Saitama,161
Hyogo,94
Hokkaido,81
Fukuoka,80
Shizuoka,65
Tochigi,63
Kyoto,63
Guangdong,46
Ibaraki,41
Sichuan,38
Miyagi,38
Shandong,31
Gunma,30
Ishikawa,30
Niigata,29
Nagano,29
Hiroshima,27
Kochi,27
Zhejiang,24
Shiga,23
Henan,22
Jiangsu,21
Okayama,21
Nara,17
Gifu,16
Hebei,15
Hunan,15
Shanghai,14
Toyama,14
Okinawa,14
Iwate,13
Mie,13
Fukui,12
Nagasaki,12
Fujian,11
Fukushima,11
Kumamoto,11
Yamanashi,10
Anhui,9
Wakayama,9
Oita,9
Yamaguchi,8
Saga,8
Yamagata,7
Kagawa,7
Ehime,7
New South Wales,6
Beijing,6
Chongqing,6
Yunnan,6
Miyazaki,6
Kagoshima,6
Gansu,5
Tianjin,5
Shimane,5
Tokushima,5
Guangxi,4
Jiangxi,4
Inner Mongolia,4
Shanxi,4
Liaoning,3
Leinster,3
Aomori,3
Akita,3
Ho Chi Minh City,3
British Columbia,2
Hainan,2
Gujarat,2
Telangāna,2
Tottori,2
Seoul,2
Metro Manila,2
California,2
Georgia,2
Michigan,2
Brunei-Muara,1
Paraná,1
Guizhou,1
Heilongjiang,1
Jilin,1
Ningxia,1
Shaanxi,1
Bavaria,1
Normandie,1
England,1
Conakry,1
Kowloon City Kowloon,1
Jakarta,1
Assam,1
Karnataka,1
West Bengal,1
Incheon,1
Astana,1
Gharb-Chrarda-Béni Hssen,1
Ulaanbaatar,1
Moscow Province,1
Moscow,1
Tatarstan,1
Stockholm,1
Bangkok,1
Taipei,1
Alabama,1
Colorado,1
Washington DC,1
Hawaii,1
Maryland,1
Missouri,1
Ohio,1
Oregon,1
South Carolina,1
Tashkent,1
