name,visitors
Istanbul,36
Singapore,27
Ankara,11
Baku,5
Bursa,5
Denizli,3
Adana,3
Sanaa,2
Mersin,2
İskenderun,2
Kolkata,2
Tashkent,2
Ealing,2
Veenendaal,2
Konstanz,2
Dublin,2
Argenteuil,2
Çankaya,2
Şanlıurfa,1
Siirt,1
Kayseri,1
Kahramanmaraş,1
İzmir,1
Selçuklu,1
Antalya,1
Alexandria,1
Karagandy,1
Zonguldak,1
N/A,1
N/A,1
Samsun,1
İzmit,1
Genève,1
Hilversum,1
Offenbach,1
Markranstädt,1
Fortaleza,1
Kansas City,1
New York City,1
Queens,1
Palandöken,1
