name,visitors
Paris,90
Abidjan,33
Singapore,28
Marseille,28
Montréal,24
Dakar,19
Lyon,19
Toulouse,15
Cotonou,13
Tunis,13
Lomé,12
Casablanca,12
Brussels,10
Antananarivo,9
Kinshasa,9
Rennes,9
Reims,8
Algiers,7
Nantes,7
Limoges,7
Grenoble,7
Dijon,7
Lubumbashi,6
Naaldwijk,6
Poitiers,6
Montpellier,6
Gif-sur-Yvette,6
Bordeaux,6
Beijing,5
Douala,5
Djambala,5
Settat,5
Amsterdam,5
Liège,5
Strasbourg,5
Quimper,5
Orléans,5
Lille,5
Créteil,5
Colombes,5
Asnières-sur-Seine,5
Port-au-Prince,5
Saint-Denis,4
Mtsamboro,4
Yaoundé,4
Brazzaville,4
Ouagadougou,4
Rabat,4
Meknès,4
Marrakesh,4
Lausanne,4
Charleroi,4
Luxembourg,4
Villejuif,4
Treillières,4
Roubaix,4
Nancy,4
Montreuil,4
Metz,4
Langon,4
Évry,4
Aubenas,4
Argenteuil,4
Anglet,4
Angers,4
Aix-en-Provence,4
Goiânia,4
Québec,4
Port Louis,3
Saint-André,3
Tokyo,3
Nouméa,3
N'Djamena,3
Bamako,3
Sousse,3
Oran,3
Sale,3
Anderlues,3
Berlin,3
Yvetot,3
Voiron,3
Vitry-sur-Seine,3
Villeurbanne,3
Vannes,3
Trappes,3
Tours,3
Seclin,3
Sceaux,3
Sartrouville,3
Salon-de-Provence,3
Saint-Étienne,3
Saint-Denis,3
Rouen,3
Nogent-sur-Marne,3
Mulhouse,3
Mantes-la-Jolie,3
Gardanne,3
Fréjus,3
Épinay-sous-Sénart,3
Dunkerque,3
Clermont-Ferrand,3
Charenton-le-Pont,3
Cergy,3
Cenon,3
Bords,3
Bagnolet,3
Aubervilliers,3
Chernivtsi,2
Sofia,2
Istanbul,2
Mumbai,2
Jakarta,2
Wuhan,2
Lisbon,2
Gemena,2
Libreville,2
Niamey,2
Mahdia,2
Hammamet,2
Tizi Ouzou,2
Sétif,2
Bordj el Kiffan,2
Blida,2
Valencia,2
Tétouan,2
Temara,2
Tangier,2
Kenitra,2
Agadir,2
Reading,2
Biel/Bienne,2
Porto,2
Gembloux,2
Auderghem,2
Anderlecht,2
Bad Krozingen,2
Vitrolles,2
Villeneuve-Saint-Georges,2
Villefranche-sur-Saône,2
Vendôme,2
Vaulx-en-Velin,2
Valenciennes,2
Toulon,2
Tarbes,2
Sevran,2
Schiltigheim,2
Saint-Péray,2
Saint-Malo,2
N/A,2
Saint-Gély-du-Fesc,2
Saintes,2
Saint-André-les-Vergers,2
Rieumes,2
Puteaux,2
Prey,2
Portet-sur-Garonne,2
Pont-sur-Yonne,2
Pierrefitte-sur-Seine,2
Pessac,2
Périers,2
Noisiel,2
Nîmes,2
Nice,2
Nevers,2
Neuilly-sur-Seine,2
Nanterre,2
Nandy,2
Muret,2
Mouthiers-sur-Boëme,2
Mougins,2
Montbrison,2
Montagrier,2
Meximieux,2
Meaux,2
Massy,2
Louviers,2
L'Isle-d'Abeau,2
Levens,2
Levallois-Perret,2
Le Mans,2
Le Landreau,2
N/A,2
Illkirch-Graffenstaden,2
Houilles,2
Haubourdin,2
Guémené-Penfao,2
Gouvieux,2
Gagnac-sur-Garonne,2
Faulquemont,2
Étrépagny,2
Ermont,2
Dourges,2
Douchy-les-Mines,2
Clérac,2
Chauny,2
Châtillon,2
Chartres,2
Castanet-Tolosan,2
Carrières-sous-Poissy,2
Carquefou,2
Cambrai,2
Caen,2
Brive-la-Gaillarde,2
Beaumont-sur-Oise,2
Avion,2
Aulnay-sous-Bois,2
Ancerville,2
Amiens,2
Amboise,2
Ambérieu-en-Bugey,2
Alfortville,2
Agneaux,2
Le Lamentin,2
Fort-de-France,2
Santiago,2
Papeete,2
New York City,2
Calabasas,2
Los Angeles,2
Hamilton,2
Sorel-Tracy,2
Toronto,2
Dammam,1
Nairobi,1
Pátra,1
İzmir,1
Adana,1
Minsk,1
Centre de Flacq,1
Le Tampon,1
Lahore,1
Surat,1
Ahmedabad,1
Kathmandu,1
Shanghai,1
Hong Kong,1
N/A,1
Melbourne,1
N/A,1
Conakry,1
Nabeul,1
Bizerte,1
Tlemcen,1
Dar el Beïda,1
Batna,1
N/A,1
Oujda-Angad,1
Fès,1
El Jadid,1
Berrechid,1
Renens,1
Orbe,1
Montreux,1
Goumoens-la-Ville,1
Genève,1
Delémont,1
Bussigny,1
Bolligen,1
Basel,1
Vilvoorde,1
Tournai,1
Jodoigne,1
Harelbeke,1
Eupen,1
Ciney,1
Düsseldorf,1
Yerres,1
Wolfgantzen,1
Vouneuil-sous-Biard,1
Villepinte,1
Villenave-d'Ornon,1
Vertus,1
Versailles,1
Verneuil-sur-Seine,1
Varilhes,1
Vallabrègues,1
Tremblay-en-France,1
Trélissac,1
Tourcoing,1
Sucy-en-Brie,1
Souillac,1
Seysses,1
Seurre,1
Scorbé-Clairvaux,1
N/A,1
Saubusse,1
Saint-Quentin-sur-Isère,1
Saint-Paul-lès-Dax,1
Saint-Ouen,1
Saint-Omer,1
Saint-Michel-sur-Orge,1
Saint-Méen-le-Grand,1
Saint-Martin-d'Hères,1
Saint-Lô,1
Saint-Laurent-de-la-Salanque,1
Saint-James,1
Saint-Genis-Laval,1
Saint-Étienne-les-Orgues,1
Saint-Égrève,1
Saint-Cyr-sur-Mer,1
