name,visitors,bounce_rate,visit_duration
Direct / None,798,65,229
Google,275,72,203
python.org,112,67,234
Baidu,108,87,27
Bing,34,89,238
GitHub,16,46,184
DuckDuckGo,15,73,510
pythoninsider.blogspot.com,15,64,162
chatgpt.com,7,33,203
Brave,5,50,66
devdocs.io,4,25,123
econlab.xmu.edu.cn,4,100,4
peps.python.org,4,25,362
udemy.com,4,0,412
doubao.com,3,67,1
tonybaloney.github.io,3,67,73
treyhunner.com,3,50,818
Reddit,2,100,0
anbithub.github.io,2,0,647
blog.python.org,2,50,106
Facebook,1,100,0
Yandex,1,0,117
blog.changs.co.uk,1,0,610
chat.baidu.com,1,0,400
cjpgwaqb6dn8.jp.larksuite.com,1,100,0
codecademy.cn,1,0,114
contest.ucfprogrammingteam.org,1,0,672
go.bsky.app,1,100,0
habr.com,1,0,42
infoworld.com,1,0,17
medium.com,1,100,0
psycopg.org,1,100,0
realpython.com,1,0,6
typing-extensions.readthedocs.io,1,100,0
wiki.gentoo.org,1,0,0
wiki.python.org,1,0,1209
xazxoi.cn,1,100,0
yuanbao.tencent.com,1,0,67
