name,unique_exits,total_exits,exit_rate
/3.12/,381,412,
/3.12/tutorial/index.html,208,219,
/3.12/using/windows.html,197,206,
/3.12/whatsnew/3.12.html,169,177,
/3.12/library/functions.html,119,121,
/3.12/library/stdtypes.html,112,124,
/3.12/library/2to3.html,84,89,
/3.12/tutorial/,70,73,
/3.12/library/datetime.html,67,66,
/3.12/library/typing.html,64,66,
/3.12/tutorial/controlflow.html,63,80,
/3.12/library/,58,58,
/3.12/index.html,55,60,
/3.12/tutorial/introduction.html,45,48,
/3.12/library/os.html,44,45,
/3.12/library/exceptions.html,42,41,
/3.12/tutorial/interpreter.html,41,47,
/3/,40,40,
/3.12/search.html,38,40,
/3.12/library/tkinter.html,37,38,
/zh-cn/3.12/using/mac.html,35,35,
/3.12/library/telnetlib.html,34,36,
/ja/3.12/library/codecs.html,33,33,
/3.12/download.html,28,28,
/3.12/library/index.html,27,28,
/ja/3.12/library/functions.html,27,27,
/3.12/library/multiprocessing.html,25,26,
/3.12/library/threading.html,25,28,
/3.12/tutorial/appetite.html,24,23,
/3.12/tutorial/datastructures.html,24,27,
/zh-cn/3.12/,24,26,
/3.12/library/re.html,22,23,
/zh-cn/3.12/library/index.html,22,23,
/3.12/library/itertools.html,21,22,
/3.12/library/random.html,21,21,
/3.12/library/logging.html,20,22,
/3.12/library/pathlib.html,20,22,
/zh-cn/3.12/download.html,20,20,
/zh-cn/3.12/library/stdtypes.html,20,20,
/uk/3.12/library/turtle.html,19,20,
/zh-cn/3.12/tutorial/index.html,19,19,
/3.12/library/argparse.html,18,19,
/3.12/library/os.path.html,18,18,
/3.12/library/subprocess.html,18,20,
/3/library/functions.html,18,15,
/3/library/stdtypes.html,18,18,
/3.12/installing/index.html,17,17,
/3.12/library/collections.html,16,19,
/3.12/library/asyncio.html,15,15,
/3.12/library/turtle.html,15,17,
/3/library/typing.html,15,15,
/zh-cn/3.12/library/functions.html,15,17,
/zh-cn/3.12/tutorial/controlflow.html,15,16,
/3.12/whatsnew/changelog.html,14,18,
/es/3.12/tutorial/classes.html,14,15,
/es/3.12/tutorial/index.html,14,14,
/ko/3.12/library/intro.html,14,14,
/3.12/library/asyncio-task.html,13,14,
/3.12/library/shutil.html,13,13,
/3.12/reference/datamodel.html,13,13,
/3.13/,13,13,
/3/library/datetime.html,13,13,
/ko/3.12/library/codecs.html,13,13,
/3.12/library/json.html,12,12,
/3.12/library/sqlite3.html,12,13,
/3.12/library/time.html,12,12,
/3.12/tutorial/classes.html,12,13,
/3.12/tutorial/inputoutput.html,12,12,
/ja/3.12/library/re.html,12,13,
/3.12/glossary.html,11,12,
/3.12/library/io.html,11,12,
/3.12/library/math.html,11,11,
/3.12/library/sys.html,11,13,
/zh-cn/3.12/library/multiprocessing.html,11,13,
/zh-cn/3.12/using/index.html,11,11,
/3.12/library/cgi.html,10,10,
/3.12/library/csv.html,10,11,
/3.12/library/dataclasses.html,10,10,
/3.12/library/distutils.html,10,10,
/3.12/license.html,10,10,
/3.12/reference/compound_stmts.html,10,10,
/zh-cn/3.12/glossary.html,10,10,
/zh-cn/3.12/whatsnew/3.12.html,10,10,
/3.12/howto/perf_profiling.html,9,10,
/3.12/library/http.client.html,9,10,
/3.12/library/string.html,9,10,
/3.12/library/tempfile.html,9,9,
/3.12/library/unittest.html,9,11,
/3.12/py-modindex.html,9,9,
/es/3.12/tutorial/interpreter.html,9,9,
/zh-cn/3.12/library/asyncio-task.html,9,10,
/zh-cn/3.12/library/typing.html,9,9,
/3.12/library/constants.html,8,8,
/3.12/library/socket.html,8,8,
/3.12/library/struct.html,8,8,
/3.12/library/tarfile.html,8,8,
/3.12/reference/simple_stmts.html,8,8,
/3.12/tutorial/modules.html,8,8,
/3.12/using/cmdline.html,8,8,
/3.12/using/index.html,8,10,
