name,visitors
Guangdong,407
Shanghai,291
Beijing,245
Zhejiang,190
Jiangsu,162
Tokyo,141
Shandong,120
California,107
Sichuan,89
Hubei,81
Henan,71
Shaanxi,62
Hunan,51
Fujian,50
Anhui,35
Taipei,34
Tianjin,32
Hebei,27
Kwai Tsing New Territories,27
Kowloon City Kowloon,24
Washington,24
Chongqing,18
Guizhou,18
Ontario,17
Osaka,17
Guangxi,14
Changhua,14
Yunnan,12
New York,12
Jilin,11
Jiangxi,11
Liaoning,10
Oregon,10
Shanxi,9
Seoul,9
Central and Western Hong Kong Island,8
Illinois,8
New Jersey,8
Selangor,7
Kuala Lumpur,7
Arizona,7
Gansu,6
Taichung,6
Hesse,5
Phnom Penh,5
Nantou,5
Minnesota,5
New South Wales,4
Victoria,4
Baden-Württemberg,4
Madrid Autonomous Community,4
Johor,4
New Taipei,4
Colorado,4
Connecticut,4
Catalonia,3
Uusimaa,3
Île-de-France,3
England,3
Scotland,3
Wan Chai Hong Kong Island,3
Chiba,3
Kanagawa,3
South Holland,3
Bangkok,3
Taoyuan,3
Georgia,3
Virginia,3
Luanda,2
Heilongjiang,2
Ningxia,2
Berlin,2
Tsuen Wan New Territories,2
Yuen Long New Territories,2
Ishikawa,2
Perak,2
Auckland,2
Central Visayas,2
Sverdlovsk,2
Västra Götaland,2
Istanbul,2
Hsinchu County,2
Hsinchu,2
Kinmen,2
Tainan,2
Florida,2
North Carolina,2
Nevada,2
Pennsylvania,2
South Carolina,2
Ho Chi Minh City,2
Dubai,1
Queensland,1
South Australia,1
British Columbia,1
Quebec,1
Vaud,1
Zürich,1
Hainan,1
Hamburg,1
Lower Saxony,1
Schleswig-Holstein,1
Capital Region,1
Päijät-Häme,1
Sham Shui Po Kowloon,1
Sha Tin New Territories,1
Tuen Mun New Territories,1
Jakarta,1
Leinster,1
Karnataka,1
Uttar Pradesh,1
Hiroshima,1
Karaganda,1
Ciudad de Mexico,1
Penang,1
Wellington,1
Muscat,1
Punjab,1
Bashkortostan,1
Krasnodar Krai,1
Makkah,1
Al-Qassim,1
Chiang Mai,1
Kaohsiung,1
Kyiv,1
Iowa,1
Maryland,1
Missouri,1
Oklahoma,1
Tennessee,1
Texas,1
Utah,1
Hanoi,1
