name,unique_exits,total_exits,exit_rate
/es/3/tutorial/,439,456,
/es/3.13/tutorial/index.html,252,259,
/es/3.13/library/tkinter.html,251,257,
/es/3/tutorial/index.html,149,152,
/es/3.13/tutorial/datastructures.html,126,130,
/es/3.13/tutorial/venv.html,123,126,
/es/3/tutorial/introduction.html,120,128,
/es/3.13/tutorial/classes.html,112,114,
/es/3/tutorial/interpreter.html,110,118,
/es/3.13/library/index.html,108,109,
/es/3.13/library/functions.html,99,107,
/es/3/library/stdtypes.html,86,95,
/es/3/,84,84,
/es/3.13/tutorial/introduction.html,76,81,
/es/3.13/installing/index.html,75,76,
/es/3.13/tutorial/errors.html,75,77,
/es/3.13/,74,74,
/es/3.13/library/re.html,72,78,
/es/3.13/library/stdtypes.html,71,82,
/es/3.13/tutorial/interpreter.html,71,74,
/es/3/tutorial/controlflow.html,70,79,
/es/3/tutorial/appetite.html,69,70,
/3/,59,59,
/es/3.13/tutorial/controlflow.html,58,62,
/es/3/library/index.html,56,59,
/es/3.13/library/idle.html,55,56,
/es/3.13/search.html,54,54,
/es/3.13/tutorial/appetite.html,53,57,
/es/3/library/functions.html,51,52,
/es/3.13/library/datetime.html,50,52,
/es/3.13/library/venv.html,48,48,
/es/3.13/library/tk.html,47,48,
/es/3.13/tutorial/inputoutput.html,42,42,
/es/3.13/using/windows.html,40,40,
/es/3/tutorial/datastructures.html,39,41,
/es/3.13/library/string.html,38,38,
/es/3.13/library/random.html,37,40,
/es/3.13/howto/regex.html,36,40,
/es/3/glossary.html,36,36,
/es/3/library/tkinter.html,36,37,
/es/3/search.html,33,34,
/es/3/library/json.html,31,31,
/es/3/library/argparse.html,30,32,
/es/3.13/library/csv.html,29,30,
/es/3.13/reference/import.html,29,29,
/es/3/library/math.html,29,29,
/es/dev/tutorial/controlflow.html,29,29,
/es/3.13/howto/sorting.html,25,25,
/es/3.12/tutorial/index.html,24,24,
/es/3.13/library/array.html,24,24,
/es/3.13/library/math.html,24,25,
/es/3.13/tutorial/modules.html,24,25,
/es/3/library/random.html,24,24,
/es/3.13/library/tkinter.ttk.html,23,26,
/es/3.13/tutorial/,23,24,
/es/3/tutorial/errors.html,23,24,
/es/3.13/glossary.html,22,23,
/es/3.13/howto/logging.html,22,23,
/es/3.13/library/email.examples.html,21,21,
/es/3/tutorial/classes.html,21,22,
/es/3/library/exceptions.html,19,19,
/3/tutorial/index.html,18,18,
/es/3.13/reference/lexical_analysis.html,18,19,
/es/3.13/using/editors.html,18,18,
/es/3/tutorial/inputoutput.html,18,17,
/3.13/tutorial/index.html,16,16,
/3/library/tkinter.html,15,15,
/3/search.html,15,15,
/es/3/installing/index.html,15,15,
/es/3.13/library/sqlite3.html,14,14,
/es/3.13/library/turtle.html,14,14,
/es/3.13/whatsnew/3.13.html,14,15,
/es/3/library/decimal.html,14,14,
/es/3/reference/index.html,14,16,
/es/3/tutorial/venv.html,14,14,
/es/dev/library/zlib.html,14,14,
/3/library/stdtypes.html,13,13,
/es/3.13/library/pathlib.html,13,13,
/es/3.13/reference/index.html,13,13,
/es/3/library/asyncio.html,13,14,
/es/3.13/howto/sockets.html,12,12,
/es/3/faq/windows.html,12,12,
/es/3/library/functools.html,12,12,
/es/3/library/re.html,12,12,
/es/3/tutorial/modules.html,12,14,
/3/library/venv.html,11,11,
/es/3.13/contents.html,11,11,
/es/3/genindex-Símbolos.html,11,11,
/es/3/reference/compound_stmts.html,11,11,
/es/dev/library/abc.html,11,11,
/es/3.12/tutorial/classes.html,10,10,
/es/3.12/tutorial/errors.html,10,11,
/es/3.13/index.html,10,10,
/es/3.13/library/exceptions.html,10,10,
/es/3.13/library/io.html,10,10,
/es/3.13/library/pickle.html,10,10,
/es/3.13/library/shutil.html,10,11,
/es/3.13/reference/compound_stmts.html,10,10,
/es/3/library/string.html,10,10,
/es/3/using/cmdline.html,10,13,
