name,visitors,bounce_rate,visit_duration
google.com,2704,79,103
Direct / None,2018,68,209
bing.com,169,75,97
es.python.org,131,48,270
python.org,109,0,481
search.brave.com,73,77,96
chatgpt.com,62,72,169
duckduckgo.com,35,71,160
google.es,35,71,76
app.aluracursos.com,25,88,156
google.com.mx,25,52,420
campus109.unad.edu.co,22,50,141
assignments.onenote.com,21,32,677
google.com.ar,13,83,23
skilio.com,12,83,318
google.com.co,11,73,78
statics.teams.cdn.office.net,8,88,43
copilot.microsoft.com,7,71,42
gemini.google.com,7,80,333
educa.centrogeo.edu.mx,6,83,1
wiki.python.org,6,25,212
android-app://com.google.android.googlequicksearchbox,5,40,690
aulavirtual.uaa.mx,5,60,225
edu.xunta.gal,5,100,0
educacionadistancia.juntadeandalucia.es,5,60,7
github.com/mouredev/Hello-Python,5,40,34
m.baidu.com,5,80,14
mx.search.yahoo.com,5,80,110
perplexity.ai,5,80,34
savio.utb.edu.co,5,100,0
campusvirtual.duoc.cl,4,100,0
csic.adrformacion.com,4,75,78
docs.google.com,4,75,83
ecosia.org,4,75,28
es.search.yahoo.com,4,100,0
freecodecamp.org/espanol/news/python-ejemplos-de-codigo-tutorial-de-programacion-en-python-desde-cero-para-principiantes,4,60,257
google.cl,4,50,78
ingenieria.campusvirtual.ucasal.edu.ar,4,0,144
netacad.com,4,0,175
virtual.ipleones.cl,4,100,0
aulavirtual.murciaeduca.es,3,33,253
baidu.com,3,100,0
cfe.schoology.com,3,33,98
co.search.yahoo.com,3,67,266
moodle.riwi.io,3,100,0
presencial.aulasuniminuto.edu.co,3,100,0
udemy.com,3,100,54
unisallevirtual.lasalle.edu.co,3,50,8
assets.scormproxy.com,2,0,18
aulavirtual.surge.es,2,0,182
aules.edu.gva.es,2,50,100
avac.ups.edu.ec,2,0,708
baidu.com/link,2,100,0
campusvirtual.uclm.es,2,100,0
classroom.google.com,2,100,0
cn.bing.com,2,0,231
devdocs.io,2,0,28
ecursos.claseejecutiva.cl,2,100,0
ellibrodepython.com,2,0,14
escuela.pontia.tech,2,0,75
github.com,2,100,0
hablemospython.dev,2,50,35
larioja.adrformacion.com,2,100,0
palermo.blackboard.com,2,0,59
react-app-python-runner.vercel.app,2,100,0
reddit.com,2,0,2
search.yahoo.com,2,100,0
sigma.mincyt.gob.ve,2,100,0
sites.google.com,2,100,0
so.com/link,2,100,0
ttech2025.github.io,2,50,38
virtual.unisinucartagena.edu.co,2,50,10
yandex.ru/search,2,0,25
youtube.com,2,100,0
android-app://com.google.android.gm,1,0,3632
anyp.fcaglp.unlp.edu.ar,1,0,212
app.certidevs.com,1,0,111
aprendeconalf.es,1,0,4
aprendepython.es,1,100,0
ar.search.yahoo.com,1,100,0
aulasvirtuales.unimet.edu.ve,1,100,0
aulavirtual.uniremington.edu.co,1,100,0
avanza.educarex.es,1,100,0
chat.qwen.ai,1,0,8
chat.qwen.ai/c/98149e5c-2433-497f-bd26-b2653959feec,1,0,22
chatgpt.es,1,0,426
cl.search.yahoo.com,1,100,0
colab.research.google.com,1,100,0
colegio-bourbaki.com,1,100,0
cs50.harvard.edu,1,0,2898
cursos.hilet.com,1,100,0
cvdof.ucm.es,1,0,12
d2l.tuvch.ibero.mx,1,100,0
developer.mozilla.org,1,0,12
discordpy.readthedocs.io,1,0,839
educaciodigital.cat,1,100,0
educapermanente.itla.edu.do,1,100,0
eva.fing.edu.uy,1,0,159
fastapi.tiangolo.com,1,0,1361
formacion.intef.es,1,100,0
freecodecamp.org,1,100,0
freecodecamp.org/espanol/news/explicacion-del-bucle-while-de-while,1,100,0
freecodecamp.org/espanol/news/metodos-de-string-de-python-explicados-con-ejemplo,1,100,0
github.com/midudev/curso-python/blob/main/001_Abre_esta_carpeta/preguntas_resueltas_aqu%C3%AD.md,1,100,0
google.co.uk,1,100,0
google.co.ve,1,0,340
google.com.br,1,100,0
google.com.do,1,100,0
google.com.gt,1,100,0
google.com.pe,1,0,84
google.ru,1,0,2691
insbaixcamp.cat,1,0,2
l.meta.ai,1,0,214
learnpython.org,1,0,320
login.microsoftonline.com,1,100,0
m.baidu.com/from=1015011i/bd_page_type=1/ssid=0/uid=0/pu=usm%400%2Csz%401320_1004%2Cta%40iphone_2_15.0_11_17.2/baiduid=FBA0228C3322363764263F6390665971/w=0_10_/t=iphone/l=1/tc,1,100,0
m365.cloud.microsoft,1,0,47
mclibre.org,1,0,75
moodle-campusvirtualcolombia.s3.amazonaws.com,1,0,659
mv1.mediacionvirtual.ucr.ac.cr,1,100,0
numpy.org,1,0,2186
online.calamoycran.com,1,100,0
pe.search.yahoo.com,1,100,0
pedco.uncoma.edu.ar,1,0,1298
pensamientocomputacional.dev.ar,1,100,0
pip.pypa.io/en/stable/installation,1,0,761
plataforma.itdurango.edu.mx,1,100,0
platform.bbva.com,1,0,114
platzi.com/tutoriales/1927-intro-selenium/12448-crea-entornos-virtuales-en-windows-en-3-pasos,1,100,0
produccionentalzagoes.s3.eu-west-1.amazonaws.com,1,100,0
python.org/downloads/windows,1,0,1758
pythonscouts.com,1,100,0
r.search.yahoo.com/_ylt=AwrEbpRFXhtoGgIAZMOr9Qt.;_ylu=Y29sbwNiZjEEcG9zAzEEdnRpZAMEc2VjA3Ny/RV=2/RE=1747833669/RO=10/RU=https%3a%2f%2fdocs.python.org%2fes%2f3%2flibrary%2ftkinter.html/RK=2/RS=47U4I7IVQQQkzsT72pHpYH5PQQo-,1,100,0
r.search.yahoo.com/_ylt=AwrhbpZCRBtodQIAQqCrcgx.;_ylu=Y29sbwNiZjEEcG9zAzIEdnRpZAMEc2VjA3Ny/RV=2/RE=1747827010/RO=10/RU=https%3a%2f%2fdocs.python.org%2fes%2f3%2ftutorial%2findex.html/RK=2/RS=M6jf2MiCA9JCft0j9xUTJAXJasg-,1,100,0
reflex.dev,1,0,53
sandreke99.medium.com/enviar-mensajes-masivos-y-personalizados-por-whatsapp-con-python-35d4bca85a67,1,100,0
skillsforall.com,1,0,872
sphinx-doc.org/en/master,1,0,229
teams.microsoft.com,1,100,0
tutorial.recursospython.com,1,0,595
u-cursos.cl,1,100,0
upeaposgrado.info,1,100,0
usc-onenote.officeapps.live.com,1,100,0
view.genially.com/67aa5ee296eac8ee51be6c14,1,0,41
vscode.dev,1,0,22
wiki.python.org.ar,1,0,65
