name,visitors,bounce_rate,visit_duration
Direct / None,1415,69,222
Google,1290,78,123
es.python.org,116,54,197
Bing,114,74,204
python.org,88,0,402
Brave,66,77,124
chatgpt.com,49,67,51
computerhoy.20minutos.es,35,59,35
DuckDuckGo,22,71,133
Yahoo!,20,70,142
ecursos.claseejecutiva.cl,18,74,174
react-app-python-runner.vercel.app,17,90,71
Baidu,10,78,3
GitHub,9,100,0
app.aluracursos.com,8,57,195
hablemospython.dev,7,33,175
freecodecamp.org,6,86,6
netacad.com,6,0,35
wiki.python.org,6,33,167
copilot.microsoft.com,5,0,291
skilio.com,5,60,489
udemy.com,4,100,7
Microsoft Teams,3,100,3
app.certidevs.com,3,100,511
cs50.harvard.edu,3,0,1034
msn.com,3,0,136
127.0.0.1,2,50,28
Perplexity,2,50,79
anahuaconline.brightspace.com,2,50,50
books.googleusercontent.com,2,50,372
campus.ingenieria.uner.edu.ar,2,67,10
campus.unab.edu.ar,2,100,0
campus.undec.edu.ar,2,100,0
claude.ai,2,50,16
educapermanente.itla.edu.do,2,50,2
eva.ube.edu.ec,2,100,0
generoyeconomia.github.io,2,100,0
roadmap.sh,2,0,4
unisabanae-learning.unisabana.edu.co,2,0,137
uvirtual.udemedellin.edu.co,2,0,155
Youtube,1,0,466
app.codica.la,1,100,0
bugs.launchpad.net,1,0,131
campus-bisite.usal.es,1,100,0
campusvirtual.utdt.edu,1,0,1632
campusvirtualprogrambi.cl,1,0,19
campuszimatech.online,1,100,0
colegio-bourbaki.com,1,100,0
developer.mozilla.org,1,100,0
doc.pl,1,100,0
docs-python-org.translate.goog,1,0,20
estudiapython.abacusai.app,1,0,12
fceqyn.unam.edu.ar,1,0,61
learn.snhu.edu,1,0,9
miembro.daxus.com,1,100,0
notion.so,1,100,0
odoo.com,1,0,3135
packaging.python.org,1,0,967
pymupdf.readthedocs.io,1,0,0
smallseotools.com,1,100,0
techtitute.com,1,100,0
tutorialesprogramacionya.com,1,0,282
unisallevirtual.lasalle.edu.co,1,100,0
wiki.python.org.ar,1,100,0
zany-waddle-r4694664q7wwfpvqr.github.dev,1,100,0
