name,visitors
England,852
California,489
Île-de-France,307
New York,264
Virginia,248
Maharashtra,235
Bavaria,231
Texas,225
Karnataka,197
Hesse,194
Tamil Nadu,193
North Rhine-Westphalia,190
Ontario,189
Tokyo,177
North Holland,144
Baden-Württemberg,143
Illinois,143
São Paulo,135
Massachusetts,135
Zürich,120
Quebec,118
Colorado,118
Telangāna,115
Madrid Autonomous Community,113
Washington,112
Berlin,107
Mazovia,106
Florida,106
Seoul,104
Beijing,99
Guangdong,99
Stockholm,98
Delhi,97
Lombardy,97
Vienna,94
Georgia,91
Oregon,83
New South Wales,78
Auvergne-Rhône-Alpes,77
Ohio,70
Pennsylvania,70
South Holland,69
Uusimaa,68
Moscow,67
Ho Chi Minh City,66
Shanghai,65
Lower Saxony,63
Prague,61
Leinster,60
Michigan,58
North Carolina,58
Istanbul,57
Provence-Alpes-Côte-d'Azur,56
Arizona,55
Victoria,54
British Columbia,54
Taipei,54
New Jersey,54
Capital Region,53
Cairo,53
Catalonia,53
Brussels,51
Metro Manila,51
Jakarta,50
Ciudad de Mexico,50
Uttar Pradesh,48
Kerala,46
Rio de Janeiro,45
Maryland,45
Gauteng,45
Saxony,44
Gyeonggi,44
Saint Petersburg,43
Hanoi,43
Alberta,42
Santiago Metropolitan,42
Calabarzon,41
Bangkok,41
Queensland,39
Zhejiang,39
Tel Aviv,39
Minnesota,39
Occitanie,38
Budapest,38
Lazio,38
Västra Götaland,38
Kyiv,37
Capital District,36
Utah,36
Hamburg,35
Osaka,35
Buenos Aires Province,34
Flanders,34
Oslo,34
Lisbon,34
Scotland,33
Gujarat,33
West Bengal,33
Indiana,33
Missouri,33
West Java,32
Utrecht,32
Shandong,31
Attica,31
Skåne,31
Bucharest,30
Minas Gerais,29
Rhineland-Palatinate,29
Piedmont,29
Veneto,29
Lima,29
Wales,28
North Brabant,28
Tennessee,28
Hauts-de-France,27
Madhya Pradesh,27
Rajasthan,27
Iowa,27
Western Australia,26
Federal District,25
Andalusia,25
Andhra Pradesh,25
Lower Silesia,25
Lesser Poland,25
Paraná,24
Jiangsu,24
Vilnius County,24
Greater Poland,24
Riyadh,24
Connecticut,24
Haryana,23
Campania,23
Nairobi County,23
Selangor,23
Ankara,23
South Carolina,23
Wisconsin,23
Sofia,22
Bern,22
Henan,22
Shaanxi,22
Brittany,22
Meknès-Tafilalet,22
Pomerania,22
Rio Grande do Sul,21
Schleswig-Holstein,21
Riga,21
Kuala Lumpur,21
Hubei,20
Nouvelle-Aquitaine,20
Punjab,20
Dubai,19
Geneva,19
Vaud,19
Antioquia,19
Beograd,19
Alabama,19
Sichuan,18
South Moravia,18
Thuringia,18
Bihar,18
Punjab,18
New Taipei,18
Nevada,18
Minsk,17
Harjumaa,17
Central,17
Odisha,17
Kanagawa,17
Gelderland,17
Auckland,17
Amazonas,16
Santa Catarina,16
Basque Country,16
Grand-Est,16
Greater Accra,16
Sindh,16
Porto,16
Kansas,16
Western Cape,16
Buenos Aires,15
Wallonia,15
Valencian Community,15
Zagreb,15
Hormozgan,15
Lagos,15
Novosibirsk,15
Tunis,15
Washington DC,15
Dhaka Division,14
Mecklenburg-Vorpommern,14
Algiers,14
Pays-de-la-Loire,14
Emilia-Romagna,14
Bratislava,14
Arkansas,14
Rhode Island,14
Tashkent,14
Pernambuco,13
Mexico State,13
Eastern,13
New Mexico,13
Lower Austria,12
South Australia,12
La Paz,12
Tianjin,12
Almaty City,12
Nuevo León,12
Taoyuan,12
Taichung,12
Louisiana,12
Styria,11
Hunan,11
Bremen,11
Galicia,11
Banten,11
Uttarākhand,11
Silesia,11
Makkah,11
Delaware,11
Kentucky,11
Oklahoma,11
Upper Austria,10
Balearic Islands,10
Burgundy-Franche-Comté,10
Haifa,10
Saitama,10
Jalisco,10
Puebla,10
Flevoland,10
Limburg,10
Trøndelag,10
Yerevan,9
Tucumán,9
Australian Capital Territory,9
Central Bohemia,9
Central Denmark,9
Southwest Finland,9
Northern Ireland,9
Tbilisi,9
Central Macedonia,9
Assam,9
Baghdad,9
Tuscany,9
Aichi,9
Chihuahua,9
Cluj,9
Irkutsk,9
Tatarstan,9
Izmir,9
Abu Dhabi,8
Baku,8
Ceará,8
Nova Scotia,8
Neuchâtel,8
Fujian,8
Liaoning,8
Southern Denmark,8
Addis Ababa,8
Centre-Val de Loire,8
East Java,8
Southern,8
Abruzzo,8
Amman,8
Shizuoka,8
Western,8
Luxembourg,8
Federal Capital Territory,8
Overijssel,8
Province 3,8
Central Luzon,8
Sverdlovsk,8
Hsinchu County,8
Dar es Salaam,8
Mississippi,8
New Hampshire,8
Đồng Nai,8
Amanat Al Asimah,8
Tyrol,7
Basel-Stadt,7
Lucerne,7
Chongqing,7
Castile and León,7
Canary Islands,7
Pirkanmaa,7
Ostrobothnia,7
Normandie,7
Kwai Tsing New Territories,7
Pest,7
Central Java,7
Sicily,7
Fukuoka,7
Incheon,7
Daejeon,7
Astana,7
Chișinău,7
Guanajuato,7
Morelos,7
Yucatán,7
Penang,7
