name,version,visitors
Chrome,145.0,576
Firefox,147.0,199
Chrome,132.0,188
Microsoft Edge,145.0,178
Chrome,144.0,121
Opera,127.0,58
Safari,26.2,49
Chrome,139.0,33
Safari,26.3,30
Chrome,143.0,27
Chrome,111.0,23
Safari,26.4,22
Firefox,140.0,20
Microsoft Edge,144.0,20
Chrome,109.0,17
Chrome,105.0,15
Chrome,117.0,15
Chrome,103.0,14
Chrome,116.0,14
Safari,18.6,14
Chrome,124.0,12
Opera,126.0,12
Chrome,131.0,12
Chrome,133.0,12
Chrome,120.0,11
Chrome,138.0,10
Android Browser,(not set),9
Chrome,108.0,9
Chrome,104.0,8
Samsung Browser,29.0,8
Safari,16.6,7
Safari,17.6,7
Chrome,69.0,7
Microsoft Edge,92.0,7
Chrome,106.0,6
Chrome,107.0,6
Microsoft Edge,143.0,6
Mobile App,144.0,6
Firefox,146.0,6
Chrome,110.0,5
Chrome,112.0,5
Firefox,145.0,5
Mobile App,(not set),4
360 Secure Browser,(not set),4
Firefox,136.0,4
Chrome,140.0,4
Chrome,142.0,4
Safari,18.5,4
(not set),(not set),3
Firefox,115.0,3
Safari,18.7,3
Safari,26.0,3
QQ Browser,6.2,3
Lilo,1.2,2
Chrome,122.0,2
Chrome,123.0,2
Chrome,126.0,2
Microsoft Edge,128.0,2
Chrome,134.0,2
Chrome,137.0,2
Firefox,141.0,2
Avast Secure Browser,144.0,2
Ecosia,144.0,2
Firefox,147.5,2
Firefox,148.0,2
Safari,15.6,2
Safari,16.0,2
Safari,17.5,2
Safari,18.1,2
Safari,18.3,2
Chrome,70.0,2
Smart Lenovo Browser,9.0,2
Brave,(not set),1
Microsoft Edge,109.0,1
Microsoft Edge,111.0,1
Firefox,113.0,1
Opera,114.0,1
Microsoft Edge,114.0,1
Firefox,118.0,1
Safari,12.1,1
Firefox,134.0,1
Chrome,136,1
Firefox,139.0,1
MIUI Browser,14.10,1
Firefox,143.0,1
Chrome,146.0,1
Safari,15.1,1
Safari,17.2,1
Microsoft Edge,18.17763,1
Safari,18.2,1
Sogou Explorer,2,1
vivo Browser,23.0,1
Yandex Browser,25.12,1
Safari,26.1,1
Firefox,59.0,1
Firefox,91.0,1
Chrome,95.0,1
