name,visitors
Bogotá,257
Santiago,169
Medellín,160
Lima,160
Madrid,118
N/A,92
Cali,58
Buenos Aires,53
Barcelona,50
Mexico City,49
Guayaquil,43
Zapopan,41
Benito Juarez,39
San Salvador,35
Quito,34
La Paz,34
Arequipa,33
Guadalajara,33
Gustavo Adolfo Madero,31
Montevideo,30
Pereira,30
Barranquilla,29
Valencia,28
Asunción,28
Puebla,28
Guatemala City,28
San José,28
Cancún,26
Iztapalapa,24
La Plata,22
Caracas,20
Córdoba,20
Panamá,19
Cuauhtémoc,19
Santo Domingo,18
Tijuana,18
Monterrey,18
Concepción,17
Cochabamba,17
Lanús,16
Xalapa de Enríquez,16
Cartagena,15
Culiacán,15
Tlalpan,14
Cuautitlán Izcalli,14
Managua,14
León de los Aldama,14
Ibagué,13
Trujillo,13
San Nicolás de los Garza,13
Chihuahua,13
Mérida,12
Azcapotzalco,12
Havana,12
Bucaramanga,12
Singapore,11
Málaga,11
Quilmes,11
Soacha,11
Santa Marta,11
Salta,11
Bahía Blanca,11
San Luis Potosí,11
Álvaro Obregón,10
Cuernavaca,10
Coyoacán,10
Rosario,10
Viña del Mar,10
Morelia,10
Ciudad Juárez,10
Palma,9
Sabadell,9
A Coruña,9
Resistencia,9
Toluca,9
Piura,9
Santa Fe,9
San Miguel de Tucumán,9
Cusco,9
Zacatecas,9
Avellaneda,9
Alicante,8
Vigo,8
Valladolid,8
Terrassa,8
Merlo,8
Lomas de Zamora,8
Mérida,8
Santa Cruz de la Sierra,8
Santiago de Querétaro,8
Miami,8
San Carlos de Bariloche,8
Corrientes,7
São Paulo,7
Tlalnepantla,7
Oaxaca,7
Naucalpan de Juárez,7
Ciudad Nezahualcoyotl,7
Tegucigalpa,7
Barcelona,7
Valledupar,7
La Serena,7
El Pueblito,7
Mexicali,7
Hermosillo,7
Ciudad Apodaca,7
San Miguel,7
N/A,7
Santo Domingo Este,7
N/A,7
Murcia,6
Coatzacoalcos,6
San Pedro Sula,6
Tunja,6
Neiva,6
Chía,6
San Salvador de Jujuy,6
Coronel Suárez,6
Talca,6
Huancayo,6
Ciudad General Escobedo,6
San Juan,6
Zaragoza,5
Gijón,5
Burgos,5
Bilbao,5
N/A,5
San Justo,5
N/A,5
Posadas,5
Oberá,5
N/A,5
Mar del Plata,5
San Lorenzo,5
Orizaba,5
Nuevo Laredo,5
Iguala de la Independencia,5
Ecatepec de Morelos,5
Heredia,5
Cartago,5
N/A,5
Villa Allende,5
Tartagal,5
Río Cuarto,5
Neuquén,5
Valparaíso,5
San Bernardo,5
N/A,5
Buin,5
N/A,5
Tonalá,5
Santa Catarina,5
Guadalupe,5
Aguascalientes,5
Atlanta,5
New York City,5
N/A,5
Talavera de la Reina,4
Granada,4
Elche,4
Almería,4
Alcoy,4
Munich,4
Santa Coloma de Gramenet,4
Reus,4
Ponferrada,4
León,4
N/A,4
Santiago de los Caballeros,4
San Juan del Río,4
Reynosa,4
Ixtapaluca,4
Chilpancingo,4
Chalco,4
Santa Elena,4
Popayán,4
Pasto,4
Montería,4
Florencia,4
Envigado,4
Miguel Hidalgo,4
Viedma,4
N/A,4
N/A,4
N/A,4
N/A,4
La Paz,4
La Cañada,4
Guanajuato,4
Ciudad Obregón,4
Indianapolis,4
Hong Kong,3
Melbourne,3
Lisbon,3
Jaén,3
Córdoba,3
Algeciras,3
Naaldwijk,3
Vic,3
Tortosa,3
Barakaldo,3
Sant Boi de Llobregat,3
Oviedo,3
Getafe,3
Fuenlabrada,3
El Prat de Llobregat,3
Cuenca,3
Alcalá de Henares,3
Milan,3
N/A,3
Campana,3
Berazategui,3
N/A,3
Nagua,3
Veracruz,3
Tuxtla,3
Tampico,3
Pachuca de Soto,3
Metepec,3
Ixtlahuaca de Rayón,3
Ébano,3
Cholula,3
Apizaco,3
Maracaibo,3
Barquisimeto,3
Milagro,3
Manta,3
N/A,3
N/A,3
Rionegro,3
Riohacha,3
Quibdó,3
Palmira,3
Mosquera,3
Cúcuta,3
Cartago,3
Armenia,3
Huánuco,3
Chiclayo,3
Maturín,3
Venustiano Carranza,3
Villa María,3
Tafí Viejo,3
Mendoza,3
N/A,3
General Roca,3
Cinco Saltos,3
Valdivia,3
Puerto Montt,3
N/A,3
Oruro,3
Carabayllo,3
Camalú,3
Tlaquepaque,3
Tepic,3
Pátzcuaro,3
Manzanillo,3
El Salto,3
Colima,3
Dallas,3
N/A,3
N/A,3
N/A,3
Nairobi,2
Brisbane,2
Malabo,2
Bata,2
Villena,2
Torrevieja,2
Telde,2
Sueca,2
Sevilla,2
San Vicent del Raspeig,2
Santa Cruz de Tenerife,2
N/A,2
Salteras,2
Náquera,2
Marbella,2
Mairena del Aljarafe,2
Maó,2
Lucena,2
Las Palmas de Gran Canaria,2
Ibiza,2
Elda,2
Don Benito,2
Cullera,2
Canet d'En Berenguer,2
Armilla,2
Alfafar,2
Haarlem,2
Innsbruck,2
Haaltert,2
Stuttgart,2
Osnabrück,2
Offenbach,2
Ludwigshafen am Rhein,2
Frankfurt am Main,2
Dublin,2
Salon-de-Provence,2
Gasteiz / Vitoria,2
