name,visitors
Buenos Aires Province,292
Capital District,268
Ciudad de Mexico,228
Santiago Metropolitan,222
Antioquia,172
Lima,164
Madrid Autonomous Community,139
Catalonia,121
Jalisco,95
Mexico State,77
Valencian Community,75
Valle del Cauca,72
Buenos Aires,68
Andalusia,61
Nuevo León,59
Guayas,48
Córdoba,45
Baja California,42
Pichincha,36
Quintana Roo,36
Puebla,35
San Salvador,35
La Paz,34
Veracruz,34
Cundinamarca,33
Arequipa,33
Risaralda,31
Montevideo,30
Atlántico,29
San José,29
Guatemala,29
Asunción,29
Guanajuato,28
Santa Fe,27
Querétaro,25
Castile and León,24
Chihuahua,24
Lima Region,24
Galicia,23
Valparaíso,22
Panamá,21
Capital,21
Río Negro,20
Salta,19
Bío Bío,19
Distrito Nacional,19
Basque Country,18
Cochabamba,17
Michoacán,17
San Luis Potosí,17
Sonora,17
Sinaloa,16
Bolívar,15
Santander,15
Balearic Islands,15
Morelos,15
Tamaulipas,15
Managua,14
Tucumán,13
Magdalena,13
Tolima,13
Canary Islands,13
Hidalgo,13
Yucatán,13
La Libertad,13
Misiones,12
Havana,12
Florida,12
Castile-La Mancha,11
Oaxaca,11
Zacatecas,11
Cusco,11
Chaco,10
Corrientes,10
Los Lagos,10
Boyacá,10
Santo Domingo,10
Guerrero,10
Zulia,10
Coquimbo,9
Asturias,9
Piura,9
Anzoátegui,9
Santa Cruz,8
São Paulo,8
Maule,8
Huila,8
Tabasco,8
Mérida,8
Neuquén,7
Jujuy,7
Cesar,7
Murcia Region,7
Cortés,7
Francisco Morazán,7
Chiapas,7
Colima,7
California,7
Texas,7
Virginia,7
Bavaria,6
Aragon,6
Junín,6
Central,6
Georgia,6
Mendoza,5
La Guajira,5
Nariño,5
Cartago,5
Heredia,5
Aguascalientes,5
Coahuila,5
Indiana,5
New York,5
Entre Ríos,4
Caquetá,4
Cauca,4
Córdoba,4
Norte de Santander,4
Hesse,4
Santiago,4
Manabí,4
Santa Elena,4
Lombardy,4
Baja California Sur,4
Nayarit,4
Tlaxcala,4
Lambayeque,4
Washington,4
Miranda,4
San Luis,3
La Rioja,3
Chubut,3
Santa Cruz,3
Victoria,3
Oruro,3
Libertador General Bernardo O'Higgins,3
Los Ríos,3
Ñuble,3
Chocó,3
Quindío,3
María Trinidad Sánchez,3
El Oro,3
Extremadura,3
Campeche,3
South Holland,3
Huánuco,3
Lisbon,3
Illinois,3
Lara,3
Monagas,3
Santiago del Estero,2
San Juan,2
Catamarca,2
Formosa,2
Tyrol,2
Queensland,2
Flanders,2
Chuquisaca,2
Santa Catarina,2
Ontario,2
Arica y Parinacota,2
Guaviare,2
Meta,2
Putumayo,2
Alajuela,2
Ciego de Ávila,2
Baden-Württemberg,2
Lower Saxony,2
Rhineland-Palatinate,2
Barahona,2
La Romana,2
La Vega,2
Monseñor Nouel,2
Tungurahua,2
Occitanie,2
Provence-Alpes-Côte-d'Azur,2
Bioko Norte,2
Litoral,2
Leinster,2
Nairobi County,2
Durango,2
North Holland,2
Ancash,2
Ica,2
Moquegua,2
Puno,2
Tacna,2
Alto Paraná,2
Washington DC,2
Iowa,2
Michigan,2
Missouri,2
Ohio,2
Oregon,2
Tennessee,2
Maldonado,2
Aragua,2
Bolívar,2
Portuguesa,2
Sucre,2
Táchira,2
Vargas,2
Beni,1
Paraná,1
Alberta,1
Lucerne,1
Abidjan,1
Antofagasta,1
Araucanía,1
Magallanes Region,1
Beijing,1
Zhejiang,1
Arauca,1
Berlin,1
North Rhine-Westphalia,1
San Cristóbal,1
Valverde,1
Esmeraldas,1
Chimborazo,1
Loja,1
Cantabria,1
Navarra Chartered Community,1
La Rioja,1
Uusimaa,1
Nouvelle-Aquitaine,1
West Java,1
Karnataka,1
Tamil Nadu,1
West Bengal,1
Friuli–Venezia Giulia,1
Marche,1
Tokyo,1
Taza-Al Hoceima-Taounate,1
North Brabant,1
Ayacucho,1
Cajamarca,1
El Callao,1
Madre de Dios,1
Porto,1
Madeira,1
Itapúa,1
Moscow Province,1
Moscow,1
Kigali,1
Riyadh,1
Stockholm,1
Postojna,1
Ahuachapán,1
La Libertad,1
Bangkok,1
Samut Prakan,1
Dili,1
Tunis,1
Ankara,1
Istanbul,1
Zakarpattia,1
Maryland,1
Nevada,1
Carabobo,1
Falcón,1
Guárico,1
