name,version,visitors
Windows,10,95483
Mac,10.15,32153
GNU/Linux,(not set),12287
Android,10,7864
Ubuntu,(not set),2883
iOS,18.7,2251
Windows,XP,1407
Chrome OS,14541.0,1397
iOS,18.6,1215
Mac,10.13,673
Android,15,499
iOS,26.1,469
Android,16,390
Android,14,317
iOS,18.5,314
Android,13,302
iOS,26.2,297
Android,12,265
Windows,7,243
Android,11,160
iOS,18.3,118
iOS,16.7,77
Android,9,76
iOS,14.0,71
HarmonyOS,(not set),70
iOS,17.6,66
iOS,15.8,57
iOS,18.4,55
iOS,18.1,52
(not set),(not set),51
HarmonyOS,3.0,49
iOS,26.0,42
iOS,17.5,39
Windows,8.1,38
Android,8.1,32
iOS,18.2,30
iOS,17.1,26
iOS,18.0,23
iOS,17.7,22
iOS,17.4,21
Android,6.0,21
iOS,16.1,17
iOS,26.3,17
Mac,10.14,16
iOS,16.6,15
iOS,17.3,15
iPadOS,17.6,13
iOS,12.5,11
Chrome OS,14816.131,11
iOS,16.3,11
Fire OS,8,11
Android,8.0,11
Android,5.1,10
iOS,16.0,9
iOS,16.5,9
iPadOS,16.7,9
HarmonyOS,2.2,9
Windows,Server 2003,9
Mac,10.11,8
iOS,15.7,8
iOS,16.2,8
iPadOS,17.7,8
Android,(not set),7
iOS,15.4,7
Android,7.0,7
iOS,14.6,6
iOS,15.5,6
iPadOS,16.2,6
iOS,10.3,5
Android,7.1,5
Windows,8,5
iOS,12.2,4
iOS,15.6,4
iOS,16.4,4
iOS,4.3,4
Fire OS,7,4
Mac,(not set),3
Fire OS,(not set),3
Windows,(not set),3
iOS,11.2,3
iOS,13.2,3
iOS,13.6,3
iOS,15.1,3
iPadOS,15.3,3
iPadOS,15.5,3
Mac,15.7,3
iOS,17.0,3
HarmonyOS,2.1,3
Android,4.4,3
Windows,NT,3
Mac,10.10,2
Chrome OS,13816.55,2
iPadOS,15.8,2
iPadOS,16.6,2
iOS,17.2,2
iPadOS,17.4,2
iOS,19.0,2
Android,5.0,2
iOS,5.0,2
Tizen,6.5,2
UOS,(not set),1
Mint,(not set),1
Mac,10.12,1
Mac,10.7,1
Mac,10.8,1
Mac,11.0,1
iOS,11.0,1
Android,11.1,1
iOS,11.1,1
Ubuntu,11.10,1
Mac,11.45,1
Android,12.1,1
Android,12.2,1
iOS,13.4,1
Mac,13.5,1
iOS,13.7,1
Chrome OS,13099.110,1
Chrome OS,13597.84,1
Mac,14.0,1
iOS,14.4,1
Mac,14.4,1
Chrome OS,14388.52,1
Mac,15.1,1
iOS,15.2,1
iPadOS,15.4,1
iPadOS,16.3,1
iPadOS,17.5,1
Mac,26.0,1
webOS,3,1
Tizen,4.0,1
webOS,4.5,1
Windows,Vista,1
