name,visitors,pageviews,bounce_rate,time_on_page,scroll_depth
/pt-br/latest/guides/installing-using-pip-and-virtual-environments/,29,29,79,33,52
/pt-br/latest/tutorials/installing-packages/,28,24,73,33,31
/pt-br/latest/guides/writing-pyproject-toml/,11,12,70,82,56
/pt-br/latest/,6,7,0,27,62
/pt-br/latest/tutorials/packaging-projects/,6,6,80,237,17
/pt-br/latest/guides/using-testpypi/,3,3,0,3,52
/pt-br/latest/discussions/deploying-python-applications/,2,2,100,29,100
/pt-br/latest/glossary/,2,2,0,4,15
/pt-br/latest/guides/distributing-packages-using-setuptools/,2,4,33,21,12
/pt-br/latest/guides/installing-using-virtualenv/,2,1,0,6,100
/pt-br/latest/key_projects/,2,1,0,12,32
/pt-br/latest/specifications/platform-compatibility-tags/,2,2,100,5,15
/pt-br/latest/specifications/pypirc/,2,2,0,27,64
/pt-br/latest/discussions/downstream-packaging/,1,1,100,4,46
/pt-br/latest/discussions/package-formats/,1,1,100,6,14
/pt-br/latest/guides/creating-command-line-tools/,1,1,0,74,83
/pt-br/latest/guides/installing-using-linux-tools/,1,1,0,7,33
/pt-br/latest/guides/making-a-pypi-friendly-readme/,1,1,100,,
/pt-br/latest/guides/modernize-setup-py-project/,1,1,100,,
/pt-br/latest/guides/section-install/,1,1,0,16,100
/pt-br/latest/guides/tool-recommendations/,1,1,100,,
/pt-br/latest/specifications/core-metadata/,1,1,0,,
/pt-br/latest/specifications/version-specifiers/,1,1,0,4,4
/pt-br/latest/tutorials/managing-dependencies/,1,1,100,7,69
