name,version,visitors
Chrome,139.0,1383
Microsoft Edge,140.0,662
Chrome,140.0,523
Microsoft Edge,139.0,477
Firefox,142.0,344
Chrome,138.0,167
Safari,18.6,109
Yandex Browser,25.8,63
Opera,120.0,57
Chrome,126.0,42
Smart Lenovo Browser,9.0,39
Mobile App,(not set),38
Chrome,132.0,37
Chrome,137.0,35
Chrome,136.0,34
Microsoft Edge,138.0,33
Chrome,133.0,32
Firefox,128.0,30
Chrome,109.0,29
Chrome,116.0,28
Chrome,130.0,24
Chrome,134.0,23
Microsoft Edge,137.0,22
Chrome,128.0,18
Firefox,141.0,18
Safari,18.5,17
Quark,(not set),15
Chrome,135.0,15
Chrome,131.0,13
Chrome,108.0,11
Safari,18.3,11
Microsoft Edge,136.0,10
Chrome,122.0,9
Chrome,114.0,8
Chrome,125.0,8
Microsoft Edge,126.0,8
Safari,26.0,8
Chrome,121.0,7
Microsoft Edge,131.0,7
Microsoft Edge,127.0,6
Microsoft Edge,128.0,6
Microsoft Edge,135.0,6
Firefox,140.0,6
Yandex Browser,25.6,6
Chrome,86.0,6
Chrome,101.0,5
Chrome,102.0,5
Chrome,117.0,5
Chrome,119.0,5
Microsoft Edge,133.0,5
Firefox,136.0,5
Firefox,143.0,5
Sogou Explorer,2,5
SberBrowser,30.0,5
Firefox,115.0,4
Microsoft Edge,117.0,4
Chrome,120.0,4
Opera,121.0,4
Chrome,123.0,4
Microsoft Edge,130.0,4
Firefox,132.0,4
Firefox,134.0,4
Firefox,137.0,4
Firefox,139.0,4
Safari,15.6,4
Safari,17.6,4
MIUI Browser,20.1,4
Yandex Browser,25.61,4
Opera Touch,6.0,4
360 Secure Browser,(not set),3
Chrome,103.0,3
Chrome,111.0,3
Firefox,113.0,3
Microsoft Edge,122.0,3
Firefox,127.0,3
Chrome,127.0,3
Safari,17.5,3
Safari,18.2,3
Chrome,71.0,3
Opera,91.0,3
Microsoft Edge,92.0,3
Chrome,95.0,3
(not set),(not set),2
Chrome,100.0,2
Microsoft Edge,100.0,2
Microsoft Edge,104.0,2
Chrome,105.0,2
Microsoft Edge,106.0,2
Firefox,107.0,2
Microsoft Edge,108.0,2
Microsoft Edge,111.0,2
Microsoft Edge,112.0,2
Microsoft Edge,115.0,2
Huawei Browser,12.1,2
Mobile App,124.0,2
Microsoft Edge,124.0,2
Chrome,129.0,2
QQ Browser,13.2,2
Mobile App,131.0,2
Microsoft Edge,132.0,2
Mobile Silk,138.4,2
Avast Secure Browser,139.0,2
Chrome,141.0,2
Safari,15.0,2
Huawei Browser Mobile,16.0,2
Safari,16.2,2
Safari,16.6,2
Safari,17.4,2
Safari,18.1,2
MIUI Browser,19.5,2
Yandex Browser,24.10,2
Yandex Browser,24.7,2
Yandex Browser,25.2,2
Yandex Browser,25.4,2
QtWebEngine,6.9,2
Chrome,78.0,2
Opera,79.0,2
Chrome,79.0,2
Chrome,94.0,2
Microsoft Edge,99.0,2
Safari,(not set),1
Firefox,101.0,1
Chrome,104.0,1
Microsoft Edge,109.0,1
Chrome,112.0,1
Opera,115.0,1
Firefox,117.0,1
Chrome,118.0,1
Chrome,124.0,1
Microsoft Edge,125.0,1
Mobile App,126.0,1
Firefox,128.9,1
QQ Browser,13.0,1
QQ Browser,13.5,1
QQ Browser,13.6,1
Microsoft Edge,134.0,1
Firefox,135.0,1
Firefox,138.0,1
Microsoft Edge,139,1
Norton Private Browser,139.0,1
Mobile App,139.0,1
CCleaner,139.0,1
Microsoft Edge,15.15063,1
Safari,15.2,1
Safari,16.3,1
Safari,16.5,1
Safari,17.0,1
Safari,17.2,1
Safari,17.3,1
Microsoft Edge,18.18363,1
Safari,18.4,1
MIUI Browser,20.2,1
Yandex Browser,23.5,1
Samsung Browser,28.0,1
Whale Browser,4.33,1
Firefox,5.0,1
QQ Browser,6.2,1
QtWebEngine,6.8,1
Chrome,63.0,1
Chrome,69.0,1
Chrome,83.0,1
Mobile App,90.0,1
Opera,95.0,1
Firefox,97.0,1
Mobile App,97.0,1
