name,visitors,pageviews,bounce_rate,time_on_page,scroll_depth
/3.12/,734,924,62,31,76
/3.12/tutorial/index.html,387,425,73,32,45
/3.12/whatsnew/3.12.html,282,284,84,41,16
/3.12/using/windows.html,255,274,85,28,21
/3.12/search.html,228,314,46,24,44
/3.12/library/index.html,204,226,46,40,37
/3.12/library/stdtypes.html,187,202,82,41,41
/3.12/library/functions.html,181,180,90,68,49
/3.12/index.html,154,156,63,14,73
/3.12/tutorial/,111,137,54,40,51
/3.12/tutorial/interpreter.html,96,89,65,76,73
/3.12/download.html,95,88,73,11,79
/3.12/library/,90,92,68,41,29
/3.12/library/typing.html,77,92,79,22,44
/3.12/library/2to3.html,75,79,88,133,40
/3.12/library/datetime.html,74,73,84,97,50
/3.12/reference/index.html,72,66,33,80,51
/zh-cn/3.12/,72,90,36,14,83
/3.12/tutorial/introduction.html,69,70,79,109,63
/zh-cn/3.12/library/index.html,69,99,39,27,48
/3.12/installing/index.html,67,67,69,45,62
/3.12/tutorial/appetite.html,60,54,73,53,78
/zh-cn/3.12/tutorial/index.html,60,73,74,39,55
/3.12/library/os.html,58,53,90,36,34
/3.12/py-modindex.html,58,56,30,14,32
/3.12/library/exceptions.html,54,54,84,25,48
/3.12/glossary.html,49,56,40,40,46
/3.12/library/pathlib.html,49,47,67,53,57
/3.12/tutorial/controlflow.html,46,48,75,123,36
/3.12/using/index.html,46,47,25,9,42
/3.12/genindex.html,42,34,0,1,96
/3.12/library/telnetlib.html,42,38,81,21,62
/3.12/library/re.html,41,40,79,40,45
/3.12/tutorial/datastructures.html,41,40,78,77,49
/3.12/whatsnew/index.html,41,34,80,4,9
/zh-cn/3.12/index.html,41,45,44,29,78
/3.12/howto/index.html,38,31,25,9,67
/3.12/library/tkinter.html,37,40,79,60,40
/3.12/library/subprocess.html,36,38,65,23,27
/3.12/library/asyncio.html,35,46,35,22,71
/3.12/library/math.html,35,34,94,28,44
/zh-cn/3.12/library/functions.html,35,40,65,49,34
/3.12/reference/compound_stmts.html,32,25,88,52,48
/3.12/reference/datamodel.html,32,30,57,60,57
/zh-cn/3.12/library/stdtypes.html,32,29,58,63,34
/zh-cn/3.12/search.html,32,42,33,29,57
/3.12/contents.html,31,37,44,98,12
/3.12/library/itertools.html,31,31,87,113,43
/3.12/library/logging.html,31,36,85,99,50
/3.12/library/asyncio-task.html,30,30,67,147,60
/zh-cn/3.12/using/mac.html,30,31,93,20,58
/3.12/library/io.html,29,26,93,50,54
/3.12/library/os.path.html,28,29,88,30,71
/3.12/library/string.html,28,24,64,63,47
/3.12/library/random.html,26,28,91,31,43
/3.12/library/idle.html,25,28,79,27,43
/zh-cn/3.12/download.html,25,19,100,35,88
/zh-cn/3.12/whatsnew/3.12.html,23,34,82,86,31
/3.12/library/collections.html,22,19,100,80,52
/3.12/license.html,22,20,29,19,10
/3.12/using/cmdline.html,22,18,100,131,43
/zh-cn/3.12/library/heapq.html,22,25,86,41,69
/3.12/library/argparse.html,21,18,73,43,51
/es/3.12/tutorial/index.html,21,25,50,30,61
/zh-cn/3.12/reference/index.html,21,27,33,162,78
/3.12/extending/index.html,20,17,50,30,57
/3.12/reference/lexical_analysis.html,20,18,40,55,58
/3.12/library/json.html,19,16,88,29,36
/3.12/reference/simple_stmts.html,19,18,33,54,68
/3.12/tutorial/inputoutput.html,19,17,80,67,69
/3.12/library/enum.html,18,17,56,35,34
/3.12/library/time.html,18,15,100,22,51
/zh-cn/3.12/library/logging.html,18,21,77,114,54
/zh-cn/3.12/tutorial/interpreter.html,18,12,100,79,83
/zh-cn/3.12/using/windows.html,18,16,100,49,35
/3.12/library/dataclasses.html,17,15,91,13,25
/3.12/tutorial/venv.html,17,12,60,55,73
/zh-tw/3.12/using/mac.html,17,17,88,19,71
/3.12/library/intro.html,16,14,50,79,64
/3.12/library/multiprocessing.html,16,16,60,60,38
/3.12/library/sys.html,16,13,60,40,37
/3.12/tutorial/modules.html,16,33,75,74,48
/3.12/library/csv.html,15,18,71,226,53
/3.12/library/tomllib.html,15,13,67,30,54
/3.12/library/turtle.html,15,17,80,77,56
/zh-cn/3.12/library/collections.html,15,14,75,237,34
/zh-cn/3.12/tutorial/appetite.html,15,13,50,44,84
/3.12/library/unittest.mock.html,14,18,75,7154,36
/fr/3.12/library/stdtypes.html,14,15,92,133,10
/zh-cn/3.12/library/asyncio-task.html,14,14,82,35,29
/zh-cn/3.12/library/asyncio.html,14,15,86,92,79
/zh-cn/3.12/library/multiprocessing.html,14,15,92,93,21
/zh-cn/3.12/library/typing.html,14,11,100,211,34
/zh-cn/3.12/tutorial/datastructures.html,14,13,57,65,50
/3.12/c-api/index.html,13,14,0,8,44
/3.12/distributing/index.html,13,16,0,4,100
/3.12/library/cgi.html,13,14,60,16,38
/3.12/library/sqlite3.html,13,13,100,39,31
/3.12/whatsnew/changelog.html,13,16,85,46,3
/zh-cn/3.12/library/re.html,13,15,78,72,47
