name,visitors
Tokyo,2090
Osaka,419
Kanagawa,303
Aichi,208
Saitama,158
Chiba,151
Hokkaido,96
Fukuoka,95
Kyoto,80
Hyogo,79
Ibaraki,53
Guangdong,52
Shizuoka,52
Okayama,42
Miyagi,35
Hiroshima,34
Okinawa,34
Tochigi,33
Niigata,33
Nagano,33
Jiangsu,30
Shanghai,23
Gunma,22
Sichuan,17
Gifu,17
Ehime,17
Kumamoto,17
Zhejiang,16
Liaoning,15
Shiga,15
Ishikawa,14
Nara,14
Mie,12
Fukushima,10
Yamanashi,10
Shandong,9
Henan,8
Iwate,8
Wakayama,8
Tokushima,8
Kagawa,8
Chongqing,7
Yamagata,7
Hubei,6
Fukui,6
Saga,6
Nagasaki,6
Oita,6
Miyazaki,6
Ho Chi Minh City,6
Zürich,5
Anhui,5
Fujian,5
Maharashtra,5
Toyama,5
Shimane,5
Yamaguchi,5
Kagoshima,5
California,5
New South Wales,4
Beijing,4
Yunnan,4
Aomori,4
Tottori,4
Gansu,3
Hebei,3
Heilongjiang,3
Hunan,3
Kochi,3
Seoul,3
Guizhou,2
Jiangxi,2
Inner Mongolia,2
Shaanxi,2
Tianjin,2
Galicia,2
Gyeonggi,2
Makkah,2
Taipei,2
Kyiv,2
Florida,2
Iowa,2
New Jersey,2
Vienna,1
Ontario,1
Quebec,1
Geneva,1
Guangxi,1
Hainan,1
Shanxi,1
Hesse,1
Île-de-France,1
England,1
East Kalimantan,1
Delhi,1
Puducherry,1
Akita,1
Kayin,1
Querétaro,1
Irkutsk,1
Moscow,1
Hsinchu,1
Colorado,1
Georgia,1
Maryland,1
Nevada,1
Oregon,1
Virginia,1
