property,value,visitors,events,percentage
url,(none),493575,532876,100.0
url,https://www.python.org/,112,131,0.0
url,https://github.com/python/peps/blob/main/peps/pep-0693.rst,20,22,0.0
url,https://github.com/python/peps/blob/main/peps/pep-0008.rst?plain=1,15,15,0.0
url,https://typing.python.org/en/latest/spec/directives.html#deprecated,15,17,0.0
url,https://packaging.python.org/en/latest/specifications/,13,15,0.0
url,https://docs.python.org/3.14/library/string.templatelib.html#template-strings,12,12,0.0
url,https://docs.python.org/3/reference/compound_stmts.html#annotations,12,12,0.0
url,https://github.com/python/peps/blob/main/peps/pep-0596.rst,12,13,0.0
url,https://docs.python.org/3.12/whatsnew/3.12.html,11,12,0.0
url,https://github.com/python/peps/blob/main/peps/pep-0619.rst,10,11,0.0
url,https://github.com/python/peps/blob/main/peps/pep-0664.rst,10,10,0.0
url,https://github.com/python/peps/blob/main/peps/pep-0745.rst,9,10,0.0
url,https://packaging.python.org/en/latest/specifications/inline-script-metadata/#inline-script-metadata,9,9,0.0
url,https://packaging.python.org/en/latest/specifications/pyproject-toml/#pyproject-toml-spec,9,10,0.0
url,https://www.pypa.io/en/latest/specifications/#handling-fixes-and-other-minor-updates,9,9,0.0
url,https://github.com/python/peps/blob/main/peps/pep-0790.rst,8,10,0.0
url,https://docs.python.org/3/reference/compound_stmts.html#match,7,7,0.0
url,https://github.com/python/peps/blob/main/peps/pep-0008.rst,7,8,0.0
url,https://groups.google.com/d/msg/comp.lang.python/B_VxeTBClM0/L8W9KlsiriUJ,7,7,0.0
url,https://packaging.python.org/en/latest/specifications/version-specifiers/#version-specifiers,7,7,0.0
url,http://barry.warsaw.us/software/STYLEGUIDE.txt,6,6,0.0
url,https://docs.python.org/3/library/stdtypes.html#types-union,6,6,0.0
url,https://github.com/python/peps/blob/main/peps/pep-0790.rst?plain=1,6,6,0.0
url,https://typing.python.org/en/latest/spec/callables.html#unpack-kwargs,6,7,0.0
url,https://typing.python.org/en/latest/spec/class-compat.html#override,6,6,0.0
url,https://typing.python.org/en/latest/spec/generics.html#self,6,6,0.0
url,https://typing.python.org/en/latest/spec/narrowing.html#typeis,6,6,0.0
url,https://discuss.python.org/t/104131,5,5,0.0
url,https://docs.python.org/3.13/library/warnings.html#warnings.deprecated,5,5,0.0
url,https://docs.python.org/3/library/stdtypes.html#types-genericalias,5,5,0.0
url,https://github.com/python/peps,5,6,0.0
url,https://github.com/python/peps/blob/main/peps/pep-0719.rst,5,5,0.0
url,https://packaging.python.org/en/latest/specifications/dependency-groups/#dependency-groups,5,5,0.0
url,https://packaging.python.org/en/latest/specifications/dependency-specifiers/#dependency-specifiers,5,5,0.0
url,https://typing.python.org/en/latest/spec/protocol.html#protocols,5,6,0.0
url,https://discuss.python.org/t/104854,4,4,0.0
url,https://github.com/python/peps/blob/main/peps/pep-0020.rst,4,4,0.0
url,https://github.com/python/peps/blob/main/peps/pep-0020.rst?plain=1,4,5,0.0
url,https://github.com/python/peps/blob/main/peps/pep-0263.rst,4,5,0.0
url,https://github.com/python/peps/blob/main/peps/pep-0619.rst?plain=1,4,4,0.0
url,https://github.com/python/peps/blob/main/peps/pep-0664.rst?plain=1,4,4,0.0
url,https://github.com/python/peps/blob/main/peps/pep-0745.rst?plain=1,4,5,0.0
url,https://packaging.python.org/en/latest/specifications/externally-managed-environments/#externally-managed-environments,4,4,0.0
url,https://packaging.python.org/en/latest/specifications/pylock-toml/#pylock-toml-spec,4,4,0.0
url,https://packaging.python.org/en/latest/specifications/simple-repository-api/#simple-repository-api,4,4,0.0
url,https://packaging.python.org/specifications/core-metadata/,4,4,0.0
url,https://pypi.org/project/python-magic/,4,5,0.0
url,https://typing.python.org/en/latest/spec/dataclasses.html#dataclass-transform,4,4,0.0
url,https://typing.python.org/en/latest/spec/generics.html#typevartuple,4,4,0.0
url,https://typing.python.org/en/latest/spec/meta.html,4,4,0.0
url,https://typing.python.org/en/latest/spec/narrowing.html#typeguard,4,4,0.0
url,https://discuss.python.org/t/84319/123,3,3,0.0
url,https://docs.python.org/3/library/concurrent.interpreters.html#module-concurrent.interpreters,3,3,0.0
url,https://docs.python.org/3/library/exceptions.html#lib-exception-groups,3,3,0.0
url,https://docs.python.org/3/library/typing.html#typing.TypeAlias,3,3,0.0
url,https://docs.python.org/3/library/typing.html#typing.TypeVarTuple,3,3,0.0
url,https://github.com/python/cpython/pull/141508,3,3,0.0
url,https://github.com/python/peps/blob/main/peps/pep-0005.rst,3,3,0.0
url,https://github.com/python/peps/blob/main/peps/pep-0263.rst?plain=1,3,4,0.0
url,https://github.com/toml-lang/toml,3,3,0.0
url,https://mail.python.org/archives/list/distutils-sig@python.org/,3,3,0.0
url,https://mail.python.org/archives/list/typing-sig@python.org/,3,3,0.0
url,https://mail.python.org/pipermail/python-3000/2007-July/008663.html,3,3,0.0
url,https://typing.python.org/en/latest/spec/generics.html#paramspec,3,3,0.0
url,https://typing.python.org/en/latest/spec/typeddict.html#typeddict,3,3,0.0
url,http://bugs.python.org/issue4202,2,2,0.0
url,http://docutils.sourceforge.net/rst.html,2,2,0.0
url,http://json.org/,2,2,0.0
url,http://mypy-lang.org/,2,2,0.0
url,http://pypi.python.org/pypi/python-daemon/,2,3,0.0
url,http://www.wikipedia.com/wiki/Camel_case,2,2,0.0
url,http://yaml.org/,2,2,0.0
url,https://bugs.python.org/issue526840,2,2,0.0
url,https://discuss.python.org/t/31151/15,2,2,0.0
url,https://discuss.python.org/t/53020,2,2,0.0
url,https://discuss.python.org/t/71348/111,2,2,0.0
url,https://discuss.python.org/t/84319,2,3,0.0
url,https://discuss.python.org/t/pep-596-python-3-9-release-schedule-doubling-the-release-cadence/1828,2,3,0.0
url,https://discuss.python.org/t/pep-695-type-parameter-syntax/21646/92,2,2,0.0
url,https://docs.python.org/3.9/distutils/apiref.html,2,2,0.0
url,https://docs.python.org/3/library/annotationlib.html#module-annotationlib,2,2,0.0
url,https://docs.python.org/3/library/typing.html#typing.Annotated,2,2,0.0
url,https://docs.python.org/3/library/typing.html#typing.Final,2,2,0.0
url,https://docs.python.org/3/library/typing.html#typing.ParamSpec,2,2,0.0
url,https://docs.python.org/3/library/typing.html#typing.TypeGuard,2,2,0.0
url,https://docs.python.org/3/library/zoneinfo.html#module-zoneinfo,2,2,0.0
url,https://docs.python.org/3/reference/datamodel.html#customizing-module-attribute-access,2,2,0.0
url,https://docs.python.org/3/reference/simple_stmts.html#type,2,2,0.0
url,https://github.com/ericvsmith/dataclasses,2,2,0.0
url,https://github.com/iritkatriel/finally/commits/main/README.md,2,2,0.0
url,https://github.com/pradeep90/annotation_collector#typed-projects---callable-type,2,2,0.0
url,https://github.com/python/peps/blob/main/peps/pep-0007.rst,2,4,0.0
url,https://github.com/python/peps/blob/main/peps/pep-0011.rst,2,2,0.0
url,https://github.com/python/peps/blob/main/peps/pep-0257.rst?plain=1,2,2,0.0
url,https://github.com/python/peps/blob/main/peps/pep-0407.rst,2,2,0.0
url,https://github.com/python/peps/blob/main/peps/pep-0484.rst?plain=1,2,2,0.0
url,https://github.com/python/peps/blob/main/peps/pep-0779.rst,2,2,0.0
url,https://github.com/python/typeshed,2,2,0.0
url,https://mail.python.org/archives/list/python-committers@python.org/thread/V3OZPJGA5VJFYM6XYGPZIVPOIYKX6KTD/,2,2,0.0
url,https://mail.python.org/archives/list/python-dev@python.org/,2,2,0.0
url,https://mail.python.org/mailman/listinfo/doc-sig,2,2,0.0
url,https://mail.python.org/pipermail/distutils-sig/2015-November/027868.html,2,2,0.0
url,https://mail.python.org/pipermail/python-dev/2006-February/060793.html,2,2,0.0
url,https://mail.python.org/pipermail/python-dev/2013-March/125003.html,2,2,0.0
url,https://mail.python.org/pipermail/python-dev/2018-July/154601.html,2,2,0.0
url,https://packaging.python.org/en/latest/discussions/versioning/#runtime-version-access,2,2,0.0
url,https://packaging.python.org/en/latest/specifications/binary-distribution-format/#binary-distribution-format,2,2,0.0
url,https://packaging.python.org/en/latest/specifications/core-metadata/#core-metadata,2,2,0.0
url,https://pypi.org/project/filetype/,2,3,0.0
url,https://pypi.org/project/telnetlib3/,2,2,0.0
url,https://setuptools.readthedocs.io/en/latest/setuptools.html#metadata,2,2,0.0
url,https://spdx.dev/,2,2,0.0
url,https://spdx.dev/ids/,2,2,0.0
url,https://spdx.github.io/spdx-spec/v2.2.2/SPDX-license-expressions/,2,2,0.0
url,https://typing.python.org/en/latest/spec/,2,2,0.0
url,https://typing.python.org/en/latest/spec/aliases.html#type-aliases,2,2,0.0
url,https://typing.python.org/en/latest/spec/distributing.html#packaging-typed-libraries,2,2,0.0
url,https://typing.python.org/en/latest/spec/generics.html#type-parameter-defaults,2,2,0.0
url,https://typing.python.org/en/latest/spec/literal.html#literal-types,2,2,0.0
url,https://typing.python.org/en/latest/spec/literal.html#literalstring,2,2,0.0
url,https://www.pypa.io/en/latest/specifications/#specification-update-process,2,2,0.0
url,https://www.youtube.com/watch?v=FByM0r-VOLc,2,2,0.0
url,http://aspn.activestate.com/ASPN/Cookbook/Python/Recipe/442418,1,1,0.0
url,http://bugs.python.org/issue13052,1,1,0.0
url,http://bugs.python.org/issue18532,1,1,0.0
url,http://bugs.python.org/issue21387,1,1,0.0
url,http://bugs.python.org/issue24400,1,1,0.0
url,http://bugs.python.org/issue27243,1,1,0.0
url,http://csrc.nist.gov/encryption/modes/,1,2,0.0
url,http://docs.python.org/3/install,1,1,0.0
url,http://docs.python.org/3/library/importlib.html#module-importlib,1,1,0.0
url,http://docs.python.org/3/reference/import.html,1,1,0.0
url,http://docs.python.org/reference/expressions.html#list-displays,1,1,0.0
url,http://docutils.sourceforge.net/,1,1,0.0
url,http://docutils.sourceforge.net/docs/ref/rst/restructuredtext.html,1,1,0.0
url,http://en.wikipedia.org/wiki/Dead_Parrot_sketch,1,1,0.0
url,http://hg.python.org/features/pep-443/file/tip/Lib/functools.py#l359,1,1,0.0
url,http://mathworld.wolfram.com/Skewness.html,1,1,0.0
url,http://packages.python.org/distribute/,1,1,0.0
url,http://peak.telecommunity.com/DevCenter/setuptools,1,1,0.0
url,http://peak.telecommunity.com/PyProtocols.html,1,1,0.0
url,http://pike.lysator.liu.se/docs/man/chapter_3.html#3.5,1,1,0.0
url,http://rosettacode.org/wiki/Standard_deviation,1,1,0.0
url,http://stackoverflow.com/questions/2341340/calculate-mean-and-variance-with-one-iteration,1,1,0.0
url,http://support.casio.com/pdf/004/CP330PLUSver310_Soft_E.pdf,1,1,0.0
url,http://ucsu.colorado.edu/~bethard/py/decorators-output.py,1,1,0.0
url,http://web.archive.org/web/20070603221429/http://maxrepo.info/,1,1,0.0
url,http://web.archive.org/web/20070730120117/http://oakwinter.com/code/typecheck/,1,1,0.0
url,http://wiki.tcl.tk/902,1,1,0.0
url,http://www.gnu.org/software/gsl/manual/html_node/Mean-and-standard-deviation-and-variance.html,1,1,0.0
url,http://www.nruns.com/_downloads/advisory28122011.pdf,1,1,0.0
url,http://www.python.org/moin/PythonDecorators,1,1,0.0
url,http://www.python.org/sigs/db-sig,1,1,0.0
url,http://www.python.org/sigs/doc-sig/,1,1,0.0
url,http://www.syllable.org/discussion.php?id=2320,1,1,0.0
url,http://www.virtualenv.org/,1,1,0.0
url,https://beeware.org/,1,1,0.0
url,https://bitbucket.org/larsyencken/simplestats/src/c42e048a6625/src/basic.py,1,1,0.0
url,https://bitbucket.org/scons/scons/src/c8dbbaa4598e7119ae80f72068386be105b5ad98/src/engine/SCons/Platform/win32.py?at=default#cl-68,1,1,0.0
url,https://btrfs.readthedocs.io/,1,1,0.0
url,https://bugs.python.org/issue36144,1,1,0.0
url,https://bugs.python.org/issue39481,1,1,0.0
url,https://bugs.python.org/issue534304,1,1,0.0
url,https://civs.cs.cornell.edu/,1,1,0.0
url,https://datatracker.ietf.org/doc/html/rfc2616.html,1,1,0.0
url,https://datatracker.ietf.org/doc/html/rfc7515.html,1,1,0.0
url,https://datatracker.ietf.org/doc/html/rfc8478.html,1,1,0.0
url,https://devguide.python.org/devcycle/,1,1,0.0
url,https://devguide.python.org/getting-started/setup-building/#emscripten,1,1,0.0
url,https://devguide.python.org/stdlibchanges/,1,1,0.0
url,https://devguide.python.org/triage/triaging/index.html,1,1,0.0
url,https://discuss.python.org/t/10302/44,1,1,0.0
url,https://discuss.python.org/t/13508/22,1,1,0.0
url,https://discuss.python.org/t/2154,1,1,0.0
url,https://discuss.python.org/t/23149/16,1,1,0.0
url,https://discuss.python.org/t/28457/,1,1,0.0
url,https://discuss.python.org/t/43432/222,1,1,0.0
url,https://discuss.python.org/t/60408,1,1,0.0
url,https://discuss.python.org/t/77293/150,1,1,0.0
url,https://discuss.python.org/t/77900/,1,1,0.0
url,https://discuss.python.org/t/78779,1,1,0.0
url,https://discuss.python.org/t/99910/,1,1,0.0
url,https://discuss.python.org/t/accepting-pep-654-exception-groups-and-except/10813/1,1,1,0.0
url,https://discuss.python.org/t/how-to-specify-dependencies-pep-508-strings-or-a-table-in-toml/5243/38,1,1,0.0
url,https://discuss.python.org/t/officially-appointing-the-returns-officer-for-the-steering-council-election/603,1,1,0.0
url,https://discuss.python.org/t/pep-2026-calendar-versioning-for-python/55782/126,1,1,0.0
url,https://discuss.python.org/t/pep-561-clarification-regarding-n/32875,1,1,0.0
url,https://discuss.python.org/t/pep-561-clarification-regarding-n/32875/27,1,1,0.0
url,https://discuss.python.org/t/pep-602-annual-release-cycle-for-python/2296/,1,1,0.0
url,https://discuss.python.org/t/pep-603-adding-a-frozenmap-type-to-collections/2318/,1,1,0.0
url,https://discuss.python.org/t/pep-678-enriching-exceptions-with-notes/13374/100,1,1,0.0
url,https://discuss.python.org/t/pep-690-lazy-imports/15474,1,1,0.0
url,https://discuss.python.org/t/pep-701-syntactic-formalization-of-f-strings/22046/119,1,1,0.0
url,https://discuss.python.org/t/pep-702-marking-deprecations-using-the-type-system/23036/61,1,1,0.0
url,https://discuss.python.org/t/pep-703-making-the-global-interpreter-lock-optional-in-cpython-acceptance/37075,1,2,0.0
url,https://discuss.python.org/t/pep-732-the-python-documentation-editorial-board/36710,1,4,0.0
url,https://discuss.python.org/t/pep-732-the-python-documentation-editorial-board/36710/8,1,1,0.0
url,https://discuss.python.org/t/pep-732-the-python-documentation-editorial-board/36710/9,1,1,0.0
url,https://discuss.python.org/t/pep-734-multiple-interpreters-in-the-stdlib/41147,1,1,0.0
url,https://discuss.python.org/t/pep-740-index-support-for-digital-attestations/44498/26,1,1,0.0
url,https://discuss.python.org/t/pep-741-python-configuration-c-api-second-version/45403,1,1,0.0
url,https://discuss.python.org/t/pep-742-narrowing-types-with-typenarrower/45613,1,1,0.0
url,https://discuss.python.org/t/pep-744-jit-compilation/50756,1,1,0.0
url,https://discuss.python.org/t/pep-749-implementing-pep-649/54974/66,1,1,0.0
url,https://discuss.python.org/t/pep-765-disallow-return-break-continue-that-exit-a-finally-block/71348,1,1,0.0
url,https://discuss.python.org/t/pep-765-disallow-return-break-continue-that-exit-a-finally-block/71348/32,1,1,0.0
url,https://discuss.python.org/t/pep-799-a-dedicated-profilers-package-for-organizing-python-profiling-tool/100898,1,1,0.0
url,https://discuss.python.org/t/pep-8001-public-or-private-ballots/374/20,1,1,0.0
url,https://discuss.python.org/t/pep-810-explicit-lazy-imports/104131/466,1,1,0.0
url,https://discuss.python.org/t/pep-814-add-frozendict-built-in-type/104854/37,1,1,0.0
url,https://discuss.python.org/t/sentinel-values-in-the-stdlib/8810/,1,1,0.0
url,https://discuss.python.org/t/the-next-manylinux-specification/1043,1,1,0.0
url,https://dl.acm.org/doi/10.1145/3485513,1,1,0.0
url,https://docs.pypi.org/attestations/,1,1,0.0
url,https://docs.python.org/3.11/c-api/intro.html#reference-counts,1,1,0.0
url,https://docs.python.org/3.11/howto/isolating-extensions.html,1,1,0.0
url,https://docs.python.org/3.11/whatsnew/3.11.html#faster-cpython,1,1,0.0
url,https://docs.python.org/3.12/library/imghdr.html#module-imghdr,1,1,0.0
url,https://docs.python.org/3.12/library/telnetlib.html#module-telnetlib,1,1,0.0
url,https://docs.python.org/3.13/library/typing.html#typing.TypeIs,1,1,0.0
url,https://docs.python.org/3.13/reference/compound_stmts.html#type-params,1,1,0.0
url,https://docs.python.org/3.14/howto/remote_debugging.html#remote-debugging,1,1,0.0
url,https://docs.python.org/3.14/library/math.html#math.isqrt,1,1,0.0
url,https://docs.python.org/3.14/reference/compound_stmts.html#finally,1,1,0.0
url,https://docs.python.org/3.7/tutorial/controlflow.html#more-on-defining-functions,1,1,0.0
url,https://docs.python.org/3.9/library/distutils.html,1,1,0.0
url,https://docs.python.org/3/c-api/stable.html#stable,1,1,0.0
url,https://docs.python.org/3/glossary.html#term-reference-count,1,1,0.0
url,https://docs.python.org/3/library/profile.html#module-profile,1,1,0.0
url,https://docs.python.org/3/library/stdtypes.html#printf-style-string-formatting,1,1,0.0
url,https://docs.python.org/3/library/subprocess.html#module-subprocess,1,1,0.0
url,https://docs.python.org/3/library/tarfile.html#tarfile-extraction-filter,1,1,0.0
url,https://docs.python.org/3/library/typing.html#typing.LiteralString,1,1,0.0
url,https://docs.python.org/3/library/typing.html#typing.NotRequired,1,1,0.0
url,https://docs.python.org/3/library/typing.html#typing.Required,1,1,0.0
url,https://docs.python.org/3/library/typing.html#typing.Self,1,1,0.0
url,https://docs.python.org/3/library/typing.html#typing.TYPE_CHECKING,1,1,0.0
url,https://docs.python.org/3/library/typing.html#typing.dataclass_transform,1,2,0.0
url,https://docs.python.org/3/library/typing.html#typing.override,1,1,0.0
url,https://docs.python.org/3/reference/compound_stmts.html#except-star,1,1,0.0
url,https://docs.python.org/3/reference/compound_stmts.html#type-params,1,1,0.0
url,https://docs.python.org/3/reference/datamodel.html#python-buffer-protocol,1,1,0.0
url,https://docs.python.org/3/reference/simple_stmts.html#annassign,1,1,0.0
url,https://docs.python.org/3/tutorial/errors.html#tut-exception-groups,1,1,0.0
url,https://docs.python.org/3/using/android.html#using-android,1,1,0.0
url,https://docs.python.org/3/using/windows.html#windows-embeddable,1,1,0.0
url,https://docs.python.org/3/using/windows.html#windows-nuget,1,1,0.0
url,https://docutils.sourceforge.io/,1,1,0.0
url,https://dotty.epfl.ch/docs/reference/new-types/union-types.html,1,1,0.0
url,https://en.wikipedia.org/wiki/Finite_set,1,1,0.0
url,https://en.wikipedia.org/wiki/Gibbard%E2%80%93Satterthwaite_theorem,1,1,0.0
url,https://en.wikipedia.org/wiki/ZFS,1,1,0.0
url,https://facebook.github.io/zstd/,1,1,0.0
url,https://facebook.github.io/zstd/#references,1,1,0.0
url,https://flit.readthedocs.io/en/latest/pyproject_toml.html#metadata-section,1,1,0.0
url,https://github.com/GrahamDumpleton/mod_wsgi,1,1,0.0
url,https://github.com/Rapptz/discord.py,1,1,0.0
url,https://github.com/Rosuav/cpython/tree/assignment-expressions,1,1,0.0
url,https://github.com/benfogle/crossenv,1,1,0.0
url,https://github.com/ceph/ceph/pull/14971,1,1,0.0
url,https://github.com/colesbury/nogil,1,1,0.0
url,https://github.com/colesbury/nogil-3.12,1,1,0.0
url,https://github.com/emmatyping/check_typedpkg,1,1,0.0
url,https://github.com/ericvsmith/dataclasses/issues/19,1,1,0.0
url,https://github.com/ericvsmith/dataclasses/issues/28,1,1,0.0
url,https://github.com/iritkatriel/finally/blob/main/scripts/ast_analysis.py,1,1,0.0
url,https://github.com/kvbik/rvirtualenv,1,1,0.0
url,https://github.com/pypa/pip/pull/8212,1,1,0.0
url,https://github.com/pypa/pypi-support/issues,1,1,0.0
url,https://github.com/pypa/pypi-support/issues/new?labels=PEP+541&template=pep541-request.yml&title=PEP+541+Request%3A+PROJECT_NAME,1,1,0.0
url,https://github.com/pypa/setuptools/discussions/4220#discussioncomment-8930671,1,1,0.0
url,https://github.com/pypy/pypy/tree/d102094b863ce49b7af030dcb0cecaac515d97c6/lib_pypy/pyrepl,1,1,0.0
url,https://github.com/python/,1,1,0.0
url,https://github.com/python/cpython/blob/80a9ba537f1f1666a9e6c5eceef4683f86967a1f/Include/object.h#L107,1,1,0.0
url,https://github.com/python/cpython/issues/56991,1,1,0.0
url,https://github.com/python/cpython/issues/81276,1,1,0.0
url,https://github.com/python/cpython/issues/85034,1,1,0.0
url,https://github.com/python/cpython/issues/88067,1,1,0.0
url,https://github.com/python/cpython/pull/113465,1,1,0.0
url,https://github.com/python/cpython/pull/4390,1,2,0.0
url,https://github.com/python/docs-community/blame/main/docs/workgroup/workgroup_charter.rst,1,1,0.0
url,https://github.com/python/editorial-board/,1,2,0.0
url,https://github.com/python/mypy/issues/7981,1,1,0.0
url,https://github.com/python/peps/blob/main/peps/pep-0002.rst,1,1,0.0
url,https://github.com/python/peps/blob/main/peps/pep-0005.rst?plain=1,1,1,0.0
url,https://github.com/python/peps/blob/main/peps/pep-0013.rst?plain=1,1,1,0.0
url,https://github.com/python/peps/blob/main/peps/pep-0247.rst,1,1,0.0
url,https://github.com/python/peps/blob/main/peps/pep-0248.rst,1,1,0.0
url,https://github.com/python/peps/blob/main/peps/pep-0257.rst,1,1,0.0
url,https://github.com/python/peps/blob/main/peps/pep-0305.rst,1,1,0.0
url,https://github.com/python/peps/blob/main/peps/pep-0305.rst?plain=1,1,1,0.0
url,https://github.com/python/peps/blob/main/peps/pep-0378.rst?plain=1,1,1,0.0
url,https://github.com/python/peps/blob/main/peps/pep-0394.rst,1,1,0.0
url,https://github.com/python/peps/blob/main/peps/pep-0420.rst?plain=1,1,1,0.0
url,https://github.com/python/peps/blob/main/peps/pep-0434.rst,1,1,0.0
url,https://github.com/python/peps/blob/main/peps/pep-0505.rst,1,1,0.0
url,https://github.com/python/peps/blob/main/peps/pep-0505.rst?plain=1,1,1,0.0
url,https://github.com/python/peps/blob/main/peps/pep-0517.rst,1,1,0.0
url,https://github.com/python/peps/blob/main/peps/pep-0526.rst,1,1,0.0
