name,unique_exits,total_exits,exit_rate
/ja/latest/guides/installing-using-pip-and-virtual-environments/,59,59,
/ja/latest/tutorials/installing-packages/,56,58,
/ja/latest/guides/writing-pyproject-toml/,54,54,
/ja/latest/discussions/src-layout-vs-flat-layout/,15,16,
/ja/latest/tutorials/packaging-projects/,7,7,
/ja/latest/guides/distributing-packages-using-setuptools/,4,4,
/ja/latest/specifications/core-metadata/,4,3,
/ja/latest/specifications/dependency-specifiers/,4,4,
/ja/latest/tutorials/managing-dependencies/,4,4,
/en/latest/,3,2,
/en/latest/overview/,3,2,
/en/latest/tutorials/installing-packages/,3,3,
/ja/latest/discussions/setup-py-deprecated/,3,3,
/ja/latest/guides/packaging-namespace-packages/,3,3,
/ja/latest/specifications/entry-points/,3,3,
/ja/latest/specifications/simple-repository-api/,3,3,
/en/latest/guides/writing-pyproject-toml/,2,2,
/en/latest/specifications/entry-points/,2,2,
/en/latest/tutorials/packaging-projects/,2,2,
/ja/latest/,2,2,
/ja/latest/discussions/versioning/,2,2,
/ja/latest/flow/,2,2,
/ja/latest/glossary/,2,2,
/ja/latest/guides/creating-and-discovering-plugins/,2,3,
/ja/latest/guides/installing-using-linux-tools/,2,2,
/ja/latest/guides/making-a-pypi-friendly-readme/,2,2,
/ja/latest/guides/section-build-and-publish/,2,2,
/ja/latest/overview/,2,2,
/ja/latest/specifications/platform-compatibility-tags/,2,2,
/ja/latest/specifications/version-specifiers/,2,2,
/en/latest/discussions/versioning/,1,1,
/en/latest/guides/dropping-older-python-versions/,1,1,
/en/latest/specifications/externally-managed-environments/,1,1,
/en/latest/tutorials/managing-dependencies/,1,0,
/ja/latest/discussions/distribution-package-vs-import-package/,1,1,
/ja/latest/discussions/install-requires-vs-requirements/,1,1,
/ja/latest/discussions/single-source-version/,1,1,
/ja/latest/genindex/,1,1,
/ja/latest/guides/analyzing-pypi-package-downloads/,1,1,
/ja/latest/guides/dropping-older-python-versions/,1,1,
/ja/latest/guides/index-mirrors-and-caches/,1,1,
/ja/latest/guides/installing-stand-alone-command-line-tools/,1,1,
/ja/latest/guides/modernize-setup-py-project/,1,1,
/ja/latest/guides/publishing-package-distribution-releases-using-github-actions-ci-cd-workflows/,1,1,
/ja/latest/guides/using-manifest-in/,1,1,
/ja/latest/specifications/,1,1,
/ja/latest/specifications/binary-distribution-format/,1,1,
/ja/latest/specifications/dependency-groups/,1,1,
/ja/latest/specifications/externally-managed-environments/,1,1,
/ja/latest/specifications/glob-patterns/,1,1,
/ja/latest/specifications/inline-script-metadata/,1,1,
/ja/latest/specifications/license-expression/,1,1,
/ja/latest/specifications/name-normalization/,1,1,
/ja/latest/specifications/pyproject-toml/,1,1,
/ja/latest/specifications/recording-installed-packages/,1,1,
/pt-br/latest/glossary/,1,1,
/tutorials/packaging-projects/,1,1,
