name,visitors
Île-de-France,735
Auvergne-Rhône-Alpes,138
Provence-Alpes-Côte-d'Azur,123
Occitanie,85
Nouvelle-Aquitaine,78
Hauts-de-France,70
Brittany,54
Pays-de-la-Loire,53
Grand-Est,49
Quebec,40
Abidjan,40
Kinshasa,28
Normandie,27
Burgundy-Franche-Comté,26
Centre-Val de Loire,26
Dakar,20
Wallonia,15
Brussels,13
Tunis,13
Bamako,11
Vaud,10
Algiers,10
Meknès-Tafilalet,10
Littoral,9
England,9
North Holland,9
Centre,8
Littoral,8
Taza-Al Hoceima-Taounate,8
Oriental,8
Ontario,7
Centre,6
Saxony,6
Constantine,6
Luxembourg,6
Chaouia-Ouardigha,6
Maritime,6
Bern,5
Zürich,5
Conakry,5
NC-S,5
Oregon,5
Mono,4
Haut-Katanga,4
Lower Saxony,4
Sétif,4
Rabat-Salé-Zemmour-Zaer,4
California,4
New Brunswick,3
Brazzaville,3
Fribourg,3
Geneva,3
Neuchâtel,3
Guelma,3
Corse,3
Estuaire,3
Ouest,3
Tangier-Tétouan,3
Quintana Roo,3
South Holland,3
Lima,3
Mazovia,3
Texas,3
Chaco,2
Tyrol,2
Minas Gerais,2
Adamawa,2
West,2
Distrito Nacional,2
Béjaïa,2
Tizi Ouzou,2
Madrid Autonomous Community,2
Uusimaa,2
Budapest,2
Tel Aviv,2
Tamil Nadu,2
Veneto,2
Chihuahua,2
Metro Manila,2
Lisbon,2
Iowa,2
North Carolina,2
Tennessee,2
Virginia,2
Dubai,1
Flanders,1
Bujumbura,1
São Paulo,1
Alberta,1
Sud-Ubangi,1
Sangha,1
Solothurn,1
Santiago Metropolitan,1
Northwest,1
Guangdong,1
Henan,1
Hesse,1
Chlef,1
Annaba,1
Oran,1
Cairo,1
Scotland,1
Kindia Region,1
Faranah Region,1
Leinster,1
Kerala,1
Maharashtra,1
Emilia-Romagna,1
Lazio,1
Osaka,1
Grande Comore,1
South Gyeongsang,1
Gharb-Chrarda-Béni Hssen,1
Fès-Boulemane,1
Mexico State,1
Zinder,1
Niamey,1
Lima Region,1
Puno,1
Braşov,1
Dolj,1
Beograd,1
Moscow,1
Perm Krai,1
Tatarstan,1
N'Djamena,1
Ariana,1
Ben Arous,1
Nabeul,1
Béja,1
Sousse,1
Mahdia,1
Alabama,1
Connecticut,1
New Hampshire,1
New York,1
Ohio,1
Washington,1
Wisconsin,1
Ho Chi Minh City,1
