name,visitors
Moscow,2151
Bengaluru,2003
Singapore,1940
New York City,1807
Paris,1716
Tokyo,1671
London,1671
Frankfurt am Main,1525
Hyderabad,1410
Chennai,1398
Mumbai,1329
San Jose,1290
Amsterdam,1223
Chicago,1221
Warsaw,1167
Sydney,1070
Munich,1043
Toronto,1038
Madrid,952
Los Angeles,946
São Paulo,893
Melbourne,833
Pune,791
Ashburn,756
Berlin,747
Seattle,737
Stockholm,736
Hong Kong,734
Vienna,717
Tel Aviv,713
Dublin,690
Zürich,666
New Delhi,659
Taipei,658
Ho Chi Minh City,639
Beijing,635
Milan,628
Shanghai,617
Montréal,615
Atlanta,607
Saint Petersburg,588
Helsinki,575
San Francisco,562
Reston,535
Delhi,534
Prague,528
Manchester,503
Kyiv,502
Budapest,490
Boston,482
Guangzhou,464
Copenhagen,454
Bogotá,438
Austin,436
Barcelona,427
Denver,422
Hamburg,408
Bangkok,406
Oslo,400
Istanbul,390
Hanoi,385
Kolkata,379
Brisbane,378
Göteborg,376
Lisbon,371
Rio de Janeiro,366
Nairobi,355
Brussels,351
Lima,348
Osaka,341
Cairo,337
Brooklyn,333
Lagos,328
Shenzhen,324
Santiago,324
Vancouver,324
San Diego,322
Jakarta,318
Ottawa,311
Houston,309
Rome,299
Washington,297
Düsseldorf,295
Medellín,294
Cambridge,294
Bucharest,293
Kuala Lumpur,279
Ithaca,279
Boardman,269
Lahore,267
Dallas,267
Marseille,266
Kraków,263
Minneapolis,254
Dubai,253
Auckland,252
Seoul,251
Pittsburgh,249
Athens,248
Coimbatore,244
Portland,244
N/A,244
Jersey City,243
Chengdu,242
Philadelphia,240
Calgary,240
Ahmedabad,239
Stuttgart,239
N/A,236
Minsk,234
Hangzhou,234
Tashkent,233
Miami,232
Perth,231
Berkeley,231
Brasília,228
Lucknow,227
Columbus,220
Wrocław,211
Santa Clara,207
Lyon,206
Sunnyvale,205
Jaipur,200
Phoenix,197
Edmonton,197
Belgrade,195
Gurgaon,195
Madison,194
Riyadh,193
Bhopāl,192
Köln,192
N/A,192
N/A,188
Boryspil,187
Charlotte,184
West Lafayette,184
Delft,178
Dhaka,176
Tallinn,175
Rotterdam,174
Lviv,173
Sofia,173
Victoria,173
Novosibirsk,171
Quezon City,170
Queens,170
Karachi,169
Taichung,169
Hsinchu,169
Curitiba,168
Adelaide,167
Cambridge,167
Rochester,166
Riga,165
Wandsworth,165
Tbilisi,164
Cochin,163
Krasnodar,161
Xi’an,161
Zagreb,161
Almaty,160
Ann Arbor,159
Indore,158
Dresden,158
Valencia,157
Chandīgarh,153
The Hague,153
Oakland,152
Salt Lake City,150
Wuhan,149
Tehran,148
Cape Town,148
Yekaterinburg,147
Belo Horizonte,147
Jeddah,146
Accra,146
San Antonio,145
Nur-Sultan,144
Johannesburg,143
Vilnius,142
Poznań,142
Camden Town,141
Mexico City,140
Nürnberg,139
Provo,139
Noida,139
Orlando,138
Lausanne,137
Edinburgh,136
Bratislava,136
Yerevan,134
Kaohsiung,134
Ljubljana,133
Fortaleza,133
Islamabad,132
Eindhoven,131
Raleigh,131
Colombo,130
Toulouse,128
Islington,126
Utrecht,125
Amman,124
Turin,124
Cupertino,124
Baltimore,123
Durham,123
Hamilton,123
Patna,122
Redmond,122
Brno,121
Fremont,121
Leeds,120
Fairfax,120
Espoo,119
Trondheim,119
Montevideo,119
Casablanca,118
Gdańsk,118
Lambeth,118
Zhengzhou,117
Birmingham,117
Surat,116
Tampa,115
Mountain View,115
Karlsruhe,114
Nizhniy Novgorod,113
Nanjing,113
N/A,113
Benito Juarez,113
Buenos Aires,112
Fulham,111
Nantes,111
Samara,110
Abuja,109
Campinas,109
Bhubaneshwar,108
College Station,108
Mississauga,108
Nagpur,106
Dehra Dūn,105
Glasgow,105
Las Vegas,105
Abu Dhabi,104
Slough,104
Winnipeg,103
Porto,102
City of Westminster,101
Burnaby,101
Kanpur,100
Antwerpen,99
College Park,99
St. Louis,99
Guadalajara,98
Tartu,97
N/A,97
Grenoble,97
Gustavo Adolfo Madero,97
Ankara,96
Leipzig,96
Addis Ababa,95
Bandung,95
Bristol,95
Taoyuan,93
Suzhou,92
Genève,92
Porto Alegre,92
Manila,91
Recife,91
Nagoya,90
Oxford,90
Essen,90
Aachen,90
Rostov-na-Donu,88
Kensington,88
Barnet,88
Naaldwijk,88
Bonn,88
Montpellier,88
Indianapolis,88
Chelyabinsk,87
Fort Worth,87
Baku,86
Odessa,86
Yokohama,86
Lund,86
Rennes,86
Madurai,85
N/A,85
Mannheim,85
Salvador,85
Waterloo,85
Bremen,83
San José,83
Saint Paul,83
Vijayawada,82
Nashville,82
Kitchener,82
Chongqing,81
Suwon,81
Málaga,81
