name,visitors
Seoul,222
Gyeonggi,136
Incheon,24
Busan,20
Daegu,18
South Gyeongsang,15
North Chungcheong,14
Daejeon,13
North Jeolla,11
South Chungcheong,9
North Gyeongsang,9
Gwangju City,7
Ulsan,6
Beijing,5
Jiangsu,5
Gangwon,4
South Jeolla,4
Fujian,3
Bavaria,3
Tokyo,3
Jeju,3
Kuala Lumpur,3
Guangdong,2
Shanghai,2
West Java,2
Sejong,2
Yerevan,1
Hubei,1
England,1
Uttar Pradesh,1
Chiba,1
Shizuoka,1
Al Asimah,1
Astana,1
Managua,1
Makkah,1
California,1
Illinois,1
Virginia,1
