name,visitors,bounce_rate,visit_duration
chatgpt.com,186,54,120
perplexity,20,30,99
ProgrammingPro Newsletter-PACKT250502003,9,67,108
hackernoon.com,8,100,0
zalo,7,86,1
devkoriel,3,100,0
ethicalads-placement,3,100,0
learn-ubuntu,3,0,60
ghost.codersera.com,2,50,116
learnxops.com,2,100,0
logotypus.com,2,0,141
producthunt,2,100,0
thedataschool.co.uk,2,50,49
007hi.com,1,100,0
DonanimHaber,1,0,160
alternativas.io,1,0,124
assemblyai.com,1,100,0
blog.min.io,1,100,0
blog.tericcabrel.com,1,100,0
edgehub,1,100,0
iasistentes,1,100,0
news.itsfoss.com,1,100,0
post_page-----12cbeeee7430---------------------------------------,1,0,204
post_page-----b030d96bcbd0---------------------------------------,1,100,0
stackshare,1,100,0
substack,1,100,0
ubidots_blog_en,1,100,0
unityflow.dev,1,100,0
