name,visitors,bounce_rate,visit_duration
python.org,7030,80,24
Direct / None,5165,83,65
Google,4176,85,46
docs.python.org,925,81,56
Bing,331,85,26
GitHub,286,86,45
DuckDuckGo,225,89,52
chatgpt.com,189,85,45
Yandex,130,91,55
Reddit,127,89,26
devguide.python.org,122,76,42
Brave,82,92,16
pypi.org,77,91,61
discuss.python.org,68,86,22
boot.dev,65,89,23
packaging.python.org,56,68,112
Microsoft Teams,55,90,41
docs.astral.sh,53,86,51
udemy.com,46,93,50
realpython.com,43,93,6
netacad.com,41,100,0
python.p2hp.com,38,84,13
cs50.harvard.edu,30,93,76
python-poetry.org,27,81,56
canvas.hull.ac.uk,26,58,542
Hacker News,25,92,68
docs.sqlalchemy.org,22,91,8
ru.hexlet.io,22,100,0
Ecosia,19,100,0
cs50.readthedocs.io,19,100,0
Wikipedia,17,89,1
numpydoc.readthedocs.io,17,88,74
Yahoo!,16,89,95
infoworld.com,16,88,32
qiita.com,16,94,13
typing.python.org,16,75,55
Facebook,15,93,9
pip.pypa.io,15,80,61
psycopg.org,15,100,0
courses.edx.org,14,100,0
go.bsky.app,14,73,40
setuptools.pypa.io,14,57,63
flake8rules.com,13,100,0
medium.com,13,100,0
LinkedIn,11,82,7
Twitter,11,100,0
codecademy.com,11,91,107
csic.adrformacion.com,11,91,62
ida.liu.se,11,83,7
link.zhihu.com,11,91,29
s3.eu-west-1.amazonaws.com,11,100,0
wsgi.readthedocs.io,11,91,57
habr.com,10,80,749
openclassrooms.com,10,75,663
pythonzen-pep8-exam.jp,10,60,46
edube.org,9,89,236
hackerrank.com,9,89,5
numpy.org,9,89,30
pymysql.readthedocs.io,9,78,64
Qwant,8,100,0
copilot.microsoft.com,8,56,187
Baidu,7,57,13
Perplexity,7,100,0
docs.pydantic.dev,7,57,280
google.github.io,7,100,0
hatch.pypa.io,7,71,63
jetbrains.com,7,100,0
palletsprojects.com,7,100,0
Amazon,6,83,3
StackOverflow,6,83,80
datacamp.com,6,100,0
docs.basedpyright.com,6,83,8
docs.renovatebot.com,6,83,4
docs.snowflake.com,6,83,0
freecodecamp.org,6,83,29
learn.snhu.edu,6,100,0
mypy-lang.org,6,71,6
Slack,5,100,0
Youtube,5,100,0
appacademy.io,5,100,0
chat.qwen.ai,5,100,0
cython.readthedocs.io,5,40,276
elearn.epam.com,5,80,28
forums.raspberrypi.com,5,100,0
l.workplace.com,5,100,0
lms.skillfactory.ru,5,100,0
metanit.com,5,100,0
my.sky.pro,5,83,1
namu.wiki,5,80,1
pep8-ja.readthedocs.io,5,80,8
pep8.org,5,100,0
pythoncheatsheet.org,5,100,0
pythoninsider.blogspot.com,5,80,16
blog.csdn.net,4,75,244
bugs.python.org,4,100,0
csiportal.celebaltech.com,4,100,0
docs.aiogram.dev,4,100,0
doubao.com,4,75,2
fishc.com.cn,4,100,0
free.appacademy.io,4,100,0
itnext.io,4,100,0
learn.microsoft.com,4,50,103
link.csdn.net,4,100,0
microsoft.github.io,4,100,0
moodle-campusvirtualcolombia.s3.amazonaws.com,4,75,372
mypy.readthedocs.io,4,75,254
pycoders.com,4,50,173
pydevtools.com,4,50,183
pylint.readthedocs.io,4,100,0
python-academy.org,4,75,7
sololearn.com,4,40,344
statics.gov.teams.microsoft.us,4,100,0
test.python.org,4,100,0
tox.wiki,4,100,0
tutti.prod.bloomberg.com,4,100,0
127.0.0.1,3,100,0
academy.hackthebox.com,3,100,0
akshare.akfamily.xyz,3,100,0
app.aluracursos.com,3,100,0
assets.scormproxy.com,3,100,0
bandersnatch.readthedocs.io,3,67,1
blog.edward-li.com,3,100,0
chromium.googlesource.com,3,33,199
cms.unir.net,3,50,14
code-basics.com,3,100,0
cursos.alura.com.br,3,100,0
docs.ros.org,3,60,439
endler.dev,3,100,0
excel-ubara.com,3,100,0
ilias.uni-halle.de,3,67,254
nicholashairs.com,3,33,246
notion.so,3,100,0
pdm-project.org,3,100,0
platform.openai.com,3,100,0
pymentor.org,3,100,0
python-forum.io,3,100,0
pythoncentral.io,3,100,0
pythonwheels.com,3,67,36
qna.habr.com,3,100,0
raspberrypi.com,3,100,0
slicer.readthedocs.io,3,100,0
sphinx-doc.org,3,100,0
turing.docebosaas.com,3,100,0
typing-extensions.readthedocs.io,3,100,0
www3.tuhh.de,3,100,0
Gmail,2,100,0
aip-ui.rp.foc.zone,2,100,0
alembic.sqlalchemy.org,2,100,0
app.circleci.com,2,100,0
app.qa.com,2,0,978
asgi.readthedocs.io,2,100,0
bazel.build,2,50,44
bbgithub.dev.bloomberg.com,2,100,0
benhoyt.com,2,100,0
bitbucket.org,2,100,0
blenderartists.org,2,100,0
blog.ezyang.com,2,50,702
bookstack.cn,2,50,899
bootcamp.pages.scitec.com,2,100,0
chat.baidu.com,2,50,558
chat.chatbotapp.ai,2,100,0
codeit.kr,2,100,0
confluence.dell.com,2,50,1212
confluence.raiffeisen.ru,2,100,0
confluence.sec.samsung.net,2,100,0
cpatl.atlassian.net,2,100,0
davepeck.org,2,50,38
dev.arie.bovenberg.net,2,100,0
developer.blender.org,2,100,0
developer.cisco.com,2,100,0
developer.vonage.com,2,100,0
dicoding.com,2,100,0
docs.brew.sh,2,100,0
docs.micropython.org,2,100,0
docs.pypi.org,2,100,0
docs.python-guide.org,2,100,0
docs.vllm.ai,2,50,69
durhamcollege.desire2learn.com,2,100,0
efundi.nwu.ac.za,2,100,0
ellibrodepython.com,2,100,0
engineering.fb.com,2,50,1379
fcr-wiki.systems.uk.hsbc,2,50,0
flask.palletsprojects.com,2,100,0
forum.ansible.com,2,100,0
forum.codewithmosh.com,2,100,0
freedium.cfd,2,100,0
fullstackpython.com,2,100,0
geo-python-site.readthedocs.io,2,0,295
guicommits-com.cdn.ampproject.org,2,67,2
heltonmaia.com,2,100,0
ida.dk,2,100,0
internalfb.com,2,0,113
invesco.atlassian.net,2,100,0
jhancock-us.atlassian.net,2,50,218
kdnuggets.com,2,0,1356
learn.engeto.com,2,100,0
maharatech.gov.eg,2,100,0
martin-thoma.com,2,100,0
mleue.com,2,100,0
moodle-campusonline.s3.amazonaws.com,2,100,0
mysqlclient.readthedocs.io,2,50,274
ndhnsq01,2,100,0
notebooks.githubusercontent.com,2,100,0
oppgit.eficode.com,2,50,237
optitsolutions.atlassian.net,2,100,0
pandas.pydata.org,2,100,0
playfulpython.com,2,100,0
pmowiki.telit.com,2,100,0
portal.engeto.com,2,100,0
python-guide-pt-br.readthedocs.io,2,0,952
python-programming.quantecon.org,2,100,0
pythonguide.rozh2sch.org.ua,2,100,0
qa-gpt.momenta.works,2,100,0
sberuniversity.online,2,100,0
shultais.education,2,100,0
snarky.ca,2,50,126
softwareengineering.stackexchange.com,2,50,26
srmrmp.codetantra.com,2,100,0
stash.sigma.sbrf.ru,2,50,14
studytafensw.edu.au,2,100,0
teratail.com,2,50,48
thepythoncodingbook.com,2,100,0
ua.udemy.com,2,100,0
urban-university.ru,2,100,0
verseinc.atlassian.net,2,100,0
wiki.ms.com,2,100,0
wsgi.tutorial.codepoint.net,2,100,0
yuanbao.tencent.com,2,100,0
4o.gpt-chatbotru-4-o1.ru,1,100,0
54.90.158.175,1,100,0
Quora,1,100,0
Sogou,1,100,0
agent-night.tistory.com,1,100,0
alan-turing-institute.github.io,1,100,0
algolia.com,1,100,0
alpopkes.com,1,0,83
alura.com.br,1,0,70
aman.ai,1,100,0
amandanascimento.com,1,100,0
amundsen.io,1,100,0
anaconda-installer.readthedocs.io,1,100,0
ansible.readthedocs.io,1,100,0
apollo.inf.upol.cz,1,100,0
app.quantic.edu,1,100,0
app.web-highlights.com,1,100,0
aprendepython.es,1,100,0
arelle.readthedocs.io,1,100,0
arrow.apache.org,1,100,0
asc.bmwgroup.net,1,100,0
aulavirtual.fio.unam.edu.ar,1,100,0
aulavirtual.uji.es,1,0,220
autonomous-teaming.atlassian.net,1,100,0
azure.github.io,1,0,839
b.yadro.com,1,100,0
barenakedcoder.com,1,100,0
bestpromotions.udemy.com,1,100,0
betterdev.blog,1,100,0
bhv-mlc-genesis-2_merchants-bhv-new-repeat-mlc.labs-clients.furyapps.io,1,100,0
bitbucket.intesasanpaolo.com,1,100,0
bitbucketdc-cluster07.jpmchase.net,1,100,0
black.readthedocs.io,1,100,0
blog.codingconfessions.com,1,100,0
blog.duolingo.com,1,100,0
blog.finxter.com,1,100,0
blog.frankel.ch,1,100,0
blog.inedo.com,1,100,0
blog.kyomind.tw,1,100,0
blog.naver.com,1,100,0
blog.trailofbits.com,1,100,0
bookstack.int.vkusvill.ru,1,0,19
bp-compm.emea.bosch.com,1,100,0
brc-word-view.officeapps.live.com,1,100,0
bug.oraclecorp.com,1,100,0
build.pypa.io,1,100,0
builtin.com,1,100,0
bytedance.larkoffice.com,1,100,0
c.yadro.com,1,100,0
campusonline.ain.es,1,100,0
canva.com,1,100,0
cappa.readthedocs.io,1,100,0
carsonwah.github.io,1,0,11
castletoncommodities.atlassian.net,1,100,0
ceddlyburge.github.io,1,0,186
cgi.cse.unsw.edu.au,1,100,0
challenge.career.evrone.com,1,100,0
chat.lab.epam.com,1,100,0
china-testing.github.io,1,100,0
ciena.udemy.com,1,100,0
classroom.udacity.com,1,100,0
cloud.tencent.com,1,100,0
cloudinit.readthedocs.io,1,100,0
cms.prod.bloomberg.com,1,100,0
cnblogs.com,1,100,0
cobra.parkland.edu,1,100,0
codaqui.dev,1,100,0
code.courses-watspeed.uwaterloo.ca,1,100,0
code.djangoproject.com,1,100,0
code.s3.yandex.net,1,0,2
codemore.ru,1,100,0
codewars.com,1,100,0
