name,visitors
United States,21854
India,16499
Germany,12736
Russian Federation,10293
China,7997
France,7976
United Kingdom,5768
Brazil,5716
Canada,5668
Japan,5258
Australia,3918
Netherlands,3913
Poland,3849
Spain,3340
Italy,3168
Singapore,2483
Hong Kong,2410
South Korea,2333
Switzerland,2312
Sweden,2105
Taiwan,1977
Israel,1823
Mexico,1803
Ukraine,1688
Indonesia,1399
Austria,1396
Vietnam,1314
Czechia,1304
Belgium,1290
Colombia,1278
Finland,1225
Turkey,1224
Argentina,1173
Denmark,988
Norway,916
Portugal,902
Pakistan,892
Thailand,858
Ireland,790
South Africa,789
Philippines,786
Chile,750
Romania,749
Hungary,701
Nigeria,657
New Zealand,615
Malaysia,596
Iran,567
Bangladesh,566
Greece,548
Egypt,544
Peru,519
Kenya,508
United Arab Emirates,460
Serbia,443
Nepal,435
Saudi Arabia,431
Kazakhstan,409
Belarus,408
Morocco,371
Slovakia,350
Lithuania,290
Croatia,275
Uzbekistan,274
Ecuador,271
Bulgaria,270
Sri Lanka,263
Ethiopia,227
Latvia,223
Ghana,215
Armenia,208
Costa Rica,205
Slovenia,193
Georgia,192
Algeria,189
Tunisia,183
Estonia,168
Venezuela,157
Cyprus,155
Luxembourg,155
Guatemala,147
Iraq,136
Azerbaijan,129
Seychelles,128
Bolivia,115
Dominican Republic,110
Uruguay,110
Moldova,109
Rwanda,97
Jordan,88
Myanmar,85
Yemen,83
Panama,81
Cambodia,80
Uganda,76
Qatar,71
Côte d'Ivoire,69
El Salvador,68
Paraguay,65
Bosnia and Herzegovina,64
Lebanon,64
Kyrgyzstan,63
Senegal,62
Malta,61
Cameroon,55
Bhutan,54
Iceland,52
Tanzania,50
Madagascar,47
Albania,46
Puerto Rico,46
Bahrain,42
North Macedonia,42
Mongolia,42
Cuba,41
Honduras,41
Nicaragua,41
Togo,39
Angola,38
"Congo, The Democratic Republic of the",38
Kuwait,37
Oman,37
"Palestine, State of",37
Mauritius,35
Zambia,33
Benin,31
Réunion,30
Afghanistan,29
Malawi,29
Zimbabwe,28
Macao,27
Montenegro,26
Somalia,25
Trinidad and Tobago,23
Burkina Faso,19
Haiti,19
Libya,19
Maldives,19
Congo,18
Jamaica,18
Mali,18
Cabo Verde,17
Mozambique,16
Syria,16
Guinea,15
Kosovo,15
Botswana,12
Tajikistan,12
Laos,11
Mauritania,11
Suriname,11
Barbados,9
New Caledonia,9
Sudan,9
Guadeloupe,8
Monaco,8
Martinique,8
Brunei Darussalam,7
Gabon,7
Andorra,6
Niger,6
Papua New Guinea,6
Sierra Leone,6
Belize,5
Gibraltar,5
French Polynesia,5
Burundi,4
Bermuda,4
Dominica,4
Guyana,4
Jersey,4
Liberia,4
Namibia,4
Curaçao,3
Fiji,3
Faroe Islands,3
Gambia,3
Isle of Man,3
Saint Lucia,3
Liechtenstein,3
Eswatini,3
Antigua and Barbuda,2
Åland Islands,2
Equatorial Guinea,2
Cayman Islands,2
Lesotho,2
Chad,2
Timor-Leste,2
Vanuatu,2
"Bonaire, Sint Eustatius and Saba",1
Bahamas,1
Djibouti,1
Grenada,1
French Guiana,1
Guernsey,1
Greenland,1
Guam,1
San Marino,1
Sint Maarten (Dutch part),1
Tonga,1
Saint Vincent and the Grenadines,1
"Virgin Islands, British",1
Mayotte,1
