name,unique_entrances,total_entrances,visit_duration
/3/,12257,12646,153
/3/library/venv.html,7959,8124,40
/3/library/functions.html,5687,5937,111
/3/library/stdtypes.html,5212,5429,148
/3/library/datetime.html,4755,4942,90
/3/tutorial/index.html,4612,4784,193
/3/tutorial/datastructures.html,3233,3338,100
/3/library/re.html,3227,3356,95
/3/library/typing.html,3182,3274,103
/3/library/tkinter.html,3165,3253,80
/3/library/index.html,2546,2655,165
/3/library/csv.html,2506,2590,109
/3/tutorial/,2504,2709,111
/3/library/logging.html,2389,2491,117
/3/library/random.html,2242,2303,75
/3/library/turtle.html,2168,2317,123
/3/library/argparse.html,2155,2245,144
/3/library/pathlib.html,2100,2170,131
/3/library/idle.html,1987,2009,45
/3/tutorial/errors.html,1953,1987,98
/3/search.html,1937,2065,228
/3/library/subprocess.html,1899,1970,111
/3/library/dataclasses.html,1801,1863,105
/3/library/collections.html,1766,1827,87
/3/library/os.html,1749,1795,141
/3/tutorial/controlflow.html,1746,1816,129
/3/tutorial/classes.html,1731,1804,142
/3/library/multiprocessing.html,1687,1769,150
/3/library/math.html,1665,1711,70
/3/library/exceptions.html,1616,1669,97
/3/library/unittest.html,1564,1632,101
/3/library/json.html,1538,1571,82
/3/library/itertools.html,1456,1502,73
/3/library/sqlite3.html,1392,1471,98
/3/library/time.html,1367,1392,109
/3/library/asyncio-task.html,1324,1389,131
/3/library/enum.html,1306,1334,132
/3/library/unittest.mock.html,1282,1366,161
/3/tutorial/modules.html,1260,1281,143
/3/tutorial/inputoutput.html,1255,1286,110
/3/tutorial/venv.html,1245,1269,50
/3/library/os.path.html,1212,1231,105
/3/library/threading.html,1167,1207,127
/3/library/string.html,1139,1164,119
/3/library/asyncio.html,1135,1175,158
/3/using/windows.html,1133,1151,74
/3/library/xml.etree.elementtree.html,1052,1116,150
/3/tutorial/introduction.html,1032,1088,204
/3/library/functools.html,982,1001,88
/3/howto/sorting.html,956,972,74
/3/reference/datamodel.html,921,961,146
/3/installing/index.html,911,920,64
/3/library/concurrent.futures.html,909,943,111
/3/library/socket.html,908,954,141
/3/library/pickle.html,896,919,67
/3/tutorial/interpreter.html,857,884,149
/3/howto/logging.html,839,864,114
/3/library/heapq.html,825,846,79
/3/glossary.html,824,840,192
/3/library/shutil.html,802,818,150
/3/library/struct.html,774,806,88
/3/using/mac.html,737,758,91
/3/whatsnew/3.13.html,732,747,137
/zh-cn/3/tutorial/index.html,713,729,183
/3/library/sys.html,697,708,158
/3/library/pdb.html,696,707,57
/3/library/tempfile.html,682,709,120
/3/library/hashlib.html,617,628,141
/3/library/abc.html,611,626,116
/3/reference/expressions.html,604,615,178
/3/py-modindex.html,602,638,157
/3/library/io.html,600,611,149
/zh-cn/3/,588,618,201
/3/library/configparser.html,582,608,129
/3/library/copy.html,581,590,73
/es/3/tutorial/,580,603,141
/3/library/zipfile.html,572,587,116
/3/library/urllib.parse.html,558,569,101
/3/using/cmdline.html,543,552,87
/3/reference/import.html,540,554,133
/3/reference/index.html,531,545,243
/3/tutorial/appetite.html,500,508,256
/3/howto/regex.html,492,508,128
/3/library/http.server.html,491,507,101
/3/library/pprint.html,479,484,42
/3/library/contextlib.html,475,484,108
/3/library/glob.html,475,479,136
/3/library/queue.html,474,490,177
/3/library/asyncio-eventloop.html,471,497,189
/3/library/,451,463,154
/3/library/ast.html,434,449,111
/3/library/ctypes.html,425,449,116
/3/library/uuid.html,422,426,83
/3/reference/lexical_analysis.html,417,425,114
/3/library/decimal.html,405,414,56
/3/library/profile.html,397,415,125
/ja/3/c-api/import.html,397,397,7
/3/library/difflib.html,382,394,67
/3/reference/compound_stmts.html,376,388,144
/3/index.html,368,380,254
/3/library/smtplib.html,359,373,77
/3/contents.html,356,364,212
/3/license.html,352,359,89
/3/library/operator.html,348,352,111
/3/library/logging.handlers.html,339,349,159
/3/tutorial/floatingpoint.html,334,340,43
/3/library/timeit.html,320,325,116
/3/library/ensurepip.html,317,319,75
/3/download.html,315,321,146
/3/library/base64.html,311,314,73
/3/library/traceback.html,311,313,103
/3/library/importlib.html,309,315,141
/3/library/ssl.html,307,325,194
/3/library/codecs.html,299,306,86
/3/library/__main__.html,295,296,149
/3/library/collections.abc.html,293,305,157
/fr/3/tutorial/,291,300,196
/3/library/tk.html,288,291,137
/3/howto/argparse.html,280,302,251
/3/library/urllib.request.html,280,286,156
/3/library/warnings.html,270,276,88
/3/reference/simple_stmts.html,269,271,173
/3/using/android.html,263,265,79
/3/howto/unicode.html,261,264,48
/3/library/tkinter.ttk.html,261,272,91
/3/howto/enum.html,249,253,139
/3/library/bisect.html,248,253,80
/3/library/email.examples.html,247,254,104
/3/library/statistics.html,234,240,68
/3/library/array.html,231,234,109
/3/library/inspect.html,229,233,85
/3/library/ipaddress.html,228,236,53
/3/library/html.parser.html,225,230,79
/3/library/secrets.html,224,226,79
/ja/3/,224,229,242
/zh-cn/3/library/index.html,220,222,154
/3/library/webbrowser.html,215,220,228
/3/extending/extending.html,209,212,125
/3/library/tkinter.messagebox.html,208,213,110
/3/whatsnew/3.12.html,204,207,91
/3/library/logging.config.html,201,213,137
/3/howto/logging-cookbook.html,200,207,186
/3/library/asyncio-sync.html,198,200,108
/3/library/gc.html,194,201,58
/3/library/http.client.html,185,187,136
/3/using/index.html,184,185,128
/ja/3/tutorial/,182,196,332
/es/3/tutorial/index.html,178,188,190
/3/library/dialog.html,177,182,162
/3/library/textwrap.html,176,178,29
/3/library/urllib.html,172,174,182
/3/library/zoneinfo.html,172,177,73
/3/library/tomllib.html,170,176,178
/3/faq/windows.html,169,177,98
/3/faq/,168,170,148
/3/howto/curses.html,166,175,207
/3/library/calendar.html,165,171,106
/3/library/contextvars.html,165,171,115
/3/library/tarfile.html,164,166,139
/ja/3/library/functions.html,160,166,140
/3/howto/sockets.html,159,168,152
/3/library/signal.html,159,161,96
/3/library/distutils.html,157,157,77
/3/library/types.html,155,158,152
/3/library/ftplib.html,153,158,95
/ja/3/library/stdtypes.html,153,161,108
/3/library/asyncio-queue.html,152,161,197
/3/library/fnmatch.html,151,156,62
/3/library/constants.html,147,148,164
/3/c-api/index.html,146,149,163
/3/library/pydoc.html,146,147,93
/zh-tw/3/tutorial/index.html,143,147,114
/3/installing/,136,141,177
/zh-cn/3/library/turtle.html,133,137,135
/pt-br/3/,132,133,141
/zh-cn/3/tutorial/,132,136,186
/3/library/asyncio-stream.html,131,142,204
/3/library/tracemalloc.html,131,137,70
/3/howto/descriptor.html,127,137,205
/3/library/getpass.html,127,131,59
/3/library/imaplib.html,127,132,157
/3/library/asyncio-future.html,125,125,215
/3/library/filesys.html,125,126,136
/3/library/doctest.html,120,123,142
/zh-cn/3/library/functions.html,120,133,173
/3/using/unix.html,119,122,43
/ja/3/library/index.html,114,120,232
/3/library/curses.html,113,116,154
/3/faq/programming.html,111,114,147
/3/library/datatypes.html,111,113,155
/uk/3/reference/compound_stmts.html,111,112,20
/3/library/asyncio-dev.html,110,111,305
/3/library/gzip.html,110,111,132
/3/library/wave.html,110,113,96
/3/whatsnew/3.8.html,108,108,21
/3/whatsnew/3.11.html,107,110,130
/3/library/zlib.html,106,109,120
/3/whatsnew/index.html,106,106,70
/3/library/http.html,105,109,227
/3/extending/embedding.html,104,105,237
/3/faq/general.html,100,101,140
/3/howto/functional.html,100,103,35
/3/library/shlex.html,100,101,230
/zh-cn/3/tutorial/controlflow.html,99,104,200
/pt-br/3/tutorial/index.html,98,100,88
/3/library/mimetypes.html,94,99,83
/3/library/asyncio-runner.html,92,93,219
/es/3/,92,93,163
/3/howto/annotations.html,91,91,67
/3/library/multiprocessing.shared_memory.html,91,95,167
/3/library/unittest.mock-examples.html,91,92,89
/3.13/,90,91,372
/3/c-api/memory.html,90,92,207
/zh-cn/3/library/idle.html,90,90,33
/3/library/intro.html,89,92,299
/3/library/locale.html,89,89,134
/ja/3/tutorial/index.html,89,92,106
/fr/3/library/csv.html,88,89,117
/zh-cn/3/tutorial/interpreter.html,88,90,205
/3/library/__future__.html,87,87,134
/3/library/filecmp.html,87,90,173
/3/library/fractions.html,86,86,50
/3/tutorial/stdlib.html,86,89,265
/3.13/tutorial/index.html,84,85,511
/3/library/binascii.html,84,87,140
/3/whatsnew/3.10.html,84,85,150
/3/library/importlib.resources.html,83,85,118
/fr/3/library/json.html,82,82,103
/3/library/dis.html,81,84,68
/3/library/xml.html,81,81,168
/3/library/stat.html,80,80,136
/3/library/telnetlib.html,80,83,83
/ja/3/tutorial/datastructures.html,80,82,102
/3/library/atexit.html,79,82,95
/3/library/sched.html,79,83,156
/3/using/ios.html,79,79,12
/3/library/socketserver.html,78,79,237
/3/library/unicodedata.html,78,78,29
/es/3/tutorial/introduction.html,77,82,114
/zh-cn/3/reference/index.html,77,77,248
/3/library/importlib.metadata.html,76,79,129
/3/library/weakref.html,76,83,149
/3/library/asyncio-subprocess.html,74,77,184
/3/c-api/buffer.html,73,73,310
/3/library/email.html,73,75,176
/3/library/platform.html,73,75,53
/ko/3/tutorial/index.html,73,74,378
/3/howto/free-threading-python.html,72,75,58
/3/reference/grammar.html,72,73,109
/ja/3/library/datetime.html,72,75,77
/zh-cn/3/search.html,72,75,258
/3/howto/index.html,71,72,221
/3/library/cmath.html,71,72,75
/3/library/winsound.html,71,72,26
/3/c-api/init.html,70,74,444
/3/genindex-Symbols.html,70,72,128
/3/library/hmac.html,70,71,103
/3/library/select.html,70,74,112
/es/3/tutorial/datastructures.html,70,75,21
/zh-cn/3/tutorial/introduction.html,70,74,293
/3/library/site.html,69,70,231
/3/library/cmd.html,68,68,112
/3/library/email.message.html,66,69,204
/3/library/html.html,65,66,79
/es/3/tutorial/interpreter.html,64,65,74
/zh-cn/3/library/multiprocessing.html,64,65,76
/3/using/configure.html,63,63,140
/3/library/graphlib.html,62,65,66
/zh-cn/3/tutorial/appetite.html,62,63,440
/3/library/sys_path_init.html,61,64,131
/3/library/zipimport.html,61,61,33
/es/3/tutorial/appetite.html,61,63,339
/ko/3/,61,62,250
/3/extending/index.html,60,60,241
/3/library/email.mime.html,60,62,78
/fr/3/tutorial/datastructures.html,60,61,136
/fr/3/tutorial/venv.html,60,62,60
/es/3/library/index.html,59,62,172
/pt-br/3/library/,59,60,118
/3/genindex.html,58,58,181
/3/howto/urllib2.html,58,58,57
/3/library/mmap.html,58,59,90
/3/library/pkgutil.html,58,59,191
/3/reference/introduction.html,58,60,123
/ja/3/library/venv.html,58,58,29
/pt-br/3/library/stdtypes.html,58,60,277
/uk/3/tutorial/errors.html,58,58,8
/zh-cn/3/index.html,58,61,155
/zh-cn/3/library/stdtypes.html,58,59,346
/3/library/cgi.html,57,58,53
/3/library/py_compile.html,57,57,135
/es/3/library/stdtypes.html,57,60,94
/3/library/trace.html,56,58,190
/3/whatsnew/changelog.html,55,55,124
/fr/3/howto/regex.html,55,58,124
/3/library/asyncio-protocol.html,54,56,284
/3/library/email.parser.html,54,56,232
/3/library/numbers.html,54,56,126
/3/library/tokenize.html,54,56,138
/3/reference/,54,56,263
