name,visitors,bounce_rate,visit_duration
python.org,5904,80,23
Direct / None,3375,84,49
Google,2004,86,42
docs.python.org,597,78,67
Bing,175,88,30
GitHub,138,88,22
chatgpt.com,133,90,21
DuckDuckGo,107,87,36
Yandex,94,90,34
devguide.python.org,87,62,45
boot.dev,60,90,45
Reddit,52,90,19
Brave,46,94,11
discuss.python.org,42,74,61
netacad.com,39,98,0
pypi.org,39,85,38
python.p2hp.com,37,84,14
packaging.python.org,33,58,24
realpython.com,33,79,58
udemy.com,33,100,0
docs.astral.sh,32,78,177
cs50.harvard.edu,23,100,0
ru.hexlet.io,21,91,64
cs50.readthedocs.io,20,90,13
qiita.com,18,100,0
cgi.cse.unsw.edu.au,17,100,0
s3.eu-west-1.amazonaws.com,13,93,40
Wikipedia,12,69,60
courses.edx.org,12,100,0
setuptools.pypa.io,12,83,14
Youtube,11,100,0
pip.pypa.io,11,82,33
Microsoft Teams,10,70,20
codecademy.com,10,90,4
medium.com,10,90,40
numpydoc.readthedocs.io,10,70,221
openclassrooms.com,10,91,0
pythonzen-pep8-exam.jp,10,80,87
LinkedIn,9,100,0
infoworld.com,9,100,0
learn.snhu.edu,9,100,0
typing.python.org,9,67,92
canvas.hull.ac.uk,8,92,2
edube.org,8,88,150
habr.com,8,100,0
StackOverflow,7,86,58
Yahoo!,7,100,0
docs.aiogram.dev,7,100,0
docs.sqlalchemy.org,7,71,1
freecodecamp.org,7,100,0
notebooks.githubusercontent.com,7,57,12
psycopg.org,7,71,2
wsgi.readthedocs.io,7,100,0
Baidu,6,67,7
Ecosia,6,100,0
docs.brew.sh,6,83,5
endler.dev,6,67,222
flake8rules.com,6,100,0
hackerrank.com,6,83,317
mypy.readthedocs.io,6,83,13
palletsprojects.com,6,100,0
python-poetry.org,6,100,0
code-basics.com,5,100,0
codeit.kr,5,100,0
courses.fit.cvut.cz,5,83,50
docs.python-guide.org,5,100,0
hatch.pypa.io,5,60,13
my.sky.pro,5,100,0
odin.study,5,100,0
pep8.org,5,80,2
claude.ai,4,100,0
doubao.com,4,100,0
ellibrodepython.com,4,75,10
maharatech.gov.eg,4,75,12
metanit.com,4,100,0
pythoncheatsheet.org,4,100,0
Perplexity,3,50,118
Twitter,3,100,0
akshare.akfamily.xyz,3,100,0
appacademy.io,3,100,0
assets.scormproxy.com,3,67,290
astral.sh,3,33,621
changchen.me,3,100,0
chat.baidu.com,3,33,5
cms.unir.net,3,100,0
csic.adrformacion.com,3,100,0
csiportal.celebaltech.com,3,100,0
docs.ros.org,3,100,0
fishc.com.cn,3,100,0
learnxinyminutes.com,3,100,0
moodle-campusvirtualcolombia.s3.amazonaws.com,3,67,33
moodle-campusvirtualmexico.s3.amazonaws.com,3,67,117
mypy-lang.org,3,100,0
namu.wiki,3,100,0
proproprogs.ru,3,100,0
pylint.readthedocs.io,3,100,0
pypa.io,3,67,22
pythoninsider.blogspot.com,3,67,4
sphinx-doc.org,3,33,23
techbeamers.com,3,100,0
Coccoc,2,50,40
Facebook,2,100,0
Gmail,2,100,0
Hacker News,2,100,0
Qwant,2,50,1038
app.aluracursos.com,2,100,0
asgi.readthedocs.io,2,100,0
attrs.org,2,100,0
aulavirtual.fio.unam.edu.ar,2,100,0
autotest.how,2,100,0
black.readthedocs.io,2,100,0
blog.changs.co.uk,2,67,498
blog.csdn.net,2,100,0
canva.com,2,100,0
code.courses-watspeed.uwaterloo.ca,2,100,0
code.s3.yandex.net,2,100,0
comp1005.github.io,2,100,0
cyberagentailab.github.io,2,50,4
discordpy.readthedocs.io,2,100,0
dnode.atlassian.net,2,100,0
docs.pyq.jp,2,100,0
docs.snowflake.com,2,100,0
elc.yonsei.ac.kr,2,100,0
embedded.pages-git.hilti.com,2,50,40
excel-ubara.com,2,100,0
forums.raspberrypi.com,2,67,9
gem5.org,2,100,0
gf0657-programacionsig.github.io,2,50,6
google.github.io,2,100,0
inventwithpython.com,2,100,0
jakevdp.github.io,2,100,0
jive.ms.com,2,100,0
launchschool.com,2,100,0
learn.codeinstitute.net,2,100,0
link.csdn.net,2,100,0
lms.skillfactory.ru,2,100,0
m365.cloud.microsoft,2,100,0
methane.hatenablog.jp,2,50,916
mongodb.com,2,100,0
moodle.utfpr.edu.br,2,100,0
numpy.org,2,100,0
pep8-ja.readthedocs.io,2,50,285
practicum.yandex.kz,2,100,0
pydoc.pages.taltech.ee,2,50,438
python-patterns.guide,2,100,0
python-sip.readthedocs.io,2,50,114
python.jp,2,100,0
python.szkola.pl,2,100,0
pythonfluente.com,2,50,140
pythonsimplified.com,2,100,0
riverbankcomputing.com,2,100,0
softserve.academy,2,100,0
spark.apache.org,2,0,52
studytafensw.edu.au,2,100,0
tecmty.neolms.com,2,100,0
trio.readthedocs.io,2,100,0
wiki.ms.com,2,100,0
127.0.0.1,1,100,0
158.160.58.61,1,100,0
Telegram,1,100,0
ade-conf.hmckmc.co.kr,1,100,0
adora-xu.com,1,100,0
ai.azure.com,1,100,0
aluracursos.com,1,100,0
alwaysintreble.github.io,1,100,0
alysivji.github.io,1,100,0
analytics-note.xyz,1,100,0
android-app://org.joinmastodon.android,1,100,0
android.googlesource.com,1,100,0
anndata.readthedocs.io,1,100,0
app.clickup.com,1,100,0
app.livestorm.co,1,100,0
app.quantic.edu,1,100,0
aselsan.udemy.com,1,100,0
atmarkit.itmedia.co.jp,1,100,0
automation.a10networks.com,1,100,0
ava.pucpr.br,1,100,0
avslab.github.io,1,100,0
bangseongbeom.com,1,100,0
bazel.build,1,100,0
benhoyt.com,1,100,0
bgsw.udemy.com,1,100,0
blenderartists.org,1,100,0
blog.derlin.ch,1,100,0
blog.formacao.dev,1,100,0
blog.jasper.es,1,0,9
blog.knownsec.com,1,100,0
blog.naver.com,1,100,0
blog.python.org,1,100,0
blog.replit.com,1,100,0
blog.trailofbits.com,1,100,0
br0k3nlab.com,1,100,0
brc-word-edit.officeapps.live.com,1,100,0
bsc-iitm.github.io,1,100,0
bumblebee-status.readthedocs.io,1,100,0
chaostoolkit.org,1,100,0
cloud.tencent.com,1,100,0
cnblogs.com,1,100,0
cobra.parkland.edu,1,100,0
codigofacilito.com,1,100,0
commitizen-tools.github.io,1,100,0
confluence-sdteob.web.boeing.com,1,100,0
confluence.bluestonepim.com,1,100,0
confluence.heidelbergcement.com,1,100,0
confluence.raiffeisen.ru,1,100,0
conteudo.colaboraread.com.br,1,100,0
copier.readthedocs.io,1,100,0
core-noroff.bravais.com,1,100,0
cosmicpython.com,1,100,0
courses.campus.gov.il,1,100,0
courses.cscc.edu,1,100,0
cursos.alura.com.br,1,100,0
cursosmultimedia.online,1,100,0
d3technologies.atlassian.net,1,100,0
datacamp.com,1,100,0
datahub.berkeley.edu,1,100,0
datamastery.gitlab.io,1,100,0
davidvujic.github.io,1,100,0
devdocs.io,1,100,0
developer.blender.org,1,100,0
developer.cisco.com,1,100,0
dicoding.com,1,100,0
digitalocean.com,1,100,0
direct.mit.edu,1,100,0
discourse.nixos.org,1,100,0
discussions.edx.org,1,100,0
docs.basedpyright.com,1,100,0
docs.litestar.dev,1,100,0
docs.pex-tool.org,1,100,0
docs.pydantic.dev,1,100,0
docs.pypi.org,1,100,0
docs.python.domainunion.de,1,0,392
docs.pytorch.org,1,100,0
docs.rapids.ai,1,100,0
docs.ray.io,1,100,0
docs.renovatebot.com,1,100,0
docs.streamlit.io,1,100,0
dpbl.wordpress.com,1,100,0
drlilianblot.gitbook.io,1,100,0
duanehilton.com,1,100,0
dzen.ru,1,100,0
ecollege.etbonline.ie,1,100,0
elearn.epam.com,1,100,0
eleve.centre-europeen-formation.fr,1,100,0
endoflife.date,1,0,88
estudijas.lu.lv,1,100,0
ethereum.org,1,100,0
f-code-ai-crew-training.readthedocs.io,1,100,0
firebirdsql.org,1,100,0
flakeheaven.readthedocs.io,1,100,0
geek-docs.com,1,100,0
github-pages.cloud.capitalone.com,1,100,0
go.skillbox.ru,1,100,0
hellowac.github.io,1,0,1
hitachigroup.okta.com,1,100,0
home.agh.edu.pl,1,100,0
hugovk.dev,1,0,623
hynek.me,1,100,0
ibe.social,1,100,0
intdocs.eltex.loc,1,100,0
internalfb.com,1,100,0
interrogate.readthedocs.io,1,100,0
itssoptum.udemy.com,1,100,0
jadi.net,1,0,9
jeffgeerling.com,1,100,0
jetbrains.com,1,100,0
junstar92.tistory.com,1,0,1372
jupyter-notebook.readthedocs.io,1,0,20
k8s.jupyterhub.praktikum-services.ru,1,100,0
koor.fr,1,100,0
kor2.samsung.net,1,100,0
learn-ap-southeast-2-prod-fleet01-xythos.content.blackboardcdn.com,1,100,0
learn.scientific-python.org,1,100,0
learn.uq.edu.au,1,100,0
learnpython.com,1,100,0
lesinskis.com,1,100,0
lewisgaul.co.uk,1,100,0
link.zhihu.com,1,0,721
lm.workplace.com,1,100,0
m.gsearch.co,1,100,0
machinelearningmastery.com,1,100,0
marimo.io,1,100,0
metaist.com,1,100,0
micropython-stubs.readthedocs.io,1,100,0
microsoft.github.io,1,100,0
mkleehammer.github.io,1,100,0
mobilhanem.com,1,100,0
mojeek.com,1,100,0
moodle.chisholm.edu.au,1,100,0
moodle.fernuni-hagen.de,1,100,0
moodle.oulu.fi,1,100,0
n3n.org,1,100,0
nicanorkorir.medium.com,1,100,0
notesbyanerd.com,1,100,0
ocl-jhub-tm129.open.ac.uk,1,100,0
odido.udemy.com,1,100,0
odoo-community.org,1,100,0
oilshell.org,1,100,0
openstax.org,1,100,0
opentitan.org,1,100,0
