name,version,visitors
Chrome,125.0,865408
Chrome,141.0,13876
Microsoft Edge,141.0,6480
Firefox,144.0,1515
Chrome,142.0,1050
Chrome,140.0,970
Opera,122.0,689
Safari,26.0,571
Yandex Browser,25.8,476
Safari,18.6,397
Chrome,139.0,281
Microsoft Edge,140.0,267
Chrome,138.0,263
Chrome,109.0,213
Firefox,140.0,199
Chrome,135.0,189
Chrome,126.0,183
Firefox,143.0,166
Chrome,132.0,153
Chrome,134.0,148
Mobile App,(not set),125
Chrome,137.0,114
Chrome,117.0,104
Smart Lenovo Browser,9.0,88
Chrome,122.0,81
Safari,18.5,78
Quark,(not set),62
Chrome,131.0,61
Chrome,136.0,61
Microsoft Edge,139.0,55
Firefox,128.0,53
Microsoft Edge,135.0,52
(not set),(not set),50
Safari,18.7,48
Chrome,130.0,45
Chrome,133.0,44
Microsoft Edge,92.0,42
Chrome,129.0,40
Chrome,86.0,39
Firefox,115.0,35
Microsoft Edge,138.0,35
Safari,17.6,35
Safari,18.3,34
Chrome,128.0,33
Safari,26.1,33
Firefox,142.0,32
Microsoft Edge,142.0,31
Firefox,145.0,30
Chrome,116.0,27
Microsoft Edge,122.0,26
Microsoft Edge,131.0,26
Chrome,91.0,26
Chrome,120.0,25
Microsoft Edge,134.0,25
Safari,16.6,25
Chrome,114.0,24
Safari,18.4,24
Samsung Browser,28.0,24
QQ Browser,19.7,22
Chrome,121.0,20
Opera,123.0,20
Chrome,124.0,20
Firefox,141.0,20
Safari,18.1,20
Chrome,107.0,19
Microsoft Edge,133.0,18
Chrome,119.0,17
Firefox,136.0,17
Microsoft Edge,137.0,17
Yandex Browser,25.10,17
Samsung Browser,29.0,17
Yandex Browser,24.10,16
Microsoft Edge,136.0,15
Chrome,143.0,15
Whale Browser,4.34,15
Chrome,127.0,14
Firefox,137.0,14
Firefox,144.1,14
Safari,15.6,14
Safari,10.0,13
Microsoft Edge,109.0,13
Chrome,108.0,12
Chrome,123.0,12
Safari,17.4,12
Yandex Browser,25.6,12
SberBrowser,31.0,12
Microsoft Edge,126.0,11
Firefox,135.0,11
Chrome,115.0,10
Safari,17.1,10
Sogou Explorer,2,10
Brave,(not set),9
Microsoft Edge,123.0,9
Microsoft Edge,128.0,9
Safari,17.5,9
Chrome,103.0,8
Chrome,112.0,8
Opera,120.0,8
Microsoft Edge,127.0,8
Microsoft Edge,132.0,8
Avast Secure Browser,140.0,8
Mobile App,141.0,8
Safari,18.2,8
Chrome,101.0,7
Microsoft Edge,120.0,7
Safari,26.2,7
Quark,7.17,7
Opera,92.0,7
Safari,(not set),6
Microsoft Edge,100.0,6
Firefox,109.0,6
Microsoft Edge,114.0,6
Firefox,127.0,6
Microsoft Edge,130.0,6
Firefox,134.0,6
Firefox,138.0,6
Microsoft Edge,143.0,6
Chrome,110.0,5
Microsoft Edge,113.0,5
Microsoft Edge,116.0,5
Chrome,118.0,5
Firefox,133.0,5
Safari,15.1,5
Huawei Browser Mobile,16.0,5
Safari,16.3,5
Safari,16.5,5
Safari,18.0,5
Yandex Browser,24.7,5
Yandex Browser,25.2,5
Chrome,78.0,5
Chrome,87.0,5
Opera,95.0,5
Chrome,99.0,5
Chrome,104.0,4
Avast Secure Browser,109.0,4
Firefox,111.0,4
Microsoft Edge,112.0,4
Microsoft Edge,115.0,4
Huawei Browser,12.1,4
Microsoft Edge,124.0,4
Microsoft Edge,125.0,4
Firefox,139.0,4
Safari,14.1,4
Norton Private Browser,140.0,4
Firefox,144.2,4
Safari,17.2,4
Safari,17.3,4
QQ Browser,19.5,4
Opera,91.0,4
Chromium,(not set),3
Microsoft Edge,107.0,3
Microsoft Edge,110.0,3
Chrome,111.0,3
Microsoft Edge,111.0,3
Firefox,113.0,3
Chrome,113.0,3
Mobile App,114.0,3
Firefox,116.0,3
Opera,117.0,3
Microsoft Edge,129.0,3
QQ Browser,13.6,3
AVG Secure Browser,140.0,3
Firefox,146.0,3
Microsoft Edge,18.18363,3
QQ Browser,19.6,3
MIUI Browser,20.5,3
Yandex Browser,25.101,3
Samsung Browser,26.0,3
Whale Browser,4.33,3
Microsoft Edge,40.15254,3
Chrome,53.0,3
Chrome,59.0,3
Chrome,63.0,3
Chrome,69.0,3
Firefox,88.0,3
Chrome,90.0,3
Chrome,93.0,3
Android Browser,(not set),2
Firefox,101.0,2
Firefox,102.0,2
Microsoft Edge,103.0,2
QQ Browser,11.9,2
Firefox,118.0,2
Opera,118.0,2
QQ Browser,12.7,2
Opera,124.0,2
Firefox,129.0,2
QQ Browser,13.7,2
Firefox,132.0,2
Mobile App,134.0,2
CCleaner,140.0,2
Firefox,143,2
Safari,17.14,2
MIUI Browser,17.3,2
Safari,17.8,2
UC Browser,18.1,2
Microsoft Edge,18.18362,2
Microsoft Edge,18.19041,2
MIUI Browser,19.1,2
MIUI Browser,20.4,2
Yandex Browser,24.1,2
SberBrowser,32.0,2
Huawei Browser Mobile,5.1,2
Firefox,52.0,2
Firefox,69.0,2
Quark,7.1,2
Quark,7.15,2
Quark,7.16,2
Firefox,78.0,2
Firefox,80.0,2
Chrome,81.0,2
Microsoft Edge,86.0,2
Microsoft Edge,90.0,2
Mobile App,92.0,2
Chrome,95.0,2
Chrome,96.0,2
Chrome,102.0,1
Microsoft Edge,105.0,1
Microsoft Edge,106.0,1
Firefox,106.0,1
Microsoft Edge,108.0,1
Mobile App,109.0,1
Opera,110.0,1
Firefox,112.0,1
Opera,114.0,1
Firefox,114.0,1
Opera,116.0,1
Microsoft Edge,117.0,1
Firefox,117.0,1
Microsoft Edge,119.0,1
Opera,119.0,1
QQ Browser,12.3,1
Firefox,120.0,1
Opera,121.0,1
Firefox,125.0,1
Firefox,126.0,1
Safari,13.1,1
Firefox,130.0,1
Mobile App,131.0,1
Firefox,131.0,1
Avast Secure Browser,137.0,1
Mobile App,138.0,1
Avast Secure Browser,138.0,1
Avast Secure Browser,139.0,1
Safari,14.0,1
Microsoft Edge,14.14393,1
MIUI Browser,14.37,1
MIUI Browser,14.44,1
vivo Browser,14.7,1
vivo Browser,14.8,1
Chrome,140,1
Microsoft Edge,141,1
Avast Secure Browser,141.0,1
Iron,141.0,1
Chrome,142,1
Chrome,144.0,1
Safari,16.0,1
Safari,16.2,1
Safari,16.4,1
Safari,17.0,1
Microsoft Edge,17.17134,1
Safari,17.7,1
QQ Browser,19.2,1
QQ Browser,19.4,1
QQ Browser,19.8,1
Samsung Browser,22.0,1
Yandex Browser,22.11,1
Yandex Browser,22.9,1
Samsung Browser,23.0,1
Yandex Browser,23.5,1
Yandex Browser,23.9,1
Falkon,24.01,1
Yandex Browser,24.4,1
Yandex Browser,25.100,1
Yandex Browser,25.62,1
Yandex Browser,25.86,1
Atom,26.0,1
vivo Browser,26.5,1
vivo Browser,26.6,1
vivo Browser,26.7,1
SberBrowser,28.0,1
AdBlock Browser,3.7,1
SberBrowser,30.0,1
Pale Moon,33.9,1
115 Browser,36.0,1
Whale Browser,4.32,1
Sleipnir,4.7,1
Firefox,44.0,1
Chrome,48.0,1
Chrome,49.0,1
QtWebEngine,5.15,1
vivo Browser,5.2,1
Opera,51.0,1
Chrome,55.0,1
Opera Touch,6.1,1
QtWebEngine,6.8,1
Opera,62.0,1
Firefox,68.0,1
Firefox,72.0,1
Chrome,73.0,1
