name,visitors
Chrome,88490
Microsoft Edge,21483
Firefox,17359
(not set),12686
Safari,11880
Mobile App,5154
Yandex Browser,2698
Opera,1605
Samsung Browser,325
UC Browser,184
vivo Browser,125
Smart Lenovo Browser,111
Quark,110
Huawei Browser Mobile,106
QQ Browser,81
MIUI Browser,78
Chromium,70
QtWebEngine,56
Whale Browser,50
Avast Secure Browser,46
Sogou Explorer,39
SberBrowser,23
AVG Secure Browser,20
Huawei Browser,18
Ecosia,15
Mobile Silk,15
Opera GX,15
Phoenix Browser,11
Norton Private Browser,10
Notion,8
Opera Touch,8
AdBlock Browser,7
Atom,7
DuckDuckGo Privacy Browser,6
Iron,6
Meizu Browser,5
Android Browser,4
Falkon,4
Hi Browser,4
Kindle Browser,3
Avira Secure Browser,2
CCleaner,2
Chromium GOST,2
JioSphere,2
Konqueror,2
Lenovo Browser,2
Openwave Mobile Browser,2
Pale Moon,2
YouBrowser,2
115 Browser,1
360 Secure Browser,1
Aloha Browser,1
Internet Explorer,1
Lilo,1
Midori,1
SeaMonkey,1
Sleipnir,1
UBrowser,1
UC Browser Turbo,1
Waterfox,1
Yahoo! Japan Browser,1
