name,version,visitors
Chrome,134.0,76084
Microsoft Edge,134.0,19368
Firefox,136.0,13034
(not set),(not set),12686
Safari,18.3,7540
Chrome,133.0,4451
Mobile App,134.0,3548
Yandex Browser,25.2,2207
Firefox,128.0,1905
Chrome,131.0,1597
Opera,117.0,1456
Chrome,132.0,1435
Mobile App,(not set),1132
Safari,17.6,792
Microsoft Edge,133.0,726
Firefox,135.0,715
Safari,18.1,543
Chrome,130.0,480
Chrome,135.0,463
Chrome,109.0,458
Chrome,122.0,426
Chrome,128.0,398
Safari,18.2,398
Microsoft Edge,132.0,386
Chrome,126.0,336
Chrome,129.0,322
Safari,17.5,319
Safari,16.6,288
Samsung Browser,27.0,285
Firefox,134.0,280
Safari,18.4,273
Microsoft Edge,131.0,262
Safari,18.0,250
Firefox,115.0,244
Chrome,124.0,213
Chrome,127.0,212
Firefox,137.0,209
Safari,(not set),188
Safari,17.4,183
Chrome,125.0,179
Chrome,121.0,151
Firefox,133.0,147
Safari,15.6,143
UC Browser,17.4,143
Chrome,123.0,140
Chrome,120.0,136
Safari,17.3,114
Smart Lenovo Browser,9.0,111
Yandex Browser,24.10,109
Safari,17.1,105
Chrome,119.0,102
Chrome,116.0,99
Chrome,117.0,98
Firefox,131.0,94
Microsoft Edge,130.0,92
Firefox,132.0,82
Microsoft Edge,128.0,80
Chrome,136.0,80
Safari,17.2,78
Chrome,114.0,75
Yandex Browser,24.12,74
Mobile App,97.0,73
Huawei Browser Mobile,16.0,71
Safari,16.1,71
Firefox,130.0,69
Chromium,(not set),68
Safari,16.3,68
Safari,19.0,66
Quark,(not set),64
Mobile App,114.0,64
Firefox,136.3,63
Firefox,129.0,61
Safari,16.5,60
Chrome,112.0,56
Microsoft Edge,135.0,56
Safari,17.0,56
Firefox,113.0,55
Microsoft Edge,127.0,54
Microsoft Edge,126.0,53
Chrome,118.0,52
Opera,88.0,52
Microsoft Edge,129.0,50
Safari,16.0,48
Mobile App,130.0,47
Yandex Browser,24.7,47
QtWebEngine,6.8,46
Chrome,111.0,45
Chrome,115.0,44
Whale Browser,4.30,43
Yandex Browser,25.20,42
Mobile App,133.0,41
Sogou Explorer,2,39
vivo Browser,23.9,38
Chrome,103.0,37
Chrome,86.0,37
Avast Secure Browser,133.0,36
Chrome,108.0,34
Microsoft Edge,92.0,34
Yandex Browser,25.27,33
Microsoft Edge,122.0,32
Firefox,138.0,32
MIUI Browser,19.2,32
Quark,7.9,32
Firefox,102.0,31
Mobile App,126.0,31
Firefox,127.0,31
Safari,17.7,31
Firefox,125.0,29
Safari,17.10,29
Safari,17.8,29
Microsoft Edge,109.0,28
Safari,16.2,27
Safari,16.4,27
Microsoft Edge,120.0,25
Opera,116.0,24
Yandex Browser,23.7,24
QQ Browser,13.7,23
Yandex Browser,23.9,23
Chrome,110.0,22
Yandex Browser,24.6,22
Chrome,107.0,21
Firefox,123.0,21
Huawei Browser Mobile,15.0,21
Mobile App,109.0,19
Safari,18.5,19
Yandex Browser,24.1,19
Microsoft Edge,124.0,18
Firefox,136,18
SberBrowser,24.0,18
Chrome,87.0,18
Chrome,105.0,17
Microsoft Edge,123.0,17
Microsoft Edge,125.0,17
UC Browser,17.5,17
Chrome,101.0,16
Safari,13.1,16
Safari,14.1,16
Mobile App,99.0,16
Chrome,113.0,15
Huawei Browser,12.1,15
Firefox,124.0,15
Firefox,126.0,15
Safari,15.4,15
Safari,15.5,15
Yandex Browser,24.4,15
Chrome,91.0,15
Chrome,100.0,14
Microsoft Edge,113.0,14
Mobile App,117.0,14
Firefox,120.0,14
Mobile App,132.0,14
AVG Secure Browser,133.0,14
vivo Browser,23.8,14
Firefox,91.0,14
Microsoft Edge,100.0,13
Mobile App,116.0,13
Mobile App,131.0,13
Mobile App,135.0,13
Safari,15.3,13
vivo Browser,23.7,13
Chrome,96.0,13
Chrome,102.0,12
Chrome,104.0,12
Microsoft Edge,111.0,12
Microsoft Edge,114.0,12
Microsoft Edge,115.0,12
Ecosia,129.0,12
Safari,15.1,12
Opera GX,2.7,12
Chrome,85.0,12
Safari,12.1,11
Microsoft Edge,121.0,11
Firefox,122.0,11
vivo Browser,13.8,11
Microsoft Edge,136.0,11
Chrome,83.0,11
Chrome,97.0,11
Microsoft Edge,107.0,10
Microsoft Edge,117.0,10
Firefox,117.0,10
MIUI Browser,14.30,10
Yandex Browser,24.120,10
QQ Browser,6.2,10
Mobile App,83.0,10
Chrome,92.0,10
Chrome,94.0,10
Chrome,106.0,9
Firefox,109.0,9
Firefox,111.0,9
Microsoft Edge,118.0,9
Mobile Silk,132.5,9
Safari,15.0,9
QQ Browser,16.1,9
UC Browser,17.2,9
vivo Browser,23.1,9
Yandex Browser,23.3,9
Yandex Browser,23.5,9
vivo Browser,23.6,9
Samsung Browser,26.0,9
Chrome,90.0,9
Chrome,93.0,9
Firefox,110.0,8
Microsoft Edge,116.0,8
Mobile App,129.0,8
QQ Browser,13.5,8
Norton Private Browser,133.0,8
Samsung Browser,27.1,8
Opera,95.0,8
Mobile App,101.0,7
Firefox,112.0,7
Opera,115.0,7
Firefox,118.0,7
Mobile App,128.0,7
Firefox,136.2,7
MIUI Browser,14.31,7
UC Browser,17.3,7
Microsoft Edge,18.17763,7
Notion,4.7,7
Quark,7.8,7
Firefox,78.0,7
Chrome,89.0,7
Opera,89.0,7
Chrome,99.0,7
Firefox,108.0,6
Firefox,114.0,6
Mobile App,118.0,6
Firefox,121.0,6
Mobile App,127.0,6
QQ Browser,13.6,6
Chrome,134,6
Huawei Browser Mobile,14.0,6
Safari,15.2,6
Yandex Browser,23.1,6
Yandex Browser,23.11,6
AdBlock Browser,3.7,6
QtWebEngine,5.15,6
Opera Touch,5.4,6
Chrome,63.0,6
Chrome,69.0,6
Chrome,79.0,6
Firefox,84.0,6
Opera,87.0,6
Mobile App,92.0,6
Firefox,103.0,5
Mobile App,103.0,5
Microsoft Edge,112.0,5
Opera,114.0,5
Firefox,119.0,5
Mobile App,120.0,5
Phoenix Browser,17.9,5
Microsoft Edge,18.18362,5
Microsoft Edge,18.18363,5
Atom,26.0,5
Chrome,74.0,5
Chrome,98.0,5
Android Browser,(not set),4
Firefox,100.0,4
Firefox,101.0,4
Opera,102.0,4
Firefox,104.0,4
Microsoft Edge,105.0,4
Firefox,107.0,4
Microsoft Edge,108.0,4
Microsoft Edge,110.0,4
Firefox,116.0,4
Avast Secure Browser,131.0,4
Firefox,135.2,4
Safari,14.0,4
MIUI Browser,14.1,4
QQ Browser,16.0,4
MIUI Browser,19.3,4
Samsung Browser,23.0,4
Chrome,53.0,4
Opera,62.0,4
Mobile App,68.0,4
Chrome,70.0,4
Chrome,71.0,4
Chrome,77.0,4
Chrome,78.0,4
Chrome,81.0,4
Chrome,88.0,4
Firefox,88.0,4
Microsoft Edge,89.0,4
Firefox,95.0,4
Microsoft Edge,102.0,3
Mobile App,104.0,3
Mobile App,105.0,3
Opera,109.0,3
Huawei Browser Mobile,11.0,3
Safari,11.0,3
Meizu Browser,11.22,3
Mobile App,111.0,3
Opera,118.0,3
Microsoft Edge,119.0,3
Mobile App,125.0,3
QQ Browser,13.2,3
QQ Browser,13.3,3
QQ Browser,13.4,3
vivo Browser,13.7,3
vivo Browser,13.9,3
