name,version,visitors
Chrome,136.0,1774
Microsoft Edge,136.0,467
Mobile App,(not set),342
Safari,18.4,264
Firefox,138.0,139
Chrome,135.0,112
Chrome,134.0,69
Safari,18.5,50
Safari,18.3,39
Safari,17.6,34
Huawei Browser Mobile,16.0,32
Chrome,133.0,22
Mobile App,97.0,22
Microsoft Edge,135.0,20
Firefox,128.0,17
vivo Browser,24.5,17
Chrome,109.0,14
MIUI Browser,19.4,14
Safari,16.6,13
Quark,7.11,13
Safari,18.1,12
vivo Browser,24.4,12
Chrome,122.0,11
vivo Browser,24.3,10
Firefox,115.0,9
Firefox,137.0,9
Safari,17.5,9
Safari,18.0,9
Safari,17.4,8
UC Browser,17.6,8
Safari,18.2,8
Chrome,132.0,6
Microsoft Edge,134.0,6
Chrome,69.0,6
Chrome,92.0,6
Mobile Silk,134.4,5
Safari,16.3,5
Samsung Browser,28.0,5
Chrome,128.0,4
Safari,15.6,4
Safari,17.3,4
Chrome,86.0,4
Safari,(not set),3
Chrome,111.0,3
Chrome,114.0,3
Opera,118.0,3
Chrome,119.0,3
Chrome,127.0,3
QQ Browser,13.0,3
Chrome,130.0,3
Firefox,136.0,3
Firefox,138.1,3
Safari,17.1,3
Safari,17.11,3
Safari,17.7,3
MIUI Browser,19.5,3
vivo Browser,24.6,3
Mobile Silk,108.16,2
Microsoft Edge,109.0,2
Firefox,113.0,2
Mobile App,114.0,2
Safari,12.1,2
Chrome,125.0,2
Chrome,129.0,2
QQ Browser,13.7,2
Microsoft Edge,137.0,2
Chrome,138.0,2
MIUI Browser,14.10,2
Safari,16.4,2
Safari,16.5,2
Safari,16.7,2
Safari,17.2,2
vivo Browser,18.7,2
Safari,19.0,2
QQ Browser,19.1,2
Sogou Explorer,2,2
Craving Explorer,2.10,2
Yandex Browser,25.4,2
AdBlock Browser,3.7,2
Sleipnir,4.8,2
Notion,4.9,2
Quark,7.9,2
Mobile App,83.0,2
Smart Lenovo Browser,9.0,2
(not set),(not set),1
EUI Browser,1.1,1
Microsoft Edge,102.0,1
Chrome,108.0,1
Mobile App,109.0,1
Microsoft Edge,110.0,1
Firefox,110.0,1
Chrome,112.0,1
Microsoft Edge,113.0,1
Chrome,116.0,1
Mobile App,116.0,1
Opera,119.0,1
MIUI Browser,12.2,1
Chrome,120.0,1
Chrome,123.0,1
Chrome,124.0,1
Microsoft Edge,126.0,1
Microsoft Edge,127.0,1
Microsoft Edge,128.0,1
Microsoft Edge,129.0,1
QQ Browser,13.6,1
Microsoft Edge,130.0,1
Firefox,130.0,1
Mobile App,131.0,1
Chrome,131.0,1
Microsoft Edge,131.0,1
Chrome,134,1
Norton Private Browser,134.0,1
AVG Secure Browser,134.0,1
Firefox,135.0,1
Firefox,139.0,1
Huawei Browser Mobile,14.0,1
Huawei Browser Mobile,15.0,1
Safari,15.0,1
Safari,16.2,1
MIUI Browser,16.9,1
UC Browser,17.5,1
Safari,17.8,1
MIUI Browser,18.9,1
Oppo Browser,20.5,1
vivo Browser,21.5,1
vivo Browser,22.3,1
vivo Browser,23.1,1
vivo Browser,23.4,1
vivo Browser,23.5,1
vivo Browser,24.0,1
vivo Browser,24.2,1
Samsung Browser,27.1,1
Yahoo! Japan Browser,3.62,1
Oppo Browser,4.3,1
Chrome,49.0,1
Opera Touch,5.5,1
Chrome,53.0,1
UBrowser,6.2,1
Chrome,63.0,1
Chrome,65.0,1
Chrome,66.0,1
Mypal,68.14,1
Mobile App,77.0,1
Chrome,78.0,1
Firefox,79.0,1
QQ Browser,8.1,1
Chrome,84.0,1
Opera,89.0,1
Chrome,90.0,1
Mobile App,92.0,1
Chrome,96.0,1
