property,value,visitors,events,percentage
url,(none),3797,6625,99.8
url,https://www.python.org/,34,38,0.9
url,https://www.tcl.tk/,3,3,0.1
url,https://en.wikipedia.org/wiki/Fibonacci_sequence,2,2,0.1
url,https://github.com/python/cpython/tree/3.13/Lib/random.py,2,2,0.1
url,https://peps.python.org/pep-0343/,2,2,0.1
url,https://pypi.org/,2,2,0.1
url,https://requests.readthedocs.io/en/master/,2,2,0.1
url,https://tkdocs.com/,2,2,0.1
url,https://www.tcl.tk/man/tcl8.6/TkCmd/contents.htm,2,2,0.1
url,https://core.tcl.tk/tips/doc/trunk/tip/48.md,1,1,0.0
url,https://en.wikipedia.org/wiki/ISO_8601,1,1,0.0
url,https://github.com/python/cpython/blob/main/Doc/bugs.rst,1,1,0.0
url,https://github.com/python/cpython/blob/main/Doc/reference/index.rst,1,1,0.0
url,https://github.com/python/cpython/blob/main/Doc/tutorial/index.rst,1,1,0.0
url,https://github.com/python/cpython/tree/3.13/Lib/asyncio/exceptions.py,1,1,0.0
url,https://github.com/python/cpython/tree/3.13/Lib/asyncio/tasks.py,1,1,0.0
url,https://github.com/python/cpython/tree/3.13/Lib/calendar.py,1,1,0.0
url,https://github.com/python/cpython/tree/3.13/Lib/email/iterators.py,1,1,0.0
url,https://github.com/python/cpython/tree/3.13/Lib/enum.py,1,1,0.0
url,https://github.com/python/cpython/tree/3.13/Lib/fractions.py,1,1,0.0
url,https://github.com/python/cpython/tree/3.13/Lib/netrc.py,1,1,0.0
url,https://github.com/python/cpython/tree/3.13/Lib/poplib.py,1,1,0.0
url,https://github.com/python/cpython/tree/3.13/Lib/pprint.py,1,1,0.0
url,https://github.com/python/cpython/tree/3.13/Lib/queue.py,1,1,0.0
url,https://github.com/python/cpython/tree/3.13/Lib/string.py,1,1,0.0
url,https://github.com/python/cpython/tree/3.13/Lib/tkinter/__init__.py,1,1,0.0
url,https://mypy.readthedocs.io/en/stable/cheat_sheet_py3.html,1,1,0.0
url,https://packaging.python.org/,1,1,0.0
url,https://packaging.python.org/guides/installing-using-pip-and-virtual-environments/#create-and-use-virtual-environments,1,1,0.0
url,https://packaging.python.org/guides/packaging-binary-extensions/,1,1,0.0
url,https://peps.python.org/pep-0008/,1,1,0.0
url,https://peps.python.org/pep-0227/,1,1,0.0
url,https://peps.python.org/pep-0249/,1,1,0.0
url,https://peps.python.org/pep-0292/,1,1,0.0
url,https://peps.python.org/pep-0397/,1,1,0.0
url,https://peps.python.org/pep-0563/,1,1,0.0
url,https://peps.python.org/pep-0636/,1,1,0.0
url,https://poynton.ca/ColorFAQ.html,1,1,0.0
url,https://pypy.org/,1,1,0.0
url,https://tiswww.case.edu/php/chet/readline/rltop.html,1,1,0.0
url,https://tkdocs.com/book.html,1,1,0.0
url,https://wiki.python.org/moin/BeginnersGuide,1,1,0.0
url,https://www.cambridgeincolour.com/tutorials/color-spaces.htm,1,1,0.0
url,https://www.debian.org/doc/manuals/maint-guide/first.en.html,1,1,0.0
url,https://www.python.org/downloads/,1,1,0.0
url,https://www.python.org/psf/donations/,1,1,0.0
url,https://www.sqlite.org/,1,1,0.0
url,https://www.unicode.org/versions/Unicode15.0.0/ch04.pdf#G134153,1,1,0.0
