name,version,visitors
Windows,10,1927
Mac,10.15,649
Android,10,231
iOS,18.4,230
GNU/Linux,(not set),109
Android,14,73
Android,13,70
Android,15,59
Android,12,42
Android,11,40
iOS,18.3,33
iOS,18.5,30
HarmonyOS,(not set),29
Ubuntu,(not set),27
Windows,7,27
iOS,17.6,25
HarmonyOS,3.0,20
Chrome OS,14541.0,16
Android,9,14
iOS,16.7,13
iOS,18.0,13
iOS,18.2,10
HarmonyOS,2.2,10
iOS,18.1,9
iOS,16.6,6
iOS,17.5,5
Android,8.1,5
Windows,8.1,5
iOS,17.4,4
Android,7.1,4
Fire OS,8,4
Android,8.0,4
iOS,12.5,3
iOS,15.8,3
iOS,16.2,3
iOS,16.5,3
iOS,17.7,3
HarmonyOS,2.1,3
Android,6.0,3
Windows,XP,3
Mac,10.14,2
iOS,16.0,2
iOS,16.3,2
iPadOS,16.6,2
iPadOS,16.7,2
iOS,17.3,2
iPadOS,17.6,2
Fire OS,5,2
Android,5.0,2
Mac,10.12,1
Mac,10.9,1
iOS,13.6,1
iOS,14.2,1
iOS,14.4,1
iOS,14.7,1
iOS,15.6,1
iPadOS,15.8,1
iOS,16.1,1
iOS,16.4,1
iOS,17.1,1
iPadOS,17.5,1
Fire OS,7,1
Windows,Server 2003,1
Windows,Vista,1
