property,value,visitors,events,percentage
url,(none),454933,962740,99.7
url,https://psfmember.org/civicrm/contribute/transact?reset=1&id=2,8108,10081,1.8
url,https://docs.python.org/,5024,5567,1.1
url,https://pypi.org/,3468,5061,0.8
url,https://github.com/python/cpython/issues/137583,3361,3594,0.7
url,https://wiki.python.org/moin/BeginnersGuide,1954,2178,0.4
url,https://docs.python.org/3/,1467,1642,0.3
url,http://docs.python.org/3/,1228,1328,0.3
url,https://pythoninsider.blogspot.com/2025/09/python-3140rc3-is-go.html,1193,1351,0.3
url,https://peps.python.org/pep-0719/,1132,1187,0.2
url,https://peps.python.org/pep-0745/,721,753,0.2
url,http://wiki.python.org/moin/BeginnersGuide/Download,709,744,0.2
url,http://wiki.python.org/moin/BeginnersGuide/NonProgrammers,700,755,0.2
url,https://docs.python.org/release/3.13.7/whatsnew/changelog.html,604,635,0.1
url,https://wiki.python.org/moin/PythonBooks,440,476,0.1
url,https://apps.microsoft.com/detail/9NQ7512CXL7T,404,427,0.1
url,https://devguide.python.org/,382,413,0.1
url,http://wiki.python.org/moin/BeginnersGuide/Programmers,280,293,0.1
url,http://brochure.getpython.info/,259,313,0.1
url,https://devguide.python.org/versions/#versions,216,226,0.0
url,https://docs.python.org/3/license.html,188,208,0.0
url,https://peps.python.org/pep-0664/,184,186,0.0
url,https://docs.python.org/release/3.11.13/whatsnew/changelog.html#python-3-11-13,178,183,0.0
url,http://wiki.python.org/moin/IntroductoryBooks,176,186,0.0
url,https://docs.python.org/3/tutorial/controlflow.html#defining-functions,173,190,0.0
url,https://docs.python.org/3/tutorial/index.html,169,176,0.0
url,https://peps.python.org/pep-0693/,163,170,0.0
url,https://docs.python.org/faq/,154,166,0.0
url,https://docs.python.org/3.13/,142,144,0.0
url,https://docs.python.org/release/3.13.7/,142,150,0.0
url,https://jobs.python.org/,136,148,0.0
url,https://docs.python.org/3/library/index.html,135,147,0.0
url,http://www.activestate.com/activepython/,134,144,0.0
url,http://wiki.python.org/moin/BeginnersGuide/Examples,133,135,0.0
url,https://blog.python.org/,129,139,0.0
url,http://wiki.python.org/moin/IntegratedDevelopmentEnvironments,126,129,0.0
url,https://peps.python.org/pep-0619/,123,128,0.0
url,https://docs.python.org/3/using/android.html,116,122,0.0
url,https://peps.python.org/,113,117,0.0
url,https://github.com/python/cpython/issues,106,112,0.0
url,https://docs.python.org/release/3.10.18/whatsnew/changelog.html,103,109,0.0
url,https://docs.python.org/3.13/whatsnew/3.13.html#a-better-interactive-interpreter,100,103,0.0
url,https://pyfound.blogspot.com/2025/09/announcing-2025-psf-board-election.html,100,106,0.0
url,http://wiki.python.org/moin/Languages,99,112,0.0
url,https://gitlab.com/python-devs/ci-images,95,101,0.0
url,https://github.com/python/cpython/issues/135034,91,94,0.0
url,https://wiki.python.org/moin/BeginnersGuide/Programmers,90,94,0.0
url,https://docs.python.org/release/3.12.11/whatsnew/changelog.html#python-3-12-11,86,90,0.0
url,http://www.djangoproject.com/,83,89,0.0
url,https://www.linkedin.com/company/python-software-foundation/,80,86,0.0
url,https://status.python.org/,70,75,0.0
url,http://omz-software.com/pythonista/index.html,65,66,0.0
url,http://docs.python.org/,61,65,0.0
url,https://briefcase.readthedocs.io/,61,63,0.0
url,https://docs.python.org/3/whatsnew/3.13.html,60,64,0.0
url,http://docs.python.org/3/faq/,59,59,0.0
url,https://docs.python.org/3.14/whatsnew/3.14.html#whatsnew314-pep779,58,60,0.0
url,https://docs.python.org/release/3.13.6/whatsnew/changelog.html#python-3-13-6,58,66,0.0
url,https://docs.python.org/3/reference/index.html,57,61,0.0
url,https://docs.python.org/3.13/whatsnew/3.13.html,56,61,0.0
url,https://docs.python.org/3/tutorial/,56,56,0.0
url,https://docs.python.org/3/tutorial/introduction.html#lists,56,57,0.0
url,https://wiki.python.org/moin/,56,58,0.0
url,http://wiki.python.org/moin/PythonEditors,54,55,0.0
url,https://peps.python.org/pep-0738/,49,50,0.0
url,http://pyfound.blogspot.com/,48,51,0.0
url,https://wiki.python.org/moin/BeginnersGuide/NonProgrammers,47,49,0.0
url,https://wiki.python.org/moin/PythonPeriodicals,46,47,0.0
url,https://docs.python.org/release/3.9.23/whatsnew/changelog.html,44,45,0.0
url,http://docs.python.org/3/tutorial/,41,41,0.0
url,https://buildozer.readthedocs.io/,41,41,0.0
url,http://pypi.org/,40,40,0.0
url,http://pypi.python.org/pypi?%3Aaction=index,40,41,0.0
url,https://github.com/python/cpython/issues/135151,40,43,0.0
url,https://s3.dualstack.us-east-2.amazonaws.com/pythondotorg-assets/media/files/python-logo-only.svg,40,48,0.0
url,http://packaging.python.org/,38,38,0.0
url,https://pyto.app/,38,39,0.0
url,https://docs.python.org/3.7/using/windows.html#embedded-distribution,37,39,0.0
url,https://docs.python.org/release/3.13.5/whatsnew/changelog.html#python-3-13-5,36,40,0.0
url,https://docs.python.org/release/3.8.20/whatsnew/changelog.html,36,40,0.0
url,https://s3.dualstack.us-east-2.amazonaws.com/pythondotorg-assets/media/community/logos/python-logo-only.png,35,40,0.0
url,http://buildbot.net/,34,35,0.0
url,https://docs.python.org/3/tutorial/controlflow.html,33,34,0.0
url,https://github.com/beeware/Python-Apple-support,33,35,0.0
url,https://pyfound.blogspot.com/2025/08/pypistats-org-is-now-operated-by-the-psf.html,33,33,0.0
url,http://us.pycon.org/,32,36,0.0
url,http://www.pylonsproject.org/,32,32,0.0
url,https://docs.python.org/dev/using/windows.html,32,33,0.0
url,https://docs.python.org/release/3.11.12/whatsnew/changelog.html#python-3-11-12,32,33,0.0
url,https://docs.python.org/3.12/whatsnew/3.12.html,31,34,0.0
url,https://docs.python.org/3.8/using/windows.html#embedded-distribution,31,32,0.0
url,http://docs.python.org/3/tutorial/introduction.html#using-python-as-a-calculator,30,30,0.0
url,http://pycon.blogspot.com/,30,31,0.0
url,https://docs.python.org/3/using/index.html,30,30,0.0
url,https://peps.python.org/pep-0594/,30,30,0.0
url,http://pandas.pydata.org/,29,32,0.0
url,https://pyfound.blogspot.com/2025/09/sprints-are-best-part-of-conference.html,29,31,0.0
url,https://wiki.python.org/moin/PythonEventsCalendar#Submitting_an_Event,28,32,0.0
url,https://docs.python.org/release/3.11.11/whatsnew/changelog.html#python-3-11-11,27,27,0.0
url,https://docs.python.org/release/3.11.9/whatsnew/changelog.html#python-3-11-9,27,27,0.0
url,https://github.com/python/pymanager,27,27,0.0
url,https://app.loxo.co/job/MzYyLXN1cjA1c2ZtNW5kY3N6YXk=,26,28,0.0
url,http://wiki.python.org/moin/TkInter,25,25,0.0
url,https://docs.python.org/3.13/whatsnew/3.13.html#defined-mutation-semantics-for-locals,25,25,0.0
url,https://docs.python.org/dev/,25,26,0.0
url,https://peps.python.org/pep-0696/,25,26,0.0
url,http://ipython.org/,24,24,0.0
url,https://docs.python.org/3.14/whatsnew/3.14.html,24,25,0.0
url,https://docs.python.org/release/3.10.13/whatsnew/changelog.html#python-3-10-13-final,24,25,0.0
url,https://pypy.org/,24,24,0.0
url,https://docs.python.org/3.12/whatsnew/3.12.html#pep-701-syntactic-formalization-of-f-strings,23,27,0.0
url,https://docs.python.org/3.13/whatsnew/3.13.html#whatsnew313-free-threaded-cpython,23,25,0.0
url,http://planetpython.org/,22,24,0.0
url,https://docs.python.org/3.7/,22,24,0.0
url,https://docs.python.org/3/download.html,22,22,0.0
url,https://docs.python.org/release/3.12.10/whatsnew/changelog.html#python-3-12-10,22,22,0.0
url,https://pyfound.blogspot.com/2025/09/the-2025-psf-board-election-is-open.html,22,24,0.0
url,https://docs.python.org/devguide/#contributing,21,31,0.0
url,https://python-forum.io/,21,22,0.0
url,http://docs.python.org/library/markup,20,22,0.0
url,http://wiki.python.org/moin/WebProgramming,20,23,0.0
url,https://github.com/python/cpython/pull/138363,20,21,0.0
url,https://docs.python.org/3.12/,18,19,0.0
url,https://docs.python.org/release/3.10.0/whatsnew/changelog.html#python-3-10-0-final,18,18,0.0
url,https://docs.python.org/release/3.10.17/whatsnew/changelog.html,18,19,0.0
url,https://fosstodon.org/@ThePSF,18,18,0.0
url,https://github.com/python/pythondotorg/issues,18,21,0.0
url,http://code.activestate.com/recipes/langs/python/,17,18,0.0
url,http://flask.pocoo.org/,17,21,0.0
url,https://docs.python.org/3/c-api/index.html,17,17,0.0
url,https://docs.python.org/release/3.10.12/whatsnew/changelog.html#python-3-10-12-final,17,17,0.0
url,https://docs.python.org/release/3.7.9/whatsnew/changelog.html#changelog,17,23,0.0
url,https://mail.python.org/mailman/listinfo/python-dev,17,21,0.0
url,https://wiki.python.org/moin/BeginnersGuide/Download,17,17,0.0
url,https://docs.python.org/release/3.8.10/whatsnew/changelog.html,16,16,0.0
url,https://peps.python.org/pep-0730/,16,17,0.0
url,https://twitter.com/ThePSF,16,16,0.0
url,https://gh.pycon.org/2025/,15,15,0.0
url,https://github.com/pvieito/PythonKit,15,16,0.0
url,https://github.com/python/cpython/issues/103142,15,15,0.0
url,http://docs.python.org/3/library/,14,15,0.0
url,http://pypi.python.org/pypi,14,14,0.0
url,http://tornadoweb.org/,14,14,0.0
url,http://www.scipy.org/,14,14,0.0
url,http://mcsp.wartburg.edu/zelle/python/,13,23,0.0
url,http://www.riverbankcomputing.co.uk/software/pyqt/intro,13,13,0.0
url,https://bugs.python.org/,13,15,0.0
url,https://docs.python.org/3/howto/index.html,13,13,0.0
url,https://docs.python.org/3/py-modindex.html,13,14,0.0
url,https://docs.python.org/3/search.html,13,13,0.0
url,https://docs.python.org/release/3.10.14/whatsnew/changelog.html,13,13,0.0
url,https://www.meetup.com/pythonnz-online/events/302440401/,13,14,0.0
url,http://www.ansible.com/,12,12,0.0
url,http://www.wxpython.org/,12,12,0.0
url,https://docs.python.org/3.13/whatsnew/3.13.html#an-experimental-just-in-time-jit-compiler,12,14,0.0
url,https://docs.python.org/3.7/whatsnew/3.7.html,12,15,0.0
url,https://docs.python.org/release/1.4/,12,12,0.0
url,https://docs.python.org/release/3.12.11/,12,12,0.0
url,https://github.com/python/cpython/issues/123678,12,12,0.0
url,https://kivy.org/,12,13,0.0
url,https://peps.python.org/pep-0011/#tier-2,12,12,0.0
url,https://peps.python.org/pep-0742/,12,12,0.0
url,https://pythondiscord.com/,12,13,0.0
url,https://pyvideo.org/,12,12,0.0
url,https://www.linkedin.com/groups/25827/,12,14,0.0
url,http://bottlepy.org/,11,11,0.0
url,http://trac.edgewall.org/,11,11,0.0
url,https://docs.python.org/release/3.10.11/whatsnew/changelog.html#python-3-10-11-final,11,11,0.0
url,https://docs.python.org/release/3.10.6/whatsnew/changelog.html#python-3-10-6-final,11,12,0.0
url,https://docs.python.org/release/3.7.17/whatsnew/changelog.html#changelog,11,11,0.0
url,https://github.com/python/cpython/issues/,11,11,0.0
url,https://docs.python.org/3.12/howto/perf_profiling.html,10,11,0.0
url,https://docs.python.org/3.14/whatsnew/3.14.html#whatsnew314-pep765,10,10,0.0
url,https://docs.python.org/3/glossary.html,10,11,0.0
url,https://docs.python.org/release/3.11.0/whatsnew/changelog.html#python-3-11-0-final,10,10,0.0
url,https://docs.python.org/release/3.13.4/whatsnew/changelog.html#python-3-13-4,10,10,0.0
url,https://docs.python.org/release/3.8.11/whatsnew/changelog.html#changelog,10,10,0.0
url,https://hg.python.org/cpython/raw-file/15c95b7d81dc/Misc/NEWS,10,12,0.0
url,https://pycon.de/,10,11,0.0
url,https://www.openstack.org/,10,11,0.0
url,http://roundup.sourceforge.net/,9,10,0.0
url,http://www.tryton.org/,9,9,0.0
url,https://devguide.python.org/versions/,9,9,0.0
url,https://docs.python.org/3.13/whatsnew/3.13.html#improved-error-messages,9,9,0.0
url,https://docs.python.org/3.14/whatsnew/3.14.html#whatsnew314-tail-call,9,9,0.0
url,https://docs.python.org/release/3.10.16/whatsnew/changelog.html,9,9,0.0
url,https://docs.python.org/release/3.10.18/,9,10,0.0
url,https://docs.python.org/release/3.11.10/whatsnew/changelog.html#python-3-11-10,9,9,0.0
url,https://docs.python.org/release/3.13.2/whatsnew/changelog.html#python-3-13-2,9,11,0.0
url,https://docs.python.org/release/3.8.19/whatsnew/changelog.html,9,10,0.0
url,https://docs.python.org/release/3.9.13/whatsnew/changelog.html,9,9,0.0
url,https://podcasters.spotify.com/pod/show/corepy,9,9,0.0
url,https://wiki.gnome.org/Projects/PyGObject,9,9,0.0
url,https://www.rocketsoftware.com/products/rocket-open-source,9,9,0.0
url,http://bugs.python.org/,8,8,0.0
url,http://legacy.python.org/download/releases/binaries-1.1/,8,8,0.0
url,http://www.pythonweekly.com/,8,8,0.0
url,http://www.web2py.com/,8,8,0.0
url,https://devguide.python.org/triage/issue-tracker/,8,8,0.0
url,https://discuss.python.org/,8,8,0.0
url,https://docs.python.org/3.11/,8,8,0.0
url,https://docs.python.org/3.14/,8,9,0.0
url,https://docs.python.org/3.14/whatsnew/3.14.html#whatsnew314-pep649,8,8,0.0
url,https://docs.python.org/3.14/whatsnew/3.14.html#whatsnew314-pep750,8,10,0.0
url,https://docs.python.org/release/3.12.5/whatsnew/changelog.html#python-3-12-5,8,8,0.0
url,https://docs.python.org/release/3.12.6/whatsnew/changelog.html#python-3-12-6,8,8,0.0
url,https://docs.python.org/release/3.12.9/whatsnew/changelog.html#python-3-12-9,8,8,0.0
url,https://docs.python.org/release/3.8.5/whatsnew/changelog.html#changelog,8,8,0.0
url,https://docs.python.org/release/3.9.18/whatsnew/changelog.html#changelog,8,8,0.0
url,https://docs.python.org/release/3.9.20/whatsnew/changelog.html,8,8,0.0
url,https://docs.python.org/release/3.9.21/whatsnew/changelog.html,8,9,0.0
url,https://github.com/python/cpython/issues/126623,8,8,0.0
url,https://pythonniger.org/events,8,9,0.0
url,https://saltproject.io/,8,8,0.0
url,https://wiki.python.org/moin/PythonConferences,8,8,0.0
url,https://www.arm.com/,8,8,0.0
url,https://www.opensource.org/,8,8,0.0
url,http://legacy.python.org/download/releases/binaries-1.2/,7,7,0.0
url,http://legacy.python.org/download/releases/src/,7,7,0.0
url,http://scipy.org/,7,7,0.0
url,https://2025.pycon.jp/,7,7,0.0
url,https://2026.pycascades.com/,7,8,0.0
url,https://docs.python.org/3.10/,7,7,0.0
url,https://docs.python.org/3.14/whatsnew/3.14.html#whatsnew314-pep758,7,7,0.0
url,https://docs.python.org/3.8/,7,7,0.0
url,https://docs.python.org/3.8/whatsnew/changelog.html#python-3-8-0-final,7,7,0.0
url,https://docs.python.org/3/license.html#terms-and-conditions-for-accessing-or-otherwise-using-python,7,10,0.0
url,https://docs.python.org/release/3.10.15/whatsnew/changelog.html,7,7,0.0
url,https://docs.python.org/release/3.12.0/whatsnew/changelog.html#python-3-12-0,7,7,0.0
url,https://docs.python.org/release/3.13.0/whatsnew/changelog.html#python-3-13-0,7,7,0.0
url,https://docs.python.org/release/3.9.19/whatsnew/changelog.html,7,7,0.0
url,https://github.com/advisories/GHSA-79wf-qgrg-2p6c,7,7,0.0
url,https://github.com/python/cpython/issues/106883,7,8,0.0
url,https://libera.chat/guides/registration,7,7,0.0
url,https://mail.python.org/archives/list/python-dev@python.org/thread/CLVXXPQ2T2LQ5MP2Y53VVQFCXYWQJHKZ/,7,7,0.0
url,https://mail.python.org/mailman/listinfo/mobile-sig/,7,7,0.0
url,https://peps.python.org/pep-0701/,7,8,0.0
url,https://pyfound.blogspot.com/2025/08/the-2024-python-developer-survey.html,7,7,0.0
url,https://pypi.python.org/,7,7,0.0
url,https://raw.githubusercontent.com/python/cpython/84471935ed2f62b8c5758fd544c7d37076fe0fa5/Misc/NEWS,7,10,0.0
url,https://us.pycon.org/,7,8,0.0
url,http://docs.python.org/3.0/whatsnew/3.0.html,6,6,0.0
url,http://docs.python.org/3/reference/,6,6,0.0
url,http://docs.python.org/library/json.html,6,6,0.0
url,https://2026.pycon.it/en,6,6,0.0
url,https://docs.python.org/3.13/whatsnew/3.13.html#other-language-changes,6,6,0.0
url,https://docs.python.org/3.14/whatsnew/3.14.html#removed,6,6,0.0
url,https://docs.python.org/3.7/whatsnew/changelog.html#python-3-7-7-final,6,6,0.0
url,https://docs.python.org/3.9/,6,6,0.0
url,https://docs.python.org/release/3.11.4/whatsnew/changelog.html#python-3-11-4,6,6,0.0
url,https://docs.python.org/release/3.11.5/whatsnew/changelog.html#python-3-11-5,6,6,0.0
url,https://docs.python.org/release/3.12.2/whatsnew/changelog.html#python-3-12-2,6,7,0.0
url,https://docs.python.org/release/3.12.3/whatsnew/changelog.html#python-3-12-2,6,6,0.0
url,https://docs.python.org/release/3.12.7/whatsnew/changelog.html#python-3-12-7,6,6,0.0
url,https://docs.python.org/release/3.12.8/whatsnew/changelog.html#python-3-12-8,6,6,0.0
url,https://docs.python.org/release/3.8.18/whatsnew/changelog.html#changelog,6,6,0.0
url,https://github.com/python/cpython/issues/137242,6,6,0.0
url,https://github.com/sponsors/python,6,6,0.0
url,https://peps.python.org/pep-0011/#no-longer-supported-platforms,6,6,0.0
url,https://policies.python.org/python.org/Privacy-Notice/,6,6,0.0
url,https://pycon.ee/,6,6,0.0
url,https://www.anaconda.com/download,6,6,0.0
url,http://docs.python.org/howto/sockets.html,5,5,0.0
url,http://docs.python.org/release/3.9.16/whatsnew/changelog.html,5,5,0.0
url,https://docs.python.org/3.12/whatsnew/3.12.html#pep-695-type-parameter-syntax,5,5,0.0
url,https://docs.python.org/3.13/whatsnew/3.13.html#dbm,5,5,0.0
url,https://docs.python.org/3.13/whatsnew/3.13.html#removed-modules-and-apis,5,5,0.0
url,https://docs.python.org/3.14/whatsnew/3.14.html#remote-attaching-to-a-running-python-process-with-pdb,5,5,0.0
url,https://docs.python.org/3/extending/index.html,5,5,0.0
url,https://docs.python.org/release/3.11.13/,5,5,0.0
url,https://docs.python.org/release/3.11.6/whatsnew/changelog.html#python-3-11-6,5,5,0.0
url,https://docs.python.org/release/3.11.8/whatsnew/changelog.html#python-3-11-8,5,5,0.0
url,https://docs.python.org/release/3.12.10/,5,5,0.0
url,https://docs.python.org/release/3.12.4/whatsnew/changelog.html#python-3-12-4,5,7,0.0
url,https://docs.python.org/release/3.13.0/,5,5,0.0
url,https://docs.python.org/release/3.7.11/whatsnew/changelog.html#changelog,5,6,0.0
url,https://github.com/microsoft/mimalloc,5,5,0.0
url,https://github.com/python/cpython/issues/109858,5,5,0.0
url,https://peps.python.org/pep-0702,5,5,0.0
url,https://peps.python.org/pep-0705/,5,5,0.0
url,https://pydata.org/paris2025,5,5,0.0
url,https://pypi.org/project/requests/,5,5,0.0
url,https://pyweek.org/39/,5,5,0.0
url,https://search-atlas.breezy.hr/p/3792acccc10b-backend-engineer?state=published,5,7,0.0
url,https://www.eventbrite.co.uk/e/python-live-statistical-types-for-pandas-dataframes-and-friends-tickets-380247780347,5,5,0.0
url,https://www.ibm.com/support/pages/aix-toolbox-open-source-software-get-started,5,5,0.0
url,https://www.odoo.com/,5,6,0.0
url,https://www.pycon.org/,5,5,0.0
url,https://xon.sh/,5,5,0.0
url,http://hg.python.org/cpython/raw-file/v2.0.1/Misc/NEWS,4,4,0.0
url,http://lmorillas.github.io/python_events/,4,6,0.0
url,http://wiki.python.org/moin/NumericAndScientific,4,4,0.0
url,http://www.openbookproject.net/thinkcs/python/english2e/,4,4,0.0
url,https://bugs.python.org/issue38605,4,4,0.0
url,https://dearpygui.readthedocs.io/en/latest/,4,4,0.0
url,https://docs.python.org/3.13/whatsnew/3.13.html#new-deprecations,4,4,0.0
url,https://docs.python.org/3.13/whatsnew/3.13.html#removed-c-apis,4,4,0.0
url,https://docs.python.org/3.14/whatsnew/3.14.html#whatsnew314-pep734,4,4,0.0
url,https://docs.python.org/3.14/whatsnew/3.14.html#whatsnew314-pep768,4,4,0.0
url,https://docs.python.org/3.6/using/windows.html#embedded-distribution,4,4,0.0
