name,visitors,bounce_rate,visit_duration
chatgpt.com,1022,68,92
idcsharp.com,40,62,26
perplexity,29,41,118
yandex,22,18,74
zalo,19,58,23
hackernoon.com,8,75,33
leanpub.com,4,75,22
ethicalads-placement,3,67,8
learn-ubuntu,3,33,172
logotypus.com,3,67,1
Securitylab.ru,2,100,0
crypto-robot.com,2,50,20
devkoriel,2,100,0
discusswithsai.com,2,100,0
assemblyai.com,1,0,77
blog.michivonah.ch,1,0,157
blog.tericcabrel.com,1,100,0
bluescreen.kz,1,50,28
datascience.fm,1,0,1
empty-space,1,0,47
google,1,100,0
itdo.com,1,100,0
jessehouwing.net,1,100,0
post_page-----2f34eb1b9572---------------------------------------,1,0,8
post_page-----3266f4039c7a---------------------------------------,1,100,0
producthunt,1,100,0
site,1,100,0
winstall,1,100,0
wuhoo.cn,1,100,0
ya,1,0,13
