name,visitors
Chrome,105779
Microsoft Edge,26742
Firefox,18190
Safari,12462
Yandex Browser,2661
Mobile App,1632
Opera,1608
Samsung Browser,310
UC Browser,184
SberBrowser,173
Quark,156
vivo Browser,132
Huawei Browser Mobile,124
Brave,97
(not set),88
MIUI Browser,81
Smart Lenovo Browser,76
QQ Browser,57
Whale Browser,33
Mobile Silk,31
Avast Secure Browser,29
Opera GX,21
QtWebEngine,21
Sogou Explorer,20
Chromium,17
Huawei Browser,14
Norton Private Browser,14
Falkon,10
Ecosia,9
Iron,8
Opera Touch,8
AVG Secure Browser,6
AdBlock Browser,6
DuckDuckGo Privacy Browser,6
Hi Browser,6
Pale Moon,6
Android Browser,5
Kindle Browser,5
JioSphere,4
NetFront,4
CCleaner,3
Notion,3
Phoenix Browser,3
Qwant Mobile,3
GNOME Web,2
Oculus Browser,2
Oppo Browser,2
Sleipnir,2
Sogou Mobile Browser,2
Avira Secure Browser,1
Openwave Mobile Browser,1
Reeder,1
Tizen Browser,1
t-online.de Browser,1
