name,visitors,pageviews,bounce_rate,time_on_page,scroll_depth
/ja/3/bugs.html,277,295,84,4,46
/ja/3/c-api/bytes.html,135,144,84,3,23
/ja/3.13/tutorial/,119,172,56,43,51
/ja/3/,109,179,53,11,72
/ja/3/reference/introduction.html,109,135,73,6,44
/ja/3/library/functions.html,105,106,84,49,41
/ja/3.13/c-api/capsule.html,96,107,77,3,29
/ja/3/library/index.html,88,114,61,33,40
/ja/3/library/stdtypes.html,79,94,80,52,32
/ja/3/tutorial/index.html,63,85,56,26,60
/ja/3.13/library/stdtypes.html,62,70,62,63,31
/ja/3/tutorial/,57,68,65,27,59
/ja/3.13/search.html,56,94,27,17,55
/ja/3.13/tutorial/controlflow.html,50,59,63,139,39
/ja/3.13/tutorial/interpreter.html,49,58,67,85,81
/ja/3.13/tutorial/index.html,46,84,43,60,74
/ja/3/tutorial/interpreter.html,44,42,89,41,63
/ja/3.13/tutorial/appetite.html,42,40,27,44,82
/ja/dev/tutorial/index.html,42,45,75,5,37
/ja/3.13/library/functions.html,41,41,69,94,52
/ja/3.13/tutorial/introduction.html,40,51,50,110,51
/ja/3.13/,39,59,33,17,74
/ja/3.13/library/datetime.html,39,38,97,101,30
/ja/3/search.html,36,63,41,15,55
/ja/3/library/pathlib.html,35,37,84,38,37
/ja/3/tutorial/datastructures.html,35,39,56,45,56
/ja/3/library/os.html,33,32,81,49,38
/ja/3/tutorial/controlflow.html,32,49,69,130,29
/ja/3.13/index.html,31,36,22,11,73
/ja/3.13/tutorial/datastructures.html,31,30,83,145,60
/ja/3.13/tutorial/inputoutput.html,31,31,75,35,55
/ja/3.13/library/random.html,30,35,89,42,48
/ja/3/reference/index.html,30,49,41,17,70
/ja/3/tutorial/introduction.html,28,46,67,114,55
/ja/3.13/howto/sorting.html,27,26,75,43,41
/ja/3/index.html,27,31,56,9,74
/ja/3/library/math.html,27,30,86,30,39
/ja/3.13/library/codecs.html,26,28,88,44,12
/ja/3.13/library/tkinter.html,26,29,85,37,27
/ja/3.13/reference/index.html,26,38,40,20,73
/ja/3/library/exceptions.html,26,28,67,14,57
/ja/3/library/heapq.html,26,29,77,37,51
/ja/3.13/library/re.html,25,25,96,41,39
/ja/3.13/glossary.html,24,25,56,67,39
/ja/3/library/datetime.html,24,25,90,257,48
/ja/3/tutorial/appetite.html,24,22,44,42,85
/ja/3/tutorial/classes.html,23,23,85,133,40
/ja/3.13/library/index.html,22,30,0,31,60
/ja/3.13/library/logging.html,22,23,84,44,43
/ja/3/library/venv.html,22,27,96,32,31
/ja/3.13/library/itertools.html,21,22,80,36,26
/ja/3.13/tutorial/modules.html,21,18,75,40,42
/ja/3.13/library/csv.html,20,21,88,72,41
/ja/3/library/multiprocessing.html,20,21,78,55,9
/ja/3/reference/expressions.html,20,24,67,45,66
/ja/3.13/library/exceptions.html,19,16,92,51,70
/ja/3.13/library/typing.html,19,18,100,54,30
/ja/3/tutorial/modules.html,19,16,57,59,48
/ja/3.13/tutorial/errors.html,18,16,67,63,40
/ja/3/reference/compound_stmts.html,18,19,67,224,24
/ja/dev/library/python.html,18,19,93,4,47
/ja/3.13/library/argparse.html,17,17,100,34,40
/ja/3.13/library/multiprocessing.html,17,18,82,66,23
/ja/3/reference/lexical_analysis.html,17,16,100,35,70
/ja/3/library/,16,18,23,178,48
/ja/3.13/library/sys.html,15,14,75,33,22
/ja/3.13/reference/compound_stmts.html,15,12,100,103,40
/ja/3.13/reference/expressions.html,15,16,57,72,76
/ja/3.13/using/windows.html,15,12,100,73,26
/ja/3/glossary.html,15,15,78,16,52
/ja/3/library/re.html,15,13,91,22,29
/ja/3.13/contents.html,14,14,0,9,2
/ja/3.13/library/concurrent.futures.html,14,22,53,7,34
/ja/3.13/library/sqlite3.html,14,16,94,23,22
/ja/3.13/library/struct.html,14,17,100,26,35
/ja/3.13/library/threading.html,14,13,90,31,22
/ja/3.13/library/venv.html,14,14,89,29,29
/ja/3/howto/sorting.html,14,19,92,49,29
/ja/3.13/installing/index.html,13,16,85,18,50
/ja/3/library/time.html,13,15,73,77,42
/ja/dev/tutorial/errors.html,13,12,80,79,51
/ja/3/tutorial/stdlib.html,12,11,0,140,62
/ja/3.13/library/collections.html,11,10,89,55,29
/ja/3.13/library/json.html,11,10,100,36,40
/ja/3.13/reference/datamodel.html,11,12,100,23,35
/ja/3/library/bisect.html,11,15,67,24,61
/ja/3/library/csv.html,11,11,88,38,29
/ja/3/library/tkinter.html,11,11,90,24,15
/ja/3.13/library/asyncio-task.html,10,9,100,184,55
/ja/3.13/library/asyncio.html,10,16,67,31,75
/ja/3.13/library/enum.html,10,12,100,32,31
/ja/3.13/library/urllib.request.html,10,8,83,222,35
/ja/3.13/reference/import.html,10,12,25,28,35
/ja/3.13/tutorial/classes.html,10,8,100,30,43
/ja/3.13/tutorial/venv.html,10,12,100,175,73
/ja/3/library/itertools.html,10,9,50,43,30
/ja/3/reference/datamodel.html,10,9,75,15,55
/ja/3.13/extending/extending.html,9,7,50,5,88
/ja/3.13/library/dataclasses.html,9,9,75,22,47
/ja/3.13/library/os.path.html,9,11,89,8,34
