name,version,visitors
Chrome,138.0,566
Mobile App,(not set),198
Microsoft Edge,138.0,122
Chrome,139.0,78
Safari,18.5,44
Whale Browser,4.32,28
Chrome,87.0,26
Firefox,141.0,24
Samsung Browser,28.0,18
Chrome,137.0,13
Chrome,134.0,12
Chrome,135.0,11
Huawei Browser Mobile,16.0,7
Chrome,109.0,6
Safari,18.6,6
Safari,26.0,6
vivo Browser,25.6,5
Quark,7.14,5
Chrome,124.0,4
Chrome,131.0,4
Microsoft Edge,137.0,4
Safari,15.6,4
Mobile App,97.0,4
Microsoft Edge,134.0,3
Chrome,136.0,3
Safari,18.3,3
Safari,18.4,3
Safari,(not set),2
Chrome,104.0,2
Microsoft Edge,109.0,2
Microsoft Edge,130.0,2
Chrome,133.0,2
Safari,17.6,2
UC Browser,17.8,2
MIUI Browser,20.0,2
Whale Browser,3.18,2
Whale Browser,4.33,2
vivo Browser,4.9,2
Chrome,108.0,1
Chrome,114.0,1
Chrome,117.0,1
Firefox,119.0,1
Opera,120.0,1
Microsoft Edge,120.0,1
Chrome,123.0,1
Chrome,126.0,1
Microsoft Edge,131.0,1
Microsoft Edge,132.0,1
Chrome,132.0,1
Microsoft Edge,139.0,1
Chrome,140.0,1
Chrome,141.0,1
Safari,16.1,1
Safari,16.5,1
Safari,16.6,1
Safari,17.3,1
Safari,17.5,1
UC Browser,17.5,1
Safari,18.1,1
Sogou Explorer,2,1
vivo Browser,23.1,1
vivo Browser,25.4,1
Notion,4.16,1
Huawei Browser Mobile,5.1,1
Quark,7.15,1
Chrome,83.0,1
Mobile App,90.0,1
Opera,95.0,1
