property,value,visitors,events,percentage
url,(none),1817,2972,99.8
url,https://www.python.org/,23,24,1.3
url,https://peps.python.org/pep-0397/,5,5,0.3
url,https://wiki.python.org/moin/BeginnersGuide,3,3,0.2
url,https://www.tkdocs.com/,3,3,0.2
url,https://www.tkdocs.com/shipman/,3,3,0.2
url,https://peps.python.org/pep-0008/,2,2,0.1
url,https://pypi.org/project/DateType/,2,2,0.1
url,https://tiswww.case.edu/php/chet/readline/rltop.html,2,2,0.1
url,https://www.debian.org/doc/manuals/maint-guide/first.fr.html,2,2,0.1
url,https://www.python.org/downloads/,2,2,0.1
url,https://www.python.org/downloads/macos/,2,2,0.1
url,https://cffi.readthedocs.io/,1,1,0.1
url,https://cython.org/,1,1,0.1
url,https://dateutil.readthedocs.io/en/stable/,1,1,0.1
url,https://github.com/python/cpython/tree/3.13/Lib/asyncio/,1,1,0.1
url,https://github.com/python/cpython/tree/3.13/Lib/calendar.py,1,1,0.1
url,https://github.com/python/cpython/tree/3.13/Lib/decimal.py,1,1,0.1
url,https://github.com/python/cpython/tree/3.13/Lib/difflib.py,1,1,0.1
url,https://github.com/python/cpython/tree/3.13/Lib/idlelib/,1,2,0.1
url,https://github.com/python/cpython/tree/3.13/Lib/ntpath.py,1,1,0.1
url,https://github.com/python/cpython/tree/3.13/Lib/pickle.py,1,1,0.1
url,https://manpages.debian.org/bind(3tk),1,1,0.1
url,https://numba.pydata.org/,1,1,0.1
url,https://packaging.python.org/en/latest/tutorials/packaging-projects/,1,1,0.1
url,https://packaging.python.org/extensions/,1,1,0.1
url,https://packaging.python.org/science/,1,1,0.1
url,https://peps.python.org/pep-0324/,1,1,0.1
url,https://peps.python.org/pep-0488/,1,1,0.1
url,https://timgolden.me.uk/python/win32_how_do_i.html,1,1,0.1
url,https://toml.io/en/,1,1,0.1
url,https://wiki.python.org/moin/PythonBooks,1,1,0.1
url,https://www.python.org/downloads/source/,1,1,0.1
url,https://www.sqlite.org/,1,1,0.1
url,https://www.swig.org/,1,1,0.1
url,https://www.youtube.com/watch?v=JgIgEjASOlk,1,1,0.1
