name,unique_entrances,total_entrances,visit_duration
/it/3/tutorial/index.html,17,18,419
/it/3.13/tutorial/index.html,12,12,92
/3/,8,8,409
/it/3/tutorial/appetite.html,6,6,1138
/3/tutorial/index.html,4,4,23
/it/3.13/tutorial/inputoutput.html,4,4,6
/it/3.13/library/index.html,3,3,120
/it/3.13/tutorial/appetite.html,3,3,466
/it/3.13/tutorial/controlflow.html,3,3,0
/it/3.13/tutorial/interpreter.html,3,3,1
/it/3/library/stdtypes.html,3,3,904
/it/3/tutorial/controlflow.html,3,3,0
/it/3/tutorial/errors.html,3,3,0
/it/3/tutorial/inputoutput.html,3,3,0
/3/library/tkinter.html,2,2,696
/3/search.html,2,2,139
/it/3.12/tutorial/,2,2,214
/it/3.13/,2,2,152
/it/3.13/library/functions.html,2,2,0
/it/3.13/library/hashlib.html,2,2,0
/it/3.13/library/sqlite3.html,2,2,0
/it/3.13/library/stdtypes.html,2,2,0
/it/3.13/library/tkinter.html,2,2,64
/it/3.13/tutorial/modules.html,2,2,246
/it/3/,2,2,80
/it/3/tutorial/classes.html,2,2,0
/3.12/tutorial/,1,1,107
/3.13/,1,1,119
/3.13/license.html,1,1,11
/3.13/tutorial/,1,1,3094
/3.13/tutorial/appetite.html,1,1,776
/3.14/whatsnew/3.14.html,1,1,0
/3.15/,1,1,2356
/3.15/whatsnew/3.15.html,1,1,175
/3/faq/index.html,1,1,254
/3/library/,1,1,436
/3/library/constants.html,1,1,43
/3/library/hashlib.html,1,1,5
/3/library/string.html,1,1,479
/3/library/struct.html,1,1,0
/3/reference/compound_stmts.html,1,1,1
/3/reference/datamodel.html,1,1,690
/3/tutorial/,1,1,257
/3/tutorial/controlflow.html,1,1,116
/3/whatsnew/3.13.html,1,1,55
/dev/using/windows.html,1,1,160
/es/3.13/library/tk.html,1,1,96
/es/3.13/tutorial/index.html,1,1,156
/es/3/tutorial/,1,1,267
/it/3.12/tutorial/index.html,1,1,58
/it/3.12/tutorial/interpreter.html,1,1,411
/it/3.13/about.html,1,1,29
/it/3.13/howto/index.html,1,1,992
/it/3.13/installing/index.html,1,1,0
/it/3.13/library/asyncio.html,1,1,0
/it/3.13/library/intro.html,1,1,232
/it/3.13/library/math.html,1,1,0
/it/3.13/library/re.html,1,1,0
/it/3.13/library/tk.html,1,1,29
/it/3.13/library/turtle.html,1,1,30
/it/3.13/reference/executionmodel.html,1,1,0
/it/3.13/reference/toplevel_components.html,1,1,809
/it/3.13/tutorial/classes.html,1,1,0
/it/3.13/tutorial/introduction.html,1,2,0
/it/3.13/using/windows.html,1,1,88
/it/3.13/whatsnew/3.12.html,1,1,0
/it/3/library/os.path.html,1,1,0
/it/3/tutorial/,1,1,0
/it/3/tutorial/datastructures.html,1,1,0
/it/3/tutorial/interpreter.html,1,1,0
/it/3/tutorial/introduction.html,1,1,954
/it/3/tutorial/modules.html,1,1,0
/it/3/whatsnew/3.12.html,1,1,0
/pt-br/3/tutorial/errors.html,1,1,372
