name,version,visitors
Windows,10,321416
Mac,10.15,30731
Android,10,19504
GNU/Linux,(not set),5378
iOS,18.7,3066
Chrome OS,14541.0,1922
Windows,7,1468
iOS,26.2,1363
Mac,10.13,1174
Ubuntu,(not set),968
iOS,18.6,710
Android,15,544
Android,16,440
Android,12,389
Android,13,384
iOS,18.5,363
Android,14,339
Android,11,233
Windows,8.1,233
Windows,XP,180
iOS,16.7,142
iOS,26.3,140
Android,9,124
iOS,26.1,122
iOS,18.3,94
HarmonyOS,(not set),84
iOS,15.8,73
Chrome OS,14816.131,72
iOS,18.4,67
iOS,18.1,60
Windows,8,57
iOS,26.0,54
Android,8.1,54
iOS,17.6,51
iOS,17.5,45
iOS,18.0,38
Android,6.0,36
iOS,18.2,35
Mac,10.11,33
iOS,17.1,32
(not set),(not set),30
Mac,10.12,29
iPadOS,17.7,29
Mac,10.14,27
iOS,15.1,27
Fire OS,7,25
Android,5.1,24
Windows,Server 2003,23
iOS,14.8,22
Mac,10.10,21
iOS,12.5,21
iOS,16.6,19
iOS,17.4,18
Android,7.1,16
iPadOS,16.7,15
iOS,17.7,15
Fire OS,8,15
iOS,14.3,14
iOS,14.5,14
Chrome OS,14092.77,14
iOS,15.0,13
iOS,16.3,13
iOS,17.2,13
Windows,(not set),12
iOS,15.7,12
iOS,16.1,12
HarmonyOS,3.0,12
Android,(not set),11
iOS,16.0,10
iPadOS,17.5,10
Android,8.0,10
Chrome OS,12239.92,9
iPadOS,17.6,9
iOS,16.4,8
iOS,16.5,8
iOS,17.3,8
Android,7.0,8
iOS,15.6,7
Nintendo,Switch,7
Chrome OS,13597.84,6
Chrome OS,14989.107,6
iOS,16.2,6
iOS,19.0,6
iOS,10.3,5
Mac,10.9,5
iOS,14.0,5
iPadOS,15.8,5
iOS,17.0,5
Tizen,5.5,5
Mac,(not set),4
Mac,10.6,4
Mac,10.8,4
Chrome OS,14469.59,4
iPadOS,15.6,4
Android,4.4,4
iOS,7.0,4
Android TV,9,4
Raspberry Pi OS,(not set),3
Android TV,12,3
Chrome OS,13904.97,3
KaiOS,2.5,3
Android,5.0,3
Fire OS,6,3
Chrome OS,(not set),2
SerenityOS,(not set),2
FreeBSD,(not set),2
Mac,12.6,2
Chrome OS,12105.100,2
Android TV,13,2
iOS,13.4,2
Mac,13.6,2
iOS,14.2,2
Mac,14.4,2
iOS,14.6,2
iPadOS,14.7,2
Chrome OS,14526.89,2
Chrome OS,14816.64,2
iOS,15.3,2
iPadOS,15.7,2
iPadOS,16.2,2
iPadOS,16.3,2
iPadOS,16.5,2
iPadOS,17.3,2
Mac,26.0,2
Android,4.2,2
Android,4.3,2
Tizen,5.0,2
Windows,NT,2
UOS,(not set),1
Fuchsia,(not set),1
iOS,11.0,1
Mac,13.2,1
Mac,14.8,1
iPadOS,15.0,1
iOS,15.4,1
Chrome OS,15183.59,1
iPadOS,16.0,1
iPadOS,16.1,1
iPadOS,17.2,1
HarmonyOS,2.1,1
HarmonyOS,2.2,1
iOS,26.4,1
PlayStation,4.11,1
PlayStation,5.12,1
Tizen,8.0,1
iOS,9.0,1
Windows,Vista,1
