name,visitors
Maharashtra,11520
Tamil Nadu,10189
Karnataka,8200
Uttar Pradesh,5964
England,5834
California,5769
Delhi,5712
Telangāna,5622
São Paulo,4335
Gujarat,3570
Tokyo,3425
Texas,3315
West Bengal,3262
Moscow,3242
Punjab,3075
Istanbul,2802
Seoul,2535
Île-de-France,2512
Kerala,2403
Guangdong,2333
New York,2282
Madhya Pradesh,2172
Ontario,2119
Cairo,2060
Gyeonggi,2029
Rajasthan,1919
Florida,1905
North Holland,1863
Andhra Pradesh,1816
Tashkent,1813
Hesse,1768
Haryana,1674
Virginia,1666
North Rhine-Westphalia,1632
Jakarta,1545
Western,1541
Nairobi County,1484
Hebei,1475
Bavaria,1446
Capital District,1415
Metro Manila,1412
Jharkhand,1395
Sindh,1372
Lagos,1356
Punjab,1355
Illinois,1352
Washington,1340
Bangkok,1339
Antioquia,1316
Ho Chi Minh City,1284
Makkah,1268
Shanghai,1259
Saint Petersburg,1249
New Jersey,1247
Hanoi,1228
Baden-Württemberg,1198
Bihar,1173
Riyadh,1163
Beijing,1159
Buenos Aires Province,1158
Mazovia,1158
Shandong,1132
Madrid Autonomous Community,1111
Zhejiang,1076
Ciudad de Mexico,1072
Henan,1057
Hormozgan,1041
New South Wales,1025
Georgia,1020
Gauteng,1015
Quebec,1013
Minas Gerais,1007
Rio de Janeiro,1006
Ankara,1006
Jiangsu,994
Kyiv,993
Pennsylvania,988
Province 3,943
Lombardy,932
Meknès-Tafilalet,912
Lima,910
North Carolina,902
West Java,894
Tel Aviv,893
Massachusetts,873
Odisha,862
Paraná,861
Kanagawa,851
Algiers,830
Chandigarh,823
Mexico State,823
Osaka,814
Eastern,810
Greater Accra,805
Auvergne-Rhône-Alpes,799
Taipei,795
Colorado,761
East Java,760
Ohio,758
Catalonia,755
Michigan,753
Arizona,751
Santa Catarina,747
Dhaka Division,738
Assam,736
Dubai,731
Uttarākhand,726
South Holland,711
Victoria,702
Berlin,685
Almaty City,682
Moscow Province,676
Uusimaa,674
Sichuan,669
British Columbia,663
Baku,658
Maryland,657
Krasnodar Krai,656
Santiago Metropolitan,651
Rio Grande do Sul,650
Muscat,642
Izmir,640
Lower Saxony,639
Kuala Lumpur,635
Hubei,626
Grand-Est,620
Guatemala,615
Oregon,615
Islamabad,612
Minsk,609
Occitanie,595
Amman,594
Saitama,590
Provence-Alpes-Côte-d'Azur,587
Flanders,581
Lazio,579
Phnom Penh,571
Calabarzon,569
Alberta,555
Aichi,554
Addis Ababa,548
Bahia,534
Abu Dhabi,520
Hauts-de-France,520
Andalusia,518
Doha,516
Chhattīsgarh,509
Stockholm,508
Zürich,503
Jalisco,503
Tunis,502
Missouri,499
Ceará,498
Bishkek,498
Queensland,495
Chiba,490
Novosibirsk,487
Prague,484
Oriental,482
Sverdlovsk,470
Indiana,462
Valencian Community,461
Tennessee,461
Pernambuco,459
Astana,457
Attica,456
Baghdad,456
Nuevo León,454
Rostov,454
Riga,450
Shaanxi,446
Vienna,445
New Taipei,443
Giza,442
Valle del Cauca,438
Fujian,429
Saxony,429
Minnesota,429
Nouvelle-Aquitaine,428
Western Cape,427
Utah,423
Lesser Poland,422
Federal District,420
Dnipropetrovshchyna,411
Goiás,409
Khyber Pakhtunkhwa,406
Rabat-Salé-Zemmour-Zaer,404
Central,402
Budapest,397
Beograd,394
Wisconsin,392
Selangor,390
Bucharest,387
Tatarstan,385
Samara,383
Distrito Nacional,380
Emilia-Romagna,375
Busan,373
Pichincha,369
Incheon,369
Nizhny Novgorod,368
Chelyabinsk,367
Hunan,365
Brussels,360
Taichung,353
Scotland,347
Zagreb,347
Abidjan,337
Hyogo,334
Lisbon,334
Anhui,330
Taza-Al Hoceima-Taounate,329
Wallonia,327
Greater Poland,327
Leinster,326
Khorāsān-e Raẕavī,324
Nevada,324
Central Java,323
Rivers,323
Hamburg,321
Campania,321
Silesia,317
Connecticut,317
South Carolina,316
Bashkortostan,310
Lvivshchyna,308
Auckland,306
Veracruz,304
Lima Region,304
Rhineland-Palatinate,303
Alexandria,303
Central Visayas,299
Veneto,297
San Salvador,291
Alabama,291
Sofia,290
Pays-de-la-Loire,287
Bursa,285
Taoyuan,284
Pará,280
Kentucky,280
Yerevan,279
Western Australia,279
Jammu and Kashmir,279
Liaoning,277
Kaohsiung,276
South Gyeongsang,274
Puebla,274
Daegu,273
Espírito Santo,272
Kwai Tsing New Territories,271
Himachal Pradesh,270
San José,269
Central,269
Fukuoka,269
La Paz,267
Amanat Al Asimah,265
Tbilisi,264
Paraíba,263
Oklahoma,263
Central Luzon,261
Al Asimah,260
Chongqing,258
Porto,258
Odeshchyna,257
Iowa,257
Yogyakarta,256
Antalya,255
Lusaka,255
Guanajuato,254
Kharkivshchyna,253
Kyivshchyna,252
Tianjin,250
Brandenburg,249
Northern Mindanao,249
Daejeon,247
Krasnoyarsk Krai,246
Dakar,245
Pomerania,244
Brittany,243
Cundinamarca,239
Capital,238
Schleswig-Holstein,237
Capital Region,236
Hokkaido,235
Lower Silesia,234
Normandie,233
Piedmont,233
Perm Krai,233
South Chungcheong,231
Federal Capital Territory,231
Santander,229
Harare,227
Sharjah,224
Harjumaa,224
Dar es Salaam,222
Wales,220
Chaouia-Ouardigha,218
Córdoba,216
Guayas,215
