name,version,visitors
Chrome,144.0,6718
Microsoft Edge,144.0,2200
Firefox,147.0,1048
Chrome,145.0,558
Chrome,143.0,480
Safari,26.2,469
Opera,126.0,208
Firefox,140.0,187
Microsoft Edge,143.0,172
Chrome,139.0,154
Yandex Browser,25.12,137
Chrome,142.0,116
Safari,18.6,88
Chrome,138.0,69
Mobile App,(not set),62
Chrome,135.0,62
Chrome,117.0,61
Chrome,140.0,61
Opera,127.0,60
Chrome,141.0,55
Microsoft Edge,142.0,51
Chrome,109.0,49
Firefox,146.0,36
Safari,18.5,33
Chrome,134.0,32
Safari,26.3,27
Chrome,137.0,26
Firefox,128.0,24
Chrome,131.0,23
Chrome,132.0,23
Safari,17.6,23
Safari,26.0,23
(not set),(not set),22
Samsung Browser,29.0,20
Firefox,136.0,19
Safari,26.1,19
Firefox,115.0,16
Chrome,126.0,16
Chrome,136.0,15
Firefox,141.0,15
Chrome,125.0,14
Chrome,130.0,14
Chrome,122.0,13
Chrome,133.0,13
Chrome,121.0,12
Chrome,128.0,12
Firefox,144.0,12
Microsoft Edge,145.0,12
SberBrowser,34.0,12
Chrome,116.0,11
Microsoft Edge,140.0,11
Chrome,124.0,10
Microsoft Edge,141.0,10
Firefox,148.0,10
Safari,18.3,10
Chrome,127.0,9
Firefox,147.3,9
Microsoft Edge,92.0,9
Chrome,129.0,8
Firefox,139.0,8
Firefox,145.0,8
Chrome,146.0,8
Yandex Browser,24.10,8
Quark,(not set),7
Chrome,103.0,7
Chrome,120.0,7
Firefox,143.0,7
Firefox,109.0,6
Chrome,119.0,6
Microsoft Edge,122.0,6
Microsoft Edge,138.0,6
Firefox,142.0,6
Safari,16.6,6
Safari,18.1,6
MIUI Browser,20.12,6
Yandex Browser,25.8,6
Opera,94.0,6
Chrome,105.0,5
Chrome,108.0,5
Chrome,114.0,5
Microsoft Edge,134.0,5
Safari,15.6,5
Safari,17.4,5
Safari,17.5,5
Safari,18.0,5
Safari,18.7,5
Safari,26.4,5
Brave,(not set),4
Safari,10.0,4
Quark,10.4,4
Chrome,110.0,4
Microsoft Edge,124.0,4
Firefox,125.0,4
Microsoft Edge,129.0,4
Firefox,135.0,4
Microsoft Edge,137.0,4
Safari,18.2,4
Safari,18.4,4
Yandex Browser,25.2,4
Smart Lenovo Browser,9.0,4
Mobile App,97.0,4
Microsoft Edge,100.0,3
Chrome,102.0,3
Chrome,104.0,3
Mobile Silk,108.18,3
Chrome,111.0,3
Chrome,112.0,3
Safari,12.1,3
Microsoft Edge,121.0,3
Microsoft Edge,123.0,3
Opera,125.0,3
Microsoft Edge,139.0,3
Mobile App,144.0,3
Firefox,149.0,3
Safari,15.2,3
Safari,17.3,3
Yandex Browser,25.10,3
Chrome,80.0,3
Chrome,91.0,3
Opera,95.0,3
Safari,(not set),2
Konqueror,(not set),2
Quark,10.3,2
Chrome,106.0,2
Microsoft Edge,109.0,2
Mobile App,114.0,2
Mobile App,116.0,2
Firefox,116.0,2
Chrome,118.0,2
Opera,122.0,2
Mobile App,123.0,2
Chrome,123.0,2
Opera,124.0,2
Firefox,126.0,2
Firefox,127.0,2
Firefox,130.0,2
Mobile App,131.0,2
Microsoft Edge,131.0,2
Microsoft Edge,133.0,2
Chromium,135.0,2
Firefox,137.0,2
Firefox,138.0,2
Avast Secure Browser,144.0,2
Chrome,145,2
vivo Browser,15.2,2
Safari,15.4,2
Safari,17.1,2
Safari,17.14,2
Safari,17.2,2
MIUI Browser,20.11,2
Yandex Browser,25.104,2
Yandex Browser,25.125,2
Samsung Browser,26.0,2
Chrome,59.0,2
Huawei Browser Mobile,6.1,2
Safari,60.5,2
Mobile App,81.0,2
Firefox,88.0,2
Chrome,96.0,2
Mobile App,99.0,2
Chromium,(not set),1
Chrome,101.0,1
Firefox,103.0,1
Microsoft Edge,104.0,1
Opera,105.0,1
Mobile App,105.0,1
Microsoft Edge,106.0,1
Firefox,107.0,1
Chrome,107.0,1
Chrome,113.0,1
Firefox,113.0,1
Microsoft Edge,113.0,1
Opera,113.0,1
Opera,121.0,1
Chrome,123.1,1
Microsoft Edge,125.0,1
Microsoft Edge,127.0,1
Safari,13.1,1
Microsoft Edge,130.0,1
Firefox,131.0,1
Microsoft Edge,132.0,1
Firefox,133.0,1
Microsoft Edge,135.0,1
Microsoft Edge,136.0,1
Iron,138.0,1
Mobile App,139.0,1
Norton Private Browser,143.0,1
Avast Secure Browser,143.0,1
Norton Private Browser,144.0,1
UC Browser,15.0,1
vivo Browser,15.4,1
Huawei Browser Mobile,16.0,1
Safari,16.4,1
Safari,16.5,1
Safari,17.10,1
Microsoft Edge,18.17763,1
MIUI Browser,19.2,1
QQ Browser,19.5,1
QQ Browser,19.8,1
Sogou Explorer,2,1
Opera Touch,2.9,1
QQ Browser,20.0,1
MIUI Browser,20.1,1
MIUI Browser,20.2,1
Phoenix Browser,20.4,1
QQ Browser,21.0,1
Yandex Browser,22.1,1
Yandex Browser,23.11,1
Yandex Browser,23.7,1
Yandex Browser,24.6,1
Yandex Browser,25.6,1
vivo Browser,28.0,1
Kindle Browser,3.0,1
Firefox,44.0,1
Sleipnir,5.0,1
QtWebEngine,5.15,1
QtWebEngine,6.10,1
QtWebEngine,6.4,1
Sleipnir,6.5,1
Chrome,69.0,1
Quark,7.16,1
Quark,7.4,1
Mobile App,74.0,1
Raspbian Chromium,74.0,1
Chrome,77.0,1
Mobile App,83.0,1
Chrome,87.0,1
Microsoft Edge,91.0,1
Chrome,97.0,1
