name,visitors
Tokyo,140
Osaka,36
Nagoya,10
N/A,10
Kyoto,7
Nishio,5
Sapporo,5
Atsugi,4
Kawaguchi,4
N/A,4
N/A,4
Sakai,3
Ōtsu,3
Matsumoto,3
Kawasaki,3
N/A,3
Chiba,3
Yonago,2
Yokohama,2
Toyota,2
Toyama,2
N/A,2
Shimada,2
Nishinomiya-hama,2
Mishima,2
Kobe,2
N/A,2
Hachiōji,2
Narita,2
Morioka,2
Aomori,2
Ternitz,2
N/A,2
N/A,2
N/A,2
N/A,2
N/A,2
N/A,2
N/A,2
N/A,2
N/A,2
Yoshkar-Ola,1
Tver,1
Hanoi,1
Taipei,1
Shanghai,1
Utsunomiya,1
Ueda,1
N/A,1
Tanashichō,1
Takamatsu,1
Tahara,1
N/A,1
Okayama,1
Naha,1
Nagasaki,1
Nagaoka,1
N/A,1
Kurashiki,1
Kumamoto,1
N/A,1
Kashiwa,1
N/A,1
Kanazawa,1
Kagoshima,1
Ichinomiya,1
N/A,1
Hirakata,1
Higashi-ōsaka,1
Ashiya,1
N/A,1
Singapore,1
Hasuda,1
Fukushima,1
Copenhagen,1
Lugano,1
Cavignac,1
Fortaleza,1
Huehuetoca,1
Neyagawa,1
Kashiba,1
Nisshin,1
N/A,1
N/A,1
N/A,1
N/A,1
N/A,1
N/A,1
N/A,1
N/A,1
N/A,1
N/A,1
N/A,1
N/A,1
N/A,1
N/A,1
N/A,1
N/A,1
N/A,1
N/A,1
N/A,1
N/A,1
N/A,1
N/A,1
N/A,1
N/A,1
N/A,1
N/A,1
N/A,1
N/A,1
N/A,1
N/A,1
N/A,1
N/A,1
