name,unique_exits,total_exits,exit_rate
/zh-tw/3/tutorial/index.html,65,66,
/zh-tw/3/library/venv.html,34,34,
/zh-tw/3.15/using/windows.html,17,18,
/zh-tw/3/tutorial/introduction.html,16,17,
/dev/using/windows.html,15,15,
/zh-tw/3/howto/sorting.html,15,15,
/zh-tw/3/library/heapq.html,13,14,
/zh-tw/3/library/random.html,13,13,
/zh-tw/3/using/mac.html,13,13,
/zh-tw/3/library/re.html,11,12,
/zh-tw/dev/installing/index.html,11,11,
/zh-tw/3/library/functions.html,10,10,
/zh-tw/3/library/index.html,10,10,
/zh-tw/3/tutorial/controlflow.html,10,11,
/zh-tw/3/library/collections.html,9,9,
/zh-tw/3/library/csv.html,9,9,
/zh-tw/3/library/pathlib.html,9,9,
/zh-tw/3/tutorial/classes.html,9,12,
/zh-tw/3/tutorial/interpreter.html,9,9,
/zh-tw/3/library/stdtypes.html,8,9,
/zh-tw/3.13/tutorial/index.html,7,7,
/zh-tw/3.14/tutorial/index.html,7,7,
/zh-tw/3/glossary.html,6,7,
/zh-tw/3/library/enum.html,6,6,
/zh-tw/3/library/functools.html,6,6,
/zh-tw/3/library/os.path.html,6,7,
/zh-tw/3/reference/index.html,6,5,
/zh-tw/3/tutorial/datastructures.html,6,6,
/zh-tw/3/tutorial/inputoutput.html,6,6,
/zh-tw/3/faq/windows.html,5,5,
/zh-tw/3/library/math.html,5,5,
/zh-tw/3/tutorial/errors.html,5,5,
/3/,4,3,
/zh-tw/3.12/c-api/utilities.html,4,4,
/zh-tw/3.12/contents.html,4,4,
/zh-tw/3.12/library/asyncio-platforms.html,4,4,
/zh-tw/3.12/reference/datamodel.html,4,4,
/zh-tw/3.14/using/android.html,4,4,
/zh-tw/3.14/using/windows.html,4,4,
/zh-tw/3/howto/argparse.html,4,4,
/zh-tw/3/library/abc.html,4,4,
/zh-tw/3/library/bisect.html,4,4,
/zh-tw/3/library/json.html,4,4,
/zh-tw/3/library/operator.html,4,4,
/zh-tw/3/library/typing.html,4,4,
/zh-tw/3/tutorial/appetite.html,4,4,
/zh-tw/3/tutorial/venv.html,4,4,
/zh-tw/3.12/c-api/import.html,3,3,
/zh-tw/3.12/library/importlib.html,3,3,
/zh-tw/3.12/library/socket.html,3,3,
/zh-tw/3.13/library/importlib.html,3,3,
/zh-tw/3.13/library/signal.html,3,3,
/zh-tw/3.14/index.html,3,3,
/zh-tw/3.14/py-modindex.html,3,3,
/zh-tw/3.14/tutorial/controlflow.html,3,3,
/zh-tw/3.14/tutorial/modules.html,3,3,
/zh-tw/3/,3,3,
/zh-tw/3/installing/index.html,3,3,
/zh-tw/3/library/asyncio.html,3,3,
/zh-tw/3/library/calendar.html,3,3,
/zh-tw/3/library/copy.html,3,3,
/zh-tw/3/library/time.html,3,3,
/zh-tw/3/library/tkinter.html,3,3,
/zh-tw/3/library/unittest.html,3,3,
/zh-tw/3/tutorial/modules.html,3,3,
/zh-tw/dev/howto/regex.html,3,3,
/zh-tw/dev/library/tkinter.html,3,3,
/3.14/tutorial/classes.html,2,2,
/3.14/using/windows.html,2,2,
/3/faq/,2,2,
/3/library/collections.html,2,2,
/3/library/exceptions.html,2,2,
/3/library/pathlib.html,2,1,
/3/library/zoneinfo.html,2,2,
/3/tutorial/index.html,2,2,
/uk/3/library/argparse.html,2,2,
/zh-cn/3.14/library/index.html,2,2,
/zh-cn/3.14/library/threading.html,2,2,
/zh-tw/3.12/c-api/codec.html,2,2,
/zh-tw/3.12/c-api/iterator.html,2,2,
/zh-tw/3.12/c-api/memoryview.html,2,2,
/zh-tw/3.12/c-api/objbuffer.html,2,2,
/zh-tw/3.12/download.html,2,2,
/zh-tw/3.12/library/asyncio-queue.html,2,2,
/zh-tw/3.12/library/codecs.html,2,2,
/zh-tw/3.12/library/dbm.html,2,2,
/zh-tw/3.12/library/dis.html,2,2,
/zh-tw/3.12/library/index.html,2,2,
/zh-tw/3.12/library/rlcompleter.html,2,2,
/zh-tw/3.12/tutorial/classes.html,2,2,
/zh-tw/3.12/tutorial/datastructures.html,2,3,
/zh-tw/3.12/tutorial/index.html,2,2,
/zh-tw/3.13/genindex-符號.html,2,2,
/zh-tw/3.13/howto/sorting.html,2,2,
/zh-tw/3.13/library/__main__.html,2,3,
/zh-tw/3.13/library/asyncio-eventloop.html,2,2,
/zh-tw/3.13/library/asyncio-task.html,2,2,
/zh-tw/3.13/library/heapq.html,2,2,
/zh-tw/3.13/library/index.html,2,2,
/zh-tw/3.13/tutorial/controlflow.html,2,2,
