property,value,visitors,events,percentage
url,(none),1478,2144,99.9
url,https://www.python.org/,22,23,1.5
url,https://gist.github.com/vsajip/4673395,1,1,0.1
url,https://github.com/python/cpython/blob/main/Doc/bugs.rst?plain=1,1,1,0.1
url,https://github.com/python/cpython/tree/3.13/Lib/http/cookiejar.py,1,1,0.1
url,https://github.com/python/cpython/tree/3.13/Lib/operator.py,1,1,0.1
url,https://github.com/python/cpython/tree/3.13/Lib/webbrowser.py,1,1,0.1
url,https://github.com/python/cpython/tree/3.13/Lib/zipfile/,1,1,0.1
url,https://packaging.python.org/en/latest/tutorials/installing-packages/#ensure-pip-setuptools-and-wheel-are-up-to-date,1,1,0.1
url,https://packaging.python.org/installing/#creating-virtual-environments,1,1,0.1
url,https://packaging.python.org/installing/#requirements-for-installing-packages,1,1,0.1
url,https://peps.python.org/pep-0632/#migration-advice,1,1,0.1
url,https://pypi.org/,1,2,0.1
url,https://pypi.org/project/pip/,1,1,0.1
url,https://pypi.org/project/regex/,1,1,0.1
url,https://requests.readthedocs.io/en/master/,1,2,0.1
url,https://tiswww.case.edu/php/chet/readline/rltop.html,1,1,0.1
url,https://wiki.python.org/moin/GuiProgramming,1,1,0.1
url,https://www.python.org/downloads/,1,1,0.1
url,https://www.python.org/psf/donations/,1,1,0.1
