name,unique_entrances,total_entrances,visit_duration
/zh-tw/3.13/tutorial/index.html,125,126,242
/zh-tw/3.13/library/venv.html,61,62,75
/zh-tw/3/tutorial/index.html,57,64,131
/zh-tw/dev/installing/index.html,46,47,49
/zh-tw/3/library/re.html,44,48,91
/zh-tw/3.13/library/random.html,34,34,0
/zh-tw/3.13/tutorial/controlflow.html,29,29,180
/zh-tw/3.13/library/functions.html,28,31,84
/zh-tw/3/howto/argparse.html,27,28,113
/zh-tw/3.13/howto/sorting.html,22,22,20
/zh-tw/3/library/index.html,22,23,125
/zh-tw/3.13/library/json.html,21,21,2
/zh-tw/3.13/using/mac.html,20,20,3
/zh-tw/3.13/library/csv.html,19,19,14
/zh-tw/3.13/tutorial/classes.html,19,19,99
/zh-tw/3.13/tutorial/datastructures.html,18,18,60
/zh-tw/dev/library/os.path.html,18,18,62
/zh-tw/3.13/library/pathlib.html,17,18,70
/zh-tw/3.13/library/heapq.html,16,16,0
/zh-tw/3.13/tutorial/inputoutput.html,16,16,44
/zh-tw/3.13/tutorial/interpreter.html,16,16,215
/zh-tw/3.13/tutorial/modules.html,16,16,142
/zh-tw/3/tutorial/appetite.html,16,23,19
/3/,15,15,287
/zh-tw/3.13/tutorial/errors.html,15,15,118
/zh-tw/3.13/tutorial/introduction.html,14,15,12
/zh-tw/3.13/library/os.path.html,13,13,1
/zh-tw/3/tutorial/classes.html,13,13,230
/zh-tw/3.13/howto/sockets.html,12,13,2
/zh-tw/3.13/library/collections.html,12,14,332
/zh-tw/3.13/tutorial/appetite.html,12,12,51
/zh-tw/3.13/tutorial/floatingpoint.html,11,12,0
/zh-tw/3/tutorial/controlflow.html,11,11,8
/zh-tw/3.13/library/ftplib.html,10,11,0
/zh-tw/3.13/installing/index.html,9,9,39
/zh-tw/3.13/library/bisect.html,9,9,12
/zh-tw/3.13/library/functools.html,9,9,137
/zh-tw/3.13/library/http.cookiejar.html,9,9,0
/zh-tw/3.13/,8,8,188
/zh-tw/3.13/library/__main__.html,8,8,64
/zh-tw/3.13/library/stdtypes.html,8,9,7
/zh-tw/3.13/library/string.html,8,8,0
/zh-tw/3.13/search.html,8,9,215
/zh-tw/3/tutorial/modules.html,8,8,0
/zh-tw/dev/library/venv.html,8,8,10
/zh-tw/3.12/using/mac.html,7,7,0
/zh-tw/3.13/faq/windows.html,7,7,0
/zh-tw/3.13/glossary.html,7,7,207
/zh-tw/3.13/library/array.html,7,7,35
/zh-tw/3.13/library/ast.html,7,7,2
/zh-tw/3.13/library/enum.html,7,8,3
/zh-tw/3.13/library/math.html,7,7,248
/zh-tw/3.13/library/queue.html,7,7,0
/zh-tw/3.13/tutorial/venv.html,7,7,102
/zh-tw/3/library/warnings.html,7,7,129
/zh-tw/3.13/library/asyncio.html,6,6,0
/zh-tw/3.13/library/copy.html,6,6,0
/zh-tw/3.13/library/index.html,6,11,209
/zh-tw/3.13/library/ssl.html,6,6,0
/zh-tw/3.13/library/tempfile.html,6,6,126
/zh-tw/3/,6,6,37
/zh-tw/3/tutorial/interpreter.html,6,6,0
/zh-tw/3/tutorial/introduction.html,6,7,2
/zh-tw/dev/library/collections.html,6,6,9
/zh-tw/dev/library/csv.html,6,6,0
/zh-tw/3.13/library/io.html,5,5,5
/zh-tw/3.13/library/itertools.html,5,5,0
/zh-tw/3.13/library/operator.html,5,5,60
/zh-tw/3.13/library/time.html,5,5,0
/zh-tw/3.13/library/unittest.html,5,5,222
/zh-tw/3/extending/extending.html,5,5,0
/zh-tw/3/library/concurrent.futures.html,5,6,0
/zh-tw/3/library/datetime.html,5,5,16
/zh-tw/3/library/functions.html,5,5,111
/zh-tw/3/library/math.html,5,5,323
/3.13/tutorial/index.html,4,4,1278
/3/library/functions.html,4,4,334
/3/library/re.html,4,4,414
/zh-tw/3.13/library/asyncio-eventloop.html,4,4,182
/zh-tw/3.13/library/threading.html,4,4,0
/zh-tw/3.13/tutorial/stdlib.html,4,4,9
/zh-tw/3/library/pdb.html,4,4,0
/zh-tw/3/library/random.html,4,4,78
/zh-tw/3/library/typing.html,4,4,0
/zh-tw/3/library/unittest.mock-examples.html,4,4,0
/zh-tw/dev/library/pathlib.html,4,5,0
/zh-tw/dev/library/stdtypes.html,4,4,358
/3/library/argparse.html,3,3,502
/3/library/idle.html,3,3,78
/3/library/index.html,3,3,115
/3/library/threading.html,3,3,542
/3/tutorial/index.html,3,3,94
/zh-cn/3.13/tutorial/index.html,3,3,1308
/zh-tw/3.12/library/venv.html,3,3,0
/zh-tw/3.12/whatsnew/index.html,3,3,3
/zh-tw/3.13/contents.html,3,3,141
/zh-tw/3.13/library/abc.html,3,3,0
/zh-tw/3.13/library/asyncio-sync.html,3,3,39
/zh-tw/3.13/library/glob.html,3,3,3
/zh-tw/3.13/library/hashlib.html,3,3,78
/zh-tw/3.13/library/typing.html,3,3,0
/zh-tw/3.13/library/uuid.html,3,3,0
/zh-tw/3.13/reference/datamodel.html,3,3,1
/zh-tw/3.13/reference/index.html,3,3,30
/zh-tw/3.13/whatsnew/3.13.html,3,3,0
/zh-tw/3.14/whatsnew/index.html,3,3,0
/zh-tw/3/library/argparse.html,3,3,370
/zh-tw/3/library/asyncio-future.html,3,3,0
/zh-tw/3/library/platform.html,3,3,0
/zh-tw/3/library/venv.html,3,3,0
/zh-tw/3/library/zipfile.html,3,3,0
/zh-tw/3/search.html,3,3,0
/zh-tw/3/tutorial/,3,3,0
/zh-tw/3/tutorial/datastructures.html,3,3,250
/zh-tw/3/tutorial/venv.html,3,3,0
/zh-tw/dev/howto/sockets.html,3,3,0
/zh-tw/dev/whatsnew/3.13.html,3,3,0
/3.13/,2,2,312
/3.13/search.html,2,2,2328
/3.13/tutorial/controlflow.html,2,2,151
/3/library/ast.html,2,2,1123
/3/library/asyncio-eventloop.html,2,2,50
/3/library/csv.html,2,2,1196
/3/library/datetime.html,2,2,491
/3/library/logging.html,2,2,1340
/3/library/stdtypes.html,2,2,0
/3/library/sys.html,2,2,80
/3/library/tkinter.html,2,2,714
/3/library/venv.html,2,2,889
/pt-br/3.13/reference/index.html,2,2,4232
/zh-tw/3.12/index.html,2,2,0
/zh-tw/3.12/library/ast.html,2,2,0
/zh-tw/3.12/library/typing.html,2,2,108
/zh-tw/3.13/faq/general.html,2,2,0
/zh-tw/3.13/howto/annotations.html,2,2,0
/zh-tw/3.13/library/,2,3,1
/zh-tw/3.13/library/distutils.html,2,2,6
/zh-tw/3.13/library/html.parser.html,2,2,0
/zh-tw/3.13/library/http.html,2,2,0
/zh-tw/3.13/library/multiprocessing.shared_memory.html,2,2,0
/zh-tw/3.13/library/signal.html,2,2,0
/zh-tw/3.13/library/telnetlib.html,2,2,0
/zh-tw/3.13/library/urllib.request.html,2,2,94
/zh-tw/3.13/py-modindex.html,2,2,0
/zh-tw/3.13/tutorial/,2,2,4
/zh-tw/3.13/using/windows.html,2,3,7
/zh-tw/3.14/library/time.html,2,2,0
/zh-tw/3/c-api/intro.html,2,2,0
/zh-tw/3/installing/index.html,2,2,84
/zh-tw/3/library/bisect.html,2,2,384
/zh-tw/3/library/http.cookiejar.html,2,2,2
/zh-tw/3/library/intro.html,2,2,68
/zh-tw/3/library/os.html,2,2,161
/zh-tw/3/library/pickle.html,2,2,0
/zh-tw/3/library/statistics.html,2,2,0
/zh-tw/3/library/threading.html,2,2,0
/zh-tw/3/library/webbrowser.html,2,2,330
/zh-tw/3/library/xml.dom.pulldom.html,2,3,46
/zh-tw/3/library/zoneinfo.html,2,2,17
/zh-tw/3/whatsnew/3.12.html,2,2,0
/zh-tw/dev/c-api/refcounting.html,2,2,0
/zh-tw/dev/library/concurrent.futures.html,2,2,0
/zh-tw/dev/library/math.html,2,2,134
/zh-tw/dev/library/struct.html,2,2,218
/zh-tw/dev/library/tkinter.font.html,2,2,0
/zh-tw/dev/library/typing.html,2,3,0
/zh-tw/dev/library/unittest.mock-examples.html,2,2,0
/zh-tw/dev/tutorial/datastructures.html,2,2,0
/zh-tw/dev/whatsnew/3.12.html,2,2,0
/3.12/contents.html,1,1,138
/3.13/library/dataclasses.html,1,1,2
/3.13/library/functions.html,1,1,0
/3.13/library/unittest.html,1,1,759
/3.13/reference/datamodel.html,1,1,4
/3.13/tutorial/introduction.html,1,1,1
/3.13/using/windows.html,1,1,464
/3/c-api/index.html,1,1,100
/3/howto/sockets.html,1,1,0
/3/howto/sorting.html,1,1,141
/3/installing/index.html,1,1,489
/3/library/asyncio-task.html,1,1,0
/3/library/concurrent.futures.html,1,1,0
/3/library/ensurepip.html,1,1,1378
/3/library/heapq.html,1,1,3
/3/library/io.html,1,1,0
/3/library/itertools.html,1,1,0
/3/library/json.html,1,1,23
/3/library/logging.handlers.html,1,1,63
/3/library/multiprocessing.html,1,1,2696
/3/library/os.html,1,1,237
/3/library/pathlib.html,1,1,0
/3/library/random.html,1,1,0
/3/library/shelve.html,1,1,0
/3/library/signal.html,1,1,1380
/3/library/socket.html,1,1,799
/3/library/subprocess.html,1,1,155
/3/library/tabnanny.html,1,1,0
/3/library/unittest.html,1,1,1215
/3/library/xml.etree.elementtree.html,1,1,3372
/3/tutorial/,1,1,6146
/3/tutorial/appetite.html,1,1,5353
/3/tutorial/datastructures.html,1,1,0
/3/tutorial/introduction.html,1,1,0
/3/tutorial/modules.html,1,1,233
/3/tutorial/venv.html,1,1,443
/3/using/android.html,1,1,59
/3/whatsnew/3.13.html,1,1,517
/dev/using/windows.html,1,1,13
/es/3.13/library/pathlib.html,1,1,14
/es/3.13/search.html,1,1,38
/fr/3.13/,1,1,74
/ja/3.13/library/asyncio-eventloop.html,1,1,90
/zh-cn/3.12/library/asyncio-eventloop.html,1,1,0
/zh-cn/3.12/library/unittest.html,1,1,0
/zh-cn/3.12/library/uu.html,1,1,49
/zh-cn/3.13/,1,1,10
/zh-cn/3.13/howto/functional.html,1,1,1490
/zh-cn/3.13/library/asyncio.html,1,1,411
/zh-cn/3.13/library/struct.html,1,1,1298
/zh-cn/3.13/library/tkinter.html,1,1,93
/zh-cn/3.13/tutorial/interpreter.html,1,1,5636
/zh-cn/3.13/using/mac.html,1,1,13
/zh-cn/3/library/struct.html,1,1,177
/zh-tw/3.12/,1,1,0
/zh-tw/3.12/faq/gui.html,1,1,0
/zh-tw/3.12/howto/ipaddress.html,1,1,23
/zh-tw/3.12/installing/index.html,1,1,0
/zh-tw/3.12/library/array.html,1,1,86
/zh-tw/3.12/library/asyncio.html,1,1,13
/zh-tw/3.12/library/ensurepip.html,1,1,0
/zh-tw/3.12/library/itertools.html,1,1,1333
/zh-tw/3.12/library/math.html,1,1,0
/zh-tw/3.12/library/multiprocessing.shared_memory.html,1,1,0
/zh-tw/3.12/library/operator.html,1,1,0
/zh-tw/3.12/library/uu.html,1,1,27
/zh-tw/3.12/library/zlib.html,1,1,0
/zh-tw/3.12/tutorial/classes.html,1,1,86
/zh-tw/3.12/tutorial/controlflow.html,1,1,0
/zh-tw/3.12/tutorial/interpreter.html,1,1,0
/zh-tw/3.12/tutorial/modules.html,1,1,0
/zh-tw/3.12/using/configure.html,1,1,0
/zh-tw/3.13/c-api/apiabiversion.html,1,1,0
/zh-tw/3.13/c-api/intro.html,1,1,0
/zh-tw/3.13/faq/design.html,1,1,0
/zh-tw/3.13/faq/installed.html,1,1,0
/zh-tw/3.13/genindex-F.html,1,1,0
/zh-tw/3.13/howto/perf_profiling.html,1,1,0
/zh-tw/3.13/index.html,1,1,18
/zh-tw/3.13/library/asyncio-dev.html,1,1,0
/zh-tw/3.13/library/asyncio-policy.html,1,1,0
/zh-tw/3.13/library/audioop.html,1,1,0
/zh-tw/3.13/library/calendar.html,1,1,0
/zh-tw/3.13/library/codecs.html,1,1,92
/zh-tw/3.13/library/colorsys.html,1,1,0
/zh-tw/3.13/library/constants.html,1,1,478
/zh-tw/3.13/library/dis.html,1,1,0
/zh-tw/3.13/library/ensurepip.html,1,1,0
/zh-tw/3.13/library/exceptions.html,1,1,0
/zh-tw/3.13/library/fileformats.html,1,1,40
/zh-tw/3.13/library/gc.html,1,1,0
/zh-tw/3.13/library/getpass.html,1,1,0
/zh-tw/3.13/library/intro.html,1,1,0
/zh-tw/3.13/library/persistence.html,1,1,0
/zh-tw/3.13/library/posix.html,1,1,0
/zh-tw/3.13/library/python.html,1,1,0
/zh-tw/3.13/library/re.html,1,1,0
/zh-tw/3.13/library/statistics.html,1,1,0
/zh-tw/3.13/library/subprocess.html,1,1,0
/zh-tw/3.13/library/tk.html,1,1,0
/zh-tw/3.13/library/tkinter.colorchooser.html,1,1,1288
/zh-tw/3.13/library/tkinter.font.html,1,1,0
/zh-tw/3.13/library/tkinter.html,1,1,0
/zh-tw/3.13/library/tomllib.html,1,1,0
/zh-tw/3.13/library/urllib.html,1,1,0
/zh-tw/3.13/library/weakref.html,1,1,0
/zh-tw/3.13/library/zipfile.html,1,1,0
/zh-tw/3.13/library/zlib.html,1,1,0
/zh-tw/3.13/license.html,1,1,0
/zh-tw/3.13/reference/compound_stmts.html,1,2,0
/zh-tw/3.13/reference/import.html,1,1,0
/zh-tw/3.13/reference/introduction.html,1,1,8
/zh-tw/3.13/using/android.html,1,1,50
/zh-tw/3.13/using/ios.html,1,1,7
/zh-tw/3.13/using/unix.html,1,1,0
/zh-tw/3.13/whatsnew/index.html,1,1,0
/zh-tw/3.14/c-api/bool.html,1,1,0
/zh-tw/3.14/contents.html,1,1,182
/zh-tw/3.14/library/cgitb.html,1,1,0
/zh-tw/3.14/library/cmath.html,1,1,85
/zh-tw/3.14/library/ftplib.html,1,1,0
/zh-tw/3.14/library/functions.html,1,1,260
/zh-tw/3.14/library/http.cookiejar.html,1,1,7
/zh-tw/3.14/library/smtplib.html,1,1,0
/zh-tw/3.14/library/tkinter.html,1,1,0
/zh-tw/3.14/library/uuid.html,1,1,0
/zh-tw/3.14/library/venv.html,1,1,0
/zh-tw/3.14/reference/import.html,1,1,0
/zh-tw/3.14/tutorial/datastructures.html,1,1,0
/zh-tw/3.14/whatsnew/3.10.html,1,1,0
/zh-tw/3.15/library/ssl.html,1,1,0
