name,version,visitors
Chrome,135.0,84
Chrome,136.0,42
Microsoft Edge,136.0,25
Firefox,138.0,15
Opera,118.0,13
Microsoft Edge,135.0,8
Safari,18.4,7
Yandex Browser,25.2,7
Safari,17.6,6
Firefox,137.0,5
Firefox,128.0,4
Samsung Browser,27.0,3
Samsung Browser,11.0,2
Firefox,115.0,2
Firefox,117.0,2
Chrome,122.0,2
Chrome,123.0,2
Chrome,126.0,2
Chrome,131.0,2
Chrome,134.0,2
Chrome,109.0,1
Chrome,130.0,1
Chrome,132.0,1
Firefox,134.0,1
Safari,18.1,1
Safari,18.3,1
Samsung Browser,28.0,1
