name,unique_entrances,total_entrances,visit_duration
/es/3.13/tutorial/index.html,333,349,287
/es/3.13/library/tkinter.html,181,197,192
/es/3/tutorial/,179,191,228
/3/,134,135,616
/es/3.13/tutorial/venv.html,121,131,39
/es/3.13/tutorial/classes.html,96,99,85
/es/3/tutorial/index.html,96,105,225
/es/3.13/tutorial/datastructures.html,94,97,78
/es/3.13/library/index.html,79,84,288
/es/3.13/installing/index.html,76,78,67
/es/3/,73,79,223
/es/3.13/library/functions.html,66,71,240
/es/3.13/tutorial/introduction.html,49,56,325
/es/3.13/tutorial/errors.html,47,51,119
/es/3.13/library/re.html,46,48,128
/es/3.13/library/random.html,38,39,184
/es/dev/tutorial/controlflow.html,38,41,174
/es/3/library/json.html,36,37,51
/es/3.13/library/idle.html,35,35,74
/es/3.13/library/tk.html,35,35,225
/es/3.13/tutorial/inputoutput.html,35,36,119
/es/3/library/stdtypes.html,35,39,52
/es/3/tutorial/datastructures.html,35,35,12
/3/library/functions.html,34,34,678
/es/3.13/tutorial/controlflow.html,31,38,152
/es/3.13/tutorial/interpreter.html,31,31,192
/3.13/tutorial/index.html,29,29,348
/es/3.13/library/datetime.html,29,30,167
/es/3.13/library/stdtypes.html,29,30,63
/es/3.13/howto/logging.html,28,28,5
/es/3/tutorial/controlflow.html,28,30,147
/es/3.13/tutorial/modules.html,26,26,162
/es/3/library/functions.html,26,33,66
/es/3/tutorial/introduction.html,26,28,274
/es/3.13/howto/regex.html,25,26,70
/es/3/genindex-Símbolos.html,25,26,17
/es/3.13/library/csv.html,24,25,112
/es/3.13/reference/import.html,24,24,0
/es/3.13/library/string.html,23,23,62
/es/3/library/index.html,23,23,122
/es/3/glossary.html,22,22,124
/es/3/library/tkinter.html,21,21,0
/es/3.13/library/math.html,19,19,74
/es/3.13/library/venv.html,19,20,24
/es/3/library/re.html,19,19,325
/es/3/tutorial/interpreter.html,19,21,132
/es/3.13/howto/sorting.html,18,18,375
/es/3.13/search.html,18,20,272
/3/library/venv.html,17,17,439
/3/tutorial/index.html,16,16,689
/es/3.13/,16,19,414
/es/3/howto/urllib2.html,16,19,209
/es/3/library/argparse.html,16,16,74
/3.13/using/windows.html,15,16,260
/3/library/tkinter.html,15,15,241
/es/3.12/tutorial/index.html,15,15,19
/es/3.13/tutorial/appetite.html,15,17,271
/es/3.13/using/windows.html,15,15,64
/3/tutorial/,14,14,332
/es/3.13/library/__main__.html,14,14,7
/es/3/library/datetime.html,14,14,268
/es/dev/using/windows.html,14,14,25
/es/3.13/library/sys.html,13,13,110
/es/3.13/using/editors.html,13,14,96
/es/3/faq/windows.html,13,13,0
/es/3/installing/index.html,13,13,6
/es/3/library/unittest.html,13,13,2
/es/3/tutorial/classes.html,13,15,152
/es/3.13/library/array.html,12,12,75
/es/3.13/library/tkinter.ttk.html,12,12,27
/es/3/library/asyncio.html,12,12,578
/es/3/using/cmdline.html,12,12,139
/es/dev/tutorial/,12,13,247
/es/3/library/decimal.html,11,11,208
/es/3/library/statistics.html,11,11,3
/es/3/tutorial/venv.html,11,14,0
/3/library/datetime.html,10,10,533
/es/3.13/library/turtle.html,10,10,331
/es/3/library/random.html,10,10,46
/es/3.13/library/collections.html,9,9,229
/es/3.13/library/filesys.html,9,11,342
/es/3.13/reference/compound_stmts.html,9,9,65
/3/library/index.html,8,8,770
/3/library/logging.html,8,8,489
/es/3.12/tutorial/interpreter.html,8,9,829
/es/3.13/library/pdb.html,8,8,12
/es/3.13/reference/index.html,8,8,142
/es/3/library/base64.html,8,8,300
/es/3/library/csv.html,8,8,74
/es/3/library/urllib.parse.html,8,8,93
/es/3/tutorial/appetite.html,8,8,313
/es/3/tutorial/errors.html,8,8,215
/es/3/tutorial/inputoutput.html,8,9,0
/3.13/tutorial/,7,7,353
/3/library/idle.html,7,7,747
/3/library/math.html,7,7,523
/3/tutorial/datastructures.html,7,7,601
/es/3.12/tutorial/classes.html,7,7,0
/es/3.13/library/logging.html,7,9,32
/es/3.13/library/pprint.html,7,7,69
/es/3.13/library/shutil.html,7,7,155
/es/3.13/library/time.html,7,7,0
/es/3/library/exceptions.html,7,7,546
/es/3/library/warnings.html,7,7,474
/es/3/reference/expressions.html,7,7,227
/3/library/re.html,6,6,142
/3/tutorial/errors.html,6,6,393
/es/3.13/howto/sockets.html,6,8,177
/es/3.13/library/copy.html,6,6,767
/es/3.13/library/multiprocessing.html,6,6,18
/es/3.13/library/pickle.html,6,6,180
/es/3.13/library/pydoc.html,6,6,3
/es/3.13/library/struct.html,6,7,83
/es/3.13/library/winsound.html,6,6,34
/es/3.13/reference/lexical_analysis.html,6,7,92
/es/3/library/asyncio-sync.html,6,7,824
/es/3/library/functools.html,6,6,0
/es/3/library/math.html,6,6,331
/es/3/library/trace.html,6,6,13
/es/3/tutorial/modules.html,6,7,115
/3.13/index.html,5,5,158
/3/library/csv.html,5,5,763
/3/library/random.html,5,5,360
/3/library/turtle.html,5,5,674
/es/3.13/glossary.html,5,5,359
/es/3.13/howto/unicode.html,5,5,520
/es/3.13/library/abc.html,5,5,6
/es/3.13/library/concurrent.futures.html,5,5,455
/es/3.13/library/intro.html,5,5,0
/es/3.13/library/os.path.html,5,5,0
/es/3.13/library/pathlib.html,5,5,14
/es/3.13/library/uuid.html,5,5,18
/es/3.13/library/webbrowser.html,5,5,16
/es/3.13/reference/simple_stmts.html,5,5,0
/es/3.13/using/unix.html,5,5,105
/es/3/contents.html,5,5,639
/es/3/library/enum.html,5,5,183
/es/3/reference/lexical_analysis.html,5,5,173
/es/3/search.html,5,5,1
/es/dev/library/datetime.html,5,5,172
/es/dev/library/tkinter.ttk.html,5,5,1
/es/dev/library/venv.html,5,5,387
/es/dev/tutorial/datastructures.html,5,5,0
/3/library/http.server.html,4,4,24
/3/library/socket.html,4,4,748
/3/library/unittest.html,4,4,73
/3/py-modindex.html,4,4,661
/3/tutorial/classes.html,4,4,852
/3/tutorial/controlflow.html,4,5,1236
/3/using/windows.html,4,4,416
/es/3.13/c-api/memory.html,4,4,212
/es/3.13/index.html,4,4,24
/es/3.13/library/asyncio-task.html,4,4,140
/es/3.13/library/calendar.html,4,5,256
/es/3.13/library/difflib.html,4,4,2
/es/3.13/library/ftplib.html,4,5,0
/es/3.13/library/http.server.html,4,4,16
/es/3.13/library/operator.html,4,4,0
/es/3.13/library/plistlib.html,4,5,40
/es/3.13/library/queue.html,4,4,104
/es/3.13/library/sqlite3.html,4,4,358
/es/3.13/reference/datamodel.html,4,4,10
/es/3.13/tutorial/,4,6,301
/es/3/library/asyncio-stream.html,4,5,19
/es/3/library/datatypes.html,4,4,201
/es/3/library/tk.html,4,5,2
/es/3/library/unittest.mock.html,4,4,0
/es/3/using/windows.html,4,4,0
/es/dev/library/math.html,4,4,66
/es/dev/library/threading.html,4,4,4
/3.12/tutorial/index.html,3,3,527
/3/library/asyncio-task.html,3,3,1460
/3/library/exceptions.html,3,3,298
/3/library/json.html,3,3,907
/3/library/queue.html,3,3,266
/3/library/stdtypes.html,3,3,29
/3/library/subprocess.html,3,3,540
/3/library/time.html,3,3,280
/3/reference/datamodel.html,3,3,2026
/es/3.12/library/http.server.html,3,3,0
/es/3.12/tutorial/venv.html,3,3,0
/es/3.13/download.html,3,4,0
/es/3.13/library/,3,4,641
/es/3.13/library/asyncio-sync.html,3,3,0
/es/3.13/library/datatypes.html,3,3,1238
/es/3.13/library/ensurepip.html,3,3,0
/es/3.13/library/smtplib.html,3,3,529
/es/3.13/library/tokenize.html,3,3,0
/es/3.13/reference/executionmodel.html,3,3,0
/es/3.13/whatsnew/3.13.html,3,3,113
/es/3.14/,3,4,1
/es/3/index.html,3,3,1686
/es/3/library/collections.html,3,3,255
/es/3/library/inspect.html,3,3,0
/es/3/library/smtplib.html,3,3,0
/es/3/library/socket.html,3,3,705
/es/3/library/string.html,3,3,0
/es/3/library/tarfile.html,3,3,272
/es/3/reference/compound_stmts.html,3,3,85
/es/dev/howto/sorting.html,3,3,289
/es/dev/tutorial/modules.html,3,3,596
/3.13/library/typing.html,2,2,1654
/3/glossary.html,2,2,778
/3/installing/index.html,2,2,127
/3/library/abc.html,2,2,2249
/3/library/argparse.html,2,2,1473
/3/library/collections.html,2,2,1312
/3/library/ensurepip.html,2,2,81
/3/library/enum.html,2,2,274
/3/library/hashlib.html,2,2,786
/3/library/importlib.html,2,2,262
/3/library/os.path.html,2,2,152
/3/library/struct.html,2,2,1514
/3/library/tk.html,2,2,66
/3/library/typing.html,2,2,408
/3/library/unittest.mock.html,2,2,1672
/3/library/webbrowser.html,2,2,512
/3/library/zlib.html,2,2,158
/3/reference/import.html,2,2,10
/3/reference/index.html,2,2,3494
/3/using/index.html,2,2,232
/es/3.12/,2,2,9
/es/3.12/index.html,2,2,0
/es/3.12/library/functions.html,2,2,0
/es/3.12/tutorial/controlflow.html,2,2,0
/es/3.13/contents.html,2,2,54
/es/3.13/howto/argparse.html,2,3,0
/es/3.13/howto/curses.html,2,2,86
/es/3.13/library/_thread.html,2,2,14
/es/3.13/library/collections.abc.html,2,2,0
/es/3.13/library/configparser.html,2,2,520
/es/3.13/library/curses.html,2,2,18
/es/3.13/library/dialog.html,2,2,0
/es/3.13/library/email.examples.html,2,2,47
/es/3.13/library/exceptions.html,2,2,0
/es/3.13/library/gc.html,2,2,7
/es/3.13/library/gzip.html,2,2,0
/es/3.13/library/hashlib.html,2,2,0
/es/3.13/library/heapq.html,2,2,1490
/es/3.13/library/profile.html,2,2,0
/es/3.13/library/socket.html,2,2,0
/es/3.13/library/subprocess.html,2,2,0
/es/3.13/library/threading.html,2,2,0
/es/3.13/library/timeit.html,2,2,0
/es/3.13/library/tkinter.font.html,2,2,0
/es/3.13/library/urllib.html,2,2,30
/es/3.13/py-modindex.html,2,4,320
/es/3.13/tutorial/appendix.html,2,2,6
/es/3.13/tutorial/floatingpoint.html,2,2,0
/es/3.13/tutorial/stdlib.html,2,3,867
/es/3.13/using/configure.html,2,2,8
/es/3.14/library/tkinter.ttk.html,2,2,0
/es/3/download.html,2,2,0
/es/3/library/email.mime.html,2,2,0
/es/3/library/http.html,2,2,66
/es/3/library/idle.html,2,2,0
/es/3/library/importlib.metadata.html,2,3,0
/es/3/library/multiprocessing.html,2,2,0
/es/3/library/threading.html,2,2,0
/es/3/py-modindex.html,2,2,2
/es/3/reference/executionmodel.html,2,2,36
/es/3/reference/import.html,2,2,0
/es/3/reference/index.html,2,2,108
/es/3/tutorial/stdlib.html,2,2,8
/es/3/whatsnew/3.8.html,2,2,0
/es/dev/howto/logging.html,2,2,0
/es/dev/library/abc.html,2,2,0
/es/dev/library/ssl.html,2,2,0
/es/dev/library/string.html,2,2,0
/es/dev/library/typing.html,2,2,0
/es/dev/reference/datamodel.html,2,2,449
/es/dev/tutorial/interpreter.html,2,2,810
/3.12/library/typing.html,1,1,6
/3.12/tutorial/,1,1,1194
/3.13/,1,1,7
/3.13/library/csv.html,1,1,6
/3.13/library/stdtypes.html,1,1,918
/3.13/using/mac.html,1,1,13
/3/c-api/index.html,1,1,1946
/3/c-api/memory.html,1,1,12
/3/contents.html,1,1,62
/3/faq/,1,1,153
/3/howto/curses.html,1,1,442
/3/howto/functional.html,1,1,233
/3/howto/logging.html,1,1,12
/3/howto/regex.html,1,1,248
/3/howto/sorting.html,1,1,408
/3/library/,1,1,24
/3/library/ast.html,1,1,16
/3/library/asyncio.html,1,1,698
/3/library/base64.html,1,1,1420
/3/library/calendar.html,1,1,1504
/3/library/cmd.html,1,1,3420
/3/library/collections.abc.html,1,1,1940
/3/library/configparser.html,1,1,2258
/3/library/copy.html,1,1,7
/3/library/dataclasses.html,1,1,8
/3/library/datatypes.html,1,1,784
/3/library/decimal.html,1,1,91
/3/library/doctest.html,1,1,2249
