name,visitors
Madrid Autonomous Community,287
Capital District,273
Ciudad de Mexico,242
Buenos Aires Province,229
Santiago Metropolitan,202
Catalonia,147
Lima,144
Antioquia,129
Andalusia,90
Valencian Community,79
Mexico State,74
Buenos Aires,52
Valle del Cauca,52
Jalisco,51
Córdoba,47
Guatemala,45
Nuevo León,44
Galicia,40
Pichincha,37
Puebla,37
Montevideo,36
Santa Fe,31
San José,31
Capital,30
Distrito Nacional,28
Querétaro,28
Veracruz,28
Atlántico,25
Basque Country,25
Guanajuato,25
Baja California,24
Santander,22
Guayas,22
Canary Islands,22
Yucatán,22
Castile and León,21
Lima Region,19
Bío Bío,18
Cundinamarca,18
Asunción,18
San Salvador,18
Balearic Islands,17
Panamá,17
Oaxaca,16
Mendoza,15
Santa Cruz,15
Havana,15
Murcia Region,15
Chihuahua,15
Hidalgo,14
La Paz,13
Nariño,13
Asturias,13
Michoacán,13
Sinaloa,13
Cochabamba,12
Morelos,12
Arequipa,12
Florida,12
Valparaíso,11
Bolívar,11
Chiapas,11
Entre Ríos,10
Cauca,10
Aguascalientes,10
Tabasco,10
Tamaulipas,10
Texas,10
Libertador General Bernardo O'Higgins,9
Risaralda,9
Aragon,9
Castile-La Mancha,9
Quintana Roo,9
Maule,8
Huila,8
Santo Domingo,8
Sonora,8
Lara,8
Coahuila,7
Guerrero,7
California,7
Carabobo,7
Magdalena,6
Tolima,6
Alajuela,6
Santiago,6
Navarra Chartered Community,6
Cortés,6
Tlaxcala,6
Zacatecas,6
Tacna,6
Central,6
Zulia,6
Santa Cruz,5
Araucanía,5
Córdoba,5
Norte de Santander,5
Managua,5
La Libertad,5
Misiones,4
Río Negro,4
Caldas,4
Meta,4
Heredia,4
Extremadura,4
Île-de-France,4
Francisco Morazán,4
Colima,4
San Luis Potosí,4
Lambayeque,4
Michigan,4
Anzoátegui,4
Salta,3
La Rioja,3
La Pampa,3
Neuquén,3
Tucumán,3
São Paulo,3
Antofagasta,3
Los Lagos,3
Azuay,3
Cantabria,3
Karnataka,3
Junín,3
Piura,3
Puno,3
Pennsylvania,3
Aragua,3
Bolívar,3
Falcón,3
Miranda,3
Chaco,2
San Juan,2
Formosa,2
Jujuy,2
Brussels,2
Santa Catarina,2
Arica y Parinacota,2
Coquimbo,2
Los Ríos,2
Hebei,2
Arauca,2
Boyacá,2
Sucre,2
Cartago,2
Baden-Württemberg,2
Bavaria,2
Hesse,2
La Romana,2
Quetzaltenango,2
Leinster,2
Gujarat,2
Telangāna,2
North Holland,2
Cusco,2
Ica,2
Lisbon,2
Porto,2
Alto Paraná,2
Bucharest,2
San Miguel,2
Arizona,2
Colorado,2
New York,2
Virginia,2
Vargas,2
Andorra la Vella,1
Yerevan,1
Huambo,1
Luanda,1
San Luis,1
Catamarca,1
Chubut,1
Tierra del Fuego,1
Corrientes,1
Vienna,1
New South Wales,1
Victoria,1
Baku,1
Chuquisaca,1
Tarija,1
Minas Gerais,1
Paraná,1
Rio Grande do Sul,1
Basel-Stadt,1
Schaffhausen,1
Atacama,1
Jiangsu,1
Guanacaste,1
Prague,1
Zlín,1
Hamburg,1
El Seibo,1
Esmeraldas,1
Cañar,1
Chimborazo,1
Loja,1
Manabí,1
El Oro,1
Los Ríos,1
Santo Domingo de los Tsáchilas,1
Tungurahua,1
Cotopaxi,1
Melilla,1
La Rioja,1
Northern Ostrobothnia,1
Occitanie,1
Bioko Norte,1
West Macedonia,1
Olancho,1
Yoro,1
Delhi,1
Piedmont,1
Emilia-Romagna,1
Lazio,1
Campania,1
Tochigi,1
Gifu,1
Baja California Sur,1
Campeche,1
Durango,1
Nayarit,1
Selangor,1
Anambra,1
NO-19,1
Bay of Plenty,1
El Callao,1
Loreto,1
San Martín,1
Podlachia,1
Greater Poland,1
Castelo Branco,1
Moscow Province,1
Västra Götaland,1
Dakar,1
Chalatenango,1
Taipei,1
Lvivshchyna,1
Washington DC,1
Georgia,1
Indiana,1
Massachusetts,1
Maryland,1
Minnesota,1
North Carolina,1
New Jersey,1
Oklahoma,1
Vermont,1
Washington,1
Canelones,1
Maldonado,1
San José,1
Mérida,1
Nueva Esparta,1
Sucre,1
Delta Amacuro,1
