name,visitors,bounce_rate,visit_duration
Google,1448,77,189
Direct / None,330,65,246
Bing,50,72,205
Baidu,19,68,225
chatgpt.com,10,38,169
python.org,10,0,401
steam.oxxostudio.tw,9,78,13
ithelp.ithome.com.tw,4,67,133
Yahoo!,3,100,0
DuckDuckGo,2,0,8
Facebook,1,100,0
Microsoft Teams,1,100,0
Perplexity,1,100,0
Twitter,1,50,33
aidoczh.com,1,0,785
aronhack.com,1,0,543
cnblogs.com,1,100,0
docs.pytest.org,1,0,1086
evernote.com,1,0,943
fastapi.tiangolo.com,1,0,1519
finlab.tw,1,0,11
flask.palletsprojects.com,1,0,46
huggingface.co,1,0,542
medium.com,1,0,188
packaging.python.org,1,0,955
peps.python.org,1,0,1484
post_page-----f678707808ed---------------------------------------,1,100,0
realnewbie.com,1,100,0
vocus.cc,1,100,0
websockets.readthedocs.io,1,0,386
