name,version,visitors
Windows,10,4198
Mac,10.15,914
iOS,18.5,345
Android,14,247
Android,15,234
Android,10,211
Android,13,182
GNU/Linux,(not set),154
Android,12,121
HarmonyOS,3.0,118
Android,11,83
HarmonyOS,2.2,66
Chrome OS,14541.0,65
HarmonyOS,(not set),44
Android,9,35
Ubuntu,(not set),31
iOS,17.6,17
Android,8.1,16
iOS,18.1,15
iOS,18.3,15
iOS,18.4,15
iOS,17.5,13
iOS,16.7,8
iOS,15.6,6
iOS,16.1,6
iOS,16.2,6
iOS,16.3,6
iOS,17.2,6
Windows,7,6
Android,7.1,6
iOS,17.3,5
HarmonyOS,2.1,5
Android,6.0,5
iOS,13.6,4
iOS,15.8,4
iOS,17.4,4
iOS,18.0,4
Android,8.0,4
(not set),(not set),3
iPadOS,15.6,3
iOS,16.0,3
iOS,19.0,3
iPadOS,13.3,2
iOS,14.8,2
iOS,15.1,2
iOS,16.6,2
Android,4.4,2
Android,7.0,2
Windows,8.1,2
Windows,(not set),1
iOS,11.0,1
iOS,11.1,1
iPadOS,13.6,1
iPadOS,13.7,1
iPadOS,14.4,1
iOS,14.6,1
iOS,15.0,1
iOS,15.2,1
iOS,15.3,1
iOS,15.4,1
iOS,16.5,1
iPadOS,16.7,1
iPadOS,17.6,1
iPadOS,17.7,1
iOS,17.7,1
iOS,18.2,1
Android,5.0,1
Android,5.1,1
PICO OS,5.13,1
Windows,XP,1
