name,visitors,pageviews,bounce_rate,time_on_page,scroll_depth
/ja/3.13/c-api/capsule.html,924,995,77,4,32
/ja/3/library/codecs.html,463,555,86,7,7
/ja/3/,231,302,52,16,78
/ja/3.13/tutorial/,225,305,51,33,56
/ja/3/library/stdtypes.html,211,347,70,615,45
/ja/3/library/functions.html,204,244,78,52,46
/ja/3/tutorial/index.html,168,229,50,29,62
/ja/3/library/index.html,158,219,57,39,51
/ja/3/tutorial/,158,225,57,39,56
/ja/3.13/library/functions.html,157,185,74,63,44
/ja/3.13/library/re.html,152,153,88,32,33
/ja/3.13/library/index.html,143,166,68,35,50
/ja/3.13/library/stdtypes.html,136,156,70,95,37
/ja/3.13/library/datetime.html,122,131,80,61,26
/ja/3/search.html,109,244,19,22,59
/ja/3/tutorial/interpreter.html,107,111,59,83,77
/ja/3.13/library/subprocess.html,105,107,88,39,28
/ja/3.13/library/logging.html,104,103,77,37,32
/ja/3.13/search.html,104,156,28,19,52
/ja/3/tutorial/appetite.html,103,96,39,78,86
/ja/3.13/library/pathlib.html,100,105,83,43,41
/ja/3.13/tutorial/interpreter.html,99,99,72,81,77
/ja/3/tutorial/introduction.html,97,97,75,135,57
/ja/3/tutorial/controlflow.html,96,94,79,127,40
/ja/3/tutorial/datastructures.html,93,85,72,78,49
/ja/3.13/tutorial/appetite.html,92,81,32,113,82
/ja/3.13/library/typing.html,91,99,73,18,23
/ja/3.13/library/csv.html,87,88,87,30,40
/ja/3.13/library/random.html,86,83,92,40,29
/ja/3.13/tutorial/errors.html,86,87,75,68,43
/ja/3/library/datetime.html,82,91,83,71,60
/ja/3.13/tutorial/index.html,81,90,52,29,49
/ja/3.13/,78,75,53,26,72
/ja/3.13/library/json.html,73,75,86,16,25
/ja/3.13/tutorial/controlflow.html,73,101,72,435,50
/ja/3.13/library/enum.html,71,71,82,46,24
/ja/3.13/tutorial/introduction.html,64,65,81,248,60
/ja/3.13/library/itertools.html,62,65,78,70,33
/ja/3/library/os.html,62,65,80,33,29
/ja/3.13/library/exceptions.html,61,56,78,24,44
/ja/3.13/library/os.html,60,61,74,41,37
/ja/3.13/glossary.html,59,55,47,43,48
/ja/3.13/library/os.path.html,58,64,78,40,50
/ja/3.13/tutorial/inputoutput.html,58,60,73,50,49
/ja/3/reference/index.html,53,73,67,25,64
/ja/3.13/library/sqlite3.html,52,57,83,18,16
/ja/3/library/venv.html,51,52,94,29,25
/ja/3/library/xml.etree.elementtree.html,50,58,82,138,39
/ja/3.13/library/multiprocessing.html,47,58,80,53,24
/ja/3.13/library/string.html,47,47,77,105,41
/ja/3.13/library/tkinter.html,47,60,72,38,27
/ja/3/tutorial/classes.html,47,45,71,189,61
/ja/3.13/library/time.html,46,45,85,28,40
/ja/3.13/library/io.html,44,46,65,42,47
/ja/3.13/library/struct.html,44,43,81,101,45
/ja/3.13/index.html,43,49,46,12,73
/ja/3.13/tutorial/modules.html,43,47,71,66,32
/ja/3.13/library/dataclasses.html,42,45,89,29,49
/ja/3/library/exceptions.html,42,40,79,25,43
/ja/3/tutorial/modules.html,42,35,75,127,54
/ja/3.13/tutorial/classes.html,41,44,88,72,41
/ja/3/index.html,41,46,45,9,75
/ja/3.13/library/argparse.html,40,39,88,95,31
/ja/3/library/re.html,40,40,79,35,42
/ja/3/using/cmdline.html,40,39,77,43,37
/ja/3.13/installing/index.html,39,40,91,582,55
/ja/3.13/library/socket.html,38,42,83,41,35
/ja/3/library/math.html,38,39,92,302,43
/ja/3.13/library/tempfile.html,37,41,84,23,46
/ja/3.13/using/windows.html,37,37,90,37,35
/ja/3/glossary.html,37,38,83,67,41
/ja/3.13/reference/datamodel.html,35,46,60,63,49
/ja/3.13/tutorial/datastructures.html,35,33,67,98,43
/ja/3.13/library/asyncio-task.html,34,34,75,62,40
/ja/3.13/reference/index.html,34,55,55,54,63
/ja/3/contents.html,34,52,67,30,26
/ja/3.13/howto/sorting.html,33,42,84,23,30
/ja/3.13/library/shutil.html,33,31,89,40,30
/ja/3/tutorial/errors.html,33,37,73,112,47
/ja/3.13/library/codecs.html,32,33,83,30,38
/ja/3.13/library/concurrent.futures.html,32,34,67,72,63
/ja/3/reference/lexical_analysis.html,32,27,83,30,55
/ja/3.13/whatsnew/index.html,31,40,55,14,17
/ja/3.13/library/configparser.html,30,41,71,104,35
/ja/3.13/library/venv.html,30,31,82,14,26
/ja/3.13/contents.html,29,36,43,17,24
/ja/3.13/library/math.html,28,31,74,23,27
/ja/3.13/library/unittest.html,28,28,88,70,31
/ja/3.13/library/unittest.mock.html,28,28,88,56,31
/ja/3/using/windows.html,28,27,80,32,25
/ja/3.13/library/threading.html,27,30,84,15,32
/ja/3/library/pathlib.html,27,25,85,130,38
/ja/3.13/library/glob.html,26,26,96,41,63
/ja/3.13/library/http.server.html,26,30,88,31,38
/ja/3.13/library/urllib.parse.html,26,28,67,233,40
/ja/3/library/,26,36,74,41,44
/ja/3/library/os.path.html,26,28,77,77,43
/ja/3/reference/introduction.html,26,29,82,3,47
/ja/3/whatsnew/3.13.html,26,27,79,44,25
/ja/3.13/library/asyncio.html,25,37,65,19,77
