name,unique_entrances,total_entrances,visit_duration
/ja/latest/tutorials/installing-packages/,122,123,117
/ja/latest/guides/installing-using-pip-and-virtual-environments/,115,116,33
/ja/latest/guides/writing-pyproject-toml/,57,61,26
/ja/latest/tutorials/packaging-projects/,25,28,27
/en/latest/tutorials/installing-packages/,17,17,504
/ja/latest/discussions/src-layout-vs-flat-layout/,14,14,111
/ja/latest/discussions/setup-py-deprecated/,11,11,147
/ja/latest/guides/distributing-packages-using-setuptools/,10,10,27
/ja/latest/guides/packaging-namespace-packages/,7,7,11
/ja/latest/specifications/pyproject-toml/,7,7,5
/ja/latest/,4,4,372
/ja/latest/guides/creating-and-discovering-plugins/,4,4,0
/ja/latest/key_projects/,4,4,260
/ja/latest/specifications/core-metadata/,4,4,224
/ja/latest/specifications/version-specifiers/,4,4,2
/en/latest/tutorials/packaging-projects/,3,3,97
/ja/latest/discussions/versioning/,3,3,103
/ja/latest/glossary/,3,3,4
/ja/latest/guides/installing-using-linux-tools/,3,3,0
/ja/latest/guides/section-build-and-publish/,3,4,26
/ja/latest/guides/using-testpypi/,3,3,0
/ja/latest/overview/,3,3,636
/ja/latest/specifications/entry-points/,3,4,0
/ja/latest/specifications/platform-compatibility-tags/,3,3,0
/ja/latest/tutorials/managing-dependencies/,3,3,0
/en/latest/,2,2,1502
/en/latest/guides/writing-pyproject-toml/,2,2,6
/ja/latest/discussions/deploying-python-applications/,2,2,0
/ja/latest/discussions/package-formats/,2,2,0
/ja/latest/discussions/pip-vs-easy-install/,2,2,75
/ja/latest/guides/modernize-setup-py-project/,2,2,44
/ja/latest/guides/using-manifest-in/,2,2,6
/en/latest/discussions/setup-py-deprecated/,1,1,403
/en/latest/guides/installing-using-pip-and-virtual-environments/,1,1,0
/en/latest/guides/section-build-and-publish/,1,1,274
/en/latest/overview/,1,1,2660
/en/latest/search/,1,1,2822
/ja/latest/guides/index-mirrors-and-caches/,1,1,0
/ja/latest/guides/installing-stand-alone-command-line-tools/,1,1,0
/ja/latest/guides/making-a-pypi-friendly-readme/,1,1,0
/ja/latest/guides/publishing-package-distribution-releases-using-github-actions-ci-cd-workflows/,1,1,0
/ja/latest/specifications/,1,1,11
/ja/latest/specifications/dependency-specifiers/,1,1,0
/ja/latest/specifications/direct-url-data-structure/,1,1,0
/ja/latest/specifications/direct-url/,1,1,0
/ja/latest/specifications/externally-managed-environments/,1,1,0
/ja/latest/specifications/inline-script-metadata/,1,1,546
/ja/latest/specifications/recording-installed-packages/,1,1,0
/ja/latest/specifications/source-distribution-format/,1,1,0
/ja/latest/specifications/well-known-project-urls/,1,1,0
/pt-br/latest/tutorials/installing-packages/,1,1,0
