name,visitors
China,4211
Singapore,618
Hong Kong,537
United States,257
Japan,217
Taiwan,100
United Kingdom,24
Canada,21
Malaysia,19
France,15
Australia,11
Russian Federation,11
Germany,10
South Korea,10
Macao,7
Italy,6
Vietnam,6
Netherlands,5
Finland,3
India,3
Poland,3
Seychelles,3
Angola,2
Belarus,2
Spain,2
Guinea,2
Jordan,2
Cambodia,2
Thailand,2
South Africa,2
United Arab Emirates,1
Belgium,1
Chile,1
Greece,1
Hungary,1
Indonesia,1
Kazakhstan,1
Sri Lanka,1
New Zealand,1
Pakistan,1
Serbia,1
Turkey,1
