name,unique_exits,total_exits,exit_rate
/zh-cn/3/,271,285,
/zh-cn/3/tutorial/index.html,253,262,
/zh-cn/3/library/idle.html,172,174,
/zh-cn/3.13/tutorial/index.html,159,166,
/zh-cn/3/library/turtle.html,149,157,
/zh-cn/3/library/index.html,139,142,
/zh-cn/3.13/,136,144,
/zh-cn/3/using/mac.html,104,104,
/zh-cn/3/library/functions.html,103,106,
/zh-cn/3.13/library/index.html,91,91,
/zh-cn/3/using/windows.html,86,86,
/zh-cn/3.13/using/android.html,72,72,
/zh-cn/3/library/math.html,70,70,
/zh-cn/3/tutorial/interpreter.html,69,69,
/zh-cn/3/library/stdtypes.html,66,64,
/zh-cn/3.13/tutorial/introduction.html,64,69,
/zh-cn/3/tutorial/controlflow.html,64,66,
/zh-cn/3/library/venv.html,62,64,
/zh-cn/3.13/library/functions.html,61,64,
/zh-cn/3.13/library/stdtypes.html,60,60,
/zh-cn/3/tutorial/introduction.html,60,64,
/zh-cn/3/using/index.html,58,58,
/zh-cn/3/library/,56,59,
/zh-cn/3.13/tutorial/controlflow.html,54,60,
/3/,53,53,
/zh-cn/3/reference/index.html,48,52,
/zh-cn/3.13/tutorial/interpreter.html,47,53,
/zh-cn/3.13/using/windows.html,45,46,
/zh-cn/3/tutorial/,40,42,
/zh-cn/3.13/search.html,39,43,
/zh-cn/3/search.html,39,38,
/zh-cn/3.13/tutorial/datastructures.html,38,39,
/zh-cn/3/tutorial/datastructures.html,38,39,
/zh-cn/3.13/download.html,35,36,
/zh-cn/3.13/library/tkinter.html,35,35,
/zh-cn/3.13/library/turtle.html,34,35,
/zh-cn/3/tutorial/appetite.html,34,37,
/zh-cn/3/tutorial/inputoutput.html,32,33,
/zh-cn/3.13/tutorial/,31,31,
/zh-cn/3.13/reference/index.html,30,30,
/zh-cn/3/index.html,30,30,
/zh-cn/3/tutorial/modules.html,30,32,
/zh-cn/3.13/whatsnew/3.13.html,28,28,
/zh-cn/3.13/glossary.html,27,27,
/zh-cn/3.13/using/index.html,27,27,
/zh-cn/3/installing/index.html,27,27,
/zh-cn/3.13/reference/datamodel.html,25,26,
/zh-cn/3/library/tkinter.html,25,28,
/zh-cn/3/tutorial/classes.html,25,25,
/zh-cn/3.13/tutorial/classes.html,24,24,
/zh-cn/3/library/random.html,23,25,
/zh-cn/3/reference/lexical_analysis.html,23,24,
/3.13/,22,22,
/zh-cn/3.12/tutorial/index.html,22,22,
/zh-cn/3.13/library/idle.html,21,21,
/zh-cn/3.13/index.html,20,20,
/zh-cn/3/download.html,20,20,
/zh-cn/3.13/installing/index.html,19,19,
/zh-cn/3.13/using/cmdline.html,19,19,
/zh-cn/3.13/tutorial/errors.html,18,18,
/zh-cn/3.13/tutorial/inputoutput.html,18,18,
/zh-cn/3/library/multiprocessing.html,18,19,
/zh-cn/3/library/os.html,18,18,
/zh-cn/3/library/pathlib.html,18,18,
/zh-cn/3/library/re.html,18,19,
/zh-cn/3.12/using/mac.html,17,17,
/zh-cn/3.13/library/venv.html,16,19,
/zh-cn/3.13/tutorial/appetite.html,16,16,
/zh-cn/3/library/typing.html,16,16,
/zh-cn/3/tutorial/errors.html,16,16,
/zh-cn/3.12/,15,15,
/zh-cn/3.13/library/typing.html,15,15,
/zh-cn/3/library/asyncio-task.html,15,15,
/zh-cn/3/library/unittest.html,15,16,
/zh-cn/3.12/search.html,14,14,
/zh-cn/3.13/contents.html,14,14,
/zh-cn/3.14/whatsnew/3.14.html,14,14,
/zh-cn/3/contents.html,14,14,
/zh-cn/3/glossary.html,14,14,
/zh-cn/3/library/dataclasses.html,14,14,
/zh-cn/3/library/itertools.html,14,14,
/zh-cn/3/using/cmdline.html,14,14,
/3/tutorial/index.html,13,14,
/zh-cn/3.12/library/index.html,13,14,
/zh-cn/3.13/library/logging.html,13,13,
/zh-cn/3.13/library/math.html,13,13,
/zh-cn/3.13/using/,13,13,
/zh-cn/3.13/using/ios.html,13,13,
/zh-cn/3.15/,13,13,
/zh-cn/3/library/heapq.html,13,13,
/zh-cn/3/reference/introduction.html,13,13,
/zh-cn/3.13/library/pathlib.html,12,12,
/zh-cn/3.13/library/re.html,12,16,
/zh-cn/3.13/whatsnew/index.html,12,12,
/zh-cn/3/howto/enum.html,12,12,
/zh-cn/3/library/subprocess.html,12,12,
/zh-cn/3/tutorial/venv.html,12,12,
/zh-cn/3/whatsnew/3.13.html,12,11,
/3.15/,11,11,
/zh-cn/3.13/library/,11,11,
