name,visitors
France,851
Morocco,56
Algeria,35
Belgium,23
Canada,21
Switzerland,18
Senegal,18
Tunisia,18
"Congo, The Democratic Republic of the",17
Côte d'Ivoire,17
Togo,13
Benin,8
Réunion,8
Russian Federation,7
Cameroon,6
China,6
Spain,6
Burkina Faso,5
Germany,5
Haiti,5
Thailand,5
United States,5
Guinea,4
Japan,4
Madagascar,4
Netherlands,4
Congo,3
Gabon,3
United Kingdom,3
Guadeloupe,3
India,3
Italy,3
Turkey,3
Chile,2
Djibouti,2
Lithuania,2
Mali,2
Martinique,2
Saudi Arabia,2
Singapore,2
Australia,1
Bahrain,1
Denmark,1
French Guiana,1
Jersey,1
Luxembourg,1
Mauritania,1
Malaysia,1
New Caledonia,1
Norway,1
Puerto Rico,1
Sweden,1
Venezuela,1
Vietnam,1
South Africa,1
