property,value,visitors,events,percentage
url,(none),9701,20475,99.5
url,https://www.python.org/,240,265,2.5
url,https://www.python.org/downloads/macos/,25,27,0.3
url,https://github.com/python/cpython/tree/3.13/Lib/idlelib/,21,26,0.2
url,https://www.python.org/downloads/,21,22,0.2
url,https://pypi.org/,20,23,0.2
url,https://tkdocs.com/,11,12,0.1
url,https://www.tkdocs.com/shipman/,9,9,0.1
url,https://packaging.python.org/,8,8,0.1
url,https://www.python.org/doc/versions/,8,8,0.1
url,https://packaging.python.org/installing/,7,7,0.1
url,https://packaging.python.org/en/latest/tutorials/packaging-projects/,6,6,0.1
url,https://peps.python.org/pep-0703/,6,7,0.1
url,https://github.com/python/cpython/tree/3.13/Lib/turtle.py,5,6,0.1
url,https://wiki.python.org/moin/BeginnersGuide,5,5,0.1
url,https://packaging.python.org/en/latest/tutorials/installing-packages/#ensure-pip-setuptools-and-wheel-are-up-to-date,4,4,0.0
url,https://peps.python.org/pep-0008/,4,4,0.0
url,https://peps.python.org/pep-0397/,4,5,0.0
url,https://tiswww.case.edu/php/chet/readline/rltop.html,4,10,0.0
url,https://www.debian.org/doc/manuals/maint-guide/first.en.html,4,5,0.0
url,https://github.com/python/cpython/tree/3.13/Lib/idlelib,3,3,0.0
url,https://packaging.python.org/extensions/,3,3,0.0
url,https://packaging.python.org/installing/#requirements-for-installing-packages,3,4,0.0
url,https://pypi.org/project/regex/,3,3,0.0
url,https://www.tcl.tk/man/tcl8.6/TkCmd/contents.htm,3,3,0.0
url,https://brew.sh/,2,2,0.0
url,https://datatracker.ietf.org/doc/html/rfc2822.html,2,2,0.0
url,https://en.wikipedia.org/wiki/Turtle_(robot),2,2,0.0
url,https://en.wikipedia.org/wiki/Universal_binary,2,3,0.0
url,https://github.com/python/cpython/blob/main/Doc/tutorial/appetite.rst,2,2,0.0
url,https://github.com/python/cpython/issues/63207,2,2,0.0
url,https://github.com/python/cpython/tree/3.13/Lib/random.py,2,2,0.0
url,https://peps.python.org/pep-0636/,2,2,0.0
url,https://peps.python.org/pep-0779/,2,2,0.0
url,https://py-free-threading.github.io/installing-cpython/,2,2,0.0
url,https://rhettinger.wordpress.com/2011/05/26/super-considered-super/,2,3,0.0
url,https://www.anaconda.com/download/,2,2,0.0
url,https://www.python.org/about/success,2,2,0.0
url,https://www.sphinx-doc.org/,2,2,0.0
url,https://www.tcl.tk/,2,2,0.0
url,https://bugs.python.org/issue?@action=redirect&bpo=12782,1,1,0.0
url,https://chaquo.com/chaquopy,1,1,0.0
url,https://core.tcl.tk/tips/doc/trunk/tip/48.md,1,1,0.0
url,https://datatracker.ietf.org/doc/html/rfc1700,1,1,0.0
url,https://datatracker.ietf.org/doc/html/rfc2821.html,1,1,0.0
url,https://datatracker.ietf.org/doc/html/rfc821.html,1,1,0.0
url,https://datatracker.ietf.org/doc/html/rfc959.html,1,1,0.0
url,https://devguide.python.org/,1,1,0.0
url,https://discuss.python.org/c/documentation/26,1,1,0.0
url,https://en.wikipedia.org/wiki/Heapsort,1,1,0.0
url,https://en.wikipedia.org/wiki/Tail_call,1,2,0.0
url,https://gist.github.com/vsajip/4673395,1,1,0.0
url,https://github.com/python/cpython/blob/main/Doc/bugs.rst,1,1,0.0
url,https://github.com/python/cpython/blob/main/Doc/contents.rst,1,1,0.0
url,https://github.com/python/cpython/blob/main/Doc/installing/index.rst,1,1,0.0
url,https://github.com/python/cpython/blob/main/Doc/library/pickle.rst,1,1,0.0
url,https://github.com/python/cpython/blob/main/Doc/library/typing.rst,1,1,0.0
url,https://github.com/python/cpython/blob/main/Doc/reference/toplevel_components.rst,1,1,0.0
url,https://github.com/python/cpython/issues/103082,1,1,0.0
url,https://github.com/python/cpython/issues/88494,1,1,0.0
url,https://github.com/python/cpython/issues/90817,1,1,0.0
url,https://github.com/python/cpython/tree/3.13/Android/testbed/app/build.gradle.kts,1,1,0.0
url,https://github.com/python/cpython/tree/3.13/Lib/collections/__init__.py,1,1,0.0
url,https://github.com/python/cpython/tree/3.13/Lib/ctypes,1,1,0.0
url,https://github.com/python/cpython/tree/3.13/Lib/curses/ascii.py,1,1,0.0
url,https://github.com/python/cpython/tree/3.13/Lib/dis.py,1,1,0.0
url,https://github.com/python/cpython/tree/3.13/Lib/http/__init__.py,1,1,0.0
url,https://github.com/python/cpython/tree/3.13/Lib/http/server.py,1,1,0.0
url,https://github.com/python/cpython/tree/3.13/Lib/importlib/__init__.py,1,1,0.0
url,https://github.com/python/cpython/tree/3.13/Lib/pickle.py,1,1,0.0
url,https://github.com/python/cpython/tree/3.13/Lib/sqlite3/,1,1,0.0
url,https://github.com/python/cpython/tree/3.13/Lib/tkinter/__init__.py,1,1,0.0
url,https://github.com/python/cpython/tree/3.13/Lib/tkinter/commondialog.py,1,1,0.0
url,https://gvanrossum.github.io/,1,1,0.0
url,https://hugovk.github.io/free-threaded-wheels/,1,1,0.0
url,https://json.org/,1,1,0.0
url,https://mail.python.org/archives/list/python-dev@python.org/message/VIZEBX5EYMSYIJNDBF6DMUMZOCWHARSO/,1,2,0.0
url,https://mail.python.org/pipermail/python-porting/,1,1,0.0
url,https://manpages.debian.org/alarm(2),1,1,0.0
url,https://marcelotduarte.github.io/cx_Freeze/,1,1,0.0
url,https://msdn.microsoft.com/en-us/library/ms686331(v=vs.85).aspx,1,1,0.0
url,https://packaging.python.org/en/latest/tutorials/installing-packages/,1,1,0.0
url,https://packaging.python.org/installing/#creating-virtual-environments,1,1,0.0
url,https://peps.python.org/,1,2,0.0
url,https://peps.python.org/pep-0011/,1,1,0.0
url,https://peps.python.org/pep-0405/,1,1,0.0
url,https://peps.python.org/pep-0434/,1,1,0.0
url,https://peps.python.org/pep-0485/,1,1,0.0
url,https://peps.python.org/pep-0492/,1,1,0.0
url,https://peps.python.org/pep-0498/,1,1,0.0
url,https://peps.python.org/pep-0560/,1,1,0.0
url,https://peps.python.org/pep-0693/,1,1,0.0
url,https://peps.python.org/pep-0719/,1,1,0.0
url,https://peps.python.org/pep-0745/,1,1,0.0
url,https://peps.python.org/pep-0750/,1,1,0.0
url,https://peps.python.org/pep-3107/,1,1,0.0
url,https://peps.python.org/pep-3119/,1,1,0.0
url,https://peps.python.org/pep-3120/,1,1,0.0
url,https://pypi.org/project/filetype/,1,1,0.0
url,https://pypi.org/project/puremagic/,1,1,0.0
url,https://requests.readthedocs.io/en/latest/,1,1,0.0
url,https://setuptools.readthedocs.io/en/latest/setuptools.html,1,1,0.0
url,https://tktable.sourceforge.net/tile/tile-tcl2004.pdf,1,1,0.0
url,https://typing.python.org/en/latest/spec/index.html,1,1,0.0
url,https://wiki.python.org/moin/PythonBooks,1,1,0.0
url,https://wiki.python.org/moin/PythonEditors,1,1,0.0
url,https://www.activestate.com/products/python/,1,1,0.0
url,https://www.britannica.com/science/permutation,1,1,0.0
url,https://www.nuget.org/,1,1,0.0
url,https://www.nuget.org/packages/python-freethreaded,1,1,0.0
url,https://www.sqlite.org/,1,1,0.0
url,https://www.unicode.org/Public/15.1.0/ucd/NameAliases.txt,1,1,0.0
url,https://www.w3.org/TR/xpath,1,1,0.0
url,https://yaml.org/,1,1,0.0
