property,value,visitors,events,percentage
url,(none),1421,2080,99.7
url,https://www.python.org/,19,20,1.3
url,https://www.python.org/downloads/,4,4,0.3
url,https://docs.python.org/zh-tw/3/archives/python-3.14-docs-html.zip,3,3,0.2
url,https://docs.python.org/zh-tw/3/archives/python-3.14-docs-text.zip,2,2,0.1
url,https://www.python.org/downloads/macos/,2,2,0.1
url,https://apps.microsoft.com/detail/9NQ7512CXL7T,1,1,0.1
url,https://github.com/python/cpython/blob/main/Doc/bugs.rst?plain=1,1,1,0.1
url,https://github.com/python/cpython/blob/main/Doc/library/stdtypes.rst?plain=1,1,1,0.1
url,https://github.com/python/cpython/tree/3.12/Lib/argparse.py,1,1,0.1
url,https://github.com/python/cpython/tree/3.13/Lib/ftplib.py,1,1,0.1
url,https://github.com/python/cpython/tree/3.13/Lib/random.py,1,1,0.1
url,https://github.com/python/cpython/tree/3.14/Lib/idlelib/,1,1,0.1
url,https://github.com/python/cpython/tree/3.14/Lib/re/,1,1,0.1
url,https://github.com/python/cpython/tree/3.14/Lib/shlex.py,1,1,0.1
url,https://packaging.python.org/en/latest/tutorials/installing-packages/#ensure-pip-setuptools-and-wheel-are-up-to-date,1,1,0.1
url,https://packaging.python.org/guides/installing-using-pip-and-virtual-environments/#create-and-use-virtual-environments,1,2,0.1
url,https://packaging.python.org/installing/#creating-virtual-environments,1,1,0.1
url,https://peps.python.org/pep-0397/,1,1,0.1
url,https://peps.python.org/pep-0451/,1,1,0.1
url,https://pypi.org/,1,1,0.1
url,https://www.pypa.io/,1,1,0.1
url,https://www.tcl.tk/,1,1,0.1
