name,unique_exits,total_exits,exit_rate
/zh-tw/3.13/tutorial/index.html,62,64,
/zh-tw/3.13/library/venv.html,52,53,
/zh-tw/dev/installing/index.html,31,31,
/zh-tw/3/library/re.html,27,28,
/zh-tw/3.13/library/random.html,26,27,
/zh-tw/3.13/tutorial/datastructures.html,25,27,
/zh-tw/3.13/tutorial/inputoutput.html,25,25,
/zh-tw/3/tutorial/index.html,25,25,
/zh-tw/3/howto/argparse.html,23,23,
/zh-tw/3/tutorial/classes.html,23,24,
/zh-tw/3.13/tutorial/controlflow.html,21,23,
/zh-tw/3/library/index.html,19,19,
/zh-tw/3.13/howto/sorting.html,18,18,
/zh-tw/3.13/library/pathlib.html,17,17,
/zh-tw/3.13/library/csv.html,16,16,
/zh-tw/3.13/library/heapq.html,16,16,
/zh-tw/3.13/library/json.html,16,16,
/zh-tw/3.13/tutorial/introduction.html,15,16,
/zh-tw/3.15/using/windows.html,15,16,
/zh-tw/3.13/library/functions.html,14,14,
/zh-tw/3.13/tutorial/errors.html,14,14,
/zh-tw/3.13/library/stdtypes.html,13,14,
/zh-tw/3/tutorial/appetite.html,13,14,
/zh-tw/3/tutorial/controlflow.html,13,14,
/zh-tw/3/tutorial/introduction.html,13,14,
/zh-tw/3.13/library/collections.html,12,12,
/zh-tw/3.13/library/os.path.html,12,12,
/zh-tw/3.13/library/typing.html,12,12,
/zh-tw/3.13/tutorial/floatingpoint.html,12,14,
/zh-tw/3/library/enum.html,12,13,
/zh-tw/3.13/tutorial/interpreter.html,11,11,
/zh-tw/3.13/tutorial/modules.html,11,11,
/zh-tw/3.14/tutorial/index.html,11,12,
/zh-tw/3.13/installing/index.html,10,10,
/zh-tw/3.13/library/copy.html,10,11,
/zh-tw/3.13/using/mac.html,10,10,
/zh-tw/3.13/faq/windows.html,9,9,
/zh-tw/3.14/library/functions.html,9,9,
/zh-tw/dev/library/os.path.html,9,9,
/dev/using/windows.html,8,9,
/zh-tw/3.13/library/math.html,8,8,
/zh-tw/3/library/venv.html,8,8,
/zh-tw/3/tutorial/interpreter.html,8,9,
/zh-tw/dev/library/venv.html,8,8,
/zh-tw/3.13/library/__main__.html,7,7,
/zh-tw/3.13/library/asyncio.html,7,7,
/zh-tw/3/library/functions.html,7,7,
/zh-tw/3/library/pickle.html,7,7,
/3/,6,6,
/zh-tw/3.13/library/ast.html,6,6,
/zh-tw/3.13/library/functools.html,6,6,
/zh-tw/3.13/library/itertools.html,6,7,
/zh-tw/3.13/library/tempfile.html,6,6,
/zh-tw/3.13/library/tkinter.html,6,6,
/zh-tw/3.13/library/unittest.html,6,6,
/zh-tw/3.14/tutorial/controlflow.html,6,7,
/zh-tw/3.14/whatsnew/3.14.html,6,6,
/zh-tw/3/howto/sockets.html,6,6,
/zh-tw/3/library/stdtypes.html,6,6,
/zh-tw/dev/library/re.html,6,6,
/zh-tw/3.13/library/operator.html,5,5,
/zh-tw/3.13/library/threading.html,5,5,
/zh-tw/3.13/library/time.html,5,5,
/zh-tw/3/download.html,5,5,
/zh-tw/3/tutorial/inputoutput.html,5,5,
/zh-tw/3/tutorial/stdlib.html,5,5,
/zh-tw/dev/library/calendar.html,5,5,
/3/library/functions.html,4,4,
/3/tutorial/index.html,4,4,
/zh-tw/3.12/using/mac.html,4,4,
/zh-tw/3.13/contents.html,4,4,
/zh-tw/3.13/library/array.html,4,4,
/zh-tw/3.13/library/bisect.html,4,5,
/zh-tw/3.13/library/ftplib.html,4,4,
/zh-tw/3.13/library/hashlib.html,4,4,
/zh-tw/3.13/tutorial/classes.html,4,4,
/zh-tw/3.13/tutorial/venv.html,4,4,
/zh-tw/3.14/library/index.html,4,4,
/zh-tw/3.14/tutorial/interpreter.html,4,4,
/zh-tw/3/,4,4,
/zh-tw/3/library/abc.html,4,4,
/zh-tw/3/library/concurrent.futures.html,4,4,
/zh-tw/3/library/unittest.mock-examples.html,4,4,
/zh-tw/3/library/unittest.mock.html,4,4,
/zh-tw/3/search.html,4,4,
/zh-tw/dev/library/collections.html,4,4,
/zh-tw/dev/library/tomllib.html,4,4,
/3.14/whatsnew/3.14.html,3,3,
/3/library/random.html,3,3,
/zh-tw/3.12/installing/index.html,3,3,
/zh-tw/3.12/library/venv.html,3,3,
/zh-tw/3.13/library/contextvars.html,3,3,
/zh-tw/3.13/library/distutils.html,3,3,
/zh-tw/3.13/library/exceptions.html,3,3,
/zh-tw/3.13/library/ssl.html,3,3,
/zh-tw/3.13/library/string.html,3,3,
/zh-tw/3.13/tutorial/stdlib.html,3,3,
/zh-tw/3.13/using/windows.html,3,3,
/zh-tw/3.13/whatsnew/index.html,3,3,
/zh-tw/3.14/index.html,3,3,
