name,visitors,pageviews,bounce_rate,time_on_page,scroll_depth
/pl/3/tutorial/datastructures.html,53,58,90,93,50
/pl/3/tutorial/index.html,50,70,75,14,46
/pl/3/tutorial/introduction.html,24,23,86,308,60
/pl/3/tutorial/interpreter.html,21,27,55,42,82
/pl/3.15/using/windows.html,19,20,29,115,14
/pl/3/,16,20,31,13,82
/pl/3/search.html,15,37,30,28,56
/pl/3/tutorial/controlflow.html,15,15,88,93,36
/pl/3/tutorial/errors.html,12,11,78,41,35
/pl/3/tutorial/modules.html,12,14,71,52,47
/pl/3.12/tutorial/venv.html,11,11,80,132,87
/pl/3/tutorial/classes.html,11,10,33,50,46
/pl/dev/library/turtle.html,11,17,73,83,36
/pl/3.14/library/functions.html,10,12,91,32,37
/pl/3/library/stdtypes.html,10,9,50,262,57
/pl/3.14/search.html,9,10,67,8,86
/pl/3.15/tutorial/classes.html,9,8,75,10,23
/pl/3/installing/index.html,9,9,78,24,55
/pl/3/library/functions.html,9,11,60,34,52
/pl/3/tutorial/inputoutput.html,9,9,100,57,60
/pl/3.13/howto/sorting.html,7,9,83,42,44
/pl/3.14/,7,8,50,9,72
/pl/3/tutorial/venv.html,7,7,71,31,54
/pl/3/tutorial/appetite.html,6,7,100,84,100
/pl/dev/tutorial/classes.html,6,7,50,64,19
/pl/3.14/library/idle.html,5,5,100,70,36
/pl/3.14/library/index.html,5,4,0,10,15
/pl/3/contents.html,5,5,0,11,17
/pl/3/tutorial/,5,7,60,52,73
/pl/3.12/glossary.html,4,3,100,26,73
/pl/3.14/library/stdtypes.html,4,3,0,29,61
/pl/3.14/tutorial/appetite.html,4,2,0,39,80
/pl/3/extending/extending.html,4,4,50,,
/pl/3/library/index.html,4,5,67,11,16
/pl/3/tutorial/floatingpoint.html,4,4,100,14,17
/pl/3.12/tutorial/controlflow.html,3,2,100,139,32
/pl/3.13/library/idle.html,3,3,0,12,13
/pl/3.13/library/turtle.html,3,2,100,70,42
/pl/3.13/search.html,3,5,100,20,100
/pl/3.13/tutorial/errors.html,3,4,100,97,87
/pl/3.13/tutorial/introduction.html,3,3,100,,
/pl/3.14/library/tkinter.html,3,4,100,15,24
/pl/3/extending/windows.html,3,3,100,,
/pl/3/library/idle.html,3,3,67,809,5
/pl/3/tutorial/appendix.html,3,2,100,3,100
/pl/3/tutorial/stdlib.html,3,2,0,29,20
/pl/3/using/index.html,3,4,100,12,84
/pl/dev/library/functions.html,3,3,100,5,44
/pl/dev/tutorial/datastructures.html,3,4,100,7,10
/pl/3.12/,2,1,0,5,70
/pl/3.12/library/idle.html,2,2,100,,
/pl/3.12/library/types.html,2,2,100,,
/pl/3.12/tutorial/appetite.html,2,1,0,61,100
/pl/3.12/tutorial/index.html,2,2,0,93,100
/pl/3.12/tutorial/interpreter.html,2,2,0,32,70
/pl/3.12/tutorial/introduction.html,2,3,0,25,57
/pl/3.13/installing/index.html,2,2,50,103,100
/pl/3.13/library/functions.html,2,1,0,8,82
/pl/3.13/tutorial/index.html,2,2,50,,
/pl/3.13/tutorial/interpreter.html,2,3,100,,
/pl/3.14/library/dataclasses.html,2,2,0,20,54
/pl/3.14/library/datetime.html,2,1,0,23,22
/pl/3.14/library/persistence.html,2,1,0,17,32
/pl/3.14/library/string.html,2,2,0,,
/pl/3.14/library/tempfile.html,2,2,0,3,9
/pl/3.14/tutorial/controlflow.html,2,2,100,,
/pl/3.14/tutorial/datastructures.html,2,2,100,9,9
/pl/3.14/tutorial/index.html,2,2,0,2,29
/pl/3.14/using/windows.html,2,2,0,15,3
/pl/3.15/tutorial/datastructures.html,2,2,100,4,5
/pl/3/c-api/memory.html,2,1,0,3,14
/pl/3/c-api/object.html,2,1,0,28,54
/pl/3/glossary.html,2,2,100,6,5
/pl/3/library/argparse.html,2,1,0,13,6
/pl/3/library/array.html,2,2,100,,
/pl/3/library/dataclasses.html,2,1,0,34,24
/pl/3/library/statistics.html,2,2,0,38,37
/pl/3/library/turtle.html,2,2,100,61,12
/pl/3/reference/datamodel.html,2,1,0,9,83
/pl/3/reference/expressions.html,2,2,100,,
/pl/3/using/windows.html,2,1,100,52,21
/pl/3/whatsnew/3.14.html,2,1,100,4,4
/pl/3/whatsnew/changelog.html,2,2,0,7,38
/pl/dev/search.html,2,2,100,,
/pl/dev/tutorial/controlflow.html,2,3,100,71,22
/pl/dev/tutorial/inputoutput.html,2,2,100,13,15
/pl/dev/tutorial/modules.html,2,2,100,26,20
/pl/3.12/copyright.html,1,1,100,,
/pl/3.12/installing/index.html,1,1,100,7,54
/pl/3.12/library/asyncio-dev.html,1,1,0,,
/pl/3.12/library/asyncio-runner.html,1,1,0,,
/pl/3.12/library/asyncio-task.html,1,1,0,,
/pl/3.12/library/asyncio.html,1,1,0,,
/pl/3.12/library/datatypes.html,1,1,100,,
/pl/3.12/library/ftplib.html,1,1,100,,
/pl/3.12/library/index.html,1,1,100,,
/pl/3.12/library/locale.html,1,1,100,,
/pl/3.12/library/stdtypes.html,1,1,100,,
/pl/3.12/search.html,1,1,100,117,100
/pl/3.13/library/datatypes.html,1,1,100,,
