name,visitors
São Paulo,927
Minas Gerais,233
Rio de Janeiro,218
Paraná,175
Federal District,144
Santa Catarina,130
Rio Grande do Sul,124
Pernambuco,105
Ceará,104
Bahia,81
Amazonas,73
Goiás,70
Espírito Santo,59
Lisbon,50
Alagoas,49
Rio Grande do Norte,43
Paraíba,42
Pará,41
Mato Grosso do Sul,37
Mato Grosso,32
Maranhão,29
Sergipe,29
Porto,25
Piauí,23
Luanda,22
Rondônia,17
Tocantins,13
Maputo,5
Braga,5
Setúbal,5
Roraima,4
Aveiro,4
Washington DC,4
Madrid Autonomous Community,3
Jalisco,3
Castelo Branco,3
Coimbra,3
Florida,3
New South Wales,2
Acre,2
Amapá,2
Koprivnica-Križevci,2
Luxembourg,2
Mazovia,2
Iowa,2
Massachusetts,2
Ho Chi Minh City,2
Cuanza Norte,1
Buenos Aires Province,1
Beijing,1
Henan,1
Jiangxi,1
Shaanxi,1
Baden-Württemberg,1
North Rhine-Westphalia,1
Île-de-France,1
Tokyo,1
Mexico State,1
Sofala,1
Faro,1
Leiria,1
Santarém,1
Azores,1
Canindeyú,1
Västra Götaland,1
Água Grande,1
Georgia,1
Michigan,1
New York,1
Virginia,1
Washington,1
