name,visitors,pageviews,bounce_rate,time_on_page,scroll_depth
/en/latest/tutorials/installing-packages/,9072,9901,82,44,41
/en/latest/tutorials/packaging-projects/,1850,1890,80,73,53
/en/latest/guides/writing-pyproject-toml/,1794,1972,79,53,52
/en/latest/guides/installing-using-pip-and-virtual-environments/,1549,1638,91,49,50
/en/latest/guides/tool-recommendations/,1478,1608,75,26,60
/en/latest/glossary/,815,789,58,27,61
/en/latest/,714,766,60,35,82
/en/latest/key_projects/,713,667,42,30,43
/en/latest/overview/,394,397,66,67,49
/en/latest/guides/distributing-packages-using-setuptools/,382,376,66,57,57
/en/latest/tutorials/,297,306,23,9,100
/en/latest/guides/installing-using-linux-tools/,254,228,73,29,75
/en/latest/guides/section-install/,252,257,54,9,100
/en/latest/flow/,242,222,57,41,61
/en/latest/discussions/src-layout-vs-flat-layout/,229,249,79,52,84
/en/latest/guides/,222,214,40,8,89
/en/latest/tutorials/managing-dependencies/,214,197,76,29,66
/en/latest/specifications/version-specifiers/,197,184,80,57,44
/en/latest/specifications/dependency-specifiers/,196,192,83,32,48
/en/latest/specifications/pyproject-toml/,182,189,71,74,60
/en/latest/guides/section-build-and-publish/,146,153,54,15,100
/en/latest/search/,141,149,56,13,68
/en/latest/guides/installing-stand-alone-command-line-tools/,132,118,81,51,73
/en/latest/guides/creating-command-line-tools/,124,129,72,67,78
/en/latest/discussions/versioning/,119,124,77,37,60
/en/latest/guides/packaging-namespace-packages/,117,116,72,60,57
/en/latest/guides/hosting-your-own-index/,112,116,78,41,84
/en/latest/specifications/entry-points/,103,106,83,102,71
/en/latest/guides/modernize-setup-py-project/,100,93,66,47,68
/en/latest/guides/installing-using-virtualenv/,93,95,66,9,100
/en/latest/specifications/core-metadata/,87,84,66,50,45
/en/latest/specifications/,81,77,68,11,82
/en/latest/guides/creating-and-discovering-plugins/,80,75,78,37,73
/en/latest/discussions/package-formats/,77,69,76,80,71
/en/latest/discussions/setup-py-deprecated/,76,67,63,38,65
/en/latest/guides/installing-scientific-packages/,68,58,67,26,80
/en/latest/guides/packaging-binary-extensions/,67,58,65,33,56
/en/latest/specifications/pypirc/,65,67,90,37,75
/en/latest/discussions/single-source-version/,64,51,62,50,91
/en/latest/guides/publishing-package-distribution-releases-using-github-actions-ci-cd-workflows/,63,57,73,56,70
/en/latest/discussions/pip-vs-easy-install/,62,53,50,23,90
/en/latest/guides/using-testpypi/,62,58,75,18,77
/en/latest/discussions/install-requires-vs-requirements/,56,51,74,40,87
/en/latest/discussions/distribution-package-vs-import-package/,54,46,80,28,70
/en/latest/guides/making-a-pypi-friendly-readme/,54,50,74,23,83
/en/latest/specifications/dependency-groups/,54,50,85,38,67
/en/latest/discussions/deploying-python-applications/,47,43,67,50,80
/en/latest/specifications/platform-compatibility-tags/,42,42,91,60,56
/en/latest/specifications/simple-repository-api/,42,43,76,39,29
/en/latest/specifications/inline-script-metadata/,41,40,94,34,68
/en/latest/specifications/name-normalization/,40,39,71,16,91
/en/latest/specifications/pylock-toml/,39,37,81,72,49
/en/latest/guides/analyzing-pypi-package-downloads/,37,35,80,41,52
/en/latest/specifications/binary-distribution-format/,37,35,67,47,41
/en/latest/guides/licensing-examples-and-user-scenarios/,34,36,80,32,58
/en/latest/discussions/,32,27,38,6,100
/en/latest/guides/using-manifest-in/,32,32,19,10,100
/en/latest/guides/dropping-older-python-versions/,26,20,67,55,58
/en/latest/guides/index-mirrors-and-caches/,25,27,62,30,81
/en/latest/guides/section-hosting/,23,28,0,4,100
/en/latest/specifications/externally-managed-environments/,20,21,87,38,60
/en/latest/specifications/section-distribution-metadata/,19,18,0,6,100
/en/latest/specifications/well-known-project-urls/,19,14,50,41,82
/en/latest/specifications/recording-installed-packages/,18,16,100,25,35
/en/latest/support/,18,19,50,7,100
/en/latest/specifications/source-distribution-format/,16,16,83,116,58
/en/latest/specifications/license-expression/,14,13,60,8,82
/en/latest/contribute/,13,11,50,20,50
/en/latest/specifications/virtual-environments/,11,11,80,28,89
/en/latest/guides/supporting-multiple-python-versions/,7,9,100,84,89
/en/latest/news/,7,6,100,30,44
/en/latest/specifications/direct-url-data-structure/,7,9,50,4,24
/en/latest/specifications/direct-url/,7,9,100,9,74
/en/latest/specifications/glob-patterns/,7,7,100,24,81
/en/latest/specifications/section-installation-metadata/,6,7,0,6,100
/en/latest/specifications/section-reproducible-environments/,6,5,100,83,100
/en/latest/specifications/section-distribution-formats/,5,6,0,2,100
/en/latest/discussions/downstream-packaging/,3,3,100,221,100
/en/latest/guides/single-sourcing-package-version/,3,3,0,2,100
/en/latest/specifications/schemas/,3,3,0,6,100
/en/latest/specifications/section-package-indices/,3,5,0,30,100
/en/latest/specifications/section-python-description-formats/,3,3,0,2,100
/en/latest/guides/migrating-to-pypi-org/,1,1,100,12,100
/en/latest/specifications/declaring-project-metadata/,1,1,100,,
/en/latest/specifications/index-hosted-attestations/,1,1,100,25,30
/en/latest/tutorials/index.html,1,1,0,9,100
