name,visitors
Singapore,798
Hong Kong,550
Shanghai,488
Beijing,460
Guangzhou,439
Shenzhen,275
Tokyo,224
Chengdu,207
Hangzhou,157
Los Angeles,146
Xi’an,129
Wuhan,127
Nanjing,117
Changsha,97
Zhengzhou,83
Guiyang,75
Chongqing,71
Qingdao,61
Fuzhou,55
Hefei,54
San Jose,51
N/A,50
Jinan,49
Tianjin,47
Dongguan,47
Suzhou,47
Taipei,45
Xiamen,37
Nanning,31
N/A,31
Shenyang,31
Kunming,30
Osaka,27
Seattle,27
Taichung,26
Nanchang,26
Foshan,26
Taiyuan,25
Iwakuni,25
Wuxi,24
Dalian,24
Baoding,24
Zibo,22
Ningbo,22
Shijiazhuang,21
Nantong,20
Huizhou,20
Wuhu,19
Luoyang,19
Santa Clara,19
Wenzhou,18
Changzhou,17
Wan Chai,17
Chicago,13
Xianyang,12
Tsuen Wan,12
Ashburn,12
N/A,12
Quanzhou,11
Ganzhou,11
Changchun,11
Anyang,10
Shaoxing,10
Nanyang,10
Jining,10
Kuala Lumpur,9
Jiaxing,9
Yiyang,9
N/A,9
N/A,9
London,9
Phoenix,9
East Los Angeles,9
Fremont,9
Jiangmen,8
Hengshui,8
Yiwu,8
N/A,8
Harbin,8
Sydney,8
Moscow,7
Ürümqi,7
Kunshan,7
Yuncheng,7
Weifang,7
Lanzhou,7
Langfang,7
Handan,7
Haikou,7
N/A,7
Seoul,7
Incheon,7
N/A,7
Auckland,7
Munich,7
Paris,7
Toronto,7
Taizhou,7
Bangkok,6
Kaohsiung,6
Johor Bahru,6
Yangzhou,6
Xinxiang,6
Yokohama,6
Portland,6
Istanbul,5
Hsinchu,5
Zhoukou,5
N/A,5
Yinchuan,5
Zhuhai,5
Tangshan,5
Pingdingshan,5
Jiujiang,5
Jinhua,5
Jiaozuo,5
Hebi,5
Cangzhou,5
Binzhou,5
Amsterdam,5
Frankfurt am Main,5
Columbus,5
Boardman,5
The Dalles,5
Zhongshan,5
N/A,5
Kórinthos,4
Athens,4
Jakarta,4
Taoyuan,4
Chang-hua,4
Yichun,4
Yancheng,4
Xiangtan,4
Jingmen,4
Huzhou,4
Cixi,4
Helixi,4
Fuyang,4
Melbourne,4
Hastings,4
North Charleston,4
Pflugerville,4
Ann Arbor,4
Jersey City,4
Las Vegas,4
Tainan,3
N/A,3
Manila,3
Zunyi,3
Zhangzhou,3
Xiangyang,3
Putian,3
Xishan,3
Kaifeng,3
Guilin,3
Deyang,3
Shaoyang,3
Macau,3
N/A,3
Atsugi,3
Zürich,3
Düsseldorf,3
Miami,3
Orlando,3
New York City,3
Antioch,3
Alamosa,3
Bellevue,3
Inzai,3
N/A,3
Central,3
Rizhao,3
Bungarribee,3
Dubai,2
Helsinki,2
Belgrade,2
Haiphong,2
N/A,2
Zhuzhou,2
Zhenjiang,2
Yunfu,2
Yongzhou,2
Yantai,2
Shangrao,2
Xingtai,2
Tongling,2
Taizhou,2
Chengxiang,2
Shanwei,2
Shantou,2
Sanya,2
Jinjiang,2
Mayong,2
Linyi,2
Kaili,2
N/A,2
Baiyin,2
N/A,2
Tai Po,2
N/A,2
N/A,2
N/A,2
Chuncheon,2
Jeju City,2
Nishinomiya-hama,2
Nagoya,2
Hiroshima,2
Hohhot,2
Anshan,2
Perth,2
Canberra,2
Wellington,2
N/A,2
Stockholm,2
Viana do Castelo,2
Seevetal,2
Plauen,2
Nürnberg,2
Karlsruhe,2
Hamburg,2
Dortmund,2
Pars-lès-Romilly,2
Soria,2
Aachen,2
N/A,2
Buenos Aires,2
Ciudad Juárez,2
Pauls Valley,2
N/A,2
Dallas,2
Manassas,2
Dover Plains,2
Queens,2
Berkeley,2
Los Altos,2
San Diego,2
Hillsboro,2
Kent,2
Liberty Lake,2
Vancouver,2
N/A,2
N/A,2
N/A,2
N/A,2
Samara,1
Timişoara,1
Chiang Mai,1
Lucknow,1
Bengaluru,1
Ho Chi Minh City,1
Hanoi,1
Rayong,1
Makassar,1
N/A,1
N/A,1
Nantou,1
Miaoli,1
Zhubei,1
Kota Kinabalu,1
Petaling Jaya,1
N/A,1
Zhumadian,1
Shangqiu,1
Zhaoqing,1
Yichang,1
Tongshan,1
Xiaogan,1
Weihai,1
Laixi,1
Qinzhou,1
Pudong,1
Mianyang,1
Loudi,1
Guankou,1
Linfen,1
Liaocheng,1
Lianyun,1
Jingdezhen,1
Huaihua,1
Dazhou,1
Sai Kung,1
Phnom Penh,1
N/A,1
N/A,1
N/A,1
Kashiwa,1
Xinmin,1
Jilin,1
Datong,1
Adelaide,1
N/A,1
Lagos,1
York,1
Staines,1
Slough,1
N/A,1
Harrow,1
Cambridge,1
Bristol,1
