property,value,visitors,events,percentage
url,(none),2514,4308,99.8
url,https://www.python.org/,28,33,1.1
url,https://peps.python.org/pep-0693/,7,7,0.3
url,https://github.com/python/cpython/tree/3.12/Lib/idlelib/,2,2,0.1
url,https://mypy.readthedocs.io/en/stable/cheat_sheet_py3.html,2,2,0.1
url,https://peps.python.org/,2,2,0.1
url,https://www.python.org/doc/versions/,2,2,0.1
url,https://www.python.org/downloads/,2,2,0.1
url,https://www.tcl.tk/man/tcl8.6/TkCmd/contents.htm,2,2,0.1
url,https://code.activestate.com/recipes/579000-equally-spaced-numbers-linspace/,1,2,0.0
url,https://datatracker.ietf.org/doc/html/rfc4291.html,1,1,0.0
url,https://devguide.python.org/,1,1,0.0
url,https://docs.pytest.org/,1,2,0.0
url,https://en.wikipedia.org/wiki/Fibonacci_sequence,1,1,0.0
url,https://github.com/python/cpython/blob/main/Doc/extending/windows.rst,1,1,0.0
url,https://github.com/python/cpython/issues/83638,1,1,0.0
url,https://github.com/python/cpython/issues/95083,1,1,0.0
url,https://github.com/python/cpython/tree/3.12/Lib/os.py,1,1,0.0
url,https://github.com/python/cpython/tree/3.12/Lib/py_compile.py,1,1,0.0
url,https://github.com/python/cpython/tree/3.12/Lib/sqlite3/,1,1,0.0
url,https://github.com/python/cpython/tree/3.12/Lib/urllib/request.py,1,1,0.0
url,https://packaging.python.org/en/latest/tutorials/packaging-projects/,1,1,0.0
url,https://parso.readthedocs.io/,1,1,0.0
url,https://peps.python.org/pep-0011/,1,1,0.0
url,https://peps.python.org/pep-0252/,1,1,0.0
url,https://peps.python.org/pep-0397/,1,1,0.0
url,https://peps.python.org/pep-0498/,1,1,0.0
url,https://peps.python.org/pep-0572/,1,1,0.0
url,https://peps.python.org/pep-0585/,1,1,0.0
url,https://peps.python.org/pep-0586/,1,1,0.0
url,https://peps.python.org/pep-0688/,1,1,0.0
url,https://peps.python.org/pep-0698/,1,1,0.0
url,https://peps.python.org/pep-0701/,1,1,0.0
url,https://peps.python.org/pep-3107/,1,1,0.0
url,https://pypi.org/,1,1,0.0
url,https://tkdocs.com/,1,1,0.0
url,https://wiki.python.org/moin/PythonEditors,1,1,0.0
url,https://www.python.org/downloads/windows/,1,1,0.0
url,https://www.sqlite.org/,1,1,0.0
url,https://www.sqlite.org/lang_transaction.html#deferred_immediate_and_exclusive_transactions,1,1,0.0
url,https://www.tkdocs.com/shipman/,1,1,0.0
