property,value,visitors,events,percentage
url,(none),22702,29280,99.4
url,https://www.python.org/,211,226,0.9
url,https://github.com/python/peps/blob/main/peps/pep-0619.rst,166,180,0.7
url,https://github.com/python/peps/blob/main/peps/pep-0664.rst,152,167,0.7
url,https://github.com/python/peps/blob/main/peps/pep-0719.rst,91,101,0.4
url,https://github.com/python/peps/blob/main/peps/pep-0596.rst,86,92,0.4
url,https://github.com/python/peps/blob/main/peps/pep-0693.rst,79,81,0.3
url,https://github.com/python/peps/blob/main/peps/pep-0745.rst,61,63,0.3
url,https://github.com/python/peps/blob/main/peps/pep-0569.rst,44,52,0.2
url,https://docs.python.org/3.12/whatsnew/3.12.html,26,28,0.1
url,https://packaging.python.org/en/latest/specifications/version-specifiers/#version-specifiers,21,23,0.1
url,https://packaging.python.org/en/latest/specifications/,14,14,0.1
url,https://typing.python.org/en/latest/spec/directives.html#deprecated,14,14,0.1
url,https://mail.python.org/pipermail/python-dev/2012-June/120505.html,13,13,0.1
url,https://typing.python.org/en/latest/spec/protocol.html#protocols,13,14,0.1
url,https://discuss.python.org/t/pep-596-python-3-9-release-schedule-doubling-the-release-cadence/1828,12,13,0.1
url,https://github.com/python/peps/commits/main/peps/pep-0619.rst,12,13,0.1
url,https://groups.google.com/d/msg/comp.lang.python/B_VxeTBClM0/L8W9KlsiriUJ,12,12,0.1
url,https://packaging.python.org/en/latest/specifications/pylock-toml/#pylock-toml-spec,11,11,0.0
url,https://github.com/python/peps/blob/main/peps/pep-0008.rst,10,10,0.0
url,https://packaging.python.org/en/latest/specifications/pyproject-toml/#pyproject-toml-spec,10,11,0.0
url,https://github.com/python/peps/blob/main/peps/pep-0020.rst,9,9,0.0
url,https://github.com/python/peps/blob/main/peps/pep-0602.rst,9,9,0.0
url,https://docs.python.org/3/library/stdtypes.html#types-union,8,9,0.0
url,https://docs.python.org/3/reference/simple_stmts.html#annassign,7,8,0.0
url,https://github.com/python/peps/blob/main/peps/pep-0397.rst,7,7,0.0
url,https://mail.python.org/archives/list/python-dev@python.org/thread/BO2TQHSXWL2RJMINWQQRBF5LANDDJNHH/,7,7,0.0
url,https://typing.python.org/en/latest/spec/generics.html#variance-inference,7,7,0.0
url,https://docs.djangoproject.com/en/5.1/ref/utils/#django.utils.html.format_html,6,6,0.0
url,https://docs.python.org/3.14/reference/compound_stmts.html#finally,6,6,0.0
url,https://docs.python.org/3/using/android.html#using-android,6,6,0.0
url,https://github.com/python/peps,6,6,0.0
url,https://packaging.python.org/en/latest/specifications/dependency-specifiers/#dependency-specifiers,6,6,0.0
url,https://typing.python.org/en/latest/spec/class-compat.html#override,6,6,0.0
url,https://typing.python.org/en/latest/spec/generics.html#typevartuple,6,6,0.0
url,https://typing.python.org/en/latest/spec/typeddict.html#typeddict,6,6,0.0
url,https://docs.python.org/3/library/exceptions.html#lib-exception-groups,5,5,0.0
url,https://docs.python.org/3/library/stdtypes.html#types-genericalias,5,5,0.0
url,https://docs.python.org/3/library/typing.html#typing.TypedDict,5,5,0.0
url,https://docs.python.org/3/reference/datamodel.html#customizing-module-attribute-access,5,5,0.0
url,https://github.com/python/peps/commits/main/peps/pep-0664.rst,5,5,0.0
url,https://mail.python.org/archives/list/python-dev@python.org/thread/KE7OS4PZASZMFTW2FP2MWZU5R4Q2QZKU/,5,5,0.0
url,https://packaging.python.org/en/latest/specifications/binary-distribution-format/#binary-distribution-format,5,5,0.0
url,https://packaging.python.org/en/latest/specifications/externally-managed-environments/#externally-managed-environments,5,5,0.0
url,https://typing.python.org/en/latest/spec/aliases.html#type-aliases,5,6,0.0
url,https://typing.python.org/en/latest/spec/generics.html#paramspec,5,5,0.0
url,https://typing.python.org/en/latest/spec/narrowing.html#typeguard,5,5,0.0
url,https://typing.python.org/en/latest/spec/typeddict.html#required-notrequired,5,5,0.0
url,https://www.pypa.io/en/latest/specifications/#handling-fixes-and-other-minor-updates,5,5,0.0
url,http://barry.warsaw.us/software/STYLEGUIDE.txt,4,5,0.0
url,https://docs.python.org/3.11/whatsnew/3.11.html#faster-cpython,4,4,0.0
url,https://docs.python.org/3/library/typing.html#typing.Protocol,4,4,0.0
url,https://docs.python.org/3/library/typing.html#typing.Self,4,4,0.0
url,https://docs.python.org/3/reference/compound_stmts.html#type-params,4,4,0.0
url,https://docs.python.org/3/reference/executionmodel.html#annotation-scopes,4,4,0.0
url,https://github.com/python/peps/blob/main/peps/pep-0257.rst,4,5,0.0
url,https://github.com/python/peps/blob/main/peps/pep-0263.rst,4,5,0.0
url,https://github.com/python/peps/blob/main/peps/pep-0537.rst,4,4,0.0
url,https://github.com/python/peps/blob/main/peps/pep-0790.rst,4,4,0.0
url,https://github.com/python/typeshed,4,4,0.0
url,https://mail.python.org/archives/list/python-dev@python.org/,4,4,0.0
url,https://mail.python.org/pipermail/import-sig/,4,4,0.0
url,https://typing.python.org/en/latest/spec/,4,4,0.0
url,https://typing.python.org/en/latest/spec/dataclasses.html#dataclass-transform,4,4,0.0
url,https://typing.python.org/en/latest/spec/distributing.html#packaging-typed-libraries,4,5,0.0
url,https://typing.python.org/en/latest/spec/literal.html#literal-types,4,4,0.0
url,https://typing.python.org/en/latest/spec/meta.html,4,4,0.0
url,http://mypy-lang.org/,3,3,0.0
url,http://www.parrot.org/,3,3,0.0
url,https://bugs.python.org/issue526840,3,3,0.0
url,https://docs.python.org/3.13/library/warnings.html#warnings.deprecated,3,3,0.0
url,https://docs.python.org/3.9/distutils/apiref.html,3,3,0.0
url,https://docs.python.org/3/reference/compound_stmts.html#except-star,3,3,0.0
url,https://docs.python.org/3/reference/compound_stmts.html#match,3,3,0.0
url,https://docs.python.org/3/reference/simple_stmts.html#type,3,3,0.0
url,https://github.com/python/peps/blob/main/peps/pep-0249.rst,3,3,0.0
url,https://github.com/python/peps/commits/main/peps/pep-0020.rst,3,3,0.0
url,https://github.com/python/peps/commits/main/peps/pep-0596.rst,3,3,0.0
url,https://mail.python.org/archives/list/python-dev@python.org/thread/VQKDIZLZ6HF2MLTNCUFURK2IFTXVQEYA/,3,3,0.0
url,https://mail.python.org/mailman/listinfo/csv,3,3,0.0
url,https://packaging.python.org/en/latest/specifications/core-metadata/#core-metadata,3,3,0.0
url,https://packaging.python.org/en/latest/specifications/inline-script-metadata/#inline-script-metadata,3,3,0.0
url,https://spdx.github.io/spdx-spec/v2.2.2/SPDX-license-expressions/,3,3,0.0
url,https://typing.python.org/en/latest/spec/generics.html#type-parameter-defaults,3,3,0.0
url,https://typing.python.org/en/latest/spec/qualifiers.html#at-final,3,3,0.0
url,https://www.youtube.com/watch?v=FByM0r-VOLc,3,3,0.0
url,http://docs.python.org/3/library/importlib.html#module-importlib,2,2,0.0
url,http://docs.python.org/3/reference/import.html,2,2,0.0
url,http://www.wikipedia.com/wiki/Camel_case,2,2,0.0
url,https://bitbucket.org/vinay.sajip/pylauncher,2,3,0.0
url,https://bugs.python.org/issue36144,2,2,0.0
url,https://buildbot.python.org/all/#/builders?tags=%2B3.x&tags=%2Btier-3,2,2,0.0
url,https://clang.llvm.org/docs/AttributeReference.html#musttail,2,2,0.0
url,https://datatracker.ietf.org/doc/html/draft-coar-cgi-v11-03,2,2,0.0
url,https://devguide.python.org/devcycle/,2,2,0.0
url,https://devguide.python.org/devcycle/#end-of-life-branches,2,2,0.0
url,https://devguide.python.org/developer-workflow/c-api/#c-api,2,2,0.0
url,https://discuss.python.org/t/31888,2,3,0.0
url,https://discuss.python.org/t/89863,2,2,0.0
url,https://discuss.python.org/t/pep-602-annual-release-cycle-for-python/2296/,2,2,0.0
url,https://discuss.python.org/t/pep-621-round-3/5472/109,2,2,0.0
url,https://discuss.python.org/t/pep-690-lazy-imports-again/19661/26,2,2,0.0
url,https://discuss.python.org/t/pep-703-making-the-global-interpreter-lock-optional-in-cpython-acceptance/37075,2,2,0.0
url,https://discuss.python.org/t/pep-744-jit-compilation/50756,2,2,0.0
url,https://discuss.python.org/t/pep-761-deprecating-pgp-signatures-for-cpython-artifacts/67180/39,2,2,0.0
url,https://discuss.python.org/t/pronouncement-on-peps-660-and-662-editable-installs/9450,2,2,0.0
url,https://discuss.python.org/t/python-governance-vote-december-2018-results/546/,2,2,0.0
url,https://docs.python.org/3/c-api/stable.html#stable,2,2,0.0
url,https://docs.python.org/3/library/exceptions.html#BaseException.add_note,2,2,0.0
url,https://docs.python.org/3/library/string.html#formatstrings,2,2,0.0
url,https://docs.python.org/3/library/typing.html#typing.ClassVar,2,2,0.0
url,https://docs.python.org/3/library/typing.html#typing.Literal,2,2,0.0
url,https://docs.python.org/3/library/typing.html#typing.TypeGuard,2,2,0.0
url,https://docs.python.org/3/library/typing.html#typing.TypeVarTuple,2,2,0.0
url,https://docs.python.org/3/library/typing.html#typing.final,2,2,0.0
url,https://docs.python.org/3/library/zlib.html#module-zlib,2,2,0.0
url,https://docs.python.org/3/library/zoneinfo.html#module-zoneinfo,2,2,0.0
url,https://docs.python.org/3/reference/datamodel.html#object.__class_getitem__,2,2,0.0
url,https://docs.python.org/3/using/ios.html#using-ios,2,2,0.0
url,https://en.wikipedia.org/wiki/C11_%28C_standard_revision%29#Optional_features,2,2,0.0
url,https://en.wikipedia.org/wiki/Cross-site_scripting,2,3,0.0
url,https://en.wikipedia.org/wiki/Just-in-time_compilation#Security,2,2,0.0
url,https://facebook.github.io/zstd/,2,2,0.0
url,https://github.com/Rogdham/pyzstd,2,2,0.0
url,https://github.com/iritkatriel/finally/commits/main/README.md,2,2,0.0
url,https://github.com/microsoft/debugpy/blob/43f41029eabce338becbd1fa1a09727b3cfb1140/src/debugpy/_vendored/pydevd/pydevd_attach_to_process/linux_and_mac/attach.cpp#L4,2,2,0.0
url,https://github.com/microsoft/pyright/issues/3245,2,2,0.0
url,https://github.com/python/cpython/blob/main/Python/jit.c,2,2,0.0
url,https://github.com/python/peps/blob/main/peps/pep-0001.rst,2,3,0.0
url,https://github.com/python/peps/blob/main/peps/pep-0393.rst,2,2,0.0
url,https://github.com/python/peps/blob/main/peps/pep-0494.rst,2,3,0.0
url,https://github.com/python/peps/blob/main/peps/pep-0623.rst,2,2,0.0
url,https://github.com/python/peps/blob/main/peps/pep-0730.rst,2,2,0.0
url,https://github.com/python/peps/commits/main/peps/pep-0719.rst,2,2,0.0
url,https://github.com/python/peps/commits/main/peps/pep-0745.rst,2,2,0.0
url,https://mail.python.org/archives/list/python-ideas@python.org/,2,2,0.0
url,https://mail.python.org/pipermail/python-3000/2006-April/000286.html,2,2,0.0
url,https://mail.python.org/pipermail/python-3000/2006-May/002103.html,2,2,0.0
url,https://mail.python.org/pipermail/python-dev/2018-July/154601.html,2,2,0.0
url,https://packaging.python.org/en/latest/specifications/index-hosted-attestations/#index-hosted-attestations,2,2,0.0
url,https://packaging.python.org/specifications/core-metadata/,2,2,0.0
url,https://pypi.org/,2,3,0.0
url,https://pypi.org/policy/terms-of-use/,2,2,0.0
url,https://pypi.org/project/filetype/,2,2,0.0
url,https://pypi.org/project/pdm/,2,2,0.0
url,https://typing.python.org/en/latest/spec/callables.html#unpack-kwargs,2,2,0.0
url,https://typing.python.org/en/latest/spec/class-compat.html#classvar,2,2,0.0
url,https://typing.python.org/en/latest/spec/generics.html#self,2,2,0.0
url,https://typing.python.org/en/latest/spec/qualifiers.html#annotated,2,2,0.0
url,https://typing.python.org/en/latest/spec/typeddict.html#readonly,2,2,0.0
url,https://vorpus.org/blog/notes-on-structured-concurrency-or-go-statement-considered-harmful/,2,2,0.0
url,https://wiki.python.org/moin/WebProgramming,2,2,0.0
url,https://www.debian.org/doc/packaging-manuals/python-policy/index.html#dh-python,2,2,0.0
url,https://www.pypa.io/,2,2,0.0
url,http://bugs.python.org/,1,1,0.0
url,http://bugs.python.org/issue11682,1,1,0.0
url,http://bugs.python.org/issue1739468,1,1,0.0
url,http://bugs.python.org/issue25420,1,1,0.0
url,http://code.activestate.com/recipes/384122-infix-operators/,1,1,0.0
url,http://djangoproject.com/,1,1,0.0
url,http://docs.python.org/library/imputil.html,1,1,0.0
url,http://docs.python.org/library/pydoc.html,1,1,0.0
url,http://docs.python.org/reference/compound_stmts.html#function-definitions,1,1,0.0
url,http://docs.python.org/reference/expressions.html#list-displays,1,1,0.0
url,http://docutils.sourceforge.net/,1,1,0.0
url,http://docutils.sourceforge.net/docs/ref/rst/restructuredtext.html,1,1,0.0
url,http://docutils.sourceforge.net/docs/user/rst/quickstart.html,1,1,0.0
url,http://docutils.sourceforge.net/rst.html,1,1,0.0
url,http://en.wikipedia.org/wiki/ISO_8601,1,1,0.0
url,http://hg.python.org/features/pep-420,1,1,0.0
url,http://linux.die.net/man/2/execve,1,1,0.0
url,http://pypi.python.org/pypi/collective.recaptcha/,1,1,0.0
url,http://pypi.python.org/pypi/django-pipeline/,1,1,0.0
url,http://pypi.python.org/pypi/mock,1,1,0.0
url,http://pypi.python.org/pypi/pipeline/,1,1,0.0
url,http://pypi.python.org/pypi/python-pipeline/,1,1,0.0
url,http://pypi.python.org/pypi/zc.buildout,1,1,0.0
url,http://pypi.python.org/pypi/zest.releaser/,1,1,0.0
url,http://pypy.org/,1,1,0.0
url,http://pythonhosted.org/setuptools/setuptools.html#new-and-changed-setup-keywords,1,1,0.0
url,http://sphinx.pocoo.org/,1,1,0.0
url,http://starship.python.net/crew/danilo/pythondoc/,1,1,0.0
url,http://www.artima.com/weblogs/viewpost.jsp?thread=101605,1,1,0.0
url,http://www.openvms.compaq.com:8000/73final/5841/841pro_027.html#error_cond_severity,1,1,0.0
url,http://www.python.org/dev/buildbot,1,1,0.0
url,http://www.sagemath.org/doc/reference/misc/sage/misc/decorators.html#sage.misc.decorators.infix_operator,1,1,0.0
url,http://www.syllable.org/discussion.php?id=2320,1,1,0.0
url,https://briefcase.readthedocs.io/en/stable/,1,1,0.0
url,https://bugs.python.org/issue43466,1,1,0.0
url,https://bugs.python.org/issue481171,1,1,0.0
url,https://buildozer.readthedocs.io/en/latest/,1,1,0.0
url,https://cellprofiler.org/,1,1,0.0
url,https://chaquo.com/chaquopy/,1,1,0.0
url,https://dabeaz.blogspot.com/2011/08/inside-look-at-gil-removal-patch-of.html,1,1,0.0
url,https://datatracker.ietf.org/doc/html/rfc2822.html,1,1,0.0
url,https://dev.to/hugovk/how-to-search-5000-python-projects-31gk,1,1,0.0
url,https://devguide.python.org/stdlibchanges/,1,1,0.0
url,https://discuss.python.org/c/ideas/,1,1,0.0
url,https://discuss.python.org/t/14737,1,1,0.0
url,https://discuss.python.org/t/14737/9,1,1,0.0
url,https://discuss.python.org/t/28457/,1,1,0.0
url,https://discuss.python.org/t/32566,1,1,0.0
url,https://discuss.python.org/t/40418/82,1,1,0.0
url,https://discuss.python.org/t/46631/25,1,1,0.0
url,https://discuss.python.org/t/60408,1,1,0.0
url,https://discuss.python.org/t/63192,1,1,0.0
url,https://discuss.python.org/t/71594,1,1,0.0
url,https://discuss.python.org/t/71594/130,1,2,0.0
url,https://discuss.python.org/t/77293,1,1,0.0
url,https://discuss.python.org/t/82672,1,1,0.0
url,https://discuss.python.org/t/85728,1,1,0.0
url,https://discuss.python.org/t/87377,1,1,0.0
url,https://discuss.python.org/t/is-was-there-a-goal-with-pep-566s-json-encoding-section/12324/3,1,1,0.0
url,https://discuss.python.org/t/pep-582-python-local-packages-directory/963/430,1,1,0.0
url,https://discuss.python.org/t/pep-632-deprecate-distutils-module/5134,1,1,0.0
url,https://discuss.python.org/t/pep-649-deferred-evaluation-of-annotations-tentatively-accepted/21331/,1,1,0.0
url,https://discuss.python.org/t/pep-657-include-fine-grained-error-locations-in-tracebacks/8629,1,1,0.0
url,https://discuss.python.org/t/pep-679-allow-parentheses-in-assert-statements/13003,1,1,0.0
url,https://discuss.python.org/t/pep-690-lazy-imports/15474,1,1,0.0
url,https://discuss.python.org/t/pep-696-type-defaults-for-typevarlikes/22569,1,1,0.0
url,https://discuss.python.org/t/pep-701-syntactic-formalization-of-f-strings/22046/119,1,1,0.0
url,https://discuss.python.org/t/pep-702-marking-deprecations-using-the-type-system/23036/61,1,1,0.0
url,https://discuss.python.org/t/pep-705-read-only-typeddict-items/37867,1,1,0.0
url,https://discuss.python.org/t/pep-722-723-decision/36763/,1,1,0.0
url,https://discuss.python.org/t/pep-736-keyword-argument-shorthand-final-draft/58504,1,1,0.0
url,https://discuss.python.org/t/pep-738-adding-android-as-a-supported-platform/40975,1,1,0.0
url,https://discuss.python.org/t/pep-740-index-support-for-digital-attestations/44498,1,1,0.0
url,https://discuss.python.org/t/pep-742-narrowing-types-with-typeis/45613/35,1,1,0.0
url,https://discuss.python.org/t/pep-747-typeexpr-type-hint-for-a-type-expression/55984,1,2,0.0
url,https://discuss.python.org/t/pre-pep-discussion-revival-of-pep-543/51263,1,2,0.0
url,https://discuss.python.org/t/steering-council-nomination-pablo-galindo-salgado-2024-term/39237,1,1,0.0
url,https://discuss.python.org/t/steering-council-nominations-barry-warsaw-2025-term/71732/,1,1,0.0
url,https://dl.google.com/android/studio/metadata/distributions.json,1,1,0.0
url,https://docs.pypi.org/attestations/,1,1,0.0
url,https://docs.python.org/3.12/library/imghdr.html#module-imghdr,1,1,0.0
url,https://docs.python.org/3.13/library/functions.html#locals,1,1,0.0
url,https://docs.python.org/3.9/library/distutils.html,1,1,0.0
url,https://docs.python.org/3/c-api/init.html#bugs-and-caveats,1,1,0.0
url,https://docs.python.org/3/c-api/typeobj.html#static-types,1,1,0.0
url,https://docs.python.org/3/c-api/typeobj.html#tp-slots,1,1,0.0
url,https://docs.python.org/3/distutils/packageindex.html,1,1,0.0
url,https://docs.python.org/3/glossary.html#term-reference-count,1,1,0.0
url,https://docs.python.org/3/library/audit_events.html#audit-events,1,1,0.0
url,https://docs.python.org/3/library/dataclasses.html#dataclasses.dataclass,1,1,0.0
url,https://docs.python.org/3/library/distutils.html#module-distutils,1,1,0.0
url,https://docs.python.org/3/library/sys.monitoring.html#module-sys.monitoring,1,1,0.0
url,https://docs.python.org/3/library/tarfile.html#tarfile-extraction-filter,1,1,0.0
url,https://docs.python.org/3/library/tomllib.html#module-tomllib,1,1,0.0
url,https://docs.python.org/3/library/typing.html#typing.Final,1,2,0.0
url,https://docs.python.org/3/library/typing.html#typing.NotRequired,1,1,0.0
url,https://docs.python.org/3/library/typing.html#typing.ParamSpec,1,1,0.0
url,https://docs.python.org/3/library/typing.html#typing.dataclass_transform,1,1,0.0
url,https://docs.python.org/3/reference/datamodel.html#object.__mro_entries__,1,2,0.0
url,https://docs.python.org/3/reference/datamodel.html#python-buffer-protocol,1,1,0.0
url,https://docs.python.org/3/reference/grammar.html#full-grammar-specification,1,1,0.0
url,https://docs.python.org/3/reference/lexical_analysis.html#f-strings,1,1,0.0
url,https://docs.python.org/3/tutorial/errors.html#tut-exception-notes,1,1,0.0
url,https://docutils.sourceforge.io/,1,1,0.0
url,https://en.wikipedia.org/wiki/Android_version_history,1,1,0.0
url,https://en.wikipedia.org/wiki/Communicating_sequential_processes,1,1,0.0
url,https://en.wikipedia.org/wiki/Continuation-passing_style#Tail_calls,1,1,0.0
url,https://en.wikipedia.org/wiki/Don%27t_repeat_yourself,1,1,0.0
url,https://en.wikipedia.org/wiki/SQL_injection,1,1,0.0
url,https://facebook.github.io/zstd/#references,1,1,0.0
url,https://flit.readthedocs.io/en/latest/cmdline.html#cmdoption-flit-install-s,1,1,0.0
url,https://flit.readthedocs.io/en/latest/index.html#usage,1,1,0.0
url,https://flit.readthedocs.io/en/latest/pyproject_toml.html#metadata-section,1,1,0.0
url,https://forums.swift.org/t/rfc-moving-swiftnio-ssl-to-boringssl/18280,1,1,0.0
url,https://github.com/1st1/cpython/tree/async_gen,1,1,0.0
url,https://github.com/Dormouse759/cpython/tree/pep-c-rebase_newer,1,1,0.0
url,https://github.com/PythonCHB/close_pep,1,1,0.0
url,https://github.com/PythonCHB/close_pep/blob/master/is_close.py,1,1,0.0
url,https://github.com/Rosuav/cpython/tree/assignment-expressions,1,1,0.0
url,https://github.com/astral-sh/uv,1,1,0.0
url,https://github.com/bloomberg/memray/blob/main/src/memray/_memray/inject.cpp,1,2,0.0
url,https://github.com/capi-workgroup/decisions/,1,1,0.0
url,https://github.com/davepeck/pep750-examples/blob/main/pep/fstring.py,1,1,0.0
url,https://github.com/davepeck/pep750-examples/blob/main/pep/logging.py,1,1,0.0
url,https://github.com/davepeck/pep750-examples/blob/main/pep/test_logging.py,1,1,0.0
url,https://github.com/docker/compose/blob/789bfb0e8b2e61f15f423d371508b698c64b057f/setup.py#L28-L61,1,1,0.0
url,https://github.com/dropbox/pyxl,1,1,0.0
url,https://github.com/emmatyping/cpython/tree/zstd,1,1,0.0
url,https://github.com/facelessuser/pymdown-extensions/discussions/1973,1,1,0.0
url,https://github.com/faster-cpython/tools/blob/main/scripts/download_packages.py,1,1,0.0
url,https://github.com/freebsd/freebsd-src/blob/9408f36627b74a472dc82f7a43320235c0c9055a/sys/kern/subr_smr.c#L44,1,1,0.0
url,https://github.com/futurecore/python-csp,1,1,0.0
url,https://github.com/ilevkivskyi/cpython/pull/3/files,1,1,0.0
url,https://github.com/inikep/lzbench#benchmarks,1,1,0.0
url,https://github.com/markshannon/cpython/tree/vectorcall-minimal,1,1,0.0
url,https://github.com/microsoft/pyright/discussions/1782?sort=old#discussioncomment-653909,1,1,0.0
url,https://github.com/pablogsal/cpython/commits/notuples/,1,1,0.0
url,https://github.com/pablogsal/cpython/compare/60ff67d010078eca15a74b1429caf779ac4f9c74...remote_pdb,1,1,0.0
url,https://github.com/pypa/trove-classifiers/issues/17#issuecomment-385027197,1,1,0.0
url,https://github.com/pypy/pypy/pull/5135,1,1,0.0
url,https://github.com/python/cpython-source-deps,1,1,0.0
url,https://github.com/python/cpython/blob/main/Python/bytecodes.c,1,1,0.0
url,https://github.com/python/cpython/blob/main/Tools/jit/_targets.py,1,1,0.0
url,https://github.com/python/cpython/blob/main/Tools/jit/template.c,1,1,0.0
url,https://github.com/python/cpython/issues,1,1,0.0
url,https://github.com/python/cpython/issues/116017,1,1,0.0
