name,visitors
England,305
California,298
Texas,159
Karnataka,155
Maharashtra,145
Ontario,116
Tamil Nadu,109
Delhi,104
São Paulo,96
Tokyo,93
Telangāna,92
New York,89
Île-de-France,82
Tel Aviv,82
North Rhine-Westphalia,81
North Carolina,70
Hesse,69
New South Wales,68
Bavaria,67
Florida,67
Washington,67
Mazovia,66
Moscow,64
Massachusetts,61
Virginia,56
Illinois,54
Guangdong,53
Michigan,53
Berlin,52
Gujarat,52
Baden-Württemberg,50
New Jersey,50
Uttar Pradesh,49
North Holland,49
Georgia,49
Ho Chi Minh City,49
Bangkok,47
Colorado,46
Maryland,44
Queensland,42
Beijing,42
Istanbul,42
Pennsylvania,41
Gauteng,41
Cairo,39
Jakarta,39
West Bengal,39
Victoria,37
Lombardy,37
Stockholm,37
Quebec,36
Nairobi County,35
Seoul,35
Vienna,34
Shanghai,34
Madrid Autonomous Community,34
South Holland,34
Central,33
British Columbia,32
Punjab,32
Taipei,32
Ohio,32
Arizona,31
Kerala,30
Metro Manila,30
West Java,29
Zürich,28
Catalonia,28
Rajasthan,28
Saint Petersburg,28
Oregon,28
Santiago Metropolitan,27
Lazio,26
Sindh,26
Ankara,26
Jiangsu,25
Madhya Pradesh,25
Wisconsin,25
Gyeonggi,24
Kyiv,24
Bihar,23
Riyadh,23
Saxony,22
Auvergne-Rhône-Alpes,22
Attica,22
Punjab,22
Hanoi,22
Dubai,21
Flanders,21
Zhejiang,21
Lagos,21
Missouri,21
Minas Gerais,20
Sichuan,20
Prague,20
Leinster,20
Ciudad de Mexico,20
Mexico State,20
Kuala Lumpur,20
Dhaka Division,19
Hubei,19
Hamburg,19
Capital Region,19
Lima,19
Minnesota,19
Alberta,18
Lower Saxony,18
Hauts-de-France,18
Scotland,18
East Java,18
Andhra Pradesh,18
Auckland,18
Taichung,18
Kansas,18
Utah,18
Amanat Al Asimah,18
Western Cape,18
Buenos Aires Province,17
Rio de Janeiro,17
Uusimaa,17
Budapest,17
Veneto,17
Rhineland-Palatinate,16
Provence-Alpes-Côte-d'Azur,16
Haryana,16
Amman,16
Selangor,16
Rio Grande do Sul,15
Shaanxi,15
Province 3,15
Greater Poland,15
Beograd,15
Connecticut,15
Nevada,15
South Carolina,15
Tashkent,15
Brussels,14
Paraná,14
Jharkhand,14
Moscow Province,14
Makkah,14
Mississippi,14
Oklahoma,14
Western Australia,13
Minsk,13
Shandong,13
Andalusia,13
Incheon,13
Meknès-Tafilalet,13
North Brabant,13
Oslo,13
Lesser Poland,13
Pomerania,13
Bucharest,13
Alabama,13
Indiana,13
Kentucky,13
Tennessee,13
Capital District,12
Occitanie,12
Kwai Tsing New Territories,12
Uttarākhand,12
Hormozgan,12
Kanagawa,12
Western,12
Central Visayas,12
Lower Silesia,12
New Taipei,12
South Australia,11
Sofia,11
Federal District,11
Goiás,11
Greater Accra,11
Central Macedonia,11
Central Java,11
Jerusalem,11
Odisha,11
Chiba,11
Łódź,11
Pernambuco,10
Bern,10
Schleswig-Holstein,10
Addis Ababa,10
Wales,10
Yerevan,9
Tianjin,9
Antioquia,9
Distrito Nacional,9
Tuscany,9
Hyogo,9
Busan,9
Vilnius County,9
Riga,9
Jalisco,9
Setúbal,9
Doha,9
Sverdlovsk,9
Eastern,9
Delaware,9
Iowa,9
Abu Dhabi,8
Luanda,8
Baku,8
Aargau,8
Henan,8
Hunan,8
Havana,8
Harjumaa,8
Giza,8
Valencian Community,8
Centre-Val de Loire,8
Grand-Est,8
Pays-de-la-Loire,8
Riau,8
Emilia-Romagna,8
Saitama,8
Osaka,8
Oyo,8
Calabarzon,8
Lisbon,8
Dnipropetrovshchyna,8
Arkansas,8
Washington DC,8
Anhui,7
Fujian,7
South Moravia,7
Brandenburg,7
Alexandria,7
Kowloon City Kowloon,7
Apulia,7
Phnom Penh,7
Astana,7
Almaty City,7
Rivers,7
Central Luzon,7
Silesia,7
Västra Götaland,7
Izmir,7
Lvivshchyna,7
New Hampshire,7
Montevideo,7
Styria,6
Ceará,6
Santa Catarina,6
Guangxi,6
Ashanti,6
Utrecht,6
Muscat,6
Islamabad,6
Chelyabinsk,6
Irkutsk,6
Krasnoyarsk Krai,6
Rostov,6
Tatarstan,6
Skåne,6
Maritime,6
Tunis,6
Louisiana,6
Nebraska,6
New Mexico,6
Catamarca,5
Lower Austria,5
Wallonia,5
Paraíba,5
Kinshasa,5
Bío Bío,5
Bremen,5
Central Denmark,5
Pichincha,5
Basque Country,5
Zagreb,5
Fejér,5
Southern,5
Baghdad,5
Sardinia,5
Okinawa,5
Gangwon,5
Vientiane,5
Tripoli,5
Oriental,5
Coahuila,5
Quintana Roo,5
West Pomerania,5
Krasnodar Krai,5
Samara,5
Samut Prakan,5
Taoyuan,5
Dar es Salaam,5
West Virginia,5
Federation of Bosnia and Herzegovina,4
Bahia,4
Mato Grosso,4
Manitoba,4
Saskatchewan,4
Basel-Stadt,4
Vaud,4
Valparaíso,4
Jiangxi,4
Shanxi,4
San José,4
