name,visitors
Tokyo,331
Guangzhou,223
Taipei,217
Bengaluru,186
Beijing,163
Bogotá,139
Shanghai,137
São Paulo,135
Hyderabad,133
Singapore,117
N/A,113
Kyiv,95
Chennai,91
Lima,88
Madrid,86
Ho Chi Minh City,81
Medellín,81
Chengdu,80
Hong Kong,78
Hanoi,77
Taichung,75
Hangzhou,73
Santiago,72
Wuhan,70
Shenzhen,70
Mumbai,69
Paris,67
Istanbul,65
Osaka,64
Nairobi,60
Pune,60
Seoul,60
Sydney,60
Moscow,59
Kaohsiung,59
New Delhi,58
Delhi,57
Yokohama,55
Accra,52
Rio de Janeiro,49
Lucknow,46
Los Angeles,45
Brasília,43
Xi’an,41
Barcelona,41
Hsinchu,40
Guatemala City,39
Lviv,37
Kolkata,36
Jakarta,33
Cairo,32
San José,32
Cali,32
Warsaw,31
Zhengzhou,31
Nanjing,31
Changsha,31
Zhongli,29
Ankara,28
Zhuzhou,28
Toluca,28
Mexico City,28
Riyadh,27
Dhaka,27
Patna,27
Ahmedabad,27
Nagoya,27
Casablanca,27
Buenos Aires,27
Caracas,27
Baku,26
Lahore,26
Karachi,26
Jaipur,26
Taoyuan,26
Tainan,26
Seongnam-si,26
Santo Domingo,26
Guadalajara,26
Saint Petersburg,25
Odessa,25
Dnipro,25
Gustavo Adolfo Madero,25
Benito Juarez,25
Surat,24
Tashkent,24
Bangkok,24
Tianjin,24
Chongqing,24
San Salvador,24
Quito,24
Manaus,24
Seattle,24
Suzhou,23
Abidjan,23
Kuala Lumpur,22
Santiago de Querétaro,22
Montréal,22
Toronto,22
Lagos,21
Salvador,21
Curitiba,21
Muscat,20
Bhopāl,20
Suwon,20
Melbourne,20
Berlin,20
Campinas,20
Belo Horizonte,20
Johannesburg,19
Islamabad,19
Colombo,19
Coimbatore,19
Ha Kwai Chung,19
Perth,19
Milan,19
Fortaleza,19
Krasnodar,18
Kharkiv,18
Kowloon City,18
Kyoto,18
Sapporo,18
Brisbane,18
Lisbon,18
Prague,18
Kraków,18
Panamá,18
Addis Ababa,17
Kathmandu,17
Hefei,17
Cheongju-si,17
Kobe,17
Dakar,17
Lyon,17
La Paz,17
Honchō,17
Vinnytsya,16
Guiyang,16
Tunis,16
Valencia,16
Málaga,16
Rome,16
Azcapotzalco,16
Dubai,15
Cochin,15
Xiamen,15
Wuxi,15
Fuzhou,15
Kawasaki,15
Fukuoka,15
Abuja,15
Cotonou,15
Cape Town,15
Zapopan,15
Phoenix,15
Yongin-si,15
Tehran,14
İzmir,14
Chandīgarh,14
Qingdao,14
Brussels,14
Pereira,14
Houston,14
Baghdad,13
Rawalpindi,13
Quezon City,13
Gangnam-gu,13
Hiroshima,13
Marseille,13
Recife,13
Santo André,13
Porto Alegre,13
Puebla,13
Havana,13
Guayaquil,13
Córdoba,13
Monterrey,13
New York City,13
Jeddah,12
Tel Aviv,12
Minsk,12
Ranchi,12
Chang-hua,12
Jinan,12
Macau,12
Yeongdeungpo-gu,12
Incheon,12
Shenyang,12
Tsukuba,12
Ibadan,12
Nantes,12
Asunción,12
Goiânia,12
Iztapalapa,12
Barranquilla,12
Austin,12
Chicago,12
San Jose,12
Nakano,12
Kampala,11
Kazan,11
Visakhapatnam,11
Rājkot,11
Nagpur,11
Bhubaneshwar,11
Miaoli,11
Nanchang,11
Foshan,11
Dongguan,11
Phnom Penh,11
Adachi Ku,11
London,11
Zürich,11
Munich,11
Dublin,11
João Pessoa,11
Buenos Aires,11
Mérida,11
Xalapa de Enríquez,11
Bucaramanga,11
Tijuana,11
Washington,11
Atlanta,11
Columbus,11
Noida,11
Seongbuk-gu,11
Amman,10
Athens,10
Rostov-na-Donu,10
Nizhniy Novgorod,10
Poltava,10
Sofia,10
Bursa,10
Vadodara,10
Novosibirsk,10
Almaty,10
Wenzhou,10
Mapo-gu,10
Goyang-si,10
Amsterdam,10
Hamburg,10
Vila Velha,10
Santa Marta,10
Cúcuta,10
Santa Cruz de la Sierra,10
Ciudad Juárez,10
Dallas,10
Vancouver,10
Yuseong-gu,10
Asagayakita,10
Doha,9
Alexandria,9
Voronezh,9
Tbilisi,9
Zaporizhzhya,9
Kropyvnytskyy,9
Harare,9
Thiruvananthapuram,9
Nashik,9
Mangalore,9
Indore,9
Zhubei,9
Petaling Jaya,9
Taiyuan,9
Ningbo,9
Kunming,9
Gwanak-gu,9
Nishinomiya-hama,9
Machida,9
Ichikawa Shi,9
Port Harcourt,9
Rabat,9
Birmingham,9
Stockholm,9
Göteborg,9
Montpellier,9
Wrocław,9
Teresina,9
Montevideo,9
Sorocaba,9
Rosario,9
Guadalupe,9
Cincinnati,9
San Antonio,9
Irvine,9
Salt Lake City,9
Songpa-gu,9
Hyakuninchō,9
Ufa,8
Ternopil,8
Bila Tserkva,8
Maputo,8
Antananarivo,8
Vijayawada,8
Salem,8
Ludhiāna,8
Aurangabad,8
Bishkek,8
Bandar Lampung,8
Pingtung,8
