name,visitors,bounce_rate,visit_duration
Direct / None,10537,59,195
google.com,4871,73,218
python.org,824,65,263
cn.bing.com,121,84,236
google.co.jp,85,82,168
bing.com,82,100,418
google.com.hk,71,75,78
baidu.com/link,70,79,163
search.yahoo.co.jp,46,63,148
chatgpt.com,35,78,522
google.com.tw,35,61,255
m.baidu.com,34,73,128
google.fr,33,68,261
python.org/downloads/release/python-3132,23,57,89
google.com.br,18,73,18
google.es,18,44,139
python.p2hp.com,17,0,370
google.co.kr,15,81,51
duckduckgo.com,13,100,1378
baidu.com,12,83,124
linkedin.com,12,67,65
wiki.python.org,12,0,875
learn.eseit.edu.co,11,47,198
yandex.ru,11,100,425
google.com.mx,10,75,286
ecosia.org,9,83,229
netacad.com,9,100,356
qiita.com,9,0,441
doubao.com,8,0,179
es.python.org,8,0,922
google.com.ua,6,71,33
note.nkmk.me,6,0,1337
baidu.com/s,5,0,303
link.csdn.net,5,100,83
peps.python.org,5,67,268
quark.cn/s,5,100,56
so.com/link,5,0,1033
udemy.com,5,0,896
yuanbao.tencent.com,5,0,603
devdocs.io,4,80,11
google.cl,4,25,841
link.zhihu.com,4,0,850
scikit-learn.org,4,0,421
statics.teams.cdn.office.net,4,100,0
websearch.rakuten.co.jp,4,83,8
youtube.com,4,0,458
yuque.com,4,50,47
cs50.harvard.edu,3,0,49
github.com,3,0,184
github.com/casasmgb/curso-python/blob/master/01-section/01-que-es-python.md,3,0,1599
qwant.com,3,0,591
android-app://com.google.android.googlequicksearchbox,2,100,0
android-app://com.linkedin.android,2,100,0
boot.dev,2,0,1116
byhy.net,2,0,15
chat.baidu.com,2,0,454
co.search.yahoo.com,2,100,10
code-basics.com,2,0,2
code.visualstudio.com,2,0,1857
gemini.google.com,2,0,1480
google.co.uk,2,100,20
google.com.bo,2,100,0
hablemospython.dev,2,0,2308
l.facebook.com,2,0,722
lnkd.in,2,100,0
mail.google.com,2,0,896
mclibre.org,2,0,1175
moodle.upa.edu.mx,2,0,1962
ntp.msn.com,2,0,204
numpy.org,2,0,269
pygame.org,2,0,256
python.org/downloads/windows,2,0,76
python.p2hp.com/doc/index.html,2,0,34
reddit.com,2,0,513
reflex.dev,2,0,25
search.yahoo.com,2,0,4883
t.co,2,100,74
wwwca.ca.infn.it,2,50,230
172.16.100.118,1,0,19
academia-x.com,1,0,549
ai.gopubby.com/why-python-3-13-release-could-be-a-game-changer-for-ai-and-ml-92ac1e5a4f92,1,100,0
aidoczh.com,1,100,0
aiortc.readthedocs.io/en/latest/api.html,1,0,20
amuletmc.com,1,0,99
app.dataquest.io,1,0,579
argos.blackboard.com,1,0,31
blog.51cto.com/transfer,1,0,25
bot.n.cn/chat/a6c0b4cdbf514b1bba3045a9eb5094b8,1,0,397
br.search.yahoo.com,1,0,34
cdn.evg.gov.br,1,0,305
chat.qwen.ai/c/4bd56bf6-9b84-42e9-be6e-00043d8e880a,1,0,153
chat.qwen.ai/c/563e9e08-027c-4049-aef6-a4bfa6fee48b,1,0,804
chat.qwen.ai/c/b9919b45-7a7c-4b72-9a3d-2ff7902beefd,1,100,0
classroom.google.com,1,50,34
claude.ai,1,0,8
cloud.siliconflow.cn,1,0,1937
cn.bing.com/search,1,100,0
coccoc.com/search,1,0,263
colab.research.google.com,1,0,10
comp.nus.edu.sg,1,100,0
crackstation.net,1,0,1215
cs.upc.edu,1,0,959
cursos.alura.com.br,1,0,45
cursos.udg.edu,1,100,0
cvdof.ucm.es,1,0,0
cwh-full-next-space.fra1.cdn.digitaloceanspaces.com,1,0,38
developer.rhino3d.com/guides/scripting/scripting-gh-python,1,0,141
developers.google.cn,1,0,27
developpez.net,1,0,1234
discuss.python.org,1,0,283
doc.renpy.cn,1,0,14
docs.micropython.org,1,0,25
docs.obspy.org,1,0,7
docs.pyq.jp,1,0,80
docs.scrapy.org/en/latest/intro/install.html,1,0,0
docs.vllm.ai/en/stable/getting_started/examples/basic.html,1,0,24
douban.com/link2,1,0,221
doubao.com/chat/1738688794504194,1,0,48
doubao.com/chat/1773300745732610,1,0,193
edu.py2fun.com,1,0,4106
epfl-cs-112-ma.github.io,1,0,11
europa.dsa.missouri.edu,1,0,137
ezcode.blog.csdn.net/article/details/136456620,1,0,9
fahnd.com/search/6850/search.html,1,0,220
flask.palletsprojects.com/en/stable/tutorial,1,0,454
gall.dcinside.com/board/view,1,100,0
gihyo.jp,1,0,19
github.com/Fuminiton/LeetCode/pull/16/files,1,0,920
github.com/JonusNattapong/Notebook-Git-Colab,1,0,11
github.com/ReynosoTiu/SOG2_1S2025/tree/main/Ejemplo%20Jupyter,1,100,0
github.com/Rmiddaugh10/cs-degree-program/blob/main/official-documentation.md,1,0,445
github.com/SomberNight,1,0,393
github.com/antlr/grammars-v4/tree/master/python/python3_13,1,100,0
github.com/dashidhy/algorithm-pattern-python/blob/master/introduction/python.md,1,0,72
github.com/plushn/SWE-Arai60/pull/6/files,1,100,0
github.com/swansonk14/typed-argument-parser,1,0,2106
github.com/vhcontre/programacion-orientada-a-objetos/wiki/X%E2%80%90Anexo-1,1,0,1471
github.com/yt-dlp/yt-dlp,1,0,15
github.com/yt-dlp/yt-dlp/tree/master,1,0,101
global.bing.com,1,0,704
google.be,1,0,1925
google.ca,1,100,0
google.ch,1,100,0
google.cm,1,100,0
google.co.in,1,0,565
google.co.ve,1,100,0
google.com.ar,1,100,0
google.com.co,1,100,0
google.com.hk/search,1,100,0
google.com.my,1,100,0
google.com.pe,1,0,56
google.pl,1,0,51
google.pt,1,0,26
h.garreta.free.fr,1,0,37
hackerrank.com,1,0,0
html.it,1,0,238
hvlss9hs8s2.feishu.cn,1,100,0
ics.uci.edu,1,0,50
idap.daiichisankyo.com,1,100,0
inspiredpython.com,1,0,169
it-connect.fr,1,0,190
learning.ccbp.in,1,0,96
learnku.com,1,0,1034
lec.inf.ethz.ch,1,0,37
liaoxuefeng.com,1,0,16
liaoxuefeng.com/books/python/io/file/index.html,1,0,30
linux-magazin.de,1,100,0
linux.do,1,0,6
lm.facebook.com,1,100,0
lms.fun-mooc.fr,1,0,587
lms.ozyegin.edu.tr,1,0,101
m.baidu.com/from=1001192y/bd_page_type=1/ssid=0/uid=0/pu=usm%400%2Csz%401320_1001%2Cta%40iphone_2_12.0_28_16.0/baiduid=9FF7AA51F474CE333B86B5E79B6F6CB2/w=0_10_/t=iphone/l=1/tc,1,0,0
m.baidu.com/from=1001192y/bd_page_type=1/ssid=0/uid=0/pu=usm%400%2Csz%401320_1001%2Cta%40iphone_2_12.0_28_16.0/baiduid=A459C99AC19E899930944EDD7252A667/w=0_10_/t=iphone/l=1/tc,1,0,1
m.baidu.com/from=1001703a/bd_page_type=1/ssid=0/uid=0/pu=sz%401320_1001%2Cta%40iphone_2_14.0_18_40.9%2Cusm%400/baiduid=BD7BF226DCE9800F260C133D03C02D71/w=0_10_/t=iphone/l=1/tc,1,0,5
m.baidu.com/from=1012852q/bd_page_type=1/ssid=0/uid=0/pu=sz%401321_480%2Cta%40utouch___11_18.2%2Cusm%400/baiduid=9A3CD5CA65D8BA070175D9CAB4558F2D/w=10_10_/t=wap/l=1/tc,1,100,0
m.baidu.com/from=1012852q/bd_page_type=1/ssid=0/uid=0/pu=usm%401%2Csz%401320_1004%2Cta%40iphone_2_14.0_11_18.2/baiduid=FBA6C1B3843383106B91D66ED40747D3/w=0_10_/t=iphone/l=1/tc,1,0,182
m.baidu.com/from=1013966u/bd_page_type=1/ssid=0/uid=0/pu=usm%400%2Csz%401320_1001%2Cta%40iphone_2_10.0_19_23.5/baiduid=3DC0464B72E3123452333AE67E41AF26/w=0_10_/t=iphone/l=1/tc,1,100,0
m.baidu.com/from=1013966u/bd_page_type=1/ssid=0/uid=0/pu=usm%400%2Csz%401320_1001%2Cta%40iphone_2_11.0_19_23.4/baiduid=3AE1FC937A0C43ACA5FEA71FD69FBA02/w=0_10_/t=iphone/l=1/tc,1,0,895
m.baidu.com/from=1013966u/bd_page_type=1/ssid=0/uid=0/pu=usm%402%2Csz%401320_1001%2Cta%40iphone_2_10.0_19_23.6/baiduid=F01C8B2A724F58A9F9ED06E988C37A9B/w=0_10_/t=iphone/l=1/tc,1,0,49
m.baidu.com/from=1019311v/bd_page_type=1/ssid=0/uid=0/pu=usm%400%2Csz%401320_1001%2Cta%40iphone_2_13.0_19_23.6/baiduid=AD17E63738B4EADCED37F9696FC52CB7/w=0_10_/t=iphone/l=1/tc,1,0,30
m.baidu.com/from=1019311v/bd_page_type=1/ssid=0/uid=0/pu=usm%400%2Csz%401320_1001%2Cta%40iphone_2_14.0_19_23.2/baiduid=9B659A5FB399E22B2E9D3D77D61FC0DE/w=0_10_/t=iphone/l=1/tc,1,0,10
m.baidu.com/from=1020761f/bd_page_type=1/ssid=0/uid=0/pu=usm%400%2Csz%401320_1001%2Cta%40iphone_2_14.0_19_23.4/baiduid=3402A2B44332AB56B93F60143E00BF73/w=0_10_/t=iphone/l=1/tc,1,100,0
m.baidu.com/from=1022282z/bd_page_type=1/ssid=0/uid=0/pu=usm%400%2Csz%401320_1001%2Cta%40iphone_2_14.0_24_133.0/baiduid=4FDCB12CF5829CADC3818D8D1B0BAB01/w=0_10_/t=iphone/l=1/tc,1,100,0
m.baidu.com/from=844b/bd_page_type=1/ssid=0/uid=0/pu=usm%400%2Csz%401320_1001%2Cta%40iphone_2_10.0_24_133.0/baiduid=5D4E90556FE66428B930825B55F7419F/w=0_10_/t=iphone/l=1/tc,1,100,0
m.baidu.com/from=844b/bd_page_type=1/ssid=0/uid=0/pu=usm%400%2Csz%401320_1001%2Cta%40iphone_2_12.0_24_104.0/baiduid=E22788DD50C1E69252F54DA1435BFC95/w=0_10_/t=iphone/l=1/tc,1,100,0
m.baidu.com/s,1,0,7
m.facebook.com,1,100,0
medium.com/techtofreedom/7-new-typing-features-in-python-3-13-58caae5f2f10,1,100,0
mock.readthedocs.io/en/latest,1,0,1462
moodle-campusvirtualcolombia.s3.amazonaws.com,1,0,704
moodle.tuni.fi,1,0,67
moodle3-06.mcu.edu.tw,1,0,60
my.uopeople.edu,1,0,38
nbviewer.org,1,0,185
oi-wiki.org,1,0,467
onu1.s2.chalmers.se,1,100,0
orgpad.info,1,0,13
perplexity.ai,1,100,0
pip.pypa.io/en/latest/installation,1,0,151
practicum.yandex.ru,1,0,97
pro-python-book-bb3bb7.gitlab.io,1,0,75
pyformat.info,1,0,567
pymupdf.readthedocs.io/en/latest/installation.html,1,0,28
pyo3.rs,1,100,0
python-forum.io,1,0,504
python.p2hp.com/downloads,1,0,6
pythonmorsels.com,1,0,1284
pythonstudygit.github.io,1,0,878
quora.com,1,0,87
roadmap.sh,1,0,299
runoob.com,1,0,68
search.nifty.com,1,100,0
searchnowweb.com,1,100,0
service.smt.docomo.ne.jp,1,100,0
so.m.sm.cn/s,1,0,55
sphinx-doc.org/en/master/usage/configuration.html,1,0,23
static.oschina.net,1,0,16
sxgxy.alphacoding.cn,1,0,1046
sxgxy.alphacoding.cn/courses/12175/learn/v6dftnz25jb63x1p3wv5,1,0,152
talentotech2.com.co,1,50,23
tan.hatenadiary.jp,1,100,0
teams.microsoft.com,1,0,507
techiediaries.com,1,100,0
teratail.com,1,0,102
tongyi.aliyun.com,1,0,80
tongyi.aliyun.com/qianwen,1,0,115
tongyi.aliyun.com/qianwen/agent/chat,1,0,71
top-academy.site,1,100,0
translate.google.pl,1,0,14
ttowa.tistory.com/entry/Python-%EB%A7%A5MAC%EC%97%90-%ED%8C%8C%EC%9D%B4%EC%8D%AC-%EC%84%A4%EC%B9%98-%ED%95%98%EA%B8%B0,1,0,27
tw.alphacamp.co,1,0,20
xljsci.com,1,0,213
yiyan.baidu.com/chat/MTA2MTI1MDUyOjQ4OTY3MDcyODQ=,1,0,575
