name,visitors
Guangzhou,281
Shanghai,245
Beijing,242
Singapore,186
Hong Kong,162
Shenzhen,148
Chengdu,137
Zhengzhou,111
Hangzhou,99
Tokyo,99
Wuhan,97
Nanjing,96
Los Angeles,83
Xi’an,64
Changsha,59
Tianjin,53
Chongqing,51
Qingdao,48
N/A,34
Nanning,29
Wuxi,28
Shijiazhuang,28
Foshan,27
Dongguan,25
Fuzhou,24
Hefei,23
Zibo,21
Seattle,21
Taichung,20
Lanzhou,20
Taipei,19
Putian,18
Nanchang,18
Kunming,18
Jinan,18
Suzhou,18
Xiamen,17
Wenzhou,17
San Jose,17
Nantong,16
Ningbo,15
Shenyang,15
Zhuhai,14
Guiyang,14
Dalian,13
Wan Chai,13
Osaka,13
Taiyuan,12
Baoding,12
Xinxiang,11
Jiaxing,11
Harbin,11
Sydney,11
Tongshan,10
Wuhu,10
Santa Clara,10
Jinhua,9
Changzhou,9
Frankfurt am Main,9
Ürümqi,8
Huizhou,8
Yiwu,8
N/A,8
Amsterdam,8
Ashburn,8
N/A,8
Chang-hua,7
Zhoukou,7
Yangzhou,7
Xianyang,7
Haikou,7
London,7
Zhongshan,7
Kuala Lumpur,6
Anyang,6
Hengshui,6
Chenzhou,6
Phnom Penh,6
N/A,6
Hohhot,6
Las Vegas,6
Salt Lake City,6
Moscow,5
Shangqiu,5
Shantou,5
Jining,5
Huzhou,5
Deyang,5
Tsuen Wan,5
Seoul,5
Phoenix,5
Fremont,5
Draper,5
Manila,4
Petaling Jaya,4
Zhenjiang,4
Xingtai,4
Simao,4
Qingyuan,4
Jiaozuo,4
N/A,4
Changchun,4
Manchester,4
Houston,4
Chicago,4
Tallinn,3
Chiang Mai,3
Douliu,3
Banqiao,3
Miaoli,3
Kaohsiung,3
Zhuzhou,3
Yuncheng,3
Zhangjiagang,3
Weifang,3
Shaoxing,3
Shanwei,3
Quzhou,3
Ma’anshan,3
Liaocheng,3
Changzhi,3
Chuzhou,3
Incheon,3
Melbourne,3
Düsseldorf,3
Paris,3
Aachen,3
Council Bluffs,3
Pittsburgh,3
The Dalles,3
Inzai,3
Dubai,2
Bucharest,2
Lviv,2
Karnāl,2
Biratnagar,2
Taoyuan,2
N/A,2
N/A,2
N/A,2
Zunyi,2
Yuxi,2
N/A,2
Yinchuan,2
Xiangtan,2
Xiangyang,2
Weihai,2
Taizhou,2
Quanzhou,2
Luoyang,2
Jingmen,2
Hengyang,2
Dazhou,2
N/A,2
N/A,2
N/A,2
Kyoto,2
N/A,2
Anshan,2
N/A,2
Canberra,2
Palermo,2
Wembley,2
Slough,2
Harlesden,2
Didcot,2
N/A,2
Bristol,2
Zürich,2
Arth,2
Voorburg,2
Munich,2
Göttingen,2
Pisa,2
Camden Town,2
São Leopoldo,2
Bradenton,2
N/A,2
Kyle,2
Cedar Falls,2
Edison,2
Piscataway,2
Glendale,2
Hillsboro,2
Langley,2
Toronto,2
N/A,2
N/A,2
Changshu,2
Taizhou,2
Subang Jaya,2
Shengpu,2
Koganei,2
Bungarribee,2
N/A,2
N/A,2
Riyadh,1
Kampala,1
Kuwait City,1
Karagandy,1
Järvenpää,1
Rivne,1
Bengaluru,1
Yangon,1
Tashkent,1
Hanoi,1
Bang Lamung,1
Tainan,1
Nantou,1
Hualien City,1
N/A,1
Zaozhuang,1
Yunfu,1
Yongzhou,1
Dongyang,1
Renqiu,1
Jinjiang,1
Puyang Chengguanzhen,1
Pingdingshan,1
Meizhou,1
Luohe,1
Loudi,1
Linfen,1
Kaifeng,1
Jiujiang,1
Jincheng,1
Jiangmen,1
Cixi,1
Huaibei,1
Heze,1
Yiyang,1
Hebi,1
Dongying,1
Cangzhou,1
Shaoyang,1
N/A,1
Sai Kung,1
N/A,1
N/A,1
N/A,1
Yokohama,1
Nagoya,1
N/A,1
Woodlands,1
Qingkou,1
Ulan Bator,1
Jilin,1
Dandong,1
Hamilton,1
Frederiksberg,1
Nottingham,1
N/A,1
Leeds,1
Dundee,1
Bournemouth,1
Birmingham,1
Bexley,1
Stockholm,1
Naaldwijk,1
Laren,1
Haarlem,1
Amstelveen,1
Stuttgart,1
Hamburg,1
Erlangen,1
Bonn,1
Böblingen,1
Berlin,1
Villebon-sur-Yvette,1
Ferney-Voltaire,1
Triggiano,1
Milan,1
Cassina de' Pecchi,1
Kingston,1
Ciudad Bolívar,1
N/A,1
Ciudad Juárez,1
Indianapolis,1
Raleigh,1
Dallas,1
Boston,1
Quincy,1
Shrewsbury,1
Watertown,1
Ann Arbor,1
N/A,1
Newark,1
Buffalo,1
New York City,1
Staten Island,1
Bethlehem,1
East Los Angeles,1
El Segundo,1
La Jolla,1
Menlo Park,1
Mountain View,1
Newport Beach,1
Rancho Santa Margarita,1
Riverside,1
Thousand Oaks,1
