name,visitors
France,1945
Morocco,67
Belgium,50
Canada,47
Côte d'Ivoire,39
Senegal,38
"Congo, The Democratic Republic of the",32
Switzerland,27
Algeria,27
United States,25
Cameroon,20
Germany,18
United Kingdom,18
Togo,16
Burkina Faso,14
Benin,14
Madagascar,13
Netherlands,13
Congo,11
Tunisia,11
Luxembourg,10
Italy,9
Réunion,9
Gabon,8
Portugal,7
Indonesia,5
India,5
Mexico,5
New Caledonia,5
Spain,4
Guadeloupe,4
Japan,4
Niger,4
Russian Federation,4
Sweden,4
China,3
Mali,3
Romania,3
Thailand,3
Austria,2
Finland,2
Guinea,2
Ireland,2
Lebanon,2
Nepal,2
French Polynesia,2
Zambia,2
Albania,1
Burundi,1
Bolivia,1
Brazil,1
Djibouti,1
Iraq,1
Iran,1
Jersey,1
Comoros,1
Martinique,1
Nigeria,1
Norway,1
Peru,1
Singapore,1
Chad,1
Mayotte,1
