name,visitors,bounce_rate,visit_duration
Direct / None,5088,87,46
Google,4089,87,34
python.org,1503,84,24
docs.python.org,852,79,67
Bing,336,89,54
efundi.nwu.ac.za,333,82,120
GitHub,193,84,86
DuckDuckGo,186,86,35
Yandex,169,95,25
devguide.python.org,152,76,73
Brave,121,81,59
boot.dev,89,99,0
discuss.python.org,89,75,61
docs.astral.sh,80,91,49
pypi.org,79,81,73
Reddit,73,86,22
chatgpt.com,73,82,117
netacad.com,65,97,7
udemy.com,64,96,20
packaging.python.org,46,70,95
realpython.com,46,80,99
Microsoft Teams,45,88,111
Ecosia,37,80,127
typing.python.org,28,86,24
pythoninsider.blogspot.com,23,87,12
cs50.harvard.edu,22,86,25
codecademy.com,21,90,42
Yahoo!,18,83,8
numpydoc.readthedocs.io,18,78,8
Qwant,17,80,24
kagi.com,17,68,26
Wikipedia,16,88,4
docs.sqlalchemy.org,16,94,0
s3.eu-west-1.amazonaws.com,16,88,16
python-poetry.org,15,100,0
wsgi.readthedocs.io,15,94,20
dicoding.com,13,85,62
edube.org,13,93,1
psycopg.org,13,85,10
cms.unir.net,12,83,66
moodle.abtech.edu,12,92,0
mypy.readthedocs.io,11,73,129
pip.pypa.io,11,73,300
qiita.com,11,91,31
cgi.cse.unsw.edu.au,10,90,4
cs50.readthedocs.io,10,100,0
google.github.io,10,70,27
habr.com,10,90,0
openclassrooms.com,10,64,78
setuptools.pypa.io,10,80,80
Perplexity,9,78,45
aula-virtual.unav.edu,9,80,212
python-academy.org,9,82,72
claude.ai,8,100,0
Hacker News,7,43,135
LinkedIn,7,100,0
bitbucket.org,7,86,32
devtech.com,7,88,170
docs.snowflake.com,7,100,0
elearn.epam.com,7,100,0
exam.sanand.workers.dev,7,100,0
flake8rules.com,7,100,0
metanit.com,7,86,20
numpy.org,7,100,0
pyfound.blogspot.com,7,86,3
test.pypi.org,7,57,329
Amazon,6,100,0
codeit.kr,6,100,0
docs.renovatebot.com,6,100,0
notebooks.githubusercontent.com,6,100,0
raterproject.com,6,50,304
Gmail,5,80,93
aprendepython.es,5,100,0
developer.cisco.com,5,100,0
docs.brew.sh,5,100,0
freecodecamp.org,5,100,0
hackerrank.com,5,80,4
learn.snhu.edu,5,100,0
lms-kpitacademy.kpit.com,5,80,1
medium.com,5,100,0
microsoft.github.io,5,80,322
mypy-lang.org,5,80,0
note.nkmk.me,5,80,65
pydevtools.com,5,60,82
tox.wiki,5,100,0
typing-extensions.readthedocs.io,5,80,6
Facebook,4,100,0
StackOverflow,4,80,0
alembic.sqlalchemy.org,4,100,0
atc.bmwgroup.net,4,75,1
bbgithub.dev.bloomberg.com,4,75,4
bits.logic.inc,4,100,0
datacamp.com,4,100,0
dcp.ubs.net,4,100,0
elearning.ggu.edu,4,75,0
github.ibm.com,4,50,37
kloud.edukate.ai,4,100,0
moodle.fernuni-hagen.de,4,100,0
myadroit.princeton.edu,4,100,0
notes-of-python.readthedocs.io,4,50,549
notion.so,4,67,13
oracle.github.io,4,40,830
pep8.org,4,100,0
statics.gov.teams.microsoft.us,4,100,0
Youtube,3,67,0
aulaglobal.uc3m.es,3,100,0
automatetheboringstuff.com,3,100,0
bandersnatch.readthedocs.io,3,67,121
best-practice-and-impact.github.io,3,100,0
bitbucket.optoss.net,3,100,0
blog.python.org,3,67,38
bugs.python.org,3,100,0
code-basics.com,3,100,0
copier.readthedocs.io,3,100,0
courses.campus.gov.il,3,100,0
courses.edx.org,3,100,0
desktop.nclab.com,3,100,0
docs.python-guide.org,3,100,0
emgithub.com,3,100,0
fishc.com.cn,3,100,0
github-vcf.devops.broadcom.net,3,83,109
infoworld.com,3,100,0
levelup.gitconnected.com,3,100,0
maharatech.gov.eg,3,100,0
moodle.chisholm.edu.au,3,67,38
nanobind.readthedocs.io,3,100,0
obagy.com,3,100,0
py-free-threading.github.io,3,100,0
python.iswbm.com,3,100,0
qubika.atlassian.net,3,100,0
safe.menlosecurity.com,3,100,0
sites-reviews.com,3,100,0
softserve.academy,3,67,3
vucollaborate.vu.edu.au,3,67,374
wiki.ittc.ku.edu,3,100,0
wiki.rbinternational.com,3,100,0
127.0.0.1,2,100,0
altx.co.jp,2,100,0
asgi.readthedocs.io,2,100,0
atc-github.azure.cloud.bmw,2,50,4
basque.devcamp.com,2,100,0
bazel.build,2,100,0
bitbucket.irpc.int.tietoevry.com,2,100,0
black.readthedocs.io,2,50,263
blog.codingconfessions.com,2,50,74
c.yadro.com,2,100,0
capgemini.udemy.com,2,100,0
commitizen-tools.github.io,2,100,0
confluence.gdcan.com,2,67,171
courses.fit.cvut.cz,2,100,0
curiousefficiency.org,2,50,46
cursos.alura.com.br,2,100,0
cython.readthedocs.io,2,100,0
data-bird.co,2,100,0
distedu.ukma.edu.ua,2,50,24
docs.ansible.com,2,100,0
docs.godotengine.org,2,100,0
docs.pytest.org,2,100,0
docs.ros.org,2,50,2
docs.telethon.dev,2,100,0
doubao.com,2,50,124
ecollege.etbonline.ie,2,100,0
engineering.ziphq.com,2,100,0
ensae-reproductibilite.github.io,2,100,0
excel-ubara.com,2,50,18
fcr-wiki.systems.uk.hsbc,2,100,0
fluentpython.com,2,50,687
forums.raspberrypi.com,2,100,0
fullstackpython.com,2,50,2
go.skillbox.ru,2,50,6
gurufy.ru,2,100,0
i.loolootech.com,2,100,0
inf.fu-berlin.de,2,50,415
it.kgsu.ru,2,100,0
labex.io,2,100,0
learn.microsoft.com,2,100,0
lec.inf.ethz.ch,2,100,0
lectures.scientific-python.org,2,100,0
lesinskis.com,2,100,0
letpy.com,2,100,0
link.csdn.net,2,100,0
link.zhihu.com,2,50,0
lms.foxminded.ua,2,50,424
lms.skillfactory.ru,2,100,0
lwn.net,2,100,0
narwhals-dev.github.io,2,100,0
nbviewer.org,2,100,0
news.apache.org,2,100,0
ninaa-preprod.oneadr.net,2,50,191
olympus.mygreatlearning.com,2,100,0
openai,2,100,0
opennet.ru,2,100,0
openstax.org,2,100,0
orthanc.uclouvain.be,2,100,0
pace-docs.azurewebsites.net,2,50,50
palletsprojects.com,2,100,0
pdm-project.org,2,50,162
pep8-ja.readthedocs.io,2,100,0
pycoders.com,2,100,0
pydantic.dev,2,0,208
pylint.readthedocs.io,2,50,382
pyo3.rs,2,100,0
python-programming.quantecon.org,2,100,0
python.jp,2,100,0
pythonguide.rozh2sch.org.ua,2,100,0
pythonic-exam.com,2,50,198
pythonzen-pep8-exam.com,2,100,0
renpy.org,2,100,0
rephactor.com,2,100,0
rha.ole.redhat.com,2,50,9
rideco.atlassian.net,2,50,244
ru.hexlet.io,2,67,453
sberuniversity.online,2,100,0
server0.vtraining.net,2,100,0
slicer.readthedocs.io,2,100,0
static.plataforma.grupoa.education,2,100,0
tcsglobal.udemy.com,2,100,0
tlzprod.dut.ac.za,2,100,0
turbo-space-parakeet-gx7gwq5vq75c9q4x.github.dev,2,100,0
virtualenv.pypa.io,2,100,0
webster.bfm.com,2,100,0
wiki.geniie.net,2,100,0
wsgi.tutorial.codepoint.net,2,50,20
xebia.com,2,50,27
0.0.0.0,1,100,0
Baidu,1,100,0
Disqus,1,100,0
Fatbobman Blog,1,100,0
Lilo,1,100,0
Slack,1,100,0
Telegram,1,100,0
Twitter,1,100,0
academy.hackthebox.com,1,100,0
access.redhat.com,1,100,0
actegy.app.staging.ins2outs.net,1,100,0
activity.skillstruck.com,1,100,0
aedt.docs.pyansys.com,1,100,0
aleksac.me,1,100,0
alt-5d0a2196b3459.blackboard.com,1,100,0
alura.com.br,1,100,0
aluracursos.com,1,100,0
angelscript.hazelight.se,1,100,0
arxiv.org,1,100,0
astral.sh,1,100,0
athena.jpmchase.net,1,100,0
attrs.org,1,0,214
aulaga.dis.ulpgc.es,1,100,0
automaticaddison.com,1,100,0
av03-25-26.uca.es,1,100,0
awooo.ru,1,0,368
banorte.udemy.com,1,100,0
believemy.com,1,100,0
bitbucket.cicd.dc,1,100,0
bitbucket.concentrio.io,1,100,0
bitbucket.paloaltonetworks.local,1,100,0
blackboard.northmetrotafe.wa.edu.au,1,100,0
blackboard.ualr.edu,1,100,0
blog.codacy.com,1,100,0
blog.louie.lu,1,100,0
blog.pythonlibrary.org,1,100,0
blog.trailofbits.com,1,100,0
blog.wahab2.com,1,100,0
blog.whtsky.me,1,0,61
bookish-space-funicular-5g6vj476gp5gc7rpg.github.dev,1,100,0
bottlepy.org,1,100,0
brainfuel.infinitylabs.co.il,1,100,0
breakthrough-energy.github.io,1,100,0
brightspace.au.dk,1,100,0
brightspace.tudelft.nl,1,100,0
builtin.com,1,100,0
cac-powerpoint.officeapps.live.com,1,100,0
cac-word-edit.officeapps.live.com,1,0,1804
campusvirtual.uclm.es,1,100,0
campusvirtual2.ug.edu.ec,1,100,0
carpentries-incubator.github.io,1,100,0
catt.rs,1,100,0
ccds.local,1,100,0
ccsf-math-108.github.io,1,100,0
cdn3.gnarususercontent.com.br,1,100,0
ceddlyburge.github.io,1,100,0
cflin.com,1,100,0
chambamodulocapacitacion.leon.gob.mx,1,100,0
chat.enexis.nl,1,100,0
chat.netlight.com,1,100,0
chat.oracle.com,1,100,0
coconut.readthedocs.io,1,100,0
code.courses-watspeed.uwaterloo.ca,1,100,0
code.s3.yandex.net,1,100,0
codebeamer-playground.schaeffler.com,1,100,0
coderivers.org,1,100,0
cognizant.udemy.com,1,100,0
confluence.arm.com,1,100,0
confluence.cloud.panasonic.aero,1,100,0
confluence.ea.com,1,100,0
confluence.pncint.net,1,100,0
confluence.prod.aws.jpmchase.net,1,100,0
confluence.telekom-mms.com,1,100,0
confluence.tools.afweather.mil,1,100,0
confluence.warta.pl,1,100,0
confluence.webapp.sdst.sbaintern.de,1,100,0
