name,version,visitors
Chrome,135.0,1739
Microsoft Edge,135.0,800
Firefox,137.0,266
Chrome,134.0,169
Yandex Browser,25.2,75
Opera,117.0,71
Mobile App,(not set),57
Safari,18.4,57
Safari,18.3,54
Microsoft Edge,134.0,45
Chrome,133.0,43
Chrome,122.0,35
Chrome,131.0,35
Smart Lenovo Browser,9.0,30
Chrome,132.0,25
(not set),(not set),23
Firefox,128.0,21
Firefox,136.0,20
Microsoft Edge,131.0,18
Microsoft Edge,133.0,18
Chrome,109.0,17
Chrome,128.0,12
Chrome,126.0,11
Firefox,135.0,11
Quark,(not set),10
Chrome,127.0,10
Chrome,129.0,9
Chrome,130.0,9
Microsoft Edge,132.0,8
Safari,17.6,8
Microsoft Edge,92.0,8
Chrome,114.0,7
Chrome,117.0,7
Chrome,119.0,7
Chrome,120.0,7
Microsoft Edge,128.0,7
Microsoft Edge,130.0,7
Chrome,91.0,7
Microsoft Edge,126.0,6
Microsoft Edge,129.0,6
Chrome,136.0,6
Firefox,115.0,5
Opera,118.0,5
Chrome,121.0,5
Microsoft Edge,127.0,5
Safari,18.1,5
Sogou Explorer,2,5
SberBrowser,25.0,5
Chrome,108.0,4
Chrome,116.0,4
Huawei Browser,12.1,4
Firefox,127.0,4
QQ Browser,13.7,4
Firefox,138.0,4
Safari,16.6,4
Safari,17.1,4
Safari,17.5,4
MIUI Browser,19.3,4
Samsung Browser,27.0,4
Opera,85.0,4
Chrome,86.0,4
Microsoft Edge,107.0,3
Microsoft Edge,109.0,3
Microsoft Edge,117.0,3
Microsoft Edge,124.0,3
Chrome,125.0,3
Avast Secure Browser,134.0,3
Microsoft Edge,136.0,3
Safari,14.1,3
Safari,15.6,3
Yandex Browser,24.12,3
Mobile App,97.0,3
Chrome,100.0,2
Chrome,101.0,2
Chrome,102.0,2
Chrome,103.0,2
Chrome,107.0,2
Microsoft Edge,110.0,2
Microsoft Edge,112.0,2
Chrome,118.0,2
Chrome,123.0,2
Chrome,124.0,2
QQ Browser,13.4,2
QQ Browser,13.6,2
Mobile App,134.0,2
Mobile App,135.0,2
Microsoft Edge,137.0,2
Huawei Browser Mobile,16.0,2
Safari,17.3,2
Safari,17.4,2
Safari,18.0,2
Microsoft Edge,18.18362,2
Safari,18.2,2
vivo Browser,24.2,2
Chrome,99.0,2
Konqueror,(not set),1
Android Browser,(not set),1
Firefox,100.0,1
Microsoft Edge,100.0,1
Chrome,104.0,1
Microsoft Edge,104.0,1
Chrome,105.0,1
Microsoft Edge,106.0,1
Microsoft Edge,108.0,1
Chrome,110.0,1
Chrome,111.0,1
Firefox,112.0,1
Chrome,113.0,1
Opera,113.0,1
Firefox,113.0,1
Opera,114.0,1
Microsoft Edge,115.0,1
Chrome,115.0,1
Mobile App,116.0,1
Microsoft Edge,118.0,1
Firefox,118.0,1
Microsoft Edge,119.0,1
QQ Browser,12.1,1
Safari,12.1,1
Microsoft Edge,120.0,1
Microsoft Edge,121.0,1
Chrome,121.15,1
Microsoft Edge,122.0,1
Firefox,125.0,1
Iron,126.0,1
Mobile App,129.0,1
Firefox,129.0,1
QQ Browser,13.0,1
Safari,13.1,1
QQ Browser,13.3,1
CCleaner,130.0,1
Norton Private Browser,131.0,1
Firefox,131.0,1
Firefox,132.0,1
Firefox,133.0,1
CCleaner,133.0,1
Chrome,137.0,1
Firefox,137.1,1
Huawei Browser Mobile,14.0,1
MIUI Browser,14.9,1
Huawei Browser Mobile,15.0,1
Safari,16.0,1
Safari,16.1,1
Safari,16.2,1
Safari,16.3,1
UC Browser,17.5,1
Safari,17.7,1
MIUI Browser,18.3,1
Safari,18.5,1
MIUI Browser,19.8,1
vivo Browser,24.0,1
Yandex Browser,24.1,1
Atom,26.0,1
Samsung Browser,28.0,1
JioSphere,5.0,1
QQ Browser,6.0,1
QQ Browser,6.2,1
Quark,7.10,1
Quark,7.7,1
Quark,7.9,1
Chrome,73.0,1
Firefox,78.0,1
Chrome,80.0,1
Chrome,84.0,1
Chrome,92.0,1
Chrome,93.0,1
Mobile App,99.0,1
