name,visitors
Paris,349
Dakar,40
Marseille,40
Abidjan,39
Toulouse,37
Lyon,33
Antananarivo,25
Casablanca,22
Rennes,21
Bordeaux,20
Kinshasa,19
Cotonou,19
Brussels,17
Nantes,17
Grenoble,17
Massy,16
Montréal,16
Yaoundé,14
Lomé,13
Montpellier,13
Tunis,12
Limoges,11
Avignon,11
Ouagadougou,10
Strasbourg,10
Lille,10
Villeurbanne,9
Dijon,9
Chamalières,9
Brazzaville,8
Bamako,8
Rabat,8
Meknès,8
Roubaix,8
Issy-les-Moulineaux,8
Asnières-sur-Seine,8
Conakry,7
Zürich,7
Amsterdam,7
N/A,7
Colombes,7
Clermont-Ferrand,7
Caen,7
Brest,7
Tangier,6
Berlin,6
Vitry-sur-Seine,6
Perpignan,6
Nice,6
Mulhouse,6
Montluçon,6
Montigny-le-Bretonneux,6
Marcq-en-Barœul,6
Le Mans,6
Évry,6
Cergy,6
Douala,5
Marrakesh,5
London,5
Versailles,5
Vannes,5
Saint-Martin-d'Hères,5
Rueil-Malmaison,5
Pau,5
Mérignac,5
Chartres,5
Aubervilliers,5
Angers,5
Port-au-Prince,5
Ottawa,5
Saint-Paul,4
Mopti,4
Agadir,4
Sarcelles,4
Saint-Cloud,4
Revel,4
Puteaux,4
Pertuis,4
Montreuil,4
Meylan,4
L'Isle-d'Abeau,4
Gif-sur-Yvette,4
Franconville,4
Courbevoie,4
Corbeil-Essonnes,4
Argenteuil,4
Aix-en-Provence,4
Lubumbashi,3
Pune,3
Mumbai,3
Tokyo,3
Libreville,3
Constantine,3
Oujda-Angad,3
Fès,3
Lausanne,3
Villejuif,3
Villefranche-sur-Saône,3
Toulon,3
Schiltigheim,3
Saint-Étienne,3
Rosny-sous-Bois,3
Rodez,3
Rillieux-la-Pape,3
Poitiers,3
Poissy,3
Neuilly-sur-Seine,3
Nanterre,3
Montauban,3
Mitry-Mory,3
Magny-les-Hameaux,3
Lorient,3
Dunkerque,3
Chelles,3
Cannes,3
Brétigny-sur-Orge,3
Aulnay-sous-Bois,3
Arras,3
Angoulême,3
Albi,3
Fort-de-France,3
Ashburn,3
New York City,3
N/A,3
Gatineau,3
Toronto,3
Bourgoin-Jallieu,3
N/A,3
Djibouti,2
Diyarbakır,2
Cairo,2
Luleå,2
Saint-Pierre,2
Saint-Denis,2
Toamasina,2
Mahajanga,2
Antsiranana,2
Shenzhen,2
Beijing,2
Dabakala,2
Kandi,2
Niamey,2
Radès,2
N/A,2
Tizi Ouzou,2
Relizane,2
Mostaganem,2
Khenchela,2
Batna,2
Tétouan,2
Temara,2
Beni Mellal,2
Hove,2
Cambridge,2
Basel,2
Jenbach,2
Overijse,2
Liège,2
Gent,2
Dour,2
Munich,2
Freising,2
Frankfurt am Main,2
Voiron,2
Vitrolles,2
Villenoy,2
Villeneuve-sur-Lot,2
Vénissieux,2
Vanves,2
Valenciennes,2
Vagney,2
Trappes,2
Tigery,2
Sully-sur-Loire,2
Stains,2
Sevran,2
Sérignan-du-Comtat,2
Savigny-sur-Orge,2
Sartrouville,2
Salon-de-Provence,2
Saint-Priest,2
Saint-Martin-de-Seignanx,2
Saint-Hilaire-de-Brethmas,2
Sainte-Foy-lès-Lyon,2
Saint-Denis,2
Saint-Cyr-l'École,2
Roost-Warendin,2
Romilly-sur-Seine,2
Roissy-en-France,2
Roanne,2
Rians,2
Retournac,2
Reims,2
N/A,2
Plaisir,2
Pierrefitte-sur-Seine,2
Pamiers,2
Palaiseau,2
Orléans,2
Montrouge,2
Montbonnot-Saint-Martin,2
Montamisé,2
Molsheim,2
Moissy-Cramayel,2
Millau,2
Meudon,2
Metz,2
Meaux,2
Martigues,2
Mantes-la-Jolie,2
Maisons-Alfort,2
Longecourt-en-Plaine,2
Livry-Gargan,2
Levallois-Perret,2
Le Thor,2
Le Teil,2
Les Mureaux,2
Le Port-Marly,2
Port-des-Barques,2
Le Plessis-Trévise,2
Le Plessis-Robinson,2
Le Pin,2
Lens,2
Le Luc,2
Laudun-l'Ardoise,2
La Celle-Saint-Cloud,2
La Bastidonne,2
Jargeau,2
Janzé,2
Ingré,2
Herblay,2
Gournay-en-Bray,2
Givors,2
Gien,2
Genas,2
Gardanne,2
Garches,2
Frouzins,2
Fontenay-aux-Roses,2
Fleurance,2
Eyguières,2
Ermont,2
Dreux,2
Décines-Charpieu,2
Cruguel,2
Créteil,2
Courthézon,2
Cormeilles-en-Parisis,2
Colomiers,2
Colmar,2
Clichy-sous-Bois,2
Clichy,2
Clermont,2
Clamart,2
Claix,2
Ciboure,2
Cherbourg-Octeville,2
Chenôve,2
Chars,2
Chambéry,2
Cavaillon,2
Calmont,2
Bures-sur-Yvette,2
N/A,2
Brignoles,2
Bourg-en-Bresse,2
Bonneuil-Matours,2
Bischheim,2
Besançon,2
Auterive,2
Argentan,2
Antony,2
Antibes,2
Annemasse,2
Anglet,2
Amnéville,2
Amiens,2
Allauch,2
Alfortville,2
Albertville,2
Agneaux,2
Achères,2
Madrid,2
Barcelona,2
Milan,2
Cayenne,2
Le Robert,2
Bogotá,2
Barranquilla,2
Albany,2
Boardman,2
Prineville,2
Seattle,2
Longueuil,2
Moncton,2
Newmarket,2
Vaudreuil-Dorion,2
Villeneuve-d'Ascq,2
N/A,2
Jeddah,1
