name,unique_entrances,total_entrances,visit_duration
/es/3/tutorial/,591,623,200
/es/3.13/library/tkinter.html,248,256,60
/es/3.13/tutorial/index.html,216,228,140
/3/,160,161,423
/es/3/tutorial/index.html,146,151,134
/es/3.13/tutorial/venv.html,133,143,28
/es/3/,119,128,147
/es/3.13/library/functions.html,89,91,129
/es/3.13/library/index.html,85,86,41
/es/3/tutorial/appetite.html,84,84,238
/es/3.13/tutorial/datastructures.html,81,85,101
/es/3/library/stdtypes.html,74,80,51
/es/3/tutorial/interpreter.html,68,69,183
/es/3.13/library/idle.html,66,66,60
/es/3.13/tutorial/classes.html,66,69,99
/es/3/tutorial/introduction.html,65,77,236
/es/3.13/installing/index.html,63,64,36
/es/3.13/tutorial/errors.html,58,59,108
/es/3/tutorial/controlflow.html,56,58,147
/es/3/tutorial/datastructures.html,56,58,52
/es/3.13/,55,55,224
/es/3.13/tutorial/introduction.html,54,57,91
/es/3/library/functions.html,51,53,75
/es/3/library/index.html,49,49,157
/es/3.13/library/re.html,48,49,203
/es/3.13/library/stdtypes.html,47,51,122
/es/3.13/search.html,45,52,143
/es/3.13/library/datetime.html,43,44,6
/es/3.13/library/tk.html,42,46,204
/es/3.13/library/random.html,40,40,173
/es/dev/tutorial/controlflow.html,34,35,95
/es/3.13/tutorial/inputoutput.html,32,33,88
/es/3.13/library/venv.html,31,35,68
/es/3.13/tutorial/interpreter.html,31,33,204
/es/3.13/library/math.html,30,32,97
/es/3/glossary.html,30,30,240
/es/3/library/argparse.html,30,31,43
/es/3.13/tutorial/appetite.html,29,30,296
/3.13/tutorial/index.html,28,28,359
/es/3.13/tutorial/controlflow.html,28,30,146
/es/3/library/json.html,28,28,21
/es/3/library/math.html,27,28,250
/es/3/library/tkinter.html,27,28,55
/es/3.13/howto/sorting.html,25,25,101
/es/3/library/random.html,25,25,125
/es/3.13/library/string.html,24,24,101
/es/3.13/reference/import.html,24,25,34
/es/3.13/tutorial/,24,24,289
/es/3.13/tutorial/modules.html,24,25,301
/3/library/functions.html,22,22,778
/3/tutorial/index.html,22,22,948
/es/3.13/glossary.html,22,23,248
/es/3/library/datetime.html,22,22,169
/es/dev/library/zlib.html,22,22,16
/es/3.13/library/array.html,21,22,39
/es/3.13/howto/logging.html,20,20,173
/es/3.13/howto/regex.html,20,22,159
/es/3.13/using/windows.html,20,20,92
/es/3/tutorial/venv.html,20,20,3
/es/3.12/tutorial/index.html,19,19,34
/es/3.13/library/csv.html,19,20,108
/es/3/search.html,19,19,98
/3.13/using/windows.html,18,18,530
/es/3.13/library/__main__.html,18,18,161
/es/3/genindex-Símbolos.html,18,18,1
/es/3/library/asyncio.html,18,18,283
/es/3/tutorial/classes.html,18,18,3
/es/3.13/reference/compound_stmts.html,16,16,366
/es/3.13/library/sqlite3.html,15,15,136
/es/3.13/reference/index.html,15,15,248
/es/3/library/re.html,15,15,92
/3/tutorial/,14,16,93
/es/3.13/using/editors.html,14,14,9
/es/3/reference/index.html,14,14,108
/3/library/tkinter.html,13,13,391
/es/3.13/library/filesys.html,13,14,102
/3/library/index.html,12,12,709
/3/library/venv.html,12,12,106
/es/3/library/statistics.html,12,12,16
/3.13/tutorial/,11,11,420
/3/library/stdtypes.html,11,11,1069
/3/search.html,11,11,287
/3/tutorial/datastructures.html,11,11,1047
/es/3.13/library/subprocess.html,11,12,0
/es/3.13/library/tkinter.ttk.html,11,12,0
/es/3/contents.html,11,13,46
/es/dev/tutorial/,11,12,14
/3.13/,10,10,328
/3/library/random.html,10,10,304
/3/library/re.html,10,10,351
/es/3.13/index.html,10,10,44
/es/3.13/library/collections.html,10,10,25
/es/3/installing/index.html,10,10,1
/es/3/library/,10,10,499
/es/3/library/decimal.html,10,10,0
/3/library/datetime.html,9,9,158
/es/3/library/csv.html,9,9,343
/es/3/library/exceptions.html,9,9,12
/es/3/tutorial/inputoutput.html,9,9,70
/3/library/idle.html,8,8,148
/3/library/logging.html,8,8,416
/3/library/math.html,8,8,311
/es/3.13/howto/sockets.html,8,8,237
/es/3.13/library/asyncio-task.html,8,8,228
/es/3.13/library/ftplib.html,8,8,167
/es/3.13/library/shutil.html,8,9,4
/es/3.13/library/sys.html,8,8,0
/es/3.13/whatsnew/3.13.html,8,11,12
/es/3/faq/windows.html,8,8,22
/es/3/library/base64.html,8,8,21
/es/3/library/functools.html,8,8,312
/es/3/tutorial/errors.html,8,8,32
/es/3/tutorial/modules.html,8,8,774
/es/3/using/cmdline.html,8,8,0
/3.13/index.html,7,7,431
/3/library/csv.html,7,7,573
/3/library/turtle.html,7,8,338
/3/tutorial/controlflow.html,7,7,210
/es/3.13/library/email.examples.html,7,7,38
/es/3.13/library/logging.html,7,7,31
/es/3.13/library/time.html,7,7,109
/es/3.13/library/urllib.html,7,7,6
/es/3.13/py-modindex.html,7,8,133
/es/3.13/reference/lexical_analysis.html,7,7,14
/es/3/library/venv.html,7,7,0
/es/3/reference/compound_stmts.html,7,7,1816
/es/3/reference/expressions.html,7,8,63
/es/3/using/windows.html,7,7,53
/3/library/collections.html,6,6,279
/3/tutorial/errors.html,6,6,507
/es/3.12/tutorial/classes.html,6,6,0
/es/3.13/contents.html,6,6,8
/es/3.13/library/dialog.html,6,6,64
/es/3.13/library/operator.html,6,6,11
/es/3.13/library/pprint.html,6,6,0
/es/3.13/reference/executionmodel.html,6,6,576
/es/3.13/using/unix.html,6,6,433
/es/3/howto/urllib2.html,6,6,13
/es/3/library/enum.html,6,6,18
/es/3/library/idle.html,6,7,19
/es/3/library/textwrap.html,6,7,12
/es/3/py-modindex.html,6,6,0
/es/3/reference/lexical_analysis.html,6,6,53
/es/dev/library/venv.html,6,6,2
/es/dev/tutorial/datastructures.html,6,6,198
/es/dev/tutorial/introduction.html,6,6,0
/3.13/library/typing.html,5,5,583
/3/library/json.html,5,5,191
/es/3.12/tutorial/errors.html,5,5,0
/es/3.13/library/os.path.html,5,5,4
/es/3.13/library/pickle.html,5,5,279
/es/3.13/library/tokenize.html,5,6,706
/es/3.13/library/winsound.html,5,5,23
/es/3.13/reference/datamodel.html,5,5,320
/es/3.13/reference/introduction.html,5,10,172
/es/3.13/tutorial/appendix.html,5,5,175
/es/3.13/using/index.html,5,5,5
/es/3/howto/logging.html,5,5,0
/es/3/library/intro.html,5,5,0
/es/3/library/string.html,5,5,98
/es/3/library/sys.html,5,6,312
/es/3/library/tk.html,5,5,123
/es/3/library/unittest.html,5,5,453
/es/3/library/warnings.html,5,5,0
/es/3/whatsnew/index.html,5,5,4
/es/dev/library/threading.html,5,5,234
/3/library/argparse.html,4,4,412
/3/library/exceptions.html,4,4,317
/3/library/pathlib.html,4,5,2
/3/library/tkinter.messagebox.html,4,4,316
/3/library/urllib.parse.html,4,4,756
/3/reference/index.html,4,4,648
/es/3.13/library/abc.html,4,4,0
/es/3.13/library/calendar.html,4,4,0
/es/3.13/library/concurrent.futures.html,4,4,290
/es/3.13/library/configparser.html,4,4,9
/es/3.13/library/http.server.html,4,4,513
/es/3.13/library/imaplib.html,4,4,0
/es/3.13/library/pathlib.html,4,4,64
/es/3.13/library/queue.html,4,4,305
/es/3.13/library/socket.html,4,4,6
/es/3.13/library/turtle.html,4,4,0
/es/3.13/using/cmdline.html,4,4,116
/es/3/genindex.html,4,4,42
/es/3/index.html,4,4,256
/es/3/library/concurrent.futures.html,4,4,0
/es/3/library/os.html,4,4,189
/es/3/library/turtle.html,4,5,0
/es/3/whatsnew/3.13.html,4,4,27
/es/dev/library/abc.html,4,4,255
/es/dev/using/windows.html,4,4,0
/3.12/,3,3,56
/3.13/library/,3,3,449
/3.13/library/stdtypes.html,3,3,261
/3.13/search.html,3,3,591
/3.13/tutorial/appetite.html,3,3,1053
/3.14/,3,3,1213
/3/download.html,3,3,604
/3/library/,3,3,584
/3/library/os.html,3,3,518
/3/library/pickle.html,3,3,53
/3/library/plistlib.html,3,3,2033
/3/library/sqlite3.html,3,3,5
/3/library/subprocess.html,3,3,9
/3/library/tk.html,3,3,93
/3/library/typing.html,3,3,68
/3/reference/expressions.html,3,3,4
/3/reference/lexical_analysis.html,3,3,12
/3/tutorial/classes.html,3,3,92
/3/tutorial/introduction.html,3,3,298
/3/tutorial/modules.html,3,3,83
/3/using/cmdline.html,3,3,57
/3/using/windows.html,3,3,65
/es/3.12/library/typing.html,3,3,0
/es/3.12/tutorial/interpreter.html,3,4,0
/es/3.12/tutorial/introduction.html,3,3,0
/es/3.13/c-api/buffer.html,3,3,241
/es/3.13/howto/argparse.html,3,4,0
/es/3.13/library/difflib.html,3,3,12
/es/3.13/library/exceptions.html,3,3,1434
/es/3.13/library/io.html,3,3,0
/es/3.13/library/multiprocessing.html,3,3,0
/es/3.13/library/profile.html,3,3,92
/es/3.13/library/smtplib.html,3,3,0
/es/3.13/library/struct.html,3,3,200
/es/3.13/library/typing.html,3,3,181
/es/3.13/library/unicodedata.html,3,3,57
/es/3.13/library/xml.etree.elementtree.html,3,3,0
/es/3.13/library/zipfile.html,3,3,0
/es/3.13/reference/expressions.html,3,3,31
/es/3.13/tutorial/stdlib2.html,3,3,491
/es/3.14/search.html,3,3,269
/es/3/howto/sorting.html,3,3,13
/es/3/library/asyncio-task.html,3,3,0
/es/3/library/distribution.html,3,3,0
/es/3/library/mimetypes.html,3,3,0
/es/3/library/platform.html,3,4,16
/es/3/library/threading.html,3,3,0
/es/3/library/urllib.parse.html,3,3,0
/es/3/reference/introduction.html,3,3,0
/es/3/tutorial/appendix.html,3,3,109
/es/3/tutorial/floatingpoint.html,3,4,0
/es/3/tutorial/stdlib.html,3,3,63
/es/dev/library/annotationlib.html,3,3,122
/es/dev/library/tkinter.ttk.html,3,3,61
/es/dev/search.html,3,3,3
/3.13/library/index.html,2,2,654
/3.13/whatsnew/3.13.html,2,2,668
/3.14/library/index.html,2,2,534
/3.14/tutorial/index.html,2,2,10
/3/c-api/set.html,2,2,8
/3/faq/,2,2,198
/3/howto/logging.html,2,2,164
/3/index.html,2,2,2572
/3/library/__main__.html,2,2,2278
/3/library/abc.html,2,2,232
/3/library/concurrent.futures.html,2,2,248
/3/library/decimal.html,2,2,19
/3/library/dialog.html,2,2,289
/3/library/email.message.html,2,2,337
/3/library/gc.html,2,2,131
/3/library/io.html,2,2,2
/3/library/ipaddress.html,2,2,2230
/3/library/itertools.html,2,2,167
/3/library/mimetypes.html,2,2,0
/3/library/multiprocessing.html,2,2,62
/3/library/os.path.html,2,2,1764
/3/library/socket.html,2,2,76
/3/library/timeit.html,2,2,266
/3/library/urllib.html,2,2,382
/3/license.html,2,2,119
/3/reference/compound_stmts.html,2,3,44
/3/tutorial/inputoutput.html,2,2,273
/3/tutorial/venv.html,2,2,4
/3/whatsnew/3.13.html,2,2,13
/es/3.12/faq/design.html,2,2,942
/es/3.12/library/functions.html,2,2,176
/es/3.12/library/stdtypes.html,2,2,390
/es/3.12/py-modindex.html,2,2,0
/es/3.12/reference/compound_stmts.html,2,2,154
/es/3.12/tutorial/controlflow.html,2,2,0
/es/3.13/howto/curses.html,2,2,0
/es/3.13/howto/index.html,2,2,92
/es/3.13/library/argparse.html,2,2,826
/es/3.13/library/asyncio-future.html,2,2,0
/es/3.13/library/binascii.html,2,2,0
/es/3.13/library/cmd.html,2,2,0
/es/3.13/library/colorsys.html,2,2,0
/es/3.13/library/concurrency.html,2,2,0
/es/3.13/library/constants.html,2,2,1
/es/3.13/library/ensurepip.html,2,2,0
/es/3.13/library/hashlib.html,2,2,0
/es/3.13/library/ipaddress.html,2,2,0
/es/3.13/library/itertools.html,2,2,152
/es/3.13/library/linecache.html,2,2,0
/es/3.13/library/logging.config.html,2,2,0
/es/3.13/library/mmap.html,2,2,0
/es/3.13/library/msvcrt.html,2,2,0
/es/3.13/library/pydoc.html,2,2,0
/es/3.13/library/secrets.html,2,2,487
