property,value,visitors,events,percentage
url,(none),2093,3743,99.9
url,https://www.python.org/,49,50,2.3
url,https://docs.python.org/pt-br/3.13/archives/python-3.13-docs-pdf-a4.zip,8,8,0.4
url,https://github.com/python/cpython/tree/3.13/Lib/idlelib/,3,3,0.1
url,https://packaging.python.org/pt-br/latest/guides/installing-using-pip-and-virtual-environments/#create-and-use-virtual-environments,3,3,0.1
url,https://pypi.org/,3,3,0.1
url,https://peps.python.org/,2,2,0.1
url,https://wiki.python.org/moin/BeginnersGuide,2,3,0.1
url,https://briefcase.readthedocs.io/,1,1,0.0
url,https://buildozer.readthedocs.io/,1,1,0.0
url,https://devguide.python.org/,1,2,0.0
url,https://docs.python.org/pt-br/3.13/archives/python-3.13-docs-html.tar.bz2,1,1,0.0
url,https://docs.python.org/pt-br/3.13/archives/python-3.13-docs-html.zip,1,1,0.0
url,https://docs.python.org/pt-br/3.13/archives/python-3.13-docs-pdf-a4.tar.bz2,1,1,0.0
url,https://docs.python.org/pt-br/3.13/archives/python-3.13-docs-texinfo.tar.bz2,1,1,0.0
url,https://docs.python.org/pt-br/3.13/archives/python-3.13-docs-texinfo.zip,1,1,0.0
url,https://docs.python.org/pt-br/3.13/archives/python-3.13-docs-text.tar.bz2,1,1,0.0
url,https://docs.python.org/pt-br/3.13/archives/python-3.13-docs-text.zip,1,1,0.0
url,https://docs.python.org/pt-br/3.13/archives/python-3.13-docs.epub,1,1,0.0
url,https://docs.python.org/pt-br/3/archives/python-3.13-docs-pdf-a4.zip,1,1,0.0
url,https://github.com/python/cpython/blob/main/Doc/bugs.rst?plain=1,1,1,0.0
url,https://github.com/python/cpython/blob/main/Doc/library/tkinter.rst?plain=1,1,1,0.0
url,https://github.com/python/cpython/blob/main/Doc/tutorial/appetite.rst?plain=1,1,1,0.0
url,https://github.com/python/cpython/blob/main/Doc/tutorial/controlflow.rst?plain=1,1,1,0.0
url,https://github.com/python/cpython/blob/main/Doc/tutorial/index.rst?plain=1,1,1,0.0
url,https://github.com/python/cpython/blob/main/Doc/whatsnew/index.rst?plain=1,1,1,0.0
url,https://github.com/python/cpython/issues/107674,1,1,0.0
url,https://github.com/python/cpython/issues/117709,1,1,0.0
url,https://github.com/python/cpython/issues/136155,1,1,0.0
url,https://github.com/python/cpython/tree/3.13/Android/README.md,1,1,0.0
url,https://github.com/python/cpython/tree/3.13/Lib/imaplib.py,1,1,0.0
url,https://github.com/python/cpython/tree/3.13/Lib/pathlib/,1,1,0.0
url,https://github.com/python/cpython/tree/3.13/Lib/random.py,1,1,0.0
url,https://github.com/python/cpython/tree/3.13/Lib/urllib/,1,1,0.0
url,https://github.com/python/cpython/tree/3.13/Lib/urllib/request.py,1,1,0.0
url,https://github.com/python/cpython/tree/3.13/Lib/venv/,1,1,0.0
url,https://github.com/python/cpython/tree/main/Lib/tkinter/messagebox.py,1,1,0.0
url,https://github.com/python/cpython/tree/main/Lib/webbrowser.py,1,1,0.0
url,https://infra.psf.io/,1,1,0.0
url,https://packaging.python.org/,1,2,0.0
url,https://packaging.python.org/en/latest/tutorials/packaging-projects/,1,1,0.0
url,https://peps.python.org/pep-0719/,1,1,0.0
url,https://peps.python.org/pep-3120/,1,1,0.0
url,https://requests.readthedocs.io/en/master/,1,1,0.0
url,https://tkdocs.com/,1,1,0.0
url,https://www.python.org/doc/versions/,1,1,0.0
url,https://www.tcl.tk/,1,1,0.0
url,https://www.unicode.org/Public/15.1.0/ucd/NameAliases.txt,1,1,0.0
