name,version,visitors
Chrome,134.0,924
Microsoft Edge,134.0,157
Mobile App,(not set),71
Safari,18.3,58
Firefox,136.0,29
Chrome,133.0,28
Whale Browser,4.30,28
Samsung Browser,27.0,15
(not set),(not set),14
Chrome,131.0,14
Chrome,132.0,8
Safari,17.6,6
Chrome,120.0,5
Chrome,126.0,5
Chrome,128.0,5
Chrome,130.0,5
Mobile App,134.0,5
Chrome,135.0,5
Chrome,123.0,4
Safari,18.1,4
Mobile App,97.0,4
Microsoft Edge,126.0,3
Chrome,127.0,3
Chrome,129.0,3
Microsoft Edge,133.0,3
Safari,18.4,3
Whale Browser,3.7,3
Safari,(not set),2
Whale Browser,1.21,2
Microsoft Edge,109.0,2
Chrome,114.0,2
Chrome,119.0,2
Chrome,122.0,2
Chrome,124.0,2
Firefox,128.0,2
Microsoft Edge,131.0,2
Firefox,137.0,2
Huawei Browser Mobile,16.0,2
Safari,17.3,2
UC Browser,17.4,2
Safari,17.5,2
Safari,18.0,2
Chrome,86.0,2
Chrome,98.0,2
Chrome,109.0,1
Chrome,110.0,1
Chrome,112.0,1
Chrome,115.0,1
Microsoft Edge,116.0,1
Chrome,116.0,1
Microsoft Edge,117.0,1
Chrome,118.0,1
Microsoft Edge,120.0,1
Microsoft Edge,121.0,1
Microsoft Edge,123.0,1
Microsoft Edge,125.0,1
Chrome,125.0,1
Microsoft Edge,128.0,1
Microsoft Edge,130.0,1
Microsoft Edge,132.0,1
Firefox,134.0,1
Chrome,135,1
Firefox,135.0,1
Microsoft Edge,135.0,1
Safari,17.2,1
Safari,18.2,1
MIUI Browser,19.2,1
Whale Browser,3.18,1
Whale Browser,3.28,1
Whale Browser,3.8,1
Whale Browser,4.29,1
Quark,6.12,1
Quark,7.9,1
Microsoft Edge,87.0,1
Microsoft Edge,90.0,1
Microsoft Edge,92.0,1
Chrome,99.0,1
