name,visitors,bounce_rate,visit_duration
google.com,887,74,210
Direct / None,325,62,256
m.baidu.com,61,77,45
google.co.kr,44,77,54
bing.com,33,53,198
chatgpt.com,24,40,739
python.org,21,0,408
positive-wakeboard-965.notion.site,15,81,59
wikidocs.net,15,93,5
codeup.kr,10,64,6
namu.wiki,10,50,63
codeit.kr,5,60,121
search.daum.net/search,4,100,0
velog.io,4,50,1234
blog.naver.com/PostView.naver,3,33,122
clien.net/service/board/kin/17320380,2,100,0
dev-jy.tistory.com/5,2,100,0
github.com,2,50,16
github.com/currenjin/site-for-developers,2,100,0
m.blog.naver.com,2,100,0
perplexity.ai,2,100,0
search.yahoo.com,2,100,0
yeardream2025.elice.io,2,100,0
answer-me.tistory.com/3,1,100,0
baidu.com,1,100,0
baidu.com/link,1,100,0
cha-vi.tistory.com/54,1,100,0
classum.com,1,100,0
clien.net,1,100,0
coding-kindergarten.tistory.com/99,1,100,0
computer-science-student.tistory.com/221,1,100,0
cyber.swu.ac.kr,1,100,0
daco2020.tistory.com/614,1,100,0
dalseobi.tistory.com/145,1,0,35
dgscience-hs.goorm.io,1,0,167
docs.astral.sh,1,0,2116
dreamhack.io,1,0,22
ecofriendlyapplesu.tistory.com/12,1,0,3
gall.dcinside.com/mgallery/board/view,1,0,6
gemini.google.com,1,0,15
generalbulldog.tistory.com/30,1,100,0
github.com/codingalzi/42H/issues/33,1,0,935
github.com/dagui0/python-tutorial,1,100,0
github.sec.samsung.net,1,100,0
inflearn.com,1,100,0
kdw9502.tistory.com,1,100,0
kin.naver.com/qna/detail.naver,1,0,182
lee-hyeon-kyu.tistory.com/29,1,100,0
lifeai.suwon.ac.kr,1,100,0
light-tree.tistory.com/239,1,100,0
lms.aiffel.io,1,0,469
m.baidu.com/from=0/bd_page_type=1/ssid=0/uid=0/pu=vmgdb%400020100228y%2Csz%401320_1004%2Cusm%400/baiduid=58500411FD2FCA7BC8AB5E5988484CFB/w=10_10_/t=zbios/l=1/tc,1,100,0
m.baidu.com/from=1001192y/bd_page_type=1/ssid=0/uid=0/pu=usm%400%2Csz%401320_1001%2Cta%40iphone_2_12.0_28_16.0/baiduid=2F6199F689085ABAC7A56FF414099430/w=0_10_/t=iphone/l=1/tc,1,0,73
m.baidu.com/from=1013672b/bd_page_type=1/ssid=0/uid=0/pu=sz%401320_1004%2Cta%40iphone_2_14.0_11_19.2%2Cusm%400/baiduid=1E905C5F3BA73A130453DAB074071A20/w=0_10_/t=iphone/l=1/tc,1,0,50
m.baidu.com/from=1021438p/bd_page_type=1/ssid=0/uid=0/pu=sz%401320_1001%2Cta%40iphone_2_10.0_17_8.0%2Cusm%401/baiduid=6AB073F7A1A2ABB2C5201959B750D71F/w=0_20_/t=iphone/l=1/tc,1,100,0
m.baidu.com/from=2001o/bd_page_type=1/ssid=0/uid=0/pu=sz%401320_1003%2Cta%40iphone_2_10.0_1_17.4%2Cusm%400/baiduid=F9AB84082540CC66A7A621681F18B8D5/w=0_10_/t=iphone/l=1/tc,1,0,32
m.baidu.com/s,1,100,0
m.blog.naver.com/mirusu400/221616841025,1,100,0
m.blog.naver.com/nkj2001/222737118818,1,100,0
m.clien.net,1,0,299
mindorizip.tistory.com/101,1,0,1492
notion.so,1,100,0
pages.github.sec.samsung.net,1,0,1696
python.org/events,1,0,61
python.org/events/python-events/1982,1,0,56
ro-ko.tistory.com/entry/Python-Bulit-in-function-Standard-function,1,0,253
sisiblog.tistory.com/m/219,1,100,0
smartlead.hallym.ac.kr,1,100,0
stopmin.tistory.com/entry/Python-FastAPI-Logging-correlation-ID-uuid,1,100,0
think-tech.tistory.com/13,1,100,0
worldcom714.nayana.kr,1,100,0
