name,version,visitors
Windows,10,2458
Mac,10.15,528
GNU/Linux,(not set),302
Windows,XP,118
Ubuntu,(not set),107
Windows,7,82
Mac,10.13,59
Android,10,55
iOS,18.7,14
Android,15,8
iOS,18.6,7
iOS,26.1,7
Windows,8.1,6
Mac,10.14,5
Android,16,5
iOS,16.1,4
Android,13,3
Chrome OS,14541.0,3
Android,9,3
HarmonyOS,(not set),2
Mac,10.9,2
Android,14,2
iOS,15.6,2
Android,8.0,2
(not set),(not set),1
Mac,(not set),1
Android,11,1
Android,13.0,1
iOS,17.6,1
Android,4.2,1
Fire OS,5,1
Android,7.1,1
Windows,8,1
