name,visitors
Madrid,194
Bogotá,154
Santiago,90
Lima,83
Barcelona,69
Medellín,55
Valencia,36
Mexico City,35
Quito,32
Puebla,31
San José,31
Santo Domingo,30
Cali,30
Sevilla,29
Caracas,29
Guayaquil,29
San Salvador,28
Guadalajara,27
N/A,26
Gustavo Adolfo Madero,25
Havana,25
Zaragoza,23
Barranquilla,23
Córdoba,23
Benito Juarez,22
Panamá,21
La Paz,21
Buenos Aires,19
Asunción,19
Málaga,18
Shenzhen,17
Singapore,16
Terrassa,15
Miguel Hidalgo,14
Cuauhtémoc,14
San Nicolás de los Garza,14
Santiago de Querétaro,14
Cuernavaca,12
Cochabamba,12
Arequipa,12
The Dalles,12
Murcia,11
Vigo,11
Santiago de Compostela,11
Iztapalapa,11
Ecatepec de Morelos,11
Guatemala City,11
Tegucigalpa,11
Ibagué,11
N/A,11
La Plata,10
Santiago de los Caballeros,10
Ciudad Nezahualcoyotl,10
Maracaibo,10
N/A,10
Monterrey,10
Benito Juárez,10
Palma,9
Montevideo,9
Tlalpan,9
Mérida,9
Jiutepec,9
Azcapotzalco,9
Quilmes,8
Mar del Plata,8
Toluca,8
Oaxaca,8
Xalapa de Enríquez,8
Cancún,8
Barcelona,8
Zapopan,8
Morelia,8
León de los Aldama,8
Culiacán,8
Wuxi,7
Las Palmas de Gran Canaria,7
Cartagena,7
Barakaldo,7
Pamplona,7
A Coruña,7
N/A,7
Tecámac,7
Pachuca de Soto,7
Acapulco de Juárez,7
Cuenca,7
Cartagena,7
Paraná,7
N/A,7
Torreón,7
Celaya,7
Aguascalientes,7
Córdoba,6
Badalona,6
Álvaro Obregón,6
Tuxtla,6
Tlalnepantla,6
Naucalpan de Juárez,6
Ciudad López Mateos,6
Acolman de Netzahualcóyotl,6
Managua,6
Soacha,6
Popayán,6
Pereira,6
Neiva,6
Chiclayo,6
Salta,6
Rosario,6
San Luis Potosí,6
Chihuahua,6
Miami,6
Rincón de la Victoria,5
Valladolid,5
Salamanca,5
Caseros,5
Atlacomulco de Fabela,5
Valencia,5
Valledupar,5
N/A,5
Bucaramanga,5
Quilpué,5
Tacna,5
Irapuato,5
Hermosillo,5
Atlanta,5
Ho Chi Minh City,4
Santa Cruz de Tenerife,4
Sanlúcar de Barrameda,4
La Laguna,4
Granada,4
Cáceres,4
Dublin,4
Gasteiz / Vitoria,4
Sant Cugat del Vallès,4
Sabadell,4
Errenteria,4
Oviedo,4
Mataró,4
Marín,4
Bilbao,4
Berisso,4
Texcoco de Mora,4
Poza Rica de Hidalgo,4
Mixco,4
San Cristóbal,4
La Guaira,4
Coro,4
Tuluá,4
Pasto,4
Cúcuta,4
Tlaxcala,4
N/A,4
Venustiano Carranza,4
Santa Fe,4
San Rafael,4
Rancagua,4
Concepción,4
San Isidro,4
N/A,4
Tijuana,4
Tepic,4
Mexicali,4
La Piedad,4
Gómez Palacio,4
Ashburn,4
Manassas,4
New York City,4
Skopje,3
Hanoi,3
Zhenjiang,3
Manacor,3
Jaén,3
Alicante,3
Frankfurt am Main,3
Paris,3
Vic,3
Valdemoro,3
Sestao,3
Sant Vicenç dels Horts,3
Donostia / San Sebastián,3
Lugo,3
La Muela,3
Burgos,3
Azpeitia,3
Alcorcón,3
Alcalá de Henares,3
N/A,3
Posadas,3
Mercedes,3
N/A,3
Don Torcuato,3
N/A,3
Veracruz,3
Tultitlán de Mariano Escobedo,3
Tláhuac,3
Cuautitlán Izcalli,3
Tampico,3
Santa María Huatulco,3
Reynosa,3
Nuevo Laredo,3
Ixtapaluca,3
Coatzacoalcos,3
N/A,3
Barquisimeto,3
Latacunga,3
Zipaquirá,3
Villavicencio,3
Santa Marta,3
Mocoa,3
Envigado,3
Armenia,3
Chimbote,3
Godoy Cruz,3
General Roca,3
Valparaíso,3
La Serena,3
Iquique,3
Copiapó,3
Antofagasta,3
Santa Cruz de la Sierra,3
Juliaca,3
Zacatecas,3
Tlaquepaque,3
Tlajomulco de Zúñiga,3
Saltillo,3
Manzanillo,3
N/A,3
Nogales,3
Ciudad General Escobedo,3
Victoria de Durango,3
Colima,3
Washington,3
N/A,3
N/A,3
N/A,3
Moscow,2
Mykolayiv,2
Tirunelveli,2
Tashkent,2
Shanghai,2
Huzhou,2
Hefei,2
Hangzhou,2
Tokyo,2
Vélez-Málaga,2
Torremolinos,2
Telde,2
Talavera de la Reina,2
San Fernando,2
Roquetas de Mar,2
Malpartida de Cáceres,2
Llucmajor,2
Las Torres de Cotillas,2
Fortuna,2
Denia,2
Coria del Río,2
Consuegra,2
Catarroja,2
Carmona,2
Burjassot,2
Almería,2
Alhaurín de la Torre,2
Stuttgart,2
Oberhausen,2
Itzehoe,2
Marseille,2
Čáslav,2
El Vendrell,2
Torrejón de Ardoz,2
Santa Eulàlia de Ronçana,2
Sant Boi de Llobregat,2
Sama,2
Ripollet,2
Pola de Siero,2
Parla,2
Oñati,2
Moià,2
Leioa,2
La Almunia de Doña Godina,2
Illescas,2
L'Hospitalet de Llobregat,2
N/A,2
Gijón,2
Fuente el Saz,2
Ejea de los Caballeros,2
Coslada,2
Castelldefels,2
Carballo,2
Arenys de Mar,2
Alcobendas,2
Bari,2
Ljubljana,2
Teresina,2
N/A,2
Tigre,2
San Justo,2
Resistencia,2
Olivos,2
Necochea,2
Lomas de Zamora,2
Lanús,2
