name,visitors
United States,3148
India,1221
Germany,1106
China,935
United Kingdom,896
France,632
Russian Federation,477
Canada,356
Brazil,321
Netherlands,313
Japan,296
Spain,244
Hong Kong,241
Poland,224
Italy,222
Singapore,220
Australia,202
Sweden,186
South Korea,165
Switzerland,160
Mexico,159
Austria,126
Finland,111
Indonesia,105
Turkey,104
Vietnam,103
Taiwan,91
Belgium,90
Philippines,81
Israel,79
Czechia,77
South Africa,76
Denmark,75
Hungary,74
Pakistan,70
Norway,69
Ireland,68
Colombia,62
Romania,62
Ukraine,61
Portugal,51
Argentina,50
Thailand,50
Malaysia,48
Morocco,47
Chile,45
Nigeria,43
Bangladesh,41
Greece,40
Egypt,39
Algeria,36
Bulgaria,35
Belarus,35
Saudi Arabia,33
Iraq,32
Kazakhstan,32
Latvia,31
United Arab Emirates,30
Kenya,30
Peru,29
Slovenia,28
New Zealand,27
Croatia,26
Nepal,22
Slovakia,22
Tunisia,19
Uzbekistan,19
Sri Lanka,18
Serbia,18
Cambodia,17
Ecuador,16
Jordan,15
Estonia,14
Myanmar,14
Dominican Republic,13
Côte d'Ivoire,11
Ghana,11
Senegal,11
Georgia,10
Lebanon,10
Lithuania,10
Uganda,10
Bolivia,9
Cameroon,9
Luxembourg,9
Tanzania,9
Venezuela,9
Zimbabwe,9
Burkina Faso,8
Benin,8
Costa Rica,8
Cuba,8
Guatemala,8
Mongolia,8
Qatar,8
Syria,8
Cyprus,7
Azerbaijan,6
Bosnia and Herzegovina,6
Ethiopia,6
Kyrgyzstan,6
Madagascar,6
Uruguay,6
Armenia,5
Honduras,5
North Macedonia,5
Macao,5
Oman,5
Réunion,5
Moldova,4
Mozambique,4
Nicaragua,4
Yemen,4
Angola,3
"Congo, The Democratic Republic of the",3
Guadeloupe,3
Mali,3
Mauritania,3
Paraguay,3
Seychelles,3
El Salvador,3
Albania,2
Brunei Darussalam,2
Haiti,2
Isle of Man,2
Iran,2
Kuwait,2
Laos,2
Libya,2
Mauritius,2
Puerto Rico,2
Rwanda,2
Somalia,2
Suriname,2
Barbados,1
Bahrain,1
Bermuda,1
Bhutan,1
Belize,1
Congo,1
Djibouti,1
Eritrea,1
Fiji,1
Gambia,1
Guinea,1
Guinea-Bissau,1
Iceland,1
Saint Kitts and Nevis,1
Saint Lucia,1
Malta,1
Namibia,1
Panama,1
"Palestine, State of",1
Sudan,1
South Sudan,1
Chad,1
Tajikistan,1
Trinidad and Tobago,1
"Virgin Islands, U.S.",1
