name,visitors
Chrome,11493
Microsoft Edge,5155
(not set),4790
Firefox,1400
Safari,837
Opera,613
Mobile App,511
Yandex Browser,210
Smart Lenovo Browser,86
vivo Browser,57
Quark,54
Samsung Browser,44
Avast Secure Browser,39
Huawei Browser Mobile,35
QQ Browser,31
MIUI Browser,24
UC Browser,19
Whale Browser,19
AVG Secure Browser,18
Sogou Explorer,13
Opera Touch,5
Huawei Browser,4
Iron,4
CCleaner,3
Norton Private Browser,3
Openwave Mobile Browser,3
Opera GX,3
Avira Secure Browser,2
Sleipnir,2
360 Secure Browser,1
Android Browser,1
Ecosia,1
Meizu Browser,1
Mobile Silk,1
Mypal,1
Notion,1
Pale Moon,1
Steam In-Game Overlay,1
Yahoo! Japan Browser,1
