name,visitors
Tokyo,2047
Île-de-France,423
Seoul,421
Osaka,371
Kanagawa,331
Guangdong,330
California,323
São Paulo,300
Gyeonggi,242
Kyiv,238
England,237
Maharashtra,221
Madrid Autonomous Community,218
Shanghai,205
Beijing,202
Ciudad de Mexico,180
Capital District,178
Tamil Nadu,176
Santiago Metropolitan,175
Karnataka,175
Telangāna,173
Buenos Aires Province,172
Lima,166
Taipei,163
Texas,159
Saitama,155
Zhejiang,146
Aichi,140
Jiangsu,134
Delhi,133
Chiba,133
Antioquia,131
Washington,130
Shandong,115
New York,115
Dnipropetrovshchyna,112
Catalonia,111
Provence-Alpes-Côte-d'Azur,103
Virginia,101
Florida,100
Moscow,96
Ho Chi Minh City,95
Ontario,93
Auvergne-Rhône-Alpes,91
Sichuan,90
Hyogo,90
Hubei,84
Hesse,84
Illinois,82
Bavaria,80
New Taipei,80
Kyoto,76
Fukuoka,75
Mexico State,73
Uttar Pradesh,71
Lvivshchyna,69
Gauteng,68
Lombardy,67
Shaanxi,66
Rio de Janeiro,65
Tashkent,65
Minas Gerais,64
North Rhine-Westphalia,64
Nairobi County,63
Hokkaido,62
Cairo,60
Occitanie,60
Georgia,60
New South Wales,59
Gujarat,59
Punjab,59
Paraná,58
Andalusia,57
Valencian Community,56
Mazovia,56
Hanoi,56
West Bengal,55
Istanbul,55
Buenos Aires,54
Hauts-de-France,54
Taichung,54
Baden-Württemberg,53
Incheon,53
Quebec,52
Fujian,52
Jalisco,52
North Holland,50
Kharkivshchyna,48
New Jersey,48
Hunan,47
Pichincha,47
Jakarta,47
Valle del Cauca,46
Ibaraki,46
Pennsylvania,46
Córdoba,45
Pays-de-la-Loire,45
Arizona,45
Lagos,44
Henan,43
Hebei,43
Grand-Est,43
Taoyuan,43
Massachusetts,43
Odeshchyna,42
Victoria,41
Federal District,41
Chongqing,41
San José,41
Kerala,41
Saint Petersburg,41
Maryland,41
Tel Aviv,40
Kuala Lumpur,40
Santa Catarina,39
Colorado,39
Ceará,38
Berlin,38
Metro Manila,38
Stockholm,38
Kyivshchyna,38
Guayas,37
Guatemala,37
Haryana,37
Madhya Pradesh,37
Shizuoka,37
Busan,37
Almaty City,36
Rajasthan,35
Kaohsiung,35
Miyagi,34
Utah,34
Ishikawa,33
Daegu,33
Tunis,33
Queensland,32
Bahia,32
Tianjin,32
Brittany,32
Nuevo León,32
Ohio,32
Flanders,31
British Columbia,31
Addis Ababa,31
Leinster,31
Dubai,30
Dhaka Division,30
Rio Grande do Sul,30
Lazio,30
Sindh,30
Bangkok,30
Michigan,30
Anhui,29
Nouvelle-Aquitaine,29
Daejeon,29
South Holland,28
Makkah,28
Vinnychchyna,28
North Carolina,28
Capital,28
West Java,27
Tochigi,27
Meknès-Tafilalet,27
Selangor,27
Lisbon,27
Abidjan,26
Guizhou,26
East Java,26
Tainan,26
Poltavshchyna,26
Oregon,26
Prague,25
Greater Accra,25
Cherkashchyna,25
Baku,24
Pernambuco,24
Minsk,24
Bío Bío,24
Normandie,24
Veracruz,24
Panamá,24
Hsinchu County,24
Amazonas,23
Zürich,23
Galicia,23
Basque Country,23
Querétaro,23
Calabarzon,23
Riyadh,23
Montevideo,23
Western Cape,23
Vienna,22
Goiás,22
Guangxi,22
Jiangxi,22
Nagano,22
Bishkek,22
Minnesota,22
Missouri,22
Santa Fe,21
Brussels,21
La Paz,21
Uusimaa,21
Bihar,21
Hiroshima,21
Chihuahua,21
Muscat,21
Mykolayivschyna,21
Pará,20
Santander,20
Distrito Nacional,20
Andhra Pradesh,20
Uttarākhand,20
North Gyeongsang,20
South Gyeongsang,20
Managua,20
Dakar,20
Sumshchyna,20
South Carolina,20
Atlántico,19
Attica,19
North Brabant,19
Lima Region,19
Krasnodar Krai,19
Nizhny Novgorod,19
Abu Dhabi,18
Alberta,18
Liaoning,18
Rhineland-Palatinate,18
Jharkhand,18
Punjab,18
Shiga,18
Okayama,18
Sonora,18
Ankara,18
Tennessee,18
Valparaíso,17
Shanxi,17
Tolima,17
Hamburg,17
Capital Region,17
Kowloon City Kowloon,17
Veneto,17
Gunma,17
Western,17
Asunción,17
Västra Götaland,17
Ternopilshchyna,17
Entre Ríos,16
Espírito Santo,16
Lower Saxony,16
Centre-Val de Loire,16
Campania,16
Fukushima,16
Mie,16
Nara,16
Okinawa,16
Baja California,16
Federal Capital Territory,16
Auckland,16
Beograd,16
Novosibirsk,16
Rivnenshchyna,16
Khmelnychchyna,16
Yunnan,15
Risaralda,15
Navarra Chartered Community,15
Amman,15
Niigata,15
Guanajuato,15
Puebla,15
Province 3,15
Zakarpattia,15
Zaporizhzhya,15
Indiana,15
Cochabamba,14
Santa Cruz,14
Baghdad,14
Gifu,14
Phnom Penh,14
North Chungcheong,14
South Chungcheong,14
Astana,14
Ulaanbaatar,14
Central Luzon,14
Central Visayas,14
Lower Silesia,14
Porto,14
Prykarpattia,14
Kirovohradschyna,14
Wallonia,13
Maranhão,13
Saxony,13
Algiers,13
Burgundy-Franche-Comté,13
Kwai Tsing New Territories,13
Zagreb,13
Hormozgan,13
Emilia-Romagna,13
Tamaulipas,13
