name,visitors
Istanbul,31
Ankara,12
Izmir,6
California,5
New York,5
Shandong,4
Karbala,4
Batman,4
Tashkent,4
Baku,3
Antalya,3
Kocaeli,3
Yevlakh District,2
Baden-Württemberg,2
Madrid Autonomous Community,2
Hormozgan,2
Kanagawa,2
Moscow,2
Aydın,2
Gaziantep,2
Mersin,2
Konya,2
Quebec,1
Beijing,1
Chongqing,1
Hunan,1
Jiangsu,1
Berlin,1
Hesse,1
Hamburg,1
Capital Region,1
Doha,1
Tomsk,1
Volgograd,1
Çanakkale,1
Denizli,1
Elazığ,1
Şanlıurfa,1
Zonguldak,1
Virginia,1
