name,visitors,bounce_rate,visit_duration
Direct / None,3089,70,183
Google,396,84,468
python.org,152,77,292
Baidu,132,80,69
Bing,87,71,210
Yandex,39,89,130
DuckDuckGo,35,67,491
campus141.unad.edu.co,31,59,160
chatgpt.com,28,54,310
peps.python.org,21,95,10
Brave,10,100,464
GitHub,9,100,0
Microsoft Teams,5,100,456
qiita.com,5,0,98
Ecosia,4,0,412
pypi.org,4,75,14
360.cn,3,67,16
Yahoo!,3,100,171
docs.astral.sh,3,67,10
kagi.com,3,0,578
kitt.lewagon.com,3,100,0
lrps.wgu.edu,3,100,0
note.nkmk.me,3,0,497
127.0.0.1,2,100,0
2ef0cbd41a7c475b88c0765327217c39.enterprise.cc-propeller.cloud,2,50,16
Qwant,2,0,2293
chamilo.univ-grenoble-alpes.fr,2,0,3652
jupyter.utoronto.ca,2,50,4
lernplattform.mebis.bycs.de,2,0,1670
link.csdn.net,2,0,64
link.zhihu.com,2,100,6
pucminas.instructure.com,2,100,0
pypdf.readthedocs.io,2,100,0
python-basics-tutorial.readthedocs.io,2,0,1589
servicedesk,2,100,0
students.masaischool.com,2,100,0
wiki.python.org,2,0,992
10.50.148.38,1,0,4454
Coccoc,1,100,0
Facebook,1,100,0
Lilo,1,0,4
NotANumber,1,100,0
Rakuten,1,100,0
Sogou,1,0,8
Twitter,1,100,0
aulavirtual.iesthosicodina.cat,1,100,0
beacon-foqsg.cba,1,100,0
blog.python.org,1,0,883
campus110.unad.edu.co,1,100,0
chat.baidu.com,1,0,736
codecademy.cn,1,0,75
confluence.livenation.com,1,100,0
confluence.ngage.netapp.com,1,100,0
cs50.harvard.edu,1,0,0
daniweb.com,1,100,0
devdocs.io,1,100,0
djangosaml2.readthedocs.io,1,0,0
docs.sqlalchemy.org,1,0,2401
documentation.howso.com,1,0,31
doubao.com,1,100,0
enfip-odissee.formation.dgfip,1,100,0
fantastic-trout-97v67r959p7qfgg9.github.dev,1,0,44
forum.djangoproject.com,1,0,317
geek-blogs.com,1,0,14
liaoxuefeng.com,1,0,186
link.juejin.cn,1,100,0
lmsexpertasuacoursera.unad.edu.co,1,100,0
login.microsoftonline.com,1,100,0
me.sap.com,1,100,0
moodle.utfpr.edu.br,1,100,0
moodle2025.ncirl.ie,1,100,0
namu.wiki,1,100,0
nativeapp.toutiao.com,1,0,251
neopythonic.blogspot.com,1,100,0
ntp.msn.cn,1,0,1300
numpy.org,1,0,3359
orgpad.info,1,100,0
packaging.python.org,1,0,931
practicum.yandex.kz,1,0,6
proxys2.igw,1,0,2895
pydong.org,1,100,0
python-type-challenges.zeabur.app,1,100,0
python.uihtm.com,1,0,115
qianwen.com,1,0,0
realpython.com,1,100,0
softasia.jp,1,0,2736
symmetrical-spork-v64rxp4vx45v3xg67.github.dev,1,100,0
usercontent.redivis.com,1,100,0
werkzeug.palletsprojects.com,1,0,93
www-python-org.translate.goog,1,0,8
