name,unique_exits,total_exits,exit_rate
/downloads/,136516,142301,47.4
/,72883,75517,46.2
/downloads/windows/,47765,49433,58.2
/downloads/release/python-3140/,29061,29573,45.2
/downloads/release/python-3139/,13979,14242,48.3
/downloads/macos/,4703,4775,50.8
/about/gettingstarted/,4557,4641,53.8
/search/,4353,4391,29.8
/downloads/release/pymanager-250/,3976,4023,50.2
/doc/,3231,3288,48.9
/downloads/release/python-3120/,2727,2804,57.8
/downloads/release/python-3110/,2634,2682,62.8
/downloads/release/python-3119/,2569,2633,67.1
/downloads/release/python-3100/,2263,2349,62.4
/psf-landing/,1650,1662,28.7
/downloads/release/python-31011/,1618,1666,68.8
/downloads/release/python-3106/,1568,1632,73.1
/downloads/source/,1562,1591,39.7
/downloads/release/python-31114/,1413,1437,25.0
/about/,1187,1213,29.3
/downloads/release/python-3135/,1143,1165,50.1
/downloads/release/python-3130/,1138,1167,53.8
/downloads/release/python-31212/,1092,1111,25.1
/downloads/release/python-31210/,1017,1045,69.3
/downloads/release/python-3137/,953,1022,64.9
/downloads/android/,948,963,37.8
/jobs/,892,901,35.5
/shell/,883,897,62.8
/community/,826,836,36.5
/downloads/release/python-390/,720,738,54.5
/download/other/,693,697,41.3
/downloads/release/python-31019/,683,686,24.9
/downloads/release/python-3810/,657,676,64.4
/downloads/release/python-380/,650,666,54.1
/downloads/release/python-3126/,642,669,60.1
/downloads/release/python-3127/,597,609,63.4
/getit/,572,582,50.3
/download/pre-releases/,571,572,22.2
/downloads/release/python-3150a1/,569,576,39.6
/about/apps/,542,546,40.4
/downloads/release/python-3913/,407,424,65.9
/downloads/release/python-3124/,388,402,47.9
/downloads/release/python-370/,384,393,53.3
/downloads/release/python-3123/,377,380,53.6
/downloads/release/python-3118/,360,377,63.6
/blogs/,335,340,36.1
/downloads/release/python-3128/,287,293,63.8
/downloads/release/python-3133/,284,294,61.3
/downloads/release/python-3138/,283,287,53.7
/doc/versions/,278,284,57.8
/downloads/release/python-2718/,276,279,70.8
/downloads/release/python-3129/,270,273,71.1
/downloads/release/python-3924/,246,247,27.8
/downloads/release/python-3820/,237,239,28.0
/downloads/release/python-3109/,234,238,64.2
/downloads/release/python-3132/,233,238,56.9
/downloads/release/python-31113/,220,223,24.0
/downloads/release/python-31010/,219,226,59.8
/downloads/release/python-31211/,213,217,25.3
/download/releases/,208,207,16.3
/downloads/release/python-3114/,198,202,57.5
/downloads/release/python-31012/,193,196,32.5
/downloads/release/python-3105/,191,206,64.8
/community/logos/,186,187,54.0
/downloads/release/python-3136/,186,189,59.2
/downloads/release/python-3116/,182,191,65.0
/downloads/release/python-379/,174,181,57.5
/getit/windows/,174,178,47.5
/downloads/release/python-3111/,173,178,57.1
/downloads/release/python-3117/,170,174,60.4
/success-stories/,170,173,30.4
/downloads/release/python-3131/,168,173,51.3
/doc/essays/blurb/,160,170,80.6
/download/releases/2.7/,158,165,66.5
/downloads/release/python-3115/,142,147,63.9
/downloads/release/python-31018/,141,140,23.2
/downloads/release/python-3125/,140,146,54.3
/downloads/release/python-3122/,139,140,58.1
/events/,137,137,51.3
/downloads/release/python-377/,131,133,41.8
/downloads/release/python-368/,128,135,62.8
/downloads/release/python-3121/,126,132,55.5
/download,125,128,35.7
/downloads/release/python-360/,120,122,47.1
/downloads/release/python-31013/,116,117,23.7
/accounts/login/,115,114,23.0
/downloads/release/python-386/,110,111,47.0
/downloads/release/python-3108/,109,111,56.1
/downloads/release/python-31110/,106,106,25.5
/about/help/,105,105,40.4
/downloads/release/python-385/,104,105,50.0
/download/releases/3.0/,102,102,42.9
/downloads/release/python-31111/,101,103,23.3
/download/alternatives/,100,102,50.7
/downloads/release/python-3112/,95,94,58.8
/downloads/release/python-382/,91,92,52.0
/doc/av/,89,89,37.1
/events/python-events/,89,88,52.4
/downloads/release/python-3104/,87,92,53.8
/downloads/release/python-388/,85,85,66.9
