name,visitors
Tamil Nadu,6737
Karnataka,6724
Maharashtra,6590
England,6097
California,4961
Telangāna,4945
Guangdong,4403
Delhi,3820
Uttar Pradesh,3739
São Paulo,3195
Tokyo,3116
Moscow,3092
Punjab,2999
Istanbul,2789
Ho Chi Minh City,2686
Texas,2644
West Bengal,2486
Beijing,2350
Seoul,2304
Zhejiang,2292
Kerala,2284
Cairo,2282
Shanghai,2253
Hanoi,2207
Shandong,2179
Île-de-France,2103
Jiangsu,2048
North Rhine-Westphalia,2010
Madhya Pradesh,1991
Gyeonggi,1967
New York,1947
Jakarta,1920
Ontario,1899
Henan,1864
Florida,1787
Tel Aviv,1715
Riyadh,1688
Bavaria,1654
North Holland,1640
Mazovia,1611
Hesse,1610
Gujarat,1418
Makkah,1413
Lima,1387
Rajasthan,1369
Lombardy,1351
Sichuan,1297
Baden-Württemberg,1271
Saint Petersburg,1224
Virginia,1221
Madrid Autonomous Community,1185
Sindh,1183
Hubei,1175
Bangkok,1152
Haryana,1146
Tashkent,1128
Andhra Pradesh,1120
Illinois,1120
New South Wales,1102
Capital District,1080
Western,1064
Eastern,1061
Ankara,1056
Washington,1041
Metro Manila,1036
Buenos Aires Province,991
Shaanxi,984
New Jersey,980
Hunan,976
Georgia,967
Victoria,962
Quebec,959
Punjab,953
Osaka,943
West Java,940
Nairobi County,935
Hormozgan,934
Amman,922
Santiago Metropolitan,920
Minas Gerais,918
Odisha,918
Lagos,916
Rio de Janeiro,913
Dhaka Division,911
Catalonia,908
Bihar,893
East Java,880
Ciudad de Mexico,873
North Carolina,867
Taipei,856
Auvergne-Rhône-Alpes,852
Kuala Lumpur,842
Kyiv,812
Pennsylvania,806
Meknès-Tafilalet,803
Berlin,792
Fujian,781
Hebei,762
Ohio,732
Uttarākhand,720
Chongqing,717
Algiers,698
Gauteng,694
Massachusetts,690
Paraná,682
South Holland,676
Minsk,654
Dubai,650
Uusimaa,628
Baku,625
Moscow Province,622
Lower Saxony,618
Attica,611
Islamabad,610
Michigan,608
Selangor,599
Izmir,592
Arizona,592
Kanagawa,589
British Columbia,587
Maryland,587
Anhui,586
Assam,586
Tianjin,584
Provence-Alpes-Côte-d'Azur,584
Calabarzon,580
Oregon,580
Lazio,578
Krasnodar Krai,578
Antioquia,574
Andalusia,574
Tunis,569
Stockholm,568
Zürich,552
Vienna,549
Saxony,540
Greater Accra,540
Grand-Est,535
Valencian Community,532
New Taipei,531
Lesser Poland,529
Rio Grande do Sul,522
Occitanie,518
Sverdlovsk,510
Leinster,509
Colorado,509
Queensland,506
Pichincha,506
Prague,502
Flanders,495
Province 3,493
Incheon,476
Baghdad,467
Mexico State,463
Greater Poland,461
Jharkhand,460
Indiana,458
Nouvelle-Aquitaine,456
Central Java,452
Central,449
Aichi,447
Tatarstan,447
Alberta,437
Hauts-de-France,434
Phnom Penh,434
Lisbon,434
Santa Catarina,432
Alexandria,429
Beograd,429
Novosibirsk,429
Central Luzon,428
Abu Dhabi,423
Scotland,423
Bahia,419
Addis Ababa,418
Missouri,417
Liaoning,416
Ceará,413
Nizhny Novgorod,402
Oriental,401
Giza,398
Rostov,396
Hamburg,394
Budapest,394
Silesia,392
Lower Silesia,388
Chelyabinsk,387
Chiba,381
Tennessee,381
Campania,378
Sofia,371
Saitama,367
Taichung,367
Veneto,364
Da Nang,363
Chandigarh,362
Utah,358
Yunnan,357
Samara,356
Bucharest,353
Minnesota,347
Almaty City,346
Pernambuco,345
Muscat,345
Emilia-Romagna,344
Guangxi,343
Nuevo León,343
Guayas,341
Jiangxi,340
Brussels,333
Federal District,329
Jalisco,329
Goiás,327
Busan,325
Federal Capital Territory,325
Bursa,322
Pomerania,319
Rhineland-Palatinate,318
Abidjan,316
Capital Region,309
Doha,308
Wallonia,304
Jerusalem,304
Porto,304
Alabama,301
Distrito Nacional,299
Bashkortostan,299
Lvivshchyna,296
Bishkek,294
Dnipropetrovshchyna,293
Rabat-Salé-Zemmour-Zaer,287
Western Australia,283
Krasnoyarsk Krai,283
Zagreb,282
Wisconsin,280
San José,278
Kwai Tsing New Territories,278
South Carolina,275
Sharjah,274
Pays-de-la-Loire,274
Central,273
Riga,270
Taoyuan,269
Guizhou,268
Nevada,268
Oslo,266
Yogyakarta,265
Connecticut,263
Western Cape,263
Tbilisi,262
Astana,262
Central Visayas,262
Antalya,262
Vilnius County,261
Oklahoma,261
Taza-Al Hoceima-Taounate,258
Chhattīsgarh,256
South Chungcheong,255
Daejeon,254
Lima Region,251
Daegu,250
North Sumatra,248
Himachal Pradesh,245
Wales,242
Łódź,241
Perm Krai,241
Piedmont,239
Gansu,237
South Gyeongsang,236
Al Madinah,234
Kaohsiung,234
Valle del Cauca,233
Tuscany,232
Hyogo,227
Brittany,225
North Brabant,222
Cundinamarca,221
Iowa,221
Kinshasa,220
Amanat Al Asimah,220
Sicily,219
La Paz,218
Ulaanbaatar,217
Kentucky,217
Normandie,214
Al Asimah,214
Yerevan,213
Saratov,213
Hokkaido,212
Khyber Pakhtunkhwa,212
Bratislava,211
Luanda,210
Schleswig-Holstein,207
North Chungcheong,206
Apulia,205
Davao,205
Irkutsk,204
Central Macedonia,203
Tangier-Tétouan,203
South Australia,202
