name,unique_exits,total_exits,exit_rate
/pt-br/3/tutorial/index.html,94,100,
/pt-br/3.13/tutorial/index.html,82,83,
/pt-br/3.13/tutorial/datastructures.html,79,85,
/pt-br/3/library/index.html,58,62,
/pt-br/3.13/library/venv.html,56,56,
/pt-br/3/,56,62,
/pt-br/3/library/math.html,52,52,
/pt-br/3.13/library/tkinter.html,43,44,
/pt-br/3.13/library/index.html,42,43,
/pt-br/3/library/venv.html,40,41,
/pt-br/3.13/library/functions.html,36,37,
/pt-br/3.13/search.html,36,40,
/pt-br/3/library/stdtypes.html,36,37,
/pt-br/3/tutorial/classes.html,32,32,
/pt-br/3.13/,31,32,
/pt-br/3.13/library/math.html,31,31,
/pt-br/3/tutorial/controlflow.html,29,29,
/3/,27,27,
/pt-br/3.13/tutorial/classes.html,27,27,
/pt-br/3.13/tutorial/controlflow.html,26,26,
/pt-br/dev/library/zlib.html,26,27,
/pt-br/3.13/tutorial/interpreter.html,25,26,
/pt-br/3/tutorial/datastructures.html,25,25,
/pt-br/3/tutorial/introduction.html,25,26,
/pt-br/3.13/library/random.html,24,25,
/pt-br/3/library/functions.html,23,25,
/pt-br/3/search.html,21,22,
/pt-br/3.13/library/string.html,20,20,
/pt-br/3.13/library/stdtypes.html,19,20,
/pt-br/3.13/tutorial/introduction.html,19,19,
/pt-br/3/tutorial/inputoutput.html,18,18,
/pt-br/3.13/library/turtle.html,17,18,
/3/library/tkinter.html,16,15,
/pt-br/3.13/using/windows.html,16,16,
/pt-br/dev/library/statistics.html,16,22,
/pt-br/3.13/tutorial/appetite.html,15,15,
/pt-br/3/tutorial/,15,15,
/pt-br/3.13/reference/compound_stmts.html,14,14,
/pt-br/3/library/re.html,13,13,
/pt-br/3.13/tutorial/modules.html,12,12,
/pt-br/3/library/csv.html,12,13,
/pt-br/3/library/random.html,12,12,
/pt-br/3/tutorial/appetite.html,12,12,
/pt-br/3/tutorial/interpreter.html,12,12,
/pt-br/dev/tutorial/datastructures.html,12,12,
/pt-br/3/library/datetime.html,11,11,
/pt-br/3/library/tk.html,11,11,
/pt-br/3/tutorial/errors.html,11,11,
/pt-br/3.13/library/datetime.html,10,11,
/pt-br/3.13/library/re.html,10,10,
/pt-br/3/library/tkinter.html,10,10,
/pt-br/dev/faq/general.html,10,10,
/pt-br/dev/library/tkinter.html,10,11,
/pt-br/3.13/tutorial/,9,11,
/pt-br/3.13/tutorial/errors.html,9,9,
/pt-br/3/tutorial/modules.html,9,9,
/pt-br/3/using/android.html,9,9,
/pt-br/3/using/cmdline.html,9,9,
/pt-br/3.13/glossary.html,8,8,
/pt-br/3.13/howto/logging.html,8,8,
/pt-br/3.13/library/os.html,8,7,
/pt-br/3.13/library/time.html,8,9,
/pt-br/3.13/library/tk.html,8,8,
/pt-br/3.13/whatsnew/3.13.html,8,8,
/pt-br/3/library/os.html,8,8,
/pt-br/dev/library/venv.html,8,8,
/3/tutorial/index.html,7,6,
/pt-br/3.13/contents.html,7,7,
/pt-br/3.13/download.html,7,8,
/pt-br/3.13/library/__main__.html,7,7,
/pt-br/3.13/library/csv.html,7,8,
/pt-br/3.13/library/pathlib.html,7,7,
/pt-br/3.13/reference/expressions.html,7,7,
/pt-br/3.13/reference/index.html,7,8,
/pt-br/3/library/exceptions.html,7,9,
/pt-br/3/library/string.html,7,7,
/pt-br/dev/howto/sorting.html,7,8,
/3/library/functions.html,6,6,
/pt-br/3.12/howto/regex.html,6,6,
/pt-br/3.12/tutorial/introduction.html,6,7,
/pt-br/3.13/library/statistics.html,6,6,
/pt-br/dev/howto/logging.html,6,6,
/pt-br/dev/library/calendar.html,6,7,
/3/library/idle.html,5,5,
/3/tutorial/datastructures.html,5,5,
/pt-br/3.13/library/ctypes.html,5,6,
/pt-br/3.13/library/exceptions.html,5,5,
/pt-br/3.13/library/json.html,5,5,
/pt-br/3.13/library/pprint.html,5,6,
/pt-br/3.13/library/sys.html,5,5,
/pt-br/3.13/tutorial/inputoutput.html,5,5,
/pt-br/3/howto/enum.html,5,5,
/pt-br/3/installing/index.html,5,5,
/pt-br/3/library/itertools.html,5,5,
/pt-br/3/library/numeric.html,5,5,
/pt-br/3/library/turtle.html,5,6,
/pt-br/3/library/unittest.html,5,5,
/pt-br/3/reference/lexical_analysis.html,5,5,
/3/library/math.html,4,4,
/3/library/venv.html,4,4,
