name,visitors
Tokyo,78
Osaka,16
Nagoya,7
Kyoto,7
Guangzhou,5
Singapore,4
N/A,4
Yokohama,3
Matsudo,3
Hino,3
Mito,3
N/A,3
Saint Petersburg,2
Nagpur,2
Tokushima,2
Nishi-Tokyo-shi,2
N/A,2
Sano,2
Nishinomiya-hama,2
Musashino,2
N/A,2
Kawasaki,2
Kashiwa,2
Hiroshima,2
N/A,2
Anan,2
Amagasaki,2
Asaka,2
N/A,2
Narita,2
Sapporo,2
London,2
Kristiansand,2
N/A,2
N/A,2
N/A,2
N/A,2
N/A,2
N/A,2
Riyadh,1
Dhaka,1
Keelung,1
Quezon City,1
Shanghai,1
Yamaguchi,1
Tsuyama,1
Toyota,1
Toyohashi,1
Tenri,1
Takatsuki,1
Takasaki,1
Takamatsu,1
Suita,1
Shizuoka,1
Naha,1
Nagareyama,1
N/A,1
Kochi,1
Kobe,1
Kawaguchi,1
Kawagoe,1
Kasugai,1
Kariya,1
Kamirenjaku,1
Kagoshima,1
Ina,1
N/A,1
Hamamatsu,1
Gifu-shi,1
Chigasaki,1
N/A,1
N/A,1
Wakayama,1
Chiba,1
Kushiro,1
Asahikawa,1
Parnaíba,1
Valledupar,1
Phoenix,1
Kasuga,1
Towada,1
N/A,1
N/A,1
N/A,1
N/A,1
N/A,1
N/A,1
N/A,1
N/A,1
N/A,1
N/A,1
N/A,1
N/A,1
N/A,1
N/A,1
N/A,1
N/A,1
N/A,1
N/A,1
N/A,1
N/A,1
N/A,1
N/A,1
N/A,1
N/A,1
N/A,1
N/A,1
N/A,1
N/A,1
N/A,1
N/A,1
N/A,1
