name,visitors,pageviews,bounce_rate,time_on_page,scroll_depth
/ja/latest/guides/installing-using-pip-and-virtual-environments/,65,72,88,91,56
/ja/latest/tutorials/installing-packages/,61,60,84,28,38
/ja/latest/guides/writing-pyproject-toml/,52,52,86,52,43
/ja/latest/tutorials/packaging-projects/,18,20,78,30,44
/ja/latest/discussions/src-layout-vs-flat-layout/,15,14,75,70,95
/ja/latest/discussions/setup-py-deprecated/,8,8,60,31,75
/ja/latest/overview/,7,6,100,23,65
/ja/latest/tutorials/managing-dependencies/,7,8,67,16,82
/ja/latest/flow/,6,8,75,12,74
/ja/latest/guides/packaging-namespace-packages/,6,10,60,218,62
/ja/latest/specifications/platform-compatibility-tags/,5,7,50,99,41
/ja/latest/specifications/pyproject-toml/,5,6,75,4,55
/ja/latest/,4,6,0,37,87
/ja/latest/guides/distributing-packages-using-setuptools/,4,4,100,11,16
/ja/latest/guides/installing-using-linux-tools/,4,3,100,20,77
/ja/latest/guides/tool-recommendations/,4,5,50,20,43
/ja/latest/tutorials/,4,4,0,19,97
/ja/latest/glossary/,3,2,0,12,23
/ja/latest/key_projects/,3,3,0,10,54
/ja/latest/specifications/binary-distribution-format/,3,3,100,6,22
/ja/latest/specifications/recording-installed-packages/,3,4,100,56,15
/ja/latest/discussions/versioning/,2,2,50,95,100
/ja/latest/guides/creating-and-discovering-plugins/,2,2,100,,
/ja/latest/guides/installing-stand-alone-command-line-tools/,2,2,100,6,100
/ja/latest/guides/section-build-and-publish/,2,1,0,3,96
/ja/latest/search/,2,2,100,2,29
/ja/latest/specifications/dependency-specifiers/,2,2,100,,
/ja/latest/specifications/direct-url/,2,2,100,3,75
/ja/latest/specifications/externally-managed-environments/,2,2,100,107,64
/ja/latest/specifications/inline-script-metadata/,2,3,0,16,100
/ja/latest/specifications/section-distribution-formats/,2,1,0,11,96
/ja/latest/specifications/section-installation-metadata/,2,1,0,2,96
/ja/latest/specifications/simple-repository-api/,2,2,100,2,5
/ja/latest/specifications/version-specifiers/,2,2,100,80,52
/ja/latest/discussions/distribution-package-vs-import-package/,1,1,100,22,65
/ja/latest/discussions/install-requires-vs-requirements/,1,2,0,9,100
/ja/latest/discussions/package-formats/,1,2,0,7,100
/ja/latest/guides/,1,1,0,3,100
/ja/latest/guides/analyzing-pypi-package-downloads/,1,1,100,,
/ja/latest/guides/installing-scientific-packages/,1,1,0,,
/ja/latest/guides/installing-using-virtualenv/,1,1,0,3,95
/ja/latest/guides/multi-version-installs/,1,1,100,2,100
/ja/latest/guides/section-install/,1,1,0,6,96
/ja/latest/guides/using-testpypi/,1,1,100,3,62
/ja/latest/specifications/,1,1,0,3,81
/ja/latest/specifications/core-metadata/,1,1,0,7,56
/ja/latest/specifications/name-normalization/,1,1,100,3,79
/ja/latest/specifications/schemas/,1,1,0,1,93
