name,visitors
Paris,289
Marseille,49
Abidjan,48
Antananarivo,34
Toulouse,21
Lyon,21
Casablanca,20
Rennes,20
Cotonou,17
Brussels,17
Tunis,16
Douala,15
Dakar,14
Avignon,14
Grenoble,13
Lomé,12
Amiens,11
Brazzaville,10
Algiers,10
Yaoundé,9
Kinshasa,9
Conakry,9
Bordeaux,9
Lille,8
Courbevoie,8
Chambéry,8
Ouagadougou,7
Zürich,6
Villetaneuse,6
Rueil-Malmaison,6
Rouen,6
Pau,6
Nice,6
Montpellier,6
Mérignac,6
Bagneux,6
Bujumbura,5
Lubumbashi,5
Bamako,5
Tizi Ouzou,5
Vinay,5
Saint-Julien-en-Genevois,5
Reims,5
Orléans,5
Nîmes,5
Meylan,5
Meaux,5
Limoges,5
Le Plessis-Robinson,5
Clermont-Ferrand,5
Champigny-sur-Marne,5
Montréal,5
Sherbrooke,5
Saint-Paul,4
Libreville,4
N'Djamena,4
Constantine,4
Vannes,4
Strasbourg,4
N/A,4
Saint-Germain-lès-Arpajon,4
Saint-Germain-en-Laye,4
Nantes,4
Lorient,4
Dijon,4
Clichy,4
Cergy,4
Argenteuil,4
Annecy,4
Warsaw,3
Saint-André,3
Accra,3
Batna,3
Temara,3
Meknès,3
Marrakesh,3
Selby,3
Charleroi,3
Arlon,3
Villepinte,3
Veneux-les-Sablons,3
Schiltigheim,3
Salon-de-Provence,3
Saint-Jean-de-Védas,3
Saint-Herblain,3
Saint-Denis,3
Saint-Cloud,3
Rians,3
Pontoise,3
Nogent-sur-Marne,3
Niort,3
Nanteuil-le-Haudouin,3
Nancy,3
Montrouge,3
Montluçon,3
Montauban,3
L'Isle-sur-la-Sorgue,3
Ivry-sur-Seine,3
Hyères,3
Fontenay-le-Fleury,3
Colmar,3
Châtenay-Malabry,3
Carrières-sous-Poissy,3
Brest,3
Bonson,3
Blois,3
Besançon,3
Bègles,3
Bayonne,3
Asnières-sur-Seine,3
Port-au-Prince,3
New York City,3
Laval,3
Toronto,3
Beersheba,2
N/A,2
Saint Petersburg,2
Perm,2
Galaţi,2
Belgrade,2
Agra,2
Samarinda,2
Singapore,2
Ségou,2
Mopti,2
Radès,2
Ariana,2
Bekalta,2
Mostaganem,2
Blida,2
‘Aïn el Hadjel,2
Tangier,2
Sale,2
Rabat,2
Khouribga,2
Agadir,2
Bradford,2
Winterthur,2
Spreitenbach,2
Neuchâtel,2
Attalens,2
Naaldwijk,2
Amsterdam,2
Willebroek,2
Liège,2
Lessines,2
Courcelles,2
Chapelle-lez-Herlaimont,2
Warendorf,2
Munich,2
Hannover,2
Berlin,2
Dublin,2
Vitrolles,2
Viry-Châtillon,2
Villeurbanne,2
Villemomble,2
Ville-d'Avray,2
Versailles,2
Vern-sur-Seiche,2
Vénissieux,2
Trappes,2
Tours,2
Thiers,2
Sotteville-lès-Rouen,2
Saint-Prix,2
Saint-Priest,2
Saint-Nazaire,2
Saint-Laurent-de-la-Salanque,2
Saint-Julien-de-Concelles,2
Saint-Jean-de-Braye,2
Saint-Genis-Pouilly,2
Saint-Fulgent,2
Saintes,2
Saint-Didier-des-Bois,2
Ronchamp,2
Romans-sur-Isère,2
Rezé,2
Rambouillet,2
Quins,2
Pommeuse,2
Pirey,2
Pierre-Bénite,2
Pessac,2
Perpignan,2
Pantin,2
Palaiseau,2
Oullins,2
Nanterre,2
Mulhouse,2
Montreuil,2
Montereau-Fault-Yonne,2
Meudon,2
Metz,2
Loperhet,2
N/A,2
Libourne,2
Lens,2
Le Mans,2
Le Havre,2
Le Grand-Quevilly,2
Le Creusot,2
La Penne-sur-Huveaune,2
La Garde,2
Issy-les-Moulineaux,2
Gradignan,2
Goussainville,2
Gisors,2
Gif-sur-Yvette,2
Gardanne,2
Fréjus,2
Franois,2
Floirac,2
Faches-Thumesnil,2
Épône,2
Épinal,2
Draveil,2
Douai,2
Dissay,2
Croix,2
Corbas,2
Conflans-Sainte-Honorine,2
Cognac,2
Clichy-sous-Bois,2
Cherbourg-Octeville,2
Chelles,2
Cenon,2
Castries,2
Caen,2
Briord,2
Brétigny-sur-Orge,2
Biscarrosse,2
Beauregard,2
Bar-sur-Seine,2
Bagnolet,2
Aureilhan,2
Aulnoye-Aymeries,2
Aulnay-sous-Bois,2
Aubagne,2
Arras,2
Aix-les-Bains,2
Aix-en-Provence,2
Agneaux,2
Zaragoza,2
Manresa,2
Milan,2
Cayenne,2
Sainte-Anne,2
Les Abymes,2
Quesada,2
Oklahoma City,2
Brooklyn,2
Mission Viejo,2
Santa Clara,2
N/A,2
Saint-Laurent,2
N/A,2
Bourgoin-Jallieu,2
Riyadh,1
Diyarbakır,1
Baku,1
Briceni,1
Bucharest,1
Sofia,1
Moroni,1
Curepipe,1
Saint-Pierre,1
Saint-Denis,1
Indore,1
Gorakhpur,1
Mumbai,1
Bengaluru,1
Omsk,1
Zhengzhou,1
Shenzhen,1
Anyang-si,1
Lolodorf,1
Luanda,1
Pointe-Noire,1
N/A,1
Faro,1
Gemena,1
Tenkodogo,1
Lokossa,1
Kandi,1
Niamey,1
Sousse,1
Monastir,1
Mahdia,1
Skikda,1
Sétif,1
Rouiba,1
Oran,1
Annaba,1
Valencia,1
Sevilla,1
Tiznit,1
Tétouan,1
Fès,1
El Jadid,1
