name,unique_entrances,total_entrances,visit_duration
/zh-cn/3/,1057,1109,167
/zh-cn/3/tutorial/index.html,691,740,176
/3/,468,476,453
/zh-cn/3.13/tutorial/index.html,171,183,251
/zh-cn/3/library/index.html,165,178,138
/zh-cn/3/tutorial/,165,179,169
/zh-cn/3/library/functions.html,117,123,237
/zh-cn/3.13/library/venv.html,100,104,58
/zh-cn/3/tutorial/controlflow.html,99,102,124
/zh-cn/3/library/turtle.html,84,86,41
/zh-cn/3.13/,83,91,257
/zh-cn/3/tutorial/interpreter.html,81,83,215
/zh-cn/3/tutorial/introduction.html,76,78,216
/zh-cn/3.12/using/index.html,71,71,103
/zh-cn/3.13/tutorial/controlflow.html,71,81,140
/zh-cn/3/reference/index.html,65,70,198
/zh-cn/3.13/tutorial/introduction.html,55,60,163
/zh-cn/3/library/math.html,55,66,101
/zh-cn/3.13/library/functions.html,53,55,261
/zh-cn/3.13/using/index.html,51,52,65
/zh-cn/3.13/tutorial/datastructures.html,49,51,233
/zh-cn/dev/using/mac.html,49,50,5
/3/tutorial/,48,48,401
/zh-cn/3/library/,47,51,68
/zh-cn/3/tutorial/datastructures.html,46,47,153
/zh-cn/3/index.html,44,45,235
/3/tutorial/index.html,43,43,565
/zh-cn/3/tutorial/appetite.html,43,43,365
/zh-cn/3.13/whatsnew/3.13.html,41,42,79
/zh-cn/3.13/tutorial/interpreter.html,40,42,78
/zh-cn/3.13/library/index.html,39,41,145
/zh-cn/3/glossary.html,39,43,434
/zh-cn/3/library/stdtypes.html,38,38,108
/zh-cn/3/using/windows.html,38,38,9
/zh-cn/3/library/multiprocessing.html,37,37,160
/zh-cn/3/library/venv.html,37,38,20
/3.13/tutorial/index.html,34,34,368
/zh-cn/3.13/library/stdtypes.html,34,37,539
/zh-cn/3.12/,32,32,211
/zh-cn/3.13/tutorial/classes.html,32,33,280
/zh-cn/3.13/tutorial/inputoutput.html,32,37,167
/zh-cn/3.12/using/mac.html,31,31,31
/zh-cn/3.13/installing/index.html,31,31,46
/zh-cn/3.13/tutorial/modules.html,31,33,221
/zh-cn/3//tutorial/index.html,31,32,124
/zh-cn/3/search.html,31,34,176
/zh-cn/3/download.html,30,31,98
/zh-cn/3.13/search.html,28,32,22
/zh-cn/3/library/re.html,28,32,17
/zh-cn/3/contents.html,27,27,160
/zh-cn/3/library/argparse.html,27,27,50
/zh-cn/3/whatsnew/3.13.html,27,27,75
/zh-cn/3.12/library/multiprocessing.html,26,26,95
/zh-cn/3.13/index.html,25,26,207
/zh-cn/3.13/using/android.html,25,26,61
/zh-cn/3.12/library/index.html,24,29,95
/zh-cn/3/tutorial/classes.html,24,25,122
/3.13/,23,23,497
/zh-cn/3.13/library/asyncio-task.html,23,23,130
/zh-cn/3/using/mac.html,23,23,4
/zh-cn/3.13/tutorial/,22,23,224
/zh-cn/3.13/using/windows.html,22,23,280
/zh-cn/3.13/tutorial/errors.html,21,23,135
/zh-cn/3/library/tk.html,21,23,332
/zh-cn/3/library/unittest.html,21,21,26
/zh-cn/3/tutorial/inputoutput.html,21,22,246
/zh-cn/3/tutorial/modules.html,21,21,291
/zh-cn/3.13/library/turtle.html,20,23,67
/zh-cn/3.13/reference/index.html,20,20,253
/zh-cn/3/library/typing.html,20,22,45
/zh-cn/3.13/using/,19,19,113
/zh-cn/3/library/idle.html,19,20,92
/zh-cn/3/library/logging.html,19,21,46
/3.13/tutorial/,18,18,435
/zh-cn/3.12/whatsnew/3.12.html,18,18,93
/zh-cn/3.13/glossary.html,18,19,146
/zh-cn/3/library/datetime.html,18,20,29
/zh-cn/3/using/index.html,18,18,18
/zh-cn/3.12/tutorial/index.html,17,19,57
/zh-cn/3.13/contents.html,17,18,234
/zh-cn/3.13/using/mac.html,17,18,4
/zh-cn/3/library/tkinter.html,17,17,123
/zh-cn/3/whatsnew/3.12.html,17,17,35
/zh-cn/3.13/library/concurrent.futures.html,16,16,16
/zh-cn/3.13/using/ios.html,16,16,13
/zh-cn/3/reference/datamodel.html,16,16,164
/zh-cn/3.13/library/logging.html,15,15,286
/zh-cn/3.13/library/re.html,15,15,196
/zh-cn/3.13/library/subprocess.html,15,15,1
/zh-cn/3.13/tutorial/appetite.html,15,15,164
/3/library/functions.html,14,14,360
/zh-cn/3/c-api/init_config.html,14,14,116
/zh-cn/3/library/collections.html,14,14,60
/zh-cn/3/library/os.html,14,16,132
/zh-cn/3/reference/compound_stmts.html,14,15,6
/zh-cn/3.13/library/threading.html,13,13,391
/zh-cn/3.13/library/tkinter.html,13,13,25
/zh-cn/3.14/whatsnew/3.14.html,13,15,42
/zh-cn/3/tutorial/stdlib.html,13,13,471
/3/library/tkinter.html,12,12,466
/zh-cn/3.12/tutorial/controlflow.html,12,14,65
/zh-cn/3.12/using/,12,12,27
/zh-cn/3.13/download.html,12,12,37
/zh-cn/3.13/library/asyncio.html,12,12,27
/zh-cn/3.13/library/os.html,12,13,151
/zh-cn/3.13/library/struct.html,12,16,25
/zh-cn/3/howto/regex.html,12,12,129
/zh-cn/3/reference/lexical_analysis.html,12,12,73
/zh-cn/3/tutorial/errors.html,12,15,187
/zh-cn/3.12/howto/argparse.html,11,11,24
/zh-cn/3.12/index.html,11,13,277
/zh-cn/3.12/library/functions.html,11,14,26
/zh-cn/3.12/library/pathlib.html,11,11,30
/zh-cn/3.12/library/typing.html,11,11,10
/zh-cn/3.13/tutorial/stdlib.html,11,11,633
/zh-cn/3.13/whatsnew/3.12.html,11,11,73
/zh-cn/3/installing/index.html,11,11,191
/zh-cn/3/library/random.html,11,13,9
/zh-cn/3/library/struct.html,11,11,0
/zh-cn/3/library/threading.html,11,12,377
/3.13/using/windows.html,10,10,214
/3/library/datetime.html,10,10,225
/3/library/index.html,10,10,681
/3/library/typing.html,10,10,126
/zh-cn/3.12/library/turtle.html,10,10,148
/zh-cn/3.13/library/argparse.html,10,11,296
/zh-cn/3.13/library/dataclasses.html,10,10,141
/zh-cn/3.13/library/math.html,10,10,362
/zh-cn/3.14/whatsnew/,10,11,161
/zh-cn/3/howto/argparse.html,10,11,0
/zh-cn/3/howto/sorting.html,10,10,208
/zh-cn/3/library/asyncio.html,10,11,22
/zh-cn/3/library/json.html,10,10,0
/zh-cn/3/library/subprocess.html,10,11,8
/3/library/multiprocessing.html,9,9,294
/3/library/venv.html,9,9,233
/zh-cn/3.12/library/dataclasses.html,9,11,0
/zh-cn/3.12/library/re.html,9,9,3
/zh-cn/3.13/library/http.server.html,9,9,112
/zh-cn/3.13/library/queue.html,9,9,227
/zh-cn/3.13/library/typing.html,9,9,10
/zh-cn/3.13/whatsnew/index.html,9,9,12
/zh-cn/3.14/library/index.html,9,9,106
/zh-cn/3/library/asyncio-task.html,9,9,105
/zh-cn/3/reference/introduction.html,9,9,186
/zh-cn/3/tutorial/venv.html,9,9,797
/zh-cn/dev/whatsnew/3.13.html,9,9,11
/3.12/,8,8,446
/3/library/logging.html,8,9,814
/zh-cn/3.12/library/asyncio.html,8,8,13
/zh-cn/3.12/reference/index.html,8,9,259
/zh-cn/3.13/library/collections.html,8,8,98
/zh-cn/3.13/library/copy.html,8,8,275
/zh-cn/3.13/library/exceptions.html,8,8,82
/zh-cn/3.13/library/multiprocessing.html,8,8,2
/zh-cn/3.13/library/shutil.html,8,8,0
/zh-cn/3.13/reference/datamodel.html,8,8,833
/zh-cn/3/extending/extending.html,8,11,299
/zh-cn/3/faq/windows.html,8,8,0
/zh-cn/3/library/sqlite3.html,8,8,311
/zh-cn/3/library/tracemalloc.html,8,8,0
/zh-cn/3/library/xml.etree.elementtree.html,8,8,0
/zh-cn/3/py-modindex.html,8,9,116
/zh-cn/3/reference/,8,8,200
/zh-cn/dev/using/,8,8,6
/3.13/index.html,7,7,134
/3/library/argparse.html,7,7,457
/3/library/concurrent.futures.html,7,7,255
/3/library/re.html,7,7,518
/zh-cn/3.12/library/asyncio-task.html,7,8,0
/zh-cn/3.12/library/gc.html,7,8,59
/zh-cn/3.12/library/subprocess.html,7,7,118
/zh-cn/3.12/library/threading.html,7,7,142
/zh-cn/3.12/library/unittest.html,7,7,2
/zh-cn/3.13//download.html,7,7,17
/zh-cn/3.13/library/decimal.html,7,8,281
/zh-cn/3.13/library/heapq.html,7,7,11
/zh-cn/3.13/library/tk.html,7,7,12
/zh-cn/3.13/library/xml.etree.elementtree.html,7,9,221
/zh-cn/3.13/reference/import.html,7,8,102
/zh-cn/3.13/reference/lexical_analysis.html,7,8,209
/zh-cn/3.13/tutorial/venv.html,7,7,308
/zh-cn/3/library/ast.html,7,7,120
/zh-cn/3/library/constants.html,7,7,83
/zh-cn/3/library/decimal.html,7,7,65
/zh-cn/3/library/importlib.html,7,7,80
/zh-cn/3/library/itertools.html,7,7,536
/zh-cn/3/library/sys.html,7,9,459
/zh-cn/3/library/tkinter.ttk.html,7,7,361
/zh-cn/3/library/unittest.mock-examples.html,7,7,21
/zh-cn/3/reference/expressions.html,7,7,0
/zh-cn/3/reference/simple_stmts.html,7,7,1
/zh-cn/dev/using/ios.html,7,7,46
/3.13/whatsnew/3.13.html,6,6,462
/3/glossary.html,6,6,544
/3/library/,6,6,204
/3/library/idle.html,6,6,98
/3/library/pickle.html,6,6,348
/3/library/stdtypes.html,6,6,599
/3/library/subprocess.html,6,6,365
/3/reference/index.html,6,6,422
/zh-cn/3.12/library/asyncio-runner.html,6,6,0
/zh-cn/3.12/library/concurrent.futures.html,6,6,0
/zh-cn/3.12/library/random.html,6,6,0
/zh-cn/3.12/library/venv.html,6,6,0
/zh-cn/3.12/search.html,6,11,377
/zh-cn/3.12/using/cmdline.html,6,6,1
/zh-cn/3.12/using/windows.html,6,7,116
/zh-cn/3.13/howto/logging.html,6,6,44
/zh-cn/3.13/howto/sorting.html,6,6,0
/zh-cn/3.13/library/,6,6,372
/zh-cn/3.13/library/__main__.html,6,6,9
/zh-cn/3.13/library/csv.html,6,6,33
/zh-cn/3.13/library/string.html,6,6,28
/zh-cn/3.13/library/time.html,6,6,35
/zh-cn/3.13/library/unittest.html,6,6,0
/zh-cn/3.13/tutorial/stdlib2.html,6,6,13
/zh-cn/3.13/using/cmdline.html,6,6,10
/zh-cn/3/c-api/index.html,6,6,302
/zh-cn/3/library/ctypes.html,6,6,26
/zh-cn/3/library/difflib.html,6,6,162
/zh-cn/3/library/pathlib.html,6,8,43
/zh-cn/3/library/time.html,6,6,291
/zh-cn/3/reference/executionmodel.html,6,6,295
/zh-cn/3/reference/import.html,6,6,0
/zh-cn/3/using/cmdline.html,6,6,549
/zh-cn/3/whatsnew/index.html,6,6,90
/3.12/tutorial/index.html,5,5,303
/3/download.html,5,5,293
/3/library/pathlib.html,5,5,649
/3/tutorial/modules.html,5,5,705
/3/tutorial/venv.html,5,6,255
/zh-cn/3.12/contents.html,5,5,313
/zh-cn/3.12/library/collections.html,5,6,64
/zh-cn/3.12/library/datetime.html,5,5,0
/zh-cn/3.12/library/exceptions.html,5,6,0
/zh-cn/3.12/library/heapq.html,5,5,23
/zh-cn/3.12/library/logging.html,5,5,39
/zh-cn/3.12/library/pprint.html,5,5,0
/zh-cn/3.12/library/stdtypes.html,5,5,218
/zh-cn/3.12/library/tempfile.html,5,5,353
/zh-cn/3.12/reference/datamodel.html,5,5,191
/zh-cn/3.12/tutorial/datastructures.html,5,5,357
/zh-cn/3.12/tutorial/interpreter.html,5,6,349
/zh-cn/3.13/installing/,5,5,60
/zh-cn/3.13/library/asyncio-eventloop.html,5,5,432
/zh-cn/3.13/library/http.client.html,5,5,0
/zh-cn/3.13/library/logging.config.html,5,5,38
/zh-cn/3.13/library/pdb.html,5,5,0
/zh-cn/3.13/library/zipfile.html,5,7,0
/zh-cn/3.13/reference/expressions.html,5,5,171
/zh-cn/3.13/reference/simple_stmts.html,5,6,8
/zh-cn/3.14/contents.html,5,5,209
/zh-cn/3.14/tutorial/introduction.html,5,5,722
/zh-cn/3/howto/enum.html,5,5,10
/zh-cn/3/howto/index.html,5,5,223
/zh-cn/3/howto/logging.html,5,5,0
/zh-cn/3/library/csv.html,5,6,6
/zh-cn/3/library/doctest.html,5,5,0
/zh-cn/3/library/enum.html,5,5,103
/zh-cn/3/library/http.server.html,5,5,107
/zh-cn/3/library/pdb.html,5,5,27
/zh-cn/3/library/socket.html,5,5,0
/zh-cn/3/library/string.html,5,5,280
/zh-cn/3/library/unittest.mock.html,5,5,0
/zh-cn/3/tutorial/stdlib2.html,5,5,180
/zh-cn/3/using/android.html,5,5,14
/3.14/whatsnew/3.14.html,4,4,1161
/3/extending/embedding.html,4,5,57
/3/index.html,4,4,82
/3/library/asyncio.html,4,4,550
/3/library/csv.html,4,4,640
/3/library/queue.html,4,4,603
/3/library/struct.html,4,4,3750
/3/library/unittest.html,4,4,561
/3/search.html,4,4,198
/3/tutorial/datastructures.html,4,4,638
/3/tutorial/interpreter.html,4,4,1377
/zh-cn/3.12/download.html,4,4,0
/zh-cn/3.12/installing/index.html,4,4,142
/zh-cn/3.12/library/__main__.html,4,4,0
/zh-cn/3.12/library/ctypes.html,4,4,10
/zh-cn/3.12/library/queue.html,4,4,0
/zh-cn/3.12/library/time.html,4,4,4
/zh-cn/3.12/library/xml.etree.elementtree.html,4,4,239
/zh-cn/3.12/tutorial/classes.html,4,4,2
/zh-cn/3.12/tutorial/modules.html,4,5,12
/zh-cn/3.13/howto/index.html,4,4,132
/zh-cn/3.13/howto/regex.html,4,4,278
/zh-cn/3.13/library/abc.html,4,4,26
/zh-cn/3.13/library/array.html,4,5,0
/zh-cn/3.13/library/contextlib.html,4,4,0
/zh-cn/3.13/library/ctypes.html,4,4,0
/zh-cn/3.13/library/datetime.html,4,4,85
/zh-cn/3.13/library/ftplib.html,4,4,4
/zh-cn/3.13/library/functools.html,4,4,153
/zh-cn/3.13/library/io.html,4,4,0
/zh-cn/3.13/library/ipaddress.html,4,4,0
/zh-cn/3.13/library/random.html,4,4,400
/zh-cn/3.13/library/sys_path_init.html,4,4,22
