name,visitors,bounce_rate,visit_duration
google.com,3391,80,129
Direct / None,2278,65,217
m.baidu.com,1812,76,23
bing.com,241,62,192
qiita.com,212,82,105
note.nkmk.me,181,92,33
google.co.jp,120,88,150
search.yahoo.co.jp,95,80,243
chatgpt.com,56,60,143
baidu.com,38,89,16
python.org,34,0,731
python.jp,33,58,118
baidu.com/link,25,92,57
moodle.s.kyushu-u.ac.jp,21,68,1290
m.baidu.com/s,18,89,4
utokyo-ipp.github.io,16,81,96
statics.teams.cdn.office.net,15,78,65
duckduckgo.com,12,75,391
github.com,8,67,136
chokkan.github.io,6,71,197
algo-method.com,4,50,271
business.algo-method.com,4,25,313
gemini.google.com,4,50,10
hitachigroup.okta.com,4,50,96
moodle.daiichi-koudai.ac.jp,4,25,1314
sck.aidemy.jp,4,75,6
sejuku.net,4,100,0
atcoder.jp,3,67,5
bitarrow.eplang.jp,3,100,0
copilot.microsoft.com,3,33,87
diver.diveintocode.jp,3,100,0
hatenablog-parts.com,3,100,0
jupyter.org,3,67,794
kirara-code.net,3,0,466
l.threads.com,3,100,0
python-izm.com,3,67,42
python.ambitious-engineer.com,3,100,0
teratail.com,3,100,0
translate.google.co.jp,3,67,120
vsv-amethyst.skygroup.local,3,0,1026
ai.azure.com,2,0,7
aiacademy.jp,2,100,0
atmarkit.itmedia.co.jp/ait/articles/1910/15/news018.html,2,50,18
blog.pyq.jp,2,50,32
cgi.search.biglobe.ne.jp,2,100,0
claude.ai,2,100,21
contents.j-school.ac,2,0,650
digipla.qh.toyota.co.jp,2,100,0
ecosia.org,2,100,0
facebook.com,2,100,0
github.com/pistatium/about_python_logging,2,100,0
kkai.info,2,0,1183
konicaminolta.aidemy.jp,2,100,0
lms.ealps.shinshu-u.ac.jp,2,67,334
m.baidu.com/from=1001192y/bd_page_type=1/ssid=0/uid=0/pu=usm%400%2Csz%401320_1001%2Cta%40iphone_2_10.0_28_16.0/baiduid=79CA043949A4BDCAA85AE117F6ECE6F5/w=0_10_/t=iphone/l=1/tc,2,100,0
m.baidu.com/from=1001192y/bd_page_type=1/ssid=0/uid=0/pu=usm%400%2Csz%401320_1001%2Cta%40iphone_2_12.0_28_16.0/baiduid=C53896E5FDA007E200F105300B66331D/w=0_10_/t=iphone/l=1/tc,2,100,0
m.baidu.com/from=1001703a/bd_page_type=1/ssid=0/uid=0/pu=usm%400%2Csz%401320_1001%2Cta%40iphone_2_11.0_18_40.8/baiduid=34E709A6663A3E24ED19269D680A35E1/w=0_10_/t=iphone/l=1/tc,2,0,7
m.baidu.com/from=1001703a/bd_page_type=1/ssid=0/uid=0/pu=usm%400%2Csz%401320_1001%2Cta%40iphone_2_14.0_18_40.9/baiduid=13FF84142FA38880B71EEBCB9C368BD4/w=0_10_/t=iphone/l=1/tc,2,50,3
m.baidu.com/from=1012852q/bd_page_type=1/ssid=0/uid=0/pu=usm%400%2Csz%401320_1004%2Cta%40iphone_2_13.0_11_18.9/baiduid=83FD7927B99778A732C15A76B38C3A31/w=0_10_/t=iphone/l=1/tc,2,0,226
m.baidu.com/from=1012852q/bd_page_type=1/ssid=0/uid=0/pu=usm%400%2Csz%401320_1004%2Cta%40iphone_2_15.0_11_19.6/baiduid=9A7849BB4D566BBF374F77831E6C856B/w=0_10_/t=iphone/l=1/tc,2,50,22
m.baidu.com/from=1019311v/bd_page_type=1/ssid=0/uid=0/pu=usm%400%2Csz%401320_1001%2Cta%40iphone_2_15.0_19_24.8/baiduid=7C697E324E08DFCE8D4FD492D18CBBA7/w=0_10_/t=iphone/l=1/tc,2,100,0
m.baidu.com/from=1019311v/bd_page_type=1/ssid=0/uid=0/pu=usm%400%2Csz%401320_1001%2Cta%40iphone_2__24_123.0/baiduid=5120C52D291B4A81AA62446F663BB1C5/w=0_10_/t=iphone/l=1/tc,2,50,338
m.baidu.com/from=1020761f/bd_page_type=1/ssid=0/uid=0/pu=usm%400%2Csz%401320_1001%2Cta%40iphone_2_11.0_19_24.6/baiduid=79E8FC276D7AEE48D8D4B889B76C00B1/w=0_10_/t=iphone/l=1/tc,2,100,0
m.baidu.com/from=1020761f/bd_page_type=1/ssid=0/uid=0/pu=usm%400%2Csz%401320_1001%2Cta%40iphone_2_8.1_19_25.0/baiduid=C30EFC3AB36FCFC4FD6C67F1B771E5D3/w=0_10_/t=iphone/l=1/tc,2,100,0
m.baidu.com/from=1020786r/bd_page_type=1/ssid=0/uid=0/pu=usm%400%2Csz%401320_1001%2Cta%40iphone_2_13.0_19_24.9/baiduid=872781548737A40E4F5124B6E6DB33C3/w=0_10_/t=iphone/l=1/tc,2,0,901
m.baidu.com/from=1020786s/bd_page_type=1/ssid=0/uid=0/pu=usm%400%2Csz%401320_1001%2Cta%40iphone_2_14.0_19_25.0/baiduid=3F4FED021F2ABE6513892A6AEA9DDE70/w=0_10_/t=iphone/l=1/tc,2,50,2
m.baidu.com/from=1021527e/bd_page_type=1/ssid=0/uid=0/pu=sz%401320_480%2Ccuid%400a2wijuA-il3i28W_aHR80Pq-a0AOvtj0a2Ti_aSBi8U9WPTrkvaOxm6A%2Ccua%40_avLC_an2f4qywoUfpw1z4uQ2N_-h2I5_uL5ixLqA%2Ccut%40ptLz8guSvh_XuLiEgIxFoIpfmoq6C%2Cosname%40baiduboxapp%2Cctv%402%2Ccfrom%401021527e%2Ccen%40cuid_cua_cut%2Cc3_aid%40A00-EJLNGUNA5B3SYMM5OBZD4VP5YV65D7RK-Y2EWIDKJ%2Ccsrc%40bdbox_tserch_txt%2Cvmgdb%400020100228y%2Cta%40zbios_2_12.0_24_97.0%2Cusm%401/baiduid=212DFD635E284712A04B4CD6516B78E8/w=0_10_/t=zbios/l=1/tc,2,50,2
m.baidu.com/from=1021611r/bd_page_type=1/ssid=0/uid=0/pu=usm%400%2Csz%401320_1001%2Cta%40iphone_2_12.0_24_114.0/baiduid=9F01212A689257433F12863D15B36CFE/w=0_10_/t=iphone/l=1/tc,2,100,0
m.baidu.com/from=1040455c/bd_page_type=1/ssid=0/uid=0/pu=sz%401320_480%2Ccuid%40jaSVa_aCHu_aiv85luvtalaYv8_xiva9gu28agapva84k28nJ9L6ObAAA%2Ccua%40gP2Oi4ao2ig4NE6lI5me6NN0-I_Uh2NlgN2wiAqSC%2Cosname%40baiduboxapp%2Cctv%402%2Ccfrom%401030738b%2Ccen%40cuid_cua%2Cc3_aid%40A00-DX2DB42AUO6O5XSNI4UKB6FRSIT74WRI-BTU72YRB%2Ccsrc%40app_mainbox_txt%2Cta%40iphone___31_9.1%2Cusm%400/baiduid=85E3C32BE11B92224FE3FA5B539A66DA/w=0_10_/t=iphone/l=1/tc,2,100,0
m.baidu.com/from=2001a/bd_page_type=1/ssid=0/uid=0/pu=usm%400%2Csz%401320_1003%2Cta%40iphone_2_12.0_1_17.7/baiduid=B8318B9DE114FE93AE51168B0B2EA3F3/w=0_10_/t=iphone/l=1/tc,2,0,23
m.youtube.com,2,0,190
marblerule.com/call-labview-dll-from-python,2,33,52
mazda.aidemy.jp,2,100,0
medium.com/lsc-psd/python%E3%81%AE%E6%96%87%E5%AD%97%E5%88%97-string-%E3%82%92%E6%8B%A1%E5%BC%B5%E3%81%99%E3%82%8Bf-r-u-b%E3%81%AB%E3%81%A4%E3%81%84%E3%81%A6-1b56eb260aaa,2,50,97
nlp.netlearning.co.jp,2,100,0
notion.so,2,67,8
office54.net,2,0,2054
oshiete.goo.ne.jp,2,0,922
perplexity.ai,2,50,720
pg-chain.com/python-entry-label,2,50,14
python.org/events,2,0,11
service.cloud.teu.ac.jp,2,33,330
service.smt.docomo.ne.jp/portal/search/web/result.html,2,100,0
techacademy.jp,2,100,0
thors-novels.seesaa.net,2,50,3
udemy.com,2,100,0
www5.learningpark.jp,2,100,0
wwwmain.h.kobe-u.ac.jp,2,100,0
yakupro.info,2,100,0
10.53.240.81,1,100,0
aisin.aidemy.jp,1,100,0
atmarkit.itmedia.co.jp/ait/articles/1904/09/news016.html,1,100,0
atmarkit.itmedia.co.jp/ait/articles/1907/12/news019.html,1,100,0
atmarkit.itmedia.co.jp/ait/articles/2302/21/news024.html,1,100,0
attack-on-fukukai.com/string-datetime,1,100,0
ayatalog.hatenablog.jp,1,0,12
blog.i-o.io,1,100,0
canon.aidemy.jp,1,100,0
club.informatix.co.jp,1,100,0
coin-or.github.io,1,0,2269
confluence.sie.sony.com,1,0,45
corgi-lab.com/programming/python/python3-join-thread,1,100,0
curict.com,1,100,0
demura.net/education/22656.html,1,100,0
dev.classmethod.jp,1,100,0
devdocs.io,1,0,262
docs.astral.sh,1,0,0
docs.google.com,1,100,0
dropbox.com,1,100,0
excel-ubara.com,1,100,0
gammasoft.jp,1,100,0
ghe.corp.yahoo.co.jp,1,100,0
hibiki-press.tech,1,0,319
hibiki-press.tech/python/shutil_copy_move_rmtree/1305,1,100,0
hibiki-press.tech/python/time-perf-counter/4595,1,0,92
hnsvzz9a.nabtesco.local,1,100,0
inetnf.auth,1,100,0
its.konami,1,0,817
jp.quora.com,1,0,188
jpc-onenote.officeapps.live.com,1,0,63
jpc-powerpoint.officeapps.live.com,1,100,0
js2iiu.com/2025/04/11/streamlit-st-write,1,100,0
kamiki.blog,1,100,0
kccs.aidemy.jp,1,100,0
kikagaku.ai,1,100,0
kitm365.sharepoint.com,1,100,0
knt60345blog.com,1,0,176
learn.microsoft.com,1,0,886
lms-wc.el.kanazawa-u.ac.jp,1,0,804
m.baidu.com/from=0/bd_page_type=1/ssid=0/uid=0/pu=sz%401320_1001%2Cta%40iphone_2_10.0_24_114.0%2Cusm%400/baiduid=973F7815ADCE2DE2790055A87FA25447/w=0_10_/t=iphone/l=1/tc,1,0,8
m.baidu.com/from=0/bd_page_type=1/ssid=0/uid=0/pu=sz%401320_1001%2Cta%40iphone_2_13.0_24_101.0%2Cusm%400/baiduid=2BE303ADA015FF37F5791125F1A02734/w=0_10_/t=iphone/l=1/tc,1,0,9
m.baidu.com/from=0/bd_page_type=1/ssid=0/uid=0/pu=usm%400%2Csz%401320_1001%2Cta%40iphone_2_13.0_24_103.0/baiduid=6C44315A520B96E57AF19D91EF514E82/w=0_10_/t=iphone/l=1/tc,1,0,93
m.baidu.com/from=0/bd_page_type=1/ssid=0/uid=0/pu=usm%400%2Csz%401320_1001%2Cta%40iphone_2_14.0_24_116.0/baiduid=DF56BE6315C5F461369E3ACFACFC5667/w=0_10_/t=iphone/l=1/tc,1,100,0
m.baidu.com/from=0/bd_page_type=1/ssid=0/uid=0/pu=usm%400%2Csz%401320_1001%2Cta%40iphone_2_14.0_24_122.0/baiduid=B7DD8285E31876C793E246696DD830E9/w=0_10_/t=iphone/l=1/tc,1,100,0
m.baidu.com/from=0/bd_page_type=1/ssid=0/uid=0/pu=vmgdb%400020100228y%2Csz%401320_1004%2Cusm%400/baiduid=73310C83C593BFC9A2A0ABBAA8ED4AE8/w=0_10_/t=zbios/l=1/tc,1,100,0
m.baidu.com/from=1000539d/bd_page_type=1/ssid=0/uid=0/pu=usm%401%2Csz%401320_2001%2Cta%40iphone_1_18.5_25_18.5/baiduid=A51AD3E94B28A100498F0FB2BCD99C75/w=0_10_/t=iphone/l=1/tc,1,100,0
m.baidu.com/from=1001192y/bd_page_type=1/ssid=0/uid=0/pu=sz%401320_1001%2Cta%40iphone_2_10.0_28_16.0%2Cusm%400/baiduid=0388DE9887F68DD58A5D1117868E5761/w=0_10_/t=iphone/l=1/tc,1,0,187
m.baidu.com/from=1001192y/bd_page_type=1/ssid=0/uid=0/pu=sz%401320_1001%2Cta%40iphone_2_10.0_28_16.0%2Cusm%400/baiduid=96C93539637C2EF3A0A7A5D8B09E4890/w=0_10_/t=iphone/l=1/tc,1,0,23
m.baidu.com/from=1001192y/bd_page_type=1/ssid=0/uid=0/pu=sz%401320_1001%2Cta%40iphone_2_10.0_28_16.0%2Cusm%400/baiduid=9CD933B203CB21C9C92A08F6F907F116/w=0_10_/t=iphone/l=1/tc,1,0,34
m.baidu.com/from=1001192y/bd_page_type=1/ssid=0/uid=0/pu=sz%401320_1001%2Cta%40iphone_2_12.0_28_16.0%2Cusm%400/baiduid=0927D158FF31AA15AD692F114F751D9A/w=0_10_/t=iphone/l=1/tc,1,0,8
m.baidu.com/from=1001192y/bd_page_type=1/ssid=0/uid=0/pu=sz%401320_1001%2Cta%40iphone_2_12.0_28_16.0%2Cusm%400/baiduid=2A3C4B408D8789A31EB09C2AA11C9DE9/w=0_10_/t=iphone/l=1/tc,1,100,0
m.baidu.com/from=1001192y/bd_page_type=1/ssid=0/uid=0/pu=sz%401320_1001%2Cta%40iphone_2_12.0_28_16.0%2Cusm%400/baiduid=61040144841D420421E0B245CF833D7E/w=0_10_/t=iphone/l=1/tc,1,0,3
m.baidu.com/from=1001192y/bd_page_type=1/ssid=0/uid=0/pu=sz%401320_1001%2Cta%40iphone_2_12.0_28_16.0%2Cusm%400/baiduid=A4C3235A644FCA8A3154C55C755B673B/w=0_10_/t=iphone/l=1/tc,1,0,1
m.baidu.com/from=1001192y/bd_page_type=1/ssid=0/uid=0/pu=sz%401320_1001%2Cta%40iphone_2_12.0_28_16.0%2Cusm%400/baiduid=AD2696CAC833CB16BC42FDBFA8BB40D4/w=0_10_/t=iphone/l=1/tc,1,0,2
m.baidu.com/from=1001192y/bd_page_type=1/ssid=0/uid=0/pu=sz%401320_1001%2Cta%40iphone_2_12.0_28_16.0%2Cusm%400/baiduid=B1B10D0AE1F44A453530EE262B46CCEC/w=0_10_/t=iphone/l=1/tc,1,0,1
m.baidu.com/from=1001192y/bd_page_type=1/ssid=0/uid=0/pu=sz%401320_1001%2Cta%40iphone_2_12.0_28_16.0%2Cusm%400/baiduid=B85FE9BB12E5BDDCE1537E9963E51B84/w=0_10_/t=iphone/l=1/tc,1,0,191
m.baidu.com/from=1001192y/bd_page_type=1/ssid=0/uid=0/pu=sz%401320_1001%2Cta%40iphone_2_12.0_28_16.0%2Cusm%400/baiduid=D59EF8D426CC959D840DD309C1245BE7/w=0_10_/t=iphone/l=1/tc,1,0,5
m.baidu.com/from=1001192y/bd_page_type=1/ssid=0/uid=0/pu=sz%401320_1001%2Cta%40iphone_2_12.0_28_16.0%2Cusm%400/baiduid=E53DAA53E08950C4C491BF0872EDC7F6/w=0_10_/t=iphone/l=1/tc,1,0,254
m.baidu.com/from=1001192y/bd_page_type=1/ssid=0/uid=0/pu=sz%401320_1001%2Cta%40iphone_2_12.0_28_16.0%2Cusm%401/baiduid=83EDC923C0E207C212E18FFE38CE3680/w=0_10_/t=iphone/l=1/tc,1,100,0
m.baidu.com/from=1001192y/bd_page_type=1/ssid=0/uid=0/pu=usm%400%2Csz%401320_1001%2Cta%40iphone_2_10.0_28_12.0/baiduid=542766ED418E3E39B92D63C1B120EA91/w=0_10_/t=iphone/l=1/tc,1,0,1
m.baidu.com/from=1001192y/bd_page_type=1/ssid=0/uid=0/pu=usm%400%2Csz%401320_1001%2Cta%40iphone_2_10.0_28_12.1/baiduid=D4CDB686189FE68D4038428E5885F16D/w=0_10_/t=iphone/l=1/tc,1,0,1
m.baidu.com/from=1001192y/bd_page_type=1/ssid=0/uid=0/pu=usm%400%2Csz%401320_1001%2Cta%40iphone_2_10.0_28_16.0/baiduid=0B64868CD2E75A7AB55BB6F958FA696C/w=0_10_/t=iphone/l=1/tc,1,0,749
m.baidu.com/from=1001192y/bd_page_type=1/ssid=0/uid=0/pu=usm%400%2Csz%401320_1001%2Cta%40iphone_2_10.0_28_16.0/baiduid=1EC52FD8E25366929A34080A974DC727/w=0_10_/t=iphone/l=1/tc,1,0,1
m.baidu.com/from=1001192y/bd_page_type=1/ssid=0/uid=0/pu=usm%400%2Csz%401320_1001%2Cta%40iphone_2_10.0_28_16.0/baiduid=411687F79CF44EE57708C2E399544DD6/w=0_10_/t=iphone/l=1/tc,1,100,0
m.baidu.com/from=1001192y/bd_page_type=1/ssid=0/uid=0/pu=usm%400%2Csz%401320_1001%2Cta%40iphone_2_10.0_28_16.0/baiduid=611493705742CDDD73538276BEEE4887/w=0_10_/t=iphone/l=1/tc,1,100,0
m.baidu.com/from=1001192y/bd_page_type=1/ssid=0/uid=0/pu=usm%400%2Csz%401320_1001%2Cta%40iphone_2_10.0_28_16.0/baiduid=79CA043949A4BDCAA85AE117F6ECE6F5/w=10_10_/t=iphone/l=1/tc,1,100,0
m.baidu.com/from=1001192y/bd_page_type=1/ssid=0/uid=0/pu=usm%400%2Csz%401320_1001%2Cta%40iphone_2_10.0_28_16.0/baiduid=83849C24DFB65A5A228511373223EBCD/w=0_10_/t=iphone/l=1/tc,1,100,0
m.baidu.com/from=1001192y/bd_page_type=1/ssid=0/uid=0/pu=usm%400%2Csz%401320_1001%2Cta%40iphone_2_10.0_28_16.0/baiduid=A453FC312935C4DCA3E9D2CB1511BACB/w=0_10_/t=iphone/l=1/tc,1,100,0
m.baidu.com/from=1001192y/bd_page_type=1/ssid=0/uid=0/pu=usm%400%2Csz%401320_1001%2Cta%40iphone_2_10.0_28_16.0/baiduid=A64DAA528F5053EB36A9B499EFB23C58/w=0_10_/t=iphone/l=1/tc,1,100,0
m.baidu.com/from=1001192y/bd_page_type=1/ssid=0/uid=0/pu=usm%400%2Csz%401320_1001%2Cta%40iphone_2_10.0_28_16.0/baiduid=A80FB4631285BAEC41EC48842C5D85DC/w=0_10_/t=iphone/l=1/tc,1,100,0
m.baidu.com/from=1001192y/bd_page_type=1/ssid=0/uid=0/pu=usm%400%2Csz%401320_1001%2Cta%40iphone_2_10.0_28_16.0/baiduid=EABAF6EE249715ACDF951449B58D28E9/w=0_10_/t=iphone/l=1/tc,1,0,0
m.baidu.com/from=1001192y/bd_page_type=1/ssid=0/uid=0/pu=usm%400%2Csz%401320_1001%2Cta%40iphone_2_12.0_28_12.0/baiduid=AE294C82F2E42EC57832BCA3E5005DC1/w=0_10_/t=iphone/l=1/tc,1,100,0
m.baidu.com/from=1001192y/bd_page_type=1/ssid=0/uid=0/pu=usm%400%2Csz%401320_1001%2Cta%40iphone_2_12.0_28_14.0/baiduid=D96FDE6301C55936D85FA501DFFB1B14/w=0_10_/t=iphone/l=1/tc,1,100,0
m.baidu.com/from=1001192y/bd_page_type=1/ssid=0/uid=0/pu=usm%400%2Csz%401320_1001%2Cta%40iphone_2_12.0_28_16.0/baiduid=0141A24F744014EC5D40EE0E2B727E8C/w=0_10_/t=iphone/l=1/tc,1,100,0
m.baidu.com/from=1001192y/bd_page_type=1/ssid=0/uid=0/pu=usm%400%2Csz%401320_1001%2Cta%40iphone_2_12.0_28_16.0/baiduid=16DD249DA16B61942C608271D36AB239/w=0_10_/t=iphone/l=1/tc,1,100,0
m.baidu.com/from=1001192y/bd_page_type=1/ssid=0/uid=0/pu=usm%400%2Csz%401320_1001%2Cta%40iphone_2_12.0_28_16.0/baiduid=34607356554EF821DF189DD1BD1E67D6/w=0_10_/t=iphone/l=1/tc,1,0,21
m.baidu.com/from=1001192y/bd_page_type=1/ssid=0/uid=0/pu=usm%400%2Csz%401320_1001%2Cta%40iphone_2_12.0_28_16.0/baiduid=3B10113DD5E745A0BC8F906ED32FF9D8/w=0_10_/t=iphone/l=1/tc,1,100,0
m.baidu.com/from=1001192y/bd_page_type=1/ssid=0/uid=0/pu=usm%400%2Csz%401320_1001%2Cta%40iphone_2_12.0_28_16.0/baiduid=46EB3E45EDA4BE811C5CA26922DB5AC1/w=0_10_/t=iphone/l=1/tc,1,0,0
m.baidu.com/from=1001192y/bd_page_type=1/ssid=0/uid=0/pu=usm%400%2Csz%401320_1001%2Cta%40iphone_2_12.0_28_16.0/baiduid=4B86CD296E998AC1DBBC26AC68919692/w=0_10_/t=iphone/l=1/tc,1,100,0
m.baidu.com/from=1001192y/bd_page_type=1/ssid=0/uid=0/pu=usm%400%2Csz%401320_1001%2Cta%40iphone_2_12.0_28_16.0/baiduid=4F2C77F23C2DF75073231CCA18BEE41C/w=0_10_/t=iphone/l=1/tc,1,0,3
m.baidu.com/from=1001192y/bd_page_type=1/ssid=0/uid=0/pu=usm%400%2Csz%401320_1001%2Cta%40iphone_2_12.0_28_16.0/baiduid=63A8649647B9F10A26D51A3EBDE90FBC/w=0_10_/t=iphone/l=1/tc,1,100,0
m.baidu.com/from=1001192y/bd_page_type=1/ssid=0/uid=0/pu=usm%400%2Csz%401320_1001%2Cta%40iphone_2_12.0_28_16.0/baiduid=68047F4F205208D1FC3C126C5FF93545/w=0_10_/t=iphone/l=1/tc,1,100,0
m.baidu.com/from=1001192y/bd_page_type=1/ssid=0/uid=0/pu=usm%400%2Csz%401320_1001%2Cta%40iphone_2_12.0_28_16.0/baiduid=683DFEE9B6FDC2C04337115E387D3F36/w=0_10_/t=iphone/l=1/tc,1,0,5
m.baidu.com/from=1001192y/bd_page_type=1/ssid=0/uid=0/pu=usm%400%2Csz%401320_1001%2Cta%40iphone_2_12.0_28_16.0/baiduid=6E163B7219AE7E9CED4A767B6201FF3A/w=0_10_/t=iphone/l=1/tc,1,0,1
m.baidu.com/from=1001192y/bd_page_type=1/ssid=0/uid=0/pu=usm%400%2Csz%401320_1001%2Cta%40iphone_2_12.0_28_16.0/baiduid=719434FC7A8866EF9EAB8B4512972055/w=0_10_/t=iphone/l=1/tc,1,100,0
m.baidu.com/from=1001192y/bd_page_type=1/ssid=0/uid=0/pu=usm%400%2Csz%401320_1001%2Cta%40iphone_2_12.0_28_16.0/baiduid=7B90B966A5FC937B4447B1D40BD14C52/w=0_10_/t=iphone/l=1/tc,1,0,1
m.baidu.com/from=1001192y/bd_page_type=1/ssid=0/uid=0/pu=usm%400%2Csz%401320_1001%2Cta%40iphone_2_12.0_28_16.0/baiduid=8D9AD8C0B4B0B58CB1CF2E8223A4B9CF/w=0_10_/t=iphone/l=1/tc,1,0,11
m.baidu.com/from=1001192y/bd_page_type=1/ssid=0/uid=0/pu=usm%400%2Csz%401320_1001%2Cta%40iphone_2_12.0_28_16.0/baiduid=9C8374949D609EA1224441CB3254C638/w=0_10_/t=iphone/l=1/tc,1,0,55
m.baidu.com/from=1001192y/bd_page_type=1/ssid=0/uid=0/pu=usm%400%2Csz%401320_1001%2Cta%40iphone_2_12.0_28_16.0/baiduid=A3A0E52E632E55594ACB23DA62779965/w=0_10_/t=iphone/l=1/tc,1,100,0
m.baidu.com/from=1001192y/bd_page_type=1/ssid=0/uid=0/pu=usm%400%2Csz%401320_1001%2Cta%40iphone_2_12.0_28_16.0/baiduid=A89BED86F6AA5F43182A6284A404ABFB/w=0_10_/t=iphone/l=1/tc,1,0,0
m.baidu.com/from=1001192y/bd_page_type=1/ssid=0/uid=0/pu=usm%400%2Csz%401320_1001%2Cta%40iphone_2_12.0_28_16.0/baiduid=A8BC5595F1A3E0CDF13F27B3304EF2C8/w=0_10_/t=iphone/l=1/tc,1,100,0
m.baidu.com/from=1001192y/bd_page_type=1/ssid=0/uid=0/pu=usm%400%2Csz%401320_1001%2Cta%40iphone_2_12.0_28_16.0/baiduid=B72468FAC18A70520C1C9F1AEEE52F49/w=0_10_/t=iphone/l=1/tc,1,100,0
m.baidu.com/from=1001192y/bd_page_type=1/ssid=0/uid=0/pu=usm%400%2Csz%401320_1001%2Cta%40iphone_2_12.0_28_16.0/baiduid=BDD737DEA4E98622524A79E30766AE35/w=0_10_/t=iphone/l=1/tc,1,100,0
m.baidu.com/from=1001192y/bd_page_type=1/ssid=0/uid=0/pu=usm%400%2Csz%401320_1001%2Cta%40iphone_2_12.0_28_16.0/baiduid=C87762E52539FC23AE3D02B34D5377E3/w=0_10_/t=iphone/l=1/tc,1,0,0
m.baidu.com/from=1001192y/bd_page_type=1/ssid=0/uid=0/pu=usm%400%2Csz%401320_1001%2Cta%40iphone_2_12.0_28_16.0/baiduid=D7BD69C8FAA234BB30742B98AA613557/w=0_10_/t=iphone/l=1/tc,1,100,0
m.baidu.com/from=1001192y/bd_page_type=1/ssid=0/uid=0/pu=usm%400%2Csz%401320_1001%2Cta%40iphone_2_13.0_28_15.0/baiduid=8A10A52F25C5C8E489C11AB41BEDBA61/w=0_10_/t=iphone/l=1/tc,1,0,0
m.baidu.com/from=1001192y/bd_page_type=1/ssid=0/uid=0/pu=usm%400%2Csz%401320_1001%2Cta%40iphone_2_9.0_28_16.0/baiduid=154D89A0D1ACC24D377B001B0617906A/w=0_10_/t=iphone/l=1/tc,1,100,0
m.baidu.com/from=1001192y/bd_page_type=1/ssid=0/uid=0/pu=usm%400%2Csz%401320_1001%2Cta%40iphone_2_9.0_28_16.0/baiduid=3BD020D48B32D27C300319E483D15AAD/w=0_10_/t=iphone/l=1/tc,1,100,0
m.baidu.com/from=1001192y/bd_page_type=1/ssid=0/uid=0/pu=usm%400%2Csz%401320_220%2Cta%40iphone___24_114.0/baiduid=B3677B78E78614D33B485F340B151546/w=0_10_/t=iphone/l=1/tc,1,100,0
m.baidu.com/from=1001192y/bd_page_type=1/ssid=0/uid=0/pu=usm%400%2Csz%401320_220%2Cta%40iphone___24_114.0/baiduid=E63048FFBF1EF05BDEEBC3F7D6DE6283/w=0_10_/t=iphone/l=1/tc,1,100,0
m.baidu.com/from=1001192y/bd_page_type=1/ssid=0/uid=0/pu=usm%401%2Csz%401320_1001%2Cta%40iphone_2_10.0_28_16.0/baiduid=3E0D50842B9D942FF3806E1548B97C7F/w=0_10_/t=iphone/l=1/tc,1,100,0
m.baidu.com/from=1001192y/bd_page_type=1/ssid=0/uid=0/pu=usm%401%2Csz%401320_1001%2Cta%40iphone_2_12.0_28_16.0/baiduid=6A7695E0335F7B95346E61335E9726E4/w=40_10_/t=iphone/l=1/tc,1,100,0
m.baidu.com/from=1001703a/bd_page_type=1/ssid=0/uid=0/pu=sz%401320_1001%2Cta%40iphone_2_12.0_18_40.9%2Cusm%400/baiduid=56468B1376ECD85A54744E7576805260/w=0_10_/t=iphone/l=1/tc,1,100,0
m.baidu.com/from=1001703a/bd_page_type=1/ssid=0/uid=0/pu=sz%401320_1001%2Cta%40iphone_2_14.0_18_40.9%2Cusm%400/baiduid=3C81263E573506B5491557EF8666525E/w=0_10_/t=iphone/l=1/tc,1,100,0
m.baidu.com/from=1001703a/bd_page_type=1/ssid=0/uid=0/pu=sz%401320_1001%2Cta%40iphone_2_9.0_18_20.9%2Cusm%400/baiduid=24D451AB962656F87F4AA954ABAA9862/w=0_10_/t=iphone/l=1/tc,1,100,0
m.baidu.com/from=1001703a/bd_page_type=1/ssid=0/uid=0/pu=sz%401320_480%2Ccuid%40luH9igu8280rivfg_82y8YaS28_QuH8kli26tlP_vaK9LqqqB%2Ccua%40_avLC_an2i4qywoUfpw1z4aLXizpuL8bxLqqC%2Ccut%40J83JP_ujL8gjN2iS4t1HR8qEC%2Cosname%40baiduboxapp%2Cctv%402%2Ccfrom%40757b%2Ccen%40cuid_cua_cut%2Cosbranch%40a2%2Ccsrc%40app_mainbox_txt%2Cta%40iphone_2_11.0_24_90.0%2Cusm%400/baiduid=F9AF8FB5B39F2C7043723CC167E6CA2E/w=0_10_/t=iphone/l=1/tc,1,0,327
m.baidu.com/from=1001703a/bd_page_type=1/ssid=0/uid=0/pu=usm%400%2Csz%401320_1001%2Cta%40ins_2_12.0_18_40.9/baiduid=5C4A55126345529A53F123DC224F2E99/w=0_10_/t=zbios/l=1/tc,1,100,0
m.baidu.com/from=1001703a/bd_page_type=1/ssid=0/uid=0/pu=usm%400%2Csz%401320_1001%2Cta%40ins_2_14.0_18_40.9/baiduid=78A031A80B8E6084D09E60BA18CC94B6/w=0_10_/t=zbios/l=1/tc,1,100,0
m.baidu.com/from=1001703a/bd_page_type=1/ssid=0/uid=0/pu=usm%400%2Csz%401320_1001%2Cta%40iphone_2_10.0_18_40.9/baiduid=0B1C139D5B1255EB86C5D89A72157366/w=0_10_/t=iphone/l=1/tc,1,0,39
m.baidu.com/from=1001703a/bd_page_type=1/ssid=0/uid=0/pu=usm%400%2Csz%401320_1001%2Cta%40iphone_2_10.0_18_40.9/baiduid=72D89BE130854565DAABE3F98B3C0E76/w=0_10_/t=iphone/l=1/tc,1,100,0
m.baidu.com/from=1001703a/bd_page_type=1/ssid=0/uid=0/pu=usm%400%2Csz%401320_1001%2Cta%40iphone_2_10.0_18_40.9/baiduid=956F91D9583128596F0A2E7C49B277C5/w=0_10_/t=iphone/l=1/tc,1,100,0
m.baidu.com/from=1001703a/bd_page_type=1/ssid=0/uid=0/pu=usm%400%2Csz%401320_1001%2Cta%40iphone_2_11.0_18_40.8/baiduid=27B21740E549E955C2AC0F5C3D3703CE/w=0_10_/t=iphone/l=1/tc,1,0,3
m.baidu.com/from=1001703a/bd_page_type=1/ssid=0/uid=0/pu=usm%400%2Csz%401320_1001%2Cta%40iphone_2_11.0_18_40.8/baiduid=C0F8DA2241C03C367D2E9B55077FD2A9/w=0_10_/t=iphone/l=1/tc,1,100,0
m.baidu.com/from=1001703a/bd_page_type=1/ssid=0/uid=0/pu=usm%400%2Csz%401320_1001%2Cta%40iphone_2_11.0_18_40.9/baiduid=2971F3733C1FC3DDDDB0E866B767122B/w=0_10_/t=iphone/l=1/tc,1,100,0
m.baidu.com/from=1001703a/bd_page_type=1/ssid=0/uid=0/pu=usm%400%2Csz%401320_1001%2Cta%40iphone_2_11.0_18_40.9/baiduid=5A7DD5F175A089A5757B909882330EC7/w=0_10_/t=iphone/l=1/tc,1,0,988
m.baidu.com/from=1001703a/bd_page_type=1/ssid=0/uid=0/pu=usm%400%2Csz%401320_1001%2Cta%40iphone_2_12.0_18_40.9/baiduid=308434AFCB824316B52A6F5980668C64/w=0_10_/t=iphone/l=1/tc,1,100,0
m.baidu.com/from=1001703a/bd_page_type=1/ssid=0/uid=0/pu=usm%400%2Csz%401320_1001%2Cta%40iphone_2_12.0_18_40.9/baiduid=4126952A8CA93A390A75E37FB62EE755/w=0_10_/t=iphone/l=1/tc,1,100,0
m.baidu.com/from=1001703a/bd_page_type=1/ssid=0/uid=0/pu=usm%400%2Csz%401320_1001%2Cta%40iphone_2_13.0_18_40.8/baiduid=61FF2FF90975C7D5A2A0F5AB3D4BE963/w=0_10_/t=iphone/l=1/tc,1,100,0
m.baidu.com/from=1001703a/bd_page_type=1/ssid=0/uid=0/pu=usm%400%2Csz%401320_1001%2Cta%40iphone_2_13.0_18_40.9/baiduid=052AA83288C239E74DA69DDB75AFF5DA/w=0_10_/t=iphone/l=1/tc,1,100,0
m.baidu.com/from=1001703a/bd_page_type=1/ssid=0/uid=0/pu=usm%400%2Csz%401320_1001%2Cta%40iphone_2_13.0_18_40.9/baiduid=56DF66BA0EDB8463A0B0B7D93F90A1B6/w=0_10_/t=iphone/l=1/tc,1,100,0
m.baidu.com/from=1001703a/bd_page_type=1/ssid=0/uid=0/pu=usm%400%2Csz%401320_1001%2Cta%40iphone_2_13.0_18_40.9/baiduid=8450C9BC4F954EE468CE987403AF1D4E/w=0_10_/t=iphone/l=1/tc,1,100,0
m.baidu.com/from=1001703a/bd_page_type=1/ssid=0/uid=0/pu=usm%400%2Csz%401320_1001%2Cta%40iphone_2_13.0_18_40.9/baiduid=86997446ACAA1DD65273765740D625FD/w=0_10_/t=iphone/l=1/tc,1,100,0
m.baidu.com/from=1001703a/bd_page_type=1/ssid=0/uid=0/pu=usm%400%2Csz%401320_1001%2Cta%40iphone_2_13.0_18_40.9/baiduid=9B8ED52822C0EA991F75B5174DD146E2/w=0_10_/t=iphone/l=1/tc,1,0,18
m.baidu.com/from=1001703a/bd_page_type=1/ssid=0/uid=0/pu=usm%400%2Csz%401320_1001%2Cta%40iphone_2_13.0_18_40.9/baiduid=DD2DEFF502787234821C9BEFA6AA4E76/w=0_10_/t=iphone/l=1/tc,1,100,0
m.baidu.com/from=1001703a/bd_page_type=1/ssid=0/uid=0/pu=usm%400%2Csz%401320_1001%2Cta%40iphone_2_14.0_18_40.9/baiduid=75896DB835FEDC38BF5E315533FAD91B/w=0_10_/t=iphone/l=1/tc,1,100,0
m.baidu.com/from=1001703a/bd_page_type=1/ssid=0/uid=0/pu=usm%400%2Csz%401320_1001%2Cta%40iphone_2_14.0_18_40.9/baiduid=BFB8501152BA5013E7E42A36D72A8176/w=0_10_/t=iphone/l=1/tc,1,100,0
m.baidu.com/from=1001703a/bd_page_type=1/ssid=0/uid=0/pu=usm%400%2Csz%401320_1001%2Cta%40iphone_2_14.0_18_40.9/baiduid=C1D80B510278DB56F632BB80BFF322C7/w=0_10_/t=iphone/l=1/tc,1,100,0
m.baidu.com/from=1001703a/bd_page_type=1/ssid=0/uid=0/pu=usm%400%2Csz%401320_1001%2Cta%40iphone_2_15.0_18_40.9/baiduid=8D117D14F134235C0C960E6D192133C4/w=0_10_/t=iphone/l=1/tc,1,100,0
m.baidu.com/from=1001703a/bd_page_type=1/ssid=0/uid=0/pu=usm%400%2Csz%401320_1001%2Cta%40iphone_2_15.0_18_40.9/baiduid=A504AE3F681EBD700B517D2F35A0B149/w=0_10_/t=iphone/l=1/tc,1,100,0
m.baidu.com/from=1001703a/bd_page_type=1/ssid=0/uid=0/pu=usm%400%2Csz%401320_1001%2Cta%40iphone_2_15.0_18_40.9/baiduid=A55E29821F063C7E0A630965DD9F960B/w=0_10_/t=iphone/l=1/tc,1,100,0
m.baidu.com/from=1001703a/bd_page_type=1/ssid=0/uid=0/pu=usm%400%2Csz%401320_1001%2Cta%40iphone_2_15.0_18_40.9/baiduid=D3E7B7A3240CA13DC24E750A546E55B8/w=0_10_/t=iphone/l=1/tc,1,100,0
m.baidu.com/from=1001703a/bd_page_type=1/ssid=0/uid=0/pu=usm%400%2Csz%401320_1001%2Cta%40iphone_2_15.0_18_40.9/baiduid=FF624623797DC2B3088214A8489B34C3/w=0_10_/t=iphone/l=1/tc,1,0,4
m.baidu.com/from=1001703a/bd_page_type=1/ssid=0/uid=0/pu=usm%400%2Csz%401320_1001%2Cta%40iphone_2_6.0_18_10.8/baiduid=971D9D12498E79D7D4887A4EB77CCBE2/w=0_10_/t=iphone/l=1/tc,1,0,10
m.baidu.com/from=1001703a/bd_page_type=1/ssid=0/uid=0/pu=usm%400%2Csz%401320_1001%2Cta%40iphone_2_7.1_18_10.8/baiduid=8780EDC89F47F0FB96FC4EA63676CC62/w=0_10_/t=iphone/l=1/tc,1,100,0
m.baidu.com/from=1001703a/bd_page_type=1/ssid=0/uid=0/pu=usm%400%2Csz%401320_1001%2Cta%40iphone_2_7.1_18_10.8/baiduid=E072CBB3A53C8F8EFF6E249B4AC7AC6C/w=0_10_/t=iphone/l=1/tc,1,100,0
m.baidu.com/from=1001703a/bd_page_type=1/ssid=0/uid=0/pu=usm%400%2Csz%401320_1001%2Cta%40iphone_2_8.1_18_10.8/baiduid=4F2E654AF3207511576BDFEC72B61B3B/w=0_10_/t=iphone/l=1/tc,1,0,208
m.baidu.com/from=1001703a/bd_page_type=1/ssid=0/uid=0/pu=usm%400%2Csz%401320_1001%2Cta%40iphone_2_8.1_18_10.9/baiduid=28E1FFC3079E4B5462A51C0EFD274B71/w=0_10_/t=iphone/l=1/tc,1,100,0
m.baidu.com/from=1001703a/bd_page_type=1/ssid=0/uid=0/pu=usm%400%2Csz%401320_1001%2Cta%40iphone_2_8.1_18_10.9/baiduid=B04BD108ABD93C0A329AD8AADFBB6309/w=0_10_/t=iphone/l=1/tc,1,100,0
m.baidu.com/from=1001703a/bd_page_type=1/ssid=0/uid=0/pu=usm%400%2Csz%401320_1001%2Cta%40iphone_2_8.1_18_4.7/baiduid=C83C1433BAB13DFEE71B5C84F1AAA9F4/w=0_10_/t=iphone/l=1/tc,1,100,0
m.baidu.com/from=1001703a/bd_page_type=1/ssid=0/uid=0/pu=usm%400%2Csz%401320_220%2Cta%40iphone___18_40.9/baiduid=899E40163E4EBE01AB749315B8F0E2E7/w=0_10_/t=iphone/l=1/tc,1,100,0
m.baidu.com/from=1001703a/bd_page_type=1/ssid=0/uid=0/pu=usm%401%2Csz%401320_1001%2Cta%40ins_2_14.0_18_40.9/baiduid=78A031A80B8E6084D09E60BA18CC94B6/w=0_10_/t=zbios/l=1/tc,1,100,0
m.baidu.com/from=1001703a/bd_page_type=1/ssid=0/uid=0/pu=usm%401%2Csz%401320_1001%2Cta%40ins_2_15.0_18_40.9/baiduid=B11B4DA11161AA6852BCFC05828B8EA4/w=0_10_/t=zbios/l=1/tc,1,0,445
m.baidu.com/from=1001703a/bd_page_type=1/ssid=0/uid=0/pu=usm%401%2Csz%401320_1001%2Cta%40iphone_2_10.0_18_40.7/baiduid=BF3CB47A1C6B3B6584F2DD7CE9B0F935/w=0_10_/t=iphone/l=1/tc,1,100,0
m.baidu.com/from=1001703a/bd_page_type=1/ssid=0/uid=0/pu=usm%401%2Csz%401320_1001%2Cta%40iphone_2_14.0_18_40.9/baiduid=EEABCF2ABA500F0282EB53C3B26A57A3/w=0_10_/t=iphone/l=1/tc,1,100,0
m.baidu.com/from=1001703a/bd_page_type=1/ssid=0/uid=0/pu=usm%401%2Csz%401320_1001%2Cta%40iphone_2_15.0_18_40.9/baiduid=1AC5D59DC193CA6532B2EAB411A07B69/w=0_10_/t=iphone/l=1/tc,1,100,0
m.baidu.com/from=1001703a/bd_page_type=1/ssid=0/uid=0/pu=usm%401%2Csz%401320_220%2Cta%40iphone___18_40.9/baiduid=D98A1B951ED2CE182791313BD91F5FE3/w=10_10_/t=iphone/l=1/tc,1,100,0
m.baidu.com/from=1001703y/bd_page_type=1/ssid=0/uid=0/pu=usm%400%2Csz%401320_1001%2Cta%40iphone_2_7.1_18_10.7/baiduid=187AABAB62CEC28FAD446336F52DABEF/w=0_10_/t=iphone/l=1/tc,1,100,0
m.baidu.com/from=1012852q/bd_page_type=1/ssid=0/uid=0/pu=sz%401320_1004%2Cta%40iphone_2_10.0_11_19.5%2Cusm%400/baiduid=DF84449AFBC0A11FD96E409E074AD21D/w=0_10_/t=iphone/l=1/tc,1,100,0
m.baidu.com/from=1012852q/bd_page_type=1/ssid=0/uid=0/pu=sz%401320_1004%2Cta%40iphone_2_10.0_11_19.6%2Cusm%400/baiduid=E5B4C1C7FB63B6F693621218E22DFA45/w=0_10_/t=iphone/l=1/tc,1,100,0
m.baidu.com/from=1012852q/bd_page_type=1/ssid=0/uid=0/pu=sz%401320_1004%2Cta%40iphone_2_11.0_11_19.5%2Cusm%400/baiduid=60542F5D267D8448DA3C5EFCFD82931E/w=0_10_/t=iphone/l=1/tc,1,100,0
m.baidu.com/from=1012852q/bd_page_type=1/ssid=0/uid=0/pu=sz%401320_1004%2Cta%40iphone_2_11.0_11_19.6%2Cusm%400/baiduid=609787CF00ECCEB6C66968C963A508D2/w=0_10_/t=iphone/l=1/tc,1,100,0
m.baidu.com/from=1012852q/bd_page_type=1/ssid=0/uid=0/pu=sz%401320_1004%2Cta%40iphone_2_11.0_11_19.6%2Cusm%400/baiduid=F9478E8E7A2A4EA1AE7A42B4ADB76E37/w=0_10_/t=iphone/l=1/tc,1,100,0
m.baidu.com/from=1012852q/bd_page_type=1/ssid=0/uid=0/pu=sz%401320_1004%2Cta%40iphone_2_12.0_11_19.5%2Cusm%400/baiduid=C1A0B2772A74452DC67A90102AACF167/w=0_10_/t=iphone/l=1/tc,1,100,0
m.baidu.com/from=1012852q/bd_page_type=1/ssid=0/uid=0/pu=sz%401320_1004%2Cta%40iphone_2_13.0_11_19.6%2Cusm%400/baiduid=E12A56557A59490FBC9C2874A4D462C8/w=0_10_/t=iphone/l=1/tc,1,100,0
m.baidu.com/from=1012852q/bd_page_type=1/ssid=0/uid=0/pu=sz%401320_1004%2Cta%40iphone_2_14.0_11_19.6%2Cusm%400/baiduid=9F567612CF12A3531FA22704E977ED15/w=0_10_/t=iphone/l=1/tc,1,100,0
m.baidu.com/from=1012852q/bd_page_type=1/ssid=0/uid=0/pu=sz%401320_1004%2Cta%40iphone_2_15.0_11_19.6%2Cusm%400/baiduid=A4669883D1B5054EB677FB6D731147FC/w=0_10_/t=iphone/l=1/tc,1,100,0
m.baidu.com/from=1012852q/bd_page_type=1/ssid=0/uid=0/pu=sz%401320_220%2Cta%40iphone___11_19.2%2Cusm%400/baiduid=C8160A17A7F773FF226A651AC765D7E1/w=0_10_/t=iphone/l=1/tc,1,100,0
m.baidu.com/from=1012852q/bd_page_type=1/ssid=0/uid=0/pu=sz%401320_220%2Cta%40iphone___11_19.6%2Cusm%400/baiduid=E468A72263200B2B8F0EF97059CC70FC/w=0_10_/t=iphone/l=1/tc,1,100,0
m.baidu.com/from=1012852q/bd_page_type=1/ssid=0/uid=0/pu=sz%401320_220%2Cta%40iphone___11_19.6%2Cusm%400/baiduid=F881420FC319F22066794B62EB97E7B3/w=0_10_/t=iphone/l=1/tc,1,100,0
m.baidu.com/from=1012852q/bd_page_type=1/ssid=0/uid=0/pu=usm%400%2Csz%401320_1004%2Cta%40iphone_2_10.0_11_12.7/baiduid=4FCC8EA844280F165DD6B81EAE75728F/w=0_10_/t=iphone/l=1/tc,1,0,53
m.baidu.com/from=1012852q/bd_page_type=1/ssid=0/uid=0/pu=usm%400%2Csz%401320_1004%2Cta%40iphone_2_10.0_11_18.5/baiduid=2FD90725590F46DC6EBF25C40EB0CBC1/w=0_10_/t=iphone/l=1/tc,1,100,0
m.baidu.com/from=1012852q/bd_page_type=1/ssid=0/uid=0/pu=usm%400%2Csz%401320_1004%2Cta%40iphone_2_10.0_11_19.6/baiduid=52D38EF6161D1B7B243499BC9D1C42DF/w=0_10_/t=iphone/l=1/tc,1,100,0
m.baidu.com/from=1012852q/bd_page_type=1/ssid=0/uid=0/pu=usm%400%2Csz%401320_1004%2Cta%40iphone_2_10.0_11_19.6/baiduid=DB99830B395C61AEAF827E22D0CD1EF0/w=10_10_/t=iphone/l=1/tc,1,100,0
m.baidu.com/from=1012852q/bd_page_type=1/ssid=0/uid=0/pu=usm%400%2Csz%401320_1004%2Cta%40iphone_2_12.0_11_16.9/baiduid=C5CBAB55E9ADEEE833D6007E8F611E9D/w=0_10_/t=iphone/l=1/tc,1,100,0
m.baidu.com/from=1012852q/bd_page_type=1/ssid=0/uid=0/pu=usm%400%2Csz%401320_1004%2Cta%40iphone_2_13.0_11_19.6/baiduid=DA4547C3012D17AA2F5D674D39F6679A/w=0_10_/t=iphone/l=1/tc,1,100,0
m.baidu.com/from=1012852q/bd_page_type=1/ssid=0/uid=0/pu=usm%400%2Csz%401320_1004%2Cta%40iphone_2_14.0_11_18.2/baiduid=C67D5B3CBB5B68D9B56394AD2DFA6574/w=0_10_/t=iphone/l=1/tc,1,100,0
m.baidu.com/from=1012852q/bd_page_type=1/ssid=0/uid=0/pu=usm%400%2Csz%401320_1004%2Cta%40iphone_2_14.0_11_19.3/baiduid=AECA1CE4FE73572DEF2EFB29E469DA9B/w=0_10_/t=iphone/l=1/tc,1,100,0
m.baidu.com/from=1012852q/bd_page_type=1/ssid=0/uid=0/pu=usm%400%2Csz%401320_1004%2Cta%40iphone_2_14.0_11_19.5/baiduid=91FC6C396CCEA47A79274C03553EA282/w=0_10_/t=iphone/l=1/tc,1,100,0
m.baidu.com/from=1012852q/bd_page_type=1/ssid=0/uid=0/pu=usm%400%2Csz%401320_1004%2Cta%40iphone_2_14.0_11_19.6/baiduid=1212E4DE82B8696E3D2DF59F2AC931DF/w=0_10_/t=iphone/l=1/tc,1,0,5
m.baidu.com/from=1012852q/bd_page_type=1/ssid=0/uid=0/pu=usm%400%2Csz%401320_1004%2Cta%40iphone_2_14.0_11_19.6/baiduid=90C64C14AC9B5037A827D51BCEE8A852/w=0_10_/t=iphone/l=1/tc,1,100,0
m.baidu.com/from=1012852q/bd_page_type=1/ssid=0/uid=0/pu=usm%400%2Csz%401320_1004%2Cta%40iphone_2_14.0_11_19.6/baiduid=D0E8C8698742F1C82F0D581BD0F2C2B5/w=0_10_/t=iphone/l=1/tc,1,0,91
m.baidu.com/from=1012852q/bd_page_type=1/ssid=0/uid=0/pu=usm%400%2Csz%401320_1004%2Cta%40iphone_2_14.0_11_19.6/baiduid=E181A5CF2A5C066ED238B467A6CB030F/w=0_10_/t=iphone/l=1/tc,1,100,0
m.baidu.com/from=1012852q/bd_page_type=1/ssid=0/uid=0/pu=usm%400%2Csz%401320_1004%2Cta%40iphone_2_15.0_11_19.1/baiduid=01EF582F75488984CC16FEA7B143240C/w=0_10_/t=iphone/l=1/tc,1,100,0
m.baidu.com/from=1012852q/bd_page_type=1/ssid=0/uid=0/pu=usm%400%2Csz%401320_1004%2Cta%40iphone_2_15.0_11_19.6/baiduid=B87B3EE3EC4DC22933C35CE264496D50/w=0_10_/t=iphone/l=1/tc,1,0,10
m.baidu.com/from=1012852q/bd_page_type=1/ssid=0/uid=0/pu=usm%400%2Csz%401320_1004%2Cta%40iphone_2_7.1_11_17.4/baiduid=935CE752A855FC452C43D712FCD893E4/w=0_10_/t=iphone/l=1/tc,1,100,0
m.baidu.com/from=1012852q/bd_page_type=1/ssid=0/uid=0/pu=usm%400%2Csz%401320_1004%2Cta%40iphone_2_9.0_11_11.0/baiduid=1597A4EF5DD620E29C8D4B5827B98984/w=0_10_/t=iphone/l=1/tc,1,0,793
m.baidu.com/from=1012852q/bd_page_type=1/ssid=0/uid=0/pu=usm%400%2Csz%401320_1004%2Cta%40iphone_2_9.0_11_19.6/baiduid=0B59C586192A91FFCCC395727DDCA34F/w=0_10_/t=iphone/l=1/tc,1,0,33
m.baidu.com/from=1012852q/bd_page_type=1/ssid=0/uid=0/pu=usm%401%2Csz%401320_1004%2Cta%40iphone_2_14.0_11_19.7/baiduid=1F50A6589801639F6EE6BE0C5399D3F5/w=0_10_/t=iphone/l=1/tc,1,100,0
m.baidu.com/from=1012852q/bd_page_type=1/ssid=0/uid=0/pu=usm%401%2Csz%401320_1004%2Cta%40iphone_2_15.0_11_19.6/baiduid=0EB124D00B8AFF907303AC52BF006592/w=0_10_/t=iphone/l=1/tc,1,100,0
m.baidu.com/from=1012852q/bd_page_type=1/ssid=0/uid=0/pu=usm%401%2Csz%401320_1004%2Cta%40iphone_2_9.0_11_11.0/baiduid=1597A4EF5DD620E29C8D4B5827B98984/w=0_10_/t=iphone/l=1/tc,1,100,0
m.baidu.com/from=1012852s/bd_page_type=1/ssid=0/uid=0/pu=usm%400%2Csz%401320_1004%2Cta%40iphone_2_15.0_11_19.5/baiduid=9B9663052DD34872E74CCA2B5CB31450/w=0_10_/t=iphone/l=1/tc,1,100,0
m.baidu.com/from=1013672b/bd_page_type=1/ssid=0/uid=0/pu=sz%401320_1004%2Cta%40iphone_2_10.0_11_18.5%2Cusm%400/baiduid=2FD90725590F46DC6EBF25C40EB0CBC1/w=0_10_/t=iphone/l=1/tc,1,100,0
m.baidu.com/from=1013672b/bd_page_type=1/ssid=0/uid=0/pu=sz%401320_220%2Cta%40iphone___11_19.6%2Cusm%400/baiduid=D2340D378AA751E697B823D3D12A00B4/w=0_10_/t=iphone/l=1/tc,1,0,32
m.baidu.com/from=1013672g/bd_page_type=1/ssid=0/uid=0/pu=sz%401320_1004%2Cta%40iphone_2_14.0_11_19.6%2Cusm%400/baiduid=4EDCCB413389CB0AAF6320F98CF30A4F/w=0_10_/t=iphone/l=1/tc,1,100,0
m.baidu.com/from=1013672g/bd_page_type=1/ssid=0/uid=0/pu=usm%400%2Csz%401320_1004%2Cta%40iphone_2_10.0_11_19.5/baiduid=B887F047128CF5E905E54282014D186C/w=0_10_/t=iphone/l=1/tc,1,100,0
m.baidu.com/from=1013672g/bd_page_type=1/ssid=0/uid=0/pu=usm%400%2Csz%401320_1004%2Cta%40iphone_2_11.0_11_19.6/baiduid=AEA16C0E8A0D00E4B3BAE96505DE522B/w=0_10_/t=iphone/l=1/tc,1,100,0
m.baidu.com/from=1013672g/bd_page_type=1/ssid=0/uid=0/pu=usm%400%2Csz%401320_1004%2Cta%40iphone_2_12.0_11_17.2/baiduid=F11D0720B1E00C1D399D3D868777F85A/w=0_10_/t=iphone/l=1/tc,1,100,0
m.baidu.com/from=1013672g/bd_page_type=1/ssid=0/uid=0/pu=usm%400%2Csz%401320_1004%2Cta%40iphone_2_12.0_11_18.6/baiduid=91451EFA2DD7F56F334E3FDCD1736BB6/w=0_10_/t=iphone/l=1/tc,1,0,9
m.baidu.com/from=1013672g/bd_page_type=1/ssid=0/uid=0/pu=usm%400%2Csz%401320_1004%2Cta%40iphone_2_13.0_11_19.6/baiduid=A415186E9ED52FEFE61B4DF1A340A46D/w=0_10_/t=iphone/l=1/tc,1,100,0
m.baidu.com/from=1013672g/bd_page_type=1/ssid=0/uid=0/pu=usm%400%2Csz%401320_1004%2Cta%40iphone_2_13.0_11_19.6/baiduid=D117EDA7AE1685524F6CA753463BA477/w=0_10_/t=iphone/l=1/tc,1,100,0
m.baidu.com/from=1013672g/bd_page_type=1/ssid=0/uid=0/pu=usm%400%2Csz%401320_1004%2Cta%40iphone_2_14.0_11_19.3/baiduid=58B01E7A102A1936489DD07C3818F7EB/w=0_10_/t=iphone/l=1/tc,1,0,17
m.baidu.com/from=1013672g/bd_page_type=1/ssid=0/uid=0/pu=usm%400%2Csz%401320_1004%2Cta%40iphone_2_14.0_11_19.6/baiduid=36E847866DA548C057DDAACC9FAAA3AF/w=0_10_/t=iphone/l=1/tc,1,100,0
m.baidu.com/from=1013966u/bd_page_type=1/ssid=0/uid=0/pu=sz%401320_1001%2Cta%40iphone_2_10.0_19_24.5%2Cusm%400/baiduid=1804CFB4C8539420BEA51290A1BDC442/w=0_10_/t=iphone/l=1/tc,1,100,0
m.baidu.com/from=1013966u/bd_page_type=1/ssid=0/uid=0/pu=sz%401320_1001%2Cta%40iphone_2_14.0_19_24.7%2Cusm%400/baiduid=1CE0D266A13185D51929C3DDCD5BD98F/w=0_10_/t=iphone/l=1/tc,1,100,0
m.baidu.com/from=1013966u/bd_page_type=1/ssid=0/uid=0/pu=sz%401320_1001%2Cta%40iphone_2_14.0_19_25.0%2Cusm%400/baiduid=3FE49507F9AAE588C6BFC02DE6C19C1E/w=0_10_/t=iphone/l=1/tc,1,0,5
m.baidu.com/from=1013966u/bd_page_type=1/ssid=0/uid=0/pu=sz%401320_1001%2Cta%40iphone_2_15.0_19_24.9%2Cusm%400/baiduid=BEB1297DDBB9AE2FCDED99D9F8E0B046/w=0_10_/t=iphone/l=1/tc,1,100,0
m.baidu.com/from=1013966u/bd_page_type=1/ssid=0/uid=0/pu=sz%401320_1001%2Cta%40iphone_2_9.0_19_24.7%2Cusm%400/baiduid=D89E75E9865464AED63F06DDBC5331D6/w=0_10_/t=iphone/l=1/tc,1,100,0
m.baidu.com/from=1013966u/bd_page_type=1/ssid=0/uid=0/pu=sz%401320_1001%2Cta%40iphone_2__24_123.0%2Cusm%400/baiduid=CE7B28F222575BB2105219C65E1EB205/w=0_10_/t=iphone/l=1/tc,1,100,0
m.baidu.com/from=1013966u/bd_page_type=1/ssid=0/uid=0/pu=usm%400%2Csz%401320_1001%2Cta%40iphone_2_10.0_19_24.8/baiduid=2D756B828AD39FF097D5A0DF50273438/w=0_10_/t=iphone/l=1/tc,1,100,0
m.baidu.com/from=1013966u/bd_page_type=1/ssid=0/uid=0/pu=usm%400%2Csz%401320_1001%2Cta%40iphone_2_11.0_19_25.0/baiduid=CD057122A81CC8D6C28F4D105AD61F1A/w=0_10_/t=iphone/l=1/tc,1,100,0
m.baidu.com/from=1013966u/bd_page_type=1/ssid=0/uid=0/pu=usm%400%2Csz%401320_1001%2Cta%40iphone_2_11.0_19_25.0/baiduid=DE036AFDD0D9DB64A1B4B69EB9D7AF7B/w=0_10_/t=iphone/l=1/tc,1,100,0
m.baidu.com/from=1013966u/bd_page_type=1/ssid=0/uid=0/pu=usm%400%2Csz%401320_1001%2Cta%40iphone_2_12.0_19_24.8/baiduid=5C84B9B6BD813FBC025012ACA9936A90/w=0_10_/t=iphone/l=1/tc,1,100,0
m.baidu.com/from=1013966u/bd_page_type=1/ssid=0/uid=0/pu=usm%400%2Csz%401320_1001%2Cta%40iphone_2_12.0_19_24.9/baiduid=E44E09DED8A00E8CBE6D569E211FB724/w=0_10_/t=iphone/l=1/tc,1,100,0
m.baidu.com/from=1013966u/bd_page_type=1/ssid=0/uid=0/pu=usm%400%2Csz%401320_1001%2Cta%40iphone_2_12.0_19_25.0/baiduid=F435EB4722B5F5379A355BEEE2C53857/w=0_10_/t=iphone/l=1/tc,1,100,0
m.baidu.com/from=1013966u/bd_page_type=1/ssid=0/uid=0/pu=usm%400%2Csz%401320_1001%2Cta%40iphone_2_13.0_19_23.1/baiduid=49FFCC91BA8F674781E21F53F8D37342/w=0_10_/t=iphone/l=1/tc,1,0,32
m.baidu.com/from=1013966u/bd_page_type=1/ssid=0/uid=0/pu=usm%400%2Csz%401320_1001%2Cta%40iphone_2_14.0_19_24.3/baiduid=7768CB4DC536B7D1AB4130894B1F95B0/w=0_10_/t=iphone/l=1/tc,1,100,0
m.baidu.com/from=1013966u/bd_page_type=1/ssid=0/uid=0/pu=usm%400%2Csz%401320_1001%2Cta%40iphone_2_14.0_19_24.6/baiduid=85F6713F113FE33C3C32F519A4BD1172/w=0_10_/t=iphone/l=1/tc,1,100,0
m.baidu.com/from=1013966u/bd_page_type=1/ssid=0/uid=0/pu=usm%400%2Csz%401320_1001%2Cta%40iphone_2_14.0_19_24.7/baiduid=03BB11FEACF8B01BCF7F101576FA6D69/w=0_10_/t=iphone/l=1/tc,1,100,0
m.baidu.com/from=1013966u/bd_page_type=1/ssid=0/uid=0/pu=usm%400%2Csz%401320_1001%2Cta%40iphone_2_14.0_19_24.8/baiduid=649A648FB2CED7F93F3B5769CD194944/w=0_10_/t=iphone/l=1/tc,1,100,0
m.baidu.com/from=1013966u/bd_page_type=1/ssid=0/uid=0/pu=usm%400%2Csz%401320_1001%2Cta%40iphone_2_14.0_19_25.0/baiduid=05D58ABFB576F2BAAC807ABCCC3055EF/w=0_10_/t=iphone/l=1/tc,1,0,6
