name,visitors,pageviews,bounce_rate,time_on_page,scroll_depth
/it/3/tutorial/index.html,38,51,55,68,47
/it/3.14/,23,34,22,13,86
/it/3.15/using/windows.html,20,20,38,16,14
/it/3.14/search.html,18,22,75,25,69
/it/3.14/tutorial/index.html,15,16,100,29,62
/it/3/tutorial/interpreter.html,15,15,100,34,68
/it/3.14/tutorial/appetite.html,14,13,75,45,78
/it/3/tutorial/controlflow.html,14,13,78,14,33
/it/3/,9,14,57,11,80
/it/3/reference/index.html,9,9,75,46,54
/it/3/tutorial/appetite.html,9,8,100,51,77
/it/3/tutorial/introduction.html,9,11,67,17,51
/it/3.14/tutorial/interpreter.html,8,6,0,38,86
/it/3.14/tutorial/introduction.html,8,9,100,88,38
/it/3/library/index.html,7,9,100,229,32
/it/3.14/library/os.html,5,6,100,79,20
/it/3.14/tutorial/controlflow.html,5,4,100,32,63
/it/3.14/using/windows.html,5,4,100,76,36
/it/3.15/search.html,5,6,0,12,76
/it/3/glossary.html,5,5,100,,
/it/3/tutorial/inputoutput.html,5,5,100,7,9
/it/3.13/using/windows.html,4,2,50,31,36
/it/3.14/reference/index.html,4,4,0,8,66
/it/3.14/whatsnew/3.14.html,4,3,0,12,14
/it/3.15/py-modindex.html,4,4,0,12,9
/it/3/tutorial/venv.html,4,4,50,33,52
/it/3.14/contents.html,3,4,0,15,1
/it/3.14/genindex-F.html,3,3,100,42,75
/it/3.14/howto/index.html,3,2,0,6,83
/it/3.14/library/functions.html,3,2,100,28,37
/it/3.14/library/math.html,3,4,50,44,8
/it/3.14/library/stdtypes.html,3,2,0,28,47
/it/3/genindex.html,3,3,100,6,100
/it/3/library/stdtypes.html,3,2,0,20,34
/it/3/reference/compound_stmts.html,3,2,100,142,10
/it/3/tutorial/datastructures.html,3,4,50,19,71
/it/3/tutorial/floatingpoint.html,3,3,100,8,15
/it/3/tutorial/modules.html,3,3,100,21,75
/it/3.12/,2,1,100,8,69
/it/3.13/genindex-C.html,2,2,100,,
/it/3.13/library/stdtypes.html,2,2,100,13,14
/it/3.13/search.html,2,3,0,8,53
/it/3.13/tutorial/appetite.html,2,2,0,17,64
/it/3.14/faq/,2,2,0,12,100
/it/3.14/faq/windows.html,2,1,0,12,100
/it/3.14/genindex-A.html,2,1,0,4,8
/it/3.14/genindex.html,2,3,0,5,100
/it/3.14/index.html,2,2,100,,
/it/3.14/installing/index.html,2,1,0,23,20
/it/3.14/library/curses.html,2,1,0,16,100
/it/3.14/library/index.html,2,1,100,18,10
/it/3.14/library/random.html,2,1,0,36,48
/it/3.14/library/runpy.html,2,2,0,17,60
/it/3.14/library/weakref.html,2,1,0,6,12
/it/3.14/reference/datamodel.html,2,1,0,40,18
/it/3.14/reference/grammar.html,2,1,0,39,100
/it/3.14/reference/introduction.html,2,2,0,406,62
/it/3.14/reference/lexical_analysis.html,2,1,0,176,55
/it/3.14/whatsnew/index.html,2,1,0,21,10
/it/3.15/,2,1,0,17,100
/it/3/c-api/typeobj.html,2,2,100,,
/it/3/installing/,2,2,100,9,50
/it/3/library/compileall.html,2,2,100,8,18
/it/3/library/functions.html,2,1,0,208,100
/it/3/library/idle.html,2,2,100,,
/it/3/library/inspect.html,2,2,100,,
/it/3/library/intro.html,2,1,0,7,91
/it/3/library/pathlib.html,2,2,100,,
/it/3/library/sys.html,2,2,100,,
/it/3/library/unittest.mock.html,2,2,100,0,3
/it/3/reference/simple_stmts.html,2,2,100,0,8
/it/3/tutorial/appendix.html,2,1,0,36,32
/it/3/tutorial/classes.html,2,2,100,0,20
/it/3/tutorial/interactive.html,2,1,0,65,91
/it/3/using/windows.html,2,2,0,115,4
/it/3.12/c-api/iterator.html,1,1,100,,
/it/3.12/c-api/long.html,1,1,100,,
/it/3.12/copyright.html,1,1,100,,
/it/3.12/genindex-B.html,1,1,100,,
/it/3.12/genindex-F.html,1,1,100,,
/it/3.12/genindex-Q.html,1,1,100,,
/it/3.12/genindex-X.html,1,1,100,,
/it/3.12/howto/ipaddress.html,1,1,100,,
/it/3.12/library/contextlib.html,1,1,100,,
/it/3.12/library/dis.html,1,1,0,,
/it/3.12/library/email.errors.html,1,1,100,,
/it/3.12/library/email.headerregistry.html,1,1,100,,
/it/3.12/library/email.html,1,1,100,,
/it/3.12/library/idle.html,1,1,100,,
/it/3.12/library/os.html,1,1,100,,
/it/3.12/library/pdb.html,1,1,100,,
/it/3.12/library/profile.html,1,1,100,,
/it/3.12/library/shlex.html,1,1,100,,
/it/3.12/library/signal.html,1,1,100,,
/it/3.12/library/urllib.html,1,1,100,15,86
/it/3.12/library/urllib.parse.html,1,1,100,,
/it/3.12/library/urllib.request.html,1,1,100,,
/it/3.12/library/wave.html,1,1,100,,
/it/3.12/py-modindex.html,1,1,100,,
/it/3.12/tutorial/,1,1,100,25,13
