name,visitors
United States,2972
India,1175
Germany,1138
United Kingdom,892
China,869
France,723
Russian Federation,512
Netherlands,399
Canada,375
Brazil,365
Japan,336
Poland,309
Spain,306
Italy,302
Hong Kong,243
Sweden,215
Switzerland,211
Australia,204
South Korea,195
Singapore,188
Indonesia,170
Turkey,149
Taiwan,143
Austria,142
Vietnam,136
Denmark,112
Belgium,110
Finland,107
Ukraine,99
Iran,94
Mexico,91
Israel,90
Norway,84
Pakistan,82
Hungary,80
Thailand,76
Portugal,74
Ireland,68
Romania,68
Argentina,66
Philippines,65
South Africa,60
Colombia,54
Chile,49
Algeria,48
Saudi Arabia,48
United Arab Emirates,47
Greece,47
Malaysia,46
Peru,46
Czechia,45
Egypt,45
New Zealand,44
Morocco,37
Kenya,35
Sri Lanka,34
Bangladesh,33
Bulgaria,33
Nigeria,33
Slovenia,26
Kazakhstan,23
Belarus,22
Lithuania,22
Serbia,22
Croatia,20
Slovakia,20
Estonia,19
Cambodia,18
Nepal,18
Uzbekistan,18
Cyprus,17
Luxembourg,17
Latvia,16
Venezuela,16
Tunisia,15
Ecuador,14
Ethiopia,13
Ghana,13
Iraq,13
Madagascar,12
Yemen,12
Armenia,11
Bolivia,10
Cameroon,10
Costa Rica,10
Jordan,8
Moldova,8
Oman,8
Uruguay,8
Qatar,7
Botswana,6
Dominican Republic,6
Kyrgyzstan,6
Mongolia,6
Malta,6
Puerto Rico,6
Tanzania,6
Azerbaijan,5
Côte d'Ivoire,5
Guatemala,5
Kuwait,5
Seychelles,5
Afghanistan,4
Bahamas,4
Georgia,4
Laos,4
Macao,4
Réunion,4
Zimbabwe,4
Andorra,3
Angola,3
Burkina Faso,3
"Congo, The Democratic Republic of the",3
Honduras,3
Lebanon,3
Senegal,3
El Salvador,3
Syria,3
Togo,3
Uganda,3
Kosovo,3
Zambia,3
Albania,2
Barbados,2
Benin,2
Brunei Darussalam,2
Congo,2
Cuba,2
Iceland,2
Libya,2
Montenegro,2
North Macedonia,2
Panama,2
Sierra Leone,2
Aruba,1
Åland Islands,1
Bosnia and Herzegovina,1
Bahrain,1
Bhutan,1
Curaçao,1
Greenland,1
Jamaica,1
Cayman Islands,1
Mali,1
Myanmar,1
Martinique,1
Mauritania,1
Mauritius,1
Namibia,1
Nicaragua,1
"Palestine, State of",1
Paraguay,1
Rwanda,1
Sudan,1
Somalia,1
Eswatini,1
Tajikistan,1
