name,visitors,bounce_rate,visit_duration
Google,631,73,192
Baidu,415,80,44
Direct / None,397,68,184
contest.nypc.co.kr,29,90,3
Bing,24,61,850
python.org,17,100,386
chatgpt.com,14,64,162
codeit.kr,7,86,9
wikidocs.net,7,100,0
namu.wiki,6,75,8
codeup.kr,5,80,2
Yahoo!,4,50,265
clien.net,4,50,22
lms.aiffel.io,4,100,14
Perplexity,3,100,0
velog.io,3,100,0
cafe.naver.com,2,33,343
jh-bk.tistory.com,2,100,0
online.aiffel.io,2,100,0
ropiens.tistory.com,2,100,0
GitHub,1,0,1573
Shenma,1,100,0
be-simon.tistory.com,1,100,0
blog.naver.com,1,100,0
books.weniv.co.kr,1,100,0
confluence.mobis.co.kr,1,0,0
daleseo.com,1,0,2175
dev-jy.tistory.com,1,100,0
engineer-mole.tistory.com,1,0,1307
howto.tistory.com,1,100,0
jira.lge.com,1,100,0
m.blog.naver.com,1,0,2269
m.clien.net,1,0,10
pandas.pydata.org,1,0,12
pip.pypa.io,1,0,1217
purplechip.tistory.com,1,100,0
school.programmers.co.kr,1,100,0
udemy.com,1,0,1409
