name,version,visitors
Chrome,138.0,2062
Microsoft Edge,138.0,1013
Firefox,141.0,295
Safari,18.5,135
Chrome,137.0,80
Opera,120.0,71
Yandex Browser,25.6,69
Firefox,140.0,45
Mobile App,(not set),43
Firefox,128.0,41
Smart Lenovo Browser,9.0,28
Chrome,131.0,27
Chrome,132.0,25
Safari,18.6,22
Chrome,136.0,20
Chrome,134.0,18
Chrome,139.0,18
Chrome,109.0,17
Chrome,135.0,17
Chrome,133.0,13
Chrome,92.0,13
Microsoft Edge,131.0,12
Chrome,129.0,11
Chrome,116.0,10
Chrome,128.0,10
Safari,26.0,10
Quark,(not set),9
Microsoft Edge,137.0,9
Sogou Explorer,2,9
Firefox,139.0,8
QQ Browser,19.4,8
Chrome,122.0,7
Chrome,127.0,7
Microsoft Edge,130.0,7
Firefox,136.0,7
Chrome,91.0,7
Microsoft Edge,92.0,6
Chrome,114.0,5
Microsoft Edge,114.0,5
Microsoft Edge,127.0,5
Firefox,134.0,5
Microsoft Edge,136.0,5
Mobile App,138.0,5
Microsoft Edge,139.0,5
Chrome,140.0,5
Safari,17.6,5
QQ Browser,19.2,5
Firefox,115.0,4
Chrome,125.0,4
Microsoft Edge,126.0,4
Chrome,130.0,4
Microsoft Edge,132.0,4
Microsoft Edge,133.0,4
Firefox,133.0,4
Firefox,135.0,4
Microsoft Edge,135.0,4
Firefox,138.0,4
Firefox,142.0,4
Safari,15.6,4
Chrome,102.0,3
Chrome,108.0,3
Firefox,113.0,3
Mobile App,114.0,3
Chrome,117.0,3
Microsoft Edge,118.0,3
Microsoft Edge,122.0,3
Chrome,124.0,3
Chrome,126.0,3
Microsoft Edge,129.0,3
Microsoft Edge,134.0,3
Avast Secure Browser,138.0,3
Huawei Browser Mobile,16.0,3
Safari,16.6,3
Safari,18.3,3
Safari,18.4,3
Samsung Browser,28.0,3
Chrome,71.0,3
Chrome,104.0,2
Microsoft Edge,108.0,2
Microsoft Edge,109.0,2
Chrome,111.0,2
Microsoft Edge,113.0,2
Chrome,113.0,2
Chrome,119.0,2
Huawei Browser,12.1,2
Microsoft Edge,121.0,2
Chrome,121.0,2
Chrome,123.0,2
Mobile App,126.0,2
Firefox,137.0,2
Avast Secure Browser,137.0,2
Norton Private Browser,138.0,2
Safari,17.4,2
UC Browser,17.8,2
Safari,18.0,2
Safari,18.1,2
Yandex Browser,25.4,2
QtWebEngine,5.15,2
Microsoft Edge,84.0,2
Chrome,86.0,2
Mobile App,87.0,2
Opera,90.0,2
Chrome,96.0,2
Brave,(not set),1
Safari,(not set),1
Microsoft Edge,100.0,1
Opera,101.0,1
Microsoft Edge,101.0,1
Chrome,101.0,1
Microsoft Edge,104.0,1
Microsoft Edge,107.0,1
Opera,109.0,1
Firefox,109.0,1
Microsoft Edge,112.0,1
Chrome,112.0,1
Opera,114.0,1
Chrome,115.0,1
Opera,115.0,1
Microsoft Edge,117.0,1
Chrome,118.0,1
Microsoft Edge,119.0,1
Chrome,120.0,1
Microsoft Edge,120.0,1
Chrome,121.15,1
Chrome,123.1,1
Mobile App,124.0,1
Firefox,125.0,1
Firefox,126.0,1
Microsoft Edge,128.0,1
Firefox,129.0,1
QQ Browser,13.3,1
AVG Secure Browser,138.0,1
Firefox,138.3,1
Mobile App,139.0,1
Safari,16.1,1
Safari,16.2,1
Safari,16.5,1
Safari,17.1,1
Safari,17.3,1
Safari,17.5,1
Safari,18.2,1
MIUI Browser,20.0,1
Yandex Browser,23.7,1
Yandex Browser,25.2,1
115 Browser,27.0,1
SberBrowser,28.0,1
Pale Moon,33.8,1
QQ Browser,6.2,1
Quark,7.14,1
Chrome,80.0,1
Opera,98.0,1
