name,visitors,pageviews,bounce_rate,time_on_page,scroll_depth
/3.13/tutorial/index.html,4543,5909,57,116,51
/3.13/using/windows.html,3313,4452,68,235,23
/3.13/,1545,2401,52,59,79
/3.13/index.html,1285,1567,45,87,73
/3.13/whatsnew/3.13.html,1049,1279,67,132,13
/3.13/tutorial/interpreter.html,732,951,75,194,71
/3.13/tutorial/appetite.html,708,817,59,140,89
/zh-cn/3.13/tutorial/index.html,671,1166,42,69,65
/3.13/tutorial/,639,830,52,98,60
/es/3.13/tutorial/index.html,556,903,52,111,56
/zh-cn/3.13/,550,872,37,40,81
/3.13/tutorial/introduction.html,399,505,82,290,60
/3.13/library/index.html,393,558,43,77,46
/3.13/search.html,386,747,31,78,58
/zh-cn/3.13/library/index.html,271,524,32,51,51
/zh-cn/3.13/tutorial/interpreter.html,271,363,74,132,84
/3.13/library/functions.html,265,323,78,271,49
/3.13/tutorial/controlflow.html,261,333,73,314,39
/es/3.13/library/tkinter.html,247,404,71,395,34
/zh-cn/3.13/tutorial/controlflow.html,242,336,77,237,47
/zh-cn/3.13/tutorial/introduction.html,223,294,73,256,61
/3.13/installing/index.html,214,235,42,161,62
/3.13/library/stdtypes.html,202,276,69,558,46
/3.13/reference/index.html,201,293,29,78,73
/zh-cn/3.13/tutorial/appetite.html,200,230,41,152,93
/zh-tw/3.13/tutorial/index.html,199,384,46,82,62
/3.13/glossary.html,186,243,50,201,46
/es/3.13/tutorial/interpreter.html,179,259,65,157,75
/ja/3.13/tutorial/index.html,173,370,38,60,58
/es/3.13/tutorial/introduction.html,172,239,77,347,52
/zh-cn/3.13/search.html,168,317,35,47,51
/ja/3.13/library/stdtypes.html,167,223,71,302,39
/es/3.13/tutorial/classes.html,166,210,78,592,40
/es/3.13/tutorial/appetite.html,165,201,69,124,84
/zh-cn/3.13/library/stdtypes.html,165,228,57,299,42
/pt-br/3.13/tutorial/index.html,163,306,47,83,58
/3.13/download.html,160,180,40,221,87
/zh-cn/3.13/library/functions.html,160,238,47,179,46
/3.13/using/index.html,159,193,15,111,75
/ja/3.13/library/functions.html,156,214,71,334,42
/ja/3.13/library/index.html,155,234,53,152,53
/es/3.13/tutorial/venv.html,154,177,90,926,57
/zh-cn/3.13/index.html,153,255,24,20,79
/ja/3.13/library/re.html,150,183,80,936,36
/zh-cn/3.13/tutorial/datastructures.html,145,182,66,303,62
/ja/3.13/library/datetime.html,139,170,80,710,34
/ko/3.13/tutorial/index.html,138,253,40,88,60
/3.13/py-modindex.html,137,159,40,167,54
/es/3.13/tutorial/datastructures.html,137,172,88,216,44
/zh-cn/3.13/using/index.html,132,190,48,34,81
/es/3.13/library/index.html,131,191,63,83,41
/pt-br/3.13/library/venv.html,131,143,82,529,36
/zh-cn/3.13/library/venv.html,131,142,88,397,37
/3.13/contents.html,127,175,52,52,14
/pt-br/3.13/library/math.html,127,177,77,787,43
/es/3.13/tutorial/controlflow.html,126,176,72,386,41
/es/3.13/,124,165,85,91,72
/fr/3.13/library/tkinter.html,122,145,74,422,28
/es/3.13/search.html,116,307,63,79,59
/zh-cn/3.13/contents.html,116,176,21,38,19
/zh-cn/3.13/tutorial/classes.html,115,146,74,431,57
/3.13/tutorial/datastructures.html,114,142,78,285,46
/pt-br/3.13/library/index.html,113,190,52,127,47
/zh-cn/3.13/reference/index.html,112,193,57,24,79
/3.13/howto/index.html,107,134,5,150,91
/zh-cn/3.13/glossary.html,106,143,68,139,46
/3.13/genindex.html,104,120,0,129,100
/es/3.13/library/idle.html,103,190,71,258,35
/ja/3.13/library/typing.html,102,139,71,298,21
/zh-cn/3.13/whatsnew/3.13.html,102,128,88,107,23
/fr/3.13/tutorial/index.html,100,152,47,95,59
/es/3.13/library/functions.html,97,129,84,359,39
/es/3.13/tutorial/errors.html,96,121,76,352,36
/3.13/library/,94,130,67,109,37
/pt-br/3.13/,94,157,39,24,76
/3.13/extending/index.html,92,101,18,206,66
/ja/3.13/library/pathlib.html,92,113,79,462,41
/ja/3.13/library/subprocess.html,92,120,80,833,32
/es/3.13/library/stdtypes.html,91,120,74,295,28
/zh-cn/3.13/using/windows.html,90,119,81,219,54
/3.13/license.html,89,97,58,291,59
/es/3.13/installing/index.html,89,108,80,786,63
/pt-br/3.13/library/functions.html,89,98,81,206,35
/3.13/tutorial/modules.html,88,109,68,328,51
/3.13/whatsnew/index.html,87,103,17,150,38
/pt-br/3.13/tutorial/datastructures.html,87,102,75,302,52
/3.13/c-api/index.html,86,91,20,190,59
/ja/3.13/library/csv.html,86,103,85,607,45
/fr/3.13/library/stdtypes.html,83,95,84,326,23
/zh-cn/3.13/tutorial/,83,107,73,37,58
/zh-cn/3.13/tutorial/inputoutput.html,83,97,68,384,64
/zh-tw/3.13/installing/index.html,83,105,83,833,62
/pt-br/3.13/library/random.html,82,105,74,682,35
/fr/3.13/tutorial/classes.html,81,96,86,678,46
/ja/3.13/library/json.html,81,94,92,709,31
/ja/3.13/library/logging.html,81,99,73,768,34
/zh-tw/3.13/howto/sorting.html,81,98,80,269,43
/zh-tw/3.13/tutorial/interpreter.html,81,114,76,152,81
/3.13/using/cmdline.html,80,93,30,360,40
/ja/3.13/tutorial/interpreter.html,80,120,70,180,73
