name,unique_exits,total_exits,exit_rate
/it/3/tutorial/index.html,13,13,
/it/3/tutorial/inputoutput.html,11,11,
/it/3/tutorial/introduction.html,11,11,
/it/3.13/tutorial/index.html,8,9,
/it/3.13/tutorial/controlflow.html,7,8,
/it/3/tutorial/datastructures.html,7,7,
/it/3.13/tutorial/classes.html,6,6,
/it/3.13/tutorial/appetite.html,5,5,
/it/3.13/tutorial/interpreter.html,5,5,
/it/3.13/tutorial/introduction.html,5,5,
/it/3/tutorial/modules.html,5,5,
/it/3.12/library/functions.html,4,4,
/it/3/library/stdtypes.html,4,4,
/it/3/tutorial/floatingpoint.html,4,4,
/it/3.13/library/tkinter.html,3,3,
/it/3/tutorial/classes.html,3,4,
/it/3/tutorial/venv.html,3,3,
/3/library/idle.html,2,2,
/3/tutorial/index.html,2,2,
/it/3.12/library/sqlite3.html,2,2,
/it/3.13/,2,2,
/it/3.13/download.html,2,2,
/it/3.13/library/math.html,2,3,
/it/3.13/library/venv.html,2,2,
/it/3.13/tutorial/,2,2,
/it/3.13/using/windows.html,2,2,
/it/3/,2,2,
/it/3/library/functions.html,2,2,
/it/3/tutorial/appetite.html,2,2,
/3.12/library/pdb.html,1,1,
/3.12/library/stdtypes.html,1,1,
/3.13/,1,1,
/3.13/faq/programming.html,1,1,
/3.13/installing/index.html,1,1,
/3.13/library/,1,1,
/3.13/library/development.html,1,1,
/3.13/library/stdtypes.html,1,1,
/3.13/library/tkinter.html,1,1,
/3.13/search.html,1,1,
/3.13/tutorial/appetite.html,1,1,
/3.13/whatsnew/3.13.html,1,1,
/3.14/,1,1,
/3/glossary.html,1,1,
/3/library/concurrent.futures.html,1,1,
/3/library/crypto.html,1,1,
/3/library/intro.html,1,1,
/3/library/string.html,1,1,
/3/reference/import.html,1,1,
/3/tutorial/appetite.html,1,1,
/3/tutorial/classes.html,1,1,
/3/tutorial/interpreter.html,1,1,
/3/tutorial/introduction.html,1,1,
/3/tutorial/venv.html,1,1,
/3/whatsnew/3.13.html,1,1,
/es/3.13/installing/index.html,1,1,
/fr/3.13/library/random.html,1,1,
/it/3.12/,1,1,
/it/3.12/library/fractions.html,1,1,
/it/3.12/tutorial/,1,1,
/it/3.12/tutorial/index.html,1,1,
/it/3.12/whatsnew/3.10.html,1,1,
/it/3.13/contents.html,1,1,
/it/3.13/faq/general.html,1,1,
/it/3.13/index.html,1,1,
/it/3.13/installing/index.html,1,1,
/it/3.13/library/array.html,1,1,
/it/3.13/library/curses.html,1,1,
/it/3.13/library/functions.html,1,1,
/it/3.13/library/idle.html,1,1,
/it/3.13/library/index.html,1,1,
/it/3.13/library/intro.html,1,1,
/it/3.13/library/json.html,1,1,
/it/3.13/library/mailbox.html,1,1,
/it/3.13/library/site.html,1,1,
/it/3.13/library/socket.html,1,1,
/it/3.13/library/stdtypes.html,1,1,
/it/3.13/library/string.html,1,1,
/it/3.13/library/tkinter.ttk.html,1,1,
/it/3.13/library/unittest.mock.html,1,2,
/it/3.13/reference/index.html,1,1,
/it/3.13/search.html,1,1,
/it/3.13/tutorial/datastructures.html,1,1,
/it/3.13/tutorial/inputoutput.html,1,1,
/it/3.13/tutorial/modules.html,1,1,
/it/3.13/tutorial/venv.html,1,1,
/it/3.13/whatsnew/3.10.html,1,1,
/it/3.14/,1,1,
/it/3.14/library/idle.html,1,1,
/it/3.14/tutorial/index.html,1,1,
/it/3/library/json.html,1,1,
/it/3/tutorial/errors.html,1,1,
/it/3/using/index.html,1,1,
/pt-br/3.13/c-api/gen.html,1,1,
/pt-br/3.13/howto/functional.html,1,0,
/zh-cn/3.13/tutorial/index.html,1,1,
/zh-cn/3.13/tutorial/interpreter.html,1,1,
