name,visitors,bounce_rate,visit_duration
Direct / None,679,73,195
Google,456,70,151
Bing,54,67,146
python.org,49,0,635
Brave,26,86,8
udemy.com,26,93,59
chatgpt.com,13,82,283
cursos.alura.com.br,11,91,2
gstatic.com,11,92,129
fit-tecnologia.org.br,9,90,177
Baidu,8,75,17
web.dio.me,8,100,0
pythonfluente.com,7,75,18
DuckDuckGo,6,67,1059
Yahoo!,6,83,62
translations.python.org,6,50,40
appaula.prepara.com.br,4,75,0
wiki.python.org,4,0,661
tecconcursos.com.br,3,67,509
Youtube,2,0,28
unibb.alura.com.br,2,0,438
GitHub,1,0,5
Reddit,1,0,0
Yandex,1,0,109
algoritmodaaprovacao.tutory.com.br,1,0,36
cdn.evg.gov.br,1,0,104
claude.ai,1,0,756
copilot.com,1,100,0
cs50.harvard.edu,1,0,23
demo.marpeditor.com,1,100,0
devguide.python.org,1,100,0
docs-python-org.translate.goog,1,100,0
docs.flet.dev,1,0,85
flask.palletsprojects.com,1,0,13
jigsaw.minhabiblioteca.com.br,1,0,83
link.csdn.net,1,0,249
netacad.com,1,100,0
on.fiap.com.br,1,100,0
powermensagens.com,1,100,0
python.howtocode.dev,1,0,55
python.org.br,1,100,0
techguide.sh,1,100,0
