name,unique_entrances,total_entrances,visit_duration
/es/3/tutorial/,520,538,143
/es/3.13/library/tkinter.html,157,162,87
/3/,134,135,353
/es/3/tutorial/index.html,134,140,209
/es/3.13/tutorial/index.html,110,123,114
/es/3.13/tutorial/venv.html,83,86,14
/es/3.13/library/index.html,78,84,102
/es/3/tutorial/appetite.html,75,75,226
/es/3/tutorial/introduction.html,66,71,123
/es/3.13/library/functions.html,64,76,95
/es/3.13/tutorial/classes.html,59,62,165
/es/3.13/tutorial/datastructures.html,59,63,29
/es/3/tutorial/interpreter.html,55,57,285
/es/3/,53,55,78
/es/3.13/library/idle.html,52,52,25
/es/3.13/,48,50,133
/es/3.13/tutorial/introduction.html,43,46,100
/es/3/library/stdtypes.html,43,46,50
/es/3/tutorial/controlflow.html,37,42,394
/es/3.13/library/stdtypes.html,36,40,41
/es/3.13/library/re.html,35,35,13
/es/3.13/tutorial/controlflow.html,35,36,1
/es/3.13/tutorial/interpreter.html,35,37,225
/es/3/library/functions.html,34,34,3
/3.13/tutorial/index.html,33,33,295
/es/3.13/installing/index.html,32,32,278
/es/3.13/tutorial/errors.html,30,33,112
/es/3/tutorial/datastructures.html,29,31,221
/es/3.13/library/datetime.html,28,28,89
/es/3.13/tutorial/appetite.html,28,30,59
/es/3/library/tkinter.html,28,30,50
/es/3.13/library/tk.html,26,26,209
/es/3/library/index.html,26,27,108
/es/3.13/tutorial/inputoutput.html,25,27,36
/3/tutorial/index.html,23,23,287
/es/3/library/argparse.html,23,24,26
/es/3.12/tutorial/index.html,22,22,17
/es/3.13/tutorial/modules.html,21,22,534
/es/3/library/json.html,21,22,132
/es/3.13/search.html,20,20,33
/es/3.13/library/venv.html,19,19,14
/es/3/glossary.html,19,20,221
/es/3/tutorial/classes.html,19,20,43
/es/3.13/howto/logging.html,18,18,43
/es/3.13/library/random.html,17,17,0
/es/3/library/asyncio.html,17,17,40
/es/3.13/library/string.html,15,15,163
/3/library/tkinter.html,14,14,128
/es/3.13/using/editors.html,14,17,28
/es/3/tutorial/modules.html,14,14,187
/3/library/functions.html,13,13,93
/es/3.13/library/__main__.html,13,13,76
/es/3.13/using/windows.html,13,13,60
/es/3.13/tutorial/,12,14,217
/es/3/library/functools.html,12,12,8
/es/dev/tutorial/,12,12,385
/3.13/,11,11,294
/es/3.13/library/smtplib.html,11,11,1
/es/3/library/random.html,11,11,82
/es/3/search.html,11,12,37
/es/3/tutorial/venv.html,11,12,0
/3/tutorial/,10,10,344
/es/3/genindex-Símbolos.html,10,10,3
/es/3/installing/index.html,10,10,8
/es/3/library/math.html,10,10,0
/es/3/library/venv.html,10,11,3
/es/3/tutorial/errors.html,10,10,0
/3.13/using/windows.html,9,9,148
/3/library/math.html,9,9,278
/es/3.13/glossary.html,9,9,112
/es/3.13/library/csv.html,9,9,318
/es/3.13/library/math.html,9,9,9
/es/3.13/library/turtle.html,9,9,63
/3/library/index.html,8,8,1640
/3/search.html,8,8,122
/es/3.13/howto/regex.html,8,8,8
/es/3.13/reference/datamodel.html,8,10,470
/es/3/library/csv.html,8,8,40
/es/3/tutorial/inputoutput.html,8,8,609
/es/3/using/cmdline.html,8,8,6
/es/dev/tutorial/controlflow.html,8,8,30
/3/library/stdtypes.html,7,7,679
/3/library/venv.html,7,7,288
/es/3.13/library/subprocess.html,7,9,0
/es/3.13/library/tkinter.ttk.html,7,7,0
/es/3.13/reference/executionmodel.html,7,7,101
/es/3.13/reference/import.html,7,7,8
/es/3/faq/windows.html,7,7,0
/es/3/library/re.html,7,7,21
/es/dev/using/windows.html,7,7,0
/3.13/index.html,6,6,263
/3/library/idle.html,6,6,172
/3/library/random.html,6,6,49
/es/3.13/library/asyncio-task.html,6,6,136
/es/3.13/library/collections.html,6,6,0
/es/3.13/library/shutil.html,6,6,0
/es/3.13/library/time.html,6,6,134
/es/3/contents.html,6,6,0
/es/3/library/decimal.html,6,6,2
/es/3/library/exceptions.html,6,6,271
/es/3/library/statistics.html,6,6,1
/es/3/whatsnew/3.13.html,6,6,140
/3.13/tutorial/,5,5,313
/es/3.12/,5,5,2
/es/3.13/howto/sockets.html,5,5,0
/es/3.13/library/,5,5,31
/es/3.13/library/array.html,5,5,0
/es/3.13/library/copy.html,5,6,0
/es/3.13/library/filesys.html,5,5,0
/es/3.13/library/queue.html,5,5,9
/es/3.13/library/sys.html,5,5,0
/es/3.13/library/typing.html,5,5,0
/es/3.13/reference/index.html,5,5,44
/es/3/library/enum.html,5,5,0
/es/3/library/sqlite3.html,5,6,48
/es/3/library/string.html,5,5,362
/es/3/library/unittest.mock.html,5,5,0
/es/3/library/warnings.html,5,5,9
/es/3/reference/index.html,5,5,392
/es/3/tutorial/appendix.html,5,5,146
/es/dev/library/tkinter.ttk.html,5,6,0
/es/dev/library/venv.html,5,5,28
/3/glossary.html,4,4,296
/3/library/datetime.html,4,4,90
/3/library/re.html,4,4,749
/3/tutorial/appetite.html,4,4,281
/es/3.13/download.html,4,4,17
/es/3.13/library/doctest.html,4,4,16
/es/3.13/library/intro.html,4,4,0
/es/3.13/library/profile.html,4,4,38
/es/3.13/library/unicodedata.html,4,4,0
/es/3.13/reference/compound_stmts.html,4,5,0
/es/3.13/reference/lexical_analysis.html,4,7,438
/es/3.13/whatsnew/3.13.html,4,4,392
/es/3/download.html,4,4,222
/es/3/genindex.html,4,4,1340
/es/3/library/mimetypes.html,4,4,0
/es/3/library/textwrap.html,4,4,87
/es/3/library/tk.html,4,4,190
/es/3/library/unittest.html,4,4,27
/es/3/reference/expressions.html,4,4,35
/es/3/using/windows.html,4,4,886
/3.15/,3,3,163
/3/genindex.html,3,3,46
/3/howto/sorting.html,3,3,630
/3/library/exceptions.html,3,3,696
/3/library/io.html,3,3,420
/3/library/os.path.html,3,3,443
/3/library/smtplib.html,3,3,50
/3/library/tk.html,3,3,582
/3/library/turtle.html,3,3,32
/3/reference/index.html,3,3,984
/3/tutorial/datastructures.html,3,3,26
/es/3.12/tutorial/datastructures.html,3,3,0
/es/3.12/tutorial/errors.html,3,3,151
/es/3.13/bugs.html,3,3,24
/es/3.13/howto/sorting.html,3,3,0
/es/3.13/index.html,3,3,45
/es/3.13/library/abc.html,3,3,566
/es/3.13/library/bisect.html,3,3,654
/es/3.13/library/codecs.html,3,3,0
/es/3.13/library/configparser.html,3,3,0
/es/3.13/library/exceptions.html,3,3,115
/es/3.13/library/ftplib.html,3,3,0
/es/3.13/library/getopt.html,3,3,0
/es/3.13/library/glob.html,3,3,0
/es/3.13/library/locale.html,3,3,54
/es/3.13/library/operator.html,3,3,82
/es/3.13/library/pathlib.html,3,3,257
/es/3.13/library/pickle.html,3,3,0
/es/3.13/library/sqlite3.html,3,3,387
/es/3.13/library/timeit.html,3,3,0
/es/3.13/library/urllib.html,3,3,0
/es/3.13/library/zipfile.html,3,3,0
/es/3.13/py-modindex.html,3,3,74
/es/3.13/reference/grammar.html,3,3,2
/es/3.13/tutorial/appendix.html,3,3,8
/es/3.13/using/index.html,3,3,88
/es/3/library/base64.html,3,3,0
/es/3/library/datatypes.html,3,3,12
/es/3/library/os.path.html,3,3,2
/es/3/py-modindex.html,3,4,13
/es/3/whatsnew/index.html,3,3,0
/3.12/index.html,2,2,114
/3.13/library/functions.html,2,2,930
/3.13/library/stdtypes.html,2,2,342
/3.13/tutorial/appetite.html,2,2,32
/3.14/whatsnew/3.14.html,2,2,24
/3/faq/,2,2,466
/3/library/argparse.html,2,2,83
/3/library/asyncio-task.html,2,2,0
/3/library/asyncio.html,2,2,2012
/3/library/collections.html,2,2,0
/3/library/logging.html,2,2,0
/3/library/pathlib.html,2,2,47
/3/library/socket.html,2,2,878
/3/library/warnings.html,2,2,35
/3/reference/datamodel.html,2,2,2450
/3/reference/expressions.html,2,2,876
/3/tutorial/classes.html,2,2,81
/3/tutorial/controlflow.html,2,2,98
/3/tutorial/errors.html,2,2,53
/es/3.12/library/stdtypes.html,2,2,0
/es/3.12/tutorial/,2,2,372
/es/3.12/tutorial/controlflow.html,2,3,0
/es/3.12/using/mac.html,2,2,0
/es/3.13/contents.html,2,2,34
/es/3.13/faq/installed.html,2,2,0
/es/3.13/howto/curses.html,2,2,0
/es/3.13/howto/unicode.html,2,2,0
/es/3.13/library/calendar.html,2,2,0
/es/3.13/library/dialog.html,2,2,0
/es/3.13/library/email.examples.html,2,2,0
/es/3.13/library/functional.html,2,2,0
/es/3.13/library/hashlib.html,2,2,0
/es/3.13/library/heapq.html,2,2,0
/es/3.13/library/imaplib.html,2,2,6
/es/3.13/library/io.html,2,2,4
/es/3.13/library/ipaddress.html,2,2,55
/es/3.13/library/logging.html,2,2,110
/es/3.13/library/multiprocessing.html,2,2,12
/es/3.13/library/os.html,2,2,6
/es/3.13/library/os.path.html,2,2,0
/es/3.13/library/pprint.html,2,2,0
/es/3.13/library/ssl.html,2,2,0
/es/3.13/library/threading.html,2,2,118
/es/3.13/library/tracemalloc.html,2,2,2
/es/3.13/library/urllib.request.html,2,2,354
/es/3.13/library/webbrowser.html,2,2,0
/es/3.13/library/winsound.html,2,2,0
/es/3.13/library/xml.etree.elementtree.html,2,2,0
/es/3.13/reference/introduction.html,2,2,0
/es/3.13/using/cmdline.html,2,2,126
/es/3.13/whatsnew/3.12.html,2,2,0
/es/3.14/tutorial/index.html,2,2,7
/es/3.15/tutorial/introduction.html,2,2,0
/es/3/c-api/intro.html,2,2,0
/es/3/faq/gui.html,2,2,0
/es/3/howto/logging.html,2,2,0
/es/3/index.html,2,2,169
/es/3/library/__main__.html,2,2,0
/es/3/library/asyncio-task.html,2,2,0
/es/3/library/atexit.html,2,2,0
/es/3/library/codecs.html,2,2,1974
/es/3/library/constants.html,2,2,775
/es/3/library/datetime.html,2,2,11
/es/3/library/distribution.html,2,2,0
/es/3/library/email.message.html,2,2,844
/es/3/library/email.mime.html,2,2,0
/es/3/library/idle.html,2,2,0
/es/3/library/os.html,2,2,333
/es/3/library/platform.html,2,2,0
/es/3/library/py_compile.html,2,2,0
/es/3/library/shutil.html,2,2,146
/es/3/library/sys.html,2,2,433
/es/3/library/threading.html,2,2,439
/es/3/library/tkinter.scrolledtext.html,2,2,40
/es/3/library/typing.html,2,2,0
/es/3/reference/introduction.html,2,2,9
/es/3/tutorial/interactive.html,2,2,0
/es/dev/howto/logging.html,2,2,0
/es/dev/library/abc.html,2,2,0
/es/dev/library/mimetypes.html,2,2,0
/es/dev/library/operator.html,2,2,2
/es/dev/library/smtplib.html,2,2,0
/es/dev/library/sqlite3.html,2,2,0
/es/dev/library/string.html,2,2,0
/es/dev/library/threading.html,2,2,0
/es/dev/search.html,2,2,0
/es/dev/tutorial/appetite.html,2,2,1372
/3.12/,1,1,40
/3.13/glossary.html,1,1,24
/3.13/library/idle.html,1,1,46
/3.13/library/index.html,1,1,1129
/3.13/library/shelve.html,1,1,3
/3.13/library/sys.html,1,1,249
/3.13/search.html,1,1,1749
/3.13/tutorial/interpreter.html,1,1,17
/3.13/whatsnew/3.13.html,1,1,86
/3.14/,1,1,1758
/3.15/tutorial/index.html,1,1,36
/3.15/whatsnew/3.13.html,1,1,28
/3/about.html,1,1,1635
/3/faq/windows.html,1,1,1748
/3/howto/argparse.html,1,1,0
/3/howto/logging.html,1,1,0
/3/library/,1,1,3
/3/library/__main__.html,1,1,89
/3/library/abc.html,1,1,0
/3/library/array.html,1,1,645
/3/library/concurrent.futures.html,1,1,12
/3/library/copy.html,1,1,3
/3/library/csv.html,1,1,164
/3/library/difflib.html,1,1,3500
/3/library/fractions.html,1,1,2870
/3/library/functools.html,1,1,12
/3/library/graphlib.html,1,1,657
/3/library/hashlib.html,1,1,0
/3/library/heapq.html,1,2,715
/3/library/imaplib.html,1,1,324
