name,visitors,bounce_rate,visit_duration
Google,1307,81,133
Direct / None,414,66,268
Bing,24,65,580
python.org,16,0,77
steam.oxxostudio.tw,13,67,202
elearn.ncut.edu.tw,11,91,22
chatgpt.com,7,67,20
Baidu,6,86,22
Yahoo!,6,67,4
elearning2.ksu.edu.tw,4,100,0
realnewbie.com,4,75,21
Brave,1,0,5657
DuckDuckGo,1,100,0
Facebook,1,100,0
Microsoft Teams,1,100,0
Perplexity,1,100,0
Yandex,1,0,13
chat.jannchie.com,1,0,253
copilot.microsoft.com,1,0,3542
docs.singtown.com,1,0,30
fastapi.tiangolo.com,1,0,77
haosquare.com,1,100,0
ithelp.ithome.com.tw,1,100,0
link.csdn.net,1,0,1877
matplotlib.org,1,0,8045
pandas.pydata.org,1,0,0
pcschool.com.tw,1,0,46
roadmap.sh,1,0,2325
safe.menlosecurity.com,1,100,0
vocus.cc,1,100,0
websockets.readthedocs.io,1,0,912
zhung.com.tw,1,0,0
