name,visitors
Tokyo,338
Osaka,92
Yokohama,83
N/A,49
Nagoya,41
Kyoto,29
Sapporo,26
Kawaguchi,25
Tokorozawa,23
Fukuoka,19
Chengdu,18
Utsunomiya,18
N/A,18
Hiroshima,17
Singapore,17
Guangzhou,16
N/A,15
N/A,14
Musashino,13
N/A,13
Hangzhou,12
Atsugi,12
Hamamatsu,12
N/A,12
Xi’an,11
Okayama,11
Machida,11
Gifu-shi,11
N/A,11
Beijing,10
Nishinomiya-hama,10
Niigata,10
Ibaraki,10
Hachiōji,10
Fujisawa,10
Suzhou,10
N/A,10
Qingdao,9
Kobe,9
Hino,9
Sendai,9
Kōriyama,9
Ichinoseki,9
Shijiazhuang,8
Shanghai,8
Chongqing,8
Sakai,8
Ōita,8
Nagasaki,8
N/A,8
Wuhu,7
Hong Kong,7
Shizuoka,7
N/A,7
Ōtsu,7
Nagareyama,7
Kawasaki,7
Kagoshima,7
Himeji,7
Wakayama,7
Hachinohe,7
N/A,7
Zibo,6
Tianjin,6
Shaoxing,6
Nanjing,6
Changsha,6
Toyota,6
Suita,6
Nishio,6
Kurashiki,6
Kawagoe,6
Kanazawa,6
Hirakata,6
Matsuyama,6
Shenyang,6
N/A,6
N/A,6
N/A,6
N/A,6
N/A,6
Zhengzhou,5
Anyang,5
Wuhan,5
Tokushima,5
Tenri,5
Nagano,5
Miyazaki,5
Matsudo,5
Kitakyushu,5
N/A,5
N/A,5
N/A,5
N/A,5
Wuxi,4
Taiyuan,4
Jining,4
Toyama,4
Nagaoka,4
N/A,4
Kiyosu,4
Kashiwa,4
N/A,4
Ichinomiya,4
Fuji,4
Yamagata,4
N/A,4
N/A,4
Iwaki,4
Aomori,4
Uruma,4
Yachiyo,4
Higashimurayama,4
N/A,4
N/A,4
N/A,4
N/A,4
N/A,4
Ichikawa-minami,4
N/A,4
N/A,4
Shenzhen,3
Ningbo,3
Lu’an,3
Changzhou,3
Yokosuka,3
Yokkaichi,3
Yashio,3
Ube,3
Nishi-Tokyo-shi,3
Takamatsu,3
Suzuka,3
Ōbu,3
Nabari,3
Mihara,3
Iwata,3
Fukui-shi,3
Chigasaki,3
Amagasaki,3
N/A,3
Yonezawa,3
Mito,3
Chiba,3
N/A,3
Tomakomai,3
Asahikawa,3
Tama,3
Higashiyamato,3
Niiza,3
N/A,3
N/A,3
N/A,3
N/A,3
N/A,3
N/A,3
N/A,3
N/A,3
N/A,3
N/A,3
N/A,3
N/A,3
N/A,3
N/A,3
N/A,3
N/A,3
N/A,3
N/A,3
Pune,2
Mumbai,2
Taipei,2
Malabon,2
Xingtai,2
Zhuhai,2
Xiamen,2
Wenzhou,2
Weifang,2
Quanzhou,2
Nanchang,2
Lanzhou,2
Kunming,2
Jinan,2
Hebi,2
Dongguan,2
Busan,2
Yamaguchi,2
N/A,2
N/A,2
Toyohashi,2
Takaoka,2
Shimonoseki,2
Shimoichi,2
Saga,2
N/A,2
Ōme,2
Okazaki,2
Nobeoka,2
Moriguchi,2
N/A,2
Matsumoto,2
Kurume,2
Komaki,2
N/A,2
N/A,2
Kawanishi,2
Kamakura,2
Itami,2
Isesaki,2
Iizuka,2
Higashi-ōsaka,2
Awara,2
Okinawa,2
Hikari,2
N/A,2
Yotsukaidō,2
Morioka,2
Hitachi,2
N/A,2
Fukushima,2
Akita,2
Muroran,2
Hirosaki,2
Hakodate,2
New York City,2
San Francisco,2
Vancouver,2
Neyagawa,2
N/A,2
Kashiba,2
Shimotsuke,2
Habikino,2
N/A,2
N/A,2
N/A,2
N/A,2
N/A,2
N/A,2
N/A,2
N/A,2
N/A,2
N/A,2
N/A,2
N/A,2
N/A,2
N/A,2
N/A,2
N/A,2
N/A,2
N/A,2
N/A,2
N/A,2
N/A,2
N/A,2
N/A,2
N/A,2
N/A,2
N/A,2
N/A,2
N/A,2
N/A,2
N/A,2
N/A,2
N/A,2
N/A,2
N/A,2
Matsusaka,2
Chūō,2
N/A,2
N/A,2
N/A,2
N/A,2
N/A,2
N/A,2
N/A,2
N/A,2
N/A,2
N/A,2
N/A,2
N/A,2
N/A,2
Amman,1
Ţanţā,1
Nizhniy Novgorod,1
Hyderabad,1
Bhubaneshwar,1
Tyumen,1
Ürümqi,1
Hanoi,1
Hải Dương,1
Bến Tre,1
Hsinchu,1
Davao,1
Rawang,1
Shangqiu,1
Yulin,1
N/A,1
Xinxiang,1
Tongling,1
Taizhou,1
Nanyang,1
Luoyang,1
