name,unique_exits,total_exits,exit_rate
/3.12/,339,351,
/3.12/tutorial/index.html,183,193,
/3.12/using/windows.html,177,180,
/3.12/whatsnew/3.12.html,111,111,
/3.12/library/functions.html,96,104,
/3.12/library/stdtypes.html,87,92,
/3.12/search.html,72,76,
/3.12/library/typing.html,65,66,
/3.12/library/index.html,61,61,
/3.12/tutorial/,51,57,
/3.12/library/datetime.html,46,48,
/3/,45,47,
/3.12/library/,44,47,
/3.12/index.html,43,43,
/3.12/tutorial/controlflow.html,42,43,
/3.12/library/pathlib.html,37,38,
/3.12/tutorial/interpreter.html,36,39,
/3.12/library/tkinter.html,33,36,
/3.12/tutorial/introduction.html,33,37,
/zh-cn/3.12/tutorial/index.html,32,40,
/3.12/library/os.html,31,32,
/3.12/library/re.html,30,30,
/3.12/tutorial/appetite.html,26,26,
/zh-cn/3.12/,26,26,
/3.12/library/exceptions.html,25,25,
/ko/3.12/library/functions.html,22,22,
/dev/using/windows.html,20,19,
/3.12/reference/datamodel.html,19,20,
/zh-cn/3.12/c-api/concrete.html,18,18,
/3.12/download.html,17,17,
/3.12/library/random.html,17,18,
/3.12/tutorial/classes.html,17,17,
/3.12/tutorial/datastructures.html,17,17,
/zh-cn/3.12//whatsnew/3.12.html,17,17,
/zh-cn/3.12/download.html,17,17,
/3.12/library/dataclasses.html,16,16,
/3.12/library/os.path.html,16,17,
/3.12/library/sys.html,16,16,
/3.12/library/threading.html,16,16,
/3.12/library/itertools.html,15,15,
/zh-cn/3.12/c-api/intro.html,15,15,
/3.12/library/argparse.html,14,15,
/3.12/library/asyncio.html,14,14,
/3.12/library/collections.html,14,14,
/3.12/library/logging.html,14,14,
/3.12/py-modindex.html,14,15,
/3/library/stdtypes.html,14,14,
/it/3.12/library/sys.html,14,14,
/3.12/installing/index.html,13,13,
/3.12/library/csv.html,13,13,
/3.12/library/multiprocessing.html,13,13,
/3.12/library/shutil.html,13,13,
/3.12/library/subprocess.html,13,15,
/3/tutorial/index.html,13,12,
/zh-cn/3.12/library/threading.html,13,13,
/zh-cn/3.12/library/asyncio-task.html,12,12,
/3.12/glossary.html,11,11,
/3.12/library/math.html,11,11,
/3.12/library/venv.html,11,12,
/3.14/,11,11,
/ko/3.12/library/email.compat32-message.html,11,11,
/zh-cn/3.12/index.html,11,11,
/zh-cn/3.12/tutorial/introduction.html,11,11,
/zh-cn/3.12/whatsnew/3.12.html,11,11,
/3.12/library/concurrent.futures.html,10,10,
/3.12/library/socket.html,10,10,
/3.12/library/unittest.mock.html,10,10,
/3/library/logging.html,10,10,
/ko/3.12/c-api/init.html,10,10,
/ko/3.12/library/email.html,10,10,
/ko/3.12/library/netdata.html,10,10,
/ko/3.12/reference/simple_stmts.html,10,10,
/zh-cn/3.12/tutorial/controlflow.html,10,10,
/3.12/library/asyncio-task.html,9,9,
/3.12/library/io.html,9,10,
/3.12/library/json.html,9,9,
/ko/3.12/library/nntplib.html,9,9,
/zh-cn/3.12/library/index.html,9,9,
/zh-cn/3.12/tutorial/modules.html,9,9,
/3.12/library/inspect.html,8,8,
/3.12/library/time.html,8,9,
/3.12/library/unittest.html,8,9,
/3.12/reference/index.html,8,8,
/3.12/reference/lexical_analysis.html,8,8,
/3.12/tutorial/modules.html,8,9,
/3.12/whatsnew/changelog.html,8,14,
/3/library/functions.html,8,7,
/3/search.html,8,8,
/it/3.12/whatsnew/changelog.html,8,8,
/ko/3.12/c-api/long.html,8,8,
/ko/3.12/reference/expressions.html,8,8,
/pt-br/3.12/tutorial/index.html,8,8,
/zh-cn/3.12/library/stdtypes.html,8,8,
/zh-cn/3.12/reference/lexical_analysis.html,8,8,
/zh-cn/3.12/tutorial/datastructures.html,8,9,
/zh-cn/3.12/tutorial/interpreter.html,8,9,
/zh-cn/3.12/using/windows.html,8,8,
/3.12/contents.html,7,7,
/3.12/library/collections.abc.html,7,7,
/3.12/library/urllib.request.html,7,7,
