name,visitors,bounce_rate,visit_duration
Google,672,78,137
Direct / None,522,64,186
Bing,69,82,78
Brave,31,86,236
python.org,28,0,181
DuckDuckGo,25,92,66
openclassrooms.com,19,89,3
Qwant,18,78,63
chatgpt.com,17,69,259
Yahoo!,14,60,221
Ecosia,13,54,203
Baidu,4,100,0
moodle.unil.ch,4,100,0
wiki.python.org,4,25,207
cs50.harvard.edu,3,0,677
Facebook,2,0,66
Perplexity,2,100,0
claurendeau.moodle.decclic.qc.ca,2,50,10
masterpython.com,2,25,1085
qna.habr.com,2,0,46
train.learn.datascientest.com,2,100,0
Quora,1,100,0
Reddit,1,0,101
Youtube,1,100,0
copilot.microsoft.com,1,100,0
edu.ge.ch,1,100,0
ena.etsmtl.ca,1,100,0
exegol.readthedocs.io,1,0,58
extenzilla.org,1,0,92
kivy.org,1,0,19
levavasseur.xyz,1,0,85
lire.amazon.fr,1,0,394
lyc-84-bollene.gitlab.io,1,100,0
nexgenixpromotion.udemy.com,1,100,0
nohtyprm.github.io,1,100,0
note.nkmk.me,1,0,940
overleaf.com,1,100,0
toulouse-didier.e-monsite.com,1,100,0
udemy.com,1,0,37
