name,visitors,pageviews,bounce_rate,time_on_page,scroll_depth
/3.12/,611,833,67,22,74
/3.12/tutorial/index.html,267,295,72,25,47
/3.12/using/windows.html,174,197,73,33,22
/3.12/whatsnew/3.12.html,170,163,74,36,17
/3.12/search.html,160,243,29,16,41
/3.12/library/stdtypes.html,145,146,75,59,44
/3.12/library/index.html,122,133,44,18,42
/3.12/library/functions.html,117,134,82,95,53
/3.12/index.html,88,88,57,11,77
/3.12/library/,82,91,67,26,27
/3.12/tutorial/,78,106,55,73,52
/3.12/library/typing.html,74,70,74,31,49
/3.12/tutorial/interpreter.html,67,69,75,141,75
/3.12/tutorial/introduction.html,60,67,65,158,51
/3.12/glossary.html,52,58,61,37,60
/3.12/tutorial/controlflow.html,52,56,88,134,31
/3.12/tutorial/datastructures.html,51,42,81,78,51
/zh-cn/3.12/,48,60,67,13,87
/3.12/library/pathlib.html,47,45,60,61,54
/3.12/library/datetime.html,45,47,88,38,48
/3.12/installing/index.html,43,33,100,46,57
/3.12/library/os.html,42,45,69,60,41
/3.12/tutorial/appetite.html,41,39,71,68,90
/zh-cn/3.12/tutorial/index.html,41,62,50,32,64
/zh-cn/3.12/library/index.html,39,42,36,14,38
/3.12/library/exceptions.html,37,38,86,65,54
/3.12/library/itertools.html,35,33,88,57,40
/3.12/library/re.html,34,36,83,96,61
/3.12/download.html,31,28,80,28,89
/3.12/library/random.html,31,35,79,32,39
/3.12/reference/index.html,29,45,40,18,77
/3.12/library/asyncio.html,28,27,23,28,71
/3.12/library/logging.html,27,25,92,23,47
/3.12/library/asyncio-task.html,26,27,90,109,44
/3.12/library/sys.html,26,21,100,39,55
/3.12/py-modindex.html,26,20,80,47,56
/3.12/library/threading.html,24,22,90,59,49
/3.12/library/os.path.html,22,21,75,42,51
/3.12/reference/datamodel.html,22,24,75,45,45
/3.12/library/argparse.html,21,18,87,74,29
/3.12/library/subprocess.html,21,20,100,42,29
/zh-cn/3.12/download.html,21,21,71,17,81
/zh-cn/3.12/search.html,21,34,33,9,56
/zh-cn/3.12/tutorial/introduction.html,21,20,80,259,69
/3.12/library/concurrent.futures.html,20,18,80,74,57
/zh-cn/3.12/tutorial/controlflow.html,20,17,25,225,61
/3.12/tutorial/modules.html,19,14,100,52,36
/zh-cn/3.12/tutorial/appetite.html,19,14,43,17,81
/3.12/library/dataclasses.html,18,17,89,154,50
/3.12/library/enum.html,18,18,89,17,41
/3.12/tutorial/classes.html,18,17,75,285,53
/3.12/using/index.html,18,18,33,62,62
/3.12/howto/index.html,17,23,25,13,85
/3.12/library/csv.html,17,16,88,131,51
/3.12/reference/compound_stmts.html,17,19,67,100,31
/zh-cn/3.12/glossary.html,17,16,89,88,21
/zh-cn/3.12/index.html,17,19,38,11,80
/3.12/library/functools.html,16,15,83,31,57
/3.12/library/multiprocessing.html,16,16,88,115,30
/3.12/library/sqlite3.html,16,14,78,25,20
/ja/3.12/library/index.html,16,28,57,41,55
/zh-cn/3.12/library/functions.html,16,14,100,75,49
/3.12/library/collections.html,15,14,91,15,34
/3.12/library/idle.html,15,21,69,33,30
/3.12/library/tkinter.html,15,17,85,41,47
/zh-cn/3.12/reference/index.html,15,24,50,17,85
/zh-cn/3.12/tutorial/interpreter.html,15,10,50,115,95
/3.12/library/io.html,14,16,83,24,54
/3.12/library/json.html,14,11,100,130,40
/zh-cn/3.12/whatsnew/3.12.html,14,15,67,211,31
/3.12/contents.html,13,11,50,13,2
/ko/3.12/tutorial/index.html,13,35,100,22,64
/zh-cn/3.12/contents.html,13,16,67,30,21
/zh-cn/3.12/py-modindex.html,13,13,88,25,65
/zh-cn/3.12/tutorial/datastructures.html,13,11,80,95,46
/3.12/genindex.html,12,9,0,6,100
/3.12/license.html,12,11,71,20,36
/3.12/reference/expressions.html,12,9,0,123,49
/zh-cn/3.12/tutorial/classes.html,12,11,50,73,49
/3.12/c-api/index.html,11,12,0,7,70
/3.12/library/2to3.html,11,11,86,13,53
/3.12/library/cgi.html,11,11,75,10,24
/3.12/library/venv.html,11,10,71,100,16
/fr/3.12/library/stdtypes.html,11,12,100,149,4
/zh-cn/3.12/library/xml.html,11,11,100,2,34
/3.12/howto/sorting.html,10,7,67,11,65
/3.12/library/shutil.html,10,9,80,15,51
/3.12/reference/import.html,10,9,100,50,46
/3.12/reference/lexical_analysis.html,10,8,100,30,52
/3.12/tutorial/inputoutput.html,10,6,100,262,66
/3.12/tutorial/stdlib.html,10,8,0,91,63
/ja/3.12/index.html,10,14,29,6,66
/ko/3.12/tutorial/datastructures.html,10,7,0,122,72
/zh-cn/3.12/library/asyncio.html,10,10,25,8,69
/zh-cn/3.12/library/stdtypes.html,10,10,100,31,35
/zh-cn/3.12/using/index.html,10,8,100,15,83
/zh-cn/3.12/using/windows.html,10,10,100,174,39
/3.12/library/array.html,9,11,75,47,74
/3.12/library/contextlib.html,9,8,80,18,50
/3.12/library/queue.html,9,11,80,130,76
