name,visitors
China,2022
Japan,626
United States,467
India,268
Ukraine,184
France,171
Russian Federation,169
Germany,135
Brazil,118
South Korea,116
United Kingdom,113
Vietnam,105
Singapore,98
Spain,90
Mexico,67
Hong Kong,59
Poland,53
Canada,51
Colombia,47
Argentina,44
Taiwan,42
Italy,39
Netherlands,33
Australia,29
Sweden,27
Turkey,26
Morocco,24
Peru,23
Philippines,23
Venezuela,22
Indonesia,21
Nigeria,21
Czechia,19
Switzerland,18
Chile,18
Ecuador,18
Israel,18
Belgium,15
Pakistan,15
South Africa,15
Austria,14
Bangladesh,14
Egypt,14
Malaysia,14
Portugal,14
Belarus,13
Uzbekistan,13
Greece,12
Romania,12
Saudi Arabia,12
Nepal,11
Algeria,10
Finland,10
Tunisia,10
Bolivia,9
Hungary,9
Serbia,9
Thailand,9
Denmark,7
Dominican Republic,7
Kenya,7
Cameroon,6
Lithuania,6
Myanmar,6
Oman,6
Ghana,5
Iraq,5
Lebanon,5
Latvia,5
Moldova,5
Norway,5
Slovenia,5
Senegal,5
El Salvador,5
Tanzania,5
United Arab Emirates,4
Azerbaijan,4
"Congo, The Democratic Republic of the",4
Guatemala,4
Croatia,4
New Zealand,4
Uruguay,4
Angola,3
Bulgaria,3
Benin,3
Costa Rica,3
Cuba,3
Ethiopia,3
Honduras,3
Ireland,3
Luxembourg,3
Slovakia,3
Albania,2
Bosnia and Herzegovina,2
Côte d'Ivoire,2
Cyprus,2
Georgia,2
Jordan,2
Kazakhstan,2
Madagascar,2
North Macedonia,2
Mauritius,2
Maldives,2
Panama,2
Paraguay,2
Réunion,2
Sudan,2
Tajikistan,2
Uganda,2
Zambia,2
Zimbabwe,2
Bahrain,1
Curaçao,1
Djibouti,1
Estonia,1
Gabon,1
Guinea,1
Equatorial Guinea,1
Kyrgyzstan,1
Cambodia,1
Sri Lanka,1
Mali,1
Puerto Rico,1
Qatar,1
Togo,1
Trinidad and Tobago,1
Kosovo,1
Yemen,1
