name,version,visitors
Windows,10,80663
Mac,10.15,32107
GNU/Linux,(not set),10849
Android,10,8312
iOS,18.3,3870
Ubuntu,(not set),3585
Android,14,2483
Android,13,1628
Android,12,1483
Chrome OS,14541.0,913
Android,11,645
Android,15,568
iOS,18.1,289
iOS,17.6,222
Windows,7,221
iOS,18.4,175
iOS,18.2,147
iOS,16.7,145
Android,9,139
iOS,18.0,112
HarmonyOS,(not set),107
iOS,15.8,103
iOS,17.5,93
Android,8.1,93
HarmonyOS,3.0,72
iOS,17.4,52
iOS,17.7,50
iOS,16.6,47
iOS,17.1,44
iOS,16.1,39
Windows,8.1,39
iOS,16.3,36
HarmonyOS,2.2,36
iOS,17.3,33
iOS,17.2,27
Android,8.0,27
Mac,10.14,19
iOS,16.5,19
(not set),(not set),18
iOS,19.0,17
iOS,16.0,16
iPadOS,17.6,14
Android,7.1,14
Windows,8,14
Mac,10.13,13
Chrome OS,14816.131,13
iOS,15.7,13
iOS,17.0,13
iOS,16.2,11
Windows,Server 2003,11
iOS,12.5,10
iOS,15.4,10
iOS,15.6,10
Mac,10.12,9
iPadOS,16.7,9
iOS,15.0,8
iOS,15.5,8
iPadOS,15.8,8
iPadOS,17.5,8
Chrome OS,14092.77,7
iPadOS,16.2,7
iOS,16.4,7
Fire OS,7,7
Mac,10.11,6
iOS,15.3,6
iOS,18.5,6
Android,7.0,6
Mac,(not set),5
iOS,11.0,5
iPadOS,17.7,5
Windows,(not set),4
iOS,13.6,4
Chrome OS,13597.84,4
iOS,14.4,4
iPadOS,15.5,4
HarmonyOS,2.1,4
Android,5.0,4
iOS,10.3,3
iOS,13.3,3
iOS,14.6,3
iOS,15.1,3
Tizen,4.0,3
iOS,4.3,3
Android,6.0,3
Fire OS,8,3
Windows,Vista,3
Fedora,(not set),2
Android,(not set),2
Mac,10.9,2
iOS,14.7,2
iOS,14.8,2
iPadOS,16.3,2
iPadOS,16.6,2
iPadOS,17.3,2
iPadOS,17.4,2
Firefox OS,(not set),1
FreeBSD,(not set),1
RedOS,(not set),1
Android,10.1,1
Mac,10.5,1
Mac,10.7,1
Chrome OS,10895.78,1
Mac,11.0,1
iOS,12.1,1
iOS,12.3,1
Chrome OS,13099.85,1
Chrome OS,13904.97,1
Chrome OS,13982.88,1
Mac,14.0,1
Ubuntu,14.04,1
Android,14.1,1
iOS,14.2,1
iOS,14.5,1
Chrome OS,14469.41,1
Chrome OS,14989.107,1
iOS,15.2,1
iPadOS,15.7,1
Android,16,1
iPadOS,17.1,1
webOS,3,1
Tizen,3.0,1
webOS,3.8,1
Fire OS,5,1
HarmonyOS,5.0,1
Tizen,5.0,1
Chrome OS,8172.45,1
