name,visitors
France,2409
Morocco,85
Canada,80
Tunisia,79
Belgium,69
Switzerland,61
Singapore,56
Côte d'Ivoire,50
Algeria,49
Cameroon,41
Benin,36
Senegal,35
Madagascar,24
"Congo, The Democratic Republic of the",22
United States,15
Togo,13
Burkina Faso,12
Germany,12
Réunion,12
China,11
Guadeloupe,10
Italy,10
Spain,9
United Kingdom,9
India,9
Mali,8
Martinique,8
Netherlands,7
Russian Federation,7
French Polynesia,6
Burundi,4
Brazil,4
Congo,4
Egypt,4
Gabon,4
Haiti,4
Ireland,4
Mexico,4
French Guiana,3
Poland,3
Chad,3
Albania,2
Djibouti,2
Guinea,2
Croatia,2
Iran,2
Japan,2
South Korea,2
Lebanon,2
Luxembourg,2
Monaco,2
Mauritius,2
Argentina,1
Denmark,1
Dominican Republic,1
Georgia,1
Indonesia,1
Iraq,1
Montenegro,1
Niger,1
Nigeria,1
Thailand,1
