name,visitors,pageviews,bounce_rate,time_on_page,scroll_depth
/3.14/using/windows.html,3934,4641,70,39,14
/3.14/tutorial/index.html,3800,4246,67,43,47
/3.14/,1501,1839,50,29,79
/3.14/index.html,1233,1254,58,18,71
/3.14/whatsnew/3.14.html,980,1047,73,63,14
/3.14/tutorial/appetite.html,557,514,53,78,87
/3.14/tutorial/interpreter.html,538,535,69,76,69
/3.14/tutorial/,487,540,64,38,54
/zh-cn/3.14/,445,533,29,17,81
/3.14/search.html,424,672,41,18,53
/zh-cn/3.14/tutorial/index.html,420,512,41,38,67
/3.14/library/index.html,349,459,47,53,41
/3.14/tutorial/introduction.html,319,333,58,163,55
/3.14/library/stdtypes.html,223,261,70,80,42
/zh-cn/3.14/library/index.html,216,272,45,53,53
/3.14/tutorial/controlflow.html,213,238,76,159,37
/3.14/library/functions.html,208,230,78,55,46
/zh-cn/3.14/tutorial/introduction.html,185,196,59,188,59
/zh-cn/3.14/tutorial/controlflow.html,184,193,68,214,51
/zh-cn/3.14/tutorial/interpreter.html,168,161,56,100,85
/3.14/reference/index.html,164,210,23,70,69
/zh-cn/3.14/index.html,159,225,40,17,81
/3.14/installing/index.html,151,128,59,31,65
/3.14/glossary.html,143,133,50,41,40
/zh-cn/3.14/search.html,139,206,43,20,100
/zh-cn/3.14/whatsnew/3.14.html,137,147,52,203,28
/zh-cn/3.14/glossary.html,116,102,44,49,49
/zh-cn/3.14/reference/index.html,115,143,48,36,78
/zh-cn/3.14/tutorial/appetite.html,109,92,46,73,91
/es/3.14/,106,122,46,12,74
/zh-cn/3.14/library/functions.html,104,95,60,72,39
/es/3.14/tutorial/index.html,102,111,57,34,44
/3.14/download.html,101,83,32,25,93
/zh-cn/3.14/contents.html,101,107,38,43,16
/3.14/tutorial/datastructures.html,100,112,67,102,40
/zh-cn/3.14/library/stdtypes.html,100,106,76,140,43
/3.14/using/index.html,95,101,36,17,71
/zh-cn/3.14/tutorial/datastructures.html,86,92,65,231,54
/3.14/contents.html,82,84,32,25,12
/zh-cn/3.14/using/windows.html,82,71,74,66,27
/3.14/using/mac.html,79,79,76,50,50
/3.14/using/cmdline.html,76,71,77,610,28
/3.14/py-modindex.html,74,72,82,32,53
/es/3.14/search.html,73,126,28,18,62
/zh-cn/3.14/howto/index.html,73,85,41,32,92
/zh-cn/3.14/download.html,72,68,55,33,96
/3.14/tutorial/classes.html,68,64,72,108,52
/pt-br/3.14/,68,85,36,13,76
/zh-cn/3.14/using/index.html,68,74,57,14,83
/3.14/tutorial/modules.html,67,66,41,122,48
/zh-cn/3.14/tutorial/classes.html,62,63,74,239,68
/3.14/reference/lexical_analysis.html,61,73,55,107,49
/zh-cn/3.14/installing/index.html,60,71,35,47,77
/3.14/library/os.html,59,54,50,108,39
/fr/3.14/,57,57,23,20,72
/zh-cn/3.14/tutorial/inputoutput.html,57,52,47,181,59
/3.14/library/idle.html,55,54,91,41,32
/3.14/tutorial/inputoutput.html,55,44,67,150,58
/ja/3.14/,55,65,50,15,78
/3.14/reference/datamodel.html,54,50,67,66,42
/fr/3.14/tutorial/index.html,53,62,53,44,49
/3.14/howto/index.html,51,54,50,15,83
/3.14/tutorial/venv.html,51,39,44,60,62
/zh-cn/3.14/tutorial/errors.html,51,43,73,200,49
/zh-cn/3.14/tutorial/modules.html,51,49,67,232,48
/3.14/library/string.html,49,46,92,650,45
/pt-br/3.14/tutorial/index.html,49,61,58,63,58
/3.14/library/,48,47,79,18,25
/3.14/tutorial/appendix.html,48,41,86,31,68
/3.14/whatsnew/changelog.html,48,45,82,78,8
/zh-cn/3.14/reference/datamodel.html,48,50,53,115,52
/zh-cn/3.14/tutorial/stdlib2.html,47,40,50,153,77
/zh-cn/3.14/tutorial/stdlib.html,46,44,56,129,69
/3.14/library/typing.html,45,44,85,55,46
/fr/3.14/search.html,45,70,50,59,51
/zh-cn/3.14/tutorial/,44,62,54,136,60
/3.14/whatsnew/index.html,43,46,29,7,11
/es/3.14/tutorial/introduction.html,43,45,87,225,52
/zh-cn/3.14/tutorial/venv.html,43,41,29,67,78
/3.14/tutorial/errors.html,42,39,43,79,31
/ja/3.14/tutorial/index.html,41,66,38,51,57
/3.14/reference/introduction.html,40,36,50,104,66
/zh-cn/3.14/py-modindex.html,40,46,20,17,48
/3.14/library/random.html,39,53,74,42,29
/3.14/library/tkinter.html,39,40,80,33,27
/zh-cn/3.14/reference/lexical_analysis.html,39,44,58,40,42
/pt-br/3.14/library/index.html,38,65,67,43,38
/es/3.14/tutorial/interpreter.html,37,34,83,84,71
/3.14/genindex.html,36,38,40,15,100
/3.14/library/pathlib.html,36,34,25,115,43
/3.14/reference/expressions.html,35,34,58,36,53
/zh-cn/3.14/reference/compound_stmts.html,35,38,70,145,56
/3.14/library/exceptions.html,34,31,80,56,43
/3.14/library/re.html,34,30,100,164,58
/es/3.14/library/index.html,34,35,60,134,30
/pt-br/3.14/search.html,34,43,75,16,57
/zh-cn/3.14/library/tkinter.html,34,35,36,102,44
/zh-cn/3.14/tutorial/appendix.html,34,27,0,35,73
/3.14/tutorial/stdlib.html,33,31,50,92,51
/es/3.14/library/functions.html,33,41,72,156,39
