name,visitors,bounce_rate,visit_duration
Direct / None,85,52,342
google.com,28,86,129
python.org,10,0,174
chatgpt.com,3,100,10
avesis.yildiz.edu.tr,2,0,200
google.com.tr,1,100,0
m.baidu.com/from=1020761t/bd_page_type=1/ssid=0/uid=0/pu=usm%400%2Csz%401320_1001%2Cta%40iphone_2_10.0_19_24.3/baiduid=B6B3CDDF9108C2739024E4E6048713B0/w=0_10_/t=iphone/l=1/tc,1,100,0
werhere-it-academy.gitbook.io/werhere-it-academy-handbook/it-fundamentals-eng/python-module/week-4/errors-and-exceptions,1,0,845
yandex.com.tr,1,100,0
