name,unique_exits,total_exits,exit_rate
/en/latest/tutorials/installing-packages/,4284,4374,
/en/latest/guides/installing-using-pip-and-virtual-environments/,646,675,
/en/latest/tutorials/packaging-projects/,606,628,
/en/latest/guides/tool-recommendations/,544,546,
/en/latest/guides/writing-pyproject-toml/,499,517,
/en/latest/,280,284,
/en/latest/key_projects/,178,182,
/en/latest/glossary/,164,163,
/en/latest/overview/,106,108,
/en/latest/guides/distributing-packages-using-setuptools/,77,79,
/en/latest/guides/installing-using-linux-tools/,69,69,
/en/latest/specifications/dependency-specifiers/,58,59,
/en/latest/discussions/src-layout-vs-flat-layout/,56,57,
/en/latest/tutorials/managing-dependencies/,49,49,
/en/latest/flow/,43,43,
/en/latest/specifications/pyproject-toml/,38,39,
/en/latest/guides/creating-command-line-tools/,34,35,
/en/latest/guides/,31,31,
/en/latest/guides/installing-stand-alone-command-line-tools/,31,33,
/en/latest/guides/packaging-namespace-packages/,31,32,
/en/latest/guides/section-install/,31,31,
/en/latest/search/,31,31,
/en/latest/specifications/version-specifiers/,26,26,
/en/latest/tutorials/,25,25,
/en/latest/guides/analyzing-pypi-package-downloads/,23,23,
/en/latest/guides/publishing-package-distribution-releases-using-github-actions-ci-cd-workflows/,22,22,
/en/latest/specifications/core-metadata/,22,22,
/en/latest/guides/section-build-and-publish/,21,21,
/en/latest/specifications/externally-managed-environments/,21,21,
/en/latest/discussions/pip-vs-easy-install/,20,20,
/en/latest/specifications/inline-script-metadata/,20,20,
/en/latest/guides/packaging-binary-extensions/,19,19,
/en/latest/discussions/package-formats/,18,18,
/en/latest/discussions/versioning/,18,18,
/en/latest/guides/installing-scientific-packages/,18,18,
/en/latest/guides/installing-using-virtualenv/,18,18,
/en/latest/guides/modernize-setup-py-project/,18,18,
/en/latest/specifications/,18,18,
/en/latest/specifications/entry-points/,17,17,
/en/latest/guides/creating-and-discovering-plugins/,15,15,
/en/latest/guides/hosting-your-own-index/,15,16,
/en/latest/specifications/binary-distribution-format/,13,13,
/en/latest/discussions/deploying-python-applications/,12,12,
/en/latest/specifications/dependency-groups/,12,13,
/en/latest/specifications/pypirc/,12,13,
/en/latest/discussions/distribution-package-vs-import-package/,11,11,
/en/latest/discussions/setup-py-deprecated/,11,12,
/en/latest/discussions/single-source-version/,11,11,
/en/latest/guides/using-testpypi/,11,12,
/en/latest/guides/using-manifest-in/,10,10,
/en/latest/discussions/install-requires-vs-requirements/,9,9,
/en/latest/guides/index-mirrors-and-caches/,9,9,
/en/latest/specifications/platform-compatibility-tags/,7,7,
/en/latest/specifications/simple-repository-api/,7,7,
/en/latest/guides/making-a-pypi-friendly-readme/,6,6,
/en/latest/specifications/name-normalization/,6,5,
/en/latest/specifications/pylock-toml/,6,10,
/en/latest/specifications/section-distribution-metadata/,6,6,
/en/latest/guides/licensing-examples-and-user-scenarios/,5,5,
/en/latest/guides/migrating-to-pypi-org/,5,5,
/en/latest/specifications/virtual-environments/,4,4,
/pt-br/latest/tutorials/installing-packages/,4,4,
/en/latest/contribute/,2,2,
/en/latest/discussions/,2,3,
/en/latest/guides/dropping-older-python-versions/,2,2,
/en/latest/guides/multi-version-installs/,2,2,
/en/latest/news/,2,2,
/en/latest/specifications/direct-url-data-structure/,2,2,
/en/latest/specifications/direct-url/,2,2,
/en/latest/specifications/section-distribution-formats/,2,2,
/en/latest/specifications/well-known-project-urls/,2,2,
/ja/latest/tutorials/installing-packages/,2,2,
/pt-br/latest/discussions/,2,2,
/en/latest/guides/section-hosting/,1,1,
/en/latest/guides/single-sourcing-package-version/,1,1,
/en/latest/specifications/glob-patterns/,1,1,
/en/latest/specifications/recording-installed-packages/,1,1,
/en/latest/specifications/section-installation-metadata/,1,1,
/en/latest/specifications/section-python-description-formats/,1,1,
/en/latest/specifications/section-reproducible-environments/,1,1,
/en/latest/specifications/source-distribution-format/,1,1,
/ja/latest/glossary/,1,1,
/ja/latest/specifications/recording-installed-packages/,1,1,
/pt-br/latest/guides/writing-pyproject-toml/,1,1,
/pt-br/latest/tutorials/packaging-projects/,1,1,
