name,version,visitors
Chrome,133.0,861
Chrome,132.0,693
Mobile App,(not set),469
Microsoft Edge,133.0,274
Safari,18.3,189
Firefox,135.0,170
Safari,18.1,63
Chrome,131.0,62
Safari,17.6,40
Microsoft Edge,132.0,33
Safari,18.2,32
Mobile App,97.0,31
Safari,17.5,15
Safari,16.6,12
Chrome,130.0,11
Safari,15.6,9
Safari,18.0,9
Firefox,128.0,8
Chrome,128.0,8
Firefox,134.0,8
Microsoft Edge,131.0,7
Safari,16.0,7
MIUI Browser,19.0,7
Chrome,109.0,6
Chrome,123.0,6
Chrome,129.0,6
Huawei Browser Mobile,15.0,6
Chrome,134.0,5
Safari,16.1,5
Safari,17.4,5
vivo Browser,23.1,5
Samsung Browser,27.0,5
Safari,(not set),4
Chrome,120.0,4
Chrome,122.0,4
Chrome,125.0,4
Chrome,126.0,4
Microsoft Edge,130.0,4
Mobile Silk,130.7,4
Firefox,133.0,4
Safari,16.3,4
Safari,17.1,4
Rakuten Web Search,6.114,4
Quark,7.8,4
Firefox,115.0,3
Firefox,125.0,3
Chrome,127.0,3
QQ Browser,13.6,3
Firefox,132.0,3
Huawei Browser Mobile,16.0,3
Safari,17.8,3
vivo Browser,23.3,3
Quark,(not set),2
(not set),(not set),2
Firefox,123.0,2
Chrome,124.0,2
Iron,129.0,2
Microsoft Edge,134.0,2
Safari,14.1,2
Safari,17.10,2
Safari,17.2,2
UC Browser,17.3,2
Safari,17.3,2
Sogou Explorer,2,2
vivo Browser,22.5,2
vivo Browser,23.2,2
Sleipnir,4.8,2
Firefox,79.0,2
Chrome,92.0,2
Android Browser,(not set),1
Chrome,101.0,1
Chrome,104.0,1
Mobile Silk,108.16,1
Microsoft Edge,109.0,1
Chrome,110.0,1
Firefox,111.0,1
Firefox,113.0,1
Opera,116.0,1
Mobile App,116.0,1
Chrome,116.0,1
Chrome,117.0,1
Firefox,119.0,1
Chrome,119.0,1
Microsoft Edge,119.0,1
Microsoft Edge,122.0,1
Firefox,125.2,1
Firefox,127.0,1
Microsoft Edge,128.0,1
Firefox,129.0,1
Safari,13.1,1
Mobile App,131.0,1
Microsoft Edge,132,1
Chrome,135.0,1
Firefox,136.0,1
vivo Browser,14.5,1
QQ Browser,15.9,1
Safari,16.2,1
UC Browser,17.2,1
Samsung Browser,22.1,1
vivo Browser,22.9,1
vivo Browser,23.0,1
115 Browser,24.4,1
Yandex Browser,25.2,1
Sleipnir,3.8,1
Pale Moon,33.6,1
LieBaoFast,5.28,1
Firefox,52.0,1
QQ Browser,6.2,1
Mobile App,61.0,1
Quark,7.2,1
Quark,7.3,1
Quark,7.7,1
Mobile App,70.0,1
Chrome,81.0,1
Opera,87.0,1
Yahoo! Mail,9.3,1
Mobile App,90.0,1
Microsoft Edge,92.0,1
Chrome,94.0,1
Chrome,95.0,1
Mobile App,99.0,1
