name,visitors,pageviews,bounce_rate,time_on_page,scroll_depth
/zh-tw/3.13/tutorial/index.html,174,218,63,35,55
/zh-tw/3/library/venv.html,83,90,87,29,27
/zh-tw/3/tutorial/index.html,72,85,74,24,63
/zh-tw/3/library/heapq.html,70,84,86,45,56
/zh-tw/3.13/tutorial/introduction.html,56,55,74,237,55
/zh-tw/3.13/,48,46,75,22,76
/zh-tw/3.13/tutorial/interpreter.html,44,45,57,96,80
/zh-tw/3.13/library/random.html,41,43,90,78,31
/zh-tw/dev/installing/index.html,39,37,88,39,65
/zh-tw/3.13/tutorial/appetite.html,38,34,27,68,95
/zh-tw/3.13/tutorial/inputoutput.html,36,36,79,17,26
/zh-tw/3/library/re.html,36,42,76,26,29
/zh-tw/3/library/index.html,33,41,64,23,34
/zh-tw/3.13/library/functions.html,32,35,80,97,56
/zh-tw/3/tutorial/interpreter.html,32,28,89,43,68
/zh-tw/3.13/library/json.html,30,30,96,52,39
/zh-tw/3/library/functions.html,29,31,73,80,22
/zh-tw/3.13/tutorial/classes.html,28,32,89,145,49
/zh-tw/3.13/tutorial/controlflow.html,26,26,91,78,41
/zh-tw/3.13/tutorial/datastructures.html,26,24,81,28,54
/zh-tw/3.13/library/os.path.html,25,28,86,50,39
/zh-tw/3/howto/sorting.html,25,31,81,34,33
/zh-tw/3.13/tutorial/floatingpoint.html,24,25,96,75,55
/zh-tw/3/tutorial/modules.html,24,32,81,173,52
/zh-tw/3.13/howto/sorting.html,23,23,95,23,39
/zh-tw/3.13/library/collections.html,23,22,95,42,56
/zh-tw/3.13/library/math.html,23,23,78,23,29
/zh-tw/3.13/using/mac.html,23,23,91,32,61
/zh-tw/3/howto/argparse.html,23,25,96,93,29
/zh-tw/3.13/library/string.html,22,25,73,70,49
/zh-tw/3.13/library/heapq.html,21,18,81,60,62
/zh-tw/3.13/library/index.html,19,47,20,54,41
/zh-tw/3/library/concurrent.futures.html,19,16,85,107,27
/zh-tw/3/tutorial/controlflow.html,19,21,87,56,44
/zh-tw/3.13/library/csv.html,17,17,93,51,29
/zh-tw/3/library/threading.html,17,17,81,68,28
/zh-tw/3/installing/index.html,16,14,91,20,60
/zh-tw/3/library/stdtypes.html,16,14,92,19,30
/zh-tw/dev/library/os.path.html,16,20,89,42,36
/zh-tw/3.13/library/stdtypes.html,15,11,60,54,50
/zh-tw/3.13/library/typing.html,15,14,92,15,20
/zh-tw/3.13/search.html,15,17,33,18,64
/zh-tw/3/tutorial/appetite.html,15,15,75,19,93
/zh-tw/3.13/library/bisect.html,14,12,100,47,61
/zh-tw/3.13/library/pathlib.html,14,14,73,39,55
/zh-tw/3/library/unittest.html,14,13,100,37,13
/zh-tw/3/tutorial/introduction.html,14,15,100,157,66
/zh-tw/3.13/contents.html,13,17,50,18,3
/zh-tw/3/tutorial/classes.html,13,11,90,50,28
/zh-tw/3.13/faq/windows.html,12,13,92,64,56
/zh-tw/3.13/index.html,12,10,100,15,68
/zh-tw/3.13/library/__main__.html,11,11,90,12,34
/zh-tw/3.13/tutorial/errors.html,11,12,91,37,65
/zh-tw/3.12/using/mac.html,10,13,80,25,42
/zh-tw/3.13/library/copy.html,10,9,88,38,87
/zh-tw/3.13/tutorial/venv.html,10,10,86,70,76
/zh-tw/3.13/using/windows.html,10,8,25,10,45
/zh-tw/3/howto/sockets.html,10,10,90,82,51
/zh-tw/3/library/asyncio.html,10,11,88,31,72
/zh-tw/3.13/library/operator.html,8,10,86,28,40
/zh-tw/3.13/library/time.html,8,8,86,33,17
/zh-tw/3.13/reference/index.html,8,13,0,10,76
/zh-tw/3.13/whatsnew/3.13.html,8,7,67,53,30
/zh-tw/3/,8,9,75,9,93
/zh-tw/3/library/functools.html,8,8,100,20,18
/zh-tw/3/reference/index.html,8,14,0,22,84
/zh-tw/3/tutorial/venv.html,8,7,80,47,54
/zh-tw/3.13/c-api/index.html,7,22,20,124,97
/zh-tw/3.13/installing/index.html,7,6,67,13,63
/zh-tw/3.13/library/enum.html,7,8,86,21,11
/zh-tw/3.13/library/itertools.html,7,10,75,83,34
/zh-tw/3.14/whatsnew/index.html,7,7,71,7,19
/zh-tw/3/reference/datamodel.html,7,6,100,6,12
/zh-tw/3/search.html,7,9,60,7,69
/zh-tw/3/tutorial/datastructures.html,7,7,50,94,41
/zh-tw/3/tutorial/inputoutput.html,7,8,100,83,57
/zh-tw/dev/whatsnew/3.13.html,7,8,88,37,11
/zh-tw/3.13/library/exceptions.html,6,6,100,18,85
/zh-tw/3.13/library/glob.html,6,9,88,33,42
/zh-tw/3.13/library/io.html,6,5,100,102,11
/zh-tw/3.13/tutorial/modules.html,6,5,100,26087,71
/zh-tw/3.15/whatsnew/3.15.html,6,4,67,52,76
/zh-tw/3/contents.html,6,6,100,39,4
/zh-tw/3/library/ast.html,6,6,83,97,14
/zh-tw/3/library/distutils.html,6,7,83,6,100
/zh-tw/3/library/uuid.html,6,6,100,12,50
/zh-tw/3/tutorial/floatingpoint.html,6,7,80,26,32
/zh-tw/dev/library/collections.html,6,6,80,14,29
/zh-tw/dev/library/csv.html,6,5,100,126,51
/zh-tw/dev/library/venv.html,6,6,83,17,29
/zh-tw/3.13/glossary.html,5,5,100,8,26
/zh-tw/3.13/library/gc.html,5,4,100,23,36
/zh-tw/3.13/library/statistics.html,5,5,75,14,20
/zh-tw/3.13/library/tkinter.html,5,5,100,4,10
/zh-tw/3.13/reference/import.html,5,4,100,38,30
/zh-tw/3/index.html,5,5,0,20,94
/zh-tw/3/library/abc.html,5,5,100,438,71
/zh-tw/3/library/math.html,5,5,100,23,28
/zh-tw/3/library/pdb.html,5,5,100,55,47
/zh-tw/3/library/unittest.mock.html,5,5,100,252,42
