name,visitors,bounce_rate,visit_duration
Google,979,71,177
Direct / None,498,64,279
Bing,68,57,316
openclassrooms.com,30,76,267
DuckDuckGo,25,62,184
python.org,24,0,431
Qwant,20,65,154
Ecosia,15,94,204
chatgpt.com,12,50,62
Brave,9,64,349
LinkedIn,8,100,0
Yahoo!,8,88,85
elearning.univ-eiffel.fr,6,100,0
Lilo,4,50,704
moodle.gymnasedebeaulieu.ch,3,33,48
moodle.u-paris.fr,3,67,564
GitHub,2,100,58
Reddit,2,0,140
fsg-pax-p-jhn01.pax.ulaval.ca,2,100,0
0800001s.index-education.net,1,100,0
Baidu,1,100,0
Facebook,1,0,160
Perplexity,1,0,5
avenel.pro,1,0,591
boot.dev,1,0,3136
campusnumerique.auf.org,1,0,5
capytale2.ac-paris.fr,1,100,0
celene.univ-orleans.fr,1,100,0
chat.mistral.ai,1,0,75
cs50.harvard.edu,1,0,26
cse2.jumpingcrab.com,1,100,0
eprel.u-pec.fr,1,0,20
foad-moodle.ensai.fr,1,50,873
guru99.com,1,0,238
iepsarlon.sharepoint.com,1,100,0
jhub3.cnam.fr,1,100,0
jupy.physique.u-paris.fr,1,100,0
learning.anaconda.cloud,1,0,498
learning.esiea.fr,1,100,0
leria-info.univ-angers.fr,1,100,976
moodle.epfl.ch,1,0,133
moodle.ipsa.fr,1,100,0
moodle.unil.ch,1,0,17
moodle.univ-ubs.fr,1,0,146
pixees.fr,1,100,0
python.developpez.com,1,100,0
python.sdv.u-paris.fr,1,100,0
replay.studi.fr,1,0,16
schooding.fr,1,100,0
sematext.com,1,0,4056
sfeir.dev,1,100,0
stat4decision.com,1,100,0
train.learn.datascientest.com,1,100,0
zestedesavoir.com,1,100,0
