name,unique_entrances,total_entrances,visit_duration
/3.13/,803,868,111
/3.13/tutorial/index.html,451,490,72
/3.13/tutorial/,291,310,156
/3.13/using/windows.html,287,304,67
/3/,245,248,466
/zh-cn/3.13/tutorial/index.html,223,231,121
/3.13/index.html,112,121,40
/3.13/library/functions.html,107,109,77
/3.13/whatsnew/3.13.html,101,102,77
/3.13/library/stdtypes.html,100,105,35
/3.13/library/,84,87,57
/3.13/tutorial/interpreter.html,80,90,115
/ja/3.13/library/datetime.html,79,79,52
/3.13/library/index.html,66,72,191
/3.13/tutorial/introduction.html,65,67,116
/3.13/search.html,62,69,272
/ja/3.13/library/logging.html,62,64,156
/3.13/tutorial/controlflow.html,60,71,210
/3.13/tutorial/appetite.html,51,54,159
/ja/3.13/library/pathlib.html,46,46,76
/es/3.13/library/tkinter.html,43,48,89
/ko/3.13/tutorial/index.html,41,43,175
/3.13/library/datetime.html,40,40,59
/zh-cn/3.13/,39,41,332
/ja/3.13/library/copy.html,38,38,28
/ja/3.13/library/re.html,38,43,271
/ja/3.13/py-modindex.html,38,38,37
/zh-cn/3.13/library/index.html,37,40,334
/3.13/library/os.html,33,33,61
/ja/3.13/tutorial/inputoutput.html,33,34,147
/3.13/library/tkinter.html,32,33,38
/dev/using/windows.html,32,32,842
/ja/3.13/library/csv.html,32,33,285
/ja/3.13/library/typing.html,32,34,55
/3.13/library/typing.html,31,33,41
/ja/3.13/library/dataclasses.html,31,31,34
/zh-cn/3.13/tutorial/appetite.html,31,31,271
/3.13/library/idle.html,30,31,3
/3.13/library/random.html,30,30,350
/ja/3.13/library/copyreg.html,30,30,0
/ja/3.13/library/enum.html,30,30,46
/ja/3.13/library/functions.html,30,31,298
/uk/3.13/extending/extending.html,29,29,0
/es/3.13/tutorial/index.html,27,28,60
/zh-cn/3.13/tutorial/interpreter.html,27,28,218
/zh-cn/3.13/tutorial/introduction.html,26,28,279
/ja/3.13/library/pickle.html,25,25,40
/ja/3.13/library/stdtypes.html,25,26,173
/zh-cn/3.13/tutorial/,25,30,217
/3.13/library/exceptions.html,24,26,168
/3.13/library/pathlib.html,24,25,6
/es/3.13/tutorial/datastructures.html,24,24,150
/ja/3.13/library/argparse.html,24,25,30
/fr/3.13/tutorial/classes.html,23,23,0
/fr/3.13/tutorial/errors.html,23,23,29
/ja/3.13/library/shutil.html,23,23,182
/uk/3.13/tutorial/index.html,23,24,65
/zh-cn/3.13/using/android.html,23,23,2
/3.13/tutorial/datastructures.html,22,23,172
/3/library/idle.html,22,22,668
/3/library/index.html,22,22,848
/ja/3.13/library/ctypes.html,22,24,39
/ja/3.13/tutorial/errors.html,22,22,23
/zh-cn/3.13/library/stdtypes.html,22,22,99
/ja/3.13/library/multiprocessing.html,21,21,0
/zh-cn/3.13/library/functions.html,21,22,26
/zh-cn/3.13/tutorial/controlflow.html,21,21,11
/3/tutorial/index.html,20,20,544
/ja/3.13/library/index.html,20,24,390
/ja/3.13/library/struct.html,20,22,24
/ja/3.13/tutorial/index.html,20,22,250
/3.13/glossary.html,19,19,253
/zh-cn/3/,19,19,396
/3.13/library/math.html,18,19,103
/3.13/tutorial/modules.html,18,18,98
/ja/3.13/library/decimal.html,18,18,0
/ja/3.13/library/exceptions.html,18,18,204
/ja/3.13/library/os.html,18,18,160
/ja/3.13/library/sqlite3.html,18,18,14
/3.13/reference/datamodel.html,17,17,13
/3.13/whatsnew/changelog.html,17,19,40
/ja/3.13/howto/sorting.html,17,17,4
/ja/3.13/library/subprocess.html,17,18,26
/ja/3.13/tutorial/,17,18,157
/3.13/reference/index.html,16,18,274
/3.14/,16,16,409
/es/3.13/tutorial/venv.html,16,20,78
/ja/3.13/library/queue.html,16,17,0
/uk/3.13/library/datetime.html,16,18,27
/uk/3.13/reference/datamodel.html,16,16,38
/zh-cn/3.13/whatsnew/3.13.html,16,16,45
/3.13/copyright.html,15,15,0
/3.13/library/logging.html,15,15,47
/ja/3.13/library/getopt.html,15,15,0
/ja/3.13/library/random.html,15,16,72
/ja/3.13/library/urllib.parse.html,15,15,123
/zh-cn/3.13/contents.html,15,15,304
/zh-cn/3.13/index.html,15,15,144
/3.13/library/turtle.html,14,15,18
/3/search.html,14,14,1014
/es/3.13/library/functions.html,14,14,16
/es/3.13/library/stdtypes.html,14,14,0
/fr/3.13/faq/windows.html,14,14,0
/ja/3.13/,14,14,146
/ja/3.13/library/os.path.html,14,16,15
/ja/3.13/library/urllib.error.html,14,14,28
/ja/3.13/library/zipapp.html,14,14,0
/uk/3.13/library/idle.html,14,14,116
/zh-cn/3.13/glossary.html,14,14,91
/zh-cn/3.13/search.html,14,17,55
/zh-cn/3.13/tutorial/datastructures.html,14,14,575
/zh-cn/3.13/using/mac.html,14,15,42
/3.13/library/re.html,13,14,2
/3.13/tutorial/classes.html,13,19,190
/es/3.13/library/idle.html,13,13,2
/es/3.13/library/index.html,13,15,157
/es/3.13/tutorial/classes.html,13,15,6
/fr/3.13/library/math.html,13,13,58
/fr/3.13/reference/import.html,13,14,93
/ja/3.13/library/aifc.html,13,13,0
/ja/3.13/library/contextvars.html,13,13,0
/ko/3.13/library/exceptions.html,13,15,144
/zh-cn/3.13/library/asyncio-task.html,13,15,11
/3.13/library/sys.html,12,12,140
/3/library/turtle.html,12,12,481
/es/3.13/tutorial/interpreter.html,12,16,64
/fr/3.13/library/zlib.html,12,12,9
/fr/3.13/tutorial/index.html,12,13,57
/ja/3.13/howto/logging.html,12,12,7
/ja/3.13/library/__main__.html,12,12,52
/ja/3.13/library/contextlib.html,12,13,44
/ja/3.13/library/ipaddress.html,12,16,0
/ja/3.13/library/socket.html,12,12,22
/ja/3.13/library/threading.html,12,13,174
/ja/3.13/reference/lexical_analysis.html,12,12,0
/ja/3.13/using/windows.html,12,12,0
/pt-br/3.13/tutorial/index.html,12,14,3
/uk/3.13/library/tkinter.html,12,12,86
/3.13/library/argparse.html,11,13,119
/3.13/py-modindex.html,11,14,20
/3.13/reference/expressions.html,11,11,52
/3/library/functions.html,11,12,297
/3/library/tkinter.html,11,11,503
/3/library/typing.html,11,12,349
/es/3.13/library/re.html,11,12,45
/ja/3.13/library/concurrent.futures.html,11,12,124
/ja/3.13/library/profile.html,11,13,272
/ja/3.13/library/tempfile.html,11,11,142
/ja/3.13/library/time.html,11,11,27
/ja/3.13/library/tkinter.ttk.html,11,12,14
/ja/3.13/library/uuid.html,11,12,0
/ja/3.13/library/zipfile.html,11,11,15
/ko/3.13/library/turtle.html,11,12,0
/uk/3.13/c-api/stable.html,11,11,0
/3.13/contents.html,10,10,33
/3.13/library/collections.html,10,10,19
/3.13/library/io.html,10,10,0
/3.13/library/json.html,10,10,123
/3/index.html,10,10,375
/3/library/stdtypes.html,10,10,494
/3/whatsnew/3.14.html,10,10,432
/fr/3.13/howto/sorting.html,10,10,30
/fr/3.13/library/turtle.html,10,10,34
/fr/3.13/tutorial/datastructures.html,10,10,183
/ja/3.13/library/asyncio-task.html,10,10,0
/ja/3.13/library/collections.abc.html,10,10,0
/ja/3.13/library/dialog.html,10,12,183
/ja/3.13/library/functools.html,10,10,5
/ja/3.13/library/heapq.html,10,10,0
/ja/3.13/library/string.html,10,10,60
/ja/3.13/reference/index.html,10,10,148
/ja/3.13/tutorial/controlflow.html,10,10,700
/pt-br/3.13/library/shlex.html,10,10,0
/uk/3.13/contents.html,10,10,16
/uk/3.13/library/typing.html,10,10,201
/zh-cn/3.13/library/exceptions.html,10,11,574
/3.13/howto/free-threading-python.html,9,9,37
/3.13/library/email.utils.html,9,9,0
/3.13/library/itertools.html,9,9,26
/3.13/library/threading.html,9,9,287
/3/library/csv.html,9,9,589
/fr/3.13/library/tkinter.html,9,9,17
/ja/3.13/c-api/index.html,9,9,43
/ja/3.13/library/imghdr.html,9,9,0
/ja/3.13/library/itertools.html,9,9,75
/ja/3.13/library/pdb.html,9,9,53
/ja/3.13/library/tkinter.html,9,10,30
/ja/3.13/search.html,9,9,30
/ja/3.13/tutorial/classes.html,9,10,362
/ja/3.13/tutorial/introduction.html,9,13,129
/ja/3/library/argparse.html,9,9,909
/ko/3.13/installing/index.html,9,9,20
/uk/3.13/installing/index.html,9,10,316
/uk/3.13/library/turtle.html,9,10,12
/zh-cn/3.13/library/__main__.html,9,9,110
/zh-cn/3.13/library/math.html,9,11,79
/zh-cn/3.13/tutorial/classes.html,9,9,659
/zh-cn/3.13/using/configure.html,9,9,0
/zh-cn/3.13/using/index.html,9,9,72
/3.12/,8,8,762
/3.13/library/asyncio.html,8,10,208
/3.13/library/functools.html,8,8,86
/3.13/library/multiprocessing.html,8,8,1
/3.13/library/sqlite3.html,8,8,68
/3.13/library/types.html,8,8,0
/3.13/tutorial/inputoutput.html,8,8,106
/3.14/tutorial/index.html,8,8,612
/3/library/pathlib.html,8,8,140
/3/tutorial/,8,8,372
/3/tutorial/datastructures.html,8,8,708
/es/3.13/library/datetime.html,8,8,25
/es/3.13/library/tk.html,8,8,406
/es/3.13/tutorial/controlflow.html,8,8,254
/es/3.13/tutorial/introduction.html,8,8,6
/fr/3.13/library/tkinter.ttk.html,8,8,213
/fr/3.13/tutorial/introduction.html,8,8,0
/ja/3.13/library/ast.html,8,8,54
/ja/3.13/library/collections.html,8,8,35
/ja/3.13/library/difflib.html,8,8,0
/ja/3.13/library/importlib.html,8,9,24
/ja/3.13/library/logging.config.html,8,8,1216
/ja/3.13/library/pty.html,8,8,77
/ja/3.13/library/unittest.mock.html,8,8,497
/ja/3.13/reference/import.html,8,8,197
/ja/3.13/tutorial/interpreter.html,8,8,134
/ko/3.13/library/index.html,8,9,224
/pt-br/3.13/library/index.html,8,8,0
/zh-cn/3.13/reference/index.html,8,8,38
/zh-cn/3.13/using/windows.html,8,8,0
/3.13/installing/index.html,7,7,9
/3.13/library/codecs.html,7,7,60
/3.13/library/dataclasses.html,7,7,188
/3.13/library/email.encoders.html,7,7,0
/3.13/library/heapq.html,7,7,5
/3.13/library/os.path.html,7,7,63
/3.13/reference/lexical_analysis.html,7,8,142
/3.14/using/windows.html,7,7,312
/3/library/re.html,7,7,242
/3/whatsnew/3.13.html,7,7,1453
/ja/3.13/faq/general.html,7,7,199
/ja/3.13/glossary.html,7,7,249
/ja/3.13/howto/enum.html,7,7,0
/ja/3.13/library/curses.html,7,7,0
/ja/3.13/library/http.server.html,7,7,160
/ja/3.13/library/logging.handlers.html,7,7,4
/ja/3.13/library/math.html,7,7,0
/ja/3.13/library/xmlrpc.html,7,7,0
/ja/3.13/reference/datamodel.html,7,8,119
/ja/3.13/tutorial/modules.html,7,7,0
/ja/3.13/whatsnew/index.html,7,7,122
/ko/3.13/tutorial/classes.html,7,8,543
/uk/3.13/reference/import.html,7,7,25
/zh-cn/3.13/c-api/init.html,7,7,1
/zh-cn/3.13/c-api/intro.html,7,7,193
/zh-cn/3.13/howto/enum.html,7,7,0
/zh-cn/3.13/howto/logging.html,7,7,134
/zh-cn/3.13/library/tkinter.html,7,7,79
/zh-cn/3.13/reference/compound_stmts.html,7,7,301
/zh-cn/3.13/tutorial/inputoutput.html,7,7,2168
/zh-cn/3.14/,7,7,855
/3.13/library/csv.html,6,6,420
/3.13/library/time.html,6,6,1
/3.13/reference/compound_stmts.html,6,7,338
/3.13/using/cmdline.html,6,7,0
/3/download.html,6,7,842
/3/library/itertools.html,6,6,174
/3/tutorial/inputoutput.html,6,6,345
/3/whatsnew/changelog.html,6,6,482
/es/3.13/,6,6,101
/es/3.13/library/ctypes.html,6,6,0
/es/3.13/library/filesys.html,6,6,293
/es/3.13/tutorial/inputoutput.html,6,6,0
/fr/3.13/library/abc.html,6,6,7
/fr/3.13/library/idle.html,6,6,0
/fr/3.13/using/windows.html,6,6,12
/id/3.13/library/dataclasses.html,6,6,0
/it/3.13/library/datetime.html,6,6,0
/ja/3.13/c-api/intro.html,6,6,37
/ja/3.13/library/abc.html,6,6,50
/ja/3.13/library/asyncio-queue.html,6,6,0
/ja/3.13/library/cmath.html,6,6,0
/ja/3.13/library/idle.html,6,6,155
/ja/3.13/library/json.html,6,6,262
/ja/3.13/library/tomllib.html,6,6,10
/ja/3.13/library/tty.html,6,6,0
/ja/3.13/library/urllib.request.html,6,6,328
/ja/3.13/library/venv.html,6,6,1
/ja/3.13/tutorial/floatingpoint.html,6,6,601
/ja/3.13/tutorial/stdlib.html,6,6,0
/ja/3.13/whatsnew/3.13.html,6,6,224
/ja/3/,6,6,215
/ja/3/library/re.html,6,6,644
/ko/3.13/library/random.html,6,6,104
/ko/3.13/tutorial/interpreter.html,6,6,235
/uk/3.13/library/stdtypes.html,6,6,2
/uk/3.13/tutorial/classes.html,6,6,0
/zh-cn/3.13/library/datetime.html,6,6,0
/zh-cn/3.13/library/pickle.html,6,6,832
/zh-cn/3.13/library/shutil.html,6,6,0
/zh-cn/3.13/library/sys_path_init.html,6,6,9
