name,unique_exits,total_exits,exit_rate
/3.13/,751,809,
/3.13/tutorial/index.html,408,445,
/3.13/using/windows.html,305,322,
/3.13/tutorial/,215,231,
/zh-cn/3.13/tutorial/index.html,164,170,
/3.13/library/stdtypes.html,124,131,
/3.13/library/functions.html,122,125,
/3.13/whatsnew/3.13.html,115,117,
/3.13/index.html,109,114,
/3.13/tutorial/interpreter.html,106,116,
/3.13/tutorial/introduction.html,81,82,
/ja/3.13/library/datetime.html,78,78,
/3/,71,71,
/3.13/library/index.html,69,76,
/3.13/search.html,68,73,
/3.13/tutorial/controlflow.html,65,82,
/3.13/library/,60,60,
/ja/3.13/library/logging.html,60,62,
/3.13/tutorial/appetite.html,53,57,
/ja/3.13/library/pathlib.html,50,50,
/3.13/library/datetime.html,47,48,
/es/3.13/library/tkinter.html,44,50,
/zh-cn/3.13/tutorial/interpreter.html,43,44,
/3.13/library/os.html,39,41,
/ja/3.13/py-modindex.html,38,38,
/zh-cn/3.13/tutorial/controlflow.html,38,38,
/3.13/library/typing.html,37,39,
/zh-cn/3.13/library/index.html,37,38,
/zh-cn/3.13/tutorial/introduction.html,37,39,
/ja/3.13/library/copy.html,36,36,
/ja/3.13/library/re.html,35,40,
/ja/3.13/library/typing.html,34,35,
/3.13/library/random.html,33,33,
/ja/3.13/library/functions.html,33,34,
/ko/3.13/tutorial/index.html,32,33,
/3.13/library/exceptions.html,31,33,
/ja/3.13/library/copyreg.html,31,31,
/ja/3.13/library/dataclasses.html,31,31,
/3.13/library/idle.html,30,31,
/ja/3.13/library/enum.html,30,30,
/ja/3.13/tutorial/inputoutput.html,30,32,
/3.13/library/tkinter.html,29,30,
/ja/3.13/library/csv.html,29,31,
/uk/3.13/extending/extending.html,29,29,
/zh-cn/3.13/library/stdtypes.html,29,29,
/3.13/library/pathlib.html,28,30,
/ja/3.13/library/stdtypes.html,28,30,
/zh-cn/3.13/,28,28,
/3.13/glossary.html,27,28,
/es/3.13/tutorial/index.html,27,28,
/3.13/tutorial/datastructures.html,26,28,
/3.13/tutorial/modules.html,26,26,
/dev/using/windows.html,25,25,
/es/3.13/tutorial/datastructures.html,25,25,
/ja/3.13/library/argparse.html,25,27,
/zh-cn/3.13/tutorial/,25,29,
/zh-cn/3.13/tutorial/appetite.html,25,26,
/ja/3.13/library/pickle.html,24,24,
/zh-cn/3.13/library/functions.html,24,25,
/3.13/reference/datamodel.html,23,23,
/fr/3.13/tutorial/classes.html,23,23,
/fr/3.13/tutorial/errors.html,23,23,
/3.13/library/math.html,22,23,
/ja/3.13/library/ctypes.html,22,23,
/ja/3.13/library/multiprocessing.html,22,22,
/uk/3.13/tutorial/index.html,22,23,
/zh-cn/3.13/using/android.html,22,22,
/3.13/reference/index.html,21,22,
/3.13/whatsnew/changelog.html,20,22,
/ja/3.13/library/shutil.html,20,20,
/ja/3.13/library/subprocess.html,20,21,
/ja/3.13/tutorial/index.html,20,21,
/3.13/library/re.html,19,20,
/ja/3.13/howto/sorting.html,19,19,
/ja/3.13/library/sqlite3.html,19,19,
/zh-cn/3.13/whatsnew/3.13.html,19,19,
/3.13/installing/index.html,18,19,
/3.13/library/turtle.html,18,19,
/ja/3.13/library/decimal.html,18,18,
/ja/3.13/library/os.path.html,18,19,
/ja/3.13/library/struct.html,18,20,
/3.13/tutorial/classes.html,17,24,
/3.14/,17,17,
/ja/3.13/tutorial/,17,18,
/ja/3.13/tutorial/errors.html,17,17,
/uk/3.13/reference/datamodel.html,17,17,
/3.13/copyright.html,16,16,
/es/3.13/tutorial/venv.html,16,20,
/ja/3.13/library/exceptions.html,16,16,
/ja/3.13/library/os.html,16,16,
/ja/3.13/library/queue.html,16,17,
/zh-cn/3.13/glossary.html,16,16,
/zh-cn/3.13/using/windows.html,16,16,
/3/library/functions.html,15,16,
/3/library/tkinter.html,15,15,
/fr/3.13/library/math.html,15,15,
/ja/3.13/library/getopt.html,15,15,
/ja/3.13/library/zipapp.html,15,15,
/uk/3.13/library/datetime.html,15,16,
/zh-cn/3.13/tutorial/datastructures.html,15,15,
