name,visitors,bounce_rate,visit_duration
Direct / None,1815,67,252
google.com,242,83,281
python.org,116,71,343
peps.python.org,25,79,43
bing.com,24,80,150
cn.bing.com,18,73,115
practicum.yandex.ru,18,71,65
campus110.unad.edu.co,10,60,67
duckduckgo.com,10,100,1036
m.baidu.com,9,100,1
search.brave.com,7,0,279
baidu.com/link,6,67,442
google.com.hk,6,100,6
courses.grainger.illinois.edu,5,67,228
github.com,4,67,47
kitt.lewagon.com,4,75,11
orgpad.info,4,50,43
chatgpt.com,3,50,276
colab.research.google.com,3,100,0
github.com/python/peps/blob/main/peps/pep-0693.rst,3,67,22
link.zhihu.com,3,67,6
pit-virtual.uni.edu.pe,3,67,220
statics.teams.cdn.office.net,3,0,1098
auc-onenote.officeapps.live.com,2,100,0
baidu.com,2,100,0
courses.cscc.edu,2,100,0
courses.maine.edu,2,100,0
discuss.python.org,2,100,170
doubao.com,2,0,146
github.com/jwodder/versioningit/issues/48,2,50,334
github.com/marcelotduarte/cx_Freeze/issues/2785,2,33,80
id.search.yahoo.com,2,50,118
so.com/link,2,100,88
udemy.com,2,0,54
yandex.ru,2,100,1
android-app://com.google.android.gm,1,0,210
android-app://com.google.android.googlequicksearchbox,1,0,77
athena.alxafrica.com,1,0,111
chat.baidu.com,1,0,536
cnblogs.com,1,0,250
code.visualstudio.com,1,0,3
codecademy.cn/tutorial/python,1,0,122
coursemology3.s3.ap-southeast-1.amazonaws.com,1,100,0
cs.princeton.edu,1,100,0
en.wikipedia.org,1,0,14
forum.ansible.com,1,100,0
github.com/huggingface/transformers/blob/main/i18n/README_zh-hans.md,1,0,0
github.com/python/cpython,1,0,219
learn.bu.edu,1,0,43
learn.mru.ca,1,100,0
link.csdn.net,1,100,0
lms.skillfactory.ru,1,0,1244
login.microsoftonline.com,1,0,1205
m.baidu.com/from=1001192y/bd_page_type=1/ssid=0/uid=0/pu=usm%400%2Csz%401320_1001%2Cta%40iphone_2_12.0_28_16.0/baiduid=D457B7142A4887BE96F11356E9FF7FC6/w=0_10_/t=iphone/l=1/tc,1,0,298
m.baidu.com/from=1001703a/bd_page_type=1/ssid=0/uid=0/pu=usm%400%2Csz%401320_1001%2Cta%40iphone_2_15.0_18_40.10/baiduid=CC8845041B4A7A3B122CC9D2A8DCEDB2/w=0_10_/t=iphone/l=1/tc,1,100,0
m.baidu.com/from=1020786r/bd_page_type=1/ssid=0/uid=0/pu=sz%401320_1001%2Cta%40iphone_2_15.0_19_26.0%2Cusm%400/baiduid=8E78109A00F75AC00591AA34A68F5E5E/w=0_10_/t=iphone/l=1/tc,1,100,0
mail.yahoo.com,1,0,1437
moodle.iut.univ-paris8.fr,1,100,0
n.cn/chat/6d8fe301e15d48c2886b2c6e8b75cf39,1,0,1572
ntp.msn.cn,1,0,220
perplexity.ai,1,100,0
pkuschool.yuque.com,1,100,0
pucminas.instructure.com,1,100,0
python.github.net.cn,1,100,0
python.org/doc,1,0,95
python.org/downloads/release/python-3122,1,100,0
qiita.com,1,100,0
tongyi.com,1,0,12
tonybaloney.github.io,1,0,532
