name,visitors,bounce_rate,visit_duration
chatgpt.com,94,69,164
devopscube.com,10,70,284
enki,9,89,39
perplexity,8,100,0
Exinfluencer,5,100,0
dataleadsfuture.com,3,100,0
chaosgenius.io,2,100,0
codernav.com,2,0,128
post_page-----163444fa5458---------------------------------------,2,100,0
substack,2,100,0
blog.rowanudell.com,1,100,0
blog.streamlit.io,1,100,0
datagrads.com,1,100,0
hackernoon.com,1,100,0
masaischool.com,1,100,0
mostlypython.com,1,100,0
trap.jp,1,100,0
xieboke.net,1,100,0
zalo,1,100,0
