name,unique_exits,total_exits,exit_rate
/zh-tw/3.13/tutorial/index.html,108,111,
/zh-tw/3.13/library/venv.html,56,57,
/zh-tw/3/tutorial/index.html,44,47,
/zh-tw/dev/installing/index.html,40,40,
/zh-tw/3/library/re.html,33,34,
/zh-tw/3.13/howto/sorting.html,29,29,
/zh-tw/3.13/tutorial/classes.html,28,28,
/zh-tw/3.13/tutorial/interpreter.html,27,27,
/zh-tw/3.13/tutorial/controlflow.html,26,28,
/zh-tw/3.13/tutorial/introduction.html,26,30,
/zh-tw/3.13/tutorial/datastructures.html,25,25,
/zh-tw/3.13/tutorial/errors.html,25,28,
/zh-tw/3.13/tutorial/inputoutput.html,24,24,
/zh-tw/3/howto/argparse.html,24,24,
/zh-tw/3.13/library/functions.html,23,23,
/zh-tw/3.13/library/random.html,20,20,
/zh-tw/3.13/library/csv.html,19,20,
/zh-tw/3.13/library/json.html,19,20,
/zh-tw/3.13/using/mac.html,18,18,
/zh-tw/3/library/concurrent.futures.html,18,19,
/zh-tw/3/library/index.html,18,20,
/zh-tw/3.13/glossary.html,15,17,
/zh-tw/3.13/library/pathlib.html,15,15,
/zh-tw/3.13/library/collections.html,14,14,
/zh-tw/3.13/tutorial/appetite.html,14,14,
/zh-tw/3.13/library/heapq.html,13,13,
/zh-tw/3.13/library/math.html,13,13,
/zh-tw/3/tutorial/appetite.html,13,15,
/zh-tw/3.13/library/typing.html,12,12,
/zh-tw/3.13/tutorial/floatingpoint.html,12,12,
/zh-tw/3/library/functions.html,12,14,
/zh-tw/3/tutorial/classes.html,12,12,
/zh-tw/3/tutorial/introduction.html,12,13,
/zh-tw/dev/library/os.path.html,12,12,
/zh-tw/3.13/faq/windows.html,11,11,
/zh-tw/3.13/library/string.html,11,11,
/zh-tw/3.13/library/time.html,11,11,
/zh-tw/3.13/whatsnew/3.13.html,11,11,
/zh-tw/3/tutorial/controlflow.html,11,12,
/zh-tw/dev/library/venv.html,11,11,
/zh-tw/3.13/library/threading.html,10,10,
/zh-tw/3/library/pickle.html,10,10,
/zh-tw/3/tutorial/interpreter.html,10,10,
/zh-tw/3.13/library/ast.html,9,9,
/zh-tw/3.13/library/bisect.html,9,9,
/zh-tw/3.13/library/copy.html,9,9,
/zh-tw/3.13/tutorial/modules.html,9,9,
/zh-tw/3.13/library/asyncio.html,8,8,
/zh-tw/3.13/library/queue.html,8,8,
/zh-tw/3.13/search.html,8,8,
/zh-tw/3/library/pdb.html,8,8,
/zh-tw/3.13/contents.html,7,7,
/zh-tw/3.13/installing/index.html,7,7,
/zh-tw/3.13/library/html.parser.html,7,7,
/zh-tw/3.13/library/stdtypes.html,7,7,
/zh-tw/3.13/library/uuid.html,7,7,
/zh-tw/3.13/tutorial/venv.html,7,7,
/zh-tw/3.13/library/functools.html,6,6,
/zh-tw/3.13/library/hashlib.html,6,6,
/zh-tw/3.13/library/os.path.html,6,5,
/zh-tw/3.13/library/secrets.html,6,6,
/zh-tw/3/tutorial/datastructures.html,6,7,
/zh-tw/dev/library/csv.html,6,6,
/zh-tw/3.13/,5,5,
/zh-tw/3.13/library/__main__.html,5,5,
/zh-tw/3.13/library/abc.html,5,5,
/zh-tw/3.13/library/ftplib.html,5,5,
/zh-tw/3.13/library/index.html,5,5,
/zh-tw/3.13/library/multiprocessing.shared_memory.html,5,7,
/zh-tw/3.13/library/tkinter.html,5,5,
/zh-tw/3.13/library/unittest.html,5,5,
/3/,4,4,
/3/library/re.html,4,3,
/3/search.html,4,4,
/zh-tw/3.13/library/asyncio-sync.html,4,4,
/zh-tw/3.13/library/exceptions.html,4,4,
/zh-tw/3.13/library/glob.html,4,4,
/zh-tw/3.13/library/timeit.html,4,4,
/zh-tw/3.13/using/windows.html,4,4,
/zh-tw/3/download.html,4,4,
/zh-tw/3/extending/extending.html,4,4,
/zh-tw/3/index.html,4,5,
/zh-tw/3/library/getopt.html,4,4,
/zh-tw/3/library/unittest.mock.html,4,4,
/zh-tw/3/library/zipfile.html,4,4,
/zh-tw/3/reference/index.html,4,4,
/zh-tw/3/tutorial/venv.html,4,4,
/zh-tw/dev/library/functools.html,4,4,
/zh-tw/dev/library/string.html,4,4,
/3.15/,3,3,
/3/library/collections.html,3,3,
/3/library/venv.html,3,3,
/3/tutorial/datastructures.html,3,3,
/zh-tw/3.12/library/stdtypes.html,3,3,
/zh-tw/3.13/genindex-符號.html,3,3,
/zh-tw/3.13/howto/annotations.html,3,3,
/zh-tw/3.13/library/enum.html,3,3,
/zh-tw/3.13/library/gc.html,3,3,
/zh-tw/3.13/library/io.html,3,3,
/zh-tw/3.13/library/itertools.html,3,3,
