name,visitors
Taipei,426
New Taipei,221
Taichung,109
Kaohsiung,90
Taoyuan,87
Hsinchu County,73
Tainan,52
Hsinchu,43
Nantou,11
Beijing,10
Guangdong,9
Changhua,9
Yilan,9
California,8
Shanghai,7
Tokyo,7
Chiayi County,7
Hualien,6
Hebei,4
Zhejiang,4
Kowloon City Kowloon,4
Kwun Tong Kowloon,4
Sha Tin New Territories,4
Pingtung,4
Yunlin,4
Hunan,3
Shandong,3
Madhya Pradesh,3
Miaoli,3
Victoria,2
British Columbia,2
Henan,2
Jiangsu,2
Yunnan,2
Sham Shui Po Kowloon,2
Wong Tai Sin Kowloon,2
East Java,2
Chiba,2
Kanagawa,2
Osaka,2
San Martín,2
Moscow,2
Nakhon Ratchasima,2
Chiayi,2
Keelung,2
Arizona,2
Oregon,2
Washington,2
Tashkent,2
Australian Capital Territory,1
Minas Gerais,1
Guizhou,1
Hubei,1
Heilongjiang,1
Jiangxi,1
Ningxia,1
Shaanxi,1
Tianjin,1
Scotland,1
Yau Tsim Mong Kowloon,1
Kwai Tsing New Territories,1
Budapest,1
Chhattīsgarh,1
Kerala,1
Hokkaido,1
Ibaraki,1
Shizuoka,1
Negeri Sembilan,1
Chiang Mai,1
Arkansas,1
Florida,1
New York,1
Thừa Thiên–Huế,1
