name,visitors,pageviews,bounce_rate,time_on_page,scroll_depth
/ko/3/tutorial/index.html,106,131,67,13,46
/ko/3.13/tutorial/index.html,93,132,41,30,53
/ko/3.13/c-api/bytes.html,68,81,80,3,28
/ko/3.13/tutorial/interpreter.html,39,34,67,74,83
/ko/3/tutorial/interpreter.html,39,45,12,54,81
/ko/3.13/library/functions.html,37,36,71,47,38
/ko/3.13/library/index.html,37,42,75,25,47
/ko/3/,35,52,41,15,80
/ko/3/tutorial/controlflow.html,33,34,62,115,40
/ko/3.13/tutorial/appetite.html,32,30,14,40,90
/ko/3/tutorial/introduction.html,31,29,90,161,46
/ko/3.13/installing/index.html,27,29,96,10,56
/ko/3.13/library/stdtypes.html,26,23,70,108,33
/ko/3.13/tutorial/controlflow.html,25,28,62,263,48
/ko/3.13/tutorial/introduction.html,25,24,0,264,62
/ko/3/tutorial/,24,44,52,55,67
/ko/3/tutorial/appetite.html,24,25,36,19,90
/ko/3.13/tutorial/classes.html,21,24,88,88,38
/ko/3.13/tutorial/datastructures.html,20,17,70,123,54
/ko/3/library/functions.html,19,23,85,11,40
/ko/3.13/,18,23,25,16,87
/ko/3.13/search.html,17,26,20,42,43
/ko/3.13/howto/sorting.html,14,14,93,30,52
/ko/3.13/tutorial/inputoutput.html,14,12,56,49,30
/ko/3/library/tempfile.html,14,17,83,56,56
/ko/3.12/using/index.html,13,22,75,8,54
/ko/3.13/library/idle.html,13,14,91,12,12
/ko/3.13/library/threading.html,13,12,86,35,17
/ko/3.13/library/csv.html,12,12,100,301,26
/ko/3.13/library/json.html,12,13,82,25,38
/ko/3.13/tutorial/errors.html,12,12,57,20,33
/ko/3/tutorial/datastructures.html,12,9,67,52,60
/ko/3.13/index.html,11,12,50,13,84
/ko/3/search.html,11,21,33,81,65
/ko/3.13/library/asyncio-task.html,10,12,89,72,17
/ko/3.13/library/collections.html,10,12,67,76,40
/ko/3.13/library/datetime.html,10,9,60,10,22
/ko/3.13/library/itertools.html,10,9,100,19,20
/ko/3.13/library/pathlib.html,10,12,100,43,27
/ko/3.13/library/random.html,10,9,75,53,24
/ko/3.13/whatsnew/3.13.html,10,9,100,14,8
/ko/3/library/datetime.html,10,9,100,38,48
/ko/3/library/stdtypes.html,10,8,67,29,40
/ko/3.13/library/asyncio.html,9,10,67,165,66
/ko/3.13/library/logging.html,9,10,50,109,76
/ko/3.13/library/math.html,9,11,75,27,15
/ko/3.13/library/string.html,9,9,67,24,61
/ko/3.13/library/struct.html,9,9,89,26,48
/ko/3.13/tutorial/modules.html,9,8,60,157,26
/ko/3/library/index.html,9,27,50,31,65
/ko/3.13/library/exceptions.html,8,9,80,5,66
/ko/3.13/library/re.html,8,9,75,51,49
/ko/3.13/library/time.html,8,5,100,45,37
/ko/3.13/whatsnew/index.html,8,8,83,6,8
/ko/3/glossary.html,8,9,100,13,40
/ko/3.12/using/windows.html,7,7,100,32,38
/ko/3.13/howto/regex.html,7,8,83,17,26
/ko/3.13/library/multiprocessing.html,7,9,86,28,11
/ko/3.13/library/subprocess.html,7,9,75,33,38
/ko/3.13/library/xml.etree.elementtree.html,7,6,100,203,23
/ko/3.13/reference/index.html,7,16,0,17,71
/ko/3.13/tutorial/,7,7,0,20,47
/ko/3.13/using/windows.html,7,7,80,19,32
/ko/3/library/uuid.html,7,7,100,23,62
/ko/dev/bugs.html,7,6,83,4,38
/ko/3.13/library/array.html,6,6,100,5,55
/ko/3.13/library/ast.html,6,7,71,14,32
/ko/3.13/library/logging.config.html,6,5,100,118,53
/ko/3.13/library/os.html,6,5,100,200,8
/ko/3.13/library/os.path.html,6,8,71,19,55
/ko/3.13/library/pprint.html,6,6,75,18,46
/ko/3.13/library/shutil.html,6,6,60,31,32
/ko/3.13/library/turtle.html,6,5,100,33,21
/ko/3.13/library/warnings.html,6,5,60,30,33
/ko/3.15/,6,5,0,5,78
/ko/3/using/cmdline.html,6,5,100,17,26
/ko/3/using/windows.html,6,6,80,46,38
/ko/3.13/c-api/stable.html,5,4,100,3,5
/ko/3.13/contents.html,5,6,100,21,7
/ko/3.13/howto/logging.html,5,5,75,67,36
/ko/3.13/library/argparse.html,5,6,80,8,7
/ko/3.13/library/calendar.html,5,4,75,81,39
/ko/3.13/library/concurrent.futures.html,5,7,50,284,48
/ko/3.13/library/contextvars.html,5,4,50,16,100
/ko/3.13/library/fractions.html,5,5,0,148,28
/ko/3.13/library/http.client.html,5,5,100,36,34
/ko/3.13/library/http.server.html,5,5,100,9,36
/ko/3.13/py-modindex.html,5,6,0,16,72
/ko/3.13/using/cmdline.html,5,7,0,16,15
/ko/3.13/using/index.html,5,9,100,7,86
/ko/3.14/whatsnew/3.14.html,5,3,0,100,41
/ko/3/contents.html,5,3,0,69,1
/ko/3/extending/extending.html,5,6,100,11,23
/ko/3/howto/regex.html,5,7,60,90,22
/ko/3/library/contextlib.html,5,6,75,15,26
/ko/3/library/exceptions.html,5,4,100,52,69
/ko/3/library/tokenize.html,5,6,50,23,53
/ko/3/tutorial/floatingpoint.html,5,7,67,29,72
/ko/3.12/using/cmdline.html,4,7,50,9,42
/ko/3.12/using/unix.html,4,5,0,4,27
