name,visitors,bounce_rate,visit_duration
Direct / None,11110,91,32
python.org,8987,80,26
Google,4607,86,43
docs.python.org,1160,82,65
Bing,403,88,37
GitHub,285,86,51
DuckDuckGo,248,84,72
chatgpt.com,213,88,40
devguide.python.org,186,76,17
Yandex,135,91,50
pypi.org,113,91,15
Brave,96,89,21
docs.astral.sh,76,87,31
discuss.python.org,73,85,63
boot.dev,68,94,18
udemy.com,67,96,24
realpython.com,65,73,92
Microsoft Teams,64,96,71
packaging.python.org,63,73,84
netacad.com,60,95,28
python.p2hp.com,45,78,37
Reddit,44,93,6
cs50.harvard.edu,41,98,2
python-poetry.org,33,82,13
lobste.rs,32,81,34
typing.python.org,32,62,113
s3.eu-west-1.amazonaws.com,30,88,42
setuptools.pypa.io,26,81,120
codecademy.com,23,100,0
ru.hexlet.io,23,93,1
numpydoc.readthedocs.io,22,73,6
Yahoo!,21,77,19
qiita.com,20,90,1
Ecosia,19,84,69
edube.org,18,83,81
flake8rules.com,18,94,49
hackerrank.com,18,100,0
cs50.readthedocs.io,16,100,0
docs.snowflake.com,15,93,104
habr.com,15,87,63
freecodecamp.org,13,100,0
link.zhihu.com,13,92,3
medium.com,13,93,1
mypy.readthedocs.io,13,77,20
numpy.org,13,92,189
openclassrooms.com,13,69,124
docs.sqlalchemy.org,12,92,0
jetbrains.com,12,83,74
palletsprojects.com,12,100,0
pylint.readthedocs.io,12,92,11
Perplexity,11,91,18
pip.pypa.io,11,82,52
psycopg.org,10,90,58
pymysql.readthedocs.io,10,90,29
turing.docebosaas.com,10,100,0
Qwant,9,83,58
metanit.com,9,100,0
pep8-ja.readthedocs.io,9,80,7
wsgi.readthedocs.io,9,89,3
appacademy.io,8,100,0
bitbucket.org,8,88,1
claude.ai,8,88,0
courses.campus.gov.il,8,89,119
learn.microsoft.com,8,100,0
link.csdn.net,8,88,33
lwn.net,8,89,34
typing-extensions.readthedocs.io,8,100,0
Amazon,7,86,5
Gmail,7,100,0
Wikipedia,7,86,30
codeit.kr,7,100,0
copilot.microsoft.com,7,71,23
fishc.com.cn,7,86,5
hatch.pypa.io,7,88,1
infoworld.com,7,100,0
moodle.chisholm.edu.au,7,71,82
purdue.brightspace.com,7,71,206
Facebook,6,83,9
Hacker News,6,100,0
LinkedIn,6,100,0
StackOverflow,6,71,39
cms.unir.net,6,100,0
mypy-lang.org,6,67,116
pydevtools.com,6,100,0
docs.aiogram.dev,5,80,178
docs.brew.sh,5,80,2
docs.readthedocs.com,5,40,298
ellibrodepython.com,5,100,0
lms-kpitacademy.kpit.com,5,60,128
mskadu.medium.com,5,100,0
namu.wiki,5,80,21
pdm-project.org,5,80,200
pep8.org,5,80,228
utcc.utoronto.ca,5,100,0
Mail.ru,4,75,0
asgi.readthedocs.io,4,100,0
ava.pucpr.br,4,100,0
benhoyt.com,4,75,4
cgi.cse.unsw.edu.au,4,100,0
code-basics.com,4,100,0
codecademy-enterprise.percipio.com,4,100,0
courses.edx.org,4,100,0
docs.pydantic.dev,4,75,317
learn-ap-southeast-2-prod-fleet01-xythos.content.blackboardcdn.com,4,75,10
m365.cloud.microsoft,4,100,0
make.firialabs.com,4,100,0
microsoft.github.io,4,75,108
online.portnov.net,4,100,0
pycoders.com,4,50,540
qna.habr.com,4,100,0
softserve.academy,4,40,6
tonybaloney.github.io,4,100,0
wheel.readthedocs.io,4,100,0
wiki.cambricon.com,4,100,0
wiki.ms.com,4,100,0
Twitter,3,100,0
Youtube,3,100,0
academy.hackthebox.com,3,100,0
atc.bmwgroup.net,3,67,7
builtin.com,3,100,0
cnblogs.com,3,100,0
cs.odu.edu,3,67,2
devportal.cloud.capitalone.com,3,100,0
docs.pypi.org,3,86,23
docs.renovatebot.com,3,100,0
duckdb.org,3,100,0
ecollege.etbonline.ie,3,67,16
elearn.epam.com,3,100,0
excel-ubara.com,3,100,0
google.github.io,3,67,65
icedhotchoco.tistory.com,3,100,0
intranet.hbtn.io,3,75,4
learn.snhu.edu,3,100,0
maharatech.gov.eg,3,86,185
notebooks.githubusercontent.com,3,100,0
notion.so,3,33,47
openpolytechnic.iqualify.com,3,67,17
pluralsight.com,3,100,0
pybind11.readthedocs.io,3,100,0
python-academy.org,3,100,0
python.uihtm.com,3,100,0
pythoncheatsheet.org,3,100,0
pythonzen-pep8-exam.jp,3,33,505
safe.menlosecurity.com,3,100,0
savannah.dev,3,100,0
techbeamers.com,3,67,37
tproger.ru,3,100,0
wiki.python.org,3,100,0
Baidu,2,100,0
Slack,2,100,0
a.yandex-team.ru,2,100,0
ai.pydantic.dev,2,100,0
analogdevices.udemy.com,2,100,0
ansible.readthedocs.io,2,100,0
app.certidevs.com,2,100,0
app.masterschool.com,2,100,0
aprendepython.es,2,100,0
assets.scormproxy.com,2,100,0
barenakedcoder.com,2,100,0
boostcourse.org,2,100,0
bytedance.larkoffice.com,2,50,272
chat.qwen.ai,2,100,0
chat2.prod.netflix.net,2,100,0
code.s3.yandex.net,2,100,0
commitizen-tools.github.io,2,100,0
confluence.corp.clover.com,2,100,0
confluence.inside,2,100,0
confluence.oraclecorp.com,2,100,0
confluence.sberbank.ru,2,100,0
confluence.teslamotors.com,2,100,0
confluence.thy.com,2,100,0
conroy.org,2,100,0
cosmicpython.com,2,100,0
dicoding.com,2,100,0
docs.gitlab.com,2,100,0
docs.ray.io,2,100,0
docs.wagtail.org,2,0,266
docs.yoctoproject.org,2,100,0
doubao.com,2,100,0
eylearning.udemy.com,2,100,0
firebirdsql.org,2,100,0
fluentpython.com,2,100,0
formats.kaitai.io,2,100,0
forum.ansible.com,2,100,0
forums.raspberrypi.com,2,100,0
freedium.cfd,2,100,0
futurelearn.com,2,100,0
ghb.internal.unicreditgroup.eu,2,100,0
git.target.com,2,100,0
gramps-project.org,2,0,189
gtts.readthedocs.io,2,100,0
guide.macports.org,2,100,0
hanqi01.medium.com,2,100,0
inoreader.com,2,100,0
iscinumpy.dev,2,50,251
issuetrack.terrapower.com,2,100,0
leapcell.medium.com,2,100,0
learn.codeinstitute.net,2,50,244
learnxinyminutes.com,2,100,0
link.juejin.cn,2,100,0
linux.org.ru,2,50,418
llm-aws.course.gspivey.com,2,50,9
lms.skillfactory.ru,2,100,0
lo.unisa.edu.au,2,100,0
moodle-campusvirtualcolombia.s3.amazonaws.com,2,100,0
newsblur.com,2,100,0
nicholashairs.com,2,100,0
oracle.github.io,2,100,0
pandas.pydata.org,2,50,24
paper.seebug.org,2,100,0
phoenix.apache.org,2,50,14
pullrequest.com,2,100,0
pyfound.blogspot.com,2,100,0
pymentor.org,2,100,0
pymotw.com,2,100,0
python-oracledb.readthedocs.io,2,100,0
python-semantic-release.readthedocs.io,2,100,0
python-sip.readthedocs.io,2,100,0
python.jp,2,100,0
pythoncentral.io,2,50,714
qlabs.quanserdocs.com,2,50,16
rules-python.readthedocs.io,2,67,46
santander-learning.csod.com,2,100,0
simpleitk.readthedocs.io,2,100,0
skillsforall.com,2,100,0
slicer.readthedocs.io,2,100,0
smartiqa.ru,2,67,386
snarky.ca,2,50,184
softwareengineering.stackexchange.com,2,100,0
sogo.dev,2,50,0
sphinx-doc.org,2,100,0
statics.gov.teams.microsoft.us,2,100,0
studytafensw.edu.au,2,100,0
superfastpython.com,2,0,329
techwiki.asml.com,2,50,1937
test.python.org,2,50,54
thalesgroup.sharepoint.com,2,50,1414
tlzprod.dut.ac.za,2,100,0
truststore.readthedocs.io,2,100,0
uo.unisa.edu.au,2,100,0
validate-pyproject.readthedocs.io,2,100,0
velog.io,2,50,250
veracode.atlassian.net,2,100,0
virtualenv.pypa.io,2,100,0
xiaobot.net,2,50,60
xn--gckvb8fzb.com,2,100,0
zh-google-styleguide.readthedocs.io,2,100,0
127.0.0.1,1,100,0
Coccoc,1,100,0
Instagram,1,100,0
Lilo,1,100,0
aais.udemy.com,1,100,0
abinbev.udemy.com,1,100,0
access.redhat.com,1,100,0
adfs-prd.nomura.com,1,0,141
adlm.nielseniq.com,1,100,0
aere361.github.io,1,100,0
ai.dangbei.com,1,100,0
ai.yandex-team.ru,1,100,0
alvin.red,1,100,0
amd.atlassian.net,1,100,0
android.googlesource.com,1,100,0
aplwebdevse.jhuapl.edu,1,100,0
app.aluracursos.com,1,100,0
app.codica.la,1,100,0
app.dataquest.io,1,100,0
app.gitbook.com,1,100,0
ashisuto.lightning.force.com,1,100,0
atlassian.satnusa.com,1,100,0
atmarkit.itmedia.co.jp,1,100,0
backblaze.com,1,100,0
bamboo.geekuni.com,1,100,0
bargsten.org,1,100,0
bitbucket.asidees.org,1,100,0
bitbucket.ciena.com,1,0,2
bitbucket.opst.c1.vanguard.com,1,100,0
bitbucketdc-cluster07.jpmchase.net,1,100,0
bitbucketdc.jpmchase.net,1,100,0
blog.changs.co.uk,1,0,5
blog.csdn.net,1,100,0
blog.ploeh.dk,1,100,0
blog.whtsky.me,1,100,0
bmo.atlassian.net,1,100,0
boto3.amazonaws.com,1,100,0
bottlepy.org,1,100,0
bqnt-jymzd.inst.bquant.blpprofessional.com,1,100,0
bugzilla.redhat.com,1,100,0
build.pypa.io,1,100,0
canlidovizfiyatlari.com,1,0,71
canvas.ucdavis.edu,1,100,0
capgemini.udemy.com,1,100,0
chambamodulocapacitacion.leon.gob.mx,1,100,0
chat.igerman.cc,1,100,0
chat.siemens.com,1,100,0
chemdataextractor.org,1,100,0
chuma.blog,1,100,0
classroom.udacity.com,1,100,0
cloud.apple.com,1,100,0
coda.io,1,0,51
code-style.readthedocs.io,1,0,0
