name,unique_entrances,total_entrances,visit_duration
/fr/3/tutorial/,432,441,161
/3/,101,102,631
/fr/3/tutorial/datastructures.html,91,94,91
/fr/3/tutorial/classes.html,77,79,64
/fr/3/library/tkinter.html,71,72,68
/fr/3/search.html,66,68,68
/fr/3/library/stdtypes.html,58,69,306
/fr/3/howto/sorting.html,56,56,150
/fr/3/tutorial/errors.html,53,54,198
/fr/3/library/turtle.html,52,53,48
/fr/dev/installing/index.html,51,53,48
/fr/3/tutorial/introduction.html,50,58,236
/dev/using/windows.html,49,49,456
/fr/3/library/csv.html,49,50,55
/fr/3/tutorial/interpreter.html,49,49,155
/fr/3/library/json.html,48,49,19
/fr/3/tutorial/index.html,46,50,173
/fr/3/howto/regex.html,45,47,192
/fr/3/library/functions.html,44,46,174
/fr/3/library/random.html,42,44,4
/fr/3/tutorial/controlflow.html,41,41,375
/fr/3/library/idle.html,40,40,66
/fr/3/,37,37,174
/fr/3/tutorial/appetite.html,37,37,97
/fr/3/tutorial/venv.html,37,37,1
/fr/3/tutorial/inputoutput.html,36,37,188
/fr/3/library/string.html,33,34,122
/fr/3/reference/import.html,33,34,79
/fr/3/library/datetime.html,31,31,177
/fr/3/library/math.html,31,31,303
/fr/3/tutorial/modules.html,31,33,235
/fr/3/using/windows.html,31,31,38
/fr/3/library/enum.html,30,30,71
/fr/3.14/,28,28,103
/fr/3.15/using/windows.html,25,26,218
/fr/3.14/search.html,23,24,278
/fr/3/library/statistics.html,23,24,1
/fr/3/howto/argparse.html,22,22,176
/fr/3/library/subprocess.html,22,22,292
/fr/3/genindex-Symboles.html,20,20,17
/fr/3/howto/sockets.html,19,22,267
/fr/3/library/time.html,19,20,34
/fr/3/library/__main__.html,18,19,366
/fr/3/using/cmdline.html,18,18,243
/fr/3/faq/windows.html,17,19,2
/fr/3/library/index.html,17,17,38
/fr/3/library/os.html,17,17,208
/fr/3/library/base64.html,16,16,67
/fr/3/library/operator.html,16,16,17
/fr/3.13/library/functions.html,15,15,37
/fr/3.13/tutorial/index.html,15,16,423
/fr/3.14/tutorial/index.html,15,17,580
/3/library/tkinter.html,14,14,271
/3/search.html,14,14,348
/fr/3/howto/unicode.html,13,13,61
/fr/3/library/re.html,13,13,177
/fr/3/library/sys.html,13,13,121
/3/library/argparse.html,12,13,1584
/fr/3/library/collections.html,12,12,125
/fr/3/library/glob.html,12,12,199
/fr/3/reference/simple_stmts.html,12,13,612
/fr/3/howto/logging.html,11,12,86
/fr/3/library/pathlib.html,11,11,457
/fr/dev/library/xml.etree.elementtree.html,11,11,108
/3/library/stdtypes.html,10,10,520
/3/tutorial/index.html,10,10,433
/3/library/datetime.html,9,9,526
/3/library/re.html,9,9,1591
/3/library/venv.html,9,9,765
/fr/3/library/copy.html,9,9,104
/fr/3/library/pprint.html,9,9,145
/fr/3/using/index.html,9,9,184
/fr/dev/reference/compound_stmts.html,9,9,10
/3.14/whatsnew/3.14.html,8,8,35
/3/library/logging.html,8,8,716
/fr/3/glossary.html,8,9,6
/fr/3/howto/enum.html,8,8,0
/fr/3/installing/index.html,8,8,426
/fr/3/library/asyncio.html,8,9,85
/fr/3/library/exceptions.html,8,8,0
/fr/3/library/pdb.html,8,8,0
/3.14/tutorial/index.html,7,7,136
/3/library/functions.html,7,7,806
/3/library/random.html,7,7,139
/3/tutorial/,7,8,1558
/fr/3.13/library/abc.html,7,7,91
/fr/3.13/search.html,7,7,1
/fr/3/library/multiprocessing.html,7,7,0
/fr/3/library/queue.html,7,7,0
/fr/3/library/timeit.html,7,7,108
/fr/3/library/venv.html,7,7,291
/fr/3/using/mac.html,7,7,71
/3/library/os.html,6,6,518
/3/library/time.html,6,6,313
/3/library/turtle.html,6,6,417
/fr/3.13/installing/index.html,6,6,0
/fr/3.13/library/tkinter.font.html,6,7,56
/fr/3.13/library/turtle.html,6,6,3
/fr/3.13/tutorial/classes.html,6,6,1
/fr/3.14/library/index.html,6,6,420
/fr/3.14/tutorial/controlflow.html,6,6,364
/fr/3/library/asyncio-task.html,6,6,144
/fr/3/library/heapq.html,6,6,0
/fr/3/reference/lexical_analysis.html,6,6,104
/fr/3/using/unix.html,6,6,1
/3.14/,5,5,2339
/3/library/abc.html,5,5,1921
/3/library/csv.html,5,5,956
/3/library/index.html,5,5,744
/3/py-modindex.html,5,5,280
/3/tutorial/datastructures.html,5,5,237
/fr/3.14/library/functions.html,5,5,29
/fr/3.14/library/turtle.html,5,5,27
/fr/3.14/tutorial/interpreter.html,5,5,276
/fr/3.14/tutorial/introduction.html,5,6,421
/fr/3.14/using/windows.html,5,5,69
/fr/3.14/whatsnew/3.14.html,5,5,13
/fr/3/library/filesys.html,5,5,2
/fr/3/library/pydoc.html,5,5,0
/fr/3/library/zipfile.html,5,5,9
/3.14/using/windows.html,4,4,214
/3/library/exceptions.html,4,4,226
/3/library/subprocess.html,4,4,586
/3/library/sys.html,4,4,155
/3/library/threading.html,4,4,2318
/3/library/typing.html,4,4,702
/3/tutorial/classes.html,4,4,1019
/fr/3.12/library/tkinter.ttk.html,4,4,0
/fr/3.13/,4,4,0
/fr/3.13/library/tkinter.html,4,4,852
/fr/3.13/tutorial/appetite.html,4,5,383
/fr/3.13/tutorial/controlflow.html,4,4,714
/fr/3.13/tutorial/modules.html,4,4,0
/fr/3.14/library/tkinter.html,4,4,14
/fr/3.14/tutorial/appetite.html,4,4,732
/fr/3.14/tutorial/classes.html,4,4,452
/fr/3.14/tutorial/inputoutput.html,4,4,21
/fr/3/contents.html,4,4,12
/fr/3/download.html,4,4,231
/fr/3/extending/extending.html,4,4,0
/fr/3/howto/functional.html,4,4,0
/fr/3/index.html,4,4,15
/fr/3/library/binascii.html,4,4,55
/fr/3/library/dialog.html,4,4,0
/fr/3/library/fractions.html,4,4,0
/fr/3/library/tempfile.html,4,4,0
/fr/3/library/tkinter.ttk.html,4,4,0
/fr/3/library/unittest.html,4,4,388
/fr/3/library/urllib.html,4,4,992
/fr/3/library/xml.dom.html,4,4,68
/fr/3/reference/datamodel.html,4,4,99
/fr/3/tutorial/stdlib.html,4,4,36
/fr/dev/howto/regex.html,4,5,0
/fr/dev/howto/unicode.html,4,5,9
/fr/dev/reference/expressions.html,4,4,0
/3.12/,3,3,18
/3.13/,3,3,731
/3.14/index.html,3,3,1235
/3/library/asyncio-sync.html,3,3,1569
/3/library/constants.html,3,3,357
/3/library/glob.html,3,3,511
/3/library/itertools.html,3,3,89
/3/library/json.html,3,3,482
/3/library/multiprocessing.html,3,3,422
/3/library/pathlib.html,3,3,265
/3/library/string.html,3,3,1651
/3/license.html,3,3,11
/3/tutorial/controlflow.html,3,3,232
/3/using/windows.html,3,3,1081
/fr/3.12/installing/index.html,3,3,208
/fr/3.12/tutorial/controlflow.html,3,4,2
/fr/3.13/library/asyncio-eventloop.html,3,3,0
/fr/3.13/library/atexit.html,3,3,114
/fr/3.13/library/urllib.parse.html,3,3,0
/fr/3.13/library/uuid.html,3,3,0
/fr/3.13/reference/expressions.html,3,3,27
/fr/3.13/tutorial/datastructures.html,3,3,50
/fr/3.13/tutorial/introduction.html,3,3,0
/fr/3.13/using/index.html,3,3,4
/fr/3.14/download.html,3,3,66
/fr/3.14/library/stdtypes.html,3,3,3188
/fr/3.14/tutorial/modules.html,3,3,0
/fr/3/genindex.html,3,3,24
/fr/3/library/asyncio-sync.html,3,3,0
/fr/3/library/functools.html,3,3,517
/fr/3/library/hashlib.html,3,3,130
/fr/3/library/logging.html,3,3,5
/fr/3/library/threading.html,3,3,0
/fr/3/library/wave.html,3,3,0
/fr/3/py-modindex.html,3,3,19
/fr/3/reference/compound_stmts.html,3,3,49
/fr/3/reference/expressions.html,3,3,0
/fr/3/whatsnew/3.14.html,3,3,182
/fr/3/whatsnew/index.html,3,3,47
/fr/dev/library/functions.html,3,4,64
/fr/dev/tutorial/datastructures.html,3,3,58
/3.13/tutorial/,2,2,214
/3.14/download.html,2,2,436
/3.15/,2,2,71
/3/download.html,2,2,250
/3/genindex.html,2,2,12
/3/howto/sorting.html,2,2,983
/3/index.html,2,2,470
/3/library/asyncio-eventloop.html,2,2,5826
/3/library/asyncio-queue.html,2,2,470
/3/library/collections.abc.html,2,2,474
/3/library/concurrent.futures.html,2,2,2556
/3/library/dataclasses.html,2,2,1673
/3/library/decimal.html,2,2,250
/3/library/hashlib.html,2,2,1011
/3/library/idle.html,2,2,10
/3/library/ipaddress.html,2,2,2
/3/library/pdb.html,2,2,3577
/3/library/pydoc.html,2,2,176
/3/library/stat.html,2,2,390
/3/library/tempfile.html,2,2,1184
/3/library/tkinter.messagebox.html,2,2,2490
/3/library/unittest.html,2,2,1562
/3/library/xml.etree.elementtree.html,2,2,1761
/3/library/zipfile.html,2,2,0
/3/reference/import.html,2,2,924
/3/tutorial/appetite.html,2,2,1170
/3/tutorial/modules.html,2,2,312
/3/using/cmdline.html,2,2,1225
/3/whatsnew/3.13.html,2,2,868
/fr/3.12/contents.html,2,3,214
/fr/3.12/library/importlib.html,2,2,0
/fr/3.12/library/stdtypes.html,2,2,2492
/fr/3.12/search.html,2,2,0
/fr/3.12/tutorial/index.html,2,2,96
/fr/3.13/c-api/float.html,2,2,0
/fr/3.13/library/argparse.html,2,2,0
/fr/3.13/library/array.html,2,2,0
/fr/3.13/library/asyncio-task.html,2,2,0
/fr/3.13/library/ctypes.html,2,2,0
/fr/3.13/library/getpass.html,2,2,11
/fr/3.13/library/hashlib.html,2,2,60
/fr/3.13/library/html.parser.html,2,2,0
/fr/3.13/library/math.html,2,2,6
/fr/3.13/library/operator.html,2,2,0
/fr/3.13/library/pathlib.html,2,2,0
/fr/3.13/library/pdb.html,2,2,0
/fr/3.13/library/pprint.html,2,3,499
/fr/3.13/library/py_compile.html,2,2,0
/fr/3.13/library/socket.html,2,2,0
/fr/3.13/library/stdtypes.html,2,2,700
/fr/3.13/library/subprocess.html,2,2,0
/fr/3.13/library/weakref.html,2,2,0
/fr/3.13/library/xml.html,2,2,0
/fr/3.13/reference/index.html,2,2,0
/fr/3.13/tutorial/,2,3,0
/fr/3.13/tutorial/interpreter.html,2,2,116
/fr/3.13/tutorial/stdlib.html,2,2,536
/fr/3.13/using/cmdline.html,2,2,110
/fr/3.13/using/mac.html,2,2,0
/fr/3.14/index.html,2,2,1560
/fr/3.14/library/idle.html,2,2,28
/fr/3.14/library/json.html,2,2,2
/fr/3.14/library/math.html,2,2,0
/fr/3.14/library/sqlite3.html,2,2,348
/fr/3.14/library/tkinter.ttk.html,2,2,386
/fr/3.14/tutorial/,2,2,434
/fr/3.14/tutorial/datastructures.html,2,2,0
/fr/3.15/howto/ipaddress.html,2,6,637
/fr/3.15/library/sys.html,2,2,496
/fr/3/c-api/exceptions.html,2,2,0
/fr/3/extending/embedding.html,2,2,23
/fr/3/faq/gui.html,2,2,0
/fr/3/howto/curses.html,2,2,14
/fr/3/howto/ipaddress.html,2,2,0
/fr/3/library/argparse.html,2,2,47
/fr/3/library/asyncio-runner.html,2,2,1370
/fr/3/library/builtins.html,2,2,0
/fr/3/library/calendar.html,2,2,2354
/fr/3/library/curses.ascii.html,2,2,0
/fr/3/library/email.compat32-message.html,2,3,0
/fr/3/library/faulthandler.html,2,2,0
/fr/3/library/grp.html,2,2,0
/fr/3/library/http.cookies.html,2,2,0
/fr/3/library/inspect.html,2,2,0
/fr/3/library/intro.html,2,2,670
/fr/3/library/ipaddress.html,2,2,0
/fr/3/library/logging.handlers.html,2,2,0
/fr/3/library/numeric.html,2,2,61
/fr/3/library/pickle.html,2,3,0
/fr/3/library/textwrap.html,2,2,0
/fr/3/library/warnings.html,2,2,0
/fr/3/library/xml.etree.elementtree.html,2,2,0
/fr/3/library/zlib.html,2,2,0
/fr/3/reference/executionmodel.html,2,2,29
/fr/3/tutorial/appendix.html,2,2,3
/fr/3/using/,2,2,0
/fr/dev/c-api/init_config.html,2,2,0
/fr/dev/extending/newtypes_tutorial.html,2,2,28
/fr/dev/howto/descriptor.html,2,2,0
/fr/dev/howto/sorting.html,2,2,142
/fr/dev/library/csv.html,2,2,76
/fr/dev/library/http.server.html,2,2,0
/fr/dev/library/importlib.resources.abc.html,2,2,0
/fr/dev/library/math.html,2,2,19
