name,unique_entrances,total_entrances,visit_duration
/ja/latest/tutorials/installing-packages/,70,71,104
/ja/latest/guides/installing-using-pip-and-virtual-environments/,69,70,25
/ja/latest/guides/writing-pyproject-toml/,68,69,100
/ja/latest/tutorials/packaging-projects/,18,18,88
/ja/latest/discussions/setup-py-deprecated/,10,10,0
/ja/latest/discussions/src-layout-vs-flat-layout/,8,9,137
/ja/latest/discussions/versioning/,8,8,0
/ja/latest/guides/packaging-namespace-packages/,7,7,0
/ja/latest/specifications/binary-distribution-format/,7,7,402
/ja/latest/specifications/entry-points/,7,7,5
/ja/latest/tutorials/managing-dependencies/,7,7,9
/en/latest/tutorials/installing-packages/,5,5,96
/ja/latest/guides/distributing-packages-using-setuptools/,5,5,17
/en/latest/guides/writing-pyproject-toml/,4,4,432
/ja/latest/,4,4,0
/ja/latest/discussions/package-formats/,4,4,35
/ja/latest/guides/using-manifest-in/,4,4,0
/ja/latest/key_projects/,4,4,57
/ja/latest/specifications/version-specifiers/,4,4,42
/ja/latest/specifications/dependency-specifiers/,3,3,0
/en/latest/guides/installing-scientific-packages/,2,2,184
/ja/latest/guides/analyzing-pypi-package-downloads/,2,2,0
/ja/latest/guides/using-testpypi/,2,2,1
/ja/latest/specifications/core-metadata/,2,2,262
/ja/latest/specifications/inline-script-metadata/,2,2,0
/ja/latest/specifications/platform-compatibility-tags/,2,2,0
/ja/latest/specifications/pyproject-toml/,2,2,234
/en/latest/guides/installing-using-linux-tools/,1,1,0
/en/latest/guides/installing-using-pip-and-virtual-environments/,1,1,282
/en/latest/guides/tool-recommendations/,1,1,34
/en/latest/guides/using-manifest-in/,1,1,424
/en/latest/overview/,1,1,16
/en/latest/tutorials/packaging-projects/,1,1,0
/ja/latest/discussions/,1,1,2
/ja/latest/guides/creating-and-discovering-plugins/,1,1,0
/ja/latest/guides/creating-command-line-tools/,1,1,47
/ja/latest/guides/index-mirrors-and-caches/,1,1,0
/ja/latest/guides/installing-scientific-packages/,1,1,0
/ja/latest/guides/installing-stand-alone-command-line-tools/,1,1,0
/ja/latest/guides/installing-using-linux-tools/,1,1,0
/ja/latest/guides/making-a-pypi-friendly-readme/,1,1,0
/ja/latest/guides/multi-version-installs/,1,1,0
/ja/latest/guides/publishing-package-distribution-releases-using-github-actions-ci-cd-workflows/,1,1,0
/ja/latest/guides/section-build-and-publish/,1,1,117
/ja/latest/specifications/,1,1,20
/ja/latest/specifications/externally-managed-environments/,1,1,0
/ja/latest/specifications/license-expression/,1,1,0
/ja/latest/specifications/recording-installed-packages/,1,1,0
