name,visitors
Chrome,118168
Microsoft Edge,29087
Firefox,20022
Safari,15030
Opera,3472
Yandex Browser,3359
Mobile App,1576
Samsung Browser,431
Smart Lenovo Browser,155
(not set),144
Quark,141
Brave,138
UC Browser,133
Huawei Browser Mobile,117
SberBrowser,112
QQ Browser,105
vivo Browser,100
MIUI Browser,96
Safe Exam Browser,72
Chromium,57
Avast Secure Browser,54
Sogou Explorer,30
Opera GX,26
AVG Secure Browser,25
Whale Browser,24
Ecosia,16
Phoenix Browser,16
QtWebEngine,16
Mobile Silk,14
Android Browser,12
Huawei Browser,12
Avira Secure Browser,8
Hi Browser,8
Norton Private Browser,8
AdBlock Browser,7
Iron,7
Notion,7
Opera Touch,7
Pale Moon,7
JioSphere,6
CCleaner,5
Mint Browser,3
Aloha Browser,2
DuckDuckGo Privacy Browser,2
Maxthon,2
Qwant Mobile,2
surf,2
18+ Privacy Browser,1
360 Secure Browser,1
Atom,1
Falkon,1
JavaFX,1
Ladybird,1
Meizu Browser,1
Oculus Browser,1
Oppo Browser,1
PICO Browser,1
ReadKit,1
Steam In-Game Overlay,1
Tizen Browser,1
UBrowser,1
Vivaldi,1
