name,visitors,bounce_rate,visit_duration
Direct / None,11182,61,136
google.com,8672,78,133
python.org,626,63,225
google.co.jp,197,78,119
bing.com,122,80,489
search.yahoo.co.jp,81,82,128
cn.bing.com,57,72,160
google.fr,57,81,120
chatgpt.com,45,67,266
m.baidu.com,34,84,71
google.es,28,72,127
google.com.br,27,82,111
google.com.hk,27,78,141
ecosia.org,26,77,65
android-app://com.google.android.googlequicksearchbox,21,67,86
duckduckgo.com,20,100,560
google.com.tw,20,86,15
google.com.mx,18,75,14
baidu.com/link,17,60,510
qiita.com,17,0,615
statics.teams.cdn.office.net,14,69,341
m.facebook.com,13,46,56
note.nkmk.me,13,0,586
wiki.python.org,13,0,601
yandex.ru,12,0,483
google.co.kr,10,73,243
github.com,9,75,24
peps.python.org,9,71,63
udemy.com,8,0,520
cse2.csproject.org,6,83,0
doubao.com,6,67,78
es.python.org,6,0,1127
nondocumentation.garambrogne.net,6,83,15
pip.pypa.io/en/stable/installation,6,0,1506
reddit.com,6,0,519
cs50.harvard.edu,5,0,896
gemini.google.com,5,0,119
google.com.ua,5,40,106
perplexity.ai,5,60,92
baidu.com,4,50,9
devdocs.io,4,80,1
google.cl,4,67,65
google.com/search,4,100,7
google.de,4,50,722
google.pt,4,75,197
qwant.com,4,0,2020
youtube.com,4,0,146
algotrade.lipne.co.uk,3,100,0
cse2.mine.bz,3,100,0
cursos.alura.com.br,3,0,649
cvdof.ucm.es,3,100,0
discuss.python.org,3,50,569
ecampus.paris-saclay.fr,3,25,287
netacad.com,3,0,279
onu1.s2.chalmers.se,3,33,1
openclassrooms.com,3,0,1196
presearch.com,3,67,50
python.org/downloads/release/python-3131,3,100,195
pythoninsider.blogspot.com,3,100,578
pythonmorsels.com,3,0,1022
teams.microsoft.com,3,75,279
aules.edu.gva.es,2,100,0
boot.dev,2,0,990
classroom.google.com,2,0,530
datacamp.com,2,0,285
docs.frappe.io/framework/user/en/prerequisites,2,0,3894
ellibrodepython.com,2,0,404
gamma.app,2,0,814
github.com/libexpat/libexpat/pull/915,2,100,0
google.co.cr,2,100,222
google.co.uk,2,67,129
google.com.ar,2,50,210
google.com.co,2,100,0
intranet.hbtn.io,2,100,14
kurusugawa.jp,2,100,0
pandas.pydata.org,2,0,940
plataformavirtual.upea.bo,2,0,4
practicum.yandex.ru,2,100,26
pygame.org,2,0,906
python.jp,2,0,2327
roadmap.sh,2,0,156
t.co,2,100,0
vtop.vit.ac.in,2,0,254
ya.ru,2,0,26
yandex.ru/search,2,0,250
zdnet.fr,2,0,37
aidoczh.com,1,0,137
alalqab.com,1,0,192
android-app://com.google.android.gm,1,100,0
aoba.cc.saga-u.ac.jp,1,0,7
assignments.onenote.com,1,0,107
atheneummerelbeke.smartschool.be,1,0,12
aws.amazon.com,1,100,0
bitbucket-cableos.harmonicinc.com,1,0,10
blog.varunsingh.in/python-3-13-released-top-3-features-you-must-know-in-2024-9ba4911f3e19,1,0,5
builtin.com,1,0,440
campus109.unad.edu.co,1,100,0
campusvirtual.austral.edu.ar,1,50,56
cdn.evg.gov.br,1,0,35
celery-safwan.readthedocs.io/en/latest/userguide/configuration.html,1,0,149
cf-courses-data.static.labs.skills.network,1,0,5
chat-preview.lobehub.com,1,100,0
chat.mistral.ai,1,0,25
chat.qwenlm.ai,1,0,17
co.search.yahoo.com,1,0,117
code-basics.com,1,0,260
code.tutsplus.com/ko/how-to-merge-two-python-dictionaries--cms-26230t,1,0,958
code.visualstudio.com,1,0,33
codecademy.com,1,0,670
codecombat.com,1,0,121
colab.research.google.com,1,0,6
comp.nus.edu.sg,1,0,1243
cs.montana.edu,1,0,684
cv.usc.es,1,100,0
cython.readthedocs.io/en/latest/src/userguide/extension_types.html,1,0,5
datasette.io,1,100,0
devguide.python.org/documentation/style-guide,1,0,3199
discordpy.readthedocs.io/en/stable/api.html,1,0,39
discuss.streamlit.io,1,0,258
docs-python-org.translate.goog,1,0,5
docs.activesoft.com.br,1,0,30
docs.aiogram.dev/uk-ua/latest,1,0,354
docs.astral.sh,1,0,1839
docs.crossplane.io,1,0,478
docs.opencv.org,1,0,23
docs.powertools.aws.dev,1,0,60
dou.ua,1,100,0
edu.xunta.gal,1,100,0
edube.org/learn/pe-2/using-modules-9,1,0,514
en.wikipedia.org,1,0,197
es.wikipedia.org,1,0,671
estmk-chat-e.azurewebsites.net,1,0,69
flask.palletsprojects.com/en/stable/tutorial,1,0,79
foad.univ-rennes.fr,1,100,0
freecodecamp.org/portuguese/news/o-decorator-property-em-python-seus-casos-de-uso-vantagens-e-sintaxe,1,0,29
geometry.docs.pyansys.com,1,100,0
ggc.view.usg.edu,1,100,0
gh.iiji.jp,1,100,0
github.com/drivendataorg/repro-tarfile,1,0,1295
github.com/googlefonts/compreffor/issues/156,1,100,0
github.com/huggingface/transformers/blob/main/i18n/README_zh-hans.md,1,0,20
github.com/joseliza/iaw/blob/main/Schedule/UD4/Mi%C3%A9rcoles%2029-01-2025.md,1,0,23
github.com/ppabam/101/issues/39,1,0,108
github.com/python-cffi/cffi/issues/23,1,100,0
github.com/python/cpython/issues/122838,1,100,0
github.com/python/cpython/tree/3.13,1,100,0
github.com/python/cpython/tree/4a153a1d3b18803a684cd1bcc2cdf3ede3dbae19,1,100,0
github.com/pytorch/pytorch/issues/141234,1,0,387
github.com/yus-yus/leetcode/pull/1,1,0,599
google.at,1,0,463
google.ba,1,0,1504
google.co.in,1,0,1193
google.com.au,1,100,0
google.com.do,1,100,0
google.com.pe,1,100,0
google.com.pk,1,0,500
google.com.sg,1,0,569
google.com.tr,1,0,6
google.ie,1,100,0
google.it,1,100,0
google.pl,1,0,23
google.ro,1,0,1926
google.se,1,0,252
gpt.freeuse.top,1,0,17
gvanrossum.github.io,1,0,172
in.search.yahoo.com,1,0,256
inetnf.auth,1,100,0
info1.ini.rub.de,1,0,1208
infoacademy.ro,1,0,23
interactivechaos.com,1,0,271
journal.top-academy.ru,1,0,26
jupyter.org,1,0,64
jwsearch.jword.jp,1,0,69
kampus.umcs.pl,1,0,1166
kcpc.hatenablog.com,1,100,0
kivy.org,1,0,1713
l.threads.net,1,100,0
learn.algoritmika.org,1,100,0
learn.lewagon.com,1,0,7
learnpython.org,1,0,9
link.csdn.net,1,0,10
link.zhihu.com,1,0,1271
login.microsoftonline.com,1,100,0
lolz.live,1,0,17
m.baidu.com/from=0/bd_page_type=1/ssid=0/uid=0/pu=usm%402%2Csz%401320_1001%2Cta%40iphone_2_13.0_22_3.9/baiduid=875D0B3EA193BBF55103789499B90A14/w=10_10_/t=iphone/l=1/tc,1,100,0
m.baidu.com/from=1012852q/bd_page_type=1/ssid=0/uid=0/pu=usm%402%2Csz%401320_1004%2Cta%40iphone_2_11.0_11_18.8/baiduid=35E710DCF501BB7098E53D2F66AFFCA6/w=0_10_/t=iphone/l=1/tc,1,100,0
m.baidu.com/from=1012852q/bd_page_type=1/ssid=0/uid=0/pu=usm%404%2Csz%401320_220%2Cta%40iphone___11_19.0/baiduid=2A22A334F4D84FD819C6BFC66852D4F1/w=0_10_/t=iphone/l=1/tc,1,0,153
m.baidu.com/from=1020681k/bd_page_type=1/ssid=0/uid=0/pu=usm%403%2Csz%401320_1001%2Cta%40iphone_2_15.0_18_40.9/baiduid=5B3E8FEED4E674CFE455DC1F6D397E53/w=0_10_/t=iphone/l=1/tc,1,100,0
m.baidu.com/from=1022674j/bd_page_type=1/ssid=0/uid=0/pu=usm%402%2Csz%401320_1001%2Cta%40iphone_2_12.0_22_3.10/baiduid=486C5B729D47BF4C96ABAAE21B393F99/w=0_10_/t=iphone/l=1/tc,1,0,329
m.baidu.com/s,1,0,70
matplotlib.org,1,0,136
medium.com/no-nonsense-backend/python-3-13-just-introduced-copy-replace-and-no-ones-talking-about-it-3585af60177d,1,0,14
melgitgaipreview-cd01001ze.megcloud.melco.co.jp,1,0,15
mepa.monolithicpower.com,1,0,10
microsoft.github.io,1,0,243
moodle-campusvirtualcolombia.s3.amazonaws.com,1,0,189
moodle.caseine.org,1,0,24
moodle.cfaematosinhos.eu,1,100,0
moodle.u-paris.fr,1,0,5836
msiz07-flask-docs-ja.readthedocs.io/ja/latest/tutorial/index.html,1,0,102
nikkie-ftnext.hatenablog.com,1,50,44
nlp.netlearning.co.jp,1,0,376
note.sngklab.jp,1,0,1394
notion.so,1,0,86
ntp.msn.cn,1,0,106
omni.top-academy.ru,1,100,0
online.keepcoding.io,1,0,7
oreilly.co.jp,1,0,17
oryoy.com,1,0,161
packaging.python.org/en/latest/key_projects,1,0,12
packaging.python.org/en/latest/tutorials/installing-packages,1,0,109
panda.ime.usp.br,1,0,55
pl.search.yahoo.com,1,0,911
programiz.com,1,0,79
py-free-threading.github.io,1,100,0
pydoc.pages.taltech.ee,1,0,174
python-adv-web-apps.readthedocs.io/en/latest/index.html,1,0,14
python.doc.local,1,0,12
python.it,1,0,37
python.org/doc,1,0,643
python.org/downloads/release/python-3921,1,0,387
python.org/psf-landing,1,0,21
python.p2hp.com,1,0,11
pythonweekly.com,1,100,0
quark.cn/s,1,0,12
readthedocs.org,1,0,3
rtavenar.github.io,1,0,21
ru.hexlet.io/blog/posts/python-s-chego-nachat,1,0,17
ru.wikipedia.org,1,0,525
runebook.dev,1,0,3156
s.mobisearcher.com/search/CG3results,1,100,0
saml.ms.com,1,100,0
school.ctc-g.co.jp,1,0,1051
scikit-learn.org,1,0,48
search.brave.com,1,0,217
search.yahoo.com,1,0,99
segno.readthedocs.io/en/stable/api.html,1,0,218
selenium-python.readthedocs.io/installation.html,1,0,105
sellbourne.com,1,100,0
service.smt.docomo.ne.jp/portal/search/web/result.html,1,100,0
shintaroshiba.medium.com/python%E3%81%AE%E8%84%86%E5%BC%B1%E6%80%A7-%E6%B3%A8%E6%84%8F%E7%82%B9-31019d18f6c2,1,0,605
source.android.com,1,0,84
sphinx-doc.org/en/master,1,0,24
sphinx-doc.org/en/master/usage/domains/python.html,1,0,1720
stg.starjuku.net,1,0,82
style.potepan.com,1,0,219
tensorflow.org,1,0,285
teratail.com,1,0,829
tie.teziutlan.tecnm.mx,1,100,0
tk2-404-43471.vs.sakura.ne.jp,1,100,0
tldrthis.com,1,0,77
tocaro.im,1,0,363
tongyi.aliyun.com/qianwen,1,0,58
top-academy.site,1,100,0
trentu.blackboard.com,1,0,572
tripleten.com,1,0,708
unil.login.eduid.ch,1,0,12
utokyo-ipp.github.io,1,0,1012
web-mail.monlycee.net,1,0,22
web.dio.me,1,0,86
web.skype.com,1,0,803
websearch.rakuten.co.jp,1,100,0
www-python-org.translate.goog,1,0,122
yandex.com.tr,1,0,466
yuanbao.tencent.com,1,0,55
zlxueba.com,1,0,693
zxjevuvfimvm.labs.coursera.org,1,0,1271
