property,value,visitors,events,percentage
url,(none),1514,3087,99.8
url,https://www.python.org/,28,28,1.8
url,https://www.python.org/downloads/,12,13,0.8
url,https://docs.python.org/pt-br/3/archives/python-3.14-docs-html.zip,4,4,0.3
url,https://apps.microsoft.com/detail/9NQ7512CXL7T,3,3,0.2
url,https://devguide.python.org/documentation/start-documenting/#building-the-documentation,3,3,0.2
url,https://docs.python.org/pt-br/3/archives/python-3.14-docs-text.zip,3,3,0.2
url,https://pypi.org/,3,3,0.2
url,https://wiki.python.org/moin/BeginnersGuide,3,3,0.2
url,https://wiki.python.org/moin/PythonBooks,3,3,0.2
url,https://www.tcl.tk/man/tcl8.6/TkCmd/contents.htm,3,3,0.2
url,https://briefcase.readthedocs.io/,2,2,0.1
url,https://docs.python.org/pt-br/3.14/archives/python-3.14-docs-text.zip,2,3,0.1
url,https://docs.python.org/pt-br/3.14/archives/python-3.14-docs.epub,2,2,0.1
url,https://packaging.python.org/pt-br/latest/guides/installing-using-pip-and-virtual-environments/#create-and-use-virtual-environments,2,2,0.1
url,https://www.zlib.net/,2,2,0.1
url,https://docs.python.org/pt-br/3.13/archives/python-3.13-docs-html.zip,1,1,0.1
url,https://docs.python.org/pt-br/3.13/archives/python-3.13-docs-pdf-a4.zip,1,1,0.1
url,https://docs.python.org/pt-br/3.13/archives/python-3.13-docs-text.zip,1,1,0.1
url,https://docs.python.org/pt-br/3.13/archives/python-3.13-docs.epub,1,1,0.1
url,https://docs.python.org/pt-br/3.14/archives/python-3.14-docs-html.zip,1,1,0.1
url,https://docs.python.org/pt-br/dev/archives/python-3.15-docs-texinfo.zip,1,1,0.1
url,https://github.com/python/cpython/blob/main/Doc/tutorial/datastructures.rst?plain=1,1,1,0.1
url,https://github.com/python/cpython/tree/3.13/Lib/colorsys.py,1,1,0.1
url,https://github.com/python/cpython/tree/3.13/Lib/random.py,1,1,0.1
url,https://github.com/python/cpython/tree/3.13/Lib/turtle.py,1,1,0.1
url,https://github.com/python/cpython/tree/3.14/Lib/pickle.py,1,1,0.1
url,https://github.com/python/cpython/tree/3.14/Lib/tkinter/__init__.py,1,1,0.1
url,https://github.com/python/cpython/tree/3.14/Lib/tkinter/simpledialog.py,1,1,0.1
url,https://peps.python.org/pep-0008/,1,1,0.1
url,https://peps.python.org/pep-0405/,1,1,0.1
url,https://peps.python.org/pep-0420/,1,1,0.1
url,https://peps.python.org/pep-0448/,1,1,0.1
url,https://pypi.org/project/pygame/,1,1,0.1
url,https://tkdocs.com/,1,1,0.1
url,https://www.python.org/downloads/android/,1,1,0.1
url,https://www.tkdocs.com/shipman/',1,1,0.1
