name,unique_entrances,total_entrances,visit_duration
/3.14/whatsnew/3.14.html,1829,1844,47
/3.14/using/windows.html,1607,1640,59
/3.14/tutorial/index.html,1432,1466,94
/3/,959,967,348
/3.14/,468,473,166
/3.14/index.html,304,310,82
/3.14/tutorial/,238,249,149
/dev/using/windows.html,233,236,693
/zh-cn/3.14/,107,109,268
/3/tutorial/index.html,104,104,548
/3.14/tutorial/appetite.html,84,87,157
/3.14/tutorial/interpreter.html,81,83,118
/3.14/search.html,68,72,312
/3/using/windows.html,68,68,398
/3.14/tutorial/introduction.html,59,61,151
/zh-cn/3.14/whatsnew/3.14.html,56,57,93
/3/library/functions.html,50,50,595
/zh-cn/3.14/tutorial/index.html,50,53,271
/3.14/library/functions.html,48,48,118
/3.14/tutorial/controlflow.html,47,47,261
/3/library/index.html,42,42,765
/3.15/,38,38,216
/3.14/library/index.html,37,40,136
/3/search.html,37,37,915
/zh-cn/3.14/library/index.html,37,41,509
/es/3.14/,32,32,63
/3/library/idle.html,31,31,235
/3.14/library/stdtypes.html,30,30,132
/3/tutorial/,30,30,590
/3/library/stdtypes.html,29,29,642
/zh-cn/3.14/index.html,29,33,100
/3.14/using/mac.html,28,28,191
/zh-cn/3.14/whatsnew/,28,28,20
/zh-cn/3.14/library/stdtypes.html,27,27,242
/3/library/tkinter.html,25,25,454
/zh-cn/3.14/library/functions.html,25,25,290
/3.14/tutorial/datastructures.html,24,26,152
/3/download.html,24,24,366
/3/index.html,24,24,620
/3/whatsnew/3.14.html,24,24,1114
/zh-cn/3.14/search.html,24,30,498
/zh-cn/3/,23,23,691
/3.14/library/,21,21,56
/3.14/glossary.html,20,23,503
/fr/3.14/,20,20,363
/zh-cn/3.14/tutorial/controlflow.html,20,22,504
/3/tutorial/datastructures.html,19,21,345
/es/3.14/tutorial/index.html,19,23,216
/zh-cn/3.14/using/index.html,19,19,99
/3/library/turtle.html,18,19,225
/pt-br/3.14/,18,18,210
/zh-cn/3.14/installing/index.html,18,18,36
/3.13/tutorial/index.html,17,17,501
/3.14/installing/index.html,17,17,339
/3.14/library/tkinter.html,17,17,139
/3.13/,16,16,386
/3.14/library/idle.html,16,16,4
/zh-cn/3.14/tutorial/datastructures.html,16,16,267
/zh-cn/3.14/using/windows.html,16,17,18
/3.13/using/windows.html,14,14,1197
/3.14/download.html,14,14,112
/3.14/library/random.html,14,14,341
/3/reference/index.html,14,14,1141
/3/tutorial/appetite.html,14,14,766
/3/tutorial/introduction.html,14,14,617
/es/3.14/search.html,14,15,295
/it/3.14/,14,14,63
/zh-cn/3.14/contents.html,14,14,284
/zh-cn/3.14/tutorial/introduction.html,14,16,255
/3.14/library/datetime.html,13,16,84
/3.14/using/index.html,13,14,502
/zh-cn/3.14/download.html,13,13,119
/zh-cn/3.14/tutorial/appetite.html,13,13,208
/3.12/,12,13,377
/3/tutorial/controlflow.html,12,12,981
/es/3.14/library/functions.html,12,12,24
/pt-br/3.14/search.html,12,12,170
/zh-cn/3.14/tutorial/,12,12,461
/3.14/library/math.html,11,11,243
/3.14/reference/index.html,11,11,115
/3/py-modindex.html,11,11,306
/fr/3.14/tutorial/index.html,11,11,41
/ja/3.14/,11,13,775
/zh-cn/3.14/tutorial/interpreter.html,11,13,35
/3.14/library/turtle.html,10,10,392
/3/library/os.html,10,10,1340
/zh-cn/3.14/library/turtle.html,10,12,169
/3.14/contents.html,9,10,78
/3.14/library/string.templatelib.html,9,9,52
/3.14/tutorial/classes.html,9,9,103
/3.14/tutorial/inputoutput.html,9,10,290
/3/library/,9,9,430
/3/library/re.html,9,9,738
/3/library/typing.html,9,9,72
/3/license.html,9,9,887
/es/3.14/library/index.html,9,9,175
/es/3.14/tutorial/interpreter.html,9,12,180
/es/3.14/tutorial/introduction.html,9,9,304
/zh-cn/3.14/library/exceptions.html,9,11,377
/zh-cn/3.14/tutorial/classes.html,9,9,100
/zh-tw/3.14/tutorial/controlflow.html,9,10,584
/3.13/index.html,8,8,98
/3.14/library/typing.html,8,8,116
/3.14/py-modindex.html,8,8,24
/3/library/argparse.html,8,8,1300
/3/library/multiprocessing.html,8,8,302
/3/library/socket.html,8,8,486
/3/library/venv.html,8,8,585
/es/3.14/tutorial/appetite.html,8,8,229
/es/3/,8,8,2344
/pt-br/3.14/library/stdtypes.html,8,8,329
/pt-br/3.14/tutorial/introduction.html,8,8,25
/3.14/library/concurrent.interpreters.html,7,7,17
/3.14/library/os.html,7,7,2
/3.14/license.html,7,7,60
/3.14/whatsnew/changelog.html,7,7,223
/3/contents.html,7,7,1580
/3/installing/index.html,7,7,228
/3/library/math.html,7,7,254
/3/library/pathlib.html,7,7,1098
/3/library/string.html,7,8,819
/3/library/threading.html,7,7,973
/3/tutorial/classes.html,7,7,382
/3/tutorial/modules.html,7,7,565
/dev/,7,7,152
/es/3.14/reference/index.html,7,7,49
/3.14/deprecations/index.html,6,6,46
/3.14/library/collections.html,6,6,1
/3.14/reference/compound_stmts.html,6,6,158
/3.14/tutorial/modules.html,6,6,1
/3.14/using/configure.html,6,6,188
/3.14/whatsnew/index.html,6,6,22
/3/library/asyncio.html,6,6,652
/3/library/datetime.html,6,6,822
/3/library/random.html,6,6,677
/3/library/time.html,6,6,513
/3/reference/datamodel.html,6,6,834
/3/tutorial/inputoutput.html,6,6,224
/3/tutorial/interpreter.html,6,6,963
/3/using/android.html,6,6,281
/3/using/index.html,6,6,921
/es/3.14/tutorial/controlflow.html,6,7,204
/fr/3.14/tutorial/introduction.html,6,6,212
/ja/3.14/tutorial/index.html,6,6,0
/zh-cn/3.14/glossary.html,6,6,158
/zh-cn/3.14/py-modindex.html,6,6,367
/zh-cn/3.14/reference/index.html,6,6,416
/zh-cn/3.14/reference/lexical_analysis.html,6,6,1302
/zh-cn/3.14/tutorial/modules.html,6,6,83
/zh-cn/3/library/index.html,6,6,732
/3.14/c-api/index.html,5,6,3
/3.14/genindex.html,5,5,241
/3.14/howto/remote_debugging.html,5,5,628
/3.14/library/re.html,5,5,69
/3.14/library/string.html,5,5,349
/3.14/reference/expressions.html,5,6,754
/3.14/tutorial/venv.html,5,5,240
/3.15/whatsnew/3.15.html,5,5,1642
/3/c-api/index.html,5,5,638
/3/faq/,5,5,209
/3/library/collections.html,5,5,664
/3/library/concurrent.futures.html,5,5,3263
/3/library/itertools.html,5,5,367
/3/library/subprocess.html,5,6,115
/3/library/sys.html,5,5,83
/es/3.14/library/intro.html,5,5,37
/es/3.14/whatsnew/3.14.html,5,5,306
/fr/3.14/tutorial/controlflow.html,5,5,0
/ja/3.14/library/index.html,5,6,813
/ja/3.14/search.html,5,5,55
/ja/3.14/tutorial/interpreter.html,5,6,531
/pl/3.14/search.html,5,5,467
/pt-br/3.14/library/index.html,5,5,61
/pt-br/3.14/tutorial/controlflow.html,5,5,372
/pt-br/3.15/using/windows.html,5,6,434
/pt-br/3/,5,5,1767
/tr/3.14/,5,5,0
/tr/3.14/reference/introduction.html,5,5,1274
/zh-cn/3.13/,5,5,666
/zh-cn/3.14/extending/extending.html,5,5,1215
/zh-cn/3.14/library/math.html,5,5,224
/zh-cn/3.14/library/os.html,5,5,376
/zh-cn/3.14/library/random.html,5,5,527
/zh-cn/3.14/library/threading.html,5,5,446
/zh-cn/3.14/reference/datamodel.html,5,5,1485
/zh-cn/3.14/reference/import.html,5,5,392
/zh-cn/3.14/tutorial/inputoutput.html,5,5,131
/zh-cn/3/library/idle.html,5,5,509
/3.14/howto/a-conceptual-overview-of-asyncio.html,4,4,68
/3.14/library/annotationlib.html,4,4,101
/3.14/library/argparse.html,4,4,119
/3.14/library/asyncio-runner.html,4,4,0
/3.14/library/intro.html,4,4,114
/3.14/library/uuid.html,4,4,134
/3.14/reference/lexical_analysis.html,4,4,255
/3.14/tutorial/appendix.html,4,4,594
/3.14/tutorial/errors.html,4,4,154
/3.14/tutorial/stdlib.html,4,4,4
/3/glossary.html,4,4,1742
/3/library/csv.html,4,4,832
/3/library/http.server.html,4,4,714
/3/library/sqlite3.html,4,4,409
/es/3.14/library/stdtypes.html,4,4,834
/es/3.14/using/windows.html,4,4,0
/es/3/tutorial/,4,4,513
/fr/3.14/library/functions.html,4,4,0
/fr/3.14/library/venv.html,4,6,129
/fr/3.14/tutorial/appetite.html,4,5,864
/fr/3.14/tutorial/datastructures.html,4,4,141
/fr/3/tutorial/,4,4,487
/pl/3.14/tutorial/index.html,4,4,24
/pt-br/3.14/download.html,4,4,53
/pt-br/3.14/library/functions.html,4,4,0
/pt-br/3.14/library/tkinter.html,4,4,26
/pt-br/3.14/tutorial/appetite.html,4,4,28
/pt-br/3.14/tutorial/index.html,4,4,98
/pt-br/3.14/tutorial/interpreter.html,4,5,182
/zh-cn/3.14/howto/index.html,4,4,873
/zh-cn/3.14/library/asyncio-runner.html,4,4,0
/zh-cn/3.14/library/asyncio.html,4,4,117
/zh-cn/3.14/library/csv.html,4,4,466
/zh-cn/3.14/library/datetime.html,4,4,422
/zh-cn/3.14/library/idle.html,4,4,0
/zh-cn/3.14/library/multiprocessing.html,4,4,0
/zh-cn/3.14/library/pathlib.html,4,4,538
/zh-cn/3.14/library/tkinter.html,4,4,737
/zh-cn/3.14/library/venv.html,4,4,1
/zh-cn/3.14/reference/expressions.html,4,4,147
/zh-cn/3.14/tutorial/errors.html,4,4,758
/zh-cn/3/reference/index.html,4,4,980
/zh-tw/3.14/,4,4,202
/3.14/library/asyncio-task.html,3,3,537
/3.14/library/asyncio.html,3,3,46
/3.14/library/compression.zstd.html,3,4,5
/3.14/library/copy.html,3,3,0
/3.14/library/decimal.html,3,3,0
/3.14/library/exceptions.html,3,3,1
/3.14/library/os.path.html,3,3,397
/3.14/library/pathlib.html,3,3,0
/3.14/library/sys.html,3,3,0
/3.14/library/tkinter.messagebox.html,3,3,8
/3.14/library/venv.html,3,3,0
/3.14/reference/datamodel.html,3,3,10
/3.14/tutorial/stdlib2.html,3,3,673
/3.14/using/cmdline.html,3,3,555
/3.14/whatsnew/3.13.html,3,3,19
/3.15/using/windows.html,3,3,541
/3/genindex.html,3,3,158
/3/howto/free-threading-python.html,3,3,9
/3/howto/index.html,3,3,354
/3/howto/regex.html,3,3,338
/3/library/collections.abc.html,3,3,178
/3/library/dis.html,3,3,1871
/3/library/exceptions.html,3,3,1305
/3/library/glob.html,3,3,1127
/3/library/intro.html,3,3,95
/3/library/logging.html,3,3,614
/3/reference/expressions.html,3,3,227
/3/reference/import.html,3,3,22
/3/tutorial/errors.html,3,3,197
/3/tutorial/stdlib2.html,3,3,831
/es/3.13/library/index.html,3,3,1126
/es/3.13/library/turtle.html,3,3,650
/es/3.14/download.html,3,4,18
/es/3.14/library/os.html,3,3,106
/es/3.14/library/tkinter.html,3,3,0
/es/3.14/library/turtle.html,3,3,7
/es/3.14/reference/compound_stmts.html,3,3,0
/es/3.14/tutorial/,3,3,11
/es/3.14/tutorial/datastructures.html,3,5,6
/es/3.14/using/index.html,3,3,6
/fr/3.14/download.html,3,3,11
/fr/3.14/howto/sorting.html,3,3,296
/fr/3.14/search.html,3,3,564
/fr/3.14/tutorial/,3,3,0
/fr/3.14/tutorial/inputoutput.html,3,3,0
/fr/3/library/turtle.html,3,3,88
/it/3.14/py-modindex.html,3,3,265
/it/3.14/tutorial/index.html,3,3,615
/it/3.14/tutorial/interpreter.html,3,3,113
/it/3.14/tutorial/introduction.html,3,3,0
/ja/3.14/library/asyncio-queue.html,3,3,0
/ja/3.14/library/functions.html,3,3,29
/ja/3.14/library/hashlib.html,3,3,0
/ja/3.14/library/unicodedata.html,3,3,0
/ja/3.14/tutorial/errors.html,3,3,464
/ja/3.14/using/ios.html,3,3,0
/ja/3.14/whatsnew/3.14.html,3,3,29
/ko/3.14/search.html,3,3,1676
/ko/3.14/tutorial/interpreter.html,3,3,0
/pl/3.14/,3,3,383
/pl/3.14/library/functions.html,3,3,637
/pl/3.14/whatsnew/3.14.html,3,3,102
/pt-br/3.14/library/datetime.html,3,3,0
/pt-br/3.14/library/math.html,3,3,7
/pt-br/3.14/library/random.html,3,3,7
/tr/3.14/tutorial/controlflow.html,3,4,0
/zh-cn/3.13/index.html,3,3,678
/zh-cn/3.13/tutorial/index.html,3,3,250
/zh-cn/3.14/c-api/intro.html,3,3,0
