name,unique_exits,total_exits,exit_rate
/3.14/whatsnew/3.14.html,1838,1852,
/3.14/using/windows.html,1645,1669,
/3.14/tutorial/index.html,1283,1314,
/3.14/,428,431,
/3.14/index.html,329,334,
/3/,312,311,
/3.14/tutorial/,211,220,
/dev/using/windows.html,181,182,
/3.14/tutorial/interpreter.html,130,136,
/3.14/tutorial/appetite.html,110,115,
/3.14/search.html,98,104,
/zh-cn/3.14/,90,90,
/zh-cn/3.14/tutorial/index.html,88,93,
/3.14/tutorial/introduction.html,87,90,
/3.14/library/functions.html,72,72,
/3.14/tutorial/controlflow.html,67,67,
/zh-cn/3.14/whatsnew/3.14.html,66,67,
/3.14/library/stdtypes.html,63,65,
/3.14/library/index.html,60,63,
/3.14/installing/index.html,51,52,
/zh-cn/3.14/library/index.html,51,51,
/3/tutorial/index.html,46,46,
/zh-cn/3.14/library/functions.html,44,46,
/3.14/download.html,41,41,
/zh-cn/3.14/library/stdtypes.html,41,42,
/zh-cn/3.14/tutorial/controlflow.html,40,40,
/zh-cn/3.14/using/windows.html,40,41,
/3.14/tutorial/datastructures.html,35,37,
/3.15/,34,34,
/es/3.14/,32,31,
/3.14/glossary.html,31,32,
/3.14/using/mac.html,31,32,
/es/3.14/tutorial/index.html,31,35,
/zh-cn/3.14/index.html,30,32,
/zh-cn/3.14/tutorial/introduction.html,30,32,
/3/using/windows.html,29,28,
/zh-cn/3.14/installing/index.html,29,30,
/zh-cn/3.14/search.html,29,29,
/zh-cn/3.14/download.html,28,28,
/zh-cn/3.14/tutorial/interpreter.html,28,30,
/3.14/py-modindex.html,24,24,
/fr/3.14/,24,24,
/3.14/reference/index.html,23,22,
/3/library/index.html,23,23,
/zh-cn/3.14/whatsnew/,23,23,
/3.14/library/idle.html,22,22,
/3/library/functions.html,22,22,
/3/library/stdtypes.html,22,22,
/3/search.html,22,22,
/es/3.14/search.html,22,22,
/3.14/library/,21,21,
/zh-cn/3.14/library/turtle.html,21,23,
/3.13/,20,20,
/3/download.html,19,19,
/es/3.14/library/functions.html,19,19,
/zh-cn/3.14/tutorial/datastructures.html,19,20,
/3.14/library/random.html,18,19,
/3.14/library/tkinter.html,18,18,
/3/tutorial/introduction.html,18,17,
/es/3.14/tutorial/introduction.html,18,20,
/3.14/tutorial/classes.html,17,17,
/3.14/using/index.html,16,17,
/fr/3.14/tutorial/index.html,16,17,
/3.14/tutorial/appendix.html,15,15,
/zh-cn/3.14/tutorial/appetite.html,15,15,
/zh-cn/3.14/using/index.html,15,15,
/3.14/tutorial/inputoutput.html,14,14,
/3/tutorial/datastructures.html,14,14,
/es/3.14/tutorial/interpreter.html,14,17,
/pt-br/3.14/,14,14,
/zh-cn/3.14/tutorial/modules.html,14,18,
/3.12/,13,13,
/3.14/library/datetime.html,13,17,
/3/library/idle.html,13,13,
/it/3.14/,13,13,
/zh-cn/3.14/tutorial/classes.html,13,14,
/3.13/using/windows.html,12,13,
/3.13/whatsnew/3.13.html,12,12,
/3.14/library/turtle.html,12,12,
/3.14/reference/compound_stmts.html,12,12,
/3.14/tutorial/errors.html,12,12,
/3/library/tkinter.html,12,12,
/3/tutorial/controlflow.html,12,12,
/es/3.14/library/index.html,12,12,
/ja/3.14/,12,12,
/ja/3.14/tutorial/index.html,12,12,
/zh-cn/3.14/glossary.html,12,12,
/zh-cn/3.14/library/os.html,12,13,
/3.14/library/string.html,11,11,
/3.14/reference/lexical_analysis.html,11,11,
/3.14/using/cmdline.html,11,11,
/3/tutorial/,11,11,
/fr/3.14/tutorial/introduction.html,11,11,
/pt-br/3.14/library/functions.html,11,11,
/pt-br/3.14/search.html,11,12,
/pt-br/3.14/tutorial/index.html,11,11,
/pt-br/3.14/tutorial/introduction.html,11,11,
/tr/3.14/,11,11,
/zh-cn/3.14/contents.html,11,12,
/zh-cn/3.14/library/idle.html,11,11,
