property,value,visitors,events,percentage
url,(none),1240,2303,99.7
url,https://www.python.org/,17,18,1.4
url,https://github.com/python/cpython/tree/3.14/Lib/idlelib/,5,6,0.4
url,https://docs.python.org/ko/3.14/archives/python-3.14-docs-text.zip,3,3,0.2
url,https://github.com/python/cpython/tree/3.14/Lib/turtle.py,3,4,0.2
url,https://www.python.org/downloads/,3,3,0.2
url,https://apps.microsoft.com/detail/9NQ7512CXL7T,2,4,0.2
url,https://github.com/python/cpython/tree/main/Lib/idlelib/,2,2,0.2
url,https://docs.python.org/ko/3.14/archives/python-3.14-docs-html.zip,1,1,0.1
url,https://en.wikipedia.org/wiki/Priority_queue,1,1,0.1
url,https://en.wikipedia.org/wiki/Timsort,1,1,0.1
url,https://en.wikipedia.org/wiki/Turtle_(robot),1,1,0.1
url,https://en.wikipedia.org/wiki/Walrus#/media/File:Pacific_Walrus_-_Bull_(8247646168).jpg,1,1,0.1
url,https://github.com/python/cpython/tree/3.13/Lib/_collections_abc.py,1,1,0.1
url,https://github.com/python/cpython/tree/3.13/Lib/idlelib/,1,1,0.1
url,https://github.com/python/cpython/tree/3.14/Lib/asyncio/coroutines.py,1,1,0.1
url,https://github.com/python/cpython/tree/3.14/Lib/unittest/mock.py,1,1,0.1
url,https://manpages.debian.org/alarm(2),1,1,0.1
url,https://packaging.python.org/en/latest/tutorials/packaging-projects/,1,1,0.1
url,https://packaging.python.org/installing/,1,1,0.1
url,https://packaging.python.org/installing/#creating-virtual-environments,1,1,0.1
url,https://peps.python.org/pep-0649/,1,1,0.1
url,https://peps.python.org/pep-0745/,1,1,0.1
url,https://peps.python.org/pep-0749/,1,1,0.1
url,https://requests.readthedocs.io/en/latest/,1,1,0.1
url,https://tiswww.case.edu/php/chet/readline/rltop.html,1,1,0.1
url,https://www.tcl-lang.org/,1,1,0.1
