name,unique_exits,total_exits,exit_rate
/ko/3/tutorial/index.html,52,59,
/ko/3.13/tutorial/index.html,29,31,
/ko/3/library/functions.html,29,37,
/ko/3/library/idle.html,29,29,
/ko/3/library/index.html,25,27,
/ko/3/,20,23,
/ko/3/library/venv.html,20,21,
/ko/3/library/turtle.html,19,22,
/ko/3.15/using/windows.html,18,18,
/3/,17,18,
/ko/3.13/installing/index.html,16,16,
/ko/3/tutorial/interpreter.html,15,16,
/ko/3/library/asyncio-task.html,14,14,
/ko/3/tutorial/appetite.html,14,14,
/dev/using/windows.html,13,13,
/ko/3.14/,12,14,
/ko/3/library/random.html,12,12,
/ko/3/tutorial/controlflow.html,12,12,
/ko/3/library/struct.html,11,12,
/ko/3/tutorial/datastructures.html,11,15,
/ko/3.13/library/random.html,10,10,
/ko/3/tutorial/introduction.html,10,10,
/ko/3/whatsnew/index.html,10,10,
/ko/3.13/tutorial/classes.html,9,11,
/ko/3.13/tutorial/controlflow.html,9,9,
/ko/3/library/logging.html,9,9,
/ko/3.13/library/re.html,8,9,
/ko/3.14/whatsnew/3.14.html,8,8,
/ko/3/library/heapq.html,8,8,
/ko/3/library/pdb.html,8,8,
/ko/3/library/stdtypes.html,8,12,
/ko/3/reference/expressions.html,8,9,
/ko/3.13/howto/sorting.html,7,7,
/ko/3.13/library/datetime.html,7,7,
/ko/3.13/library/functions.html,7,8,
/ko/3.13/library/heapq.html,7,7,
/ko/3.13/library/subprocess.html,7,7,
/ko/3.13/library/threading.html,7,8,
/ko/3.13/tutorial/errors.html,7,7,
/ko/3.14/library/stdtypes.html,7,9,
/ko/3.14/tutorial/controlflow.html,7,7,
/ko/3.14/using/windows.html,7,7,
/ko/3/library/collections.html,7,8,
/ko/3/library/time.html,7,7,
/ko/3/reference/lexical_analysis.html,7,8,
/ko/3/tutorial/,7,7,
/ko/3/using/windows.html,7,7,
/3/tutorial/index.html,6,6,
/ko/3.13/library/concurrent.futures.html,6,6,
/ko/3.13/library/math.html,6,6,
/ko/3.13/tutorial/introduction.html,6,6,
/ko/3.14/search.html,6,7,
/ko/3/extending/extending.html,6,6,
/ko/3/library/ast.html,6,7,
/ko/3/library/exceptions.html,6,6,
/ko/3/library/math.html,6,6,
/ko/3/library/subprocess.html,6,6,
/ko/3/library/tempfile.html,6,6,
/ko/3/reference/datamodel.html,6,6,
/3.14/library/idle.html,5,5,
/ko/3.13/library/index.html,5,5,
/ko/3.13/library/stdtypes.html,5,5,
/ko/3.13/tutorial/appetite.html,5,6,
/ko/3.13/tutorial/interpreter.html,5,5,
/ko/3/glossary.html,5,5,
/ko/3/installing/index.html,5,5,
/ko/3/library/pathlib.html,5,6,
/ko/3/library/shutil.html,5,5,
/ko/3/library/threading.html,5,5,
/ko/3/library/unittest.html,5,5,
/3.14/,4,4,
/3.14/using/windows.html,4,4,
/ko/3.13/library/asyncio.html,4,4,
/ko/3.13/library/os.path.html,4,4,
/ko/3.13/library/turtle.html,4,4,
/ko/3.13/library/urllib.parse.html,4,4,
/ko/3.13/tutorial/datastructures.html,4,4,
/ko/3.14/installing/index.html,4,4,
/ko/3.15/library/idle.html,4,4,
/ko/3.15/search.html,4,4,
/ko/3/library/contextlib.html,4,4,
/ko/3/library/csv.html,4,4,
/ko/3/library/datetime.html,4,4,
/ko/3/library/doctest.html,4,4,
/ko/3/library/unittest.mock-examples.html,4,4,
/ko/3/library/urllib.parse.html,4,4,
/ko/3/reference/compound_stmts.html,4,4,
/ko/3/reference/index.html,4,4,
/ko/3/search.html,4,4,
/ko/3/tutorial/classes.html,4,4,
/ko/3/tutorial/errors.html,4,4,
/3.14/tutorial/index.html,3,3,
/3/library/asyncio-task.html,3,3,
/3/library/os.html,3,3,
/3/library/stdtypes.html,3,3,
/3/library/typing.html,3,3,
/ko/3.12/library/functions.html,3,3,
/ko/3.13/c-api/index.html,3,3,
/ko/3.13/howto/regex.html,3,3,
/ko/3.13/library/idle.html,3,3,
