name,unique_entrances,total_entrances,visit_duration
/3/,12445,12754,156
/3/library/functions.html,5814,6097,116
/3/library/stdtypes.html,5387,5686,136
/3/library/venv.html,4848,4960,42
/3/tutorial/index.html,3988,4146,153
/3/library/datetime.html,3985,4099,82
/3/tutorial/datastructures.html,3363,3543,132
/3/library/re.html,3023,3131,83
/3/library/index.html,2767,2882,150
/3/library/typing.html,2703,2791,104
/3/library/turtle.html,2541,2711,102
/3/library/tkinter.html,2516,2611,93
/3/tutorial/,2495,2797,131
/3/library/random.html,2389,2458,72
/3/search.html,2233,2378,255
/3/library/idle.html,2205,2235,49
/3/library/argparse.html,2138,2192,150
/3/library/math.html,2137,2223,83
/3/library/csv.html,2115,2204,105
/3/library/logging.html,2090,2158,131
/3/library/pathlib.html,1954,2021,113
/3/whatsnew/3.14.html,1850,1902,106
/3/tutorial/controlflow.html,1843,1921,123
/3/using/windows.html,1809,1841,79
/3/library/subprocess.html,1716,1793,126
/3/tutorial/errors.html,1714,1758,94
/3/library/os.html,1694,1728,133
/3/tutorial/classes.html,1589,1657,101
/3/library/dataclasses.html,1572,1614,95
/3/library/collections.html,1468,1517,118
/3/library/exceptions.html,1403,1438,89
/3/library/multiprocessing.html,1336,1420,143
/3/tutorial/inputoutput.html,1328,1376,149
/3/library/itertools.html,1299,1348,105
/3/library/json.html,1294,1324,104
/3/library/string.html,1242,1276,123
/3/library/enum.html,1177,1206,96
/3/library/time.html,1133,1156,78
/3/library/unittest.html,1114,1170,112
/3/library/threading.html,1112,1147,124
/3/library/unittest.mock.html,1092,1157,102
/3/library/sqlite3.html,1075,1110,121
/3/library/asyncio-task.html,1027,1062,117
/3/library/os.path.html,1011,1036,157
/3/library/asyncio.html,971,1012,179
/3/tutorial/introduction.html,943,988,175
/3/library/functools.html,906,934,83
/3/library/concurrent.futures.html,883,919,141
/3/howto/sorting.html,878,892,68
/3/tutorial/venv.html,869,890,66
/3/library/socket.html,867,915,185
/3/reference/datamodel.html,863,889,139
/3/tutorial/modules.html,862,879,138
/3/glossary.html,782,803,198
/3/library/xml.etree.elementtree.html,744,774,133
/3/library/heapq.html,714,735,89
/3/library/struct.html,707,745,85
/3/tutorial/interpreter.html,695,720,166
/3/py-modindex.html,694,734,146
/3/howto/logging.html,683,700,108
/3/library/pickle.html,656,671,90
/es/3/tutorial/,638,668,167
/3/installing/index.html,618,628,88
/3/library/sys.html,609,623,164
/3/library/tempfile.html,597,618,112
/3/library/shutil.html,571,580,92
/3/library/pdb.html,539,551,95
/zh-cn/3/,523,538,184
/3/library/io.html,519,538,138
/3/reference/index.html,507,517,244
/3/library/hashlib.html,505,511,101
/3/library/abc.html,483,492,127
/3/tutorial/appetite.html,481,497,276
/3/using/mac.html,478,480,56
/3/reference/import.html,477,485,95
/3/library/,461,486,155
/3/reference/expressions.html,455,463,115
/3/license.html,450,456,77
/3/library/contextlib.html,449,465,158
/3/howto/regex.html,443,452,72
/3/reference/lexical_analysis.html,429,449,118
/3/library/urllib.parse.html,426,436,90
/3/library/copy.html,425,429,76
/3/library/zipfile.html,395,406,131
/fr/3/tutorial/,389,398,103
/3/library/queue.html,388,394,103
/3/library/glob.html,384,398,100
/3/index.html,380,398,233
/3/reference/compound_stmts.html,377,388,193
/3/library/configparser.html,371,385,71
/3/library/http.server.html,369,379,82
/3/using/cmdline.html,368,375,93
/3/library/decimal.html,361,372,89
/zh-cn/3/tutorial/index.html,358,374,212
/3/library/ast.html,353,371,99
/3/library/asyncio-eventloop.html,341,349,132
/3/library/operator.html,340,347,133
/3/contents.html,335,341,159
/3/library/pprint.html,335,341,46
/3/whatsnew/3.13.html,335,344,84
/3/library/ctypes.html,327,344,86
/3/library/http.cookies.html,325,325,0
/3/library/uuid.html,324,334,94
/3/library/profile.html,303,314,90
/3/library/difflib.html,298,315,86
/zh-cn/3/library/idle.html,292,292,45
/3/library/importlib.html,282,289,89
/3/tutorial/floatingpoint.html,282,288,62
/3/library/ssl.html,279,289,164
/3/library/codecs.html,278,281,118
/3/download.html,273,277,113
/3/library/statistics.html,272,287,120
/3/using/android.html,269,275,73
/3/reference/simple_stmts.html,267,275,105
/3/library/inspect.html,264,273,268
/3/library/timeit.html,263,269,101
/3/library/collections.abc.html,254,266,183
/3/howto/logging-cookbook.html,253,258,154
/3/library/warnings.html,252,255,83
/3/library/logging.handlers.html,243,251,131
/dev/using/windows.html,243,245,857
/3/library/__main__.html,236,239,85
/3/library/urllib.request.html,236,242,109
/3/library/base64.html,234,236,51
/3/library/ipaddress.html,231,235,72
/3/library/smtplib.html,230,243,73
/3/using/index.html,230,234,109
/3/howto/enum.html,226,229,102
/zh-cn/3/library/index.html,225,238,214
/3/howto/argparse.html,220,225,111
/3/extending/extending.html,214,217,87
/3/library/ensurepip.html,214,216,65
/zh-cn/3/library/turtle.html,211,222,66
/3/library/array.html,209,213,78
/3/library/bisect.html,204,213,45
/3/library/tarfile.html,201,214,98
/3/library/tkinter.ttk.html,199,214,168
/3/library/webbrowser.html,197,204,95
/ja/3/library/codecs.html,197,200,68
/3/library/traceback.html,190,195,98
/3/howto/free-threading-python.html,184,189,95
/ja/3/library/functions.html,183,190,94
/ja/3/,182,191,272
/3/library/signal.html,181,182,162
/3/howto/unicode.html,178,180,122
/3/library/asyncio-sync.html,175,181,120
/3/library/secrets.html,174,176,85
/3/faq/,173,178,184
/ja/3/library/index.html,160,172,234
/3/library/doctest.html,158,161,121
/3/library/urllib.html,158,159,124
/3/library/contextvars.html,157,165,135
/3/library/dialog.html,156,157,154
/3/howto/curses.html,154,158,111
/es/3/tutorial/index.html,151,159,164
/3/howto/descriptor.html,149,156,156
/3/library/textwrap.html,149,150,55
/3/library/tk.html,149,153,154
/3/library/types.html,148,153,109
/3/library/calendar.html,147,157,101
/3/library/email.examples.html,147,152,125
/3/library/logging.config.html,147,150,116
/3/library/tomllib.html,146,146,112
/fr/3/tutorial/datastructures.html,145,150,123
/3/library/gc.html,143,145,74
/3/library/asyncio-queue.html,140,144,229
/3/library/asyncio-stream.html,140,147,173
/3/whatsnew/3.12.html,139,151,35
/3/howto/a-conceptual-overview-of-asyncio.html,136,149,146
/3/library/pydoc.html,134,137,140
/pt-br/3/,134,139,161
/3/library/constants.html,131,134,105
/3/library/tkinter.messagebox.html,130,131,51
/3/library/filesys.html,129,130,295
/3/howto/sockets.html,127,134,166
/3/library/getpass.html,127,134,171
/3/c-api/index.html,125,127,184
/3/library/dis.html,125,131,233
/zh-cn/3/library/functions.html,123,131,91
/3/library/zoneinfo.html,122,129,79
/3/library/http.client.html,115,119,126
/zh-cn/3/library/,114,121,136
/3/library/datatypes.html,112,113,156
/3/library/fnmatch.html,111,113,63
/zh-cn/3/library/math.html,111,113,39
/3/library/tracemalloc.html,110,113,74
/es/3/,110,113,211
/3/whatsnew/3.8.html,109,109,46
/3/faq/general.html,108,108,91
/3/library/fractions.html,107,110,79
/3/library/html.parser.html,107,107,108
/3/library/wave.html,107,115,89
/3/library/curses.html,106,109,172
/3/library/http.html,105,107,85
/3/library/ftplib.html,103,106,158
/3/whatsnew/index.html,103,103,163
/3/library/distutils.html,101,104,55
/pt-br/3/library/venv.html,101,102,51
/3/faq/windows.html,100,103,99
/ja/3/tutorial/index.html,100,108,222
/3/library/cmath.html,99,101,26
/3/tutorial/stdlib.html,98,110,157
/3/library/intro.html,97,98,141
/3/library/unicodedata.html,96,96,70
/ja/3/reference/introduction.html,95,95,3
/3/howto/functional.html,94,95,69
/3/library/asyncio-future.html,94,95,158
/3/library/__future__.html,93,95,82
/3/howto/index.html,92,99,205
/3/whatsnew/changelog.html,92,94,119
/zh-cn/3/using/index.html,91,91,31
/3.14/,90,90,394
/3/library/asyncio-runner.html,90,90,200
/3/library/gzip.html,90,93,214
/ja/3/tutorial/,90,101,313
/es/3/tutorial/classes.html,89,92,61
/3/faq/programming.html,87,88,61
/3.14/whatsnew/3.14.html,85,85,603
/3/extending/embedding.html,85,87,68
/3/library/multiprocessing.shared_memory.html,84,85,145
/3/library/zlib.html,84,84,52
/zh-cn/3/tutorial/,84,85,124
/3/library/asyncio-dev.html,83,85,111
/3/using/ios.html,83,87,59
/3/whatsnew/3.11.html,82,89,1160
/es/3/tutorial/introduction.html,82,91,248
/zh-cn/3/tutorial/controlflow.html,82,91,194
/3/howto/annotations.html,80,83,97
/3/library/xml.html,80,80,79
/3/library/site.html,79,80,105
/zh-cn/3/using/mac.html,78,82,89
/3/library/socketserver.html,77,78,338
/ja/3/library/stdtypes.html,77,78,156
/3/library/shlex.html,76,79,118
/3/library/email.html,74,75,165
/3/library/mimetypes.html,72,74,77
/3/library/stat.html,72,72,97
/zh-cn/3/library/stdtypes.html,72,73,181
/zh-cn/3/search.html,72,78,331
/ja/3/library/pathlib.html,71,71,63
/3/library/imaplib.html,70,71,159
/3/library/unittest.mock-examples.html,70,71,147
/3/library/importlib.metadata.html,69,70,84
/3/library/importlib.resources.html,69,72,157
/3/library/weakref.html,69,71,235
/es/3/tutorial/interpreter.html,69,75,251
/3/library/asyncio-subprocess.html,68,70,145
/3/whatsnew/3.10.html,68,75,185
/es/3/tutorial/appetite.html,68,70,138
/zh-cn/3/reference/index.html,67,68,154
/zh-cn/3/tutorial/introduction.html,67,69,202
/3/c-api/memory.html,66,69,255
/3/library/locale.html,66,67,237
/es/3/tutorial/controlflow.html,66,73,112
/3/library/platform.html,65,66,183
/3/library/zipimport.html,65,69,2
/3/reference/grammar.html,65,70,43
/fr/3/library/stdtypes.html,65,87,728
/zh-cn/3/index.html,65,68,309
/3/library/select.html,63,65,321
/3/library/binascii.html,62,64,218
/3/installing/,60,60,23
/3/c-api/buffer.html,59,59,99
/3/c-api/init.html,59,66,232
/3/reference/,59,60,315
/3/library/atexit.html,58,59,126
/3/library/hmac.html,58,58,164
/3/library/telnetlib.html,58,60,108
/3/using/configure.html,57,59,134
/uk/3/tutorial/index.html,57,64,272
/3/using/unix.html,56,58,47
/3/genindex-Symbols.html,55,57,113
/3/library/mmap.html,55,58,71
/3/reference/introduction.html,55,56,192
/pt-br/3/library/stdtypes.html,55,58,46
/pt-br/3/tutorial/index.html,55,61,91
/uk/3/library/idle.html,55,57,84
/zh-cn/3/tutorial/datastructures.html,55,57,58
/zh-cn/3/tutorial/interpreter.html,55,56,369
/3/library/numbers.html,54,55,244
/3/library/optparse.html,52,53,137
/3/whatsnew/3.9.html,52,53,102
/zh-tw/3/tutorial/index.html,52,54,74
/3/library/concurrency.html,51,55,188
/fr/3/,51,52,359
/3/tutorial/stdlib2.html,50,56,250
/fr/3/tutorial/inputoutput.html,50,52,91
/ja/3/bugs.html,49,49,2
/3/library/tokenize.html,48,49,31
/3/library/py_compile.html,47,48,1
/fr/3/library/random.html,47,52,162
/ja/3/tutorial/datastructures.html,47,47,277
/3.15/,46,47,306
/3/library/cgi.html,46,46,64
/3/library/concurrent.interpreters.html,46,48,244
/3/library/email.message.html,46,49,69
/3/library/sys_path_init.html,46,48,95
/3/library/winsound.html,46,47,96
/fr/3/tutorial/venv.html,46,49,83
/ja/3/library/os.html,46,47,94
