name,version,visitors
Chrome,141.0,1653
Chrome,142.0,1222
Microsoft Edge,142.0,759
Microsoft Edge,141.0,312
Firefox,144.0,233
Safari,18.6,170
Chrome,140.0,159
Microsoft Edge,140.0,144
Chrome,126.0,139
Safari,26.0,119
Mobile App,(not set),80
Chrome,139.0,52
Chrome,134.0,34
Safari,26.1,33
Chrome,138.0,30
Safari,18.5,29
Chrome,125.0,24
Safari,18.7,22
Firefox,140.0,19
Chrome,136.0,16
Chrome,137.0,16
Microsoft Edge,138.0,14
Huawei Browser Mobile,16.0,14
Safari,17.6,13
Chrome,133.0,12
Microsoft Edge,139.0,12
Safari,16.6,12
Chrome,132.0,10
UC Browser,18.1,10
Safari,18.3,10
Chrome,117.0,9
Chrome,130.0,9
Chrome,131.0,9
Firefox,143.0,9
Firefox,115.0,8
Brave,(not set),7
Chrome,109.0,7
Microsoft Edge,134.0,6
Chrome,135.0,6
Mobile App,97.0,6
Chrome,120.0,5
Opera,122.0,5
Chrome,123.0,5
Microsoft Edge,137.0,5
Safari,17.14,5
Safari,18.4,5
Microsoft Edge,124.0,4
Microsoft Edge,136.0,4
Safari,15.6,4
Safari,17.5,4
Smart Lenovo Browser,9.0,4
Safari,(not set),3
(not set),(not set),3
Microsoft Edge,100.0,3
Microsoft Edge,102.0,3
Microsoft Edge,114.0,3
Chrome,116.0,3
Chrome,121.0,3
Chrome,122.0,3
Opera,123.0,3
Microsoft Edge,129.0,3
Microsoft Edge,131.0,3
Safari,16.2,3
QQ Browser,6.2,3
Quark,10.0,2
Microsoft Edge,103.0,2
Microsoft Edge,119.0,2
Microsoft Edge,126.0,2
Chrome,128.0,2
Microsoft Edge,133.0,2
Firefox,138.0,2
Chrome,141,2
Norton Private Browser,141.0,2
Firefox,142.0,2
Safari,16.1,2
Safari,16.4,2
Safari,16.5,2
Safari,17.2,2
Safari,18.0,2
UC Browser,18.2,2
Safari,18.2,2
MIUI Browser,20.5,2
Safari,26.2,2
vivo Browser,26.7,2
Samsung Browser,29.0,2
Chrome,86.0,2
Chrome,87.0,2
Chrome,91.0,2
Safari,10.0,1
Oppo Browser,10.5,1
Chrome,107.0,1
Firefox,109.0,1
Microsoft Edge,109.0,1
Safari,11.0,1
Chrome,112.0,1
Safari,12.0,1
Microsoft Edge,120.0,1
Microsoft Edge,122.0,1
Opera,124.0,1
Microsoft Edge,125.0,1
Mobile App,127.0,1
Firefox,128.0,1
QQ Browser,13.6,1
Firefox,130.0,1
Firefox,132.0,1
Firefox,136.0,1
Iron,138.0,1
Firefox,141.0,1
AVG Secure Browser,141.0,1
Chrome,142,1
Chrome,143.0,1
Firefox,144.2,1
Firefox,145.0,1
Safari,17.3,1
UC Browser,18.0,1
Safari,18.1,1
Sogou Explorer,2,1
MIUI Browser,20.3,1
Yandex Browser,25.8,1
vivo Browser,26.5,1
Sleipnir,4.8,1
Chrome,53.0,1
Rakuten Web Search,6.114,1
Quark,7.16,1
Firefox,79.0,1
Chrome,92.0,1
Opera,96.0,1
Chrome,97.0,1
