property,value,visitors,events,percentage
url,(none),25978,33603,99.5
url,https://www.python.org/,234,261,0.9
url,https://github.com/python/peps/blob/main/peps/pep-0619.rst,152,157,0.6
url,https://github.com/python/peps/blob/main/peps/pep-0664.rst,149,169,0.6
url,https://github.com/python/peps/blob/main/peps/pep-0693.rst,131,142,0.5
url,https://github.com/python/peps/blob/main/peps/pep-0719.rst,111,113,0.4
url,https://github.com/python/peps/blob/main/peps/pep-0745.rst,69,74,0.3
url,https://github.com/python/peps/blob/main/peps/pep-0596.rst,68,83,0.3
url,https://github.com/python/peps/blob/main/peps/pep-0569.rst,32,33,0.1
url,https://typing.python.org/en/latest/spec/directives.html#deprecated,26,27,0.1
url,https://docs.python.org/3.12/whatsnew/3.12.html,25,25,0.1
url,https://packaging.python.org/en/latest/specifications/,24,24,0.1
url,https://github.com/python/peps/blob/main/peps/pep-0008.rst,18,18,0.1
url,https://groups.google.com/d/msg/comp.lang.python/B_VxeTBClM0/L8W9KlsiriUJ,18,18,0.1
url,https://typing.python.org/en/latest/spec/typeddict.html#typeddict,18,18,0.1
url,https://packaging.python.org/en/latest/specifications/pyproject-toml/#pyproject-toml-spec,17,17,0.1
url,https://packaging.python.org/en/latest/specifications/version-specifiers/#version-specifiers,12,12,0.0
url,https://typing.python.org/en/latest/spec/class-compat.html#override,12,12,0.0
url,https://docs.python.org/3/reference/compound_stmts.html#match,11,11,0.0
url,https://github.com/python/peps/blob/main/peps/pep-0020.rst,11,11,0.0
url,https://packaging.python.org/en/latest/specifications/pylock-toml/#pylock-toml-spec,11,12,0.0
url,https://mail.python.org/pipermail/python-dev/2012-June/120505.html,10,10,0.0
url,https://packaging.python.org/en/latest/specifications/inline-script-metadata/#inline-script-metadata,10,10,0.0
url,https://packaging.python.org/en/latest/specifications/dependency-specifiers/#dependency-specifiers,9,10,0.0
url,https://typing.python.org/en/latest/spec/protocol.html#protocols,9,10,0.0
url,https://docs.python.org/3/library/stdtypes.html#types-union,8,8,0.0
url,https://github.com/python/peps/commits/main/peps/pep-0619.rst,8,8,0.0
url,https://typing.python.org/en/latest/spec/,8,8,0.0
url,https://github.com/python/peps,7,7,0.0
url,https://github.com/python/peps/commits/main/peps/pep-0745.rst,7,7,0.0
url,https://www.pypa.io/en/latest/specifications/#handling-fixes-and-other-minor-updates,7,7,0.0
url,http://barry.warsaw.us/software/STYLEGUIDE.txt,6,6,0.0
url,https://discuss.python.org/t/pep-596-python-3-9-release-schedule-doubling-the-release-cadence/1828,6,6,0.0
url,https://docs.python.org/3.13/library/warnings.html#warnings.deprecated,6,6,0.0
url,https://docs.python.org/3/library/typing.html#typing.Literal,6,6,0.0
url,https://github.com/python/peps/blob/main/peps/pep-0602.rst,6,6,0.0
url,https://packaging.python.org/en/latest/specifications/core-metadata/#core-metadata,6,6,0.0
url,https://packaging.python.org/en/latest/specifications/externally-managed-environments/#externally-managed-environments,6,6,0.0
url,https://typing.python.org/en/latest/spec/callables.html#unpack-kwargs,6,6,0.0
url,https://typing.python.org/en/latest/spec/distributing.html#packaging-typed-libraries,6,7,0.0
url,https://typing.python.org/en/latest/spec/generics.html#self,6,6,0.0
url,https://typing.python.org/en/latest/spec/literal.html#literal-types,6,6,0.0
url,https://typing.python.org/en/latest/spec/meta.html,6,8,0.0
url,http://docutils.sourceforge.net/rst.html,5,5,0.0
url,https://docs.python.org/3/library/typing.html#typing.Protocol,5,5,0.0
url,https://docs.python.org/3/library/typing.html#typing.override,5,5,0.0
url,https://docs.python.org/3/reference/simple_stmts.html#annassign,5,5,0.0
url,https://mail.python.org/pipermail/python-3000/2007-July/008663.html,5,5,0.0
url,https://packaging.python.org/en/latest/specifications/binary-distribution-format/#the-dist-info-sboms-directory,5,5,0.0
url,https://discuss.python.org/t/77293/150,4,4,0.0
url,https://docs.python.org/3.14/reference/compound_stmts.html#finally,4,4,0.0
url,https://docs.python.org/3/library/typing.html#typing.TypedDict,4,4,0.0
url,https://github.com/python/peps/blob/main/peps/pep-0790.rst,4,5,0.0
url,https://github.com/python/peps/commits/main/peps/pep-0664.rst,4,4,0.0
url,https://github.com/python/peps/commits/main/peps/pep-0693.rst,4,4,0.0
url,https://mail.python.org/archives/list/python-dev@python.org/thread/VQKDIZLZ6HF2MLTNCUFURK2IFTXVQEYA/,4,4,0.0
url,https://typing.python.org/en/latest/spec/generics.html#type-parameter-defaults,4,6,0.0
url,https://typing.python.org/en/latest/spec/generics.html#typevartuple,4,4,0.0
url,https://typing.python.org/en/latest/spec/narrowing.html#typeguard,4,4,0.0
url,https://typing.python.org/en/latest/spec/typeddict.html#required-notrequired,4,4,0.0
url,http://www.wikipedia.com/wiki/Camel_case,3,3,0.0
url,https://bugs.python.org/issue526840,3,9,0.0
url,https://datatracker.ietf.org/doc/html/rfc2119.html,3,3,0.0
url,https://discuss.python.org/t/13508/22,3,3,0.0
url,https://discuss.python.org/t/pep-387-backwards-compatibilty-policy/4421,3,3,0.0
url,https://discuss.python.org/t/pep-621-round-3/5472,3,4,0.0
url,https://docs.python.org/3.13/library/typing.html#typing.ReadOnly,3,3,0.0
url,https://docs.python.org/3/library/exceptions.html#lib-exception-groups,3,3,0.0
url,https://docs.python.org/3/library/stdtypes.html#types-genericalias,3,3,0.0
url,https://docs.python.org/3/library/typing.html#typing.TypeGuard,3,3,0.0
url,https://docs.python.org/3/using/android.html#using-android,3,3,0.0
url,https://docs.python.org/3/using/ios.html#using-ios,3,3,0.0
url,https://github.com/hukkin/tomli,3,3,0.0
url,https://github.com/python/peps/blob/main/peps/pep-0249.rst,3,3,0.0
url,https://github.com/python/peps/blob/main/peps/pep-0397.rst,3,3,0.0
url,https://github.com/python/peps/blob/main/peps/pep-0668.rst,3,3,0.0
url,https://github.com/python/peps/commits/main/peps/pep-0596.rst,3,3,0.0
url,https://mail.python.org/archives/list/python-dev@python.org/thread/BO2TQHSXWL2RJMINWQQRBF5LANDDJNHH/,3,4,0.0
url,https://mail.python.org/archives/list/python-dev@python.org/thread/KE7OS4PZASZMFTW2FP2MWZU5R4Q2QZKU/,3,3,0.0
url,https://mail.python.org/archives/list/typing-sig@python.org/,3,3,0.0
url,https://mail.python.org/pipermail/python-dev/2015-September/141526.html,3,3,0.0
url,https://packaging.python.org/en/latest/specifications/binary-distribution-format/#binary-distribution-format,3,3,0.0
url,https://packaging.python.org/specifications/core-metadata/#license,3,3,0.0
url,https://typing.python.org/en/latest/spec/qualifiers.html#annotated,3,3,0.0
url,http://code.activestate.com/recipes/498072/,2,2,0.0
url,http://docs.python.org/3/reference/import.html,2,2,0.0
url,http://docs.python.org/reference/expressions.html#list-displays,2,2,0.0
url,http://mypy-lang.org/,2,2,0.0
url,https://devguide.python.org/,2,2,0.0
url,https://devguide.python.org/devcycle/,2,2,0.0
url,https://discuss.python.org/t/41147/36,2,2,0.0
url,https://discuss.python.org/t/53020,2,3,0.0
url,https://discuss.python.org/t/pep-600-future-manylinux-platform-tags-for-portable-linux-built-distributions/2414/27,2,2,0.0
url,https://dl.acm.org/doi/10.1145/3485513,2,2,0.0
url,https://docs.python.org/3.11/whatsnew/3.11.html#faster-cpython,2,3,0.0
url,https://docs.python.org/3/library/exceptions.html#BaseException.add_note,2,2,0.0
url,https://docs.python.org/3/library/string.html#formatstrings,2,2,0.0
url,https://docs.python.org/3/library/typing.html#typing.Self,2,2,0.0
url,https://docs.python.org/3/library/typing.html#typing.TypeVarTuple,2,2,0.0
url,https://docs.python.org/3/library/typing.html#typing.dataclass_transform,2,2,0.0
url,https://docs.python.org/3/reference/datamodel.html#customizing-module-attribute-access,2,2,0.0
url,https://docs.python.org/using/windows.html,2,2,0.0
url,https://en.wikipedia.org/wiki/C11_%28C_standard_revision%29#Optional_features,2,3,0.0
url,https://en.wikipedia.org/wiki/Covariance_and_contravariance_%28computer_science%29,2,2,0.0
url,https://en.wikipedia.org/wiki/Reification_(computer_science),2,2,0.0
url,https://facebook.github.io/zstd/,2,2,0.0
url,https://github.com/astral-sh/uv,2,2,0.0
url,https://github.com/pypa/pypi-support/issues,2,2,0.0
url,https://github.com/python/mypy/issues/4441,2,2,0.0
url,https://github.com/python/peps/blob/main/peps/pep-0007.rst,2,2,0.0
url,https://github.com/python/peps/blob/main/peps/pep-0011.rst,2,2,0.0
url,https://github.com/python/peps/blob/main/peps/pep-0257.rst,2,2,0.0
url,https://github.com/python/peps/blob/main/peps/pep-0263.rst,2,2,0.0
url,https://github.com/python/peps/blob/main/peps/pep-0373.rst,2,2,0.0
url,https://github.com/python/peps/blob/main/peps/pep-0517.rst,2,2,0.0
url,https://github.com/python/peps/blob/main/peps/pep-0638.rst,2,2,0.0
url,https://github.com/python/peps/commits/main/peps/pep-0719.rst,2,2,0.0
url,https://github.com/python/typeshed,2,2,0.0
url,https://github.com/python/typing/issues/975,2,2,0.0
url,https://github.com/we-like-parsers/cpython/tree/fstring-grammar,2,2,0.0
url,https://kivy.org/,2,2,0.0
url,https://mail.python.org/archives/list/distutils-sig@python.org/,2,2,0.0
url,https://mail.python.org/archives/list/python-dev@python.org/message/NHCLHCU2XCWTBGF732WESMN42YYVKOXB/,2,2,0.0
url,https://mail.python.org/archives/list/python-dev@python.org/thread/6KT2KIOTYXMDCD2CCAOLOI7LUGTN6MBS,2,2,0.0
url,https://mail.python.org/pipermail/python-dev/2010-September/103408.html,2,2,0.0
url,https://mail.python.org/pipermail/python-dev/2016-September/146282.html,2,2,0.0
url,https://packaging.python.org/en/latest/discussions/versioning/#runtime-version-access,2,2,0.0
url,https://packaging.python.org/en/latest/glossary/#term-Core-Metadata-Field,2,2,0.0
url,https://packaging.python.org/en/latest/specifications/dependency-groups/#dependency-groups,2,3,0.0
url,https://packaging.python.org/en/latest/specifications/dependency-specifiers/#extras,2,2,0.0
url,https://packaging.python.org/specifications/core-metadata/,2,2,0.0
url,https://pypi.org/project/telnetlib3/,2,2,0.0
url,https://setuptools.readthedocs.io/,2,2,0.0
url,https://typing.python.org/en/latest/spec/aliases.html#type-aliases,2,2,0.0
url,https://typing.python.org/en/latest/spec/annotations.html#type-expression,2,2,0.0
url,https://typing.python.org/en/latest/spec/class-compat.html#classvar,2,2,0.0
url,https://typing.python.org/en/latest/spec/dataclasses.html#dataclass-transform,2,2,0.0
url,https://typing.python.org/en/latest/spec/generics.html#paramspec,2,2,0.0
url,https://typing.python.org/en/latest/spec/generics.html#variance-inference,2,2,0.0
url,https://typing.python.org/en/latest/spec/narrowing.html#typeis,2,2,0.0
url,https://typing.python.org/en/latest/spec/qualifiers.html#at-final,2,2,0.0
url,https://typing.python.org/en/latest/spec/qualifiers.html#uppercase-final,2,2,0.0
url,https://www.python.org/doc/sunset-python-2/,2,2,0.0
url,https://www.python.org/psf-landing/,2,2,0.0
url,https://www.youtube.com/watch?v=FByM0r-VOLc,2,2,0.0
url,http://alobbs.com/post/54503240599/close-and-eintr,1,1,0.0
url,http://archive.eiffel.com/doc/manuals/technology/contract/,1,1,0.0
url,http://bugs.python.org/issue12510,1,1,0.0
url,http://bugs.python.org/issue1739468,1,1,0.0
url,http://bugs.python.org/issue17468,1,1,0.0
url,http://bugs.python.org/issue18244,1,1,0.0
url,http://bugs.python.org/issue25658,1,1,0.0
url,http://bugs.python.org/issue28003,1,1,0.0
url,http://bugs.python.org/issue614055,1,1,0.0
url,http://bugs.python.org/issue9141,1,1,0.0
url,http://code.activestate.com/lists/python-dev/138375/,1,1,0.0
url,http://cvs.sourceforge.net/cgi-bin/viewcvs.cgi/python/python/nondist/sandbox/csv/,1,1,0.0
url,http://doc.crates.io/,1,1,0.0
url,http://docs.python.org/3/library/importlib.html#module-importlib,1,1,0.0
url,http://docs.python.org/dev/packaging/,1,1,0.0
url,http://docutils.sourceforge.net/docs/ref/rst/introduction.html,1,1,0.0
url,http://docutils.sourceforge.net/docs/ref/rst/restructuredtext.html,1,1,0.0
url,http://hg.python.org/cpython/file/4e687d53b645/Modules/gc_weakref.txt,1,1,0.0
url,http://httpd.apache.org/dev/guidelines.html,1,1,0.0
url,http://linux.die.net/man/2/execve,1,1,0.0
url,http://pypi.python.org/pypi/pathlib/,1,1,0.0
url,http://wphomes.soic.indiana.edu/jsiek/what-is-gradual-typing/,1,1,0.0
url,http://www.omz-software.com/pythonista/,1,1,0.0
url,http://www.parrot.org/,1,1,0.0
url,http://www.python.org/topics/database/,1,1,0.0
url,http://www.syllable.org/discussion.php?id=2320,1,1,0.0
url,http://www.unicode.org/reports/tr39/,1,1,0.0
url,http://www.virtualenv.org/,1,1,0.0
url,https://131002.net/siphash/,1,1,0.0
url,https://bitbucket.org/markshannon/cpython_new_dict,1,1,0.0
url,https://bugs.python.org/issue37330,1,1,0.0
url,https://conda.io/,1,1,0.0
url,https://cournape.github.io/Bento/,1,1,0.0
url,https://discuss.python.org/t/10302,1,1,0.0
url,https://discuss.python.org/t/14141,1,1,0.0
url,https://discuss.python.org/t/53020/106,1,2,0.0
url,https://discuss.python.org/t/69487,1,1,0.0
url,https://discuss.python.org/t/71594,1,1,0.0
url,https://discuss.python.org/t/71594/130,1,1,0.0
url,https://discuss.python.org/t/77293,1,1,0.0
url,https://discuss.python.org/t/77900/,1,1,0.0
url,https://discuss.python.org/t/77900/180,1,1,0.0
url,https://discuss.python.org/t/86013,1,1,0.0
url,https://discuss.python.org/t/93444,1,1,0.0
url,https://discuss.python.org/t/94905/,1,1,0.0
url,https://discuss.python.org/t/accepting-pep-654-exception-groups-and-except/10813/1,1,1,0.0
url,https://discuss.python.org/t/pep-2026-calendar-versioning-for-python/55782,1,1,0.0
url,https://discuss.python.org/t/pep-554-multiple-interpreters-in-the-stdlib/24855/26/,1,1,0.0
url,https://discuss.python.org/t/pep-582-python-local-packages-directory/963/430,1,1,0.0
url,https://discuss.python.org/t/pep-602-annual-release-cycle-for-python/2296/,1,2,0.0
url,https://discuss.python.org/t/pep-603-adding-a-frozenmap-type-to-collections/2318/,1,1,0.0
url,https://discuss.python.org/t/pep-621-round-3/5472/109,1,1,0.0
url,https://discuss.python.org/t/pep-661-sentinel-values/9126,1,1,0.0
url,https://discuss.python.org/t/pep-690-lazy-imports-again/19661/26,1,1,0.0
url,https://discuss.python.org/t/pep-692-using-typeddict-for-more-precise-kwargs-typing/17314/81,1,1,0.0
url,https://discuss.python.org/t/pep-695-type-parameter-syntax/21646/92,1,1,0.0
url,https://discuss.python.org/t/pep-696-type-defaults-for-typevarlikes/22569,1,1,0.0
url,https://discuss.python.org/t/pep-703-making-the-global-interpreter-lock-optional-in-cpython-acceptance/37075,1,1,0.0
url,https://discuss.python.org/t/pep-709-inlined-comprehensions/24240/36,1,1,0.0
url,https://discuss.python.org/t/pep-722-723-decision/36763/,1,1,0.0
url,https://discuss.python.org/t/pep-738-adding-android-as-a-supported-platform/40975/20,1,1,0.0
url,https://discuss.python.org/t/pep-747-typeexpr-type-hint-for-a-type-expression/55984,1,1,0.0
url,https://discuss.python.org/t/pep-760-no-more-bare-excepts/67182,1,1,0.0
url,https://discuss.python.org/t/pep-772-packaging-council-governance-process-round-2/93904,1,1,0.0
url,https://discuss.python.org/t/the-next-manylinux-specification/1043/199,1,1,0.0
url,https://dlang.org/spec/lex.html#integerliteral,1,1,0.0
url,https://docs.astral.sh/ruff/rules/#flake8-2020-ytt,1,1,0.0
url,https://docs.djangoproject.com/en/5.1/ref/utils/#django.utils.html.format_html,1,1,0.0
url,https://docs.hhvm.com/hack/attributes/predefined-attributes#__override,1,1,0.0
url,https://docs.pypi.org/api/upload/,1,1,0.0
url,https://docs.python.org/3.11/howto/isolating-extensions.html,1,1,0.0
url,https://docs.python.org/3.12/library/telnetlib.html#module-telnetlib,1,1,0.0
url,https://docs.python.org/3.13/library/functions.html#locals,1,2,0.0
url,https://docs.python.org/3.13/library/typing.html#typing.TypeIs,1,1,0.0
url,https://docs.python.org/3.14/library/compression.zstd.html#module-compression.zstd,1,1,0.0
url,https://docs.python.org/3.14/library/math.html#math.perm,1,1,0.0
url,https://docs.python.org/3/c-api/buffer.html#bufferobjects,1,1,0.0
url,https://docs.python.org/3/c-api/call.html#vectorcall,1,1,0.0
url,https://docs.python.org/3/c-api/typeobj.html#static-types,1,1,0.0
url,https://docs.python.org/3/c-api/typeobj.html#tp-slots,1,1,0.0
url,https://docs.python.org/3/faq/general.html#faq-version-numbering-scheme,1,1,0.0
url,https://docs.python.org/3/glossary.html#term-reference-count,1,1,0.0
url,https://docs.python.org/3/glossary.html#term-soft-deprecated,1,1,0.0
url,https://docs.python.org/3/library/asyncio.html#module-asyncio,1,1,0.0
url,https://docs.python.org/3/library/audit_events.html#audit-events,1,1,0.0
url,https://docs.python.org/3/library/stdtypes.html#printf-style-string-formatting,1,1,0.0
url,https://docs.python.org/3/library/string.html#template-strings,1,1,0.0
url,https://docs.python.org/3/library/typing.html#typing.Final,1,1,0.0
url,https://docs.python.org/3/library/typing.html#typing.LiteralString,1,1,0.0
url,https://docs.python.org/3/library/typing.html#typing.Never,1,1,0.0
url,https://docs.python.org/3/library/typing.html#typing.ParamSpec,1,1,0.0
url,https://docs.python.org/3/library/typing.html#typing.Required,1,1,0.0
url,https://docs.python.org/3/library/typing.html#typing.TypeAlias,1,1,0.0
url,https://docs.python.org/3/library/typing.html#typing.final,1,1,0.0
url,https://docs.python.org/3/library/warnings.html#module-warnings,1,1,0.0
url,https://docs.python.org/3/reference/compound_stmts.html#except-star,1,1,0.0
url,https://docs.python.org/3/reference/compound_stmts.html#try,1,2,0.0
url,https://docs.python.org/3/reference/compound_stmts.html#type-params,1,1,0.0
url,https://docs.python.org/3/reference/datamodel.html#object.__class_getitem__,1,1,0.0
url,https://docs.python.org/3/reference/datamodel.html#object.__mro_entries__,1,1,0.0
url,https://docs.python.org/3/reference/executionmodel.html#annotation-scopes,1,1,0.0
url,https://docs.python.org/3/reference/grammar.html#full-grammar-specification,1,1,0.0
url,https://docs.python.org/3/tutorial/errors.html#tut-exception-notes,1,1,0.0
url,https://docs.python.org/3/using/windows.html#windows-embeddable,1,1,0.0
url,https://docs.python.org/3/using/windows.html#windows-nuget,1,1,0.0
url,https://docs.sigstore.dev/,1,1,0.0
url,https://en.wikipedia.org/wiki/Hygienic_macro,1,1,0.0
url,https://en.wikipedia.org/wiki/Open_Sound_System#History,1,1,0.0
url,https://flit.readthedocs.io/,1,1,0.0
url,https://flit.readthedocs.io/en/latest/pyproject_toml.html#metadata-section,1,1,0.0
url,https://github.com/BurntSushi/toml-test,1,1,0.0
url,https://github.com/PythonCHB/close_pep/blob/master/is_close.py,1,1,0.0
url,https://github.com/Rosuav/cpython/tree/assignment-expressions,1,1,0.0
url,https://github.com/SerenityOS/jakt?tab=readme-ov-file#function-calls,1,1,0.0
url,https://github.com/aidlearning/AidLearning-FrameWork,1,1,0.0
url,https://github.com/brettcannon/mousebender/tree/pep,1,1,0.0
url,https://github.com/colesbury/nogil,1,1,0.0
url,https://github.com/ericvsmith/dataclasses,1,1,0.0
url,https://github.com/ericvsmith/dataclasses/issues/19,1,1,0.0
url,https://github.com/ericvsmith/dataclasses/issues/28,1,1,0.0
url,https://github.com/iritkatriel/finally/commits/main/README.md,1,1,0.0
url,https://github.com/lidatong/dataclasses-json,1,1,0.0
url,https://github.com/microsoft/debugpy/blob/43f41029eabce338becbd1fa1a09727b3cfb1140/src/debugpy/_vendored/pydevd/pydevd_attach_to_process/linux_and_mac/attach.cpp#L4,1,1,0.0
url,https://github.com/psf/sboms-for-python-packages/tree/main/benchmark,1,1,0.0
url,https://github.com/pypa/pypi-support/issues/new?labels=PEP+541&template=pep541-request.yml&title=PEP+541+Request%3A+PROJECT_NAME,1,1,0.0
url,https://github.com/python/cpython/actions/workflows/build.yml?query=branch%3Amain+is%3Acompleted,1,1,0.0
url,https://github.com/python/cpython/issues/45385#issuecomment-1255615199,1,1,0.0
url,https://github.com/python/cpython/labels/deferred-blocker,1,1,0.0
url,https://github.com/python/cpython/labels/release-blocker,1,1,0.0
url,https://github.com/python/cpython/pull/103764,1,2,0.0
url,https://github.com/python/cpython/pull/113465,1,1,0.0
url,https://github.com/python/cpython/pull/12088,1,1,0.0
url,https://github.com/python/cpython/pull/133110,1,1,0.0
url,https://github.com/python/cpython/pull/3480,1,1,0.0
url,https://github.com/python/peps/,1,1,0.0
url,https://github.com/python/peps/blob/main/peps/api/index.rst,1,1,0.0
url,https://github.com/python/peps/blob/main/peps/pep-0001.rst,1,1,0.0
url,https://github.com/python/peps/blob/main/peps/pep-0013.rst,1,1,0.0
url,https://github.com/python/peps/blob/main/peps/pep-0282.rst,1,1,0.0
url,https://github.com/python/peps/blob/main/peps/pep-0318.rst,1,1,0.0
url,https://github.com/python/peps/blob/main/peps/pep-0440.rst,1,1,0.0
url,https://github.com/python/peps/blob/main/peps/pep-0442.rst,1,1,0.0
url,https://github.com/python/peps/blob/main/peps/pep-0489.rst,1,1,0.0
url,https://github.com/python/peps/blob/main/peps/pep-0494.rst,1,1,0.0
url,https://github.com/python/peps/blob/main/peps/pep-0498.rst,1,1,0.0
url,https://github.com/python/peps/blob/main/peps/pep-0514.rst,1,2,0.0
url,https://github.com/python/peps/blob/main/peps/pep-0530.rst,1,1,0.0
url,https://github.com/python/peps/blob/main/peps/pep-0537.rst,1,1,0.0
url,https://github.com/python/peps/blob/main/peps/pep-0543.rst,1,1,0.0
url,https://github.com/python/peps/blob/main/peps/pep-0557.rst,1,1,0.0
url,https://github.com/python/peps/blob/main/peps/pep-0593.rst,1,1,0.0
url,https://github.com/python/peps/blob/main/peps/pep-0599.rst,1,1,0.0
url,https://github.com/python/peps/blob/main/peps/pep-0632.rst,1,1,0.0
url,https://github.com/python/peps/blob/main/peps/pep-0657.rst,1,1,0.0
url,https://github.com/python/peps/blob/main/peps/pep-0672.rst,1,1,0.0
