property,value,visitors,events,percentage
url,(none),27855,35765,99.4
url,https://www.python.org/,215,228,0.8
url,https://github.com/python/peps/blob/main/peps/pep-0619.rst,196,213,0.7
url,https://github.com/python/peps/blob/main/peps/pep-0664.rst,164,170,0.6
url,https://github.com/python/peps/blob/main/peps/pep-0719.rst,113,131,0.4
url,https://github.com/python/peps/blob/main/peps/pep-0693.rst,105,112,0.4
url,https://github.com/python/peps/blob/main/peps/pep-0596.rst,90,93,0.3
url,https://github.com/python/peps/blob/main/peps/pep-0745.rst,68,73,0.2
url,https://github.com/python/peps/blob/main/peps/pep-0569.rst,33,37,0.1
url,https://typing.python.org/en/latest/spec/directives.html#deprecated,29,29,0.1
url,https://packaging.python.org/en/latest/specifications/version-specifiers/#version-specifiers,23,25,0.1
url,https://docs.python.org/3.12/whatsnew/3.12.html,20,20,0.1
url,https://github.com/python/peps/blob/main/peps/pep-0008.rst,20,23,0.1
url,https://packaging.python.org/en/latest/specifications/,20,20,0.1
url,https://facebook.github.io/zstd/,19,19,0.1
url,https://typing.python.org/en/latest/spec/protocol.html#protocols,17,17,0.1
url,https://packaging.python.org/en/latest/specifications/externally-managed-environments/#externally-managed-environments,16,16,0.1
url,https://typing.python.org/en/latest/spec/typeddict.html#typeddict,16,16,0.1
url,https://github.com/python/peps/blob/main/peps/pep-0020.rst,15,16,0.1
url,https://packaging.python.org/en/latest/specifications/dependency-specifiers/#dependency-specifiers,13,13,0.0
url,https://typing.python.org/en/latest/spec/,13,14,0.0
url,https://typing.python.org/en/latest/spec/callables.html#unpack-kwargs,12,14,0.0
url,https://typing.python.org/en/latest/spec/literal.html#literal-types,12,12,0.0
url,https://typing.python.org/en/latest/spec/generics.html#self,11,11,0.0
url,https://discuss.python.org/t/pep-596-python-3-9-release-schedule-doubling-the-release-cadence/1828,10,11,0.0
url,https://docs.python.org/3.13/library/warnings.html#warnings.deprecated,10,10,0.0
url,https://docs.python.org/3/reference/compound_stmts.html#match,10,11,0.0
url,https://mail.python.org/archives/list/python-dev@python.org/thread/KE7OS4PZASZMFTW2FP2MWZU5R4Q2QZKU/,10,12,0.0
url,https://packaging.python.org/en/latest/specifications/pyproject-toml/#pyproject-toml-spec,10,10,0.0
url,https://docs.djangoproject.com/en/5.1/ref/utils/#django.utils.html.format_html,9,9,0.0
url,https://docs.python.org/3/library/stdtypes.html#types-union,9,10,0.0
url,https://docs.python.org/3/library/typing.html#typing.Protocol,9,9,0.0
url,https://github.com/python/peps/blob/main/peps/pep-0790.rst,9,9,0.0
url,https://groups.google.com/d/msg/comp.lang.python/B_VxeTBClM0/L8W9KlsiriUJ,9,10,0.0
url,https://mail.python.org/pipermail/python-dev/2012-June/120505.html,9,10,0.0
url,https://docs.python.org/3/library/typing.html#typing.TypedDict,8,8,0.0
url,https://github.com/davepeck/pep750-examples/,8,8,0.0
url,https://packaging.python.org/en/latest/specifications/binary-distribution-format/#binary-distribution-format,8,8,0.0
url,https://packaging.python.org/en/latest/specifications/inline-script-metadata/#inline-script-metadata,8,9,0.0
url,https://typing.python.org/en/latest/spec/meta.html,8,8,0.0
url,https://www.pypa.io/en/latest/specifications/#handling-fixes-and-other-minor-updates,8,9,0.0
url,https://docs.python.org/3/library/stdtypes.html#types-genericalias,7,7,0.0
url,https://docs.python.org/3/library/typing.html#typing.Literal,7,7,0.0
url,https://docs.python.org/3/reference/simple_stmts.html#annassign,7,7,0.0
url,https://docs.sigstore.dev/,7,7,0.0
url,https://github.com/python/peps,7,9,0.0
url,https://github.com/python/peps/blob/main/peps/pep-0263.rst,7,9,0.0
url,https://github.com/python/peps/blob/main/peps/pep-0738.rst,7,8,0.0
url,https://github.com/python/peps/commits/main/peps/pep-0619.rst,7,7,0.0
url,https://github.com/python/peps/commits/main/peps/pep-0664.rst,7,8,0.0
url,https://github.com/python/peps/commits/main/peps/pep-0719.rst,7,7,0.0
url,https://mail.python.org/archives/list/python-dev@python.org/thread/VQKDIZLZ6HF2MLTNCUFURK2IFTXVQEYA/,7,7,0.0
url,https://bugs.python.org/issue526840,6,8,0.0
url,https://discuss.python.org/t/77293/150,6,6,0.0
url,https://docs.python.org/3/using/ios.html#using-ios,6,6,0.0
url,https://mail.python.org/archives/list/python-dev@python.org/thread/BO2TQHSXWL2RJMINWQQRBF5LANDDJNHH/,6,6,0.0
url,https://packaging.python.org/en/latest/specifications/dependency-groups/#dependency-groups,6,6,0.0
url,https://typing.python.org/en/latest/spec/class-compat.html#override,6,7,0.0
url,https://discuss.python.org/t/71594,5,5,0.0
url,https://docs.python.org/3/reference/datamodel.html#object.__class_getitem__,5,5,0.0
url,https://github.com/python/peps/commits/main/peps/pep-0596.rst,5,6,0.0
url,https://github.com/python/peps/commits/main/peps/pep-0745.rst,5,5,0.0
url,https://typing.python.org/en/latest/spec/distributing.html#packaging-typed-libraries,5,5,0.0
url,https://typing.python.org/en/latest/spec/generics.html#paramspec,5,6,0.0
url,https://typing.python.org/en/latest/spec/narrowing.html#typeguard,5,5,0.0
url,https://discuss.python.org/t/22606,4,4,0.0
url,https://docs.python.org/3.9/distutils/apiref.html,4,4,0.0
url,https://docs.python.org/3/library/exceptions.html#lib-exception-groups,4,4,0.0
url,https://docs.python.org/3/using/android.html#using-android,4,4,0.0
url,https://github.com/python/peps/commits/main/peps/pep-0693.rst,4,4,0.0
url,https://packaging.python.org/specifications/core-metadata/,4,4,0.0
url,https://typing.python.org/en/latest/spec/aliases.html#type-aliases,4,4,0.0
url,https://typing.python.org/en/latest/spec/generics.html#variance-inference,4,4,0.0
url,https://discuss.python.org/t/32566,3,3,0.0
url,https://discuss.python.org/t/43432/222,3,3,0.0
url,https://discuss.python.org/t/pep-661-sentinel-values/9126,3,5,0.0
url,https://discuss.python.org/t/pep-690-lazy-imports-again/19661/26,3,3,0.0
url,https://discuss.python.org/t/pep-703-making-the-global-interpreter-lock-optional-in-cpython-acceptance/37075,3,3,0.0
url,https://discuss.python.org/t/pep-736-keyword-argument-shorthand-final-draft/58504,3,3,0.0
url,https://discuss.python.org/t/pep-747-typeexpr-type-hint-for-a-type-expression/55984,3,3,0.0
url,https://docs.python.org/3.14/reference/compound_stmts.html#finally,3,3,0.0
url,https://docs.python.org/3/howto/logging-cookbook.html#implementing-structured-logging,3,3,0.0
url,https://docs.python.org/3/library/string.html#formatstrings,3,3,0.0
url,https://docs.python.org/3/library/typing.html#typing.TypeGuard,3,3,0.0
url,https://docs.python.org/3/library/typing.html#typing.TypeVarTuple,3,3,0.0
url,https://docs.python.org/3/library/typing.html#typing.override,3,3,0.0
url,https://docs.python.org/3/reference/simple_stmts.html#type,3,3,0.0
url,https://docs.python.org/using/windows.html,3,3,0.0
url,https://github.com/python/cpython/issues/115802,3,3,0.0
url,https://github.com/python/peps/blob/main/peps/pep-0257.rst,3,3,0.0
url,https://github.com/python/peps/blob/main/peps/pep-0602.rst,3,3,0.0
url,https://mail.python.org/archives/list/python-dev@python.org/,3,3,0.0
url,https://mail.python.org/archives/list/python-dev@python.org/thread/U4C4XHNRC4SHS3TPZWCTY4SN4QU3TT6V/,3,3,0.0
url,https://mail.python.org/pipermail/python-dev/2017-December/151042.html,3,3,0.0
url,https://pypi.org/project/telnetlib3/,3,3,0.0
url,https://spdx.dev/ids/,3,3,0.0
url,https://typing.python.org/en/latest/spec/dataclasses.html#dataclass-transform,3,4,0.0
url,https://typing.python.org/en/latest/spec/generics.html#typevartuple,3,3,0.0
url,https://typing.python.org/en/latest/spec/narrowing.html#typeis,3,4,0.0
url,https://typing.python.org/en/latest/spec/qualifiers.html#annotated,3,3,0.0
url,https://typing.python.org/en/latest/spec/typeddict.html#required-notrequired,3,3,0.0
url,https://www.endorlabs.com/learn/dependency-resolution-in-python-beware-the-phantom-dependency,3,3,0.0
url,https://www.latacora.com/blog/2019/07/16/the-pgp-problem/,3,3,0.0
url,https://www.youtube.com/watch?v=FByM0r-VOLc,3,3,0.0
url,http://barry.warsaw.us/software/STYLEGUIDE.txt,2,2,0.0
url,http://docs.python.org/3/install,2,2,0.0
url,http://docs.python.org/reference/expressions.html#list-displays,2,2,0.0
url,http://docutils.sourceforge.net/docs/ref/rst/introduction.html,2,2,0.0
url,http://mypy-lang.org/,2,2,0.0
url,http://pypi.python.org/pypi/pathlib/,2,2,0.0
url,http://www.pip-installer.org/,2,2,0.0
url,http://www.python.org/topics/database/,2,2,0.0
url,https://devguide.python.org/devcycle/,2,4,0.0
url,https://devguide.python.org/devcycle/#end-of-life-branches,2,2,0.0
url,https://discuss.python.org/c/packaging/,2,2,0.0
url,https://discuss.python.org/t/13508/22,2,2,0.0
url,https://discuss.python.org/t/31151,2,2,0.0
url,https://discuss.python.org/t/31151/53,2,2,0.0
url,https://discuss.python.org/t/77900/,2,3,0.0
url,https://discuss.python.org/t/78779,2,2,0.0
url,https://discuss.python.org/t/84319,2,2,0.0
url,https://discuss.python.org/t/87377,2,2,0.0
url,https://discuss.python.org/t/pep-582-python-local-packages-directory/963/430,2,2,0.0
url,https://discuss.python.org/t/pep-602-annual-release-cycle-for-python/2296/,2,2,0.0
url,https://discuss.python.org/t/pep-695-type-parameter-syntax/21646/92,2,3,0.0
url,https://discuss.python.org/t/pep-734-multiple-interpreters-in-the-stdlib/41147/24,2,2,0.0
url,https://discuss.python.org/t/preventing-yield-inside-certain-context-managers/1091,2,2,0.0
url,https://discuss.python.org/t/sentinel-values-in-the-stdlib/8810,2,2,0.0
url,https://docs.python.org/3.11/whatsnew/3.11.html#faster-cpython,2,2,0.0
url,https://docs.python.org/3.13/library/typing.html#typing.TypeIs,2,2,0.0
url,https://docs.python.org/3.9/library/distutils.html,2,2,0.0
url,https://docs.python.org/3/library/audit_events.html#audit-events,2,2,0.0
url,https://docs.python.org/3/library/importlib.html#importlib.util.LazyLoader,2,2,0.0
url,https://docs.python.org/3/library/inspect.html#inspect.isawaitable,2,3,0.0
url,https://docs.python.org/3/library/typing.html#typing.Annotated,2,2,0.0
url,https://docs.python.org/3/library/typing.html#typing.ParamSpec,2,2,0.0
url,https://docs.python.org/3/library/typing.html#typing.Self,2,2,0.0
url,https://docs.python.org/3/library/typing.html#typing.TypeAlias,2,2,0.0
url,https://docs.python.org/3/reference/compound_stmts.html#except-star,2,2,0.0
url,https://docs.python.org/3/reference/compound_stmts.html#type-params,2,2,0.0
url,https://docs.python.org/3/reference/grammar.html#full-grammar-specification,2,2,0.0
url,https://docs.python.org/3/tutorial/errors.html#tut-exception-groups,2,2,0.0
url,https://docs.ruby-lang.org/en/master/Zlib/GzipFile.html,2,2,0.0
url,https://docutils.sourceforge.io/docs/ref/rst/directives.html,2,2,0.0
url,https://en.wikipedia.org/wiki/Don%27t_repeat_yourself,2,2,0.0
url,https://facebook.github.io/zstd/#references,2,2,0.0
url,https://github.com/davepeck/pep750-examples/blob/main/pep/fstring.py,2,2,0.0
url,https://github.com/davepeck/pep750-examples/blob/main/pep/test_fstring.py,2,2,0.0
url,https://github.com/inikep/lzbench#benchmarks,2,2,0.0
url,https://github.com/pypa/pypi-support/issues,2,2,0.0
url,https://github.com/python/cpython/commit/f9bedb630e8a0b7d94e1c7e609b20dfaa2b22231,2,2,0.0
url,https://github.com/python/cpython/issues,2,2,0.0
url,https://github.com/python/cpython/issues/115869,2,2,0.0
url,https://github.com/python/peps/blob/main/peps/pep-0010.rst,2,2,0.0
url,https://github.com/python/peps/blob/main/peps/pep-0011.rst,2,5,0.0
url,https://github.com/python/peps/blob/main/peps/pep-0160.rst,2,3,0.0
url,https://github.com/python/peps/blob/main/peps/pep-0249.rst,2,2,0.0
url,https://github.com/python/peps/blob/main/peps/pep-0308.rst,2,2,0.0
url,https://github.com/python/peps/blob/main/peps/pep-0397.rst,2,2,0.0
url,https://github.com/python/peps/blob/main/peps/pep-0604.rst,2,2,0.0
url,https://github.com/python/peps/blob/main/peps/pep-0617.rst,2,3,0.0
url,https://github.com/python/peps/blob/main/peps/pep-0623.rst,2,2,0.0
url,https://github.com/python/peps/blob/main/peps/pep-0661.rst,2,2,0.0
url,https://github.com/python/peps/blob/main/peps/pep-0727.rst,2,2,0.0
url,https://github.com/python/peps/commits/main/peps/pep-0569.rst,2,2,0.0
url,https://github.com/python/peps/issues/560,2,2,0.0
url,https://github.com/python/steering-council/issues/new/choose,2,2,0.0
url,https://github.com/taleinat/python-stdlib-sentinels,2,2,0.0
url,https://heliosvoting.org/,2,2,0.0
url,https://hg.python.org/benchmarks,2,2,0.0
url,https://mail.python.org/archives/list/distutils-sig@python.org/,2,2,0.0
url,https://mail.python.org/archives/list/python-ideas@python.org/,2,2,0.0
url,https://mail.python.org/archives/list/python-ideas@python.org/thread/UVOQEK7IRFSCBOH734T5GFJOEJXFCR6A/,2,2,0.0
url,https://mail.python.org/mailman/listinfo/doc-sig,2,2,0.0
url,https://mail.python.org/pipermail/python-dev/2016-September/146329.html,2,2,0.0
url,https://mail.python.org/pipermail/python-dev/2018-July/154601.html,2,2,0.0
url,https://packaging.python.org/en/latest/specifications/binary-distribution-format/,2,2,0.0
url,https://packaging.python.org/en/latest/specifications/dependency-specifiers/#dependency-specifiers-environment-markers,2,2,0.0
url,https://packaging.python.org/en/latest/specifications/platform-compatibility-tags/#platform-compatibility-tags,2,2,0.0
url,https://pypi.org/policy/terms-of-use/,2,2,0.0
url,https://pypi.org/project/multipart/,2,2,0.0
url,https://setuptools.readthedocs.io/en/latest/deprecated/distutils-legacy.html,2,2,0.0
url,https://spdx.org/licenses/,2,2,0.0
url,https://typing.python.org/en/latest/spec/qualifiers.html#at-final,2,2,0.0
url,https://typing.python.org/en/latest/spec/typeddict.html#readonly,2,2,0.0
url,https://www.anaconda.com/blog/how-we-made-conda-faster-4-7,2,2,0.0
url,https://www.artima.com/weblogs/viewpost.jsp?thread=85551,2,2,0.0
url,https://www.pypa.io/en/latest/specifications/#specification-update-process,2,2,0.0
url,http://bugs.python.org/issue1714448,1,1,0.0
url,http://bugs.python.org/issue20611,1,1,0.0
url,http://bugs.python.org/issue2775,1,1,0.0
url,http://bugs.python.org/issue581232,1,1,0.0
url,http://code.activestate.com/recipes/578416-split-a-sequence-or-generator-using-a-predicate/,1,1,0.0
url,http://code.google.com/p/ipaddress-py/source/browse/ipaddress.py,1,1,0.0
url,http://docs.python.org/3/reference/datamodel.html#object.__bytes__,1,1,0.0
url,http://docs.python.org/dev/library/sys.html#sys.prefix,1,1,0.0
url,http://happydoc.sourceforge.net/,1,1,0.0
url,http://json.org/,1,2,0.0
url,http://msdn.microsoft.com/library/en-us/cpref/html/frlrfsystemexceptionclassinnerexceptiontopic.asp,1,1,0.0
url,http://pypi.python.org/pypi/zest.releaser/,1,1,0.0
url,http://wiki.ecmascript.org/doku.php?id=strawman:async_functions,1,1,0.0
url,http://www.joelonsoftware.com/articles/fog0000000069.html,1,1,0.0
url,http://www.parrot.org/,1,1,0.0
url,http://www.python.org/dev/,1,3,0.0
url,http://www.python.org/dev/summary/2004-08-01_2004-08-15.html#an-exception-is-an-exception-unless-it-doesn-t-inherit-from-exception,1,1,0.0
url,http://www.syllable.org/discussion.php?id=2320,1,1,0.0
url,http://yaml.org/,1,1,0.0
url,https://arxiv.org/abs/2104.00254,1,1,0.0
url,https://beeware.org/,1,1,0.0
url,https://bitbucket.org/vinay.sajip/pylauncher,1,1,0.0
url,https://bugs.python.org/issue1544279,1,1,0.0
url,https://bugs.python.org/issue33499,1,1,0.0
url,https://bugs.python.org/issue534304,1,1,0.0
url,https://code.edge.launchpad.net/~barry/python/sovers,1,1,0.0
url,https://dabeaz.blogspot.com/2011/08/inside-look-at-gil-removal-patch-of.html,1,1,0.0
url,https://dart.dev/,1,1,0.0
url,https://datatracker.ietf.org/doc/html/rfc2616.html#section-3.6.1,1,1,0.0
url,https://datatracker.ietf.org/doc/html/rfc8478.html,1,1,0.0
url,https://dep-team.pages.debian.net/deps/dep5/,1,1,0.0
url,https://devblogs.microsoft.com/oldnewthing/20050106-00/?p=36783,1,1,0.0
url,https://discuss.python.org/c/typing/,1,1,0.0
url,https://discuss.python.org/t/13508,1,1,0.0
url,https://discuss.python.org/t/27957,1,1,0.0
url,https://discuss.python.org/t/53020,1,2,0.0
url,https://discuss.python.org/t/60408,1,1,0.0
url,https://discuss.python.org/t/63192,1,2,0.0
url,https://discuss.python.org/t/77900/180,1,1,0.0
url,https://discuss.python.org/t/81182/56,1,2,0.0
url,https://discuss.python.org/t/87377/138,1,1,0.0
url,https://discuss.python.org/t/88244,1,1,0.0
url,https://discuss.python.org/t/89863,1,1,0.0
url,https://discuss.python.org/t/formalize-the-concept-of-soft-deprecation-dont-schedule-removal-in-pep-387-backwards-compatibility-policy/27957,1,1,0.0
url,https://discuss.python.org/t/pep-570-python-positional-only-parameters/1078,1,1,0.0
url,https://discuss.python.org/t/pep-690-lazy-imports/15474,1,1,0.0
url,https://discuss.python.org/t/pep-696-type-defaults-for-typevarlikes/22569,1,1,0.0
url,https://discuss.python.org/t/pep-701-syntactic-formalization-of-f-strings/22046,1,1,0.0
url,https://discuss.python.org/t/pep-702-marking-deprecations-using-the-type-system/23036,1,1,0.0
url,https://discuss.python.org/t/pep-702-marking-deprecations-using-the-type-system/23036/61,1,1,0.0
url,https://discuss.python.org/t/pep-728-typeddict-with-typed-extra-items/45443,1,1,0.0
url,https://discuss.python.org/t/pep-732-the-python-documentation-editorial-board/36710/8,1,1,0.0
url,https://discuss.python.org/t/pep-738-adding-android-as-a-supported-platform/40975,1,1,0.0
url,https://discuss.python.org/t/pep-750-tag-strings-for-writing-domain-specific-languages/60408/122,1,1,0.0
url,https://discuss.python.org/t/pep-750-tag-strings-for-writing-domain-specific-languages/60408/196,1,1,0.0
url,https://discuss.python.org/t/pep-760-no-more-bare-excepts/67182,1,1,0.0
url,https://discuss.python.org/t/pep-768-safe-external-debugger-interface-for-cpython/73969,1,1,0.0
url,https://discuss.python.org/t/pep-768-safe-external-debugger-interface-for-cpython/73969/57,1,1,0.0
url,https://discuss.python.org/t/steering-council-nomination-donghee-na-2025-term/71731,1,1,0.0
url,https://discuss.python.org/t/steering-council-nomination-pablo-galindo-salgado-2025-term/71915,1,1,0.0
url,https://discuss.python.org/t/using-exceptiongroup-at-anthropic-experience-report/20888,1,1,0.0
url,https://dl.acm.org/doi/abs/10.1145/2480360.2384582,1,1,0.0
url,https://doc.rust-lang.org/reference/patterns.html,1,1,0.0
url,https://docs.github.com/en/code-security/dependabot,1,1,0.0
url,https://docs.pypi.org/attestations/,1,1,0.0
url,https://docs.python.org/,1,1,0.0
url,https://docs.python.org/3.1/library/compileall.html,1,1,0.0
url,https://docs.python.org/3.1/library/py_compile.html,1,1,0.0
url,https://docs.python.org/3.12/library/telnetlib.html#module-telnetlib,1,2,0.0
url,https://docs.python.org/3.13/tutorial/appendix.html#interactive-mode,1,1,0.0
url,https://docs.python.org/3.14/glossary.html#term-attached-thread-state,1,1,0.0
url,https://docs.python.org/3/c-api/call.html#vectorcall,1,1,0.0
url,https://docs.python.org/3/c-api/init.html#c.PyInterpreterState_GetID,1,1,0.0
url,https://docs.python.org/3/c-api/stable.html#stable,1,1,0.0
url,https://docs.python.org/3/glossary.html#term-reference-count,1,1,0.0
url,https://docs.python.org/3/howto/index.html,1,1,0.0
url,https://docs.python.org/3/howto/logging-cookbook.html#logging-cookbook,1,1,0.0
url,https://docs.python.org/3/library/configparser.html#module-configparser,1,1,0.0
url,https://docs.python.org/3/library/distutils.html#module-distutils,1,1,0.0
url,https://docs.python.org/3/library/exceptions.html#BaseException.add_note,1,1,0.0
url,https://docs.python.org/3/library/stdtypes.html#printf-style-string-formatting,1,1,0.0
url,https://docs.python.org/3/library/sys.monitoring.html#module-sys.monitoring,1,1,0.0
url,https://docs.python.org/3/library/typing.html#typing.LiteralString,1,1,0.0
url,https://docs.python.org/3/library/zoneinfo.html#module-zoneinfo,1,1,0.0
url,https://docs.python.org/3/reference/datamodel.html#customizing-module-attribute-access,1,1,0.0
url,https://docs.python.org/3/using/windows.html#windows-nuget,1,1,0.0
url,https://docs.python.org/3/whatsnew/3.11.html#whatsnew311-pep659,1,1,0.0
url,https://docs.scala-lang.org/tour/pattern-matching.html,1,1,0.0
url,https://docs.sigstore.dev/#how-sigstore-works,1,1,0.0
url,https://en.wikipedia.org/wiki/Covariance_and_contravariance_%28computer_science%29,1,1,0.0
url,https://en.wikipedia.org/wiki/Hygienic_macro,1,1,0.0
url,https://en.wikipedia.org/wiki/Open_Sound_System#History,1,1,0.0
url,https://en.wikipedia.org/wiki/SQL_injection,1,1,0.0
url,https://fontawesome.com/icons/users,1,1,0.0
url,https://github.com/astral-sh/uv,1,1,0.0
url,https://github.com/brandtbucher/cpython/tree/patma,1,1,0.0
url,https://github.com/brettcannon/mousebender/tree/pep,1,1,0.0
url,https://github.com/davepeck/pep750-examples,1,1,0.0
url,https://github.com/dropbox/pyxl,1,1,0.0
url,https://github.com/faster-cpython/benchmarking-public/blob/main/configs.svg,1,1,0.0
url,https://github.com/greenbender/pynntp,1,1,0.0
url,https://github.com/gvanrossum/patma/blob/master/EXAMPLES.md,1,1,0.0
url,https://github.com/lysnikolaou/cpython/tree/tstrings,1,1,0.0
url,https://github.com/microsoft/pyright/releases/tag/1.1.386,1,2,0.0
url,https://github.com/pablogsal/cpython/compare/60ff67d010078eca15a74b1429caf779ac4f9c74...remote_pdb,1,1,0.0
url,https://github.com/pypa/pip/issues/11440,1,1,0.0
url,https://github.com/pypa/pypi-support/issues/new?labels=PEP+541&template=pep541-request.yml&title=PEP+541+Request%3A+PROJECT_NAME,1,1,0.0
url,https://github.com/python/cpython/actions/workflows/build.yml?query=branch%3Amain+is%3Acompleted,1,1,0.0
url,https://github.com/python/cpython/blob/main/Python/bytecodes.c,1,1,0.0
url,https://github.com/python/cpython/issues/115103,1,1,0.0
url,https://github.com/python/cpython/issues/116017,1,1,0.0
url,https://github.com/python/cpython/issues/81276,1,1,0.0
