name,version,visitors
Windows,10,18212
Mac,10.15,5174
GNU/Linux,(not set),1717
Android,10,1058
iOS,18.4,682
Ubuntu,(not set),441
iOS,18.3,102
Chrome OS,14541.0,80
Windows,7,78
Android,14,76
Android,15,73
Android,13,42
iOS,18.5,38
Android,11,28
Android,12,21
iOS,18.0,21
iOS,17.6,20
Windows,8.1,17
iOS,18.1,15
iOS,18.2,12
iOS,16.7,11
iOS,17.7,9
iOS,17.4,7
Android,9,6
(not set),(not set),5
iOS,15.8,5
iOS,17.5,5
iPadOS,16.7,4
Mac,10.13,3
Chrome OS,14816.131,3
iOS,16.6,3
Windows,8,3
Android,8.1,3
HarmonyOS,(not set),2
iOS,12.5,2
Chrome OS,12239.92,2
iOS,15.4,2
iOS,15.7,2
iPadOS,15.7,2
iPadOS,15.8,2
iOS,16.1,2
iOS,16.3,2
iOS,17.2,2
iOS,17.3,2
iOS,19.0,2
Windows,Server 2003,2
Windows,(not set),1
Mac,10.12,1
iOS,10.3,1
Mac,11.0,1
iOS,11.0,1
iOS,11.2,1
Android,16,1
iOS,16.0,1
iPadOS,16.6,1
iOS,17.0,1
iOS,17.1,1
Android,7.0,1
Windows,Vista,1
