name,visitors,bounce_rate,visit_duration
python.org,9085,79,30
Direct / None,7437,84,50
google.com,5534,86,46
docs.python.org,1254,80,58
bing.com,391,89,25
duckduckgo.com,321,78,55
chatgpt.com,233,89,32
devguide.python.org/versions,167,78,37
reddit.com,153,92,91
pypi.org,120,88,33
github.com,115,85,32
boot.dev,108,93,45
discuss.python.org,100,73,106
python.org/downloads,95,74,52
statics.teams.cdn.office.net,94,96,9
search.brave.com,90,90,33
yandex.ru,89,90,33
docs.astral.sh,80,90,42
netacad.com,57,97,1
realpython.com,52,95,6
android-app://com.google.android.gm,50,82,30
pycoders.com,49,67,108
udemy.com,49,94,2
cn.bing.com,43,86,37
ecosia.org,42,81,36
python.p2hp.com,41,85,11
docs.sqlalchemy.org,35,89,4
python-poetry.org,33,70,26
mail.google.com,31,84,42
news.ycombinator.com,31,94,17
numpydoc.readthedocs.io/en/latest/format.html,29,83,11
practicum.yandex.ru,27,89,14
qiita.com,27,89,89
s3.eu-west-1.amazonaws.com,26,69,246
packaging.python.org/en/latest/glossary,25,56,90
cs50.harvard.edu,20,100,0
flake8rules.com,19,89,11
ru.hexlet.io/courses/python-basics/lessons/linting/theory_unit,19,89,48
codecademy.com,18,100,0
docs.snowflake.com,18,94,35
efundi.nwu.ac.za,17,94,1
google.com.hk,17,89,113
google.de,17,100,0
psycopg.org,17,88,18
google.co.uk,15,87,181
pythonzen-pep8-exam.jp,15,94,43
stackoverflow.com,15,100,0
android-app://com.reddit.frontpage,14,100,0
link.zhihu.com,14,79,167
medium.com,13,100,0
csic.adrformacion.com,12,71,7
devguide.python.org,12,83,6
davepeck.org,11,100,0
en.wikipedia.org,11,73,415
packaging.python.org/en/latest/specifications/pyproject-toml,11,69,56
wsgi.readthedocs.io/en/latest/what.html,11,91,65
docs.brew.sh,10,80,6
docs.pydantic.dev,10,90,2
metanit.com,10,100,0
palletsprojects.com,10,100,0
setuptools.pypa.io/en/latest/userguide/package_discovery.html,10,100,0
android-app://com.slack,9,67,40
google.ru,9,90,1
hatch.pypa.io,9,56,95
learn.microsoft.com,9,100,0
linkedin.com,9,100,0
medium.com/techtofreedom/pep-751-review-the-new-standard-for-python-dependency-management-0ce704364801,9,73,20
moodle-campusvirtualmexico.s3.amazonaws.com,9,78,87
qwant.com,9,89,26
youtube.com,9,100,0
cs50.readthedocs.io,8,100,0
docs.ros.org,8,88,9
elearn.epam.com,8,100,0
google.com.br,8,100,0
google.fr,8,62,215
jetbrains.com,8,75,321
moodle-campusvirtualcolombia.s3.amazonaws.com,8,62,95
mypy-lang.org,8,89,22
packaging.python.org/en/latest/guides/writing-pyproject-toml,8,75,68
packaging.python.org/en/latest/specifications/core-metadata,8,89,2
pip.pypa.io/en/stable/reference/requirement-specifiers,8,75,22
statics.gov.teams.microsoft.us,8,88,96
typing.python.org/en/latest/spec/aliases.html,8,88,1
appacademy.io,7,71,45
code.amazon.com,7,100,0
edube.org/learn/pe-1/variables-data-shaped-boxes-21,7,86,151
github.com/pypa/manylinux,7,100,0
infoworld.com/article/3975624/the-best-new-features-and-fixes-in-python-3-14.html,7,100,0
link.csdn.net,7,86,4
notebooks.githubusercontent.com,7,100,0
packaging.python.org/en/latest/guides/packaging-namespace-packages,7,100,0
pip.pypa.io,7,57,25
t.co,7,100,0
android-app://com.google.android.googlequicksearchbox,6,100,0
assets.scormproxy.com,6,100,0
aules.edu.gva.es,6,100,0
bottlepy.org,6,83,15
claude.ai,6,83,0
g3doc.corp.google.com,6,100,0
gemini.google.com,6,71,66
gist.github.com,6,100,0
github.com/astral-sh/uv/issues/6007,6,83,1
hackerrank.com,6,100,0
ida.liu.se,6,83,5
lwn.net,6,100,0
pep8.org,6,83,75
perplexity.ai,6,83,188
qna.habr.com,6,100,0
search.yahoo.com,6,86,31
setuptools.pypa.io/en/latest/userguide/pyproject_config.html,6,100,0
softwareengineering.stackexchange.com,6,100,0
typing-extensions.readthedocs.io/en/latest,6,86,1
ucilnica.fmf.uni-lj.si,6,67,17
astral.sh/blog/uv-unified-python-packaging,5,60,84
blog.edward-li.com,5,100,0
cgi.cse.unsw.edu.au,5,80,4
chattahoocheetech.blackboard.com,5,100,0
cnblogs.com,5,100,0
confluence.work.gs.com,5,100,0
cosmicpython.com,5,60,45
fishc.com.cn,5,100,0
forum.codewithmosh.com,5,67,0
github.com/pypa/pip/issues/11457,5,100,0
github.com/pypa/pip/issues/6334,5,100,0
google.co.in,5,60,21
google.com.tw,5,100,0
google.github.io,5,60,27
l.facebook.com,5,100,0
mypy.readthedocs.io/en/stable/installed_packages.html,5,60,117
note.nkmk.me,5,80,8
numpy.org,5,100,0
numpydoc.readthedocs.io,5,100,0
openclassrooms.com,5,80,275
packaging.python.org/en/latest/specifications/pylock-toml,5,100,0
pep8-ja.readthedocs.io/ja/latest,5,80,192
python.org/getit,5,100,0
pythoncentral.io,5,100,0
renpy.org,5,100,0
ru.hexlet.io/courses/python-basics/lessons/naming/theory_unit,5,80,5
yearup.brightspace.com,5,100,0
127.0.0.1,4,75,130
asgi.readthedocs.io/en/latest/introduction.html,4,100,0
astral.sh,4,50,354
baidu.com/link,4,75,4
confluence.shopee.io,4,75,16
developers.google.com,4,50,2
docs.basedpyright.com,4,100,0
docs.google.com,4,60,17
docs.pex-tool.org,4,100,0
ellibrodepython.com,4,100,0
engineering.fb.com,4,100,0
freecodecamp.org/espanol/news/python-ejemplos-de-codigo-tutorial-de-programacion-en-python-desde-cero-para-principiantes,4,100,0
futurelearn.com,4,100,0
github.com/huangsam/ultimate-python,4,50,9
github.com/python/cpython,4,100,0
google.com.au,4,100,0
habr.com/ru/articles/158969,4,100,0
in.search.yahoo.com,4,100,0
jakevdp.github.io,4,100,0
m365.cloud.microsoft,4,50,77
maharatech.gov.eg,4,100,0
medium.com/techtofreedom/template-strings-in-python-3-14-an-unnecessary-new-feature-aeb28394132d,4,100,0
microsoft.github.io,4,75,26
mypy.readthedocs.io/en/stable,4,75,8
packaging.python.org,4,50,12
packaging.python.org/en/latest/specifications/inline-script-metadata,4,100,0
pip.pypa.io/en/stable/cli/pip_install,4,100,0
pytorch.org,4,75,0
setuptools.pypa.io,4,25,36
setuptools.pypa.io/en/latest/userguide/dependency_management.html,4,100,0
setuptools.pypa.io/en/latest/userguide/development_mode.html,4,75,52
sky.pro,4,100,0
typing.python.org/en/latest/spec/protocol.html,4,75,15
wikidocs.net,4,100,0
ya.ru,4,80,60
aws.amazon.com,3,100,0
bitbucket.org,3,67,3
c.biancheng.net,3,100,0
cms.unir.net,3,50,54
cs50.readthedocs.io/python,3,100,0
cupi2-ip.github.io,3,100,0
datacamp.com,3,33,1156
dev.indooroutdoor.io,3,100,0
devguide.python.org/developer-workflow/development-cycle,3,33,43
dicoding.com,3,100,0
directdevops.blog,3,100,0
doc.renpy.cn,3,100,0
dock-b.com,3,100,0
docs.python-guide.org,3,100,0
edu.xunta.gal,3,33,543
edube.org,3,100,0
en.m.wikipedia.org,3,67,3
endler.dev,3,100,0
endoflife.date,3,33,168
excel-ubara.com,3,67,20
facebook.com,3,100,0
fmind.medium.com/poetry-was-good-uv-is-better-an-mlops-migration-story-f52bf0c6c703,3,100,0
forum.ansible.com,3,100,0
forums.raspberrypi.com,3,100,0
gabrielgomes61320.medium.com/python-development-best-practices-the-overload-decorator-use-case-786ece3e5b0d,3,100,0
github.com/Health-Informatics-UoN/carrot-mapper/pull/1030,3,100,0
github.com/colesbury/nogil,3,67,372
github.com/davepeck/pep750-examples,3,100,0
github.com/python/mypy,3,67,287
google.co.jp,3,100,0
habr.com,3,100,0
habr.com/ru/articles/72757,3,67,51
habr.com/ru/companies/yandex/articles/828956,3,100,0
inc-excel.officeapps.live.com,3,67,199
inside-docupedia.bosch.com,3,100,0
kivy.org,3,100,0
ko.m.wikipedia.org,3,100,0
makebit.firialabs.com,3,100,0
mypy.readthedocs.io,3,67,42
nicholashairs.com/posts/major-changes-between-python-versions,3,67,164
oss.navercorp.com,3,100,0
packaging.pypa.io/en/stable,3,100,0
packaging.python.org/en/latest/key_projects,3,67,423
philipkiely.com,3,67,6
pltw.read.inkling.com,3,67,1
pylint.readthedocs.io,3,67,96
pymysql.readthedocs.io/en/latest/modules/connections.html,3,67,14
pymysql.readthedocs.io/en/latest/modules/cursors.html,3,100,0
python-programming.quantecon.org,3,100,0
pythonwheels.com,3,67,71
raspberrypi.com,3,100,0
search.naver.com/search.naver,3,100,0
setuptools.pypa.io/en/latest/history.html,3,100,0
so.com/link,3,0,189
spark.apache.org,3,100,0
superfastpython.com,3,100,0
tutti.prod.bloomberg.com,3,100,0
typing.python.org/en/latest/spec/generics.html,3,67,143
wsgi.readthedocs.io,3,67,735
wxpython.org,3,100,0
yandex.ru/search,3,100,0
yuanbao.tencent.com,3,100,0
a.yandex-team.ru,2,100,0
altlinux.org,2,100,0
alwaysintreble.github.io,2,100,0
amatbb.amat.com,2,100,0
android-app://org.joinmastodon.android,2,50,8
atc.bmwgroup.net,2,100,0
aulavirtual.idfo.com,2,100,0
baidu.com/s,2,100,0
bbs.archlinux.org,2,100,0
benjaminva.github.io,2,100,0
black.readthedocs.io/en/stable/the_black_code_style/current_style.html,2,0,1006
blog.csdn.net/Zheng__Huang/article/details/112380221,2,0,89
blog.jetbrains.com,2,100,0
blog.python.org,2,100,0
build.pypa.io/en/stable/differences.html,2,100,0
bytedance.larkoffice.com,2,100,0
chat.ai-service.global.fujitsu.com,2,0,1099
cloud.google.com,2,100,0
cms.pvcombank.com.vn,2,100,0
co.search.yahoo.com,2,100,0
code-basics.com,2,50,2
codeit.kr,2,100,0
commitizen-tools.github.io,2,100,0
confluence.eon.com,2,100,0
confluence.nvidia.com,2,50,0
confluence.raiffeisen.ru,2,50,8
copier.readthedocs.io/en/stable/updating,2,100,0
corelogic.atlassian.net,2,0,304
courses.edx.org,2,100,0
cs50.readthedocs.io/cs50.dev,2,100,0
cs50.readthedocs.io/style/c,2,50,0
cython.readthedocs.io/en/latest/src/userguide/source_files_and_compilation.html,2,100,0
databasejournal.com,2,100,0
dataquest.io,2,100,0
death.andgravity.com,2,100,0
dnode.atlassian.net,2,100,0
doc.app.twosigma.com,2,100,0
docs.micropython.org,2,100,0
docs.pytest.org,2,100,0
docs.python.org/3/glossary.html,2,0,521
docs.python.org/3/library/sqlite3.html,2,100,0
docs.pyvista.org,2,100,0
docs.streamlit.io,2,100,0
docs.wagtail.org/en/stable/getting_started/the_zen_of_wagtail.html,2,100,0
doubao.com,2,100,0
durhamcollege.desire2learn.com,2,100,0
ecollege.etbonline.ie,2,100,0
enercon365.sharepoint.com,2,50,410
engdoc.corp.google.com,2,100,0
entrenamiento-frameworks-web-python.readthedocs.io/es/latest/leccion4/introduccion_wsgi.html,2,100,0
eportal.pwr.edu.pl,2,100,0
folien-computational-thinking-muc-dai-semester-w-fd3eb952508b74.pages.gitlab.lrz.de,2,50,6
gaohongnan.com,2,100,0
gitdocs.sabre.com,2,100,0
github-ap.tesla.com,2,100,0
github.boschdevcloud.com,2,0,37
github.com/OpenAPITools/openapi-generator/issues/6506,2,100,0
github.com/QuecPython/quecpython_api_stubs,2,100,0
github.com/anomaly/lab-python-server/issues/86,2,100,0
github.com/astral-sh/ruff/issues/8360,2,100,0
github.com/astral-sh/uv/issues/11474,2,50,66
github.com/baztian/jaydebeapi/issues/11,2,100,0
github.com/benoitc/gunicorn/issues/1513,2,100,0
