name,visitors
United States,1609
India,1100
China,492
Germany,491
United Kingdom,331
Russian Federation,274
Brazil,208
France,184
Japan,181
Canada,178
Australia,176
Netherlands,155
Hong Kong,137
Poland,126
Italy,124
Israel,123
Singapore,123
Mexico,122
Indonesia,121
Spain,115
South Korea,111
Turkey,107
Iran,102
Egypt,79
Pakistan,77
Vietnam,76
Philippines,75
Ukraine,72
Taiwan,71
Thailand,70
Bangladesh,60
Sweden,58
Malaysia,54
Switzerland,52
South Africa,52
Saudi Arabia,51
United Arab Emirates,48
Colombia,45
Romania,41
Argentina,39
Peru,39
Chile,38
Czechia,36
Austria,35
Belgium,35
New Zealand,35
Finland,32
Denmark,28
Nigeria,28
Algeria,27
Greece,25
Hungary,25
Portugal,25
Bulgaria,24
Ireland,23
Kenya,22
Morocco,22
Croatia,19
Iraq,19
Sri Lanka,18
Norway,17
Nepal,17
Serbia,17
Cambodia,15
Latvia,13
Kazakhstan,12
Tunisia,11
Yemen,11
Belarus,10
Ecuador,10
Ethiopia,10
Ghana,10
Myanmar,10
Uzbekistan,10
Venezuela,10
Estonia,9
Georgia,9
Lebanon,9
"Congo, The Democratic Republic of the",8
Kuwait,7
Albania,6
Azerbaijan,6
Dominican Republic,6
Lithuania,6
"Palestine, State of",6
Slovakia,6
Syria,6
Tanzania,6
Uganda,6
Côte d'Ivoire,5
Cameroon,5
Cyprus,5
Jordan,5
Libya,5
Oman,5
Panama,5
Rwanda,5
Slovenia,5
Bosnia and Herzegovina,4
Jamaica,4
Luxembourg,4
Madagascar,4
North Macedonia,4
Malawi,4
Puerto Rico,4
Qatar,4
Somalia,4
Uruguay,4
Andorra,3
Afghanistan,3
Bahrain,3
Costa Rica,3
Iceland,3
Kyrgyzstan,3
Moldova,3
Macao,3
Malta,3
Paraguay,3
Senegal,3
Zambia,3
Aruba,2
Benin,2
Gambia,2
Guinea,2
Guatemala,2
Laos,2
Montenegro,2
Mauritania,2
Mauritius,2
Maldives,2
South Sudan,2
El Salvador,2
Zimbabwe,2
Armenia,1
Angola,1
Barbados,1
Bermuda,1
Bolivia,1
"Bonaire, Sint Eustatius and Saba",1
Dominica,1
Guam,1
Honduras,1
Haiti,1
Isle of Man,1
Jersey,1
Mongolia,1
Niger,1
Nicaragua,1
Réunion,1
Sudan,1
Turks and Caicos Islands,1
Kosovo,1
