name,visitors
China,841
United States,481
Hong Kong,215
India,191
Russian Federation,172
Singapore,162
Japan,145
Germany,120
Brazil,109
United Kingdom,67
Canada,59
France,54
Poland,53
South Korea,52
Colombia,48
Taiwan,48
Italy,46
Israel,45
Australia,43
Ukraine,41
Spain,37
Indonesia,32
Vietnam,31
Netherlands,30
Mexico,27
Bangladesh,23
Austria,22
Pakistan,22
Turkey,22
Switzerland,20
Czechia,20
Sweden,20
Portugal,17
Egypt,16
Argentina,15
Romania,15
Belarus,14
Peru,14
Chile,13
Iran,13
South Africa,12
Thailand,10
United Arab Emirates,9
Belgium,9
Bulgaria,9
Kenya,9
Morocco,9
Norway,9
Uzbekistan,9
Ecuador,8
Finland,8
Kazakhstan,8
New Zealand,8
Serbia,8
Algeria,7
Hungary,7
Malaysia,7
Nigeria,7
Philippines,7
Greece,6
Ireland,6
Saudi Arabia,6
Tanzania,6
Croatia,5
Kuwait,5
Nepal,5
Oman,5
Albania,4
Costa Rica,4
Cyprus,4
Dominican Republic,4
Sri Lanka,4
Rwanda,4
Venezuela,4
Bolivia,3
Denmark,3
Lithuania,3
Luxembourg,3
Syria,3
Tunisia,3
Yemen,3
Azerbaijan,2
"Congo, The Democratic Republic of the",2
Cuba,2
Ethiopia,2
Ghana,2
Guatemala,2
Jordan,2
Madagascar,2
Malawi,2
Niger,2
Nicaragua,2
Puerto Rico,2
"Palestine, State of",2
Slovenia,2
Uruguay,2
Angola,1
Côte d'Ivoire,1
Cameroon,1
Cabo Verde,1
Estonia,1
Gabon,1
Guinea,1
Honduras,1
Iraq,1
Kyrgyzstan,1
Cambodia,1
Libya,1
Myanmar,1
Macao,1
Mozambique,1
Panama,1
Seychelles,1
Sudan,1
Slovakia,1
Senegal,1
El Salvador,1
Kosovo,1
Zimbabwe,1
