name,visitors
California,85
Tokyo,81
Washington,78
Beijing,74
Guangdong,71
England,56
Shanghai,52
Zhejiang,38
Jiangsu,37
Virginia,36
Moscow,35
Tel Aviv,28
São Paulo,27
Sichuan,27
Capital District,26
Bavaria,26
Delhi,26
Seoul,26
Illinois,25
Karnataka,24
Henan,23
Maharashtra,23
Île-de-France,22
Tamil Nadu,22
New South Wales,21
New York,21
Texas,21
Hesse,20
New Jersey,20
Ontario,19
Mazovia,19
Shaanxi,18
Shandong,17
North Rhine-Westphalia,16
Ho Chi Minh City,16
Guizhou,15
Florida,15
Victoria,14
Dhaka Division,14
Minas Gerais,14
Rio de Janeiro,14
Quebec,14
Hubei,14
Hunan,14
Osaka,14
Kyiv,14
Fujian,13
Lower Saxony,13
Pennsylvania,13
British Columbia,12
Zürich,12
Catalonia,12
Sverdlovsk,12
Vienna,11
Santiago Metropolitan,11
Madrid Autonomous Community,11
Telangāna,11
Uttar Pradesh,11
West Bengal,11
Massachusetts,11
North Carolina,11
Kerala,10
North Holland,10
Lima,10
Saint Petersburg,10
Istanbul,10
Taipei,10
Pernambuco,9
Minsk,9
Hebei,9
Tianjin,9
Prague,9
Baden-Württemberg,9
Lombardy,9
Gyeonggi,9
Lesser Poland,9
Colorado,9
Michigan,9
Ceará,8
West Java,8
Veneto,8
Lazio,8
Lisbon,8
Beograd,8
Krasnodar Krai,8
Moscow Province,8
Ohio,8
Gauteng,8
Buenos Aires Province,7
Sofia,7
Alberta,7
Chongqing,7
Jiangxi,7
South Moravia,7
Rhineland-Palatinate,7
Saxony,7
Guayas,7
Scotland,7
Central,7
Ciudad de Mexico,7
Punjab,7
Sindh,7
Bashkortostan,7
Nizhny Novgorod,7
Stockholm,7
Taoyuan,7
Tashkent,7
Dubai,6
Flanders,6
Anhui,6
Guangxi,6
Berlin,6
Hamburg,6
Schleswig-Holstein,6
Cairo,6
Giza,6
Grand-Est,6
Tsuen Wan New Territories,6
Budapest,6
Andhra Pradesh,6
Haryana,6
Porto,6
Changhua,6
Dar es Salaam,6
Georgia,6
Iowa,6
Oregon,6
Bahia,5
Paraíba,5
Antioquia,5
Nouvelle-Aquitaine,5
Provence-Alpes-Côte-d'Azur,5
Attica,5
Kwai Tsing New Territories,5
East Java,5
Jakarta,5
Leinster,5
Jerusalem,5
Bihar,5
Chandigarh,5
Hormozgan,5
Tuscany,5
Kanagawa,5
Al Asimah,5
Overijssel,5
Province 3,5
Muscat,5
Lower Silesia,5
Bucharest,5
Chelyabinsk,5
Västra Götaland,5
Hsinchu County,5
Poltavshchyna,5
Connecticut,5
Kansas,5
Wisconsin,5
Styria,4
Queensland,4
Federal District,4
Paraná,4
Santa Catarina,4
Liaoning,4
Cundinamarca,4
Pirkanmaa,4
Auvergne-Rhône-Alpes,4
Kowloon City Kowloon,4
Gujarat,4
Madhya Pradesh,4
Rajasthan,4
Emilia-Romagna,4
Nairobi County,4
Western,4
Veracruz,4
Selangor,4
Auckland,4
Wellington,4
Metro Manila,4
Pomerania,4
Silesia,4
Samara,4
Volgograd,4
Kigali,4
Makkah,4
Vinnychchyna,4
Maryland,4
Minnesota,4
Missouri,4
Tennessee,4
Hanoi,4
Abu Dhabi,3
Western Australia,3
Wallonia,3
Rio Grande do Norte,3
Manitoba,3
Vaud,3
Gansu,3
Boyacá,3
Limassol,3
Capital Region,3
Distrito Nacional,3
Valencian Community,3
Hauts-de-France,3
Bjelovar-Bilogora,3
Goa,3
Campania,3
Sardinia,3
Chiba,3
Aichi,3
South Chungcheong,3
Astana,3
Taza-Al Hoceima-Taounate,3
Oriental,3
Meknès-Tafilalet,3
North Brabant,3
South Holland,3
Arequipa,3
Irkutsk,3
Rostov,3
Västmanland,3
Bangkok,3
Miaoli,3
Indiana,3
Kentucky,3
Louisiana,3
Utah,3
Da Nang,3
Tirana County,2
Salta,2
San Juan,2
Córdoba,2
Upper Austria,2
Salzburg,2
Vorarlberg,2
Baku,2
Burgas,2
Santa Cruz,2
Espírito Santo,2
Goiás,2
Rio Grande do Sul,2
Sergipe,2
Brest,2
Magileu,2
Newfoundland and Labrador,2
Geneva,2
Coquimbo,2
Shanxi,2
Caldas,2
Nariño,2
Santander,2
Valle del Cauca,2
Heredia,2
San José,2
Havana,2
Thuringia,2
Sétif,2
Ghardaïa,2
Suez,2
Aragon,2
Basque Country,2
Addis Ababa,2
Uusimaa,2
Normandie,2
Occitanie,2
Northern Ireland,2
Greater Accra,2
Guatemala,2
Zagreb,2
Banten,2
Riau Islands,2
Haifa,2
Northern,2
Jharkhand,2
Odisha,2
Apulia,2
Amman,2
Hokkaido,2
Saitama,2
Fukui,2
Shizuoka,2
Shiga,2
North Jeolla,2
North Gyeongsang,2
Sejong,2
Šiauliai County,2
Central,2
Chihuahua,2
Mexico State,2
Morelos,2
Nuevo León,2
Querétaro,2
Sinaloa,2
Kuala Lumpur,2
Tahoua,2
Lagos,2
Oyo,2
Managua,2
Utrecht,2
NO-02,2
Rogaland,2
Trøndelag,2
