name,version,visitors
Mobile App,(not set),374
Chrome,138.0,274
Microsoft Edge,138.0,51
Huawei Browser Mobile,16.0,50
Chrome,137.0,47
Safari,18.5,39
Mobile App,97.0,23
UC Browser,17.7,20
vivo Browser,25.2,17
vivo Browser,25.1,15
Whale Browser,4.32,15
Firefox,140.0,13
MIUI Browser,19.8,10
vivo Browser,25.3,10
vivo Browser,25.0,9
vivo Browser,24.9,8
Chrome,136.0,6
UC Browser,17.5,6
Samsung Browser,28.0,6
Quark,7.14,6
Microsoft Edge,137.0,5
Safari,18.1,5
Quark,7.13,5
Chrome,97.0,5
Chrome,114.0,4
Chrome,125.0,4
Safari,16.6,4
Safari,17.6,4
Chrome,109.0,3
Chrome,132.0,3
vivo Browser,23.1,3
vivo Browser,24.6,3
Chrome,112.0,2
vivo Browser,12.0,2
Firefox,130.0,2
Norton Private Browser,137.0,2
Huawei Browser Mobile,14.0,2
Firefox,140.2,2
Firefox,141.0,2
Safari,17.2,2
Safari,18.0,2
Safari,18.2,2
Safari,18.3,2
Safari,18.4,2
vivo Browser,20.5,2
Yandex Browser,25.6,2
Whale Browser,3.9,2
Whale Browser,4.31,2
Microsoft Edge,92.0,2
Mobile App,96.0,2
(not set),(not set),1
MIUI Browser,10.0,1
Chrome,103.0,1
Mobile App,103.0,1
Chrome,107.0,1
Microsoft Edge,109.0,1
Meizu Browser,11.22,1
Chrome,111.0,1
Chrome,113.0,1
Microsoft Edge,114.0,1
Chrome,118.0,1
Mobile App,124.0,1
Chrome,127.0,1
Mobile App,129.0,1
Chrome,129.0,1
QQ Browser,13.0,1
UC Browser,13.5,1
Chrome,130.0,1
Chrome,134.0,1
Chrome,135.0,1
Microsoft Edge,135.0,1
Microsoft Edge,136.0,1
Firefox,136.0,1
Mobile App,137.0,1
Mobile App,138.0,1
Chrome,140.0,1
Huawei Browser Mobile,15.0,1
MIUI Browser,15.5,1
UC Browser,15.5,1
Safari,16.3,1
UC Browser,16.5,1
UC Browser,17.6,1
Safari,18.6,1
vivo Browser,18.7,1
MIUI Browser,19.7,1
vivo Browser,22.4,1
vivo Browser,24.8,1
vivo Browser,25.4,1
Safari,26.0,1
AdBlock Browser,3.7,1
Huawei Browser Mobile,5.1,1
Chrome,69.0,1
Quark,7.10,1
Quark,7.7,1
Quark,7.9,1
Mobile App,92.0,1
