name,visitors,bounce_rate,visit_duration
Baidu,545,85,38
Direct / None,261,69,202
Google,261,74,133
python.org,13,0,591
Bing,10,78,18
chatgpt.com,10,78,12
namu.wiki,6,20,914
wikidocs.net,4,100,0
codeup.kr,3,67,475
Shenma,2,100,0
contest.nypc.co.kr,2,100,0
devpouch.tistory.com,2,0,288
excelsior-cjh.tistory.com,2,0,24
m.clien.net,2,0,40
velog.io,2,100,0
Youtube,1,0,11
clien.net,1,100,0
codeit.kr,1,100,0
codingdog.tistory.com,1,0,8
docs.python-telegram-bot.org,1,0,0
dydwnsekd.tistory.com,1,100,0
generalbulldog.tistory.com,1,100,0
m.naver.com,1,100,0
notebooks.githubusercontent.com,1,100,0
the-boxer.tistory.com,1,100,0
