name,visitors
Tokyo,1398
Osaka,378
Chengdu,98
Nagoya,95
Yokohama,92
N/A,76
Kyoto,61
Jinan,59
Guangzhou,59
Sapporo,51
Xi’an,49
Shanghai,49
Beijing,48
Wuhu,39
Wuhan,34
Kawasaki,34
Zhengzhou,33
Qingdao,33
Nanjing,33
Shenzhen,28
Fukuoka,28
Chiba,26
N/A,25
Changsha,24
Tianjin,22
Suita,22
N/A,21
N/A,21
Kariya,20
N/A,20
Hefei,18
Hangzhou,18
Kobe,18
Himeji,18
N/A,18
Lanzhou,17
Kawaguchi,17
Kashiwa,17
Luoyang,16
Machida,16
N/A,16
N/A,16
N/A,16
Zibo,15
N/A,14
Nishinomiya-hama,14
Matsudo,14
Hachiōji,14
Amagasaki,14
Shenyang,14
Wuxi,13
Urayasu,13
Hirakata,13
Suzhou,13
Matsuyama,13
Changchun,13
Toride,13
N/A,13
N/A,13
Ningbo,12
Yiwu,12
Baoding,12
Matsumoto,12
Kamakura,12
N/A,12
N/A,12
N/A,12
Dongguan,11
N/A,11
Nishio,11
Niigata,11
N/A,11
Harbin,11
Sendai,11
N/A,11
Nanyang,10
Sakai,10
N/A,10
Hohhot,10
Narita,10
N/A,10
N/A,10
N/A,10
Kunming,9
Okayama,9
N/A,9
Kitakyushu,9
Kasukabe,9
Kagoshima,9
Hiroshima,9
Gifu-shi,9
Fujisawa,9
Wakayama,9
N/A,9
N/A,9
Sagamihara,9
N/A,9
N/A,9
Shijiazhuang,8
Langfang,8
Atsugi,8
Takamatsu,8
Ōtsu,8
Nagaoka,8
Musashino,8
Koshigaya,8
Kisarazu,8
Kasugai,8
Kanazawa,8
N/A,8
Anan,8
Shengpu,8
N/A,8
N/A,8
N/A,8
Wenzhou,7
Weifang,7
N/A,7
Takasaki,7
Shizuoka,7
Nagano,7
Moriguchi,7
Fuji,7
N/A,7
N/A,7
N/A,7
N/A,7
N/A,7
Xiamen,6
Laixi,6
Jiaxing,6
Dalian,6
Chongqing,6
N/A,6
Kawagoe,6
Ibaraki,6
N/A,6
Singapore,6
Abiko,6
Asahikawa,6
Musashimurayama,6
Taizhou,6
N/A,6
N/A,6
N/A,6
N/A,6
N/A,6
N/A,6
Zunyi,5
Taiyuan,5
Nanchang,5
Jiangmen,5
Handan,5
Guiyang,5
Foshan,5
Zama,5
Yokosuka,5
Toyama,5
Ōita,5
Nagasaki,5
Nagareyama,5
Miyazaki,5
Mino,5
Kokubunji,5
N/A,5
Iwata,5
Itami,5
Asaka,5
Iwaki,5
Hitachi,5
Higashiyamato,5
N/A,5
N/A,5
N/A,5
N/A,5
N/A,5
N/A,5
N/A,5
N/A,5
N/A,5
N/A,5
Tashkent,4
N/A,4
Tongshan,4
Weihai,4
Taizhou,4
Shaoxing,4
Pingdingshan,4
Hengshui,4
Fuzhou,4
Fuyang,4
Changzhou,4
Akashi,4
Yaizu,4
Nishi-Tokyo-shi,4
Oyama,4
Kurashiki,4
Kamirenjaku,4
Iwakuni,4
Hino,4
Higashi-ōsaka,4
Hamamatsu,4
N/A,4
Saijō,4
Fushun,4
Mito,4
Ishioka,4
N/A,4
Saitama,4
N/A,4
N/A,4
N/A,4
N/A,4
N/A,4
N/A,4
N/A,4
N/A,4
N/A,4
N/A,4
N/A,4
N/A,4
N/A,4
N/A,4
N/A,4
N/A,4
N/A,4
N/A,4
N/A,4
N/A,4
N/A,4
Hanoi,3
Bangkok,3
Shangqiu,3
Xiangyang,3
Wuzhou,3
Sanmenxia,3
Jieyang,3
Jiaozuo,3
Huizhou,3
Dali,3
Yamaguchi,3
N/A,3
Toyohashi,3
Tokushima,3
Tatebayashi,3
Sabae,3
N/A,3
Okazaki,3
N/A,3
Numazu,3
N/A,3
N/A,3
Naha,3
N/A,3
Maebashi,3
Kurume,3
Kumamoto,3
Kumagaya,3
N/A,3
Kōfu,3
Kochi,3
Karatsu,3
N/A,3
Ikoma,3
Ichinomiya,3
N/A,3
Chigasaki,3
N/A,3
N/A,3
Anshan,3
Tōno,3
N/A,3
Morioka,3
N/A,3
Sydney,3
Honolulu,3
N/A,3
Umeda,3
Kashiba,3
Tama,3
N/A,3
Kasuga,3
Higashimurayama,3
N/A,3
N/A,3
N/A,3
N/A,3
N/A,3
N/A,3
N/A,3
N/A,3
N/A,3
N/A,3
N/A,3
N/A,3
N/A,3
N/A,3
N/A,3
N/A,3
N/A,3
