name,visitors
São Paulo,385
Rio de Janeiro,144
Brasília,112
Belo Horizonte,69
Curitiba,63
Fortaleza,61
Recife,53
Salvador,49
Campinas,49
Porto Alegre,38
Manaus,28
Lisbon,26
Florianópolis,26
Goiânia,25
Natal,22
Belém,22
Campo Grande,21
São Carlos,20
Maceió,19
São José dos Campos,18
Teresina,17
São Luís,17
São Bernardo do Campo,16
Santo André,15
Porto,14
Londrina,14
Guarulhos,14
Duque de Caxias,14
Uberlândia,13
Osasco,13
Niterói,13
Campina Grande,12
Cuiabá,12
Sao Paulo,12
Luanda,11
Vitória,11
Sorocaba,11
São Gonçalo,11
São Caetano do Sul,11
Aracaju,11
João Pessoa,10
Ribeirão Preto,10
Juiz de Fora,10
Juazeiro do Norte,9
Vila Velha,9
Tubarão,9
São José do Rio Preto,9
Pelotas,8
Joinville,8
Hortolândia,8
Criciúma,8
Chapecó,8
Pato Branco,7
Lavras,7
Bauru,7
Praia,6
São José dos Pinhais,6
Santos,6
Ponta Grossa,6
Nova Iguaçu,6
Maringá,6
Caxias do Sul,6
Porto Velho,6
Garanhuns,5
Serra,5
Santana de Parnaíba,5
Ourinhos,5
Jundiaí,5
Indaiatuba,5
Guarapuava,5
Franca,5
Foz do Iguaçu,5
Contagem,5
Blumenau,5
Palmas,5
Vila Nova de Gaia,4
Santa Maria da Boa Vista,4
Maracanaú,4
Marabá,4
Taboão da Serra,4
Suzano,4
São Vicente,4
São José,4
Marília,4
Jaraguá do Sul,4
Jaguariaíva,4
Itatiba,4
Ferraz de Vasconcelos,4
Erechim,4
Diamantina,4
Conselheiro Lafaiete,4
Colombo,4
Cascavel,4
Caraguatatuba,4
Canoas,4
Cachoeirinha,4
Birigui,4
Barueri,4
Anápolis,4
Boa Vista,4
Jaboatão dos Guararapes,4
Maputo,3
Vitória de Santo Antão,3
Santa Luzia,3
Santa Cruz do Capibaribe,3
Petrolina,3
Paulista,3
Pau dos Ferros,3
Imperatriz,3
Iguatu,3
Esperança,3
Camocim de São Félix,3
Araguaína,3
Volta Redonda,3
Toledo,3
Sumaré,3
Sapiranga,3
São Roque,3
Santa Maria,3
Santa Isabel,3
Santa Cruz do Sul,3
Rondonópolis,3
Rio Grande,3
Poços de Caldas,3
Piracicaba,3
Palhoça,3
Novo Hamburgo,3
Mogi das Cruzes,3
Mauá,3
Lajeado,3
Juatuba,3
Itaquaquecetuba,3
Itapevi,3
Itapetininga,3
Itanhaém,3
Itaboraí,3
Itabira,3
Entre Rios,3
Catanduva,3
Carapicuíba,3
Camaçari,3
Botucatu,3
Araras,3
Americana,3
Alfenas,3
Alagoinhas,3
Lauro de Freitas,3
N/A,3
Amadora,2
Rio Tinto,2
Maia,2
Figueira da Foz,2
Coimbra,2
Barcelos,2
Aveiro,2
Parnamirim,2
Pacatuba,2
Oeiras,2
Macapá,2
Carpina,2
Camaragibe,2
Barão de Grajaú,2
Aracati,2
Xanxerê,2
Vitória da Conquista,2
Varginha,2
Teresópolis,2
Teófilo Otoni,2
Sombrio,2
Sidrolândia,2
Senhor do Bonfim,2
Saquarema,2
São Sebastião do Paraíso,2
São Mateus,2
São Lourenço,2
São João de Meriti,2
São Gabriel,2
São Bento do Sul,2
Santo Estêvão,2
Santa Teresa,2
Santa Rita,2
Sabará,2
Rio Verde,2
Ribeirão Pires,2
Praia Grande,2
Piúma,2
Pindamonhangaba,2
Petrópolis,2
Peruíbe,2
Passo do Feijó,2
Nova Prata,2
Nilópolis,2
Montes Claros,2
Montenegro,2
Monte Belo,2
Mogi Mirim,2
Mesquita,2
Macaúbas,2
Macaé,2
Lorena,2
Linhares,2
Jataí,2
Jacareí,2
Ituiutaba,2
Itapecerica da Serra,2
Itajubá,2
Itajaí,2
Itabuna,2
Irecê,2
Ipatinga,2
Guarapari,2
Getúlio Vargas,2
Frederico Westphalen,2
Franco da Rocha,2
Feira de Santana,2
Doutor Pestana,2
Diadema,2
Cruzeiro,2
Cotia,2
Cosmópolis,2
Concórdia,2
Colatina,2
Capivari,2
Campo Largo,2
Campo Belo,2
Caldas Novas,2
Betim,2
Belford Roxo,2
Barreiras,2
Barra Mansa,2
Araraquara,2
Amparo,2
Aparecida de Goiânia,2
Sinop,2
Sorriso,2
Trizidela do Vale,2
Jussara,2
Brotas,2
Sofia,1
Bursa,1
Nampula,1
Matola,1
Karachi,1
Visakhapatnam,1
Ludhiāna,1
Indore,1
Ho Chi Minh City,1
Dili,1
Taipei,1
Shanghai,1
Guangzhou,1
Singapore,1
Sintra,1
Setúbal,1
São Brás de Alportel,1
Santarém,1
Porto,1
Pontinha,1
Oeiras,1
Marinha Grande,1
Leiria,1
Castelo Branco,1
Alcabideche,1
Albufeira,1
Viby,1
São Mamede de Infesta,1
Rebordosa,1
Póvoa de Varzim,1
Penafiel,1
Oliveira de Azemeis,1
Monsul,1
Guimarães,1
Gondomar,1
Ermesinde,1
Carapelhos,1
Bragança,1
Braga,1
Arganil,1
Brussels,1
Rüsselsheim,1
Berlin,1
Dublin,1
Palaiseau,1
Konin,1
Mindelo,1
Turiaçu,1
Tucuruí,1
Tauá,1
Taperoá,1
Sobral,1
Sertânia,1
São Sebastião,1
São Miguel do Guamá,1
Santarém,1
Sairé,1
Remanso,1
Quixeramobim,1
Presidente Dutra,1
Pombal,1
Pinheiro,1
