name,unique_entrances,total_entrances,visit_duration
/pt-br/3/tutorial/index.html,163,178,161
/pt-br/3/library/venv.html,121,121,17
/3/,110,113,350
/pt-br/3/,106,118,253
/pt-br/3/library/stdtypes.html,74,75,143
/pt-br/3.13/tutorial/datastructures.html,69,72,76
/pt-br/3/library/functions.html,57,58,231
/pt-br/3/library/index.html,55,56,374
/pt-br/3/library/math.html,50,52,88
/pt-br/3/tutorial/classes.html,47,48,109
/pt-br/3.13/library/functions.html,46,47,53
/pt-br/3.13/,43,46,121
/pt-br/3.13/tutorial/index.html,43,43,114
/pt-br/3/library/string.html,42,43,107
/pt-br/3/tutorial/controlflow.html,38,41,312
/pt-br/3/library/,35,37,296
/pt-br/3/library/random.html,35,35,29
/pt-br/3/tutorial/interpreter.html,35,36,13
/pt-br/3.13/library/math.html,31,31,109
/pt-br/3/tutorial/introduction.html,31,33,238
/pt-br/3.13/search.html,30,32,129
/pt-br/3.13/library/tkinter.html,29,30,36
/pt-br/3/tutorial/datastructures.html,27,27,4
/pt-br/3/search.html,25,26,237
/pt-br/3/tutorial/modules.html,25,25,220
/pt-br/3/library/datetime.html,24,24,2
/pt-br/3.13/library/index.html,23,24,417
/pt-br/3/library/tkinter.html,22,22,128
/3/library/tkinter.html,20,20,312
/pt-br/3.13/tutorial/introduction.html,20,21,89
/pt-br/3/library/csv.html,20,20,43
/pt-br/3/faq/windows.html,19,19,0
/pt-br/3/tutorial/,19,19,117
/3/library/functions.html,16,16,471
/pt-br/dev/library/zlib.html,16,16,26
/pt-br/3.13/library/random.html,14,16,273
/3/search.html,13,13,457
/pt-br/3.13/tutorial/controlflow.html,13,13,1
/pt-br/3.14/whatsnew/3.14.html,13,13,108
/pt-br/3/library/os.html,13,13,215
/pt-br/3/tutorial/errors.html,13,15,75
/pt-br/3/tutorial/inputoutput.html,13,13,2
/3/tutorial/index.html,12,13,288
/pt-br/3.13/library/stdtypes.html,12,13,72
/pt-br/3.13/library/turtle.html,12,12,526
/pt-br/3.13/library/venv.html,12,12,35
/pt-br/3.13/using/windows.html,12,12,30
/pt-br/3/tutorial/appetite.html,12,12,40
/pt-br/3.13/tutorial/interpreter.html,11,12,1
/pt-br/3/howto/logging.html,11,11,363
/pt-br/3/reference/index.html,11,11,45
/pt-br/dev/howto/sorting.html,11,14,0
/pt-br/3.13/library/__main__.html,10,10,0
/3/library/math.html,9,9,1190
/pt-br/3.13/reference/compound_stmts.html,9,9,96
/pt-br/dev/reference/import.html,9,9,233
/3.13/tutorial/index.html,8,8,241
/3/library/idle.html,8,8,151
/pt-br/3.13/library/datetime.html,8,8,351
/pt-br/3.13/library/pathlib.html,8,8,0
/pt-br/3.13/reference/index.html,8,8,186
/pt-br/3/library/numeric.html,8,8,5
/pt-br/3/library/re.html,8,8,96
/pt-br/3/library/tk.html,8,8,157
/pt-br/dev/faq/general.html,8,8,279
/pt-br/dev/library/venv.html,8,8,0
/3.13/using/windows.html,7,7,211
/3/library/index.html,7,7,338
/3/tutorial/errors.html,7,7,537
/pt-br/3.13/tutorial/appetite.html,7,7,8
/pt-br/3/glossary.html,7,7,160
/pt-br/3/installing/index.html,7,7,0
/pt-br/3/library/exceptions.html,7,8,15
/pt-br/dev/library/statistics.html,7,7,570
/pt-br/dev/library/unittest.html,7,7,0
/pt-br/3.13/contents.html,6,6,567
/pt-br/3.13/tutorial/classes.html,6,6,64
/pt-br/3.14/library/typing.html,6,6,270
/pt-br/3/library/json.html,6,6,141
/pt-br/3/library/statistics.html,6,6,61
/pt-br/3/library/time.html,6,6,74
/pt-br/3/library/turtle.html,6,6,7
/pt-br/3/reference/datamodel.html,6,6,0
/pt-br/3/tutorial/venv.html,6,6,3
/pt-br/3/using/android.html,6,6,0
/pt-br/dev/library/stdtypes.html,6,6,0
/3/library/datetime.html,5,5,628
/3/library/random.html,5,5,15
/3/library/turtle.html,5,6,421
/3/reference/index.html,5,5,204
/pt-br/3.13/c-api/set.html,5,5,1
/pt-br/3.13/glossary.html,5,5,19
/pt-br/3.13/library/calendar.html,5,5,0
/pt-br/3.13/library/re.html,5,5,0
/pt-br/3.13/reference/expressions.html,5,5,425
/pt-br/3.13/tutorial/errors.html,5,5,227
/pt-br/3.13/tutorial/venv.html,5,6,3
/pt-br/3/download.html,5,5,15
/pt-br/3/library/collections.html,5,5,0
/pt-br/3/library/copy.html,5,5,0
/pt-br/3/using/cmdline.html,5,5,697
/pt-br/dev/howto/regex.html,5,5,1
/pt-br/dev/using/ios.html,5,5,0
/3/library/pathlib.html,4,4,457
/3/library/socket.html,4,4,556
/3/library/venv.html,4,4,154
/pt-br/3.13/index.html,4,4,14
/pt-br/3.13/library/dataclasses.html,4,4,550
/pt-br/3.13/tutorial/modules.html,4,4,136
/pt-br/3/contents.html,4,4,504
/pt-br/3/library/itertools.html,4,4,147
/pt-br/3/library/operator.html,4,5,0
/pt-br/3/library/os.path.html,4,4,38
/pt-br/3/library/pickle.html,4,4,27
/pt-br/3/library/typing.html,4,4,6
/pt-br/3/library/unittest.html,4,4,0
/pt-br/dev/reference/datamodel.html,4,4,0
/pt-br/dev/tutorial/datastructures.html,4,4,0
/3.12/tutorial/,3,3,213
/3/library/collections.html,3,3,526
/3/library/decimal.html,3,3,865
/3/library/logging.html,3,3,391
/3/library/os.html,3,3,1423
/3/library/re.html,3,3,1704
/3/library/stdtypes.html,3,3,106
/3/library/time.html,3,3,51
/3/tutorial/,3,3,914
/3/tutorial/datastructures.html,3,3,351
/pt-br/3.13/howto/sorting.html,3,3,12
/pt-br/3.13/library/asyncio-queue.html,3,3,1
/pt-br/3.13/library/cmath.html,3,3,7
/pt-br/3.13/library/collections.html,3,3,0
/pt-br/3.13/library/csv.html,3,3,0
/pt-br/3.13/library/filesys.html,3,3,541
/pt-br/3.13/library/os.html,3,3,0
/pt-br/3.13/library/shutil.html,3,3,888
/pt-br/3.13/library/statistics.html,3,3,59
/pt-br/3.13/library/string.html,3,3,0
/pt-br/3.13/library/tkinter.ttk.html,3,4,667
/pt-br/3.13/reference/datamodel.html,3,3,2
/pt-br/3.13/tutorial/,3,4,0
/pt-br/3.13/tutorial/inputoutput.html,3,3,0
/pt-br/3.13/using/cmdline.html,3,3,155
/pt-br/3.15/,3,4,0
/pt-br/3/howto/enum.html,3,3,348
/pt-br/3/library/abc.html,3,3,12
/pt-br/3/library/argparse.html,3,3,428
/pt-br/3/library/asyncio-task.html,3,3,80
/pt-br/3/library/codecs.html,3,3,704
/pt-br/3/library/dataclasses.html,3,3,101
/pt-br/3/library/pprint.html,3,3,0
/pt-br/3/library/pydoc.html,3,3,0
/pt-br/3/library/sys.html,3,3,52
/pt-br/3/reference/introduction.html,3,3,1551
/pt-br/3/tutorial/stdlib.html,3,3,184
/pt-br/3/using/mac.html,3,3,35
/pt-br/dev/library/calendar.html,3,4,5
/pt-br/dev/library/heapq.html,3,3,0
/pt-br/dev/library/subprocess.html,3,3,369
/pt-br/dev/library/tkinter.html,3,3,15
/3.12/,2,2,736
/3.13/,2,2,75
/3.14/whatsnew/3.14.html,2,2,68
/3/howto/logging.html,2,2,93
/3/library/argparse.html,2,2,2560
/3/library/asyncio.html,2,2,1123
/3/library/copy.html,2,2,8
/3/library/email.mime.html,2,2,320
/3/library/ensurepip.html,2,2,740
/3/library/heapq.html,2,2,12
/3/library/intro.html,2,2,21
/3/library/pydoc.html,2,2,54
/3/library/queue.html,2,2,117
/3/library/subprocess.html,2,2,100
/3/library/threading.html,2,2,1949
/3/library/tk.html,2,2,2068
/3/license.html,2,2,88
/3/reference/datamodel.html,2,2,0
/3/tutorial/appetite.html,2,2,325
/3/tutorial/controlflow.html,2,2,1094
/3/tutorial/interpreter.html,2,2,180
/3/using/index.html,2,2,127
/pt-br/3.12/howto/logging.html,2,2,0
/pt-br/3.12/howto/regex.html,2,2,1
/pt-br/3.12/library/tkinter.html,2,2,102
/pt-br/3.12/search.html,2,2,432
/pt-br/3.12/tutorial/,2,2,464
/pt-br/3.12/tutorial/index.html,2,2,43
/pt-br/3.13/genindex.html,2,2,18
/pt-br/3.13/howto/logging.html,2,2,0
/pt-br/3.13/library/asyncio-task.html,2,2,0
/pt-br/3.13/library/asyncio.html,2,2,1110
/pt-br/3.13/library/datatypes.html,2,2,216
/pt-br/3.13/library/dialog.html,2,2,657
/pt-br/3.13/library/fractions.html,2,2,1968
/pt-br/3.13/library/graphlib.html,2,2,0
/pt-br/3.13/library/idle.html,2,2,0
/pt-br/3.13/library/types.html,2,2,0
/pt-br/3.13/library/uuid.html,2,2,0
/pt-br/3.13/library/zipfile.html,2,2,0
/pt-br/3.13/reference/lexical_analysis.html,2,2,0
/pt-br/3.13/using/configure.html,2,2,0
/pt-br/3.13/whatsnew/3.13.html,2,2,0
/pt-br/3.15/reference/datamodel.html,2,5,0
/pt-br/3.15/tutorial/controlflow.html,2,2,0
/pt-br/3.15/using/windows.html,2,2,0
/pt-br/3/genindex.html,2,2,6
/pt-br/3/howto/sockets.html,2,2,6
/pt-br/3/howto/sorting.html,2,2,0
/pt-br/3/library/__main__.html,2,2,0
/pt-br/3/library/array.html,2,2,150
/pt-br/3/library/asyncio.html,2,2,0
/pt-br/3/library/email.html,2,2,501
/pt-br/3/library/glob.html,2,2,0
/pt-br/3/library/heapq.html,2,2,0
/pt-br/3/library/importlib.metadata.html,2,2,0
/pt-br/3/library/mimetypes.html,2,2,0
/pt-br/3/library/persistence.html,2,2,0
/pt-br/3/library/text.html,2,2,14
/pt-br/3/library/tkinter.ttk.html,2,2,35
/pt-br/3/library/warnings.html,2,2,0
/pt-br/3/library/zipfile.html,2,2,0
/pt-br/3/reference/compound_stmts.html,2,2,307
/pt-br/3/reference/expressions.html,2,2,0
/pt-br/3/using/index.html,2,2,22
/pt-br/3/whatsnew/3.13.html,2,2,10
/pt-br/3/whatsnew/index.html,2,2,0
/pt-br/dev/library/ipaddress.html,2,2,88
/pt-br/dev/library/re.html,2,2,0
/pt-br/dev/library/string.html,2,2,0
/pt-br/dev/library/tkinter.messagebox.html,2,2,0
/3.12/library/,1,1,74
/3.13/index.html,1,1,56
/3.13/library/,1,1,1667
/3.13/library/index.html,1,1,0
/3.13/library/random.html,1,1,20
/3.13/library/stdtypes.html,1,1,94
/3.13/tutorial/,1,1,63
/3.13/tutorial/appetite.html,1,1,272
/3.13/tutorial/classes.html,1,1,0
/3.13/whatsnew/3.13.html,1,1,2113
/3.14/,1,1,1978
/3.14/index.html,1,1,1522
/3.14/library/datetime.html,1,1,0
/3.15/,1,1,113
/3.15/tutorial/index.html,1,1,447
/3/download.html,1,1,1425
/3/faq/,1,1,694
/3/glossary.html,1,1,1093
/3/howto/unicode.html,1,1,4
/3/index.html,1,1,0
/3/installing/index.html,1,1,0
/3/library/abc.html,1,1,1267
/3/library/ast.html,1,1,2
/3/library/asyncio-task.html,1,1,326
/3/library/base64.html,1,1,42
/3/library/csv.html,1,1,9
/3/library/dataclasses.html,1,1,124
/3/library/dialog.html,1,1,0
/3/library/email.examples.html,1,1,7
/3/library/exceptions.html,1,1,2
/3/library/glob.html,1,1,103
/3/library/gzip.html,1,1,1669
/3/library/http.server.html,1,1,97
/3/library/imaplib.html,1,1,44
/3/library/io.html,1,1,6
/3/library/json.html,1,1,801
/3/library/operator.html,1,1,728
/3/library/os.path.html,1,1,5007
/3/library/secrets.html,1,1,3617
/3/library/smtplib.html,1,1,33
/3/library/sqlite3.html,1,1,399
/3/library/telnetlib.html,1,1,977
/3/library/textwrap.html,1,1,122
/3/library/urllib.html,1,1,3
/3/library/warnings.html,1,1,82
/3/library/zipfile.html,1,1,82
/3/py-modindex.html,1,1,0
/3/reference/expressions.html,1,1,1867
/3/reference/import.html,1,1,37
/3/tutorial/classes.html,1,1,0
/3/tutorial/inputoutput.html,1,1,790
/3/tutorial/introduction.html,1,1,61
/3/tutorial/stdlib2.html,1,1,2162
/3/using/windows.html,1,1,3181
/fr/3.13/tutorial/classes.html,1,1,0
/fr/3/library/csv.html,1,1,0
/it/3.13/library/asyncio-task.html,1,1,39
/ja/3.14/library/profile.html,1,1,2469
/pl/3.13/,1,1,570
/pt-br/3.12/,1,1,0
/pt-br/3.12/download.html,1,1,0
/pt-br/3.12/glossary.html,1,1,0
/pt-br/3.12/installing/index.html,1,1,0
/pt-br/3.12/library/concurrent.futures.html,1,1,4
/pt-br/3.12/library/datetime.html,1,1,0
/pt-br/3.12/library/functions.html,1,1,0
/pt-br/3.12/library/importlib.html,1,1,0
/pt-br/3.12/library/index.html,1,1,3
/pt-br/3.12/library/io.html,1,2,0
