name,visitors
Warsaw,45
Kraków,14
Poznań,13
Wrocław,11
Katowice,7
Gdańsk,7
Lublin,6
Łódź,6
Bydgoszcz,5
Zielona Góra,3
Szczecin,3
Radom,2
Łuków,2
Sosnowiec,2
Jastrzębie Zdrój,2
Acıpayam,1
Lipetsk,1
Minsk,1
Cluj-Napoca,1
Lviv,1
Kyiv,1
Khmilnyk,1
Strzyżów,1
Rzeszów,1
Przemyśl,1
Piaseczno,1
Mszana Dolna,1
Kielce,1
Jarosław,1
Grodzisk Mazowiecki,1
Działdowo,1
Bochnia,1
Białystok,1
Białka Tatrzańska,1
Bournemouth,1
The Hague,1
Neumarkt in der Oberpfalz,1
Koblenz,1
Bad Hersfeld,1
Prague,1
Szamotuły,1
Świdnica,1
Sopot,1
Siemianowice Śląskie,1
Reda,1
Racibórz,1
Płaza,1
Piła,1
Pabianice,1
Ostrów Wielkopolski,1
Opole,1
Odolanów,1
Łowicz,1
Łany,1
Kroczyce,1
Kosakowo,1
Kęty,1
Jordanów,1
Grodzisk Wielkopolski,1
Elbląg,1
Dąbrowa Górnicza,1
Cybinka,1
Cieszyn,1
Jaren,1
La Guaira,1
