name,visitors,pageviews,bounce_rate,time_on_page,scroll_depth
/pl/3/tutorial/datastructures.html,43,48,80,239,35
/pl/3/tutorial/index.html,23,32,44,145,64
/pl/3/tutorial/introduction.html,14,21,100,353,48
/pl/3/,12,26,10,10,74
/pl/3/installing/index.html,10,12,75,183,65
/pl/3/tutorial/controlflow.html,10,17,67,259,30
/pl/dev/library/turtle.html,9,12,90,1471,31
/pl/3/tutorial/interpreter.html,8,15,100,73,91
/pl/dev/tutorial/classes.html,8,9,78,904,37
/pl/3/tutorial/modules.html,7,7,33,413,60
/pl/3.13/,6,10,100,41,83
/pl/3/tutorial/appetite.html,6,7,50,14,87
/pl/dev/tutorial/datastructures.html,6,6,100,,52
/pl/3.13/tutorial/datastructures.html,5,8,50,111,18
/pl/3.13/tutorial/introduction.html,5,4,100,20,58
/pl/dev/tutorial/inputoutput.html,5,7,60,164,55
/pl/3.13/tutorial/controlflow.html,4,9,0,254,36
/pl/3/contents.html,4,6,100,32,6
/pl/3/library/index.html,4,4,100,11,42
/pl/3/tutorial/errors.html,4,4,100,157,17
/pl/3/tutorial/inputoutput.html,4,5,100,510,34
/pl/dev/library/functions.html,4,4,75,80,22
/pl/3.13/library/functions.html,3,4,50,93,34
/pl/3.13/search.html,3,5,0,3,76
/pl/3.13/tutorial/,3,3,0,38,50
/pl/3.13/tutorial/classes.html,3,4,0,8,25
/pl/3/library/functions.html,3,4,100,18,48
/pl/3/tutorial/,3,10,0,26,100
/pl/3/tutorial/venv.html,3,4,67,59,79
/pl/3/whatsnew/3.13.html,3,3,0,36,19
/pl/3.13/library/copy.html,2,3,0,616,51
/pl/3.13/library/index.html,2,2,0,25,47
/pl/3.13/library/stdtypes.html,2,4,0,257,20
/pl/3.13/tutorial/index.html,2,4,0,10,66
/pl/3.13/tutorial/stdlib2.html,2,2,0,82,68
/pl/3.13/tutorial/venv.html,2,2,0,38,28
/pl/3/glossary.html,2,2,100,110,60
/pl/3/library/os.html,2,3,0,22,49
/pl/3/library/stdtypes.html,2,3,0,3,54
/pl/3/library/sysconfig.html,2,2,50,19,
/pl/3/reference/index.html,2,3,0,14,100
/pl/3/search.html,2,5,0,16,31
/pl/3/tutorial/appendix.html,2,2,100,,
/pl/3/tutorial/stdlib2.html,2,2,0,6,50
/pl/3/using/index.html,2,4,0,4,68
/pl/3/using/windows.html,2,2,100,,4
/pl/3.12/glossary.html,1,1,0,8,94
/pl/3.12/library/,1,1,0,8,21
/pl/3.12/library/functions.html,1,1,0,,84
/pl/3.12/library/stdtypes.html,1,3,50,,1
/pl/3.12/library/tkinter.html,1,1,0,,95
/pl/3.12/reference/compound_stmts.html,1,1,0,33,74
/pl/3.12/reference/import.html,1,1,0,,26
/pl/3.12/reference/index.html,1,3,0,28,100
/pl/3.12/reference/introduction.html,1,2,0,15,99
/pl/3.12/search.html,1,1,0,4,19
/pl/3.13/c-api/dict.html,1,1,0,41,40
/pl/3.13/contents.html,1,1,0,35,5
/pl/3.13/glossary.html,1,1,0,31,56
/pl/3.13/library/argparse.html,1,1,0,30,9
/pl/3.13/library/array.html,1,2,0,2,15
/pl/3.13/library/binary.html,1,1,0,3,49
/pl/3.13/library/bisect.html,1,2,0,1,16
/pl/3.13/library/calendar.html,1,2,0,2,6
/pl/3.13/library/codecs.html,1,1,0,5,3
/pl/3.13/library/collections.abc.html,1,2,0,2,9
/pl/3.13/library/collections.html,1,2,0,1,3
/pl/3.13/library/constants.html,1,1,0,17,34
/pl/3.13/library/datatypes.html,1,1,0,5,25
/pl/3.13/library/datetime.html,1,1,0,7,1
/pl/3.13/library/difflib.html,1,1,0,2,4
/pl/3.13/library/enum.html,1,2,0,8,4
/pl/3.13/library/exceptions.html,1,1,0,8,4
/pl/3.13/library/graphlib.html,1,1,0,8,18
/pl/3.13/library/heapq.html,1,2,0,1,12
/pl/3.13/library/idle.html,1,2,0,16,100
/pl/3.13/library/intro.html,1,1,0,6,55
/pl/3.13/library/itertools.html,1,1,0,22,3
/pl/3.13/library/json.html,1,2,0,3,5
/pl/3.13/library/keyword.html,1,3,0,12,100
/pl/3.13/library/math.html,1,1,100,,
/pl/3.13/library/pprint.html,1,2,0,2,10
/pl/3.13/library/re.html,1,1,0,5,2
/pl/3.13/library/readline.html,1,1,0,6,12
/pl/3.13/library/reprlib.html,1,2,0,1,17
/pl/3.13/library/rlcompleter.html,1,1,0,11,51
/pl/3.13/library/string.html,1,1,0,19,5
/pl/3.13/library/stringprep.html,1,1,0,1,32
/pl/3.13/library/struct.html,1,1,0,12,7
/pl/3.13/library/text.html,1,1,0,11,42
/pl/3.13/library/textwrap.html,1,1,0,11,14
/pl/3.13/library/tkinter.font.html,1,1,0,331,100
/pl/3.13/library/tkinter.html,1,3,0,62,25
/pl/3.13/library/types.html,1,2,0,2,8
/pl/3.13/library/unicodedata.html,1,1,0,3,24
/pl/3.13/library/unittest.html,1,2,0,4,2
/pl/3.13/library/weakref.html,1,2,0,2,7
/pl/3.13/library/zoneinfo.html,1,2,0,13,10
/pl/3.13/py-modindex.html,1,1,0,,74
/pl/3.13/reference/compound_stmts.html,1,2,0,16,86
