name,unique_exits,total_exits,exit_rate
/3.13/tutorial/index.html,4791,4934,
/3.13/using/windows.html,4482,4575,
/3.13/index.html,1217,1238,
/3.13/,939,974,
/3.13/whatsnew/3.13.html,844,857,
/3.13/tutorial/,654,670,
/ja/3.13/c-api/capsule.html,605,608,
/3.13/tutorial/interpreter.html,524,533,
/3/,450,442,
/3.13/tutorial/appetite.html,397,406,
/zh-cn/3.13/tutorial/index.html,347,362,
/3.13/tutorial/introduction.html,316,325,
/3.13/search.html,277,279,
/3.13/library/functions.html,237,245,
/zh-cn/3.13/,237,239,
/3.13/tutorial/controlflow.html,212,230,
/3.13/library/stdtypes.html,194,199,
/3.13/library/index.html,165,170,
/zh-cn/3.13/tutorial/controlflow.html,165,172,
/es/3.13/tutorial/index.html,151,152,
/ja/3.13/tutorial/,134,138,
/ko/dev/c-api/marshal.html,118,118,
/zh-cn/3.13/library/index.html,113,116,
/zh-cn/3.13/tutorial/introduction.html,113,115,
/3.13/installing/index.html,102,102,
/3.13/library/,93,94,
/zh-cn/3.13/library/functions.html,86,96,
/3.13/library/idle.html,84,87,
/zh-cn/3.13/tutorial/interpreter.html,81,83,
/ja/3.13/library/functions.html,80,80,
/ja/3.13/library/re.html,79,80,
/zh-cn/3.13/library/stdtypes.html,79,81,
/ja/3.13/library/logging.html,74,78,
/3/tutorial/index.html,73,72,
/3.13/download.html,70,70,
/3.13/tutorial/datastructures.html,70,76,
/zh-cn/3.13/tutorial/datastructures.html,70,79,
/es/3.13/tutorial/introduction.html,69,73,
/fr/3.13/tutorial/datastructures.html,69,71,
/3.13/glossary.html,66,71,
/ja/3.13/library/datetime.html,65,65,
/pt-br/3.13/tutorial/datastructures.html,65,70,
/zh-cn/3.13/using/android.html,65,65,
/es/3.13/library/index.html,62,70,
/3.13/library/datetime.html,61,63,
/es/3.13/library/functions.html,61,64,
/ja/3.13/library/stdtypes.html,60,60,
/zh-cn/3.13/search.html,59,61,
/es/3.13/,56,56,
/zh-cn/3.13/using/index.html,55,55,
/3.13/library/random.html,54,55,
/zh-cn/3.13/index.html,54,56,
/es/3.13/library/tkinter.html,53,57,
/pt-br/3.13/library/tkinter.html,53,56,
/3.13/using/cmdline.html,52,56,
/es/3.13/library/stdtypes.html,51,51,
/es/3.13/tutorial/datastructures.html,51,55,
/zh-cn/3.13/using/windows.html,51,51,
/3.13/reference/index.html,50,51,
/zh-cn/3.13/tutorial/appetite.html,50,50,
/3/search.html,48,47,
/zh-cn/3.13/tutorial/classes.html,47,48,
/3.13/library/typing.html,46,47,
/pt-br/3.13/tutorial/index.html,46,47,
/3/library/functions.html,44,44,
/es/3.13/tutorial/controlflow.html,44,45,
/es/3.13/tutorial/interpreter.html,44,45,
/ja/3.13/library/enum.html,44,44,
/ja/3.13/library/os.path.html,44,44,
/3.13/library/tkinter.html,43,43,
/es/3.13/search.html,43,43,
/zh-cn/3.13/download.html,43,45,
/zh-cn/3.13/glossary.html,43,44,
/zh-tw/3.13/library/venv.html,43,44,
/3.13/library/exceptions.html,42,42,
/3.13/py-modindex.html,41,40,
/3/library/idle.html,41,41,
/ko/3.13/tutorial/index.html,41,44,
/zh-cn/3.13/tutorial/,41,44,
/3.13/using/index.html,40,42,
/3.13/tutorial/classes.html,39,39,
/3/library/index.html,39,37,
/ja/3.13/library/index.html,39,41,
/zh-cn/3.13/library/asyncio-task.html,39,42,
/3.13/library/math.html,38,40,
/fr/3.13/library/tkinter.html,38,38,
/ja/3.13/library/dataclasses.html,38,39,
/ja/3.13/tutorial/interpreter.html,38,38,
/3.13/tutorial/modules.html,37,34,
/es/3.13/tutorial/appetite.html,37,37,
/fr/3.13/library/functions.html,37,37,
/3.13/library/os.html,36,36,
/3.15/,36,35,
/ja/3.13/library/pathlib.html,36,36,
/ja/3.13/tutorial/controlflow.html,36,41,
/pt-br/3.13/,36,42,
/ko/3.13/library/intro.html,35,35,
/3.13/library/pathlib.html,34,34,
/3.13/library/turtle.html,34,39,
/ja/3.13/tutorial/introduction.html,34,37,
