name,visitors,bounce_rate,visit_duration
Direct / None,22256,68,153
Google,4406,81,211
python.org,1211,66,239
Baidu,1127,74,54
Bing,240,67,362
chatgpt.com,73,70,293
codecademy.cn,61,58,83
Yahoo!,45,80,412
DuckDuckGo,27,50,651
Microsoft Teams,25,61,88
Yandex,17,100,761
doubao.com,17,71,270
netacad.com,13,50,115
Brave,11,100,470
GitHub,11,40,251
qiita.com,11,50,119
note.nkmk.me,10,0,1068
peps.python.org,10,78,759
Ecosia,9,67,338
link.csdn.net,9,100,517
purdue-engr-13300.github.io,9,71,77
wiki.python.org,9,0,1194
Qwant,8,0,529
cs50.harvard.edu,7,0,421
udemy.com,7,100,1058
Perplexity,6,83,132
brightspace.nyu.edu,6,100,0
mooc2-ans.chaoxing.com,6,50,358
pyodide.org,6,80,351
python.it,6,50,456
Youtube,5,100,304
intranet.hbtn.io,5,0,131
link.zhihu.com,5,100,162
roadmap.sh,5,0,354
aulavirtual.ingenieria.usac.edu.gt,4,75,890
chat.baidu.com,4,100,83
es.python.org,4,0,865
360.cn,3,0,610
discuss.python.org,3,100,548
infoacademy.ro,3,33,6
nicholashairs.com,3,67,44
oreilly.co.jp,3,0,1189
python.github.net.cn,3,0,26
yuanbao.tencent.com,3,0,221
127.0.0.1,2,100,0
Facebook,2,100,0
Gmail,2,100,0
Instagram,2,100,0
Reddit,2,0,148
Twitter,2,0,46
alexandria-html-published.platosedu.io,2,0,563
blackboard.cmich.edu,2,0,1543
campus.mitic.gov.py,2,0,87
capytale2.ac-paris.fr,2,100,0
code.visualstudio.com,2,0,19
cvdof.ucm.es,2,100,0
dbunicv.realize.pro.br,2,0,1464
dodona.be,2,100,0
ecampus.esade.edu,2,0,253
flask.palletsprojects.com,2,0,69
gateway.zscalertwo.net,2,100,0
hitachigroup.okta.com,2,100,0
learn.microsoft.com,2,100,20
liaoxuefeng.com,2,0,2
norman,2,0,2734
notebooks.githubusercontent.com,2,100,0
ntp.msn.cn,2,0,31
pip.pypa.io,2,0,236
plataforma-beta.coderhouse.com,2,100,0
pts.measureup.com,2,100,240
pythoncheatsheet.org,2,0,10
pythonmorsels.com,2,100,156
q.utoronto.ca,2,0,44
selenium-python.readthedocs.io,2,0,4
urllib3.readthedocs.io,2,0,86
wiki.seanrikard.com,2,50,706
10.53.240.81,1,100,0
52pojie.cn,1,100,0
Daum,1,100,0
a6eeb19eab1146369d0e08c1b272ecc2.ap-shanghai2.cloudstudio.club,1,0,0
aiepvirtual.cl,1,0,1360
app.certidevs.com,1,0,6
atenea.upc.edu,1,100,0
athena.alxafrica.com,1,0,0
atp.udemy.com,1,0,8
aulapregrado.unisimon.edu.co,1,0,15
ava.akcit.ufg.br,1,0,195
bennett.codetantra.com,1,0,911
blog.51cto.com,1,0,5
blog.csdn.net,1,0,89
blog.pyq.jp,1,0,0
bots.bytedance.net,1,100,0
brainmaker.netease.com,1,100,0
byhy.net,1,0,313
bzh-35-nord-est.elea.apps.education.fr,1,0,546
campus110.unad.edu.co,1,100,0
campusvirtual.ull.es,1,0,752
candea.medium.com,1,0,175
canva.com,1,0,919
canvas.shufe.edu.cn,1,0,85
cbnu-uesa.github.io,1,0,5
cdn.evg.gov.br,1,0,13
chaba-lab.com,1,100,0
chat.chaton.ai,1,0,333
chat.qwen.ai,1,0,315
chat.zalo.me,1,100,0
chokkan.github.io,1,0,3042
claude.ai,1,0,323
codecademy.com,1,0,7
comprog.nattee.net,1,100,0
copilot.microsoft.com,1,0,0
courses.edx.org,1,0,13
cs61a.vercel.app,1,0,30
datahub.berkeley.edu,1,0,90
developers-book.com,1,0,625
dida365.com,1,0,135
docs.cython.org,1,0,11
docs.mailman3.org,1,0,31
docs.micropython.org,1,0,337
docs.pingcode.com,1,0,187
docs.qq.com,1,0,4610
docs.sqlalchemy.org,1,0,0
docs.unified-streaming.com,1,100,0
e.rplearn.net,1,0,3135
edube.org,1,0,406
egela.ehu.eus,1,0,7
elasticsearch-py.readthedocs.io,1,0,1727
esc-confluence.envisioncn.com,1,100,0
fceqyn.unam.edu.ar,1,0,13
game-server.atlassian.net,1,0,0
gateway.zscloud.net,1,0,845
geometry.docs.pyansys.com,1,100,0
gpaw.readthedocs.io,1,100,0
groupbuytools.com,1,0,1492
gvtdwawnc78.feishu.cn,1,100,0
haosquare.com,1,0,22
he-arc.github.io,1,0,17
hot.dawoai.com,1,0,0
huggingface.co,1,0,12
iai.aichatos8.com.cn,1,0,2
imt-atlantique.github.io,1,100,0
insideempire.github.io,1,0,489
justpaste.it,1,0,10
kone.gg,1,100,0
l.threads.com,1,100,0
langcore.feishu.cn,1,0,21
learn-anything.xyz,1,0,27
learn.bcit.ca,1,100,0
link.juejin.cn,1,0,3320
lms.skillfactory.ru,1,0,251
manual.calibre-ebook.com,1,0,27
mock.readthedocs.io,1,0,10
moodle-campusonline.s3.amazonaws.com,1,0,14
moodle.ckg.ac.jp,1,0,46
moodle.fhwn.ac.at,1,0,2551
moodle.umontpellier.fr,1,0,8
moodle.univ-smb.fr,1,0,0
moodle2.td-school.org.cn,1,100,0
my.uopeople.edu,1,0,38
namu.wiki,1,0,25
numpy.org,1,0,457
oi-wiki.org,1,0,2041
openclassrooms.com,1,0,140
opencsg.com,1,100,0
otexts.com,1,0,2882
paddlepaddle.org.cn,1,0,9
paideiacursos.pucp.edu.pe,1,0,151
philipclaude.github.io,1,100,0
pl.python.org,1,0,0
poe.com,1,0,60
psycopg.org,1,0,1055
purdue.brightspace.com,1,100,0
pyformat.info,1,0,289
pyinstaller.org,1,0,1222
python-lernen.de,1,0,97
python.byted.org,1,0,10
python.ru,1,0,600
pythonscouts.com,1,0,4
pyzo.org,1,0,75
qualysguard.qg2.apps.qualys.com,1,100,0
realpython.com,1,0,1117
rondsoffice.feishu.cn,1,100,0
rtavenar.github.io,1,0,16
runoob.com,1,0,50
s172-29-26-85p8888.lab-aws-production.deeplearning.ai,1,0,94
saas.ai1.bar,1,0,3
saemexico.brightspace.com,1,100,0
safe.menlosecurity.com,1,0,0
scikit-learn.org,1,0,6
search-load.com,1,100,0
sidekick.gps.deloitte.com,1,0,78
space.coze.cn,1,0,107
sphinx-doc.org,1,0,283
spike.crosslanguage.co.jp,1,100,0
sswfive.github.io,1,100,0
statology.org,1,0,1433
teachermate.com.cn,1,0,64
tempmail.us.com,1,100,0
tkinterweb.readthedocs.io,1,0,316
tongyi.com,1,0,175
totem.siemens-healthineers.com,1,100,0
tutti.prod.bloomberg.com,1,100,0
tvm.apache.org,1,0,619
untref-edd.github.io,1,100,0
urban-funicular-7v4rqgg6r96gcx9jr.github.dev,1,0,0
wiki.bnc.ca,1,0,768
xinghuo.xfyun.cn,1,0,0
yaoweibin.cn,1,0,176
yr7ywq.smartapps.baidu.com,1,0,22
zetcode.com,1,0,31
