name,visitors,pageviews,bounce_rate,time_on_page
/zh-cn/3/,1151,1580,43,70.80432020330369
/zh-cn/3/tutorial/index.html,1074,1523,47,86.33257403189066
/zh-cn/3.13/,520,689,31,46.45640074211503
/zh-cn/3.13/tutorial/index.html,478,649,40,72.51219512195122
/zh-cn/3/tutorial/interpreter.html,429,593,59,170.44375
/zh-cn/3/tutorial/appetite.html,348,393,56,133.32978723404256
/zh-cn/3/tutorial/introduction.html,294,372,63,297.74117647058824
/zh-cn/3/library/index.html,272,393,40,86.89615384615385
/zh-cn/3/tutorial/controlflow.html,249,347,67,291.8174603174603
/zh-cn/3.13/tutorial/interpreter.html,247,330,62,187.0909090909091
/zh-cn/3.13/library/index.html,212,297,38,61.666666666666664
/zh-cn/3.13/tutorial/appetite.html,196,232,48,115.55357142857143
/zh-cn/3/tutorial/,189,270,55,91.29629629629629
/zh-cn/3.13/tutorial/introduction.html,187,249,58,244.94444444444446
/zh-cn/3/using/index.html,187,247,51,41.92215568862275
/zh-cn/3.13/index.html,169,255,19,34.150485436893206
/zh-cn/3.13/tutorial/controlflow.html,169,244,66,298.22
/zh-cn/3/library/functions.html,159,205,66,210.64197530864197
/zh-cn/3/using/windows.html,151,173,77,319.5
/zh-cn/3/reference/index.html,147,215,41,65.7948717948718
/zh-cn/3/glossary.html,144,163,75,127.86458333333333
/zh-cn/3.13/library/functions.html,133,167,46,235.14772727272728
/zh-cn/3.13/whatsnew/3.13.html,124,143,84,216.96363636363637
/zh-cn/3.13/using/index.html,120,153,47,16.17094017094017
/zh-cn/3/index.html,112,166,29,51.651162790697676
/zh-cn/3.13/search.html,104,195,23,48.94488188976378
/zh-cn/3.13/glossary.html,103,132,38,172.8
/zh-cn/3/library/stdtypes.html,103,164,62,286.2535211267606
/zh-cn/3/contents.html,101,128,65,69.79268292682927
/zh-cn/3/library/turtle.html,99,141,71,728.047619047619
/zh-cn/3/tutorial/datastructures.html,99,136,66,198.609375
/zh-cn/3.13/reference/index.html,97,131,35,40.99047619047619
/zh-cn/3.13/download.html,93,108,100,238.77777777777777
/zh-cn/3.13/library/stdtypes.html,93,136,45,250.546875
/zh-cn/3/whatsnew/3.13.html,93,109,70,78.4
/zh-cn/3/search.html,92,182,33,83.5578947368421
/zh-cn/3.13/using/windows.html,90,110,88,278.0
/zh-cn/3.13/tutorial/,89,111,39,136.2027027027027
/zh-cn/3.13/tutorial/datastructures.html,87,104,54,173.34426229508196
/zh-cn/3.12/tutorial/index.html,80,110,59,102.89041095890411
/zh-cn/3.13/contents.html,79,99,35,48.09090909090909
/zh-cn/3.12/,77,110,34,61.64367816091954
/zh-cn/3/installing/index.html,77,90,78,209.20454545454547
/zh-cn/3/download.html,76,87,80,296.64516129032256
/zh-cn/3.13/library/venv.html,75,81,94,274.6666666666667
/zh-cn/3.13/installing/index.html,73,79,100,51.55555555555556
/zh-cn/3/using/cmdline.html,73,90,20,143.64705882352942
/zh-cn/3.13/tutorial/classes.html,66,70,75,153.42857142857142
/zh-cn/3/howto/index.html,63,84,43,21.095238095238095
/zh-cn/3/library/math.html,62,82,83,142.5
/zh-cn/3.12/library/index.html,61,77,20,69.7936507936508
/zh-cn/3/tutorial/classes.html,59,67,85,173.8695652173913
/zh-cn/dev/using/mac.html,57,61,89,578.0
/zh-cn/3.14/,55,60,58,33.5531914893617
/zh-cn/3/library/venv.html,55,60,87,1682.5
/zh-cn/3.13/tutorial/modules.html,54,67,43,274.94736842105266
/zh-cn/3.13/tutorial/inputoutput.html,49,54,67,103.62068965517241
/zh-cn/3/tutorial/modules.html,49,74,53,311.55263157894734
/zh-cn/3.13/using/cmdline.html,48,59,0,209.97619047619048
/zh-cn/3.13/howto/index.html,47,59,100,19.92156862745098
/zh-cn/3.13/reference/datamodel.html,46,70,40,167.93333333333334
/zh-cn/3/reference/lexical_analysis.html,45,61,67,225.96774193548387
/zh-cn/3.13/tutorial/errors.html,44,50,88,168.85185185185185
/zh-cn/3.13/using/android.html,44,51,74,170.88235294117646
/zh-cn/3.13/library/re.html,43,51,78,202.83333333333334
/zh-cn/3.13/py-modindex.html,43,59,0,73.83333333333333
/zh-cn/3/tutorial/inputoutput.html,43,57,71,90.44827586206897
/zh-cn/3/reference/datamodel.html,42,51,64,319.27272727272725
/zh-cn/3/reference/introduction.html,42,52,67,155.05555555555554
/zh-cn/3/library/re.html,41,45,84,285.7142857142857
/zh-cn/3.12/using/index.html,40,49,48,78.52
/zh-cn/3.13/using/mac.html,39,46,64,147.0
/zh-cn/3.13/tutorial/stdlib2.html,38,41,45,88.06060606060606
/zh-cn/3/reference/compound_stmts.html,38,44,43,103.08695652173913
/zh-cn/3/tutorial/appendix.html,36,38,60,45.714285714285715
/zh-cn/3.13/reference/lexical_analysis.html,35,47,62,147.66666666666666
/zh-cn/3/library/typing.html,35,41,82,269.0
/zh-cn/3/tutorial/errors.html,35,38,50,178.5
/zh-cn/3/tutorial/stdlib.html,35,41,73,126.91304347826087
/zh-cn/3.13/tutorial/venv.html,34,34,38,257.6818181818182
/zh-cn/3/library/tkinter.html,34,56,72,435.6875
/zh-cn/3/library/os.html,33,41,62,91.0
/zh-cn/3.12/tutorial/introduction.html,32,42,64,223.61904761904762
/zh-cn/3.12/using/mac.html,32,35,79,230.28571428571428
/zh-cn/3/py-modindex.html,32,36,50,55.7037037037037
/zh-cn/3.13/library/constants.html,31,36,80,121.33333333333333
/zh-cn/3.13/tutorial/stdlib.html,31,40,64,158.41666666666666
/zh-cn/3.14/tutorial/index.html,31,54,45,92.27027027027027
/zh-cn/3.12/download.html,30,44,67,239.64705882352942
/zh-cn/3.12/index.html,30,34,33,12.476190476190476
/zh-cn/3.12/tutorial/controlflow.html,30,41,33,258.69565217391306
/zh-cn/3.13/genindex.html,30,37,0,26.852941176470587
/zh-cn/3/library/,30,38,68,247.3
/zh-cn/3/reference/simple_stmts.html,30,37,64,225.0
/zh-cn/3.13/reference/compound_stmts.html,29,39,67,138.5
/zh-cn/3.12/library/multiprocessing.html,28,29,79,526.4
/zh-cn/3.12/library/stdtypes.html,28,38,80,157.57142857142858
/zh-cn/3/library/string.html,28,30,40,183.8235294117647
/zh-cn/3/using/mac.html,28,29,67,254.5
/zh-cn/3.12/reference/index.html,27,47,25,72.26470588235294
