name,visitors,bounce_rate,visit_duration
Direct / None,4280,53,236
Google,985,75,127
Bing,849,62,180
Baidu,561,73,88
python.org,183,0,392
link.zhihu.com,59,60,155
chatgpt.com,50,55,135
link.csdn.net,50,72,120
doubao.com,31,37,290
360.cn,24,83,35
Shenma,18,94,1
runoob.com,16,53,332
python.p2hp.com,15,0,697
tongyi.aliyun.com,15,44,448
GitHub,11,82,1059
cnblogs.com,11,80,85
blog.csdn.net,8,75,4
chat.scnet.cn,8,62,588
yuque.com,7,57,57
quark.cn,6,75,169
Sogou,5,50,170
c.biancheng.net,5,100,0
cloud.siliconflow.cn,5,67,81
ntp.msn.cn,5,0,160
baike.baidu.com,4,50,58
wiki.python.org,4,0,271
acwing.com,3,67,0
aidoczh.com,3,0,13
codemao.yuque.com,3,100,0
developer.aliyun.com,3,33,940
fastapi.tiangolo.com,3,100,459
gitee.com,3,33,8
jagile.jd.com,3,67,1067
liaoxuefeng.com,3,0,19
n.cn,3,67,21
peps.python.org,3,0,383
127.0.0.1,2,50,6
DuckDuckGo,2,100,17
Perplexity,2,100,0
Yandex,2,0,94
aigc.sankuai.com,2,50,426
bookstack.cn,2,50,4
byhy.net,2,0,893
cloud.tencent.com,2,50,30
csdiy.wiki,2,0,280
dida100.com,2,50,236
idealab.alibaba-inc.com,2,100,0
ithelp.ithome.com.tw,2,50,265
jb51.net,2,100,7
link.juejin.cn,2,0,23
lmodel.net,2,100,0
note.youdao.com,2,50,40
oi-wiki.org,2,0,110
oiloqnene62.feishu.cn,2,100,0
pip.pypa.io,2,0,105
pypi.org,2,100,52
pytk.net,2,100,0
sg-info.cn,2,0,44
v2download.com,2,50,19
v2ex.com,2,50,65
wangchujiang.com,2,50,13
web.shanbay.com,2,50,14
wechat_session,2,0,12
yuanbao.tencent.com,2,0,174
10.35.100.3,1,100,0
8p78o61190.vicp.fun,1,100,0
ai.azure.com,1,0,1185
ai.cha-tai.com,1,100,0
ai.chehejia.com,1,100,0
ai.leqee.com,1,100,0
ai.rcouyi.com,1,100,0
api.together.ai,1,100,0
b.geekbang.org,1,0,31
boot.dev,1,0,2060
brightspace.carleton.ca,1,0,48
bytedance.larkoffice.com,1,100,0
cai51jalat2.feishu.cn,1,100,0
chat.baidu.com,1,0,515
chat.chehejia.com,1,0,602
chat.leongfamily.net,1,0,27
chat.qwenlm.ai,1,0,48
chat.sankuai.com,1,0,90
chat18.aichatos.xyz,1,0,1028
chat18.aichatos78.com,1,0,57
chatgptchatapp.com,1,0,1250
chongbuluo.com,1,0,11
click.blog.csdn.net,1,0,232
code.visualstudio.com,1,0,93
console.bce.baidu.com,1,0,369
corc.gitlab-msc-rd.rnd.huawei.com,1,0,21
core.juscom.com,1,100,0
cs50.harvard.edu,1,0,261
csdn.net,1,100,0
cuiqingcai.com,1,100,0
d1rm882833.feishu.cn,1,100,0
davinci.mediatek.inc,1,0,555
deepseek.net,1,0,430
desktop.arcgis.com,1,0,184
devguide.python.org,1,0,632
docs.mcdreforged.com,1,100,0
docs.pingcode.com,1,0,216
docs.pydantic.dev,1,0,910
dormousehole.readthedocs.io,1,0,129
editor.csdn.net,1,0,41
friday.sankuai.com,1,100,0
hiascend.com,1,100,0
huggingface.co,1,0,8
i.cnblogs.com,1,0,1177
jupyterlab-2-labs-prod-jupyterlab-us-east-0.labs.cognitiveclass.ai,1,0,1608
learning-pytest.readthedocs.io,1,0,123
learnku.com,1,50,78
learnpython.org,1,0,34
leetcode.cn,1,0,86
li.feishu.cn,1,100,0
limestart.cn,1,100,0
lixiaolai.com,1,0,32
m.so.com,1,100,0
mach1ml.ford.com,1,0,113
manual.calibre-ebook.com,1,0,18
mcs.utm.utoronto.ca,1,0,605
mmkl4cp86p.feishu.cn,1,100,0
mo.zju.edu.cn,1,100,0
myquant.cn,1,100,0
nativeapp.toutiao.com,1,0,32
notion.so,1,100,0
numpy.org,1,0,113
oi.wiki,1,0,199
osgeo.cn,1,0,114
platform.productstar.ru,1,0,551
poe.com,1,100,0
pyloong.github.io,1,100,0
pytest-mock.readthedocs.io,1,0,277
python3-cookbook.readthedocs.io,1,0,98
pytorch.org,1,0,969
quickref.cn,1,100,0
roadmap.sh,1,0,419
sgybk.cn,1,0,18
sm.cn,1,100,0
ss.chatleft.com,1,0,1639
starlette.io,1,0,272
teratail.com,1,0,275
tss-aicode.aiaazure.biz,1,0,790
wenku.csdn.net,1,100,0
wpfx.link,1,0,25
xiaomi.f.mioffice.cn,1,100,0
xie.infoq.cn,1,0,640
xinghuo.xfyun.cn,1,0,88
y7bm5epe2b.feishu.cn,1,100,0
yr7ywq.smartapps.baidu.com,1,0,70
