name,visitors
Île-de-France,179
Auvergne-Rhône-Alpes,66
Nouvelle-Aquitaine,52
Hauts-de-France,38
Provence-Alpes-Côte-d'Azur,38
Occitanie,36
Grand-Est,29
Abidjan,28
Centre-Val de Loire,22
Pays-de-la-Loire,21
Burgundy-Franche-Comté,20
Brittany,20
Quebec,17
Normandie,16
Oriental,15
Meknès-Tafilalet,15
Wallonia,14
Dakar,14
Maritime,14
Littoral,13
Brussels,12
Brazzaville,11
Kinshasa,10
Centre,10
Littoral,9
Vaud,8
Ouest,8
Bamako,8
Tangier-Tétouan,7
Tunis,7
Centre,6
Estuaire,5
Oran,4
Conakry,4
Taza-Al Hoceima-Taounate,4
Rabat-Salé-Zemmour-Zaer,4
Haut-Katanga,3
Pointe-Noire,3
Geneva,3
Zürich,3
Hesse,3
Blida,3
Fès-Boulemane,3
Niamey,3
PF-V,3
New York,3
Buenos Aires Province,2
Rio de Janeiro,2
Bern,2
Jiangsu,2
Antioquia,2
Valle del Cauca,2
Baden-Württemberg,2
Northern Denmark,2
Algiers,2
Constantine,2
Catalonia,2
Corse,2
Attica,2
Delhi,2
West Bengal,2
Chaouia-Ouardigha,2
NC-S,2
Braşov,2
Bangkok,2
Nabeul,2
Mahdia,2
Diyarbakır,2
Florida,2
Ohio,2
Flanders,1
Bujumbura,1
Rio Grande do Sul,1
Neuchâtel,1
Valais,1
Santiago Metropolitan,1
Guangdong,1
Bavaria,1
North Rhine-Westphalia,1
Tlemcen,1
Tizi Ouzou,1
Ghardaïa,1
Relizane,1
Dakahlia,1
England,1
Bihar,1
Punjab,1
Hormozgan,1
Tokyo,1
Aichi,1
Luxembourg,1
Gharb-Chrarda-Béni Hssen,1
Mopti,1
Morelos,1
Lagos,1
North Holland,1
South Holland,1
Lisbon,1
Omsk,1
Riyadh,1
Phitsanulok,1
Ariana,1
Manouba,1
Bizerte,1
Sousse,1
Sfax,1
Mersin,1
Central,1
Kentucky,1
Ho Chi Minh City,1
Amanat Al Asimah,1
