name,version,visitors
Chrome,139.0,37843
Chrome,140.0,13583
Microsoft Edge,139.0,6579
Safari,18.6,6213
Firefox,142.0,6167
Microsoft Edge,140.0,3496
Chrome,138.0,3286
Yandex Browser,25.8,1642
Safari,18.5,1164
Mobile App,(not set),1108
Opera,120.0,889
Chrome,137.0,723
Firefox,128.0,587
Chrome,125.0,498
Chrome,134.0,461
Chrome,135.0,457
Firefox,141.0,438
Safari,17.6,428
Chrome,136.0,398
Chrome,109.0,372
Safari,26.0,351
Samsung Browser,28.0,321
Chrome,131.0,312
Chrome,132.0,306
Microsoft Edge,138.0,264
Opera,121.0,257
Safari,18.3,253
Safari,26.2,242
Safari,18.4,220
Firefox,140.0,218
Safari,16.6,217
Chrome,133.0,211
Chrome,130.0,201
Mobile App,139.0,191
Chrome,122.0,174
Safari,18.1,166
Safari,17.5,157
Safari,(not set),156
Chrome,126.0,154
Safari,15.6,144
Chrome,128.0,113
Yandex Browser,25.6,111
Chrome,120.0,107
Firefox,115.0,104
Yandex Browser,25.2,103
Chrome,129.0,101
UC Browser,18.0,99
Brave,(not set),98
Safari,18.0,97
Firefox,136.0,94
Chrome,116.0,93
Firefox,143.0,92
Chrome,127.0,90
Safari,17.4,88
Chrome,119.0,87
Smart Lenovo Browser,9.0,86
Safari,17.3,82
(not set),(not set),80
Firefox,139.0,76
Safari,18.2,73
Chrome,118.0,61
Chrome,141.0,60
Chrome,114.0,59
Chrome,121.0,57
Chrome,117.0,56
Safari,17.2,56
Chrome,124.0,55
Safari,17.1,55
Microsoft Edge,137.0,54
Yandex Browser,25.4,53
Firefox,142.1,52
Firefox,138.0,51
Huawei Browser Mobile,16.0,50
Mobile App,97.0,48
Safari,16.1,46
Firefox,137.0,44
Quark,(not set),43
Chrome,112.0,42
Opera,91.0,42
Safari,16.5,40
Chrome,123.0,39
Chrome,96.0,37
Microsoft Edge,136.0,35
Safari,17.14,35
Safari,16.3,34
Yandex Browser,24.10,33
Microsoft Edge,131.0,31
Microsoft Edge,135.0,31
Chrome,86.0,31
Chrome,91.0,30
Microsoft Edge,92.0,29
MIUI Browser,20.2,28
Mobile App,114.0,27
Microsoft Edge,128.0,27
Mobile App,140.0,27
Chrome,103.0,26
Firefox,134.0,25
Safari,17.7,25
Sogou Explorer,2,25
Firefox,131.0,23
Yandex Browser,25.20,23
Microsoft Edge,109.0,22
Microsoft Edge,122.0,22
Microsoft Edge,132.0,22
Safari,17.0,22
Chrome,111.0,21
Mobile App,91.0,21
Chrome,95.0,21
Safari,12.1,20
Microsoft Edge,133.0,20
Safari,16.2,20
Safari,16.4,20
Yandex Browser,24.1,20
Chrome,106.0,19
Chrome,108.0,19
Microsoft Edge,127.0,19
Microsoft Edge,129.0,19
Microsoft Edge,134.0,19
Yandex Browser,25.80,19
Microsoft Edge,126.0,18
Safari,13.1,18
Firefox,130.0,18
Avast Secure Browser,139.0,18
Norton Private Browser,139.0,18
Microsoft Edge,141.0,18
Firefox,144.0,18
Yandex Browser,25.83,18
vivo Browser,26.1,18
Chrome,87.0,18
Microsoft Edge,130.0,17
Safari,14.1,17
Safari,16.0,17
Firefox,135.0,16
MIUI Browser,14.10,16
Yandex Browser,23.9,16
Whale Browser,4.33,16
Chrome,115.0,15
Firefox,132.0,15
Safari,15.5,15
Safari,17.8,15
Quark,7.15,15
Chrome,92.0,15
Firefox,113.0,14
Microsoft Edge,125.0,14
Mobile App,138.0,14
MIUI Browser,20.1,14
Yandex Browser,24.6,14
SberBrowser,30.0,14
Microsoft Edge,124.0,13
Firefox,133.0,13
UC Browser,17.8,13
Safari,10.0,12
Firefox,102.0,12
Chrome,105.0,12
Chrome,113.0,12
Microsoft Edge,113.0,12
Opera,119.0,12
Huawei Browser Mobile,15.0,12
Samsung Browser,24.0,12
Yandex Browser,24.9,12
vivo Browser,26.0,12
Safari,60.5,12
Chrome,81.0,12
Opera,95.0,12
Chrome,99.0,12
Chrome,101.0,11
Chrome,102.0,11
Firefox,109.0,11
Mobile App,109.0,11
Huawei Browser,12.1,11
Mobile Silk,138.4,11
AVG Secure Browser,139.0,11
MIUI Browser,14.41,11
QQ Browser,19.5,11
Yandex Browser,24.65,11
Samsung Browser,26.0,11
Samsung Browser,28.1,11
Firefox,5.0,11
Opera,90.0,11
Chromium,(not set),10
Chrome,107.0,10
Microsoft Edge,111.0,10
Firefox,114.0,10
Mobile App,131.0,10
vivo Browser,14.6,10
Firefox,142,10
QQ Browser,19.6,10
Yandex Browser,25.3,10
Samsung Browser,27.0,10
Chrome,70.0,10
Opera,94.0,10
Chrome,110.0,9
Firefox,127.0,9
Chrome,142.0,9
QQ Browser,19.3,9
Yandex Browser,24.7,9
Microsoft Edge,120.0,8
Safari,15.2,8
Chrome,73.0,8
Chrome,80.0,8
Chrome,94.0,8
Chrome,97.0,8
Microsoft Edge,118.0,7
Yandex Browser,24.12,7
Yandex Browser,24.4,7
QtWebEngine,6.9,7
Android Browser,(not set),6
NetFront,(not set),6
Chrome,100.0,6
Microsoft Edge,112.0,6
Opera,118.0,6
Microsoft Edge,119.0,6
Ecosia,129.0,6
QQ Browser,13.5,6
Chrome,140,6
Safari,15.4,6
Safari,17.13,6
Safari,19.0,6
SeaMonkey,2.53,6
vivo Browser,25.3,6
QtWebEngine,5.15,6
Chrome,79.0,6
Mobile App,83.0,6
Firefox,86.0,6
Microsoft Edge,100.0,5
Microsoft Edge,116.0,5
Firefox,117.0,5
Microsoft Edge,117.0,5
Microsoft Edge,123.0,5
Mobile App,126.0,5
Huawei Browser Mobile,14.0,5
QQ Browser,16.0,5
Microsoft Edge,17.17134,5
Microsoft Edge,18.17763,5
Yandex Browser,23.11,5
Yandex Browser,23.96,5
Pale Moon,33.8,5
Huawei Browser Mobile,5.1,5
Chrome,78.0,5
Opera,85.0,5
Chrome,89.0,5
Firefox,94.0,5
Firefox,99.0,5
Chrome,(not set),4
Mobile App,103.0,4
Microsoft Edge,108.0,4
AVG Secure Browser,109.0,4
Microsoft Edge,110.0,4
Mobile Silk,114.4,4
Microsoft Edge,115.0,4
Mobile App,116.0,4
Opera,117.0,4
Firefox,129.0,4
QQ Browser,13.1,4
CCleaner,139.0,4
vivo Browser,14.5,4
Microsoft Edge,142.0,4
Safari,15.3,4
Microsoft Edge,18.18363,4
Phoenix Browser,19.0,4
MIUI Browser,19.9,4
Hi Browser,2.23,4
Yandex Browser,23.36,4
Yandex Browser,23.7,4
Samsung Browser,25.0,4
Yandex Browser,25.41,4
Yandex Browser,25.62,4
Yandex Browser,25.82,4
Opera Touch,6.0,4
QtWebEngine,6.8,4
Quark,7.4,4
Chrome,71.0,4
Chrome,83.0,4
Microsoft Edge,90.0,4
Chrome,93.0,4
Safari,10.1,3
Chrome,104.0,3
Microsoft Edge,105.0,3
Opera,107.0,3
Safari,11.0,3
Mobile App,111.0,3
Firefox,112.0,3
Microsoft Edge,114.0,3
Opera,115.0,3
Firefox,122.0,3
Firefox,124.0,3
Avast Secure Browser,130.0,3
AdBlock Browser,133.0,3
Samsung Browser,14.0,3
UC Browser,14.9,3
Mobile App,141.0,3
Safari,15.8,3
UC Browser,17.3,3
UC Browser,17.5,3
UC Browser,17.7,3
Phoenix Browser,19.2,3
QQ Browser,19.4,3
Hi Browser,2.24,3
Yandex Browser,22.11,3
Samsung Browser,23.0,3
