name,visitors
United States,19267
India,11019
Russian Federation,6283
China,5124
United Kingdom,3814
Germany,3571
Brazil,2681
France,2610
Canada,2444
Japan,2213
Australia,1547
Netherlands,1461
Poland,1410
Spain,1356
Singapore,1290
Mexico,1274
Ukraine,1190
Israel,1149
Italy,1148
Hong Kong,977
Indonesia,972
South Korea,939
Taiwan,924
Sweden,879
Philippines,815
Pakistan,814
Vietnam,796
Iran,763
Colombia,720
Turkey,693
Switzerland,619
Argentina,597
Egypt,569
Finland,560
Bangladesh,521
Saudi Arabia,521
Thailand,496
Nigeria,480
Czechia,455
Peru,422
Austria,408
Norway,401
Denmark,395
New Zealand,395
Belgium,383
Chile,379
Portugal,379
Malaysia,371
Ireland,355
Hungary,316
South Africa,312
United Arab Emirates,301
Romania,293
Morocco,286
Kazakhstan,267
Kenya,252
Greece,239
Belarus,229
Estonia,215
Bulgaria,199
Nepal,199
Algeria,192
Serbia,164
Sri Lanka,149
Iraq,147
Uzbekistan,130
Ghana,127
Slovakia,127
Ecuador,125
Georgia,119
Jordan,119
Tunisia,113
Venezuela,113
Armenia,94
Latvia,94
Lithuania,91
Dominican Republic,88
Azerbaijan,85
Ethiopia,81
Costa Rica,80
Uruguay,80
Croatia,79
Myanmar,74
Bolivia,73
Yemen,72
Cambodia,64
Guatemala,62
Seychelles,61
Slovenia,59
Lebanon,58
Cameroon,56
Moldova,56
Qatar,56
Cyprus,53
Côte d'Ivoire,50
Panama,50
Kuwait,48
Afghanistan,47
Paraguay,47
Senegal,47
Luxembourg,46
Oman,46
Uganda,42
Kyrgyzstan,41
Cuba,39
"Palestine, State of",39
Tanzania,39
Puerto Rico,36
Bahrain,34
Benin,34
El Salvador,34
Mongolia,31
Syria,30
Angola,28
Madagascar,28
Iceland,27
Mali,25
Honduras,24
Somalia,24
Zambia,24
"Congo, The Democratic Republic of the",23
Macao,23
Malta,23
Nicaragua,23
Bhutan,22
Niger,21
Bosnia and Herzegovina,20
Albania,19
Mozambique,19
Jamaica,18
Libya,17
Congo,15
Sudan,15
Zimbabwe,15
Malawi,14
Gabon,13
Mauritius,13
Rwanda,13
South Sudan,12
North Macedonia,11
Maldives,11
Trinidad and Tobago,11
Montenegro,10
New Caledonia,10
Réunion,10
Togo,10
Tajikistan,10
Kosovo,10
Burkina Faso,9
Guadeloupe,9
Namibia,8
Gambia,7
Haiti,7
Cayman Islands,7
Martinique,7
Åland Islands,6
Brunei Darussalam,6
Laos,6
Liberia,6
Bahamas,5
Botswana,5
Isle of Man,5
Mauritania,5
French Polynesia,5
Antigua and Barbuda,4
Barbados,4
Guinea,4
Jersey,4
Sierra Leone,4
Andorra,3
Djibouti,3
Faroe Islands,3
French Guiana,3
Greenland,3
Guyana,3
Saint Lucia,3
Chad,3
Timor-Leste,3
"Virgin Islands, U.S.",3
Eritrea,2
Fiji,2
Guam,2
Vanuatu,2
Burundi,1
Belize,1
Cabo Verde,1
Dominica,1
Grenada,1
Guernsey,1
Guinea-Bissau,1
Comoros,1
Liechtenstein,1
Lesotho,1
Monaco,1
Northern Mariana Islands,1
Papua New Guinea,1
Solomon Islands,1
Eswatini,1
Turks and Caicos Islands,1
Turkmenistan,1
Saint Vincent and the Grenadines,1
"Virgin Islands, British",1
