name,visitors,bounce_rate,visit_duration
Direct / None,36310,70,162
Google,34828,79,100
python.org,5844,59,118
Yandex,2958,75,58
Bing,2936,76,97
DuckDuckGo,2004,76,151
Brave,1445,83,93
Baidu,1140,81,57
chatgpt.com,1042,72,123
boot.dev,928,81,121
cs50.harvard.edu,855,70,256
udemy.com,459,90,41
GitHub,418,83,69
Yahoo!,290,81,96
realpython.com,192,77,174
roadmap.sh,166,79,145
wiki.python.org,152,59,168
netacad.com,150,88,30
my.uopeople.edu,141,69,106
Ecosia,140,81,104
Youtube,109,75,124
pandas.pydata.org,102,94,5
Reddit,101,85,86
learn.zybooks.com,97,92,7
codecademy.com,94,85,78
pip.pypa.io,94,78,65
es.python.org,78,60,82
Perplexity,74,79,24
numpy.org,70,72,128
Qwant,69,81,134
qiita.com,69,79,50
code.visualstudio.com,64,88,66
discuss.python.org,62,81,92
lms.informatics.ru,60,58,235
doubao.com,57,78,58
codedex.io,52,76,117
packaging.python.org,51,77,80
peps.python.org,51,56,268
eecs485staff.github.io,47,72,193
docs.pytorch.org,45,98,6
fastapi.tiangolo.com,43,81,50
copilot.microsoft.com,41,78,141
scikit-learn.org,41,95,41
note.nkmk.me,40,90,82
openclassrooms.com,40,83,126
link.zhihu.com,39,77,216
lms.skillfactory.ru,36,63,136
pygame.org,36,89,31
docs.pydantic.dev,35,83,157
kivy.org,34,82,12
upgrad.com,33,76,118
Wikipedia,31,60,115
notebooks.githubusercontent.com,31,78,71
claude.ai,30,72,51
habr.com,30,93,3
discordpy.readthedocs.io,29,96,6
hackerrank.com,28,76,211
s3.eu-west-1.amazonaws.com,28,64,68
courses.edx.org,27,60,227
link.csdn.net,27,69,370
rephactor.com,27,72,70
flask.palletsprojects.com,26,69,51
langchain-ai.github.io,26,96,0
proxy.vocareum.com,25,84,83
360.cn,24,75,85
StackOverflow,24,65,158
medium.com,24,91,37
purdue-engr-13300.github.io,24,58,261
savanna.alxafrica.com,24,84,41
Microsoft Teams,23,87,112
edube.org,23,92,2
networkx.org,23,78,10
pypi.org,22,87,92
skillbox.ru,22,76,40
datahub.berkeley.edu,21,62,1103
huggingface.co,21,67,16
learn.microsoft.com,21,91,31
ecampus.esade.edu,20,45,181
intranet.hbtn.io,20,71,102
leetcode.com,20,90,19
Facebook,19,100,0
cursos.alura.com.br,18,78,97
emadmasroor.github.io,18,41,547
hiladental.co.il,18,63,633
open.jupyter.ubc.ca,18,94,61
pytest-mock.readthedocs.io,18,70,139
byui-cse.github.io,17,95,3
python.jp,17,71,13
learn.bu.edu,16,80,5
liaoxuefeng.com,16,81,86
quiz2025.csse.canterbury.ac.nz,16,26,401
ru.hexlet.io,16,76,53
sphinx-doc.org,16,44,146
docs.scrapy.org,15,88,238
elearn.epam.com,15,88,0
home-assistant.io,15,82,59
mastergroosha.github.io,15,94,12
open.uom.lk,15,81,10
LinkedIn,14,93,1
bth-python.github.io,14,44,126
canvas.uts.edu.au,14,79,3
freecodecamp.org,14,86,1
google.github.io,14,71,30
odoo.com,14,86,13
py4e.com,14,79,90
q.utoronto.ca,14,64,424
Amazon,13,64,3
learn.ucu.edu.ua,13,85,166
strftime.org,13,92,5
superfastpython.com,13,77,37
theforage.com,13,79,11
127.0.0.1,12,69,13
athena.alxafrica.com,12,100,0
developer.mozilla.org,12,50,386
docs.vllm.ai,12,93,8
learn.profession.ai,12,100,0
sky.pro,12,75,284
us.prairielearn.com,12,93,11
Vkontakte,11,75,34
courses.campus.gov.il,11,83,7
docs.astral.sh,11,90,4
docs.pytest.org,11,58,156
elearn.uef.fi,11,73,91
learn.hamk.fi,11,83,141
learnpython.org,11,73,93
metanit.com,11,82,19
openstax.org,11,64,133
airflow.apache.org,10,80,126
amuletmc.com,10,70,33
canvas.fsu.edu,10,75,310
confluence.ecmwf.int,10,80,16
cs.hmc.edu,10,45,509
doc.qt.io,10,60,1147
olympus.mygreatlearning.com,10,50,53
programiz.com,10,80,175
pytorch-geometric.readthedocs.io,10,100,0
softserve.academy,10,100,0
universityofmanitoba.desire2learn.com,10,60,6
anyio.readthedocs.io,9,67,35
brightspace.tudelft.nl,9,83,377
devopscube.com,9,78,83
docs.python-telegram-bot.org,9,67,299
ellibrodepython.com,9,91,8
gitlab-pages.ut.ee,9,90,114
intellipaat.webex.com,9,100,0
learn.srmonline.in,9,73,2
overleaf.com,9,100,0
python4data.becomingvisual.com,9,56,312
qna.habr.com,9,100,0
runestone.academy,9,89,38
runoob.com,9,67,80
w3schools.com,9,89,1
werkzeug.palletsprojects.com,9,78,4
Gmail,8,88,4
app.dataquest.io,8,50,14
brightspace.cuny.edu,8,50,60
community.home-assistant.io,8,100,0
docs.aiogram.dev,8,88,11
e3p.nycu.edu.tw,8,25,916
edu.mipt.ru,8,88,65
highlands.view.usg.edu,8,33,302
learn.nvidia.com,8,62,196
mltut.com,8,75,9
paiza.jp,8,88,552
pydoc.pages.taltech.ee,8,75,6
python.github.net.cn,8,43,86
steam.oxxostudio.tw,8,71,256
trix.ifi.uio.no,8,89,1
Telegram,7,71,415
academy.hackthebox.com,7,86,0
aiepvirtual.cl,7,43,505
bitcamp.ge,7,86,142
codemao.yuque.com,7,86,42
courses.grainger.illinois.edu,7,57,450
digitalocean.com,7,75,224
docs.pola.rs,7,100,0
dropbox.com,7,78,115
ee541.usc-ece.com,7,86,3
exercism.org,7,71,7
getcracked.io,7,86,307
jupyter.digitalskillsbern.ch,7,67,119
onlinecourses.nptel.ac.in,7,71,151
psycopg.org,7,67,219
py.mit.edu,7,100,0
pythoncheatsheet.org,7,71,9
textual.textualize.io,7,100,0
9508.cercom.com.ar,6,83,118
Instagram,6,100,0
academy.zerotomastery.io,6,100,0
cms.unir.net,6,67,104
codecademy-enterprise.percipio.com,6,83,3
datacamp.com,6,100,0
devguide.python.org,6,80,158
docs.blender.org,6,83,9
docs.circuitpython.org,6,83,118
docs.sqlalchemy.org,6,86,3
docs.telethon.dev,6,50,29
enki,6,67,154
kkb-production.jupyter-proxy.kaggle.net,6,100,0
lwn.net,6,83,1
namu.wiki,6,17,145
notion.so,6,71,138
pillow.readthedocs.io,6,100,0
presencial.aulasuniminuto.edu.co,6,100,0
pwn.college,6,83,115
pyformat.info,6,100,0
scikit-image.org,6,83,1
statsmodels.org,6,100,0
thao-nguyen-ai.github.io,6,67,285
utokyo-ipp.github.io,6,83,2
websockets.readthedocs.io,6,14,333
wikidocs.net,6,100,0
yuanbao.tencent.com,6,67,148
atcoder.jp,5,100,0
automatetheboringstuff.com,5,100,0
betterstack.com,5,100,0
blog.csdn.net,5,60,106
byhy.net,5,80,203
canvas.rice.edu,5,100,0
cdn.evg.gov.br,5,100,0
conteudo.colaboraread.com.br,5,60,100
cs111.byu.edu,5,100,0
cueods.github.io,5,60,71
discuss.streamlit.io,5,100,0
docs.pwntools.com,5,67,24
ecursos.claseejecutiva.cl,5,80,30
forums.raspberrypi.com,5,40,119
fundamentos-rw.com.ar,5,60,159
gerrit.googlesource.com,5,0,458
go.skillbox.ru,5,43,364
hz.haokeyouxuanedu.com,5,80,2
jupyterlabnext-1-labs-prod-jupyterlab-us-east-0.labs.cognitiveclass.ai,5,100,0
jupyterlabnext-2-labs-prod-jupyterlab-us-east-0.labs.cognitiveclass.ai,5,100,0
learn-2.galvanize.com,5,67,73
learn.kodland.org,5,80,213
learn.xamk.fi,5,78,193
learning.ccbp.in,5,80,4
lnt.xmu.edu.cn,5,60,180
mclibre.org,5,75,386
microsoft.github.io,5,80,73
moodle-sciences-25.sorbonne-universite.fr,5,60,14
moodle.umontpellier.fr,5,50,159
my.sky.pro,5,100,0
nhh.instructure.com,5,80,125
on.fiap.com.br,5,67,171
psu.instructure.com,5,100,0
pycode.ru,5,75,5
python-forum.io,5,60,61
python.it,5,80,25
pythonbuch.com,5,100,0
pythonguis.com,5,80,12
selenium-python.readthedocs.io,5,100,0
techradar.com,5,50,25
telegra.ph,5,100,0
uneex.ru,5,40,391
uvm.edu,5,80,291
Coccoc,4,75,10
Exinfluencer,4,100,0
Hacker News,4,100,0
Sogou,4,25,473
allendowney.github.io,4,100,0
appro.mit.jyu.fi,4,71,106
austinhenley.com,4,100,0
bizweb-jp001.wowtalkapi.com,4,75,892
cdn.cs50.net,4,80,0
cgp-oex.wgu.edu,4,25,1556
cheatsheetseries.owasp.org,4,100,0
code.min.uni-hamburg.de,4,75,595
codeit.kr,4,100,0
codeup.kr,4,100,0
comp.nus.edu.sg,4,50,523
courses.cis.cornell.edu,4,60,403
courses.skillindiadigital.gov.in,4,100,0
cursos.udv.edu.gt,4,100,0
dnmtechs.com,4,25,366
docs.aiohttp.org,4,75,134
docs.ansible.com,4,100,0
docs.dissect.tools,4,100,0
docs.marimo.io,4,75,400
docs.rs,4,27,1814
edu.hse.ru,4,100,0
frankpablo.github.io,4,0,918
fsg-pax-p-jhn01.pax.ulaval.ca,4,100,0
glglwebp01.glg.miamioh.edu,4,50,166
inference.roboflow.com,4,67,314
inferentialthinking.com,4,100,0
isaac-sim.github.io,4,100,0
isg.suss.edu.sg,4,100,0
jakevdp.github.io,4,50,110
jinja.palletsprojects.com,4,75,556
kennesaw.view.usg.edu,4,100,0
learn.upgrad.com,4,75,393
learnku.com,4,50,229
luminaedu.com,4,25,103
manual.calibre-ebook.com,4,75,2
mne.tools,4,100,0
moodle.ensta-bretagne.fr,4,50,345
moodle.polymtl.ca,4,75,576
mycourses2.mcgill.ca,4,50,11
notebooks.latis.umn.edu,4,75,10
