name,visitors
Lombardy,43
Lazio,28
Campania,16
Emilia-Romagna,14
Veneto,13
Piedmont,10
Tuscany,8
Apulia,6
Yerevan,4
Liguria,4
Sicily,4
Marche,3
Telangāna,2
Saint John,1
Tirana County,1
São Paulo,1
Ontario,1
Solothurn,1
Ticino,1
Vaud,1
Hunan,1
Jiangsu,1
Baden-Württemberg,1
Andalusia,1
Madrid Autonomous Community,1
Basque Country,1
Île-de-France,1
England,1
Northern,1
Maharashtra,1
Aosta Valley,1
Friuli–Venezia Giulia,1
Umbria,1
Abruzzo,1
Tokyo,1
Aichi,1
Vilnius County,1
Bucharest,1
Kaliningrad,1
Moscow Province,1
Tunis,1
Kyiv,1
Texas,1
