name,visitors
Hong Kong,139
Tokyo,125
Singapore,77
Beijing,70
Guangzhou,50
New York City,48
London,46
Bengaluru,45
Frankfurt am Main,42
Los Angeles,42
Chennai,41
Moscow,37
Shenzhen,35
Shanghai,31
Chengdu,30
Chicago,30
Munich,29
Paris,27
Hyderabad,26
San Jose,25
Mumbai,24
Xi’an,23
Toronto,23
Saint Petersburg,22
Taipei,22
Amsterdam,22
Madrid,22
Kyiv,19
Osaka,19
Ashburn,19
Hangzhou,18
Warsaw,17
Guiyang,17
Sydney,17
Pune,16
Nanjing,16
Melbourne,15
Nairobi,14
São Paulo,14
Lima,14
Seattle,14
Jakarta,13
N/A,13
N/A,13
Reston,13
Belgrade,12
Zürich,12
Stockholm,12
Milan,12
Atlanta,12
Samara,11
Ho Chi Minh City,11
Bangkok,11
Jinan,11
Brisbane,11
Stuttgart,11
Marseille,11
Prague,11
Santiago,11
San Diego,11
Helsinki,10
Lviv,10
Ahmedabad,10
Kaohsiung,10
Dallas,10
Tel Aviv,9
New Delhi,9
Yekaterinburg,9
Hanoi,9
Nagoya,9
Berlin,9
Rome,9
Austin,9
San Francisco,9
Kitchener,9
Vancouver,9
N/A,9
Delhi,8
Zhengzhou,8
Xiamen,8
Tianjin,8
Seoul,8
Iwakuni,8
Lagos,8
Vienna,8
Hamburg,8
Kraków,8
Oslo,8
Phoenix,8
Boardman,8
Montréal,8
N/A,8
Ufa,7
Minsk,7
Bucharest,7
Vijayawada,7
Novosibirsk,7
Taichung,7
Kuala Lumpur,7
Hefei,7
N/A,7
Cambridge,7
Bogotá,7
Jerusalem,6
Dubai,6
Pretoria,6
Patna,6
Tashkent,6
Almaty,6
Manila,6
Qingdao,6
Suzhou,6
Wandsworth,6
Budapest,6
Brasília,6
Miami,6
Knoxville,6
Portland,6
Riyadh,5
Tirupati,5
Shillong,5
Tyumen,5
Taoyuan,5
Xiaogan,5
Wuhan,5
Fuzhou,5
Atsugi,5
Hirakata,5
Seongnam-si,5
Lisbon,5
Marrakesh,5
Copenhagen,5
Reading,5
Manchester,5
Lausanne,5
Karlsruhe,5
Düsseldorf,5
Dresden,5
Barcelona,5
Ecatepec de Morelos,5
Mexico City,5
Indianapolis,5
Houston,5
San Antonio,5
Boston,5
Minneapolis,5
The Bronx,5
Santa Clara,5
Calgary,5
Noida,5
Kampala,4
Cairo,4
Riga,4
Tambov,4
Kaliningrad,4
Baku,4
Mykolayiv,4
Dnipro,4
Istanbul,4
Visakhapatnam,4
Ghāziābād,4
Kolkata,4
Pingtung,4
N/A,4
Wenzhou,4
Nanchang,4
Chongqing,4
Changsha,4
Tsuen Wan,4
N/A,4
Kyoto,4
Yaoundé,4
Accra,4
Casablanca,4
Brent,4
Uppsala,4
Rotterdam,4
Mijnsheerenland,4
Brussels,4
Memmingen,4
Darmstadt,4
Rennes,4
Wrocław,4
Poznań,4
Gdańsk,4
Trondheim,4
N/A,4
N/A,4
Curitiba,4
Medellín,4
Bucaramanga,4
La Paz,4
Columbus,4
Jersey City,4
Pittsburgh,4
Fullerton,4
Denver,4
Beaverton,4
Cambridge,4
N/A,4
Mohali,4
N/A,4
N/A,4
N/A,4
Athens,3
H̱olon,3
Ankara,3
Addis Ababa,3
Perm,3
Nizhniy Novgorod,3
Chisinau,3
Vyshneve,3
Rivne,3
Sofia,3
Rawalpindi,3
Dhaka,3
Colombo,3
Thiruvananthapuram,3
Gurgaon,3
Dehra Dūn,3
Chandīgarh,3
Yangon,3
Chelyabinsk,3
Nur-Sultan,3
Bishkek,3
Surabaya,3
Tainan,3
Yilan,3
Hsinchu,3
Zhubei,3
Chang-hua,3
Wuhu,3
Taiyuan,3
Quanzhou,3
Liaocheng,3
Phnom Penh,3
Suwon,3
N/A,3
Yokohama,3
Ōtsu,3
Auckland,3
Dakar,3
Port Harcourt,3
Cotonou,3
Valencia,3
Genève,3
Porto,3
Naaldwijk,3
Enschede,3
Graz,3
Lübeck,3
Köln,3
Falkenstein,3
Dublin,3
Lille,3
Colombes,3
Ostrava,3
Łódź,3
Zaragoza,3
Turin,3
Naples,3
Natal,3
Fortaleza,3
Rio de Janeiro,3
Brusque,3
Havana,3
San José,3
Cali,3
Barranquilla,3
Santiago de Querétaro,3
Washington,3
Columbia,3
Greenbelt,3
Kansas City,3
Durham,3
Philadelphia,3
Lancaster,3
Plano,3
Arlington,3
Ann Arbor,3
Bloomingdale,3
Piscataway,3
Oakland,3
Guelph,3
N/A,3
N/A,3
Benghazi,2
Najaf,2
Jeddah,2
Tabriz,2
Nicosia,2
Amman,2
Volos,2
Argostólion,2
Modi‘in Makkabbim Re‘ut,2
Doha,2
Abu Dhabi,2
Rishon LeẔiyyon,2
Qiryat Moẕqin,2
Kuşadası,2
