name,visitors
Istanbul,25
Singapore,15
Ankara,13
Shenzhen,7
İzmir,4
Wuxi,4
Dalian,4
Nicosia,3
Mersin,3
Manisa,3
Antalya,3
Bursa,3
Warsaw,3
Tashkent,3
Beijing,3
Çankaya,3
Van,2
Kayseri,2
Elazığ,2
Bodrum,2
Afyonkarahisar,2
Adana,2
Körfez,2
Zhenjiang,2
Wuhan,2
Jiangmen,2
Hangzhou,2
Guangzhou,2
Suzhou,2
Naaldwijk,2
Poznań,2
The Dalles,2
Nevşehir,1
Konya,1
Kırşehir,1
Denizli,1
Burdur,1
Buca,1
Tekirdağ,1
İnegol,1
Çerkezköy,1
Çayeli,1
Lucknow,1
Haiphong,1
N/A,1
Tianjin,1
Suzhou,1
Quanzhou,1
Ningbo,1
Loudi,1
Jiaxing,1
Chengdu,1
Baoding,1
Hong Kong,1
Cheonan,1
Amsterdam,1
Frankfurt am Main,1
Essen,1
Düsseldorf,1
Czerwionka-Leszczyny,1
São Paulo,1
N/A,1
