name,version,visitors
Chrome,134.0,1398
Firefox,136.0,442
Microsoft Edge,134.0,390
Firefox,128.0,167
Safari,18.3,162
Chrome,133.0,92
Mobile App,134.0,84
Opera,117.0,58
Firefox,115.0,41
Firefox,135.0,38
Chrome,132.0,32
Chrome,131.0,24
Microsoft Edge,132.0,24
Safari,17.6,24
Microsoft Edge,133.0,21
Chrome,130.0,17
Chrome,109.0,16
Mobile App,(not set),15
Samsung Browser,27.0,15
Safari,16.6,11
Chrome,119.0,10
Chrome,129.0,10
Safari,18.1,10
Chrome,126.0,9
Firefox,133.0,9
Safari,15.6,9
Safari,18.0,9
Chrome,122.0,8
Firefox,130.0,8
Safari,18.2,8
Chrome,128.0,7
Firefox,137.0,7
Safari,18.4,7
Chrome,120.0,6
Firefox,127.0,6
Ecosia,129.0,6
Chrome,103.0,5
Firefox,113.0,5
Chrome,116.0,5
Chrome,123.0,5
Microsoft Edge,130.0,5
Microsoft Edge,131.0,5
Firefox,134.0,5
Safari,17.5,5
Chrome,117.0,4
Firefox,126.0,4
Firefox,132.0,4
Safari,16.5,4
Safari,17.4,4
Firefox,78.0,4
Firefox,91.0,4
(not set),(not set),3
Ecosia,10.6,3
Firefox,102.0,3
Microsoft Edge,111.0,3
Avast Secure Browser,132.0,3
Chrome,135.0,3
Safari,17.0,3
Chrome,106.0,2
Opera,111.0,2
Opera,116.0,2
Chrome,118.0,2
Chrome,124.0,2
Firefox,124.0,2
Firefox,125.0,2
Microsoft Edge,128.0,2
Microsoft Edge,129.0,2
Safari,13.1,2
Mobile App,133.0,2
Safari,16.1,2
Safari,17.7,2
Safari,(not set),1
Android Browser,(not set),1
Safari,10.0,1
Firefox,103.0,1
Chrome,108.0,1
Microsoft Edge,108.0,1
Microsoft Edge,109.0,1
Firefox,109.0,1
Firefox,112.0,1
Firefox,114.0,1
Chrome,114.0,1
Chrome,115.0,1
Firefox,116.0,1
Firefox,117.0,1
Opera,118.0,1
Ecosia,119.0,1
Safari,12.1,1
Firefox,120.0,1
Chrome,121.0,1
Mobile App,122.0,1
Firefox,122.0,1
Ecosia,123.0,1
Microsoft Edge,124.0,1
Chrome,125.0,1
Mobile App,128.0,1
Firefox,129.0,1
Firefox,131.0,1
Mobile App,132.0,1
Norton Private Browser,132.0,1
Microsoft Edge,135.0,1
Chrome,136.0,1
Firefox,138.0,1
Safari,14.1,1
MIUI Browser,14.31,1
Safari,15.1,1
Safari,15.3,1
Samsung Browser,16.2,1
Safari,16.2,1
Safari,16.4,1
Safari,17.1,1
Safari,17.2,1
Safari,17.8,1
Opera GX,2.7,1
Samsung Browser,28.0,1
Kindle Browser,3.0,1
Whale Browser,3.27,1
Pale Moon,33.6,1
Chrome,48.0,1
Chrome,59.0,1
Chrome,75.0,1
Chrome,80.0,1
Chrome,88.0,1
Mobile App,88.0,1
Firefox,88.0,1
Chrome,92.0,1
Firefox,93.0,1
Opera,95.0,1
