name,unique_exits,total_exits,exit_rate
/fr/3/tutorial/,166,172,
/fr/3.13/tutorial/index.html,91,95,
/fr/3/tutorial/datastructures.html,57,62,
/fr/3.13/library/tkinter.html,44,44,
/fr/3.13/tutorial/classes.html,40,41,
/fr/3/library/json.html,36,36,
/fr/3/library/csv.html,35,37,
/fr/dev/installing/index.html,34,36,
/fr/3/tutorial/interpreter.html,33,36,
/fr/3.13/tutorial/interpreter.html,32,34,
/fr/3.13/tutorial/datastructures.html,30,30,
/fr/3/howto/regex.html,29,30,
/fr/3.13/library/datetime.html,27,27,
/fr/3/library/enum.html,27,27,
/fr/3/tutorial/index.html,27,28,
/fr/3/tutorial/appetite.html,26,26,
/fr/3/tutorial/venv.html,26,26,
/fr/3.13/tutorial/errors.html,24,24,
/fr/3.13/tutorial/introduction.html,24,26,
/3/,23,25,
/fr/3.13/search.html,23,26,
/fr/3/tutorial/introduction.html,23,23,
/fr/3/,22,22,
/fr/3/tutorial/controlflow.html,22,25,
/fr/3/tutorial/errors.html,22,23,
/fr/3.13/library/turtle.html,21,21,
/fr/3/library/__main__.html,21,21,
/fr/3/library/math.html,21,21,
/fr/3.13/library/functions.html,20,22,
/fr/3.13/tutorial/controlflow.html,20,21,
/fr/3.13/using/windows.html,18,20,
/fr/3/tutorial/inputoutput.html,18,18,
/fr/3.13/howto/sorting.html,17,18,
/3/library/stdtypes.html,16,18,
/fr/3.13/,16,16,
/fr/3.13/library/re.html,15,15,
/fr/3.13/reference/import.html,15,15,
/fr/3.13/tutorial/appetite.html,14,15,
/fr/3/howto/logging.html,14,14,
/fr/3/library/index.html,14,14,
/fr/3/library/string.html,14,14,
/fr/3/library/stdtypes.html,13,14,
/fr/3/using/cmdline.html,13,13,
/fr/3.13/library/idle.html,12,12,
/fr/3.13/library/os.html,12,14,
/fr/3/library/functions.html,12,14,
/fr/3.13/library/stdtypes.html,11,11,
/fr/3/library/random.html,11,11,
/fr/3/library/statistics.html,11,12,
/fr/3/library/turtle.html,11,11,
/fr/3.13/howto/argparse.html,10,11,
/fr/3.13/library/math.html,10,10,
/fr/3/library/datetime.html,10,11,
/fr/3/search.html,10,11,
/fr/3/tutorial/classes.html,10,10,
/3/library/re.html,9,9,
/fr/3.13/faq/windows.html,9,9,
/fr/3.13/library/subprocess.html,9,9,
/fr/3.13/tutorial/modules.html,9,10,
/fr/3/library/glob.html,9,9,
/fr/3/library/sys.html,9,9,
/fr/dev/library/xml.etree.elementtree.html,9,9,
/fr/3.13/glossary.html,8,8,
/fr/3.13/howto/enum.html,8,8,
/fr/3.13/library/pathlib.html,8,8,
/fr/3.13/library/random.html,8,8,
/fr/3.13/library/tkinter.ttk.html,8,8,
/fr/3/howto/sorting.html,8,8,
/fr/3.13/howto/sockets.html,7,7,
/fr/3.13/library/base64.html,7,7,
/fr/3.13/library/pprint.html,7,7,
/fr/3/library/exceptions.html,7,7,
/fr/3/library/queue.html,7,8,
/fr/dev/reference/compound_stmts.html,7,7,
/3.13/tutorial/index.html,6,6,
/fr/3.13/library/collections.html,6,6,
/fr/3.13/library/index.html,6,9,
/fr/3.13/library/xml.etree.elementtree.html,6,9,
/fr/3.13/reference/datamodel.html,6,6,
/fr/3/library/tkinter.html,6,6,
/fr/3/library/unicodedata.html,6,6,
/3/library/csv.html,5,5,
/3/library/functions.html,5,5,
/3/library/tkinter.html,5,5,
/fr/3.13/installing/index.html,5,5,
/fr/3.13/library/asyncio-task.html,5,5,
/fr/3.13/library/copy.html,5,5,
/fr/3.13/library/operator.html,5,5,
/fr/3.13/library/time.html,5,5,
/fr/3.13/library/timeit.html,5,6,
/fr/3.13/using/unix.html,5,5,
/fr/3/installing/index.html,5,6,
/fr/3/library/multiprocessing.html,5,5,
/fr/3/library/operator.html,5,5,
/fr/3/library/pydoc.html,5,5,
/fr/3/library/re.html,5,7,
/fr/3/library/venv.html,5,5,
/3/library/datetime.html,4,4,
/3/library/os.html,4,4,
/3/library/string.html,4,4,
