name,unique_entrances,total_entrances,visit_duration
/pl/3/tutorial/datastructures.html,43,45,53
/pl/dev/library/turtle.html,25,25,48
/pl/3/tutorial/index.html,22,22,61
/pl/3/installing/index.html,12,12,0
/pl/3/tutorial/modules.html,12,12,265
/3/,11,11,719
/pl/dev/tutorial/classes.html,11,11,0
/3/tutorial/index.html,10,10,381
/pl/3/,10,10,342
/pl/3/tutorial/classes.html,8,8,160
/pl/3/tutorial/inputoutput.html,8,8,12
/pl/3.13/tutorial/index.html,7,7,10
/pl/3/tutorial/controlflow.html,7,9,12
/pl/dev/tutorial/datastructures.html,7,7,12
/pl/dev/tutorial/inputoutput.html,7,7,0
/3.13/tutorial/index.html,6,6,69
/pl/3/library/array.html,6,6,111
/pl/3/library/functions.html,6,7,0
/pl/3/tutorial/interpreter.html,6,7,110
/pl/3/tutorial/appetite.html,5,5,291
/pl/3/tutorial/errors.html,5,5,172
/pl/3/tutorial/venv.html,5,5,71
/3/library/turtle.html,4,4,14
/pl/3.13/,4,4,207
/pl/3.13/tutorial/introduction.html,4,4,375
/pl/3/tutorial/introduction.html,4,4,44
/3/library/functions.html,3,3,444
/3/tutorial/,3,3,401
/pl/3.13/tutorial/controlflow.html,3,3,0
/pl/3.13/tutorial/datastructures.html,3,3,130
/pl/3/library/index.html,3,3,212
/pl/3/search.html,3,3,2
/3.13/,2,2,3043
/3/library/asyncio-runner.html,2,2,11
/3/library/stdtypes.html,2,2,25
/3/search.html,2,2,276
/es/3/tutorial/,2,2,776
/pl/3.12/installing/index.html,2,2,0
/pl/3.13/library/turtle.html,2,2,0
/pl/3.13/tutorial/errors.html,2,3,0
/pl/3.13/tutorial/inputoutput.html,2,2,4
/pl/3.13/tutorial/modules.html,2,2,2472
/pl/3/contents.html,2,2,49
/pl/3/extending/extending.html,2,2,0
/pl/3/tutorial/,2,2,10
/pl/3/whatsnew/3.11.html,2,2,0
/pl/dev/using/editors.html,2,2,0
/3.12/library/,1,1,17
/3.12/reference/index.html,1,1,44
/3.12/reference/introduction.html,1,1,3
/3.13/index.html,1,1,79
/3.13/tutorial/introduction.html,1,1,72
/3.14/library/functions.html,1,1,141
/3/index.html,1,1,185
/3/library/,1,1,12
/3/library/datetime.html,1,1,112
/3/library/difflib.html,1,1,59
/3/library/idle.html,1,1,800
/3/library/itertools.html,1,1,573
/3/library/math.html,1,1,894
/3/library/os.path.html,1,1,290
/3/library/pathlib.html,1,1,1116
/3/library/sqlite3.html,1,1,12
/3/library/struct.html,1,1,131
/3/library/time.html,1,1,61
/3/tutorial/controlflow.html,1,1,2825
/3/tutorial/datastructures.html,1,1,274
/3/tutorial/introduction.html,1,1,204
/3/tutorial/modules.html,1,1,62
/3/using/android.html,1,1,2
/fr/3.13/library/difflib.html,1,1,0
/ko/3.13/library/collections.html,1,1,1316
/pl/3.12/,1,1,0
/pl/3.12/download.html,1,1,0
/pl/3.12/library/stdtypes.html,1,1,1965
/pl/3.12/reference/expressions.html,1,1,3
/pl/3.12/reference/lexical_analysis.html,1,1,12
/pl/3.12/tutorial/classes.html,1,1,9
/pl/3.12/tutorial/errors.html,1,1,5
/pl/3.13/glossary.html,1,1,14
/pl/3.13/howto/index.html,1,1,4
/pl/3.13/index.html,1,1,10
/pl/3.13/installing/index.html,1,1,0
/pl/3.13/library/wave.html,1,1,0
/pl/3.13/reference/lexical_analysis.html,1,1,0
/pl/3.13/tutorial/,1,1,0
/pl/3.13/tutorial/classes.html,1,1,41
/pl/3.13/tutorial/interpreter.html,1,1,0
/pl/3.13/using/windows.html,1,1,0
/pl/3.14/library/turtle.html,1,1,365
/pl/3/library/abc.html,1,1,0
/pl/3/library/idle.html,1,1,41
/pl/3/reference/index.html,1,1,0
/pl/3/whatsnew/3.13.html,1,1,0
/pl/dev/library/builtins.html,1,1,49
/pl/dev/library/constants.html,1,1,36
/pl/dev/library/csv.html,1,1,0
/pl/dev/library/functions.html,1,1,0
/pl/dev/library/subprocess.html,1,1,0
/pl/dev/tutorial/controlflow.html,1,1,0
/pl/dev/tutorial/introduction.html,1,1,0
