name,version,visitors
Windows,10,3870
Mac,10.15,895
Windows,XP,248
Mac,10.13,150
Android,10,146
GNU/Linux,(not set),135
iOS,18.7,129
iOS,18.6,97
Android,14,55
Android,15,49
Ubuntu,(not set),36
Chrome OS,14541.0,34
Android,12,31
Android,13,29
HarmonyOS,3.0,28
iOS,26.1,26
Android,16,25
iOS,26.2,17
Windows,7,17
Android,11,15
iOS,16.7,14
iOS,18.5,12
HarmonyOS,2.2,11
HarmonyOS,(not set),10
Android,9,4
(not set),(not set),3
iOS,15.8,3
iOS,16.1,3
iOS,17.6,3
iOS,18.3,3
Android,8.1,3
iPadOS,17.4,2
iOS,17.5,2
iOS,18.4,2
iOS,26.0,2
Fire OS,8,2
Mac,10.11,1
iOS,14.4,1
iPadOS,14.4,1
iOS,15.2,1
iOS,15.6,1
iPadOS,16.3,1
iOS,16.6,1
iPadOS,16.7,1
iOS,17.1,1
iOS,17.2,1
iPadOS,17.6,1
iOS,18.2,1
iOS,26.3,1
Windows,8.1,1
