name,unique_exits,total_exits,exit_rate
/ja/3.13/c-api/capsule.html,765,780,
/ja/3/library/codecs.html,441,454,
/ja/3/bugs.html,298,305,
/ko/dev/c-api/marshal.html,179,179,
/ja/3/,141,158,
/ja/3.13/library/re.html,139,141,
/ja/3.13/tutorial/,119,124,
/ja/3.13/library/functions.html,113,117,
/ja/3.13/library/logging.html,105,106,
/ja/3/library/stdtypes.html,105,115,
/ja/3/library/functions.html,100,103,
/ja/3/tutorial/,95,102,
/ja/3.13/library/pathlib.html,94,95,
/ja/3.13/library/index.html,88,97,
/ja/3/library/index.html,88,95,
/ja/3.13/library/datetime.html,85,90,
/ja/3.13/library/stdtypes.html,78,82,
/ja/3.13/library/subprocess.html,77,78,
/ja/3/c-api/import.html,77,77,
/ja/3.13/library/typing.html,75,76,
/ja/3/tutorial/index.html,65,75,
/ja/3.13/library/exceptions.html,59,58,
/ja/3.13/tutorial/interpreter.html,57,59,
/ja/3.13/library/random.html,55,57,
/ja/3/library/datetime.html,55,56,
/ja/3.13/library/csv.html,52,53,
/ja/3.13/library/argparse.html,50,51,
/ja/3.13/tutorial/inputoutput.html,46,48,
/ja/3.13/library/json.html,45,47,
/ja/3.13/library/os.path.html,45,46,
/ja/3/tutorial/controlflow.html,43,47,
/ja/3/tutorial/datastructures.html,43,44,
/ja/3/tutorial/interpreter.html,43,45,
/ja/3.13/library/os.html,42,43,
/ja/3.13/library/sqlite3.html,42,43,
/ja/3.13/library/string.html,42,43,
/ja/3.13/library/multiprocessing.html,41,43,
/ja/3/tutorial/introduction.html,41,49,
/ja/3.13/library/enum.html,40,40,
/ja/3.13/library/threading.html,40,43,
/ja/3.13/library/tkinter.html,39,42,
/ja/3.13/tutorial/errors.html,38,39,
/ja/3.13/tutorial/index.html,37,40,
/ja/3.13/library/tempfile.html,36,39,
/ja/3/library/venv.html,36,37,
/ja/3.13/library/time.html,35,38,
/ja/3/search.html,35,37,
/ja/3.13/howto/sorting.html,34,35,
/ja/3.13/using/windows.html,33,33,
/ja/3/library/xml.etree.elementtree.html,33,35,
/ja/3.13/library/struct.html,29,29,
/ja/3.13/tutorial/controlflow.html,29,28,
/ja/3/library/re.html,29,33,
/ja/3.13/library/unittest.mock.html,28,33,
/ja/3.13/tutorial/classes.html,28,28,
/3/,27,27,
/ja/3.13/library/concurrent.futures.html,27,27,
/ja/3.13/library/math.html,27,27,
/ja/3.13/library/venv.html,27,28,
/ja/3.13/reference/index.html,27,28,
/ja/3.13/library/socket.html,26,28,
/ja/3/using/windows.html,26,26,
/ja/3.13/library/configparser.html,25,25,
/ja/3.13/installing/index.html,24,24,
/ja/3.13/library/io.html,24,25,
/ja/3.13/library/shutil.html,24,26,
/ja/3/tutorial/appetite.html,24,24,
/ja/3.13/,23,24,
/ja/3.13/search.html,23,23,
/ja/3/glossary.html,23,30,
/ja/3.13/library/asyncio-task.html,22,22,
/ja/3.13/library/glob.html,22,23,
/ja/3.13/library/queue.html,22,23,
/ja/3.13/library/sys.html,22,22,
/ja/3.13/tutorial/appetite.html,22,22,
/ja/3.13/tutorial/introduction.html,22,22,
/ja/3.13/library/ctypes.html,21,22,
/ja/3.13/library/functools.html,21,21,
/ja/3.13/library/itertools.html,21,21,
/ja/3.13/tutorial/modules.html,21,22,
/ja/3.13/library/dataclasses.html,20,20,
/ja/3.13/reference/datamodel.html,20,19,
/ja/3/library/exceptions.html,20,20,
/ja/3/library/math.html,20,20,
/ja/3/reference/index.html,20,21,
/ja/3.13/extending/extending.html,19,19,
/ja/3.13/library/idle.html,19,19,
/ja/3.13/library/pickle.html,19,20,
/ja/dev/tutorial/errors.html,19,19,
/ja/3.13/glossary.html,18,19,
/ja/3/library/random.html,18,18,
/ja/3.13/library/codecs.html,17,17,
/ja/3.13/library/unittest.html,17,19,
/ja/3.13/whatsnew/index.html,17,17,
/ja/3/library/os.html,17,17,
/ja/3.13/library/difflib.html,16,16,
/ja/3.13/library/logging.handlers.html,16,16,
/ja/3.13/library/zipfile.html,16,15,
/ja/3/howto/logging-cookbook.html,16,16,
/ja/3/library/logging.html,16,17,
