name,visitors
United States,4536
China,2399
India,2193
Germany,1313
Russian Federation,1221
United Kingdom,1067
Japan,923
Brazil,777
France,723
South Korea,566
Canada,545
Hong Kong,540
Netherlands,449
Spain,371
Poland,365
Australia,341
Singapore,337
Italy,334
Taiwan,330
Vietnam,289
Mexico,268
Ukraine,254
Israel,241
Turkey,224
Switzerland,219
Indonesia,219
Colombia,205
Sweden,192
Pakistan,145
Czechia,140
Thailand,139
Finland,134
Egypt,132
Argentina,122
Austria,121
Chile,117
Belgium,113
Philippines,113
Denmark,110
Peru,110
Ireland,99
Romania,92
Nigeria,88
Norway,82
Portugal,82
Malaysia,74
Uzbekistan,68
South Africa,66
United Arab Emirates,64
Saudi Arabia,59
Morocco,55
Kazakhstan,54
New Zealand,53
Iran,51
Kenya,50
Belarus,49
Greece,49
Hungary,49
Lithuania,45
Bangladesh,44
Ecuador,41
Serbia,37
Algeria,35
Ethiopia,34
Nepal,34
Slovakia,34
Bulgaria,32
Sri Lanka,31
Bolivia,29
Croatia,29
Ghana,26
Costa Rica,25
Cambodia,25
Venezuela,25
Latvia,24
Tunisia,24
Myanmar,23
Georgia,22
Slovenia,22
Armenia,18
Iraq,18
Azerbaijan,16
Cyprus,14
Jordan,14
Dominican Republic,13
Estonia,13
Honduras,13
Luxembourg,13
Uruguay,13
Côte d'Ivoire,12
Guatemala,12
Uganda,11
Kyrgyzstan,10
Moldova,10
Tanzania,9
Oman,8
Tajikistan,8
Yemen,8
Zimbabwe,8
Panama,7
Senegal,7
Montenegro,6
Paraguay,6
Rwanda,6
Afghanistan,5
Burkina Faso,5
Bahrain,5
Burundi,5
Benin,5
"Congo, The Democratic Republic of the",5
Lebanon,5
Libya,5
Madagascar,5
Maldives,5
"Palestine, State of",5
Qatar,5
El Salvador,5
Angola,4
Bosnia and Herzegovina,4
Cameroon,4
North Macedonia,4
Mauritania,4
Malawi,4
Kuwait,3
Laos,3
Mongolia,3
Macao,3
Malta,3
Puerto Rico,3
Seychelles,3
Syria,3
Kosovo,3
Andorra,2
Belize,2
Cuba,2
Gabon,2
Iceland,2
Lesotho,2
Martinique,2
Mauritius,2
Nicaragua,2
Réunion,2
Sudan,2
Trinidad and Tobago,2
Albania,1
Aruba,1
Brunei Darussalam,1
Bhutan,1
Curaçao,1
Dominica,1
Guinea,1
Jamaica,1
Mali,1
Mozambique,1
Namibia,1
Somalia,1
Turks and Caicos Islands,1
Chad,1
Togo,1
Timor-Leste,1
Zambia,1
