name,visitors
Madrid Autonomous Community,205
Capital District,204
Ciudad de Mexico,178
Santiago Metropolitan,176
Buenos Aires Province,175
Lima,169
Catalonia,125
Mexico State,95
Antioquia,90
Andalusia,83
Valencian Community,70
Buenos Aires,66
Jalisco,54
Guayas,52
Valle del Cauca,46
Guatemala,39
Pichincha,38
Lima Region,38
Córdoba,34
Nuevo León,34
Basque Country,32
San José,31
San Salvador,30
Atlántico,29
Canary Islands,28
Galicia,26
Capital,26
Cundinamarca,25
Puebla,25
La Paz,24
Querétaro,24
Montevideo,24
Santa Fe,23
Baja California,22
Guanajuato,22
Panamá,22
Valparaíso,20
Santander,19
Sinaloa,19
Tabasco,19
Tamaulipas,19
Yucatán,19
Managua,19
Salta,18
Santa Cruz,18
Balearic Islands,18
Veracruz,18
Arequipa,18
Cochabamba,17
Manabí,17
Bío Bío,16
Michoacán,16
Distrito Nacional,15
Castile-La Mancha,15
Murcia Region,15
Chihuahua,15
Havana,14
Aragon,14
Hidalgo,14
Tucumán,13
Magdalena,13
Castile and León,12
Texas,12
Chaco,11
Bolívar,11
Cortés,11
Asunción,11
California,11
Risaralda,10
Santo Domingo,10
Aguascalientes,10
Florida,10
Quintana Roo,9
Mendoza,8
Araucanía,8
Extremadura,8
Sonora,8
Ica,8
New York,8
Miranda,8
Zulia,8
San Luis,7
Misiones,7
Boyacá,7
Santiago,7
Asturias,7
Morelos,7
Tlaxcala,7
Entre Ríos,6
Formosa,6
Chubut,6
Quindío,6
Tolima,6
Azuay,6
Cantabria,6
Navarra Chartered Community,6
Francisco Morazán,6
Chiapas,6
Zacatecas,6
Anzoátegui,6
Corrientes,5
Santa Cruz,5
Antofagasta,5
Coquimbo,5
Los Ríos,5
Meta,5
Berlin,5
Orellana,5
Coahuila,5
Colima,5
Oaxaca,5
Central,5
Illinois,5
Carabobo,5
Lara,5
Mérida,5
La Rioja,4
Santiago del Estero,4
Libertador General Bernardo O'Higgins,4
Santo Domingo de los Tsáchilas,4
Guerrero,4
San Luis Potosí,4
Cajamarca,4
La Libertad,4
Lambayeque,4
Piura,4
Alto Paraná,4
Arizona,4
Georgia,4
Virginia,4
Maldonado,4
Jujuy,3
Los Lagos,3
Cesar,3
Córdoba,3
Nariño,3
Hesse,3
La Vega,3
El Oro,3
Île-de-France,3
Campeche,3
Nayarit,3
Cusco,3
San Martín,3
Lisbon,3
Michigan,3
Ohio,3
Aragua,3
San Juan,2
La Pampa,2
Río Negro,2
Oruro,2
Maranhão,2
Minas Gerais,2
Santa Catarina,2
São Paulo,2
Vaud,2
Maule,2
Guangdong,2
Arauca,2
Caldas,2
Norte de Santander,2
La Romana,2
Chimborazo,2
Imbabura,2
Cairo,2
Nouvelle-Aquitaine,2
Aceh,2
Maharashtra,2
Tokyo,2
Baja California Sur,2
North Holland,2
Utrecht,2
Ancash,2
Junín,2
Tacna,2
Braga,2
Beograd,2
Connecticut,2
North Carolina,2
Wisconsin,2
Guárico,2
Portuguesa,2
Tierra del Fuego,1
New South Wales,1
Wallonia,1
Beni,1
Chuquisaca,1
Ceará,1
Goiás,1
Paraná,1
Rio Grande do Sul,1
Ontario,1
Quebec,1
Geneva,1
Arica y Parinacota,1
Ñuble,1
Fujian,1
Henan,1
Hebei,1
Jiangsu,1
Sichuan,1
Shandong,1
Shanghai,1
Huila,1
La Guajira,1
Alajuela,1
Cartago,1
Limón,1
Holguín,1
Nicosia,1
Bavaria,1
Bremen,1
North Rhine-Westphalia,1
Cañar,1
Loja,1
Tungurahua,1
Cotopaxi,1
Pastaza,1
Ida-Virumaa,1
La Rioja,1
Grand-Est,1
England,1
Wele-Nzas,1
Quetzaltenango,1
Kowloon City Kowloon,1
Andhra Pradesh,1
Tamil Nadu,1
Uttar Pradesh,1
Piedmont,1
Lombardy,1
Yamaguchi,1
Durango,1
Penang,1
Chinandega,1
South Holland,1
Apurímac,1
Ayacucho,1
Loreto,1
Madre de Dios,1
Moquegua,1
Ucayali,1
Aveiro,1
Porto,1
Amambay,1
Guairá,1
Itapúa,1
Saint Petersburg,1
Riyadh,1
Istanbul,1
Taichung,1
Massachusetts,1
Maryland,1
South Carolina,1
Tennessee,1
Utah,1
Washington,1
Tashkent,1
Falcón,1
Monagas,1
Sucre,1
Táchira,1
Vargas,1
Ho Chi Minh City,1
