property,value,visitors,events,percentage
url,(none),721,1171,99.4
url,https://www.python.org/,18,20,2.5
url,https://www.python.org/downloads/macos/,2,2,0.3
url,https://github.com/python/cpython/blob/main/Doc/library/turtle.rst,1,1,0.1
url,https://github.com/python/cpython/tree/3.13/Lib/ast.py,1,1,0.1
url,https://github.com/python/cpython/tree/3.13/Lib/json/__init__.py,1,1,0.1
url,https://github.com/python/cpython/tree/3.13/Lib/pprint.py,1,1,0.1
url,https://github.com/python/cpython/tree/3.13/Lib/socket.py,1,1,0.1
url,https://github.com/python/cpython/tree/3.13/Lib/urllib/request.py,1,1,0.1
url,https://github.com/python/cpython/tree/3.13/Misc/ACKS,1,1,0.1
url,https://packaging.python.org/science/,1,1,0.1
url,https://pypi.org/project/regex/,1,1,0.1
url,https://pypi.org/project/tomlkit/,1,1,0.1
url,https://support.apple.com/en-us/102445,1,1,0.1
url,https://www.python.org/downloads/,1,1,0.1
url,https://www.tcl.tk/man/tcl8.6/TkCmd/contents.htm,1,2,0.1
url,https://zh.wikipedia.org/zh-tw/%E6%96%90%E6%B3%A2%E9%82%A3%E5%A5%91%E6%95%B0%E5%88%97,1,1,0.1
