name,visitors,bounce_rate,visit_duration
google.com,536,77,138
Direct / None,405,66,313
m.baidu.com,132,87,66
bing.com,18,64,857
chatgpt.com,17,69,36
python.org,17,50,317
acmicpc.net,9,20,2572
codeup.kr,7,75,30
google.co.kr,7,57,507
codeit.kr,6,83,5
wikidocs.net,6,40,232
baidu.com,4,50,3
m.baidu.com/s,4,50,22
m.baidu.com/from=1001192y/bd_page_type=1/ssid=0/uid=0/pu=usm%400%2Csz%401320_1001%2Cta%40iphone_2_12.0_28_16.0/baiduid=78798A654DBEB572C0DF66A6B9A4F4EC/w=0_10_/t=iphone/l=1/tc,3,67,0
velog.io,3,100,0
blockdmask.tistory.com/437,2,100,0
cafe.naver.com/ca-fe/cafes/29802689/articles/2130,2,100,0
dlab.elice.io,2,100,0
fortex66.tistory.com/13,2,0,1180
m.baidu.com/from=1001192y/bd_page_type=1/ssid=0/uid=0/pu=sz%401320_1001%2Cta%40iphone_2_7.0_28_16.0%2Cusm%402/baiduid=A99875054842E4FE6F02EA0C6BBB6965/w=0_10_/t=iphone/l=1/tc,2,100,0
m.baidu.com/from=2001g/bd_page_type=1/ssid=0/uid=0/pu=usm%400%2Csz%401320_1003%2Cta%40iphone_2_13.0_1_17.7/baiduid=D97456049DCAFFAB88CF6466A5F6FBB9/w=0_10_/t=iphone/l=1/tc,2,100,0
namu.wiki,2,0,346
search.daum.net/search,2,100,0
so.m.sm.cn/s,2,100,0
baby-dev.tistory.com/entry/Python-%EB%B0%B1%EC%A4%80-1934%EB%B2%88-%EC%B5%9C%EC%86%8C%EA%B3%B5%EB%B0%B0%EC%88%98-%EC%B5%9C%EC%86%8C%EA%B3%B5%EB%B0%B0%EC%88%98-%EC%B5%9C%EB%8C%80%EA%B3%B5%EC%95%BD%EC%88%98-%EC%9C%A0%ED%81%B4%EB%A6%AC%EB%93%9C%ED%98%B8%EC%A0%9C%EB%B2%95,1,100,0
baidu.com/link,1,0,175
books.weniv.co.kr,1,100,0
chat.baidu.com,1,100,0
clien.net/service/board/kin/17320380,1,0,7
colab.research.google.com,1,100,0
confluence.sec.samsung.net,1,0,459
copilot.microsoft.com,1,0,40
cppdeveloper.tistory.com/entry/python-1,1,100,0
cyber.shinhan.ac.kr/course/view.php,1,100,0
dev-jy.tistory.com/5,1,100,0
ethank.tistory.com/entry/python-%EC%97%90%EC%84%9C-%ED%98%84%EC%9E%AC-%EB%A1%9C%EA%B7%B8%EC%9D%B8%EB%90%9C-%EC%9C%A0%EC%A0%80%EC%9D%B4%EB%A6%84-%EA%B0%80%EC%A0%B8%EC%98%A4%EA%B8%B0,1,0,425
gemini.google.com,1,100,0
github.com/mooozi/useful-references-and-tutorials,1,100,0
google.com/search,1,100,0
jira.daumkakao.com,1,0,6
lsjsj92.tistory.com/572,1,100,0
m.baidu.com/from=1001192y/bd_page_type=1/ssid=0/uid=0/pu=sz%401320_1001%2Cta%40iphone_2_10.0_28_12.1%2Cusm%400/baiduid=B826EE93648AE09F18364DA9E41F9039/w=0_10_/t=iphone/l=1/tc,1,100,0
m.baidu.com/from=1001192y/bd_page_type=1/ssid=0/uid=0/pu=sz%401320_1001%2Cta%40iphone_2_10.0_28_15.0%2Cusm%400/baiduid=96016F5B7EF3AF845CE1BD309760A43A/w=0_10_/t=iphone/l=1/tc,1,0,1
m.baidu.com/from=1001192y/bd_page_type=1/ssid=0/uid=0/pu=sz%401320_1001%2Cta%40iphone_2_12.0_28_16.0%2Cusm%400/baiduid=7214FBB1BD41F17D0184781BCB257D1B/w=0_10_/t=iphone/l=1/tc,1,0,6
m.baidu.com/from=1001192y/bd_page_type=1/ssid=0/uid=0/pu=sz%401320_1001%2Cta%40iphone_2_7.0_28_16.0%2Cusm%400/baiduid=736F601C7F364CF36A3914734B5127E9/w=0_10_/t=iphone/l=1/tc,1,100,0
m.baidu.com/from=1001192y/bd_page_type=1/ssid=0/uid=0/pu=sz%401320_1001%2Cta%40iphone_2_7.0_28_16.0%2Cusm%401/baiduid=736F601C7F364CF36A3914734B5127E9/w=0_10_/t=iphone/l=1/tc,1,0,7
m.baidu.com/from=1001192y/bd_page_type=1/ssid=0/uid=0/pu=sz%401320_1001%2Cta%40iphone_2_9.0_28_16.0%2Cusm%400/baiduid=851C47D5E9975727CCEC29F4C860297E/w=0_10_/t=iphone/l=1/tc,1,0,12
m.baidu.com/from=1001192y/bd_page_type=1/ssid=0/uid=0/pu=usm%400%2Csz%401320_1001%2Cta%40iphone_2_10.0_28_16.0/baiduid=8D290503F4A55531138AEB30E6B40497/w=0_10_/t=iphone/l=1/tc,1,0,1
m.baidu.com/from=1001192y/bd_page_type=1/ssid=0/uid=0/pu=usm%400%2Csz%401320_1001%2Cta%40iphone_2_10.0_28_16.0/baiduid=988598977D6C8422EC77944B1806BD40/w=0_10_/t=iphone/l=1/tc,1,100,0
m.baidu.com/from=1001192y/bd_page_type=1/ssid=0/uid=0/pu=usm%400%2Csz%401320_1001%2Cta%40iphone_2_10.0_28_16.0/baiduid=FA22EDD075D733290B6EA78ED9E43085/w=0_10_/t=iphone/l=1/tc,1,100,0
m.baidu.com/from=1001192y/bd_page_type=1/ssid=0/uid=0/pu=usm%400%2Csz%401320_1001%2Cta%40iphone_2_11.0_28_15.0/baiduid=649BB13F6A12164A409F4F9C15A95368/w=0_10_/t=iphone/l=1/tc,1,0,7
m.baidu.com/from=1001192y/bd_page_type=1/ssid=0/uid=0/pu=usm%400%2Csz%401320_1001%2Cta%40iphone_2_12.0_28_16.0/baiduid=07740A373190A1335B76F467DE9C06C5/w=0_10_/t=iphone/l=1/tc,1,100,0
m.baidu.com/from=1001192y/bd_page_type=1/ssid=0/uid=0/pu=usm%400%2Csz%401320_1001%2Cta%40iphone_2_12.0_28_16.0/baiduid=2D00BBFC54D46EE21A8DAD402563AEC5/w=0_10_/t=iphone/l=1/tc,1,0,283
m.baidu.com/from=1001192y/bd_page_type=1/ssid=0/uid=0/pu=usm%400%2Csz%401320_1001%2Cta%40iphone_2_12.0_28_16.0/baiduid=940DFDDF3D04FDC7A2BA240EA616C167/w=0_10_/t=iphone/l=1/tc,1,100,0
m.baidu.com/from=1001192y/bd_page_type=1/ssid=0/uid=0/pu=usm%400%2Csz%401320_1001%2Cta%40iphone_2_12.0_28_16.0/baiduid=9FB2277556AE7AC709A4E3D46684D8A6/w=0_10_/t=iphone/l=1/tc,1,100,0
m.baidu.com/from=1001192y/bd_page_type=1/ssid=0/uid=0/pu=usm%400%2Csz%401320_1001%2Cta%40iphone_2_9.0_28_15.0/baiduid=A3E4701B6A6C60DC0B3FB53BDBC111BB/w=0_10_/t=iphone/l=1/tc,1,0,283
m.baidu.com/from=1001192y/bd_page_type=1/ssid=0/uid=0/pu=usm%400%2Csz%401320_1001%2Cta%40iphone_2_9.0_28_16.0/baiduid=F20B84B8E6BB39647259CFEF9B25887A/w=40_10_/t=iphone/l=1/tc,1,100,0
m.baidu.com/from=1001192y/bd_page_type=1/ssid=0/uid=0/pu=usm%400%2Csz%401320_220%2Cta%40iphone___24_114.0/baiduid=B522DA58BE4684C287FB66D079AA7968/w=0_10_/t=iphone/l=1/tc,1,100,0
m.baidu.com/from=1001703a/bd_page_type=1/ssid=0/uid=0/pu=sz%401320_1001%2Cta%40iphone_2_12.0_18_40.9%2Cusm%400/baiduid=C5569C925A6AE922222F7815FF76D07B/w=0_10_/t=iphone/l=1/tc,1,0,34
m.baidu.com/from=1001703a/bd_page_type=1/ssid=0/uid=0/pu=sz%401320_1001%2Cta%40iphone_2_6.0_18_4.3%2Cusm%400/baiduid=E15D3F497F498E8288694A9D8C921112/w=0_10_/t=iphone/l=1/tc,1,100,0
m.baidu.com/from=1001703a/bd_page_type=1/ssid=0/uid=0/pu=usm%400%2Csz%401320_1001%2Cta%40iphone_2_11.0_18_40.9/baiduid=F671DD11E8335DB81CB540F8B2714A06/w=0_10_/t=iphone/l=1/tc,1,100,0
m.baidu.com/from=1001703a/bd_page_type=1/ssid=0/uid=0/pu=usm%400%2Csz%401320_1001%2Cta%40iphone_2_13.0_18_40.8/baiduid=877451F8BF9FEBA8E1EA46DB3A6CF12A/w=0_10_/t=iphone/l=1/tc,1,100,0
m.baidu.com/from=1012852q/bd_page_type=1/ssid=0/uid=0/pu=sz%401320_1004%2Cta%40iphone_2_12.0_11_19.7%2Cusm%400/baiduid=E414CB0DF9E66BFA29BC5262B57A5A97/w=0_10_/t=iphone/l=1/tc,1,100,0
m.baidu.com/from=1012852q/bd_page_type=1/ssid=0/uid=0/pu=sz%401320_1004%2Cta%40iphone_2_14.0_11_19.7%2Cusm%401/baiduid=892B499F286E51EE4D618EDE1787FDBB/w=0_10_/t=iphone/l=1/tc,1,100,0
m.baidu.com/from=1012852q/bd_page_type=1/ssid=0/uid=0/pu=sz%401320_1004%2Cta%40iphone_2_15.0_11_19.7%2Cusm%400/baiduid=8D298F55CBCACA6FF3391D525D1F78F1/w=0_10_/t=iphone/l=1/tc,1,0,180
m.baidu.com/from=1012852q/bd_page_type=1/ssid=0/uid=0/pu=usm%400%2Csz%401320_1004%2Cta%40iphone_2_12.0_11_19.7/baiduid=49448D373195D1125D3566BA01DF1215/w=0_10_/t=iphone/l=1/tc,1,100,0
m.baidu.com/from=1012852q/bd_page_type=1/ssid=0/uid=0/pu=usm%400%2Csz%401320_1004%2Cta%40iphone_2_9.0_11_19.7/baiduid=4A3BE2E4720FE5674789ED24B15EFB6C/w=0_10_/t=iphone/l=1/tc,1,100,0
m.baidu.com/from=1013672b/bd_page_type=1/ssid=0/uid=0/pu=usm%400%2Csz%401320_1004%2Cta%40iphone_2_15.0_11_19.8/baiduid=A9FE9B1161F3AD8177B538DBD3AECA9D/w=0_10_/t=iphone/l=1/tc,1,100,0
m.baidu.com/from=1013672g/bd_page_type=1/ssid=0/uid=0/pu=usm%400%2Csz%401320_1004%2Cta%40iphone_2_11.0_11_19.7/baiduid=8B9DE076A2990320BDA13F686F5A8068/w=30_10_/t=iphone/l=1/tc,1,100,0
m.baidu.com/from=1013966u/bd_page_type=1/ssid=0/uid=0/pu=sz%401320_1001%2Cta%40iphone_2_14.0_19_18.7%2Cusm%400/baiduid=FA51CE2EDAA42B66CB617162F055E151/w=0_10_/t=iphone/l=1/tc,1,0,4
m.baidu.com/from=1015819s/bd_page_type=1/ssid=0/uid=0/pu=sz%401320_1003%2Cta%40iphone_2_11.0_1_17.7%2Cusm%400/baiduid=A77CE57D9A1B437FA4EEBC1B516F936D/w=0_20_/t=iphone/l=1/tc,1,100,0
m.baidu.com/from=1016095t/bd_page_type=1/ssid=0/uid=0/pu=usm%400%2Csz%401320_1001%2Cta%40iphone_2_14.0_19_23.1/baiduid=E2C38672705C135EA2915C6F660F2712/w=0_20_/t=iphone/l=1/tc,1,100,0
m.baidu.com/from=1019311v/bd_page_type=1/ssid=0/uid=0/pu=sz%401320_1001%2Cta%40iphone_2_15.0_19_24.8%2Cusm%400/baiduid=02ADD584B4D6D4EA00909150ED113807/w=0_10_/t=iphone/l=1/tc,1,0,7
m.baidu.com/from=1019311v/bd_page_type=1/ssid=0/uid=0/pu=usm%400%2Csz%401320_1001%2Cta%40iphone_2_12.0_19_14.5/baiduid=3B0D502E8933AF78BDE454157728F252/w=0_10_/t=iphone/l=1/tc,1,100,0
m.baidu.com/from=1019311v/bd_page_type=1/ssid=0/uid=0/pu=usm%400%2Csz%401320_1001%2Cta%40iphone_2_14.0_19_25.1/baiduid=B49C07E5AD47A2ED8601E9ADBF7F7B52/w=0_10_/t=iphone/l=1/tc,1,100,0
m.baidu.com/from=1019311v/bd_page_type=1/ssid=0/uid=0/pu=usm%402%2Csz%401320_1001%2Cta%40iphone_2_14.0_19_25.1/baiduid=EE694E1BEB80A5912ADF58321835A53C/w=0_10_/t=iphone/l=1/tc,1,100,0
m.baidu.com/from=1020761f/bd_page_type=1/ssid=0/uid=0/pu=sz%401320_1001%2Cta%40iphone_2_13.0_19_24.8%2Cusm%400/baiduid=25A1AA6D486921BBE06AFA2312E33DEE/w=0_10_/t=iphone/l=1/tc,1,100,0
m.baidu.com/from=1020761f/bd_page_type=1/ssid=0/uid=0/pu=sz%401320_1001%2Cta%40iphone_2_15.0_19_25.1%2Cusm%400/baiduid=513477F053816E71C710C55B60BEA5DC/w=0_10_/t=iphone/l=1/tc,1,100,0
m.baidu.com/from=1020761f/bd_page_type=1/ssid=0/uid=0/pu=sz%401320_1001%2Cta%40iphone_2__24_123.0%2Cusm%400/baiduid=4F24A77A3DC46D290EBF7B0156D11DB0/w=0_10_/t=iphone/l=1/tc,1,0,19
m.baidu.com/from=1020761f/bd_page_type=1/ssid=0/uid=0/pu=usm%400%2Csz%401320_1001%2Cta%40iphone_2_11.0_19_25.1/baiduid=18E8942C7F70FFDECC9BD9D3A777A61C/w=0_10_/t=iphone/l=1/tc,1,100,0
m.baidu.com/from=1020761f/bd_page_type=1/ssid=0/uid=0/pu=usm%400%2Csz%401320_1001%2Cta%40iphone_2_13.0_19_14.5/baiduid=0A4F1CC8E08D64EB27315E4BD16C8FC8/w=0_10_/t=iphone/l=1/tc,1,0,11
m.baidu.com/from=1020761f/bd_page_type=1/ssid=0/uid=0/pu=usm%400%2Csz%401320_1001%2Cta%40iphone_2_13.0_19_18.7/baiduid=87E233E63A61B8E2377402B7068736D6/w=0_10_/t=iphone/l=1/tc,1,100,0
m.baidu.com/from=1020761f/bd_page_type=1/ssid=0/uid=0/pu=usm%400%2Csz%401320_1001%2Cta%40iphone_2_13.0_19_24.9/baiduid=7D81E3FC3B9C0AE3A90D9D132B70ED94/w=0_10_/t=iphone/l=1/tc,1,100,0
m.baidu.com/from=1020761f/bd_page_type=1/ssid=0/uid=0/pu=usm%400%2Csz%401320_1001%2Cta%40iphone_2_13.0_19_25.0/baiduid=110B5C3708E8AED511DD263F1987772D/w=0_10_/t=iphone/l=1/tc,1,100,0
m.baidu.com/from=1020761f/bd_page_type=1/ssid=0/uid=0/pu=usm%400%2Csz%401320_1001%2Cta%40iphone_2_13.0_19_25.0/baiduid=F4755EF0D5865621D5365173238D1458/w=0_10_/t=iphone/l=1/tc,1,100,0
m.baidu.com/from=1020761f/bd_page_type=1/ssid=0/uid=0/pu=usm%400%2Csz%401320_1001%2Cta%40iphone_2_14.0_19_24.9/baiduid=5746B1EEE4F8C0AF6BAB7AEE45923F24/w=0_10_/t=iphone/l=1/tc,1,100,0
m.baidu.com/from=1020761f/bd_page_type=1/ssid=0/uid=0/pu=usm%400%2Csz%401320_1001%2Cta%40iphone_2_8.1_19_6.5/baiduid=ED36BDC9C25A62EF6F58838F7234914C/w=0_10_/t=iphone/l=1/tc,1,100,0
m.baidu.com/from=1020786r/bd_page_type=1/ssid=0/uid=0/pu=usm%400%2Csz%401320_1001%2Cta%40iphone_2_13.0_19_25.0/baiduid=2009E5B62396008596CAA738B286524D/w=0_10_/t=iphone/l=1/tc,1,100,0
m.baidu.com/from=1027073d/ssid=0/pu=osname%40baiduboxapp%2Ccfrom%401027073d%2Ccuid%40giHMalux2ugQi2aN_uvqagaV2ul2iSuxguvbi_us2u8GkSPvlf1DPHFwA%2Ccua%40_a2eiyuC2ijyNEqlI5me6NN0v8zTu-I4_C2H8yu42iqeC%2Csz%401320_480%2Cc3_aid%40A00-5IPB6UMIPS3H7IB7GXX6AW4RMXUCJTJB-FFLF3VNB%2Ccsrc%40home_box_txt%2Cvmgdb%400020100228y%2Ccen%40cuid_cua_cut%2Cctv%402/s,1,0,9
m.baidu.com/from=1034829p/bd_page_type=1/ssid=0/uid=0/pu=sz%401320_1003%2Cta%40iphone_2_8.0_24_100.0%2Cusm%400/baiduid=F46E6BC968470E02B3F92A7F5D6C3ECA/w=0_10_/t=iphone/l=1/tc,1,0,38
m.clien.net,1,100,0
m.dcinside.com,1,100,0
miki3079.tistory.com/132,1,100,0
perplexity.ai,1,100,0
pylint.readthedocs.io/en/latest/user_guide/messages/warning/logging-fstring-interpolation.html,1,0,429
python-guide-kr.readthedocs.io/ko/latest/dev/virtualenvs.html,1,0,0
search.brave.com,1,0,73
so.m.sm.cn,1,100,0
tcv1o34jjzo.cloud.databricksusercontent.com,1,0,20
techblog-history-younghunjo1.tistory.com/241,1,100,0
wombat30.tistory.com/m/179,1,0,19
ymister.cafe24.com,1,0,53
