name,version,visitors
Chrome,142.0,4729
Microsoft Edge,142.0,2650
Chrome,141.0,1009
Firefox,144.0,480
Opera,123.0,439
Chrome,126.0,377
Microsoft Edge,141.0,213
Chrome,140.0,202
Opera,122.0,181
Safari,18.6,166
Firefox,145.0,155
Mobile App,(not set),106
Safari,26.0,106
Chrome,138.0,93
Firefox,140.0,89
Microsoft Edge,140.0,77
Smart Lenovo Browser,9.0,77
Yandex Browser,25.8,75
Safari,26.1,72
Chrome,132.0,63
Yandex Browser,25.10,63
Chrome,139.0,61
Chrome,122.0,54
Chrome,109.0,51
Quark,(not set),39
Chrome,137.0,38
Firefox,143.0,30
Chrome,125.0,28
Microsoft Edge,138.0,28
Safari,18.5,27
Safari,17.6,24
Firefox,128.0,23
Chrome,134.0,23
Chrome,135.0,23
Microsoft Edge,139.0,22
Chrome,86.0,22
Chrome,128.0,21
Chrome,117.0,20
Chrome,131.0,17
Firefox,115.0,15
vivo Browser,26.8,15
Chrome,120.0,14
Safari,18.1,13
Safari,18.7,13
Chrome,133.0,12
Chrome,136.0,12
Samsung Browser,29.0,12
Microsoft Edge,92.0,12
Chrome,114.0,11
Chrome,116.0,11
Microsoft Edge,129.0,11
Firefox,136.0,11
QQ Browser,6.2,11
Quark,10.0,10
Huawei Browser,12.1,10
Firefox,141.0,10
Safari,17.5,10
QQ Browser,19.7,10
MIUI Browser,20.6,10
Chrome,119.0,9
Chrome,123.0,9
Chrome,130.0,9
Microsoft Edge,131.0,9
Microsoft Edge,137.0,9
Safari,15.6,9
Huawei Browser Mobile,16.0,9
Safari,18.3,9
Microsoft Edge,122.0,8
Chrome,124.0,8
Chrome,127.0,8
Microsoft Edge,135.0,8
Firefox,142.0,8
Microsoft Edge,143.0,8
Opera,124.0,7
Microsoft Edge,134.0,7
Avast Secure Browser,141.0,7
Sogou Explorer,2,7
vivo Browser,26.5,7
Mobile App,97.0,7
Brave,(not set),6
Microsoft Edge,100.0,6
Microsoft Edge,120.0,6
Microsoft Edge,123.0,6
QQ Browser,19.8,6
Safari,(not set),5
Firefox,109.0,5
Opera,120.0,5
Chrome,121.0,5
Firefox,127.0,5
Microsoft Edge,127.0,5
Mobile App,141.0,5
Chrome,144.0,5
Safari,17.4,5
Safari,18.4,5
Safari,26.2,5
vivo Browser,26.7,5
Opera,95.0,5
Chrome,112.0,4
Microsoft Edge,115.0,4
Microsoft Edge,128.0,4
Chrome,129.0,4
Microsoft Edge,130.0,4
Microsoft Edge,132.0,4
Microsoft Edge,136.0,4
Firefox,137.0,4
AVG Secure Browser,141.0,4
Safari,17.2,4
Microsoft Edge,18.18362,4
Microsoft Edge,18.18363,4
MIUI Browser,20.0,4
MIUI Browser,20.3,4
Huawei Browser Mobile,5.1,4
Chrome,91.0,4
Microsoft Edge,107.0,3
Chrome,108.0,3
Microsoft Edge,109.0,3
Microsoft Edge,110.0,3
Microsoft Edge,114.0,3
Microsoft Edge,117.0,3
Chrome,118.0,3
Microsoft Edge,124.0,3
QQ Browser,13.4,3
Microsoft Edge,133.0,3
Firefox,138.0,3
Firefox,139.0,3
MIUI Browser,14.10,3
Firefox,146.0,3
Safari,16.6,3
Microsoft Edge,17.17134,3
Safari,17.3,3
vivo Browser,26.9,3
SberBrowser,32.0,3
Chrome,70.0,3
Chrome,95.0,3
(not set),(not set),2
Safari,10.0,2
Chrome,101.0,2
Microsoft Edge,102.0,2
Chrome,111.0,2
Mobile App,114.0,2
Chrome,115.0,2
Opera,117.0,2
Opera,119.0,2
QQ Browser,12.2,2
Microsoft Edge,121.0,2
Firefox,125.0,2
Microsoft Edge,126.0,2
Firefox,132.0,2
Firefox,134.0,2
MIUI Browser,14.45,2
CCleaner,141.0,2
Chrome,143.0,2
Firefox,144.3,2
Firefox,147.0,2
Huawei Browser Mobile,15.0,2
Safari,16.5,2
Safari,18.0,2
QQ Browser,19.2,2
Opera Touch,2.9,2
Yandex Browser,25.2,2
Whale Browser,4.34,2
Safari,60.5,2
Mobile App,61.0,2
Chrome,71.0,2
Chrome,85.0,2
Microsoft Edge,89.0,2
Opera,92.0,2
Chrome,93.0,2
Chrome,96.0,2
360 Secure Browser,(not set),1
Chrome,100.0,1
Firefox,102.0,1
Chrome,102.0,1
Chrome,103.0,1
Chrome,104.0,1
Chrome,105.0,1
Microsoft Edge,106.0,1
Microsoft Edge,111.0,1
Microsoft Edge,112.0,1
Chrome,113.0,1
Microsoft Edge,113.0,1
Firefox,114.0,1
Iron,116.0,1
Microsoft Edge,116.0,1
Firefox,117.0,1
Microsoft Edge,118.0,1
Opera,118.0,1
Chrome,118.3,1
Firefox,119.0,1
Microsoft Edge,119.0,1
Safari,12.1,1
QQ Browser,12.3,1
Firefox,121.0,1
QQ Browser,13.0,1
QQ Browser,13.3,1
QQ Browser,13.5,1
Firefox,130.0,1
CCleaner,131.0,1
Firefox,135.0,1
Mobile App,138.0,1
Safari,14.1,1
Microsoft Edge,14.14393,1
MIUI Browser,14.22,1
Firefox,143,1
Safari,16.1,1
UC Browser,16.3,1
Safari,16.4,1
Safari,17.14,1
Safari,17.8,1
Microsoft Edge,18.19041,1
UC Browser,18.2,1
Safari,18.2,1
MIUI Browser,19.0,1
QQ Browser,19.5,1
Chrome,19.77,1
MIUI Browser,20.1,1
MIUI Browser,20.2,1
QQ Browser,21.0,1
Yandex Browser,24.10,1
Yandex Browser,24.7,1
vivo Browser,25.1,1
Yandex Browser,25.100,1
vivo Browser,25.8,1
vivo Browser,26.0,1
vivo Browser,26.6,1
Whale Browser,4.32,1
vivo Browser,5.2,1
Chrome,55.0,1
Chrome,59.0,1
QQ Browser,6.0,1
Quark,6.11,1
Chrome,78.0,1
Firefox,78.0,1
Chrome,81.0,1
Chrome,83.0,1
Firefox,93.0,1
Chrome,94.0,1
Chrome,97.0,1
Microsoft Edge,98.0,1
