name,visitors
Japan,2106
China,1785
United States,1023
India,697
Singapore,523
France,487
Brazil,400
Ukraine,369
South Korea,365
Russian Federation,351
Taiwan,350
Germany,347
Spain,247
United Kingdom,236
Mexico,230
Hong Kong,214
Vietnam,173
Poland,165
Canada,162
Colombia,138
Italy,126
Argentina,105
Netherlands,104
Indonesia,96
Australia,77
Turkey,69
Nigeria,67
Peru,63
Iran,56
Egypt,54
Sweden,54
Czechia,49
Pakistan,49
Israel,46
Kenya,44
Belgium,42
Switzerland,42
Kazakhstan,42
Chile,41
Uzbekistan,40
Austria,39
Morocco,39
Philippines,38
South Africa,37
Bangladesh,36
Saudi Arabia,35
Finland,34
Algeria,32
Malaysia,32
Portugal,31
Thailand,30
Hungary,29
Ecuador,27
Norway,24
Romania,22
Greece,21
Ireland,21
Bolivia,20
Denmark,20
Dominican Republic,20
Bulgaria,19
Belarus,18
Venezuela,17
United Arab Emirates,15
Ghana,14
Costa Rica,13
Cameroon,11
Ethiopia,11
Croatia,11
Cambodia,11
Sri Lanka,11
Slovakia,11
Senegal,11
Uganda,11
Côte d'Ivoire,10
Kyrgyzstan,10
Latvia,10
Nepal,10
New Zealand,10
Benin,9
Estonia,9
Tunisia,9
Uruguay,9
Zambia,9
Iraq,8
Lebanon,8
Lithuania,8
Mongolia,8
El Salvador,8
Angola,7
Guatemala,7
Jordan,7
Slovenia,7
Tanzania,7
Azerbaijan,6
"Congo, The Democratic Republic of the",6
Cuba,6
Mauritius,6
Panama,6
Yemen,6
Zimbabwe,6
Georgia,5
French Guiana,5
Myanmar,5
Macao,5
Oman,5
Serbia,5
Burkina Faso,4
Cabo Verde,4
Luxembourg,4
Puerto Rico,4
Somalia,4
Cyprus,3
Gabon,3
Honduras,3
Libya,3
Madagascar,3
Rwanda,3
Sudan,3
Afghanistan,2
Armenia,2
Burundi,2
Haiti,2
Iceland,2
Lesotho,2
Mauritania,2
Mozambique,2
Niger,2
Paraguay,2
Syria,2
Chad,2
Trinidad and Tobago,2
Albania,1
Djibouti,1
Fiji,1
Guinea,1
Jamaica,1
North Macedonia,1
Malawi,1
Nicaragua,1
Papua New Guinea,1
"Palestine, State of",1
Qatar,1
Réunion,1
Seychelles,1
Sierra Leone,1
Suriname,1
South Sudan,1
Togo,1
Kosovo,1
