name,visitors
Tokyo,490
Kanagawa,206
Osaka,155
Hebei,116
Saitama,111
Chiba,89
Aichi,78
Hyogo,74
Fukuoka,53
Kyoto,39
Hokkaido,37
Guangdong,31
Zhejiang,31
Shizuoka,27
Jiangsu,26
Shandong,25
Ibaraki,25
Beijing,21
Niigata,20
Sichuan,19
Shanghai,17
Okayama,17
Hiroshima,16
Liaoning,15
Ishikawa,13
Nagano,13
Henan,11
Tochigi,11
Mie,11
Nara,11
Kagawa,11
Kumamoto,11
Fujian,10
Shiga,10
Ehime,10
Oita,10
Shaanxi,9
Miyagi,9
Gunma,9
Kagoshima,9
Okinawa,9
Akita,8
Nagasaki,8
Chongqing,7
Guangxi,7
Yamagata,7
Fukushima,7
Toyama,6
Gifu,6
Gansu,5
Hunan,5
Iwate,5
Yamanashi,5
Tottori,5
California,5
Guizhou,4
Hubei,4
Tianjin,4
England,4
Fukui,4
Wakayama,4
Tokushima,4
Seoul,4
New York,4
Aomori,3
Shimane,3
Kochi,3
Miyazaki,3
Colorado,3
Washington,3
Federal District,2
Anhui,2
Shanxi,2
Xinjiang,2
Algiers,2
Yamaguchi,2
Saga,2
Moscow,2
Khon Kaen,2
Surat Thani,2
Arizona,2
Georgia,2
Oregon,2
Amazonas,1
Hainan,1
Heilongjiang,1
Yunnan,1
Auvergne-Rhône-Alpes,1
Groningen,1
Khanty-Mansi,1
Stockholm,1
New Taipei,1
Florida,1
Maryland,1
Ohio,1
Texas,1
Hanoi,1
