name,unique_exits,total_exits,exit_rate
/3.13/tutorial/index.html,3334,3443,
/3.13/using/windows.html,2982,3046,
/ja/3.13/c-api/capsule.html,1193,1198,
/3.13/index.html,755,788,
/3.13/,586,604,
/3.13/whatsnew/3.13.html,537,552,
/3.13/tutorial/,452,469,
/3.13/tutorial/interpreter.html,346,360,
/3/,262,261,
/3.13/tutorial/appetite.html,255,257,
/3.13/tutorial/introduction.html,205,217,
/zh-cn/3.13/tutorial/index.html,192,198,
/ja/3.13/copyright.html,172,172,
/3.13/search.html,165,166,
/3.13/library/functions.html,153,161,
/3.13/tutorial/controlflow.html,140,152,
/zh-cn/3.13/,119,125,
/3.13/library/stdtypes.html,113,118,
/es/3.13/library/tkinter.html,103,104,
/es/3.13/tutorial/index.html,99,102,
/3.13/library/index.html,95,96,
/zh-cn/3.13/library/index.html,73,76,
/zh-cn/3.13/library/functions.html,71,75,
/zh-cn/3.13/tutorial/interpreter.html,70,77,
/fr/3.13/tutorial/index.html,69,74,
/zh-cn/3.13/tutorial/controlflow.html,68,72,
/ja/3.13/tutorial/,67,69,
/zh-cn/3.13/using/android.html,66,67,
/es/3.13/library/index.html,63,66,
/3.13/installing/index.html,62,63,
/3.13/library/tkinter.html,62,64,
/uk/3.13/extending/extending.html,61,64,
/zh-cn/3.13/tutorial/introduction.html,60,61,
/pt-br/3.13/tutorial/index.html,59,60,
/zh-cn/3.13/using/index.html,57,58,
/ja/3.13/library/functions.html,52,57,
/zh-tw/3.13/tutorial/index.html,50,51,
/3.13/library/,49,49,
/3/tutorial/index.html,47,47,
/3.13/library/idle.html,46,48,
/3.13/library/random.html,46,47,
/zh-cn/3.13/library/venv.html,46,46,
/3.13/tutorial/datastructures.html,45,45,
/es/3.13/library/functions.html,45,47,
/es/3.13/search.html,45,48,
/es/3.13/tutorial/datastructures.html,45,47,
/ja/3.13/library/re.html,45,47,
/3.13/download.html,43,44,
/es/3.13/tutorial/classes.html,42,44,
/zh-cn/3.13/using/windows.html,42,42,
/pt-br/3.13/library/venv.html,41,41,
/es/3.13/,40,40,
/zh-cn/3.13/search.html,40,48,
/ja/3.13/library/random.html,39,39,
/ja/3.13/library/stdtypes.html,39,39,
/es/3.13/tutorial/introduction.html,38,40,
/pt-br/3.13/tutorial/datastructures.html,38,38,
/3.13/glossary.html,36,37,
/3/library/functions.html,34,32,
/es/3.13/library/idle.html,34,35,
/pt-br/3.13/library/index.html,34,33,
/zh-cn/3.13/index.html,34,35,
/zh-cn/3.13/tutorial/classes.html,34,35,
/3.13/library/os.html,33,33,
/ko/3.13/tutorial/index.html,33,35,
/pt-br/3.13/library/math.html,33,34,
/zh-cn/3.13/library/stdtypes.html,33,33,
/ja/3.13/library/index.html,32,35,
/es/3.13/tutorial/venv.html,31,32,
/pt-br/3.13/library/functions.html,31,32,
/zh-cn/3.13/tutorial/datastructures.html,31,32,
/3.13/library/math.html,30,34,
/3.13/py-modindex.html,30,30,
/3.13/reference/index.html,30,31,
/3.13/tutorial/classes.html,30,32,
/3.13/tutorial/appendix.html,29,29,
/es/3.13/tutorial/interpreter.html,29,29,
/pt-br/3.13/library/stdtypes.html,29,32,
/pt-br/3.13/search.html,29,31,
/ja/3.13/library/sqlite3.html,28,29,
/pt-br/3.13/,28,30,
/zh-cn/3.13/tutorial/,28,28,
/3.13/tutorial/errors.html,27,28,
/3/library/tkinter.html,27,27,
/es/3.13/installing/index.html,27,27,
/es/3.13/library/stdtypes.html,27,29,
/es/3.13/tutorial/appetite.html,27,30,
/pt-br/3.13/library/random.html,27,27,
/3.13/tutorial/modules.html,26,30,
/3/library/index.html,26,25,
/zh-cn/3.13/library/tkinter.html,26,30,
/3.13/library/exceptions.html,25,25,
/3.13/library/typing.html,25,27,
/3.13/using/index.html,25,25,
/fr/3.13/tutorial/classes.html,25,26,
/ja/3.13/library/argparse.html,25,27,
/3.13/tutorial/inputoutput.html,24,24,
/es/3.13/tutorial/errors.html,24,25,
/uk/3.13/tutorial/index.html,24,26,
/3/using/windows.html,23,23,
