name,visitors,bounce_rate,visit_duration
Direct / None,14308,67,149
google.com,3297,79,145
m.baidu.com,1122,85,14
python.org,749,72,321
baidu.com/link,148,77,102
google.com.hk,68,84,19
bing.com,67,80,283
cn.bing.com,65,74,415
codecademy.cn,43,59,143
baidu.com,42,95,33
chatgpt.com,39,43,415
search.yahoo.co.jp,30,55,337
campus110.unad.edu.co,17,29,230
duckduckgo.com,14,33,903
search.brave.com,14,100,460
m.baidu.com/s,11,82,4
netacad.com,10,100,37
google.co.jp,9,89,34
qiita.com,9,100,76
android-app://com.google.android.googlequicksearchbox,6,50,183
perplexity.ai,6,80,310
wiki.python.org,6,0,632
peps.python.org,5,80,269
yandex.ru,5,100,627
note.nkmk.me,4,0,21
python.org/downloads/release/python-3137,4,67,64
sites.google.com,4,100,0
127.0.0.1,3,100,4
doubao.com,3,0,462
google.com.tw,3,100,0
ntp.msn.cn,3,0,746
python.it,3,100,69
udemy.com,3,0,98
yuanbao.tencent.com,3,0,9
boot.dev,2,0,1070
br.search.yahoo.com,2,0,45
classroom.google.com,2,100,0
claude.ai,2,0,19
codecademy.cn/tutorial/python,2,100,0
courses.skillindiadigital.gov.in,2,0,1789
cs50.harvard.edu,2,0,88
ecosia.org,2,100,0
es.python.org,2,0,14
facebook.com,2,100,0
gemini.google.com,2,0,76
l.threads.com,2,100,0
learn.profession.ai,2,0,35
m.baidu.com/from=1001192y/bd_page_type=1/ssid=0/uid=0/pu=sz%401320_1001%2Cta%40iphone_2_10.0_28_16.0%2Cusm%400/baiduid=29ECF09D29C4AAA43C954911AA813412/w=0_10_/t=iphone/l=1/tc,2,0,8
m.baidu.com/from=1001192y/bd_page_type=1/ssid=0/uid=0/pu=usm%400%2Csz%401320_1001%2Cta%40iphone_2_10.0_28_16.0/baiduid=4BDAD8D9B2E307D4627F12278F3F6274/w=0_10_/t=iphone/l=1/tc,2,0,64
m.baidu.com/from=1001192y/bd_page_type=1/ssid=0/uid=0/pu=usm%401%2Csz%401320_1001%2Cta%40iphone_2_12.0_28_16.0/baiduid=DDB0F90E9BC1B67AC6EF566C1FDBBAB2/w=0_10_/t=iphone/l=1/tc,2,100,0
m.baidu.com/from=1001703a/bd_page_type=1/ssid=0/uid=0/pu=usm%400%2Csz%401320_1001%2Cta%40iphone_2_15.0_18_40.10/baiduid=2D445D13977C9868BFE28311FCFD33D7/w=0_10_/t=iphone/l=1/tc,2,100,0
m.baidu.com/from=1012852q/bd_page_type=1/ssid=0/uid=0/pu=usm%400%2Csz%401320_1004%2Cta%40iphone_2_11.0_11_19.3/baiduid=F486706DEF1FB7DA45B95457552D61D3/w=0_10_/t=iphone/l=1/tc,2,100,0
m.baidu.com/from=1019311a/bd_page_type=1/ssid=0/uid=0/pu=sz%401320_1001%2Cta%40iphone_2_13.0_19_25.8%2Cusm%400/baiduid=2FDE6EA8F66D4D5C8ABA13350FB2F778/w=0_10_/t=iphone/l=1/tc,2,100,0
m.baidu.com/from=1019311a/bd_page_type=1/ssid=0/uid=0/pu=usm%400%2Csz%401320_1001%2Cta%40iphone_2_11.0_19_18.7/baiduid=4D6F22339282A44D63BCBB32EF8408D0/w=0_10_/t=iphone/l=1/tc,2,100,0
m.baidu.com/from=1019311v/bd_page_type=1/ssid=0/uid=0/pu=usm%400%2Csz%401320_1001%2Cta%40iphone_2_15.0_19_25.7/baiduid=8DC3ACF0C403C8F96C2F120C7C5EAF42/w=0_10_/t=iphone/l=1/tc,2,100,0
m.baidu.com/from=1020712q/bd_page_type=1/ssid=0/uid=0/pu=cua%40gu2RiyuCvig-NE64I5me6NN0v8z9u2Iy_CvH84aN2iqlC%2Cc3_aid%40A00-RTB2NDVMBJM6REVNDTBMOUIODFGZ3FTN-VEROKQOQ%2Csz%401320_480%2Ccuid%40lu-St_iPS8gUavuQluSc8_8d2u0MuH8u_u2Ni0uTva8i9Lh3y91PC_AOA%2Cosname%40baiduboxapp%2Cctv%402%2Ccfrom%401026250u%2Ccen%40cuid_cua_cut%2Ccsrc%40app_mainbox_txt%2Cusm%400%2Cvmgdb%400020100228y/baiduid=4DD97197D42270DCA6A6182143CC44EB/w=0_10_/t=zbios/l=1/tc,2,50,178
m.baidu.com/from=1020761f/bd_page_type=1/ssid=0/uid=0/pu=usm%400%2Csz%401320_1001%2Cta%40iphone_2_9.0_19_25.8/baiduid=B9C788147E70E92E2A17A70C2261910E/w=0_10_/t=iphone/l=1/tc,2,100,0
m.baidu.com/from=1020786r/bd_page_type=1/ssid=0/uid=0/pu=usm%400%2Csz%401320_1001%2Cta%40iphone_2_15.0_19_25.9/baiduid=E8EEFF0D976270BDDAB62252E8A4EEFE/w=0_10_/t=iphone/l=1/tc,2,100,0
m.baidu.com/from=1024193r/bd_page_type=1/ssid=0/uid=0/pu=usm%400%2Csz%401320_1001%2Cta%40iphone_2_13.0_24_108.0/baiduid=8063D0A4968269E3B2AE03961AEBF0F5/w=0_10_/t=iphone/l=1/tc,2,50,6
m.baidu.com/from=124n/bd_page_type=1/ssid=0/uid=0/pu=usm%400%2Csz%401320_1001%2Cvmgdb%400020100228y/baiduid=46AEC3B7AAB033860DC891D086039AE1/w=0_10_/t=zbios/l=1/tc,2,50,30
m.baidu.com/from=2001g/bd_page_type=1/ssid=0/uid=0/pu=sz%401320_1003%2Cta%40iphone_2_11.0_1_17.5%2Cusm%400/baiduid=CAA5876FCAE05AD77A2793117714409D/w=0_10_/t=iphone/l=1/tc,2,100,0
m.baidu.com/from=2001g/bd_page_type=1/ssid=0/uid=0/pu=sz%401320_1003%2Cta%40iphone_2_15.0_1_18.0%2Cusm%400/baiduid=307748DF78FA45786A8BB7EABBD38F0B/w=0_10_/t=iphone/l=1/tc,2,100,0
mx.search.yahoo.com,2,0,1765
namu.wiki,2,0,49
pedco.uncoma.edu.ar,2,0,14
python.org/events,2,0,29
roadmap.sh,2,0,1033
so.com/s,2,0,15
sogou.com/link,2,0,288
tw.alphacamp.co,2,0,12
youtube.com,2,0,453
100daysofcode.io,1,0,25
54.201.157.242,1,100,0
airflow.apache.org,1,0,15
alohafind.com,1,100,0
android-app://com.linkedin.android,1,0,148
app.jedha.co,1,0,0
blog.ionelmc.ro,1,0,0
bsc-iitm.github.io,1,0,305
byhy.net,1,0,348
canlidovizfiyatlari.com,1,0,712
capytale2.ac-paris.fr,1,100,0
chat.baidu.com,1,0,0
chat.qwen.ai/c/c341d127-1f63-410d-a46e-1e3a9b1bf483,1,100,0
cht18.aichatosclx.com,1,0,547
cidem.elearningcloud.site,1,100,0
cnblogs.com,1,0,158
coccoc.com/search,1,0,11
code.visualstudio.com,1,0,0
codecademy.com,1,0,43
copilot.microsoft.com,1,0,3
cruel.org,1,0,274
cursos.alura.com.br,1,0,0
de.search.yahoo.com,1,0,793
dearcharles.cn,1,0,7
developer.aliyun.com/article/838010,1,0,353
developers.google.com,1,0,149
discuss.python.org,1,100,0
docs.google.com,1,100,0
edu.next-revolution.net,1,0,531
endler.dev,1,0,0
exp.starjuku.net,1,100,0
forums.linuxmint.com,1,100,0
gakuyasu.byaku.jp,1,0,3910
geek-blogs.com,1,0,21
ggc.view.usg.edu,1,100,0
github.com,1,0,197
github.com/krishnaik06/Perfect-Roadmap-To-Learn-Data-Science-In-2025,1,0,1144
github.com/python/cpython,1,0,67
github.com/yt-dlp/yt-dlp,1,0,1403
glorious-guide-5gprgw5rvq6j275w.github.dev,1,0,6
go.aftvnews.com,1,100,0
google.com.br,1,100,0
google.com.mx,1,100,0
google.de,1,100,0
google.es,1,100,0
google.it,1,100,0
hackerrank.com,1,0,683
huggingface.co,1,0,976
in.search.yahoo.com,1,0,228
ini2toml.readthedocs.io/en/latest,1,0,150
jupyter.org,1,100,0
kaikatsu.jword.jp,1,100,0
learnxinyminutes.com,1,0,384
liaoxuefeng.com,1,0,105
link.csdn.net,1,100,0
link.juejin.cn,1,0,131
lixiaolai.com,1,0,3099
m.baidu.com/from=0/bd_page_type=1/ssid=0/uid=0/pu=sz%401320_1001%2Cta%40iphone_2_11.0_24_83.0%2Cusm%400/baiduid=FE507E180C67370D3FB0DBB4631C3F9A/w=0_10_/t=iphone/l=1/tc,1,0,9
m.baidu.com/from=0/bd_page_type=1/ssid=0/uid=0/pu=sz%401320_1001%2Cta%40iphone_2_15.0_24_122.0%2Cusm%400/baiduid=1B6A5DC0A6E82BD667301EA6FCA19641/w=0_10_/t=iphone/l=1/tc,1,100,0
m.baidu.com/from=0/bd_page_type=1/ssid=0/uid=0/pu=sz%401320_1001%2Cta%40iphone_2_15.0_29_127.0%2Cusm%400/baiduid=BC2A6AB8AB40AEC4C5BD9F1F0D1BA313/w=0_10_/t=iphone/l=1/tc,1,0,61
m.baidu.com/from=0/bd_page_type=1/ssid=0/uid=0/pu=sz%401320_1004%2Cvmgdb%400020100228y%2Cusm%400/baiduid=C0E99D78B5C58EB2A206F230D8F3EBA8/w=0_10_/t=zbios/l=1/tc,1,100,0
m.baidu.com/from=0/bd_page_type=1/ssid=0/uid=0/pu=sz%401320_1004%2Cvmgdb%400020100228y%2Cusm%400/baiduid=D85A6F6A43EF06BC90F705B01E2ED2E6/w=0_10_/t=zbios/l=1/tc,1,0,3
m.baidu.com/from=0/bd_page_type=1/ssid=0/uid=0/pu=sz%401320_1004%2Cvmgdb%400020100228y%2Cusm%401/baiduid=39097E6E19750D7BDC5AB9073ACF864E/w=20_10_/t=zbios/l=1/tc,1,100,0
m.baidu.com/from=0/bd_page_type=1/ssid=0/uid=0/pu=sz%401320_1004%2Cvmgdb%400020100228y%2Cusm%402/baiduid=5CAE495AAE0284CA841C4F284F2D8ADF/w=0_10_/t=zbios/l=1/tc,1,100,0
m.baidu.com/from=0/bd_page_type=1/ssid=0/uid=0/pu=sz%401320_1004%2Cvmgdb%400020100228y%2Cusm%402/baiduid=D97380D365B5698FEDC0C4E2951AED6A/w=0_10_/t=zbios/l=1/tc,1,0,81
m.baidu.com/from=0/bd_page_type=1/ssid=0/uid=0/pu=usm%400%2Csz%401320_1004%2Cvmgdb%400020100228y/baiduid=5E95485DCDF43E17D8B0B9BD96FAD3E0/w=0_10_/t=zbios/l=1/tc,1,100,0
m.baidu.com/from=0/bd_page_type=1/ssid=0/uid=0/pu=usm%400%2Csz%401320_1004%2Cvmgdb%400020100228y/baiduid=CA5756F3C3BEA8BEBF67F4D0072FC796/w=0_10_/t=zbios/l=1/tc,1,100,0
m.baidu.com/from=0/bd_page_type=1/ssid=0/uid=0/pu=usm%400%2Csz%401320_1004%2Cvmgdb%400020100228y/baiduid=EDD4E19D79748236593A9BC87B00D274/w=0_10_/t=zbios/l=1/tc,1,100,0
m.baidu.com/from=0/bd_page_type=1/ssid=0/uid=0/pu=usm%402%2Csz%401320_1004%2Cvmgdb%400020100228y/baiduid=A380DDEFF45C187FD299F213608F4597/w=0_10_/t=zbios/l=1/tc,1,0,13
m.baidu.com/from=0/bd_page_type=1/ssid=0/uid=0/pu=usm%402%2Csz%401320_1004%2Cvmgdb%400020100228y/baiduid=DB2218AAB6E1E3BEE1550B8B27D33F6C/w=0_10_/t=zbios/l=1/tc,1,0,47
m.baidu.com/from=0/bd_page_type=1/ssid=0/uid=0/pu=vmgdb%400020100228y%2Csz%401320_1004%2Cusm%400/baiduid=298D4E44F34E3E639E487F694305EA95/w=0_10_/t=zbios/l=1/tc,1,0,1186
m.baidu.com/from=0/bd_page_type=1/ssid=0/uid=0/pu=vmgdb%400020100228y%2Csz%401320_1004%2Cusm%400/baiduid=6D94C78A02BDED8494950733736A7282/w=0_10_/t=zbios/l=1/tc,1,100,0
m.baidu.com/from=1000953f/bd_page_type=1/ssid=0/uid=0/pu=usm%400%2Csz%401320_1002%2Cta%40iphone_2_6.0_2_8.1/baiduid=17E4941D33A99F860923C6ED68A05878/w=0_10_/t=iphone/l=1/tc,1,100,0
m.baidu.com/from=1001192y/bd_page_type=1/ssid=0/uid=0/pu=sz%401320_1001%2Cta%40iphone_2_10.0_28_13.0%2Cusm%400/baiduid=FCAA526B7D523E48C78325C86A1DB83E/w=0_10_/t=iphone/l=1/tc,1,100,0
m.baidu.com/from=1001192y/bd_page_type=1/ssid=0/uid=0/pu=sz%401320_1001%2Cta%40iphone_2_10.0_28_15.0%2Cusm%400/baiduid=91DDB383BFDE666588A8AD5F20DF0A38/w=10_10_/t=iphone/l=1/tc,1,100,0
m.baidu.com/from=1001192y/bd_page_type=1/ssid=0/uid=0/pu=sz%401320_1001%2Cta%40iphone_2_10.0_28_16.0%2Cusm%400/baiduid=11B526203F6290DC43CBB5C36631914F/w=0_10_/t=iphone/l=1/tc,1,100,0
m.baidu.com/from=1001192y/bd_page_type=1/ssid=0/uid=0/pu=sz%401320_1001%2Cta%40iphone_2_10.0_28_16.0%2Cusm%400/baiduid=30A48CC01E366C794F8AF1D90643067C/w=0_10_/t=iphone/l=1/tc,1,0,40
m.baidu.com/from=1001192y/bd_page_type=1/ssid=0/uid=0/pu=sz%401320_1001%2Cta%40iphone_2_10.0_28_16.0%2Cusm%400/baiduid=556DA87EE249ADE529DF9C663D7C827F/w=0_10_/t=iphone/l=1/tc,1,0,1
m.baidu.com/from=1001192y/bd_page_type=1/ssid=0/uid=0/pu=sz%401320_1001%2Cta%40iphone_2_10.0_28_16.0%2Cusm%400/baiduid=B9C2B450A70507941A71746905CF9CC1/w=0_10_/t=iphone/l=1/tc,1,0,1
m.baidu.com/from=1001192y/bd_page_type=1/ssid=0/uid=0/pu=sz%401320_1001%2Cta%40iphone_2_10.0_28_16.0%2Cusm%400/baiduid=BA89BDA06A38B2469A6AAF6312ECA84B/w=10_10_/t=iphone/l=1/tc,1,0,1
m.baidu.com/from=1001192y/bd_page_type=1/ssid=0/uid=0/pu=sz%401320_1001%2Cta%40iphone_2_10.0_28_16.0%2Cusm%400/baiduid=CBF1B76C1D2BF865E47E0C709CF50D7B/w=0_10_/t=iphone/l=1/tc,1,0,0
m.baidu.com/from=1001192y/bd_page_type=1/ssid=0/uid=0/pu=sz%401320_1001%2Cta%40iphone_2_10.0_28_16.0%2Cusm%400/baiduid=CD47A751210FCB25ABC877E124C02F0B/w=0_10_/t=iphone/l=1/tc,1,0,1
m.baidu.com/from=1001192y/bd_page_type=1/ssid=0/uid=0/pu=sz%401320_1001%2Cta%40iphone_2_10.0_28_16.0%2Cusm%400/baiduid=E0D6578D2C30F1B88136BCD0C52ED464/w=0_10_/t=iphone/l=1/tc,1,0,1
m.baidu.com/from=1001192y/bd_page_type=1/ssid=0/uid=0/pu=sz%401320_1001%2Cta%40iphone_2_11.0_28_16.0%2Cusm%400/baiduid=0AA9CE2C40413C81AD119D91D7D3FF03/w=0_10_/t=iphone/l=1/tc,1,0,17
m.baidu.com/from=1001192y/bd_page_type=1/ssid=0/uid=0/pu=sz%401320_1001%2Cta%40iphone_2_12.0_28_16.0%2Cusm%400/baiduid=47A540396AAA9532FA047EEEDD14CCA5/w=0_10_/t=iphone/l=1/tc,1,0,1
m.baidu.com/from=1001192y/bd_page_type=1/ssid=0/uid=0/pu=sz%401320_1001%2Cta%40iphone_2_12.0_28_16.0%2Cusm%400/baiduid=4CAE99FA69020178396208EC12FCA2F2/w=0_10_/t=iphone/l=1/tc,1,100,0
m.baidu.com/from=1001192y/bd_page_type=1/ssid=0/uid=0/pu=sz%401320_1001%2Cta%40iphone_2_12.0_28_16.0%2Cusm%400/baiduid=515E367B4B85C7A8A14E678B21800E09/w=0_10_/t=iphone/l=1/tc,1,0,1
m.baidu.com/from=1001192y/bd_page_type=1/ssid=0/uid=0/pu=sz%401320_1001%2Cta%40iphone_2_12.0_28_16.0%2Cusm%400/baiduid=55D3AEB163CCFBEA8223B62D1AC5E595/w=0_10_/t=iphone/l=1/tc,1,100,0
m.baidu.com/from=1001192y/bd_page_type=1/ssid=0/uid=0/pu=sz%401320_1001%2Cta%40iphone_2_12.0_28_16.0%2Cusm%400/baiduid=9F4D1A52B40499F2F2C05AA9D62C9A4B/w=0_10_/t=iphone/l=1/tc,1,100,0
m.baidu.com/from=1001192y/bd_page_type=1/ssid=0/uid=0/pu=sz%401320_1001%2Cta%40iphone_2_12.0_28_16.0%2Cusm%400/baiduid=AB4C1D701959273FD437CCF177557BD4/w=0_10_/t=iphone/l=1/tc,1,100,0
m.baidu.com/from=1001192y/bd_page_type=1/ssid=0/uid=0/pu=sz%401320_1001%2Cta%40iphone_2_12.0_28_16.0%2Cusm%400/baiduid=B4F4068A00FD9734BCB3607D32CA949E/w=0_10_/t=iphone/l=1/tc,1,0,4
m.baidu.com/from=1001192y/bd_page_type=1/ssid=0/uid=0/pu=sz%401320_1001%2Cta%40iphone_2_12.0_28_16.0%2Cusm%400/baiduid=EE47A91CC29B40BCC4F919051573A921/w=0_10_/t=iphone/l=1/tc,1,0,1
m.baidu.com/from=1001192y/bd_page_type=1/ssid=0/uid=0/pu=sz%401320_1001%2Cta%40iphone_2_12.0_28_16.0%2Cusm%401/baiduid=1EED196263C5128AB2B97F2BD91D2400/w=0_10_/t=iphone/l=1/tc,1,100,0
m.baidu.com/from=1001192y/bd_page_type=1/ssid=0/uid=0/pu=sz%401320_1001%2Cta%40iphone_2_12.0_28_16.0%2Cusm%401/baiduid=554CD3B2C466F0A222910D48D8838964/w=0_10_/t=iphone/l=1/tc,1,100,0
m.baidu.com/from=1001192y/bd_page_type=1/ssid=0/uid=0/pu=usm%400%2Csz%401320_1001%2Cta%40iphone_2_10.0_28_11.0/baiduid=3247887259B1076CC57A5AD7C04245B4/w=0_10_/t=iphone/l=1/tc,1,0,1
m.baidu.com/from=1001192y/bd_page_type=1/ssid=0/uid=0/pu=usm%400%2Csz%401320_1001%2Cta%40iphone_2_10.0_28_16.0/baiduid=09ACB8550EBB70B4C59C2C6BA7327665/w=0_10_/t=iphone/l=1/tc,1,0,79
m.baidu.com/from=1001192y/bd_page_type=1/ssid=0/uid=0/pu=usm%400%2Csz%401320_1001%2Cta%40iphone_2_10.0_28_16.0/baiduid=11DA6437C0F508662CEF7D36A2237025/w=0_10_/t=iphone/l=1/tc,1,100,0
m.baidu.com/from=1001192y/bd_page_type=1/ssid=0/uid=0/pu=usm%400%2Csz%401320_1001%2Cta%40iphone_2_10.0_28_16.0/baiduid=1713FEEB6B42BB54CD3DFEB4C04CA8D1/w=0_10_/t=iphone/l=1/tc,1,100,0
m.baidu.com/from=1001192y/bd_page_type=1/ssid=0/uid=0/pu=usm%400%2Csz%401320_1001%2Cta%40iphone_2_10.0_28_16.0/baiduid=237EE36B49D022AE548C0E340BD8B55C/w=0_10_/t=iphone/l=1/tc,1,100,0
m.baidu.com/from=1001192y/bd_page_type=1/ssid=0/uid=0/pu=usm%400%2Csz%401320_1001%2Cta%40iphone_2_10.0_28_16.0/baiduid=2A06118678118C090624A06EBA5060EB/w=0_10_/t=iphone/l=1/tc,1,100,0
m.baidu.com/from=1001192y/bd_page_type=1/ssid=0/uid=0/pu=usm%400%2Csz%401320_1001%2Cta%40iphone_2_10.0_28_16.0/baiduid=4EBE60A9A3F2ECFE7762A77DDEB29D59/w=0_10_/t=iphone/l=1/tc,1,0,0
m.baidu.com/from=1001192y/bd_page_type=1/ssid=0/uid=0/pu=usm%400%2Csz%401320_1001%2Cta%40iphone_2_10.0_28_16.0/baiduid=5FD77D537C4A2F095CB3853A8B24356C/w=0_10_/t=iphone/l=1/tc,1,0,1
m.baidu.com/from=1001192y/bd_page_type=1/ssid=0/uid=0/pu=usm%400%2Csz%401320_1001%2Cta%40iphone_2_10.0_28_16.0/baiduid=6E1CF721F42B753C53EDC1B4714D0DE5/w=0_10_/t=iphone/l=1/tc,1,0,0
m.baidu.com/from=1001192y/bd_page_type=1/ssid=0/uid=0/pu=usm%400%2Csz%401320_1001%2Cta%40iphone_2_10.0_28_16.0/baiduid=7EA46E580F37E07490E8DEB282720CEE/w=0_10_/t=iphone/l=1/tc,1,100,0
m.baidu.com/from=1001192y/bd_page_type=1/ssid=0/uid=0/pu=usm%400%2Csz%401320_1001%2Cta%40iphone_2_10.0_28_16.0/baiduid=BABF14278A73D18E1955F94174F677C1/w=0_10_/t=iphone/l=1/tc,1,0,3
m.baidu.com/from=1001192y/bd_page_type=1/ssid=0/uid=0/pu=usm%400%2Csz%401320_1001%2Cta%40iphone_2_10.0_28_16.0/baiduid=DA1BEF90360D34E1568FABFEFA5079A3/w=0_10_/t=iphone/l=1/tc,1,100,0
m.baidu.com/from=1001192y/bd_page_type=1/ssid=0/uid=0/pu=usm%400%2Csz%401320_1001%2Cta%40iphone_2_10.0_28_16.0/baiduid=EA366BE60396C08CC1A3642D200430F1/w=0_10_/t=iphone/l=1/tc,1,0,0
m.baidu.com/from=1001192y/bd_page_type=1/ssid=0/uid=0/pu=usm%400%2Csz%401320_1001%2Cta%40iphone_2_12.0_28_16.0/baiduid=005B73656C25F4CFC22AE1E83EC13743/w=0_10_/t=iphone/l=1/tc,1,0,453
m.baidu.com/from=1001192y/bd_page_type=1/ssid=0/uid=0/pu=usm%400%2Csz%401320_1001%2Cta%40iphone_2_12.0_28_16.0/baiduid=044763405660A42B6AC4A3C38A5A2D87/w=0_10_/t=iphone/l=1/tc,1,0,0
m.baidu.com/from=1001192y/bd_page_type=1/ssid=0/uid=0/pu=usm%400%2Csz%401320_1001%2Cta%40iphone_2_12.0_28_16.0/baiduid=0511014F5827BD35A3B78F7308545596/w=0_10_/t=iphone/l=1/tc,1,100,0
m.baidu.com/from=1001192y/bd_page_type=1/ssid=0/uid=0/pu=usm%400%2Csz%401320_1001%2Cta%40iphone_2_12.0_28_16.0/baiduid=12B98044EAC5BB555C4C9C2335914F8C/w=0_10_/t=iphone/l=1/tc,1,100,0
m.baidu.com/from=1001192y/bd_page_type=1/ssid=0/uid=0/pu=usm%400%2Csz%401320_1001%2Cta%40iphone_2_12.0_28_16.0/baiduid=14C456F0E447B43A4200B6FDFD90149F/w=0_10_/t=iphone/l=1/tc,1,0,0
m.baidu.com/from=1001192y/bd_page_type=1/ssid=0/uid=0/pu=usm%400%2Csz%401320_1001%2Cta%40iphone_2_12.0_28_16.0/baiduid=2D5BBEF1697D002F250FA04A5C745014/w=0_10_/t=iphone/l=1/tc,1,0,0
m.baidu.com/from=1001192y/bd_page_type=1/ssid=0/uid=0/pu=usm%400%2Csz%401320_1001%2Cta%40iphone_2_12.0_28_16.0/baiduid=2F77F1D8468812CE6B7B6C4B51DEA6C1/w=0_10_/t=iphone/l=1/tc,1,100,0
m.baidu.com/from=1001192y/bd_page_type=1/ssid=0/uid=0/pu=usm%400%2Csz%401320_1001%2Cta%40iphone_2_12.0_28_16.0/baiduid=391D1A1CE24FA3CFFF9893359C1508D7/w=0_10_/t=iphone/l=1/tc,1,0,1
m.baidu.com/from=1001192y/bd_page_type=1/ssid=0/uid=0/pu=usm%400%2Csz%401320_1001%2Cta%40iphone_2_12.0_28_16.0/baiduid=4BD81959BE9E37BEE0335C64A03FBA9F/w=0_10_/t=iphone/l=1/tc,1,0,0
m.baidu.com/from=1001192y/bd_page_type=1/ssid=0/uid=0/pu=usm%400%2Csz%401320_1001%2Cta%40iphone_2_12.0_28_16.0/baiduid=6535E8C90795AC584ED1AFF5AD559DC5/w=0_10_/t=iphone/l=1/tc,1,0,0
m.baidu.com/from=1001192y/bd_page_type=1/ssid=0/uid=0/pu=usm%400%2Csz%401320_1001%2Cta%40iphone_2_12.0_28_16.0/baiduid=6F82E6EE9F07D219CA749A825D6FF444/w=0_10_/t=iphone/l=1/tc,1,100,0
m.baidu.com/from=1001192y/bd_page_type=1/ssid=0/uid=0/pu=usm%400%2Csz%401320_1001%2Cta%40iphone_2_12.0_28_16.0/baiduid=70C31F2FB0014482D1A00A3C13780D7B/w=0_10_/t=iphone/l=1/tc,1,100,0
m.baidu.com/from=1001192y/bd_page_type=1/ssid=0/uid=0/pu=usm%400%2Csz%401320_1001%2Cta%40iphone_2_12.0_28_16.0/baiduid=749C90BA1A8D220C7AA92ABC03D8D668/w=0_10_/t=iphone/l=1/tc,1,100,0
m.baidu.com/from=1001192y/bd_page_type=1/ssid=0/uid=0/pu=usm%400%2Csz%401320_1001%2Cta%40iphone_2_12.0_28_16.0/baiduid=82C800C5B402BABF3B885042C672BB46/w=0_10_/t=iphone/l=1/tc,1,0,7
m.baidu.com/from=1001192y/bd_page_type=1/ssid=0/uid=0/pu=usm%400%2Csz%401320_1001%2Cta%40iphone_2_12.0_28_16.0/baiduid=8D9904152EBBDB6858E2E0B16F664746/w=0_10_/t=iphone/l=1/tc,1,100,0
m.baidu.com/from=1001192y/bd_page_type=1/ssid=0/uid=0/pu=usm%400%2Csz%401320_1001%2Cta%40iphone_2_12.0_28_16.0/baiduid=93761494B7425AA5C03AEB42EED16511/w=0_10_/t=iphone/l=1/tc,1,0,1
m.baidu.com/from=1001192y/bd_page_type=1/ssid=0/uid=0/pu=usm%400%2Csz%401320_1001%2Cta%40iphone_2_12.0_28_16.0/baiduid=9F3D10757AFE93B9C1A648612BABC935/w=0_10_/t=iphone/l=1/tc,1,0,0
m.baidu.com/from=1001192y/bd_page_type=1/ssid=0/uid=0/pu=usm%400%2Csz%401320_1001%2Cta%40iphone_2_12.0_28_16.0/baiduid=9F4D1A52B40499F2F2C05AA9D62C9A4B/w=0_10_/t=iphone/l=1/tc,1,100,0
m.baidu.com/from=1001192y/bd_page_type=1/ssid=0/uid=0/pu=usm%400%2Csz%401320_1001%2Cta%40iphone_2_12.0_28_16.0/baiduid=A7B0D05D4546E344AF2257799534732B/w=0_10_/t=iphone/l=1/tc,1,100,0
m.baidu.com/from=1001192y/bd_page_type=1/ssid=0/uid=0/pu=usm%400%2Csz%401320_1001%2Cta%40iphone_2_12.0_28_16.0/baiduid=BC3D39DBBE89F8FD2A6163D331C8B5EE/w=0_10_/t=iphone/l=1/tc,1,100,0
m.baidu.com/from=1001192y/bd_page_type=1/ssid=0/uid=0/pu=usm%400%2Csz%401320_1001%2Cta%40iphone_2_12.0_28_16.0/baiduid=BD2F3768D0212AC541B297E58054650C/w=0_10_/t=iphone/l=1/tc,1,0,0
m.baidu.com/from=1001192y/bd_page_type=1/ssid=0/uid=0/pu=usm%400%2Csz%401320_1001%2Cta%40iphone_2_12.0_28_16.0/baiduid=C3DCA0CA5A9B93285B1563704D585F92/w=0_10_/t=iphone/l=1/tc,1,100,0
m.baidu.com/from=1001192y/bd_page_type=1/ssid=0/uid=0/pu=usm%400%2Csz%401320_1001%2Cta%40iphone_2_12.0_28_16.0/baiduid=DAC7DBBA0D88D2B824DC9BF7D98EFC1A/w=0_10_/t=iphone/l=1/tc,1,100,0
m.baidu.com/from=1001192y/bd_page_type=1/ssid=0/uid=0/pu=usm%400%2Csz%401320_1001%2Cta%40iphone_2_12.0_28_16.0/baiduid=ED1CA7DD0AAEB0A393553F09DE602C87/w=0_10_/t=iphone/l=1/tc,1,0,36
m.baidu.com/from=1001192y/bd_page_type=1/ssid=0/uid=0/pu=usm%400%2Csz%401320_1001%2Cta%40iphone_2_12.0_28_16.0/baiduid=F6D05078DD5EDCDA6A045BBD9B04B29A/w=0_10_/t=iphone/l=1/tc,1,100,0
m.baidu.com/from=1001192y/bd_page_type=1/ssid=0/uid=0/pu=usm%400%2Csz%401320_1001%2Cta%40iphone_2_9.0_28_16.0/baiduid=0359FC8E9538C2D689B207901538549C/w=0_10_/t=iphone/l=1/tc,1,100,0
m.baidu.com/from=1001192y/bd_page_type=1/ssid=0/uid=0/pu=usm%400%2Csz%401320_1001%2Cta%40iphone_2_9.0_28_16.0/baiduid=2B454850D7344F8E60ED4CFE88FBB0FD/w=0_10_/t=iphone/l=1/tc,1,0,0
m.baidu.com/from=1001192y/bd_page_type=1/ssid=0/uid=0/pu=usm%400%2Csz%401320_1001%2Cta%40iphone_2_9.0_28_16.0/baiduid=6A2B6EFA81E40FBF96B3FD810F8AF946/w=0_10_/t=iphone/l=1/tc,1,100,0
m.baidu.com/from=1001192y/bd_page_type=1/ssid=0/uid=0/pu=usm%400%2Csz%401320_1001%2Cta%40iphone_2_9.0_28_16.0/baiduid=D7630C9B7A6BB9723C0114202D91EFFB/w=0_10_/t=iphone/l=1/tc,1,100,0
m.baidu.com/from=1001192y/bd_page_type=1/ssid=0/uid=0/pu=usm%400%2Csz%401320_220%2Cta%40iphone___24_114.0/baiduid=28905C04F1ACA2196E061B4127C25B1E/w=0_10_/t=iphone/l=1/tc,1,0,0
m.baidu.com/from=1001192y/bd_page_type=1/ssid=0/uid=0/pu=usm%401%2Csz%401320_1001%2Cta%40iphone_2_10.0_28_16.0/baiduid=21F89AF9105B4538B3886285F2B8AE1D/w=0_10_/t=iphone/l=1/tc,1,100,0
m.baidu.com/from=1001192y/bd_page_type=1/ssid=0/uid=0/pu=usm%401%2Csz%401320_1001%2Cta%40iphone_2_12.0_28_16.0/baiduid=211B44A8A265704665CDA6ED70A444CC/w=0_10_/t=iphone/l=1/tc,1,0,0
m.baidu.com/from=1001192y/bd_page_type=1/ssid=0/uid=0/pu=usm%401%2Csz%401320_1001%2Cta%40iphone_2_12.0_28_16.0/baiduid=74584278BC4E405C022388334F2508D6/w=0_10_/t=iphone/l=1/tc,1,100,0
m.baidu.com/from=1001192y/bd_page_type=1/ssid=0/uid=0/pu=usm%401%2Csz%401320_1001%2Cta%40iphone_2_12.0_28_16.0/baiduid=9144E7EF2449A1F322B3A8B1D55CD3C7/w=0_10_/t=iphone/l=1/tc,1,0,0
m.baidu.com/from=1001192y/bd_page_type=1/ssid=0/uid=0/pu=usm%401%2Csz%401320_1001%2Cta%40iphone_2_12.0_28_16.0/baiduid=BE378676DC8AD38F840B56C6A0DB6437/w=0_10_/t=iphone/l=1/tc,1,100,0
m.baidu.com/from=1001192y/bd_page_type=1/ssid=0/uid=0/pu=usm%401%2Csz%401320_1001%2Cta%40iphone_2_12.0_28_16.0/baiduid=E695A8C3E654CBFCF48AFC801623E735/w=0_10_/t=iphone/l=1/tc,1,0,0
m.baidu.com/from=1001192y/bd_page_type=1/ssid=0/uid=0/pu=usm%402%2Csz%401320_1001%2Cta%40iphone_2_12.0_28_16.0/baiduid=37757E265DD5E142F0DB07A1AD210FF8/w=0_10_/t=iphone/l=1/tc,1,0,2
m.baidu.com/from=1001192y/bd_page_type=1/ssid=0/uid=1755926034036_816/pu=usm%400%2Csz%401320_1001%2Cta%40iphone_2_10.0_28_16.0/baiduid=CA60627D7C0212552D94477B7A452787/w=0_10_/t=iphone/l=1/tc,1,0,1
m.baidu.com/from=1001703a/bd_page_type=1/ssid=0/uid=0/pu=sz%401320_1001%2Cta%40iphone_2_11.0_18_40.10%2Cusm%401/baiduid=0F1C1D7F2667DE354A6D3F45096B2CB6/w=0_10_/t=iphone/l=1/tc,1,100,0
m.baidu.com/from=1001703a/bd_page_type=1/ssid=0/uid=0/pu=sz%401320_1001%2Cta%40iphone_2_12.0_18_40.10%2Cusm%400/baiduid=3D7906A025799B398AB516FB11CDB915/w=0_10_/t=iphone/l=1/tc,1,100,0
m.baidu.com/from=1001703a/bd_page_type=1/ssid=0/uid=0/pu=sz%401320_1001%2Cta%40iphone_2_12.0_18_40.10%2Cusm%400/baiduid=7E1689847D8BC89756BE8C1623260563/w=0_10_/t=iphone/l=1/tc,1,100,0
m.baidu.com/from=1001703a/bd_page_type=1/ssid=0/uid=0/pu=sz%401320_1001%2Cta%40iphone_2_12.0_18_40.9%2Cusm%400/baiduid=2761643BC6F9271F999023714E9D9505/w=0_10_/t=iphone/l=1/tc,1,100,0
m.baidu.com/from=1001703a/bd_page_type=1/ssid=0/uid=0/pu=sz%401320_1001%2Cta%40iphone_2_13.0_18_40.9%2Cusm%400/baiduid=349F6E458008456E64AF03F9188A295D/w=0_10_/t=iphone/l=1/tc,1,100,0
m.baidu.com/from=1001703a/bd_page_type=1/ssid=0/uid=0/pu=sz%401320_1001%2Cta%40iphone_2_15.0_18_40.9%2Cusm%401/baiduid=9D2FDCCEE971305CD43CB7B7687C0BDC/w=0_10_/t=iphone/l=1/tc,1,0,5
m.baidu.com/from=1001703a/bd_page_type=1/ssid=0/uid=0/pu=sz%401320_1001%2Cta%40iphone_2_9.0_18_20.8%2Cusm%400/baiduid=53E5248BFB309695F061D71CD12E9869/w=0_10_/t=iphone/l=1/tc,1,100,0
m.baidu.com/from=1001703a/bd_page_type=1/ssid=0/uid=0/pu=usm%400%2Csz%401320_1001%2Cta%40iphone_2_11.0_18_40.10/baiduid=2A063534595AB296F495EABE6D121522/w=0_10_/t=iphone/l=1/tc,1,100,0
m.baidu.com/from=1001703a/bd_page_type=1/ssid=0/uid=0/pu=usm%400%2Csz%401320_1001%2Cta%40iphone_2_12.0_18_/baiduid=1BC25FB55CFABE7D8AD7CF65C16B4AB5/w=0_10_/t=iphone/l=1/tc,1,100,0
m.baidu.com/from=1001703a/bd_page_type=1/ssid=0/uid=0/pu=usm%400%2Csz%401320_1001%2Cta%40iphone_2_12.0_18_40.10/baiduid=DF2A00870BED002F3B6D41EE7B199F8C/w=0_10_/t=iphone/l=1/tc,1,100,0
m.baidu.com/from=1001703a/bd_page_type=1/ssid=0/uid=0/pu=usm%400%2Csz%401320_1001%2Cta%40iphone_2_12.0_18_40.9/baiduid=64099B2F1F052F0FA03BEE48406A9C40/w=0_10_/t=iphone/l=1/tc,1,100,0
m.baidu.com/from=1001703a/bd_page_type=1/ssid=0/uid=0/pu=usm%400%2Csz%401320_1001%2Cta%40iphone_2_14.0_18_40.10/baiduid=1A0584525C49627C75D429F1EE003005/w=0_10_/t=iphone/l=1/tc,1,100,0
m.baidu.com/from=1001703a/bd_page_type=1/ssid=0/uid=0/pu=usm%400%2Csz%401320_1001%2Cta%40iphone_2_14.0_18_40.9/baiduid=308BE966B39506F1F5F1C3AFF4BC6EB4/w=0_10_/t=iphone/l=1/tc,1,100,0
m.baidu.com/from=1001703a/bd_page_type=1/ssid=0/uid=0/pu=usm%400%2Csz%401320_1001%2Cta%40iphone_2_14.0_18_40.9/baiduid=38B147DDC538B67A0FF9B3BEA596A1B5/w=0_10_/t=iphone/l=1/tc,1,100,0
m.baidu.com/from=1001703a/bd_page_type=1/ssid=0/uid=0/pu=usm%400%2Csz%401320_1001%2Cta%40iphone_2_14.0_18_40.9/baiduid=690792B7274ED310522B48E6944386B2/w=0_10_/t=iphone/l=1/tc,1,100,0
m.baidu.com/from=1001703a/bd_page_type=1/ssid=0/uid=0/pu=usm%400%2Csz%401320_1001%2Cta%40iphone_2_15.0_18_40.10/baiduid=CCCD8538DDBA96D632D6777EF53DAC7D/w=0_10_/t=iphone/l=1/tc,1,0,38
m.baidu.com/from=1001703a/bd_page_type=1/ssid=0/uid=0/pu=usm%400%2Csz%401320_1001%2Cta%40iphone_2_15.0_18_40.10/baiduid=EBBFE6EF3C6FB278AD130E2587FB3122/w=0_10_/t=iphone/l=1/tc,1,100,0
m.baidu.com/from=1001703a/bd_page_type=1/ssid=0/uid=0/pu=usm%400%2Csz%401320_1001%2Cta%40iphone_2_15.0_18_40.10/baiduid=FDA37971E113D97EB067F56B3ACC5D70/w=0_10_/t=iphone/l=1/tc,1,100,0
m.baidu.com/from=1001703a/bd_page_type=1/ssid=0/uid=0/pu=usm%400%2Csz%401320_1001%2Cta%40iphone_2_15.0_18_40.9/baiduid=58CB29F552493D6AFEA7522956975E19/w=0_10_/t=iphone/l=1/tc,1,0,536
m.baidu.com/from=1001703a/bd_page_type=1/ssid=0/uid=0/pu=usm%400%2Csz%401320_1001%2Cta%40iphone_2_15.0_18_40.9/baiduid=68BB977821E886FDEB0CCFCA98FBC703/w=0_10_/t=iphone/l=1/tc,1,100,0
m.baidu.com/from=1001703a/bd_page_type=1/ssid=0/uid=0/pu=usm%400%2Csz%401320_1001%2Cta%40iphone_2_15.0_18_40.9/baiduid=AE808EDEC0971541DB3C89A6F4505357/w=0_10_/t=iphone/l=1/tc,1,100,0
m.baidu.com/from=1001703a/bd_page_type=1/ssid=0/uid=0/pu=usm%400%2Csz%401320_1001%2Cta%40iphone_2_15.0_18_40.9/baiduid=CB0176A3B3A2FD2FE47EEBA6F9080286/w=0_10_/t=iphone/l=1/tc,1,100,0
m.baidu.com/from=1001703a/bd_page_type=1/ssid=0/uid=0/pu=usm%400%2Csz%401320_1001%2Cta%40iphone_2_5.1_18_10.7/baiduid=741B25DB435600924264A9813429A31B/w=0_10_/t=iphone/l=1/tc,1,0,10
m.baidu.com/from=1001703a/bd_page_type=1/ssid=0/uid=0/pu=usm%400%2Csz%401320_1001%2Cta%40iphone_2_5.1_18_4.3/baiduid=E6DC6B35D7EED85FCA9E614173952568/w=0_10_/t=iphone/l=1/tc,1,100,0
m.baidu.com/from=1001703a/bd_page_type=1/ssid=0/uid=0/pu=usm%400%2Csz%401320_1001%2Cta%40iphone_2_8.1_18_10.9/baiduid=408FFF48579C8FA32C9B7B13FF486E61/w=0_10_/t=iphone/l=1/tc,1,100,0
m.baidu.com/from=1001703a/bd_page_type=1/ssid=0/uid=0/pu=usm%400%2Csz%401320_220%2Cta%40iphone___18_40.10/baiduid=1709960E7BF48556AC0B6F3536B64247/w=0_10_/t=iphone/l=1/tc,1,100,0
m.baidu.com/from=1001703a/bd_page_type=1/ssid=0/uid=0/pu=usm%401%2Csz%401320_1001%2Cta%40iphone_2_13.0_18_40.10/baiduid=8D83008504474295EC687B00AD25E150/w=0_10_/t=iphone/l=1/tc,1,100,0
m.baidu.com/from=1001703a/bd_page_type=1/ssid=0/uid=0/pu=usm%401%2Csz%401320_1001%2Cta%40iphone_2_14.0_18_40.10/baiduid=0FBD6830B88CF9AD112A0F62A003DDD1/w=0_10_/t=iphone/l=1/tc,1,100,0
m.baidu.com/from=1001703a/bd_page_type=1/ssid=0/uid=0/pu=usm%401%2Csz%401320_1001%2Cta%40iphone_2_14.0_18_40.10/baiduid=15B3EC8BBCA55377A9EB505C40E4AD03/w=0_10_/t=iphone/l=1/tc,1,100,0
m.baidu.com/from=1001703a/bd_page_type=1/ssid=0/uid=0/pu=usm%401%2Csz%401320_1001%2Cta%40iphone_2_15.0_18_40.9/baiduid=3D78528C4D00E41284A4767A7EED5F2F/w=0_10_/t=iphone/l=1/tc,1,100,0
m.baidu.com/from=1001703a/bd_page_type=1/ssid=0/uid=0/pu=usm%401%2Csz%401320_220%2Cta%40iphone___18_40.10/baiduid=1CA1F45FB340A320A72F04F006069623/w=0_10_/t=iphone/l=1/tc,1,100,0
m.baidu.com/from=1001703y/bd_page_type=1/ssid=0/uid=0/pu=sz%401320_1001%2Cta%40iphone_2_12.0_18_40.9%2Cusm%400/baiduid=A8892CF29F50E3D9930CCD42B25E739F/w=0_10_/t=iphone/l=1/tc,1,100,0
m.baidu.com/from=1012018a/bd_page_type=1/ssid=0/uid=0/pu=sz%401320_1003%2Cta%40iphone_2_11.0_1_17.5%2Cusm%400/baiduid=4CEE136A4B0ED4986FDC4C03FD6FA53B/w=0_20_/t=iphone/l=1/tc,1,100,0
m.baidu.com/from=1012018a/bd_page_type=1/ssid=0/uid=0/pu=usm%400%2Csz%401320_1003%2Cta%40iphone_2_14.0_1_18.0/baiduid=D18A7CD6CE7359115868CFBCDFE616DB/w=0_20_/t=iphone/l=1/tc,1,100,0
m.baidu.com/from=1012852q/bd_page_type=1/ssid=0/uid=0/pu=sz%401320_220%2Cta%40iphone___11_20.0%2Cusm%400/baiduid=1F84D869B6D324105E3D27C1C40C4BC0/w=0_10_/t=iphone/l=1/tc,1,100,0
m.baidu.com/from=1012852q/bd_page_type=1/ssid=0/uid=0/pu=usm%400%2Csz%401320_1004%2Cta%40iphone_2_12.0_11_19.9/baiduid=CAF8D8E0B184870E77CF2FC1F6E2CC1E/w=0_10_/t=iphone/l=1/tc,1,100,0
m.baidu.com/from=1012852q/bd_page_type=1/ssid=0/uid=0/pu=usm%400%2Csz%401320_1004%2Cta%40iphone_2_14.0_11_19.3/baiduid=5B567207480EACCACD67569AEE24BE46/w=0_10_/t=iphone/l=1/tc,1,100,0
m.baidu.com/from=1012852q/bd_page_type=1/ssid=0/uid=0/pu=usm%400%2Csz%401320_1004%2Cta%40iphone_2_15.0_11_20.1/baiduid=8A62FA2BBAF4DE01A614F2D9E18CE852/w=0_10_/t=iphone/l=1/tc,1,100,0
m.baidu.com/from=1012852q/bd_page_type=1/ssid=0/uid=0/pu=usm%400%2Csz%401320_1004%2Cta%40iphone_2_15.0_11_20.1/baiduid=91F70176299F39A9CFB675407DE6CD14/w=0_10_/t=iphone/l=1/tc,1,0,30
m.baidu.com/from=1012852q/bd_page_type=1/ssid=0/uid=0/pu=usm%400%2Csz%401320_1004%2Cta%40iphone_2_9.0_11_11.4/baiduid=36BEFBC3CEA341ECBCF213E11417D28C/w=0_10_/t=iphone/l=1/tc,1,100,0
m.baidu.com/from=1012852q/bd_page_type=1/ssid=0/uid=0/pu=usm%400%2Csz%401320_220%2Cta%40iphone___11_19.7/baiduid=332ABD5870DC1AC177DC08BA00E04B92/w=0_10_/t=iphone/l=1/tc,1,100,0
m.baidu.com/from=1013672b/bd_page_type=1/ssid=0/uid=0/pu=sz%401320_1004%2Cta%40iphone_2_8.1_11_10.4%2Cusm%400/baiduid=7826B9B642C1921E742EE9B59EE024F8/w=0_10_/t=iphone/l=1/tc,1,100,0
m.baidu.com/from=1013672g/bd_page_type=1/ssid=0/uid=0/pu=usm%400%2Csz%401320_1004%2Cta%40iphone_2_15.0_11_20.0/baiduid=B0B094C608936C9089AA90A0115CB24E/w=0_10_/t=iphone/l=1/tc,1,100,0
m.baidu.com/from=1013966u/bd_page_type=1/ssid=0/uid=0/pu=sz%401320_1001%2Cta%40iphone_2_11.0_19_25.6%2Cusm%400/baiduid=EA477D0CE473D6E7FEB97D0D15CE4D9A/w=0_10_/t=iphone/l=1/tc,1,100,0
m.baidu.com/from=1013966u/bd_page_type=1/ssid=0/uid=0/pu=sz%401320_1001%2Cta%40iphone_2_13.0_19_18.7%2Cusm%400/baiduid=FD9782AD6A0778B188B7729CB6BFF455/w=0_10_/t=iphone/l=1/tc,1,100,0
m.baidu.com/from=1013966u/bd_page_type=1/ssid=0/uid=0/pu=sz%401320_1001%2Cta%40iphone_2_14.0_19_25.7%2Cusm%400/baiduid=3F417DCEED3E64459E2377085D61ADD0/w=0_10_/t=iphone/l=1/tc,1,100,0
m.baidu.com/from=1013966u/bd_page_type=1/ssid=0/uid=0/pu=usm%400%2Csz%401320_1001%2Cta%40iphone_2_10.0_19_25.2/baiduid=D2E6AE435AD62E47379447A8719FF6DE/w=0_10_/t=iphone/l=1/tc,1,100,0
m.baidu.com/from=1013966u/bd_page_type=1/ssid=0/uid=0/pu=usm%400%2Csz%401320_1001%2Cta%40iphone_2_10.0_19_25.6/baiduid=5678F0DC9C94CC679FCF179820E65B25/w=0_10_/t=iphone/l=1/tc,1,100,0
m.baidu.com/from=1013966u/bd_page_type=1/ssid=0/uid=0/pu=usm%400%2Csz%401320_1001%2Cta%40iphone_2_10.0_19_25.7/baiduid=1CC9E4F97FEEF7BFEC009AC84938A177/w=0_10_/t=iphone/l=1/tc,1,100,0
m.baidu.com/from=1013966u/bd_page_type=1/ssid=0/uid=0/pu=usm%400%2Csz%401320_1001%2Cta%40iphone_2_10.0_19_25.9/baiduid=C9851D93FC7E2E5E8707FCE61B8E0C82/w=0_10_/t=iphone/l=1/tc,1,100,0
m.baidu.com/from=1013966u/bd_page_type=1/ssid=0/uid=0/pu=usm%400%2Csz%401320_1001%2Cta%40iphone_2_11.0_19_24.8/baiduid=5D83BA4548549ACEE2D095452E2CB9D0/w=0_10_/t=iphone/l=1/tc,1,100,0
m.baidu.com/from=1013966u/bd_page_type=1/ssid=0/uid=0/pu=usm%400%2Csz%401320_1001%2Cta%40iphone_2_11.0_19_25.1/baiduid=BDF6E0AB932F0381F271CC90CD187044/w=0_10_/t=iphone/l=1/tc,1,100,0
m.baidu.com/from=1013966u/bd_page_type=1/ssid=0/uid=0/pu=usm%400%2Csz%401320_1001%2Cta%40iphone_2_11.0_19_25.8/baiduid=FBE452861ECA9B65BB1642B839030D27/w=0_10_/t=iphone/l=1/tc,1,100,0
m.baidu.com/from=1013966u/bd_page_type=1/ssid=0/uid=0/pu=usm%400%2Csz%401320_1001%2Cta%40iphone_2_12.0_19_25.9/baiduid=0753CCC105F8117C7D8E91BBD0F07AE9/w=0_10_/t=iphone/l=1/tc,1,100,0
m.baidu.com/from=1013966u/bd_page_type=1/ssid=0/uid=0/pu=usm%400%2Csz%401320_1001%2Cta%40iphone_2_13.0_19_25.9/baiduid=B98B0E3D6F96DC111FB70DD4DB8CF4A8/w=0_10_/t=iphone/l=1/tc,1,100,0
m.baidu.com/from=1013966u/bd_page_type=1/ssid=0/uid=0/pu=usm%400%2Csz%401320_1001%2Cta%40iphone_2_15.0_19_25.3/baiduid=BCCB64CF83344F04AC484FB9ECDD76BF/w=0_10_/t=iphone/l=1/tc,1,100,0
m.baidu.com/from=1013966u/bd_page_type=1/ssid=0/uid=0/pu=usm%400%2Csz%401320_1001%2Cta%40iphone_2_15.0_19_25.6/baiduid=A8D0FF94C58E03DD5D1B66B12EC9B688/w=0_10_/t=iphone/l=1/tc,1,100,0
m.baidu.com/from=1013966u/bd_page_type=1/ssid=0/uid=0/pu=usm%400%2Csz%401320_1001%2Cta%40iphone_2_15.0_19_25.8/baiduid=0BBEB0309AF8BD184771CC081F8938F4/w=0_10_/t=iphone/l=1/tc,1,100,0
m.baidu.com/from=1013966u/bd_page_type=1/ssid=0/uid=0/pu=usm%400%2Csz%401320_1001%2Cta%40iphone_2_15.0_19_25.9/baiduid=A5B5DDE6D173BBFA1AB5FCC7CBF84775/w=0_10_/t=iphone/l=1/tc,1,100,0
m.baidu.com/from=1013966u/bd_page_type=1/ssid=0/uid=0/pu=usm%400%2Csz%401320_1001%2Cta%40iphone_2_15.0_19_25.9/baiduid=C8AE7F1F78173F56629458F5A1F0EBFE/w=0_10_/t=iphone/l=1/tc,1,0,0
m.baidu.com/from=1013966u/bd_page_type=1/ssid=0/uid=0/pu=usm%400%2Csz%401320_1001%2Cta%40iphone_2_8.1_19_14.7/baiduid=68223BD6C5B2772BA1A2707CDEEFEDBC/w=0_10_/t=iphone/l=1/tc,1,100,0
m.baidu.com/from=1013966u/bd_page_type=1/ssid=0/uid=0/pu=usm%400%2Csz%401320_1001%2Cta%40iphone_2_9.0_19_25.8/baiduid=A70D6BBBA50E62B394F6BDDF128B18CB/w=0_10_/t=iphone/l=1/tc,1,0,276
m.baidu.com/from=1014994a/bd_page_type=1/ssid=0/uid=0/pu=sz%401320_220%2Cta%40iphone_5_5.0_28_5.1%2Cusm%400/baiduid=B64ABD4F607914D8306D3B05068E983D/w=0_10_/t=iphone/l=1/tc,1,100,0
m.baidu.com/from=1015011h/bd_page_type=1/ssid=0/uid=0/pu=usm%400%2Csz%401320_1001%2Cta%40iphone_2_12.0_24_91.0/baiduid=E3B39735232FEB59296A37C3E138E17B/w=0_10_/t=iphone/l=1/tc,1,100,0
m.baidu.com/from=1015011n/bd_page_type=1/ssid=0/uid=0/pu=usm%400%2Csz%401320_1001%2Cta%40iphone_2_10.0_22_3.10/baiduid=30E8637A05186B6359CFCF593CFBF258/w=0_10_/t=iphone/l=1/tc,1,100,0
m.baidu.com/from=1015011n/bd_page_type=1/ssid=0/uid=0/pu=usm%400%2Csz%401320_1001%2Cta%40iphone_2_10.0_24_114.0/baiduid=D3D54065AB27B7C7C20E0532269258B0/w=0_10_/t=iphone/l=1/tc,1,100,0
m.baidu.com/from=1015011p/bd_page_type=1/ssid=0/uid=0/pu=usm%400%2Csz%401320_1001%2Cta%40iphone_2_13.0_24_128.0/baiduid=5E9120136729EE3C4CAC0358C8877730/w=0_10_/t=iphone/l=1/tc,1,100,0
m.baidu.com/from=1015819s/bd_page_type=1/ssid=0/uid=0/pu=usm%400%2Csz%401320_1003%2Cta%40iphone_2_13.0_1_18.0/baiduid=3FDD5DEFDA56957D93B14916A203FAE6/w=0_20_/t=iphone/l=1/tc,1,100,0
m.baidu.com/from=1015819s/bd_page_type=1/ssid=0/uid=0/pu=usm%400%2Csz%401320_1003%2Cta%40iphone_2_14.0_1_16.4/baiduid=612D65F3102C97B9F4936EE4328D4485/w=0_20_/t=iphone/l=1/tc,1,100,0
m.baidu.com/from=1019311a/bd_page_type=1/ssid=0/uid=0/pu=sz%401320_1001%2Cta%40iphone_2_15.0_19_25.9%2Cusm%400/baiduid=EDE31B341BB4C7E365671EC82AC6A3B4/w=0_10_/t=iphone/l=1/tc,1,100,0
m.baidu.com/from=1019311a/bd_page_type=1/ssid=0/uid=0/pu=sz%401320_1001%2Cta%40iphone_2__24_131.0%2Cusm%400/baiduid=39D6687034B22759D7BF5228A426008E/w=0_10_/t=iphone/l=1/tc,1,100,0
m.baidu.com/from=1019311a/bd_page_type=1/ssid=0/uid=0/pu=usm%400%2Csz%401320_1001%2Cta%40iphone_2_10.0_19_25.7/baiduid=7D904DD8D1601573D99B450521F1F9FA/w=0_10_/t=iphone/l=1/tc,1,100,0
m.baidu.com/from=1019311a/bd_page_type=1/ssid=0/uid=0/pu=usm%400%2Csz%401320_1001%2Cta%40iphone_2_10.0_19_25.9/baiduid=EFDB8AE6CB16BFEAC45C0A670EC65191/w=0_10_/t=iphone/l=1/tc,1,100,0
m.baidu.com/from=1019311a/bd_page_type=1/ssid=0/uid=0/pu=usm%400%2Csz%401320_1001%2Cta%40iphone_2_11.0_19_25.9/baiduid=1EDE47AEF86468D162C15B767E0B92F8/w=0_10_/t=iphone/l=1/tc,1,100,0
m.baidu.com/from=1019311a/bd_page_type=1/ssid=0/uid=0/pu=usm%400%2Csz%401320_1001%2Cta%40iphone_2_13.0_19_23.7/baiduid=A4F1F1896B0DCB3B934D5D28988F32AE/w=0_10_/t=iphone/l=1/tc,1,100,0
m.baidu.com/from=1019311a/bd_page_type=1/ssid=0/uid=0/pu=usm%400%2Csz%401320_1001%2Cta%40iphone_2_13.0_19_25.0/baiduid=055C3D00DB51B483256AE58F6B11689B/w=0_10_/t=iphone/l=1/tc,1,100,0
m.baidu.com/from=1019311a/bd_page_type=1/ssid=0/uid=0/pu=usm%400%2Csz%401320_1001%2Cta%40iphone_2_13.0_19_26.0/baiduid=1F7695F214B94368634C317D9EF06CEC/w=0_10_/t=iphone/l=1/tc,1,100,0
m.baidu.com/from=1019311a/bd_page_type=1/ssid=0/uid=0/pu=usm%400%2Csz%401320_1001%2Cta%40iphone_2_14.0_19_18.7/baiduid=0B7BF2B6F1A6B3651219590244D576DD/w=0_10_/t=iphone/l=1/tc,1,100,0
m.baidu.com/from=1019311a/bd_page_type=1/ssid=0/uid=0/pu=usm%400%2Csz%401320_1001%2Cta%40iphone_2_14.0_19_25.2/baiduid=36346F50E3F1CEA6B1FE31DEF6E20041/w=0_10_/t=iphone/l=1/tc,1,100,0
m.baidu.com/from=1019311a/bd_page_type=1/ssid=0/uid=0/pu=usm%400%2Csz%401320_1001%2Cta%40iphone_2_14.0_19_25.5/baiduid=9CC5341C1E0ED94E80A49877DD7E9955/w=0_10_/t=iphone/l=1/tc,1,100,0
m.baidu.com/from=1019311a/bd_page_type=1/ssid=0/uid=0/pu=usm%400%2Csz%401320_1001%2Cta%40iphone_2_14.0_19_25.6/baiduid=566DB0426051E1636FBA17E637C90047/w=0_10_/t=iphone/l=1/tc,1,100,0
m.baidu.com/from=1019311a/bd_page_type=1/ssid=0/uid=0/pu=usm%400%2Csz%401320_1001%2Cta%40iphone_2_14.0_19_25.8/baiduid=7A611F6F56F30740C55D702FBEFAAC19/w=0_10_/t=iphone/l=1/tc,1,0,5
m.baidu.com/from=1019311a/bd_page_type=1/ssid=0/uid=0/pu=usm%400%2Csz%401320_1001%2Cta%40iphone_2_14.0_19_25.9/baiduid=504EBDDAF6B9B550F6FE75D1596AF2A9/w=0_10_/t=iphone/l=1/tc,1,100,0
m.baidu.com/from=1019311a/bd_page_type=1/ssid=0/uid=0/pu=usm%400%2Csz%401320_1001%2Cta%40iphone_2_14.0_19_25.9/baiduid=E8348E89F6BDF2CB78F12F0F56A2D789/w=0_10_/t=iphone/l=1/tc,1,100,0
