name,visitors
Seoul,46
N/A,33
Chengdu,32
Seongnam-si,22
N/A,22
Qingdao,20
Guangzhou,20
N/A,20
Shanghai,19
Suwon,18
N/A,16
Nanjing,15
Beijing,15
Hangzhou,14
Xi’an,13
Zibo,12
Changsha,11
Nanning,10
N/A,10
Goyang-si,10
Cheonan,10
Suzhou,10
N/A,10
N/A,10
N/A,9
N/A,9
Wuhan,8
Baoding,8
Jinan,7
N/A,7
Zhengzhou,6
Luoyang,6
Hefei,6
Dongguan,6
Dalian,6
Chongqing,6
N/A,6
Bucheon-si,6
Gumi,6
Incheon,6
Hwaseong-si,6
Sejong,6
Tianjin,5
Shijiazhuang,5
Nanchang,5
Lanzhou,5
N/A,5
N/A,5
Daegu,5
N/A,5
Busan,5
N/A,5
Ansan-si,5
Gwangmyeong,5
Changchun,5
N/A,5
N/A,5
N/A,5
N/A,5
Wuhu,4
Wenzhou,4
Shenzhen,4
Kunming,4
Handan,4
Baiyin,4
Daejeon,4
Osan,4
Gwangju,4
Gunpo,4
Anseong,4
Namyangju,4
Shenyang,4
N/A,4
N/A,4
N/A,4
N/A,4
N/A,4
Yinchuan,3
Xingtai,3
Ningbo,3
Nanyang,3
Jining,3
Guiyang,3
Guilin,3
Fuzhou,3
N/A,3
N/A,3
N/A,3
Gyeongju,3
Gwangju,3
N/A,3
Cheongju-si,3
Chinju,3
Changwon,3
Anyang-si,3
N/A,3
N/A,3
N/A,3
N/A,3
N/A,2
Anyang,2
Weifang,2
Taiyuan,2
Suzhou,2
Pingdingshan,2
Kaifeng,2
Jinhua,2
Hebi,2
Haikou,2
Fuzhou,2
Binzhou,2
N/A,2
Yangsan,2
N/A,2
Seosan,2
N/A,2
N/A,2
N/A,2
N/A,2
Naju,2
N/A,2
Jeonju,2
Jeju City,2
N/A,2
Saku,2
Yeosu,2
Sydney,2
Bartlett,2
N/A,2
N/A,2
N/A,2
Taizhou,2
N/A,2
N/A,2
N/A,2
Huanggang,2
N/A,2
N/A,2
Manama,1
Lahore,1
Cà Mau,1
N/A,1
Bacolod City,1
N/A,1
Zhoukou,1
Zaozhuang,1
Yongzhou,1
Yichun,1
Xiamen,1
Tongling,1
Shaoxing,1
Shantou,1
Qinzhou,1
Mayong,1
Xishan,1
Jiaxing,1
Jiaozuo,1
Cixi,1
Hengyang,1
Ganzhou,1
Fuyang,1
Foshan,1
Eisen,1
N/A,1
Yangp'yŏng,1
Yangju,1
Wŏnju,1
N/A,1
N/A,1
N/A,1
N/A,1
N/A,1
Mokpo,1
Gyeongsan-si,1
N/A,1
Kunwi,1
Gunsan,1
N/A,1
Gongju,1
N/A,1
Kimhae,1
Gimcheon,1
N/A,1
N/A,1
Chinch'ŏn,1
Tokyo,1
Hirakata,1
Harbin,1
Vienna,1
Brandenburg an der Havel,1
Riberalta,1
Lima,1
N/A,1
Seogwipo,1
N/A,1
N/A,1
N/A,1
N/A,1
N/A,1
N/A,1
N/A,1
N/A,1
