name,unique_exits,total_exits,exit_rate
/3.12/,411,431,
/3.12/tutorial/index.html,195,211,
/3.12/using/windows.html,156,159,
/3.12/library/functions.html,113,120,
/3.12/whatsnew/3.12.html,112,113,
/3.12/library/stdtypes.html,83,85,
/3.12/search.html,59,58,
/3.12/tutorial/,57,60,
/3.12/tutorial/introduction.html,55,60,
/3.12/index.html,53,55,
/3.12/library/pathlib.html,52,52,
/3.12/library/,50,50,
/3.12/library/typing.html,50,52,
/3.12/library/index.html,49,50,
/3/,47,47,
/3.12/library/datetime.html,41,44,
/3.12/tutorial/controlflow.html,39,42,
/zh-cn/3.12/,39,39,
/3.12/library/os.html,36,37,
/3.12/library/exceptions.html,29,31,
/3.12/tutorial/appetite.html,27,27,
/3.12/tutorial/interpreter.html,26,26,
/zh-cn/3.12/tutorial/index.html,25,26,
/3.12/tutorial/datastructures.html,24,25,
/3.12/library/argparse.html,22,23,
/3.12/installing/index.html,19,19,
/3.12/library/logging.html,19,19,
/3.12/library/subprocess.html,19,19,
/zh-cn/3.12/tutorial/introduction.html,18,19,
/3.12/download.html,17,17,
/3.12/library/random.html,17,18,
/3.12/library/tkinter.html,17,18,
/3.12/library/asyncio-task.html,15,17,
/3.12/library/dataclasses.html,15,17,
/3.12/library/math.html,15,16,
/3.12/reference/datamodel.html,15,15,
/dev/using/windows.html,15,14,
/3.12/library/itertools.html,14,14,
/3.12/library/re.html,14,14,
/3/library/datetime.html,14,14,
/zh-cn/3.12/library/functions.html,14,14,
/zh-cn/3.12/library/index.html,14,14,
/zh-cn/3.12/py-modindex.html,14,14,
/3.12/library/csv.html,13,13,
/3.12/library/os.path.html,13,13,
/3.12/library/turtle.html,13,14,
/3.12/reference/index.html,13,14,
/3.12/contents.html,12,12,
/3.12/library/concurrent.futures.html,12,12,
/3.12/library/json.html,12,12,
/3.12/py-modindex.html,12,13,
/zh-cn/3.12/whatsnew/3.12.html,12,12,
/3.12/library/asyncio.html,11,11,
/3.12/library/enum.html,11,11,
/3.12/library/pickle.html,10,11,
/3.12/reference/compound_stmts.html,10,10,
/3/tutorial/index.html,10,9,
/ja/3.12/download.html,10,10,
/zh-cn/3.12/bugs.html,10,10,
/zh-cn/3.12/download.html,10,10,
/zh-cn/3.12/tutorial/controlflow.html,10,10,
/3.12/glossary.html,9,9,
/3.12/library/collections.abc.html,9,9,
/3.12/library/unittest.mock.html,9,9,
/3.12/license.html,9,9,
/3.12/tutorial/classes.html,9,11,
/3.12/tutorial/inputoutput.html,9,9,
/3.12/using/index.html,9,9,
/zh-cn/3.12/installing/index.html,9,9,
/zh-cn/3.12/reference/compound_stmts.html,9,9,
/zh-cn/3.12/search.html,9,10,
/3.12/distributing/index.html,8,8,
/3.12/library/functools.html,8,8,
/3.12/library/io.html,8,8,
/3.12/library/sqlite3.html,8,8,
/3.12/tutorial/modules.html,8,8,
/3.12/whatsnew/changelog.html,8,14,
/3/library/index.html,8,8,
/3/library/pathlib.html,8,8,
/zh-cn/3.12/library/__main__.html,8,8,
/zh-cn/3.12/library/stdtypes.html,8,8,
/zh-cn/3.12/tutorial/interpreter.html,8,9,
/zh-cn/3.12/using/windows.html,8,8,
/3.12/library/collections.html,7,8,
/3.12/library/idle.html,7,7,
/3.12/library/multiprocessing.html,7,7,
/3.12/library/socket.html,7,7,
/3.12/library/string.html,7,7,
/3.12/library/xml.etree.elementtree.html,7,7,
/3.12/using/cmdline.html,7,7,
/3.14/,7,7,
/3.15/,7,7,
/3/library/asyncio-task.html,7,7,
/3/library/stdtypes.html,7,7,
/zh-cn/3.12/glossary.html,7,7,
/zh-cn/3.12/index.html,7,7,
/zh-cn/3.12/library/pyexpat.html,7,7,
/zh-cn/3.12/library/re.html,7,7,
/3.12/howto/logging.html,6,6,
/3.12/library/2to3.html,6,6,
