name,unique_entrances,total_entrances,visit_duration
/fr/3/tutorial/,240,246,74
/fr/3/library/csv.html,70,71,191
/3/,60,61,408
/fr/3/library/json.html,54,57,30
/fr/3.13/tutorial/index.html,53,53,63
/fr/3.13/library/tkinter.html,47,47,73
/fr/3.13/tutorial/classes.html,41,42,18
/fr/dev/installing/index.html,41,41,133
/fr/3/tutorial/datastructures.html,38,43,92
/fr/3/library/random.html,35,36,108
/fr/3/tutorial/venv.html,31,31,12
/fr/3.13/library/functions.html,30,31,48
/fr/3/,28,28,398
/fr/3/tutorial/errors.html,28,28,44
/fr/3.13/library/random.html,27,27,0
/fr/3/tutorial/appetite.html,27,27,439
/fr/3/tutorial/interpreter.html,26,27,135
/fr/3.13/tutorial/datastructures.html,24,25,54
/fr/3/genindex-Symboles.html,24,24,70
/fr/3/howto/logging.html,23,23,115
/fr/3/tutorial/index.html,23,24,268
/fr/3/tutorial/introduction.html,23,24,295
/fr/3.13/library/datetime.html,22,22,5
/fr/3.13/library/stdtypes.html,21,21,28
/fr/3/library/string.html,21,21,1
/fr/3.13/library/time.html,20,20,51
/fr/3/howto/regex.html,20,22,124
/fr/3/library/__main__.html,19,19,57
/fr/3.13/library/turtle.html,18,19,142
/fr/3/library/statistics.html,18,18,138
/fr/3/using/cmdline.html,18,18,35
/fr/3.13/library/collections.html,17,17,24
/fr/3.13/reference/import.html,17,17,30
/fr/3.13/tutorial/interpreter.html,17,17,18
/fr/3/library/stdtypes.html,17,19,277
/fr/3/search.html,17,18,41
/fr/3.13/search.html,16,16,305
/fr/3/library/functions.html,16,17,32
/fr/3/library/turtle.html,16,20,84
/fr/3.13/howto/sorting.html,15,15,0
/fr/3.13/tutorial/errors.html,15,16,26
/fr/3.13/tutorial/modules.html,15,16,106
/fr/3.13/,14,14,28
/fr/3/library/enum.html,14,14,17
/fr/3.13/howto/argparse.html,13,13,1
/fr/3.13/library/math.html,13,13,8
/fr/3.13/library/pathlib.html,13,13,316
/fr/3.13/tutorial/introduction.html,13,13,0
/fr/3.13/library/operator.html,12,12,14
/fr/3.13/library/subprocess.html,12,13,695
/fr/3.13/using/windows.html,12,12,108
/fr/3/library/glob.html,12,12,302
/fr/3/tutorial/classes.html,12,12,0
/fr/3/tutorial/controlflow.html,12,12,76
/fr/3/tutorial/inputoutput.html,12,12,2
/fr/dev/reference/index.html,12,12,2
/3/library/datetime.html,11,11,835
/fr/3/library/index.html,11,11,273
/fr/3/library/tkinter.html,11,11,129
/3/library/argparse.html,10,10,239
/3/library/idle.html,10,10,281
/fr/3.13/faq/windows.html,10,10,182
/fr/3.13/library/base64.html,10,10,14
/fr/3.13/reference/simple_stmts.html,10,12,92
/fr/3.13/tutorial/controlflow.html,10,10,0
/fr/3.13/using/unix.html,10,10,54
/fr/3/library/threading.html,10,11,154
/fr/dev/reference/compound_stmts.html,10,11,2
/fr/3.13/library/abc.html,9,9,133
/fr/3/library/math.html,9,9,274
/fr/3/library/time.html,9,9,0
/fr/3/tutorial/modules.html,9,9,325
/3/library/re.html,8,8,366
/3/library/stdtypes.html,8,8,1146
/fr/3.13/howto/sockets.html,8,8,1
/fr/3.13/library/asyncio.html,8,8,17
/fr/3.13/library/copy.html,8,9,0
/fr/3.13/library/os.html,8,8,4
/fr/3/library/pdb.html,8,8,0
/fr/3/library/sys.html,8,8,348
/fr/3/library/venv.html,8,8,0
/fr/3/using/windows.html,8,8,0
/fr/dev/tutorial/datastructures.html,8,8,3
/3/library/random.html,7,7,168
/3/search.html,7,7,717
/fr/3.13/contents.html,7,7,65
/fr/3.13/howto/unicode.html,7,7,38
/fr/3.13/library/argparse.html,7,7,23
/fr/3.13/library/decimal.html,7,7,112
/fr/3.13/library/pprint.html,7,8,0
/fr/3.13/library/tkinter.ttk.html,7,7,168
/fr/3/library/datetime.html,7,7,15
/fr/3/library/multiprocessing.html,7,7,0
/fr/dev/library/xml.etree.elementtree.html,7,7,0
/3/library/csv.html,6,6,1154
/3/library/tkinter.html,6,8,182
/fr/3.13/library/array.html,6,6,0
/fr/3.13/library/re.html,6,6,161
/fr/3.13/using/editors.html,6,7,92
/fr/3/contents.html,6,6,46
/fr/3/library/configparser.html,6,6,1
/fr/3/reference/import.html,6,6,0
/3.13/,5,5,670
/3/tutorial/classes.html,5,5,1127
/3/tutorial/index.html,5,5,310
/fr/3.13/glossary.html,5,5,122
/fr/3.13/library/idle.html,5,5,273
/fr/3.13/library/tkinter.font.html,5,5,163
/fr/3/installing/index.html,5,5,182
/fr/3/library/fractions.html,5,5,39
/fr/3/library/re.html,5,5,269
/fr/3/using/index.html,5,5,5
/3.13/using/windows.html,4,4,761
/3/library/time.html,4,4,1402
/3/library/unittest.html,4,4,144
/3/tutorial/errors.html,4,4,2382
/fr/3.13/howto/functional.html,4,7,238
/fr/3.13/library/asyncio-task.html,4,4,28
/fr/3.13/library/ctypes.html,4,4,2
/fr/3.13/library/heapq.html,4,4,66
/fr/3.13/library/urllib.html,4,4,646
/fr/3.13/tutorial/,4,4,0
/fr/3.13/whatsnew/3.13.html,4,4,246
/fr/3/glossary.html,4,4,8
/fr/3/howto/sockets.html,4,4,0
/fr/3/howto/sorting.html,4,4,3
/fr/3/index.html,4,4,32
/fr/3/library/argparse.html,4,4,0
/fr/3/library/exceptions.html,4,4,0
/fr/3/library/operator.html,4,4,394
/fr/3/library/unittest.html,4,4,0
/fr/3/using/,4,4,9
/3.13/tutorial/index.html,3,3,3
/3.14/,3,3,60
/3/contents.html,3,3,273
/3/library/abc.html,3,3,35
/3/library/asyncio-task.html,3,3,80
/3/library/itertools.html,3,3,399
/3/library/json.html,3,3,750
/3/library/os.html,3,3,1052
/3/library/os.path.html,3,3,119
/3/library/pathlib.html,3,3,580
/3/library/socket.html,3,3,1480
/3/library/string.html,3,3,2053
/3/library/subprocess.html,3,3,508
/3/library/tk.html,3,3,53
/3/tutorial/,3,3,173
/3/tutorial/datastructures.html,3,3,29
/fr/3.13/howto/ipaddress.html,3,3,31
/fr/3.13/library/ast.html,3,3,0
/fr/3.13/library/csv.html,3,3,0
/fr/3.13/library/exceptions.html,3,3,0
/fr/3.13/library/filesys.html,3,3,0
/fr/3.13/library/functools.html,3,3,24
/fr/3.13/library/pickle.html,3,3,0
/fr/3.13/library/struct.html,3,3,0
/fr/3.13/library/tk.html,3,3,197
/fr/3.13/reference/datamodel.html,3,3,1
/fr/3.13/tutorial/appetite.html,3,3,1245
/fr/3.13/tutorial/inputoutput.html,3,3,192
/fr/3/library/archiving.html,3,3,659
/fr/3/library/array.html,3,3,23
/fr/3/library/asyncio-task.html,3,3,0
/fr/3/library/pydoc.html,3,3,721
/fr/3/library/queue.html,3,3,0
/fr/3/library/ssl.html,3,3,0
/fr/3/library/warnings.html,3,3,13
/fr/3/reference/datamodel.html,3,3,25
/fr/3/reference/index.html,3,3,401
/fr/3/reference/simple_stmts.html,3,4,50
/fr/3/tutorial/floatingpoint.html,3,3,10
/fr/3/tutorial/stdlib2.html,3,3,0
/fr/dev/reference/datamodel.html,3,3,0
/fr/dev/using/windows.html,3,3,0
/3.12/,2,2,21
/3.13/tutorial/,2,2,768
/3/download.html,2,2,292
/3/howto/logging.html,2,2,1476
/3/howto/unicode.html,2,2,1837
/3/library/,2,2,0
/3/library/asyncio.html,2,2,2085
/3/library/enum.html,2,2,3
/3/library/exceptions.html,2,2,254
/3/library/functions.html,2,2,91
/3/library/hashlib.html,2,2,337
/3/library/http.client.html,2,2,1129
/3/library/index.html,2,2,119
/3/library/inspect.html,2,2,546
/3/library/logging.html,2,2,170
/3/library/math.html,2,2,32
/3/library/pprint.html,2,2,1384
/3/library/select.html,2,2,2228
/3/library/shutil.html,2,2,2500
/3/library/threading.html,2,2,290
/3/library/timeit.html,2,2,1110
/3/library/turtle.html,2,2,15
/3/library/typing.html,2,2,456
/3/library/warnings.html,2,2,1090
/3/library/xml.etree.elementtree.html,2,2,690
/3/reference/import.html,2,2,1220
/3/reference/index.html,2,2,236
/3/tutorial/appetite.html,2,2,9
/3/tutorial/inputoutput.html,2,2,332
/3/tutorial/modules.html,2,2,15
/3/whatsnew/3.13.html,2,2,1910
/fr/3.12/c-api/list.html,2,2,0
/fr/3.12/library/tkinter.ttk.html,2,2,0
/fr/3.13/faq/programming.html,2,2,473
/fr/3.13/howto/logging.html,2,2,1759
/fr/3.13/index.html,2,2,0
/fr/3.13/installing/index.html,2,2,0
/fr/3.13/library/,2,2,4
/fr/3.13/library/binascii.html,2,2,0
/fr/3.13/library/dialog.html,2,2,0
/fr/3.13/library/hashlib.html,2,2,7
/fr/3.13/library/http.client.html,2,2,421
/fr/3.13/library/importlib.metadata.html,2,2,19
/fr/3.13/library/index.html,2,2,2
/fr/3.13/library/itertools.html,2,2,172
/fr/3.13/library/modulefinder.html,2,3,744
/fr/3.13/library/py_compile.html,2,2,84
/fr/3.13/library/readline.html,2,2,0
/fr/3.13/library/unittest.html,2,2,0
/fr/3.13/library/unittest.mock.html,2,4,0
/fr/3.13/library/urllib.request.html,2,2,493
/fr/3.13/reference/expressions.html,2,2,10
/fr/3.13/reference/index.html,2,2,732
/fr/3.14/library/collections.html,2,2,1352
/fr/3.14/library/threading.html,2,2,12
/fr/3.14/search.html,2,3,263
/fr/3/extending/extending.html,2,2,0
/fr/3/howto/unicode.html,2,2,0
/fr/3/library/,2,2,8
/fr/3/library/asyncio-queue.html,2,2,0
/fr/3/library/cmd.html,2,2,0
/fr/3/library/collections.html,2,2,0
/fr/3/library/filecmp.html,2,3,0
/fr/3/library/itertools.html,2,2,622
/fr/3/library/pprint.html,2,2,40
/fr/3/library/sys_path_init.html,2,2,3790
/fr/3/library/tk.html,2,3,2
/fr/3/library/xmlrpc.html,2,2,0
/fr/3/py-modindex.html,2,2,388
/fr/3/reference/compound_stmts.html,2,2,0
/fr/3/reference/executionmodel.html,2,2,0
/fr/3/reference/expressions.html,2,2,968
/fr/3/tutorial/appendix.html,2,2,46
/fr/3/tutorial/stdlib.html,2,2,0
/fr/3/using/mac.html,2,2,35
/fr/dev/howto/annotations.html,2,2,0
/fr/dev/library/pickle.html,2,2,27
/fr/dev/library/subprocess.html,2,2,0
/fr/dev/library/turtle.html,2,2,0
/fr/dev/library/unittest.html,2,2,58
/fr/dev/reference/expressions.html,2,2,0
/3.13/index.html,1,1,503
/3.13/library/index.html,1,1,1002
/3.13/search.html,1,1,555
/3.13/whatsnew/3.13.html,1,1,18
/3.14/installing/index.html,1,1,0
/3/c-api/dict.html,1,1,78
/3/howto/annotations.html,1,1,595
/3/howto/curses.html,1,1,3288
/3/installing/index.html,1,1,3035
/3/library/__main__.html,1,1,0
/3/library/array.html,1,1,17
/3/library/audit_events.html,1,1,75
/3/library/binascii.html,1,1,731
/3/library/calendar.html,1,1,21
/3/library/cgi.html,1,1,97
/3/library/collections.html,1,1,0
/3/library/concurrent.futures.html,1,1,405
/3/library/configparser.html,1,1,68
/3/library/dataclasses.html,1,1,0
/3/library/errno.html,1,1,0
/3/library/getopt.html,1,1,309
/3/library/glob.html,1,1,75
/3/library/heapq.html,1,1,581
/3/library/io.html,1,1,695
/3/library/ipaddress.html,1,1,182
/3/library/logging.config.html,1,1,199
/3/library/pickle.html,1,1,15
/3/library/pydoc.html,1,1,5
/3/library/site.html,1,1,659
/3/library/sqlite3.html,1,1,5
/3/library/tkinter.ttk.html,1,1,886
/3/library/unicodedata.html,1,1,4
/3/library/unittest.mock.html,1,1,1487
/3/library/urllib.request.html,1,1,800
/3/library/venv.html,1,1,660
/3/tutorial/interpreter.html,1,1,456
/3/tutorial/introduction.html,1,1,4244
/3/tutorial/venv.html,1,1,13
/3/using/mac.html,1,1,6
/3/whatsnew/3.12.html,1,1,11
/es/3.13/glossary.html,1,1,1605
/es/3.13/howto/sorting.html,1,1,3321
/fr/3.12/howto/unicode.html,1,1,0
/fr/3.12/library/asyncio-queue.html,1,1,0
/fr/3.12/library/asyncio-task.html,1,1,0
