name,unique_entrances,total_entrances,visit_duration
/pl/3/tutorial/datastructures.html,45,45,25
/pl/3/tutorial/index.html,32,33,143
/pl/dev/library/turtle.html,18,19,411
/pl/3/tutorial/modules.html,15,15,10
/pl/dev/tutorial/classes.html,14,15,160
/pl/3/tutorial/controlflow.html,13,15,0
/pl/3/,12,12,43
/pl/3/tutorial/errors.html,12,13,0
/3/,11,11,689
/pl/3/tutorial/introduction.html,11,11,0
/pl/3/library/array.html,9,9,39
/pl/3/tutorial/venv.html,8,8,0
/pl/dev/tutorial/datastructures.html,8,8,5
/pl/dev/tutorial/inputoutput.html,8,8,176
/pl/3/tutorial/appetite.html,7,9,12
/pl/3.13/tutorial/controlflow.html,6,7,7
/pl/3/tutorial/,6,6,16
/pl/3/tutorial/interpreter.html,6,7,0
/pl/dev/library/abc.html,6,6,2
/3/library/index.html,5,5,2211
/pl/3.13/tutorial/index.html,5,5,67
/pl/3/installing/index.html,5,6,0
/pl/dev/library/functions.html,5,5,85
/3/library/turtle.html,4,4,242
/3/tutorial/index.html,4,4,2584
/pl/3.13/tutorial/,4,4,166
/pl/3.13/tutorial/appetite.html,4,4,1812
/pl/3/library/functions.html,4,4,0
/pl/3/tutorial/classes.html,4,5,0
/3.13/tutorial/index.html,3,3,27
/3/library/math.html,3,3,959
/pl/3.13/library/idle.html,3,3,260
/pl/3/library/turtle.html,3,3,0
/pl/3/tutorial/inputoutput.html,3,3,5
/3/library/glob.html,2,2,1084
/3/library/idle.html,2,2,36
/3/library/random.html,2,2,234
/3/library/tkinter.html,2,2,270
/3/tutorial/errors.html,2,2,2387
/pl/3.12/installing/index.html,2,2,40
/pl/3.12/tutorial/inputoutput.html,2,2,6
/pl/3.13/,2,2,160
/pl/3.13/library/stat.html,2,2,370
/pl/3.13/library/stdtypes.html,2,2,522
/pl/3.13/search.html,2,2,12
/pl/3.13/tutorial/inputoutput.html,2,2,0
/pl/3.13/tutorial/introduction.html,2,2,9
/pl/3/extending/extending.html,2,2,0
/pl/3/library/idle.html,2,2,0
/pl/3/library/index.html,2,2,38
/pl/3/library/string.html,2,2,0
/pl/3/whatsnew/index.html,2,2,2
/pl/dev/tutorial/introduction.html,2,2,0
/pl/dev/whatsnew/3.15.html,2,2,6
/3.12/tutorial/index.html,1,1,85
/3.13/tutorial/,1,1,0
/3/c-api/index.html,1,1,148
/3/c-api/monitoring.html,1,1,183
/3/faq/,1,1,127
/3/glossary.html,1,1,1285
/3/howto/sorting.html,1,1,0
/3/library/asyncio-task.html,1,1,1228
/3/library/concurrent.futures.html,1,1,810
/3/library/exceptions.html,1,1,0
/3/library/io.html,1,1,9
/3/library/json.html,1,1,0
/3/library/os.html,1,1,1046
/3/library/smtplib.html,1,1,3081
/3/library/stdtypes.html,1,1,0
/3/library/threading.html,1,1,1167
/3/library/tkinter.ttk.html,1,1,738
/3/library/unittest.html,1,1,193
/3/library/venv.html,1,1,1565
/3/py-modindex.html,1,1,355
/3/search.html,1,1,136
/3/tutorial/controlflow.html,1,1,1202
/it/3.13/library/re.html,1,1,23
/ja/3.13/library/idle.html,1,1,36
/ja/3.13/library/tkinter.html,1,1,56
/pl/3.12/bugs.html,1,1,0
/pl/3.12/c-api/allocation.html,1,1,0
/pl/3.12/c-api/bytearray.html,1,1,0
/pl/3.12/c-api/sys.html,1,1,0
/pl/3.12/extending/newtypes.html,1,1,0
/pl/3.12/library/getpass.html,1,1,0
/pl/3.12/library/http.server.html,1,1,0
/pl/3.12/library/stat.html,1,1,0
/pl/3.12/library/struct.html,1,1,0
/pl/3.12/library/turtle.html,1,1,0
/pl/3.12/tutorial/appetite.html,1,1,535
/pl/3.13/genindex-all.html,1,1,0
/pl/3.13/howto/index.html,1,1,0
/pl/3.13/howto/sorting.html,1,1,39
/pl/3.13/index.html,1,1,0
/pl/3.13/library/array.html,1,1,8
/pl/3.13/library/cmdline.html,1,1,0
/pl/3.13/library/functions.html,1,1,1918
/pl/3.13/library/glob.html,1,1,0
/pl/3.13/library/index.html,1,1,38
/pl/3.13/library/intro.html,1,1,0
/pl/3.13/library/math.html,1,1,10
/pl/3.13/library/numeric.html,1,1,672
/pl/3.13/library/os.html,1,1,46
/pl/3.13/library/re.html,1,1,33
/pl/3.13/library/struct.html,1,1,0
/pl/3.13/library/traceback.html,1,1,87
/pl/3.13/library/turtle.html,1,1,0
/pl/3.13/library/unittest.html,1,1,0
/pl/3.13/library/venv.html,1,1,1538
/pl/3.13/tutorial/classes.html,1,1,0
/pl/3.13/tutorial/datastructures.html,1,1,1858
/pl/3.13/tutorial/errors.html,1,1,33
/pl/3.13/whatsnew/3.13.html,1,1,1716
/pl/3/c-api/dict.html,1,1,0
/pl/3/c-api/intro.html,1,1,0
/pl/3/c-api/object.html,1,1,0
/pl/3/c-api/weakref.html,1,1,0
/pl/3/faq/programming.html,1,1,0
/pl/3/glossary.html,1,1,0
/pl/3/howto/annotations.html,1,1,0
/pl/3/index.html,1,1,2256
/pl/3/library/code.html,1,1,1869
/pl/3/library/html.html,1,1,0
/pl/3/library/html.parser.html,1,1,0
/pl/3/library/random.html,1,1,686
/pl/3/library/stdtypes.html,1,1,0
/pl/3/library/zipfile.html,1,1,0
/pl/3/py-modindex.html,1,1,47
/pl/3/reference/datamodel.html,1,1,0
/pl/3/tutorial/floatingpoint.html,1,1,0
/pl/3/tutorial/interactive.html,1,1,0
/pl/3/tutorial/stdlib.html,1,1,0
/pl/3/tutorial/whatnow.html,1,1,0
/pl/dev/library/index.html,1,1,94
/pl/dev/tutorial/controlflow.html,1,1,0
/pl/dev/tutorial/floatingpoint.html,1,1,0
