name,visitors
Tokyo,177
California,154
England,153
Guangdong,88
Île-de-France,76
Virginia,74
Beijing,72
Moscow,69
New York,61
Texas,58
Tamil Nadu,52
Bavaria,50
North Rhine-Westphalia,48
Illinois,48
Jiangsu,47
Shanghai,47
Washington,44
Ontario,43
Osaka,43
Maharashtra,41
Hesse,40
Mazovia,40
Zhejiang,39
Karnataka,36
Madrid Autonomous Community,35
North Holland,35
São Paulo,34
Quebec,34
Telangāna,31
New Jersey,29
Seoul,28
Taipei,28
Colorado,28
Massachusetts,28
Hubei,27
Delhi,27
New South Wales,26
Kyiv,26
Baden-Württemberg,25
Lombardy,25
Sichuan,24
Tel Aviv,24
Capital District,23
Maryland,23
Pennsylvania,23
Saint Petersburg,22
Zürich,21
Georgia,21
Vienna,20
British Columbia,19
Kanagawa,19
Uttar Pradesh,18
Gyeonggi,18
Brussels,17
Henan,17
Prague,17
Berlin,17
Arizona,17
Oregon,17
Stockholm,16
New Taipei,16
Hanoi,16
Rio de Janeiro,15
Shandong,15
Antioquia,15
Catalonia,15
Florida,15
Ceará,14
Shaanxi,14
Auvergne-Rhône-Alpes,14
Lagos,14
Indiana,14
North Carolina,14
Ohio,14
Victoria,13
Alberta,13
Rhineland-Palatinate,13
Saxony,13
Chiba,13
Punjab,13
Bucharest,13
Beograd,13
Samara,13
Minas Gerais,12
Hunan,12
Cairo,12
Budapest,12
West Bengal,12
Lisbon,12
Dnipropetrovshchyna,12
Dubai,11
Emilia-Romagna,11
Lima,11
Kaohsiung,11
Utah,11
Yerevan,10
Fujian,10
Valencian Community,10
Almaty City,10
Oslo,10
Kharkivshchyna,10
Buenos Aires Province,9
South Moravia,9
Lower Saxony,9
Capital Region,9
Kowloon City Kowloon,9
Sicily,9
Nairobi County,9
Utrecht,9
Nizhny Novgorod,9
Sverdlovsk,9
Minnesota,9
Missouri,9
Ho Chi Minh City,9
Dhaka Division,8
Sofia,8
Geneva,8
Schleswig-Holstein,8
Kwai Tsing New Territories,8
Andhra Pradesh,8
Gujarat,8
Kerala,8
Lazio,8
Aichi,8
South Holland,8
Irkutsk,8
Novosibirsk,8
Tyumen,8
Västra Götaland,8
Tainan,8
Nevada,8
Flanders,7
Tianjin,7
Hauts-de-France,7
West Java,7
Ibaraki,7
Ciudad de Mexico,7
NO-02,7
Lesser Poland,7
Silesia,7
Istanbul,7
Taichung,7
Washington DC,7
Queensland,6
Federal District,6
Paraná,6
Chongqing,6
Valle del Cauca,6
Nicosia,6
Bremen,6
Hamburg,6
Galicia,6
Uusimaa,6
East Java,6
Jakarta,6
Leinster,6
Madhya Pradesh,6
Saitama,6
Kyivshchyna,6
Lvivshchyna,6
New Hampshire,6
Tennessee,6
Abu Dhabi,5
Styria,5
Santa Cruz,5
Amazonas,5
Bahia,5
Santa Catarina,5
Minsk,5
Santiago Metropolitan,5
Littoral,5
Guizhou,5
Hebei,5
Heilongjiang,5
San José,5
Occitanie,5
Provence-Alpes-Côte-d'Azur,5
Scotland,5
Haifa,5
Odisha,5
Rajasthan,5
Ishikawa,5
Gangwon,5
Astana,5
Shymkent,5
Western,5
Meknès-Tafilalet,5
North Brabant,5
Province 3,5
Calabarzon,5
Greater Poland,5
Kaliningrad,5
Tatarstan,5
Riyadh,5
Taoyuan,5
Iowa,5
Michigan,5
Tashkent,5
Misiones,4
Goiás,4
Rio Grande do Sul,4
Aargau,4
Basel-Stadt,4
St. Gallen,4
Jiangxi,4
Shanxi,4
Norte de Santander,4
Santander,4
Central Denmark,4
Alexandria,4
Balearic Islands,4
Grand-Est,4
Tbilisi,4
Attica,4
Uttarākhand,4
Tuscany,4
Kyoto,4
Bishkek,4
Incheon,4
Riga,4
Selangor,4
Kuala Lumpur,4
Sindh,4
Lower Silesia,4
Pomerania,4
Moravica,4
Bashkortostan,4
Krasnodar Krai,4
Western Area,4
Bangkok,4
Changhua,4
Kansas,4
Mississippi,4
Wisconsin,4
Western Cape,4
South Australia,3
Western Australia,3
Espírito Santo,3
Manitoba,3
Maule,3
Gansu,3
Cesar,3
Nariño,3
Heredia,3
Plzeň,3
Brandenburg,3
Saarland,3
Thuringia,3
Pichincha,3
Andalusia,3
Central Finland,3
Brittany,3
Southern Hong Kong Island,3
Pest,3
Southern,3
Central,3
Bihar,3
Haryana,3
Hormozgan,3
Piedmont,3
Hokkaido,3
Toyama,3
Hyogo,3
Daegu,3
South Gyeongsang,3
Al Asimah,3
Guanajuato,3
Hidalgo,3
Mexico State,3
Sinaloa,3
Oyo,3
Gelderland,3
Panamá,3
Metro Manila,3
Opole,3
Chelyabinsk,3
Moscow Province,3
Yaroslavl,3
Västmanland,3
Ljubljana,3
Ankara,3
Izmir,3
Kocaeli,3
Hsinchu,3
Yunlin,3
Volyn,3
Zaporizhzhya,3
Odeshchyna,3
Poltavshchyna,3
Rhode Island,3
South Carolina,3
Capital,3
Vĩnh Phúc,3
Gauteng,3
San Juan,2
Córdoba,2
Lower Austria,2
Australian Capital Territory,2
Baku,2
Burgas,2
