name,version,visitors
Chrome,135.0,149
Microsoft Edge,135.0,54
Firefox,137.0,40
Safari,18.3,20
Opera,117.0,16
Safari,18.4,7
Firefox,115.0,6
Chrome,134.0,6
Firefox,128.0,5
Chrome,109.0,4
Chrome,121.0,3
Microsoft Edge,134.0,3
Firefox,136.0,3
(not set),(not set),2
Firefox,113.0,2
Opera,116.0,2
Opera,118.0,2
Chrome,126.0,2
Chrome,129.0,2
Microsoft Edge,131.0,2
Chrome,131.0,2
Chrome,133.0,2
Chrome,136,2
SberBrowser,25.0,2
Samsung Browser,28.0,2
Chrome,81.0,2
Microsoft Edge,109.0,1
Samsung Browser,11.0,1
Chrome,114.0,1
Chrome,116.0,1
Chrome,119.0,1
Microsoft Edge,120.0,1
Chrome,122.0,1
Chrome,125.0,1
Firefox,130.0,1
Chrome,130.0,1
Firefox,131.0,1
Chrome,132.0,1
Norton Private Browser,134.0,1
Avast Secure Browser,134.0,1
Chrome,136.0,1
MIUI Browser,14.32,1
Microsoft Edge,15.15063,1
Safari,16.6,1
Safari,17.1,1
Safari,17.6,1
Samsung Browser,23.0,1
Yandex Browser,25.2,1
