name,version,visitors
Windows,10,3544
Android,10,365
Mac,10.15,294
GNU/Linux,(not set),258
Ubuntu,(not set),76
iOS,18.6,52
iOS,18.7,36
Chrome OS,14541.0,17
iOS,26.0,11
Android,14,10
Android,15,10
Windows,7,8
Android,13,5
Windows,8.1,5
iOS,16.6,4
iOS,18.5,4
Android,12,3
Android,11,2
iOS,12.5,2
iOS,15.8,2
iOS,16.7,2
iPadOS,17.7,2
iOS,18.2,2
Android,6.0,2
Fire OS,8,2
Mac,10.14,1
Chrome OS,14816.131,1
iOS,15.6,1
iOS,17.1,1
iOS,17.7,1
iOS,18.1,1
iOS,18.3,1
Tizen,5.5,1
