property,value,visitors,events,percentage
url,(none),13011,25388,99.7
url,https://www.python.org/,222,243,1.7
url,https://www.python.org/downloads/,147,154,1.1
url,https://apps.microsoft.com/detail/9NQ7512CXL7T,54,57,0.4
url,https://docs.python.org/3.14/archives/python-3.14-docs-html.zip,24,24,0.2
url,https://wiki.python.org/moin/BeginnersGuide,22,23,0.2
url,https://docs.python.org/zh-cn/3.14/archives/python-3.14-docs-html.zip,17,18,0.1
url,https://pypi.org/,16,16,0.1
url,https://docs.python.org/zh-cn/3.14/archives/python-3.14-docs.epub,12,12,0.1
url,https://peps.python.org/pep-0745/,12,12,0.1
url,https://devguide.python.org/documentation/start-documenting/#building-the-documentation,10,11,0.1
url,https://packaging.python.org/en/latest/tutorials/packaging-projects/,9,9,0.1
url,https://www.python.org/doc/versions/,9,9,0.1
url,https://docs.python.org/zh-cn/3.14/archives/python-3.14-docs-text.zip,8,9,0.1
url,https://docs.python.org/3.14/archives/python-3.14-docs-text.zip,7,7,0.1
url,https://github.com/python/cpython/tree/3.14/Lib/idlelib/,7,7,0.1
url,https://devguide.python.org/,6,6,0.0
url,https://docs.python.org/3.14/archives/python-3.14-docs.epub,6,6,0.0
url,https://packaging.python.org/en/latest/tutorials/installing-packages/#ensure-pip-setuptools-and-wheel-are-up-to-date,6,6,0.0
url,https://wiki.python.org/moin/PythonBooks,6,6,0.0
url,https://docs.python.org/3.14/archives/python-3.14-docs-texinfo.zip,5,5,0.0
url,https://docs.python.org/fr/3.14/archives/python-3.14-docs-html.zip,5,5,0.0
url,https://github.com/python/cpython/blob/main/Doc/tutorial/index.rst?plain=1,5,6,0.0
url,https://packaging.python.org/,5,5,0.0
url,https://packaging.python.org/installing/,5,5,0.0
url,https://docs.python.org/es/3.14/archives/python-3.14-docs-html.zip,4,4,0.0
url,https://docs.python.org/zh-cn/3.14/archives/python-3.14-docs-texinfo.zip,4,4,0.0
url,https://peps.python.org/,4,4,0.0
url,https://peps.python.org/pep-0734/,4,4,0.0
url,https://peps.python.org/pep-0779/,4,5,0.0
url,https://www.sphinx-doc.org/,4,4,0.0
url,https://docs.python.org/3.14/archives/python-3.14-docs-text.tar.bz2,3,3,0.0
url,https://github.com/python/cpython/tree/3.14/Lib/idlelib,3,3,0.0
url,https://packaging.python.org/installing/#creating-virtual-environments,3,3,0.0
url,https://packaging.python.org/installing/#requirements-for-installing-packages,3,3,0.0
url,https://peps.python.org/pep-0008/,3,3,0.0
url,https://peps.python.org/pep-0649/,3,3,0.0
url,https://peps.python.org/pep-0765/,3,3,0.0
url,https://tiswww.case.edu/php/chet/readline/rltop.html,3,4,0.0
url,https://devguide.python.org/documentation/help-documenting/,2,3,0.0
url,https://discuss.python.org/t/37075,2,2,0.0
url,https://discuss.python.org/t/84319/123,2,4,0.0
url,https://docs.python.org/3.14/archives/python-3.14-docs-html.tar.bz2,2,2,0.0
url,https://docs.python.org/zh-cn/3.14/archives/python-3.14-docs-html.tar.bz2,2,2,0.0
url,https://en.cppreference.com/w/c/11,2,2,0.0
url,https://github.com/python/cpython/blob/main/Doc/contents.rst?plain=1,2,2,0.0
url,https://github.com/python/cpython/tree/3.14/Lib/pathlib/,2,2,0.0
url,https://github.com/python/cpython/tree/3.14/Lib/string/__init__.py,2,2,0.0
url,https://github.com/python/cpython/tree/3.14/README.rst,2,3,0.0
url,https://packaging.python.org/extensions/,2,2,0.0
url,https://packaging.python.org/science/,2,2,0.0
url,https://peps.python.org/pep-0328/,2,2,0.0
url,https://peps.python.org/pep-0703/,2,2,0.0
url,https://peps.python.org/pep-0776/,2,2,0.0
url,https://requests.readthedocs.io/en/master/,2,2,0.0
url,https://www.activestate.com/products/python/,2,2,0.0
url,https://www.boddie.org.uk/python/COM.html,2,4,0.0
url,https://www.python.org/doc/av/,2,2,0.0
url,http://www.math.sci.hiroshima-u.ac.jp/~m-mat/MT/MT2002/emt19937ar.html,1,1,0.0
url,https://cython.org/,1,1,0.0
url,https://datatracker.ietf.org/doc/html/rfc3490.html,1,1,0.0
url,https://datatracker.ietf.org/doc/html/rfc5322.html,1,1,0.0
url,https://datatracker.ietf.org/doc/html/rfc9562.html#section-5.7,1,1,0.0
url,https://devguide.python.org/getting-started/setup-building/,1,1,0.0
url,https://devguide.python.org/getting-started/setup-building/#install-dependencies,1,1,0.0
url,https://docs.fedoraproject.org/en-US/package-maintainers/Packaging_Tutorial_GNU_Hello/,1,1,0.0
url,https://docs.python.org/3.14/archives/python-3.14-docs-texinfo.tar.bz2,1,1,0.0
url,https://docs.python.org/fr/3.14/archives/python-3.14-docs-texinfo.zip,1,1,0.0
url,https://docs.python.org/fr/3.14/archives/python-3.14-docs-text.zip,1,1,0.0
url,https://docs.python.org/ko/3.14/archives/python-3.14-docs-text.zip,1,1,0.0
url,https://docs.python.org/ko/3.14/archives/python-3.14-docs.epub,1,1,0.0
url,https://docs.python.org/pt-br/3.14/archives/python-3.14-docs-html.zip,1,1,0.0
url,https://docs.python.org/pt-br/3.14/archives/python-3.14-docs.epub,1,1,0.0
url,https://docutils.sourceforge.io/rst.html,1,1,0.0
url,https://en.wikipedia.org/wiki/Error_function,1,1,0.0
url,https://en.wikipedia.org/wiki/Extended_Backus%E2%80%93Naur_form,1,1,0.0
url,https://en.wikipedia.org/wiki/Fibonacci_sequence,1,1,0.0
url,https://en.wikipedia.org/wiki/Tail_call,1,1,0.0
url,https://facebook.github.io/zstd/,1,1,0.0
url,https://github.com/pvieito/PythonKit,1,1,0.0
url,https://github.com/pypa,1,1,0.0
url,https://github.com/python/cpython/blob/main/Doc/c-api/exceptions.rst?plain=1,1,1,0.0
url,https://github.com/python/cpython/blob/main/Doc/faq/windows.rst?plain=1,1,1,0.0
url,https://github.com/python/cpython/blob/main/Doc/library/copy.rst?plain=1,1,1,0.0
url,https://github.com/python/cpython/blob/main/Doc/library/functions.rst?plain=1,1,1,0.0
url,https://github.com/python/cpython/blob/main/Doc/library/smtplib.rst?plain=1,1,1,0.0
url,https://github.com/python/cpython/blob/main/Doc/library/textwrap.rst?plain=1,1,1,0.0
url,https://github.com/python/cpython/blob/main/Doc/reference/grammar.rst?plain=1,1,1,0.0
url,https://github.com/python/cpython/blob/main/Doc/reference/index.rst?plain=1,1,1,0.0
url,https://github.com/python/cpython/blob/main/Doc/tutorial/appendix.rst?plain=1,1,1,0.0
url,https://github.com/python/cpython/blob/main/Doc/tutorial/controlflow.rst?plain=1,1,1,0.0
url,https://github.com/python/cpython/blob/main/Doc/tutorial/datastructures.rst?plain=1,1,1,0.0
url,https://github.com/python/cpython/blob/main/Doc/using/index.rst?plain=1,1,1,0.0
url,https://github.com/python/cpython/issues,1,1,0.0
url,https://github.com/python/cpython/issues/108362,1,1,0.0
url,https://github.com/python/cpython/issues/112527,1,1,0.0
url,https://github.com/python/cpython/issues/115032,1,1,0.0
url,https://github.com/python/cpython/issues/121645,1,2,0.0
url,https://github.com/python/cpython/issues/123803,1,1,0.0
url,https://github.com/python/cpython/issues/124548,1,1,0.0
url,https://github.com/python/cpython/issues/129902,1,1,0.0
url,https://github.com/python/cpython/issues/73991,1,1,0.0
url,https://github.com/python/cpython/tree/3.14/Android/testbed/app/src/main/c/main_activity.c,1,1,0.0
url,https://github.com/python/cpython/tree/3.14/Lib/abc.py,1,1,0.0
url,https://github.com/python/cpython/tree/3.14/Lib/asyncio/coroutines.py,1,1,0.0
url,https://github.com/python/cpython/tree/3.14/Lib/collections/__init__.py,1,3,0.0
url,https://github.com/python/cpython/tree/3.14/Lib/copy.py,1,1,0.0
url,https://github.com/python/cpython/tree/3.14/Lib/dataclasses.py,1,1,0.0
url,https://github.com/python/cpython/tree/3.14/Lib/difflib.py,1,1,0.0
url,https://github.com/python/cpython/tree/3.14/Lib/email/igenerator.py,1,1,0.0
url,https://github.com/python/cpython/tree/3.14/Lib/multiprocessing/,1,1,0.0
url,https://github.com/python/cpython/tree/3.14/Lib/queue.py,1,1,0.0
url,https://github.com/python/cpython/tree/3.14/Lib/random.py,1,1,0.0
url,https://github.com/python/cpython/tree/3.14/Lib/re/,1,1,0.0
url,https://github.com/python/cpython/tree/3.14/Lib/subprocess.py,1,1,0.0
url,https://github.com/python/cpython/tree/3.14/Lib/textwrap.py,1,1,0.0
url,https://github.com/python/cpython/tree/3.14/Lib/tkinter/__init__.py,1,1,0.0
url,https://github.com/python/cpython/tree/3.14/Lib/tkinter/filedialog.py,1,1,0.0
url,https://github.com/python/cpython/tree/3.14/Lib/tkinter/scrolledtext.py,1,3,0.0
url,https://github.com/python/cpython/tree/3.14/Lib/unittest/__init__.py,1,1,0.0
url,https://github.com/python/cpython/tree/3.14/Lib/urllib/parse.py,1,1,0.0
url,https://github.com/python/cpython/tree/3.14/Lib/urllib/request.py,1,1,0.0
url,https://github.com/python/cpython/tree/3.14/Lib/zipimport.py,1,1,0.0
url,https://json.org/,1,1,0.0
url,https://mypy.readthedocs.io/en/stable/cheat_sheet_py3.html,1,1,0.0
url,https://peps.python.org/pep-0007/,1,1,0.0
url,https://peps.python.org/pep-0308/,1,1,0.0
url,https://peps.python.org/pep-0428/,1,1,0.0
url,https://peps.python.org/pep-0434/,1,1,0.0
url,https://peps.python.org/pep-0453/,1,1,0.0
url,https://peps.python.org/pep-0492/,1,1,0.0
url,https://peps.python.org/pep-0563/,1,1,0.0
url,https://peps.python.org/pep-0567/,1,1,0.0
url,https://peps.python.org/pep-0572/,1,1,0.0
url,https://peps.python.org/pep-0596/,1,1,0.0
url,https://peps.python.org/pep-0682/,1,1,0.0
url,https://peps.python.org/pep-0684/,1,1,0.0
url,https://peps.python.org/pep-0695/,1,1,0.0
url,https://peps.python.org/pep-0698/,1,1,0.0
url,https://peps.python.org/pep-0744/,1,1,0.0
url,https://peps.python.org/pep-0749/,1,1,0.0
url,https://peps.python.org/pep-0750/,1,1,0.0
url,https://peps.python.org/pep-0758/,1,1,0.0
url,https://peps.python.org/pep-3134/,1,1,0.0
url,https://py-free-threading.github.io/installing-cpython/,1,1,0.0
url,https://pypi.org/project/telnetlib3/,1,1,0.0
url,https://pypy.org/,1,1,0.0
url,https://scipy.org/,1,1,0.0
url,https://support.apple.com/en-us/HT201732,1,1,0.0
url,https://timgolden.me.uk/python/win32_how_do_i.html,1,1,0.0
url,https://tkdocs.com/,1,1,0.0
url,https://tkdocs.com/book.html,1,1,0.0
url,https://typing.python.org/en/latest/,1,1,0.0
url,https://wiki.python.org/moin/IntegratedDevelopmentEnvironments,1,1,0.0
url,https://wiki.qt.io/Qt_for_Python,1,1,0.0
url,https://wiki.tcl-lang.org/37432,1,1,0.0
url,https://www.anaconda.com/download/,1,1,0.0
url,https://www.debian.org/doc/manuals/maint-guide/first.en.html,1,1,0.0
url,https://www.nuget.org/,1,1,0.0
url,https://www.packtpub.com/en-us/product/python-gui-programming-with-tkinter-9781788835886,1,1,0.0
url,https://www.python.org/downloads/metadata/sigstore/,1,1,0.0
url,https://www.python.org/downloads/source/,1,1,0.0
url,https://www.sqlite.org/flextypegood.html,1,1,0.0
url,https://www.tcl.tk/man/tcl8.6/TkCmd/ttk_button.htm,1,1,0.0
url,https://www.tkdocs.com/,1,1,0.0
url,https://www.unicode.org/Public/16.0.0/ucd/PropList.txt,1,1,0.0
url,https://www.unicode.org/versions/Unicode16.0.0/core-spec/chapter-3/#G33992,1,1,0.0
