name,unique_entrances,total_entrances,visit_duration
/3.13/tutorial/index.html,4050,4162,84
/3.13/using/windows.html,2971,3053,43
/3/,1266,1278,384
/3.13/,776,797,154
/3.13/index.html,775,800,83
/3.13/tutorial/,655,669,175
/3.13/whatsnew/3.13.html,640,657,70
/es/3.13/tutorial/index.html,374,391,218
/3.13/tutorial/appetite.html,314,325,168
/zh-cn/3.13/tutorial/index.html,293,305,242
/3.13/tutorial/interpreter.html,287,296,109
/zh-cn/3.13/,240,251,331
/ja/3.13/library/functions.html,201,204,150
/es/3.13/library/tkinter.html,188,192,82
/ja/3.13/tutorial/index.html,174,186,201
/3.13/tutorial/introduction.html,171,189,126
/3.13/library/functions.html,157,165,110
/uk/3.13/library/turtle.html,155,162,82
/3.13/search.html,148,155,161
/ja/3.13/library/datetime.html,147,152,83
/3.13/tutorial/controlflow.html,144,159,205
/ja/3.13/library/re.html,144,156,62
/3.13/library/stdtypes.html,135,146,121
/ja/3.13/library/index.html,134,136,272
/3/tutorial/index.html,132,134,714
/uk/3.13/extending/extending.html,129,131,15
/3.13/library/index.html,124,128,198
/es/3.13/tutorial/venv.html,121,127,72
/ja/3.13/library/random.html,119,120,141
/es/3.13/library/index.html,114,118,108
/es/3.13/tutorial/datastructures.html,111,120,108
/zh-cn/3.13/library/index.html,111,120,597
/ja/3.13/library/subprocess.html,108,111,122
/ja/3.13/library/typing.html,103,103,101
/ja/3.13/library/logging.html,93,101,211
/uk/3.13/library/idle.html,92,97,47
/ja/3.13/library/stdtypes.html,91,91,151
/es/3.13/tutorial/classes.html,85,89,82
/ja/3.13/installing/index.html,85,86,39
/uk/3.13/library/tkinter.html,85,89,123
/zh-cn/3.13/tutorial/interpreter.html,85,88,242
/ja/3.13/library/pathlib.html,83,85,63
/zh-cn/3.13/tutorial/controlflow.html,82,89,205
/3/library/index.html,81,81,1026
/ja/3.13/library/math.html,80,83,35
/zh-cn/3.13/search.html,80,87,279
/es/3.13/library/functions.html,79,83,159
/3.13/library/,78,80,103
/zh-cn/3.13/tutorial/introduction.html,78,80,228
/fr/3.13/library/tkinter.html,77,80,55
/ja/3.13/library/json.html,77,80,25
/3/tutorial/,75,75,551
/pt-br/3.13/tutorial/index.html,74,74,206
/uk/3.13/tutorial/index.html,74,76,141
/3/search.html,69,69,555
/es/3.13/library/stdtypes.html,69,72,121
/ja/3.13/library/csv.html,67,70,177
/pt-br/3.13/library/math.html,67,70,222
/uk/3.13/tutorial/floatingpoint.html,67,67,55
/ja/3.13/library/enum.html,66,67,179
/es/3.13/installing/index.html,63,65,86
/ja/3.13/library/os.path.html,62,63,127
/3/library/tkinter.html,61,61,356
/es/3.13/tutorial/introduction.html,60,62,106
/zh-cn/3.13/tutorial/datastructures.html,59,65,396
/3/library/idle.html,58,58,313
/es/3.13/tutorial/errors.html,58,61,80
/es/3.13/tutorial/interpreter.html,58,58,306
/3/library/functions.html,57,57,459
/fr/3.13/tutorial/index.html,57,58,144
/ja/3.13/library/exceptions.html,57,59,86
/ja/3.13/tutorial/,57,64,374
/es/3.13/library/idle.html,56,56,124
/ja/3.13/library/os.html,56,56,205
/ja/3.13/library/venv.html,56,56,35
/3.13/library/typing.html,55,56,160
/ja/3.13/tutorial/interpreter.html,55,56,86
/zh-cn/3.13/library/functions.html,55,59,834
/fr/3.13/tutorial/classes.html,54,54,45
/ja/3.13/howto/sorting.html,54,54,96
/ja/3.13/library/argparse.html,54,54,242
/ko/3.13/library/idle.html,54,56,125
/3.13/library/tkinter.html,53,54,67
/es/3.13/,52,52,100
/ja/3.13/library/sqlite3.html,52,54,325
/ja/3.13/tutorial/errors.html,51,52,264
/3.13/reference/index.html,50,51,284
/es/3.13/tutorial/appetite.html,49,52,281
/ja/3.13/library/tkinter.html,49,50,126
/ja/3.13/using/windows.html,49,49,85
/zh-cn/3.13/library/stdtypes.html,49,53,437
/3.13/library/idle.html,48,49,56
/3.13/tutorial/datastructures.html,48,52,277
/ja/3.13/tutorial/classes.html,48,51,104
/ja/3.13/tutorial/inputoutput.html,48,48,173
/3.13/glossary.html,46,47,221
/zh-cn/3.13/index.html,46,47,319
/es/3.13/tutorial/controlflow.html,45,48,176
/fr/3.13/howto/sorting.html,45,45,45
/fr/3.13/library/functions.html,45,47,181
/fr/3.13/tutorial/datastructures.html,45,46,104
/ja/3.13/library/multiprocessing.html,45,49,285
/ja/3.13/library/shutil.html,45,46,3
/3.13/library/datetime.html,44,45,4
/fr/3.13/library/random.html,44,44,71
/ja/3.13/library/itertools.html,44,46,8
/ko/3.13/tutorial/index.html,44,47,204
/es/3.13/search.html,43,43,168
/ja/3.13/library/tempfile.html,43,44,334
/ja/3.13/search.html,43,51,142
/ko/3.13/installing/index.html,43,43,7
/es/3.13/library/datetime.html,42,42,47
/pt-br/3.13/library/index.html,42,48,206
/3/library/stdtypes.html,41,42,646
/ja/3.13/reference/index.html,41,44,360
/zh-cn/3.13/using/index.html,41,42,87
/es/3.13/library/tk.html,40,40,71
/ja/3.13/library/time.html,40,41,84
/zh-cn/3.13/tutorial/,40,41,200
/3.13/library/random.html,39,41,125
/ja/3.13/library/string.html,39,39,693
/ko/3.13/library/index.html,39,43,92
/zh-cn/3.13/tutorial/appetite.html,39,41,187
/3.13/library/os.html,38,40,104
/3/library/turtle.html,38,38,408
/ko/3.13/library/functions.html,38,39,297
/zh-cn/3.13/reference/index.html,38,39,260
/3/library/re.html,37,37,542
/ja/3.13/library/threading.html,37,37,134
/pt-br/3.13/tutorial/datastructures.html,37,38,40
/uk/3.13/installing/index.html,37,37,26
/3/library/datetime.html,36,36,370
/fr/3.13/tutorial/errors.html,36,36,106
/ja/3.13/library/decimal.html,36,36,11
/ja/3.13/whatsnew/index.html,36,36,93
/zh-cn/3.13/library/asyncio-task.html,36,36,55
/ja/3.13/library/__main__.html,35,36,23
/ja/3.13/library/io.html,35,36,175
/3/tutorial/classes.html,34,34,785
/3/tutorial/datastructures.html,34,34,586
/es/3.13/library/re.html,34,35,120
/fr/3.13/search.html,34,36,180
/ja/3.13/library/glob.html,34,35,83
/ja/3.13/library/struct.html,34,35,297
/ja/3.13/tutorial/controlflow.html,34,37,362
/pt-br/3.13/,34,36,456
/3/library/subprocess.html,33,34,592
/3/library/venv.html,33,33,411
/es/3.13/tutorial/modules.html,33,33,67
/fr/3.13/library/operator.html,33,35,17
/fr/3.13/library/stdtypes.html,33,35,36
/3.13/library/exceptions.html,32,34,36
/es/3.13/tutorial/inputoutput.html,32,33,82
/fr/3.13/library/os.html,32,32,390
/zh-tw/3.13/tutorial/index.html,32,33,96
/fr/3.13/library/datetime.html,31,31,15
/fr/3.13/library/turtle.html,31,32,177
/ja/3.13/library/concurrent.futures.html,31,33,44
/ja/3.13/library/configparser.html,31,31,141
/ja/3.13/tutorial/modules.html,31,32,66
/zh-tw/3.13/library/os.path.html,31,31,87
/3.13/tutorial/classes.html,30,30,26
/ja/3.13/library/zipfile.html,30,31,326
/es/3.13/library/string.html,29,30,6
/fr/3.13/reference/import.html,29,30,38
/ja/3.13/library/logging.handlers.html,29,30,221
/zh-cn/3.13/using/windows.html,29,29,75
/3.13/contents.html,28,28,146
/3.13/library/pathlib.html,28,29,165
/3.13/library/re.html,28,29,113
/3.13/tutorial/modules.html,28,28,237
/3/library/random.html,28,28,450
/ja/3.13/,28,29,188
/ja/3.13/howto/logging.html,28,28,145
/ja/3.13/library/asyncio-task.html,28,29,15
/ja/3.13/library/urllib.parse.html,28,29,42
/ja/3.13/library/urllib.request.html,28,29,116
/3.13/installing/index.html,27,28,210
/es/3.13/library/random.html,27,28,6
/fr/3.13/library/time.html,27,27,55
/fr/3.13/tutorial/controlflow.html,27,28,58
/ja/3.13/library/ctypes.html,27,29,50
/ja/3.13/library/unittest.mock.html,27,34,55
/ja/3/,27,27,344
/zh-tw/3.13/library/json.html,27,27,2
/3.13/download.html,26,27,78
/3.13/tutorial/inputoutput.html,26,28,228
/3.13/using/index.html,26,26,118
/3.13/using/mac.html,26,26,179
/3.14/,26,26,606
/3/library/argparse.html,26,26,507
/3/library/math.html,26,26,420
/es/3.13/using/windows.html,26,26,101
/zh-cn/3/,26,26,464
/3.13/using/cmdline.html,25,28,233
/3.15/,25,25,387
/3/whatsnew/3.13.html,25,25,635
/fr/3.13/,25,25,153
/ja/3.13/tutorial/introduction.html,25,27,153
/zh-cn/3.13/glossary.html,25,26,1040
/zh-cn/3.13/tutorial/classes.html,25,26,632
/3/library/os.html,24,24,700
/es/3.13/library/csv.html,24,25,78
/es/3.13/library/math.html,24,25,114
/ja/3.13/glossary.html,24,24,194
/ja/3.13/library/abc.html,24,24,83
/ja/3.13/reference/datamodel.html,24,24,227
/uk/3.13/library/stdtypes.html,24,24,34
/zh-cn/3.13/contents.html,24,24,394
/zh-tw/3.13/tutorial/datastructures.html,24,24,29
/3.14/whatsnew/3.14.html,23,23,385
/3/index.html,23,23,277
/es/3.13/library/venv.html,23,24,18
/fr/3.13/library/collections.html,23,23,91
/fr/3.13/library/math.html,23,23,13
/fr/3.13/using/windows.html,23,23,33
/ja/3.13/library/queue.html,23,23,211
/ja/3.13/library/unittest.html,23,23,99
/zh-cn/3.13/library/xml.etree.elementtree.html,23,23,154
/zh-cn/3.13/tutorial/errors.html,23,23,210
/zh-cn/3.13/tutorial/modules.html,23,25,162
/3.13/py-modindex.html,22,24,22
/es/3.13/library/array.html,22,23,28
/fr/3.13/tutorial/introduction.html,22,23,13
/ja/3.13/library/socket.html,22,23,73
/pt-br/3.13/library/functions.html,22,23,197
/uk/3.13/library/random.html,22,22,25
/zh-cn/3.13/library/collections.html,22,22,621
/zh-cn/3.13/tutorial/inputoutput.html,22,26,200
/zh-cn/3.13/whatsnew/3.13.html,22,22,174
/3/library/typing.html,21,21,894
/ja/3.13/library/collections.html,21,21,25
/ja/3.13/library/importlib.html,21,22,67
/ja/3.13/library/traceback.html,21,21,103
/ja/3.13/library/warnings.html,21,26,107
/pt-br/3.13/search.html,21,21,523
/3/library/pathlib.html,20,20,788
/3/reference/index.html,20,20,230
/es/3.13/tutorial/,20,20,150
/ja/3.13/library/asyncio.html,20,20,93
/ja/3.13/library/codecs.html,20,20,250
/ja/3.13/library/dataclasses.html,20,20,128
/ja/3.13/library/tkinter.ttk.html,20,20,41
/ko/3.13/tutorial/errors.html,20,20,144
/zh-cn/3.13/installing/index.html,20,20,200
/zh-cn/3.13/library/typing.html,20,20,166
/zh-cn/3.13/tutorial/venv.html,20,20,278
/zh-cn/3/tutorial/index.html,20,20,972
/zh-tw/3.13/installing/index.html,20,20,11
/3.13/library/email.utils.html,19,19,0
/3.13/library/turtle.html,19,22,103
/3/download.html,19,19,719
/3/installing/index.html,19,19,793
/3/library/asyncio.html,19,20,733
/3/library/csv.html,19,19,1153
/3/tutorial/controlflow.html,19,19,1267
/es/3.13/reference/compound_stmts.html,19,19,169
/es/3.13/reference/import.html,19,21,63
/fr/3.13/library/timeit.html,19,19,159
/fr/3.13/tutorial/interpreter.html,19,19,250
/pt-br/3.13/library/random.html,19,20,159
/pt-br/3.13/library/stdtypes.html,19,22,93
/zh-cn/3.13/using/android.html,19,19,64
/3.13/library/logging.html,18,27,115
/3/library/asyncio-task.html,18,18,258
/3/library/exceptions.html,18,18,1070
/fr/3.13/library/idle.html,18,18,124
/fr/3.13/library/subprocess.html,18,18,66
/ja/3.13/library/pickle.html,18,18,162
/ja/3.13/library/sys.html,18,18,410
/ja/3.13/tutorial/floatingpoint.html,18,18,28
/uk/3.13/library/re.html,18,18,15
/zh-cn/3.13/library/random.html,18,18,82
/3.13/tutorial/errors.html,17,17,196
/3/library/,17,17,609
/3/library/collections.html,17,17,1412
/3/library/logging.html,17,17,947
/3/using/windows.html,17,17,642
/es/3.13/howto/sorting.html,17,18,11
/fr/3.13/tutorial/modules.html,17,17,30
/ja/3.13/library/functools.html,17,17,7
/ja/3.13/library/http.server.html,17,19,146
/ja/3.13/library/ipaddress.html,17,17,0
/ja/3.13/library/operator.html,17,17,26
/ja/3.13/reference/expressions.html,17,17,257
/uk/3.13/library/index.html,17,18,17
/uk/3.13/library/math.html,17,17,54
/uk/3.13/library/venv.html,17,18,3
/zh-cn/3.13/library/re.html,17,18,750
/zh-cn/3.13/reference/datamodel.html,17,17,512
/zh-cn/3.13/tutorial/stdlib.html,17,19,409
/3.13/library/math.html,16,17,66
/3.13/library/os.path.html,16,16,5
/3.13/reference/lexical_analysis.html,16,17,128
/3.13/tutorial/appendix.html,16,16,276
/3/library/socket.html,16,17,1447
/3/library/time.html,16,16,386
/3/using/mac.html,16,16,953
/ja/3.13/library/difflib.html,16,17,8
/ja/3.13/library/hashlib.html,16,16,98
