name,visitors,bounce_rate,visit_duration
chatgpt.com,272,63,98
perplexity,37,41,110
yandex,24,29,46
zalo,24,48,22
hackernoon.com,7,86,1
Securitylab.ru,5,60,148
ya,5,0,196
console.dev,4,25,76
edgehub,3,33,74
admin-dashboards,2,100,0
ethicalads-placement,2,50,45
nerdschalk.com,2,100,0
techiemike.com,2,0,62
Python,1,0,9
adwords,1,100,0
blog.tericcabrel.com,1,100,0
chatgpt.com0/?utm_source=chatgpt.com,1,0,20
datascientyst.com,1,100,0
empty-space,1,100,0
fb,1,100,0
hs_automation,1,100,0
leanpub.com,1,100,0
learn-ubuntu,1,100,0
post_page-----12cbeeee7430---------------------------------------,1,0,347
post_page-----5eaa7dc636cf---------------------------------------,1,100,0
student-reference,1,100,0
