name,visitors,pageviews,bounce_rate,time_on_page,scroll_depth
/3/,8211,11633,46,77,75
/3/library/functions.html,4555,6102,72,425,44
/3/library/stdtypes.html,4101,5751,72,466,38
/3/tutorial/index.html,3822,6301,56,93,59
/3/library/venv.html,3728,4264,87,890,35
/3/tutorial/datastructures.html,2725,3356,74,406,48
/3/library/index.html,2443,3996,56,79,43
/3/library/datetime.html,2346,3084,77,758,40
/3/search.html,2294,5153,30,59,50
/3/library/tkinter.html,2103,2943,74,580,34
/3/library/turtle.html,1793,2721,77,1569,32
/3/library/random.html,1761,3351,83,817,35
/3/tutorial/,1744,2504,64,158,55
/3/library/collections.html,1679,2076,81,597,39
/3/tutorial/controlflow.html,1646,2189,75,401,44
/3/library/re.html,1605,2062,78,811,40
/3/library/idle.html,1423,1813,77,555,34
/3/library/csv.html,1411,1775,80,929,44
/3/library/typing.html,1411,1759,76,550,26
/3/tutorial/classes.html,1385,1686,82,494,46
/3/library/math.html,1368,1664,82,513,38
/3/library/itertools.html,1226,1502,80,579,34
/3/tutorial/introduction.html,1217,1687,75,406,59
/3/tutorial/errors.html,1171,1417,74,380,40
/3/tutorial/inputoutput.html,1165,1432,73,309,49
/3/tutorial/interpreter.html,1127,1652,80,176,76
/3/library/os.html,1113,1441,69,370,34
/3/library/string.html,1036,1279,72,316,42
/3/library/exceptions.html,1023,1237,78,332,48
/3/glossary.html,931,1192,65,146,53
/3/tutorial/modules.html,905,1075,74,331,51
/3/library/time.html,891,1099,75,463,41
/3/library/argparse.html,887,1117,73,671,29
/3/tutorial/appetite.html,883,1057,73,124,88
/3/library/json.html,860,1003,80,550,34
/3/library/heapq.html,854,1051,80,1048,55
/3/reference/datamodel.html,833,1101,73,354,48
/3/library/logging.html,816,1034,72,510,37
/3/library/sqlite3.html,776,1107,76,1263,29
/3/library/pathlib.html,752,928,75,606,42
/3/library/subprocess.html,752,913,77,981,33
/3/whatsnew/3.13.html,751,979,68,140,17
/3/library/multiprocessing.html,750,1005,75,541,26
/3/installing/index.html,737,857,79,278,62
/3/howto/sorting.html,714,853,75,422,44
/3/reference/index.html,682,1155,44,42,70
/3/library/threading.html,679,869,74,590,40
/3/library/os.path.html,654,766,75,344,51
/3/tutorial/venv.html,649,749,85,376,56
/3/library/dataclasses.html,643,777,77,564,36
/3/library/unittest.html,642,814,82,875,24
/3/using/windows.html,638,784,81,425,41
/3/library/asyncio.html,612,836,61,145,76
/3/library/enum.html,605,681,77,517,29
/3/library/asyncio-task.html,588,762,76,533,36
/3/py-modindex.html,588,904,62,89,52
/3/library/functools.html,570,673,76,325,45
/3/library/socket.html,547,748,72,625,42
/3/library/sys.html,545,680,70,324,35
/3/using/mac.html,515,627,79,613,53
/3/contents.html,480,716,53,52,15
/3/library/pickle.html,475,574,81,411,24
/ja/3/c-api/import.html,473,546,74,77,22
/3/reference/lexical_analysis.html,460,575,80,313,54
/3/reference/expressions.html,451,544,76,260,61
/ja/3/library/codecs.html,450,578,82,2065,5
/3/index.html,439,697,40,38,76
/3/howto/logging.html,435,513,72,417,36
/3/reference/compound_stmts.html,414,556,73,195,34
/3/using/cmdline.html,406,486,78,225,36
/3/library/queue.html,393,469,70,554,60
/3/library/concurrent.futures.html,391,504,73,590,46
/zh-cn/3/tutorial/index.html,389,620,57,61,56
/3/download.html,381,451,70,190,86
/3/library/copy.html,381,441,85,397,72
/3/library/,377,525,58,121,40
/3/library/struct.html,375,450,79,739,45
/3/library/operator.html,371,433,81,332,52
/3/library/io.html,367,458,76,387,42
/zh-cn/3/,361,559,47,65,74
/3/reference/import.html,353,386,70,240,38
/3/library/xml.etree.elementtree.html,348,473,75,1210,32
/3/library/hashlib.html,346,442,76,579,31
/3/library/shutil.html,326,384,79,477,35
/3/howto/regex.html,324,374,79,572,39
/3/reference/simple_stmts.html,318,409,64,268,58
/3/library/pdb.html,316,353,86,300,37
/3/library/abc.html,312,359,78,394,48
/3/library/tk.html,310,464,38,91,64
/3/library/decimal.html,308,378,87,393,21
/3/library/http.server.html,288,378,78,694,50
/3/library/unittest.mock.html,273,394,70,1003,33
/3/license.html,273,327,83,359,23
/3/tutorial/floatingpoint.html,269,302,84,295,49
/3/library/asyncio-eventloop.html,266,330,68,338,39
/3/using/index.html,261,403,37,40,77
/3/library/tkinter.ttk.html,256,331,80,391,39
/3/library/zipfile.html,256,323,74,628,35
/3/library/tempfile.html,255,314,77,707,51
/3/library/array.html,241,276,81,411,70
