name,unique_exits,total_exits,exit_rate
/zh-tw/3/tutorial/index.html,33,34,
/zh-tw/3/howto/sorting.html,19,19,
/zh-tw/3.15/using/windows.html,18,18,
/dev/using/windows.html,17,17,
/zh-tw/3/library/venv.html,16,16,
/zh-tw/3/library/uuid.html,13,13,
/zh-tw/3/library/heapq.html,12,12,
/zh-tw/3/library/idle.html,12,12,
/zh-tw/3.13/tutorial/index.html,11,12,
/zh-tw/3/tutorial/datastructures.html,11,12,
/zh-tw/3/library/index.html,9,10,
/zh-tw/3/using/mac.html,9,10,
/zh-tw/3/library/random.html,8,8,
/zh-tw/3/library/stdtypes.html,8,9,
/zh-tw/3/tutorial/classes.html,8,8,
/zh-tw/3/genindex-I.html,7,7,
/zh-tw/3/library/collections.html,7,7,
/zh-tw/3.14/,6,6,
/zh-tw/3/library/bisect.html,6,7,
/zh-tw/3/library/functions.html,6,6,
/zh-tw/3/library/os.path.html,6,6,
/zh-tw/3/library/time.html,6,6,
/zh-tw/3/tutorial/introduction.html,6,6,
/zh-tw/dev/installing/index.html,6,6,
/zh-tw/3/library/concurrent.futures.html,5,5,
/zh-tw/3/library/re.html,5,5,
/zh-tw/3/tutorial/interpreter.html,5,7,
/zh-tw/dev/whatsnew/3.12.html,5,5,
/3/library/argparse.html,4,4,
/zh-tw/3/library/itertools.html,4,4,
/zh-tw/3/library/json.html,4,4,
/zh-tw/3/library/math.html,4,4,
/zh-tw/3/library/pathlib.html,4,4,
/zh-tw/3/library/typing.html,4,4,
/zh-tw/3/tutorial/controlflow.html,4,4,
/zh-tw/3/tutorial/errors.html,4,4,
/zh-tw/3/tutorial/floatingpoint.html,4,4,
/zh-tw/dev/library/functions.html,4,4,
/zh-tw/dev/library/math.html,4,4,
/zh-tw/3.13/whatsnew/3.12.html,3,3,
/zh-tw/3.13/whatsnew/3.4.html,3,3,
/zh-tw/3.14/py-modindex.html,3,3,
/zh-tw/3/,3,3,
/zh-tw/3/c-api/tuple.html,3,3,
/zh-tw/3/faq/windows.html,3,3,
/zh-tw/3/howto/argparse.html,3,3,
/zh-tw/3/library/calendar.html,3,3,
/zh-tw/3/library/enum.html,3,3,
/zh-tw/3/library/html.parser.html,3,3,
/zh-tw/3/library/operator.html,3,3,
/zh-tw/3/library/pickle.html,3,3,
/zh-tw/3/library/warnings.html,3,3,
/zh-tw/3/library/winsound.html,3,3,
/zh-tw/3/tutorial/appetite.html,3,3,
/zh-tw/3/tutorial/inputoutput.html,3,3,
/zh-tw/3/tutorial/modules.html,3,3,
/zh-tw/3/tutorial/stdlib.html,3,3,
/zh-tw/3/using/android.html,3,3,
/3.15/,2,2,
/3/,2,2,
/3/library/datetime.html,2,2,
/3/library/tkinter.html,2,2,
/3/library/venv.html,2,2,
/3/reference/index.html,2,2,
/3/tutorial/floatingpoint.html,2,2,
/3/tutorial/index.html,2,2,
/3/tutorial/introduction.html,2,2,
/zh-cn/3.14/reference/index.html,2,2,
/zh-cn/3.14/tutorial/controlflow.html,2,2,
/zh-tw/3.12/contents.html,2,3,
/zh-tw/3.12/download.html,2,2,
/zh-tw/3.12/tutorial/errors.html,2,2,
/zh-tw/3.13/library/traceback.html,2,2,
/zh-tw/3.13/tutorial/controlflow.html,2,2,
/zh-tw/3.13/whatsnew/3.5.html,2,2,
/zh-tw/3.14/download.html,2,2,
/zh-tw/3.14/howto/a-conceptual-overview-of-asyncio.html,2,2,
/zh-tw/3.14/library/,2,2,
/zh-tw/3.14/tutorial/,2,2,
/zh-tw/3.14/tutorial/index.html,2,2,
/zh-tw/3.14/tutorial/modules.html,2,2,
/zh-tw/3.14/using/windows.html,2,2,
/zh-tw/3.15/search.html,2,2,
/zh-tw/3/howto/logging.html,2,2,
/zh-tw/3/library/__main__.html,2,2,
/zh-tw/3/library/array.html,2,2,
/zh-tw/3/library/cmath.html,2,2,
/zh-tw/3/library/csv.html,2,2,
/zh-tw/3/library/functools.html,2,2,
/zh-tw/3/library/pdb.html,2,2,
/zh-tw/3/library/queue.html,2,2,
/zh-tw/3/library/string.html,2,2,
/zh-tw/3/library/threading.html,2,2,
/zh-tw/3/library/tk.html,2,2,
/zh-tw/3/library/unittest.html,2,2,
/zh-tw/3/reference/import.html,2,2,
/zh-tw/3/reference/index.html,2,2,
/zh-tw/3/search.html,2,2,
/zh-tw/3/tutorial/venv.html,2,2,
/zh-tw/dev/genindex-B.html,2,2,
