name,visitors,bounce_rate,visit_duration
Direct / None,219,57,345
google.com,107,72,180
python.org,27,0,309
bing.com,8,80,125
duckduckgo.com,8,67,336
python.it,6,17,561
chatgpt.com,4,50,332
it.search.yahoo.com,3,67,2
android-app://com.slack,2,100,0
copilot.microsoft.com,2,100,0
gemini.google.com,2,0,184
leontrolski.github.io,2,0,301
betterbotai.gea.com,1,100,0
colab.research.google.com,1,0,48
cs50.harvard.edu,1,0,568
jupyter.org,1,0,2178
perplexity.ai,1,0,96
python-docs-translations.github.io,1,0,4
qwant.com,1,0,216
search.brave.com,1,100,0
to.infn.it,1,0,5
