name,visitors,bounce_rate,visit_duration
Baidu,927,76,19
Google,720,67,150
Direct / None,643,59,194
Bing,31,48,256
python.org,24,0,372
chatgpt.com,14,73,236
codeup.kr,7,57,87
wikidocs.net,7,100,0
blockdmask.tistory.com,4,75,14
namu.wiki,4,100,34
codeit.kr,3,100,0
contest.nypc.co.kr,3,100,0
Shenma,2,100,0
Youtube,2,0,183
m.blog.naver.com,2,100,0
m.clien.net,2,0,118
velog.io,2,100,0
172.16.11.125,1,100,0
Perplexity,1,0,135
Yandex,1,0,123
ashortday.tistory.com,1,100,0
cafe.naver.com,1,100,0
clien.net,1,100,0
copilot.microsoft.com,1,0,10
dalseobi.tistory.com,1,100,0
dev-jy.tistory.com,1,100,0
docs.obspy.org,1,0,3077
forms.cloud.microsoft,1,100,0
gall.dcinside.com,1,0,25
genai.samsungdisplay.net,1,0,44
gvanrossum.github.io,1,0,14
iwiki.woa.com,1,0,853
jemmaa.tistory.com,1,100,0
jh-bk.tistory.com,1,0,13
kdw9502.tistory.com,1,100,0
notion.so,1,0,127
pearlluck.tistory.com,1,100,0
purplechip.tistory.com,1,0,40
python.co.kr,1,100,0
real.iqe-docs.kr-cc.fe.iqe.navercorp.com,1,100,0
school.programmers.co.kr,1,100,0
smart-worker.tistory.com,1,100,0
wiki.python.org,1,0,213
