name,visitors
São Paulo,394
Rio de Janeiro,140
Brasília,94
Curitiba,80
Belo Horizonte,58
Recife,53
Florianópolis,45
Salvador,41
Fortaleza,36
Goiânia,30
Campinas,30
Porto Alegre,29
Aracaju,20
Maceió,19
N/A,19
Lisbon,18
João Pessoa,17
Campina Grande,17
Campo Grande,16
Praia,14
Belém,14
Osasco,14
Maringá,14
Carapicuíba,14
Porto,13
Natal,13
São José dos Campos,12
São Bernardo do Campo,12
Guarulhos,12
Manaus,12
Vila Velha,11
N/A,11
Niterói,11
Itaporanga,10
Sorocaba,10
São Carlos,10
Ribeirão Preto,10
Londrina,10
Cascavel,10
Luanda,9
São José do Rio Preto,9
São Gonçalo,9
Santo André,9
Teresina,8
São Luís,8
São José dos Pinhais,8
Santos,8
Santa Maria,8
Passo Fundo,8
Jundiaí,8
Joinville,8
Ferraz de Vasconcelos,8
Caxias do Sul,8
Uberlândia,7
Taubaté,7
Feira de Santana,7
Cuiabá,7
N/A,7
Palmas,7
Santarém,6
Vitória da Conquista,6
Pelotas,6
Diadema,6
Colombo,6
Blumenau,6
Mossoró,5
Igarassu,5
Caruaru,5
Vitória,5
Sumaré,5
São Roque,5
Rondonópolis,5
Piracicaba,5
Mogi das Cruzes,5
Juiz de Fora,5
Jaraguá do Sul,5
Itaquaquecetuba,5
Hortolândia,5
Duque de Caxias,5
Belford Roxo,5
Bauru,5
N/A,5
Maputo,4
Santa Inês,4
Parnamirim,4
Macapá,4
N/A,4
Afogados da Ingazeira,4
Viçosa,4
São João de Meriti,4
Ribeirão das Neves,4
Pato Branco,4
Palhoça,4
Novo Hamburgo,4
Luziânia,4
Lavras,4
Jacareí,4
Itapevi,4
Francisco Beltrão,4
Foz do Iguaçu,4
Embu,4
Araruama,4
Almirante Tamandaré,4
Porto Velho,4
Amadora,3
Guimarães,3
Nagold,3
Milan,3
Sobral,3
Paulista,3
Patos,3
Juazeiro do Norte,3
Imperatriz,3
Currais Novos,3
Crato,3
Arapiraca,3
Valença,3
Uberaba,3
São Caetano do Sul,3
Santiago,3
Rio Grande,3
Poá,3
Petrópolis,3
Nova Iguaçu,3
Montes Claros,3
Marília,3
Jaraguá,3
Itapecerica da Serra,3
Itanhaém,3
Itajaí,3
Guarujá,3
Guaratinguetá,3
Erechim,3
Duartina,3
N/A,3
Cotia,3
Canoas,3
Camaçari,3
Cachoeiro de Itapemirim,3
Arapongas,3
Aracruz,3
Araçatuba,3
Miami,3
Pinhais,3
Teixeira de Freitas,3
Tete,2
Chengdu,2
Sintra,2
Setúbal,2
Caldas da Rainha,2
Fulham,2
Valongo,2
Sernancelhe,2
Guarda,2
Espinho,2
Coimbra,2
Braga,2
Frankfurt am Main,2
Benguela,2
São Bento,2
Paulo Afonso,2
N/A,2
Parnaíba,2
Olinda,2
Lagoa do Itaenga,2
Itaituba,2
Itaitinga,2
Glória do Goitá,2
Castanhal,2
Belo Jardim,2
Bayeux,2
Barbalha,2
Angicos,2
Ananindeua,2
Acopiara,2
Volta Redonda,2
Várzea Grande,2
Timóteo,2
Teutônia,2
Teresópolis,2
N/A,2
Tatuí,2
Tarumã,2
Taquarituba,2
Suzano,2
Sarzedo,2
São Lourenço,2
N/A,2
São José do Rio Pardo,2
São João del Rei,2
São Francisco do Sul,2
Santo Antônio do Monte,2
Santa Maria da Vitória,2
Santa Inês,2
Santa Cruz do Rio Pardo,2
Rio do Sul,2
Rio das Ostras,2
Rio Bonito,2
Presidente Prudente,2
Praia Grande,2
Poços de Caldas,2
Pitanga,2
Paulínia,2
N/A,2
Muniz Freire,2
Mogi Guaçu,2
Mauá,2
Manhuaçu,2
N/A,2
Luz,2
Lins,2
Limeira,2
José Bonifácio,2
João Monlevade,2
Joanópolis,2
Jequié,2
Jaú,2
Jardinópolis,2
Jaguariúna,2
Itatiaia,2
Itanhém,2
Itajubá,2
Itabira,2
Inhambupe,2
Ilhéus,2
Igarapé,2
Ibirubá,2
Gurupi,2
Guarapari,2
Guaramirim,2
Guanhães,2
Franca,2
Esteio,2
N/A,2
Concórdia,2
Carandaí,2
N/A,2
Cachoeirinha,2
Caçapava,2
Cabo Frio,2
Brasília de Minas,2
Bragança Paulista,2
Boituva,2
Betim,2
Atibaia,2
Assis,2
Araxá,2
Araucária,2
Araras,2
Araraquara,2
Anápolis,2
Americana,2
N/A,2
Boa Vista,2
Presidente Médici,2
Washington,2
San Jose,2
Aparecida de Goiânia,2
N/A,2
Simões Filho,2
N/A,2
N/A,2
N/A,2
N/A,2
N/A,2
N/A,2
N/A,2
Tolyatti,1
Luleå,1
Warsaw,1
Thrissur,1
Wuxi,1
Shijiazhuang,1
Beijing,1
Tokyo,1
Mito,1
Vila Real de Santo António,1
Oeiras,1
Montijo,1
Cascais,1
Barreiro,1
Algés,1
Bamako,1
Don Benito,1
Chiva,1
Stockholm,1
Vila Real,1
Maia,1
Munich,1
Dublin,1
Alcorcón,1
Vitória de Santo Antão,1
Timon,1
Surubim,1
Sousa,1
São Raimundo das Mangabeiras,1
São Miguel dos Campos,1
N/A,1
N/A,1
Santa Luzia,1
