property,value,visitors,events,percentage
url,(none),1174,1511,99.9
url,https://www.python.org/,9,9,0.8
url,https://apps.microsoft.com/detail/9NQ7512CXL7T,3,3,0.3
url,https://pypi.org/project/puremagic/,2,3,0.2
url,https://wiki.python.org/moin/PythonBooks,2,4,0.2
url,https://devguide.python.org/,1,1,0.1
url,https://docs.python.org/zh-tw/3.13/archives/python-3.13-docs-html.zip,1,1,0.1
url,https://docs.python.org/zh-tw/3.14/archives/python-3.14-docs-html.zip,1,1,0.1
url,https://github.com/python/cpython/blob/main/Doc/library/datetime.rst?plain=1,1,1,0.1
url,https://github.com/python/cpython/tree/3.14/Lib/random.py,1,1,0.1
url,https://packaging.python.org/en/latest/tutorials/installing-packages/#ensure-pip-setuptools-and-wheel-are-up-to-date,1,1,0.1
url,https://packaging.python.org/extensions/,1,1,0.1
url,https://peps.python.org/pep-0636/,1,1,0.1
url,https://pypi.org/project/filetype/,1,1,0.1
url,https://termux.dev/en/,1,1,0.1
url,https://wiki.python.org/moin/BeginnersGuide,1,1,0.1
