name,visitors,pageviews,bounce_rate,time_on_page,scroll_depth
/zh-tw/3/tutorial/index.html,58,83,52,24,55
/zh-tw/3.14/,30,32,38,8,76
/zh-tw/3/library/idle.html,29,28,100,6,3
/zh-tw/3.15/using/windows.html,27,24,62,29,24
/zh-tw/3/tutorial/interpreter.html,23,28,70,43,72
/zh-tw/3/library/venv.html,22,22,95,16,37
/zh-tw/3/howto/sorting.html,21,20,100,37,50
/zh-tw/3/library/uuid.html,20,20,100,15,8
/zh-tw/3/tutorial/appetite.html,18,15,43,106,95
/zh-tw/3/tutorial/datastructures.html,18,22,86,14,33
/zh-tw/3/library/heapq.html,13,14,83,57,63
/zh-tw/3/tutorial/classes.html,12,12,100,25,38
/zh-tw/3/tutorial/controlflow.html,12,14,86,41,35
/zh-tw/3/tutorial/introduction.html,12,10,100,125,60
/zh-tw/3.14/library/index.html,11,12,0,8,31
/zh-tw/3/library/random.html,10,9,100,22,20
/zh-tw/3/library/re.html,10,11,56,16,33
/zh-tw/dev/installing/index.html,10,9,88,28,81
/zh-tw/3.14/tutorial/index.html,9,10,33,13,48
/zh-tw/3/library/bisect.html,9,10,100,37,60
/zh-tw/3/library/collections.html,9,9,100,14,45
/zh-tw/3/library/functions.html,9,9,88,106,26
/zh-tw/3/library/index.html,9,11,71,40,61
/zh-tw/3/library/math.html,9,9,75,15,39
/zh-tw/3.14/tutorial/interpreter.html,8,7,100,107,82
/zh-tw/3/library/csv.html,8,9,71,21,27
/zh-tw/3/reference/index.html,8,13,80,35,68
/zh-tw/3/tutorial/errors.html,8,7,100,12,26
/zh-tw/3/using/mac.html,8,9,75,31,54
/zh-tw/3/library/pathlib.html,7,8,71,22,12
/zh-tw/3/tutorial/inputoutput.html,7,8,80,29,48
/zh-tw/3/tutorial/venv.html,7,8,75,31,65
/zh-tw/3.13/tutorial/index.html,6,6,100,1,24
/zh-tw/3.14/tutorial/introduction.html,6,5,0,45,57
/zh-tw/3/contents.html,6,7,100,18,68
/zh-tw/3/installing/index.html,6,4,50,21,90
/zh-tw/3/library/os.path.html,6,7,86,5,21
/zh-tw/3/library/stdtypes.html,6,6,100,23,100
/zh-tw/3.12/,5,4,0,10,100
/zh-tw/3.15/tutorial/index.html,5,5,100,14,58
/zh-tw/3/,5,5,75,20,71
/zh-tw/3/faq/general.html,5,3,50,24,59
/zh-tw/3/glossary.html,5,6,80,15,6
/zh-tw/3/howto/argparse.html,5,5,100,89,40
/zh-tw/3/library/array.html,5,5,100,10,90
/zh-tw/3/library/json.html,5,5,100,15,13
/zh-tw/3/tutorial/modules.html,5,4,50,82,58
/zh-tw/3.13/index.html,4,5,67,6,79
/zh-tw/3.13/library/__main__.html,4,4,100,15,40
/zh-tw/3.13/whatsnew/3.13.html,4,4,0,34,32
/zh-tw/3.14/index.html,4,4,50,8,70
/zh-tw/3.14/library/functions.html,4,6,0,33,17
/zh-tw/3.14/search.html,4,4,0,9,20
/zh-tw/3.14/tutorial/controlflow.html,4,5,50,775,20
/zh-tw/3.14/tutorial/interactive.html,4,7,50,82,90
/zh-tw/3.14/using/android.html,4,3,100,66,82
/zh-tw/3.15/reference/compound_stmts.html,4,4,100,5,28
/zh-tw/3/deprecations/pending-removal-in-3.16.html,4,3,100,21,76
/zh-tw/3/library/abc.html,4,4,75,8,30
/zh-tw/3/library/concurrent.futures.html,4,4,100,76,51
/zh-tw/3/reference/introduction.html,4,4,0,22,90
/zh-tw/dev/library/os.path.html,4,4,100,9,19
/zh-tw/dev/whatsnew/3.12.html,4,4,100,1,1
/zh-tw/3.12/contents.html,3,3,100,4,1
/zh-tw/3.13/tutorial/controlflow.html,3,6,75,,
/zh-tw/3.13/whatsnew/3.12.html,3,3,100,,
/zh-tw/3.13/whatsnew/3.4.html,3,3,100,,
/zh-tw/3.13/whatsnew/3.5.html,3,3,100,,
/zh-tw/3.14/download.html,3,3,0,5,86
/zh-tw/3.14/glossary.html,3,2,0,2,19
/zh-tw/3.14/library/re.html,3,2,100,7,47
/zh-tw/3.14/library/tkinter.html,3,2,100,5,100
/zh-tw/3.14/reference/datamodel.html,3,3,100,36,38
/zh-tw/3.14/reference/index.html,3,3,0,7,97
/zh-tw/3.14/tutorial/appetite.html,3,2,0,10,97
/zh-tw/3.14/tutorial/modules.html,3,3,100,,
/zh-tw/3.14/using/windows.html,3,3,33,7,26
/zh-tw/3.15/,3,3,100,14,100
/zh-tw/3.15/bugs.html,3,2,100,2,36
/zh-tw/3.15/deprecations/pending-removal-in-3.16.html,3,2,100,2,45
/zh-tw/3.15/library/functions.html,3,3,100,20,52
/zh-tw/3.15/search.html,3,2,100,3,100
/zh-tw/3.15/tutorial/appetite.html,3,4,100,12,80
/zh-tw/3.15/tutorial/interpreter.html,3,4,50,106,82
/zh-tw/3.15/using/mac.html,3,2,100,3,54
/zh-tw/3/faq/windows.html,3,3,100,26,47
/zh-tw/3/library/enum.html,3,3,67,12,10
/zh-tw/3/library/ssl.html,3,2,100,7,5
/zh-tw/3/library/string.html,3,3,100,10,15
/zh-tw/3/reference/datamodel.html,3,2,0,15,34
/zh-tw/3/search.html,3,3,50,18,100
/zh-tw/3/tutorial/appendix.html,3,2,0,163,72
/zh-tw/3/using/configure.html,3,3,50,12,8
/zh-tw/3/using/windows.html,3,3,100,23,4
/zh-tw/dev/library/math.html,3,3,100,,
/zh-tw/dev/library/typing.html,3,3,100,5,2
/zh-tw/dev/library/venv.html,3,3,100,24,49
/zh-tw/dev/whatsnew/3.13.html,3,3,100,60,4
/zh-tw/3.12/download.html,2,3,0,17,87
/zh-tw/3.12/library/dataclasses.html,2,2,100,2,52
