name,visitors
Tokyo,132
Kanagawa,28
Osaka,27
Saitama,14
Chiba,8
Aichi,6
Oregon,5
Hokkaido,4
Shizuoka,4
Fukuoka,4
Kyoto,3
Hiroshima,3
Tokushima,3
New Jersey,3
Santiago Metropolitan,2
Shanghai,2
Miyagi,2
Ibaraki,2
Gunma,2
Ishikawa,2
Iowa,2
Virginia,2
Beijing,1
Guangdong,1
Babylon,1
Emilia-Romagna,1
Fukushima,1
Niigata,1
Toyama,1
Gifu,1
Shiga,1
Nara,1
Nagasaki,1
Kumamoto,1
Okinawa,1
Łódź,1
Colorado,1
Massachusetts,1
Texas,1
Tashkent,1
Ho Chi Minh City,1
