name,version,visitors
Chrome,143.0,207
Microsoft Edge,143.0,77
Opera,125.0,29
Firefox,146.0,28
Chrome,139.0,25
Firefox,147.0,10
Safari,26.2,10
Safari,18.6,9
Chrome,144.0,8
Chrome,132.0,6
Safari,26.1,6
Chrome,109.0,5
Chrome,116.0,5
Chrome,142.0,5
Samsung Browser,29.0,5
Chrome,112.0,4
Firefox,145.0,4
Chrome,104.0,3
Chrome,111.0,3
Chrome,131.0,3
Chrome,133.0,3
Chrome,140.0,3
Firefox,144.0,3
Safari,18.5,3
Chromium,(not set),2
(not set),(not set),2
Mobile App,(not set),2
Chrome,108.0,2
Opera,120.0,2
Microsoft Edge,133.0,2
Microsoft Edge,138.0,2
Firefox,139.0,2
Avast Secure Browser,143.0,2
Safari,16.3,2
Safari,17.6,2
Yandex Browser,25.12,2
Safari,(not set),1
Chrome,105.0,1
Chrome,107.0,1
Microsoft Edge,109.0,1
Firefox,113.0,1
Firefox,118.0,1
Chrome,120.0,1
Chrome,124.0,1
Microsoft Edge,125.0,1
Chrome,125.0,1
Chrome,130.0,1
Microsoft Edge,131.0,1
Microsoft Edge,134.0,1
Microsoft Edge,135.0,1
Firefox,136.0,1
Firefox,137.0,1
Firefox,140.0,1
Microsoft Edge,141.0,1
Firefox,143.0,1
Firefox,148.0,1
Safari,15.6,1
Safari,26.3,1
Opera,79.0,1
Chrome,86.0,1
Chrome,90.0,1
Opera,95.0,1
