name,visitors
England,765
California,567
Île-de-France,280
Hesse,264
Maharashtra,261
New York,254
Bavaria,240
Texas,205
Virginia,203
Tamil Nadu,190
Tokyo,190
North Rhine-Westphalia,182
Ontario,171
Karnataka,159
Illinois,159
Moscow,157
Baden-Württemberg,153
North Holland,143
São Paulo,135
Massachusetts,130
Washington,129
Florida,127
Colorado,125
Mazovia,124
Zürich,115
Telangāna,112
Guangdong,110
Delhi,103
Georgia,99
Vienna,97
Lombardy,97
New South Wales,94
Madrid Autonomous Community,93
Stockholm,92
Quebec,89
Berlin,87
Pennsylvania,84
Maryland,79
Ohio,78
Ho Chi Minh City,78
Beijing,72
Oregon,72
Uusimaa,71
Leinster,70
North Carolina,70
New Jersey,66
Catalonia,62
Jakarta,62
Michigan,61
Prague,60
Saint Petersburg,60
Istanbul,58
Victoria,57
Flanders,57
Auvergne-Rhône-Alpes,57
Hanoi,57
British Columbia,53
Rio de Janeiro,52
South Holland,52
Shanghai,51
Ciudad de Mexico,50
Gauteng,50
Gujarat,49
Capital Region,48
Santiago Metropolitan,47
Saxony,47
Lesser Poland,47
Kyiv,45
Indiana,45
Brussels,43
Uttar Pradesh,43
Provence-Alpes-Côte-d'Azur,42
Hamburg,41
Hauts-de-France,41
Alberta,40
Tel Aviv,40
Bangkok,40
Lower Saxony,39
North Brabant,38
Punjab,38
Buenos Aires Province,37
West Bengal,37
Paraná,36
Nairobi County,36
Arizona,36
Scotland,35
Budapest,35
Lazio,35
Queensland,34
Lagos,34
Utrecht,34
Taipei,34
Gyeonggi,33
Selangor,33
Zhejiang,32
Occitanie,32
Wisconsin,32
Minas Gerais,31
Grand-Est,31
Attica,31
Oslo,31
Lisbon,31
Bucharest,31
Tennessee,31
Dubai,30
Capital District,30
Kerala,30
Seoul,29
Metro Manila,29
Styria,28
Kuala Lumpur,28
Porto,28
Connecticut,28
Lima,27
Ankara,27
Utah,27
Sichuan,26
Central Denmark,26
Cairo,26
Andalusia,26
Haryana,26
Auckland,25
Minnesota,25
Rajasthan,24
Gelderland,24
Västra Götaland,24
Iowa,24
Missouri,24
Jiangsu,23
Madhya Pradesh,23
Campania,23
Osaka,22
Sverdlovsk,22
Skåne,22
Washington DC,22
Bern,21
Shandong,21
Antioquia,21
Rhineland-Palatinate,21
Distrito Nacional,21
Punjab,21
Meknès-Tafilalet,21
Pomerania,21
Sofia,20
Rio Grande do Sul,20
West Java,20
New Taipei,20
Western Cape,20
Buenos Aires,19
Western Australia,19
East Java,19
Dhaka Division,18
Valencian Community,18
Riga,18
Sindh,18
Lower Silesia,18
Riyadh,18
Bratislava,18
South Carolina,18
Schleswig-Holstein,17
Wales,17
Tuscany,17
Silesia,17
Greater Poland,17
Tunis,17
Alabama,17
Hubei,16
Mecklenburg-Vorpommern,16
Brittany,16
Nouvelle-Aquitaine,16
Andhra Pradesh,16
Emilia-Romagna,16
New Mexico,16
Centre-Val de Loire,15
Odisha,15
Piedmont,15
Veneto,15
Western,15
Jalisco,15
Beograd,15
Nizhny Novgorod,15
Rostov,15
Minsk,14
Chongqing,14
Shaanxi,14
Brandenburg,14
Krasnodar Krai,14
Makkah,14
Uppsala,14
Nevada,14
Rhode Island,14
Ceará,13
Central Java,13
Bihar,13
Hormozgan,13
Taichung,13
Hebei,12
Bremen,12
Galicia,12
Zagreb,12
Vilnius County,12
Moscow Province,12
Arkansas,12
Kentucky,12
Wallonia,11
Federal District,11
Santa Catarina,11
Vaud,11
Thuringia,11
Southern Denmark,11
Algiers,11
Greater Accra,11
Central Macedonia,11
Kwai Tsing New Territories,11
Saitama,11
Aichi,11
Groningen,11
Kuyavia-Pomerania,11
Timiș,11
Lvivshchyna,11
Louisiana,11
Oklahoma,11
Tashkent,11
Littoral,10
Pernambuco,10
Basel-Stadt,10
Geneva,10
San José,10
Harjumaa,10
Apulia,10
Incheon,10
Morelos,10
Veracruz,10
Islamabad,10
Novosibirsk,10
Voronezh,10
Kyivshchyna,10
Idaho,10
'Adan,10
Abu Dhabi,9
Córdoba,9
Lower Austria,9
Hunan,9
Liaoning,9
Havana,9
South Moravia,9
Saxony-Anhalt,9
Basque Country,9
Northern Ireland,9
Tbilisi,9
Central,9
Marche,9
Kanagawa,9
Hyogo,9
Phnom Penh,9
Querétaro,9
Limburg,9
Central Luzon,9
Ljubljana,9
Nebraska,9
Tyrol,8
Goiás,8
Aargau,8
Castile-La Mancha,8
Pirkanmaa,8
Southwest Finland,8
Burgundy-Franche-Comté,8
Assam,8
Chandigarh,8
Almaty City,8
Baja California,8
Mexico State,8
Flevoland,8
Overijssel,8
Trøndelag,8
Central Visayas,8
Calabarzon,8
Łódź,8
Tatarstan,8
Kansas,8
Vermont,8
West Virginia,8
Amanat Al Asimah,8
Amazonas,7
Lucerne,7
Fujian,7
Henan,7
Tianjin,7
Saarland,7
Guatemala,7
Connacht,7
Jerusalem,7
Sicily,7
Amman,7
Fukuoka,7
South Gyeongsang,7
Astana,7
Chișinău,7
Oyo,7
Vestland,7
