name,visitors
United States,3854
India,1566
Russian Federation,1131
United Kingdom,1125
China,1079
France,697
Brazil,690
Germany,590
Japan,500
Canada,490
Netherlands,445
Spain,439
Poland,425
Italy,296
Vietnam,282
Mexico,258
Singapore,236
Indonesia,233
Turkey,232
Sweden,208
Australia,206
Ukraine,206
Hong Kong,199
Taiwan,193
South Korea,189
Switzerland,186
Argentina,154
Iran,145
Colombia,143
Austria,140
Czechia,140
Pakistan,139
Belgium,129
Egypt,127
Thailand,113
Israel,105
Peru,104
Philippines,104
Denmark,99
Finland,97
Portugal,97
Morocco,90
Romania,90
Ireland,88
Norway,88
Hungary,77
Saudi Arabia,77
Uzbekistan,77
Chile,73
South Africa,70
Belarus,66
Kazakhstan,66
Nigeria,60
United Arab Emirates,58
Malaysia,57
Bangladesh,50
Greece,50
Kenya,46
Serbia,46
Estonia,42
Tunisia,42
Slovakia,39
Bulgaria,37
Ecuador,34
Iraq,32
Lithuania,31
Ethiopia,30
Venezuela,30
Algeria,28
Latvia,28
Sri Lanka,27
Ghana,23
Croatia,22
New Zealand,22
Slovenia,22
Costa Rica,19
Cambodia,19
Georgia,18
Bolivia,17
Armenia,16
Iceland,16
Cyprus,15
Dominican Republic,14
Nepal,14
Paraguay,13
Tanzania,13
Azerbaijan,12
Côte d'Ivoire,12
Kyrgyzstan,12
Moldova,12
Lebanon,10
Luxembourg,10
Cameroon,9
Montenegro,9
Senegal,9
Albania,8
Bosnia and Herzegovina,8
Jordan,8
"Palestine, State of",8
Cuba,7
Kuwait,7
Oman,7
Qatar,7
Uganda,7
Uruguay,7
Afghanistan,6
Bhutan,6
"Congo, The Democratic Republic of the",6
Guatemala,6
Laos,6
Madagascar,6
North Macedonia,6
Sudan,6
Benin,5
Mongolia,5
Puerto Rico,5
Réunion,5
Yemen,5
Myanmar,4
Macao,4
Mozambique,4
Namibia,4
Somalia,4
El Salvador,4
Burkina Faso,3
Honduras,3
Libya,3
Panama,3
Seychelles,3
Zimbabwe,3
Antigua and Barbuda,2
Aruba,2
Bahrain,2
Burundi,2
Belize,2
Curaçao,2
Jamaica,2
Liberia,2
Lesotho,2
Mali,2
Malta,2
Niger,2
Rwanda,2
Syria,2
Zambia,2
Andorra,1
Angola,1
American Samoa,1
Brunei Darussalam,1
Congo,1
Cabo Verde,1
Fiji,1
Gambia,1
Guyana,1
Cayman Islands,1
Mauritius,1
Nicaragua,1
Solomon Islands,1
Sierra Leone,1
Chad,1
Tajikistan,1
Turkmenistan,1
