name,unique_entrances,total_entrances,visit_duration
/pl/3/tutorial/index.html,20,21,195
/pl/3/tutorial/datastructures.html,13,13,175
/pl/3/,12,12,61
/pl/3.13/tutorial/index.html,11,20,750
/3/,9,9,493
/pl/3/tutorial/appetite.html,7,7,32
/pl/3/tutorial/controlflow.html,6,9,416
/pl/3/installing/index.html,5,5,0
/pl/3/tutorial/,5,5,0
/pl/dev/tutorial/classes.html,5,5,0
/3/tutorial/index.html,4,4,999
/pl/3.13/tutorial/controlflow.html,4,4,47
/pl/3/extending/extending.html,4,4,110
/pl/3/library/array.html,4,4,12
/pl/3/tutorial/inputoutput.html,4,4,1187
/pl/3/tutorial/interpreter.html,4,4,916
/pl/3/tutorial/modules.html,4,4,498
/3/tutorial/classes.html,3,3,603
/pl/3.13/library/functions.html,3,3,0
/pl/3.13/tutorial/errors.html,3,3,0
/pl/3/library/index.html,3,3,0
/3.13/tutorial/index.html,2,2,14
/3/tutorial/,2,2,226
/pl/3.13/tutorial/datastructures.html,2,2,4436
/pl/3.13/tutorial/modules.html,2,2,1237
/pl/3/library/functions.html,2,2,168
/pl/3/search.html,2,2,0
/pl/3/whatsnew/3.12.html,2,2,0
/pl/dev/tutorial/inputoutput.html,2,2,1907
/3.13/extending/extending.html,1,1,0
/3.13/library/intro.html,1,1,111
/3.13/library/stdtypes.html,1,1,1535
/3/faq/,1,1,84
/3/library/asyncio-eventloop.html,1,1,768
/3/library/collections.html,1,1,37
/3/library/datetime.html,1,1,0
/3/library/enum.html,1,1,239
/3/library/exceptions.html,1,1,0
/3/library/http.server.html,1,1,0
/3/library/io.html,1,1,0
/3/library/shutil.html,1,1,32
/3/library/traceback.html,1,1,2651
/3/tutorial/controlflow.html,1,1,24
/3/tutorial/datastructures.html,1,1,2189
/3/tutorial/introduction.html,1,1,105
/3/tutorial/modules.html,1,1,0
/3/using/index.html,1,1,84
/3/using/windows.html,1,1,0
/es/3.13/library/functools.html,1,1,10
/fr/3.13/library/functions.html,1,1,0
/fr/3.13/tutorial/index.html,1,1,80
/ja/3.13/download.html,1,1,75
/ko/3.13/tutorial/classes.html,1,1,0
/pl/3.12/,1,1,0
/pl/3.12/reference/import.html,1,1,0
/pl/3.12/tutorial/controlflow.html,1,1,0
/pl/3.12/tutorial/index.html,1,1,11
/pl/3.13/,1,1,0
/pl/3.13/faq/,1,1,0
/pl/3.13/index.html,1,1,297
/pl/3.13/library/datetime.html,1,1,7
/pl/3.13/library/exceptions.html,1,1,0
/pl/3.13/library/heapq.html,1,1,0
/pl/3.13/library/http.server.html,1,1,19
/pl/3.13/library/index.html,1,1,0
/pl/3.13/library/io.html,1,1,169
/pl/3.13/library/random.html,1,1,30
/pl/3.13/library/shutil.html,1,1,1758
/pl/3.13/library/sqlite3.html,1,1,19
/pl/3.13/library/ssl.html,1,1,0
/pl/3.13/library/tkinter.html,1,1,61
/pl/3.13/py-modindex.html,1,1,0
/pl/3.13/reference/datamodel.html,1,1,0
/pl/3.14/whatsnew/index.html,1,1,8
/pl/3/c-api/type.html,1,1,0
/pl/3/contents.html,1,1,72
/pl/3/extending/newtypes_tutorial.html,1,1,0
/pl/3/faq/library.html,1,1,0
/pl/3/index.html,1,1,89
/pl/3/library/abc.html,1,1,452
/pl/3/library/asyncio-future.html,1,1,0
/pl/3/library/inspect.html,1,1,0
/pl/3/library/turtle.html,1,1,0
/pl/3/tutorial/errors.html,1,1,0
/pl/3/tutorial/introduction.html,1,1,0
/pl/3/tutorial/stdlib.html,1,1,0
/pl/3/tutorial/venv.html,1,1,0
/pl/3/using/index.html,1,1,0
/pl/3/using/windows.html,1,1,0
/pl/dev/c-api/index.html,1,1,0
/pl/dev/c-api/intro.html,1,1,0
/pl/dev/library/compression.zstd.html,1,1,0
/pl/dev/tutorial/floatingpoint.html,1,1,0
/pl/dev/whatsnew/index.html,1,1,0
/tr/3.13/using/cmdline.html,1,1,0
/uk/3.13/library/decimal.html,1,1,2757
/zh-cn/3.13/,1,1,24
