name,visitors,bounce_rate,visit_duration
python.org,6087,80,25
Direct / None,3676,84,44
Google,1795,85,41
Hacker News,723,84,18
docs.python.org,604,81,59
Bing,180,86,25
chatgpt.com,118,89,23
GitHub,110,85,38
Yandex,106,92,49
DuckDuckGo,104,78,135
devguide.python.org,81,67,56
Reddit,75,91,43
boot.dev,56,96,6
udemy.com,51,92,21
python.p2hp.com,49,86,4
pypi.org,47,77,70
Brave,46,87,50
netacad.com,44,98,2
packaging.python.org,38,74,41
cs50.harvard.edu,34,97,1
discuss.python.org,34,66,47
realpython.com,26,73,33
ru.hexlet.io,25,100,0
docs.astral.sh,21,86,41
cs50.readthedocs.io,17,88,2
qiita.com,16,88,14
s3.eu-west-1.amazonaws.com,16,100,0
cms.unir.net,12,58,293
codecademy.com,12,100,0
Yahoo!,11,55,166
hackerrank.com,9,78,4
metanit.com,9,100,0
softserve.academy,9,100,0
wsgi.readthedocs.io,9,100,0
Facebook,8,100,0
Wikipedia,8,88,16
courses.edx.org,8,88,67
edube.org,8,88,10
habr.com,8,88,5
link.zhihu.com,8,100,0
maharatech.gov.eg,8,100,0
openclassrooms.com,8,75,68
pythonzen-pep8-exam.jp,8,70,38
setuptools.pypa.io,8,75,29
substack,8,100,0
freecodecamp.org,7,100,0
python-poetry.org,7,86,3
typing.python.org,7,86,39
Qwant,6,67,33
code-basics.com,6,100,0
doubao.com,6,100,0
medium.com,6,83,24
pycoders.com,6,83,1
LinkedIn,5,100,0
Microsoft Teams,5,100,0
Perplexity,5,40,109
fishc.com.cn,5,100,0
lucas.codesquad.kr,5,60,445
my.sky.pro,5,100,0
mypy.readthedocs.io,5,83,12
namu.wiki,5,60,10
numpy.org,5,60,51
numpydoc.readthedocs.io,5,100,0
yuanbao.tencent.com,5,80,52
StackOverflow,4,75,1
Youtube,4,100,0
appacademy.io,4,100,0
benhoyt.com,4,75,1
docs.ray.io,4,100,0
docs.sqlalchemy.org,4,100,0
ecollege.etbonline.ie,4,75,0
elearn.epam.com,4,100,0
hatch.pypa.io,4,75,14
keg-course.github.io,4,100,0
pip.pypa.io,4,100,0
pymysql.readthedocs.io,4,100,0
pythonchik.ru,4,100,0
raspberrypi.com,4,100,0
Baidu,3,100,0
Ecosia,3,100,0
asgi.readthedocs.io,3,100,0
bottlepy.org,3,100,0
china-testing.github.io,3,100,0
copilot.microsoft.com,3,100,0
cursos.alura.com.br,3,100,0
docs.basedpyright.com,3,75,132
docs.brew.sh,3,100,0
docutils.sourceforge.io,3,67,10
go.skillbox.ru,3,67,17
google.github.io,3,67,6
hn.premii.com,3,67,3
lms.skillfactory.ru,3,100,0
notebooks.githubusercontent.com,3,67,4
palletsprojects.com,3,67,37
proproprogs.ru,3,100,0
psycopg.org,3,100,0
pyfound.blogspot.com,3,67,1
pylint.readthedocs.io,3,100,0
pymentor.org,3,100,0
uo.unisa.edu.au,3,100,0
utnfravirtual.org.ar,3,100,0
zh-google-styleguide.readthedocs.io,3,100,0
172.31.13.62,2,100,0
::,2,50,145
Amazon,2,50,28
Gmail,2,100,0
academy.hackthebox.com,2,100,0
academy.jetbrains.com,2,100,0
ai.yandex-team.ru,2,50,0
app.masterschool.com,2,100,0
bandersnatch.readthedocs.io,2,0,299
bitecode.dev,2,50,6
blog.csdn.net,2,50,24
blog.jetbrains.com,2,100,0
blog.naver.com,2,100,0
blog.pypi.org,2,100,0
c.biancheng.net,2,100,0
claude.ai,2,0,68
codeit.kr,2,100,0
conteudo.colaboraread.com.br,2,100,0
courses.funix.edu.vn,2,100,0
cython.readthedocs.io,2,100,0
datacamp.com,2,100,0
dcp.ubs.net,2,100,0
developer.blender.org,2,100,0
dicoding.com,2,50,8
docs.aiogram.dev,2,100,0
docs.pypi.org,2,50,2
docs.pytorch.org,2,50,682
elearning.aua.am,2,100,0
formacion.fundacionindustrialnavarra.com,2,100,0
genie.schroders.com,2,0,101
hackerweb.app,2,100,0
informatics.readthedocs.io,2,100,0
infoworld.com,2,100,0
jellezijlstra.github.io,2,0,332
jupytermachine.etp.kit.edu,2,100,0
learn.microsoft.com,2,100,0
learnbyexample.github.io,2,100,0
lrps.wgu.edu,2,100,0
mailarchive.ietf.org,2,0,14
meli.udemy.com,2,100,0
moodle-campusvirtualmexico.s3.amazonaws.com,2,100,0
moodle.taltech.ee,2,100,0
mypy-lang.org,2,100,0
philipkiely.com,2,0,3448
phoenix.apache.org,2,100,0
practicum.yandex.kz,2,100,0
pygame-web.github.io,2,100,0
python-academy.org,2,100,0
pythonacademy.com.br,2,100,0
pythonic-exam.com,2,50,561
pythoninsider.blogspot.com,2,100,0
qna.habr.com,2,50,10
studentlogin.coloradotech.edu,2,50,3
tonybaloney.github.io,2,100,0
trainings.internshala.com,2,100,0
typeguard.readthedocs.io,2,0,1442
ua.udemy.com,2,100,0
uvirtual.usach.cl,2,100,0
virtualenv.pypa.io,2,100,0
vorpus.org,2,100,0
0710-ii.tnas2.link,1,100,0
127.0.0.1,1,100,0
Disqus,1,100,0
Quora,1,100,0
Slack,1,100,0
a512078-aa3d-0c7e0642.cqa1.seetacloud.com,1,100,0
ac.sf-express.com,1,0,36
ag-openai-prod-1.azurewebsites.net,1,100,0
ai-academy.ru,1,100,0
aiapi.sheincorp.cn,1,100,0
aicomms.dev.bloomberg.com,1,100,0
app.codica.la,1,100,0
applifting.io,1,0,94
aprendepython.es,1,100,0
areteir.atlassian.net,1,100,0
assets.scormproxy.com,1,100,0
astral.sh,1,100,0
attrs.org,1,0,1
basis.python-cursus.nl,1,100,0
bbs.archlinux.org,1,0,830
bearpooh.com,1,100,0
black.readthedocs.io,1,100,0
blog.edward-li.com,1,100,0
blog.gslin.org,1,0,35
blog.kyomind.tw,1,100,0
blog.teclado.com,1,100,0
blog.ymyzk.com,1,100,0
bothub.chat,1,100,0
boto3.amazonaws.com,1,100,0
botplatform-ingress-prod.internal.ericsson.com,1,100,0
bugs.python.org,1,100,0
builtin.com,1,100,0
bytedance.larkoffice.com,1,100,0
cat.chatavx.com,1,100,0
cgi.cse.unsw.edu.au,1,100,0
chambamodulocapacitacion.leon.gob.mx,1,100,0
chokkan.github.io,1,100,0
cibuildwheel.pypa.io,1,100,0
clariontech.com,1,100,0
clc.to,1,100,0
coddy.tech,1,0,112
code.paic.com.cn,1,100,0
code.s3.yandex.net,1,100,0
confluence-kasikornbankgroup.msappproxy.net,1,100,0
confluence.comet-group.com,1,100,0
confluence.garmin.com,1,100,0
confluence.mobileye.com,1,100,0
copier.readthedocs.io,1,100,0
cosmicpython.com,1,100,0
cottongeeks.com,1,100,0
courses.campus.gov.il,1,100,0
courses.fit.cvut.cz,1,100,0
cpython-previews--135180.org.readthedocs.build,1,100,0
cs.fmy1024.cn,1,100,0
cursos.udg.edu,1,100,0
cyclopts.readthedocs.io,1,100,0
cyclowiki.org,1,100,0
dev-discuss.pytorch.org,1,100,0
digitalocean.com,1,100,0
discuss.ocaml.org,1,100,0
dl-ido.spbstu.ru,1,100,0
doc.courtbouillon.org,1,0,17
doc.qt.io,1,100,0
doc.renpy.cn,1,100,0
docs.godotengine.org,1,100,0
docs.pex-tool.org,1,0,35
docs.python-guide.org,1,100,0
docs.qtile.org,1,0,222
docs.renovatebot.com,1,100,0
docs.snowflake.com,1,100,0
docs.soliditylang.org,1,100,0
docs.wagtail.org,1,100,0
drlilianblot.gitbook.io,1,100,0
duckdb.org,1,100,0
earthdatascience.org,1,100,0
edaa-org.github.io,1,100,0
elmoukrie.com,1,100,0
endler.dev,1,100,0
endoflife.date,1,100,0
engineering.fb.com,1,100,0
ereader.perlego.com,1,100,0
euc-word-edit.officeapps.live.com,1,100,0
eylearning.udemy.com,1,100,0
fastcore.fast.ai,1,100,0
flake8rules.com,1,100,0
formationpro.unchk.sn,1,100,0
forum.codewithmosh.com,1,0,7
forum.inductiveautomation.com,1,0,9
freecad.github.io,1,100,0
fullstackpython.com,1,100,0
gcworks.fr,1,100,0
geomstats.github.io,1,100,0
go.gb.ru,1,100,0
hanzhu.dev,1,100,0
hydro.ac,1,100,0
ideas9710.tistory.com,1,100,0
iiimethodsiv.github.io,1,100,0
imhuay.gitbook.io,1,100,0
incrementors.com,1,100,0
inside-docupedia.bosch.com,1,100,0
interactivetextbooks.tudelft.nl,1,100,0
is.muni.cz,1,100,0
ja.renpy.org,1,100,0
jaltmayerpizzorno.github.io,1,0,74
jetbrains.com,1,100,0
jiajunhuang.com,1,100,0
jigsaw.minhabiblioteca.com.br,1,100,0
junstar92.tistory.com,1,100,0
jupyter-lite,1,100,0
jupyter.org,1,100,0
kikagaku.ai,1,100,0
kloud.edukate.ai,1,100,0
l.wl.co,1,100,0
lancaster.ac.uk,1,100,0
lanqiao.cn,1,100,0
launchschool.com,1,100,0
learn-2.galvanize.com,1,0,32
learn.arcade.academy,1,100,0
learn.codeinstitute.net,1,100,0
learn.senecapolytechnic.ca,1,0,2
learn.udacity.com,1,100,0
learn.vccs.edu,1,100,0
learnxinyminutes.com,1,100,0
letpy.com,1,100,0
lifechurch.udemy.com,1,100,0
link.csdn.net,1,100,0
link.gitcode.com,1,100,0
link.juejin.cn,1,100,0
link.segmentfault.com,1,100,0
lms.iit.ac.lk,1,100,0
luminousmen.com,1,100,0
m.blog.naver.com,1,0,34
m.boostcourse.org,1,100,0
masnun.rocks,1,100,0
mcagroup.udemy.com,1,100,0
mdita.metropolitan.ac.rs,1,100,0
meeting.zoho.com,1,100,0
meribold.org,1,100,0
