name,visitors,bounce_rate,visit_duration
Direct / None,8933,69,169
Google,1715,81,223
Baidu,491,82,52
python.org,348,71,307
Bing,141,85,262
codecademy.cn,136,64,137
DuckDuckGo,26,100,305
chatgpt.com,25,74,184
GitHub,20,68,245
Yahoo!,16,64,264
Brave,13,50,274
Yandex,12,0,180
peps.python.org,9,100,291
qiita.com,9,67,304
scanpy.readthedocs.io,9,100,0
Perplexity,7,60,15
Ecosia,6,100,203
Qwant,6,0,1344
netacad.com,6,83,400
Microsoft Teams,5,100,0
letus.ed.tus.ac.jp,5,50,66
bloqueneon.uniandes.edu.co,3,100,0
campus142.unad.edu.co,3,100,17
cvdof.ucm.es,3,33,6
doubao.com,3,100,11
ead5.ifmg.edu.br,3,100,0
fpadistancia.edu.xunta.gal,3,67,1
journal.top-academy.ru,3,33,10
nslp.com.ar,3,100,0
victoria-nr.github.io,3,67,130
172.22.112.234,2,50,634
Facebook,2,100,0
Wikipedia,2,0,794
Youtube,2,100,254
anndata.readthedocs.io,2,0,47
boot.dev,2,0,285
chaba-lab.com,2,100,0
claude.ai,2,100,356
cloud.baidu.com,2,0,852
devdocs.io,2,100,0
ecsylms1.kj.yamagata-u.ac.jp,2,50,22
formacion.bancar.org.ar,2,100,0
forums.linuxmint.com,2,100,0
geometry.docs.pyansys.com,2,100,0
insalfonscostafreda.cat,2,100,0
jupyter.rwth-aachen.de,2,100,0
kivy.org,2,0,43
kone.gg,2,100,0
memorandom.whitepenguins.com,2,100,0
mooc1.chaoxing.com,2,0,965
nicholashairs.com,2,100,0
pyodide.org,2,100,0
realpython.com,2,0,1734
uio.no,2,100,0
wapbaike.baidu.com,2,100,0
wiki.python.org,2,0,68
9.82.231.200,1,100,0
app.milanote.com,1,100,0
aulasvirtuales.santotomas.cl,1,100,0
aulavirtual33.educa.madrid.org,1,0,8
bitbucketdc-cluster07.jpmchase.net,1,100,0
bitbucketdc.jpmchase.net,1,0,3196
blog.csdn.net,1,0,1843
brc-excel.officeapps.live.com,1,100,0
campus125.unad.edu.co,1,100,0
capacitaciones.virtualepn.edu.ec,1,0,13
cdn.intra.42.fr,1,0,591
chat.expertcity.com,1,100,0
chat.greatsimplex.com,1,100,0
cnblogs.com,1,100,0
coderivers.org,1,0,2678
content.ap-southeast-1.content-service.brightspace.com,1,100,0
copilot.microsoft.com,1,100,0
courses.grainger.illinois.edu,1,100,0
cs50.harvard.edu,1,0,0
cuiqingcai.com,1,0,8
cursos.alura.com.br,1,0,23
dida365.com,1,100,0
discuss.python.org,1,0,3258
docs.paperless-ngx.com,1,100,0
dxjhc1.hirosaki-u.ac.jp,1,100,0
elearning.unipv.it,1,0,167
ellibrodepython.com,1,0,178
enki,1,100,0
facebook.github.io,1,0,35
gitlab.manytask.org,1,100,0
hatenablog-parts.com,1,0,51
heltonmaia.com,1,100,0
iteration-utilities.readthedocs.io,1,100,0
jira.nrwbanki.de,1,0,30
jupyter.org,1,100,0
kagi.com,1,0,1201
learn.microsoft.com,1,100,0
leeromgeving.syntra.be,1,100,0
link.zhihu.com,1,100,0
login.microsoftonline.com,1,100,0
mclibre.org,1,0,14
methane.hatenablog.jp,1,0,360
microsoft.github.io,1,0,29
moodle.hs-coburg.de,1,100,0
moodle.pucrs.br,1,0,62
moodle.utfpr.edu.br,1,0,230
networkx.org,1,0,472
note.nkmk.me,1,0,25
noteable.edina.ac.uk,1,0,1421
office54.net,1,0,1151
openclassrooms.com,1,0,474
opencsg.com,1,100,0
pan-yz.cldisk.com,1,100,0
pandas.pydata.org,1,0,896
pip.pypa.io,1,0,338
prairie-heath-fb8.notion.site,1,100,0
prg-eljust.github.io,1,100,0
pytest-mock.readthedocs.io,1,0,0
python.p2hp.com,1,0,265
pythoninsider.blogspot.com,1,100,0
pythonmorsels.com,1,100,0
pythonspeed.com,1,0,411
quark.cn,1,0,39
safe.menlosecurity.com,1,100,0
staging.codefinity.com,1,100,0
tecsup.instructure.com,1,0,1172
test.baidu.com,1,0,15
test.python.org,1,100,0
top-academy.site,1,0,816
ttech2025.github.io,1,100,0
tutti.prod.bloomberg.com,1,100,0
udemy.com,1,0,1196
upel.agh.edu.pl,1,0,1199
yuque.com,1,0,1
zread.ai,1,0,16
