name,version,visitors
Windows,10,24124
Mac,10.15,3223
GNU/Linux,(not set),1067
Android,10,983
iOS,18.5,385
Ubuntu,(not set),282
Android,15,93
Chrome OS,14541.0,73
Android,14,61
iOS,18.4,60
iOS,18.3,58
Android,13,51
Windows,7,46
Android,11,39
Android,12,33
Windows,8.1,30
HarmonyOS,3.0,21
HarmonyOS,(not set),16
iOS,18.2,16
iOS,17.6,15
iOS,16.7,13
iOS,18.1,13
Android,9,12
Android,8.1,11
iOS,15.8,10
iOS,18.0,10
iOS,17.5,8
iOS,17.7,7
(not set),(not set),6
Mac,10.13,6
HarmonyOS,2.2,6
Chrome OS,14816.131,5
iOS,17.4,5
iPadOS,17.7,5
Android,5.0,5
iOS,16.1,4
iOS,16.6,4
Mac,10.14,3
iOS,16.3,3
Fire OS,8,3
Android,8.0,3
Windows,(not set),2
iOS,16.0,2
iPadOS,17.6,2
Windows,Server 2003,2
Windows,XP,2
Mac,10.12,1
Mac,10.16,1
iOS,13.5,1
iOS,13.6,1
Mac,14.6,1
iOS,14.7,1
iOS,15.5,1
iPadOS,16.2,1
iOS,16.2,1
iOS,17.0,1
iOS,17.2,1
iOS,17.3,1
iPadOS,17.4,1
Android,6.0,1
Android,7.0,1
Android,7.1,1
Windows,8,1
