name,version,visitors
Chrome,138.0,1331
Microsoft Edge,138.0,185
Firefox,140.0,105
Safari,18.5,65
Opera,119.0,59
Chrome,137.0,40
Chrome,136.0,27
Opera,120.0,22
Chrome,122.0,11
Mobile App,138.0,10
Samsung Browser,28.0,10
Mobile App,(not set),9
Chrome,109.0,8
Chrome,131.0,8
Microsoft Edge,137.0,8
Chrome,134.0,7
Opera,90.0,7
Firefox,128.0,6
Chrome,133.0,6
Microsoft Edge,136.0,5
Chrome,119.0,4
Chrome,121.0,4
Chrome,135.0,4
Firefox,139.0,4
Safari,17.5,4
Firefox,103.0,3
Firefox,115.0,3
Chrome,117.0,3
Safari,18.4,3
Chrome,107.0,2
Avast Secure Browser,109.0,2
Chrome,123.0,2
Chrome,125.0,2
Chrome,128.0,2
Chrome,129.0,2
Chrome,132.0,2
Firefox,132.0,2
Microsoft Edge,133.0,2
Firefox,135.0,2
Firefox,137.0,2
Mobile Silk,138.2,2
Safari,14.1,2
Firefox,141.0,2
Safari,15.6,2
Safari,16.1,2
Safari,17.6,2
Safari,18.2,2
Microsoft Edge,84.0,2
Microsoft Edge,92.0,2
Opera,95.0,2
(not set),(not set),1
Midori,(not set),1
Microsoft Edge,108.0,1
Chrome,108.0,1
Firefox,109.0,1
Microsoft Edge,109.0,1
Chrome,124.0,1
Chrome,126.0,1
Chrome,127.0,1
QQ Browser,13.0,1
Safari,13.1,1
MIUI Browser,13.25,1
Microsoft Edge,130.0,1
Microsoft Edge,131.0,1
Firefox,133.0,1
AVG Secure Browser,137.0,1
MIUI Browser,14.10,1
Safari,15.5,1
Safari,17.0,1
Safari,17.13,1
Safari,18.1,1
Safari,18.6,1
Falkon,24.01,1
Yandex Browser,25.6,1
Safari,26.0,1
Samsung Browser,27.0,1
Kindle Browser,3.0,1
115 Browser,35.2,1
QtWebEngine,5.15,1
Chrome,53.0,1
Chrome,67.0,1
Chrome,81.0,1
Opera,82.0,1
Smart Lenovo Browser,9.0,1
Opera,90.1,1
