name,version,visitors
Chrome,138.0,2310
Microsoft Edge,138.0,467
Firefox,140.0,203
Chrome,137.0,115
Opera,119.0,110
Safari,18.5,72
Chrome,109.0,30
Chrome,136.0,25
Firefox,128.0,18
Opera,120.0,16
Chrome,135.0,15
Microsoft Edge,137.0,15
Chrome,131.0,14
Chrome,134.0,12
Mobile App,(not set),11
Chrome,122.0,9
Samsung Browser,28.0,9
Safari,17.6,8
Chrome,130.0,7
Avast Secure Browser,137.0,7
Mobile App,138.0,6
Firefox,139.0,6
Opera GX,2.8,6
Chrome,124.0,5
Chrome,133.0,5
Firefox,136.0,5
Microsoft Edge,136.0,5
Mobile App,137.0,5
Opera,95.0,5
Chrome,116.0,4
Chrome,126.0,4
Chrome,127.0,4
Chrome,128.0,4
Microsoft Edge,139.0,4
Safari,15.6,4
Firefox,115.0,3
Chrome,119.0,3
Chrome,132.0,3
Microsoft Edge,134.0,3
Safari,14.1,3
Safari,16.5,3
Mobile App,113.0,2
Chrome,114.0,2
Chrome,115.0,2
Chrome,117.0,2
Chrome,120.0,2
Microsoft Edge,121.0,2
Chrome,123.0,2
Chrome,125.0,2
Chrome,129.0,2
Microsoft Edge,130.0,2
Firefox,132.0,2
Firefox,134.0,2
Firefox,138.0,2
Chrome,140.0,2
Firefox,141.0,2
Safari,17.0,2
Safari,17.13,2
Safari,17.3,2
Safari,17.7,2
Safari,18.0,2
Hi Browser,2.24,2
Safari,26.0,2
Samsung Browser,27.0,2
Kindle Browser,3.0,2
Firefox,52.0,2
Firefox,88.0,2
Smart Lenovo Browser,9.0,2
Chrome,90.0,2
Opera,90.0,2
Chrome,94.0,2
Soul Browser,(not set),1
Konqueror,(not set),1
Chrome,101.0,1
Chrome,104.0,1
Chrome,105.0,1
Chrome,106.0,1
Chrome,107.0,1
Chrome,108.0,1
Microsoft Edge,109.0,1
Safari,11.0,1
Ecosia,11.2,1
Microsoft Edge,115.0,1
Microsoft Edge,116.0,1
Microsoft Edge,117.0,1
Microsoft Edge,120.0,1
Firefox,126.0,1
Microsoft Edge,126.0,1
Microsoft Edge,129.0,1
Safari,13.1,1
Firefox,130.0,1
Microsoft Edge,131.0,1
Firefox,133.0,1
Microsoft Edge,135.0,1
Firefox,135.0,1
Firefox,137.0,1
AVG Secure Browser,137.0,1
Chrome,139.0,1
Firefox,140,1
Microsoft Edge,140.0,1
Safari,15.0,1
Safari,16.1,1
Safari,16.6,1
Safari,17.11,1
Safari,17.5,1
MIUI Browser,17.6,1
Safari,18.1,1
Safari,18.2,1
Safari,18.3,1
115 Browser,26.0,1
Safari,60.5,1
Firefox,78.0,1
Chrome,81.0,1
Chrome,85.0,1
Opera,93.0,1
Chrome,97.0,1
