name,visitors
Madrid Autonomous Community,263
Buenos Aires Province,229
Capital District,210
Santiago Metropolitan,208
Ciudad de Mexico,163
Lima,129
Antioquia,111
Catalonia,103
Andalusia,83
Valencian Community,79
Buenos Aires,49
Guayas,49
Jalisco,49
Mexico State,49
Valle del Cauca,44
Basque Country,39
Córdoba,37
Galicia,37
Pichincha,35
Veracruz,35
Montevideo,33
Querétaro,32
Panamá,32
Capital,30
San José,29
Guatemala,29
Lima Region,29
San Salvador,28
Santander,26
Castile and León,26
Chaco,25
Guanajuato,25
Baja California,24
Arequipa,24
Santa Fe,23
Distrito Nacional,23
Nuevo León,23
Atlántico,22
Puebla,22
La Paz,19
Valparaíso,19
Aragon,19
Michoacán,19
Bío Bío,17
Castile-La Mancha,17
Tamaulipas,17
Santa Cruz,16
Santo Domingo,16
Canary Islands,16
Coquimbo,15
Cundinamarca,15
Nayarit,15
Managua,15
Florida,15
Havana,14
Bolívar,13
Quintana Roo,13
Aguascalientes,12
Salta,11
Entre Ríos,10
Mendoza,10
Chubut,10
Huila,10
Extremadura,10
Navarra Chartered Community,10
California,10
Lara,10
Los Lagos,9
Murcia Region,9
Francisco Morazán,9
Morelos,9
La Libertad,9
Asunción,9
Tucumán,8
Meta,8
Oaxaca,8
Yucatán,8
Central,8
Texas,8
Miranda,8
Cochabamba,7
Nariño,7
Quindío,7
Tolima,7
Alajuela,7
Balearic Islands,7
Telangāna,7
Chihuahua,7
Coahuila,7
Hidalgo,7
San Luis Potosí,7
Sonora,7
Lambayeque,7
Monagas,7
Zulia,7
Corrientes,6
Caldas,6
Cesar,6
Magdalena,6
Sucre,6
Santiago,6
Baja California Sur,6
Chiapas,6
Sinaloa,6
Tlaxcala,6
Junín,6
Piura,6
Jujuy,5
Araucanía,5
Libertador General Bernardo O'Higgins,5
Maule,5
La Vega,5
Azuay,5
Guerrero,5
Tabasco,5
Cajamarca,5
Cusco,5
Virginia,5
Carabobo,5
Mérida,5
Misiones,4
Río Negro,4
Ontario,4
Antofagasta,4
Los Ríos,4
Magallanes Region,4
Tarapacá,4
Boyacá,4
Risaralda,4
Puntarenas,4
El Oro,4
Asturias,4
Colima,4
Durango,4
North Holland,4
New Jersey,4
Washington,4
Anzoátegui,4
Aragua,4
San Luis,3
La Rioja,3
Vaud,3
Beijing,3
Cauca,3
Norte de Santander,3
Hesse,3
Cotopaxi,3
Tamil Nadu,3
Campeche,3
Zacatecas,3
Ica,3
Georgia,3
Idaho,3
Minnesota,3
Maldonado,3
Barinas,3
San Juan,2
Tierra del Fuego,2
Centre,2
Amazonas,2
Espírito Santo,2
Santa Catarina,2
Zürich,2
Arica y Parinacota,2
Atacama,2
Hebei,2
Caquetá,2
Putumayo,2
Heredia,2
Granma,2
Berlin,2
La Romana,2
Chimborazo,2
Loja,2
Manabí,2
Los Ríos,2
Santo Domingo de los Tsáchilas,2
Tungurahua,2
Cantabria,2
La Rioja,2
Île-de-France,2
Pays-de-la-Loire,2
Kerala,2
Maharashtra,2
El Callao,2
Tacna,2
Lisbon,2
Porto,2
Alto Paraná,2
Stockholm,2
Örebro,2
La Libertad,2
Iowa,2
New York,2
Vermont,2
Río Negro,2
La Pampa,1
Formosa,1
Neuquén,1
Santa Cruz,1
Carinthia,1
New South Wales,1
South Australia,1
Brussels,1
Potosí,1
Paraná,1
Rio de Janeiro,1
São Paulo,1
Vitebsk,1
British Columbia,1
Abidjan,1
Ñuble,1
Tianjin,1
Arauca,1
Córdoba,1
La Guajira,1
Baden-Württemberg,1
Azua,1
San Cristóbal,1
Monte Plata,1
Esmeraldas,1
Sucumbíos,1
Brittany,1
England,1
Quetzaltenango,1
Lempira,1
Olancho,1
Leinster,1
Gujarat,1
Piedmont,1
Osaka,1
Kumamoto,1
Oriental,1
Ancash,1
Madre de Dios,1
Podlachia,1
Bucharest,1
Samara,1
Santa Ana,1
Sousse,1
Ankara,1
Taoyuan,1
Arkansas,1
Colorado,1
Washington DC,1
Illinois,1
Indiana,1
Massachusetts,1
Michigan,1
Oklahoma,1
Oregon,1
Pennsylvania,1
South Carolina,1
Treinta y Tres,1
Bolívar,1
Cojedes,1
Falcón,1
Nueva Esparta,1
Sucre,1
Vargas,1
