name,visitors,pageviews,bounce_rate,time_on_page,scroll_depth
/3.12/,695,910,65,35,74
/3.12/tutorial/index.html,370,402,69,45,46
/3.12/whatsnew/3.12.html,275,278,81,25,15
/3.12/using/windows.html,263,270,76,40,21
/3.12/library/stdtypes.html,225,249,82,45,29
/3.12/library/functions.html,224,244,82,49,37
/3.12/search.html,190,254,34,24,50
/3.12/library/index.html,149,149,37,32,44
/3.12/index.html,147,152,59,45,79
/3.12/library/datetime.html,125,124,90,52,34
/3.12/library/typing.html,120,123,78,827,20
/3.12/library/,116,127,69,18,34
/3.12/library/os.html,115,122,78,56,22
/3.12/tutorial/,110,120,61,30,59
/3.12/library/exceptions.html,107,121,79,22,25
/3.12/reference/datamodel.html,97,116,69,53,19
/3.12/glossary.html,96,127,60,16,17
/3.12/library/2to3.html,88,84,93,42,32
/3.12/library/re.html,86,81,89,42,22
/3.12/library/subprocess.html,86,72,76,79,23
/3.12/library/dis.html,82,73,63,65,46
/3.12/tutorial/introduction.html,80,74,84,91,57
/3.12/tutorial/interpreter.html,76,75,65,72,84
/3.12/library/pathlib.html,75,77,67,18,36
/3.12/library/io.html,73,78,63,21,24
/3.12/tutorial/controlflow.html,73,76,87,785,51
/3.12/library/multiprocessing.html,72,74,53,55,18
/3.12/library/sys.html,72,82,50,13,16
/3.12/library/argparse.html,68,57,82,118,34
/3.12/library/os.path.html,67,58,85,31,34
/zh-cn/3.12/tutorial/index.html,67,103,47,36,64
/3.12/library/threading.html,66,57,73,26,23
/3.12/reference/compound_stmts.html,66,62,67,37,17
/3.12/library/socket.html,64,56,80,20,16
/3.12/library/collections.html,63,50,58,31,18
/3.12/library/random.html,63,54,88,29,25
/3.12/library/logging.html,59,56,61,42,24
/3.12/library/string.html,59,41,64,34,37
/3.12/installing/index.html,58,56,64,25,66
/3.12/library/tkinter.html,58,53,60,60,27
/3.12/library/asyncio-eventloop.html,56,47,67,24,30
/3.12/library/importlib.html,56,49,40,19,22
/3.12/library/time.html,56,49,83,23,18
/3.12/reference/index.html,56,57,50,19,65
/3.12/library/csv.html,55,40,91,21,28
/3.12/library/enum.html,55,42,90,69,28
/3.12/library/functools.html,55,44,60,20,20
/3.12/library/math.html,55,42,78,9,16
/3.12/reference/lexical_analysis.html,55,48,57,76,25
/3.12/tutorial/datastructures.html,55,50,78,67,46
/zh-cn/3.12/library/index.html,55,73,58,26,44
/ko/3.12/reference/datamodel.html,54,84,0,14,3
/3.12/library/asyncio-task.html,53,41,50,73,29
/ko/3.12/glossary.html,53,81,0,13,7
/ko/3.12/library/functions.html,53,72,50,15,6
/ko/3.12/library/sys.html,53,76,0,12,5
/3.12/library/telnetlib.html,52,44,81,52,52
/3.12/library/turtle.html,52,56,56,14,9
/3.12/using/cmdline.html,52,47,80,12,8
/ko/3.12/library/exceptions.html,52,76,0,11,8
/ko/3.12/library/stdtypes.html,52,71,50,14,5
/3.12/c-api/typeobj.html,51,52,0,13,7
/3.12/library/itertools.html,51,40,92,34,14
/3.12/library/json.html,51,42,92,23,19
/3.12/reference/expressions.html,51,55,33,23,18
/ko/3.12/library/os.html,51,59,0,12,2
/3.12/library/logging.handlers.html,50,36,50,38,16
/ko/3.12/reference/expressions.html,50,54,0,13,5
/3.12/library/ast.html,49,46,67,37,13
/3.12/library/urllib.request.html,49,43,57,18,10
/3.12/library/collections.abc.html,48,40,88,38,43
/3.12/library/http.client.html,48,42,86,17,16
/3.12/library/ssl.html,48,40,100,17,7
/3.12/tutorial/appetite.html,48,41,57,48,88
/zh-cn/3.12/,48,53,22,15,79
/3.12/library/tarfile.html,46,34,100,16,11
/3.12/library/xml.etree.elementtree.html,46,40,43,18,22
/3.12/library/ctypes.html,45,38,86,12,9
/3.12/library/shutil.html,45,38,83,91,16
/3.12/library/sqlite3.html,44,38,50,246,12
/3.12/library/zipfile.html,44,38,100,15,11
/3.12/tutorial/classes.html,44,41,87,52,47
/ko/3.12/c-api/init.html,44,39,50,11,4
/ko/3.12/c-api/typeobj.html,44,36,100,10,3
/3.12/library/asyncio.html,43,37,47,45,65
/3.12/library/msilib.html,43,30,0,11,15
/3.12/library/tkinter.ttk.html,43,29,100,35,11
/3.12/library/unittest.html,43,36,100,19,8
/ko/3.12/library/importlib.html,43,33,0,12,5
/ko/3.12/library/inspect.html,43,32,0,9,5
/zh-cn/3.12/search.html,43,52,33,22,50
/3.12/c-api/object.html,42,34,0,11,14
/3.12/library/asyncio-protocol.html,42,33,0,14,8
/3.12/library/struct.html,42,32,75,31,23
/3.12/reference/simple_stmts.html,42,36,100,13,13
/3.12/tutorial/modules.html,42,29,62,49,42
/3.12/library/imaplib.html,41,29,100,11,13
/3.12/library/locale.html,41,30,0,11,14
/3.12/library/types.html,41,36,0,15,15
/3.12/library/wsgiref.html,41,34,0,11,8
