name,visitors
California,95
Tokyo,60
Texas,59
New York,55
England,52
Hesse,41
Maharashtra,41
Tamil Nadu,37
Virginia,37
Karnataka,36
Telangāna,33
Delhi,32
Guangdong,31
São Paulo,27
Île-de-France,27
Shanghai,25
North Rhine-Westphalia,25
Illinois,25
Ontario,24
Washington,24
Mazovia,23
Shandong,22
Bavaria,21
Uusimaa,19
North Holland,18
Colorado,18
Massachusetts,18
Punjab,17
Georgia,17
North Carolina,17
Zhejiang,16
Stockholm,16
Thái Bình,16
Quebec,14
Madhya Pradesh,14
Moscow,14
Florida,14
Michigan,14
Osaka,13
Taipei,13
Maryland,13
Queensland,12
Victoria,12
Zürich,12
Prague,12
Ohio,12
Oregon,12
Utah,12
Hanoi,12
Beijing,11
Uttar Pradesh,11
Kyiv,11
New South Wales,10
Minas Gerais,10
British Columbia,10
Jiangsu,10
Baden-Württemberg,10
Chandigarh,10
Kerala,10
Rajasthan,10
Gyeonggi,10
Oslo,10
Istanbul,10
Minnesota,10
Pennsylvania,10
Vienna,9
Brussels,9
Rio de Janeiro,9
Saxony,9
Tel Aviv,9
Gujarat,9
West Bengal,9
Lombardy,9
Lesser Poland,9
Federal District,8
Rio Grande do Sul,8
Alberta,8
Sichuan,8
Seoul,8
South Holland,8
Skåne,8
Bangkok,8
Arizona,8
Iowa,8
Indiana,8
Hunan,7
Berlin,7
Lower Saxony,7
Scotland,7
Leinster,7
Metro Manila,7
Santiago Metropolitan,6
Auvergne-Rhône-Alpes,6
Haryana,6
Punjab,6
Lazio,6
Kanagawa,6
Lower Silesia,6
Wallonia,5
Shaanxi,5
Antioquia,5
Schleswig-Holstein,5
Madrid Autonomous Community,5
Valencian Community,5
Occitanie,5
Assam,5
Chhattīsgarh,5
Uttarākhand,5
Nairobi County,5
Sindh,5
Beograd,5
Taichung,5
Idaho,5
New Jersey,5
Oklahoma,5
Ho Chi Minh City,5
Abu Dhabi,4
Yerevan,4
Buenos Aires Province,4
Lower Austria,4
Flanders,4
Sofia,4
Bahia,4
Santa Catarina,4
Chongqing,4
Fujian,4
Hubei,4
Tianjin,4
Hamburg,4
Capital Region,4
Cairo,4
Catalonia,4
Brittany,4
Grand-Est,4
Conakry,4
Attica,4
Kowloon City Kowloon,4
Jakarta,4
Jharkhand,4
Piedmont,4
Shizuoka,4
Selangor,4
Trøndelag,4
Calabarzon,4
Pomerania,4
Nizhny Novgorod,4
Saint Petersburg,4
Makkah,4
Washington DC,4
Missouri,4
Mississippi,4
Tennessee,4
Gauteng,4
Ceará,3
Paraná,3
Anhui,3
Guangxi,3
Henan,3
Hebei,3
Rhineland-Palatinate,3
Thuringia,3
Jerusalem,3
Central,3
Andhra Pradesh,3
Hokkaido,3
Busan,3
Central,3
Federal Capital Territory,3
North Brabant,3
Province 3,3
Wellington,3
Greater Poland,3
Chelyabinsk,3
Tatarstan,3
Östergötland,3
Chiang Mai,3
Ankara,3
Kaohsiung,3
New Taipei,3
Taoyuan,3
Dnipropetrovshchyna,3
Alabama,3
Arkansas,3
Harare,3
Dubai,2
Sharjah,2
Tirana County,2
Luanda,2
Córdoba,2
Styria,2
Australian Capital Territory,2
Espírito Santo,2
Mato Grosso,2
Paraíba,2
Pernambuco,2
Rio Grande do Norte,2
Libertador General Bernardo O'Higgins,2
Guizhou,2
Inner Mongolia,2
Shanxi,2
Yunnan,2
Santander,2
Moravia-Silesia,2
Djibouti,2
Constantine,2
Harjumaa,2
Dakahlia,2
Giza,2
Galicia,2
Pirkanmaa,2
Centre-Val de Loire,2
Provence-Alpes-Côte-d'Azur,2
Pays-de-la-Loire,2
Northern Ireland,2
Tbilisi,2
Zagreb,2
Budapest,2
West Java,2
Central Java,2
Munster,2
Haifa,2
Bihar,2
Marche,2
Sicily,2
Ibaraki,2
Aichi,2
Hiroshima,2
Fukuoka,2
Phnom Penh,2
Astana,2
Vilnius County,2
Ulaanbaatar,2
Chiapas,2
Ciudad de Mexico,2
Colima,2
Morelos,2
Penang,2
Gelderland,2
Groningen,2
Zeeland,2
Province 2,2
Canterbury,2
Davao,2
Islamabad,2
Łódź,2
Silesia,2
Doha,2
Bucharest,2
Bihor,2
Chuvash,2
Kurgan,2
Leningrad,2
Moscow Province,2
Sakha,2
Sverdlovsk,2
Volgograd,2
Riyadh,2
Västerbotten,2
Västra Götaland,2
Bratislava,2
Phuket,2
Izmir,2
Manisa,2
Zakarpattia,2
Mykolayivschyna,2
Hawaii,2
Kentucky,2
Louisiana,2
Maine,2
New Mexico,2
Rhode Island,2
South Carolina,2
Tashkent,2
Capital,2
Da Nang,2
KwaZulu-Natal,2
Santa Fe,1
South Australia,1
Western Australia,1
Baku,1
Blagoevgrad,1
Burgas,1
Thimphu,1
Wangdue Phodrang,1
Minsk,1
Manitoba,1
New Brunswick,1
Basel-Stadt,1
Fribourg,1
Vaud,1
Abidjan,1
Gansu,1
Heilongjiang,1
Jilin,1
Jiangxi,1
Liaoning,1
Cundinamarca,1
South Moravia,1
Bremen,1
Northern Denmark,1
