name,visitors
Mexico,409
Spain,387
Colombia,326
Argentina,248
Peru,205
Chile,151
Venezuela,80
Ecuador,64
United States,58
Dominican Republic,50
Guatemala,33
Bolivia,32
Costa Rica,32
Uruguay,24
El Salvador,23
Cuba,20
Panama,16
Brazil,12
China,11
Paraguay,10
Honduras,8
Nicaragua,8
Puerto Rico,8
France,6
Singapore,6
Germany,5
Italy,5
Nigeria,5
Hong Kong,4
India,4
Canada,3
Japan,3
Russian Federation,3
Czechia,2
Egypt,2
Ireland,2
Pakistan,2
Portugal,2
Belarus,1
Algeria,1
Indonesia,1
Kenya,1
South Korea,1
Poland,1
Saudi Arabia,1
Turkey,1
Ukraine,1
Vietnam,1
