name,visitors
Capital District,124
Lima,116
Buenos Aires Province,114
Ciudad de Mexico,99
Madrid Autonomous Community,86
Santiago Metropolitan,79
Catalonia,68
Antioquia,55
Andalusia,54
Valencian Community,39
Nuevo León,39
Jalisco,37
Mexico State,37
Guatemala,32
Distrito Nacional,30
Basque Country,29
Guayas,28
Castile and León,27
Capital,26
Valle del Cauca,25
Valparaíso,22
San José,22
Puebla,22
Arequipa,21
Atlántico,20
Montevideo,20
Cundinamarca,18
Havana,18
Pichincha,18
Canary Islands,18
San Salvador,17
Buenos Aires,16
Chubut,16
La Paz,16
Lima Region,16
Panamá,15
Chaco,14
Veracruz,14
Bío Bío,13
Baja California,13
Cochabamba,12
Galicia,12
Quintana Roo,12
Santa Fe,11
Córdoba,11
Risaralda,11
Chihuahua,11
Florida,11
Texas,11
Santo Domingo,10
Murcia Region,10
Guanajuato,10
Sonora,10
Tamaulipas,10
La Libertad,10
Salta,9
Entre Ríos,9
Aragon,9
Michoacán,9
Morelos,9
Querétaro,9
Zulia,9
Santander,8
Tolima,8
Managua,8
Mérida,8
Coahuila,7
Mendoza,6
Araucanía,6
Los Lagos,6
Caldas,6
Cauca,6
Huila,6
Azuay,6
Navarra Chartered Community,6
Baja California Sur,6
Nayarit,6
Puno,6
Asunción,6
Anzoátegui,6
Miranda,6
Misiones,5
Río Negro,5
Tucumán,5
Jujuy,5
Coquimbo,5
Libertador General Bernardo O'Higgins,5
Bolívar,5
Sucre,5
Alajuela,5
Asturias,5
Francisco Morazán,5
Chiapas,5
Guerrero,5
Hidalgo,5
Sinaloa,5
Junín,5
Piura,5
California,5
Neuquén,4
Minas Gerais,4
São Paulo,4
Antofagasta,4
Córdoba,4
Magdalena,4
Heredia,4
Aguascalientes,4
San Luis Potosí,4
Tabasco,4
Lagos,4
Ica,4
Lambayeque,4
Ucayali,4
New York,4
Maldonado,4
La Pampa,3
Formosa,3
Santa Cruz,3
Los Ríos,3
Ñuble,3
Zhejiang,3
Boyacá,3
Cesar,3
Norte de Santander,3
Quindío,3
Santiago,3
El Oro,3
Cantabria,3
Castile-La Mancha,3
Extremadura,3
Balearic Islands,3
Rajasthan,3
Zacatecas,3
Cusco,3
Tacna,3
Usulután,3
Ohio,3
Aragua,3
Monagas,3
San Luis,2
La Rioja,2
Oruro,2
Santa Cruz,2
Amazonas,2
Bahia,2
Maule,2
La Guajira,2
Nariño,2
South Moravia,2
North Rhine-Westphalia,2
Azua,2
San Pedro de Macorís,2
Monseñor Nouel,2
Loja,2
Manabí,2
Santo Domingo de los Tsáchilas,2
Île-de-France,2
Nouvelle-Aquitaine,2
Connacht,2
Lombardy,2
Friuli–Venezia Giulia,2
Durango,2
Oaxaca,2
Ancash,2
Huánuco,2
Ahuachapán,2
Arizona,2
Pennsylvania,2
South Carolina,2
Virginia,2
Barinas,2
Santiago del Estero,1
Catamarca,1
Corrientes,1
Minsk,1
British Columbia,1
Ontario,1
Arica y Parinacota,1
Magallanes Region,1
Tarapacá,1
Anhui,1
Hubei,1
Jiangsu,1
Casanare,1
Meta,1
Cartago,1
Holguín,1
Granma,1
Bavaria,1
Hesse,1
Saxony,1
La Vega,1
Bordj Bou Arréridj,1
Chimborazo,1
Alexandria,1
Giza,1
Melilla,1
Burgundy-Franche-Comté,1
Provence-Alpes-Côte-d'Azur,1
Chiquimula,1
Jakarta,1
Maharashtra,1
Apulia,1
Chiba,1
Tokyo,1
Kyoto,1
Nairobi County,1
Gyeonggi,1
Campeche,1
Colima,1
Yucatán,1
Bayelsa,1
Chiriquí,1
Moquegua,1
Punjab,1
Sindh,1
Łódź,1
Aveiro,1
Lisbon,1
Concepción,1
Alto Paraná,1
Caaguazú,1
Itapúa,1
Krasnodar Krai,1
Moscow,1
Al Madinah,1
Chalatenango,1
Kyivshchyna,1
Arkansas,1
Colorado,1
Illinois,1
Massachusetts,1
Minnesota,1
North Carolina,1
Washington,1
Apure,1
Carabobo,1
Falcón,1
Lara,1
Da Nang,1
