name,visitors
São Paulo,29045
Rio de Janeiro,13127
Mumbai,7367
Belo Horizonte,6276
Curitiba,6266
Brasília,6237
Hanoi,5629
Quito,5613
Kuala Lumpur,5570
Ho Chi Minh City,5477
Pune,5272
New Delhi,5244
Porto Alegre,5095
Bengaluru,4990
Guayaquil,4989
Campinas,4743
Delhi,4630
Kolkata,4625
Jakarta,4251
Guarulhos,3795
Salvador,3778
Istanbul,3352
Ribeirão Preto,3255
Jaipur,3236
Lima,3209
Ashburn,3146
Hyderabad,3079
Lucknow,3033
Ahmedabad,2712
Kathmandu,2603
São Bernardo do Campo,2392
Goiânia,2373
Bogotá,2368
Fortaleza,2268
Kanpur,2253
Asunción,2238
Caxias do Sul,2211
Dhaka,2205
Johannesburg,2161
Osasco,2149
Moscow,2053
Sorocaba,2023
Chandīgarh,1991
Duque de Caxias,1966
Santo André,1897
Joinville,1869
N/A,1858
Chicago,1851
Kota Kinabalu,1844
Cape Town,1752
Nova Iguaçu,1741
Recife,1709
Houston,1683
Surat,1672
Juiz de Fora,1667
Santiago,1664
Dehra Dūn,1624
Bandung,1617
Quezon City,1615
São Gonçalo,1602
Volta Redonda,1601
Chennai,1589
Bauru,1581
Montevideo,1568
Nagpur,1518
Petaling Jaya,1516
Uberlândia,1516
Vadodara,1511
São José dos Campos,1504
Ludhiāna,1492
Florianópolis,1480
Bangkok,1457
Maceió,1424
Carapicuíba,1386
São José do Rio Preto,1385
Patna,1362
Hortolândia,1353
Cabo Frio,1299
Santo Domingo,1296
Itajaí,1294
Campos dos Goytacazes,1289
Mauá,1234
Rājkot,1233
Blumenau,1229
Dubai,1226
Piracicaba,1209
Phoenix,1195
Philadelphia,1184
Manila,1183
Manaus,1182
Itaquaquecetuba,1178
Cairo,1173
Indaiatuba,1173
Karachi,1170
Petrópolis,1158
Kyiv,1154
Bhubaneshwar,1153
Contagem,1151
Aracaju,1150
Niterói,1146
Medellín,1126
Guwahati,1125
N/A,1113
Pelotas,1113
Sumaré,1110
Montes Claros,1093
Jundiaí,1093
Atlanta,1088
Los Angeles,1087
Canoas,1086
Taboão da Serra,1084
Bhopāl,1077
Saint Petersburg,1073
Las Vegas,1069
Caracas,1067
Belford Roxo,1066
Dallas,1062
Betim,1055
Ghāziābād,1037
Indore,1035
Franca,1027
Passo Fundo,1020
Buenos Aires,1018
Casablanca,1013
Mogi das Cruzes,987
New York City,982
Riyadh,974
Limeira,974
Tashkent,971
Rio Grande,962
Santa Maria,942
Dakar,930
Suzano,930
Novo Hamburgo,930
Phnom Penh,929
Viamão,926
Jacksonville,918
Nova Friburgo,909
Queens,907
Surabaya,904
Praia Grande,902
Bragança Paulista,901
Lanús,896
Santos,893
Brooklyn,890
São Vicente,881
Ipatinga,881
N/A,878
Singapore,877
Nanjing,868
Miami,868
San Antonio,868
Mohali,864
Lençóis Paulista,860
Cali,858
Taubaté,856
Lahore,854
Bridgetown,852
Natal,852
Ciudad del Este,836
Jeddah,829
Washington,823
Francisco Morato,818
Cotia,818
La Plata,816
Diadema,816
Camaçari,815
Marília,812
Nashik,809
Gravataí,803
Baghdad,791
Warsaw,787
Aurangabad,787
Ankara,785
Maringá,783
Gurgaon,781
Feira de Santana,775
Belém,764
Anápolis,754
Guarujá,753
The Bronx,751
Kuwait City,745
Meerut,729
Quilmes,721
Denver,719
Tunis,717
Sete Lagoas,716
Araraquara,716
Londrina,713
Americana,709
Nairobi,708
João Pessoa,703
Uberaba,693
Indianapolis,693
São Leopoldo,690
Seattle,689
Davao,688
Teresina,687
Vitória,687
Cuiabá,682
Vitória da Conquista,681
Catanduva,680
Caraguatatuba,680
Araçatuba,679
Minsk,677
Córdoba,677
Campo Grande,671
São José dos Pinhais,670
Macaé,670
Jodhpur,668
Vila Velha,668
Ribeirão das Neves,658
São João de Meriti,655
Ourinhos,654
Madrid,649
São Carlos,649
Bandar Seri Begawan,646
Santa Luzia,645
Aparecida de Goiânia,645
Pouso Alegre,641
Durban,639
Florencio Varela,632
N/A,629
San Salvador,628
Paris,623
Dublin,620
N/A,620
Charlotte,619
Maricá,612
Angra dos Reis,612
Serra,611
Ponta Grossa,610
N/A,610
Campina Grande,607
Gustavo Adolfo Madero,606
Criciúma,605
N/A,603
Karnāl,601
Barueri,601
Cuenca,600
Abu Dhabi,596
Panamá,596
İzmir,595
N/A,593
Rosario,591
Imperatriz,589
Noida,588
Barranquilla,587
Da Nang,584
Poços de Caldas,583
Yogyakarta,581
N/A,577
San Diego,576
Columbus,568
Atibaia,567
San José,567
Fort Worth,558
Resistencia,555
San Jose,555
St. Louis,552
N/A,548
Belgrade,546
Auckland,546
Milwaukee,543
Berazategui,532
Jacareí,532
Minneapolis,532
Colombo,529
Portland,529
Divinópolis,528
Louisville,528
Varginha,527
Tramandaí,526
Guadalajara,526
Amman,525
Lavras,525
Santiago de los Caballeros,524
Orlando,524
Johor Bahru,522
Amritsar,519
Lomas de Zamora,517
Teresópolis,517
Jaboatão dos Guararapes,515
Kuching,511
Itu,511
Medan,505
Puebla,505
Sacramento,505
Colombo,503
Petrolina,499
Ipoh,498
Machala,497
Tirana,495
Portoviejo,494
Maldonado,492
Pittsburgh,492
Athens,491
N/A,488
São Luís,486
Detroit,486
