name,version,visitors
Windows,10,11174
Mac,10.15,2084
Android,10,803
GNU/Linux,(not set),716
iOS,18.6,428
Ubuntu,(not set),123
Windows,7,123
iOS,18.5,62
Android,15,57
Android,14,33
Chrome OS,14541.0,31
Android,12,28
Android,13,28
Android,16,16
Android,6.0,14
iOS,18.3,13
iOS,17.5,11
iOS,26.0,9
Android,8.1,9
iOS,14.0,8
iOS,17.6,8
iOS,18.4,8
Windows,8.1,8
Android,11,7
Mac,10.14,6
Android,7.0,6
Android,9,6
iOS,10.3,5
iOS,16.7,5
iOS,18.0,4
Windows,8,4
(not set),(not set),3
Windows,(not set),3
Mac,10.13,3
iOS,17.3,3
iPadOS,17.6,3
iOS,11.0,2
Chrome OS,14150.87,2
iOS,15.8,2
iOS,16.1,2
iOS,16.4,2
iOS,17.0,2
iOS,17.2,2
iPadOS,17.5,2
iOS,17.7,2
iOS,18.1,2
HarmonyOS,(not set),1
Solaris,(not set),1
iOS,(not set),1
Windows Mobile,10,1
Mac,10.12,1
Mac,10.5,1
Chrome OS,14092.77,1
iPadOS,16.5,1
iPadOS,16.7,1
iOS,17.4,1
iOS,18.2,1
HarmonyOS,2.2,1
HarmonyOS,3.0,1
Fire OS,7,1
Fire OS,8,1
Android,8.0,1
Windows,Server 2003,1
