name,unique_exits,total_exits,exit_rate
/3/,8704,8928,
/3/library/stdtypes.html,6151,6425,
/3/library/functions.html,6110,6326,
/3/library/venv.html,5009,5108,
/3/library/datetime.html,4809,5005,
/3/tutorial/index.html,3929,4070,
/3/tutorial/datastructures.html,3233,3361,
/3/library/re.html,3057,3155,
/3/library/tkinter.html,2905,3010,
/3/library/idle.html,2901,2946,
/3/library/typing.html,2746,2823,
/3/library/turtle.html,2674,2822,
/3/library/random.html,2620,2689,
/3/library/csv.html,2603,2680,
/3/library/index.html,2472,2540,
/3/library/pathlib.html,2253,2317,
/3/library/argparse.html,2238,2317,
/3/library/logging.html,2211,2269,
/3/library/math.html,2156,2250,
/3/search.html,2116,2196,
/3/tutorial/controlflow.html,2098,2176,
/3/tutorial/,1987,2252,
/3/library/subprocess.html,1915,1971,
/3/using/windows.html,1785,1818,
/3/tutorial/errors.html,1756,1803,
/3/library/exceptions.html,1743,1779,
/3/library/os.html,1737,1780,
/3/library/dataclasses.html,1736,1778,
/3/tutorial/classes.html,1628,1669,
/3/library/collections.html,1552,1604,
/3/library/json.html,1502,1524,
/3/library/itertools.html,1493,1539,
/3/library/multiprocessing.html,1453,1517,
/3/tutorial/introduction.html,1390,1461,
/3/tutorial/inputoutput.html,1335,1374,
/3/library/time.html,1327,1354,
/3/library/string.html,1273,1297,
/3/library/threading.html,1225,1260,
/3/library/unittest.html,1221,1278,
/3/library/sqlite3.html,1192,1236,
/3/library/asyncio-task.html,1188,1236,
/3/library/enum.html,1177,1204,
/3/reference/datamodel.html,1134,1172,
/3/library/unittest.mock.html,1109,1175,
/3/library/os.path.html,1076,1098,
/3/glossary.html,999,1013,
/3/tutorial/interpreter.html,996,1027,
/3/tutorial/venv.html,984,1014,
/3/library/socket.html,972,1015,
/3/tutorial/modules.html,958,985,
/3/library/concurrent.futures.html,952,991,
/3/whatsnew/3.14.html,907,945,
/3/library/xml.etree.elementtree.html,886,927,
/3/library/functools.html,871,884,
/3/howto/sorting.html,835,855,
/3/library/struct.html,810,845,
/3/library/asyncio.html,800,811,
/3/library/pickle.html,739,744,
/3/library/heapq.html,735,760,
/3/library/shutil.html,688,706,
/3/library/sys.html,688,694,
/3/howto/logging.html,648,662,
/3/library/tempfile.html,648,661,
/3/installing/index.html,636,639,
/3/library/io.html,604,619,
/3/library/pdb.html,596,609,
/3/library/hashlib.html,583,593,
/3/py-modindex.html,564,578,
/3/reference/expressions.html,548,565,
/3/tutorial/appetite.html,532,540,
/3/library/urllib.parse.html,527,540,
/3/library/copy.html,503,511,
/3/library/abc.html,501,508,
/3/reference/import.html,496,503,
/3/reference/compound_stmts.html,485,491,
/3/howto/regex.html,481,485,
/3/reference/lexical_analysis.html,475,480,
/3/library/zipfile.html,473,494,
/3/using/mac.html,450,454,
/3/reference/index.html,440,451,
/3/using/cmdline.html,440,444,
/3/library/contextlib.html,431,435,
/es/3/tutorial/,431,444,
/3/library/queue.html,425,428,
/3/library/configparser.html,418,429,
/3/library/pprint.html,415,420,
/3/library/asyncio-eventloop.html,408,414,
/3/library/glob.html,405,409,
/3/library/profile.html,395,404,
/3/library/,392,417,
/3/license.html,381,385,
/fr/3/tutorial/,379,389,
/zh-cn/3/tutorial/index.html,379,387,
/3/library/ast.html,377,386,
/3/library/operator.html,369,376,
/dev/using/windows.html,367,357,
/3/library/decimal.html,355,363,
/3/library/http.server.html,352,361,
/3/library/uuid.html,332,332,
/3/library/ctypes.html,331,348,
