name,visitors,pageviews,bounce_rate,time_on_page,scroll_depth
/fr/3/tutorial/,288,498,47,91,59
/fr/3/tutorial/interpreter.html,82,110,60,185,72
/fr/3/tutorial/appetite.html,80,88,70,67,91
/fr/3.13/library/tkinter.html,63,93,64,655,36
/fr/3/tutorial/introduction.html,60,83,83,318,75
/fr/3/tutorial/controlflow.html,53,79,80,361,50
/fr/3/tutorial/datastructures.html,44,60,86,133,42
/fr/3.13/tutorial/datastructures.html,43,48,77,313,36
/fr/3.13/library/functions.html,42,58,65,733,35
/fr/3.13/search.html,42,113,25,64,77
/fr/3.13/,41,48,67,48,73
/fr/3.13/tutorial/index.html,40,55,80,69,44
/fr/dev/installing/index.html,40,43,89,692,65
/fr/3.13/tutorial/classes.html,39,47,81,418,33
/fr/3.13/library/turtle.html,36,47,70,862,21
/fr/3/library/csv.html,35,45,76,917,41
/fr/3/tutorial/inputoutput.html,35,41,78,279,41
/fr/3.13/tutorial/controlflow.html,32,34,67,153,31
/fr/3.13/library/random.html,29,31,83,393,33
/fr/3/tutorial/index.html,29,46,40,70,55
/fr/3.13/library/datetime.html,28,37,60,565,31
/fr/3/library/json.html,28,33,71,652,21
/fr/3/tutorial/venv.html,28,32,67,91,60
/fr/3.13/tutorial/introduction.html,23,36,83,120,60
/fr/3.13/using/windows.html,23,29,58,491,47
/fr/3/,23,33,65,24,72
/fr/3/howto/regex.html,23,28,71,131,39
/fr/3/library/random.html,23,28,78,627,29
/fr/3.13/library/idle.html,22,32,90,59,31
/fr/3.13/library/stdtypes.html,22,32,81,358,32
/fr/3.13/library/math.html,21,29,73,388,29
/fr/3/library/functions.html,21,30,55,82,42
/fr/3/library/stdtypes.html,21,29,62,547,38
/fr/3/search.html,21,34,12,74,48
/fr/3/tutorial/errors.html,21,25,86,155,41
/fr/3.13/tutorial/errors.html,20,25,85,552,42
/fr/3/tutorial/classes.html,19,21,70,105,45
/fr/3.13/tutorial/appetite.html,18,23,67,136,95
/fr/3.13/tutorial/interpreter.html,18,21,100,89,67
/fr/3/library/statistics.html,17,17,100,58,18
/fr/3.13/library/copy.html,16,24,69,1283,61
/fr/3/glossary.html,16,16,71,103,53
/fr/3/library/string.html,16,24,67,372,40
/fr/3.13/howto/sorting.html,15,17,86,592,42
/fr/3.13/tutorial/modules.html,15,18,40,40,48
/fr/3.13/howto/sockets.html,14,16,73,1130,44
/fr/3.13/library/base64.html,13,13,50,616,53
/fr/3.13/library/collections.html,13,17,64,860,23
/fr/3/library/index.html,13,14,83,46,32
/fr/3/reference/datamodel.html,13,18,50,241,50
/fr/3/using/cmdline.html,13,17,100,851,29
/fr/3.13/library/time.html,12,12,62,638,35
/fr/3.13/reference/compound_stmts.html,12,14,80,13,19
/fr/3.13/reference/import.html,12,15,78,279,34
/fr/3/howto/logging.html,12,14,80,236,41
/fr/3/library/__main__.html,12,13,64,1124,47
/fr/3/library/tkinter.html,12,14,44,414,32
/fr/3/reference/index.html,12,27,33,11,57
/fr/3/tutorial/modules.html,12,12,75,138,52
/fr/3/using/windows.html,12,15,75,312,47
/fr/3.13/using/unix.html,11,13,73,90,53
/fr/3/genindex-Symboles.html,11,15,45,55,34
/fr/3/library/turtle.html,11,11,82,214,18
/fr/3.13/library/operator.html,10,13,78,61,32
/fr/3.13/tutorial/,10,12,100,308,31
/fr/3.13/library/calendar.html,9,10,67,255,20
/fr/3.13/library/index.html,9,28,0,40,64
/fr/3.13/library/os.html,9,10,75,226,33
/fr/3.13/library/pathlib.html,9,11,50,502,36
/fr/3.13/reference/simple_stmts.html,9,11,80,378,41
/fr/3/tutorial/stdlib.html,9,12,0,68,73
/fr/3.13/faq/windows.html,8,8,100,,54
/fr/3.13/glossary.html,8,8,0,152,53
/fr/3.13/library/asyncio.html,8,10,50,198,63
/fr/3.13/using/editors.html,8,11,57,646,96
/fr/3.13/whatsnew/3.13.html,8,10,100,20,10
/fr/3/library/re.html,8,10,50,3082,32
/fr/3/reference/compound_stmts.html,8,8,0,494,43
/fr/3.13/installing/index.html,7,8,33,254,75
/fr/3.13/library/tk.html,7,17,33,111,49
/fr/3.13/reference/index.html,7,14,67,13,50
/fr/3/library/enum.html,7,7,75,46,29
/fr/3/library/os.html,7,8,50,30,14
/fr/3/library/sys.html,7,7,100,23,5
/fr/3/reference/expressions.html,7,7,100,9,76
/fr/3/reference/lexical_analysis.html,7,8,0,259,55
/fr/3.13/howto/unicode.html,6,7,80,55,45
/fr/3.13/index.html,6,6,0,22,75
/fr/3.13/library/array.html,6,8,86,96,55
/fr/3.13/library/subprocess.html,6,6,50,174,42
/fr/3.13/library/tkinter.ttk.html,6,11,60,551,50
/fr/3.13/reference/expressions.html,6,8,67,159,32
/fr/3.13/reference/lexical_analysis.html,6,7,0,45,45
/fr/3.13/tutorial/stdlib.html,6,6,50,364,40
/fr/3/library/datetime.html,6,6,80,890,50
/fr/3/library/queue.html,6,7,40,124,48
/fr/3/library/threading.html,6,7,100,48,22
/fr/3/library/unittest.html,6,6,75,165,12
/fr/3/using/index.html,6,9,50,78,74
/fr/3/using/mac.html,6,7,33,326,40
