name,visitors
Chrome,257562
Microsoft Edge,94524
Safari,18380
Firefox,16050
Opera,7729
Yandex Browser,4765
Mobile App,2764
Samsung Browser,1007
Quark,837
Smart Lenovo Browser,764
QQ Browser,759
Whale Browser,386
Sogou Explorer,363
vivo Browser,308
MIUI Browser,299
Huawei Browser Mobile,276
Avast Secure Browser,208
Huawei Browser,107
AVG Secure Browser,84
UC Browser,47
Norton Private Browser,41
Mobile Silk,39
(not set),36
QtWebEngine,35
Hi Browser,27
Chromium,25
Brave,23
Phoenix Browser,23
JioSphere,21
SberBrowser,21
CCleaner,18
Opera Touch,13
AdBlock Browser,10
Iron,9
Android Browser,8
UBrowser,8
115 Browser,7
Ecosia,7
Pale Moon,7
Avira Secure Browser,6
QQ Browser Lite,6
Aloha Browser,5
Atom,5
Opera Devices,5
Opera GX,5
Lenovo Browser,4
Maxthon,4
Openwave Mobile Browser,4
360 Secure Browser,3
DuckDuckGo Privacy Browser,3
Konqueror,3
Lilo,3
Proxy Browser,3
Sleipnir,3
AOL Desktop,2
Cheetah Browser,2
Coc Coc,2
Falkon,2
Internet Explorer,2
Kindle Browser,2
REST Client for Ruby,2
Raspbian Chromium,2
SeaMonkey,2
Steam In-Game Overlay,2
Meizu Browser,1
Mint Browser,1
Mypal,1
NetFront,1
Oculus Browser,1
Oppo Browser,1
Realme Browser,1
SFive,1
Soul Browser,1
Stargon,1
UC Browser Turbo,1
Vivaldi,1
t-online.de Browser,1
