name,unique_exits,total_exits,exit_rate
/es/3.13/tutorial/index.html,297,318,
/es/3.13/library/tkinter.html,176,190,
/es/3/tutorial/,169,173,
/es/3/tutorial/index.html,110,123,
/es/3.13/tutorial/venv.html,79,82,
/es/3.13/library/index.html,74,80,
/es/3.13/tutorial/classes.html,71,75,
/es/3.13/tutorial/datastructures.html,70,73,
/es/3.13/library/functions.html,67,75,
/es/3.13/tutorial/interpreter.html,64,65,
/es/3.13/tutorial/introduction.html,57,60,
/3/,56,58,
/es/3.13/tutorial/controlflow.html,56,60,
/es/3/tutorial/introduction.html,53,56,
/es/3/library/stdtypes.html,52,54,
/es/3/tutorial/interpreter.html,52,54,
/es/3.13/tutorial/appetite.html,50,53,
/es/3/tutorial/appetite.html,47,51,
/es/3.13/library/stdtypes.html,43,50,
/es/3.13/tutorial/errors.html,43,43,
/es/3.13/search.html,42,47,
/es/3/tutorial/controlflow.html,38,41,
/es/3.13/installing/index.html,37,39,
/es/3.13/library/datetime.html,36,39,
/es/3.13/library/idle.html,35,35,
/es/3.13/,34,34,
/es/3/library/functions.html,34,35,
/es/3.13/library/re.html,29,29,
/es/3/,29,31,
/es/3.13/using/windows.html,27,27,
/es/3.13/library/random.html,26,26,
/es/3/tutorial/datastructures.html,26,27,
/es/3/library/tkinter.html,25,28,
/es/3.13/library/tk.html,24,24,
/es/3.13/glossary.html,23,26,
/es/3/library/index.html,23,25,
/es/3.13/library/venv.html,21,22,
/es/3.13/tutorial/inputoutput.html,21,22,
/es/3/library/json.html,21,23,
/es/3/tutorial/classes.html,21,22,
/es/3.13/tutorial/modules.html,20,21,
/3/library/tkinter.html,19,19,
/es/3.13/howto/logging.html,18,18,
/es/3/library/argparse.html,18,19,
/es/3/library/math.html,18,18,
/es/3/library/statistics.html,16,17,
/es/dev/tutorial/controlflow.html,15,16,
/es/3.13/library/array.html,14,15,
/es/3.13/library/string.html,14,15,
/es/3.13/reference/index.html,14,14,
/es/3/library/asyncio.html,14,14,
/es/3/library/datetime.html,14,17,
/es/3/search.html,14,14,
/es/3/using/cmdline.html,14,14,
/es/3.13/tutorial/,13,13,
/es/3/installing/index.html,13,13,
/es/3.13/library/subprocess.html,12,13,
/es/3.13/library/tkinter.ttk.html,12,12,
/es/3.13/reference/compound_stmts.html,12,15,
/es/3/genindex-Símbolos.html,12,13,
/es/3/library/functools.html,12,13,
/es/3/library/random.html,12,12,
/es/3.13/library/shutil.html,11,11,
/es/3.13/library/sqlite3.html,10,10,
/es/3.13/whatsnew/3.13.html,10,12,
/es/3/contents.html,10,10,
/es/3/tutorial/errors.html,10,10,
/es/3/tutorial/venv.html,10,10,
/3.13/tutorial/index.html,9,9,
/3/tutorial/index.html,9,9,
/es/3.13/howto/regex.html,9,10,
/es/3.13/library/math.html,9,10,
/es/3.13/library/operator.html,9,9,
/es/3.13/reference/datamodel.html,9,9,
/es/3.13/reference/import.html,9,9,
/es/3.13/reference/lexical_analysis.html,9,9,
/es/3/faq/windows.html,9,10,
/es/3/glossary.html,9,9,
/es/3/tutorial/modules.html,9,9,
/es/3.13/howto/sockets.html,8,8,
/es/3.13/library/__main__.html,8,8,
/es/3.13/library/asyncio-task.html,8,8,
/es/3.13/tutorial/stdlib.html,8,10,
/es/3.13/using/index.html,8,8,
/es/3/library/re.html,8,8,
/es/3/library/tk.html,8,8,
/3/library/index.html,7,7,
/es/3.12/tutorial/index.html,7,7,
/es/3.13/howto/sorting.html,7,7,
/es/3.13/library/dialog.html,7,7,
/es/3.13/library/pprint.html,7,7,
/es/3.13/library/smtplib.html,7,7,
/es/dev/library/zlib.html,7,7,
/3/library/datetime.html,6,6,
/3/library/functions.html,6,6,
/es/3.13/contents.html,6,6,
/es/3.13/library/csv.html,6,6,
/es/3.13/library/ftplib.html,6,6,
/es/3.13/library/logging.html,6,7,
/es/3.13/library/threading.html,6,6,
