name,visitors,bounce_rate,visit_duration
Google,703,77,168
Direct / None,376,63,228
Baidu,372,80,36
python.org,20,0,518
Bing,19,88,132
contest.nypc.co.kr,18,83,47
chatgpt.com,16,67,15
wikidocs.net,10,100,0
namu.wiki,8,44,223
codeup.kr,6,67,139
codeit.kr,4,100,0
git.memswdev.samsungds.net,4,25,321
velog.io,4,100,0
Yahoo!,3,50,5
2-code.codle.io,2,100,0
ashortday.tistory.com,2,0,469
books.weniv.co.kr,2,100,0
cafe.naver.com,2,50,708
clien.net,2,0,7
d2.naver.com,2,100,0
gall.dcinside.com,2,50,14
lahuman.github.io,2,50,1246
online.aiffel.io,2,100,0
Perplexity,1,100,0
Shenma,1,0,3
Yandex,1,0,19
aiokafka.readthedocs.io,1,0,0
blog.naver.com,1,100,0
class-lms.modulabs.co.kr,1,100,0
classum.com,1,100,0
dev-jy.tistory.com,1,100,0
dlab.elice.io,1,100,0
docs.pytorch.org,1,0,0
educoder.tistory.com,1,0,97
engineer-mole.tistory.com,1,100,0
everytime.kr,1,0,9
ivorycirrus.github.io,1,100,0
kdw9502.tistory.com,1,100,0
m.cafe.naver.com,1,100,0
m.clien.net,1,100,0
m.dcinside.com,1,0,45
mooozi.github.io,1,0,321
python.co.kr,1,100,0
responding.tistory.com,1,100,0
techtrendtalk.com,1,100,0
wiki.duzon.com,1,100,0
yuanbao.tencent.com,1,0,33
