name,visitors
São Paulo,8
Rio de Janeiro,7
Natal,3
Fortaleza,3
Council Bluffs,3
Surat,2
N/A,2
Perth,2
Lisbon,2
Picos,2
Salvador,2
Barueri,2
Mendoza,2
Chang-hua,1
Shanghai,1
Khabarovsk,1
Santo Tirso,1
Frankfurt am Main,1
Kraków,1
Teresina,1
Paulista,1
Maceió,1
Vitória,1
Toledo,1
Taubaté,1
Saquarema,1
São Vicente,1
Santa Maria,1
Praia Grande,1
Porto Alegre,1
Piracicaba,1
Petrópolis,1
Palhoça,1
Novo Hamburgo,1
Niterói,1
Londrina,1
Jundiaí,1
Itabaianinha,1
Gravataí,1
Goiânia,1
Feira de Santana,1
Dourados,1
Caxias do Sul,1
Cascavel,1
Campos dos Goytacazes,1
Campinas,1
Cabo Frio,1
Belo Horizonte,1
Palmas,1
Porto Velho,1
