name,unique_entrances,total_entrances,visit_duration
/3/,12651,13021,156
/3/library/functions.html,5905,6167,107
/3/library/venv.html,5784,5914,40
/3/library/stdtypes.html,5529,5797,146
/3/tutorial/index.html,4815,5008,164
/3/library/datetime.html,4588,4734,89
/3/tutorial/datastructures.html,3134,3250,121
/3/library/re.html,3122,3252,94
/3/library/index.html,3032,3175,153
/3/library/typing.html,2911,3001,90
/3/library/idle.html,2906,2971,55
/3/tutorial/,2876,3019,100
/3/library/tkinter.html,2534,2608,89
/3/library/argparse.html,2439,2519,118
/3/library/logging.html,2423,2512,123
/3/library/csv.html,2302,2373,98
/3/library/turtle.html,2241,2418,117
/3/search.html,2204,2365,267
/3/library/pathlib.html,2182,2270,129
/3/library/math.html,2081,2206,101
/3/library/subprocess.html,2027,2138,104
/3/library/random.html,1993,2039,75
/3/tutorial/controlflow.html,1861,1959,134
/3/library/dataclasses.html,1826,1891,87
/3/library/os.html,1748,1799,160
/3/library/exceptions.html,1738,1793,100
/3/tutorial/errors.html,1700,1743,103
/3/library/collections.html,1616,1667,88
/3/library/multiprocessing.html,1606,1708,140
/3/library/json.html,1562,1616,105
/3/tutorial/classes.html,1540,1613,128
/3/library/itertools.html,1434,1485,93
/3/tutorial/inputoutput.html,1379,1408,130
/3/library/sqlite3.html,1367,1449,115
/3/library/unittest.mock.html,1346,1435,103
/3/library/string.html,1264,1286,101
/3/library/enum.html,1251,1276,89
/3/library/asyncio-task.html,1248,1309,143
/3/library/time.html,1206,1233,90
/3/library/asyncio.html,1195,1237,179
/3/library/threading.html,1162,1210,177
/3/library/unittest.html,1147,1170,88
/3/library/os.path.html,1127,1153,126
/3/library/functools.html,1100,1129,87
/3/tutorial/introduction.html,1094,1158,192
/3/library/concurrent.futures.html,1091,1152,136
/3/tutorial/modules.html,1088,1128,160
/3/library/heapq.html,909,944,77
/3/tutorial/venv.html,906,940,57
/3/reference/datamodel.html,895,916,161
/3/using/windows.html,879,898,64
/3/library/xml.etree.elementtree.html,878,909,110
/3/glossary.html,867,888,214
/3/library/socket.html,814,845,122
/3/howto/logging.html,795,818,166
/3/tutorial/interpreter.html,771,801,150
/3/library/pickle.html,770,788,66
/3/library/tempfile.html,753,776,149
/3/howto/sorting.html,750,766,109
/3/library/struct.html,729,763,107
/3/library/shutil.html,723,749,125
/3/whatsnew/3.13.html,717,732,134
/3/using/mac.html,677,683,65
/3/library/pdb.html,667,687,60
/3/library/sys.html,658,669,176
/3/installing/index.html,643,650,84
/3/py-modindex.html,624,661,100
/3/library/abc.html,610,617,115
/3/library/io.html,572,590,182
/3/reference/index.html,568,585,180
/3/library/hashlib.html,554,561,112
/3/tutorial/appetite.html,551,571,234
/es/3/tutorial/,550,565,172
/3/library/copy.html,518,523,83
/3/library/,517,545,110
/3/reference/expressions.html,512,524,152
/3/library/glob.html,501,511,92
/zh-cn/3/,501,521,200
/3/library/configparser.html,494,507,96
/3/library/urllib.parse.html,483,491,64
/3/library/zipfile.html,480,497,142
/3/reference/import.html,474,482,106
/3/library/queue.html,442,454,150
/3/howto/regex.html,440,457,96
/3/library/pprint.html,435,440,64
/3/library/contextlib.html,433,444,163
/3/library/asyncio-eventloop.html,424,443,210
/ja/3/library/codecs.html,421,426,24
/3/using/cmdline.html,419,428,99
/3/library/ast.html,414,434,69
/3/library/uuid.html,411,416,61
/3/reference/lexical_analysis.html,409,422,144
/3/library/http.server.html,408,419,92
/zh-cn/3/tutorial/index.html,404,418,148
/3/library/operator.html,385,392,92
/3/reference/compound_stmts.html,385,391,171
/3/library/ctypes.html,367,387,110
/3/contents.html,366,378,212
/3/library/profile.html,366,374,93
/3/library/decimal.html,362,373,66
/3/license.html,340,349,98
/3/index.html,325,339,262
/3/library/difflib.html,325,334,55
/3/library/collections.abc.html,320,331,161
/3/library/logging.handlers.html,318,328,171
/3/library/importlib.html,317,328,108
/3/tutorial/floatingpoint.html,317,324,68
/3/howto/argparse.html,312,323,112
/3/using/android.html,305,311,72
/3/library/smtplib.html,304,319,89
/3/download.html,300,305,130
/3/library/codecs.html,300,302,63
/3/reference/simple_stmts.html,275,277,161
/3/library/warnings.html,271,274,75
/3/library/timeit.html,269,270,76
/3/library/ssl.html,267,288,102
/3/library/ensurepip.html,262,267,32
/3/library/ipaddress.html,261,280,155
/3/howto/enum.html,258,263,141
/3/library/inspect.html,257,266,168
/3/library/tkinter.ttk.html,254,271,89
/3/library/traceback.html,254,258,57
/3/library/array.html,252,256,91
/3/library/urllib.request.html,245,248,237
/3/howto/logging-cookbook.html,244,252,134
/3/library/base64.html,243,252,92
/3/library/__main__.html,242,246,114
/3/library/tk.html,239,244,169
/3/library/bisect.html,234,238,84
/zh-cn/3/library/index.html,224,236,141
/3/library/zoneinfo.html,220,223,64
/3/library/webbrowser.html,219,230,447
/3/using/index.html,217,218,155
/3/library/asyncio-sync.html,213,221,234
/3/library/statistics.html,212,220,141
/3/library/http.client.html,211,219,163
/3/library/logging.config.html,206,209,145
/3/faq/,200,204,189
/3/library/signal.html,195,204,113
/3/whatsnew/3.12.html,193,196,153
/3/howto/unicode.html,191,196,97
/fr/3/tutorial/,189,194,272
/3/library/types.html,186,188,114
/3/library/secrets.html,185,189,59
/3/library/textwrap.html,184,190,112
/3/library/tomllib.html,183,185,133
/3/library/email.examples.html,180,186,104
/ja/3/,180,199,261
/3/library/tarfile.html,179,188,151
/3/library/contextvars.html,178,186,81
/3/library/calendar.html,177,184,160
/3/library/dialog.html,175,179,85
/3/library/gc.html,173,177,70
/3/library/urllib.html,172,175,247
/3/library/asyncio-queue.html,169,173,286
/3/extending/extending.html,168,171,131
/3/howto/curses.html,157,162,114
/3/library/fnmatch.html,155,161,58
/3/library/html.parser.html,149,152,48
/3/library/gzip.html,148,149,157
/3/library/pydoc.html,148,148,129
/3/library/tkinter.messagebox.html,146,153,92
/3/library/asyncio-stream.html,142,150,227
/3/faq/windows.html,140,142,31
/3/library/getpass.html,139,139,71
/3/faq/programming.html,136,141,189
/3/library/constants.html,136,138,121
/zh-cn/3/using/windows.html,133,133,14
/3/library/doctest.html,131,133,97
/3/library/filesys.html,131,131,133
/es/3/tutorial/index.html,128,136,270
/3/howto/functional.html,125,130,99
/3/howto/sockets.html,125,129,164
/3/c-api/index.html,122,124,138
/zh-cn/3/using/mac.html,121,122,45
/3/library/http.html,120,120,58
/3/library/tracemalloc.html,120,126,140
/3/whatsnew/3.8.html,120,120,54
/pt-br/3/,120,126,159
/3/library/zlib.html,119,123,111
/3/whatsnew/3.11.html,119,129,129
/3/howto/descriptor.html,112,117,134
/3/library/shlex.html,112,114,93
/zh-cn/3/library/functions.html,112,122,79
/3/library/datatypes.html,111,111,209
/ja/3/tutorial/,111,119,131
/3/howto/a-conceptual-overview-of-asyncio.html,110,117,253
/3/library/__future__.html,110,110,71
/3/library/multiprocessing.shared_memory.html,109,110,165
/pt-br/3/tutorial/index.html,106,109,141
/uk/3/reference/compound_stmts.html,106,106,31
/3/library/ftplib.html,105,109,96
/3/extending/embedding.html,104,106,126
/3/faq/general.html,101,105,242
/3/library/dis.html,101,104,120
/3/whatsnew/changelog.html,101,103,140
/3.13/tutorial/index.html,98,98,653
/3/howto/index.html,97,104,326
/3/whatsnew/3.10.html,96,96,110
/3/library/asyncio-future.html,95,99,336
/3/library/curses.html,95,102,294
/3/library/importlib.resources.html,95,97,129
/3/library/email.html,93,96,182
/3/library/fractions.html,93,94,137
/3/library/imaplib.html,93,96,84
/3/tutorial/stdlib.html,93,96,189
/3/library/asyncio-subprocess.html,92,97,278
/3/library/asyncio-runner.html,91,92,210
/ja/3/library/stdtypes.html,91,95,97
/3/library/stat.html,90,93,106
/3/whatsnew/index.html,90,92,158
/es/3/,90,91,109
/zh-cn/3/library/turtle.html,90,92,56
/3/library/asyncio-dev.html,89,96,380
/ja/3/library/functions.html,89,96,35
/zh-cn/3/library/math.html,88,90,80
/3/library/weakref.html,87,90,64
/es/3/tutorial/appetite.html,87,96,156
/zh-cn/3/tutorial/introduction.html,87,93,201
/3/howto/annotations.html,86,88,246
/3/library/unittest.mock-examples.html,86,86,66
/3/library/xml.html,86,91,100
/3/library/mimetypes.html,84,88,62
/zh-cn/3/tutorial/controlflow.html,84,99,303
/3/library/importlib.metadata.html,83,84,216
/3/using/ios.html,83,83,63
/3.13/,82,82,444
/3/c-api/memory.html,81,82,63
/3/library/distutils.html,81,81,28
/zh-cn/3/tutorial/,81,83,160
/3/library/atexit.html,80,85,125
/3/reference/grammar.html,80,89,53
/3/library/unicodedata.html,78,81,36
/3/library/zipimport.html,78,78,37
/ja/3/library/index.html,78,83,85
/3/library/binascii.html,77,80,103
/es/3/tutorial/introduction.html,76,78,102
/es/3/tutorial/interpreter.html,74,76,337
/3/library/cmath.html,69,70,193
/3/howto/free-threading-python.html,68,68,204
/3/library/locale.html,67,68,28
/3/library/mmap.html,67,71,140
/3/genindex-Symbols.html,66,67,29
/3/library/intro.html,66,67,77
/3/library/platform.html,66,66,65
/3/library/wave.html,66,69,69
/es/3/tutorial/controlflow.html,66,71,196
/zh-cn/3/library/idle.html,66,70,8
/3/library/socketserver.html,65,65,224
/zh-cn/3/library/multiprocessing.html,65,66,140
/3/c-api/init.html,64,67,348
/zh-cn/3/tutorial/interpreter.html,64,67,287
/fr/3/tutorial/datastructures.html,62,64,111
/3/library/cmd.html,61,61,240
/3/library/email.mime.html,61,63,152
/3/library/site.html,61,62,55
/3/reference/introduction.html,61,62,166
/zh-cn/3/reference/index.html,60,63,91
/3/using/unix.html,59,59,109
/3/library/filecmp.html,58,63,224
/3/library/select.html,57,58,148
/3/using/configure.html,57,57,171
/zh-tw/3/tutorial/index.html,57,59,85
/3/library/optparse.html,56,56,585
/3.15/,55,55,321
/3/library/hmac.html,55,55,130
/ja/3/library/datetime.html,55,55,204
/zh-cn/3/tutorial/appetite.html,55,57,223
/3.13/using/windows.html,54,55,571
/3/library/email.message.html,54,59,111
/3/reference/,54,58,39
/ja/3/tutorial/index.html,54,60,270
/zh-cn/3/tutorial/classes.html,54,56,55
/3/library/numbers.html,53,53,407
/3/library/zipapp.html,53,53,74
/ja/3/library/venv.html,53,56,93
/3/library/html.html,52,52,83
/3/library/telnetlib.html,52,54,84
/zh-cn/3/library/stdtypes.html,52,58,101
/zh-cn/3/search.html,52,52,367
/3/library/pkgutil.html,51,51,120
/3/library/sys_path_init.html,51,53,187
/3/library/gettext.html,50,53,108
/ko/3/tutorial/index.html,48,51,109
/zh-cn/3/index.html,48,52,263
/3/genindex.html,47,48,270
/3/library/graphlib.html,47,49,255
/3/library/readline.html,47,47,104
/3/library/tokenize.html,47,50,19
/3/c-api/buffer.html,46,47,157
/3/whatsnew/3.9.html,46,47,153
/es/3/library/stdtypes.html,46,48,87
/es/3/tutorial/datastructures.html,46,47,216
/3/extending/index.html,45,46,223
/3/library/fcntl.html,45,45,111
/3/library/winsound.html,44,45,190
/ja/3/search.html,44,54,397
/zh-cn/3/installing/index.html,44,44,72
/3.14/whatsnew/3.14.html,43,43,789
/3/library/email.parser.html,43,43,108
