name,visitors
Shenzhen,149
Shanghai,106
Wuxi,58
Singapore,47
Zhenjiang,40
Warsaw,31
Lianyun,21
Fuzhou,17
Huzhou,15
Kraków,15
Guangzhou,14
Dalian,14
Jingjiang,13
Suzhou,13
Suqian,10
Gdańsk,10
Chengdu,9
Hangzhou,8
Jinhua,7
Jiangmen,6
Wrocław,6
Poznań,6
Jiaxing,5
Dongyang,4
Nanjing,4
Chongqing,4
The Dalles,4
Lublin,3
Ciechanów,3
Zhuhai,3
Quanzhou,3
Perth,3
Łódź,3
Gliwice,3
Gdynia,3
Helsinki,2
Trzebownisko,2
Mielec,2
Krościenko Wyżne,2
Bartoszyce,2
N/A,2
Haining,2
Xiamen,2
Wenzhou,2
Suzhou,2
Shantou,2
Hefei,2
Yiwu,2
Yingkou,2
Neustadt am Rübenberge,2
Toruń,2
Myślibórz,2
Będzin,2
N/A,2
Dubai,1
Moscow,1
Żyrardów,1
Zamość,1
Ząbki,1
Tarnów,1
Kobyłka,1
Białystok,1
Biała Podlaska,1
Peddāpuram,1
Mumbai,1
Yekaterinburg,1
Ho Chi Minh City,1
Hanoi,1
N/A,1
Nantong,1
Lanxi,1
Handan,1
Changsha,1
Beijing,1
Hong Kong,1
Southampton,1
Newquay,1
Munich,1
Griesheim,1
Nancy,1
Świętochłowice,1
Sosnowiec,1
Michałowice,1
Łambinowice,1
Kędzierzyn-Koźle,1
Katowice,1
Bielsko-Biala,1
Madrid,1
Recife,1
Fortaleza,1
Snellville,1
New York City,1
San Jose,1
N/A,1
N/A,1
