name,visitors,bounce_rate,visit_duration
python.org,5333,79,28
Direct / None,4095,84,44
google.com,1771,84,43
docs.python.org,617,78,79
discuss.python.org,391,90,37
news.ycombinator.com,365,93,14
bing.com,129,85,31
duckduckgo.com,120,82,37
yandex.ru,84,96,36
search.brave.com,76,86,46
devguide.python.org/versions,74,80,50
chatgpt.com,69,81,9
python.org/downloads,67,72,33
boot.dev,60,89,28
netacad.com,49,98,1
pypi.org,37,86,8
practicum.yandex.ru,36,81,39
github.com,28,79,49
realpython.com,28,94,6
s3.eu-west-1.amazonaws.com,25,87,55
udemy.com,23,96,13
android-app://com.reddit.frontpage,20,80,34
docs.astral.sh,19,100,0
cn.bing.com,18,94,0
packaging.python.org/en/latest/glossary,18,56,148
cs50.harvard.edu,17,100,0
android-app://com.slack,16,100,0
python-academy.org,13,100,0
ecosia.org,12,83,11
youtube.com,12,100,0
dicoding.com,11,92,40
codecademy.com,10,100,0
docs.sqlalchemy.org,10,80,264
devguide.python.org,9,100,0
maharatech.gov.eg,9,89,142
openclassrooms.com,9,78,1
cs50.readthedocs.io,8,88,2
docs.google.com,8,100,0
metanit.com,8,100,0
niyakaduk.beget.app,8,88,10
academy.hackthebox.com,7,100,0
lobste.rs,7,86,17
lobste.rs/s/bqecne/pep_810_explicit_lazy_imports,7,57,181
m.baidu.com/s,7,100,0
node-server.online,7,100,0
cms.unir.net,6,71,28
code-basics.com,6,100,0
courses.cs.ut.ee,6,83,4
en.wikipedia.org,6,67,99
learn.snhu.edu,6,100,0
lms.yandex.ru,6,100,0
pycoders.com,6,100,0
ru.hexlet.io/courses/python-basics/lessons/linting/theory_unit,6,89,156
cartetika.skillspace.ru,5,71,54
copilot.microsoft.com,5,83,238
devurls.com,5,100,0
en.wikibooks.org,5,100,0
hackerrank.com,5,100,0
alt-61d42c1e6231a.blackboard.com,4,100,0
courses.campus.gov.il,4,100,0
daemonology.net,4,100,0
de.wikipedia.org,4,75,2
docs.python.org/3/whatsnew/3.13.html,4,83,1
e-class.tsu.ru,4,100,0
github.com/GnuriaN/Python-Roadmap,4,80,99
lms.skillfactory.ru,4,100,0
moodle.taltech.ee,4,100,0
my.sky.pro,4,100,0
numpy.org,4,75,8
packaging.python.org/en/latest/specifications/dependency-specifiers,4,100,0
pep8.org,4,100,0
perplexity.ai,4,100,0
python.org/downloads/release/python-3137,4,75,3
python.p2hp.com,4,75,279
reddit.com,4,100,0
search.yahoo.com,4,80,4
stackoverflow.com,4,100,0
ucilnica.fmf.uni-lj.si,4,100,0
yandex.ru/clck/jsredir,4,100,0
127.0.0.1,3,100,0
android-app://com.google.android.googlequicksearchbox,3,100,0
appacademy.io,3,100,0
blackboard.uwe.ac.uk,3,67,6
brightspace.tudelft.nl,3,100,0
claude.ai,3,100,0
developers.google.com,3,100,0
docs.python-guide.org,3,100,0
edube.org/learn/pe-1/variables-data-shaped-boxes-21,3,100,0
elearn.epam.com,3,100,0
freecodecamp.org/espanol/news/python-ejemplos-de-codigo-tutorial-de-programacion-en-python-desde-cero-para-principiantes,3,100,0
freecodecamp.org/news/python-code-examples-sample-script-coding-tutorial-for-beginners,3,100,0
ftims.edu.p.lodz.pl,3,33,5415
github.com/Untronix0nly/python-labs-skeleton,3,100,0
hatch.pypa.io,3,100,0
hckrnews.com,3,100,0
inoreader.com,3,100,0
learn.microsoft.com,3,100,0
learnxinyminutes.com,3,67,121
linkedin.com,3,100,0
m.facebook.com,3,100,0
moodle.utfpr.edu.br,3,67,21
packaging.python.org/en/latest/key_projects,3,33,1162
packaging.python.org/en/latest/specifications/dependency-groups,3,100,0
packaging.python.org/en/latest/specifications/inline-script-metadata,3,100,0
packaging.python.org/en/latest/specifications/version-specifiers,3,33,9
palletsprojects.com,3,100,0
pandas.pydata.org,3,100,0
psycopg.org,3,100,0
python-poetry.org,3,33,121
pythonr.vua.cloud,3,100,0
pythonzen-pep8-exam.com,3,67,7
raspberrypi.com,3,100,0
spark.apache.org,3,100,0
statics.teams.cdn.office.net,3,100,0
stcc.blackboard.com,3,100,0
t.co,3,100,0
turing.docebosaas.com,3,67,14
tuwel.tuwien.ac.at,3,100,0
uio.no,3,67,3
yandex.by,3,100,0
academy.cs.cmu.edu,2,100,0
android-app://com.google.android.gm,2,100,0
android-app://com.linkedin.android,2,50,6
android-app://io.github.hidroh.materialistic,2,100,0
athena.alxafrica.com,2,50,416
baidu.com/link,2,50,326
bottlepy.org,2,100,0
c.biancheng.net/view/vip_5882.html,2,100,0
canvas.oregonstate.edu/courses/2017436/gradebook/speed_grader,2,100,0
chat.baidu.com,2,100,0
clemson.instructure.com/courses/274199/modules/items/4945543,2,100,0
code.courses-watspeed.uwaterloo.ca,2,50,12
codeit.kr,2,50,5
courses.baobabplatform.org,2,100,0
courses.edx.org,2,100,0
cs50.readthedocs.io/style/c,2,100,0
datacamp.com,2,50,2
docs.renovatebot.com,2,100,0
docs.ros.org,2,100,0
dodona.be,2,100,0
ecollege.etbonline.ie,2,100,0
ellibrodepython.com,2,100,0
en.m.wikipedia.org,2,50,6
facebook.com,2,100,0
fishc.com.cn,2,100,0
flake8rules.com,2,100,0
formacion.fundacionindustrialnavarra.com,2,100,0
freecodecamp.org,2,100,0
gemini.google.com,2,100,0
gist.github.com,2,100,0
github.com/huangsam/ultimate-python,2,100,0
github.com/microsoft/pylance-release/issues/4309,2,100,0
github.com/pypa/setuptools/issues/4938,2,0,301
github.com/pypa/wheel,2,50,4
google.com.hk,2,50,2
google.de,2,100,0
grahamdumpleton.me,2,100,0
learn.codeinstitute.net,2,100,0
learn.ucu.edu.ua,2,50,1
learn.ul.ie,2,100,0
lnt.xmu.edu.cn,2,50,807
mastodon.social,2,50,0
moodle.fernuni-hagen.de,2,100,0
moodle.innopolis.university,2,100,0
moodle.midlands.tus.ie,2,100,0
moodle.uam.es,2,100,0
moodle.ucl.ac.uk,2,100,0
mylearning.suny.edu,2,100,0
mypy-lang.org,2,100,0
news.radio-t.com,2,100,0
nicholashairs.com/posts/major-changes-between-python-versions,2,50,245
notebooks.githubusercontent.com,2,100,0
notion.so,2,0,5
numpydoc.readthedocs.io/en/latest/format.html,2,100,0
openstax.org,2,100,0
packaging.python.org/en/latest/specifications/entry-points,2,100,0
packaging.python.org/en/latest/specifications/name-normalization,2,50,324
packaging.python.org/en/latest/specifications/pyproject-toml,2,50,682
packaging.python.org/en/latest/specifications/simple-repository-api,2,50,14
pydevtools.com,2,0,406
pyo3.rs,2,100,0
python.github.net.cn,2,50,6
python.org/getit,2,50,828
python.pages.doc.ic.ac.uk,2,100,0
pythoncheatsheet.org,2,50,31
pythonfluente.com,2,100,0
pythoninsider.blogspot.com,2,100,0
ru.hexlet.io,2,50,0
se.search.yahoo.com,2,100,0
shibu778.github.io,2,100,0
sky.pro,2,100,0
softserve.academy,2,100,0
stringer.emeraldfox.xyz,2,100,0
studentlogin.coloradotech.edu,2,100,0
trainings.internshala.com,2,100,0
uottawa.brightspace.com,2,100,0
wheelnext.dev,2,50,0
wingware.com,2,0,1623
wsgi.readthedocs.io,2,100,0
wsgi.tutorial.codepoint.net,2,100,0
ya.ru,2,100,0
adamgyenge.gitlab.io,1,100,0
aicomms.dev.bloomberg.com,1,100,0
android-app://io.github.pyoncord.app,1,100,0
android-app://org.telegram.messenger,1,100,0
apollo.inf.upol.cz,1,100,0
app.certidevs.com,1,0,1146
app.quantic.edu,1,100,0
asgi.readthedocs.io,1,100,0
atmarkit.itmedia.co.jp/ait/articles/1907/05/news022.html,1,100,0
attrs.org/en/stable/types.html,1,100,0
aulaglobal.uc3m.es,1,100,0
bandersnatch.readthedocs.io/en/latest,1,0,44
bbb.ssau.ru,1,0,485
bbb310.ssau.ru,1,100,0
bigbluebutton.nucamp.co,1,100,0
bit.ly/3zZF164,1,100,0
blog.adamcameron.me,1,100,0
blog.codacy.com,1,100,0
blog.csdn.net/weixin_43820796/article/details/108876587,1,100,0
blog.darklang.com,1,100,0
blog.pypi.org,1,100,0
blog.pyq.jp,1,0,8
blog.python.org,1,0,192
bohr.wlu.ca,1,0,1301
br0k3nlab.com,1,100,0
brightspace.au.dk,1,100,0
bugs.python.org,1,100,0
builtin.com,1,0,274
buttondown.com,1,100,0
byroot.github.io,1,100,0
bytedance.larkoffice.com,1,100,0
campus.uner.edu.ar,1,0,71
canvas.tamu.edu/courses/405476/pages/m2-learning-materials,1,100,0
canvas.tccd.edu/courses/146082/discussion_topics/1588726,1,0,524
ccsf-math-108.github.io,1,0,4
chambamodulocapacitacion.leon.gob.mx,1,100,0
chat.qwen.ai/c/42d0265a-3bcf-47db-8fb4-ddf54e68b376,1,100,0
chokkan.github.io,1,100,0
classroom.google.com,1,100,0
clc.to,1,100,0
cmsc201.sourque.com,1,100,0
coccoc.com/search,1,100,0
code.s3.yandex.net,1,100,0
codecademy-enterprise.percipio.com,1,100,0
coderivers.org,1,100,0
cognizant.udemy.com,1,100,0
colab.google,1,100,0
columbus.wistron.com,1,100,0
commitizen-tools.github.io,1,100,0
comp-lin-alg.github.io,1,100,0
confluence-eu.sec.samsung.net,1,100,0
confluence.nvidia.com,1,100,0
console.cloud.google.com,1,100,0
conteudo.avaeduc.com.br,1,100,0
convert.guru,1,100,0
corbado.com,1,100,0
courses.cs.washington.edu,1,100,0
crosshair.readthedocs.io,1,0,682
cs.odu.edu,1,100,0
cs.princeton.edu,1,100,0
cs.stanford.edu,1,100,0
cs50.readthedocs.io/certificates.cs50.io,1,100,0
cs50.readthedocs.io/libraries/cs50/python,1,100,0
cs50.readthedocs.io/python,1,0,61
csound.com,1,100,0
curict.com,1,100,0
curiousefficiency.org,1,100,0
cursos.alura.com.br,1,100,0
dash.plotly.com,1,100,0
deloittedevelopment.udemy.com,1,100,0
developer.blender.org,1,100,0
developers.facebook.com,1,0,155
devguide.python.org/developer-workflow/extension-modules/index.html,1,100,0
devguide.python.org/development-tools/clinic/howto,1,100,0
devvm.oripoto.pw,1,100,0
digitalocean.com,1,100,0
directdevops.blog,1,100,0
discuss.python.org/t/pep-810-explicit-lazy-imports/104131/82,1,100,0
disq.us,1,100,0
django-rest-framework.org,1,100,0
docs.aiogram.dev/en/dev-3.x,1,0,88
docs.brew.sh,1,100,0
docs.espressif.com,1,100,0
docs.espressif.com/projects/esptool/en/latest/esp32/versions.html,1,100,0
docs.godotengine.org/en/stable/tutorials/scripting/gdscript/gdscript_styleguide.html,1,100,0
docs.godotengine.org/ru/4.5/tutorials/scripting/gdscript/gdscript_styleguide.html,1,100,0
docs.godotengine.org/zh-cn/4.x/tutorials/scripting/gdscript/gdscript_styleguide.html,1,100,0
docs.mcdreforged.com/zh-cn/latest/quick_start/install.html,1,100,0
docs.pydantic.dev,1,100,0
docs.python.org/3.13/using/windows.html,1,100,0
docs.python.org/3.14/whatsnew/3.14.html,1,0,1
docs.python.org/3/c-api/stable.html,1,100,0
docs.python.org/ja/3.13/c-api/stable.html,1,100,0
docs.python.org/release/3.7.3/whatsnew/3.7.html,1,100,0
docs.python.org/zh-cn/3.14/whatsnew/3.14.html,1,100,0
docs.ray.io/en/latest/data/loading-data.html,1,100,0
docs.ray.io/en/latest/ray-core/objects/serialization.html,1,100,0
docs.redotengine.org,1,100,0
docs.snowflake.com,1,100,0
