name,unique_entrances,total_entrances,visit_duration
/3.12/,309,329,128
/3.12/tutorial/index.html,205,228,195
/3/,151,151,613
/3.12/using/windows.html,132,139,60
/3.12/whatsnew/3.12.html,80,82,88
/3.12/library/functions.html,68,73,69
/3.12/index.html,63,74,59
/3.12/library/,50,50,182
/3.12/library/stdtypes.html,50,55,41
/3.12/tutorial/,50,53,186
/3.12/search.html,40,45,368
/3.12/library/typing.html,32,33,343
/3.12/library/index.html,31,31,152
/3.12/library/tkinter.html,31,33,112
/3.12/library/datetime.html,26,26,71
/zh-cn/3.12/,26,29,67
/ja/3.12/library/codecs.html,23,23,58
/3.12/reference/index.html,22,25,271
/3.12/py-modindex.html,21,21,50
/3.12/download.html,20,20,118
/3.12/using/index.html,20,20,94
/zh-cn/3.12/using/mac.html,20,21,61
/3.12/installing/index.html,18,18,169
/3.12/library/2to3.html,17,17,66
/3.12/library/exceptions.html,17,17,247
/3.12/library/os.html,17,17,527
/3.12/license.html,17,17,101
/3.12/library/turtle.html,16,16,338
/zh-cn/3.12/tutorial/index.html,16,18,331
/3.12/about.html,15,15,338
/3.12/c-api/index.html,15,15,178
/3.12/glossary.html,15,15,17
/3.12/howto/index.html,15,16,103
/3.12/whatsnew/index.html,15,15,142
/3.12/bugs.html,14,14,211
/3.12/distributing/index.html,14,14,197
/3.12/extending/index.html,14,14,208
/3.12/genindex.html,14,15,78
/3.12/library/random.html,14,14,279
/3.12/tutorial/appetite.html,14,16,37
/3.12/tutorial/interpreter.html,14,14,87
/3.12/deprecations/index.html,13,13,15
/3.12/faq/index.html,13,13,103
/3.12/library/os.path.html,13,14,213
/3.12/tutorial/controlflow.html,13,23,454
/zh-cn/3.12/library/functions.html,13,15,283
/3.12/copyright.html,12,12,186
/zh-cn/3/,12,12,490
/3/tutorial/index.html,11,11,1592
/3.12/library/re.html,10,10,1
/3.13/using/windows.html,10,10,582
/zh-cn/3.12/library/multiprocessing.html,10,10,119
/3/download.html,9,9,773
/es/3.12/tutorial/index.html,9,10,179
/ko/3.12/library/codecs.html,9,10,0
/zh-cn/3.12/library/turtle.html,9,11,28
/3.12/howto/perf_profiling.html,8,8,0
/3/library/telnetlib.html,8,9,873
/3/library/tkinter.html,8,8,406
/3/tutorial/,8,8,694
/zh-cn/3.12/library/index.html,8,9,4
/3.12/contents.html,7,7,42
/3.12/library/sys.html,7,7,17
/3.12/library/time.html,7,8,198
/3.12/tutorial/datastructures.html,7,7,7
/3.13/,7,7,551
/3/library/index.html,7,7,1159
/3/library/typing.html,7,7,1004
/3/py-modindex.html,7,7,216
/zh-cn/3.12/library/typing.html,7,7,0
/zh-cn/3.12/reference/datamodel.html,7,7,56
/zh-cn/3.12/using/,7,7,31
/3.12/library/asyncio-task.html,6,6,216
/3.12/library/dataclasses.html,6,6,293
/3.12/library/logging.html,6,6,36
/3.12/library/math.html,6,6,2
/3.12/library/string.html,6,6,33
/3.12/reference/datamodel.html,6,6,7
/3.12/tutorial/introduction.html,6,7,0
/3/library/functions.html,6,6,1208
/3/reference/index.html,6,6,498
/3/tutorial/controlflow.html,6,6,826
/zh-cn/3.12/search.html,6,6,413
/3.12/library/pathlib.html,5,7,823
/3.12/library/telnetlib.html,5,5,450
/3.12/library/threading.html,5,5,0
/3.12/using/mac.html,5,6,0
/3.14/,5,5,794
/3/bugs.html,5,5,367
/3/library/cgi.html,5,5,195
/3/library/collections.html,5,5,843
/3/library/itertools.html,5,5,1119
/3/library/threading.html,5,5,699
/3/library/turtle.html,5,5,1090
/3/library/venv.html,5,5,698
/3/using/index.html,5,5,1074
/3/whatsnew/3.13.html,5,5,356
/ja/3/library/codecs.html,5,5,333
/ko/3.12/c-api/typeobj.html,5,6,2
/uk/3.12/library/turtle.html,5,5,7
/zh-cn/3.12/download.html,5,5,6
/zh-cn/3.12/library/heapq.html,5,5,100
/zh-cn/3.12/library/idle.html,5,5,0
/zh-cn/3.12/library/logging.html,5,5,325
/zh-cn/3.12/library/threading.html,5,5,0
/zh-cn/3.12/library/tkinter.ttk.html,5,7,7
/zh-cn/3.12/library/unittest.html,5,5,0
/zh-cn/3.12/tutorial/introduction.html,5,5,0
/zh-cn/3.13/tutorial/index.html,5,5,509
/3.12/library/asyncio.html,4,4,411
/3.12/library/calendar.html,4,4,3
/3.12/library/constants.html,4,4,0
/3.12/library/csv.html,4,4,24
/3.12/library/json.html,4,4,972
/3.12/library/ssl.html,4,4,274
/3.12/library/tkinter.ttk.html,4,4,84
/3.12/reference/compound_stmts.html,4,4,8
/3.12/tutorial/classes.html,4,4,262
/3.12/tutorial/errors.html,4,4,63
/3.13/index.html,4,4,1422
/3/installing/index.html,4,4,206
/3/library/ast.html,4,4,1639
/3/library/csv.html,4,4,946
/3/library/idle.html,4,4,792
/3/library/os.html,4,4,952
/3/library/re.html,4,4,1090
/3/library/string.html,4,4,428
/3/license.html,4,4,745
/3/whatsnew/index.html,4,4,330
/es/3.12/tutorial/interpreter.html,4,5,0
/ja/3/,4,4,510
/ja/3/c-api/import.html,4,4,579
/uk/3.12/tutorial/datastructures.html,4,4,477
/zh-cn/3.12/contents.html,4,4,15
/zh-cn/3.12/index.html,4,6,372
/zh-cn/3.12/library/ast.html,4,4,0
/zh-cn/3.12/library/asyncio-runner.html,4,4,0
/zh-cn/3.12/library/collections.html,4,4,0
/zh-cn/3.12/library/copy.html,4,5,0
/zh-cn/3.12/library/enum.html,4,4,0
/zh-cn/3.12/library/pprint.html,4,4,0
/zh-cn/3.12/library/tkinter.html,4,4,38
/zh-cn/3.12/tutorial/controlflow.html,4,4,0
/zh-cn/3.12/tutorial/datastructures.html,4,4,788
/zh-cn/3.12/tutorial/stdlib.html,4,5,386
/zh-cn/3.12/whatsnew/3.12.html,4,4,62
/zh-cn/3/tutorial/index.html,4,4,543
/3.12/c-api/apiabiversion.html,3,3,100
/3.12/c-api/stable.html,3,3,0
/3.12/library/audioop.html,3,3,3
/3.12/library/copy.html,3,3,1797
/3.12/library/functools.html,3,3,0
/3.12/library/idle.html,3,3,0
/3.12/library/itertools.html,3,3,283
/3.12/library/secrets.html,3,5,457
/3.12/library/sqlite3.html,3,3,22
/3.12/library/statistics.html,3,3,0
/3.12/library/subprocess.html,3,3,0
/3.12/library/venv.html,3,3,0
/3.12/tutorial/venv.html,3,4,0
/3.12/using/cmdline.html,3,3,0
/3.13/glossary.html,3,3,111
/3.13/whatsnew/3.13.html,3,3,868
/3.14/tutorial/index.html,3,3,2047
/3.14/whatsnew/index.html,3,3,639
/3/library/argparse.html,3,3,1237
/3/library/asyncio-task.html,3,3,11
/3/library/asyncio.html,3,3,2748
/3/library/datetime.html,3,3,733
/3/library/pipes.html,3,3,11
/3/library/subprocess.html,3,3,822
/3/tutorial/datastructures.html,3,3,707
/3/tutorial/introduction.html,3,3,417
/es/3.12/tutorial/introduction.html,3,3,0
/fr/3.12/library/stdtypes.html,3,3,0
/it/3.12/tutorial/introduction.html,3,3,24
/ja/3.12/library/functions.html,3,3,185
/zh-cn/3.12/library/datetime.html,3,3,0
/zh-cn/3.12/library/pathlib.html,3,3,0
/zh-cn/3.12/library/re.html,3,3,0
/zh-cn/3.12/tutorial/interpreter.html,3,3,0
/zh-cn/3.12/using/configure.html,3,3,77
/zh-tw/3.12/library/venv.html,3,3,25
/3.12/c-api/reflection.html,2,2,130
/3.12/extending/embedding.html,2,2,2
/3.12/faq/general.html,2,2,0
/3.12/faq/library.html,2,2,0
/3.12/faq/programming.html,2,2,40
/3.12/faq/windows.html,2,2,0
/3.12/howto/mro.html,2,2,0
/3.12/library/bisect.html,2,2,0
/3.12/library/codecs.html,2,2,0
/3.12/library/collections.html,2,2,0
/3.12/library/decimal.html,2,2,0
/3.12/library/dis.html,2,2,1544
/3.12/library/distutils.html,2,2,0
/3.12/library/operator.html,2,2,18
/3.12/library/pickle.html,2,2,479
/3.12/library/tempfile.html,2,2,0
/3.12/library/unittest.html,2,2,0
/3.12/library/urllib.parse.html,2,2,0
/3.12/library/uuid.html,2,2,0
/3.12/reference/introduction.html,2,2,0
/3.12/tutorial/appendix.html,2,2,0
/3.12/tutorial/floatingpoint.html,2,2,0
/3.12/using/editors.html,2,2,0
/3.12/whatsnew/3.11.html,2,2,0
/3.13/about.html,2,2,218
/3.13/download.html,2,2,666
/3.13/genindex.html,2,2,62
/3.13/library/index.html,2,2,60
/3.13/tutorial/index.html,2,2,258
/3.14/bugs.html,2,2,1486
/3.14/c-api/index.html,2,2,936
/3.14/py-modindex.html,2,2,914
/3/about.html,2,2,578
/3/c-api/index.html,2,2,798
/3/c-api/monitoring.html,2,2,755
/3/contents.html,2,2,3396
/3/copyright.html,2,2,80
/3/glossary.html,2,2,4
/3/howto/index.html,2,2,288
/3/index.html,2,2,14
/3/library/audioop.html,2,2,41
/3/library/dis.html,2,2,895
/3/library/enum.html,2,2,11
/3/library/exceptions.html,2,2,8
/3/library/fractions.html,2,2,832
/3/library/graphlib.html,2,2,909
/3/library/imghdr.html,2,2,28
/3/library/importlib.html,2,2,536
/3/library/logging.html,2,2,2505
/3/library/multiprocessing.html,2,2,1970
/3/library/operator.html,2,2,344
/3/library/platform.html,2,2,316
/3/library/sys.html,2,2,2166
/3/library/tk.html,2,2,70
/3/library/unittest.html,2,2,1262
/3/library/urllib.html,2,2,394
/3/library/urllib.parse.html,2,2,274
/3/reference/datamodel.html,2,2,642
/3/search.html,2,2,196
/3/tutorial/errors.html,2,2,24
/3/tutorial/modules.html,2,2,2570
/3/using/mac.html,2,2,188
/3/whatsnew/3.12.html,2,2,53
/es/3.12/tutorial/venv.html,2,2,0
/es/3/tutorial/,2,2,246
/fr/3.12/tutorial/classes.html,2,2,0
/fr/3.12/tutorial/index.html,2,2,1340
/fr/3.12/tutorial/introduction.html,2,2,0
/fr/3/tutorial/,2,2,314
/it/3.12/library/functions.html,2,2,0
/ja/3.12/,2,3,1052
/ko/3.12/library/intro.html,2,2,0
/pt-br/3.12/c-api/init.html,2,2,14
/pt-br/3.12/tutorial/inputoutput.html,2,3,65
/zh-cn/3.12//library/warnings.html,2,2,0
/zh-cn/3.12/c-api/none.html,2,2,0
/zh-cn/3.12/glossary.html,2,2,0
/zh-cn/3.12/howto/argparse.html,2,2,0
/zh-cn/3.12/howto/regex.html,2,2,0
/zh-cn/3.12/library/concurrent.futures.html,2,2,0
/zh-cn/3.12/library/dataclasses.html,2,2,0
/zh-cn/3.12/library/imghdr.html,2,2,6
/zh-cn/3.12/library/intro.html,2,2,2
/zh-cn/3.12/library/ipaddress.html,2,2,0
/zh-cn/3.12/library/profile.html,2,2,0
/zh-cn/3.12/library/random.html,2,2,0
/zh-cn/3.12/library/stdtypes.html,2,3,0
/zh-cn/3.12/library/string.html,2,2,0
/zh-cn/3.12/library/venv.html,2,2,0
/zh-cn/3.12/library/weakref.html,2,2,0
/zh-cn/3.12/reference/expressions.html,2,3,1263
/zh-cn/3.12/reference/index.html,2,3,83
/zh-cn/3.12/tutorial/classes.html,2,2,389
/zh-cn/3.12/using/cmdline.html,2,2,0
/zh-cn/3.12/using/index.html,2,2,117
/zh-cn/3.12/whatsnew/,2,2,0
/zh-cn/3.13/library/enum.html,2,2,2
/zh-cn/3.13/library/turtle.html,2,2,1602
/zh-cn/3.13/search.html,2,3,166
/zh-cn/3/library/tkinter.html,2,2,18
/zh-cn/3/using/index.html,2,2,137
/zh-tw/3.12/index.html,2,2,0
/zh-tw/3.12/library/ast.html,2,2,0
/zh-tw/3.12/using/mac.html,2,2,0
/3.12/c-api/buffer.html,1,1,0
/3.12/c-api/codec.html,1,1,0
/3.12/c-api/conversion.html,1,1,0
/3.12/c-api/dict.html,1,1,0
/3.12/c-api/exceptions.html,1,1,0
/3.12/c-api/init.html,1,1,2175
/3.12/c-api/object.html,1,1,0
/3.12/c-api/refcounting.html,1,1,0
/3.12/c-api/utilities.html,1,1,0
/3.12/faq/design.html,1,1,0
/3.12/faq/extending.html,1,1,0
/3.12/genindex-A.html,1,1,0
/3.12/genindex-B.html,1,1,1546
