name,version,visitors
Windows,10,1758
GNU/Linux,(not set),543
Mac,10.15,308
Android,10,97
Ubuntu,(not set),57
iOS,18.3,31
Android,14,23
Android,13,18
Android,12,14
Android,15,12
Android,11,11
Chrome OS,14541.0,8
Windows,7,8
HarmonyOS,3.0,3
Android,8.1,3
Windows,8.1,3
Mac,10.14,2
iOS,15.6,2
iOS,15.7,2
iOS,17.4,2
iOS,17.5,2
iOS,18.1,2
HarmonyOS,2.2,2
Windows,8,2
Android,9,2
HarmonyOS,(not set),1
iOS,14.0,1
iOS,14.8,1
iOS,15.0,1
iOS,16.0,1
iOS,16.1,1
iOS,16.6,1
iOS,16.7,1
iOS,17.3,1
iOS,17.7,1
iPadOS,17.7,1
iOS,18.2,1
iOS,18.4,1
Windows,Server 2003,1
