name,visitors,bounce_rate,visit_duration
Direct / None,11404,65,240
python.org,758,71,367
google.com,701,58,462
baidu.com/link,254,68,164
bing.com,155,92,371
cn.bing.com,68,62,521
chatgpt.com,39,60,427
github.com/python/pymanager,30,76,25
duckduckgo.com,28,100,455
baidu.com,26,83,252
m.baidu.com,23,69,51
search.brave.com,19,0,525
wiki.python.org,19,0,609
google.com.hk,16,0,528
doubao.com,11,0,706
gemini.google.com,9,0,497
moodle.hku.hk,8,0,601
peps.python.org,8,71,112
classroom.google.com,7,100,1275
intranet.hbtn.io,7,0,1120
link.zhihu.com,7,100,288
qiita.com,7,67,163
savannah.dev,7,100,12
github.com,6,50,645
qwant.com,6,0,487
translations.python.org,6,0,167
yandex.ru,6,0,1092
liaoxuefeng.com,5,0,562
statics.teams.cdn.office.net,5,100,153
udemy.com,5,0,110
android-app://com.google.android.googlequicksearchbox,4,67,136
chamilo.grenoble-inp.fr,4,75,67
l.workplace.com,4,50,15
netacad.com,4,0,576
padlet.com,4,100,0
psycopg.org,4,100,0
typing-extensions.readthedocs.io/en/latest,4,50,26
automatetheboringstuff.com,3,0,53
docs.astral.sh,3,67,2
ecosia.org,3,0,1300
edu.py2fun.com,3,0,3
facebook.github.io,3,67,20
github.com/python/cpython,3,0,903
python.it,3,0,431
roadmap.sh,3,0,85
10.50.148.38,2,0,818
aiplayground.antgroup-inc.cn,2,0,429
buelearning.hkbu.edu.hk,2,0,26
byui-cse.github.io,2,0,15
cdn.evg.gov.br,2,0,418
coccoc.com/search,2,50,12
codecademy.cn,2,0,226
cs50.harvard.edu,2,0,485
decorator-factory.github.io,2,100,0
devdocs.io,2,0,80
docs.scrapy.org,2,0,9
dreamhack.io,2,0,4
elearn.epam.com,2,0,1600
espbs.sharepoint.com,2,100,0
go.bsky.app,2,100,0
idf-75-sud.elea.apps.education.fr,2,100,0
ntp.msn.com,2,100,0
perplexity.ai,2,0,870
pyo3.rs,2,100,0
python-basics-tutorial.readthedocs.io/de/latest/libs/batteries.html,2,100,0
python.github.net.cn,2,0,1378
python.org/downloads,2,0,4
raterproject.com,2,0,26
realpython.com,2,50,2
sitescours.monportail.ulaval.ca,2,0,1782
so.com/link,2,0,5
space.coze.cn,2,0,4
sphinx-doc.org/en/master,2,0,69
translate.google.com,2,0,3
youtube.com,2,0,1438
10.92.67.222,1,0,7
3ms.huawei.com,1,100,0
aisearch.qq.com,1,0,100
alanhou.org,1,0,8
alembic.sqlalchemy.org,1,0,2394
app.daily.dev,1,0,1004
app.dataquest.io,1,0,0
astral.sh/blog/python-3.14,1,100,0
baike.baidu.com/reference/407313/533aYdO6cr3_z3kATKXfzPijYC-VNd__ueHQVuBzzqIPmGapB4rqWZt88M4r9vhpWgTZt9d4aJsWmKf5FQ,1,0,231
bitcamp.ge,1,0,572
boostcourse.org/cs122/lecture/315107,1,0,223
boot.dev,1,0,374
br.search.yahoo.com,1,0,17
campus.proven.cat,1,0,2568
canon.aidemy.jp,1,0,3
canvas.ltu.se/courses/24416,1,0,164
changelog.alwaysdata.com,1,100,0
chat.ai-service.global.fujitsu.com,1,0,0
chat.baidu.com,1,100,0
chat.z.ai,1,0,1033
claude.ai,1,0,44
code.visualstudio.com,1,0,362
codecademy.com,1,0,29
community.ibm.com,1,100,0
compenv.phys.ethz.ch,1,0,0
confluence.ecmwf.int,1,0,4
coze.cn,1,0,57
cucvirtual.ac.cr,1,0,516
cursos.alura.com.br,1,0,250
developers.google.com,1,0,186
devguide.python.org/documentation/help-documenting,1,0,8
discuss.python.org,1,100,0
docs.pytorch.org,1,0,275
docs.rs,1,0,27
docs.scrapy.org/en/latest/intro/install.html,1,0,673
dormousehole.readthedocs.io/en/latest/quickstart.html,1,0,260
ecampus.paris-saclay.fr,1,0,20
educacionadistancia.juntadeandalucia.es,1,0,6
educacioncontinua.geofisica.unam.mx,1,0,107
educapermanente.itla.edu.do,1,0,22
elearning.wmich.edu,1,0,9
ellibrodepython.com,1,0,0
en.wikipedia.org,1,0,4253
excel-ubara.com,1,0,4352
fastapi.tiangolo.com,1,0,10
files-api3.juz40-edu.kz,1,100,0
flask.palletsprojects.com/zh-cn/stable/tutorial,1,0,536
github.com/Asabeneh/30-Days-Of-Python/blob/master/02_Day_Variables_builtin_functions/02_variables_builtin_functions.md,1,0,41
github.com/NixOS/nixpkgs/issues/475732,1,100,0
github.com/RobEin/ANTLR4-parser-for-Python-3.14,1,100,0
github.com/alejandroautalan/pygubu-designer,1,0,10
github.com/amnweb/yasb/wiki/(Widget)-Clock,1,0,81
github.com/facebookincubator/cinder,1,100,0
github.com/python/cpython/issues/98383,1,100,0
github.com/vinta/awesome-python,1,0,63
google.co.jp,1,0,306
google.co.uk,1,0,273
google.fr,1,0,13
guru99.com,1,0,627
habr.com/ru/companies/wunderfund/articles/702484,1,0,5212
hitachigroup.sharepoint.com,1,0,1820
idealab.alibaba-inc.com/ideaTalk,1,0,29
images.nvidia.cn,1,0,2935
inginious.info.ucl.ac.be,1,0,1345
jira.tmc-stargate.com,1,100,0
kagi.com,1,0,117
keep.google.com,1,100,0
keepcoding.io,1,0,4
learn.adafruit.com,1,0,0
leetcode.com,1,0,191
link.csdn.net,1,0,114
linkedin.com,1,0,106
lm.workplace.com,1,100,0
lms.gvsu.edu,1,0,13
m.baidu.com/from=1001192y/bd_page_type=1/ssid=0/uid=0/pu=usm%401%2Csz%401320_1001%2Cta%40iphone_2_12.0_28_16.0/baiduid=2E514FE0A43703905D4E798A5382622C/w=0_10_/t=iphone/l=1/tc,1,0,1
m.baidu.com/from=1001703a/bd_page_type=1/ssid=0/uid=0/pu=sz%401320_1001%2Cta%40iphone_2_13.0_18_40.10%2Cusm%400/baiduid=E6CC4EA5D7CC99420761F098A8487C4D/w=0_10_/t=iphone/l=1/tc,1,100,0
m.baidu.com/from=1012295a/bd_page_type=1/ssid=0/uid=0/pu=sz%401320_1001%2Cta%40iphone_2_13.0_19_27.7%2Cusm%400/baiduid=3FB64E07BC02B2AAD8408469EFEF9445/w=0_20_/t=iphone/l=1/tc,1,100,0
m.baidu.com/from=1013672g/bd_page_type=1/ssid=0/uid=0/pu=usm%400%2Csz%401320_1004%2Cta%40iphone_2_16.0_11_20.10/baiduid=ACCD7C4C1F5EFBDD3BE7D377CE974DED/w=0_10_/t=iphone/l=1/tc,1,100,0
m.baidu.com/from=1013966u/bd_page_type=1/ssid=0/uid=0/pu=usm%400%2Csz%401320_1001%2Cta%40iphone_2_14.0_19_27.7/baiduid=D8D4432A44A5981C3091778433B7772F/w=0_10_/t=iphone/l=1/tc,1,100,0
m.baidu.com/from=1013966u/bd_page_type=1/ssid=0/uid=0/pu=usm%402%2Csz%401320_1001%2Cta%40iphone_2_15.0_19_27.7/baiduid=C541A542790E12A32D8B617819832E19/w=0_10_/t=iphone/l=1/tc,1,100,0
m.baidu.com/from=1015819s/bd_page_type=1/ssid=0/uid=0/pu=usm%400%2Csz%401320_1001%2Cta%40iphone_2_11.0_18_40.10/baiduid=F90EC68E6E924537EDD568FFEC7597A2/w=0_20_/t=iphone/l=1/tc,1,0,75
m.baidu.com/from=1020786r/bd_page_type=1/ssid=0/uid=0/pu=sz%401320_1001%2Cta%40iphone_2_12.0_19_27.7%2Cusm%400/baiduid=36117598197637C2F041E4B373DC8409/w=0_10_/t=iphone/l=1/tc,1,100,0
m.baidu.com/from=1022282z/bd_page_type=1/ssid=0/uid=0/pu=usm%401%2Csz%401320_1001%2Cta%40iphone_2_15.0_24_133.0/baiduid=065E08372622DF8033A544F1BEFF82DF/w=0_10_/t=iphone/l=1/tc,1,0,231
m.baidu.com/from=1027624n/bd_page_type=1/ssid=0/uid=0/pu=usm%400%2Csz%401320_1004%2Cta%40iphone_2_16.0_11_20.11/baiduid=CC7A24BDED530B941FDB7DECC15246DA/w=0_10_/t=iphone/l=1/tc,1,100,0
m.baidu.com/from=1034829z/bd_page_type=1/ssid=0/uid=0/pu=usm%400%2Csz%401320_1001%2Cta%40iphone_2_16.0_24_144.0/baiduid=FCA0929BFFB9A26B03D3CB8274270FD2/w=0_10_/t=iphone/l=1/tc,1,100,0
m.baidu.com/from=1057810a/bd_page_type=1/ssid=0/uid=0/pu=sz%401320_220%2Cta%40iphone___24_116.0%2Cusm%400/baiduid=FA6ACA328ACA61BA9FDFE6AFE7F26AA6/w=0_10_/t=iphone/l=1/tc,1,100,0
m.baidu.com/from=2001p/bd_page_type=1/ssid=0/uid=0/pu=usm%400%2Csz%401320_1004%2Cta%40iphone_2_16.0_35_10.3/baiduid=F00AB079A964E46F16A7A4C3C570B32A/w=0_10_/t=iphone/l=1/tc,1,100,0
m.cafe.naver.com/ca-fe/web/cafes/appsw1/articles/339,1,0,142
mechanical.docs.pyansys.com,1,0,9
memo.naver.com,1,0,409
metanit.com,1,0,342
moodle.univ-lille.fr,1,0,8
moodle3.cs.pollub.pl,1,0,33
mueaiml.hhq.suzuki.co.jp,1,0,14
netology.ru,1,0,5
networkx.org,1,0,0
notebooklm.google.com,1,0,4
nvlabs.github.io,1,0,24
on.fiap.com.br,1,0,0
onebox.huawei.com,1,100,0
openclassrooms.com,1,0,592
pip.pypa.io/en/stable/installation,1,0,2051
platform.productstar.ru,1,0,16
practicum.yandex.ru,1,0,714
pylint.readthedocs.io/en/latest/user_guide/messages/warning/subprocess-run-check.html,1,0,2297
python-basics-tutorial.readthedocs.io/de/latest/types/index.html,1,0,101
python-engineer.com,1,0,237
python-zstandard.readthedocs.io/en/latest/projectinfo.html,1,100,0
python.guillod.org,1,0,8
python.org/about/gettingstarted,1,0,0
python.org/community,1,0,493
python.org/psf-landing,1,0,27
python.p2hp.com,1,0,628
python.uihtm.com,1,0,46
pythonfluente.com,1,0,1128
pythonmorsels.com,1,100,0
pyzstd.readthedocs.io/en/stable,1,0,143
qianwen.com,1,0,241
qianwen.com/chat/0b815692c5dd46f899787ccdb27f15ab,1,0,260
qianwen.com/chat/1470423163984eb7829bd59a394f0be1,1,0,0
qianwen.com/chat/4b87565f04024bbdbfe4bbc6206457d6,1,0,829
qianwen.com/chat/bf6fdfde7aa243a4b41aa0e1e6b3107f,1,0,46
qianwen.com/quarkchat/62zrf8805h07p7cadu6gnaqy50zdn5ho,1,0,368
quark.cn/s/2IT22YlAh1YolKV2TV,1,0,249
r.search.yahoo.com/_ylt=AwrkMwfF7HBp_6c7_xRHDwx.;_ylu=Y29sbwMEcG9zAzEEdnRpZAMEc2VjA3Ny/RV=2/RE=1769037126/RO=10/RU=https%3a%2f%2fdocs.python.org%2f3%2flibrary%2fsqlite3.html/RK=2/RS=qk9pkLdBw6_4ZA36JGSOQu8ci.8-,1,0,152
reddit.com,1,0,1
ressources.studi.fr,1,0,9
s3.eu-west-1.amazonaws.com,1,0,21
safe.menlosecurity.com,1,0,1814
salib.readthedocs.io/en/latest/api/SALib.analyze.html,1,100,0
search.yahoo.co.jp,1,0,132
search.yahoo.com,1,0,468
skillbox.ru,1,0,1317
skillsmp.com,1,0,14
skyscanner.atlassian.net,1,100,0
sphinx-doc.org,1,0,34
sphinx-doc.org/en/master/index.html,1,0,75
steam.oxxostudio.tw,1,0,4
stephendavies.org,1,0,34
study.sberuniversity.online,1,0,18
tomwooly.github.io,1,0,13
typing-extensions.readthedocs.io,1,0,43
w3tutorials.net,1,0,423
wiki.python.org/moin/BeginnersGuide,1,0,220
xclacksoverhead.org,1,0,84
yandex.by,1,0,13
zhihu.com,1,0,0
