name,visitors,pageviews,bounce_rate,time_on_page,scroll_depth
/en/latest/tutorials/installing-packages/,6151,6746,81,55,41
/en/latest/guides/writing-pyproject-toml/,1613,1749,81,62,51
/en/latest/tutorials/packaging-projects/,1451,1514,80,67,51
/en/latest/guides/tool-recommendations/,1198,1292,76,22,60
/en/latest/guides/installing-using-pip-and-virtual-environments/,1197,1276,92,55,48
/en/latest/,610,659,65,28,82
/en/latest/glossary/,540,537,53,42,62
/en/latest/key_projects/,521,482,44,27,42
/en/latest/specifications/binary-distribution-format/,384,373,86,32,37
/en/latest/overview/,326,304,68,74,51
/en/latest/guides/distributing-packages-using-setuptools/,302,280,63,56,57
/en/latest/guides/section-install/,221,209,49,7,97
/en/latest/specifications/dependency-specifiers/,199,204,85,28,38
/en/latest/discussions/src-layout-vs-flat-layout/,197,206,85,53,80
/en/latest/tutorials/,197,184,42,6,97
/en/latest/guides/installing-using-linux-tools/,176,166,77,29,71
/en/latest/guides/,172,169,29,21,90
/en/latest/tutorials/managing-dependencies/,161,151,73,33,74
/en/latest/flow/,160,151,47,305,68
/en/latest/specifications/version-specifiers/,160,157,88,57,40
/en/latest/specifications/pyproject-toml/,136,138,62,184,48
/en/latest/guides/section-build-and-publish/,120,130,56,11,97
/en/latest/guides/creating-command-line-tools/,107,101,87,59,73
/en/latest/specifications/core-metadata/,107,116,70,34,45
/en/latest/guides/packaging-namespace-packages/,98,106,85,669,58
/en/latest/search/,96,115,40,15,70
/en/latest/discussions/versioning/,92,89,74,245,57
/en/latest/guides/hosting-your-own-index/,88,85,73,28,86
/en/latest/specifications/entry-points/,86,97,81,93,73
/en/latest/guides/installing-stand-alone-command-line-tools/,81,76,77,29,72
/en/latest/specifications/,81,85,66,9,85
/en/latest/discussions/setup-py-deprecated/,79,75,74,55,67
/en/latest/guides/installing-using-virtualenv/,73,72,59,9,97
/en/latest/discussions/package-formats/,65,62,81,242,68
/en/latest/specifications/dependency-groups/,62,66,87,57,64
/en/latest/specifications/inline-script-metadata/,60,61,89,81,65
/en/latest/guides/creating-and-discovering-plugins/,58,56,82,72,84
/en/latest/guides/installing-scientific-packages/,58,50,77,25,84
/en/latest/guides/packaging-binary-extensions/,56,50,75,55,52
/en/latest/discussions/single-source-version/,51,45,52,382,88
/en/latest/guides/modernize-setup-py-project/,48,43,89,41,79
/en/latest/specifications/pypirc/,47,49,88,37,69
/en/latest/guides/using-testpypi/,45,43,50,30,82
/en/latest/discussions/install-requires-vs-requirements/,44,46,67,33,85
/en/latest/specifications/platform-compatibility-tags/,43,42,82,60,51
/en/latest/discussions/distribution-package-vs-import-package/,42,37,45,68,71
/en/latest/guides/publishing-package-distribution-releases-using-github-actions-ci-cd-workflows/,41,45,93,18,57
/en/latest/discussions/,40,33,29,10,95
/en/latest/guides/licensing-examples-and-user-scenarios/,40,40,83,61,64
/en/latest/specifications/name-normalization/,38,36,92,17,92
/en/latest/discussions/deploying-python-applications/,37,38,94,26,89
/en/latest/guides/analyzing-pypi-package-downloads/,36,32,71,25,57
/en/latest/guides/index-mirrors-and-caches/,35,33,70,41,86
/en/latest/discussions/pip-vs-easy-install/,34,33,86,16,97
/en/latest/specifications/externally-managed-environments/,34,31,92,131,56
/en/latest/specifications/pylock-toml/,34,37,75,44,46
/en/latest/specifications/simple-repository-api/,27,25,79,53,45
/en/latest/guides/dropping-older-python-versions/,25,22,75,17,77
/en/latest/guides/using-manifest-in/,25,22,47,12,100
/en/latest/guides/making-a-pypi-friendly-readme/,23,19,78,55,80
/en/latest/support/,20,15,33,8,99
/en/latest/guides/section-hosting/,19,16,0,11,97
/en/latest/specifications/license-expression/,19,18,86,17,94
/en/latest/specifications/recording-installed-packages/,19,20,89,124,42
/en/latest/specifications/well-known-project-urls/,19,13,33,48,83
/en/latest/contribute/,14,13,67,9,24
/en/latest/specifications/direct-url/,13,15,67,33,70
/en/latest/specifications/source-distribution-format/,13,13,75,74,86
/en/latest/guides/single-sourcing-package-version/,12,12,45,0,100
/en/latest/specifications/glob-patterns/,12,16,83,64,89
/en/latest/specifications/section-distribution-metadata/,11,11,0,4,98
/en/latest/specifications/virtual-environments/,11,15,89,146,91
/en/latest/specifications/section-installation-metadata/,10,9,67,7,97
/en/latest/specifications/direct-url-data-structure/,7,5,100,206,27
/en/latest/specifications/section-python-description-formats/,7,6,0,8,94
/en/latest/news/,6,5,100,9,44
/en/latest/specifications/section-package-indices/,6,7,50,10,99
/en/latest/specifications/section-distribution-formats/,5,7,0,5,97
/en/latest/specifications/schemas/,4,9,100,14,100
/en/latest/discussions/downstream-packaging/,3,2,100,3,23
/en/latest/guides/supporting-windows-using-appveyor/,2,2,0,76,64
/en/latest/specifications/build-details/,2,3,100,131,70
/en/latest/specifications/index-hosted-attestations/,2,3,100,5,28
/en/latest/guides/dropping-older-python-versions/index.html,1,1,0,0,31
/en/latest/specifications/build-details/v1.0/,1,1,100,,
/en/latest/specifications/declaring-project-metadata/,1,1,100,,
/en/latest/specifications/section-reproducible-environments/,1,2,0,37,100
/en/latest/tutorials/index.html,1,1,100,6,100
