name,visitors,bounce_rate,visit_duration
google.com,1269,77,163
Direct / None,367,75,231
google.com.tw,54,78,164
bing.com,28,66,180
baidu.com/link,14,62,242
chatgpt.com,14,54,256
python.org,12,0,220
steam.oxxostudio.tw,10,44,167
tw.search.yahoo.com,6,33,30
cn.bing.com,5,67,57
google.com.hk,5,67,158
ithelp.ithome.com.tw,3,100,619
baidu.com,2,50,240
tw.alphacamp.co,2,0,880
youtube.com,2,0,864
android-app://com.google.android.googlequicksearchbox,1,0,676
classroom.google.com,1,0,428
codecademy.cn,1,0,1023
duckduckgo.com,1,0,0
excel.officeapps.live.com,1,100,0
google.co.uk,1,100,0
google.com.sg,1,0,11
google.dk,1,0,961
jlin.blog,1,0,2235
leetcode.cn,1,0,190
m.baidu.com,1,0,407
medium.com/@zhyixi82105/python%E8%88%87vs-code%E7%92%B0%E5%A2%83%E5%BB%BA%E7%BD%AE-a5c6c3b9ead,1,100,0
moodle2425.vtc.edu.hk,1,100,0
pypi.org,1,0,922
realnewbie.com,1,100,0
roadmap.sh,1,0,13
sphinx-doc.org/en/master,1,0,14
statics.teams.cdn.office.net,1,0,1032
t.co,1,100,0
wongwonggoods.com,1,100,0
