name,visitors
Singapore,202
Paris,172
Bengaluru,171
Frankfurt am Main,165
London,164
New York City,160
Chennai,147
Mumbai,144
Amsterdam,140
Hyderabad,129
Tokyo,129
Chicago,119
Sydney,118
Moscow,104
Warsaw,104
Los Angeles,103
Munich,100
San Jose,100
Toronto,95
Berlin,90
Stockholm,88
Hong Kong,87
São Paulo,87
Montréal,86
New Delhi,80
Vienna,79
Madrid,75
Ashburn,74
Beijing,70
Shanghai,68
Pune,66
Manchester,66
Zürich,66
Atlanta,61
Melbourne,60
Milan,59
Bangkok,57
Seattle,55
Istanbul,54
Dublin,54
Guangzhou,52
Reston,51
Denver,49
Taipei,48
Helsinki,45
Prague,44
Jakarta,43
Brisbane,43
Tel Aviv,42
Austin,42
Delhi,41
Lisbon,41
Copenhagen,40
Düsseldorf,40
Oslo,39
Coimbatore,38
Rio de Janeiro,38
San Francisco,38
Lagos,36
Budapest,36
Riyadh,34
Kolkata,34
Seoul,34
Nairobi,32
Bucharest,32
Bogotá,32
Dallas,32
Johannesburg,31
Ho Chi Minh City,31
Santiago,31
Boston,31
Minneapolis,31
Kingston,31
Vancouver,31
Cairo,30
Stuttgart,30
Houston,30
Phoenix,30
Osaka,29
Hamburg,29
Philadelphia,29
Dubai,28
Ahmedabad,27
Kuala Lumpur,27
Brussels,27
Köln,27
Hangzhou,26
Marseille,26
Miami,26
Saint Petersburg,25
Rome,25
Cape Town,25
Noida,25
Kyiv,24
Auckland,24
Washington,24
Cambridge,23
Hanoi,22
Göteborg,22
Barcelona,22
N/A,22
Ankara,21
Xi’an,21
Gainesville,21
Boardman,21
San Diego,20
Shenzhen,19
Naaldwijk,19
Lyon,19
Mexico City,19
Brooklyn,19
Tehran,18
Espoo,18
Karachi,18
Croydon,18
Cambridge,18
Bristol,18
Kraków,18
N/A,18
Cincinnati,18
Mississauga,18
Jaipur,17
Tashkent,17
N/A,17
Nürnberg,17
Curitiba,17
Brasília,17
Ann Arbor,17
Milwaukee,17
Portland,17
Calgary,17
Addis Ababa,16
Bhopāl,16
Wuhan,16
Eindhoven,16
Belo Horizonte,16
Medellín,16
Lima,16
Hamilton,16
Minsk,15
Sofia,15
Lahore,15
Dhaka,15
Depok,15
Adelaide,15
Abidjan,15
Glasgow,15
Brno,15
Wrocław,15
Quito,15
St. Louis,15
Columbus,15
Queens,15
Salt Lake City,15
Dammam,14
Athens,14
Patna,14
Taichung,14
Chengdu,14
Odense,14
Poznań,14
Jersey City,14
Berkeley,14
Sunnyvale,14
Ottawa,14
N/A,14
Sanaa,13
Kazan,13
Gurgaon,13
Nanjing,13
Suwon,13
Islington,13
Uppsala,13
Gdańsk,13
Xalapa de Enríquez,13
Azcapotzalco,13
Baltimore,13
College Station,13
San Antonio,13
Pittsburgh,13
Samara,12
Vilnius,12
Belgrade,12
Islamabad,12
Surat,12
Hsinchu,12
Perth,12
Valencia,12
City of Westminster,12
Edinburgh,12
Genève,12
Porto,12
Rotterdam,12
Trondheim,12
San José,12
Fremont,12
Edmonton,12
Tallinn,11
Guwahati,11
Manila,11
Accra,11
Casablanca,11
Nottingham,11
Utrecht,11
Mannheim,11
Dresden,11
Bochum,11
Angers,11
Łódź,11
Ljubljana,11
Camden Town,11
Tampa,11
Charlotte,11
Doha,10
Abu Dhabi,10
Riga,10
Tbilisi,10
Tampere,10
Pretoria,10
Colombo,10
Cochin,10
Almaty,10
Surabaya,10
Taoyuan,10
Zhengzhou,10
Changsha,10
Phnom Penh,10
Abuja,10
Århus,10
Sheffield,10
Fulham,10
Bern,10
Turin,10
Zagreb,10
Fortaleza,10
Porto Alegre,10
Niterói,10
Elkridge,10
Kansas City,10
Raleigh,10
Knoxville,10
Charlottesville,10
Washington,10
New Haven,10
Oakland,10
Albuquerque,10
Redmond,10
Visakhapatnam,9
Vijayawada,9
Bandung,9
Quezon City,9
Kunming,9
N/A,9
Lund,9
Haarlem,9
Heidelberg,9
Bremen,9
Versailles,9
Montpellier,9
N/A,9
Nuevo Laredo,9
Tegucigalpa,9
Monterrey,9
Richmond,9
Cleveland,9
Santa Clara,9
Monte Vista,9
Las Vegas,9
Hillsboro,9
Brampton,9
N/A,9
Muscat,8
Rostov-na-Donu,8
Nizhniy Novgorod,8
Krasnodar,8
Yerevan,8
Antananarivo,8
Salem,8
Raipur,8
Nagpur,8
Yekaterinburg,8
Novosibirsk,8
Anyang-si,8
Suzhou,8
Tunis,8
Swindon,8
Reading,8
Chiswick,8
Tilburg,8
Graz,8
Ulm,8
Bielefeld,8
Bratislava,8
Pardubice,8
Stavanger,8
Trento,8
Bologna,8
Havana,8
Benito Juarez,8
Silver Spring,8
