name,visitors
England,770
California,565
New York,288
Île-de-France,277
Texas,259
Virginia,253
Ontario,242
Maharashtra,234
Tamil Nadu,234
Hesse,225
Bavaria,198
Karnataka,190
North Rhine-Westphalia,187
North Holland,179
Tokyo,175
Illinois,171
São Paulo,153
Florida,135
Massachusetts,134
Quebec,132
Telangāna,132
Mazovia,130
New South Wales,124
Baden-Württemberg,122
Delhi,122
Colorado,117
Washington,115
Stockholm,109
Moscow,106
Georgia,105
Seoul,100
Madrid Autonomous Community,93
Lombardy,93
Berlin,90
Zürich,86
Guangdong,83
New Jersey,81
Vienna,79
Pennsylvania,78
Uusimaa,72
Maryland,71
Beijing,70
South Holland,70
North Carolina,70
Shanghai,68
Ohio,68
Victoria,65
Ciudad de Mexico,65
Oregon,65
Bangkok,61
Capital Region,58
Rio de Janeiro,57
Leinster,57
Gyeonggi,57
Arizona,57
British Columbia,55
Uttar Pradesh,55
Istanbul,55
Auvergne-Rhône-Alpes,53
Michigan,53
Tel Aviv,52
Taipei,52
Gujarat,51
Minnesota,51
Gauteng,49
Jakarta,47
Missouri,47
Queensland,45
Lower Saxony,45
Catalonia,45
West Bengal,45
Santiago Metropolitan,44
Prague,44
Lisbon,44
Provence-Alpes-Côte-d'Azur,43
Zhejiang,42
Minas Gerais,41
Buenos Aires Province,40
Punjab,40
Scotland,39
North Brabant,39
Oslo,39
Flanders,37
Alberta,37
Osaka,37
Capital District,36
Budapest,36
West Java,36
Lagos,36
Wisconsin,36
Riyadh,35
Utah,35
Andhra Pradesh,33
Metro Manila,33
Saint Petersburg,33
Västra Götaland,33
Saxony,32
Cairo,32
Nairobi County,32
Bucharest,32
Connecticut,32
Iowa,32
Hamburg,31
Ho Chi Minh City,31
Jiangsu,30
Rhineland-Palatinate,30
Brussels,29
Rio Grande do Sul,29
Kerala,29
New Taipei,29
Tennessee,29
Dubai,28
Occitanie,28
Pays-de-la-Loire,28
South Carolina,28
Paraná,27
Rajasthan,27
Kuala Lumpur,27
Nouvelle-Aquitaine,26
Lazio,26
Utrecht,26
Ankara,26
Brittany,25
Grand-Est,25
Indiana,25
Western Cape,25
Shaanxi,24
Central Denmark,24
Haryana,24
Veracruz,24
Auckland,24
Kyiv,24
Washington DC,24
Hauts-de-France,23
Lesser Poland,23
Pomerania,23
Emilia-Romagna,22
Nuevo León,22
Hanoi,22
East Java,21
Madhya Pradesh,21
Greater Poland,21
Brandenburg,20
Southern Denmark,20
Sindh,20
Santa Catarina,19
Vaud,19
Valencian Community,19
Gelderland,19
Lower Silesia,19
Porto,19
Taoyuan,19
Ceará,18
Antioquia,18
Hormozgan,18
Tatarstan,18
Eastern,18
Nevada,18
Federal District,17
Hubei,17
Attica,17
Bihar,17
Skåne,17
Alabama,17
Tashkent,17
Dhaka Division,16
Shandong,16
South Moravia,16
Addis Ababa,16
Central,16
Punjab,16
Campania,16
Selangor,16
Lima,16
Silesia,16
New Hampshire,16
New Mexico,16
Oklahoma,16
South Australia,15
Sofia,15
Minsk,15
Abidjan,15
Sichuan,15
Pichincha,15
Kowloon City Kowloon,15
Western,15
Jalisco,15
Overijssel,15
Calabarzon,15
Moscow Province,15
Hunan,14
Piedmont,14
Mexico State,14
Trøndelag,14
Central Luzon,14
Łódź,14
Samara,14
Uppsala,14
Taichung,14
Kansas,14
Louisiana,14
Pernambuco,13
Bern,13
Geneva,13
Thuringia,13
Wales,13
Assam,13
Vilnius County,13
Idaho,13
Amanat Al Asimah,13
Styria,12
Western Australia,12
Aargau,12
Henan,12
San José,12
Central Bohemia,12
Pirkanmaa,12
Greater Accra,12
Central Java,12
Saitama,12
Islamabad,12
Beograd,12
Hsinchu County,12
Arkansas,12
Abu Dhabi,11
Havana,11
Bremen,11
Harjumaa,11
Shizuoka,11
Meknès-Tafilalet,11
Rogaland,11
Province 3,11
Rostov,11
Ljubljana,11
Kentucky,11
Upper Austria,10
Schleswig-Holstein,10
Saarland,10
Centre-Val de Loire,10
Tbilisi,10
Zagreb,10
Phnom Penh,10
Almaty City,10
Riga,10
Tamaulipas,10
Federal Capital Territory,10
Doha,10
Krasnodar Krai,10
Nizhny Novgorod,10
Bratislava,10
Wallonia,9
Anhui,9
Hebei,9
Yunnan,9
Pardubice,9
Andalusia,9
Galicia,9
Normandie,9
Francisco Morazán,9
Odisha,9
Trentino-South Tyrol,9
Veneto,9
Central Visayas,9
Novosibirsk,9
Stavropol Krai,9
Makkah,9
Tunis,9
Montana,9
Yerevan,8
Bahia,8
Pará,8
Bío Bío,8
Algiers,8
Castile and León,8
Canary Islands,8
Basque Country,8
Northern Ireland,8
Chhattīsgarh,8
Uttarākhand,8
Baghdad,8
Tuscany,8
Ibaraki,8
Baja California,8
Limburg,8
Canterbury,8
Muscat,8
Northern Mindanao,8
Bashkortostan,8
Sverdlovsk,8
Hawaii,8
Mississippi,8
Luanda,7
Buenos Aires,7
Goiás,7
Saskatchewan,7
Saxony-Anhalt,7
Chandigarh,7
Amman,7
Chiba,7
Aichi,7
