name,visitors,bounce_rate,visit_duration
chatgpt.com,181,70,101
copilot.com,37,65,111
ig_text_post_permalink,15,87,4
enki,7,86,5
perplexity,6,67,12
allthings.how,5,100,0
devopscube.com,5,100,0
assemblyai.com,3,100,0
rss,3,100,0
softhints.com,3,100,0
Exinfluencer,2,100,0
blog.teclado.com,2,100,0
devbytes,2,100,0
hackernoon.com,2,100,0
makingdatamistakes.com,2,100,0
mostlypython.com,2,100,0
paleblueapps.com,2,100,0
substack,2,100,0
7-0.cc,1,100,0
arnondora.in.th,1,100,0
articles.mergify.com,1,100,0
blog.darklang.com,1,100,0
blog.dosu.dev,1,100,0
blog.electroica.com,1,100,0
blog.europython.eu,1,100,0
blog.gocobi.com,1,100,0
blog.ippon.fr,1,100,0
blog.phylum.io,1,100,0
blog.rowanudell.com,1,100,0
blog.streamlit.io,1,100,0
blogonsecurity.com,1,100,0
bluebirz.net,1,100,0
chronicler.tech,1,100,0
codernav.com,1,0,10
colearninglounge.com,1,100,0
dataleadsfuture.com,1,100,0
datascience.fm,1,100,0
hackerculture.com,1,100,0
https://githubhelp.com,1,100,0
ianozsvald,1,100,0
invisiblefriends.net,1,100,0
jwon.me,1,100,0
labellerr.com,1,100,0
labs.watchtowr.com,1,100,0
madewithlove.com,1,100,0
madil.in,1,100,0
musings.yasyf.com,1,100,0
myfreax.com,1,100,0
packetcoders.io,1,100,0
post_page-,1,100,0
post_page-----3d988c0fe87d---------------------------------------,1,0,86
post_page-----94d68ef465e3----------------------,1,100,0
post_page-----fd23bcaefb83---------------------------------------,1,100,0
practical-engineer.ai,1,100,0
rileylearning.com,1,100,0
runthat.blog,1,100,0
suade.org,1,100,0
talkpythondeepdive,1,100,0
tech.ssut.me,1,100,0
testing,1,100,0
testingpai.com,1,100,0
thornewolf.com,1,100,0
tldrdevops,1,0,191
www.bidianer.com,1,100,0
yinguobing.com,1,100,0
zohaib.me,1,100,0
