name,unique_entrances,total_entrances,visit_duration
/3.12/,247,264,113
/3.12/tutorial/index.html,217,235,174
/3/,199,202,421
/3.12/using/windows.html,166,182,61
/3.12/whatsnew/3.12.html,115,116,70
/3.12/library/functions.html,92,101,114
/3.12/tutorial/,83,83,149
/es/3.12/tutorial/interpreter.html,62,70,107
/3.12/library/,60,61,128
/3.12/index.html,56,69,165
/3.12/library/stdtypes.html,51,52,313
/3.12/library/math.html,40,43,101
/3.12/library/typing.html,40,40,52
/3.12/library/2to3.html,37,37,9
/zh-cn/3.12/,25,29,94
/zh-cn/3.12/using/index.html,25,25,7
/3.12/library/tkinter.html,23,25,133
/3.12/tutorial/interpreter.html,23,27,252
/3.12/library/index.html,22,28,208
/3.12/library/datetime.html,21,21,134
/zh-cn/3/,21,23,527
/3.12/library/os.html,20,20,1
/fr/3.12/,20,20,125
/zh-cn/3.12/using/mac.html,20,20,104
/3.12/download.html,17,17,1
/3.12/search.html,17,18,499
/zh-cn/3.12/library/index.html,16,19,86
/3.12/tutorial/controlflow.html,15,22,103
/3.12/library/random.html,14,15,3
/zh-cn/3.12/tutorial/index.html,14,15,446
/ja/3.12/library/codecs.html,13,13,41
/zh-cn/3.12/library/multiprocessing.html,13,14,134
/3.12/library/turtle.html,12,12,205
/3.12/tutorial/classes.html,12,12,0
/3.12/tutorial/datastructures.html,12,14,597
/3/library/idle.html,12,13,308
/3.12/howto/perf_profiling.html,11,11,1
/3.12/library/exceptions.html,11,11,45
/3/library/audioop.html,11,11,90
/3/tutorial/index.html,10,10,776
/3.12/installing/index.html,9,10,199
/3.12/tutorial/introduction.html,9,10,0
/3.13/using/windows.html,9,9,414
/3.12/contents.html,8,10,27
/3.12/library/asyncio.html,8,10,5
/3.12/library/sqlite3.html,8,10,6
/3.12/tutorial/appetite.html,8,9,3
/3.13/,8,8,512
/3/library/index.html,8,8,459
/zh-cn/3.12/library/functions.html,8,9,21
/zh-cn/3.12/using/,8,8,85
/3.12/glossary.html,7,8,0
/3.12/library/argparse.html,7,7,558
/3.12/library/itertools.html,7,8,1
/3.12/library/logging.html,7,8,241
/3.12/library/threading.html,7,10,356
/3.12/reference/index.html,7,9,163
/3/download.html,7,7,314
/3/tutorial/,7,7,1116
/es/3.12/tutorial/index.html,7,8,51
/ko/3.12/library/stdtypes.html,7,7,0
/zh-cn/3.12/index.html,7,9,165
/zh-cn/3.12/library/venv.html,7,7,22
/3.12/library/asyncio-task.html,6,6,232
/3.12/library/os.path.html,6,6,19
/3.12/library/re.html,6,7,562
/3.12/library/sys.html,6,7,518
/3.12/whatsnew/index.html,6,6,0
/3.13/tutorial/index.html,6,6,659
/3/index.html,6,6,311
/3/library/asyncio-task.html,6,6,597
/3/library/datetime.html,6,6,444
/3/library/functions.html,6,6,317
/3/library/os.html,6,6,335
/3/tutorial/datastructures.html,6,6,109
/zh-cn/3.12/reference/import.html,6,6,18
/zh-cn/3.12/tutorial/classes.html,6,6,6
/zh-cn/3.12/tutorial/introduction.html,6,6,248
/zh-cn/3.12/whatsnew/3.12.html,6,6,96
/3.12/library/collections.html,5,5,206
/3.12/library/concurrent.futures.html,5,5,48
/3.12/library/idle.html,5,5,217
/3.12/license.html,5,5,491
/3.12/py-modindex.html,5,5,79
/3.12/reference/datamodel.html,5,5,0
/3.12/tutorial/venv.html,5,5,100
/3/library/ssl.html,5,5,1559
/3/library/string.html,5,5,87
/3/library/telnetlib.html,5,5,451
/3/library/typing.html,5,5,2090
/3/py-modindex.html,5,5,615
/it/3.12/library/functions.html,5,5,25
/zh-cn/3.12/library/asyncio-runner.html,5,5,7
/zh-cn/3.12/library/stdtypes.html,5,7,69
/zh-cn/3.12/library/turtle.html,5,5,0
/zh-cn/3.12/library/typing.html,5,5,308
/zh-cn/3.12/tutorial/controlflow.html,5,6,0
/3.12/library/hashlib.html,4,4,0
/3.12/library/multiprocessing.html,4,4,543
/3.12/library/shutil.html,4,7,238
/3.12/library/string.html,4,4,52
/3.12/library/subprocess.html,4,4,1
/3.12/library/time.html,4,4,125
/3.12/reference/compound_stmts.html,4,5,80
/3.13/index.html,4,4,132
/3.13/whatsnew/3.13.html,4,4,422
/3/library/argparse.html,4,4,839
/3/library/stdtypes.html,4,4,161
/3/library/tkinter.html,4,4,257
/3/library/turtle.html,4,4,1024
/3/library/venv.html,4,4,649
/es/3.13/tutorial/index.html,4,4,268
/tr/3.12/glossary.html,4,4,0
/zh-cn/3.12/download.html,4,4,72
/zh-cn/3.12/howto/logging.html,4,5,3
/zh-cn/3.12/library/__main__.html,4,4,102
/zh-cn/3.12/library/asyncio.html,4,4,218
/zh-cn/3.12/library/ctypes.html,4,4,62
/zh-cn/3.12/library/datetime.html,4,4,0
/zh-cn/3.12/library/heapq.html,4,4,0
/zh-cn/3.12/library/idle.html,4,4,30
/zh-cn/3.12/library/pydoc.html,4,4,4
/zh-cn/3.12/library/re.html,4,4,26
/zh-cn/3.12/reference/index.html,4,5,28
/zh-cn/3.12/search.html,4,4,7
/zh-cn/3.12/tutorial/appetite.html,4,4,12
/zh-cn/3.12/using/windows.html,4,4,275
/zh-cn/3/tutorial/index.html,4,4,498
/3.12/library/array.html,3,3,680
/3.12/library/audioop.html,3,3,191
/3.12/library/cgi.html,3,3,12
/3.12/library/constants.html,3,3,0
/3.12/library/csv.html,3,3,1
/3.12/library/enum.html,3,3,886
/3.12/library/http.client.html,3,3,38
/3.12/library/json.html,3,3,533
/3.12/library/pathlib.html,3,3,541
/3.12/library/statistics.html,3,3,33
/3.12/library/unittest.html,3,3,10
/3.12/using/cmdline.html,3,3,29
/3.12/using/index.html,3,3,1
/3.12/whatsnew/changelog.html,3,3,313
/3.13/tutorial/,3,3,53
/3.14/whatsnew/3.14.html,3,3,380
/3/contents.html,3,3,48
/3/library/cgi.html,3,3,1594
/3/library/ensurepip.html,3,3,472
/3/library/exceptions.html,3,3,159
/3/library/logging.html,3,3,2238
/3/library/math.html,3,3,19
/3/library/msilib.html,3,3,54
/3/library/pathlib.html,3,3,61
/3/library/random.html,3,3,2126
/3/library/threading.html,3,3,428
/3/tutorial/controlflow.html,3,3,133
/3/tutorial/inputoutput.html,3,3,113
/3/using/windows.html,3,3,733
/3/whatsnew/changelog.html,3,3,1104
/es/3.12/glossary.html,3,3,441
/es/3.12/library/functions.html,3,4,0
/fr/3.12/tutorial/index.html,3,3,0
/fr/3/tutorial/,3,3,27
/ja/3.12/,3,3,50
/ja/3.12/library/functions.html,3,3,184
/ja/3.12/library/io.html,3,3,0
/ja/3.12/tutorial/index.html,3,3,0
/ja/3.12/using/configure.html,3,3,0
/ko/3.12/,3,3,671
/ko/3.12/library/codecs.html,3,3,0
/pt-br/3.12/library/tkinter.font.html,3,3,0
/tr/3.12/tutorial/index.html,3,5,1103
/uk/3.12/library/decimal.html,3,3,0
/uk/3.12/library/turtle.html,3,3,29
/zh-cn/3.12//whatsnew/index.html,3,3,7
/zh-cn/3.12/contents.html,3,3,0
/zh-cn/3.12/howto/argparse.html,3,3,0
/zh-cn/3.12/library/exceptions.html,3,3,0
/zh-cn/3.12/library/http.server.html,3,3,0
/zh-cn/3.12/library/itertools.html,3,3,16
/zh-cn/3.12/library/subprocess.html,3,3,0
/zh-cn/3/library/functions.html,3,3,225
/zh-tw/3.12/index.html,3,4,1296
/zh-tw/3.12/tutorial/classes.html,3,3,36
/zh-tw/3.12/using/mac.html,3,3,536
/3.12/bugs.html,2,2,168
/3.12/c-api/index.html,2,2,0
/3.12/copyright.html,2,2,0
/3.12/distributing/index.html,2,2,0
/3.12/extending/index.html,2,2,0
/3.12/faq/index.html,2,2,0
/3.12/genindex.html,2,2,0
/3.12/howto/index.html,2,2,0
/3.12/howto/sorting.html,2,2,90
/3.12/library/abc.html,2,3,0
/3.12/library/aifc.html,2,2,311
/3.12/library/base64.html,2,2,5
/3.12/library/calendar.html,2,2,582
/3.12/library/ctypes.html,2,2,0
/3.12/library/dis.html,2,2,0
/3.12/library/pipes.html,2,2,7
/3.12/library/queue.html,2,2,9
/3.12/library/socketserver.html,2,2,44
/3.12/library/tkinter.ttk.html,2,2,0
/3.12/library/unittest.mock.html,2,4,173
/3.12/library/zipfile.html,2,2,0
/3.12/reference/grammar.html,2,2,8
/3.12/reference/simple_stmts.html,2,2,684
/3.12/tutorial/appendix.html,2,2,762
/3.12/tutorial/errors.html,2,2,870
/3.12/tutorial/modules.html,2,2,0
/3.12/tutorial/stdlib.html,2,2,1758
/3.14/,2,2,262
/3/glossary.html,2,2,1123
/3/howto/logging.html,2,2,1237
/3/library/abc.html,2,2,724
/3/library/collections.html,2,2,1066
/3/library/crypt.html,2,2,21
/3/library/ctypes.html,2,2,445
/3/library/http.server.html,2,2,1102
/3/library/importlib.resources.html,2,2,150
/3/library/itertools.html,2,2,1140
/3/library/json.html,2,2,532
/3/library/multiprocessing.html,2,2,1202
/3/library/py_compile.html,2,2,278
/3/library/shelve.html,2,2,754
/3/library/socket.html,2,2,26
/3/library/sqlite3.html,2,2,4
/3/library/sys.html,2,2,10
/3/library/tarfile.html,2,2,738
/3/library/webbrowser.html,2,2,611
/3/library/xml.etree.elementtree.html,2,2,32
/3/reference/index.html,2,2,412
/3/tutorial/classes.html,2,2,1890
/3/tutorial/venv.html,2,2,151
/3/using/index.html,2,2,123
/3/whatsnew/3.13.html,2,2,678
/dev/,2,2,44
/es/3/tutorial/,2,2,1362
/fr/3.12/library/stdtypes.html,2,2,0
/ja/3.12/installing/index.html,2,2,0
/ja/3.12/library/os.html,2,2,0
/ja/3.12/library/string.html,2,2,14
/ja/3.12/library/typing.html,2,2,0
/ja/3.12/library/venv.html,2,2,0
/ja/3.12/search.html,2,2,576
/ja/3/,2,2,890
/ja/3/extending/extending.html,2,2,810
/ko/3.12/whatsnew/index.html,2,2,6
/pl/3.12/tutorial/introduction.html,2,4,0
/pt-br/3.12/search.html,2,2,0
/pt-br/3.12/tutorial/classes.html,2,2,0
/pt-br/3.12/tutorial/index.html,2,2,102
/pt-br/3/,2,2,88
/uk/3.12/howto/functional.html,2,2,0
/uk/3.12/tutorial/datastructures.html,2,2,0
/uk/3.13/library/stdtypes.html,2,2,226
/zh-cn/3.12//whatsnew/3.12.html,2,3,45
/zh-cn/3.12/c-api/,2,2,0
/zh-cn/3.12/howto/enum.html,2,2,0
/zh-cn/3.12/installing/index.html,2,2,0
/zh-cn/3.12/library/2to3.html,2,2,0
/zh-cn/3.12/library/base64.html,2,2,0
/zh-cn/3.12/library/copy.html,2,2,871
/zh-cn/3.12/library/dataclasses.html,2,2,26
/zh-cn/3.12/library/ftplib.html,2,2,251
/zh-cn/3.12/library/http.client.html,2,3,0
/zh-cn/3.12/library/logging.html,2,2,0
/zh-cn/3.12/library/math.html,2,2,0
/zh-cn/3.12/library/multiprocessing.shared_memory.html,2,2,0
/zh-cn/3.12/library/operator.html,2,2,0
/zh-cn/3.12/library/pathlib.html,2,2,0
/zh-cn/3.12/library/telnetlib.html,2,2,0
/zh-cn/3.12/library/zlib.html,2,2,0
/zh-cn/3.12/tutorial/inputoutput.html,2,3,38
/zh-cn/3.12/tutorial/stdlib2.html,2,2,0
/zh-cn/3.13/reference/index.html,2,2,41
/zh-cn/3.13/tutorial/classes.html,2,2,81
/zh-tw/3.12/library/venv.html,2,2,0
/zh-tw/3.12/tutorial/controlflow.html,2,2,28
/3.12/about.html,1,1,0
/3.12/c-api/buffer.html,1,1,0
/3.12/c-api/exceptions.html,1,1,0
/3.12/c-api/intro.html,1,1,0
/3.12/deprecations/index.html,1,1,0
/3.12/extending/embedding.html,1,1,0
/3.12/howto/logging.html,1,1,0
/3.12/howto/regex.html,1,1,2
/3.12/installing/,1,1,0
/3.12/library/ast.html,1,1,0
/3.12/library/asyncio-dev.html,1,1,1713
/3.12/library/asyncio-stream.html,1,1,0
/3.12/library/asyncio-subprocess.html,1,1,1674
/3.12/library/code.html,1,1,0
/3.12/library/codecs.html,1,1,30
/3.12/library/collections.abc.html,1,1,0
/3.12/library/configparser.html,1,1,0
/3.12/library/contextlib.html,1,1,0
/3.12/library/contextvars.html,1,1,0
/3.12/library/curses.ascii.html,1,1,0
/3.12/library/curses.html,1,1,0
