name,visitors,bounce_rate,visit_duration
Direct / None,7845,67,219
python.org,523,70,365
google.com,439,80,489
bing.com,93,71,353
cn.bing.com,78,55,294
baidu.com/link,77,84,93
chatgpt.com,29,50,340
duckduckgo.com,19,100,284
github.com/python/pymanager,17,73,157
wiki.python.org,17,0,905
search.brave.com,13,100,474
m.baidu.com,12,100,30
yandex.ru,9,100,476
gemini.google.com,8,100,412
doubao.com,7,0,185
github.com,7,60,942
facebook.github.io,6,83,2
google.com.hk,6,0,572
baidu.com,5,100,268
numpy.org,4,0,902
peps.python.org,4,75,15
udemy.com,4,0,123
devdocs.io,3,100,0
docs.astral.sh,3,67,6
es.python.org,3,0,86
link.zhihu.com,3,50,154
netacad.com,3,0,307
python.org/psf-landing,3,0,421
claude.ai,2,0,967
codecademy.cn,2,0,722
cs50.harvard.edu,2,0,1042
discuss.python.org,2,0,169
ecosia.org,2,0,590
fsg-pax-p-jhn01.pax.ulaval.ca,2,0,1617
geek-blogs.com,2,0,34
geekflare.com,2,0,142
m.baidu.com/from=1012852q/bd_page_type=1/ssid=0/uid=0/pu=usm%402%2Csz%401320_1004%2Cta%40iphone_2_10.0_11_20.3/baiduid=49084553EA756943A96B8D8A2E066BE5/w=0_10_/t=iphone/l=1/tc,2,100,0
mosoteach.cn,2,0,4
packaging.python.org/en/latest/tutorials/installing-packages,2,0,500
perplexity.ai,2,0,20
python.org/doc,2,0,156
python.p2hp.com,2,0,2
qiita.com,2,100,95
realpython.com,2,0,789
roadmap.sh,2,0,396
safe.menlosecurity.com,2,33,13
statics.teams.cdn.office.net,2,0,16
t-strings.help,2,100,0
translations.python.org,2,0,234
typing-extensions.readthedocs.io/en/latest,2,100,0
yandex.com.tr,2,0,539
youtube.com,2,0,34
117.50.193.202,1,0,0
acwing.com,1,0,772
allaboutdataanalysis.medium.com/%E5%B8%B8%E7%94%A8-python-ide%E5%84%AA%E7%BC%BA%E9%BB%9E%E5%B0%8D%E6%AF%94-%E9%99%84%E4%B8%8B%E8%BC%89%E5%9C%B0%E5%9D%80-3d988c0fe87d,1,0,86
allendowney.github.io,1,0,1033
amuletmc.com,1,0,2262
android-app://com.google.android.googlequicksearchbox,1,100,0
auladigital.sence.cl,1,0,124
automatetheboringstuff.com,1,0,111
bing.com/search,1,0,0
cafe.naver.com/ca-fe/cafes/25046926/articles/82232,1,0,1579
chat.baidu.com,1,0,33
chat.z.ai,1,0,0
cms.unir.net,1,0,11
developer.mozilla.org,1,0,1714
developers.google.com,1,0,87
devguide.python.org/developer-workflow/development-cycle,1,0,2906
discordpy.readthedocs.io,1,0,1672
doc.renpy.cn,1,0,5
docker-reference.yahasye.fnos.net,1,0,44
docs.nvidia.com,1,0,42
docs.pingcode.com,1,0,0
docs.pytorch.org,1,0,3378
dodona.be,1,100,0
engdoc.corp.google.com,1,0,478
facebook.com,1,100,0
flask.palletsprojects.com/en/stable/installation,1,0,342
flask.palletsprojects.com/zh-cn/stable/tutorial,1,0,321
fr.moonbooks.org,1,0,428
gateway.zscaler.net,1,100,0
gihyo.jp,1,0,820
github.com/ToTheMax/Snapchat-All-Memories-Downloader/issues/119,1,0,628
github.com/python/cpython/blob/main/Doc/README.rst,1,0,795
github.com/zooba/pymanager,1,0,8
hellowac.github.io,1,0,4
home-assistant.io/integrations/profiler,1,0,84
i.zte.com.cn,1,0,64
in.search.yahoo.com,1,0,2263
it.search.yahoo.com,1,100,0
ithelp.ithome.com.tw,1,0,15
julian.ac,1,100,0
kagi.com,1,0,75
kivy.org,1,0,2801
learn.lewagon.com,1,0,30
learnxinyminutes.com,1,0,5
liaoxuefeng.com,1,0,0
link.juejin.cn,1,0,331
lms.fun-mooc.fr,1,0,504
m.baidu.com/from=1001703a/bd_page_type=1/ssid=0/uid=0/pu=usm%402%2Csz%401320_1001%2Cta%40iphone_2_14.0_18_40.10/baiduid=EA835FAC7E295F3A13FC3D93D46BE2DB/w=0_10_/t=iphone/l=1/tc,1,100,0
m.baidu.com/from=1013966u/bd_page_type=1/ssid=0/uid=0/pu=usm%400%2Csz%401320_1001%2Cta%40iphone_2_10.0_19_27.5/baiduid=1D87AEB76CA9F0C1848858C216C6A979/w=0_10_/t=iphone/l=1/tc,1,0,3
m.baidu.com/from=1013966u/bd_page_type=1/ssid=0/uid=0/pu=usm%400%2Csz%401320_1001%2Cta%40iphone_2_15.0_19_27.5/baiduid=FC1670B05DF648863BFC53816C2CEB74/w=0_10_/t=iphone/l=1/tc,1,0,121
m.baidu.com/from=1013966u/bd_page_type=1/ssid=0/uid=0/pu=usm%401%2Csz%401320_1001%2Cta%40iphone_2_15.0_19_27.6/baiduid=DB262F273BE17B881F5567EA45643547/w=0_10_/t=iphone/l=1/tc,1,100,0
m.baidu.com/from=1019311v/bd_page_type=1/ssid=0/uid=0/pu=usm%400%2Csz%401320_1001%2Cta%40iphone_2_16.0_19_26.2/baiduid=95A9EC355E05F367FF236138631ABA5D/w=0_10_/t=iphone/l=1/tc,1,0,18
m.baidu.com/from=1020761f/bd_page_type=1/ssid=0/uid=0/pu=usm%400%2Csz%401320_1001%2Cta%40iphone_2_13.0_19_27.3/baiduid=B4A165753EBBAEBDFCA29EA2AE9357F0/w=0_10_/t=iphone/l=1/tc,1,0,1452
m.baidu.com/from=1086k/bd_page_type=1/ssid=0/uid=0/pu=usm%402%2Csz%401320_1002%2Cta%40iphone_2_16.0_2_19.7/baiduid=A8B742FC5C2B3440E584927A1A31D351/w=0_10_/t=iphone/l=1/tc,1,100,0
m.baidu.com/from=2001a/bd_page_type=1/ssid=0/uid=0/pu=usm%400%2Csz%401320_1003%2Cta%40iphone_2_16.0_1_18.4/baiduid=EFFF06006E3910D2A6D0D207A1BD3815/w=0_10_/t=iphone/l=1/tc,1,0,215
m.baidu.com/from=844b/bd_page_type=1/ssid=0/uid=0/pu=usm%402%2Csz%401320_1001%2Cta%40iphone_2_11.0_24_83.0/baiduid=F3992D4AE2F516AA3CCCDD4D5A2A074F/w=0_10_/t=iphone/l=1/tc,1,100,0
m.baidu.com/s,1,100,0
m.runoob.com,1,0,56
moodle.ue.poznan.pl,1,0,404
nankai.feishu.cn,1,0,20
nikkie-ftnext.hatenablog.com,1,0,976
nloqriafohfi.labs.coursera.org,1,0,12
notebooks.githubusercontent.com,1,0,338
ntp.msn.com,1,100,0
packaging.python.org,1,0,31
packaging.python.org/en/latest/discussions/distribution-package-vs-import-package,1,0,579
plzpftrvcctn.labs.coursera.org,1,0,69
practicum.yandex.com,1,0,49
pyinstaller.org/en/stable/CHANGES-3.html,1,0,109
pyo3.rs,1,100,0
pypi.org,1,100,0
python-basics-tutorial.readthedocs.io/en/latest/types/strings/built-in-modules/string.html,1,0,5
python.github.net.cn,1,0,33
python.it,1,0,162
python.org/downloads,1,0,10
python.org/downloads/release/python-3142,1,0,0
python.org/jobs,1,0,41
pythoninsider.blogspot.com,1,0,932
research.google.com,1,0,37
so.com/link,1,0,742
support.getgrist.com,1,0,1968
techguide.sh,1,0,19
uk.search.yahoo.com,1,0,350
view.genially.com/61b27c5cbb51420d79f49d27,1,0,0
vle.shef.ac.uk,1,0,10
webmail.etu.univ-grenoble-alpes.fr,1,0,233
www4.bing.com,1,0,2244
ya.ru,1,0,1231
