name,version,visitors
Windows,10,3795
Android,10,432
Mac,10.15,329
GNU/Linux,(not set),224
iOS,18.3,72
Ubuntu,(not set),61
iOS,18.4,46
Chrome OS,14541.0,32
Android,12,9
Android,13,9
Windows,7,9
Android,14,8
Android,15,6
iOS,18.0,6
Windows,8.1,4
iOS,12.5,3
iOS,15.8,3
iOS,18.5,3
HarmonyOS,(not set),2
Android,11,2
Chrome OS,14816.131,2
iOS,15.6,2
iOS,16.2,2
iOS,16.6,2
iOS,17.6,2
iPadOS,17.7,2
iOS,18.1,2
(not set),(not set),1
iOS,15.5,1
iPadOS,16.2,1
iOS,16.3,1
iOS,17.0,1
iOS,17.4,1
iOS,18.2,1
Windows,XP,1
