name,visitors,pageviews,bounce_rate,time_on_page,scroll_depth
/es/3/tutorial/,778,1108,55,51,55
/es/3.13/library/tkinter.html,274,290,82,62,30
/es/3/tutorial/appetite.html,243,226,48,95,85
/es/3/tutorial/interpreter.html,241,313,56,161,78
/es/3/tutorial/introduction.html,205,231,74,236,52
/es/3.13/tutorial/index.html,198,220,68,41,46
/es/3/tutorial/controlflow.html,186,189,88,131,45
/es/3/tutorial/index.html,185,238,68,31,53
/es/3/,173,208,49,29,79
/es/3.13/,160,175,39,25,78
/es/3.13/tutorial/datastructures.html,155,159,79,178,33
/es/3.13/tutorial/venv.html,142,148,92,32,55
/es/3.13/library/functions.html,141,152,90,60,30
/es/3/library/stdtypes.html,139,151,80,72,35
/es/3.13/search.html,136,200,48,24,56
/es/3.13/library/index.html,134,145,66,70,41
/es/3/tutorial/datastructures.html,108,110,74,142,47
/es/3.13/installing/index.html,96,96,94,37,66
/es/3.13/library/stdtypes.html,93,100,63,185,30
/es/3/library/index.html,89,100,58,59,41
/es/3.13/tutorial/introduction.html,87,81,85,78,53
/es/3/library/functions.html,85,85,83,75,49
/es/3.13/library/tk.html,82,96,62,26,55
/es/3.13/tutorial/interpreter.html,81,85,71,71,73
/es/3.13/tutorial/classes.html,78,76,85,62,39
/es/3/search.html,76,110,36,19,47
/es/3.13/tutorial/controlflow.html,74,76,71,102,37
/es/3.13/tutorial/errors.html,73,75,87,51,29
/es/3.13/library/idle.html,67,71,78,36,34
/es/3.13/library/re.html,63,74,88,43,29
/es/3.13/tutorial/inputoutput.html,62,60,91,72,34
/es/3/glossary.html,59,64,62,62,25
/es/3.13/tutorial/appetite.html,58,50,68,65,82
/es/3.13/library/string.html,47,42,92,109,46
/es/3.13/library/datetime.html,46,48,84,79,30
/es/3.13/reference/import.html,46,48,89,64,34
/es/3/tutorial/inputoutput.html,46,40,74,78,62
/es/3.13/tutorial/modules.html,44,44,86,55,45
/es/3.13/library/venv.html,43,46,70,27,24
/es/3/using/cmdline.html,43,48,76,67,29
/es/3/library/tkinter.html,42,44,78,141,45
/es/3.13/contents.html,41,45,50,38,28
/es/3/library/math.html,41,42,88,70,43
/es/dev/library/zlib.html,40,43,90,3,16
/es/3.13/whatsnew/3.13.html,38,32,67,31,13
/es/3/tutorial/classes.html,38,37,81,201,33
/es/3.13/using/windows.html,37,36,88,90,45
/es/3.13/library/array.html,35,39,76,66,61
/es/3/contents.html,35,37,50,24,9
/es/3/library/json.html,34,34,86,39,25
/es/3.13/index.html,33,33,62,28,78
/es/dev/tutorial/controlflow.html,32,34,90,39,35
/es/3.13/library/math.html,31,37,75,33,28
/es/3.13/reference/compound_stmts.html,31,32,71,57,18
/es/3/library/random.html,30,31,88,37,33
/es/3/tutorial/modules.html,30,27,60,46,53
/es/3.13/library/csv.html,29,37,90,147,31
/es/3.13/reference/index.html,29,30,38,62,63
/es/3.13/library/random.html,28,31,73,30,29
/es/3.13/library/turtle.html,28,37,60,112,31
/es/3.13/library/tkinter.ttk.html,27,30,89,90,44
/es/3/tutorial/errors.html,27,27,80,125,42
/es/3.12/tutorial/index.html,26,33,83,60,48
/es/3.13/glossary.html,26,22,67,44,42
/es/3.13/howto/logging.html,26,22,94,44,25
/es/3/library/exceptions.html,25,26,71,48,68
/es/3/whatsnew/3.13.html,25,28,67,23,16
/es/3.13/howto/regex.html,24,26,87,79,26
/es/3.13/tutorial/,24,20,67,123,53
/es/3/library/argparse.html,24,25,90,47,20
/es/3.13/py-modindex.html,22,20,67,29,38
/es/3.13/library/multiprocessing.html,21,29,79,118,27
/es/3/genindex.html,21,21,0,8,100
/es/3.13/library/__main__.html,20,24,78,26,38
/es/3/reference/index.html,20,17,57,20,68
/es/3/tutorial/appendix.html,20,24,25,25,60
/es/3/tutorial/venv.html,20,19,82,17,62
/es/3.13/library/exceptions.html,19,21,64,112,35
/es/3/installing/index.html,19,19,75,32,78
/es/3/reference/expressions.html,18,14,83,25,71
/es/3.13/using/editors.html,17,17,44,9,95
/es/3/library/statistics.html,17,17,100,34,26
/es/3.13/reference/lexical_analysis.html,16,12,100,203,44
/es/3/faq/windows.html,16,14,100,48,52
/es/3/library/functools.html,16,18,71,63,42
/es/3.13/howto/sorting.html,15,15,85,132,52
/es/3.13/library/collections.html,15,21,57,20,34
/es/3/genindex-Símbolos.html,15,14,58,10,28
/es/3/py-modindex.html,15,12,50,11,28
/es/3.12/search.html,14,25,50,16,46
/es/3.13/tutorial/appendix.html,14,14,0,26,66
/es/3/reference/compound_stmts.html,14,16,100,102,17
/es/3/reference/lexical_analysis.html,14,11,100,72,65
/es/3.13/download.html,13,11,33,14,82
/es/3.13/library/calendar.html,13,22,67,251,54
/es/3.13/reference/datamodel.html,13,14,80,40,30
/es/3.13/using/cmdline.html,13,11,33,83,29
/es/3/library/asyncio.html,13,12,90,46,71
/es/3/library/venv.html,13,14,100,15,29
/es/3/using/windows.html,13,12,80,102,36
