name,visitors
Seoul,119
Seongnam-si,59
Suwon,57
N/A,43
N/A,37
Incheon,27
Anyang-si,26
N/A,22
N/A,21
N/A,20
N/A,19
N/A,18
Shanghai,16
N/A,15
Goyang-si,15
Hwaseong-si,15
Sejong,15
Chengdu,14
N/A,14
N/A,14
N/A,13
Zhengzhou,12
Xi’an,12
Tokyo,12
N/A,11
N/A,11
N/A,11
N/A,11
Chungju,11
Cheongju-si,11
Cheonan,11
Guangzhou,10
Beijing,10
Namyangju,10
N/A,10
N/A,10
Liaocheng,9
Busan,9
Hangzhou,8
N/A,8
N/A,8
Pohang,8
Gwangju,8
Gwangju,8
N/A,8
N/A,8
N/A,8
Shenzhen,7
Qingdao,7
Lanzhou,7
N/A,7
Asan,7
N/A,7
Xiaogan,6
Daejeon,6
Bucheon-si,6
N/A,6
Kimhae,6
Chuncheon,6
Jeonju,6
N/A,6
N/A,6
N/A,6
Ningbo,5
Nanjing,5
Jinan,5
Chongqing,5
N/A,5
N/A,5
N/A,5
N/A,5
N/A,5
N/A,5
Wuxi,4
Wuhu,4
Kunming,4
Guiyang,4
Changsha,4
Daegu,4
N/A,4
N/A,4
Ansan-si,4
Singapore,4
Suzhou,4
Gwangmyeong,4
Harbin,4
Changchun,4
N/A,4
Tongshan,3
Wuhan,3
Shijiazhuang,3
Puyang Chengguanzhen,3
Fuzhou,3
Dongying,3
Yangsan,3
Wŏnju,3
Uijeongbu-si,3
N/A,3
N/A,3
N/A,3
N/A,3
Guri-si,3
Iksan,3
Icheon-si,3
Chinju,3
N/A,3
N/A,3
N/A,3
Moscow,2
Vulcăneşti,2
Kunshan,2
Tangshan,2
Shaoxing,2
Nanyang,2
Luoyang,2
Jining,2
Yiwu,2
Cangzhou,2
Eisen,2
Yangp'yŏng,2
Yangju,2
N/A,2
N/A,2
N/A,2
Muan,2
Mokpo,2
Gyeongsan-si,2
Gunpo,2
Gumi,2
Gangneung,2
Ganghwa-gun,2
N/A,2
N/A,2
N/A,2
N/A,2
Yeosu,2
N/A,2
Melbourne,2
Bayreuth,2
Atlanta,2
N/A,2
N/A,2
N/A,2
N/A,2
N/A,2
N/A,2
N/A,2
N/A,2
Jeongeup,2
N/A,2
Lusaka,1
Rawalpindi,1
Chennai,1
Jaipur,1
Bengaluru,1
Almaty,1
Hanoi,1
Xingtai,1
Wenzhou,1
Weifang,1
Tianjin,1
Sanmenxia,1
Pingdingshan,1
Nanchang,1
Jingmen,1
Huizhou,1
Huaihua,1
Hengshui,1
Guilin,1
Fuzhou,1
Foshan,1
Dongguan,1
Changzhou,1
Phnom Penh,1
N/A,1
Yeoju,1
N/A,1
Ulsan,1
Suncheon,1
N/A,1
Osan,1
N/A,1
Hwacheon,1
N/A,1
Jeju City,1
Changwon,1
Anseong,1
Kyoto,1
N/A,1
Shenyang,1
Anshan,1
Brisbane,1
London,1
Laurel,1
North Charleston,1
Los Angeles,1
N/A,1
N/A,1
Taizhou,1
N/A,1
N/A,1
N/A,1
N/A,1
N/A,1
N/A,1
N/A,1
N/A,1
N/A,1
N/A,1
