name,visitors
Paris,462
Marseille,77
Lyon,72
Toulouse,52
Antananarivo,38
Abidjan,38
Brussels,33
Nantes,31
Casablanca,30
Lille,29
Levallois-Perret,28
Rennes,26
Rouen,23
Couëron,23
Montpellier,20
Bordeaux,19
Villelaure,18
Grenoble,18
Montréal,18
Dakar,17
Angers,17
Lomé,16
Vélizy-Villacoublay,16
Nice,16
Cotonou,13
Villeurbanne,13
Strasbourg,12
Metz,12
Conakry,11
Sélestat,11
Le Mans,11
Port-au-Prince,11
Lausanne,10
Redon,10
Palaiseau,10
Orly,10
Clermont-Ferrand,10
Chambéry,10
Bamako,9
Rabat,9
Mérignac,9
Limoges,9
Courbevoie,9
Rosny-sous-Bois,8
Nancy,8
Montigny-lès-Metz,8
Les Andelys,8
Gif-sur-Yvette,8
Créteil,8
Colombes,8
Chambray-lès-Tours,8
Avignon,8
Douala,7
Brazzaville,7
Kinshasa,7
Marrakesh,7
Agadir,7
Genève,7
Reims,7
Plaisance-du-Touch,7
Noisy-le-Grand,7
Cergy,7
Besançon,7
Aubervilliers,7
Madrid,7
Saint-Denis,6
Ouagadougou,6
Batna,6
Sale,6
London,6
Namur,6
Tours,6
Saint-Denis,6
Orléans,6
Lorient,6
La Rochelle,6
Houilles,6
Asnières-sur-Seine,6
Los Angeles,6
Le Tampon,5
Tokyo,5
Yaoundé,5
Sousse,5
Tangier,5
Amsterdam,5
Voiron,5
Villeneuve,5
Trappes,5
Savigny-sur-Orge,5
Saint-Étienne,5
Roubaix,5
Mulhouse,5
Dijon,5
Corbeil-Essonnes,5
Conflans-Sainte-Honorine,5
Chauny,5
Carrières-sous-Poissy,5
Caen,5
Breteuil,5
Boulogne-Billancourt,5
Auxerre,5
Toronto,5
Québec,5
Goma,4
Libreville,4
N/A,4
Kenitra,4
Fribourg,4
Mons,4
Liège,4
Vitry-sur-Seine,4
Villefranche-sur-Saône,4
Toulon,4
N/A,4
Sarcelles,4
Saint-Herblain,4
Rezé,4
Pau,4
Pantin,4
Montreuil,4
Maisons-Alfort,4
Le Havre,4
La Chapelle-sur-Erdre,4
Ivry-sur-Seine,4
Évry,4
Drancy,4
Châtenay-Malabry,4
Belfort,4
Antibes,4
Albertville,4
Papeete,4
Gatineau,4
Sanaa,3
Bujumbura,3
Lubumbashi,3
Hanoi,3
Tunis,3
Radès,3
Tizi Ouzou,3
Zürich,3
Hannover,3
Villemoisson-sur-Orge,3
Vigneux-sur-Seine,3
Vendôme,3
Vannes,3
Vallauris,3
Uzès,3
Truchtersheim,3
Tremblay-en-France,3
Toul,3
Suresnes,3
Rians,3
Pont-du-Château,3
Poitiers,3
Poissy,3
Maule,3
Magny-les-Hameaux,3
Lognes,3
Linselles,3
Limours,3
Lieusaint,3
Levie,3
Lens,3
Laneuveville-devant-Nancy,3
La Ciotat,3
Herblay,3
Gradignan,3
Fontenay-le-Fleury,3
Étampes,3
Clamart,3
Brives-Charensac,3
Brest,3
Amiens,3
Alfortville,3
Aix-en-Provence,3
Kraków,3
Cayenne,3
Baie-Mahault,3
Mississauga,3
Villeneuve-d'Ascq,3
Jeddah,2
Djibouti,2
Moscow,2
Braşov,2
Brăila,2
Kyiv,2
Gabrovo,2
Warsaw,2
Bhopāl,2
Bang Lamung,2
Guangzhou,2
Singapore,2
Nouméa,2
Pointe-Noire,2
Lisbon,2
Lagos,2
Niamey,2
Béja,2
Sétif,2
Reghaïa,2
Oran,2
El Khroub,2
Bejaïa,2
Tétouan,2
Fès,2
El Jadid,2
Chepstow,2
Villeneuve,2
Rotkreuz,2
Plan-les-Ouates,2
Peseux,2
N/A,2
Porto,2
Saint-Nicolas,2
Rochefort,2
Ransart,2
Jumet,2
Etterbeek,2
Charleroi,2
Mainz,2
Luxembourg,2
Yenne,2
Wattrelos,2
Villemoyenne,2
Vandœuvre-lès-Nancy,2
Valenciennes,2
Traînou,2
Toutlemonde,2
Tourcoing,2
Thise,2
Thionville,2
Sèvres,2
Serre-les-Sapins,2
Saint-Sulpice-la-Forêt,2
Saint-Ouen,2
Saint-Maur-des-Fossés,2
Saint-Martin-d'Hères,2
Saint-Jory,2
Saint-Germain-la-Blanche-Herbe,2
Sainte-Marie-aux-Mines,2
Saint-Dié-des-Vosges,2
Saint-Cloud,2
Saint-Aubin-du-Cormier,2
Royan,2
Roanne,2
N/A,2
Pélissanne,2
Palaminy,2
Orsay,2
Orgères,2
Orange,2
Obernai,2
Nîmes,2
Nevers,2
Neuilly-sur-Marne,2
Nanterre,2
Montrouge,2
Montmirail,2
Montmagny,2
Montluçon,2
Montesson,2
Mions,2
Meulan-en-Yvelines,2
N/A,2
Mauves,2
Maubeuge,2
Martigues,2
Mareuil-sur-Arnon,2
Malakoff,2
Louviers,2
Longjumeau,2
N/A,2
Liffré,2
Les Rousses,2
Les Essarts,2
Le Pont-de-Claix,2
Le Plessis-Robinson,2
Le Beausset,2
Le Bar-sur-Loup,2
Jouy-le-Moutier,2
Jouy-le-Châtel,2
Jarville-la-Malgrange,2
Issy-les-Moulineaux,2
Ingré,2
Hénin-Beaumont,2
Gex,2
Garidech,2
Garches,2
Franconville,2
Fontenay-sous-Bois,2
Fontaine,2
Flourens,2
Fleury-Mérogis,2
Évreux,2
Éveux,2
Eschentzwiller,2
Esbly,2
Échauffour,2
Dreux,2
Donzac,2
