name,visitors,pageviews,bounce_rate,time_on_page,scroll_depth
/pl/3/tutorial/datastructures.html,46,47,87,89,30
/pl/3/tutorial/index.html,38,54,39,23,64
/pl/dev/library/turtle.html,23,24,72,49,27
/pl/3/,21,25,13,10,70
/pl/3/tutorial/introduction.html,19,17,71,20,41
/pl/3/tutorial/controlflow.html,18,19,64,173,35
/pl/3.13/,17,14,33,8,87
/pl/3/tutorial/interpreter.html,15,12,75,48,84
/pl/3/tutorial/venv.html,13,15,75,110,55
/pl/3/tutorial/modules.html,12,10,88,24,50
/pl/dev/tutorial/classes.html,12,15,50,221,51
/pl/3.13/tutorial/index.html,11,19,40,22,72
/pl/3/tutorial/classes.html,10,10,88,199,41
/pl/3.13/tutorial/controlflow.html,8,11,0,84,30
/pl/3.13/tutorial/interpreter.html,8,5,0,35,64
/pl/3/tutorial/appetite.html,8,6,100,119,100
/pl/3/tutorial/errors.html,8,8,71,20,40
/pl/3/reference/index.html,7,8,0,24,62
/pl/3/search.html,7,11,0,65,49
/pl/dev/tutorial/inputoutput.html,7,7,83,91,42
/pl/3.13/tutorial/appetite.html,6,4,100,24,96
/pl/3.13/tutorial/introduction.html,6,3,0,205,99
/pl/3/extending/extending.html,6,7,60,18,16
/pl/3/tutorial/,6,6,83,17,75
/pl/3/tutorial/inputoutput.html,6,6,100,19,56
/pl/dev/library/functions.html,5,5,100,328,24
/pl/3.13/library/index.html,4,5,0,24,22
/pl/3.13/library/tkinter.ttk.html,4,3,50,156,36
/pl/3/installing/index.html,4,3,67,22,72
/pl/3/tutorial/floatingpoint.html,4,3,100,11,58
/pl/3.12/installing/index.html,3,3,33,4,42
/pl/3.13/library/abc.html,3,2,100,27,42
/pl/3.13/library/stdtypes.html,3,1,0,115,25
/pl/3.13/search.html,3,3,0,16,100
/pl/3.13/tutorial/modules.html,3,2,100,63,42
/pl/3/library/index.html,3,4,50,22,60
/pl/3/library/string.html,3,2,100,6,26
/pl/3/reference/lexical_analysis.html,3,2,0,22,24
/pl/3/tutorial/stdlib2.html,3,2,0,2,13
/pl/dev/tutorial/datastructures.html,3,3,100,32,45
/pl/3.13/download.html,2,1,0,10,88
/pl/3.13/howto/sorting.html,2,2,100,21,30
/pl/3.13/index.html,2,2,0,15,80
/pl/3.13/library/collections.html,2,1,0,22,26
/pl/3.13/library/concurrent.futures.html,2,1,100,233,62
/pl/3.13/library/intro.html,2,2,0,13,44
/pl/3.13/library/queue.html,2,2,0,5,50
/pl/3.13/library/shutil.html,2,1,0,267,5
/pl/3.13/library/tkinter.html,2,2,50,325,36
/pl/3.13/library/traceback.html,2,5,50,4,14
/pl/3.13/library/turtle.html,2,2,100,12,24
/pl/3.13/library/wave.html,2,1,0,15,100
/pl/3.13/reference/grammar.html,2,1,0,2,8
/pl/3.13/whatsnew/3.13.html,2,5,100,13,19
/pl/3.14/whatsnew/3.14.html,2,1,0,285,29
/pl/3.15/,2,3,0,33,100
/pl/3.15/installing/index.html,2,1,0,2,22
/pl/3.15/using/editors.html,2,2,50,0,100
/pl/3/c-api/index.html,2,1,0,4,25
/pl/3/c-api/intro.html,2,1,0,58,26
/pl/3/genindex.html,2,1,0,3,100
/pl/3/glossary.html,2,1,0,4,4
/pl/3/index.html,2,1,0,2,78
/pl/3/library/array.html,2,2,50,26,18
/pl/3/library/functions.html,2,2,50,9,27
/pl/3/library/idle.html,2,2,0,46,100
/pl/3/library/test.html,2,2,100,,
/pl/3/library/tkinter.ttk.html,2,1,0,48,93
/pl/3/library/venv.html,2,1,100,518,100
/pl/3/py-modindex.html,2,1,0,3,5
/pl/3/reference/introduction.html,2,2,0,13,100
/pl/3/tutorial/appendix.html,2,3,0,17,67
/pl/3/tutorial/interactive.html,2,1,0,3,100
/pl/3/whatsnew/3.13.html,2,1,0,1,2
/pl/dev/library/string.html,2,1,100,7,36
/pl/dev/reference/datamodel.html,2,2,50,5,15
/pl/dev/search.html,2,3,0,17,100
/pl/dev/tutorial/stdlib.html,2,1,0,7,31
/pl/3.12/contents.html,1,1,0,,
/pl/3.12/library/distutils.html,1,1,0,4,100
/pl/3.12/search.html,1,1,0,1,100
/pl/3.12/tutorial/index.html,1,1,0,3,44
/pl/3.12/tutorial/inputoutput.html,1,1,0,577,100
/pl/3.12/tutorial/venv.html,1,1,0,43,100
/pl/3.13/c-api/buffer.html,1,1,0,,
/pl/3.13/glossary.html,1,1,0,12,8
/pl/3.13/installing/index.html,1,1,0,18,24
/pl/3.13/library/argparse.html,1,1,0,9,4
/pl/3.13/library/constants.html,1,1,0,15,26
/pl/3.13/library/difflib.html,1,3,0,44,100
/pl/3.13/library/idle.html,1,1,0,10,100
/pl/3.13/library/re.html,1,1,0,11,5
/pl/3.13/reference/datamodel.html,1,1,100,13,12
/pl/3.13/tutorial/,1,1,0,,
/pl/3.13/tutorial/errors.html,1,1,0,1,7
/pl/3.13/tutorial/inputoutput.html,1,1,0,,
/pl/3.13/tutorial/stdlib.html,1,1,100,135,14
/pl/3.13/using/cmdline.html,1,1,0,0,15
/pl/3.13/whatsnew/3.8.html,1,1,0,181,3
/pl/3.14/howto/argparse.html,1,1,100,3,6
