name,version,visitors
Chrome,138.0,225480
Microsoft Edge,138.0,89919
Chrome,137.0,14225
Firefox,140.0,12469
Safari,18.5,11543
Chrome,109.0,5782
Opera,120.0,4629
Yandex Browser,25.6,4263
Chrome,136.0,3781
Opera,119.0,3019
Chrome,132.0,2922
Microsoft Edge,137.0,2430
Chrome,135.0,2279
Mobile App,(not set),2062
Chrome,131.0,1694
Chrome,122.0,1370
Chrome,134.0,1346
Firefox,128.0,1260
Microsoft Edge,136.0,1169
Chrome,133.0,1158
Chrome,129.0,1124
Safari,17.6,1110
Firefox,141.0,1076
Safari,18.3,963
Smart Lenovo Browser,9.0,936
Firefox,115.0,934
Microsoft Edge,92.0,930
Quark,(not set),889
Chrome,128.0,825
Microsoft Edge,122.0,710
Samsung Browser,28.0,676
Microsoft Edge,135.0,661
Safari,18.4,641
Chrome,130.0,624
Microsoft Edge,131.0,621
Chrome,126.0,599
Microsoft Edge,134.0,593
Safari,16.6,591
Chrome,86.0,579
Chrome,119.0,569
Mobile App,138.0,532
Microsoft Edge,139.0,526
Chrome,127.0,491
Firefox,139.0,456
Safari,15.6,421
QQ Browser,19.4,417
Safari,17.5,397
Safari,18.1,390
Chrome,120.0,366
Chrome,125.0,365
Whale Browser,4.32,355
Sogou Explorer,2,353
Chrome,121.0,348
Chrome,116.0,339
Microsoft Edge,133.0,334
Safari,18.2,332
Safari,26.0,332
Chrome,114.0,320
Chrome,124.0,307
Firefox,135.0,303
Chrome,140.0,298
Microsoft Edge,109.0,296
Microsoft Edge,127.0,291
Chrome,103.0,268
Safari,18.0,267
Microsoft Edge,100.0,247
Chrome,108.0,246
Microsoft Edge,126.0,246
Microsoft Edge,132.0,245
Firefox,136.0,243
Microsoft Edge,130.0,242
Microsoft Edge,128.0,240
Chrome,118.0,238
Chrome,139.0,237
Chrome,123.0,230
Safari,18.6,229
Safari,17.4,213
Firefox,138.0,196
Microsoft Edge,129.0,187
Yandex Browser,25.4,185
Yandex Browser,24.10,176
Chrome,117.0,175
Huawei Browser Mobile,16.0,165
Firefox,137.0,152
Avast Secure Browser,137.0,148
Safari,17.3,139
Firefox,134.0,130
Huawei Browser,12.1,119
Microsoft Edge,120.0,116
Chrome,87.0,116
Chrome,111.0,114
Opera,95.0,111
Chrome,101.0,110
Microsoft Edge,124.0,106
Chrome,91.0,106
Chrome,107.0,104
Firefox,127.0,104
Safari,17.2,103
Chrome,106.0,101
Safari,17.1,101
MIUI Browser,19.8,99
Microsoft Edge,18.18362,98
Safari,16.5,97
vivo Browser,14.3,95
Chrome,112.0,94
Safari,16.3,94
Opera,90.0,94
Chrome,99.0,92
Yandex Browser,25.2,90
QQ Browser,19.2,89
Chrome,102.0,87
Safari,16.1,86
Microsoft Edge,121.0,84
Microsoft Edge,125.0,83
Quark,7.14,83
Safari,(not set),80
Microsoft Edge,123.0,79
Microsoft Edge,114.0,78
vivo Browser,25.4,78
Samsung Browser,27.0,75
Chrome,93.0,73
Microsoft Edge,119.0,72
Chrome,95.0,70
Chrome,97.0,70
Chrome,69.0,68
Chrome,105.0,66
Safari,17.0,66
Chrome,74.0,66
AVG Secure Browser,137.0,65
Safari,14.1,65
Chrome,113.0,64
Microsoft Edge,116.0,64
MIUI Browser,14.37,61
Safari,16.4,61
Chrome,78.0,61
Chrome,110.0,60
Microsoft Edge,113.0,60
Chrome,115.0,60
Microsoft Edge,118.0,60
Chrome,104.0,59
QQ Browser,19.3,59
Firefox,130.0,57
Chrome,79.0,56
Chrome,94.0,56
Microsoft Edge,140.0,53
Mobile App,97.0,53
Mobile App,114.0,52
Microsoft Edge,117.0,51
Chrome,80.0,51
Microsoft Edge,89.0,51
Chrome,98.0,50
Firefox,133.0,48
Huawei Browser Mobile,15.0,48
Chrome,83.0,45
Chrome,75.0,44
Microsoft Edge,106.0,43
Microsoft Edge,107.0,43
Microsoft Edge,115.0,43
Safari,16.0,43
Microsoft Edge,86.0,43
Brave,(not set),42
Safari,13.1,42
Safari,15.4,42
Safari,17.13,42
Microsoft Edge,18.18363,42
Chrome,92.0,42
Mobile App,131.0,41
Microsoft Edge,16.16299,41
Microsoft Edge,112.0,40
Firefox,113.0,40
QQ Browser,13.7,40
Chrome,90.0,39
Norton Private Browser,137.0,38
vivo Browser,14.2,38
Microsoft Edge,17.17134,38
Microsoft Edge,18.17763,38
Chrome,70.0,38
Chrome,89.0,38
Microsoft Edge,90.0,37
(not set),(not set),36
Safari,19.0,36
Chrome,77.0,36
Chrome,81.0,36
Safari,12.1,35
Firefox,131.0,35
Firefox,132.0,35
Microsoft Edge,18.19041,35
Samsung Browser,26.0,35
Chrome,96.0,34
Firefox,116.0,32
MIUI Browser,14.10,32
Safari,16.2,32
Microsoft Edge,84.0,32
Firefox,142.0,31
MIUI Browser,19.9,31
Chrome,71.0,31
Chrome,100.0,28
Firefox,129.0,28
Chrome,63.0,28
Quark,7.13,28
Mobile App,109.0,27
Mobile App,130.0,27
Yandex Browser,25.7,27
Hi Browser,2.24,26
Chrome,84.0,26
Opera,118.0,25
Safari,17.8,25
QQ Browser,19.1,25
Chrome,88.0,25
Mobile App,137.0,24
QQ Browser,12.2,23
Safari,14.0,23
Firefox,52.0,23
Opera,92.0,23
Microsoft Edge,111.0,22
Firefox,125.0,22
Opera,79.0,22
Firefox,111.0,21
Microsoft Edge,14.14393,21
Firefox,140.3,21
Safari,15.1,21
Safari,15.5,21
Chrome,49.0,21
Chrome,62.0,21
Yandex Browser,25.64,20
Microsoft Edge,15.15063,19
Yandex Browser,24.7,19
vivo Browser,25.1,19
JioSphere,5.0,19
Mobile App,83.0,19
Avast Secure Browser,109.0,18
Opera,121.0,18
Firefox,123.0,18
Safari,15.3,18
Safari,17.7,18
Opera GX,2.8,18
Chromium,(not set),17
UC Browser,17.8,17
Yandex Browser,23.7,17
vivo Browser,25.2,17
vivo Browser,25.3,17
SberBrowser,28.0,17
Microsoft Edge,108.0,16
Mobile App,119.0,16
Mobile App,126.0,16
Chrome,138,16
vivo Browser,25.5,16
Opera,116.0,15
Opera,117.0,15
Avast Secure Browser,138.0,15
QtWebEngine,6.9,15
Chrome,66.0,15
Firefox,88.0,15
Firefox,91.0,15
Firefox,102.0,14
Safari,11.1,14
Mobile App,116.0,14
QQ Browser,13.5,14
CCleaner,137.0,14
Samsung Browser,24.0,14
Yandex Browser,24.1,14
Chrome,76.0,14
Mobile App,92.0,14
Microsoft Edge,110.0,13
Opera,114.0,13
Firefox,122.0,13
QQ Browser,13.6,13
Yandex Browser,25.61,13
Opera,93.0,13
Firefox,121.0,12
Firefox,126.0,12
vivo Browser,14.0,12
Samsung Browser,22.0,12
Samsung Browser,25.0,12
QtWebEngine,5.15,12
Chrome,73.0,12
Firefox,78.0,12
Firefox,112.0,11
Firefox,120.0,11
Safari,15.2,11
Samsung Browser,23.0,11
Yandex Browser,24.12,11
Yandex Browser,25.62,11
Smart Lenovo Browser,8.0,11
Chrome,85.0,11
Safari,10.0,10
Firefox,103.0,10
AVG Secure Browser,109.0,10
QQ Browser,11.9,10
Opera,113.0,10
Avira Secure Browser,137.0,10
Huawei Browser Mobile,14.0,10
MIUI Browser,19.7,10
Yandex Browser,23.5,10
vivo Browser,23.6,10
Yandex Browser,23.9,10
Chrome,47.0,10
Huawei Browser Mobile,5.1,10
Chrome,55.0,10
QQ Browser,6.2,10
