name,visitors,pageviews,bounce_rate,time_on_page,scroll_depth
/3.14/whatsnew/3.14.html,783,843,75,117,20
/3.14/,624,686,40,12,73
/3.14/tutorial/index.html,253,272,64,33,47
/3.14/using/windows.html,209,224,75,63,20
/3.14/index.html,72,72,50,38,71
/3.14/search.html,66,113,41,26,68
/3.14/library/index.html,65,82,64,44,42
/3.14/installing/index.html,44,35,64,26,57
/3.14/reference/compound_stmts.html,43,42,44,61,20
/3.14/library/stdtypes.html,41,42,50,55,31
/3.14/whatsnew/changelog.html,41,59,73,82,4
/3.14/tutorial/interpreter.html,40,35,55,49,80
/3.14/library/functions.html,36,34,91,97,53
/3.14/whatsnew/3.13.html,35,32,29,25,17
/3.14/download.html,33,29,78,17,77
/3.14/tutorial/appetite.html,33,30,45,18,77
/3.14/tutorial/introduction.html,28,23,71,112,60
/3.14/py-modindex.html,27,23,67,38,45
/3.14/reference/index.html,22,23,33,13,55
/3.14/tutorial/controlflow.html,21,15,60,182,69
/3.14/whatsnew/index.html,21,15,50,7,23
/zh-cn/3.14/tutorial/index.html,20,16,83,26,67
/zh-cn/3.14/,19,18,100,10,84
/3.14/glossary.html,18,19,100,49,59
/3.14/library/exceptions.html,18,13,67,67,75
/3.14/tutorial/,18,22,57,24,47
/zh-cn/3.14/whatsnew/3.14.html,18,14,60,365,24
/3.14/using/index.html,17,16,67,10,72
/3.14/using/cmdline.html,16,14,67,83,30
/3.14/contents.html,15,13,0,9,2
/zh-cn/3.14/library/index.html,15,14,50,46,51
/3.14/library/annotationlib.html,14,12,100,22,56
/3.14/reference/expressions.html,14,13,80,18,41
/3.14/library/multiprocessing.html,13,13,60,56,58
/3.14/distributing/index.html,12,9,67,5,100
/3.14/library/math.html,11,13,100,66,45
/3.14/using/configure.html,11,10,0,8,33
/es/3.14/tutorial/index.html,11,15,60,16,38
/ja/3.14/tutorial/index.html,11,45,20,30,61
/3.14/genindex.html,10,12,100,6,99
/3.14/library/typing.html,10,9,80,155,64
/3.14/library/uuid.html,10,7,67,16,47
/ja/3.14/,10,14,40,10,87
/ja/3.14/tutorial/interpreter.html,10,9,100,10,59
/zh-cn/3.14/whatsnew/,10,10,56,4,7
/3.14/deprecations/index.html,9,7,100,15,27
/ja/3.14/library/index.html,9,10,100,11,20
/zh-tw/3.14/whatsnew/3.14.html,9,6,0,31,10
/3.14/c-api/index.html,8,8,80,12,49
/3.14/faq/index.html,8,10,67,6,100
/3.14/library/concurrent.futures.html,8,7,100,25,49
/3.14/library/os.html,8,7,100,24,40
/3.14/library/random.html,8,5,0,135,40
/3.14/library/string.html,8,6,0,31,72
/zh-cn/3.14/index.html,8,11,100,10,84
/zh-cn/3.14/tutorial/controlflow.html,8,11,83,65,55
/3.14/howto/index.html,7,9,100,28,82
/3.14/library/ast.html,7,7,0,68,49
/3.14/library/queue.html,7,4,0,4,18
/3.14/reference/introduction.html,7,4,0,26,85
/3.14/whatsnew/3.12.html,7,8,100,100,4
/ja/3.14/index.html,7,29,75,21,71
/zh-cn/3.14/contents.html,7,8,50,22,16
/zh-cn/3.14/using/windows.html,7,7,50,31,24
/zh-cn/3.14/whatsnew/3.13.html,7,7,40,60,7
/3.14/extending/index.html,6,5,100,9,51
/3.14/library/argparse.html,6,7,67,10,10
/3.14/library/constants.html,6,5,0,30,72
/3.14/library/intro.html,6,4,0,98,68
/3.14/library/pathlib.html,6,4,100,19,68
/3.14/library/webbrowser.html,6,5,67,256,66
/3.14/reference/simple_stmts.html,6,7,0,27,58
/fr/3.14/search.html,6,10,0,40,84
/ja/3.14/tutorial/,6,7,0,19,49
/ja/3.14/tutorial/appetite.html,6,7,0,24,86
/ja/3.14/whatsnew/3.14.html,6,8,100,18,14
/zh-cn/3.14/library/stdtypes.html,6,5,100,6,24
/zh-tw/3.14/,6,4,0,9,76
/3.14/bugs.html,5,4,100,68,77
/3.14/copyright.html,5,4,67,6,100
/3.14/faq/programming.html,5,4,0,31,32
/3.14/library/__future__.html,5,8,0,18,64
/3.14/library/calendar.html,5,4,0,69,19
/3.14/library/ctypes.html,5,4,0,63,60
/3.14/library/inspect.html,5,4,0,36,51
/3.14/library/logging.html,5,5,100,13,7
/3.14/library/threading.html,5,4,100,28,39
/3.14/reference/datamodel.html,5,4,0,24,57
/3.14/tutorial/classes.html,5,4,100,7,33
/3.14/tutorial/datastructures.html,5,5,50,144,62
/3.14/tutorial/modules.html,5,4,100,24,27
/3.14/tutorial/venv.html,5,3,0,37,47
/es/3.14/,5,4,0,18,72
/es/3.14/contents.html,5,5,75,10,2
/ja/3.14/installing/index.html,5,4,0,27,58
/ja/3.14/reference/index.html,5,9,0,17,100
/ja/3.14/tutorial/controlflow.html,5,8,0,12,34
/ja/3.14/tutorial/floatingpoint.html,5,6,0,12,29
/ja/3.14/tutorial/introduction.html,5,9,0,357,30
/ko/3.14/tutorial/index.html,5,9,40,30,39
