name,version,visitors
Chrome,137.0,135047
Microsoft Edge,137.0,50684
Chrome,136.0,18633
Firefox,139.0,9417
Safari,18.5,8583
Opera,119.0,6358
Microsoft Edge,136.0,6076
Yandex Browser,25.4,4970
Chrome,109.0,3526
Chrome,135.0,3209
Mobile App,(not set),1747
Chrome,132.0,1633
Chrome,122.0,1513
Chrome,134.0,1441
Safari,18.3,1251
Safari,18.4,1243
Safari,17.6,1063
Smart Lenovo Browser,9.0,1025
Chrome,131.0,1008
Chrome,133.0,879
Microsoft Edge,135.0,864
Firefox,128.0,827
Firefox,138.0,789
Chrome,129.0,734
Samsung Browser,28.0,693
Quark,(not set),653
Microsoft Edge,92.0,621
Microsoft Edge,131.0,577
Chrome,128.0,557
Firefox,115.0,547
Safari,16.6,516
Microsoft Edge,134.0,498
Chrome,130.0,447
Safari,18.1,435
Microsoft Edge,122.0,412
Chrome,126.0,409
Chrome,86.0,380
Safari,15.6,377
Safari,17.5,376
Chrome,119.0,352
Safari,18.2,342
Microsoft Edge,133.0,339
Chrome,127.0,331
Mobile App,136.0,325
Whale Browser,4.31,322
Firefox,135.0,310
QQ Browser,19.2,307
Chrome,114.0,283
Sogou Explorer,2,283
Opera,118.0,274
Microsoft Edge,127.0,266
Chrome,125.0,260
Chrome,116.0,250
Chrome,120.0,246
Chrome,121.0,243
Firefox,137.0,239
Safari,18.0,237
Yandex Browser,24.10,233
Microsoft Edge,132.0,231
Microsoft Edge,126.0,220
Microsoft Edge,128.0,219
Microsoft Edge,109.0,217
Microsoft Edge,130.0,217
Safari,17.4,199
Chrome,103.0,188
Microsoft Edge,129.0,188
Chrome,123.0,183
Chrome,139.0,179
Firefox,136.0,172
Chrome,124.0,153
Chrome,108.0,152
Chrome,118.0,147
Avast Secure Browser,136.0,140
Firefox,140.0,128
Huawei Browser,12.1,119
Mobile App,137.0,117
Microsoft Edge,100.0,115
Safari,17.3,115
Huawei Browser Mobile,16.0,112
Chrome,138.0,108
Yandex Browser,25.2,107
Chrome,117.0,101
Opera,95.0,101
Opera,89.0,99
vivo Browser,24.7,98
Firefox,134.0,95
Microsoft Edge,124.0,93
Safari,17.1,93
QQ Browser,13.7,92
Microsoft Edge,120.0,83
Microsoft Edge,123.0,83
Chrome,101.0,82
Samsung Browser,27.0,78
Safari,14.1,76
Safari,16.5,76
vivo Browser,14.0,75
MIUI Browser,19.5,75
Safari,16.3,73
Safari,(not set),72
Safari,17.2,72
Safari,16.1,71
Firefox,127.0,69
Mobile App,130.0,68
Quark,7.12,67
Chrome,95.0,67
Mobile App,114.0,65
AVG Secure Browser,136.0,62
Microsoft Edge,138.0,61
QQ Browser,19.0,60
Chrome,92.0,60
Chrome,99.0,60
Chrome,107.0,59
Safari,17.0,57
Brave,(not set),55
Microsoft Edge,125.0,55
MIUI Browser,14.34,55
Huawei Browser Mobile,15.0,55
Chrome,87.0,54
Chrome,111.0,53
Opera,117.0,53
Safari,16.4,52
Firefox,130.0,51
Chrome,112.0,50
Microsoft Edge,119.0,49
Chrome,115.0,48
Microsoft Edge,118.0,48
Chrome,81.0,48
Chrome,91.0,48
Microsoft Edge,121.0,47
Chrome,97.0,46
Mobile App,97.0,45
Chrome,106.0,44
Firefox,129.0,44
MIUI Browser,19.6,44
Chrome,79.0,42
Microsoft Edge,114.0,41
MIUI Browser,14.32,40
Chrome,94.0,40
Chrome,78.0,39
Microsoft Edge,113.0,38
Microsoft Edge,18.18363,38
vivo Browser,24.8,38
Microsoft Edge,89.0,38
Safari,13.1,37
Safari,16.0,37
Firefox,133.0,36
Mobile App,126.0,35
UC Browser,17.6,35
Microsoft Edge,18.18362,35
Chrome,80.0,35
Microsoft Edge,116.0,34
Samsung Browser,26.0,34
Chrome,105.0,33
Safari,16.2,33
Microsoft Edge,18.17763,33
QQ Browser,19.3,33
Mobile App,109.0,32
Microsoft Edge,115.0,32
Firefox,131.0,32
Chrome,113.0,30
Yandex Browser,25.45,30
Microsoft Edge,117.0,29
Safari,15.4,29
Safari,17.13,29
Safari,17.8,29
Samsung Browser,24.0,29
Chrome,63.0,29
Safari,15.3,28
Chrome,70.0,28
Microsoft Edge,90.0,28
Microsoft Edge,106.0,27
Yandex Browser,24.7,27
Samsung Browser,25.0,27
Chrome,98.0,26
Chrome,102.0,25
Chrome,104.0,25
Chrome,110.0,25
Firefox,132.0,25
Mobile App,83.0,25
Chrome,85.0,25
Opera,91.0,25
Chrome,74.0,24
Chrome,83.0,24
Firefox,52.0,23
Chrome,90.0,23
Chrome,93.0,23
Chrome,100.0,22
Firefox,141.0,22
Microsoft Edge,16.16299,22
Safari,17.7,22
Avast Secure Browser,109.0,21
Mobile App,131.0,21
QQ Browser,19.1,21
Chrome,49.0,21
Mobile App,116.0,20
Huawei Browser Mobile,5.1,20
Chrome,69.0,20
Microsoft Edge,107.0,19
Firefox,116.0,19
Opera,121.0,19
MIUI Browser,14.10,19
Firefox,57.0,19
Chrome,96.0,19
AVG Secure Browser,109.0,18
Safari,15.1,18
vivo Browser,24.6,18
JioSphere,5.0,18
(not set),(not set),17
Microsoft Edge,110.0,17
Norton Private Browser,136.0,17
Yandex Browser,25.43,17
Chrome,77.0,17
Microsoft Edge,86.0,17
Microsoft Edge,111.0,16
Firefox,113.0,16
QQ Browser,12.2,16
Chrome,137,16
Safari,14.0,16
Safari,15.5,16
Hi Browser,2.24,16
Yandex Browser,23.9,16
Yandex Browser,24.1,16
Chrome,75.0,16
Firefox,91.0,16
Safari,12.1,15
Microsoft Edge,17.17134,15
Microsoft Edge,84.0,15
Microsoft Edge,112.0,14
Opera,116.0,14
Avast Secure Browser,134.0,14
vivo Browser,24.5,14
UBrowser,6.2,14
Chrome,72.0,14
CCleaner,136.0,13
Microsoft Edge,14.14393,13
Microsoft Edge,18.19041,13
MIUI Browser,19.3,13
Yandex Browser,24.12,13
Opera Touch,5.5,13
Chrome,68.0,13
Firefox,88.0,13
Chrome,89.0,13
QQ Browser,11.9,12
Mobile App,123.0,12
Avast Secure Browser,137.0,12
Samsung Browser,23.0,12
Yandex Browser,25.6,12
Whale Browser,4.32,12
QQ Browser,6.2,12
Safari,60.5,12
Opera,79.0,12
Safari,11.1,11
Firefox,110.0,11
Mobile App,120.0,11
Firefox,125.0,11
Microsoft Edge,139.0,11
Opera GX,2.8,11
Samsung Browser,21.0,11
Yandex Browser,23.7,11
vivo Browser,24.3,11
vivo Browser,4.9,11
Chrome,71.0,11
Chromium,(not set),10
Microsoft Edge,108.0,10
Opera,113.0,10
Firefox,121.0,10
Firefox,123.0,10
QQ Browser,13.4,10
Safari,15.2,10
Firefox,44.0,10
QtWebEngine,6.9,10
Opera,90.1,10
Mobile App,103.0,9
Firefox,111.0,9
Opera,114.0,9
Huawei Browser,12.0,9
QQ Browser,13.5,9
Samsung Browser,22.0,9
Yandex Browser,22.11,9
Yandex Browser,25.26,9
Yandex Browser,25.3,9
Yandex Browser,25.41,9
Safari,10.0,8
Firefox,109.0,8
Firefox,114.0,8
Firefox,117.0,8
QQ Browser,13.6,8
Huawei Browser Mobile,14.0,8
MIUI Browser,14.35,8
Microsoft Edge,15.15063,8
Safari,17.10,8
Hi Browser,2.23,8
vivo Browser,23.6,8
Chrome,66.0,8
Quark,7.11,8
Firefox,72.0,8
Chrome,88.0,8
Chrome,109.1,7
Huawei Browser,11.0,7
Huawei Browser Mobile,11.1,7
