name,unique_entrances,total_entrances,visit_duration
/pt-br/3/library/venv.html,138,139,36
/pt-br/3/,119,125,128
/pt-br/3/tutorial/index.html,112,121,118
/3/,87,87,558
/pt-br/3/library/tkinter.html,79,82,56
/pt-br/3.13/library/math.html,66,72,263
/pt-br/3.13/tutorial/index.html,62,64,187
/pt-br/3/library/stdtypes.html,61,63,20
/pt-br/dev/library/venv.html,59,61,69
/pt-br/3/tutorial/datastructures.html,58,62,49
/pt-br/3/library/,53,56,240
/pt-br/3/library/string.html,49,49,60
/pt-br/3/tutorial/,49,52,49
/pt-br/3/tutorial/classes.html,44,47,200
/pt-br/3.13/,43,49,148
/pt-br/3.13/library/index.html,41,43,161
/pt-br/3.13/tutorial/datastructures.html,41,42,79
/pt-br/3/library/functions.html,40,41,47
/pt-br/3/library/random.html,37,38,45
/pt-br/3/tutorial/controlflow.html,36,39,54
/pt-br/3/tutorial/inputoutput.html,32,32,104
/pt-br/3/library/tk.html,28,29,118
/pt-br/3.13/library/functions.html,27,28,34
/pt-br/3/library/math.html,27,27,36
/pt-br/3/tutorial/introduction.html,27,27,18
/pt-br/3.13/library/stdtypes.html,26,30,112
/pt-br/3/tutorial/interpreter.html,25,26,87
/pt-br/3.13/library/random.html,24,25,312
/pt-br/3/library/os.html,24,25,46
/pt-br/3/tutorial/errors.html,24,24,11
/pt-br/3/library/index.html,23,23,159
/pt-br/3/library/datetime.html,22,22,75
/pt-br/3/library/re.html,22,22,24
/pt-br/3/faq/windows.html,21,21,4
/pt-br/3/library/__main__.html,20,21,37
/3.13/tutorial/index.html,18,18,605
/pt-br/3.13/library/tkinter.html,18,18,131
/pt-br/3/howto/logging.html,18,18,49
/pt-br/3/tutorial/appetite.html,17,17,444
/pt-br/3/tutorial/modules.html,17,17,6
/pt-br/3.13/search.html,16,16,520
/pt-br/3.13/tutorial/interpreter.html,16,17,2
/pt-br/3/search.html,15,15,142
/3/library/venv.html,14,14,323
/pt-br/3.13/tutorial/introduction.html,14,15,225
/pt-br/3/using/cmdline.html,14,14,67
/pt-br/dev/howto/sorting.html,14,15,37
/pt-br/3.13/faq/windows.html,13,13,0
/pt-br/3.13/library/csv.html,13,13,139
/pt-br/dev/library/functions.html,13,13,0
/pt-br/3.13/glossary.html,12,12,1
/pt-br/3.13/library/time.html,12,12,187
/pt-br/3/library/statistics.html,12,13,0
/pt-br/3.13/tutorial/classes.html,11,11,102
/pt-br/3.13/tutorial/controlflow.html,11,11,205
/pt-br/3.13/using/windows.html,11,11,296
/pt-br/3/using/android.html,11,11,52
/pt-br/dev/library/unittest.html,11,14,318
/pt-br/dev/tutorial/datastructures.html,11,11,159
/3/tutorial/index.html,10,10,300
/pt-br/3.13/library/os.path.html,10,10,20
/pt-br/3/howto/sorting.html,10,10,647
/pt-br/3/library/exceptions.html,10,11,6
/3/library/tkinter.html,9,9,246
/pt-br/3.13/tutorial/appetite.html,9,9,282
/pt-br/3/library/json.html,9,9,0
/pt-br/3/library/subprocess.html,9,10,16
/pt-br/3/library/sys.html,9,9,0
/pt-br/3/using/mac.html,9,10,18
/pt-br/dev/howto/logging.html,9,9,0
/pt-br/dev/howto/regex.html,9,9,28
/3/library/random.html,8,8,1800
/pt-br/3.13/library/string.html,8,8,0
/pt-br/3.13/library/turtle.html,8,8,52
/pt-br/3.13/tutorial/errors.html,8,11,4
/pt-br/3/contents.html,8,8,227
/pt-br/3/library/pathlib.html,8,8,6
/pt-br/3/py-modindex.html,8,8,238
/pt-br/3/tutorial/venv.html,8,9,1
/pt-br/3/using/windows.html,8,8,160
/pt-br/3/whatsnew/3.13.html,8,8,26
/pt-br/dev/faq/general.html,8,9,0
/3.13/,7,7,426
/3/library/idle.html,7,7,58
/3/library/index.html,7,7,774
/3/library/math.html,7,7,1325
/3/library/string.html,7,8,187
/3/library/subprocess.html,7,7,149
/pt-br/3/library/itertools.html,7,7,391
/pt-br/3/library/zipfile.html,7,7,1
/pt-br/3/reference/index.html,7,7,168
/pt-br/dev/library/tkinter.html,7,7,301
/pt-br/dev/reference/import.html,7,7,0
/3.13/using/windows.html,6,6,615
/3/library/functions.html,6,6,208
/3/library/logging.html,6,6,226
/3/search.html,6,6,363
/pt-br/3.13/download.html,6,6,165
/pt-br/3.13/library/datetime.html,6,7,112
/pt-br/3.13/library/venv.html,6,6,205
/pt-br/3.13/py-modindex.html,6,6,386
/pt-br/3.13/tutorial/inputoutput.html,6,7,141
/pt-br/3/library/copy.html,6,6,4
/pt-br/3/library/dataclasses.html,6,6,0
/pt-br/3/library/filesys.html,6,6,69
/pt-br/3/library/unittest.html,6,6,38
/pt-br/3/reference/expressions.html,6,6,415
/3/download.html,5,5,41
/3/library/re.html,5,5,413
/3/library/tk.html,5,6,1096
/3/tutorial/datastructures.html,5,5,489
/pt-br/3.13/using/index.html,5,5,4
/pt-br/3/library/asyncio.html,5,5,0
/pt-br/3/library/getpass.html,5,5,25
/pt-br/3/library/intro.html,5,5,8
/pt-br/3/library/shutil.html,5,5,5
/pt-br/3/library/time.html,5,6,0
/pt-br/3/library/typing.html,5,5,0
/pt-br/3/reference/compound_stmts.html,5,5,0
/pt-br/dev/using/ios.html,5,5,0
/3.15/,4,4,140
/3/library/stdtypes.html,4,4,1536
/3/reference/index.html,4,4,150
/3/whatsnew/3.10.html,4,4,1873
/pt-br/3.12/library/tkinter.font.html,4,4,26
/pt-br/3.13/c-api/intro.html,4,4,0
/pt-br/3.13/c-api/set.html,4,4,5
/pt-br/3.13/library/operator.html,4,4,48
/pt-br/3.13/whatsnew/3.13.html,4,4,0
/pt-br/3.13/whatsnew/index.html,4,4,6
/pt-br/3/faq/programming.html,4,4,0
/pt-br/3/index.html,4,4,202
/pt-br/3/installing/index.html,4,4,10
/pt-br/3/library/abc.html,4,4,383
/pt-br/3/library/collections.html,4,4,0
/pt-br/3/library/glob.html,4,4,2
/pt-br/3/library/logging.html,4,4,0
/pt-br/3/library/pickle.html,4,4,0
/pt-br/3/library/trace.html,4,4,0
/3/library/collections.html,3,3,548
/3/library/csv.html,3,3,810
/3/library/dataclasses.html,3,3,419
/3/library/datetime.html,3,4,138
/3/library/http.client.html,3,3,1255
/3/library/smtplib.html,3,3,788
/3/library/turtle.html,3,3,125
/3/tutorial/,3,3,7
/3/tutorial/modules.html,3,3,70
/pt-br/3.12/howto/regex.html,3,3,1
/pt-br/3.13/installing/index.html,3,3,393
/pt-br/3.13/library/decimal.html,3,3,0
/pt-br/3.13/library/numeric.html,3,3,1526
/pt-br/3.13/library/re.html,3,3,0
/pt-br/3.13/library/statistics.html,3,3,244
/pt-br/3.13/reference/datamodel.html,3,3,543
/pt-br/3.13/reference/lexical_analysis.html,3,3,1
/pt-br/3.13/tutorial/,3,3,50
/pt-br/3.13/tutorial/appendix.html,3,3,304
/pt-br/3.14/library/math.html,3,5,0
/pt-br/3.14/tutorial/introduction.html,3,3,0
/pt-br/3/glossary.html,3,3,23
/pt-br/3/howto/enum.html,3,3,0
/pt-br/3/library/argparse.html,3,3,3
/pt-br/3/library/asyncio-task.html,3,3,0
/pt-br/3/library/graphlib.html,3,3,100
/pt-br/3/library/http.html,3,3,58
/pt-br/3/library/mimetypes.html,3,3,156
/pt-br/3/library/secrets.html,3,3,1
/pt-br/3/library/tkinter.ttk.html,3,6,373
/pt-br/3/library/warnings.html,3,3,25
/pt-br/3/reference/datamodel.html,3,3,0
/pt-br/3/using/editors.html,3,3,11
/pt-br/dev/howto/curses.html,3,3,0
/pt-br/dev/library/heapq.html,3,4,668
/pt-br/dev/library/ipaddress.html,3,4,0
/3.12/,2,2,24
/3.12/library/struct.html,2,2,234
/3.13/tutorial/,2,2,844
/3.13/tutorial/appetite.html,2,2,376
/3/library/__main__.html,2,2,49
/3/library/argparse.html,2,2,352
/3/library/asyncio.html,2,2,580
/3/library/doctest.html,2,2,1853
/3/library/hashlib.html,2,2,369
/3/library/heapq.html,2,2,1374
/3/library/itertools.html,2,2,40
/3/library/json.html,2,2,40
/3/library/os.html,2,2,206
/3/library/pathlib.html,2,2,140
/3/library/pprint.html,2,2,314
/3/library/socket.html,2,2,588
/3/library/struct.html,2,2,866
/3/library/sys.html,2,2,750
/3/library/threading.html,2,2,18
/3/library/time.html,2,2,642
/3/library/unittest.html,2,2,717
/3/library/zipfile.html,2,2,27
/3/tutorial/classes.html,2,2,163
/3/tutorial/errors.html,2,2,1994
/3/tutorial/inputoutput.html,2,2,6
/3/whatsnew/3.13.html,2,2,100
/pt-br/3.12/,2,2,163
/pt-br/3.12/library/tkinter.html,2,2,14
/pt-br/3.12/tutorial/index.html,2,2,20
/pt-br/3.13/index.html,2,2,584
/pt-br/3.13/library/__future__.html,2,2,90
/pt-br/3.13/library/asyncio-queue.html,2,2,28
/pt-br/3.13/library/configparser.html,2,2,0
/pt-br/3.13/library/contextlib.html,2,2,0
/pt-br/3.13/library/copy.html,2,2,0
/pt-br/3.13/library/heapq.html,2,2,0
/pt-br/3.13/library/http.client.html,2,2,40
/pt-br/3.13/library/keyword.html,2,2,27
/pt-br/3.13/library/locale.html,2,2,0
/pt-br/3.13/library/tkinter.messagebox.html,2,2,0
/pt-br/3.13/library/unittest.mock-examples.html,2,3,0
/pt-br/3.13/library/warnings.html,2,2,0
/pt-br/3.13/library/xml.etree.elementtree.html,2,2,0
/pt-br/3.13/using/mac.html,2,2,0
/pt-br/3.13/whatsnew/3.10.html,2,2,8
/pt-br/3.14/library/functions.html,2,2,0
/pt-br/3.15/,2,2,1106
/pt-br/3.15/library/webbrowser.html,2,2,174
/pt-br/3.15/whatsnew/3.14.html,2,2,0
/pt-br/3/download.html,2,2,0
/pt-br/3/faq/general.html,2,2,26
/pt-br/3/howto/functional.html,2,2,0
/pt-br/3/howto/regex.html,2,2,0
/pt-br/3/howto/sockets.html,2,2,0
/pt-br/3/library/atexit.html,2,2,0
/pt-br/3/library/bisect.html,2,2,374
/pt-br/3/library/datatypes.html,2,2,14
/pt-br/3/library/dialog.html,2,2,8
/pt-br/3/library/marshal.html,2,2,426
/pt-br/3/library/persistence.html,2,2,390
/pt-br/3/library/timeit.html,2,2,1
/pt-br/3/library/zoneinfo.html,2,2,0
/pt-br/3/reference/import.html,2,2,312
/pt-br/3/tutorial/floatingpoint.html,2,2,362
/pt-br/3/tutorial/stdlib2.html,2,2,32
/pt-br/dev/library/pdb.html,2,2,0
/pt-br/dev/library/re.html,2,2,0
/pt-br/dev/library/string.html,2,2,76
/pt-br/dev/library/types.html,2,2,0
/pt-br/dev/reference/executionmodel.html,2,2,10
/pt-br/dev/using/cmdline.html,2,2,0
/pt-br/dev/using/windows.html,2,2,0
/3.12/reference/simple_stmts.html,1,1,4246
/3.12/using/windows.html,1,1,0
/3.13/index.html,1,1,977
/3.13/library/__future__.html,1,1,213
/3.13/library/index.html,1,1,5864
/3.13/library/math.html,1,1,2837
/3.13/search.html,1,1,27
/3.13/tutorial/controlflow.html,1,1,8501
/3.13/tutorial/interpreter.html,1,1,466
/3.13/whatsnew/3.13.html,1,1,29
/3.14/index.html,1,1,0
/3.14/using/windows.html,1,1,95
/3.14/whatsnew/3.14.html,1,1,306
/3.15/whatsnew/3.15.html,1,1,592
/3/faq/,1,1,504
/3/genindex-I.html,1,1,203
/3/genindex-all.html,1,1,643
/3/glossary.html,1,1,147
/3/howto/annotations.html,1,1,103
/3/howto/argparse.html,1,1,60
/3/howto/curses.html,1,1,2015
/3/howto/logging.html,1,1,0
/3/howto/regex.html,1,1,1263
/3/installing/index.html,1,1,269
/3/library/__future__.html,1,1,544
/3/library/array.html,1,1,0
/3/library/asyncio-eventloop.html,1,1,1678
/3/library/asyncio-protocol.html,1,1,1180
/3/library/base64.html,1,1,11
/3/library/configparser.html,1,1,1001
/3/library/constants.html,1,1,854
/3/library/ctypes.html,1,1,115
/3/library/email.examples.html,1,1,1408
/3/library/enum.html,1,1,777
/3/library/exceptions.html,1,1,395
/3/library/ftplib.html,1,1,44
/3/library/importlib.html,1,1,2073
/3/library/mimetypes.html,1,1,51
/3/library/multiprocessing.html,1,1,0
/3/library/pickle.html,1,1,4
/3/library/secrets.html,1,1,0
/3/library/site.html,1,1,873
/3/library/telnetlib.html,1,1,619
/3/library/tempfile.html,1,1,0
/3/library/tkinter.ttk.html,1,1,0
/3/library/typing.html,1,1,0
/3/library/urllib.error.html,1,1,126
/3/library/urllib.html,1,1,825
/3/library/webbrowser.html,1,1,0
/3/library/xml.etree.elementtree.html,1,1,0
/3/license.html,1,1,11
/3/py-modindex.html,1,1,10
/3/reference/introduction.html,1,1,64
