property,value,visitors,events,percentage
url,(none),8880,18358,99.5
url,https://www.python.org/,164,187,1.8
url,https://www.python.org/downloads/,83,85,0.9
url,https://github.com/python/cpython/tree/3.14/Lib/idlelib/,38,52,0.4
url,https://docs.python.org/zh-cn/3.14/archives/python-3.14-docs-html.zip,29,29,0.3
url,https://apps.microsoft.com/detail/9NQ7512CXL7T,23,25,0.3
url,https://docs.python.org/zh-cn/3/archives/python-3.14-docs-html.zip,16,17,0.2
url,https://docs.python.org/zh-cn/3.14/archives/python-3.14-docs-text.zip,15,19,0.2
url,https://github.com/python/cpython/tree/3.13/Lib/idlelib/,14,16,0.2
url,https://www.python.org/downloads/macos/,13,13,0.1
url,https://devguide.python.org/documentation/start-documenting/#building-the-documentation,10,10,0.1
url,https://tkdocs.com/,10,10,0.1
url,https://docs.python.org/zh-cn/3/archives/python-3.14-docs-text.zip,9,10,0.1
url,https://pypi.org/,9,9,0.1
url,https://docs.python.org/zh-cn/3.14/archives/python-3.14-docs.epub,8,8,0.1
url,https://github.com/python/cpython/tree/3.14/Lib/idlelib,8,8,0.1
url,https://docs.python.org/zh-cn/3/archives/python-3.14-docs.epub,7,8,0.1
url,https://www.python.org/doc/versions/,7,7,0.1
url,https://www.tkdocs.com/shipman/,7,9,0.1
url,https://packaging.python.org/science/,6,7,0.1
url,https://docs.python.org/zh-cn/3.13/archives/python-3.13-docs-html.zip,5,5,0.1
url,https://docs.python.org/zh-cn/3.13/archives/python-3.13-docs.epub,5,5,0.1
url,https://packaging.python.org/en/latest/tutorials/installing-packages/#ensure-pip-setuptools-and-wheel-are-up-to-date,5,5,0.1
url,https://peps.python.org/pep-0397/,5,5,0.1
url,https://www.tcl.tk/man/tcl8.6/TkCmd/contents.htm,5,5,0.1
url,https://docs.python.org/zh-cn/3.14/archives/python-3.14-docs-texinfo.zip,4,5,0.0
url,https://www.debian.org/doc/manuals/maint-guide/first.en.html,4,4,0.0
url,https://brew.sh/,3,3,0.0
url,https://briefcase.readthedocs.io/,3,4,0.0
url,https://docs.python.org/zh-cn/3.13/archives/python-3.13-docs-text.zip,3,3,0.0
url,https://github.com/python/cpython/tree/3.14/Lib/turtle.py,3,3,0.0
url,https://sqlite.org/,3,3,0.0
url,https://cibuildwheel.pypa.io/en/stable/platforms/#android,2,2,0.0
url,https://docs.python.org/zh-cn/3.13/archives/python-3.13-docs-pdf-a4.zip,2,2,0.0
url,https://docs.python.org/zh-cn/3.14/archives/python-3.14-docs-html.tar.bz2,2,2,0.0
url,https://docs.python.org/zh-cn/3.15/archives/python-3.15-docs-html.zip,2,2,0.0
url,https://docs.python.org/zh-cn/3.15/archives/python-3.15-docs-text.zip,2,2,0.0
url,https://docs.python.org/zh-cn/3.15/archives/python-3.15-docs.epub,2,2,0.0
url,https://en.wikipedia.org/wiki/Extended_Backus%E2%80%93Naur_form,2,4,0.0
url,https://github.com/python/cpython/blob/main/Doc/bugs.rst?plain=1,2,2,0.0
url,https://github.com/python/cpython/tree/3.13/Android/testbed,2,2,0.0
url,https://github.com/python/cpython/tree/3.14/Lib/http/server.py,2,2,0.0
url,https://github.com/python/cpython/tree/3.14/Lib/random.py,2,2,0.0
url,https://github.com/python/cpython/tree/3.14/Lib/tkinter/__init__.py,2,2,0.0
url,https://json.org/,2,2,0.0
url,https://packaging.python.org/,2,2,0.0
url,https://packaging.python.org/en/latest/tutorials/packaging-projects/,2,2,0.0
url,https://packaging.python.org/installing/#requirements-for-installing-packages,2,2,0.0
url,https://peps.python.org/pep-0008/,2,2,0.0
url,https://peps.python.org/pep-0249/,2,3,0.0
url,https://peps.python.org/pep-0484/,2,2,0.0
url,https://peps.python.org/pep-0636/,2,3,0.0
url,https://py-free-threading.github.io/tracking/,2,2,0.0
url,https://support.apple.com/en-us/102445,2,2,0.0
url,https://support.apple.com/en-us/HT201732,2,2,0.0
url,https://wiki.python.org/moin/GuiProgramming,2,2,0.0
url,https://www.anaconda.com/download/,2,3,0.0
url,https://www.packtpub.com/en-us/product/python-gui-programming-with-tkinter-9781788835886,2,2,0.0
url,https://www.sqlite.org/flextypegood.html,2,2,0.0
url,https://www.w3schools.com/sql/,2,2,0.0
url,https://www.youtube.com/watch?v=Xbl7XjFYsN4&list=PLhNSoGM2ik6SIkVGXWBwerucXjgP1rHmB,2,2,0.0
url,https://buildozer.readthedocs.io/,1,1,0.0
url,https://code.activestate.com/recipes/langs/python/,1,1,0.0
url,https://core.tcl.tk/tips/doc/trunk/tip/48.md,1,1,0.0
url,https://devguide.python.org/,1,1,0.0
url,https://docs.fedoraproject.org/en-US/package-maintainers/Packaging_Tutorial_GNU_Hello/,1,1,0.0
url,https://docs.pytest.org/,1,2,0.0
url,https://docs.python.org/zh-cn/3.13/archives/python-3.13-docs-texinfo.zip,1,1,0.0
url,https://docs.python.org/zh-cn/3.15/archives/python-3.15-docs-texinfo.zip,1,1,0.0
url,https://docs.python.org/zh-cn/3/archives/python-3.14-docs-html.tar.bz2,1,1,0.0
url,https://docs.python.org/zh-cn/3/archives/python-3.14-docs-texinfo.zip,1,1,0.0
url,https://docs.python.org/zh-cn/3/archives/python-3.14-docs-text.tar.bz2,1,1,0.0
url,https://en.opensuse.org/Portal:Packaging,1,1,0.0
url,https://en.wikipedia.org/wiki/ANSI_escape_code,1,2,0.0
url,https://en.wikipedia.org/wiki/Cursor_(databases),1,1,0.0
url,https://en.wikipedia.org/wiki/Error_function,1,1,0.0
url,https://en.wikipedia.org/wiki/Gamma_function,1,1,0.0
url,https://en.wikipedia.org/wiki/Parsing_expression_grammar,1,2,0.0
url,https://en.wikipedia.org/wiki/Transpose,1,1,0.0
url,https://en.wikipedia.org/wiki/Universal_binary,1,1,0.0
url,https://gist.github.com/vsajip/4673395,1,1,0.0
url,https://github.com/anordin95/a-conceptual-overview-of-asyncio/tree/main,1,1,0.0
url,https://github.com/pvieito/PythonKit,1,1,0.0
url,https://github.com/python/cpython/blob/main/Doc/contents.rst?plain=1,1,1,0.0
url,https://github.com/python/cpython/blob/main/Doc/library/functions.rst?plain=1,1,1,0.0
url,https://github.com/python/cpython/blob/main/Doc/library/math.rst?plain=1,1,1,0.0
url,https://github.com/python/cpython/blob/main/Doc/library/multiprocessing.rst?plain=1,1,1,0.0
url,https://github.com/python/cpython/blob/main/Doc/library/python.rst?plain=1,1,1,0.0
url,https://github.com/python/cpython/blob/main/Doc/tutorial/appendix.rst?plain=1,1,1,0.0
url,https://github.com/python/cpython/blob/main/Doc/tutorial/controlflow.rst?plain=1,1,1,0.0
url,https://github.com/python/cpython/blob/main/Doc/tutorial/index.rst?plain=1,1,2,0.0
url,https://github.com/python/cpython/blob/main/Doc/tutorial/interpreter.rst?plain=1,1,1,0.0
url,https://github.com/python/cpython/issues/118093,1,1,0.0
url,https://github.com/python/cpython/tree/3.12/Lib/idlelib/,1,2,0.0
url,https://github.com/python/cpython/tree/3.12/Lib/multiprocessing/,1,1,0.0
url,https://github.com/python/cpython/tree/3.12/Lib/sqlite3/,1,1,0.0
url,https://github.com/python/cpython/tree/3.12/Lib/tracemalloc.py,1,1,0.0
url,https://github.com/python/cpython/tree/3.13/Android/testbed/app/src/main/c/main_activity.c,1,1,0.0
url,https://github.com/python/cpython/tree/3.13/Android/testbed/app/src/main/java/org/python/testbed/MainActivity.kt,1,1,0.0
url,https://github.com/python/cpython/tree/3.13/Lib/gzip.py,1,1,0.0
url,https://github.com/python/cpython/tree/3.13/Lib/idlelib,1,1,0.0
url,https://github.com/python/cpython/tree/3.13/Lib/tkinter/simpledialog.py,1,1,0.0
url,https://github.com/python/cpython/tree/3.14/Lib/asyncio/events.py,1,1,0.0
url,https://github.com/python/cpython/tree/3.14/Lib/encodings/aliases.py,1,1,0.0
url,https://github.com/python/cpython/tree/3.14/Lib/enum.py,1,2,0.0
url,https://github.com/python/cpython/tree/3.14/Lib/fileinput.py,1,1,0.0
url,https://github.com/python/cpython/tree/3.14/Lib/gzip.py,1,2,0.0
url,https://github.com/python/cpython/tree/3.14/Lib/os.py,1,1,0.0
url,https://github.com/python/cpython/tree/3.14/Lib/string/__init__.py,1,1,0.0
url,https://github.com/python/cpython/tree/main/Lib/email/message.py,1,1,0.0
url,https://github.com/python/cpython/tree/main/Lib/threading.py,1,1,0.0
url,https://learn.microsoft.com/windows/win32/procthread/environment-variables,1,2,0.0
url,https://learning-python.com/about-pp4e.html,1,1,0.0
url,https://manpages.debian.org/fcntl(2),1,1,0.0
url,https://manpages.debian.org/termios(3),1,1,0.0
url,https://mypy.readthedocs.io/en/stable/cheat_sheet_py3.html,1,1,0.0
url,https://numba.pydata.org/,1,1,0.0
url,https://packaging.python.org/extensions/,1,1,0.0
url,https://packaging.python.org/installing/,1,1,0.0
url,https://packaging.python.org/installing/#creating-virtual-environments,1,1,0.0
url,https://peps.python.org/pep-0001/,1,1,0.0
url,https://peps.python.org/pep-0414/,1,1,0.0
url,https://peps.python.org/pep-0434/,1,1,0.0
url,https://peps.python.org/pep-0514/,1,1,0.0
url,https://peps.python.org/pep-0526/,1,1,0.0
url,https://peps.python.org/pep-0557/,1,1,0.0
url,https://peps.python.org/pep-0634/,1,1,0.0
url,https://peps.python.org/pep-0649/,1,1,0.0
url,https://peps.python.org/pep-0695/,1,1,0.0
url,https://peps.python.org/pep-0703/,1,1,0.0
url,https://peps.python.org/pep-0719/,1,1,0.0
url,https://peps.python.org/pep-0745/,1,1,0.0
url,https://peps.python.org/pep-3107/,1,1,0.0
url,https://perf.wiki.kernel.org/,1,1,0.0
url,https://poynton.ca/ColorFAQ.html,1,2,0.0
url,https://pypi.org/project/pyserial/,1,1,0.0
url,https://pypi.org/project/regex/,1,1,0.0
url,https://pyvideo.org/,1,1,0.0
url,https://requests.readthedocs.io/en/master/,1,1,0.0
url,https://termux.dev/en/,1,1,0.0
url,https://tiswww.case.edu/php/chet/readline/rltop.html,1,1,0.0
url,https://typing.python.org/en/latest/spec/index.html,1,1,0.0
url,https://wiki.python.org/moin/IntegratedDevelopmentEnvironments,1,1,0.0
url,https://wiki.python.org/moin/PythonEditors,1,1,0.0
url,https://www.jython.org/,1,1,0.0
url,https://www.python.org/doc/av/,1,1,0.0
url,https://www.python.org/psf/donations/,1,1,0.0
url,https://www.riverbankcomputing.com/static/Docs/pyqtdeploy/,1,1,0.0
url,https://www.sphinx-doc.org/,1,1,0.0
url,https://www.sqlite.org/,1,1,0.0
url,https://www.tcl.tk/man/tcl8.6/TkCmd/grid.htm,1,1,0.0
url,https://www.unicode.org/Public/15.0.0/ucd/NameAliases.txt,1,1,0.0
url,https://www.unicode.org/Public/16.0.0/ucd/PropList.txt,1,2,0.0
url,https://www.unicode.org/reports/tr15/#Norm_Forms,1,1,0.0
url,https://www.unicode.org/reports/tr31/,1,1,0.0
