name,visitors,pageviews,bounce_rate,time_on_page,scroll_depth
/zh-cn/3/tutorial/index.html,641,787,57,31,59
/zh-cn/3/,558,681,51,19,79
/zh-cn/3.14/,488,584,30,38,83
/zh-cn/3/library/index.html,380,428,65,52,47
/zh-cn/3.14/tutorial/index.html,315,363,45,38,67
/zh-cn/3.15/using/windows.html,254,218,77,42,22
/zh-cn/3.14/library/index.html,252,334,53,50,48
/zh-cn/3/library/idle.html,234,268,69,36,32
/zh-cn/3/tutorial/interpreter.html,219,199,66,70,78
/zh-cn/3/library/functions.html,218,233,71,81,40
/zh-cn/3.13/tutorial/index.html,215,274,53,34,57
/zh-cn/3/tutorial/introduction.html,207,210,72,179,55
/zh-cn/3/tutorial/controlflow.html,205,207,72,248,50
/zh-cn/3/using/index.html,196,205,59,15,81
/zh-cn/3/using/mac.html,177,175,78,64,50
/zh-cn/3/tutorial/appetite.html,155,133,50,67,89
/zh-cn/3/search.html,150,218,49,590,50
/zh-cn/3/library/turtle.html,148,178,84,87,31
/zh-cn/3.14/search.html,147,251,30,56,55
/zh-cn/3/library/stdtypes.html,143,158,82,160,40
/zh-cn/3.13/library/idle.html,140,149,77,14,25
/zh-cn/3/reference/index.html,135,167,41,32,72
/zh-cn/3.14/index.html,129,160,34,17,83
/zh-cn/3.14/tutorial/interpreter.html,125,126,41,94,77
/zh-cn/3.14/library/functions.html,124,125,82,111,48
/zh-cn/3/tutorial/classes.html,123,131,83,221,52
/zh-cn/3/using/windows.html,123,107,67,87,31
/zh-cn/3.14/tutorial/controlflow.html,122,117,67,224,52
/zh-cn/3/tutorial/datastructures.html,122,113,74,187,55
/zh-cn/3.14/library/stdtypes.html,121,133,71,144,49
/zh-cn/3/index.html,119,135,43,20,81
/zh-cn/3.14/tutorial/introduction.html,117,156,61,247,58
/zh-cn/3/contents.html,113,125,43,20,18
/zh-cn/3.14/reference/index.html,108,126,38,19,73
/zh-cn/3/library/venv.html,105,109,96,45,36
/zh-cn/3.14/whatsnew/3.14.html,100,95,74,72,24
/zh-cn/3/library/,98,116,66,24,49
/zh-cn/3/glossary.html,97,81,50,72,44
/zh-cn/3.14/download.html,96,77,44,26,97
/zh-cn/3.13/,94,99,60,10,82
/zh-cn/3/tutorial/,92,115,59,66,52
/zh-cn/3.14/tutorial/appetite.html,91,76,35,122,93
/zh-cn/3/library/math.html,90,93,85,58,43
/zh-cn/3.14/tutorial/datastructures.html,82,71,68,139,61
/zh-cn/3.13/tutorial/controlflow.html,81,84,74,227,62
/zh-cn/3/tutorial/inputoutput.html,80,80,72,118,51
/zh-cn/3.14/tutorial/classes.html,78,67,76,176,48
/zh-cn/3.14/using/windows.html,78,65,81,111,26
/zh-cn/3.14/contents.html,75,84,55,53,24
/zh-cn/3.13/tutorial/interpreter.html,72,73,70,60,86
/zh-cn/3/download.html,72,60,67,36,98
/zh-cn/3.14/installing/index.html,70,65,73,58,81
/zh-cn/3/library/tkinter.html,70,76,67,109,46
/zh-cn/3.13/library/index.html,69,79,50,17,44
/zh-cn/3.14/glossary.html,68,88,44,50,44
/zh-cn/3/tutorial/modules.html,67,69,65,132,50
/zh-cn/3/library/multiprocessing.html,66,68,85,47,20
/zh-cn/3.12/tutorial/index.html,64,101,45,30,64
/zh-cn/3/using/cmdline.html,63,52,81,20,28
/zh-cn/3.13/library/functions.html,60,61,66,146,44
/zh-cn/3.14/tutorial/modules.html,58,53,83,195,68
/zh-cn/3.12/,57,56,44,12,84
/zh-cn/3.13/tutorial/introduction.html,57,52,54,126,57
/zh-cn/3.14/reference/datamodel.html,56,62,64,76,38
/zh-cn/3/library/re.html,55,51,97,7112,38
/zh-cn/3/reference/datamodel.html,55,56,60,219,42
/zh-cn/3/using/,55,57,51,18,78
/zh-cn/3.14/using/index.html,54,66,11,16,83
/zh-cn/3/library/typing.html,54,52,85,69,33
/zh-cn/3.13/search.html,53,59,48,37,52
/zh-cn/3.13/tutorial/appetite.html,52,45,56,21,90
/zh-cn/3/reference/lexical_analysis.html,52,68,78,268,49
/zh-cn/3.13/using/android.html,51,57,71,27,86
/zh-cn/3.14/py-modindex.html,50,61,50,21,40
/zh-cn/3/whatsnew/3.14.html,50,51,62,73,24
/zh-cn/3.14/howto/index.html,47,57,75,20,89
/zh-cn/3.12/library/index.html,46,62,57,71,54
/zh-cn/3/tutorial/errors.html,46,47,75,125,45
/zh-cn/3.14/tutorial/inputoutput.html,45,39,60,279,62
/zh-cn/3/library/os.html,45,47,71,41,23
/zh-cn/3/library/random.html,45,46,85,92,36
/zh-cn/3/library/tk.html,45,49,57,23,54
/zh-cn/3/installing/index.html,44,39,78,21,71
/zh-cn/3/library/logging.html,44,45,82,64,38
/zh-cn/3.14/reference/lexical_analysis.html,42,44,77,228,50
/zh-cn/3.15/,42,43,75,10,78
/zh-cn/3.13/index.html,41,65,42,12,84
/zh-cn/3/using/unix.html,41,36,54,24,64
/zh-cn/3/library/asyncio-task.html,40,41,75,172,27
/zh-cn/3/library/dataclasses.html,38,40,86,59,34
/zh-cn/3/library/asyncio.html,37,44,76,38,83
/zh-cn/3/library/subprocess.html,37,37,89,56,32
/zh-cn/3.12/tutorial/controlflow.html,36,36,67,221,60
/zh-cn/3.13/tutorial/datastructures.html,36,35,88,196,58
/zh-cn/3/library/argparse.html,36,38,90,67,26
/zh-cn/3/reference/compound_stmts.html,36,31,86,237,42
/zh-cn/3/library/constants.html,35,35,0,21,80
/zh-cn/3/reference/introduction.html,35,37,60,117,80
/zh-cn/3.13/contents.html,34,38,60,10,4
/zh-cn/3.12/library/stdtypes.html,33,41,59,66,51
