name,unique_exits,total_exits,exit_rate
/zh-tw/3/tutorial/index.html,111,112,
/zh-tw/3.13/library/venv.html,63,65,
/zh-tw/3.13/library/random.html,56,58,
/zh-tw/3/library/re.html,53,55,
/zh-tw/dev/installing/index.html,50,50,
/zh-tw/3.13/library/json.html,49,51,
/zh-tw/3.13/installing/index.html,41,42,
/zh-tw/3.13/tutorial/index.html,36,36,
/zh-tw/3/tutorial/interpreter.html,29,29,
/zh-tw/3.13/howto/sorting.html,28,28,
/zh-tw/3.13/using/mac.html,28,28,
/zh-tw/3.13/tutorial/datastructures.html,27,27,
/zh-tw/3.13/library/os.path.html,26,26,
/zh-tw/3/tutorial/introduction.html,26,27,
/zh-tw/3.13/tutorial/inputoutput.html,25,27,
/zh-tw/3/howto/argparse.html,24,26,
/zh-tw/3.13/tutorial/classes.html,23,23,
/zh-tw/3.13/tutorial/errors.html,23,26,
/zh-tw/3.13/faq/windows.html,20,21,
/zh-tw/3.13/tutorial/floatingpoint.html,20,20,
/zh-tw/3/tutorial/controlflow.html,20,21,
/zh-tw/3.13/library/pathlib.html,19,19,
/zh-tw/3/library/index.html,19,20,
/zh-tw/3/tutorial/appetite.html,19,19,
/zh-tw/dev/library/csv.html,19,19,
/zh-tw/dev/library/venv.html,19,19,
/zh-tw/3.13/library/functions.html,18,18,
/zh-tw/3.13/library/collections.html,17,17,
/zh-tw/3.13/library/csv.html,17,17,
/zh-tw/3.13/tutorial/modules.html,17,19,
/zh-tw/dev/library/os.path.html,16,16,
/zh-tw/3.13/tutorial/venv.html,15,15,
/zh-tw/3/library/pdb.html,15,15,
/zh-tw/3.13/tutorial/interpreter.html,14,14,
/zh-tw/3/library/concurrent.futures.html,14,14,
/zh-tw/3.13/tutorial/controlflow.html,13,13,
/zh-tw/3/,13,13,
/zh-tw/3.13/library/heapq.html,12,12,
/zh-tw/3.13/library/html.parser.html,12,12,
/zh-tw/3/library/functions.html,12,12,
/zh-tw/3/tutorial/inputoutput.html,12,12,
/zh-tw/3.13/library/time.html,11,12,
/zh-tw/3.13/,10,10,
/zh-tw/3.13/library/copy.html,10,10,
/zh-tw/3.13/library/io.html,10,11,
/zh-tw/3.13/library/math.html,10,10,
/zh-tw/3.13/library/string.html,10,10,
/zh-tw/3.13/tutorial/introduction.html,10,10,
/zh-tw/3/library/stdtypes.html,10,10,
/zh-tw/3/tutorial/,9,9,
/3/,8,8,
/zh-tw/3.13/library/stdtypes.html,8,9,
/zh-tw/3.13/search.html,8,8,
/zh-tw/3/extending/extending.html,8,8,
/zh-tw/3/library/functools.html,8,8,
/zh-tw/3/library/pickle.html,8,8,
/zh-tw/3/library/queue.html,8,8,
/zh-tw/3/tutorial/venv.html,8,8,
/zh-tw/3.12/library/venv.html,7,7,
/zh-tw/3.13/howto/sockets.html,7,7,
/zh-tw/3.13/library/hashlib.html,7,7,
/zh-tw/3/library/unittest.mock.html,7,8,
/zh-tw/3/tutorial/classes.html,7,8,
/zh-tw/3/tutorial/datastructures.html,7,7,
/zh-tw/3.13/glossary.html,6,7,
/zh-tw/3.13/library/__main__.html,6,6,
/zh-tw/3.13/library/bisect.html,6,6,
/zh-tw/3.13/library/glob.html,6,6,
/zh-tw/3.13/library/itertools.html,6,6,
/zh-tw/3.13/library/operator.html,6,6,
/zh-tw/3.13/library/tempfile.html,6,6,
/zh-tw/3/library/array.html,6,6,
/zh-tw/3/reference/index.html,6,6,
/zh-tw/3.12/using/mac.html,5,5,
/zh-tw/3.13/index.html,5,5,
/zh-tw/3.13/library/asyncio.html,5,5,
/zh-tw/3.13/library/index.html,5,6,
/zh-tw/3.13/library/threading.html,5,5,
/zh-tw/3.13/library/timeit.html,5,5,
/zh-tw/3.13/library/typing.html,5,5,
/zh-tw/3/library/unittest.mock-examples.html,5,5,
/zh-tw/3/tutorial/modules.html,5,8,
/zh-tw/dev/library/calendar.html,5,5,
/zh-tw/dev/tutorial/datastructures.html,5,5,
/3.13/,4,4,
/3/library/venv.html,4,4,
/zh-cn/3.13/tutorial/index.html,4,4,
/zh-tw/3.13/library/multiprocessing.shared_memory.html,4,4,
/zh-tw/3.13/library/statistics.html,4,4,
/zh-tw/3.13/library/uuid.html,4,4,
/zh-tw/3.13/using/windows.html,4,4,
/zh-tw/3/faq/windows.html,4,4,
/zh-tw/3/library/platform.html,4,4,
/zh-tw/3/library/random.html,4,4,
/zh-tw/3/library/sched.html,4,4,
/zh-tw/3/library/venv.html,4,4,
/zh-tw/3/tutorial/errors.html,4,4,
/zh-tw/3/using/windows.html,4,4,
/zh-tw/dev/library/functools.html,4,4,
/3.13/using/windows.html,3,3,
