name,visitors,bounce_rate,visit_duration
Direct / None,8814,60,167
Google,4542,75,167
python.org,564,62,302
Bing,163,67,409
Baidu,71,76,111
Yahoo!,59,78,238
chatgpt.com,52,67,305
DuckDuckGo,16,100,545
Yandex,14,100,407
wiki.python.org,13,0,414
GitHub,11,57,564
qiita.com,9,0,1180
Ecosia,7,100,49
Facebook,7,86,4
python.p2hp.com,6,0,1191
Reddit,5,0,579
note.nkmk.me,5,0,916
Microsoft Teams,4,100,20
Perplexity,4,75,185
Qwant,4,0,128
Twitter,4,50,8
Youtube,4,0,1143
cs50.harvard.edu,4,0,533
cse2.csproject.org,4,100,0
devdocs.io,4,75,420
doubao.com,4,0,542
link.csdn.net,4,0,388
code-basics.com,3,0,56
link.zhihu.com,3,0,293
my.uopeople.edu,3,0,593
packaging.python.org,3,0,869
pygame.org,3,0,328
roadmap.sh,3,0,1575
cnblogs.com,2,0,576
cse2.mine.bz,2,100,0
es.python.org,2,0,1573
journal.top-academy.ru,2,100,0
leancrew.com,2,100,0
learnxinyminutes.com,2,0,120
liaoxuefeng.com,2,0,21
notion.so,2,100,0
numpy.org,2,0,174
pandas.pydata.org,2,0,723
pip.pypa.io,2,0,714
python.it,2,0,204
sphinx-doc.org,2,0,14
udemy.com,2,0,146
360.cn,1,0,55
Biglobe,1,100,0
Daum,1,100,0
Gmail,1,0,969
LinkedIn,1,0,170
Sogou,1,0,1094
aidoczh.com,1,100,0
algoritmos1rw.ddns.net,1,0,205
blog.python.org,1,0,705
brightspace.cuny.edu,1,0,710
campus109.unad.edu.co,1,0,95
chat.qwenlm.ai,1,0,9
code.visualstudio.com,1,0,22
codedex.io,1,0,293
codeit.kr,1,0,1468
cognizant.udemy.com,1,0,433
comp.nus.edu.sg,1,0,881
cs.cmu.edu,1,0,136
cse2.chickenkiller.com,1,100,0
cse2.serverpit.com,1,100,0
developer.mozilla.org,1,0,675
discuss.python.org,1,0,407
feedbin.com,1,100,0
flask.palletsprojects.com,1,0,745
forms.office.com,1,0,15
france-ioi.org,1,50,76
francoisbrucker.github.io,1,100,0
goo,1,0,151
hackers-high.com,1,0,2089
hands-on.cloud,1,0,250
hatenablog-parts.com,1,100,0
hd.nowcoder.com,1,0,35
high-five-ai.xyz,1,0,1754
huggingface.co,1,0,10
itnetwork.cz,1,0,19
l.messenger.com,1,0,41
lanqiao.cn,1,0,14
learning.anaconda.cloud,1,0,914
leetcode.cn,1,0,17
libecity.com,1,0,36
linux.org.ru,1,100,0
namu.wiki,1,0,343
netacad.com,1,0,457
ntp.msn.cn,1,0,58
ocw.unican.es,1,0,937
online.aiffel.io,1,0,20
picows.readthedocs.io,1,0,2080
platzi.com,1,0,11
prog.ece.engr.tu.ac.th,1,0,487
py-free-threading.github.io,1,100,0
py2exe.org,1,0,30
pyformat.info,1,0,73
pysourcebuild.scriptr.dev,1,0,2576
python.jp,1,0,56
pythonguide.rozh2sch.org.ua,1,0,59
pythoniluminado.netlify.app,1,0,354
pythoninsider.blogspot.com,1,100,0
qna.habr.com,1,0,618
replit.com,1,0,38
rutube.ru,1,0,734
sandbox.cryptpad.info,1,0,155
sandbox.dodona.be,1,100,0
scikit-learn.org,1,0,1743
sso-71156b04.sso.duosecurity.com,1,0,1073
static.oschina.net,1,0,77
tie.teziutlan.tecnm.mx,1,100,0
tongyi.aliyun.com,1,0,1343
uneex.ru,1,0,40
web.dio.me,1,0,23
wiki.freecad.org,1,0,509
