name,unique_entrances,total_entrances,visit_duration
/3.12/tutorial/index.html,162,167,75
/3.12/,160,163,87
/3/,130,135,925
/3.12/using/windows.html,105,106,85
/3.12/whatsnew/3.12.html,79,80,26
/3.12/library/functions.html,71,76,57
/3.12/library/stdtypes.html,53,55,42
/3.12/library/,49,50,29
/3.12/tutorial/,38,38,144
/3.12/index.html,31,31,86
/3.12/search.html,28,30,178
/3.12/library/index.html,26,26,112
/3.12/download.html,24,29,253
/3.12/tutorial/interpreter.html,22,24,86
/zh-cn/3.12/,20,20,124
/3.12/library/typing.html,19,19,4
/3.12/tutorial/introduction.html,19,23,209
/3.12/library/datetime.html,17,18,0
/3.12/library/os.html,15,15,26
/3.12/library/tkinter.html,14,14,4
/3.12/tutorial/controlflow.html,14,16,101
/3.12/tutorial/appetite.html,13,13,150
/3/download.html,13,13,608
/3.12/library/2to3.html,11,11,4
/3.12/library/exceptions.html,11,11,0
/3.12/library/itertools.html,11,11,159
/3.12/library/math.html,11,13,28
/3.12/library/random.html,11,12,86
/zh-cn/3.12/tutorial/index.html,11,11,233
/3.12/library/re.html,10,11,12
/3.13/,10,10,78
/zh-cn/3.12/tutorial/classes.html,10,11,1
/zh-cn/3.12/using/mac.html,10,10,33
/3.12/library/logging.html,9,9,360
/3.12/library/multiprocessing.html,9,11,112
/3.12/library/subprocess.html,9,9,186
/3.12/glossary.html,8,10,84
/3.12/installing/index.html,8,8,99
/3.12/library/idle.html,8,8,6
/3.12/library/telnetlib.html,8,8,81
/3.12/reference/index.html,8,8,132
/3.12/tutorial/datastructures.html,8,8,0
/3/library/index.html,8,8,583
/3/tutorial/index.html,8,8,191
/zh-cn/3.12/library/stdtypes.html,8,8,20
/3.12/library/os.path.html,7,7,5
/3.12/py-modindex.html,7,8,518
/3.12/tutorial/classes.html,7,8,17
/3.12/tutorial/modules.html,7,8,145
/3/library/stdtypes.html,7,7,1028
/3/search.html,7,7,1029
/zh-cn/3.12/search.html,7,8,94
/zh-tw/3.12/using/mac.html,7,7,0
/3.12/library/argparse.html,6,6,110
/3.12/library/pathlib.html,6,6,5
/3.12/library/sqlite3.html,6,6,0
/3.12/library/tkinter.ttk.html,6,6,7
/3/whatsnew/3.13.html,6,6,626
/zh-cn/3.12/library/index.html,6,6,40
/3.12/contents.html,5,5,127
/3.12/faq/index.html,5,11,674
/3.12/library/asyncio.html,5,5,10
/3.12/library/types.html,5,5,0
/3.12/reference/lexical_analysis.html,5,5,0
/3.12/using/cmdline.html,5,5,52
/3/library/functions.html,5,5,1309
/3/library/pathlib.html,5,5,1771
/3/library/sqlite3.html,5,5,624
/3/library/string.html,5,5,3179
/3/library/typing.html,5,5,281
/3/py-modindex.html,5,5,96
/es/3.12/tutorial/introduction.html,5,5,0
/zh-cn/3.12/index.html,5,5,249
/zh-cn/3.12/library/csv.html,5,5,1817
/zh-cn/3.12/library/functions.html,5,5,361
/zh-cn/3.12/library/venv.html,5,5,0
/zh-cn/3.12/tutorial/appetite.html,5,5,0
/zh-cn/3.12/using/windows.html,5,5,91
/3.12/extending/extending.html,4,4,0
/3.12/library/collections.html,4,5,411
/3.12/library/socket.html,4,4,24
/3.12/library/threading.html,4,4,0
/3.12/library/unittest.html,4,4,0
/3.12/reference/introduction.html,4,4,302
/3.12/tutorial/inputoutput.html,4,4,731
/3.12/using/mac.html,4,4,6
/3.15/,4,4,233
/3/index.html,4,4,765
/3/library/json.html,4,4,4122
/3/library/telnetlib.html,4,4,930
/3/tutorial/,4,4,290
/ja/3.12/,4,4,272
/ja/3.12/index.html,4,4,1
/ja/3.12/library/functions.html,4,4,89
/zh-cn/3.12/download.html,4,4,811
/zh-cn/3.12/library/__main__.html,4,4,0
/zh-cn/3.12/library/collections.html,4,4,0
/zh-cn/3.12/library/ctypes.html,4,5,0
/zh-cn/3.12/library/heapq.html,4,4,0
/zh-cn/3.12/library/pathlib.html,4,4,0
/zh-cn/3.12/tutorial/datastructures.html,4,4,19
/zh-cn/3.12/using/,4,4,0
/3.12/extending/index.html,3,3,104
/3.12/howto/perf_profiling.html,3,3,28
/3.12/howto/sorting.html,3,3,353
/3.12/library/asyncio-eventloop.html,3,3,0
/3.12/library/copy.html,3,3,0
/3.12/library/ctypes.html,3,4,0
/3.12/library/decimal.html,3,3,748
/3.12/library/email.parser.html,3,3,25
/3.12/library/getpass.html,3,4,0
/3.12/library/json.html,3,3,1
/3.12/library/queue.html,3,3,196
/3.12/library/shutil.html,3,4,32
/3.12/library/tokenize.html,3,3,24
/3.12/library/turtle.html,3,3,24
/3.12/library/urllib.parse.html,3,5,2
/3.12/library/venv.html,3,3,231
/3.12/reference/compound_stmts.html,3,3,0
/3.12/reference/datamodel.html,3,3,7
/3.12/tutorial/errors.html,3,4,4
/3.12/using/unix.html,3,3,143
/3.13/using/windows.html,3,3,542
/3.14/,3,3,1898
/3/library/audioop.html,3,3,30
/3/library/idle.html,3,3,901
/3/library/random.html,3,3,85
/3/reference/index.html,3,3,1045
/es/3.12/library/asyncio.html,3,3,0
/es/3.12/tutorial/controlflow.html,3,3,0
/es/3.12/tutorial/index.html,3,4,2
/id/3.12/tutorial/datastructures.html,3,3,1
/ja/3.12/library/codecs.html,3,3,0
/ja/3.12/tutorial/,3,3,143
/ja/3.12/whatsnew/3.12.html,3,3,2
/ko/3.13/library/subprocess.html,3,3,631
/zh-cn/3.12/glossary.html,3,3,351
/zh-cn/3.12/howto/argparse.html,3,3,0
/zh-cn/3.12/library/asyncio.html,3,3,0
/zh-cn/3.12/library/multiprocessing.html,3,3,18
/zh-cn/3.12/library/pprint.html,3,3,0
/zh-cn/3.12/library/re.html,3,3,0
/zh-cn/3.12/library/turtle.html,3,3,0
/zh-cn/3.12/whatsnew/index.html,3,3,0
/zh-cn/3.13/using/index.html,3,3,871
/zh-cn/3/library/index.html,3,3,2033
/3.12/extending/embedding.html,2,2,0
/3.12/library/ast.html,2,2,0
/3.12/library/asyncio-queue.html,2,2,0
/3.12/library/csv.html,2,2,0
/3.12/library/dataclasses.html,2,2,0
/3.12/library/enum.html,2,2,0
/3.12/library/functools.html,2,2,0
/3.12/library/imghdr.html,2,2,0
/3.12/library/importlib.resources.html,2,2,0
/3.12/library/io.html,2,2,2
/3.12/library/msilib.html,2,2,94
/3.12/library/pipes.html,2,2,0
/3.12/library/secrets.html,2,2,0
/3.12/library/site.html,2,2,0
/3.12/library/sys.html,2,2,19
/3.12/library/tarfile.html,2,2,0
/3.12/library/time.html,2,2,0
/3.12/library/timeit.html,2,2,0
/3.12/library/urllib.html,2,2,220
/3.12/library/urllib.request.html,2,2,177
/3.12/library/uuid.html,2,2,49
/3.12/reference/,2,3,0
/3.12/reference/grammar.html,2,2,0
/3.12/tutorial/floatingpoint.html,2,2,20
/3.12/whatsnew/index.html,2,2,0
/3.13/index.html,2,2,668
/3.13/library/copy.html,2,2,193
/3.13/tutorial/,2,2,848
/3.13/tutorial/index.html,2,2,30
/3.15/download.html,2,2,578
/3/installing/index.html,2,2,424
/3/library/__main__.html,2,2,96
/3/library/asyncio.html,2,2,494
/3/library/cgi.html,2,2,42
/3/library/collections.html,2,2,2092
/3/library/csv.html,2,2,5477
/3/library/dataclasses.html,2,2,62
/3/library/datetime.html,2,2,202
/3/library/decimal.html,2,2,1508
/3/library/importlib.html,2,2,357
/3/library/logging.html,2,2,2
/3/library/math.html,2,2,3142
/3/library/multiprocessing.html,2,2,604
/3/library/os.html,2,2,483
/3/library/threading.html,2,2,1683
/3/library/unittest.html,2,2,124
/3/library/unittest.mock.html,2,2,410
/3/library/uuid.html,2,2,304
/3/library/venv.html,2,2,294
/3/tutorial/floatingpoint.html,2,2,135
/3/whatsnew/changelog.html,2,2,1194
/es/3.12/using/cmdline.html,2,2,0
/id/3.12/tutorial/controlflow.html,2,2,0
/ja/3.12/c-api/long.html,2,2,0
/ja/3.12/library/dataclasses.html,2,2,6
/ja/3.12/library/index.html,2,2,32
/ja/3.12/library/multiprocessing.html,2,2,245
/ja/3.12/library/os.html,2,2,0
/ja/3.13/c-api/capsule.html,2,2,441
/ja/3.13/library/functions.html,2,2,44
/ja/3.13/tutorial/,2,2,976
/ko/3.12/library/subprocess.html,2,2,214
/ko/3.12/using/index.html,2,2,0
/pt-br/3.12/contents.html,2,2,0
/pt-br/3.12/download.html,2,2,0
/pt-br/3.12/library/index.html,2,2,0
/pt-br/3.12/library/tkinter.font.html,2,2,0
/zh-cn/3.12/c-api/init.html,2,3,0
/zh-cn/3.12/c-api/intro.html,2,2,0
/zh-cn/3.12/howto/logging.html,2,2,0
/zh-cn/3.12/installing/index.html,2,2,92
/zh-cn/3.12/library/,2,2,244
/zh-cn/3.12/library/abc.html,2,2,0
/zh-cn/3.12/library/contextlib.html,2,2,0
/zh-cn/3.12/library/datetime.html,2,2,0
/zh-cn/3.12/library/decimal.html,2,2,2527
/zh-cn/3.12/library/idle.html,2,2,0
/zh-cn/3.12/library/itertools.html,2,2,142
/zh-cn/3.12/library/json.html,2,2,498
/zh-cn/3.12/library/math.html,2,2,0
/zh-cn/3.12/library/pickle.html,2,2,0
/zh-cn/3.12/library/plistlib.html,2,2,0
/zh-cn/3.12/library/profile.html,2,2,0
/zh-cn/3.12/library/random.html,2,2,0
/zh-cn/3.12/library/telnetlib.html,2,2,124
/zh-cn/3.12/library/timeit.html,2,2,0
/zh-cn/3.12/reference/grammar.html,2,2,128
/zh-cn/3.12/reference/index.html,2,2,49
/zh-cn/3.12/tutorial/controlflow.html,2,2,0
/zh-cn/3.12/tutorial/errors.html,2,2,0
/zh-cn/3.12/tutorial/modules.html,2,2,0
/zh-cn/3.12/using/index.html,2,2,0
/zh-cn/3.12/whatsnew/3.12.html,2,2,7
/zh-cn/3.13/library/venv.html,2,2,1165
/zh-cn/3/library/functions.html,2,2,7
/zh-cn/3/library/turtle.html,2,2,302
/zh-tw/3/library/asyncio.html,2,2,157
/3.12/bugs.html,1,1,0
/3.12/c-api/hash.html,1,1,0
/3.12/c-api/set.html,1,1,39
/3.12/c-api/typeobj.html,1,1,113
/3.12/deprecations/index.html,1,1,0
/3.12/genindex.html,1,1,20
/3.12/howto/annotations.html,1,1,14
/3.12/howto/index.html,1,2,155
/3.12/howto/logging.html,1,1,0
/3.12/library/_thread.html,1,1,0
/3.12/library/aifc.html,1,1,0
/3.12/library/array.html,1,1,0
/3.12/library/asyncio-stream.html,1,1,0
/3.12/library/audioop.html,1,1,0
/3.12/library/bisect.html,1,1,0
/3.12/library/builtins.html,1,1,0
/3.12/library/cgi.html,1,1,0
/3.12/library/cgitb.html,1,1,205
/3.12/library/concurrent.futures.html,1,1,0
/3.12/library/constants.html,1,1,20
/3.12/library/contextlib.html,1,1,0
/3.12/library/curses.ascii.html,1,1,0
/3.12/library/difflib.html,1,1,0
/3.12/library/email.examples.html,1,1,0
/3.12/library/email.message.html,1,1,0
/3.12/library/filesys.html,1,1,0
/3.12/library/hmac.html,1,1,0
/3.12/library/html.parser.html,1,1,94
/3.12/library/http.server.html,1,1,120
/3.12/library/importlib.html,1,1,0
/3.12/library/importlib.metadata.html,1,1,0
/3.12/library/intro.html,1,1,0
/3.12/library/ipaddress.html,1,1,0
/3.12/library/keyword.html,1,1,0
/3.12/library/locale.html,1,1,0
/3.12/library/logging.handlers.html,1,1,48
/3.12/library/mailbox.html,1,1,25
/3.12/library/numbers.html,1,1,380
/3.12/library/numeric.html,1,1,464
/3.12/library/operator.html,1,1,0
/3.12/library/platform.html,1,1,0
/3.12/library/pprint.html,1,1,0
/3.12/library/reprlib.html,1,1,0
/3.12/library/runpy.html,1,1,0
/3.12/library/sched.html,1,1,0
/3.12/library/statistics.html,1,1,0
/3.12/library/string.html,1,1,0
/3.12/library/struct.html,1,1,0
/3.12/library/sysconfig.html,1,1,0
/3.12/library/text.html,1,1,0
/3.12/library/tk.html,1,1,81
/3.12/library/token.html,1,1,0
/3.12/library/tracemalloc.html,1,1,0
/3.12/library/uu.html,1,1,0
/3.12/library/wave.html,1,1,0
/3.12/library/webbrowser.html,1,1,0
/3.12/library/winsound.html,1,1,0
