name,visitors
Moscow,2090
Paris,1712
Bengaluru,1684
Singapore,1662
Tokyo,1639
New York City,1468
London,1398
Hyderabad,1324
Frankfurt am Main,1244
Chennai,1208
Chicago,1195
Mumbai,1145
Warsaw,1133
San Jose,1123
Amsterdam,1118
Toronto,932
Los Angeles,879
Munich,875
Sydney,873
São Paulo,848
Pune,806
Madrid,802
Seattle,730
Beijing,718
Berlin,712
Melbourne,652
New Delhi,651
Ashburn,634
Hong Kong,626
Milan,603
Vienna,601
Stockholm,597
Zürich,583
Helsinki,582
Taipei,575
Montréal,558
San Francisco,553
Shanghai,530
Ho Chi Minh City,516
Atlanta,503
Saint Petersburg,498
Dublin,478
Prague,476
Kyiv,461
Boston,459
Manchester,456
Guangzhou,442
Delhi,439
Austin,420
Bogotá,406
Budapest,400
Kolkata,397
Reston,378
Denver,368
Istanbul,367
Osaka,366
Bangkok,365
Hamburg,362
Hanoi,354
Brussels,337
Vancouver,334
Tel Aviv,330
Rio de Janeiro,319
Oslo,316
Lima,314
Brooklyn,311
Jakarta,304
Lisbon,300
Lagos,299
Pittsburgh,299
Barcelona,294
Kraków,290
Houston,290
Boardman,287
Madison,277
Shenzhen,273
Cairo,271
Nairobi,269
Stuttgart,266
Medellín,262
Santiago,260
Marseille,259
Copenhagen,251
Rome,249
Sunnyvale,249
Göteborg,248
Jersey City,241
Santa Clara,241
Chengdu,240
Brisbane,240
Tashkent,238
San Diego,237
Coimbatore,235
Minsk,232
Lahore,232
Ahmedabad,232
Washington,231
Dallas,231
Minneapolis,231
Portland,229
Düsseldorf,226
Athens,225
Brasília,218
Hangzhou,215
Bucharest,214
Philadelphia,214
Berkeley,214
Ottawa,212
Lucknow,211
N/A,211
Dubai,207
Miami,207
Kuala Lumpur,204
Jaipur,203
N/A,203
Victoria,203
Seoul,199
Adelaide,198
Perth,197
Lyon,195
Cambridge,186
Calgary,186
Köln,185
Boryspil,183
N/A,182
Bhopāl,181
Queens,181
Edmonton,181
Wrocław,180
Phoenix,179
Dhaka,173
Lausanne,170
Karachi,169
Novosibirsk,168
Wuhan,167
Belgrade,164
Auckland,164
Riga,163
Cambridge,163
Charlotte,163
Toulouse,161
Taichung,159
West Lafayette,159
Cochin,157
N/A,153
Gurgaon,152
Sofia,151
Wandsworth,151
Tehran,150
Tbilisi,150
Columbus,150
Rotterdam,147
Tallinn,146
Valencia,145
Quezon City,144
Ithaca,144
Camden Town,143
Vilnius,142
Kathmandu,141
Nanjing,141
Orlando,140
Johannesburg,139
Curitiba,139
Patna,138
San Antonio,137
Lviv,136
Hsinchu,136
Poznań,133
Riyadh,132
Bratislava,131
Cape Town,130
N/A,127
Raleigh,127
Oakland,127
Nagpur,126
Dresden,126
Baltimore,126
Accra,125
Gdańsk,125
Indore,124
Yerevan,123
Almaty,123
Utrecht,123
Ann Arbor,123
Nizhniy Novgorod,122
Yekaterinburg,122
Krasnodar,121
Dehra Dūn,121
Rennes,121
Mountain View,121
Xi’an,120
Nürnberg,120
Benito Juarez,120
Salt Lake City,120
Delft,119
St. Louis,119
Edinburgh,115
Espoo,114
Kaohsiung,114
Fremont,114
Redmond,114
Islamabad,112
Bristol,112
Porto,112
Jeddah,111
Birmingham,111
Karlsruhe,110
Samara,109
Colombo,109
Nur-Sultan,109
Brno,108
Rochester,108
Ankara,107
Las Vegas,107
Zagreb,106
Belo Horizonte,106
Mexico City,106
Bhubaneshwar,105
Islington,105
Chandīgarh,104
Eindhoven,104
Cupertino,104
Fortaleza,103
Noida,103
Recife,102
Mississauga,102
City of Westminster,101
Montevideo,101
The Dalles,101
Surat,100
Hannover,100
Nantes,100
Lambeth,100
Essen,98
Winnipeg,96
Zhengzhou,95
Vijayawada,94
N/A,93
Casablanca,93
Genève,93
The Hague,93
Trondheim,93
Campinas,93
Yokohama,92
Abuja,92
Fulham,92
Naaldwijk,91
Santo Domingo,91
Quito,91
Amman,89
Baku,89
Manila,88
Changsha,88
Oxford,88
Leeds,88
Glasgow,88
Grenoble,88
Nashville,88
Burnaby,88
Bonn,87
Dnipro,86
Madurai,86
Porto Alegre,86
San José,86
Durham,86
Kazan,85
Suzhou,85
Tucson,85
Qingdao,84
Southampton,84
Ljubljana,84
Tianjin,83
College Park,83
College Station,83
Champaign,83
Barnet,82
Bordeaux,82
Monterrey,82
Arlington,82
Christchurch,81
Haarlem,81
Kansas City,81
Kampala,80
Bremen,80
Boulder,80
Chelyabinsk,79
Turin,79
Slough,78
Gustavo Adolfo Madero,78
Silver Spring,78
Visakhapatnam,77
Antwerpen,77
Naples,77
Cali,77
Thiruvananthapuram,76
Guiyang,76
N/A,75
Depok,74
Nagoya,74
Mannheim,74
