property,value,visitors,events,percentage
url,(none),57,63,100.0
url,https://opentechschool.github.io/python-beginners/en/getting_started.html#what-is-python-exactly,2,2,3.5
url,https://bootstrap.pypa.io/get-pip.py,1,1,1.8
url,https://github.com/pypa/packaging.python.org/blob/main/source/tutorials/installing-packages.rst?plain=true,1,1,1.8
url,https://pip.pypa.io/,1,1,1.8
url,https://pypi.org/,1,1,1.8
url,https://pypi.org/project/bandersnatch,1,1,1.8
url,https://pypi.org/project/setuptools,1,1,1.8
