name,version,visitors
Chrome,134.0,999
Microsoft Edge,134.0,289
Firefox,136.0,80
Safari,18.3,66
Chrome,135.0,62
Smart Lenovo Browser,9.0,32
Chrome,133.0,31
Firefox,137.0,30
Opera,117.0,27
Safari,18.4,25
Chrome,122.0,24
Chrome,131.0,19
Chrome,132.0,16
Microsoft Edge,133.0,15
Yandex Browser,25.2,14
Chrome,109.0,11
Chrome,128.0,11
Mobile App,(not set),10
Firefox,128.0,8
Quark,(not set),5
Chrome,114.0,5
Chrome,125.0,5
Microsoft Edge,126.0,5
Microsoft Edge,131.0,5
Safari,15.6,5
Safari,18.2,5
Chrome,86.0,5
Chrome,127.0,4
Microsoft Edge,132.0,4
Firefox,133.0,4
Firefox,134.0,4
Safari,17.6,4
Safari,(not set),3
Microsoft Edge,115.0,3
Microsoft Edge,122.0,3
Microsoft Edge,128.0,3
Microsoft Edge,129.0,3
QQ Browser,13.6,3
Avast Secure Browser,133.0,3
Chrome,136.0,3
Firefox,138.0,3
Safari,17.5,3
Mobile App,92.0,3
Chrome,98.0,3
Mobile App,99.0,3
Microsoft Edge,100.0,2
Mobile App,114.0,2
Chrome,119.0,2
Huawei Browser,12.1,2
Chrome,120.0,2
Chrome,121.0,2
Chrome,126.0,2
Microsoft Edge,127.0,2
Mobile App,130.0,2
Mobile App,134.0,2
Firefox,135.0,2
Firefox,136.3,2
Safari,16.6,2
Safari,18.1,2
MIUI Browser,19.3,2
Samsung Browser,27.0,2
Opera,88.0,2
Mobile App,91.0,2
(not set),(not set),1
Soul Browser,(not set),1
Chrome,102.0,1
Microsoft Edge,106.0,1
Mobile App,109.0,1
Microsoft Edge,109.0,1
Firefox,110.0,1
Chrome,112.0,1
Microsoft Edge,113.0,1
Chrome,113.0,1
Firefox,115.0,1
Chrome,115.0,1
Microsoft Edge,116.0,1
Firefox,116.0,1
Mobile App,116.0,1
Chrome,118.0,1
Firefox,119.0,1
Iron,120.0,1
Microsoft Edge,123.0,1
Chrome,123.0,1
Microsoft Edge,125.0,1
Firefox,127.0,1
Chrome,129.0,1
Safari,13.1,1
QQ Browser,13.5,1
QQ Browser,13.7,1
Chrome,130.0,1
Avast Secure Browser,131.0,1
Mobile App,133.0,1
Firefox,136,1
Firefox,137,1
Safari,15.3,1
Safari,15.4,1
Huawei Browser Mobile,16.0,1
Safari,16.5,1
Safari,17.10,1
Safari,17.3,1
Safari,17.4,1
Microsoft Edge,18.18363,1
Microsoft Edge,18.19041,1
MIUI Browser,19.2,1
Sogou Explorer,2,1
vivo Browser,21.6,1
vivo Browser,23.6,1
Yandex Browser,23.96,1
Samsung Browser,27.1,1
QtWebEngine,6.8,1
Quark,7.8,1
Opera,73.0,1
Chrome,76.0,1
Mobile App,83.0,1
Firefox,84.0,1
Mobile App,87.0,1
Chrome,89.0,1
Microsoft Edge,92.0,1
Chrome,93.0,1
Chrome,94.0,1
Mobile App,97.0,1
