name,visitors,bounce_rate,visit_duration
Direct / None,5351,60,269
google.com,1648,81,136
cn.bing.com,1064,73,150
google.com.hk,379,83,140
baidu.com/link,313,78,101
python.org,175,100,505
bing.com,150,68,135
link.zhihu.com,53,60,136
link.csdn.net,51,83,61
codecademy.cn,49,58,111
chatgpt.com,38,52,480
baidu.com,28,90,46
python.p2hp.com,27,0,507
doubao.com,25,60,225
runoob.com,19,59,157
yuanbao.tencent.com,13,43,535
m.baidu.com,12,60,59
so.com/link,11,82,10
sxgxy.alphacoding.cn,10,80,48
yz.m.sm.cn/s,10,80,2
codernav.com,9,25,67
baidu.com/s,8,67,338
codecademy.cn/tutorial/python,8,50,16
ntp.msn.cn,8,75,192
gemini.google.com,6,75,18
chat.baidu.com,5,80,4
cn.bing.com/search,5,60,5
fastapi.tiangolo.com,5,75,8
duckduckgo.com,4,0,28
google.com.tw,4,100,228
web.shanbay.com,4,100,0
yuque.com,4,50,191
bytedance.larkoffice.com,3,100,0
cnblogs.com,3,67,14
course-wps.zju.edu.cn,3,67,32
discuss.python.org,3,0,294
ithelp.ithome.com.tw,3,33,579
python-type-challenges.zeabur.app,3,0,1594
python.p2hp.com/doc/index.html,3,0,21
172.16.201.208,2,100,0
acwing.com,2,0,366
aidoczh.com,2,100,0
blog.csdn.net/TalorSwfit20111208/article/details/135071669,2,100,0
c.biancheng.net,2,100,0
cai51jalat2.feishu.cn,2,100,0
chat.qwen.ai/c/84732f5a-7e0e-4892-9cb7-8a3f631b1796,2,0,1076
claude.ai,2,50,6
docs.celeryq.dev/en/4.4.0/userguide/configuration.html,2,0,188
google.co.jp,2,100,518
hike-teaching-center.polymas.com,2,50,14
learnku.com,2,60,536
luogu.com.cn,2,100,0
m.baidu.com/from=2001p/bd_page_type=1/ssid=0/uid=0/pu=usm%401%2Csz%401320_1004%2Cta%40iphone_2_12.0_35_7.11/baiduid=9DAC19B792C1E5CF8ADFC111791FEAA1/w=0_10_/t=iphone/l=1/tc,2,100,0
m.sogou.com,2,0,162
machinelearningmastery.com,2,0,86
oi-wiki.org,2,50,10
opencsg.com,2,0,103
pandas.pydata.org,2,0,60
perplexity.ai,2,100,0
pkuschool.yuque.com,2,100,0
sogou.com/link,2,50,796
tongyi.com,2,50,1344
wo-drcn.dbankcloud.cn,2,50,0
192.168.3.36/2025/Docs_center/%E6%96%87%E6%A1%A3%E4%B8%AD%E5%BF%83/%E8%AE%BE%E8%AE%A1%E5%B7%A5%E5%85%B7/%E8%BD%AF%E4%BB%B6/site/Python.html,1,100,0
3ms.huawei.com,1,100,0
43066svc1.vnc.educoder.net,1,0,5
48577svc1.vnc.educoder.net,1,100,0
52zwbc.com,1,100,0
6.65.233.1,1,0,37
agent.gwm.cn,1,100,0
agsiyuan.tocmcc.cn,1,100,0
allaboutdataanalysis.medium.com,1,100,0
ask.csdn.net/questions/7774870,1,100,0
baike.baidu.com/reference/407313/533aYdO6cr3_z3kATKCIzK_yMi7EZIj4t-aHB7FzzqIPmGapB4rqWZt88M4r9vhpWgTZt9d4aJsWmKf5FRccvaJOMrgrGvF_wQ,1,100,0
baike.baidu.com/reference/407313/533aYdO6cr3_z3kATKXfzPijYC-VNd__ueHQVuBzzqIPmGapB4rqWZt88M4r9vhpWgTZt9d4aJsWmKf5FQ,1,0,520
bbs.uestc.edu.cn,1,100,0
biiii.com,1,100,0
blog.csdn.net/HayPinF/article/details/118995502,1,100,0
blog.csdn.net/hlsxjh/article/details/147307492,1,100,0
blog.csdn.net/weixin_39278265/article/details/115203933,1,0,7
blog.csdn.net/weixin_40134371/article/details/139996858,1,100,0
blog.csdn.net/weixin_40922744/article/details/103721870,1,100,0
blog.csdn.net/weixin_42399800/article/details/143822422,1,0,64
bohrium.dp.tech/courses/5145067675,1,100,0
bot.n.cn,1,0,12
c.biancheng.net/view/4208.html,1,100,0
cd.xrnm.xyz,1,100,0
cgtsoft.com,1,100,0
chat.deepseek.com,1,100,0
chat.qwen.ai,1,100,0
chat.qwen.ai/c/c9fda90c-410d-49d1-9d0f-7a59bf9dd604,1,0,1252
chat.qwen.ai/c/de80645c-a549-4015-8790-748c585c99d8,1,100,0
codemao.yuque.com/kzbwh0/turtle__guide/fk23qp,1,100,0
cryptography.io/en/latest/faq,1,0,58
cs50.harvard.edu,1,0,11
datagrads.com/building-your-first-desktop-application-using-pyside6,1,0,537
deep-search-doubao-fe.gf.bytedance.net,1,0,24
devguide.python.org/getting-started/setup-building,1,0,101
discuss.streamlit.io,1,0,260
doc.codeboy.com,1,0,19
docs.amovlab.com,1,100,0
docs.marimo.io,1,0,0
docs.melobot.org,1,0,13
docs.popo.netease.com,1,100,0
docs.pydantic.dev,1,0,752
docs.sqlalchemy.org,1,0,0
docs.xiaohongshu.com,1,100,0
doubao.com/chat/4328936197524482,1,0,0
doubao.com/chat/5134880468108290,1,0,235
dxyzmw.yuque.com,1,100,0
emacs-china.org,1,100,0
evaluation.woa.com,1,0,0
fishc.com.cn,1,100,0
fn.alpen-y.top,1,100,0
geektutu.com/post/quick-python.html,1,0,13
git.woa.com,1,0,2
gitee.com,1,100,0
github.com,1,0,0
github.com/Jester565/BegoneMark/tree/master,1,0,1448
github.com/numpy/numpy/issues/17937,1,0,0
github.com/skirpichev/cpython,1,0,89
github.com/sunxiaolong321/Python-Datastructure-and-algorithm,1,0,13
github.com/vinta/awesome-python,1,0,7
github.com/xorbitsai/inference/issues/2618,1,100,0
github.com/yangyahu-1994/Python-Crash-Course/tree/master,1,100,0
google.com.sg,1,100,0
google.com.vn,1,100,0
google.ge,1,100,0
grow.alibaba-inc.com,1,100,0
help-doc.top,1,0,304
i-2.gpushare.com,1,0,712
kdocs.cn,1,100,0
ketangpai.com,1,100,0
km.netease.com,1,100,0
kytta.dev,1,0,16
langchain-ai.github.io,1,0,13
learn.agiclass.cn,1,100,0
learning-pytest.readthedocs.io,1,0,34
learning-pytest.readthedocs.io/zh/latest/doc/test-function/assert.html,1,0,7
learning.ccbp.in,1,0,270
leetcode.cn,1,100,0
less-bug.com,1,0,6
liaoxuefeng.com,1,100,0
lidihuo.com,1,100,0
link.juejin.cn,1,0,114
m.baidu.com/from=0/bd_page_type=1/ssid=0/uid=0/pu=usm%4011%2Csz%401320_1001%2Cta%40iphone_2_11.0_29_116.0/baiduid=C34FAA63E212142FA5D39225F97B7681/w=0_10_/t=iphone/l=1/tc,1,100,0
m.baidu.com/from=1001192y/bd_page_type=1/ssid=0/uid=0/pu=usm%400%2Csz%401320_1001%2Cta%40iphone_2_12.0_28_16.0/baiduid=760387F974861D3506DAA9317129DC86/w=0_10_/t=iphone/l=1/tc,1,0,333
m.baidu.com/from=1001192y/bd_page_type=1/ssid=0/uid=0/pu=usm%400%2Csz%401320_1001%2Cta%40iphone_2_12.0_28_16.0/baiduid=9E5EF8EA75341B879C4AF2B998262F26/w=0_10_/t=iphone/l=1/tc,1,0,0
m.baidu.com/from=1001192y/bd_page_type=1/ssid=0/uid=0/pu=usm%400%2Csz%401320_220%2Cta%40iphone___24_114.0/baiduid=710543D0A42D1AC6EE0165E7E7F27070/w=0_10_/t=iphone/l=1/tc,1,100,0
m.baidu.com/from=1001192y/bd_page_type=1/ssid=0/uid=0/pu=usm%404%2Csz%401320_1001%2Cta%40iphone_2_12.0_28_16.0/baiduid=67208EB0097B40D395B2423B0E6425EE/w=0_10_/t=iphone/l=1/tc,1,100,0
m.baidu.com/from=1001703a/bd_page_type=1/ssid=0/uid=0/pu=usm%400%2Csz%401320_1001%2Cta%40iphone_2_12.0_18_40.9/baiduid=13CA08A360801545D493038D553AC8D4/w=0_10_/t=iphone/l=1/tc,1,100,0
m.baidu.com/from=1001703a/bd_page_type=1/ssid=0/uid=0/pu=usm%400%2Csz%401320_1001%2Cta%40iphone_2_14.0_18_40.9/baiduid=5BFB26EF4373DA0297E20888CD0C889E/w=0_10_/t=iphone/l=1/tc,1,100,0
m.baidu.com/from=1012852q/bd_page_type=1/ssid=0/uid=0/pu=sz%401320_1004%2Cta%40iphone_2_13.0_11_19.4%2Cusm%400/baiduid=251256C86B0F5FDB3BE150752140C44D/w=0_10_/t=iphone/l=1/tc,1,100,0
m.baidu.com/from=1012852q/bd_page_type=1/ssid=0/uid=0/pu=usm%400%2Csz%401320_1004%2Cta%40iphone_2_15.0_11_19.4/baiduid=581C52A64A2A7B0A448A9DADBB738842/w=0_10_/t=iphone/l=1/tc,1,100,0
m.baidu.com/from=1012852q/bd_page_type=1/ssid=0/uid=0/pu=usm%401%2Csz%401320_1004%2Cta%40iphone_2_13.0_11_17.6/baiduid=54DD99FFC5CB0763BCF51A3766EFF583/w=0_10_/t=iphone/l=1/tc,1,0,248
m.baidu.com/from=1012852q/bd_page_type=1/ssid=0/uid=0/pu=usm%402%2Csz%401320_1004%2Cta%40iphone_2_13.0_11_19.4/baiduid=02473D873F1F58A0E41FEBB64FDDDCF4/w=0_10_/t=iphone/l=1/tc,1,100,0
m.baidu.com/from=1012852q/bd_page_type=1/ssid=0/uid=0/pu=usm%402%2Csz%401320_1004%2Cta%40iphone_2_15.0_11_19.4/baiduid=455617C77FE0B9F187AA1274D668BFF4/w=0_10_/t=iphone/l=1/tc,1,100,0
m.baidu.com/from=1012852q/bd_page_type=1/ssid=0/uid=0/pu=usm%402%2Csz%401320_1004%2Cta%40iphone_2_15.0_11_19.4/baiduid=DE8DD5CE5DA88DC1E9A596C093C4DCFE/w=0_10_/t=iphone/l=1/tc,1,100,0
m.baidu.com/from=1019311v/bd_page_type=1/ssid=0/uid=0/pu=usm%401%2Csz%401320_1001%2Cta%40iphone_2_15.0_19_24.5/baiduid=590A3025A30FD1783FEA4ACF443EEF39/w=0_10_/t=iphone/l=1/tc,1,100,0
m.baidu.com/from=1024729a/bd_page_type=1/ssid=0/uid=0/pu=usm%402%2Csz%401320_1004%2Cta%40iphone_2_14.0_34_10.11/baiduid=9CEC0A81D3BC80C3E77178451DA70610/w=20_10_/t=iphone/l=1/tc,1,0,2
m.baidu.com/from=2001p/bd_page_type=1/ssid=0/uid=0/pu=usm%402%2Csz%401320_1004%2Cta%40iphone_2_15.0_35_7.9/baiduid=CD637365D8070E677342D626D07C6F7D/w=0_10_/t=iphone/l=1/tc,1,0,659
m.baidu.com/from=844b/bd_page_type=1/ssid=0/uid=0/pu=usm%403%2Csz%401320_2001%2Cta%40iphone_1_16.7_24_136.0/baiduid=EF395FF03993C8B5C6D653EE0319E536/w=0_10_/t=iphone/l=1/tc,1,100,0
manual.calibre-ebook.com,1,0,65
meta.com.chatvgx.com,1,0,28
mindspore.cn,1,100,0
mlx.sankuai.com,1,100,0
mmkl4cp86p.feishu.cn,1,100,0
momenta.feishu.cn,1,100,0
mvig-rhos.gitbook.io/rhos-ke-yan-shou-ce/gui-fan/gong-cheng-gui-fan,1,100,0
mytan.maiseed.com.cn,1,0,0
networkx.org,1,0,0
notice.chaoxing.com,1,100,0
notion.so,1,100,0
numba.pydata.org,1,0,0
o.wpsgo.com,1,0,7
opencsg.com/models/AIWizards/nomic-embed-text-v1.5,1,100,0
pan.quark.cn/s/a22534f9a985,1,100,0
poe.com,1,0,252
presearch.com,1,0,7
python.org/about/help,1,0,34
pythoncat.top,1,0,10
quark.cn/s/DxGxBqnPkU01uF35CN,1,100,0
quark.cn/s/EBqz01uF0jsSgUCmOu,1,0,1240
quark.cn/s/IohVyTbCe01uF1gMAG,1,100,0
quickref.cn,1,0,1226
runoob.com/python3/python3-resources.html,1,100,0
safe.menlosecurity.com,1,100,0
salon.netease.com,1,0,23
saqxm3c9e1i.feishu.cn,1,100,0
scikit-learn.org,1,0,0
so.com,1,100,0
so.com/s,1,0,1955
so.m.sm.cn/s,1,100,0
space.coze.cn,1,0,18
test.baidu.com,1,100,0
tongyi.com/qianwen,1,0,20
ttkbootstrap.readthedocs.io,1,0,2947
tw.search.yahoo.com,1,0,93
vip.ow365.cn,1,100,0
w.ketangpai.com,1,100,0
websockets.readthedocs.io/en/stable,1,0,0
wenote.huawei.com,1,100,0
wenxiaobai.com,1,0,311
wenxiaobai.com/chat/200006,1,100,0
wm.m.sm.cn/s,1,100,0
www4.bing.com,1,100,0
xiaomi.f.mioffice.cn,1,50,584
yuanbao.tencent.com/chat/naQivTmsDa/6058a9b9-982a-4ce8-8f7a-c3224b728ba8,1,0,56
yuque.antfin.com,1,100,0
yz.m.sm.cn,1,100,0
zhangheng18.github.io,1,100,0
zhipu-ai.feishu.cn,1,100,0
