name,unique_exits,total_exits,exit_rate
/downloads/,163977,171294,53.2
/,79748,81382,48.9
/downloads/windows/,53863,55514,63.4
/downloads/release/python-3135/,42860,43522,49.7
/downloads/macos/,6557,6672,54.4
/about/gettingstarted/,6380,6485,59.7
/search/,4238,4255,30.2
/downloads/release/python-3100/,4144,4244,63.0
/doc/,4096,4168,52.1
/downloads/release/python-3110/,3806,3898,63.3
/downloads/release/python-3120/,2727,2808,56.0
/downloads/release/python-3119/,2484,2552,71.6
/downloads/source/,2314,2344,43.9
/downloads/release/python-31011/,2051,2095,70.1
/downloads/release/python-31113/,1907,1921,25.8
/downloads/release/python-3106/,1722,1778,72.8
/psf-landing/,1573,1579,30.6
/downloads/release/pymanager-250b10/,1496,1503,45.1
/downloads/release/python-31210/,1476,1505,69.6
/downloads/release/python-3130/,1454,1468,62.1
/downloads/release/python-390/,1391,1414,57.9
/downloads/release/python-31211/,1328,1334,27.7
/downloads/release/python-31018/,1255,1276,27.6
/about/,1190,1207,31.5
/downloads/release/python-3132/,1114,1128,54.1
/downloads/release/python-3810/,1106,1127,69.4
/download/other/,1100,1109,41.7
/jobs/,1062,1085,39.5
/doc/versions/,1033,1050,70.7
/downloads/release/python-3109/,987,1012,70.4
/downloads/release/python-3133/,916,953,63.4
/downloads/release/python-380/,909,928,53.5
/community/,849,855,38.6
/downloads/release/python-3140b3/,797,804,25.7
/downloads/release/python-3123/,779,791,61.0
/about/apps/,766,775,48.4
/downloads/release/python-3913/,733,752,65.1
/downloads/release/python-3124/,728,742,61.4
/downloads/release/python-2718/,678,687,73.3
/getit/,671,681,56.1
/shell/,664,673,69.7
/downloads/release/python-31010/,602,619,68.5
/downloads/release/python-370/,575,585,51.0
/downloads/release/python-3134/,536,555,56.5
/downloads/release/python-31013/,518,526,31.0
/downloads/release/python-3118/,477,491,65.0
/downloads/release/python-3923/,466,470,24.1
/downloads/release/python-3129/,448,455,67.1
/downloads/release/python-3114/,405,412,56.2
/downloads/release/python-3820/,401,397,28.4
/downloads/release/python-3128/,388,391,63.0
/download/pre-releases/,366,368,20.2
/downloads/release/python-379/,358,368,59.2
/downloads/release/python-3127/,338,344,65.6
/download/releases/,328,326,19.0
/downloads/release/python-31012/,309,306,28.2
/blogs/,303,310,37.1
/downloads/release/python-3922/,302,305,28.0
/community/logos/,298,299,57.4
/downloads/release/python-3125/,292,298,56.4
/download/releases/2.7/,290,295,60.7
/events/,276,276,49.7
/downloads/release/python-368/,250,260,60.5
/downloads/release/python-31112/,240,237,21.5
/downloads/release/python-3116/,234,240,68.0
/downloads/release/python-360/,233,237,54.5
/downloads/release/python-31111/,230,231,24.7
/downloads/release/python-3115/,229,236,62.4
/downloads/release/python-3111/,222,228,63.9
/downloads/release/python-3117/,221,233,67.9
/downloads/release/python-3126/,210,212,58.7
/downloads/release/python-31017/,209,212,24.3
/downloads/release/python-31110/,206,206,25.8
/doc/essays/blurb/,204,205,78.5
/downloads/release/python-3131/,198,206,57.5
/success-stories/,191,193,34.4
/downloads/release/python-3105/,186,188,60.1
/downloads/release/python-3121/,181,185,56.1
/downloads/release/python-3113/,178,179,55.2
/getit/windows/,176,178,54.3
/downloads/release/python-31016/,174,176,27.8
/downloads/release/python-3112/,172,177,64.1
/downloads/release/python-3108/,167,170,70.0
/downloads/release/python-3122/,165,168,57.5
/downloads/release/python-377/,160,158,35.7
/downloads/release/python-3717/,159,160,27.4
/downloads/release/python-31014/,145,143,27.4
/download/releases/3.0/,140,142,52.4
/downloads/release/python-31015/,135,137,27.3
/downloads/release/python-386/,135,138,55.9
/downloads/release/python-3104/,134,135,59.0
/about/help/,131,130,44.5
/download,130,132,35.6
/downloads/release/python-396/,129,127,60.5
/downloads/release/python-397/,123,129,57.1
/doc/av/,117,118,48.4
/downloads/release/python-2716/,113,114,67.9
/download/alternatives/,110,114,46.9
/downloads/release/python-3920/,110,113,32.3
/downloads/release/python-3107/,107,111,68.5
