name,visitors,bounce_rate,visit_duration
Direct / None,3841,74,153
google.com,313,82,234
python.org,156,68,421
bing.com,32,79,217
codecademy.cn,24,71,448
m.baidu.com,22,85,57
baidu.com/link,17,86,53
duckduckgo.com,17,100,421
cn.bing.com,11,50,215
yandex.ru,11,0,622
chatgpt.com,9,100,713
search.brave.com,8,100,24
cgi.cse.unsw.edu.au,7,86,4
atcoder.jp,4,50,93
blackdown.org,3,100,0
statics.teams.cdn.office.net,3,100,25
blog.python.org,2,100,0
codecademy.cn/tutorial/python,2,0,676
docs.paperless-ngx.com,2,100,0
forums.linuxmint.com,2,100,0
gemini.google.com,2,100,720
reddit.com,2,100,14
search.yahoo.co.jp,2,100,0
view.genially.com/68540d08db13ce7dbd6b49e7,2,100,0
youtube.com,2,100,62
127.0.0.1,1,100,0
baidu.com,1,100,0
bing.com/search,1,0,40
campusvirtual.austral.edu.ar,1,100,0
codecademy.com,1,0,1188
codspeed.io,1,0,1187
colab.research.google.com,1,100,0
cursos.alura.com.br,1,100,0
developers.google.com,1,0,141
discuss.python.org,1,0,1225
doubao.com,1,0,959
earth-env-data-science.github.io,1,0,203
ensta-blog.com/python/heapq,1,100,0
fpadistancia.edu.xunta.gal,1,100,0
github.com/GrahamDumpleton/wrapt/issues/259,1,100,0
github.com/uvsq-l1-info100/l1-python/blob/main/INSTALL.md,1,100,0
go.skillbox.ru,1,100,0
google.co.jp,1,100,0
jupyter.org,1,100,0
ktoolbox.readthedocs.io/latest/configuration/reference,1,100,0
link.zhihu.com,1,0,31
m.baidu.com/from=1001192y/bd_page_type=1/ssid=0/uid=0/pu=usm%400%2Csz%401320_1001%2Cta%40iphone_2_11.0_28_16.0/baiduid=768CAA281F5A47A950AA9F91F13F9FA0/w=0_10_/t=iphone/l=1/tc,1,100,0
m.baidu.com/from=1001703a/bd_page_type=1/ssid=0/uid=0/pu=usm%401%2Csz%401320_1001%2Cta%40iphone_2_14.0_18_40.10/baiduid=496FDBB6E1312A7353743957BF0312E1/w=0_10_/t=iphone/l=1/tc,1,100,0
m.baidu.com/from=1019311v/bd_page_type=1/ssid=0/uid=0/pu=usm%401%2Csz%401320_1001%2Cta%40iphone_2_16.0_19_26.2/baiduid=B9A3A91B2F69C1A3D00273D5CE388F21/w=0_10_/t=iphone/l=1/tc,1,100,0
m.baidu.com/from=1020761f/bd_page_type=1/ssid=0/uid=0/pu=usm%400%2Csz%401320_1001%2Cta%40iphone_2_8.1_19_28.1/baiduid=E183C620B7317D8E5039AD994A6CB921/w=0_10_/t=iphone/l=1/tc,1,100,0
m.baidu.com/from=1050528x/bd_page_type=1/ssid=0/uid=0/pu=sz%401320_480%2Ccua%40_P2q84aS-igyImzqfpwy6iIB2NjWasicoavjhGGHNqqqB%2Ccut%40p83FIJa6vC_-h2I4_CvW8gI528ySf3uYDhWmA%2Ccuid%403FA35E751DD944000A2E5C938CF921CB%7CVDX56E5S4%2Ccen%40cua_cut%2Cosname%40baiduboxapp%2Cctv%402%2Ccfrom%401050528x%2Cc3_aid%40A00-CQZLYB2D2LE2RXN44O6H6CSKDHEIZD2C-4R7FLSWM%2Chm_cuid%400%3A_iSWigidvi_t8Sf6_a268g8zvagziBiCj8SetguoHa8G9Hh__uSnibGPA%3A%2Cta%40iphone_5_6.0_44_15.34%2Cusm%403/baiduid=69D2ACF45E96D1BD69DD4E6AD24417E4/w=0_10_/t=iphone/l=1/tc,1,100,0
m.baidu.com/from=1057810a/bd_page_type=1/ssid=0/uid=0/pu=usm%400%2Csz%401320_1004%2Cta%40iphone_2_12.0_49_3.2/baiduid=CCB0EEFA4E80B11F2A483AD5FFC89A96/w=0_10_/t=iphone/l=1/tc,1,100,0
m.baidu.com/from=1086k/bd_page_type=1/ssid=0/uid=0/pu=usm%400%2Csz%401320_1002%2Cta%40iphone_2_6.0_2_5.3/baiduid=AE72EBF84F27E6237AF12EB853A8ABFF/w=0_10_/t=iphone/l=1/tc,1,100,0
mail.google.com/mail/mu/mp/114,1,0,26
netacad.com,1,100,0
note.nkmk.me,1,100,0
notebooks.githubusercontent.com,1,100,0
onu1.s2.chalmers.se,1,0,91
opencsg.com,1,100,0
peps.python.org,1,100,0
perplexity.ai,1,0,206
pyodide.org/en/stable/console.html,1,0,31
pyodide.org/en/stable/usage/type-conversions.html,1,0,872
python.it,1,0,121
python.org/jobs,1,0,26
qiita.com,1,100,0
scikit-learn.org,1,0,53
search.yahoo.com,1,0,109
sharelatex.tu-darmstadt.de,1,100,0
starjuku.net,1,100,0
thehardcorecoder.com,1,100,0
udemy.com,1,0,12
virtual.tdea.edu.co,1,100,0
