name,visitors,pageviews,bounce_rate,time_on_page,scroll_depth
/zh-cn/3/tutorial/index.html,860,1070,60,36,56
/zh-cn/3.13/tutorial/index.html,684,830,53,150,62
/zh-cn/3/,581,733,53,16,75
/zh-cn/3/library/index.html,479,600,59,39,49
/zh-cn/3.13/,457,549,40,19,82
/zh-cn/3.13/library/index.html,306,434,48,272,51
/zh-cn/3/tutorial/interpreter.html,288,287,55,70,78
/zh-cn/3/tutorial/controlflow.html,241,253,68,220,50
/zh-cn/3.13/tutorial/interpreter.html,236,230,58,98,78
/zh-cn/3.13/tutorial/controlflow.html,227,243,65,198,50
/zh-cn/3/tutorial/introduction.html,225,229,72,196,60
/zh-cn/3.13/tutorial/introduction.html,214,205,71,171,64
/zh-cn/3/library/functions.html,208,206,75,66,40
/zh-cn/3.13/library/functions.html,199,186,70,78,47
/zh-cn/3/tutorial/appetite.html,194,190,45,88,92
/zh-cn/3.13/index.html,193,228,42,15,82
/zh-cn/3.13/library/stdtypes.html,185,185,73,132,46
/zh-cn/3/reference/index.html,177,239,49,25,70
/zh-cn/3.13/tutorial/appetite.html,174,169,37,75,90
/zh-cn/3/using/mac.html,170,163,82,51,54
/zh-cn/3.13/search.html,165,216,34,21,52
/zh-cn/3/tutorial/,159,195,59,27,52
/zh-cn/3.13/using/index.html,154,163,54,37,76
/zh-cn/3/library/stdtypes.html,142,142,79,93,42
/zh-cn/3/search.html,142,198,35,17,52
/zh-cn/3.13/tutorial/datastructures.html,139,144,67,247,60
/zh-cn/3/index.html,133,157,37,11,82
/zh-cn/3.13/glossary.html,124,114,59,114,45
/zh-cn/3.13/reference/index.html,123,136,51,34,75
/zh-cn/3/tutorial/datastructures.html,120,121,69,135,59
/zh-cn/3.13/installing/index.html,113,98,77,48,69
/zh-cn/3/library/idle.html,109,108,76,20,34
/zh-cn/3/contents.html,107,125,38,33,22
/zh-cn/3.13/library/venv.html,104,105,87,31,40
/zh-cn/3/library/turtle.html,102,112,88,70,24
/zh-cn/3.13/using/windows.html,97,85,70,60,45
/zh-cn/3.13/whatsnew/3.13.html,97,84,76,97,27
/zh-cn/3/library/math.html,95,104,79,66,41
/zh-cn/3.13/tutorial/,93,121,58,43,60
/zh-cn/3.13/tutorial/classes.html,91,90,81,206,46
/zh-cn/3/glossary.html,89,88,38,60,43
/zh-cn/3.13/contents.html,88,85,40,35,17
/zh-cn/3/tutorial/inputoutput.html,87,100,89,88,52
/zh-cn/3/using/index.html,87,93,69,18,81
/zh-cn/3.13/download.html,85,65,72,26,91
/zh-cn/3.13/reference/datamodel.html,79,81,67,136,52
/zh-cn/3.13/tutorial/modules.html,79,65,62,164,60
/zh-cn/3/tutorial/classes.html,79,82,71,249,58
/zh-cn/3.13/tutorial/inputoutput.html,74,66,81,155,49
/zh-cn/3/library/multiprocessing.html,72,74,89,107,21
/zh-cn/3.13/using/cmdline.html,71,61,64,45,32
/zh-cn/3/tutorial/modules.html,71,74,76,176,73
/zh-cn/3.13/library/asyncio-task.html,65,59,77,115,48
/zh-cn/3.13/howto/index.html,64,56,60,25,91
/zh-cn/3/reference/lexical_analysis.html,64,53,64,217,61
/zh-cn/3/using/windows.html,64,55,88,46,49
/zh-cn/3.12/,62,68,55,10,79
/zh-cn/3.12/using/mac.html,62,69,83,61,71
/zh-cn/3.13/tutorial/errors.html,62,57,86,159,54
/zh-cn/3.14/whatsnew/3.14.html,62,58,89,80,29
/zh-cn/3/reference/datamodel.html,62,71,75,195,45
/zh-cn/3.15/,60,65,11,26,80
/zh-cn/3/library/tk.html,60,75,52,41,69
/zh-cn/3.12/library/index.html,59,83,56,26,42
/zh-cn/3.13/library/asyncio.html,59,76,59,21,81
/zh-cn/3.13/library/re.html,59,57,88,88,39
/zh-cn/3.13/reference/lexical_analysis.html,59,69,25,2392,65
/zh-cn/3.13/tutorial/venv.html,58,47,76,97,72
/zh-cn/3/howto/regex.html,57,63,89,81,41
/zh-cn/3/library/venv.html,56,60,90,32,30
/zh-cn/3.13/using/mac.html,55,47,93,48,50
/zh-cn/3/installing/index.html,55,54,70,39,71
/zh-cn/3/using/,54,56,65,14,73
/zh-cn/3/using/cmdline.html,54,49,75,38,27
/zh-cn/3/library/,53,69,75,24,29
/zh-cn/3/library/tkinter.html,52,50,74,72,52
/zh-cn/3.13/using/android.html,51,47,92,52,88
/zh-cn/3/whatsnew/3.13.html,51,49,59,124,21
/zh-cn/3.13/tutorial/stdlib.html,50,43,0,64,58
/zh-cn/3/tutorial/stdlib.html,49,52,50,43,69
/zh-cn/3.12/tutorial/index.html,48,56,56,35,59
/zh-cn/3/library/typing.html,48,44,73,92,34
/zh-cn/3.15/tutorial/index.html,46,53,50,37,62
/zh-cn/3/tutorial/venv.html,45,46,81,76,75
/zh-cn/3.13/library/pdb.html,44,48,95,31,43
/zh-cn/3.13/reference/compound_stmts.html,43,36,20,50,40
/zh-cn/3.13/tutorial/stdlib2.html,43,35,50,88,65
/zh-cn/3/download.html,43,36,88,22,90
/zh-cn/3.13/library/string.html,42,49,64,103,51
/zh-cn/3.13/library/dataclasses.html,41,42,84,72,37
/zh-cn/3.13/library/os.html,41,40,61,69,48
/zh-cn/3/library/argparse.html,40,42,91,179,31
/zh-cn/3/library/asyncio.html,40,43,62,61,83
/zh-cn/3/reference/expressions.html,40,43,64,136,58
/zh-cn/3/reference/introduction.html,40,43,25,84,78
/zh-cn/3.13/library/multiprocessing.html,39,34,90,78,41
/zh-cn/3.13/library/tkinter.html,39,37,67,128,61
/zh-cn/3/howto/index.html,39,42,43,13,94
/zh-cn/3.13/library/csv.html,38,36,97,39,42
/zh-cn/3/reference/compound_stmts.html,38,39,50,106,58
