name,visitors,bounce_rate,visit_duration
google.com,1424,75,207
Direct / None,346,72,249
google.com.tw,59,78,201
bing.com,27,95,523
baidu.com/link,16,60,116
chatgpt.com,15,64,308
steam.oxxostudio.tw,14,67,126
python.org,11,0,1069
elearning.tnnua.edu.tw,7,71,107
google.com.hk,7,100,162
tw.search.yahoo.com,6,67,6
cn.bing.com,4,50,919
elearn.ncut.edu.tw,3,50,69
ithelp.ithome.com.tw,3,100,22
m.baidu.com,3,100,65
yandex.ru,3,0,33
medium.com/@zhyixi82105/python%E8%88%87vs-code%E7%92%B0%E5%A2%83%E5%BB%BA%E7%BD%AE-a5c6c3b9ead,2,100,0
moodle.cute.edu.tw,2,50,13
baidu.com,1,100,0
coccoc.com/search,1,0,61
codelove.tw,1,0,1912
docs.google.com,1,100,0
duckduckgo.com,1,0,92
fastapi.tiangolo.com,1,0,29
finlab.tw,1,0,152
gemini.google.com,1,100,0
github.com,1,0,1
hk.search.yahoo.com,1,100,0
jacychu.medium.com,1,100,0
link.csdn.net,1,0,181
medium.com/@diverwil1995/python-%E4%B8%AD%E7%9A%84-round-%E5%87%BD%E5%BC%8F-%E7%9C%9F%E7%9A%84%E6%98%AF%E5%9B%9B%E6%8D%A8%E4%BA%94%E5%85%A5%E5%97%8E-190ef9055097,1,100,0
myapollo.com.tw,1,0,10
napari.org,1,0,0
netacad.com,1,0,46
ntp.msn.com,1,100,0
oxygentw.net,1,0,386
reddit.com,1,0,164
sean22492249.medium.com/%E5%88%A9%E7%94%A8-python-%E5%85%A7%E5%BB%BA%E7%9A%84%E5%A5%97%E4%BB%B6%E7%99%BC%E9%80%81%E5%90%AB%E6%9C%89%E5%9C%96%E3%84%86%E3%84%A7-e9ec3f772df0,1,100,0
sites.google.com,1,0,13
student.danger.education,1,0,128
t.co,1,100,0
techradar.com/best/best-ide-for-python,1,0,40
udemy.com,1,0,348
