name,visitors,bounce_rate,visit_duration
Google,1597,84,122
Direct / None,503,66,265
Bing,39,82,60
Baidu,21,67,153
chatgpt.com,16,62,104
python.org,13,0,239
steam.oxxostudio.tw,12,83,2
Yahoo!,8,100,0
Microsoft Teams,4,75,306
ithelp.ithome.com.tw,3,50,128
DuckDuckGo,1,100,0
GitHub,1,0,1276
Twitter,1,100,0
Yandex,1,0,15
cw1057.blogspot.com,1,0,0
devguide.python.org,1,0,389
haosquare.com,1,100,0
link.csdn.net,1,0,0
masterlink.com.tw,1,100,0
medium.com,1,100,0
myapollo.com.tw,1,0,153
post_page-----3d988c0fe87d---------------------------------------,1,0,15
realnewbie.com,1,100,0
saml.ms.com,1,100,0
scikit-learn.org,1,0,16
