name,visitors
Istanbul,47
Ankara,18
Baku,10
İzmir,5
Antalya,4
Manisa,3
Tekirdağ,3
N/A,2
Malatya,2
Gaziantep,2
Elazığ,2
Yalova,2
N/A,2
Bursa,2
Anyang-si,2
Ossett,2
Rijswijk,2
Frankfurt am Main,2
Çankaya,2
Seferihisar,1
Mersin,1
Konya,1
Karapınar,1
Döşemealtı,1
Batman,1
Balıkesir,1
Antakya,1
Trabzon,1
Samsun,1
Pendik,1
N/A,1
Devrek,1
Çatalca,1
Tashkent,1
Nanyang,1
Hong Kong,1
Suwon,1
Wageningen,1
Eindhoven,1
Brussels,1
Wuppertal,1
Köln,1
Freising,1
Essen,1
Prague,1
Barcelona,1
Atlanta,1
N/A,1
