name,version,visitors
Chrome,136.0,12612
Microsoft Edge,136.0,4370
Chrome,135.0,2421
Firefox,138.0,1684
Safari,18.4,1043
Chrome,134.0,552
Microsoft Edge,135.0,483
Yandex Browser,25.4,302
Opera,118.0,298
Firefox,128.0,263
Firefox,137.0,238
Chrome,109.0,190
Chrome,131.0,186
Safari,18.3,175
Chrome,133.0,159
Safari,18.5,154
Chrome,132.0,134
Microsoft Edge,134.0,109
Firefox,136.0,102
Yandex Browser,25.2,88
Chrome,122.0,79
Safari,17.6,79
Mobile App,(not set),72
Chrome,117.0,66
Chrome,130.0,61
Chrome,128.0,58
Smart Lenovo Browser,9.0,57
Chrome,129.0,56
Chrome,126.0,48
Safari,18.1,48
Chrome,125.0,47
Firefox,115.0,46
Microsoft Edge,131.0,43
Safari,16.6,42
Chrome,127.0,40
Safari,18.0,40
Firefox,135.0,39
Chrome,124.0,38
Microsoft Edge,133.0,38
Firefox,139.0,33
Safari,17.5,31
Safari,18.2,31
Samsung Browser,28.0,29
Quark,(not set),28
Microsoft Edge,132.0,26
Chrome,138.0,25
Microsoft Edge,130.0,24
Chrome,120.0,22
Chrome,123.0,22
Chrome,118.0,21
Firefox,138.1,21
Yandex Browser,24.10,21
Chrome,121.0,20
Microsoft Edge,129.0,20
Chrome,119.0,18
Microsoft Edge,122.0,18
QQ Browser,13.7,18
Microsoft Edge,137.0,18
Safari,17.3,18
Microsoft Edge,92.0,18
Firefox,134.0,17
Chrome,116.0,16
Opera,117.0,16
Chrome,137.0,16
Whale Browser,4.31,16
Chrome,86.0,16
Avast Secure Browser,134.0,15
Chrome,91.0,15
Microsoft Edge,126.0,14
Mobile App,135.0,14
(not set),(not set),13
Safari,17.4,13
Microsoft Edge,120.0,12
Microsoft Edge,127.0,10
Huawei Browser Mobile,16.0,10
Safari,16.1,10
Microsoft Edge,100.0,9
Chrome,114.0,9
SberBrowser,26.0,9
Chrome,101.0,8
Chrome,108.0,8
Microsoft Edge,109.0,8
Chrome,112.0,8
Microsoft Edge,128.0,8
Yandex Browser,24.12,8
Firefox,132.0,7
Firefox,133.0,7
Safari,15.6,7
Safari,17.2,7
Opera,89.0,7
Safari,(not set),6
Chrome,107.0,6
Chrome,110.0,6
Firefox,113.0,6
Firefox,131.0,6
Firefox,140.0,6
Safari,16.3,6
Safari,17.0,6
Sogou Explorer,2,6
Yandex Browser,24.7,6
Microsoft Edge,116.0,5
Firefox,123.0,5
Microsoft Edge,124.0,5
Norton Private Browser,134.0,5
Safari,15.4,5
Safari,16.0,5
Safari,17.11,5
Firefox,102.0,4
Mobile App,114.0,4
Microsoft Edge,117.0,4
Huawei Browser,12.1,4
Firefox,138,4
Safari,17.1,4
Safari,18.6,4
Safari,19.0,4
QQ Browser,19.1,4
Samsung Browser,26.0,4
Chrome,75.0,4
Firefox,88.0,4
Chrome,89.0,4
Chrome,97.0,4
Chrome,98.0,4
Chromium,(not set),3
Chrome,102.0,3
Chrome,103.0,3
Microsoft Edge,106.0,3
Microsoft Edge,107.0,3
Microsoft Edge,114.0,3
Chrome,115.0,3
Microsoft Edge,119.0,3
Microsoft Edge,123.0,3
Firefox,129.0,3
Firefox,130.0,3
Mobile App,136.0,3
Huawei Browser Mobile,15.0,3
Safari,17.8,3
Microsoft Edge,18.18363,3
SberBrowser,25.0,3
Safari,60.5,3
Chrome,87.0,3
Chrome,92.0,3
Chrome,93.0,3
Opera,95.0,3
Firefox,99.0,3
Steam In-Game Overlay,(not set),2
Safari,10.0,2
Chrome,100.0,2
Opera,102.0,2
Chrome,104.0,2
Firefox,105.0,2
Chrome,105.0,2
Chrome,106.0,2
Firefox,106.0,2
Microsoft Edge,108.0,2
Ecosia,11.1,2
Microsoft Edge,112.0,2
Microsoft Edge,113.0,2
Chrome,113.0,2
Opera,115.0,2
Opera,119.0,2
Mobile App,120.0,2
Firefox,120.0,2
Firefox,125.0,2
Microsoft Edge,125.0,2
Ecosia,129.0,2
QQ Browser,13.3,2
Mobile App,130.0,2
vivo Browser,14.0,2
Safari,14.1,2
MIUI Browser,14.32,2
QQ Browser,15.9,2
Safari,16.2,2
Safari,16.5,2
Microsoft Edge,18.18362,2
Yandex Browser,23.7,2
Samsung Browser,24.0,2
Yandex Browser,24.1,2
vivo Browser,24.4,2
Yandex Browser,24.60,2
Samsung Browser,25.0,2
AdBlock Browser,3.6,2
AdBlock Browser,3.7,2
Chrome,53.0,2
Chrome,69.0,2
mailapp,7.0,2
Chrome,73.0,2
Chrome,78.0,2
Opera,82.0,2
Chrome,83.0,2
Chrome,85.0,2
Firefox,91.0,2
Firefox,93.0,2
Chrome,94.0,2
Chrome,96.0,2
Brave,(not set),1
Firefox,100.0,1
Microsoft Edge,102.0,1
Microsoft Edge,103.0,1
Microsoft Edge,105.0,1
Firefox,107.0,1
Avast Secure Browser,109.0,1
Firefox,109.0,1
Iron,109.0,1
Firefox,110.0,1
Firefox,111.0,1
Chrome,111.0,1
Opera,114.0,1
Microsoft Edge,118.0,1
QQ Browser,12.4,1
QQ Browser,12.7,1
Opera,120.0,1
Firefox,121.0,1
Mobile App,123.0,1
Firefox,124.0,1
Firefox,126.0,1
Firefox,127.0,1
Firefox,128.8,1
Safari,13.1,1
QQ Browser,13.4,1
Mobile App,134.0,1
AVG Secure Browser,134.0,1
Firefox,135.2,1
Firefox,137.2,1
Microsoft Edge,138.0,1
Safari,14.0,1
Safari,15.5,1
Safari,16.4,1
Microsoft Edge,18.19041,1
QQ Browser,19.2,1
Yandex Browser,19.6,1
SberBrowser,20.0,1
SberBrowser,23.0,1
Yandex Browser,23.11,1
Yandex Browser,23.5,1
Yandex Browser,23.9,1
Yandex Browser,24.122,1
Yandex Browser,24.13,1
Yandex Browser,24.4,1
Yandex Browser,24.6,1
Yandex Browser,24.74,1
Yandex Browser,25.20,1
Yandex Browser,25.3,1
Yandex Browser,25.41,1
Yandex Browser,25.42,1
Samsung Browser,27.0,1
Pale Moon,33.6,1
Whale Browser,4.30,1
Huawei Browser Mobile,5.1,1
Opera Touch,5.5,1
Firefox,52.0,1
Chrome,58.0,1
Chrome,59.0,1
QtWebEngine,6.7,1
Chrome,63.0,1
Firefox,68.0,1
Chrome,68.0,1
Smart Lenovo Browser,7.0,1
Quark,7.11,1
Nokia Browser,7.3,1
Chrome,71.0,1
Opera,72.1,1
Chrome,74.0,1
Opera,77.0,1
Opera,78.0,1
Chrome,79.0,1
Smart Lenovo Browser,8.0,1
Chrome,80.0,1
Opera,80.2,1
Opera,85.0,1
Microsoft Edge,86.0,1
Opera,88.0,1
Chrome,90.0,1
Microsoft Edge,90.0,1
Mobile App,92.0,1
Microsoft Edge,96.0,1
Microsoft Edge,98.0,1
Opera,98.0,1
Mobile App,99.0,1
