name,visitors,bounce_rate,visit_duration
Direct / None,3371,68,190
Google,984,83,324
python.org,152,73,272
Bing,116,76,325
DuckDuckGo,45,50,562
Baidu,38,70,163
peps.python.org,36,89,14
Yandex,34,89,123
GitHub,13,85,14
chatgpt.com,11,100,501
link.csdn.net,6,100,12
Ecosia,5,100,357
codecademy.cn,4,0,186
pythoninsider.blogspot.com,4,0,2546
qiita.com,4,100,0
Brave,3,0,110
Microsoft Teams,3,100,0
aisearch.sogou.com,3,67,35
contest.nypc.co.kr,3,100,0
cs50.harvard.edu,3,0,24
docs.astral.sh,3,100,0
learn.microsoft.com,3,100,0
pypdf.readthedocs.io,3,100,0
Perplexity,2,0,690
Yahoo!,2,100,12
copilot.microsoft.com,2,0,44
datacamp.com,2,0,122
devdocs.io,2,100,0
jaydevdo.github.io,2,0,136
link.zhihu.com,2,100,0
n.cn,2,100,0
pip.pypa.io,2,0,19
pucminas.instructure.com,2,100,0
purdue-engr-13300.github.io,2,50,2
pypi.org,2,100,0
realpython.com,2,0,1641
yuanbao.tencent.com,2,0,518
Hacker News,1,0,54
Sogou,1,0,2
ailabstw.atlassian.net,1,100,0
aiosmtplib.readthedocs.io,1,100,0
blog.parthweb.com,1,100,0
boot.dev,1,0,1359
bugs.launchpad.net,1,100,0
bugs.python.org,1,0,1128
campus118.unad.edu.co,1,100,0
chaba-lab.com,1,0,5127
chat.baidu.com,1,0,2730
chat.gen-ai-eu.zeiss.com,1,100,0
codecademy-eu.percipio.com,1,0,4
confluence.fmr.com,1,100,0
courses.cscc.edu,1,0,347
cs.ox.ac.uk,1,0,152
cyclopts.readthedocs.io,1,100,0
death.andgravity.com,1,0,3915
discuss.python.org,1,0,26
docs.pydantic.dev,1,0,865
docs.spyder-ide.org,1,0,2162
doubao.com,1,0,517
dzen.ru,1,100,0
forum.hardwario.com,1,100,0
forum.root.cz,1,100,0
fosstodon.org,1,100,0
g22h5luj8j.feishu.cn,1,100,0
geek-blogs.com,1,0,14
github.cloud.capitalone.com,1,100,0
hitachigroup.okta.com,1,0,0
ibm.com,1,100,0
jupyter-fids.uni-regensburg.de,1,0,401
kazuhira-r.hatenablog.com,1,100,0
mastodon.social,1,0,492
mypy.readthedocs.io,1,0,1945
namu.wiki,1,100,0
ncc1.clients.dur.ac.uk,1,100,0
neopythonic.blogspot.com,1,100,0
netacad.com,1,0,38
networkx.org,1,0,104
numpy.org,1,0,467
open-web-cs.wpp.ai,1,0,129
practicum.yandex.kz,1,100,0
pro.arcgis.com,1,0,57
python-can.readthedocs.io,1,0,1406
python-type-challenges.zeabur.app,1,0,1622
pythonspeed.com,1,100,0
renpy.org,1,100,0
sonar.apps.ocd.cc.corp,1,0,1071
statics.gov.teams.microsoft.us,1,100,0
superfastpython.com,1,0,394
wiki.python.org,1,0,0
