name,visitors,bounce_rate,visit_duration
Direct / None,521,71,217
google.com,326,81,149
python.org,30,0,591
bing.com,29,63,225
search.brave.com,28,88,31
cursos.alura.com.br,15,100,4
translations.python.org,13,38,108
udemy.com,11,93,118
chatgpt.com,6,71,4
duckduckgo.com,6,100,567
br.search.yahoo.com,5,100,6
web.dio.me,5,100,0
pythonfluente.com,3,67,15
alura.com.br,2,0,20
baidu.com,2,100,0
classroom.google.com,2,100,0
google.com.br,2,100,0
gstatic.com,2,100,0
m.baidu.com,2,100,0
roadmap.sh,2,0,1223
unknowncheats.me,2,0,44
afterdarkmode.net,1,100,0
cdn.evg.gov.br,1,0,315
claude.ai,1,100,0
cs50.harvard.edu,1,0,70
de.search.yahoo.com,1,100,0
ead.preditiva.ai,1,100,0
fastapidozero.dunossauro.com,1,100,0
fit-tecnologia.org.br,1,100,0
gemini.google.com,1,0,89
m.baidu.com/from=1013672g/bd_page_type=1/ssid=0/uid=0/pu=usm%400%2Csz%401320_1004%2Cta%40iphone_2_15.0_11_20.11/baiduid=31FF1F766B1BE231A1699D2ED631C114/w=0_10_/t=iphone/l=1/tc,1,100,0
moodle.ufabc.edu.br,1,100,0
netacad.com,1,100,0
presencial.moodle.ufsc.br,1,100,0
pythoninsider.blogspot.com,1,0,1669
reddit.com,1,0,0
search.yahoo.com,1,0,214
softex-course-content.s3.amazonaws.com,1,100,0
sphinx-doc.org/pt-br/master/usage/restructuredtext/directives.html,1,0,14
youtube.com,1,0,0
zack-rodrigues.github.io,1,100,0
