name,visitors,bounce_rate,visit_duration
Direct / None,3279,69,199
Google,1120,83,364
python.org,174,73,288
Bing,120,75,370
Baidu,39,72,168
peps.python.org,29,93,93
DuckDuckGo,26,50,774
GitHub,24,77,555
Yandex,21,93,55
chatgpt.com,12,75,120
Reddit,11,100,220
Brave,9,100,260
Microsoft Teams,7,60,206
Yahoo!,6,100,842
Ecosia,5,100,222
furydocs.io,5,40,377
pyodide.org,5,100,0
pypdf.readthedocs.io,5,80,11
qiita.com,5,100,1388
github.landscape.co.jp,4,80,160
moodle.utfpr.edu.br,4,75,4
pypi.org,4,75,7
Amazon,3,100,0
Qwant,3,0,2045
blog.csdn.net,3,50,136
discuss.python.org,3,0,738
link.zhihu.com,3,67,10
Facebook,2,100,0
Perplexity,2,100,0
chat.qwen.ai,2,0,248
codecademy.cn,2,0,268
courses.cscc.edu,2,100,0
devdocs.io,2,50,59
git.woa.com,2,100,0
namu.wiki,2,100,146
packaging.python.org,2,0,200
pucminas.instructure.com,2,100,0
pytest-mock.readthedocs.io,2,0,362
ros2-vmware-virtual-platform,2,100,0
servicedesk,2,100,0
xarray-lmfit.readthedocs.io,2,50,20
zero3kw.github.io,2,100,0
10.243.19.246,1,100,0
127.0.0.1,1,100,0
Sogou,1,0,83
Twitter,1,0,0
Wikipedia,1,0,0
blog.adarshd.dev,1,100,0
boot.dev,1,0,1064
bupt-hpc.feishu.cn,1,100,0
campus109.unad.edu.co,1,100,0
campus118.unad.edu.co,1,100,0
cryptography.io,1,0,0
cs50.harvard.edu,1,0,947
devguide.python.org,1,0,17
discuss.elastic.co,1,0,36
docs.astral.sh,1,100,0
docs.codecapsules.io,1,0,1500
docs.kraken.guide,1,100,0
docs.pydantic.dev,1,0,1172
docs.pytest.org,1,0,0
doubao.com,1,0,74
ecollege.etbonline.ie,1,0,0
es.python.org,1,0,313
flask.palletsprojects.com,1,0,3253
gptcopilotforai.azurewebsites.net,1,100,0
haoluobo.com,1,0,227
hatenablog-parts.com,1,0,569
jeza-chen.com,1,0,83
kawabangga.com,1,0,2394
kitt.lewagon.com,1,0,2392
langchain-ai.github.io,1,0,846
learn-eu-central-1-prod-fleet01-xythos.content.blackboardcdn.com,1,0,313
leetcode.com,1,0,0
lewoudar.medium.com,1,0,0
link.csdn.net,1,0,139
lms.robotdreams.cc,1,0,0
lrps.wgu.edu,1,100,0
making.close.com,1,0,748
networkx.org,1,0,20
ntrsconfluence.atlassian.net,1,100,0
oncall2-online.gf.bytedance.net,1,0,0
openclassrooms.com,1,0,93
orgpad.info,1,0,23
pip.pypa.io,1,0,72
psicode.org,1,100,0
python.sdv.u-paris.fr,1,100,0
pyvoip.readthedocs.io,1,0,0
realpython.com,1,100,0
sphinx-doc.org,1,0,30
steam.oxxostudio.tw,1,0,107
tanamon.hatenablog.jp,1,0,141
telegra.ph,1,0,48
tongyi.com,1,0,45
udemy.com,1,0,258
wikidocs.net,1,0,2579
yuanbao.tencent.com,1,0,0
