name,version,visitors
Chrome,125.0,887824
Chrome,141.0,6446
Chrome,142.0,2722
Microsoft Edge,142.0,1880
Microsoft Edge,141.0,1680
Firefox,144.0,833
Opera,122.0,553
Chrome,140.0,411
Yandex Browser,25.8,328
Safari,26.0,325
Safari,18.6,299
Chrome,139.0,260
Chrome,138.0,179
Chrome,109.0,139
Chrome,134.0,131
Mobile App,(not set),101
Chrome,117.0,94
Chrome,135.0,92
Chrome,132.0,90
Microsoft Edge,140.0,90
Chrome,116.0,74
Chrome,137.0,67
Firefox,140.0,67
Chrome,122.0,65
Smart Lenovo Browser,9.0,64
Safari,18.7,62
Firefox,143.0,57
Chrome,126.0,51
Safari,18.5,43
Firefox,115.0,38
Chrome,86.0,34
Microsoft Edge,122.0,33
Chrome,136.0,33
Chrome,130.0,32
Microsoft Edge,139.0,32
Microsoft Edge,92.0,32
Chrome,131.0,30
Chrome,118.0,29
Quark,(not set),28
Chrome,128.0,28
Safari,17.6,26
Chrome,129.0,23
Safari,18.3,23
Chrome,133.0,21
Safari,26.1,21
Firefox,128.0,20
Microsoft Edge,138.0,20
Samsung Browser,29.0,20
Chrome,121.0,18
Opera,123.0,18
Yandex Browser,25.10,18
Firefox,142.0,17
Whale Browser,4.34,17
Chrome,106.0,14
Firefox,141.0,14
QQ Browser,19.7,14
Safari,16.6,13
Yandex Browser,24.10,13
Chrome,127.0,12
Microsoft Edge,131.0,12
Microsoft Edge,137.0,12
Chrome,143.0,12
Safari,10.0,11
Chrome,114.0,11
Microsoft Edge,134.0,11
Safari,17.5,11
Quark,10.0,10
Microsoft Edge,100.0,10
Chrome,124.0,10
Microsoft Edge,136.0,10
Firefox,136.0,10
Safari,15.6,10
Sogou Explorer,2,10
Samsung Browser,28.0,10
Brave,(not set),9
Microsoft Edge,133.0,9
Mobile App,141.0,9
(not set),(not set),8
Safari,(not set),8
Microsoft Edge,109.0,8
Huawei Browser,12.1,8
Microsoft Edge,123.0,8
Firefox,135.0,8
Safari,18.4,8
Chrome,87.0,8
Chrome,91.0,8
Opera,92.0,8
Chrome,103.0,7
Chrome,108.0,7
Firefox,109.0,7
Chrome,120.0,7
Chrome,123.0,7
Microsoft Edge,126.0,7
Microsoft Edge,135.0,7
Safari,17.14,7
Safari,17.4,7
Microsoft Edge,118.0,6
Microsoft Edge,120.0,6
Firefox,127.0,6
Firefox,138.0,6
Firefox,139.0,6
Ecosia,141.0,6
Chrome,144.0,6
Safari,16.0,6
Safari,18.1,6
Microsoft Edge,119.0,5
Microsoft Edge,125.0,5
Microsoft Edge,128.0,5
Avast Secure Browser,141.0,5
Firefox,144.1,5
Firefox,144.2,5
Firefox,145.0,5
Safari,60.5,5
Chrome,93.0,5
Chrome,107.0,4
Chrome,110.0,4
Mobile App,114.0,4
Chrome,119.0,4
Microsoft Edge,129.0,4
Microsoft Edge,130.0,4
MIUI Browser,14.44,4
Firefox,143,4
Chrome,95.0,4
Chrome,105.0,3
Microsoft Edge,112.0,3
Microsoft Edge,113.0,3
Opera,120.0,3
Mobile App,137.0,3
Safari,14.1,3
MIUI Browser,14.7,3
Mobile App,140.0,3
Safari,17.3,3
MIUI Browser,20.5,3
Yandex Browser,25.2,3
Yandex Browser,25.4,3
Whale Browser,4.33,3
Huawei Browser Mobile,5.1,3
Chrome,70.0,3
Chrome,83.0,3
Chrome,89.0,3
Opera,95.0,3
Chrome,101.0,2
Microsoft Edge,106.0,2
Microsoft Edge,111.0,2
Firefox,114.0,2
Chrome,115.0,2
QQ Browser,12.2,2
Mobile App,123.0,2
Microsoft Edge,124.0,2
Iron,126.0,2
Microsoft Edge,127.0,2
Safari,13.3,2
Firefox,134.0,2
Firefox,137.0,2
Iron,138.0,2
Microsoft Edge,143.0,2
Safari,15.4,2
MIUI Browser,15.5,2
Safari,16.1,2
Safari,17.1,2
Microsoft Edge,17.17134,2
Safari,17.2,2
Safari,17.7,2
Safari,18.0,2
UC Browser,18.1,2
Safari,18.2,2
QQ Browser,19.0,2
QQ Browser,19.5,2
Hi Browser,2.25,2
Yandex Browser,25.101,2
Yandex Browser,25.6,2
vivo Browser,26.8,2
Pale Moon,29.1,2
QQ Browser,6.2,2
Quark,7.13,2
Quark,7.15,2
Quark,7.16,2
Chrome,74.0,2
Chrome,90.0,2
Microsoft Edge,90.0,2
Chrome,96.0,2
Opera,98.0,2
Chrome,98.0,2
Chrome,102.0,1
Microsoft Edge,104.0,1
Microsoft Edge,107.0,1
Microsoft Edge,108.0,1
Mobile App,109.0,1
Internet Explorer,11.0,1
QQ Browser,11.9,1
Microsoft Edge,110.0,1
Chrome,112.0,1
Microsoft Edge,115.0,1
Microsoft Edge,116.0,1
Safari,12.1,1
Firefox,121.0,1
Opera,121.0,1
Opera,124.0,1
Safari,13.0,1
QQ Browser,13.4,1
QQ Browser,13.6,1
Firefox,130.0,1
Microsoft Edge,132.0,1
Firefox,132.0,1
Firefox,133.0,1
Mobile App,134.0,1
Iron,137.0,1
Mobile App,138.0,1
Safari,14.0,1
MIUI Browser,14.43,1
Avast Secure Browser,140.0,1
Chrome,141,1
Norton Private Browser,141.0,1
Ecosia,142.0,1
Firefox,146.0,1
Safari,15.3,1
Huawei Browser Mobile,16.0,1
Safari,16.2,1
Safari,16.3,1
Safari,16.7,1
Safari,17.0,1
Samsung Browser,17.0,1
Safari,17.13,1
Microsoft Edge,18.18362,1
Microsoft Edge,18.18363,1
Samsung Browser,19.0,1
QQ Browser,19.6,1
QQ Browser,19.8,1
MIUI Browser,2.1,1
MIUI Browser,20.1,1
MIUI Browser,20.4,1
QQ Browser,21.0,1
Yandex Browser,22.11,1
Yandex Browser,23.7,1
Samsung Browser,25.0,1
Yandex Browser,25.100,1
Yandex Browser,25.86,1
Yandex Browser,25.89,1
Atom,26.0,1
vivo Browser,26.1,1
vivo Browser,26.7,1
Samsung Browser,27.0,1
Kindle Browser,3.0,1
Whale Browser,3.9,1
SberBrowser,31.0,1
Pale Moon,33.9,1
115 Browser,35.30,1
Firefox,43.0,1
Safari,5.1,1
Quark,5.4,1
Firefox,51.0,1
Firefox,52.0,1
Chrome,53.0,1
Firefox,59.0,1
Chrome,59.0,1
Opera Touch,6.1,1
QtWebEngine,6.10,1
QtWebEngine,6.8,1
Firefox,62.0,1
Chrome,63.0,1
Firefox,68.0,1
Chrome,78.0,1
Chrome,79.0,1
Microsoft Edge,84.0,1
Microsoft Edge,85.0,1
Firefox,91.0,1
Mobile App,91.0,1
Chrome,92.0,1
Openwave Mobile Browser,93.4,1
Chrome,94.0,1
