name,visitors
Tokyo,653
Guangdong,302
São Paulo,297
Taipei,234
Seoul,211
Île-de-France,205
Karnataka,191
England,189
Beijing,180
California,180
Shanghai,177
New Taipei,166
Gyeonggi,161
Kanagawa,159
Maharashtra,147
Madrid Autonomous Community,135
Ciudad de Mexico,132
Zhejiang,131
Kyiv,129
Telangāna,125
Catalonia,117
Tamil Nadu,112
Osaka,112
Capital District,109
Buenos Aires Province,107
Jiangsu,105
Texas,101
Dnipropetrovshchyna,98
Taichung,91
Shandong,89
Santiago Metropolitan,88
Lima,87
Moscow,87
Rio de Janeiro,85
Antioquia,82
Auvergne-Rhône-Alpes,82
Minas Gerais,79
Hubei,79
Delhi,78
Ho Chi Minh City,76
Florida,75
Chiba,74
Saitama,72
Taoyuan,70
Sichuan,68
Istanbul,66
New York,66
Lvivshchyna,63
New South Wales,62
Paraná,61
Andalusia,61
Punjab,60
Uttar Pradesh,58
Washington,58
Occitanie,57
Aichi,57
Shaanxi,56
Kaohsiung,56
Ontario,55
Hanoi,55
Gujarat,50
New Jersey,49
Hsinchu County,48
Valencian Community,46
Pernambuco,45
Santa Catarina,45
Mexico State,44
Cairo,43
Hyogo,43
Jalisco,43
Provence-Alpes-Côte-d'Azur,42
Illinois,42
Virginia,42
Rio Grande do Sul,41
Gauteng,41
Tainan,40
Victoria,39
Bahia,39
Hunan,39
Brittany,39
Mazovia,39
Pennsylvania,39
Tashkent,39
Quebec,38
Henan,38
Hauts-de-France,37
Jakarta,37
Lombardy,37
Odeshchyna,37
Bavaria,36
Tel Aviv,36
West Bengal,35
Fukuoka,35
North Rhine-Westphalia,34
Ceará,33
Nouvelle-Aquitaine,33
Busan,33
Western,33
Metro Manila,33
Georgia,33
Dhaka Division,32
Federal District,32
Anhui,32
Fujian,32
Baden-Württemberg,32
Kerala,32
Selangor,32
Kuala Lumpur,31
Lagos,31
Maryland,31
Greater Accra,30
Incheon,30
British Columbia,29
San José,29
Galicia,29
Amman,29
Nairobi County,29
Sindh,29
Kharkivshchyna,29
Hebei,28
Saxony,28
Grand-Est,28
Kyoto,28
Riyadh,28
Michigan,28
North Carolina,28
Córdoba,27
Pará,27
Tianjin,27
Paraíba,26
Pays-de-la-Loire,26
Nuevo León,26
Kyivshchyna,26
Capital,26
West Java,25
Rajasthan,25
Lisbon,25
Ankara,25
Western Cape,25
Flanders,24
Attica,24
Kwai Tsing New Territories,24
Oriental,24
Meknès-Tafilalet,24
Bangkok,24
Montevideo,24
Amazonas,23
Maranhão,23
Chongqing,23
Valle del Cauca,23
Distrito Nacional,23
Guatemala,23
Lazio,23
Zaporizhzhya,23
Prykarpattia,23
Arizona,23
Massachusetts,23
Goiás,22
Pichincha,22
Almaty City,22
Muscat,22
Vinnychchyna,22
Colorado,22
Minnesota,22
Ohio,22
Espírito Santo,21
Basque Country,21
Budapest,21
Madhya Pradesh,21
Baghdad,21
Federal Capital Territory,21
Dakar,21
Queensland,20
Castile and León,20
East Java,20
Tochigi,20
Daegu,20
North Holland,20
Auckland,20
Poltavshchyna,20
Oregon,20
Bihar,19
Haryana,19
Ibaraki,19
Shizuoka,19
San Salvador,19
Tunis,19
Abu Dhabi,18
Yunnan,18
Uusimaa,18
Hormozgan,18
Saint Petersburg,18
Dubai,17
Vienna,17
Brussels,17
Piauí,17
Hesse,17
Hokkaido,17
Lesser Poland,17
Nizhny Novgorod,17
South Carolina,17
Abidjan,16
Jiangxi,16
Liaoning,16
Havana,16
Berlin,16
Lower Saxony,16
Rhineland-Palatinate,16
Giza,16
Centre-Val de Loire,16
Assam,16
Hiroshima,16
South Gyeongsang,16
Baja California,16
Guanajuato,16
South Holland,16
Province 3,16
Islamabad,16
Lower Silesia,16
Zakarpattia,16
Indiana,16
Missouri,16
La Paz,15
Zürich,15
Atlántico,15
Prague,15
Castile-La Mancha,15
Canary Islands,15
Normandie,15
Veneto,15
Rabat-Salé-Zemmour-Zaer,15
Managua,15
Silesia,15
Makkah,15
Hsinchu,15
Rivnenshchyna,15
Sumshchyna,15
Washington DC,15
Bolívar,14
Addis Ababa,14
Burgundy-Franche-Comté,14
Zagreb,14
Miyagi,14
Gunma,14
Chihuahua,14
Sinaloa,14
Sonora,14
Veracruz,14
Bucharest,14
Bursa,14
Oklahoma,14
Tennessee,14
Buenos Aires,13
Alagoas,13
Guayas,13
Murcia Region,13
Kowloon City Kowloon,13
Andhra Pradesh,13
Niigata,13
Nagano,13
Daejeon,13
South Chungcheong,13
Coahuila,13
Puebla,13
Porto,13
Chelyabinsk,13
Krasnodar Krai,13
Kirovohradschyna,13
Ternopilshchyna,13
Baku,12
Cochabamba,12
Mato Grosso,12
Guizhou,12
Santiago,12
Piedmont,12
Emilia-Romagna,12
Panamá,12
Calabarzon,12
Novosibirsk,12
Tatarstan,12
Changhua,12
Central,12
Alabama,12
Santander,11
Balearic Islands,11
Okayama,11
Gangwon,11
Yucatán,11
Oyo,11
Connecticut,11
Wisconsin,11
Zulia,11
Santa Fe,10
Tucumán,10
Jujuy,10
Wallonia,10
Rio Grande do Norte,10
Minsk,10
Kinshasa,10
Scotland,10
