name,visitors,pageviews,bounce_rate,time_on_page,scroll_depth
/tr/3.13/tutorial/index.html,18,15,75,10,27
/tr/3.13/,14,13,67,9,68
/tr/3/installing/index.html,13,15,71,20,55
/tr/3.13/tutorial/controlflow.html,11,15,56,85,54
/tr/3/tutorial/index.html,7,12,40,11,45
/tr/3.13/library/index.html,4,3,0,14,18
/tr/3.13/tutorial/datastructures.html,4,3,0,95,54
/tr/3/tutorial/interpreter.html,4,4,0,37,92
/tr/3.12/tutorial/classes.html,3,5,100,9,13
/tr/3.13/glossary.html,3,5,50,10,12
/tr/3.13/index.html,3,3,0,3,61
/tr/3.13/search.html,3,3,0,5,68
/tr/3.13/tutorial/appetite.html,3,2,100,71,64
/tr/3.13/tutorial/inputoutput.html,3,2,0,3,8
/tr/3/tutorial/appetite.html,3,2,0,11,100
/tr/3.13/distributing/index.html,2,1,100,3,100
/tr/3.13/library/functions.html,2,2,100,2,3
/tr/3.13/library/idle.html,2,2,0,1,4
/tr/3.13/library/os.html,2,3,0,81,19
/tr/3.13/tutorial/,2,2,50,2,20
/tr/3.13/using/windows.html,2,3,50,84,100
/tr/3.13/whatsnew/3.13.html,2,2,0,20,50
/tr/3.14/,2,2,0,19,74
/tr/3.14/library/index.html,2,2,0,6,10
/tr/3.15/library/concurrent.interpreters.html,2,2,100,151,100
/tr/3/,2,2,100,0,65
/tr/3/glossary.html,2,2,0,32,11
/tr/3/tutorial/errors.html,2,2,100,21,20
/tr/3/tutorial/inputoutput.html,2,2,100,,
/tr/3.12/tutorial/controlflow.html,1,1,100,,
/tr/3.13/contents.html,1,2,0,51,1
/tr/3.13/library/math.html,1,1,0,30,6
/tr/3.13/library/os.path.html,1,1,0,5,60
/tr/3.13/library/ssl.html,1,1,0,6,2
/tr/3.13/library/stdtypes.html,1,1,0,7,1
/tr/3.13/library/tkinter.ttk.html,1,2,0,,
/tr/3.13/reference/index.html,1,1,0,6,100
/tr/3.13/tutorial/classes.html,1,2,0,4,15
/tr/3.13/tutorial/interpreter.html,1,1,0,22,18
/tr/3.15/,1,1,0,7,100
/tr/3/library/tk.html,1,1,100,,
/tr/3/library/xml.html,1,1,100,,
/tr/3/tutorial/classes.html,1,1,100,,
/tr/3/tutorial/datastructures.html,1,1,100,0,67
/tr/3/tutorial/stdlib2.html,1,1,0,0,11
/tr/3/whatsnew/index.html,1,1,100,18,100
