name,visitors
Singapore,648
Shanghai,428
Beijing,397
Guangzhou,354
Hong Kong,223
Shenzhen,189
Hangzhou,146
Chengdu,141
Wuhan,133
Tokyo,123
Xi’an,113
Nanjing,113
Changsha,77
Taipei,75
Zhengzhou,65
Suzhou,65
Chongqing,61
Los Angeles,59
Qingdao,55
Guiyang,52
Ha Kwai Chung,50
Hefei,48
Tianjin,46
Xiamen,40
Jinan,40
Fuzhou,37
Taichung,31
Kunming,31
Dongguan,27
San Jose,27
Seattle,27
Ningbo,26
Kowloon City,22
Sydney,21
Kuala Lumpur,19
Changzhou,19
Shijiazhuang,18
Dalian,18
Baoding,18
Wenzhou,17
Taiyuan,17
Wan Chai,17
Osaka,16
Wuxi,15
Xiangtan,14
Luoyang,14
Tsuen Wan,14
Shenyang,14
East Los Angeles,14
Huzhou,13
Harbin,13
London,13
Quanzhou,12
Lanzhou,12
Jiaxing,12
Foshan,12
N/A,12
Nanchang,11
Melbourne,11
Kaohsiung,10
Langfang,10
Macau,10
Central,10
Huizhou,9
Cangzhou,9
Chang-hua,8
Zibo,8
Putian,8
Binzhou,8
Draper,8
Toronto,8
Weifang,7
Shaoxing,7
Nanning,7
Hohhot,7
Changchun,7
Sanchong,6
Zhangzhou,6
Hengyang,6
Ganzhou,6
Tsim Sha Tsui,6
Brisbane,6
Taizhou,6
Taoyuan,5
Zhongli,5
Weihai,5
Yiwu,5
Hung Hom,5
Seoul,5
Adelaide,5
Berlin,5
Santa Clara,5
Salt Lake City,5
Tainan,4
Zhuzhou,4
Zhuozhou,4
Yuyao,4
Tongshan,4
Xinxiang,4
Xingtai,4
Wuhu,4
Nantong,4
Jining,4
Deyang,4
Chuncheon,4
Toyosu,4
Queenstown Estate,4
Amsterdam,4
Paris,4
Zhongshan,4
Bangkok,3
Yunlin,3
Yuanlin,3
Banqiao,3
Kuching,3
Yuncheng,3
Zhuhai,3
Shantou,3
Qinzhou,3
Pingdingshan,3
Nanyang,3
Haimen,3
Jiangmen,3
Dingxi,3
Dali,3
Phnom Penh,3
Kampong Loyang,3
Coventry,3
Allen,3
Brooklyn,3
San Francisco,3
Nairobi,2
Dubai,2
Moscow,2
Ürümqi,2
Hanoi,2
Dacun,2
Pingtung,2
Nantou,2
Xinzhuang,2
Bukit Mertajam,2
Zunyi,2
Yulin,2
Heyuan,2
Yinchuan,2
Yangzhou,2
Chengxiang,2
Changsha,2
Meizhou,2
Linyi,2
Lincheng,2
Yangjiang,2
Haidian,2
Guigang,2
Fuyang,2
Wong Tai Sin,2
Tsz Wan Shan,2
Taipa,2
Narita,2
Canberra,2
Hamilton,2
Marbella,2
Brighton,2
Utrecht,2
Munich,2
Hannover,2
Frankfurt am Main,2
Bologna,2
Southwark,2
Gustavo Adolfo Madero,2
Mexico City,2
Spring Hill,2
Wesley Chapel,2
Houston,2
Champaign,2
New York City,2
Phoenix,2
Fremont,2
Gilroy,2
San Diego,2
Portland,2
Bellevue,2
Ottawa,2
Richmond Hill,2
Inzai,2
Subang Jaya,2
Koganei,2
Baghdad,1
Aţ Ţuwāl,1
Addis Ababa,1
Saint Petersburg,1
Samara,1
Vilnius,1
Homyel',1
Helsinki,1
Porvoo,1
Istanbul,1
Pune,1
Hyderabad,1
Gurgaon,1
Bengaluru,1
Yangon,1
Karamay,1
Pak Kret,1
Nakhon Sawan,1
Jakarta,1
Cirebon,1
Yangmei,1
Taitung,1
Nantun,1
Lugang,1
Yilan,1
Hsinchu,1
Zhubei,1
Chiayi County,1
Jiayi Shi,1
Tarlac City,1
Makati City,1
Las Piñas,1
Masai,1
Johor Bahru,1
Malacca,1
Temerluh,1
Petaling Jaya,1
Anyang,1
Yunfu,1
Yueqing,1
Yongzhou,1
Yibin,1
Yantai,1
Zhangjiagang,1
Yancheng,1
Taizhou,1
Sanya,1
Pingdu,1
Mianyang,1
Lu’an,1
Loudi,1
Liaocheng,1
Laibin,1
Kaifeng,1
Cixi,1
Heze,1
Handan,1
Haikou,1
Fuzhou,1
Bazhou,1
Yuen Long San Hui,1
Mong Kok,1
Ma On Shan Tsuen,1
Lai Chi Kok,1
Mapo-gu,1
Gangnam-gu,1
Tochigi,1
Shibuya-ku,1
Nagoya,1
Nagasaki,1
Minamishinagawa,1
Matsudo,1
Machida,1
Kyoto,1
Kokubunji,1
Kawasaki,1
Kawaguchi,1
Ikoma,1
Fukuoka,1
Iwaki,1
Wollongong,1
Christchurch,1
Auckland,1
Cacém,1
Algiers,1
Buñol,1
Slough,1
Reading,1
Newcastle upon Tyne,1
Liverpool,1
Kensington,1
High Wycombe,1
Edinburgh,1
Ealing,1
Cambridge,1
Zürich,1
Zuoz,1
Lausanne,1
Dietikon,1
Stockholm,1
Kista,1
The Hague,1
Helmond,1
Enschede,1
Vienna,1
Gent,1
Stuttgart,1
Potsdam,1
Nürnberg,1
Karlsruhe,1
Ingolstadt,1
Hessen,1
Espenau,1
