name,visitors,pageviews,bounce_rate,time_on_page,scroll_depth
/downloads/,179300,241025,64,45,26
/,109917,135275,50,56,42
/downloads/windows/,61538,69344,56,51,13
/downloads/release/python-3133/,59246,62435,61,37,73
/downloads/release/python-3922/,15777,15810,39,27,74
/search/,9008,12545,38,22,54
/downloads/macos/,7721,9084,51,41,13
/about/gettingstarted/,7588,7780,59,29,58
/downloads/release/python-31112/,6984,7764,33,32,79
/doc/,5379,5942,43,18,49
/downloads/release/python-3100/,5062,5481,65,29,76
/psf-landing/,4435,4896,35,13,39
/downloads/release/python-3110/,4203,4442,67,31,77
/downloads/release/python-31210/,3972,3556,72,32,80
/downloads/source/,3771,3802,50,24,13
/downloads/release/python-31017/,3570,3878,34,34,80
/about/,2941,2854,40,16,42
/downloads/release/python-3120/,2728,2844,60,29,70
/downloads/release/python-3132/,2649,2563,57,24,63
/downloads/release/python-3106/,2360,2741,75,31,81
/download/other/,2236,2334,43,27,62
/jobs/,2203,2210,52,23,31
/downloads/release/python-3119/,2168,2075,73,34,80
/downloads/release/python-31011/,2145,2220,73,30,80
/community/,2040,2112,52,23,46
/downloads/release/python-3140b1/,1910,1621,55,24,64
/download/pre-releases/,1879,1780,30,11,70
/downloads/release/python-390/,1760,1864,61,37,73
/downloads/release/python-31111/,1649,1592,35,28,79
/downloads/release/python-3130/,1617,1583,65,48,67
/downloads/release/python-31016/,1453,1298,34,24,79
/downloads/release/python-3109/,1429,1554,71,35,78
/about/apps/,1364,1325,54,26,53
/downloads/release/python-380/,1312,1363,57,46,72
/downloads/release/python-3810/,1291,1277,71,59,77
/downloads/release/python-3820/,1262,1288,44,41,79
/download/releases/,1166,997,26,16,77
/downloads/release/python-31013/,1106,1306,32,33,80
/downloads/release/python-31110/,928,946,40,30,79
/downloads/release/python-3123/,881,872,65,43,74
/downloads/release/python-3129/,870,742,76,30,78
/downloads/release/python-3913/,827,803,69,36,77
/downloads/release/python-31015/,798,694,31,22,78
/downloads/release/python-3124/,763,770,59,32,65
/shell/,758,834,70,38,41
/doc/versions/,741,740,66,18,27
/downloads/release/python-370/,737,774,56,36,69
/blogs/,708,689,57,16,54
/getit/,690,763,57,46,27
/downloads/release/python-31010/,679,696,69,28,79
/downloads/release/python-31012/,666,769,33,26,80
/downloads/release/python-3118/,660,618,74,29,79
/downloads/release/python-3128/,625,562,76,30,77
/downloads/release/python-3114/,601,608,62,37,73
/downloads/release/python-3921/,578,517,37,25,77
/downloads/release/python-31014/,565,516,40,27,77
/downloads/release/python-2718/,535,540,75,35,72
/downloads/release/python-3717/,533,506,43,34,75
/events/,525,550,55,24,26
/success-stories/,479,432,62,26,33
/downloads/release/python-379/,429,429,58,70,75
/downloads/release/python-3920/,424,354,28,24,79
/downloads/release/python-3127/,387,354,71,47,76
/downloads/release/python-3125/,375,333,59,26,74
/community/logos/,361,460,69,17,59
/downloads/release/python-3819/,359,291,46,37,75
/downloads/release/python-3116/,350,382,72,33,76
/downloads/release/python-360/,348,378,56,30,69
/downloads/release/python-3131/,339,348,69,27,71
/downloads/release/python-3126/,323,307,75,34,77
/downloads/release/python-3117/,316,312,70,30,77
/download,280,294,42,13,67
/downloads/release/python-3115/,271,293,64,45,79
/downloads/release/python-377/,270,268,47,47,73
/download/releases/2.7/,266,281,67,26,62
/downloads/release/python-3105/,266,274,77,23,82
/psf/membership/,265,254,41,21,52
/getit/windows/,264,253,55,25,10
/downloads/release/python-3122/,263,273,61,33,76
/downloads/release/python-3111/,262,246,70,41,78
/downloads/release/python-3818/,259,222,39,38,78
/downloads/release/,249,249,23,12,69
/downloads/release/python-3918/,243,225,44,30,80
/downloads/release/python-368/,242,267,65,55,72
/accounts/login/,239,312,44,24,48
/downloads/release/python-3919/,234,204,34,32,76
/downloads/release/python-3817/,229,199,44,36,73
/downloads/release/python-3121/,225,223,62,26,66
/download/alternatives/,220,192,43,22,61
/download/releases/3.0/,217,235,47,21,49
/doc/essays/blurb/,216,229,79,47,63
/doc/av/,211,186,50,34,49
/about/help/,209,200,52,17,47
/success-stories/category/education/,206,224,49,19,61
/downloads/release/python-3113/,199,204,73,23,79
/downloads/release/python-382/,193,194,60,34,69
/downloads/release/python-3104/,188,189,66,44,81
/psf/donations/,186,161,57,17,41
/downloads/release/python-3112/,175,165,69,43,78
/about/quotes/,174,168,50,25,40
