name,version,visitors
Windows,10,15258
Mac,10.15,4119
GNU/Linux,(not set),1228
Android,10,884
iOS,18.6,410
Ubuntu,(not set),265
iOS,18.5,138
Android,15,89
Windows,7,72
Chrome OS,14541.0,52
Android,12,33
Android,14,29
Android,13,26
Android,11,17
iOS,18.3,15
Android,16,14
iOS,18.4,13
iOS,18.1,11
iOS,18.2,11
iOS,18.0,10
Windows,8.1,10
Chrome OS,14816.131,8
iOS,16.7,8
Android,6.0,8
iOS,17.6,7
Android,9,7
iOS,15.8,5
(not set),(not set),4
HarmonyOS,(not set),4
Mac,10.14,3
iOS,14.5,3
iOS,15.6,3
iOS,16.0,3
iOS,16.3,3
iOS,17.5,3
iOS,26.0,3
Windows,8,3
Android,8.1,3
Windows,XP,3
Mac,10.11,2
Android,12.0,2
iOS,12.5,2
Mac,13.3,2
iOS,17.0,2
iOS,17.4,2
iOS,19.0,2
Android,8.0,2
Windows,(not set),1
Windows Mobile,10,1
Mac,10.13,1
iOS,10.3,1
iOS,13.5,1
iOS,14.0,1
iOS,14.2,1
Chrome OS,14092.77,1
Chrome OS,14092.9,1
iOS,15.0,1
iOS,15.5,1
Mac,15.6,1
iOS,16.1,1
iOS,16.5,1
iOS,16.6,1
iPadOS,16.6,1
iOS,17.3,1
iPadOS,17.7,1
iOS,17.7,1
HarmonyOS,2.2,1
Android,7.0,1
Chrome OS,8172.45,1
Windows,Server 2003,1
