name,unique_entrances,total_entrances,visit_duration
/en/latest/tutorials/installing-packages/,9844,10532,61
/en/latest/guides/installing-using-pip-and-virtual-environments/,2309,2439,50
/en/latest/guides/writing-pyproject-toml/,1886,2050,124
/en/latest/tutorials/packaging-projects/,1652,1761,130
/en/latest/guides/tool-recommendations/,1150,1197,62
/en/latest/,586,610,149
/en/latest/glossary/,330,341,148
/en/latest/guides/distributing-packages-using-setuptools/,322,342,161
/en/latest/key_projects/,259,266,158
/en/latest/specifications/pyproject-toml/,210,221,119
/en/latest/discussions/src-layout-vs-flat-layout/,208,238,155
/en/latest/overview/,175,184,144
/en/latest/guides/installing-using-linux-tools/,154,159,134
/en/latest/specifications/dependency-specifiers/,143,147,39
/en/latest/discussions/versioning/,136,140,159
/en/latest/guides/hosting-your-own-index/,135,143,108
/en/latest/tutorials/managing-dependencies/,133,134,86
/en/latest/specifications/version-specifiers/,132,135,57
/en/latest/specifications/entry-points/,124,127,95
/en/latest/guides/packaging-namespace-packages/,118,126,62
/en/latest/discussions/setup-py-deprecated/,88,102,148
/en/latest/guides/section-build-and-publish/,73,76,176
/en/latest/specifications/core-metadata/,72,74,91
/en/latest/specifications/pypirc/,72,76,128
/en/latest/guides/,71,72,217
/en/latest/guides/modernize-setup-py-project/,71,75,404
/en/latest/tutorials/,70,70,319
/en/latest/guides/creating-command-line-tools/,67,69,159
/en/latest/flow/,62,64,239
/en/latest/search/,58,58,149
/en/latest/specifications/dependency-groups/,57,62,34
/en/latest/discussions/package-formats/,55,56,139
/en/latest/guides/section-install/,54,54,142
/en/latest/specifications/platform-compatibility-tags/,54,60,63
/en/latest/guides/creating-and-discovering-plugins/,53,57,119
/en/latest/guides/publishing-package-distribution-releases-using-github-actions-ci-cd-workflows/,53,59,132
/en/latest/guides/using-testpypi/,53,57,241
/en/latest/discussions/install-requires-vs-requirements/,48,50,158
/en/latest/guides/using-manifest-in/,48,52,56
/en/latest/specifications/inline-script-metadata/,48,49,19
/en/latest/guides/installing-stand-alone-command-line-tools/,46,47,148
/en/latest/guides/installing-using-virtualenv/,44,44,112
/en/latest/specifications/binary-distribution-format/,41,41,39
/en/latest/guides/packaging-binary-extensions/,40,42,111
/en/latest/specifications/,39,40,36
/en/latest/guides/installing-scientific-packages/,36,36,69
/en/latest/discussions/deploying-python-applications/,35,39,244
/en/latest/guides/analyzing-pypi-package-downloads/,32,33,98
/en/latest/guides/making-a-pypi-friendly-readme/,31,31,51
/en/latest/guides/licensing-examples-and-user-scenarios/,28,30,154
/en/latest/discussions/single-source-version/,25,25,295
/en/latest/specifications/externally-managed-environments/,24,24,61
/en/latest/specifications/name-normalization/,24,26,86
/en/latest/specifications/recording-installed-packages/,24,24,14
/en/latest/specifications/simple-repository-api/,24,25,318
/en/latest/discussions/pip-vs-easy-install/,23,25,54
/en/latest/guides/index-mirrors-and-caches/,22,23,100
/en/latest/discussions/distribution-package-vs-import-package/,16,16,320
/en/latest/discussions/,11,11,22
/en/latest/guides/dropping-older-python-versions/,10,11,358
/en/latest/specifications/well-known-project-urls/,7,7,525
/en/latest/specifications/index-hosted-attestations/,6,8,366
/en/latest/specifications/source-distribution-format/,6,6,46
/en/latest/guides/migrating-to-pypi-org/,5,5,6
/en/latest/guides/single-sourcing-package-version/,5,5,365
/en/latest/specifications/glob-patterns/,5,5,118
/en/latest/specifications/license-expression/,5,5,232
/en/latest/support/,5,5,48
/en/latest/contribute/,4,4,33
/en/latest/news/,4,4,10
/en/latest/specifications/section-distribution-metadata/,4,4,111
/en/latest/discussions/downstream-packaging/,3,4,322
/en/latest/specifications/direct-url/,3,4,0
/en/latest/specifications/virtual-environments/,3,3,401
/ja/latest/tutorials/installing-packages/,3,3,171
/en/latest/guides/making-a-pypi-friendly-readme/index.html,2,2,0
/en/latest/guides/section-hosting/,2,2,0
/en/latest/guides/supporting-multiple-python-versions/,2,2,0
/en/latest/specifications/build-details/,2,2,16
/en/latest/specifications/section-distribution-formats/,2,2,232
/en/latest/specifications/section-installation-metadata/,2,2,0
/en/latest/specifications/section-package-indices/,2,2,345
/en/latest/tutorials/index.html,2,2,98
/ja/latest/guides/writing-pyproject-toml/,2,2,1708
/tutorials/installing-packages/,2,3,277
/en/latest/genindex/,1,1,0
/en/latest/guides/multi-version-installs/,1,1,7
/en/latest/shared/build-backend-tabs/,1,1,158
/en/latest/specifications/build-details/v1.0/,1,1,0
/en/latest/specifications/direct-url-data-structure/,1,1,0
/en/latest/specifications/section-python-description-formats/,1,1,91
/en/latest/tutorials/creating-documentation/,1,1,0
/ja/latest/guides/packaging-namespace-packages/,1,1,3
/ja/latest/key_projects/,1,1,0
/ja/latest/specifications/dependency-specifiers/,1,1,85
/ja/latest/specifications/platform-compatibility-tags/,1,1,386
/pt-br/latest/guides/writing-pyproject-toml/,1,2,1140
/pt-br/latest/specifications/pypirc/,1,1,0
/pt-br/latest/tutorials/installing-packages/,1,1,719
/tutorials/packaging-projects/,1,1,68
