name,version,visitors
Windows,10,13063
Mac,10.15,4047
GNU/Linux,(not set),1399
Android,10,785
Ubuntu,(not set),450
iOS,18.3,136
iOS,18.4,134
Chrome OS,14541.0,73
Windows,7,41
Android,14,37
Android,15,34
iOS,18.5,21
Android,11,17
Android,12,15
iOS,17.6,13
Android,13,12
iOS,18.0,11
iOS,18.1,11
iOS,18.2,10
iOS,17.5,7
iOS,16.7,5
iOS,17.1,5
HarmonyOS,(not set),3
Mac,10.14,3
iOS,16.3,3
iOS,17.0,3
Windows,Server 2003,3
(not set),(not set),2
Mac,10.13,2
iOS,15.5,2
iOS,16.2,2
iOS,16.6,2
iOS,17.3,2
iOS,17.7,2
Android,7.0,2
Windows,8,2
Android,8.0,2
Android,9,2
Fedora,(not set),1
Mac,10.12,1
iOS,10.3,1
Chrome OS,11895.118,1
iOS,12.5,1
iOS,15.8,1
Android,16,1
iOS,16.0,1
iOS,16.1,1
iPadOS,16.3,1
iOS,16.5,1
iPadOS,17.6,1
iPadOS,17.7,1
iOS,18.6,1
HarmonyOS,3.0,1
Android,6.0,1
Android,7.1,1
Windows,8.1,1
