name,visitors,bounce_rate,visit_duration
Direct / None,1856,69,206
google.com,1759,81,105
m.baidu.com,401,91,12
bing.com,199,70,244
qiita.com,105,83,73
note.nkmk.me,92,79,148
search.yahoo.co.jp,55,77,123
google.co.jp,27,92,12
python.org,25,0,537
duckduckgo.com,15,86,103
baidu.com,14,85,2
python.jp,14,46,116
chatgpt.com,13,86,336
utokyo-ipp.github.io,13,77,2
baidu.com/link,9,50,293
note.com,7,50,54
statics.teams.cdn.office.net,6,83,209
github.com,5,80,2
chokkan.github.io,4,80,0
gemini.google.com,4,75,34
google.com/search,4,75,392
note.alhinc.jp,4,25,34
techacademy.jp,4,100,0
test.dev.aidemy.jp,4,0,1372
aiacademy.jp,3,100,0
assignments.edu.cloud.microsoft,3,100,0
azure-chat-dev-webapp-intra.azurewebsites.net,3,33,152
diver.diveintocode.jp,3,67,39
hitachigroup.okta.com,3,100,0
perplexity.ai,3,100,0
t.co,3,100,0
translations.python.org,3,33,788
artisoc-cloud.kke.co.jp,2,50,23
bing.com/search,2,0,1085
blog.pyq.jp,2,50,1080
copilot.microsoft.com,2,50,6
dcm-llm.com,2,100,0
design.kyusan-u.ac.jp,2,0,48
docs.pyq.jp,2,100,0
engineer-life.dev/python-desktop-app,2,100,0
gen-ai-023.hub.lumada.hitachi.com,2,100,0
google.github.io,2,0,361
hatenablog-parts.com,2,100,0
hnsvzz9a.nabtesco.local,2,100,0
ja.wikipedia.org,2,100,942
login.microsoftonline.com,2,100,0
m.baidu.com/from=1019311v/bd_page_type=1/ssid=0/uid=0/pu=usm%401%2Csz%401320_1001%2Cta%40iphone_2_16.0_19_27.1/baiduid=2A45773B655ED51FEEAF22EED28989D2/w=0_10_/t=iphone/l=1/tc,2,100,0
m.baidu.com/from=1020786r/bd_page_type=1/ssid=0/uid=0/pu=usm%400%2Csz%401320_1001%2Cta%40iphone_2_10.0_19_27.9/baiduid=5DF90A169A32C4D003BF00EDA2DEA789/w=0_10_/t=iphone/l=1/tc,2,100,0
m.baidu.com/from=1040455j/bd_page_type=1/ssid=0/uid=0/pu=sz%401320_480%2Ccuid%40gavZi_OD2t_iuvug_iSP8_umviY58-uNgi2iajihSi8Lk3M2l9H2iMnuA%2Ccua%40_a2q84aQ2ig4NE6lI5me6NN0-I_Uh2I4gN2w83q6C%2Cosname%40baiduboxapp%2Cctv%402%2Ccfrom%401030738b%2Ccen%40cuid_cua%2Cc3_aid%40A00-DBT5HMS7AI2I7VGMAANBK2SJ2CHADEAN-IUJFL2VG%2Ccsrc%40bdbox_tserch_txt%2Cta%40iphone___31_9.6%2Cusm%401/baiduid=00E8DA4E4DA75CA736BD8EFC2C38C53C/w=0_10_/t=iphone/l=1/tc,2,100,0
m.baidu.com/from=1057810a/bd_page_type=1/ssid=0/uid=0/pu=usm%401%2Csz%401320_1004%2Cta%40iphone_2_10.0_49_3.2/baiduid=E7D64868D253CFFF41D0FE08A5003A7F/w=0_10_/t=iphone/l=1/tc,2,50,8
python-izm.com,2,100,0
step-learn.com,2,100,0
teratail.com,2,50,45
websearch.rakuten.co.jp,2,100,0
10.53.240.17,1,100,0
7yih0f60u8qospv.studio.ap-northeast-1.sagemaker.aws,1,0,585
algo-method.com,1,100,0
altx.co.jp,1,100,0
anaconda.com,1,0,82
atcoder.jp,1,100,0
atmarkit.itmedia.co.jp/ait/articles/2409/10/news021.html,1,100,0
b0aa600df9934664bf4b.sharepoint.com,1,100,0
chaba-lab.com,1,0,847
classroom.google.com,1,100,0
codevace.com/vscode-py-launch-json,1,100,0
confl.arms.dmm.com,1,0,0
dev.classmethod.jp,1,100,0
docs.celeryq.dev/en/stable/reference/celery.exceptions.html,1,0,240
docs.google.com,1,50,1122
excel-ubara.com,1,0,21
forms.office.com,1,100,0
fujitsu.aidemy.jp,1,100,0
github.com/pistatium/about_python_logging,1,0,8
hibiki-press.tech/python/max_min_index/586,1,100,0
html.duckduckgo.com,1,0,24
inetnf.auth,1,100,0
jpc-excel.officeapps.live.com,1,100,0
kaku-env.github.io,1,100,0
koko206.hatenablog.com,1,100,0
learn.microsoft.com,1,0,0
m.baidu.com/from=1000539d/bd_page_type=1/ssid=0/uid=0/pu=usm%401%2Csz%401320_2001%2Cta%40iphone_1_12.5_25_12.1/baiduid=DD71D115190618FE23F1E60B1E8896CF/w=10_10_/t=iphone/l=1/tc,1,100,0
m.baidu.com/from=1001192y/bd_page_type=1/ssid=0/uid=0/pu=sz%401320_1001%2Cta%40iphone_2_10.0_28_17.0%2Cusm%401/baiduid=12CAB9A95533049D3D0637696A84AF5C/w=0_10_/t=iphone/l=1/tc,1,0,0
m.baidu.com/from=1001192y/bd_page_type=1/ssid=0/uid=0/pu=sz%401320_1001%2Cta%40iphone_2_12.0_28_17.0%2Cusm%400/baiduid=6E736DD833D52CBFA8CCCA1BF820356E/w=0_10_/t=iphone/l=1/tc,1,0,0
m.baidu.com/from=1001192y/bd_page_type=1/ssid=0/uid=0/pu=sz%401320_1001%2Cta%40iphone_2_12.0_28_17.0%2Cusm%401/baiduid=13DD5E788F1524069C7852A46E1831EB/w=0_10_/t=iphone/l=1/tc,1,100,0
m.baidu.com/from=1001192y/bd_page_type=1/ssid=0/uid=0/pu=sz%401320_1001%2Cta%40iphone_2_12.0_28_17.0%2Cusm%401/baiduid=25207CE3EB2B2FF4C4334A1592534A96/w=0_10_/t=iphone/l=1/tc,1,0,1
m.baidu.com/from=1001192y/bd_page_type=1/ssid=0/uid=0/pu=sz%401320_1001%2Cta%40iphone_2_9.0_28_17.0%2Cusm%401/baiduid=26CAFA6DBD29E6E83DEEA8139397661B/w=0_10_/t=iphone/l=1/tc,1,100,0
m.baidu.com/from=1001192y/bd_page_type=1/ssid=0/uid=0/pu=usm%401%2Csz%401320_1001%2Cta%40iphone_2_12.0_28_16.0/baiduid=4A6CCAC947ABB996164BD7408A0CFE26/w=0_10_/t=iphone/l=1/tc,1,100,0
m.baidu.com/from=1001192y/bd_page_type=1/ssid=0/uid=0/pu=usm%401%2Csz%401320_1001%2Cta%40iphone_2_12.0_28_16.0/baiduid=C4431458AF042F60B71AE52E86D1E4B8/w=0_10_/t=iphone/l=1/tc,1,100,0
m.baidu.com/from=1001192y/bd_page_type=1/ssid=0/uid=0/pu=usm%401%2Csz%401320_1001%2Cta%40iphone_2_12.0_28_17.0/baiduid=3DDD1E22F019DEA58C74DD3694854520/w=0_10_/t=iphone/l=1/tc,1,100,0
m.baidu.com/from=1001192y/bd_page_type=1/ssid=0/uid=0/pu=usm%401%2Csz%401320_1001%2Cta%40iphone_2_12.0_28_17.0/baiduid=827E95EBCB536DE3F52A517EAF07C42C/w=0_10_/t=iphone/l=1/tc,1,100,0
m.baidu.com/from=1001192y/bd_page_type=1/ssid=0/uid=0/pu=usm%401%2Csz%401320_220%2Cta%40iphone___24_114.0/baiduid=8AE16AF7314A80E6C91D2A487A3E340A/w=10_10_/t=iphone/l=1/tc,1,100,0
m.baidu.com/from=1001703a/bd_page_type=1/ssid=0/uid=0/pu=sz%401320_1001%2Cta%40iphone_2_13.0_18_40.10%2Cusm%401/baiduid=97D4CAE93E749165C6ADC715BEDB5FB8/w=0_10_/t=iphone/l=1/tc,1,100,0
m.baidu.com/from=1001703a/bd_page_type=1/ssid=0/uid=0/pu=sz%401320_1001%2Cta%40iphone_2_13.0_18_40.10%2Cusm%401/baiduid=9A4EE5A1590E41E514F5DE72E3F02A1D/w=0_10_/t=iphone/l=1/tc,1,100,0
m.baidu.com/from=1001703a/bd_page_type=1/ssid=0/uid=0/pu=sz%401320_1001%2Cta%40iphone_2_13.0_18_40.9%2Cusm%400/baiduid=B21491522373F17708742E42999C3A8A/w=0_10_/t=iphone/l=1/tc,1,100,0
m.baidu.com/from=1001703a/bd_page_type=1/ssid=0/uid=0/pu=sz%401320_1001%2Cta%40iphone_2_14.0_18_40.10%2Cusm%401/baiduid=EB48FB6A80D6974F05C7A6369B3561E1/w=0_10_/t=iphone/l=1/tc,1,100,0
m.baidu.com/from=1001703a/bd_page_type=1/ssid=0/uid=0/pu=sz%401320_1001%2Cta%40iphone_2_9.0_18_20.10%2Cusm%401/baiduid=E556F2EA45E93B71C42B930EB010A4B8/w=0_10_/t=iphone/l=1/tc,1,100,0
m.baidu.com/from=1001703a/bd_page_type=1/ssid=0/uid=0/pu=usm%400%2Csz%401320_1001%2Cta%40iphone_2_10.0_18_40.7/baiduid=BAA8683FE54978F1249EEB51943D6303/w=0_10_/t=iphone/l=1/tc,1,100,0
m.baidu.com/from=1001703a/bd_page_type=1/ssid=0/uid=0/pu=usm%400%2Csz%401320_1001%2Cta%40iphone_2_12.0_18_40.10/baiduid=C7C32300548AC6D7AE5DE5539D971EC6/w=0_10_/t=iphone/l=1/tc,1,100,0
m.baidu.com/from=1001703a/bd_page_type=1/ssid=0/uid=0/pu=usm%400%2Csz%401320_1001%2Cta%40iphone_2_16.0_18_40.10/baiduid=590F192C73D3FBF001E1E6A2570C6BEA/w=0_10_/t=iphone/l=1/tc,1,100,0
m.baidu.com/from=1001703a/bd_page_type=1/ssid=0/uid=0/pu=usm%401%2Csz%401320_1001%2Cta%40ins_2_16.0_18_40.10/baiduid=30E7CBEB54D35352D342D26FCCC53335/w=0_10_/t=zbios/l=1/tc,1,100,0
m.baidu.com/from=1001703a/bd_page_type=1/ssid=0/uid=0/pu=usm%401%2Csz%401320_1001%2Cta%40iphone_2_12.0_18_40.9/baiduid=8E488C51B4083CD0258AC24CD9FBBB02/w=0_10_/t=iphone/l=1/tc,1,100,0
m.baidu.com/from=1001703a/bd_page_type=1/ssid=0/uid=0/pu=usm%401%2Csz%401320_1001%2Cta%40iphone_2_13.0_18_40.10/baiduid=0BBA1A7D5D5373054D16CF9FC54D56E2/w=0_10_/t=iphone/l=1/tc,1,100,0
m.baidu.com/from=1001703a/bd_page_type=1/ssid=0/uid=0/pu=usm%401%2Csz%401320_1001%2Cta%40iphone_2_14.0_18_40.10/baiduid=7B44F0C77EF335DEEDA7A733E1CC6938/w=0_10_/t=iphone/l=1/tc,1,100,0
m.baidu.com/from=1001703a/bd_page_type=1/ssid=0/uid=0/pu=usm%401%2Csz%401320_1001%2Cta%40iphone_2_15.0_18_40.8/baiduid=DE9CC9A454A97A0028234EA56B04BFC2/w=0_10_/t=iphone/l=1/tc,1,100,0
m.baidu.com/from=1001703a/bd_page_type=1/ssid=0/uid=0/pu=usm%401%2Csz%401320_1001%2Cta%40iphone_2_16.0_18_40.10/baiduid=E4CFD5D9DE9F71BE7587A36A89268AFD/w=0_10_/t=iphone/l=1/tc,1,100,0
m.baidu.com/from=1001703a/bd_page_type=1/ssid=0/uid=0/pu=usm%401%2Csz%401320_1001%2Cta%40iphone_2_7.1_18_4.7/baiduid=B1223878DFB05EE7AAE6F9C9ECADAA70/w=0_10_/t=iphone/l=1/tc,1,100,0
m.baidu.com/from=1001703a/bd_page_type=1/ssid=0/uid=0/pu=usm%401%2Csz%401320_1001%2Cta%40iphone_2_8.1_18_4.7/baiduid=3E8762775A3B4B07479926E0C9DC9D1E/w=0_10_/t=iphone/l=1/tc,1,100,0
m.baidu.com/from=1001703a/bd_page_type=1/ssid=0/uid=0/pu=usm%401%2Csz%401320_1001%2Cta%40iphone_2_8.1_18_4.7/baiduid=950AC40FB6ADEFCE30BFE3071C4638FC/w=0_10_/t=iphone/l=1/tc,1,100,0
m.baidu.com/from=1001703a/bd_page_type=1/ssid=0/uid=0/pu=usm%401%2Csz%401320_220%2Cta%40iphone___18_40.10/baiduid=F7A8609FCD22DC402195B50ADD185F58/w=0_10_/t=iphone/l=1/tc,1,100,0
m.baidu.com/from=1001703a/bd_page_type=1/ssid=0/uid=0/pu=usm%403%2Csz%401320_1001%2Cta%40iphone_2_7.1_18_4.7/baiduid=A237B49C8C539792C29E17E65D9A80FC/w=0_10_/t=iphone/l=1/tc,1,100,0
m.baidu.com/from=1012852q/bd_page_type=1/ssid=0/uid=0/pu=sz%401320_1004%2Cta%40iphone_2_9.0_11_11.11%2Cusm%401/baiduid=C02738E8F47D086F65C66A5698E741B0/w=0_10_/t=iphone/l=1/tc,1,100,0
m.baidu.com/from=1012852q/bd_page_type=1/ssid=0/uid=0/pu=usm%400%2Csz%401320_1004%2Cta%40iphone_2_13.0_11_20.12/baiduid=EDBD00B3733E2ABD8B3E3B7751D7FED2/w=0_10_/t=iphone/l=1/tc,1,100,0
m.baidu.com/from=1012852q/bd_page_type=1/ssid=0/uid=0/pu=usm%400%2Csz%401320_1004%2Cta%40iphone_2_14.0_11_20.12/baiduid=EE915BCEA75FF310BABAE72FCA847768/w=0_10_/t=iphone/l=1/tc,1,100,0
m.baidu.com/from=1012852q/bd_page_type=1/ssid=0/uid=0/pu=usm%401%2Csz%401320_1004%2Cta%40iphone_2_16.0_11_20.2/baiduid=289D06C3CED82A8D7890283FFD5502B1/w=0_10_/t=iphone/l=1/tc,1,100,0
m.baidu.com/from=1012852q/bd_page_type=1/ssid=0/uid=0/pu=usm%401%2Csz%401320_1004%2Cta%40iphone_2_16.0_11_20.2/baiduid=DB9DB1CE0585FB8B62DB5EE24AC13385/w=0_10_/t=iphone/l=1/tc,1,100,0
m.baidu.com/from=1012852q/bd_page_type=1/ssid=0/uid=0/pu=usm%402%2Csz%401320_1004%2Cta%40iphone_2_16.0_11_20.7/baiduid=7EB781C8AA3C3AF130D7C5A616F45345/w=0_10_/t=iphone/l=1/tc,1,100,0
m.baidu.com/from=1013672g/bd_page_type=1/ssid=0/uid=0/pu=usm%401%2Csz%401320_1004%2Cta%40iphone_2_16.0_11_20.9/baiduid=02969A177AD60F3A63B3E465ACA75486/w=0_10_/t=iphone/l=1/tc,1,100,0
m.baidu.com/from=1013966u/bd_page_type=1/ssid=0/uid=0/pu=sz%401320_1001%2Cta%40iphone_2_15.0_19_28.1%2Cusm%401/baiduid=A067B3D89E0969CE1C495B510D193CC6/w=0_10_/t=iphone/l=1/tc,1,100,0
m.baidu.com/from=1013966u/bd_page_type=1/ssid=0/uid=0/pu=sz%401320_1001%2Cta%40iphone_2_16.0_19_28.1%2Cusm%401/baiduid=C9A8835A909D13F0D7D849B41F236520/w=0_10_/t=iphone/l=1/tc,1,100,0
m.baidu.com/from=1013966u/bd_page_type=1/ssid=0/uid=0/pu=usm%401%2Csz%401320_1001%2Cta%40iphone_2_15.0_19_27.9/baiduid=5A9C62B43CAFD452C839A9DDB55F6877/w=0_10_/t=iphone/l=1/tc,1,100,0
m.baidu.com/from=1015011p/bd_page_type=1/ssid=0/uid=0/pu=sz%401320_1001%2Cta%40iphone_2_13.0_24_99.0%2Cusm%401/baiduid=9CD46D8D279ACBA3AD877A1C2F972B01/w=0_10_/t=iphone/l=1/tc,1,100,0
m.baidu.com/from=1019311a/bd_page_type=1/ssid=0/uid=0/pu=usm%401%2Csz%401320_1001%2Cta%40iphone_2_14.0_19_28.1/baiduid=4941B2C0E258BFE4F526EF2EAE4895AC/w=0_10_/t=iphone/l=1/tc,1,100,0
m.baidu.com/from=1019311a/bd_page_type=1/ssid=0/uid=0/pu=usm%401%2Csz%401320_1001%2Cta%40iphone_2_15.0_19_28.1/baiduid=E7F9F0D849F9ACC56C8735FC475FC93D/w=0_10_/t=iphone/l=1/tc,1,100,0
m.baidu.com/from=1019311a/bd_page_type=1/ssid=0/uid=0/pu=usm%401%2Csz%401320_1001%2Cta%40iphone_2__24_131.0/baiduid=EB759D43C4D6B489876FF74BA60032B6/w=0_10_/t=iphone/l=1/tc,1,100,0
m.baidu.com/from=1019311r/bd_page_type=1/ssid=0/uid=0/pu=usm%401%2Csz%401320_1001%2Cta%40iphone_2_15.0_19_16.7/baiduid=3948DCA6179DC1C278399CF9B851F455/w=0_10_/t=iphone/l=1/tc,1,100,0
m.baidu.com/from=1019311v/bd_page_type=1/ssid=0/uid=0/pu=sz%401320_1001%2Cta%40iphone_2_15.0_19_28.1%2Cusm%401/baiduid=E836618D23016A96CBA1B8BB23E45B6F/w=0_10_/t=iphone/l=1/tc,1,100,0
m.baidu.com/from=1019311v/bd_page_type=1/ssid=0/uid=0/pu=usm%401%2Csz%401320_1001%2Cta%40iphone_2_16.0_19_27.1/baiduid=69F4BE8D4385F4DC6E46BF44B53888AD/w=0_10_/t=iphone/l=1/tc,1,100,0
m.baidu.com/from=1020681k/bd_page_type=1/ssid=0/uid=0/pu=usm%401%2Csz%401320_1001%2Cta%40iphone_2_16.0_18_40.10/baiduid=83CAF254F8B95961223D757BDF245FE4/w=0_10_/t=iphone/l=1/tc,1,100,0
m.baidu.com/from=1020761f/bd_page_type=1/ssid=0/uid=0/pu=sz%401320_1001%2Cta%40iphone_2_15.0_19_28.1%2Cusm%401/baiduid=8C5A997EBA5AB4AA085FE16B822AA418/w=0_10_/t=iphone/l=1/tc,1,100,0
m.baidu.com/from=1020761f/bd_page_type=1/ssid=0/uid=0/pu=usm%401%2Csz%401320_1001%2Cta%40iphone_2_12.0_19_28.1/baiduid=8623753D9B8CC6ACE8A28C96A95F9E14/w=0_10_/t=iphone/l=1/tc,1,100,0
m.baidu.com/from=1020786r/bd_page_type=1/ssid=0/uid=0/pu=usm%402%2Csz%401320_1001%2Cta%40iphone_2_15.0_19_28.1/baiduid=0BB7A941A00BE5DD7A2BE6B13E5EF687/w=0_10_/t=iphone/l=1/tc,1,100,0
m.baidu.com/from=1023341n/bd_page_type=1/ssid=0/uid=0/pu=usm%401%2Csz%401320_1001%2Cta%40ins_2_12.0_24_90.0/baiduid=4D320F89D5E392273DCFC385321EC75B/w=0_10_/t=zbios/l=1/tc,1,100,0
m.baidu.com/from=1023722k/bd_page_type=1/ssid=0/uid=0/pu=usm%401%2Csz%401320_1001%2Cta%40iphone_2_10.0_24_114.0/baiduid=6ECA3371F9A291ABBD50EA959556E88E/w=0_10_/t=iphone/l=1/tc,1,100,0
m.baidu.com/from=1026250w/bd_page_type=1/ssid=0/uid=0/pu=cen%40cuid_cua_cut%2Cosbranch%40a2%2Csz%401320_480%2Ccuid%40g820fguJHigHuv8Y0uvltguWval5uHiq0Ovo8lu9vuKzLqqqB%2Ccfrom%401026250w%2Cc3_aid%40A00-C2QEZI725PGEBTCRCETOYZB7OUYU2A4V-C73LB2D6%2Candrst%400%2Ccsrc%40home_box_txt%2Ccua%40_avLCguF2i4HywoUfpw1zyaBsf_4C2Nr_uD5iLQqA%2Cosname%40baiduboxapp%2Cctv%402%2Cusm%402%2Cvmgdb%400020100228y/baiduid=5AA4FFE2D374DC526EBA335D8F2FDF8E/w=0_10_/t=zbios/l=1/tc,1,0,8
"m.baidu.com/from=1027978d/ssid=0/pu=osbranch@a2,osname@baiduboxapp,cuid@_a2qfguuHulvi2ivluveuguqSt_4uva6ga2a8_i5v8KwLqqqB,cfrom@1027978d,c3_aid@A00-T7SJV7JCLYSKPM7KM7EKV3ANNCHZAPF7-GRKPMJC4,vmgdb@0020100228y,sz@1320_480,csrc@home_box_txt,cua@_a-qiyuO2igyNEqlI5me6NIy2IgcaXiHoavjhSdHNqqqB,cen@cuid_cua_cut,ctv@2/s",1,100,0
m.baidu.com/from=1029078p/bd_page_type=1/ssid=0/uid=0/pu=usm%401%2Csz%401320_220%2Cta%40iphone_5_5.0_1_15.1/baiduid=5588AE81E5A0F5F8D4668BC61CD8342E/w=0_10_/t=iphone/l=1/tc,1,100,0
"m.baidu.com/from=1030738c/ssid=0/pu=osname@baiduboxapp,ctv@2,cfrom@1030738c,cuid@_ivG8g8Wvi_Bav8e0a28al83vi_Mu2unga-Ya_uA-88L9DPgJkHR8EnwA,cua@_a2xiyuCvij-NEqlI5me6NN0v8zTu-I4_C2H84ak2iqlC,c3_aid@A00-6JFL66ZC5FWD4D4N555VYHG2YXEMHIVR-IVS24MBU,csrc@home_box_txt,sz@1320_480,cen@cuid_cua_cut,vmgdb@0020100228y/s",1,100,0
"m.baidu.com/from=1030738c/ssid=0/pu=sz@1320_480,osname@baiduboxapp,csrc@home_box_txt,ctv@2,cfrom@1030738c,cuid@_8vAtY8kv8gQuSujlaSlu_iR2ul1aSf60i2Etg8c-u8B9QPxytHRMbAOA,cua@_avLCga72i4HywoUfpw1z4uQ2NgVPX81oavjhGQHNqqqB,c3_aid@A00-IJJDG3ZPNEGCLITXR54Q6FCXKZGRU4SN-YKSMDWUU,cen@cuid_cua_cut,vmgdb@0020100228y/s",1,100,0
m.baidu.com/from=1034658a/bd_page_type=1/ssid=0/uid=0/pu=sz%401320_480%2Ccuid%400aSd80PzHflqi-iulO-jiYuAH8YWaHac08STu_urS88ykvh1pNQlar8mA%2Ccua%40_a2viyaR2ig-NEqpI5me6NN0-IYUh2IlgN2UiAqSC%2Cosname%40baiduboxapp%2Cctv%402%2Ccfrom%401030738b%2Ccen%40cuid_cua%2Cc3_aid%40A00-XFCNNMTSKB7AWQKRES2276N4E4OSH53N-FYV7VF22%2Ccsrc%40bdbox_tserch_txt%2Cta%40iphone___31_9.8%2Cusm%401/baiduid=F9C49CC72FBDEA9E45748448613B668E/w=0_10_/t=iphone/l=1/tc,1,100,0
m.baidu.com/from=1034829p/bd_page_type=1/ssid=0/uid=0/pu=usm%401%2Csz%401320_1003%2Cta%40iphone_2_13.0_1_18.5/baiduid=A38379FC7E55BDE759D6BB45E6A019D1/w=0_10_/t=iphone/l=1/tc,1,0,9
m.baidu.com/from=1040455c/bd_page_type=1/ssid=0/uid=0/pu=sz%401320_480%2Ccuid%4008vwiliPBugh8HuZg8HMu08IvtglOHiA_avq8_uz2f8RkvMF581pOzmPA%2Ccua%40_a2HiyuC2igBNE64I5me6NN0-IYUh2IlgN2FiAqSC%2Cosname%40baiduboxapp%2Cctv%402%2Ccfrom%401030738b%2Ccen%40cuid_cua%2Cc3_aid%40A00-VQ6STRXRCD7HXNPD56ZOKYDGR36OGLDZ-JE6M62YC%2Ccsrc%40app_mainbox_txt%2Cta%40iphone___31_9.8%2Cusm%401/baiduid=5B0255ED8BAECEC98EC04356B8C2DA06/w=0_10_/t=iphone/l=1/tc,1,100,0
m.baidu.com/from=1040455j/bd_page_type=1/ssid=0/uid=0/pu=sz%401320_480%2Ccuid%40l8vvu_advulma2uF0aS98_unva_Pa2uTgivhuluRva8ik1afJ9W7iEmPA%2Ccua%40gP2Oi4ao2ig4NE6lI5me6NN0-IYUh2IlgN2wiAqSC%2Cosname%40baiduboxapp%2Cctv%402%2Ccfrom%401030738b%2Ccen%40cuid_cua%2Cc3_aid%40A00-HOD3AT7OIK2EH4FWFKK4TJZLPBTNDALX-MULEWOYS%2Ccsrc%40home_box_txt%2Cta%40iphone___31_9.8%2Cusm%400/baiduid=5F05CE838882EEACFCED210E04D3CBB0/w=0_10_/t=iphone/l=1/tc,1,100,0
m.baidu.com/from=1057810a/bd_page_type=1/ssid=0/uid=0/pu=sz%401320_1004%2Cta%40iphone_2_11.0_49_3.1%2Cusm%401/baiduid=AA11F397CF81E97584CFBBA6CC3624BE/w=0_10_/t=iphone/l=1/tc,1,100,0
m.baidu.com/from=2001g/bd_page_type=1/ssid=0/uid=0/pu=usm%401%2Csz%401320_1003%2Cta%40iphone_2_15.0_1_18.5/baiduid=6E11AB9D0F0080530C9AF7084F890447/w=0_10_/t=iphone/l=1/tc,1,100,0
m.baidu.com/from=844b/bd_page_type=1/ssid=0/uid=0/pu=usm%401%2Csz%401320_1001%2Cta%40iphone_2_12.0_24_80.0/baiduid=B293B63E356961A61C5ACA20D95A7C09/w=0_10_/t=iphone/l=1/tc,1,100,0
m.baidu.com/s,1,0,9
m.sogou.com,1,100,0
medium.com/@anuraagkhare_/zero-effort-debugging-python-3-14s-asyncio-inspection-tools-will-blow-your-mind-cb5c0679319e,1,0,12
micropython-docs-ja.readthedocs.io/ja/latest/reference/index.html,1,0,55
msiism.jp,1,100,0
murata-coworker.macp.murata.com,1,0,120
nlp.netlearning.co.jp,1,100,0
note.milldea.com,1,100,0
nvlabs.github.io,1,0,23
ossannote.com,1,0,1194
paiza.jp/works/python/new-primer/python-new-primer-23/85010,1,0,112
paiza.jp/works/python3/primer/beginner-python1/4007,1,100,0
paiza.jp/works/python3/primer/beginner-python10/7605/1,1,100,0
paiza.jp/works/python3/primer/beginner-python2/4015,1,100,0
premium-etest-2024.aidemy.jp,1,100,0
pro.arcgis.com,1,0,73
purdue-engr-13300.github.io,1,0,168
python.ambitious-engineer.com,1,100,0
python.civic-apps.com,1,100,0
qiita.com/eric50905/items/3030cfa03f849fec04dd,1,100,0
relief.jp,1,100,0
safe.menlosecurity.com,1,0,1607
se-media.jp,1,100,0
search.yahoo.com,1,0,827
sejuku.net,1,100,0
so.m.sm.cn/s,1,100,0
squareiooi.com,1,100,0
srbrnote.work,1,100,0
sukkiri.jp/references/references_python/references_python_builtin_functions.html,1,100,0
tech.motex.co.jp,1,100,0
techblog.asahi-net.co.jp,1,100,0
technopro.aidemy.jp,1,100,0
teshi-learn.com,1,100,0
tlt.aidemy.jp,1,100,0
ton-hare.com/python3-past-questions,1,100,0
tonari-it.com/python-with-file-open-close,1,100,0
toshibaap.sharepoint.com,1,100,0
toyobo.aidemy.jp,1,100,0
translate.google.com,1,0,48
wiki.python.org,1,0,167
www5.learningpark.jp,1,100,0
www7b.biglobe.ne.jp,1,100,0
ya.ru,1,0,34
