name,unique_exits,total_exits,exit_rate
/3.14/whatsnew/3.14.html,320,327,
/3.14/,157,159,
/3.14/using/windows.html,114,114,
/3.14/tutorial/index.html,113,115,
/3/,45,45,
/3.13/,33,33,
/3.14/index.html,20,20,
/3.14/download.html,17,17,
/3.14/library/stdtypes.html,17,17,
/3.14/search.html,17,17,
/3.14/library/functions.html,16,16,
/3.14/installing/index.html,15,15,
/3.13/tutorial/index.html,14,13,
/3.14/tutorial/interpreter.html,14,14,
/3.13/whatsnew/3.13.html,13,13,
/3.14/glossary.html,13,13,
/3.14/tutorial/introduction.html,13,13,
/3.14/whatsnew/changelog.html,13,14,
/3/whatsnew/3.13.html,13,13,
/3.14/tutorial/controlflow.html,11,12,
/3.14/tutorial/datastructures.html,11,14,
/3/tutorial/index.html,11,11,
/3.14/library/index.html,10,10,
/3.14/tutorial/,9,9,
/3.14/using/cmdline.html,9,9,
/3.13/using/windows.html,8,8,
/3.14/tutorial/appetite.html,8,8,
/3/tutorial/controlflow.html,8,8,
/3.14/library/idle.html,7,7,
/zh-cn/3.14/,7,7,
/3.12/,6,6,
/3.13/search.html,6,6,
/3.14/bugs.html,6,6,
/3.14/extending/index.html,6,7,
/3.14/py-modindex.html,6,6,
/3.14/reference/index.html,6,6,
/3/tutorial/introduction.html,6,6,
/3.13/library/stdtypes.html,5,5,
/3.14/contents.html,5,5,
/3.14/howto/index.html,5,5,
/3.14/tutorial/modules.html,5,4,
/3.14/using/index.html,5,5,
/3.14/whatsnew/index.html,5,5,
/3/library/idle.html,5,5,
/3/search.html,5,5,
/zh-cn/3.14/tutorial/introduction.html,5,5,
/3.13/installing/index.html,4,4,
/3.13/library/functions.html,4,4,
/3.13/tutorial/controlflow.html,4,4,
/3.13/tutorial/interpreter.html,4,4,
/3.14/c-api/index.html,4,4,
/3.14/library/annotationlib.html,4,4,
/3.14/library/csv.html,4,7,
/3.14/library/re.html,4,4,
/3.14/library/tkinter.html,4,4,
/3.14/license.html,4,4,
/3.14/using/ios.html,4,4,
/3/library/functions.html,4,4,
/3/library/index.html,4,4,
/3/tutorial/interpreter.html,4,4,
/zh-cn/3.14/library/index.html,4,4,
/zh-cn/3.14/whatsnew/3.14.html,4,4,
/zh-cn/3/,4,4,
/3.12/tutorial/index.html,3,3,
/3.13/glossary.html,3,3,
/3.13/library/index.html,3,3,
/3.14/about.html,3,3,
/3.14/c-api/init_config.html,3,3,
/3.14/copyright.html,3,3,
/3.14/deprecations/index.html,3,3,
/3.14/distributing/index.html,3,3,
/3.14/faq/index.html,3,3,
/3.14/genindex.html,3,3,
/3.14/library/ast.html,3,3,
/3.14/library/logging.html,3,3,
/3.14/library/os.path.html,3,3,
/3.14/library/pathlib.html,3,3,
/3.14/library/turtle.html,3,3,
/3.14/library/venv.html,3,3,
/3.14/reference/compound_stmts.html,3,3,
/3.14/whatsnew/3.13.html,3,3,
/3/index.html,3,3,
/3/library/stdtypes.html,3,3,
/3/library/turtle.html,3,3,
/3/tutorial/,3,3,
/3/tutorial/datastructures.html,3,3,
/3/tutorial/inputoutput.html,3,3,
/ja/3.14/whatsnew/3.14.html,3,3,
/pt-br/3.14/library/index.html,3,4,
/zh-cn/3.13/,3,3,
/zh-cn/3.14/download.html,3,3,
/zh-cn/3.14/search.html,3,6,
/zh-cn/3.14/tutorial/index.html,3,3,
/zh-cn/3.14/using/windows.html,3,3,
/zh-tw/3.14/download.html,3,3,
/3.12/using/windows.html,2,2,
/3.12/whatsnew/3.12.html,2,2,
/3.13/download.html,2,2,
/3.13/index.html,2,2,
/3.13/library/typing.html,2,2,
