name,visitors,bounce_rate,visit_duration
Direct / None,967,66,152
google.com,374,70,238
python.org,176,75,189
bing.com,36,53,361
pythoninsider.blogspot.com,22,50,99
baidu.com/link,12,70,143
yandex.ru,11,75,83
cn.bing.com,10,20,355
chatgpt.com,9,0,174
duckduckgo.com,8,100,186
github.com/python/cpython,6,17,800
github.com,5,60,171
doubao.com,4,0,288
google.co.jp,3,100,84
blog.python.org,2,0,498
google.fr,2,100,88
in.search.yahoo.com,2,0,58
link.zhihu.com,2,0,100
m.baidu.com,2,0,47
web.telegram.org,2,100,0
android-app://com.google.android.googlequicksearchbox,1,0,285
blockpy.cis.udel.edu,1,0,58
brightspace.cuny.edu,1,0,149
campus109.unad.edu.co,1,0,522
clien.net/service/board/kin/17320380,1,0,40
code.visualstudio.com,1,0,1087
colab.research.google.com,1,0,2327
devdocs.io,1,0,56
discuss.python.org,1,100,0
draeger-it.blog,1,0,25
edgeservices.bing.com,1,0,223
es.python.org,1,0,1703
fdtc.desire2learn.com,1,0,1242
flask.palletsprojects.com/en/stable/tutorial,1,0,16
forum.pasja-informatyki.pl,1,0,90
github.com/wooyoyohehe/Python-IDLE,1,0,42
google.co.in,1,0,203
google.co.kr,1,100,0
google.co.nz,1,100,0
google.com.au,1,0,80
google.com.br,1,100,0
google.com.hk,1,0,35
google.com.tr,1,0,148
google.com.tw,1,100,0
google.de,1,100,0
google.nl,1,100,0
google.ro,1,0,40
journeyintopython.com,1,0,405
jpc-excel.officeapps.live.com,1,0,702
learn.adafruit.com,1,0,548
m.baidu.com/from=0/bd_page_type=1/ssid=0/uid=0/pu=usm%401%2Csz%401320_1001%2Cta%40iphone_2_10.0_29_116.0/baiduid=83DBA725FE6792E0DB04F943A21B86CC/w=0_10_/t=iphone/l=1/tc,1,100,0
m.baidu.com/from=1001703a/bd_page_type=1/ssid=0/uid=0/pu=usm%402%2Csz%401320_1001%2Cta%40iphone_2_13.0_18_40.9/baiduid=C4F39BD12C67E299A9EB8B5BBBEC477B/w=0_10_/t=iphone/l=1/tc,1,0,153
medium.com/@pythonistaSage/installing-and-using-python-on-ubuntu-a-guided-tutorial-c4ab0eda33a3,1,0,24
medium.com/lsc-psd/python%E3%81%AE%E6%96%87%E5%AD%97%E5%88%97-string-%E3%82%92%E6%8B%A1%E5%BC%B5%E3%81%99%E3%82%8Bf-r-u-b%E3%81%AB%E3%81%A4%E3%81%84%E3%81%A6-1b56eb260aaa,1,0,151
mylearning.csmd.edu,1,0,63
namu.wiki,1,0,32
peps.python.org,1,0,271
perplexity.ai,1,0,1177
programmersforum.ru,1,0,73
pytest-mock.readthedocs.io/en/latest/usage.html,1,0,130
python-forum.de,1,0,21
qiita.com,1,0,104
qwant.com,1,0,25
search.brave.com,1,100,0
search.yahoo.co.jp,1,0,3001
search.yahoo.com,1,0,282
searchnowfind.com,1,0,48
skillbox.ru,1,0,11
source.android.com,1,0,328
sphinx-doc.org/en/master,1,0,1921
statics.teams.cdn.office.net,1,0,3438
teams.microsoft.com,1,0,451
web-platform-tests.org,1,0,328
ya.ru,1,0,23
