name,version,visitors
Chrome,144.0,7145
Microsoft Edge,144.0,2238
Firefox,147.0,1138
Safari,26.2,569
Chrome,145.0,539
Chrome,139.0,485
Chrome,143.0,460
Opera,126.0,250
Yandex Browser,25.12,202
Firefox,140.0,186
Firefox,142.0,178
Microsoft Edge,143.0,135
Safari,18.6,129
Chrome,142.0,126
Mobile App,(not set),107
Chrome,117.0,98
Chrome,135.0,89
Chrome,132.0,77
Opera,127.0,71
Chrome,140.0,65
Chrome,138.0,60
Chrome,141.0,51
Firefox,146.0,49
Chrome,136.0,45
Chrome,109.0,43
Chrome,131.0,41
Microsoft Edge,142.0,40
Safari,26.3,38
Safari,18.5,36
Safari,26.1,30
Safari,18.7,26
Chrome,116.0,25
Safari,17.6,25
Chrome,124.0,24
Firefox,136.0,24
Chrome,134.0,23
Safari,26.0,22
Chrome,137.0,21
(not set),(not set),20
Samsung Browser,29.0,20
Firefox,145.0,18
Chrome,125.0,17
Firefox,138.0,17
SberBrowser,34.0,17
Firefox,115.0,15
Chrome,122.0,14
Microsoft Edge,141.0,14
Firefox,128.0,13
Chrome,133.0,13
Chrome,128.0,12
Microsoft Edge,145.0,12
Firefox,147.3,12
Firefox,148.0,12
Safari,16.6,12
Smart Lenovo Browser,9.0,12
Chrome,91.0,12
Safari,(not set),11
Firefox,109.0,11
Firefox,144.0,11
Safari,18.1,11
Safari,18.3,11
Safari,10.0,10
Chrome,126.0,10
Safari,18.2,10
Quark,(not set),9
Chrome,120.0,9
Chrome,146.0,9
Safari,17.4,9
Chrome,112.0,8
Chrome,118.0,8
Firefox,125.0,8
Chrome,127.0,8
Safari,15.6,8
Safari,17.5,8
Yandex Browser,25.10,8
Mobile App,97.0,8
Chrome,104.0,7
Chrome,106.0,7
Chrome,123.0,7
Chrome,130.0,7
Mobile App,144.0,7
Safari,18.0,7
Safari,18.4,7
Chromium,(not set),6
Chrome,108.0,6
Chrome,111.0,6
Microsoft Edge,122.0,6
Chrome,129.0,6
Yandex Browser,24.10,6
Yandex Browser,25.2,6
Safari,26.4,6
Chrome,103.0,5
Chrome,105.0,5
Microsoft Edge,109.0,5
Firefox,127.0,5
Norton Private Browser,144.0,5
Huawei Browser Mobile,16.0,5
Safari,17.2,5
360 Secure Browser,(not set),4
Chrome,107.0,4
Chrome,114.0,4
Microsoft Edge,131.0,4
Microsoft Edge,138.0,4
Microsoft Edge,140.0,4
Firefox,141.0,4
Firefox,143.0,4
Safari,17.1,4
UC Browser,18.5,4
QQ Browser,21.0,4
Yandex Browser,25.125,4
Yandex Browser,25.8,4
Whale Browser,4.35,4
Chrome,80.0,4
Chrome,86.0,4
Microsoft Edge,92.0,4
Opera,95.0,4
Microsoft Edge,100.0,3
Firefox,113.0,3
Chrome,121.0,3
Microsoft Edge,126.0,3
Opera,128.0,3
Firefox,134.0,3
Microsoft Edge,137.0,3
Microsoft Edge,139.0,3
Safari,14.0,3
Firefox,149.0,3
Safari,16.4,3
Safari,16.5,3
Safari,17.14,3
Yandex Browser,24.1,3
115 Browser,26.0,3
Chrome,59.0,3
Chrome,69.0,3
Opera,94.0,3
Microsoft Edge,103.0,2
Microsoft Edge,107.0,2
Chrome,110.0,2
Microsoft Edge,117.0,2
Chrome,119.0,2
Microsoft Edge,124.0,2
Microsoft Edge,129.0,2
Microsoft Edge,130.0,2
Firefox,132.0,2
Firefox,133.0,2
Microsoft Edge,133.0,2
Firefox,137.0,2
Safari,14.1,2
MIUI Browser,14.39,2
MIUI Browser,14.50,2
Firefox,143,2
Avast Secure Browser,144.0,2
Mobile App,145.0,2
Safari,17.3,2
Microsoft Edge,18.18363,2
Sogou Explorer,2,2
Yandex Browser,23.7,2
Yandex Browser,24.7,2
vivo Browser,28.0,2
Kindle Browser,3.0,2
Chrome,45.0,2
Chromium,48.0,2
Firefox,5.0,2
QtWebEngine,6.8,2
Notion,7.4,2
Chrome,87.0,2
Chrome,95.0,2
Chrome,98.0,2
Brave,(not set),1
Quark,10.2,1
Quark,10.3,1
Quark,10.4,1
Chrome,102.0,1
Microsoft Edge,105.0,1
Opera,106.0,1
Firefox,106.0,1
Firefox,107.0,1
QQ Browser,11.2,1
Microsoft Edge,110.0,1
Firefox,111.0,1
Firefox,112.0,1
Microsoft Edge,112.0,1
Opera,113.0,1
Chrome,115.0,1
Microsoft Edge,115.0,1
Mobile App,116.0,1
Firefox,118.0,1
Opera,119.0,1
Microsoft Edge,119.0,1
Microsoft Edge,12.246,1
Microsoft Edge,120.0,1
Firefox,123.0,1
Opera,123.0,1
Opera,125.0,1
Iron,125.0,1
Firefox,126.0,1
Microsoft Edge,128.0,1
QQ Browser,13.0,1
Safari,13.1,1
Firefox,130.0,1
Mobile App,130.0,1
Microsoft Edge,132.0,1
Firefox,135.0,1
Microsoft Edge,136.0,1
Chrome,137,1
Mobile App,138.0,1
Mobile Silk,138.11,1
Firefox,140.7,1
Microsoft Edge,144,1
AVG Secure Browser,144.0,1
Ecosia,144.0,1
Chrome,147.0,1
Firefox,147.4,1
vivo Browser,15.1,1
vivo Browser,15.4,1
Microsoft Edge,16.16299,1
Safari,16.3,1
Safari,16.7,1
Samsung Browser,17.0,1
Safari,17.0,1
Safari,17.10,1
Safari,17.7,1
QQ Browser,19.4,1
QQ Browser,19.7,1
QQ Browser,20.1,1
MIUI Browser,20.12,1
Phoenix Browser,20.5,1
Yandex Browser,23.5,1
Yandex Browser,24.12,1
Yandex Browser,25.104,1
Yandex Browser,25.4,1
Samsung Browser,26.0,1
115 Browser,27.0,1
Samsung Browser,27.0,1
SberBrowser,28.0,1
Samsung Browser,29.1,1
SberBrowser,30.0,1
SberBrowser,31.0,1
Pale Moon,34.0,1
Sleipnir,4.6,1
Firefox,45.0,1
Firefox,47.0,1
Huawei Browser Mobile,6.1,1
QQ Browser,6.2,1
QtWebEngine,6.9,1
Safari,60.5,1
Chrome,63.0,1
Quark,7.14,1
Samsung Browser,7.4,1
Chrome,73.0,1
Mypal,74.1,1
Chrome,78.0,1
Mobile Silk,80.4,1
Chrome,85.0,1
Chrome,89.0,1
Chrome,92.0,1
Openwave Mobile Browser,93.4,1
Chrome,96.0,1
Chrome,97.0,1
