name,visitors,bounce_rate,visit_duration
Google,894,83,94
Direct / None,477,77,166
Bing,22,95,14
python.org,16,0,373
Baidu,14,69,13
chatgpt.com,9,50,273
Yahoo!,7,57,226
steam.oxxostudio.tw,7,86,101
Perplexity,5,80,6
ithelp.ithome.com.tw,4,75,130
dlc.chihlee.edu.tw,2,100,0
henyahouse.com,2,100,0
Yandex,1,0,148
apollo.inf.upol.cz,1,0,110
blog.castman.net,1,0,909
copilot.microsoft.com,1,100,0
developer.mozilla.org,1,0,5701
elearn.ncut.edu.tw,1,100,0
medium.com,1,100,0
moodle.tnfsh.tn.edu.tw,1,0,0
note.nkmk.me,1,0,215
notion.so,1,100,0
pyserial.readthedocs.io,1,0,0
python.p2hp.com,1,0,822
tw.alphacamp.co,1,0,21
