name,visitors,bounce_rate,visit_duration
Direct / None,7038,70,204
Bing,1761,71,103
Baidu,1008,76,66
Google,935,79,114
python.org,197,0,295
doubao.com,68,56,112
codecademy.cn,61,54,89
link.zhihu.com,27,52,132
chatgpt.com,26,57,361
link.csdn.net,16,62,40
quark.cn,16,86,142
runoob.com,15,73,51
chat.baidu.com,14,46,518
360.cn,10,100,1
translations.python.org,10,9,254
wapbaike.baidu.com,10,100,0
blog.csdn.net,6,60,236
GitHub,5,100,572
qianwen.com,5,100,177
wiki.python.org,5,0,1131
codemao-guide.yuque.com,4,75,76
liaoxuefeng.com,4,100,56
link.juejin.cn,4,33,363
oi-wiki.org,4,100,0
8kmm.com,3,100,0
baike.baidu.com,3,67,305
bytedance.larkoffice.com,3,100,0
c.biancheng.net,3,33,23
cnblogs.com,3,100,0
cs50.harvard.edu,3,0,77
idealab.alibaba-inc.com,3,25,256
mooc1.chaoxing.com,3,33,859
ntp.msn.cn,3,67,4
q.utoronto.ca,3,0,83
192.168.131.202,2,50,29
396cb642375a.ngrok-free.app,2,0,512
DuckDuckGo,2,0,1022
Perplexity,2,50,21
boot.dev,2,0,112
csdn.net,2,50,62
developer.baidu.com,2,0,514
flask.palletsprojects.com,2,0,960
heeee.com,2,100,0
km.netease.com,2,100,0
luminaedu.com,2,0,502
m.so.com,2,100,0
pypi.org,2,0,1024
showmeai.tech,2,0,14
yuanbao.tencent.com,2,100,255
30daydo.com,1,0,7
52zwbc.com,1,100,0
Ecosia,1,0,0
Microsoft Teams,1,100,0
Shenma,1,100,0
Sogou,1,0,41
Yandex,1,100,0
a37385eccd2a4345801c4177a6f7a699.ap-shanghai2.cloudstudio.club,1,100,0
aafr20251230091028275.pingcode.com,1,0,10
aigc.sankuai.com,1,100,0
bugfree.cc,1,100,0
bugs.python.org,1,0,21
bytetech.info,1,100,0
catlgpt.catl.com,1,0,68
chat.z.ai,1,0,14
cilf0fgtwfq.feishu.cn,1,100,0
cloud.tencent.com,1,0,0
clouddocs.huawei.com,1,0,14
codernav.com,1,0,88
confluence.armchina.com,1,100,0
copilot.com,1,0,3
docs.pingcode.com,1,0,50
grow.alibaba-inc.com,1,0,761
hcnrsvkzdcj7.feishu.cn,1,100,0
i.zte.com.cn,1,0,11
interlib.yuque.com,1,100,0
itask-work.antgroup-inc.cn,1,100,0
iwiki.woa.com,1,0,142
kivy.org,1,0,5
lanqiao.cn,1,0,63
learnxinyminutes.com,1,0,964
leetcode.cn,1,0,0
li.feishu.cn,1,0,25
lixiaolai.com,1,0,829
lmarena.ai,1,100,0
lobste.rs,1,0,0
mianshima.com,1,0,3
mira.byteintl.net,1,0,15
mlx.sankuai.com,1,100,0
moodle.gtiit.edu.cn,1,0,140
moodle.zwu.edu.cn,1,100,0
mueaiml.hhq.suzuki.co.jp,1,0,4
networkx.org,1,0,212
note.youdao.com,1,0,425
oiwiki.org,1,0,42
openi.cn,1,0,18
paddleocr.ai,1,100,0
pan.baidu.com,1,100,0
pandas.pydata.org,1,0,0
peps.python.org,1,0,17
python-httpx.org,1,0,12
python.github.net.cn,1,0,52
python.uihtm.com,1,0,5
rcnx6qvc5trj.feishu.cn,1,100,0
salon.netease.com,1,0,4446
sass-node1.chatshare.biz,1,0,179
t6ixa9nyl6.jiandaoyun.com,1,0,118
us.prairielearn.com,1,0,43
vip.51kaixin.cloud,1,100,0
w6k74z8wth.feishu.cn,1,100,0
webedit.midea.com,1,100,0
wenote.huawei.com,1,100,0
wiki.rnd.yinwang.com,1,100,0
wpfx.link,1,0,21
xiaopeng.feishu.cn,1,100,0
xieboke.net,1,100,0
yequanrui.inhuawei.com,1,0,8
yuque.com,1,100,0
zeeklog.com,1,100,0
