name,visitors
Bengaluru,6207
Hyderabad,3811
Chennai,3342
Moscow,2932
Ho Chi Minh City,2843
Pune,2841
Singapore,2832
Istanbul,2591
New Delhi,2562
Mumbai,2338
Beijing,2256
Guangzhou,2185
Shanghai,2128
Cairo,2099
Kolkata,2060
Hanoi,2026
Tokyo,1856
Delhi,1684
Jakarta,1674
Los Angeles,1506
Shenzhen,1291
Amsterdam,1270
Warsaw,1235
Lima,1224
Karachi,1217
Saint Petersburg,1212
Hong Kong,1192
Tashkent,1132
Tel Aviv,1095
Wuhan,1095
Riyadh,1092
Kathmandu,1084
Frankfurt am Main,1068
Bangkok,1057
São Paulo,1057
Lahore,1054
Chengdu,1049
Lagos,1016
Nairobi,1007
Hangzhou,1003
Paris,1003
Colombo,998
Kyiv,994
Zhengzhou,966
Coimbatore,950
Sydney,943
Xi’an,940
Taipei,888
Ankara,866
Ahmedabad,850
Lucknow,837
Nanjing,816
Patna,805
London,793
Dhaka,779
Madrid,770
Jeddah,769
Casablanca,763
Kuala Lumpur,758
Amman,756
Bogotá,754
Melbourne,751
Jaipur,732
New York City,721
Tunis,689
Berlin,680
Tianjin,679
Tehran,678
Toronto,678
San Jose,668
Dubai,664
Dammam,657
Minsk,656
Changsha,642
Milan,629
Islamabad,607
Chongqing,602
Indore,601
Accra,596
Cochin,578
Seoul,577
Baku,574
Prague,553
Doha,543
Santiago,538
Helsinki,536
Qingdao,516
Gurgaon,511
N/A,508
Phnom Penh,506
Athens,502
İzmir,489
Medellín,483
Montréal,480
Taichung,478
Bhubaneshwar,472
Johannesburg,471
Mexico City,468
Rio de Janeiro,467
Nagpur,465
Almaty,464
Chicago,463
Algiers,457
Vienna,455
Ghāziābād,450
Chandīgarh,448
Kanpur,445
Yekaterinburg,444
Munich,444
Krasnodar,438
Quito,433
Budapest,432
Rome,424
Bandung,423
Novosibirsk,412
Ashburn,403
Seattle,403
Dublin,401
Zürich,396
Bucharest,387
Bhopāl,385
Surat,381
Stockholm,381
Giza,377
Quezon City,376
Brisbane,374
Atlanta,374
Addis Ababa,369
Belgrade,369
Guwahati,365
Mangalore,363
Osaka,360
Kazan,359
Jinan,358
Surabaya,357
Brasília,354
Dehra Dūn,352
Salem,350
Thiruvananthapuram,345
Ufa,343
Sofia,342
Noida,341
Nur-Sultan,339
Manila,337
Abidjan,335
Dallas,329
Baghdad,327
Kaohsiung,327
Sanaa,324
Fuzhou,323
La Paz,322
Lisbon,313
Samara,311
Nizhniy Novgorod,311
Poznań,310
Bishkek,309
Alexandria,306
Abuja,306
Auckland,305
Hamburg,303
Barcelona,303
Kraków,302
Kampala,300
Faisalabad,299
Houston,299
N/A,298
Rabat,298
Rawalpindi,296
Brussels,296
Manchester,295
Riga,294
Hefei,292
Miami,292
Rostov-na-Donu,289
Lviv,288
Vadodara,288
Zagreb,287
Seongnam-si,286
Wrocław,285
Da Nang,283
Marrakesh,283
Santo Domingo,281
Abu Dhabi,280
Suwon,276
Tirunelveli,275
Guayaquil,275
Bursa,271
Phoenix,268
Brooklyn,266
Suzhou,265
Curitiba,263
Dnipro,259
Visakhapatnam,257
Perm,256
Ludhiāna,256
Chelyabinsk,254
Kinshasa,253
Nürnberg,253
Shenyang,249
Shijiazhuang,248
Oslo,248
Kuwait City,247
Jerusalem,244
Agra,243
N/A,240
Yaoundé,238
Haarlem,237
Calgary,232
Perth,231
Guadalajara,229
Agadir,225
Voronezh,223
Odessa,223
Dongguan,223
Dakar,220
Medan,219
Ningbo,219
Kharkiv,217
Naaldwijk,217
Kunming,216
Foshan,216
Krasnoyarsk,215
San José,214
Vijayawada,212
Denver,212
Wuhu,209
Cape Town,209
Sharjah,208
Nanning,207
Köln,207
Fortaleza,206
Yerevan,205
Belo Horizonte,205
Siliguri,202
Port Harcourt,202
Guiyang,201
Düsseldorf,201
Raipur,200
Dalian,199
Cali,199
Irkutsk,198
Bratislava,198
Tbilisi,197
N/A,197
Las Vegas,197
Varanasi,196
Ulan Bator,196
Gdańsk,196
Saratov,194
Yokohama,194
Guntur,193
Caracas,193
Baoding,192
Chisinau,190
Tyumen,190
Barnaul,190
Petaling Jaya,188
Tallinn,186
Allahābād,185
Wuxi,185
Goyang-si,185
Charlotte,185
Thrissur,184
Hsinchu,183
Lyon,183
Nashik,182
Queens,182
Antalya,180
Incheon,180
Aurangabad,179
Montevideo,179
Davao,176
Porto,176
Barranquilla,176
Tangier,174
Xiamen,173
Mashhad,172
Karnāl,172
Taoyuan,172
Fès,172
Santa Clara,172
Vancouver,172
Medina,171
N/A,170
Birmingham,169
Ranchi,168
Turin,168
Adelaide,167
Thessaloníki,166
Lanzhou,166
Vilnius,163
Yogyakarta,161
Tripoli,161
Glasgow,161
Porto Alegre,161
Marseille,160
Multan,159
San Salvador,158
Panamá,158
N/A,158
