name,visitors,pageviews,bounce_rate,time_on_page,scroll_depth
/fr/3/tutorial/,282,355,64,37,51
/fr/3/tutorial/datastructures.html,83,97,84,97,41
/fr/3/,69,83,59,18,74
/fr/3/tutorial/appetite.html,65,60,58,62,80
/fr/3/tutorial/interpreter.html,63,55,67,41,70
/fr/3.15/using/windows.html,60,55,89,57,30
/fr/3/library/tkinter.html,56,60,76,44,32
/fr/3.14/,52,51,55,46,73
/fr/3/library/random.html,52,58,85,55,26
/fr/3/howto/sorting.html,50,56,96,50,38
/fr/3/tutorial/classes.html,46,46,89,102,37
/fr/3/tutorial/controlflow.html,46,48,80,98,35
/fr/3/library/stdtypes.html,45,51,73,48,24
/fr/3/search.html,44,62,43,34,47
/fr/3/tutorial/introduction.html,43,36,64,106,68
/fr/3/library/functions.html,35,34,84,193,51
/fr/3/library/turtle.html,35,37,90,53,19
/fr/3/tutorial/index.html,30,36,39,23,71
/fr/3.14/tutorial/introduction.html,29,24,83,181,73
/fr/3/library/index.html,27,27,71,89,27
/fr/3/library/math.html,26,27,100,15,40
/fr/3.14/tutorial/index.html,23,28,27,30,56
/fr/3/tutorial/venv.html,23,24,89,121,63
/fr/3.14/search.html,22,19,60,36,22
/fr/3/tutorial/inputoutput.html,22,22,86,45,52
/fr/dev/installing/index.html,22,22,63,47,58
/fr/3/library/idle.html,21,20,64,20,38
/fr/3/using/windows.html,21,19,100,45,29
/fr/3/library/__main__.html,20,19,88,23,45
/fr/3/tutorial/errors.html,20,21,88,112,31
/fr/3/howto/regex.html,19,20,89,171,39
/fr/3/library/string.html,19,19,100,10,20
/fr/3.14/tutorial/interpreter.html,18,15,25,51,78
/fr/3.13/tutorial/index.html,17,28,50,40,59
/fr/3/index.html,17,19,80,12,78
/fr/3/howto/unicode.html,16,16,92,34,61
/fr/3/download.html,15,10,40,17,89
/fr/3/library/datetime.html,15,14,78,84,25
/fr/3.14/tutorial/appetite.html,14,14,100,28,74
/fr/3/library/csv.html,14,14,93,30,31
/fr/3/library/json.html,14,12,100,51,35
/fr/3/tutorial/modules.html,14,15,70,24,45
/fr/3.14/library/index.html,13,13,67,124,36
/fr/3.14/library/functions.html,12,10,75,41,50
/fr/3.14/library/stdtypes.html,12,10,40,103,35
/fr/3.14/tutorial/controlflow.html,12,13,75,114,51
/fr/3/library/exceptions.html,12,11,67,33,31
/fr/3/library/time.html,12,12,90,22,10
/fr/3/reference/compound_stmts.html,12,13,62,116,37
/fr/3/reference/datamodel.html,12,11,100,23,28
/fr/3/using/cmdline.html,12,12,100,22,25
/fr/3.13/tutorial/appetite.html,11,8,50,153,86
/fr/3.14/using/windows.html,10,10,100,175,25
/fr/3/faq/windows.html,10,9,83,47,56
/fr/3/library/re.html,10,12,91,31,42
/fr/3/library/tkinter.ttk.html,10,10,75,295,22
/fr/3/tutorial/stdlib.html,10,7,50,55,66
/fr/3.14/tutorial/datastructures.html,9,9,60,246,39
/fr/3.14/using/index.html,9,9,50,20,71
/fr/3/contents.html,9,9,60,20,2
/fr/3/genindex-Symboles.html,9,9,67,13,43
/fr/3/library/os.html,9,10,71,53,32
/fr/3/library/pathlib.html,9,15,83,99,47
/fr/3/reference/import.html,9,9,89,0,100
/fr/3.13/search.html,8,12,50,51,96
/fr/3/howto/enum.html,8,8,83,11,44
/fr/3/library/collections.html,8,7,100,28,31
/fr/3/library/copy.html,8,7,86,7,50
/fr/3/library/enum.html,8,8,71,25,18
/fr/dev/reference/compound_stmts.html,8,8,86,5,17
/fr/3.13/,7,11,100,135,92
/fr/3.13/tutorial/,7,6,100,10,57
/fr/3.13/tutorial/introduction.html,7,7,100,485,68
/fr/3.14/library/csv.html,7,7,67,85,68
/fr/3.14/library/turtle.html,7,7,67,8,8
/fr/3/glossary.html,7,6,50,109,56
/fr/3/library/sys.html,7,8,86,93,9
/fr/3/tutorial/appendix.html,7,6,33,10,83
/fr/3/using/index.html,7,8,20,6,72
/fr/dev/library/xml.etree.elementtree.html,7,7,100,39,25
/fr/3.13/tutorial/interpreter.html,6,5,0,117,94
/fr/3.14/tutorial/classes.html,6,5,100,387,39
/fr/3.15/search.html,6,6,0,11,37
/fr/3/library/filesys.html,6,7,67,21,99
/fr/3/library/statistics.html,6,7,67,20,8
/fr/3/library/venv.html,6,5,100,24,25
/fr/3/py-modindex.html,6,6,100,20,39
/fr/3/tutorial/stdlib2.html,6,5,100,5,70
/fr/3/tutorial/whatnow.html,6,5,100,8,86
/fr/dev/library/functions.html,6,6,100,,
/fr/3.13/index.html,5,4,50,6,83
/fr/3.13/library/zlib.html,5,5,100,3,13
/fr/3.14/contents.html,5,4,0,18,29
/fr/3.14/index.html,5,6,100,4,66
/fr/3.14/library/re.html,5,4,100,104,36
/fr/3.14/library/sys.html,5,5,0,21,61
/fr/3.14/library/tkinter.html,5,4,67,117,19
/fr/3.14/library/venv.html,5,3,100,80,40
/fr/3.14/tutorial/,5,5,100,27,68
/fr/3.14/using/cmdline.html,5,3,0,170,43
