name,version,visitors
Chrome,144.0,50370
Chrome,145.0,30816
Microsoft Edge,145.0,15710
Firefox,147.0,12573
Microsoft Edge,144.0,4997
Safari,26.2,4701
Chrome,143.0,3806
Yandex Browser,25.12,2260
Chrome,132.0,2221
Safari,26.3,2102
Firefox,140.0,1991
Opera,127.0,1927
Mobile App,(not set),1462
Safari,18.6,1387
Chrome,142.0,1305
Opera,126.0,1148
Chrome,139.0,1015
Microsoft Edge,143.0,937
Chrome,138.0,796
Chrome,140.0,555
Chrome,109.0,514
Chrome,141.0,513
360 Secure Browser,(not set),442
Safari,26.1,417
Chrome,131.0,414
Chrome,111.0,406
Firefox,146.0,391
Safari,18.5,390
Sogou Explorer,2,369
Chrome,69.0,361
Firefox,5.0,358
Microsoft Edge,142.0,353
Chrome,116.0,324
Samsung Browser,29.0,324
Chrome,133.0,321
Safari,17.6,305
Safari,26.0,285
Chrome,135.0,273
Chrome,124.0,244
Chrome,137.0,240
Chrome,134.0,236
Safe Exam Browser,3.10,227
Safari,18.7,213
Firefox,136.0,211
Chrome,136.0,210
Safari,18.3,203
Chrome,117.0,202
Firefox,128.0,195
Chrome,130.0,186
Firefox,142.0,185
Safari,16.6,180
Safari,26.4,179
Safari,(not set),177
Firefox,145.0,165
Chrome,120.0,159
Chrome,122.0,159
Firefox,148.0,151
Chrome,128.0,142
(not set),(not set),139
Chrome,103.0,133
Firefox,115.0,128
SberBrowser,34.0,114
Chrome,105.0,109
Chrome,106.0,108
Chrome,107.0,108
Chrome,108.0,107
Safari,17.5,104
Firefox,143.0,102
Chrome,112.0,100
Safari,18.4,99
Safari,15.6,98
Chrome,104.0,97
Chrome,126.0,96
Firefox,141.0,95
Safari,17.4,92
Yandex Browser,25.8,92
Chrome,110.0,89
Brave,(not set),87
Safari,18.1,86
Chrome,146.0,84
Mobile App,144.0,83
Chromium,(not set),76
UC Browser,18.5,75
Chrome,129.0,74
Firefox,137.0,74
Firefox,147.4,74
Firefox,144.0,71
Yandex Browser,24.10,65
Safari,18.2,63
Safari,10.0,60
Yandex Browser,25.10,60
vivo Browser,28.1,59
Microsoft Edge,141.0,57
Opera,95.0,56
Safari,18.0,54
Mobile App,97.0,54
Chrome,114.0,53
Yandex Browser,25.2,53
Yandex Browser,25.4,51
QQ Browser,6.2,51
Huawei Browser Mobile,17.0,50
Microsoft Edge,140.0,49
Smart Lenovo Browser,9.0,49
Chrome,127.0,48
Chrome,125.0,47
Firefox,135.0,47
Microsoft Edge,136.0,45
Safari,17.3,43
Chrome,123.0,42
Firefox,138.0,41
Firefox,109.0,40
Chrome,119.0,40
Microsoft Edge,138.0,39
Microsoft Edge,139.0,37
Yandex Browser,25.6,37
Microsoft Edge,92.0,37
Opera,125.0,34
Safari,17.1,34
Quark,(not set),33
Chrome,121.0,33
MIUI Browser,20.12,33
Firefox,139.0,32
Safari,17.14,32
Microsoft Edge,134.0,31
Avast Secure Browser,144.0,31
Firefox,134.0,30
Microsoft Edge,135.0,29
Firefox,149.0,29
Yandex Browser,25.127,29
Chrome,118.0,26
Microsoft Edge,131.0,26
Mobile App,116.0,24
Chrome,87.0,24
Firefox,133.0,23
Yandex Browser,25.125,23
Chrome,91.0,23
Microsoft Edge,109.0,22
Microsoft Edge,122.0,22
Microsoft Edge,137.0,22
Chrome,147.0,22
Huawei Browser Mobile,16.0,22
Yandex Browser,24.7,22
Opera,97.1,22
Safari,16.3,21
Quark,10.5,20
Microsoft Edge,127.0,20
Microsoft Edge,130.0,20
Microsoft Edge,133.0,20
Samsung Browser,28.0,20
Firefox,132.0,19
Ecosia,144.0,19
Safari,16.1,19
Safari,16.5,19
Opera,94.0,19
Chrome,115.0,18
Yandex Browser,25.126,18
Safari,17.0,17
Microsoft Edge,18.18362,17
Mobile App,114.0,16
Firefox,130.0,16
Safari,16.4,16
Safari,17.2,16
Safari,27.0,16
Chrome,86.0,16
Firefox,102.0,15
Chrome,102.0,15
Microsoft Edge,129.0,15
Norton Private Browser,144.0,15
Whale Browser,4.35,15
Firefox,113.0,14
Firefox,131.0,14
Chrome,95.0,14
Chrome,97.0,14
Firefox,125.0,13
Mobile App,138.0,13
Yandex Browser,25.3,13
vivo Browser,27.9,13
Microsoft Edge,128.0,12
Mobile App,137.0,12
AVG Secure Browser,144.0,12
Mobile App,145.0,12
Safari,16.0,12
Chrome,100.0,11
Firefox,111.0,11
Firefox,117.0,11
Microsoft Edge,132.0,11
MIUI Browser,14.51,11
vivo Browser,15.1,11
Opera GX,3.1,11
Safari,60.5,11
Chrome,101.0,10
Safari,12.1,10
Opera,124.0,10
MIUI Browser,20.9,10
Yandex Browser,25.124,10
vivo Browser,28.0,10
Chrome,59.0,10
Chrome,90.0,10
Chrome,99.0,10
Opera,118.0,9
Mobile App,123.0,9
Firefox,127.0,9
Safari,14.1,9
Hi Browser,2.25,9
Yandex Browser,24.1,9
Yandex Browser,24.4,9
Yandex Browser,25.62,9
Samsung Browser,27.0,9
Opera Touch,6.3,9
Opera,98.0,9
Microsoft Edge,100.0,8
Opera,122.0,8
Microsoft Edge,124.0,8
Firefox,129.0,8
Mobile App,131.0,8
Mobile Silk,142.7,8
Firefox,143,8
Chrome,145,8
Microsoft Edge,146.0,8
Firefox,147.5,8
Safari,15.5,8
Safari,17.8,8
Yandex Browser,25.80,8
Samsung Browser,26.0,8
Chrome,81.0,8
Chrome,89.0,8
Microsoft Edge,115.0,7
Opera,117.0,7
Firefox,126.0,7
Safari,15.2,7
vivo Browser,15.4,7
Microsoft Edge,18.18363,7
MIUI Browser,20.2,7
Yandex Browser,23.5,7
Yandex Browser,23.7,7
Chrome,49.0,7
JioSphere,6.0,7
QtWebEngine,6.10,7
Chrome,80.0,7
Chrome,96.0,7
Android Browser,(not set),6
Quark,10.4,6
Microsoft Edge,107.0,6
Microsoft Edge,114.0,6
Microsoft Edge,116.0,6
Firefox,124.0,6
vivo Browser,15.0,6
Safari,17.7,6
QQ Browser,19.8,6
QQ Browser,20.1,6
Samsung Browser,23.0,6
Samsung Browser,24.0,6
Chrome,58.0,6
Samsung Browser,7.4,6
Firefox,88.0,6
Chrome,93.0,6
Ecosia,11.6,5
Firefox,112.0,5
Chrome,113.0,5
Microsoft Edge,117.0,5
Firefox,118.0,5
Opera,119.0,5
Opera,123.0,5
Microsoft Edge,125.0,5
Microsoft Edge,126.0,5
Mobile App,134.0,5
Safari,14.0,5
UC Browser,15.1,5
Safari,15.3,5
MIUI Browser,20.0,5
Samsung Browser,25.0,5
Yandex Browser,25.20,5
SberBrowser,32.0,5
Huawei Browser Mobile,6.1,5
Firefox,66.0,5
Chrome,71.0,5
Chrome,78.0,5
Firefox,78.0,5
Chrome,92.0,5
Opera,96.0,5
Mobile App,99.0,5
Microsoft Edge,103.0,4
Huawei Browser Mobile,11.0,4
Microsoft Edge,110.0,4
Microsoft Edge,111.0,4
Microsoft Edge,118.0,4
Microsoft Edge,119.0,4
Meizu Browser,12.9,4
Microsoft Edge,120.0,4
QQ Browser,13.5,4
MIUI Browser,14.47,4
Firefox,140.7,4
Chrome,144,4
Safari,15.4,4
Safari,16.2,4
Yandex Browser,23.1,4
Yandex Browser,24.12,4
Yandex Browser,24.6,4
Chrome,48.0,4
Chrome,79.0,4
