property,value,visitors,events,percentage
url,(none),158956,284308,99.8
url,https://www.python.org/,1090,1158,0.7
url,https://www.python.org/downloads/,263,277,0.2
url,https://github.com/python/cpython/tree/3.14/Lib/idlelib/,260,293,0.2
url,https://tkdocs.com/,177,212,0.1
url,https://docs.python.org/3/archives/python-3.14-docs-html.zip,121,134,0.1
url,https://wiki.python.org/moin/BeginnersGuide,98,100,0.1
url,https://apps.microsoft.com/detail/9NQ7512CXL7T,97,98,0.1
url,https://docs.python.org/3/archives/python-3.14-docs-text.zip,91,94,0.1
url,https://github.com/python/cpython/tree/3.14/Lib/tkinter/__init__.py,89,97,0.1
url,https://pypi.org/,86,91,0.1
url,https://discuss.python.org/t/84319/123,84,86,0.1
url,https://github.com/python/cpython/tree/3.14/Lib/random.py,70,76,0.0
url,https://www.tkdocs.com/shipman/,69,69,0.0
url,https://www.tcl.tk/man/tcl8.6/TkCmd/contents.htm,67,72,0.0
url,https://peps.python.org/pep-0779/,64,68,0.0
url,https://github.com/python/cpython/tree/3.14/Lib/idlelib,60,65,0.0
url,https://peps.python.org/pep-0745/,55,57,0.0
url,https://mypy.readthedocs.io/en/stable/cheat_sheet_py3.html,54,56,0.0
url,https://packaging.python.org/guides/installing-using-pip-and-virtual-environments/#create-and-use-virtual-environments,52,54,0.0
url,https://docs.python.org/3/archives/python-3.14-docs.epub,47,51,0.0
url,https://www.python.org/doc/versions/,40,42,0.0
url,https://packaging.python.org/en/latest/tutorials/packaging-projects/,37,44,0.0
url,https://www.python.org/downloads/macos/,32,34,0.0
url,https://devguide.python.org/documentation/start-documenting/#building-the-documentation,30,30,0.0
url,https://github.com/python/cpython/tree/3.14/Lib/turtle.py,30,37,0.0
url,https://devguide.python.org/,28,29,0.0
url,https://peps.python.org/pep-0636/,22,24,0.0
url,https://packaging.python.org/,21,21,0.0
url,https://peps.python.org/pep-0649/,21,21,0.0
url,https://docs.python.org/3/archives/python-3.14-docs-texinfo.zip,20,20,0.0
url,https://packaging.python.org/en/latest/tutorials/installing-packages/#ensure-pip-setuptools-and-wheel-are-up-to-date,20,20,0.0
url,https://wiki.python.org/moin/PythonBooks,19,20,0.0
url,https://github.com/python/cpython/tree/3.14/Lib/datetime.py,18,18,0.0
url,https://peps.python.org/pep-3119/,18,18,0.0
url,https://www.sqlite.org/,18,18,0.0
url,https://briefcase.readthedocs.io/,16,18,0.0
url,https://github.com/python/cpython/tree/3.14/Lib/venv/,16,19,0.0
url,https://requests.readthedocs.io/en/master/,16,17,0.0
url,https://docs.python.org/3/archives/python-3.14-docs-text.tar.bz2,15,17,0.0
url,https://github.com/python/cpython/tree/3.14/Lib/pathlib/,15,16,0.0
url,https://github.com/python/cpython/tree/3.14/Lib/socket.py,15,15,0.0
url,https://peps.python.org/,15,16,0.0
url,https://www.packtpub.com/en-us/product/python-gui-programming-with-tkinter-9781788835886,15,16,0.0
url,https://docs.python.org/3/archives/python-3.14-docs-html.tar.bz2,14,14,0.0
url,https://peps.python.org/pep-0632/#migration-advice,14,14,0.0
url,https://typing.python.org/en/latest/spec/index.html,14,14,0.0
url,https://www.debian.org/doc/manuals/maint-guide/first.en.html,14,14,0.0
url,https://www.tcl.tk/,14,15,0.0
url,https://en.wikipedia.org/wiki/Cursor_(databases),13,14,0.0
url,https://github.com/python/cpython/tree/3.14/Lib/logging/__init__.py,13,13,0.0
url,https://numpy.org/,13,14,0.0
url,https://peps.python.org/pep-0484/,13,13,0.0
url,https://en.wikipedia.org/wiki/Turtle_(robot),12,12,0.0
url,https://github.com/python/cpython/tree/3.14/Lib/webbrowser.py,12,12,0.0
url,https://github.com/python/cpython/tree/3.14/Lib/xml/etree/ElementTree.py,12,12,0.0
url,https://packaging.python.org/installing/#requirements-for-installing-packages,12,14,0.0
url,https://peps.python.org/pep-0703/,12,12,0.0
url,https://tkdocs.com/book.html,12,12,0.0
url,https://www.python.org/downloads/android/,12,13,0.0
url,https://dateutil.readthedocs.io/en/stable/,11,11,0.0
url,https://github.com/anordin95/a-conceptual-overview-of-asyncio/tree/main,11,11,0.0
url,https://github.com/python/cpython/tree/3.14/Lib/heapq.py,11,11,0.0
url,https://github.com/python/cpython/tree/3.14/Lib/re/,11,11,0.0
url,https://github.com/python/cpython/tree/3.14/Lib/sqlite3/,11,12,0.0
url,https://github.com/python/cpython/tree/3.14/Lib/subprocess.py,11,11,0.0
url,https://peps.python.org/pep-0434/,11,11,0.0
url,https://peps.python.org/pep-0526/,11,11,0.0
url,https://peps.python.org/pep-0563/,11,12,0.0
url,https://py-free-threading.github.io/installing-cpython/,11,12,0.0
url,https://pypi.org/project/tzdata/,11,14,0.0
url,https://www.sqlite.org/schematab.html,11,11,0.0
url,https://www.unicode.org/versions/Unicode16.0.0/core-spec/chapter-3/#G33992,11,11,0.0
url,https://discuss.python.org/t/37075,10,10,0.0
url,https://docs.pytest.org/,10,14,0.0
url,https://github.com/python/cpython/tree/3.14/Lib/copy.py,10,10,0.0
url,https://github.com/python/cpython/tree/3.14/Lib/csv.py,10,11,0.0
url,https://github.com/python/cpython/tree/3.14/Lib/functools.py,10,11,0.0
url,https://github.com/python/cpython/tree/3.14/Lib/tomllib,10,10,0.0
url,https://packaging.python.org/installing/#creating-virtual-environments,10,11,0.0
url,https://packaging.python.org/science/,10,12,0.0
url,https://peps.python.org/pep-0557/,10,10,0.0
url,https://peps.python.org/pep-0749/,10,10,0.0
url,https://pypi.org/project/pip/,10,10,0.0
url,https://pypi.org/project/telnetlib3/,10,10,0.0
url,https://typing.python.org/en/latest/,10,10,0.0
url,https://wiki.python.org/moin/PythonEditors,10,11,0.0
url,https://beeware.org/,9,9,0.0
url,https://chaquo.com/chaquopy,9,9,0.0
url,https://github.com/python/cpython/blob/main/Doc/tutorial/index.rst?plain=1,9,10,0.0
url,https://github.com/python/cpython/tree/3.14/Lib/argparse.py,9,9,0.0
url,https://github.com/python/cpython/tree/3.14/Lib/collections/__init__.py,9,10,0.0
url,https://github.com/python/cpython/tree/3.14/Lib/dataclasses.py,9,9,0.0
url,https://github.com/python/cpython/tree/3.14/Lib/shutil.py,9,9,0.0
url,https://packaging.python.org/installing/,9,9,0.0
url,https://peps.python.org/pep-0744/,9,9,0.0
url,https://pypi.org/project/tomlkit/,9,11,0.0
url,https://toml.io/en/,9,10,0.0
url,https://www.python.org/psf/donations/,9,9,0.0
url,https://www.sphinx-doc.org/,9,10,0.0
url,https://www.youtube.com/watch?v=Xbl7XjFYsN4&list=PLhNSoGM2ik6SIkVGXWBwerucXjgP1rHmB,9,9,0.0
url,https://aosabook.org/en/500L/a-web-crawler-with-asyncio-coroutines.html,8,8,0.0
url,https://datatracker.ietf.org/doc/html/rfc9562.html#section-5.4,8,8,0.0
url,https://devguide.python.org/documentation/help-documenting/,8,8,0.0
url,https://docs.python.org/3/archives/python-3.14-docs-texinfo.tar.bz2,8,8,0.0
url,https://github.com/python/cpython/tree/3.14/Lib/http/server.py,8,8,0.0
url,https://github.com/python/cpython/tree/3.14/Lib/threading.py,8,8,0.0
url,https://github.com/python/cpython/tree/3.14/Lib/typing.py,8,8,0.0
url,https://peps.python.org/pep-0492/,8,9,0.0
url,https://peps.python.org/pep-0585/,8,9,0.0
url,https://pypi.org/project/regex/,8,8,0.0
url,https://wiki.python.org/moin/IntegratedDevelopmentEnvironments,8,9,0.0
url,https://brew.sh/,7,7,0.0
url,https://buildozer.readthedocs.io/,7,8,0.0
url,https://cibuildwheel.pypa.io/en/stable/platforms/#android,7,7,0.0
url,https://en.wikipedia.org/wiki/Memoization,7,7,0.0
url,https://github.com/python/cpython/issues/144551,7,10,0.0
url,https://github.com/python/cpython/tree/3.14/Lib/enum.py,7,7,0.0
url,https://github.com/python/cpython/tree/3.14/Lib/os.py,7,8,0.0
url,https://github.com/python/cpython/tree/3.14/Lib/pickle.py,7,7,0.0
url,https://github.com/python/cpython/tree/3.14/Lib/pydoc.py,7,8,0.0
url,https://github.com/python/cpython/tree/3.14/Lib/string/__init__.py,7,9,0.0
url,https://github.com/python/cpython/tree/3.14/Lib/urllib/,7,7,0.0
url,https://github.com/python/cpython/tree/3.14/Lib/xml/,7,8,0.0
url,https://manpages.debian.org/recv(2),7,7,0.0
url,https://packaging.python.org/extensions/,7,7,0.0
url,https://peps.python.org/pep-0008/,7,7,0.0
url,https://peps.python.org/pep-0305/,7,7,0.0
url,https://peps.python.org/pep-0448/,7,7,0.0
url,https://peps.python.org/pep-0750/,7,8,0.0
url,https://pypi.org/project/tomli-w/,7,9,0.0
url,https://requests.readthedocs.io/en/latest/,7,7,0.0
url,https://sqlite.org/,7,7,0.0
url,https://termux.dev/en/,7,7,0.0
url,https://wiki.python.org/moin/GuiProgramming,7,7,0.0
url,https://www.python.org/psf/,7,7,0.0
url,https://datatracker.ietf.org/doc/html/rfc9562.html,6,6,0.0
url,https://docs.python.org/zh-cn/3/archives/python-3.14-docs-html.zip,6,6,0.0
url,https://en.wikipedia.org/wiki/Fibonacci_sequence,6,6,0.0
url,https://github.com/python/cpython/blob/3.14/InternalDocs/garbage_collector.md,6,8,0.0
url,https://github.com/python/cpython/issues?q=is%3Aissue+is%3Aopen+label%3Adocs,6,6,0.0
url,https://github.com/python/cpython/tree/3.14/Lib/hashlib.py,6,6,0.0
url,https://github.com/python/cpython/tree/3.14/Lib/json/__init__.py,6,6,0.0
url,https://github.com/python/cpython/tree/3.14/Lib/tkinter/messagebox.py,6,6,0.0
url,https://json.org/,6,7,0.0
url,https://mypy.readthedocs.io/en/stable/index.html,6,6,0.0
url,https://opensource.org/,6,6,0.0
url,https://peps.python.org/pep-0318/,6,8,0.0
url,https://peps.python.org/pep-0420/,6,6,0.0
url,https://peps.python.org/pep-0634/,6,6,0.0
url,https://pypi.org/project/typing_extensions/,6,6,0.0
url,https://sqlite.org/inmemorydb.html,6,6,0.0
url,https://www.w3.org/TR/xpath,6,7,0.0
url,https://www.w3schools.com/sql/,6,6,0.0
url,https://core.tcl.tk/tips/doc/trunk/tip/48.md,5,5,0.0
url,https://en.wikipedia.org/wiki/Leap_second,5,5,0.0
url,https://github.com/python/cpython/tree/3.14/Android/testbed,5,5,0.0
url,https://github.com/python/cpython/tree/3.14/Lib/asyncio/,5,5,0.0
url,https://github.com/python/cpython/tree/3.14/Lib/bisect.py,5,5,0.0
url,https://github.com/python/cpython/tree/3.14/Lib/getpass.py,5,5,0.0
url,https://github.com/python/cpython/tree/3.14/Lib/inspect.py,5,5,0.0
url,https://github.com/python/cpython/tree/3.14/Lib/multiprocessing/,5,5,0.0
url,https://github.com/python/cpython/tree/3.14/Lib/numbers.py,5,8,0.0
url,https://github.com/python/cpython/tree/3.14/Lib/queue.py,5,5,0.0
url,https://github.com/python/cpython/tree/3.14/Lib/statistics.py,5,6,0.0
url,https://github.com/python/cpython/tree/3.14/Lib/tarfile.py,5,5,0.0
url,https://github.com/python/cpython/tree/3.14/Lib/tkinter/commondialog.py,5,5,0.0
url,https://github.com/python/cpython/tree/3.14/Lib/tkinter/filedialog.py,5,6,0.0
url,https://github.com/python/cpython/tree/3.14/Lib/unittest/__init__.py,5,5,0.0
url,https://peps.python.org/pep-0387/,5,5,0.0
url,https://peps.python.org/pep-0405/,5,5,0.0
url,https://www.tkdocs.com/,5,5,0.0
url,https://code.activestate.com/recipes/393090-binary-floating-point-summation-accurate-to-full-p/,4,4,0.0
url,https://datatracker.ietf.org/doc/html/rfc3986.html,4,4,0.0
url,https://datatracker.ietf.org/doc/html/rfc4180.html,4,4,0.0
url,https://datatracker.ietf.org/doc/html/rfc4648.html,4,4,0.0
url,https://en.wikipedia.org/wiki/Cartesian_product,4,4,0.0
url,https://github.com/python/cpython/blob/main/Doc/library/socket.rst?plain=1,4,5,0.0
url,https://github.com/python/cpython/issues,4,4,0.0
url,https://github.com/python/cpython/tree/3.14/Android/testbed/app/src/main/c/main_activity.c,4,5,0.0
url,https://github.com/python/cpython/tree/3.14/Lib/base64.py,4,4,0.0
url,https://github.com/python/cpython/tree/3.14/Lib/curses,4,5,0.0
url,https://github.com/python/cpython/tree/3.14/Lib/difflib.py,4,4,0.0
url,https://github.com/python/cpython/tree/3.14/Lib/email/__init__.py,4,4,0.0
url,https://github.com/python/cpython/tree/3.14/Lib/ensurepip,4,4,0.0
url,https://github.com/python/cpython/tree/3.14/Lib/http/client.py,4,4,0.0
url,https://github.com/python/cpython/tree/3.14/Lib/secrets.py,4,4,0.0
url,https://github.com/python/cpython/tree/3.14/Lib/tempfile.py,4,4,0.0
url,https://github.com/python/cpython/tree/3.14/Lib/urllib/request.py,4,4,0.0
url,https://github.com/python/cpython/tree/3.14/Lib/uuid.py,4,4,0.0
url,https://github.com/python/cpython/tree/3.14/Lib/zipimport.py,4,4,0.0
url,https://importlib-resources.readthedocs.io/en/latest/migration.html,4,4,0.0
url,https://manpages.debian.org/setsockopt(2),4,4,0.0
url,https://packaging.python.org/en/latest/glossary/#term-Distribution-Package,4,4,0.0
url,https://peps.python.org/pep-0255/,4,4,0.0
url,https://peps.python.org/pep-0282/,4,4,0.0
url,https://peps.python.org/pep-0324/,4,4,0.0
url,https://peps.python.org/pep-0343/,4,4,0.0
url,https://peps.python.org/pep-0544/,4,4,0.0
url,https://peps.python.org/pep-0572/,4,4,0.0
url,https://peps.python.org/pep-0614/,4,4,0.0
url,https://peps.python.org/pep-0615/,4,4,0.0
url,https://peps.python.org/pep-0692/,4,4,0.0
url,https://peps.python.org/pep-0734/,4,4,0.0
url,https://peps.python.org/pep-3131/,4,4,0.0
url,https://peps.python.org/pep-3141/,4,4,0.0
url,https://pkware.cachefly.net/webdocs/casestudies/APPNOTE.TXT,4,6,0.0
url,https://pypi.org/project/DateType/,4,4,0.0
url,https://pypi.org/project/UniCurses/,4,6,0.0
url,https://scipy.org/,4,4,0.0
url,https://www.anaconda.com/download/,4,5,0.0
url,https://www.riverbankcomputing.com/static/Docs/pyqtdeploy/,4,5,0.0
url,https://www.unicode.org/reports/tr44/,4,4,0.0
url,https://www.zlib.net/,4,4,0.0
url,http://python3porting.com/cextensions.html,3,3,0.0
url,https://bugs.python.org/issue?@action=redirect&bpo=12782,3,3,0.0
url,https://cython.org/,3,3,0.0
url,https://datatracker.ietf.org/doc/html/rfc822.html,3,3,0.0
url,https://datatracker.ietf.org/doc/html/rfc9562.html#section-5.3,3,3,0.0
url,https://developer.apple.com/library/archive/documentation/Cocoa/Conceptual/PropertyLists/,3,3,0.0
url,https://devguide.python.org/documentation/translating/,3,4,0.0
url,https://devguide.python.org/getting-started/setup-building/,3,3,0.0
url,https://docs.openssl.org/master/man1/ciphers/,3,4,0.0
url,https://docs.python.org/pt-br/3/archives/python-3.14-docs-text.zip,3,3,0.0
url,https://docs.python.org/zh-cn/3/archives/python-3.14-docs-text.zip,3,3,0.0
url,https://en.opensuse.org/Portal:Packaging,3,3,0.0
url,https://en.wikipedia.org/wiki/Extended_Backus%E2%80%93Naur_form,3,3,0.0
url,https://en.wikipedia.org/wiki/Thread_(computing),3,3,0.0
url,https://en.wikipedia.org/wiki/Unix_time,3,3,0.0
url,https://facebook.github.io/zstd/,3,3,0.0
url,https://gist.github.com/vsajip/4673395,3,3,0.0
url,https://github.com/libexpat/libexpat,3,3,0.0
url,https://github.com/python/cpython/blob/main/Doc/library/logging.rst?plain=1,3,3,0.0
url,https://github.com/python/cpython/tree/3.14/Android/README.md,3,5,0.0
url,https://github.com/python/cpython/tree/3.14/Android/testbed/app/src/main/java/org/python/testbed/MainActivity.kt,3,3,0.0
url,https://github.com/python/cpython/tree/3.14/Lib/abc.py,3,3,0.0
url,https://github.com/python/cpython/tree/3.14/Lib/annotationlib.py,3,3,0.0
url,https://github.com/python/cpython/tree/3.14/Lib/ast.py,3,3,0.0
url,https://github.com/python/cpython/tree/3.14/Lib/asyncio/runners.py,3,4,0.0
url,https://github.com/python/cpython/tree/3.14/Lib/asyncio/streams.py,3,4,0.0
url,https://github.com/python/cpython/tree/3.14/Lib/calendar.py,3,3,0.0
url,https://github.com/python/cpython/tree/3.14/Lib/concurrent/futures/thread.py,3,3,0.0
url,https://github.com/python/cpython/tree/3.14/Lib/ctypes,3,3,0.0
url,https://github.com/python/cpython/tree/3.14/Lib/gettext.py,3,3,0.0
url,https://github.com/python/cpython/tree/3.14/Lib/glob.py,3,3,0.0
url,https://github.com/python/cpython/tree/3.14/Lib/html/__init__.py,3,3,0.0
url,https://github.com/python/cpython/tree/3.14/Lib/io.py,3,3,0.0
url,https://github.com/python/cpython/tree/3.14/Lib/logging/config.py,3,3,0.0
url,https://github.com/python/cpython/tree/3.14/Lib/logging/handlers.py,3,4,0.0
url,https://github.com/python/cpython/tree/3.14/Lib/mimetypes.py,3,3,0.0
url,https://github.com/python/cpython/tree/3.14/Lib/netrc.py,3,3,0.0
url,https://github.com/python/cpython/tree/3.14/Lib/operator.py,3,3,0.0
url,https://github.com/python/cpython/tree/3.14/Lib/tkinter/simpledialog.py,3,8,0.0
url,https://github.com/python/cpython/tree/3.14/Lib/zipfile/,3,3,0.0
url,https://importlib-resources.readthedocs.io/en/latest/using.html,3,3,0.0
url,https://invisible-island.net/ncurses/ncurses-intro.html,3,3,0.0
url,https://manpages.debian.org/alarm(2),3,3,0.0
url,https://packaging.python.org/en/latest/tutorials/installing-packages/,3,3,0.0
url,https://peps.python.org/pep-0007/,3,3,0.0
url,https://peps.python.org/pep-0011/#tier-3,3,3,0.0
url,https://peps.python.org/pep-0249/,3,3,0.0
url,https://peps.python.org/pep-0328/,3,3,0.0
url,https://peps.python.org/pep-0362/,3,3,0.0
url,https://peps.python.org/pep-0428/,3,3,0.0
url,https://peps.python.org/pep-0453/,3,3,0.0
url,https://peps.python.org/pep-0567/,3,3,0.0
url,https://peps.python.org/pep-0593/,3,3,0.0
url,https://peps.python.org/pep-0604/,3,3,0.0
url,https://peps.python.org/pep-0632/,3,3,0.0
url,https://peps.python.org/pep-0695/,3,3,0.0
url,https://peps.python.org/pep-0758/,3,3,0.0
url,https://peps.python.org/pep-0768/,3,5,0.0
url,https://peps.python.org/pep-0776/,3,3,0.0
url,https://peps.python.org/pep-3134/,3,3,0.0
url,https://py3c.readthedocs.io/en/latest/guide.html,3,3,0.0
url,https://setuptools.pypa.io/en/latest/setuptools.html,3,3,0.0
url,https://wiki.python.org/moin/PythonTestingToolsTaxonomy,3,3,0.0
url,https://www.britannica.com/science/permutation,3,3,0.0
url,https://www.cnri.reston.va.us/,3,3,0.0
url,https://www.python.org/doc/av/,3,3,0.0
url,https://www.python.org/downloads/source/,3,5,0.0
url,https://www.unicode.org/,3,3,0.0
url,https://www.unicode.org/reports/tr44/tr44-34.html#General_Category_Values,3,4,0.0
url,https://www.unicode.org/versions/Unicode16.0.0/core-spec/chapter-4/#G91002,3,4,0.0
url,http://www.java2s.com/Tutorial/Cpp/0380__set-multiset/Catalog0380__set-multiset.htm,2,2,0.0
url,https://bugzilla.mozilla.org/page.cgi?id=bug-writing.html,2,2,0.0
url,https://code.activestate.com/recipes/langs/python/,2,2,0.0
url,https://datatracker.ietf.org/doc/html/rfc1869.html,2,2,0.0
url,https://datatracker.ietf.org/doc/html/rfc2104.html,2,2,0.0
url,https://datatracker.ietf.org/doc/html/rfc5322.html,2,2,0.0
url,https://datatracker.ietf.org/doc/html/rfc9110.html,2,2,0.0
url,https://datatracker.ietf.org/doc/html/rfc9562.html#section-5.1,2,2,0.0
url,https://datatracker.ietf.org/doc/html/rfc9562.html#section-5.5,2,2,0.0
url,https://devguide.python.org/development-tools/clinic/,2,2,0.0
url,https://devguide.python.org/docquality/#helping-with-documentation,2,2,0.0
url,https://devguide.python.org/tracker/,2,3,0.0
url,https://docs.python.org/ja/3/archives/python-3.14-docs-html.tar.bz2,2,2,0.0
url,https://docs.python.org/ja/3/archives/python-3.14-docs-html.zip,2,7,0.0
url,https://docs.python.org/ko/3/archives/python-3.14-docs-html.zip,2,3,0.0
url,https://docs.python.org/pt-br/3/archives/python-3.14-docs-html.zip,2,3,0.0
