name,version,visitors
Windows,10,90910
Mac,10.15,32080
GNU/Linux,(not set),13296
Android,10,8766
iOS,18.7,3252
Ubuntu,(not set),3056
Chrome OS,14541.0,1348
iOS,26.2,812
Windows,XP,724
iOS,18.6,594
Android,16,506
Android,15,505
Mac,10.13,368
Android,13,330
Android,14,296
iOS,18.5,257
Android,12,246
Android,11,154
Windows,7,152
iOS,26.3,135
iOS,16.7,100
iOS,18.3,95
Android,9,89
iOS,26.1,72
HarmonyOS,(not set),59
iOS,17.6,59
HarmonyOS,3.0,57
iOS,18.4,56
(not set),(not set),54
iOS,14.0,53
iOS,15.8,50
iOS,18.1,44
iOS,18.0,37
HarmonyOS,2.2,37
iOS,17.5,30
iOS,26.0,26
Android,8.1,26
iOS,18.2,23
iPadOS,17.7,19
iOS,17.4,18
Windows,8.1,17
iOS,16.1,16
iOS,17.1,15
Android,6.0,15
Windows,8,15
Chrome OS,14816.131,14
iOS,16.6,14
iOS,17.3,13
Fire OS,8,12
Android,8.0,12
Windows,(not set),11
iOS,12.5,11
iOS,17.7,11
Android,5.1,11
Windows,Server 2003,11
iPadOS,16.2,10
Android,7.0,9
Mac,10.14,8
iOS,10.3,8
iPadOS,17.6,8
Android,7.1,8
iOS,15.6,7
iPadOS,15.8,7
iOS,16.0,7
iOS,16.3,7
iPadOS,17.5,7
Android,4.4,7
iOS,16.2,6
Mac,10.11,5
Mac,10.12,5
Mac,14.4,5
iOS,15.5,5
iOS,16.4,5
iPadOS,16.7,5
iOS,17.0,5
iOS,4.3,5
Fedora,(not set),4
Mac,10.10,3
iOS,15.1,3
Mac,15.7,3
iOS,16.5,3
iPadOS,17.4,3
Android,(not set),2
Android,10.1,2
Android TV,11,2
Android,11.0,2
Android,12.2,2
iOS,13.4,2
iPadOS,14.6,2
Chrome OS,14092.77,2
iOS,15.0,2
iOS,15.4,2
iOS,15.7,2
iPadOS,16.3,2
iPadOS,16.6,2
Android,4.3,2
Tizen,5.5,2
Fire OS,7,2
Windows,Vista,2
UOS,(not set),1
NetBSD,(not set),1
Mac,(not set),1
Raspberry Pi OS,(not set),1
iOS,11.0,1
Android,11.2,1
Chrome OS,12239.92,1
Mac,13.4,1
Chrome OS,13597.84,1
Chrome OS,13729.45,1
Mac,14.0,1
iOS,14.1,1
Mac,14.6,1
iOS,14.7,1
Mac,14.7,1
iOS,14.8,1
iPadOS,14.8,1
iOS,15.2,1
iOS,15.3,1
iPadOS,15.6,1
iOS,19.0,1
HarmonyOS,2.1,1
iOS,26.4,1
PlayStation,4.13,1
Android,5.0,1
PICO OS,5.12,1
iOS,9.1,1
Windows,NT,1
