name,visitors
São Paulo,384
Rio de Janeiro,119
Belo Horizonte,58
Curitiba,57
Brasília,57
Salvador,44
Recife,42
Fortaleza,35
Belém,33
Campinas,31
Goiânia,28
Porto Alegre,27
Uberlândia,24
Manaus,23
João Pessoa,22
Guarulhos,19
Florianópolis,18
Teresina,16
Natal,16
Santo André,16
Lisbon,14
Ribeirão Preto,14
Joinville,14
N/A,14
Vitória,13
Barueri,13
Luanda,12
Maringá,12
Cuiabá,12
Aracaju,12
Osasco,11
Jundiaí,11
São José dos Campos,10
Maricá,10
Sorocaba,9
Bauru,9
Juazeiro do Norte,8
Londrina,8
N/A,8
Vila Velha,7
Toledo,7
Nova Iguaçu,7
Marília,7
Cornélio Procópio,7
Chapecó,7
Carapicuíba,7
Campo Grande,7
Singapore,6
Coimbra,6
São Luís,6
Maceió,6
N/A,6
São Carlos,6
São Bernardo do Campo,6
Duque de Caxias,6
Cataguases,6
Blumenau,6
Rio Branco,6
Petrolina,5
Mossoró,5
São José dos Pinhais,5
Rondonópolis,5
Mogi das Cruzes,5
Limeira,5
Jaraguá do Sul,5
Itabira,5
Hortolândia,5
Franca,5
Belford Roxo,5
Araras,5
Palmas,5
N/A,5
Frankfurt am Main,4
Currais Novos,4
Campina Grande,4
Valinhos,4
Uberaba,4
Taubaté,4
Serra,4
São João de Meriti,4
São Caetano do Sul,4
Santos,4
Santa Cruz do Sul,4
Pontes e Lacerda,4
Paracambi,4
Luziânia,4
Juiz de Fora,4
Itapevi,4
Itajaí,4
Governador Valadares,4
Foz do Iguaçu,4
Diadema,4
Assis,4
Angra dos Reis,4
Anápolis,4
Boa Vista,4
Jaboatão dos Guararapes,4
N/A,4
Esmoriz,3
Piripiri,3
Paulista,3
Marechal Deodoro,3
Abaetetuba,3
Viçosa,3
Valença,3
Teófilo Otoni,3
São Vicente,3
São Leopoldo,3
São José do Rio Preto,3
São João del Rei,3
São Gonçalo,3
Piraquara,3
Pato Branco,3
Passo Fundo,3
Paranavaí,3
Palmares do Sul,3
Nova Friburgo,3
Niterói,3
Mauá,3
Madre de Deus,3
Jacareí,3
Itapira,3
Itabuna,3
Guarujá,3
Gravataí,3
Feira de Santana,3
Cotia,3
Conselheiro Lafaiete,3
Cascavel,3
N/A,3
Camaçari,3
Cajamar,3
Cachoeiro de Itapemirim,3
Cachoeiras de Macacu,3
Brusque,3
Betim,3
Araruama,3
Alegrete,3
Aparecida de Goiânia,3
Beira,2
Dhaka,2
Xi’an,2
Weifang,2
Guangzhou,2
Torres Vedras,2
Setúbal,2
Bissau,2
Reading,2
Vila Nova de Gaia,2
Paredes,2
Lousada,2
Guimarães,2
Braga,2
Maintal,2
N/A,2
N/A,2
Serra Talhada,2
N/A,2
N/A,2
Salinópolis,2
N/A,2
N/A,2
Macapá,2
N/A,2
Floriano,2
Exu,2
Benevides,2
Araguaína,2
Ananindeua,2
Afogados da Ingazeira,2
N/A,2
Votuporanga,2
Volta Redonda,2
Vinhedo,2
Várzea Paulista,2
N/A,2
Tubarão,2
Taboão da Serra,2
Sumaré,2
São Sebastião do Paraíso,2
São Marcos,2
São José do Rio Pardo,2
São Bento do Sul,2
Santa Rita do Sapucaí,2
Santa Maria,2
Santa Bárbara d'Oeste,2
Rio Grande da Serra,2
Rio das Ostras,2
Praia Grande,2
Porto Real do Colégio,2
Ponta Grossa,2
Piracicaba,2
Espírito Santo do Pinhal,2
Paulínia,2
Patos de Minas,2
Passos,2
N/A,2
Paratinga,2
N/A,2
Oliveira,2
Novo Hamburgo,2
Nilópolis,2
Nhandeara,2
Montes Claros,2
N/A,2
Linhares,2
N/A,2
Jandira,2
Jaguariúna,2
Ituiutaba,2
Itaúna,2
Itatiaia,2
Itajubá,2
Ipatinga,2
Ibirité,2
Guaratinguetá,2
N/A,2
N/A,2
Francisco Morato,2
N/A,2
Embu,2
Dourados,2
Divinópolis,2
Diamantina,2
Concórdia,2
Catanduva,2
Canoas,2
Cachoeira do Sul,2
N/A,2
Cabo Frio,2
Bom Jesus do Itabapoana,2
Arujá,2
Araranguá,2
N/A,2
Americana,2
Alfenas,2
Porto Velho,2
Iranduba,2
San Miguel de Tucumán,2
N/A,2
N/A,2
Pinhais,2
N/A,2
N/A,2
N/A,2
N/A,2
N/A,2
Baghdad,1
Giza,1
Maputo,1
Colombo,1
Taiyuan,1
Shanghai,1
Ningbo,1
Nantong,1
Loudi,1
Hefei,1
Yiwu,1
Beijing,1
Tokyo,1
N/A,1
Oeiras,1
Évora,1
Barreiro,1
Amadora,1
London,1
Zürich,1
Aveiro,1
Berlin,1
Dublin,1
Nantes,1
Krnov,1
União dos Palmares,1
Sobral,1
São Pedro do Piauí,1
N/A,1
São Gonçalo do Amarante,1
N/A,1
Santa Cruz do Capibaribe,1
N/A,1
Russas,1
Pinheiro,1
Pilar,1
Paulo Afonso,1
N/A,1
Parnamirim,1
N/A,1
Pacajus,1
Olinda,1
Oeiras,1
Nova Russas,1
Moreno,1
Maracanaú,1
Lajedo,1
Joaquim Nabuco,1
Itapagé,1
Cruz,1
Coremas,1
Ceará Mirim,1
Caucaia,1
