name,visitors,pageviews,bounce_rate,time_on_page,scroll_depth
/ko/3/faq/design.html,143,154,57,16,14
/ko/3.13/tutorial/index.html,98,196,39,79,64
/ko/3.13/library/idle.html,74,88,81,128,20
/ko/3/tutorial/index.html,68,110,48,58,59
/ko/3.13/library/intro.html,51,55,53,29,34
/ko/3.13/library/functions.html,44,55,78,81,42
/ko/3.13/installing/index.html,42,53,79,640,61
/ko/3.13/tutorial/errors.html,42,45,86,171,43
/ko/3.13/tutorial/interpreter.html,42,52,83,54,81
/ko/3/,40,59,28,14,76
/ko/3.13/library/argparse.html,39,43,77,684,18
/ko/3.13/library/index.html,38,45,63,16,27
/ko/3.13/library/stdtypes.html,36,54,92,407,36
/ko/dev/library/turtle.html,34,51,77,565,15
/ko/3.13/library/heapq.html,33,44,64,149,53
/ko/3.13/search.html,30,94,0,21,40
/ko/3.13/tutorial/introduction.html,29,46,100,222,56
/ko/3.13/library/turtle.html,24,25,71,166,11
/ko/3.13/,23,41,0,45,73
/ko/3.13/howto/sorting.html,23,28,67,821,42
/ko/3.13/reference/index.html,22,28,31,108,55
/ko/3/library/functions.html,22,86,55,562,41
/ko/3.13/tutorial/controlflow.html,21,27,75,135,50
/ko/3/search.html,19,44,0,34,42
/ko/3.13/library/collections.html,18,23,83,245,30
/ko/3.13/tutorial/appetite.html,18,25,0,28,89
/ko/3/tutorial/introduction.html,18,23,100,292,61
/ko/3.12/library/intro.html,17,17,44,40,64
/ko/3.13/library/itertools.html,17,20,79,1232,36
/ko/3.13/library/subprocess.html,16,18,79,217,26
/ko/3/tutorial/appetite.html,16,18,0,128,89
/ko/3.12/library/codecs.html,15,16,93,,3
/ko/3.13/library/venv.html,15,19,100,358,30
/ko/3.13/tutorial/inputoutput.html,15,18,100,1097,62
/ko/3/library/stdtypes.html,15,22,75,184,49
/ko/3.13/glossary.html,14,22,50,288,44
/ko/3.13/tutorial/datastructures.html,14,17,78,1937,41
/ko/3/tutorial/interpreter.html,14,27,100,123,80
/ko/3.13/library/math.html,13,18,62,742,40
/ko/3.13/library/pathlib.html,13,15,90,293,35
/ko/3.13/library/random.html,13,17,78,720,43
/ko/3.13/tutorial/classes.html,12,15,100,59,43
/ko/3.13/tutorial/modules.html,12,11,100,235,67
/ko/3.13/using/windows.html,12,14,73,159,47
/ko/3/library/uuid.html,12,12,92,8,74
/ko/3.13/library/asyncio-task.html,11,12,67,760,20
/ko/3.13/reference/import.html,11,11,90,1454,29
/ko/3.13/whatsnew/index.html,10,14,67,8,25
/ko/3/extending/extending.html,10,11,70,208,18
/ko/3/library/index.html,10,13,86,46,39
/ko/3/tutorial/controlflow.html,10,18,100,130,54
/ko/3.13/library/asyncio.html,9,10,50,27,78
/ko/3.13/library/csv.html,9,13,57,434,49
/ko/3.13/library/exceptions.html,9,10,83,370,32
/ko/3.13/tutorial/stdlib.html,9,11,0,226,69
/ko/3.13/howto/urllib2.html,8,9,86,1020,44
/ko/3.13/library/ctypes.html,8,8,100,,31
/ko/3.13/library/json.html,8,11,78,5,17
/ko/3.13/library/struct.html,8,14,86,406,55
/ko/3.13/library/xml.etree.elementtree.html,8,10,67,482,26
/ko/3.13/tutorial/stdlib2.html,8,11,100,169,82
/ko/3.13/tutorial/venv.html,8,9,0,69,85
/ko/3/reference/lexical_analysis.html,8,8,100,,47
/ko/3/tutorial/,8,11,43,75,62
/ko/3/tutorial/datastructures.html,8,10,100,437,65
/ko/3.13/library/multiprocessing.html,7,7,60,298,19
/ko/3.13/library/string.html,7,7,100,5,38
/ko/3.13/whatsnew/3.13.html,7,7,0,19,21
/ko/3/reference/,7,10,71,12,55
/ko/3.13/howto/logging.html,6,7,60,582,45
/ko/3.13/howto/regex.html,6,6,83,65,24
/ko/3.13/library/logging.html,6,6,100,,36
/ko/3.13/library/os.html,6,9,75,431,36
/ko/3.13/library/pickle.html,6,9,60,12,11
/ko/3.13/library/threading.html,6,7,75,104,27
/ko/3.13/reference/datamodel.html,6,8,100,97,32
/ko/3.13/tutorial/whatnow.html,6,7,0,10,84
/ko/3/reference/expressions.html,6,6,100,247,71
/ko/dev/library/idle.html,6,9,83,52,47
/ko/3.13/index.html,5,9,0,5,82
/ko/3.13/library/re.html,5,5,50,484,42
/ko/3.13/reference/lexical_analysis.html,5,4,0,6,28
/ko/3.14/tutorial/index.html,5,10,50,71,44
/ko/3/index.html,5,5,50,49,86
/ko/3/library/configparser.html,5,5,75,121,61
/ko/3/tutorial/modules.html,5,5,0,2020,43
/ko/3/using/windows.html,5,5,80,140,5
/ko/3.12/library/typing.html,4,4,100,1077,51
/ko/3.12/using/windows.html,4,4,100,,10
/ko/3.13/howto/sockets.html,4,4,100,,52
/ko/3.13/howto/unicode.html,4,5,67,16,59
/ko/3.13/library/asyncio-protocol.html,4,7,50,794,24
/ko/3.13/library/datetime.html,4,6,67,361,68
/ko/3.13/library/pdb.html,4,5,100,53,46
/ko/3.13/library/queue.html,4,5,33,84,86
/ko/3.13/reference/expressions.html,4,4,100,,48
/ko/3.13/tutorial/,4,4,0,22,78
/ko/3.13/tutorial/floatingpoint.html,4,4,100,8,81
/ko/3/contents.html,4,4,0,8,2
/ko/3/extending/embedding.html,4,4,100,,80
