name,unique_exits,total_exits,exit_rate
/es/3/tutorial/,532,570,
/es/3/tutorial/interpreter.html,137,142,
/es/3/tutorial/introduction.html,122,128,
/es/3/tutorial/index.html,121,129,
/es/3/library/tkinter.html,119,125,
/es/3.15/using/windows.html,115,119,
/es/3/tutorial/appetite.html,90,94,
/es/3/tutorial/controlflow.html,90,104,
/es/3/tutorial/datastructures.html,86,92,
/es/3/library/index.html,83,90,
/es/3/library/functions.html,78,82,
/es/3/tutorial/classes.html,73,78,
/es/3/,65,70,
/es/3.13/library/tkinter.html,62,64,
/es/3.14/tutorial/index.html,58,60,
/es/3/tutorial/venv.html,56,57,
/dev/using/windows.html,53,54,
/es/3/library/idle.html,47,48,
/3/,41,42,
/es/3/library/stdtypes.html,41,42,
/es/3/library/re.html,33,34,
/es/3.14/library/functions.html,32,36,
/es/3/library/csv.html,32,35,
/es/3.14/tutorial/introduction.html,30,33,
/es/3.14/,29,29,
/es/3/installing/index.html,29,29,
/es/3/library/venv.html,29,29,
/es/3.12/tutorial/index.html,28,30,
/es/3/library/math.html,28,29,
/es/3/tutorial/errors.html,27,28,
/es/3.14/tutorial/interpreter.html,26,26,
/es/3/library/argparse.html,25,26,
/es/3/contents.html,22,24,
/es/3/search.html,22,24,
/es/3/library/random.html,21,23,
/es/3/tutorial/inputoutput.html,21,22,
/es/3.14/library/stdtypes.html,20,23,
/es/3.14/search.html,20,20,
/es/3/tutorial/modules.html,20,23,
/3/tutorial/index.html,18,19,
/es/3.13/tutorial/datastructures.html,18,18,
/es/3.13/tutorial/index.html,17,19,
/es/3.14/tutorial/appetite.html,17,17,
/es/3/library/datetime.html,17,17,
/es/3/howto/logging.html,16,16,
/es/3/howto/sorting.html,16,19,
/es/3/library/json.html,16,17,
/es/3.13/library/datetime.html,15,15,
/es/3.13/library/idle.html,15,15,
/es/3.13/library/index.html,15,18,
/es/3/using/windows.html,15,15,
/es/3.12/tutorial/classes.html,14,15,
/es/3.14/glossary.html,14,16,
/es/3.14/tutorial/controlflow.html,14,14,
/es/3.13/library/tk.html,13,13,
/es/3/glossary.html,13,13,
/es/3/howto/regex.html,13,14,
/es/3/library/shutil.html,13,14,
/es/3/library/string.html,13,14,
/es/3/library/pathlib.html,12,12,
/es/3/library/sqlite3.html,12,11,
/es/3/using/cmdline.html,12,11,
/3/tutorial/,11,10,
/es/3.13/tutorial/errors.html,11,11,
/es/3.13/tutorial/interpreter.html,11,11,
/es/3.14/library/index.html,11,11,
/es/3/library/asyncio.html,11,10,
/es/3/library/turtle.html,11,12,
/es/3/library/base64.html,10,10,
/es/3/reference/lexical_analysis.html,10,10,
/3/library/functions.html,9,10,
/3/library/idle.html,9,9,
/3/library/stdtypes.html,9,12,
/3/library/tkinter.html,9,8,
/3/whatsnew/3.14.html,9,9,
/es/3.13/library/functions.html,9,13,
/es/3.13/tutorial/inputoutput.html,9,9,
/es/3.13/tutorial/introduction.html,9,9,
/es/3.13/using/windows.html,9,10,
/es/3/genindex-Símbolos.html,9,9,
/es/3/library/functools.html,9,9,
/es/3/library/statistics.html,9,9,
/es/dev/using/windows.html,9,9,
/es/3.12/tutorial/appetite.html,8,8,
/es/3.13/library/__main__.html,8,8,
/es/3.13/library/array.html,8,8,
/es/3.13/library/re.html,8,8,
/es/3.13/tutorial/,8,9,
/es/3.13/tutorial/classes.html,8,9,
/es/3.14/tutorial/,8,8,
/es/3.14/using/windows.html,8,8,
/es/3/howto/argparse.html,8,10,
/es/3/library/typing.html,8,8,
/es/3/library/xml.etree.elementtree.html,8,8,
/es/3/whatsnew/3.14.html,8,8,
/3/tutorial/errors.html,7,7,
/es/3.13/installing/,7,7,
/es/3.13/tutorial/venv.html,7,7,
/es/3.14/library/sqlite3.html,7,8,
/es/3.14/library/tkinter.html,7,8,
