name,unique_exits,total_exits,exit_rate
/3.12/,391,418,
/3.12/tutorial/index.html,217,235,
/3.12/whatsnew/3.12.html,199,209,
/3.12/using/windows.html,190,200,
/3.12/library/functions.html,128,136,
/3.12/library/stdtypes.html,110,118,
/3.12/index.html,84,91,
/3.12/library/2to3.html,78,80,
/3.12/tutorial/,70,71,
/3.12/library/datetime.html,61,67,
/3.12/library/typing.html,61,62,
/3.12/library/,58,58,
/3/,47,47,
/zh-cn/3.12/using/mac.html,46,48,
/3.12/search.html,42,43,
/3.12/library/exceptions.html,40,42,
/3.12/library/os.html,38,38,
/3.12/download.html,37,39,
/3.12/tutorial/interpreter.html,36,37,
/3.12/library/tkinter.html,35,39,
/3.12/library/index.html,34,36,
/3.12/library/random.html,32,34,
/zh-cn/3.12/library/multiprocessing.html,31,34,
/3.12/tutorial/controlflow.html,30,38,
/3.12/tutorial/introduction.html,30,31,
/3.12/library/telnetlib.html,28,28,
/3.12/library/re.html,26,27,
/3.12/library/pathlib.html,24,25,
/3.12/library/itertools.html,23,24,
/3.12/library/logging.html,23,23,
/zh-cn/3.12/library/functions.html,23,23,
/3.12/glossary.html,22,23,
/3.12/tutorial/datastructures.html,22,26,
/3.12/installing/index.html,21,22,
/ja/3.12/library/codecs.html,21,21,
/zh-cn/3.12/,21,21,
/zh-cn/3.12/tutorial/index.html,21,23,
/3.12/library/multiprocessing.html,19,20,
/es/3.12/tutorial/index.html,19,18,
/3.12/library/asyncio-task.html,18,19,
/3.12/library/os.path.html,18,18,
/3.12/library/turtle.html,18,18,
/3.12/py-modindex.html,17,17,
/3.12/library/math.html,16,19,
/zh-cn/3.12/library/logging.html,16,16,
/3.12/library/argparse.html,15,17,
/3.12/library/time.html,15,15,
/ko/3.12/library/codecs.html,15,16,
/zh-cn/3.12/library/stdtypes.html,15,16,
/3.12/contents.html,14,15,
/3.12/library/subprocess.html,14,14,
/3.12/reference/compound_stmts.html,14,14,
/3.12/reference/index.html,14,17,
/3.12/tutorial/appetite.html,14,16,
/3.12/using/index.html,14,14,
/3/library/typing.html,14,14,
/zh-cn/3.12/download.html,14,16,
/zh-cn/3.12/library/heapq.html,14,15,
/zh-cn/3.12/library/index.html,14,14,
/3.13/,13,12,
/zh-cn/3.12/library/venv.html,13,13,
/3.12/library/pipes.html,12,15,
/3.12/library/ssl.html,12,14,
/3.12/tutorial/venv.html,12,12,
/3.12/whatsnew/changelog.html,12,17,
/uk/3.12/library/turtle.html,12,12,
/zh-cn/3.12/index.html,12,14,
/zh-cn/3.12/library/turtle.html,12,13,
/3.12/library/concurrent.futures.html,11,11,
/3.12/library/csv.html,11,11,
/3.12/reference/datamodel.html,11,12,
/zh-cn/3.12/library/threading.html,11,11,
/zh-cn/3.12/tutorial/controlflow.html,11,11,
/zh-cn/3.12/tutorial/datastructures.html,11,11,
/3.12/library/asyncio.html,10,10,
/3.12/library/audioop.html,10,11,
/3.12/library/sys.html,10,10,
/3.13/using/windows.html,10,10,
/3/library/functions.html,10,12,
/es/3.12/tutorial/interpreter.html,10,10,
/zh-cn/3.12/library/typing.html,10,10,
/zh-cn/3.12/using/,10,10,
/zh-cn/3.12/whatsnew/3.12.html,10,10,
/3.12/library/collections.html,9,9,
/3.12/library/dataclasses.html,9,12,
/3.12/library/enum.html,9,10,
/3.12/library/json.html,9,9,
/3.12/library/threading.html,9,10,
/3.12/library/venv.html,9,9,
/3.12/whatsnew/index.html,9,9,
/3/library/itertools.html,9,9,
/zh-cn/3.12/library/asyncio-eventloop.html,9,9,
/zh-cn/3.12/library/asyncio-runner.html,9,9,
/zh-cn/3.12/library/subprocess.html,9,10,
/zh-cn/3.12/search.html,9,9,
/zh-cn/3.12/using/windows.html,9,9,
/3.12/howto/perf_profiling.html,8,8,
/3.12/library/dis.html,8,8,
/3.12/library/functools.html,8,8,
/3.12/library/shutil.html,8,8,
