name,visitors
China,2646
Japan,1613
United States,799
India,496
France,390
South Korea,300
Ukraine,247
Germany,218
Singapore,209
Brazil,190
Vietnam,188
United Kingdom,168
Russian Federation,166
Hong Kong,158
Mexico,98
Spain,94
Canada,91
Taiwan,85
Colombia,61
Poland,57
Argentina,56
Italy,56
Netherlands,52
Switzerland,40
Czechia,39
Indonesia,39
Belgium,33
Australia,32
Ecuador,31
Pakistan,31
Nigeria,30
Peru,29
Morocco,28
Chile,27
Iran,26
Malaysia,26
Turkey,26
Denmark,25
Israel,23
Greece,22
Philippines,21
Venezuela,20
South Africa,20
Austria,19
Bangladesh,18
Dominican Republic,18
Finland,17
Portugal,17
Sweden,17
Thailand,17
Kenya,16
United Arab Emirates,14
Uzbekistan,14
Norway,13
Romania,13
Saudi Arabia,13
Bolivia,12
Hungary,12
Belarus,11
Algeria,11
Cameroon,10
Slovakia,10
Costa Rica,9
Iraq,9
Kazakhstan,9
Egypt,8
Ireland,8
Myanmar,8
New Zealand,8
Angola,7
Burkina Faso,7
Bulgaria,7
Côte d'Ivoire,7
Cuba,7
Ghana,7
Paraguay,7
Serbia,7
Azerbaijan,6
Guatemala,6
Sri Lanka,6
Nepal,6
Rwanda,6
Slovenia,6
"Congo, The Democratic Republic of the",5
Jordan,5
Lithuania,5
Senegal,5
Yemen,5
Cyprus,4
Latvia,4
Réunion,4
Burundi,3
Djibouti,3
Estonia,3
Georgia,3
Honduras,3
Lebanon,3
Moldova,3
Madagascar,3
Panama,3
Puerto Rico,3
El Salvador,3
Tunisia,3
Tanzania,3
Uganda,3
Uruguay,3
Bosnia and Herzegovina,2
Brunei Darussalam,2
Gabon,2
Croatia,2
Haiti,2
Iceland,2
Jamaica,2
Saint Lucia,2
Lesotho,2
Mongolia,2
Macao,2
Mauritius,2
Nicaragua,2
Qatar,2
Togo,2
Tajikistan,2
Trinidad and Tobago,2
Zimbabwe,2
Armenia,1
Benin,1
Cabo Verde,1
Isle of Man,1
Cambodia,1
Kuwait,1
Malta,1
Malawi,1
Namibia,1
Seychelles,1
Sudan,1
Somalia,1
Zambia,1
