name,visitors,bounce_rate,visit_duration
Direct / None,1806,72,183
google.com,1589,76,122
es.python.org,143,54,232
bing.com,127,73,187
python.org,91,0,458
search.brave.com,71,86,40
chatgpt.com,33,80,311
duckduckgo.com,27,84,74
translations.python.org,24,21,196
savio.utb.edu.co,21,50,642
gemini.google.com,15,64,450
aulasvirtuales.unimet.edu.ve,8,50,1007
app.aluracursos.com,6,83,0
react-app-python-runner.vercel.app,6,83,6
android-app://com.google.android.googlequicksearchbox,5,100,127
aulasciclos2526.castillalamancha.es,5,80,95
educaciodigital.cat,5,67,361
escuela.pontia.tech,5,60,322
github.com,5,80,192
campus2026.unahur.edu.ar,4,100,0
co.search.yahoo.com,4,75,100
es.search.yahoo.com,4,75,6
facebook.com,4,100,0
moodle.insjoaquimmir.cat,4,75,319
tecvi2.itmerida.mx,4,100,0
udemy.com,4,100,10
campus141.unad.edu.co,3,67,17
campus142.unad.edu.co,3,0,52
cvdof.ucm.es,3,50,7
d2l.ibero.mx,3,100,0
ecosia.org,3,100,0
m.baidu.com,3,100,0
moodle.upm.es,3,67,18
moodle2526.edu.uloyola.es,3,33,295
perplexity.ai,3,0,210
plataforma.itdurango.edu.mx,3,33,282
statics.teams.cdn.office.net,3,75,391
wiki.python.org,3,0,348
anahuaconline.brightspace.com,2,50,26
arangoya.net,2,50,250
aules.edu.gva.es,2,100,58
campus110.unad.edu.co,2,100,0
eaula.ing.una.py,2,100,0
educacionadistancia.juntadeandalucia.es,2,100,0
efdeq.online,2,0,8
formacion.bancar.org.ar,2,50,24
formacion.intef.es,2,100,0
freecodecamp.org,2,100,0
github.com/Asabeneh/30-Days-Of-Python/blob/master/02_Day_Variables_builtin_functions/02_variables_builtin_functions.md,2,0,550
github.com/mouredev/Hello-Python,2,0,290
mx.search.yahoo.com,2,100,0
notebooklm.google.com,2,100,0
notion.so,2,100,0
online.calamoycran.com,2,100,0
roadmap.sh,2,0,284
unisallevirtual.lasalle.edu.co,2,100,0
view.genially.com,2,100,0
view.genially.com/697fc1da28a05f495e95fe37,2,50,396
wiki.python.org.ar,2,50,120
www3.gobiernodecanarias.org,2,100,0
127.0.0.1,1,100,0
academia-x.com,1,0,5
alejrot.github.io,1,100,0
app.thepowermba.com,1,100,0
assignments.onenote.com,1,0,1571
aulasvirtuales.bue.edu.ar,1,100,0
aulavirtual36.educa.madrid.org,1,100,0
automatetheboringstuff.com,1,0,0
baidu.com,1,100,0
baidu.com/link,1,100,0
bloomberg.github.io,1,0,23
canva.com,1,0,11
classroom.google.com,1,100,0
cms.unir.net,1,0,0
colegio-bourbaki.com,1,0,36
docs.astral.sh,1,0,978
dola.com,1,100,0
edu.gdeba.gba.gob.ar,1,100,0
edube.org,1,0,25
ellibrodepython.com,1,0,13
fpadistancia.edu.xunta.gal,1,100,0
freecodecamp.org/espanol/news/python-decorador-property,1,100,0
geekflare.com,1,0,1817
google.co.uk,1,0,121
google.com.co,1,100,0
google.com.mx,1,100,0
hablemospython.dev,1,0,94
indoamerica.instructure.com,1,0,34
interactivechaos.com,1,100,0
inventwithpython.com,1,0,24
mclibre.org,1,0,241
moodle-campusvirtualmexico.s3.amazonaws.com,1,0,338
nextgeeker.com,1,0,426
pythongym.com,1,100,0
sicap.inegi.org.mx,1,100,0
skilio.com,1,100,0
sphinx-doc.org/en/master/usage/configuration.html,1,0,916
statics.teams.cdn.office.net.mcas.ms,1,0,84
study.sberuniversity.online,1,0,539
ueslearning.ues.mx,1,100,0
unisabanae-learning.unisabana.edu.co,1,100,0
utm-cdn-labcontenidos-htfaarehf2gcfycs.a01.azurefd.net,1,100,0
view.genially.com/68540d08db13ce7dbd6b49e7,1,100,0
