name,unique_exits,total_exits,exit_rate
/3.14/whatsnew/3.14.html,615,631,
/3.14/,226,226,
/3.14/using/windows.html,177,181,
/3.14/tutorial/index.html,140,139,
/3/,110,110,
/3.13/,37,37,
/3.14/library/index.html,28,30,
/3.14/search.html,28,31,
/3.14/whatsnew/changelog.html,23,24,
/3.14/index.html,22,22,
/3.14/tutorial/interpreter.html,22,23,
/zh-cn/3.14/whatsnew/3.14.html,22,22,
/3.13/whatsnew/3.13.html,21,21,
/3.14/tutorial/controlflow.html,21,22,
/3.14/library/stdtypes.html,20,24,
/3.14/reference/compound_stmts.html,20,21,
/3.13/tutorial/index.html,19,19,
/3.14/tutorial/introduction.html,19,22,
/3.14/download.html,18,18,
/zh-cn/3.14/tutorial/index.html,18,18,
/3.13/using/windows.html,16,15,
/3.14/glossary.html,16,16,
/3.14/installing/index.html,16,16,
/3.14/tutorial/,16,16,
/zh-cn/3.14/,16,16,
/3.14/tutorial/appetite.html,15,16,
/3/whatsnew/3.13.html,15,15,
/3.14/library/multiprocessing.html,13,13,
/3.14/py-modindex.html,12,12,
/3.14/whatsnew/3.13.html,11,12,
/3.14/whatsnew/index.html,11,11,
/3.14/library/functions.html,10,10,
/3/library/index.html,10,10,
/zh-cn/3.14/whatsnew/,10,10,
/3.14/c-api/index.html,9,9,
/3.14/library/typing.html,9,9,
/3.14/using/index.html,9,9,
/zh-cn/3.14/tutorial/introduction.html,9,9,
/3.14/library/annotationlib.html,8,9,
/3.14/library/exceptions.html,8,8,
/3.14/library/idle.html,8,8,
/3.14/library/os.html,8,8,
/3.14/reference/index.html,8,9,
/3/tutorial/index.html,8,8,
/zh-cn/3.14/index.html,8,8,
/zh-cn/3.14/library/functions.html,8,8,
/zh-cn/3.14/tutorial/classes.html,8,8,
/zh-cn/3.14/whatsnew/3.13.html,8,8,
/3.13/search.html,7,7,
/3.14/reference/datamodel.html,7,7,
/3.12/,6,6,
/3.13/index.html,6,6,
/3.14/c-api/type.html,6,6,
/3.14/copyright.html,6,6,
/3.14/deprecations/index.html,6,6,
/3.14/distributing/index.html,6,6,
/3.14/extending/index.html,6,6,
/3.14/genindex.html,6,6,
/3.14/howto/index.html,6,6,
/3.14/library/argparse.html,6,7,
/3.14/library/functools.html,6,7,
/3.14/license.html,6,6,
/ja/3.14/tutorial/index.html,6,6,
/pt-br/3.14/tutorial/index.html,6,8,
/zh-cn/3.14/library/stdtypes.html,6,6,
/zh-cn/3.14/tutorial/controlflow.html,6,6,
/zh-cn/3.14/tutorial/inputoutput.html,6,6,
/3.14/about.html,5,5,
/3.14/bugs.html,5,5,
/3.14/faq/index.html,5,5,
/3.14/tutorial/datastructures.html,5,5,
/3.14/using/cmdline.html,5,5,
/3/library/functions.html,5,5,
/3/library/idle.html,5,5,
/3/search.html,5,5,
/ja/3.14/library/index.html,5,5,
/ja/3.14/whatsnew/3.14.html,5,5,
/ko/3.14/tutorial/index.html,5,5,
/zh-cn/3.14/download.html,5,5,
/zh-cn/3.14/library/random.html,5,6,
/zh-cn/3.14/tutorial/modules.html,5,5,
/zh-cn/3/library/index.html,5,5,
/zh-tw/3.14/whatsnew/index.html,5,5,
/3.13/library/stdtypes.html,4,4,
/3.14/contents.html,4,4,
/3.14/library/asyncio-eventloop.html,4,4,
/3.14/library/asyncio-graph.html,4,4,
/3.14/library/concurrent.futures.html,4,4,
/3.14/library/datetime.html,4,4,
/3.14/library/http.server.html,4,4,
/3.14/library/itertools.html,4,4,
/3.14/library/sys.html,4,4,
/3.14/library/uuid.html,4,4,
/3/download.html,4,4,
/3/library/stdtypes.html,4,4,
/3/license.html,4,4,
/fr/3.14/tutorial/interpreter.html,4,4,
/ja/3.14/tutorial/interpreter.html,4,4,
/zh-cn/3.13/,4,4,
/zh-cn/3.14/contents.html,4,4,
