name,visitors
China,3721
Japan,2118
India,1538
United States,1485
Brazil,874
South Korea,744
France,650
Taiwan,605
Mexico,468
Russian Federation,461
Hong Kong,401
Spain,399
Germany,374
Ukraine,351
Singapore,306
Colombia,277
Argentina,270
United Kingdom,243
Peru,199
Chile,195
Poland,171
Iran,158
Vietnam,156
Italy,154
Canada,147
Australia,144
Indonesia,138
Turkey,130
Netherlands,120
Egypt,100
Venezuela,94
Malaysia,89
Nigeria,87
Philippines,86
Switzerland,80
South Africa,79
Ecuador,78
Thailand,73
Kenya,72
Morocco,71
Pakistan,71
Bangladesh,67
Nepal,67
Israel,63
Czechia,61
Saudi Arabia,58
Portugal,54
Belgium,53
Algeria,51
Sweden,51
Bolivia,49
United Arab Emirates,46
Dominican Republic,42
Sri Lanka,39
Austria,34
Costa Rica,34
Ghana,34
Hungary,33
Iraq,32
Tunisia,32
Côte d'Ivoire,31
Greece,31
Guatemala,31
Romania,30
New Zealand,28
Uzbekistan,27
Ireland,25
Kazakhstan,25
Myanmar,24
Ethiopia,23
El Salvador,23
Bulgaria,21
Paraguay,21
Honduras,20
Norway,20
Serbia,20
Angola,19
Panama,19
Uruguay,19
Cameroon,18
Denmark,17
Belarus,16
Cuba,16
Croatia,16
Azerbaijan,15
"Congo, The Democratic Republic of the",15
Finland,14
Uganda,14
Lithuania,13
Slovakia,13
Tanzania,13
Jordan,12
Kuwait,12
Macao,12
Nicaragua,12
Kyrgyzstan,10
Rwanda,10
Syria,10
Benin,9
Botswana,9
Georgia,9
Cambodia,9
Moldova,9
Slovenia,9
Burkina Faso,8
Senegal,8
Tajikistan,8
Congo,7
Lebanon,7
Libya,7
Mozambique,7
"Palestine, State of",7
Qatar,7
Réunion,7
Trinidad and Tobago,7
Oman,6
Somalia,6
Gabon,5
Guinea,5
Haiti,5
Mali,5
Mongolia,5
Namibia,5
Puerto Rico,5
Yemen,5
Albania,4
Bosnia and Herzegovina,4
Bahrain,4
Estonia,4
Madagascar,4
Sierra Leone,4
Afghanistan,3
Armenia,3
Luxembourg,3
Latvia,3
North Macedonia,3
French Polynesia,3
Sudan,3
Zambia,3
Cyprus,2
Faroe Islands,2
French Guiana,2
Guadeloupe,2
Liberia,2
Malta,2
Papua New Guinea,2
Seychelles,2
South Sudan,2
Togo,2
Vanuatu,2
Kosovo,2
Zimbabwe,2
Burundi,1
Belize,1
Central African Republic,1
Cabo Verde,1
Djibouti,1
Gambia,1
Equatorial Guinea,1
Iceland,1
Cayman Islands,1
Laos,1
Mauritania,1
Mauritius,1
Maldives,1
Malawi,1
New Caledonia,1
