name,unique_exits,total_exits,exit_rate
/3.14/whatsnew/3.14.html,4404,4489,
/3.14/using/windows.html,2711,2742,
/3.14/tutorial/index.html,1926,1962,
/3.14/,656,667,
/3.14/index.html,507,512,
/3/,407,407,
/dev/using/windows.html,279,273,
/3.14/tutorial/,263,264,
/zh-cn/3.14/whatsnew/3.14.html,220,227,
/3.14/tutorial/interpreter.html,213,217,
/zh-cn/3.14/,163,164,
/zh-cn/3.14/tutorial/index.html,142,145,
/3.14/tutorial/appetite.html,141,142,
/3.14/tutorial/introduction.html,125,130,
/3.14/search.html,119,122,
/3.14/library/index.html,99,103,
/3.14/tutorial/controlflow.html,92,97,
/3.14/library/functions.html,88,90,
/3/whatsnew/3.14.html,85,84,
/3.14/library/string.templatelib.html,80,80,
/zh-cn/3.14/tutorial/introduction.html,77,79,
/zh-cn/3.14/library/index.html,69,69,
/zh-cn/3.14/library/functions.html,68,70,
/3.14/library/stdtypes.html,67,69,
/zh-cn/3.14/tutorial/interpreter.html,67,68,
/3.14/glossary.html,65,68,
/3.14/installing/index.html,64,66,
/zh-cn/3.14/tutorial/controlflow.html,64,75,
/3.14/using/mac.html,62,62,
/3/using/windows.html,62,61,
/3.14/download.html,61,62,
/zh-cn/3.14/using/windows.html,60,61,
/zh-cn/3.14/search.html,57,61,
/es/3.14/,55,54,
/zh-cn/3.14/library/stdtypes.html,55,56,
/zh-cn/3.14/whatsnew/,54,55,
/3.15/,52,52,
/3/library/functions.html,48,47,
/zh-cn/3.14/download.html,47,47,
/3/tutorial/index.html,45,45,
/zh-cn/3.14/installing/index.html,44,43,
/3.14/tutorial/datastructures.html,43,43,
/3.14/library/idle.html,42,43,
/3/search.html,40,41,
/zh-cn/3.14/tutorial/datastructures.html,40,41,
/zh-cn/3.14/using/mac.html,39,39,
/zh-cn/3.14/index.html,38,38,
/zh-cn/3.14/using/index.html,38,38,
/3/library/index.html,37,37,
/es/3.14/tutorial/index.html,37,37,
/3.13/,36,37,
/3/library/idle.html,36,35,
/es/3.14/search.html,36,38,
/3.14/tutorial/classes.html,34,34,
/3.14/using/index.html,33,33,
/3.14/reference/index.html,32,33,
/zh-cn/3.14/glossary.html,32,35,
/es/3.14/library/functions.html,31,33,
/fr/3.14/,31,32,
/3.14/whatsnew/changelog.html,30,30,
/pt-br/3.14/,30,30,
/3/library/stdtypes.html,29,28,
/3.14/library/concurrent.interpreters.html,28,28,
/3.14/using/cmdline.html,28,29,
/3.14/reference/compound_stmts.html,27,27,
/3.14/library/compression.zstd.html,26,26,
/3.14/using/unix.html,26,26,
/zh-cn/3.14/howto/free-threading-python.html,26,26,
/zh-cn/3.14/tutorial/classes.html,26,24,
/3.14/py-modindex.html,24,25,
/3/library/tkinter.html,24,24,
/3.14/library/concurrent.futures.html,23,25,
/ko/3.14/whatsnew/3.14.html,23,23,
/zh-cn/3.14/tutorial/appetite.html,23,23,
/zh-cn/3.14/tutorial/,22,22,
/3.12/,21,23,
/3.14/library/typing.html,21,21,
/pt-br/3.14/tutorial/index.html,21,21,
/3.14/contents.html,20,20,
/3.14/reference/datamodel.html,20,20,
/3/tutorial/,20,19,
/es/3.14/tutorial/introduction.html,20,20,
/ko/3.14/tutorial/datastructures.html,20,21,
/ko/3.14/whatsnew/index.html,20,20,
/zh-cn/3.14/py-modindex.html,20,20,
/zh-cn/3.14/tutorial/errors.html,20,21,
/3.14/library/string.html,19,19,
/3.14/library/tkinter.html,19,20,
/fr/3.14/search.html,19,19,
/pt-br/3.14/search.html,19,19,
/3.14/tutorial/venv.html,18,18,
/3/tutorial/datastructures.html,18,19,
/es/3.14/library/index.html,18,18,
/zh-cn/3.14/reference/lexical_analysis.html,18,18,
/zh-cn/3.14/tutorial/modules.html,18,19,
/3.14/library/uuid.html,17,17,
/3.14/reference/lexical_analysis.html,17,17,
/3/tutorial/controlflow.html,17,17,
/3/tutorial/introduction.html,17,17,
/zh-cn/3.14/contents.html,17,18,
