name,visitors,bounce_rate,visit_duration
Direct / None,886054,99,7
Google,2390,85,46
python.org,1449,83,31
docs.python.org,616,78,79
Bing,238,92,23
GitHub,158,89,68
devguide.python.org,157,75,51
DuckDuckGo,143,83,77
Yandex,109,90,15
Brave,76,83,85
chatgpt.com,66,81,45
boot.dev,62,92,27
docs.astral.sh,52,79,28
netacad.com,49,98,0
pypi.org,43,84,68
discuss.python.org,39,78,55
udemy.com,36,100,0
packaging.python.org,33,70,35
realpython.com,30,84,77
bits.logic.inc,26,88,15
s3.eu-west-1.amazonaws.com,24,78,122
typing.python.org,24,75,52
cs50.readthedocs.io,18,94,2
Microsoft Teams,17,94,21
nesbitt.io,17,88,8
codecademy.com,15,100,0
cs50.harvard.edu,14,93,104
kagi.com,14,57,47
moodle.taltech.ee,14,93,31
Perplexity,13,76,365
docs.sqlalchemy.org,13,100,0
openclassrooms.com,13,86,52
Ecosia,12,83,40
psycopg.org,12,92,1
Wikipedia,11,67,380
flake8rules.com,9,67,93
lucas.codesquad.kr,9,75,169
Yahoo!,8,89,24
claude.ai,8,75,59
edube.org,8,100,0
metanit.com,8,92,6
python-poetry.org,8,62,199
Reddit,7,71,251
automatetheboringstuff.com,7,86,27
elearn.epam.com,7,86,57
habr.com,7,75,5
medium.com,7,86,15
mypy-lang.org,7,57,5
notebooks.githubusercontent.com,7,100,0
setuptools.pypa.io,7,71,4
Youtube,6,83,6
docs.snowflake.com,6,100,0
numpydoc.readthedocs.io,6,100,0
pipenv.pypa.io,6,50,213
Facebook,5,100,0
Qwant,5,100,0
adora-xu.com,5,80,0
codeit.kr,5,100,0
datacamp.com,5,60,404
docs.pytorch.org,5,80,69
doubao.com,5,100,0
hackerrank.com,5,100,0
infoworld.com,5,80,303
learn.microsoft.com,5,100,0
link.zhihu.com,5,100,0
mypy.readthedocs.io,5,80,1
numpy.org,5,80,255
LinkedIn,4,75,4
Naver,4,100,0
copilot.com,4,25,68
docs.brew.sh,4,100,0
nicholashairs.com,4,100,0
pdm-project.org,4,50,9
pymysql.readthedocs.io,4,75,1054
qiita.com,4,25,16
ru.hexlet.io,4,100,0
uvirtual.usach.cl,4,100,0
wsgi.readthedocs.io,4,100,0
zmxtools.readthedocs.io,4,100,0
asgi.readthedocs.io,3,100,0
blog.csdn.net,3,100,0
coderivers.org,3,100,0
ellibrodepython.com,3,67,440
fiserv.udemy.com,3,100,0
fishc.com.cn,3,100,0
freecodecamp.org,3,100,0
google.github.io,3,100,0
link.csdn.net,3,100,0
link.juejin.cn,3,67,95
lms.ithillel.ua,3,100,0
olymp.mega.itmo.ru,3,67,2
palletsprojects.com,3,100,0
pylint.readthedocs.io,3,100,0
python.p2hp.com,3,67,10
pythonic-exam.com,3,100,0
pythoninsider.blogspot.com,3,100,0
qianwen.com,3,100,0
rha.ole.redhat.com,3,67,4
typing-extensions.readthedocs.io,3,100,0
Amazon,2,100,0
Hacker News,2,100,0
StackOverflow,2,100,0
Telegram,2,100,0
akshare.akfamily.xyz,2,100,0
apscheduler.readthedocs.io,2,100,0
bernsteinbear.com,2,100,0
bits.linode.com,2,100,0
bottlepy.org,2,100,0
byroot.github.io,2,67,10
cdatajira.atlassian.net,2,100,0
code.alibaba-inc.com,2,50,358
codefinity.com,2,100,0
colab.google,2,100,0
commitizen-tools.github.io,2,100,0
confluence.jnj.com,2,100,0
confluence.shopee.io,2,100,0
courses.funix.edu.vn,2,100,0
cursos.alura.com.br,2,100,0
cython.readthedocs.io,2,100,0
dcp.ubs.net,2,100,0
dicoding.com,2,50,6
docs.micropython.org,2,100,0
docs.pydantic.dev,2,100,0
docs.python-guide.org,2,50,28
docs.qtile.org,2,100,0
docs.sqlfluff.com,2,100,0
docs.telethon.dev,2,100,0
docutils.sourceforge.io,2,50,110
dpbl.wordpress.com,2,100,0
duckdb.org,2,100,0
faes.instructure.com,2,100,0
flake8.pycqa.org,2,100,0
futurelearn.com,2,100,0
gaussian-goodman.tistory.com,2,100,0
gem5.org,2,100,0
gihyo.jp,2,50,11
ialbluwi.github.io,2,100,0
jacobcoffee.github.io,2,50,9
jakevdp.github.io,2,75,210
jessica-miles.medium.com,2,50,74
johnoraw-education.gitbook.io,2,100,0
kimwoolina.tistory.com,2,100,0
knowledge.aisna.com,2,100,0
lmarena.ai,2,100,0
my.sky.pro,2,100,0
namu.wiki,2,100,0
openstax.org,2,100,0
otus.ru,2,100,0
pages.github.pie.apple.com,2,50,13
panel.cs50x.ir,2,100,0
pep8.org,2,100,0
pip.pypa.io,2,50,32
posit-workbench-datalabs.lb.prod.aavs.ns2p.corp.hmrc.gov.uk,2,100,0
pycode.ru,2,100,0
pydevtools.com,2,50,201
pysteps.readthedocs.io,2,100,0
python-academy.org,2,100,0
python-notes.curiousefficiency.org,2,67,387
pythonwheels.com,2,100,0
safe.search.brave.com,2,50,76
sberuniversity.online,2,100,0
search.avastbrowser.com,2,67,717
softserve.academy,2,100,0
stash.sigma.sbrf.ru,2,100,0
substack,2,100,0
tcsglobal.udemy.com,2,100,0
til.simonwillison.net,2,100,0
trio.readthedocs.io,2,100,0
tutti.prod.bloomberg.com,2,100,0
ultra.edu.kuleuven.cloud,2,100,0
user.ocl.open.ac.uk,2,100,0
velog.io,2,100,0
werkzeug.palletsprojects.com,2,100,0
wiki.ms.com,2,100,0
wiki.osii.com,2,100,0
192.168.68.200,1,100,0
52north.github.io,1,100,0
Gmail,1,100,0
Instagram,1,0,6
NotANumber,1,100,0
Securitylab.ru,1,100,0
Shenma,1,100,0
Slack,1,100,0
academy.hackthebox.com,1,100,0
adfed.saint-gobain.com,1,100,0
ai8py.com,1,100,0
aisearch.sogou.com,1,100,0
allthings.how,1,100,0
alura.com.br,1,100,0
ambersuncreates.com,1,100,0
anikevicius.lt,1,100,0
api.arcade.academy,1,100,0
app.quantic.edu,1,100,0
aprendepython.es,1,100,0
architecture.arcgis.com,1,100,0
athena.jpmchase.net,1,100,0
attrs.org,1,100,0
aulavirtual.uji.es,1,100,0
automaticaddison.com,1,100,0
bamboo.geekuni.com,1,100,0
bbgithub.dev.bloomberg.com,1,100,0
beartype.readthedocs.io,1,100,0
bitbucket.org,1,100,0
black.readthedocs.io,1,100,0
blog.python.org,1,100,0
bmo.atlassian.net,1,100,0
boisgera.github.io,1,0,2
brc-word-edit.officeapps.live.com,1,100,0
brevzin.github.io,1,100,0
brightspace.tudelft.nl,1,100,0
bugs.python.org,1,100,0
buildsoftwaresystems.com,1,0,2
bytedance.us.larkoffice.com,1,100,0
c.yadro.com,1,100,0
carnets.info,1,100,0
cc-github.bmwgroup.net,1,100,0
ccsf-math-108.github.io,1,0,2
cdn3.gnarususercontent.com.br,1,100,0
chat.mistral.ai,1,100,0
chattpt.transperfect.com,1,100,0
chazf.medium.com,1,100,0
cheatography.com,1,100,0
christian-schou.dk,1,100,0
cibuildwheel.pypa.io,1,100,0
cloudnativeengineer.substack.com,1,100,0
cms.unir.net,1,100,0
cnblogs.com,1,100,0
code-basics.com,1,100,0
code.byted.org,1,100,0
code.s3.yandex.net,1,100,0
codecademy-enterprise.percipio.com,1,100,0
codegenes.net,1,100,0
codescan.verisk.com,1,100,0
cognite-extractor-utils.readthedocs-hosted.com,1,100,0
community.sonatype.com,1,0,179
confluence.apps.union-investment.de,1,100,0
confluence.datev.de,1,100,0
confluence.lesta.group,1,100,0
confluence.terrapower.com,1,100,0
confluence.wolterskluwer.io,1,100,0
confluence.work.gs.com,1,100,0
connect.ebulux.lu,1,100,0
context7.com,1,100,0
contributors.scala-lang.org,1,100,0
copier.readthedocs.io,1,100,0
copilot.microsoft.com,1,100,0
cours25-26.ut-capitole.fr,1,100,0
courses.baobabplatform.org,1,100,0
courses.campus.gov.il,1,100,0
courses.edx.org,1,100,0
courses.fit.cvut.cz,1,100,0
cwjgfm21di.feishu.cn,1,100,0
dafoster.net,1,100,0
daniel-odc.github.io,1,100,0
data-bird.co,1,100,0
data-for-korean-students.tistory.com,1,100,0
death.andgravity.com,1,100,0
degreed.com,1,100,0
dev-discuss.pytorch.org,1,100,0
digicampus.fi,1,100,0
directviz.udemy.com,1,100,0
discordpy.readthedocs.io,1,100,0
dnmtechs.com,1,100,0
docs.ansible.com,1,100,0
docs.chainer.org,1,100,0
docs.deepmodeling.com,1,100,0
docs.netskope.com,1,100,0
docs.paic.com.cn,1,100,0
docs.ray.io,1,100,0
docs.renovatebot.com,1,100,0
docs.ros.org,1,100,0
dublog.net,1,100,0
elearn.nsysu.edu.tw,1,0,0
endler.dev,1,0,13
endoflife.date,1,100,0
enghub.gs.com,1,100,0
engineering.fb.com,1,0,47
evaluation.woa.com,1,100,0
event.on24.com,1,100,0
evernote.com,1,100,0
excel-ubara.com,1,100,0
fkong.tech,1,100,0
flit.pypa.io,1,100,0
flyaps.com,1,100,0
fortierq.github.io,1,100,0
forum.tocode.co.il,1,100,0
fullstackpython.com,1,100,0
gabrielgomes61320.medium.com,1,100,0
gale.udemy.com,1,100,0
gall.dcinside.com,1,100,0
geo-python-site.readthedocs.io,1,100,0
getcracked.io,1,100,0
gh.asml.com,1,100,0
github.sec.samsung.net,1,100,0
glue.tidyverse.org,1,100,0
go.skillbox.ru,1,100,0
graphite.com,1,100,0
habr-com.cdn.ampproject.org,1,100,0
hacker-news.firebaseio.com,1,100,0
hackingnote.com,1,100,0
