name,unique_entrances,total_entrances,visit_duration
/3/,10,10,153
/tr/3/installing/index.html,7,7,0
/tr/3.13/tutorial/index.html,5,7,468
/3/tutorial/index.html,4,4,700
/tr/3.13/using/windows.html,4,5,51
/tr/3/tutorial/index.html,4,4,38
/3.13/using/windows.html,3,3,500
/tr/3/,3,3,97
/tr/3/tutorial/inputoutput.html,3,3,1
/3.13/tutorial/index.html,2,2,48
/tr/3.13/,2,2,3
/tr/3.13/search.html,2,2,0
/tr/3.13/tutorial/appetite.html,2,2,73
/tr/3.13/tutorial/datastructures.html,2,2,2
/tr/3.13/tutorial/interpreter.html,2,2,0
/tr/3.13/tutorial/introduction.html,2,2,44
/3.12/,1,1,441
/3/c-api/index.html,1,1,104
/3/download.html,1,1,95
/3/library/index.html,1,1,594
/3/library/markup.html,1,1,672
/3/library/math.html,1,1,111
/3/library/shutil.html,1,1,1384
/3/library/stdtypes.html,1,1,47
/3/tutorial/,1,1,1012
/3/tutorial/controlflow.html,1,1,159
/pt-br/3.13/,1,1,243
/tr/3.12/tutorial/controlflow.html,1,2,0
/tr/3.13/c-api/index.html,1,1,0
/tr/3.13/library/email.html,1,1,9
/tr/3.13/library/functions.html,1,1,0
/tr/3.13/library/math.html,1,1,144
/tr/3.13/reference/index.html,1,1,0
/tr/3.13/tutorial/controlflow.html,1,1,0
/tr/3.13/tutorial/modules.html,1,1,403
/tr/3.13/tutorial/stdlib.html,1,1,40
/tr/3.13/using/cmdline.html,1,1,0
/tr/3.14/tutorial/introduction.html,1,1,0
/tr/3/glossary.html,1,1,0
/tr/3/library/datetime.html,1,1,0
/tr/3/library/turtle.html,1,1,148
/tr/3/reference/datamodel.html,1,1,0
/tr/3/search.html,1,1,21
/tr/3/tutorial/datastructures.html,1,1,0
/tr/3/tutorial/introduction.html,1,1,0
/tr/3/using/ios.html,1,1,0
