name,unique_entrances,total_entrances,visit_duration
/es/3/tutorial/,309,321,204
/es/3.13/tutorial/index.html,292,303,162
/es/3.13/library/tkinter.html,188,190,105
/3/,160,160,358
/es/3/tutorial/index.html,151,159,145
/es/3.13/tutorial/venv.html,91,93,20
/es/3.13/library/index.html,86,91,163
/es/3.13/tutorial/datastructures.html,78,80,104
/es/3.13/tutorial/classes.html,69,71,47
/es/3.13/library/functions.html,65,70,37
/es/3.13/,57,59,128
/es/3.13/library/math.html,57,66,305
/es/3.13/tutorial/errors.html,56,62,122
/es/3/,54,56,88
/es/3/tutorial/appetite.html,53,53,302
/es/3.13/installing/index.html,52,52,109
/es/3.13/tutorial/introduction.html,51,52,368
/es/3.13/tutorial/appetite.html,50,56,132
/es/3.13/tutorial/interpreter.html,50,55,161
/es/3.13/library/stdtypes.html,49,55,143
/es/3.13/library/idle.html,45,45,25
/es/3/tutorial/interpreter.html,45,46,98
/es/3.13/tutorial/controlflow.html,44,50,188
/es/3.13/library/re.html,43,48,157
/es/3/tutorial/introduction.html,42,44,288
/es/3/library/stdtypes.html,39,41,139
/es/3.13/library/datetime.html,38,38,86
/es/3.13/tutorial/modules.html,37,39,105
/es/3/library/functions.html,36,38,146
/es/3.13/library/tk.html,35,35,304
/es/3/tutorial/datastructures.html,35,39,3
/es/3/library/index.html,34,34,369
/es/3.13/search.html,33,36,135
/es/3/tutorial/controlflow.html,30,32,76
/es/3.13/library/turtle.html,29,33,160
/es/3.13/tutorial/inputoutput.html,29,29,78
/es/3/library/argparse.html,29,29,41
/es/3.13/library/venv.html,28,29,90
/es/3/library/tkinter.html,28,29,105
/es/3.13/library/random.html,26,26,3
/es/3.13/library/string.html,26,28,14
/es/3/library/random.html,25,26,106
/es/dev/tutorial/controlflow.html,24,26,204
/3/tutorial/index.html,23,23,358
/es/3.13/reference/import.html,21,21,22
/es/3.13/using/windows.html,21,23,10
/3.13/tutorial/index.html,19,19,622
/es/3.13/howto/logging.html,19,19,22
/3.13/using/windows.html,18,18,99
/es/3.13/library/tkinter.ttk.html,18,19,131
/es/3.13/using/editors.html,18,18,5
/es/3/library/asyncio.html,18,19,262
/es/3/tutorial/venv.html,18,18,11
/3/library/idle.html,17,17,284
/3/library/tkinter.html,17,17,152
/es/3.13/glossary.html,17,17,1
/es/3/tutorial/classes.html,17,18,71
/es/3.13/library/__main__.html,16,16,58
/es/3.13/tutorial/,16,18,136
/es/3/installing/index.html,16,16,3
/es/3/library/json.html,16,17,0
/es/3.13/library/collections.html,15,15,118
/es/3/tutorial/errors.html,15,16,11
/es/3.13/howto/regex.html,14,14,1
/es/dev/tutorial/,14,14,11
/es/3/library/statistics.html,13,13,151
/3.13/tutorial/,12,13,200
/es/3.13/library/csv.html,12,12,26
/es/3/library/datetime.html,12,12,2
/es/3.13/library/array.html,11,11,155
/es/3/genindex-Símbolos.html,11,11,3
/es/3/glossary.html,11,12,31
/es/3/tutorial/inputoutput.html,11,11,762
/3/library/csv.html,10,11,355
/3/library/functions.html,10,10,117
/3/library/random.html,10,10,50
/3/tutorial/,10,10,869
/3/tutorial/modules.html,10,10,693
/es/3/faq/windows.html,10,10,7
/es/3/library/decimal.html,10,10,57
/es/3/library/math.html,10,11,0
/es/3/library/re.html,10,11,0
/3.15/,9,9,238
/3/library/turtle.html,9,9,568
/es/3.13/howto/sorting.html,9,10,29
/es/3.13/library/operator.html,9,9,2
/es/3.13/library/subprocess.html,9,9,83
/es/3/library/csv.html,9,9,68
/es/3/library/idle.html,9,9,6
/es/3/reference/expressions.html,9,9,0
/3/search.html,8,8,397
/es/3.13/contents.html,8,8,9
/es/3.13/library/,8,8,738
/es/3.13/library/asyncio-task.html,8,8,0
/es/3.13/library/shutil.html,8,8,0
/es/3.13/library/xml.etree.elementtree.html,8,8,690
/es/3.13/reference/compound_stmts.html,8,8,5
/es/3.13/reference/index.html,8,8,406
/es/3/library/exceptions.html,8,8,44
/es/3/library/venv.html,8,9,4
/es/3/using/cmdline.html,8,8,328
/es/dev/library/tkinter.ttk.html,8,8,19
/3.13/index.html,7,7,244
/3/library/logging.html,7,7,805
/3/library/stdtypes.html,7,7,874
/3/library/venv.html,7,7,210
/3/library/xml.etree.elementtree.html,7,7,656
/es/3.13/library/smtplib.html,7,7,9
/es/3.13/reference/executionmodel.html,7,7,12
/es/3/contents.html,7,7,19
/es/3/library/string.html,7,8,193
/es/3/reference/index.html,7,7,0
/es/3/search.html,7,7,22
/es/dev/library/zlib.html,7,7,3
/3/tutorial/errors.html,6,6,786
/3/using/windows.html,6,6,216
/es/3.13/library/abc.html,6,6,4
/es/3.13/library/pickle.html,6,6,22
/es/3.13/library/pprint.html,6,6,70
/es/3.13/library/sqlite3.html,6,6,0
/es/3.13/library/sys.html,6,6,9
/es/3.13/py-modindex.html,6,7,1
/es/3.13/reference/datamodel.html,6,6,17
/es/3/library/functools.html,6,6,22
/es/dev/tutorial/datastructures.html,6,6,527
/3.13/,5,5,427
/3.13/tutorial/appetite.html,5,5,1962
/3.13/whatsnew/3.13.html,5,5,805
/3/howto/logging.html,5,5,658
/3/library/dataclasses.html,5,5,180
/3/library/datetime.html,5,5,115
/3/library/unittest.html,5,5,627
/3/tutorial/introduction.html,5,5,1151
/es/3.12/library/functions.html,5,5,0
/es/3.12/tutorial/index.html,5,6,0
/es/3.13/howto/sockets.html,5,5,0
/es/3.13/howto/unicode.html,5,5,0
/es/3.13/index.html,5,5,56
/es/3.13/library/doctest.html,5,5,14
/es/3.13/using/index.html,5,5,4
/es/3/howto/logging.html,5,5,0
/es/3/library/base64.html,5,5,56
/es/3/library/enum.html,5,5,0
/es/3/reference/compound_stmts.html,5,6,7
/es/dev/library/typing.html,5,5,0
/es/dev/using/windows.html,5,5,349
/3.12/tutorial/,4,4,305
/3.13/search.html,4,4,1282
/3/library/copy.html,4,4,46
/3/library/sqlite3.html,4,4,581
/3/library/urllib.html,4,4,21
/3/whatsnew/3.13.html,4,4,542
/es/3.13/genindex.html,4,4,94
/es/3.13/library/copy.html,4,4,0
/es/3.13/library/filesys.html,4,4,69
/es/3.13/library/ftplib.html,4,4,102
/es/3.13/library/imaplib.html,4,4,0
/es/3.13/library/intro.html,4,5,616
/es/3.13/library/os.html,4,4,681
/es/3.13/library/readline.html,4,4,264
/es/3.13/reference/lexical_analysis.html,4,4,0
/es/3.13/tutorial/stdlib.html,4,4,0
/es/3/index.html,4,4,492
/es/3/library/,4,4,149
/es/3/library/asyncio-stream.html,4,4,483
/es/3/library/calendar.html,4,4,0
/es/3/library/filesys.html,4,4,254
/es/3/library/socket.html,4,4,0
/es/3/library/textwrap.html,4,4,0
/es/3/library/tk.html,4,4,45
/es/3/library/unittest.html,4,4,2
/es/3/tutorial/modules.html,4,4,247
/es/3/using/windows.html,4,5,22
/es/3/whatsnew/3.5.html,4,4,0
/es/dev/library/abc.html,4,4,0
/es/dev/library/math.html,4,4,1013
/es/dev/library/threading.html,4,4,0
/es/dev/library/xml.etree.elementtree.html,4,4,9
/3.12/,3,3,320
/3/installing/index.html,3,3,136
/3/library/__main__.html,3,3,9
/3/library/argparse.html,3,3,582
/3/library/asyncio-task.html,3,3,140
/3/library/collections.html,3,3,425
/3/library/configparser.html,3,3,0
/3/library/heapq.html,3,3,248
/3/library/index.html,3,3,732
/3/library/pathlib.html,3,3,468
/3/library/socket.html,3,3,14
/3/library/tk.html,3,3,609
/3/py-modindex.html,3,3,428
/3/tutorial/appetite.html,3,3,331
/3/tutorial/controlflow.html,3,3,722
/3/tutorial/datastructures.html,3,3,640
/3/tutorial/interpreter.html,3,3,600
/es/3.12/,3,3,414
/es/3.12/library/index.html,3,3,1
/es/3.13/howto/curses.html,3,4,0
/es/3.13/library/asyncio-eventloop.html,3,3,0
/es/3.13/library/cmd.html,3,3,81
/es/3.13/library/concurrent.futures.html,3,3,0
/es/3.13/library/dialog.html,3,3,43
/es/3.13/library/difflib.html,3,4,782
/es/3.13/library/ensurepip.html,3,3,37
/es/3.13/library/glob.html,3,3,0
/es/3.13/library/http.server.html,3,3,9
/es/3.13/library/importlib.html,3,3,0
/es/3.13/library/logging.html,3,3,0
/es/3.13/library/profile.html,3,3,0
/es/3.13/library/tracemalloc.html,3,3,0
/es/3.13/library/urllib.html,3,3,40
/es/3.13/library/winsound.html,3,3,0
/es/3.13/library/zipfile.html,3,3,14
/es/3.13/reference/simple_stmts.html,3,3,0
/es/3.13/whatsnew/3.13.html,3,3,22
/es/3.14/tutorial/index.html,3,3,6
/es/3.14/tutorial/introduction.html,3,3,387
/es/3/faq/gui.html,3,3,0
/es/3/genindex-_.html,3,3,249
/es/3/library/os.html,3,3,188
/es/3/library/signal.html,3,3,22
/es/3/library/sqlite3.html,3,4,310
/es/3/library/time.html,3,3,9
/es/3/library/urllib.parse.html,3,3,32
/es/3/library/xml.dom.minidom.html,3,3,38
/es/3/py-modindex.html,3,3,972
/es/3/reference/import.html,3,3,143
/es/3/tutorial/appendix.html,3,3,0
/es/3/tutorial/stdlib.html,3,4,8
/es/3/using/index.html,3,3,71
/es/3/using/mac.html,3,3,5
/es/dev/howto/logging.html,3,3,0
/es/dev/library/tarfile.html,3,3,0
/3.13/library/,2,2,1184
/3.13/library/typing.html,2,2,1690
/3.13/tutorial/controlflow.html,2,2,1100
/3/howto/argparse.html,2,2,42
/3/library/,2,2,61
/3/library/builtins.html,2,2,58
/3/library/collections.abc.html,2,2,262
/3/library/difflib.html,2,2,154
/3/library/enum.html,2,2,706
/3/library/logging.handlers.html,2,2,382
/3/library/os.html,2,2,308
/3/library/re.html,2,2,184
/3/library/typing.html,2,2,1102
/3/reference/expressions.html,2,2,184
/3/reference/index.html,2,2,7
/3/reference/simple_stmts.html,2,2,3804
/es/3.12/c-api/long.html,2,2,0
/es/3.12/glossary.html,2,2,116
/es/3.12/library/datetime.html,2,2,246
/es/3.12/library/typing.html,2,2,0
/es/3.12/reference/lexical_analysis.html,2,2,561
/es/3.12/tutorial/introduction.html,2,2,0
/es/3.12/using/windows.html,2,2,0
/es/3.13/download.html,2,2,7
/es/3.13/library/bisect.html,2,2,0
/es/3.13/library/calendar.html,2,2,507
/es/3.13/library/concurrency.html,2,2,324
/es/3.13/library/configparser.html,2,2,0
/es/3.13/library/constants.html,2,2,0
/es/3.13/library/dataclasses.html,2,2,12
/es/3.13/library/datatypes.html,2,2,0
/es/3.13/library/exceptions.html,2,2,0
/es/3.13/library/heapq.html,2,2,0
/es/3.13/library/json.html,2,2,0
/es/3.13/library/logging.handlers.html,2,2,38
/es/3.13/library/pathlib.html,2,2,8
/es/3.13/library/pdb.html,2,2,0
/es/3.13/library/signal.html,2,2,0
/es/3.13/library/tkinter.colorchooser.html,2,2,0
/es/3.13/library/tkinter.font.html,2,2,456
/es/3.13/library/typing.html,2,2,524
/es/3.13/library/unittest.html,2,2,56
/es/3.13/library/zoneinfo.html,2,2,8
/es/3.13/reference/expressions.html,2,3,1
/es/3.13/reference/introduction.html,2,2,94
/es/3.13/tutorial/whatnow.html,2,2,0
/es/3.13/using/cmdline.html,2,2,0
/es/3.13/using/unix.html,2,2,0
/es/3.13/whatsnew/3.11.html,2,2,0
/es/3.13/whatsnew/changelog.html,2,2,154
/es/3.15/,2,2,4
/es/3.15/tutorial/index.html,2,2,12
/es/3.15/tutorial/interpreter.html,2,2,0
/es/3/c-api/buffer.html,2,3,16
/es/3/c-api/list.html,2,2,0
/es/3/genindex-R.html,2,2,654
/es/3/genindex.html,2,2,40
/es/3/howto/regex.html,2,2,0
/es/3/howto/sockets.html,2,2,0
/es/3/howto/sorting.html,2,2,594
/es/3/howto/unicode.html,2,2,11
/es/3/library/asyncio-queue.html,2,2,450
/es/3/library/asyncio-task.html,2,2,680
/es/3/library/datatypes.html,2,2,0
/es/3/library/distribution.html,2,2,296
/es/3/library/email.examples.html,2,2,0
/es/3/library/fcntl.html,2,2,286
