name,unique_exits,total_exits,exit_rate
/es/3.13/tutorial/index.html,268,279,
/es/3/tutorial/,250,255,
/es/3.13/library/tkinter.html,174,176,
/es/3/tutorial/index.html,128,135,
/es/3.13/tutorial/venv.html,92,94,
/es/3.13/library/index.html,89,94,
/es/3.13/tutorial/datastructures.html,75,76,
/es/3.13/library/functions.html,74,79,
/es/3/tutorial/introduction.html,68,71,
/es/3.13/tutorial/interpreter.html,67,72,
/es/3.13/tutorial/classes.html,64,66,
/es/3.13/library/stdtypes.html,62,68,
/es/3.13/library/math.html,58,68,
/es/3.13/search.html,58,61,
/es/3/tutorial/interpreter.html,58,59,
/es/3.13/,57,59,
/es/3.13/tutorial/introduction.html,57,58,
/es/3.13/tutorial/controlflow.html,56,63,
/es/3.13/installing/index.html,55,55,
/es/3.13/tutorial/errors.html,55,59,
/es/3/tutorial/appetite.html,52,51,
/3/,51,51,
/es/3.13/library/idle.html,51,51,
/es/3.13/tutorial/appetite.html,48,56,
/es/3/,47,49,
/es/3/tutorial/controlflow.html,46,48,
/es/3.13/library/re.html,44,48,
/es/3/library/stdtypes.html,40,42,
/es/3/library/functions.html,36,38,
/es/3.13/library/tk.html,35,35,
/es/3.13/tutorial/modules.html,35,38,
/es/3/library/tkinter.html,35,36,
/es/3/tutorial/datastructures.html,35,39,
/es/3.13/library/random.html,34,34,
/es/3/library/index.html,33,34,
/es/3.13/library/datetime.html,32,32,
/es/3.13/library/venv.html,32,33,
/es/3.13/using/windows.html,32,36,
/es/3.13/tutorial/inputoutput.html,29,29,
/es/3/library/argparse.html,29,29,
/es/3.13/library/string.html,27,28,
/es/3.13/library/turtle.html,27,32,
/es/3.13/glossary.html,25,25,
/es/dev/tutorial/controlflow.html,23,25,
/3/library/tkinter.html,22,22,
/es/3/library/random.html,21,23,
/es/3.13/howto/logging.html,20,20,
/es/3.13/library/tkinter.ttk.html,19,20,
/es/3.13/reference/import.html,19,19,
/es/3/tutorial/venv.html,18,18,
/es/3/library/json.html,17,18,
/es/3.13/howto/regex.html,16,16,
/es/3.13/tutorial/,16,17,
/es/3.13/using/editors.html,16,16,
/es/3/installing/index.html,16,16,
/es/3.13/library/__main__.html,15,16,
/es/3.13/library/csv.html,15,15,
/3/tutorial/index.html,14,14,
/es/3.13/library/collections.html,14,14,
/es/3/glossary.html,14,15,
/es/3/tutorial/classes.html,14,15,
/es/dev/tutorial/,13,13,
/3.13/tutorial/index.html,12,12,
/es/3/tutorial/errors.html,12,13,
/es/3.13/whatsnew/3.13.html,11,11,
/es/3/library/asyncio.html,11,12,
/es/3/library/statistics.html,11,11,
/es/3/search.html,11,11,
/es/3/tutorial/appendix.html,11,11,
/3/search.html,10,10,
/es/3.13/contents.html,10,10,
/es/3.13/library/array.html,10,10,
/es/3/faq/windows.html,10,10,
/es/3/genindex-Símbolos.html,10,10,
/es/3/library/datetime.html,10,10,
/es/3/library/decimal.html,10,10,
/es/3/library/idle.html,10,10,
/es/3/library/math.html,10,11,
/es/3/library/re.html,10,11,
/es/3/tutorial/inputoutput.html,10,10,
/es/3/using/cmdline.html,10,10,
/3/library/functions.html,9,9,
/3/library/idle.html,9,9,
/es/3.13/library/copy.html,9,9,
/es/3.13/library/operator.html,9,9,
/es/3/library/exceptions.html,9,9,
/es/3/library/venv.html,9,10,
/es/3/reference/expressions.html,9,9,
/es/3/reference/index.html,9,10,
/3.13/,8,8,
/3.13/using/windows.html,8,8,
/3/library/turtle.html,8,8,
/es/3.13/howto/sorting.html,8,9,
/es/3.13/library/asyncio-task.html,8,8,
/es/3.13/library/shutil.html,8,8,
/es/3.13/library/sqlite3.html,8,9,
/es/3.13/library/xml.etree.elementtree.html,8,8,
/es/3.13/py-modindex.html,8,9,
/es/3.13/reference/compound_stmts.html,8,8,
/es/3/library/csv.html,8,8,
