name,visitors
Chrome,101737
Microsoft Edge,24806
Firefox,17213
Safari,12742
Yandex Browser,2342
Mobile App,1962
Opera,1628
Samsung Browser,353
UC Browser,138
SberBrowser,135
vivo Browser,122
Brave,115
Huawei Browser Mobile,113
MIUI Browser,107
QQ Browser,101
Quark,101
Smart Lenovo Browser,87
(not set),58
QtWebEngine,36
Avast Secure Browser,34
Whale Browser,31
Sogou Explorer,25
Chromium,18
Opera Touch,17
AVG Secure Browser,15
Opera GX,11
Falkon,10
Ecosia,9
Huawei Browser,9
Mobile Silk,9
AdBlock Browser,8
Android Browser,8
Iron,7
Norton Private Browser,7
CCleaner,6
Atom,4
Phoenix Browser,4
DuckDuckGo Privacy Browser,3
Hi Browser,3
Kindle Browser,3
Pale Moon,3
SeaMonkey,3
Mypal,2
Notion,2
Oppo Browser,2
Soul Browser,2
115 Browser,1
Aloha Browser,1
JioSphere,1
Oculus Browser,1
Waterfox,1
