name,visitors,pageviews,bounce_rate,time_on_page,scroll_depth
/zh-tw/3/tutorial/index.html,162,188,50,49,47
/zh-tw/3.13/library/venv.html,86,88,91,27,30
/zh-tw/3.13/tutorial/index.html,60,67,36,43,62
/zh-tw/3/tutorial/interpreter.html,58,55,77,66,68
/zh-tw/dev/installing/index.html,56,57,76,58,65
/zh-tw/3/library/re.html,54,54,84,69,30
/zh-tw/3/tutorial/introduction.html,50,53,77,218,53
/zh-tw/3/tutorial/controlflow.html,49,53,67,131,25
/zh-tw/3.13/library/random.html,44,45,93,33,28
/zh-tw/3.13/installing/index.html,42,43,94,33,68
/zh-tw/3/howto/argparse.html,36,29,81,27,31
/zh-tw/3/tutorial/appetite.html,36,34,40,73,89
/zh-tw/3.13/tutorial/classes.html,35,33,93,42,42
/zh-tw/3/library/index.html,35,42,46,2684,32
/zh-tw/3.13/tutorial/interpreter.html,34,33,62,69,62
/zh-tw/3.13/tutorial/inputoutput.html,33,33,81,35,40
/zh-tw/3.13/library/os.path.html,32,30,81,30,43
/zh-tw/3.13/tutorial/datastructures.html,32,30,74,114,51
/zh-tw/3/library/random.html,31,36,70,36,30
/zh-tw/3.13/library/json.html,30,31,93,40,28
/zh-tw/3.13/library/pathlib.html,29,27,88,32,29
/zh-tw/3.13/tutorial/modules.html,28,32,75,51,42
/zh-tw/3.13/search.html,27,32,40,22,60
/zh-tw/3/howto/sorting.html,27,28,81,31,41
/zh-tw/3.13/,26,30,22,11,74
/zh-tw/3/library/stdtypes.html,26,28,62,25,19
/zh-tw/3.13/library/heapq.html,25,29,71,34,53
/zh-tw/3.13/tutorial/controlflow.html,25,20,67,337,30
/zh-tw/3.13/tutorial/errors.html,25,28,85,28,30
/zh-tw/3.13/library/functions.html,23,22,73,21,34
/zh-tw/3/library/functions.html,23,24,91,29,37
/zh-tw/3.13/library/csv.html,21,19,83,42,32
/zh-tw/dev/library/venv.html,21,19,88,23,35
/zh-tw/3.13/tutorial/appetite.html,20,18,50,75,79
/zh-tw/3/library/asyncio.html,20,22,71,25,69
/zh-tw/3/using/mac.html,20,20,68,88,58
/zh-tw/3.13/reference/index.html,19,21,50,17,54
/zh-tw/3.13/tutorial/floatingpoint.html,19,19,87,88,63
/zh-tw/3/library/heapq.html,19,20,88,45,43
/zh-tw/3/tutorial/,19,20,65,26,56
/zh-tw/3/tutorial/datastructures.html,19,14,67,79,45
/zh-tw/3.13/faq/windows.html,18,17,94,27,62
/zh-tw/3.13/howto/sorting.html,18,18,88,22,46
/zh-tw/3/tutorial/classes.html,18,21,82,32,43
/zh-tw/3.13/library/index.html,17,24,57,2004,34
/zh-tw/3/library/concurrent.futures.html,17,17,80,30,34
/zh-tw/3/tutorial/venv.html,17,19,79,120,58
/zh-tw/dev/library/os.path.html,17,16,69,37,46
/zh-tw/3.13/library/__main__.html,16,15,100,146,54
/zh-tw/3/library/pickle.html,16,16,93,10,16
/zh-tw/dev/library/csv.html,16,16,94,24,30
/zh-tw/3.13/index.html,15,15,75,8,80
/zh-tw/3.13/library/stdtypes.html,15,13,67,31,35
/zh-tw/3.13/library/string.html,15,13,90,37,48
/zh-tw/3/library/ast.html,15,13,100,30,24
/zh-tw/3/library/functools.html,15,16,100,51,30
/zh-tw/3.13/tutorial/venv.html,14,12,86,97,53
/zh-tw/3/tutorial/modules.html,14,11,33,170,39
/zh-tw/3.13/library/copy.html,13,14,100,31,72
/zh-tw/3.13/library/math.html,13,13,100,20,29
/zh-tw/3.13/tutorial/introduction.html,13,18,88,129,36
/zh-tw/3/faq/windows.html,13,11,100,27,55
/zh-tw/3.13/contents.html,12,13,50,13,2
/zh-tw/3.13/library/time.html,12,11,56,7,22
/zh-tw/3/library/queue.html,12,11,78,41,54
/zh-tw/3/tutorial/errors.html,12,12,100,3,39
/zh-tw/3.13/library/collections.html,11,13,70,15,31
/zh-tw/3.13/library/timeit.html,11,12,70,31,52
/zh-tw/3/library/datetime.html,11,9,86,83,93
/zh-tw/3/library/typing.html,11,12,56,106,34
/zh-tw/3.12/using/mac.html,10,10,71,50,76
/zh-tw/3.13/howto/sockets.html,10,9,100,148,46
/zh-tw/3.13/using/windows.html,10,9,0,27,29
/zh-tw/3/tutorial/inputoutput.html,10,8,75,258,54
/zh-tw/3.13/library/bisect.html,9,10,88,20,58
/zh-tw/3.13/library/operator.html,9,10,88,17,52
/zh-tw/3.13/using/mac.html,9,8,88,16,50
/zh-tw/3.13/whatsnew/3.13.html,9,8,100,10,28
/zh-tw/3/library/pdb.html,9,8,100,22,47
/zh-tw/3/library/unittest.mock.html,9,8,100,34,44
/zh-tw/3/search.html,9,18,0,20,51
/zh-tw/3.13/faq/general.html,8,7,40,36,54
/zh-tw/3.13/library/html.parser.html,8,9,83,12,38
/zh-tw/3.13/library/threading.html,8,10,75,31,5
/zh-tw/3.13/library/urllib.request.html,8,7,57,41,19
/zh-tw/3/,8,10,33,13,97
/zh-tw/3/index.html,8,8,100,13,88
/zh-tw/3/library/array.html,8,9,86,21,66
/zh-tw/3/library/collections.html,8,7,83,25,30
/zh-tw/3/library/venv.html,8,7,100,181,34
/zh-tw/3/reference/index.html,8,11,0,19,66
/zh-tw/3.13/library/asyncio.html,7,11,67,10,83
/zh-tw/3.13/library/itertools.html,7,8,83,19,27
/zh-tw/3.13/library/uuid.html,7,6,100,120,53
/zh-tw/3.13/tutorial/,7,10,0,13,52
/zh-tw/3/glossary.html,7,8,0,27,61
/zh-tw/3/library/exceptions.html,7,6,100,25,43
/zh-tw/3.12/whatsnew/3.12.html,6,6,0,17,36
/zh-tw/3.13/library/ftplib.html,6,4,67,17,54
/zh-tw/3.13/library/tkinter.font.html,6,8,50,7,82
