name,visitors,bounce_rate,visit_duration
Direct / None,21001,67,163
google.com,5305,79,207
python.org,1095,67,263
baidu.com/link,202,80,174
google.com.hk,184,80,199
m.baidu.com,166,84,47
bing.com,145,71,581
cn.bing.com,104,78,296
codecademy.cn,51,65,83
chatgpt.com,49,86,183
duckduckgo.com,44,25,467
baidu.com,31,75,116
search.yahoo.co.jp,31,80,45
search.brave.com,20,0,523
ecosia.org,17,100,38
classroom.google.com,15,83,234
google.co.jp,15,73,6
l.threads.com,13,92,0
statics.teams.cdn.office.net,13,78,447
yandex.ru,13,100,633
wiki.python.org,12,0,786
qiita.com,11,50,528
cs50.harvard.edu,10,0,301
note.nkmk.me,9,0,654
python.org/downloads/release/python-3137,8,75,26
udemy.com,8,100,550
doubao.com,7,100,240
github.com,7,100,420
peps.python.org,7,100,100
netacad.com,6,100,129
python.it,6,25,256
bth-python.github.io,5,67,95
link.zhihu.com,5,100,354
plataforma-beta.coderhouse.com,5,80,0
purdue.brightspace.com,5,40,185
cvdof.ucm.es,4,50,300
google.com.tw,4,50,37
pip.pypa.io/en/stable/installation,4,0,112
python.p2hp.com,4,0,356
127.0.0.1,3,75,571
capytale2.ac-paris.fr,3,0,2310
elearning.fh-joanneum.at,3,67,315
formacion.bancar.org.ar,3,100,0
google.co.kr,3,100,0
google.com.ua,3,67,3
google.it,3,82,260
hatenablog-parts.com,3,100,61
opencsg.com,3,67,11
perplexity.ai,3,50,22
perso.esiee.fr,3,0,4005
pythonmorsels.com,3,100,0
s3.cri.epita.fr,3,0,16953
untref-edd.github.io,3,67,189
youtube.com,3,0,594
android-app://com.google.android.googlequicksearchbox,2,50,409
atenea.upc.edu,2,50,572
aulavirtual.ingenieria.usac.edu.gt,2,100,0
bgithub.xyz,2,100,0
buelearning.hkbu.edu.hk,2,0,1166
cainiaojc.com,2,0,0
claude.ai,2,100,0
cn.pythonlikeyoumeanit.com,2,0,8
codecademy.cn/tutorial/python,2,100,0
cookiecutter.readthedocs.io/en/latest/installation.html,2,0,2108
copilot.microsoft.com,2,50,1260
courses.concordia.ab.ca,2,100,0
en.wikipedia.org,2,0,322
facebook.com,2,100,0
github.com/Kanaries/pygwalker/issues/670,2,100,0
github.com/ansys/pydpf-core/issues/2636,2,100,0
google.co.uk,2,50,126
google.fr,2,100,3
higpt.hisense.com,2,0,125
huggingbody.com,2,100,0
intranet.hbtn.io,2,0,16
jupyter.org,2,0,45
laughing-garbanzo-q79p64945gpxc46jx.github.dev,2,100,0
m.baidu.com/from=1001703a/bd_page_type=1/ssid=0/uid=0/pu=usm%400%2Csz%401320_1001%2Cta%40iphone_2_15.0_18_40.9/baiduid=3ACCB5AC92BA0701110D4BAA9676E770/w=0_10_/t=iphone/l=1/tc,2,50,54
m.baidu.com/from=1001703a/bd_page_type=1/ssid=0/uid=0/pu=usm%400%2Csz%401320_1001%2Cta%40iphone_2_8.1_18_10.9/baiduid=85330A4DE4D3874DDB0F392BE9391E7A/w=0_10_/t=iphone/l=1/tc,2,50,22
m.baidu.com/from=1019311v/bd_page_type=1/ssid=0/uid=0/pu=usm%400%2Csz%401320_1001%2Cta%40iphone_2_15.0_19_26.3/baiduid=A0DA0818D0C7AAFD1735BA7A8045AA2E/w=0_10_/t=iphone/l=1/tc,2,100,0
m.baidu.com/from=1019311v/bd_page_type=1/ssid=0/uid=0/pu=usm%400%2Csz%401320_1001%2Cta%40iphone_2_15.0_19_26.4/baiduid=390E674F57CF373630A513BC8F84C921/w=0_10_/t=iphone/l=1/tc,2,100,0
m.baidu.com/from=1020681k/bd_page_type=1/ssid=0/uid=0/pu=usm%405%2Csz%401320_1001%2Cta%40iphone_2_15.0_18_40.10/baiduid=68B2A7E64CDFD999D55C1053E5F0967E/w=0_10_/t=iphone/l=1/tc,2,0,106
m.baidu.com/from=1023341n/bd_page_type=1/ssid=0/uid=0/pu=usm%400%2Csz%401320_1001%2Cta%40ins_2_15.0_18_/baiduid=33FF8E20F09E3A00A5C61EC8E22CB0E8/w=0_10_/t=zbios/l=1/tc,2,100,0
m.baidu.com/from=844b/bd_page_type=1/ssid=0/uid=0/pu=usm%400%2Csz%401320_220%2Cta%40iphone___28_5.1/baiduid=0DC98083475D2777E882A19431D10B32/w=0_10_/t=iphone/l=1/tc,2,100,0
m.baidu.com/s,2,100,0
moodle.royalholloway.ac.uk,2,100,0
networkx.org,2,0,182
notion.so,2,100,0
ntp.msn.com,2,100,18
numpy.org,2,0,673
opennet.ru,2,50,8
pygame.org,2,0,103
pypi.org,2,0,433
python.org/search,2,0,38
qwant.com,2,0,1426
roadmap.sh,2,0,786
rtu.udev.lv,2,50,4
search.gaming-house.net/serp,2,0,1128
search.yahoo.com,2,0,2670
sphinx-doc.org/en/master/usage/builders/index.html,2,0,920
v18.teachermate.cn,2,100,0
wdi.centralesupelec.fr,2,0,1688
websearch.rakuten.co.jp,2,100,0
wiki.freecad.org,2,0,818
wmonteiro-ai.github.io,2,0,394
aigc.sankuai.com,1,0,1296
app.certidevs.com,1,0,25
app.codesignal.com,1,0,23
app.codica.la/courses/python_basics_course/lessons/stdlib/theory_unit,1,100,0
app.simplenote.com,1,0,895
bitcamp.ge,1,0,1245
blackboard.soton.ac.uk,1,0,0
bookstack.cn/read/scrapy-v1.0.5/10.md,1,0,1908
boot.dev,1,0,34
brc-word-edit.officeapps.live.com,1,100,0
byhy.net,1,0,14
bytedance.feishu.cn,1,100,0
campus.masterd.es,1,0,0
canvas.bham.ac.uk,1,0,990
canvas.bham.ac.uk/courses/83845/pages/lm-slash-li-software-workshop-i,1,0,2744
cechat-web.com,1,0,1093
centros.edu.xunta.gal,1,100,0
chat.baidu.com,1,100,0
chat.qwen.ai/c/09f13450-6b01-4b4f-af98-136b74795846,1,0,33
clc.chosun.ac.kr,1,0,100
cnblogs.com,1,0,781
code.visualstudio.com,1,0,582
codecademy-enterprise.percipio.com,1,0,24
confluence.f.bbg,1,100,0
conteudo.colaboraread.com.br,1,0,6
ctech.com,1,0,1208
developers.google.com,1,0,171
devops.sdsdev.co.kr,1,0,5
docs-python-org.translate.goog,1,0,693
docs.ansible.com,1,0,9994
docs.google.com,1,0,5
edube.org,1,0,38
edube.org/learn/python-essentials-2-esp/empleado-m-oacute-dulos,1,0,982
ee.metro-cit.ac.jp,1,100,0
elearn.uef.fi,1,0,2
ellibrodepython.com,1,0,82
elmoukrie.com,1,0,76
endler.dev,1,0,174
ensta-blog.com/python/base64,1,100,0
es.python.org,1,0,1721
fad.iefp.pt,1,0,0
fastapi.tiangolo.com,1,0,8
fceqyn.unam.edu.ar,1,0,68
file.didattica.polito.it,1,0,1414
foad.ensicaen.fr,1,0,1843
fpadistancia.edu.xunta.gal,1,100,0
fr.search.yahoo.com,1,0,30
github.com/docto-rin/leetcode/blob/21cd6c5ca124e1b81b91b8003681e1a49b1c5927/0141-linked-list-cycle/0141-linked-list-cycle.md,1,100,0
github.com/fastapi/fastapi/pull/222,1,0,9
github.com/huyfififi/coding-challenges/pull/1,1,100,0
github.com/python/cpython/issues/107544,1,100,0
github.com/python/cpython/issues/123788,1,0,333
github.com/squillero/computer-sciences/tree/master/Python,1,0,210
github.com/test-fullautomation/RobotFramework_AIO/releases,1,100,0
github.com/vinta/awesome-python,1,0,414
google.com/search,1,100,0
google.com/url,1,100,0
google.de,1,0,5
google.ru,1,0,7
goover.ai,1,100,0
habr.com/ru/articles/481074,1,0,0
habr.com/ru/companies/rostelecom/articles/570098,1,0,25
hao.360.com,1,100,0
hclcloud.atlassian.net,1,100,0
hello.atlassian.net,1,0,40
his-beta.huawei.com,1,0,241
hitachigroup.okta.com,1,100,0
idealab.alibaba-inc.com/chat,1,100,0
idealab.alibaba-inc.com/ideaTalk,1,100,0
infoworld.com/article/2337441/the-best-new-features-and-fixes-in-python-313.html,1,0,139
instagram.com,1,0,66
invrtd-h.tistory.com/92,1,0,0
journal.top-academy.ru,1,100,0
jupyter.questanalytics.northwestern.edu,1,100,0
jupyter.uit.no,1,0,44
kivy.org,1,0,0
l.instagram.com,1,0,12
l.workplace.com,1,100,0
lea.hochschule-bonn-rhein-sieg.de,1,0,616
learn-us-east-1-prod-fleet02-xythos.content.blackboardcdn.com,1,0,18
learn.lewagon.com,1,0,3
learn.microsoft.com,1,100,0
learn.zybooks.com,1,0,19
liaoxuefeng.com,1,0,0
link.csdn.net,1,0,0
login.microsoftonline.com,1,100,0
longcat.chat,1,0,6
m.baidu.com/from=0/bd_page_type=1/ssid=0/uid=0/pu=usm%400%2Csz%401320_1001%2Cta%40iphone_2_11.0_24_83.0/baiduid=678BF0F8CEDC4CE4C991C27F48E86260/w=0_10_/t=iphone/l=1/tc,1,100,0
m.baidu.com/from=0/bd_page_type=1/ssid=0/uid=0/pu=usm%400%2Csz%401320_220%2Cta%40iphone___24_86.0/baiduid=DA5DA1B88250366050B3D50D40C1932D/w=0_10_/t=iphone/l=1/tc,1,100,0
m.baidu.com/from=1000969a/bd_page_type=1/ssid=0/uid=0/pu=usm%400%2Csz%401320_1001%2Cta%40iphone_2_12.0_29_97.0/baiduid=3056D675BC0480D4E072CF3BA8AF6D0C/w=0_10_/t=iphone/l=1/tc,1,100,0
m.baidu.com/from=1001192y/bd_page_type=1/ssid=0/uid=0/pu=usm%400%2Csz%401320_1001%2Cta%40iphone_2_10.0_28_15.0/baiduid=940D9AB12363BF2B87F419926A8E869B/w=0_10_/t=iphone/l=1/tc,1,0,0
m.baidu.com/from=1001192y/bd_page_type=1/ssid=0/uid=0/pu=usm%400%2Csz%401320_1001%2Cta%40iphone_2_10.0_28_16.0/baiduid=178D1A4BF4B37E9696965C9559741E5C/w=0_10_/t=iphone/l=1/tc,1,0,45
m.baidu.com/from=1001192y/bd_page_type=1/ssid=0/uid=0/pu=usm%400%2Csz%401320_1001%2Cta%40iphone_2_12.0_28_16.0/baiduid=1AE9C63A1E841C81630A8FB114A36B31/w=0_10_/t=iphone/l=1/tc,1,100,0
m.baidu.com/from=1001192y/bd_page_type=1/ssid=0/uid=0/pu=usm%400%2Csz%401320_1001%2Cta%40iphone_2_12.0_28_16.0/baiduid=6CB03D6692CF5D9BC37E2853CBE9A255/w=0_10_/t=iphone/l=1/tc,1,0,0
m.baidu.com/from=1001192y/bd_page_type=1/ssid=0/uid=0/pu=usm%400%2Csz%401320_1001%2Cta%40iphone_2_12.0_28_16.0/baiduid=8CF672FDDD00A2EC963A9999C00D9419/w=0_10_/t=iphone/l=1/tc,1,100,0
m.baidu.com/from=1001192y/bd_page_type=1/ssid=0/uid=0/pu=usm%401%2Csz%401320_1001%2Cta%40iphone_2_12.0_28_16.0/baiduid=96CB6EA44BD8769128393DF8CCD509E2/w=0_10_/t=iphone/l=1/tc,1,0,1
m.baidu.com/from=1001192y/bd_page_type=1/ssid=0/uid=0/pu=usm%401%2Csz%401320_1001%2Cta%40iphone_2_12.0_28_16.0/baiduid=BCD3097B649F022AEF2C1E486BA8B2A6/w=0_10_/t=iphone/l=1/tc,1,100,0
m.baidu.com/from=1001192y/bd_page_type=1/ssid=0/uid=0/pu=usm%401%2Csz%401320_1001%2Cta%40iphone_2_9.0_28_16.0/baiduid=8018D1EB97C79DC98B2B67FEDD4E7F2A/w=0_10_/t=iphone/l=1/tc,1,0,1
m.baidu.com/from=1001192y/bd_page_type=1/ssid=0/uid=0/pu=usm%402%2Csz%401320_1001%2Cta%40iphone_2_10.0_28_16.0/baiduid=74C51066C6315609FFC2D47CDA8B01C2/w=0_10_/t=iphone/l=1/tc,1,0,1
m.baidu.com/from=1001192y/bd_page_type=1/ssid=0/uid=0/pu=usm%402%2Csz%401320_1001%2Cta%40iphone_2_12.0_28_16.0/baiduid=63EF1F3653E0CC42531F732676481F0F/w=0_10_/t=iphone/l=1/tc,1,0,0
m.baidu.com/from=1001192y/bd_page_type=1/ssid=0/uid=0/pu=usm%404%2Csz%401320_1001%2Cta%40iphone_2_12.0_28_16.0/baiduid=678ACD8F3B534062A39AA8D01570CC0E/w=0_10_/t=iphone/l=1/tc,1,0,1723
m.baidu.com/from=1001703a/bd_page_type=1/ssid=0/uid=0/pu=sz%401320_1001%2Cta%40iphone_2_14.0_18_40.10%2Cusm%400/baiduid=287A81257BA203EACC8B64982E89F93C/w=0_10_/t=iphone/l=1/tc,1,100,0
m.baidu.com/from=1001703a/bd_page_type=1/ssid=0/uid=0/pu=sz%401320_1001%2Cta%40iphone_2_14.0_18_40.9%2Cusm%402/baiduid=3DE251CF8D2A7EFBA5EE30C4E67D1FEF/w=0_10_/t=iphone/l=1/tc,1,100,0
m.baidu.com/from=1001703a/bd_page_type=1/ssid=0/uid=0/pu=sz%401320_480%2Ccuid%40l8HI808JHugS8Hi6l8vZulOL2il_uHah0u2jigagviik93PvA%2Ccua%40_a-qiyau2igyNEqpI5me6NN02I_Uhvh0SdNqA%2Ccut%40piS1P_ujLigjN28T4t1HR8qEC%2Cosname%40baiduboxapp%2Cctv%402%2Ccfrom%40757b%2Ccen%40cuid_cua_cut%2Cosbranch%40a2%2Ccsrc%40app_mainbox_txt%2Cta%40iphone_2_14.0_18_40.10%2Cusm%400/baiduid=9F89B29CDD70213C4B3EE6E267E96EE9/w=20_10_/t=iphone/l=1/tc,1,0,690
m.baidu.com/from=1001703a/bd_page_type=1/ssid=0/uid=0/pu=usm%400%2Csz%401320_1001%2Cta%40ins_2_15.0_18_40.10/baiduid=08CF42EDC47EC237EDDEC86DD6BE20A0/w=0_10_/t=zbios/l=1/tc,1,0,38
m.baidu.com/from=1001703a/bd_page_type=1/ssid=0/uid=0/pu=usm%400%2Csz%401320_1001%2Cta%40iphone_2_14.0_18_40.10/baiduid=265728A879ECD8A01F96B4C801616CFA/w=0_10_/t=iphone/l=1/tc,1,100,0
m.baidu.com/from=1001703a/bd_page_type=1/ssid=0/uid=0/pu=usm%400%2Csz%401320_1001%2Cta%40iphone_2_15.0_18_40.10/baiduid=3734836672C71CD7ACA4CDC22E578522/w=0_10_/t=iphone/l=1/tc,1,0,22
m.baidu.com/from=1001703a/bd_page_type=1/ssid=0/uid=0/pu=usm%400%2Csz%401320_1001%2Cta%40iphone_2_15.0_18_40.10/baiduid=77AC9FCEB6456365078D758C23313E3F/w=0_10_/t=iphone/l=1/tc,1,100,0
m.baidu.com/from=1001703a/bd_page_type=1/ssid=0/uid=0/pu=usm%400%2Csz%401320_1001%2Cta%40iphone_2_15.0_18_40.10/baiduid=C499454DEB793A95C7F3EFC014B7ACCC/w=0_10_/t=iphone/l=1/tc,1,0,227
m.baidu.com/from=1001703a/bd_page_type=1/ssid=0/uid=0/pu=usm%401%2Csz%401320_1001%2Cta%40iphone_2_15.0_18_40.10/baiduid=08CF42EDC47EC237EDDEC86DD6BE20A0/w=0_10_/t=iphone/l=1/tc,1,0,0
m.baidu.com/from=1012852q/bd_page_type=1/ssid=0/uid=0/pu=usm%403%2Csz%401320_220%2Cta%40iphone___11_20.2/baiduid=F4F5F4349E1B6043B163C56016902DE3/w=0_10_/t=iphone/l=1/tc,1,100,0
m.baidu.com/from=1013966u/bd_page_type=1/ssid=0/uid=0/pu=usm%400%2Csz%401320_1001%2Cta%40iphone_2_15.0_19_26.0/baiduid=F109846527FA75A877CD7CFFDF4240F7/w=0_10_/t=iphone/l=1/tc,1,0,9
m.baidu.com/from=1019311a/bd_page_type=1/ssid=0/uid=0/pu=sz%401320_1001%2Cta%40iphone_2__24_131.0%2Cusm%401/baiduid=1AC2FA6645194ECD3FA0A7D2C1DAD890/w=0_10_/t=iphone/l=1/tc,1,100,0
m.baidu.com/from=1019311v/bd_page_type=1/ssid=0/uid=0/pu=usm%400%2Csz%401320_1001%2Cta%40iphone_2_15.0_19_23.6/baiduid=145856E6B9B393000D99940020F42B67/w=0_10_/t=iphone/l=1/tc,1,0,518
m.baidu.com/from=1019311v/bd_page_type=1/ssid=0/uid=0/pu=usm%400%2Csz%401320_1001%2Cta%40iphone_2_15.0_19_25.3/baiduid=497D92EA4A3D31080FD3C2272FB7069C/w=0_10_/t=iphone/l=1/tc,1,0,1
m.baidu.com/from=1019311v/bd_page_type=1/ssid=0/uid=0/pu=usm%400%2Csz%401320_1001%2Cta%40iphone_2_15.0_19_25.9/baiduid=C26FAD5F2E9FC9D3D9219B5996F9A5EB/w=0_10_/t=iphone/l=1/tc,1,0,2
m.baidu.com/from=1019311v/bd_page_type=1/ssid=0/uid=0/pu=usm%400%2Csz%401320_1001%2Cta%40iphone_2_15.0_19_26.1/baiduid=334FB90EBD04A35CA6ADF0C0FA3125F9/w=0_10_/t=iphone/l=1/tc,1,100,0
m.baidu.com/from=1019311v/bd_page_type=1/ssid=0/uid=0/pu=usm%400%2Csz%401320_1001%2Cta%40iphone_2_15.0_19_26.3/baiduid=AB8422EDFAD53B05CAC8FB12379DB172/w=0_10_/t=iphone/l=1/tc,1,100,0
m.baidu.com/from=1019311v/bd_page_type=1/ssid=0/uid=0/pu=usm%400%2Csz%401320_1001%2Cta%40iphone_2_15.0_19_26.4/baiduid=78E804F0263A64DDE817116E0867FA1B/w=0_10_/t=iphone/l=1/tc,1,100,0
m.baidu.com/from=1019311v/bd_page_type=1/ssid=0/uid=0/pu=usm%401%2Csz%401320_1001%2Cta%40iphone_2_15.0_19_26.4/baiduid=6859FCDE6C05459D5401C21D5835BC29/w=0_10_/t=iphone/l=1/tc,1,100,0
m.baidu.com/from=1019311v/bd_page_type=1/ssid=0/uid=0/pu=usm%402%2Csz%401320_1001%2Cta%40iphone_2_15.0_19_26.4/baiduid=DDD1E47B6085DA4E9D9E986834D8699D/w=0_10_/t=iphone/l=1/tc,1,0,22
m.baidu.com/from=1019311v/bd_page_type=1/ssid=0/uid=0/pu=usm%403%2Csz%401320_1001%2Cta%40iphone_2_15.0_19_26.1/baiduid=2069678C9B94AEEFE4E25ABD9DF8C8F2/w=0_10_/t=iphone/l=1/tc,1,100,0
m.baidu.com/from=1019311v/bd_page_type=1/ssid=0/uid=0/pu=usm%403%2Csz%401320_1001%2Cta%40iphone_2_15.0_19_26.5/baiduid=AD7BE29CC9C5FE50153911ACA1B73018/w=0_10_/t=iphone/l=1/tc,1,0,20
m.baidu.com/from=1020681k/bd_page_type=1/ssid=0/uid=0/pu=usm%401%2Csz%401320_1001%2Cta%40iphone_2_15.0_18_40.9/baiduid=BDA891DD9B0FB9B93A92346E45E4A9A5/w=0_10_/t=iphone/l=1/tc,1,0,1462
m.baidu.com/from=1020761f/bd_page_type=1/ssid=0/uid=0/pu=usm%400%2Csz%401320_1001%2Cta%40iphone_2_15.0_19_26.1/baiduid=2418CBBC69EE6796E829FEDA5225816E/w=0_10_/t=iphone/l=1/tc,1,100,0
m.baidu.com/from=1020761f/bd_page_type=1/ssid=0/uid=0/pu=usm%401%2Csz%401320_1001%2Cta%40iphone_2_10.0_19_26.3/baiduid=6C809596D35245F5F4C96742CC31ED59/w=0_10_/t=iphone/l=1/tc,1,100,0
m.baidu.com/from=1020761f/bd_page_type=1/ssid=0/uid=0/pu=usm%401%2Csz%401320_1001%2Cta%40iphone_2_10.0_19_26.4/baiduid=BFE338F7AC0A0D29B73AD9AB92A73B5F/w=0_10_/t=iphone/l=1/tc,1,100,0
m.baidu.com/from=1020761f/bd_page_type=1/ssid=0/uid=0/pu=usm%401%2Csz%401320_1001%2Cta%40iphone_2_15.0_19_26.4/baiduid=5900E5F26827FC583A2A3A2E904870D4/w=0_10_/t=iphone/l=1/tc,1,100,0
m.baidu.com/from=1020786r/bd_page_type=1/ssid=0/uid=0/pu=usm%401%2Csz%401320_1001%2Cta%40iphone_2_9.0_19_25.3/baiduid=79E83AC4D87F97249C913909BA8E45C4/w=0_10_/t=iphone/l=1/tc,1,100,0
m.baidu.com/from=1020786r/bd_page_type=1/ssid=0/uid=0/pu=usm%402%2Csz%401320_1001%2Cta%40iphone_2_15.0_19_25.5/baiduid=AD37D7C56B34F6C8F0DE6EAEC6D69560/w=0_10_/t=iphone/l=1/tc,1,0,4
m.baidu.com/from=1020786r/bd_page_type=1/ssid=11788ec5c8a6bd9bb5e4g732901000000/uid=0/pu=usm%400%2Csz%401320_1001%2Cta%40iphone_2_15.0_19_26.4/baiduid=EAFD800D2FE5C6E3FFE4C6392DA3126F/w=0_10_/t=iphone/l=1/tc,1,0,18
m.baidu.com/from=1022282z/bd_page_type=1/ssid=0/uid=0/pu=usm%400%2Csz%401320_1001%2Cta%40iphone_2_15.0_24_134.0/baiduid=EB39F9D242DEC2FFA6D07F49BE95BE54/w=0_10_/t=iphone/l=1/tc,1,100,0
m.baidu.com/from=1023341o/bd_page_type=1/ssid=0/uid=0/pu=sz%401320_1001%2Cta%40iphone_2_14.0_18_40.10%2Cusm%400/baiduid=DA0C9396573D34D3337154B847D797A8/w=0_10_/t=iphone/l=1/tc,1,100,0
m.baidu.com/from=1026250w/bd_page_type=1/ssid=0/uid=0/pu=cua%40_avLC_uU2i4qywoUfpw1zyaBsi_-h2Ip_uL5ixLqA%2Cosname%40baiduboxapp%2Cc3_aid%40A00-DCFT4WLCQOADOGTDYJIPUD63MWUF2S3V-76ZMXLZN%2Cosbranch%40a2%2Cctv%402%2Ccen%40cuid_cua_cut%2Candrst%400%2Ccsrc%40home_box_txt%2Ccfrom%401026250w%2Csz%401320_480%2Cvmgdb%400020100228y%2Ccuid%40_8vw8_uSSa0yuvikja-S8guoHagxi28H_iHz8l8ZHa889HhxJkHZRLnWA%2Cusm%402/baiduid=9B0A03C07B830B480E349B22793365FB/w=0_10_/t=zbios/l=1/tc,1,100,0
m.baidu.com/from=1052946a/bd_page_type=1/ssid=0/uid=0/pu=usm%401%2Csz%401320_1001%2Cta%40iphone_2_11.0_19_26.3/baiduid=83BF92CD0AACD9E75EF5769337279BED/w=0_10_/t=iphone/l=1/tc,1,100,0
m.baidu.com/from=844b/bd_page_type=1/ssid=0/uid=0/pu=usm%400%2Csz%401320_1001%2Cta%40iphone_2_11.0_24_85.0/baiduid=E6AF7B916FD3A7A33BEA979D6ECD114B/w=0_10_/t=iphone/l=1/tc,1,100,0
m.baidu.com/from=844b/bd_page_type=1/ssid=0/uid=0/pu=usm%401%2Csz%401320_1004%2Cta%40iphone_2_10.0_33_139.0/baiduid=206C136B841DDCF871C6AF1E71FAC826/w=0_10_/t=iphone/l=1/tc,1,0,804
m.bidianer.com,1,0,244
m.blog.naver.com,1,0,12
m.blog.naver.com/sgs11022/221545636021,1,0,64
m.facebook.com,1,100,0
mail.google.com,1,0,2743
ml.semicon.toshiba.co.jp,1,0,5601
moodle.gla.ac.uk,1,0,28
moodle.must.edu.mo,1,0,379
moodle.stxt.com.ua,1,100,0
moodle.utfpr.edu.br,1,0,10
moodle2526.up.pt,1,100,0
n.cn,1,0,2534
n.cn/chat/3d049ece66114264b1eefa3646d5b352,1,0,16
newsuk1.com,1,0,481
nibutan.hatenablog.com,1,0,160
ntp.msn.cn,1,0,5240
numba.readthedocs.io/en/stable/extending/low-level.html,1,0,8
openclassrooms.com,1,0,4186
pakira2.hatenablog.com,1,0,29
pandas.pydata.org,1,0,1615
pemt25.trusted-host.online,1,0,14
ping-t.com,1,0,273
pl.python.org,1,0,1359
ppc-word-edit.officeapps.live.com,1,0,6
practicum.yandex.ru,1,0,391
prepa.pages.epita.fr,1,0,1892
pro.arcgis.com/zh-cn/pro-app/3.4/help/mapping/text/specify-text-for-labels.htm,1,0,120
prog-02-programacion-estruturada-python-apuntame-888782f5190cee.gitlab.io,1,0,0
project-lab.circle.so,1,0,0
puzzlers.org,1,0,17
pvylxlho4u.feishu.cn,1,100,0
py-free-threading.github.io,1,100,0
pylint.readthedocs.io/en/latest/user_guide/messages/warning/logging-fstring-interpolation.html,1,0,4562
python.org/downloads/release/python-3130,1,0,1131
python.org/psf-landing,1,0,12
pythonhowto.readthedocs.io,1,0,2278
pythoninsider.blogspot.com,1,0,0
pytutorial-it.readthedocs.io,1,100,0
qualified.io,1,0,31
r.search.yahoo.com/_ylt=AwrLATJ_4tpo8wEAEvr0X4pQ;_ylu=Y29sbwNpcjIEcG9zAzEEdnRpZAMEc2VjA3Ny/RV=2/RE=1760384896/RO=10/RU=https%3a%2f%2fdocs.python.org%2fpl%2f3.13%2fhowto%2fsorting.html/RK=2/RS=ykf1IA6r5Ju.H2dBPHH_AVUKaw8-,1,100,0
realpython.com,1,0,330
reddit.com,1,0,0
renault-proxy.okta.com,1,0,265
repository.unad.edu.co,1,100,0
requests.readthedocs.io/en/latest/user/advanced,1,0,0
rp.netease.com,1,100,0
s172-29-67-175p8888.lab-aws-production.deeplearning.ai,1,0,54
safe.menlosecurity.com,1,100,0
salib.readthedocs.io/en/latest/api/SALib.analyze.html,1,100,0
salib.readthedocs.io/en/latest/user_guide/wrappers.html,1,0,0
san-brazil.atlassian.net,1,0,819
savio.utb.edu.co,1,0,338
scikit-learn.org,1,0,4358
selenium.dev,1,0,21
sepe.dicampus.es,1,100,0
shoark7.github.io,1,0,7
sogou.com/tx,1,0,28
sogou.com/web,1,0,0
