name,visitors
China,1221
United States,551
Singapore,426
India,283
Germany,207
Japan,205
Russian Federation,204
France,146
United Kingdom,119
Vietnam,115
Hong Kong,83
Brazil,80
Spain,67
Poland,63
Ukraine,60
Italy,57
Netherlands,56
Canada,51
Taiwan,50
South Korea,41
Switzerland,31
Turkey,27
Czechia,25
Australia,24
Israel,22
Kazakhstan,22
Mexico,21
Austria,20
Sweden,20
Colombia,19
Portugal,19
Pakistan,16
Indonesia,15
Finland,14
Iran,14
Philippines,13
Romania,13
Hungary,12
Norway,12
Nigeria,11
Bangladesh,10
Greece,10
Peru,10
Uzbekistan,10
Denmark,9
Egypt,9
Ireland,9
Latvia,9
Morocco,9
Nepal,9
Saudi Arabia,9
Argentina,8
Mauritius,8
Thailand,8
United Arab Emirates,7
Ghana,7
Croatia,7
New Zealand,7
Serbia,7
Azerbaijan,6
Chile,6
Cameroon,6
Belgium,5
Bulgaria,5
Belarus,5
Cyprus,5
Iraq,5
Malaysia,5
South Africa,5
Costa Rica,4
Ecuador,4
Georgia,4
Kyrgyzstan,4
Sri Lanka,4
Montenegro,4
Senegal,4
Algeria,3
Ethiopia,3
Kenya,3
Lithuania,3
Moldova,3
Panama,3
Angola,2
Djibouti,2
Jordan,2
Cambodia,2
Luxembourg,2
Slovakia,2
Syria,2
Armenia,1
Barbados,1
Burkina Faso,1
Botswana,1
"Congo, The Democratic Republic of the",1
Cuba,1
Guernsey,1
Gambia,1
Honduras,1
Mongolia,1
Macao,1
Qatar,1
Slovenia,1
Togo,1
Tunisia,1
Uruguay,1
Venezuela,1
Kosovo,1
Yemen,1
