name,visitors,bounce_rate,visit_duration
Google,212,76,130
Direct / None,167,59,132
Baidu,106,87,34
Bing,12,82,144
python.org,11,0,513
chatgpt.com,9,86,394
wikidocs.net,5,80,0
codeup.kr,3,100,0
DuckDuckGo,2,100,0
Perplexity,2,50,48
m.blog.naver.com,2,100,0
Daum,1,100,0
GitHub,1,0,18
Yahoo!,1,0,1
acmicpc.net,1,100,0
all-the-meaning.tistory.com,1,0,40
blockdmask.tistory.com,1,100,0
cdragon.tistory.com,1,100,0
claude.ai,1,0,1656
codeit.kr,1,100,0
dev-jy.tistory.com,1,100,0
m.clien.net,1,0,14
me2nuk.com,1,100,0
python.co.kr,1,100,0
qmffjr2001.tistory.com,1,100,0
tistory.com,1,100,0
wiki.python.org,1,0,0
