name,version,visitors
Windows,10,8035
Mac,10.15,1214
Android,10,479
GNU/Linux,(not set),412
iOS,18.6,119
Android,15,98
Windows,7,89
Ubuntu,(not set),66
iOS,18.7,65
Android,12,34
Android,14,34
iOS,26.0,27
HarmonyOS,(not set),24
Android,13,24
iOS,18.5,24
Windows,8.1,21
Chrome OS,14541.0,19
Android,11,18
HarmonyOS,3.0,18
HarmonyOS,2.2,12
iOS,16.7,11
iOS,18.3,11
Android,16,10
Android,9,7
(not set),(not set),5
iOS,17.6,5
Windows,(not set),4
iOS,16.1,4
Android,8.1,4
Mac,10.13,3
iOS,15.2,3
Android,7.1,3
Mac,10.14,2
iOS,14.0,2
Chrome OS,14816.99,2
iOS,17.2,2
iPadOS,17.7,2
iOS,18.1,2
iOS,18.2,2
iOS,18.4,2
iOS,19.0,2
PlayStation,4.13,2
Android,4.4,2
Android,5.1,2
Android,6.0,2
Android,8.0,2
Windows,Server 2003,2
Mac,10.11,1
iOS,11.0,1
Mac,13.3,1
iOS,15.3,1
iOS,15.4,1
iOS,15.6,1
iOS,15.8,1
iOS,16.0,1
iOS,16.3,1
iOS,17.3,1
iOS,17.5,1
iOS,18.0,1
Windows,8,1
Windows,Vista,1
