name,visitors
Tokyo,16
Osaka,5
Yokohama,4
N/A,4
Nagoya,3
The Dalles,3
N/A,2
Qingdao,2
Matsue,2
Kitakyushu,2
Ina,2
Himeji,2
Chiba,2
Sapporo,2
Tama,2
N/A,2
N/A,2
N/A,2
Taipei,1
Nanchang,1
Tokorozawa,1
Ōgaki,1
Odawara,1
Nichinan,1
N/A,1
Kawaguchi,1
Kasukabe,1
Ichinomiya,1
N/A,1
N/A,1
Hirakata,1
Hino,1
Higashi-ōsaka,1
Gyōda,1
N/A,1
Fukuyama,1
N/A,1
Narita,1
San Jose,1
N/A,1
N/A,1
N/A,1
N/A,1
N/A,1
N/A,1
N/A,1
N/A,1
Kuwana,1
Sagamihara,1
N/A,1
N/A,1
