name,visitors,bounce_rate,visit_duration
google.com,70421,81,108
Direct / None,47458,69,170
python.org,5929,58,136
bing.com,5595,79,107
duckduckgo.com,3645,77,137
yandex.ru,2377,77,66
search.brave.com,1770,82,84
chatgpt.com,1520,72,97
cn.bing.com,1243,73,105
cs50.harvard.edu,1178,69,237
boot.dev,895,76,172
baidu.com/link,669,81,81
m.baidu.com,598,88,36
udemy.com,598,87,53
reddit.com,552,82,57
ecosia.org,429,84,103
google.com.hk,422,82,130
pandas.pydata.org,336,90,33
realpython.com,237,78,81
github.com,230,74,154
statics.teams.cdn.office.net,225,86,77
roadmap.sh,222,78,91
matplotlib.org,212,92,51
ya.ru,202,81,74
note.nkmk.me,200,82,92
netacad.com,197,89,13
code.visualstudio.com,191,85,37
wiki.python.org,187,67,117
discuss.python.org,173,78,61
qiita.com,162,85,116
qwant.com,145,70,333
pip.pypa.io/en/stable/installation,142,85,46
codecademy.com,128,91,48
youtube.com,122,84,159
es.python.org,119,50,152
in.search.yahoo.com,113,80,74
docs.pydantic.dev,111,87,82
practicum.yandex.ru,104,80,100
doubao.com,100,63,51
baidu.com,98,79,76
numpy.org,95,77,74
savanna.alxafrica.com,94,85,58
search.yahoo.com,90,74,143
google.ru,89,89,34
gemini.google.com,85,62,160
code.amazon.com,81,72,37
langchain-ai.github.io,80,81,53
link.zhihu.com,78,76,66
pytest-mock.readthedocs.io/en/latest/usage.html,77,64,267
docs.pytorch.org,74,97,1
yandex.ru/search,72,87,99
google.co.uk,70,80,162
fastapi.tiangolo.com,68,89,71
peps.python.org,68,79,250
pypi.org,67,78,62
learn.microsoft.com,64,91,52
stackoverflow.com,58,86,128
google.de,54,91,49
scikit-learn.org,52,83,15
link.csdn.net,48,74,86
github.com/yt-dlp/yt-dlp,47,89,48
linkedin.com,47,96,35
perplexity.ai,47,77,40
openclassrooms.com,46,78,137
pygame.org,45,89,39
airflow.apache.org,44,89,45
google.fr,44,82,28
copilot.microsoft.com,42,72,211
hackerrank.com,42,90,9
python.p2hp.com,42,43,224
bing.com/search,41,78,64
developers.google.com,41,86,10
kivy.org,40,80,5
yandex.by,40,79,62
android-app://com.google.android.googlequicksearchbox,38,84,14
networkx.org,36,69,190
cursos.alura.com.br,34,84,104
engdoc.corp.google.com,34,83,47
liaoxuefeng.com,34,75,129
odoo.com,33,82,70
codedex.io,32,88,28
superfastpython.com,32,78,203
theforage.com,32,66,112
courses.edx.org,31,70,40
docs.ansible.com,31,97,1
google.co.in,30,83,84
notebooks.githubusercontent.com,29,83,41
android-app://com.reddit.frontpage,28,82,36
docs.pola.rs,28,86,65
claude.ai,27,73,140
intranet.hbtn.io,27,66,225
g3doc.corp.google.com,26,68,264
ps6cc41f.ktalk.ru,26,54,132
classroom.google.com,25,72,139
huggingface.co,25,77,66
l.facebook.com,25,77,77
confluence.ecmwf.int,24,80,161
lms.skillfactory.ru,24,84,56
facebook.com,23,100,0
pip.pypa.io,23,100,0
sites.google.com,23,83,20
sphinx-doc.org/en/master,23,57,233
docs.astral.sh,22,91,24
yandex.kz,22,67,10
developer.mozilla.org,21,45,164
s3.eu-west-1.amazonaws.com,21,67,102
127.0.0.1,20,71,476
courses.campus.gov.il,19,84,67
elearn.epam.com,19,85,8
fr.search.yahoo.com,19,65,34
google.github.io,19,84,70
learn.nvidia.com,19,68,6
open.uom.lk,19,90,23
packaging.python.org/en/latest/tutorials/packaging-projects,19,95,4
mne.tools,18,95,0
edube.org/learn/pe-1/section-summary-72,17,82,44
github.com/AUTOMATIC1111/stable-diffusion-webui/issues/1423,17,94,4
skillbox.ru,17,72,123
ai.pydantic.dev,16,94,31
discordpy.readthedocs.io/en/stable/api.html,16,94,14
google.ca,16,69,304
packaging.python.org/en/latest/tutorials/installing-packages,16,88,38
statsmodels.org,16,82,49
yuanbao.tencent.com,16,69,92
byhy.net,15,94,2
edube.org,15,94,1
google.com/search,15,80,65
python.jp,15,62,13
br.search.yahoo.com,14,62,133
leetcode.com,14,93,9
lightning.ai,14,93,31
pytest-mock.readthedocs.io,14,79,176
python-forum.io,14,93,41
python.org/downloads,14,86,10
android-app://com.linkedin.android,13,85,5
docs.pytest.org/en/stable/how-to/capture-warnings.html,13,92,0
en.wikipedia.org,13,79,30
flask.palletsprojects.com/en/stable/installation,13,85,15
flask.palletsprojects.com/en/stable/tutorial,13,85,2
forums.raspberrypi.com,13,85,33
learn.zybooks.com,13,81,258
medium.com,13,85,94
so.com/link,13,69,40
cloud.google.com,12,83,8
github.com/vinta/awesome-python,12,100,0
mastergroosha.github.io,12,92,2
medium.com/@maxwbuckley/optimizing-deep-learning-models-episode-1-start-small-cf4ebfa6d761,12,92,21
microsoft.github.io,12,92,49
purdue-engr-13300.github.io,12,67,56
runoob.com,12,67,260
utokyo-ipp.github.io,12,100,0
w3schools.com,12,100,0
app.aluracursos.com,11,75,23
digitalocean.com,11,100,0
docs.scrapy.org/en/latest/intro/install.html,11,100,0
google.ch,11,75,104
google.com.au,11,75,141
google.it,11,91,6
lms.yandex.ru,11,100,0
namu.wiki,11,82,8
pip.pypa.io/en/latest/installation,11,55,331
pro.arcgis.com,11,64,70
pyformat.info,11,91,22
pythoncheatsheet.org,11,83,29
t.co,11,64,55
yandex.com,11,100,0
yandex.com.tr,11,93,7
arrow.apache.org,10,90,128
cms.unir.net,10,100,0
docs.google.com,10,90,1
kloud.edukate.ai,10,91,18
login.microsoftonline.com,10,90,1
loguru.readthedocs.io/en/stable/api/logger.html,10,90,90
observe.prod.linkedin.com,10,90,68
pwn.college,10,100,0
search.yahoo.co.jp,10,67,19
sky.pro,10,90,41
steam.oxxostudio.tw,10,73,68
test.baidu.com,10,27,101
upgrad.com,10,90,0
chat.baidu.com,9,11,645
datacamp.com,9,55,113
discuss.streamlit.io,9,89,126
docs.pytest.org/en/stable/reference/reference.html,9,89,20
edu.mipt.ru,9,100,0
elab.cpe.ku.ac.th,9,78,19
epochconverter.com,9,90,33
flask.palletsprojects.com/en/stable/api,9,56,193
gist.github.com,9,44,288
google.cz,9,60,293
jiffyclub.github.io,9,70,294
kongu.codetantra.com,9,100,0
learnpython.org,9,91,5
m.facebook.com,9,100,0
m365.cloud.microsoft,9,78,3
mail.google.com,9,89,1
moma.corp.google.com,9,90,23
pillow.readthedocs.io/en/stable/reference/Image.html,9,89,2
scikit-image.org,9,100,0
secureflag.com,9,89,62
uk.search.yahoo.com,9,67,9
uvicorn.org,9,60,229
app.dataquest.io,8,75,80
cheatsheetseries.owasp.org,8,78,173
codecademy-eu.percipio.com,8,70,1
docs.snowflake.com,8,78,326
github.com/tree-sitter/tree-sitter-python,8,62,234
hablemospython.dev,8,75,9
habr.com,8,88,48
isaac-sim.github.io,8,88,184
kdnuggets.com,8,100,0
nhairs.github.io,8,60,498
notion.so,8,78,22
psycopg.org,8,88,0
py4e.com,8,78,349
pyserial.readthedocs.io/en/latest/pyserial_api.html,8,62,80
python.org/psf-landing,8,62,56
qna.habr.com,8,100,0
sass-node5.chatshare.biz,8,100,0
tcsglobal.udemy.com,8,100,0
tutorials.chainer.org,8,50,640
web.dio.me,8,62,3
algo-method.com,7,22,1164
amuletmc.com,7,100,0
android-app://com.google.android.gm,7,71,91
biopython.org,7,29,140
bitbucket.org,7,100,0
bugs.python.org,7,100,220
byui-cse.github.io,7,86,1
docs.marimo.io,7,100,0
docs.pytest.org,7,86,168
docs.redhat.com,7,86,25
docs.zephyrproject.org,7,71,8
ellibrodepython.com,7,100,0
flask.palletsprojects.com,7,86,242
google.com.tw,7,88,0
google.es,7,71,7
google.pl,7,71,19
learn.canterbury.ac.nz,7,86,4
learn.upgrad.com,7,62,75
link.juejin.cn,7,71,44
lm.facebook.com,7,86,4
moodle.s.kyushu-u.ac.jp,7,29,2307
necnellore.codetantra.com,7,100,0
ntp.msn.com,7,29,197
pymupdf.readthedocs.io/en/latest/installation.html,7,86,8
pyproj4.github.io,7,100,0
pythontutor.ru,7,86,25
renpy.org,7,71,29
robotframework.org,7,86,179
safe.menlosecurity.com,7,14,1047
slides.com,7,57,16
strftime.org,7,100,0
askpython.com,6,100,0
atcoder.jp,6,83,196
bsc-iitm.github.io,6,67,255
cdn.evg.gov.br,6,86,26
cesarsotovalero.net,6,83,24
cloud.tencent.com/developer/tools/blog-entry,6,83,6
coursys.sfu.ca,6,17,425
covestro.sharepoint.com,6,83,6
dash0.com,6,57,317
discordpy.readthedocs.io,6,71,33
docs.python-telegram-bot.org,6,83,6
edube.org/learn/pe-2/using-modules-9,6,83,1
es.search.yahoo.com,6,100,0
exercism.org,6,86,256
freecodecamp.org/news/python-projects-for-beginners,6,100,0
gerrit.googlesource.com,6,17,326
github.com/google-deepmind/alphagenome,6,100,0
google.at,6,100,0
google.be,6,86,86
google.com.sg,6,100,0
id.search.yahoo.com,6,100,0
ithelp.ithome.com.tw,6,57,260
jcristharif.com,6,50,118
jinja.palletsprojects.com/en/stable/templates,6,83,392
jupyterlabnext-3-labs-prod-jupyterlab-us-east-0.labs.cognitiveclass.ai,6,83,8
l.instagram.com,6,33,45
l.workplace.com,6,100,0
m.baidu.com/s,6,100,0
notebooks.audiolabs.uni-erlangen.de,6,83,50
packaging.python.org,6,100,0
packaging.python.org/en/latest/guides/tool-recommendations,6,67,106
ph.search.yahoo.com,6,100,0
platzi.com,6,83,2
plotly.com,6,100,0
presearch.com,6,67,340
quora.com,6,80,3
react-app-python-runner.vercel.app,6,67,194
rha.ole.redhat.com,6,33,24
snakemake.readthedocs.io/en/stable/snakefiles/rules.html,6,83,1
source.android.com,6,50,374
talentnext.mphasis.com,6,83,0
teratail.com,6,67,64
tr.search.yahoo.com,6,83,14
tutti.prod.bloomberg.com,6,83,47
virtualenv.pypa.io/en/latest,6,83,49
werkzeug.palletsprojects.com/en/stable/utils,6,67,511
wikidocs.net,6,83,1
