name,visitors,bounce_rate,visit_duration
Google,71542,81,108
Direct / None,47326,69,171
Bing,6885,78,107
python.org,5981,58,135
DuckDuckGo,3649,77,137
Yandex,2864,78,68
Brave,1770,82,84
Baidu,1563,84,57
chatgpt.com,1558,72,99
cs50.harvard.edu,1178,69,237
boot.dev,895,76,172
GitHub,685,79,112
udemy.com,598,87,53
Reddit,584,82,55
Ecosia,429,84,103
pandas.pydata.org,339,89,40
Yahoo!,337,77,80
realpython.com,237,78,81
Microsoft Teams,225,86,77
roadmap.sh,222,78,91
matplotlib.org,213,92,50
note.nkmk.me,200,82,92
netacad.com,197,89,13
code.visualstudio.com,191,85,37
wiki.python.org,189,67,116
pip.pypa.io,186,84,58
discuss.python.org,173,78,61
qiita.com,162,85,116
Qwant,145,70,333
codecademy.com,128,91,48
Youtube,122,84,159
es.python.org,119,50,152
docs.pydantic.dev,111,87,82
doubao.com,102,63,50
numpy.org,96,77,73
savanna.alxafrica.com,94,85,58
pytest-mock.readthedocs.io,90,66,254
Amazon,85,72,37
langchain-ai.github.io,80,81,53
link.zhihu.com,78,76,66
docs.pytorch.org,74,97,1
LinkedIn,73,92,33
fastapi.tiangolo.com,68,89,71
peps.python.org,68,79,250
pypi.org,67,78,62
Perplexity,66,81,29
Facebook,64,89,31
learn.microsoft.com,64,91,52
packaging.python.org,64,86,33
vicki,63,98,8
medium.com,62,87,95
StackOverflow,60,87,124
docs.pytest.org,53,87,92
scikit-learn.org,52,83,15
flask.palletsprojects.com,50,78,117
link.csdn.net,48,74,86
python.p2hp.com,48,44,199
edube.org,46,87,16
openclassrooms.com,46,78,137
pygame.org,46,89,38
airflow.apache.org,44,89,45
copilot.microsoft.com,42,72,211
hackerrank.com,42,90,9
kivy.org,40,80,5
habr.com,38,74,80
discordpy.readthedocs.io,37,80,37
sphinx-doc.org,37,59,151
networkx.org,36,69,190
cursos.alura.com.br,34,84,104
liaoxuefeng.com,34,75,129
odoo.com,33,82,70
codedex.io,32,88,28
superfastpython.com,32,78,203
theforage.com,32,66,112
courses.edx.org,31,70,40
docs.ansible.com,31,97,1
notebooks.githubusercontent.com,29,83,41
docs.pola.rs,28,86,65
claude.ai,27,73,140
intranet.hbtn.io,27,66,225
ps6cc41f.ktalk.ru,26,54,132
docs.scrapy.org,25,88,81
huggingface.co,25,77,66
confluence.ecmwf.int,24,80,161
lms.skillfactory.ru,24,84,56
docs.astral.sh,22,91,24
Wikipedia,21,82,21
developer.mozilla.org,21,45,164
s3.eu-west-1.amazonaws.com,21,67,102
127.0.0.1,20,71,476
docs.python-telegram-bot.org,20,85,6
courses.campus.gov.il,19,84,67
elearn.epam.com,19,85,8
freecodecamp.org,19,84,20
google.github.io,19,84,70
learn.nvidia.com,19,68,6
open.uom.lk,19,90,23
mne.tools,18,95,0
jinja.palletsprojects.com,17,82,143
ru.hexlet.io,17,89,117
skillbox.ru,17,72,123
Gmail,16,81,40
ai.pydantic.dev,16,94,31
mypy.readthedocs.io,16,56,189
statsmodels.org,16,82,49
yuanbao.tencent.com,16,69,92
byhy.net,15,94,2
docs.vllm.ai,15,93,18
python.jp,15,62,13
leetcode.com,14,93,9
lightning.ai,14,93,31
python-forum.io,14,93,41
pytorch-geometric.readthedocs.io,14,100,0
websockets.readthedocs.io,14,62,345
360.cn,13,69,40
Twitter,13,62,47
docs.ray.io,13,100,0
forums.raspberrypi.com,13,85,33
learn.zybooks.com,13,81,258
pillow.readthedocs.io,13,92,1
blog.csdn.net,12,67,126
loguru.readthedocs.io,12,92,75
mastergroosha.github.io,12,92,2
microsoft.github.io,12,92,49
purdue-engr-13300.github.io,12,67,56
runoob.com,12,67,260
utokyo-ipp.github.io,12,100,0
w3schools.com,12,100,0
app.aluracursos.com,11,75,23
digitalocean.com,11,100,0
namu.wiki,11,82,8
pro.arcgis.com,11,64,70
pyformat.info,11,91,22
pythoncheatsheet.org,11,83,29
tongyi.com,11,55,177
arrow.apache.org,10,90,128
cms.unir.net,10,100,0
home-assistant.io,10,60,100
kloud.edukate.ai,10,91,18
login.microsoftonline.com,10,90,1
pwn.college,10,100,0
pyserial.readthedocs.io,10,70,64
sky.pro,10,90,41
steam.oxxostudio.tw,10,73,68
test.baidu.com,10,27,101
upgrad.com,10,90,0
chat.baidu.com,9,11,645
datacamp.com,9,55,113
discuss.streamlit.io,9,89,126
edu.mipt.ru,9,100,0
elab.cpe.ku.ac.th,9,78,19
epochconverter.com,9,90,33
jiffyclub.github.io,9,70,294
kongu.codetantra.com,9,100,0
learnpython.org,9,91,5
m365.cloud.microsoft,9,78,3
paiza.jp,9,90,178
platzi.com,9,78,8
pymupdf.readthedocs.io,9,89,6
sagemaker.readthedocs.io,9,90,54
scikit-image.org,9,100,0
secureflag.com,9,89,62
typing.python.org,9,89,400
uvicorn.org,9,60,229
werkzeug.palletsprojects.com,9,67,359
app.dataquest.io,8,75,80
cheatsheetseries.owasp.org,8,78,173
cloud.tencent.com,8,89,4
codecademy-eu.percipio.com,8,70,1
devguide.python.org,8,29,272
docs.astropy.org,8,44,631
docs.snowflake.com,8,78,326
docs.xarray.dev,8,100,0
hablemospython.dev,8,75,9
isaac-sim.github.io,8,88,184
kdnuggets.com,8,100,0
nhairs.github.io,8,60,498
notion.so,8,78,22
psycopg.org,8,88,0
py4e.com,8,78,349
pylint.readthedocs.io,8,88,75
qna.habr.com,8,100,0
sass-node5.chatshare.biz,8,100,0
tcsglobal.udemy.com,8,100,0
tutorials.chainer.org,8,50,640
urllib3.readthedocs.io,8,75,26
web.dio.me,8,62,3
Exinfluencer,7,100,0
algo-method.com,7,22,1164
amuletmc.com,7,100,0
anyio.readthedocs.io,7,86,203
biopython.org,7,29,140
bitbucket.org,7,100,0
bugs.python.org,7,100,220
byui-cse.github.io,7,86,1
cryptography.io,7,100,0
docs.aiohttp.org,7,71,63
docs.frappe.io,7,71,34
docs.marimo.io,7,100,0
docs.redhat.com,7,86,25
docs.zephyrproject.org,7,71,8
ellibrodepython.com,7,100,0
enghub.gs.com,7,100,0
learn.canterbury.ac.nz,7,86,4
learn.upgrad.com,7,62,75
link.juejin.cn,7,71,44
m.datacamp.com,7,43,199
moodle.s.kyushu-u.ac.jp,7,29,2307
necnellore.codetantra.com,7,100,0
pyproj4.github.io,7,100,0
pythontutor.ru,7,86,25
renpy.org,7,71,29
robotframework.org,7,86,179
safe.menlosecurity.com,7,14,1047
slides.com,7,57,16
strftime.org,7,100,0
structlog.org,7,86,187
virtualenv.pypa.io,7,88,37
Instagram,6,33,45
Quora,6,80,3
askpython.com,6,100,0
atcoder.jp,6,83,196
bsc-iitm.github.io,6,67,255
cdn.evg.gov.br,6,86,26
cesarsotovalero.net,6,83,24
coursys.sfu.ca,6,17,425
covestro.sharepoint.com,6,83,6
dash0.com,6,57,317
docs.aiogram.dev,6,83,37
exercism.org,6,86,256
gerrit.googlesource.com,6,17,326
ithelp.ithome.com.tw,6,57,260
jcristharif.com,6,50,118
jupyterlabnext-3-labs-prod-jupyterlab-us-east-0.labs.cognitiveclass.ai,6,83,8
l.workplace.com,6,100,0
notebooks.audiolabs.uni-erlangen.de,6,83,50
palantir.com,6,100,0
plotly.com,6,100,0
presearch.com,6,67,340
pyinstaller.org,6,67,94
react-app-python-runner.vercel.app,6,67,194
rha.ole.redhat.com,6,33,24
scanpy.readthedocs.io,6,100,0
snakemake.readthedocs.io,6,83,1
source.android.com,6,50,374
talentnext.mphasis.com,6,83,0
teratail.com,6,67,64
tutti.prod.bloomberg.com,6,83,47
wikidocs.net,6,83,1
Hacker News,5,40,202
Lilo,5,33,206
academy.hackthebox.com,5,100,0
acwing.com,5,50,54
bbgithub.dev.bloomberg.com,5,60,302
blackbox.ai,5,80,1
cgp-oex.wgu.edu,5,80,1
click.palletsprojects.com,5,100,0
cnblogs.com,5,100,0
codecademy-enterprise.percipio.com,5,100,0
codeup.kr,5,100,0
devcenter.heroku.com,5,40,107
dnmtechs.com,5,40,148
docs.circuitpython.org,5,100,0
docs.dipy.org,5,100,0
docs.gunicorn.org,5,60,214
docs.qq.com,5,100,0
docs.sqlalchemy.org,5,80,1
docs.telethon.dev,5,83,12
faker.readthedocs.io,5,100,0
forum.djangoproject.com,5,60,35
guru99.com,5,50,40
infyspringboard.onwingspan.com,5,100,0
jupyterlabnext-1-labs-prod-jupyterlab-us-east-0.labs.cognitiveclass.ai,5,100,0
l.messenger.com,5,71,257
lms.alphastar.academy,5,60,145
lxp-assessments.upgrad.com,5,80,10
neo4j.com,5,100,0
nlp.netlearning.co.jp,5,67,21
openstax.org,5,60,19
orgpad.info,5,60,575
overleaf.com,5,80,36
practicepython.org,5,100,0
pre-commit.com,5,80,8
privacywall.org,5,40,312
pro.e-box.co.in,5,60,11
programiz.com,5,80,117
pts.measureup.com,5,100,0
pymongo.readthedocs.io,5,60,12
python-can.readthedocs.io,5,60,592
python-forum.de,5,40,214
pythonmorsels.com,5,100,0
rasterio.readthedocs.io,5,100,0
rich.readthedocs.io,5,60,264
statics.gov.teams.microsoft.us,5,100,0
steppingback269.blogspot.com,5,80,5
textual.textualize.io,5,80,50
velog.io,5,60,308
yuque.com,5,100,76
Sogou,4,75,120
Vkontakte,4,100,0
