name,visitors
Chrome,332879
Microsoft Edge,138069
Safari,20923
Firefox,20876
Opera,16915
Yandex Browser,9620
Mobile App,3898
Quark,1352
Smart Lenovo Browser,987
Samsung Browser,822
QQ Browser,750
Whale Browser,488
Sogou Explorer,331
Avast Secure Browser,241
MIUI Browser,212
vivo Browser,192
Huawei Browser Mobile,140
Huawei Browser,134
AVG Secure Browser,109
Chromium,70
(not set),64
QtWebEngine,55
Brave,53
UC Browser,38
Opera GX,35
Norton Private Browser,32
360 Secure Browser,28
Mobile Silk,26
Opera Touch,25
CCleaner,24
Hi Browser,22
Iron,22
Phoenix Browser,22
SberBrowser,21
Pale Moon,12
Android Browser,11
JioSphere,11
Oculus Browser,11
Avira Secure Browser,10
Coc Coc,9
Ecosia,9
NetFront,9
Aloha Browser,8
Chromium GOST,8
Mypal,8
115 Browser,7
Atom,7
Steam In-Game Overlay,6
Cheetah Browser,4
DuckDuckGo Privacy Browser,4
Opera Devices,4
QQ Browser Lite,4
Realme Browser,4
UBrowser,4
Konqueror,3
Sleipnir,3
Basilisk,2
Internet Explorer,2
Kindle Browser,2
Lenovo Browser,2
Openwave Mobile Browser,2
Oppo Browser,2
Sailfish Browser,2
Sogou Mobile Browser,2
Xvast,2
AdBlock Browser,1
CoolBrowser,1
REST Client for Ruby,1
Vivaldi,1
t-online.de Browser,1
