name,version,visitors
Windows,10,456549
Mac,10.15,45814
Android,10,20387
GNU/Linux,(not set),7194
Chrome OS,14541.0,3199
iOS,18.7,3157
Windows,7,1944
iOS,18.6,1695
Ubuntu,(not set),1548
iOS,26.2,1200
Android,15,632
iOS,18.5,556
Android,16,473
Android,12,436
Android,13,435
iOS,26.1,426
Android,14,390
Windows,8.1,326
Android,11,273
iOS,16.7,176
iOS,18.3,161
iOS,15.8,130
iOS,26.0,130
iOS,18.1,119
iOS,17.6,115
Windows,XP,109
Mac,10.13,108
iOS,18.4,106
Chrome OS,14816.131,103
Android,9,96
Android,8.1,78
iOS,17.5,72
HarmonyOS,(not set),70
iOS,18.0,68
Android,6.0,59
iOS,18.2,57
iOS,26.3,55
Windows,8,53
Mac,10.11,44
Mac,10.14,43
(not set),(not set),39
iOS,17.4,35
iPadOS,17.7,33
Mac,10.12,31
iOS,15.1,31
iOS,16.6,31
iOS,17.1,31
iOS,17.7,31
iOS,14.5,29
iOS,14.3,26
Mac,10.10,23
iOS,15.0,23
iPadOS,17.6,23
Android,5.1,22
Windows,Server 2003,22
Fire OS,7,21
iOS,14.8,18
iOS,16.5,16
iOS,17.2,16
iPadOS,16.7,15
iOS,17.3,15
Chrome OS,14092.77,13
iPadOS,15.8,13
Android,(not set),12
iOS,16.2,11
HarmonyOS,3.0,11
Mac,10.9,10
iOS,12.5,10
iOS,16.0,10
iOS,16.1,10
iOS,16.3,10
iPadOS,17.5,10
Android,7.0,10
Chrome OS,12239.92,9
Android,5.0,9
Fire OS,8,8
Android,8.0,8
Windows,(not set),7
Mac,14.4,7
iOS,17.0,7
iPadOS,17.4,7
Android,4.4,7
UOS,(not set),6
iOS,15.6,6
Android,7.1,6
iOS,14.0,5
iOS,15.5,5
iPadOS,16.3,5
KaiOS,2.5,5
PlayStation,5.12,5
iOS,7.0,5
Mac,(not set),4
Chrome OS,13597.84,4
Chrome OS,14469.59,4
Chrome OS,14816.64,4
iPadOS,16.6,4
Fire OS,5,4
Windows,Vista,4
RedOS,(not set),3
iOS,10.3,3
iOS,13.2,3
iOS,13.4,3
iPadOS,15.6,3
iOS,15.7,3
iPadOS,16.1,3
iOS,16.4,3
iPadOS,17.3,3
HarmonyOS,2.2,3
Android,9.0,3
Nintendo,Switch,3
Sailfish OS,(not set),2
Windows Phone,10.0,2
Mac,10.16,2
Mac,10.4,2
Chrome OS,12371.89,2
Mac,14.0,2
Chrome OS,14695.107,2
iOS,15.2,2
iOS,15.3,2
iOS,15.4,2
iPadOS,15.5,2
Mac,15.5,2
iPadOS,16.0,2
iPadOS,16.4,2
iPadOS,16.5,2
iPadOS,17.1,2
iPadOS,17.2,2
Tizen,5.0,2
CentOS,7.5,2
Windows,NT,2
Solaris,(not set),1
FreeBSD,(not set),1
Android TV,11,1
iOS,11.0,1
Mac,11.7,1
iOS,12.4,1
Chrome OS,12105.100,1
Mac,13.1,1
iOS,13.6,1
Android TV,14,1
Android,14.0,1
Mac,14.2,1
iOS,14.4,1
Mac,14.5,1
Mac,14.7,1
iOS,14.7,1
iPadOS,14.7,1
Chrome OS,14092.46,1
Chrome OS,14268.84,1
Chrome OS,14989.107,1
Android,15.0,1
iPadOS,15.1,1
iPadOS,15.4,1
iPadOS,15.7,1
Chrome OS,15236.80,1
PlayStation,4.13,1
Android,4.2,1
iOS,5.0,1
Tizen,6.0,1
Android TV,9,1
Tizen,9.0,1
