name,visitors,pageviews,bounce_rate,time_on_page,scroll_depth
/tr/3.15/using/windows.html,27,23,67,28,27
/tr/3/library/datatypes.html,26,26,96,15,30
/tr/3.14/,24,18,56,60,77
/tr/3/library/codecs.html,17,17,100,12,4
/tr/3/library/socket.html,17,17,94,,
/tr/3/library/pprint.html,16,16,94,15,15
/tr/3/c-api/typeobj.html,14,14,93,10,2
/tr/3/library/datetime.html,14,14,100,12,3
/tr/3/reference/compound_stmts.html,14,14,100,15,4
/tr/3/tutorial/index.html,11,13,86,265,62
/tr/3.14/tutorial/index.html,10,9,75,48,50
/tr/3/library/decimal.html,10,10,100,8,4
/tr/3.14/library/idle.html,8,9,25,34,34
/tr/3.14/search.html,8,12,0,35,83
/tr/3.14/tutorial/,7,8,100,31,86
/tr/3/library/cmath.html,7,6,100,15,15
/tr/3/library/internet.html,7,7,100,3,24
/tr/3/library/numeric.html,7,7,86,4,34
/tr/3/library/pathlib.html,7,7,100,,
/tr/3.13/search.html,6,8,0,19,61
/tr/3/library/signal.html,6,6,100,17,9
/tr/3/library/ssl.html,6,6,100,,
/tr/3.14/library/functions.html,5,5,100,279,35
/tr/3.14/tutorial/appetite.html,5,4,0,11,82
/tr/3/library/pipes.html,5,5,80,15,42
/tr/3/library/tkinter.html,5,3,100,19,41
/tr/3/tutorial/inputoutput.html,5,5,100,330,69
/tr/3.14/glossary.html,4,3,0,6,39
/tr/3.14/library/index.html,4,5,100,9,16
/tr/3.14/tutorial/interpreter.html,4,3,0,53,75
/tr/3/,4,4,50,4,87
/tr/3/installing/index.html,4,3,100,22,38
/tr/3/library/chunk.html,4,4,100,15,55
/tr/3/library/custominterp.html,4,4,100,,
/tr/3/library/importlib.resources.html,4,4,100,,
/tr/3/library/lzma.html,4,4,100,12,12
/tr/3/library/mm.html,4,4,100,,
/tr/3/library/ossaudiodev.html,4,4,75,15,43
/tr/3/library/sqlite3.html,4,4,100,,
/tr/3/library/trace.html,4,4,100,,
/tr/3/library/urllib.robotparser.html,4,4,100,,
/tr/3/library/uu.html,4,4,100,,
/tr/3/library/xdrlib.html,4,4,100,,
/tr/3.13/,3,4,0,17,73
/tr/3.14/tutorial/datastructures.html,3,7,0,58,37
/tr/3.14/tutorial/introduction.html,3,2,0,49,58
/tr/3.14/using/windows.html,3,3,0,12,17
/tr/3.14/whatsnew/3.14.html,3,3,0,9,2
/tr/3.15/search.html,3,10,0,29,100
/tr/3/library/colorsys.html,3,3,100,5,46
/tr/3/library/compression.html,3,3,100,15,41
/tr/3/library/ctypes.html,3,3,100,15,2
/tr/3/library/curses.html,3,3,100,0,3
/tr/3/library/debug.html,3,3,100,,
/tr/3/library/index.html,3,6,50,237,17
/tr/3/library/smtpd.html,3,3,100,,
/tr/3/library/sndhdr.html,3,3,100,,
/tr/3/library/telnetlib.html,3,3,100,10,61
/tr/3/library/tk.html,3,2,100,21,55
/tr/3.13/glossary.html,2,1,0,20,12
/tr/3.13/installing/index.html,2,1,0,12,99
/tr/3.13/library/constants.html,2,1,0,42,100
/tr/3.13/library/pprint.html,2,1,0,47,37
/tr/3.13/tutorial/index.html,2,2,100,,
/tr/3.14/download.html,2,4,0,10,100
/tr/3.14/genindex.html,2,1,0,29,100
/tr/3.14/library/constants.html,2,1,0,1,24
/tr/3.14/library/development.html,2,1,0,3,15
/tr/3.14/library/glob.html,2,1,0,12,62
/tr/3.14/library/pydoc.html,2,1,0,1,32
/tr/3.14/library/tkinter.html,2,2,100,8,11
/tr/3.14/tutorial/controlflow.html,2,2,0,422,88
/tr/3.15/genindex.html,2,1,0,4,100
/tr/3.15/index.html,2,1,0,15,63
/tr/3.15/py-modindex.html,2,1,0,9,11
/tr/3.15/whatsnew/3.15.html,2,1,0,8,3
/tr/3/download.html,2,2,50,24,100
/tr/3/glossary.html,2,2,100,1782,35
/tr/3/howto/sockets.html,2,2,50,,
/tr/3/howto/urllib2.html,2,2,100,,
/tr/3/library/audit_events.html,2,2,100,15,8
/tr/3/library/functions.html,2,1,0,197,6
/tr/3/library/importlib.metadata.html,2,2,50,,
/tr/3/library/importlib.resources.abc.html,2,2,100,,
/tr/3/library/intro.html,2,2,0,1,53
/tr/3/library/nntplib.html,2,2,100,,
/tr/3/library/pdb.html,2,2,100,6,8
/tr/3/library/select.html,2,2,100,,
/tr/3/library/site.html,2,2,100,,
/tr/3/library/stdtypes.html,2,1,0,174,6
/tr/3/library/string.templatelib.html,2,2,100,,
/tr/3/library/test.html,2,2,100,,
/tr/3/tutorial/controlflow.html,2,2,100,8,4
/tr/3/tutorial/interpreter.html,2,2,100,,
/tr/3.12/glossary.html,1,2,0,,
/tr/3.12/tutorial/classes.html,1,1,100,17,67
/tr/3.13/library/__main__.html,1,1,0,96,13
/tr/3.13/library/functions.html,1,2,0,139,9
/tr/3.13/library/idle.html,1,1,0,61,5
/tr/3.13/library/index.html,1,1,0,24,11
