name,visitors
Istanbul,38
Baku,26
Guangdong,25
Jiangsu,22
Hebei,14
Zhejiang,11
Ankara,9
Fujian,8
Liaoning,6
Bursa,6
Shanghai,5
Izmir,5
Baden-Württemberg,4
Sichuan,3
Maharashtra,3
Tianjin,2
England,2
Haryana,2
South Holland,2
Canterbury,2
Çankırı,2
Elazığ,2
Gaziantep,2
Mersin,2
Tekirdağ,2
Bartın,2
Hanoi,2
Dhaka Division,1
Shandong,1
Yunnan,1
Bavaria,1
Hesse,1
North Rhine-Westphalia,1
Uusimaa,1
Tokyo,1
Gyeonggi,1
Dushanbe,1
Adana,1
Antalya,1
Balıkesir,1
Denizli,1
Konya,1
Malatya,1
Yalova,1
California,1
Fergana,1
Tashkent,1
