name,visitors
Mexico,878
Colombia,704
Spain,591
Argentina,457
Peru,301
Chile,282
Ecuador,97
United States,95
Bolivia,82
Venezuela,78
Costa Rica,54
Dominican Republic,49
Uruguay,48
Guatemala,35
El Salvador,34
China,26
Singapore,20
Paraguay,18
Nicaragua,17
Panama,17
Honduras,16
Cuba,15
Brazil,14
Netherlands,11
Switzerland,8
Germany,8
Canada,6
France,5
United Kingdom,4
Indonesia,4
Puerto Rico,4
Portugal,4
India,3
Italy,3
Austria,2
Burkina Faso,2
Equatorial Guinea,2
Hong Kong,2
Japan,2
South Korea,2
Pakistan,2
Slovenia,2
Andorra,1
Bulgaria,1
Denmark,1
Egypt,1
Hungary,1
Ireland,1
Morocco,1
Poland,1
Romania,1
Sudan,1
Sweden,1
