name,version,visitors
Windows,10,3863
Mac,10.15,696
Android,15,185
Android,10,126
GNU/Linux,(not set),123
Windows,7,122
Android,16,63
Android,14,50
iOS,18.7,48
Android,12,47
iOS,18.6,44
HarmonyOS,(not set),38
Android,11,31
Android,13,30
Ubuntu,(not set),24
Android,9,20
(not set),(not set),19
iOS,26.1,10
Mac,10.14,8
iOS,18.5,8
Windows,(not set),7
Windows,8.1,7
iOS,17.6,6
HarmonyOS,3.0,6
iOS,4.3,6
iOS,16.6,5
Windows,Server 2003,5
iOS,18.1,4
Windows,XP,4
Mac,10.13,3
iOS,13.6,3
iOS,16.1,3
iOS,16.7,3
iOS,18.2,3
iOS,18.3,3
HarmonyOS,2.2,3
iOS,14.4,2
Android,15.0,2
iOS,16.3,2
iOS,17.0,2
Android,6.0,2
Windows,8,2
Android,8.1,2
UOS,(not set),1
Mac,10.10,1
Mac,10.12,1
Android,14.0,1
Mac,14.0,1
iOS,14.6,1
Chrome OS,14541.0,1
Mac,15.1,1
iOS,15.6,1
iOS,15.8,1
iOS,16.0,1
iPadOS,16.5,1
iOS,17.1,1
iOS,18.0,1
iOS,18.4,1
iOS,26.0,1
Android,8.0,1
