name,unique_exits,total_exits,exit_rate
/ko/3.13/tutorial/index.html,100,102,
/ko/3.13/library/idle.html,83,86,
/ko/3/tutorial/index.html,56,56,
/ko/3.13/library/functions.html,42,40,
/ko/3.13/installing/index.html,41,42,
/ko/dev/library/turtle.html,34,35,
/ko/3.13/library/turtle.html,32,32,
/ko/3.13/tutorial/errors.html,32,35,
/ko/3.13/library/index.html,31,31,
/ko/3.13/tutorial/interpreter.html,30,30,
/ko/3/,26,27,
/ko/3/library/functions.html,26,28,
/3/,22,20,
/ko/3.13/library/stdtypes.html,22,22,
/ko/3.13/tutorial/introduction.html,20,21,
/ko/3.13/whatsnew/index.html,20,26,
/ko/3.13/library/math.html,18,19,
/ko/3.13/using/windows.html,18,18,
/ko/3.13/howto/sorting.html,17,19,
/ko/3.13/library/subprocess.html,17,17,
/ko/3/library/index.html,17,17,
/ko/3.13/library/json.html,16,16,
/ko/3.13/tutorial/classes.html,16,16,
/ko/3.13/tutorial/datastructures.html,16,16,
/ko/3.13/library/random.html,15,15,
/ko/3.13/tutorial/controlflow.html,14,14,
/ko/3.13/tutorial/modules.html,14,16,
/ko/3.13/library/datetime.html,13,14,
/ko/3.13/search.html,13,14,
/ko/3/tutorial/,13,14,
/ko/3.13/glossary.html,12,12,
/ko/3.13/library/xml.etree.elementtree.html,12,12,
/ko/3.12/library/stdtypes.html,11,11,
/ko/3.13/library/collections.html,11,11,
/ko/3.13/library/heapq.html,11,11,
/ko/3.13/tutorial/inputoutput.html,11,11,
/ko/3/library/stdtypes.html,11,12,
/ko/3/tutorial/interpreter.html,11,11,
/ko/3.13/library/ctypes.html,10,10,
/ko/3/tutorial/introduction.html,10,9,
/ko/3.13/,9,9,
/ko/3.13/library/argparse.html,9,10,
/ko/3.13/library/multiprocessing.html,9,9,
/ko/3.13/reference/import.html,9,9,
/ko/3/library/uuid.html,9,9,
/ko/3/reference/,9,9,
/ko/3/tutorial/controlflow.html,9,9,
/ko/dev/c-api/init.html,9,9,
/ko/3.13/howto/urllib2.html,8,8,
/ko/3.13/tutorial/appetite.html,8,10,
/ko/3/extending/extending.html,8,8,
/ko/3/library/logging.handlers.html,8,9,
/ko/3.13/howto/logging.html,7,7,
/ko/3.13/library/csv.html,7,7,
/ko/3.13/library/os.html,7,6,
/ko/3.13/library/pathlib.html,7,7,
/ko/3.13/library/re.html,7,7,
/ko/3.13/library/struct.html,7,7,
/ko/3.13/library/venv.html,7,7,
/ko/3.13/library/array.html,6,6,
/ko/3.13/library/itertools.html,6,6,
/ko/3.13/library/unittest.html,6,6,
/ko/3.13/reference/datamodel.html,6,8,
/ko/3.13/reference/index.html,6,6,
/3/library/turtle.html,5,6,
/ko/3.13/contents.html,5,5,
/ko/3.13/howto/regex.html,5,5,
/ko/3.13/library/abc.html,5,5,
/ko/3.13/library/asyncio-task.html,5,4,
/ko/3.13/library/os.path.html,5,6,
/ko/3.13/library/pprint.html,5,5,
/ko/3.13/library/shutil.html,5,5,
/ko/3.13/library/threading.html,5,6,
/ko/3.13/library/urllib.parse.html,5,5,
/ko/3.13/library/zipfile.html,5,5,
/ko/3/extending/embedding.html,5,5,
/ko/3/glossary.html,5,5,
/ko/3/library/configparser.html,5,5,
/ko/3/tutorial/inputoutput.html,5,5,
/ko/dev/library/idle.html,5,5,
/3.13/using/windows.html,4,4,
/3/library/asyncio-task.html,4,4,
/3/library/idle.html,4,4,
/3/library/index.html,4,4,
/ko/3.13/library/ast.html,4,4,
/ko/3.13/library/concurrent.futures.html,4,4,
/ko/3.13/library/html.parser.html,4,4,
/ko/3.13/library/http.client.html,4,4,
/ko/3.13/library/http.server.html,4,4,
/ko/3.13/library/io.html,4,5,
/ko/3.13/library/logging.html,4,4,
/ko/3.13/library/socket.html,4,4,
/ko/3.13/library/unittest.mock.html,4,4,
/ko/3.13/reference/compound_stmts.html,4,4,
/ko/3.13/reference/lexical_analysis.html,4,4,
/ko/3.13/using/index.html,4,4,
/ko/3/index.html,4,6,
/ko/3/library/functools.html,4,4,
/ko/3/library/time.html,4,4,
/ko/3/library/turtle.html,4,4,
