property,value,visitors,events,percentage
url,(none),433,794,100.0
url,https://www.python.org/,3,3,0.7
url,https://docs.python.org/it/3.14/archives/python-3.14-docs-html.zip,1,1,0.2
url,https://docs.python.org/it/3.14/archives/python-3.14-docs-text.zip,1,1,0.2
url,https://github.com/python/cpython/issues/113964,1,1,0.2
url,https://github.com/python/cpython/issues/93252,1,1,0.2
url,https://packaging.python.org/en/latest/tutorials/packaging-projects/,1,1,0.2
url,https://pypi.org/,1,1,0.2
url,https://scipy.org/,1,1,0.2
url,https://www.python.org/downloads/,1,1,0.2
