name,visitors,bounce_rate,visit_duration
Direct / None,4976,62,269
google.com,967,82,133
cn.bing.com,952,68,134
baidu.com/link,834,77,73
google.com.hk,240,89,113
python.org,153,0,412
bing.com,140,67,135
baidu.com,137,80,99
codecademy.cn,93,41,253
link.zhihu.com,50,62,181
m.baidu.com,45,89,12
chatgpt.com,31,42,367
doubao.com,24,55,394
link.csdn.net,22,62,167
python.p2hp.com,12,0,1024
codecademy.cn/tutorial/python,10,40,24
so.com/link,9,88,93
yuanbao.tencent.com,9,50,465
c.biancheng.net,7,67,23
runoob.com,7,50,74
yz.m.sm.cn/s,7,86,3
chat.baidu.com,6,60,427
acwing.com,5,14,281
72.itmc.org.cn,4,75,2
github.com,4,0,42
ntp.msn.cn,4,75,11
bytedance.larkoffice.com,3,100,0
fastapi.tiangolo.com,3,33,70
jianshu.com,3,100,8
leetcode.cn,3,100,7
wenxiaobai.com,3,67,8
3ms.huawei.com,2,100,0
bjoernricks.github.io,2,0,358
blog.csdn.net/weixin_42399800/article/details/143822422,2,50,142
cloud.tencent.com/developer/tools/blog-entry,2,0,4
cnblogs.com,2,100,0
copilot.microsoft.com,2,100,0
csdiy.wiki,2,100,0
duckduckgo.com,2,100,4
flask.palletsprojects.com/zh-cn/stable/tutorial,2,0,22
github.com/Dobot-Arm/TCP-IP-Python-V4,2,100,0
learnku.com,2,50,1780
liaoxuefeng.com,2,0,89
lintcode.com,2,67,8
m.baidu.com/from=1000969a/bd_page_type=1/ssid=0/uid=0/pu=usm%400%2Csz%401320_1001%2Cta%40iphone_2_12.0_29_114.0/baiduid=8F9C4CEE8E172A7480E60F6134807875/w=0_10_/t=iphone/l=1/tc,2,100,0
m.baidu.com/from=1015011n/bd_page_type=1/ssid=0/uid=0/pu=usm%400%2Csz%401320_1001%2Cta%40iphone_2_12.0_24_137.0/baiduid=98D0A0CE33E0334BD0DD2A21507D070A/w=0_10_/t=iphone/l=1/tc,2,100,0
m.so.com/s,2,0,0
pythonhowto.readthedocs.io/zh-cn/latest/object.html,2,0,484
tongyi.aliyun.com/qianwen,2,100,12
tongyi.com,2,0,34
www4.bing.com,2,0,303
10.66.56.8,1,100,0
192.168.5.122,1,100,0
app.raindrop.io,1,0,2034
baike.baidu.com/reference/407313/533aYdO6cr3_z3kATPzezK3yYX7CYIiv7LHQUORzzqIPmGapB4rqWZt88M4r9vhpWgTZt9d4aJsWmKf5FQ8AqqhSKLxpXex8ySO3TWuGlOI,1,100,0
blog.csdn.net/cnds123/article/details/121719357,1,100,0
blog.csdn.net/qq_22497491/article/details/146142924,1,0,48
blog.csdn.net/qq_42951560/article/details/124224972,1,0,6
bohrium.com/courses/5145067675,1,100,0
bohrium.com/notebooks/45327431216/update,1,0,11
bot.n.cn,1,0,1322
bugfree.cc,1,100,0
bytedance.feishu.cn,1,100,0
c.biancheng.net/view/4208.html,1,0,906
cd.xrnm.xyz,1,100,0
chat.qwen.ai/c/c2838ae2-d7a3-4c2d-a301-b4184327cdf9,1,100,0
chat.zchat.tech,1,100,0
chatbot.goodix.com,1,0,14
clouddocs.huawei.com,1,100,0
cn.bing.com/search,1,0,34
codemao.yuque.com,1,100,0
console.his.huawei.com,1,0,11
cp.baidu.com,1,0,44
cs50.harvard.edu,1,0,558
developers.google.com,1,0,2726
dida100.com,1,100,0
document.ketangpai.com,1,100,0
doubao.com/chat/11031079555518978,1,0,48
educoder.net,1,100,0
educoder.net/classrooms/89132/common_homework/2580138/post,1,100,0
engdoc.corp.google.com,1,0,33
enneagramcoach.pl,1,0,60
evaluation.woa.com,1,0,0
gateway.zscloud.net,1,100,0
gemini.google.com,1,0,240
gitcode.com,1,0,14
github.com/JoeanAmier/TikTokDownloader/wiki/Documentation,1,100,0
github.com/LeoMobileDeveloper/Blogs/blob/master/Python/Python%E5%BF%AB%E9%80%9F%E5%85%A5%E9%97%A8%E6%95%99%E7%A8%8B.md,1,100,0
github.com/MCDReforged/MCDReforged/blob/master/README_zh_cn.md,1,100,0
github.com/python/cpython/blob/main/InternalDocs/garbage_collector.md,1,0,0
github.com/twtrubiks/python-creation-of-virtual-environments,1,0,493
global.bing.com,1,0,17
google.co.jp,1,100,0
higpt.hisense.com,1,100,0
hub.gesis.mybinder.org,1,0,585
ilearning.huawei.com,1,0,14
ima.qq.com,1,0,78
imapclient.readthedocs.io/en/3.0.0/api.html,1,0,0
itnan.cc,1,0,39
iwiki.woa.com,1,0,2321
langchain-ai.github.io,1,0,0
lanz.hikvision.com,1,100,0
learn.polyu.edu.hk,1,0,484
learning-pytest.readthedocs.io/zh/latest/doc/test-function/assert.html,1,0,0
link.juejin.cn,1,0,57
longcheer.feishu.cn,1,0,1224
luminaedu.com,1,0,0
m.baidu.com/from=1001192y/bd_page_type=1/ssid=0/uid=0/pu=usm%400%2Csz%401320_1001%2Cta%40iphone_2_10.0_28_16.0/baiduid=389768B5A26AB621B7963FB1C8527F71/w=0_10_/t=iphone/l=1/tc,1,0,32
m.baidu.com/from=1001192y/bd_page_type=1/ssid=0/uid=0/pu=usm%400%2Csz%401320_1001%2Cta%40iphone_2_10.0_28_16.0/baiduid=678F92AE806CD161F006E8C4D1051312/w=0_10_/t=iphone/l=1/tc,1,0,0
m.baidu.com/from=1001192y/bd_page_type=1/ssid=0/uid=0/pu=usm%400%2Csz%401320_1001%2Cta%40iphone_2_10.0_28_16.0/baiduid=70403824385824BF09E0DD902B4765C8/w=0_10_/t=iphone/l=1/tc,1,100,0
m.baidu.com/from=1001192y/bd_page_type=1/ssid=0/uid=0/pu=usm%400%2Csz%401320_1001%2Cta%40iphone_2_10.0_28_16.0/baiduid=72C524D4D31EB276826C983BF3EB5856/w=0_10_/t=iphone/l=1/tc,1,0,367
m.baidu.com/from=1001192y/bd_page_type=1/ssid=0/uid=0/pu=usm%400%2Csz%401320_1001%2Cta%40iphone_2_10.0_28_16.0/baiduid=B66A2FDCD4718A192841E5A3E90B86D1/w=0_10_/t=iphone/l=1/tc,1,100,0
m.baidu.com/from=1001192y/bd_page_type=1/ssid=0/uid=0/pu=usm%400%2Csz%401320_1001%2Cta%40iphone_2_11.0_28_16.0/baiduid=B4FF8B4DDD365D728FC89C0C6F574551/w=0_10_/t=iphone/l=1/tc,1,0,0
m.baidu.com/from=1001192y/bd_page_type=1/ssid=0/uid=0/pu=usm%400%2Csz%401320_1001%2Cta%40iphone_2_12.0_28_14.0/baiduid=72E7C749E26926AAB95E9853E0FDE810/w=20_10_/t=iphone/l=1/tc,1,0,1
m.baidu.com/from=1001192y/bd_page_type=1/ssid=0/uid=0/pu=usm%402%2Csz%401320_1001%2Cta%40iphone_2_12.0_28_16.0/baiduid=537B0FFE85623BBC7144F9E2FF577478/w=0_10_/t=iphone/l=1/tc,1,0,0
m.baidu.com/from=1001192y/bd_page_type=1/ssid=0/uid=0/pu=usm%402%2Csz%401320_1001%2Cta%40iphone_2_12.0_28_16.0/baiduid=AF52D2375613CD3523B5BD0767940C0E/w=0_10_/t=iphone/l=1/tc,1,0,0
m.baidu.com/from=1001192y/bd_page_type=1/ssid=0/uid=0/pu=usm%403%2Csz%401320_1001%2Cta%40iphone_2_10.0_28_16.0/baiduid=C6719B580E2B341DDBD085704FB1C4CA/w=0_10_/t=iphone/l=1/tc,1,100,0
m.baidu.com/from=1001192y/bd_page_type=1/ssid=0/uid=0/pu=usm%404%2Csz%401320_1001%2Cta%40iphone_2_12.0_28_16.0/baiduid=D2F66FAFAA43EC38AFDD9CBF80E65EE8/w=0_10_/t=iphone/l=1/tc,1,0,1
m.baidu.com/from=1001192y/bd_page_type=1/ssid=0/uid=0/pu=usm%406%2Csz%401320_1001%2Cta%40iphone_2_12.0_28_16.0/baiduid=756C755C44551CCBDDDE25138DAF012A/w=0_10_/t=iphone/l=1/tc,1,100,0
m.baidu.com/from=1001703a/bd_page_type=1/ssid=0/uid=0/pu=sz%401320_480%2Ccuid%40l8HI808JHugS8Hi6l8vZulOL2il_uHah0u2jigagviik93PvA%2Ccua%40_a-qiyau2igyNE65I5me6NN02I_Uhvh0SdNqA%2Ccut%40JtQS8_ujLigjNviT4t1HR8qEC%2Cosname%40baiduboxapp%2Cctv%402%2Ccfrom%40757b%2Ccen%40cuid_cua_cut%2Cosbranch%40a2%2Ccsrc%40app_mainbox_txt%2Cta%40iphone_2_15.0_18_40.9%2Cusm%405/baiduid=FBA33F9F448F8721614527EDA8633170/w=0_10_/t=iphone/l=1/tc,1,0,44
m.baidu.com/from=1001703a/bd_page_type=1/ssid=0/uid=0/pu=usm%403%2Csz%401320_1001%2Cta%40iphone_2_15.0_18_40.9/baiduid=8CEC5533499DB0F648694C0DE351D292/w=0_10_/t=iphone/l=1/tc,1,100,0
m.baidu.com/from=1001703a/bd_page_type=1/ssid=0/uid=0/pu=usm%406%2Csz%401320_1001%2Cta%40iphone_2_15.0_18_40.9/baiduid=E9CF4F5CE640F181437E974492D76C91/w=0_10_/t=iphone/l=1/tc,1,0,15
m.baidu.com/from=1012852q/bd_page_type=1/ssid=0/uid=0/pu=usm%400%2Csz%401320_1004%2Cta%40iphone_2_14.0_11_19.7/baiduid=7549486518543EF301234D15B2A3F6A7/w=0_10_/t=iphone/l=1/tc,1,100,0
m.baidu.com/from=1012852q/bd_page_type=1/ssid=0/uid=0/pu=usm%400%2Csz%401320_1004%2Cta%40iphone_2_15.0_11_19.5/baiduid=26860A62CB7306A82A11C18C624AC145/w=0_10_/t=iphone/l=1/tc,1,100,0
m.baidu.com/from=1012852q/bd_page_type=1/ssid=0/uid=0/pu=usm%400%2Csz%401320_1004%2Cta%40iphone_2_15.0_11_19.6/baiduid=3CE5AA4A754A00603133CF96D2FB2FBF/w=0_10_/t=iphone/l=1/tc,1,0,329
m.baidu.com/from=1012852q/bd_page_type=1/ssid=0/uid=0/pu=usm%400%2Csz%401320_1004%2Cta%40iphone_2_15.0_11_19.7/baiduid=2B6362303C4D6E6765EB4E77B3391735/w=0_10_/t=iphone/l=1/tc,1,100,0
m.baidu.com/from=1012852q/bd_page_type=1/ssid=0/uid=0/pu=usm%401%2Csz%401320_1004%2Cta%40iphone_2_14.0_11_17.8/baiduid=5F219A1DD7FDB5A1155601D2AE1E2AA9/w=0_10_/t=iphone/l=1/tc,1,0,164
m.baidu.com/from=1012852q/bd_page_type=1/ssid=0/uid=0/pu=usm%401%2Csz%401320_1004%2Cta%40iphone_2_15.0_11_18.3/baiduid=0E8FF689A1E6519B9666125D265136FB/w=0_10_/t=iphone/l=1/tc,1,100,0
m.baidu.com/from=1012852q/bd_page_type=1/ssid=0/uid=0/pu=usm%401%2Csz%401320_1004%2Cta%40iphone_2_15.0_11_19.8/baiduid=7474C3A192C2A79C66395B486450D575/w=0_10_/t=iphone/l=1/tc,1,100,0
m.baidu.com/from=1012852q/bd_page_type=1/ssid=0/uid=0/pu=usm%402%2Csz%401320_1004%2Cta%40iphone_2_13.0_11_19.7/baiduid=D4B6A9BB9802B8DB7CC6F5BB28F18804/w=0_10_/t=iphone/l=1/tc,1,100,0
m.baidu.com/from=1012852q/bd_page_type=1/ssid=0/uid=0/pu=usm%403%2Csz%401320_1004%2Cta%40iphone_2_15.0_11_19.7/baiduid=CA6413180CDEABB1C8A1A8F4982DC98F/w=0_10_/t=iphone/l=1/tc,1,0,7
m.baidu.com/from=1012852q/bd_page_type=1/ssid=0/uid=0/pu=usm%404%2Csz%401320_1004%2Cta%40iphone_2_13.0_11_19.3/baiduid=429A5C1B42A6664CCC562EC9F1AA3C3D/w=0_10_/t=iphone/l=1/tc,1,100,0
m.baidu.com/from=1012852q/bd_page_type=1/ssid=0/uid=0/pu=usm%406%2Csz%401320_1004%2Cta%40iphone_2_15.0_11_19.5/baiduid=ABBB21AE79831CD60558FCCED0EDEF32/w=0_10_/t=iphone/l=1/tc,1,100,0
m.baidu.com/from=1013966u/bd_page_type=1/ssid=0/uid=0/pu=usm%400%2Csz%401320_1001%2Cta%40iphone_2_10.0_19_25.1/baiduid=3FB0E1D6FC9645DAF1178B565A38B8C7/w=0_10_/t=iphone/l=1/tc,1,100,0
m.baidu.com/from=1013966u/bd_page_type=1/ssid=0/uid=0/pu=usm%400%2Csz%401320_1001%2Cta%40iphone_2_14.0_19_25.0/baiduid=D54FD0CF5881A7E80D75972B164270C8/w=0_10_/t=iphone/l=1/tc,1,100,0
m.baidu.com/from=1013966u/bd_page_type=1/ssid=0/uid=0/pu=usm%401%2Csz%401320_1001%2Cta%40iphone_2_15.0_19_24.9/baiduid=3F6FE299D1A909656D52CD3D9F2DD08E/w=0_10_/t=iphone/l=1/tc,1,0,24
m.baidu.com/from=1013966u/bd_page_type=1/ssid=0/uid=0/pu=usm%404%2Csz%401320_1001%2Cta%40iphone_2_8.1_19_25.1/baiduid=9E59DE3D6DD51D51CBAA2753630FCA43/w=0_10_/t=iphone/l=1/tc,1,0,21
m.baidu.com/from=1015011n/bd_page_type=1/ssid=0/uid=0/pu=usm%402%2Csz%401320_1001%2Cta%40iphone_2_12.0_24_114.0/baiduid=51335A24EAB051FFE7CB48980361DAAB/w=0_10_/t=iphone/l=1/tc,1,0,0
m.baidu.com/from=1019311a/bd_page_type=1/ssid=0/uid=0/pu=usm%403%2Csz%401320_1001%2Cta%40iphone_2_15.0_19_24.9/baiduid=216B54CF045A317E921DC46204E5E410/w=0_10_/t=iphone/l=1/tc,1,100,0
m.baidu.com/from=1019311v/bd_page_type=1/ssid=0/uid=0/pu=usm%400%2Csz%401320_1001%2Cta%40iphone_2_15.0_19_25.1/baiduid=52F4AB26155948AA07E09D7D006208FC/w=0_10_/t=iphone/l=1/tc,1,100,0
m.baidu.com/from=1019311v/bd_page_type=1/ssid=0/uid=0/pu=usm%409%2Csz%401320_1001%2Cta%40iphone_2_15.0_19_25.2/baiduid=8FB60AED37CE3193D349B5F5F365F608/w=0_10_/t=iphone/l=1/tc,1,0,89
m.baidu.com/from=1020761f/bd_page_type=1/ssid=0/uid=0/pu=sz%401320_1001%2Cta%40iphone_2_14.0_19_25.0%2Cusm%400/baiduid=9BFFA5E0AF4D8F5701FD856E3316D067/w=0_10_/t=iphone/l=1/tc,1,100,0
m.baidu.com/from=1020761f/bd_page_type=1/ssid=0/uid=0/pu=usm%400%2Csz%401320_1001%2Cta%40iphone_2_13.0_19_24.8/baiduid=6D81CC59DF895B0A4E07497C9D865983/w=0_10_/t=iphone/l=1/tc,1,100,0
m.baidu.com/from=1020761f/bd_page_type=1/ssid=0/uid=0/pu=usm%400%2Csz%401320_1001%2Cta%40iphone_2_14.0_19_23.6/baiduid=052980D688378D33BED6733F581A86CA/w=0_10_/t=iphone/l=1/tc,1,100,0
m.baidu.com/from=1020761f/bd_page_type=1/ssid=0/uid=0/pu=usm%402%2Csz%401320_1001%2Cta%40iphone_2_10.0_19_23.9/baiduid=56FBF8FD1939993FEA518A508302F3EA/w=0_10_/t=iphone/l=1/tc,1,100,0
m.baidu.com/from=1020761f/bd_page_type=1/ssid=0/uid=0/pu=usm%402%2Csz%401320_1001%2Cta%40iphone_2_15.0_19_25.1/baiduid=AAC44AC9DF355DD2AD896AF6A49E2C2B/w=0_10_/t=iphone/l=1/tc,1,100,0
m.baidu.com/from=1023341n/bd_page_type=1/ssid=0/uid=0/pu=sz%401320_1001%2Cta%40iphone_2_12.0_18_%2Cusm%400/baiduid=8A6C11EC3BDCA0C68F9EE58E4736D1B6/w=0_10_/t=iphone/l=1/tc,1,100,0
m.baidu.com/from=1023770h/bd_page_type=1/ssid=0/uid=0/pu=sz%401320_2001%2Cta%40iphone_1_17.2_25_17.2%2Cusm%401/baiduid=D99A2B0B71ED08CF14BDA2347BAD050E/w=0_10_/t=iphone/l=1/tc,1,100,0
m.baidu.com/from=1027624n/bd_page_type=1/ssid=0/uid=0/pu=usm%400%2Csz%401320_1004%2Cta%40iphone_2_14.0_11_19.8/baiduid=EC0C10F87B85F6F3765DC5853CA31E16/w=0_10_/t=iphone/l=1/tc,1,100,0
m.baidu.com/from=1030335a/bd_page_type=1/ssid=0/uid=0/pu=usm%400%2Csz%401320_1001%2Cta%40iphone_2_15.0_24_131.0/baiduid=F48FACD2137B1783D8D706066035ABA3/w=0_10_/t=iphone/l=1/tc,1,100,0
m.baidu.com/from=1086k/bd_page_type=1/ssid=0/uid=0/pu=usm%401%2Csz%401320_1002%2Cta%40iphone_2_15.0_2_19.1/baiduid=9934379140A31D07A2AE3E6B8502307E/w=0_10_/t=iphone/l=1/tc,1,100,0
m.baidu.com/from=1093f/bd_page_type=1/ssid=0/uid=0/pu=usm%401%2Csz%401320_1001%2Cta%40iphone_2_10.0_24_88.0/baiduid=7E4840A50DEB3DBDD8BCC3E69A9D704E/w=0_10_/t=iphone/l=1/tc,1,100,0
m.baidu.com/from=844b/bd_page_type=1/ssid=bfa74c6f78636f5f313732g186801000000/uid=0/pu=usm%400%2Csz%401320_1004%2Cta%40iphone_2_10.0_33_121.0/baiduid=06F648D3F2BE7A36953E4FB55BBB703C/w=0_10_/t=iphone/l=1/tc,1,0,673
m.so.com,1,100,0
m.sogou.com,1,0,0
mp.weixin.qq.com,1,0,1460
notes.eatonphil.com,1,0,152
odoo.com,1,0,350
opencsg.com,1,0,25
paddlepaddle.github.io,1,100,0
pangu-chat.tools.huawei.com,1,0,2440
phqdifyt03,1,100,0
pip.pypa.io/en/stable/installation,1,0,105
poe.com,1,100,0
pytest-mock.readthedocs.io/en/latest/usage.html,1,0,487
python.org/downloads,1,0,0
python.p2hp.com/doc/index.html,1,0,176
reddit.com,1,0,2797
roadmap.sh/python,1,0,1176
runoob.com/python3/python3-resources.html,1,100,0
so.com,1,100,0
tendcode.com,1,0,525
time.geekbang.org/course/detail/100310001-600796,1,100,0
tj4ilh.smartapps.baidu.com/showslave,1,0,15
tongyi.com/discover/chat,1,0,906
tongyi.com/qianwen,1,0,7
tss-aicode.aiaazure.biz,1,100,0
v2ex.com/t/1140935,1,0,429
vip.tulingpyton.cn,1,100,0
wangchujiang.com,1,100,0
wiki.sipeed.com,1,0,6
wiki.vemic.com,1,0,1339
www2.bing.com,1,100,0
xxrbear.cn,1,100,0
yandex.com,1,100,0
yequanrui.inhuawei.com,1,0,198
yikecode.yuque.com,1,100,0
youtube.com,1,0,306
yuanbao.tencent.com/chat/naQivTmsDa/d654c477-2181-4517-8c83-f1df7e330b09,1,0,43
yuanxiaosc.github.io,1,100,0
yuque.com,1,100,0
zh-google-styleguide.readthedocs.io/en/latest/google-python-styleguide/python_style_rules.html,1,100,0
zh.wikipedia.org,1,0,293
