name,visitors,bounce_rate,visit_duration
Direct / None,4973,62,270
Google,1206,83,131
Bing,1096,67,134
Baidu,1062,77,72
python.org,154,0,409
codecademy.cn,103,41,232
link.zhihu.com,50,62,181
chatgpt.com,33,46,345
doubao.com,25,55,380
link.csdn.net,22,62,167
python.p2hp.com,13,0,959
GitHub,11,62,60
360.cn,10,89,84
yuanbao.tencent.com,10,40,422
c.biancheng.net,8,57,134
runoob.com,8,56,66
Shenma,7,86,3
chat.baidu.com,6,60,427
acwing.com,5,14,281
blog.csdn.net,5,50,68
72.itmc.org.cn,4,75,2
ntp.msn.cn,4,75,11
tongyi.com,4,0,246
bytedance.larkoffice.com,3,100,0
fastapi.tiangolo.com,3,33,70
jianshu.com,3,100,8
leetcode.cn,3,100,7
m.so.com,3,33,0
wenxiaobai.com,3,67,8
3ms.huawei.com,2,100,0
DuckDuckGo,2,100,4
bjoernricks.github.io,2,0,358
bohrium.com,2,100,6
cloud.tencent.com,2,0,4
cnblogs.com,2,100,0
copilot.microsoft.com,2,100,0
csdiy.wiki,2,100,0
educoder.net,2,100,0
flask.palletsprojects.com,2,0,22
learnku.com,2,50,1780
liaoxuefeng.com,2,0,89
lintcode.com,2,67,8
pythonhowto.readthedocs.io,2,0,484
tongyi.aliyun.com,2,100,12
10.66.56.8,1,100,0
192.168.5.122,1,100,0
Reddit,1,0,2797
Sogou,1,0,0
Wikipedia,1,0,293
Yandex,1,100,0
Youtube,1,0,306
app.raindrop.io,1,0,2034
baike.baidu.com,1,100,0
bot.n.cn,1,0,1322
bugfree.cc,1,100,0
bytedance.feishu.cn,1,100,0
cd.xrnm.xyz,1,100,0
chat.qwen.ai,1,100,0
chat.zchat.tech,1,100,0
chatbot.goodix.com,1,0,14
clouddocs.huawei.com,1,100,0
codemao.yuque.com,1,100,0
console.his.huawei.com,1,0,11
cp.baidu.com,1,0,44
cs50.harvard.edu,1,0,558
dida100.com,1,100,0
document.ketangpai.com,1,100,0
enneagramcoach.pl,1,0,60
evaluation.woa.com,1,0,0
gateway.zscloud.net,1,100,0
gitcode.com,1,0,14
higpt.hisense.com,1,100,0
hub.gesis.mybinder.org,1,0,585
ilearning.huawei.com,1,0,14
ima.qq.com,1,0,78
imapclient.readthedocs.io,1,0,0
itnan.cc,1,0,39
iwiki.woa.com,1,0,2321
langchain-ai.github.io,1,0,0
lanz.hikvision.com,1,100,0
learn.polyu.edu.hk,1,0,484
learning-pytest.readthedocs.io,1,0,0
link.juejin.cn,1,0,57
longcheer.feishu.cn,1,0,1224
luminaedu.com,1,0,0
mp.weixin.qq.com,1,0,1460
notes.eatonphil.com,1,0,152
odoo.com,1,0,350
opencsg.com,1,0,25
paddlepaddle.github.io,1,100,0
pangu-chat.tools.huawei.com,1,0,2440
phqdifyt03,1,100,0
pip.pypa.io,1,0,105
poe.com,1,100,0
pytest-mock.readthedocs.io,1,0,487
roadmap.sh,1,0,1176
tendcode.com,1,0,525
time.geekbang.org,1,100,0
tj4ilh.smartapps.baidu.com,1,0,15
tss-aicode.aiaazure.biz,1,100,0
v2ex.com,1,0,429
vip.tulingpyton.cn,1,100,0
wangchujiang.com,1,100,0
wechat_session,1,100,0
wiki.sipeed.com,1,0,6
wiki.vemic.com,1,0,1339
xxrbear.cn,1,100,0
yequanrui.inhuawei.com,1,0,198
yikecode.yuque.com,1,100,0
yuanxiaosc.github.io,1,100,0
yuque.com,1,100,0
zh-google-styleguide.readthedocs.io,1,100,0
