name,visitors,bounce_rate,visit_duration
Direct / None,1003,64,276
Google,821,73,182
Bing,73,68,155
python.org,69,0,530
Brave,42,84,224
cursos.alura.com.br,24,91,53
udemy.com,20,90,11
chatgpt.com,15,60,277
Yahoo!,10,78,25
gstatic.com,10,100,0
Baidu,9,89,5
fit-tecnologia.org.br,9,89,198
pythonfluente.com,8,75,115
web.dio.me,7,57,575
DuckDuckGo,5,100,47
Perplexity,4,75,136
moodle.ufabc.edu.br,4,33,239
eadcursosgratuitos.mackenzie.br,3,33,6
netacad.com,3,75,7
pucminas.instructure.com,3,100,0
translations.python.org,3,33,26
GitHub,2,50,917
codaqui.dev,2,0,626
ideiasearquivos.com,2,100,0
ku.baidu-int.com,2,100,0
notebooks.githubusercontent.com,2,0,8
presencial.moodle.ufsc.br,2,100,0
roadmap.sh,2,0,1365
techguide.sh,2,0,2638
Microsoft Teams,1,100,0
Slack,1,100,0
aulas.descomplica.com.br,1,100,0
cesmac.grupoa.education,1,100,0
cimatecead.senaicimatec.com.br,1,100,0
claude.ai,1,0,1128
codigofacil.com.br,1,100,0
copilot.com,1,100,0
devlife.insper-comp.com.br,1,0,569
edube.org,1,0,21
fastapidozero.dunossauro.com,1,100,0
hub.asimov.academy,1,100,0
lms.ev.org.br,1,100,0
notegpt.io,1,100,0
portaleduca.com.br,1,0,98
python.org.br,1,100,0
tutorial.djangogirls.org,1,0,12
wiki.python.org,1,0,43
