name,visitors,pageviews,bounce_rate,time_on_page,scroll_depth
/3/,11148,13433,55,18,74
/3/library/functions.html,5473,6090,79,841,43
/3/library/stdtypes.html,5135,5836,78,82,38
/3/tutorial/index.html,4863,6230,63,42,58
/3/search.html,3418,5564,36,25,45
/3/library/index.html,3272,4022,60,36,40
/3/tutorial/datastructures.html,2816,3072,79,108,46
/3/library/venv.html,2618,2790,91,35,31
/3/tutorial/,2449,3680,68,27,46
/3/tutorial/controlflow.html,2368,2567,78,125,41
/3/library/datetime.html,1962,2208,83,522,38
/3/library/tkinter.html,1940,2232,76,70,29
/3/library/random.html,1906,2080,85,79,33
/3/tutorial/introduction.html,1793,1905,77,158,57
/3/whatsnew/3.14.html,1784,1922,75,78,18
/3/library/turtle.html,1745,2117,84,79,30
/3/library/math.html,1732,1901,85,49,35
/3/library/idle.html,1672,1921,77,24,31
/3/library/re.html,1634,1836,85,134,37
/3/tutorial/interpreter.html,1512,1570,69,123,76
/3/using/windows.html,1483,1560,79,108,15
/3/tutorial/classes.html,1328,1401,85,158,47
/3/library/typing.html,1299,1413,82,48,23
/3/tutorial/errors.html,1284,1340,81,62,30
/3/tutorial/appetite.html,1229,1145,49,69,85
/3/tutorial/inputoutput.html,1226,1307,76,73,47
/3/library/string.html,1179,1286,76,60,39
/3/library/csv.html,1156,1259,86,165,40
/3/glossary.html,1149,1160,64,45,49
/3/library/os.html,1069,1178,76,101,32
/3/library/collections.html,1060,1108,83,54,39
/3/reference/datamodel.html,1031,1116,77,76,44
/3/library/exceptions.html,1030,1083,80,44,46
/3/reference/index.html,967,1150,42,30,66
/3/library/pathlib.html,904,1009,81,67,38
/3/library/argparse.html,891,978,84,85,31
/3/tutorial/modules.html,885,924,78,92,49
/3/library/itertools.html,877,977,85,175,33
/3/library/logging.html,756,869,78,58,35
/3/py-modindex.html,731,844,68,37,48
/3/library/dataclasses.html,726,781,85,66,33
/3/library/sqlite3.html,726,820,86,64,21
/3/library/time.html,721,763,85,329,38
/3/library/subprocess.html,703,806,84,69,30
/3/installing/index.html,698,673,78,32,57
/3/library/json.html,667,711,86,61,33
/3/howto/sorting.html,666,727,80,84,37
/3/library/threading.html,631,692,78,66,31
/3/contents.html,623,719,49,33,10
/3/library/asyncio.html,618,769,64,34,72
/3/index.html,616,711,49,32,76
/3/library/heapq.html,612,676,87,53,47
/3/tutorial/venv.html,608,662,87,40,53
/3/library/multiprocessing.html,606,706,81,78,24
/3/library/asyncio-task.html,604,691,75,63,33
/3/library/socket.html,594,711,78,76,43
/3/library/enum.html,581,634,84,43,29
/3/library/os.path.html,567,628,77,64,46
/3/reference/expressions.html,563,589,81,58,55
/3/library/sys.html,548,575,78,53,35
/3/download.html,542,510,46,25,94
/3/reference/lexical_analysis.html,534,589,72,100,52
/3/reference/compound_stmts.html,528,537,72,57,33
/3/library/unittest.html,506,551,86,56,19
/es/3/tutorial/,492,635,65,29,52
/zh-cn/3/tutorial/index.html,482,642,53,31,59
/3/library/functools.html,480,507,84,57,37
/3/library/,453,540,69,39,42
/zh-cn/3/,420,524,49,15,79
/3/using/mac.html,385,428,75,45,46
/3/library/concurrent.futures.html,378,447,75,119,43
/3/using/cmdline.html,377,390,82,46,31
/3/using/index.html,373,450,42,18,73
/3/library/io.html,370,401,77,57,42
/3/reference/simple_stmts.html,334,352,67,58,52
/3/library/pickle.html,328,377,83,47,26
/3/license.html,326,361,85,24,21
/fr/3/tutorial/,317,404,62,41,52
/3/extending/extending.html,313,354,92,80,24
/3/library/struct.html,309,354,87,48,38
/3/howto/logging.html,307,354,81,138,34
/3/library/pdb.html,297,342,90,70,35
/3/library/hashlib.html,291,352,84,64,28
/3/howto/regex.html,288,320,85,80,30
/zh-cn/3/library/index.html,285,385,60,35,47
/3/using/android.html,281,348,71,50,78
/3/library/decimal.html,277,307,84,57,21
/3/library/operator.html,269,289,80,40,44
/3/library/xml.etree.elementtree.html,267,337,82,98,28
/3/library/copy.html,262,284,85,391,64
/3/tutorial/floatingpoint.html,261,280,89,58,42
/3/library/shutil.html,258,295,81,61,32
/3/library/queue.html,257,284,77,55,50
/3/library/ast.html,256,295,82,63,31
/3/reference/import.html,253,271,87,41,33
/3/library/abc.html,251,272,86,35,39
/3/library/intro.html,248,256,55,41,65
/3/howto/index.html,244,265,45,59,82
/3/library/constants.html,237,252,71,24,69
/zh-cn/3/library/idle.html,233,245,71,17,29
