name,visitors,bounce_rate,visit_duration
Google,965,82,129
Direct / None,565,70,228
Bing,28,76,65
python.org,25,0,1314
Baidu,14,79,6
steam.oxxostudio.tw,14,79,31
Yahoo!,10,56,101
chatgpt.com,8,44,188
Facebook,7,43,69
GitHub,3,0,14
Perplexity,2,100,0
Reddit,2,0,406
ithelp.ithome.com.tw,2,0,74
realnewbie.com,2,50,52
vocus.cc,2,0,36
DuckDuckGo,1,0,47
Yandex,1,0,783
copilot.microsoft.com,1,0,288
doubao.com,1,0,13
finlab.tw,1,100,0
myapollo.com.tw,1,0,2367
pyptt.cc,1,0,9
tw.alphacamp.co,1,0,51
