name,unique_exits,total_exits,exit_rate
/fr/3/tutorial/,288,296,
/fr/3/tutorial/datastructures.html,86,86,
/fr/3/library/idle.html,51,50,
/fr/3/tutorial/introduction.html,48,49,
/fr/3/tutorial/controlflow.html,45,47,
/fr/3/tutorial/interpreter.html,45,47,
/fr/3/library/stdtypes.html,44,46,
/fr/3/library/tkinter.html,43,43,
/fr/3/tutorial/appetite.html,43,45,
/fr/3.13/tutorial/index.html,38,38,
/fr/3/library/random.html,38,40,
/fr/3/library/functions.html,37,41,
/fr/3/tutorial/classes.html,36,38,
/fr/3.13/library/turtle.html,34,34,
/fr/3/tutorial/index.html,30,30,
/fr/3/library/math.html,28,34,
/fr/3/library/zipfile.html,26,26,
/fr/3/tutorial/inputoutput.html,26,27,
/fr/dev/installing/index.html,26,26,
/3/,25,25,
/fr/3/genindex-Symboles.html,24,24,
/fr/3/library/turtle.html,24,25,
/fr/3.13/,22,22,
/fr/3/,20,20,
/fr/3/howto/sorting.html,19,20,
/fr/3/tutorial/modules.html,19,19,
/fr/3/library/string.html,18,18,
/fr/3/search.html,18,18,
/fr/3/library/__main__.html,17,17,
/fr/3.13/search.html,16,16,
/fr/3/tutorial/venv.html,16,16,
/fr/3.13/using/windows.html,15,15,
/fr/3/library/index.html,15,15,
/fr/3/reference/import.html,15,15,
/fr/3.13/tutorial/introduction.html,14,14,
/fr/3/library/json.html,14,15,
/fr/3.13/tutorial/controlflow.html,13,13,
/fr/3.13/tutorial/interpreter.html,13,13,
/fr/3.13/whatsnew/3.13.html,13,14,
/fr/3/howto/regex.html,13,14,
/fr/3/tutorial/errors.html,13,13,
/fr/3/using/mac.html,13,14,
/fr/3.13/reference/simple_stmts.html,12,13,
/fr/3.13/howto/regex.html,11,14,
/fr/3.13/library/datetime.html,11,11,
/fr/3/using/windows.html,11,12,
/fr/3/howto/sockets.html,10,10,
/fr/3/installing/index.html,10,10,
/fr/3.13/library/operator.html,9,9,
/fr/3.13/library/stdtypes.html,9,9,
/fr/3/library/time.html,9,9,
/fr/3.13/library/index.html,8,9,
/fr/3.13/reference/lexical_analysis.html,8,8,
/fr/3.13/tutorial/datastructures.html,8,8,
/fr/3.13/tutorial/errors.html,8,8,
/3/library/tkinter.html,7,7,
/fr/3.12/library/stdtypes.html,7,8,
/fr/3.13/library/csv.html,7,7,
/fr/3.13/library/functions.html,7,7,
/fr/3.13/reference/index.html,7,7,
/fr/3/library/enum.html,7,7,
/fr/3/library/fractions.html,7,7,
/fr/3/library/sys.html,7,7,
/fr/3/library/threading.html,7,7,
/fr/3/reference/lexical_analysis.html,7,7,
/3/library/random.html,6,6,
/fr/3.13/library/statistics.html,6,6,
/fr/3.13/library/subprocess.html,6,6,
/fr/3.13/library/tkinter.ttk.html,6,6,
/fr/3.13/tutorial/appetite.html,6,6,
/fr/3.13/using/index.html,6,6,
/fr/3/contents.html,6,6,
/fr/3/library/re.html,6,7,
/fr/3/library/venv.html,6,6,
/fr/3/using/cmdline.html,6,6,
/3.13/tutorial/index.html,5,5,
/fr/3.13/contents.html,5,5,
/fr/3.13/howto/enum.html,5,5,
/fr/3.13/library/email.mime.html,5,5,
/fr/3.13/library/timeit.html,5,5,
/fr/3/faq/windows.html,5,5,
/fr/3/library/collections.html,5,5,
/fr/3/py-modindex.html,5,7,
/fr/3/reference/compound_stmts.html,5,5,
/fr/3/reference/datamodel.html,5,5,
/3.13/using/windows.html,4,4,
/3/library/idle.html,4,4,
/3/library/stdtypes.html,4,4,
/3/tutorial/index.html,4,3,
/fr/3.13/tutorial/,4,5,
/fr/3.13/using/cmdline.html,4,4,
/fr/3/howto/unicode.html,4,4,
/fr/3/library/base64.html,4,4,
/fr/3/library/concurrent.futures.html,4,4,
/fr/3/library/datetime.html,4,4,
/fr/3/library/filesys.html,4,4,
/fr/3/library/os.html,4,4,
/fr/3/reference/expressions.html,4,4,
/fr/3/tutorial/stdlib.html,4,4,
/fr/3/using/editors.html,4,4,
