name,visitors,bounce_rate,visit_duration
Google,657,75,201
Baidu,474,78,56
Direct / None,425,73,204
Bing,18,60,249
python.org,17,100,354
chatgpt.com,16,71,136
wikidocs.net,13,92,4
codeit.kr,6,67,141
namu.wiki,6,40,184
GitHub,4,100,0
codeup.kr,4,75,8
blog.naver.com,3,100,0
velog.io,3,50,21
Perplexity,2,100,0
Yahoo!,2,100,0
clien.net,2,100,0
contest.nypc.co.kr,2,100,0
d2.naver.com,2,100,0
docs.klio.io,2,0,3570
m.dcinside.com,2,100,0
Daum,1,100,0
DuckDuckGo,1,100,0
Ecosia,1,0,7
Reddit,1,0,538
answer-me.tistory.com,1,100,0
ashortday.tistory.com,1,100,0
books.weniv.co.kr,1,100,0
copilot.microsoft.com,1,100,0
dev-jy.tistory.com,1,100,0
dodona.be,1,0,36
m.blog.naver.com,1,0,6
naver.com,1,100,0
oofbird.me,1,100,0
oss.navercorp.com,1,0,51
peps.python.org,1,0,0
pyjwt.readthedocs.io,1,0,2709
sdc-james.gitbook.io,1,100,0
skyjwoo.tistory.com,1,100,0
sunghyun.io,1,100,0
