name,unique_exits,total_exits,exit_rate
/tr/3.15/using/windows.html,10,10,
/3/,7,7,
/tr/3/contents.html,7,7,
/tr/3/glossary.html,7,7,
/dev/using/windows.html,6,6,
/tr/3/tutorial/errors.html,6,6,
/3/library/idle.html,5,5,
/tr/3/library/codecs.html,5,6,
/tr/3/library/sys.html,5,5,
/tr/3/tutorial/index.html,5,5,
/tr/3.14/,4,4,
/tr/3/c-api/unicode.html,4,4,
/tr/3/tutorial/inputoutput.html,4,4,
/tr/3/tutorial/modules.html,4,4,
/3/search.html,3,3,
/tr/3.14/tutorial/index.html,3,3,
/tr/3/,3,3,
/tr/3/bugs.html,3,3,
/tr/3/c-api/buffer.html,3,3,
/tr/3/library/code.html,3,3,
/tr/3/library/contextlib.html,3,3,
/tr/3/library/importlib.html,3,3,
/tr/3/library/stdtypes.html,3,5,
/3/library/math.html,2,2,
/tr/3.14/library/,2,2,
/tr/3.14/tutorial/introduction.html,2,2,
/tr/3.14/tutorial/modules.html,2,2,
/tr/3/c-api/init.html,2,2,
/tr/3/genindex-G.html,2,2,
/tr/3/genindex.html,2,2,
/tr/3/howto/sorting.html,2,2,
/tr/3/library/_thread.html,2,2,
/tr/3/library/annotationlib.html,2,2,
/tr/3/library/calendar.html,2,2,
/tr/3/library/custominterp.html,2,2,
/tr/3/library/locale.html,2,2,
/tr/3/library/token.html,2,2,
/tr/3/tutorial/venv.html,2,2,
/3.14/c-api/index.html,1,1,
/3.14/library/venv.html,1,1,
/3.14/tutorial/,1,1,
/3.14/using/windows.html,1,1,
/3.15/,1,1,
/3.15/using/windows.html,1,1,
/3/bugs.html,1,1,
/3/faq/,1,1,
/3/library/multiprocessing.html,1,1,
/3/tutorial/introduction.html,1,1,
/3/tutorial/modules.html,1,1,
/dev/search.html,1,1,
/ro/3.14/tutorial/interpreter.html,1,1,
/tr/3.12/,1,1,
/tr/3.12/library/stdtypes.html,1,1,
/tr/3.12/library/threading.html,1,1,
/tr/3.13/glossary.html,1,1,
/tr/3.13/library/constants.html,1,1,
/tr/3.13/library/idle.html,1,1,
/tr/3.13/tutorial/floatingpoint.html,1,1,
/tr/3.13/tutorial/index.html,1,1,
/tr/3.13/tutorial/introduction.html,1,1,
/tr/3.14/c-api/exceptions.html,1,1,
/tr/3.14/faq/general.html,1,1,
/tr/3.14/library/tk.html,1,1,
/tr/3.14/library/tkinter.html,1,1,
/tr/3.14/library/turtle.html,1,1,
/tr/3.14/library/unittest.html,1,1,
/tr/3.14/reference/index.html,1,1,
/tr/3.14/tutorial/,1,1,
/tr/3.14/tutorial/appetite.html,1,1,
/tr/3.14/tutorial/classes.html,1,1,
/tr/3.14/tutorial/interpreter.html,1,1,
/tr/3.14/using/index.html,1,1,
/tr/3.14/using/windows.html,1,1,
/tr/3.15/glossary.html,1,1,
/tr/3.15/search.html,1,1,
/tr/3/c-api/bytearray.html,1,1,
/tr/3/c-api/conversion.html,1,1,
/tr/3/c-api/descriptor.html,1,1,
/tr/3/c-api/module.html,1,1,
/tr/3/extending/extending.html,1,1,
/tr/3/faq/programming.html,1,1,
/tr/3/genindex-Y.html,1,1,
/tr/3/howto/free-threading-python.html,1,1,
/tr/3/installing/index.html,1,1,
/tr/3/library/archiving.html,1,1,
/tr/3/library/asyncio-runner.html,1,1,
/tr/3/library/asyncio.html,1,1,
/tr/3/library/cmdline.html,1,1,
/tr/3/library/compression.html,1,1,
/tr/3/library/concurrent.futures.html,1,1,
/tr/3/library/concurrent.interpreters.html,1,1,
/tr/3/library/ctypes.html,1,1,
/tr/3/library/dataclasses.html,1,1,
/tr/3/library/errno.html,1,1,
/tr/3/library/exceptions.html,1,1,
/tr/3/library/fileinput.html,1,1,
/tr/3/library/grp.html,1,1,
/tr/3/library/gzip.html,1,1,
/tr/3/library/hmac.html,1,1,
/tr/3/library/imaplib.html,1,1,
