name,unique_entrances,total_entrances,visit_duration
/ja/3/library/codecs.html,318,321,15
/ja/3.13/tutorial/,119,124,157
/ja/3/,61,83,402
/ja/3/tutorial/,58,64,183
/ja/3/library/stdtypes.html,52,56,114
/ja/3/library/functions.html,51,53,154
/ja/3/library/index.html,48,49,142
/ja/3/library/random.html,48,49,7
/ja/3/reference/introduction.html,45,45,4
/ja/3/library/heapq.html,38,40,4
/ja/3.13/c-api/capsule.html,34,34,17
/ja/3/c-api/bytes.html,34,34,5
/ja/3/library/re.html,34,35,60
/ja/3/tutorial/index.html,34,36,121
/ja/3.13/library/datetime.html,31,31,1
/ja/3/bugs.html,31,31,11
/ja/3/library/venv.html,31,31,102
/3/,30,30,416
/ja/3.13/library/functions.html,28,29,1027
/ja/3/tutorial/introduction.html,27,29,340
/ja/3/tutorial/datastructures.html,25,25,213
/ja/3/reference/index.html,23,23,418
/ja/3/library/typing.html,22,23,4
/ja/3/library/csv.html,21,22,10
/ja/3/library/subprocess.html,21,21,16
/ja/3/howto/sorting.html,20,21,180
/ja/3/library/tkinter.html,20,21,150
/ja/3/tutorial/controlflow.html,20,30,352
/ja/3.13/library/stdtypes.html,19,19,16
/ja/3.13/tutorial/index.html,19,20,54
/ja/3/library/string.html,19,20,78
/ja/3.13/library/pathlib.html,18,18,91
/ja/3.13/,17,18,457
/ja/3.13/library/index.html,17,21,145
/ja/3.13/library/itertools.html,16,16,0
/ja/3/library/logging.html,16,16,12
/ja/3/library/sqlite3.html,16,16,23
/ja/3/search.html,16,17,6
/ja/3.13/library/struct.html,15,16,316
/ja/3/library/exceptions.html,15,15,1
/ja/3/library/json.html,15,15,1
/ja/3/index.html,14,14,134
/ja/3/library/multiprocessing.html,14,14,10
/ja/3/library/argparse.html,13,13,165
/ja/3/library/math.html,13,13,46
/ja/3/tutorial/interpreter.html,13,13,1067
/ja/dev/tutorial/index.html,13,13,1
/ja/3.13/tutorial/appetite.html,12,13,305
/ja/3.13/tutorial/controlflow.html,12,13,81
/ja/3.13/tutorial/errors.html,12,12,274
/ja/3.13/tutorial/inputoutput.html,12,12,147
/ja/3.13/tutorial/interpreter.html,12,15,90
/ja/3/library/time.html,12,12,2
/ja/3/tutorial/appetite.html,12,15,157
/ja/3/tutorial/classes.html,12,12,1419
/ja/3/tutorial/modules.html,12,12,1
/ja/3.13/library/enum.html,11,11,24
/ja/3.13/reference/datamodel.html,11,11,300
/ja/3/library/datetime.html,11,11,93
/ja/3/library/tkinter.ttk.html,11,11,0
/ja/3.13/tutorial/introduction.html,10,10,3
/ja/3/library/itertools.html,10,10,79
/ja/3/library/os.html,10,10,0
/ja/3.13/library/__main__.html,9,9,189
/ja/3.13/library/asyncio-task.html,9,9,114
/ja/3/installing/index.html,9,9,51
/ja/3/library/,9,9,47
/ja/3/tutorial/inputoutput.html,9,11,137
/3/tutorial/index.html,8,8,163
/ja/3.14/library/hashlib.html,8,8,5
/ja/3/library/asyncio.html,8,8,1142
/ja/3/library/socket.html,8,8,141
/ja/3/reference/compound_stmts.html,8,9,174
/ja/3/reference/datamodel.html,8,8,398
/ja/3.12/library/dataclasses.html,7,7,0
/ja/3.13/glossary.html,7,7,517
/ja/3.13/library/concurrent.futures.html,7,8,8
/ja/3.13/reference/import.html,7,7,1017
/ja/3.13/search.html,7,7,187
/ja/3/howto/logging.html,7,7,0
/ja/3/library/pathlib.html,7,7,95
/ja/3/library/shutil.html,7,7,0
/ja/3/library/threading.html,7,7,0
/ja/3/library/turtle.html,7,7,248
/ja/3/reference/expressions.html,7,7,431
/ja/3/reference/grammar.html,7,9,356
/ja/3/tutorial/errors.html,7,7,120
/ja/3.13/index.html,6,6,60
/ja/3.13/library/idle.html,6,7,6
/ja/3.13/library/os.path.html,6,7,1
/ja/3.13/library/urllib.parse.html,6,6,0
/ja/3.13/tutorial/classes.html,6,6,111
/ja/3.13/tutorial/datastructures.html,6,6,141
/ja/3/c-api/dict.html,6,6,52
/ja/3/glossary.html,6,6,2
/ja/3/howto/sockets.html,6,6,201
/ja/3/library/asyncio-task.html,6,6,506
/ja/3/library/collections.html,6,6,100
/ja/3/library/ctypes.html,6,7,262
/ja/3/library/html.parser.html,6,6,394
/ja/3/library/uuid.html,6,6,142
/ja/3/library/xml.etree.elementtree.html,6,7,43
/ja/3/using/cmdline.html,6,7,6
/ja/3/using/windows.html,6,6,144
/3.13/tutorial/index.html,5,5,32
/ja/3.13/library/decimal.html,5,5,303
/ja/3.13/library/functools.html,5,5,21
/ja/3.13/library/re.html,5,5,0
/ja/3.13/library/sqlite3.html,5,5,0
/ja/3.13/library/unittest.mock.html,5,5,0
/ja/3.13/library/urllib.request.html,5,5,8
/ja/3.13/whatsnew/3.13.html,5,5,0
/ja/3/library/base64.html,5,5,0
/ja/3/library/calendar.html,5,7,79
/ja/3/library/pprint.html,5,5,7
/ja/3/library/sys.html,5,5,624
/ja/3/library/tempfile.html,5,5,0
/ja/3/library/unittest.html,5,5,0
/ja/3/reference/lexical_analysis.html,5,5,171
/ja/3/tutorial/floatingpoint.html,5,5,0
/ja/3/tutorial/stdlib.html,5,7,78
/ja/dev/library/math.html,5,5,0
/ja/dev/tutorial/errors.html,5,5,0
/3/library/functions.html,4,4,450
/3/library/index.html,4,4,96
/3/reference/expressions.html,4,4,1150
/ja/3.13/library/__future__.html,4,4,0
/ja/3.13/library/bisect.html,4,4,131
/ja/3.13/library/inspect.html,4,4,11
/ja/3.13/library/io.html,4,4,10
/ja/3.13/library/os.html,4,4,2
/ja/3.13/library/tempfile.html,4,4,0
/ja/3.13/library/tkinter.ttk.html,4,4,0
/ja/3.13/library/typing.html,4,4,150
/ja/3.14/,4,4,18
/ja/3.15/index.html,4,4,1
/ja/3/contents.html,4,4,42
/ja/3/howto/argparse.html,4,4,0
/ja/3/howto/functional.html,4,4,0
/ja/3/library/array.html,4,4,0
/ja/3/library/configparser.html,4,4,0
/ja/3/library/glob.html,4,4,87
/ja/3/library/hashlib.html,4,4,0
/ja/3/library/io.html,4,4,0
/ja/3/library/pdb.html,4,4,0
/ja/3/library/pickle.html,4,4,415
/ja/3/library/zlib.html,4,4,20
/3.13/,3,3,1004
/ja/3.12/library/index.html,3,3,919
/ja/3.12/tutorial/interpreter.html,3,3,2431
/ja/3.13/library/asyncio.html,3,3,97
/ja/3.13/library/contextlib.html,3,3,374
/ja/3.13/library/csv.html,3,3,0
/ja/3.13/library/filesys.html,3,3,70
/ja/3.13/library/shlex.html,3,3,0
/ja/3.13/library/tarfile.html,3,3,0
/ja/3.13/library/tkinter.html,3,3,70
/ja/3.13/reference/expressions.html,3,4,182
/ja/3.13/tutorial/modules.html,3,3,119
/ja/3/extending/extending.html,3,3,450
/ja/3/howto/logging-cookbook.html,3,3,375
/ja/3/howto/regex.html,3,3,354
/ja/3/library/abc.html,3,3,0
/ja/3/library/concurrent.futures.html,3,3,18
/ja/3/library/constants.html,3,3,102
/ja/3/library/http.client.html,3,3,3
/ja/3/library/idle.html,3,3,0
/ja/3/library/queue.html,3,3,174
/ja/3/library/readline.html,3,3,156
/ja/3/library/smtplib.html,3,3,152
/ja/3/library/traceback.html,3,3,65
/ja/3/library/zipfile.html,3,3,0
/ja/3/py-modindex.html,3,3,1
/ja/3/reference/simple_stmts.html,3,3,318
/3.12/,2,2,24
/3.13/index.html,2,2,125
/3.13/tutorial/classes.html,2,2,122
/3/library/collections.html,2,2,1416
/3/library/filecmp.html,2,2,246
/3/library/re.html,2,2,246
/3/library/turtle.html,2,2,285
/ja/3.12/installing/index.html,2,2,0
/ja/3.12/library/ast.html,2,4,0
/ja/3.12/library/codecs.html,2,2,0
/ja/3.12/reference/index.html,2,2,4
/ja/3.12/reference/lexical_analysis.html,2,7,817
/ja/3.12/tutorial/,2,2,8
/ja/3.12/tutorial/index.html,2,3,1029
/ja/3.13/c-api/set.html,2,2,8
/ja/3.13/c-api/slice.html,2,2,806
/ja/3.13/c-api/structures.html,2,2,12
/ja/3.13/faq/programming.html,2,2,233
/ja/3.13/howto/argparse.html,2,2,0
/ja/3.13/installing/index.html,2,2,0
/ja/3.13/library/ast.html,2,2,2
/ja/3.13/library/asyncio-eventloop.html,2,2,9
/ja/3.13/library/asyncio-queue.html,2,2,754
/ja/3.13/library/asyncio-subprocess.html,2,2,0
/ja/3.13/library/builtins.html,2,2,0
/ja/3.13/library/cmd.html,2,2,538
/ja/3.13/library/codecs.html,2,2,0
/ja/3.13/library/collections.abc.html,2,2,1
/ja/3.13/library/collections.html,2,2,2
/ja/3.13/library/configparser.html,2,2,0
/ja/3.13/library/filecmp.html,2,2,0
/ja/3.13/library/heapq.html,2,2,8
/ja/3.13/library/http.client.html,2,2,28
/ja/3.13/library/http.server.html,2,2,0
/ja/3.13/library/logging.config.html,2,2,0
/ja/3.13/library/logging.html,2,2,11
/ja/3.13/library/math.html,2,2,536
/ja/3.13/library/pdb.html,2,3,0
/ja/3.13/library/pty.html,2,2,0
/ja/3.13/library/queue.html,2,7,232
/ja/3.13/library/random.html,2,2,0
/ja/3.13/library/socket.html,2,2,0
/ja/3.13/library/subprocess.html,2,2,590
/ja/3.13/library/textwrap.html,2,2,0
/ja/3.13/library/tomllib.html,2,2,0
/ja/3.13/library/turtle.html,2,2,230
/ja/3.13/library/unittest.html,2,2,0
/ja/3.13/library/urllib.error.html,2,2,996
/ja/3.13/py-modindex.html,2,2,177
/ja/3.13/reference/index.html,2,2,44
/ja/3.13/tutorial/stdlib.html,2,2,1040
/ja/3.13/using/windows.html,2,2,0
/ja/3.14/howto/unicode.html,2,2,0
/ja/3.14/reference/datamodel.html,2,2,0
/ja/3.14/using/unix.html,2,3,0
/ja/3.14/whatsnew/3.4.html,2,2,0
/ja/3.15/library/intro.html,2,2,136
/ja/3.15/tutorial/,2,2,0
/ja/3.15/whatsnew/3.15.html,2,2,0
/ja/3/faq/programming.html,2,2,1511
/ja/3/genindex.html,2,2,93
/ja/3/howto/curses.html,2,2,0
/ja/3/howto/descriptor.html,2,2,1832
/ja/3/howto/unicode.html,2,2,314
/ja/3/library/__main__.html,2,2,0
/ja/3/library/asyncio-dev.html,2,2,202
/ja/3/library/asyncio-eventloop.html,2,2,0
/ja/3/library/builtins.html,2,2,0
/ja/3/library/code.html,2,2,2
/ja/3/library/copy.html,2,2,62
/ja/3/library/decimal.html,2,2,0
/ja/3/library/ensurepip.html,2,2,20
/ja/3/library/enum.html,2,2,0
/ja/3/library/fractions.html,2,2,436
/ja/3/library/importlib.html,2,2,0
/ja/3/library/intro.html,2,2,361
/ja/3/library/ssl.html,2,2,0
/ja/3/library/sysconfig.html,2,2,0
/ja/3/library/timeit.html,2,2,438
/ja/3/library/tk.html,2,2,1572
/ja/3/library/unicodedata.html,2,2,29
/ja/3/library/urllib.html,2,2,430
/ja/3/library/winreg.html,2,2,11
/ja/3/library/zoneinfo.html,2,2,0
/ja/3/tutorial/venv.html,2,2,0
/ja/3/whatsnew/3.13.html,2,2,0
/ja/3/whatsnew/index.html,2,2,7
/ja/dev/library/binascii.html,2,2,0
/ja/dev/library/curses.html,2,2,0
/ja/dev/library/multiprocessing.html,2,2,6
/ja/dev/library/uuid.html,2,2,548
/ko/dev/c-api/marshal.html,2,2,1106
/zh-cn/3.13/library/tkinter.html,2,2,270
/zh-cn/3/,2,2,490
/3.13/library/functions.html,1,1,386
/3.13/library/stdtypes.html,1,1,4338
/3.13/reference/datamodel.html,1,1,3724
/3.13/tutorial/appetite.html,1,1,356
/3.13/using/windows.html,1,1,40
/3/c-api/typeobj.html,1,1,462
/3/contents.html,1,1,144
/3/extending/extending.html,1,1,71
/3/howto/descriptor.html,1,1,2064
/3/howto/enum.html,1,1,38
/3/library/asyncio-eventloop.html,1,1,0
/3/library/bisect.html,1,1,10
/3/library/codecs.html,1,1,0
/3/library/ctypes.html,1,1,72
/3/library/curses.html,1,1,382
/3/library/distutils.html,1,1,17
/3/library/functools.html,1,1,5
/3/library/hashlib.html,1,1,918
/3/library/heapq.html,1,1,0
/3/library/idle.html,1,1,7
/3/library/multiprocessing.html,1,1,3869
/3/library/os.html,1,1,1090
/3/library/sqlite3.html,1,1,17
/3/library/tkinter.colorchooser.html,1,1,1
/3/library/tkinter.html,1,1,705
/3/library/tomllib.html,1,1,481
/3/library/unittest.html,1,1,6
/3/library/unittest.mock.html,1,1,2821
/3/library/urllib.error.html,1,1,1985
/3/library/zipfile.html,1,1,23
/3/license.html,1,1,952
/3/reference/datamodel.html,1,1,33
