name,version,visitors
Chrome,138.0,687
Chrome,139.0,320
Microsoft Edge,139.0,119
Microsoft Edge,138.0,47
Safari,18.6,41
Firefox,141.0,35
Chrome,136.0,27
Chrome,137.0,24
Safari,18.5,22
Mobile App,(not set),16
Chrome,109.0,16
Chrome,131.0,16
Chrome,134.0,11
Chrome,135.0,10
Chrome,126.0,6
Chrome,128.0,6
Smart Lenovo Browser,9.0,5
Chrome,108.0,4
Chrome,112.0,4
Chrome,122.0,4
Firefox,128.0,4
Chrome,132.0,4
Safari,18.3,4
Chrome,115.0,3
Opera,120.0,3
Chrome,127.0,3
Chrome,130.0,3
Firefox,136.0,3
Microsoft Edge,137.0,3
Firefox,140.0,3
Safari,17.4,3
Safari,17.6,3
Safari,18.4,3
Brave,(not set),2
Quark,(not set),2
Chrome,103.0,2
Microsoft Edge,109.0,2
Mobile App,114.0,2
Chrome,119.0,2
Microsoft Edge,122.0,2
Microsoft Edge,128.0,2
Chrome,129.0,2
Microsoft Edge,130.0,2
Firefox,138.0,2
Microsoft Edge,140.0,2
Safari,15.6,2
Safari,16.6,2
Safari,17.2,2
Sogou Explorer,2,2
Samsung Browser,23.0,2
Chrome,86.0,2
360 Secure Browser,(not set),1
Microsoft Edge,100.0,1
Chrome,100.0,1
Chrome,102.0,1
Chrome,104.0,1
Chrome,106.0,1
Microsoft Edge,108.0,1
Huawei Browser Mobile,11.0,1
Microsoft Edge,111.0,1
Microsoft Edge,113.0,1
Microsoft Edge,116.0,1
Microsoft Edge,118.0,1
QQ Browser,12.2,1
Chrome,120.0,1
Chrome,121.0,1
Microsoft Edge,123.0,1
Chrome,124.0,1
Microsoft Edge,129.0,1
QQ Browser,13.0,1
QQ Browser,13.1,1
Safari,13.1,1
Firefox,130.0,1
Avast Secure Browser,131.0,1
Microsoft Edge,131.0,1
Chrome,133.0,1
Firefox,133.0,1
Microsoft Edge,135.0,1
Firefox,135.0,1
Microsoft Edge,136.0,1
Avast Secure Browser,138.0,1
Chrome,140.0,1
Firefox,143.0,1
Safari,16.1,1
Safari,16.3,1
Safari,17.1,1
Safari,17.14,1
Safari,17.5,1
Safari,18.0,1
Safari,18.1,1
MIUI Browser,19.0,1
Safari,26.0,1
Firefox,88.0,1
Opera,98.0,1
Chrome,98.0,1
