name,visitors,pageviews,bounce_rate,time_on_page,scroll_depth
/3.13/tutorial/index.html,3914,4304,69,110,46
/3.13/using/windows.html,2905,3396,73,99,24
/ja/3.13/c-api/capsule.html,1492,1646,85,5,33
/3.13/,1189,1412,59,21,75
/3.13/index.html,1141,1129,59,23,72
/3.13/whatsnew/3.13.html,695,716,70,2993,12
/3.13/tutorial/interpreter.html,591,568,68,76,71
/3.13/tutorial/appetite.html,575,499,53,68,84
/3.13/tutorial/,488,529,65,59,58
/zh-cn/3.13/tutorial/index.html,419,502,56,37,60
/zh-cn/3.13/,363,419,44,23,79
/3.13/tutorial/introduction.html,334,323,79,163,61
/3.13/search.html,302,437,40,36,58
/es/3.13/tutorial/index.html,302,384,62,53,53
/3.13/library/index.html,288,314,54,106,40
/3.13/tutorial/controlflow.html,284,282,76,174,46
/zh-cn/3.13/library/index.html,203,267,44,42,51
/3.13/library/functions.html,201,198,83,72,51
/3.13/library/stdtypes.html,197,190,70,295,39
/fr/3.13/tutorial/index.html,182,277,43,49,61
/zh-cn/3.13/tutorial/interpreter.html,147,138,59,84,79
/zh-cn/3.13/tutorial/controlflow.html,139,147,76,206,50
/3.13/installing/index.html,137,116,56,27,67
/3.13/reference/index.html,130,140,48,270,66
/zh-cn/3.13/search.html,127,224,35,32,58
/zh-cn/3.13/tutorial/appetite.html,124,109,52,72,88
/zh-cn/3.13/tutorial/introduction.html,124,116,59,174,65
/ja/3.13/tutorial/,121,158,50,59,63
/es/3.13/library/tkinter.html,120,125,76,44,31
/zh-cn/3.13/library/functions.html,120,131,69,70,43
/zh-cn/3.13/index.html,114,168,28,19,80
/zh-cn/3.13/library/stdtypes.html,108,108,68,99,45
/es/3.13/,107,104,45,18,75
/3.13/glossary.html,101,110,61,303,44
/es/3.13/tutorial/interpreter.html,100,101,68,72,71
/3.13/using/index.html,97,92,37,20,71
/es/3.13/tutorial/appetite.html,97,88,69,58,82
/zh-cn/3.13/reference/index.html,96,109,23,21,72
/zh-cn/3.13/using/index.html,94,92,58,103,77
/3.13/tutorial/datastructures.html,90,84,59,194,52
/3.13/using/cmdline.html,85,79,74,75,32
/3.13/py-modindex.html,83,77,64,48,46
/3.13/download.html,82,64,78,26,88
/zh-cn/3.13/glossary.html,81,91,50,74,44
/es/3.13/search.html,80,113,50,19,46
/3.13/tutorial/modules.html,78,70,75,95,53
/es/3.13/library/index.html,78,85,75,26,34
/zh-cn/3.13/download.html,77,66,57,31,88
/zh-cn/3.13/tutorial/datastructures.html,75,78,79,155,69
/3.13/contents.html,74,75,50,26,25
/zh-cn/3.13/contents.html,74,72,57,63,17
/ja/3.13/library/functions.html,70,76,79,39,41
/pt-br/3.13/library/index.html,66,82,64,33,47
/es/3.13/library/functions.html,63,69,85,71,41
/es/3.13/tutorial/introduction.html,63,65,68,126,58
/3.13/library/,61,66,71,25,45
/ja/3.13/tutorial/appetite.html,61,54,40,128,83
/ja/3.13/tutorial/interpreter.html,61,62,75,57,73
/zh-cn/3.13/using/windows.html,61,47,77,74,47
/3.13/tutorial/inputoutput.html,60,58,71,51,56
/es/3.13/tutorial/controlflow.html,60,62,92,254,44
/zh-cn/3.13/whatsnew/3.13.html,60,52,53,60,26
/fr/3.13/tutorial/appetite.html,58,47,44,83,79
/ja/3.13/library/re.html,58,62,84,20,36
/3.13/tutorial/classes.html,57,57,67,617,45
/uk/3.13/extending/extending.html,57,58,95,2,3
/3.13/tutorial/appendix.html,56,53,60,41,64
/3.13/library/idle.html,54,58,88,30,17
/fr/3.13/tutorial/interpreter.html,54,65,33,69,68
/3.13/genindex.html,52,48,25,10,99
/es/3.13/tutorial/datastructures.html,52,51,86,108,44
/3.13/library/random.html,51,50,94,68,38
/3.13/library/tkinter.html,51,56,67,37,40
/ja/3.13/library/index.html,51,107,67,39,59
/ja/3.13/library/stdtypes.html,51,44,71,32,31
/ko/3.13/tutorial/index.html,51,74,47,25,58
/pt-br/3.13/,51,53,28,38,73
/fr/3.13/tutorial/controlflow.html,50,47,62,183,40
/3.13/reference/datamodel.html,49,42,60,126,43
/zh-tw/3.13/tutorial/index.html,49,61,61,28,65
/es/3.13/tutorial/classes.html,48,47,92,117,43
/ja/3.13/library/pathlib.html,47,58,83,26,33
/zh-cn/3.13/tutorial/,47,45,63,40,56
/3.13/library/datetime.html,46,49,72,86,44
/ja/3.13/tutorial/index.html,46,48,44,27,57
/ja/3.13/extending/extending.html,45,40,50,5,87
/zh-cn/3.13/py-modindex.html,45,49,20,24,56
/3.13/tutorial/errors.html,44,38,100,29,32
/es/3.13/tutorial/venv.html,44,42,89,42,53
/zh-cn/3.13/tutorial/classes.html,44,43,82,118,61
/fr/3.13/tutorial/introduction.html,43,52,58,290,64
/zh-cn/3.13/howto/index.html,43,37,17,28,91
/3.13/library/exceptions.html,42,45,96,70,64
/3.13/reference/lexical_analysis.html,42,39,78,131,67
/fr/3.13/search.html,42,68,22,34,54
/zh-cn/3.13/installing/index.html,42,38,76,29,69
/zh-cn/3.13/library/venv.html,42,43,89,20,34
/zh-cn/3.13/tutorial/modules.html,42,44,69,102,62
/zh-cn/3.13/library/tkinter.html,41,38,69,954,48
/3.13/library/string.html,40,36,73,98,32
