name,unique_entrances,total_entrances,visit_duration
/es/3/tutorial/,334,350,174
/3/,93,93,333
/es/3.13/library/tkinter.html,88,88,50
/es/3/tutorial/index.html,81,85,66
/es/3.13/library/index.html,67,72,107
/es/3/tutorial/introduction.html,65,70,205
/es/3.13/tutorial/index.html,53,55,97
/es/3.13/library/functions.html,49,51,139
/es/3.13/tutorial/datastructures.html,47,48,104
/es/3/,45,47,201
/es/3/tutorial/interpreter.html,44,47,88
/es/3/tutorial/appetite.html,43,44,185
/es/3/tutorial/controlflow.html,39,42,58
/es/3.13/tutorial/classes.html,33,33,117
/es/3.13/tutorial/venv.html,30,31,120
/3.13/tutorial/index.html,28,28,309
/es/3.13/library/stdtypes.html,28,32,412
/es/3.13/,27,27,194
/es/3.13/tutorial/errors.html,27,28,13
/es/3.13/library/idle.html,26,26,37
/es/3.13/search.html,26,29,247
/es/3/library/index.html,26,26,146
/es/3/library/stdtypes.html,25,27,137
/es/3/library/functions.html,22,27,148
/es/3.13/installing/index.html,20,21,87
/es/3.13/tutorial/introduction.html,19,21,1
/es/3/library/tkinter.html,19,21,440
/es/3.13/howto/regex.html,18,20,135
/es/3.13/library/re.html,18,20,27
/es/3/glossary.html,17,19,1045
/es/3.13/tutorial/appetite.html,16,18,4
/es/3.13/tutorial/controlflow.html,15,17,363
/es/3/tutorial/datastructures.html,15,15,367
/es/3.13/library/string.html,14,14,6
/es/3.13/using/windows.html,14,14,39
/es/3.13/library/tk.html,13,13,43
/es/3.13/library/venv.html,13,13,7
/es/3.13/tutorial/inputoutput.html,13,13,389
/3/library/tkinter.html,12,12,526
/es/3.13/tutorial/,12,12,482
/es/3.13/library/datetime.html,11,11,3
/es/3.13/tutorial/modules.html,11,11,11
/es/dev/tutorial/controlflow.html,11,11,5
/es/3.13/tutorial/interpreter.html,10,11,207
/es/3/howto/regex.html,10,10,0
/es/3/reference/index.html,10,10,389
/es/3.13/library/zipfile.html,9,9,141
/es/3/search.html,9,10,383
/es/3.13/reference/compound_stmts.html,8,8,37
/es/3/tutorial/modules.html,8,8,43
/es/dev/tutorial/,8,9,147
/3/library/index.html,7,7,350
/3/tutorial/index.html,7,7,92
/es/3.13/library/array.html,7,7,197
/es/3.13/library/tkinter.ttk.html,7,7,0
/es/3/library/functools.html,7,7,41
/es/3/library/math.html,7,7,0
/es/3/library/statistics.html,7,7,84
/3/library/venv.html,6,6,386
/3/tutorial/,6,6,159
/es/3.13/contents.html,6,6,0
/es/3.13/glossary.html,6,6,235
/es/3.13/library/math.html,6,6,0
/es/3.13/reference/index.html,6,6,96
/es/3.13/using/editors.html,6,6,5
/es/3/library/json.html,6,6,0
/es/3/tutorial/inputoutput.html,6,6,0
/3.13/using/windows.html,5,5,468
/3/library/datetime.html,5,5,263
/3/library/functions.html,5,5,1235
/es/3.13/library/random.html,5,5,0
/es/3.13/reference/executionmodel.html,5,6,0
/es/3/installing/index.html,5,5,411
/es/3/library/asyncio.html,5,7,182
/es/3/library/random.html,5,5,0
/es/3/reference/lexical_analysis.html,5,5,47
/es/3/tutorial/venv.html,5,5,0
/3/search.html,4,4,142
/dev/using/windows.html,4,4,610
/es/3.13/howto/logging.html,4,5,0
/es/3.13/index.html,4,4,381
/es/3.13/library/csv.html,4,4,102
/es/3.13/reference/datamodel.html,4,4,14
/es/3.13/reference/import.html,4,4,11
/es/3.15/tutorial/index.html,4,5,0
/es/3/faq/windows.html,4,4,824
/es/3/library/argparse.html,4,4,0
/es/3/library/collections.html,4,4,0
/es/3/library/re.html,4,5,1
/es/3/reference/compound_stmts.html,4,4,13
/es/3/tutorial/classes.html,4,4,0
/es/3/using/cmdline.html,4,4,23
/es/3/whatsnew/index.html,4,4,758
/3.13/,3,3,126
/3.13/index.html,3,3,30
/3.13/tutorial/,3,3,239
/3.13/tutorial/appetite.html,3,3,975
/3/faq/,3,3,1362
/3/library/exceptions.html,3,4,664
/3/license.html,3,3,99
/3/tutorial/controlflow.html,3,3,338
/3/tutorial/errors.html,3,3,449
/3/tutorial/modules.html,3,3,90
/3/using/index.html,3,3,280
/es/3.12/,3,3,2
/es/3.12/library/functions.html,3,3,207
/es/3.12/tutorial/index.html,3,3,10
/es/3.13/library/exceptions.html,3,3,107
/es/3.13/library/intro.html,3,3,78
/es/3.13/library/shutil.html,3,3,30
/es/3.13/library/sqlite3.html,3,3,432
/es/3.13/library/subprocess.html,3,3,0
/es/3.13/library/sys.html,3,3,320
/es/3.13/library/tkinter.colorchooser.html,3,3,49
/es/3.13/py-modindex.html,3,3,1350
/es/3.13/reference/lexical_analysis.html,3,3,0
/es/3.13/using/index.html,3,3,297
/es/3.13/whatsnew/3.13.html,3,4,304
/es/3/genindex-Símbolos.html,3,3,5
/es/3/library/concurrency.html,3,3,404
/es/3/library/datetime.html,3,3,8
/es/3/library/intro.html,3,3,50
/es/3/library/typing.html,3,3,0
/es/3/library/urllib.parse.html,3,3,0
/es/3/library/uuid.html,3,3,0
/es/3/reference/import.html,3,4,0
/es/3/whatsnew/3.3.html,3,3,0
/es/dev/library/zlib.html,3,3,0
/es/dev/tutorial/introduction.html,3,3,0
/3.12/index.html,2,2,62
/3.12/library/typing.html,2,2,372
/3.13/library/,2,2,484
/3.15/,2,2,15
/3/c-api/index.html,2,2,731
/3/contents.html,2,2,702
/3/installing/index.html,2,2,0
/3/library/asyncio.html,2,2,10
/3/library/i18n.html,2,2,28
/3/library/idle.html,2,2,636
/3/library/math.html,2,2,296
/3/library/re.html,2,2,72
/3/library/shutil.html,2,2,439
/3/py-modindex.html,2,2,180
/3/reference/expressions.html,2,2,654
/3/reference/index.html,2,2,1236
/3/reference/simple_stmts.html,2,2,39
/3/tutorial/classes.html,2,2,90
/3/tutorial/datastructures.html,2,2,7
/3/tutorial/interpreter.html,2,2,3599
/3/using/android.html,2,2,74
/es/3.12/contents.html,2,2,2
/es/3.12/search.html,2,2,174
/es/3.12/tutorial/controlflow.html,2,5,195
/es/3.12/tutorial/introduction.html,2,2,0
/es/3.12/using/cmdline.html,2,2,4
/es/3.13/faq/programming.html,2,2,18
/es/3.13/howto/curses.html,2,2,0
/es/3.13/howto/sockets.html,2,2,0
/es/3.13/howto/sorting.html,2,2,0
/es/3.13/howto/unicode.html,2,2,0
/es/3.13/library/__main__.html,2,2,408
/es/3.13/library/calendar.html,2,2,0
/es/3.13/library/cmd.html,2,2,24
/es/3.13/library/collections.html,2,2,6
/es/3.13/library/concurrency.html,2,2,262
/es/3.13/library/filesys.html,2,2,0
/es/3.13/library/http.html,2,2,0
/es/3.13/library/operator.html,2,2,26
/es/3.13/library/pickle.html,2,2,0
/es/3.13/library/pydoc.html,2,2,0
/es/3.13/library/struct.html,2,2,0
/es/3.13/library/urllib.html,2,2,10
/es/3.13/library/urllib.request.html,2,2,0
/es/3.13/library/xml.etree.elementtree.html,2,2,0
/es/3.13/license.html,2,2,0
/es/3.13/reference/introduction.html,2,2,0
/es/3.14/,2,2,16
/es/3.15/library/index.html,2,2,0
/es/3.15/library/stdtypes.html,2,3,6
/es/3/contents.html,2,2,160
/es/3/download.html,2,3,22
/es/3/faq/general.html,2,2,0
/es/3/howto/sorting.html,2,2,0
/es/3/index.html,2,2,357
/es/3/library/asyncio-protocol.html,2,2,1026
/es/3/library/codecs.html,2,2,2
/es/3/library/difflib.html,2,3,166
/es/3/library/filesys.html,2,2,60
/es/3/library/platform.html,2,4,0
/es/3/library/string.html,2,2,0
/es/3/library/threading.html,2,2,0
/es/3/library/tk.html,2,2,0
/es/3/library/tkinter.messagebox.html,2,5,0
/es/3/library/unittest.html,2,2,0
/es/3/library/zlib.html,2,2,0
/es/3/reference/introduction.html,2,2,682
/es/3/tutorial/appendix.html,2,2,0
/es/3/using/windows.html,2,2,0
/es/dev/faq/programming.html,2,2,0
/es/dev/library/itertools.html,2,2,0
/es/dev/library/venv.html,2,2,0
/es/dev/using/windows.html,2,2,0
/3.12/library/,1,1,18
/3.12/library/sys.html,1,1,0
/3.12/tutorial/,1,1,693
/3.13/contents.html,1,1,1661
/3.13/library/csv.html,1,1,73
/3.13/license.html,1,1,279
/3.13/reference/index.html,1,1,27
/3.15/tutorial/interpreter.html,1,1,528
/3/download.html,1,1,818
/3/extending/index.html,1,1,187
/3/glossary.html,1,1,145
/3/howto/regex.html,1,1,907
/3/library/argparse.html,1,1,2326
/3/library/constants.html,1,1,700
/3/library/csv.html,1,1,1
/3/library/ctypes.html,1,1,1933
/3/library/curses.html,1,1,0
/3/library/enum.html,1,1,1770
/3/library/html.parser.html,1,1,340
/3/library/importlib.html,1,1,604
/3/library/logging.html,1,1,2005
/3/library/os.html,1,1,0
/3/library/pathlib.html,1,1,16
/3/library/pickle.html,1,1,12
/3/library/random.html,1,1,0
/3/library/shlex.html,1,1,545
/3/library/sqlite3.html,1,1,2
/3/library/stdtypes.html,1,1,12
/3/library/string.html,1,1,109
/3/library/struct.html,1,1,1738
/3/library/subprocess.html,1,1,40
/3/library/sys.html,1,1,654
/3/library/tempfile.html,1,1,5
/3/library/turtle.html,1,1,34
/3/library/urllib.error.html,1,1,0
/3/library/warnings.html,1,1,2227
/3/library/zipfile.html,1,1,317
/3/reference/,1,1,15
/3/reference/datamodel.html,1,1,148
/3/tutorial/appetite.html,1,1,79
/3/tutorial/floatingpoint.html,1,1,56
/3/tutorial/inputoutput.html,1,1,110
/3/tutorial/introduction.html,1,1,4
/3/tutorial/venv.html,1,1,0
/es/3.12/library/imaplib.html,1,1,0
/es/3.12/library/itertools.html,1,1,0
/es/3.12/library/re.html,1,1,0
/es/3.12/library/tk.html,1,1,0
/es/3.12/using/windows.html,1,1,0
/es/3.13/c-api/intro.html,1,1,426
/es/3.13/download.html,1,1,0
/es/3.13/faq/installed.html,1,1,3
/es/3.13/library/,1,1,0
/es/3.13/library/__future__.html,1,1,167
/es/3.13/library/abc.html,1,1,1
/es/3.13/library/ast.html,1,1,0
/es/3.13/library/asyncio-task.html,1,1,0
/es/3.13/library/configparser.html,1,1,0
/es/3.13/library/constants.html,1,1,96
/es/3.13/library/contextvars.html,1,1,504
/es/3.13/library/copy.html,1,1,0
/es/3.13/library/dialog.html,1,1,10
/es/3.13/library/doctest.html,1,1,0
/es/3.13/library/email.examples.html,1,1,431
/es/3.13/library/email.html,1,1,368
/es/3.13/library/ensurepip.html,1,1,0
/es/3.13/library/fileformats.html,1,1,0
/es/3.13/library/ftplib.html,1,1,12
/es/3.13/library/functools.html,1,1,0
/es/3.13/library/glob.html,1,1,0
/es/3.13/library/graphlib.html,1,1,0
/es/3.13/library/hashlib.html,1,1,0
/es/3.13/library/heapq.html,1,1,4
/es/3.13/library/imaplib.html,1,1,15
/es/3.13/library/importlib.html,1,1,0
/es/3.13/library/itertools.html,1,1,0
/es/3.13/library/logging.html,1,1,0
/es/3.13/library/multiprocessing.html,1,1,0
/es/3.13/library/optparse.html,1,1,0
/es/3.13/library/os.html,1,1,0
/es/3.13/library/os.path.html,1,1,6
/es/3.13/library/plistlib.html,1,1,0
/es/3.13/library/poplib.html,1,1,0
/es/3.13/library/queue.html,1,1,0
/es/3.13/library/smtplib.html,1,1,18
/es/3.13/library/statistics.html,1,1,0
/es/3.13/library/telnetlib.html,1,1,0
/es/3.13/library/tempfile.html,1,1,0
/es/3.13/library/termios.html,1,1,0
/es/3.13/library/test.html,1,1,0
/es/3.13/library/tkinter.font.html,1,1,0
/es/3.13/library/traceback.html,1,1,35
/es/3.13/library/typing.html,1,1,0
/es/3.13/library/urllib.error.html,1,1,0
/es/3.13/library/uuid.html,1,1,0
/es/3.13/tutorial/appendix.html,1,1,0
/es/3.13/tutorial/interactive.html,1,1,4430
/es/3.13/tutorial/stdlib.html,1,1,0
