name,version,visitors
Chrome,131.0,4306
Microsoft Edge,132.0,2806
Chrome,132.0,2309
Firefox,134.0,804
Opera,116.0,363
Microsoft Edge,131.0,314
Safari,18.2,237
Yandex Browser,24.12,211
Safari,18.1,187
Opera,115.0,141
Mobile App,(not set),124
Chrome,122.0,111
Opera,114.0,90
Safari,17.6,81
Chrome,109.0,72
Chrome,130.0,71
Firefox,128.0,57
Firefox,133.0,57
Mobile App,131.0,49
Chrome,128.0,41
Safari,16.6,41
Chrome,129.0,35
Avast Secure Browser,131.0,34
Chrome,126.0,30
Microsoft Edge,130.0,27
Microsoft Edge,92.0,27
Safari,17.5,26
Safari,18.0,26
Microsoft Edge,133.0,25
Chrome,127.0,24
AVG Secure Browser,131.0,23
Chrome,121.0,22
Firefox,115.0,20
Microsoft Edge,127.0,19
Microsoft Edge,129.0,19
Microsoft Edge,128.0,18
Firefox,129.0,18
Whale Browser,4.29,18
Smart Lenovo Browser,9.0,18
Safari,15.6,17
Safari,17.4,17
Chrome,114.0,16
Safari,18.3,16
Samsung Browser,27.0,16
Quark,(not set),15
Microsoft Edge,126.0,15
Firefox,135.0,14
Chrome,123.0,12
Safari,16.4,12
Sogou Explorer,2,12
360 Secure Browser,(not set),10
Safari,16.3,10
Safari,17.8,10
Chrome,124.0,9
Chrome,134.0,9
Huawei Browser Mobile,15.0,9
Opera,113.0,8
Chrome,117.0,8
Chrome,125.0,8
QQ Browser,13.5,8
Safari,14.1,8
(not set),(not set),7
Chrome,120.0,7
Microsoft Edge,122.0,7
Safari,13.1,7
Mobile App,132.0,7
Chrome,133.0,7
Safari,17.1,7
Mobile App,97.0,7
Microsoft Edge,100.0,6
Chrome,116.0,6
Chrome,119.0,6
Microsoft Edge,124.0,6
Firefox,127.0,6
QQ Browser,13.4,6
Firefox,131.0,6
Microsoft Edge,18.18363,6
Yandex Browser,24.10,6
Chrome,108.0,5
Microsoft Edge,109.0,5
Microsoft Edge,123.0,5
Firefox,125.0,5
Microsoft Edge,125.0,5
CCleaner,131.0,5
Chrome,132,5
Firefox,132.0,5
Safari,17.0,5
MIUI Browser,19.0,5
QQ Browser,6.2,5
Chrome,86.0,5
Safari,(not set),4
Chrome,103.0,4
Chrome,112.0,4
Huawei Browser,12.1,4
Firefox,130.0,4
Norton Private Browser,131.0,4
Huawei Browser Mobile,14.0,4
Safari,16.5,4
Safari,17.2,4
Safari,17.3,4
vivo Browser,23.1,4
Quark,7.7,4
Chrome,102.0,3
Firefox,102.0,3
Chrome,104.0,3
Chrome,105.0,3
Opera,109.0,3
Mobile App,114.0,3
Chrome,115.0,3
Firefox,116.0,3
Firefox,121.0,3
Microsoft Edge,121.0,3
Firefox,136.0,3
Microsoft Edge,14.14393,3
MIUI Browser,14.27,3
Safari,16.0,3
Safari,16.1,3
Microsoft Edge,16.16299,3
Samsung Browser,26.0,3
Samsung Browser,27.1,3
Chrome,92.0,3
Chrome,101.0,2
Microsoft Edge,105.0,2
Microsoft Edge,112.0,2
Microsoft Edge,113.0,2
Firefox,113.0,2
Microsoft Edge,114.0,2
Microsoft Edge,117.0,2
Firefox,117.0,2
Chrome,118.0,2
Microsoft Edge,120.0,2
Firefox,123.0,2
Ecosia,123.0,2
Firefox,124.0,2
Avira Secure Browser,131.0,2
Firefox,134.1,2
Microsoft Edge,15.15063,2
Safari,16.2,2
Microsoft Edge,17.17134,2
UC Browser,17.3,2
Safari,17.9,2
Microsoft Edge,18.17763,2
Microsoft Edge,18.19041,2
Yandex Browser,23.5,2
115 Browser,35.2,2
Chrome,74.0,2
Firefox,78.0,2
Chrome,83.0,2
Chrome,85.0,2
Opera,87.0,2
Chrome,89.0,2
Opera,95.0,2
Mobile App,96.0,2
Chrome,99.0,2
Decentr,(not set),1
Android Browser,(not set),1
Chrome,1.0,1
Firefox,100.0,1
Opera,101.0,1
Firefox,103.0,1
Firefox,105.0,1
Firefox,107.0,1
Chrome,107.0,1
Microsoft Edge,108.0,1
Firefox,108.0,1
Samsung Browser,11.0,1
QQ Browser,11.9,1
Chrome,110.0,1
Chrome,111.0,1
Chrome,113.0,1
Microsoft Edge,116.0,1
Mobile App,117.0,1
Firefox,118.0,1
Microsoft Edge,118.0,1
Microsoft Edge,119.0,1
Mobile App,119.0,1
Firefox,119.0,1
Safari,12.1,1
QQ Browser,12.2,1
Avast Secure Browser,122.0,1
Firefox,122.0,1
Mobile Silk,124.3,1
Avast Secure Browser,126.0,1
Mobile App,127.0,1
QQ Browser,13.2,1
QQ Browser,13.3,1
AVG Secure Browser,130.0,1
Avast Secure Browser,130.0,1
Mobile App,130.0,1
Chrome,131,1
Firefox,134,1
Microsoft Edge,134.0,1
Safari,14.0,1
MIUI Browser,14.10,1
MIUI Browser,14.18,1
Safari,15.1,1
Safari,15.4,1
Safari,15.5,1
QQ Browser,15.8,1
QQ Browser,15.9,1
Safari,16.7,1
Samsung Browser,17.0,1
Microsoft Edge,17.17133,1
Safari,17.7,1
Microsoft Edge,18.18362,1
MIUI Browser,18.3,1
MIUI Browser,18.8,1
Yandex Browser,21.3,1
vivo Browser,23.0,1
Yandex Browser,24.122,1
Yandex Browser,24.123,1
Yandex Browser,24.4,1
Yandex Browser,24.6,1
Yandex Browser,24.7,1
Whale Browser,3.7,1
Sleipnir,3.8,1
Chrome,32.0,1
Chrome,48.0,1
Huawei Browser Mobile,5.0,1
Opera Touch,5.3,1
Firefox,52.0,1
Cyberfox,52.9,1
Mobile App,58.0,1
QtWebEngine,6.8,1
Mobile App,62.0,1
Quark,7.3,1
Quark,7.6,1
Firefox,74.0,1
Opera,79.0,1
Rakuten Web Search,8.122,1
Mobile App,80.0,1
Chrome,80.0,1
Chrome,81.0,1
Opera,82.0,1
Chrome,84.0,1
Chrome,87.0,1
Mobile App,90.0,1
Mobile App,92.0,1
Chrome,94.0,1
Firefox,95.0,1
Microsoft Edge,95.0,1
Microsoft Edge,96.0,1
Microsoft Edge,98.0,1
