name,unique_exits,total_exits,exit_rate
/3.14/whatsnew/3.14.html,657,678,
/3.14/using/windows.html,146,152,
/3.14/tutorial/index.html,116,117,
/3/,93,93,
/3.14/,91,93,
/3.13/,25,25,
/3.14/index.html,25,25,
/3.14/whatsnew/changelog.html,21,24,
/zh-cn/3.14/whatsnew/3.14.html,18,19,
/3.13/whatsnew/3.13.html,16,16,
/3.14/library/functions.html,14,14,
/zh-cn/3.14/,14,14,
/3.14/tutorial/controlflow.html,13,13,
/3.14/tutorial/interpreter.html,13,14,
/3.14/tutorial/introduction.html,13,14,
/3.14/download.html,12,12,
/3/tutorial/index.html,12,12,
/zh-cn/3.14/tutorial/,12,12,
/3.14/installing/index.html,11,11,
/3.14/search.html,11,11,
/3/library/functions.html,11,11,
/zh-cn/3.14/tutorial/controlflow.html,11,14,
/zh-cn/3.14/tutorial/index.html,11,11,
/3.14/library/annotationlib.html,10,11,
/3.14/library/stdtypes.html,10,13,
/3.14/tutorial/appetite.html,10,11,
/3.14/tutorial/classes.html,10,13,
/3/whatsnew/3.13.html,10,10,
/zh-cn/3.14/tutorial/introduction.html,10,10,
/3.14/glossary.html,9,9,
/3.14/reference/compound_stmts.html,9,9,
/3.14/tutorial/,9,9,
/it/3.14/whatsnew/3.14.html,9,9,
/3.13/tutorial/index.html,8,8,
/3.14/library/index.html,8,8,
/3.13/using/windows.html,7,6,
/3.14/library/idle.html,7,7,
/3.14/library/uuid.html,7,7,
/3.14/whatsnew/3.13.html,7,8,
/zh-cn/3.14/installing/index.html,7,7,
/3.13/library/functions.html,6,6,
/3.13/tutorial/interpreter.html,6,6,
/3.14/library/multiprocessing.html,6,7,
/3.14/reference/datamodel.html,6,6,
/3.14/using/cmdline.html,6,6,
/3.14/using/configure.html,6,6,
/3/using/windows.html,6,6,
/zh-cn/3.14/whatsnew/3.13.html,6,6,
/3.13/tutorial/introduction.html,5,5,
/3.14/contents.html,5,5,
/3.14/howto/free-threading-python.html,5,6,
/3.14/library/exceptions.html,5,5,
/3.14/library/string.html,5,5,
/3.14/tutorial/datastructures.html,5,5,
/3/download.html,5,5,
/3/library/exceptions.html,5,5,
/3/library/idle.html,5,5,
/3/library/index.html,5,5,
/3/tutorial/controlflow.html,5,5,
/zh-cn/3.13/whatsnew/3.13.html,5,5,
/zh-cn/3.14/library/stdtypes.html,5,5,
/zh-cn/3.14/tutorial/datastructures.html,5,5,
/3.12/,4,4,
/3.12/whatsnew/3.12.html,4,4,
/3.13/index.html,4,4,
/3.13/search.html,4,4,
/3.14/howto/free-threading-extensions.html,4,4,
/3.14/library/json.html,4,4,
/3.14/library/sys.html,4,5,
/3.14/library/tkinter.html,4,4,
/3/howto/free-threading-python.html,4,4,
/3/library/stdtypes.html,4,4,
/zh-cn/3.14/library/functions.html,4,5,
/zh-cn/3.14/library/index.html,4,3,
/zh-cn/3.14/reference/compound_stmts.html,4,4,
/zh-cn/3.14/tutorial/interpreter.html,4,4,
/zh-cn/3.14/whatsnew/,4,4,
/3.13/download.html,3,3,
/3.13/library/idle.html,3,3,
/3.13/tutorial/controlflow.html,3,3,
/3.14/library/inspect.html,3,3,
/3.14/library/pickle.html,3,3,
/3.14/library/turtle.html,3,3,
/3.14/library/typing.html,3,3,
/3.14/tutorial/errors.html,3,4,
/3/installing/index.html,3,3,
/3/library/string.html,3,3,
/3/library/venv.html,3,3,
/3/py-modindex.html,3,3,
/3/reference/datamodel.html,3,3,
/3/tutorial/,3,3,
/3/tutorial/datastructures.html,3,3,
/3/tutorial/errors.html,3,3,
/es/3.14/,3,3,
/es/3.14/library/functions.html,3,3,
/fr/3.14/tutorial/introduction.html,3,3,
/ja/3.14/,3,3,
/ja/3.14/library/index.html,3,3,
/ja/3.14/tutorial/interpreter.html,3,4,
/uk/3.14/tutorial/controlflow.html,3,3,
