name,visitors
Tokyo,198
Guangdong,133
Shanghai,99
Jiangsu,90
Beijing,80
California,78
Zhejiang,76
Île-de-France,71
Kanagawa,60
Ho Chi Minh City,60
Seoul,57
England,50
Hanoi,50
Moscow,45
Florida,43
Shandong,42
Telangāna,42
Karnataka,41
Osaka,39
Kyiv,39
Saitama,38
Tamil Nadu,37
Gyeonggi,36
Maharashtra,35
Texas,33
Henan,32
São Paulo,28
Ontario,27
Uttar Pradesh,27
Chiba,27
Lvivshchyna,27
Fujian,26
Baden-Württemberg,26
New York,25
Sichuan,24
Delhi,23
Hyogo,22
Kyivshchyna,22
Liaoning,21
Antioquia,21
Bavaria,21
Madrid Autonomous Community,21
Mazovia,21
Zürich,20
Illinois,20
Aichi,19
Capital District,18
Provence-Alpes-Côte-d'Azur,18
Incheon,18
Lima,18
Buenos Aires Province,17
Anhui,17
Hubei,17
Shaanxi,17
Cairo,17
Wallonia,16
Catalonia,16
Ciudad de Mexico,16
Kharkivshchyna,16
Washington,16
Minas Gerais,15
Jakarta,15
Hokkaido,15
Virginia,15
Paraná,14
Hunan,14
Prague,14
Auvergne-Rhône-Alpes,14
Madhya Pradesh,14
Georgia,14
Thừa Thiên–Huế,14
Gujarat,13
Rajasthan,13
Taipei,13
Dnipropetrovshchyna,13
Oregon,13
Flanders,12
British Columbia,12
Nouvelle-Aquitaine,12
Shizuoka,12
Kyoto,12
Beograd,12
Quebec,11
North Rhine-Westphalia,11
Uusimaa,11
Tel Aviv,11
Kerala,11
Gunma,11
Fukuoka,11
Busan,11
Western,11
Selangor,11
South Holland,11
Ankara,11
Istanbul,11
Rivnenshchyna,11
Cherkashchyna,11
Indiana,11
Gansu,10
Berlin,10
Greater Accra,10
Andhra Pradesh,10
Lombardy,10
Veracruz,10
Taichung,10
Massachusetts,10
Utah,10
Guangxi,9
San José,9
Hesse,9
Lower Saxony,9
Grand-Est,9
Pays-de-la-Loire,9
Daegu,9
Punjab,9
Novosibirsk,9
Michigan,9
Wisconsin,9
Federal District,8
Hebei,8
Guayas,8
Valencian Community,8
Scotland,8
Lazio,8
Hiroshima,8
Lagos,8
Lesser Poland,8
Greater Poland,8
Saint Petersburg,8
Sverdlovsk,8
Makkah,8
New Taipei,8
Prykarpattia,8
Arizona,8
Maryland,8
New Jersey,8
Nevada,8
Minsk,7
Alberta,7
Tianjin,7
Saxony,7
Santiago,7
Occitanie,7
Haryana,7
Ibaraki,7
Mexico State,7
Nuevo León,7
Moscow Province,7
Tatarstan,7
Riyadh,7
Stockholm,7
Skåne,7
Kaohsiung,7
Khmelnychchyna,7
Pennsylvania,7
Tennessee,7
Tashkent,7
Brussels,6
Centre,6
Rio de Janeiro,6
Abidjan,6
Santiago Metropolitan,6
Valparaíso,6
Guizhou,6
Yunnan,6
Valle del Cauca,6
Hamburg,6
Canary Islands,6
Burgundy-Franche-Comté,6
Hauts-de-France,6
Attica,6
Punjab,6
Uttarākhand,6
West Bengal,6
Nairobi County,6
Bishkek,6
North Holland,6
Metro Manila,6
Doha,6
Nizhny Novgorod,6
Kirovohradschyna,6
Sumshchyna,6
Colorado,6
Bahia,5
Pernambuco,5
Nova Scotia,5
Kinshasa,5
Vaud,5
Chongqing,5
Jiangxi,5
Shanxi,5
Oran,5
Pichincha,5
Giza,5
Andalusia,5
Castile-La Mancha,5
Centre-Val de Loire,5
Hormozgan,5
Shiga,5
Nara,5
Almaty City,5
Vilnius County,5
Kuala Lumpur,5
Maputo,5
Gelderland,5
North Brabant,5
Province 3,5
Lima Region,5
Pomerania,5
Bucharest,5
Rostov,5
Dakar,5
Bangkok,5
Zakarpattia,5
Odeshchyna,5
Poltavshchyna,5
Minnesota,5
Mississippi,5
North Carolina,5
Ohio,5
Capital,5
Da Nang,5
Yerevan,4
New South Wales,4
Rio Grande do Norte,4
Santa Catarina,4
Geneva,4
Rhineland-Palatinate,4
Southern Denmark,4
Constantine,4
Aragon,4
Galicia,4
Kwai Tsing New Territories,4
East Java,4
Odisha,4
Veneto,4
Tuscany,4
Amman,4
Miyagi,4
Akita,4
Tochigi,4
Ishikawa,4
Yamanashi,4
Kagoshima,4
North Gyeongsang,4
Beirut,4
Riga,4
Taza-Al Hoceima-Taounate,4
Meknès-Tafilalet,4
Chaouia-Ouardigha,4
Ulaanbaatar,4
Chihuahua,4
Puebla,4
Sonora,4
Oslo,4
Vestland,4
Panamá,4
Sindh,4
Lower Silesia,4
Porto,4
Altai Krai,4
Chelyabinsk,4
Saratov,4
Aydın,4
Ternopilshchyna,4
Chernihivshchyna,4
Central,4
Louisiana,4
Missouri,4
Oklahoma,4
Haiphong,4
Dubai,3
Queensland,3
Baku,3
Sofia,3
Amazonas,3
Ceará,3
Pará,3
Paraíba,3
Piauí,3
Vitebsk,3
Saskatchewan,3
Xinjiang,3
Magdalena,3
Addis Ababa,3
Pirkanmaa,3
Brittany,3
Central Macedonia,3
Yogyakarta,3
Bihar,3
Baghdad,3
Toyama,3
Ehime,3
Kumamoto,3
Phnom Penh,3
Daejeon,3
South Chungcheong,3
South Gyeongsang,3
Rabat-Salé-Zemmour-Zaer,3
Plaines Wilhems,3
