name,visitors
Taipei,467
N/A,232
Taichung,174
Kaohsiung,115
Hsinchu,104
Taoyuan,69
Tainan,45
Zhongli,41
Zhubei,38
Yunlin,21
Hsinchu County,19
Banqiao,17
Sanchong,16
Chang-hua,16
Daan District,12
Singapore,12
Chiayi County,11
Xinzhuang,10
Miaoli,9
Fengshan,9
Yilan,9
Keelung,8
Hong Kong,8
Xizhi,7
Shanghai,7
Macau,7
East District,7
Songshan District,6
Pingzhen,6
Kowloon City,5
Taoyuan City,5
Taitung,4
Shenzhen,4
Tokyo,4
Los Angeles,4
Yangmei,3
Shoufeng,3
Nantou,3
Hualien City,3
Jiayi Shi,3
Beijing,3
North Point,3
Ho Chi Minh City,2
Douliu,2
Yuanlin,2
Yingge,2
Daxi,2
Pingtung,2
Penghu County,2
Beitou,2
Neihu,2
Guishan District,2
Xindian,2
Guangzhou,2
Fuzhou,2
Wan Chai,2
Sai Ying Pun,2
Hung Hom,2
Happy Valley,2
Ha Kwai Chung,2
Melbourne,2
Santo Domingo,2
Taichung City,2
Nevinnomyssk,1
Chennai,1
Tân Uyên,1
Hanoi,1
Jakarta,1
Tuku,1
Zuoying,1
Dacun,1
Taibao,1
Sanxia,1
Puli,1
Neipu Township,1
Nanzi,1
Nangang,1
Longtan,1
Gangshan,1
Huwei,1
Xitun,1
Xinwu,1
Chi-an,1
Manila,1
Bayan Lepas,1
Zhengzhou,1
Zibo,1
Tianjin,1
Nanjing,1
Jiaxing,1
Hefei,1
Hangzhou,1
Guiyang,1
Fuyang,1
Dongguan,1
Yuen Long San Hui,1
Wong Tai Sin,1
Tsing Yi Town,1
Tsim Sha Tsui,1
Tin Shui Wai,1
Tai Po,1
Sheung Shui,1
Shek Kip Mei,1
San Po Kong,1
Mong Kok,1
Ma On Shan Tsuen,1
Lam Tin,1
Dongjak-gu,1
Queenstown Estate,1
Suzhou,1
Adelaide,1
Newcastle upon Tyne,1
Kensington,1
Cardiff,1
Bristol,1
Bolton,1
Stuttgart,1
Göttingen,1
Milan,1
Riverside,1
Calgary,1
Central,1
