name,visitors,pageviews,bounce_rate,time_on_page,scroll_depth
/es/3/tutorial/,458,622,61,42,50
/es/3.15/using/windows.html,129,123,69,35,26
/es/3/tutorial/appetite.html,129,108,56,74,82
/es/3/tutorial/interpreter.html,129,135,75,87,68
/es/3/tutorial/introduction.html,124,132,78,133,56
/es/3/tutorial/index.html,96,105,69,40,52
/es/3/library/index.html,95,108,68,47,41
/es/3/library/tkinter.html,84,105,72,84,37
/es/3.14/,75,89,59,13,69
/es/3/,69,82,57,15,76
/es/3/tutorial/controlflow.html,69,72,83,121,41
/es/3.14/tutorial/index.html,56,53,70,56,50
/es/3/tutorial/datastructures.html,56,59,81,87,34
/es/3/library/idle.html,53,55,72,25,27
/es/3/library/functions.html,51,53,81,88,41
/es/3.14/search.html,45,51,36,32,62
/es/3.14/library/functions.html,42,42,86,101,46
/es/3/search.html,39,59,40,21,39
/es/3/tutorial/venv.html,36,34,94,60,58
/es/3/library/stdtypes.html,32,31,77,37,18
/es/3.13/tutorial/datastructures.html,31,34,75,92,41
/es/3.14/library/index.html,31,32,33,16,41
/es/3.13/tutorial/index.html,29,31,75,33,49
/es/3/glossary.html,29,27,50,25,23
/es/3.13/library/tkinter.html,26,29,68,40,31
/es/3.14/tutorial/introduction.html,26,30,79,93,59
/es/3.14/tutorial/interpreter.html,25,23,83,46,69
/es/3/library/math.html,25,22,100,32,44
/es/3/tutorial/classes.html,24,26,78,72,40
/es/3/tutorial/errors.html,23,21,82,25,40
/es/3/howto/sorting.html,21,25,79,61,29
/es/3/contents.html,19,20,20,22,20
/es/3/library/string.html,19,19,89,20,42
/es/3.13/library/index.html,18,16,82,14,43
/es/3.14/library/stdtypes.html,18,23,83,154,29
/es/3.14/tutorial/controlflow.html,16,15,71,188,38
/es/3.14/using/windows.html,16,15,43,54,18
/es/3/tutorial/inputoutput.html,16,16,73,19,23
/es/3.14/tutorial/appetite.html,15,14,80,65,86
/es/3/library/venv.html,15,18,92,122,22
/es/3/reference/index.html,14,17,50,15,60
/es/3.14/contents.html,13,10,100,16,10
/es/3.14/tutorial/datastructures.html,13,13,60,72,58
/es/3/library/argparse.html,13,13,67,53,30
/es/3.13/library/stdtypes.html,12,14,70,59,33
/es/3.14/using/index.html,12,14,89,15,69
/es/3/installing/index.html,12,11,88,83,52
/es/3/tutorial/appendix.html,12,9,67,13,72
/es/3/tutorial/modules.html,12,9,50,55,46
/es/3.13/library/functions.html,11,11,100,64,47
/es/3.13/reference/import.html,11,10,100,53,17
/es/3.14/index.html,11,10,67,15,76
/es/3.14/library/re.html,11,8,100,55,28
/es/3.14/library/turtle.html,11,10,80,71,29
/es/3.15/search.html,11,9,67,43,84
/es/3/tutorial/stdlib2.html,11,8,100,49,63
/es/3.12/tutorial/index.html,10,10,88,11,22
/es/3.13/tutorial/errors.html,10,10,86,30,35
/es/3.14/tutorial/,10,15,100,83,41
/es/3/index.html,10,10,20,7,71
/es/3/library/asyncio-task.html,10,10,88,65,18
/es/3/library/asyncio.html,10,10,83,24,69
/es/3/library/sys.html,10,9,100,49,25
/es/3/library/turtle.html,10,13,73,200,24
/es/3/reference/import.html,10,11,78,24,16
/es/3/using/cmdline.html,10,12,43,52,6
/es/3.13/search.html,9,8,67,18,39
/es/3.13/tutorial/appetite.html,9,8,67,247,66
/es/3.14/glossary.html,9,12,100,16,65
/es/3/reference/datamodel.html,9,14,60,62,35
/es/3/whatsnew/3.14.html,9,7,100,18,18
/es/3.13/tutorial/inputoutput.html,8,7,67,60,65
/es/3.14/library/pathlib.html,8,7,50,142,25
/es/3.14/library/typing.html,8,6,100,38,31
/es/3.14/tutorial/classes.html,8,7,75,117,66
/es/3.14/tutorial/inputoutput.html,8,5,0,49,39
/es/3.14/using/cmdline.html,8,6,50,30,34
/es/3/howto/regex.html,8,8,100,435,71
/es/3.13/library/datetime.html,7,9,67,30,9
/es/3.13/tutorial/controlflow.html,7,5,75,52,52
/es/3.13/tutorial/modules.html,7,8,100,14,61
/es/3.14/download.html,7,8,0,22,89
/es/3.14/py-modindex.html,7,6,0,11,30
/es/3.14/reference/executionmodel.html,7,10,33,237,28
/es/3.14/reference/index.html,7,9,80,25,57
/es/3.14/tutorial/modules.html,7,4,0,23,54
/es/3/download.html,7,5,75,8,87
/es/3/genindex.html,7,7,50,4,100
/es/3/library/csv.html,7,8,83,57,50
/es/3/library/datetime.html,7,6,100,207,28
/es/3/library/json.html,7,5,75,44,48
/es/3/library/tkinter.ttk.html,7,6,100,44,28
/es/3/tutorial/stdlib.html,7,5,0,18,56
/es/3.13/library/__main__.html,6,6,67,41,75
/es/3.13/library/array.html,6,6,100,7,61
/es/3.13/library/idle.html,6,5,100,14,7
/es/3.13/reference/lexical_analysis.html,6,7,67,41,51
/es/3.13/tutorial/interpreter.html,6,6,75,7,66
/es/3.14/c-api/intro.html,6,4,0,92,36
/es/3.14/library/datetime.html,6,12,100,173,74
