name,visitors
Taipei,186
N/A,93
Taichung,58
Taoyuan,52
Hsinchu,46
Kaohsiung,42
Tainan,31
Singapore,23
Chang-hua,14
Zhubei,12
N/A,12
Pingtung,9
Banqiao,7
Nantou,6
Guangzhou,6
N/A,5
N/A,5
N/A,5
Keelung,5
Beijing,4
Tokyo,4
Miaoli,3
Hualien City,3
N/A,3
Jiayi Shi,3
Shenzhen,3
Chengdu,3
N/A,3
Hong Kong,3
Addis Ababa,2
N/A,2
N/A,2
N/A,2
N/A,2
N/A,2
N/A,2
Yilan,2
N/A,2
N/A,2
Macau,2
Geelong,2
Osasco,2
North Charleston,2
Vancouver,2
N/A,2
Doha,1
Jatt,1
Saint Petersburg,1
Wangdue Phodrang,1
N/A,1
Taitung,1
N/A,1
N/A,1
N/A,1
Zibo,1
Luoyang,1
N/A,1
N/A,1
Osaka,1
Adelaide,1
Spalding,1
London,1
N/A,1
Nürnberg,1
Frankfurt am Main,1
Ditzingen,1
Berlin,1
Montévrain,1
Dallas,1
Jersey City,1
Carmichael,1
Riverside,1
San Francisco,1
San Jose,1
N/A,1
N/A,1
