name,visitors
Paris,430
Singapore,120
Lyon,82
Marseille,64
Rennes,52
Dakar,43
Tunis,39
Toulouse,37
Lille,36
Abidjan,30
Nantes,28
Montpellier,28
Amiens,25
Antananarivo,24
Strasbourg,23
Brussels,21
Bordeaux,21
Kinshasa,20
Casablanca,20
Cotonou,18
Saint-Maur-des-Fossés,18
Grenoble,18
Bamako,17
Quettreville-sur-Sienne,17
Montréal,17
Ronchin,16
Yaoundé,15
Villeurbanne,15
Tours,15
Saint-Nazaire,15
Rouen,15
Nancy,15
Ottawa,15
Lomé,14
Reims,14
Douala,13
Algiers,13
Peujard,12
Zürich,11
Toulon,11
Noisy-le-Sec,11
Nice,11
Neuilly-sur-Seine,11
Le Kremlin-Bicêtre,11
N/A,11
Agadir,10
Vitry-sur-Seine,10
Valenciennes,10
Valence,10
Rixheim,10
Pantin,10
Montreuil,10
Metz,10
Carquefou,10
Caen,10
Angers,10
Libreville,9
Liège,9
Saint-Étienne,9
Dijon,9
Cergy,9
Brest,9
Albi,9
Marrakesh,8
Salon-de-Provence,8
Palaiseau,8
Merville,8
Le Mans,8
Clichy,8
Antibes,8
Québec,8
Saint-Denis,7
Oran,7
Rabat,7
Quimperlé,7
Pessac,7
Orléans,7
Limoges,7
Besançon,7
Avignon,7
Genève,6
Versailles,6
Houilles,6
Fontaine,6
Elbeuf,6
Clermont-Ferrand,6
Annecy,6
Aix-en-Provence,6
Gatineau,6
Toronto,6
Sousse,5
Sétif,5
Blida,5
Tangier,5
Renens,5
Lausanne,5
Thiais,5
Salouël,5
Roanne,5
Plaisir,5
N/A,5
Orsay,5
Mérignac,5
Lescar,5
Lens,5
Lagord,5
Ivry-sur-Seine,5
Gif-sur-Yvette,5
Gagny,5
Ermont,5
Compiègne,5
Colombes,5
Châtenay-Malabry,5
Aulnay-sous-Bois,5
Aubervilliers,5
Andrézieux-Bouthéon,5
Pineda de Mar,5
Riyadh,4
Lubumbashi,4
Le Tampon,4
Brazzaville,4
N'Djamena,4
Bab Ezzouar,4
Oujda-Angad,4
Kenitra,4
Fès,4
Mons,4
Vitrolles,4
Tourcoing,4
Sèvres,4
Saint-Pryvé-Saint-Mesmin,4
Roubaix,4
Quimper,4
Petiville,4
Noisy-le-Grand,4
Nîmes,4
Nanterre,4
Mulhouse,4
Maxéville,4
Levallois-Perret,4
La Ferté-sous-Jouarre,4
Illkirch-Graffenstaden,4
Fréthun,4
Darnétal,4
Cugnaux,4
Cherbourg-Octeville,4
Champigny-sur-Marne,4
Bourges,4
Blois,4
Bischheim,4
Bayonne,4
Aurillac,4
Antony,4
Colorado Springs,4
Goma,3
Mamoudzou,3
La Possession,3
Chennai,3
Gemena,3
Ouagadougou,3
Tajerouine,3
Beni Mellal,3
Libramont,3
Ixelles,3
Antwerpen,3
Frankfurt am Main,3
Vincennes,3
Vénissieux,3
Vannes,3
Triel-sur-Seine,3
Tarbes,3
Sartrouville,3
Sarcelles,3
Saint-Martin-d'Hères,3
Saint-Cloud,3
Rueil-Malmaison,3
Perpignan,3
Montigny-le-Bretonneux,3
N/A,3
Melun,3
Massy,3
Mantes-la-Jolie,3
Lormont,3
Livry-Gargan,3
Les Lilas,3
Latillé,3
La Rochelle,3
Joinville-le-Pont,3
Guer,3
Ferney-Voltaire,3
Denain,3
Croissy-sur-Seine,3
Craponne,3
Colomiers,3
Château-Thierry,3
Châteaugiron,3
Cernay,3
Caudebec-lès-Elbeuf,3
Carpentras,3
Cannes,3
Bagneux,3
Asnières-sur-Seine,3
Argenteuil,3
N/A,3
Achères,3
Abbeville,3
Port-au-Prince,3
Boardman,3
N/A,3
N/A,2
Dubai,2
Cairo,2
Isfahan,2
Chisinau,2
Rus,2
Râmnicu Vâlcea,2
Port Louis,2
Kolkata,2
Ahmedabad,2
Ho Chi Minh City,2
Pekanbaru,2
Iligan,2
Calamba,2
Hwaseong-si,2
Ulan Bator,2
N/A,2
Lisbon,2
Tenkodogo,2
Nabeul,2
Ben Arous,2
Ariana,2
Monastir,2
Sidi Bel Abbès,2
Ouargla,2
Constantine,2
Batna,2
Castelló de la Plana,2
Sale,2
Meknès,2
Twickenham,2
Cambridge,2
N/A,2
N/A,2
Fribourg,2
Uccle,2
Rixensart,2
Mouscron,2
Montigny-le-Tilleul,2
Gent,2
Charleroi,2
Brugge,2
Yerres,2
Viroflay,2
Villeparisis,2
Villemomble,2
Villabé,2
Vesoul,2
Vergèze,2
Varennes-sur-Allier,2
Valbonne,2
N/A,2
Talence,2
Seyssins,2
Sevran,2
N/A,2
Saint-Pierre-du-Perray,2
Saint-Maximin-la-Sainte-Baume,2
Saint-Julien-de-Concelles,2
Saint-Jean-de-Braye,2
Saint-Denis,2
N/A,2
Sain-Bel,2
Roncq,2
Romagnat,2
Rillieux-la-Pape,2
Rambouillet,2
Quéven,2
Poitiers,2
Pléneuf-Val-André,2
Pecquencourt,2
Nogent-sur-Marne,2
Niort,2
Montmeyran,2
Montlouis-sur-Loire,2
Montbrison,2
Montauban,2
Mitry-Mory,2
Meudon,2
Manduel,2
Magny-les-Hameaux,2
Louvres,2
Les Rosiers-sur-Loire,2
Les Mathes,2
Le Plessis-Robinson,2
Leers,2
La Garenne-Colombes,2
La Courneuve,2
Joué-lès-Tours,2
Jœuf,2
Ifs,2
