name,visitors
France,2746
Singapore,205
Canada,96
Morocco,95
Belgium,74
Algeria,72
Tunisia,70
Senegal,49
Switzerland,47
"Congo, The Democratic Republic of the",35
United States,33
Côte d'Ivoire,31
Cameroon,29
Madagascar,27
Togo,22
Benin,21
China,19
Mali,17
Réunion,15
Spain,12
United Kingdom,11
Germany,10
India,10
Gabon,9
Congo,8
Philippines,6
Burkina Faso,5
Haiti,5
Indonesia,5
Luxembourg,5
Portugal,5
Iran,4
Mexico,4
Romania,4
Russian Federation,4
Saudi Arabia,4
Chad,4
United Arab Emirates,3
Czechia,3
Egypt,3
South Korea,3
Moldova,3
Mauritius,3
Vietnam,3
Mayotte,3
Andorra,2
Italy,2
Japan,2
Mongolia,2
Mauritania,2
Malaysia,2
Niger,2
French Polynesia,2
Sweden,2
Bangladesh,1
Burundi,1
Bolivia,1
Brazil,1
Colombia,1
Djibouti,1
Finland,1
Ghana,1
Guinea,1
Guadeloupe,1
Hungary,1
Ireland,1
Kenya,1
Kazakhstan,1
New Caledonia,1
Netherlands,1
Oman,1
Rwanda,1
Turkey,1
Taiwan,1
Ukraine,1
Venezuela,1
