name,version,visitors
Chrome,136.0,226704
Microsoft Edge,136.0,88953
Chrome,135.0,16107
Firefox,138.0,14408
Safari,18.4,9214
Opera,118.0,7826
Yandex Browser,25.4,6234
Chrome,109.0,5957
Microsoft Edge,135.0,4436
Chrome,134.0,4108
Safari,18.5,2902
Chrome,122.0,2712
Safari,18.3,2685
Chrome,132.0,2426
Chrome,131.0,2211
Chrome,133.0,2153
Mobile App,(not set),2074
Microsoft Edge,134.0,1604
Firefox,128.0,1589
Safari,17.6,1534
Smart Lenovo Browser,9.0,1203
Chrome,129.0,1182
Microsoft Edge,131.0,1057
Microsoft Edge,92.0,1024
Chrome,128.0,1003
Chrome,130.0,953
Chrome,126.0,854
Microsoft Edge,133.0,848
Firefox,115.0,803
Safari,16.6,799
Firefox,137.0,773
Safari,18.1,771
Quark,(not set),695
Samsung Browser,28.0,690
Microsoft Edge,122.0,652
Chrome,127.0,651
Safari,17.5,636
Chrome,86.0,615
Safari,18.2,586
Microsoft Edge,137.0,519
Safari,15.6,506
Chrome,125.0,496
Chrome,119.0,493
Chrome,120.0,488
Microsoft Edge,132.0,487
Yandex Browser,25.2,482
Chrome,121.0,467
Safari,18.0,465
Whale Browser,4.31,454
Chrome,116.0,453
Mobile App,136.0,450
Chrome,123.0,447
Firefox,136.0,444
Microsoft Edge,130.0,432
Chrome,124.0,429
Chrome,114.0,420
Firefox,135.0,419
Sogou Explorer,2,411
QQ Browser,13.7,409
Microsoft Edge,129.0,390
Microsoft Edge,126.0,373
Microsoft Edge,128.0,367
Microsoft Edge,127.0,352
Opera,119.0,343
Safari,17.4,340
Yandex Browser,24.10,324
Chrome,118.0,304
Microsoft Edge,100.0,261
Chrome,108.0,260
Chrome,117.0,260
Chrome,137.0,255
Chrome,138.0,244
Chrome,103.0,240
Avast Secure Browser,134.0,239
Microsoft Edge,109.0,222
Safari,17.3,198
Firefox,139.0,197
Microsoft Edge,124.0,178
Firefox,134.0,166
Opera,117.0,165
Firefox,127.0,163
Chrome,107.0,158
Microsoft Edge,120.0,157
Safari,16.3,156
Safari,17.1,156
Opera,95.0,150
Safari,16.1,142
Safari,17.2,135
Samsung Browser,27.0,135
Huawei Browser,12.1,132
Chrome,111.0,129
Microsoft Edge,125.0,128
Microsoft Edge,123.0,117
Huawei Browser Mobile,16.0,112
Chrome,87.0,110
Chrome,101.0,109
Chrome,115.0,107
Safari,16.5,107
Firefox,133.0,103
Chrome,112.0,99
Safari,14.1,96
Safari,16.4,96
Microsoft Edge,121.0,95
Chrome,113.0,94
Microsoft Edge,119.0,94
QQ Browser,19.2,94
Chrome,92.0,93
Microsoft Edge,113.0,88
Microsoft Edge,18.18362,87
Chrome,91.0,85
Opera,89.0,84
(not set),(not set),83
Safari,17.0,83
MIUI Browser,19.4,82
QQ Browser,19.1,80
Firefox,130.0,77
Microsoft Edge,18.18363,77
Safari,(not set),76
Chrome,102.0,75
Microsoft Edge,117.0,75
Chrome,105.0,74
Microsoft Edge,118.0,73
Chrome,90.0,73
Chrome,110.0,72
Chrome,95.0,72
Chrome,106.0,70
Chrome,78.0,70
Microsoft Edge,114.0,69
vivo Browser,14.0,62
Safari,16.0,61
Microsoft Edge,89.0,60
Microsoft Edge,18.19041,58
Microsoft Edge,115.0,57
Safari,13.1,56
Huawei Browser Mobile,15.0,55
Samsung Browser,24.0,55
Chrome,83.0,55
Chrome,94.0,55
Chrome,104.0,54
Mobile App,130.0,54
AVG Secure Browser,134.0,54
Safari,16.2,54
Quark,7.11,53
Chrome,98.0,52
Microsoft Edge,138.0,50
Chrome,99.0,50
Firefox,129.0,49
vivo Browser,24.5,49
Chrome,79.0,49
Chrome,80.0,49
Chrome,97.0,49
Microsoft Edge,116.0,48
MIUI Browser,14.32,48
QQ Browser,16.3,48
Yandex Browser,25.43,48
Firefox,116.0,47
Safari,12.1,47
Microsoft Edge,112.0,46
Safari,17.11,46
Firefox,132.0,44
Microsoft Edge,17.17134,44
Chrome,96.0,43
Firefox,113.0,42
Chrome,85.0,42
Mobile App,97.0,42
Microsoft Edge,110.0,41
Samsung Browser,25.0,41
Chrome,93.0,41
Microsoft Edge,106.0,40
MIUI Browser,19.5,40
Mobile App,114.0,39
Microsoft Edge,16.16299,39
Chromium,(not set),38
Firefox,125.0,38
Safari,15.5,38
Microsoft Edge,18.17763,36
Chrome,63.0,36
Chrome,74.0,36
Chrome,81.0,36
Microsoft Edge,86.0,36
Firefox,131.0,35
Yandex Browser,24.7,35
Samsung Browser,26.0,35
Microsoft Edge,84.0,35
Microsoft Edge,90.0,35
Chrome,100.0,34
MIUI Browser,14.33,34
Safari,15.4,34
Microsoft Edge,111.0,33
Chrome,136,33
Safari,17.8,33
Chrome,88.0,33
Avast Secure Browser,109.0,32
Firefox,140.0,32
Opera Touch,5.5,32
Opera,114.0,30
Safari,17.7,29
Norton Private Browser,134.0,28
Safari,15.1,28
Yandex Browser,24.12,28
Firefox,52.0,28
Microsoft Edge,107.0,27
vivo Browser,24.3,27
Chrome,84.0,27
Yandex Browser,25.41,26
Mobile App,135.0,25
Yandex Browser,25.42,25
Chrome,69.0,25
Chrome,75.0,25
Firefox,126.0,24
Microsoft Edge,15.15063,24
SberBrowser,26.0,24
Chrome,70.0,24
Mobile Silk,134.4,23
Hi Browser,2.24,23
Opera GX,2.7,23
Firefox,108.0,22
Firefox,111.0,22
Opera,116.0,22
QQ Browser,12.2,22
Firefox,123.0,22
QQ Browser,13.6,22
Safari,15.2,22
Safari,15.3,22
Samsung Browser,7.4,22
Firefox,102.0,21
UC Browser,14.4,21
Chrome,89.0,21
Firefox,91.0,21
Microsoft Edge,108.0,20
Mobile App,126.0,20
Samsung Browser,23.0,20
Yandex Browser,23.9,20
Firefox,88.0,20
QQ Browser,13.5,19
Firefox,138.1,19
Safari,14.0,19
UC Browser,17.6,19
Microsoft Edge,103.0,18
QQ Browser,19.0,18
QQ Browser,6.2,18
Chrome,77.0,18
Phoenix Browser,18.3,17
Safari,18.6,17
Opera,91.0,17
Mobile App,109.0,16
Firefox,112.0,16
Mobile App,116.0,16
Mobile App,131.0,16
JioSphere,5.0,16
Chrome,55.0,16
Opera,90.1,16
Mobile App,117.0,15
Firefox,121.0,15
Firefox,122.0,15
Yandex Browser,24.4,15
Yandex Browser,24.6,15
Opera,79.0,15
Microsoft Edge,105.0,14
Firefox,110.0,14
Opera,113.0,14
Firefox,120.0,14
Mobile App,123.0,14
Firefox,124.0,14
Yandex Browser,23.11,14
Yandex Browser,23.7,14
Chrome,76.0,14
Firefox,78.0,14
Microsoft Edge,99.0,14
Microsoft Edge,101.0,13
Firefox,103.0,13
Firefox,104.0,13
Opera,115.0,13
Microsoft Edge,14.14393,13
QQ Browser,16.2,13
MIUI Browser,19.3,13
Chrome,47.0,13
Firefox,109.0,12
Chrome,125,12
Avira Secure Browser,134.0,12
CCleaner,134.0,12
Samsung Browser,22.0,12
vivo Browser,24.4,12
Yandex Browser,25.26,12
Yandex Browser,25.3,12
Chrome,68.0,12
Firefox,68.0,12
Quark,7.8,12
Opera,88.0,12
Firefox,100.0,11
Yandex Browser,23.3,11
QtWebEngine,5.15,11
Firefox,72.0,11
Firefox,92.0,11
Mobile App,103.0,10
QQ Browser,11.9,10
QQ Browser,12.0,10
Firefox,138.2,10
Yandex Browser,23.1,10
Atom,26.0,10
