name,unique_entrances,total_entrances,visit_duration
/downloads/,180941,188527,118
/,132673,138711,131
/downloads/windows/,35470,36363,129
/downloads/release/python-3133/,24561,25030,111
/downloads/macos/,5908,6030,88
/about/gettingstarted/,5341,5446,75
/downloads/release/python-3100/,5009,5119,123
/downloads/release/python-3922/,4637,4679,161
/downloads/release/python-3110/,4405,4492,121
/search/,3444,3505,323
/downloads/release/python-3120/,3182,3227,116
/doc/,3059,3106,97
/downloads/release/python-3132/,2203,2229,112
/downloads/release/python-31112/,2083,2103,167
/downloads/release/python-3106/,1860,1929,106
/downloads/release/python-390/,1854,1886,162
/downloads/release/python-3130/,1720,1741,105
/downloads/release/python-31210/,1684,1724,95
/downloads/source/,1549,1570,114
/downloads/release/python-3119/,1494,1524,95
/psf-landing/,1461,1474,130
/downloads/release/python-31011/,1413,1457,95
/downloads/release/python-380/,1234,1255,154
/doc/versions/,1191,1204,81
/downloads/release/python-3109/,1113,1135,93
/downloads/release/python-31017/,1053,1066,185
/downloads/release/python-3810/,873,893,122
/about/,853,866,142
/community/logos/,851,856,20
/getit/,848,859,139
/download/other/,830,844,117
/shell/,773,790,78
/downloads/release/python-3123/,758,785,126
/jobs/,707,731,99
/downloads/release/python-3913/,703,723,102
/downloads/release/python-370/,700,712,170
/downloads/release/python-2718/,699,717,75
/downloads/release/python-3124/,678,693,113
/community/,601,616,111
/downloads/release/python-31013/,580,589,264
/about/apps/,551,556,106
/downloads/release/python-31111/,466,469,171
/downloads/release/python-3129/,439,443,104
/download/pre-releases/,428,429,155
/downloads/release/python-31010/,411,423,110
/download/releases/2.7/,408,423,144
/download/releases/,404,407,151
/downloads/release/python-3820/,394,398,287
/downloads/release/python-3128/,367,381,94
/downloads/release/python-31110/,364,376,187
/downloads/release/python-3140b1/,361,367,131
/downloads/release/python-3114/,357,363,177
/downloads/release/python-360/,357,359,162
/downloads/release/python-3118/,354,360,106
/downloads/release/python-31012/,346,355,180
/downloads/release/python-379/,329,339,133
/downloads/release/python-31016/,327,334,201
/download,278,280,142
/doc/essays/blurb/,267,271,62
/downloads/release/python-3116/,255,261,80
/downloads/release/python-3125/,239,240,85
/downloads/release/python-368/,237,249,146
/downloads/release/python-3127/,227,231,105
/downloads/release/python-3117/,223,226,59
/blogs/,211,216,93
/downloads/release/python-3131/,210,213,83
/downloads/release/,203,203,237
/downloads/release/python-3122/,194,196,142
/downloads/release/python-3126/,191,195,63
/downloads/release/python-31015/,181,182,223
/downloads/release/python-3111/,167,172,125
/downloads/release/python-31014/,165,167,136
/download/releases/3.0/,161,162,126
/downloads/release/python-3105/,160,172,43
/downloads/release/python-3115/,155,159,66
/downloads/release/python-3921/,148,150,191
/downloads/release/python-3121/,144,148,84
/events/,141,146,100
/downloads/release/python-3112/,125,131,88
/downloads/release/python-396/,125,127,79
/downloads/release/python-3113/,124,128,92
/downloads/release/python-3910/,124,131,98
/downloads/release/python-3717/,123,124,194
/downloads/release/python-382/,119,120,101
/about/help/,115,116,63
/downloads/release/python-374/,115,117,240
/downloads/release/python-3920/,107,109,180
/downloads/release/python-377/,105,128,409
/downloads/release/python-272/,104,107,131
/downloads/release/python-385/,102,102,197
/downloads/release/python-3104/,97,99,107
/downloads/release/python-3108/,96,98,62
/psf/donations/,96,96,32
/downloads/release/python-3918/,95,95,307
/getit/windows/,95,95,108
/success-stories/,94,94,99
/downloads/release/python-3912/,88,91,110
/downloads/release/python-395/,86,87,94
/downloads/release/python-386/,84,84,234
/doc/essays/graphs/,82,84,2
/downloads/release/python-340/,82,83,175
/downloads/release/python-397/,82,83,70
/downloads/release/python-388/,81,81,181
/doc/av/,80,84,90
/downloads/release/python-3819/,79,79,252
/downloads/release/python-392/,79,79,74
/downloads/release/python-381/,78,79,187
/accounts/login/,76,79,150
/downloads/release/python-2716/,74,76,29
/downloads/release/python-3911/,74,74,166
/downloads/release/python-3919/,74,77,173
/downloads/release/python-399/,72,73,97
/download/alternatives/,71,72,137
/downloads/release/python-3102/,71,71,48
/downloads/release/python-376/,68,69,118
/download/mac/tcltk/,67,68,190
/downloads/release/python-3818/,67,67,121
/downloads/release/python-383/,67,70,140
/downloads/release/python-3107/,66,67,45
/downloads/release/python-3101/,65,65,157
/downloads/release/python-372/,65,68,45
/downloads/release/python-373/,63,63,153
/download/releases/2.5/msi/,62,62,105
/downloads/release/python-2715/,62,63,145
/downloads/release/python-389/,62,62,60
/downloads/release/python-3817/,61,61,334
/downloads/release/python-391/,61,62,86
/community/forums/,57,61,106
/downloads/release/python-387/,57,57,84
/download/releases/2.0/,56,57,171
/downloads/release/python-350/,56,59,143
/psf/sponsors/,56,56,133
/success-stories/category/education/,54,54,120
/dev/,53,53,49
/downloads/release/python-378/,53,54,46
/events/python-events/,52,52,91
/doc/sunset-python-2/,51,53,26
/psf/membership/,51,51,131
/download/releases/3.1/,48,48,82
/downloads/release/python-278/,48,48,89
/downloads/release/python-3815/,48,48,279
/community/sigs/current/mobile-sig/,47,47,108
/downloads/release/python-365/,47,47,179
/about/quotes/,46,46,56
/downloads/release/python-371/,44,44,168
/downloads/),43,44,122
/downloads/release/python-311/,43,44,145
/downloads/release/python-3716/,43,45,166
/downloads/release/python-3615/,42,42,346
/events/python-events/1507/,42,42,18
/downloads/release/python-31113/,41,41,104
/success-stories/category/business/,41,43,113
/downloads/release/python-3816/,40,41,235
/downloads/release/python-2714/,39,40,82
/success-stories/category/engineering/,39,39,116
/downloads/release/python-3812/,38,38,288
/community/diversity/,37,37,246
/downloads/release/python-2710/,37,37,156
/downloads/release/python-312/,37,38,188
/downloads/release/python-363/,37,38,178
/downloads/release/python-3811/,37,38,169
/success-stories/category/arts/,37,39,144
/community/workshops/,36,36,49
/downloads/release/python-343/,36,37,350
/about/success/,35,36,69
/downloads/release/python-275/,35,35,329
/downloads/release/python-3917/,35,35,177
/jobs/7860/,35,36,149
/downloads/release/python-3103/,33,33,192
/community/irc/,32,32,45
/downloads/release/python-2713/,32,32,48
/downloads/release/python-330/,32,32,247
/downloads/release/python-270/,31,31,29
/downloads/release/python-2712/,31,31,73
/downloads/release/python-2717/,31,31,63
/downloads/release/python-3140a4/,31,31,83
/downloads/release/python-3813/,31,32,182
/downloads/release/python-364/,30,31,164
/downloads/release/python-3916/,30,30,275
/downloads/release/python-273/,29,30,267
/downloads/release/python-352/,29,29,165
/download/releases/2.3/mro/,28,28,26
/downloads/](https://www.python.org/downloads/),28,28,158
/downloads/release/python-3110/:https://www.python.org/downloads/release/python-3110/,28,29,0
/downloads/release/python-3510/,28,28,242
/dev/security/,27,27,65
/downloads/release/python-2711/,27,27,117
/downloads/release/python-310/,27,28,97
/downloads/release/python-3410/,27,27,157
/downloads/release/python-344/,27,27,172
/downloads/release/python-3710/,27,27,142
/downloads/release/python-366/,26,26,34
/downloads/release/python-3712/,26,26,342
/downloads/release/python-375/,26,26,184
/doc/essays/,25,25,68
/doc/essays/comparisons/,25,26,115
/community/lists/,24,25,49
/downloads/release/python-271/,24,24,298
/downloads/release/python-300/,24,24,78
/downloads/release/python-362/,24,25,94
/downloads/release/python-369/,24,24,110
/downloads/release/python-398/,24,25,74
/downloads/release/python-394/,23,23,107
/jobs/7853/,23,23,54
/downloads/release/python-3140a7/,22,22,142
/success-stories/category/software-development/,22,22,259
/community/sigs/,21,21,221
/downloads/release/python-279/,21,22,37
/downloads/release/python-311x/,21,21,97
/downloads/release/python-367/,21,21,20
/downloads/release/python-3915/,21,21,98
/psf/fellows/,21,21,3
/accounts/signup/,20,20,147
/downloads/release/python-277/,20,20,224
/psf/donations/python-dev/,20,20,20
/dev/core-mentorship/,19,19,48
/download/releases/3.2/,19,19,210
/downloads/metadata/sigstore/,19,19,129
/downloads/release/python-3711/,19,19,162
/psf/about/,19,19,165
/community/microbit/,18,18,2
/downloads/release/python-276/,18,18,98
/downloads/release/python-351/,18,19,193
/psf/grants/,18,18,2
/success-stories/category/scientific/,18,18,268
/dev/buildbot/,17,17,194
/doc/essays/list2str/,17,17,5
/downloads/release/python-201/,17,18,133
/downloads/release/python-361/,17,18,241
/downloads/release/python-3713/,17,17,143
/ftp,17,17,46
/psf/newsletter/,17,17,166
/download/releases/2.4/msi/,16,16,65
/downloads/release/python-3714/,16,16,112
/downloads/release/python-3715/,16,16,250
/downloads/）,16,16,289
/jobs/7843/,16,16,168
/doc/essays/styleguide/,15,15,335
/downloads/release/python-313/,15,15,207
/downloads/release/python-3140a1/,15,15,88
/downloads/release/python-353/,15,16,346
/jobs/location/telecommute/,15,15,298
/downloads/release/python-250/,14,14,80
/downloads/release/python-266/,14,14,54
/downloads/release/python-3814/,14,14,338
/events/python-user-group/1834/,14,14,0
/success-stories/category/government/,14,14,45
/accounts/confirm-email/,13,13,87
/doc/humor/,13,13,28
/download/releases/2.0/license/,13,13,9
/downloads/release/python-354/,13,14,236
/downloads/release/python-3613/,13,13,249
/downloads/release/python-3614/,13,13,112
/）,13,13,27
/),12,12,6
/dowloads,12,12,55
/download/releases/1.6.1/,12,12,88
/downloads.,12,12,7
/events/python-user-group/1585/,12,12,7
/events/python-user-group/2001/,12,12,255
/users/far-cry-5-download-crack/,12,12,3
/download/releases/2.5/,11,11,175
/downloads/release/python-314/,11,11,86
/downloads/release/python-3611/,11,11,128
/downloads/release/python-3900/,11,11,156
/events/python-events/1888/,11,11,3
/events/python-user-group/2013/,11,11,29
/psf/annual-report/2021/,11,11,118
/psf/trademarks-faq/,11,11,194
/success-stories/building-a-dependency-graph-of-our-python-codebase/,11,11,0
/about/success/cog/,10,10,214
/community/awards/psf-awards/,10,10,5
/doc/essays/foreword/,10,10,32
/downloads/release/python-310*/,10,10,393
/downloads/release/python-357/,10,11,489
/downloads/release/python-3612/,10,10,84
/downloads/release/python-38/,10,10,86
/downloads/）。,10,10,48
/events/python-events/past/,10,10,121
/jobs/7829/,10,10,140
/jobs/7852/,10,10,9
/psf/membership-faq/,10,10,221
/psf/sponsorship/,10,10,167
/success-stories/python-seo-link-analyzer/,10,10,17
/）。,10,10,57
/doc/essays/cp4e/,9,9,56
/dowload,9,9,503
/download/releases/early/,9,9,6
/downloads/release/python-3100rc2/,9,9,153
/downloads/release/python-384/,9,9,18
/downloads/release/python-393/,9,9,163
/downloads/）下载python,9,9,74
/events/python-events/888/,9,9,0
/jobs/7851/,9,9,289
/psf/fellows-roster/,9,9,0
/psf/volunteer/,9,9,761
/success-stories/category/data-science/,9,9,256
/DOWNLOADS,8,8,38
/downloads/release/python-301/,8,8,86
/downloads/release/python-3610/,8,8,260
