property,value,visitors,events,percentage
url,(none),5901,10841,99.9
url,https://www.python.org/,54,57,0.9
url,https://pypi.org/,4,4,0.1
url,https://github.com/python/cpython/tree/3.13/Lib/datetime.py,3,4,0.1
url,https://github.com/python/cpython/tree/3.13/Lib/logging/__init__.py,3,3,0.1
url,https://requests.readthedocs.io/en/master/,3,3,0.1
url,https://tiswww.case.edu/php/chet/readline/rltop.html,3,4,0.1
url,https://en.wikipedia.org/wiki/C11_(C_standard_revision)#Optional_features,2,3,0.0
url,https://github.com/python/cpython/tree/3.13/Lib/codecs.py,2,2,0.0
url,https://manpages.debian.org/bind(3tk),2,2,0.0
url,https://manpages.debian.org/flock(2),2,3,0.0
url,https://packaging.python.org/,2,2,0.0
url,https://peps.python.org/pep-0624/,2,2,0.0
url,https://tkdocs.com/,2,2,0.0
url,https://www.tcl.tk/,2,2,0.0
url,https://cr.yp.to/proto/maildir.html,1,1,0.0
url,https://csrc.nist.gov/news/2023/decision-to-revise-fips-180-4,1,1,0.0
url,https://csrc.nist.gov/pubs/fips/202/final,1,1,0.0
url,https://datatracker.ietf.org/doc/html/rfc1321.html,1,1,0.0
url,https://datatracker.ietf.org/doc/html/rfc2045.html,1,1,0.0
url,https://dateutil.readthedocs.io/en/stable/,1,1,0.0
url,https://devguide.python.org/,1,1,0.0
url,https://docs.djangoproject.com/en/stable/topics/logging/#configuring-logging,1,1,0.0
url,https://en.wikipedia.org/wiki/IEEE_754,1,1,0.0
url,https://en.wikipedia.org/wiki/NaN#Floating_point,1,1,0.0
url,https://en.wikipedia.org/wiki/Unix_time,1,1,0.0
url,https://github.com/python/cpython/blob/main/Doc/library/os.rst,1,1,0.0
url,https://github.com/python/cpython/blob/main/Doc/tutorial/index.rst,1,1,0.0
url,https://github.com/python/cpython/issues/131591,1,1,0.0
url,https://github.com/python/cpython/tree/3.13/Lib/collections/__init__.py,1,1,0.0
url,https://github.com/python/cpython/tree/3.13/Lib/contextlib.py,1,1,0.0
url,https://github.com/python/cpython/tree/3.13/Lib/copyreg.py,1,1,0.0
url,https://github.com/python/cpython/tree/3.13/Lib/functools.py,1,1,0.0
url,https://github.com/python/cpython/tree/3.13/Lib/html/parser.py,1,1,0.0
url,https://github.com/python/cpython/tree/3.13/Lib/ipaddress.py,1,2,0.0
url,https://github.com/python/cpython/tree/3.13/Lib/re/,1,1,0.0
url,https://github.com/python/cpython/tree/3.13/Lib/subprocess.py,1,1,0.0
url,https://github.com/python/cpython/tree/3.13/Lib/threading.py,1,1,0.0
url,https://github.com/python/cpython/tree/3.13/Lib/tkinter/scrolledtext.py,1,1,0.0
url,https://github.com/python/cpython/tree/3.13/Lib/typing.py,1,1,0.0
url,https://github.com/python/cpython/tree/3.13/Lib/urllib/request.py,1,1,0.0
url,https://manpages.debian.org/ioctl(2),1,1,0.0
url,https://mypy.readthedocs.io/en/stable/cheat_sheet_py3.html,1,1,0.0
url,https://packaging.python.org/en/latest/tutorials/packaging-projects/,1,1,0.0
url,https://packaging.python.org/guides/installing-using-pip-and-virtual-environments/#create-and-use-virtual-environments,1,1,0.0
url,https://packaging.python.org/science/,1,1,0.0
url,https://peps.python.org/pep-0008/,1,1,0.0
url,https://peps.python.org/pep-0255/,1,1,0.0
url,https://peps.python.org/pep-0343/,1,1,0.0
url,https://peps.python.org/pep-0397/,1,1,0.0
url,https://peps.python.org/pep-0484/,1,1,0.0
url,https://peps.python.org/pep-0498/,1,1,0.0
url,https://peps.python.org/pep-0506/,1,1,0.0
url,https://peps.python.org/pep-0519/,1,1,0.0
url,https://peps.python.org/pep-0560/,1,1,0.0
url,https://peps.python.org/pep-0570/,1,1,0.0
url,https://peps.python.org/pep-0585/,1,1,0.0
url,https://peps.python.org/pep-0636/,1,1,0.0
url,https://peps.python.org/pep-0749/,1,1,0.0
url,https://peps.python.org/pep-3119/,1,1,0.0
url,https://peps.python.org/pep-3333/,1,1,0.0
url,https://pypi.org/project/filetype/,1,1,0.0
url,https://pypi.org/project/setuptools/,1,1,0.0
url,https://pypi.org/project/tomli-w/,1,1,0.0
url,https://pythonnet.github.io/,1,1,0.0
url,https://requests.readthedocs.io/en/latest/,1,1,0.0
url,https://typing.python.org/en/latest/,1,1,0.0
url,https://wiki.python.org/moin/IntegratedDevelopmentEnvironments,1,1,0.0
url,https://www.courier-mta.org/maildir.html,1,1,0.0
url,https://www.jython.org/,1,2,0.0
url,https://www.python.org/doc/versions/,1,1,0.0
url,https://www.python.org/psf/donations/,1,1,0.0
url,https://www.tcl.tk/man/tcl8.6/TkCmd/contents.htm,1,1,0.0
