name,unique_entrances,total_entrances,visit_duration
/3.13/tutorial/index.html,479,501,64
/3.13/using/windows.html,410,427,42
/3.13/,373,384,60
/3.13/tutorial/,229,242,112
/3/,125,125,378
/3.13/index.html,121,130,57
/3.13/whatsnew/3.13.html,90,111,86
/3.13/search.html,66,75,476
/3.13/tutorial/interpreter.html,63,66,63
/dev/using/windows.html,61,63,572
/3.13/library/functions.html,55,55,76
/zh-cn/3.13/tutorial/index.html,55,61,191
/3.13/library/stdtypes.html,51,59,91
/3.13/tutorial/appetite.html,45,45,128
/3.13/library/,39,39,18
/3.13/tutorial/introduction.html,33,36,110
/3.13/library/index.html,27,33,257
/3.13/tutorial/controlflow.html,25,33,148
/3.13/library/datetime.html,24,26,73
/zh-cn/3.13/,21,22,279
/zh-cn/3.13/genindex-C.html,21,21,0
/3/tutorial/index.html,20,20,531
/es/3.13/tutorial/modules.html,19,21,227
/3.13/library/typing.html,18,20,131
/3.13/library/idle.html,17,17,81
/3.13/library/random.html,16,16,153
/3.13/library/tkinter.html,16,18,2
/3.13/py-modindex.html,16,18,131
/3.13/library/os.html,15,15,5
/fr/3.13/tutorial/index.html,15,15,110
/zh-cn/3.13/library/functions.html,15,15,0
/zh-cn/3.13/library/math.html,15,15,0
/zh-cn/3.13/tutorial/controlflow.html,14,14,2
/zh-cn/3.13/using/android.html,14,14,67
/es/3.13/tutorial/index.html,13,16,178
/zh-cn/3.13/library/base64.html,13,13,14
/3.13/library/exceptions.html,12,12,74
/3.13/reference/index.html,12,12,256
/ja/3.13/library/index.html,12,12,53
/zh-cn/3.13/tutorial/interpreter.html,12,12,10
/3.13/download.html,11,11,137
/3.13/library/collections.html,11,11,195
/3.13/tutorial/datastructures.html,11,11,567
/3/whatsnew/3.14.html,11,11,375
/3.13/installing/index.html,10,10,125
/3.13/library/turtle.html,10,11,110
/3.13/tutorial/classes.html,10,10,76
/3/library/functions.html,10,11,207
/3/library/idle.html,10,10,76
/ja/3.13/library/functions.html,10,12,144
/zh-cn/3.13/library/idle.html,10,10,0
/zh-cn/3.13/library/index.html,10,10,912
/3.14/,9,9,556
/3/tutorial/,9,9,581
/es/3.13/installing/index.html,9,9,174
/fr/3.13/library/tkinter.ttk.html,9,9,49
/ja/3.13/tutorial/,9,10,0
/ja/3.13/tutorial/index.html,9,9,30
/ko/3.13/c-api/intro.html,9,9,8
/3.13/library/subprocess.html,8,9,365
/3.13/tutorial/appendix.html,8,8,106
/3.13/tutorial/modules.html,8,8,517
/3.13/glossary.html,7,7,0
/3.13/library/constants.html,7,7,0
/3.13/library/logging.html,7,8,0
/3.13/library/math.html,7,7,24
/3.13/library/pathlib.html,7,8,3
/3.13/library/tarfile.html,7,7,0
/3.13/library/xml.etree.elementtree.html,7,7,0
/3.13/using/mac.html,7,7,28
/ja/3.13/library/os.path.html,7,7,12
/zh-cn/3.13/index.html,7,7,50
/zh-cn/3.13/installing/index.html,7,7,1
/zh-cn/3/,7,7,491
/3.13/contents.html,6,7,46
/3.13/library/csv.html,6,6,0
/3.13/library/io.html,6,6,68
/3.13/library/re.html,6,6,0
/3.13/library/ssl.html,6,6,23
/3.13/library/time.html,6,6,382
/3.13/library/unittest.html,6,6,285
/3/library/index.html,6,6,920
/3/using/windows.html,6,6,1482
/es/3.13/library/tkinter.html,6,7,299
/ja/3.13/library/__main__.html,6,6,137
/ja/3.13/library/sys.html,6,6,0
/ja/3.13/library/tkinter.ttk.html,6,6,4
/uk/3.13/tutorial/interpreter.html,6,7,38
/zh-cn/3.13/faq/general.html,6,6,0
/zh-cn/3.13/using/index.html,6,6,2
/3.13/copyright.html,5,5,6
/3.13/library/argparse.html,5,5,1
/3.13/library/asyncio.html,5,5,0
/3.13/library/curses.html,5,5,0
/3.13/library/ipaddress.html,5,5,371
/3.13/library/multiprocessing.html,5,5,0
/3.13/library/traceback.html,5,5,3
/3.13/library/zlib.html,5,5,0
/3.13/reference/expressions.html,5,5,21
/3.13/reference/import.html,5,5,36
/3.13/reference/lexical_analysis.html,5,5,0
/3.15/,5,5,552
/3/library/datetime.html,5,5,51
/3/library/stdtypes.html,5,5,1487
/3/tutorial/controlflow.html,5,5,354
/es/3.13/library/index.html,5,5,544
/ja/3.13/glossary.html,5,5,4
/ja/3.13/library/configparser.html,5,5,0
/ja/3.13/library/gettext.html,5,5,0
/ja/3.13/search.html,5,5,216
/ko/3.13/using/mac.html,5,5,959
/pt-br/3.13/library/math.html,5,5,0
/uk/3.13/tutorial/classes.html,5,5,0
/zh-cn/3.13/c-api/exceptions.html,5,5,0
/zh-cn/3.13/contents.html,5,5,22
/zh-cn/3.13/library/,5,5,544
/zh-cn/3.13/library/asyncio-task.html,5,5,0
/zh-cn/3.13/library/doctest.html,5,5,0
/zh-cn/3.13/library/os.html,5,5,357
/zh-cn/3.13/library/tarfile.html,5,5,0
/zh-cn/3.13/tutorial/,5,5,16
/zh-cn/3.13/tutorial/introduction.html,5,5,1580
/zh-cn/3.13/tutorial/modules.html,5,5,0
/zh-cn/3.13/using/ios.html,5,5,0
/3.12/,4,4,621
/3.13/library/codecs.html,4,4,153
/3.13/library/concurrent.futures.html,4,4,928
/3.13/library/dataclasses.html,4,4,238
/3.13/library/dis.html,4,4,0
/3.13/library/enum.html,4,5,0
/3.13/library/json.html,4,4,0
/3.13/library/sqlite3.html,4,4,0
/3.13/library/threading.html,4,4,317
/3.13/reference/datamodel.html,4,4,0
/3.13/reference/simple_stmts.html,4,4,303
/3.13/tutorial/inputoutput.html,4,5,0
/3.13/using/index.html,4,4,3
/3.13/whatsnew/3.3.html,4,4,0
/3.13/whatsnew/3.8.html,4,4,0
/3.13/whatsnew/changelog.html,4,4,0
/3.13/whatsnew/index.html,4,4,26
/3/contents.html,4,4,380
/3/download.html,4,4,193
/3/library/asyncio.html,4,4,42
/3/library/dataclasses.html,4,4,732
/3/library/subprocess.html,4,4,1711
/3/library/venv.html,4,4,278
/3/search.html,4,4,838
/3/tutorial/classes.html,4,4,685
/3/tutorial/datastructures.html,4,4,106
/es/3.13/installing/,4,4,16
/es/3.13/library/functions.html,4,7,0
/es/3.13/tutorial/controlflow.html,4,5,0
/fr/3.13/,4,4,2
/fr/3.13/library/calendar.html,4,4,0
/fr/3.13/library/stdtypes.html,4,4,0
/fr/3.13/library/urllib.parse.html,4,4,0
/fr/3.13/library/zlib.html,4,4,0
/fr/3.13/tutorial/interpreter.html,4,4,0
/ja/3.13/index.html,4,4,64
/ja/3.13/library/asyncio-eventloop.html,4,5,150
/ja/3.13/library/csv.html,4,4,0
/ja/3.13/library/datetime.html,4,4,0
/ja/3.13/library/devmode.html,4,4,0
/ja/3.13/library/sysconfig.html,4,4,0
/ja/3.13/library/urllib.error.html,4,4,0
/ja/3.13/using/windows.html,4,4,0
/pt-br/3.13/library/functions.html,4,4,0
/pt-br/3.13/library/index.html,4,4,52
/uk/3.13/library/tkinter.font.html,4,4,0
/zh-cn/3.13/library/ast.html,4,4,0
/zh-cn/3.13/library/concurrent.futures.html,4,4,0
/zh-cn/3.13/library/exceptions.html,4,4,32
/zh-cn/3.13/tutorial/datastructures.html,4,4,0
/zh-cn/3/tutorial/index.html,4,4,932
/zh-tw/3.13/library/traceback.html,4,4,0
/zh-tw/3.13/tutorial/classes.html,4,5,13
/zh-tw/3.13/tutorial/index.html,4,4,0
/3.13/extending/index.html,3,3,21
/3.13/genindex.html,3,3,412
/3.13/howto/free-threading-extensions.html,3,3,0
/3.13/howto/logging-cookbook.html,3,3,0
/3.13/library/__main__.html,3,3,190
/3.13/library/copy.html,3,3,0
/3.13/library/decimal.html,3,3,0
/3.13/library/importlib.html,3,3,7
/3.13/library/itertools.html,3,3,349
/3.13/library/os.path.html,3,3,14
/3.13/library/poplib.html,3,3,0
/3.13/library/pyexpat.html,3,3,0
/3.13/library/readline.html,3,3,173
/3.13/library/socket.html,3,3,7
/3.13/library/tkinter.ttk.html,3,3,0
/3.13/library/types.html,3,3,0
/3.13/tutorial/errors.html,3,3,0
/3.13/whatsnew/3.11.html,3,3,0
/3.14/tutorial/,3,3,586
/3.14/tutorial/index.html,3,3,225
/3.14/using/windows.html,3,3,717
/3/glossary.html,3,3,2355
/3/howto/sorting.html,3,3,305
/3/index.html,3,3,29
/3/library/exceptions.html,3,3,759
/3/library/pathlib.html,3,3,1110
/3/library/tkinter.html,3,3,301
/3/license.html,3,3,61
/3/py-modindex.html,3,3,59
/3/tutorial/appetite.html,3,3,434
/es/3.13/,3,3,0
/es/3.13/library/__main__.html,3,3,0
/es/3.13/library/stdtypes.html,3,3,1
/es/3.13/tutorial/,3,3,1440
/es/3.13/tutorial/datastructures.html,3,4,1
/es/3.13/tutorial/introduction.html,3,3,0
/es/3.13/whatsnew/3.12.html,3,3,0
/es/3/tutorial/,3,3,1510
/fr/3.13/reference/compound_stmts.html,3,3,0
/fr/3.13/tutorial/appetite.html,3,3,8
/id/3.13/library/curses.html,3,3,0
/ja/3.13/c-api/object.html,3,3,0
/ja/3.13/c-api/structures.html,3,3,0
/ja/3.13/genindex-all.html,3,3,0
/ja/3.13/library/concurrent.futures.html,3,3,0
/ja/3.13/library/dataclasses.html,3,3,322
/ja/3.13/library/i18n.html,3,3,0
/ja/3.13/library/importlib.resources.html,3,3,0
/ja/3.13/library/operator.html,3,3,0
/ja/3.13/library/stdtypes.html,3,3,0
/ja/3.13/library/tkinter.font.html,3,3,0
/ja/3.13/library/token.html,3,3,0
/ja/3.13/library/typing.html,3,3,111
/ja/3.13/library/unittest.mock.html,3,3,0
/ja/3.13/library/warnings.html,3,3,0
/ja/3.13/library/wsgiref.html,3,3,0
/ja/3.13/library/xml.dom.html,3,3,0
/ja/3.13/library/xml.sax.reader.html,3,3,0
/ja/3.13/py-modindex.html,3,5,55
/ja/3.13/tutorial/controlflow.html,3,3,167
/ja/3/tutorial/,3,3,191
/ko/3.13/tutorial/introduction.html,3,6,0
/pt-br/3.13/library/tkinter.html,3,5,0
/pt-br/3.13/tutorial/index.html,3,3,0
/uk/3.13/tutorial/errors.html,3,3,3
/uk/3.13/tutorial/index.html,3,3,100
/uk/3.13/whatsnew/3.8.html,3,3,0
/zh-cn/3.13/library/re.html,3,3,0
/zh-cn/3.13/library/subprocess.html,3,3,255
/zh-cn/3.13/library/threading.html,3,3,293
/zh-cn/3.13/library/urllib.parse.html,3,3,0
/zh-cn/3.13/py-modindex.html,3,3,0
/zh-cn/3.13/tutorial/classes.html,3,3,2
/zh-cn/3.13/tutorial/errors.html,3,3,0
/zh-cn/3.13/using/windows.html,3,3,0
/zh-tw/3.13/library/os.html,3,3,0
/zh-tw/3.13/py-modindex.html,3,3,0
/3.13/about.html,2,2,0
/3.13/faq/library.html,2,2,0
/3.13/genindex-E.html,2,2,0
/3.13/genindex-all.html,2,2,0
/3.13/howto/argparse.html,2,2,50
/3.13/howto/logging.html,2,2,0
/3.13/library/array.html,2,2,0
/3.13/library/ast.html,2,2,0
/3.13/library/asyncio-platforms.html,2,2,0
/3.13/library/bdb.html,2,2,0
/3.13/library/bisect.html,2,2,0
/3.13/library/calendar.html,2,2,0
/3.13/library/configparser.html,2,2,0
/3.13/library/ctypes.html,2,2,0
/3.13/library/curses.panel.html,2,2,0
/3.13/library/difflib.html,2,2,0
/3.13/library/email.errors.html,2,2,0
/3.13/library/email.message.html,2,2,0
/3.13/library/errno.html,2,2,0
/3.13/library/gettext.html,2,2,0
/3.13/library/hashlib.html,2,2,0
/3.13/library/imaplib.html,2,2,0
/3.13/library/intro.html,2,2,0
/3.13/library/logging.handlers.html,2,2,318
/3.13/library/mmap.html,2,2,0
/3.13/library/pprint.html,2,2,0
/3.13/library/shutil.html,2,2,18
/3.13/library/smtplib.html,2,2,0
/3.13/library/socketserver.html,2,2,0
/3.13/library/string.html,2,2,355
/3.13/library/sys.html,2,2,7
/3.13/library/tk.html,2,2,2
/3.13/library/venv.html,2,3,0
/3.13/library/wsgiref.html,2,2,0
/3.13/reference/compound_stmts.html,2,2,616
/3.13/reference/introduction.html,2,2,0
/3.13/tutorial/floatingpoint.html,2,2,42
/3.13/tutorial/stdlib2.html,2,2,285
/3.13/whatsnew/2.5.html,2,2,0
/3.13/whatsnew/3.12.html,2,2,392
/3.13/whatsnew/3.4.html,2,2,0
/3.14/c-api/memory.html,2,2,246
/3.14/index.html,2,2,146
/3/faq/,2,2,905
/3/library/,2,2,178
