name,visitors,pageviews,bounce_rate,time_on_page,scroll_depth
/3.13/tutorial/index.html,4104,4528,68,73,48
/3.13/using/windows.html,2949,3369,72,48,25
/ja/3.13/c-api/capsule.html,1855,2028,79,4,33
/3.13/index.html,1143,1139,58,565,72
/3.13/,1102,1380,56,20,77
/3.13/whatsnew/3.13.html,719,698,73,31,12
/3.13/tutorial/interpreter.html,704,665,72,96,69
/3.13/tutorial/appetite.html,667,578,57,88,87
/3.13/tutorial/,530,597,62,40,53
/zh-cn/3.13/tutorial/index.html,405,513,53,30,59
/zh-cn/3.13/,370,442,41,39,79
/3.13/tutorial/introduction.html,357,331,76,440,54
/3.13/search.html,315,417,46,29,57
/3.13/library/index.html,310,366,49,47,44
/es/3.13/tutorial/index.html,298,354,66,53,52
/3.13/library/functions.html,240,264,82,75,49
/3.13/tutorial/controlflow.html,232,240,69,202,47
/zh-cn/3.13/library/index.html,193,214,43,56,53
/3.13/library/stdtypes.html,190,202,85,89,37
/fr/3.13/tutorial/index.html,178,228,63,49,55
/ja/3.13/tutorial/,161,240,52,45,55
/zh-cn/3.13/tutorial/controlflow.html,155,155,68,359,51
/3.13/installing/index.html,131,103,73,34,65
/zh-cn/3.13/tutorial/introduction.html,120,107,66,102,53
/zh-cn/3.13/tutorial/interpreter.html,119,111,60,48,79
/zh-cn/3.13/library/functions.html,118,136,67,285,44
/zh-cn/3.13/index.html,114,143,31,41,81
/3.13/glossary.html,112,107,63,122,42
/3.13/reference/index.html,106,107,29,38,62
/es/3.13/,106,126,50,23,77
/zh-cn/3.13/search.html,105,161,35,17,59
/zh-cn/3.13/reference/index.html,102,117,37,184,76
/zh-cn/3.13/tutorial/appetite.html,101,91,38,40,89
/es/3.13/library/tkinter.html,95,107,71,107,39
/3.13/tutorial/datastructures.html,93,102,74,157,49
/3.13/download.html,92,76,71,20,85
/ja/3.13/tutorial/interpreter.html,90,103,69,70,71
/zh-cn/3.13/tutorial/datastructures.html,87,94,62,119,52
/3.13/contents.html,86,82,38,21,8
/ja/3.13/library/index.html,85,106,69,38,49
/3.13/using/index.html,82,73,57,16,69
/ja/3.13/library/functions.html,82,86,84,48,50
/es/3.13/tutorial/appetite.html,79,65,52,104,83
/zh-cn/3.13/library/stdtypes.html,78,77,60,95,40
/3.13/library/,76,75,72,12,29
/3.13/py-modindex.html,76,83,44,21,40
/es/3.13/tutorial/interpreter.html,76,83,71,137,70
/zh-tw/3.13/tutorial/index.html,76,99,61,50,54
/es/3.13/tutorial/introduction.html,74,69,86,204,55
/zh-cn/3.13/glossary.html,74,96,65,80,45
/zh-cn/3.13/using/index.html,74,86,62,16,74
/es/3.13/search.html,70,93,37,26,46
/zh-cn/3.13/contents.html,70,69,67,39,26
/3.13/using/cmdline.html,68,60,83,69,29
/zh-cn/3.13/download.html,68,58,73,28,88
/3.13/library/idle.html,67,67,81,34,23
/3.13/tutorial/classes.html,67,56,60,162,55
/3.13/tutorial/modules.html,67,66,71,132,60
/zh-cn/3.13/tutorial/classes.html,67,74,74,145,53
/es/3.13/library/functions.html,64,70,81,132,32
/ja/3.13/library/stdtypes.html,63,64,82,49,26
/es/3.13/library/index.html,62,69,59,43,44
/ja/3.13/tutorial/controlflow.html,61,68,70,103,39
/uk/3.13/extending/extending.html,61,63,97,1,3
/fr/3.13/tutorial/interpreter.html,60,54,57,65,77
/zh-cn/3.13/installing/index.html,60,50,68,73,78
/es/3.13/tutorial/datastructures.html,57,55,83,62,45
/pt-br/3.13/,57,57,42,19,77
/pt-br/3.13/library/index.html,57,64,63,35,40
/3.13/tutorial/appendix.html,56,43,69,50,71
/ja/3.13/search.html,56,94,64,15,63
/zh-cn/3.13/using/windows.html,56,46,75,62,50
/ko/3.13/tutorial/index.html,55,102,56,42,73
/ja/3.13/library/re.html,54,59,92,38,36
/ja/3.13/tutorial/introduction.html,54,62,82,117,63
/zh-cn/3.13/tutorial/modules.html,54,54,59,153,45
/3.13/library/tkinter.html,53,48,90,197,36
/ja/3.13/extending/extending.html,53,49,57,7,89
/ja/3.13/tutorial/appetite.html,51,47,56,31,83
/uk/3.13/howto/unicode.html,51,50,94,4,9
/zh-cn/3.13/tutorial/inputoutput.html,51,46,75,163,67
/es/3.13/tutorial/controlflow.html,50,44,100,168,38
/fr/3.13/tutorial/introduction.html,50,48,84,51,44
/ja/3.13/library/datetime.html,50,49,88,39,26
/3.13/tutorial/inputoutput.html,49,49,67,146,55
/es/3.13/tutorial/classes.html,48,50,71,104,35
/3.13/tutorial/errors.html,47,44,67,56,39
/zh-cn/3.13/reference/datamodel.html,47,86,56,192,68
/ja/3.13/library/typing.html,46,53,82,17,24
/ja/3.13/tutorial/index.html,46,57,55,47,66
/zh-cn/3.13/tutorial/,46,49,52,112,47
/3.13/library/os.html,45,61,64,83,33
/3.13/genindex.html,44,38,40,6,99
/3.13/howto/index.html,44,42,17,102,87
/3.13/reference/datamodel.html,44,39,56,50,52
/es/3.13/library/stdtypes.html,43,55,64,79,47
/3.13/library/turtle.html,42,54,78,83,42
/3.13/library/typing.html,41,43,64,26,41
/ja/3.13/c-api/stable.html,41,36,70,16,10
/zh-cn/3.13/whatsnew/3.13.html,41,39,89,147,21
