property,value,visitors,events,percentage
url,(none),134,206,97.8
url,https://www.python.org/,5,5,3.6
url,https://docs.python.org/tr/3.13/archives/python-3.13-docs-pdf-a4.zip,3,4,2.2
url,https://github.com/python/cpython/issues/101410,2,2,1.5
url,https://docs.python.org/tr/3.13/archives/python-3.13-docs-pdf-a4.tar.bz2,1,1,0.7
url,https://github.com/python/cpython/tree/3.13/Lib/ensurepip,1,1,0.7
url,https://packaging.python.org/installing/#creating-virtual-environments,1,1,0.7
url,https://packaging.python.org/installing/#requirements-for-installing-packages,1,1,0.7
