name,unique_entrances,total_entrances,visit_duration
/3/,24,24,174
/tr/3/tutorial/index.html,10,11,78
/tr/3/installing/index.html,8,8,7
/3/search.html,4,4,73
/tr/3.13/,4,4,20
/tr/3.13/tutorial/index.html,4,4,0
/3.13/tutorial/index.html,3,3,89
/3.13/using/windows.html,3,3,104
/3/tutorial/index.html,3,3,110
/tr/3/,3,3,12
/tr/3/tutorial/appetite.html,3,3,16
/3/library/math.html,2,2,156
/3/library/tkinter.html,2,2,2425
/3/tutorial/controlflow.html,2,2,480
/ko/3.13/tutorial/controlflow.html,2,2,26
/tr/3.12/tutorial/controlflow.html,2,2,0
/tr/3.13/using/windows.html,2,2,0
/tr/3/glossary.html,2,2,0
/tr/3/tutorial/inputoutput.html,2,2,0
/zh-cn/3.13/,2,2,36
/3.13/,1,1,87
/3.13/index.html,1,1,89
/3.13/tutorial/,1,1,785
/3.14/whatsnew/3.14.html,1,1,61
/3.15/,1,1,442
/3/download.html,1,1,0
/3/index.html,1,1,10
/3/library/ensurepip.html,1,1,31
/3/library/functions.html,1,1,36
/3/library/index.html,1,1,1069
/3/library/secrets.html,1,1,268
/3/library/socket.html,1,1,61
/3/library/sys.html,1,1,160
/3/tutorial/appetite.html,1,1,140
/3/tutorial/classes.html,1,1,135
/3/tutorial/datastructures.html,1,1,308
/dev/library/bisect.html,1,1,29
/es/3/c-api/concrete.html,1,1,48
/ja/3.13/,1,1,104
/tr/3.12/glossary.html,1,1,0
/tr/3.12/library/tk.html,1,1,1641
/tr/3.12/tutorial/classes.html,1,1,0
/tr/3.13/index.html,1,1,0
/tr/3.13/library/ensurepip.html,1,1,0
/tr/3.13/library/math.html,1,1,10
/tr/3.13/library/secrets.html,1,1,0
/tr/3.13/library/socket.html,1,1,55
/tr/3.13/library/tkinter.ttk.html,1,2,0
/tr/3.13/tutorial/datastructures.html,1,1,27
/tr/3.13/tutorial/modules.html,1,1,0
/tr/3.13/using/cmdline.html,1,1,40
/tr/3.13/whatsnew/changelog.html,1,1,100
/tr/3.14/whatsnew/3.14.html,1,1,77
/tr/3.15/,1,1,10
/tr/3/c-api/bool.html,1,1,71
/tr/3/c-api/frame.html,1,1,1
/tr/3/c-api/typeobj.html,1,1,0
/tr/3/deprecations/index.html,1,1,0
/tr/3/library/functions.html,1,1,0
/tr/3/library/gzip.html,1,1,0
/tr/3/library/imp.html,1,1,0
/tr/3/library/itertools.html,1,1,0
/tr/3/library/profile.html,1,1,0
/tr/3/library/stdtypes.html,1,1,0
/tr/3/library/time.html,1,1,0
/tr/3/tutorial/,1,1,32
/tr/3/tutorial/datastructures.html,1,1,0
/tr/3/tutorial/interpreter.html,1,1,51
/tr/3/using/unix.html,1,1,0
/zh-cn/3/,1,1,0
