name,visitors
England,1037
California,908
Tokyo,446
New York,426
Maharashtra,361
Île-de-France,330
Virginia,320
Hesse,292
Texas,286
São Paulo,282
Moscow,276
Ontario,262
Tamil Nadu,259
Karnataka,258
Illinois,243
Bavaria,240
Telangāna,215
Guangdong,210
North Rhine-Westphalia,209
Washington,208
North Holland,196
New South Wales,173
Seoul,157
Massachusetts,156
Beijing,155
Colorado,152
Delhi,150
Mazovia,149
Baden-Württemberg,146
Madrid Autonomous Community,145
Florida,132
Ho Chi Minh City,131
Saint Petersburg,127
Shanghai,126
Georgia,120
Oregon,120
Taipei,119
New Jersey,118
Quebec,116
North Carolina,116
Maryland,113
Hanoi,113
Gyeonggi,112
Berlin,109
Pennsylvania,109
Lombardy,105
Vienna,101
Zürich,101
Osaka,101
Victoria,99
Uusimaa,99
Catalonia,97
Tel Aviv,97
Capital District,93
Stockholm,93
Santiago Metropolitan,90
Kyiv,89
Buenos Aires Province,83
British Columbia,82
Ciudad de Mexico,81
Lima,80
Rio de Janeiro,79
Leinster,78
Queensland,77
Ohio,77
South Holland,76
Istanbul,76
Mexico State,75
Uttar Pradesh,73
Prague,71
Michigan,71
Jiangsu,70
Zhejiang,69
Gujarat,69
West Bengal,67
Flanders,65
Kerala,63
Antioquia,61
Minas Gerais,60
Bangkok,60
Lesser Poland,59
Sichuan,58
Alberta,57
Arizona,57
Punjab,56
Lower Saxony,55
Saxony,54
New Taipei,54
Auvergne-Rhône-Alpes,52
Lisbon,52
Shandong,51
Hamburg,51
Paraná,50
Brussels,49
Lazio,49
Andalusia,48
Kanagawa,48
Capital Region,47
Minnesota,47
Auckland,46
Henan,45
Oslo,45
Sverdlovsk,45
Andhra Pradesh,44
Metro Manila,44
Gauteng,43
Scotland,42
Provence-Alpes-Côte-d'Azur,41
Budapest,41
Federal District,40
Minsk,40
Jakarta,40
Lower Silesia,39
Tennessee,39
Santa Catarina,38
Madhya Pradesh,38
Bucharest,38
Missouri,38
Fujian,37
Valencian Community,37
Rajasthan,37
Nairobi County,37
Riga,37
Addis Ababa,36
Aichi,36
Central,35
Krasnodar Krai,35
Tashkent,35
Hubei,34
Western,34
South Carolina,34
Utah,34
Wisconsin,34
Western Cape,34
Rio Grande do Sul,33
Haryana,32
Emilia-Romagna,32
Taoyuan,32
Cairo,31
Almaty City,31
Vilnius County,31
Sindh,31
Greater Poland,31
Shaanxi,30
Pays-de-la-Loire,30
North Brabant,30
Nizhny Novgorod,30
Lvivshchyna,30
Indiana,30
Yerevan,29
Ashanti,29
Saitama,29
Lagos,29
Beograd,29
Attica,28
Veneto,28
Kuala Lumpur,28
Taichung,28
Alabama,28
Washington DC,28
Buenos Aires,27
South Australia,27
Ceará,27
Schleswig-Holstein,27
Nouvelle-Aquitaine,27
Occitanie,27
Wales,27
Greater Accra,27
Bihar,27
Meknès-Tafilalet,27
Sofia,26
West Java,26
Pomerania,26
Iowa,26
Kansas,26
Nevada,26
Amazonas,25
Rhineland-Palatinate,25
Novosibirsk,25
New Mexico,25
Wallonia,24
East Java,24
Tuscany,24
Västra Götaland,24
Connecticut,24
Grand-Est,23
Chandigarh,23
Campania,23
Louisiana,23
Valle del Cauca,22
South Moravia,22
Pichincha,22
Brittany,22
Hauts-de-France,22
Bashkortostan,22
Baku,21
Jalisco,21
Utrecht,21
Porto,21
Moscow Province,21
Samara,21
Tainan,21
Western Australia,20
Pernambuco,20
Hunan,20
Thuringia,20
Tatarstan,20
Odeshchyna,20
Dhaka Division,19
Bahia,19
Hormozgan,19
Chiba,19
Islamabad,19
Ankara,19
Córdoba,18
Goiás,18
Kowloon City Kowloon,18
Odisha,18
Punjab,18
Uttarākhand,18
Daejeon,18
Kaohsiung,18
Oklahoma,18
Vaud,17
Jiangxi,17
Brandenburg,17
Galicia,17
Basque Country,17
Kwai Tsing New Territories,17
Phnom Penh,17
Astana,17
Gelderland,17
Lima Region,17
Skåne,17
Kyivshchyna,17
New Hampshire,17
Chongqing,16
Harjumaa,16
Piedmont,16
Busan,16
Province 3,16
Rostov,16
Voronezh,16
Riyadh,16
Dnipropetrovshchyna,16
Hebei,15
Tianjin,15
Bremen,15
Yamaguchi,15
Selangor,15
Silesia,15
Makkah,15
Kharkivshchyna,15
Maine,15
Dubai,14
Geneva,14
Chișinău,14
Łódź,14
Krasnoyarsk Krai,14
Izmir,14
Kentucky,14
Lower Austria,13
Upper Austria,13
Pará,13
Paraíba,13
Aargau,13
Yunnan,13
Zagreb,13
Jerusalem,13
Assam,13
Incheon,13
Yangon,13
Overijssel,13
Central Visayas,13
Calabarzon,13
Kaliningrad,13
Omsk,13
Montevideo,13
Abu Dhabi,12
Australian Capital Territory,12
Espírito Santo,12
Bern,12
Anhui,12
Santander,12
Shizuoka,12
Hyogo,12
Bishkek,12
Kaunas County,12
Trøndelag,12
Santa Fe,11
Rio Grande do Norte,11
Saskatchewan,11
Abidjan,11
Boyacá,11
Saxony-Anhalt,11
Castile and León,11
Burgundy-Franche-Comté,11
Tbilisi,11
Apulia,11
Hokkaido,11
