name,visitors,bounce_rate,visit_duration
m.baidu.com,338,80,51
google.com,243,72,118
Direct / None,237,66,172
python.org,11,0,113
bing.com,10,100,255
m.baidu.com/s,8,50,44
chatgpt.com,7,67,57
baidu.com,6,100,0
google.co.kr,6,50,86
namu.wiki,6,0,132
gall.dcinside.com/board/view,3,33,72
baidu.com/link,2,100,146
blog.naver.com/PostView.naver,2,100,0
codeup.kr,2,100,0
inflearn.com,2,0,2955
letsmakemyselfprogrammer.tistory.com,2,50,31
m.baidu.com/from=1001192y/bd_page_type=1/ssid=0/uid=0/pu=usm%400%2Csz%401320_1001%2Cta%40iphone_2_12.0_28_16.0/baiduid=748506B632507830ED601A1E422173B3/w=0_10_/t=iphone/l=1/tc,2,100,0
m.baidu.com/from=1001703a/bd_page_type=1/ssid=0/uid=0/pu=usm%400%2Csz%401320_1001%2Cta%40iphone_2_12.0_18_40.9/baiduid=D92DC178BCA3EBE9E815B11BF5C6C17F/w=0_10_/t=iphone/l=1/tc,2,100,59
m.baidu.com/from=1012852q/bd_page_type=1/ssid=0/uid=0/pu=sz%401320_1004%2Cta%40iphone_2_13.0_11_19.6%2Cusm%400/baiduid=B475D139558359978D9C86C52069FC70/w=0_10_/t=iphone/l=1/tc,2,100,0
m.baidu.com/from=1012852q/bd_page_type=1/ssid=0/uid=0/pu=usm%400%2Csz%401320_1004%2Cta%40iphone_2_15.0_11_19.5/baiduid=E372C60DC3F6E62CFE0655ACF1AD2CA8/w=0_10_/t=iphone/l=1/tc,2,100,0
m.baidu.com/from=1019311a/bd_page_type=1/ssid=0/uid=0/pu=usm%400%2Csz%401320_1001%2Cta%40iphone_2_9.0_19_18.0/baiduid=856BD83E6F0033A36A447CA32FBEC34C/w=0_10_/t=iphone/l=1/tc,2,50,174
m.baidu.com/from=1021527h/ssid=0/pu=cen%40cuid_cua_cut%2Cvmgdb%400020100228y%2Cctv%402%2Ccuid%40_i-Dugaw28Y58HfSla2oa_iABulfuvtola2H8gPLSu8Bk3M_593ZR1_uA%2Cc3_aid%40A00-RFWMJLIC6KUGZ27SKK4ERYFZWILBK4UM-W57KOMMK%2Ccsrc%40home_box_txt%2Ccfrom%401021527h%2Cosname%40baiduboxapp%2Csz%401320_480%2Ccua%40_a-qiyuO2igBNEqlI5me6NN0v8zTu-I4_C2H8yaN-iqlC/s,2,100,0
m.baidu.com/from=2001g/bd_page_type=1/ssid=0/uid=0/pu=sz%401320_1003%2Cta%40iphone_2_12.0_1_17.7%2Cusm%400/baiduid=4FB369C902FC4A9EB8760ACE15CA7BF2/w=0_10_/t=iphone/l=1/tc,2,0,38
m.baidu.com/from=2001l/bd_page_type=1/ssid=0/uid=0/pu=usm%400%2Csz%401320_1003%2Cta%40iphone_2_15.0_1_17.7/baiduid=23F19D57C62EA0DA8F391CCEC8D0C111/w=0_10_/t=iphone/l=1/tc,2,0,20
velog.io,2,0,1568
anaconda.org/conda-forge/r-optparse,1,0,136
cdragon.tistory.com/entry/Python-%EC%A0%95%EA%B7%9C%ED%91%9C%ED%98%84%EC%8B%9D%EA%B3%BC-re%EB%AA%A8%EB%93%88-%EC%82%AC%EC%9A%A9%EB%B2%95,1,100,0
codeit.kr,1,100,0
colab.research.google.com,1,100,0
copilot.microsoft.com,1,100,0
datapong.tistory.com/20,1,100,0
dlab.elice.io,1,100,0
github.com,1,100,0
m.baidu.com/from=0/bd_page_type=1/ssid=0/uid=0/pu=sz%401320_1001%2Cta%40iphone_2_10.0_24_88.0%2Cusm%400/baiduid=1FB4011B7F83A05231576BEF7DD008BF/w=0_10_/t=iphone/l=1/tc,1,100,0
m.baidu.com/from=0/bd_page_type=1/ssid=0/uid=0/pu=usm%400%2Csz%401320_1001%2Cta%40iphone_2_5.1_29_116.0/baiduid=C4F9084F1745052DDEE2C7D1D4DB1EBA/w=0_10_/t=iphone/l=1/tc,1,0,37
m.baidu.com/from=1001192y/bd_page_type=1/ssid=0/uid=0/pu=sz%401320_1001%2Cta%40iphone_2_12.0_28_16.0%2Cusm%400/baiduid=23BFF270721F6B634C787BCF67D69016/w=0_10_/t=iphone/l=1/tc,1,0,15
m.baidu.com/from=1001192y/bd_page_type=1/ssid=0/uid=0/pu=usm%400%2Csz%401320_1001%2Cta%40iphone_2_10.0_28_16.0/baiduid=115921A35C7A98F213D84B5783E0EF99/w=0_10_/t=iphone/l=1/tc,1,0,1199
m.baidu.com/from=1001192y/bd_page_type=1/ssid=0/uid=0/pu=usm%401%2Csz%401320_1001%2Cta%40iphone_2_12.0_28_16.0/baiduid=33AB1075FFB1D53A7E73A77219B86B6F/w=0_10_/t=iphone/l=1/tc,1,100,0
m.baidu.com/from=1001703a/bd_page_type=1/ssid=0/uid=0/pu=sz%401320_1001%2Cta%40iphone_2_14.0_18_40.9%2Cusm%401/baiduid=58DD89942B735636ECAD88EB65E537B0/w=0_10_/t=iphone/l=1/tc,1,100,0
m.baidu.com/from=1001703a/bd_page_type=1/ssid=0/uid=0/pu=sz%401320_1001%2Cta%40iphone_2_8.1_18_10.9%2Cusm%400/baiduid=E79EEECA2E3189C82CC42F67DFBF42C4/w=0_10_/t=iphone/l=1/tc,1,100,0
m.baidu.com/from=1001703a/bd_page_type=1/ssid=0/uid=0/pu=usm%400%2Csz%401320_1001%2Cta%40iphone_2_11.0_18_40.9/baiduid=490A125D381CE332928117076E758335/w=0_10_/t=iphone/l=1/tc,1,100,0
m.baidu.com/from=1001703a/bd_page_type=1/ssid=0/uid=0/pu=usm%400%2Csz%401320_1001%2Cta%40iphone_2_14.0_18_40.9/baiduid=3A3BEB156CF7229B769C84CBC6F56E6A/w=0_10_/t=iphone/l=1/tc,1,0,27
m.baidu.com/from=1001703a/bd_page_type=1/ssid=0/uid=0/pu=usm%400%2Csz%401320_1001%2Cta%40iphone_2_14.0_18_40.9/baiduid=58DD89942B735636ECAD88EB65E537B0/w=0_10_/t=iphone/l=1/tc,1,0,0
m.baidu.com/from=1001703y/bd_page_type=1/ssid=0/uid=0/pu=sz%401320_1001%2Cta%40iphone_2_15.0_18_40.9%2Cusm%400/baiduid=07B585C46C5983603AA44A029F22633B/w=0_10_/t=iphone/l=1/tc,1,0,250
m.baidu.com/from=1011267o/bd_page_type=1/ssid=0/uid=0/pu=usm%400%2Csz%401320_1004%2Cta%40iphone_2_8.1_11_10.4/baiduid=27592C5AE8EFB1E953E25F78829977EB/w=0_10_/t=iphone/l=1/tc,1,0,199
m.baidu.com/from=1012852q/bd_page_type=1/ssid=0/uid=0/pu=sz%401320_1004%2Cta%40iphone_2_14.0_11_19.7%2Cusm%400/baiduid=07815BAD8B3A76FE9A74320C05EC536E/w=0_10_/t=iphone/l=1/tc,1,0,5
m.baidu.com/from=1012852q/bd_page_type=1/ssid=0/uid=0/pu=sz%401320_220%2Cta%40iphone___11_19.5%2Cusm%400/baiduid=2AB665E775EA7C8F0D0BBB5DFF4E4032/w=10_10_/t=iphone/l=1/tc,1,100,0
m.baidu.com/from=1012852q/bd_page_type=1/ssid=0/uid=0/pu=usm%400%2Csz%401320_1004%2Cta%40iphone_2_12.0_11_19.6/baiduid=C3A19AF934CA533E9F2350F7EA776702/w=0_10_/t=iphone/l=1/tc,1,100,0
m.baidu.com/from=1012852q/bd_page_type=1/ssid=0/uid=0/pu=usm%400%2Csz%401320_1004%2Cta%40iphone_2_15.0_11_19.6/baiduid=0E31C8E94AB30E90CC35EE584392621D/w=0_10_/t=iphone/l=1/tc,1,100,0
m.baidu.com/from=1012852q/bd_page_type=1/ssid=0/uid=0/pu=usm%400%2Csz%401320_1004%2Cta%40iphone_2_15.0_11_19.6/baiduid=57236EAA6C73613547A03E5FA815FB34/w=0_10_/t=iphone/l=1/tc,1,100,0
m.baidu.com/from=1012852q/bd_page_type=1/ssid=0/uid=0/pu=usm%401%2Csz%401320_1004%2Cta%40iphone_2_15.0_11_19.6/baiduid=B74697349E8C7911BB28AA898CBAF541/w=0_10_/t=iphone/l=1/tc,1,100,0
m.baidu.com/from=1013966u/bd_page_type=1/ssid=0/uid=0/pu=usm%400%2Csz%401320_1001%2Cta%40iphone_2_14.0_19_24.9/baiduid=AAD6AA1B567C06EB375197CE2B90CCF7/w=0_10_/t=iphone/l=1/tc,1,100,0
m.baidu.com/from=1013966u/bd_page_type=1/ssid=0/uid=0/pu=usm%400%2Csz%401320_1001%2Cta%40iphone_2_8.1_19_24.3/baiduid=606AE0FEA30FDFED15F24072D85307C8/w=0_10_/t=iphone/l=1/tc,1,100,0
m.baidu.com/from=1013966u/bd_page_type=1/ssid=0/uid=0/pu=usm%400%2Csz%401320_1001%2Cta%40iphone_2_9.0_19_25.0/baiduid=68BBC375A802F60DEF076ADF22ABF86D/w=0_10_/t=iphone/l=1/tc,1,0,67
m.baidu.com/from=1013966u/bd_page_type=1/ssid=0/uid=0/pu=usm%401%2Csz%401320_1001%2Cta%40iphone_2_13.0_19_24.9/baiduid=0B64FD48440639B3BEA1D610746A1EE0/w=0_10_/t=iphone/l=1/tc,1,100,0
m.baidu.com/from=1013966u/bd_page_type=1/ssid=0/uid=0/pu=usm%404%2Csz%401320_1001%2Cta%40iphone_2_10.0_19_24.8/baiduid=1F61E6D13421497D3490869075927C78/w=30_10_/t=iphone/l=1/tc,1,100,0
m.baidu.com/from=1015011p/bd_page_type=1/ssid=0/uid=0/pu=usm%400%2Csz%401320_1001%2Cta%40iphone_2_10.0_24_114.0/baiduid=BD476ADC7EDC9041C8EB32003D672B21/w=0_10_/t=iphone/l=1/tc,1,0,22
m.baidu.com/from=1015011p/bd_page_type=1/ssid=0/uid=0/pu=usm%400%2Csz%401320_1001%2Cta%40iphone_2_12.0_24_114.0/baiduid=AC00BF07C207E76B08ED4864004A6976/w=0_10_/t=iphone/l=1/tc,1,0,14
m.baidu.com/from=1019311a/bd_page_type=1/ssid=0/uid=0/pu=sz%401320_1001%2Cta%40iphone_2__24_123.0%2Cusm%400/baiduid=CE8DA10DE066095784451CF05D4C457B/w=0_10_/t=iphone/l=1/tc,1,100,0
m.baidu.com/from=1019311v/bd_page_type=1/ssid=0/uid=0/pu=sz%401320_1001%2Cta%40iphone_2_15.0_19_24.9%2Cusm%400/baiduid=6613321C42EAB06A692615368FA1AB74/w=0_10_/t=iphone/l=1/tc,1,0,1
m.baidu.com/from=1019311v/bd_page_type=1/ssid=0/uid=0/pu=usm%400%2Csz%401320_1001%2Cta%40iphone_2_13.0_19_24.9/baiduid=DE7BEE5FFD730E64D27268F4CE3FBA4F/w=10_10_/t=iphone/l=1/tc,1,0,158
m.baidu.com/from=1019311v/bd_page_type=1/ssid=0/uid=0/pu=usm%400%2Csz%401320_1001%2Cta%40iphone_2_15.0_19_24.7/baiduid=5B40232FBA22D2512C14FC2299E35369/w=0_10_/t=iphone/l=1/tc,1,100,0
m.baidu.com/from=1019311v/bd_page_type=1/ssid=0/uid=0/pu=usm%401%2Csz%401320_1001%2Cta%40iphone_2_15.0_19_24.6/baiduid=04D914BCAE731B22FF6C2ACAD4C31D4E/w=0_10_/t=iphone/l=1/tc,1,100,0
m.baidu.com/from=1019311v/bd_page_type=1/ssid=0/uid=0/pu=usm%401%2Csz%401320_1001%2Cta%40iphone_2_15.0_19_24.9/baiduid=252312C112C90BF747832ED0168D651C/w=0_10_/t=iphone/l=1/tc,1,100,0
m.baidu.com/from=1020681k/bd_page_type=1/ssid=0/uid=0/pu=usm%400%2Csz%401320_1001%2Cta%40iphone_2_12.0_18_40.7/baiduid=F208AEB2A1C03284BB96037B5E283D95/w=0_10_/t=iphone/l=1/tc,1,100,0
m.baidu.com/from=1020761f/bd_page_type=1/ssid=0/uid=0/pu=sz%401320_1001%2Cta%40iphone_2_13.0_19_24.4%2Cusm%400/baiduid=998F4E75FC1790E49D6BE9D409EBB214/w=0_10_/t=iphone/l=1/tc,1,0,162
m.baidu.com/from=1020761f/bd_page_type=1/ssid=0/uid=0/pu=sz%401320_1001%2Cta%40iphone_2__24_123.0%2Cusm%400/baiduid=E938E814E9A67D28403180F3E218BD52/w=0_10_/t=iphone/l=1/tc,1,100,0
m.baidu.com/from=1020761f/bd_page_type=1/ssid=0/uid=0/pu=usm%400%2Csz%401320_1001%2Cta%40iphone_2_13.0_19_19.7/baiduid=CCC517D757FA663C95A9B7A463901096/w=0_10_/t=iphone/l=1/tc,1,100,0
m.baidu.com/from=1020761f/bd_page_type=1/ssid=0/uid=0/pu=usm%400%2Csz%401320_1001%2Cta%40iphone_2_15.0_19_24.6/baiduid=2FE441B92410B2FC5053ECCC266F0074/w=0_10_/t=iphone/l=1/tc,1,100,0
m.baidu.com/from=1020761f/bd_page_type=1/ssid=0/uid=0/pu=usm%400%2Csz%401320_1001%2Cta%40iphone_2_8.1_19_24.9/baiduid=0CF265D5B32CD80D73CB5AEF6C3CB328/w=0_10_/t=iphone/l=1/tc,1,0,9
m.baidu.com/from=1020761f/bd_page_type=1/ssid=0/uid=0/pu=usm%400%2Csz%401320_1001%2Cta%40iphone_2__24_123.0/baiduid=A00287DBEE83074A0BB32133511934BC/w=0_10_/t=iphone/l=1/tc,1,0,171
m.baidu.com/from=1020761f/bd_page_type=1/ssid=0/uid=0/pu=usm%401%2Csz%401320_1001%2Cta%40iphone_2_13.0_19_22.9/baiduid=8B50842A1E457D6CEA6E86BEFC7F33DF/w=0_10_/t=iphone/l=1/tc,1,100,0
m.baidu.com/from=1020761f/bd_page_type=1/ssid=0/uid=0/pu=usm%401%2Csz%401320_1001%2Cta%40iphone_2_8.1_19_22.9/baiduid=891F706DD7735EE4625594BDF0AE30CA/w=0_10_/t=iphone/l=1/tc,1,100,0
m.baidu.com/from=1020761f/bd_page_type=1/ssid=0/uid=0/pu=usm%402%2Csz%401320_1001%2Cta%40iphone_2_11.0_19_24.9/baiduid=863FE1140DB21B3E556532BDF41A16B5/w=0_10_/t=iphone/l=1/tc,1,100,0
m.baidu.com/from=1020761f/bd_page_type=1/ssid=0/uid=0/pu=usm%402%2Csz%401320_1001%2Cta%40iphone_2_5.1_19_13.1/baiduid=D988AF9265C40BE527086BC59630ED15/w=0_10_/t=iphone/l=1/tc,1,100,0
m.baidu.com/from=1020761t/bd_page_type=1/ssid=0/uid=0/pu=usm%400%2Csz%401320_1001%2Cta%40iphone_2_13.0_19_24.6/baiduid=9A70BAC6E5954B52175A3D9361B991BE/w=0_10_/t=iphone/l=1/tc,1,100,0
m.baidu.com/from=1020786s/bd_page_type=1/ssid=0/uid=0/pu=usm%400%2Csz%401320_1001%2Cta%40iphone_2_13.0_19_24.8/baiduid=E2536FBD2020843B571B1BC05CCC40A9/w=0_10_/t=iphone/l=1/tc,1,100,0
m.baidu.com/from=1086k/bd_page_type=1/ssid=0/uid=0/pu=usm%400%2Csz%401320_1002%2Cta%40iphone_2_13.0_2_19.1/baiduid=C77A001C0D5F4359F425C10C7B8D5BA2/w=0_10_/t=iphone/l=1/tc,1,0,10
m.baidu.com/from=2001a/bd_page_type=1/ssid=0/uid=0/pu=sz%401320_1003%2Cta%40iphone_2_11.0_1_17.7%2Cusm%400/baiduid=0747A8EA5F3829734DE5AC2B244631E4/w=0_10_/t=iphone/l=1/tc,1,100,0
m.baidu.com/from=844b/bd_page_type=1/ssid=0/uid=0/pu=sz%401320_2001%2Cta%40iphone_1_12.5_25_12.1%2Cusm%400/baiduid=73D413A4FDEEC0A7900FDED401560B6B/w=0_10_/t=iphone/l=1/tc,1,100,0
m.blog.naver.com/sunghak93/222551586972,1,100,0
m.dcinside.com/board/programming/1501647,1,100,0
numpy.org,1,0,130
oofbird.me/105,1,100,0
perplexity.ai,1,100,0
psychologyforpeople.tistory.com/entry/%EB%A1%9C%EB%93%9C%EB%A7%B5-%EB%8D%B0%EC%9D%B4%ED%84%B0%EB%B6%84%EC%84%9D-%ED%95%99%EC%8A%B5%EB%A1%9C%EB%93%9C%EB%A7%B5,1,100,0
search.brave.com,1,0,87
search.daum.net/search,1,100,0
so.m.sm.cn,1,100,0
summermong.tistory.com/16,1,100,0
wiki.python.org/moin/OptParse,1,0,221
wikidocs.net,1,100,0
wm.m.sm.cn/s,1,100,0
