name,unique_exits,total_exits,exit_rate
/3/library/venv.html,9050,9350,
/3/,7540,7754,
/3/library/stdtypes.html,6432,6749,
/3/library/functions.html,6381,6704,
/3/library/datetime.html,5887,6165,
/3/library/re.html,4096,4303,
/3/library/csv.html,3493,3648,
/3/library/typing.html,3455,3604,
/3/tutorial/index.html,3445,3601,
/3/tutorial/datastructures.html,3283,3419,
/3/library/tkinter.html,3069,3213,
/3/library/turtle.html,2843,3099,
/3/library/idle.html,2789,2839,
/3/library/random.html,2716,2810,
/3/library/argparse.html,2646,2770,
/3/library/logging.html,2431,2557,
/3/library/math.html,2237,2320,
/3/tutorial/errors.html,2224,2284,
/3/library/subprocess.html,2182,2304,
/3/library/pathlib.html,2142,2234,
/3/library/collections.html,2110,2169,
/3/tutorial/classes.html,2055,2117,
/3/tutorial/controlflow.html,2040,2148,
/3/library/itertools.html,1981,2069,
/3/tutorial/,1962,2084,
/3/library/index.html,1956,2027,
/3/library/dataclasses.html,1886,1974,
/3/library/exceptions.html,1886,1951,
/3/library/os.html,1870,1931,
/3/library/multiprocessing.html,1839,1988,
/3/library/unittest.html,1832,1929,
/3/using/windows.html,1825,1904,
/3/library/unittest.mock.html,1759,1930,
/3/library/json.html,1594,1640,
/3/library/sqlite3.html,1488,1585,
/3/library/enum.html,1486,1529,
/3/library/time.html,1424,1449,
/3/tutorial/inputoutput.html,1396,1424,
/3/tutorial/introduction.html,1383,1449,
/3/library/asyncio-task.html,1343,1422,
/3/library/string.html,1332,1350,
/3/library/xml.etree.elementtree.html,1323,1419,
/3/tutorial/venv.html,1307,1352,
/3/library/os.path.html,1285,1314,
/3/tutorial/modules.html,1272,1303,
/3/library/threading.html,1267,1322,
/3/library/functools.html,1180,1215,
/3/library/concurrent.futures.html,1164,1229,
/3/library/socket.html,1128,1199,
/3/installing/index.html,1121,1144,
/3/howto/sorting.html,1065,1086,
/3/library/pickle.html,1038,1059,
/3/howto/logging.html,1026,1056,
/3/tutorial/interpreter.html,1025,1067,
/3/library/heapq.html,999,1052,
/3/reference/datamodel.html,971,979,
/3/library/shutil.html,956,988,
/3/search.html,936,965,
/3/library/asyncio.html,889,911,
/3/glossary.html,880,907,
/3/library/struct.html,868,919,
/3/library/pdb.html,851,897,
/3/using/mac.html,840,853,
/3/library/sys.html,815,822,
/3/library/io.html,775,796,
/3/whatsnew/3.13.html,756,781,
/3/library/tempfile.html,738,757,
/3/howto/regex.html,734,749,
/3/library/hashlib.html,713,739,
/3/library/abc.html,710,727,
/3/library/copy.html,696,702,
/3/using/cmdline.html,650,658,
/3/library/zipfile.html,637,672,
/3/library/urllib.parse.html,620,643,
/3/library/configparser.html,604,628,
/3/library/glob.html,598,608,
/3/reference/import.html,597,605,
/3/library/queue.html,583,603,
/3/reference/expressions.html,580,592,
/3/library/pprint.html,558,565,
/3/library/decimal.html,553,566,
/3/py-modindex.html,551,574,
/3/library/http.server.html,520,536,
/3/reference/lexical_analysis.html,501,510,
/3/library/operator.html,486,495,
/3/library/smtplib.html,476,494,
/3/library/asyncio-eventloop.html,472,480,
/3/library/ast.html,471,486,
/zh-cn/3/,463,477,
/ja/3/library/codecs.html,459,464,
/3/library/uuid.html,453,458,
/3/library/ctypes.html,437,473,
/3/license.html,436,443,
/zh-cn/3/tutorial/index.html,435,456,
/3/library/profile.html,434,463,
/3/reference/compound_stmts.html,430,445,
/3/howto/argparse.html,428,446,
/3/library/timeit.html,417,418,
/3/library/difflib.html,401,427,
/3/library/contextlib.html,398,411,
