name,version,visitors
Chrome,132.0,597
Chrome,133.0,161
Microsoft Edge,132.0,114
Chrome,131.0,58
Whale Browser,4.29,26
Mobile App,(not set),24
Safari,18.3,24
Samsung Browser,27.0,16
Safari,18.1,13
Firefox,135.0,12
Chrome,130.0,10
Safari,17.6,9
Microsoft Edge,133.0,7
Firefox,134.0,7
Chrome,127.0,5
Chrome,129.0,5
Microsoft Edge,131.0,5
Safari,18.2,5
Microsoft Edge,130.0,4
Chrome,120.0,3
Chrome,121.0,3
Chrome,128.0,3
Safari,17.5,3
Safari,18.0,3
Safari,(not set),2
(not set),(not set),2
Chrome,109.0,2
Chrome,119.0,2
Chrome,122.0,2
Microsoft Edge,126.0,2
Chrome,126.0,2
Microsoft Edge,128.0,2
Firefox,136.0,2
Safari,16.0,2
Safari,17.3,2
Safari,17.4,2
Whale Browser,3.22,2
Mobile App,97.0,2
Quark,(not set),1
Microsoft Edge,109.0,1
Chrome,110.0,1
Firefox,113.0,1
Chrome,113.0,1
Chrome,114.0,1
Firefox,114.0,1
Chrome,116.0,1
Opera,116.0,1
Microsoft Edge,120.0,1
Microsoft Edge,121.0,1
Chrome,123.0,1
Chrome,124.0,1
Chrome,125.0,1
Firefox,128.0,1
Microsoft Edge,129.0,1
QQ Browser,13.4,1
Mobile App,132.0,1
Safari,16.5,1
Safari,16.6,1
Safari,17.1,1
UC Browser,17.3,1
Safari,17.9,1
MIUI Browser,19.0,1
Yandex Browser,24.105,1
Yandex Browser,24.12,1
Whale Browser,3.26,1
Whale Browser,3.27,1
Whale Browser,3.7,1
Chrome,86.0,1
Chrome,97.0,1
Chrome,98.0,1
