name,visitors,bounce_rate,visit_duration
Google,804,74,142
Direct / None,265,63,233
Baidu,25,75,133
chatgpt.com,18,79,34
python.org,16,0,391
Bing,11,75,362
wikidocs.net,9,78,31
codeit.kr,6,50,86
namu.wiki,6,33,44
GitHub,4,0,238
dev-jy.tistory.com,4,100,0
velog.io,4,100,0
blog.naver.com,3,100,20
codeup.kr,3,67,3
purplechip.tistory.com,3,33,97
Perplexity,2,100,0
juni-tech.tistory.com,2,50,2
pandas.pydata.org,2,0,4553
yoondii.tistory.com,2,100,0
Shenma,1,100,0
Yahoo!,1,0,62
acmicpc.net,1,100,0
amelia-suyeon.tistory.com,1,100,0
assistant.samsungds.net,1,100,0
cafe.naver.com,1,100,0
cdragon.tistory.com,1,100,0
clien.net,1,100,0
cn-c.tistory.com,1,100,0
codecademy.com,1,0,15
dev-note-97.tistory.com,1,0,96
docs.aiogram.dev,1,0,155
dogether.sds.samsung.net,1,100,0
examples.mechanical.docs.pyansys.com,1,0,3174
generalbulldog.tistory.com,1,100,0
guru99.com,1,0,17
hobbylife.tistory.com,1,0,27
jongsky.tistory.com,1,100,0
learning.anaconda.cloud,1,0,311
m.clien.net,1,100,0
m.dcinside.com,1,100,0
openhackathons.org,1,0,37
owwowo.tistory.com,1,0,58
ryanpark.dev,1,100,0
teacher.elice.io,1,0,193
udemy.com,1,0,1706
wiki.kakaopaycorp.com,1,100,0
wonhyeok1994.tistory.com,1,100,0
yurimkoo.github.io,1,100,0
