name,visitors
United States,1453
India,931
China,435
Germany,413
United Kingdom,317
Russian Federation,252
Brazil,210
France,185
Canada,182
Australia,175
Hong Kong,159
Netherlands,154
Japan,148
Italy,133
Poland,119
Spain,118
Indonesia,116
Turkey,100
Singapore,98
Thailand,94
Vietnam,90
South Korea,87
Mexico,87
Iran,82
Israel,81
Philippines,77
Taiwan,74
Sweden,68
Egypt,67
Saudi Arabia,67
Switzerland,62
Pakistan,60
Nigeria,57
South Africa,55
Ukraine,53
Bangladesh,49
Argentina,48
Malaysia,48
Czechia,43
Belgium,42
Austria,41
Finland,40
Peru,39
Romania,37
Chile,36
Hungary,36
Portugal,36
Colombia,32
Morocco,32
Ireland,31
Norway,30
United Arab Emirates,29
Algeria,29
Kenya,24
Slovakia,23
Denmark,22
Sri Lanka,22
Iraq,21
Yemen,21
Greece,20
New Zealand,20
Ethiopia,17
Croatia,14
Nepal,14
Bulgaria,13
Dominican Republic,13
Kazakhstan,13
Venezuela,13
Belarus,12
Lithuania,12
Serbia,11
Cambodia,10
Tunisia,10
Ecuador,9
Georgia,9
Ghana,9
Lebanon,9
Costa Rica,8
Uzbekistan,8
Zimbabwe,8
Bolivia,7
Cyprus,7
Slovenia,7
Uruguay,7
Bosnia and Herzegovina,6
Burkina Faso,6
Côte d'Ivoire,6
Estonia,6
Myanmar,6
Mauritius,6
"Palestine, State of",6
Rwanda,6
Trinidad and Tobago,6
Armenia,5
Honduras,5
Jordan,5
Kuwait,5
Tanzania,5
Uganda,5
Angola,4
Azerbaijan,4
Benin,4
"Congo, The Democratic Republic of the",4
North Macedonia,4
Mozambique,4
Oman,4
Qatar,4
El Salvador,4
Syria,4
Bahrain,3
Cuba,3
Guadeloupe,3
Laos,3
Latvia,3
Libya,3
Madagascar,3
Macao,3
Malawi,3
Paraguay,3
Congo,2
Cameroon,2
Jamaica,2
Luxembourg,2
Mali,2
Malta,2
Puerto Rico,2
Sierra Leone,2
Aruba,1
Bermuda,1
Bahamas,1
Bhutan,1
Botswana,1
Curaçao,1
French Guiana,1
Kyrgyzstan,1
Liberia,1
Lesotho,1
Moldova,1
Montenegro,1
Namibia,1
Niger,1
Panama,1
Réunion,1
Senegal,1
Somalia,1
Suriname,1
South Sudan,1
Tajikistan,1
Zambia,1
