property,value,visitors,events,percentage
url,(none),8076,11508,99.2
url,https://bootstrap.pypa.io/get-pip.py,184,214,2.3
url,https://www.python.org/,131,138,1.6
url,https://docs.python-guide.org/starting/installation/#installation,129,132,1.6
url,https://opentechschool.github.io/python-beginners/en/getting_started.html#what-is-python-exactly,49,51,0.6
url,https://pypi.org/,18,25,0.2
url,https://pip.pypa.io/,17,17,0.2
url,https://docs.python.org/3/library/venv.html,13,13,0.2
url,https://pypi.org/project/pip/,13,13,0.2
url,https://github.com/pypa/pip,12,13,0.1
url,https://pip.pypa.io/en/latest/topics/secure-installs/,11,11,0.1
url,https://pip.pypa.io/en/latest/,9,9,0.1
url,https://pip.pypa.io/en/latest/user_guide/#requirements-files,9,10,0.1
url,https://pip.pypa.io/en/latest/user_guide/#user-installs,7,7,0.1
url,https://pypi.org/classifiers,7,8,0.1
url,https://docs.python.org/3/tutorial/modules.html#packages,6,6,0.1
url,https://setuptools.pypa.io/en/latest/userguide/development_mode.html,6,6,0.1
url,https://github.com/pypa/packaging-problems,5,5,0.1
url,https://github.com/pypa/packaging-problems/issues/new?template=packaging_tutorial.yml&title=Trouble+with+the+packaging+tutorial&guide=https://packaging.python.org/tutorials/packaging-projects,5,5,0.1
url,https://pip.pypa.io/en/latest/cli/pip_install/#pip-install,5,5,0.1
url,https://spdx.org/licenses/,5,6,0.1
url,https://test.pypi.org/account/register/,5,5,0.1
url,http://doc.devpi.net/latest/,4,4,0.0
url,https://docs.python.org/3/library/ensurepip.html,4,4,0.0
url,https://github.com/pypa/linehaul-cloud-function/,4,4,0.0
url,https://github.com/pypa/packaging.python.org/edit/main/source/tutorials/installing-packages.rst,4,4,0.0
url,https://github.com/pypa/sampleproject/blob/db5806e0a3204034c51b1c00dde7d5eb3fa2532e/setup.py,4,4,0.0
url,https://peps.python.org/pep-0639/,4,4,0.0
url,https://pip.pypa.io/en/latest/cli/,4,4,0.0
url,https://setuptools.readthedocs.io/en/latest/,4,4,0.0
url,https://www.pypa.io/en/latest/,4,4,0.0
url,https://choosealicense.com/,3,3,0.0
url,https://docs.python.org/3/library/sysconfig.html#installation-paths,3,3,0.0
url,https://github.com/pypa/cibuildwheel,3,5,0.0
url,https://github.com/pypa/packaging.python.org,3,3,0.0
url,https://github.com/pypa/packaging.python.org/blob/main/source/index.rst?plain=true,3,3,0.0
url,https://github.com/pypa/pipfile,3,3,0.0
url,https://github.com/wolever/pip2pi,3,3,0.0
url,https://hatch.pypa.io/latest/config/metadata/,3,3,0.0
url,https://peps.python.org/pep-0508/,3,3,0.0
url,https://peps.python.org/pep-0518/,3,3,0.0
url,https://peps.python.org/pep-0621/,3,3,0.0
url,https://pipenv.pypa.io/en/latest/index.html,3,3,0.0
url,https://pypi.org/classifiers/,3,3,0.0
url,https://pypi.org/manage/account/publishing/,3,3,0.0
url,https://test.pypi.org/manage/account/#api-tokens,3,3,0.0
url,https://typer.tiangolo.com/,3,3,0.0
url,https://virtualenv.pypa.io/en/stable/index.html,3,3,0.0
url,https://brew.sh/,2,2,0.0
url,https://cloud.google.com/bigquery,2,2,0.0
url,https://console.cloud.google.com/bigquery,2,2,0.0
url,https://console.cloud.google.com/bigquery?p=bigquery-public-data&d=pypi&page=dataset,2,2,0.0
url,https://developers.redhat.com/products/softwarecollections/overview,2,2,0.0
url,https://devpi.net/docs/devpi/devpi/latest/+doc/index.html,2,2,0.0
url,https://docs.pypi.org/trusted-publishers/,2,2,0.0
url,https://github.com/pypa/bandersnatch,2,10,0.0
url,https://github.com/pypa/hatch,2,2,0.0
url,https://github.com/pypa/packaging.python.org/blob/main/source/tutorials/installing-packages.rst?plain=true,2,2,0.0
url,https://github.com/pypa/packaging.python.org/edit/main/source/flow.rst,2,2,0.0
url,https://github.com/pypa/packaging.python.org/edit/main/source/index.rst,2,2,0.0
url,https://github.com/pypiserver/pypiserver,2,2,0.0
url,https://github.com/toml-lang/toml,2,2,0.0
url,https://hatch.pypa.io/1.9/version/,2,2,0.0
url,https://mail.python.org/mailman3/lists/distutils-sig.python.org/,2,2,0.0
url,https://numpy.org/,2,2,0.0
url,https://peps.python.org/pep-0566/,2,3,0.0
url,https://pip.pypa.io/en/latest/cli/pip_install/#install-no-binary,2,3,0.0
url,https://pip.pypa.io/en/latest/topics/vcs-support/#vcs-support,2,3,0.0
url,https://pip.pypa.io/en/stable/user_guide/#user-installs,2,2,0.0
url,https://setuptools.pypa.io/en/latest/userguide/entry_point.html,2,2,0.0
url,https://setuptools.pypa.io/en/latest/userguide/miscellaneous.html,2,2,0.0
url,https://stackoverflow.com/a/14638025,2,3,0.0
url,https://test.pypi.org/manage/account/publishing/,2,2,0.0
url,https://warehouse.pypa.io/,2,2,0.0
url,https://www.python.org/downloads/,2,2,0.0
url,http://www.buildout.org/en/latest/,1,1,0.0
url,http://www.py2exe.org/,1,1,0.0
url,https://appimage.org/,1,1,0.0
url,https://aws.amazon.com/s3/,1,1,0.0
url,https://backend.pdm-project.org/,1,1,0.0
url,https://bandersnatch.readthedocs.io/,1,1,0.0
url,https://bitbucket.org/vinay.sajip/pylauncher,1,1,0.0
url,https://brython.info/,1,1,0.0
url,https://build.pypa.io/en/stable/index.html,1,1,0.0
url,https://calver.org/,1,1,0.0
url,https://caremad.io/posts/2013/07/setup-vs-requirement/,1,1,0.0
url,https://cffi.readthedocs.io/en/latest/index.html,1,2,0.0
url,https://cloud.google.com/bigquery/docs/reference/libraries,1,1,0.0
url,https://conda.io/projects/conda-build/en/latest/user-guide/tutorials/index.html,1,1,0.0
url,https://cython.org/,1,1,0.0
url,https://datatracker.ietf.org/doc/html/rfc2119.html,1,1,0.0
url,https://datatracker.ietf.org/doc/html/rfc3986.html,1,1,0.0
url,https://discuss.python.org/c/packaging,1,1,0.0
url,https://distlib.readthedocs.io/en/latest/index.html,1,1,0.0
url,https://docopt.readthedocs.io/en/latest/,1,1,0.0
url,https://docs.anaconda.com/anaconda/,1,1,0.0
url,https://docs.conda.io/en/latest/index.html,1,1,0.0
url,https://docs.github.com/en/actions/how-tos/managing-workflow-runs-and-deployments/managing-deployments/managing-environments-for-deployment#creating-an-environment,1,1,0.0
url,https://docs.github.com/en/get-started/writing-on-github/getting-started-with-writing-and-formatting-on-github/basic-writing-and-formatting-syntax,1,1,0.0
url,https://docs.pulpproject.org/pulp_python/,1,1,0.0
url,https://docs.python.org/3/library/base64.html#base64.urlsafe_b64encode,1,1,0.0
url,https://docs.python.org/3/library/email.parser.html#module-email.parser,1,1,0.0
url,https://docs.python.org/3/library/hashlib.html#module-hashlib,1,1,0.0
url,https://docs.python.org/3/library/http.server.html,1,1,0.0
url,https://docs.python.org/3/library/re.html#re.IGNORECASE,1,1,0.0
url,https://docs.python.org/3/library/site.html#index-2,1,1,0.0
url,https://docs.python.org/3/library/venv.html#venv-explanation,1,1,0.0
url,https://fedoraproject.org/wiki/Infrastructure/Fedorahosted-retirement,1,1,0.0
url,https://files.pythonhosted.org/packages/eb/45/79be82bdeafcecb9dca474cad4003e32ef8e4a0dec6abbd4145ccb02abe1/sampleproject-1.2.0.tar.gz,1,2,0.0
url,https://flask-pypi-proxy.readthedocs.io/,1,1,0.0
url,https://flatpak.org/,1,1,0.0
url,https://flexx.readthedocs.io/en/latest/,1,1,0.0
url,https://flit.pypa.io/en/stable/,1,1,0.0
url,https://flit.readthedocs.io/en/latest/rationale.html,1,1,0.0
url,https://github.com/EpicWink/proxpi,1,1,0.0
url,https://github.com/PyCQA/flake8,1,1,0.0
url,https://github.com/helpshift/pypiprivate,1,1,0.0
url,https://github.com/jazzband/pip-tools,1,1,0.0
url,https://github.com/linkedin/shiv#user-content-shiv,1,1,0.0
url,https://github.com/ofek/pypinfo,1,1,0.0
url,https://github.com/pypa/build,1,1,0.0
url,https://github.com/pypa/gh-action-pypi-publish,1,1,0.0
url,https://github.com/pypa/packaging-problems/issues/new?template=general_issue.yml,1,1,0.0
url,https://github.com/pypa/packaging.python.org/blob/main/source/discussions/index.rst?plain=true,1,1,0.0
url,https://github.com/pypa/packaging.python.org/blob/main/source/glossary.rst?plain=true,1,1,0.0
url,https://github.com/pypa/packaging.python.org/blob/main/source/guides/writing-pyproject-toml.rst?plain=true,1,1,0.0
url,https://github.com/pypa/packaging.python.org/blob/main/source/overview.rst?plain=true,1,1,0.0
url,https://github.com/pypa/packaging.python.org/blob/main/source/tutorials/packaging-projects.rst?plain=true,1,1,0.0
url,https://github.com/pypa/packaging.python.org/edit/main/source/discussions/src-layout-vs-flat-layout.rst,1,1,0.0
url,https://github.com/pypa/packaging.python.org/edit/main/source/glossary.rst,1,1,0.0
url,https://github.com/pypa/packaging.python.org/edit/main/source/guides/analyzing-pypi-package-downloads.rst,1,1,0.0
url,https://github.com/pypa/packaging.python.org/edit/main/source/overview.rst,1,1,0.0
url,https://github.com/pypa/packaging.python.org/edit/main/source/specifications/project-status-markers.rst,1,1,0.0
url,https://github.com/pypa/packaging.python.org/edit/main/source/specifications/version-specifiers.rst,1,1,0.0
url,https://github.com/pypa/packaging.python.org/edit/main/source/support.rst,1,1,0.0
url,https://github.com/pypa/packaging.python.org/issues,1,1,0.0
url,https://github.com/pypa/pipx,1,1,0.0
url,https://github.com/pypa/readme_renderer,1,1,0.0
url,https://github.com/pypa/sample-namespace-packages/tree/master/native,1,1,0.0
url,https://github.com/pypa/sample-namespace-packages/tree/master/pkg_resources,1,1,0.0
url,https://github.com/pypa/sampleproject,1,1,0.0
url,https://github.com/pypa/sampleproject/blob/db5806e0a3204034c51b1c00dde7d5eb3fa2532e/setup.cfg,1,1,0.0
url,https://github.com/pypa/setuptools,1,1,0.0
url,https://github.com/pypa/trove-classifiers,1,1,0.0
url,https://github.com/pypa/trove-classifiers/issues,1,1,0.0
url,https://github.com/pypa/wheel,1,1,0.0
url,https://github.com/python-poetry/poetry,1,1,0.0
url,https://github.com/python/cpython/blob/main/Lib/datetime.py,1,1,0.0
url,https://github.com/python/cpython/issues,1,1,0.0
url,https://github.com/sclorg,1,1,0.0
url,https://github.com/thoth-station/micropipenv,1,1,0.0
url,https://hatch.pypa.io/latest/,1,1,0.0
url,https://mail.python.org/pipermail/distutils-sig/2016-May/028986.html,1,1,0.0
url,https://nox.thea.codes/en/latest/index.html,1,1,0.0
url,https://peps.python.org/pep-0405/,1,1,0.0
url,https://peps.python.org/pep-0420/,1,1,0.0
url,https://peps.python.org/pep-0425/,1,1,0.0
url,https://peps.python.org/pep-0427/,1,1,0.0
url,https://peps.python.org/pep-0440/,1,1,0.0
url,https://peps.python.org/pep-0621/#license,1,1,0.0
url,https://peps.python.org/pep-0751/,1,1,0.0
url,https://peps.python.org/pep-0792/,1,1,0.0
url,https://pip-tools.readthedocs.io/en/latest/,1,1,0.0
url,https://pip.pypa.io/en/latest/user_guide/#installing-from-local-packages,1,1,0.0
url,https://pybee.org/,1,1,0.0
url,https://pyinstaller.readthedocs.io/en/stable/,1,2,0.0
url,https://pypi.org/account/register/,1,1,0.0
url,https://pypi.org/project/Pillow,1,1,0.0
url,https://pypi.org/project/bandersnatch,1,1,0.0
url,https://pypi.org/project/hatchling/,1,1,0.0
url,https://pypi.org/project/pipenv,1,1,0.0
url,https://pypi.org/project/pynsist,1,1,0.0
url,https://pypi.org/project/requests/,1,1,0.0
url,https://pypi.org/project/setuptools,1,1,0.0
url,https://pytest.org/,1,1,0.0
url,https://server.ethicalads.io/proxy/click/8174/0198b91a-fb0a-78c2-a976-4a2ad8a7f18c/,1,1,0.0
url,https://server.ethicalads.io/proxy/click/8174/0198b93c-d552-7a22-990f-3cbf1a372acc/,1,1,0.0
url,https://server.ethicalads.io/proxy/click/8174/0198ba49-7576-7fc1-b4d4-6cef11c8c229/,1,1,0.0
url,https://server.ethicalads.io/proxy/click/8175/0198b92a-390b-7851-9caf-e63e094fec9b/,1,1,0.0
url,https://server.ethicalads.io/proxy/click/8176/0198b6fc-75c7-7cf3-adec-6bad040c230c/,1,1,0.0
url,https://server.ethicalads.io/proxy/click/8176/0198b8ea-d16b-79b3-b2ad-c55c85f183c9/,1,1,0.0
url,https://server.ethicalads.io/proxy/click/9043/0198a7c8-7dae-77c3-8f64-d7a2774d8066/,1,1,0.0
url,https://server.ethicalads.io/proxy/click/9071/0198b679-a989-71d0-beb5-901557c0ee7b/,1,1,0.0
url,https://server.ethicalads.io/proxy/click/9071/0198b710-6057-7740-b521-057ce2d6b701/,1,1,0.0
url,https://server.ethicalads.io/proxy/click/9071/0198b823-4894-71d0-90ad-ef345dabff75/,1,1,0.0
url,https://server.ethicalads.io/proxy/click/9071/0198b9bb-9adc-7981-81ae-5ae2c8f50110/,1,1,0.0
url,https://server.ethicalads.io/proxy/click/9073/0198b7ae-cc6f-73d2-84df-4d02af4f54ae/,1,1,0.0
url,https://server.ethicalads.io/proxy/click/9073/0198b993-1591-7c50-b8e5-f04c32746413/,1,1,0.0
url,https://server.ethicalads.io/proxy/click/9074/0198b570-591a-71b2-bbab-0e22852aa13d/,1,1,0.0
url,https://setuptools.pypa.io/en/latest/deprecated/commands.html,1,1,0.0
url,https://setuptools.pypa.io/en/latest/userguide/index.html,1,1,0.0
url,https://setuptools.pypa.io/en/latest/userguide/pyproject_config.html,1,1,0.0
url,https://setuptools.pypa.io/en/latest/userguide/pyproject_config.html#dynamic-metadata,1,1,0.0
url,https://setuptools.readthedocs.io/en/latest/deprecated/easy_install.html#natural-script-launcher,1,1,0.0
url,https://setuptools.readthedocs.io/en/latest/userguide/dependency_management.html#optional-dependencies,1,1,0.0
url,https://shiv.readthedocs.io/en/latest/,1,1,0.0
url,https://snapcraft.io/,1,1,0.0
url,https://spdx.github.io/spdx-spec/v2.2.2/other-licensing-information-detected/,1,1,0.0
url,https://www.fullstackpython.com/docker.html,1,1,0.0
url,https://www.maturin.rs/,1,1,0.0
url,https://www.piwheels.org/,1,1,0.0
url,https://www.w3.org/Protocols/rfc1341/4_Content-Type.html,1,1,0.0
