name,unique_entrances,total_entrances,visit_duration
/en/latest/tutorials/installing-packages/,7517,7674,60
/en/latest/guides/writing-pyproject-toml/,1532,1584,89
/en/latest/tutorials/packaging-projects/,1303,1332,86
/en/latest/guides/installing-using-pip-and-virtual-environments/,1287,1310,50
/en/latest/guides/tool-recommendations/,1210,1228,57
/en/latest/,551,561,134
/en/latest/glossary/,217,220,188
/en/latest/guides/distributing-packages-using-setuptools/,212,221,144
/en/latest/key_projects/,196,201,129
/en/latest/discussions/src-layout-vs-flat-layout/,165,174,102
/en/latest/overview/,160,165,117
/en/latest/specifications/version-specifiers/,126,131,36
/en/latest/guides/installing-using-linux-tools/,120,120,121
/en/latest/tutorials/managing-dependencies/,107,110,126
/en/latest/specifications/entry-points/,100,106,81
/en/latest/discussions/versioning/,97,98,90
/en/latest/specifications/pyproject-toml/,95,96,50
/en/latest/specifications/dependency-specifiers/,93,95,59
/en/latest/guides/hosting-your-own-index/,87,87,94
/en/latest/guides/creating-command-line-tools/,82,84,95
/en/latest/guides/section-install/,78,78,39
/en/latest/guides/packaging-namespace-packages/,76,80,166
/en/latest/guides/section-build-and-publish/,62,62,139
/en/latest/tutorials/,56,56,175
/en/latest/guides/publishing-package-distribution-releases-using-github-actions-ci-cd-workflows/,54,55,221
/en/latest/flow/,53,54,166
/en/latest/guides/creating-and-discovering-plugins/,51,53,90
/en/latest/specifications/core-metadata/,51,51,100
/en/latest/search/,47,47,143
/en/latest/guides/using-testpypi/,46,46,185
/en/latest/specifications/inline-script-metadata/,43,43,77
/en/latest/guides/,41,41,124
/en/latest/guides/installing-using-virtualenv/,41,41,45
/en/latest/specifications/platform-compatibility-tags/,40,43,90
/en/latest/specifications/,39,39,73
/en/latest/specifications/pypirc/,39,39,62
/en/latest/discussions/setup-py-deprecated/,37,39,40
/en/latest/guides/analyzing-pypi-package-downloads/,35,35,24
/en/latest/guides/packaging-binary-extensions/,34,37,73
/en/latest/specifications/binary-distribution-format/,34,35,112
/en/latest/specifications/dependency-groups/,34,34,83
/en/latest/discussions/package-formats/,33,34,138
/en/latest/guides/modernize-setup-py-project/,31,31,103
/en/latest/guides/using-manifest-in/,31,31,81
/en/latest/specifications/externally-managed-environments/,30,33,78
/en/latest/specifications/pylock-toml/,27,27,38
/en/latest/guides/installing-scientific-packages/,25,25,26
/en/latest/specifications/simple-repository-api/,25,25,240
/en/latest/discussions/install-requires-vs-requirements/,23,24,5
/en/latest/guides/installing-stand-alone-command-line-tools/,22,22,229
/en/latest/guides/licensing-examples-and-user-scenarios/,22,22,93
/en/latest/guides/making-a-pypi-friendly-readme/,20,20,97
/en/latest/discussions/pip-vs-easy-install/,18,18,146
/en/latest/specifications/name-normalization/,18,19,56
/en/latest/discussions/deploying-python-applications/,15,15,32
/en/latest/discussions/single-source-version/,14,14,141
/en/latest/discussions/,13,13,90
/en/latest/guides/index-mirrors-and-caches/,12,14,16
/en/latest/specifications/source-distribution-format/,11,11,151
/en/latest/specifications/well-known-project-urls/,10,10,572
/en/latest/specifications/glob-patterns/,9,9,0
/en/latest/discussions/distribution-package-vs-import-package/,7,7,129
/en/latest/guides/dropping-older-python-versions/,6,7,7
/en/latest/specifications/license-expression/,6,6,29
/en/latest/specifications/recording-installed-packages/,6,6,1486
/en/latest/guides/single-sourcing-package-version/,5,5,20
/en/latest/specifications/schemas/,4,4,49
/en/latest/specifications/section-distribution-metadata/,4,4,192
/en/latest/specifications/section-python-description-formats/,4,4,43
/en/latest/support/,4,4,89
/en/latest/news/,3,3,3
/en/latest/specifications/virtual-environments/,3,3,0
/ja/latest/specifications/core-metadata/,3,3,761
/en/latest/contribute/,2,2,44
/en/latest/guides/migrating-to-pypi-org/,2,2,0
/en/latest/index.html,2,2,0
/en/latest/specifications/direct-url/,2,2,14
/en/latest/specifications/file-yanking/,2,2,2
/en/latest/specifications/section-reproducible-environments/,2,2,4
/ja/latest/guides/writing-pyproject-toml/,2,2,55
/ja/latest/tutorials/installing-packages/,2,2,2212
/pt-br/latest/tutorials/installing-packages/,2,2,20
/en/latest/guides/section-hosting/,1,1,0
/en/latest/specifications/direct-url-data-structure/,1,1,0
/en/latest/specifications/section-package-indices/,1,1,95
/en/latest/tutorials/creating-documentation/,1,1,1
/ja/latest/discussions/src-layout-vs-flat-layout/,1,1,51
/ja/latest/flow/,1,1,1403
/ja/latest/guides/installing-using-pip-and-virtual-environments/,1,1,1
/ja/latest/guides/tool-recommendations/,1,1,83
/pt-br/latest/guides/installing-using-pip-and-virtual-environments/,1,1,514
/pt-br/latest/specifications/pyproject-toml/,1,1,52
/tutorials/installing-packages/,1,1,810
