name,unique_exits,total_exits,exit_rate
/en/latest/tutorials/installing-packages/,3201,3320,
/en/latest/tutorials/packaging-projects/,588,609,
/en/latest/guides/writing-pyproject-toml/,567,584,
/en/latest/guides/tool-recommendations/,465,474,
/en/latest/guides/installing-using-pip-and-virtual-environments/,434,446,
/en/latest/,250,262,
/en/latest/specifications/binary-distribution-format/,194,196,
/en/latest/glossary/,142,144,
/en/latest/key_projects/,136,137,
/en/latest/overview/,103,106,
/en/latest/guides/distributing-packages-using-setuptools/,91,93,
/en/latest/specifications/dependency-specifiers/,80,82,
/en/latest/discussions/src-layout-vs-flat-layout/,79,81,
/en/latest/guides/installing-using-linux-tools/,55,55,
/en/latest/guides/section-install/,53,53,
/en/latest/specifications/pyproject-toml/,50,49,
/en/latest/guides/packaging-namespace-packages/,46,48,
/en/latest/flow/,42,43,
/en/latest/specifications/version-specifiers/,42,42,
/en/latest/guides/creating-command-line-tools/,40,43,
/en/latest/guides/,35,37,
/en/latest/specifications/entry-points/,33,33,
/en/latest/tutorials/managing-dependencies/,32,32,
/en/latest/guides/installing-stand-alone-command-line-tools/,30,31,
/en/latest/specifications/core-metadata/,29,29,
/en/latest/discussions/versioning/,27,27,
/en/latest/search/,27,27,
/en/latest/specifications/inline-script-metadata/,26,26,
/en/latest/guides/modernize-setup-py-project/,23,23,
/en/latest/specifications/pylock-toml/,22,24,
/en/latest/specifications/,19,19,
/en/latest/tutorials/,18,18,
/en/latest/specifications/dependency-groups/,17,18,
/en/latest/guides/creating-and-discovering-plugins/,16,16,
/en/latest/guides/installing-scientific-packages/,16,17,
/en/latest/guides/making-a-pypi-friendly-readme/,16,16,
/en/latest/guides/packaging-binary-extensions/,16,19,
/en/latest/guides/publishing-package-distribution-releases-using-github-actions-ci-cd-workflows/,16,20,
/en/latest/discussions/package-formats/,15,16,
/en/latest/specifications/pypirc/,15,16,
/en/latest/discussions/setup-py-deprecated/,14,13,
/en/latest/discussions/distribution-package-vs-import-package/,13,13,
/en/latest/guides/analyzing-pypi-package-downloads/,13,13,
/en/latest/guides/hosting-your-own-index/,13,13,
/en/latest/guides/installing-using-virtualenv/,13,13,
/en/latest/guides/using-testpypi/,13,15,
/en/latest/discussions/deploying-python-applications/,12,13,
/en/latest/guides/using-manifest-in/,12,12,
/en/latest/guides/section-build-and-publish/,11,11,
/en/latest/discussions/single-source-version/,10,10,
/en/latest/specifications/externally-managed-environments/,9,10,
/en/latest/specifications/platform-compatibility-tags/,9,9,
/en/latest/specifications/simple-repository-api/,9,8,
/en/latest/discussions/install-requires-vs-requirements/,8,8,
/en/latest/specifications/recording-installed-packages/,8,8,
/en/latest/discussions/,7,7,
/en/latest/guides/licensing-examples-and-user-scenarios/,7,7,
/en/latest/specifications/name-normalization/,7,7,
/en/latest/guides/dropping-older-python-versions/,6,6,
/en/latest/discussions/pip-vs-easy-install/,5,5,
/en/latest/guides/index-mirrors-and-caches/,5,5,
/en/latest/specifications/direct-url/,3,3,
/en/latest/specifications/project-status-markers/,3,3,
/en/latest/specifications/section-installation-metadata/,3,3,
/en/latest/specifications/virtual-environments/,3,3,
/en/latest/specifications/well-known-project-urls/,3,3,
/pt-br/latest/tutorials/installing-packages/,3,3,
/en/latest/contribute/,2,2,
/en/latest/specifications/schemas/,2,2,
/en/latest/support/,2,2,
/ja/latest/,2,2,
/ja/latest/guides/installing-using-pip-and-virtual-environments/,2,2,
/pt-br/latest/tutorials/packaging-projects/,2,2,
/tutorials/packaging-projects/,2,2,
/en/latest/discussions/downstream-packaging/,1,1,
/en/latest/guides/section-hosting/,1,1,
/en/latest/news/,1,1,
/en/latest/specifications/build-details/v1.0/,1,1,
/en/latest/specifications/direct-url-data-structure/,1,1,
/en/latest/specifications/glob-patterns/,1,1,
/en/latest/specifications/index-hosted-attestations/,1,1,
/en/latest/specifications/license-expression/,1,1,
/en/latest/specifications/section-distribution-formats/,1,1,
/en/latest/specifications/source-distribution-format/,1,1,
/ja/latest/glossary/,1,1,
/ja/latest/guides/tool-recommendations/,1,1,
/ja/latest/guides/writing-pyproject-toml/,1,1,
/ja/latest/specifications/dependency-groups/,1,1,
/ja/latest/tutorials/installing-packages/,1,1,
/pt-br/latest/glossary/,1,1,
/pt-br/latest/guides/writing-pyproject-toml/,1,1,
/pt-br/latest/specifications/platform-compatibility-tags/,1,1,
/tutorials/installing-packages/,1,1,
