name,visitors
Guangdong,431
Shanghai,253
Hebei,229
Beijing,226
Zhejiang,207
Jiangsu,197
Tokyo,163
California,147
Shandong,141
Sichuan,127
Henan,82
Shaanxi,75
Hunan,54
Fujian,50
Hubei,49
Kwai Tsing New Territories,47
Liaoning,46
Ho Chi Minh City,36
Chongqing,35
Hanoi,35
Taipei,28
Anhui,27
Guangxi,27
Tianjin,23
Guizhou,15
New York,15
England,14
Osaka,14
Washington,14
Jiangxi,13
Taichung,12
Oregon,10
Hesse,9
Tsuen Wan New Territories,9
Texas,9
Shanxi,8
Gansu,7
Kwun Tong Kowloon,7
Da Nang,7
Hainan,6
Utah,6
Virginia,6
Yunnan,5
Île-de-France,5
Chiba,5
Arizona,5
New South Wales,4
São Paulo,4
British Columbia,4
Ontario,4
Quebec,4
Heilongjiang,4
Jilin,4
Madrid Autonomous Community,4
Kuala Lumpur,4
Changhua,4
Kaohsiung,4
New Taipei,4
Taoyuan,4
Colorado,4
Bắc Ninh,4
Vienna,3
Maharashtra,3
Phnom Penh,3
Tainan,3
Illinois,3
Queensland,2
Western Australia,2
Alberta,2
Manitoba,2
Central and Western Hong Kong Island,2
Kowloon City Kowloon,2
Karnataka,2
Lombardy,2
Kanagawa,2
Aichi,2
Incheon,2
Meknès-Tafilalet,2
Mandalay,2
Kelantan,2
Drenthe,2
North Holland,2
Port Moresby,2
Porto,2
Makkah,2
Dar es Salaam,2
Massachusetts,2
North Carolina,2
New Jersey,2
Nevada,2
Pennsylvania,2
Đồng Nai,2
Hải Dương,2
Thái Nguyên,2
Xinjiang,1
Berlin,1
Bavaria,1
Lower Saxony,1
Peloponnese,1
Yau Tsim Mong Kowloon,1
Islands New Territories,1
North New Territories,1
Sai Kung New Territories,1
Riau Islands,1
Hyogo,1
Fukuoka,1
Gyeonggi,1
Msida,1
Ciudad de Mexico,1
Johor,1
Selangor,1
Groningen,1
Braşov,1
Moscow Province,1
Saint Petersburg,1
Stockholm,1
Södermanland,1
Nakhon Ratchasima,1
Nakhon Pathom,1
Hsinchu County,1
Hsinchu,1
Hualien,1
Yilan,1
Lvivshchyna,1
Georgia,1
Oklahoma,1
South Carolina,1
Ninh Bình,1
Thanh Hóa,1
Quảng Nam,1
Tây Ninh,1
Đồng Tháp,1
Bến Tre,1
Bắc Giang,1
Nam Định,1
Phú Thọ,1
Haiphong,1
Gauteng,1
