name,version,visitors
Chrome,138.0,655
Microsoft Edge,138.0,124
Opera,120.0,57
Firefox,141.0,48
Safari,18.5,26
Chrome,137.0,16
Mobile App,(not set),11
Firefox,128.0,8
Samsung Browser,28.0,5
Chrome,109.0,4
Chrome,134.0,4
Chrome,135.0,4
Safari,18.6,4
Chrome,131.0,3
Firefox,135.0,3
Firefox,140.0,3
Microsoft Edge,109.0,2
Mobile App,114.0,2
Chrome,122.0,2
Chrome,127.0,2
Chrome,128.0,2
Safari,13.1,2
Chrome,132.0,2
Mobile App,138.0,2
Microsoft Edge,139.0,2
Firefox,142.0,2
Safari,15.6,2
Safari,17.5,2
Firefox,115.0,1
Chrome,116.0,1
Safari,12.1,1
Microsoft Edge,131.0,1
Firefox,136.0,1
Chrome,136.0,1
Microsoft Edge,137.0,1
Avast Secure Browser,137.0,1
Firefox,137.0,1
Chrome,139.0,1
Safari,16.2,1
Safari,17.11,1
Safari,18.3,1
Safari,7.0,1
Microsoft Edge,92.0,1
Opera,95.0,1
