property,value,visitors,events,percentage
url,(none),1012,1833,99.6
url,https://www.python.org/,22,24,2.2
url,https://github.com/python/cpython/tree/3.13/Lib/tkinter/__init__.py,3,3,0.3
url,https://tkdocs.com/,3,3,0.3
url,https://pypi.org/,2,2,0.2
url,https://www.python.org/downloads/,2,2,0.2
url,https://datatracker.ietf.org/doc/html/rfc7159.html,1,1,0.1
url,https://devguide.python.org/,1,1,0.1
url,https://github.com/python/cpython/blob/main/Doc/library/exceptions.rst?plain=1,1,1,0.1
url,https://github.com/python/cpython/blob/main/Doc/tutorial/index.rst?plain=1,1,2,0.1
url,https://github.com/python/cpython/tree/3.13/Lib/bisect.py,1,1,0.1
url,https://github.com/python/cpython/tree/3.13/Lib/turtle.py,1,1,0.1
url,https://github.com/python/cpython/tree/main/Lib/random.py,1,1,0.1
url,https://no-color.org/,1,1,0.1
url,https://packaging.python.org/pt-br/latest/guides/installing-using-pip-and-virtual-environments/#create-and-use-virtual-environments,1,1,0.1
url,https://peps.python.org/pep-0738/,1,1,0.1
url,https://pt.wikipedia.org/wiki/Logo,1,1,0.1
url,https://pypy.org/,1,1,0.1
url,https://termux.dev/en/,1,1,0.1
url,https://www.python.org/doc/versions/,1,1,0.1
url,https://www.tcl.tk/,1,1,0.1
url,https://www.zlib.net/,1,1,0.1
