name,version,visitors
Chrome,142.0,4686
Microsoft Edge,142.0,2416
Firefox,145.0,530
Opera,124.0,316
Chrome,141.0,218
Opera,123.0,125
Safari,18.6,121
Safari,26.1,114
Chrome,126.0,109
Yandex Browser,25.10,108
Chrome,132.0,92
Chrome,125.0,91
Chrome,140.0,85
Firefox,140.0,82
Microsoft Edge,141.0,78
Mobile App,(not set),70
Chrome,139.0,69
Smart Lenovo Browser,9.0,67
Chrome,122.0,52
Quark,(not set),46
Chrome,109.0,45
Chrome,138.0,43
Microsoft Edge,140.0,40
Firefox,144.0,29
Chrome,137.0,27
Yandex Browser,25.8,27
Chrome,143.0,26
Safari,26.0,26
Chrome,135.0,25
Safari,18.5,23
Chrome,131.0,21
Firefox,143.0,20
Chrome,134.0,17
Safari,18.7,17
Microsoft Edge,92.0,16
Chrome,117.0,15
Opera,122.0,15
Firefox,128.0,15
Microsoft Edge,139.0,15
Safari,17.6,14
vivo Browser,27.0,14
Chrome,116.0,12
Chrome,133.0,12
Firefox,146.0,12
MIUI Browser,20.6,12
QQ Browser,19.8,11
Sogou Explorer,2,11
Chrome,86.0,11
Quark,10.0,10
Microsoft Edge,122.0,10
Chrome,128.0,10
Microsoft Edge,138.0,10
Firefox,115.0,9
Chrome,120.0,9
Chrome,123.0,9
Microsoft Edge,135.0,9
Chrome,136.0,9
Firefox,142.0,9
Safari,18.1,9
Chrome,127.0,8
Chrome,130.0,8
Microsoft Edge,130.0,8
Microsoft Edge,18.18362,8
MIUI Browser,20.7,8
Safari,26.2,8
Whale Browser,4.34,8
Chrome,114.0,7
Microsoft Edge,131.0,7
Microsoft Edge,133.0,7
Firefox,141.0,7
Avast Secure Browser,142.0,7
Safari,16.6,7
Safari,18.0,7
Safari,18.3,7
Samsung Browser,29.0,7
Opera,95.0,7
Mobile App,97.0,7
(not set),(not set),6
Chrome,102.0,6
Chrome,108.0,6
Chrome,110.0,6
Chrome,119.0,6
Huawei Browser,12.1,6
Microsoft Edge,129.0,6
Microsoft Edge,136.0,6
Microsoft Edge,137.0,6
UC Browser,18.2,6
vivo Browser,26.9,6
Firefox,5.0,6
Microsoft Edge,109.0,5
Chrome,124.0,5
Microsoft Edge,128.0,5
Firefox,136.0,5
Chrome,69.0,5
360 Secure Browser,(not set),4
Firefox,102.0,4
Chrome,111.0,4
Mobile App,142.0,4
Microsoft Edge,143.0,4
Chrome,144.0,4
Microsoft Edge,18.17763,4
Microsoft Edge,18.18363,4
Safari,18.4,4
vivo Browser,27.1,4
Brave,(not set),3
Chrome,100.0,3
Chrome,101.0,3
Chrome,103.0,3
Chrome,112.0,3
Microsoft Edge,117.0,3
Meizu Browser,12.8,3
Opera,120.0,3
Chrome,121.0,3
Microsoft Edge,123.0,3
Microsoft Edge,125.0,3
Microsoft Edge,127.0,3
QQ Browser,13.1,3
Microsoft Edge,132.0,3
Microsoft Edge,134.0,3
Firefox,134.0,3
Firefox,135.0,3
Firefox,137.0,3
Firefox,138.0,3
Norton Private Browser,142.0,3
Microsoft Edge,15.15063,3
Safari,15.6,3
MIUI Browser,20.4,3
Chrome,87.0,3
Chrome,91.0,3
Microsoft Edge,100.0,2
Microsoft Edge,103.0,2
Chrome,106.0,2
Microsoft Edge,106.0,2
Microsoft Edge,107.0,2
Microsoft Edge,112.0,2
Firefox,113.0,2
Chrome,115.0,2
Chrome,118.0,2
Microsoft Edge,124.0,2
Opera,125.0,2
Chrome,129.0,2
QQ Browser,13.3,2
Mobile App,131.0,2
Mobile App,134.0,2
Avira Secure Browser,142.0,2
Huawei Browser Mobile,16.0,2
Safari,17.1,2
Safari,17.14,2
Safari,17.2,2
Safari,17.3,2
Safari,18.2,2
QQ Browser,19.2,2
QQ Browser,19.7,2
MIUI Browser,20.3,2
QQ Browser,21.0,2
Yandex Browser,24.1,2
Yandex Browser,24.12,2
Yandex Browser,25.88,2
Safari,26.4,2
vivo Browser,26.5,2
vivo Browser,26.6,2
Samsung Browser,28.0,2
vivo Browser,5.2,2
Safari,60.5,2
UBrowser,7.0,2
Chrome,71.0,2
Microsoft Edge,84.0,2
Chrome,90.0,2
Chrome,94.0,2
Chrome,96.0,2
Chrome,99.0,2
Android Browser,(not set),1
Safari,(not set),1
Firefox,101.0,1
Opera,101.0,1
Firefox,103.0,1
Chrome,105.0,1
Firefox,106.0,1
Chrome,107.0,1
Firefox,107.0,1
Microsoft Edge,108.0,1
Microsoft Edge,110.0,1
Microsoft Edge,111.0,1
Microsoft Edge,113.0,1
Chrome,113.0,1
Opera,114.0,1
Microsoft Edge,114.0,1
Mobile App,114.0,1
Firefox,117.0,1
Microsoft Edge,118.0,1
Microsoft Edge,119.0,1
Microsoft Edge,120.0,1
Chrome,124.61,1
Firefox,126.0,1
Iron,127.0,1
QQ Browser,13.5,1
QQ Browser,13.7,1
Firefox,132.0,1
Firefox,133.0,1
Firefox,139.0,1
MIUI Browser,14.0,1
Huawei Browser Mobile,14.0,1
Safari,14.1,1
MIUI Browser,14.10,1
MIUI Browser,14.45,1
QQ Browser,14.9,1
AVG Secure Browser,142.0,1
CCleaner,142.0,1
Chrome,143,1
Huawei Browser Mobile,15.0,1
vivo Browser,15.0,1
Safari,16.3,1
Safari,16.4,1
Safari,17.0,1
Safari,17.13,1
Safari,17.4,1
Safari,17.5,1
Microsoft Edge,18.19041,1
MIUI Browser,18.6,1
QQ Browser,19.0,1
QQ Browser,19.3,1
MIUI Browser,20.1,1
Yandex Browser,24.10,1
Yandex Browser,24.4,1
Yandex Browser,24.7,1
vivo Browser,25.1,1
Yandex Browser,25.2,1
Yandex Browser,25.6,1
vivo Browser,26.8,1
Opera GX,3.0,1
SberBrowser,32.0,1
Opera,46.0,1
Mobile App,55.0,1
Opera Touch,6.1,1
QQ Browser,6.2,1
QtWebEngine,6.5,1
Firefox,68.0,1
Quark,7.13,1
Chrome,74.0,1
Chrome,80.0,1
Mobile Silk,80.4,1
Firefox,84.0,1
Chrome,89.0,1
Mobile App,90.0,1
Microsoft Edge,90.0,1
Firefox,91.0,1
Microsoft Edge,94.0,1
Chrome,97.0,1
