name,visitors
United States,3596
India,1683
Germany,1052
United Kingdom,908
China,808
France,519
Brazil,462
Canada,457
Russian Federation,383
Australia,329
Netherlands,312
Singapore,302
Hong Kong,277
Poland,241
Japan,238
Switzerland,214
South Korea,191
Spain,187
Italy,175
Mexico,167
Indonesia,161
Sweden,157
Taiwan,145
Turkey,130
Austria,119
Israel,110
Finland,107
Vietnam,107
South Africa,106
Philippines,90
Denmark,86
Belgium,85
Thailand,85
Ukraine,85
Pakistan,82
Norway,79
Czechia,78
Iran,78
Argentina,77
Chile,74
Colombia,70
Ireland,70
Portugal,68
Bangladesh,65
Malaysia,63
Saudi Arabia,62
Egypt,61
Romania,61
Nigeria,59
New Zealand,52
Hungary,50
Greece,43
Peru,43
Kenya,35
Serbia,34
United Arab Emirates,32
Morocco,31
Bulgaria,30
Nepal,29
Algeria,28
Kazakhstan,22
Belarus,21
Lithuania,21
Ethiopia,20
Sri Lanka,20
Ecuador,18
Estonia,18
Latvia,18
Slovenia,18
Slovakia,18
Uzbekistan,17
Venezuela,16
Yemen,15
Ghana,14
Croatia,14
Iraq,14
Cameroon,13
Myanmar,13
Azerbaijan,12
Costa Rica,12
Armenia,10
Cambodia,10
Luxembourg,10
Tunisia,10
Madagascar,9
Moldova,8
Zambia,8
Bolivia,7
Côte d'Ivoire,7
Cyprus,7
Guatemala,7
Kuwait,7
Tanzania,7
Uruguay,7
Kyrgyzstan,6
Lebanon,6
El Salvador,6
Zimbabwe,6
Albania,5
Angola,5
Bosnia and Herzegovina,5
"Congo, The Democratic Republic of the",5
Cuba,5
Dominican Republic,5
Jordan,5
Libya,5
North Macedonia,5
Macao,5
Malawi,5
Nicaragua,5
Puerto Rico,5
Réunion,5
Uganda,5
Bahrain,4
Jamaica,4
Mauritania,4
Mauritius,4
"Palestine, State of",4
Trinidad and Tobago,4
Gabon,3
Georgia,3
Honduras,3
Iceland,3
Malta,3
Qatar,3
Rwanda,3
Senegal,3
Kosovo,3
Burkina Faso,2
Benin,2
Bhutan,2
Montenegro,2
Mongolia,2
Mozambique,2
Tajikistan,2
Afghanistan,1
Barbados,1
Brunei Darussalam,1
Fiji,1
Guernsey,1
Guinea-Bissau,1
Isle of Man,1
Jersey,1
Cayman Islands,1
Laos,1
Lesotho,1
Maldives,1
Namibia,1
Niger,1
Panama,1
Papua New Guinea,1
Somalia,1
Suriname,1
Eswatini,1
Chad,1
