name,version,visitors
Chrome,137.0,243
Microsoft Edge,137.0,79
Chrome,136.0,33
Microsoft Edge,136.0,32
Firefox,139.0,17
Safari,18.5,11
Microsoft Edge,135.0,4
Chrome,119.0,2
Firefox,128.0,2
Chrome,130.0,2
Chrome,135.0,2
Firefox,138.0,2
(not set),(not set),1
Mobile App,(not set),1
Microsoft Edge,100.0,1
Chrome,110.0,1
Chrome,120.0,1
Chrome,124.0,1
Chrome,129.0,1
Chrome,132.0,1
Microsoft Edge,134.0,1
Firefox,136.0,1
Microsoft Edge,139.0,1
Safari,16.5,1
Safari,16.6,1
Safari,17.6,1
Safari,18.0,1
Safari,18.3,1
Firefox,99.0,1
