name,unique_exits,total_exits,exit_rate
/pt-br/3/tutorial/index.html,124,132,
/pt-br/3.15/using/windows.html,74,78,
/pt-br/3/,67,74,
/pt-br/3/library/venv.html,64,65,
/pt-br/3/library/stdtypes.html,63,68,
/pt-br/3/library/index.html,56,57,
/pt-br/3/library/math.html,42,42,
/pt-br/3/tutorial/datastructures.html,39,40,
/pt-br/3/tutorial/,38,42,
/pt-br/3.14/,37,41,
/pt-br/3/tutorial/classes.html,37,42,
/pt-br/3/library/functions.html,36,42,
/pt-br/3/tutorial/controlflow.html,34,39,
/3/,32,33,
/dev/using/windows.html,31,31,
/pt-br/3/tutorial/interpreter.html,30,31,
/pt-br/3/tutorial/introduction.html,28,33,
/pt-br/3/library/random.html,27,27,
/pt-br/3/library/datetime.html,26,30,
/pt-br/3/search.html,25,25,
/pt-br/3.14/tutorial/index.html,24,27,
/pt-br/3/library/string.html,24,24,
/pt-br/3.14/search.html,23,26,
/pt-br/3/library/os.html,21,21,
/pt-br/3/library/tkinter.html,20,20,
/pt-br/3.14/library/index.html,19,20,
/pt-br/dev/library/venv.html,19,20,
/pt-br/3.14/tutorial/datastructures.html,18,18,
/pt-br/3/whatsnew/3.14.html,16,22,
/pt-br/3.14/library/tkinter.html,15,15,
/pt-br/3/library/re.html,15,16,
/pt-br/3.14/library/random.html,14,15,
/pt-br/3.14/library/stdtypes.html,14,14,
/pt-br/3/tutorial/appetite.html,14,14,
/3/library/index.html,13,13,
/pt-br/3.14/tutorial/introduction.html,13,14,
/pt-br/3.14/tutorial/controlflow.html,12,12,
/pt-br/3/glossary.html,12,12,
/pt-br/3/tutorial/inputoutput.html,12,12,
/pt-br/dev/library/zlib.html,12,12,
/pt-br/3/tutorial/errors.html,11,11,
/pt-br/3.14/library/functions.html,10,11,
/pt-br/3.15/search.html,10,12,
/pt-br/3/using/cmdline.html,10,10,
/pt-br/3.14/tutorial/appetite.html,9,9,
/pt-br/3.14/tutorial/interpreter.html,9,10,
/pt-br/3/faq/windows.html,9,10,
/pt-br/3.14/download.html,8,7,
/pt-br/3.14/library/math.html,8,8,
/3/library/datetime.html,7,7,
/3/library/tkinter.html,7,5,
/3/tutorial/datastructures.html,7,7,
/pt-br/3.14/library/datetime.html,7,7,
/pt-br/3.14/py-modindex.html,7,7,
/pt-br/3.14/tutorial/,7,8,
/pt-br/3/contents.html,7,7,
/3/tutorial/index.html,6,6,
/pt-br/3.13/tutorial/index.html,6,7,
/pt-br/3.14/tutorial/classes.html,6,6,
/pt-br/3.14/whatsnew/3.14.html,6,7,
/pt-br/3/library/__main__.html,6,6,
/pt-br/3/library/operator.html,6,6,
/pt-br/3/library/time.html,6,6,
/pt-br/dev/howto/regex.html,6,6,
/pt-br/dev/library/tkinter.html,6,8,
/3/download.html,5,5,
/3/tutorial/,5,4,
/3/whatsnew/3.14.html,5,4,
/pt-br/3.14/glossary.html,5,5,
/pt-br/3.14/tutorial/modules.html,5,6,
/pt-br/3/library/,5,5,
/pt-br/3/library/exceptions.html,5,5,
/pt-br/3/library/json.html,5,5,
/pt-br/3/library/os.path.html,5,5,
/pt-br/3/library/turtle.html,5,6,
/pt-br/3/py-modindex.html,5,5,
/pt-br/dev/tutorial/datastructures.html,5,5,
/3.14/library/random.html,4,4,
/3.14/tutorial/index.html,4,4,
/3/library/idle.html,4,4,
/3/library/math.html,4,4,
/pt-br/3.13/library/math.html,4,5,
/pt-br/3.13/library/tkinter.html,4,4,
/pt-br/3.13/tutorial/introduction.html,4,4,
/pt-br/3.14/installing/index.html,4,4,
/pt-br/3.14/library/,4,4,
/pt-br/3.14/tutorial/errors.html,4,5,
/pt-br/3/howto/logging.html,4,4,
/pt-br/3/installing/index.html,4,4,
/pt-br/3/library/csv.html,4,4,
/pt-br/3/library/tk.html,4,4,
/pt-br/3/reference/expressions.html,4,4,
/pt-br/3/reference/index.html,4,4,
/pt-br/3/reference/introduction.html,4,4,
/pt-br/dev/howto/logging.html,4,4,
/pt-br/dev/howto/sorting.html,4,5,
/pt-br/dev/library/random.html,4,4,
/pt-br/dev/library/unittest.html,4,4,
/3.14/,3,3,
/3.15/,3,3,
