name,unique_entrances,total_entrances,visit_duration
/pl/3/tutorial/index.html,18,19,55
/3/,12,14,836
/pl/3/,12,12,48
/pl/3/tutorial/datastructures.html,12,12,479
/pl/3.13/tutorial/index.html,9,10,68
/3/tutorial/index.html,7,7,134
/pl/3/tutorial/venv.html,6,6,0
/pl/3.13/,5,5,26
/pl/3/installing/index.html,5,5,0
/pl/3/library/array.html,5,5,87
/pl/3/tutorial/errors.html,5,6,0
/pl/3/tutorial/classes.html,4,4,0
/pl/3/tutorial/modules.html,4,4,0
/3.13/,3,3,52
/pl/3.13/tutorial/introduction.html,3,5,58
/pl/3/contents.html,3,3,12
/pl/3/tutorial/,3,3,264
/pl/3/tutorial/controlflow.html,3,3,330
/pl/3/tutorial/interpreter.html,3,4,0
/pl/3/tutorial/introduction.html,3,3,0
/pl/3/using/index.html,3,3,2
/pl/dev/library/turtle.html,3,3,246
/pl/dev/tutorial/floatingpoint.html,3,5,0
/3.13/index.html,2,2,996
/3.13/tutorial/,2,2,1323
/3.13/tutorial/index.html,2,2,565
/3/faq/,2,2,135
/3/library/math.html,2,2,73
/3/library/random.html,2,2,202
/3/tutorial/,2,2,328
/3/tutorial/controlflow.html,2,2,19
/3/tutorial/datastructures.html,2,2,64
/pl/3.12/license.html,2,2,0
/pl/3/library/functions.html,2,2,0
/pl/3/tutorial/appetite.html,2,3,0
/pl/3/using/windows.html,2,2,18
/pl/dev/tutorial/datastructures.html,2,2,0
/pl/dev/tutorial/inputoutput.html,2,2,30
/3.12/library/functions.html,1,1,22
/3.13/glossary.html,1,1,1860
/3.13/library/string.html,1,1,5
/3.13/using/windows.html,1,1,392
/3/c-api/perfmaps.html,1,1,2
/3/contents.html,1,1,238
/3/howto/curses.html,1,1,0
/3/index.html,1,1,30
/3/library/array.html,1,1,0
/3/library/cmath.html,1,1,219
/3/library/datetime.html,1,1,48
/3/library/faulthandler.html,1,1,914
/3/library/functools.html,1,1,848
/3/library/idle.html,1,1,80
/3/library/index.html,1,1,2311
/3/library/re.html,1,1,4
/3/library/string.html,1,1,32
/3/library/tkinter.html,1,1,0
/3/library/typing.html,1,1,597
/3/search.html,1,1,41
/3/tutorial/modules.html,1,1,39
/3/using/android.html,1,2,461
/es/3.13/tutorial/interpreter.html,1,1,293
/ja/dev/library/allos.html,1,1,31
/pl/3.12/installing/index.html,1,1,24
/pl/3.12/library/multiprocessing.html,1,1,0
/pl/3.12/library/os.html,1,1,1725
/pl/3.12/search.html,1,1,81
/pl/3.12/tutorial/index.html,1,1,3
/pl/3.13/contents.html,1,1,0
/pl/3.13/glossary.html,1,1,0
/pl/3.13/howto/sorting.html,1,1,0
/pl/3.13/howto/unicode.html,1,1,0
/pl/3.13/index.html,1,1,705
/pl/3.13/installing/index.html,1,1,0
/pl/3.13/library/__main__.html,1,1,17
/pl/3.13/library/decimal.html,1,1,0
/pl/3.13/library/exceptions.html,1,1,199
/pl/3.13/library/functions.html,1,2,0
/pl/3.13/library/functools.html,1,1,7
/pl/3.13/library/pathlib.html,1,1,0
/pl/3.13/library/random.html,1,1,34
/pl/3.13/library/stdtypes.html,1,1,0
/pl/3.13/library/threading.html,1,1,19
/pl/3.13/library/tkinter.html,1,1,14
/pl/3.13/library/turtle.html,1,2,0
/pl/3.13/reference/index.html,1,1,590
/pl/3.13/reference/introduction.html,1,1,33
/pl/3.13/search.html,1,1,4
/pl/3.13/tutorial/,1,1,78
/pl/3.13/tutorial/appetite.html,1,1,0
/pl/3.13/tutorial/controlflow.html,1,1,0
/pl/3.13/tutorial/datastructures.html,1,1,597
/pl/3.13/tutorial/errors.html,1,1,0
/pl/3.13/tutorial/interpreter.html,1,1,0
/pl/3.13/tutorial/modules.html,1,1,0
/pl/3.14/whatsnew/index.html,1,2,10
/pl/3.15/contents.html,1,1,12
/pl/3.15/library/datatypes.html,1,1,547
/pl/3.15/library/runpy.html,1,1,0
/pl/3.15/whatsnew/3.13.html,1,1,0
/pl/3/c-api/datetime.html,1,1,0
/pl/3/c-api/stable.html,1,1,0
/pl/3/extending/extending.html,1,1,0
/pl/3/faq/index.html,1,1,47
/pl/3/glossary.html,1,1,0
/pl/3/howto/instrumentation.html,1,1,0
/pl/3/library/abc.html,1,1,0
/pl/3/library/collections.html,1,1,0
/pl/3/library/datatypes.html,1,1,438
/pl/3/library/html.entities.html,1,1,31
/pl/3/library/index.html,1,1,0
/pl/3/library/pickle.html,1,1,0
/pl/3/library/string.html,1,1,0
/pl/3/library/struct.html,1,1,0
/pl/3/library/sys.html,1,1,0
/pl/3/library/text.html,1,1,0
/pl/3/library/turtle.html,1,1,0
/pl/3/library/wsgiref.html,1,1,16
/pl/3/tutorial/inputoutput.html,1,1,825
/pl/3/using/configure.html,1,1,0
/pl/dev/c-api/descriptor.html,1,1,0
/pl/dev/contents.html,1,1,0
/pl/dev/library/functions.html,1,1,0
/pl/dev/search.html,1,1,480
/pl/dev/tutorial/index.html,1,1,0
/pl/dev/whatsnew/3.8.html,1,1,0
/tr/3.13/library/socket.html,1,1,1405
/uk/3/library/threading.html,1,1,64
/zh-cn/3.12/library/copy.html,1,1,45
/zh-cn/3.13/installing/index.html,1,1,118
/zh-cn/3.13/library/cmath.html,1,1,100
/zh-tw/3.13/tutorial/datastructures.html,1,1,18
