property,value,visitors,events,percentage
url,(none),1078,1321,99.9
url,https://www.python.org/,11,13,1.0
url,https://www.python.org/downloads/,6,6,0.6
url,https://github.com/python/cpython/tree/3.14/Lib/venv/,2,2,0.2
url,https://devguide.python.org/,1,1,0.1
url,https://en.wikipedia.org/wiki/Gamma_function,1,1,0.1
url,https://github.com/python/cpython/blob/main/Doc/library/functions.rst?plain=1,1,1,0.1
url,https://github.com/python/cpython/tree/3.14/Lib/enum.py,1,2,0.1
url,https://github.com/python/cpython/tree/3.14/Lib/sched.py,1,1,0.1
url,https://mypy.readthedocs.io/en/stable/cheat_sheet_py3.html,1,1,0.1
url,https://packaging.python.org/,1,1,0.1
url,https://packaging.python.org/en/latest/tutorials/installing-packages/#ensure-pip-setuptools-and-wheel-are-up-to-date,1,1,0.1
url,https://packaging.python.org/guides/installing-using-pip-and-virtual-environments/#create-and-use-virtual-environments,1,1,0.1
url,https://pypi.org/,1,1,0.1
url,https://requests.readthedocs.io/en/master/,1,1,0.1
url,https://wiki.python.org/moin/BeginnersGuide,1,1,0.1
url,https://www.python.org/downloads/macos/,1,1,0.1
