property,value,visitors,events,percentage
url,(none),2031,3170,99.8
url,https://www.python.org/,35,36,1.7
url,https://github.com/python/cpython/tree/3.13/Lib/idlelib/,10,15,0.5
url,https://github.com/python/cpython/tree/3.13/Lib/urllib/parse.py,2,2,0.1
url,https://wiki.python.org/moin/BeginnersGuide,2,2,0.1
url,https://www.python.org/downloads/,2,2,0.1
url,https://devguide.python.org/setup/#get-the-source-code,1,1,0.0
url,https://en.wikipedia.org/wiki/Fibonacci_sequence,1,1,0.0
url,https://github.com/python/cpython/tree/3.13/Lib/asyncio/transports.py,1,1,0.0
url,https://github.com/python/cpython/tree/3.13/Lib/json/__init__.py,1,1,0.0
url,https://github.com/python/cpython/tree/3.13/Lib/multiprocessing/,1,1,0.0
url,https://github.com/python/cpython/tree/3.13/Lib/tkinter/__init__.py,1,1,0.0
url,https://github.com/python/cpython/tree/3.13/Lib/zipimport.py,1,1,0.0
url,https://github.com/python/cpython/tree/main/Lib/statistics.py,1,1,0.0
url,https://learning-python.com/about-pp4e.html,1,1,0.0
url,https://packaging.python.org/extensions/,1,1,0.0
url,https://peps.python.org/pep-0011/,1,1,0.0
url,https://peps.python.org/pep-0238/,1,1,0.0
url,https://peps.python.org/pep-0273/,1,1,0.0
url,https://pypi.org/,1,2,0.0
url,https://pypi.org/project/telnetlib3/,1,1,0.0
url,https://wiki.python.org/moin/PythonEditors,1,1,0.0
url,https://www.python.org/doc/versions/,1,1,0.0
url,https://www.python.org/downloads/source/,1,1,0.0
url,webkit-masked-url://hidden/,1,1,0.0
