name,visitors,pageviews,bounce_rate,time_on_page,scroll_depth
/3.13/tutorial/index.html,5879,6466,70,39,47
/3.13/using/windows.html,4157,4855,74,327,23
/ja/3.13/c-api/capsule.html,1801,1992,85,6,32
/3.13/index.html,1702,1726,58,19,72
/3.13/,1655,2015,52,20,79
/3.13/whatsnew/3.13.html,1258,1281,73,48,15
/3.13/tutorial/interpreter.html,917,841,74,84,71
/3.13/tutorial/appetite.html,844,731,53,69,86
/3.13/tutorial/,811,932,61,41,53
/zh-cn/3.13/tutorial/index.html,669,881,52,41,65
/zh-cn/3.13/,592,676,37,20,79
/3.13/tutorial/introduction.html,544,477,78,146,55
/3.13/library/index.html,492,570,47,57,39
/3.13/search.html,484,638,45,25,53
/3.13/tutorial/controlflow.html,338,331,85,156,38
/zh-cn/3.13/library/index.html,332,412,48,42,51
/3.13/library/functions.html,326,319,79,69,44
/3.13/library/stdtypes.html,302,304,80,86,40
/zh-cn/3.13/tutorial/interpreter.html,246,258,55,82,78
/zh-cn/3.13/using/index.html,237,258,55,14,82
/zh-cn/3.13/tutorial/controlflow.html,232,220,74,440,48
/3.13/reference/index.html,222,224,55,76,67
/zh-cn/3.13/search.html,216,331,28,36,52
/zh-cn/3.13/tutorial/introduction.html,207,192,68,186,59
/pt-br/3.13/tutorial/index.html,203,280,59,69,56
/zh-cn/3.13/library/functions.html,195,197,59,80,43
/es/3.13/library/tkinter.html,187,209,75,61,33
/zh-cn/3.13/index.html,176,212,17,16,81
/zh-cn/3.13/tutorial/appetite.html,176,160,41,60,90
/3.13/tutorial/datastructures.html,173,150,71,97,50
/3.13/installing/index.html,170,156,60,37,57
/3.13/glossary.html,168,165,60,52,46
/zh-tw/3.13/tutorial/index.html,155,212,54,29,52
/zh-cn/3.13/library/stdtypes.html,151,143,66,158,42
/es/3.13/tutorial/index.html,150,178,79,51,47
/3.13/library/,147,160,61,29,33
/es/3.13/,140,146,42,18,78
/zh-cn/3.13/reference/index.html,140,181,30,22,75
/fr/3.13/tutorial/index.html,138,166,65,41,52
/zh-cn/3.13/tutorial/datastructures.html,138,155,72,206,62
/es/3.13/library/index.html,137,183,75,1421,42
/zh-cn/3.13/contents.html,125,127,43,24,16
/3.13/using/index.html,119,121,62,41,76
/3.13/tutorial/modules.html,117,104,82,180,53
/3.13/tutorial/classes.html,116,112,60,203,51
/3.13/download.html,111,93,82,19,82
/3.13/py-modindex.html,111,107,41,98,41
/zh-cn/3.13/using/windows.html,110,102,88,80,47
/zh-cn/3.13/library/venv.html,108,107,94,57,38
/3.13/using/cmdline.html,107,96,71,33,30
/zh-cn/3.13/tutorial/classes.html,107,114,67,306,61
/pt-br/3.13/,103,119,56,25,75
/zh-cn/3.13/whatsnew/3.13.html,103,95,48,169,28
/ja/3.13/tutorial/,102,149,55,39,61
/zh-cn/3.13/glossary.html,97,93,63,48,44
/zh-cn/3.13/using/cmdline.html,97,93,66,43,30
/es/3.13/library/functions.html,94,102,75,59,33
/es/3.13/tutorial/datastructures.html,94,97,84,92,45
/pt-br/3.13/library/index.html,94,107,67,56,47
/zh-cn/3.13/tutorial/modules.html,92,90,74,258,53
/pt-br/3.13/tutorial/datastructures.html,90,87,90,166,47
/3.13/contents.html,87,84,33,18,13
/es/3.13/search.html,87,152,44,34,50
/ja/3.13/library/functions.html,87,91,80,51,49
/pt-br/3.13/library/venv.html,83,83,95,45,37
/zh-cn/3.13/reference/datamodel.html,83,73,77,103,43
/zh-cn/3.13/tutorial/,83,85,56,42,69
/3.13/using/mac.html,82,90,63,75,54
/3.13/tutorial/appendix.html,80,74,53,59,61
/zh-tw/3.13/library/venv.html,80,83,82,33,34
/zh-cn/3.13/howto/index.html,79,66,50,15,88
/zh-cn/3.13/installing/index.html,79,65,75,35,77
/3.13/library/typing.html,77,80,67,30,42
/es/3.13/tutorial/venv.html,76,79,93,36,55
/ko/3.13/tutorial/index.html,76,106,52,24,49
/zh-cn/3.13/tutorial/inputoutput.html,76,84,57,121,57
/ja/3.13/library/stdtypes.html,75,70,80,50,38
/3.13/library/datetime.html,73,81,78,62,35
/3.13/library/idle.html,73,71,81,42,22
/pt-br/3.13/tutorial/interpreter.html,73,77,70,134,76
/es/3.13/library/stdtypes.html,72,69,76,80,26
/3.13/library/os.html,71,67,69,57,31
/pt-br/3.13/tutorial/appetite.html,71,72,52,74,82
/3.13/tutorial/inputoutput.html,70,71,50,130,45
/pt-br/3.13/search.html,70,107,44,19,57
/es/3.13/tutorial/interpreter.html,69,66,83,109,71
/es/3.13/tutorial/introduction.html,69,72,90,130,49
/ko/3.13/c-api/bytes.html,68,72,81,4,23
/zh-cn/3.13/download.html,68,55,79,33,91
/zh-cn/3.13/tutorial/venv.html,67,67,69,68,77
/zh-tw/3.13/tutorial/interpreter.html,67,59,70,59,79
/3.13/reference/datamodel.html,66,58,55,184,29
/fr/3.13/,66,73,50,23,75
/ja/3.13/library/re.html,66,69,80,54,34
/es/3.13/library/idle.html,65,90,61,39,25
/fr/3.13/search.html,65,100,61,42,46
/ja/3.13/library/index.html,65,93,48,33,46
/3.13/library/tkinter.html,63,67,69,26,27
/ja/3.13/search.html,63,125,30,37,53
/zh-cn/3.13/py-modindex.html,63,63,46,15,43
