name,version,visitors
Microsoft Edge,132.0,1588
Chrome,132.0,1289
Chrome,131.0,462
Chrome,133.0,369
Chrome,122.0,255
Microsoft Edge,133.0,119
Microsoft Edge,131.0,112
UC Browser,17.3,110
Mobile App,(not set),107
Firefox,135.0,103
Safari,18.3,87
Chrome,109.0,68
Chrome,128.0,66
Safari,18.1,59
Firefox,134.0,58
Mobile App,114.0,57
Chrome,127.0,53
Mobile App,99.0,52
Chrome,121.0,51
Smart Lenovo Browser,9.0,45
Microsoft Edge,128.0,44
Chrome,130.0,44
Safari,18.2,43
Chrome,86.0,43
Safari,17.6,42
Chrome,129.0,41
Quark,(not set),40
Sogou Explorer,2,37
Microsoft Edge,127.0,36
Mobile App,116.0,35
Quark,7.7,33
Microsoft Edge,129.0,32
Microsoft Edge,130.0,29
QQ Browser,13.5,28
Huawei Browser Mobile,15.0,27
Chrome,114.0,26
Chrome,126.0,25
Chrome,120.0,24
Chrome,119.0,23
Microsoft Edge,122.0,23
Mobile App,130.0,22
MIUI Browser,19.0,22
Firefox,115.0,21
Huawei Browser,12.1,21
Chrome,124.0,21
Microsoft Edge,126.0,20
Mobile App,118.0,19
Mobile App,126.0,19
Firefox,128.0,19
Chrome,123.0,17
Mobile App,129.0,17
Mobile App,132.0,17
Chrome,135.0,17
Chrome,112.0,16
Chrome,125.0,16
Mobile App,97.0,16
Chrome,108.0,14
Mobile App,117.0,14
Chrome,101.0,13
Microsoft Edge,117.0,13
Safari,16.6,13
Safari,(not set),12
Chrome,102.0,12
Chrome,110.0,12
Firefox,133.0,12
Safari,15.4,12
vivo Browser,23.1,12
Chrome,118.0,11
Mobile App,120.0,11
Safari,15.6,11
Safari,17.5,11
Mobile App,83.0,11
Mobile App,92.0,11
QQ Browser,13.4,10
Safari,16.3,10
Safari,17.4,10
Safari,18.0,10
Microsoft Edge,109.0,9
Microsoft Edge,120.0,9
Safari,17.3,9
Chrome,95.0,9
Mobile App,103.0,8
Chrome,116.0,8
Mobile App,127.0,8
Mobile App,128.0,8
Chrome,117.0,7
Microsoft Edge,124.0,7
Safari,14.1,7
QQ Browser,6.2,7
Chrome,106.0,6
Microsoft Edge,111.0,6
Microsoft Edge,115.0,6
Microsoft Edge,123.0,6
Microsoft Edge,125.0,6
Chrome,134.0,6
Safari,16.2,6
Microsoft Edge,92.0,6
Firefox,102.0,5
Chrome,107.0,5
Chrome,111.0,5
Chrome,113.0,5
Microsoft Edge,113.0,5
Microsoft Edge,116.0,5
Firefox,118.0,5
Microsoft Edge,121.0,5
Mobile App,131.0,5
Firefox,136.0,5
Safari,15.5,5
Safari,16.4,5
Safari,16.5,5
Safari,17.0,5
UC Browser,17.2,5
Safari,17.2,5
Chrome,92.0,5
Chrome,94.0,5
Chrome,98.0,5
Microsoft Edge,101.0,4
Mobile App,101.0,4
Microsoft Edge,114.0,4
Firefox,117.0,4
Safari,13.1,4
Yandex Browser,23.7,4
Samsung Browser,27.1,4
Nokia Browser,7.1,4
Mobile App,88.0,4
Chrome,97.0,4
(not set),(not set),3
Mobile App,104.0,3
Microsoft Edge,105.0,3
Chrome,105.0,3
Meizu Browser,11.0,3
Firefox,114.0,3
Firefox,116.0,3
Microsoft Edge,118.0,3
Mobile App,119.0,3
Microsoft Edge,119.0,3
Firefox,127.0,3
Microsoft Edge,132,3
Microsoft Edge,134.0,3
Safari,15.3,3
Samsung Browser,16.0,3
Safari,16.1,3
vivo Browser,4.2,3
Quark,7.6,3
Chrome,75.0,3
Chrome,78.0,3
Chrome,93.0,3
Mobile App,96.0,3
Chrome,96.0,3
Opera,101.0,2
Chrome,104.0,2
Microsoft Edge,108.0,2
Mobile App,111.0,2
Microsoft Edge,112.0,2
Firefox,113.0,2
Chrome,115.0,2
Opera,116.0,2
Huawei Browser,12.0,2
Firefox,124.0,2
Microsoft Edge,125,2
QQ Browser,13.6,2
Firefox,132.0,2
MIUI Browser,14.7,2
Safari,15.1,2
Safari,16.0,2
Safari,17.1,2
QQ Browser,4.4,2
Microsoft Edge,46.3,2
Quark,7.4,2
Chrome,79.0,2
Mobile App,79.0,2
Chrome,80.0,2
Chrome,87.0,2
QQ Browser,9.6,2
Mobile App,91.0,2
Mobile App,95.0,2
Chrome,99.0,2
MIUI Browser,10.4,1
QQ Browser,10.7,1
Microsoft Edge,100.0,1
Chrome,100.0,1
Microsoft Edge,102.0,1
Chrome,103.0,1
Microsoft Edge,104.0,1
Firefox,106.0,1
Microsoft Edge,106.0,1
Firefox,107.0,1
Microsoft Edge,107.0,1
Mobile App,108.0,1
Huawei Browser,11.0,1
QQ Browser,11.2,1
QQ Browser,11.3,1
Microsoft Edge,110.0,1
QQ Browser,12.0,1
QQ Browser,12.7,1
Mobile App,122.0,1
Firefox,123.0,1
Mobile App,124.0,1
Firefox,125.0,1
Firefox,126.0,1
Firefox,130.0,1
Firefox,131.0,1
Huawei Browser Mobile,14.0,1
Safari,14.0,1
MIUI Browser,14.10,1
MIUI Browser,14.27,1
Safari,15.0,1
QQ Browser,15.9,1
MIUI Browser,16.0,1
UC Browser,17.1,1
Safari,17.10,1
MIUI Browser,17.6,1
Safari,17.7,1
MIUI Browser,17.9,1
MIUI Browser,18.2,1
MIUI Browser,18.5,1
MIUI Browser,18.7,1
MIUI Browser,18.9,1
vivo Browser,23.0,1
vivo Browser,23.2,1
Yandex Browser,24.12,1
Samsung Browser,25.1,1
Huawei Browser Mobile,5.0,1
Quark,6.10,1
QtWebEngine,6.8,1
Mobile App,61.0,1
Chrome,62.0,1
Mobile App,62.0,1
Chrome,66.0,1
Chrome,69.0,1
Quark,7.0,1
Quark,7.3,1
Quark,7.5,1
Chrome,72.0,1
Chrome,73.0,1
Chrome,76.0,1
Mobile App,77.0,1
Firefox,79.0,1
Safari,8.0,1
Mobile App,80.0,1
Chrome,83.0,1
Iron,83.0,1
Microsoft Edge,84.0,1
Firefox,85.0,1
Chrome,88.0,1
Firefox,88.0,1
Chrome,89.0,1
Microsoft Edge,90.0,1
Mobile App,94.0,1
Opera,98.0,1
Microsoft Edge,98.0,1
