name,visitors,bounce_rate,visit_duration
Direct / None,170902,44,185
Google,95317,35,175
Bing,25855,36,185
chatgpt.com,14742,34,234
Yandex,5243,37,169
Baidu,3499,44,187
GitHub,2496,49,162
Brave,2278,35,175
doubao.com,2235,51,176
Yahoo!,2225,28,206
Youtube,1920,42,167
docs.python.org,1740,48,131
DuckDuckGo,962,40,134
link.csdn.net,670,44,190
360.cn,620,48,202
claude.ai,522,39,165
Coccoc,469,30,206
Perplexity,416,43,155
copilot.microsoft.com,363,35,219
copilot.com,361,32,252
code.visualstudio.com,357,43,123
qiita.com,238,34,188
qianwen.com,233,39,207
quark.cn,228,44,155
link.zhihu.com,208,48,158
w3schools.com,208,39,154
Naver,183,30,160
pytorch.org,139,56,159
pip.pypa.io,133,35,250
ai.google.dev,116,53,160
yuanbao.tencent.com,115,38,195
intl.ozabc.com,113,47,50
liaoxuefeng.com,110,54,106
python.jp,110,35,163
netacad.com,109,53,170
sukkiri.jp,109,32,175
chat.baidu.com,108,46,340
Sogou,102,43,199
roadmap.sh,101,68,114
pythoninsider.blogspot.com,90,46,86
pypi.org,89,49,174
Ecosia,86,28,101
packaging.python.org,86,26,254
blog.csdn.net,83,49,178
geeksforgeeks.org,82,37,158
weel.co.jp,76,49,142
runoob.com,73,59,79
Wikipedia,71,25,143
freedidi.com,67,42,166
soroban.highreso.jp,65,40,168
blog.pyq.jp,61,15,255
Facebook,58,76,55
wiki.python.org,57,47,148
Microsoft Teams,55,42,142
itdo.com,55,39,149
enlacesnintricks.blogspot.com,52,49,51
learn.microsoft.com,52,43,157
jianshu.com,51,61,130
peps.python.org,51,49,122
cloud.tencent.com,46,34,328
realpython.com,42,44,91
Telegram,41,52,132
blog.naver.com,40,22,141
openclassrooms.com,40,20,216
esphome.io,39,27,304
pygame.org,36,28,366
cnblogs.com,35,46,123
udemy.com,34,60,175
droidwin.com,32,41,85
online-python.com,31,55,111
dzen.ru,29,45,187
ithelp.ithome.com.tw,29,21,231
namu.wiki,29,31,193
xdaforums.com,29,41,182
courses.edx.org,28,54,72
discuss.python.org,28,54,101
docs.espressif.com,28,39,84
52pojie.cn,27,48,285
devguide.python.org,27,62,305
gradio.app,27,57,76
blackbox.ai,25,36,137
lmarena.ai,24,20,249
chat.z.ai,23,38,283
python.p2hp.com,23,46,235
w3school.com.cn,23,65,205
yutu.cn,23,57,230
Qwant,22,22,105
docs.platformio.org,22,18,132
gamebanana.com,22,27,117
notebooks.githubusercontent.com,22,23,306
poe.com,22,39,186
automatetheboringstuff.com,21,59,146
instaloader.github.io,21,52,82
medium.com,21,43,102
spotdl.github.io,21,5,379
chat.mistral.ai,20,30,134
codecademy.com,20,40,160
developer.flipper.net,20,45,132
dotiromoook.tistory.com,20,20,153
lms.ev.org.br,20,52,24
gammasoft.jp,19,47,83
idle.org.cn,19,26,152
pythonguis.com,19,37,102
pythonworld.ru,19,26,265
rapidseedbox.com,19,32,82
m.blog.naver.com,18,39,328
Vkontakte,17,41,97
canlidovizfiyatlari.com,17,22,506
codelv.com,17,41,256
geek-blogs.com,17,35,391
s3.eu-west-1.amazonaws.com,17,12,151
space.coze.cn,17,41,558
sysnettechsolutions.com,17,53,133
ursinaengine.org,17,35,68
coderivers.org,16,38,330
datacamp.com,16,38,133
edube.org,16,62,261
gall.dcinside.com,16,50,111
pythonjobshq.com,16,69,50
randomnerdtutorials.com,16,50,444
rivery.io,16,56,34
romptn.com,16,69,44
wikidocs.net,16,44,130
4pda.to,15,44,163
Mail.ru,15,93,10
aisearch.sogou.com,15,53,125
blog.python.org,15,27,350
nexusmods.com,15,67,12
py4e.com,15,60,38
pyzo.org,15,60,187
scikit-learn.org,15,60,128
skilladd.org,15,53,507
skillbox.ru,15,27,275
tup.sied.utn.edu.ar,15,88,54
127.0.0.1,14,79,19
Instagram,14,57,26
javadrive.jp,14,25,228
saiseich.com,14,14,429
sejuku.net,14,21,408
source.android.com,14,57,56
steamcommunity.com,14,50,50
topdev.vn,14,21,83
badcaps.net,13,31,28
brian0111.com,13,23,345
cs50.readthedocs.io,13,31,196
digitalocean.com,13,69,16
scholar.edu.cn,13,85,132
docs.lime-crm.com,12,58,11
docs.reportlab.com,12,17,163
jb51.net,12,33,167
letsdefend.io,12,50,275
metanit.com,12,50,117
pythoncentral.io,12,50,275
stablediffusiontutorials.com,12,38,292
boot.dev,11,100,0
catherine-record.tistory.com,11,64,25
cgohlke.com,11,73,126
ntp.msn.cn,11,42,138
tutorialspoint.com,11,64,182
ai-kenkyujo.com,10,20,347
cafe.naver.com,10,60,21
dataquest.io,10,58,74
decrypt.dev-core.xyz,10,36,472
docs.qq.com,10,30,104
gitee.com,10,80,90
go.aftvnews.com,10,73,64
internet-start.net,10,10,129
legacy.python.org,10,60,85
n.cn,10,45,275
newsuk1.com,10,60,283
pcschool.com.tw,10,50,24
tapnav.com,10,60,25
wenxiaobai.com,10,50,152
Reddit,9,67,7
alan-cha.github.io,9,55,29
b.optima-osvita.org,9,56,121
community.octoprint.org,9,44,160
csc.edu.vn,9,22,182
developer.baidu.com,9,22,283
drive2.ru,9,78,4
kagi.com,9,70,13
ootrandomizer.com,9,0,100
replit.com,9,60,120
spotdl.readthedocs.io,9,22,225
test.python.org,9,33,27
tutorial.djangogirls.org,9,11,321
typing.python.org,9,56,11
cursos.alura.com.br,8,88,1
docs.pingcode.com,8,38,543
docs.telethon.dev,8,12,193
docs.zephyrproject.org,8,38,408
donate.python.org,8,56,213
idealab.alibaba-inc.com,8,38,32
pythononlinecompiler.ru,8,50,389
quantrimang.com,8,25,36
runtime-app.powerplatform.com,8,25,280
telegra.ph,8,75,97
tryhackme.com,8,56,198
unknowncheats.me,8,38,469
viblo.asia,8,12,36
worthytutors.com,8,25,427
xiaomi.eu,8,50,13
yuque.com,8,62,228
Daum,7,71,174
Securitylab.ru,7,14,386
aicht-fh-cp.gl01.fujifilm-intra.com,7,14,183
amuletmc.com,7,43,195
archipelago.gg,7,57,44
cheatermad.com,7,57,8
docs.rendercv.com,7,57,379
genkit.dev,7,57,179
harmash.com,7,56,94
itproger.com,7,43,30
iwiki.woa.com,7,29,61
kkaneko.jp,7,14,84
link.juejin.cn,7,43,99
moodle.iugaza.edu.ps,7,14,60
nowcoder.com,7,43,741
python.digibeatrix.com,7,29,505
python.org.,7,56,75
thundersoft.feishu.cn,7,86,7
university.zerocoder.ru,7,57,166
zalo,7,71,16
ai-dounyu.com,6,50,13
ai.feishu.cn,6,67,2
aiquan.dedao.cn,6,67,242
auto-editor.com,6,50,155
bytedance.larkoffice.com,6,17,45
canva.com,6,43,283
chat.chatbot.app,6,17,46
chokkan.github.io,6,100,0
codinglap.com,6,0,92
confluence.rakuten-it.com,6,43,78
digipla.qh.toyota.co.jp,6,33,55
docs.streamlit.io,6,17,770
e.hihonor.com,6,17,364
ferdowsi.cloud,6,50,227
habr.com,6,67,8
help.aliyun.com,6,50,46
hovatek.com,6,50,26
in.accenture.com,6,33,324
link.gitcode.com,6,67,38
lms.app.oita-u.ac.jp,6,29,170
lms.skillfactory.ru,6,67,13
mi.feishu.cn,6,50,174
miralab.co.jp,6,17,256
mooc.fi,6,17,52
my.sky.pro,6,50,25
opennaja.github.io,6,50,19
oregoom.com,6,17,32
progpython.ru,6,50,29
programiz.com,6,14,354
python.github.net.cn,6,67,38
python.org.br,6,33,304
pythongeeks.org,6,17,93
theforage.com,6,83,3
trae.cn,6,17,166
upgrad.com,6,67,72
usborne.com,6,57,633
usc-word-edit.officeapps.live.com,6,29,548
wiki.ultranx.ru,6,17,323
Rakuten,5,40,698
agent.minimax.io,5,40,74
app.aluracursos.com,5,100,0
app.outlier.ai,5,40,50
chat.chaton.ai,5,40,3
codegenes.net,5,20,29
computerwoche.de,5,80,29
cwbuclh0u11.feishu.cn,5,0,241
danmilife.tistory.com,5,0,222
dk.com,5,60,43
docstring.fr,5,20,193
freecad.org,5,100,0
freecodecamp.org,5,40,20
learn.kodland.org,5,80,5
learn.online-python.com,5,20,471
lms.og1.ru,5,60,4
maktabkhooneh.org,5,20,201
mobiletips.in,5,57,50
nltk.org,5,20,154
pl.python.org,5,40,86
portal.itgen.io,5,67,14
python,5,40,31
remote3.co,5,60,9
rentry.org,5,60,9
scapy.readthedocs.io,5,60,51
search-drru.dt.dbankcloud.com,5,20,365
search.offidocs.com,5,0,78
share.note.youdao.com,5,80,10
sky.pro,5,40,214
stable-diffusion-art.com,5,40,251
syntx.ai,5,60,67
taziku.co.jp,5,67,29
technopat.net,5,40,16
Gmail,4,75,16
Twitter,4,0,50
aptechvietnam.com.vn,4,0,497
belajarpython.com,4,80,277
bestqi-cxkj.feishu.cn,4,50,10
bigdown.tistory.com,4,0,625
