name,visitors,pageviews,bounce_rate,time_on_page,scroll_depth
/zh-cn/3/tutorial/index.html,684,886,54,29,62
/zh-cn/3/,567,718,48,16,79
/zh-cn/3.14/,475,510,32,20,83
/zh-cn/3/library/index.html,414,490,59,34,53
/zh-cn/3.14/tutorial/index.html,400,489,44,37,63
/zh-cn/3.15/using/windows.html,390,345,61,38,24
/zh-cn/3/tutorial/interpreter.html,294,286,64,89,77
/zh-cn/3.14/library/index.html,257,326,26,40,50
/zh-cn/3/tutorial/introduction.html,229,228,69,157,63
/zh-cn/3/library/idle.html,224,244,70,21,30
/zh-cn/3/tutorial/controlflow.html,219,225,76,214,53
/zh-cn/3/reference/index.html,200,237,41,25,69
/zh-cn/3/using/index.html,195,201,64,21,75
/zh-cn/3/library/functions.html,188,218,74,118,38
/zh-cn/3.14/tutorial/interpreter.html,183,204,56,201,87
/zh-cn/3/tutorial/appetite.html,183,165,49,57,91
/zh-cn/3.14/tutorial/controlflow.html,181,184,72,237,52
/zh-cn/3.14/tutorial/introduction.html,179,167,74,245,59
/zh-cn/3/tutorial/datastructures.html,167,178,69,191,56
/zh-cn/3.13/tutorial/index.html,164,227,56,32,52
/zh-cn/3/library/turtle.html,159,215,76,98,31
/zh-cn/3/library/stdtypes.html,148,160,70,125,42
/zh-cn/3/using/mac.html,143,153,70,61,51
/zh-cn/3/glossary.html,142,140,58,64,38
/zh-cn/3.14/index.html,141,175,46,16,82
/zh-cn/3.14/tutorial/appetite.html,137,142,43,105,91
/zh-cn/3/tutorial/classes.html,137,130,83,184,54
/zh-cn/3/index.html,136,144,49,10,79
/zh-cn/3/contents.html,128,137,38,24,18
/zh-cn/3/search.html,127,187,42,170,100
/zh-cn/3.14/search.html,126,170,53,142,100
/zh-cn/3/tutorial/,123,149,45,53,59
/zh-cn/3/using/windows.html,119,102,80,437,18
/zh-cn/3/howto/regex.html,117,151,83,49,37
/zh-cn/3/library/venv.html,116,118,99,39,38
/zh-cn/3.14/reference/index.html,111,120,46,28,79
/zh-cn/3.14/library/functions.html,108,108,71,129,44
/zh-cn/3.14/library/stdtypes.html,106,107,59,134,46
/zh-cn/3/library/,103,127,71,18,45
/zh-cn/3/using/cmdline.html,101,90,50,35,32
/zh-cn/3/using/,98,110,53,9,82
/zh-cn/3.14/contents.html,93,90,73,70,20
/zh-cn/3.14/whatsnew/3.14.html,91,79,64,128,22
/zh-cn/3/library/tkinter.html,90,91,76,65,37
/zh-cn/3/tutorial/inputoutput.html,87,85,65,167,55
/zh-cn/3.14/tutorial/datastructures.html,85,77,58,134,64
/zh-cn/3.14/using/windows.html,84,70,62,85,35
/zh-cn/3/download.html,82,77,48,29,98
/zh-cn/3/tutorial/modules.html,80,77,52,200,57
/zh-cn/3.13/,79,86,53,21,74
/zh-cn/3.14/download.html,72,61,50,30,95
/zh-cn/3.14/using/index.html,71,73,65,17,82
/zh-cn/3/library/re.html,71,70,91,84,32
/zh-cn/3/py-modindex.html,70,68,75,15,42
/zh-cn/3.14/glossary.html,67,65,21,155,40
/zh-cn/3.13/library/index.html,66,87,44,48,42
/zh-cn/3.14/py-modindex.html,66,64,40,20,48
/zh-cn/3.14/tutorial/classes.html,66,60,62,356,48
/zh-cn/3.12/,65,72,52,30,84
/zh-cn/3.14/tutorial/modules.html,64,51,71,143,53
/zh-cn/3/library/asyncio.html,63,71,77,77,74
/zh-cn/3.15/,62,64,55,10,79
/zh-cn/3.13/tutorial/interpreter.html,61,67,58,60,84
/zh-cn/3/howto/index.html,61,56,69,20,89
/zh-cn/3.14/genindex.html,60,52,80,13,94
/zh-cn/3/library/math.html,59,56,91,52,29
/zh-cn/3.12/library/index.html,58,68,58,29,48
/zh-cn/3/tutorial/stdlib2.html,58,54,68,104,60
/zh-cn/3.12/tutorial/index.html,56,61,50,37,67
/zh-cn/3/library/random.html,56,52,95,43,36
/zh-cn/3/tutorial/errors.html,56,49,67,164,52
/zh-cn/3/tutorial/stdlib.html,56,47,56,837,73
/zh-cn/3.14/tutorial/,55,120,37,139,68
/zh-cn/3/library/tk.html,55,61,64,20,59
/zh-cn/3/reference/datamodel.html,54,52,54,100,50
/zh-cn/3.14/installing/index.html,53,49,56,30,77
/zh-cn/3/reference/lexical_analysis.html,53,52,67,55,46
/zh-cn/3.13/tutorial/appetite.html,52,48,33,30,94
/zh-cn/3.13/tutorial/introduction.html,52,46,78,82,57
/zh-cn/3.14/reference/lexical_analysis.html,52,47,64,108,61
/zh-cn/3/library/os.html,52,57,69,115,31
/zh-cn/3/whatsnew/3.14.html,52,49,73,97,32
/zh-cn/3.13/search.html,51,66,57,17,100
/zh-cn/3/installing/index.html,49,42,69,47,63
/zh-cn/3.14/howto/index.html,48,40,25,34,90
/zh-cn/3.14/reference/datamodel.html,48,41,62,111,35
/zh-cn/3/library/multiprocessing.html,46,44,78,214,31
/zh-cn/3/tutorial/venv.html,46,42,80,80,73
/zh-cn/3.14/tutorial/errors.html,44,43,64,180,57
/zh-cn/3/reference/compound_stmts.html,44,62,64,123,54
/zh-cn/3.14/tutorial/inputoutput.html,43,47,68,231,57
/zh-cn/3/library/asyncio-task.html,43,48,73,129,38
/zh-cn/3/reference/introduction.html,43,37,50,72,74
/zh-cn/3.13/tutorial/controlflow.html,42,44,70,32,45
/zh-cn/3/library/datetime.html,42,38,92,74,29
/zh-cn/3/reference/expressions.html,42,39,85,72,68
/zh-cn/3/tutorial/appendix.html,41,33,38,18,65
/zh-cn/3.14/tutorial/stdlib.html,39,36,29,125,73
/zh-cn/3/whatsnew/index.html,39,38,64,38,21
/zh-cn/3.13/using/android.html,38,36,88,21,90
