name,visitors,bounce_rate,visit_duration
Direct / None,6221,67,240
cn.bing.com,1019,71,101
baidu.com/link,736,75,118
google.com,629,78,142
python.org,171,0,408
google.com.hk,169,76,124
bing.com,133,80,120
doubao.com,99,45,239
baidu.com,84,64,167
codecademy.cn,68,49,148
m.baidu.com,65,89,35
link.zhihu.com,28,50,40
chatgpt.com,17,27,565
link.csdn.net,17,87,279
translations.python.org,13,8,651
so.com/link,11,100,39
chat.baidu.com,10,62,66
wapbaike.baidu.com,10,100,0
cn.bing.com/search,8,75,20
72.itmc.org.cn,7,57,7
runoob.com,7,71,4
codecademy.cn/tutorial/python,6,67,68
m.baidu.com/s,6,100,0
wiki.python.org,5,0,2165
c.biancheng.net,4,100,0
cnblogs.com,4,60,42
gemini.google.com,4,67,712
python.github.net.cn,4,0,33
codemao-guide.yuque.com,3,100,0
codemao-guide.yuque.com/bfiekm/dwncff/fk23qp,3,100,0
hellowac.github.io,3,100,0
manual.calibre-ebook.com,3,0,564
udemy.com,3,0,1023
www4.bing.com,3,100,0
yuanbao.tencent.com,3,0,1024
yuque.com,3,100,0
acwing.com,2,0,14
confluence.armchina.com,2,100,0
copilot.microsoft.com,2,0,1383
course-wps.zju.edu.cn,2,100,0
doubao.com/chat/33685112025189378,2,50,24
doubao.com/chat/34111843052065282,2,50,6
enjoy.chatopens.vip,2,0,128
fastapi.tiangolo.com,2,0,79
github.com,2,100,0
liaoxuefeng.com,2,0,56
m.baidu.com/from=1001192y/bd_page_type=1/ssid=0/uid=0/pu=usm%400%2Csz%401320_1001%2Cta%40iphone_2_12.0_28_14.0/baiduid=C2B591F6D0FF53ABBF4A29D654AF89A2/w=0_10_/t=iphone/l=1/tc,2,100,0
m.baidu.com/from=1001192y/bd_page_type=1/ssid=0/uid=0/pu=usm%400%2Csz%401320_1001%2Cta%40iphone_2_12.0_28_16.0/baiduid=29D4EC84C49DC78294556D1D2B4655C6/w=0_10_/t=iphone/l=1/tc,2,50,222
m.baidu.com/from=1001192y/bd_page_type=1/ssid=0/uid=0/pu=usm%400%2Csz%401320_1001%2Cta%40iphone_2_12.0_28_16.0/baiduid=AE0F402675493D9D1F38CC3131871900/w=0_10_/t=iphone/l=1/tc,2,100,0
m.baidu.com/from=1001192y/bd_page_type=1/ssid=0/uid=0/pu=usm%400%2Csz%401320_1001%2Cta%40iphone_2_12.0_28_16.0/baiduid=C88DFAC8877FEBCB3C94CCEDFCBC54D9/w=0_10_/t=iphone/l=1/tc,2,100,0
m.baidu.com/from=1001192y/bd_page_type=1/ssid=0/uid=0/pu=usm%400%2Csz%401320_1001%2Cta%40iphone_2_12.0_28_16.0/baiduid=E3EC03ACF85A5577A55FD9D1018F7C6A/w=0_10_/t=iphone/l=1/tc,2,100,0
m.baidu.com/from=1001192y/bd_page_type=1/ssid=0/uid=0/pu=usm%401%2Csz%401320_1001%2Cta%40iphone_2_9.0_28_16.0/baiduid=9F4F96F2D16208765D860C0514192BA9/w=0_10_/t=iphone/l=1/tc,2,100,0
m.baidu.com/from=1001192y/bd_page_type=1/ssid=0/uid=0/pu=usm%402%2Csz%401320_1001%2Cta%40iphone_2_10.0_28_12.1/baiduid=5EBB599AE564CCD0AADB878E878B44F4/w=0_10_/t=iphone/l=1/tc,2,100,0
m.baidu.com/from=1001192y/bd_page_type=1/ssid=0/uid=0/pu=usm%402%2Csz%401320_1001%2Cta%40iphone_2_12.0_28_16.0/baiduid=02E71097A7A1B0A8EEE2FE788CD7CE36/w=0_10_/t=iphone/l=1/tc,2,100,0
m.baidu.com/from=1001192y/bd_page_type=1/ssid=0/uid=0/pu=usm%402%2Csz%401320_1001%2Cta%40iphone_2_12.0_28_16.0/baiduid=B7D0C3263D9A1AC0A4D3B9C3BD0525E4/w=0_10_/t=iphone/l=1/tc,2,100,0
m.baidu.com/from=1001192y/bd_page_type=1/ssid=490e5175616e74756d5f6c696eg335901000000/uid=0/pu=usm%401%2Csz%401320_1001%2Cta%40iphone_2_12.0_28_16.0/baiduid=AA93ED9ED7BDF5A5FBFE0AB0DF47DDB6/w=0_10_/t=iphone/l=1/tc,2,50,10
m.baidu.com/from=1019311v/bd_page_type=1/ssid=0/uid=0/pu=usm%401%2Csz%401320_1001%2Cta%40iphone_2_16.0_19_26.2/baiduid=AACFF4889FCE4682BCBE71858C845E3C/w=0_10_/t=iphone/l=1/tc,2,0,8
m.baidu.com/from=1019311v/bd_page_type=1/ssid=0/uid=0/pu=usm%402%2Csz%401320_1001%2Cta%40iphone_2_15.0_19_27.4/baiduid=DF0E9C78C3962DA0373849EC6C82AC2C/w=0_10_/t=iphone/l=1/tc,2,100,0
m.baidu.com/from=1024043p/bd_page_type=1/ssid=0/uid=0/pu=usm%401%2Csz%401320_220%2Cta%40iphone_5_6.0_28_5.1/baiduid=EC9BA41E79AD337C0B18E85F5D17B8DE/w=0_10_/t=iphone/l=1/tc,2,100,0
m.baidu.com/from=2001p/bd_page_type=1/ssid=0/uid=0/pu=usm%400%2Csz%401320_1004%2Cta%40iphone_2_16.0_35_7.11/baiduid=328A9333827D8D4BF55F293EF1D38C8D/w=0_10_/t=iphone/l=1/tc,2,50,78
m.so.com/s,2,100,428
momodel.cn,2,100,0
ntp.msn.cn,2,100,0
pypi.org,2,0,76
python.org/doc,2,0,802
qianwen.com/chat/07394b33c3ee40d3ab630874ceef8a7a,2,100,0
qianwen.com/chat/325d3defb32b49c291cccad49836ee8b,2,50,69
qianwen.com/chat/84d94a5ecf9c4ed297698ab6316c628c,2,0,140
so.m.sm.cn,2,100,0
tw.search.yahoo.com,2,100,0
xuexi.mochengbuluo.com,2,0,329
yuque.com/zuoan-wr2v4/krb7rf/nps5g0zp8zdu6whl,2,100,0
10.176.56.13,1,100,0
10.200.255.192,1,0,57
10.54.240.20//login,1,0,664
172.17.106.232,1,100,0
192.168.0.115,1,100,0
365.kdocs.cn,1,0,34
52zwbc.com,1,100,0
8kmm.com,1,100,0
ai.chatopens.vip,1,100,0
ai.feishu.cn,1,100,0
app.chathub.gg,1,100,0
ask.csdn.net/questions/1065333,1,0,0
baike.baidu.com/reference/407313/533aYdO6cr3_z3kATPzezK3yYX7CYIiv7LHQUORzzqIPmGapB4rqWZt88M4r9vhpWgTZt9d4aJsWmKf5FQ8AqqhSKLxpXex8ySO3TWuGlOI,1,0,127
bilibili.com/video/BV1np4y1S7nL,1,100,0
blog.csdn.net/2511_92947047/article/details/150225060,1,0,71
blog.csdn.net/qq_48379015/article/details/153405132,1,100,0
blog.csdn.net/qq_48979387/article/details/125768994,1,0,9
bohrium.com/notebooks/9319734448,1,0,41
boot.dev,1,0,14
chat.z.ai,1,100,0
coding-grace-guide.readthedocs.io/en/latest/guide/lessonplans/beginners-python-text-based-adventure.html,1,0,7
cogather.coreai.rnd.huawei.com,1,0,54
csdiy.wiki,1,0,56
deepwiki.com,1,0,24
developer.baidu.com/article/detail.html,1,0,28
developers.google.com,1,0,21
docs.cocotb.org/en/stable/writing_testbenches.html,1,0,13
docs.ultralytics.com,1,0,0
doubao.com/chat/34143479698100738,1,0,5
dramgpt.cxmt.com,1,0,437
edu.seentao.com/runner_web/courseware/learning,1,100,0
educoder.net/tasks/NMQPGVZN/3021198/flozasxupt23,1,100,0
emt.18.cn,1,100,0
engine-aiearth.aliyun.com/docs/page/guide,1,100,0
freecodecamp.org/news/python-projects-for-beginners,1,0,0
github.com/Acclerate/learn-python3,1,100,0
github.com/Delgan/loguru/issues/1404,1,0,19
github.com/TianzhenLi/Intelligent-Intersection,1,100,0
github.com/python/cpython/issues/143159,1,0,4057
github.com/python/pymanager,1,0,0
github.com/python/python-docs-zh-cn/issues/400,1,100,0
github.com/ssj10ssj/All_Dictionaries,1,100,0
github.com/timofurrer/awesome-asyncio,1,0,387
google.co.jp,1,0,48
hello-ctf.com,1,100,0
hk.search.yahoo.com,1,0,11
interlib.yuque.com,1,100,0
itnan.cc,1,100,0
jianshu.com,1,100,0
kdocs.cn,1,100,0
km.netease.com,1,0,95
knowledgegraphsmart.zhihuishu.com,1,100,0
learning-pytest.readthedocs.io/zh/latest/doc/test-function/assert.html,1,0,11
link.gitcode.com,1,0,18
lintcode.com,1,100,0
lixiaolai.com,1,0,3150
lnkd.in,1,0,29
m.baidu.com/from=0/bd_page_type=1/ssid=0/uid=0/pu=usm%402%2Csz%401320_1001%2Cta%40iphone_2_16.0_22_6.0/baiduid=99E53D807105DC0CDFB0E2AD1FCFC91F/w=0_10_/t=iphone/l=1/tc,1,100,0
m.baidu.com/from=1000539d/bd_page_type=1/ssid=0/uid=0/pu=usm%400%2Csz%401320_2001%2Cta%40iphone_1_17.6_25_17.6/baiduid=1620F22542C56B2D527120F366A77A31/w=0_10_/t=iphone/l=1/tc,1,100,0
m.baidu.com/from=1000539d/bd_page_type=1/ssid=0/uid=0/pu=usm%401%2Csz%401320_220%2Cta%40iphone___3_605/baiduid=96C5F4D0950FD80B674F24CB25E78E91/w=0_10_/t=iphone/l=1/tc,1,100,0
m.baidu.com/from=1001192y/bd_page_type=1/ssid=0/uid=0/pu=usm%400%2Csz%401320_1001%2Cta%40iphone_2_10.0_28_15.0/baiduid=BCAFB803E959B61022F4A282E0F25F36/w=0_10_/t=iphone/l=1/tc,1,0,1
m.baidu.com/from=1001192y/bd_page_type=1/ssid=0/uid=0/pu=usm%400%2Csz%401320_1001%2Cta%40iphone_2_12.0_28_16.0/baiduid=7BA2FE3EE114983D96B8A98C1B670FA3/w=0_10_/t=iphone/l=1/tc,1,0,0
m.baidu.com/from=1001192y/bd_page_type=1/ssid=0/uid=0/pu=usm%400%2Csz%401320_1001%2Cta%40iphone_2_12.0_28_16.0/baiduid=8EEF1C4B0DD82EEA0AADB50368104181/w=0_10_/t=iphone/l=1/tc,1,0,0
m.baidu.com/from=1001192y/bd_page_type=1/ssid=0/uid=0/pu=usm%400%2Csz%401320_1001%2Cta%40iphone_2_12.0_28_16.0/baiduid=F8941F743250437BF68B0E7A2674D4FB/w=0_10_/t=iphone/l=1/tc,1,0,0
m.baidu.com/from=1001192y/bd_page_type=1/ssid=0/uid=0/pu=usm%400%2Csz%401320_220%2Cta%40iphone___24_114.0/baiduid=1C8ED16239405DD1786592DBD90EB598/w=0_10_/t=iphone/l=1/tc,1,0,1
m.baidu.com/from=1001192y/bd_page_type=1/ssid=0/uid=0/pu=usm%400%2Csz%401320_220%2Cta%40iphone___24_114.0/baiduid=D3289E8D22DF86EB592C1E7F2B9DCB9E/w=0_10_/t=iphone/l=1/tc,1,0,3
m.baidu.com/from=1001192y/bd_page_type=1/ssid=0/uid=0/pu=usm%401%2Csz%401320_1001%2Cta%40iphone_2_10.0_28_16.0/baiduid=47112A85C38C7F5594B336F7916230E1/w=0_10_/t=iphone/l=1/tc,1,100,0
m.baidu.com/from=1001192y/bd_page_type=1/ssid=0/uid=0/pu=usm%401%2Csz%401320_1001%2Cta%40iphone_2_12.0_28_16.0/baiduid=55D60EE9A57CC2D10D1F08B91B2329ED/w=0_10_/t=iphone/l=1/tc,1,0,1
m.baidu.com/from=1001703a/bd_page_type=1/ssid=0/uid=0/pu=sz%401320_1001%2Cta%40iphone_2_10.0_18_40.10%2Cusm%400/baiduid=81C44DDBDE280836CCC87093BC23B1E2/w=0_10_/t=iphone/l=1/tc,1,100,0
m.baidu.com/from=1001703a/bd_page_type=1/ssid=0/uid=0/pu=usm%400%2Csz%401320_1001%2Cta%40iphone_2_15.0_18_40.10/baiduid=2C07AC6F6FD159B820E07B5483B28027/w=0_10_/t=iphone/l=1/tc,1,100,0
m.baidu.com/from=1012852q/bd_page_type=1/ssid=0/uid=0/pu=usm%400%2Csz%401320_1004%2Cta%40iphone_2_9.0_11_11.4/baiduid=1F70D40A22BC9F211DAFD7B5047A03CB/w=0_10_/t=iphone/l=1/tc,1,100,0
m.baidu.com/from=1012852q/bd_page_type=1/ssid=0/uid=0/pu=usm%401%2Csz%401320_1004%2Cta%40iphone_2_14.0_11_19.3/baiduid=B4C2630C9D08495BAEFF4F522C74743B/w=0_10_/t=iphone/l=1/tc,1,100,0
m.baidu.com/from=1012852q/bd_page_type=1/ssid=0/uid=0/pu=usm%401%2Csz%401320_220%2Cta%40iphone___11_17.8/baiduid=982668ED2D1A9F4E743B3E95E35EBA80/w=10_10_/t=iphone/l=1/tc,1,100,0
m.baidu.com/from=1012852q/bd_page_type=1/ssid=0/uid=0/pu=usm%402%2Csz%401320_1004%2Cta%40iphone_2_11.0_11_17.0/baiduid=F1E2B3220843D1B89D86F61ED2827744/w=0_10_/t=iphone/l=1/tc,1,100,0
m.baidu.com/from=1012852q/bd_page_type=1/ssid=0/uid=0/pu=usm%402%2Csz%401320_1004%2Cta%40iphone_2_16.0_11_20.8/baiduid=4412C8F531C5A4A8E67589B5F810C5C7/w=0_10_/t=iphone/l=1/tc,1,100,0
m.baidu.com/from=1012852q/bd_page_type=1/ssid=0/uid=0/pu=usm%403%2Csz%401320_1004%2Cta%40iphone_2_16.0_11_20.2/baiduid=7D4F38957CE74C824BE420DA26F941C9/w=0_10_/t=iphone/l=1/tc,1,100,0
m.baidu.com/from=1012852q/bd_page_type=1/ssid=0/uid=0/pu=usm%406%2Csz%401320_1004%2Cta%40iphone_2_14.0_11_20.8/baiduid=BF09F3B28113F0BB9AD7484723091972/w=0_10_/t=iphone/l=1/tc,1,100,0
m.baidu.com/from=1013672g/bd_page_type=1/ssid=0/uid=0/pu=usm%400%2Csz%401320_1004%2Cta%40iphone_2_14.0_11_20.8/baiduid=06C9FCEFE351B4C4B38107B8AE95ED41/w=0_10_/t=iphone/l=1/tc,1,100,0
m.baidu.com/from=1013966u/bd_page_type=1/ssid=0/uid=0/pu=usm%400%2Csz%401320_1001%2Cta%40iphone_2_13.0_19_27.5/baiduid=BF92E67F88A7B6119ABBF8577841CCEF/w=0_10_/t=iphone/l=1/tc,1,100,0
m.baidu.com/from=1013966u/bd_page_type=1/ssid=0/uid=0/pu=usm%400%2Csz%401320_1001%2Cta%40iphone_2_15.0_19_27.4/baiduid=DF8F763488FD79218C811B145FF87A4F/w=0_10_/t=iphone/l=1/tc,1,100,0
m.baidu.com/from=1013966u/bd_page_type=1/ssid=0/uid=0/pu=usm%401%2Csz%401320_1001%2Cta%40iphone_2_13.0_19_27.4/baiduid=953874505F390249474B3363BD7D9FEE/w=0_10_/t=iphone/l=1/tc,1,0,57
m.baidu.com/from=1013966u/bd_page_type=1/ssid=0/uid=0/pu=usm%401%2Csz%401320_1001%2Cta%40iphone_2_13.0_19_27.5/baiduid=BF92E67F88A7B6119ABBF8577841CCEF/w=0_10_/t=iphone/l=1/tc,1,100,0
m.baidu.com/from=1013966u/bd_page_type=1/ssid=0/uid=0/pu=usm%402%2Csz%401320_1001%2Cta%40iphone_2_13.0_19_27.5/baiduid=BF92E67F88A7B6119ABBF8577841CCEF/w=0_10_/t=iphone/l=1/tc,1,100,0
m.baidu.com/from=1013966u/bd_page_type=1/ssid=0/uid=0/pu=usm%402%2Csz%401320_1001%2Cta%40iphone_2_14.0_19_26.5/baiduid=C6E0860E1A2E1B69DCC5C054A9C83535/w=0_10_/t=iphone/l=1/tc,1,100,0
m.baidu.com/from=1013966u/bd_page_type=1/ssid=0/uid=0/pu=usm%402%2Csz%401320_1001%2Cta%40iphone_2_16.0_19_27.4/baiduid=344E897B5365746006491704D2461FC0/w=0_10_/t=iphone/l=1/tc,1,0,2
m.baidu.com/from=1015011n/bd_page_type=1/ssid=0/uid=0/pu=usm%400%2Csz%401320_1001%2Cta%40iphone_2_10.0_24_134.0/baiduid=B74C684CBA4369169CF2562217C08517/w=0_10_/t=iphone/l=1/tc,1,100,0
m.baidu.com/from=1019311v/bd_page_type=1/ssid=0/uid=0/pu=usm%400%2Csz%401320_1001%2Cta%40iphone_2_10.0_19_27.3/baiduid=5993F49E9D94C680CD7D54C8F976A1CF/w=0_10_/t=iphone/l=1/tc,1,100,0
m.baidu.com/from=1019311v/bd_page_type=1/ssid=0/uid=0/pu=usm%400%2Csz%401320_1001%2Cta%40iphone_2_15.0_19_27.3/baiduid=4A36CD2449AB09062F4B85F95751678A/w=0_10_/t=iphone/l=1/tc,1,100,0
m.baidu.com/from=1019311v/bd_page_type=1/ssid=0/uid=0/pu=usm%400%2Csz%401320_1001%2Cta%40iphone_2_16.0_19_26.2/baiduid=9CEF4693544FBBD12D8D3719B2E3DC3A/w=10_10_/t=iphone/l=1/tc,1,100,0
m.baidu.com/from=1019311v/bd_page_type=1/ssid=0/uid=0/pu=usm%400%2Csz%401320_1001%2Cta%40iphone_2_16.0_19_27.4/baiduid=8A7A555F973143FCAED4DF917A48AB53/w=0_10_/t=iphone/l=1/tc,1,100,0
m.baidu.com/from=1019311v/bd_page_type=1/ssid=0/uid=0/pu=usm%400%2Csz%401320_1001%2Cta%40iphone_2_16.0_19_27.5/baiduid=1B52AAB49FA5605805CD116FF4BB5984/w=0_10_/t=iphone/l=1/tc,1,100,0
m.baidu.com/from=1019311v/bd_page_type=1/ssid=0/uid=0/pu=usm%400%2Csz%401320_1001%2Cta%40iphone_2_16.0_19_27.5/baiduid=E438A57F13257276C98EEC6E7D61DB6C/w=0_10_/t=iphone/l=1/tc,1,100,0
m.baidu.com/from=1019311v/bd_page_type=1/ssid=0/uid=0/pu=usm%401%2Csz%401320_1001%2Cta%40iphone_2_15.0_19_27.4/baiduid=8A1597D5B074AA8771D3B11B2526B1FC/w=0_10_/t=iphone/l=1/tc,1,100,0
m.baidu.com/from=1019311v/bd_page_type=1/ssid=0/uid=0/pu=usm%402%2Csz%401320_1001%2Cta%40iphone_2_16.0_19_26.5/baiduid=ED6C49C093A5EEDCDADA7FEA1738BA85/w=0_10_/t=iphone/l=1/tc,1,100,0
m.baidu.com/from=1019311v/bd_page_type=1/ssid=0/uid=0/pu=usm%402%2Csz%401320_1001%2Cta%40iphone_2_16.0_19_27.2/baiduid=07BA27FCD497F249A2E7700800E8FC1C/w=0_10_/t=iphone/l=1/tc,1,100,0
m.baidu.com/from=1020681k/bd_page_type=1/ssid=0/uid=0/pu=usm%400%2Csz%401320_1001%2Cta%40iphone_2_15.0_18_40.10/baiduid=36621EB9A0EE845428599137686EC970/w=0_10_/t=iphone/l=1/tc,1,0,377
m.baidu.com/from=1020681k/bd_page_type=1/ssid=0/uid=0/pu=usm%402%2Csz%401320_1001%2Cta%40iphone_2_16.0_18_40.10/baiduid=6DF47D964CA94551D8774FFA32C2C904/w=0_10_/t=iphone/l=1/tc,1,100,0
"m.baidu.com/from=1020712r/ssid=0/pu=sz@1320_480,cua@_a2OiyaOvijBNE6lI5me6NN0v8zTu-I4_C2H8yuf2iqlC,osname@baiduboxapp,cen@cuid_cua_cut,c3_aid@A00-2BMPDM5ZCXFBRNPYZEMV3BA7QV3IYXAF-KXUNQJ5K,csrc@home_box_txt,cuid@0Pvgu0il-agTa28MlavAugit2tgOOH89gav7i0i0-88U92ahpkv4a2mAA,ctv@2,cfrom@1020712r,vmgdb@0020100228y/s",1,100,0
m.baidu.com/from=1020761f/bd_page_type=1/ssid=0/uid=0/pu=usm%402%2Csz%401320_1001%2Cta%40iphone_2_12.0_19_27.4/baiduid=9BAC4618B6DF2B5F701AFFCB9B2A41BD/w=0_10_/t=iphone/l=1/tc,1,100,0
m.baidu.com/from=1020761t/bd_page_type=1/ssid=0/uid=0/pu=usm%400%2Csz%401320_1001%2Cta%40iphone_2_15.0_19_27.3/baiduid=5B5ACA8A9B0D48159AD01730C480B047/w=0_10_/t=iphone/l=1/tc,1,100,0
m.baidu.com/from=1021611r/bd_page_type=1/ssid=0/uid=0/pu=usm%402%2Csz%401320_1001%2Cta%40iphone_2_12.0_24_114.0/baiduid=86BFDB1AE41B3562A576D6984FEC1943/w=0_10_/t=iphone/l=1/tc,1,100,0
m.baidu.com/from=1022282z/bd_page_type=1/ssid=0/uid=0/pu=usm%400%2Csz%401320_1001%2Cta%40iphone_2_15.0_24_131.0/baiduid=D2F16D41A0BE62A82707BCEA9E0BD04B/w=0_10_/t=iphone/l=1/tc,1,0,32
m.baidu.com/from=1022282z/bd_page_type=1/ssid=0/uid=0/pu=usm%400%2Csz%401320_1001%2Cta%40iphone_2_15.0_24_136.0/baiduid=4677B520711D91BD89D9922190AF212B/w=0_10_/t=iphone/l=1/tc,1,100,0
m.baidu.com/from=1022282z/bd_page_type=1/ssid=0/uid=0/pu=usm%401%2Csz%401320_1001%2Cta%40iphone_2_14.0_24_137.0/baiduid=BC4B5E90AF93593C92A2314AD4041E15/w=0_10_/t=iphone/l=1/tc,1,100,0
m.baidu.com/from=1024043p/bd_page_type=1/ssid=0/uid=0/pu=usm%400%2Csz%401320_220%2Cta%40iphone_5_6.0_28_5.1/baiduid=16209D1B57B1E38CC1EC1EDF1AA6610F/w=0_10_/t=iphone/l=1/tc,1,0,122
m.baidu.com/from=1024043p/bd_page_type=1/ssid=0/uid=0/pu=usm%400%2Csz%401320_220%2Cta%40iphone_5_6.0_28_5.1/baiduid=DCA7629AEE44D007561770E05DC75980/w=0_10_/t=iphone/l=1/tc,1,100,0
m.baidu.com/from=1024043p/bd_page_type=1/ssid=0/uid=0/pu=usm%402%2Csz%401320_220%2Cta%40iphone_5_6.0_28_5.1/baiduid=80F0BEF0A737DACFF9F3012B51601E2B/w=0_10_/t=iphone/l=1/tc,1,100,0
m.baidu.com/from=1024043p/bd_page_type=1/ssid=0/uid=0/pu=usm%402%2Csz%401320_220%2Cta%40iphone_5_6.0_28_5.1/baiduid=87B4ECB787BA597FB55ED48D2AE9E106/w=0_10_/t=iphone/l=1/tc,1,100,0
m.baidu.com/from=1024043p/bd_page_type=1/ssid=0/uid=0/pu=usm%402%2Csz%401320_220%2Cta%40iphone_5_6.0_28_5.1/baiduid=E097E37AE6845948DC35094BECC0FE5D/w=0_10_/t=iphone/l=1/tc,1,100,0
m.baidu.com/from=1024729a/bd_page_type=1/ssid=0/uid=0/pu=usm%400%2Csz%401320_1004%2Cta%40iphone_2_14.0_34_12.5/baiduid=D1CFE8CAD226060DB978ED4FAD988168/w=0_10_/t=iphone/l=1/tc,1,100,0
m.baidu.com/from=1027624n/bd_page_type=1/ssid=0/uid=0/pu=sz%401320_480%2Ccuid%40_uBLi0PWHulQiS88l82tagu2SijSOviHguvo8liiva8G9W8tlaHBa3_zA%2Ccua%40_a-qiyuO2ig-NE64I5me6NN02I_Uhvh5SGNqA%2Ccut%40_uvS8gumvu4SavCy_uD0Ck4Lmq5zA%2Cosname%40baiduboxapp%2Cctv%402%2Ccfrom%40757b%2Ccen%40cuid_cua_cut%2Cosbranch%40a2%2Ccsrc%40app_mainbox_txt%2Cta%40iphone_2_14.0_11_20.8%2Cusm%400/baiduid=9703C6C7B6076A49E1474E19120BFE48/w=0_10_/t=iphone/l=1/tc,1,100,0
m.baidu.com/from=1027624n/bd_page_type=1/ssid=0/uid=0/pu=sz%401320_480%2Ccuid%40gi2NiliFHigAPB8p_PSlt0ukvf_C82iCgavqfjufHi8L9Qa1gI2uMwDaA%2Ccua%40_a-SiyuC2ij-NE6lI5me6NN02I_Uhvh5Q3NqA%2Ccut%40gav_8_9x1igaiLiDgN2b8yNHmoi5pQqAC%2Cosname%40baiduboxapp%2Cctv%402%2Ccfrom%40757b%2Ccen%40cuid_cua_cut%2Cosbranch%40a2%2Ccsrc%40app_mainbox_txt%2Cta%40iphone_2_16.0_11_20.9%2Cusm%402/baiduid=8CDDE9E13AB7085378BEB16B9207F574/w=0_10_/t=iphone/l=1/tc,1,100,0
m.baidu.com/from=1057810a/bd_page_type=1/ssid=0/uid=0/pu=usm%402%2Csz%401320_1001%2Cta%40iphone_2_16.0_24_116.0/baiduid=1A8F8A4C4CA56CED52A54852631A4980/w=0_10_/t=iphone/l=1/tc,1,0,612
m.baidu.com/from=1086k/bd_page_type=1/ssid=0/uid=0/pu=usm%401%2Csz%401320_1002%2Cta%40iphone_2_12.0_2_19.7/baiduid=1090C92D2ABBCA34963C0E26540EC809/w=0_10_/t=iphone/l=1/tc,1,0,0
m.baidu.com/from=844b/bd_page_type=1/ssid=0/uid=0/pu=usm%400%2Csz%401320_1001%2Cta%40iphone_2_10.0_24_143.0/baiduid=B0A157E3C9654DC8A68D47234B06F9EA/w=0_10_/t=iphone/l=1/tc,1,100,0
m.runoob.com,1,0,26
moodle.nottingham.ac.uk,1,0,59
n.cn/search/6cc85bc84dc54f0dacc098c6235c823a,1,0,35
nav.taipi.top,1,100,0
note.youdao.com,1,0,1204
notebooklm.google.com,1,0,214
notebooks.githubusercontent.com,1,0,28
oi.wiki,1,0,19
opencsg.com,1,100,0
pandas.pydata.org,1,0,987
perplexity.ai,1,100,0
pycoders.com,1,0,18
python.byted.org,1,100,0
python.org/downloads,1,0,7
python.org/downloads/windows,1,0,885
python.org/jobs,1,0,15
python.org/psf-landing,1,0,218
python.org/search,1,0,490
pythondownload.com,1,100,0
qianwen.com,1,0,50
qianwen.com/chat/069fa2133703498984de26a4d0fa0212,1,100,0
qianwen.com/chat/121d5319ec9a4f7e8ea194612a52d1dc,1,100,0
qianwen.com/chat/368360900cf84eb1a3ba471ca1bbf41b,1,0,0
qianwen.com/chat/789e7ba08e58474a8affaa0cc6c2d6bf,1,100,0
qianwen.com/chat/8d6c56ce9310457bba67761aa532ceb3,1,0,46
qianwen.com/chat/8db1bbad80b64014bbc063abac777c9d,1,0,90
qianwen.com/chat/98ea48a8b72248329d3f8531e1292c3b,1,100,0
qianwen.com/chat/a83ebd8546e24b92b825d1095a02aa14,1,0,30
qianwen.com/chat/b376730a74cd4376a48ff286a5dbdfc0,1,0,178
qianwen.com/chat/c2e75d3de670458abaf4b4ff698ee646,1,0,698
qianwen.com/chat/d0da7af037c241079b08751270aaa0d9,1,100,0
qianwen.com/chat/d3111ee5a1c34dbaa8a07581dee700f5,1,0,6
qianwen.com/chat/e649e3f6df954cb38fa7221555d6564b,1,0,19
qianwen.com/chat/e7724f1882dc4625981fca4e0331b03a,1,0,22
quark.cn/s/231kJ4uEkmragmIAGO,1,100,0
quark.cn/s/Bn922Qb98UKcF7kbig,1,100,0
quark.cn/s/DNt22e2FtlD5EoKcuz,1,100,0
quark.cn/s/F23mNXlLxSzkqcBnJi,1,0,772
quark.cn/s/Hb23DpDNssDyxPlrAS,1,100,0
quark.cn/s/I3ReN8mTd237zpDtzw,1,0,19
quark.cn/s/Lo22kbOGNMcMhkAzJV,1,100,0
quark.cn/s/jaMkAIE23gshlDUIB,1,100,0
salon.netease.com,1,0,0
showmeai.tech,1,100,0
sogou.com/link,1,100,0
tsinghuafiblab.yuque.com,1,100,0
u.geekbang.org/lesson/828,1,0,6
wangchujiang.com,1,0,5905
web.wetab.link,1,0,0
webedit.midea.com,1,100,0
wiki.huawei.com,1,100,0
wiki.sicarrier.com,1,0,103
yandex.ru,1,0,56
yongqiang.blog.csdn.net/article/details/150536795,1,0,675
zhihu.com,1,100,0
