name,visitors,bounce_rate,visit_duration
google.com,426,81,97
Direct / None,328,78,248
bing.com,13,69,253
python.org,9,0,832
google.com.hk,7,100,0
tw.search.yahoo.com,7,100,0
chatgpt.com,5,67,249
steam.oxxostudio.tw,5,60,119
google.com.tw,4,75,16
baidu.com/link,3,67,1
canva.com,2,100,0
duckduckgo.com,2,100,1464
baidu.com,1,100,0
dlc.chihlee.edu.tw,1,100,0
finlab.tw,1,100,0
github.com/ccc114a/_cm/issues/2,1,100,0
hk.search.yahoo.com,1,100,0
ilearn.fcu.edu.tw,1,100,0
ithelp.ithome.com.tw,1,100,0
lin-ming-chih.gitbook.io/aedt-scripting-1/python-yu-fa-ru-men,1,100,0
loguru.readthedocs.io/en/stable/api/logger.html,1,0,933
m.baidu.com/from=1013966u/bd_page_type=1/ssid=0/uid=0/pu=usm%401%2Csz%401320_1001%2Cta%40iphone_2_15.0_19_26.5/baiduid=CD02D9DF5FE6859952A0A58C7CD87EFB/w=0_10_/t=iphone/l=1/tc,1,100,0
ntp.msn.com,1,100,0
perplexity.ai,1,100,0
practicum.yandex.ru,1,0,20
realnewbie.com,1,100,0
skillbox.ru,1,0,44
upel.agh.edu.pl,1,0,207
wiki.python.org,1,0,179
