property,value,visitors,events,percentage
url,(none),3990,6382,99.7
url,https://www.python.org/,66,68,1.6
url,https://pypi.org/,13,13,0.3
url,https://tkdocs.com/,11,11,0.3
url,https://github.com/python/cpython/tree/3.13/Lib/idlelib/,10,10,0.2
url,https://github.com/python/cpython/tree/3.13/Lib/tkinter/__init__.py,10,10,0.2
url,https://wiki.python.org/moin/BeginnersGuide,7,7,0.2
url,https://www.tcl.tk/man/tcl8.6/TkCmd/contents.htm,6,6,0.1
url,https://wiki.python.org/moin/PythonEditors,5,5,0.1
url,https://www.tkdocs.com/shipman/,5,5,0.1
url,https://packaging.python.org/installing/#requirements-for-installing-packages,4,4,0.1
url,https://github.com/python/cpython/tree/3.13/Lib/random.py,2,3,0.0
url,https://peps.python.org/,2,2,0.0
url,https://wiki.python.org/moin/IntegratedDevelopmentEnvironments,2,2,0.0
url,https://www.packtpub.com/en-us/product/python-gui-programming-with-tkinter-9781788835886,2,2,0.0
url,https://csrc.nist.gov/pubs/fips/180-4/upd1/final,1,1,0.0
url,https://en.wikipedia.org/wiki/Arity,1,1,0.0
url,https://es.wikipedia.org/wiki/Probabilidad_a_priori,1,1,0.0
url,https://github.com/python/cpython/blob/main/Doc/bugs.rst?plain=1,1,1,0.0
url,https://github.com/python/cpython/blob/main/Doc/library/argparse.rst?plain=1,1,1,0.0
url,https://github.com/python/cpython/blob/main/Doc/tutorial/appetite.rst?plain=1,1,1,0.0
url,https://github.com/python/cpython/blob/main/Doc/tutorial/index.rst?plain=1,1,1,0.0
url,https://github.com/python/cpython/tree/3.13/Lib/idlelib,1,1,0.0
url,https://github.com/python/cpython/tree/3.13/Lib/keyword.py,1,1,0.0
url,https://github.com/python/cpython/tree/3.13/Lib/pickle.py,1,1,0.0
url,https://github.com/python/cpython/tree/3.13/Lib/string.py,1,1,0.0
url,https://github.com/python/cpython/tree/3.13/Lib/venv/,1,1,0.0
url,https://github.com/python/cpython/tree/3.13/Lib/xmlrpc/client.py,1,1,0.0
url,https://ipython.org/,1,1,0.0
url,https://json.org/,1,1,0.0
url,https://mail.python.org/pipermail/python-3000/2006-November/004643.html,1,1,0.0
url,https://numpy.org/,1,1,0.0
url,https://packaging.python.org/en/latest/tutorials/installing-packages/#ensure-pip-setuptools-and-wheel-are-up-to-date,1,1,0.0
url,https://packaging.python.org/en/latest/tutorials/packaging-projects/,1,1,0.0
url,https://peps.python.org/pep-0008/,1,1,0.0
url,https://peps.python.org/pep-0011/,1,1,0.0
url,https://peps.python.org/pep-0397/,1,1,0.0
url,https://peps.python.org/pep-0594/,1,1,0.0
url,https://peps.python.org/pep-0634/,1,1,0.0
url,https://peps.python.org/pep-0719/,1,1,0.0
url,https://wiki.python.org/moin/PythonBooks,1,1,0.0
url,https://wiki.tcl-lang.org/37432,1,1,0.0
url,https://www.amazon.com/Modern-Tkinter-Python-Developers-ebook/dp/B0071QDNLO/,1,1,0.0
url,https://www.python.org/doc/av/,1,1,0.0
url,https://www.python.org/psf/donations/,1,1,0.0
url,https://www.sphinx-doc.org/,1,1,0.0
url,https://www.zlib.net/,1,1,0.0
