name,version,visitors
Windows,10,7083
Mac,10.15,1780
GNU/Linux,(not set),258
Android,15,246
Windows,7,230
Android,10,189
Android,12,72
iOS,18.6,66
Android,13,63
iOS,18.7,46
Android,16,43
Android,14,40
HarmonyOS,(not set),35
Ubuntu,(not set),33
(not set),(not set),22
iOS,18.5,18
Android,11,17
iOS,26.0,13
Windows,Server 2003,10
Windows,8.1,8
Mac,10.14,6
iOS,15.2,6
iOS,16.3,6
iOS,17.5,6
iOS,26.1,6
Windows,(not set),5
Android,14.0,5
iOS,16.7,5
HarmonyOS,3.0,5
Android,9,5
iOS,16.1,4
iPadOS,17.6,4
iOS,18.3,4
Android,6.0,4
Mac,10.13,3
iOS,13.6,3
Chrome OS,14541.0,3
iOS,15.6,3
iOS,16.5,3
Windows,8,3
iOS,14.1,2
Android,15.0,2
iPadOS,15.8,2
iOS,15.8,2
iOS,16.2,2
iOS,17.2,2
iOS,17.6,2
iOS,18.2,2
iOS,4.3,2
Android,8.1,2
Windows,XP,2
Mac,10.12,1
iOS,11.2,1
iOS,12.5,1
iOS,15.1,1
iOS,16.0,1
iOS,17.1,1
iOS,17.3,1
iOS,18.0,1
iOS,18.4,1
Android,7.1,1
