name,version,visitors
Windows,10,42530
Mac,10.15,14286
Android,10,6992
GNU/Linux,(not set),6730
iOS,18.7,1988
Ubuntu,(not set),1195
iOS,18.6,1135
Windows,7,750
Android,15,594
iOS,26.1,427
Chrome OS,14541.0,391
Windows,XP,342
Android,14,336
Android,16,301
Android,13,287
iOS,18.5,286
Android,12,272
Mac,10.13,197
Android,11,182
iOS,26.2,174
iOS,18.3,134
iOS,16.7,89
iOS,15.8,67
Android,9,63
iOS,26.0,49
iOS,18.4,46
HarmonyOS,(not set),44
(not set),(not set),43
Windows,8.1,43
iOS,17.6,38
Android,8.1,36
Mac,10.14,35
iOS,18.2,30
iOS,18.1,29
iOS,17.5,25
iOS,18.0,24
iOS,17.4,23
HarmonyOS,3.0,22
Android,6.0,19
iOS,16.6,18
iOS,16.1,17
HarmonyOS,2.2,16
iOS,17.0,15
iOS,17.7,15
iPadOS,16.2,14
iPadOS,16.7,13
Mac,10.12,11
Chrome OS,14816.131,11
iOS,17.1,11
Android,8.0,11
iOS,16.3,10
Android,7.1,10
Android,7.0,9
Fire OS,8,9
Mac,14.4,8
iOS,15.6,8
Android,5.1,8
Windows,8,8
Mac,10.11,7
Android,15.0,7
iOS,15.7,7
iOS,16.2,7
iPadOS,17.7,7
iOS,10.3,6
iOS,16.0,6
iOS,13.4,5
iOS,17.2,5
iOS,17.3,5
iOS,26.3,5
iOS,4.3,5
Windows,NT,5
Windows,Server 2003,5
iOS,12.5,4
iPadOS,17.6,4
Fire OS,5,4
Windows,(not set),3
Android,(not set),3
UOS,(not set),3
iOS,13.6,3
Chrome OS,13597.84,3
iOS,16.4,3
iPadOS,17.5,3
Tizen,5.5,3
Mac,10.9,2
iOS,11.2,2
Chrome OS,14092.77,2
Chrome OS,14150.87,2
Mac,15.7,2
iPadOS,16.3,2
iOS,16.5,2
Ubuntu,24.04,2
KaiOS,3.1,2
Android,4.4,2
Fire OS,7,2
Fedora,(not set),1
Chrome OS,(not set),1
RedOS,(not set),1
Android TV,11,1
iOS,11.0,1
Android,11.0,1
Mac,11.2,1
Android TV,12,1
Chrome OS,12239.92,1
iOS,13.2,1
iOS,13.3,1
Android,14.0,1
iOS,14.6,1
iOS,14.7,1
Mac,15.0,1
Mac,15.1,1
iOS,15.1,1
iOS,15.2,1
iOS,15.3,1
iPadOS,15.4,1
iOS,15.4,1
iOS,15.5,1
iPadOS,15.6,1
iPadOS,15.8,1
Chrome OS,15117.111,1
iPadOS,16.0,1
Ubuntu,16.04,1
iPadOS,16.1,1
iPadOS,16.4,1
iPadOS,16.6,1
iPadOS,17.4,1
iOS,19.0,1
HarmonyOS,2.1,1
Tizen,2.4,1
Tizen,3.0,1
webOS,4.5,1
Android,5.0,1
Tizen,5.0,1
Android TV,6.0,1
Tizen,8.0,1
