name,unique_entrances,total_entrances,visit_duration
/3.14/whatsnew/3.14.html,598,610,141
/3/,152,152,352
/3.14/using/windows.html,90,90,46
/3.14/tutorial/index.html,84,86,99
/3.14/,62,62,162
/3.15/,23,23,281
/3.14/index.html,18,18,55
/3/whatsnew/3.13.html,18,18,136
/zh-cn/3.14/whatsnew/,17,17,368
/3.14/tutorial/,16,17,128
/zh-cn/3.14/whatsnew/3.14.html,16,16,231
/3.14/library/typing.html,15,16,23
/zh-cn/3.14/using/mac.html,13,13,91
/3.14/whatsnew/changelog.html,12,13,5
/3.14/library/uuid.html,10,11,0
/3.13/,9,9,215
/3.14/library/functions.html,9,10,358
/3.14/library/index.html,8,9,0
/3.14/search.html,8,8,194
/3.14/tutorial/introduction.html,8,8,555
/3/search.html,8,8,2849
/3.13/using/windows.html,7,7,428
/3.14/reference/compound_stmts.html,7,7,0
/3.14/whatsnew/3.13.html,7,7,70
/zh-cn/3.14/,7,7,76
/3.14/library/compression.zstd.html,6,6,0
/3.14/tutorial/appetite.html,6,6,148
/zh-cn/3.14/index.html,6,6,14
/zh-cn/3/,6,6,404
/zh-cn/3/tutorial/index.html,6,6,516
/3.14/download.html,5,5,0
/3.14/library/annotationlib.html,5,5,1282
/3.14/py-modindex.html,5,5,8
/3/library/functions.html,5,5,56
/3/library/index.html,5,5,1837
/3/library/tkinter.html,5,5,765
/3/tutorial/,5,5,827
/3/tutorial/index.html,5,5,497
/3/whatsnew/index.html,5,5,65
/zh-tw/3.14/whatsnew/index.html,5,5,738
/3.13/index.html,4,4,111
/3.13/tutorial/index.html,4,4,970
/3.13/whatsnew/3.13.html,4,4,112
/3.14/glossary.html,4,4,33
/3.14/library/asyncio-task.html,4,5,0
/3.14/library/concurrent.interpreters.html,4,4,744
/3.14/library/stdtypes.html,4,4,311
/3.14/tutorial/controlflow.html,4,4,0
/3.14/whatsnew/index.html,4,4,61
/3/library/threading.html,4,4,3212
/3/tutorial/introduction.html,4,6,2685
/dev/using/windows.html,4,4,951
/ja/3.14/whatsnew/3.14.html,4,4,0
/zh-cn/3.14/contents.html,4,4,0
/zh-cn/3.14/whatsnew/index.html,4,4,92
/3.14/contents.html,3,3,33
/3.14/howto/free-threading-python.html,3,3,0
/3.14/library/asyncio-eventloop.html,3,3,0
/3.14/library/intro.html,3,3,948
/3.14/library/io.html,3,5,0
/3.14/library/threading.html,3,3,1
/3.14/tutorial/classes.html,3,3,550
/3.14/tutorial/interpreter.html,3,3,12
/3.15/whatsnew/3.15.html,3,3,1542
/3/howto/free-threading-python.html,3,3,70
/3/library/exceptions.html,3,3,2024
/3/library/multiprocessing.html,3,3,956
/3/library/stdtypes.html,3,3,613
/3/library/typing.html,3,3,59
/3/library/venv.html,3,3,64
/3/tutorial/appetite.html,3,3,359
/3/tutorial/datastructures.html,3,3,1053
/3/using/windows.html,3,3,354
/3/whatsnew/changelog.html,3,3,42
/it/3.14/whatsnew/3.14.html,3,3,80
/zh-cn/3.13/,3,3,86
/zh-cn/3.14/c-api/exceptions.html,3,3,0
/zh-cn/3.14/howto/free-threading-python.html,3,3,2
/zh-cn/3.14/installing/index.html,3,3,0
/zh-cn/3.14/library/functions.html,3,3,0
/zh-cn/3.14/reference/datamodel.html,3,3,0
/zh-cn/3.14/tutorial/errors.html,3,3,142
/zh-cn/3.14/tutorial/index.html,3,3,0
/zh-cn/3.14/using/,3,3,2
/zh-cn/3.14/using/index.html,3,3,149
/zh-cn/3.14/whatsnew/3.13.html,3,3,0
/3.12/,2,2,5
/3.13/tutorial/interpreter.html,2,2,42
/3.14/installing/index.html,2,2,0
/3.14/library/asyncio.html,2,2,90
/3.14/library/concurrent.futures.html,2,2,16
/3.14/library/configparser.html,2,3,0
/3.14/library/getpass.html,2,2,0
/3.14/library/pathlib.html,2,2,667
/3.14/library/pdb.html,2,2,0
/3.14/library/re.html,2,3,0
/3.14/library/sys.html,2,2,4
/3.14/library/tkinter.html,2,2,0
/3.14/reference/grammar.html,2,3,0
/3.14/reference/index.html,2,2,648
/3.14/reference/lexical_analysis.html,2,7,375
/3.14/tutorial/datastructures.html,2,2,0
/3.14/using/index.html,2,2,78
/3.14/using/mac.html,2,2,864
/3.14/using/unix.html,2,2,0
/3.14/whatsnew/3.11.html,2,2,2
/3.15/library/compression.zstd.html,2,2,8
/3/contents.html,2,2,262
/3/faq/,2,2,438
/3/library/__future__.html,2,2,2032
/3/library/asyncio-dev.html,2,2,103
/3/library/concurrent.futures.html,2,2,1214
/3/library/dataclasses.html,2,2,1458
/3/library/datetime.html,2,2,639
/3/library/http.client.html,2,2,1029
/3/library/idle.html,2,2,1008
/3/library/intro.html,2,2,400
/3/library/random.html,2,2,662
/3/library/secrets.html,2,2,646
/3/library/string.html,2,2,2277
/3/library/subprocess.html,2,2,626
/3/library/tracemalloc.html,2,2,449
/3/library/warnings.html,2,2,1620
/3/py-modindex.html,2,2,213
/3/tutorial/controlflow.html,2,2,812
/3/tutorial/interpreter.html,2,2,842
/3/using/index.html,2,2,820
/3/whatsnew/3.12.html,2,2,670
/dev/,2,2,36
/es/3.14/tutorial/controlflow.html,2,3,0
/es/3.14/tutorial/index.html,2,2,0
/fr/3.14/library/tkinter.ttk.html,2,2,0
/ja/3.14/index.html,2,2,1476
/ja/3.14/tutorial/interpreter.html,2,2,0
/ko/3.14/,2,2,12
/pt-br/3.14/reference/compound_stmts.html,2,2,0
/zh-cn/3.14/c-api/init.html,2,2,0
/zh-cn/3.14/howto/descriptor.html,2,2,0
/zh-cn/3.14/library/asyncio-runner.html,2,2,0
/zh-cn/3.14/library/idle.html,2,2,415
/zh-cn/3.14/library/tarfile.html,2,2,0
/zh-cn/3.14/library/threading.html,2,2,0
/zh-cn/3.14/reference/simple_stmts.html,2,2,0
/zh-cn/3.14/tutorial/appetite.html,2,2,0
/zh-cn/3.14/using/configure.html,2,2,0
/zh-cn/3/contents.html,2,2,224
/zh-cn/3/reference/index.html,2,2,216
/zh-cn/dev/whatsnew/3.14.html,2,2,303
/3.12/c-api/init_config.html,1,1,4264
/3.12/tutorial/index.html,1,1,1446
/3.12/whatsnew/3.11.html,1,1,1352
/3.12/whatsnew/3.12.html,1,1,534
/3.13/genindex.html,1,1,825
/3.13/library/asyncio-sync.html,1,1,1
/3.13/library/functions.html,1,1,92
/3.13/search.html,1,1,22
/3.13/tutorial/floatingpoint.html,1,1,349
/3.13/using/cmdline.html,1,1,957
/3.13/whatsnew/index.html,1,1,0
/3.14/bugs.html,1,1,0
/3.14/c-api/extension-modules.html,1,1,0
/3.14/c-api/init_config.html,1,1,796
/3.14/c-api/lifecycle.html,1,1,0
/3.14/howto/descriptor.html,1,1,0
/3.14/howto/isolating-extensions.html,1,1,19
/3.14/howto/logging.html,1,1,126
/3.14/howto/remote_debugging.html,1,1,0
/3.14/library/,1,1,0
/3.14/library/__main__.html,1,1,0
/3.14/library/asyncio-api-index.html,1,1,0
/3.14/library/asyncio-graph.html,1,1,0
/3.14/library/asyncio-platforms.html,1,1,0
/3.14/library/atexit.html,1,1,0
/3.14/library/compression.html,1,1,0
/3.14/library/datetime.html,1,1,2338
/3.14/library/enum.html,1,1,0
/3.14/library/errno.html,1,1,1732
/3.14/library/idle.html,1,1,0
/3.14/library/inspect.html,1,1,0
/3.14/library/ipaddress.html,1,1,21
/3.14/library/keyword.html,1,1,840
/3.14/library/mimetypes.html,1,1,0
/3.14/library/multiprocessing.html,1,1,861
/3.14/library/operator.html,1,1,7
/3.14/library/os.html,1,1,274
/3.14/library/os.path.html,1,1,13
/3.14/library/pickle.html,1,1,0
/3.14/library/secrets.html,1,1,353
/3.14/library/socket.html,1,1,0
/3.14/library/subprocess.html,1,1,0
/3.14/library/tracemalloc.html,1,1,57
/3.14/library/turtle.html,1,1,2102
/3.14/library/urllib.parse.html,1,1,0
/3.14/library/venv.html,1,1,0
/3.14/reference/datamodel.html,1,1,60
/3.14/reference/executionmodel.html,1,1,0
/3.14/tutorial/appendix.html,1,1,3
/3.14/tutorial/inputoutput.html,1,1,0
/3.14/tutorial/stdlib.html,1,1,54
/3.14/using/,1,1,0
/3.14/using/android.html,1,1,36
/3.14/whatsnew/,1,1,29
/3.14/whatsnew/2.7.html,1,1,81
/3.15/c-api/intro.html,1,1,167
/3.15/installing/index.html,1,1,3
/3.15/library/collections.html,1,1,2971
/3.15/library/index.html,1,1,93
/3.15/library/math.html,1,1,368
/3.15/library/xml.etree.elementtree.html,1,1,551
/3.15/tutorial/,1,1,13
/3.15/whatsnew/3.13.html,1,1,139
/3.15/whatsnew/3.14.html,1,1,17
/3/c-api/dict.html,1,1,275
/3/c-api/init.html,1,1,4
/3/c-api/structures.html,1,1,784
/3/howto/,1,1,551
/3/howto/annotations.html,1,1,895
/3/howto/enum.html,1,1,3171
/3/howto/sockets.html,1,1,608
/3/index.html,1,1,1432
/3/library/argparse.html,1,1,5
/3/library/array.html,1,1,183
/3/library/audioop.html,1,1,54
/3/library/code.html,1,1,1324
/3/library/configparser.html,1,1,7774
/3/library/contextlib.html,1,1,490
/3/library/contextvars.html,1,1,2460
/3/library/ctypes.html,1,1,1744
/3/library/difflib.html,1,1,13341
/3/library/distutils.html,1,1,0
/3/library/email.parser.html,1,1,17
/3/library/ensurepip.html,1,1,0
/3/library/enum.html,1,1,3815
/3/library/html.parser.html,1,1,1260
/3/library/http.html,1,1,6111
/3/library/json.html,1,1,0
/3/library/keyword.html,1,1,847
/3/library/math.html,1,1,1333
/3/library/os.html,1,1,26
/3/library/os.path.html,1,1,40
/3/library/pprint.html,1,1,0
/3/library/socket.html,1,1,284
/3/library/sys.html,1,1,711
/3/library/timeit.html,1,1,627
/3/library/tkinter.colorchooser.html,1,1,2111
/3/library/uuid.html,1,1,794
/3/reference/index.html,1,1,200
/3/tutorial/inputoutput.html,1,1,372
/3/tutorial/modules.html,1,1,433
/3/using/cmdline.html,1,1,18
/3/using/mac.html,1,1,745
/3/whatsnew/,1,1,52
/bn-in/3.14/extending/windows.html,1,1,0
/bn-in/3.14/howto/logging.html,1,1,0
/bn-in/3.14/library/colorsys.html,1,1,0
/bn-in/3.14/library/tkinter.font.html,1,1,0
/bn-in/3.14/library/xml.sax.utils.html,1,1,0
/dev/library/ipaddress.html,1,1,49
/el/3.14/library/functions.html,1,1,0
/el/3.14/library/sunau.html,1,1,0
/es/3.14/,1,1,0
/es/3.14/library/codecs.html,1,1,0
/es/3.14/whatsnew/3.10.html,1,1,0
/es/3.14/whatsnew/index.html,1,1,10
/es/3.15/,1,1,3
/fr/3.12/library/argparse.html,1,1,3
/fr/3.13/library/math.html,1,1,175
/fr/3.13/library/stdtypes.html,1,1,457
/fr/3.14/library/http.client.html,1,1,50
/fr/3.14/library/unittest.html,1,1,0
/fr/3.14/reference/datamodel.html,1,1,0
/id/3.12/library/types.html,1,1,5
/id/3.14/library/types.html,1,1,7
/it/3.14/c-api/frame.html,1,1,0
/it/3.14/tutorial/interactive.html,1,1,0
/it/3.14/whatsnew/3.13.html,1,1,0
/ja/3.12/whatsnew/3.12.html,1,1,109
/ja/3.13/library/stdtypes.html,1,1,1519
/ja/3.14/,1,1,5
/ja/3.14/contents.html,1,1,0
/ja/3.14/library/index.html,1,1,0
/ja/3.14/library/netrc.html,1,1,0
/ja/3.14/library/typing.html,1,1,7
/ja/3.14/tutorial/,1,1,415
/ja/3.14/tutorial/appetite.html,1,1,0
/ja/3.14/tutorial/controlflow.html,1,1,0
/ja/3.14/tutorial/index.html,1,1,91
/ja/3.14/whatsnew/3.13.html,1,1,3
/ja/3.15/faq/windows.html,1,1,4
/ja/3/,1,1,537
/ja/3/library/functions.html,1,1,360
/ja/3/tutorial/introduction.html,1,1,2205
/ko/3.13/,1,1,595
/ko/3.13/library/pathlib.html,1,1,0
/ko/3.13/tutorial/errors.html,1,1,5621
/ko/3.14/tutorial/index.html,1,1,213
/ko/3.15/whatsnew/3.15.html,1,1,13
/ko/3/library/logging.handlers.html,1,1,6384
/pl/3.14/library/asyncio-task.html,1,1,0
/pt-br/3.14/library/index.html,1,1,0
