name,visitors,pageviews,bounce_rate,time_on_page,scroll_depth
/3.14/whatsnew/3.14.html,783,902,70,91,17
/3.14/,278,288,35,12,70
/3.14/using/windows.html,134,145,66,22,16
/3.14/tutorial/index.html,132,145,70,47,54
/3.14/index.html,56,53,39,15,75
/zh-cn/3.14/whatsnew/3.14.html,54,45,69,84,31
/3.14/search.html,37,45,50,11,76
/3.14/whatsnew/changelog.html,31,29,69,98,1
/3.14/whatsnew/3.13.html,29,26,43,26,9
/zh-cn/3.14/,29,26,57,9,80
/3.14/library/index.html,24,31,100,17,29
/3.14/tutorial/,24,24,65,25,33
/zh-cn/3.14/whatsnew/,23,21,35,20,34
/3.14/library/functions.html,19,24,60,20,44
/3.14/library/stdtypes.html,18,17,25,91,39
/3.14/library/typing.html,18,22,81,97,70
/3.14/glossary.html,17,20,50,18,41
/3.14/contents.html,16,16,67,19,2
/3.14/download.html,16,14,100,14,87
/3.14/installing/index.html,16,12,100,16,56
/zh-cn/3.14/tutorial/index.html,16,13,100,43,70
/zh-cn/3.14/using/mac.html,16,17,54,56,54
/3.14/tutorial/appetite.html,15,13,67,83,88
/3.14/tutorial/introduction.html,15,18,75,408,78
/3.14/py-modindex.html,14,14,60,17,37
/3.14/reference/compound_stmts.html,14,14,100,28,24
/3.14/tutorial/datastructures.html,14,10,100,113,54
/zh-cn/3.14/index.html,12,13,83,10,73
/3.14/library/asyncio-task.html,11,9,80,39,27
/3.14/library/compression.zstd.html,11,12,100,49,31
/3.14/library/concurrent.interpreters.html,11,7,50,196,49
/3.14/library/uuid.html,11,12,100,97,63
/3.14/tutorial/interpreter.html,11,13,67,31,87
/zh-cn/3.14/library/index.html,11,10,0,39,54
/3.14/library/annotationlib.html,10,9,80,167,52
/3.14/whatsnew/index.html,10,9,75,13,13
/3.14/reference/index.html,9,15,50,75,62
/3.14/tutorial/controlflow.html,9,8,100,28,42
/3.14/library/asyncio-eventloop.html,8,6,100,28,29
/3.14/library/sys.html,8,8,50,7,32
/3.14/library/threading.html,8,8,67,14,26
/3.14/reference/lexical_analysis.html,8,12,57,128,66
/ja/3.14/whatsnew/3.14.html,8,6,100,217,18
/zh-cn/3.14/download.html,8,10,100,66,92
/zh-cn/3.14/whatsnew/3.13.html,8,7,100,219,18
/3.14/tutorial/classes.html,7,9,33,263,60
/3.14/using/unix.html,7,6,100,52,100
/zh-cn/3.14/contents.html,7,7,100,10,19
/zh-cn/3.14/library/functions.html,7,6,100,56,16
/zh-cn/3.14/whatsnew/index.html,7,6,75,7,8
/3.14/howto/free-threading-python.html,6,7,100,25,44
/3.14/library/asyncio-graph.html,6,6,100,13,58
/3.14/library/concurrent.futures.html,6,5,0,4,22
/3.14/library/ctypes.html,6,4,0,134,60
/3.14/library/os.html,6,3,0,20,27
/3.14/library/pdb.html,6,4,100,9,8
/3.14/library/pickle.html,6,4,100,350,31
/3.14/using/cmdline.html,6,4,0,90,45
/es/3.14/,6,5,100,7,52
/it/3.14/whatsnew/3.14.html,6,5,67,25,22
/zh-cn/3.14/howto/free-threading-python.html,6,4,67,117,86
/3.14/extending/index.html,5,3,0,26,73
/3.14/genindex.html,5,8,0,4,100
/3.14/library/exceptions.html,5,5,0,60,41
/3.14/library/intro.html,5,6,0,16,82
/3.14/library/io.html,5,8,100,32,85
/3.14/library/pathlib.html,5,5,50,11,76
/3.14/library/tkinter.html,5,5,100,375,37
/3.14/library/turtle.html,5,3,0,65,14
/3.14/using/index.html,5,7,50,18,97
/zh-cn/3.14/tutorial/interpreter.html,5,7,0,101,69
/zh-cn/3.14/using/index.html,5,5,67,68,85
/zh-tw/3.14/whatsnew/index.html,5,5,40,5,22
/3.14/c-api/index.html,4,3,0,28,64
/3.14/distributing/index.html,4,4,0,5,100
/3.14/library/asyncio.html,4,7,0,12,91
/3.14/library/functools.html,4,2,0,182,32
/3.14/library/json.html,4,4,0,98,96
/3.14/library/multiprocessing.html,4,3,0,28,6
/3.14/library/operator.html,4,3,0,51,42
/3.14/library/re.html,4,4,100,175,68
/3.14/reference/datamodel.html,4,4,0,30,51
/3.14/reference/executionmodel.html,4,5,100,26,51
/3.14/using/configure.html,4,3,0,26,44
/es/3.14/download.html,4,3,0,10,72
/es/3.14/tutorial/index.html,4,3,100,29,45
/ko/3.14/whatsnew/3.14.html,4,4,0,117,17
/zh-cn/3.14/howto/descriptor.html,4,3,100,43,24
/zh-cn/3.14/installing/index.html,4,4,100,4,36
/zh-cn/3.14/reference/index.html,4,2,0,84,55
/zh-cn/3.14/tutorial/appetite.html,4,2,100,69,100
/zh-cn/3.14/whatsnew/3.7.html,4,1,0,76,35
/zh-cn/3.14/whatsnew/3.8.html,4,1,0,110,31
/zh-cn/3.14/whatsnew/3.9.html,4,1,0,96,32
/3.14/c-api/init_config.html,3,3,0,6,2
/3.14/howto/remote_debugging.html,3,4,100,59,100
/3.14/library/datetime.html,3,3,0,205,64
/3.14/library/enum.html,3,4,100,43,85
/3.14/library/getpass.html,3,2,100,14,100
/3.14/library/socket.html,3,3,100,69,14
