name,visitors
Istanbul,13
Ankara,8
İzmir,4
Antalya,4
Baku,4
Mersin,2
Yenimahalle,1
Şanlıurfa,1
Kütahya,1
Gaziantep,1
Eskişehir,1
Elazığ,1
Burdur,1
Balıkesir,1
Afyonkarahisar,1
Adana,1
Merkez,1
Saint Petersburg,1
Moscow,1
Cheboksary,1
Zonguldak,1
Küçükçekmece,1
Karasu,1
Çanakkale,1
Bursa,1
Bartın,1
Ardeşen,1
Adapazarı,1
New Delhi,1
Taldykorgan,1
Nur-Sultan,1
Bangkok,1
Taipei,1
Wuhan,1
Ningbo,1
Huzhou,1
Guangzhou,1
Hong Kong,1
Osaka,1
Manchester,1
Zürich,1
Stockholm,1
Mannheim,1
Lemgo,1
Landsberg am Lech,1
Kiel,1
Düsseldorf,1
Niterói,1
Braço do Norte,1
Eau Claire,1
Denver,1
Çankaya,1
Sancaktepe,1
