name,visitors
Istanbul,16
Ankara,10
Baku,4
Antalya,4
Izmir,4
Mersin,3
Zhejiang,2
North Rhine-Westphalia,2
Sakarya,2
Rio de Janeiro,1
Santa Catarina,1
Zürich,1
Guangdong,1
Hubei,1
Baden-Württemberg,1
Bavaria,1
Schleswig-Holstein,1
England,1
Delhi,1
Osaka,1
Jetisu,1
Astana,1
Chuvash,1
Moscow,1
Saint Petersburg,1
Stockholm,1
Bangkok,1
Adana,1
Afyonkarahisar,1
Balıkesir,1
Burdur,1
Bursa,1
Çanakkale,1
Elazığ,1
Eskişehir,1
Gaziantep,1
Kütahya,1
Rize,1
Şanlıurfa,1
Zonguldak,1
Bartın,1
Taipei,1
Colorado,1
Wisconsin,1
