name,unique_entrances,total_entrances,visit_duration
/ja/latest/tutorials/installing-packages/,68,70,102
/ja/latest/guides/installing-using-pip-and-virtual-environments/,58,64,21
/ja/latest/guides/writing-pyproject-toml/,51,53,80
/ja/latest/tutorials/packaging-projects/,8,8,36
/ja/latest/discussions/setup-py-deprecated/,7,7,3
/en/latest/tutorials/installing-packages/,5,5,37
/en/latest/tutorials/packaging-projects/,5,5,1039
/ja/latest/discussions/versioning/,5,6,0
/ja/latest/tutorials/managing-dependencies/,5,5,1
/ja/latest/discussions/src-layout-vs-flat-layout/,4,4,2
/ja/latest/,3,3,0
/ja/latest/guides/analyzing-pypi-package-downloads/,3,3,0
/ja/latest/guides/modernize-setup-py-project/,3,3,244
/ja/latest/guides/using-manifest-in/,3,3,18
/ja/latest/specifications/inline-script-metadata/,3,4,0
/ja/latest/specifications/platform-compatibility-tags/,3,3,5
/ja/latest/specifications/version-specifiers/,3,3,0
/en/latest/,2,2,791
/ja/latest/discussions/downstream-packaging/,2,2,0
/ja/latest/discussions/install-requires-vs-requirements/,2,2,0
/ja/latest/guides/creating-and-discovering-plugins/,2,2,0
/ja/latest/guides/creating-command-line-tools/,2,2,0
/ja/latest/guides/installing-stand-alone-command-line-tools/,2,2,0
/ja/latest/guides/installing-using-linux-tools/,2,2,0
/ja/latest/guides/tool-recommendations/,2,2,0
/ja/latest/guides/using-testpypi/,2,2,214
/ja/latest/specifications/dependency-specifiers/,2,2,0
/ja/latest/specifications/direct-url/,2,2,0
/en/latest/guides/,1,1,718
/en/latest/guides/installing-using-pip-and-virtual-environments/,1,1,0
/en/latest/guides/writing-pyproject-toml/,1,1,699
/ja/latest/contribute/,1,1,0
/ja/latest/discussions/,1,1,0
/ja/latest/discussions/package-formats/,1,1,10
/ja/latest/discussions/pip-vs-easy-install/,1,1,0
/ja/latest/glossary/,1,1,596
/ja/latest/guides/distributing-packages-using-setuptools/,1,1,0
/ja/latest/guides/index-mirrors-and-caches/,1,1,0
/ja/latest/guides/making-a-pypi-friendly-readme/,1,1,2000
/ja/latest/guides/packaging-namespace-packages/,1,1,0
/ja/latest/guides/publishing-package-distribution-releases-using-github-actions-ci-cd-workflows/,1,1,0
/ja/latest/guides/section-install/,1,1,0
/ja/latest/key_projects/,1,1,0
/ja/latest/specifications/binary-distribution-format/,1,1,0
/ja/latest/specifications/build-details/v1.0/,1,1,0
/ja/latest/specifications/entry-points/,1,1,0
/ja/latest/specifications/externally-managed-environments/,1,1,0
/ja/latest/specifications/pypirc/,1,1,0
/ja/latest/specifications/pyproject-toml/,1,1,0
/ja/latest/specifications/section-distribution-metadata/,1,1,0
/ja/latest/specifications/section-installation-metadata/,1,1,0
/ja/latest/specifications/simple-repository-api/,1,1,0
/pt-br/latest/tutorials/packaging-projects/,1,1,15
