name,visitors
United States,4949
China,2248
India,2045
Germany,1513
Russian Federation,1337
United Kingdom,1196
Japan,979
Brazil,927
France,759
Canada,556
South Korea,520
Hong Kong,519
Netherlands,484
Australia,421
Poland,421
Spain,401
Singapore,369
Taiwan,353
Vietnam,337
Italy,331
Ukraine,267
Switzerland,266
Israel,262
Mexico,254
Indonesia,244
Colombia,234
Sweden,206
Argentina,185
Turkey,176
Thailand,157
Belgium,145
Czechia,136
Austria,134
Pakistan,123
Norway,115
Peru,113
Chile,110
Iran,110
Egypt,109
Malaysia,107
Finland,102
Portugal,101
South Africa,100
Philippines,99
Romania,95
Hungary,92
Ireland,92
Kazakhstan,87
Denmark,83
New Zealand,79
Morocco,75
Saudi Arabia,69
Bangladesh,62
Nigeria,60
Ghana,58
Greece,55
Kenya,54
United Arab Emirates,52
Belarus,51
Uzbekistan,50
Slovakia,48
Sri Lanka,45
Serbia,44
Ecuador,40
Lithuania,40
Nepal,39
Armenia,36
Bulgaria,35
Ethiopia,34
Algeria,32
Venezuela,30
Costa Rica,26
Croatia,26
Iraq,26
Luxembourg,24
Slovenia,24
Georgia,22
Jordan,22
Estonia,21
Bolivia,20
Myanmar,20
Tunisia,20
Latvia,19
Cyprus,18
Dominican Republic,18
Cambodia,17
Cameroon,15
Azerbaijan,13
Kyrgyzstan,13
Uganda,13
Uruguay,13
Lebanon,12
El Salvador,12
Bosnia and Herzegovina,11
Cuba,10
Guatemala,10
Madagascar,10
Paraguay,10
Iceland,9
Moldova,9
Montenegro,9
Senegal,9
Syria,9
Tanzania,9
Burkina Faso,8
Mongolia,8
Angola,7
Benin,7
Côte d'Ivoire,7
Macao,7
Panama,7
Rwanda,7
Afghanistan,6
"Congo, The Democratic Republic of the",6
Kuwait,6
Yemen,6
Bahrain,5
North Macedonia,5
Malta,5
Malawi,5
Nicaragua,5
Oman,5
Puerto Rico,5
Zimbabwe,5
Bhutan,4
Guinea,4
Laos,4
Lesotho,4
Suriname,4
Togo,4
Kosovo,4
Albania,3
Cabo Verde,3
Honduras,3
"Palestine, State of",3
Qatar,3
Seychelles,3
Trinidad and Tobago,3
Botswana,2
Fiji,2
Guadeloupe,2
Saint Lucia,2
Libya,2
Mali,2
Martinique,2
Niger,2
Sudan,2
Tajikistan,2
Zambia,2
Barbados,1
Burundi,1
Brunei Darussalam,1
Bahamas,1
Curaçao,1
Gibraltar,1
Jersey,1
Jamaica,1
Cayman Islands,1
Monaco,1
Mauritius,1
Namibia,1
Réunion,1
Holy See (Vatican City State),1
