name,visitors,bounce_rate,visit_duration
Direct / None,676,67,248
Google,206,69,185
python.org,90,64,199
pythoninsider.blogspot.com,35,54,79
Bing,30,75,123
Baidu,23,57,84
DuckDuckGo,20,43,584
discuss.python.org,11,90,44
GitHub,6,80,1
chatgpt.com,5,100,105
Yandex,4,0,329
LinkedIn,3,100,0
Reddit,3,50,63
peps.python.org,3,0,793
Brave,2,0,1123
copilot.microsoft.com,2,100,0
occyjnknxllq.labs.coursera.org,2,0,1378
qiita.com,2,100,0
Ecosia,1,100,0
Facebook,1,100,0
Twitter,1,100,0
Yahoo!,1,100,0
blog.python.org,1,100,0
claude.ai,1,100,0
cs50.harvard.edu,1,0,795
desarrollaria.com,1,0,791
developer.mozilla.org,1,0,792
docs.pydantic.dev,1,0,1358
en.delphipraxis.net,1,100,0
hn.algolia.com,1,100,0
infoworld.com,1,0,218
kivy.org,1,0,521
link.zhihu.com,1,100,0
python.p2hp.com,1,0,341
unisallevirtual.lasalle.edu.co,1,0,162
wiki.python.org,1,0,218
