name,visitors,pageviews,bounce_rate,time_on_page,scroll_depth
/ja/3/library/codecs.html,211,253,86,3,6
/ja/3/tutorial/,108,177,58,29,57
/ja/3/,84,177,52,25,65
/ja/3/library/index.html,70,97,60,57,54
/ja/3/py-modindex.html,64,65,100,13,36
/ja/3/tutorial/datastructures.html,63,71,82,32,46
/ja/3/library/functions.html,61,77,86,46,45
/ja/3/library/stdtypes.html,55,61,83,129,38
/ja/3/tutorial/index.html,51,61,58,39,57
/ja/3/tutorial/controlflow.html,49,55,54,154,43
/ja/3.14/py-modindex.html,39,41,100,11,23
/ja/3/library/math.html,39,36,97,66,22
/ja/3/reference/introduction.html,39,37,97,9,45
/ja/3/tutorial/interpreter.html,39,33,43,61,82
/ja/3/library/random.html,36,37,91,28,33
/ja/3/tutorial/introduction.html,36,40,82,118,51
/ja/3.13/py-modindex.html,34,34,100,13,28
/ja/3/reference/index.html,28,44,33,37,69
/ja/3.14/,26,44,40,35,73
/ja/3.13/library/pickle.html,25,25,100,9,14
/ja/3/glossary.html,24,24,55,20,51
/ja/3/library/marshal.html,24,24,100,12,22
/ja/3/library/re.html,24,22,79,24,22
/ja/3.13/library/functions.html,23,26,100,34,32
/ja/3.13/library/multiprocessing.html,23,24,95,35,24
/ja/3.13/library/os.html,23,23,100,24,26
/ja/3.13/tutorial/index.html,21,31,73,8,52
/ja/3/index.html,21,33,75,10,74
/ja/3/library/datetime.html,21,19,93,54,30
/ja/3/search.html,21,40,22,8,47
/ja/3/tutorial/modules.html,21,22,88,195,55
/ja/3.13/library/datetime.html,20,20,95,23,26
/ja/3.14/library/ast.html,20,20,100,12,3
/ja/3/library/idle.html,20,23,80,53,27
/ja/3/library/pathlib.html,20,19,67,81,35
/ja/3/tutorial/appetite.html,20,20,50,58,75
/ja/3.13/library/collections.abc.html,19,19,100,5,16
/ja/3/library/venv.html,19,19,94,31,25
/ja/3.13/library/copy.html,18,18,94,0,26
/ja/3.13/library/copyreg.html,18,18,100,4,41
/ja/3.13/library/filecmp.html,18,18,100,10,22
/ja/3.13/library/re.html,18,18,88,58,28
/ja/3/library/typing.html,18,17,85,28,19
/ja/3/library/exceptions.html,17,20,67,28,62
/ja/3/library/grp.html,17,17,100,4,38
/ja/3/library/os.html,17,18,82,14,12
/ja/3/library/subprocess.html,17,17,100,36,28
/ja/3.14/library/pathlib.html,16,16,100,0,4
/ja/3/library/itertools.html,16,17,86,115,18
/ja/3/library/sqlite3.html,16,21,73,61,9
/ja/3/library/tkinter.html,16,20,71,43,44
/ja/3/whatsnew/3.14.html,16,22,0,32,21
/ja/3.13/library/csv.html,15,14,100,57,45
/ja/3.13/library/sqlite3.html,15,15,100,12,3
/ja/3.13/library/tkinter.html,15,15,93,5,40
/ja/3.14/library/sys.monitoring.html,15,15,100,10,14
/ja/3/contents.html,15,19,67,34,2
/ja/3/tutorial/stdlib.html,15,14,67,29,68
/ja/3.13/library/curses.html,14,14,100,19,6
/ja/3.13/library/decimal.html,14,14,100,21,7
/ja/3.14/library/cmd.html,14,14,100,7,17
/ja/3.14/library/curses.html,14,14,100,7,3
/ja/3.14/library/getpass.html,14,14,100,12,36
/ja/3.14/library/os.html,14,14,100,2,1
/ja/3.14/library/sndhdr.html,14,14,100,4,53
/ja/3.14/library/time.html,14,14,100,0,7
/ja/3.14/search.html,14,28,0,17,50
/ja/3/library/argparse.html,14,16,64,78,60
/ja/3/library/json.html,14,14,92,19,21
/ja/3/tutorial/errors.html,14,19,64,101,51
/ja/3.13/library/gzip.html,13,13,100,36,53
/ja/3.13/library/xml.dom.html,13,13,100,8,7
/ja/3.13/tutorial/classes.html,13,15,91,60,44
/ja/3.14/library/asyncio.html,13,16,100,27,76
/ja/3.14/library/pipes.html,13,13,100,,
/ja/3.14/library/shelve.html,13,13,100,10,21
/ja/3/installing/index.html,13,13,90,34,58
/ja/3/tutorial/inputoutput.html,13,21,69,105,63
/ja/3.13/library/idle.html,12,13,90,9,32
/ja/3.13/library/pathlib.html,12,11,90,72,37
/ja/3.13/library/typing.html,12,12,100,24,15
/ja/3.13/library/weakref.html,12,12,100,16,14
/ja/3.13/reference/import.html,12,12,100,12,22
/ja/3.13/tutorial/inputoutput.html,12,14,73,303,51
/ja/3.14/library/argparse.html,12,12,92,10,4
/ja/3.14/library/getopt.html,12,12,100,,
/ja/3.14/tutorial/index.html,12,10,100,27,69
/ja/3/howto/sorting.html,12,14,80,44,30
/ja/3/reference/lexical_analysis.html,12,13,50,144,42
/ja/dev/library/pwd.html,12,12,100,1,58
/ja/3.13/library/calendar.html,11,11,100,8,20
/ja/3.13/library/enum.html,11,11,89,12,16
/ja/3.13/library/imghdr.html,11,11,100,1,46
/ja/3.13/library/ipaddress.html,11,11,100,4,6
/ja/3.13/library/platform.html,11,11,100,1,100
/ja/3.13/library/queue.html,11,15,80,127,59
/ja/3.13/tutorial/interpreter.html,11,11,89,33,69
/ja/3.14/library/optparse.html,11,11,100,7,3
/ja/3.15/using/windows.html,11,10,83,16,13
/ja/3/reference/datamodel.html,11,9,80,67,65
