name,unique_entrances,total_entrances,visit_duration
/ja/latest/guides/installing-using-pip-and-virtual-environments/,84,86,50
/ja/latest/tutorials/installing-packages/,80,81,116
/ja/latest/guides/writing-pyproject-toml/,57,60,254
/en/latest/tutorials/installing-packages/,11,11,405
/ja/latest/tutorials/packaging-projects/,11,11,0
/ja/latest/discussions/setup-py-deprecated/,7,7,117
/en/latest/tutorials/packaging-projects/,6,6,261
/ja/latest/discussions/src-layout-vs-flat-layout/,6,6,0
/ja/latest/guides/index-mirrors-and-caches/,5,5,455
/ja/latest/guides/migrating-to-pypi-org/,5,5,165
/ja/latest/specifications/platform-compatibility-tags/,5,5,35
/ja/latest/guides/analyzing-pypi-package-downloads/,4,4,0
/ja/latest/guides/installing-stand-alone-command-line-tools/,4,4,18
/ja/latest/guides/modernize-setup-py-project/,4,4,5
/ja/latest/key_projects/,4,4,302
/ja/latest/guides/installing-using-linux-tools/,3,3,15
/ja/latest/guides/packaging-namespace-packages/,3,3,14
/en/latest/,2,2,1694
/ja/latest/discussions/versioning/,2,2,1
/ja/latest/guides/creating-and-discovering-plugins/,2,2,0
/ja/latest/guides/distributing-packages-using-setuptools/,2,2,0
/ja/latest/guides/making-a-pypi-friendly-readme/,2,2,0
/ja/latest/overview/,2,2,276
/ja/latest/specifications/binary-distribution-format/,2,2,0
/ja/latest/specifications/core-metadata/,2,2,0
/ja/latest/tutorials/managing-dependencies/,2,2,0
/en/latest/discussions/src-layout-vs-flat-layout/,1,2,444
/en/latest/glossary/,1,1,204
/en/latest/guides/installing-stand-alone-command-line-tools/,1,1,28
/en/latest/guides/installing-using-pip-and-virtual-environments/,1,1,41
/en/latest/guides/tool-recommendations/,1,1,53
/en/latest/specifications/,1,1,195
/en/latest/specifications/core-metadata/,1,1,529
/ja/latest/,1,1,3
/ja/latest/discussions/deploying-python-applications/,1,1,0
/ja/latest/discussions/package-formats/,1,1,0
/ja/latest/discussions/single-source-version/,1,1,2
/ja/latest/glossary/,1,1,30
/ja/latest/guides/creating-command-line-tools/,1,1,362
/ja/latest/guides/hosting-your-own-index/,1,1,0
/ja/latest/guides/packaging-binary-extensions/,1,1,27
/ja/latest/guides/publishing-package-distribution-releases-using-github-actions-ci-cd-workflows/,1,1,2052
/ja/latest/guides/section-build-and-publish/,1,1,0
/ja/latest/guides/tool-recommendations/,1,1,0
/ja/latest/guides/using-manifest-in/,1,1,0
/ja/latest/specifications/,1,1,45
/ja/latest/specifications/dependency-specifiers/,1,1,120
/ja/latest/specifications/entry-points/,1,1,0
/ja/latest/specifications/inline-script-metadata/,1,1,0
/ja/latest/specifications/pylock-toml/,1,1,0
/ja/latest/specifications/pyproject-toml/,1,1,376
/ja/latest/specifications/source-distribution-format/,1,1,8
/ja/latest/specifications/version-specifiers/,1,1,0
/pt-br/latest/tutorials/installing-packages/,1,1,159
/pt-br/latest/tutorials/packaging-projects/,1,1,6
