name,visitors,pageviews,bounce_rate,time_on_page,scroll_depth
/ja/latest/tutorials/installing-packages/,94,98,81,32,44
/ja/latest/guides/installing-using-pip-and-virtual-environments/,91,100,91,54,52
/ja/latest/guides/writing-pyproject-toml/,62,77,77,37,51
/ja/latest/tutorials/packaging-projects/,22,23,100,25,34
/ja/latest/key_projects/,10,20,50,33,37
/ja/latest/discussions/setup-py-deprecated/,9,9,71,6,31
/ja/latest/discussions/src-layout-vs-flat-layout/,9,12,100,52,90
/ja/latest/overview/,9,8,50,33,46
/ja/latest/guides/installing-using-linux-tools/,8,6,67,8,88
/ja/latest/glossary/,7,5,0,10,89
/ja/latest/guides/analyzing-pypi-package-downloads/,7,6,100,17,41
/ja/latest/guides/distributing-packages-using-setuptools/,6,5,100,24,85
/ja/latest/guides/index-mirrors-and-caches/,6,10,60,49,87
/ja/latest/guides/installing-stand-alone-command-line-tools/,6,6,75,23,82
/ja/latest/,5,4,0,3,44
/ja/latest/guides/migrating-to-pypi-org/,5,6,60,16,52
/ja/latest/specifications/platform-compatibility-tags/,5,6,80,48,54
/ja/latest/guides/modernize-setup-py-project/,4,5,75,24,63
/ja/latest/guides/tool-recommendations/,4,3,100,6,50
/ja/latest/specifications/binary-distribution-format/,4,4,100,13,32
/ja/latest/specifications/core-metadata/,4,4,100,9,7
/ja/latest/specifications/pyproject-toml/,4,4,0,19,48
/ja/latest/specifications/version-specifiers/,4,4,100,5,14
/ja/latest/discussions/package-formats/,3,2,100,40,82
/ja/latest/guides/creating-and-discovering-plugins/,3,2,100,46,82
/ja/latest/guides/packaging-namespace-packages/,3,3,67,38,82
/ja/latest/discussions/versioning/,2,2,50,8,100
/ja/latest/flow/,2,2,0,12,55
/ja/latest/guides/creating-command-line-tools/,2,3,0,13,60
/ja/latest/guides/hosting-your-own-index/,2,2,100,5,41
/ja/latest/guides/making-a-pypi-friendly-readme/,2,2,100,9,100
/ja/latest/guides/publishing-package-distribution-releases-using-github-actions-ci-cd-workflows/,2,2,0,42,92
/ja/latest/guides/section-build-and-publish/,2,1,100,15,100
/ja/latest/guides/section-hosting/,2,4,0,3,88
/ja/latest/specifications/entry-points/,2,2,100,9,45
/ja/latest/tutorials/managing-dependencies/,2,2,100,13,32
/ja/latest/discussions/deploying-python-applications/,1,1,100,19,100
/ja/latest/discussions/downstream-packaging/,1,1,0,15,18
/ja/latest/discussions/single-source-version/,1,1,0,1,61
/ja/latest/guides/,1,1,0,2,59
/ja/latest/guides/installing-scientific-packages/,1,1,0,,
/ja/latest/guides/packaging-binary-extensions/,1,1,0,18,19
/ja/latest/guides/section-install/,1,1,0,16,100
/ja/latest/guides/using-manifest-in/,1,1,100,,
/ja/latest/specifications/,1,1,0,,
/ja/latest/specifications/dependency-specifiers/,1,3,0,31,98
/ja/latest/specifications/inline-script-metadata/,1,1,100,,
/ja/latest/specifications/pylock-toml/,1,1,100,,
/ja/latest/specifications/pypirc/,1,2,0,41,81
/ja/latest/specifications/section-distribution-metadata/,1,1,0,4,100
/ja/latest/specifications/source-distribution-format/,1,1,0,,
/ja/latest/tutorials/,1,1,0,3,100
