name,unique_entrances,total_entrances,visit_duration
/zh-tw/3/tutorial/index.html,70,72,173
/zh-tw/3/library/venv.html,44,45,4
/dev/using/windows.html,27,27,797
/3/,22,22,577
/zh-tw/3/library/collections.html,19,20,0
/zh-tw/3/library/random.html,18,18,0
/zh-tw/3/library/re.html,18,19,70
/zh-tw/3/tutorial/classes.html,18,18,408
/zh-tw/3/howto/sorting.html,16,16,2
/zh-tw/3/tutorial/interpreter.html,16,17,3
/zh-tw/3/howto/argparse.html,15,15,204
/zh-tw/3/library/csv.html,15,15,65
/zh-tw/3/library/index.html,15,15,485
/zh-tw/3/tutorial/introduction.html,15,16,161
/zh-tw/3/using/mac.html,15,15,64
/zh-tw/3/library/json.html,14,14,5
/zh-tw/3.13/tutorial/index.html,13,13,249
/zh-tw/3.15/using/windows.html,13,13,386
/zh-tw/dev/installing/index.html,13,13,146
/zh-tw/3/library/concurrent.futures.html,12,13,36
/zh-tw/3/library/heapq.html,12,12,2
/zh-tw/3/library/os.path.html,12,12,41
/zh-tw/3/tutorial/controlflow.html,12,13,0
/zh-tw/3/tutorial/venv.html,10,10,250
/zh-tw/3/library/bisect.html,9,9,126
/zh-tw/3/library/functions.html,9,10,0
/zh-tw/3/library/pathlib.html,9,10,3
/zh-tw/3/reference/index.html,8,9,147
/zh-tw/3/tutorial/inputoutput.html,8,8,0
/zh-tw/3/faq/windows.html,7,7,148
/zh-tw/3/library/asyncio.html,7,8,1
/zh-tw/3/library/math.html,7,7,183
/zh-tw/3/library/operator.html,7,7,0
/zh-tw/dev/library/os.path.html,7,8,1
/zh-tw/dev/whatsnew/3.12.html,7,7,52
/3/library/venv.html,6,6,607
/zh-tw/3/,6,6,13
/zh-tw/3/library/enum.html,6,6,268
/zh-tw/3/library/pdb.html,6,7,66
/zh-tw/3/library/typing.html,6,6,0
/zh-tw/3/tutorial/appetite.html,6,6,29
/zh-tw/3/tutorial/datastructures.html,6,6,418
/zh-tw/3/tutorial/modules.html,6,7,0
/zh-tw/dev/library/array.html,6,6,0
/zh-tw/3.12/library/index.html,5,5,136
/zh-tw/3.14/,5,5,226
/zh-tw/3/download.html,5,5,14
/zh-tw/3/library/pickle.html,5,5,5
/zh-tw/3/library/queue.html,5,5,70
/zh-tw/3/library/stdtypes.html,5,5,0
/zh-tw/3/library/threading.html,5,5,0
/zh-tw/3/library/time.html,5,5,14
/zh-tw/3/reference/import.html,5,5,1
/zh-tw/3/search.html,5,6,1739
/zh-tw/3/tutorial/errors.html,5,5,3947
/3/library/idle.html,4,4,767
/3/tutorial/,4,4,1583
/zh-tw/3.13/library/__main__.html,4,4,0
/zh-tw/3.14/download.html,4,4,125
/zh-tw/3.14/library/io.html,4,4,0
/zh-tw/3.14/tutorial/index.html,4,4,1533
/zh-tw/3.15/tutorial/index.html,4,4,2
/zh-tw/3/c-api/index.html,4,4,21
/zh-tw/3/howto/annotations.html,4,4,655
/zh-tw/3/howto/sockets.html,4,4,0
/zh-tw/3/index.html,4,4,491
/zh-tw/3/library/copy.html,4,4,5
/zh-tw/3/library/exceptions.html,4,4,0
/zh-tw/3/library/tkinter.html,4,4,0
/zh-tw/3/library/unittest.html,4,4,0
/zh-tw/3/library/zipfile.html,4,5,1984
/zh-tw/3/using/android.html,4,4,9
/zh-tw/dev/library/string.html,4,4,1
/zh-tw/dev/library/venv.html,4,4,0
/3.14/,3,3,92
/3/library/random.html,3,3,377
/3/py-modindex.html,3,3,862
/3/tutorial/classes.html,3,4,1904
/3/tutorial/index.html,3,3,2289
/zh-tw/3.12/index.html,3,4,0
/zh-tw/3.13/library/math.html,3,3,0
/zh-tw/3.13/tutorial/,3,3,1229
/zh-tw/3.13/tutorial/classes.html,3,3,3310
/zh-tw/3.13/tutorial/controlflow.html,3,4,0
/zh-tw/3.13/tutorial/modules.html,3,3,0
/zh-tw/3.14/reference/datamodel.html,3,3,60
/zh-tw/3.14/tutorial/modules.html,3,3,0
/zh-tw/3.15/tutorial/inputoutput.html,3,3,0
/zh-tw/3/glossary.html,3,3,164
/zh-tw/3/library/__main__.html,3,3,636
/zh-tw/3/library/abc.html,3,4,2
/zh-tw/3/library/array.html,3,3,0
/zh-tw/3/library/datetime.html,3,3,0
/zh-tw/3/library/http.html,3,3,48
/zh-tw/3/library/sys_path_init.html,3,3,0
/zh-tw/3/library/tempfile.html,3,3,3
/zh-tw/3/library/unittest.mock-examples.html,3,3,250
/zh-tw/3/tutorial/appendix.html,3,3,72
/zh-tw/3/whatsnew/3.12.html,3,3,3
/zh-tw/3/whatsnew/3.13.html,3,3,7
/zh-tw/dev/library/collections.html,3,3,17
/zh-tw/dev/library/stdtypes.html,3,3,258
/3.14/whatsnew/3.14.html,2,2,42
/3.15/whatsnew/3.15.html,2,2,30
/3/index.html,2,2,460
/3/library/,2,2,282
/3/library/functions.html,2,2,183
/3/library/io.html,2,2,2196
/3/library/logging.html,2,2,597
/3/library/stdtypes.html,2,2,201
/3/library/subprocess.html,2,2,348
/3/library/unittest.html,2,2,7
/3/reference/datamodel.html,2,2,140
/3/search.html,2,2,2028
/3/tutorial/controlflow.html,2,2,604
/zh-cn/3.14/tutorial/index.html,2,2,190
/zh-cn/3/,2,2,72
/zh-cn/3/library/contextlib.html,2,2,236
/zh-tw/3.13/c-api/index.html,2,2,16
/zh-tw/3.13/library/py_compile.html,2,2,0
/zh-tw/3.13/library/turtle.html,2,2,0
/zh-tw/3.13/reference/index.html,2,2,353
/zh-tw/3.13/whatsnew/,2,2,0
/zh-tw/3.14/c-api/stable.html,2,2,0
/zh-tw/3.14/library/functions.html,2,2,0
/zh-tw/3.14/library/index.html,2,2,116
/zh-tw/3.14/library/random.html,2,2,0
/zh-tw/3.14/py-modindex.html,2,2,0
/zh-tw/3.14/reference/index.html,2,3,1
/zh-tw/3.14/reference/lexical_analysis.html,2,2,0
/zh-tw/3.14/tutorial/classes.html,2,2,724
/zh-tw/3.14/tutorial/errors.html,2,2,980
/zh-tw/3.14/whatsnew/3.12.html,2,2,3
/zh-tw/3.14/whatsnew/3.14.html,2,2,0
/zh-tw/3.15/,2,2,0
/zh-tw/3/bugs.html,2,2,38
/zh-tw/3/howto/index.html,2,2,542
/zh-tw/3/howto/logging.html,2,2,0
/zh-tw/3/installing/index.html,2,2,41
/zh-tw/3/library/ast.html,2,2,24
/zh-tw/3/library/base64.html,2,2,0
/zh-tw/3/library/distutils.html,2,2,0
/zh-tw/3/library/errno.html,2,3,0
/zh-tw/3/library/gc.html,2,2,0
/zh-tw/3/library/html.parser.html,2,2,0
/zh-tw/3/library/itertools.html,2,2,34
/zh-tw/3/library/modules.html,2,2,26
/zh-tw/3/library/ssl.html,2,2,0
/zh-tw/3/library/timeit.html,2,2,0
/zh-tw/3/library/unittest.mock.html,2,2,14
/zh-tw/3/library/uuid.html,2,3,1
/zh-tw/3/library/warnings.html,2,2,29
/zh-tw/3/library/weakref.html,2,2,0
/zh-tw/3/reference/grammar.html,2,2,0
/zh-tw/3/tutorial/,2,2,294
/zh-tw/3/tutorial/floatingpoint.html,2,2,0
/zh-tw/3/whatsnew/3.14.html,2,3,8
/zh-tw/dev/c-api/memoryview.html,2,2,0
/zh-tw/dev/howto/sorting.html,2,2,0
/zh-tw/dev/library/asyncio-dev.html,2,3,0
/zh-tw/dev/library/base64.html,2,2,0
/zh-tw/dev/library/constants.html,2,2,0
/zh-tw/dev/library/copy.html,2,2,0
/zh-tw/dev/library/timeit.html,2,2,0
/3.12/library/idle.html,1,1,28
/3.12/library/turtle.html,1,1,84
/3.13/,1,1,22
/3.13/tutorial/index.html,1,1,99
/3.14/index.html,1,1,1405
/3.14/library/copy.html,1,1,27
/3.15/,1,1,17
/3.15/library/profiling.sampling.html,1,1,2324
/3/faq/,1,1,31
/3/howto/mro.html,1,1,2285
/3/library/abc.html,1,1,0
/3/library/asyncio-sync.html,1,1,82
/3/library/concurrent.futures.html,1,1,0
/3/library/distutils.html,1,1,3
/3/library/email.examples.html,1,1,573
/3/library/enum.html,1,1,621
/3/library/index.html,1,1,3377
/3/library/intro.html,1,1,58
/3/library/mailbox.html,1,1,0
/3/library/multiprocessing.html,1,1,0
/3/library/pathlib.html,1,1,224
/3/library/pickle.html,1,1,34
/3/library/runpy.html,1,1,4
/3/library/secrets.html,1,1,93
/3/library/struct.html,1,1,100
/3/library/sys_path_init.html,1,1,219
/3/library/termios.html,1,1,8
/3/library/tkinter.html,1,1,74
/3/library/turtle.html,1,1,1187
/3/library/typing.html,1,1,43
/3/library/unittest.mock.html,1,1,9
/3/library/warnings.html,1,1,196
/3/reference/index.html,1,1,1178
/3/tutorial/appetite.html,1,1,5782
/3/tutorial/errors.html,1,1,6
/3/tutorial/inputoutput.html,1,1,0
/3/using/cmdline.html,1,1,975
/3/using/windows.html,1,1,84
/fr/3/tutorial/,1,1,4757
/ja/3.14/whatsnew/3.14.html,1,1,499
/ja/3/library/datatypes.html,1,1,11
/ja/3/tutorial/index.html,1,1,2542
/ko/3.14/tutorial/controlflow.html,1,1,33
/ko/dev/tutorial/inputoutput.html,1,1,102
/zh-cn/3.13/library/asyncio.html,1,1,133
/zh-cn/3.14/,1,1,516
/zh-cn/3.14/library/enum.html,1,1,309
/zh-cn/3.14/library/re.html,1,1,304
/zh-cn/3.14/library/turtle.html,1,1,5
/zh-cn/3.14/tutorial/classes.html,1,1,94
/zh-cn/3.14/tutorial/interpreter.html,1,1,211
/zh-cn/3.15/index.html,1,1,0
/zh-cn/3/library/distribution.html,1,1,181
/zh-cn/3/library/index.html,1,1,142
/zh-cn/3/library/struct.html,1,1,562
/zh-cn/3/library/typing.html,1,1,0
/zh-tw/3.12/contents.html,1,1,0
/zh-tw/3.12/glossary.html,1,1,0
/zh-tw/3.12/howto/perf_profiling.html,1,1,0
/zh-tw/3.12/library/custominterp.html,1,1,0
/zh-tw/3.12/library/io.html,1,1,0
/zh-tw/3.12/library/os.html,1,1,34
/zh-tw/3.12/library/random.html,1,1,0
/zh-tw/3.12/tutorial/,1,1,0
/zh-tw/3.12/using/windows.html,1,1,0
/zh-tw/3.12/whatsnew/index.html,1,1,0
/zh-tw/3.13/,1,1,0
/zh-tw/3.13/bugs.html,1,1,0
/zh-tw/3.13/c-api/exceptions.html,1,1,0
/zh-tw/3.13/c-api/init_config.html,1,1,0
/zh-tw/3.13/c-api/intro.html,1,1,59
/zh-tw/3.13/c-api/unicode.html,1,1,0
/zh-tw/3.13/download.html,1,1,0
/zh-tw/3.13/genindex-A.html,1,1,0
/zh-tw/3.13/genindex-R.html,1,1,0
/zh-tw/3.13/genindex-U.html,1,1,0
/zh-tw/3.13/genindex-符號.html,1,1,0
/zh-tw/3.13/library/__future__.html,1,1,0
/zh-tw/3.13/library/asyncio-dev.html,1,1,177
/zh-tw/3.13/library/asyncio-queue.html,1,1,0
/zh-tw/3.13/library/asyncio-sync.html,1,1,277
/zh-tw/3.13/library/bisect.html,1,1,6
/zh-tw/3.13/library/concurrent.futures.html,1,1,0
/zh-tw/3.13/library/csv.html,1,1,0
/zh-tw/3.13/library/datatypes.html,1,1,6
/zh-tw/3.13/library/importlib.resources.html,1,1,0
/zh-tw/3.13/library/mailbox.html,1,1,0
/zh-tw/3.13/library/os.path.html,1,1,0
/zh-tw/3.13/library/pathlib.html,1,1,0
/zh-tw/3.13/library/queue.html,1,1,0
/zh-tw/3.13/library/threading.html,1,1,48
/zh-tw/3.13/library/timeit.html,1,1,1355
/zh-tw/3.13/library/tkinter.dnd.html,1,1,0
/zh-tw/3.13/library/tkinter.messagebox.html,1,1,0
/zh-tw/3.13/reference/simple_stmts.html,1,1,0
/zh-tw/3.13/tutorial/datastructures.html,1,2,0
/zh-tw/3.13/tutorial/errors.html,1,1,0
/zh-tw/3.13/using/,1,1,0
/zh-tw/3.13/whatsnew/3.11.html,1,1,0
/zh-tw/3.13/whatsnew/3.12.html,1,1,0
/zh-tw/3.13/whatsnew/changelog.html,1,1,0
/zh-tw/3.14/faq/extending.html,1,1,0
/zh-tw/3.14/faq/windows.html,1,1,104
/zh-tw/3.14/genindex-C.html,1,1,0
/zh-tw/3.14/genindex-J.html,1,1,0
/zh-tw/3.14/genindex-符號.html,1,1,0
/zh-tw/3.14/glossary.html,1,1,0
/zh-tw/3.14/howto/unicode.html,1,1,0
/zh-tw/3.14/index.html,1,1,3548
/zh-tw/3.14/library/,1,1,45
/zh-tw/3.14/library/__main__.html,1,1,11
/zh-tw/3.14/library/collections.abc.html,1,1,0
/zh-tw/3.14/library/collections.html,1,1,0
/zh-tw/3.14/library/dataclasses.html,1,1,106
/zh-tw/3.14/library/fractions.html,1,1,0
/zh-tw/3.14/library/idle.html,1,1,19
/zh-tw/3.14/library/pdb.html,1,1,0
/zh-tw/3.14/library/re.html,1,1,0
/zh-tw/3.14/library/stdtypes.html,1,1,0
/zh-tw/3.14/library/tarfile.html,1,1,0
/zh-tw/3.14/library/tkinter.html,1,1,0
/zh-tw/3.14/library/turtle.html,1,1,0
/zh-tw/3.14/library/unittest.html,1,1,0
/zh-tw/3.14/library/venv.html,1,1,0
/zh-tw/3.14/reference/introduction.html,1,1,0
/zh-tw/3.14/search.html,1,1,50
/zh-tw/3.14/tutorial/controlflow.html,1,1,0
/zh-tw/3.14/tutorial/introduction.html,1,2,9
/zh-tw/3.14/using/android.html,1,1,0
/zh-tw/3.14/using/cmdline.html,1,1,0
/zh-tw/3.14/using/configure.html,1,1,303
/zh-tw/3.14/using/windows.html,1,1,690
/zh-tw/3.15/index.html,1,1,0
/zh-tw/3.15/library/annotationlib.html,1,1,0
/zh-tw/3.15/library/py_compile.html,1,1,0
/zh-tw/3.15/reference/index.html,1,1,61
