name,visitors,bounce_rate,visit_duration
google.com,585,82,108
Direct / None,427,73,362
bing.com,20,80,314
baidu.com/link,19,68,11
python.org,17,0,901
steam.oxxostudio.tw,14,71,56
cn.bing.com,6,67,66
m.baidu.com,6,75,16
google.com.hk,5,67,882
ithelp.ithome.com.tw,4,75,8
google.com.tw,3,100,0
tw.search.yahoo.com,3,100,0
chatgpt.com,2,100,45
finlab.tw,2,100,0
gemini.google.com,2,100,2
claude.ai,1,100,0
cs50.harvard.edu,1,0,49
dboyliao.medium.com/%E6%B7%BA%E8%AB%87-python-metaclass-dfacf24d6dd5,1,0,190
ecosia.org,1,100,0
henyahouse.com,1,100,0
hk.search.yahoo.com,1,100,0
ibco.com.tw,1,0,75
link.csdn.net,1,0,65
m.baidu.com/from=1001703a/bd_page_type=1/ssid=0/uid=0/pu=usm%400%2Csz%401320_1001%2Cta%40ins_2_16.0_18_40.10/baiduid=6FAB111920A6AB7843210771757FFBD6/w=0_10_/t=zbios/l=1/tc,1,100,0
m.baidu.com/from=1013966u/bd_page_type=1/ssid=0/uid=0/pu=usm%400%2Csz%401320_1001%2Cta%40iphone_2_10.0_19_27.9/baiduid=9C4A0C721F033B18AEC5D36E61D04499/w=0_10_/t=iphone/l=1/tc,1,100,0
m.baidu.com/from=1034829p/bd_page_type=1/ssid=2220b9f9d0a1c7bf39393185be/uid=0/pu=usm%400%2Csz%401320_1001%2Cta%40iphone_2_12.0_24_100.0/baiduid=7B9686D22EBBE243506F7ADF6CFDB11E/w=0_10_/t=iphone/l=1/tc,1,100,0
m.baidu.com/s,1,0,102
medium.com/@zhyixi82105/python%E8%88%87vs-code%E7%92%B0%E5%A2%83%E5%BB%BA%E7%BD%AE-a5c6c3b9ead,1,100,0
perplexity.ai,1,100,0
realnewbie.com,1,100,0
statics.teams.cdn.office.net,1,100,0
wiki.archlinuxcn.org,1,0,438
