name,unique_exits,total_exits,exit_rate
/tr/3.15/using/windows.html,17,18,
/tr/3.14/,11,12,
/3/,8,8,
/dev/using/windows.html,8,8,
/tr/3/glossary.html,8,8,
/tr/3/installing/index.html,7,6,
/tr/3/tutorial/index.html,7,7,
/tr/3.14/tutorial/index.html,5,6,
/tr/3/library/errno.html,4,4,
/tr/3/library/tkinter.ttk.html,4,4,
/3/library/idle.html,3,3,
/3/tutorial/controlflow.html,3,3,
/tr/3.14/library/tkinter.html,3,3,
/tr/3.14/tutorial/appetite.html,3,3,
/tr/3.14/using/windows.html,3,3,
/tr/3/bugs.html,3,3,
/tr/3/library/imaplib.html,3,3,
/tr/3/library/io.html,3,3,
/tr/3/library/sys.html,3,3,
/tr/3/library/tomllib.html,3,3,
/3.14/tutorial/index.html,2,2,
/tr/3.14/installing/index.html,2,2,
/tr/3.14/library/idle.html,2,2,
/tr/3.14/reference/compound_stmts.html,2,2,
/tr/3.14/tutorial/,2,3,
/tr/3.14/tutorial/errors.html,2,2,
/tr/3.14/tutorial/interpreter.html,2,2,
/tr/3.14/tutorial/introduction.html,2,2,
/tr/3.15/,2,2,
/tr/3/,2,1,
/tr/3/c-api/concrete.html,2,2,
/tr/3/contents.html,2,2,
/tr/3/genindex-M.html,2,2,
/tr/3/library/codecs.html,2,2,
/tr/3/library/datetime.html,2,2,
/tr/3/library/email.errors.html,2,2,
/tr/3/library/email.header.html,2,2,
/tr/3/library/gzip.html,2,2,
/tr/3/library/locale.html,2,2,
/tr/3/library/marshal.html,2,2,
/tr/3/library/operator.html,2,2,
/tr/3/library/resource.html,2,2,
/tr/3/library/rlcompleter.html,2,2,
/tr/3/library/secrets.html,2,2,
/tr/3/library/ssl.html,2,2,
/tr/3/library/token.html,2,2,
/tr/3/tutorial/appetite.html,2,2,
/tr/3/tutorial/controlflow.html,2,2,
/tr/3/tutorial/datastructures.html,2,2,
/tr/3/tutorial/interpreter.html,2,2,
/tr/3/whatsnew/3.2.html,2,2,
/3.12/,1,1,
/3.13/library/__main__.html,1,1,
/3.14/c-api/cell.html,1,1,
/3.14/index.html,1,1,
/3.14/library/idle.html,1,1,
/3.14/library/re.html,1,0,
/3.14/tutorial/modules.html,1,1,
/3.14/using/windows.html,1,1,
/3.15/,1,1,
/3.15/search.html,1,1,
/3/download.html,1,1,
/3/installing/index.html,1,1,
/3/library/functions.html,1,1,
/3/library/logging.html,1,1,
/3/library/stdtypes.html,1,1,
/3/reference/index.html,1,1,
/3/search.html,1,1,
/3/tutorial/appetite.html,1,1,
/3/tutorial/index.html,1,1,
/3/tutorial/interpreter.html,1,1,
/3/using/windows.html,1,1,
/fr/3.14/library/csv.html,1,1,
/tr/3.12/download.html,1,1,
/tr/3.13/,1,1,
/tr/3.13/index.html,1,1,
/tr/3.13/py-modindex.html,1,1,
/tr/3.13/tutorial/controlflow.html,1,1,
/tr/3.14/bugs.html,1,1,
/tr/3.14/contents.html,1,1,
/tr/3.14/library/csv.html,1,1,
/tr/3.14/library/logging.html,1,1,
/tr/3.14/library/re.html,1,1,
/tr/3.14/library/stdtypes.html,1,1,
/tr/3.14/py-modindex.html,1,1,
/tr/3.14/search.html,1,1,
/tr/3/c-api/exceptions.html,1,1,
/tr/3/c-api/init.html,1,1,
/tr/3/c-api/list.html,1,1,
/tr/3/copyright.html,1,1,
/tr/3/deprecations/c-api-pending-removal-in-3.15.html,1,1,
/tr/3/faq/installed.html,1,1,
/tr/3/genindex-O.html,1,1,
/tr/3/genindex-P.html,1,1,
/tr/3/genindex-Q.html,1,1,
/tr/3/genindex.html,1,1,
/tr/3/library/_thread.html,1,1,
/tr/3/library/annotationlib.html,1,1,
/tr/3/library/array.html,1,1,
/tr/3/library/calendar.html,1,1,
