name,visitors,bounce_rate,visit_duration
google.com,2518,80,121
Direct / None,1533,63,237
m.baidu.com,1282,89,17
bing.com,251,77,202
qiita.com,183,84,76
note.nkmk.me,125,85,114
search.yahoo.co.jp,57,88,45
google.co.jp,32,51,306
baidu.com,28,79,23
python.jp,21,71,64
python.org,19,0,425
chatgpt.com,18,65,134
duckduckgo.com,17,50,698
baidu.com/link,16,88,17
utokyo-ipp.github.io,16,69,185
python-izm.com,13,86,31
statics.teams.cdn.office.net,12,83,145
m.baidu.com/s,11,100,0
github.com,9,78,19
honda-reskill.aidemy.jp,8,100,0
chokkan.github.io,7,88,209
teratail.com,6,83,180
youtube.com,6,100,58
algo-method.com,5,20,1425
business.algo-method.com,5,40,386
sejuku.net,5,60,57
nikkie-ftnext.hatenablog.com,4,75,157
blog.pyq.jp,3,67,90
docs.pyq.jp,3,100,0
excel-ubara.com,3,67,12
git.rakuten-it.com,3,67,4
python.org/events,3,0,22
yoheim.net,3,100,0
app.shodo.ink,2,100,0
diver.diveintocode.jp,2,100,0
dpac.dpri.kyoto-u.ac.jp,2,100,0
edu.next-revolution.net,2,100,0
gemini.google.com,2,100,0
hitachigroup.okta.com,2,100,0
jaldx.atlassian.net,2,50,77
m.baidu.com/from=1001192y/bd_page_type=1/ssid=0/uid=0/pu=usm%400%2Csz%401320_1001%2Cta%40iphone_2_10.0_28_16.0/baiduid=8C0F13142CD79D7066C31E6939DCE07F/w=0_10_/t=iphone/l=1/tc,2,50,0
m.baidu.com/from=1001192y/bd_page_type=1/ssid=0/uid=0/pu=usm%401%2Csz%401320_1001%2Cta%40iphone_2_10.0_28_16.0/baiduid=1AD1336D2813270E31D2BF7927650518/w=0_10_/t=iphone/l=1/tc,2,50,0
m.baidu.com/from=1019311a/bd_page_type=1/ssid=0/uid=0/pu=sz%401320_1001%2Cta%40iphone_2_6.0_19_10.9%2Cusm%400/baiduid=9AECA20084E194E2377CA6793134E270/w=0_10_/t=iphone/l=1/tc,2,100,0
m.baidu.com/from=1019311a/bd_page_type=1/ssid=0/uid=0/pu=usm%400%2Csz%401320_1001%2Cta%40iphone_2_13.0_19_25.0/baiduid=FBF99AE457AAF780DD859E57BEAAFDDA/w=0_10_/t=iphone/l=1/tc,2,100,0
m.baidu.com/from=1020761f/bd_page_type=1/ssid=0/uid=0/pu=usm%400%2Csz%401320_1001%2Cta%40iphone_2_8.1_19_10.8/baiduid=2A759E0410EC49A1AA92E79E1C3702A1/w=0_10_/t=iphone/l=1/tc,2,50,92
m.baidu.com/from=1023341n/bd_page_type=1/ssid=0/uid=0/pu=usm%401%2Csz%401320_1001%2Cta%40ins_2_15.0_18_/baiduid=FBD823EF73A06050D32136BA42F1FD79/w=0_10_/t=zbios/l=1/tc,2,50,8
m.baidu.com/from=1024369g/bd_page_type=1/ssid=0/uid=0/pu=usm%401%2Csz%401320_1001%2Cta%40iphone_2_15.0_19_25.8/baiduid=F8B246EA00CB58D46B0E6CDAAE557A54/w=0_10_/t=iphone/l=1/tc,2,100,0
m.baidu.com/from=844b/bd_page_type=1/ssid=0/uid=0/pu=usm%400%2Csz%401320_1004%2Cvmgdb%400020100228y/baiduid=8830419C8C5FA5E01872E2C20487EDF4/w=0_10_/t=zbios/l=1/tc,2,0,62
m.baidu.com/sf/vsearch,2,100,0
mazda.aidemy.jp,2,100,0
nambulab-nagaokaut.github.io,2,100,0
notion.so,2,50,86
search.brave.com,2,50,648
t.co,2,100,916
text.geek-salon-products.com,2,100,0
192.168.1.239,1,100,0
aicht-fh-cp.gl01.fujifilm-intra.com,1,0,334
aimjc.azurewebsites.net,1,0,11
aisin.aidemy.jp,1,100,0
akiblog.tech,1,100,0
alicia-ing.com/programming/python/exe-file,1,100,0
android-app://com.google.android.gm,1,0,6
atmarkit.itmedia.co.jp,1,100,0
atmarkit.itmedia.co.jp/ait/articles/2012/04/news020.html,1,0,5646
blog.amedama.jp,1,0,386
c-aichat.azurewebsites.net,1,0,2388
canon-mj.aidemy.jp,1,100,0
canon.aidemy.jp,1,100,0
cechat-web.com,1,100,0
cfxlog.com,1,100,0
chat.chatbot.app,1,100,0
chiba-tech.hatenablog.com,1,100,0
classroom.google.com,1,100,0
copilot.microsoft.com,1,0,6
denshi.club,1,100,0
dev.classmethod.jp,1,100,0
digipla.qh.toyota.co.jp,1,100,0
docs.astral.sh,1,0,0
docs.python-guide.org,1,0,66
dotinstall.com,1,0,51
ecosia.org,1,100,0
engineer-life.dev,1,100,0
evernote.com,1,100,0
exp.starjuku.net,1,100,0
extra-confluence.gree-office.net,1,100,0
free.aidemy.jp,1,100,0
furukawakk.aidemy.jp,1,100,0
github.com/chokkan/python/blob/main/references.md,1,100,0
github.com/encode/uvicorn/issues/491,1,0,255
github.com/huangsam/ultimate-python,1,0,239
github.com/litagin02/Style-Bert-VITS2/pull/128,1,100,0
github.com/python/cpython/issues/78195,1,0,2275
github.intra.oki.co.jp,1,100,0
github.sie.sony.com,1,100,0
google.com/search,1,0,1857
hibiki-press.tech/python/time_time/1569,1,100,0
idap.daiichisankyo.com,1,100,0
jp.quora.com,1,100,0
jpc-powerpoint.officeapps.live.com,1,100,0
jupyter1.atmosfera.unam.mx,1,0,38
kamiki.blog,1,0,11
kccs.aidemy.jp,1,100,0
kondeneenen.com,1,100,0
kt.aichat.koeitecmo.local,1,100,0
kurita.aidemy.jp,1,100,0
lifewithpython.com,1,100,0
login.microsoftonline.com,1,100,0
login.zscaler.net,1,100,0
ltr-abi.no,1,0,138
m.baidu.com/from=0/bd_page_type=1/ssid=0/uid=0/pu=sz%401320_1004%2Cvmgdb%400020100228y%2Cusm%400/baiduid=4987D802D615EAADFE7243869E21656D/w=10_10_/t=zbios/l=1/tc,1,0,175
m.baidu.com/from=0/bd_page_type=1/ssid=0/uid=0/pu=usm%400%2Csz%401320_1003%2Cta%40iphone_2_15.0_1_17.5/baiduid=BBA1E13BB877F8A0915462DCEDF514DE/w=0_10_/t=iphone/l=1/tc,1,100,0
m.baidu.com/from=0/bd_page_type=1/ssid=0/uid=0/pu=usm%400%2Csz%401320_1004%2Cvmgdb%400020100228y/baiduid=79A36646D698BDB7AFA93E2810DB3F37/w=0_10_/t=zbios/l=1/tc,1,100,0
m.baidu.com/from=0/bd_page_type=1/ssid=0/uid=0/pu=usm%400%2Csz%401320_1004%2Cvmgdb%400020100228y/baiduid=95D6301BF70ECC40A37934928C94E94D/w=0_10_/t=zbios/l=1/tc,1,100,0
m.baidu.com/from=0/bd_page_type=1/ssid=0/uid=0/pu=usm%400%2Csz%401320_1004%2Cvmgdb%400020100228y/baiduid=A0689FF8873B8EF93099F0854F2205F0/w=0_10_/t=zbios/l=1/tc,1,0,11
m.baidu.com/from=0/bd_page_type=1/ssid=0/uid=0/pu=usm%403%2Csz%401320_1004%2Cvmgdb%400020100228y/baiduid=FC0F47A83E172842D0B674DF8F9081C4/w=0_10_/t=zbios/l=1/tc,1,100,0
m.baidu.com/from=1000539d/bd_page_type=1/ssid=0/uid=0/pu=usm%401%2Csz%401320_220%2Cta%40iphone___3_605/baiduid=E2F23D312BBCDAB20A2831A75186E064/w=0_10_/t=iphone/l=1/tc,1,100,0
m.baidu.com/from=1001192y/bd_page_type=1/ssid=0/uid=0/pu=sz%401320_1001%2Cta%40iphone_2_10.0_28_16.0%2Cusm%400/baiduid=0EBA47332E08BBCA0527C103536BED0F/w=0_10_/t=iphone/l=1/tc,1,0,45
m.baidu.com/from=1001192y/bd_page_type=1/ssid=0/uid=0/pu=sz%401320_1001%2Cta%40iphone_2_10.0_28_16.0%2Cusm%400/baiduid=25BCE753EB958D5BC9B0EAD9BD35A418/w=0_10_/t=iphone/l=1/tc,1,0,1
m.baidu.com/from=1001192y/bd_page_type=1/ssid=0/uid=0/pu=sz%401320_1001%2Cta%40iphone_2_10.0_28_16.0%2Cusm%400/baiduid=5C848DE6F756041B8B1A454DBD95143C/w=0_10_/t=iphone/l=1/tc,1,0,1
m.baidu.com/from=1001192y/bd_page_type=1/ssid=0/uid=0/pu=sz%401320_1001%2Cta%40iphone_2_10.0_28_16.0%2Cusm%400/baiduid=767E522151F159DF9B08423099D254B3/w=0_10_/t=iphone/l=1/tc,1,0,1
m.baidu.com/from=1001192y/bd_page_type=1/ssid=0/uid=0/pu=sz%401320_1001%2Cta%40iphone_2_10.0_28_16.0%2Cusm%400/baiduid=D117F3FD84169EF86BE9D8663158108D/w=0_10_/t=iphone/l=1/tc,1,0,2
m.baidu.com/from=1001192y/bd_page_type=1/ssid=0/uid=0/pu=sz%401320_1001%2Cta%40iphone_2_12.0_28_14.0%2Cusm%400/baiduid=C86AC20D3D01571D4B7E5A6874BFDCA5/w=0_10_/t=iphone/l=1/tc,1,100,0
m.baidu.com/from=1001192y/bd_page_type=1/ssid=0/uid=0/pu=sz%401320_1001%2Cta%40iphone_2_12.0_28_15.0%2Cusm%401/baiduid=855398082A4D7F8B751B713067C16467/w=0_10_/t=iphone/l=1/tc,1,0,0
m.baidu.com/from=1001192y/bd_page_type=1/ssid=0/uid=0/pu=sz%401320_1001%2Cta%40iphone_2_12.0_28_16.0%2Cusm%400/baiduid=5BA749262051C29D05751CCBA35F170E/w=0_10_/t=iphone/l=1/tc,1,100,0
m.baidu.com/from=1001192y/bd_page_type=1/ssid=0/uid=0/pu=sz%401320_1001%2Cta%40iphone_2_12.0_28_16.0%2Cusm%400/baiduid=9BBB74112BD58F3FF706435B5DB18044/w=0_10_/t=iphone/l=1/tc,1,100,0
m.baidu.com/from=1001192y/bd_page_type=1/ssid=0/uid=0/pu=usm%400%2Csz%401320_1001%2Cta%40iphone_2_10.0_28_15.0/baiduid=7B3F65CC0262DD9414523D7D605EF84D/w=0_10_/t=iphone/l=1/tc,1,0,0
m.baidu.com/from=1001192y/bd_page_type=1/ssid=0/uid=0/pu=usm%400%2Csz%401320_1001%2Cta%40iphone_2_10.0_28_16.0/baiduid=23026C18F1AC6EF2A4993711757E706F/w=0_10_/t=iphone/l=1/tc,1,0,1
m.baidu.com/from=1001192y/bd_page_type=1/ssid=0/uid=0/pu=usm%400%2Csz%401320_1001%2Cta%40iphone_2_10.0_28_16.0/baiduid=254A8E95AF89DD9D6F55ADA9F2F45D43/w=0_10_/t=iphone/l=1/tc,1,0,1
m.baidu.com/from=1001192y/bd_page_type=1/ssid=0/uid=0/pu=usm%400%2Csz%401320_1001%2Cta%40iphone_2_10.0_28_16.0/baiduid=30A494885B25ED3E0D852236DB7821DA/w=0_10_/t=iphone/l=1/tc,1,0,1
m.baidu.com/from=1001192y/bd_page_type=1/ssid=0/uid=0/pu=usm%400%2Csz%401320_1001%2Cta%40iphone_2_10.0_28_16.0/baiduid=3BBC7D4457956A9F64C528AE118EB14C/w=0_10_/t=iphone/l=1/tc,1,100,0
m.baidu.com/from=1001192y/bd_page_type=1/ssid=0/uid=0/pu=usm%400%2Csz%401320_1001%2Cta%40iphone_2_10.0_28_16.0/baiduid=44FD0168261C628DBC669A9C49A46E02/w=0_10_/t=iphone/l=1/tc,1,0,1
m.baidu.com/from=1001192y/bd_page_type=1/ssid=0/uid=0/pu=usm%400%2Csz%401320_1001%2Cta%40iphone_2_10.0_28_16.0/baiduid=5D0741D66FE7415A6E7AC5D8AA4677D8/w=0_10_/t=iphone/l=1/tc,1,100,0
m.baidu.com/from=1001192y/bd_page_type=1/ssid=0/uid=0/pu=usm%400%2Csz%401320_1001%2Cta%40iphone_2_10.0_28_16.0/baiduid=5F2CF0753277EA9F2DC50F070D47C32E/w=0_10_/t=iphone/l=1/tc,1,0,0
m.baidu.com/from=1001192y/bd_page_type=1/ssid=0/uid=0/pu=usm%400%2Csz%401320_1001%2Cta%40iphone_2_10.0_28_16.0/baiduid=787D3B19B6CA80C45452B9592471E78E/w=0_10_/t=iphone/l=1/tc,1,100,0
m.baidu.com/from=1001192y/bd_page_type=1/ssid=0/uid=0/pu=usm%400%2Csz%401320_1001%2Cta%40iphone_2_10.0_28_16.0/baiduid=895F7C69CF0D5EDDC2DA80B35D9F1413/w=0_10_/t=iphone/l=1/tc,1,100,0
m.baidu.com/from=1001192y/bd_page_type=1/ssid=0/uid=0/pu=usm%400%2Csz%401320_1001%2Cta%40iphone_2_10.0_28_16.0/baiduid=896362532B17F994D8ED7717CD032E23/w=0_10_/t=iphone/l=1/tc,1,0,0
m.baidu.com/from=1001192y/bd_page_type=1/ssid=0/uid=0/pu=usm%400%2Csz%401320_1001%2Cta%40iphone_2_10.0_28_16.0/baiduid=AA05B4AF87EB3BCDCDCEBD541321400B/w=0_10_/t=iphone/l=1/tc,1,0,1
m.baidu.com/from=1001192y/bd_page_type=1/ssid=0/uid=0/pu=usm%400%2Csz%401320_1001%2Cta%40iphone_2_10.0_28_16.0/baiduid=B02545159A31CFCBF248F0C44A8D5A3D/w=0_10_/t=iphone/l=1/tc,1,0,17
m.baidu.com/from=1001192y/bd_page_type=1/ssid=0/uid=0/pu=usm%400%2Csz%401320_1001%2Cta%40iphone_2_10.0_28_16.0/baiduid=B118FC2BD9267DCC30426CE54F87E76E/w=0_10_/t=iphone/l=1/tc,1,100,0
m.baidu.com/from=1001192y/bd_page_type=1/ssid=0/uid=0/pu=usm%400%2Csz%401320_1001%2Cta%40iphone_2_10.0_28_16.0/baiduid=B57678E2483A71EDAB5D8915416F162B/w=0_10_/t=iphone/l=1/tc,1,100,0
m.baidu.com/from=1001192y/bd_page_type=1/ssid=0/uid=0/pu=usm%400%2Csz%401320_1001%2Cta%40iphone_2_10.0_28_16.0/baiduid=CB2F3364668BDED4A38E8064731B7DAE/w=0_10_/t=iphone/l=1/tc,1,100,0
m.baidu.com/from=1001192y/bd_page_type=1/ssid=0/uid=0/pu=usm%400%2Csz%401320_1001%2Cta%40iphone_2_10.0_28_16.0/baiduid=E4F0BD1215468D951AEF9BD96DCDF3F3/w=0_10_/t=iphone/l=1/tc,1,100,0
m.baidu.com/from=1001192y/bd_page_type=1/ssid=0/uid=0/pu=usm%400%2Csz%401320_1001%2Cta%40iphone_2_10.0_28_16.0/baiduid=EE127E8AF7C1D8D77E0492F997E5E219/w=0_10_/t=iphone/l=1/tc,1,0,0
m.baidu.com/from=1001192y/bd_page_type=1/ssid=0/uid=0/pu=usm%400%2Csz%401320_1001%2Cta%40iphone_2_11.0_28_16.0/baiduid=4592C718F41ED7679DC5451C9E0A2F73/w=0_10_/t=iphone/l=1/tc,1,100,0
m.baidu.com/from=1001192y/bd_page_type=1/ssid=0/uid=0/pu=usm%400%2Csz%401320_1001%2Cta%40iphone_2_11.0_28_16.0/baiduid=4A437340A43AC790CB093B668FA70DC1/w=0_10_/t=iphone/l=1/tc,1,100,0
m.baidu.com/from=1001192y/bd_page_type=1/ssid=0/uid=0/pu=usm%400%2Csz%401320_1001%2Cta%40iphone_2_11.0_28_16.0/baiduid=5494D5E6CADA51832FE155CCF293A9F6/w=0_10_/t=iphone/l=1/tc,1,100,0
m.baidu.com/from=1001192y/bd_page_type=1/ssid=0/uid=0/pu=usm%400%2Csz%401320_1001%2Cta%40iphone_2_11.0_28_16.0/baiduid=C4EDD53E655A2E5CA884149C08F3E600/w=0_10_/t=iphone/l=1/tc,1,0,0
m.baidu.com/from=1001192y/bd_page_type=1/ssid=0/uid=0/pu=usm%400%2Csz%401320_1001%2Cta%40iphone_2_11.0_28_16.0/baiduid=CA62223E3772F5340B0E00E56A2DD05F/w=0_10_/t=iphone/l=1/tc,1,0,10
m.baidu.com/from=1001192y/bd_page_type=1/ssid=0/uid=0/pu=usm%400%2Csz%401320_1001%2Cta%40iphone_2_11.0_28_16.0/baiduid=FF91365B89492A19A98C5250A2CD5AC3/w=0_10_/t=iphone/l=1/tc,1,100,0
m.baidu.com/from=1001192y/bd_page_type=1/ssid=0/uid=0/pu=usm%400%2Csz%401320_1001%2Cta%40iphone_2_12.0_28_16.0/baiduid=2002CDF0A613F44E895ED021FF90261F/w=0_10_/t=iphone/l=1/tc,1,100,0
m.baidu.com/from=1001192y/bd_page_type=1/ssid=0/uid=0/pu=usm%400%2Csz%401320_1001%2Cta%40iphone_2_12.0_28_16.0/baiduid=368EC0F0B8D943B07880928EB3F1EDFA/w=0_10_/t=iphone/l=1/tc,1,100,0
m.baidu.com/from=1001192y/bd_page_type=1/ssid=0/uid=0/pu=usm%400%2Csz%401320_1001%2Cta%40iphone_2_12.0_28_16.0/baiduid=460629B0B6C1FBB2B81DB4D37419A44E/w=0_10_/t=iphone/l=1/tc,1,100,0
m.baidu.com/from=1001192y/bd_page_type=1/ssid=0/uid=0/pu=usm%400%2Csz%401320_1001%2Cta%40iphone_2_12.0_28_16.0/baiduid=46121D7C98134BE81C8C74EA2B633DC4/w=0_10_/t=iphone/l=1/tc,1,100,0
m.baidu.com/from=1001192y/bd_page_type=1/ssid=0/uid=0/pu=usm%400%2Csz%401320_1001%2Cta%40iphone_2_12.0_28_16.0/baiduid=493D47C4881EED8EB56A34ABB45C0EC1/w=0_10_/t=iphone/l=1/tc,1,100,0
m.baidu.com/from=1001192y/bd_page_type=1/ssid=0/uid=0/pu=usm%400%2Csz%401320_1001%2Cta%40iphone_2_12.0_28_16.0/baiduid=59687A94A760E09A40AD6784F3493FB4/w=0_10_/t=iphone/l=1/tc,1,0,1
m.baidu.com/from=1001192y/bd_page_type=1/ssid=0/uid=0/pu=usm%400%2Csz%401320_1001%2Cta%40iphone_2_12.0_28_16.0/baiduid=5FFFDB60B74881C44F603C0865D938D2/w=0_10_/t=iphone/l=1/tc,1,100,0
m.baidu.com/from=1001192y/bd_page_type=1/ssid=0/uid=0/pu=usm%400%2Csz%401320_1001%2Cta%40iphone_2_12.0_28_16.0/baiduid=7F8D6A64FAEF1B66CE5DF6CFAF3808B7/w=0_10_/t=iphone/l=1/tc,1,0,0
m.baidu.com/from=1001192y/bd_page_type=1/ssid=0/uid=0/pu=usm%400%2Csz%401320_1001%2Cta%40iphone_2_12.0_28_16.0/baiduid=905FCAB13B68E8C0D331257CB12A7AB6/w=0_10_/t=iphone/l=1/tc,1,100,0
m.baidu.com/from=1001192y/bd_page_type=1/ssid=0/uid=0/pu=usm%400%2Csz%401320_1001%2Cta%40iphone_2_12.0_28_16.0/baiduid=933A111CD142A6E5F9EE45C52AF6EC9E/w=0_10_/t=iphone/l=1/tc,1,100,0
m.baidu.com/from=1001192y/bd_page_type=1/ssid=0/uid=0/pu=usm%400%2Csz%401320_1001%2Cta%40iphone_2_12.0_28_16.0/baiduid=934644CFCB845C40673327C90C607EBA/w=0_10_/t=iphone/l=1/tc,1,100,0
m.baidu.com/from=1001192y/bd_page_type=1/ssid=0/uid=0/pu=usm%400%2Csz%401320_1001%2Cta%40iphone_2_12.0_28_16.0/baiduid=A705A2A4F0F2EFDA9B8CA556E525738A/w=0_10_/t=iphone/l=1/tc,1,0,1
m.baidu.com/from=1001192y/bd_page_type=1/ssid=0/uid=0/pu=usm%400%2Csz%401320_1001%2Cta%40iphone_2_12.0_28_16.0/baiduid=A910270B46D779BC720D33A0E591506A/w=0_10_/t=iphone/l=1/tc,1,100,0
m.baidu.com/from=1001192y/bd_page_type=1/ssid=0/uid=0/pu=usm%400%2Csz%401320_1001%2Cta%40iphone_2_12.0_28_16.0/baiduid=B165FCCF9DDE81676814161616824E6A/w=0_10_/t=iphone/l=1/tc,1,0,1
m.baidu.com/from=1001192y/bd_page_type=1/ssid=0/uid=0/pu=usm%400%2Csz%401320_1001%2Cta%40iphone_2_12.0_28_16.0/baiduid=BA19C3CA577775FFF6D0A8643E3E714D/w=0_10_/t=iphone/l=1/tc,1,0,1
m.baidu.com/from=1001192y/bd_page_type=1/ssid=0/uid=0/pu=usm%400%2Csz%401320_1001%2Cta%40iphone_2_12.0_28_16.0/baiduid=C27D7192747F11BA03D9301C8DF09915/w=0_10_/t=iphone/l=1/tc,1,0,1
m.baidu.com/from=1001192y/bd_page_type=1/ssid=0/uid=0/pu=usm%400%2Csz%401320_1001%2Cta%40iphone_2_12.0_28_16.0/baiduid=D8B72ACAF3FE4FC356D1A3354EFE428C/w=0_10_/t=iphone/l=1/tc,1,100,0
m.baidu.com/from=1001192y/bd_page_type=1/ssid=0/uid=0/pu=usm%400%2Csz%401320_1001%2Cta%40iphone_2_12.0_28_16.0/baiduid=FF55926ADA7783EFC2C6D19F213BBC72/w=0_10_/t=iphone/l=1/tc,1,0,0
m.baidu.com/from=1001192y/bd_page_type=1/ssid=0/uid=0/pu=usm%400%2Csz%401320_1001%2Cta%40iphone_2_9.0_28_16.0/baiduid=23AD6B3256BA29BA822506EF558C38E2/w=0_10_/t=iphone/l=1/tc,1,100,0
m.baidu.com/from=1001192y/bd_page_type=1/ssid=0/uid=0/pu=usm%401%2Csz%401320_1001%2Cta%40iphone_2_10.0_28_16.0/baiduid=47FAA1AC88FF536F33162070A3F39332/w=0_10_/t=iphone/l=1/tc,1,100,0
m.baidu.com/from=1001192y/bd_page_type=1/ssid=0/uid=0/pu=usm%401%2Csz%401320_1001%2Cta%40iphone_2_10.0_28_16.0/baiduid=AB58FC829C871CAF7B950C418CD270E6/w=0_10_/t=iphone/l=1/tc,1,0,1
m.baidu.com/from=1001192y/bd_page_type=1/ssid=0/uid=0/pu=usm%401%2Csz%401320_1001%2Cta%40iphone_2_12.0_28_16.0/baiduid=5747D92D354AD4F0290BB9DEE5E50E19/w=0_10_/t=iphone/l=1/tc,1,100,0
m.baidu.com/from=1001192y/bd_page_type=1/ssid=0/uid=0/pu=usm%401%2Csz%401320_1001%2Cta%40iphone_2_12.0_28_16.0/baiduid=705DD906AE4EEA777E6ADC5D5FDC8A81/w=0_10_/t=iphone/l=1/tc,1,0,0
m.baidu.com/from=1001192y/bd_page_type=1/ssid=0/uid=0/pu=usm%401%2Csz%401320_220%2Cta%40iphone___24_114.0/baiduid=236B1521F362ECAA410F541E1F77F6BB/w=0_10_/t=iphone/l=1/tc,1,0,1
m.baidu.com/from=1001703a/bd_page_type=1/ssid=0/uid=0/pu=sz%401320_1001%2Cta%40iphone_2_10.0_18_40.7%2Cusm%400/baiduid=06A1856385BCFD75F1078DB92D81081F/w=0_10_/t=iphone/l=1/tc,1,100,0
m.baidu.com/from=1001703a/bd_page_type=1/ssid=0/uid=0/pu=sz%401320_1001%2Cta%40iphone_2_11.0_18_40.10%2Cusm%400/baiduid=EE8F4BD8A7E665106C47E4B57F056EAA/w=0_10_/t=iphone/l=1/tc,1,100,0
m.baidu.com/from=1001703a/bd_page_type=1/ssid=0/uid=0/pu=sz%401320_1001%2Cta%40iphone_2_14.0_18_40.10%2Cusm%400/baiduid=A05974AFEB79B0B3CB077212FD47D14B/w=0_10_/t=iphone/l=1/tc,1,100,0
m.baidu.com/from=1001703a/bd_page_type=1/ssid=0/uid=0/pu=sz%401320_1001%2Cta%40iphone_2_15.0_18_40.9%2Cusm%400/baiduid=0AECC13841B0A3C773684818D0B5CE39/w=0_10_/t=iphone/l=1/tc,1,100,0
m.baidu.com/from=1001703a/bd_page_type=1/ssid=0/uid=0/pu=sz%401320_1001%2Cta%40iphone_2_7.1_18_10.8%2Cusm%400/baiduid=AFED3874EDA4B4D209BFBB98C7911430/w=0_10_/t=iphone/l=1/tc,1,100,0
m.baidu.com/from=1001703a/bd_page_type=1/ssid=0/uid=0/pu=sz%401320_1001%2Cta%40iphone_2_9.0_18_10.9%2Cusm%400/baiduid=FB9E07F780B7D4250647B044CFCFE9A4/w=0_10_/t=iphone/l=1/tc,1,100,0
m.baidu.com/from=1001703a/bd_page_type=1/ssid=0/uid=0/pu=sz%401320_220%2Cta%40iphone___18_40.10%2Cusm%400/baiduid=8CB3185BC17C817E482224F75CD10581/w=0_10_/t=iphone/l=1/tc,1,0,5
m.baidu.com/from=1001703a/bd_page_type=1/ssid=0/uid=0/pu=usm%400%2Csz%401320_1001%2Cta%40iphone_2_10.0_18_40.8/baiduid=F8AAEA13D17413C89311A530E120D33F/w=0_10_/t=iphone/l=1/tc,1,100,0
m.baidu.com/from=1001703a/bd_page_type=1/ssid=0/uid=0/pu=usm%400%2Csz%401320_1001%2Cta%40iphone_2_11.0_18_40.10/baiduid=3EA526E08E76F819E89D5BAB89268B7E/w=0_10_/t=iphone/l=1/tc,1,100,0
m.baidu.com/from=1001703a/bd_page_type=1/ssid=0/uid=0/pu=usm%400%2Csz%401320_1001%2Cta%40iphone_2_11.0_18_40.9/baiduid=D871749F787BCD921C7FAEC63FD7E99B/w=0_10_/t=iphone/l=1/tc,1,100,0
m.baidu.com/from=1001703a/bd_page_type=1/ssid=0/uid=0/pu=usm%400%2Csz%401320_1001%2Cta%40iphone_2_12.0_18_40.10/baiduid=0AE89934961401634E979B3B93AF91ED/w=0_10_/t=iphone/l=1/tc,1,100,0
m.baidu.com/from=1001703a/bd_page_type=1/ssid=0/uid=0/pu=usm%400%2Csz%401320_1001%2Cta%40iphone_2_12.0_18_40.9/baiduid=30BB4DC0AF018CA65931F51D5D7BD5C3/w=0_10_/t=iphone/l=1/tc,1,100,0
m.baidu.com/from=1001703a/bd_page_type=1/ssid=0/uid=0/pu=usm%400%2Csz%401320_1001%2Cta%40iphone_2_12.0_18_40.9/baiduid=E2D0CA5AD9097A4B15D3A2363AB0BBA7/w=0_10_/t=iphone/l=1/tc,1,100,0
m.baidu.com/from=1001703a/bd_page_type=1/ssid=0/uid=0/pu=usm%400%2Csz%401320_1001%2Cta%40iphone_2_13.0_18_/baiduid=4D6806295F167242148CF8C5E2A64F0C/w=0_10_/t=iphone/l=1/tc,1,100,0
m.baidu.com/from=1001703a/bd_page_type=1/ssid=0/uid=0/pu=usm%400%2Csz%401320_1001%2Cta%40iphone_2_13.0_18_/baiduid=853F2B3426473BC7849ACB57B3E079A5/w=0_10_/t=iphone/l=1/tc,1,100,0
m.baidu.com/from=1001703a/bd_page_type=1/ssid=0/uid=0/pu=usm%400%2Csz%401320_1001%2Cta%40iphone_2_13.0_18_40.10/baiduid=0DFB4E4C2402E3BD7D531BD8F5E65330/w=0_10_/t=iphone/l=1/tc,1,100,0
m.baidu.com/from=1001703a/bd_page_type=1/ssid=0/uid=0/pu=usm%400%2Csz%401320_1001%2Cta%40iphone_2_13.0_18_40.9/baiduid=DA3C21D12F2CC39BCBC2C63D6BD665AD/w=0_10_/t=iphone/l=1/tc,1,100,0
m.baidu.com/from=1001703a/bd_page_type=1/ssid=0/uid=0/pu=usm%400%2Csz%401320_1001%2Cta%40iphone_2_14.0_18_40.10/baiduid=31F50945E2734726A0465F9568BE1320/w=0_10_/t=iphone/l=1/tc,1,100,0
m.baidu.com/from=1001703a/bd_page_type=1/ssid=0/uid=0/pu=usm%400%2Csz%401320_1001%2Cta%40iphone_2_15.0_18_/baiduid=286A430F3D3709B7C4B891F7DDF96F4C/w=0_10_/t=iphone/l=1/tc,1,100,0
m.baidu.com/from=1001703a/bd_page_type=1/ssid=0/uid=0/pu=usm%400%2Csz%401320_1001%2Cta%40iphone_2_15.0_18_40.10/baiduid=38A6BB9DE4E88C98CDF8A7F948D4D71B/w=0_10_/t=iphone/l=1/tc,1,100,0
m.baidu.com/from=1001703a/bd_page_type=1/ssid=0/uid=0/pu=usm%400%2Csz%401320_1001%2Cta%40iphone_2_15.0_18_40.10/baiduid=DF3E33129F09E15C46C69527EC960F38/w=0_10_/t=iphone/l=1/tc,1,100,0
m.baidu.com/from=1001703a/bd_page_type=1/ssid=0/uid=0/pu=usm%400%2Csz%401320_1001%2Cta%40iphone_2_15.0_18_40.9/baiduid=889EE2651B443F92B3B5C8A215978EEA/w=0_10_/t=iphone/l=1/tc,1,100,0
m.baidu.com/from=1001703a/bd_page_type=1/ssid=0/uid=0/pu=usm%400%2Csz%401320_1001%2Cta%40iphone_2_15.0_18_40.9/baiduid=8E5816CFC3F57C5BA275D4689BFA2C8F/w=0_10_/t=iphone/l=1/tc,1,100,0
m.baidu.com/from=1001703a/bd_page_type=1/ssid=0/uid=0/pu=usm%400%2Csz%401320_1001%2Cta%40iphone_2_15.0_18_40.9/baiduid=D461B34824F2301173F1A34A98013465/w=0_10_/t=iphone/l=1/tc,1,100,0
m.baidu.com/from=1001703a/bd_page_type=1/ssid=0/uid=0/pu=usm%400%2Csz%401320_1001%2Cta%40iphone_2_15.0_18_40.9/baiduid=DFBEE2F8D830B297AE8916069A8AE320/w=0_10_/t=iphone/l=1/tc,1,100,0
m.baidu.com/from=1001703a/bd_page_type=1/ssid=0/uid=0/pu=usm%400%2Csz%401320_1001%2Cta%40iphone_2_7.1_18_10.8/baiduid=1A772CAB3EA7BADEA9A2023B5A772009/w=0_10_/t=iphone/l=1/tc,1,100,0
m.baidu.com/from=1001703a/bd_page_type=1/ssid=0/uid=0/pu=usm%400%2Csz%401320_1001%2Cta%40iphone_2_8.1_18_10.9/baiduid=F5A88C0A729AF1A0E10AB85D96B3C368/w=0_10_/t=iphone/l=1/tc,1,100,0
m.baidu.com/from=1001703a/bd_page_type=1/ssid=0/uid=0/pu=usm%400%2Csz%401320_1001%2Cta%40iphone_2_8.1_18_4.7/baiduid=2D00C399686E36D9315D0BD200DC809D/w=0_10_/t=iphone/l=1/tc,1,100,0
m.baidu.com/from=1001703a/bd_page_type=1/ssid=0/uid=0/pu=usm%400%2Csz%401320_1001%2Cta%40iphone_2_9.0_18_20.7/baiduid=9BF59DF12C7A96510A73D1E640B08B28/w=0_10_/t=iphone/l=1/tc,1,100,0
m.baidu.com/from=1001703a/bd_page_type=1/ssid=0/uid=0/pu=usm%400%2Csz%401320_220%2Cta%40iphone___18_40.10/baiduid=D9E1B7A95CA8EFB1E72729794DD58D27/w=0_10_/t=iphone/l=1/tc,1,100,0
m.baidu.com/from=1001703a/bd_page_type=1/ssid=0/uid=0/pu=usm%401%2Csz%401320_1001%2Cta%40iphone_2_11.0_18_40.10/baiduid=9984CDA44959F822375F08CD43EFA77D/w=0_10_/t=iphone/l=1/tc,1,100,0
m.baidu.com/from=1001703a/bd_page_type=1/ssid=0/uid=0/pu=usm%401%2Csz%401320_1001%2Cta%40iphone_2_11.0_18_40.7/baiduid=BAF26DEFA7D346CB86EA9C1CD53AD5F6/w=50_10_/t=iphone/l=1/tc,1,100,0
m.baidu.com/from=1001703a/bd_page_type=1/ssid=0/uid=0/pu=usm%401%2Csz%401320_1001%2Cta%40iphone_2_12.0_18_40.10/baiduid=0A822DCE082781F526E84B2590D32B7B/w=0_10_/t=iphone/l=1/tc,1,100,0
m.baidu.com/from=1001703a/bd_page_type=1/ssid=0/uid=0/pu=usm%401%2Csz%401320_1001%2Cta%40iphone_2_12.0_18_40.10/baiduid=5D9CAF7E6226A9248DBA371EBAC23734/w=0_10_/t=iphone/l=1/tc,1,100,0
m.baidu.com/from=1001703a/bd_page_type=1/ssid=0/uid=0/pu=usm%401%2Csz%401320_1001%2Cta%40iphone_2_13.0_18_40.10/baiduid=34F0FC4449193329DC1CFAC7E834FCE8/w=0_10_/t=iphone/l=1/tc,1,100,0
m.baidu.com/from=1001703a/bd_page_type=1/ssid=0/uid=0/pu=usm%401%2Csz%401320_1001%2Cta%40iphone_2_13.0_18_40.10/baiduid=4A63F1E41A3E0E72138A0765EB6A451C/w=0_10_/t=iphone/l=1/tc,1,100,0
m.baidu.com/from=1001703a/bd_page_type=1/ssid=0/uid=0/pu=usm%401%2Csz%401320_1001%2Cta%40iphone_2_13.0_18_40.8/baiduid=04B0EBD00EF33BA64CBAB970150C7A1B/w=0_10_/t=iphone/l=1/tc,1,100,0
m.baidu.com/from=1001703a/bd_page_type=1/ssid=0/uid=0/pu=usm%401%2Csz%401320_1001%2Cta%40iphone_2_13.0_18_40.9/baiduid=D77DBD4C6547E419BDEF4702772720A1/w=0_10_/t=iphone/l=1/tc,1,0,50
m.baidu.com/from=1001703a/bd_page_type=1/ssid=0/uid=0/pu=usm%401%2Csz%401320_1001%2Cta%40iphone_2_14.0_18_40.10/baiduid=34382A899C7D6CA358B00F229FDF9EE0/w=0_10_/t=iphone/l=1/tc,1,100,0
m.baidu.com/from=1001703a/bd_page_type=1/ssid=0/uid=0/pu=usm%401%2Csz%401320_1001%2Cta%40iphone_2_15.0_18_40.10/baiduid=9BABE07C8DF8215EB2A62275928E729C/w=0_10_/t=iphone/l=1/tc,1,100,0
m.baidu.com/from=1001703a/bd_page_type=1/ssid=0/uid=0/pu=usm%401%2Csz%401320_1001%2Cta%40iphone_2_15.0_18_40.9/baiduid=9BCB7178F1405770CA665ED046BABEFE/w=0_10_/t=iphone/l=1/tc,1,100,0
m.baidu.com/from=1001703a/bd_page_type=1/ssid=0/uid=0/pu=usm%401%2Csz%401320_1001%2Cta%40iphone_2_9.0_18_20.9/baiduid=81EF46F2EEDE35F407BD9B84B0D14AC8/w=0_10_/t=iphone/l=1/tc,1,100,0
m.baidu.com/from=1001703a/bd_page_type=1/ssid=0/uid=0/pu=usm%402%2Csz%401320_1001%2Cta%40iphone_2_13.0_18_40.10/baiduid=FACDB2774DF3E6680FEE341AAB61C385/w=0_10_/t=iphone/l=1/tc,1,0,369
m.baidu.com/from=1001703a/bd_page_type=1/ssid=0/uid=0/pu=usm%402%2Csz%401320_1001%2Cta%40iphone_2_13.0_18_40.9/baiduid=6BE158D8BFB0A31B4744BD18C8D58037/w=0_10_/t=iphone/l=1/tc,1,100,0
m.baidu.com/from=1001703a/bd_page_type=1/ssid=0/uid=0/pu=usm%402%2Csz%401320_1001%2Cta%40iphone_2_15.0_18_40.10/baiduid=2BCC3B758FB72164C9F15DB895D08259/w=0_10_/t=iphone/l=1/tc,1,100,0
m.baidu.com/from=1001703a/bd_page_type=1/ssid=0/uid=0/pu=usm%402%2Csz%401320_1001%2Cta%40iphone_2_15.0_18_40.10/baiduid=BB9C3F3EBCCC531E2949292708741201/w=0_10_/t=iphone/l=1/tc,1,100,0
m.baidu.com/from=1001703y/bd_page_type=1/ssid=0/uid=0/pu=usm%400%2Csz%401320_1001%2Cta%40iphone_2_11.0_18_40.9/baiduid=CE17C46A2C17EFBD1B6C2724C1F8611D/w=0_10_/t=iphone/l=1/tc,1,100,0
m.baidu.com/from=1001703y/bd_page_type=1/ssid=0/uid=0/pu=usm%400%2Csz%401320_1001%2Cta%40iphone_2_4.3_18_4.7/baiduid=B8ABE6DA46E48296EB9E0C0AAAAF2F5A/w=0_10_/t=iphone/l=1/tc,1,0,23
m.baidu.com/from=1001703y/bd_page_type=1/ssid=0/uid=0/pu=usm%400%2Csz%401320_1001%2Cta%40iphone_2_9.0_18_20.9/baiduid=24B009A0F8805B5733D00784B02A2EE0/w=0_10_/t=iphone/l=1/tc,1,100,0
m.baidu.com/from=1012295a/bd_page_type=1/ssid=0/uid=0/pu=usm%400%2Csz%401320_1003%2Cta%40iphone_2_12.0_1_18.0/baiduid=791D13EA7D502355EC77ED1F0B25F614/w=0_20_/t=iphone/l=1/tc,1,100,0
m.baidu.com/from=1012852q/bd_page_type=1/ssid=0/uid=0/pu=sz%401320_1004%2Cta%40iphone_2_11.0_11_20.1%2Cusm%400/baiduid=4074D64040E398E4A45C777D925057D1/w=0_10_/t=iphone/l=1/tc,1,100,0
m.baidu.com/from=1012852q/bd_page_type=1/ssid=0/uid=0/pu=usm%400%2Csz%401320_1004%2Cta%40iphone_2_12.0_11_20.1/baiduid=E65EB3052A485A494FEBAB068330AFF4/w=0_10_/t=iphone/l=1/tc,1,100,0
m.baidu.com/from=1012852q/bd_page_type=1/ssid=0/uid=0/pu=usm%400%2Csz%401320_1004%2Cta%40iphone_2_13.0_11_18.1/baiduid=BC37E2D082E6A833F90180466AC0DAFF/w=0_10_/t=iphone/l=1/tc,1,100,0
m.baidu.com/from=1012852q/bd_page_type=1/ssid=0/uid=0/pu=usm%400%2Csz%401320_1004%2Cta%40iphone_2_13.0_11_20.1/baiduid=48E7F2C942CDDE01253FC23EAD38C3C0/w=0_10_/t=iphone/l=1/tc,1,100,0
m.baidu.com/from=1012852q/bd_page_type=1/ssid=0/uid=0/pu=usm%400%2Csz%401320_1004%2Cta%40iphone_2_15.0_11_19.3/baiduid=BCEEC00FDEB21816CEFFD96982D53433/w=0_10_/t=iphone/l=1/tc,1,100,0
m.baidu.com/from=1012852q/bd_page_type=1/ssid=0/uid=0/pu=usm%400%2Csz%401320_1004%2Cta%40iphone_2_15.0_11_20.1/baiduid=858F913D599AA7ECA98B67438FA480D0/w=0_10_/t=iphone/l=1/tc,1,100,0
m.baidu.com/from=1012852q/bd_page_type=1/ssid=0/uid=0/pu=usm%400%2Csz%401320_1004%2Cta%40iphone_2_15.0_11_20.1/baiduid=E0FA6036AD57BADAEB31755225D127D7/w=0_10_/t=iphone/l=1/tc,1,100,0
m.baidu.com/from=1012852q/bd_page_type=1/ssid=0/uid=0/pu=usm%400%2Csz%401320_1004%2Cta%40iphone_2_7.0_11_11.0/baiduid=929E076D277318A8CC336B09F75F5982/w=0_10_/t=iphone/l=1/tc,1,100,0
m.baidu.com/from=1012852q/bd_page_type=1/ssid=0/uid=0/pu=usm%401%2Csz%401320_1004%2Cta%40iphone_2_13.0_11_20.1/baiduid=76CE5BE5DCF2C9A4F0A0EED1D6DCD79C/w=0_10_/t=iphone/l=1/tc,1,100,0
m.baidu.com/from=1012852q/bd_page_type=1/ssid=0/uid=0/pu=usm%401%2Csz%401320_1004%2Cta%40iphone_2_15.0_11_20.1/baiduid=858F913D599AA7ECA98B67438FA480D0/w=0_10_/t=iphone/l=1/tc,1,100,0
m.baidu.com/from=1012852s/bd_page_type=1/ssid=0/uid=0/pu=usm%401%2Csz%401320_1004%2Cta%40iphone_2_13.0_11_20.1/baiduid=2FB3CBD4044EEE43D021E533EE8C3473/w=0_10_/t=iphone/l=1/tc,1,100,0
m.baidu.com/from=1012852z/bd_page_type=1/ssid=0/uid=0/pu=usm%400%2Csz%401320_1004%2Cta%40iphone_2_13.0_11_18.1/baiduid=03E48F8EE6D41624C05907F004C0695F/w=0_10_/t=iphone/l=1/tc,1,100,0
m.baidu.com/from=1013672a/bd_page_type=1/ssid=0/uid=0/pu=sz%401320_1004%2Cta%40iphone_2_15.0_11_20.1%2Cusm%400/baiduid=CE5BF6B13AE19A4A8CF64C745BE49AA1/w=0_10_/t=iphone/l=1/tc,1,100,0
m.baidu.com/from=1013672g/bd_page_type=1/ssid=0/uid=0/pu=usm%400%2Csz%401320_1004%2Cta%40iphone_2_14.0_11_20.0/baiduid=48316DE6A52B9576E339F80DECBC0C6E/w=0_10_/t=iphone/l=1/tc,1,100,0
m.baidu.com/from=1013672s/bd_page_type=1/ssid=0/uid=0/pu=c3_aid%40A00-WGOLD5NIGRSWI2IJ3FQ5TIXAJFO4CCZ2-HAVAUG6T%2Ccsrc%40app_mainbox_txt%2Cctv%402%2Ccfrom%401026904e%2Ccen%40cuid_cua_cut%2Cosname%40baiduboxapp%2Cwh%401%2Csz%401320_480%2Ccuid%40g82ltYapSi0Q8vi20aHEfgu5Hulr8Sa__8SnaYPgvt8j9vPxr8SG8JDuA%2Ccua%40_a-qiyuOvig-NE6pI5me6NN0v8z9u2Iy_CvH8yaf2iqlC%2Cusm%402%2Cvmgdb%400020100228y/baiduid=C53BC8E076C267F59426156168967739/w=0_10_/t=zbios/l=1/tc,1,100,0
m.baidu.com/from=1013966u/bd_page_type=1/ssid=0/uid=0/pu=sz%401320_1001%2Cta%40iphone_2_11.0_19_25.7%2Cusm%400/baiduid=4D3A0452A72AACB2D60A7FCEAA30B78E/w=0_10_/t=iphone/l=1/tc,1,100,0
m.baidu.com/from=1013966u/bd_page_type=1/ssid=0/uid=0/pu=sz%401320_1001%2Cta%40iphone_2_13.0_19_25.6%2Cusm%400/baiduid=939F95FF7C18FD308904D01F2D5E21CF/w=0_10_/t=iphone/l=1/tc,1,100,0
m.baidu.com/from=1013966u/bd_page_type=1/ssid=0/uid=0/pu=sz%401320_1001%2Cta%40iphone_2_13.0_19_25.8%2Cusm%400/baiduid=E328F08AB2A5501393F0645B308323F6/w=0_10_/t=iphone/l=1/tc,1,100,0
m.baidu.com/from=1013966u/bd_page_type=1/ssid=0/uid=0/pu=sz%401320_1001%2Cta%40iphone_2_13.0_19_25.9%2Cusm%400/baiduid=70E88E1708FFF1D4AEA40A5BE3809C9E/w=0_10_/t=iphone/l=1/tc,1,100,0
m.baidu.com/from=1013966u/bd_page_type=1/ssid=0/uid=0/pu=sz%401320_1001%2Cta%40iphone_2_15.0_19_25.9%2Cusm%400/baiduid=8064289D332F00AA0ED438992C458731/w=0_10_/t=iphone/l=1/tc,1,100,0
m.baidu.com/from=1013966u/bd_page_type=1/ssid=0/uid=0/pu=usm%400%2Csz%401320_1001%2Cta%40iphone_2_10.0_19_25.7/baiduid=20B09EDE3DF6F18F4B0AA198286526D4/w=0_10_/t=iphone/l=1/tc,1,100,0
m.baidu.com/from=1013966u/bd_page_type=1/ssid=0/uid=0/pu=usm%400%2Csz%401320_1001%2Cta%40iphone_2_10.0_19_25.9/baiduid=46BAE25083CEAFDE59196FF35F9CD57E/w=0_10_/t=iphone/l=1/tc,1,100,0
m.baidu.com/from=1013966u/bd_page_type=1/ssid=0/uid=0/pu=usm%400%2Csz%401320_1001%2Cta%40iphone_2_11.0_19_25.8/baiduid=55F3D14A6D548ED7DC7A7FFC45B0A5FE/w=0_10_/t=iphone/l=1/tc,1,100,0
m.baidu.com/from=1013966u/bd_page_type=1/ssid=0/uid=0/pu=usm%400%2Csz%401320_1001%2Cta%40iphone_2_11.0_19_25.9/baiduid=42B95046E1A622B997F8C4592140D794/w=0_10_/t=iphone/l=1/tc,1,100,0
m.baidu.com/from=1013966u/bd_page_type=1/ssid=0/uid=0/pu=usm%400%2Csz%401320_1001%2Cta%40iphone_2_11.0_19_25.9/baiduid=67E509BF3202C9202AAC080951A2481E/w=0_10_/t=iphone/l=1/tc,1,100,0
m.baidu.com/from=1013966u/bd_page_type=1/ssid=0/uid=0/pu=usm%400%2Csz%401320_1001%2Cta%40iphone_2_12.0_19_25.9/baiduid=256B24DEDBC4F811B375C09322048CCB/w=0_10_/t=iphone/l=1/tc,1,100,0
m.baidu.com/from=1013966u/bd_page_type=1/ssid=0/uid=0/pu=usm%400%2Csz%401320_1001%2Cta%40iphone_2_13.0_19_25.6/baiduid=FC29EF69B63B369E3E0BDC262E4D9E4D/w=0_10_/t=iphone/l=1/tc,1,100,0
m.baidu.com/from=1013966u/bd_page_type=1/ssid=0/uid=0/pu=usm%400%2Csz%401320_1001%2Cta%40iphone_2_13.0_19_25.9/baiduid=482F99E36C1787BFDBD32130793B033B/w=0_10_/t=iphone/l=1/tc,1,100,0
m.baidu.com/from=1013966u/bd_page_type=1/ssid=0/uid=0/pu=usm%400%2Csz%401320_1001%2Cta%40iphone_2_14.0_19_25.5/baiduid=A08F7046B863DC08F640568FA0C53C9E/w=0_10_/t=iphone/l=1/tc,1,100,0
m.baidu.com/from=1013966u/bd_page_type=1/ssid=0/uid=0/pu=usm%400%2Csz%401320_1001%2Cta%40iphone_2_14.0_19_25.8/baiduid=5B5AD34508DCEBC17B58201FFA4CED71/w=0_10_/t=iphone/l=1/tc,1,100,0
m.baidu.com/from=1013966u/bd_page_type=1/ssid=0/uid=0/pu=usm%400%2Csz%401320_1001%2Cta%40iphone_2_14.0_19_25.9/baiduid=534D605189618B7CA39E665EF60D009A/w=0_10_/t=iphone/l=1/tc,1,100,0
m.baidu.com/from=1013966u/bd_page_type=1/ssid=0/uid=0/pu=usm%400%2Csz%401320_1001%2Cta%40iphone_2_14.0_19_25.9/baiduid=5FB0ECCC95FF4199730B8C1B7AFBA560/w=0_10_/t=iphone/l=1/tc,1,100,0
m.baidu.com/from=1013966u/bd_page_type=1/ssid=0/uid=0/pu=usm%400%2Csz%401320_1001%2Cta%40iphone_2_15.0_19_25.6/baiduid=48A85401809278D2FE43FFE08F12DD8F/w=0_10_/t=iphone/l=1/tc,1,100,0
m.baidu.com/from=1013966u/bd_page_type=1/ssid=0/uid=0/pu=usm%400%2Csz%401320_1001%2Cta%40iphone_2_15.0_19_25.9/baiduid=E424362009B4F01FF650F6A4F523263D/w=0_10_/t=iphone/l=1/tc,1,100,0
m.baidu.com/from=1013966u/bd_page_type=1/ssid=0/uid=0/pu=usm%400%2Csz%401320_1001%2Cta%40iphone_2_15.0_19_26.0/baiduid=46197B8E2E6B5E8D4C158A11732439A7/w=0_10_/t=iphone/l=1/tc,1,100,0
m.baidu.com/from=1013966u/bd_page_type=1/ssid=0/uid=0/pu=usm%400%2Csz%401320_1001%2Cta%40iphone_2_8.1_19_25.9/baiduid=906326363D11A81DEF96A94271DB5D86/w=0_10_/t=iphone/l=1/tc,1,100,0
m.baidu.com/from=1013966u/bd_page_type=1/ssid=0/uid=0/pu=usm%400%2Csz%401320_1001%2Cta%40iphone_2_9.0_19_25.7/baiduid=F779D980F9FA178C0D61C766E855AF94/w=0_10_/t=iphone/l=1/tc,1,100,0
m.baidu.com/from=1013966u/bd_page_type=1/ssid=0/uid=0/pu=usm%401%2Csz%401320_1001%2Cta%40iphone_2_13.0_19_25.5/baiduid=FC0B72C188D3DE6A97B80FFFD564FA9A/w=0_10_/t=iphone/l=1/tc,1,0,213
m.baidu.com/from=1013966u/bd_page_type=1/ssid=0/uid=0/pu=usm%401%2Csz%401320_1001%2Cta%40iphone_2_13.0_19_25.8/baiduid=0EAE1F8CA38F989C30426795E7C48ACF/w=0_10_/t=iphone/l=1/tc,1,100,0
m.baidu.com/from=1013966u/bd_page_type=1/ssid=0/uid=0/pu=usm%401%2Csz%401320_1001%2Cta%40iphone_2_15.0_19_25.7/baiduid=6F76995BE7FA0D7A59D8E02308A7A557/w=0_10_/t=iphone/l=1/tc,1,100,0
m.baidu.com/from=1013966u/bd_page_type=1/ssid=0/uid=0/pu=usm%402%2Csz%401320_1001%2Cta%40iphone_2_13.0_19_25.5/baiduid=FC0B72C188D3DE6A97B80FFFD564FA9A/w=0_10_/t=iphone/l=1/tc,1,100,0
m.baidu.com/from=1015011p/bd_page_type=1/ssid=0/uid=0/pu=usm%400%2Csz%401320_1001%2Cta%40iphone_2_14.0_24_116.0/baiduid=7DF8793B0D6588DBECE19CAFF055D966/w=0_10_/t=iphone/l=1/tc,1,100,0
m.baidu.com/from=1015819s/bd_page_type=1/ssid=0/uid=0/pu=usm%400%2Csz%401320_1003%2Cta%40iphone_2_12.0_1_18.0/baiduid=6214E545E4939D91696C6ED8FF79EC39/w=0_20_/t=iphone/l=1/tc,1,100,0
m.baidu.com/from=1019311a/bd_page_type=1/ssid=0/uid=0/pu=sz%401320_1001%2Cta%40iphone_2_13.0_19_25.8%2Cusm%400/baiduid=93F6BD37F96FCF1EAB0A0A48BE754347/w=0_10_/t=iphone/l=1/tc,1,100,0
m.baidu.com/from=1019311a/bd_page_type=1/ssid=0/uid=0/pu=usm%400%2Csz%401320_1001%2Cta%40iphone_2_10.0_19_25.9/baiduid=30060CF5295FEB88D925DFB58FBD5BE6/w=0_10_/t=iphone/l=1/tc,1,100,0
m.baidu.com/from=1019311a/bd_page_type=1/ssid=0/uid=0/pu=usm%400%2Csz%401320_1001%2Cta%40iphone_2_10.0_19_25.9/baiduid=FDD7C469E6665D8263693527548B7F41/w=0_10_/t=iphone/l=1/tc,1,100,0
m.baidu.com/from=1019311a/bd_page_type=1/ssid=0/uid=0/pu=usm%400%2Csz%401320_1001%2Cta%40iphone_2_11.0_19_25.2/baiduid=F15D30BE73AA05B4DFD4ADC09C57F11C/w=0_10_/t=iphone/l=1/tc,1,100,0
m.baidu.com/from=1019311a/bd_page_type=1/ssid=0/uid=0/pu=usm%400%2Csz%401320_1001%2Cta%40iphone_2_11.0_19_25.6/baiduid=D18B5C49866D4AC0B7A7D4200D6F45DB/w=0_10_/t=iphone/l=1/tc,1,100,0
m.baidu.com/from=1019311a/bd_page_type=1/ssid=0/uid=0/pu=usm%400%2Csz%401320_1001%2Cta%40iphone_2_13.0_19_25.8/baiduid=BAA1062F359D3964D6472CA06C62E45A/w=0_10_/t=iphone/l=1/tc,1,100,0
m.baidu.com/from=1019311a/bd_page_type=1/ssid=0/uid=0/pu=usm%400%2Csz%401320_1001%2Cta%40iphone_2_15.0_19_25.5/baiduid=EF822E1FA409AF64E18A81545080FD7C/w=0_10_/t=iphone/l=1/tc,1,100,0
m.baidu.com/from=1019311a/bd_page_type=1/ssid=0/uid=0/pu=usm%400%2Csz%401320_1001%2Cta%40iphone_2_15.0_19_25.9/baiduid=43BC5A4F0C5EE3872B0A6415B438996E/w=0_10_/t=iphone/l=1/tc,1,100,0
m.baidu.com/from=1019311a/bd_page_type=1/ssid=0/uid=0/pu=usm%400%2Csz%401320_1001%2Cta%40iphone_2__24_131.0/baiduid=E76E06BC11D239D05FD3777DAF843539/w=0_10_/t=iphone/l=1/tc,1,100,0
m.baidu.com/from=1019311v/bd_page_type=1/ssid=0/uid=0/pu=sz%401320_1001%2Cta%40iphone_2_14.0_19_25.6%2Cusm%400/baiduid=3CC83A56CE359E96F9ADA8B10B778BC0/w=0_10_/t=iphone/l=1/tc,1,100,0
m.baidu.com/from=1019311v/bd_page_type=1/ssid=0/uid=0/pu=sz%401320_1001%2Cta%40iphone_2_15.0_19_25.3%2Cusm%400/baiduid=51A5B8E7DB0A5F5D69FAFA4849EC0C7E/w=0_10_/t=iphone/l=1/tc,1,100,0
m.baidu.com/from=1019311v/bd_page_type=1/ssid=0/uid=0/pu=sz%401320_1001%2Cta%40iphone_2_15.0_19_25.4%2Cusm%400/baiduid=0D99F9C5E63A492333B87B5F197374D7/w=0_10_/t=iphone/l=1/tc,1,100,0
m.baidu.com/from=1019311v/bd_page_type=1/ssid=0/uid=0/pu=sz%401320_1001%2Cta%40iphone_2_15.0_19_25.8%2Cusm%400/baiduid=1958AF09DA0039E433DE5D599F8802ED/w=0_10_/t=iphone/l=1/tc,1,100,0
m.baidu.com/from=1019311v/bd_page_type=1/ssid=0/uid=0/pu=sz%401320_1001%2Cta%40iphone_2_15.0_19_25.9%2Cusm%400/baiduid=598FF518DF3FF03224DAF3F0DB678A90/w=0_10_/t=iphone/l=1/tc,1,100,0
m.baidu.com/from=1019311v/bd_page_type=1/ssid=0/uid=0/pu=usm%400%2Csz%401320_1001%2Cta%40iphone_2_10.0_19_25.9/baiduid=4FA3C68C9C69C3F0B42386E806D9114C/w=0_10_/t=iphone/l=1/tc,1,100,0
m.baidu.com/from=1019311v/bd_page_type=1/ssid=0/uid=0/pu=usm%400%2Csz%401320_1001%2Cta%40iphone_2_15.0_19_23.6/baiduid=EA999BD84F92BE90CAD09F5E876B21F1/w=0_10_/t=iphone/l=1/tc,1,100,0
m.baidu.com/from=1019311v/bd_page_type=1/ssid=0/uid=0/pu=usm%400%2Csz%401320_1001%2Cta%40iphone_2_15.0_19_25.8/baiduid=1C95D016048138F7C372E8651BECB7E7/w=0_10_/t=iphone/l=1/tc,1,0,2
m.baidu.com/from=1019311v/bd_page_type=1/ssid=0/uid=0/pu=usm%400%2Csz%401320_1001%2Cta%40iphone_2_15.0_19_25.8/baiduid=A435B6E7A736A72E8F1B3C25EF7EBECA/w=0_10_/t=iphone/l=1/tc,1,100,0
m.baidu.com/from=1019311v/bd_page_type=1/ssid=0/uid=0/pu=usm%400%2Csz%401320_1001%2Cta%40iphone_2_15.0_19_25.9/baiduid=44117DC9FBBCDB36E53BE8E5CEAD81D7/w=0_10_/t=iphone/l=1/tc,1,100,0
m.baidu.com/from=1019311v/bd_page_type=1/ssid=0/uid=0/pu=usm%400%2Csz%401320_1001%2Cta%40iphone_2_15.0_19_25.9/baiduid=95D5C51404BEFD7EDC37F51BACF56765/w=0_10_/t=iphone/l=1/tc,1,100,0
m.baidu.com/from=1019311v/bd_page_type=1/ssid=0/uid=0/pu=usm%400%2Csz%401320_1001%2Cta%40iphone_2_15.0_19_25.9/baiduid=C90DB0CB6F28A1A1A571793CCFC671AC/w=0_10_/t=iphone/l=1/tc,1,100,0
m.baidu.com/from=1019311v/bd_page_type=1/ssid=0/uid=0/pu=usm%400%2Csz%401320_1001%2Cta%40iphone_2_6.0_19_10.9/baiduid=E6BE566A4D0D2DAC739128FDC892EECF/w=0_10_/t=iphone/l=1/tc,1,100,0
m.baidu.com/from=1019311v/bd_page_type=1/ssid=0/uid=0/pu=usm%401%2Csz%401320_1001%2Cta%40iphone_2_14.0_19_25.9/baiduid=07FE9D3FB04E22BC8E7E190FA66AF132/w=0_10_/t=iphone/l=1/tc,1,100,0
m.baidu.com/from=1020681k/bd_page_type=1/ssid=0/uid=0/pu=usm%400%2Csz%401320_1001%2Cta%40iphone_2_15.0_18_40.10/baiduid=0D5AD75C62D76BCE234EDC79A58EC30F/w=0_10_/t=iphone/l=1/tc,1,100,0
m.baidu.com/from=1020681k/bd_page_type=1/ssid=0/uid=0/pu=usm%400%2Csz%401320_1001%2Cta%40iphone_2_15.0_18_40.9/baiduid=FDB43844F519E0B637E8C94D5910B53D/w=0_10_/t=iphone/l=1/tc,1,100,0
m.baidu.com/from=1020681k/bd_page_type=1/ssid=0/uid=0/pu=usm%401%2Csz%401320_1001%2Cta%40iphone_2_15.0_18_40.10/baiduid=0D5AD75C62D76BCE234EDC79A58EC30F/w=0_10_/t=iphone/l=1/tc,1,0,2
m.baidu.com/from=1020712u/bd_page_type=1/ssid=0/uid=0/pu=sz%401320_220%2Cvmgdb%400020100228y%2Cta%40iphone_5_5.0_44_15.26%2Cusm%401/baiduid=44CC4C9514F478DBA959248EA62E73A9/w=0_10_/t=iphone/l=1/tc,1,100,0
m.baidu.com/from=1020761f/bd_page_type=1/ssid=0/uid=0/pu=sz%401320_1001%2Cta%40iphone_2_10.0_19_25.5%2Cusm%400/baiduid=C347C4FCBD8A4591CA8006191C47D51E/w=0_10_/t=iphone/l=1/tc,1,100,0
m.baidu.com/from=1020761f/bd_page_type=1/ssid=0/uid=0/pu=sz%401320_1001%2Cta%40iphone_2_10.0_19_25.8%2Cusm%400/baiduid=E23D752647AC9A72A29F9150F14CC5DD/w=0_10_/t=iphone/l=1/tc,1,100,0
m.baidu.com/from=1020761f/bd_page_type=1/ssid=0/uid=0/pu=sz%401320_1001%2Cta%40iphone_2_10.0_19_25.9%2Cusm%400/baiduid=C49CF47D79D40BF7CCFDBF2591100CE4/w=0_10_/t=iphone/l=1/tc,1,100,0
m.baidu.com/from=1020761f/bd_page_type=1/ssid=0/uid=0/pu=sz%401320_1001%2Cta%40iphone_2_11.0_19_25.7%2Cusm%400/baiduid=0F26FD1E9B6B3CA18EDA6B90C84DFA75/w=0_10_/t=iphone/l=1/tc,1,100,0
m.baidu.com/from=1020761f/bd_page_type=1/ssid=0/uid=0/pu=sz%401320_1001%2Cta%40iphone_2_11.0_19_25.7%2Cusm%400/baiduid=EE41417ACD2C8222C59808F2C689136B/w=0_10_/t=iphone/l=1/tc,1,100,0
m.baidu.com/from=1020761f/bd_page_type=1/ssid=0/uid=0/pu=sz%401320_1001%2Cta%40iphone_2_14.0_19_25.9%2Cusm%400/baiduid=3B211A2CEF30B2AD0BF91059C76BF56C/w=0_10_/t=iphone/l=1/tc,1,100,0
m.baidu.com/from=1020761f/bd_page_type=1/ssid=0/uid=0/pu=sz%401320_1001%2Cta%40iphone_2_15.0_19_25.9%2Cusm%400/baiduid=38BDBF676D0D6BA29F3D92643870E2F3/w=0_10_/t=iphone/l=1/tc,1,100,0
