name,visitors
Warsaw,20
Wrocław,14
Kraków,12
Poznań,8
Szczecin,4
Katowice,4
Pruszków,3
Łódź,3
Gdynia,3
Częstochowa,3
Moscow,2
Minsk,2
Zaporizhzhya,2
Kyiv,2
Wyszków,2
Przeworsk,2
Białystok,2
Shenzhen,2
Berlin,2
Rybnik,2
Koło,2
Gdańsk,2
Bydgoszcz,2
N/A,2
Lipetsk,1
Fastiv,1
Zakliczyn,1
Tarnobrzeg,1
Siedlce,1
Rzeszów,1
Milanówek,1
Lublin,1
N/A,1
Kielce,1
Grębów,1
Mumbai,1
Taipei,1
Naaldwijk,1
Gorinchem,1
Baarn,1
Amsterdam,1
Grevenbroich,1
Zielona Góra,1
Włocławek,1
Sucha Beskidzka,1
Sosnowiec,1
N/A,1
Rumia,1
Ruda Śląska,1
Kozy,1
Fresno,1
