name,visitors,pageviews,bounce_rate,time_on_page,scroll_depth
/tr/3/tutorial/index.html,18,25,27,33,58
/tr/3/installing/index.html,17,17,88,15,55
/tr/3.14/,15,19,20,29,77
/tr/3.14/tutorial/index.html,12,8,33,52,43
/tr/3.14/library/index.html,8,8,50,38,39
/tr/3.14/using/windows.html,8,8,0,19,4
/tr/3/,8,10,67,15,79
/tr/3.14/index.html,6,5,100,12,73
/tr/3.14/search.html,6,16,0,23,100
/tr/3.14/tutorial/controlflow.html,6,4,0,63,36
/tr/3/tutorial/appetite.html,6,6,0,10,100
/tr/3/tutorial/controlflow.html,6,7,33,80,35
/tr/3/tutorial/inputoutput.html,6,5,75,173,49
/tr/3/tutorial/interpreter.html,6,6,0,58,94
/tr/3.14/library/random.html,5,5,0,40,20
/tr/3.14/tutorial/appetite.html,5,5,0,5,58
/tr/3.14/whatsnew/3.14.html,5,5,50,4,16
/tr/3.13/tutorial/index.html,4,4,100,,
/tr/3.14/tutorial/interpreter.html,4,3,0,7,64
/tr/3.15/using/windows.html,4,5,0,39,10
/tr/3.13/library/functions.html,3,3,100,4,3
/tr/3.13/library/stdtypes.html,3,5,100,144,42
/tr/3.13/tutorial/,3,3,67,11,35
/tr/3.14/library/struct.html,3,2,100,55,57
/tr/3.14/reference/introduction.html,3,2,0,1,17
/tr/3.14/tutorial/introduction.html,3,2,0,19,50
/tr/3.15/,3,3,0,11,77
/tr/3/library/math.html,3,2,100,127,21
/tr/3/tutorial/datastructures.html,3,3,100,23,33
/tr/3/tutorial/introduction.html,3,3,100,24,51
/tr/3.13/about.html,2,2,0,14,68
/tr/3.13/library/index.html,2,3,0,24,18
/tr/3.13/tutorial/controlflow.html,2,1,0,25,4
/tr/3.13/using/windows.html,2,2,100,3,3
/tr/3.14/download.html,2,3,100,11,86
/tr/3.14/library/http.cookiejar.html,2,2,0,5,10
/tr/3.14/library/math.html,2,1,0,16,25
/tr/3.14/library/statistics.html,2,1,0,44,53
/tr/3.14/library/turtle.html,2,2,0,5,2
/tr/3.14/reference/index.html,2,4,0,12,62
/tr/3.14/tutorial/inputoutput.html,2,3,0,104,23
/tr/3.14/tutorial/venv.html,2,1,100,9,52
/tr/3.14/using/android.html,2,1,0,1,38
/tr/3.14/using/editors.html,2,3,0,2,80
/tr/3.14/using/ios.html,2,2,0,4,10
/tr/3.14/whatsnew/3.5.html,2,1,0,35,7
/tr/3/library/functions.html,2,2,100,11,3
/tr/3/library/index.html,2,2,0,1,8
/tr/3/library/stdtypes.html,2,2,100,,
/tr/3/tutorial/,2,7,0,18,82
/tr/3/tutorial/modules.html,2,2,0,4,40
/tr/3/tutorial/venv.html,2,2,100,4,100
/tr/3.12/library/tk.html,1,2,0,6,42
/tr/3.12/tutorial/classes.html,1,1,100,11,38
/tr/3.13/,1,1,0,5,43
/tr/3.13/index.html,1,1,100,,
/tr/3.13/library/intro.html,1,1,0,19,72
/tr/3.14/contents.html,1,1,0,5,2
/tr/3.14/genindex.html,1,1,0,11,100
/tr/3.14/glossary.html,1,2,0,19,25
/tr/3.14/installing/index.html,1,1,0,5,20
/tr/3.14/library/,1,1,0,4,10
/tr/3.14/library/datetime.html,1,1,0,2,2
/tr/3.14/library/sys.html,1,1,0,9,9
/tr/3.14/py-modindex.html,1,1,0,4,8
/tr/3.14/reference/lexical_analysis.html,1,1,0,2,3
/tr/3.14/tutorial/,1,1,0,32,43
/tr/3.14/tutorial/datastructures.html,1,1,0,,
/tr/3.14/tutorial/errors.html,1,1,0,70,18
/tr/3.14/tutorial/modules.html,1,1,0,,
/tr/3.14/using/mac.html,1,1,0,3,5
/tr/3.15/tutorial/controlflow.html,1,1,100,,
/tr/3/faq/installed.html,1,1,100,3,100
/tr/3/glossary.html,1,1,100,4,5
/tr/3/howto/sorting.html,1,1,100,9,35
/tr/3/index.html,1,1,0,,
/tr/3/library/codecs.html,1,1,100,,
/tr/3/library/datetime.html,1,1,0,9,18
/tr/3/library/idle.html,1,1,100,4,19
/tr/3/reference/index.html,1,1,0,4,70
/tr/3/tutorial/appendix.html,1,1,0,5,100
/tr/3/tutorial/errors.html,1,1,0,,
/tr/3/tutorial/stdlib.html,1,1,100,,
/tr/3/whatsnew/3.14.html,1,1,0,13,1
/tr/3/whatsnew/3.9.html,1,1,0,19,100
