name,visitors
China,229
United States,136
India,89
Russian Federation,53
Germany,45
Japan,45
United Kingdom,33
Brazil,32
France,27
Ukraine,24
Singapore,23
South Korea,21
Hong Kong,19
Poland,18
Canada,17
Indonesia,14
Taiwan,14
Netherlands,12
Finland,10
Czechia,9
Colombia,8
Israel,8
Peru,8
Chile,7
Morocco,7
Australia,6
Sweden,6
Vietnam,6
Denmark,5
Mexico,5
Philippines,5
Pakistan,5
Turkey,5
Austria,4
Bangladesh,4
Switzerland,4
Egypt,4
Spain,4
Cambodia,4
Argentina,3
Bulgaria,3
Belarus,3
Algeria,3
Ghana,3
Hungary,3
Ireland,3
Italy,3
Lithuania,3
Nigeria,3
Saudi Arabia,3
Thailand,3
Venezuela,3
South Africa,3
Belgium,2
Cyprus,2
Iraq,2
Kazakhstan,2
Myanmar,2
Nepal,2
Panama,2
Portugal,2
Romania,2
United Arab Emirates,1
Côte d'Ivoire,1
Dominican Republic,1
Croatia,1
Iran,1
Latvia,1
Libya,1
Malta,1
Malawi,1
Norway,1
Serbia,1
Uruguay,1
Uzbekistan,1
Yemen,1
