name,visitors
Madrid,127
Bogotá,127
Lima,100
Santiago,91
Medellín,64
Singapore,51
Barcelona,46
Mexico City,43
Valencia,37
N/A,34
Málaga,33
Gustavo Adolfo Madero,33
Quito,33
Benito Juarez,30
San José,26
Barranquilla,25
Caracas,23
Guatemala City,22
Cali,22
Sevilla,21
Cuauhtémoc,21
Guadalajara,21
Buenos Aires,20
Santo Domingo,20
Palencia,18
Montevideo,18
La Paz,18
Córdoba,16
Santiago de Querétaro,16
Mérida,15
Havana,14
Cartagena,14
Panamá,14
Arequipa,14
Zapopan,14
Zaragoza,13
Alcalá de Henares,13
Bilbao,12
Santa Marta,12
Miguel Hidalgo,12
Ciudad Juárez,12
Tampico,11
Puebla,11
Guayaquil,11
Guadalajara de Buga,11
Bucaramanga,11
Murcia,10
Iztapalapa,10
Rosario,10
N/A,10
Concepción,10
Alicante,9
Vigo,9
La Plata,9
Ecatepec de Morelos,9
Santa Fe,9
Viña del Mar,9
Morelia,9
Monterrey,9
Ciudad General Escobedo,9
N/A,9
Santiago de Compostela,8
Tegucigalpa,8
Salta,8
N/A,8
Huancayo,8
Donostia / San Sebastián,7
Ourense,7
Asunción,7
Cuautitlán Izcalli,7
Xalapa de Enríquez,7
Ciudad Nezahualcoyotl,7
Azcapotzalco,7
N/A,7
Neiva,7
San Miguel de Tucumán,7
Tijuana,7
Hermosillo,7
Culiacán,7
Aguascalientes,7
Palma,6
Córdoba,6
Leganés,6
A Coruña,6
Badalona,6
Tlalnepantla,6
Cuernavaca,6
Chalco,6
Barquisimeto,6
Chiclayo,6
Chihuahua,6
Celaya,6
Miami,6
Torremolinos,5
Toledo,5
Sanlúcar de Barrameda,5
Granada,5
Amsterdam,5
Mar del Plata,5
Álvaro Obregón,5
Toluca,5
Tlalpan,5
Pachuca de Soto,5
Naucalpan de Juárez,5
Metepec,5
Maracaibo,5
Coro,5
Barcelona,5
Riobamba,5
N/A,5
Tunja,5
Pereira,5
Ibagué,5
San Luis,5
N/A,5
Cochabamba,5
Zacatecas,5
San Luis Potosí,5
Ciudad Guadalupe Victoria,5
Colima,5
Ciudad Apodaca,5
Ashburn,5
San Miguel,5
Santa Cruz de Tenerife,4
Las Palmas de Gran Canaria,4
Almería,4
Dublin,4
Torrejón de Ardoz,4
Terrassa,4
Barakaldo,4
Sabadell,4
Oviedo,4
Móstoles,4
Corbera de Llobregat,4
Collado-Villalba,4
Tultitlán de Mariano Escobedo,4
Iztacalco,4
Ciudad López Mateos,4
Acapulco de Juárez,4
San Salvador,4
Managua,4
Valencia,4
Turmero,4
Cuenca,4
Soacha,4
Pitalito,4
Palmira,4
Trujillo,4
Paraná,4
Bahía Blanca,4
N/A,4
La Serena,4
N/A,4
El Pueblito,4
Piedras Negras,4
Mexicali,4
Ciudad Benito Juárez,4
Irapuato,4
Ensenada,4
Montréal,4
N/A,4
Ho Chi Minh City,3
Wuxi,3
Shanghai,3
San Vicent del Raspeig,3
Pedreguer,3
Fortuna,3
Castelló de la Plana,3
Vic,3
Valladolid,3
Santander,3
Santa Marta de Tormes,3
Santa Coloma de Gramenet,3
Salamanca,3
Pontevedra,3
Pamplona,3
Gijón,3
Cassà de la Selva,3
San Isidro,3
Posadas,3
N/A,3
N/A,3
Rio de Janeiro,3
Zumpango,3
Xochimilco,3
Veracruz,3
Santa Cruz Xoxocotlán,3
San Mateo Atenco,3
Reynosa,3
Oaxaca,3
Ixtapaluca,3
Ezequiel Montes,3
Ciudad Victoria,3
Cancún,3
N/A,3
Mixco,3
Valledupar,3
Floridablanca,3
Cajamarca,3
Maturín,3
Venustiano Carranza,3
San Salvador de Jujuy,3
San Juan,3
N/A,3
Valparaíso,3
San Felipe,3
San Bernardo,3
Puerto Montt,3
Providencia,3
N/A,3
N/A,3
Cusco,3
Tlaquepaque,3
Tepic,3
Tejupilco de Hidalgo,3
Rincón de Romos,3
León de los Aldama,3
Jerez de García Salinas,3
Dallas,3
Ceuta,3
José C. Paz,3
Cairo,2
Pune,2
Bengaluru,2
Hanoi,2
Telde,2
Santa Brígida,2
Sagunto,2
Roquetas de Mar,2
Rafal,2
Quintanar de la Orden,2
Paterna,2
Motril,2
Morón de la Frontera,2
Mérida,2
Mairena del Aljarafe,2
Lorca,2
Las Torres de Cotillas,2
La Albuera,2
Huércal de Almería,2
Huelva,2
N/A,2
Elche,2
Ciudad Real,2
Carcaixent,2
Burjassot,2
Benidorm,2
Benamejí,2
Barbate,2
Arrecife,2
Armilla,2
Argamasilla de Alba,2
Almendralejo,2
Heverlee,2
Frankfurt am Main,2
Essen,2
Berlin,2
Clermont-Ferrand,2
Antibes,2
Gárdony,2
Zumarraga,2
Yuncler,2
Viladecans,2
Ugena,2
Tarragona,2
La Seu d'Urgell,2
San Sebastián de los Reyes,2
San Fernando de Henares,2
Roses,2
As Pontes de García Rodríguez,2
Olot,2
Munébrega,2
Logroño,2
León,2
Illescas,2
L'Hospitalet de Llobregat,2
Gernika-Lumo,2
Gavà,2
Fuenlabrada,2
N/A,2
Ferrol,2
Cuenca,2
Coslada,2
Colmenar Viejo,2
Burgos,2
N/A,2
Arroyomolinos,2
Aranda de Duero,2
Alcobendas,2
Pescara,2
Tigre,2
N/A,2
San Justo,2
N/A,2
N/A,2
Leandro N. Alem,2
Ituzaingó,2
Gualeguaychú,2
Gobernador Virasora,2
General Pacheco,2
