name,version,visitors
Windows,10,23306
Mac,10.15,3077
GNU/Linux,(not set),1053
Android,10,1016
iOS,18.5,337
Ubuntu,(not set),218
iOS,18.4,106
Chrome OS,14541.0,95
Android,15,85
Windows,7,67
Android,14,47
Android,12,44
iOS,18.3,43
Android,11,33
Android,13,32
Windows,8.1,25
iOS,17.6,23
iOS,18.1,19
iOS,16.7,17
iOS,17.5,11
iOS,18.0,11
HarmonyOS,(not set),9
HarmonyOS,3.0,9
iOS,17.1,7
iOS,17.7,7
iOS,18.2,7
Android,8.1,7
iOS,15.8,6
iPadOS,17.6,6
iOS,15.7,5
iOS,16.4,4
(not set),(not set),3
iOS,15.6,3
iOS,16.1,3
iOS,16.3,3
iOS,17.4,3
Fire OS,5,3
Android,9,3
Mac,10.14,2
iOS,12.5,2
iOS,14.2,2
iOS,14.6,2
Chrome OS,14816.131,2
iOS,15.4,2
iOS,15.5,2
iOS,16.6,2
iOS,17.2,2
Android,5.0,2
Android,6.0,2
Mac,(not set),1
Mac,10.10,1
Mac,10.13,1
iOS,11.2,1
iOS,12.3,1
iOS,13.6,1
iOS,14.3,1
iOS,15.3,1
iPadOS,15.8,1
iOS,16.0,1
iOS,16.2,1
iOS,16.5,1
iOS,17.0,1
iOS,17.3,1
iPadOS,17.5,1
iPadOS,17.7,1
HarmonyOS,2.2,1
Android,4.4,1
Android,5.1,1
PlayStation,5.11,1
Fire OS,7,1
Android,7.1,1
Windows,8,1
Windows,Server 2003,1
Windows,Vista,1
Windows,XP,1
