name,version,visitors
Windows,10,3398
Mac,10.15,869
Windows,XP,143
Android,10,135
iOS,18.7,120
GNU/Linux,(not set),119
iOS,18.6,104
Windows,7,77
Mac,10.13,71
Chrome OS,14541.0,50
Android,14,36
Android,15,29
iOS,26.1,29
Ubuntu,(not set),27
iOS,18.5,27
Android,13,21
Android,11,20
Android,12,20
HarmonyOS,3.0,14
HarmonyOS,(not set),11
iOS,16.7,10
(not set),(not set),8
Android,16,7
iOS,18.3,6
Android,9,6
iOS,15.8,4
iOS,17.5,4
iOS,16.6,3
iOS,17.2,3
iOS,17.6,3
Android,(not set),2
iOS,16.1,2
iOS,16.5,2
iOS,17.0,2
iOS,18.4,2
HarmonyOS,2.2,2
iOS,11.2,1
iOS,13.5,1
iOS,13.6,1
iOS,14.3,1
iOS,15.4,1
iOS,16.4,1
iPadOS,16.7,1
iOS,26.2,1
Android,6.0,1
