property,value,visitors,events,percentage
url,(none),2417,4016,99.7
url,https://www.python.org/,42,47,1.7
url,https://www.python.org/downloads/,7,7,0.3
url,https://pypi.org/,6,6,0.2
url,https://docs.python.org/fr/3.14/archives/python-3.14-docs-html.zip,5,6,0.2
url,https://github.com/python/cpython/tree/3.14/Lib/idlelib/,3,3,0.1
url,https://github.com/python/cpython/tree/3.14/Lib/turtle.py,3,3,0.1
url,https://www.debian.org/doc/manuals/maint-guide/first.fr.html,3,3,0.1
url,https://apps.microsoft.com/detail/9NQ7512CXL7T,2,2,0.1
url,https://docs.python.org/fr/3.14/archives/python-3.14-docs-text.zip,2,3,0.1
url,https://docs.python.org/fr/3.14/archives/python-3.14-docs.epub,2,2,0.1
url,https://packaging.python.org/en/latest/tutorials/packaging-projects/,2,2,0.1
url,https://www.tkdocs.com/,2,2,0.1
url,https://briefcase.readthedocs.io/,1,1,0.0
url,https://datatracker.ietf.org/doc/html/rfc3056.html,1,1,0.0
url,https://devguide.python.org/documentation/help-documenting/,1,1,0.0
url,https://docs.python.org/fr/3.14/archives/python-3.14-docs-html.tar.bz2,1,1,0.0
url,https://docs.python.org/fr/3.14/archives/python-3.14-docs-texinfo.tar.bz2,1,1,0.0
url,https://docs.python.org/fr/3.14/archives/python-3.14-docs-texinfo.zip,1,2,0.0
url,https://docs.python.org/fr/3.14/archives/python-3.14-docs-text.tar.bz2,1,1,0.0
url,https://github.com/python/cpython/blob/main/Doc/tutorial/appetite.rst?plain=1,1,1,0.0
url,https://github.com/python/cpython/tree/3.13/Lib/fractions.py,1,1,0.0
url,https://github.com/python/cpython/tree/3.13/Lib/tkinter/__init__.py,1,1,0.0
url,https://github.com/python/cpython/tree/3.13/Lib/types.py,1,1,0.0
url,https://github.com/python/cpython/tree/3.14/Lib/asyncio/coroutines.py,1,1,0.0
url,https://github.com/python/cpython/tree/3.14/Lib/secrets.py,1,1,0.0
url,https://github.com/python/cpython/tree/3.14/Lib/tkinter/__init__.py,1,1,0.0
url,https://github.com/python/cpython/tree/main/Lib/re/,1,1,0.0
url,https://github.com/python/cpython/tree/main/Lib/wave.py,1,1,0.0
url,https://packaging.python.org/en/latest/tutorials/installing-packages/#ensure-pip-setuptools-and-wheel-are-up-to-date,1,1,0.0
url,https://packaging.python.org/installing/#requirements-for-installing-packages,1,1,0.0
url,https://peps.python.org/pep-0492/,1,1,0.0
url,https://peps.python.org/pep-0506/,1,1,0.0
url,https://peps.python.org/pep-0594/,1,1,0.0
url,https://peps.python.org/pep-3120/,1,1,0.0
url,https://pypy.org/,1,1,0.0
url,https://tiswww.case.edu/php/chet/readline/rltop.html,1,1,0.0
url,https://wiki.python.org/moin/GuiProgramming#Cross-Platform_Frameworks,1,1,0.0
url,https://wiki.tcl-lang.org/37432,1,1,0.0
url,https://www.python.org/doc/versions/,1,1,0.0
url,https://www.sphinx-doc.org/,1,1,0.0
url,https://www.zlib.net/,1,1,0.0
