name,visitors,bounce_rate,visit_duration
google.com,1073,78,124
Direct / None,912,69,242
bing.com,71,71,204
python.org,59,0,286
schooding.fr,56,42,497
search.brave.com,44,84,173
openclassrooms.com,30,94,62
duckduckgo.com,27,84,57
chatgpt.com,25,90,223
qwant.com,16,53,217
ecosia.org,13,92,36
google.fr,12,75,13
fr.search.yahoo.com,11,90,3
capytale2.ac-paris.fr,8,100,0
l1-nbgrader.univ-lyon1.fr,8,88,1
fsg-pax-p-jhn01.pax.ulaval.ca,6,71,273
wiki.python.org,5,50,203
youtube.com,5,80,15
afpy.org,4,50,24
python-docs-translations.github.io,3,0,88
android-app://com.google.android.googlequicksearchbox,2,100,0
collegeboreal.brightspace.com,2,100,0
copilot.microsoft.com,2,50,20
developpez.net,2,100,0
docs.google.com,2,50,2
github.com,2,100,0
google.com.hk,2,100,34
moodle.uqat.ca,2,67,0
perso.liris.cnrs.fr,2,50,34
pixees.fr,2,100,0
search.lilo.org,2,100,0
train.learn.datascientest.com,2,100,0
udemy.com,2,50,2274
ytrack.learn.ynov.com,2,50,6
ala.udemy.com,1,0,434
android-app://com.slack,1,100,0
cours-cherry.fr,1,100,0
delivery-tap.studi.fr,1,100,0
docstring.fr,1,100,0
ecolerobots.com,1,100,0
gemini.google.com,1,0,441
github.com/uvsq-l1-info100/l1-python/blob/main/INSTALL.md,1,100,0
gitlab2.istic.univ-rennes1.fr,1,100,0
google.com/url,1,0,390
gstatic.com,1,100,0
iris.univ-tlse2.fr,1,0,104
juggling.ch,1,0,2
koor.fr,1,0,202
krafter.io,1,0,56
levavasseur.xyz,1,100,0
m.baidu.com,1,100,0
m.facebook.com,1,100,0
madoc.univ-nantes.fr,1,100,0
micropip.pyodide.org/en/stable/project/api.html,1,0,229
moodle.umons.ac.be,1,0,28
newgrounds.com,1,100,0
packaging.python.org/en/latest/tutorials/packaging-projects,1,0,0
pdl-49.elea.apps.education.fr,1,0,472
peps.python.org,1,100,0
perplexity.ai,1,0,77
professeurcot.net,1,100,0
python.sdv.u-paris.fr,1,100,0
qkzk.xyz,1,100,0
quizzical-rune-dreams-pxv0dd.solve.it.com,1,0,0
schoolmouv.fr,1,100,0
sdx.microsoft.com,1,0,90
start.duckduckgo.com,1,100,0
studium.umontreal.ca,1,100,0
updago.univ-poitiers.fr,1,100,0
