name,version,visitors
Chrome,136.0,140
Microsoft Edge,136.0,34
Firefox,138.0,23
Safari,18.4,12
Chrome,135.0,6
Safari,17.6,5
Chrome,123.0,3
Chrome,130.0,3
Mobile App,(not set),2
Chrome,105.0,2
Chrome,109.0,2
Microsoft Edge,122.0,2
Chrome,124.0,2
Avira Secure Browser,134.0,2
Safari,15.6,2
Samsung Browser,28.0,2
Chrome,49.0,2
Safari,60.5,2
Microsoft Edge,100.0,1
Chrome,107.0,1
Microsoft Edge,107.0,1
Firefox,113.0,1
Chrome,114.0,1
Chrome,122.0,1
Chrome,126.0,1
Firefox,128.0,1
Chrome,132.0,1
Chrome,134.0,1
Microsoft Edge,135.0,1
Chrome,136,1
Firefox,139.0,1
UC Browser,16.3,1
Safari,16.6,1
Chrome,85.0,1
Chrome,89.0,1
