name,version,visitors
Windows,10,3584
Mac,10.15,834
iOS,18.6,144
Android,10,142
GNU/Linux,(not set),113
Windows,7,95
iOS,18.7,78
Windows,XP,61
Chrome OS,14541.0,58
Android,15,45
Ubuntu,(not set),36
Mac,10.13,31
iOS,18.5,28
Android,14,27
Android,13,18
iOS,26.1,18
Android,12,17
Android,11,15
iOS,16.7,14
Android,16,13
HarmonyOS,3.0,13
iOS,18.1,7
HarmonyOS,(not set),6
iOS,17.6,6
HarmonyOS,2.2,5
Android,9,5
iPadOS,17.7,4
iOS,18.3,4
iOS,26.0,4
iOS,15.8,3
iOS,18.4,3
(not set),(not set),2
iOS,14.7,2
iOS,16.2,2
iOS,16.3,2
Mac,10.12,1
Mac,10.14,1
iOS,14.4,1
iOS,15.5,1
iPadOS,16.6,1
iOS,17.3,1
iOS,18.2,1
Fire OS,7,1
Android,7.1,1
Android,8.1,1
Windows,Server 2003,1
