name,version,visitors
Chrome,126.0,147
Chrome,142.0,133
Chrome,141.0,56
Microsoft Edge,142.0,47
Opera,122.0,25
Firefox,144.0,20
Safari,18.6,8
Opera,123.0,6
Chrome,138.0,6
Chrome,140.0,6
Firefox,140.0,5
Microsoft Edge,141.0,5
Safari,26.0,4
Mobile App,(not set),3
Chrome,109.0,3
Chrome,122.0,2
Chrome,136.0,2
Avast Secure Browser,141.0,2
Firefox,143.0,2
Chrome,106.0,1
Chrome,124.0,1
Chrome,125.0,1
Firefox,128.0,1
Chrome,129.0,1
Chrome,139.0,1
Ecosia,141.0,1
Safari,18.5,1
Yandex Browser,25.8,1
Safari,26.1,1
Safari,26.2,1
Samsung Browser,29.0,1
Chrome,86.0,1
Chrome,87.0,1
Opera,92.0,1
Opera,95.0,1
