name,unique_entrances,total_entrances,visit_duration
/es/3/tutorial/,369,384,150
/dev/using/windows.html,69,69,177
/es/3/tutorial/index.html,67,71,229
/3/,66,69,339
/es/3/library/tkinter.html,66,69,69
/es/3/library/index.html,59,61,47
/es/3/tutorial/interpreter.html,54,56,156
/es/3/tutorial/appetite.html,52,54,227
/es/3/,47,52,115
/es/dev/library/zlib.html,46,46,7
/es/3/tutorial/controlflow.html,45,46,215
/es/3/tutorial/classes.html,44,45,10
/es/3/tutorial/introduction.html,42,46,63
/es/3/tutorial/venv.html,38,42,33
/es/3.13/library/stdtypes.html,35,36,54
/es/3/tutorial/datastructures.html,35,35,273
/es/3.15/using/windows.html,34,35,58
/es/3/library/idle.html,29,29,21
/es/3.14/,26,27,343
/es/3.14/tutorial/introduction.html,23,23,225
/es/3.14/library/functions.html,22,24,171
/es/3/library/functions.html,22,24,36
/es/3.13/library/tkinter.html,21,22,312
/es/3.14/tutorial/index.html,19,20,331
/es/3/library/stdtypes.html,18,18,5
/es/3.13/tutorial/index.html,17,18,100
/es/3/library/datetime.html,17,17,0
/es/3/tutorial/errors.html,17,21,145
/3/tutorial/index.html,16,16,811
/es/3/library/asyncio.html,16,16,94
/es/3/installing/index.html,15,15,5
/es/3/library/re.html,15,15,231
/es/3/library/venv.html,15,15,37
/es/3.13/library/types.html,14,14,0
/es/3.14/library/index.html,14,14,54
/es/3/contents.html,14,14,175
/es/3.14/tutorial/appetite.html,13,14,33
/3/library/index.html,12,12,187
/es/3.14/tutorial/controlflow.html,12,12,64
/es/3/library/csv.html,12,12,0
/es/3/library/pathlib.html,12,13,85
/es/3/library/string.html,12,13,63
/es/3.13/library/functions.html,11,11,0
/es/3/search.html,11,11,201
/3/library/functions.html,10,10,397
/es/3.13/library/re.html,10,10,0
/es/3.13/tutorial/classes.html,10,10,37
/es/3/using/cmdline.html,10,10,0
/es/3.13/c-api/set.html,9,9,0
/es/3.13/tutorial/controlflow.html,9,9,51
/es/3.14/search.html,9,10,151
/es/3.14/tutorial/,9,11,69
/es/3/library/math.html,9,10,6
/es/3/tutorial/modules.html,9,10,57
/es/dev/tutorial/controlflow.html,9,9,43
/es/3.13/c-api/exceptions.html,8,8,0
/es/3.13/library/index.html,8,8,2
/es/3.13/tutorial/venv.html,8,10,153
/es/3.14/library/stdtypes.html,8,8,65
/es/3/glossary.html,8,8,422
/es/3/library/traceback.html,8,8,0
/es/3/reference/compound_stmts.html,8,8,258
/es/3/tutorial/inputoutput.html,8,8,328
/es/3.13/,7,8,15
/es/3.13/library/datetime.html,7,7,4
/es/3/howto/logging.html,7,7,0
/es/3/howto/regex.html,7,7,33
/es/3/howto/sorting.html,7,7,38
/es/3/library/json.html,7,7,213
/es/3/library/unittest.html,7,7,58
/es/3/reference/index.html,7,7,138
/es/3.13/c-api/typeobj.html,6,6,0
/es/3.13/installing/,6,6,1
/es/3.13/tutorial/interpreter.html,6,7,152
/es/3.14/tutorial/datastructures.html,6,7,483
/es/3.14/tutorial/interpreter.html,6,7,251
/es/3/genindex-Símbolos.html,6,6,0
/es/3/howto/curses.html,6,8,403
/es/3/library/argparse.html,6,6,4
/es/3/library/smtplib.html,6,7,0
/es/3/library/socket.html,6,6,0
/es/3/library/sys.html,6,7,64
/es/3/reference/import.html,6,6,61
/3.14/,5,5,677
/3.14/tutorial/,5,5,399
/3/library/tkinter.html,5,5,98
/es/3.12/tutorial/controlflow.html,5,6,0
/es/3.13/c-api/function.html,5,5,0
/es/3.13/howto/logging.html,5,5,0
/es/3.13/library/importlib.resources.html,5,5,0
/es/3.13/library/locale.html,5,5,0
/es/3.13/library/tkinter.messagebox.html,5,5,0
/es/3.13/using/configure.html,5,5,0
/es/3.13/using/windows.html,5,5,0
/es/3/howto/sockets.html,5,6,451
/es/3/library/ctypes.html,5,5,0
/es/3/library/importlib.metadata.html,5,5,0
/es/3/library/shutil.html,5,5,0
/es/3/library/sqlite3.html,5,7,13
/es/3/library/xmlrpc.server.html,5,5,0
/es/3/using/editors.html,5,6,28
/es/3/using/windows.html,5,5,0
/es/dev/tutorial/,5,5,0
/3/faq/,4,4,173
/3/library/idle.html,4,4,265
/3/library/threading.html,4,4,790
/3/library/venv.html,4,4,102
/3/reference/index.html,4,4,72
/3/search.html,4,4,90
/es/3.12/index.html,4,4,0
/es/3.13/c-api/iterator.html,4,4,0
/es/3.13/library/__main__.html,4,4,570
/es/3.13/library/ctypes.html,4,4,0
/es/3.13/library/hashlib.html,4,4,0
/es/3.13/library/logging.config.html,4,4,0
/es/3.13/library/random.html,4,4,0
/es/3.13/tutorial/appetite.html,4,4,2
/es/3.13/tutorial/inputoutput.html,4,4,242
/es/3.14/library/,4,6,120
/es/3.14/library/exceptions.html,4,4,33
/es/3.14/library/pathlib.html,4,4,0
/es/3.14/py-modindex.html,4,4,1
/es/3/library/__main__.html,4,4,0
/es/3/library/difflib.html,4,4,0
/es/3/library/functools.html,4,4,9
/es/3/library/http.server.html,4,4,0
/es/3/library/ssl.html,4,4,0
/es/3/library/tkinter.colorchooser.html,4,4,0
/es/3/library/turtle.html,4,4,0
/es/3/library/typing.html,4,4,155
/es/3/library/urllib.error.html,4,4,0
/3.13/tutorial/,3,3,1066
/3.14/tutorial/index.html,3,3,288
/3.14/tutorial/interpreter.html,3,3,1957
/3.15/,3,3,509
/3/library/asyncio.html,3,3,767
/3/library/datetime.html,3,3,79
/3/library/exceptions.html,3,3,1
/3/library/os.html,3,3,455
/3/library/time.html,3,3,575
/3/library/unittest.html,3,3,722
/3/tutorial/,3,3,368
/3/tutorial/errors.html,3,3,2179
/3/tutorial/introduction.html,3,3,80
/3/using/windows.html,3,3,339
/es/3.12/library/email.iterators.html,3,3,0
/es/3.13/c-api/init_config.html,3,3,0
/es/3.13/c-api/unicode.html,3,3,0
/es/3.13/index.html,3,3,1537
/es/3.13/library/array.html,3,4,0
/es/3.13/library/curses.html,3,3,0
/es/3.13/library/ensurepip.html,3,3,0
/es/3.13/library/multiprocessing.html,3,3,0
/es/3.13/library/windows.html,3,3,0
/es/3.13/library/zoneinfo.html,3,3,12
/es/3.13/reference/datamodel.html,3,5,3
/es/3.13/reference/import.html,3,3,0
/es/3.13/tutorial/datastructures.html,3,3,0
/es/3.14/library/io.html,3,3,24
/es/3.14/library/subprocess.html,3,3,0
/es/3.14/reference/simple_stmts.html,3,3,0
/es/3/c-api/init.html,3,3,0
/es/3/howto/unicode.html,3,3,0
/es/3/library/abc.html,3,3,197
/es/3/library/ast.html,3,3,0
/es/3/library/asyncio-task.html,3,3,0
/es/3/library/atexit.html,3,3,0
/es/3/library/base64.html,3,3,0
/es/3/library/exceptions.html,3,3,198
/es/3/library/functional.html,3,3,0
/es/3/library/pprint.html,3,3,838
/es/3/library/random.html,3,3,0
/es/3/library/security_warnings.html,3,3,0
/es/3/library/statistics.html,3,3,9
/es/3/library/unittest.mock.html,3,3,330
/es/3/library/urllib.html,3,3,82
/es/3/library/urllib.request.html,3,3,68
/es/3/library/weakref.html,3,3,0
/es/3/library/wsgiref.html,3,3,234
/es/3/library/xml.etree.elementtree.html,3,3,0
/es/3/reference/datamodel.html,3,3,0
/3.13/tutorial/index.html,2,2,22
/3.14/whatsnew/3.14.html,2,2,10
/3/download.html,2,2,26
/3/library/argparse.html,2,2,0
/3/library/bisect.html,2,2,12
/3/library/heapq.html,2,2,1095
/3/library/http.server.html,2,2,760
/3/library/math.html,2,2,118
/3/library/socketserver.html,2,2,394
/3/library/unittest.mock.html,2,2,2430
/3/py-modindex.html,2,2,158
/3/tutorial/classes.html,2,2,704
/3/tutorial/controlflow.html,2,2,760
/3/using/index.html,2,2,554
/es/3.12/bugs.html,2,2,0
/es/3.12/library/mimetypes.html,2,2,0
/es/3.13/c-api/intro.html,2,2,0
/es/3.13/c-api/slice.html,2,2,0
/es/3.13/c-api/time.html,2,2,0
/es/3.13/contents.html,2,2,0
/es/3.13/library/asyncio-future.html,2,2,0
/es/3.13/library/calendar.html,2,2,2
/es/3.13/library/email.errors.html,2,2,0
/es/3.13/library/ftplib.html,2,2,0
/es/3.13/library/getopt.html,2,2,0
/es/3.13/library/io.html,2,2,0
/es/3.13/library/math.html,2,2,2
/es/3.13/library/operator.html,2,2,0
/es/3.13/library/quopri.html,2,2,78
/es/3.13/library/time.html,2,3,1
/es/3.13/library/tk.html,2,2,32
/es/3.13/library/tkinter.ttk.html,2,2,0
/es/3.13/library/venv.html,2,2,0
/es/3.13/py-modindex.html,2,3,0
/es/3.13/reference/compound_stmts.html,2,2,1122
/es/3.13/search.html,2,2,4
/es/3.13/tutorial/,2,2,168
/es/3.13/tutorial/errors.html,2,2,1282
/es/3.13/tutorial/introduction.html,2,3,53
/es/3.13/tutorial/modules.html,2,2,0
/es/3.13/using/mac.html,2,2,0
/es/3.14/contents.html,2,3,0
/es/3.14/genindex.html,2,3,0
/es/3.14/installing/index.html,2,2,81
/es/3.14/library/idle.html,2,2,58
/es/3.14/library/intro.html,2,2,0
/es/3.14/library/string.templatelib.html,2,2,456
/es/3.14/library/tkinter.html,2,2,0
/es/3.14/library/turtle.html,2,2,0
/es/3.14/library/venv.html,2,2,52
/es/3.14/reference/compound_stmts.html,2,2,108
/es/3.14/reference/datamodel.html,2,3,0
/es/3.14/reference/introduction.html,2,2,20
/es/3.14/reference/lexical_analysis.html,2,2,1226
/es/3.14/tutorial/classes.html,2,2,0
/es/3.14/tutorial/errors.html,2,2,0
/es/3.14/tutorial/modules.html,2,2,0
/es/3.14/using/cmdline.html,2,2,634
/es/3.14/whatsnew/3.14.html,2,2,0
/es/3.15/library/functions.html,2,2,0
/es/3/c-api/contextvars.html,2,2,0
/es/3/c-api/unicode.html,2,2,0
/es/3/c-api/weakref.html,2,2,0
/es/3/faq/windows.html,2,2,0
/es/3/index.html,2,2,224
/es/3/library/,2,2,0
/es/3/library/archiving.html,2,2,101
/es/3/library/binascii.html,2,2,0
/es/3/library/calendar.html,2,2,196
/es/3/library/configparser.html,2,3,0
/es/3/library/decimal.html,2,2,161
/es/3/library/filesys.html,2,2,48
/es/3/library/heapq.html,2,2,56
/es/3/library/i18n.html,2,2,0
/es/3/library/intro.html,2,2,916
/es/3/library/plistlib.html,2,2,265
/es/3/library/profile.html,2,2,54
/es/3/library/rlcompleter.html,2,2,0
/es/3/library/site.html,2,2,8
/es/3/library/time.html,2,2,0
/es/3/library/timeit.html,2,2,0
/es/3/library/warnings.html,2,2,0
/es/3/library/xml.html,2,2,22
/es/3/py-modindex.html,2,4,0
/es/3/reference/lexical_analysis.html,2,2,0
/es/3/tutorial/floatingpoint.html,2,2,0
/es/3/using/unix.html,2,2,0
/es/3/whatsnew/3.14.html,2,2,0
/es/3/whatsnew/index.html,2,2,0
/es/dev/library/email.charset.html,2,2,0
/es/dev/library/turtle.html,2,2,0
/es/dev/search.html,2,2,202
/es/dev/using/windows.html,2,2,0
/es/dev/whatsnew/3.11.html,2,2,0
/es/dev/whatsnew/3.6.html,2,2,0
/3.12/,1,1,0
/3.12/library/threading.html,1,1,767
/3.12/whatsnew/3.12.html,1,1,6
/3.13/library/,1,1,44
/3.13/tutorial/appetite.html,1,1,2423
/3.14/library/abc.html,1,1,0
/3.14/library/functions.html,1,1,147
/3.14/library/keyword.html,1,1,54
/3.14/library/winreg.html,1,1,2446
/3.14/using/windows.html,1,1,0
/3.15/tutorial/index.html,1,1,20
/3/c-api/bytearray.html,1,1,138
/3/contents.html,1,1,35
/3/faq/programming.html,1,1,719
/3/glossary.html,1,1,9
/3/howto/free-threading-python.html,1,1,168
/3/howto/index.html,1,1,1435
/3/howto/sorting.html,1,1,37
/3/installing/index.html,1,1,186
/3/library/,1,1,0
/3/library/asyncio-task.html,1,2,1871
/3/library/calendar.html,1,1,0
/3/library/csv.html,1,1,561
/3/library/email.message.html,1,1,22
