name,visitors,pageviews,bounce_rate,time_on_page,scroll_depth
/en/latest/tutorials/installing-packages/,3598,4133,79,47,42
/en/latest/tutorials/packaging-projects/,716,723,78,88,56
/en/latest/guides/writing-pyproject-toml/,596,638,83,50,51
/en/latest/guides/tool-recommendations/,555,634,75,24,59
/en/latest/guides/installing-using-pip-and-virtual-environments/,452,463,88,52,47
/en/latest/,373,404,65,29,80
/en/latest/glossary/,315,339,56,32,67
/en/latest/specifications/binary-distribution-format/,264,262,85,35,37
/en/latest/key_projects/,263,274,48,27,44
/en/latest/overview/,168,152,69,68,45
/en/latest/tutorials/,123,141,32,7,97
/en/latest/flow/,118,109,58,65,66
/en/latest/guides/,116,119,47,12,91
/en/latest/guides/section-install/,113,106,55,7,97
/en/latest/guides/installing-using-linux-tools/,111,151,68,33,77
/en/latest/tutorials/managing-dependencies/,109,108,49,53,76
/en/latest/guides/distributing-packages-using-setuptools/,108,107,67,42,57
/en/latest/specifications/dependency-specifiers/,95,98,88,28,35
/en/latest/discussions/src-layout-vs-flat-layout/,74,71,87,51,87
/en/latest/guides/installing-stand-alone-command-line-tools/,66,78,54,33,80
/en/latest/guides/section-build-and-publish/,59,57,42,25,95
/en/latest/specifications/pyproject-toml/,56,58,68,32,53
/en/latest/specifications/core-metadata/,52,52,76,33,42
/en/latest/search/,51,56,17,29,71
/en/latest/guides/installing-scientific-packages/,48,44,64,40,74
/en/latest/specifications/,48,44,62,15,82
/en/latest/guides/installing-using-virtualenv/,44,42,42,10,99
/en/latest/specifications/version-specifiers/,43,40,81,60,59
/en/latest/guides/packaging-binary-extensions/,36,34,73,24,60
/en/latest/guides/creating-command-line-tools/,35,34,86,94,84
/en/latest/specifications/entry-points/,35,31,85,46,65
/en/latest/guides/packaging-namespace-packages/,34,31,89,73,69
/en/latest/discussions/distribution-package-vs-import-package/,30,25,25,17,73
/en/latest/guides/analyzing-pypi-package-downloads/,30,29,87,36,58
/en/latest/guides/hosting-your-own-index/,29,26,85,45,89
/en/latest/guides/using-testpypi/,29,24,45,12,85
/en/latest/specifications/recording-installed-packages/,27,23,73,17,57
/en/latest/discussions/pip-vs-easy-install/,26,24,62,16,88
/en/latest/guides/creating-and-discovering-plugins/,24,27,83,30,81
/en/latest/guides/modernize-setup-py-project/,24,17,75,44,74
/en/latest/discussions/deploying-python-applications/,23,23,67,42,86
/en/latest/specifications/dependency-groups/,22,20,83,30,68
/en/latest/discussions/package-formats/,21,17,67,65,48
/en/latest/discussions/single-source-version/,19,14,60,20,95
/en/latest/guides/publishing-package-distribution-releases-using-github-actions-ci-cd-workflows/,19,17,80,73,82
/en/latest/specifications/pypirc/,18,17,83,22,82
/en/latest/discussions/setup-py-deprecated/,17,15,100,71,70
/en/latest/guides/making-a-pypi-friendly-readme/,16,14,67,70,79
/en/latest/specifications/pylock-toml/,16,14,88,26,41
/en/latest/specifications/well-known-project-urls/,16,11,100,36,79
/en/latest/discussions/versioning/,15,16,60,19,81
/en/latest/guides/dropping-older-python-versions/,15,14,50,26,74
/en/latest/guides/index-mirrors-and-caches/,15,11,67,35,86
/en/latest/specifications/section-distribution-metadata/,15,11,100,5,98
/en/latest/discussions/,14,13,50,4,100
/en/latest/guides/licensing-examples-and-user-scenarios/,14,13,80,31,71
/en/latest/specifications/inline-script-metadata/,14,13,91,10,60
/en/latest/discussions/install-requires-vs-requirements/,13,9,75,26,90
/en/latest/specifications/externally-managed-environments/,13,14,89,14,43
/en/latest/specifications/platform-compatibility-tags/,11,9,86,30,53
/en/latest/specifications/section-installation-metadata/,11,11,0,8,98
/en/latest/specifications/simple-repository-api/,11,11,57,40,35
/en/latest/guides/section-hosting/,9,6,0,6,99
/en/latest/specifications/license-expression/,9,7,100,34,98
/en/latest/news/,8,7,100,5,64
/en/latest/specifications/name-normalization/,8,7,100,13,83
/en/latest/specifications/schemas/,7,6,0,7,96
/en/latest/specifications/source-distribution-format/,6,6,75,5,72
/en/latest/support/,6,6,33,6,100
/en/latest/guides/using-manifest-in/,5,6,33,6,97
/en/latest/specifications/direct-url/,5,4,100,4,84
/en/latest/specifications/file-yanking/,5,4,100,69,100
/en/latest/contribute/,4,4,0,9,24
/en/latest/guides/supporting-multiple-python-versions/,4,3,0,43,87
/en/latest/guides/migrating-to-pypi-org/,3,2,100,276,100
/en/latest/specifications/build-details/,3,4,0,13,80
/en/latest/specifications/index-hosted-attestations/,3,3,100,16,57
/en/latest/specifications/project-status-markers/,3,2,100,28,99
/en/latest/specifications/virtual-environments/,3,2,0,32,100
/en/latest/guides/single-sourcing-package-version/,2,2,100,,
/en/latest/specifications/build-details/v1.0/,2,2,0,69,100
/en/latest/specifications/glob-patterns/,2,2,100,9,100
/en/latest/specifications/section-distribution-formats/,2,2,0,7,98
/en/latest/specifications/section-python-description-formats/,2,1,0,2,100
/en/latest/specifications/section-reproducible-environments/,2,1,0,5,100
/en/latest/discussions/downstream-packaging/,1,1,0,9,100
/en/latest/specifications/declaring-project-metadata/,1,1,100,,
/en/latest/specifications/direct-url-data-structure/,1,1,0,7,100
/en/latest/specifications/section-package-indices/,1,1,0,4,100
