name,visitors
California,200
England,155
Tokyo,142
Maharashtra,101
Guangdong,87
Moscow,84
Tamil Nadu,80
Karnataka,77
Beijing,72
Ontario,67
Bavaria,67
Texas,65
Shanghai,61
North Rhine-Westphalia,58
Telangāna,58
New York,58
Virginia,56
Île-de-France,55
Baden-Württemberg,51
Ho Chi Minh City,50
Iowa,49
Washington,49
Hesse,48
North Holland,45
Istanbul,43
Tel Aviv,42
Colorado,42
Zhejiang,40
Florida,40
Delhi,38
Hanoi,37
Oregon,36
Saint Petersburg,35
Bangkok,35
Uttar Pradesh,34
Osaka,34
New Jersey,32
São Paulo,29
Mazovia,29
Ohio,29
Vienna,28
Gujarat,28
Pennsylvania,28
Taipei,27
Jiangsu,26
Georgia,26
Lombardy,25
Quebec,24
Cairo,24
Addis Ababa,24
Punjab,24
Illinois,24
Hubei,23
Ankara,23
Minnesota,23
Henan,21
Dubai,20
Lower Saxony,20
Uusimaa,20
Odisha,20
Kanagawa,20
British Columbia,19
Lagos,19
Alberta,18
Occitanie,18
Sindh,18
Riyadh,18
Arizona,18
Sichuan,17
Berlin,17
Central,17
Kerala,17
Stockholm,17
Massachusetts,17
Michigan,17
Shaanxi,16
Rhineland-Palatinate,16
Leinster,16
Seoul,16
South Holland,16
Missouri,16
New South Wales,15
Shandong,15
Tianjin,15
Jakarta,15
Kuala Lumpur,15
Novosibirsk,15
Tunis,15
Izmir,15
North Carolina,15
Victoria,14
Minsk,14
Anhui,14
Prague,14
Madrid Autonomous Community,14
Tashkent,14
Dhaka Division,13
Rio de Janeiro,13
Schleswig-Holstein,13
Hormozgan,13
Western,13
Metro Manila,13
Bucharest,13
Beograd,13
Maryland,13
Oklahoma,13
Tennessee,13
Zürich,12
Hunan,12
Valencian Community,12
Attica,12
Madhya Pradesh,12
West Bengal,12
Västra Götaland,12
Kyiv,12
Connecticut,12
Gauteng,12
Budapest,11
West Java,11
Jharkhand,11
Gyeonggi,11
Oriental,11
Moscow Province,11
Sverdlovsk,11
Taichung,11
Brussels,10
Flanders,10
Sofia,10
Minas Gerais,10
Chongqing,10
Central Denmark,10
Catalonia,10
Kwai Tsing New Territories,10
Andhra Pradesh,10
Bihar,10
Emilia-Romagna,10
Aichi,10
Skåne,10
New Taipei,10
Indiana,10
Grand-Est,9
Provence-Alpes-Côte-d'Azur,9
Haryana,9
Rajasthan,9
Nairobi County,9
Province 3,9
Lima,9
Rostov,9
Samara,9
Lvivshchyna,9
Utah,9
Abu Dhabi,8
Yerevan,8
Buenos Aires Province,8
Queensland,8
Rio Grande do Sul,8
Wales,8
Kowloon City Kowloon,8
East Java,8
Campania,8
Saitama,8
Meknès-Tafilalet,8
Selangor,8
Islamabad,8
West Pomerania,8
Eastern,8
Fujian,7
South Moravia,7
Hamburg,7
Saxony,7
Andalusia,7
Auvergne-Rhône-Alpes,7
Brittany,7
Normandie,7
Scotland,7
Yogyakarta,7
Tuscany,7
Mexico State,7
Gelderland,7
Khyber Pakhtunkhwa,7
Lisbon,7
Doha,7
Tatarstan,7
Kaohsiung,7
Wisconsin,7
Bahia,6
New Brunswick,6
Antioquia,6
Capital Region,6
Giza,6
Hauts-de-France,6
Central Macedonia,6
Jammu and Kashmir,6
Punjab,6
Riga,6
North Brabant,6
Auckland,6
Central Visayas,6
Lesser Poland,6
Pomerania,6
Bashkortostan,6
Krasnodar Krai,6
Tomsk,6
Makkah,6
Khartoum,6
Dnipropetrovshchyna,6
Khmelnychchyna,6
Central,6
Washington DC,6
Kansas,6
South Carolina,6
Western Cape,6
Western Australia,5
Vaud,5
Abidjan,5
Santiago Metropolitan,5
Hebei,5
Havana,5
Brandenburg,5
Harjumaa,5
Southwest Finland,5
Tsuen Wan New Territories,5
South Sulawesi,5
Assam,5
Chiba,5
Incheon,5
Al Asimah,5
Astana,5
Almaty City,5
Chișinău,5
Puebla,5
Drenthe,5
Overijssel,5
Zeeland,5
Greater Poland,5
Altai Krai,5
Nizhny Novgorod,5
Bratislava,5
Louisiana,5
Lower Austria,4
South Australia,4
Ceará,4
Paraná,4
Saskatchewan,4
Solothurn,4
Guizhou,4
Yunnan,4
Saxony-Anhalt,4
Northern Denmark,4
Constantine,4
Beheira,4
Galicia,4
Central Java,4
Khorāsān-e Raẕavī,4
Sicily,4
Amman,4
Hokkaido,4
Shimane,4
Fukuoka,4
Bishkek,4
North Jeolla,4
South Gyeongsang,4
Tangier-Tétouan,4
Baja California,4
Abia,4
Federal Capital Territory,4
Oslo,4
Muscat,4
Kuyavia-Pomerania,4
Łódź,4
Silesia,4
Astrakhan,4
Chelyabinsk,4
Leningrad,4
Perm Krai,4
Volgograd,4
Antalya,4
Kayseri,4
Alabama,4
Hawaii,4
Kentucky,4
Da Nang,4
Upper Austria,3
Styria,3
Baku,3
Varna,3
La Paz,3
Santa Cruz,3
Pará,3
Pernambuco,3
Aargau,3
Valparaíso,3
Gansu,3
Central Bohemia,3
Saarland,3
Batna,3
Gharbia,3
Aragon,3
Murcia Region,3
Pays-de-la-Loire,3
