name,visitors
São Paulo,142
Rio de Janeiro,61
Brasília,51
Belo Horizonte,36
Curitiba,29
Recife,26
Fortaleza,21
Osasco,21
Manaus,18
Porto Alegre,17
Campinas,15
Florianópolis,14
São Luís,13
Maceió,13
João Pessoa,13
São Bernardo do Campo,13
Salvador,13
Lisbon,12
Natal,12
São José dos Campos,11
Campo Grande,11
Luanda,10
Londrina,10
Goiânia,10
Porto,9
Vitória,9
Niterói,9
Guarulhos,9
Campina Grande,8
Uberlândia,8
Belém,7
Santo André,7
Ribeirão Preto,7
Cuiabá,7
Blumenau,7
Sorocaba,6
N/A,6
Piracicaba,6
Maringá,6
Maricá,6
Jundiaí,6
Duque de Caxias,6
Contagem,6
Bauru,6
Porto Velho,6
Olinda,5
Serra,5
Petrópolis,5
Pelotas,5
Joinville,5
Betim,5
Araçatuba,5
Maputo,4
Teresina,4
Imperatriz,4
Vila Velha,4
Viçosa,4
Taboão da Serra,4
Presidente Prudente,4
Praia Grande,4
Nova Iguaçu,4
Jandira,4
Jacareí,4
Itu,4
Foz do Iguaçu,4
Divinópolis,4
Aracaju,4
N/A,4
Aparecida de Goiânia,4
Beijing,3
Vitória de Santo Antão,3
Serra Talhada,3
Petrolina,3
Paulista,3
Parnamirim,3
Cabo,3
Volta Redonda,3
Varginha,3
Valinhos,3
Taubaté,3
Saquarema,3
São José do Rio Preto,3
São Gonçalo,3
São Caetano do Sul,3
Rio Grande,3
Poços de Caldas,3
Ourinhos,3
Novo Hamburgo,3
Nova Lima,3
Montes Claros,3
Mauá,3
Marília,3
Itaquaquecetuba,3
Diadema,3
Canoas,3
Barueri,3
Balneário Camboriú,3
Araruama,3
Araraquara,3
Americana,3
Boa Vista,3
N/A,3
Jaboatão dos Guararapes,3
N/A,3
Zhengzhou,2
Shanghai,2
Funchal,2
Coimbra,2
N/A,2
Soledade,2
São Lourenço da Mata,2
Pinheiro,2
Pacajus,2
Maracanaú,2
Marabá,2
Juazeiro do Norte,2
Caxias,2
Caucaia,2
Catolé do Rocha,2
Castanhal,2
N/A,2
Chavantes,2
Vinhedo,2
Viamão,2
Uberaba,2
Suzano,2
Sumaré,2
Senador Canedo,2
São Vicente,2
São Pedro da Aldeia,2
São Leopoldo,2
São José dos Pinhais,2
São Carlos,2
Santos,2
Santa Maria da Vitória,2
Rio Verde,2
Rio das Ostras,2
Ponta Grossa,2
Passo Fundo,2
Nova Soure,2
Nilópolis,2
Monte Aprazível,2
Mogi Guaçu,2
Mateus Leme,2
Matão,2
Limeira,2
Lavras,2
Juiz de Fora,2
Jacobina,2
Itapevi,2
Itaboraí,2
Ipatinga,2
Ibirubá,2
Franca,2
Feira de Santana,2
Extrema,2
Esteio,2
Erechim,2
Cotia,2
Corupá,2
Conselheiro Lafaiete,2
Concórdia,2
Chapecó,2
Caxias do Sul,2
Cataguases,2
N/A,2
Carapicuíba,2
Caraguatatuba,2
Cabo Frio,2
Birigui,2
Barbacena,2
Atibaia,2
Aracruz,2
Anápolis,2
Palmas,2
Ji Paraná,2
Washington,2
N/A,2
Lauro de Freitas,2
Pinhais,2
Sinop,2
Teixeira de Freitas,2
N/A,2
N/A,2
N/A,2
Ankara,1
Chennai,1
Dili,1
Shenzhen,1
Qingdao,1
Huzhou,1
Oeiras,1
Lagos,1
Évora,1
Amadora,1
Valencia,1
Vila Nova de Gaia,1
Vila Nova de Famalicão,1
Trofa,1
Matosinhos,1
Maia,1
Guimarães,1
Covilhã,1
Bragança,1
Braga,1
Aveiro,1
Kempten (Allgäu),1
Luxembourg,1
Katowice,1
San Giuliano Milanese,1
Orzivecchi,1
N/A,1
Praia,1
Cova Figueira,1
Assomada,1
N/A,1
Sousa,1
N/A,1
Sobral,1
São José de Ribamar,1
São João dos Patos,1
São João de Pirabas,1
Santana do Ipanema,1
Santa Inês,1
Santa Cruz do Capibaribe,1
Salgueiro,1
Russas,1
Ribeirão,1
Quixadá,1
Picuí,1
Paulo Afonso,1
Patos,1
Parnaíba,1
N/A,1
Mossoró,1
Mocajuba,1
N/A,1
Macapá,1
Limoeiro do Norte,1
Itapissuma,1
Itapipoca,1
Ibateguara,1
Gravatá,1
Exu,1
Eusébio,1
Esperança,1
Cruz,1
N/A,1
Castelo do Piauí,1
N/A,1
N/A,1
Capanema,1
N/A,1
Caicó,1
N/A,1
Brejo Santo,1
N/A,1
Ananindeua,1
Afonso Bezerra,1
Acopiara,1
Acaraú,1
Abreu e Lima,1
Abaetetuba,1
N/A,1
Vitória da Conquista,1
Várzea Grande,1
Vargem Grande do Sul,1
N/A,1
N/A,1
Tupanciretã,1
Tupã,1
Três Rios,1
Três Pontas,1
Três de Maio,1
Três Corações,1
Terra Rica,1
N/A,1
Tatuí,1
Sete Lagoas,1
N/A,1
N/A,1
São Simão,1
São Mateus,1
São João de Meriti,1
N/A,1
São João da Boa Vista,1
São Gabriel,1
São Francisco do Sul,1
São Domingos,1
São Bento do Sul,1
N/A,1
Santa Teresa,1
N/A,1
Santana de Parnaíba,1
Santa Maria,1
N/A,1
Santa Cruz do Sul,1
Salto,1
Rolante,1
Rio Grande da Serra,1
