name,visitors
England,1096
California,1035
Tokyo,486
New York,452
Île-de-France,364
Texas,356
Virginia,333
Karnataka,329
Maharashtra,321
São Paulo,307
Bavaria,303
Hesse,286
Moscow,285
Tamil Nadu,278
Illinois,260
Telangāna,234
Beijing,232
Seoul,226
North Rhine-Westphalia,225
Washington,216
Baden-Württemberg,213
North Holland,205
Guangdong,200
Madrid Autonomous Community,195
Massachusetts,184
Pennsylvania,172
New South Wales,168
Mazovia,166
Colorado,165
Gyeonggi,148
Delhi,147
Florida,141
Berlin,132
Tel Aviv,129
Ontario,128
Zürich,128
Shanghai,126
Victoria,123
Ho Chi Minh City,123
Stockholm,122
Zhejiang,121
Georgia,115
New Jersey,113
Capital District,110
Hanoi,108
Vienna,106
Rio de Janeiro,106
Uusimaa,106
Saint Petersburg,104
Kyiv,104
Maryland,104
Ohio,104
Santiago Metropolitan,103
Catalonia,103
Osaka,98
Oregon,96
South Holland,95
Taipei,95
Lombardy,94
Leinster,91
Bangkok,89
Arizona,89
Oslo,88
North Carolina,88
Lima,86
Auvergne-Rhône-Alpes,80
Minas Gerais,78
Uttar Pradesh,77
Istanbul,77
Capital Region,75
Kerala,75
Ciudad de Mexico,75
Michigan,74
Prague,73
West Bengal,72
Buenos Aires Province,71
Quebec,71
Punjab,68
Gauteng,68
Jiangsu,67
New Taipei,67
Tashkent,66
Jakarta,65
Gujarat,65
Shandong,64
Queensland,63
British Columbia,63
Sichuan,63
Saxony,62
Paraná,61
Budapest,59
Utah,58
Cairo,57
Lazio,57
Metro Manila,55
Antioquia,54
Lower Saxony,53
Flanders,51
Nairobi County,51
Västra Götaland,50
Taichung,49
Rio Grande do Sul,48
Shaanxi,48
Attica,48
Central,48
Auckland,48
Henan,47
Provence-Alpes-Côte-d'Azur,46
Kanagawa,46
Andalusia,45
Bucharest,45
Lisbon,44
Lesser Poland,43
Rhineland-Palatinate,42
Kuala Lumpur,42
Rostov,42
Brussels,41
Emilia-Romagna,41
Almaty City,41
Santa Catarina,40
Taoyuan,40
Washington DC,40
Hubei,39
Hamburg,39
Connecticut,39
Minnesota,39
Missouri,39
Dubai,37
Minsk,37
Andhra Pradesh,37
Madhya Pradesh,37
Lower Silesia,37
Samara,37
Scotland,36
Ankara,36
Indiana,36
Tennessee,36
Valencian Community,35
Utrecht,35
Dhaka Division,34
Amazonas,34
Rajasthan,34
Sindh,34
Western Cape,34
Western Australia,33
Sofia,33
Federal District,33
San José,33
Grand-Est,33
North Brabant,33
Pomerania,33
Sverdlovsk,33
Dnipropetrovshchyna,33
Yerevan,32
Bahia,32
Hunan,32
Schleswig-Holstein,32
West Java,32
Vilnius County,32
Silesia,32
Hormozgan,31
Chiba,31
Aichi,31
Greater Poland,31
South Carolina,31
Tianjin,30
Western,30
Mexico State,30
Beograd,30
Incheon,29
Porto,29
Novosibirsk,29
Kaohsiung,29
Ceará,28
Province 3,28
Krasnodar Krai,28
Alberta,27
Vaud,27
Haryana,27
Jalisco,27
Lagos,27
Alabama,27
Iowa,27
Nevada,27
Addis Ababa,26
Occitanie,26
Saitama,26
Riga,26
Calabarzon,26
Lvivshchyna,26
Galicia,25
Tbilisi,25
Moscow Province,25
Nizhny Novgorod,25
Skåne,25
Oklahoma,25
Goiás,24
South Moravia,24
Nuevo León,24
Łódź,24
Bashkortostan,24
Tatarstan,24
Bihar,23
Piedmont,23
Meknès-Tafilalet,23
Riyadh,23
New Hampshire,23
New Mexico,23
Wisconsin,23
Kwai Tsing New Territories,22
Tsuen Wan New Territories,22
East Java,22
Selangor,22
Bratislava,22
Odeshchyna,22
Córdoba,21
Anhui,21
Hebei,21
Yunnan,21
Pichincha,21
Nouvelle-Aquitaine,21
Pays-de-la-Loire,21
Campania,21
Astana,21
Gelderland,21
Tyumen,21
Australian Capital Territory,20
Liaoning,20
Central Denmark,20
Zagreb,20
Overijssel,20
Tainan,20
Chongqing,19
Valle del Cauca,19
Harjumaa,19
Hauts-de-France,19
Wales,19
Kowloon City Kowloon,19
Busan,19
Kyivshchyna,19
Kharkivshchyna,19
Idaho,19
Kansas,19
Fujian,18
Punjab,18
Veneto,18
Bishkek,18
Flevoland,18
Central Luzon,18
Islamabad,18
Kentucky,18
Buenos Aires,17
South Australia,17
Basque Country,17
Odisha,17
Yaroslavl,17
Hsinchu County,17
Wallonia,16
Espírito Santo,16
Pernambuco,16
Greater Accra,16
South Chungcheong,16
Chelyabinsk,16
Tunis,16
Izmir,16
Hsinchu,16
Abu Dhabi,15
Baku,15
Jiangxi,15
Aragon,15
Canary Islands,15
Haifa,15
Daejeon,15
Central Visayas,15
Makkah,15
Changhua,15
Styria,14
Guangxi,14
Central Macedonia,14
Uttarākhand,14
Daegu,14
Querétaro,14
Saratov,14
Maine,14
Cochabamba,13
Basel-Stadt,13
Guizhou,13
Thuringia,13
Giza,13
Brittany,13
Jerusalem,13
Jharkhand,13
Amman,13
Hokkaido,13
Hyogo,13
Trøndelag,13
Panamá,13
Irkutsk,13
Perm Krai,13
Vermont,13
