name,visitors
Chrome,15562
Microsoft Edge,5106
Firefox,2358
Safari,1626
Yandex Browser,321
Opera,313
Mobile App,100
Smart Lenovo Browser,66
Quark,46
Samsung Browser,38
QQ Browser,23
(not set),17
Sogou Explorer,16
Whale Browser,15
Avast Secure Browser,11
MIUI Browser,11
AdBlock Browser,7
Huawei Browser,7
Huawei Browser Mobile,6
QtWebEngine,3
AVG Secure Browser,2
Ecosia,2
Opera Touch,2
vivo Browser,2
360 Secure Browser,1
Avira Secure Browser,1
CoolBrowser,1
Flow Browser,1
Hi Browser,1
Iron,1
Kindle Browser,1
Mypal,1
Oppo Browser,1
Phoenix Browser,1
Raspbian Chromium,1
UBrowser,1
