name,version,visitors
Chrome,135.0,3522
Microsoft Edge,135.0,523
Firefox,137.0,314
Chrome,134.0,119
Opera,117.0,109
Safari,18.3,86
Safari,18.4,67
Opera,118.0,43
Chrome,133.0,37
Chrome,109.0,35
Firefox,128.0,32
Chrome,131.0,27
Firefox,136.0,25
Chrome,132.0,24
Mobile App,(not set),23
Microsoft Edge,134.0,21
Chrome,122.0,20
Chrome,128.0,15
Safari,18.1,14
Chrome,126.0,13
Safari,17.6,13
Microsoft Edge,133.0,12
Chrome,130.0,10
Firefox,134.0,9
Safari,15.6,9
Safari,18.5,9
Firefox,115.0,8
Samsung Browser,28.0,8
Chrome,129.0,7
Chrome,136.0,7
Firefox,138.0,7
Safari,16.6,7
Safari,17.5,7
Microsoft Edge,114.0,6
Firefox,133.0,6
Avast Secure Browser,134.0,6
Samsung Browser,27.0,6
Chrome,105.0,5
Chrome,116.0,5
Chrome,118.0,5
Chrome,119.0,5
Chrome,124.0,5
Chrome,125.0,5
Firefox,135.0,5
Safari,18.0,5
Safari,18.2,5
Chrome,96.0,5
Chrome,123.0,4
Chrome,127.0,4
AVG Secure Browser,134.0,4
Mobile App,135.0,4
Opera,88.0,4
Avast Secure Browser,109.0,3
Chrome,112.0,3
Chrome,114.0,3
Chrome,115.0,3
Safari,12.1,3
Chrome,120.0,3
Firefox,129.0,3
Microsoft Edge,131.0,3
Firefox,131.0,3
MIUI Browser,14.32,3
Chrome,101.0,2
Chrome,102.0,2
Firefox,106.0,2
Chrome,107.0,2
Chrome,108.0,2
Firefox,113.0,2
Chrome,121.0,2
Microsoft Edge,130.0,2
Firefox,132.0,2
Avast Secure Browser,133.0,2
Chrome,137.0,2
Safari,16.0,2
Safari,17.11,2
Safari,17.4,2
Safari,17.8,2
Opera GX,2.7,2
SberBrowser,25.0,2
Yandex Browser,25.2,2
Firefox,64.0,2
Chrome,70.0,2
Chrome,81.0,2
(not set),(not set),1
Firefox,102.0,1
Chrome,103.0,1
Chrome,104.0,1
Microsoft Edge,107.0,1
Microsoft Edge,109.0,1
Chrome,110.0,1
Chrome,111.0,1
Opera,114.0,1
Mobile App,114.0,1
Chrome,117.0,1
Microsoft Edge,120.0,1
Avast Secure Browser,120.0,1
Firefox,123.0,1
Microsoft Edge,127.0,1
Microsoft Edge,128.0,1
Microsoft Edge,129.0,1
Firefox,137.1,1
Firefox,137.2,1
Safari,16.1,1
Safari,16.3,1
Safari,16.4,1
Safari,17.1,1
Safari,17.2,1
Safari,17.7,1
Kindle Browser,3.0,1
Safe Exam Browser,3.9,1
Chrome,69.0,1
Firefox,78.0,1
Chrome,78.0,1
Microsoft Edge,87.0,1
Chrome,87.0,1
Chrome,89.0,1
Chrome,92.0,1
Microsoft Edge,92.0,1
Opera,95.0,1
Chrome,97.0,1
