name,visitors
Tokyo,1033
Singapore,407
Bengaluru,264
Taipei,263
Hyderabad,256
Hong Kong,256
São Paulo,254
Guangzhou,245
Beijing,244
Osaka,235
Shanghai,183
Paris,177
Bogotá,176
Chennai,159
Mumbai,140
New Delhi,135
Pune,134
Lima,120
N/A,109
Kyiv,106
Medellín,106
Shenzhen,104
Chengdu,103
Los Angeles,102
Seoul,101
Ho Chi Minh City,99
Santiago,97
Moscow,92
Hangzhou,91
Lagos,90
Kolkata,89
Xi’an,88
Madrid,87
Rio de Janeiro,86
Istanbul,84
Wuhan,82
Hanoi,79
Nanjing,78
Nairobi,73
Delhi,73
Taichung,72
Amsterdam,71
Frankfurt am Main,70
Warsaw,69
Lahore,68
Zhengzhou,67
Sydney,64
Jakarta,63
Guiyang,63
Brasília,62
Chicago,62
Yokohama,60
Lucknow,58
Cairo,55
Jaipur,55
San Jose,55
Kuala Lumpur,54
Nagoya,54
Melbourne,54
Karachi,53
N/A,52
Montréal,52
Ahmedabad,51
Seattle,51
Jinan,50
Bhopāl,48
N/A,48
Tashkent,47
Qingdao,47
Tianjin,46
Belo Horizonte,46
Milan,45
Recife,44
Changsha,43
Coimbatore,42
Kaohsiung,42
Abidjan,42
New York City,42
Colombo,40
Berlin,40
Tainan,39
Hsinchu,39
Cali,39
Seongnam-si,38
Saint Petersburg,37
Indore,37
Wuhu,37
Montevideo,37
Kyoto,36
N/A,36
Johannesburg,35
Shijiazhuang,35
Stockholm,35
Vienna,35
Rome,35
Patna,34
Cochin,34
Bangkok,34
Suwon,34
Salvador,34
Curitiba,34
Toronto,34
Riyadh,33
Mexico City,33
Miami,33
Ankara,32
Hefei,32
London,32
Zürich,32
Atlanta,32
Kathmandu,31
Dongguan,31
Accra,31
Florianópolis,31
Dallas,31
Kampala,30
Bucharest,30
Pretoria,30
Barcelona,30
Tehran,29
Belgrade,29
N/A,29
Casablanca,29
Köln,29
Marseille,29
Oslo,29
Quito,29
Dubai,28
Baku,28
Fortaleza,28
Uberlândia,28
Gustavo Adolfo Madero,28
Austin,28
Lviv,27
Dhaka,27
Taoyuan,27
N/A,27
Kunming,26
Suzhou,26
Dublin,26
Budapest,26
Buenos Aires,26
Sapporo,25
Cape Town,25
Guatemala City,25
San José,25
Guadalajara,25
Surat,24
Meerut,24
Dehra Dūn,24
Manila,24
Chongqing,24
Manchester,24
Stuttgart,24
Campinas,24
Wuxi,23
Wenzhou,23
Lanzhou,23
Manaus,23
Houston,23
Phoenix,23
N/A,23
Gurgaon,22
Depok,22
Phnom Penh,22
Shenyang,22
La Paz,22
Zapopan,22
Amman,21
Harare,21
Antananarivo,21
Zhubei,21
Kawasaki,21
Santo Domingo,21
Xalapa de Enríquez,21
Santiago de Querétaro,21
Minneapolis,21
N/A,21
Helsinki,20
Dnipro,20
N/A,20
Abuja,20
Prague,20
Goiânia,20
Barranquilla,20
Cuauhtémoc,20
Denver,20
Kharkiv,19
Sofia,19
Quezon City,19
Langfang,19
N/A,19
Kawaguchi,19
Dakar,19
Munich,19
Lyon,19
Poznań,19
São Luís,19
Guayaquil,19
Noida,19
N/A,19
Kigali,18
Addis Ababa,18
Faisalabad,18
Salem,18
Aurangabad,18
Allahābād,18
Novosibirsk,18
Incheon,18
Fukuoka,18
Auckland,18
Luanda,18
Lisbon,18
Toulouse,18
Maceió,18
Toluca,18
Caracas,18
Cartagena,18
N/A,18
Jeddah,17
Odessa,17
Ghāziābād,17
Guwahati,17
Chandīgarh,17
Almaty,17
N/A,17
Ningbo,17
Machida,17
Perth,17
Cotonou,17
Porto Alegre,17
Benito Juarez,17
Monterrey,17
Buffalo,17
San Diego,17
Minsk,16
Himeji,16
Changchun,16
Brisbane,16
Antwerpen,16
Hamburg,16
San Salvador,16
Tampa,16
Calgary,16
N/A,16
Athens,15
Ludhiāna,15
Kanpur,15
Bhubaneshwar,15
Taiyuan,15
Fuzhou,15
Yiwu,15
N/A,15
Okayama,15
Hiroshima,15
Hamamatsu,15
Yaoundé,15
Ibadan,15
Göteborg,15
Porto,15
Turin,15
Indianapolis,15
Ashburn,15
N/A,15
Doha,14
Mangalore,14
N/A,14
Davao,14
Goyang-si,14
Cheongju-si,14
Tunis,14
Copenhagen,14
Brussels,14
Grenoble,14
Belém,14
Puebla,14
Miguel Hidalgo,14
Córdoba,14
San Antonio,14
N/A,14
Dammam,13
Abu Dhabi,13
Tel Aviv,13
Nizhniy Novgorod,13
Vilnius,13
Visakhapatnam,13
Ranchi,13
Surabaya,13
Chang-hua,13
Petaling Jaya,13
N/A,13
Anyang-si,13
Lomé,13
Naaldwijk,13
Natal,13
João Pessoa,13
Asunción,13
São Bernardo do Campo,13
Mérida,13
Coyoacán,13
