name,unique_exits,total_exits,exit_rate
/ja/3/library/codecs.html,503,513,
/ja/3/tutorial/,128,137,
/ja/3.13/library/functions.html,64,68,
/ja/3/library/functions.html,64,63,
/ja/3.13/library/datetime.html,63,72,
/ja/3.13/library/re.html,59,59,
/ja/3/,51,60,
/ja/3/library/stdtypes.html,50,52,
/ja/3/tutorial/controlflow.html,50,50,
/ja/3.13/library/subprocess.html,45,46,
/ja/3/tutorial/datastructures.html,43,44,
/ja/3/tutorial/introduction.html,43,45,
/ja/3/tutorial/index.html,41,48,
/ja/3/tutorial/interpreter.html,41,43,
/ja/3.13/library/random.html,40,41,
/ja/3.13/library/stdtypes.html,39,39,
/ja/3.13/library/typing.html,39,38,
/ja/3/library/index.html,38,44,
/ja/3.13/tutorial/errors.html,37,38,
/ja/3.13/library/index.html,35,36,
/ja/3.13/library/venv.html,35,35,
/ja/3.13/using/windows.html,34,34,
/ja/3.13/library/itertools.html,28,28,
/ja/3.13/library/json.html,27,26,
/ja/3.13/library/logging.html,27,27,
/ja/3.13/library/tkinter.html,27,27,
/ja/3.12/library/codecs.html,26,26,
/ja/3/library/datetime.html,24,24,
/ja/3.13/library/math.html,23,26,
/ja/3.13/library/pathlib.html,23,22,
/ja/3.13/library/__main__.html,22,22,
/ja/3.13/library/argparse.html,22,24,
/ja/3.13/library/enum.html,22,23,
/ja/3.13/library/sqlite3.html,22,25,
/ja/3.13/tutorial/classes.html,22,23,
/ja/3.13/library/time.html,21,21,
/ja/3.13/howto/sorting.html,20,20,
/ja/3.13/installing/index.html,20,20,
/ja/3.13/library/exceptions.html,20,21,
/ja/3.13/tutorial/interpreter.html,20,21,
/ja/3/library/re.html,20,20,
/ja/3/library/venv.html,20,21,
/ja/3.13/tutorial/inputoutput.html,19,19,
/ja/3/c-api/import.html,19,19,
/ja/3.13/library/multiprocessing.html,18,19,
/ja/3.13/library/os.html,18,19,
/ja/3.13/library/os.path.html,18,21,
/ja/3/reference/introduction.html,18,18,
/ja/3.13/library/concurrent.futures.html,17,18,
/ja/3/library/tkinter.html,17,17,
/ja/3.13/library/socket.html,16,18,
/ja/3.13/whatsnew/index.html,16,16,
/ja/3/tutorial/appetite.html,16,16,
/ja/3.13/glossary.html,15,15,
/ja/3.13/library/csv.html,15,15,
/ja/3.13/library/urllib.request.html,15,16,
/ja/3/glossary.html,15,14,
/ja/3/using/windows.html,15,15,
/ja/3.13/library/collections.html,14,14,
/ja/3.13/library/dataclasses.html,14,17,
/ja/3.13/library/glob.html,14,14,
/ja/3.13/library/struct.html,14,14,
/ja/3/library/xml.etree.elementtree.html,14,17,
/ja/3/using/cmdline.html,14,14,
/ja/3.13/library/shutil.html,13,15,
/ja/3.13/library/tempfile.html,13,13,
/ja/3/library/exceptions.html,13,13,
/ja/3.13/library/ctypes.html,12,13,
/ja/3.13/library/logging.handlers.html,12,13,
/ja/3.13/library/string.html,12,12,
/ja/3.13/library/zipfile.html,12,12,
/ja/3.13/tutorial/introduction.html,12,14,
/ja/3/reference/compound_stmts.html,12,13,
/ja/3/tutorial/classes.html,12,13,
/ja/3.13/library/configparser.html,11,12,
/ja/3.13/library/idle.html,11,12,
/ja/3.13/library/inspect.html,11,11,
/ja/3.13/library/io.html,11,11,
/ja/3.13/library/pprint.html,11,12,
/ja/3.13/library/turtle.html,11,11,
/ja/3.13/tutorial/controlflow.html,11,11,
/ja/3.13/tutorial/modules.html,11,10,
/ja/3/library/itertools.html,11,11,
/ja/3/library/random.html,11,11,
/ja/3/search.html,11,12,
/ja/dev/tutorial/errors.html,11,11,
/ja/3.13/library/decimal.html,10,10,
/ja/3.13/library/hashlib.html,10,10,
/ja/3.13/reference/expressions.html,10,10,
/ja/3.13/tutorial/index.html,10,13,
/ja/3/library/pathlib.html,10,12,
/ja/3/library/typing.html,10,10,
/ja/3/tutorial/errors.html,10,10,
/ja/3.13/,9,11,
/ja/3.13/howto/sockets.html,9,10,
/ja/3.13/library/abc.html,9,9,
/ja/3.13/library/base64.html,9,9,
/ja/3.13/library/functools.html,9,10,
/ja/3.13/library/heapq.html,9,9,
/ja/3.13/library/queue.html,9,9,
