name,visitors,bounce_rate,visit_duration
Google,1745,76,139
Direct / None,763,67,237
Baidu,549,88,27
qiita.com,103,72,145
note.nkmk.me,97,81,107
Bing,62,57,209
Yahoo!,62,68,174
chatgpt.com,29,46,177
python.jp,12,67,9
utokyo-ipp.github.io,11,79,229
DuckDuckGo,10,67,648
Youtube,10,80,143
atcoder.jp,6,100,0
python.org,6,100,999
paiza.jp,5,80,4
Twitter,4,75,68
GitHub,3,100,0
chokkan.github.io,3,33,46
nikkie-ftnext.hatenablog.com,3,67,875
technopro-rd.aidemy.jp,3,33,219
Rakuten,2,100,0
atmarkit.itmedia.co.jp,2,100,0
blog.pyq.jp,2,100,0
blog.truestar.co.jp,2,100,0
diver.diveintocode.jp,2,50,60
hatenablog-parts.com,2,0,728
notion.so,2,50,6
rd.ntt,2,100,0
schoo.jp,2,100,0
sejuku.net,2,50,3
techacademy.jp,2,100,0
24gjmerds7pbexe.studio.ap-northeast-1.sagemaker.aws,1,100,0
4engineer.net,1,0,67
Biglobe,1,100,0
Coccoc,1,100,0
Quora,1,100,0
Shenma,1,100,0
algo-method.com,1,0,481
blog.websandbag.com,1,100,0
bombrary.github.io,1,100,0
books.googleusercontent.com,1,100,0
camp.trainocate.co.jp,1,100,0
dev.classmethod.jp,1,0,11
docs.pycord.dev,1,0,618
docs.pydantic.dev,1,0,1939
dynalist.io,1,100,0
engineer-mole.tistory.com,1,0,14
forms.office.com,1,100,0
free.aidemy.jp,1,100,0
gammasoft.jp,1,100,0
gihyo.jp,1,100,0
helve-blog.com,1,100,0
hibiki-press.tech,1,100,0
inetnf.auth,1,100,0
jidouka-labo.com,1,100,0
kamatimaru.hatenablog.com,1,100,0
kikagaku.ai,1,0,51
leadinge.co.jp,1,0,399
lets-python.com,1,100,0
lms.ealps.shinshu-u.ac.jp,1,0,977
m3tech.blog,1,100,0
maku77.github.io,1,100,0
mindmeister.com,1,100,0
nnn.ed.nico,1,100,0
oreilly.co.jp,1,0,18
paiza.hatenablog.com,1,100,0
pandas.pydata.org,1,0,940
pc.watch.impress.co.jp,1,0,144
premium.aidemy.jp,1,100,0
py-memo.com,1,100,0
pycarnival.com,1,100,0
pyteyon.hatenablog.com,1,0,309
python-izm.com,1,100,0
python.p2hp.com,1,0,394
qcoder.jp,1,0,466
raku-da.jword.jp,1,100,0
recursionist.io,1,100,0
satoruhiga.com,1,100,0
search.fenrir-inc.com,1,100,0
simugrammer.com,1,100,0
ssrv.net,1,100,0
superbusinessman.biz,1,100,0
tech-lab.sios.jp,1,100,0
tech.morikatron.ai,1,0,24
technopro.aidemy.jp,1,0,1
teratail.com,1,0,1482
tohoho-web.com,1,100,0
tokukichi.com,1,0,106
tutorials.chainer.org,1,100,0
