name,visitors
China,1884
Japan,1781
United States,704
India,528
France,459
Ukraine,338
South Korea,264
Russian Federation,220
Germany,201
Vietnam,188
Singapore,157
Hong Kong,141
Brazil,138
United Kingdom,138
Mexico,116
Spain,113
Poland,95
Taiwan,92
Netherlands,72
Canada,71
Italy,66
Argentina,47
Colombia,47
Switzerland,45
Peru,44
Turkey,43
Chile,42
Australia,37
Indonesia,36
Belgium,30
Pakistan,29
Romania,27
Sweden,27
Kenya,26
Malaysia,25
Morocco,22
Austria,21
Iran,21
Thailand,21
Kazakhstan,17
Nepal,16
Portugal,16
Czechia,15
Egypt,15
Philippines,15
Finland,14
Israel,14
South Africa,14
Bolivia,13
Nigeria,13
Ecuador,12
Norway,12
Bangladesh,11
Greece,11
Hungary,11
Ireland,11
Saudi Arabia,11
Uzbekistan,11
United Arab Emirates,10
Bulgaria,10
Denmark,10
Sri Lanka,10
Serbia,10
Slovakia,10
Lithuania,9
Belarus,8
Cameroon,8
Dominican Republic,8
Lebanon,8
Cuba,7
Algeria,7
Venezuela,7
Ghana,6
Guatemala,6
Kyrgyzstan,6
Paraguay,6
Azerbaijan,5
"Congo, The Democratic Republic of the",5
Gabon,5
Myanmar,5
Mauritius,5
Panama,5
Angola,4
New Zealand,4
Rwanda,4
Tunisia,4
Tanzania,4
Uruguay,4
Benin,3
Costa Rica,3
Equatorial Guinea,3
Croatia,3
Iraq,3
Armenia,2
Bahrain,2
Cabo Verde,2
Estonia,2
Ethiopia,2
Iceland,2
Cambodia,2
Kuwait,2
Luxembourg,2
Libya,2
Montenegro,2
Macao,2
Mozambique,2
Nicaragua,2
Senegal,2
Syria,2
Albania,1
Bosnia and Herzegovina,1
Burkina Faso,1
Congo,1
Côte d'Ivoire,1
Cyprus,1
Georgia,1
French Guiana,1
Guinea,1
Guadeloupe,1
Latvia,1
North Macedonia,1
Mongolia,1
Mauritania,1
Seychelles,1
Slovenia,1
San Marino,1
South Sudan,1
El Salvador,1
Togo,1
Trinidad and Tobago,1
Uganda,1
Holy See (Vatican City State),1
Kosovo,1
Yemen,1
