name,unique_entrances,total_entrances,visit_duration
/fr/3/tutorial/,210,216,146
/3/,46,46,304
/fr/3.13/tutorial/index.html,41,42,160
/fr/3/library/csv.html,32,33,1
/fr/3/library/json.html,32,32,32
/fr/3/tutorial/datastructures.html,32,35,62
/fr/3.13/tutorial/datastructures.html,28,29,14
/fr/3/,28,31,117
/fr/dev/installing/index.html,28,28,9
/fr/3.13/library/tkinter.html,26,27,53
/fr/3/tutorial/introduction.html,23,25,77
/fr/3/tutorial/venv.html,23,24,4
/fr/3.13/library/random.html,22,23,1
/fr/3.13/library/turtle.html,21,21,61
/fr/3/tutorial/appetite.html,21,21,148
/fr/3/genindex-Symboles.html,20,20,5
/fr/3/tutorial/inputoutput.html,20,20,67
/fr/3.13/library/stdtypes.html,19,19,27
/fr/3.13/tutorial/classes.html,19,20,6
/fr/3.13/howto/sorting.html,18,18,2
/fr/3.13/search.html,18,18,109
/fr/3/tutorial/index.html,18,18,208
/fr/3.13/library/functions.html,17,18,122
/fr/3.13/tutorial/introduction.html,16,17,46
/fr/3/library/functions.html,15,16,0
/fr/3/tutorial/interpreter.html,14,14,211
/fr/3.13/library/math.html,13,13,8
/fr/3.13/using/windows.html,13,13,26
/fr/3/library/stdtypes.html,13,13,192
/fr/3/tutorial/controlflow.html,13,13,322
/3.13/tutorial/index.html,12,12,576
/fr/3.13/,12,12,47
/fr/3.13/reference/import.html,12,12,0
/fr/3/library/__main__.html,12,12,67
/fr/3.13/library/os.html,11,11,14
/fr/3.13/reference/simple_stmts.html,11,11,64
/fr/3.13/library/idle.html,10,10,34
/fr/3.13/tutorial/errors.html,10,10,0
/fr/3.13/tutorial/interpreter.html,10,10,253
/fr/3.13/using/unix.html,10,10,136
/fr/3/tutorial/errors.html,10,10,25
/fr/3.13/howto/sockets.html,9,9,100
/fr/3/library/random.html,9,9,117
/fr/3/library/statistics.html,9,9,33
/fr/3/library/string.html,9,9,197
/fr/3/using/index.html,9,9,4
/fr/3/using/windows.html,9,9,0
/fr/3.13/installing/index.html,8,8,0
/fr/3.13/library/operator.html,8,8,0
/fr/3.13/tutorial/modules.html,8,8,239
/fr/3/howto/logging.html,8,8,1
/fr/3/library/enum.html,8,8,725
/fr/3/library/threading.html,8,8,23
/fr/3/library/tkinter.html,8,8,4
/fr/3/using/mac.html,8,8,0
/fr/3.13/library/datetime.html,7,7,0
/fr/3/howto/regex.html,7,7,0
/fr/3/library/datetime.html,7,7,86
/fr/3/search.html,7,8,252
/fr/3/using/,7,7,267
/3/library/tkinter.html,6,6,233
/fr/3.13/library/copy.html,6,6,0
/fr/3.13/library/tkinter.ttk.html,6,6,12
/fr/3.13/tutorial/appetite.html,6,6,318
/fr/3.13/tutorial/controlflow.html,6,6,232
/fr/3/howto/sorting.html,6,6,574
/fr/3/library/multiprocessing.html,6,6,476
/fr/3/library/queue.html,6,6,359
/fr/3/library/sys.html,6,6,242
/fr/dev/reference/compound_stmts.html,6,6,20
/fr/dev/reference/index.html,6,6,1
/fr/dev/tutorial/datastructures.html,6,6,0
/3/tutorial/index.html,5,5,446
/fr/3.13/library/collections.html,5,5,1
/fr/3.13/library/time.html,5,5,0
/fr/3/tutorial/modules.html,5,5,12
/fr/3/using/cmdline.html,5,5,0
/fr/dev/library/datetime.html,5,5,4
/3.13/index.html,4,4,578
/3.13/using/windows.html,4,4,82
/3/library/socket.html,4,4,744
/3/using/windows.html,4,4,1416
/fr/3.13/download.html,4,4,8
/fr/3.13/library/decimal.html,4,4,0
/fr/3.13/library/filesys.html,4,4,2
/fr/3.13/library/index.html,4,4,30
/fr/3.13/library/re.html,4,5,3
/fr/3.13/reference/compound_stmts.html,4,4,86
/fr/3.13/reference/expressions.html,4,4,0
/fr/3/library/filesys.html,4,5,12
/fr/3/library/fractions.html,4,4,0
/fr/3/library/glob.html,4,4,0
/fr/3/library/time.html,4,4,3
/fr/3/library/unittest.html,4,4,9
/fr/3/library/venv.html,4,4,44
/fr/3/py-modindex.html,4,5,86
/fr/3/tutorial/classes.html,4,4,0
/3.13/whatsnew/3.13.html,3,3,213
/3/library/functions.html,3,3,2049
/3/library/idle.html,3,3,234
/3/library/random.html,3,3,75
/3/library/re.html,3,3,136
/3/library/tkinter.ttk.html,3,3,581
/3/library/turtle.html,3,3,171
/fr/3.13/howto/curses.html,3,3,462
/fr/3.13/howto/unicode.html,3,3,0
/fr/3.13/library/array.html,3,3,0
/fr/3.13/library/base64.html,3,3,0
/fr/3.13/library/ctypes.html,3,3,0
/fr/3.13/library/pprint.html,3,3,0
/fr/3.13/library/sqlite3.html,3,3,0
/fr/3.13/library/subprocess.html,3,3,392
/fr/3.13/library/tk.html,3,3,805
/fr/3.13/library/wave.html,3,3,0
/fr/3.13/reference/lexical_analysis.html,3,3,1
/fr/3.13/tutorial/,3,3,16
/fr/3.13/tutorial/inputoutput.html,3,3,10
/fr/3.15/,3,3,103
/fr/3/contents.html,3,3,0
/fr/3/download.html,3,3,0
/fr/3/library/decimal.html,3,3,58
/fr/3/library/http.html,3,3,2375
/fr/3/library/index.html,3,3,94
/fr/3/library/itertools.html,3,3,19
/fr/3/library/operator.html,3,3,15
/fr/3/library/pathlib.html,3,3,0
/fr/3/library/turtle.html,3,3,0
/fr/3/library/zipfile.html,3,3,94
/fr/3/reference/index.html,3,3,7
/fr/3/using/unix.html,3,3,235
/fr/dev/library/functions.html,3,3,0
/3.13/,2,2,4
/3.14/whatsnew/3.14.html,2,2,614
/3/download.html,2,2,46
/3/extending/embedding.html,2,2,11
/3/installing/index.html,2,2,794
/3/library/abc.html,2,2,156
/3/library/index.html,2,2,30
/3/library/math.html,2,2,743
/3/library/stdtypes.html,2,2,2844
/3/library/subprocess.html,2,2,175
/3/library/time.html,2,2,528
/3/library/tk.html,2,2,0
/3/library/typing.html,2,2,518
/3/library/urllib.request.html,2,2,784
/3/search.html,2,2,13
/3/tutorial/classes.html,2,2,74
/3/tutorial/datastructures.html,2,2,710
/3/tutorial/modules.html,2,2,1191
/fr/3.12/library/stdtypes.html,2,2,0
/fr/3.12/library/tkinter.ttk.html,2,2,0
/fr/3.13/faq/windows.html,2,2,0
/fr/3.13/howto/enum.html,2,2,18
/fr/3.13/index.html,2,2,32
/fr/3.13/library/atexit.html,2,2,14
/fr/3.13/library/binascii.html,2,2,0
/fr/3.13/library/cmath.html,2,2,0
/fr/3.13/library/intro.html,2,2,176
/fr/3.13/library/pathlib.html,2,2,0
/fr/3.13/library/pickle.html,2,2,66
/fr/3.13/library/struct.html,2,2,18
/fr/3.13/library/timeit.html,2,2,1078
/fr/3.13/library/unittest.html,2,2,0
/fr/3.13/library/urllib.html,2,2,0
/fr/3.13/library/urllib.parse.html,2,2,0
/fr/3.14/library/unittest.html,2,2,0
/fr/3/howto/argparse.html,2,2,38
/fr/3/index.html,2,2,0
/fr/3/library/cmd.html,2,2,2188
/fr/3/library/dataclasses.html,2,2,12
/fr/3/library/functools.html,2,2,0
/fr/3/library/logging.html,2,2,42
/fr/3/library/math.html,2,2,0
/fr/3/library/pdb.html,2,2,0
/fr/3/library/pydoc.html,2,2,38
/fr/3/library/tk.html,2,2,0
/fr/3/library/tkinter.font.html,2,2,0
/fr/3/library/warnings.html,2,2,89
/fr/3/reference/import.html,2,2,0
/fr/3/reference/simple_stmts.html,2,2,0
/fr/3/tutorial/floatingpoint.html,2,2,0
/fr/3/tutorial/stdlib.html,2,2,30
/fr/3/tutorial/stdlib2.html,2,2,0
/fr/3/using/configure.html,2,2,17
/fr/3/whatsnew/3.13.html,2,2,2
/fr/dev/library/math.html,2,2,0
/fr/dev/library/stdtypes.html,2,2,678
/fr/dev/library/xml.etree.elementtree.html,2,2,0
/3.12/,1,1,76
/3.13/library/idle.html,1,1,20
/3.13/library/index.html,1,1,1260
/3.13/library/sys.html,1,1,1192
/3.13/license.html,1,1,0
/3.13/tutorial/,1,1,138
/3.15/whatsnew/3.14.html,1,1,176
/3/contents.html,1,1,28
/3/genindex-I.html,1,1,25
/3/glossary.html,1,1,918
/3/howto/curses.html,1,1,9
/3/howto/enum.html,1,1,1157
/3/howto/index.html,1,1,200
/3/howto/regex.html,1,1,43
/3/howto/sorting.html,1,1,203
/3/library/argparse.html,1,1,0
/3/library/ast.html,1,1,20
/3/library/collections.html,1,1,105
/3/library/csv.html,1,1,42
/3/library/dataclasses.html,1,1,2147
/3/library/datetime.html,1,1,3220
/3/library/decimal.html,1,1,110
/3/library/distutils.html,1,1,44
/3/library/email.header.html,1,1,513
/3/library/email.html,1,1,53
/3/library/http.server.html,1,1,206
/3/library/internet.html,1,1,95
/3/library/intro.html,1,1,0
/3/library/os.path.html,1,1,1137
/3/library/pathlib.html,1,1,0
/3/library/pickle.html,1,1,0
/3/library/sqlite3.html,1,1,0
/3/library/tkinter.messagebox.html,1,1,144
/3/library/tracemalloc.html,1,1,38
/3/library/venv.html,1,1,0
/3/library/webbrowser.html,1,1,293
/3/reference/datamodel.html,1,1,508
/3/reference/import.html,1,1,4
/3/reference/simple_stmts.html,1,1,425
/3/tutorial/appetite.html,1,1,1777
/3/tutorial/inputoutput.html,1,1,0
/3/tutorial/interpreter.html,1,1,475
/3/tutorial/introduction.html,1,1,9
/3/using/android.html,1,1,99
/3/whatsnew/3.13.html,1,1,867
/es/3.13/library/index.html,1,1,0
/es/3/tutorial/,1,1,67
/es/3/tutorial/interpreter.html,1,1,47
/fr/3.12/library/asyncio-queue.html,1,1,0
/fr/3.12/library/http.server.html,1,1,0
/fr/3.12/library/idle.html,1,1,0
/fr/3.12/tutorial/,1,1,1728
/fr/3.12/using/index.html,1,1,0
/fr/3.13/contents.html,1,1,0
/fr/3.13/extending/index.html,1,1,218
/fr/3.13/howto/functional.html,1,1,1056
/fr/3.13/howto/ipaddress.html,1,1,0
/fr/3.13/library/_thread.html,1,1,0
/fr/3.13/library/abc.html,1,1,797
/fr/3.13/library/argparse.html,1,1,816
/fr/3.13/library/asyncio-runner.html,1,1,22
/fr/3.13/library/asyncio-stream.html,1,1,0
/fr/3.13/library/asyncio.html,1,1,115
/fr/3.13/library/concurrency.html,1,1,0
/fr/3.13/library/crypto.html,1,1,0
/fr/3.13/library/dataclasses.html,1,1,4
/fr/3.13/library/difflib.html,1,1,0
/fr/3.13/library/distutils.html,1,1,7
/fr/3.13/library/exceptions.html,1,1,0
/fr/3.13/library/functools.html,1,1,10
/fr/3.13/library/heapq.html,1,1,0
/fr/3.13/library/markup.html,1,1,0
/fr/3.13/library/os.path.html,1,1,0
/fr/3.13/library/readline.html,1,1,0
/fr/3.13/library/secrets.html,1,1,10
/fr/3.13/library/signal.html,1,1,0
/fr/3.13/library/string.html,1,1,0
/fr/3.13/library/tkinter.dnd.html,1,1,0
/fr/3.13/library/tkinter.font.html,1,1,0
/fr/3.13/library/tkinter.scrolledtext.html,1,1,0
/fr/3.13/library/typing.html,1,1,0
/fr/3.13/library/unicodedata.html,1,1,0
/fr/3.13/library/uuid.html,1,1,0
/fr/3.13/license.html,1,1,1066
/fr/3.13/py-modindex.html,1,1,11
/fr/3.13/reference/index.html,1,1,5
/fr/3.13/reference/introduction.html,1,1,0
/fr/3.13/reference/toplevel_components.html,1,1,128
/fr/3.13/tutorial/appendix.html,1,1,39
/fr/3.13/tutorial/stdlib.html,1,1,12
/fr/3.13/tutorial/venv.html,1,2,0
/fr/3.13/using/cmdline.html,1,1,0
/fr/3.13/using/editors.html,1,1,0
/fr/3.13/whatsnew/3.13.html,1,1,35
/fr/3.14/library/math.html,1,1,0
/fr/3.14/library/tkinter.ttk.html,1,1,62
/fr/3.14/using/,1,1,63
/fr/3.14/whatsnew/,1,1,100
/fr/3.14/whatsnew/3.14.html,1,1,0
/fr/3/c-api/index.html,1,1,0
/fr/3/extending/extending.html,1,1,0
/fr/3/extending/index.html,1,1,0
/fr/3/genindex.html,1,1,0
/fr/3/glossary.html,1,1,0
/fr/3/howto/descriptor.html,1,1,34
/fr/3/howto/enum.html,1,1,0
/fr/3/howto/sockets.html,1,1,0
/fr/3/library/abc.html,1,1,0
/fr/3/library/archiving.html,1,1,0
/fr/3/library/argparse.html,1,1,0
/fr/3/library/asyncio-eventloop.html,1,1,0
/fr/3/library/asyncio-queue.html,1,1,2291
