property,value,visitors,events,percentage
url,(none),1478,3456,99.8
url,https://www.python.org/,28,30,1.9
url,https://github.com/python/cpython/tree/3.14/Lib/idlelib/,6,7,0.4
url,https://www.python.org/downloads/,5,5,0.3
url,https://devguide.python.org/documentation/start-documenting/#building-the-documentation,2,2,0.1
url,https://docs.python.org/ko/3.14/archives/python-3.14-docs-html.zip,2,2,0.1
url,https://github.com/python/cpython/tree/main/Lib/idlelib/,2,2,0.1
url,https://packaging.python.org/en/latest/tutorials/installing-packages/#ensure-pip-setuptools-and-wheel-are-up-to-date,2,2,0.1
url,https://packaging.python.org/installing/,2,2,0.1
url,https://peps.python.org/pep-0008/,2,2,0.1
url,https://www.unicode.org/versions/Unicode16.0.0/core-spec/chapter-4/#G91002,2,2,0.1
url,https://apps.microsoft.com/detail/9NQ7512CXL7T,1,1,0.1
url,https://code.activestate.com/recipes/langs/python/,1,1,0.1
url,https://core.tcl.tk/tips/doc/trunk/tip/48.md,1,1,0.1
url,https://docs.python.org/ko/3/archives/python-3.14-docs-html.zip,1,1,0.1
url,https://en.wikipedia.org/wiki/Fibonacci_sequence,1,1,0.1
url,https://en.wikipedia.org/wiki/Turtle_(robot),1,1,0.1
url,https://github.com/pypa,1,1,0.1
url,https://github.com/python/cpython/tree/3.14/Grammar/python.gram,1,1,0.1
url,https://github.com/python/cpython/tree/3.14/Lib/signal.py,1,1,0.1
url,https://github.com/python/cpython/tree/main/Lib/turtle.py,1,1,0.1
url,https://json.org/,1,1,0.1
url,https://packaging.python.org/,1,1,0.1
url,https://packaging.python.org/installing/#creating-virtual-environments,1,1,0.1
url,https://peps.python.org/pep-0563/,1,1,0.1
url,https://peps.python.org/pep-0632/#migration-advice,1,1,0.1
url,https://peps.python.org/pep-0649/,1,1,0.1
url,https://peps.python.org/pep-3147/,1,2,0.1
url,https://pypi.org/,1,1,0.1
url,https://www.debian.org/doc/manuals/maint-guide/first.en.html,1,1,0.1
