name,visitors
Seoul,466
Gyeonggi,263
Busan,54
Daejeon,42
Incheon,40
Daegu,29
Gwangju City,23
South Chungcheong,22
South Gyeongsang,17
North Gyeongsang,16
North Chungcheong,14
Ulsan,12
Gangwon,8
North Jeolla,8
South Jeolla,8
Sejong,8
Saitama,7
Beijing,4
Shanghai,4
New South Wales,3
Ontario,3
Jeju,3
California,3
Zürich,2
Guangdong,2
Lower Saxony,2
Cairo,2
Uusimaa,2
Osaka,2
Meknès-Tafilalet,2
Managua,2
Hebei,1
Sichuan,1
Madrid Autonomous Community,1
Delhi,1
Dhi Qar,1
Kanagawa,1
Hyogo,1
Al Asimah,1
Silesia,1
Georgia,1
New Jersey,1
South Carolina,1
Ho Chi Minh City,1
