name,visitors
Chrome,13285
Microsoft Edge,7654
Firefox,1849
Opera,1006
Safari,903
Yandex Browser,325
Mobile App,294
Smart Lenovo Browser,128
Quark,51
QQ Browser,48
Avast Secure Browser,46
MIUI Browser,39
vivo Browser,35
AVG Secure Browser,27
Huawei Browser Mobile,25
Samsung Browser,23
Whale Browser,10
(not set),8
UC Browser,8
Huawei Browser,7
Norton Private Browser,7
Brave,6
Avira Secure Browser,4
CCleaner,4
Opera GX,4
Sogou Explorer,4
Android Browser,3
Openwave Mobile Browser,3
SberBrowser,3
Chromium,2
Hi Browser,2
Mobile Silk,2
Ecosia,1
Opera Touch,1
Pale Moon,1
Phoenix Browser,1
QtWebEngine,1
