name,version,visitors
Chrome,145.0,153
Chrome,144.0,125
Chrome,116.0,71
Chrome,133.0,65
Chrome,131.0,56
Chrome,132.0,53
Chrome,111.0,36
Microsoft Edge,145.0,34
Chrome,103.0,30
Chrome,109.0,30
Chrome,107.0,29
Chrome,120.0,29
Chrome,104.0,27
Chrome,112.0,27
Chrome,124.0,27
Chrome,106.0,24
Chrome,110.0,22
Chrome,139.0,22
Chrome,105.0,21
Chrome,108.0,19
Chrome,117.0,19
Firefox,147.0,14
Safari,26.2,14
360 Secure Browser,(not set),13
Mobile App,(not set),11
Chrome,69.0,11
Firefox,5.0,9
Chrome,143.0,6
Safari,18.6,5
Chrome,140.0,3
Safari,15.6,3
Safari,17.8,3
Sogou Explorer,2,3
Safari,26.3,3
QQ Browser,6.2,3
Smart Lenovo Browser,9.0,3
Safari,(not set),2
Microsoft Edge,108.0,2
Microsoft Edge,115.0,2
Microsoft Edge,131.0,2
Chrome,134.0,2
Microsoft Edge,144.0,2
Safari,17.5,2
Quark,10.5,1
Chrome,100.0,1
Firefox,102.0,1
Microsoft Edge,109.0,1
Chrome,114.0,1
Chrome,127.0,1
Chrome,130.0,1
CCleaner,131.0,1
Chrome,135.0,1
Chrome,136.0,1
Chrome,138.0,1
Chrome,141.0,1
Microsoft Edge,143.0,1
Firefox,146.0,1
Safari,17.6,1
Safari,18.2,1
Safari,18.3,1
Safari,18.4,1
Safari,18.5,1
Safari,18.7,1
Yandex Browser,25.12,1
Samsung Browser,29.0,1
Opera Touch,6.1,1
Opera,98.0,1
Mobile App,99.0,1
