name,visitors
United States,17231
India,10016
Russian Federation,6753
China,5885
Germany,3898
United Kingdom,3895
France,3368
Canada,2533
Brazil,2394
Japan,2261
Spain,1807
Netherlands,1690
Australia,1682
Poland,1387
Singapore,1377
Mexico,1316
Italy,1201
Ukraine,1118
Indonesia,1020
Vietnam,1019
Israel,1008
Hong Kong,978
Sweden,937
South Korea,876
Switzerland,801
Taiwan,799
Turkey,788
Pakistan,770
Iran,747
Philippines,712
Argentina,679
Colombia,621
Finland,607
Egypt,585
Belgium,566
Czechia,470
Nigeria,466
Saudi Arabia,448
Thailand,446
Portugal,445
Austria,423
Hungary,397
Ireland,384
Bangladesh,383
Peru,381
Norway,379
Denmark,359
Morocco,344
Malaysia,319
Chile,307
Romania,302
Greece,301
South Africa,300
New Zealand,292
Kenya,285
United Arab Emirates,268
Algeria,205
Belarus,195
Kazakhstan,193
Tunisia,190
Nepal,189
Sri Lanka,168
Slovakia,162
Bulgaria,160
Estonia,154
Uzbekistan,152
Ghana,142
Ecuador,141
Georgia,132
Serbia,129
Azerbaijan,125
Lithuania,122
Jordan,121
Iraq,116
Latvia,112
Venezuela,110
Dominican Republic,106
Armenia,99
Guatemala,94
Costa Rica,88
Croatia,87
Qatar,84
Ethiopia,68
Uruguay,64
Cyprus,62
Myanmar,62
Moldova,61
Yemen,61
Côte d'Ivoire,60
Mongolia,59
Slovenia,59
Luxembourg,56
Oman,56
Lebanon,53
Panama,53
Rwanda,52
Puerto Rico,51
Bolivia,50
Senegal,50
Cameroon,48
Uganda,47
Cambodia,45
El Salvador,45
Bahrain,43
Kuwait,42
"Congo, The Democratic Republic of the",41
Kyrgyzstan,39
Syria,39
Paraguay,35
Bosnia and Herzegovina,33
Réunion,33
Angola,32
Honduras,30
Macao,30
Tanzania,29
"Palestine, State of",28
Albania,27
Benin,25
Cuba,25
Nicaragua,25
Afghanistan,24
Madagascar,24
Malta,24
Zimbabwe,23
Togo,22
Jamaica,21
North Macedonia,20
Zambia,20
Libya,19
Seychelles,19
Mozambique,17
Tajikistan,16
Iceland,14
Burkina Faso,13
Montenegro,13
Bhutan,12
Haiti,12
Niger,12
Trinidad and Tobago,12
Maldives,11
Somalia,11
Barbados,10
Congo,10
Guadeloupe,10
Mauritania,10
Mauritius,10
Andorra,9
Gabon,9
Malawi,9
Sudan,9
Botswana,8
French Guiana,7
Guinea,7
Papua New Guinea,7
Sierra Leone,7
Brunei Darussalam,6
Bahamas,6
Liberia,6
French Polynesia,6
South Sudan,6
Laos,4
Kosovo,4
Djibouti,3
Faroe Islands,3
Gambia,3
Mali,3
Martinique,3
New Caledonia,3
Saint Vincent and the Grenadines,3
Anguilla,2
Central African Republic,2
Gibraltar,2
Guinea-Bissau,2
Jersey,2
Comoros,2
Cayman Islands,2
Liechtenstein,2
Namibia,2
Turks and Caicos Islands,2
Samoa,2
Åland Islands,1
Burundi,1
Bermuda,1
"Bonaire, Sint Eustatius and Saba",1
Belize,1
Cabo Verde,1
Curaçao,1
Grenada,1
Guernsey,1
Greenland,1
Equatorial Guinea,1
Guam,1
Guyana,1
Isle of Man,1
Saint Lucia,1
Suriname,1
Eswatini,1
"Virgin Islands, U.S.",1
Vanuatu,1
Mayotte,1
