name,version,visitors
Chrome,131.0,208423
Microsoft Edge,131.0,85917
Chrome,132.0,26138
Microsoft Edge,132.0,22887
Firefox,134.0,14310
Firefox,133.0,12341
Opera,115.0,10729
Safari,18.1,6157
Safari,18.2,5917
Chrome,130.0,5239
Yandex Browser,24.12,5110
Opera,114.0,4577
Chrome,122.0,4143
Mobile App,(not set),3388
Microsoft Edge,130.0,2647
Firefox,128.0,2445
Chrome,109.0,2348
Safari,17.6,2216
Chrome,128.0,1763
Chrome,129.0,1754
Mobile App,131.0,1505
Opera,116.0,1442
Chrome,126.0,1218
Chrome,127.0,961
Smart Lenovo Browser,9.0,948
Avast Secure Browser,131.0,914
Safari,17.5,881
Microsoft Edge,129.0,873
Safari,18.0,805
Chrome,121.0,771
Safari,16.6,770
Microsoft Edge,128.0,754
Microsoft Edge,92.0,735
Firefox,115.0,707
Chrome,124.0,699
Samsung Browser,27.0,694
Microsoft Edge,127.0,664
Microsoft Edge,126.0,581
Quark,(not set),545
Firefox,132.0,537
Chrome,125.0,526
Chrome,120.0,521
Safari,15.6,512
Chrome,123.0,488
Safari,17.4,465
Chrome,114.0,433
Whale Browser,4.29,420
Chrome,86.0,414
Chrome,119.0,394
Microsoft Edge,122.0,386
AVG Secure Browser,131.0,374
Chrome,116.0,353
Firefox,129.0,331
Firefox,131.0,324
360 Secure Browser,(not set),289
Safari,18.3,289
QQ Browser,13.4,286
Chrome,112.0,274
Firefox,135.0,266
Huawei Browser Mobile,15.0,256
Microsoft Edge,120.0,255
Chrome,133.0,255
Sogou Explorer,2,250
Chrome,118.0,249
Microsoft Edge,125.0,242
Firefox,130.0,239
Microsoft Edge,133.0,232
Firefox,127.0,230
Microsoft Edge,124.0,222
Safari,17.3,216
Chrome,108.0,215
Mobile App,97.0,213
Microsoft Edge,18.18362,212
Safari,17.8,210
Yandex Browser,24.10,208
Microsoft Edge,100.0,205
Chrome,117.0,195
Avast Secure Browser,130.0,186
Safari,17.2,186
Microsoft Edge,123.0,184
Microsoft Edge,109.0,182
Microsoft Edge,18.18363,150
Safari,17.1,147
Huawei Browser,12.1,139
Safari,16.3,138
Safari,16.5,138
Safari,(not set),137
Safari,14.1,136
Safari,16.1,132
Microsoft Edge,114.0,131
Norton Private Browser,131.0,126
Microsoft Edge,18.17763,125
Microsoft Edge,121.0,124
Firefox,116.0,123
CCleaner,131.0,116
Chrome,103.0,113
Opera,86.0,113
Chrome,107.0,112
Safari,16.0,110
Opera,95.0,109
Chrome,101.0,107
Chrome,113.0,102
Chrome,115.0,101
Quark,7.6,100
Microsoft Edge,14.14393,99
Microsoft Edge,119.0,98
(not set),(not set),95
Firefox,113.0,95
Firefox,125.0,95
Safari,16.4,93
Safari,17.7,93
Safari,16.2,92
Chrome,102.0,89
Chrome,110.0,89
Chrome,111.0,88
Microsoft Edge,16.16299,87
Microsoft Edge,117.0,85
Safari,17.0,85
Microsoft Edge,17.17134,84
Safari,13.1,80
Microsoft Edge,118.0,79
QQ Browser,6.2,79
Microsoft Edge,112.0,78
Chrome,134.0,76
Chrome,99.0,74
Microsoft Edge,13.10586,72
Firefox,102.0,70
Microsoft Edge,116.0,68
vivo Browser,22.7,68
Opera,113.0,67
Firefox,126.0,67
QQ Browser,13.5,66
Microsoft Edge,113.0,65
MIUI Browser,18.9,62
Microsoft Edge,90.0,62
AVG Secure Browser,130.0,61
Microsoft Edge,115.0,60
Microsoft Edge,18.19041,59
Opera,82.0,59
Chrome,83.0,59
Chrome,89.0,59
Microsoft Edge,89.0,58
Chrome,91.0,57
Chrome,98.0,57
Firefox,122.0,54
Mobile App,132.0,52
Firefox,133.4,52
Chrome,90.0,52
Chrome,92.0,52
Opera,112.0,51
Firefox,123.0,51
Avira Secure Browser,131.0,50
Microsoft Edge,15.15063,50
MIUI Browser,18.8,50
Chrome,104.0,49
QQ Browser,13.3,49
Huawei Browser Mobile,14.0,49
Chrome,96.0,48
MIUI Browser,19.0,46
Chrome,81.0,46
Chrome,95.0,46
Chrome,105.0,44
UC Browser,17.3,44
Yandex Browser,24.7,44
Chrome,100.0,43
Microsoft Edge,84.0,43
Firefox,118.0,42
Chrome,106.0,41
vivo Browser,22.9,41
Chrome,79.0,41
Microsoft Edge,107.0,40
Microsoft Edge,111.0,40
Chrome,85.0,40
Firefox,120.0,38
Firefox,124.0,37
Chrome,93.0,37
Microsoft Edge,98.0,37
Microsoft Edge,110.0,36
Firefox,121.0,36
Chrome,87.0,36
Firefox,117.0,35
Safari,15.5,35
QtWebEngine,6.8,34
Mobile App,119.0,33
Chrome,97.0,33
Firefox,91.0,32
Norton Private Browser,130.0,31
UC Browser,17.2,31
Firefox,134.1,30
Microsoft Edge,108.0,29
Pale Moon,33.5,29
Opera,109.0,28
Safari,15.4,28
Safari,17.9,28
Whale Browser,3.28,28
Chrome,88.0,28
Avast Secure Browser,109.0,27
Safari,14.0,27
Safari,15.3,27
Chrome,94.0,27
MIUI Browser,14.10,26
Opera,87.1,26
Chrome,131,25
Safari,12.1,24
Firefox,136.0,24
vivo Browser,22.8,24
Chrome,80.0,24
Android Browser,(not set),23
CCleaner,130.0,23
Quark,7.7,23
Microsoft Edge,106.0,22
Mobile App,114.0,22
MIUI Browser,14.25,22
Firefox,119.0,21
Samsung Browser,26.0,21
Opera GX,2.7,20
Mobile App,99.0,20
Microsoft Edge,102.0,19
Firefox,112.0,19
Microsoft Edge,131,19
Safari,15.1,19
QQ Browser,13.2,18
MIUI Browser,18.7,18
vivo Browser,23.0,18
Whale Browser,3.7,18
Openwave Mobile Browser,93.4,18
Microsoft Edge,101.0,17
Microsoft Edge,104.0,17
Firefox,108.0,17
Yandex Browser,23.7,17
Firefox,78.0,17
Chromium,(not set),16
Firefox,110.0,16
Sleipnir,6.5,16
Chrome,74.0,16
Opera,80.0,16
Microsoft Edge,105.0,15
Firefox,109.0,15
Mobile App,130.0,15
Safari,15.2,15
Opera GX,2.6,15
Samsung Browser,27.1,15
Firefox,103.0,14
Firefox,114.0,14
Huawei Browser Mobile,5.0,14
Opera,87.0,14
Mobile App,124.0,13
Mobile App,58.0,13
Chrome,70.0,13
Firefox,88.0,13
Opera,101.0,12
Firefox,111.0,12
QQ Browser,12.2,12
Mobile App,126.0,12
Mobile Silk,130.6,12
Chrome,132,12
Yandex Browser,24.122,12
Yandex Browser,24.4,12
Chrome,69.0,12
Chrome,78.0,12
Firefox,99.0,12
MIUI Browser,14.26,11
QQ Browser,15.8,11
Atom,26.0,11
Sleipnir,4.8,11
Opera Touch,5.2,11
Opera Touch,5.3,11
Microsoft Edge,103.0,10
Mobile App,116.0,10
Firefox,133,10
Microsoft Edge,18.19043,10
Yandex Browser,24.123,10
Yandex Browser,24.6,10
Firefox,52.0,10
Chrome,71.0,10
Safari,10.0,9
Firefox,105.0,9
Mobile App,128.0,9
Samsung Browser,17.0,9
MIUI Browser,18.3,9
Whale Browser,3.27,9
AdBlock Browser,3.7,9
Quark,7.5,9
Mobile App,83.0,9
Chrome,84.0,9
Opera,107.0,8
Mobile App,120.0,8
Mobile App,129.0,8
vivo Browser,13.3,8
QQ Browser,15.9,8
MIUI Browser,18.5,8
AdBlock Browser,3.6,8
Firefox,56.0,8
Chrome,68.0,8
Quark,7.3,8
Firefox,72.0,8
Mobile App,92.0,8
Microsoft Edge,99.0,8
Opera,102.0,7
Opera,108.0,7
