name,visitors,bounce_rate,visit_duration
chatgpt.com,1099,66,128
perplexity,9,78,88
enki,7,86,92
Exinfluencer,4,75,16
devopscube.com,3,67,0
openai,2,100,0
post_page-----bdfe3b9d1492---------------------------------------,2,100,0
blog.teclado.com,1,0,267
chaosgenius.io,1,100,0
codeur-com-blog,1,100,0
csdn,1,100,0
furiousgreen.co,1,100,0
hackernoon.com,1,100,0
hackersandslackers.com,1,100,0
hackr.io,1,100,0
hs_automation,1,100,0
june.monster,1,100,0
nicholashairs.com,1,0,0
packetcoders.io,1,100,0
post_page-----3d988c0fe87d---------------------------------------,1,100,0
post_page-----71d2bb5d3de1---------------------------------------,1,100,0
post_page-----abb9617d811a---------------------------------------,1,100,0
post_page-----fd23bcaefb83---------------------------------------,1,50,164
sfeir.dev,1,100,0
testingpai.com,1,100,0
trap.jp,1,100,0
zalo,1,100,0
