name,visitors,pageviews,bounce_rate,time_on_page,scroll_depth
/ko/dev/c-api/marshal.html,303,298,78,3,42
/ko/3.13/library/intro.html,52,42,83,2,24
/ko/3.13/tutorial/index.html,51,72,47,24,47
/ko/3.13/library/idle.html,38,53,62,19,16
/ko/3/tutorial/index.html,36,53,64,24,67
/ko/3.13/installing/index.html,34,33,94,12,58
/ko/3/,29,36,52,24,84
/ko/3/library/stdtypes.html,27,33,90,92,20
/ko/3.13/search.html,21,23,25,9,38
/ko/3.13/library/index.html,19,39,62,39,48
/ko/3.13/library/stdtypes.html,18,26,67,75,38
/ko/3/search.html,16,37,50,66,32
/ko/3/tutorial/interpreter.html,16,19,83,32,89
/ko/dev/library/idle.html,13,13,69,5,13
/ko/dev/library/marshal.html,13,13,100,6,59
/ko/3.13/tutorial/interpreter.html,12,16,64,23,59
/ko/3.13/library/math.html,11,12,88,13,38
/ko/3.13/tutorial/controlflow.html,11,17,50,122,63
/ko/3.13/tutorial/introduction.html,11,15,50,29,50
/ko/dev/library/turtle.html,11,10,90,5,3
/ko/3.13/,10,10,0,8,89
/ko/3.13/tutorial/appetite.html,10,9,0,107,88
/ko/3.13/library/functions.html,9,10,75,16,35
/ko/3/index.html,9,16,100,14,83
/ko/3/tutorial/appetite.html,9,7,40,148,97
/ko/3.13/reference/datamodel.html,8,7,50,37,32
/ko/3/library/functions.html,8,7,100,15,55
/ko/3/tutorial/datastructures.html,8,12,50,194,49
/ko/3.13/index.html,7,10,33,13,84
/ko/3.13/library/string.html,7,7,100,23,48
/ko/3.13/library/turtle.html,7,8,67,97,25
/ko/3/library/index.html,7,8,86,28,48
/ko/3.13/library/asyncio.html,6,8,75,8,74
/ko/3.13/library/heapq.html,6,5,100,161,46
/ko/3.13/reference/compound_stmts.html,6,5,67,20,28
/ko/3.13/reference/index.html,6,12,100,18,80
/ko/3.13/reference/introduction.html,6,7,0,17,76
/ko/3/library/,6,6,67,9,23
/ko/3/library/tkinter.html,6,5,80,14,16
/ko/3/tutorial/controlflow.html,6,6,100,31,38
/ko/3.13/library/exceptions.html,5,6,50,18,43
/ko/3.13/library/itertools.html,5,6,100,93,57
/ko/3.13/library/os.html,5,5,100,711,23
/ko/3.13/tutorial/classes.html,5,5,100,50,10
/ko/3.13/whatsnew/index.html,5,5,80,2,12
/ko/3/library/math.html,5,8,80,13,78
/ko/3/reference/,5,5,100,1,44
/ko/3/tutorial/introduction.html,5,5,75,31,46
/ko/3.13/c-api/index.html,4,6,0,10,56
/ko/3.13/glossary.html,4,4,100,11,32
/ko/3.13/howto/sorting.html,4,4,100,34,53
/ko/3.13/library/io.html,4,4,33,25,44
/ko/3.13/library/re.html,4,4,50,126,87
/ko/3.13/library/subprocess.html,4,3,100,35,21
/ko/3.13/library/typing.html,4,2,0,13,49
/ko/3.13/reference/lexical_analysis.html,4,6,0,202,99
/ko/3.13/tutorial/modules.html,4,4,100,295,72
/ko/3.15/,4,3,50,10,64
/ko/3/glossary.html,4,5,0,67,60
/ko/3/library/codecs.html,4,4,100,1,3
/ko/3/library/contextlib.html,4,6,40,12,48
/ko/3/reference/index.html,4,11,50,46,80
/ko/3/reference/lexical_analysis.html,4,4,100,52,46
/ko/3/tutorial/,4,5,75,30,100
/ko/3/tutorial/inputoutput.html,4,3,50,26,45
/ko/3/using/windows.html,4,4,100,49,78
/ko/3.13/download.html,3,2,0,5,70
/ko/3.13/genindex.html,3,2,0,5,100
/ko/3.13/library/argparse.html,3,5,33,13,5
/ko/3.13/library/asyncio-task.html,3,3,100,78,54
/ko/3.13/library/collections.html,3,3,67,14,21
/ko/3.13/library/csv.html,3,2,100,133,99
/ko/3.13/library/datatypes.html,3,5,0,21,93
/ko/3.13/library/datetime.html,3,2,50,30,15
/ko/3.13/library/pathlib.html,3,3,100,37,28
/ko/3.13/library/socket.html,3,3,100,22,10
/ko/3.13/library/xml.etree.elementtree.html,3,3,100,26,8
/ko/3.13/reference/expressions.html,3,2,0,2,3
/ko/3.13/reference/grammar.html,3,3,0,12,46
/ko/3.13/tutorial/datastructures.html,3,3,100,59,36
/ko/3.13/tutorial/errors.html,3,3,100,24,59
/ko/3.13/tutorial/floatingpoint.html,3,2,100,31,58
/ko/3.13/tutorial/inputoutput.html,3,4,33,44,28
/ko/3.13/tutorial/stdlib.html,3,1,100,44,48
/ko/3.13/using/windows.html,3,3,100,111,82
/ko/3/genindex.html,3,5,100,6,100
/ko/3/installing/index.html,3,4,50,190,100
/ko/3/library/collections.html,3,3,100,243,68
/ko/3/library/datetime.html,3,3,100,,
/ko/3/library/re.html,3,3,100,17,70
/ko/3/library/tempfile.html,3,2,0,151,77
/ko/3/py-modindex.html,3,3,100,8,32
/ko/3/reference/compound_stmts.html,3,7,0,163,56
/ko/3/reference/datamodel.html,3,4,0,42,11
/ko/3/reference/expressions.html,3,3,50,10,36
/ko/3/tutorial/errors.html,3,2,0,17,34
/ko/3/tutorial/venv.html,3,3,100,5,52
/ko/dev/library/exceptions.html,3,2,0,3,49
/ko/dev/reference/expressions.html,3,3,0,54,48
/ko/3.12/library/stdtypes.html,2,2,100,2,1
