name,version,visitors
Chrome,137.0,925
Microsoft Edge,137.0,310
Firefox,139.0,122
Chrome,136.0,112
Safari,18.5,89
Chrome,125.0,45
Microsoft Edge,136.0,45
Chrome,135.0,35
Smart Lenovo Browser,9.0,28
Opera,119.0,26
Chrome,109.0,15
Mobile App,(not set),13
Chrome,134.0,13
Yandex Browser,25.4,13
Firefox,128.0,12
Chrome,132.0,9
Safari,16.6,8
Safari,17.6,8
Microsoft Edge,135.0,7
Firefox,138.0,7
Safari,18.4,7
Samsung Browser,28.0,7
Chrome,139.0,5
Firefox,139.1,5
Chrome,120.0,4
Chrome,131.0,4
Chrome,133.0,4
Microsoft Edge,134.0,4
QQ Browser,19.2,4
MIUI Browser,19.6,4
Chrome,106.0,3
Chrome,108.0,3
Chrome,114.0,3
Mobile App,114.0,3
Chrome,118.0,3
Microsoft Edge,120.0,3
Chrome,121.0,3
Microsoft Edge,124.0,3
Chrome,124.0,3
Microsoft Edge,129.0,3
Firefox,137.0,3
Firefox,140.0,3
Safari,18.3,3
Opera,89.0,3
Quark,(not set),2
Safari,(not set),2
Chrome,103.0,2
Chrome,111.0,2
Microsoft Edge,113.0,2
Firefox,115.0,2
Chrome,116.0,2
Chrome,119.0,2
Chrome,122.0,2
Chrome,123.0,2
Chrome,127.0,2
Microsoft Edge,127.0,2
Chrome,128.0,2
Chrome,129.0,2
QQ Browser,13.6,2
QQ Browser,13.7,2
Microsoft Edge,131.0,2
Mobile App,136.0,2
Chrome,138.0,2
Huawei Browser Mobile,16.0,2
Safari,16.1,2
Safari,16.4,2
UC Browser,17.6,2
Safari,18.6,2
Opera GX,2.8,2
Chrome,55.0,2
Chrome,86.0,2
Microsoft Edge,92.0,2
Soul Browser,(not set),1
Safari,10.0,1
Chrome,100.0,1
Microsoft Edge,105.0,1
Chrome,105.0,1
Microsoft Edge,107.0,1
Mobile App,109.0,1
Huawei Browser Mobile,11.1,1
Chrome,115.0,1
Microsoft Edge,115.0,1
Mobile App,116.0,1
Chrome,117.0,1
Microsoft Edge,122.0,1
Microsoft Edge,128.0,1
Safari,13.1,1
QQ Browser,13.3,1
Firefox,132.0,1
Mobile App,135.0,1
Firefox,136.0,1
Avast Secure Browser,136.0,1
Microsoft Edge,139.0,1
MIUI Browser,14.10,1
Safari,16.3,1
UC Browser,17.7,1
Safari,18.2,1
QQ Browser,19.1,1
MIUI Browser,19.5,1
SeaMonkey,2.53,1
Hi Browser,2.6,1
vivo Browser,24.7,1
Yandex Browser,25.2,1
115 Browser,27.0,1
Chrome,48.0,1
QtWebEngine,5.15,1
QQ Browser,6.0,1
QtWebEngine,6.9,1
Chrome,81.0,1
Mobile App,83.0,1
Chrome,85.0,1
Chrome,97.0,1
