name,unique_exits,total_exits,exit_rate
/ja/3/library/codecs.html,371,383,
/ja/3.13/library/subprocess.html,120,131,
/ja/3.13/library/re.html,114,122,
/ja/3.13/library/functions.html,109,112,
/ja/3/c-api/import.html,107,107,
/ja/3.13/library/datetime.html,103,106,
/ja/3/library/stdtypes.html,102,111,
/ja/3/library/functions.html,98,102,
/ja/3.13/library/stdtypes.html,97,105,
/ja/3.13/library/typing.html,87,92,
/ja/3.13/library/index.html,86,88,
/ja/3.13/tutorial/index.html,86,88,
/ja/3/,78,80,
/ja/3.13/library/argparse.html,69,72,
/ja/3.13/library/json.html,69,72,
/ja/3/tutorial/,67,76,
/ja/3.13/library/logging.html,66,70,
/ja/3.13/library/os.html,63,64,
/ja/3.13/library/pathlib.html,63,69,
/ja/3.13/library/exceptions.html,62,65,
/ja/3.13/library/os.path.html,61,63,
/ja/dev/library/shelve.html,61,61,
/ja/3.13/using/windows.html,60,62,
/ja/3.13/library/venv.html,59,62,
/ja/3/library/datetime.html,59,64,
/ja/3.13/library/csv.html,58,62,
/ja/3/tutorial/index.html,55,58,
/ja/3.13/library/enum.html,53,53,
/ja/3.13/tutorial/errors.html,53,56,
/ja/3/tutorial/datastructures.html,52,53,
/ja/3.12/library/codecs.html,48,48,
/ja/3.13/library/sqlite3.html,46,48,
/ja/3/library/venv.html,44,46,
/ja/3.13/tutorial/inputoutput.html,42,42,
/ja/3/library/index.html,42,46,
/ja/3.13/library/threading.html,40,41,
/ja/3.13/tutorial/classes.html,39,40,
/ja/3.13/library/time.html,38,38,
/ja/3.13/library/tkinter.html,35,36,
/ja/3.13/tutorial/controlflow.html,35,38,
/ja/3.13/library/random.html,34,34,
/ja/3.13/library/itertools.html,33,34,
/ja/3.13/library/struct.html,33,33,
/ja/3.13/tutorial/interpreter.html,33,36,
/ja/3/tutorial/controlflow.html,33,37,
/ja/3.13/howto/sorting.html,32,32,
/ja/3.13/library/configparser.html,32,32,
/ja/3.13/library/socket.html,32,34,
/ko/3/faq/design.html,32,32,
/ja/3.13/library/math.html,31,31,
/ja/3.13/library/multiprocessing.html,31,34,
/ja/3.13/library/decimal.html,30,31,
/ja/3.13/library/shutil.html,30,30,
/ja/3.13/installing/index.html,29,30,
/ja/3.13/library/io.html,29,31,
/ja/3.13/library/unittest.html,29,31,
/ja/3/tutorial/interpreter.html,29,33,
/ja/3/library/os.html,28,29,
/ja/3/library/re.html,28,30,
/ja/3/reference/compound_stmts.html,27,28,
/ja/3.13/library/concurrent.futures.html,26,28,
/ja/3.13/library/logging.handlers.html,26,27,
/ja/3.13/library/unittest.mock.html,26,26,
/ja/3.13/library/zipfile.html,26,29,
/ja/3/tutorial/introduction.html,26,33,
/ja/3.13/library/urllib.parse.html,25,26,
/ja/3.13/tutorial/introduction.html,25,31,
/ja/3.13/library/glob.html,24,24,
/ja/3.13/reference/datamodel.html,24,27,
/ja/3.13/tutorial/modules.html,24,25,
/ja/3/library/xml.etree.elementtree.html,24,25,
/ja/3/using/windows.html,24,25,
/ja/3.13/library/ctypes.html,23,28,
/ja/3.13/library/pickle.html,23,24,
/ja/3.13/library/tempfile.html,23,24,
/ja/dev/tutorial/errors.html,23,24,
/ja/3.13/howto/logging.html,21,22,
/ja/3.13/library/dataclasses.html,21,21,
/ja/3.13/whatsnew/index.html,21,22,
/ja/3/using/cmdline.html,21,22,
/ja/3.13/library/idle.html,20,20,
/ja/3.13/library/ipaddress.html,20,21,
/ja/3.13/library/pprint.html,20,20,
/ja/3.13/library/urllib.request.html,19,19,
/ja/3/tutorial/inputoutput.html,19,22,
/ja/3.13/library/__main__.html,18,18,
/ja/3.13/library/asyncio-task.html,18,19,
/ja/3.13/search.html,18,20,
/ja/3.13/library/difflib.html,17,19,
/ja/3.13/library/pdb.html,17,18,
/ja/3.13/library/tkinter.ttk.html,17,18,
/ja/3.13/library/string.html,16,16,
/ja/3.13/library/traceback.html,16,16,
/ja/3/library/math.html,16,16,
/ja/3.13/glossary.html,15,17,
/ja/3.13/library/asyncio.html,15,17,
/ja/3.13/library/base64.html,15,17,
/ja/3.13/library/contextlib.html,15,15,
/ja/3/howto/logging.html,15,16,
/ja/3/library/exceptions.html,15,15,
