name,visitors,bounce_rate,visit_duration
Google,3245,73,195
Direct / None,1037,58,314
Baidu,609,76,31
qiita.com,240,76,248
note.nkmk.me,175,83,119
Bing,135,61,313
Yahoo!,74,73,217
chatgpt.com,29,64,290
python.jp,23,57,687
utokyo-ipp.github.io,14,43,132
python.org,12,0,113
DuckDuckGo,11,62,303
GitHub,10,56,114
hatenablog-parts.com,9,100,0
chokkan.github.io,8,56,395
paiza.jp,8,67,62
Youtube,7,57,31
atmarkit.itmedia.co.jp,7,57,105
excel-ubara.com,6,50,192
srbrnote.work,6,83,31
dev.classmethod.jp,4,75,60
pg-chain.com,4,25,37
Ecosia,3,100,0
sejuku.net,3,33,1082
stg.starjuku.net,3,67,9
tohoho-web.com,3,100,0
Nifty,2,100,0
aist-rx.aidemy.jp,2,100,0
algo-method.com,2,50,124
app.chatpro.jp,2,0,70
arika-blog.com,2,100,0
blog.pyq.jp,2,100,0
business.algo-method.com,2,0,128
diver.diveintocode.jp,2,0,432
docs.pyq.jp,2,100,0
eg002,2,50,160
magic-object.com,2,100,0
msiz07-flask-docs-ja.readthedocs.io,2,0,442
nblog09.com,2,100,0
nikkie-ftnext.hatenablog.com,2,100,0
nlp.netlearning.co.jp,2,0,762
pycamp.pycon.jp,2,50,160
pyex.srbrnote.work,2,50,243
python-izm.com,2,100,0
school.ctc-g.co.jp,2,75,177
spike.crosslanguage.co.jp,2,100,0
techacademy.jp,2,100,0
teratail.com,2,100,0
1978works.com,1,0,248
1kara-hajimeru.com,1,100,0
8idraezqtoadxkx.studio.ap-northeast-1.sagemaker.aws,1,100,0
Perplexity,1,0,83
Rakuten,1,100,0
Shenma,1,100,0
Slack,1,100,0
Twitter,1,100,0
Wikipedia,1,100,0
ajisaba.net,1,0,1392
analytics-note.xyz,1,100,0
app-kikoca-prod-002.azurewebsites.net,1,100,0
arc.net,1,100,0
atcoder.jp,1,100,0
blog.mtb-production.info,1,100,0
blog.serverworks.co.jp,1,100,0
blog.truestar.co.jp,1,100,0
breader.cloud,1,0,195
canon.aidemy.jp,1,100,0
chat.peerworker.ai,1,100,0
discuss.python.org,1,0,6
docomo-common.atlassian.net,1,100,0
docs.astral.sh,1,0,92
edu.monaca.io,1,0,636
engineer-life.dev,1,100,0
engr-sng.com,1,0,1904
felo.ai,1,100,0
gammasoft.jp,1,100,0
gihyo.jp,1,0,47
goo,1,100,0
institutcorbera.alexiaclassroom.com,1,0,2473
its.konami,1,100,0
kjm-kajimagpt.azurewebsites.net,1,0,67
knknkn.hatenablog.com,1,100,0
kooshin.hateblo.jp,1,100,0
kosuke-space.com,1,100,0
learn.microsoft.com,1,0,500
linuxtut.com,1,100,0
login.microsoftonline.com,1,100,0
m.so.com,1,0,0
maechap.com,1,100,0
misprochef.com,1,100,0
mitani.cs.tsukuba.ac.jp,1,0,379
miyabikno-jobs.com,1,0,126
nlp.c.titech.ac.jp,1,100,0
noswin.sharepoint.com,1,100,0
notion.so,1,100,0
numpy.org,1,0,1175
olyasks-olyasks-apps.apps.ocp01.hon.olympus.co.jp,1,100,0
pichat.pigroup-share.info,1,100,0
pms-confluence2.banadev.com,1,100,0
premium.aidemy.jp,1,100,0
programming-mondai.com,1,0,12
pylint.readthedocs.io,1,0,97
pymupdf.readthedocs.io,1,0,19
pyserial.readthedocs.io,1,0,2220
pytest-mock.readthedocs.io,1,0,346
python.ambitious-engineer.com,1,100,0
pythonsoba.tech,1,0,737
rd.ntt,1,100,0
relief.jp,1,0,82
rhoboro.com,1,50,98
rinatz.github.io,1,100,0
sankantsu.hatenablog.com,1,0,2114
search.fenrir-inc.com,1,50,77
sig9.org,1,100,0
softbankjp2.udemy.com,1,100,0
sphinx-doc.org,1,0,49
ssrv.net,1,100,0
takemikami.com,1,100,0
tech-lab.sios.jp,1,100,0
udemy.com,1,100,0
user-guide.csa-du.cs-analytics.info,1,0,1571
webtomoblg.net,1,100,0
wiki.python.org,1,0,1887
wsl.waseda.jp,1,100,0
ysko909.github.io,1,100,0
