property,value,visitors,events,percentage
url,(none),8202,13424,99.9
url,https://www.python.org/,83,92,1.0
url,https://en.wikipedia.org/wiki/C11_(C_standard_revision)#Optional_features,4,5,0.0
url,https://csrc.nist.gov/pubs/fips/180-4/upd1/final,3,3,0.0
url,https://en.wikipedia.org/wiki/NaN#Floating_point,3,3,0.0
url,https://github.com/python/cpython/tree/3.13/Lib/codecs.py,3,3,0.0
url,https://github.com/python/cpython/tree/3.13/Lib/tkinter/__init__.py,3,3,0.0
url,https://github.com/python/cpython/tree/main/Lib/hashlib.py,3,3,0.0
url,https://wiki.python.org/moin/BeginnersGuide,3,3,0.0
url,https://docs.openssl.org/master/man1/ciphers/,2,3,0.0
url,https://en.wikipedia.org/wiki/Cryptographic_hash_function#Attacks_on_cryptographic_hash_algorithms,2,3,0.0
url,https://github.com/python/cpython/tree/3.13/Lib/ctypes,2,2,0.0
url,https://github.com/python/cpython/tree/3.13/Lib/logging/handlers.py,2,5,0.0
url,https://ironpython.net/,2,2,0.0
url,https://manpages.debian.org/ioctl(2),2,2,0.0
url,https://mypy.readthedocs.io/en/stable/cheat_sheet_py3.html,2,2,0.0
url,https://packaging.python.org/,2,2,0.0
url,https://packaging.python.org/guides/installing-using-pip-and-virtual-environments/#create-and-use-virtual-environments,2,2,0.0
url,https://packaging.python.org/science/,2,2,0.0
url,https://peps.python.org/pep-3119/,2,2,0.0
url,https://pypi.org/project/tomlkit/,2,2,0.0
url,https://www.unicode.org/reports/tr44/,2,2,0.0
url,http://www.indowsway.com/floatingpoint.htm,1,1,0.0
url,https://code.activestate.com/recipes/576694/,1,1,0.0
url,https://datatracker.ietf.org/doc/html/rfc2104.html,1,1,0.0
url,https://datatracker.ietf.org/doc/html/rfc2231.html,1,1,0.0
url,https://datatracker.ietf.org/doc/html/rfc2616.html,1,1,0.0
url,https://dateutil.readthedocs.io/en/stable/,1,1,0.0
url,https://en.wikipedia.org/wiki/Transpose,1,1,0.0
url,https://github.com/python/cpython/blob/main/Doc/bugs.rst,1,1,0.0
url,https://github.com/python/cpython/blob/main/Doc/library/logging.rst,1,1,0.0
url,https://github.com/python/cpython/blob/main/Doc/whatsnew/index.rst,1,1,0.0
url,https://github.com/python/cpython/tree/3.13/Grammar/python.gram,1,1,0.0
url,https://github.com/python/cpython/tree/3.13/Lib/copy.py,1,1,0.0
url,https://github.com/python/cpython/tree/3.13/Lib/dataclasses.py,1,1,0.0
url,https://github.com/python/cpython/tree/3.13/Lib/ftplib.py,1,1,0.0
url,https://github.com/python/cpython/tree/3.13/Lib/graphlib.py,1,2,0.0
url,https://github.com/python/cpython/tree/3.13/Lib/html/__init__.py,1,1,0.0
url,https://github.com/python/cpython/tree/3.13/Lib/http/server.py,1,2,0.0
url,https://github.com/python/cpython/tree/3.13/Lib/logging/__init__.py,1,1,0.0
url,https://github.com/python/cpython/tree/3.13/Lib/pathlib/,1,1,0.0
url,https://github.com/python/cpython/tree/3.13/Lib/sqlite3/,1,1,0.0
url,https://github.com/python/cpython/tree/3.13/Lib/tarfile.py,1,1,0.0
url,https://github.com/python/cpython/tree/3.13/Lib/tkinter/simpledialog.py,1,1,0.0
url,https://github.com/python/cpython/tree/3.13/Lib/types.py,1,1,0.0
url,https://jvns.ca/blog/2023/01/13/examples-of-floating-point-problems/,1,1,0.0
url,https://manpages.debian.org/abort(3),1,1,0.0
url,https://manpages.debian.org/setsockopt(2),1,1,0.0
url,https://mypy.readthedocs.io/en/stable/index.html,1,1,0.0
url,https://numpy.org/,1,1,0.0
url,https://opensource.org/,1,1,0.0
url,https://packaging.python.org/installing/,1,1,0.0
url,https://packaging.python.org/installing/#creating-virtual-environments,1,1,0.0
url,https://peps.python.org/pep-0011/,1,1,0.0
url,https://peps.python.org/pep-0338/,1,1,0.0
url,https://peps.python.org/pep-0342/,1,1,0.0
url,https://peps.python.org/pep-0397/,1,2,0.0
url,https://peps.python.org/pep-0428/,1,1,0.0
url,https://peps.python.org/pep-0492/,1,1,0.0
url,https://peps.python.org/pep-0562/,1,1,0.0
url,https://peps.python.org/pep-0572/,1,1,0.0
url,https://peps.python.org/pep-0594/,1,1,0.0
url,https://peps.python.org/pep-0615/,1,1,0.0
url,https://peps.python.org/pep-0636/,1,1,0.0
url,https://peps.python.org/pep-0655/,1,1,0.0
url,https://peps.python.org/pep-0719/,1,1,0.0
url,https://pyinstaller.org/,1,1,0.0
url,https://pypi.org/,1,1,0.0
url,https://pypi.org/project/audioop-lts/,1,1,0.0
url,https://pypi.org/project/multipart/,1,1,0.0
url,https://pypi.org/project/regex/,1,1,0.0
url,https://pypi.org/project/standard-aifc/,1,1,0.0
url,https://pypi.org/project/standard-chunk/,1,1,0.0
url,https://pypy.org/,1,1,0.0
url,https://pythonnet.github.io/,1,1,0.0
url,https://requests.readthedocs.io/en/latest/,1,1,0.0
url,https://requests.readthedocs.io/en/master/,1,1,0.0
url,https://speleotrove.com/decimal/decarith.html,1,1,0.0
url,https://wiki.python.org/moin/GuiProgramming,1,1,0.0
url,https://www.cwi.nl/,1,1,0.0
url,https://www.debian.org/doc/manuals/maint-guide/first.en.html,1,1,0.0
url,https://www.jython.org/,1,1,0.0
url,https://www.packtpub.com/en-us/product/python-gui-programming-with-tkinter-9781788835886,1,1,0.0
url,https://www.python.org/downloads/,1,1,0.0
url,https://www.python.org/psf/donations/,1,1,0.0
url,https://www.tcl.tk/man/tcl8.6/TkCmd/contents.htm,1,1,0.0
url,https://www.unicode.org/,1,1,0.0
url,https://www.unicode.org/Public/15.1.0/ucd/NameAliases.txt,1,1,0.0
url,https://www.w3.org/TR/xml-names/#defaulting,1,2,0.0
