name,version,visitors
Windows,10,100732
Mac,10.15,39322
GNU/Linux,(not set),14237
Android,10,8584
iOS,18.5,4140
Ubuntu,(not set),3999
Chrome OS,14541.0,868
Android,15,704
Android,14,668
Android,13,501
Android,12,441
iOS,18.4,354
iOS,18.3,333
Android,11,291
Windows,7,251
iOS,19.0,180
iOS,17.6,150
iOS,18.1,146
iOS,16.7,130
iOS,17.5,102
HarmonyOS,(not set),91
iOS,18.0,88
iOS,15.8,87
Android,9,81
HarmonyOS,3.0,79
iOS,18.2,64
iOS,17.7,48
iOS,16.1,44
iOS,16.6,43
Windows,8.1,41
Android,8.1,40
iOS,17.1,35
HarmonyOS,2.2,35
iOS,17.3,33
iOS,17.4,33
Android,6.0,27
iOS,16.3,26
Mac,10.14,24
iOS,17.2,22
Chrome OS,14816.131,21
Mac,10.13,19
(not set),(not set),18
iOS,17.0,18
Windows,Server 2003,16
iPadOS,17.6,15
iOS,12.5,14
iOS,16.5,14
iOS,16.4,12
iPadOS,17.7,12
Windows,8,12
Android,8.0,12
iOS,15.6,11
Android,7.0,11
iOS,14.0,10
iOS,15.7,10
Android,5.1,9
Android,7.1,9
Mac,10.11,7
iOS,15.4,7
iOS,14.8,6
iOS,16.2,6
iPadOS,16.7,6
Fire OS,8,6
Mac,10.12,5
iOS,15.5,5
iOS,16.0,5
iPadOS,16.1,5
Fire OS,7,5
iOS,15.3,4
iPadOS,16.2,4
iPadOS,17.2,4
Tizen,4.0,4
iOS,4.3,4
Windows,XP,4
Android,(not set),3
Windows,(not set),3
Chrome OS,14092.77,3
iPadOS,15.8,3
Android,16,3
iPadOS,17.4,3
iPadOS,17.5,3
Windows,Vista,3
Raspberry Pi OS,(not set),2
Mac,10.10,2
Mac,10.8,2
iOS,12.4,2
iOS,13.7,2
iOS,14.3,2
iOS,14.4,2
iOS,14.7,2
iPadOS,14.8,2
iPadOS,16.3,2
HarmonyOS,2.1,2
Tizen,3.0,2
Android,4.4,2
Fire OS,5,2
Tizen,7.0,2
NetBSD,(not set),1
Mac,(not set),1
Android,10.0,1
iOS,10.3,1
Mac,10.9,1
iOS,11.4,1
Chrome OS,12105.100,1
iOS,13.0,1
Mac,13.3,1
iOS,13.5,1
iPadOS,14.4,1
Chrome OS,14695.85,1
Chrome OS,14816.82,1
iOS,15.1,1
iPadOS,15.6,1
iPadOS,16.5,1
iPadOS,16.6,1
iPadOS,17.1,1
KaiOS,2.5,1
webOS,4.1,1
iOS,7.0,1
