name,version,visitors
Chrome,141.0,525
Chrome,140.0,124
Microsoft Edge,141.0,122
Mobile App,(not set),94
Chrome,139.0,21
Safari,18.6,21
Safari,26.0,17
Whale Browser,4.33,16
Samsung Browser,28.0,13
Chrome,138.0,12
Chrome,125.0,11
Chrome,134.0,10
Chrome,137.0,10
Firefox,144.0,9
Chrome,126.0,7
Microsoft Edge,107.0,5
Chrome,136.0,5
Microsoft Edge,140.0,5
Firefox,143.0,5
vivo Browser,26.5,5
Mobile App,97.0,5
(not set),(not set),4
Microsoft Edge,137.0,4
Huawei Browser Mobile,16.0,4
Chrome,133.0,3
Microsoft Edge,139.0,3
Chrome,86.0,3
Chrome,94.0,3
Microsoft Edge,113.0,2
Chrome,116.0,2
Chrome,120.0,2
Opera,122.0,2
Chrome,124.0,2
Chrome,128.0,2
Chrome,131.0,2
Safari,16.0,2
Safari,17.6,2
Safari,18.2,2
Safari,18.5,2
MIUI Browser,20.5,2
Chrome,87.0,2
Android Browser,(not set),1
vivo Browser,10.8,1
Chrome,100.0,1
Microsoft Edge,104.0,1
Microsoft Edge,106.0,1
Chrome,107.0,1
Chrome,109.0,1
Safari,11.0,1
Huawei Browser Mobile,11.1,1
QQ Browser,11.2,1
Chrome,114.0,1
Microsoft Edge,114.0,1
Chrome,118.0,1
Chrome,123.0,1
Safari,13.1,1
QQ Browser,13.3,1
Firefox,130.0,1
Microsoft Edge,132.0,1
Chrome,135.0,1
Microsoft Edge,136.0,1
Microsoft Edge,138.0,1
MIUI Browser,14.1,1
Mobile App,140.0,1
Huawei Browser Mobile,15.0,1
Safari,15.6,1
Safari,16.1,1
QQ Browser,16.3,1
UC Browser,17.0,1
Safari,17.2,1
Safari,17.4,1
UC Browser,18.1,1
Safari,18.1,1
Safari,18.4,1
Sogou Explorer,2,1
MIUI Browser,20.1,1
MIUI Browser,20.3,1
Yandex Browser,25.8,1
vivo Browser,26.4,1
Whale Browser,3.27,1
Whale Browser,4.32,1
Whale Browser,4.34,1
Chrome,85.0,1
