name,visitors
São Paulo,332
Minas Gerais,104
Rio de Janeiro,98
Ceará,65
Paraná,50
Bahia,46
Rio Grande do Sul,45
Pernambuco,42
Espírito Santo,33
Santa Catarina,31
Goiás,30
Federal District,28
Rio Grande do Norte,28
Pará,25
Maranhão,22
Paraíba,22
Piauí,19
Lisbon,17
Porto,14
Alagoas,13
Amazonas,13
Mato Grosso,12
Mato Grosso do Sul,10
Sergipe,9
Acre,5
Tocantins,5
Luanda,4
Amapá,4
Madeira,4
Rondônia,3
Maputo,3
Braga,3
Viana do Castelo,3
Bavaria,2
Setúbal,2
British Columbia,1
Gansu,1
Zhejiang,1
Hamburg,1
Madrid Autonomous Community,1
Valencian Community,1
Hauts-de-France,1
England,1
Rajasthan,1
Uttar Pradesh,1
Daejeon,1
Sofala,1
California,1
Maryland,1
New York,1
Texas,1
