name,unique_entrances,total_entrances,visit_duration
/ja/3/c-api/import.html,397,397,7
/ja/3/,224,229,242
/ja/3/tutorial/,182,196,332
/ja/3.13/library/functions.html,176,183,101
/ja/3/library/functions.html,160,166,140
/ja/3/library/stdtypes.html,153,161,108
/ja/3.13/tutorial/,140,146,200
/ja/3.13/library/datetime.html,136,139,119
/ja/3.13/library/re.html,132,135,123
/ja/3.13/library/subprocess.html,132,139,157
/ja/3.13/library/index.html,124,131,174
/ja/3/library/index.html,114,120,232
/ja/3.13/library/stdtypes.html,107,108,102
/ja/3.13/library/random.html,102,103,41
/ja/3/tutorial/index.html,89,92,106
/ja/3.13/library/pathlib.html,88,88,131
/ja/3/tutorial/datastructures.html,80,82,102
/ja/3.13/library/csv.html,78,83,152
/ja/3/library/datetime.html,72,75,77
/ja/3.13/library/json.html,70,73,59
/ja/3.13/library/logging.html,70,77,189
/ja/3.13/library/os.path.html,69,71,23
/ja/3.13/library/typing.html,67,71,130
/3/,60,63,513
/ja/3.13/library/multiprocessing.html,60,63,202
/ja/3.13/library/math.html,59,59,74
/ja/3/library/venv.html,58,58,29
/ja/3.13/library/venv.html,53,53,73
/ja/3.13/tutorial/classes.html,53,55,153
/ja/3.13/library/time.html,52,53,78
/ja/3.13/tutorial/errors.html,52,52,18
/ja/3.13/tutorial/inputoutput.html,52,52,254
/ja/3.13/library/tkinter.html,50,51,129
/ja/3/tutorial/introduction.html,50,51,245
/ja/3/reference/introduction.html,49,49,9
/ja/3.13/library/exceptions.html,48,48,81
/ja/3/search.html,48,50,266
/ja/3.13/library/os.html,47,48,155
/ja/3/library/xml.etree.elementtree.html,47,50,208
/ja/3.13/library/enum.html,44,45,195
/ja/3.13/library/threading.html,44,44,261
/ja/3.13/installing/index.html,43,44,46
/ja/3.13/library/argparse.html,43,44,20
/ja/3.13/search.html,43,46,279
/ja/3.13/howto/sorting.html,42,42,143
/ja/3.13/library/itertools.html,42,45,37
/ja/3.13/tutorial/modules.html,42,46,133
/ja/3.13/tutorial/controlflow.html,40,51,239
/ja/3.13/using/windows.html,40,41,93
/ja/3.13/library/concurrent.futures.html,38,40,168
/ja/3.13/library/sqlite3.html,38,39,51
/ja/3.13/library/tempfile.html,38,39,97
/ja/3.13/library/decimal.html,37,37,7
/ja/3.12/library/codecs.html,36,36,5
/ja/3.13/library/string.html,36,36,151
/ja/3.13/whatsnew/index.html,36,37,74
/ja/3/tutorial/controlflow.html,36,40,203
/ja/3.13/library/io.html,33,34,243
/ja/3.13/library/shutil.html,33,34,93
/ja/dev/tutorial/errors.html,33,34,206
/ja/3.13/tutorial/index.html,32,35,220
/ja/3/tutorial/interpreter.html,32,32,58
/ja/3/reference/compound_stmts.html,31,32,183
/ja/3.13/library/configparser.html,30,33,55
/ja/3.13/library/dataclasses.html,30,31,19
/ja/3.13/library/glob.html,30,30,13
/ja/3.13/library/struct.html,30,31,109
/ja/3.13/reference/index.html,30,31,144
/ja/3.13/library/__main__.html,29,29,79
/ja/3.13/library/asyncio-task.html,29,33,149
/ja/3.13/library/urllib.parse.html,29,30,17
/ja/3/reference/index.html,29,31,499
/ja/3.13/library/unittest.html,28,28,145
/ja/3.13/tutorial/interpreter.html,28,28,220
/ja/3/index.html,28,29,122
/ja/3/using/cmdline.html,28,29,111
/ja/3.13/library/zipfile.html,27,29,178
/ja/3/tutorial/classes.html,27,30,21
/ja/3.13/library/collections.html,26,26,143
/ja/3.13/library/ctypes.html,26,26,175
/ja/3.13/library/pickle.html,26,27,10
/ja/3/library/re.html,26,27,252
/ja/3.13/library/unittest.mock.html,25,26,123
/ja/3.13/library/abc.html,24,24,37
/ja/3.13/tutorial/introduction.html,24,27,243
/ja/3/library/random.html,24,24,20
/ja/3.13/library/asyncio.html,23,23,295
/ja/3.13/library/logging.handlers.html,23,23,272
/ja/3.13/reference/datamodel.html,23,26,40
/ja/3.13/,22,24,291
/ja/3.13/library/functools.html,22,22,53
/ja/3/library/math.html,22,22,19
/ja/3/tutorial/appetite.html,22,22,134
/ja/3/library/exceptions.html,21,21,89
/ja/3/library/pathlib.html,21,22,113
/ja/3/tutorial/errors.html,21,21,277
/ja/3/using/windows.html,21,22,19
/ja/3.13/library/operator.html,20,20,41
/ja/3/library/os.html,20,20,185
/ja/3.13/glossary.html,19,20,338
/ja/3.13/index.html,19,20,450
/ja/3.13/library/base64.html,19,19,507
/ja/3.13/howto/logging.html,18,18,287
/ja/3.13/library/socket.html,18,18,38
/ja/3.13/library/warnings.html,18,18,282
/ja/3.13/reference/expressions.html,18,18,111
/ja/3.13/library/tkinter.ttk.html,17,17,99
/ja/3.13/library/urllib.request.html,17,18,12
/ja/3.13/tutorial/appetite.html,17,17,587
/ja/3.13/tutorial/floatingpoint.html,17,17,217
/ja/3/library/logging.html,17,17,165
/ja/3/tutorial/modules.html,17,17,239
/ja/3.13/howto/unicode.html,16,16,124
/ja/3.13/library/http.server.html,16,17,344
/ja/3.13/library/importlib.html,16,16,156
/ja/3.13/reference/lexical_analysis.html,16,16,578
/ja/3/tutorial/inputoutput.html,16,16,135
/ja/3.13/library/ftplib.html,15,16,338
/ja/3.13/library/ipaddress.html,15,15,236
/ja/3.13/library/profile.html,15,15,92
/ja/3.13/library/uuid.html,15,15,0
/ja/3/library/codecs.html,15,16,142
/ja/3/library/http.client.html,15,15,82
/ja/3/library/shutil.html,15,16,123
/ja/3/library/tkinter.html,15,15,18
/ja/3/reference/datamodel.html,15,15,111
/3/license.html,14,14,975
/ja/3.13/library/codecs.html,14,14,145
/ja/3.13/library/pprint.html,14,16,53
/ja/3.13/library/queue.html,14,14,285
/ja/3.13/library/sys.html,14,14,725
/ja/3.13/library/traceback.html,14,14,68
/ja/3.13/library/webbrowser.html,14,14,226
/ja/3/library/csv.html,14,14,3
/ja/3/library/multiprocessing.html,14,15,101
/ja/3/library/subprocess.html,14,14,255
/ja/3.13/library/array.html,13,13,289
/ja/3.13/library/difflib.html,13,15,0
/ja/3.13/library/heapq.html,13,15,0
/ja/3.13/library/idle.html,13,13,0
/ja/3/whatsnew/3.13.html,13,13,4
/3/tutorial/index.html,12,12,469
/ja/3.13/library/ast.html,12,12,21
/ja/3.13/library/contextlib.html,12,12,317
/ja/3.13/library/dialog.html,12,12,73
/ja/3.13/library/pdb.html,12,12,66
/ja/3/c-api/dict.html,12,12,67
/ja/3/contents.html,12,12,142
/ja/3/howto/logging.html,12,15,211
/ja/3/library/itertools.html,12,12,66
/ja/3/library/secrets.html,12,12,41
/ja/3/library/string.html,12,12,54
/3.13/,11,11,269
/3.13/tutorial/index.html,11,12,171
/ja/3.13/library/bisect.html,11,11,13
/ja/3.13/library/hashlib.html,11,11,35
/ja/3.13/library/inspect.html,11,11,26
/ja/3.13/tutorial/datastructures.html,11,12,24
/ja/3/howto/logging-cookbook.html,11,11,0
/ja/3/library/configparser.html,11,11,0
/ja/3/library/html.parser.html,11,11,5
/ja/3.13/library/gc.html,10,10,4
/ja/3.13/library/gzip.html,10,10,543
/ja/3.13/library/ssl.html,10,10,246
/ja/3.13/library/tarfile.html,10,10,0
/ja/3.13/library/turtle.html,10,10,0
/ja/3.13/reference/simple_stmts.html,10,10,90
/ja/3/glossary.html,10,10,172
/ja/3/library/__main__.html,10,10,247
/ja/3/library/concurrent.futures.html,10,10,162
/ja/3/reference/expressions.html,10,11,2
/ja/3.12/index.html,9,9,22
/ja/3.13/c-api/capsule.html,9,9,1
/ja/3.13/library/calendar.html,9,9,8
/ja/3.13/library/signal.html,9,9,997
/ja/3.13/library/unittest.mock-examples.html,9,9,104
/ja/3.13/reference/import.html,9,9,671
/ja/3/howto/argparse.html,9,9,0
/ja/3/library/,9,10,66
/ja/3/library/importlib.metadata.html,9,9,0
/ja/3/library/unittest.html,9,10,98
/3/library/re.html,8,8,216
/3/library/tkinter.html,8,8,704
/ja/3.13/library/asyncio-eventloop.html,8,8,2
/ja/3.13/library/copy.html,8,8,181
/ja/3.13/library/socketserver.html,8,8,121
/ja/3.13/library/urllib.html,8,8,61
/ja/3.13/library/winreg.html,8,8,536
/ja/3.13/tutorial/stdlib2.html,8,9,13
/ja/3/library/functools.html,8,8,49
/ja/3/library/os.path.html,8,8,0
/ja/3/library/pickle.html,8,8,0
/ja/3/library/typing.html,8,8,112
/ja/3/tutorial/floatingpoint.html,8,8,50
/ja/3.12/tutorial/index.html,7,9,266
/ja/3.13/howto/sockets.html,7,7,167
/ja/3.13/library/__future__.html,7,7,73
/ja/3.13/library/ensurepip.html,7,7,42
/ja/3.13/library/fnmatch.html,7,7,32
/ja/3.13/library/urllib.error.html,7,7,0
/ja/3.13/library/wave.html,7,7,0
/ja/3.13/reference/compound_stmts.html,7,7,99
/ja/3.13/tutorial/stdlib.html,7,7,158
/ja/3.13/whatsnew/3.13.html,7,7,202
/ja/3/library/abc.html,7,7,0
/ja/3/library/argparse.html,7,7,47
/ja/3/library/asyncio.html,7,7,305
/ja/3/library/collections.html,7,7,0
/ja/3/library/json.html,7,7,253
/ja/3/library/socket.html,7,7,49
/ja/3/library/sys.html,7,7,98
/ja/3/library/turtle.html,7,7,0
/ja/3/library/urllib.request.html,7,7,157
/ja/3/tutorial/stdlib.html,7,7,21
/ja/dev/library/unittest.html,7,7,0
/3.13/using/windows.html,6,6,357
/3/library/functions.html,6,6,668
/3/library/stdtypes.html,6,6,1188
/3/tutorial/datastructures.html,6,6,548
/ja/3.12/,6,7,11
/ja/3.13/c-api/exceptions.html,6,8,78
/ja/3.13/c-api/index.html,6,6,338
/ja/3.13/c-api/set.html,6,6,332
/ja/3.13/contents.html,6,6,458
/ja/3.13/library/fcntl.html,6,6,430
/ja/3.13/library/filecmp.html,6,6,0
/ja/3.13/library/imaplib.html,6,7,276
/ja/3.13/library/smtplib.html,6,6,393
/ja/3.13/library/statistics.html,6,6,6
/ja/3.13/library/textwrap.html,6,6,0
/ja/3.13/library/tomllib.html,6,6,0
/ja/3.13/library/tracemalloc.html,6,6,494
/ja/3.13/library/winsound.html,6,6,8
/ja/3/library/array.html,6,6,0
/ja/3/library/asyncio-dev.html,6,6,12
/ja/3/library/decimal.html,6,6,202
/ja/3/library/email.examples.html,6,6,27
/ja/3/library/io.html,6,6,130
/ja/3/library/logging.handlers.html,6,6,313
/ja/3/library/sqlite3.html,6,6,0
/ja/3/library/time.html,6,6,98
/ja/3/library/tk.html,6,8,78
/ja/3/library/zipfile.html,6,6,312
/ja/3/reference/simple_stmts.html,6,6,156
/ja/dev/library/pathlib.html,6,6,296
/3/library/logging.html,5,5,715
/3/library/venv.html,5,5,619
/ja/3.12/search.html,5,5,6
/ja/3.13/c-api/memory.html,5,5,0
/ja/3.13/faq/general.html,5,5,10
/ja/3.13/howto/regex.html,5,5,368
/ja/3.13/library/constants.html,5,5,215
/ja/3.13/library/contextvars.html,5,6,510
/ja/3.13/library/locale.html,5,5,0
/ja/3.13/library/logging.config.html,5,6,0
/ja/3.13/library/mmap.html,5,5,95
/ja/3.13/library/platform.html,5,5,4
/ja/3.13/library/select.html,5,5,244
/ja/3.13/library/syslog.html,5,5,14
/ja/3.13/library/types.html,5,5,0
/ja/3.13/library/unicodedata.html,5,5,11
/ja/3.13/using/index.html,5,5,115
/ja/3/c-api/structures.html,5,5,29
/ja/3/extending/embedding.html,5,5,9
/ja/3/faq/programming.html,5,6,334
/ja/3/library/constants.html,5,6,580
/ja/3/library/ctypes.html,5,5,0
/ja/3/library/idle.html,5,5,0
/ja/3/library/tkinter.dnd.html,5,5,8
/ja/3/library/webbrowser.html,5,5,0
/ja/dev/library/enum.html,5,5,0
/3/library/csv.html,4,4,325
/3/library/datetime.html,4,4,404
/3/library/json.html,4,4,826
/3/library/pathlib.html,4,4,317
/3/library/pickle.html,4,4,206
/3/library/unittest.html,4,4,152
/3/library/xml.etree.elementtree.html,4,4,64
/3/search.html,4,4,43
/3/whatsnew/3.13.html,4,4,46
/ja/3.12/installing/index.html,4,4,3
/ja/3.12/library/os.html,4,5,25
/ja/3.12/library/typing.html,4,4,18
/ja/3.12/library/venv.html,4,4,317
/ja/3.12/reference/index.html,4,6,1197
/ja/3.12/tutorial/errors.html,4,4,0
/ja/3.12/whatsnew/index.html,4,4,5
/ja/3.13/c-api/bytes.html,4,4,199
/ja/3.13/c-api/gen.html,4,6,0
/ja/3.13/library/asyncio-sync.html,4,4,197
/ja/3.13/library/dis.html,4,4,1866
/ja/3.13/library/doctest.html,4,4,0
/ja/3.13/library/fractions.html,4,4,6
/ja/3.13/library/getpass.html,4,4,376
/ja/3.13/library/html.html,4,4,0
/ja/3.13/library/http.html,4,4,33
/ja/3.13/library/intro.html,4,4,152
/ja/3.13/library/mimetypes.html,4,4,0
/ja/3.13/library/numbers.html,4,4,112
/ja/3.13/library/stat.html,4,4,1114
