name,unique_exits,total_exits,exit_rate
/3/,6037,6267,
/3/library/functions.html,3682,3895,
/3/library/stdtypes.html,3407,3624,
/3/tutorial/index.html,3220,3356,
/3/library/venv.html,3183,3249,
/3/tutorial/,2062,2272,
/3/tutorial/datastructures.html,1906,2012,
/3/library/datetime.html,1779,1848,
/3/library/tkinter.html,1703,1760,
/3/library/index.html,1668,1719,
/3/library/turtle.html,1385,1533,
/3/library/re.html,1347,1410,
/3/library/random.html,1311,1361,
/3/library/idle.html,1309,1318,
/3/search.html,1275,1328,
/3/tutorial/controlflow.html,1267,1343,
/3/library/typing.html,1232,1263,
/3/library/math.html,1051,1097,
/3/library/collections.html,1035,1065,
/3/library/csv.html,1000,1040,
/3/tutorial/classes.html,948,1008,
/3/tutorial/introduction.html,937,998,
/3/tutorial/errors.html,838,868,
/3/library/os.html,816,845,
/3/library/exceptions.html,749,776,
/3/library/sqlite3.html,744,780,
/3/tutorial/interpreter.html,739,786,
/3/tutorial/inputoutput.html,704,713,
/3/library/string.html,700,716,
/3/library/itertools.html,684,695,
/3/library/logging.html,668,698,
/3/library/subprocess.html,655,687,
/3/library/pathlib.html,651,675,
/3/library/heapq.html,617,643,
/3/library/argparse.html,606,628,
/3/library/multiprocessing.html,604,636,
/3/library/dataclasses.html,590,605,
/3/tutorial/modules.html,577,588,
/3/library/time.html,563,575,
/3/reference/datamodel.html,560,578,
/3/library/json.html,548,560,
/3/using/windows.html,546,558,
/3/library/asyncio-task.html,542,571,
/3/tutorial/venv.html,535,548,
/3/glossary.html,501,512,
/3/library/unittest.html,478,486,
/3/library/functools.html,467,481,
/3/whatsnew/3.13.html,465,488,
/3/library/threading.html,463,487,
/3/py-modindex.html,459,470,
/3/howto/sorting.html,450,453,
/3/installing/index.html,444,452,
/3/library/os.path.html,432,442,
/3/library/asyncio.html,431,441,
/3/library/enum.html,430,435,
/3/library/socket.html,429,453,
/3/tutorial/appetite.html,421,438,
/3/using/mac.html,417,423,
/ja/3/library/codecs.html,414,424,
/3/library/sys.html,373,374,
/3/library/pickle.html,349,356,
/3/reference/expressions.html,336,345,
/3/reference/index.html,311,318,
/zh-cn/3/tutorial/index.html,308,324,
/3/library/,295,316,
/3/library/concurrent.futures.html,293,305,
/3/library/struct.html,293,312,
/3/reference/lexical_analysis.html,281,285,
/3/library/unittest.mock.html,273,291,
/3/library/io.html,272,280,
/3/library/xml.etree.elementtree.html,269,284,
/3/howto/logging.html,268,273,
/3/download.html,263,265,
/es/3/tutorial/,263,274,
/3/reference/compound_stmts.html,257,271,
/3/library/hashlib.html,253,263,
/zh-cn/3/,243,259,
/3/library/pdb.html,238,241,
/3/license.html,236,243,
/3/tutorial/floatingpoint.html,232,245,
/3/library/http.server.html,227,235,
/3/using/cmdline.html,227,232,
/3/library/copy.html,223,227,
/3/library/shutil.html,219,222,
/3/contents.html,215,219,
/3/library/operator.html,215,218,
/3/library/urllib.parse.html,215,222,
/3/reference/import.html,211,214,
/3/library/pprint.html,204,210,
/3/howto/regex.html,203,210,
/3/library/asyncio-eventloop.html,200,201,
/3/library/abc.html,195,200,
/3/library/queue.html,195,198,
/3/library/bisect.html,193,197,
/3/library/tempfile.html,187,192,
/3/library/tk.html,183,186,
/3/library/configparser.html,179,182,
/3/index.html,172,177,
/3/using/android.html,170,175,
/3/library/ctypes.html,165,171,
