name,unique_entrances,total_entrances,visit_duration
/it/3/tutorial/index.html,28,30,161
/3/,12,12,131
/it/3.13/tutorial/index.html,12,12,22
/it/3/tutorial/classes.html,8,8,50
/3.13/tutorial/index.html,7,7,849
/it/3/tutorial/datastructures.html,7,8,34
/it/3/tutorial/inputoutput.html,7,7,0
/3/tutorial/index.html,6,6,377
/it/3.13/,6,6,65
/it/3.13/tutorial/interpreter.html,6,6,120
/it/3.13/tutorial/appetite.html,5,5,529
/it/3/library/stdtypes.html,5,5,0
/3/library/idle.html,4,4,36
/it/3.13/search.html,4,4,0
/it/3.13/tutorial/classes.html,4,4,0
/it/3/tutorial/errors.html,4,4,117
/it/3/tutorial/introduction.html,4,4,0
/it/3/tutorial/modules.html,4,4,489
/it/3/tutorial/venv.html,4,4,274
/3/library/functions.html,3,3,1202
/it/3.13/library/sqlite3.html,3,3,38
/it/3.13/tutorial/datastructures.html,3,4,5
/it/3/tutorial/interpreter.html,3,3,0
/3.13/tutorial/interpreter.html,2,2,254
/3/library/os.html,2,2,5
/3/library/sqlite3.html,2,2,4
/3/library/tkinter.html,2,2,359
/3/reference/index.html,2,2,17
/3/reference/simple_stmts.html,2,2,1898
/3/tutorial/appetite.html,2,2,94
/es/3.13/tutorial/index.html,2,2,496
/it/3.12/tutorial/index.html,2,2,70
/it/3.13/library/asyncio-task.html,2,2,0
/it/3.13/library/functions.html,2,2,0
/it/3.13/library/idle.html,2,2,8
/it/3.13/library/sched.html,2,2,52
/it/3.13/tutorial/controlflow.html,2,2,0
/it/3.13/tutorial/introduction.html,2,2,22
/it/3.14/tutorial/introduction.html,2,2,83
/it/3/,2,2,211
/it/3/library/functions.html,2,5,20
/3.12/,1,1,10
/3.13/download.html,1,1,1587
/3.13/tutorial/,1,1,302
/3.13/using/windows.html,1,1,1324
/3.14/,1,1,373
/3.14/howto/gdb_helpers.html,1,1,135
/3/c-api/index.html,1,1,581
/3/index.html,1,1,1783
/3/library/,1,1,0
/3/library/argparse.html,1,1,92
/3/library/binascii.html,1,1,91
/3/library/csv.html,1,1,1751
/3/library/datetime.html,1,1,54
/3/library/exceptions.html,1,1,0
/3/library/index.html,1,1,1149
/3/library/io.html,1,1,4360
/3/library/math.html,1,1,135
/3/library/os.path.html,1,1,9
/3/library/pathlib.html,1,1,176
/3/library/random.html,1,1,165
/3/library/socket.html,1,1,898
/3/library/stdtypes.html,1,1,0
/3/library/string.html,1,1,556
/3/library/turtle.html,1,1,1093
/3/library/venv.html,1,1,1530
/3/reference/import.html,1,1,0
/3/reference/lexical_analysis.html,1,1,27
/3/tutorial/classes.html,1,1,0
/es/3/,1,1,781
/es/3/tutorial/,1,1,746
/fr/3.13/library/turtle.html,1,1,2328
/it/3.13/contents.html,1,1,92
/it/3.13/download.html,1,1,203
/it/3.13/installing/index.html,1,1,5
/it/3.13/library/,1,1,11
/it/3.13/library/argparse.html,1,1,232
/it/3.13/library/binascii.html,1,1,0
/it/3.13/library/calendar.html,1,1,84
/it/3.13/library/cmdlinelibs.html,1,1,1
/it/3.13/library/codecs.html,1,1,0
/it/3.13/library/exceptions.html,1,1,0
/it/3.13/library/os.html,1,1,3
/it/3.13/library/string.html,1,1,509
/it/3.13/library/struct.html,1,1,84
/it/3.13/library/tempfile.html,1,1,0
/it/3.13/library/time.html,1,1,0
/it/3.13/library/tkinter.html,1,1,644
/it/3.13/py-modindex.html,1,1,0
/it/3.13/reference/lexical_analysis.html,1,1,0
/it/3.13/tutorial/,1,1,0
/it/3.13/tutorial/errors.html,1,1,0
/it/3.13/tutorial/inputoutput.html,1,1,0
/it/3.13/tutorial/stdlib2.html,1,2,52
/it/3.13/using/cmdline.html,1,1,0
/it/3.13/using/windows.html,1,1,9
/it/3/contents.html,1,1,0
/it/3/genindex-D.html,1,1,0
/it/3/reference/index.html,1,1,0
/it/3/search.html,1,1,0
/it/3/tutorial/appetite.html,1,1,11
/it/3/tutorial/controlflow.html,1,1,0
/it/3/tutorial/floatingpoint.html,1,1,0
/it/3/tutorial/stdlib.html,1,1,5
/it/3/tutorial/stdlib2.html,1,1,15
/it/3/whatsnew/3.12.html,1,1,0
