name,unique_exits,total_exits,exit_rate
/it/3/tutorial/index.html,23,24,
/it/3.13/tutorial/interpreter.html,13,14,
/it/3.13/tutorial/index.html,10,10,
/it/3/tutorial/classes.html,8,8,
/it/3/tutorial/datastructures.html,8,8,
/it/3.13/tutorial/introduction.html,7,7,
/it/3/tutorial/inputoutput.html,7,7,
/3/,6,6,
/it/3.13/search.html,6,6,
/it/3/tutorial/interpreter.html,6,6,
/it/3.13/tutorial/appetite.html,5,5,
/it/3/library/stdtypes.html,5,5,
/it/3/tutorial/controlflow.html,5,5,
/3.13/tutorial/index.html,4,4,
/3/library/idle.html,4,4,
/it/3.13/,4,4,
/it/3.13/tutorial/classes.html,4,4,
/it/3.13/tutorial/controlflow.html,4,4,
/it/3/tutorial/errors.html,4,4,
/it/3/tutorial/introduction.html,4,4,
/3/library/datetime.html,3,3,
/it/3.13/library/argparse.html,3,3,
/it/3.13/library/sqlite3.html,3,3,
/it/3.13/tutorial/datastructures.html,3,4,
/it/3/tutorial/modules.html,3,3,
/it/3/tutorial/venv.html,3,3,
/3/tutorial/index.html,2,2,
/it/3.12/tutorial/index.html,2,2,
/it/3.13/library/asyncio-task.html,2,2,
/it/3.13/library/functions.html,2,2,
/it/3.13/library/idle.html,2,2,
/it/3.13/library/os.path.html,2,2,
/it/3.13/library/sched.html,2,2,
/it/3.13/library/turtle.html,2,2,
/it/3.13/reference/index.html,2,2,
/it/3.13/reference/lexical_analysis.html,2,2,
/it/3.13/tutorial/modules.html,2,2,
/it/3.13/using/cmdline.html,2,2,
/it/3.13/using/windows.html,2,3,
/it/3/,2,2,
/it/3/library/functions.html,2,5,
/it/3/search.html,2,2,
/3.13/contents.html,1,1,
/3.13/download.html,1,1,
/3.13/search.html,1,1,
/3.13/tutorial/appetite.html,1,1,
/3.13/tutorial/interpreter.html,1,0,
/3.13/using/windows.html,1,1,
/3/download.html,1,1,
/3/faq/windows.html,1,1,
/3/library/,1,1,
/3/library/binascii.html,1,1,
/3/library/exceptions.html,1,1,
/3/library/functions.html,1,1,
/3/library/math.html,1,1,
/3/library/os.html,1,1,
/3/library/socket.html,1,1,
/3/library/sqlite3.html,1,1,
/3/library/stdtypes.html,1,1,
/3/library/tkinter.html,1,1,
/3/reference/import.html,1,1,
/3/reference/index.html,1,1,
/3/tutorial/classes.html,1,1,
/es/3.13/,1,1,
/es/3.13/tutorial/index.html,1,1,
/es/3.13/tutorial/interpreter.html,1,1,
/fr/3.13/,1,1,
/fr/3.13/library/turtle.html,1,1,
/it/3.12/installing/,1,1,
/it/3.12/library/functions.html,1,1,
/it/3.12/library/sqlite3.html,1,1,
/it/3.12/tutorial/inputoutput.html,1,1,
/it/3.12/tutorial/stdlib2.html,1,1,
/it/3.12/using/cmdline.html,1,1,
/it/3.13/contents.html,1,1,
/it/3.13/installing/index.html,1,1,
/it/3.13/library/,1,1,
/it/3.13/library/binascii.html,1,1,
/it/3.13/library/codecs.html,1,1,
/it/3.13/library/exceptions.html,1,1,
/it/3.13/library/index.html,1,1,
/it/3.13/library/os.html,1,1,
/it/3.13/library/stdtypes.html,1,1,
/it/3.13/library/string.html,1,1,
/it/3.13/library/struct.html,1,1,
/it/3.13/library/tempfile.html,1,1,
/it/3.13/library/time.html,1,1,
/it/3.13/library/tkinter.html,1,1,
/it/3.13/py-modindex.html,1,1,
/it/3.13/tutorial/,1,1,
/it/3.13/tutorial/errors.html,1,1,
/it/3.13/tutorial/inputoutput.html,1,1,
/it/3.14/contents.html,1,1,
/it/3.14/tutorial/index.html,1,1,
/it/3.14/tutorial/introduction.html,1,1,
/it/3/c-api/descriptor.html,1,1,
/it/3/contents.html,1,1,
/it/3/genindex-D.html,1,1,
/it/3/index.html,1,1,
/it/3/reference/index.html,1,1,
