name,visitors,bounce_rate,visit_duration
google.com,419,80,96
Direct / None,240,72,154
bing.com,12,90,158
python.org,11,0,239
chatgpt.com,5,33,463
baidu.com/link,4,75,12
dlc.chihlee.edu.tw,4,75,2
steam.oxxostudio.tw,4,75,44
tw.search.yahoo.com,4,50,11
google.com.tw,3,67,3
cn.bing.com,2,100,8
google.com.hk,2,50,130
copilot.microsoft.com,1,0,1926
cs50.harvard.edu,1,0,530
duckduckgo.com,1,0,19
ithelp.ithome.com.tw,1,100,0
m.baidu.com,1,100,0
m.baidu.com/from=1001192y/bd_page_type=1/ssid=0/uid=0/pu=usm%400%2Csz%401320_1001%2Cta%40iphone_2_12.0_28_16.0/baiduid=F5088B127211F2BEEA1328303E825DAF/w=0_10_/t=iphone/l=1/tc,1,100,0
m.baidu.com/from=1027073e/bd_page_type=1/ssid=0/uid=0/pu=cfrom%401027073e%2Cc3_aid%40A00-CGSWREOTMMYHBDOIPSKVMBY3HCCKX33G-5BO5V7XI%2Cctv%402%2Ccuid%40g8-6ij8Y2i0jav8GYu2Fu0uuHi_xaSu3laH5al8USt8Rk1M_5fSd818wA%2Ccua%40_avLCgaU2f4qywoUfpw1z4uQ2N_-aXiDoavjhGQHNqqqB%2Cosname%40baiduboxapp%2Ccen%40cuid_cua_cut%2Ccsrc%40home_box_txt%2Csz%401320_480%2Cusm%404%2Cvmgdb%400020100228y/baiduid=594C71AF498A54EABBC992D2AA10EBD7/w=0_10_/t=zbios/l=1/tc,1,100,0
python.digibeatrix.com,1,0,17
