property,value,visitors,events,percentage
url,(none),95733,163516,99.8
url,https://www.python.org/,1064,1159,1.1
url,https://docs.python.org/3/archives/python-3.13-docs-pdf-a4.zip,218,237,0.2
url,https://github.com/python/cpython/tree/3.13/Lib/idlelib/,212,264,0.2
url,https://tkdocs.com/,107,112,0.1
url,https://wiki.python.org/moin/BeginnersGuide,81,89,0.1
url,https://github.com/python/cpython/tree/3.13/Lib/tkinter/__init__.py,73,79,0.1
url,https://www.python.org/downloads/,63,64,0.1
url,https://pypi.org/,58,61,0.1
url,https://docs.python.org/3/archives/python-3.13-docs-html.zip,51,52,0.1
url,https://www.python.org/psf/donations/,48,49,0.1
url,https://www.tkdocs.com/shipman/,45,52,0.0
url,https://github.com/python/cpython/tree/3.13/Lib/random.py,43,46,0.0
url,https://www.tcl.tk/man/tcl8.6/TkCmd/contents.htm,40,41,0.0
url,https://github.com/python/cpython/tree/3.13/Lib/turtle.py,37,44,0.0
url,https://packaging.python.org/en/latest/tutorials/packaging-projects/,37,37,0.0
url,https://mypy.readthedocs.io/en/stable/cheat_sheet_py3.html,36,40,0.0
url,https://www.python.org/downloads/macos/,35,35,0.0
url,https://briefcase.readthedocs.io/,29,30,0.0
url,https://en.wikipedia.org/wiki/Turtle_(robot),26,34,0.0
url,https://peps.python.org/pep-0719/,26,28,0.0
url,https://devguide.python.org/,25,26,0.0
url,https://packaging.python.org/guides/installing-using-pip-and-virtual-environments/#create-and-use-virtual-environments,25,26,0.0
url,https://github.com/python/cpython/tree/3.13/Lib/venv/,24,24,0.0
url,https://docs.python.org/3/archives/python-3.13-docs.epub,23,27,0.0
url,https://www.python.org/doc/versions/,22,22,0.0
url,https://wiki.python.org/moin/PythonBooks,21,21,0.0
url,https://docs.python.org/3/archives/python-3.13-docs-pdf-a4.tar.bz2,18,22,0.0
url,https://peps.python.org/,18,19,0.0
url,https://www.sqlite.org/,18,18,0.0
url,https://docs.python.org/3/archives/python-3.13-docs-text.zip,17,22,0.0
url,https://github.com/python/cpython/tree/3.13/Lib/idlelib,17,17,0.0
url,https://peps.python.org/pep-0397/,16,17,0.0
url,https://buildozer.readthedocs.io/,15,18,0.0
url,https://github.com/python/cpython/tree/3.13/Lib/datetime.py,13,17,0.0
url,https://github.com/python/cpython/tree/3.13/Lib/webbrowser.py,13,14,0.0
url,https://packaging.python.org/,13,16,0.0
url,https://www.cwi.nl/,13,15,0.0
url,https://github.com/python/cpython/tree/3.13/Lib/string.py,12,13,0.0
url,https://peps.python.org/pep-0636/,12,12,0.0
url,https://termux.dev/en/,12,12,0.0
url,https://github.com/python/cpython/tree/3.13/Lib/sqlite3/,11,11,0.0
url,https://www.python.org/psf/,11,11,0.0
url,https://cibuildwheel.pypa.io/en/stable/platforms/#android,10,12,0.0
url,https://devguide.python.org/documentation/help-documenting/,10,11,0.0
url,https://docs.python.org/zh-cn/3/archives/python-3.13-docs-pdf-a4.zip,10,11,0.0
url,https://packaging.python.org/installing/#creating-virtual-environments,10,10,0.0
url,https://packaging.python.org/installing/#requirements-for-installing-packages,10,10,0.0
url,https://typing.python.org/en/latest/spec/index.html,10,10,0.0
url,https://www.packtpub.com/en-us/product/python-gui-programming-with-tkinter-9781788835886,10,10,0.0
url,https://github.com/python/cpython/tree/3.13/Lib/ensurepip,9,9,0.0
url,https://docs.python.org/3/archives/python-3.13-docs-html.tar.bz2,8,8,0.0
url,https://github.com/python/cpython/tree/3.13/Lib/os.py,8,8,0.0
url,https://pypi.org/project/pip/,8,8,0.0
url,https://www.debian.org/doc/manuals/maint-guide/first.en.html,8,8,0.0
url,https://www.tcl.tk/,8,9,0.0
url,https://www.unicode.org/versions/Unicode15.1.0/ch03.pdf,8,9,0.0
url,https://core.tcl.tk/tips/doc/trunk/tip/48.md,7,7,0.0
url,https://github.com/python/cpython/tree/3.13/Lib/base64.py,7,7,0.0
url,https://github.com/python/cpython/tree/3.13/Lib/typing.py,7,8,0.0
url,https://json.org/,7,7,0.0
url,https://manpages.debian.org/recv(2),7,7,0.0
url,https://packaging.python.org/en/latest/tutorials/installing-packages/#ensure-pip-setuptools-and-wheel-are-up-to-date,7,7,0.0
url,https://packaging.python.org/science/,7,7,0.0
url,https://peps.python.org/pep-0420/,7,7,0.0
url,https://peps.python.org/pep-0632/#migration-advice,7,8,0.0
url,https://pypi.org/project/regex/,7,7,0.0
url,https://tkdocs.com/book.html,7,7,0.0
url,https://wiki.python.org/moin/IntegratedDevelopmentEnvironments,7,7,0.0
url,https://www.cnri.reston.va.us/,7,8,0.0
url,https://www.unicode.org/,7,7,0.0
url,https://beeware.org/,6,6,0.0
url,https://chaquo.com/chaquopy,6,6,0.0
url,https://discuss.python.org/c/documentation/26,6,6,0.0
url,https://docs.python.org/3/archives/python-3.13-docs-texinfo.zip,6,6,0.0
url,https://docs.python.org/zh-cn/3/archives/python-3.13-docs-html.zip,6,6,0.0
url,https://en.wikipedia.org/wiki/Fibonacci_sequence,6,6,0.0
url,https://github.com/python/cpython/blob/main/Doc/tutorial/index.rst?plain=1,6,7,0.0
url,https://github.com/python/cpython/tree/3.13/Android/README.md,6,7,0.0
url,https://github.com/python/cpython/tree/3.13/Lib/argparse.py,6,6,0.0
url,https://github.com/python/cpython/tree/3.13/Lib/collections/__init__.py,6,6,0.0
url,https://github.com/python/cpython/tree/3.13/Lib/heapq.py,6,7,0.0
url,https://github.com/python/cpython/tree/3.13/Lib/http/server.py,6,6,0.0
url,https://github.com/python/cpython/tree/3.13/Lib/subprocess.py,6,6,0.0
url,https://github.com/python/cpython/tree/3.13/Lib/urllib/,6,6,0.0
url,https://peps.python.org/pep-0008/,6,6,0.0
url,https://peps.python.org/pep-0011/,6,6,0.0
url,https://peps.python.org/pep-0434/,6,6,0.0
url,https://peps.python.org/pep-0484/,6,6,0.0
url,https://peps.python.org/pep-0703/,6,7,0.0
url,https://peps.python.org/pep-3131/,6,10,0.0
url,https://pypi.org/project/tomli-w/,6,6,0.0
url,https://requests.readthedocs.io/en/latest/,6,6,0.0
url,https://www.riverbankcomputing.com/static/Docs/pyqtdeploy/,6,6,0.0
url,https://aosabook.org/en/500L/a-web-crawler-with-asyncio-coroutines.html,5,5,0.0
url,https://en.wikipedia.org/wiki/Backus%E2%80%93Naur_form,5,6,0.0
url,https://en.wikipedia.org/wiki/Cursor_(databases),5,6,0.0
url,https://github.com/python/cpython/issues/137873,5,5,0.0
url,https://github.com/python/cpython/tree/3.13/Android/testbed,5,5,0.0
url,https://github.com/python/cpython/tree/3.13/Lib/csv.py,5,6,0.0
url,https://github.com/python/cpython/tree/3.13/Lib/dataclasses.py,5,5,0.0
url,https://github.com/python/cpython/tree/3.13/Lib/functools.py,5,5,0.0
url,https://github.com/python/cpython/tree/3.13/Lib/hashlib.py,5,6,0.0
url,https://github.com/python/cpython/tree/3.13/Lib/re/,5,5,0.0
url,https://github.com/python/cpython/tree/3.13/Lib/unittest/__init__.py,5,6,0.0
url,https://github.com/python/cpython/tree/3.13/Lib/wave.py,5,5,0.0
url,https://infozip.sourceforge.net/,5,5,0.0
url,https://manpages.debian.org/bind(3tk),5,7,0.0
url,https://opensource.org/,5,24,0.0
url,https://packaging.python.org/en/latest/tutorials/installing-packages/,5,5,0.0
url,https://packaging.python.org/extensions/,5,5,0.0
url,https://peps.python.org/pep-0308/,5,5,0.0
url,https://peps.python.org/pep-0492/,5,5,0.0
url,https://peps.python.org/pep-0572/,5,5,0.0
url,https://peps.python.org/pep-0594/,5,5,0.0
url,https://www.tkdocs.com/,5,5,0.0
url,http://www.math.sci.hiroshima-u.ac.jp/~m-mat/MT/MT2002/emt19937ar.html,4,4,0.0
url,https://brew.sh/,4,4,0.0
url,https://datatracker.ietf.org/doc/html/rfc821.html,4,4,0.0
url,https://github.com/anordin95/a-conceptual-overview-of-asyncio/tree/main,4,5,0.0
url,https://github.com/python/cpython/blob/main/Doc/bugs.rst?plain=1,4,4,0.0
url,https://github.com/python/cpython/blob/main/Doc/library/functions.rst?plain=1,4,4,0.0
url,https://github.com/python/cpython/blob/main/Doc/library/pathlib.rst?plain=1,4,6,0.0
url,https://github.com/python/cpython/tree/3.13/Lib/codecs.py,4,4,0.0
url,https://github.com/python/cpython/tree/3.13/Lib/copy.py,4,4,0.0
url,https://github.com/python/cpython/tree/3.13/Lib/io.py,4,4,0.0
url,https://github.com/python/cpython/tree/3.13/Lib/pathlib/,4,5,0.0
url,https://github.com/python/cpython/tree/3.13/Lib/pickle.py,4,5,0.0
url,https://github.com/python/cpython/tree/3.13/Lib/smtplib.py,4,4,0.0
url,https://github.com/python/cpython/tree/3.13/Lib/socket.py,4,4,0.0
url,https://github.com/python/cpython/tree/3.13/Lib/statistics.py,4,4,0.0
url,https://github.com/python/cpython/tree/3.13/Lib/tkinter/ttk.py,4,4,0.0
url,https://github.com/python/cpython/tree/3.13/Lib/urllib/request.py,4,4,0.0
url,https://grantjenks.com/docs/sortedcollections/,4,4,0.0
url,https://kivy.org/,4,4,0.0
url,https://learning-python.com/about-pp4e.html,4,4,0.0
url,https://mail.python.org/mailman3/lists/core-mentorship.python.org/,4,4,0.0
url,https://peps.python.org/pep-0428/,4,4,0.0
url,https://peps.python.org/pep-0557/,4,4,0.0
url,https://peps.python.org/pep-0615/,4,4,0.0
url,https://peps.python.org/pep-0744/,4,4,0.0
url,https://peps.python.org/pep-3147/,4,4,0.0
url,https://pypi.org/project/DateType/,4,5,0.0
url,https://pypi.org/project/Urwid/,4,4,0.0
url,https://pypi.org/project/telnetlib3/,4,4,0.0
url,https://rhettinger.wordpress.com/2011/05/26/super-considered-super/,4,4,0.0
url,https://typing.python.org/en/latest/,4,5,0.0
url,https://wasi.dev/,4,4,0.0
url,https://webassembly.org/,4,4,0.0
url,https://www.activestate.com/products/python/,4,4,0.0
url,https://www.jython.org/,4,4,0.0
url,https://www.sqlite.org/schematab.html,4,5,0.0
url,https://www.youtube.com/watch?v=Xbl7XjFYsN4&list=PLhNSoGM2ik6SIkVGXWBwerucXjgP1rHmB,4,4,0.0
url,https://www.zlib.net/,4,5,0.0
url,https://xkcd.com/936/,4,4,0.0
url,https://yaml.org/,4,4,0.0
url,https://bugzilla.mozilla.org/page.cgi?id=bug-writing.html,3,3,0.0
url,https://cffi.readthedocs.io/,3,4,0.0
url,https://datatracker.ietf.org/doc/html/rfc2822.html,3,3,0.0
url,https://datatracker.ietf.org/doc/html/rfc4122.html,3,4,0.0
url,https://datatracker.ietf.org/doc/html/rfc4180.html,3,3,0.0
url,https://datatracker.ietf.org/doc/html/rfc4648.html,3,3,0.0
url,https://datatracker.ietf.org/doc/html/rfc7159.html,3,3,0.0
url,https://dateutil.readthedocs.io/en/stable/,3,3,0.0
url,https://docs.python.org/3/archives/python-3.13-docs-text.tar.bz2,3,3,0.0
url,https://docs.python.org/es/3/archives/python-3.13-docs-pdf-a4.zip,3,3,0.0
url,https://emscripten.org/,3,3,0.0
url,https://emscripten.org/docs/porting/networking.html,3,3,0.0
url,https://en.wikipedia.org/wiki/Cumulative_distribution_function,3,3,0.0
url,https://en.wikipedia.org/wiki/Extended_Backus%E2%80%93Naur_form,3,3,0.0
url,https://en.wikipedia.org/wiki/Priority_queue,3,3,0.0
url,https://en.wikipedia.org/wiki/Walrus#/media/File:Pacific_Walrus_-_Bull_(8247646168).jpg,3,3,0.0
url,https://github.com/python/cpython/blob/main/Doc/library/tkinter.rst?plain=1,3,3,0.0
url,https://github.com/python/cpython/blob/main/Doc/tutorial/appetite.rst?plain=1,3,3,0.0
url,https://github.com/python/cpython/blob/main/Doc/tutorial/errors.rst?plain=1,3,3,0.0
url,https://github.com/python/cpython/issues,3,3,0.0
url,https://github.com/python/cpython/tree/3.13/Android/testbed/app/src/main/java/org/python/testbed/MainActivity.kt,3,3,0.0
url,https://github.com/python/cpython/tree/3.13/Lib/ast.py,3,3,0.0
url,https://github.com/python/cpython/tree/3.13/Lib/asyncio/tasks.py,3,3,0.0
url,https://github.com/python/cpython/tree/3.13/Lib/json/__init__.py,3,3,0.0
url,https://github.com/python/cpython/tree/3.13/Lib/keyword.py,3,3,0.0
url,https://github.com/python/cpython/tree/3.13/Lib/multiprocessing/,3,3,0.0
url,https://github.com/python/cpython/tree/3.13/Lib/pdb.py,3,3,0.0
url,https://github.com/python/cpython/tree/3.13/Lib/ssl.py,3,5,0.0
url,https://github.com/python/cpython/tree/3.13/Lib/threading.py,3,3,0.0
url,https://github.com/python/cpython/tree/3.13/Lib/urllib/parse.py,3,3,0.0
url,https://github.com/python/cpython/tree/3.13/Lib/wsgiref,3,3,0.0
url,https://github.com/python/cpython/tree/3.13/Lib/xml/etree/ElementTree.py,3,3,0.0
url,https://github.com/python/cpython/tree/3.13/Lib/zipimport.py,3,3,0.0
url,https://github.com/python/python-docs-theme,3,3,0.0
url,https://gvanrossum.github.io/,3,4,0.0
url,https://learn.microsoft.com/en-us/cpp/c-runtime-library/locale-names-languages-and-country-region-strings,3,3,0.0
url,https://numpy.org/,3,3,0.0
url,https://packaging.python.org/installing/,3,3,0.0
url,https://peps.python.org/pep-0011/#tier-3,3,3,0.0
url,https://peps.python.org/pep-0249/,3,3,0.0
url,https://peps.python.org/pep-0343/,3,3,0.0
url,https://peps.python.org/pep-0479/,3,3,0.0
url,https://peps.python.org/pep-0563/,3,3,0.0
url,https://peps.python.org/pep-0567/,3,3,0.0
url,https://peps.python.org/pep-0585/,3,4,0.0
url,https://peps.python.org/pep-0634/,3,3,0.0
url,https://pypi.org/project/tomlkit/,3,3,0.0
url,https://pypi.org/project/typing_extensions/,3,3,0.0
url,https://pypy.org/,3,3,0.0
url,https://python-pillow.org/,3,5,0.0
url,https://requests.readthedocs.io/en/master/,3,3,0.0
url,https://scipy.org/,3,3,0.0
url,https://tiswww.case.edu/php/chet/readline/rltop.html,3,4,0.0
url,https://toml.io/en/,3,4,0.0
url,https://wiki.python.org/moin/GuiProgramming,3,3,0.0
url,https://wiki.python.org/moin/PythonEditors,3,3,0.0
url,https://wiki.tcl-lang.org/37432,3,3,0.0
url,https://www.amazon.com/exec/obidos/ASIN/032133633X,3,3,0.0
url,https://www.anaconda.com/download/,3,3,0.0
url,https://www.jsonrpc.org/,3,3,0.0
url,https://www.pypa.io/,3,3,0.0
url,https://www.sphinx-doc.org/,3,3,0.0
url,https://www.unicode.org/Public/15.1.0/ucd/DerivedCoreProperties.txt,3,3,0.0
url,https://www.w3schools.com/sql/,3,3,0.0
url,https://www.youtube.com/watch?v=eN1eZtjLEnU,3,3,0.0
url,https://assets.enthought.com/downloads/edm/,2,2,0.0
url,https://bugs.python.org/issue?@action=redirect&bpo=12782,2,2,0.0
url,https://code.activestate.com/recipes/576707-long-period-random-number-generator/,2,2,0.0
url,https://code.activestate.com/recipes/579000-equally-spaced-numbers-linspace/,2,2,0.0
url,https://code.activestate.com/recipes/langs/python/,2,2,0.0
url,https://cwe.mitre.org/data/definitions/257.html,2,2,0.0
url,https://datatracker.ietf.org/doc/html/rfc2396.html,2,2,0.0
url,https://datatracker.ietf.org/doc/html/rfc3454.html,2,2,0.0
url,https://docs.fedoraproject.org/en-US/package-maintainers/Packaging_Tutorial_GNU_Hello/,2,3,0.0
url,https://docs.python.org/3/archives/python-3.13-docs-texinfo.tar.bz2,2,2,0.0
url,https://docs.python.org/zh-cn/3/archives/python-3.13-docs.epub,2,2,0.0
url,https://en.wikipedia.org/wiki/Arity,2,2,0.0
url,https://en.wikipedia.org/wiki/Cryptographic_hash_function#Attacks_on_cryptographic_hash_algorithms,2,3,0.0
url,https://en.wikipedia.org/wiki/Gamma_function,2,2,0.0
url,https://en.wikipedia.org/wiki/Leap_second,2,2,0.0
url,https://en.wikipedia.org/wiki/Monty_Python,2,2,0.0
url,https://en.wikipedia.org/wiki/Thread_(computing),2,2,0.0
url,https://gist.github.com/vsajip/4673395,2,2,0.0
url,https://github.com/python/cpython/blob/ff0ef0a54bef26fc507fbf9b7a6009eb7d3f17f5/InternalDocs/garbage_collector.md#collecting-the-oldest-generation,2,2,0.0
url,https://github.com/python/cpython/blob/main/Doc/glossary.rst?plain=1,2,3,0.0
url,https://github.com/python/cpython/blob/main/Doc/library/heapq.rst?plain=1,2,2,0.0
url,https://github.com/python/cpython/blob/main/Doc/library/index.rst?plain=1,2,2,0.0
url,https://github.com/python/cpython/blob/main/Doc/library/symtable.rst?plain=1,2,2,0.0
url,https://github.com/python/cpython/blob/main/Doc/library/turtle.rst?plain=1,2,2,0.0
url,https://github.com/python/cpython/blob/main/Doc/license.rst?plain=1,2,2,0.0
url,https://github.com/python/cpython/blob/main/Doc/tutorial/inputoutput.rst?plain=1,2,2,0.0
url,https://github.com/python/cpython/blob/main/Doc/tutorial/interpreter.rst?plain=1,2,4,0.0
url,https://github.com/python/cpython/issues/95754,2,2,0.0
url,https://github.com/python/cpython/tree/3.13/Lib/abc.py,2,2,0.0
url,https://github.com/python/cpython/tree/3.13/Lib/asyncio/,2,2,0.0
url,https://github.com/python/cpython/tree/3.13/Lib/asyncio/events.py,2,2,0.0
url,https://github.com/python/cpython/tree/3.13/Lib/cmd.py,2,3,0.0
url,https://github.com/python/cpython/tree/3.13/Lib/concurrent/futures/process.py,2,2,0.0
url,https://github.com/python/cpython/tree/3.13/Lib/concurrent/futures/thread.py,2,3,0.0
url,https://github.com/python/cpython/tree/3.13/Lib/contextlib.py,2,2,0.0
url,https://github.com/python/cpython/tree/3.13/Lib/ctypes,2,2,0.0
url,https://github.com/python/cpython/tree/3.13/Lib/curses,2,2,0.0
url,https://github.com/python/cpython/tree/3.13/Lib/difflib.py,2,2,0.0
url,https://github.com/python/cpython/tree/3.13/Lib/doctest.py,2,2,0.0
url,https://github.com/python/cpython/tree/3.13/Lib/email/utils.py,2,3,0.0
url,https://github.com/python/cpython/tree/3.13/Lib/encodings/aliases.py,2,2,0.0
url,https://github.com/python/cpython/tree/3.13/Lib/glob.py,2,2,0.0
url,https://github.com/python/cpython/tree/3.13/Lib/http/client.py,2,2,0.0
url,https://github.com/python/cpython/tree/3.13/Lib/logging/__init__.py,2,2,0.0
url,https://github.com/python/cpython/tree/3.13/Lib/logging/config.py,2,2,0.0
url,https://github.com/python/cpython/tree/3.13/Lib/pydoc.py,2,2,0.0
url,https://github.com/python/cpython/tree/3.13/Lib/queue.py,2,2,0.0
url,https://github.com/python/cpython/tree/3.13/Lib/shutil.py,2,2,0.0
url,https://github.com/python/cpython/tree/3.13/Lib/socketserver.py,2,2,0.0
url,https://github.com/python/cpython/tree/3.13/Lib/tarfile.py,2,2,0.0
url,https://github.com/python/cpython/tree/3.13/Lib/textwrap.py,2,2,0.0
url,https://github.com/python/cpython/tree/3.13/Lib/tkinter/colorchooser.py,2,2,0.0
url,https://github.com/python/cpython/tree/3.13/Lib/tkinter/messagebox.py,2,3,0.0
url,https://github.com/python/cpython/tree/3.13/Lib/tomllib,2,2,0.0
url,https://github.com/python/cpython/tree/3.13/Lib/tracemalloc.py,2,2,0.0
url,https://github.com/python/cpython/tree/3.13/Lib/xmlrpc/client.py,2,2,0.0
url,https://github.com/python/cpython/tree/3.13/Lib/xmlrpc/server.py,2,2,0.0
url,https://github.com/python/cpython/tree/3.13/Lib/zipfile/,2,2,0.0
url,https://issuetracker.google.com/issues/128554619#comment4,2,2,0.0
url,https://manpages.debian.org/open(2),2,2,0.0
url,https://manpages.debian.org/options(3),2,2,0.0
url,https://manpages.debian.org/setsockopt(2),2,2,0.0
url,https://manpages.debian.org/termios(3),2,2,0.0
url,https://manpages.debian.org/vsock(7),2,2,0.0
url,https://more-itertools.readthedocs.io/en/stable/api.html#more_itertools.before_and_after,2,2,0.0
url,https://peps.python.org/pep-0238/,2,2,0.0
url,https://peps.python.org/pep-0305/,2,2,0.0
url,https://peps.python.org/pep-0342/,2,2,0.0
url,https://peps.python.org/pep-0383/,2,2,0.0
url,https://peps.python.org/pep-0387/,2,2,0.0
url,https://peps.python.org/pep-0405/,2,2,0.0
url,https://peps.python.org/pep-0414/,2,2,0.0
url,https://peps.python.org/pep-0475/,2,2,0.0
url,https://peps.python.org/pep-0498/,2,2,0.0
url,https://peps.python.org/pep-0506/,2,2,0.0
url,https://peps.python.org/pep-0526/,2,2,0.0
url,https://peps.python.org/pep-0604/,2,2,0.0
url,https://peps.python.org/pep-0688/,2,3,0.0
url,https://peps.python.org/pep-3134/,2,2,0.0
