name,unique_entrances,total_entrances,visit_duration
/3.14/whatsnew/3.14.html,534,550,126
/3/,422,425,376
/3.14/using/windows.html,153,155,84
/3.14/tutorial/index.html,146,152,194
/3.14/,51,53,39
/zh-cn/3/,25,25,351
/3.14/index.html,24,25,61
/3.13/using/windows.html,15,15,779
/3/whatsnew/3.13.html,15,15,321
/3.14/tutorial/,14,14,187
/3/tutorial/index.html,14,14,1292
/3.13/tutorial/index.html,12,12,388
/3.13/whatsnew/3.13.html,12,12,940
/3.14/tutorial/interpreter.html,12,14,96
/zh-cn/3.14/tutorial/index.html,12,12,83
/3.13/index.html,11,11,244
/3/library/idle.html,11,11,492
/3.13/,10,10,548
/3.14/library/index.html,10,10,110
/3.14/reference/compound_stmts.html,10,11,220
/3.14/tutorial/controlflow.html,10,11,0
/3/library/functions.html,9,9,652
/zh-cn/3.14/whatsnew/,9,9,8
/3.14/library/functions.html,8,8,55
/3.14/whatsnew/changelog.html,8,9,148
/zh-cn/3.14/,8,9,33
/zh-cn/3.14/library/functions.html,8,8,881
/zh-cn/3/library/index.html,8,8,520
/3.14/library/uuid.html,7,7,26
/3.14/search.html,7,7,706
/3.14/tutorial/appetite.html,7,10,36
/3/index.html,7,7,673
/3/library/index.html,7,7,1584
/it/3.14/whatsnew/3.14.html,7,7,44
/ja/3/,7,7,368
/zh-cn/3.13/tutorial/index.html,7,7,518
/zh-cn/3.14/library/index.html,7,7,371
/zh-cn/3.14/whatsnew/3.14.html,7,7,3
/3/tutorial/,6,6,254
/3/tutorial/datastructures.html,6,6,1375
/3/whatsnew/index.html,6,6,100
/es/3/,6,7,386
/zh-cn/3.14/tutorial/,6,7,4
/3.14/library/annotationlib.html,5,5,52
/3.14/library/stdtypes.html,5,5,559
/3.14/tutorial/introduction.html,5,5,67
/3/library/multiprocessing.html,5,5,989
/3/library/random.html,5,5,632
/3/library/turtle.html,5,5,69
/3/library/typing.html,5,5,461
/3/library/venv.html,5,5,696
/3/tutorial/controlflow.html,5,5,1839
/pt-br/3/,5,5,454
/zh-cn/3.14/library/ctypes.html,5,5,0
/zh-cn/3.14/tutorial/controlflow.html,5,5,707
/zh-cn/3.14/whatsnew/3.12.html,5,5,0
/3.12/,4,4,4767
/3.14/download.html,4,4,204
/3.14/whatsnew/3.13.html,4,4,147
/3/howto/free-threading-python.html,4,4,326
/3/library/stdtypes.html,4,4,99
/3/library/tkinter.html,4,4,191
/3/py-modindex.html,4,4,170
/3/using/windows.html,4,4,98
/zh-cn/3.14/library/venv.html,4,4,0
/zh-cn/3/tutorial/index.html,4,4,480
/3.14/contents.html,3,3,918
/3.14/glossary.html,3,3,247
/3.14/library/idle.html,3,3,26
/3.14/library/site.html,3,3,0
/3.14/tutorial/datastructures.html,3,3,12
/3/library/math.html,3,3,917
/3/library/string.html,3,3,1441
/3/tutorial/introduction.html,3,3,875
/3/tutorial/modules.html,3,3,131
/3/tutorial/venv.html,3,3,95
/id/3.14/whatsnew/3.14.html,3,3,0
/ja/3.14/,3,4,68
/ja/3.14/library/index.html,3,3,5
/ja/3.14/library/tkinter.ttk.html,3,3,2
/zh-cn/3.14/index.html,3,3,1189
/zh-cn/3.14/tutorial/introduction.html,3,3,0
/3.12/using/windows.html,2,2,1350
/3.12/whatsnew/3.12.html,2,2,919
/3.14/installing/index.html,2,2,48
/3.14/library/collections.html,2,2,0
/3.14/library/exceptions.html,2,2,0
/3.14/library/ipaddress.html,2,3,0
/3.14/library/string.html,2,2,418
/3.14/library/time.html,2,2,0
/3.14/license.html,2,2,878
/3.14/py-modindex.html,2,2,0
/3.14/reference/index.html,2,3,56
/3.14/reference/lexical_analysis.html,2,7,1
/3.14/using/cmdline.html,2,2,0
/3.14/whatsnew/index.html,2,2,0
/3/library/,2,2,356
/3/library/abc.html,2,2,2754
/3/library/argparse.html,2,2,2115
/3/library/asyncio-sync.html,2,2,911
/3/library/collections.html,2,2,838
/3/library/csv.html,2,2,2067
/3/library/exceptions.html,2,2,528
/3/library/inspect.html,2,2,174
/3/library/json.html,2,2,1119
/3/library/os.html,2,2,356
/3/library/re.html,2,2,192
/3/library/sqlite3.html,2,2,1534
/3/library/subprocess.html,2,2,1356
/3/library/tkinter.ttk.html,2,2,3841
/3/license.html,2,2,719
/3/reference/expressions.html,2,2,2116
/3/using/index.html,2,2,1456
/3/using/mac.html,2,2,198
/3/whatsnew/3.11.html,2,2,128
/3/whatsnew/3.12.html,2,2,300
/3/whatsnew/changelog.html,2,2,516
/es/3.14/library/stdtypes.html,2,3,288
/es/3.14/tutorial/index.html,2,3,0
/es/3/tutorial/,2,2,394
/es/dev/tutorial/controlflow.html,2,2,37
/fr/3/,2,2,88
/ja/3.13/library/index.html,2,2,1412
/ja/3.13/whatsnew/index.html,2,2,8
/ja/3.14/tutorial/controlflow.html,2,3,284
/ja/3.14/tutorial/interpreter.html,2,3,0
/ja/3/index.html,2,2,31
/pt-br/3.14/tutorial/interpreter.html,2,2,0
/zh-cn/3.13/whatsnew/3.13.html,2,2,2012
/zh-cn/3.14/c-api/memory.html,2,2,0
/zh-cn/3.14/library/,2,3,0
/zh-cn/3.14/library/asyncio-runner.html,2,2,0
/zh-cn/3.14/library/datetime.html,2,2,0
/zh-cn/3.14/library/os.html,2,3,0
/zh-cn/3.14/library/py_compile.html,2,2,0
/zh-cn/3.14/library/socket.html,2,2,0
/zh-cn/3.14/library/time.html,2,2,38
/zh-cn/3.14/library/tkinter.ttk.html,2,2,667
/zh-cn/3.14/search.html,2,2,104
/zh-cn/3.14/tutorial/appetite.html,2,2,0
/zh-cn/3.14/tutorial/datastructures.html,2,2,122
/zh-cn/3.14/tutorial/interpreter.html,2,2,14
/zh-cn/3.14/tutorial/stdlib2.html,2,3,0
/zh-cn/3.14/using/windows.html,2,2,8
/zh-cn/3/library/functions.html,2,2,592
/zh-cn/3/library/tkinter.ttk.html,2,2,468
/zh-cn/dev/whatsnew/3.13.html,2,2,652
/zh-tw/3.14/,2,2,0
/3.12/library/glob.html,1,1,1576
/3.12/library/random.html,1,1,505
/3.12/library/tempfile.html,1,1,1157
/3.12/reference/simple_stmts.html,1,1,59
/3.12/tutorial/appetite.html,1,1,86
/3.12/tutorial/index.html,1,1,57
/3.13/c-api/init_config.html,1,1,1393
/3.13/genindex-D.html,1,1,54
/3.13/library/sys.html,1,1,57
/3.13/search.html,1,1,787
/3.13/tutorial/,1,1,296
/3.13/whatsnew/changelog.html,1,1,793
/3.14/c-api/capsule.html,1,1,0
/3.14/c-api/codec.html,1,1,24
/3.14/c-api/index.html,1,1,506
/3.14/extending/extending.html,1,1,0
/3.14/extending/newtypes_tutorial.html,1,1,0
/3.14/faq/windows.html,1,1,0
/3.14/howto/argparse.html,1,1,24
/3.14/howto/curses.html,1,1,0
/3.14/howto/descriptor.html,1,1,0
/3.14/howto/free-threading-extensions.html,1,1,0
/3.14/library/,1,1,35
/3.14/library/__future__.html,1,1,0
/3.14/library/ast.html,1,1,0
/3.14/library/asyncio-eventloop.html,1,1,0
/3.14/library/asyncio-policy.html,1,1,610
/3.14/library/asyncio-queue.html,1,1,0
/3.14/library/codecs.html,1,1,0
/3.14/library/concurrent.futures.html,1,1,41
/3.14/library/copy.html,1,1,0
/3.14/library/datetime.html,1,1,258
/3.14/library/functools.html,1,1,3
/3.14/library/graphlib.html,1,1,0
/3.14/library/importlib.html,1,1,135
/3.14/library/inspect.html,1,1,1239
/3.14/library/itertools.html,1,1,0
/3.14/library/json.html,1,1,0
/3.14/library/keyword.html,1,1,0
/3.14/library/math.html,1,1,0
/3.14/library/multiprocessing.shared_memory.html,1,1,0
/3.14/library/numeric.html,1,2,0
/3.14/library/operator.html,1,1,1763
/3.14/library/pathlib.html,1,1,1163
/3.14/library/queue.html,1,1,7
/3.14/library/struct.html,1,1,0
/3.14/library/subprocess.html,1,1,0
/3.14/library/sys.monitoring.html,1,1,0
/3.14/library/tarfile.html,1,1,84
/3.14/library/turtle.html,1,1,0
/3.14/reference/datamodel.html,1,1,0
/3.14/reference/import.html,1,1,4
/3.14/tutorial/appendix.html,1,1,485
/3.14/tutorial/errors.html,1,1,0
/3.14/tutorial/venv.html,1,1,48
/3.14/using/android.html,1,1,104
/3.14/using/configure.html,1,1,0
/3.14/using/unix.html,1,1,4
/3.14/whatsnew/,1,1,0
/3/c-api/index.html,1,1,41
/3/contents.html,1,1,197
/3/deprecations/pending-removal-in-3.15.html,1,1,28
/3/faq/,1,1,12
/3/faq/windows.html,1,1,290
/3/glossary.html,1,1,91
/3/howto/logging-cookbook.html,1,1,73
/3/howto/pyporting.html,1,1,127
/3/howto/regex.html,1,1,186
/3/library/_thread.html,1,1,1958
/3/library/array.html,1,1,2091
/3/library/ast.html,1,1,1317
/3/library/asyncio-eventloop.html,1,1,742
/3/library/asyncio-future.html,1,1,1928
/3/library/asyncio-task.html,1,1,1310
/3/library/base64.html,1,1,454
/3/library/bisect.html,1,1,1451
/3/library/constants.html,1,1,755
/3/library/datetime.html,1,1,53
/3/library/difflib.html,1,1,717
/3/library/enum.html,1,1,878
/3/library/fileinput.html,1,1,754
/3/library/hashlib.html,1,1,261
/3/library/heapq.html,1,1,1244
/3/library/importlib.resources.html,1,1,249
/3/library/internet.html,1,1,1474
/3/library/os.path.html,1,1,2796
/3/library/pathlib.html,1,1,2398
/3/library/smtplib.html,1,1,113
/3/library/socket.html,1,1,9
/3/library/ssl.html,1,1,34
/3/library/stat.html,1,1,28687
/3/library/sys_path_init.html,1,1,2289
/3/library/unittest.html,1,1,85
/3/library/unittest.mock.html,1,1,8778
/3/library/urllib.html,1,1,471
/3/library/zipfile.html,1,1,844
/3/reference/datamodel.html,1,1,73
/3/reference/index.html,1,1,42
/3/reference/lexical_analysis.html,1,1,215
/3/search.html,1,1,13
/3/tutorial/appetite.html,1,1,14
/3/tutorial/classes.html,1,1,23
/3/tutorial/errors.html,1,1,135
/3/tutorial/interpreter.html,1,1,322
/3/using/configure.html,1,1,1282
/3/using/unix.html,1,1,943
/3/whatsnew/3.8.html,1,1,185
/dev/,1,1,40
/dev/whatsnew/3.13.html,1,1,173
/es/3.13/contents.html,1,1,53
/es/3.14/c-api/frame.html,1,1,243
/es/3.14/library/datetime.html,1,1,0
/es/3.14/library/index.html,1,1,1474
/es/3.14/library/math.html,1,1,0
/es/3.14/library/tkinter.ttk.html,1,1,2899
/es/3.14/library/traceback.html,1,1,405
/es/3.14/tutorial/,1,1,0
/es/3.14/tutorial/classes.html,1,2,0
/es/3.14/tutorial/datastructures.html,1,1,0
/es/3.14/whatsnew/3.14.html,1,1,0
/es/3.14/whatsnew/index.html,1,1,0
/es/3/tutorial/errors.html,1,1,24
/es/3/tutorial/index.html,1,1,79
/es/dev/faq/programming.html,1,1,3726
/es/dev/library/operator.html,1,1,62
/es/dev/tutorial/datastructures.html,1,1,5
/fr/3.14/library/functions.html,1,1,9
/fr/3.14/library/unittest.html,1,2,216
/fr/dev/tutorial/whatnow.html,1,1,1371
/id/3.14/library/multiprocessing.shared_memory.html,1,1,0
/id/3.14/tutorial/classes.html,1,1,0
/it/3.13/tutorial/,1,1,58
/it/3.14/tutorial/floatingpoint.html,1,1,420
/ja/3.13/glossary.html,1,1,59
/ja/3.13/library/codecs.html,1,1,3013
/ja/3.13/library/datatypes.html,1,1,331
/ja/3.13/library/functions.html,1,1,3240
/ja/3.13/library/re.html,1,1,904
/ja/3.13/library/tkinter.html,1,1,99
/ja/3.13/tutorial/index.html,1,1,2435
/ja/3.13/using/windows.html,1,1,108
/ja/3.14/library/bdb.html,1,1,16
/ja/3.14/library/codecs.html,1,1,433
/ja/3.14/library/ctypes.html,1,1,0
/ja/3.14/library/curses.html,1,1,0
/ja/3.14/library/dialog.html,1,1,0
/ja/3.14/library/functions.html,1,1,0
/ja/3.14/library/itertools.html,1,1,0
/ja/3.14/library/sqlite3.html,1,1,0
/ja/3.14/reference/compound_stmts.html,1,1,2299
/ja/3.14/search.html,1,1,424
/ja/3.14/tutorial/introduction.html,1,1,0
