name,visitors
California,58
Tokyo,48
England,36
New York,32
Guangdong,30
Maharashtra,29
Beijing,28
Karnataka,28
Tamil Nadu,28
Shanghai,27
São Paulo,26
Moscow,23
Texas,21
Telangāna,20
Seoul,20
Ontario,18
Illinois,17
Delhi,16
Zhejiang,15
Hesse,15
Georgia,15
Virginia,15
North Rhine-Westphalia,14
Shandong,13
West Bengal,13
North Holland,13
Jiangsu,12
Punjab,12
New Jersey,12
Ho Chi Minh City,12
Henan,11
Florida,11
Pennsylvania,11
Washington,11
Santiago Metropolitan,10
Île-de-France,10
Tel Aviv,10
Istanbul,10
Massachusetts,10
Sichuan,9
Cairo,9
Gujarat,9
Kanagawa,9
Osaka,9
Mazovia,9
Taipei,9
North Carolina,9
Uttar Pradesh,8
Lombardy,8
Aichi,8
Nairobi County,8
Kyiv,8
New South Wales,7
Quebec,7
Hubei,7
Capital District,7
Baden-Württemberg,7
Jakarta,7
Leinster,7
Kerala,7
Western,7
Oregon,7
Tashkent,7
Hanoi,7
Vienna,6
Paraná,6
Zürich,6
Chongqing,6
Bavaria,6
Gyeonggi,6
Ciudad de Mexico,6
Colorado,6
Michigan,6
Wisconsin,6
Yerevan,5
Victoria,5
Baku,5
Rio de Janeiro,5
Minsk,5
British Columbia,5
Hebei,5
Antioquia,5
Berlin,5
Catalonia,5
Madrid Autonomous Community,5
Uusimaa,5
Andhra Pradesh,5
Madhya Pradesh,5
Hormozgan,5
Lazio,5
Mexico State,5
South Holland,5
Silesia,5
Saint Petersburg,5
Zaporizhzhya,5
Indiana,5
Maryland,5
Missouri,5
Tennessee,5
Dhaka Division,4
Alagoas,4
Ceará,4
Minas Gerais,4
Santa Catarina,4
Manitoba,4
Fujian,4
Prague,4
Andalusia,4
Brittany,4
Wales,4
Banten,4
Jerusalem,4
Odisha,4
Rajasthan,4
Bishkek,4
Astana,4
Vilnius County,4
Federal Capital Territory,4
Sindh,4
Tatarstan,4
Riyadh,4
Makkah,4
San Salvador,4
New Taipei,4
Taoyuan,4
Taichung,4
Arizona,4
New Hampshire,4
Gauteng,4
Dubai,3
Buenos Aires Province,3
Cochabamba,3
Bahia,3
Federal District,3
Abidjan,3
Anhui,3
Heilongjiang,3
Jiangxi,3
Shaanxi,3
Shanxi,3
South Moravia,3
Auvergne-Rhône-Alpes,3
Burgundy-Franche-Comté,3
Scotland,3
Greater Accra,3
Attica,3
Bali,3
West Java,3
Bihar,3
Incheon,3
Almaty City,3
Jalisco,3
Nuevo León,3
Puebla,3
Lagos,3
Province 3,3
Panamá,3
Pomerania,3
Greater Poland,3
Beograd,3
Nizhny Novgorod,3
Eastern,3
Uppsala,3
Dnipropetrovshchyna,3
Ternopilshchyna,3
Connecticut,3
Córdoba,2
Queensland,2
Rajshahi Division,2
Varna,2
Sofia,2
Pernambuco,2
Rio Grande do Sul,2
Nova Scotia,2
Kinshasa,2
Brazzaville,2
Hunan,2
Inner Mongolia,2
Atlántico,2
San José,2
Nicosia,2
Hamburg,2
Djibouti,2
Santo Domingo,2
Khenchela,2
Guayas,2
Giza,2
Galicia,2
Addis Ababa,2
Centre-Val de Loire,2
Grand-Est,2
Provence-Alpes-Côte-d'Azur,2
Tbilisi,2
Baranya,2
Aceh,2
East Java,2
Central Java,2
South Sulawesi,2
Central,2
Haryana,2
Jharkhand,2
Punjab,2
Puducherry,2
Baghdad,2
Emilia-Romagna,2
Saitama,2
Fukuoka,2
Daejeon,2
Oriental,2
Meknès-Tafilalet,2
Southern,2
Penang,2
Kuala Lumpur,2
Limburg,2
North Brabant,2
Utrecht,2
Oslo,2
Arequipa,2
Lima Region,2
Lima,2
Northern Mindanao,2
Lower Silesia,2
Lesser Poland,2
Lisbon,2
Bashkortostan,2
Leningrad,2
Moscow Province,2
Samara,2
Sverdlovsk,2
Al Madinah,2
Stockholm,2
Skåne,2
Bangkok,2
Phuket,2
Tunis,2
Ankara,2
Kocaeli,2
Hsinchu County,2
Miaoli,2
Tainan,2
Kyivshchyna,2
Kharkivshchyna,2
Washington DC,2
Hawaii,2
New Mexico,2
Nevada,2
Ohio,2
Oklahoma,2
Utah,2
Vermont,2
Ajman,1
Abu Dhabi,1
Ras al-Khaimah,1
Kabul,1
Korçë County,1
Tirana County,1
Luanda,1
Entre Ríos,1
Chaco,1
San Juan,1
La Pampa,1
Mendoza,1
Santa Fe,1
Chubut,1
Tierra del Fuego,1
Jujuy,1
Lower Austria,1
Styria,1
Brussels,1
Flanders,1
Wallonia,1
Centre,1
Burgas,1
Muharraq,1
BM-HC,1
Santa Cruz,1
Amazonas,1
Goiás,1
Mato Grosso do Sul,1
Pará,1
Paraíba,1
Piauí,1
Rio Grande do Norte,1
Tocantins,1
Vitebsk,1
Alberta,1
Saskatchewan,1
Bern,1
Vaud,1
Valais,1
Bío Bío,1
Coquimbo,1
Littoral,1
Guangxi,1
Guizhou,1
Yunnan,1
Córdoba,1
Cundinamarca,1
Alajuela,1
Moravia-Silesia,1
