name,visitors,pageviews,bounce_rate,time_on_page,scroll_depth
/3.13/tutorial/index.html,5537,6172,70,42,48
/3.13/using/windows.html,4027,4655,74,44,24
/3.13/,1673,1968,52,233,77
/3.13/index.html,1563,1559,57,32,72
/3.13/whatsnew/3.13.html,1003,1003,71,43,13
/3.13/tutorial/interpreter.html,932,880,72,64,70
/3.13/tutorial/appetite.html,878,769,61,58,84
/3.13/tutorial/,837,1011,61,40,55
/zh-cn/3.13/tutorial/index.html,772,992,50,39,62
/zh-cn/3.13/,566,692,34,23,80
/3.13/tutorial/introduction.html,513,499,75,230,60
/ja/3.13/c-api/capsule.html,507,557,87,5,31
/3.13/search.html,475,647,42,24,52
/3.13/library/index.html,415,435,45,53,41
/zh-cn/3.13/library/index.html,337,469,39,57,57
/3.13/tutorial/controlflow.html,329,320,76,220,43
/zh-cn/3.13/tutorial/interpreter.html,307,298,68,84,81
/3.13/library/functions.html,305,296,87,75,48
/3.13/library/stdtypes.html,281,284,83,112,44
/zh-cn/3.13/tutorial/introduction.html,266,264,76,215,62
/zh-cn/3.13/tutorial/controlflow.html,259,261,70,164,50
/zh-cn/3.13/tutorial/appetite.html,236,202,53,66,89
/fr/3.13/tutorial/index.html,227,305,54,48,55
/es/3.13/library/tkinter.html,215,232,80,70,33
/zh-cn/3.13/using/index.html,207,229,60,22,81
/zh-cn/3.13/index.html,205,229,26,23,82
/zh-cn/3.13/library/functions.html,205,196,72,135,41
/3.13/reference/index.html,201,220,42,82,69
/3.13/installing/index.html,184,151,62,42,69
/zh-cn/3.13/library/stdtypes.html,177,177,82,92,43
/ja/3.13/tutorial/,176,279,52,37,60
/es/3.13/tutorial/index.html,175,192,71,47,42
/es/3.13/,165,180,42,28,75
/ja/3.13/library/functions.html,165,179,77,283,47
/pt-br/3.13/tutorial/index.html,161,216,50,50,62
/zh-tw/3.13/tutorial/index.html,156,246,56,41,65
/zh-cn/3.13/search.html,155,221,53,81,55
/3.13/tutorial/datastructures.html,151,148,77,101,46
/3.13/glossary.html,148,136,66,67,43
/zh-cn/3.13/tutorial/datastructures.html,147,142,77,181,58
/zh-cn/3.13/glossary.html,145,140,57,88,43
/ja/3.13/library/re.html,140,153,88,57,40
/zh-cn/3.13/reference/index.html,139,179,42,34,70
/3.13/using/index.html,138,143,36,27,77
/ja/3.13/library/index.html,138,301,57,79,51
/es/3.13/library/index.html,125,137,71,56,40
/3.13/tutorial/modules.html,123,114,59,104,51
/ja/3.13/library/stdtypes.html,123,127,62,59,34
/zh-cn/3.13/tutorial/,120,121,61,104,57
/zh-cn/3.13/using/windows.html,120,101,76,67,45
/3.13/using/cmdline.html,116,89,52,55,34
/pt-br/3.13/library/index.html,116,161,61,49,46
/zh-cn/3.13/contents.html,114,118,43,44,16
/ja/3.13/library/datetime.html,111,122,75,47,32
/zh-cn/3.13/whatsnew/3.13.html,111,93,77,83,32
/zh-cn/3.13/installing/index.html,106,92,95,59,67
/3.13/py-modindex.html,105,103,69,33,47
/es/3.13/search.html,105,125,51,18,51
/zh-cn/3.13/tutorial/classes.html,105,89,75,329,48
/es/3.13/library/functions.html,103,108,78,98,38
/zh-cn/3.13/download.html,103,82,75,24,93
/zh-cn/3.13/using/cmdline.html,101,93,67,57,39
/3.13/library/,100,114,71,15,31
/3.13/contents.html,99,100,39,35,12
/ja/3.13/tutorial/interpreter.html,99,101,64,52,79
/zh-cn/3.13/library/venv.html,97,89,95,71,33
/ja/3.13/library/subprocess.html,94,115,84,39,32
/zh-cn/3.13/tutorial/modules.html,94,83,45,293,61
/zh-cn/3.13/tutorial/inputoutput.html,93,86,57,196,63
/3.13/download.html,92,85,65,36,85
/ja/3.13/library/logging.html,91,105,79,77,43
/es/3.13/tutorial/introduction.html,87,89,83,109,53
/3.13/tutorial/classes.html,85,84,73,163,47
/3.13/library/datetime.html,84,75,82,190,40
/fr/3.13/tutorial/introduction.html,84,83,80,157,73
/ja/3.13/library/pathlib.html,84,83,80,29,46
/pt-br/3.13/,84,96,48,25,74
/ja/3.13/library/csv.html,81,86,86,63,41
/es/3.13/tutorial/classes.html,80,75,86,99,36
/fr/3.13/tutorial/interpreter.html,80,75,70,89,77
/ko/3.13/tutorial/index.html,80,101,59,47,53
/zh-cn/3.13/reference/lexical_analysis.html,80,72,38,108,68
/ja/3.13/search.html,79,140,22,18,51
/3.13/tutorial/appendix.html,78,64,61,61,73
/es/3.13/tutorial/venv.html,77,76,92,47,59
/fr/3.13/tutorial/appetite.html,77,66,50,65,90
/zh-cn/3.13/reference/datamodel.html,77,79,83,158,58
/es/3.13/tutorial/interpreter.html,76,78,85,95,74
/ja/3.13/library/argparse.html,75,80,85,90,32
/3.13/library/idle.html,74,74,90,27,23
/ja/3.13/tutorial/controlflow.html,74,70,82,148,36
/zh-cn/3.13/tutorial/errors.html,74,64,75,186,45
/3.13/reference/lexical_analysis.html,73,58,47,126,69
/zh-cn/3.13/py-modindex.html,73,70,20,15,49
/es/3.13/library/stdtypes.html,72,76,87,127,33
/zh-cn/3.13/using/,72,74,66,29,76
/3.13/library/tkinter.html,71,74,76,42,40
/ja/3.13/tutorial/appetite.html,71,70,52,39,89
/ja/3.13/tutorial/index.html,71,88,53,25,61
/es/3.13/tutorial/controlflow.html,70,76,83,122,39
