name,unique_exits,total_exits,exit_rate
/ja/latest/guides/installing-using-pip-and-virtual-environments/,51,54,
/ja/latest/tutorials/installing-packages/,46,46,
/ja/latest/guides/writing-pyproject-toml/,17,17,
/ja/latest/tutorials/packaging-projects/,7,7,
/en/latest/tutorials/installing-packages/,5,5,
/ja/latest/discussions/setup-py-deprecated/,5,5,
/ja/latest/discussions/src-layout-vs-flat-layout/,4,5,
/ja/latest/guides/publishing-package-distribution-releases-using-github-actions-ci-cd-workflows/,4,4,
/en/latest/guides/installing-using-pip-and-virtual-environments/,3,3,
/en/latest/guides/writing-pyproject-toml/,3,3,
/en/latest/tutorials/packaging-projects/,2,2,
/ja/latest/guides/index-mirrors-and-caches/,2,2,
/ja/latest/guides/installing-using-linux-tools/,2,2,
/ja/latest/guides/tool-recommendations/,2,2,
/ja/latest/guides/using-testpypi/,2,3,
/ja/latest/specifications/inline-script-metadata/,2,2,
/ja/latest/tutorials/managing-dependencies/,2,2,
/en/latest/,1,1,
/en/latest/discussions/pip-vs-easy-install/,1,1,
/en/latest/key_projects/,1,1,
/en/latest/specifications/,1,1,
/en/latest/specifications/pypirc/,1,1,
/ja/latest/discussions/deploying-python-applications/,1,1,
/ja/latest/discussions/pip-vs-easy-install/,1,1,
/ja/latest/discussions/versioning/,1,1,
/ja/latest/glossary/,1,1,
/ja/latest/guides/dropping-older-python-versions/,1,1,
/ja/latest/key_projects/,1,1,
/ja/latest/specifications/binary-distribution-format/,1,1,
/ja/latest/specifications/core-metadata/,1,1,
/ja/latest/specifications/direct-url-data-structure/,1,1,
/ja/latest/specifications/externally-managed-environments/,1,1,
/ja/latest/specifications/platform-compatibility-tags/,1,1,
/ja/latest/specifications/pyproject-toml/,1,1,
/ja/latest/tutorials/,1,1,
/pt-br/latest/guides/packaging-namespace-packages/,1,1,
/pt-br/latest/tutorials/installing-packages/,1,1,
