name,unique_exits,total_exits,exit_rate
/3.12/,220,231,
/3.12/tutorial/index.html,142,143,
/3.12/using/windows.html,128,130,
/3.12/library/functions.html,102,105,
/3.12/whatsnew/3.12.html,87,86,
/3.12/library/stdtypes.html,65,68,
/3.12/search.html,47,49,
/3.12/tutorial/,44,55,
/3.12/library/,40,41,
/3/,39,38,
/3.12/index.html,31,31,
/es/3.12/tutorial/index.html,30,31,
/3.12/library/index.html,27,27,
/3.12/tutorial/introduction.html,25,28,
/zh-cn/3.12/tutorial/index.html,25,25,
/3.12/library/crypt.html,24,23,
/3.12/library/datetime.html,23,23,
/3.12/tutorial/interpreter.html,22,22,
/3.12/library/typing.html,20,20,
/3.12/tutorial/controlflow.html,20,21,
/3.12/tutorial/datastructures.html,20,20,
/3.12/library/re.html,18,21,
/3.12/download.html,17,17,
/3.12/library/exceptions.html,17,17,
/3.12/library/dis.html,16,19,
/3.12/library/tkinter.html,15,15,
/3.12/library/itertools.html,14,15,
/3.12/library/math.html,14,14,
/3.12/library/2to3.html,13,12,
/3.12/library/json.html,13,11,
/3.12/library/os.html,13,14,
/3.12/tutorial/appetite.html,13,13,
/3.12/installing/index.html,12,12,
/zh-cn/3.12/,12,12,
/zh-cn/3.12/download.html,12,13,
/3.12/library/pathlib.html,11,10,
/dev/using/windows.html,11,11,
/es/3.12/tutorial/controlflow.html,11,13,
/zh-cn/3.12/using/mac.html,11,11,
/zh-cn/3.12/tutorial/introduction.html,10,10,
/3.12/library/intro.html,9,13,
/3.12/library/os.path.html,9,10,
/3.12/library/random.html,9,9,
/3.12/reference/datamodel.html,9,8,
/zh-cn/3.12/library/index.html,9,10,
/zh-cn/3.12/tutorial/controlflow.html,9,10,
/3.12/library/enum.html,8,8,
/3.12/library/telnetlib.html,8,9,
/3.12/library/venv.html,8,9,
/3.12/library/asyncio-task.html,7,7,
/3.12/library/multiprocessing.html,7,7,
/3.12/library/string.html,7,7,
/3.12/library/subprocess.html,7,8,
/3.12/library/turtle.html,7,8,
/3.12/tutorial/modules.html,7,6,
/3/tutorial/modules.html,7,7,
/zh-cn/3.12/library/stdtypes.html,7,7,
/3.12/glossary.html,6,5,
/3.12/library/ast.html,6,6,
/3.12/library/cgi.html,6,7,
/3.12/library/collections.html,6,6,
/3.12/library/csv.html,6,6,
/3.12/library/io.html,6,7,
/3.12/library/shutil.html,6,6,
/3.12/library/sqlite3.html,6,6,
/3.12/library/threading.html,6,6,
/3.12/reference/index.html,6,6,
/3.12/tutorial/inputoutput.html,6,7,
/es/3.12/tutorial/interpreter.html,6,6,
/zh-cn/3.12/library/functions.html,6,7,
/3.12/library/asyncio-eventloop.html,5,5,
/3.12/library/asyncio.html,5,5,
/3.12/library/idle.html,5,5,
/3.12/library/logging.html,5,5,
/3.12/library/socket.html,5,5,
/3.12/library/sys.html,5,5,
/3.12/library/time.html,5,5,
/3.12/library/unittest.mock.html,5,5,
/3.12/tutorial/classes.html,5,5,
/3.12/using/index.html,5,5,
/3.14/whatsnew/3.14.html,5,3,
/3/library/stdtypes.html,5,4,
/3/search.html,5,5,
/es/3.12/tutorial/classes.html,5,5,
/zh-cn/3.12/library/heapq.html,5,5,
/zh-cn/3.12/library/logging.html,5,5,
/zh-tw/3.12/using/mac.html,5,6,
/3.12/library/abc.html,4,4,
/3.12/library/ctypes.html,4,4,
/3.12/library/curses.html,4,5,
/3.12/library/hashlib.html,4,4,
/3.12/library/inspect.html,4,2,
/3.12/library/urllib.html,4,5,
/3.12/tutorial/stdlib.html,4,4,
/3.12/tutorial/venv.html,4,4,
/3.12/using/cmdline.html,4,4,
/3/glossary.html,4,3,
/3/library/exceptions.html,4,4,
/3/library/index.html,4,4,
/3/library/json.html,4,4,
