name,visitors
Seoul,88
N/A,37
Seongnam-si,31
N/A,28
Goyang-si,25
N/A,22
Suwon,19
N/A,19
Hwaseong-si,18
Cheongju-si,18
N/A,17
Singapore,16
N/A,15
N/A,14
N/A,14
N/A,13
Changwon,13
N/A,13
N/A,12
Cheonan,12
N/A,11
N/A,11
N/A,11
N/A,11
N/A,11
N/A,10
N/A,9
N/A,8
Incheon,8
Jeonju,8
N/A,7
Busan,7
Chuncheon,7
Anyang-si,7
N/A,7
N/A,7
Sejong,7
Gwangmyeong,6
N/A,6
N/A,6
N/A,6
N/A,5
Bucheon-si,5
Pohang,5
Namyangju,5
N/A,5
N/A,5
Daegu,4
Kimhae,4
Jeju City,4
Ansan-si,4
The Dalles,4
N/A,4
N/A,4
Shanghai,3
Wŏnju,3
Uijeongbu-si,3
N/A,3
Daejeon,3
Gwangju,3
N/A,3
Gunpo,3
N/A,3
N/A,3
N/A,3
N/A,3
N/A,3
N/A,3
N/A,3
N/A,3
N/A,3
N/A,3
Ho Chi Minh City,2
Hanoi,2
Beijing,2
N/A,2
Eisen,2
N/A,2
N/A,2
N/A,2
N/A,2
N/A,2
Mokpo,2
Gumi,2
Icheon-si,2
Chinju,2
Tokyo,2
Yeosu,2
Zapopan,2
Queens,2
N/A,2
N/A,2
N/A,2
N/A,2
N/A,2
N/A,2
N/A,2
N/A,2
Kampala,1
Râmnicu Vâlcea,1
Kamyanske,1
Istanbul,1
Hyderabad,1
Zhoukou,1
Xinyang,1
Xingtai,1
Ningbo,1
Jinan,1
Chongqing,1
Changyi,1
Hong Kong,1
N/A,1
Yangsan,1
N/A,1
N/A,1
N/A,1
N/A,1
Suncheon,1
N/A,1
N/A,1
N/A,1
Osan,1
Asan,1
Naju,1
Gwangju,1
Guri-si,1
N/A,1
Iksan,1
N/A,1
Hongch’ŏn,1
N/A,1
N/A,1
Anseong,1
Sydney,1
Ulricehamn,1
Nürnberg,1
Lafayette,1
Los Angeles,1
Waterloo,1
Seogwipo,1
N/A,1
N/A,1
N/A,1
N/A,1
N/A,1
N/A,1
N/A,1
N/A,1
