name,visitors
Taipei,451
New Taipei,279
Taichung,152
Kaohsiung,125
Taoyuan,122
Hsinchu County,97
Tainan,74
Hsinchu,44
Changhua,16
Pingtung,11
Hualien,9
Miaoli,9
Yunlin,9
Guangdong,8
Kowloon City Kowloon,8
Chiayi County,8
Chiayi,8
Yilan,7
Nantou,7
Tokyo,5
Taitung,5
Beijing,4
British Columbia,3
Shanghai,3
Kwun Tong Kowloon,3
Keelung,3
Ho Chi Minh City,3
Jiangsu,2
Sichuan,2
Zhejiang,2
England,2
Central and Western Hong Kong Island,2
Sham Shui Po Kowloon,2
Kwai Tsing New Territories,2
Sha Tin New Territories,2
Tai Po New Territories,2
Yuen Long New Territories,2
Jakarta,2
Vienna,1
New South Wales,1
Queensland,1
Victoria,1
Henan,1
Hunan,1
Shaanxi,1
Tianjin,1
Prague,1
Bavaria,1
North Rhine-Westphalia,1
Faiyum,1
Madrid Autonomous Community,1
Sai Kung New Territories,1
Gujarat,1
Kerala,1
Tamil Nadu,1
Gunma,1
Chiba,1
Daejeon,1
Selangor,1
Kuala Lumpur,1
Utrecht,1
Metro Manila,1
Saint Petersburg,1
California,1
Georgia,1
Hanoi,1
