name,unique_entrances,total_entrances,visit_duration
/zh-cn/3/tutorial/index.html,637,658,215
/zh-cn/3/,487,510,184
/3/,371,372,486
/zh-cn/3.13/tutorial/index.html,362,380,245
/zh-cn/3/library/index.html,216,218,190
/zh-cn/3.13/,194,196,275
/zh-cn/3/tutorial/,144,144,231
/zh-cn/3/using/mac.html,131,132,66
/zh-cn/3/tutorial/interpreter.html,108,109,300
/zh-cn/3.13/library/venv.html,104,109,52
/zh-cn/3/library/functions.html,104,108,104
/zh-cn/3/tutorial/controlflow.html,100,101,190
/zh-cn/3/reference/index.html,94,95,152
/zh-cn/3.13/tutorial/controlflow.html,90,94,264
/zh-cn/3/library/idle.html,90,90,15
/zh-cn/3/library/turtle.html,87,91,40
/zh-cn/3/library/math.html,80,82,99
/zh-cn/3/tutorial/introduction.html,77,79,489
/zh-cn/3.13/using/index.html,75,76,82
/zh-cn/3.13/library/index.html,71,73,310
/zh-cn/3.13/tutorial/introduction.html,71,77,190
/zh-cn/3.13/tutorial/interpreter.html,70,71,229
/zh-cn/3/tutorial/appetite.html,70,72,411
/zh-cn/3.13/library/functions.html,67,73,269
/zh-cn/3.13/search.html,66,73,400
/zh-cn/3/library/tk.html,62,63,84
/zh-cn/3.13/tutorial/datastructures.html,59,61,445
/zh-cn/3/library/stdtypes.html,57,61,202
/zh-cn/3/library/multiprocessing.html,56,60,290
/zh-cn/3/index.html,55,57,133
/zh-cn/3.13/tutorial/appetite.html,54,54,485
/zh-cn/3/search.html,53,55,333
/zh-cn/3/tutorial/datastructures.html,53,57,181
/zh-cn/3/using/,50,51,23
/zh-cn/3.12/using/mac.html,48,49,42
/zh-cn/3/library/,47,50,37
/zh-cn/3/tutorial/classes.html,47,47,214
/zh-cn/3/using/index.html,47,47,28
/zh-cn/3/using/windows.html,47,47,37
/zh-cn/3.13/index.html,45,47,288
/zh-cn/3.13/library/stdtypes.html,45,47,451
/zh-cn/3.13/using/android.html,44,44,47
/zh-cn/3.13/installing/index.html,43,43,78
/zh-cn/3.13/tutorial/classes.html,42,42,162
/zh-cn/3.13/tutorial/,40,41,181
/zh-cn/3/tutorial/inputoutput.html,40,41,365
/3/tutorial/index.html,39,39,440
/zh-cn/3/library/venv.html,39,39,0
/3/tutorial/,37,37,179
/zh-cn/3.12/library/index.html,37,38,197
/zh-cn/3.13/contents.html,37,37,425
/zh-cn/3.13/using/,37,37,25
/zh-cn/3/contents.html,37,38,198
/zh-cn/3.13/reference/index.html,36,41,261
/zh-cn/3.13/tutorial/errors.html,36,37,299
/zh-cn/3.13/library/re.html,33,33,81
/zh-cn/3.13/tutorial/venv.html,32,32,82
/zh-cn/3.12/,31,34,214
/zh-cn/3.13/glossary.html,31,34,293
/zh-cn/3.13/tutorial/modules.html,31,31,611
/zh-cn/3.13/using/windows.html,30,30,4
/zh-cn/3.13/whatsnew/3.13.html,30,30,330
/zh-cn/3.13/library/typing.html,27,27,277
/zh-cn/3.13/using/mac.html,27,27,82
/zh-cn/3/glossary.html,26,26,187
/zh-cn/3.12/library/venv.html,25,25,0
/zh-cn/3.12/tutorial/index.html,25,25,112
/zh-cn/3.13/library/csv.html,25,25,60
/3/library/functions.html,24,24,158
/zh-cn/3.13/library/asyncio.html,24,24,258
/zh-cn/3/library/random.html,24,26,7
/zh-cn/3/library/re.html,24,24,111
/zh-cn/3.12/library/logging.html,23,23,71
/zh-cn/3.12/library/typing.html,23,23,156
/zh-cn/3.13/library/pdb.html,23,24,32
/zh-cn/3.13/reference/datamodel.html,23,23,155
/zh-cn/3/library/tkinter.html,23,23,13
/zh-cn/3/tutorial/modules.html,23,23,324
/zh-cn/3.12/library/functions.html,22,22,42
/zh-cn/3.13/library/struct.html,22,23,204
/zh-cn/3.13/library/turtle.html,22,23,169
/zh-cn/3/tutorial/errors.html,22,23,214
/zh-cn/3/tutorial/venv.html,22,22,9
/3.13/tutorial/index.html,21,21,118
/zh-cn/3.12/search.html,21,29,183
/zh-cn/3.13/using/cmdline.html,21,21,154
/zh-cn/3/library/asyncio.html,21,21,109
/3.13/,20,20,652
/3.15/,20,21,764
/zh-cn/3.12/library/re.html,20,20,4
/zh-cn/3.13/library/tkinter.html,20,20,238
/zh-cn/3.13/tutorial/inputoutput.html,20,20,105
/zh-cn/3.13/whatsnew/index.html,20,20,345
/zh-cn/3/installing/index.html,20,20,63
/zh-cn/3/library/unittest.html,20,21,0
/zh-cn/3.13/library/argparse.html,19,19,22
/zh-cn/3.13/library/dataclasses.html,19,19,78
/zh-cn/3.13/library/subprocess.html,19,19,61
/zh-cn/3/library/argparse.html,19,20,189
/zh-cn/3/library/os.html,19,20,34
/zh-cn/3.13/library/http.server.html,18,18,43
/zh-cn/3.13/library/logging.html,18,19,82
/zh-cn/3/library/typing.html,18,19,102
/zh-cn/3/reference/datamodel.html,18,18,253
/zh-cn/3/tutorial/stdlib.html,17,17,118
/zh-cn/3.12/library/asyncio-task.html,16,16,224
/zh-cn/3.13/tutorial/stdlib.html,16,16,103
/zh-cn/3/installing/,16,16,28
/zh-cn/3/py-modindex.html,16,17,268
/zh-cn/3/whatsnew/3.13.html,16,16,209
/3.12/,15,15,1176
/3.13/tutorial/,15,15,421
/zh-cn/3.12/library/heapq.html,15,15,50
/zh-cn/3.12/library/stdtypes.html,15,18,562
/zh-cn/3.13/library/asyncio-task.html,15,15,68
/zh-cn/3.13/library/contextlib.html,15,15,19
/zh-cn/3/library/collections.html,15,15,237
/zh-cn/3/using/cmdline.html,15,15,267
/zh-cn/3.12/howto/argparse.html,14,14,50
/zh-cn/3.13/download.html,14,14,205
/zh-cn/3.13/library/concurrent.futures.html,14,15,3
/zh-cn/3.13/library/idle.html,14,14,34
/zh-cn/3.13/library/json.html,14,14,155
/zh-cn/3.13/reference/compound_stmts.html,14,15,193
/zh-cn/3/howto/enum.html,14,15,30
/zh-cn/3/library/logging.html,14,14,48
/zh-cn/3/library/struct.html,14,14,1
/3.13/using/windows.html,13,13,85
/3/library/tkinter.html,13,13,629
/zh-cn/3.12/tutorial/controlflow.html,13,13,124
/zh-cn/3.13/library/math.html,13,14,144
/zh-cn/3.13/library/tk.html,13,13,200
/zh-cn/3.15/,13,13,89
/zh-cn/3/download.html,13,14,187
/zh-cn/3/library/asyncio-task.html,13,13,283
/zh-cn/3/library/json.html,13,13,0
/zh-cn/3.12/library/ctypes.html,12,13,168
/zh-cn/3.12/library/subprocess.html,12,12,0
/zh-cn/3.12/tutorial/classes.html,12,14,103
/zh-cn/3.13/c-api/intro.html,12,12,413
/zh-cn/3.13/library/,12,12,500
/zh-cn/3.13/library/abc.html,12,12,277
/zh-cn/3.13/library/random.html,12,13,83
/zh-cn/3.13/reference/expressions.html,12,12,454
/zh-cn/3.14/using/mac.html,12,12,0
/zh-cn/3/howto/argparse.html,12,13,271
/zh-cn/3/howto/regex.html,12,12,82
/zh-cn/3/library/csv.html,12,12,3
/3/library/asyncio.html,11,11,487
/3/library/index.html,11,11,361
/zh-cn/3.12/library/argparse.html,11,11,60
/zh-cn/3.12/library/unittest.html,11,11,258
/zh-cn/3.13/library/multiprocessing.html,11,11,224
/zh-cn/3.13/library/pickle.html,11,11,56
/zh-cn/3.13/library/unittest.html,11,11,15
/zh-cn/3.13/py-modindex.html,11,11,360
/zh-cn/3/library/importlib.html,11,11,0
/zh-cn/3/library/os.path.html,11,13,458
/zh-cn/3/library/pathlib.html,11,12,41
/zh-cn/3/library/tkinter.ttk.html,11,12,207
/zh-cn/3/library/unittest.mock-examples.html,11,11,122
/3/library/argparse.html,10,11,344
/3/library/idle.html,10,10,74
/zh-cn/3.12/library/asyncio.html,10,11,28
/zh-cn/3.12/library/dataclasses.html,10,10,0
/zh-cn/3.12/library/tempfile.html,10,11,254
/zh-cn/3.12/library/threading.html,10,10,158
/zh-cn/3.12/tutorial/datastructures.html,10,10,236
/zh-cn/3.12/using/index.html,10,10,240
/zh-cn/3.13/howto/argparse.html,10,10,432
/zh-cn/3.13/library/os.html,10,11,194
/zh-cn/3.13/library/pathlib.html,10,10,0
/zh-cn/3.13/library/sqlite3.html,10,10,106
/zh-cn/3.13/library/string.html,10,10,303
/zh-cn/3.13/library/sys.html,10,10,40
/zh-cn/3.13/library/threading.html,10,10,79
/zh-cn/3.13/tutorial/appendix.html,10,11,78
/zh-cn/3.13/tutorial/stdlib2.html,10,10,161
/zh-cn/3.13/using/unix.html,10,10,36
/zh-cn/3.14/tutorial/index.html,10,11,248
/zh-cn/3.14/whatsnew/3.14.html,10,10,3
/zh-cn/3.15/tutorial/index.html,10,10,179
/zh-cn/3/extending/extending.html,10,10,0
/zh-cn/3/library/abc.html,10,10,0
/zh-cn/3/library/ast.html,10,10,7
/zh-cn/3/library/ctypes.html,10,10,0
/zh-cn/3/library/itertools.html,10,10,226
/zh-cn/3/library/urllib.request.html,10,10,137
/zh-cn/3/library/xml.etree.elementtree.html,10,10,8
/zh-cn/3/library/zipfile.html,10,10,6
/zh-cn/3/reference/lexical_analysis.html,10,11,187
/zh-cn/dev/using/mac.html,10,10,3
/3/library/multiprocessing.html,9,9,302
/3/library/typing.html,9,9,190
/zh-cn/3.12/download.html,9,10,28
/zh-cn/3.12/library/multiprocessing.html,9,10,509
/zh-cn/3.13/library/ast.html,9,9,144
/zh-cn/3.13/library/asyncio-eventloop.html,9,9,66
/zh-cn/3.13/library/contextvars.html,9,10,83
/zh-cn/3.13/library/ctypes.html,9,9,2
/zh-cn/3.13/library/dialog.html,9,9,308
/zh-cn/3.13/library/exceptions.html,9,9,266
/zh-cn/3.13/library/multiprocessing.shared_memory.html,9,9,322
/zh-cn/3.13/library/tomllib.html,9,11,300
/zh-cn/3.13/reference/import.html,9,9,27
/zh-cn/3.13/reference/lexical_analysis.html,9,9,40
/zh-cn/3.13/tutorial/whatnow.html,9,9,127
/zh-cn/3/howto/index.html,9,9,446
/zh-cn/3/library/filesys.html,9,9,2
/zh-cn/3/library/threading.html,9,9,867
/zh-cn/3/library/webbrowser.html,9,9,56
/zh-cn/3/reference/simple_stmts.html,9,9,193
/3/library/stdtypes.html,8,8,554
/zh-cn/3.12/library/,8,10,4
/zh-cn/3.12/library/turtle.html,8,8,324
/zh-cn/3.13/howto/index.html,8,8,390
/zh-cn/3.13/library/array.html,8,8,216
/zh-cn/3.13/library/collections.html,8,8,72
/zh-cn/3.13/library/tempfile.html,8,8,10
/zh-cn/3.13/library/xml.etree.elementtree.html,8,9,356
/zh-cn/3.13/reference/simple_stmts.html,8,8,667
/zh-cn/3.13/using/ios.html,8,8,11
/zh-cn/3.14/whatsnew/,8,8,21
/zh-cn/3/library/decimal.html,8,8,91
/zh-cn/3/library/enum.html,8,8,21
/zh-cn/3/library/heapq.html,8,8,10
/zh-cn/3/library/http.server.html,8,8,0
/zh-cn/3/library/pydoc.html,8,8,286
/zh-cn/3/reference/compound_stmts.html,8,8,0
/zh-cn/3/reference/grammar.html,8,8,227
/zh-cn/3/tutorial/stdlib2.html,8,9,17
/zh-cn/dev/whatsnew/3.13.html,8,8,12
/3.14/,7,7,923
/3.14/tutorial/index.html,7,7,487
/3/library/ast.html,7,7,119
/3/library/asyncio-task.html,7,7,744
/3/library/dataclasses.html,7,7,159
/3/search.html,7,7,167
/zh-cn/3.12/contents.html,7,7,213
/zh-cn/3.12/library/asyncio-eventloop.html,7,8,0
/zh-cn/3.12/library/profile.html,7,7,0
/zh-cn/3.12/library/queue.html,7,7,100
/zh-cn/3.13/c-api/datetime.html,7,7,0
/zh-cn/3.13/c-api/index.html,7,7,113
/zh-cn/3.13/extending/extending.html,7,7,245
/zh-cn/3.13/library/__main__.html,7,7,123
/zh-cn/3.13/library/webbrowser.html,7,7,176
/zh-cn/3.14/library/functions.html,7,8,254
/zh-cn/3/genindex.html,7,7,103
/zh-cn/3/library/array.html,7,7,32
/zh-cn/3/library/constants.html,7,7,132
/zh-cn/3/library/copy.html,7,8,62
/zh-cn/3/library/datetime.html,7,8,28
/zh-cn/3/library/exceptions.html,7,7,8
/zh-cn/3/library/http.html,7,7,84
/zh-cn/3/library/intro.html,7,7,240
/zh-cn/3/library/logging.config.html,7,7,284
/zh-cn/3/library/multiprocessing.shared_memory.html,7,8,214
/zh-cn/3/library/pickle.html,7,7,0
/zh-cn/3/library/tkinter.messagebox.html,7,7,276
/zh-cn/3/reference/executionmodel.html,7,7,42
/zh-cn/3/using/editors.html,7,7,0
/zh-cn/3/using/unix.html,7,7,2
/3/download.html,6,6,1184
/3/faq/,6,6,170
/3/library/logging.html,6,6,336
/3/library/random.html,6,6,359
/3/library/subprocess.html,6,6,637
/3/tutorial/datastructures.html,6,6,324
/zh-cn/3.12/howto/regex.html,6,6,154
/zh-cn/3.12/installing/index.html,6,6,585
/zh-cn/3.12/library/ast.html,6,7,65
/zh-cn/3.12/library/datetime.html,6,6,428
/zh-cn/3.12/library/gc.html,6,6,0
/zh-cn/3.12/library/pathlib.html,6,7,460
/zh-cn/3.12/reference/index.html,6,6,103
/zh-cn/3.13/library/copy.html,6,6,36
/zh-cn/3.13/library/datetime.html,6,6,0
/zh-cn/3.13/library/difflib.html,6,6,128
/zh-cn/3.13/library/intro.html,6,6,400
/zh-cn/3.13/library/io.html,6,6,192
/zh-cn/3.13/library/itertools.html,6,6,16
/zh-cn/3.13/library/os.path.html,6,6,169
/zh-cn/3.13/library/secrets.html,6,6,395
/zh-cn/3.13/library/time.html,6,6,0
/zh-cn/3.13/library/tracemalloc.html,6,6,97
/zh-cn/3.13/whatsnew/3.12.html,6,6,1
/zh-cn/3/c-api/arg.html,6,6,0
/zh-cn/3/c-api/exceptions.html,6,6,0
/zh-cn/3/extending/index.html,6,6,555
/zh-cn/3/howto/functional.html,6,6,475
/zh-cn/3/howto/logging-cookbook.html,6,6,0
/zh-cn/3/howto/sorting.html,6,7,6
/zh-cn/3/library/__main__.html,6,6,0
/zh-cn/3/library/dataclasses.html,6,6,0
/zh-cn/3/library/ftplib.html,6,6,0
/zh-cn/3/library/string.html,6,7,84
/zh-cn/3/reference/introduction.html,6,6,147
/zh-cn/3/reference/toplevel_components.html,6,6,26
/3.12/tutorial/index.html,5,5,55
