name,visitors
Chrome,7600
Microsoft Edge,2318
Safari,861
Firefox,841
Yandex Browser,244
Opera,232
Mobile App,103
Smart Lenovo Browser,39
QQ Browser,35
Samsung Browser,31
Quark,25
Avast Secure Browser,15
MIUI Browser,15
vivo Browser,13
Huawei Browser Mobile,8
Whale Browser,8
(not set),7
Huawei Browser,6
Brave,5
UC Browser,4
Sogou Explorer,3
Aloha Browser,2
Chromium,2
Ecosia,2
Kindle Browser,2
Mobile Silk,2
Norton Private Browser,2
AVG Secure Browser,1
CCleaner,1
Opera GX,1
SberBrowser,1
