name,visitors
California,7075
England,6614
New York,3090
Karnataka,2738
Texas,2657
Maharashtra,2645
Île-de-France,2619
Ontario,2560
Moscow,2341
Bavaria,1996
São Paulo,1958
Washington,1792
North Rhine-Westphalia,1770
Massachusetts,1766
Tokyo,1714
Illinois,1643
Hesse,1516
Telangāna,1502
Baden-Württemberg,1486
Tamil Nadu,1451
Virginia,1450
New South Wales,1406
Mazovia,1335
Pennsylvania,1169
Florida,1163
New Jersey,1143
North Holland,1142
Delhi,1139
Maryland,1138
Victoria,1091
Quebec,1047
Colorado,989
Madrid Autonomous Community,986
North Carolina,982
British Columbia,949
Georgia,939
Berlin,926
Zürich,922
Saint Petersburg,853
Lombardy,852
Guangdong,849
Seoul,821
Tel Aviv,809
Michigan,804
Stockholm,789
Oregon,772
Ohio,751
Ho Chi Minh City,710
Uusimaa,701
South Holland,694
Catalonia,674
Taipei,672
Auvergne-Rhône-Alpes,633
Beijing,623
Uttar Pradesh,604
Shanghai,601
Vienna,592
Gujarat,592
Prague,591
Arizona,584
West Bengal,583
Rio de Janeiro,561
Minnesota,542
Lesser Poland,537
Kyiv,524
Leinster,517
Flanders,515
Utah,512
Gyeonggi,510
Ciudad de Mexico,503
Hanoi,489
Buenos Aires Province,485
Capital Region,481
Santiago Metropolitan,480
Budapest,478
Minas Gerais,477
Kerala,475
Lower Saxony,472
Istanbul,468
Alberta,441
Wisconsin,437
Hamburg,435
Queensland,431
Lazio,431
Provence-Alpes-Côte-d'Azur,417
Missouri,414
Bangkok,411
Occitanie,409
Capital District,400
New Taipei,396
Tennessee,394
Västra Götaland,388
Indiana,387
Haryana,385
Brussels,367
Saxony,367
North Brabant,366
Lisbon,365
Bucharest,364
Gauteng,359
Punjab,358
Paraná,351
Minsk,349
Lower Silesia,338
Scotland,337
Oslo,335
Kanagawa,334
Jakarta,328
Emilia-Romagna,322
Auckland,321
Cairo,319
Andalusia,318
Beograd,311
Jiangsu,307
Utrecht,303
Attica,302
Kuala Lumpur,295
Connecticut,294
Rhineland-Palatinate,293
Antioquia,291
Zhejiang,289
Iowa,287
Valencian Community,286
Alabama,286
Central,285
Rio Grande do Sul,281
Osaka,281
Metro Manila,280
Federal District,279
Western Australia,278
Silesia,272
Tashkent,267
Washington DC,261
Santa Catarina,258
Nairobi County,258
Lima,258
Nouvelle-Aquitaine,251
Pomerania,247
Rajasthan,241
Dubai,240
Madhya Pradesh,234
Greater Poland,234
Sichuan,233
Hauts-de-France,232
Lagos,231
Vaud,230
Piedmont,227
Punjab,221
South Carolina,221
Shandong,220
Pernambuco,218
Pays-de-la-Loire,218
Moscow Province,218
Grand-Est,217
Almaty City,215
Skåne,214
Taichung,214
South Australia,213
Novosibirsk,212
Lvivshchyna,212
Gelderland,210
New Mexico,209
South Moravia,207
Tuscany,206
Ankara,206
Krasnodar Krai,203
Western Cape,196
Nevada,195
Wallonia,190
West Java,190
Veneto,188
Dhaka Division,187
Yerevan,186
Sofia,185
Saitama,185
Western,184
Selangor,183
Schleswig-Holstein,176
Porto,175
Nizhny Novgorod,175
Sindh,174
Sverdlovsk,174
Riga,173
Campania,171
Ceará,170
Zagreb,170
Tbilisi,169
Taoyuan,169
Kansas,168
Arkansas,166
New Hampshire,166
Andhra Pradesh,163
Tatarstan,163
Riyadh,163
Rostov,160
Hubei,159
Bihar,159
Jerusalem,158
Idaho,156
Central Denmark,154
Oklahoma,154
Mexico State,150
Louisiana,150
Łódź,149
Hsinchu County,148
Henan,147
Vilnius County,147
Province 3,147
Bahia,146
Bratislava,146
Brittany,144
Astana,143
Shaanxi,140
Wales,139
Buenos Aires,138
Jalisco,138
Rhode Island,137
Brandenburg,136
Aichi,136
Fujian,135
Harjumaa,135
Greater Accra,134
Kaohsiung,134
Meknès-Tafilalet,133
Bishkek,130
Bern,128
Galicia,127
Dnipropetrovshchyna,127
Chiba,126
Nuevo León,126
Kentucky,125
Styria,123
Goiás,123
San José,123
Australian Capital Territory,122
Odisha,121
Samara,119
Haifa,118
Overijssel,117
Baku,116
Basque Country,115
East Java,115
Nebraska,114
Calabarzon,113
Makkah,112
Paraíba,111
Geneva,111
Hunan,110
Thuringia,110
Addis Ababa,110
Kowloon City Kowloon,110
Chandigarh,110
Abu Dhabi,108
Uttarākhand,107
Montevideo,107
Chelyabinsk,106
Amazonas,104
Bremen,104
Ljubljana,103
Upper Austria,101
Izmir,101
Bashkortostan,100
Central Macedonia,99
Islamabad,99
Córdoba,98
Flevoland,98
Assam,97
Guatemala,95
Jharkhand,95
Trøndelag,95
Northern Ireland,94
Yaroslavl,93
Kuyavia-Pomerania,92
Aargau,91
Rio Grande do Norte,90
Chongqing,90
Tunis,90
Perm Krai,89
Centre-Val de Loire,88
Amman,88
Incheon,88
Maine,85
Southern Denmark,84
Pirkanmaa,84
Federal Capital Territory,84
Normandie,83
Pest,81
Hormozgan,81
Canterbury,81
Östergötland,81
Hawaii,81
Guizhou,80
Panamá,80
Nova Scotia,79
Burgundy-Franche-Comté,79
Wellington,79
Tainan,79
Espírito Santo,78
Nitra,78
Kharkivshchyna,78
