name,version,visitors
Chrome,136.0,3495
Microsoft Edge,136.0,1347
Chrome,137.0,520
Quark,7.12,427
Safari,18.5,282
Firefox,138.0,248
Mobile App,(not set),182
Chrome,135.0,138
Quark,7.11,116
Safari,18.4,87
Microsoft Edge,135.0,82
Firefox,139.0,72
Chrome,134.0,54
Microsoft Edge,134.0,52
Firefox,128.0,42
Safari,18.3,30
Chrome,133.0,26
UC Browser,17.6,26
Safari,17.6,25
Quark,7.9,19
Chrome,109.0,18
Chrome,130.0,18
Chrome,131.0,17
Chrome,123.0,16
Quark,7.8,16
Safari,16.6,14
Safari,18.1,14
Microsoft Edge,132.0,12
Quark,7.6,11
Chrome,112.0,10
Safari,15.6,10
Chrome,126.0,9
Microsoft Edge,130.0,9
Firefox,137.0,9
Safari,18.0,9
Chrome,121.0,8
Quark,7.10,8
Mobile App,97.0,8
Chrome,122.0,7
Chrome,125.0,7
Chrome,128.0,7
Firefox,136.0,7
UC Browser,17.5,7
Microsoft Edge,133.0,6
Safari,17.5,6
Quark,7.5,6
Brave,(not set),5
Microsoft Edge,102.0,5
Opera,118.0,5
Chrome,120.0,5
Chrome,132.0,5
Firefox,138.3,5
Samsung Browser,28.0,5
Quark,7.4,5
Chrome,117.0,4
Chrome,127.0,4
Microsoft Edge,129.0,4
Microsoft Edge,131.0,4
Chrome,138.0,4
Firefox,140.0,4
Huawei Browser Mobile,16.0,4
Safari,16.1,4
UC Browser,17.3,4
Safari,17.7,4
vivo Browser,24.6,4
Quark,6.9,4
Chrome,118.0,3
Chrome,119.0,3
Microsoft Edge,124.0,3
Microsoft Edge,127.0,3
Chrome,129.0,3
Firefox,138,3
Safari,16.4,3
Safari,17.3,3
Safari,17.4,3
Safari,18.2,3
MIUI Browser,19.5,3
Rakuten Web Search,6.114,3
Quark,7.7,3
Chrome,100.0,2
Chrome,103.0,2
Safari,11.0,2
Chrome,113.0,2
Opera,119.0,2
Safari,12.1,2
Microsoft Edge,120.0,2
Chrome,124.0,2
Firefox,125.0,2
Microsoft Edge,128.0,2
Safari,13.1,2
QQ Browser,13.3,2
Firefox,135.0,2
Chrome,136,2
Microsoft Edge,137.0,2
Safari,15.1,2
Safari,16.3,2
Safari,19.0,2
MIUI Browser,19.4,2
Sogou Explorer,2,2
vivo Browser,23.3,2
vivo Browser,24.5,2
Oppo Browser,4.7,2
Quark,6.13,2
Quark,7.0,2
Quark,7.2,2
Quark,7.3,2
Chrome,86.0,2
Firefox,91.0,2
Safari,(not set),1
Firefox,102.13,1
Firefox,105.0,1
Microsoft Edge,105.0,1
Chrome,107.0,1
Microsoft Edge,109.0,1
Huawei Browser Mobile,11.0,1
QQ Browser,11.2,1
Chrome,110.0,1
Chrome,114.0,1
Chrome,115.0,1
Firefox,115.0,1
Chrome,116.0,1
Microsoft Edge,122.0,1
Firefox,126.1,1
Firefox,129.0,1
UC Browser,13.5,1
Mobile App,130.0,1
MIUI Browser,14.1,1
Safari,15.3,1
Safari,15.4,1
Safari,16.0,1
UC Browser,16.5,1
Safari,16.5,1
UC Browser,16.6,1
vivo Browser,16.7,1
Safari,17.0,1
Safari,17.1,1
Safari,17.2,1
UC Browser,17.4,1
Safari,17.8,1
MIUI Browser,18.3,1
Safari,18.6,1
MIUI Browser,18.7,1
QQ Browser,19.2,1
vivo Browser,24.3,1
Oppo Browser,4.6,1
Opera,48.0,1
Firefox,56.0,1
Quark,6.12,1
Quark,6.5,1
Quark,6.7,1
Chrome,69.0,1
Quark,7.1,1
Chrome,81.0,1
Mobile App,81.0,1
Chrome,83.0,1
Opera,87.0,1
Chrome,92.0,1
Chrome,96.0,1
Firefox,99.0,1
