name,version,visitors
Windows,10,4878
Mac,10.15,1156
Android,10,295
iOS,18.5,262
Android,12,174
GNU/Linux,(not set),171
Android,15,139
Android,14,120
Android,13,106
iOS,18.4,81
Android,11,67
Ubuntu,(not set),46
Chrome OS,14541.0,45
iOS,18.3,38
Android,9,17
iOS,17.6,14
iOS,16.7,13
iOS,18.1,13
iOS,15.8,12
HarmonyOS,3.0,12
iOS,17.7,8
Windows,7,8
iOS,18.0,7
Android,8.1,7
Android,5.1,6
iOS,15.6,5
HarmonyOS,(not set),4
iOS,16.1,4
iPadOS,16.7,4
iOS,18.2,4
HarmonyOS,2.2,4
Android,7.1,4
(not set),(not set),3
iOS,13.6,3
iOS,15.2,3
iOS,16.3,3
iOS,17.5,3
iOS,12.5,2
iOS,15.1,2
iOS,15.4,2
iOS,16.0,2
iOS,16.6,2
iOS,17.3,2
iPadOS,17.4,2
Android,6.0,2
Android,8.0,2
Mac,10.14,1
iOS,11.0,1
iOS,11.2,1
iOS,12.4,1
iOS,14.0,1
iOS,14.2,1
iOS,15.3,1
iPadOS,15.8,1
iPadOS,16.2,1
iOS,16.2,1
iOS,16.4,1
iOS,16.5,1
iOS,17.2,1
iPadOS,17.7,1
iOS,4.3,1
Android,7.0,1
Windows,8.1,1
Windows,Server 2003,1
