name,unique_exits,total_exits,exit_rate
/zh-cn/3/tutorial/index.html,258,267,
/zh-cn/3/,223,232,
/zh-cn/3/library/idle.html,203,202,
/zh-cn/3.15/using/windows.html,151,156,
/zh-cn/3/library/index.html,109,113,
/zh-cn/3/library/functions.html,102,102,
/zh-cn/3.14/,96,96,
/zh-cn/3/library/turtle.html,93,98,
/dev/using/windows.html,82,83,
/zh-cn/3.13/tutorial/index.html,78,84,
/zh-cn/3.14/tutorial/index.html,73,76,
/zh-cn/3/using/index.html,68,68,
/zh-cn/3/tutorial/controlflow.html,60,69,
/zh-cn/3.14/library/index.html,57,65,
/3/,54,54,
/zh-cn/3/using/mac.html,51,52,
/zh-cn/3/library/math.html,47,48,
/zh-cn/3/tutorial/,44,45,
/zh-cn/3/library/stdtypes.html,43,43,
/zh-cn/3/tutorial/introduction.html,43,44,
/zh-cn/3.14/tutorial/introduction.html,40,42,
/zh-cn/3/tutorial/interpreter.html,40,40,
/zh-cn/3.14/library/idle.html,39,39,
/zh-cn/3.14/tutorial/controlflow.html,39,39,
/zh-cn/3.14/library/functions.html,37,39,
/zh-cn/3/library/venv.html,37,37,
/zh-cn/3/tutorial/classes.html,37,38,
/zh-cn/3/library/tkinter.html,36,36,
/zh-cn/3.14/using/windows.html,35,35,
/zh-cn/3/library/,31,32,
/zh-cn/3/tutorial/datastructures.html,31,33,
/zh-cn/3/reference/index.html,30,31,
/zh-cn/3/using/windows.html,30,30,
/zh-cn/3.14/download.html,29,30,
/zh-cn/3.14/index.html,29,30,
/zh-cn/3.14/tutorial/interpreter.html,29,29,
/zh-cn/3/download.html,28,29,
/zh-cn/3/search.html,26,26,
/zh-cn/3/glossary.html,24,25,
/zh-cn/3/library/random.html,24,24,
/zh-cn/3.14/library/stdtypes.html,23,25,
/zh-cn/3/tutorial/appetite.html,23,24,
/zh-cn/3.13/,22,24,
/zh-cn/3.14/glossary.html,22,22,
/zh-cn/3/contents.html,22,22,
/zh-cn/3.14/search.html,21,21,
/zh-cn/3.14/tutorial/classes.html,21,21,
/zh-cn/3.14/whatsnew/3.14.html,21,22,
/zh-cn/3/using/cmdline.html,21,21,
/zh-cn/3.12/tutorial/index.html,20,27,
/zh-cn/3/index.html,19,20,
/zh-cn/3/library/multiprocessing.html,19,21,
/zh-cn/3.12/,18,21,
/zh-cn/3.14/tutorial/datastructures.html,18,20,
/zh-cn/3/library/re.html,18,18,
/zh-cn/3/reference/lexical_analysis.html,18,18,
/zh-cn/3/tutorial/modules.html,18,18,
/zh-cn/3/using/,18,17,
/zh-cn/3/library/string.html,17,17,
/zh-cn/3/tutorial/inputoutput.html,17,17,
/zh-cn/3/library/os.html,16,16,
/zh-cn/3/whatsnew/3.14.html,16,16,
/zh-cn/3.13/library/index.html,15,17,
/zh-cn/3.14/installing/index.html,15,15,
/zh-cn/3/library/typing.html,15,15,
/zh-cn/3/library/unittest.html,15,16,
/3.14/,14,14,
/zh-cn/3.13/tutorial/interpreter.html,14,19,
/zh-cn/3/howto/regex.html,14,14,
/zh-cn/3/library/collections.html,14,15,
/zh-cn/3/library/tkinter.ttk.html,14,14,
/zh-cn/3.12/download.html,13,13,
/zh-cn/3.12/library/index.html,13,13,
/zh-cn/3.13/library/stdtypes.html,13,16,
/zh-cn/3.14/reference/index.html,13,12,
/zh-cn/3.14/tutorial/,13,13,
/zh-cn/3.14/tutorial/inputoutput.html,13,13,
/zh-cn/3/library/itertools.html,13,13,
/zh-cn/3/library/tk.html,13,13,
/zh-cn/3.13/index.html,12,12,
/zh-cn/3.13/library/functions.html,12,12,
/zh-cn/3.13/tutorial/datastructures.html,12,14,
/zh-cn/3.14/using/index.html,12,13,
/zh-cn/3/library/logging.html,12,13,
/zh-cn/3/library/pathlib.html,12,12,
/zh-cn/3/py-modindex.html,12,12,
/zh-cn/3/reference/compound_stmts.html,12,12,
/zh-cn/3/tutorial/stdlib.html,12,12,
/zh-cn/3/using/unix.html,12,12,
/zh-cn/dev/using/windows.html,12,12,
/zh-cn/3.13/tutorial/controlflow.html,11,11,
/zh-cn/3.13/tutorial/introduction.html,11,11,
/zh-cn/3.14/tutorial/modules.html,11,11,
/zh-cn/3/howto/enum.html,11,11,
/zh-cn/3/installing/index.html,11,11,
/zh-cn/3/library/threading.html,11,11,
/zh-cn/3/tutorial/errors.html,11,11,
/zh-cn/3.14/library/tkinter.html,10,10,
/zh-cn/3.14/reference/compound_stmts.html,10,10,
/zh-cn/3.14/reference/datamodel.html,10,10,
