name,visitors
Tokyo,24
Yokohama,4
Nagoya,4
Okayama,3
N/A,3
Los Angeles,3
N/A,3
Banī Suwayf,2
Osaka,2
N/A,2
Kawaguchi,2
Himeji,2
Fukuoka,2
N/A,2
Mito,2
Boise,2
Tamura,2
N/A,2
Kuwana,2
N/A,2
Kyiv,1
Colombo,1
Ahmedabad,1
Utsunomiya,1
Tsu,1
Tokushima,1
N/A,1
Sakai,1
Oyama,1
Ōtsu,1
Naha,1
Nagano,1
Maebashi,1
Machida,1
Kokubunji,1
Kochi,1
Kashiwa,1
Kanazawa,1
Kagoshima,1
Hiroshima,1
Hachiōji,1
Fukui-shi,1
N/A,1
N/A,1
Hasuda,1
Wakayama,1
Shenyang,1
Chiba,1
Nitra,1
N/A,1
N/A,1
N/A,1
N/A,1
N/A,1
N/A,1
N/A,1
N/A,1
N/A,1
N/A,1
N/A,1
