property,value,visitors,events,percentage
url,(none),1475,1972,100.0
url,https://www.python.org/,6,7,0.4
url,https://apps.microsoft.com/detail/9NQ7512CXL7T,2,2,0.1
url,https://www.python.org/downloads/,2,2,0.1
url,https://docs.python.org/pt-br/3.14/archives/python-3.14-docs-html.tar.bz2,1,1,0.1
url,https://en.wikipedia.org/wiki/Leap_second,1,1,0.1
url,https://en.wikipedia.org/wiki/Pearson_correlation_coefficient,1,1,0.1
url,https://numpy.org/,1,1,0.1
url,https://tkdocs.com/,1,1,0.1
url,https://tktable.sourceforge.net/tile/doc/converting.txt,1,1,0.1
url,https://wiki.python.org/moin/BeginnersGuide,1,1,0.1
url,https://www.tcl.tk/,1,1,0.1
