name,visitors,pageviews,bounce_rate,time_on_page,scroll_depth
/pt-br/3.13/tutorial/index.html,194,217,55,43,51
/pt-br/3/,149,174,45,16,74
/pt-br/3.13/search.html,110,155,35,26,55
/pt-br/3/tutorial/index.html,109,117,71,40,57
/pt-br/3.13/library/index.html,107,147,66,58,43
/pt-br/3.13/,105,108,49,14,76
/pt-br/3.13/library/functions.html,87,97,71,67,40
/pt-br/3.13/library/math.html,75,78,71,72,44
/pt-br/3.13/library/venv.html,71,75,86,69,32
/pt-br/3.13/tutorial/datastructures.html,69,88,86,242,50
/pt-br/3.13/tutorial/interpreter.html,67,61,78,224,78
/pt-br/3.13/tutorial/introduction.html,67,60,74,110,51
/pt-br/3.13/library/stdtypes.html,60,99,76,609,32
/pt-br/3.13/library/random.html,59,59,76,72,46
/pt-br/3.13/library/tkinter.html,55,53,83,79,36
/pt-br/3/library/stdtypes.html,47,51,86,89,33
/pt-br/3/tutorial/controlflow.html,47,47,82,93,30
/pt-br/3/search.html,46,80,40,25,40
/pt-br/3.13/tutorial/appetite.html,45,40,53,40,87
/pt-br/3.13/tutorial/controlflow.html,43,45,73,216,42
/pt-br/3/library/index.html,40,37,58,22504,27
/pt-br/3/tutorial/interpreter.html,38,39,67,114,72
/pt-br/3/library/functions.html,37,36,71,82,42
/pt-br/3.13/library/string.html,36,30,79,45,35
/pt-br/3.13/tutorial/classes.html,36,32,100,154,54
/pt-br/3/tutorial/introduction.html,33,33,80,119,42
/pt-br/3/tutorial/datastructures.html,31,32,82,36,46
/pt-br/dev/library/zlib.html,31,34,84,11,28
/pt-br/3/tutorial/appetite.html,29,26,50,87,93
/pt-br/3/tutorial/classes.html,25,31,90,168,28
/pt-br/3.13/using/windows.html,23,27,71,37,34
/pt-br/dev/library/venv.html,23,24,96,97,33
/pt-br/3.13/library/os.html,22,24,94,94,35
/pt-br/3/tutorial/,22,26,72,60,52
/pt-br/3.13/library/datetime.html,21,18,82,102,23
/pt-br/3.13/tutorial/inputoutput.html,21,19,80,146,60
/pt-br/3/using/cmdline.html,19,19,89,33,38
/pt-br/3.13/library/tk.html,18,17,60,62,59
/pt-br/3/library/shutil.html,17,17,93,24,32
/pt-br/3.13/howto/logging.html,16,15,93,41,24
/pt-br/3.13/reference/index.html,16,12,100,31,65
/pt-br/3.13/tutorial/modules.html,16,15,91,133,35
/pt-br/dev/library/tkinter.html,16,17,83,159,53
/pt-br/3.13/library/__main__.html,15,13,82,43,36
/pt-br/dev/howto/sorting.html,15,17,81,50,54
/pt-br/3.13/library/turtle.html,14,14,70,10,15
/pt-br/3.13/py-modindex.html,14,12,83,59,52
/pt-br/3.13/tutorial/errors.html,14,15,93,99,41
/pt-br/3/library/idle.html,14,13,82,12,12
/pt-br/3.13/contents.html,13,12,0,23,47
/pt-br/3.13/glossary.html,13,13,80,78,36
/pt-br/3.13/index.html,13,13,50,15,76
/pt-br/3.13/library/statistics.html,13,13,80,129,12
/pt-br/3/reference/index.html,13,18,43,62,50
/pt-br/3/whatsnew/3.13.html,13,9,80,55,8
/pt-br/3.13/library/pathlib.html,12,11,67,77,25
/pt-br/3.13/tutorial/venv.html,12,11,88,102,55
/pt-br/3/library/tkinter.html,12,13,100,35,29
/pt-br/3/using/android.html,12,17,56,24,81
/pt-br/3.13/library/idle.html,11,14,100,26,31
/pt-br/3.13/library/re.html,11,14,75,58,39
/pt-br/3.13/whatsnew/3.13.html,11,10,100,36,22
/pt-br/3/contents.html,11,12,60,61,6
/pt-br/3/library/csv.html,11,12,91,43,20
/pt-br/3/library/glob.html,11,12,89,54,68
/pt-br/3/reference/compound_stmts.html,11,10,50,40,15
/pt-br/3.13/library/tkinter.ttk.html,10,9,67,176,38
/pt-br/3.15/,10,13,0,12,78
/pt-br/3/library/math.html,10,11,88,19,17
/pt-br/3/tutorial/inputoutput.html,10,11,75,20,24
/pt-br/3.13/download.html,9,10,50,28,79
/pt-br/3.13/library/sqlite3.html,9,10,100,277,46
/pt-br/3/glossary.html,9,9,50,86,37
/pt-br/3/library/,9,10,90,47,54
/pt-br/3/library/random.html,9,10,57,60,36
/pt-br/3/library/tk.html,9,10,25,9,35
/pt-br/3/library/venv.html,9,10,100,25,32
/pt-br/3.13/genindex.html,8,6,50,6,100
/pt-br/3.13/reference/compound_stmts.html,8,9,100,2321,35
/pt-br/3.13/reference/datamodel.html,8,11,75,6,9
/pt-br/3.13/reference/lexical_analysis.html,8,5,100,57,48
/pt-br/3.13/tutorial/,8,12,67,26,48
/pt-br/3.13/tutorial/floatingpoint.html,8,8,75,17,46
/pt-br/3/download.html,8,6,75,24,84
/pt-br/3/reference/expressions.html,8,6,100,169,80
/pt-br/dev/library/unittest.html,8,8,100,89,11
/pt-br/dev/reference/import.html,8,10,62,45,25
/pt-br/3.13/faq/windows.html,7,7,80,42,55
/pt-br/3.13/library/csv.html,7,7,100,139,52
/pt-br/3.13/library/intro.html,7,10,100,18,91
/pt-br/3.13/tutorial/appendix.html,7,5,50,149,87
/pt-br/3/installing/index.html,7,4,0,58,87
/pt-br/3/library/re.html,7,6,100,482,49
/pt-br/3/py-modindex.html,7,5,100,31,38
/pt-br/3/reference/datamodel.html,7,7,75,53,20
/pt-br/3/tutorial/modules.html,7,6,75,74,26
/pt-br/3.13/library/asyncio.html,6,5,67,107,64
/pt-br/3.13/library/calendar.html,6,7,67,102,84
/pt-br/3.13/library/os.path.html,6,4,50,71,56
/pt-br/3.13/tutorial/stdlib.html,6,5,100,127,92
