name,visitors,bounce_rate,visit_duration
google.com,1063,79,215
Direct / None,701,64,234
bing.com,109,74,190
search.brave.com,74,79,92
openclassrooms.com,42,79,31
qwant.com,33,64,732
python.org,30,0,218
duckduckgo.com,28,83,110
chatgpt.com,20,67,355
ecosia.org,20,83,348
google.fr,17,100,324
fr.search.yahoo.com,4,100,0
python.sdv.u-paris.fr,3,67,77
statics.teams.cdn.office.net,3,67,17
developpez.net,2,100,0
fsg-pax-p-jhn01.pax.ulaval.ca,2,100,0
google.be,2,67,43
m.baidu.com/from=1001703a/bd_page_type=1/ssid=0/uid=0/pu=usm%401%2Csz%401320_1001%2Cta%40iphone_2_14.0_18_40.10/baiduid=8E0BD923AF1B62B1712C33DEA2FB13FF/w=0_10_/t=iphone/l=1/tc,2,100,0
m.baidu.com/from=1022282z/bd_page_type=1/ssid=0/uid=0/pu=usm%400%2Csz%401320_1001%2Cta%40iphone_2_9.0_24_79.0/baiduid=A0D8022DD34035966D8B5153816F0931/w=0_10_/t=iphone/l=1/tc,2,100,0
search.lilo.org,2,100,0
wiki.python.org,2,0,195
android-app://com.google.android.gm,1,50,299
baidu.com/link,1,100,0
chat.z.ai,1,100,0
confluence.group.echonet,1,100,0
doc.pl,1,100,0
foucherconnect.fr,1,100,0
frederic-lang.developpez.com/tutoriels/python/python-de-zero,1,100,0
gemini.google.com,1,0,38
github.com,1,100,0
google.ci,1,100,0
google.com.hk,1,100,0
jupyterlabnext-2-labs-prod-jupyterlab-us-east-0.labs.cognitiveclass.ai,1,0,96
linkedin.com,1,100,0
lnkd.in,1,100,0
matplotlib.org,1,0,1782
mlpax-3.fsg.ulaval.ca,1,0,48
moodle.caseine.org,1,100,0
notify.bluecoat.com,1,100,0
perso.ensta-paris.fr,1,100,0
r.search.yahoo.com/_ylt=AwrLNhPbMIloGgIAHM9jAQx.;_ylu=Y29sbwNpcjIEcG9zAzEEdnRpZAMEc2VjA3Ny/RV=2/RE=1755031003/RO=10/RU=https%3a%2f%2fdocs.python.org%2ffr%2f3%2flibrary%2fturtle.html/RK=2/RS=I6XYB7.YQ1zeub68gKkJ7PsQl1Y-,1,100,0
realpython.com,1,0,3443
refseek.com,1,0,33
roadmap.sh,1,0,50
source.android.com,1,0,91
superfastpython.com,1,0,0
translate.google.com,1,100,0
udemy.com,1,0,1000
w3schools.com,1,0,1344
youtube.com,1,100,0
