name,unique_entrances,total_entrances,visit_duration
/fr/3/tutorial/,227,234,201
/fr/3.13/library/tkinter.html,45,48,101
/fr/3/tutorial/datastructures.html,38,42,137
/3/,36,37,505
/fr/3.13/tutorial/classes.html,32,33,227
/fr/3.13/tutorial/datastructures.html,30,32,48
/fr/3/library/json.html,29,30,135
/fr/dev/installing/index.html,28,29,203
/fr/3/library/csv.html,27,28,111
/fr/3.13/library/turtle.html,25,25,137
/fr/3.13/library/functions.html,24,25,293
/fr/3/genindex-Symboles.html,24,27,62
/fr/3.13/library/random.html,23,23,114
/fr/3/library/math.html,23,25,72
/fr/3.13/howto/sorting.html,21,21,61
/fr/3/,21,22,558
/fr/3.13/library/operator.html,17,17,74
/fr/3/tutorial/venv.html,17,17,12
/fr/3.13/tutorial/index.html,16,18,841
/fr/3/library/__main__.html,16,17,187
/fr/3/library/stdtypes.html,16,17,479
/fr/3/tutorial/classes.html,16,16,6
/3.13/tutorial/index.html,14,14,358
/fr/3.13/library/stdtypes.html,14,14,62
/fr/3/tutorial/introduction.html,14,15,17
/fr/3.13/library/datetime.html,13,15,163
/fr/3.13/reference/import.html,13,13,2
/fr/3.13/tutorial/errors.html,13,13,109
/fr/3.13/tutorial/introduction.html,13,14,109
/fr/3.13/howto/sockets.html,12,14,149
/fr/3.13/library/base64.html,12,12,18
/fr/3.13/library/os.html,12,12,494
/fr/3.13/using/windows.html,12,12,23
/fr/3/howto/regex.html,12,12,30
/fr/3/library/string.html,12,13,277
/fr/3/tutorial/index.html,12,13,9
/fr/3/library/random.html,11,11,25
/fr/3/tutorial/controlflow.html,11,14,86
/fr/3/tutorial/inputoutput.html,11,12,21
/fr/3/tutorial/interpreter.html,11,11,139
/fr/3.13/library/collections.html,10,10,42
/fr/3/tutorial/errors.html,10,10,24
/fr/3.13/library/math.html,9,12,140
/fr/3.13/search.html,9,12,555
/fr/3.13/using/editors.html,9,9,0
/fr/3/library/statistics.html,9,9,66
/3/tutorial/index.html,8,8,2600
/fr/3.13/faq/windows.html,8,8,30
/fr/3/installing/index.html,8,8,6
/fr/3/library/enum.html,8,8,97
/3/library/random.html,7,7,373
/fr/3.13/library/argparse.html,7,7,130
/fr/3.13/library/asyncio.html,7,7,141
/fr/3.13/library/idle.html,7,7,123
/fr/3.13/library/time.html,7,7,4
/fr/3.13/tutorial/interpreter.html,7,7,193
/fr/3.13/tutorial/modules.html,7,7,658
/fr/3/howto/logging.html,7,8,21
/fr/3/library/venv.html,7,7,313
/fr/3/tutorial/appetite.html,7,9,116
/fr/dev/reference/compound_stmts.html,7,7,31
/3/library/functions.html,6,6,883
/3/library/tkinter.html,6,6,273
/3/library/turtle.html,6,6,166
/fr/3.13/library/timeit.html,6,6,132
/fr/3.13/library/tk.html,6,6,87
/fr/3.13/library/tkinter.ttk.html,6,6,33
/fr/3.13/tutorial/controlflow.html,6,6,2
/fr/3.13/using/unix.html,6,6,11
/fr/3/library/functions.html,6,7,9
/fr/3/library/index.html,6,6,188
/fr/3/library/multiprocessing.html,6,6,245
/fr/3/library/queue.html,6,6,0
/fr/3/library/turtle.html,6,6,0
/3.13/tutorial/,5,5,165
/3/library/idle.html,5,5,207
/3/library/sqlite3.html,5,5,443
/fr/3.13/library/copy.html,5,5,0
/fr/3.13/library/tkinter.font.html,5,6,130
/fr/3/glossary.html,5,5,596
/fr/3/library/threading.html,5,6,12
/fr/3/library/tk.html,5,5,107
/fr/3/search.html,5,5,37
/fr/3/using/index.html,5,5,116
/3/library/re.html,4,4,569
/3/library/tk.html,4,4,622
/3/library/venv.html,4,4,63
/3/tutorial/inputoutput.html,4,4,962
/fr/3.13/howto/argparse.html,4,5,141
/fr/3.13/library/abc.html,4,4,233
/fr/3.13/library/binascii.html,4,4,0
/fr/3.13/library/index.html,4,4,1288
/fr/3/library/exceptions.html,4,5,28
/fr/3/library/ipaddress.html,4,4,71
/fr/3/library/unittest.html,4,4,5
/fr/3/using/cmdline.html,4,4,0
/fr/3/using/windows.html,4,4,0
/fr/dev/library/pickle.html,4,4,109
/fr/dev/tutorial/datastructures.html,4,4,0
/3/library/argparse.html,3,3,1461
/3/library/collections.html,3,3,506
/3/library/index.html,3,3,523
/3/library/os.html,3,3,68
/3/library/pathlib.html,3,3,1356
/3/library/socket.html,3,3,752
/3/library/stdtypes.html,3,3,361
/3/tutorial/classes.html,3,3,388
/3/tutorial/datastructures.html,3,3,440
/3/tutorial/modules.html,3,3,468
/fr/3.12/,3,3,5
/fr/3.13/library/calendar.html,3,3,218
/fr/3.13/library/py_compile.html,3,3,49
/fr/3.13/library/subprocess.html,3,3,665
/fr/3.13/reference/compound_stmts.html,3,3,0
/fr/3.13/reference/index.html,3,3,35
/fr/3.13/tutorial/appetite.html,3,3,1039
/fr/3.13/tutorial/stdlib.html,3,3,1487
/fr/3/howto/sockets.html,3,3,0
/fr/3/library/configparser.html,3,3,16
/fr/3/library/datetime.html,3,3,0
/fr/3/library/pdb.html,3,5,0
/fr/3/library/sys.html,3,3,935
/fr/3/library/tkinter.html,3,3,0
/fr/3/library/xml.dom.html,3,3,180
/fr/3/reference/index.html,3,3,153
/fr/3/tutorial/floatingpoint.html,3,3,0
/fr/3/using/mac.html,3,3,0
/fr/dev/library/ipaddress.html,3,3,0
/3.13/using/windows.html,2,2,5
/3.13/whatsnew/3.13.html,2,2,118
/3/howto/sorting.html,2,2,410
/3/library/,2,2,752
/3/library/asyncio.html,2,2,878
/3/library/csv.html,2,2,1025
/3/library/datetime.html,2,2,1075
/3/library/exceptions.html,2,2,464
/3/library/heapq.html,2,2,74
/3/library/math.html,2,2,349
/3/library/sys.html,2,2,331
/3/py-modindex.html,2,2,2288
/3/whatsnew/3.13.html,2,2,334
/fr/3.12/library/tkinter.ttk.html,2,2,0
/fr/3.13/,2,2,32
/fr/3.13/howto/enum.html,2,2,12
/fr/3.13/howto/functional.html,2,2,6
/fr/3.13/howto/ipaddress.html,2,2,0
/fr/3.13/library/array.html,2,2,0
/fr/3.13/library/builtins.html,2,2,240
/fr/3.13/library/ctypes.html,2,2,4
/fr/3.13/library/gzip.html,2,2,0
/fr/3.13/library/persistence.html,2,2,580
/fr/3.13/library/pprint.html,2,2,18
/fr/3.13/library/re.html,2,2,5
/fr/3.13/library/socket.html,2,3,0
/fr/3.13/library/wave.html,2,2,0
/fr/3.13/library/zipapp.html,2,2,0
/fr/3.13/library/zlib.html,2,3,0
/fr/3.13/reference/datamodel.html,2,2,85
/fr/3.13/reference/simple_stmts.html,2,2,1958
/fr/3/contents.html,2,2,307
/fr/3/howto/sorting.html,2,2,0
/fr/3/library/cmd.html,2,2,0
/fr/3/library/collections.html,2,2,12
/fr/3/library/fractions.html,2,2,0
/fr/3/library/inspect.html,2,2,42
/fr/3/library/os.html,2,3,531
/fr/3/py-modindex.html,2,2,367
/fr/3/reference/datamodel.html,2,2,4
/fr/3/tutorial/appendix.html,2,2,5
/fr/3/tutorial/modules.html,2,2,0
/fr/3/using/,2,2,444
/fr/dev/library/math.html,2,2,0
/fr/dev/library/xml.etree.elementtree.html,2,2,0
/fr/dev/using/windows.html,2,2,0
/3.12/,1,1,546
/3.12/download.html,1,1,127
/3.12/index.html,1,1,1274
/3.12/library/,1,1,54
/3.12/tutorial/,1,1,23
/3.13/index.html,1,1,232
/3.13/library/platform.html,1,1,4384
/3.14/using/windows.html,1,1,32
/3/genindex-S.html,1,1,182
/3/howto/argparse.html,1,1,526
/3/howto/curses.html,1,1,1272
/3/howto/enum.html,1,1,481
/3/howto/logging.html,1,1,255
/3/howto/regex.html,1,1,114
/3/howto/unicode.html,1,1,4
/3/library/ast.html,1,1,360
/3/library/base64.html,1,1,801
/3/library/concurrent.futures.html,1,1,11
/3/library/configparser.html,1,1,115
/3/library/copy.html,1,1,8
/3/library/filecmp.html,1,1,70
/3/library/filesys.html,1,1,999
/3/library/glob.html,1,1,381
/3/library/importlib.resources.html,1,1,128
/3/library/json.html,1,1,604
/3/library/multiprocessing.html,1,1,448
/3/library/signal.html,1,1,3771
/3/library/string.html,1,1,88
/3/library/syslog.html,1,1,50
/3/library/threading.html,1,1,416
/3/library/time.html,1,1,1207
/3/library/unicodedata.html,1,1,461
/3/library/unittest.mock.html,1,1,5
/3/library/wave.html,1,1,356
/3/library/weakref.html,1,1,662
/3/library/xml.etree.elementtree.html,1,1,2211
/3/library/xmlrpc.html,1,1,1419
/3/reference/expressions.html,1,1,978
/3/reference/import.html,1,1,4582
/3/reference/index.html,1,1,414
/3/tutorial/,1,1,3572
/3/tutorial/controlflow.html,1,1,582
/3/tutorial/interpreter.html,1,1,3723
/3/tutorial/introduction.html,1,1,126
/3/using/index.html,1,1,169
/3/using/windows.html,1,1,47
/es/3.13/library/functions.html,1,1,27
/fr/3.12/library/pprint.html,1,1,0
/fr/3.12/library/re.html,1,1,0
/fr/3.12/library/tkinter.tix.html,1,1,9
/fr/3.12/tutorial/controlflow.html,1,1,0
/fr/3.12/tutorial/interpreter.html,1,1,7
/fr/3.12/tutorial/introduction.html,1,1,0
/fr/3.12/tutorial/stdlib.html,1,1,527
/fr/3.12/using/,1,1,0
/fr/3.12/using/editors.html,1,1,0
/fr/3.12/using/index.html,1,1,0
/fr/3.12/using/windows.html,1,2,106
/fr/3.12/whatsnew/3.12.html,1,1,0
/fr/3.13/faq/library.html,1,1,0
/fr/3.13/faq/programming.html,1,1,945
/fr/3.13/glossary.html,1,1,282
/fr/3.13/howto/unicode.html,1,1,0
/fr/3.13/index.html,1,1,50
/fr/3.13/library/asyncio-dev.html,1,1,0
/fr/3.13/library/asyncio-extending.html,1,1,0
/fr/3.13/library/constants.html,1,1,0
/fr/3.13/library/decimal.html,1,1,0
/fr/3.13/library/dialog.html,1,1,0
/fr/3.13/library/doctest.html,1,1,852
/fr/3.13/library/fileinput.html,1,1,0
/fr/3.13/library/filesys.html,1,1,0
/fr/3.13/library/hashlib.html,1,1,0
/fr/3.13/library/heapq.html,1,1,0
/fr/3.13/library/importlib.html,1,1,0
/fr/3.13/library/logging.html,1,1,0
/fr/3.13/library/numbers.html,1,1,27
/fr/3.13/library/pathlib.html,1,1,0
/fr/3.13/library/quopri.html,1,1,0
/fr/3.13/library/string.html,1,1,0
/fr/3.13/library/stringprep.html,1,1,0
/fr/3.13/library/struct.html,1,1,0
/fr/3.13/library/text.html,1,1,46
/fr/3.13/library/threading.html,1,1,0
/fr/3.13/library/tkinter.colorchooser.html,1,1,0
/fr/3.13/library/tkinter.dnd.html,1,1,0
/fr/3.13/library/tkinter.scrolledtext.html,1,1,4
/fr/3.13/library/tokenize.html,1,1,0
/fr/3.13/library/uuid.html,1,1,24
/fr/3.13/library/venv.html,1,1,0
/fr/3.13/library/xml.html,1,1,0
/fr/3.13/reference/executionmodel.html,1,1,170
/fr/3.13/reference/lexical_analysis.html,1,1,100
/fr/3.13/tutorial/,1,1,0
/fr/3.13/tutorial/appendix.html,1,1,0
/fr/3.13/tutorial/stdlib2.html,1,1,500
/fr/3.13/whatsnew/3.13.html,1,1,6
/fr/3.14/glossary.html,1,1,0
/fr/3/extending/embedding.html,1,1,0
/fr/3/extending/extending.html,1,1,0
/fr/3/library/,1,1,1678
/fr/3/library/asyncio.html,1,1,98
/fr/3/library/calendar.html,1,1,0
/fr/3/library/copy.html,1,1,0
/fr/3/library/ctypes.html,1,1,0
/fr/3/library/dataclasses.html,1,2,0
/fr/3/library/decimal.html,1,1,887
/fr/3/library/filecmp.html,1,1,0
/fr/3/library/filesys.html,1,1,0
/fr/3/library/functools.html,1,1,285
/fr/3/library/getopt.html,1,1,86
/fr/3/library/glob.html,1,1,0
/fr/3/library/heapq.html,1,1,0
/fr/3/library/http.cookies.html,1,1,0
/fr/3/library/http.server.html,1,1,0
/fr/3/library/idle.html,1,1,0
/fr/3/library/intro.html,1,1,266
/fr/3/library/numeric.html,1,1,0
/fr/3/library/pty.html,1,1,0
/fr/3/library/pydoc.html,1,1,15
/fr/3/library/site.html,1,1,0
/fr/3/library/sqlite3.html,1,1,2006
/fr/3/library/text.html,1,1,83
/fr/3/library/textwrap.html,1,1,0
/fr/3/library/time.html,1,1,0
/fr/3/library/tkinter.dnd.html,1,2,0
