name,visitors
Singapore,124
Hong Kong,36
Tokyo,36
Guangzhou,32
Beijing,24
Bengaluru,23
Moscow,22
Shenzhen,21
Shanghai,21
Los Angeles,21
Hyderabad,19
Taipei,19
Chennai,16
San Jose,16
Pune,14
New Delhi,14
Mumbai,14
Tel Aviv,12
Sydney,12
Hangzhou,11
Chengdu,11
Suzhou,11
Amsterdam,11
Saint Petersburg,10
Delhi,10
Changsha,10
Qingdao,9
Seoul,9
Berlin,9
Seattle,9
Xianyang,8
Frankfurt am Main,8
N/A,8
Kuwait City,7
Cairo,7
Jaipur,7
Bhopāl,7
Zhengzhou,7
Quanzhou,7
N/A,7
São Paulo,7
New York City,7
Riyadh,6
Nairobi,6
Yerevan,6
Kyiv,6
Warsaw,6
Colombo,6
Vijayawada,6
Kolkata,6
Tianjin,6
Nanjing,6
Rome,6
Manaus,6
Bogotá,6
Dallas,6
Chicago,6
Phoenix,6
San Francisco,6
Petaẖ Tiqwa,5
Samara,5
Kaliningrad,5
Dnipro,5
Istanbul,5
Karachi,5
Visakhapatnam,5
Thrissur,5
Novosibirsk,5
Hanoi,5
Jakarta,5
Nanning,5
Foshan,5
Auckland,5
Tripoli,5
Lagos,5
Zürich,5
Kassel,5
Madrid,5
Lima,5
Atlanta,5
Omaha,5
Jersey City,5
Dar es Salaam,4
Jerusalem,4
Tbilisi,4
Johannesburg,4
Dhaka,4
Shijiazhuang,4
Luoyang,4
Kaili,4
Huizhou,4
Guiyang,4
Dongguan,4
Yiwu,4
Chongqing,4
Changzhou,4
Phnom Penh,4
Osaka,4
Melbourne,4
Lisbon,4
Algiers,4
London,4
Rotterdam,4
Paris,4
Budapest,4
Wrocław,4
Oslo,4
Turin,4
Curitiba,4
Brasília,4
Culiacán,4
Council Bluffs,4
Ottawa,4
Toronto,4
Dubai,3
Sohag,3
Nizhniy Novgorod,3
Helsinki,3
Lviv,3
Belgrade,3
Antananarivo,3
Rawalpindi,3
Lahore,3
Thiruvananthapuram,3
Surat,3
Nagpur,3
Gurgaon,3
Guwahati,3
Agra,3
Tashkent,3
Shymkent,3
Nur-Sultan,3
Bangkok,3
Taichung,3
Hsinchu,3
Kuala Lumpur,3
Zunyi,3
Wuhan,3
Jiaxing,3
Hefei,3
Fuzhou,3
Dalian,3
Wan Chai,3
N/A,3
Suwon,3
Busan,3
Christchurch,3
Kinshasa,3
Abuja,3
Casablanca,3
Birmingham,3
Munich,3
Dresden,3
Bremen,3
Bari,3
Porto Alegre,3
Yopal,3
Panamá,3
Miami,3
Philadelphia,3
North Charleston,3
Austin,3
Houston,3
Leander,3
Santa Clara,3
Denver,3
Beaverton,3
N/A,3
Tabriz,2
Athens,2
Muscat,2
H̱olon,2
İzmir,2
Al Manşūrah,2
Giza,2
Alexandria,2
Al Fayyūm,2
Ufa,2
Tambov,2
Saratov,2
Kostroma,2
Vilnius,2
Kiruna,2
Chiajna,2
Braşov,2
Sumy,2
Rivne,2
Kropyvnytskyy,2
Abbottabad,2
Tiruchirappalli,2
Patna,2
Karnāl,2
Haridwar,2
Faridabad,2
Coimbatore,2
Ajodhya,2
Ahmedabad,2
Bhaktapur,2
Yekaterinburg,2
Tyumen,2
Krasnoyarsk,2
Ho Chi Minh City,2
Cần Thơ,2
Bang Bua Thong,2
N/A,2
Yilan,2
San Juan,2
Quezon City,2
Maramag,2
Calamba,2
N/A,2
Zhumadian,2
Zibo,2
Kunshan,2
Yichang,2
Yancheng,2
Xiamen,2
Wuxi,2
Wenzhou,2
Ningbo,2
Jining,2
Tsuen Wan,2
N/A,2
N/A,2
N/A,2
Ansan-si,2
Kamakura,2
N/A,2
N/A,2
Chigasaki,2
N/A,2
Namyangju,2
Changchun,2
Perth,2
Yaoundé,2
Brazzaville,2
Enugu,2
Aba,2
Fuente-Álamo de Murcia,2
City of Westminster,2
Manchester,2
Liverpool,2
Glasgow,2
Lausanne,2
Stockholm,2
Göteborg,2
Paredes,2
The Hague,2
Groningen,2
Gorinchem,2
Geldrop,2
Doorn,2
Amersfoort,2
Vienna,2
Innsbruck,2
Graz,2
Veitsbronn,2
Ulm,2
Nürnberg,2
Nagold,2
Mönchengladbach,2
Markt Schwaben,2
Braunschweig,2
Brandenburg an der Havel,2
Luxembourg,2
Castlepollard,2
Troyes,2
Rennes,2
Metz,2
Garches,2
Agneaux,2
Toruń,2
Poznań,2
Kraków,2
Sant Cugat del Vallès,2
L'Hospitalet de Llobregat,2
Bilbao,2
Barcelona,2
Alcalá de Henares,2
Drammen,2
Modena,2
Milan,2
Camisano Vicentino,2
Zagreb,2
Podgorica,2
Bridgetown,2
Viçosa,2
Santana do Ipanema,2
Maracanaú,2
La Plata,2
Campana,2
Baradero,2
Socorro,2
São José dos Campos,2
Rio de Janeiro,2
Franca,2
Cotia,2
Cícero Dantas,2
Chapecó,2
Camaçari,2
