name,visitors,bounce_rate,visit_duration
Direct / None,18079,66,186
google.com,9046,81,142
m.baidu.com,1528,84,18
python.org,922,67,292
google.com.hk,204,83,215
google.co.jp,202,80,109
bing.com,161,78,386
baidu.com/link,155,84,159
cn.bing.com,128,79,331
search.yahoo.co.jp,89,81,148
codecademy.cn,59,57,49
chatgpt.com,51,71,527
duckduckgo.com,48,0,933
baidu.com,33,94,2
m.baidu.com/s,33,76,9
doubao.com,19,100,259
google.com.tw,19,73,215
qiita.com,19,50,632
wiki.python.org,17,0,432
google.fr,15,69,291
python.p2hp.com,15,0,104
search.brave.com,15,50,850
google.co.kr,14,67,1060
netacad.com,13,100,111
statics.teams.cdn.office.net,13,69,391
google.com.mx,11,55,165
github.com,10,75,58
note.nkmk.me,10,0,1125
codecademy.cn/tutorial/python,9,50,73
google.es,8,57,47
link.zhihu.com,8,100,218
perplexity.ai,8,50,92
reddit.com,8,0,483
yandex.ru,8,100,46
android-app://com.google.android.googlequicksearchbox,7,67,267
google.cl,7,83,10
google.com.br,7,100,20
mosoteach.cn,7,62,182
cs50.harvard.edu,6,0,124
link.csdn.net,6,100,114
python.org/downloads/release/python-3134,6,100,0
classroom.google.com,5,67,715
ecosia.org,5,100,6
mooc2-ans.chaoxing.com/mooc2-ans/coursedata/stu-datalist,5,100,0
site3.q10.com,5,50,189
udemy.com,5,0,1047
devdocs.io,4,100,0
google.com.co,4,0,206
hitachigroup.okta.com,4,67,18
blog.glyph.im,3,100,0
content.ap-southeast-1.content-service.brightspace.com,3,67,7
discuss.python.org,3,100,8
edu.hse.ru,3,0,706
gemini.google.com,3,0,144
gihyo.jp,3,100,0
google.com.ua,3,67,7
numpy.org,3,0,318
oss.navercorp.com,3,100,0
peps.python.org,3,100,105
pypi.org,3,0,420
python.org/downloads/release/python-3130,3,0,206
python.p2hp.com/doc/index.html,3,0,1207
spiderbox.cn,3,0,375
translate.google.com,3,100,13
tw.alphacamp.co,3,0,46
yuanbao.tencent.com,3,0,630
yuque.com,3,0,466
claude.ai,2,0,1460
codecademy.com,2,0,85
developers.google.com,2,0,1797
docs.cython.org/en/latest/src/userguide/freethreading.html,2,100,0
edu.xunta.gal,2,100,196
github.com/yt-dlp/yt-dlp,2,0,3134
google.ch,2,50,11
google.com.ec,2,100,0
google.com.pe,2,100,0
guru99.com,2,0,230
huggingface.co,2,0,68
in.search.yahoo.com,2,0,640
linkedin.com,2,100,3
m.baidu.com/from=1000953c/bd_page_type=1/ssid=0/uid=0/pu=sz%401320_1002%2Cta%40iphone_2_6.0_2_8.1%2Cusm%400/baiduid=DA4E589BBFC2FB4718FD5C6DB87B9B58/w=0_10_/t=iphone/l=1/tc,2,50,34
m.baidu.com/from=1001192y/bd_page_type=1/ssid=0/uid=0/pu=usm%400%2Csz%401320_1001%2Cta%40iphone_2_12.0_28_16.0/baiduid=BC137F3DB87EB5CFAAA6D2559C03C782/w=0_10_/t=iphone/l=1/tc,2,50,0
m.baidu.com/from=1001358k/bd_page_type=1/ssid=0/uid=0/pu=sz%401320_480%2Ccuid%40juvEfgigHu_88SiaYaH0t0uC28j7iH8O0aH9a0ud2iKwLYFkB%2Ccua%40_avLC_aE-i4qywoUfpw1z4aBsi45a2iLA%2Ccut%405pxCzk5CE905avhB_h2DIgIXviySfmjRIpxFoNYMB%2Cosname%40baiduboxapp%2Cctv%402%2Ccfrom%401001358k%2Ccen%40cuid_cua_cut%2Ccsrc%40searchf_box_txt%2Cusm%401%2Cvmgdb%400020100228y/baiduid=C6E780C554A15ED133EDA02202EB32E1/w=0_10_/t=zbios/l=1/tc,2,100,0
m.baidu.com/from=1012852q/bd_page_type=1/ssid=0/uid=0/pu=sz%401320_1004%2Cta%40iphone_2_12.0_11_19.6%2Cusm%400/baiduid=95015F2BEF0DB81C3F36390BE8638483/w=0_10_/t=iphone/l=1/tc,2,0,42
m.baidu.com/from=1015011p/bd_page_type=1/ssid=0/uid=0/pu=usm%400%2Csz%401320_1001%2Cta%40iphone_2_14.0_24_117.0/baiduid=724BA43652A2434945D2C44A40A9B889/w=0_10_/t=iphone/l=1/tc,2,100,0
m.baidu.com/from=1019311v/bd_page_type=1/ssid=0/uid=0/pu=sz%401320_1001%2Cta%40iphone_2_11.0_19_24.7%2Cusm%400/baiduid=3768AE87B90969A91D6652072A8AAC62/w=0_10_/t=iphone/l=1/tc,2,100,0
m.baidu.com/from=1019311v/bd_page_type=1/ssid=0/uid=0/pu=usm%400%2Csz%401320_1001%2Cta%40iphone_2_15.0_19_24.6/baiduid=186ED8CBAE70CF959CFEBA05B1368138/w=0_10_/t=iphone/l=1/tc,2,100,0
m.baidu.com/from=1020712d/ssid=0/pu=cfrom%401026250u%2Cvmgdb%400020100228y%2Ccsrc%40app_bdboxhome_voice%2Ccuid%40givBi0uIH8l0i28xgO2kigagHulJivug_u-Da08CSuijuvt1gu2Ri_uY28YKa2fHA%2Ccua%40_a-qiyuu2igyNE6lI5me6NN0v8zZu-I4_CvH8yaN-iqlC%2Cosname%40baiduboxapp%2Cc3_aid%40A00-RLT33IZNYDQTXOCYA6ZROEVETX4Y7EU6-V24TWUEK%2Cctv%402%2Ccen%40cuid_cua_cut%2Csz%401320_480/s,2,100,0
m.baidu.com/from=1020761f/bd_page_type=1/ssid=0/uid=0/pu=sz%401320_1001%2Cta%40iphone_2_13.0_19_24.7%2Cusm%400/baiduid=9F2032B7E885427253035A6628D4F762/w=0_10_/t=iphone/l=1/tc,2,50,104
m.baidu.com/from=1020761f/bd_page_type=1/ssid=0/uid=0/pu=usm%400%2Csz%401320_1001%2Cta%40iphone_2_11.0_19_24.1/baiduid=95B632BE8ED1C780070123EA6D770E36/w=0_10_/t=iphone/l=1/tc,2,100,0
m.baidu.com/from=1020761f/bd_page_type=1/ssid=0/uid=0/pu=usm%400%2Csz%401320_1001%2Cta%40iphone_2_14.0_19_24.7/baiduid=8C3419FE4F0440C0DD0F23972A04EB24/w=0_10_/t=iphone/l=1/tc,2,50,488
m.baidu.com/from=1020786r/bd_page_type=1/ssid=0/uid=0/pu=sz%401320_1001%2Cta%40iphone_2_4.4_19_6.7%2Cusm%400/baiduid=D8F887FBC1D6FC4FD96C9B7DE0806270/w=0_10_/t=iphone/l=1/tc,2,100,0
m.baidu.com/from=1020786r/bd_page_type=1/ssid=0/uid=0/pu=usm%400%2Csz%401320_1001%2Cta%40iphone_2_10.0_19_24.6/baiduid=E444FFF62B8C1574446BCDE6A9D9ACB5/w=0_10_/t=iphone/l=1/tc,2,50,30
m.baidu.com/from=1024637b/bd_page_type=1/ssid=0/uid=0/pu=usm%400%2Csz%401320_1004%2Cta%40iphone_2_10.0_38_12.4/baiduid=D7FA7F1576FCEE9C390EF38436FF11C2/w=0_20_/t=iphone/l=1/tc,2,100,0
m.baidu.com/from=1025615a/bd_page_type=1/ssid=0/uid=0/pu=sz%401320_1001%2Cta%40iphone_2_9.0_24_135.0%2Cusm%400/baiduid=C1B920825692AF68E0383F255648E3DB/w=0_20_/t=iphone/l=1/tc,2,100,0
m.baidu.com/from=1040455c/bd_page_type=1/ssid=0/uid=0/pu=sz%401320_480%2Ccuid%40_iScfli6S8_huv8clO2CagiP2fgq8Baglivmag8I288y9Wh3r8v8MYAPA%2Ccua%40_a-qiyaC2ig4NE6lI5me6NN0-I_UC2I0gN2n8AqSC%2Cosname%40baiduboxapp%2Cctv%402%2Ccfrom%401030738b%2Ccen%40cuid_cua%2Cc3_aid%40A00-S7LZDOSCCZ7SX2G3N4M35UYIVRPV6Q3R-I772SSTB%2Ccsrc%40app_mainbox_txt%2Cta%40iphone___31_9.0%2Cusm%400/baiduid=E0D6FACE528737D29F0C91C7096F36D0/w=0_10_/t=iphone/l=1/tc,2,0,9
m.baidu.com/from=1040455c/bd_page_type=1/ssid=0/uid=0/pu=vmgdb%400020100228y%2Ccen%40cuid_cua_cut%2Csz%401320_480%2Cctv%402%2Ccuid%400uHha0aK2ujSivfSgivPulucHigtivitga2180imv88G9WaJluQ3uDIuA%2Ccfrom%401030738b%2Ccua%40_a-qiyau2fj4NEqlI5me6NI0-I_Uh2NlgI2ctAqHC%2Ccsrc%40bdbox_fdserch_txt%2Cosname%40baiduboxapp%2Cwh%401%2Cc3_aid%40A00-XKRFKJI2JPYFKNP2JLIMCCVRGJMYXBVQ-ZATWFMZR%2Cta%40zbios_2_12.0_24_97.0%2Cusm%400/baiduid=DCA409650F1D3BE46DAE484DAF6941A9/w=0_10_/t=zbios/l=1/tc,2,100,0
m.baidu.com/from=2001l/bd_page_type=1/ssid=0/uid=0/pu=usm%400%2Csz%401320_1003%2Cta%40iphone_2_12.0_1_17.6/baiduid=64AA496AC0D4380BC5F8B9FFAA84BA48/w=0_10_/t=iphone/l=1/tc,2,100,0
moodle.computaex.es,2,100,0
nccuoj.ebg.tw,2,0,7634
networkx.org,2,0,59
pandas.pydata.org,2,0,489
pip.pypa.io/en/stable/installation,2,0,198
practicum.yandex.ru,2,0,1375
pygame.org,2,0,593
python.it,2,50,666
pythoninsider.blogspot.com,2,0,502
roadmap.sh,2,0,0
runoob.com,2,0,356
scikit-learn.org,2,0,30
skywork.ai,2,0,36
so.com/link,2,0,1372
werkzeug.palletsprojects.com/en/stable/serving,2,0,112
xiaomi.f.mioffice.cn,2,50,26
xinzx.yuque.com,2,100,0
10.250.0.254,1,100,0
127.0.0.1,1,0,796
138.199.172.189,1,0,16
172.28.71.194,1,0,1878
192.168.254.136,1,100,0
46210svc1.vnc.educoder.net,1,0,13
acwing.com,1,0,152
aiacademy.jp,1,0,55
anaconda.com/blog/python-3-7-package-build-out-miniconda-release,1,0,9
android-app://com.linkedin.android,1,100,0
android-app://com.slack,1,100,0
app.chathub.gg,1,0,33
app.codica.la/courses/python_functions_course/lessons/signals/theory_unit,1,100,0
app.innerai.com,1,0,8
appservice-diagnostics.trafficmanager.net,1,0,9
atmarkit.itmedia.co.jp,1,100,0
atmarkit.itmedia.co.jp/ait/articles/2409/10/news021.html,1,0,1732
atmarkit.itmedia.co.jp/ait/spv/2506/10/news017.html,1,0,68
aulasbach2425.castillalamancha.es,1,100,0
aulavirtual.juntadeandalucia.es,1,0,130
aws.amazon.com,1,100,0
baidu.com/baidu,1,100,0
baidu.com/s,1,100,0
bohrium.com/notebooks/68966674759/update,1,0,0
boot.dev,1,0,166
br.search.yahoo.com,1,0,472
byhy.net,1,0,152
bytedance.larkoffice.com,1,100,0
c.yjf123.top,1,0,5
cainiaojc.com,1,0,101
canva.com,1,0,100
chat.qwen.ai/c/1f228639-af1e-4803-bd3c-154e0debeed7,1,100,0
cn.bing.com/search,1,0,0
cnblogs.com,1,0,0
coccoc.com/search,1,0,209
code-basics.com,1,0,14
code.amazon.com,1,0,477
copilot.microsoft.com,1,100,0
courses.edx.org,1,0,70
coze.cn,1,0,0
denishulo.developpez.com/tutoriels/python/simulations-aleatoires-python,1,0,10
dev.classmethod.jp,1,0,44
digitalocean.com,1,100,0
disq.us,1,0,72
doc.wikimedia.org,1,0,557
docs.celeryq.dev/en/latest/userguide/configuration.html,1,0,1604
docs.popo.netease.com,1,0,89
docs.pydantic.dev,1,0,212
docs.romm.app,1,0,19
docs.scrapy.org/en/latest/intro/tutorial.html,1,0,109
docs.spyder-ide.org,1,0,154
doktox.com,1,100,0
eclap.adrformacion.com,1,100,0
elearning.ism.lt,1,100,0
es.overleaf.com,1,100,0
es.python.org,1,0,171
eu.degreed.com,1,0,7
facebook.com,1,100,0
fast-dds.docs.eprosima.com/en/latest/installation/sources/sources_windows.html,1,0,29
fastapi.tiangolo.com,1,0,0
flask.palletsprojects.com/zh-cn/stable/tutorial,1,0,10
flowith.io,1,100,0
freecodecamp.org/espanol/news/bucle-for-en-python-ejemplo-de-for-i-en-range,1,0,32
freecodecamp.org/news/python-code-examples-sample-script-coding-tutorial-for-beginners,1,0,126
ghwatts.net,1,0,148
github.com/HandBrake/HandBrake/issues/5454,1,0,460
github.com/Mike0121/LeetCode/pull/54/files,1,0,0
github.com/SeldomQA/XTestRunner/blob/master/docs/README.md,1,0,17
github.com/boto/boto3/issues/3889,1,0,0
github.com/gabime/spdlog/issues/3358,1,100,0
github.com/h1rosaka/arai60/pull/12,1,0,0
github.com/h1rosaka/arai60/pull/12/files,1,0,69
github.com/jobbole/awesome-python-books,1,0,675
github.com/line/line-api-use-case-messaging-api/blob/main/docs/en/README_en.md,1,0,877
github.com/python/cpython,1,0,12
github.com/python/cpython/issues/123788,1,100,0
github.com/python/python-docs-pt-br/blob/3.13/README.md,1,0,280
google.be,1,100,0
google.co.ma,1,100,0
google.co.ve,1,100,0
google.com.ar,1,100,0
google.com.do,1,0,1404
google.com.sg,1,100,0
google.de,1,100,0
google.github.io,1,0,373
google.it,1,0,60
google.ru,1,0,13
hacker101.com,1,0,10
heise.de,1,100,0
idealab.alibaba-inc.com/chat,1,0,502
jigsaw.minhabiblioteca.com.br,1,0,11
jupyter-cloud.gwdg.de,1,100,0
jupyterlabnext-3-labs-prod-jupyterlab-us-east-0.labs.cognitiveclass.ai,1,0,5
kivy.org,1,0,7
kookapp.cn,1,0,429
learn.365datascience.com,1,0,1037
learn.agiclass.cn,1,100,0
learnbyexample.github.io,1,0,1889
leetcode.cn,1,0,4
leetcode.com,1,0,180
lernraum.th-luebeck.de,1,0,10
liaoxuefeng.com,1,0,102
lifewithpython.com,1,0,1092
link.gitcode.com,1,0,111
linux.do,1,100,0
lms.fun-mooc.fr,1,0,112
login.microsoftonline.com,1,100,0
loop.cloud.microsoft,1,100,0
m.baidu.com/from=0/bd_page_type=1/ssid=0/uid=0/pu=sz%401320_1001%2Cta%40iphone_2_12.0_28_16.0%2Cusm%400/baiduid=B9D80B24ECEA9194D0FD554B65625D6B/w=0_10_/t=iphone/l=1/tc,1,0,0
m.baidu.com/from=0/bd_page_type=1/ssid=0/uid=0/pu=sz%401320_1004%2Cvmgdb%400020100228y%2Cusm%400/baiduid=A33287FFDAD742270DD256CEA3D23B32/w=10_10_/t=zbios/l=1/tc,1,100,0
m.baidu.com/from=0/bd_page_type=1/ssid=0/uid=0/pu=usm%400%2Csz%401320_1001%2Cta%40iphone_2_13.0_19_24.7/baiduid=CCC2D84828BCA9B59DEE204ECD09C85E/w=0_10_/t=iphone/l=1/tc,1,100,0
m.baidu.com/from=0/bd_page_type=1/ssid=0/uid=0/pu=usm%400%2Csz%401320_220%2Cta%40iphone___28_/baiduid=EC5769FA3CC7173B2114B72295F6CC1D/w=0_10_/t=iphone/l=1/tc,1,100,0
m.baidu.com/from=1000539d/bd_page_type=1/ssid=0/uid=0/pu=usm%400%2Csz%401320_2001%2Cta%40iphone_1_12.3_25_12.1/baiduid=77BF02A773B95A75FC47880323B83E3A/w=0_10_/t=iphone/l=1/tc,1,100,0
m.baidu.com/from=1000687g/bd_page_type=1/ssid=0/uid=0/pu=csrc%40app_mainbox_txt%2Csz%401320_480%2Ccua%40_avLC_aE-i4qywoUfpw1z4u32Ng2aXiHoavjhGQHNqqqB%2Ccuid%40javniluoHu0miHaBlO2pi_ur2ugv8SaY0uHAf0aA2u8KO-8Cju2Of_ugvf_Ca2fWA%2Cc3_aid%40A00-IGH2PH6QQFGORYWI7E4RNY5QVZPAJRUM-3E6WH7XQ%2Cusm%400%2Cvmgdb%400020100228y%2Ccen%40cuid_cua_cut%2Cosname%40baiduboxapp%2Cctv%402%2Ccfrom%401026859v/baiduid=6EB0E19F043AA2F9D30B1D65EC7E30BF/w=0_10_/t=zbios/l=1/tc,1,0,63
m.baidu.com/from=1001192y/bd_page_type=1/ssid=0/uid=0/pu=sz%401320_1001%2Cta%40iphone_2_10.0_28_15.0%2Cusm%400/baiduid=132601FB83B45576D0FA73BBF297CB5A/w=0_10_/t=iphone/l=1/tc,1,100,0
m.baidu.com/from=1001192y/bd_page_type=1/ssid=0/uid=0/pu=sz%401320_1001%2Cta%40iphone_2_10.0_28_16.0%2Cusm%400/baiduid=200B37A7E191FFBB4CDED8E5DA418117/w=0_10_/t=iphone/l=1/tc,1,0,23
m.baidu.com/from=1001192y/bd_page_type=1/ssid=0/uid=0/pu=sz%401320_1001%2Cta%40iphone_2_10.0_28_16.0%2Cusm%400/baiduid=478EFEFDC2FDA51773554749967A8641/w=0_10_/t=iphone/l=1/tc,1,0,1
m.baidu.com/from=1001192y/bd_page_type=1/ssid=0/uid=0/pu=sz%401320_1001%2Cta%40iphone_2_10.0_28_16.0%2Cusm%400/baiduid=8C2DC6F1C32F5B6F363E02799A6892DB/w=0_10_/t=iphone/l=1/tc,1,0,0
m.baidu.com/from=1001192y/bd_page_type=1/ssid=0/uid=0/pu=sz%401320_1001%2Cta%40iphone_2_10.0_28_16.0%2Cusm%400/baiduid=BD711EDA835233FA83ECDF655102D546/w=0_10_/t=iphone/l=1/tc,1,0,0
m.baidu.com/from=1001192y/bd_page_type=1/ssid=0/uid=0/pu=sz%401320_1001%2Cta%40iphone_2_10.0_28_16.0%2Cusm%400/baiduid=D7E55BBDCEF7B742E1AE1903578B82D3/w=0_10_/t=iphone/l=1/tc,1,100,0
m.baidu.com/from=1001192y/bd_page_type=1/ssid=0/uid=0/pu=sz%401320_1001%2Cta%40iphone_2_12.0_28_16.0%2Cusm%400/baiduid=1C8343312BB56127B654D6AF18F84FBA/w=40_10_/t=iphone/l=1/tc,1,100,0
m.baidu.com/from=1001192y/bd_page_type=1/ssid=0/uid=0/pu=sz%401320_1001%2Cta%40iphone_2_12.0_28_16.0%2Cusm%400/baiduid=43648AD50704E059A0C4753F5226FFB0/w=0_10_/t=iphone/l=1/tc,1,0,0
m.baidu.com/from=1001192y/bd_page_type=1/ssid=0/uid=0/pu=sz%401320_1001%2Cta%40iphone_2_12.0_28_16.0%2Cusm%400/baiduid=43A6290004E6E07A04110DE1DFC9773E/w=0_10_/t=iphone/l=1/tc,1,0,19
m.baidu.com/from=1001192y/bd_page_type=1/ssid=0/uid=0/pu=sz%401320_1001%2Cta%40iphone_2_12.0_28_16.0%2Cusm%400/baiduid=5134F588CCFCB7F9B7AB02456F271264/w=0_10_/t=iphone/l=1/tc,1,100,0
m.baidu.com/from=1001192y/bd_page_type=1/ssid=0/uid=0/pu=sz%401320_1001%2Cta%40iphone_2_12.0_28_16.0%2Cusm%400/baiduid=6D270C3CA2BD867B6790287A90B20940/w=0_10_/t=iphone/l=1/tc,1,0,0
m.baidu.com/from=1001192y/bd_page_type=1/ssid=0/uid=0/pu=sz%401320_1001%2Cta%40iphone_2_12.0_28_16.0%2Cusm%400/baiduid=B050B631847D6433C786D139ADA7CA93/w=0_10_/t=iphone/l=1/tc,1,100,0
m.baidu.com/from=1001192y/bd_page_type=1/ssid=0/uid=0/pu=sz%401320_1001%2Cta%40iphone_2_12.0_28_16.0%2Cusm%400/baiduid=CC52219E6CA0173CB005A39CC21FF0F2/w=0_10_/t=iphone/l=1/tc,1,0,51
m.baidu.com/from=1001192y/bd_page_type=1/ssid=0/uid=0/pu=sz%401320_1001%2Cta%40iphone_2_12.0_28_16.0%2Cusm%400/baiduid=EBA67A7AB7F42E1468D9C0C6101A9512/w=0_10_/t=iphone/l=1/tc,1,0,968
m.baidu.com/from=1001192y/bd_page_type=1/ssid=0/uid=0/pu=sz%401320_1001%2Cta%40iphone_2_9.0_28_15.0%2Cusm%400/baiduid=FA76AC011468C4E1F49D627D70C9B8B6/w=0_10_/t=iphone/l=1/tc,1,100,0
m.baidu.com/from=1001192y/bd_page_type=1/ssid=0/uid=0/pu=usm%400%2Csz%401320_1001%2Cta%40iphone_2_10.0_28_16.0/baiduid=270B80B16D03BF35851544F530E0399A/w=0_10_/t=iphone/l=1/tc,1,0,1
m.baidu.com/from=1001192y/bd_page_type=1/ssid=0/uid=0/pu=usm%400%2Csz%401320_1001%2Cta%40iphone_2_10.0_28_16.0/baiduid=3363AB6A20240DEDBABFC80D16D5A93C/w=0_10_/t=iphone/l=1/tc,1,100,0
m.baidu.com/from=1001192y/bd_page_type=1/ssid=0/uid=0/pu=usm%400%2Csz%401320_1001%2Cta%40iphone_2_10.0_28_16.0/baiduid=39CC0036CD2FB8F1E4174AF66E48B050/w=0_10_/t=iphone/l=1/tc,1,100,0
m.baidu.com/from=1001192y/bd_page_type=1/ssid=0/uid=0/pu=usm%400%2Csz%401320_1001%2Cta%40iphone_2_10.0_28_16.0/baiduid=48C2B319CE90C892CA6A923C69612193/w=0_10_/t=iphone/l=1/tc,1,0,0
m.baidu.com/from=1001192y/bd_page_type=1/ssid=0/uid=0/pu=usm%400%2Csz%401320_1001%2Cta%40iphone_2_10.0_28_16.0/baiduid=70F3C1E0EDEF2F47BBC625D497A63EE1/w=0_10_/t=iphone/l=1/tc,1,0,50
m.baidu.com/from=1001192y/bd_page_type=1/ssid=0/uid=0/pu=usm%400%2Csz%401320_1001%2Cta%40iphone_2_10.0_28_16.0/baiduid=B37847E5059B223B9816B23AAC0BD030/w=0_10_/t=iphone/l=1/tc,1,100,0
m.baidu.com/from=1001192y/bd_page_type=1/ssid=0/uid=0/pu=usm%400%2Csz%401320_1001%2Cta%40iphone_2_10.0_28_16.0/baiduid=DE504211B5A0D5BC00C7C95755F191BD/w=0_10_/t=iphone/l=1/tc,1,0,15
m.baidu.com/from=1001192y/bd_page_type=1/ssid=0/uid=0/pu=usm%400%2Csz%401320_1001%2Cta%40iphone_2_10.0_28_16.0/baiduid=F166221CD17312B62334F095E9687ACD/w=0_10_/t=iphone/l=1/tc,1,0,0
m.baidu.com/from=1001192y/bd_page_type=1/ssid=0/uid=0/pu=usm%400%2Csz%401320_1001%2Cta%40iphone_2_11.0_28_16.0/baiduid=CF6DF11FDF4FE92CA0E624C0B5D8648E/w=0_10_/t=iphone/l=1/tc,1,0,1
m.baidu.com/from=1001192y/bd_page_type=1/ssid=0/uid=0/pu=usm%400%2Csz%401320_1001%2Cta%40iphone_2_12.0_28_16.0/baiduid=0170D61F3F68920B25099EFA12CA8847/w=0_10_/t=iphone/l=1/tc,1,0,0
m.baidu.com/from=1001192y/bd_page_type=1/ssid=0/uid=0/pu=usm%400%2Csz%401320_1001%2Cta%40iphone_2_12.0_28_16.0/baiduid=0C0A958BA1B7BD4158EFA71841A19DD8/w=0_10_/t=iphone/l=1/tc,1,100,0
m.baidu.com/from=1001192y/bd_page_type=1/ssid=0/uid=0/pu=usm%400%2Csz%401320_1001%2Cta%40iphone_2_12.0_28_16.0/baiduid=215304AC24602FC3CB9766035E1E3278/w=0_10_/t=iphone/l=1/tc,1,100,0
m.baidu.com/from=1001192y/bd_page_type=1/ssid=0/uid=0/pu=usm%400%2Csz%401320_1001%2Cta%40iphone_2_12.0_28_16.0/baiduid=245AE5D1339175472B2D0436AEB8DE36/w=0_10_/t=iphone/l=1/tc,1,100,0
m.baidu.com/from=1001192y/bd_page_type=1/ssid=0/uid=0/pu=usm%400%2Csz%401320_1001%2Cta%40iphone_2_12.0_28_16.0/baiduid=2936771528E27248947972BA5AC08AA7/w=0_10_/t=iphone/l=1/tc,1,0,1
m.baidu.com/from=1001192y/bd_page_type=1/ssid=0/uid=0/pu=usm%400%2Csz%401320_1001%2Cta%40iphone_2_12.0_28_16.0/baiduid=3B0D1F1324D1794D40CF0647EDA81D62/w=0_10_/t=iphone/l=1/tc,1,0,0
m.baidu.com/from=1001192y/bd_page_type=1/ssid=0/uid=0/pu=usm%400%2Csz%401320_1001%2Cta%40iphone_2_12.0_28_16.0/baiduid=5134F588CCFCB7F9B7AB02456F271264/w=0_10_/t=iphone/l=1/tc,1,100,0
m.baidu.com/from=1001192y/bd_page_type=1/ssid=0/uid=0/pu=usm%400%2Csz%401320_1001%2Cta%40iphone_2_12.0_28_16.0/baiduid=58B3AD25D0243E9E5F582D77FE2C8583/w=0_10_/t=iphone/l=1/tc,1,0,18
m.baidu.com/from=1001192y/bd_page_type=1/ssid=0/uid=0/pu=usm%400%2Csz%401320_1001%2Cta%40iphone_2_12.0_28_16.0/baiduid=71BCB553D88B053A1760858406CE3437/w=0_10_/t=iphone/l=1/tc,1,100,0
m.baidu.com/from=1001192y/bd_page_type=1/ssid=0/uid=0/pu=usm%400%2Csz%401320_1001%2Cta%40iphone_2_12.0_28_16.0/baiduid=7E223158D41EB94C2A93602657630591/w=0_10_/t=iphone/l=1/tc,1,0,0
m.baidu.com/from=1001192y/bd_page_type=1/ssid=0/uid=0/pu=usm%400%2Csz%401320_1001%2Cta%40iphone_2_12.0_28_16.0/baiduid=897221F554A7B5967CCC1077A93BA5C4/w=0_10_/t=iphone/l=1/tc,1,100,0
m.baidu.com/from=1001192y/bd_page_type=1/ssid=0/uid=0/pu=usm%400%2Csz%401320_1001%2Cta%40iphone_2_12.0_28_16.0/baiduid=B050B631847D6433C786D139ADA7CA93/w=0_10_/t=iphone/l=1/tc,1,100,0
m.baidu.com/from=1001192y/bd_page_type=1/ssid=0/uid=0/pu=usm%400%2Csz%401320_1001%2Cta%40iphone_2_12.0_28_16.0/baiduid=B0528E278F04A6CCFD5DDE1F0AABAC20/w=0_10_/t=iphone/l=1/tc,1,100,0
m.baidu.com/from=1001192y/bd_page_type=1/ssid=0/uid=0/pu=usm%400%2Csz%401320_1001%2Cta%40iphone_2_12.0_28_16.0/baiduid=D971C6A08147B91EA5142A299942E12E/w=0_10_/t=iphone/l=1/tc,1,0,0
m.baidu.com/from=1001192y/bd_page_type=1/ssid=0/uid=0/pu=usm%400%2Csz%401320_1001%2Cta%40iphone_2_9.0_28_16.0/baiduid=D7630C9B7A6BB9723C0114202D91EFFB/w=0_10_/t=iphone/l=1/tc,1,100,0
m.baidu.com/from=1001703a/bd_page_type=1/ssid=0/uid=0/pu=sz%401320_1001%2Cta%40iphone_2_10.0_18_40.9%2Cusm%400/baiduid=1DDF058FFD55A1F69A91A9398F4C92FB/w=0_10_/t=iphone/l=1/tc,1,100,0
m.baidu.com/from=1001703a/bd_page_type=1/ssid=0/uid=0/pu=sz%401320_1001%2Cta%40iphone_2_14.0_18_40.8%2Cusm%400/baiduid=9022F3F65D2815A3080DDFC82EDA9656/w=0_10_/t=iphone/l=1/tc,1,100,0
m.baidu.com/from=1001703a/bd_page_type=1/ssid=0/uid=0/pu=sz%401320_1001%2Cta%40iphone_2_14.0_18_40.9%2Cusm%400/baiduid=2E2A18B83BFDD2F330630063E0DE225B/w=0_10_/t=iphone/l=1/tc,1,100,0
m.baidu.com/from=1001703a/bd_page_type=1/ssid=0/uid=0/pu=sz%401320_1001%2Cta%40iphone_2_14.0_18_40.9%2Cusm%400/baiduid=C08D1AEA7B1E2D70D180E473EC79A36E/w=0_10_/t=iphone/l=1/tc,1,100,0
m.baidu.com/from=1001703a/bd_page_type=1/ssid=0/uid=0/pu=usm%400%2Csz%401320_1001%2Cta%40iphone_2_12.0_18_40.9/baiduid=A536A91B5AD34C68914C368E07B6ABB6/w=0_10_/t=iphone/l=1/tc,1,0,23
m.baidu.com/from=1001703a/bd_page_type=1/ssid=0/uid=0/pu=usm%400%2Csz%401320_1001%2Cta%40iphone_2_13.0_18_40.9/baiduid=21AD29177613CBF55E41ED08CBD6004C/w=0_10_/t=iphone/l=1/tc,1,100,0
m.baidu.com/from=1001703a/bd_page_type=1/ssid=0/uid=0/pu=usm%400%2Csz%401320_1001%2Cta%40iphone_2_13.0_18_40.9/baiduid=CA4C9A75BAE78C2D2DB5AAF1D4ED7C5A/w=0_10_/t=iphone/l=1/tc,1,0,64
m.baidu.com/from=1001703a/bd_page_type=1/ssid=0/uid=0/pu=usm%400%2Csz%401320_1001%2Cta%40iphone_2_14.0_18_40.8/baiduid=199A08E5AC4828C6AE26295A3D426959/w=0_10_/t=iphone/l=1/tc,1,0,291
m.baidu.com/from=1001703a/bd_page_type=1/ssid=0/uid=0/pu=usm%400%2Csz%401320_1001%2Cta%40iphone_2_14.0_18_40.9/baiduid=CC25B026B12DFA12D15690EAA8CDD535/w=0_10_/t=iphone/l=1/tc,1,100,0
m.baidu.com/from=1001703a/bd_page_type=1/ssid=0/uid=0/pu=usm%400%2Csz%401320_1001%2Cta%40iphone_2_15.0_18_40.9/baiduid=FAC27EB635FA394FD73BC244998878EC/w=0_10_/t=iphone/l=1/tc,1,100,0
m.baidu.com/from=1001703a/bd_page_type=1/ssid=0/uid=0/pu=usm%400%2Csz%401320_1001%2Cta%40iphone_2_5.1_18_10.7/baiduid=0AC1DC98FE6AF9233C02D1ACC8C5DBC0/w=0_10_/t=iphone/l=1/tc,1,0,251
m.baidu.com/from=1001703a/bd_page_type=1/ssid=0/uid=0/pu=usm%400%2Csz%401320_1001%2Cta%40iphone_2_5.1_18_4.3/baiduid=644D7A742B9ABAA1B8AC753F75F19A06/w=0_10_/t=iphone/l=1/tc,1,100,0
m.baidu.com/from=1001703a/bd_page_type=1/ssid=0/uid=0/pu=usm%408%2Csz%401320_1001%2Cta%40iphone_2_9.0_18_10.9/baiduid=07F413BF98CFDECA8CCAE260BA223A98/w=0_10_/t=iphone/l=1/tc,1,0,671
m.baidu.com/from=1005640h/bd_page_type=1/ssid=0/uid=0/pu=vmgdb%400020100228y%2Ccuid%40F0FB311FFD7F972AB1D97298DA0DBF444FFA0DF5BOBOQRGOKQJ%2Ccua%40750_1334_iphone_6.51.0.10_0%2Cusm%400%2Ccsrc%40home_box_txt%2Ccfrom%401005640h%2Cctv%401%2Cosname%40baiduboxapp%2Csz%401320_480%2Cosbranch%40i3/baiduid=06AD2CF57D35C3BE7C05065FFAE86A95/w=0_10_/t=zbios/l=1/tc,1,0,34
m.baidu.com/from=1008621m/bd_page_type=1/ssid=0/uid=0/pu=sz%401320_480%2Ccuid%40givk8_OgSiYTiBiO0aSXil8_2uj1uviEl8H88_a228KXLSb5B%2Ccua%40_a-qiyuO2fg4NE6pI5me6NIJ2IYUC2N0_uDJieLSA%2Ccut%40piQFP_ujLigjNvim4tm2oJpnxYYLC%2Cosname%40baiduboxapp%2Cctv%402%2Ccfrom%401008621m%2Ccen%40cuid_cua_cut%2Cosbranch%40a2%2Ccsrc%40home_box_txt%2Cvmgdb%400020100228y%2Cta%40iphone_2_13.0_12_4.9%2Cusm%400/baiduid=5D9117B6EBD184F5CA98B66485445F9B/w=140_10_/t=iphone/l=1/tc,1,100,0
m.baidu.com/from=1012018a/bd_page_type=1/ssid=0/uid=0/pu=usm%400%2Csz%401320_1003%2Cta%40iphone_2_10.0_1_17.5/baiduid=4B5F33FF8EFE81C8EA929DD8CA2FF614/w=0_20_/t=iphone/l=1/tc,1,100,0
m.baidu.com/from=1012018a/bd_page_type=1/ssid=0/uid=0/pu=usm%400%2Csz%401320_1003%2Cta%40iphone_2_11.0_1_17.5/baiduid=2E27F89284B480018B7128B5E2BF012E/w=0_20_/t=iphone/l=1/tc,1,100,0
m.baidu.com/from=1012018a/bd_page_type=1/ssid=0/uid=0/pu=usm%400%2Csz%401320_220%2Cta%40iphone___1_17.5/baiduid=C66247DEA9164AB5F6CADE8FD093F499/w=0_20_/t=iphone/l=1/tc,1,100,0
m.baidu.com/from=1012852q/bd_page_type=1/ssid=0/uid=0/pu=sz%401320_1004%2Cta%40iphone_2_10.0_11_18.4%2Cusm%400/baiduid=17B9639E6EC9F1B862A3A3F6845AA7F8/w=0_10_/t=iphone/l=1/tc,1,100,0
m.baidu.com/from=1012852q/bd_page_type=1/ssid=0/uid=0/pu=sz%401320_1004%2Cta%40iphone_2_11.0_11_19.3%2Cusm%400/baiduid=FFABC50C2CDF1B65491B72B7B8AB2203/w=0_10_/t=iphone/l=1/tc,1,100,0
m.baidu.com/from=1012852q/bd_page_type=1/ssid=0/uid=0/pu=sz%401320_1004%2Cta%40iphone_2_11.0_11_19.5%2Cusm%400/baiduid=894FA6DF1BA2AF8F9C15867A18012EE0/w=0_10_/t=iphone/l=1/tc,1,100,0
m.baidu.com/from=1012852q/bd_page_type=1/ssid=0/uid=0/pu=sz%401320_1004%2Cta%40iphone_2_13.0_11_19.5%2Cusm%400/baiduid=4857C1063A40A756E297046A287875C4/w=0_10_/t=iphone/l=1/tc,1,100,0
m.baidu.com/from=1012852q/bd_page_type=1/ssid=0/uid=0/pu=sz%401320_1004%2Cta%40iphone_2_13.0_11_19.5%2Cusm%400/baiduid=EEB1C966EF174220A70036524C92212C/w=0_10_/t=iphone/l=1/tc,1,100,0
m.baidu.com/from=1012852q/bd_page_type=1/ssid=0/uid=0/pu=sz%401320_1004%2Cta%40iphone_2_14.0_11_18.2%2Cusm%400/baiduid=602BB94327A69BB1139732739ADFDB04/w=0_10_/t=iphone/l=1/tc,1,100,0
m.baidu.com/from=1012852q/bd_page_type=1/ssid=0/uid=0/pu=sz%401320_1004%2Cta%40iphone_2_14.0_11_19.6%2Cusm%400/baiduid=990B3518ABE8A4151801FF7B62FD29AE/w=0_10_/t=iphone/l=1/tc,1,100,0
m.baidu.com/from=1012852q/bd_page_type=1/ssid=0/uid=0/pu=sz%401320_1004%2Cta%40iphone_2_15.0_11_19.5%2Cusm%400/baiduid=AD2445BD742C4B8DCF37E24EE282B5B5/w=0_10_/t=iphone/l=1/tc,1,100,0
m.baidu.com/from=1012852q/bd_page_type=1/ssid=0/uid=0/pu=sz%401320_1004%2Cta%40iphone_2_15.0_11_19.6%2Cusm%400/baiduid=2DDD93C3570454F71552308E09C08817/w=0_10_/t=iphone/l=1/tc,1,100,0
m.baidu.com/from=1012852q/bd_page_type=1/ssid=0/uid=0/pu=sz%401320_1004%2Cta%40iphone_2_9.0_11_12.2%2Cusm%400/baiduid=F21F0B165DC5A9C06800AF59468B81CD/w=0_10_/t=iphone/l=1/tc,1,100,0
m.baidu.com/from=1012852q/bd_page_type=1/ssid=0/uid=0/pu=sz%401320_1004%2Cta%40iphone___11_18.2%2Cusm%400/baiduid=E7E274B0F4D7AE9F1A528958E38569DE/w=0_10_/t=iphone/l=1/tc,1,0,368
m.baidu.com/from=1012852q/bd_page_type=1/ssid=0/uid=0/pu=usm%400%2Csz%401320_1004%2Cta%40iphone_2_10.0_11_19.4/baiduid=F36A1D6B1EED0F6B4702C29F6281C3FC/w=0_10_/t=iphone/l=1/tc,1,100,0
m.baidu.com/from=1012852q/bd_page_type=1/ssid=0/uid=0/pu=usm%400%2Csz%401320_1004%2Cta%40iphone_2_10.0_11_19.5/baiduid=317A09D30B5CB9225F84F26C1FEB0022/w=0_10_/t=iphone/l=1/tc,1,100,0
m.baidu.com/from=1012852q/bd_page_type=1/ssid=0/uid=0/pu=usm%400%2Csz%401320_1004%2Cta%40iphone_2_11.0_11_19.5/baiduid=C1ECB0253524A3B46C6244922950AFB6/w=0_10_/t=iphone/l=1/tc,1,0,31
