name,visitors
United States,65857
India,14213
United Kingdom,13434
Germany,11126
Russian Federation,9825
China,8440
France,8263
Brazil,4534
Netherlands,4203
Poland,4131
Spain,3690
Italy,3527
Australia,3049
Japan,2967
Canada,2844
Sweden,2371
Singapore,2297
Switzerland,2219
Hong Kong,2040
Mexico,1950
South Korea,1817
Ukraine,1546
Belgium,1493
Austria,1451
Taiwan,1448
Indonesia,1423
Turkey,1361
Vietnam,1335
Czechia,1303
Finland,1259
Bangladesh,1183
Portugal,1053
Argentina,1003
Philippines,987
Pakistan,978
Romania,923
Ireland,919
Norway,915
Iran,845
Denmark,838
Hungary,815
Colombia,788
Malaysia,689
Nigeria,671
Egypt,663
Greece,651
Israel,598
South Africa,594
Chile,542
Saudi Arabia,517
Peru,511
Lithuania,503
Morocco,473
New Zealand,463
Kazakhstan,446
Bulgaria,428
Kenya,409
Thailand,395
Slovakia,392
United Arab Emirates,381
Belarus,354
Uzbekistan,336
Algeria,331
Serbia,311
Croatia,292
Latvia,266
Ecuador,261
Nepal,248
Estonia,223
Sri Lanka,211
Costa Rica,209
Tunisia,203
Slovenia,199
Georgia,185
Ghana,182
Jordan,172
Ethiopia,171
Cyprus,159
Iraq,153
Luxembourg,150
Armenia,141
Venezuela,139
Azerbaijan,138
Kyrgyzstan,125
Guatemala,114
Dominican Republic,108
Bolivia,106
Moldova,99
Cambodia,96
Cameroon,94
Côte d'Ivoire,91
Uganda,85
Uruguay,84
Qatar,82
Lebanon,74
Paraguay,73
Myanmar,72
Senegal,69
Oman,63
El Salvador,63
Bahrain,61
Yemen,60
Albania,58
Iceland,57
Kuwait,57
Tanzania,53
Panama,52
Madagascar,50
Rwanda,49
Mongolia,47
Malta,46
"Congo, The Democratic Republic of the",44
Puerto Rico,43
Angola,41
Macao,40
Zambia,40
Zimbabwe,40
Bosnia and Herzegovina,38
Cuba,35
North Macedonia,35
"Palestine, State of",35
Jamaica,33
Somalia,33
Mauritius,30
Togo,30
Nicaragua,29
Benin,28
Bhutan,28
Burkina Faso,26
Réunion,26
Honduras,25
Montenegro,25
Syria,25
Mozambique,24
Libya,23
Seychelles,23
Trinidad and Tobago,22
Malawi,21
Tajikistan,21
Afghanistan,20
Botswana,16
Cabo Verde,16
Sudan,16
Haiti,15
Mali,15
Kosovo,15
Guinea,13
Maldives,13
Congo,12
Andorra,11
Guadeloupe,11
Martinique,10
Burundi,9
Liechtenstein,9
Liberia,9
Namibia,8
Sierra Leone,8
French Guiana,7
Suriname,7
Barbados,6
Djibouti,6
Fiji,6
Niger,6
Chad,6
Guam,5
Isle of Man,5
Laos,5
Mauritania,5
Papua New Guinea,5
Bahamas,4
Belize,4
Gambia,4
Guyana,4
Jersey,4
Saint Lucia,4
San Marino,4
Eswatini,4
Aruba,3
Brunei Darussalam,3
Gibraltar,3
Lesotho,3
Monaco,3
South Sudan,3
"Virgin Islands, U.S.",3
Bermuda,2
Gabon,2
Guinea-Bissau,2
Comoros,2
New Caledonia,2
Palau,2
Åland Islands,1
Curaçao,1
Faroe Islands,1
Grenada,1
Kiribati,1
Saint Kitts and Nevis,1
Cayman Islands,1
French Polynesia,1
Turks and Caicos Islands,1
Timor-Leste,1
Tonga,1
"Virgin Islands, British",1
Mayotte,1
