name,version,visitors
Windows,10,102886
Mac,10.15,71928
GNU/Linux,(not set),14252
Android,10,10081
Ubuntu,(not set),3502
iOS,18.6,3029
iOS,18.7,1785
Chrome OS,14541.0,1228
Android,15,861
iOS,26.0,542
iOS,18.5,514
Windows,7,443
Android,14,438
Android,13,358
Android,12,306
Android,11,184
Android,16,172
iOS,18.3,138
iOS,17.6,125
iOS,18.1,98
iOS,16.7,95
iOS,15.8,92
HarmonyOS,(not set),76
iOS,18.4,76
(not set),(not set),71
iOS,17.5,70
Android,9,54
iOS,14.0,53
Windows,8.1,44
iOS,18.0,43
iOS,18.2,43
iOS,16.6,39
iOS,17.3,38
Android,6.0,36
iOS,26.1,32
iOS,17.1,29
iOS,17.4,26
iOS,16.3,25
iOS,17.0,24
HarmonyOS,3.0,23
Fire OS,7,22
iOS,17.2,21
iOS,16.1,19
iPadOS,17.7,19
iOS,17.7,18
iOS,16.0,16
Windows,Server 2003,16
Chrome OS,14816.131,15
Android,8.1,15
Mac,10.13,12
iPadOS,16.7,12
Android,7.0,12
Mac,10.11,11
Mac,10.14,11
iOS,12.5,11
iPadOS,16.2,11
Android,8.0,11
iOS,16.5,10
iOS,10.3,9
iOS,16.2,9
iOS,15.7,8
iPadOS,15.8,8
iOS,19.0,8
Mac,10.12,7
iPadOS,17.6,7
Android,5.1,7
Android,(not set),6
iOS,15.6,6
Android,7.1,6
Windows,(not set),5
iPadOS,16.3,5
iOS,16.4,5
HarmonyOS,2.2,5
Windows,XP,5
Fire OS,8,4
Windows,NT,4
Mac,(not set),3
Mac,10.6,3
Chrome OS,14092.77,3
iOS,15.1,3
iOS,15.3,3
iOS,15.4,3
iPadOS,15.4,3
iPadOS,17.5,3
KaiOS,2.5,3
PlayStation,4.13,3
Mac,10.9,2
Mac,13.3,2
iOS,13.6,2
Mac,13.6,2
Chrome OS,13597.84,2
Android,14.0,2
Android,15.0,2
iOS,15.5,2
iPadOS,16.6,2
HarmonyOS,2.1,2
webOS,3.7,2
Android,4.2,2
iOS,4.3,2
Android,4.4,2
Fire OS,5,2
Android,5.0,2
Windows,8,2
Windows,Vista,2
Fire OS,(not set),1
RedOS,(not set),1
Windows Mobile,10,1
Mac,10.10,1
Mac,10.16,1
Mac,10.7,1
Android TV,12,1
iOS,12.2,1
Android,13.0,1
Chrome OS,13099.110,1
Mac,14.0,1
Mac,14.6,1
iOS,15.0,1
iPadOS,16.1,1
iPadOS,17.1,1
iPadOS,17.3,1
iPadOS,17.4,1
Tizen,2.4,1
webOS,3,1
Tizen,3.0,1
webOS,3.8,1
Tizen,4.0,1
Android TV,8.0,1
