name,unique_exits,total_exits,exit_rate
/downloads/,118445,121897,42.9
/,66105,68092,42.7
/downloads/windows/,51174,52776,54.7
/downloads/release/pymanager-252/,38274,39137,55.6
/downloads/release/python-3143/,32031,32403,37.1
/downloads/release/python-31312/,5993,6037,35.5
/about/gettingstarted/,4410,4498,53.1
/downloads/macos/,4109,4163,54.7
/downloads/release/python-31212/,4060,4088,28.4
/search/,3719,3768,24.3
/downloads/release/python-31114/,3382,3412,26.7
/downloads/release/python-3119/,3345,3412,42.0
/doc/,2947,3012,45.9
/downloads/release/python-31019/,2710,2758,27.2
/downloads/release/python-3150a5/,2661,2675,31.6
/downloads/release/python-3120/,2583,2618,36.5
/downloads/release/python-31011/,2375,2427,44.4
/downloads/release/python-3110/,2210,2269,37.2
/psf/donations/,2195,2218,22.5
/downloads/release/python-3100/,1992,2037,38.9
/downloads/release/python-3106/,1645,1712,47.2
/psf-landing/,1553,1568,25.8
/downloads/release/python-3142/,1484,1544,49.8
/downloads/source/,1348,1365,36.6
/about/,1160,1186,26.0
/downloads/release/python-31210/,1116,1139,46.7
/downloads/release/python-3130/,954,959,37.1
/downloads/android/,939,955,37.8
/downloads/release/python-3140/,876,894,39.5
/jobs/,845,851,32.8
/downloads/release/python-31013/,806,823,25.7
/shell/,792,802,60.8
/community/,783,791,31.7
/downloads/release/python-3925/,678,686,31.9
/download/other/,655,664,44.8
/downloads/release/python-3128/,610,638,41.4
/downloads/release/python-3810/,594,610,48.3
/about/apps/,591,597,44.6
/downloads/release/python-390/,516,526,36.4
/downloads/release/python-380/,407,413,33.5
/blogs/,393,409,38.0
/downloads/release/python-3129/,391,396,40.7
/downloads/release/python-3135/,383,395,41.2
/accounts/login/,338,342,33.7
/downloads/release/python-3913/,335,339,47.5
/downloads/release/python-31311/,334,349,40.3
/downloads/release/python-370/,323,323,41.4
/downloads/release/python-3124/,303,304,33.6
/downloads/release/python-3118/,276,277,40.4
/downloads/release/python-3132/,270,276,48.7
/downloads/release/python-3820/,266,266,31.9
/downloads/release/python-3133/,250,249,38.7
/community/logos/,238,238,58.3
/doc/versions/,238,241,53.3
/downloads/release/python-2718/,237,239,77.6
/downloads/release/python-3127/,237,241,40.4
/downloads/release/python-3123/,235,241,35.7
/downloads/release/python-31010/,232,236,42.2
/downloads/release/python-3122/,227,229,39.4
/getit/windows/,227,230,50.4
/getit/,223,226,55.4
/downloads/release/python-3109/,220,223,50.7
/downloads/release/python-3114/,206,211,39.5
/success-stories/,191,192,26.2
/downloads/release/python-3137/,171,177,45.4
/downloads/release/python-3121/,170,178,39.9
/downloads/release/python-3111/,165,169,40.4
/events/,156,164,35.0
/downloads/release/python-3117/,149,151,44.4
/doc/essays/blurb/,147,149,80.1
/downloads/release/python-3105/,146,151,49.2
/downloads/release/pymanager-250/,145,153,77.7
/downloads/release/python-3131/,140,144,42.6
/downloads/release/python-3717/,140,141,31.5
/download/releases/,139,142,18.0
/downloads/release/python-3112/,137,138,47.3
/downloads/release/python-3139/,131,134,41.2
/about/help/,125,124,43.5
/downloads/release/python-360/,125,128,44.0
/downloads/release/python-3115/,117,119,52.7
/downloads/release/python-379/,116,117,45.5
/downloads/release/python-31110/,111,112,25.1
/downloads/release/python-3126/,111,110,36.3
/downloads/release/python-3116/,110,110,45.8
/downloads/release/python-3141/,109,113,39.6
/download/releases/2.7/,108,110,63.6
/community/diversity/,107,109,58.9
/doc/av/,107,111,50.9
/psf/newsletter/,107,106,77.4
/success-stories/category/education/,107,107,35.3
/downloads/release/python-3125/,106,107,37.4
/downloads/release/python-31211/,105,103,20.8
/downloads/release/python-31111/,102,102,23.6
/events/python-events/,102,102,50.0
/downloads/release/python-368/,101,103,49.3
/community/forums/,98,100,62.5
/downloads/release/python-31012/,95,96,25.7
/success-stories/category/business/,94,94,44.1
/downloads/release/python-374/,93,93,36.3
/downloads/release/pymanager-260b2/,90,90,40.7
