name,visitors,bounce_rate,visit_duration
copilot.com,733,32,216
chatgpt.com,639,42,186
perplexity,24,46,36
yandex,18,17,444
openai,6,17,31
ig,5,80,6
site,4,25,465
zalo,4,100,0
airplane,2,0,0
ghost.codersera.com,2,0,54
hackernoon.com,2,50,1412
hackingthemarkets.com,2,100,0
learn.novelbits.io,2,100,0
phpList,2,50,4
zeeklog.com,2,100,0
Securitylab.ru,1,100,0
app.chatqt.com,1,0,16
bitto.jp,1,100,0
blog.michivonah.ch,1,100,0
bugsandbinary.com,1,100,0
colearninglounge.com,1,100,0
ethicalads-placement,1,0,93
laconsole.dev,1,100,0
ld246.com,1,0,138
learn-ubuntu,1,100,0
marketsplash.com,1,100,0
nashville,1,100,0
post_page-----15de070a9cc6---------------------------------------,1,0,12
post_page-----64c096ff50ef---------------------------------------,1,100,0
roberto.gr,1,100,0
stackshare.io,1,100,0
techbrain.cz,1,100,0
telegram,1,100,0
vegastack.com,1,100,0
www.aifire.co,1,100,0
www.jobsearchhack.com,1,0,21
ya,1,0,43
yandexsmartcamera,1,100,0
yctheman.io,1,100,0
