name,version,visitors
Chrome,137.0,383
Chrome,138.0,133
Firefox,140.0,103
Microsoft Edge,137.0,75
Firefox,139.0,67
Safari,18.5,61
Microsoft Edge,138.0,53
Opera,119.0,18
Chrome,136.0,18
Firefox,128.0,17
Safari,17.6,13
Mobile App,137.0,9
Chrome,134.0,8
Microsoft Edge,136.0,7
Safari,18.3,7
Safari,18.4,7
Samsung Browser,28.0,7
Chrome,109.0,6
Safari,16.6,5
Chrome,131.0,4
Firefox,135.0,4
Chrome,135.0,4
Safari,15.6,4
Mobile App,(not set),3
Firefox,115.0,3
Chrome,119.0,3
Chrome,124.0,3
Chrome,128.0,3
Chrome,133.0,3
Chrome,137,3
Firefox,137.0,3
Firefox,138.0,3
Chrome,83.0,3
Mobile App,119.0,2
Chrome,126.0,2
Chrome,127.0,2
Microsoft Edge,131.0,2
AdBlock Browser,133.0,2
Firefox,133.0,2
Microsoft Edge,135.0,2
Safari,16.3,2
Safari,17.13,2
Safari,17.4,2
Safari,17.5,2
Safari,17.7,2
Safari,18.0,2
Mobile App,86.0,2
Opera,87.0,2
Chrome,93.0,2
Safari,(not set),1
Chrome,103.0,1
Opera,106.0,1
Ecosia,11.1,1
Safari,12.1,1
Chrome,122.0,1
Firefox,122.0,1
Ecosia,129.0,1
UC Browser,13.4,1
Chrome,130.0,1
Chrome,132.0,1
Firefox,134.0,1
Firefox,136.0,1
Avast Secure Browser,137.0,1
Firefox,139.2,1
Safari,14.1,1
Safari,17.2,1
Microsoft Edge,18.18363,1
Safari,18.6,1
vivo Browser,24.6,1
Yandex Browser,25.6,1
Oculus Browser,39.0,1
Opera,49.0,1
Samsung Browser,5.2,1
Chrome,66.0,1
Chrome,86.0,1
Opera,91.0,1
Opera,95.0,1
