name,visitors
Spain,700
Mexico,689
Argentina,420
Colombia,268
Peru,257
Chile,255
Ecuador,119
United States,93
Venezuela,93
Bolivia,67
Dominican Republic,56
Uruguay,34
Costa Rica,32
El Salvador,28
Nicaragua,27
Guatemala,25
Cuba,21
Panama,21
Paraguay,18
Germany,14
Honduras,12
India,11
Brazil,7
China,7
France,7
Netherlands,7
United Kingdom,6
Italy,6
Japan,5
Puerto Rico,5
Canada,4
Portugal,4
Austria,3
Singapore,3
Belgium,2
Bulgaria,2
Indonesia,2
Ireland,2
Malaysia,2
Nepal,2
Russian Federation,2
Sweden,2
Taiwan,2
Australia,1
Bangladesh,1
Switzerland,1
Denmark,1
Egypt,1
Guinea-Bissau,1
Israel,1
South Korea,1
New Zealand,1
Pakistan,1
Thailand,1
Turkey,1
Ukraine,1
Vietnam,1
Zambia,1
