name,version,visitors
Chrome,135.0,9006
Microsoft Edge,135.0,4668
Chrome,134.0,3339
Firefox,137.0,1161
Opera,117.0,936
Microsoft Edge,134.0,887
Safari,18.3,422
Chrome,133.0,299
Firefox,136.0,263
Safari,18.4,248
Yandex Browser,25.2,234
Chrome,122.0,220
Mobile App,(not set),178
Firefox,128.0,171
Chrome,131.0,159
Chrome,132.0,144
Chrome,109.0,127
Smart Lenovo Browser,9.0,120
Microsoft Edge,133.0,115
Microsoft Edge,132.0,73
Safari,17.6,70
Microsoft Edge,131.0,68
Chrome,130.0,61
Chrome,128.0,53
Chrome,129.0,53
Firefox,135.0,49
Chrome,126.0,45
Avast Secure Browser,133.0,43
Microsoft Edge,130.0,40
Safari,16.6,40
Quark,(not set),37
Firefox,115.0,37
Safari,18.1,36
Samsung Browser,27.0,34
Chrome,121.0,33
Safari,17.5,31
Microsoft Edge,92.0,29
QQ Browser,13.7,28
Chrome,127.0,27
Safari,18.0,27
Chrome,124.0,25
Chrome,116.0,24
Chrome,112.0,23
Safari,18.2,23
Microsoft Edge,126.0,22
Chrome,86.0,22
Chrome,114.0,21
Chrome,120.0,21
Chrome,123.0,21
Microsoft Edge,127.0,20
Whale Browser,4.30,20
Chrome,118.0,18
Firefox,138.0,18
Chrome,119.0,17
Quark,7.9,17
Chrome,125.0,16
Chrome,137.0,16
Microsoft Edge,128.0,15
Mobile App,134.0,15
Firefox,134.0,15
Safari,15.6,15
Safari,17.4,15
Sogou Explorer,2,15
Microsoft Edge,122.0,13
Chrome,103.0,12
Chrome,108.0,12
Chrome,111.0,12
Microsoft Edge,124.0,12
Microsoft Edge,114.0,11
AVG Secure Browser,133.0,11
Safari,(not set),10
Microsoft Edge,119.0,10
Microsoft Edge,125.0,10
MIUI Browser,19.3,10
Firefox,127.0,9
Firefox,131.0,9
Firefox,133.0,9
Chrome,136.0,9
Safari,17.2,9
Microsoft Edge,18.18363,9
Opera,95.0,9
Chrome,101.0,8
Firefox,102.0,8
Microsoft Edge,109.0,8
Microsoft Edge,120.0,8
Microsoft Edge,129.0,8
Firefox,130.0,8
Norton Private Browser,133.0,8
Huawei Browser Mobile,16.0,8
Safari,16.3,8
Safari,18.5,8
Opera,88.0,8
Chrome,98.0,8
Chrome,117.0,7
Safari,16.1,7
Safari,16.5,7
Microsoft Edge,18.18362,7
Mobile App,97.0,7
Mobile App,126.0,6
Firefox,132.0,6
Safari,17.3,6
Yandex Browser,24.10,6
Chrome,92.0,6
Microsoft Edge,100.0,5
Chrome,110.0,5
Microsoft Edge,112.0,5
Microsoft Edge,113.0,5
Opera,116.0,5
Microsoft Edge,118.0,5
Microsoft Edge,123.0,5
Safari,16.0,5
Microsoft Edge,17.17134,5
Microsoft Edge,18.17763,5
vivo Browser,24.0,5
Chrome,96.0,5
Chrome,99.0,5
(not set),(not set),4
360 Secure Browser,(not set),4
Chrome,100.0,4
Microsoft Edge,111.0,4
Firefox,113.0,4
Chrome,113.0,4
Chrome,115.0,4
Microsoft Edge,115.0,4
Microsoft Edge,117.0,4
Huawei Browser,12.1,4
Firefox,129.0,4
CCleaner,133.0,4
Chrome,135,4
Safari,15.4,4
Safari,17.1,4
UC Browser,17.5,4
Microsoft Edge,18.19041,4
Whale Browser,4.31,4
Firefox,88.0,4
Chrome,95.0,4
Firefox,95.0,4
Firefox,101.0,3
Microsoft Edge,102.0,3
Microsoft Edge,103.0,3
Chrome,105.0,3
Microsoft Edge,106.0,3
Microsoft Edge,107.0,3
Firefox,116.0,3
Firefox,117.0,3
Firefox,125.0,3
QQ Browser,13.6,3
Safari,14.1,3
Microsoft Edge,14.14393,3
Huawei Browser Mobile,15.0,3
Microsoft Edge,15.15063,3
Safari,15.3,3
Safari,16.4,3
Safari,17.0,3
Safari,17.8,3
MIUI Browser,18.8,3
Opera GX,2.7,3
Yandex Browser,23.5,3
Whale Browser,4.29,3
QtWebEngine,6.8,3
Chrome,80.0,3
Microsoft Edge,84.0,3
Microsoft Edge,90.0,3
Firefox,91.0,3
Chrome,93.0,3
Chrome,97.0,3
Microsoft Edge,101.0,2
Chrome,104.0,2
Microsoft Edge,105.0,2
Chrome,106.0,2
Chrome,107.0,2
Firefox,109.0,2
Firefox,111.0,2
Opera,114.0,2
Mobile App,114.0,2
Opera,119.0,2
QQ Browser,12.3,2
Microsoft Edge,121.0,2
Firefox,122.0,2
Firefox,126.0,2
Safari,13.1,2
QQ Browser,13.5,2
Avast Secure Browser,131.0,2
Avira Secure Browser,133.0,2
Safari,14.0,2
MIUI Browser,14.32,2
QQ Browser,16.1,2
Microsoft Edge,16.16299,2
Safari,16.2,2
Safari,17.10,2
MIUI Browser,17.8,2
MIUI Browser,19.0,2
Yandex Browser,24.12,2
Whale Browser,3.7,2
Sleipnir,4.8,2
JioSphere,5.0,2
Rakuten Web Search,6.114,2
QQ Browser,6.2,2
Opera,64.0,2
Chrome,69.0,2
Mobile App,81.0,2
Chrome,89.0,2
Chrome,90.0,2
Microsoft Edge,91.0,2
Chromium,(not set),1
EUI Browser,1.2,1
QQ Browser,10.4,1
QQ Browser,10.8,1
Chrome,102.0,1
Microsoft Edge,104.0,1
Microsoft Edge,108.0,1
Opera,108.0,1
Mobile Silk,108.16,1
Avast Secure Browser,109.0,1
Mobile App,109.0,1
Chrome,109.1,1
Meizu Browser,11.0,1
QQ Browser,11.1,1
QQ Browser,11.9,1
Microsoft Edge,110.0,1
Firefox,110.0,1
Opera,112.0,1
Firefox,112.0,1
Mobile App,116.0,1
Microsoft Edge,116.0,1
Mobile App,117.0,1
QQ Browser,12.0,1
Huawei Browser,12.0,1
QQ Browser,12.2,1
Firefox,120.0,1
Firefox,121.0,1
Firefox,123.0,1
Chrome,124.61,1
QQ Browser,13.1,1
QQ Browser,13.4,1
vivo Browser,13.5,1
vivo Browser,13.9,1
Avast Secure Browser,130.0,1
Mobile App,130.0,1
AVG Secure Browser,131.0,1
Avast Secure Browser,132.0,1
Norton Private Browser,132.0,1
Mobile App,135.0,1
Microsoft Edge,136.0,1
Firefox,137,1
Firefox,137.1,1
Firefox,139.0,1
MIUI Browser,14.0,1
MIUI Browser,14.10,1
Safari,15.5,1
QQ Browser,15.6,1
QQ Browser,15.9,1
UC Browser,16.4,1
Microsoft Edge,18.19043,1
Safari,19.0,1
Yandex Browser,22.1,1
Yandex Browser,22.3,1
vivo Browser,23.1,1
Yandex Browser,23.3,1
Yandex Browser,24.123,1
Yandex Browser,25.28,1
Yandex Browser,25.29,1
Yandex Browser,25.3,1
Samsung Browser,27.1,1
Whale Browser,3.21,1
Whale Browser,3.26,1
AdBlock Browser,3.7,1
115 Browser,35.2,1
vivo Browser,4.6,1
Opera Touch,5.4,1
Waterfox,56.6,1
QtWebEngine,6.9,1
Safari,60.5,1
Chrome,66.0,1
Quark,7.3,1
Samsung Browser,7.4,1
Quark,7.8,1
Mobile App,70.0,1
Chrome,78.0,1
Firefox,78.0,1
Chrome,79.0,1
Safari,8.0,1
Firefox,80.0,1
Chrome,81.0,1
Opera,81.5,1
Firefox,83.0,1
Opera,84.0,1
Microsoft Edge,85.0,1
Chrome,87.0,1
Microsoft Edge,87.0,1
Chrome,88.0,1
Mobile App,88.0,1
Opera,89.0,1
Microsoft Edge,89.0,1
Lenovo Browser,9.1,1
Chrome,91.0,1
Mobile App,92.0,1
Microsoft Edge,93.0,1
Chrome,94.0,1
Firefox,94.0,1
