name,version,visitors
Windows,10,105342
Mac,10.15,42438
GNU/Linux,(not set),15765
Android,10,9915
Ubuntu,(not set),4423
iOS,18.3,3372
iOS,18.4,1424
Chrome OS,14541.0,1202
Android,14,776
Android,12,587
Android,15,568
Android,13,537
Android,11,339
iOS,18.1,295
Windows,7,272
iOS,17.6,256
iOS,18.0,200
iOS,16.7,172
iOS,18.2,156
iOS,18.5,134
iOS,19.0,123
iOS,15.8,119
iOS,17.5,111
Android,9,94
HarmonyOS,(not set),79
HarmonyOS,3.0,66
iOS,17.7,62
iOS,16.6,53
iOS,17.1,51
Android,8.1,51
iOS,17.4,50
iOS,16.1,48
Windows,8.1,41
iOS,16.3,37
Mac,10.14,31
iOS,17.2,31
iOS,16.0,29
HarmonyOS,2.2,29
(not set),(not set),26
iOS,17.3,26
Mac,10.13,25
iOS,17.0,19
Android,6.0,18
Android,8.0,18
Chrome OS,14816.131,17
Mac,10.12,16
iPadOS,17.7,16
Fire OS,7,16
Windows,8,16
iOS,16.2,15
iPadOS,17.6,15
iOS,12.5,14
iOS,16.4,14
iPadOS,17.5,14
iOS,15.6,13
Android,7.0,13
iOS,15.5,12
Android,7.1,11
Fire OS,8,10
Windows,Server 2003,10
iOS,14.0,9
iOS,15.3,9
iPadOS,15.8,9
Mac,10.11,8
Android,(not set),7
iOS,15.7,7
iPadOS,16.7,7
webOS,4.1,7
Windows,(not set),6
iOS,10.3,5
iPadOS,16.3,5
RedOS,(not set),4
iOS,16.5,4
Tizen,2.4,4
iOS,4.3,4
Tizen,5.0,4
Fedora,(not set),3
iOS,13.6,3
Chrome OS,13597.84,3
iOS,15.4,3
iPadOS,16.6,3
iPadOS,17.3,3
webOS,3,3
webOS,3.8,3
Tizen,4.0,3
Windows,XP,3
Mac,(not set),2
UOS,(not set),2
Mac,10.9,2
Android TV,11,2
Mac,11.2,2
Mac,11.7,2
Chrome OS,12105.100,2
Chrome OS,12871.91,2
Mac,13.3,2
iOS,14.8,2
Chrome OS,14092.77,2
Mac,15.3,2
Android,16,2
iPadOS,16.2,2
iPadOS,17.1,2
webOS,4.6,2
Fire OS,5,2
Android,5.0,2
FreeBSD,(not set),1
Raspberry Pi OS,(not set),1
Windows Mobile,10,1
Mac,10.10,1
Mac,11.1,1
iOS,11.1,1
iOS,11.4,1
iOS,12.4,1
iOS,13.5,1
iOS,14.2,1
iPadOS,14.6,1
iPadOS,14.7,1
iOS,15.0,1
iOS,15.1,1
iOS,15.2,1
iPadOS,15.5,1
iPadOS,15.6,1
iPadOS,15.7,1
iPadOS,16.1,1
iPadOS,16.5,1
iPadOS,17.0,1
iPadOS,17.2,1
webOS,2,1
HarmonyOS,2.1,1
Tizen,2.3,1
Tizen,3.0,1
webOS,3.3,1
webOS,3.7,1
Android,4.4,1
webOS,4.5,1
Android,5.1,1
Tizen,5.5,1
Android,59,1
Tizen,6.0,1
Debian,6.0,1
Symbian^3,Anna,1
