name,visitors
Île-de-France,219
Nouvelle-Aquitaine,70
Auvergne-Rhône-Alpes,68
Brittany,52
Quebec,50
Provence-Alpes-Côte-d'Azur,48
Abidjan,41
Hauts-de-France,41
Occitanie,39
Pays-de-la-Loire,39
Grand-Est,30
Wallonia,19
Burgundy-Franche-Comté,18
Centre-Val de Loire,18
Meknès-Tafilalet,18
Normandie,16
Dakar,16
Centre,14
Tunis,14
Littoral,13
Maritime,13
Brazzaville,8
Centre,7
Littoral,7
Vaud,6
Algiers,6
Oran,6
Kinshasa,5
Conakry,5
California,5
Brussels,4
Zürich,4
Taza-Al Hoceima-Taounate,4
Rabat-Salé-Zemmour-Zaer,4
Chaouia-Ouardigha,4
Ontario,3
Geneva,3
Ouest,3
Zinder,3
Tirana County,2
Fribourg,2
Lucerne,2
Valais,2
Sétif,2
Annaba,2
Mostaganem,2
Madrid Autonomous Community,2
Estuaire,2
Leinster,2
Tamil Nadu,2
Oriental,2
Bamako,2
Niamey,2
PF-V,2
Dolj,2
Moscow,2
Chon Buri,2
Colorado,2
North Carolina,2
New York,2
'Adan,2
Chaco,1
Vienna,1
Flanders,1
Hauts-Bassins,1
Rio Grande do Sul,1
Santa Catarina,1
São Paulo,1
Haut-Katanga,1
South Kivu,1
Solothurn,1
Beijing,1
Tianjin,1
Berlin,1
Constantine,1
Dakahlia,1
Galicia,1
Scotland,1
Gujarat,1
Maharashtra,1
Sicily,1
Tokyo,1
Grande Comore,1
Luxembourg,1
Tangier-Tétouan,1
Chiapas,1
South Holland,1
Mazovia,1
Moscow Province,1
Novosibirsk,1
Chari-Baguirmi,1
Sousse,1
Monastir,1
Konya,1
Central,1
Massachusetts,1
Oregon,1
