name,version,visitors
Chrome,135.0,8716
Microsoft Edge,136.0,4427
Chrome,136.0,3591
Microsoft Edge,135.0,1443
Firefox,138.0,985
Opera,118.0,774
Firefox,137.0,586
Safari,18.4,556
Chrome,134.0,405
Mobile App,(not set),309
Firefox,128.0,185
Yandex Browser,25.2,179
Chrome,122.0,171
Microsoft Edge,134.0,165
Chrome,109.0,152
Safari,18.3,148
Chrome,133.0,126
Chrome,132.0,123
Chrome,131.0,120
Safari,17.6,74
Smart Lenovo Browser,9.0,72
Firefox,136.0,68
Avast Secure Browser,134.0,63
Microsoft Edge,133.0,57
Chrome,130.0,55
Microsoft Edge,131.0,54
Safari,18.1,46
Quark,(not set),44
Opera,117.0,44
Chrome,126.0,39
Firefox,135.0,39
Chrome,128.0,35
Safari,16.6,35
Microsoft Edge,92.0,34
Firefox,115.0,33
Yandex Browser,25.4,32
Chrome,125.0,30
Safari,18.0,29
Microsoft Edge,132.0,27
Chrome,129.0,26
Safari,18.2,26
Chrome,120.0,24
Samsung Browser,28.0,24
Microsoft Edge,126.0,23
Microsoft Edge,130.0,23
Safari,17.4,23
Firefox,139.0,21
Microsoft Edge,129.0,20
Chrome,138.0,20
Chrome,127.0,19
QQ Browser,13.7,19
vivo Browser,24.3,19
Mobile App,97.0,19
Microsoft Edge,127.0,18
Firefox,134.0,18
Microsoft Edge,122.0,17
AVG Secure Browser,134.0,17
Safari,17.5,17
Chrome,124.0,16
Firefox,133.0,16
Chrome,123.0,15
Whale Browser,4.31,15
Chrome,121.0,14
Microsoft Edge,128.0,14
Huawei Browser Mobile,16.0,14
Safari,18.5,14
Chrome,114.0,13
Samsung Browser,27.0,13
Chrome,86.0,13
Safari,(not set),12
Microsoft Edge,114.0,11
Microsoft Edge,18.18362,11
Quark,7.11,11
Chrome,118.0,10
Chrome,137.0,10
Safari,17.2,10
Microsoft Edge,100.0,9
Chrome,101.0,9
Microsoft Edge,109.0,9
Microsoft Edge,120.0,9
Firefox,127.0,9
Firefox,132.0,9
Mobile App,135.0,9
Safari,15.6,9
(not set),(not set),8
Chrome,103.0,8
Huawei Browser,12.1,8
Microsoft Edge,121.0,8
Microsoft Edge,18.17763,8
MIUI Browser,19.4,8
Chrome,108.0,7
Microsoft Edge,113.0,7
Chrome,116.0,7
Chrome,119.0,7
Microsoft Edge,124.0,7
Safari,17.0,7
Sogou Explorer,2,7
Opera GX,2.7,7
Chrome,79.0,7
Opera,89.0,7
Opera,95.0,7
Microsoft Edge,107.0,6
Mobile App,114.0,6
Microsoft Edge,119.0,6
Avira Secure Browser,134.0,6
CCleaner,134.0,6
Safari,16.5,6
UC Browser,17.5,6
Microsoft Edge,84.0,6
Firefox,101.0,5
Avast Secure Browser,109.0,5
Opera,112.0,5
Firefox,113.0,5
Opera,116.0,5
Microsoft Edge,125.0,5
Firefox,129.0,5
Safari,16.0,5
Microsoft Edge,17.17134,5
Safari,17.8,5
Microsoft Edge,18.18363,5
Microsoft Edge,18.19041,5
Chrome,83.0,5
Chrome,92.0,5
Chrome,98.0,5
360 Secure Browser,(not set),4
Safari,10.0,4
Firefox,112.0,4
Chrome,113.0,4
Firefox,116.0,4
Microsoft Edge,116.0,4
Microsoft Edge,118.0,4
Avast Secure Browser,133.0,4
Norton Private Browser,134.0,4
Microsoft Edge,137.0,4
MIUI Browser,14.10,4
Microsoft Edge,14.14393,4
Safari,16.3,4
MIUI Browser,19.3,4
vivo Browser,24.2,4
Quark,7.10,4
Chrome,90.0,4
Chrome,91.0,4
Mobile App,103.0,3
Chrome,107.0,3
Microsoft Edge,110.0,3
Chrome,110.0,3
Mobile App,111.0,3
Chrome,112.0,3
Chrome,115.0,3
Microsoft Edge,117.0,3
Safari,12.1,3
Mobile App,124.0,3
Firefox,124.0,3
Firefox,130.0,3
Avast Secure Browser,131.0,3
Mobile Silk,134.3,3
Firefox,140.0,3
Huawei Browser Mobile,15.0,3
Safari,15.3,3
Safari,15.5,3
Safari,16.1,3
Safari,17.11,3
MIUI Browser,19.2,3
Pale Moon,33.7,3
Mobile App,101.0,2
Microsoft Edge,105.0,2
Firefox,109.0,2
QQ Browser,11.8,2
Chrome,111.0,2
Microsoft Edge,111.0,2
Firefox,111.0,2
Microsoft Edge,112.0,2
Mobile App,117.0,2
Chrome,117.0,2
Mobile App,119.0,2
Microsoft Edge,123.0,2
Firefox,125.0,2
QQ Browser,13.2,2
QQ Browser,13.5,2
Mobile App,130.0,2
Mobile App,132.0,2
Chrome,134,2
Firefox,138,2
Safari,14.1,2
MIUI Browser,14.1,2
Safari,15.4,2
Microsoft Edge,16.16299,2
Safari,16.2,2
UC Browser,16.6,2
Safari,17.7,2
MIUI Browser,18.7,2
QQ Browser,19.1,2
vivo Browser,22.9,2
Samsung Browser,24.0,2
Yandex Browser,24.10,2
Samsung Browser,4.0,2
Huawei Browser Mobile,5.1,2
Opera Touch,5.5,2
Safari,60.5,2
Chromium,65.0,2
Firefox,68.0,2
Chrome,69.0,2
Chrome,70.0,2
Opera,73.0,2
Firefox,78.0,2
Chrome,85.0,2
Mobile App,90.0,2
Microsoft Edge,90.0,2
Firefox,95.0,2
Chromium GOST,99.0,2
Steam In-Game Overlay,(not set),1
Chromium,(not set),1
Chrome,100.0,1
Chrome,104.0,1
Opera,104.0,1
Chrome,105.0,1
Microsoft Edge,106.0,1
Microsoft Edge,108.0,1
Huawei Browser Mobile,11.0,1
Safari,11.0,1
Opera,113.0,1
Firefox,114.0,1
Iron,116.0,1
Firefox,118.0,1
Mobile App,118.0,1
Mobile Silk,118.20,1
Firefox,119.0,1
Firefox,120.0,1
Avast Secure Browser,120.0,1
Firefox,122.0,1
Firefox,123.0,1
Firefox,126.0,1
Mobile App,126.0,1
Mobile App,129.0,1
Safari,13.1,1
QQ Browser,13.4,1
QQ Browser,13.6,1
Mobile App,131.0,1
Firefox,131.0,1
AVG Secure Browser,132.0,1
Mobile App,136.0,1
MIUI Browser,14.7,1
Safari,15.1,1
Safari,15.2,1
Safari,16.4,1
Safari,17.10,1
vivo Browser,18.0,1
Microsoft Edge,18.19043,1
MIUI Browser,18.3,1
vivo Browser,19.7,1
Yandex Browser,21.5,1
vivo Browser,21.6,1
vivo Browser,23.0,1
Yandex Browser,23.1,1
Yandex Browser,23.3,1
Yandex Browser,23.7,1
vivo Browser,24.4,1
Yandex Browser,24.7,1
115 Browser,25.0,1
Whale Browser,3.23,1
AdBlock Browser,3.7,1
Whale Browser,3.8,1
Pale Moon,33.2,1
Quark,4.6,1
Light,48.0,1
Chrome,49.0,1
Mobile App,50.0,1
Firefox,52.0,1
Quark,6.9,1
Opera,60.0,1
Raspbian Chromium,65.0,1
Chrome,71.0,1
Chrome,75.0,1
Safari,8.0,1
Chrome,80.0,1
Firefox,81.0,1
Chrome,81.0,1
Mobile App,87.0,1
Firefox,88.0,1
Chrome,88.0,1
Mobile App,88.0,1
Microsoft Edge,89.0,1
Opera,90.1,1
Mobile App,92.0,1
Chrome,95.0,1
Chrome,96.0,1
Chrome,97.0,1
Chrome,99.0,1
