name,unique_exits,total_exits,exit_rate
/it/3.13/,13,13,
/it/3.13/tutorial/index.html,11,11,
/3/,10,10,
/it/3/library/stdtypes.html,9,9,
/it/3.13/search.html,8,8,
/it/3/library/functions.html,7,7,
/it/3/tutorial/datastructures.html,7,7,
/it/3/tutorial/index.html,7,7,
/it/3.13/tutorial/,6,6,
/it/3/tutorial/inputoutput.html,6,6,
/it/3.13/tutorial/interpreter.html,5,5,
/it/3.13/library/stdtypes.html,4,4,
/it/3.13/reference/index.html,4,4,
/it/3.13/tutorial/introduction.html,4,4,
/it/3.13/download.html,3,3,
/it/3.14/whatsnew/3.14.html,3,3,
/it/3/tutorial/classes.html,3,3,
/it/3/tutorial/controlflow.html,3,3,
/it/3/tutorial/interpreter.html,3,3,
/it/3/tutorial/introduction.html,3,3,
/it/3/tutorial/modules.html,3,3,
/it/3/tutorial/venv.html,3,3,
/3.13/tutorial/introduction.html,2,2,
/3.15/,2,2,
/3/library/index.html,2,2,
/3/tutorial/appetite.html,2,2,
/3/tutorial/datastructures.html,2,2,
/3/tutorial/index.html,2,2,
/it/3.13/library/index.html,2,2,
/it/3.13/library/turtle.html,2,2,
/it/3.13/tutorial/classes.html,2,2,
/it/3.13/tutorial/controlflow.html,2,2,
/it/3.13/tutorial/datastructures.html,2,2,
/it/3.13/using/windows.html,2,2,
/it/3.15/reference/introduction.html,2,2,
/it/3.15/whatsnew/3.15.html,2,2,
/it/3/,2,2,
/it/3/search.html,2,2,
/3.12/library/functional.html,1,1,
/3.12/tutorial/interpreter.html,1,1,
/3.13/bugs.html,1,1,
/3.13/library/collections.html,1,1,
/3.13/library/tkinter.html,1,1,
/3.13/library/typing.html,1,1,
/3.13/reference/datamodel.html,1,1,
/3.13/reference/simple_stmts.html,1,1,
/3.15/library/sqlite3.html,1,1,
/3.15/whatsnew/3.15.html,1,1,
/3/library/functions.html,1,1,
/3/library/stdtypes.html,1,1,
/3/library/turtle.html,1,1,
/3/tutorial/,1,1,
/3/tutorial/inputoutput.html,1,1,
/3/tutorial/interpreter.html,1,1,
/3/whatsnew/3.13.html,1,1,
/es/3.13/glossary.html,1,1,
/fr/3.13/tutorial/classes.html,1,1,
/fr/3.13/tutorial/index.html,1,1,
/fr/3.13/using/mac.html,1,1,
/it/3.12/library/functional.html,1,1,
/it/3.12/library/tkinter.html,1,1,
/it/3.12/tutorial/,1,1,
/it/3.12/tutorial/introduction.html,1,1,
/it/3.13/howto/index.html,1,1,
/it/3.13/library/functions.html,1,1,
/it/3.13/library/idle.html,1,1,
/it/3.13/library/multiprocessing.html,1,1,
/it/3.13/library/os.html,1,1,
/it/3.13/library/socket.html,1,1,
/it/3.13/library/unicodedata.html,1,1,
/it/3.13/library/weakref.html,1,1,
/it/3.13/py-modindex.html,1,1,
/it/3.13/reference/datamodel.html,1,1,
/it/3.13/tutorial/appendix.html,1,1,
/it/3.13/tutorial/errors.html,1,1,
/it/3.13/tutorial/stdlib.html,1,1,
/it/3.13/tutorial/stdlib2.html,1,1,
/it/3.13/tutorial/venv.html,1,1,
/it/3.13/using/mac.html,1,1,
/it/3.13/whatsnew/3.13.html,1,1,
/it/3.14/library/index.html,1,1,
/it/3.14/library/struct.html,1,1,
/it/3.14/library/uuid.html,1,1,
/it/3.14/tutorial/,1,1,
/it/3.14/tutorial/errors.html,1,1,
/it/3.14/tutorial/venv.html,1,1,
/it/3.15/,1,1,
/it/3.15/tutorial/datastructures.html,1,1,
/it/3/glossary.html,1,1,
/it/3/library/dbm.html,1,1,
/it/3/library/enum.html,1,1,
/it/3/library/fnmatch.html,1,1,
/it/3/library/glob.html,1,1,
/it/3/library/index.html,1,1,
/it/3/library/marshal.html,1,1,
/it/3/library/pprint.html,1,1,
/it/3/tutorial/appendix.html,1,1,
/it/3/tutorial/appetite.html,1,1,
/it/3/tutorial/stdlib.html,1,1,
/it/3/whatsnew/3.13.html,1,1,
