name,visitors
Beijing,422
Singapore,411
Shanghai,405
Guangzhou,383
Hong Kong,250
Shenzhen,169
Chengdu,152
Tokyo,144
Hangzhou,141
Wuhan,117
Nanjing,93
Xi’an,76
Los Angeles,75
Changsha,74
Guiyang,72
Tianjin,62
Chongqing,58
Taipei,57
Ha Kwai Chung,56
Qingdao,52
Taichung,45
Suzhou,45
Zhengzhou,43
Fuzhou,41
Jinan,40
San Jose,37
Xiamen,36
Wuxi,34
Dongguan,31
Hefei,29
Kowloon City,28
Sydney,21
Seattle,21
N/A,20
Ningbo,19
Foshan,19
Tsuen Wan,19
Shijiazhuang,18
Taiyuan,17
Kunming,16
Osaka,16
Shenyang,16
Changzhou,15
London,15
Kuala Lumpur,14
Wenzhou,14
Macau,14
Chang-hua,13
Nanchang,13
East Los Angeles,13
Wan Chai,12
Zhongshan,12
Zibo,11
Luoyang,10
Central,10
Kaohsiung,9
Quanzhou,9
Tsim Sha Tsui,9
Melbourne,9
Shaoxing,8
Nanning,8
Lanzhou,8
Dalian,8
Linyi,7
Langfang,7
Kampong Loyang,7
Frankfurt am Main,7
New York City,7
Zhuhai,6
Huizhou,6
Baoding,6
Queenstown Estate,6
Harbin,6
Santa Clara,6
Draper,6
Toronto,6
Ürümqi,5
Hsinchu,5
Zhuozhou,5
Weifang,5
Jining,5
Jiangmen,5
Guigang,5
Changchun,5
Hessen,5
Zhenjiang,4
Yunfu,4
Taixing,4
Tongchuanshi,4
Pudong,4
Jinhua,4
Jiaxing,4
Deyang,4
Yiwu,4
Amsterdam,4
St. Louis,4
Chaowai,4
Yunlin,3
Douliu,3
Xinying,3
Zhubei,3
Anyang,3
Yantai,3
Xiangtan,3
Pingdu,3
Nantong,3
Liaocheng,3
Huzhou,3
Helixi,3
Haikou,3
Binzhou,3
To Kwa Wan,3
Sha Tin Wai,3
Shibuya-ku,3
Brisbane,3
Auckland,3
Dublin,3
Atlanta,3
Richardson,3
Ashburn,3
Brooklyn,3
Salt Lake City,3
Vancouver,3
Taoyuan City,3
Inzai,3
Jordon,3
Huanggang,3
Liumacun,3
Moscow,2
Minsk,2
Ho Chi Minh City,2
Vientiane,2
Yuanlin,2
Taoyuan,2
Xitun,2
Zhongli,2
Johor Bahru,2
Zunyi,2
Zhuzhou,2
Zhoukou,2
Kunshan,2
Yuncheng,2
Tongshan,2
Xinxiang,2
Xingtai,2
Weihai,2
Qinhuangdao,2
Qingyuan,2
Luohe,2
Lu’an,2
Lincheng,2
Kaifeng,2
Jiaozuo,2
Tuen Mun,2
Tai Wai,2
Hung Hom,2
Phnom Penh,2
Uijeongbu-si,2
Seoul,2
Toyosu,2
Ikoma,2
Edogawa Ku,2
Zhoushan,2
Hohhot,2
Narita,2
Lisbon,2
Nottingham,2
Coventry,2
Birmingham,2
Stockholm,2
Munich,2
Karlsruhe,2
Rome,2
Camden Town,2
Durham,2
Greenville,2
Dallas,2
Brookline,2
Minneapolis,2
Saint Paul,2
Phoenix,2
Fremont,2
Mountain View,2
Dollard-Des Ormeaux,2
Cyberjaya,2
Fortress Hill,2
Taizhou,2
Sanaa,1
Jeddah,1
Kampala,1
Kórinthos,1
Dubai,1
Ankara,1
Kursk,1
Baku,1
Hrodna,1
Espoo,1
Lviv,1
Ivano-Frankivsk,1
Skopje,1
Johannesburg,1
Dhaka,1
Kathmandu,1
Chelyabinsk,1
Tây Ninh,1
Hanoi,1
Tỉnh Đồng Nai,1
Bangkok,1
Pontianak,1
Cirebon,1
Balikpapan,1
Sanchong,1
Neihu,1
Nantou,1
Hsinchu County,1
Chiayi County,1
Jiayi Shi,1
Taguig,1
Baguio,1
Shah Alam,1
Bukit Mertajam,1
Bayan Lepas,1
Sungai Buloh,1
Petaling Jaya,1
Kuching,1
Puchong Batu Dua Belas,1
Yulin,1
Yongjiawan,1
Heyuan,1
Xinzhou,1
Xianyang,1
Tangshan,1
Taizhou,1
Changsha,1
Putian,1
Nanyang,1
Nanchong,1
Meizhou,1
Haimen,1
Loudi,1
Leiyang,1
Jingmen,1
Jincheng,1
Jiexiu,1
Jieshou,1
Ningde,1
Yiyang,1
Hengyang,1
Changzhi,1
Guilin,1
Fuzhou,1
Dazhou,1
Chuzhou,1
Cangzhou,1
Shaoyang,1
Yau Ma Tei,1
Wong Chuk Hang San Wai,1
Tai Kok Tsui,1
Mong Kok,1
Ma Liu Shui,1
Kwun Tong,1
Mapo-gu,1
Gwanak-gu,1
Gangnam-gu,1
Incheon,1
Chuncheon,1
Yokohama,1
Sano,1
Okazaki,1
Nagoya,1
Kyoto,1
Kusatsu-shi,1
Kokubunji,1
Kōfu,1
Kitajima,1
Kawasaki,1
Hirakata,1
Fussa,1
Zhangjiakou,1
Qiqihar,1
Qian’an,1
Chifeng,1
Perth,1
Adelaide,1
Port Moresby,1
Tōgane,1
Tweed Heads,1
Canberra,1
Christchurch,1
Castelló de la Plana,1
Wolverhampton,1
Southampton,1
Northolt,1
Milton Keynes,1
Leeds,1
Durham,1
Didcot,1
Cardiff,1
Canterbury,1
Zürich,1
