name,visitors,pageviews,bounce_rate,time_on_page,scroll_depth
/3/,15190,18954,55,46,75
/3/library/functions.html,8307,9118,80,96,44
/3/library/stdtypes.html,7882,8849,77,247,37
/3/tutorial/index.html,7665,9347,63,91,57
/3/library/venv.html,5379,5705,92,36,31
/3/search.html,4879,7410,36,21,49
/3/library/index.html,4800,5993,58,131,42
/3/library/datetime.html,4144,4731,85,66,40
/3/tutorial/datastructures.html,4137,4506,77,104,49
/3/tutorial/controlflow.html,3128,3264,78,152,42
/3/library/re.html,2970,3174,86,74,38
/3/tutorial/,2944,3785,70,38,52
/3/library/typing.html,2916,3112,82,44,27
/3/library/idle.html,2903,3386,78,27,30
/3/library/tkinter.html,2689,3006,77,60,32
/3/tutorial/introduction.html,2634,2665,76,178,60
/3/library/math.html,2517,2821,85,70,37
/3/library/random.html,2465,2571,87,68,33
/3/library/logging.html,2314,2512,81,352,35
/3/tutorial/interpreter.html,2314,2336,70,84,76
/3/library/turtle.html,2244,3054,83,138,33
/3/library/csv.html,2163,2340,87,65,41
/3/library/pathlib.html,2135,2263,82,97,42
/3/library/argparse.html,2035,2178,83,67,31
/3/tutorial/errors.html,2019,2058,80,438,39
/3/library/os.html,2018,2136,76,53,34
/3/tutorial/classes.html,1969,2002,84,501,46
/3/glossary.html,1935,1939,63,45,50
/3/library/exceptions.html,1920,1999,82,146,48
/3/tutorial/appetite.html,1800,1628,49,74,85
/3/library/collections.html,1783,1829,82,55,41
/3/tutorial/inputoutput.html,1752,1832,75,73,49
/3/library/subprocess.html,1746,1904,83,237,29
/3/library/string.html,1710,1837,75,66,44
/3/library/heapq.html,1702,1869,89,56,51
/3/library/dataclasses.html,1691,1746,86,78,35
/3/tutorial/modules.html,1531,1539,80,164,48
/3/whatsnew/3.13.html,1526,1478,71,74,17
/3/library/multiprocessing.html,1487,1711,78,410,29
/3/reference/index.html,1474,1805,48,44,69
/3/library/itertools.html,1429,1488,85,116,31
/3/library/json.html,1428,1457,85,55,36
/3/library/asyncio-task.html,1425,1526,80,114,39
/3/reference/datamodel.html,1406,1448,74,96,50
/3/library/time.html,1319,1358,84,57,40
/3/library/os.path.html,1287,1330,79,57,47
/3/library/asyncio.html,1270,1511,67,35,75
/3/library/threading.html,1221,1291,80,1408,36
/3/library/sqlite3.html,1160,1306,84,104,24
/3/library/enum.html,1150,1209,85,41,33
/3/library/unittest.html,1088,1174,86,72,26
/3/installing/index.html,1061,979,79,34,61
/3/library/functools.html,1042,1051,84,66,42
/3/library/concurrent.futures.html,1017,1091,82,1396,49
/3/using/windows.html,1011,1074,84,68,39
/3/howto/sorting.html,1008,1024,80,78,42
/3/py-modindex.html,1006,1164,65,44,50
/3/library/unittest.mock.html,985,1158,83,428,33
/3/tutorial/venv.html,980,1017,88,54,55
/3/library/sys.html,949,940,79,55,38
/3/contents.html,937,963,48,27,15
/3/library/socket.html,902,976,81,81,45
/3/howto/logging.html,897,923,78,98,41
/3/reference/lexical_analysis.html,892,864,81,89,56
/3/index.html,866,908,49,17,79
/3/reference/compound_stmts.html,851,837,70,120,36
/3/library/xml.etree.elementtree.html,836,970,80,123,37
/3/reference/expressions.html,822,839,80,83,62
/3/library/shutil.html,765,796,80,42,37
/3/library/io.html,737,748,76,103,44
/3/library/,722,807,66,36,40
/3/library/pickle.html,706,746,87,52,25
/3/using/mac.html,694,744,77,52,46
/3/using/cmdline.html,689,665,80,219,32
/zh-cn/3/tutorial/index.html,688,917,57,37,59
/3/download.html,687,653,73,22,85
/3/library/struct.html,676,684,89,383,43
/es/3/tutorial/,641,783,64,54,51
/3/library/tempfile.html,626,674,83,53,54
/zh-cn/3/,617,744,54,17,78
/3/library/pdb.html,600,630,90,49,35
/3/reference/import.html,574,574,80,91,38
/3/library/asyncio-eventloop.html,564,615,76,74,40
/3/using/index.html,551,582,57,25,74
/3/library/abc.html,547,564,85,98,46
/3/library/hashlib.html,545,595,80,55,31
/3/howto/regex.html,526,523,84,111,38
/3/reference/simple_stmts.html,520,526,66,51,58
/3/library/queue.html,517,553,83,61,57
/3/library/copy.html,512,510,88,34,69
/3/library/urllib.parse.html,508,531,88,40,43
/3/library/configparser.html,500,529,82,75,29
/3/library/zipfile.html,497,527,81,50,37
/3/library/operator.html,495,527,85,213,46
/3/library/contextlib.html,481,515,79,55,29
/3/library/array.html,479,518,76,73,65
/3/library/glob.html,453,448,85,67,63
/3/library/pprint.html,449,460,92,33,36
/3/license.html,447,477,79,49,27
/3/tutorial/floatingpoint.html,447,459,86,62,47
