name,visitors,bounce_rate,visit_duration
Google,62784,81,108
Direct / None,51172,70,167
python.org,7694,58,135
Bing,6591,77,107
DuckDuckGo,3525,78,133
Yandex,3490,79,62
Brave,1910,81,86
Baidu,1753,79,54
chatgpt.com,1626,70,153
cs50.harvard.edu,1062,71,271
boot.dev,995,77,155
GitHub,663,84,76
udemy.com,633,89,44
Ecosia,461,81,113
Yahoo!,333,84,92
pandas.pydata.org,272,92,50
realpython.com,237,78,108
netacad.com,235,90,24
qiita.com,223,82,116
roadmap.sh,200,82,132
matplotlib.org,193,87,69
pip.pypa.io,189,79,40
Microsoft Teams,186,82,73
wiki.python.org,186,70,84
Qwant,161,80,228
discuss.python.org,150,80,136
code.visualstudio.com,134,87,64
note.nkmk.me,134,85,141
numpy.org,109,79,70
es.python.org,108,57,191
docs.pydantic.dev,104,87,78
codecademy.com,97,91,36
Youtube,96,90,11
bth-python.github.io,96,47,255
doubao.com,91,53,195
openclassrooms.com,90,87,66
pypi.org,88,85,28
Perplexity,84,79,208
link.zhihu.com,83,68,99
peps.python.org,83,72,163
fastapi.tiangolo.com,82,86,27
docs.pytorch.org,81,92,56
packaging.python.org,75,75,110
learn.zybooks.com,71,95,34
kitt.lewagon.com,65,67,318
Reddit,63,74,87
pytest-mock.readthedocs.io,62,58,281
scikit-learn.org,62,75,93
learn.microsoft.com,59,90,11
intranet.hbtn.io,57,55,98
LinkedIn,55,95,14
odoo.com,55,86,25
airflow.apache.org,53,96,38
us.prairielearn.com,53,56,366
docs.pytest.org,52,87,65
codedex.io,49,85,66
athena.alxafrica.com,47,98,0
hackerrank.com,47,88,62
pygame.org,47,80,35
Amazon,45,77,63
StackOverflow,43,77,82
copilot.microsoft.com,43,74,33
Wikipedia,41,69,155
cursos.alura.com.br,41,86,51
link.csdn.net,41,59,165
datahub.berkeley.edu,40,52,370
edube.org,39,92,5
flask.palletsprojects.com,38,74,106
docs.astral.sh,37,71,210
courses.edx.org,36,79,75
kivy.org,36,80,35
python-sneks.github.io,36,92,28
medium.com,35,92,9
upgrad.com,35,94,38
networkx.org,34,76,40
claude.ai,33,66,240
lms.skillfactory.ru,33,66,146
360.cn,32,70,12
liaoxuefeng.com,32,91,1
savanna.alxafrica.com,32,69,522
Facebook,31,100,0
habr.com,31,81,169
langchain-ai.github.io,31,84,73
getcracked.io,30,100,0
moodle.ut.ee,29,79,32
open.uom.lk,29,72,210
s3.eu-west-1.amazonaws.com,28,71,252
moodle.ggte.unicamp.br,27,81,114
blockpy.cis.udel.edu,26,92,19
docs.pola.rs,26,92,2
theforage.com,26,89,2
byui-cse.github.io,25,77,101
developer.mozilla.org,25,60,100
python.jp,25,38,124
view.genially.com,25,84,6
canvas.tue.nl,24,64,155
discordpy.readthedocs.io,24,88,38
eecs485staff.github.io,24,69,489
notebooks.githubusercontent.com,24,92,46
elearn.epam.com,22,88,68
mne.tools,22,87,42
sphinx-doc.org,22,68,120
127.0.0.1,21,71,193
hiladental.co.il,21,51,681
superfastpython.com,21,86,42
docs.ansible.com,20,90,0
itgkhub.apps.stack.it.ntnu.no,20,100,0
robotframework.org,20,85,105
steam.oxxostudio.tw,20,60,165
home-assistant.io,19,95,3
huggingface.co,19,78,5
learn.profession.ai,19,95,68
leetcode.com,19,84,3
courses.campus.gov.il,18,90,1
google.github.io,18,71,58
namu.wiki,18,88,30
utokyo-ipp.github.io,18,61,39
websockets.readthedocs.io,18,61,315
proxy.vocareum.com,17,75,409
trix.ifi.uio.no,17,61,200
curriculum.wethinkco.de,16,95,13
kennesaw.view.usg.edu,16,67,45
microsoft.github.io,16,82,115
paiza.jp,16,88,32
python.p2hp.com,16,50,101
q.utoronto.ca,16,88,3
ru.hexlet.io,16,72,93
runoob.com,16,50,129
w3.cs.jmu.edu,16,44,116
dropbox.com,15,53,369
skillbox.ru,15,87,17
chat.baidu.com,14,44,75
docs.scrapy.org,14,100,0
docs.vllm.ai,14,71,84
notion.so,14,82,111
qna.habr.com,14,75,76
app.perusall.com,13,77,121
confluence.ecmwf.int,13,92,57
docs.aiohttp.org,13,77,41
eecs388.org,13,50,451
learnpython.org,13,85,9
nhh.instructure.com,13,85,31
overleaf.com,13,85,0
tim.jyu.fi,13,36,407
ai.pydantic.dev,12,92,58
byhy.net,12,92,7
devguide.python.org,12,91,10
docs.sqlalchemy.org,12,69,154
ellibrodepython.com,12,92,0
freecodecamp.org,12,92,329
lms-kpitacademy.kpit.com,12,57,341
numintro.netlify.app,12,58,135
pregrado.ucundinamarca.edu.co,12,83,34
py4e.com,12,69,126
statsmodels.org,12,100,0
uneex.org,12,75,200
boostcourse.org,11,100,0
canva.com,11,85,50
coderivers.org,11,55,14
courses.skillindiadigital.gov.in,11,73,9
docs.ray.io,11,100,0
learn.nvidia.com,11,73,59
mastergroosha.github.io,11,82,200
pymupdf.readthedocs.io,11,90,7
pythoncheatsheet.org,11,55,144
pytorch-geometric.readthedocs.io,11,100,0
tcsglobal.udemy.com,11,82,78
w3schools.com,11,91,94
Gmail,10,80,21
bennett.codetantra.com,10,73,332
datacamp.com,10,100,0
digitalocean.com,10,82,132
docs.circuitpython.org,10,91,8
ecampus.esade.edu,10,60,12
khitguntur.codetantra.com,10,70,110
learn.umgc.edu,10,100,0
loguru.readthedocs.io,10,82,422
mypy.readthedocs.io,10,90,1
pro.arcgis.com,10,80,13
pyserial.readthedocs.io,10,80,166
python.it,10,70,72
pythontutor.ru,10,100,0
sky.pro,10,91,31
9508.cercom.com.ar,9,100,0
academy.zerotomastery.io,9,89,0
bitbucket.org,9,90,6
bitcamp.ge,9,73,76
docs.aiogram.dev,9,78,73
docs.xarray.dev,9,100,0
exlearn.arenakoncernen.se,9,67,100
jinja.palletsprojects.com,9,78,130
moodle.polymtl.ca,9,56,241
obagy.com,9,67,89
openstax.org,9,44,101
yuanbao.tencent.com,9,82,346
Coccoc,8,89,1
Exinfluencer,8,100,0
app.dataquest.io,8,75,16
automatetheboringstuff.com,8,100,0
barbaratieko.github.io,8,62,264
cachetools.readthedocs.io,8,57,29
cnblogs.com,8,62,34
codeup.kr,8,88,1
courses.grainger.illinois.edu,8,100,0
courses202508.hope.edu,8,25,144
docs.python-telegram-bot.org,8,88,0
enki,8,75,70
fundamentos-rw.com.ar,8,71,28
hub-03.stackfuel.com,8,88,29
jcristharif.com,8,88,5
jupyterlabnext-3-labs-prod-jupyterlab-us-east-0.labs.cognitiveclass.ai,8,89,12
learn.rrc.ca,8,88,203
python-forum.de,8,88,238
python-forum.io,8,75,2
rmkcet.codetantra.com,8,36,488
rmkec.codetantra.com,8,62,341
rouhani.folk.ntnu.no,8,88,9
sdu.itslearning.com,8,88,178
strftime.org,8,75,39
textual.textualize.io,8,88,4
typing.python.org,8,75,48
app.datascientist.fr,7,64,510
austinhenley.com,7,100,0
bandit.readthedocs.io,7,57,568
campus.mitic.gov.py,7,57,79
cdn.evg.gov.br,7,50,70
clien.net,7,29,34
cloud.tencent.com,7,86,1
cms.unir.net,7,86,1
codecademy-enterprise.percipio.com,7,86,7
codecademy-eu.percipio.com,7,100,0
discuss.streamlit.io,7,86,64
docs.astropy.org,7,71,239
docs.litestar.dev,7,86,3
educoder.net,7,29,26
exercism.org,7,71,189
gerrit.googlesource.com,7,100,0
github.ibm.com,7,86,186
hub-04.stackfuel.com,7,60,125
it.uu.se,7,86,34
jupyter.org,7,100,0
learn.lewagon.com,7,89,14
learn.upgrad.com,7,75,8
mclibre.org,7,78,63
misovirtual.virtual.uniandes.edu.co,7,71,8
moodle-courses2527.wolfware.ncsu.edu,7,71,237
ntnu.blackboard.com,7,86,29
optuna.readthedocs.io,7,43,1147
scanpy.readthedocs.io,7,100,0
skilio.com,7,100,0
ufora.ugent.be,7,62,53
vscode.dev,7,86,43
Quora,6,33,33
algo-method.com,6,33,67
anyio.readthedocs.io,6,83,168
appro.mit.jyu.fi,6,50,205
betterstack.com,6,83,1
blog.csdn.net,6,67,128
cantera.org,6,83,34
canvas.uts.edu.au,6,67,185
chokkan.github.io,6,100,0
codernav.com,6,100,0
death.andgravity.com,6,62,120
desktop.nclab.com,6,100,0
dicoding.com,6,100,0
django-rest-framework.org,6,100,0
docs.frappe.io,6,100,0
docs.marimo.io,6,100,0
docs.zephyrproject.org,6,100,0
elearn.nthu.edu.tw,6,67,179
faker.readthedocs.io,6,83,10
gvanrossum.github.io,6,67,10
lightning.ai,6,100,0
lrps.wgu.edu,6,67,100
moodle.bbcag.ch,6,30,751
myapollo.com.tw,6,86,4
nhairs.github.io,6,43,287
opensearch-project.github.io,6,100,0
openseespydoc.readthedocs.io,6,100,0
orgpad.info,6,100,0
psycopg.org,6,100,0
pylint.readthedocs.io,6,83,118
react-app-python-runner.vercel.app,6,83,3
runestone.academy,6,50,4
sagemaker.readthedocs.io,6,83,27
scapy.readthedocs.io,6,50,210
structlog.org,6,83,193
teamtreehouse.com,6,100,0
tensorflow.org,6,80,43
tongyi.com,6,50,90
tvm.apache.org,6,83,2
virtualenv.pypa.io,6,100,0
web.dio.me,6,71,131
werkzeug.palletsprojects.com,6,50,66
westerngovernorsuniversity.sharepoint.com,6,100,0
wikidocs.net,6,100,0
wouterboomsma.github.io,6,100,0
Lilo,5,60,200
absalon.ku.dk,5,80,3
amuletmc.com,5,100,0
