name,visitors
Madrid,201
Santiago,124
Medellín,105
Lima,105
Barcelona,89
Bogotá,78
Quito,71
Benito Juarez,55
N/A,46
Valencia,44
Singapore,39
Málaga,37
Buenos Aires,33
Mexico City,33
Cali,31
Santo Domingo,30
Toluca,25
Caracas,24
Monterrey,23
Las Palmas de Gran Canaria,20
Arequipa,20
Guayaquil,19
Córdoba,19
Santiago de Querétaro,19
Córdoba,18
Gustavo Adolfo Madero,18
La Paz,18
Valladolid,17
San Salvador,17
San José,17
Panamá,17
Zaragoza,16
Montevideo,16
Miguel Hidalgo,16
La Plata,15
León de los Aldama,15
N/A,15
Barranquilla,14
Zapopan,14
Guadalajara,14
Asunción,13
Mérida,13
Puebla,12
Guatemala City,12
N/A,12
Morelia,12
Sevilla,11
Bilbao,11
Álvaro Obregón,11
Azcapotzalco,11
Shenzhen,10
Alicante,10
A Coruña,10
Ciudad Juárez,10
Vigo,9
Parla,9
Iztapalapa,9
Coyoacán,9
Rosario,9
Cochabamba,9
Tijuana,9
Hermosillo,9
Shanghai,8
Terrassa,8
Tlalnepantla,8
N/A,8
Xalapa de Enríquez,8
Ecatepec de Morelos,8
Tegucigalpa,8
Zamora,8
Aguascalientes,8
Ashburn,8
Granada,7
Donostia / San Sebastián,7
Oviedo,7
Lanús,7
Tlalpan,7
Heredia,7
Cartagena,7
Cuauhtémoc,7
Santa Fe,7
San Miguel de Tucumán,7
Talcahuano,7
Talca,7
N/A,7
Concepción,7
Culiacán,7
Palma,6
Sabadell,6
Pamplona,6
Ourense,6
Alcalá de Henares,6
Ituzaingó,6
Veracruz,6
Tula de Allende,6
Cuautitlán Izcalli,6
Managua,6
Maracaibo,6
Barcelona,6
Cuenca,6
Valledupar,6
Bucaramanga,6
N/A,6
San Nicolás de los Garza,6
San Luis Potosí,6
Santiago de Compostela,5
San Sebastián de los Reyes,5
Salamanca,5
Leganés,5
N/A,5
Santiago de los Caballeros,5
Campeche,5
Salta,5
Paraná,5
Bahía Blanca,5
Viña del Mar,5
San Bernardo,5
Puerto Vallarta,5
Miami,5
Austin,5
N/A,5
San Vicent del Raspeig,4
Murcia,4
Jerez de la Frontera,4
Cartagena,4
Almería,4
Almendralejo,4
Paris,4
Pontevedra,4
Mollet del Vallès,4
Logroño,4
Lliçà d'Amunt,4
Resistencia,4
Gobernador Virasora,4
N/A,4
Tuxtla,4
Naucalpan de Juárez,4
N/A,4
Iztacalco,4
Havana,4
Machala,4
Ambato,4
Trujillo,4
Piura,4
Noetinger,4
Temuco,4
N/A,4
Puerto Montt,4
N/A,4
Uruapan,4
Guadalupe,4
Chihuahua,4
New York City,4
Wuxi,3
Utrera,3
Santa Eugènia,3
La Laguna,3
Mérida,3
Marbella,3
Brenes,3
Amsterdam,3
Dresden,3
Berlin,3
Ordizia,3
Vic,3
Tarragona,3
Barakaldo,3
Santa Coloma de Gramenet,3
Ponferrada,3
Lugo,3
León,3
Getxo,3
Collado-Villalba,3
Boadilla del Monte,3
Milan,3
Lomas de Zamora,3
N/A,3
Túxpam de Rodríguez Cano,3
Poza Rica de Hidalgo,3
Ocuituco,3
Lerma de Villada,3
Jalpa de Méndez,3
Ixtlahuaca de Rayón,3
Cholula,3
Cancún,3
Calimaya,3
Acayucan,3
Valencia,3
Coro,3
Santa Marta,3
Montería,3
Manizales,3
N/A,3
Floridablanca,3
N/A,3
Cajamarca,3
San Salvador de Jujuy,3
San Nicolás de los Arroyos,3
Mendoza,3
Las Heras,3
N/A,3
Huancayo,3
Cusco,3
El Pueblito,3
Ciudad de Villa de Álvarez,3
Tepatitlán de Morelos,3
Navojoa,3
Mexicali,3
Mazatlán,3
La Paz,3
La Cañada,3
Ciudad General Escobedo,3
Celaya,3
Dolores Hidalgo Cuna de la Independencia Nacional,3
Emmitsburg,3
Houston,3
Phoenix,3
Cupertino,3
N/A,3
N/A,3
Avellaneda,3
Tel Aviv,2
Ankara,2
Pune,2
Chennai,2
Cochin,2
Tashkent,2
N/A,2
Zhenjiang,2
Guangzhou,2
Dalian,2
Beijing,2
Tokyo,2
Auckland,2
Luanda,2
Accra,2
Zafra,2
Vila-real,2
Toledo,2
Telde,2
Sax,2
Puente-Genil,2
Paterna,2
Lucena,2
Herencia,2
Gandia,2
Fortuna,2
N/A,2
Coria del Río,2
Cáceres,2
Bolulla,2
Armilla,2
Alcoy,2
Alboraya,2
Palermo,2
Imsida,2
Köln,2
Frankfurt am Main,2
N/A,2
Antibes,2
Ružomberok,2
Tczew,2
Ruda Śląska,2
Zamudio,2
El Vendrell,2
Velilla de San Antonio,2
Vallirana,2
Valdemoro,2
Segovia,2
Santander,2
Sant Feliu de Llobregat,2
Ribadesella,2
Olot,2
Olesa de Montserrat,2
Móstoles,2
Lleida,2
Illescas,2
Guadalajara,2
Gijón,2
Getafe,2
Girona,2
Colmenar Viejo,2
Calahorra,2
Avià,2
Alcorcón,2
Ajalvir,2
Corridonia,2
N/A,2
Paso de los Libres,2
Oberá,2
Mercedes,2
Itá Ibaté,2
Federación,2
José María Ezeiza,2
Corrientes,2
Chajarí,2
Berazategui,2
Osório,2
Campinas,2
La Romana,2
