name,visitors,bounce_rate,visit_duration
Google,95871,76,171
Direct / None,48981,67,199
Bing,8796,72,166
python.org,5032,50,196
Yandex,4680,78,113
DuckDuckGo,3776,70,214
chatgpt.com,1208,64,169
GitHub,829,80,115
Baidu,779,72,96
cs50.harvard.edu,685,56,466
boot.dev,624,68,286
udemy.com,592,80,132
Reddit,547,77,123
Ecosia,503,75,207
pandas.pydata.org,493,85,65
Yahoo!,402,74,124
matplotlib.org,277,85,16
realpython.com,241,70,142
code.visualstudio.com,228,73,146
Microsoft Teams,225,76,171
wiki.python.org,220,59,160
qiita.com,219,76,135
note.nkmk.me,218,82,126
pip.pypa.io,215,69,107
discuss.python.org,209,71,169
es.python.org,178,37,259
Qwant,163,61,461
Brave,161,71,237
netacad.com,158,85,41
codecademy.com,147,86,45
docs.pydantic.dev,143,76,100
roadmap.sh,138,66,282
scikit-learn.org,133,70,182
pytorch.org,131,84,49
pytest-mock.readthedocs.io,124,56,286
packaging.python.org,118,70,394
Youtube,109,75,109
numpy.org,108,79,144
quiz2025.csse.canterbury.ac.nz,103,72,239
StackOverflow,100,74,151
link.csdn.net,100,69,125
link.zhihu.com,91,47,160
learn.microsoft.com,88,85,96
moodle.usherbrooke.ca,86,22,718
python.p2hp.com,81,35,313
pygame.org,76,81,67
peps.python.org,73,70,192
pypi.org,70,75,121
doubao.com,66,35,251
fastapi.tiangolo.com,66,71,79
Hacker News,63,56,43
cse2.blinklab.com,62,95,1
airflow.apache.org,57,88,96
notebooks.githubusercontent.com,56,65,244
LinkedIn,55,82,54
networkx.org,55,71,71
docs.pytest.org,52,75,148
edube.org,51,82,62
medium.com,51,78,204
code-basics.com,50,84,92
odoo.com,50,87,35
flask.palletsprojects.com,48,83,253
kivy.org,47,69,151
openclassrooms.com,46,89,110
habr.com,44,77,100
mirhouse.top,43,91,5
360.cn,42,69,112
Wikipedia,42,73,242
docs.astral.sh,42,76,110
yuanbao.tencent.com,42,56,175
ru.hexlet.io,41,73,259
mne.tools,40,84,52
freecodecamp.org,39,92,17
cursos.alura.com.br,38,81,98
docs.ansible.com,38,74,146
Perplexity,37,70,192
leetcode.com,37,87,47
liaoxuefeng.com,35,78,142
qna.habr.com,35,89,19
upgrad.com,35,57,74
discordpy.readthedocs.io,34,86,153
sky.pro,34,71,43
hackerrank.com,33,79,53
robotframework.org,33,82,52
168.188.128.102,31,74,276
courses.edx.org,31,73,39
lms.skillfactory.ru,28,76,92
ntnu.blackboard.com,28,93,131
python.it,28,54,133
sphinx-doc.org,28,57,283
Amazon,27,74,218
127.0.0.1,26,74,361
s3.eu-west-1.amazonaws.com,26,48,46
websockets.readthedocs.io,26,58,413
huggingface.co,25,92,7
elearn.epam.com,24,65,355
mypy.readthedocs.io,24,60,452
runoob.com,24,16,385
digitalocean.com,23,74,169
statsmodels.org,23,91,112
Facebook,22,73,156
byui-cse.github.io,22,58,214
courses.campus.gov.il,22,79,132
docs.scrapy.org,22,87,51
pymupdf.readthedocs.io,22,86,89
app.dataquest.io,21,62,528
blog.csdn.net,21,57,264
confluence.ecmwf.int,21,86,78
docs.pola.rs,21,95,0
presencial.moodle.ufsc.br,21,90,180
skillbox.ru,21,100,0
superfastpython.com,21,71,116
byhy.net,20,80,20
docs.aiohttp.org,20,86,21
edu.hse.ru,20,55,53
gstatic.com,20,64,242
hiladental.co.il,20,45,853
jinja.palletsprojects.com,20,75,102
learn.zybooks.com,20,76,70
mastergroosha.github.io,20,85,24
utokyo-ipp.github.io,20,70,217
virtualenv.pypa.io,20,81,192
developer.mozilla.org,19,55,41
docs.python-telegram-bot.org,19,70,52
docs.ray.io,19,95,10
intranet.alxswe.com,19,61,383
microsoft.github.io,19,84,100
python-forum.io,19,95,78
Gmail,18,80,163
docs.aiogram.dev,18,79,158
python.jp,18,61,340
chat.baidu.com,17,29,376
discuss.streamlit.io,17,78,49
home-assistant.io,17,61,180
loguru.readthedocs.io,17,67,226
theforage.com,17,65,184
eecs485staff.github.io,16,69,282
namu.wiki,16,44,37
pillow.readthedocs.io,16,89,54
pro.arcgis.com,16,41,75
claude.ai,15,69,36
cs.utep.edu,15,75,83
ellibrodepython.com,15,73,203
learning.anaconda.cloud,15,47,93
learning.ccbp.in,15,73,71
lms.sunde41.net,15,16,1524
pyserial.readthedocs.io,15,73,120
codedex.io,14,93,14
docs.vllm.ai,14,86,9
learnpython.org,14,80,50
programiz.com,14,71,43
psycopg.org,14,87,42
pytorch-geometric.readthedocs.io,14,93,94
steam.oxxostudio.tw,14,67,126
Sogou,13,69,68
csie.ntu.edu.tw,13,87,114
distedu.ukma.edu.ua,13,46,96
docs.circuitpython.org,13,69,22
forum.djangoproject.com,13,100,0
pylint.readthedocs.io,13,58,354
web.dio.me,13,43,396
wenxiaobai.com,13,57,40
bugs.python.org,12,50,94
codecademy-enterprise.percipio.com,12,92,2
docs.frappe.io,12,75,96
enki,12,92,32
geeksforgeeks.org,12,67,322
lightning.ai,12,92,54
notion.so,12,46,604
paiza.jp,12,92,16
plato.pusan.ac.kr,12,75,37
scikit-image.org,12,92,1
uvicorn.org,12,75,212
cnblogs.com,11,91,69
datacamp.com,11,82,202
docs.jax.dev,11,64,32
epochconverter.com,11,75,89
faker.readthedocs.io,11,73,68
google.github.io,11,62,49
moodle.telt.unsw.edu.au,11,92,13
pre-commit.com,11,82,11
pyformat.info,11,92,29
pythonlikeyoumeanit.com,11,77,448
strftime.org,11,91,12
werkzeug.palletsprojects.com,11,64,282
Telegram,10,64,717
apscheduler.readthedocs.io,10,60,203
blackbox.ai,10,50,374
chokkan.github.io,10,80,126
docs.snowflake.com,10,100,0
docs.sqlalchemy.org,10,90,119
docs.zephyrproject.org,10,100,0
ege-infa.tilda.ws,10,60,65
ggc.view.usg.edu,10,50,313
ithelp.ithome.com.tw,10,90,7
login.microsoftonline.com,10,80,69
pwn.college,10,90,72
pyinstaller.org,10,90,162
reflex.dev,10,70,45
tongyi.aliyun.com,10,20,501
webcms3.cse.unsw.edu.au,10,50,400
wikidocs.net,10,90,9
Coccoc,9,67,13
arrow.apache.org,9,100,0
avantika.instructure.com,9,70,247
docs.xarray.dev,9,89,193
dusty-radio-335.notion.site,9,73,154
go.skillbox.ru,9,70,207
learn.upgrad.com,9,91,5
moodle.tum.de,9,70,646
moodle.unil.ch,9,78,4
mylo.utas.edu.au,9,85,370
open.uom.lk,9,78,49
python-can.readthedocs.io,9,78,8
stonesoup.readthedocs.io,9,89,36
teratail.com,9,89,60
velog.io,9,100,0
view.genially.com,9,89,8
Lilo,8,88,4
bbgithub.dev.bloomberg.com,8,62,1490
chat.qwen.ai,8,62,108
cheatsheetseries.owasp.org,8,75,241
codeup.kr,8,75,3
devguide.python.org,8,38,134
directai.blog,8,62,161
docs.scipy.org,8,75,229
guru99.com,8,75,6
learn.nvidia.com,8,62,24
link.juejin.cn,8,44,380
moodle.umk.pl,8,40,728
pymongo.readthedocs.io,8,75,10
python-forum.de,8,38,140
python-httpx.org,8,88,112
pythoncheatsheet.org,8,38,151
runestone.academy,8,62,102
tensorflow.org,8,75,80
xlsxwriter.readthedocs.io,8,88,146
ai.pydantic.dev,7,86,78
bot.n.cn,7,86,8
capytale2.ac-paris.fr,7,57,181
cdn.evg.gov.br,7,71,133
cloud.tencent.com,7,57,201
cs61a.org,7,43,108
dataquest.io,7,83,161
diver.diveintocode.jp,7,62,20
django-rest-framework.org,7,100,0
dkz2r.github.io,7,29,450
docs.obspy.org,7,71,156
docs.telethon.dev,7,71,63
elasticsearch-py.readthedocs.io,7,43,129
epfl-cs-112-ma.github.io,7,86,213
gale.udemy.com,7,57,2
hacker101.com,7,86,0
hub-03.stackfuel.com,7,71,29
hub-04.stackfuel.com,7,57,275
joinquant.com,7,71,202
jupyterhub.fbbgg.hs-woe.de,7,78,2
langchain-ai.github.io,7,86,196
learn.snhu.edu,7,100,0
m.so.com,7,57,179
metanit.com,7,71,75
moodle.bogazici.edu.tr,7,86,3
moodle.drew.edu,7,27,356
ntp.msn.cn,7,25,119
oi-wiki.org,7,100,0
online.uom.lk,7,88,74
optuna.readthedocs.io,7,86,1
privacywall.org,7,71,8
pythonmorsels.com,7,57,82
safe.menlosecurity.com,7,71,326
scanpy.readthedocs.io,7,100,0
source.android.com,7,62,55
structlog.org,7,90,1
techradar.com,7,57,7
textual.textualize.io,7,43,320
tproger.ru,7,75,241
uneex.org,7,62,12
urllib3.readthedocs.io,7,86,12
Quora,6,67,48
ai.google.dev,6,86,96
ask.csdn.net,6,83,11
cantera.org,6,71,3
cgp-oex.wgu.edu,6,33,306
cookiecutter.readthedocs.io,6,86,68
developpez.net,6,71,20
dnmtechs.com,6,83,210
docs.dask.org,6,83,148
dsw-gateway-cn-hangzhou.data.aliyun.com,6,100,0
elearning.thws.de,6,17,464
fuse.ai,6,71,16
iclass.tku.edu.tw,6,100,0
introcomp.mit.edu,6,17,56
jerpint.io,6,67,62
jupyterlabnext-1-labs-prod-jupyterlab-us-east-0.labs.cognitiveclass.ai,6,100,0
jupyterlabnext-3-labs-prod-jupyterlab-us-east-0.labs.cognitiveclass.ai,6,100,0
l.workplace.com,6,67,196
learn.srmonline.in,6,43,396
m.blog.naver.com,6,50,219
mike-diaz006.medium.com,6,83,253
nhairs.github.io,6,43,1962
