name,visitors
Chrome,8382
Microsoft Edge,2632
Firefox,1481
Safari,781
Opera,262
Yandex Browser,203
Mobile App,90
(not set),33
Samsung Browser,22
Quark,17
SberBrowser,13
Brave,12
MIUI Browser,10
QQ Browser,10
Smart Lenovo Browser,10
vivo Browser,9
Huawei Browser Mobile,7
Avast Secure Browser,5
QtWebEngine,5
Whale Browser,5
Norton Private Browser,4
Internet Explorer,3
AVG Secure Browser,2
Chromium,2
Sogou Explorer,2
115 Browser,1
360 Secure Browser,1
AdBlock Browser,1
Android Browser,1
DuckDuckGo Privacy Browser,1
Ecosia,1
Kindle Browser,1
Phoenix,1
