name,visitors
Spain,1025
Mexico,587
China,471
Colombia,334
Argentina,305
Chile,226
Peru,181
Ecuador,103
Venezuela,75
United States,71
Dominican Republic,45
Bolivia,37
Singapore,33
Paraguay,22
Uruguay,22
Nicaragua,18
Guatemala,16
Cuba,15
Costa Rica,12
Germany,11
El Salvador,11
Brazil,9
Panama,9
France,8
United Kingdom,7
Honduras,7
Netherlands,7
Switzerland,6
India,6
Russian Federation,6
Canada,5
Portugal,5
Japan,4
Austria,3
Poland,3
Egypt,2
Finland,2
Hong Kong,2
Ireland,2
Italy,2
Kenya,2
Sri Lanka,2
Saudi Arabia,2
Turkey,2
Andorra,1
Australia,1
Cameroon,1
Israel,1
Iran,1
Luxembourg,1
Norway,1
Nepal,1
Pakistan,1
Sweden,1
Syria,1
Ukraine,1
Vietnam,1
