name,visitors,pageviews,bounce_rate,time_on_page,scroll_depth
/it/3/tutorial/index.html,24,37,50,77,77
/it/3.13/tutorial/index.html,19,24,67,20,44
/it/3.13/,12,18,0,13,70
/it/3/tutorial/introduction.html,12,18,86,213,66
/it/3.13/search.html,11,20,50,13,68
/it/3/tutorial/modules.html,11,13,67,172,63
/it/3/tutorial/inputoutput.html,9,11,80,555,58
/it/3.13/tutorial/appetite.html,8,10,50,181,93
/it/3/tutorial/controlflow.html,8,11,67,35,55
/it/3.13/library/index.html,7,12,0,22,36
/it/3.13/tutorial/,7,7,100,8,40
/it/3.13/tutorial/interpreter.html,7,10,0,38,87
/it/3.13/tutorial/introduction.html,7,12,78,1033,47
/it/3/tutorial/datastructures.html,7,13,67,216,52
/it/3.13/library/stdtypes.html,6,6,0,40,37
/it/3/tutorial/appetite.html,6,8,0,34,100
/it/3/tutorial/interpreter.html,6,7,100,50,62
/it/3.13/index.html,5,9,100,293,86
/it/3.13/tutorial/controlflow.html,5,5,100,325,33
/it/3/,5,6,67,31,82
/it/3/library/stdtypes.html,5,7,40,308,14
/it/3/tutorial/stdlib.html,5,5,100,44,73
/it/3/tutorial/venv.html,5,6,100,29,91
/it/3/tutorial/classes.html,4,4,100,96,70
/it/3/tutorial/floatingpoint.html,4,4,100,350,70
/it/3.12/library/functions.html,3,3,100,,30
/it/3.12/tutorial/appetite.html,3,4,100,146,99
/it/3.12/tutorial/introduction.html,3,4,50,,39
/it/3.13/download.html,3,3,100,28,77
/it/3.13/library/idle.html,3,8,0,321,65
/it/3.13/library/math.html,3,4,0,20,9
/it/3.13/reference/index.html,3,4,100,20,33
/it/3.13/tutorial/datastructures.html,3,3,100,42,54
/it/3.13/using/windows.html,3,3,0,28,13
/it/3/tutorial/stdlib2.html,3,3,0,32,70
/it/3.12/,2,2,0,7,66
/it/3.12/reference/index.html,2,9,0,22,20
/it/3.12/tutorial/controlflow.html,2,2,0,386,31
/it/3.12/tutorial/datastructures.html,2,2,0,75,52
/it/3.13/genindex.html,2,4,0,2,100
/it/3.13/library/,2,2,0,18,50
/it/3.13/library/csv.html,2,2,0,29,54
/it/3.13/library/intro.html,2,3,0,7,62
/it/3.13/library/random.html,2,2,0,6,6
/it/3.13/library/tkinter.html,2,3,0,24,11
/it/3.13/library/turtle.html,2,2,0,81,4
/it/3.13/reference/datamodel.html,2,2,0,15,50
/it/3.13/reference/simple_stmts.html,2,2,0,20,40
/it/3.13/tutorial/classes.html,2,2,100,,81
/it/3.13/tutorial/modules.html,2,2,100,69,72
/it/3.13/using/index.html,2,3,0,18,62
/it/3.13/whatsnew/3.13.html,2,3,0,13,35
/it/3/reference/index.html,2,2,0,2,27
/it/3/tutorial/appendix.html,2,5,0,19,78
/it/3/tutorial/errors.html,2,2,0,40,100
/it/3/tutorial/whatnow.html,2,2,0,23,72
/it/3.12/genindex-A.html,1,1,0,8,91
/it/3.12/genindex.html,1,2,0,24,100
/it/3.12/library/dialog.html,1,1,0,9,23
/it/3.12/library/stdtypes.html,1,1,100,,2
/it/3.12/library/tk.html,1,2,0,50,56
/it/3.12/library/tkinter.html,1,2,0,11,100
/it/3.12/library/tkinter.ttk.html,1,2,0,102,34
/it/3.12/reference/lexical_analysis.html,1,1,0,,97
/it/3.12/search.html,1,3,0,139,100
/it/3.12/tutorial/,1,2,0,21,40
/it/3.12/tutorial/classes.html,1,1,100,,
/it/3.12/tutorial/index.html,1,4,0,48,22
/it/3.12/tutorial/interpreter.html,1,1,0,267,100
/it/3.12/tutorial/modules.html,1,2,0,,
/it/3.12/using/editors.html,1,1,0,10,70
/it/3.13/contents.html,1,3,0,48,100
/it/3.13/genindex-A.html,1,2,0,8,7
/it/3.13/genindex-N.html,1,2,0,12,77
/it/3.13/genindex-R.html,1,1,0,18,12
/it/3.13/howto/annotations.html,1,1,0,,59
/it/3.13/howto/curses.html,1,2,0,46,19
/it/3.13/howto/index.html,1,1,0,16,100
/it/3.13/library/binascii.html,1,1,0,7,97
/it/3.13/library/concurrent.futures.html,1,1,0,,
/it/3.13/library/constants.html,1,1,0,18,100
/it/3.13/library/decimal.html,1,1,0,,15
/it/3.13/library/email.html,1,1,0,14,33
/it/3.13/library/hashlib.html,1,1,0,3,18
/it/3.13/library/html.html,1,1,0,5,100
/it/3.13/library/multiprocessing.html,1,2,0,143,2
/it/3.13/library/re.html,1,2,0,248,100
/it/3.13/library/socket.html,1,3,0,,100
/it/3.13/library/string.html,1,1,100,,
/it/3.13/library/tk.html,1,2,0,5,27
/it/3.13/library/tkinter.ttk.html,1,1,0,,
/it/3.13/library/zipimport.html,1,1,0,8,19
/it/3.13/reference/compound_stmts.html,1,1,0,2,2
/it/3.13/reference/executionmodel.html,1,1,0,133,100
/it/3.13/reference/expressions.html,1,1,0,77,47
/it/3.13/reference/grammar.html,1,1,0,4,4
/it/3.13/reference/import.html,1,1,0,5,4
/it/3.13/reference/introduction.html,1,1,0,132,84
/it/3.13/reference/lexical_analysis.html,1,1,0,37,39
/it/3.13/reference/toplevel_components.html,1,1,0,11,71
