name,visitors,bounce_rate,visit_duration
python.org,5290,80,26
Direct / None,3353,82,80
google.com,1765,82,47
docs.python.org,572,83,45
bing.com,103,87,22
duckduckgo.com,103,81,78
python.org/downloads,92,69,24
chatgpt.com,79,86,86
boot.dev,66,93,38
search.brave.com,55,93,22
yandex.ru,51,98,1
netacad.com,48,96,20
devguide.python.org/versions,45,76,112
pypi.org,38,87,5
discuss.python.org,37,73,44
github.com,36,72,58
udemy.com,32,94,15
s3.eu-west-1.amazonaws.com,29,87,130
realpython.com,28,86,58
docs.astral.sh,27,93,3
news.ycombinator.com,27,89,5
cs50.harvard.edu,24,96,0
cn.bing.com,20,73,63
practicum.yandex.ru,18,83,52
packaging.python.org/en/latest/glossary,14,79,22
codecademy.com,13,88,40
python.p2hp.com,11,100,0
youtube.com,11,100,0
android-app://com.reddit.frontpage,9,90,123
google.com.hk,9,89,2
hackerrank.com,9,89,2
openclassrooms.com,9,91,1
qiita.com,9,100,0
android-app://com.linkedin.android,8,100,0
cs50.readthedocs.io,8,88,26
docs.sqlalchemy.org,8,100,0
ecosia.org,8,88,2
elearn.epam.com,8,75,84
pycoders.com,8,75,22
ru.hexlet.io/courses/python-basics/lessons/linting/theory_unit,8,100,0
copilot.microsoft.com,7,71,402
docs.python-guide.org,7,71,269
linkedin.com,7,100,0
nicholashairs.com/posts/major-changes-between-python-versions,7,57,79
python.uihtm.com,7,86,3
reddit.com,7,57,13
ru.hexlet.io/courses/python-basics/lessons/naming/theory_unit,7,86,0
uvirtual.usach.cl,7,100,0
code-basics.com,6,83,77
courses.edx.org,6,100,0
devguide.python.org,6,67,26
flake8rules.com,6,100,0
gemini.google.com,6,67,35
lms.yandex.ru,6,83,23
metanit.com,6,86,11
my.sky.pro,6,100,0
numpydoc.readthedocs.io/en/latest/format.html,6,83,3
palletsprojects.com,6,100,0
perplexity.ai,6,67,90
qwant.com,6,67,33
cosmicpython.com,5,80,13
courses.campus.gov.il,5,100,0
lwn.net,5,80,39
python-poetry.org,5,83,9
renpy.org,5,60,83
ai.pydantic.dev,4,75,18
cms.unir.net,4,80,76
developers.google.com,4,75,115
en.wikipedia.org,4,100,0
link.zhihu.com,4,100,0
maharatech.gov.eg,4,75,5
mail.google.com,4,100,0
namu.wiki,4,100,0
pythonic-exam.com,4,100,0
pythonzen-pep8-exam.com,4,80,69
yandex.ru/clck/jsredir,4,100,0
aluracursos.com,3,100,0
asgi.readthedocs.io/en/latest/introduction.html,3,100,0
blackboard.waketech.edu,3,100,0
claude.ai,3,100,0
cs50.readthedocs.io/cs50/check,3,100,0
desktop.nclab.com,3,100,0
docs.python.org/ja/3.13/c-api/stable.html,3,67,3
dodona.be,3,100,0
edube.org/learn/pe-1/variables-data-shaped-boxes-21,3,100,0
en.wikibooks.org,3,100,0
facebook.com,3,100,0
gist.github.com,3,100,0
github.com/agronholm/typeguard,3,100,0
hatch.pypa.io,3,67,9
in.search.yahoo.com,3,100,0
notebooks.githubusercontent.com,3,100,0
numpy.org,3,100,0
packaging.python.org/en/latest/specifications/pylock-toml,3,33,703
psycopg.org,3,67,22
python-academy.org,3,100,0
ru.hexlet.io,3,67,0
search.yahoo.com,3,33,19
sphinx-doc.org,3,33,172
t.co,3,100,0
typing.python.org,3,67,9
academy.cs.cmu.edu,2,50,11
alwaysintreble.github.io,2,100,0
android-app://com.google.android.gm,2,100,0
android-app://com.google.android.googlequicksearchbox,2,100,0
app.codica.la/courses/python_basics_course/lessons/naming/theory_unit,2,100,0
asgi.readthedocs.io,2,100,0
ava.pucpr.br,2,100,0
baidu.com/link,2,100,0
blackle.com,2,50,13
blog.codingconfessions.com,2,100,0
blog.pypi.org,2,50,17
bookdown.org,2,100,0
bottlepy.org,2,100,0
bugs.python.org,2,50,6
builtin.com,2,50,46
cnblogs.com,2,50,710
codeit.kr,2,100,0
codereview.int.varjo.com,2,100,0
colab.google,2,100,0
cran.r-project.org,2,50,0
cs3240.org,2,100,0
cs50.readthedocs.io/cs50.dev,2,100,0
datacamp.com,2,100,0
devguide.python.org/developer-workflow/development-cycle,2,0,156
dicoding.com,2,100,0
docs.micropython.org,2,0,280
docs.nvidia.com,2,0,86
docs.pydantic.dev,2,100,0
docs.python.org/3.13/using/windows.html,2,50,36
docutils.sourceforge.io,2,50,2
doubao.com,2,50,608
echonimo.com,2,0,844
en.m.wikipedia.org,2,100,0
endoflife.date,2,50,69
evernote.com,2,100,0
forums.raspberrypi.com,2,100,0
freecodecamp.org/news/python-code-examples-sample-script-coding-tutorial-for-beginners,2,100,0
github.com/9001/copyparty,2,100,0
github.com/Jose-George/python-bolsa-futuro-digital/blob/main/aula%20-%2003/%20Guia%20para%20Iniciantes%20com%20Conceitos%20de%20Engenharia%20de%20Software.md,2,100,0
github.com/PKU-CMEGroup/NeuralOperator,2,100,0
github.com/davepeck/pep750-examples,2,33,21
github.com/mkleehammer/pyodbc,2,100,0
github.com/pypa/pip/issues/11457,2,100,0
github.com/pypa/setuptools/discussions/3860,2,50,2
github.com/python/cpython,2,100,0
github.com/python/cpython/issues/116035,2,100,0
github.com/python/steering-council,2,0,1662
google.de,2,100,0
hobbylists.tistory.com/m/entry/%EA%B5%B0%EB%8C%80-%EC%82%AC%EC%A7%80%EB%B0%A9%EC%97%90%EC%84%9C-%ED%86%B5%ED%95%A9%EA%B0%9C%EB%B0%9C%ED%99%98%EA%B2%BD-%EA%B5%AC%EC%B6%95%ED%95%98%EB%AA%A8%EB%8B%88%EC%B9%B4%EA%B5%AC%EB%A6%84IDE,2,50,22
iconspedia.com,2,50,657
incogna.com,2,0,288
isg.suss.edu.sg,2,100,0
itsfoss.com/externally-managed-environment,2,100,0
jean.abou-samra.fr,2,100,0
joshcannon.me,2,100,0
jpmc.udemy.com,2,100,0
jupyterhub.apps.stack.it.ntnu.no,2,100,0
learn.codeinstitute.net,2,100,0
learn.rrc.ca,2,50,21
learn.snhu.edu,2,100,0
link.csdn.net,2,50,8
lms.gokstadakademiet.no,2,100,0
moodle.jamk.fi,2,100,0
multisearching.com,2,0,1348
nadeemabdulhamid.github.io,2,100,0
nerdydata.com,2,0,240
obagy.com,2,100,0
omz-software.com,2,50,66
packaging.python.org/en/latest/key_projects,2,100,0
packaging.python.org/en/latest/specifications/core-metadata,2,100,0
polycola.com,2,50,246
pylint.readthedocs.io/en/latest/user_guide/messages/convention/invalid-name.html,2,100,0
pymysql.readthedocs.io/en/latest/modules/connections.html,2,100,0
pythoncentral.io,2,50,40
pythoninsider.blogspot.com,2,50,12
read.amazon.com,2,100,0
riverqueue.com,2,100,0
scientific-python.org,2,50,16
search.infospace.com,2,50,70
setuptools.pypa.io/en/latest/setuptools.html,2,50,14
setuptools.pypa.io/en/latest/userguide/package_discovery.html,2,100,0
setuptools.pypa.io/en/latest/userguide/pyproject_config.html,2,100,0
simeonvisser.com,2,100,0
softserve.academy,2,67,581
sperse.com,2,50,242
subscription.packtpub.com/book/programming/9781835882948/2/ch02lvl1sec21/mutable-sequences,2,0,164
subscription.packtpub.com/book/programming/9781835882948/3/ch03lvl1sec29/looping,2,100,0
tcsglobal.udemy.com,2,100,0
teamtreehouse.com,2,50,12
test.pypi.org,2,100,0
trio.readthedocs.io/en/stable/reference-core.html,2,50,1
turing.docebosaas.com,2,100,0
twithority.com,2,0,960
typing-extensions.readthedocs.io/en/latest,2,100,0
typing.python.org/en/latest/guides/writing_stubs.html,2,100,0
typing.python.org/en/latest/spec/protocol.html,2,100,0
ua.udemy.com,2,100,0
uk.search.yahoo.com,2,50,8
uottawa.brightspace.com,2,100,0
usr.codyssey.kr,2,100,0
viblo.asia,2,50,68
webnocular.com,2,0,770
werkzeug.palletsprojects.com/en/stable/quickstart,2,0,36
wheelnext.dev,2,50,14
wikidocs.net,2,100,0
wsgi.readthedocs.io/en/latest/what.html,2,100,0
yandex.by,2,100,0
yometa.com,2,0,162
academy.hackthebox.com,1,100,0
academy.hsoub.com,1,100,0
agent55.com,1,100,0
ageorgou.github.io,1,100,0
aidoczh.com,1,100,0
alembic.sqlalchemy.org,1,100,0
alexander-pastukhov.github.io,1,100,0
ano-kato.com,1,0,405
ansearch.com,1,0,1026
anvil.works,1,100,0
apexoo.com,1,0,1321
app.certidevs.com,1,100,0
appacademy.io,1,100,0
aprendepython.es,1,100,0
apscheduler.readthedocs.io/en/3.x/modules/schedulers/asyncio.html,1,100,0
archive.apache.org,1,100,0
arrow.apache.org,1,100,0
aulavirtual.usantotomas.edu.co,1,100,0
backenster.com,1,100,0
baeldung.com,1,100,0
bblearn.atu.edu,1,100,0
biomed-search.com,1,0,482
black.readthedocs.io/en/stable/the_black_code_style/current_style.html,1,100,0
black.readthedocs.io/en/stable/usage_and_configuration/the_basics.html,1,0,71
blog.naver.com/PostView.naver,1,0,6
blog.oxrse.uk,1,100,0
boto3.amazonaws.com,1,100,0
brentyi.github.io,1,100,0
bury-thomas.medium.com/shebang-uv-micro-automation-587b8d47a6fd,1,100,0
byhy.net,1,100,0
campus.uner.edu.ar,1,100,0
canvas.tamu.edu/courses/405476/pages/m2-learning-materials,1,100,0
cflin.com,1,100,0
china-testing.github.io,1,100,0
classroom.google.com,1,100,0
clickhouse-driver.readthedocs.io/en/latest/features.html,1,100,0
cnt-a4540b70-ccf7-46ea-849e-a8c60c49faa0.containerhub.tripleten-services.com,1,100,0
coddy.tech,1,100,0
code.s3.yandex.net,1,100,0
codechacha.com,1,100,0
colab.research.google.com,1,100,0
comp1005.github.io,1,100,0
confluence.qualcomm.com,1,100,0
console.cloud.google.com,1,100,0
conteudo.avaeduc.com.br,1,100,0
conteudo.colaboraread.com.br,1,100,0
contributors.scala-lang.org,1,100,0
copier.readthedocs.io/en/stable/updating,1,100,0
cpatl.atlassian.net,1,100,0
cs.odu.edu,1,100,0
cs50.readthedocs.io/api/dining,1,100,0
cs50.readthedocs.io/api/map,1,100,0
cs50.readthedocs.io/certificates.cs50.io,1,100,0
cs50.readthedocs.io/libraries/cs50/python,1,100,0
cs50.readthedocs.io/python,1,100,0
cs50.readthedocs.io/submit50,1,100,0
ctc.blackboard.com,1,100,0
cursos.alura.com.br,1,100,0
cython.readthedocs.io/en/latest/src/userguide/language_basics.html,1,100,0
davinci.mediatek.inc,1,100,0
de.m.wikipedia.org,1,100,0
developer.blender.org,1,100,0
devguide.python.org/documentation/translations/coordinating,1,100,0
devportal.cloud.capitalone.com,1,100,0
discourse.pyrevitlabs.io,1,100,0
disq.us,1,100,0
doc.renpy.cn,1,100,0
docs.ansible.com,1,100,0
docs.blender.org,1,100,0
docs.brew.sh,1,100,0
docs.brew.sh/Homebrew-and-Python,1,100,0
docs.godotengine.org/en/4.4/tutorials/scripting/gdscript/gdscript_styleguide.html,1,100,0
docs.pex-tool.org,1,100,0
docs.pytest.org/en/stable/how-to/writing_plugins.html,1,100,0
docs.python.org/3/tutorial/modules.html,1,100,0
docs.python.org/zh-cn/3.13/reference/compound_stmts.html,1,100,0
docs.python.org/zh-cn/3.13/reference/simple_stmts.html,1,100,0
docs.ray.io/en/latest/ray-core/objects/serialization.html,1,100,0
docs.snowflake.com,1,100,0
documentation.blackcowtech.uk,1,100,0
draze.com,1,0,1277
dropbox.com,1,100,0
duckdb.org,1,100,0
durhamcollege.desire2learn.com,1,100,0
edube.org/learn/pcpp1-python-enhancement-proposals-peps/pep-1-pep-purpose-and-guidelines-1,1,100,0
egerin.com,1,0,499
eksiseyler.com,1,100,0
emea.search.yahoo.com,1,100,0
endler.dev,1,100,0
endler.dev/2025/best-programmers,1,100,0
engineering.fb.com,1,100,0
