name,visitors,bounce_rate,visit_duration
Direct / None,2716,69,214
google.com,767,83,344
python.org,139,65,327
google.com.hk,58,88,254
bing.com,55,82,153
duckduckgo.com,36,56,842
cn.bing.com,31,82,83
peps.python.org,27,88,40
practicum.yandex.ru,26,82,49
baidu.com/link,19,92,140
chatgpt.com,15,100,154
search.brave.com,10,100,521
yandex.ru,7,0,133
github.com/python/peps/blob/main/peps/pep-0693.rst,5,100,0
doubao.com,4,0,952
github.com/jwodder/versioningit/issues/48,4,100,0
link.zhihu.com,4,100,15
m.baidu.com,4,100,38
moodle.utfpr.edu.br,4,75,1
reddit.com,4,100,170
statics.teams.cdn.office.net,4,100,976
127.0.0.1,3,100,0
baidu.com,3,100,26
docs.astral.sh,3,50,47
github.com,3,67,36
qwant.com,3,0,795
cs50.harvard.edu,2,0,3144
gemini.google.com,2,100,0
github.com/devopshq/artifactory/issues/430,2,100,0
google.co.jp,2,100,0
jcnwdyg5i740.feishu.cn,2,0,890
lrps.wgu.edu,2,100,0
moodle.tsubata.itrev.info,2,100,0
nanograv-pint.readthedocs.io/en/latest/_autosummary/pint.toa.get_TOAs.html,2,0,14
networkx.org,2,0,48
python.org/downloads/release/python-3135,2,0,1114
realpython.com,2,100,0
search.yahoo.co.jp,2,100,0
163.17.8.63,1,0,5
android-app://com.google.android.googlequicksearchbox,1,100,0
bic-berkeley.github.io,1,0,5569
blog.csdn.net/luchengtao11/article/details/126442670,1,0,0
chat.baidu.com,1,100,0
code.visualstudio.com,1,0,16
codecademy.cn,1,0,1451
confluence.microchip.com,1,100,0
devdocs.io,1,100,0
docs.opencv.org,1,0,316
docs.popo.netease.com,1,100,0
docs.pydantic.dev,1,0,503
docs.qz.apps.baml.com,1,0,0
enghub.gs.com/happy-path/python/docs/concepts/python-versions,1,100,0
es.python.org,1,0,170
eshift.ktalk.ru,1,100,0
facebook.com,1,100,0
forum.ansible.com,1,100,0
furydocs.io,1,100,0
gateway.zscloud.net,1,100,0
github.com/danifus/pyzipper,1,0,1192
github.com/gusmanb/logicanalyzer/commit/5fbdd7c70b79004477b46876900cfacafbcf1f62,1,100,0
github.com/key4hep/key4hep-reco-validation/pull/6/files/e25dc1fff4452230db99bd67329f1369afcabff1,1,100,0
github.com/kmchmk/Telnet-Client,1,0,17
github.com/mkdocstrings/griffe/issues/342,1,100,0
github.com/pylint-dev/astroid/issues/2201,1,100,0
github.com/python/cpython/issues/112866,1,0,29
github.com/python/cpython/pull/32056,1,100,0
github.com/python/python-docs-zh-cn/issues/386,1,100,0
github.com/supersaiyanmode/PyWebOSTV/issues/108,1,0,432
google.ca,1,0,1576
google.co.uk,1,0,91
google.com.pk,1,0,236
google.de,1,0,145
google.gr,1,0,753
habr.com/ru/articles/516858,1,0,1643
hitachigroup.okta.com,1,100,0
launchschool.com,1,0,5494
learn.microsoft.com,1,0,15
link.csdn.net,1,0,1083
m.baidu.com/from=1012852q/bd_page_type=1/ssid=0/uid=0/pu=usm%401%2Csz%401320_1004%2Cta%40iphone_2_13.0_11_18.1/baiduid=2E9C5ABF4F78159D520756124D600133/w=0_10_/t=iphone/l=1/tc,1,0,1787
m.baidu.com/from=1020681l/bd_page_type=1/ssid=0/uid=0/pu=usm%400%2Csz%401320_1001%2Cta%40iphone_2_15.0_18_40.9/baiduid=D88895D6EC272E25F5CCAFE25DA03D2A/w=90_10_/t=iphone/l=1/tc,1,100,0
mattech.atlassian.net,1,0,22
neopythonic.blogspot.com,1,100,0
note.nkmk.me,1,0,1856
packaging.python.org/en/latest/specifications/virtual-environments,1,0,233
packaging.python.org/en/latest/tutorials/installing-packages,1,0,284
packaging.python.org/en/latest/tutorials/packaging-projects,1,0,79
pages.git.hub.vwgroup.com,1,100,0
pebble.readthedocs.io/en/latest/index.html,1,0,1739
peps.python.org/pep-0693,1,0,1264
perplexity.ai,1,100,0
pip.pypa.io/en/stable/installation,1,0,667
pucminas.instructure.com/courses/199117/modules/items/4332331,1,100,0
pucminas.instructure.com/courses/199119/modules/items/4332332,1,100,0
pypdf.readthedocs.io,1,100,0
pypdf.readthedocs.io/en/4.3.1/modules/annotations.html,1,0,1290
pypdf.readthedocs.io/en/stable/modules/PdfReader.html,1,100,0
python-type-challenges.zeabur.app,1,0,1854
python.org/downloads/release/python-3120,1,100,0
python.org/downloads/release/python-3128,1,0,4104
python.p2hp.com,1,0,36
pythonspeed.com,1,100,0
qiita.com,1,0,21
read.amazon.com,1,100,0
runebook.dev,1,100,0
skilio.com,1,0,113
so.com/link,1,100,0
superfastpython.com,1,100,0
svcs.hynek.me/en/stable/core-concepts.html,1,0,3130
velog.io,1,100,0
www4.bing.com,1,0,2533
yandex.ru/search,1,0,850
zhihu.com,1,0,47
