name,visitors,pageviews,bounce_rate,time_on_page,scroll_depth
/pl/3/tutorial/index.html,31,35,59,83,49
/pl/3.13/tutorial/index.html,19,29,50,134,47
/pl/3/tutorial/datastructures.html,14,14,64,148,49
/pl/3/,12,11,78,8,83
/pl/3.13/,11,9,0,9,80
/pl/3/tutorial/interpreter.html,9,11,67,56,80
/pl/3.13/tutorial/introduction.html,8,6,100,393,42
/pl/3/tutorial/appetite.html,8,8,50,196,90
/pl/3/tutorial/introduction.html,7,9,100,229,50
/pl/3/tutorial/venv.html,7,11,88,281,79
/pl/3.13/tutorial/appetite.html,6,5,100,108,91
/pl/3.13/tutorial/interpreter.html,6,6,50,109,86
/pl/3/installing/index.html,6,6,75,161,85
/pl/3.13/library/index.html,5,5,0,19,16
/pl/3/tutorial/controlflow.html,5,5,50,68,16
/pl/3/tutorial/errors.html,5,6,100,22,20
/pl/dev/tutorial/classes.html,5,5,100,53,54
/pl/3.13/search.html,4,6,0,12,28
/pl/3.13/tutorial/controlflow.html,4,4,0,141,69
/pl/3/contents.html,4,4,0,,
/pl/3/library/index.html,4,3,0,32,12
/pl/3/tutorial/,4,4,33,4,74
/pl/3/tutorial/modules.html,4,5,100,25,20
/pl/3.13/tutorial/classes.html,3,3,0,106,17
/pl/3.13/tutorial/datastructures.html,3,5,67,9,8
/pl/3.13/tutorial/inputoutput.html,3,2,0,6,25
/pl/3/tutorial/classes.html,3,4,50,39,28
/pl/3/tutorial/inputoutput.html,3,4,100,172,30
/pl/3.12/library/array.html,2,2,0,19,60
/pl/3.13/glossary.html,2,2,0,,
/pl/3.13/index.html,2,1,0,2,74
/pl/3.13/library/email.examples.html,2,1,0,11,10
/pl/3.13/library/fractions.html,2,1,0,360,44
/pl/3.13/library/tkinter.ttk.html,2,2,0,27,31
/pl/3.13/py-modindex.html,2,2,0,3,12
/pl/3.13/reference/grammar.html,2,3,0,23,5
/pl/3.13/tutorial/,2,2,100,37,34
/pl/3/index.html,2,3,0,53,91
/pl/3/library/array.html,2,2,100,1,24
/pl/3/library/copy.html,2,1,0,568,62
/pl/dev/library/turtle.html,2,2,100,,
/pl/dev/tutorial/stdlib.html,2,2,100,6,16
/pl/3.12/,1,1,100,2,35
/pl/3.12/howto/sorting.html,1,1,0,275,31
/pl/3.12/installing/index.html,1,1,100,12,51
/pl/3.12/library/functions.html,1,3,0,517,84
/pl/3.12/library/functools.html,1,1,0,1,19
/pl/3.12/library/graphlib.html,1,1,100,,
/pl/3.12/library/http.cookies.html,1,1,100,,
/pl/3.12/library/os.html,1,1,0,13,2
/pl/3.12/library/types.html,1,2,100,2,10
/pl/3.12/tutorial/controlflow.html,1,1,0,150,68
/pl/3.12/tutorial/datastructures.html,1,1,0,144,9
/pl/3.12/tutorial/index.html,1,1,0,12,43
/pl/3.12/tutorial/inputoutput.html,1,1,100,,
/pl/3.13/c-api/index.html,1,1,0,,
/pl/3.13/c-api/type.html,1,1,0,8,62
/pl/3.13/faq/,1,1,0,3,100
/pl/3.13/faq/general.html,1,1,0,8,11
/pl/3.13/library/cmdline.html,1,1,0,5,61
/pl/3.13/library/decimal.html,1,1,0,,
/pl/3.13/library/functions.html,1,1,0,,
/pl/3.13/library/math.html,1,1,0,5,5
/pl/3.13/library/os.html,1,2,0,50,4
/pl/3.13/library/random.html,1,1,0,15,7
/pl/3.13/library/smtplib.html,1,1,0,50,80
/pl/3.13/library/string.html,1,1,100,,
/pl/3.13/library/tkinter.html,1,1,0,22,14
/pl/3.13/license.html,1,1,100,12,16
/pl/3.13/reference/index.html,1,1,0,,
/pl/3.13/tutorial/errors.html,1,1,0,,
/pl/3.13/tutorial/modules.html,1,1,0,,
/pl/3.13/tutorial/stdlib.html,1,1,100,6,13
/pl/3.13/using/windows.html,1,1,0,6,2
/pl/3.13/whatsnew/3.13.html,1,1,100,5,2
/pl/3.14/contents.html,1,1,0,7,1
/pl/3.14/tutorial/datastructures.html,1,1,100,262,65
/pl/3/about.html,1,1,100,,
/pl/3/c-api/gcsupport.html,1,1,100,,
/pl/3/extending/extending.html,1,1,100,62,100
/pl/3/extending/newtypes_tutorial.html,1,3,50,9,4
/pl/3/glossary.html,1,1,0,4,4
/pl/3/library/abc.html,1,1,100,,
/pl/3/library/functions.html,1,1,100,,
/pl/3/library/json.html,1,1,100,,
/pl/3/library/socket.html,1,1,100,,
/pl/3/library/statistics.html,1,1,0,12,13
/pl/3/library/stdtypes.html,1,1,100,,
/pl/3/library/string.html,1,1,100,235,5
/pl/3/reference/index.html,1,1,0,,
/pl/3/tutorial/appendix.html,1,1,0,305,100
/pl/3/tutorial/stdlib.html,1,3,0,309,53
/pl/3/tutorial/stdlib2.html,1,2,0,102,100
/pl/3/tutorial/whatnow.html,1,1,0,36,70
/pl/dev/contents.html,1,1,100,,
/pl/dev/library/modulefinder.html,1,1,100,,
/pl/dev/library/statistics.html,1,1,100,,
/pl/dev/tutorial/floatingpoint.html,1,1,100,24,13
/pl/dev/tutorial/inputoutput.html,1,1,100,16,35
