name,visitors,bounce_rate,visit_duration
google.com,1710,81,193
Direct / None,859,65,337
bing.com,158,72,156
google.fr,102,72,415
search.brave.com,64,88,47
qwant.com,63,75,402
duckduckgo.com,49,69,164
ecosia.org,39,81,81
python.org,37,0,426
chatgpt.com,24,78,69
openclassrooms.com,23,78,49
fr.search.yahoo.com,10,80,13
jupyterlab.univ-eiffel.fr,6,29,1530
copilot.microsoft.com,4,100,220
fsg-pax-p-jhn01.pax.ulaval.ca,4,62,310
m.baidu.com,4,33,38
train.learn.datascientest.com,4,50,48
python.guillod.org,3,67,342
schooding.fr,3,33,139
wiki.python.org,3,0,1126
127.0.0.1,2,100,0
afpy.org,2,50,10
campusnumerique.auf.org,2,100,0
developpez.net,2,50,80
google.be,2,100,0
google.co.jp,2,0,53
he-arc.github.io,2,0,1344
informatique-lycee.forge.apps.education.fr,2,100,0
lgt-pierre-et-marie-curie-06500-moodle.atrium-sud.fr,2,50,832
moodle.unil.ch,2,100,0
people.montefiore.uliege.be,2,0,32
perplexity.ai,2,50,16
portail.lyc-la-martiniere-diderot.ac-lyon.fr,2,100,0
python.sdv.u-paris.fr,2,50,892
snt.genevoix-signoret-vinci.fr,2,50,1014
0900004r.moodle.eclat-bfc.fr,1,100,0
android-app://com.google.android.googlequicksearchbox,1,100,0
capytale2.ac-paris.fr,1,100,0
cn.bing.com,1,0,98
cs.sjtu.edu.cn,1,0,11
documents.migale.inrae.fr,1,100,0
e-campus.cpe.fr,1,100,0
ecollege.etbonline.ie,1,0,362
endler.dev,1,0,8
eprel.u-pec.fr,1,100,0
fsg-pax-a-jhn01.fsg.ulaval.ca,1,0,85
github.com,1,0,2
github.com/HueyNemud/tnah_atelierpython/tree/main/session_1/sequence_2,1,0,480
github.com/Retro0Root/4chan-archives-images-downloader,1,100,0
google.ca,1,100,0
google.cd,1,100,0
google.ch,1,100,0
google.co.ma,1,0,270
google.gp,1,100,0
google.it,1,100,0
google.md,1,0,58
google.tn,1,0,2093
index.dev,1,0,0
info-nf.com,1,100,0
lgt-pierre-et-marie-curie-06500-moodle.atrium-sud.fr/mod/url/view.php,1,100,0
m.baidu.com/from=1013966u/bd_page_type=1/ssid=0/uid=0/pu=usm%400%2Csz%401320_1001%2Cta%40iphone_2_9.0_19_24.6/baiduid=8092AF35A721B575F134DE4D9EE0BE53/w=0_10_/t=iphone/l=1/tc,1,100,0
m.baidu.com/from=1020761f/bd_page_type=1/ssid=0/uid=0/pu=usm%400%2Csz%401320_1001%2Cta%40iphone_2_14.0_19_23.6/baiduid=378E107D02AFC53A6D0B8BE8C2389A86/w=0_10_/t=iphone/l=1/tc,1,100,0
mightytechy.com,1,100,0
moodle.umontpellier.fr/course/view.php,1,100,0
mycourses.ieseg.fr,1,100,0
netacad.com,1,0,6
nohtyprm.github.io,1,100,0
nsi.xyz,1,0,0
phillanglois.github.io,1,100,0
pip.pypa.io/en/stable/installation,1,0,49
pixees.fr,1,0,71
poe.com,1,0,125
python-type-challenges.zeabur.app,1,0,2041
pythonguis.com,1,0,1844
reddit.com,1,0,1460
rtavenar.github.io,1,100,0
search.lilo.org,1,100,0
search.yahoo.com,1,0,1160
sitescours.monportail.ulaval.ca,1,0,59
snt.ababsurdo.fr,1,100,0
statics.teams.cdn.office.net,1,100,0
thanh-nguyen.fr,1,100,0
yandex.ru,1,0,218
youtube.com,1,100,0
