name,visitors
Île-de-France,842
Auvergne-Rhône-Alpes,252
Occitanie,150
Provence-Alpes-Côte-d'Azur,126
Hauts-de-France,125
Nouvelle-Aquitaine,102
Grand-Est,94
Pays-de-la-Loire,90
Normandie,68
Brittany,55
Quebec,51
Tunis,46
Wallonia,43
Centre-Val de Loire,33
Burgundy-Franche-Comté,32
Dakar,31
Meknès-Tafilalet,30
Abidjan,26
Brussels,25
Vaud,18
Oriental,18
Littoral,15
England,13
Ontario,10
Centre,10
Algiers,10
Chaouia-Ouardigha,10
Flanders,9
Maritime,9
Bamako,8
Kinshasa,7
Littoral,7
Estuaire,7
Lombardy,7
Tangier-Tétouan,7
Rabat-Salé-Zemmour-Zaer,7
California,7
Centre,6
Geneva,6
Corse,6
Catalonia,5
Conakry,5
North Holland,5
Bujumbura,4
São Paulo,4
Haut-Katanga,4
Brazzaville,4
Bern,4
Béchar,4
Murcia Region,4
NC-S,4
Ben Arous,4
Nabeul,4
Victoria,3
Alibori,3
Berlin,3
Hesse,3
Tokyo,3
Taza-Al Hoceima-Taounate,3
Bizerte,3
Andorra la Vella,2
New South Wales,2
Baku,2
Aargau,2
Zürich,2
Guangdong,2
Antioquia,2
Baden-Württemberg,2
Bavaria,2
Mecklenburg-Vorpommern,2
Lower Saxony,2
North Rhine-Westphalia,2
Blida,2
Annaba,2
Constantine,2
Ouargla,2
Oran,2
Uusimaa,2
Central Macedonia,2
Connacht,2
Veneto,2
Emilia-Romagna,2
Luxembourg,2
Lima,2
Silesia,2
Riyadh,2
N'Djamena,2
Ariana,2
Sousse,2
Washington,2
Ho Chi Minh City,2
La Rioja,1
Vienna,1
Gitega,1
Donga,1
Ouémé,1
Rio de Janeiro,1
Brest,1
St. Gallen,1
Valais,1
Sichuan,1
Shanxi,1
Yunnan,1
Zhejiang,1
Capital District,1
Ústí nad Labem,1
Hamburg,1
Djibouti,1
Tiaret,1
Sétif,1
Ghardaïa,1
Castile-La Mancha,1
Madrid Autonomous Community,1
Faranah Region,1
West Java,1
Jakarta,1
East Kalimantan,1
Punjab,1
Gyeonggi,1
Al Asimah,1
Gharb-Chrarda-Béni Hssen,1
Fès-Boulemane,1
Ciudad de Mexico,1
Zinder,1
South Holland,1
Lisbon,1
Doha,1
Altai Krai,1
Krasnodar Krai,1
Saint Petersburg,1
Al-Qassim,1
San Salvador,1
Salamat,1
Bangkok,1
Zaghouan,1
Kef,1
Kairouan,1
Monastir,1
Ankara,1
Istanbul,1
Arizona,1
Colorado,1
North Carolina,1
Ohio,1
Utah,1
Wisconsin,1
Tashkent,1
