name,visitors,pageviews,bounce_rate,time_on_page,scroll_depth
/ko/3.13/library/intro.html,316,287,89,4,25
/ko/3.13/tutorial/index.html,118,165,52,28,51
/ko/3.13/library/idle.html,71,90,71,11,23
/ko/3.13/library/index.html,63,93,52,35,48
/ko/3.13/library/functions.html,55,85,68,43,45
/ko/3.13/,54,66,37,40,79
/ko/3/tutorial/index.html,52,70,56,16,64
/ko/3/,48,72,44,19,84
/ko/3.13/tutorial/interpreter.html,45,59,88,43,78
/ko/3.13/installing/index.html,41,43,86,52,67
/ko/3.13/tutorial/inputoutput.html,40,41,81,58,43
/ko/3.13/search.html,36,46,25,11,52
/ko/dev/c-api/marshal.html,36,37,94,3,44
/ko/3.13/tutorial/appetite.html,31,33,46,32,81
/ko/3.13/tutorial/controlflow.html,29,30,75,142,26
/ko/dev/library/turtle.html,29,38,59,32,19
/ko/3.13/library/csv.html,27,29,81,29,34
/ko/3.13/library/math.html,27,76,47,397,50
/ko/3.13/library/stdtypes.html,27,29,56,75,26
/ko/dev/library/idle.html,27,30,76,6,17
/ko/3.13/tutorial/introduction.html,24,35,67,175,60
/ko/3/library/stdtypes.html,23,24,88,28,16
/ko/3.13/tutorial/errors.html,22,21,82,27,39
/ko/3/library/functions.html,22,41,88,250,46
/ko/3.13/library/collections.html,21,21,90,44,29
/ko/3.13/library/random.html,20,24,75,34,36
/ko/3/tutorial/,20,28,47,18,53
/ko/3/tutorial/interpreter.html,20,20,50,26,66
/ko/dev/genindex-M.html,19,26,50,5,13
/ko/3.13/tutorial/classes.html,18,15,92,152,46
/ko/3.13/tutorial/datastructures.html,18,18,80,35,41
/ko/3.13/using/windows.html,18,18,100,34,26
/ko/3/tutorial/appetite.html,18,14,50,25,94
/ko/3.13/library/subprocess.html,17,15,100,92,16
/ko/3.13/library/asyncio-task.html,16,18,83,110,33
/ko/3.13/library/re.html,15,15,73,45,34
/ko/3.13/library/turtle.html,15,16,60,54,20
/ko/3/library/index.html,15,23,75,119,36
/ko/3/tutorial/introduction.html,15,13,100,89,50
/ko/3.13/howto/sorting.html,13,13,91,31,58
/ko/3.13/library/datetime.html,12,14,100,43,46
/ko/3.13/library/multiprocessing.html,12,12,100,7,13
/ko/3.13/library/os.path.html,12,12,89,27,38
/ko/3.13/library/pathlib.html,12,12,92,15,24
/ko/3.13/tutorial/modules.html,12,13,40,35,35
/ko/3/reference/,12,14,75,6,57
/ko/3.13/index.html,11,15,100,99,81
/ko/3.13/library/tkinter.ttk.html,11,12,100,26,10
/ko/3/library/turtle.html,11,11,88,37,32
/ko/3/tutorial/controlflow.html,11,10,100,404,62
/ko/3/tutorial/datastructures.html,10,13,91,45,26
/ko/3.13/library/calendar.html,9,9,89,9,15
/ko/3.13/library/json.html,9,9,67,11,20
/ko/3.13/reference/index.html,9,9,40,7,82
/ko/3.13/whatsnew/index.html,9,9,88,7,16
/ko/3.13/library/heapq.html,8,9,86,27,65
/ko/3.13/library/pprint.html,8,9,62,10,48
/ko/3.13/library/struct.html,8,8,100,18,30
/ko/3.13/library/threading.html,8,6,100,213,25
/ko/3.13/whatsnew/3.13.html,8,6,0,13,4
/ko/3/index.html,8,8,60,10,77
/ko/3/library/uuid.html,8,7,100,29,43
/ko/3.13/contents.html,7,5,0,30,6
/ko/3.13/howto/regex.html,7,7,57,98,65
/ko/3.13/library/copy.html,7,8,83,34,86
/ko/3.13/library/exceptions.html,7,6,33,111,73
/ko/3.13/py-modindex.html,7,7,0,21,47
/ko/3.13/tutorial/floatingpoint.html,7,6,100,61,58
/ko/3/library/contextlib.html,7,7,86,25,63
/ko/3/library/datetime.html,7,6,100,14,25
/ko/3/search.html,7,14,67,17,60
/ko/dev/library/mmap.html,7,6,100,7,95
/ko/3.13/library/ast.html,6,6,100,7,40
/ko/3.13/library/concurrent.futures.html,6,6,100,53,36
/ko/3.13/library/itertools.html,6,6,100,23,38
/ko/3.13/library/tkinter.html,6,10,67,29,31
/ko/3.13/library/urllib.parse.html,6,6,100,11,58
/ko/3/library/tempfile.html,6,7,80,8,57
/ko/3.12/using/windows.html,5,5,75,457,13
/ko/3.13/library/asyncio.html,5,5,80,498,58
/ko/3.13/library/constants.html,5,5,0,11,89
/ko/3.13/library/unittest.html,5,4,0,68,16
/ko/3.13/reference/datamodel.html,5,4,100,128,61
/ko/3.13/reference/simple_stmts.html,5,4,100,109,53
/ko/3.13/tutorial/stdlib.html,5,4,0,51,74
/ko/3.14/,5,4,100,3,78
/ko/3/extending/embedding.html,5,7,86,262,63
/ko/3/library/configparser.html,5,5,100,56,15
/ko/3/library/logging.handlers.html,5,5,67,36,36
/ko/3/py-modindex.html,5,5,50,9,30
/ko/3/using/cmdline.html,5,5,67,220,40
/ko/3/using/windows.html,5,6,75,8,13
/ko/3.13/library/asyncio-protocol.html,4,8,50,55,72
/ko/3.13/library/atexit.html,4,5,100,58,96
/ko/3.13/library/email.parser.html,4,8,0,35,96
/ko/3.13/library/string.html,4,3,100,37,68
/ko/3.13/library/xml.etree.elementtree.html,4,4,100,16,19
/ko/3.13/reference/import.html,4,3,100,39,40
/ko/3.13/tutorial/appendix.html,4,3,100,13,100
/ko/3.13/tutorial/venv.html,4,2,0,41,81
