name,visitors
Seoul,479
Gyeonggi,323
Incheon,48
Daejeon,46
Daegu,44
Busan,43
South Gyeongsang,37
North Gyeongsang,29
Shandong,25
North Chungcheong,20
South Chungcheong,20
Zhejiang,19
Gwangju City,19
Gangwon,18
Sichuan,16
Beijing,15
Guangdong,14
Shanghai,14
South Jeolla,11
Anhui,10
Henan,9
North Jeolla,9
Jiangsu,8
Shaanxi,8
Sejong,8
Jeju,7
Hebei,6
Fujian,5
Yunnan,5
Ulsan,5
Chongqing,4
California,4
Gansu,3
Heilongjiang,3
Liaoning,3
England,3
Central,3
Tokyo,3
Guangxi,2
Guizhou,2
Hunan,2
Jilin,2
Jiangxi,2
Tianjin,2
Fukuoka,2
Auckland,2
Metro Manila,2
Georgia,2
Dubai,1
São Paulo,1
Alberta,1
British Columbia,1
Quebec,1
Hubei,1
Xinjiang,1
Gujarat,1
Uttar Pradesh,1
Ibaraki,1
Chiba,1
Ciudad de Mexico,1
Sakha,1
Stockholm,1
Dakar,1
New Jersey,1
New York,1
Ohio,1
Da Nang,1
Ho Chi Minh City,1
