name,unique_exits,total_exits,exit_rate
/ja/dev/library/mmap.html,711,712,
/ja/3.13/tutorial/index.html,178,186,
/ja/3/,131,132,
/ja/3/library/functions.html,127,131,
/ja/3/library/stdtypes.html,124,126,
/ja/3.13/library/functions.html,119,123,
/ja/3.13/library/datetime.html,114,116,
/ja/3/library/index.html,114,121,
/ja/3.13/library/index.html,108,112,
/ja/3.13/library/stdtypes.html,105,110,
/ja/3/library/tkinter.ttk.html,101,101,
/ja/3.13/library/re.html,98,102,
/ja/3/tutorial/,94,95,
/ja/3.13/installing/index.html,91,91,
/ja/3.13/library/typing.html,89,92,
/ja/3.13/library/random.html,84,84,
/ja/3/tutorial/index.html,79,83,
/ja/3.13/library/subprocess.html,77,81,
/ja/3.13/library/json.html,68,69,
/ja/3.13/library/logging.html,65,66,
/ja/3.13/library/pathlib.html,64,66,
/ja/3/library/datetime.html,63,64,
/ja/3.13/library/exceptions.html,62,62,
/ja/3/tutorial/datastructures.html,62,63,
/ja/3/tutorial/controlflow.html,60,64,
/ja/3/reference/introduction.html,57,57,
/ja/3.13/library/math.html,53,54,
/ja/3.13/tutorial/controlflow.html,53,56,
/ja/3/tutorial/interpreter.html,50,50,
/ja/3.13/library/csv.html,49,49,
/ja/3.13/tutorial/interpreter.html,48,48,
/ja/3/c-api/import.html,48,48,
/ja/3.13/tutorial/inputoutput.html,47,49,
/ja/3/tutorial/introduction.html,47,52,
/ja/3.13/library/argparse.html,45,45,
/ja/3.13/library/multiprocessing.html,42,43,
/ja/3.13/tutorial/errors.html,42,46,
/ja/3.13/tutorial/introduction.html,40,40,
/ja/3.13/library/os.path.html,39,40,
/ja/3.13/library/tkinter.html,39,39,
/ja/3/library/venv.html,39,39,
/ja/3/search.html,37,36,
/ja/3.13/tutorial/classes.html,36,35,
/ja/3.13/library/enum.html,35,35,
/ja/3.13/library/venv.html,35,36,
/ja/3.13/using/windows.html,34,36,
/ja/3/library/calendar.html,34,34,
/ja/3.12/library/codecs.html,33,34,
/ja/3.13/library/shutil.html,33,35,
/ja/3.13/search.html,33,32,
/ja/3.13/library/sqlite3.html,32,32,
/ja/3.13/library/dataclasses.html,31,31,
/ja/3.13/library/urllib.parse.html,31,32,
/ja/3.13/library/asyncio-task.html,30,31,
/ja/3.13/library/io.html,30,32,
/ja/3.13/library/itertools.html,30,31,
/ja/3.13/library/string.html,30,31,
/ja/3.13/library/time.html,30,31,
/ja/3.13/library/unittest.mock.html,30,30,
/ja/3.13/tutorial/appetite.html,30,30,
/ja/3.13/library/configparser.html,28,29,
/ja/3.13/library/os.html,28,28,
/ja/3/library/xml.etree.elementtree.html,28,28,
/ja/3/reference/compound_stmts.html,28,28,
/ja/3/reference/index.html,28,28,
/ja/3.13/tutorial/modules.html,27,27,
/ja/3.13/library/struct.html,26,27,
/ja/3/library/re.html,26,26,
/ja/dev/tutorial/errors.html,26,29,
/ja/3.13/tutorial/datastructures.html,25,27,
/ja/3/library/random.html,25,25,
/ja/3/tutorial/appetite.html,25,25,
/ja/3/using/cmdline.html,25,25,
/ja/3.13/howto/sorting.html,24,25,
/ja/3.13/library/concurrent.futures.html,24,26,
/ja/3.13/library/tempfile.html,24,25,
/ja/3.13/reference/expressions.html,24,24,
/ja/3/library/math.html,24,25,
/ja/3.13/library/ctypes.html,23,24,
/ja/3.13/library/decimal.html,23,22,
/ja/3.13/library/glob.html,23,23,
/ja/3.13/library/unittest.html,23,24,
/ja/3.13/whatsnew/index.html,23,23,
/ja/3.13/library/functools.html,22,24,
/ja/3.13/library/idle.html,22,23,
/ja/3.13/library/socket.html,22,23,
/ja/3.13/reference/index.html,22,22,
/ja/3/tutorial/modules.html,22,23,
/ja/3/using/windows.html,22,22,
/ja/3.13/library/abc.html,21,21,
/ja/3/library/os.html,21,22,
/ja/3.13/copyright.html,20,20,
/ja/3/library/exceptions.html,20,21,
/ja/3.13/glossary.html,19,19,
/ja/3.13/library/codecs.html,19,19,
/ja/3.13/tutorial/,19,20,
/ja/3/library/logging.html,19,19,
/ja/3/tutorial/classes.html,19,20,
/ja/3.13/howto/logging.html,18,18,
/ja/3.13/library/__main__.html,18,19,
