name,visitors,bounce_rate,visit_duration
Google,3238,78,128
Direct / None,2540,67,264
Baidu,202,89,16
qiita.com,194,83,115
Bing,167,67,241
note.nkmk.me,155,90,47
Yahoo!,79,88,24
Shenma,54,87,4
chatgpt.com,49,61,122
python.org,40,0,584
utokyo-ipp.github.io,33,61,98
python.jp,23,70,82
paiza.jp,21,88,20
DuckDuckGo,16,73,276
GitHub,16,83,222
manaba.lms.tokushima-u.ac.jp,11,33,311
chokkan.github.io,6,100,0
jeis2.aidemy.jp,6,86,236
pyex.srbrnote.work,5,100,0
python.ambitious-engineer.com,5,60,230
teratail.com,5,100,0
Youtube,4,25,313
asahi-kasei.aidemy.jp,4,100,0
docs.pyq.jp,4,50,399
nikkie-ftnext.hatenablog.com,4,75,85
notebooks.githubusercontent.com,4,60,206
pycamp.pycon.jp,4,0,668
wsdmoodle.waseda.jp,4,100,0
Perplexity,3,67,35
academy.solxyz.co.jp,3,67,195
atcoder.jp,3,100,0
hatenablog-parts.com,3,100,0
moodle2023.muroran-it.ac.jp,3,33,52
tutorials.chainer.org,3,67,219
Rakuten,2,100,0
algo-method.com,2,0,214
business.algo-method.com,2,50,48
dev.classmethod.jp,2,100,0
dodotechno.com,2,50,593
free.aidemy.jp,2,50,22
jisou-programmer.beproud.jp,2,100,0
kccs.aidemy.jp,2,100,0
konicaminolta.aidemy.jp,2,100,0
m3tech.blog,2,100,0
mitani.cs.tsukuba.ac.jp,2,100,0
programming-surgeon.com,2,50,78
quzee.hatenablog.com,2,100,0
roadmap.sh,2,0,3329
service.smt.docomo.ne.jp,2,100,0
techblog.asahi-net.co.jp,2,100,0
web.tohoku.ac.jp,2,100,0
zerofromlight.com,2,100,0
Microsoft Teams,1,0,3116
Wikipedia,1,0,4
aast.jp,1,100,0
aiacademy.jp,1,100,0
app.chatpro.jp,1,100,0
atmarkit.itmedia.co.jp,1,100,0
blog.pyq.jp,1,100,0
blog.truestar.co.jp,1,0,2131
bombrary.github.io,1,100,0
cha-shu00.hatenablog.com,1,100,0
claude.ai,1,100,0
codezine.jp,1,0,402
compsysg.atlassian.net,1,100,0
confluence.axa.com,1,100,0
daicel.aidemy.jp,1,100,0
dotinstall.com,1,100,0
dynalist.io,1,100,0
edocrates.edogawa-u.ac.jp,1,100,0
eieito.hatenablog.com,1,100,0
engineer-life.dev,1,100,0
ensta-blog.com,1,0,590
felo.ai,1,100,0
flask.palletsprojects.com,1,0,187
gammasoft.jp,1,100,0
github.dev,1,0,338
hoyoyo543.github.io,1,100,0
it-jog.com,1,100,0
j-parc.jp,1,0,333
jpc-excel.officeapps.live.com,1,100,0
jpc-powerpoint.officeapps.live.com,1,0,22
kamifuji.dyndns.org,1,100,0
khid.net,1,100,0
kirara-code.net,1,100,0
learn.microsoft.com,1,0,402
link.zhihu.com,1,0,1054
lms.ealps.shinshu-u.ac.jp,1,100,0
matplotlib.org,1,0,916
miraiserver.ne.jp,1,100,0
moneytree-app.atlassian.net,1,100,0
moodle.kobe-c.ac.jp,1,0,42
msiism.jp,1,100,0
msiz07-flask-docs-ja.readthedocs.io,1,0,0
nag-j.co.jp,1,100,0
nersonu.hatenablog.com,1,0,268
nlp.c.titech.ac.jp,1,100,0
note.milldea.com,1,100,0
odndo.com,1,0,9
okumuragumi.x-mirai.jp,1,100,0
pg-chain.com,1,0,757
pgstudio.oji-cloud.net,1,0,5
pixelbeat.jp,1,100,0
premium.aidemy.jp,1,100,0
pytest-mock.readthedocs.io,1,0,2103
python-izm.com,1,100,0
python.digibeatrix.com,1,100,0
pythonrev.blogspot.com,1,0,5
pythonsoba.tech,1,100,0
pytorch.org,1,0,0
read.amazon.co.jp,1,100,0
recursionist.io,1,100,0
relief.jp,1,100,0
roy29fuku.com,1,100,0
school.ctc-g.co.jp,1,100,0
search.fenrir-inc.com,1,100,0
sejuku.net,1,100,0
sm.cn,1,100,0
sotechsha.co.jp,1,100,0
sphinx-users.jp,1,100,0
storange.jp,1,0,8
str.ce.akita-u.ac.jp,1,100,0
techacademy.jp,1,100,0
technopro-rd.aidemy.jp,1,100,0
tellingbook.com,1,100,0
terakoya.sejuku.net,1,100,0
tonari-it.com,1,100,0
udemy.com,1,100,0
uhd.hub.xlabo.jp,1,100,0
wiki.python.org,1,0,0
xn--eckl3qmbc2cv902cnwa746d81h183l.com,1,100,0
