name,version,visitors
Chrome,138.0,590
Microsoft Edge,138.0,119
Mobile App,(not set),91
UC Browser,17.8,55
Safari,18.5,43
Chrome,137.0,26
Quark,7.14,22
Whale Browser,4.32,17
Firefox,141.0,13
Huawei Browser Mobile,16.0,10
vivo Browser,25.5,10
Chrome,135.0,8
UC Browser,17.6,8
Safari,18.6,7
Samsung Browser,28.0,7
Chrome,125.0,6
Chrome,134.0,6
Chrome,136.0,6
Mobile App,97.0,6
Microsoft Edge,109.0,5
UC Browser,17.5,5
UC Browser,17.7,5
(not set),(not set),4
Firefox,140.0,4
Quark,7.13,4
Chrome,131.0,3
Chrome,133.0,3
Firefox,139.0,3
Safari,18.3,3
Chrome,92.0,3
Chrome,112.0,2
Chrome,127.0,2
Safari,13.1,2
Safari,18.4,2
vivo Browser,24.4,2
vivo Browser,25.4,2
Whale Browser,4.31,2
Whale Browser,4.33,2
Quark,7.12,2
Microsoft Edge,84.0,2
Opera,90.0,2
Cheetah Browser,(not set),1
Microsoft Edge,107.0,1
Chrome,107.0,1
Chrome,109.0,1
Chrome,114.0,1
Chrome,115.0,1
Chrome,119.0,1
QQ Browser,12.1,1
Chrome,120.0,1
Firefox,123.0,1
Chrome,126.0,1
Chrome,128.0,1
UC Browser,13.8,1
Microsoft Edge,134.0,1
Firefox,136.0,1
Avast Secure Browser,137.0,1
Safari,14.1,1
MIUI Browser,14.1,1
Chrome,140.0,1
UC Browser,15.2,1
Safari,15.6,1
UC Browser,16.0,1
Safari,16.1,1
UC Browser,16.1,1
UC Browser,17.0,1
UC Browser,17.1,1
UC Browser,17.4,1
Safari,17.6,1
Safari,18.1,1
Microsoft Edge,18.17763,1
MIUI Browser,19.9,1
vivo Browser,24.0,1
vivo Browser,24.9,1
Safari,26.0,1
Whale Browser,4.30,1
Chrome,49.0,1
Quark,6.7,1
Quark,7.8,1
Chrome,86.0,1
Chrome,87.0,1
Mobile App,92.0,1
Openwave Mobile Browser,93.4,1
Chrome,98.0,1
