name,visitors,bounce_rate,visit_duration
Direct / None,101,87,148
google.com,25,84,20
python.org,12,0,40
m.baidu.com,3,67,26
chatgpt.com,2,100,0
duckduckgo.com,2,50,0
bing.com,1,100,0
boot.dev,1,0,179
es.python.org,1,0,400
github.com/Asabeneh/30-Days-Of-Python/blob/master/02_Day_Variables_builtin_functions/02_variables_builtin_functions.md,1,0,468
m.baidu.com/from=1001192y/bd_page_type=1/ssid=0/uid=0/pu=usm%400%2Csz%401320_1001%2Cta%40iphone_2_12.0_28_16.0/baiduid=08A0B3ED4BB529AD84E5236488639C18/w=30_10_/t=iphone/l=1/tc,1,100,0
search.brave.com,1,0,471
