name,unique_exits,total_exits,exit_rate
/3.12/,407,432,
/3.12/tutorial/index.html,209,216,
/3.12/whatsnew/3.12.html,198,203,
/3.12/using/windows.html,196,201,
/3.12/library/functions.html,123,126,
/3.12/library/stdtypes.html,96,102,
/3.12/library/typing.html,80,87,
/3.12/library/,67,70,
/3.12/search.html,65,69,
/3.12/library/datetime.html,64,68,
/3.12/index.html,62,64,
/3.12/tutorial/,60,63,
/3.12/library/2to3.html,59,61,
/3.12/library/index.html,51,54,
/3/,44,44,
/3.12/library/exceptions.html,42,42,
/3.12/library/pathlib.html,40,40,
/3.12/tutorial/controlflow.html,38,40,
/3.12/tutorial/interpreter.html,36,36,
/3.12/tutorial/introduction.html,36,38,
/3.12/library/os.html,35,36,
/3.12/library/subprocess.html,33,35,
/3.12/library/multiprocessing.html,31,34,
/zh-cn/3.12/library/index.html,29,31,
/3.12/library/os.path.html,27,27,
/3.12/library/random.html,27,27,
/zh-cn/3.12/using/mac.html,26,26,
/3.12/library/telnetlib.html,25,27,
/zh-cn/3.12/tutorial/index.html,25,26,
/3.12/library/re.html,24,25,
/3.12/library/logging.html,22,22,
/3.12/download.html,21,22,
/3.12/library/io.html,21,21,
/3.12/reference/datamodel.html,21,23,
/3.12/installing/index.html,19,19,
/3.12/library/asyncio-task.html,19,20,
/3.12/library/dis.html,19,19,
/es/3.12/tutorial/index.html,19,19,
/3.12/library/argparse.html,18,19,
/dev/using/windows.html,18,18,
/3.12/library/json.html,17,17,
/3.12/library/shutil.html,17,17,
/3.12/tutorial/appetite.html,17,17,
/3.12/library/enum.html,16,16,
/3.12/library/itertools.html,16,17,
/3.12/library/time.html,16,16,
/3.12/library/tkinter.html,16,18,
/zh-cn/3.12/library/stdtypes.html,16,19,
/3.12/library/dataclasses.html,15,15,
/3.12/reference/compound_stmts.html,15,15,
/3.12/tutorial/datastructures.html,15,15,
/zh-cn/3.12/library/functions.html,15,15,
/zh-cn/3.12/tutorial/introduction.html,15,16,
/3.12/glossary.html,14,15,
/3.12/library/asyncio.html,14,14,
/3.12/library/csv.html,14,16,
/3.12/tutorial/classes.html,14,14,
/3.12/library/collections.html,13,13,
/3.12/library/string.html,13,13,
/3.12/reference/index.html,13,14,
/3/library/stdtypes.html,13,13,
/es/3.12/tutorial/controlflow.html,12,16,
/zh-cn/3.12/search.html,12,13,
/3.12/library/functools.html,11,11,
/3.12/library/sqlite3.html,11,12,
/3.12/library/xml.etree.elementtree.html,11,11,
/3.12/whatsnew/changelog.html,11,17,
/zh-cn/3.12/library/typing.html,11,11,
/zh-cn/3.12/tutorial/interpreter.html,11,11,
/3.12/library/idle.html,10,10,
/3.12/library/struct.html,10,12,
/3/library/typing.html,10,10,
/3/search.html,10,10,
/3.12/contents.html,9,9,
/3.12/library/asyncio-eventloop.html,9,11,
/3.12/library/threading.html,9,9,
/3.12/library/turtle.html,9,10,
/3.12/library/unittest.html,9,10,
/3.12/library/urllib.parse.html,9,11,
/3.12/library/venv.html,9,9,
/3.12/tutorial/modules.html,9,12,
/3.14/,9,9,
/3/tutorial/index.html,9,9,
/zh-cn/3.12/,9,9,
/zh-cn/3.12/tutorial/controlflow.html,9,9,
/3.12/library/abc.html,8,8,
/3.12/library/crypt.html,8,8,
/3.12/library/ssl.html,8,11,
/3.12/reference/expressions.html,8,8,
/3/library/subprocess.html,8,8,
/ja/3.12/library/functions.html,8,8,
/zh-cn/3.12/library/asyncio-task.html,8,8,
/zh-cn/3.12/library/multiprocessing.html,8,8,
/zh-cn/3.12/using/windows.html,8,8,
/3.12/library/asyncio-sync.html,7,7,
/3.12/library/constants.html,7,7,
/3.12/library/heapq.html,7,9,
/3.12/library/queue.html,7,7,
/3.12/library/sys.html,7,7,
/3.12/library/tempfile.html,7,7,
