name,unique_exits,total_exits,exit_rate
/en/latest/tutorials/installing-packages/,5934,6173,
/en/latest/guides/writing-pyproject-toml/,1397,1473,
/en/latest/tutorials/packaging-projects/,1256,1306,
/en/latest/guides/installing-using-pip-and-virtual-environments/,1117,1162,
/en/latest/guides/tool-recommendations/,929,941,
/en/latest/specifications/binary-distribution-format/,408,416,
/en/latest/,404,415,
/en/latest/glossary/,302,306,
/en/latest/key_projects/,273,277,
/en/latest/guides/distributing-packages-using-setuptools/,197,201,
/en/latest/discussions/src-layout-vs-flat-layout/,178,186,
/en/latest/overview/,153,158,
/en/latest/specifications/dependency-specifiers/,135,142,
/en/latest/specifications/version-specifiers/,124,124,
/en/latest/guides/packaging-namespace-packages/,120,126,
/en/latest/specifications/pyproject-toml/,113,118,
/en/latest/guides/installing-using-linux-tools/,94,96,
/en/latest/tutorials/managing-dependencies/,91,96,
/en/latest/guides/creating-command-line-tools/,82,83,
/en/latest/guides/section-install/,79,80,
/en/latest/discussions/versioning/,74,76,
/en/latest/specifications/entry-points/,72,80,
/en/latest/specifications/core-metadata/,68,67,
/en/latest/flow/,62,67,
/en/latest/specifications/pypirc/,56,57,
/en/latest/guides/,52,51,
/en/latest/guides/hosting-your-own-index/,50,51,
/en/latest/search/,50,50,
/en/latest/tutorials/,48,48,
/en/latest/specifications/dependency-groups/,47,48,
/en/latest/specifications/,46,47,
/en/latest/specifications/inline-script-metadata/,45,45,
/en/latest/guides/creating-and-discovering-plugins/,44,46,
/en/latest/guides/modernize-setup-py-project/,44,45,
/en/latest/guides/section-build-and-publish/,43,44,
/en/latest/guides/installing-scientific-packages/,42,43,
/en/latest/guides/using-testpypi/,40,40,
/en/latest/guides/installing-stand-alone-command-line-tools/,38,38,
/en/latest/discussions/install-requires-vs-requirements/,34,34,
/en/latest/discussions/setup-py-deprecated/,33,33,
/en/latest/guides/installing-using-virtualenv/,32,33,
/en/latest/discussions/package-formats/,30,31,
/en/latest/specifications/platform-compatibility-tags/,30,31,
/en/latest/guides/publishing-package-distribution-releases-using-github-actions-ci-cd-workflows/,29,29,
/en/latest/guides/using-manifest-in/,29,29,
/en/latest/discussions/single-source-version/,26,27,
/en/latest/guides/analyzing-pypi-package-downloads/,25,26,
/en/latest/discussions/distribution-package-vs-import-package/,23,23,
/en/latest/guides/index-mirrors-and-caches/,23,23,
/en/latest/guides/packaging-binary-extensions/,23,23,
/en/latest/specifications/simple-repository-api/,23,23,
/en/latest/guides/licensing-examples-and-user-scenarios/,21,23,
/en/latest/guides/making-a-pypi-friendly-readme/,21,21,
/en/latest/specifications/pylock-toml/,20,21,
/en/latest/discussions/deploying-python-applications/,18,18,
/en/latest/specifications/name-normalization/,17,17,
/en/latest/specifications/source-distribution-format/,17,16,
/en/latest/specifications/externally-managed-environments/,15,16,
/en/latest/specifications/recording-installed-packages/,13,12,
/en/latest/discussions/pip-vs-easy-install/,12,12,
/en/latest/specifications/glob-patterns/,10,10,
/en/latest/guides/dropping-older-python-versions/,8,8,
/en/latest/specifications/well-known-project-urls/,6,7,
/en/latest/discussions/,5,5,
/en/latest/specifications/schemas/,5,5,
/en/latest/support/,5,5,
/en/latest/contribute/,4,4,
/en/latest/specifications/license-expression/,4,4,
/en/latest/specifications/section-distribution-metadata/,4,4,
/en/latest/discussions/downstream-packaging/,3,3,
/en/latest/specifications/build-details/,3,3,
/ja/latest/guides/writing-pyproject-toml/,3,3,
/pt-br/latest/tutorials/installing-packages/,3,4,
/en/latest/guides/section-hosting/,2,2,
/en/latest/specifications/direct-url-data-structure/,2,2,
/en/latest/specifications/index-hosted-attestations/,2,2,
/en/latest/specifications/section-distribution-formats/,2,2,
/en/latest/specifications/section-python-description-formats/,2,2,
/en/latest/specifications/virtual-environments/,2,2,
/ja/latest/tutorials/installing-packages/,2,2,
/pt-br/latest/,2,2,
/pt-br/latest/guides/installing-using-pip-and-virtual-environments/,2,2,
/pt-br/latest/tutorials/packaging-projects/,2,2,
/en/latest/discussions/deploying-python-applications.html,1,1,
/en/latest/guides/multi-version-installs/,1,1,
/en/latest/guides/single-sourcing-package-version/,1,1,
/en/latest/guides/supporting-multiple-python-versions/,1,1,
/en/latest/news/,1,1,
/en/latest/overview.html,1,1,
/en/latest/specifications/build-details/v1.0/,1,1,
/en/latest/specifications/declaring-project-metadata,1,1,
/en/latest/specifications/file-yanking/,1,1,
/en/latest/specifications/section-installation-metadata/,1,1,
/en/latest/specifications/section-package-indices/,1,1,
/en/latest/tutorials/index.html,1,1,
/ja/latest/guides/section-build-and-publish/,1,1,
/ja/latest/overview/,1,1,
/ja/latest/specifications/dependency-specifiers/,1,1,
/pt-br/latest/discussions/pip-vs-easy-install/,1,1,
/pt-br/latest/guides/installing-using-linux-tools/,1,1,
