name,unique_exits,total_exits,exit_rate
/pt-br/3.13/tutorial/index.html,55,57,
/pt-br/3/,50,53,
/pt-br/3/tutorial/index.html,46,51,
/pt-br/3/library/stdtypes.html,40,40,
/pt-br/3.13/library/venv.html,33,34,
/pt-br/3.13/library/index.html,32,35,
/pt-br/3.13/tutorial/datastructures.html,30,33,
/pt-br/3.13/library/math.html,27,27,
/pt-br/3.13/library/random.html,27,28,
/pt-br/dev/library/zlib.html,27,28,
/3/,22,22,
/pt-br/3/tutorial/controlflow.html,22,23,
/pt-br/3.13/library/functions.html,21,23,
/pt-br/3.13/,20,24,
/pt-br/3/library/functions.html,20,20,
/pt-br/3/tutorial/,19,19,
/pt-br/3.13/library/stdtypes.html,18,20,
/pt-br/3.13/library/tkinter.html,18,18,
/pt-br/3/search.html,18,19,
/pt-br/3.13/tutorial/controlflow.html,17,18,
/pt-br/3.13/tutorial/introduction.html,16,16,
/pt-br/3.13/tutorial/interpreter.html,13,13,
/pt-br/3.13/library/string.html,12,12,
/pt-br/3/library/index.html,12,12,
/pt-br/3.13/search.html,11,13,
/pt-br/3.13/tutorial/classes.html,11,11,
/pt-br/3/library/math.html,11,11,
/pt-br/3/tutorial/datastructures.html,11,13,
/pt-br/3/tutorial/introduction.html,11,12,
/pt-br/3.13/tutorial/modules.html,10,11,
/pt-br/3.13/library/turtle.html,9,9,
/pt-br/3/library/,9,9,
/pt-br/3/library/venv.html,9,11,
/pt-br/3/tutorial/interpreter.html,9,9,
/pt-br/3/library/random.html,8,8,
/pt-br/3/tutorial/classes.html,8,8,
/pt-br/3/using/cmdline.html,8,8,
/pt-br/dev/library/venv.html,8,8,
/pt-br/3.13/library/os.html,7,8,
/pt-br/3/library/tkinter.html,7,7,
/pt-br/3.13/tutorial/errors.html,6,6,
/pt-br/3/library/csv.html,6,6,
/pt-br/3/library/string.html,6,6,
/pt-br/3/tutorial/appetite.html,6,6,
/pt-br/dev/library/tkinter.html,6,7,
/pt-br/3.13/index.html,5,5,
/pt-br/3.13/library/idle.html,5,5,
/pt-br/3.13/reference/index.html,5,6,
/pt-br/3.13/tutorial/,5,5,
/pt-br/3.13/tutorial/inputoutput.html,5,5,
/pt-br/3/contents.html,5,5,
/pt-br/3/glossary.html,5,5,
/pt-br/3/reference/index.html,5,5,
/3/library/functions.html,4,4,
/3/library/index.html,4,4,
/3/library/tkinter.html,4,4,
/pt-br/3.13/faq/windows.html,4,4,
/pt-br/3.13/howto/logging.html,4,4,
/pt-br/3.13/library/statistics.html,4,4,
/pt-br/3.13/library/tk.html,4,4,
/pt-br/3.13/reference/compound_stmts.html,4,4,
/pt-br/3.13/whatsnew/3.13.html,4,4,
/pt-br/3.13/whatsnew/index.html,4,4,
/pt-br/3/library/datetime.html,4,5,
/pt-br/3/library/turtle.html,4,4,
/pt-br/3/reference/datamodel.html,4,4,
/pt-br/3/tutorial/errors.html,4,4,
/pt-br/3/tutorial/modules.html,4,4,
/3.13/tutorial/index.html,3,3,
/3/library/os.html,3,3,
/3/library/random.html,3,3,
/3/library/stdtypes.html,3,3,
/3/library/venv.html,3,3,
/3/search.html,3,3,
/3/tutorial/controlflow.html,3,3,
/pt-br/3.12/library/index.html,3,3,
/pt-br/3.13/contents.html,3,3,
/pt-br/3.13/download.html,3,3,
/pt-br/3.13/library/csv.html,3,3,
/pt-br/3.13/library/datetime.html,3,3,
/pt-br/3.13/library/re.html,3,3,
/pt-br/3.13/library/sys.html,3,3,
/pt-br/3.13/library/time.html,3,3,
/pt-br/3.13/library/zipfile.html,3,3,
/pt-br/3.13/reference/simple_stmts.html,3,3,
/pt-br/3.13/tutorial/appetite.html,3,3,
/pt-br/3.13/tutorial/floatingpoint.html,3,3,
/pt-br/3.13/using/windows.html,3,3,
/pt-br/3/library/exceptions.html,3,3,
/pt-br/3/library/idle.html,3,3,
/pt-br/3/library/itertools.html,3,3,
/pt-br/3/library/json.html,3,3,
/pt-br/3/library/os.html,3,3,
/pt-br/3/library/shutil.html,3,3,
/pt-br/3/library/time.html,3,4,
/pt-br/3/library/tkinter.messagebox.html,3,3,
/pt-br/3/reference/compound_stmts.html,3,3,
/pt-br/3/tutorial/inputoutput.html,3,3,
/pt-br/3/using/android.html,3,3,
/pt-br/dev/howto/sorting.html,3,3,
