name,visitors
Chrome,100960
Microsoft Edge,24298
Firefox,17256
Safari,12972
Yandex Browser,3011
Opera,1761
Mobile App,1597
Samsung Browser,438
vivo Browser,167
Huawei Browser Mobile,144
UC Browser,144
Smart Lenovo Browser,125
SberBrowser,117
(not set),103
Brave,102
MIUI Browser,99
QQ Browser,96
Quark,91
Chromium,50
Avast Secure Browser,33
Sogou Explorer,33
Whale Browser,33
Mobile Silk,25
Opera Touch,22
QtWebEngine,22
AVG Secure Browser,19
Ecosia,17
Opera GX,15
Android Browser,14
Norton Private Browser,9
Huawei Browser,8
Safe Exam Browser,8
Notion,7
Phoenix Browser,7
CCleaner,6
Hi Browser,6
NetFront,4
DuckDuckGo Privacy Browser,3
Falkon,3
JioSphere,3
Kindle Browser,3
Pale Moon,3
SeaMonkey,3
AdBlock Browser,2
Iron,2
Proxy Browser,2
115 Browser,1
360 Secure Browser,1
Aloha Browser,1
Atom,1
Chromium GOST,1
Internet Explorer,1
Lenovo Browser,1
Lilo,1
Openwave Mobile Browser,1
Oppo Browser,1
Raindrop.io,1
Realme Browser,1
Tizen Browser,1
VMware AirWatch,1
Waterfox,1
WebPositive,1
