name,version,visitors
Chrome,135.0,44
Firefox,138.0,12
Chrome,136.0,11
Safari,18.4,10
Opera,118.0,9
Chrome,134.0,7
Microsoft Edge,135.0,7
Firefox,137.0,6
Samsung Browser,11.0,4
Firefox,128.0,4
AVG Secure Browser,134.0,3
Samsung Browser,27.0,3
Chrome,122.0,2
Yandex Browser,25.2,2
Chrome,106.0,1
Microsoft Edge,109.0,1
Microsoft Edge,114.0,1
Firefox,115.0,1
Chrome,128.0,1
Chrome,131.0,1
Firefox,135.0,1
Safari,18.3,1
Opera Touch,5.5,1
Chrome,81.0,1
Chrome,84.0,1
Chrome,87.0,1
Opera,89.0,1
