name,visitors
Paris,428
Marseille,62
Toulouse,55
Singapore,50
Lyon,38
Dakar,37
Abidjan,32
Montréal,32
Grenoble,28
Rennes,27
Lille,23
Antananarivo,21
Nantes,19
Amiens,18
Casablanca,17
Tunis,16
Genève,16
Brussels,15
Le Bouscat,15
Kinshasa,14
Québec,14
Cotonou,13
Meknès,13
Montpellier,13
Marçon,13
Brest,13
Villeneuve-d'Ascq,13
Villeurbanne,12
Strasbourg,12
Dijon,12
Ormes,11
Le Bourget-du-Lac,11
Lausanne,10
Tours,10
Le Rheu,10
Ouagadougou,9
Nice,9
Lescar,9
Cergy,9
Reims,8
Metz,8
Limoges,8
Levallois-Perret,8
Colomiers,8
Colombes,8
Caen,8
Bures-sur-Yvette,8
Lomé,7
Bamako,7
Sétif,7
Algiers,7
Rabat,7
Villejuif,7
Poitiers,7
Pantin,7
Orsay,7
Montreuil,7
Bordeaux,7
Aix-en-Provence,7
Yaoundé,6
Constantine,6
Agadir,6
Liège,6
Saint-Bonnet-de-Mure,6
Orléans,6
Nancy,6
Le Pont-de-Claix,6
Albi,6
Wuxi,5
Shenzhen,5
Sousse,5
Fès,5
El Jadid,5
Renens,5
Valenciennes,5
Valence,5
Thiais,5
Sète,5
Saint-Maur-des-Fossés,5
Saint-Benoît,5
Lorient,5
Le Plessis-Robinson,5
Laxou,5
Lagny-sur-Marne,5
Jouy-en-Josas,5
Houilles,5
Gif-sur-Yvette,5
Clermont-Ferrand,5
Charenton-le-Pont,5
Bussy-Saint-Georges,5
Angers,5
Papeete,5
Gatineau,5
N/A,5
Saint-Denis,4
Beijing,4
Brazzaville,4
Munich,4
Vauréal,4
Vannes,4
Toulon,4
Thonon-les-Bains,4
Ternay,4
Saint-Martin-d'Hères,4
Saint-Denis,4
Palaiseau,4
Niort,4
Neuilly-sur-Seine,4
Nanterre,4
Montry,4
Le Mans,4
Ivry-sur-Seine,4
Issy-les-Moulineaux,4
Guyancourt,4
Fontaine,4
Décines-Charpieu,4
Creil,4
Clamart,4
Bry-sur-Marne,4
Aubervilliers,4
Le Gosier,4
Baie-Mahault,4
Ottawa,4
Toronto,4
Haiphong,3
Nanjing,3
Changzhou,3
Douala,3
Gemena,3
Libreville,3
Annaba,3
Nador,3
Marrakesh,3
Zürich,3
Naaldwijk,3
Vienna,3
Mons,3
Vonnas,3
Villemomble,3
Villebon-sur-Yvette,3
Vaulx-en-Velin,3
Triel-sur-Seine,3
Tarbes,3
Schiltigheim,3
Saint-Brieuc,3
Ruelisheim,3
Rouen,3
Orly,3
Montrouge,3
Montlhéry,3
Maisons-Alfort,3
Louviers,3
L'Haÿ-les-Roses,3
Lestrem,3
Le Perreux-sur-Marne,3
Le Havre,3
La Rochelle,3
Lannion,3
La Ferté-sous-Jouarre,3
La Bernardière,3
La Bassée,3
Joué-lès-Tours,3
Grasse,3
Évry,3
Créteil,3
Courbevoie,3
Commenailles,3
Châteauneuf-sur-Loire,3
Chartres,3
Carpentras,3
Cachan,3
Brétigny-sur-Orge,3
Boissy-sous-Saint-Yon,3
Béthune,3
Avon,3
Argenteuil,3
Antony,3
Annecy,3
Madrid,3
Les Abymes,3
Boucherville,3
Longueuil,3
N/A,3
Sidon,2
Cairo,2
Białystok,2
Lubumbashi,2
Vacoas,2
Saint-Paul,2
Saint-André,2
N/A,2
Hyderabad,2
Chandīgarh,2
Tashkent,2
Suzhou,2
Shanghai,2
N/A,2
Tokyo,2
Tlemcen,2
Skikda,2
Oran,2
N/A,2
Bir el Djir,2
Santa Cruz de Tenerife,2
Tétouan,2
Tangier,2
London,2
Zuchwil,2
Morges,2
N/A,2
Stockholm,2
Amsterdam,2
Mol,2
Lessines,2
Worms,2
Frankfurt am Main,2
Dippach,2
Voujeaucourt,2
Viroflay,2
Villefranche-sur-Saône,2
Vif,2
Versailles,2
Vernon,2
Vanves,2
Vallauris,2
Tulle,2
Treillières,2
Tonneins,2
Taverny,2
Souppes-sur-Loing,2
Sorède,2
Sénas,2
N/A,2
Saint-Savin,2
Saint-Laurent-Nouan,2
Saint-Étienne-du-Rouvray,2
Sainte-Geneviève-des-Bois,2
Roquefort-la-Bédoule,2
Riom,2
Quimper,2
Porto-Vecchio,2
Poissy,2
Plouescat,2
Pessac,2
Pélussin,2
Pauillac,2
Pau,2
Oye-Plage,2
Ouistreham,2
Obernai,2
Noyelles-sous-Lens,2
Noisy-le-Grand,2
Neuilly-sur-Marne,2
Nersac,2
Narrosse,2
Mulhouse,2
Mozac,2
Morzine,2
Montmartin-sur-Mer,2
Mont-de-Marsan,2
Montchanin,2
Montbéliard,2
Moirans,2
Millau,2
Mehun-sur-Yèvre,2
Marguerittes,2
Marcq-en-Barœul,2
Malakoff,2
Magny-le-Hongre,2
Lunéville,2
Longeville-lès-Saint-Avold,2
L'Isle-Adam,2
N/A,2
Les Molières,2
Les Ayvelles,2
Le Bourg-d'Oisans,2
Laval,2
Lattes,2
La Seyne-sur-Mer,2
La Roche-sur-Yon,2
Hyères,2
Guînes,2
Gonesse,2
Gardanne,2
Franconville,2
Fontainebleau,2
Fondettes,2
Étaples,2
Escalquens,2
Ennevelin,2
Draguignan,2
Douai,2
Déville-lès-Rouen,2
Crémieu,2
Compiègne,2
Combs-la-Ville,2
Clermont,2
Cherveux,2
Charquemont,2
Cenon,2
