name,unique_entrances,total_entrances,visit_duration
/fr/3/tutorial/,324,333,104
/fr/3/library/random.html,78,80,52
/fr/3/tutorial/classes.html,77,77,256
/3/,71,71,463
/fr/3/library/tkinter.html,69,72,125
/fr/3/library/turtle.html,69,72,142
/fr/3/tutorial/datastructures.html,68,68,114
/fr/3/library/csv.html,62,62,62
/fr/3/howto/sorting.html,59,59,33
/fr/3/library/stdtypes.html,52,56,64
/fr/3/,51,51,261
/dev/using/windows.html,47,47,224
/fr/3/library/datetime.html,42,42,143
/fr/3/library/idle.html,42,43,86
/fr/3/library/json.html,40,40,124
/fr/3/library/functions.html,39,41,177
/fr/3/library/enum.html,36,38,288
/fr/3/tutorial/venv.html,36,36,80
/fr/3/tutorial/introduction.html,33,33,204
/fr/3/library/index.html,32,33,179
/fr/dev/installing/index.html,30,30,6
/fr/3.15/using/windows.html,29,30,14
/fr/3/howto/regex.html,29,29,33
/fr/3/library/re.html,29,30,123
/fr/3.13/library/turtle.html,28,29,245
/fr/3/tutorial/controlflow.html,28,29,186
/fr/3/tutorial/interpreter.html,28,28,68
/fr/3.13/tutorial/classes.html,26,27,128
/fr/3/library/__main__.html,26,26,70
/fr/3/tutorial/errors.html,26,26,223
/fr/3.14/,25,26,306
/fr/3/tutorial/appetite.html,24,24,346
/fr/3/library/string.html,23,23,31
/fr/3/howto/sockets.html,21,21,108
/fr/3/search.html,21,23,234
/fr/3.14/tutorial/index.html,20,20,275
/fr/3/tutorial/index.html,20,20,47
/fr/3/library/time.html,19,19,114
/fr/3/library/statistics.html,18,18,0
/fr/3.13/library/tkinter.html,17,17,92
/fr/3/library/collections.html,17,17,66
/fr/3/library/math.html,16,16,16
/3/library/venv.html,15,15,538
/3/search.html,15,15,907
/fr/3.13/reference/import.html,15,15,62
/fr/3/tutorial/inputoutput.html,15,15,7
/fr/3/tutorial/modules.html,15,15,71
/fr/3/using/cmdline.html,15,15,0
/3/library/tkinter.html,14,14,163
/fr/3.14/search.html,14,14,102
/fr/3/contents.html,14,14,1
/fr/3/index.html,14,14,30
/fr/3/installing/index.html,14,14,176
/fr/3/reference/import.html,14,14,3
/3/library/functions.html,13,13,1831
/fr/3.13/faq/windows.html,13,13,141
/fr/3/howto/unicode.html,13,13,150
/fr/3/library/os.html,13,13,188
/fr/3/library/sys.html,13,13,6
/3/library/random.html,12,12,771
/fr/3.13/tutorial/introduction.html,12,12,28
/fr/3/library/subprocess.html,12,12,236
/3/library/stdtypes.html,11,11,1140
/3/tutorial/index.html,11,11,391
/fr/3.13/howto/sorting.html,11,12,20
/fr/3.13/using/windows.html,11,11,154
/fr/3/library/asyncio.html,11,11,8
/3/library/turtle.html,10,10,744
/fr/3.13/library/math.html,10,10,87
/fr/3/library/pathlib.html,10,10,447
/fr/3/py-modindex.html,10,10,371
/fr/3/reference/simple_stmts.html,10,10,3
/3/library/re.html,9,9,800
/fr/3.13/library/random.html,9,9,516
/fr/3.13/tutorial/datastructures.html,9,9,4
/fr/3.13/tutorial/errors.html,9,9,2
/fr/3.14/library/functions.html,9,11,421
/fr/3/faq/windows.html,9,9,2
/fr/3/genindex-Symboles.html,9,9,7
/fr/3/reference/datamodel.html,9,9,37
/3.14/tutorial/index.html,8,8,534
/3/library/socket.html,8,8,30
/fr/3.13/library/datetime.html,8,8,2
/fr/3.13/library/stdtypes.html,8,8,0
/fr/3.13/tutorial/index.html,8,8,179
/fr/3.13/using/unix.html,8,8,14
/fr/3.14/library/tkinter.ttk.html,8,8,236
/fr/3/glossary.html,8,8,211
/fr/3/library/decimal.html,8,8,0
/fr/3/library/exceptions.html,8,8,3
/fr/3/library/glob.html,8,8,0
/fr/3/library/urllib.html,8,8,212
/fr/3/reference/index.html,8,8,412
/3/library/argparse.html,7,7,1511
/3/library/csv.html,7,7,2312
/3/library/pathlib.html,7,7,2664
/fr/3.13/library/functions.html,7,8,0
/fr/3.14/tutorial/controlflow.html,7,7,94
/fr/3.14/tutorial/interpreter.html,7,9,21
/fr/3/howto/enum.html,7,7,226
/fr/3/library/copy.html,7,7,30
/fr/3/library/hashlib.html,7,7,222
/fr/3/library/timeit.html,7,7,0
/fr/3/library/venv.html,7,7,0
/3/library/datetime.html,6,6,1173
/3/library/string.html,6,6,643
/3/library/xml.etree.elementtree.html,6,6,1435
/fr/3.12/library/stdtypes.html,6,6,102
/fr/3.14/library/stdtypes.html,6,6,34
/fr/3.14/tutorial/datastructures.html,6,6,11
/fr/3.14/tutorial/introduction.html,6,6,0
/fr/3/howto/logging.html,6,6,0
/fr/3/library/operator.html,6,6,0
/fr/3/library/unittest.html,6,6,0
/fr/3/reference/expressions.html,6,8,299
/fr/3/using/,6,6,34
/fr/3/using/index.html,6,6,16
/fr/3/using/windows.html,6,6,2
/3/library/index.html,5,5,498
/3/library/json.html,5,5,1383
/3/library/threading.html,5,5,170
/fr/3.13/library/pathlib.html,5,5,0
/fr/3.13/library/py_compile.html,5,5,37
/fr/3.13/tutorial/modules.html,5,5,0
/fr/3.14/reference/datamodel.html,5,7,10
/fr/3.14/using/windows.html,5,5,0
/fr/3.14/whatsnew/3.14.html,5,5,104
/fr/3/howto/functional.html,5,5,0
/fr/3/library/abc.html,5,5,3
/fr/3/library/heapq.html,5,5,26
/fr/3/library/multiprocessing.html,5,6,46
/fr/3/library/pdb.html,5,5,0
/fr/dev/library/xml.etree.elementtree.html,5,5,0
/3.14/,4,4,725
/3/howto/sorting.html,4,4,495
/3/library/enum.html,4,4,169
/3/library/os.html,4,4,586
/fr/3.12/installing/index.html,4,4,3
/fr/3.13/library/base64.html,4,4,0
/fr/3.13/library/multiprocessing.html,4,4,7
/fr/3.14/library/math.html,4,4,223
/fr/3/extending/embedding.html,4,4,2
/fr/3/extending/index.html,4,4,3
/fr/3/howto/curses.html,4,4,13
/fr/3/library/asyncio-protocol.html,4,4,0
/fr/3/library/base64.html,4,4,0
/fr/3/library/contextvars.html,4,4,2
/fr/3/library/pickle.html,4,4,0
/fr/3/library/text.html,4,4,0
/fr/3/library/threading.html,4,4,214
/fr/3/library/warnings.html,4,5,0
/fr/3/library/zipfile.html,4,4,732
/fr/3/reference/compound_stmts.html,4,4,0
/fr/3/tutorial/stdlib.html,4,4,808
/fr/3/using/mac.html,4,4,0
/fr/dev/library/functions.html,4,4,0
/fr/dev/reference/compound_stmts.html,4,4,18
/3.13/,3,3,16
/3/contents.html,3,3,1182
/3/download.html,3,3,155
/3/library/abc.html,3,3,156
/3/library/importlib.html,3,3,1858
/3/library/math.html,3,3,502
/3/library/multiprocessing.html,3,3,821
/3/library/time.html,3,3,547
/3/library/tkinter.ttk.html,3,3,216
/3/library/typing.html,3,3,971
/3/reference/datamodel.html,3,3,1050
/3/tutorial/,3,3,205
/3/tutorial/classes.html,3,3,2770
/3/tutorial/datastructures.html,3,3,1179
/3/tutorial/errors.html,3,3,960
/3/tutorial/venv.html,3,3,103
/3/using/windows.html,3,3,661
/fr/3.13/,3,3,189
/fr/3.13/howto/annotations.html,3,3,123
/fr/3.13/library/collections.html,3,3,0
/fr/3.13/library/functools.html,3,3,412
/fr/3.13/library/html.parser.html,3,3,0
/fr/3.13/library/operator.html,3,4,79
/fr/3.13/library/socket.html,3,3,0
/fr/3.13/library/tkinter.ttk.html,3,3,0
/fr/3.13/reference/compound_stmts.html,3,3,25
/fr/3.13/search.html,3,3,182
/fr/3.13/tutorial/interpreter.html,3,3,260
/fr/3.13/using/editors.html,3,3,0
/fr/3.14/c-api/unicode.html,3,3,0
/fr/3.14/contents.html,3,3,265
/fr/3.14/download.html,3,3,150
/fr/3.14/library/index.html,3,3,271
/fr/3.14/library/itertools.html,3,3,2
/fr/3.14/library/socket.html,3,4,45
/fr/3.14/library/tkinter.html,3,3,91
/fr/3/library/argparse.html,3,3,385
/fr/3/library/asyncio-task.html,3,3,404
/fr/3/library/calendar.html,3,3,0
/fr/3/library/configparser.html,3,3,23
/fr/3/library/constants.html,3,3,0
/fr/3/library/contextlib.html,3,3,533
/fr/3/library/ctypes.html,3,3,193
/fr/3/library/doctest.html,3,3,396
/fr/3/library/filesys.html,3,3,4
/fr/3/library/functools.html,3,4,0
/fr/3/library/gzip.html,3,3,0
/fr/3/library/pprint.html,3,3,0
/fr/3/library/superseded.html,3,3,0
/fr/3/library/tempfile.html,3,3,0
/fr/3/library/tkinter.ttk.html,3,3,0
/fr/3/library/typing.html,3,3,0
/fr/3/library/uuid.html,3,3,2589
/fr/3/library/xml.html,3,3,26
/fr/3/library/zoneinfo.html,3,4,870
/fr/3/reference/executionmodel.html,3,3,3
/fr/3/tutorial/floatingpoint.html,3,3,15
/fr/3/tutorial/whatnow.html,3,3,651
/fr/3/whatsnew/index.html,3,3,39
/fr/dev/howto/regex.html,3,3,7
/fr/dev/library/math.html,3,3,0
/fr/dev/tutorial/index.html,3,3,0
/3.13/tutorial/,2,2,22
/3.14/library/functions.html,2,2,1612
/3.14/tutorial/,2,2,99
/3.14/tutorial/appetite.html,2,2,130
/3.14/using/windows.html,2,2,598
/3.15/,2,2,1859
/3/c-api/structures.html,2,2,920
/3/faq/,2,2,1189
/3/index.html,2,2,1696
/3/library/asyncio-task.html,2,2,2958
/3/library/bisect.html,2,2,20
/3/library/codecs.html,2,2,1587
/3/library/ctypes.html,2,2,20
/3/library/heapq.html,2,2,411
/3/library/sqlite3.html,2,2,1733
/3/library/subprocess.html,2,2,724
/3/library/tk.html,2,2,302
/3/library/tkinter.colorchooser.html,2,2,136
/3/library/unittest.mock.html,2,2,1201
/3/reference/index.html,2,2,671
/3/whatsnew/3.14.html,2,2,108
/fr/3.12/tutorial/interpreter.html,2,2,0
/fr/3.12/using/windows.html,2,2,2
/fr/3.12/whatsnew/index.html,2,2,6
/fr/3.13/contents.html,2,2,0
/fr/3.13/glossary.html,2,2,63
/fr/3.13/howto/curses.html,2,3,334
/fr/3.13/howto/enum.html,2,2,0
/fr/3.13/installing/index.html,2,2,0
/fr/3.13/library/atexit.html,2,2,580
/fr/3.13/library/hashlib.html,2,2,673
/fr/3.13/library/os.path.html,2,2,0
/fr/3.13/library/re.html,2,2,0
/fr/3.13/library/sqlite3.html,2,2,208
/fr/3.13/library/time.html,2,2,0
/fr/3.13/library/typing.html,2,2,28
/fr/3.13/library/venv.html,2,2,0
/fr/3.13/library/xml.html,2,2,0
/fr/3.13/library/zlib.html,2,2,0
/fr/3.13/whatsnew/3.12.html,2,2,0
/fr/3.13/whatsnew/3.13.html,2,2,0
/fr/3.14/genindex-D.html,2,2,0
/fr/3.14/library/ipaddress.html,2,2,2
/fr/3.14/library/subprocess.html,2,2,0
/fr/3.14/library/typing.html,2,2,0
/fr/3.14/library/xml.etree.elementtree.html,2,2,0
/fr/3.14/reference/simple_stmts.html,2,2,0
/fr/3.14/tutorial/,2,2,0
/fr/3.14/whatsnew/3.13.html,2,2,780
/fr/3.15/using/android.html,2,2,0
/fr/3/c-api/file.html,2,2,0
/fr/3/c-api/index.html,2,2,14
/fr/3/extending/extending.html,2,2,0
/fr/3/howto/argparse.html,2,2,0
/fr/3/howto/descriptor.html,2,2,0
/fr/3/library/archiving.html,2,2,6
/fr/3/library/array.html,2,2,0
/fr/3/library/asyncio-eventloop.html,2,2,2576
/fr/3/library/binascii.html,2,2,1072
/fr/3/library/cmd.html,2,2,0
/fr/3/library/collections.abc.html,2,2,0
/fr/3/library/colorsys.html,2,2,0
/fr/3/library/curses.html,2,2,6
/fr/3/library/dialog.html,2,2,25
/fr/3/library/email.message.html,2,2,0
/fr/3/library/fnmatch.html,2,2,0
/fr/3/library/http.client.html,2,2,4
/fr/3/library/internet.html,2,2,0
/fr/3/library/netrc.html,2,2,0
/fr/3/library/pydoc.html,2,2,0
/fr/3/library/pyexpat.html,2,2,0
/fr/3/library/queue.html,2,2,356
/fr/3/library/site.html,2,2,0
/fr/3/library/symtable.html,2,2,200
/fr/3/library/tarfile.html,2,2,0
/fr/3/library/textwrap.html,2,2,0
/fr/3/library/tokenize.html,2,2,0
/fr/3/library/urllib.parse.html,2,2,0
/fr/3/library/wave.html,2,2,0
/fr/3/library/xml.etree.elementtree.html,2,2,0
/fr/3/library/xmlrpc.client.html,2,2,0
