name,unique_entrances,total_entrances,visit_duration
/3.14/whatsnew/3.14.html,781,794,108
/3/,145,146,275
/3.14/,74,75,142
/3.14/using/windows.html,59,60,79
/3.14/tutorial/index.html,32,32,147
/3.15/,27,27,225
/3.14/library/compression.zstd.html,25,26,146
/3/whatsnew/3.13.html,16,16,207
/zh-cn/3.14/whatsnew/,16,16,126
/3.14/index.html,15,15,208
/3.14/tutorial/,14,15,309
/3.13/,12,12,237
/3.14/library/concurrent.interpreters.html,11,11,96
/zh-cn/3.14/whatsnew/3.14.html,11,11,142
/3.14/download.html,10,11,182
/3.14/search.html,10,10,126
/3.15/whatsnew/3.15.html,10,10,186
/3.12/,9,9,887
/3.14/library/typing.html,9,10,19
/3.14/tutorial/introduction.html,8,9,203
/3.14/whatsnew/changelog.html,8,9,14
/dev/using/windows.html,8,8,1828
/3.14/library/index.html,7,9,103
/3.14/library/stdtypes.html,7,8,298
/3.14/reference/compound_stmts.html,7,7,258
/3.14/tutorial/appetite.html,7,7,429
/3/whatsnew/index.html,7,7,373
/3.14/glossary.html,6,7,380
/it/3.14/whatsnew/3.14.html,6,6,0
/ja/3/,6,6,698
/zh-cn/3.14/,6,6,81
/zh-cn/3.14/using/index.html,6,6,6
/3.13/whatsnew/3.13.html,5,5,551
/3.14/library/functions.html,5,5,30
/3.14/whatsnew/3.13.html,5,5,146
/zh-cn/3.14/index.html,5,5,14
/3.13/index.html,4,4,526
/3.14/howto/free-threading-python.html,4,4,92
/3.14/library/calendar.html,4,4,390
/3.14/library/multiprocessing.html,4,4,342
/3.14/reference/lexical_analysis.html,4,5,1
/3.14/tutorial/controlflow.html,4,4,0
/3.14/tutorial/modules.html,4,4,222
/3/library/threading.html,4,4,232
/3/whatsnew/3.11.html,4,4,556
/fr/3.14/library/tkinter.ttk.html,4,4,556
/ja/3.14/library/index.html,4,4,1690
/zh-cn/3.13/,4,4,384
/zh-cn/3.14/tutorial/classes.html,4,4,0
/zh-cn/3.14/tutorial/index.html,4,4,0
/zh-cn/3/,4,4,964
/3.13/tutorial/index.html,3,3,576
/3.13/using/windows.html,3,3,137
/3.14/library/exceptions.html,3,3,28
/3.14/library/idle.html,3,4,2
/3.14/library/math.html,3,3,6
/3.14/library/string.templatelib.html,3,3,84
/3.14/library/uuid.html,3,3,0
/3.14/tutorial/datastructures.html,3,3,32
/3.14/tutorial/stdlib.html,3,3,0
/3/howto/free-threading-python.html,3,3,371
/3/library/datetime.html,3,3,875
/3/library/functions.html,3,3,545
/3/library/idle.html,3,3,64
/3/library/typing.html,3,3,589
/3/tutorial/,3,3,561
/3/tutorial/index.html,3,3,650
/3/whatsnew/3.10.html,3,3,2426
/3/whatsnew/changelog.html,3,3,332
/dev/,3,3,1411
/es/3.14/tutorial/controlflow.html,3,3,0
/id/3.14/library/functions.html,3,3,0
/ja/3.14/index.html,3,3,1256
/ja/3.14/whatsnew/3.14.html,3,3,189
/ko/3.14/library/functools.html,3,3,333
/pt-br/3/,3,3,1328
/uk/3.14/library/asyncio-graph.html,3,3,0
/zh-cn/3.14/library/functions.html,3,4,0
/zh-cn/3.14/library/index.html,3,3,1
/zh-cn/3.14/reference/index.html,3,4,7
/3.13/library/index.html,2,2,82
/3.14/installing/index.html,2,2,1886
/3.14/library/asyncio-graph.html,2,2,0
/3.14/library/asyncio.html,2,3,0
/3.14/library/contextvars.html,2,2,884
/3.14/library/csv.html,2,2,1308
/3.14/library/datetime.html,2,2,10
/3.14/library/pdb.html,2,2,154
/3.14/library/string.html,2,2,280
/3.14/library/turtle.html,2,2,749
/3.14/using/cmdline.html,2,2,1080
/3.14/using/index.html,2,3,11
/3.14/using/unix.html,2,2,0
/3.14/whatsnew/,2,2,664
/3.14/whatsnew/index.html,2,2,0
/3/c-api/init.html,2,2,568
/3/download.html,2,2,515
/3/glossary.html,2,2,586
/3/library/asyncio.html,2,2,814
/3/library/codecs.html,2,2,1860
/3/library/collections.abc.html,2,2,32
/3/library/contextlib.html,2,2,1594
/3/library/index.html,2,2,1314
/3/library/string.html,2,2,142
/3/library/turtle.html,2,2,2722
/3/py-modindex.html,2,2,439
/3/reference/datamodel.html,2,2,255
/3/reference/expressions.html,2,2,514
/3/search.html,2,2,2242
/3/tutorial/appetite.html,2,2,110
/3/tutorial/introduction.html,2,2,1888
/3/tutorial/modules.html,2,2,1786
/3/using/windows.html,2,2,254
/es/3.14/library/intro.html,2,2,102
/es/3.14/tutorial/index.html,2,2,0
/fr/3.14/download.html,2,3,0
/fr/3.14/genindex-R.html,2,2,0
/ja/3.13/tutorial/,2,2,0
/ja/3.14/library/development.html,2,2,7726
/ja/3.14/reference/executionmodel.html,2,2,0
/ja/3.14/tutorial/,2,2,4
/ko/3/,2,2,28
/pt-br/3.14/,2,2,836
/uk/3.14/whatsnew/3.14.html,2,6,235
/zh-cn/3.12/,2,2,262
/zh-cn/3.13/whatsnew/3.13.html,2,2,1356
/zh-cn/3.14/c-api/init_config.html,2,2,0
/zh-cn/3.14/library/asyncio-runner.html,2,2,144
/zh-cn/3.14/library/json.html,2,2,0
/zh-cn/3.14/library/threading.html,2,2,0
/zh-cn/3.14/library/tkinter.ttk.html,2,2,0
/zh-cn/3.14/tutorial/interpreter.html,2,2,0
/zh-cn/3.14/using/windows.html,2,2,0
/zh-cn/3.14/whatsnew/index.html,2,2,56
/zh-cn/3.15/,2,2,2044
/zh-cn/3.15/whatsnew/3.15.html,2,2,308
/zh-cn/3/contents.html,2,2,70
/zh-cn/3/library/index.html,2,2,1102
/zh-tw/3.14/reference/index.html,2,2,14
/zh-tw/3.14/tutorial/classes.html,2,3,0
/3.12/c-api/index.html,1,1,6859
/3.12/download.html,1,1,1551
/3.12/index.html,1,1,115
/3.12/library/index.html,1,1,12
/3.12/library/tkinter.html,1,1,221
/3.12/whatsnew/,1,1,947
/3.12/whatsnew/3.12.html,1,1,293
/3.13/download.html,1,1,598
/3.13/library/dataclasses.html,1,1,0
/3.13/library/datetime.html,1,1,1
/3.13/library/dbm.html,1,1,263
/3.13/library/unicodedata.html,1,1,0
/3.13/library/uuid.html,1,1,5
/3.13/search.html,1,1,44
/3.13/using/index.html,1,1,2
/3.14/c-api/exceptions.html,1,1,13
/3.14/c-api/extension-modules.html,1,1,1162
/3.14/c-api/init.html,1,1,3
/3.14/c-api/init_config.html,1,1,0
/3.14/c-api/lifecycle.html,1,1,0
/3.14/c-api/long.html,1,1,0
/3.14/c-api/typeobj.html,1,1,0
/3.14/c-api/unicode.html,1,1,10
/3.14/contents.html,1,1,0
/3.14/deprecations/index.html,1,1,0
/3.14/howto/,1,1,0
/3.14/howto/enum.html,1,1,0
/3.14/howto/index.html,1,1,259
/3.14/howto/isolating-extensions.html,1,1,0
/3.14/library/__future__.html,1,1,0
/3.14/library/__main__.html,1,1,0
/3.14/library/annotationlib.html,1,1,0
/3.14/library/archiving.html,1,1,23
/3.14/library/asyncio-eventloop.html,1,1,0
/3.14/library/asyncio-policy.html,1,1,339
/3.14/library/asyncio-task.html,1,1,2
/3.14/library/codecs.html,1,1,0
/3.14/library/compression.html,1,1,33
/3.14/library/concurrent.futures.html,1,1,0
/3.14/library/configparser.html,1,2,0
/3.14/library/difflib.html,1,1,4256
/3.14/library/dis.html,1,1,0
/3.14/library/fnmatch.html,1,1,0
/3.14/library/gc.html,1,1,0
/3.14/library/getpass.html,1,1,0
/3.14/library/json.html,1,1,0
/3.14/library/logging.handlers.html,1,1,0
/3.14/library/logging.html,1,1,0
/3.14/library/os.html,1,1,0
/3.14/library/pathlib.html,1,1,18
/3.14/library/profile.html,1,1,0
/3.14/library/pydoc.html,1,1,0
/3.14/library/queue.html,1,1,12
/3.14/library/re.html,1,1,0
/3.14/library/sched.html,1,1,0
/3.14/library/sqlite3.html,1,1,2
/3.14/library/threading.html,1,1,0
/3.14/library/time.html,1,1,0
/3.14/library/types.html,1,1,111
/3.14/library/unicodedata.html,1,1,19
/3.14/library/unittest.mock-examples.html,1,1,0
/3.14/library/unittest.mock.html,1,1,0
/3.14/library/venv.html,1,1,114
/3.14/library/webbrowser.html,1,1,0
/3.14/library/zipfile.html,1,1,740
/3.14/py-modindex.html,1,1,64
/3.14/reference/datamodel.html,1,1,0
/3.14/reference/grammar.html,1,1,0
/3.14/reference/index.html,1,1,0
/3.14/tutorial/classes.html,1,1,0
/3.14/tutorial/inputoutput.html,1,1,1004
/3.14/tutorial/interpreter.html,1,1,0
/3.14/tutorial/stdlib2.html,1,1,0
/3.14/tutorial/venv.html,1,1,0
/3.14/whatsnew/3.6.html,1,1,159
/3.14/whatsnew/3.8.html,1,1,5
/3.15/library/functions.html,1,1,115
/3.15/reference/expressions.html,1,1,135
/3.15/reference/lexical_analysis.html,1,1,652
/3.15/tutorial/introduction.html,1,1,0
/3.15/whatsnew/3.13.html,1,1,3
/3/c-api/intro.html,1,1,1
/3/c-api/stable.html,1,1,217
/3/genindex-P.html,1,1,6
/3/howto/argparse.html,1,1,78
/3/howto/curses.html,1,1,1120
/3/howto/enum.html,1,1,1827
/3/howto/logging.html,1,1,1858
/3/index.html,1,1,441
/3/installing/index.html,1,1,3265
/3/library/,1,1,2941
/3/library/__future__.html,1,1,632
/3/library/argparse.html,1,1,220
/3/library/concurrent.futures.html,1,1,180
/3/library/configparser.html,1,1,510
/3/library/csv.html,1,1,304
/3/library/dataclasses.html,1,1,3161
/3/library/enum.html,1,1,3057
/3/library/exceptions.html,1,1,2371
/3/library/importlib.metadata.html,1,1,484
/3/library/io.html,1,1,1229
/3/library/itertools.html,1,1,2093
/3/library/logging.html,1,1,1644
/3/library/math.html,1,1,136
/3/library/operator.html,1,1,1480
/3/library/optparse.html,1,1,887
/3/library/pathlib.html,1,1,143
/3/library/pickle.html,1,1,118
/3/library/profile.html,1,1,613
/3/library/random.html,1,1,44
/3/library/sched.html,1,1,0
/3/library/smtplib.html,1,1,2331
/3/library/sqlite3.html,1,1,0
/3/library/subprocess.html,1,1,1955
/3/library/tarfile.html,1,1,937
/3/library/tracemalloc.html,1,1,1446
/3/library/unicodedata.html,1,1,296
/3/library/unittest.mock.html,1,1,1322
/3/library/uuid.html,1,1,6
/3/reference/lexical_analysis.html,1,1,1493
/3/tutorial/datastructures.html,1,1,987
/3/tutorial/errors.html,1,1,5
/3/tutorial/inputoutput.html,1,1,1636
/3/tutorial/interpreter.html,1,1,389
/3/using/ios.html,1,1,2200
/dev/whatsnew/3.14.html,1,1,85
/dev/whatsnew/3.15.html,1,1,639
/el/3.14/tutorial/stdlib.html,1,1,15
/es/3.14/faq/programming.html,1,1,0
/es/3.14/library/constants.html,1,1,97
/es/3.14/library/secrets.html,1,1,0
/es/3.14/tutorial/introduction.html,1,1,259
/es/3/tutorial/,1,1,43
/fr/3.14/library/idle.html,1,1,24
/fr/3.14/search.html,1,1,0
/fr/3.14/whatsnew/index.html,1,1,17
/id/3.14/library/hashlib.html,1,1,0
/id/3.14/reference/grammar.html,1,1,0
/it/3.14/tutorial/venv.html,1,1,0
/ja/3.12/library/contextvars.html,1,1,989
/ja/3.12/whatsnew/3.9.html,1,1,6
/ja/3.13/library/asyncio.html,1,1,47
/ja/3.13/library/json.html,1,1,162
/ja/3.13/library/typing.html,1,1,7
/ja/3.13/tutorial/modules.html,1,1,11189
/ja/3.13/whatsnew/3.13.html,1,1,2317
/ja/3.13/whatsnew/index.html,1,1,2616
/ja/3.14/,1,1,8
/ja/3.14/c-api/datetime.html,1,1,0
/ja/3.14/c-api/iter.html,1,1,0
/ja/3.14/c-api/none.html,1,1,0
/ja/3.14/c-api/number.html,1,1,0
/ja/3.14/c-api/sequence.html,1,1,0
/ja/3.14/extending/windows.html,1,1,0
/ja/3.14/faq/general.html,1,1,0
/ja/3.14/genindex.html,1,1,721
/ja/3.14/howto/descriptor.html,1,1,0
/ja/3.14/howto/logging.html,1,1,0
/ja/3.14/howto/pyporting.html,1,1,0
/ja/3.14/howto/regex.html,1,1,0
