name,unique_entrances,total_entrances,visit_duration
/zh-cn/3/tutorial/index.html,309,327,158
/zh-cn/3/,265,268,130
/3/,205,209,538
/zh-cn/3/using/index.html,151,151,43
/dev/using/windows.html,149,151,248
/zh-cn/3/library/idle.html,139,139,30
/zh-cn/3/library/,128,132,50
/zh-cn/3.14/,110,113,185
/zh-cn/3/library/index.html,106,107,181
/zh-cn/3/library/turtle.html,106,110,111
/zh-cn/3.13/tutorial/index.html,88,90,118
/zh-cn/3.15/using/windows.html,82,87,117
/zh-cn/3.14/tutorial/index.html,80,86,400
/zh-cn/3/using/mac.html,73,73,67
/zh-cn/3/library/functions.html,66,70,145
/zh-cn/3/library/venv.html,65,65,62
/zh-cn/3/reference/index.html,52,54,78
/zh-cn/3/library/stdtypes.html,51,52,125
/zh-cn/3/tutorial/interpreter.html,48,49,134
/zh-cn/3.14/library/index.html,47,51,421
/zh-cn/3/tutorial/,45,46,243
/zh-cn/3/using/,44,44,48
/zh-cn/3/tutorial/datastructures.html,37,38,159
/zh-cn/3/using/windows.html,35,35,230
/zh-cn/3.14/using/index.html,34,34,20
/zh-cn/3/library/random.html,33,33,16
/zh-cn/3/tutorial/controlflow.html,33,33,130
/zh-cn/3/library/os.html,32,32,41
/zh-cn/3.14/tutorial/introduction.html,31,36,99
/zh-cn/3.13/tutorial/,30,30,18
/zh-cn/3/index.html,30,32,70
/zh-cn/3/library/tkinter.html,30,30,49
/zh-cn/3.14/tutorial/interpreter.html,29,29,503
/zh-cn/3/tutorial/introduction.html,28,30,196
/zh-cn/3.14/index.html,27,31,489
/zh-cn/3.13/,26,27,68
/zh-cn/3.13/library/index.html,26,27,106
/zh-cn/3/library/math.html,26,26,158
/zh-cn/3/search.html,26,26,190
/zh-cn/3/tutorial/classes.html,26,26,159
/3/tutorial/index.html,25,26,659
/zh-cn/3.14/library/stdtypes.html,25,26,162
/zh-cn/3/howto/regex.html,25,28,56
/zh-cn/3/download.html,24,24,205
/zh-cn/3/library/tkinter.ttk.html,24,25,1
/zh-cn/3/tutorial/inputoutput.html,24,24,19
/zh-cn/3.14/search.html,23,24,302
/zh-cn/3.14/tutorial/controlflow.html,23,25,535
/zh-cn/3.14/installing/index.html,21,21,96
/zh-cn/3.14/tutorial/datastructures.html,21,22,266
/zh-cn/3/glossary.html,21,23,76
/zh-cn/3.14/library/functions.html,20,20,174
/zh-cn/3.14/library/idle.html,20,20,58
/zh-cn/3/contents.html,20,22,261
/zh-cn/3/library/datetime.html,20,20,20
/zh-cn/3/library/re.html,20,20,223
/zh-cn/3/library/tk.html,20,20,165
/zh-cn/3/tutorial/appetite.html,20,22,105
/3.13/,19,19,262
/zh-cn/3.13/tutorial/controlflow.html,19,19,59
/zh-cn/3.14/contents.html,19,19,232
/zh-cn/3.14/whatsnew/3.14.html,19,19,58
/zh-cn/3/library/asyncio-task.html,19,19,518
/zh-cn/3/library/dataclasses.html,19,19,0
/zh-cn/3/library/multiprocessing.html,19,19,357
/zh-cn/3/using/cmdline.html,18,18,13
/zh-cn/3/library/logging.html,17,17,57
/zh-cn/3/library/threading.html,17,18,119
/zh-cn/3.14/glossary.html,16,16,460
/zh-cn/3/installing/index.html,16,16,18
/3.14/,15,15,809
/3.14/using/windows.html,15,15,235
/zh-cn/3.14/tutorial/,15,15,578
/zh-cn/3.14/tutorial/appetite.html,15,15,800
/zh-cn/3/library/collections.html,15,15,7
/zh-cn/3/library/csv.html,15,15,0
/zh-cn/3/library/struct.html,15,15,10
/zh-cn/3/library/unittest.html,15,15,9
/3/library/index.html,14,14,334
/zh-cn/3.12/tutorial/index.html,14,16,185
/zh-cn/3.13/using/android.html,14,14,0
/zh-cn/3.14/using/android.html,14,14,2
/zh-cn/3.14/whatsnew/3.13.html,14,14,0
/zh-cn/3/library/typing.html,14,15,265
/zh-cn/3/tutorial/venv.html,14,16,0
/zh-cn/3.12/,13,13,35
/zh-cn/3.12//whatsnew/3.12.html,13,13,3
/zh-cn/3.13/whatsnew/3.13.html,13,13,15
/zh-cn/3/howto/argparse.html,13,15,6
/zh-cn/3/library/asyncio.html,13,13,230
/zh-cn/3/library/pydoc.html,13,13,0
/zh-cn/3/library/socket.html,13,14,0
/zh-cn/3/tutorial/errors.html,13,13,257
/zh-cn/3/tutorial/modules.html,13,14,498
/3.15/,12,13,386
/zh-cn/3.13/library/functions.html,12,13,15
/zh-cn/3.14/py-modindex.html,12,12,306
/zh-cn/3.14/tutorial/inputoutput.html,12,12,207
/zh-cn/3/library/sqlite3.html,12,12,1
/zh-cn/3/whatsnew/3.14.html,12,12,12
/zh-cn/3.13/library/stdtypes.html,11,11,0
/zh-cn/3.14/tutorial/classes.html,11,12,856
/zh-cn/3.14/using/windows.html,11,11,5
/zh-cn/3/extending/extending.html,11,11,42
/zh-cn/3/library/ctypes.html,11,11,12
/zh-cn/3/library/itertools.html,11,11,4
/zh-cn/3/library/time.html,11,11,0
/zh-cn/dev/using/,11,11,23
/zh-cn/dev/using/windows.html,11,11,3
/3.14/tutorial/index.html,10,10,606
/3/tutorial/,10,11,1566
/zh-cn/3/library/pathlib.html,10,10,0
/zh-cn/3/library/subprocess.html,10,10,8
/zh-cn/3/reference/lexical_analysis.html,10,10,1
/zh-cn/3.12/whatsnew/3.12.html,9,9,0
/zh-cn/3.13/index.html,9,9,129
/zh-cn/3.14/tutorial/errors.html,9,9,370
/zh-cn/3.15/,9,10,457
/zh-cn/3/howto/sorting.html,9,9,161
/zh-cn/3/library/__main__.html,9,9,0
/zh-cn/3/library/abc.html,9,9,0
/zh-cn/3/library/ast.html,9,9,223
/zh-cn/3/library/atexit.html,9,9,0
/zh-cn/3/library/http.server.html,9,9,150
/zh-cn/3/library/os.path.html,9,9,1
/zh-cn/3/library/pickle.html,9,9,0
/zh-cn/3/library/string.html,9,9,0
/zh-cn/3/reference/import.html,9,9,121
/zh-cn/3/using/configure.html,9,9,10
/zh-cn/3/whatsnew/index.html,9,9,0
/3.14/tutorial/,8,8,328
/3/search.html,8,8,612
/zh-cn/3.13/tutorial/introduction.html,8,9,31
/zh-cn/3.14/library/urllib.request.html,8,8,0
/zh-cn/3/library/asyncio-eventloop.html,8,8,0
/zh-cn/3/library/datatypes.html,8,8,0
/zh-cn/3/library/exceptions.html,8,8,28
/zh-cn/3/library/heapq.html,8,8,0
/zh-cn/3/library/io.html,8,8,0
/zh-cn/3/library/queue.html,8,8,1
/zh-cn/dev/bugs.html,8,8,0
/3/library/functions.html,7,7,130
/3/using/windows.html,7,7,623
/zh-cn/3.13/glossary.html,7,8,18
/zh-cn/3.13/tutorial/interpreter.html,7,7,1
/zh-cn/3.13/using/index.html,7,7,0
/zh-cn/3.14/whatsnew/,7,7,298
/zh-cn/3.15/whatsnew/,7,7,0
/zh-cn/3.15/whatsnew/3.15.html,7,7,3
/zh-cn/3/howto/a-conceptual-overview-of-asyncio.html,7,11,121
/zh-cn/3/howto/enum.html,7,7,141
/zh-cn/3/library/bisect.html,7,7,0
/zh-cn/3/library/concurrent.futures.html,7,7,208
/zh-cn/3/library/configparser.html,7,7,2
/zh-cn/3/library/zipfile.html,7,7,200
/zh-cn/3/py-modindex.html,7,7,0
/zh-cn/3/reference/compound_stmts.html,7,7,18
/zh-cn/3/reference/datamodel.html,7,7,380
/zh-cn/3/tutorial/stdlib.html,7,7,52
/zh-cn/3/using/android.html,7,7,0
/zh-cn/3/using/ios.html,7,7,29
/3.12/,6,6,61
/3/library/datetime.html,6,6,311
/zh-cn/3.12/search.html,6,6,21
/zh-cn/3.13/reference/lexical_analysis.html,6,6,0
/zh-cn/3.13/tutorial/modules.html,6,6,24
/zh-cn/3.13/using/windows.html,6,6,0
/zh-cn/3.14/download.html,6,6,614
/zh-cn/3.14/library/,6,9,272
/zh-cn/3.14/library/asyncio-task.html,6,6,134
/zh-cn/3.14/library/removed.html,6,6,0
/zh-cn/3.14/library/turtle.html,6,6,55
/zh-cn/3.14/library/venv.html,6,6,0
/zh-cn/3.14/reference/index.html,6,6,1082
/zh-cn/3.14/tutorial/modules.html,6,6,5
/zh-cn/3.14/tutorial/venv.html,6,6,80
/zh-cn/3.14/using/cmdline.html,6,6,71
/zh-cn/3.15/library/tk.html,6,6,65
/zh-cn/3/installing/,6,6,16
/zh-cn/3/library/argparse.html,6,6,300
/zh-cn/3/library/email.policy.html,6,6,0
/zh-cn/3/library/gettext.html,6,6,0
/zh-cn/3/library/gzip.html,6,6,0
/zh-cn/3/library/statistics.html,6,6,338
/zh-cn/3/library/xml.etree.elementtree.html,6,7,0
/zh-cn/3/license.html,6,6,0
/zh-cn/3/tutorial/stdlib2.html,6,6,21
/zh-cn/3/whatsnew/3.12.html,6,6,0
/zh-cn/3/whatsnew/3.13.html,6,6,1
/zh-cn/dev/library/functions.html,6,6,0
/3.14/index.html,5,5,327
/3/download.html,5,5,94
/3/library/asyncio.html,5,5,21
/3/library/tkinter.html,5,5,480
/3/whatsnew/3.14.html,5,5,447
/zh-cn//3/library/heapq.html,5,5,203
/zh-cn/3.12/library/index.html,5,8,0
/zh-cn/3.12/library/stdtypes.html,5,5,318
/zh-cn/3.13/library/math.html,5,6,110
/zh-cn/3.13/library/re.html,5,5,0
/zh-cn/3.13/tutorial/appetite.html,5,5,389
/zh-cn/3.13/tutorial/errors.html,5,5,0
/zh-cn/3.14/howto/regex.html,5,5,0
/zh-cn/3.14/library/argparse.html,5,5,0
/zh-cn/3.14/library/asyncio-runner.html,5,5,3
/zh-cn/3.14/library/asyncio.html,5,8,272
/zh-cn/3.14/library/configparser.html,5,5,0
/zh-cn/3.14/library/os.html,5,5,1
/zh-cn/3.14/reference/compound_stmts.html,5,5,334
/zh-cn/3.14/reference/datamodel.html,5,5,544
/zh-cn/3.15/contents.html,5,5,63
/zh-cn/3.15/reference/index.html,5,5,335
/zh-cn/3/genindex.html,5,5,502
/zh-cn/3/howto/curses.html,5,5,1
/zh-cn/3/howto/logging-cookbook.html,5,5,0
/zh-cn/3/library/codecs.html,5,5,0
/zh-cn/3/library/copy.html,5,5,0
/zh-cn/3/library/decimal.html,5,5,309
/zh-cn/3/library/functools.html,5,5,0
/zh-cn/3/library/pdb.html,5,5,1
/zh-cn/3/library/sys.html,5,5,0
/zh-cn/3/library/traceback.html,5,5,0
/zh-cn/3/library/unittest.mock.html,5,5,0
/zh-cn/3/reference/expressions.html,5,6,10
/zh-cn/3/reference/simple_stmts.html,5,5,0
/zh-cn/3/whatsnew/3.8.html,5,5,569
/zh-cn/dev/using/cmdline.html,5,5,0
/zh-cn/dev/whatsnew/changelog.html,5,5,0
/zh-cn/dev/whatsnew/index.html,5,5,0
/3.12/tutorial/index.html,4,4,82
/3.14/whatsnew/3.14.html,4,4,542
/3/library/json.html,4,4,39302
/3/library/logging.html,4,4,338
/3/library/pathlib.html,4,4,353
/3/library/stdtypes.html,4,4,37
/3/tutorial/interpreter.html,4,4,282
/zh-cn/3.12/download.html,4,4,0
/zh-cn/3.12/glossary.html,4,4,904
/zh-cn/3.12/tutorial/interpreter.html,4,4,3
/zh-cn/3.12/using/windows.html,4,4,0
/zh-cn/3.13/howto/functional.html,4,4,0
/zh-cn/3.13/library/pickle.html,4,4,429
/zh-cn/3.13/reference/compound_stmts.html,4,4,0
/zh-cn/3.13/reference/index.html,4,4,4
/zh-cn/3.14/installing/,4,4,0
/zh-cn/3.14/library/asyncio-dev.html,4,4,0
/zh-cn/3.14/library/asyncio-eventloop.html,4,4,588
/zh-cn/3.14/library/collections.html,4,4,576
/zh-cn/3.14/library/datetime.html,4,4,0
/zh-cn/3.14/library/imghdr.html,4,4,0
/zh-cn/3.14/library/intro.html,4,4,21
/zh-cn/3.14/library/math.html,4,4,34
/zh-cn/3.14/library/multiprocessing.html,4,4,0
/zh-cn/3.14/library/threading.html,4,4,148
/zh-cn/3.14/library/tk.html,4,4,26
/zh-cn/3.14/library/unittest.html,4,4,13
/zh-cn/3.14/library/urllib.error.html,4,4,0
/zh-cn/3.14/reference/expressions.html,4,4,2
/zh-cn/3.14/tutorial/appendix.html,4,4,813
/zh-cn/3.14/tutorial/floatingpoint.html,4,4,0
/zh-cn/3.14/tutorial/stdlib.html,4,4,191
/zh-cn/3.14/tutorial/stdlib2.html,4,5,22
/zh-cn/3.14/whatsnew/3.10.html,4,4,2
/zh-cn/3.15/library/index.html,4,4,1
/zh-cn/3.15/tutorial/index.html,4,4,152
/zh-cn/3/bugs.html,4,4,27
/zh-cn/3/extending/newtypes_tutorial.html,4,4,16
/zh-cn/3/faq/general.html,4,4,0
/zh-cn/3/faq/gui.html,4,4,0
/zh-cn/3/howto/descriptor.html,4,4,20
/zh-cn/3/howto/index.html,4,4,204
/zh-cn/3/library/__future__.html,4,4,0
/zh-cn/3/library/asyncio-runner.html,4,4,29
/zh-cn/3/library/base64.html,4,4,0
/zh-cn/3/library/calendar.html,4,4,0
/zh-cn/3/library/contextlib.html,4,4,2
/zh-cn/3/library/curses.html,4,4,0
/zh-cn/3/library/intro.html,4,6,0
/zh-cn/3/library/multiprocessing.shared_memory.html,4,5,372
/zh-cn/3/library/shutil.html,4,4,8
/zh-cn/3/library/textwrap.html,4,4,0
/zh-cn/3/library/trace.html,4,4,0
/zh-cn/3/library/uuid.html,4,4,0
/zh-cn/3/library/weakref.html,4,4,0
/zh-cn/3/reference/executionmodel.html,4,4,0
/zh-cn/3/tutorial/appendix.html,4,4,312
/zh-cn/3/using/unix.html,4,4,8
/zh-cn/dev/library/idle.html,4,4,248
/zh-cn/dev/whatsnew/3.11.html,4,4,0
/3.13/library/,3,3,28
/3.13/tutorial/,3,3,806
/3.14/library/index.html,3,3,1503
/3/index.html,3,3,28
/3/library/idle.html,3,3,145
/3/library/math.html,3,3,826
/3/library/typing.html,3,3,61
/3/library/venv.html,3,3,379
/3/py-modindex.html,3,3,1050
/zh-cn/3.12/c-api/typeobj.html,3,3,0
/zh-cn/3.12/howto/sorting.html,3,3,0
