name,unique_exits,total_exits,exit_rate
/zh-cn/3/tutorial/index.html,259,270,
/zh-cn/3/,187,189,
/zh-cn/3.15/using/windows.html,142,148,
/zh-cn/3/library/idle.html,135,135,
/zh-cn/3/library/,117,121,
/zh-cn/3/using/index.html,117,117,
/zh-cn/3/library/turtle.html,107,110,
/zh-cn/3.14/,103,105,
/zh-cn/3/library/index.html,96,95,
/zh-cn/3.14/tutorial/index.html,89,96,
/zh-cn/3/using/mac.html,75,75,
/zh-cn/3.13/tutorial/index.html,72,74,
/zh-cn/3/tutorial/interpreter.html,71,72,
/zh-cn/3/library/functions.html,70,73,
/zh-cn/3/library/venv.html,64,64,
/dev/using/windows.html,63,63,
/zh-cn/3/library/stdtypes.html,62,62,
/zh-cn/3.14/library/index.html,61,63,
/zh-cn/3/using/windows.html,60,60,
/zh-cn/3/tutorial/controlflow.html,53,54,
/zh-cn/3/tutorial/introduction.html,53,55,
/zh-cn/3.14/tutorial/controlflow.html,51,53,
/zh-cn/3.14/tutorial/introduction.html,51,56,
/3/,46,46,
/zh-cn/3.14/library/stdtypes.html,42,43,
/zh-cn/3/search.html,42,44,
/zh-cn/3.14/library/functions.html,39,39,
/zh-cn/3/tutorial/datastructures.html,39,40,
/zh-cn/3/tutorial/classes.html,36,36,
/zh-cn/3/library/random.html,35,35,
/zh-cn/3/reference/index.html,35,37,
/zh-cn/3.14/search.html,33,34,
/zh-cn/3.14/tutorial/interpreter.html,33,33,
/zh-cn/3/library/tkinter.html,33,33,
/zh-cn/3/tutorial/,33,33,
/zh-cn/3/using/cmdline.html,32,32,
/zh-cn/3/library/os.html,31,31,
/zh-cn/3.14/installing/index.html,30,30,
/zh-cn/3.14/whatsnew/3.14.html,30,30,
/zh-cn/3.14/using/windows.html,29,29,
/zh-cn/3/index.html,29,31,
/zh-cn/3/tutorial/inputoutput.html,28,28,
/zh-cn/3/download.html,27,27,
/zh-cn/3/library/tkinter.ttk.html,27,28,
/zh-cn/3.13/tutorial/,26,26,
/zh-cn/3.14/using/index.html,26,26,
/zh-cn/3/library/datetime.html,25,25,
/zh-cn/3.14/contents.html,24,24,
/zh-cn/3/howto/regex.html,24,26,
/zh-cn/3/library/math.html,24,24,
/zh-cn/3/using/,24,24,
/zh-cn/3.14/index.html,23,29,
/zh-cn/3.14/tutorial/datastructures.html,23,25,
/zh-cn/3/glossary.html,23,25,
/zh-cn/3/library/re.html,23,23,
/zh-cn/3/tutorial/appetite.html,23,25,
/zh-cn/3.13/library/index.html,22,21,
/zh-cn/3/installing/index.html,22,22,
/zh-cn/3.13/tutorial/controlflow.html,21,21,
/zh-cn/3.14/glossary.html,21,20,
/zh-cn/3.13/,19,20,
/zh-cn/3.14/download.html,19,19,
/zh-cn/3/library/dataclasses.html,19,19,
/zh-cn/3/library/logging.html,19,19,
/zh-cn/3/library/multiprocessing.html,18,20,
/zh-cn/3/reference/lexical_analysis.html,18,18,
/zh-cn/3.12/tutorial/index.html,17,19,
/zh-cn/3.13/tutorial/introduction.html,17,17,
/zh-cn/3.14/library/idle.html,17,17,
/zh-cn/3/contents.html,17,17,
/zh-cn/3/library/asyncio-task.html,17,17,
/zh-cn/3/library/threading.html,17,16,
/zh-cn/3/library/typing.html,17,17,
/zh-cn/3.13/library/stdtypes.html,16,16,
/zh-cn/3.14/py-modindex.html,16,16,
/zh-cn/3/library/struct.html,16,16,
/zh-cn/3/library/tk.html,16,16,
/zh-cn/3.13/using/android.html,15,15,
/zh-cn/3.13/whatsnew/3.13.html,15,15,
/zh-cn/3/library/collections.html,15,15,
/zh-cn/3/library/csv.html,15,15,
/zh-cn/3/library/sqlite3.html,15,15,
/zh-cn/3/library/string.html,15,15,
/zh-cn/3/library/unittest.html,15,15,
/zh-cn/3/whatsnew/3.14.html,15,16,
/zh-cn/3.14/reference/datamodel.html,14,14,
/zh-cn/3.14/using/android.html,14,14,
/zh-cn/3.14/whatsnew/3.13.html,14,14,
/zh-cn/3/library/socket.html,14,14,
/zh-cn/3/tutorial/venv.html,14,16,
/zh-cn/3.13/library/functions.html,13,14,
/zh-cn/3.13/tutorial/interpreter.html,13,14,
/zh-cn/3.14/tutorial/,13,12,
/zh-cn/3.14/tutorial/classes.html,13,14,
/zh-cn/3.14/tutorial/modules.html,13,13,
/zh-cn/3/library/pathlib.html,13,13,
/zh-cn/3/library/pydoc.html,13,13,
/zh-cn/3/tutorial/errors.html,13,13,
/zh-cn/dev/using/windows.html,13,13,
/3.14/,12,12,
