name,visitors,pageviews,bounce_rate,time_on_page,scroll_depth
/zh-cn/3/tutorial/index.html,438,590,59,38,58
/zh-cn/3/,325,397,56,15,79
/zh-cn/3.14/,310,401,41,22,81
/zh-cn/3.14/tutorial/index.html,260,374,43,34,71
/zh-cn/3.15/using/windows.html,208,202,66,49,25
/zh-cn/3/using/index.html,191,203,62,13,79
/zh-cn/3/library/index.html,190,203,61,28,47
/zh-cn/3.14/library/index.html,173,250,51,51,54
/zh-cn/3/library/idle.html,150,158,78,15,32
/zh-cn/3/library/,136,146,89,16,82
/zh-cn/3.14/tutorial/introduction.html,130,147,69,232,71
/zh-cn/3/tutorial/interpreter.html,127,134,84,70,80
/zh-cn/3/library/turtle.html,120,148,83,103,32
/zh-cn/3.13/tutorial/index.html,115,151,57,28,48
/zh-cn/3.14/tutorial/controlflow.html,115,116,72,308,54
/zh-cn/3.14/tutorial/interpreter.html,113,104,48,58,83
/zh-cn/3/library/functions.html,111,108,79,35,34
/zh-cn/3.14/index.html,110,149,26,15,84
/zh-cn/3/tutorial/controlflow.html,100,132,67,184,44
/zh-cn/3.14/library/stdtypes.html,94,91,77,114,42
/zh-cn/3/tutorial/introduction.html,94,127,80,210,58
/zh-cn/3/reference/index.html,92,96,50,20,73
/zh-cn/3/library/stdtypes.html,89,89,85,138,43
/zh-cn/3/using/windows.html,89,77,69,46,25
/zh-cn/3/using/mac.html,87,85,73,68,47
/zh-cn/3/search.html,83,134,35,26,60
/zh-cn/3.14/library/functions.html,80,77,60,109,48
/zh-cn/3/index.html,77,92,56,15,79
/zh-cn/3.14/search.html,76,112,50,29,59
/zh-cn/3.14/tutorial/appetite.html,75,70,33,64,89
/zh-cn/3.14/contents.html,74,89,68,36,15
/zh-cn/3.14/tutorial/datastructures.html,72,68,59,158,59
/zh-cn/3.14/using/index.html,72,86,50,19,81
/zh-cn/3/tutorial/appetite.html,71,102,59,73,94
/zh-cn/3/tutorial/datastructures.html,71,107,79,208,62
/zh-cn/3.14/glossary.html,70,67,44,73,52
/zh-cn/3.14/installing/index.html,69,65,81,27,75
/zh-cn/3/library/venv.html,68,68,92,62,34
/zh-cn/3.14/using/windows.html,63,53,82,63,27
/zh-cn/3.14/reference/index.html,62,69,33,31,85
/zh-cn/3/contents.html,59,64,41,19,12
/zh-cn/3/tutorial/classes.html,56,87,77,103,59
/zh-cn/3.14/whatsnew/3.14.html,55,55,84,54,28
/zh-cn/3/tutorial/,54,76,59,22,56
/zh-cn/3/tutorial/inputoutput.html,54,89,83,151,40
/zh-cn/3.13/,53,56,59,36,78
/zh-cn/3/download.html,49,45,62,17,93
/zh-cn/3/using/cmdline.html,49,47,67,16,23
/zh-cn/3.13/library/index.html,47,56,48,23,45
/zh-cn/3.14/download.html,46,36,33,27,94
/zh-cn/3/glossary.html,46,43,83,24,39
/zh-cn/3/using/,46,47,52,30,78
/zh-cn/3.14/tutorial/classes.html,45,40,50,259,58
/zh-cn/3.14/tutorial/modules.html,44,43,67,174,64
/zh-cn/3.14/py-modindex.html,43,44,33,24,60
/zh-cn/3/library/tkinter.html,43,46,80,148,46
/zh-cn/3/library/random.html,42,74,94,29,25
/zh-cn/3.14/howto/index.html,41,34,0,15,90
/zh-cn/3/library/os.html,41,73,88,43,40
/zh-cn/3.14/tutorial/inputoutput.html,40,44,42,254,64
/zh-cn/3.12/,37,42,69,14,86
/zh-cn/3.12/tutorial/index.html,36,39,62,20,62
/zh-cn/3/installing/index.html,36,36,81,41,68
/zh-cn/3/library/math.html,36,72,77,57,57
/zh-cn/3.13/tutorial/,35,35,67,13,44
/zh-cn/3.15/,34,39,40,14,78
/zh-cn/3.13/tutorial/controlflow.html,33,33,63,97,43
/zh-cn/3.14/tutorial/,33,58,47,34,59
/zh-cn/3/tutorial/errors.html,33,61,69,102,37
/zh-cn/3/tutorial/modules.html,33,65,64,42,45
/zh-cn/3.14/reference/datamodel.html,32,27,60,132,52
/zh-cn/3/library/re.html,32,67,65,81,39
/zh-cn/3/howto/index.html,31,30,25,13,91
/zh-cn/3/library/tkinter.ttk.html,30,29,96,73,36
/zh-cn/3.14/tutorial/stdlib.html,29,28,25,76,67
/zh-cn/3/howto/regex.html,29,64,86,79,30
/zh-cn/3/library/datetime.html,29,60,95,33,24
/zh-cn/3/whatsnew/3.14.html,29,30,67,23,28
/zh-cn/3.14/tutorial/errors.html,28,25,44,116,50
/zh-cn/3/reference/lexical_analysis.html,28,24,90,72,53
/zh-cn/3.14/library/idle.html,27,29,70,22,43
/zh-cn/3.14/tutorial/venv.html,26,21,83,52,77
/zh-cn/3/library/typing.html,26,57,87,220,39
/zh-cn/3.14/reference/lexical_analysis.html,25,22,50,107,37
/zh-cn/3.14/using/cmdline.html,25,24,50,66,39
/zh-cn/3/library/logging.html,25,57,94,43,28
/zh-cn/3/library/multiprocessing.html,25,27,79,137,43
/zh-cn/3/tutorial/venv.html,25,57,100,43,62
/zh-cn/3.13/index.html,24,20,44,7,73
/zh-cn/3.13/tutorial/introduction.html,24,25,78,121,59
/zh-cn/3/library/threading.html,24,55,78,173,41
/zh-cn/3.13/tutorial/interpreter.html,23,20,86,84,73
/zh-cn/3.14/reference/compound_stmts.html,23,26,60,47,57
/zh-cn/3/library/asyncio-task.html,23,24,79,108,41
/zh-cn/3/reference/datamodel.html,23,53,71,41,54
/zh-cn/3.14/tutorial/appendix.html,22,19,0,27,85
/zh-cn/3/library/dataclasses.html,22,54,95,24,35
/zh-cn/3/library/string.html,22,52,100,65,31
/zh-cn/3/library/tk.html,22,25,65,24,60
/zh-cn/3/reference/compound_stmts.html,22,19,71,34,37
