name,visitors,bounce_rate,visit_duration
google.com,69501,80,107
Direct / None,52915,70,202
python.org,6278,60,126
bing.com,6139,79,86
duckduckgo.com,4182,78,128
yandex.ru,2873,83,58
search.brave.com,1839,81,98
cn.bing.com,1273,71,100
chatgpt.com,929,70,125
boot.dev,880,80,104
cs50.harvard.edu,678,69,289
ecosia.org,546,81,125
google.com.hk,465,80,60
udemy.com,418,89,49
wiki.python.org,397,48,256
pandas.pydata.org,326,91,49
baidu.com/link,289,74,129
github.com,246,86,51
m.baidu.com,241,84,25
statics.teams.cdn.office.net,238,83,74
schooding.fr,236,44,462
netacad.com,230,93,20
realpython.com,218,79,103
roadmap.sh,216,77,144
ya.ru,215,88,48
practicum.yandex.ru,202,87,32
my.uopeople.edu,199,62,98
kagi.com,198,81,93
qwant.com,193,79,212
qiita.com,180,79,167
note.nkmk.me,163,89,60
discuss.python.org,150,77,119
city.ya.ru,147,95,1
yandex.com.tr,142,87,7
code.visualstudio.com,141,80,56
perplexity.ai,133,79,73
search.yahoo.com,128,78,153
youtube.com,125,83,49
pip.pypa.io/en/stable/installation,118,78,110
yandex.ru/search,103,82,60
numpy.org,101,67,121
docs.pydantic.dev,96,83,78
google.co.uk,96,81,93
codecademy.com,95,94,13
docs.pytorch.org,95,88,33
baidu.com,94,68,137
es.python.org,91,56,244
doubao.com,84,48,207
pygame.org,83,76,176
code.amazon.com,82,89,2
google.ru,81,85,48
yandex.kz,78,85,80
classroom.google.com,75,59,338
peps.python.org,75,72,344
yandex.by,70,87,70
fastapi.tiangolo.com,69,86,61
savanna.alxafrica.com,69,81,211
pypi.org,68,71,158
cursos.alura.com.br,66,86,45
google.fr,66,81,159
openclassrooms.com,63,84,44
scikit-learn.org,63,74,122
pytest-mock.readthedocs.io/en/latest/usage.html,62,70,176
claude.ai,60,69,193
py.mit.edu,59,86,32
gemini.google.com,58,75,99
yandex.uz,58,76,10
reference.langchain.com,56,93,33
in.search.yahoo.com,53,80,69
link.zhihu.com,52,68,84
learn.microsoft.com,51,94,2
inflab.jaas.datalab.tuwien.ac.at,48,68,403
search.yahoo.co.jp,45,77,15
stackoverflow.com,45,83,271
translations.python.org,43,33,466
airflow.apache.org,42,93,34
android-app://com.google.android.googlequicksearchbox,38,71,64
link.csdn.net,38,74,107
notebooks.githubusercontent.com,38,87,116
copilot.microsoft.com,37,62,82
engdoc.corp.google.com,37,76,78
networkx.org,37,74,128
docs.astral.sh,36,91,252
github.com/yt-dlp/yt-dlp,36,88,2
kivy.org,35,69,39
lms.skillfactory.ru,34,63,137
android-app://com.reddit.frontpage,32,88,18
app.kira-learning.com,32,72,153
codedex.io,32,83,59
fr.search.yahoo.com,32,69,67
packaging.python.org/en/latest/tutorials/packaging-projects,32,91,256
127.0.0.1,31,74,200
blackboard.syracuse.edu,29,80,127
hackerrank.com,29,90,87
sandbox.dodona.be,29,76,168
en.wikipedia.org,28,82,134
learn.zybooks.com,28,82,32
docs.google.com,27,77,73
so.com/link,27,76,51
developers.google.com,26,73,26
google.de,26,87,86
moodle.cc.sophia.ac.jp,26,66,394
pip.pypa.io,26,88,37
reddit.com,25,68,72
canvas.uchicago.edu/courses/66350/pages/homework-6,24,77,48
panel.cs50x.ir,24,83,53
skillbox.ru,24,77,80
intranet.hbtn.io,23,53,447
leetcode.com,23,79,35
courses.campus.gov.il,22,91,5
elearn.epam.com,22,91,154
odoo.com,22,88,131
pytest-mock.readthedocs.io,22,77,75
g3doc.corp.google.com,21,86,21
course.cse.ust.hk,20,85,67
docs.pola.rs,20,95,1
python.jp,20,45,25
runoob.com,20,68,184
strftime.org,20,85,46
utokyo-ipp.github.io,20,65,125
bing.com/search,19,100,0
cs.swarthmore.edu,19,85,138
pro.arcgis.com,19,70,184
sphinx-doc.org/en/master,19,68,23
facebook.com,18,95,8
moodle.ecs.soton.ac.uk,18,67,247
huggingface.co,17,88,8
packaging.python.org/en/latest/tutorials/installing-packages,17,83,150
python-forum.io,17,88,28
yandex.com,17,74,283
access.ifi.uzh.ch,16,62,108
app.dataquest.io,16,83,7
discordpy.readthedocs.io,16,79,249
github.com/TeachKait20/-8-Python-Modules,16,41,617
github.uio.no,16,81,82
m.facebook.com,16,100,0
mne.tools,16,94,0
sky.pro,16,88,55
br.search.yahoo.com,15,86,105
byui-cse.github.io,15,88,21
developer.mozilla.org,15,80,119
google.com.tw,15,67,58
mastergroosha.github.io,15,100,0
pythoncheatsheet.org,15,60,211
learn.nvidia.com,14,86,4
lms.yandex.ru,14,100,0
moodle.kochi-u.ac.jp,14,56,1570
odin.study,14,71,151
safe.menlosecurity.com,14,67,106
search.lilo.org,14,80,146
us.prairielearn.com,14,29,928
app.aluracursos.com,13,92,4
codecademy-enterprise.percipio.com,13,93,26
github.com/AUTOMATIC1111/stable-diffusion-webui/issues/1423,13,64,6
google.co.jp,13,67,330
my.leedsbeckett.ac.uk,13,69,91
news.ycombinator.com,13,92,3
python.it,13,53,371
robotframework.org,13,46,53
uk.search.yahoo.com,13,100,0
am.kwansei.ac.jp,12,87,160
app.certidevs.com,12,87,122
courses.edx.org,12,92,1
datacamp.com,12,83,5
docs.cloud.google.com,12,75,23
google.github.io,12,77,31
linkedin.com,12,92,1
node-server.ru,12,62,612
python.org/psf-landing,12,92,4
brightspace.tudelft.nl,11,75,3
cf-courses-data.static.labs.skills.network,11,92,27
cgp-oex.wgu.edu,11,62,292
github.com/vinta/awesome-python,11,82,74
go.skillbox.ru,11,45,16
google.ch,11,73,332
google.com.au,11,75,22
google.es,11,100,0
liaoxuefeng.com,11,91,88
namu.wiki,11,38,132
openstax.org,11,55,281
python.github.net.cn,11,73,222
sp.proglab.nl,11,75,220
w3schools.com,11,100,0
amuletmc.com,10,70,124
byhy.net,10,100,0
google.ca,10,85,127
habr.com,10,83,7
hag007.github.io,10,100,0
interactivetextbooks.tudelft.nl,10,90,1
l.facebook.com,10,90,8
mail.google.com,10,90,0
packaging.python.org/en/latest/specifications/binary-distribution-format,10,60,7
pillow.readthedocs.io/en/stable/reference/Image.html,10,90,0
python-fundamentals-wise-2025-26.jhaas.gi.denbi.de,10,60,734
python.org/downloads,10,60,22
s3.eu-west-1.amazonaws.com,10,60,94
steam.oxxostudio.tw,10,80,91
superfastpython.com,10,80,84
t.co,10,100,0
ca.search.yahoo.com,9,90,2
coderivers.org,9,78,116
critique.corp.google.com,9,88,82
dnmtechs.com,9,56,204
doc.qt.io,9,100,0
docs.pytest.org/en/stable/reference/reference.html,9,100,0
dsw-gateway-cn-hangzhou.data.aliyun.com,9,89,2
flask.palletsprojects.com/en/stable/api,9,78,60
gist.github.com,9,89,4
google.it,9,100,0
hub.jaas.datalab.tuwien.ac.at,9,100,0
jupyter.fjfi.cvut.cz,9,90,247
learning.ccbp.in,9,22,43
practicum.yandex.com,9,100,0
programiz.com,9,89,49
py4e.com,9,56,659
renkulab.io,9,85,181
translate.google.com,9,78,1
uneex.org,9,78,200
vscode.dev,9,100,0
ai.pydantic.dev,8,100,0
app.gocobi.com,8,40,849
aules.edu.gva.es,8,38,301
blackbox.ai,8,62,122
cn.bing.com/search,8,75,21
cnblogs.com,8,88,14
codehs.com,8,71,33
colab.research.google.com,8,86,5
docs.pytest.org,8,88,1
docs.pytest.org/en/stable/how-to/capture-warnings.html,8,62,8
flask.palletsprojects.com/en/stable/installation,8,86,10
hub-04.stackfuel.com,8,73,48
jupyter.org,8,62,5
kkb-production.jupyter-proxy.kaggle.net,8,100,0
learnpython.org,8,75,19
mdl.hs-duesseldorf.de,8,50,822
moma.corp.google.com,8,88,15
notebooklm.google.com,8,38,17
packaging.python.org,8,100,0
pwn.college,8,78,266
pythontutorials.net,8,88,292
react-app-python-runner.vercel.app,8,100,0
ru.hexlet.io/courses/python-basics/lessons/calling-functions/theory_unit,8,62,108
training.olicyber.it,8,88,7
tw.search.yahoo.com,8,62,4
uvicorn.dev,8,75,222
ya.ru/search,8,75,1
arrow.apache.org,7,86,9
bitbucket.org,7,86,1
blackboard.le.ac.uk,7,100,0
c88c.org,7,100,0
canvas.kth.se/courses/55995/pages/pythondokumentation,7,57,23
cheatsheetseries.owasp.org,7,100,0
click.palletsprojects.com/en/stable/api,7,86,42
cms.unir.net,7,57,399
coccoc.com/search,7,71,15
cs.virginia.edu,7,100,0
docs.ansible.com,7,78,14
docs.blender.org,7,100,0
docs.zephyrproject.org,7,62,164
dpr.proglab.nl,7,88,120
edube.org,7,100,0
ellibrodepython.com,7,71,181
flask.palletsprojects.com,7,71,52
forums.raspberrypi.com,7,86,152
google.at,7,100,0
gstatic.com,7,86,5
id.search.yahoo.com,7,86,14
isaac-sim.github.io,7,100,0
it.search.yahoo.com,7,57,42
jupyterhub.misc.rptu.de,7,71,7
learn.snhu.edu,7,100,0
learn.srmonline.in,7,75,85
lightning.ai,7,100,0
lms.codeinstitute.net,7,44,321
lms.inacap.cl,7,86,1
mx.search.yahoo.com,7,86,10
noai.duckduckgo.com,7,100,0
notion.so,7,86,85
object-oriented-python.github.io,7,71,26
overleaf.com,7,71,4
pl.search.yahoo.com,7,86,10
psycopg.org,7,86,153
pyformat.info,7,71,96
sites.google.com,7,71,315
textual.textualize.io,7,71,375
wiki.freecad.org,7,86,13
android-app://com.google.android.gm,6,67,197
app.nearpod.com/presentation,6,100,0
athena.alxafrica.com,6,100,0
c.biancheng.net,6,57,77
cantera.org,6,83,29
canvas.hu.nl/courses/50318/pages/data-skills-week-b1,6,100,0
chat.baidu.com,6,83,1
chokkan.github.io,6,50,53
code-editor.prod-us.prod.securecodewarrior.com,6,83,9
codeit.kr,6,80,8
developer.ansys.com,6,67,196
docs.marimo.io,6,83,6
docs.snowflake.com,6,83,294
ecsylms1.kj.yamagata-u.ac.jp,6,50,168
