name,visitors
Guangdong,255
California,197
England,143
Maharashtra,130
Beijing,122
Tokyo,114
São Paulo,99
Karnataka,98
Île-de-France,97
Shandong,96
Zhejiang,96
Shanghai,95
Jiangsu,91
Delhi,85
Hebei,82
Telangāna,78
Tamil Nadu,77
Moscow,71
Hubei,67
Texas,62
Henan,60
New York,60
Uttar Pradesh,56
West Bengal,52
Florida,50
Mazovia,48
Virginia,47
Ho Chi Minh City,47
Ontario,46
Hunan,45
Tashkent,44
Gyeonggi,41
Shaanxi,40
Osaka,40
Buenos Aires Province,39
Gujarat,39
Madhya Pradesh,38
Bavaria,37
Kerala,37
Illinois,37
Minas Gerais,36
Fujian,36
Sichuan,36
Cairo,36
Madrid Autonomous Community,36
Kyiv,36
Quebec,35
North Rhine-Westphalia,35
Seoul,35
Istanbul,34
Gauteng,34
Nairobi County,31
Lima,31
New South Wales,30
Tianjin,30
Catalonia,30
Paraná,29
Hesse,29
Kanagawa,29
Taipei,29
Hanoi,29
Rio de Janeiro,28
Greater Accra,28
North Holland,27
Punjab,27
Saint Petersburg,26
Pennsylvania,26
Andalusia,25
Auvergne-Rhône-Alpes,25
Ciudad de Mexico,25
South Holland,25
Georgia,25
Michigan,24
North Carolina,24
Anhui,23
Odisha,23
Rajasthan,23
Oregon,23
Lombardy,22
Washington,22
Bahia,21
Lagos,21
Province 3,21
Bucharest,21
New Jersey,21
Abidjan,20
Bihar,20
Western,20
Meknès-Tafilalet,20
Liaoning,19
Capital District,19
Piedmont,19
Samara,19
Ceará,18
Baden-Württemberg,18
Tel Aviv,18
Haryana,18
Mexico State,18
Metro Manila,18
Dnipropetrovshchyna,18
Gansu,17
Antioquia,17
Berlin,17
Valencian Community,17
Jakarta,17
New Taipei,17
Maryland,17
South Carolina,17
Flanders,16
Zürich,16
Lesser Poland,16
Moscow Province,16
Arizona,16
Ohio,16
Dubai,15
Paraíba,15
British Columbia,15
Chongqing,15
Lazio,15
Kuala Lumpur,15
Lisbon,15
Krasnodar Krai,15
Tunis,15
Luanda,14
Sofia,14
Santiago Metropolitan,14
Addis Ababa,14
Veneto,14
Lima Region,14
Sindh,14
Porto,14
Tatarstan,14
Indiana,14
La Paz,13
Federal District,13
Rio Grande do Sul,13
Hauts-de-France,13
Occitanie,13
Andhra Pradesh,13
Saitama,13
Aichi,13
Jalisco,13
Silesia,13
Novosibirsk,13
Bangkok,13
Massachusetts,13
Dhaka Division,12
Wallonia,12
Pernambuco,12
Yunnan,12
Hamburg,12
Provence-Alpes-Côte-d'Azur,12
Jharkhand,12
Chiba,12
Nuevo León,12
Riyadh,12
Makkah,12
Minnesota,12
Alberta,11
Jiangxi,11
Shanxi,11
Prague,11
Attica,11
Kwai Tsing New Territories,11
Phnom Penh,11
Almaty City,11
Selangor,11
Calabarzon,11
Greater Poland,11
Central,11
Alabama,11
Colorado,11
Missouri,11
Córdoba,10
Queensland,10
Minsk,10
Santander,10
Brittany,10
Nouvelle-Aquitaine,10
Punjab,10
Bishkek,10
Doha,10
Stockholm,10
Lvivshchyna,10
Vienna,9
Baku,9
Brussels,9
Amazonas,9
Saskatchewan,9
Kinshasa,9
Algiers,9
Guayas,9
Zagreb,9
Emilia-Romagna,9
Kyoto,9
Hyogo,9
Islamabad,9
Bashkortostan,9
Orenburg,9
Tainan,9
Odeshchyna,9
Louisiana,9
Utah,9
Capital,9
San José,8
Saxony,8
Pichincha,8
Faiyum,8
Uusimaa,8
Grand-Est,8
Central Java,8
Tuscany,8
Campania,8
Gifu,8
North Chungcheong,8
Chihuahua,8
North Brabant,8
Nizhny Novgorod,8
Dakar,8
Haiphong,8
Abu Dhabi,7
Victoria,7
Western Australia,7
Pará,7
Rio Grande do Norte,7
Littoral,7
Heilongjiang,7
Xinjiang,7
Centre-Val de Loire,7
Leinster,7
Vilnius County,7
Arequipa,7
Altai Krai,7
Rostov,7
Tyumen,7
Bratislava,7
Hsinchu County,7
Kyivshchyna,7
Arkansas,7
Oklahoma,7
Yerevan,6
South Australia,6
Goiás,6
Maranhão,6
Guangxi,6
Inner Mongolia,6
Norte de Santander,6
Valle del Cauca,6
Lower Saxony,6
Rhineland-Palatinate,6
Giza,6
Burgundy-Franche-Comté,6
Kowloon City Kowloon,6
Budapest,6
North Sumatra,6
Amman,6
Hokkaido,6
Fukuoka,6
Riga,6
Rabat-Salé-Zemmour-Zaer,6
Yangon,6
Oslo,6
Khyber Pakhtunkhwa,6
Cluj,6
Chelyabinsk,6
Irkutsk,6
Primorsky Krai,6
Tomsk,6
Bursa,6
Izmir,6
Connecticut,6
Da Nang,6
Buenos Aires,5
Chaco,5
Salzburg,5
Santa Cruz,5
Espírito Santo,5
Valparaíso,5
Schleswig-Holstein,5
Oran,5
El Oro,5
Castile-La Mancha,5
Galicia,5
Pays-de-la-Loire,5
Northern Ireland,5
Scotland,5
Tbilisi,5
Pest,5
Banten,5
Chhattīsgarh,5
Sardinia,5
Daegu,5
South Gyeongsang,5
Chaouia-Ouardigha,5
Chișinău,5
Guanajuato,5
Querétaro,5
Central Visayas,5
Lower Silesia,5
Pomerania,5
