name,visitors
India,77841
China,70108
United States,53646
Russian Federation,20502
Brazil,19163
Japan,15915
Germany,15512
South Korea,12597
United Kingdom,11346
France,10773
Indonesia,10470
Mexico,9494
Vietnam,9082
Pakistan,7702
Turkey,7607
Italy,7313
Spain,7309
Canada,7235
Hong Kong,6530
Colombia,6342
Poland,6239
Iran,5952
Taiwan,5688
Netherlands,5676
Singapore,5321
Saudi Arabia,4865
Philippines,4723
Egypt,4590
Australia,4522
Ukraine,3964
Argentina,3765
Thailand,3680
Peru,3429
Bangladesh,3214
Morocco,3100
Nigeria,2906
Algeria,2900
Malaysia,2886
Israel,2783
United Arab Emirates,2715
Chile,2646
Kazakhstan,2385
Uzbekistan,2366
Switzerland,2210
Portugal,2180
Sweden,2091
Ecuador,2056
South Africa,1929
Belgium,1809
Kenya,1776
Romania,1725
Finland,1711
Austria,1622
Norway,1330
Tunisia,1296
Czechia,1264
Sri Lanka,1233
Greece,1190
Iraq,1189
Jordan,1132
Nepal,1110
Ireland,1099
Hungary,1068
Denmark,1006
Belarus,991
Bulgaria,867
Ghana,828
Bolivia,772
Slovakia,738
Venezuela,738
Azerbaijan,726
Dominican Republic,713
Ethiopia,690
New Zealand,660
Costa Rica,652
Serbia,619
Cambodia,612
Croatia,610
Kyrgyzstan,586
Myanmar,580
Lithuania,538
Latvia,497
Yemen,468
Lebanon,464
Côte d'Ivoire,450
Uganda,443
Guatemala,416
Oman,412
Mongolia,411
Rwanda,402
El Salvador,393
Georgia,386
Uruguay,385
Cameroon,364
Moldova,362
Armenia,352
Senegal,351
Zimbabwe,350
Slovenia,341
Paraguay,340
Libya,321
Kuwait,320
Qatar,312
Panama,303
Tanzania,288
Estonia,283
Angola,270
Madagascar,266
"Congo, The Democratic Republic of the",259
Bahrain,253
Honduras,250
Albania,248
"Palestine, State of",243
Zambia,242
Syria,241
Puerto Rico,220
Togo,220
Cyprus,208
Bosnia and Herzegovina,204
Somalia,202
Afghanistan,185
Burkina Faso,178
Tajikistan,171
North Macedonia,170
Luxembourg,166
Benin,163
Sudan,143
Mauritius,135
Nicaragua,133
Malawi,132
Bhutan,131
Macao,127
Mozambique,127
Réunion,127
Kosovo,120
Congo,116
Laos,116
Malta,109
Botswana,84
Trinidad and Tobago,83
Cuba,72
Gabon,72
Namibia,72
Haiti,69
Montenegro,69
Seychelles,68
Mauritania,66
Mali,61
Papua New Guinea,60
Iceland,59
Maldives,54
Guinea,53
Jamaica,45
Niger,45
Liberia,38
Burundi,37
Lesotho,37
Brunei Darussalam,35
Martinique,33
New Caledonia,33
Barbados,31
Cabo Verde,31
Guadeloupe,31
Liechtenstein,31
Aruba,29
Sierra Leone,29
Belize,28
Chad,28
Guyana,27
Eswatini,26
Fiji,24
Timor-Leste,22
Monaco,21
Djibouti,19
Gambia,19
Suriname,18
South Sudan,18
French Polynesia,17
Andorra,16
Turkmenistan,13
Curaçao,12
Bermuda,11
French Guiana,10
Equatorial Guinea,9
"Virgin Islands, U.S.",9
Bahamas,8
Eritrea,8
Grenada,8
Gibraltar,8
Samoa,8
Faroe Islands,7
Jersey,7
Saint Kitts and Nevis,7
Solomon Islands,6
American Samoa,5
Sao Tome and Principe,5
Anguilla,4
Isle of Man,4
Comoros,4
Cayman Islands,4
Saint Lucia,4
Northern Mariana Islands,4
Sint Maarten (Dutch part),4
Tonga,4
Antigua and Barbuda,3
Åland Islands,3
Central African Republic,3
Guam,3
Kiribati,3
Saint Vincent and the Grenadines,3
"Virgin Islands, British",3
Mayotte,3
Dominica,2
San Marino,2
"Bonaire, Sint Eustatius and Saba",1
Greenland,1
Guinea-Bissau,1
Turks and Caicos Islands,1
Wallis and Futuna,1
