name,visitors
India,55844
China,34414
United States,24368
Russian Federation,10639
Brazil,8740
Japan,8195
Germany,7110
South Korea,6494
Pakistan,5443
United Kingdom,5199
Indonesia,5111
Turkey,5090
Iran,4935
Vietnam,4701
France,4401
Egypt,3984
Hong Kong,3667
Mexico,3255
Canada,3057
Taiwan,3001
Bangladesh,2956
Thailand,2801
Australia,2659
Netherlands,2652
Spain,2615
Italy,2611
Poland,2543
Saudi Arabia,2451
Ukraine,2357
Philippines,2291
Argentina,2145
Peru,2081
Singapore,1991
Israel,1769
Nigeria,1768
Malaysia,1748
Colombia,1616
Morocco,1400
Chile,1382
South Africa,1350
Algeria,1288
Nepal,1206
Sri Lanka,1194
United Arab Emirates,1174
Iraq,1023
Kenya,963
Sweden,901
Ecuador,879
Uzbekistan,876
Kazakhstan,858
Romania,840
Switzerland,747
Belgium,745
Czechia,717
Portugal,661
Greece,637
Ghana,614
Finland,595
Belarus,572
Hungary,569
New Zealand,553
Austria,549
Tunisia,530
Venezuela,522
Ireland,498
Cambodia,457
Bolivia,441
Jordan,440
Ethiopia,423
Dominican Republic,421
Azerbaijan,402
Norway,393
Denmark,371
Bulgaria,369
Yemen,359
Myanmar,357
Georgia,341
Costa Rica,330
Serbia,313
Kuwait,291
Slovakia,260
Qatar,239
Lithuania,238
Uganda,226
Cameroon,222
Latvia,213
Lebanon,211
"Congo, The Democratic Republic of the",203
Côte d'Ivoire,199
Oman,196
"Palestine, State of",194
Moldova,189
Panama,189
Croatia,188
Afghanistan,187
Slovenia,185
Syria,184
Senegal,183
Estonia,173
Armenia,172
El Salvador,167
Tanzania,167
Uruguay,166
Paraguay,165
Guatemala,159
Libya,157
Somalia,156
Kyrgyzstan,151
Angola,147
Zimbabwe,141
Rwanda,137
Honduras,131
Bahrain,128
Madagascar,114
Cuba,107
Bosnia and Herzegovina,104
Zambia,100
Mozambique,97
Puerto Rico,97
Mauritius,95
Sudan,94
Luxembourg,92
Togo,91
Burkina Faso,89
Tajikistan,87
Benin,86
Mongolia,86
Cyprus,82
Macao,82
Nicaragua,81
Albania,75
Malawi,75
North Macedonia,74
Jamaica,71
Mali,64
Laos,62
Kosovo,61
Seychelles,55
Congo,53
Trinidad and Tobago,50
Montenegro,49
Namibia,49
Mauritania,48
Malta,46
Botswana,45
Réunion,45
Sierra Leone,42
Maldives,40
Guinea,38
Iceland,31
Haiti,28
Gabon,27
Bhutan,25
South Sudan,24
New Caledonia,23
Liechtenstein,22
Barbados,20
Brunei Darussalam,20
Gambia,20
Burundi,18
Fiji,18
Niger,18
Papua New Guinea,18
Cabo Verde,15
Liberia,14
Curaçao,13
Djibouti,13
Eswatini,13
Andorra,11
Belize,11
French Guiana,11
Guadeloupe,11
Suriname,11
Bahamas,10
Cayman Islands,10
Martinique,10
Chad,10
Guernsey,9
Lesotho,9
"Virgin Islands, U.S.",8
Jersey,7
Guinea-Bissau,6
French Polynesia,6
Timor-Leste,6
Mayotte,6
Guam,5
Guyana,5
"Virgin Islands, British",5
Åland Islands,4
Grenada,4
Isle of Man,4
Saint Lucia,4
Bermuda,3
Gibraltar,3
Equatorial Guinea,3
Sao Tome and Principe,3
Turks and Caicos Islands,3
"Bonaire, Sint Eustatius and Saba",2
Central African Republic,2
"Micronesia, Federated States of",2
Solomon Islands,2
Tonga,2
Tuvalu,2
Saint Vincent and the Grenadines,2
Wallis and Futuna,2
Aruba,1
Faroe Islands,1
Saint Kitts and Nevis,1
Monaco,1
Northern Mariana Islands,1
San Marino,1
Sint Maarten (Dutch part),1
Vanuatu,1
