name,visitors
Chrome,299211
Microsoft Edge,132042
Safari,21264
Firefox,20488
Opera,15679
Yandex Browser,8661
Mobile App,4205
Smart Lenovo Browser,1471
Quark,1452
Samsung Browser,884
QQ Browser,772
Whale Browser,383
Sogou Explorer,359
MIUI Browser,302
Avast Secure Browser,234
vivo Browser,223
Huawei Browser Mobile,199
Huawei Browser,135
AVG Secure Browser,97
(not set),83
Chromium,51
Brave,45
Norton Private Browser,43
QtWebEngine,39
UC Browser,29
Phoenix Browser,28
Iron,21
Opera GX,20
CCleaner,19
Opera Touch,15
115 Browser,14
Atom,13
Ecosia,13
SberBrowser,13
Aloha Browser,11
Pale Moon,11
AdBlock Browser,9
Hi Browser,9
Lenovo Browser,9
Mobile Silk,9
Mypal,9
Android Browser,6
NetFront,6
360 Secure Browser,4
Avira Secure Browser,4
Basilisk,4
Oculus Browser,4
Sleipnir,4
Chromium GOST,3
Kindle Browser,3
UBrowser,3
Coc Coc,2
Ghostery Privacy Browser,2
Meizu Browser,2
Openwave Mobile Browser,2
Opera Devices,2
PrivacyWall,2
REST Client for Ruby,2
Raspbian Chromium,2
Steam In-Game Overlay,2
AOL Desktop,1
CoolBrowser,1
Craving Explorer,1
Internet Explorer,1
JioSphere,1
Maxthon,1
Oppo Browser,1
UC Browser Turbo,1
Vivaldi,1
Web Explorer,1
