name,visitors,bounce_rate,visit_duration
sty_search:s_none:cid_118128484:gid_5541029357:kw_---autotargeting:pid_54289097479:aid_16844097883:crid_0:rid_54289097479:p_1:pty_premium:mty_:mkw_:dty_desktop:cgcid_0:rn_Москва:rid_213,3,0,30
sty_search:s_none:cid_118128484:gid_5541029357:kw_скачать python:pid_55129022894:aid_16844097883:crid_0:rid_55129022894:p_1:pty_premium:mty_:mkw_:dty_mobile:cgcid_0:rn_Санкт-Петербург:rid_2,3,0,96
000026UJ,2,50,6
sty_search:s_none:cid_118128484:gid_5541029357:kw_---autotargeting:pid_54289097479:aid_16844097883:crid_0:rid_54289097479:p_2:pty_premium:mty_:mkw_:dty_mobile:cgcid_0:rn_Москва:rid_213,2,100,0
sty_search:s_none:cid_118128484:gid_5541029357:kw_Как установить питон:pid_55128848451:aid_16844097883:crid_0:rid_55128848451:p_1:pty_premium:mty_syn:mkw_:dty_desktop:cgcid_0:rn_Казань:rid_43,2,50,8
sty_search:s_none:cid_118128484:gid_5541029357:kw_скачать python:pid_55129022894:aid_16844097883:crid_0:rid_55129022894:p_1:pty_premium:mty_:mkw_:dty_desktop:cgcid_0:rn_Барнаул:rid_197,2,50,12
sty_search:s_none:cid_118128484:gid_5541029357:kw_скачать python:pid_55129022894:aid_16844097883:crid_0:rid_55129022894:p_1:pty_premium:mty_:mkw_:dty_desktop:cgcid_0:rn_Молоковское сельское поселение:rid_159141,2,100,0
sty_search:s_none:cid_118128484:gid_5541029357:kw_скачать python:pid_55129022894:aid_16844097883:crid_0:rid_55129022894:p_1:pty_premium:mty_:mkw_:dty_desktop:cgcid_0:rn_Москва:rid_213,2,50,291
sty_search:s_yandex.ru:cid_118128484:gid_5541029357:kw_---autotargeting:pid_54289097479:aid_16844097883:crid_0:rid_54289097479:p_1:pty_other:mty_:mkw_:dty_mobile:cgcid_0:rn_Белгород:rid_4,2,0,90
sty_search:s_yandex.ru:cid_118128484:gid_5541029357:kw_:pid_54289117297:aid_16844097883:crid_0:rid_54289117297:p_2:pty_dynamic_places:mty_syn:mkw_:dty_desktop:cgcid_0:rn_Фрязино:rid_21619,2,50,8
sty_search:s_yandex.ru:cid_118128484:gid_5541029357:kw_скачать python:pid_55129022894:aid_16844097883:crid_0:rid_55129022894:p_1:pty_other:mty_:mkw_:dty_desktop:cgcid_0:rn_Москва:rid_213,2,0,2
sty_search:s_yandex.ru:cid_118128484:gid_5541029357:kw_скачать python:pid_55129022894:aid_16844097883:crid_0:rid_55129022894:p_1:pty_other:mty_:mkw_:dty_desktop:cgcid_0:rn_Новосибирск:rid_65,2,100,0
Web Project Manager ,1,100,0
in_content_link,1,100,0
sty_search:s_none:cid_117714809:gid_5535966308:kw_---autotargeting:pid_54187282208:aid_16807763345:crid_0:rid_54187282208:p_1:pty_premium:mty_:mkw_:dty_desktop:cgcid_0:rn_Курск:rid_8,1,0,374
sty_search:s_none:cid_117714809:gid_5535966308:kw_---autotargeting:pid_54187282208:aid_16807763345:crid_0:rid_54187282208:p_1:pty_premium:mty_:mkw_:dty_desktop:cgcid_0:rn_Новосибирск:rid_65,1,0,216
sty_search:s_none:cid_118128484:gid_5541029357:kw_---autotargeting:pid_54289097479:aid_16844097883:crid_0:rid_54289097479:p_1:pty_premium:mty_:mkw_:dty_desktop:cgcid_0:rn_Балашиха:rid_10716,1,0,9
sty_search:s_none:cid_118128484:gid_5541029357:kw_---autotargeting:pid_54289097479:aid_16844097883:crid_0:rid_54289097479:p_1:pty_premium:mty_:mkw_:dty_desktop:cgcid_0:rn_Новочебоксарск:rid_37133,1,0,237
sty_search:s_none:cid_118128484:gid_5541029357:kw_---autotargeting:pid_54289097479:aid_16844097883:crid_0:rid_54289097479:p_1:pty_premium:mty_:mkw_:dty_mobile:cgcid_0:rn_Новоалтайск:rid_11246,1,0,345
sty_search:s_none:cid_118128484:gid_5541029357:kw_---autotargeting:pid_54289097479:aid_16844097883:crid_0:rid_54289097479:p_1:pty_premium:mty_:mkw_:dty_mobile:cgcid_0:rn_Санкт-Петербург:rid_2,1,100,0
sty_search:s_none:cid_118128484:gid_5541029357:kw_скачать python:pid_55129022894:aid_16844097883:crid_0:rid_55129022894:p_1:pty_premium:mty_:mkw_:dty_desktop:cgcid_0:rn_Геленджик:rid_10990,1,0,14
sty_search:s_none:cid_118128484:gid_5541029357:kw_скачать python:pid_55129022894:aid_16844097883:crid_0:rid_55129022894:p_1:pty_premium:mty_:mkw_:dty_desktop:cgcid_0:rn_Калининград:rid_22,1,0,42
sty_search:s_none:cid_118128484:gid_5541029357:kw_скачать python:pid_55129022894:aid_16844097883:crid_0:rid_55129022894:p_1:pty_premium:mty_:mkw_:dty_desktop:cgcid_0:rn_Королёв:rid_20728,1,0,1262
sty_search:s_yandex.ru:cid_117714809:gid_5535966308:kw_:pid_54187396397:aid_16807763345:crid_0:rid_54187396397:p_1:pty_dynamic_places:mty_syn:mkw_:dty_desktop:cgcid_0:rn_Санкт-Петербург:rid_2,1,0,12
sty_search:s_yandex.ru:cid_118128484:gid_5541029357:kw_---autotargeting:pid_54289097479:aid_16844097883:crid_0:rid_54289097479:p_1:pty_dynamic_places:mty_:mkw_:dty_mobile:cgcid_0:rn_Рязань:rid_11,1,100,0
sty_search:s_yandex.ru:cid_118128484:gid_5541029357:kw_скачать python:pid_55129022894:aid_16844097883:crid_0:rid_55129022894:p_1:pty_other:mty_:mkw_:dty_desktop:cgcid_0:rn_Обнинск:rid_967,1,0,21
