name,unique_entrances,total_entrances,visit_duration
/pt-br/latest/guides/installing-using-pip-and-virtual-environments/,15,15,27
/pt-br/latest/tutorials/installing-packages/,12,12,4
/en/latest/tutorials/installing-packages/,7,7,1111
/pt-br/latest/guides/writing-pyproject-toml/,5,5,3
/en/latest/tutorials/packaging-projects/,3,3,1738
/pt-br/latest/specifications/pypirc/,3,3,3
/en/latest/guides/writing-pyproject-toml/,2,2,156
/pt-br/latest/discussions/deploying-python-applications/,2,2,0
/pt-br/latest/guides/modernize-setup-py-project/,2,2,642
/pt-br/latest/overview/,2,2,624
/pt-br/latest/specifications/platform-compatibility-tags/,2,2,0
/en/latest/,1,1,256
/en/latest/glossary/,1,1,763
/en/latest/guides/distributing-packages-using-setuptools/,1,1,0
/pt-br/latest/contribute/,1,1,0
/pt-br/latest/discussions/pip-vs-easy-install/,1,1,2
/pt-br/latest/discussions/src-layout-vs-flat-layout/,1,1,0
/pt-br/latest/guides/analyzing-pypi-package-downloads/,1,1,0
/pt-br/latest/guides/distributing-packages-using-setuptools/,1,1,0
/pt-br/latest/guides/hosting-your-own-index/,1,1,0
/pt-br/latest/guides/installing-using-linux-tools/,1,1,28
/pt-br/latest/guides/making-a-pypi-friendly-readme/,1,1,0
/pt-br/latest/guides/publishing-package-distribution-releases-using-github-actions-ci-cd-workflows/,1,1,0
/pt-br/latest/key_projects/,1,1,0
/pt-br/latest/search/,1,1,0
/pt-br/latest/specifications/,1,1,1290
/pt-br/latest/specifications/direct-url-data-structure/,1,1,0
/pt-br/latest/specifications/recording-installed-packages/,1,2,0
/pt-br/latest/tutorials/managing-dependencies/,1,1,0
/pt-br/latest/tutorials/packaging-projects/,1,1,0
