name,visitors,pageviews,bounce_rate,time_on_page,scroll_depth
/pt-br/latest/guides/installing-using-pip-and-virtual-environments/,17,16,93,28,75
/pt-br/latest/tutorials/installing-packages/,15,15,83,20,28
/pt-br/latest/guides/writing-pyproject-toml/,6,6,80,15,21
/pt-br/latest/key_projects/,6,6,100,70,24
/pt-br/latest/tutorials/packaging-projects/,4,4,100,18,39
/pt-br/latest/discussions/deploying-python-applications/,3,3,100,21,100
/pt-br/latest/overview/,3,2,0,73,56
/pt-br/latest/specifications/pypirc/,3,5,67,6,26
/pt-br/latest/,2,2,0,83,100
/pt-br/latest/discussions/pip-vs-easy-install/,2,1,0,2,53
/pt-br/latest/glossary/,2,3,0,17,37
/pt-br/latest/guides/modernize-setup-py-project/,2,2,50,5,30
/pt-br/latest/specifications/,2,2,0,3,100
/pt-br/latest/specifications/platform-compatibility-tags/,2,2,100,37,65
/pt-br/latest/specifications/recording-installed-packages/,2,2,100,49,100
/pt-br/latest/contribute/,1,1,100,,
/pt-br/latest/discussions/src-layout-vs-flat-layout/,1,1,100,28,100
/pt-br/latest/guides/analyzing-pypi-package-downloads/,1,1,100,8,66
/pt-br/latest/guides/distributing-packages-using-setuptools/,1,1,100,22,47
/pt-br/latest/guides/hosting-your-own-index/,1,1,100,21,94
/pt-br/latest/guides/installing-using-linux-tools/,1,1,0,30,100
/pt-br/latest/guides/making-a-pypi-friendly-readme/,1,1,100,,
/pt-br/latest/guides/publishing-package-distribution-releases-using-github-actions-ci-cd-workflows/,1,1,100,2,19
/pt-br/latest/search/,1,1,100,,
/pt-br/latest/specifications/dependency-specifiers/,1,1,0,253,100
/pt-br/latest/specifications/direct-url-data-structure/,1,1,100,,
/pt-br/latest/specifications/pyproject-toml/,1,1,0,2,11
/pt-br/latest/specifications/section-installation-metadata/,1,1,0,2,100
/pt-br/latest/tutorials/managing-dependencies/,1,1,100,,
