name,version,visitors
Windows,10,103999
Mac,10.15,36539
GNU/Linux,(not set),14423
Android,10,8675
Ubuntu,(not set),3469
iOS,18.6,2488
iOS,18.7,1957
Chrome OS,14541.0,1337
Windows,7,683
Android,15,671
iOS,26.0,463
iOS,18.5,432
Android,14,388
Android,13,304
Android,12,271
Android,16,236
Android,11,163
iOS,18.3,143
iOS,16.7,120
iOS,17.6,116
iOS,26.1,98
iOS,15.8,82
iOS,18.1,78
iOS,14.0,71
iOS,18.4,70
iOS,18.0,54
Android,9,54
iOS,17.5,47
HarmonyOS,(not set),44
(not set),(not set),42
iOS,18.2,42
Windows,8.1,40
iOS,17.3,33
Android,8.1,33
iOS,17.1,31
iOS,17.7,31
iOS,17.4,30
Fire OS,7,28
iOS,17.2,26
Mac,10.14,25
iPadOS,16.2,24
iOS,16.1,19
iOS,16.6,19
iOS,16.3,16
Android,6.0,14
Android,8.0,14
iOS,12.5,13
Chrome OS,14816.131,13
iOS,16.0,13
HarmonyOS,3.0,13
Mac,10.13,12
iOS,15.6,12
Mac,10.11,11
Android,7.0,11
iPadOS,15.8,9
iOS,16.4,9
iOS,16.5,9
iOS,15.7,8
iPadOS,17.6,8
Windows,Server 2003,8
iOS,15.0,7
iOS,15.3,7
iOS,16.2,7
iOS,17.0,7
iPadOS,17.7,7
iPadOS,16.7,6
iOS,19.0,6
Fire OS,8,6
Mac,10.12,5
iOS,10.3,5
iPadOS,16.1,5
iPadOS,17.5,5
iOS,26.2,5
Android,5.1,5
Windows,(not set),4
Android,7.1,4
Windows Mobile,10,3
Mac,13.3,3
iOS,15.4,3
iPadOS,15.6,3
Windows,Vista,3
Fire OS,(not set),2
Mac,(not set),2
Android,(not set),2
Windows Phone,10.0,2
Mac,10.10,2
Mac,10.9,2
Android TV,11,2
iOS,11.0,2
iOS,11.2,2
iPadOS,13.3,2
iOS,13.6,2
Chrome OS,14150.87,2
iOS,15.1,2
iPadOS,16.3,2
HarmonyOS,2.1,2
HarmonyOS,2.2,2
Android,24,2
webOS,4.1,2
iOS,4.3,2
Android,4.4,2
Android,5.0,2
iOS,6.1,2
Windows,8,2
Windows,NT,2
Windows,XP,2
UOS,(not set),1
NetBSD,(not set),1
Raspberry Pi OS,(not set),1
Haiku OS,(not set),1
Fedora,(not set),1
iOS,(not set),1
FreeBSD,(not set),1
webOS,1,1
Mac,10.0,1
Mac,10.16,1
Mac,10.6,1
iOS,12.1,1
iOS,12.2,1
Chrome OS,12105.100,1
iOS,13.3,1
iOS,13.4,1
Mac,13.5,1
Chrome OS,13597.84,1
Chrome OS,13904.97,1
iOS,14.6,1
Chrome OS,14816.64,1
Android,15.0,1
iPadOS,15.7,1
iPadOS,16.4,1
iPadOS,16.6,1
iPadOS,17.1,1
iPadOS,17.3,1
iPadOS,17.4,1
Ubuntu,24.04,1
Fire OS,3,1
Fire OS,5,1
Android,9.0,1
iOS,9.3,1
