name,visitors
England,8860
California,6264
Île-de-France,3283
New York,2868
Tokyo,2529
Texas,2313
Virginia,2195
Bavaria,2194
Moscow,2158
Hesse,2090
Maharashtra,2042
Ontario,1999
North Rhine-Westphalia,1887
Illinois,1742
Karnataka,1607
São Paulo,1588
Tamil Nadu,1548
Washington,1539
Mazovia,1524
North Holland,1458
Massachusetts,1420
Baden-Württemberg,1373
Madrid Autonomous Community,1211
Stockholm,1115
Zürich,1112
Telangāna,1049
Florida,1031
Colorado,997
Georgia,995
Quebec,991
Berlin,988
Vienna,958
Lombardy,939
Delhi,892
Pennsylvania,883
New South Wales,880
Oregon,876
Tel Aviv,837
Uusimaa,834
Seoul,791
New Jersey,776
Maryland,773
North Carolina,766
Catalonia,754
Victoria,725
Auvergne-Rhône-Alpes,723
South Holland,720
Ohio,718
Saint Petersburg,679
British Columbia,678
Flanders,661
Michigan,661
Leinster,647
Uttar Pradesh,639
Guangdong,620
Taipei,599
Prague,565
Arizona,563
Ho Chi Minh City,562
Kyiv,560
Istanbul,555
Brussels,552
Capital Region,546
Provence-Alpes-Côte-d'Azur,540
Osaka,537
Beijing,525
Buenos Aires Province,517
Lesser Poland,510
Scotland,503
Lower Saxony,490
Ciudad de Mexico,481
Saxony,464
Budapest,464
Capital District,454
Rio de Janeiro,453
Gyeonggi,444
Lisbon,434
Shanghai,432
Hanoi,426
Lazio,418
Minnesota,416
West Bengal,414
Metro Manila,410
Gujarat,404
Alberta,402
Occitanie,402
Minas Gerais,401
Utah,393
Andalusia,389
Jakarta,386
Kerala,377
Santiago Metropolitan,376
Hamburg,370
Punjab,368
Missouri,360
Attica,356
Västra Götaland,353
Tennessee,344
Bangkok,339
Indiana,338
Iowa,332
Lower Silesia,330
Nouvelle-Aquitaine,326
Cairo,314
Queensland,312
Oslo,311
Valencian Community,304
Lagos,300
Grand-Est,298
New Taipei,295
Gauteng,295
Bucharest,294
Wisconsin,292
Madhya Pradesh,290
Gelderland,283
Greater Poland,281
Kanagawa,276
Emilia-Romagna,272
Nairobi County,269
Antioquia,268
North Brabant,265
Pays-de-la-Loire,263
Silesia,263
Washington DC,261
Paraná,260
Zhejiang,260
Utrecht,260
Lima,260
Rhineland-Palatinate,256
Dubai,251
Brittany,251
Hauts-de-France,250
Central,250
Tashkent,243
South Carolina,242
Sofia,240
Skåne,240
Mexico State,238
Pomerania,238
Veneto,237
Rajasthan,234
Kuala Lumpur,229
Ankara,229
Porto,228
Riyadh,226
Federal District,223
Jiangsu,222
Alabama,220
Connecticut,220
Vaud,218
Selangor,217
Minsk,214
Rio Grande do Sul,211
Bratislava,207
South Moravia,205
Lvivshchyna,203
Wales,202
Haryana,200
Moscow Province,200
Styria,196
Sverdlovsk,196
Beograd,190
Santa Catarina,189
Riga,189
Almaty City,188
Piedmont,187
Wallonia,185
Shandong,184
Province 3,181
Galicia,178
Western Australia,177
Andhra Pradesh,177
Campania,174
Makkah,174
Aichi,173
Auckland,171
Western,167
Calabarzon,166
Vilnius County,165
Central Denmark,164
Taichung,163
Nevada,163
Bern,161
Schleswig-Holstein,161
Jalisco,160
Sindh,160
Ceará,159
Hormozgan,159
Nizhny Novgorod,159
Dhaka Division,158
Zagreb,157
Chiba,156
Tbilisi,154
Greater Accra,154
Overijssel,153
Kansas,153
Pernambuco,152
Novosibirsk,151
Kentucky,151
Punjab,149
West Java,148
Oklahoma,148
Bahia,147
Krasnodar Krai,147
East Java,146
Saitama,146
Trøndelag,145
Taoyuan,145
Western Cape,145
Kyivshchyna,140
Henan,139
South Australia,138
Hubei,138
Centre-Val de Loire,138
Harjumaa,137
New Mexico,137
Yerevan,135
Basque Country,135
Tuscany,134
Arkansas,134
San José,133
Sichuan,131
Odisha,131
Nuevo León,130
Łódź,128
Tatarstan,128
Astana,127
Bihar,125
Thuringia,124
Meknès-Tafilalet,124
Rostov,124
Addis Ababa,123
Eastern,123
Dnipropetrovshchyna,122
Buenos Aires,120
Samara,117
Idaho,117
New Hampshire,117
Hsinchu County,114
Pirkanmaa,112
Amman,112
Shaanxi,111
Geneva,110
Goiás,109
Jharkhand,109
Hebei,108
Castile and León,108
Burgundy-Franche-Comté,108
Islamabad,108
Brandenburg,104
Pichincha,103
Maine,103
Lower Austria,101
Amazonas,101
Central Macedonia,101
Distrito Nacional,100
Normandie,100
Assam,99
Central Luzon,99
Chelyabinsk,99
Hunan,98
Kaohsiung,98
Jerusalem,97
Incheon,97
Rhode Island,97
Southern Denmark,96
Bashkortostan,96
Tunis,96
Abu Dhabi,95
Upper Austria,95
Kyoto,95
Louisiana,95
Nebraska,95
Valle del Cauca,94
Fujian,90
Ljubljana,90
Baku,89
Córdoba,88
Bremen,88
Guayas,88
Canary Islands,88
Sicily,88
Montevideo,88
Saxony-Anhalt,87
Abidjan,85
Paraíba,84
Haifa,83
Doha,83
Munster,82
Apulia,82
Irkutsk,82
Chandigarh,80
Delaware,80
Flevoland,79
Cluj,79
Odeshchyna,79
Lima Region,78
Manitoba,77
Basel-Stadt,76
Kwai Tsing New Territories,76
