name,unique_exits,total_exits,exit_rate
/3.14/whatsnew/3.14.html,684,695,
/3.14/using/windows.html,117,118,
/3.14/,86,87,
/3.14/tutorial/index.html,67,69,
/3.13/,40,39,
/zh-cn/3.14/whatsnew/3.14.html,37,38,
/3/,36,36,
/3.14/index.html,27,27,
/3.15/whatsnew/3.15.html,25,25,
/3.14/whatsnew/changelog.html,24,25,
/3.14/search.html,15,15,
/3.14/tutorial/,14,15,
/3.15/,13,13,
/zh-cn/3.14/using/mac.html,13,13,
/3.13/whatsnew/3.13.html,12,12,
/3.14/library/compression.zstd.html,12,12,
/3.14/library/typing.html,12,12,
/3.14/tutorial/appetite.html,12,12,
/3.14/tutorial/controlflow.html,12,12,
/zh-cn/3.14/tutorial/index.html,12,13,
/3.14/tutorial/introduction.html,11,11,
/zh-cn/3.14/,10,10,
/3.14/library/index.html,9,11,
/3.14/reference/compound_stmts.html,9,9,
/3.14/library/stdtypes.html,8,8,
/3/whatsnew/3.13.html,8,8,
/zh-cn/3.14/installing/index.html,8,8,
/3.14/glossary.html,7,7,
/3.14/library/annotationlib.html,7,7,
/3.14/library/concurrent.futures.html,7,7,
/3.14/library/functions.html,7,7,
/3.14/library/uuid.html,7,7,
/zh-cn/3.14/index.html,7,7,
/zh-cn/3.14/library/stdtypes.html,7,8,
/zh-cn/3.14/whatsnew/,7,8,
/3.13/index.html,6,6,
/3/library/stdtypes.html,6,6,
/zh-cn/3.14/reference/datamodel.html,6,6,
/3.12/,5,5,
/3.14/download.html,5,5,
/3.14/installing/index.html,5,5,
/3.14/library/concurrent.interpreters.html,5,5,
/3.14/library/re.html,5,5,
/3.14/reference/lexical_analysis.html,5,5,
/3.15/whatsnew/3.14.html,5,5,
/ja/3.14/,5,5,
/zh-cn/3.14/c-api/intro.html,5,5,
/zh-cn/3.14/using/index.html,5,5,
/zh-cn/3.14/whatsnew/3.13.html,5,5,
/zh-cn/3.14/whatsnew/index.html,5,5,
/3.13/tutorial/index.html,4,4,
/3.13/using/windows.html,4,4,
/3.14/howto/free-threading-python.html,4,4,
/3.14/library/os.html,4,4,
/3.14/library/threading.html,4,4,
/3.14/tutorial/interpreter.html,4,4,
/3.14/whatsnew/index.html,4,4,
/3/library/os.html,4,5,
/dev/using/windows.html,4,4,
/ko/3.14/whatsnew/3.14.html,4,4,
/uk/3.14/library/uuid.html,4,4,
/uk/3.14/tutorial/controlflow.html,4,4,
/zh-cn/3.14/library/asyncio-runner.html,4,4,
/zh-cn/3.14/library/functions.html,4,5,
/zh-cn/3.14/library/sys.html,4,4,
/zh-cn/3.14/library/time.html,4,4,
/zh-cn/3.14/reference/compound_stmts.html,4,4,
/zh-cn/3.14/using/windows.html,4,4,
/3.13/download.html,3,3,
/3.13/library/index.html,3,2,
/3.13/tutorial/controlflow.html,3,3,
/3.14/contents.html,3,3,
/3.14/library/asyncio-graph.html,3,3,
/3.14/library/io.html,3,3,
/3.14/library/itertools.html,3,3,
/3.14/library/multiprocessing.html,3,3,
/3.14/library/pathlib.html,3,3,
/3.14/library/urllib.request.html,3,3,
/3.14/reference/datamodel.html,3,3,
/3.14/reference/grammar.html,3,3,
/3.14/reference/index.html,3,3,
/3.14/tutorial/classes.html,3,5,
/3.14/using/configure.html,3,3,
/3.14/using/mac.html,3,3,
/3.14/whatsnew/3.13.html,3,3,
/3/library/index.html,3,3,
/3/library/typing.html,3,3,
/3/search.html,3,3,
/ja/3.14/library/itertools.html,3,5,
/ko/3.14/,3,3,
/zh-cn/3.14/c-api/unicode.html,3,3,
/zh-cn/3.14/download.html,3,3,
/zh-cn/3.14/library/concurrent.futures.html,3,3,
/zh-cn/3.14/library/index.html,3,3,
/zh-cn/3.14/library/profile.html,3,3,
/zh-cn/3.14/tutorial/appetite.html,3,3,
/zh-cn/3.14/using/,3,3,
/zh-cn/3.14/using/cmdline.html,3,4,
/zh-cn/3.14/using/ios.html,3,3,
/zh-cn/3.15/whatsnew/3.14.html,3,3,
