name,unique_exits,total_exits,exit_rate
/ko/3.13/library/idle.html,41,41,
/ko/3.13/tutorial/index.html,41,43,
/ko/3/tutorial/index.html,33,35,
/ko/3.13/library/intro.html,28,28,
/ko/3/faq/design.html,22,22,
/ko/3.13/installing/index.html,20,21,
/ko/3.13/tutorial/interpreter.html,18,19,
/ko/3.13/library/index.html,12,12,
/ko/3.13/tutorial/errors.html,12,12,
/ko/3.13/howto/sorting.html,11,11,
/ko/3.13/using/windows.html,11,12,
/ko/3/,11,12,
/ko/dev/library/turtle.html,11,12,
/ko/3.13/library/functions.html,10,10,
/ko/3.13/library/stdtypes.html,10,11,
/ko/3.13/tutorial/datastructures.html,9,11,
/ko/3.13/library/math.html,8,9,
/ko/3.13/library/turtle.html,8,8,
/ko/3.13/tutorial/classes.html,8,8,
/ko/3.13/whatsnew/index.html,8,8,
/ko/3/library/functions.html,8,8,
/ko/3.13/library/datetime.html,7,8,
/ko/3.13/library/re.html,7,7,
/ko/3.13/library/venv.html,6,6,
/ko/3/library/index.html,6,6,
/ko/3/tutorial/controlflow.html,6,8,
/ko/3.12/library/codecs.html,5,5,
/ko/3.13/library/profile.html,5,5,
/ko/3.13/tutorial/controlflow.html,5,5,
/ko/3/library/contextlib.html,5,5,
/ko/3/tutorial/datastructures.html,5,6,
/ko/dev/library/idle.html,5,6,
/3.13/using/windows.html,4,4,
/3/,4,4,
/ja/dev/library/shelve.html,4,4,
/ko/3.13/library/asyncio-eventloop.html,4,4,
/ko/3.13/library/collections.html,4,4,
/ko/3.13/library/ctypes.html,4,4,
/ko/3.13/library/pathlib.html,4,4,
/ko/3.13/library/xml.etree.elementtree.html,4,4,
/ko/3.13/reference/import.html,4,5,
/ko/3/library/stdtypes.html,4,4,
/ko/3/tutorial/introduction.html,4,4,
/ko/3.13/howto/regex.html,3,4,
/ko/3.13/library/ast.html,3,3,
/ko/3.13/library/asyncio.html,3,3,
/ko/3.13/library/heapq.html,3,3,
/ko/3.13/library/http.server.html,3,3,
/ko/3.13/library/random.html,3,3,
/ko/3.13/library/readline.html,3,3,
/ko/3.13/library/ssl.html,3,3,
/ko/3.13/library/threading.html,3,3,
/ko/3.13/tutorial/inputoutput.html,3,3,
/ko/3.13/tutorial/introduction.html,3,3,
/ko/3.13/tutorial/modules.html,3,3,
/ko/3/library/,3,3,
/ko/3/library/datetime.html,3,3,
/ko/3/library/idle.html,3,3,
/ko/3/reference/,3,3,
/ko/3/reference/lexical_analysis.html,3,3,
/ko/3/tutorial/,3,3,
/ko/3/tutorial/appetite.html,3,2,
/ko/3/using/windows.html,3,3,
/ko/dev/c-api/marshal.html,3,3,
/ko/dev/howto/sockets.html,3,4,
/3.13/,2,2,
/3.13/index.html,2,2,
/3/library/idle.html,2,2,
/3/library/pickle.html,2,2,
/ja/3/c-api/import.html,2,2,
/ko/3.12/library/re.html,2,2,
/ko/3.12/library/stdtypes.html,2,2,
/ko/3.13/c-api/index.html,2,2,
/ko/3.13/glossary.html,2,2,
/ko/3.13/howto/index.html,2,2,
/ko/3.13/howto/urllib2.html,2,2,
/ko/3.13/library/argparse.html,2,2,
/ko/3.13/library/array.html,2,2,
/ko/3.13/library/csv.html,2,3,
/ko/3.13/library/fractions.html,2,2,
/ko/3.13/library/itertools.html,2,2,
/ko/3.13/library/json.html,2,2,
/ko/3.13/library/multiprocessing.html,2,2,
/ko/3.13/library/os.path.html,2,2,
/ko/3.13/library/pprint.html,2,2,
/ko/3.13/library/queue.html,2,2,
/ko/3.13/library/struct.html,2,2,
/ko/3.13/library/subprocess.html,2,2,
/ko/3.13/library/urllib.parse.html,2,2,
/ko/3.13/whatsnew/changelog.html,2,2,
/ko/3.14/tutorial/index.html,2,2,
/ko/3/extending/extending.html,2,2,
/ko/3/library/asyncio-sync.html,2,2,
/ko/3/library/itertools.html,2,2,
/ko/3/library/logging.handlers.html,2,2,
/ko/3/library/math.html,2,2,
/ko/3/library/multiprocessing.html,2,2,
/ko/3/library/string.html,2,2,
/ko/3/library/venv.html,2,2,
/ko/3/library/wave.html,2,2,
