property,value,visitors,events,percentage
url,(none),348,424,100.0
url,https://www.python.org/,8,8,2.3
url,https://apps.microsoft.com/detail/9NQ7512CXL7T,2,2,0.6
url,https://wiki.python.org/moin/BeginnersGuide,2,2,0.6
url,https://www.python.org/downloads/,2,2,0.6
url,https://docs.python.org/tr/3.14/archives/python-3.14-docs.epub,1,1,0.3
url,https://docs.python.org/tr/3/archives/python-3.14-docs-html.zip,1,1,0.3
url,https://github.com/python/cpython/tree/3.14/Lib/quopri.py,1,1,0.3
url,https://github.com/python/cpython/tree/3.14/Lib/tkinter/scrolledtext.py,1,1,0.3
url,https://packaging.python.org/en/latest/tutorials/packaging-projects/,1,1,0.3
url,https://pypi.org/,1,1,0.3
