property,value,visitors,events,percentage
url,(none),3932,6851,99.7
url,https://www.python.org/,54,55,1.4
url,https://www.python.org/downloads/,8,8,0.2
url,https://docs.python.org/fr/3.14/archives/python-3.14-docs-html.zip,5,5,0.1
url,https://github.com/python/cpython/tree/3.13/Lib/idlelib/,4,4,0.1
url,https://pypi.org/,4,4,0.1
url,https://wiki.python.org/moin/PythonEditors,4,4,0.1
url,https://www.tkdocs.com/,4,5,0.1
url,https://apps.microsoft.com/detail/9NQ7512CXL7T,3,3,0.1
url,https://github.com/python/cpython/tree/3.14/Lib/turtle.py,3,7,0.1
url,https://packaging.python.org/en/latest/tutorials/installing-packages/#ensure-pip-setuptools-and-wheel-are-up-to-date,3,3,0.1
url,https://www.tcl.tk/man/tcl8.6/TkCmd/contents.htm,3,3,0.1
url,http://www.zlib.net/,2,2,0.1
url,https://docs.python.org/fr/3/archives/python-3.14-docs-html.zip,2,2,0.1
url,https://docs.python.org/fr/3/archives/python-3.14-docs.epub,2,3,0.1
url,https://en.wikipedia.org/wiki/Turtle_(robot),2,3,0.1
url,https://github.com/python/cpython/tree/3.13/Lib/tkinter/__init__.py,2,2,0.1
url,https://peps.python.org/pep-0305/,2,2,0.1
url,https://wiki.python.org/moin/BeginnersGuide,2,2,0.1
url,https://www.debian.org/doc/manuals/maint-guide/first.fr.html,2,2,0.1
url,https://www.python.org/downloads/macos/,2,2,0.1
url,http://www.zlib.net/manual.html,1,1,0.0
url,https://code.activestate.com/recipes/577504-compute-memory-footprint-of-an-object-and-its-cont/,1,2,0.0
url,https://code.activestate.com/recipes/langs/python/,1,1,0.0
url,https://datatracker.ietf.org/doc/html/rfc9562.html#section-5.7,1,1,0.0
url,https://devguide.python.org/,1,1,0.0
url,https://docs.python.org/fr/3/archives/python-3.13-docs-pdf-a4.tar.bz2,1,1,0.0
url,https://docs.python.org/fr/3/archives/python-3.13-docs-pdf-a4.zip,1,2,0.0
url,https://docs.python.org/fr/3/archives/python-3.14-docs-text.zip,1,1,0.0
url,https://en.wikipedia.org/wiki/Leap_second,1,1,0.0
url,https://github.com/python/cpython/blob/main/Doc/library/tkinter.rst?plain=1,1,1,0.0
url,https://github.com/python/cpython/blob/main/Doc/tutorial/index.rst?plain=1,1,1,0.0
url,https://github.com/python/cpython/blob/main/Doc/tutorial/introduction.rst?plain=1,1,1,0.0
url,https://github.com/python/cpython/blob/main/Doc/tutorial/venv.rst?plain=1,1,1,0.0
url,https://github.com/python/cpython/issues/128563,1,1,0.0
url,https://github.com/python/cpython/issues/137484,1,1,0.0
url,https://github.com/python/cpython/tree/3.13/Lib/calendar.py,1,1,0.0
url,https://github.com/python/cpython/tree/3.13/Lib/collections/__init__.py,1,1,0.0
url,https://github.com/python/cpython/tree/3.13/Lib/filecmp.py,1,1,0.0
url,https://github.com/python/cpython/tree/3.13/Lib/random.py,1,1,0.0
url,https://github.com/python/cpython/tree/3.13/Lib/tkinter/simpledialog.py,1,1,0.0
url,https://github.com/python/cpython/tree/3.13/Lib/turtle.py,1,3,0.0
url,https://github.com/python/cpython/tree/3.14/Lib/inspect.py,1,1,0.0
url,https://github.com/python/cpython/tree/3.14/Lib/json/__init__.py,1,1,0.0
url,https://github.com/python/cpython/tree/3.14/Lib/random.py,1,1,0.0
url,https://github.com/python/cpython/tree/3.14/Lib/secrets.py,1,3,0.0
url,https://github.com/python/cpython/tree/3.14/Lib/tkinter/__init__.py,1,2,0.0
url,https://learn.microsoft.com/windows-server/administration/windows-commands/set_1,1,1,0.0
url,https://learn.microsoft.com/windows-server/administration/windows-commands/setx,1,1,0.0
url,https://manpages.debian.org/recv(2),1,1,0.0
url,https://manpages.debian.org/strftime(3),1,1,0.0
url,https://packaging.python.org/installing/#requirements-for-installing-packages,1,1,0.0
url,https://peps.python.org/,1,1,0.0
url,https://peps.python.org/pep-0397/,1,1,0.0
url,https://peps.python.org/pep-0659/,1,1,0.0
url,https://rfc.zeromq.org/spec/32/,1,1,0.0
url,https://wiki.python.org/moin/IntegratedDevelopmentEnvironments,1,1,0.0
url,https://wiki.python.org/moin/PythonBooks,1,1,0.0
url,https://www.sphinx-doc.org/,1,1,0.0
