name,visitors
Singapore,40
Guangzhou,29
Shanghai,22
Bengaluru,20
Beijing,18
Bogotá,16
Ho Chi Minh City,15
New York City,15
Moscow,14
Chennai,14
Berlin,14
São Paulo,12
Pune,11
Hangzhou,11
Tokyo,11
Warsaw,10
Tashkent,10
Taipei,10
Wuhan,10
Chengdu,9
Sydney,9
Kolkata,8
Xi’an,8
Hong Kong,8
San Jose,8
Kyiv,7
Nairobi,6
Cairo,6
Belgrade,6
Hyderabad,6
Yangon,6
Shenzhen,6
Seoul,6
Dhaka,5
Nanjing,5
Chongqing,5
Brisbane,5
Zürich,5
Vienna,5
Munich,5
Paris,5
Prague,5
Santiago,5
Philadelphia,5
Chicago,5
Dubai,4
Saint Petersburg,4
Vilnius,4
Lahore,4
Karachi,4
Lucknow,4
Jaipur,4
Mumbai,4
Hanoi,4
Zhengzhou,4
Tianjin,4
Qingdao,4
Nanning,4
Hefei,4
Suzhou,4
Melbourne,4
Lisbon,4
Casablanca,4
London,4
Dublin,4
Brno,4
Goiânia,4
Brasília,4
Santo Domingo,4
Tulsa,4
Los Angeles,4
Toronto,4
Kampala,3
Ankara,3
Tbilisi,3
Yerevan,3
Helsinki,3
Islamabad,3
Faisalabad,3
Patna,3
Ludhiāna,3
Guwahati,3
Delhi,3
Coimbatore,3
Ahmedabad,3
Nur-Sultan,3
Taichung,3
Petaling Jaya,3
Xiamen,3
Wuxi,3
Jinan,3
Guiyang,3
Changsha,3
Yokohama,3
Valencia,3
Copenhagen,3
Cambridge,3
Stuttgart,3
Hattersheim,3
Barcelona,3
Oslo,3
Milan,3
Zagreb,3
Belo Horizonte,3
Ibagué,3
Santa Cruz de la Sierra,3
St. Louis,3
Raleigh,3
Ashburn,3
Minneapolis,3
Lyndhurst,3
Phoenix,3
Hillsboro,3
Seattle,3
Edmonton,3
Vancouver,3
Dar es Salaam,2
Kigali,2
Athens,2
Abu Dhabi,2
Tel Aviv,2
Addis Ababa,2
Ufa,2
Rostov-na-Donu,2
Ivanovo,2
Baku,2
Tampere,2
Lutsk,2
Kharkiv,2
Dnipro,2
Sofia,2
Istanbul,2
Johannesburg,2
Rawalpindi,2
Visakhapatnam,2
Vijayawada,2
New Delhi,2
Nashik,2
Yekaterinburg,2
Almaty,2
Almaty Oblysy,2
Da Nang,2
Bangkok,2
Jakarta,2
Yingge,2
Taoyuan,2
Kaohsiung,2
Shijiazhuang,2
Lanzhou,2
Kunming,2
Fuzhou,2
Foshan,2
Dongdaemun-gu,2
Osaka,2
Seongnam-si,2
Changchun,2
Perth,2
Lomé,2
Las Palmas de Gran Canaria,2
Århus,2
Wandsworth,2
Leeds,2
Ilford,2
Gloucester,2
Glasgow,2
Cheltenham,2
Barnet,2
Dietikon,2
Stockholm,2
Solna,2
Göteborg,2
Tilburg,2
Rotterdam,2
Eindhoven,2
Amsterdam,2
Brussels,2
Karlsruhe,2
Frankfurt am Main,2
Düsseldorf,2
Bielefeld,2
Lille,2
Wrocław,2
Łódź,2
Kraków,2
Madrid,2
Verona,2
Bologna,2
Podgorica,2
Novi Sad,2
Quilmes,2
Buenos Aires,2
Serra,2
Salvador,2
Rio de Janeiro,2
Feira de Santana,2
Campinas,2
Lerma de Villada,2
Guatemala City,2
Barranquilla,2
Concepción,2
La Paz,2
Lima,2
Ciudad Apodaca,2
Washington,2
Jacksonville,2
Alpharetta,2
Indianapolis,2
Austin,2
Weston,2
Arlington Heights,2
Cambridge,2
Detroit,2
Hoboken,2
Brooklyn,2
Buffalo,2
Irvine,2
Menlo Park,2
Mountain View,2
Oakland,2
San Carlos,2
San Francisco,2
Santa Barbara,2
Sunnyvale,2
Denver,2
Albuquerque,2
Rexburg,2
Portland,2
Milton,2
Ottawa,2
Surrey,2
Tower Hamlets,2
N/A,2
Sanaa,1
Kirkuk,1
Baghdad,1
Jeddah,1
Baq‘ā’ ash Sharqīyah,1
Tabriz,1
Nicosia,1
Limassol,1
Nanyuki,1
Uvira,1
Piraeus,1
Kuwait City,1
Doha,1
Sharjah,1
Ashdod,1
Acre,1
Mersin,1
Konya,1
Kayseri,1
Kahramanmaraş,1
Edremit,1
Denizli,1
Antalya,1
Damietta,1
Giza,1
Ajā,1
Khartoum,1
Riga,1
Yaroslavl,1
Vlasikha,1
Orenburg,1
Nizhniy Novgorod,1
Murom,1
Dobryanka,1
Cheboksary,1
Arkhangel’sk,1
Kaunas,1
Homyel',1
Kirkkonummi,1
Iaşi,1
Zaporizhzhya,1
Polonne,1
Pereiaslav,1
Novhorod-Siverskyi,1
Mykolayiv,1
Lviv,1
Lozova,1
Korosten,1
Khmelnytskyy,1
Chervonohrad,1
Plovdiv,1
Thessaloníki,1
Kielce,1
Skopje,1
Lusaka,1
Blantyre,1
Maseru,1
Durban,1
Hua Hin,1
Ko Samui,1
Mian Channun,1
Bahawalnagar,1
Abbottabad,1
Bherāmāra,1
Thiruvananthapuram,1
Thāne,1
Puducherry,1
Pānīpat,1
