name,visitors,pageviews,bounce_rate,time_on_page,scroll_depth
/it/3/tutorial/index.html,33,47,32,36,59
/it/3.13/tutorial/index.html,26,27,70,70,37
/it/3.13/tutorial/appetite.html,17,12,50,61,60
/it/3.13/,14,17,50,10,77
/it/3/tutorial/introduction.html,13,11,33,266,58
/it/3.13/tutorial/interpreter.html,11,12,50,210,69
/it/3/tutorial/interpreter.html,10,10,67,89,68
/it/3/tutorial/appetite.html,9,7,25,116,89
/it/3.13/search.html,8,20,0,7,94
/it/3.13/library/index.html,7,6,67,47,49
/it/3.13/tutorial/introduction.html,7,6,100,84,66
/it/3.13/index.html,6,6,33,13,80
/it/3/tutorial/controlflow.html,6,4,0,243,39
/it/3/tutorial/stdlib.html,6,5,100,60,81
/it/3.13/library/turtle.html,5,4,0,8,4
/it/3.13/tutorial/,5,5,0,60,40
/it/3.13/library/stdtypes.html,4,4,0,198,24
/it/3.13/library/tkinter.html,4,6,0,31,40
/it/3.13/tutorial/datastructures.html,4,4,100,8,12
/it/3.13/tutorial/inputoutput.html,4,4,67,46,29
/it/3/tutorial/classes.html,4,3,100,9,82
/it/3.12/tutorial/index.html,3,3,0,15,16
/it/3.13/library/,3,3,100,9,16
/it/3.13/library/functions.html,3,5,67,168,44
/it/3.13/library/random.html,3,3,100,25,49
/it/3.13/tutorial/modules.html,3,9,88,18,11
/it/3.13/tutorial/stdlib2.html,3,2,0,64,35
/it/3.13/using/index.html,3,3,0,19,100
/it/3/genindex.html,3,2,0,6,100
/it/3/tutorial/venv.html,3,4,100,7,43
/it/3.12/index.html,2,1,0,4,70
/it/3.13/genindex.html,2,2,0,9,100
/it/3.13/howto/sorting.html,2,2,0,7,27
/it/3.13/installing/index.html,2,1,0,3,18
/it/3.13/library/csv.html,2,2,100,18,20
/it/3.13/library/mmap.html,2,1,0,1,11
/it/3.13/library/threading.html,2,2,0,40,25
/it/3.13/library/tk.html,2,2,0,34,90
/it/3.13/library/tkinter.colorchooser.html,2,1,0,7,91
/it/3.13/py-modindex.html,2,1,0,2,12
/it/3.13/reference/index.html,2,1,100,18,100
/it/3.13/tutorial/floatingpoint.html,2,2,100,12,28
/it/3.13/tutorial/stdlib.html,2,1,0,33,50
/it/3.13/using/unix.html,2,1,0,24,100
/it/3/index.html,2,2,0,9,78
/it/3/installing/,2,2,100,111,99
/it/3/reference/index.html,2,4,0,15,69
/it/3/reference/lexical_analysis.html,2,3,0,13,71
/it/3/tutorial/whatnow.html,2,3,0,75,68
/it/3.12/tutorial/appetite.html,1,1,0,18,18
/it/3.12/tutorial/introduction.html,1,1,100,24,100
/it/3.13/glossary.html,1,1,100,,
/it/3.13/library/idle.html,1,4,0,164,100
/it/3.13/library/intro.html,1,1,0,12,96
/it/3.13/library/io.html,1,1,0,14,88
/it/3.13/library/os.path.html,1,1,100,,
/it/3.13/tutorial/controlflow.html,1,1,0,139,61
/it/3.13/tutorial/venv.html,1,1,0,404,100
/it/3.13/using/windows.html,1,1,0,17,70
/it/3.13/whatsnew/3.13.html,1,1,0,,
/it/3.14/whatsnew/3.14.html,1,1,0,4,1
/it/3.15/tutorial/venv.html,1,2,0,3,14
/it/3/,1,1,0,20,100
/it/3/c-api/object.html,1,1,100,3,11
/it/3/genindex-V.html,1,1,0,17,20
/it/3/py-modindex.html,1,2,0,4,9
/it/3/reference/introduction.html,1,1,0,9,100
/it/3/search.html,1,1,0,15,43
/it/3/tutorial/datastructures.html,1,1,0,20,100
/it/3/tutorial/errors.html,1,1,0,13,100
/it/3/tutorial/inputoutput.html,1,1,0,23,100
/it/3/tutorial/modules.html,1,1,0,15,100
/it/3/tutorial/stdlib2.html,1,1,0,8,100
/it/3/using/cmdline.html,1,1,0,9,8
/it/3/whatsnew/changelog.html,1,1,0,4,0
