name,version,visitors
Chrome,142.0,1185
Firefox,145.0,511
Chrome,143.0,434
Microsoft Edge,143.0,288
Microsoft Edge,142.0,208
Firefox,140.0,185
Chrome,126.0,159
Opera,124.0,112
Safari,26.1,96
Safari,18.6,76
Sogou Explorer,2,64
Chrome,132.0,62
360 Secure Browser,(not set),61
Chrome,111.0,61
Chrome,69.0,61
Firefox,5.0,59
Chrome,141.0,56
Firefox,128.0,51
Chrome,140.0,28
Chrome,138.0,24
Chrome,139.0,23
Firefox,144.0,17
Firefox,115.0,15
Microsoft Edge,141.0,14
Safari,17.6,13
Safari,18.5,13
Chrome,137.0,12
Firefox,143.0,12
Samsung Browser,29.0,11
Safari,16.6,10
Safari,26.0,10
Mobile App,(not set),8
Chrome,109.0,8
Firefox,136.0,8
Chrome,136.0,8
Firefox,142.0,8
Safari,18.7,8
Chrome,134.0,7
Firefox,137.0,7
Firefox,139.0,7
Ecosia,142.0,6
Safari,18.3,6
Brave,(not set),5
Opera,123.0,5
Chrome,125.0,5
Chrome,131.0,5
Chrome,133.0,5
Avast Secure Browser,142.0,5
Safari,15.6,5
Safari,17.5,5
Safari,18.4,5
Firefox,113.0,4
Chrome,120.0,4
Opera,125.0,4
Microsoft Edge,140.0,4
Firefox,145.2,4
Firefox,146.0,4
Safari,26.2,4
Chrome,115.0,3
Chrome,117.0,3
Chrome,122.0,3
Firefox,133.0,3
Firefox,135.0,3
Microsoft Edge,137.0,3
Firefox,138.0,3
Microsoft Edge,138.0,3
Microsoft Edge,139.0,3
Safari,18.0,3
(not set),(not set),2
Ecosia,11.5,2
Firefox,110.0,2
Chrome,114.0,2
Chrome,119.0,2
Chrome,121.0,2
Firefox,130.0,2
Chrome,130.0,2
Microsoft Edge,133.0,2
Firefox,134.0,2
Chrome,135.0,2
Mobile App,142.0,2
Safari,16.1,2
Safari,16.5,2
Safari,18.1,2
Samsung Browser,21.0,2
Safari,60.5,2
Opera,92.0,2
Opera,93.0,2
Microsoft Edge,95.0,2
Chrome,103.0,1
Chrome,106.0,1
Firefox,111.0,1
Microsoft Edge,111.0,1
Opera,115.0,1
Opera,119.0,1
Microsoft Edge,120.0,1
Opera,122.0,1
Firefox,123.0,1
Firefox,125.0,1
Microsoft Edge,125.0,1
Firefox,126.0,1
Chrome,127.0,1
Firefox,129.0,1
Microsoft Edge,130.0,1
Microsoft Edge,132.0,1
Mobile App,138.0,1
Microsoft Edge,14.14393,1
Firefox,141.0,1
Firefox,143,1
Chrome,144.0,1
Safari,15.1,1
Safari,16.0,1
Safari,16.4,1
Safari,17.0,1
Safari,17.1,1
Safari,17.3,1
Safari,17.4,1
Safari,17.8,1
Phoenix Browser,20.0,1
vivo Browser,27.2,1
Oculus Browser,41.2,1
Firefox,47.0,1
Firefox,76.0,1
Firefox,92.0,1
Chrome,97.0,1
