property,value,visitors,events,percentage
url,(none),975,1388,99.6
url,https://www.python.org/,19,20,1.9
url,https://www.python.org/downloads/,3,3,0.3
url,https://code.activestate.com/recipes/langs/python/,1,1,0.1
url,https://github.com/python/cpython/tree/3.13/Lib/idlelib/,1,1,0.1
url,https://github.com/python/cpython/tree/3.13/Lib/random.py,1,1,0.1
url,https://github.com/python/cpython/tree/3.13/Lib/re/,1,1,0.1
url,https://github.com/python/cpython/tree/3.13/Lib/tkinter/__init__.py,1,2,0.1
url,https://manpages.debian.org/alarm(2),1,1,0.1
url,https://manpages.debian.org/recv(2),1,1,0.1
url,https://packaging.python.org/en/latest/tutorials/installing-packages/#ensure-pip-setuptools-and-wheel-are-up-to-date,1,2,0.1
url,https://pypi.org/,1,1,0.1
url,https://tiswww.case.edu/php/chet/readline/rltop.html,1,1,0.1
url,https://tkdocs.com/,1,1,0.1
url,https://www.python.org/doc/versions/,1,1,0.1
