name,visitors
Chrome,100165
Microsoft Edge,24812
Firefox,18947
Safari,14194
Mobile App,4334
Yandex Browser,3807
Opera,1911
Samsung Browser,454
UC Browser,178
Quark,164
(not set),102
MIUI Browser,94
QQ Browser,87
Huawei Browser Mobile,86
Smart Lenovo Browser,86
vivo Browser,80
QtWebEngine,60
Chromium,50
Avast Secure Browser,49
SberBrowser,44
Sogou Explorer,39
Whale Browser,36
Opera GX,27
AVG Secure Browser,21
Huawei Browser,16
Ecosia,14
Mobile Silk,14
Opera Touch,14
JioSphere,12
Norton Private Browser,9
Iron,8
Falkon,7
AdBlock Browser,6
CCleaner,6
Notion,6
Hi Browser,5
Android Browser,4
DuckDuckGo Privacy Browser,4
Kindle Browser,4
Tizen Browser,4
Atom,3
Oculus Browser,3
Openwave Mobile Browser,3
Phoenix Browser,3
SeaMonkey,3
360 Secure Browser,2
Chromium GOST,2
Meizu Browser,2
NetFront,2
Pale Moon,2
Raspbian Chromium,2
Sleipnir,2
115 Browser,1
Avira Secure Browser,1
Basilisk,1
Bluefy,1
Coc Coc,1
Ghostery Privacy Browser,1
Internet Explorer,1
Konqueror,1
Mint Browser,1
Opera Devices,1
Oppo Browser,1
PrivacyWall,1
QQ Browser Lite,1
Realme Browser,1
Safe Exam Browser,1
Soul Browser,1
UBrowser,1
UC Browser Turbo,1
Yahoo! Japan Browser,1
