name,visitors,bounce_rate,visit_duration
google.com,84308,78,108
Direct / None,48769,68,135
bing.com,6703,75,107
python.org,5349,52,137
yandex.ru,4023,80,80
duckduckgo.com,3567,72,144
cn.bing.com,1359,65,104
chatgpt.com,1327,64,112
cs50.harvard.edu,703,60,265
udemy.com,616,84,96
boot.dev,572,73,161
m.baidu.com,510,84,33
reddit.com,502,79,95
google.com.hk,426,78,107
ecosia.org,421,81,100
pandas.pydata.org,401,84,58
ya.ru,326,72,108
google.de,306,80,83
matplotlib.org,294,87,31
qiita.com,262,75,154
wiki.python.org,253,60,137
baidu.com/link,248,67,92
note.nkmk.me,242,76,155
proxy.vocareum.com,242,77,160
realpython.com,242,76,105
practicum.yandex.ru,220,76,144
code.visualstudio.com,213,70,102
discuss.python.org,209,86,71
google.co.uk,193,78,140
statics.teams.cdn.office.net,190,80,89
github.com,186,73,189
pip.pypa.io/en/stable/installation,186,79,48
google.ru,185,72,148
google.fr,175,77,158
codecademy.com,170,85,29
numpy.org,168,76,92
google.co.in,164,76,62
es.python.org,154,42,203
yandex.ru/search,145,81,61
netacad.com,142,89,46
search.yahoo.com,134,77,93
roadmap.sh,128,72,130
youtube.com,125,76,33
pytorch.org,121,92,68
search.brave.com,119,82,99
learn.microsoft.com,107,89,36
in.search.yahoo.com,105,80,41
qwant.com,103,65,298
docs.pydantic.dev,102,81,70
yandex.by,99,82,47
pytest-mock.readthedocs.io/en/latest/usage.html,93,63,194
link.csdn.net,91,76,69
yandex.kz,91,77,23
scikit-learn.org,90,77,123
stackoverflow.com,90,70,124
link.zhihu.com,85,55,175
peps.python.org,82,72,88
google.it,76,77,86
pypi.org,76,81,134
android-app://com.google.android.googlequicksearchbox,75,72,85
airflow.apache.org,73,93,27
fastapi.tiangolo.com,73,77,66
mcs.utm.utoronto.ca,71,78,58
openclassrooms.com,71,76,61
doubao.com,68,45,150
pygame.org,67,84,50
google.pl,65,78,145
google.co.jp,64,64,542
odoo.com,64,75,299
google.ca,61,77,122
code-basics.com,59,80,84
kivy.org,59,75,78
android-app://com.reddit.frontpage,55,79,44
github.com/yt-dlp/yt-dlp,53,92,45
gemini.google.com,51,62,198
learn.zybooks.com,49,78,69
data100.datahub.berkeley.edu,48,26,109
google.ch,47,78,63
networkx.org,47,72,55
google.com.br,45,80,35
baidu.com,43,81,87
cursos.alura.com.br,43,80,122
google.nl,43,83,125
gstatic.com,42,66,91
qna.habr.com,42,77,32
developers.google.com,41,56,148
github.com/panaversity/learn-modern-ai-python/tree/main/00_python_colab,41,68,59
google.com.tw,41,76,212
kitt.lewagon.com,41,82,70
baidu.com/s,40,42,232
digitalocean.com,38,78,44
google.se,38,80,208
huggingface.co,38,90,7
quark.cn/s,37,65,49
app.dataquest.io,36,68,106
packaging.python.org/en/latest/tutorials/packaging-projects,36,76,121
upgrad.com,36,45,219
courses.edx.org,34,74,136
edu.hse.ru,33,62,82
en.wikipedia.org,32,68,65
python.p2hp.com,32,34,241
sky.pro,32,82,47
docs.astral.sh,31,75,51
google.com.mx,31,80,206
mooc1.chaoxing.com/ananas/modules/zt/hyperlink/index-pc.html,31,66,169
superfastpython.com,31,58,259
developer.mozilla.org,30,47,98
docs.ansible.com,30,94,49
notebooks.githubusercontent.com,30,91,28
tripleten.com,30,92,9
leetcode.com,29,91,16
lms.skillfactory.ru,29,78,65
moodle.unil.ch,29,58,365
packaging.python.org/en/latest/tutorials/installing-packages,29,79,110
sphinx-doc.org/en/master,29,59,33
code.amazon.com,28,86,2
google.es,27,63,106
classroom.google.com,26,48,100
github.com/AUTOMATIC1111/stable-diffusion-webui/issues/1423,26,81,14
google.com.au,26,81,177
google.com.tr,26,81,69
google.be,25,86,78
google.co.kr,25,70,90
learn2025.ukzn.ac.za,25,50,106
so.com/link,25,73,214
robotframework.org,24,76,77
mne.tools,23,96,1
runoob.com,23,54,102
datacamp.com,22,77,179
elearn.epam.com,22,69,89
engdoc.corp.google.com,22,65,122
google.com/search,22,70,152
liaoxuefeng.com,22,77,68
python-forum.io,22,61,135
search.yahoo.co.jp,22,41,321
docs.google.com,21,57,230
flask.palletsprojects.com/en/stable/api,21,91,62
intranet.alxswe.com,21,78,77
steam.oxxostudio.tw,21,57,211
w3schools.com,21,95,4
pymupdf.readthedocs.io/en/latest/installation.html,20,76,83
python.it,20,50,204
python.jp,20,65,98
confluence.ecmwf.int,19,90,39
discuss.streamlit.io,19,84,134
edgeservices.bing.com,19,89,164
fr.search.yahoo.com,19,83,131
hackerrank.com,19,85,10
hiladental.co.il,19,54,664
hub-04.stackfuel.com,19,86,21
learn.srmonline.in,19,80,68
mastergroosha.github.io,19,89,2
open.uom.lk,19,100,0
s3.eu-west-1.amazonaws.com,19,52,294
skillbox.ru,19,68,80
yz.m.sm.cn/s,19,79,2
courses.campus.gov.il,18,79,57
flask.palletsprojects.com/en/stable/installation,18,78,243
google.at,18,80,214
learn.rrc.ca,18,67,254
moodle-courses2425.wolfware.ncsu.edu,18,32,246
pip.pypa.io/en/latest/installation,18,72,223
127.0.0.1,17,78,205
coccoc.com/search,17,81,20
compiler.pages.zjusct.io,17,88,11
edube.org/learn/pe-1/section-summary-72,17,94,0
lms.yandex.ru,17,71,120
mail.google.com,17,94,0
namu.wiki,17,68,85
pro.arcgis.com,17,76,31
statsmodels.org,17,94,0
amuletmc.com,16,81,5
byui-cse.github.io,16,65,219
docs.pola.rs,16,100,0
home-assistant.io/docs/configuration/templating,16,84,165
learning.anaconda.cloud,16,53,92
moodle.bogazici.edu.tr,16,75,22
theforage.com,16,56,144
docs.sqlalchemy.org,15,87,9
google.com.sg,15,67,29
hg2051-ntu.github.io,15,47,128
l.facebook.com,15,88,9
learn.bu.edu,15,56,589
learn.upgrad.com,15,75,217
linkedin.com,15,93,2
packaging.python.org/en/latest/guides/tool-recommendations,15,67,94
pytest-mock.readthedocs.io,15,60,277
training.olicyber.it,15,89,47
wikidocs.net,15,81,193
courses.bwsix.edly.io,14,93,56
cse2.csproject.org,14,100,0
kalasalingam.codetantra.com,14,94,14
selenium-python.readthedocs.io/installation.html,14,100,0
utokyo-ipp.github.io,14,79,14
clickup.up.ac.za,13,62,63
cloud.google.com,13,87,49
flask.palletsprojects.com/en/stable/tutorial,13,54,9
g3doc.corp.google.com,13,86,41
google.co.th,13,86,4
google.com.vn,13,86,24
google.cz,13,62,121
kongu.codetantra.com,13,79,101
learnpython.org,13,60,114
moodle.iitb.ac.in,13,46,102
perplexity.ai,13,62,76
pip.pypa.io,13,85,155
programiz.com,13,92,25
pyserial.readthedocs.io/en/latest/pyserial_api.html,13,100,0
python.org/downloads,13,62,24
skilio.com,13,71,88
strftime.org,13,77,156
android-app://com.linkedin.android,12,83,2
cnblogs.com,12,75,67
colab.research.google.com,12,86,2
courses.ms.wits.ac.za,12,79,180
cse2.mine.bz,12,100,4
google.fi,12,62,164
tongyi.aliyun.com/qianwen,12,25,227
vardhaman.codetantra.com,12,71,453
virtualenv.pypa.io/en/latest,12,83,143
yuanbao.tencent.com,12,50,321
aep25.ulpgc.es,11,73,40
br.search.yahoo.com,11,82,25
chat.scnet.cn,11,0,449
codedex.io,11,77,168
community.genai.works,11,83,126
cse2.serverpit.com,11,100,0
docs.pytest.org/en/stable/how-to/capture-warnings.html,11,64,278
elearn.urfu.ru,11,75,470
ellibrodepython.com,11,71,126
google.no,11,75,77
intranet.hbtn.io,11,83,139
kiet.codetantra.com,11,64,301
m.facebook.com,11,67,18
moodle.epfl.ch,11,73,114
packaging.python.org/en/latest/key_projects,11,64,70
pillow.readthedocs.io/en/stable/reference/Image.html,11,91,24
pyformat.info,11,91,49
pythonlikeyoumeanit.com,11,50,429
teratail.com,11,64,106
yandex.com,11,82,49
blackbox.ai,10,85,64
co.search.yahoo.com,10,80,12
codecademy-enterprise.percipio.com,10,82,92
comp.nus.edu.sg,10,89,6
eku.blackboard.com,10,62,186
forums.raspberrypi.com,10,80,351
google.co.za,10,80,68
google.com.ua,10,44,200
google.dk,10,73,164
google.gr,10,90,5
nhairs.github.io,10,64,75
psycopg.org,10,70,309
uk.search.yahoo.com,10,81,16
ya.ru/search,10,80,8
acwing.com,9,60,209
aiogram.dev,9,100,0
away.vk.com,9,100,0
bing.com/search,9,78,14
edu.vik.bme.hu,9,100,0
enterprise-confluence.aexp.com,9,100,0
epochconverter.com,9,100,0
github.com/tree-sitter/tree-sitter-python,9,70,55
google.pt,9,67,119
google.ro,9,100,0
id.search.yahoo.com,9,56,223
interactivetextbooks.tudelft.nl,9,60,199
intranet.aluswe.com,9,40,466
learn.nvidia.com,9,82,49
learning.ccbp.in,9,56,26
loguru.readthedocs.io/en/stable/api/logger.html,9,89,177
moodle-campusvirtualmexico.s3.amazonaws.com,9,33,228
nandhaengg.codetantra.com,9,89,48
notion.so,9,78,33
packaging.python.org,9,89,7
pre-commit.com,9,89,0
python.org/doc,9,56,271
quora.com,9,64,179
scikit-image.org,9,78,110
search.lilo.org,9,100,0
teams.microsoft.com,9,80,297
velog.io,9,78,262
wiki.freecad.org,9,90,3
www3.nd.edu,9,44,223
android-app://com.google.android.gm,8,62,207
bitbucket.org,8,100,2
cms.unir.net,8,100,0
codeit.kr,8,88,3
ctf.cyberchallenge.it,8,75,13
discordpy.readthedocs.io/en/stable/api.html,8,78,25
docs.pytest.org,8,50,169
docs.pytest.org/en/stable/how-to/logging.html,8,75,247
docs.pytest.org/en/stable/reference/reference.html,8,75,304
docs.scrapy.org/en/latest/intro/install.html,8,100,0
eecs481.org,8,62,127
forum.djangoproject.com,8,75,87
geeksforgeeks.org,8,88,699
github.com/aio-libs/aiodns/issues/86,8,88,4
github.com/huggingface/transformers,8,62,1446
google.github.io,8,75,55
