name,visitors,bounce_rate,visit_duration
Google,2573,79,119
Direct / None,1907,64,293
Bing,168,69,170
es.python.org,122,52,175
python.org,96,0,151
Brave,91,85,161
chatgpt.com,72,60,276
campus109.unad.edu.co,31,81,57
DuckDuckGo,27,91,153
Yahoo!,21,68,91
Baidu,14,71,16
app.aluracursos.com,12,75,60
assignments.onenote.com,12,0,1142
wiki.python.org,9,33,214
GitHub,8,38,627
moodle.riwi.io,8,50,301
freecodecamp.org,7,86,226
Ecosia,6,83,3
Microsoft Teams,6,100,0
Youtube,6,60,415
copilot.microsoft.com,5,60,205
educacionadistancia.juntadeandalucia.es,5,80,49
skilio.com,5,80,5
wiki.python.org.ar,5,80,17
hablemospython.dev,4,50,16
campusvirtual.uclm.es,3,100,0
edu.xunta.gal,3,100,0
educa.centrogeo.edu.mx,3,100,0
netacad.com,3,0,22
presencial.aulasuniminuto.edu.co,3,100,0
Perplexity,2,100,0
Reddit,2,0,968
campusvirtual.univalle.edu.co,2,100,0
canva.com,2,100,167
ceibal.schoology.com,2,75,228
chat.deepseek.com,2,100,0
cvdpr.ucm.es,2,0,2532
ellibrodepython.com,2,0,628
intranet.hbtn.io,2,0,1174
moodle.upm.es,2,100,0
packaging.python.org,2,0,1178
plataforma.itdurango.edu.mx,2,100,0
react-app-python-runner.vercel.app,2,100,0
realpython.com,2,0,37
saintleo.brightspace.com,2,100,0
udemy.com,2,100,0
wiki.freecad.org,2,0,13
127.0.0.1,1,100,0
LinkedIn,1,100,0
Telegram,1,100,0
Yandex,1,0,614
aulapregrado.unisimon.edu.co,1,100,0
aulavirtual-fpdrioja.larioja.org,1,100,0
aulavirtual.surge.es,1,100,0
aulavirtual32.educa.madrid.org,1,0,29
campus.exactas.uba.ar,1,100,0
campus.inap.es,1,0,249
campus.sdomingog.org,1,100,0
campus118.unad.edu.co,1,100,0
campusvirtual.ull.es,1,0,85
chat.qwen.ai,1,100,0
cs50.harvard.edu,1,0,1483
csic.adrformacion.com,1,100,0
dataseoacademy.com,1,100,0
devdocs.io,1,0,41
developer.mozilla.org,1,0,527
docs.sympy.org,1,0,552
ecursos.claseejecutiva.cl,1,0,631
edea.juntadeandalucia.es,1,100,0
educaciodigital.cat,1,100,0
escuela.pontia.tech,1,100,0
estudiantes.campus.humai.com.ar,1,100,0
euc-word-edit.officeapps.live.com,1,0,11
formacion.fundacionindustrialnavarra.com,1,100,0
ide-python-basics-logical-operations-9157653.evaluator5-8.hexlet.io,1,0,44
imb-pc.com,1,100,0
jp.biblioredes.gob.cl,1,0,0
jupyterlabnext-1-labs-prod-jupyterlab-us-east-0.labs.cognitiveclass.ai,1,0,25
l.meta.ai,1,100,0
labex.io,1,0,1539
learn.universidadviu.com,1,100,0
link.zhihu.com,1,0,482
mclibre.org,1,0,53
moodle-campusvirtualcolombia.s3.amazonaws.com,1,0,1145
moodlepro.ebc.edu.mx,1,100,0
odoo.com,1,100,0
online.virginiogomez.cl,1,0,302
online2.exactas.unlpam.edu.ar,1,100,0
palermo.blackboard.com,1,0,0
pandas.pydata.org,1,0,0
pensamientocomputacional.dev.ar,1,100,0
pip.pypa.io,1,0,116
plataformauat.uat.edu.mx,1,100,0
plataformavirtual.itla.edu.do,1,0,45
produccionentalzagoes.s3.eu-west-1.amazonaws.com,1,100,0
realpython-com.translate.goog,1,0,0
roadmap.sh,1,0,0
sanes.atlassian.net,1,100,0
swisscows.com,1,0,16
ttech2025.github.io,1,100,0
udla.brightspace.com,1,0,30
utelx.io,1,100,0
uvirtual.udemedellin.edu.co,1,0,962
uvirtual2.ucsc.cl,1,100,0
virtual.ipleones.cl,1,100,0
virtual.um.edu.ar,1,0,9
