name,unique_exits,total_exits,exit_rate
/3.13/tutorial/index.html,798,854,
/3.13/using/windows.html,717,733,
/3.13/,663,687,
/3.13/index.html,232,244,
/3.13/tutorial/,211,218,
/3.13/whatsnew/3.13.html,126,131,
/3.13/library/functions.html,111,118,
/zh-cn/3.13/using/android.html,107,107,
/3.13/library/stdtypes.html,102,107,
/3.13/tutorial/interpreter.html,96,100,
/zh-cn/3.13/tutorial/index.html,93,98,
/3.13/tutorial/appetite.html,86,98,
/zh-cn/3.13/library/idle.html,85,85,
/3.13/tutorial/introduction.html,80,84,
/3.13/library/,78,79,
/3.13/search.html,70,72,
/3.13/tutorial/controlflow.html,59,75,
/3.13/library/index.html,55,63,
/3/,54,59,
/ja/3.13/bugs.html,51,51,
/ja/3.13/tutorial/,45,47,
/3.13/library/datetime.html,42,42,
/3.13/library/tkinter.html,39,39,
/3.13/library/idle.html,38,39,
/zh-cn/3.13/,34,35,
/3.13/library/random.html,33,37,
/uk/3.13/extending/extending.html,33,33,
/dev/using/windows.html,29,29,
/ja/3.13/tutorial/index.html,29,32,
/3.13/library/typing.html,28,29,
/zh-cn/3.13/tutorial/interpreter.html,28,31,
/ja/3.13/library/datetime.html,27,27,
/zh-cn/3.13/library/index.html,24,26,
/zh-cn/3.13/tutorial/controlflow.html,24,25,
/ja/3.13/library/stdtypes.html,23,24,
/3.13/installing/index.html,22,22,
/zh-cn/3.13/library/stdtypes.html,22,23,
/zh-cn/3.13/using/mac.html,22,23,
/es/3.13/tutorial/index.html,21,22,
/ja/3.13/library/functions.html,21,24,
/3.13/contents.html,20,21,
/3.13/tutorial/datastructures.html,20,20,
/zh-cn/3.13/installing/index.html,20,21,
/3.13/library/exceptions.html,19,19,
/3.13/library/math.html,19,19,
/ja/3.13/library/random.html,19,19,
/uk/3.13/library/idle.html,19,19,
/zh-cn/3.13/tutorial/introduction.html,19,19,
/3.13/glossary.html,18,19,
/3.13/library/os.html,18,18,
/3.13/py-modindex.html,18,18,
/zh-cn/3.13/using/windows.html,18,18,
/3.13/download.html,17,17,
/3.13/library/re.html,17,18,
/3.13/library/threading.html,17,17,
/ja/3.13/library/index.html,17,18,
/ja/3.13/library/re.html,17,18,
/3.13/library/pathlib.html,16,16,
/3.13/library/string.html,16,16,
/3.13/library/turtle.html,16,16,
/3.13/reference/index.html,16,16,
/3.13/tutorial/modules.html,16,24,
/3.14/,15,15,
/ja/3.13/howto/sorting.html,15,15,
/uk/3.13/tutorial/index.html,15,16,
/zh-cn/3.13/download.html,15,15,
/zh-cn/3.13/library/functions.html,15,15,
/zh-cn/3.13/tutorial/datastructures.html,15,16,
/3.13/using/cmdline.html,14,14,
/es/3.13/library/functions.html,14,15,
/ja/3.13/library/logging.html,14,14,
/uk/3.13/installing/index.html,14,14,
/zh-cn/3.13/search.html,14,14,
/zh-cn/3.13/using/index.html,14,14,
/3.13/library/subprocess.html,13,13,
/es/3.13/library/index.html,13,13,
/ja/3.13/tutorial/interpreter.html,13,13,
/zh-cn/3.13/tutorial/,13,13,
/3.13/reference/lexical_analysis.html,12,12,
/3.14/whatsnew/3.14.html,12,12,
/3.15/,12,12,
/es/3.13/library/stdtypes.html,12,13,
/es/3.13/tutorial/controlflow.html,12,13,
/ja/3.13/library/tkinter.html,12,12,
/zh-cn/3.13/index.html,12,15,
/zh-cn/3.13/library/turtle.html,12,12,
/3.13/reference/datamodel.html,11,11,
/3.13/tutorial/appendix.html,11,11,
/3.13/using/index.html,11,11,
/3.14/tutorial/index.html,11,9,
/ja/3.13/library/os.path.html,11,11,
/ja/3.13/tutorial/controlflow.html,11,13,
/ko/3.13/library/idle.html,11,11,
/pt-br/3.13/,11,12,
/pt-br/3.13/tutorial/index.html,11,11,
/zh-cn/3.14/tutorial/index.html,11,11,
/3.12/,10,11,
/3.13/tutorial/classes.html,10,12,
/es/3.13/library/tkinter.html,10,12,
/ja/3.13/library/idle.html,10,10,
