name,visitors,pageviews,bounce_rate,time_on_page,scroll_depth
/es/3.13/tutorial/index.html,451,546,64,45,53
/es/3/tutorial/,238,292,62,36,49
/es/3.13/library/tkinter.html,225,248,76,274,33
/es/3.13/tutorial/interpreter.html,156,159,79,76,76
/es/3/tutorial/index.html,147,169,73,55,48
/es/3.13/search.html,137,214,38,42,63
/es/3.13/library/index.html,134,147,68,60,43
/es/3.13/,133,125,33,26,75
/es/3.13/tutorial/introduction.html,128,127,84,141,52
/es/3.13/tutorial/appetite.html,116,110,44,80,83
/es/3/tutorial/interpreter.html,101,93,79,81,74
/es/3/tutorial/appetite.html,95,85,42,74,86
/es/3.13/library/functions.html,92,106,82,266,24
/es/3.13/tutorial/controlflow.html,92,93,89,202,35
/es/3.13/tutorial/classes.html,90,91,77,92,42
/es/3.13/tutorial/datastructures.html,81,80,77,85,47
/es/3.13/library/stdtypes.html,76,74,82,62,27
/es/3/tutorial/introduction.html,76,85,70,271,45
/es/3.13/tutorial/venv.html,72,78,93,63,51
/es/3/tutorial/controlflow.html,69,67,83,99,29
/es/3/,68,71,57,90,72
/es/3.13/library/idle.html,62,59,81,24,24
/es/3.13/installing/index.html,59,59,85,43,68
/es/3.13/library/tk.html,58,71,67,45,63
/es/3.13/tutorial/errors.html,57,56,91,54,37
/es/3/library/stdtypes.html,53,66,81,26,34
/es/3/library/functions.html,52,55,88,135,34
/es/3/tutorial/datastructures.html,51,52,95,90,41
/es/3.13/tutorial/inputoutput.html,48,49,73,76,44
/es/3.13/glossary.html,42,36,56,102,27
/es/3.13/tutorial/modules.html,41,36,70,108,52
/es/3.13/library/datetime.html,38,39,90,16,24
/es/3.13/using/windows.html,34,33,71,68,41
/es/3.13/contents.html,31,28,25,15,11
/es/3.13/whatsnew/3.13.html,30,25,88,24,10
/es/3/library/index.html,30,34,61,31,32
/es/3/tutorial/classes.html,30,31,84,51,37
/es/3/library/json.html,29,30,70,42,25
/es/3.13/library/venv.html,27,28,68,177,31
/es/3/library/argparse.html,27,28,92,101,28
/es/3/library/tkinter.html,27,28,80,70,13
/es/3.13/howto/logging.html,25,24,83,45,25
/es/3.13/library/re.html,25,28,79,64,26
/es/3.13/index.html,24,20,40,21,81
/es/3/installing/index.html,24,23,95,20,53
/es/3.13/tutorial/,23,23,92,63,41
/es/3/glossary.html,23,24,69,32,48
/es/3.13/library/array.html,21,24,94,37,74
/es/3.13/library/random.html,21,19,85,76,29
/es/3.13/library/tkinter.ttk.html,21,19,81,117,45
/es/3/search.html,21,31,64,20,42
/es/3.13/howto/regex.html,20,26,78,86,33
/es/3.13/library/string.html,19,16,92,50,20
/es/3.13/library/turtle.html,19,19,100,134,43
/es/3.13/tutorial/appendix.html,19,17,0,16,63
/es/dev/tutorial/controlflow.html,19,25,89,48,19
/es/3.13/library/csv.html,18,14,62,49,38
/es/3.13/library/intro.html,17,21,67,101,73
/es/3.13/reference/index.html,17,14,50,89,56
/es/3.13/download.html,16,15,40,15,83
/es/3.13/py-modindex.html,16,17,100,86,52
/es/3.13/library/asyncio-task.html,15,14,93,131,11
/es/3.13/library/os.html,15,15,43,123,21
/es/3.13/library/shutil.html,15,13,82,47,42
/es/3/contents.html,15,14,60,114,19
/es/3/library/random.html,15,14,80,38,20
/es/3.13/howto/sorting.html,14,15,93,31,56
/es/3.13/library/exceptions.html,14,14,100,136,57
/es/3.13/reference/import.html,14,13,91,29,38
/es/3/reference/index.html,14,16,57,68,65
/es/3/tutorial/modules.html,14,13,78,18,61
/es/3/tutorial/venv.html,14,13,70,191,66
/es/3.13/library/operator.html,13,13,70,32,34
/es/3/library/exceptions.html,13,14,77,101,50
/es/3/tutorial/errors.html,13,14,89,85,47
/es/3.13/using/cmdline.html,12,12,67,160,36
/es/3.13/using/editors.html,12,11,56,10,97
/es/3/library/math.html,12,12,90,35,30
/es/3/reference/compound_stmts.html,12,10,67,18,28
/es/3.13/library/pathlib.html,11,8,83,39,16
/es/3.13/library/sqlite3.html,11,13,57,68,26
/es/3.13/library/sys.html,11,10,57,29,24
/es/3.13/reference/compound_stmts.html,11,12,83,71,31
/es/3.13/whatsnew/index.html,11,17,67,20,11
/es/3/genindex-Símbolos.html,11,13,82,12,46
/es/3/library/asyncio.html,11,11,90,38,52
/es/3/tutorial/inputoutput.html,11,9,80,61,73
/es/3.13/library/collections.html,10,9,100,39,33
/es/3.13/library/pprint.html,10,10,90,16,46
/es/3.13/tutorial/stdlib.html,10,10,50,20,75
/es/3.13/tutorial/stdlib2.html,10,10,25,178,83
/es/3/index.html,10,8,100,15,74
/es/3/library/statistics.html,10,13,80,97,24
/es/dev/library/venv.html,10,9,100,9,26
/es/3.12/tutorial/index.html,9,8,80,31,52
/es/3.13/library/__main__.html,9,9,86,42,36
/es/3.13/tutorial/interactive.html,9,7,0,15,84
/es/3/download.html,9,9,67,134,82
/es/3/library/decimal.html,9,8,100,78,13
/es/3/library/functools.html,9,9,62,111,47
