name,visitors,bounce_rate,visit_duration
Direct / None,1551,64,269
Google,416,72,480
python.org,99,69,209
Baidu,65,81,147
Bing,39,41,532
DuckDuckGo,20,33,647
Yandex,20,75,641
peps.python.org,16,80,258
GitHub,10,75,104
chatgpt.com,6,75,552
realpython.com,5,80,66
Brave,4,100,496
campus109.unad.edu.co,3,67,426
codecademy.cn,3,0,63
python.p2hp.com,3,0,464
Reddit,2,50,10
Yahoo!,2,100,6
blog.csdn.net,2,50,32
campus118.unad.edu.co,2,50,1223
eadcursosgratuitos.mackenzie.br,2,100,0
link.csdn.net,2,50,684
udemy.com,2,0,1192
127.0.0.1,1,100,0
192.168.1.100,1,100,0
Gmail,1,0,185
Microsoft Teams,1,100,0
Qwant,1,0,99
acno2rz8weu5.feishu.cn,1,100,0
att.sharepoint.com,1,100,0
blog.adarshd.dev,1,100,0
blog.glyph.im,1,0,26
bugs.mysql.com,1,100,0
cnblogs.com,1,0,13
courses.cscc.edu,1,100,0
cs50.harvard.edu,1,0,518
discuss.python.org,1,0,3268
doubao.com,1,0,3473
dzen.ru,1,100,0
edabit.com,1,0,736
edube.org,1,0,81
es.python.org,1,0,230
furydocs.io,1,100,0
learn.zybooks.com,1,100,0
martinheinz.dev,1,0,257
meghantrainor.com,1,100,0
modevol.com,1,100,0
mooc2-ans.chaoxing.com,1,0,4
networkx.org,1,0,37
packaging.python.org,1,0,4302
pucminas.instructure.com,1,0,2
pylingual.io,1,100,0
pyodide.org,1,100,0
pypdf.readthedocs.io,1,0,630
pypi.org,1,0,64
pytest-mock.readthedocs.io,1,0,1385
python-type-challenges.zeabur.app,1,0,2235
pythonlikeyoumeanit.com,1,0,6304
qiita.com,1,0,6
runoob.com,1,0,172
shultais.education,1,100,0
sphinx-doc.org,1,0,109
subscription.packtpub.com,1,0,14
tcn9vxx5r1bh.feishu.cn,1,100,0
wiki.archlinux.org,1,0,11
wiki.python.org,1,0,2396
