name,unique_entrances,total_entrances,visit_duration
/zh-cn/3/tutorial/index.html,442,462,150
/zh-cn/3/,409,422,170
/3/,300,307,365
/zh-cn/3.13/tutorial/index.html,184,191,260
/zh-cn/3.13/,162,174,370
/zh-cn/3/library/index.html,161,166,198
/zh-cn/3/library/turtle.html,142,149,168
/zh-cn/3/library/functions.html,115,120,147
/zh-cn/3/tutorial/,110,117,163
/zh-cn/3/library/venv.html,87,88,11
/zh-cn/3/using/index.html,73,73,90
/zh-cn/3/tutorial/interpreter.html,68,69,328
/zh-cn/3/library/idle.html,61,61,45
/zh-cn/3/using/windows.html,61,61,64
/zh-cn/3/reference/index.html,59,68,160
/zh-cn/3/tutorial/controlflow.html,58,62,241
/zh-cn/3.13/library/index.html,57,61,451
/zh-cn/3.13/tutorial/controlflow.html,54,62,516
/zh-cn/3/library/stdtypes.html,52,54,157
/zh-cn/3/tutorial/introduction.html,49,52,179
/3/tutorial/index.html,44,47,632
/zh-cn/3.13/search.html,44,45,244
/zh-cn/3.13/tutorial/introduction.html,44,45,433
/zh-cn/3.13/library/stdtypes.html,40,41,282
/zh-cn/3/library/math.html,39,52,7
/zh-cn/3/search.html,39,42,204
/zh-cn/3/tutorial/datastructures.html,38,38,58
/zh-cn/3/library/re.html,37,38,18
/zh-cn/3/tutorial/appetite.html,37,38,508
/zh-cn/3.13/library/functions.html,35,37,264
/zh-cn/3.13/whatsnew/3.13.html,34,36,147
/zh-cn/3/index.html,33,33,294
/zh-cn/3/library/typing.html,31,33,12
/zh-cn/3.13/glossary.html,29,30,440
/zh-cn/3.13/index.html,29,29,182
/zh-cn/3.12/,28,29,184
/zh-cn/3.13/tutorial/datastructures.html,28,28,455
/zh-cn/3.13/tutorial/interpreter.html,27,29,491
/zh-cn/3/glossary.html,27,27,643
/zh-cn/3.13/tutorial/,25,26,161
/zh-cn/3/download.html,25,25,215
/zh-cn/3/tutorial/classes.html,25,27,1
/zh-cn/3/contents.html,24,25,125
/zh-cn/3/installing/index.html,24,24,86
/3.13/,23,23,249
/zh-cn/3/library/logging.html,23,23,228
/zh-cn/3.13/tutorial/classes.html,22,25,134
/zh-cn/3/library/,22,24,23
/zh-cn/3/library/multiprocessing.html,22,22,213
/zh-cn/3/library/tk.html,22,23,7
/3.13/tutorial/index.html,21,21,524
/zh-cn/3.12/using/mac.html,21,21,4
/zh-cn/3.13/using/windows.html,21,21,556
/zh-cn/3/howto/argparse.html,21,21,2
/zh-cn/3.13/reference/index.html,20,21,29
/zh-cn/3/library/asyncio.html,20,20,432
/zh-cn/3/library/struct.html,20,20,50
/zh-cn/3/library/unittest.html,20,20,207
/zh-cn/3.12/library/index.html,19,22,47
/zh-cn/3.12/reference/index.html,19,19,675
/zh-cn/3.13/download.html,19,19,59
/zh-cn/3/library/random.html,19,19,13
/3/library/functions.html,18,18,177
/zh-cn/3.14/,18,18,352
/zh-cn/3/library/itertools.html,18,20,56
/zh-cn/3/library/os.html,18,18,5
/zh-cn/3/tutorial/inputoutput.html,18,20,73
/zh-cn/dev/using/mac.html,18,18,0
/3/library/index.html,17,17,385
/3/tutorial/,17,17,247
/zh-cn/3.13/contents.html,17,17,296
/zh-cn/3.13/using/android.html,17,17,12
/zh-cn/3/howto/regex.html,17,17,94
/zh-cn/3/library/argparse.html,17,17,3
/zh-cn/3/library/tkinter.html,17,17,24
/zh-cn/3/using/mac.html,17,18,6
/zh-cn/3/whatsnew/3.13.html,17,17,134
/zh-cn/3.13/library/asyncio-task.html,16,17,24
/zh-cn/3.13/using/index.html,16,17,411
/zh-cn/3/library/tkinter.ttk.html,16,16,33
/zh-cn/3.13/tutorial/appetite.html,15,17,185
/zh-cn/3.13/using/,15,15,23
/zh-cn/3/library/dataclasses.html,15,15,1
/zh-cn/3/library/string.html,15,15,129
/zh-cn/3/reference/lexical_analysis.html,15,16,98
/zh-cn/3/tutorial/errors.html,15,15,381
/zh-cn/3/tutorial/modules.html,15,15,176
/zh-cn/3.12/tutorial/index.html,14,14,411
/zh-cn/3.13/library/tkinter.html,14,14,1696
/zh-cn/3/reference/compound_stmts.html,14,15,162
/zh-cn/3.13/library/exceptions.html,13,14,265
/zh-cn/3/library/collections.html,13,13,148
/zh-cn/3/library/subprocess.html,13,13,266
/3.14/,12,12,174
/zh-cn/3.12/library/stdtypes.html,12,14,289
/zh-cn/3.13/reference/compound_stmts.html,12,12,392
/zh-cn/3.14/tutorial/index.html,12,12,214
/zh-cn/3/howto/index.html,12,13,494
/zh-cn/3/library/zipfile.html,12,13,96
/3/library/tkinter.html,11,11,391
/zh-cn/3.13/tutorial/inputoutput.html,11,12,171
/zh-cn/3.13/tutorial/modules.html,11,11,1184
/zh-cn/3/py-modindex.html,11,11,338
/zh-cn/3/tutorial/stdlib.html,11,11,8
/3.12/,10,10,234
/3.13/index.html,10,10,253
/3.13/using/windows.html,10,10,261
/zh-cn/3.13/howto/index.html,10,10,668
/zh-cn/3.13/using/mac.html,10,10,50
/zh-cn/dev/using/ios.html,10,10,2
/3/library/venv.html,9,9,568
/zh-cn/3.12/library/logging.html,9,9,431
/zh-cn/3.12/whatsnew/3.12.html,9,9,78
/zh-cn/3.13/genindex.html,9,9,489
/zh-cn/3.13/library/asyncio.html,9,10,682
/zh-cn/3.13/reference/lexical_analysis.html,9,9,198
/zh-cn/3.13/tutorial/errors.html,9,9,754
/zh-cn/3.13/tutorial/stdlib.html,9,17,410
/zh-cn/3/c-api/index.html,9,9,39
/zh-cn/3/library/__main__.html,9,9,2
/zh-cn/3/library/ast.html,9,9,72
/zh-cn/3/library/csv.html,9,9,88
/zh-cn/3/library/ctypes.html,9,9,0
/zh-cn/3/library/datetime.html,9,9,61
/zh-cn/3/library/http.server.html,9,9,111
/zh-cn/3/library/json.html,9,9,0
/zh-cn/3/library/multiprocessing.shared_memory.html,9,9,1
/zh-cn/3/library/pickle.html,9,10,230
/zh-cn/3/library/threading.html,9,9,198
/zh-cn/3/reference/,9,9,50
/zh-cn/3/reference/datamodel.html,9,9,25
/zh-cn/3/reference/import.html,9,9,0
/zh-cn/3/whatsnew/index.html,9,9,49
/3/search.html,8,8,352
/zh-cn/3.12/tutorial/controlflow.html,8,10,113
/zh-cn/3.13/installing/index.html,8,8,444
/zh-cn/3.13/library/typing.html,8,8,130
/zh-cn/3.13/reference/datamodel.html,8,8,159
/zh-cn/3.13/tutorial/venv.html,8,8,251
/zh-cn/3.14/index.html,8,9,30
/zh-cn/3.14/whatsnew/,8,8,3
/zh-cn/3/library/asyncio-runner.html,8,8,218
/zh-cn/3/library/dis.html,8,8,338
/zh-cn/3/library/gzip.html,8,8,141
/zh-cn/3/library/pdb.html,8,8,5
/zh-cn/3/reference/expressions.html,8,8,252
/zh-cn/3/using/cmdline.html,8,8,326
/zh-cn/3.12/download.html,7,7,0
/zh-cn/3.12/index.html,7,7,470
/zh-cn/3.12/library/typing.html,7,7,1
/zh-cn/3.12/using/,7,7,262
/zh-cn/3.13/c-api/index.html,7,9,1295
/zh-cn/3.13/library/asyncio-sync.html,7,8,38
/zh-cn/3.13/library/copy.html,7,7,223
/zh-cn/3/library/abc.html,7,7,36
/zh-cn/3/library/configparser.html,7,7,6
/zh-cn/3/library/exceptions.html,7,7,20
/zh-cn/3/library/heapq.html,7,7,127
/zh-cn/3/library/profile.html,7,8,54
/zh-cn/3/using/android.html,7,7,122
/3/library/asyncio.html,6,7,893
/3/library/logging.html,6,6,738
/3/library/stdtypes.html,6,6,120
/3/reference/datamodel.html,6,6,116
/zh-cn/3.12/library/,6,8,35
/zh-cn/3.12/library/functions.html,6,7,88
/zh-cn/3.12/tutorial/modules.html,6,6,1282
/zh-cn/3.13/installing/,6,6,13
/zh-cn/3.13/library/collections.html,6,6,78
/zh-cn/3.13/library/venv.html,6,6,0
/zh-cn/3.13/library/xml.etree.elementtree.html,6,6,0
/zh-cn/3.13/reference/expressions.html,6,6,488
/zh-cn/3.13/reference/simple_stmts.html,6,6,336
/zh-cn/3.13/using/cmdline.html,6,7,177
/zh-cn/3/extending/extending.html,6,7,0
/zh-cn/3/howto/unicode.html,6,6,1
/zh-cn/3/library/asyncio-task.html,6,6,7
/zh-cn/3/library/bisect.html,6,7,3
/zh-cn/3/library/functools.html,6,6,0
/zh-cn/3/library/gc.html,6,6,2
/zh-cn/3/library/pathlib.html,6,6,42
/zh-cn/3/library/tomllib.html,6,6,58
/zh-cn/3/tutorial/appendix.html,6,6,64
/zh-cn/3/tutorial/interactive.html,6,6,2
/zh-cn/dev/whatsnew/3.13.html,6,6,0
/3.14/tutorial/index.html,5,5,217
/3/download.html,5,5,223
/3/library/,5,5,144
/3/library/json.html,5,5,38
/3/library/math.html,5,5,1646
/3/library/os.html,5,5,1163
/3/library/typing.html,5,5,47
/3/py-modindex.html,5,5,270
/3/reference/index.html,5,5,279
/3/tutorial/classes.html,5,5,114
/zh-cn/3.12/library/asyncio-task.html,5,5,12
/zh-cn/3.12/search.html,5,5,127
/zh-cn/3.12/tutorial/classes.html,5,5,0
/zh-cn/3.12/tutorial/datastructures.html,5,5,214
/zh-cn/3.13/howto/regex.html,5,5,33
/zh-cn/3.13/library/operator.html,5,5,288
/zh-cn/3.13/library/re.html,5,5,0
/zh-cn/3.13/library/subprocess.html,5,6,0
/zh-cn/3.13/library/tk.html,5,5,4832
/zh-cn/3.13/py-modindex.html,5,5,102
/zh-cn/3.13/using/ios.html,5,5,7
/zh-cn/3.13/whatsnew/3.12.html,5,5,575
/zh-cn/3.13/whatsnew/changelog.html,5,5,0
/zh-cn/3.14/library/index.html,5,5,482
/zh-cn/3.14/tutorial/controlflow.html,5,5,33
/zh-cn/3/extending/index.html,5,5,25
/zh-cn/3/genindex.html,5,5,479
/zh-cn/3/howto/enum.html,5,5,44
/zh-cn/3/howto/logging.html,5,5,1
/zh-cn/3/library/codecs.html,5,6,0
/zh-cn/3/library/copy.html,5,6,0
/zh-cn/3/library/difflib.html,5,5,0
/zh-cn/3/library/io.html,5,5,228
/zh-cn/3/library/marshal.html,5,5,29
/zh-cn/3/library/queue.html,5,5,0
/zh-cn/3/library/secrets.html,5,5,27
/zh-cn/3/library/shelve.html,5,5,99
/zh-cn/3/library/shutil.html,5,5,60
/zh-cn/3/library/socket.html,5,5,84
/zh-cn/3/library/time.html,5,5,0
/zh-cn/3/library/webbrowser.html,5,5,28
/zh-cn/3/reference/introduction.html,5,6,13
/zh-cn/3/tutorial/venv.html,5,5,69
/zh-cn/3/whatsnew/3.12.html,5,5,61
/3.12/index.html,4,4,959
/3.12/library/functions.html,4,4,94
/3.12/library/os.html,4,4,976
/3.12/tutorial/index.html,4,4,396
/3.13/tutorial/,4,4,58
/3/library/asyncio-task.html,4,4,641
/3/library/pickle.html,4,4,176
/3/library/turtle.html,4,4,834
/3/tutorial/appetite.html,4,4,367
/3/tutorial/controlflow.html,4,4,64
/3/tutorial/modules.html,4,4,1260
/3/tutorial/venv.html,4,4,279
/3/whatsnew/3.13.html,4,4,1161
/zh-cn/3.12/howto/index.html,4,4,2
/zh-cn/3.12/library/pprint.html,4,4,0
/zh-cn/3.12/library/random.html,4,4,83
/zh-cn/3.12/library/tkinter.ttk.html,4,4,186
/zh-cn/3.12/library/venv.html,4,4,0
/zh-cn/3.12/tutorial/appetite.html,4,4,12
/zh-cn/3.13/library/,4,5,80
/zh-cn/3.13/library/collections.abc.html,4,4,666
/zh-cn/3.13/library/functools.html,4,4,0
/zh-cn/3.13/library/logging.html,4,5,184
/zh-cn/3.13/library/multiprocessing.html,4,4,0
/zh-cn/3.13/library/queue.html,4,5,1
/zh-cn/3.13/library/sqlite3.html,4,4,0
/zh-cn/3.13/library/struct.html,4,4,81
/zh-cn/3.13/library/turtle.html,4,4,0
/zh-cn/3.13/library/unittest.html,4,4,1
/zh-cn/3.13/reference/import.html,4,4,424
/zh-cn/3.13/whatsnew/,4,4,0
/zh-cn/3.13/whatsnew/index.html,4,4,54
/zh-cn/3.14/tutorial/introduction.html,4,5,17
/zh-cn/3.14/whatsnew/3.14.html,4,4,0
/zh-cn/3/genindex-all.html,4,4,0
/zh-cn/3/howto/curses.html,4,4,1
/zh-cn/3/library/asyncio-future.html,4,4,0
/zh-cn/3/library/concurrent.futures.html,4,4,296
/zh-cn/3/library/decimal.html,4,5,0
/zh-cn/3/library/filesys.html,4,4,0
/zh-cn/3/library/frameworks.html,4,4,126
/zh-cn/3/library/importlib.html,4,4,0
/zh-cn/3/library/os.path.html,4,4,0
/zh-cn/3/library/sqlite3.html,4,4,0
/zh-cn/3/library/sys.html,4,4,4
/zh-cn/3/library/tempfile.html,4,4,0
/3.13/library/stdtypes.html,3,3,82
/3.14/using/windows.html,3,3,555
/3/c-api/index.html,3,3,746
/3/glossary.html,3,3,435
/3/installing/index.html,3,3,474
/3/library/argparse.html,3,3,730
/3/library/contextlib.html,3,3,11
/3/library/dataclasses.html,3,3,62
/3/library/ensurepip.html,3,3,46
/3/library/idle.html,3,3,36
/3/library/itertools.html,3,3,218
/3/library/multiprocessing.html,3,3,214
/3/library/string.html,3,3,340
/3/library/sys.html,3,3,166
/3/library/threading.html,3,3,10
/3/library/unittest.html,3,3,96
/3/library/urllib.html,3,3,68
/3/reference/lexical_analysis.html,3,3,1404
/3/tutorial/datastructures.html,3,3,891
/3/tutorial/introduction.html,3,3,313
/zh-cn/3.12/library/__main__.html,3,3,0
/zh-cn/3.12/library/asyncio-eventloop.html,3,4,65
/zh-cn/3.12/library/asyncio.html,3,3,15
/zh-cn/3.12/library/collections.html,3,3,0
/zh-cn/3.12/library/constants.html,3,3,840
