name,visitors,pageviews,bounce_rate,time_on_page,scroll_depth
/pt-br/3/tutorial/index.html,131,188,45,49,54
/pt-br/3/,101,122,48,56,73
/pt-br/3.13/library/index.html,90,113,59,26,43
/pt-br/3/tutorial/,88,101,67,33,50
/pt-br/3.13/,86,94,38,16,74
/pt-br/3/library/venv.html,81,81,91,62,35
/pt-br/3/tutorial/datastructures.html,79,79,76,96,47
/pt-br/3.13/tutorial/index.html,68,69,62,30,46
/pt-br/3/tutorial/controlflow.html,65,75,55,178,30
/pt-br/3.13/search.html,59,82,65,28,54
/pt-br/3/tutorial/interpreter.html,57,64,35,93,82
/pt-br/3/library/stdtypes.html,54,59,85,199,39
/pt-br/3/tutorial/introduction.html,53,45,80,281,55
/pt-br/3/tutorial/appetite.html,51,46,75,112,87
/pt-br/3/library/math.html,48,53,93,146,45
/pt-br/3/library/random.html,46,63,78,149,45
/pt-br/3.13/tutorial/interpreter.html,42,45,76,41,65
/pt-br/3/library/string.html,42,42,83,31,35
/pt-br/3/library/functions.html,40,43,86,45,28
/pt-br/3/tutorial/classes.html,38,40,100,73,53
/pt-br/3/search.html,37,77,53,40,56
/pt-br/dev/library/venv.html,37,38,87,31,37
/pt-br/3.13/library/datetime.html,35,32,100,112,28
/pt-br/3.13/tutorial/introduction.html,35,33,81,154,49
/pt-br/3/library/tkinter.html,35,42,65,152,36
/pt-br/3.13/library/stdtypes.html,32,34,87,173,29
/pt-br/3.13/library/random.html,26,22,82,126,42
/pt-br/3/library/index.html,26,27,60,37,34
/pt-br/3/tutorial/inputoutput.html,26,31,70,60,51
/pt-br/3.13/library/time.html,25,26,73,146,49
/pt-br/3.13/tutorial/appetite.html,25,19,17,69,79
/pt-br/3/glossary.html,24,17,56,69,37
/pt-br/3/tutorial/modules.html,24,25,67,23,52
/pt-br/3.13/library/functions.html,23,20,67,289,28
/pt-br/3.13/library/tkinter.html,23,23,71,36,41
/pt-br/3.13/tutorial/controlflow.html,22,21,71,315,44
/pt-br/3/tutorial/errors.html,19,18,100,62,34
/pt-br/3.13/library/tk.html,17,18,46,122,49
/pt-br/3/library/csv.html,17,21,71,37,34
/pt-br/3.13/library/math.html,16,19,67,91,43
/pt-br/3.13/tutorial/datastructures.html,16,18,78,218,53
/pt-br/3/contents.html,15,16,75,40,19
/pt-br/dev/library/tkinter.html,15,13,88,193,25
/pt-br/3.13/tutorial/classes.html,14,11,100,131,29
/pt-br/3.13/library/venv.html,13,13,100,92,38
/pt-br/3.13/tutorial/,13,12,67,10,32
/pt-br/3.13/library/json.html,12,15,75,210,37
/pt-br/3.13/reference/index.html,12,15,100,66,66
/pt-br/3.13/using/windows.html,12,13,100,50,48
/pt-br/3/download.html,12,9,100,6,74
/pt-br/dev/tutorial/datastructures.html,12,12,100,55,20
/pt-br/3/library/os.html,11,13,80,207,31
/pt-br/3/using/android.html,11,14,80,51,70
/pt-br/dev/howto/sorting.html,11,15,64,70,50
/pt-br/3.13/glossary.html,10,7,100,360,38
/pt-br/3.13/library/turtle.html,10,10,88,51,23
/pt-br/3.13/tutorial/inputoutput.html,10,10,86,213,54
/pt-br/3/howto/logging.html,10,10,100,191,25
/pt-br/3/index.html,10,10,33,22,76
/pt-br/3/library/__main__.html,10,11,90,30,43
/pt-br/3/reference/compound_stmts.html,10,9,67,52,25
/pt-br/3/using/windows.html,10,11,71,57,34
/pt-br/3/whatsnew/3.13.html,10,10,100,71,23
/pt-br/dev/library/functions.html,10,10,88,26,16
/pt-br/3.13/reference/compound_stmts.html,9,8,100,98,26
/pt-br/3/installing/index.html,9,14,40,56,43
/pt-br/3/library/array.html,9,7,100,41,75
/pt-br/3/reference/index.html,9,7,0,60,72
/pt-br/dev/reference/import.html,9,9,78,122,18
/pt-br/3.13/download.html,8,8,100,13,87
/pt-br/3.13/library/statistics.html,8,7,100,24,12
/pt-br/3.13/tutorial/errors.html,8,8,0,221,47
/pt-br/3/c-api/set.html,8,11,50,5,70
/pt-br/3/genindex.html,8,11,0,14,100
/pt-br/3/library/,8,16,100,156,67
/pt-br/3/library/re.html,8,7,100,264,7
/pt-br/dev/library/unittest.html,8,8,100,6,2
/pt-br/3.12/tutorial/index.html,7,6,100,47,76
/pt-br/3.13/library/pathlib.html,7,7,75,10,6
/pt-br/3.13/library/string.html,7,7,100,8,23
/pt-br/3.13/library/sys.html,7,6,33,27,25
/pt-br/3.13/py-modindex.html,7,6,33,5,10
/pt-br/3.15/,7,6,100,13,85
/pt-br/3/library/dataclasses.html,7,6,83,12,13
/pt-br/3/library/datetime.html,7,8,75,233,38
/pt-br/3/reference/datamodel.html,7,4,100,337,29
/pt-br/3/tutorial/venv.html,7,8,86,83,72
/pt-br/3/using/cmdline.html,7,7,100,108,33
/pt-br/dev/faq/general.html,7,10,57,61,54
/pt-br/3.13/faq/windows.html,6,6,100,13,26
/pt-br/3.13/index.html,6,5,100,11,74
/pt-br/3.13/library/csv.html,6,6,50,58,74
/pt-br/3.13/library/io.html,6,4,50,53,71
/pt-br/3.13/library/pickle.html,6,7,100,125,33
/pt-br/3.13/library/tkinter.ttk.html,6,6,100,20,74
/pt-br/3.13/whatsnew/3.12.html,6,6,50,30,3
/pt-br/3/library/copy.html,6,6,67,20,66
/pt-br/3/library/subprocess.html,6,6,60,31,46
/pt-br/3/py-modindex.html,6,5,100,56,69
/pt-br/3/reference/lexical_analysis.html,6,6,100,843,35
