name,visitors,pageviews,bounce_rate,time_on_page
/zh-cn/3/,714,976,46,62.99297423887588
/zh-cn/3/tutorial/index.html,575,864,48,59.35294117647059
/zh-cn/3.13/,218,300,33,39.62555066079295
/zh-cn/3/tutorial/interpreter.html,216,280,59,119.21854304635761
/zh-cn/3.13/tutorial/index.html,215,288,54,59.64971751412429
/zh-cn/3/tutorial/appetite.html,183,209,62,79.69736842105263
/zh-cn/3/library/index.html,159,238,56,85.37593984962406
/zh-cn/3/tutorial/,151,243,49,104.0
/zh-cn/3/tutorial/controlflow.html,111,147,84,181.16949152542372
/zh-cn/3.13/library/index.html,107,176,27,61.60629921259842
/zh-cn/3/tutorial/introduction.html,107,139,82,273.0857142857143
/zh-cn/3/glossary.html,99,111,84,134.04761904761904
/zh-cn/3.13/tutorial/interpreter.html,89,110,74,139.39285714285714
/zh-cn/3/reference/index.html,87,139,51,60.21111111111111
/zh-cn/3.13/tutorial/controlflow.html,75,91,78,215.03030303030303
/zh-cn/3/library/functions.html,73,96,62,149.16666666666666
/zh-cn/3.13/tutorial/appetite.html,72,84,46,81.57142857142857
/zh-cn/3.13/tutorial/introduction.html,71,93,76,234.60526315789474
/zh-cn/3/using/index.html,64,77,48,48.82142857142857
/zh-cn/3/search.html,63,118,33,38.4078947368421
/zh-cn/3.13/index.html,60,77,58,40.981818181818184
/zh-cn/3.13/library/functions.html,60,95,54,176.74358974358975
/zh-cn/3/library/turtle.html,60,76,77,492.61538461538464
/zh-cn/3/using/windows.html,57,62,73,303.8333333333333
/zh-cn/3.13/whatsnew/3.13.html,53,60,59,72.03448275862068
/zh-cn/3.13/tutorial/,52,71,77,101.5625
/zh-cn/3.13/glossary.html,51,66,62,182.3548387096774
/zh-cn/3/index.html,51,79,46,49.69230769230769
/zh-cn/3.13/library/stdtypes.html,50,71,62,237.03333333333333
/zh-cn/3/library/stdtypes.html,50,73,70,85.20833333333333
/zh-cn/3.13/using/index.html,49,52,46,10.621621621621621
/zh-cn/3.13/search.html,46,93,33,53.94827586206897
/zh-cn/3.13/reference/index.html,45,59,40,29.11111111111111
/zh-cn/3/installing/index.html,44,51,88,102.66666666666667
/zh-cn/3/whatsnew/3.13.html,42,48,83,103.15384615384616
/zh-cn/3.13/download.html,40,52,67,277.0
/zh-cn/3.12/tutorial/index.html,39,52,31,87.11111111111111
/zh-cn/3/contents.html,39,47,80,38.34782608695652
/zh-cn/3/library/math.html,39,45,89,396.3333333333333
/zh-cn/3/download.html,38,42,69,82.66666666666667
/zh-cn/3.12/,36,49,38,14.23076923076923
/zh-cn/3.13/installing/index.html,36,39,100,60.1875
/zh-cn/3.13/library/venv.html,35,39,87,242.28571428571428
/zh-cn/3/tutorial/datastructures.html,35,45,46,195.4
/zh-cn/3.13/using/windows.html,34,42,0,463.27272727272725
/zh-cn/3.13/contents.html,33,40,50,36.42424242424242
/zh-cn/3.13/tutorial/classes.html,29,38,50,223.9375
/zh-cn/3/library/venv.html,29,30,93,19.5
/zh-cn/3/tutorial/inputoutput.html,28,30,77,236.1818181818182
/zh-cn/3.13/tutorial/datastructures.html,27,41,54,348.8125
/zh-cn/3.13/using/android.html,26,33,70,178.75
/zh-cn/3.12/using/index.html,25,29,43,28.294117647058822
/zh-cn/3/howto/index.html,25,34,50,92.34615384615384
/zh-cn/3/library/,25,38,79,278.2857142857143
/zh-cn/3/tutorial/classes.html,25,45,77,220.64705882352942
/zh-cn/3/reference/datamodel.html,24,30,80,292.1666666666667
/zh-cn/3/tutorial/modules.html,24,28,50,189.27777777777777
/zh-cn/3.13/library/tkinter.html,23,27,88,710.2
/zh-cn/3.13/reference/datamodel.html,23,28,45,210.52941176470588
/zh-cn/3.13/using/mac.html,23,24,88,158.0
/zh-cn/3/reference/lexical_analysis.html,23,32,80,61.36363636363637
/zh-cn/dev/using/mac.html,23,24,95,551.0
/zh-cn/3.13/using/cmdline.html,22,23,100,110.5
/zh-cn/3.14/,22,25,60,9.894736842105264
/zh-cn/3/library/tkinter.html,22,31,75,366.25
/zh-cn/3/library/typing.html,22,25,81,109.83333333333333
/zh-cn/3/using/cmdline.html,21,25,50,171.11111111111111
/zh-cn/3/library/os.html,20,29,73,428.7
/zh-cn/3.12/library/index.html,19,31,62,44.23809523809524
/zh-cn/3.13/reference/lexical_analysis.html,19,26,40,160.0
/zh-cn/3/reference/expressions.html,19,30,43,195.6875
/zh-cn/3.13/py-modindex.html,18,28,60,76.42105263157895
/zh-cn/3.13/tutorial/modules.html,18,25,57,191.6153846153846
/zh-cn/3/reference/introduction.html,18,22,33,40.42857142857143
/zh-cn/3.12/download.html,17,20,83,257.6
/zh-cn/3.12/tutorial/controlflow.html,17,29,20,499.61538461538464
/zh-cn/3.13/howto/index.html,17,20,100,42.705882352941174
/zh-cn/3.14/tutorial/index.html,17,25,38,50.8235294117647
/zh-cn/3.13/library/turtle.html,16,18,78,186.66666666666666
/zh-cn/3/library/tk.html,16,28,31,320.625
/zh-cn/3/tutorial/errors.html,16,17,60,187.16666666666666
/zh-cn/3.13/tutorial/inputoutput.html,15,16,75,71.875
/zh-cn/3/whatsnew/index.html,15,20,80,48.92857142857143
/zh-cn/3.12/using/windows.html,14,15,100,1748.0
/zh-cn/3.13/library/intro.html,14,16,0,37.61538461538461
/zh-cn/3.13/using/ios.html,14,14,92,916.0
/zh-cn/3/py-modindex.html,14,16,50,21.1
/zh-cn/3/reference/compound_stmts.html,14,20,50,151.5
/zh-cn/3/tutorial/stdlib.html,14,19,67,98.11111111111111
/zh-cn/3.12/index.html,13,19,0,31.733333333333334
/zh-cn/3.12/tutorial/introduction.html,13,16,50,46.22222222222222
/zh-cn/3.13/library/re.html,13,18,91,742.0
/zh-cn/3.13/library/string.html,13,15,40,157.0
/zh-cn/3.13/library/tk.html,13,19,25,125.15384615384616
/zh-cn/3.13/library/typing.html,13,14,88,339.0
/zh-cn/3.13/reference/introduction.html,13,15,0,229.0909090909091
/zh-cn/3/library/multiprocessing.html,13,15,83,80.33333333333333
/zh-cn/3/library/re.html,13,24,50,274.8888888888889
/zh-cn/3.12/library/functions.html,12,19,71,39.75
/zh-cn/3.12/tutorial/classes.html,12,12,60,142.0
