name,unique_exits,total_exits,exit_rate
/pl/3/tutorial/index.html,26,27,
/pl/3/tutorial/datastructures.html,11,12,
/pl/3.13/tutorial/index.html,7,7,
/pl/3.13/tutorial/controlflow.html,5,5,
/pl/3/tutorial/controlflow.html,5,5,
/pl/dev/tutorial/classes.html,5,6,
/pl/3.13/library/functions.html,4,5,
/pl/3.13/search.html,4,4,
/pl/3.13/tutorial/introduction.html,4,4,
/pl/3/,4,4,
/pl/3.12/tutorial/datastructures.html,3,3,
/pl/3.14/c-api/cell.html,3,3,
/pl/3/installing/index.html,3,3,
/pl/3/search.html,3,4,
/pl/3/tutorial/interpreter.html,3,3,
/pl/dev/library/functions.html,3,3,
/3/download.html,2,2,
/3/extending/extending.html,2,2,
/3/library/venv.html,2,2,
/3/tutorial/,2,2,
/pl/3.12/tutorial/interpreter.html,2,2,
/pl/3.13/,2,2,
/pl/3.13/library/selectors.html,2,4,
/pl/3.13/tutorial/,2,2,
/pl/3.13/tutorial/datastructures.html,2,2,
/pl/3/library/array.html,2,2,
/pl/3/tutorial/appetite.html,2,3,
/pl/3/tutorial/introduction.html,2,2,
/pl/3/tutorial/modules.html,2,2,
/pl/dev/library/turtle.html,2,2,
/pl/dev/whatsnew/3.14.html,2,2,
/3.12/download.html,1,1,
/3.12/tutorial/index.html,1,1,
/3.13/library/idle.html,1,1,
/3.13/library/turtle.html,1,1,
/3.13/library/zipfile.html,1,1,
/3.13/tutorial/,1,1,
/3.13/tutorial/index.html,1,1,
/3.13/using/windows.html,1,1,
/3.15/,1,1,
/3.15/tutorial/index.html,1,1,
/3.15/using/cmdline.html,1,1,
/3/,1,1,
/3/library/functions.html,1,1,
/3/library/os.html,1,1,
/3/library/selectors.html,1,1,
/3/library/stdtypes.html,1,1,
/3/library/string.html,1,1,
/3/library/sys.html,1,1,
/3/library/turtle.html,1,1,
/3/library/unittest.html,1,1,
/3/py-modindex.html,1,1,
/3/tutorial/venv.html,1,1,
/ja/3.13/library/turtle.html,1,1,
/pl/3.12/tutorial/controlflow.html,1,1,
/pl/3.12/tutorial/index.html,1,1,
/pl/3.12/tutorial/introduction.html,1,1,
/pl/3.12/whatsnew/3.7.html,1,1,
/pl/3.13/index.html,1,1,
/pl/3.13/library/__main__.html,1,1,
/pl/3.13/library/index.html,1,1,
/pl/3.13/library/os.html,1,1,
/pl/3.13/library/pathlib.html,1,1,
/pl/3.13/library/sys.html,1,1,
/pl/3.13/library/turtle.html,1,1,
/pl/3.13/library/zipfile.html,1,1,
/pl/3.13/reference/compound_stmts.html,1,1,
/pl/3.13/tutorial/appetite.html,1,1,
/pl/3.13/tutorial/interactive.html,1,1,
/pl/3.13/tutorial/interpreter.html,1,1,
/pl/3.13/tutorial/modules.html,1,1,
/pl/3.13/whatsnew/3.13.html,1,1,
/pl/3/extending/extending.html,1,1,
/pl/3/library/string.html,1,1,
/pl/3/reference/index.html,1,1,
/pl/3/reference/introduction.html,1,1,
/pl/3/tutorial/inputoutput.html,1,1,
/pl/3/tutorial/venv.html,1,1,
/pl/dev/howto/annotations.html,1,1,
/pl/dev/library/decimal.html,1,1,
/pl/dev/reference/datamodel.html,1,1,
/pl/dev/tutorial/appetite.html,1,1,
/pl/dev/tutorial/datastructures.html,1,2,
/pl/dev/tutorial/errors.html,1,1,
/pl/dev/tutorial/inputoutput.html,1,1,
/pt-br/3.13/glossary.html,1,1,
/pt-br/3.13/library/threading.html,1,1,
/pt-br/3.13/library/tkinter.html,1,1,
/uk/3/library/turtle.html,1,1,
/uk/3/search.html,1,1,
/zh-cn/3.13/download.html,1,1,
/zh-cn/3/download.html,1,1,
/zh-tw/3.13/search.html,1,1,
