property,value,visitors,events,percentage
url,(none),10513,18470,99.8
url,https://www.python.org/,135,152,1.3
url,https://www.python.org/downloads/,67,70,0.6
url,https://docs.python.org/zh-cn/3/archives/python-3.14-docs-html.zip,13,15,0.1
url,https://docs.python.org/zh-cn/3.14/archives/python-3.14-docs-html.zip,12,12,0.1
url,https://docs.python.org/zh-cn/3/archives/python-3.14-docs-text.zip,11,15,0.1
url,https://apps.microsoft.com/detail/9NQ7512CXL7T,10,10,0.1
url,https://devguide.python.org/documentation/start-documenting/#building-the-documentation,9,10,0.1
url,https://docs.python.org/zh-cn/3/archives/python-3.14-docs.epub,9,10,0.1
url,https://docs.python.org/zh-cn/3.14/archives/python-3.14-docs-text.zip,8,9,0.1
url,https://www.python.org/downloads/macos/,8,8,0.1
url,https://docs.python.org/zh-cn/3.14/archives/python-3.14-docs.epub,7,7,0.1
url,https://packaging.python.org/,6,6,0.1
url,https://pypi.org/,6,6,0.1
url,https://tkdocs.com/,6,6,0.1
url,https://www.python.org/doc/versions/,6,7,0.1
url,https://www.tkdocs.com/shipman/,5,5,0.0
url,https://packaging.python.org/en/latest/tutorials/installing-packages/#ensure-pip-setuptools-and-wheel-are-up-to-date,4,4,0.0
url,https://packaging.python.org/installing/,4,5,0.0
url,https://packaging.python.org/installing/#creating-virtual-environments,4,4,0.0
url,https://wiki.python.org/moin/PythonBooks,4,5,0.0
url,https://briefcase.readthedocs.io/,3,3,0.0
url,https://docs.python.org/zh-cn/3.13/archives/python-3.13-docs-html.zip,3,3,0.0
url,https://docs.python.org/zh-cn/3.14/archives/python-3.14-docs-texinfo.zip,3,3,0.0
url,https://github.com/python/cpython/tree/3.14/Lib/string/__init__.py,3,4,0.0
url,https://www.sphinx-doc.org/,3,4,0.0
url,https://www.tcl.tk/man/tcl8.6/TkCmd/contents.htm,3,3,0.0
url,https://discuss.python.org/t/84319/123,2,2,0.0
url,https://docs.python.org/zh-cn/3.13/archives/python-3.13-docs.epub,2,2,0.0
url,https://docs.python.org/zh-cn/3.15/archives/python-3.15-docs-text.zip,2,2,0.0
url,https://docs.python.org/zh-cn/3.15/archives/python-3.15-docs.epub,2,2,0.0
url,https://docs.python.org/zh-cn/3/archives/python-3.14-docs-texinfo.zip,2,2,0.0
url,https://docs.python.org/zh-cn/3/archives/python-3.14-docs-text.tar.bz2,2,2,0.0
url,https://emscripten.org/,2,2,0.0
url,https://en.wikipedia.org/wiki/Fibonacci_sequence,2,2,0.0
url,https://github.com/python/cpython/blob/main/Doc/library/exceptions.rst?plain=1,2,2,0.0
url,https://github.com/python/cpython/blob/main/Doc/tutorial/index.rst?plain=1,2,2,0.0
url,https://github.com/python/cpython/issues/143262,2,2,0.0
url,https://github.com/python/cpython/tree/3.13/Lib/tkinter/ttk.py,2,2,0.0
url,https://manpages.debian.org/options(3),2,2,0.0
url,https://opensource.org/,2,2,0.0
url,https://packaging.python.org/extensions/,2,2,0.0
url,https://packaging.python.org/installing/#requirements-for-installing-packages,2,3,0.0
url,https://peps.python.org/pep-0001/,2,2,0.0
url,https://peps.python.org/pep-0008/,2,2,0.0
url,https://peps.python.org/pep-0634/,2,2,0.0
url,https://termux.dev/en/,2,2,0.0
url,https://tktable.sourceforge.net/tile/doc/converting.txt,2,2,0.0
url,https://webassembly.org/,2,2,0.0
url,https://www.debian.org/doc/manuals/maint-guide/first.en.html,2,2,0.0
url,https://beeware.org/,1,1,0.0
url,https://brew.sh/,1,1,0.0
url,https://chaquo.com/chaquopy,1,1,0.0
url,https://cibuildwheel.pypa.io/en/stable/platforms/#android,1,1,0.0
url,https://core.tcl.tk/tips/doc/trunk/tip/48.md,1,1,0.0
url,https://cython.org/,1,1,0.0
url,https://devguide.python.org/,1,1,0.0
url,https://discuss.python.org/t/33555,1,1,0.0
url,https://discuss.python.org/t/37075,1,2,0.0
url,https://docs.python.org/zh-cn/3.13/archives/python-3.13-docs-pdf-a4.zip,1,1,0.0
url,https://docs.python.org/zh-cn/3.13/archives/python-3.13-docs-text.zip,1,1,0.0
url,https://docs.python.org/zh-cn/3.14/archives/python-3.14-docs-html.tar.bz2,1,1,0.0
url,https://docs.python.org/zh-cn/3.15/archives/python-3.15-docs-html.zip,1,1,0.0
url,https://docs.python.org/zh-cn/3/archives/python-3.14-docs-html.tar.bz2,1,1,0.0
url,https://en.opensuse.org/Portal:Packaging,1,1,0.0
url,https://en.wikipedia.org/wiki/Extended_Backus%E2%80%93Naur_form,1,1,0.0
url,https://en.wikipedia.org/wiki/Hyperbolic_functions,1,1,0.0
url,https://en.wikipedia.org/wiki/Parsing_expression_grammar,1,1,0.0
url,https://en.wikipedia.org/wiki/Timsort,1,1,0.0
url,https://en.wikipedia.org/wiki/Turtle_(robot),1,2,0.0
url,https://github.com/python/cpython/blob/main/Doc/library/constants.rst?plain=1,1,1,0.0
url,https://github.com/python/cpython/blob/main/Doc/library/functions.rst?plain=1,1,1,0.0
url,https://github.com/python/cpython/blob/main/Doc/library/idle.rst?plain=1,1,1,0.0
url,https://github.com/python/cpython/blob/main/Doc/library/index.rst?plain=1,1,1,0.0
url,https://github.com/python/cpython/blob/main/Doc/library/math.rst?plain=1,1,1,0.0
url,https://github.com/python/cpython/blob/main/Doc/tutorial/appetite.rst?plain=1,1,1,0.0
url,https://github.com/python/cpython/blob/main/Doc/tutorial/interpreter.rst?plain=1,1,1,0.0
url,https://github.com/python/cpython/issues/119452,1,1,0.0
url,https://github.com/python/cpython/issues/125286,1,1,0.0
url,https://github.com/python/cpython/issues/128036,1,1,0.0
url,https://github.com/python/cpython/tree/3.12/Lib/zipapp.py,1,1,0.0
url,https://github.com/python/cpython/tree/3.13/Android/testbed/app/src/main/c/main_activity.c,1,2,0.0
url,https://github.com/python/cpython/tree/3.13/Lib/multiprocessing/shared_memory.py,1,1,0.0
url,https://github.com/python/cpython/tree/3.14/Lib/argparse.py,1,1,0.0
url,https://github.com/python/cpython/tree/3.14/Lib/collections/__init__.py,1,1,0.0
url,https://github.com/python/cpython/tree/3.14/Lib/idlelib,1,1,0.0
url,https://github.com/python/cpython/tree/3.14/Lib/idlelib/,1,2,0.0
url,https://github.com/python/cpython/tree/3.14/Lib/tkinter/colorchooser.py,1,2,0.0
url,https://github.com/python/cpython/tree/3.14/Lib/tkinter/filedialog.py,1,1,0.0
url,https://github.com/python/cpython/tree/3.14/Lib/token.py,1,1,0.0
url,https://github.com/python/cpython/tree/3.14/Lib/traceback.py,1,1,0.0
url,https://github.com/python/cpython/tree/3.14/Lib/turtle.py,1,1,0.0
url,https://github.com/python/cpython/tree/3.14/Lib/zipfile/,1,1,0.0
url,https://github.com/python/cpython/tree/3.14/Lib/zoneinfo,1,1,0.0
url,https://learn.microsoft.com/windows-server/administration/windows-commands/set_1,1,1,0.0
url,https://manpages.debian.org/bind(3tk)%20%E7%9A%84%E6%89%8B%E5%86%8C%E9%A1%B5%E5%92%8C%20John%20Outsterhout%20%E7%9A%84%E4%B9%A6%EF%BC%8C:title-reference:%60Tcl%20and%20the%20Tk%20Toolkit%20(2nd%20edition),1,1,0.0
url,https://mypy.readthedocs.io/en/stable/cheat_sheet_py3.html,1,1,0.0
url,https://packaging.python.org/en/latest/tutorials/packaging-projects/,1,1,0.0
url,https://packaging.python.org/guides/installing-using-pip-and-virtual-environments/#create-and-use-virtual-environments,1,1,0.0
url,https://packaging.python.org/science/,1,1,0.0
url,https://peps.python.org/,1,1,0.0
url,https://peps.python.org/pep-0324/,1,1,0.0
url,https://peps.python.org/pep-0343/,1,1,0.0
url,https://peps.python.org/pep-0461/,1,1,0.0
url,https://peps.python.org/pep-0484/,1,1,0.0
url,https://peps.python.org/pep-0488/,1,1,0.0
url,https://peps.python.org/pep-0526/,1,1,0.0
url,https://peps.python.org/pep-0529/,1,1,0.0
url,https://peps.python.org/pep-0572/,1,1,0.0
url,https://peps.python.org/pep-0636/,1,1,0.0
url,https://peps.python.org/pep-0649/,1,1,0.0
url,https://peps.python.org/pep-0683/,1,1,0.0
url,https://peps.python.org/pep-0686/,1,1,0.0
url,https://peps.python.org/pep-0688/#current-options,1,2,0.0
url,https://peps.python.org/pep-0695/,1,1,0.0
url,https://peps.python.org/pep-0744/,1,1,0.0
url,https://peps.python.org/pep-0745/,1,1,0.0
url,https://peps.python.org/pep-3107/,1,1,0.0
url,https://peps.python.org/pep-3141/,1,1,0.0
url,https://pyinstaller.org/,1,1,0.0
url,https://pyodide.org/,1,1,0.0
url,https://pypi.org/project/UniCurses/,1,1,0.0
url,https://pypi.org/project/regex/,1,1,0.0
url,https://pypi.org/project/tomlkit/,1,1,0.0
url,https://pythonnet.github.io/,1,1,0.0
url,https://requests.readthedocs.io/en/master/,1,1,0.0
url,https://scipy.org/,1,1,0.0
url,https://speleotrove.com/decimal/damodel.html#refnumber,1,1,0.0
url,https://sqlite.org/,1,1,0.0
url,https://support.apple.com/en-us/102445,1,1,0.0
url,https://wiki.python.org/moin/BeginnersGuide,1,1,0.0
url,https://www.anaconda.com/download/,1,1,0.0
url,https://www.python.org/psf/,1,1,0.0
url,https://www.sqlite.org/flextypegood.html,1,1,0.0
url,https://www.sqlite.org/schematab.html,1,1,0.0
url,https://www.tcl.tk/,1,1,0.0
url,https://www.tcl.tk/man/tcl8.6/TkCmd/grid.htm,1,1,0.0
url,https://www.w3schools.com/sql/,1,1,0.0
