name,version,visitors
Chrome,133.0,10107
Microsoft Edge,134.0,4377
Chrome,134.0,4071
Microsoft Edge,133.0,1843
Firefox,136.0,1218
Safari,18.3,671
Opera,117.0,604
Chrome,132.0,500
Chrome,131.0,358
Firefox,135.0,334
Chrome,122.0,327
Opera,116.0,320
Mobile App,133.0,287
Yandex Browser,25.2,217
Microsoft Edge,132.0,207
Firefox,128.0,194
Mobile App,(not set),192
Smart Lenovo Browser,9.0,157
Chrome,109.0,155
Microsoft Edge,131.0,141
Safari,17.6,92
Chrome,128.0,87
Chrome,130.0,72
Chrome,126.0,67
Safari,18.1,63
Chrome,129.0,54
Microsoft Edge,130.0,50
Chrome,121.0,49
Quark,(not set),48
Chrome,127.0,46
Mobile App,134.0,43
Samsung Browser,27.0,43
Firefox,134.0,40
Avast Secure Browser,131.0,39
Safari,18.0,39
Firefox,115.0,38
Chrome,124.0,37
Chrome,114.0,36
Chrome,125.0,36
Chrome,120.0,35
Safari,16.6,35
Safari,17.5,35
Microsoft Edge,92.0,34
Whale Browser,4.30,32
Chrome,86.0,32
Safari,18.2,31
QQ Browser,13.6,30
Microsoft Edge,122.0,29
Microsoft Edge,128.0,29
Chrome,116.0,27
Safari,15.6,25
Microsoft Edge,127.0,24
Firefox,133.0,24
Chrome,123.0,21
Sogou Explorer,2,20
Chrome,119.0,19
Microsoft Edge,129.0,18
Safari,17.2,18
Microsoft Edge,18.18362,18
Chrome,108.0,17
Microsoft Edge,126.0,17
Chrome,117.0,16
Chrome,135.0,16
Safari,18.4,16
Microsoft Edge,125.0,15
Firefox,137.0,15
Chrome,118.0,14
Huawei Browser,12.1,14
Chrome,136.0,14
Chrome,112.0,13
AVG Secure Browser,131.0,13
Avast Secure Browser,132.0,13
Safari,17.4,13
Opera,87.0,13
Mobile App,97.0,13
Microsoft Edge,124.0,12
Firefox,127.0,12
MIUI Browser,19.1,12
Safari,(not set),11
Microsoft Edge,100.0,11
Microsoft Edge,119.0,11
Microsoft Edge,120.0,11
Microsoft Edge,121.0,11
Firefox,129.0,11
Huawei Browser Mobile,16.0,11
Safari,17.3,11
Firefox,131.0,10
Microsoft Edge,117.0,9
Firefox,125.0,9
Firefox,130.0,9
Safari,16.3,9
Safari,17.1,9
QQ Browser,6.2,9
360 Secure Browser,(not set),8
Firefox,132.0,8
UC Browser,17.4,8
Quark,7.8,8
Chrome,101.0,7
Microsoft Edge,112.0,7
Microsoft Edge,16.16299,7
Safari,16.5,7
Safari,17.0,7
Opera,88.0,7
Firefox,102.0,6
Chrome,105.0,6
Microsoft Edge,109.0,6
Microsoft Edge,114.0,6
Microsoft Edge,118.0,6
CCleaner,131.0,6
Microsoft Edge,14.14393,6
Safari,16.1,6
Safari,17.10,6
Yandex Browser,24.12,6
Microsoft Edge,89.0,6
Chrome,94.0,6
(not set),(not set),5
Chrome,106.0,5
Chrome,111.0,5
Microsoft Edge,113.0,5
Mobile App,114.0,5
Chrome,115.0,5
Safari,12.1,5
Microsoft Edge,123.0,5
QQ Browser,13.4,5
AVG Secure Browser,132.0,5
Safari,16.0,5
Microsoft Edge,18.17763,5
Microsoft Edge,18.18363,5
Chrome,70.0,5
Mobile App,83.0,5
Chrome,99.0,5
Mobile App,109.0,4
Chrome,110.0,4
Firefox,111.0,4
Opera,113.0,4
Firefox,113.0,4
Microsoft Edge,115.0,4
QQ Browser,13.5,4
Mobile App,130.0,4
Norton Private Browser,132.0,4
Safari,14.1,4
Microsoft Edge,17.17134,4
Safari,17.7,4
Safari,17.8,4
vivo Browser,23.6,4
Microsoft Edge,90.0,4
Chrome,93.0,4
Opera,95.0,4
Chrome,96.0,4
Chrome,100.0,3
Chrome,104.0,3
Microsoft Edge,107.0,3
Microsoft Edge,110.0,3
Opera,114.0,3
Microsoft Edge,116.0,3
Firefox,126.0,3
Safari,13.1,3
CCleaner,132.0,3
Chrome,134,3
Microsoft Edge,135.0,3
Safari,15.1,3
Safari,16.4,3
Microsoft Edge,18.19041,3
Yandex Browser,24.10,3
Atom,26.0,3
Chrome,69.0,3
Chrome,83.0,3
Chrome,90.0,3
Chrome,92.0,3
Microsoft Edge,96.0,3
Chrome,97.0,3
Microsoft Edge,101.0,2
Firefox,101.0,2
Microsoft Edge,102.0,2
Chrome,103.0,2
Firefox,103.0,2
Firefox,105.0,2
Opera,105.0,2
Opera,106.0,2
Chrome,107.0,2
Mobile App,111.0,2
Microsoft Edge,111.0,2
Opera,115.0,2
Mobile App,116.0,2
Mobile App,117.0,2
Opera,118.0,2
Firefox,121.0,2
Firefox,123.0,2
Mobile App,126.0,2
QQ Browser,13.7,2
Mobile App,132.0,2
Avira Secure Browser,132.0,2
Huawei Browser Mobile,15.0,2
Microsoft Edge,15.15063,2
Safari,15.3,2
MIUI Browser,18.8,2
MIUI Browser,19.0,2
vivo Browser,23.1,2
Yandex Browser,23.7,2
Whale Browser,4.29,2
Chrome,60.0,2
Chrome,63.0,2
Quark,7.5,2
Chrome,74.0,2
Chrome,80.0,2
Chrome,85.0,2
Firefox,88.0,2
Chrome,88.0,2
Chrome,89.0,2
Firefox,91.0,2
Firefox,93.0,2
Chrome,95.0,2
Microsoft Edge,98.0,2
Chrome,98.0,2
Mobile App,99.0,2
Chromium,(not set),1
Firefox,100.0,1
Chrome,102.0,1
Mobile App,103.0,1
Microsoft Edge,104.0,1
Firefox,104.0,1
Microsoft Edge,105.0,1
Microsoft Edge,106.0,1
Firefox,108.0,1
Avast Secure Browser,109.0,1
Huawei Browser Mobile,11.0,1
Safari,11.1,1
Huawei Browser Mobile,11.1,1
QQ Browser,11.5,1
Chrome,113.0,1
Firefox,115.5,1
Firefox,116.0,1
Firefox,117.0,1
Firefox,118.0,1
MIUI Browser,12.13,1
AVG Secure Browser,120.0,1
Mobile App,120.0,1
Firefox,122.0,1
Firefox,124.0,1
Firefox,128.5,1
Ecosia,129.0,1
Mobile App,129.0,1
Firefox,129.1,1
QQ Browser,13.0,1
QQ Browser,13.2,1
QQ Browser,13.3,1
UC Browser,13.9,1
Iron,131.0,1
Norton Private Browser,131.0,1
Firefox,135.2,1
Mobile App,136.0,1
Microsoft Edge,136.0,1
Safari,14.0,1
Samsung Browser,14.0,1
MIUI Browser,14.10,1
MIUI Browser,14.28,1
MIUI Browser,14.30,1
MIUI Browser,14.7,1
Safari,15.4,1
Safari,15.5,1
Safari,16.2,1
UC Browser,17.3,1
Phoenix Browser,17.8,1
MIUI Browser,18.5,1
Samsung Browser,19.0,1
Hi Browser,2.23,1
Hi Browser,2.24,1
Opera GX,2.7,1
Samsung Browser,22.0,1
Yandex Browser,22.11,1
vivo Browser,22.9,1
vivo Browser,23.3,1
vivo Browser,23.4,1
vivo Browser,23.5,1
Yandex Browser,24.105,1
Yandex Browser,24.4,1
Yandex Browser,25.24,1
Whale Browser,3.28,1
AdBlock Browser,3.3,1
Whale Browser,3.7,1
AdBlock Browser,3.7,1
Pale Moon,32.5,1
Pale Moon,33.6,1
vivo Browser,4.4,1
Sleipnir,4.8,1
Chrome,49.0,1
Opera,49.0,1
Huawei Browser Mobile,5.1,1
Chrome,55.0,1
Waterfox,56.3,1
UBrowser,6.2,1
QtWebEngine,6.8,1
Chrome,65.0,1
Chrome,66.0,1
Chrome,67.0,1
Firefox,68.0,1
Nokia Browser,7.3,1
Chrome,72.0,1
Firefox,74.0,1
Firefox,77.0,1
