name,visitors
Tokyo,1564
Seoul,589
São Paulo,504
Île-de-France,479
Taipei,454
Guangdong,411
Kanagawa,339
Gyeonggi,332
California,290
Osaka,282
Madrid Autonomous Community,273
England,270
Kyiv,256
New Taipei,240
Maharashtra,237
Ciudad de Mexico,230
Telangāna,228
Shanghai,226
Beijing,220
Capital District,217
Karnataka,200
Santiago Metropolitan,196
Auvergne-Rhône-Alpes,177
Catalonia,175
Washington,175
Tamil Nadu,158
Rio de Janeiro,156
Aichi,155
Antioquia,144
Chiba,144
Texas,144
Taichung,143
Buenos Aires Province,142
Jiangsu,133
Zhejiang,132
Minas Gerais,126
Saitama,125
Dnipropetrovshchyna,125
Delhi,119
Virginia,118
Ontario,117
Taoyuan,117
Lvivshchyna,116
Hubei,112
Sichuan,111
Hanoi,106
Florida,103
Andalusia,102
Paraná,101
Kaohsiung,96
Shandong,95
Provence-Alpes-Côte-d'Azur,94
Lima,91
Ho Chi Minh City,91
Moscow,89
Rio Grande do Sul,88
Gujarat,87
Hyogo,86
Lombardy,85
Jalisco,80
Hsinchu County,80
Hauts-de-France,79
New York,77
Nuevo León,76
Occitanie,75
New South Wales,74
Mexico State,74
Punjab,72
Valencian Community,71
Bahia,70
Nairobi County,70
Istanbul,70
Uttar Pradesh,68
Bavaria,66
Kerala,66
Tashkent,65
Gauteng,65
Pernambuco,64
Ceará,63
North Rhine-Westphalia,62
Federal District,61
New Jersey,61
Greater Accra,60
Jakarta,60
Hokkaido,59
Mazovia,59
Tainan,59
Hesse,58
Busan,57
Incheon,57
Santa Catarina,56
Shaanxi,56
Odeshchyna,56
Quebec,55
Henan,54
Galicia,54
Fukuoka,54
Grand-Est,52
North Holland,52
Daejeon,51
Metro Manila,51
Lisbon,50
Cairo,49
Tochigi,48
Vinnychchyna,48
Querétaro,47
Massachusetts,47
Kuala Lumpur,46
Illinois,46
Victoria,45
Baden-Württemberg,45
Nouvelle-Aquitaine,45
Guatemala,45
Poltavshchyna,45
Georgia,45
Kharkivshchyna,44
West Bengal,43
Michigan,43
Pennsylvania,43
Buenos Aires,42
Brussels,42
Hunan,42
Castile and León,42
Okinawa,42
Lagos,42
North Carolina,42
Colorado,41
Valle del Cauca,39
San José,39
Meknès-Tafilalet,39
Brittany,38
Daegu,38
North Gyeongsang,38
Saint Petersburg,38
Riyadh,38
Fujian,37
Pichincha,37
Pays-de-la-Loire,37
Lazio,37
Goiás,36
Kwai Tsing New Territories,36
Dhaka Division,35
North Chungcheong,35
Bangkok,35
Leinster,34
Selangor,34
Sindh,34
Maryland,34
Queensland,33
Basque Country,33
Kyoto,33
Hiroshima,33
Dakar,33
Western Cape,33
Amazonas,32
Ibaraki,32
Puebla,32
Tianjin,31
Madhya Pradesh,31
Western,31
Prykarpattia,31
Kyivshchyna,31
Zürich,30
Hebei,30
Berlin,30
West Java,30
Baku,29
La Paz,29
Chongqing,29
Attica,29
Tel Aviv,29
Andhra Pradesh,29
Shizuoka,29
Wallonia,28
Espírito Santo,28
British Columbia,28
Guizhou,28
Santander,28
Emilia-Romagna,28
Ankara,28
Arizona,28
Flanders,27
Paraíba,27
Canary Islands,27
Normandie,27
Baja California,27
Anhui,26
Burgundy-Franche-Comté,26
Veracruz,26
Cherkashchyna,26
Ohio,26
Capital,26
Córdoba,25
Vienna,25
Alberta,25
Kowloon City Kowloon,25
Gunma,25
Shiga,25
South Chungcheong,25
Federal Capital Territory,25
Luanda,24
Prague,24
Guanajuato,24
Yucatán,24
South Holland,24
Hsinchu,24
Volyn,24
Pará,23
Lower Saxony,23
Centre-Val de Loire,23
Budapest,23
Punjab,23
Rajasthan,23
Niigata,23
Hidalgo,23
Sonora,23
Calabarzon,23
Silesia,23
Chernivtsi Oblast,23
Risaralda,22
Saxony,22
Guayas,22
Castile-La Mancha,22
South Gyeongsang,22
Porto,22
Stockholm,22
San Salvador,22
Yunlin,22
Zaporizhzhya,22
Utah,22
Dubai,21
Maranhão,21
Distrito Nacional,21
Uusimaa,21
Bihar,21
Haryana,21
Guerrero,21
Managua,21
Muscat,21
Panamá,21
Lower Silesia,21
Lesser Poland,21
Tunis,21
Tennessee,21
Santa Fe,20
Alagoas,20
Valparaíso,20
Liaoning,20
Chihuahua,20
Asunción,20
Bucharest,20
Missouri,20
Oklahoma,20
Oregon,20
Rio Grande do Norte,19
Aragon,19
Quintana Roo,19
Kirovohradschyna,19
Yunnan,18
Havana,18
Murcia Region,18
Tsuen Wan New Territories,18
East Java,18
Assam,18
Michoacán,18
Rivnenshchyna,18
Khmelnychchyna,18
Minnesota,18
Wisconsin,18
Mato Grosso,17
Atlántico,17
Amman,17
Nagano,17
Astana,17
Almaty City,17
Makkah,17
Ternopilshchyna,17
Abu Dhabi,16
South Australia,16
Sofia,16
Cochabamba,16
Santa Cruz,16
Abidjan,16
Scotland,16
Hormozgan,16
Campania,16
Ishikawa,16
Gifu,16
Kochi,16
Ulsan,16
Sejong,16
Province 3,16
Auckland,16
Lima Region,16
Miaoli,16
Dar es Salaam,16
Connecticut,16
Indiana,16
Aragua,16
Jiangxi,15
