name,visitors,bounce_rate,visit_duration
Direct / None,216,62,444
Google,208,78,234
Bing,46,73,380
python.org,12,0,759
servicedesk,6,83,6
chatgpt.com,4,100,42
Yahoo!,3,100,0
Yandex,3,0,115
Baidu,2,0,9
Brave,1,100,0
DuckDuckGo,1,0,910
Ecosia,1,0,2997
Wikipedia,1,0,568
eportal.pwr.edu.pl,1,0,14
forum.pasja-informatyki.pl,1,0,16
ftims.edu.p.lodz.pl,1,0,1477
moodle2025.pcz.pl,1,100,0
pl.python.org,1,0,19
python-docs-translations.github.io,1,0,48
roadmap.sh,1,0,3
upel.agh.edu.pl,1,0,56
