name,unique_entrances,total_entrances,visit_duration
/ja/dev/library/mmap.html,866,866,8
/ja/3.13/tutorial/index.html,254,279,506
/ja/3/,241,254,210
/ja/3/library/codecs.html,238,239,45
/ja/3/library/index.html,198,216,174
/ja/3.13/library/functions.html,194,197,214
/ja/3/tutorial/,153,161,407
/ja/3.13/library/datetime.html,147,149,46
/ja/3.13/library/re.html,140,146,81
/ja/3/library/stdtypes.html,139,150,100
/ja/3/library/functions.html,134,135,152
/ja/3.13/installing/index.html,121,121,79
/ja/3/tutorial/index.html,113,117,339
/ja/3.13/library/index.html,112,115,96
/ja/3.13/library/stdtypes.html,110,112,192
/ja/3.13/library/subprocess.html,110,117,136
/3/,103,107,547
/ja/3.13/library/random.html,97,98,87
/ja/3.13/library/pathlib.html,80,83,79
/ja/3.13/library/typing.html,79,79,112
/ja/3.13/library/logging.html,76,80,174
/ja/3/library/datetime.html,76,78,68
/ja/3/reference/introduction.html,76,77,9
/ja/3.13/library/json.html,73,75,101
/ja/3/tutorial/datastructures.html,72,73,203
/ja/3.13/library/tkinter.html,69,72,181
/ja/3.13/library/csv.html,68,69,173
/ja/3.13/library/exceptions.html,65,67,32
/ja/3.13/tutorial/errors.html,64,64,263
/ja/3.13/library/os.path.html,60,62,92
/ja/3.13/tutorial/interpreter.html,60,60,302
/ja/3/library/venv.html,60,62,3
/ja/3.13/library/enum.html,56,56,93
/ja/3.13/library/string.html,55,55,182
/ja/3.13/library/urllib.parse.html,55,60,52
/ja/3.13/library/math.html,52,52,63
/ja/3/tutorial/introduction.html,51,54,685
/ja/3.13/tutorial/classes.html,49,49,97
/ja/3.13/tutorial/inputoutput.html,48,51,63
/ja/3/search.html,48,51,187
/ja/3.13/library/argparse.html,46,48,39
/ja/3.13/library/struct.html,45,47,40
/ja/3.13/library/venv.html,45,45,15
/ja/3.13/howto/sorting.html,44,44,9
/ja/3.13/library/os.html,44,44,121
/ja/3.13/library/multiprocessing.html,42,45,134
/ja/3/tutorial/controlflow.html,42,44,584
/ja/3/reference/index.html,41,43,125
/ja/3.13/library/shutil.html,40,43,36
/ja/3.13/library/time.html,40,42,61
/ja/3.13/library/configparser.html,39,39,231
/ja/3.13/library/itertools.html,39,41,52
/ja/3.13/using/windows.html,39,40,26
/ja/3/library/xml.etree.elementtree.html,39,40,214
/ja/3.13/tutorial/controlflow.html,37,38,661
/ja/3.13/library/socket.html,36,37,274
/ja/3.13/reference/index.html,36,39,390
/ja/3.13/library/sqlite3.html,35,35,3
/ja/3.13/tutorial/introduction.html,35,36,719
/ja/3/library/math.html,35,35,108
/ja/dev/tutorial/errors.html,35,36,126
/ja/3.13/library/threading.html,34,35,67
/ja/3/library/random.html,33,36,159
/ja/3.13/howto/logging.html,32,34,256
/ja/3.13/library/unittest.mock.html,32,32,72
/ja/3/index.html,32,33,415
/ja/3/tutorial/interpreter.html,32,33,251
/ja/3.13/search.html,31,34,367
/ja/3.13/library/glob.html,30,30,42
/ja/3.13/tutorial/modules.html,30,32,178
/ja/3.13/library/unittest.html,29,29,40
/ja/3.13/library/urllib.request.html,29,33,239
/ja/3.13/library/logging.handlers.html,28,29,380
/ja/3/library/re.html,28,30,109
/ja/3.13/library/asyncio-task.html,27,30,255
/ja/3.13/library/concurrent.futures.html,27,27,1
/ja/3.13/library/decimal.html,27,27,20
/ja/3.13/library/pickle.html,27,27,8
/ja/3.13/whatsnew/index.html,27,27,23
/ja/3.13/library/tempfile.html,26,26,149
/ja/3/reference/compound_stmts.html,26,27,46
/ja/3.13/library/copy.html,25,27,21
/ja/3.13/library/http.server.html,25,25,105
/ja/3/using/cmdline.html,25,25,65
/ja/3.13/library/collections.html,24,24,74
/ja/3.13/library/ctypes.html,24,24,20
/ja/3.13/library/idle.html,24,24,144
/ja/3.13/library/queue.html,24,25,105
/ja/3.13/tutorial/floatingpoint.html,24,26,6
/ja/3/tutorial/appetite.html,24,25,216
/ja/3/tutorial/classes.html,24,24,250
/ja/3.13/library/__main__.html,23,23,33
/ja/3.13/tutorial/,23,24,219
/ja/3.13/,22,23,807
/ja/3.13/glossary.html,22,22,462
/ja/3.13/library/io.html,22,22,27
/ja/3.13/tutorial/appetite.html,22,23,657
/ja/3.13/library/pprint.html,21,21,0
/ja/3/howto/logging.html,21,25,467
/ja/3/library/exceptions.html,21,21,188
/ja/3/reference/expressions.html,21,21,44
/ja/3/tutorial/modules.html,21,21,43
/ja/3.13/library/ast.html,20,21,192
/ja/3.13/library/codecs.html,20,21,103
/ja/3.13/library/dataclasses.html,20,21,97
/ja/3.13/library/zipfile.html,20,20,73
/ja/3.13/reference/datamodel.html,20,23,18
/ja/3.12/library/codecs.html,19,19,0
/ja/3.13/library/abc.html,19,19,117
/ja/3.13/library/traceback.html,19,19,14
/ja/3/using/windows.html,19,19,44
/ja/3.13/library/sys.html,18,18,209
/ja/3.13/tutorial/datastructures.html,18,18,636
/ja/3/library/os.html,18,18,141
/ja/3.12/,17,22,198
/ja/3.13/index.html,17,18,327
/ja/3.13/library/contextlib.html,17,17,52
/ja/3.13/library/functools.html,17,17,197
/ja/3.13/library/importlib.html,17,18,230
/ja/3.13/library/ipaddress.html,17,19,305
/ja/3.13/library/operator.html,17,17,58
/ja/3/library/pathlib.html,17,18,18
/ja/3/library/tkinter.html,17,17,82
/ja/3/contents.html,16,16,107
/ja/3/library/csv.html,16,16,177
/ja/3/library/shutil.html,16,18,149
/3.13/tutorial/index.html,15,15,261
/ja/3.13/library/asyncio.html,15,15,108
/ja/3.13/library/tkinter.ttk.html,15,15,44
/ja/3.13/library/uuid.html,15,15,6
/ja/3.13/reference/expressions.html,15,15,428
/ja/dev/using/editors.html,15,15,2
/ja/3.13/library/inspect.html,14,14,243
/ja/3.13/library/logging.config.html,14,16,441
/ja/3/howto/logging-cookbook.html,14,16,10
/ja/3/library/multiprocessing.html,14,14,6
/ja/3/library/string.html,14,14,43
/ja/3/tutorial/errors.html,14,16,72
/ja/3.13/library/statistics.html,13,13,47
/ja/3/library/,13,13,49
/ja/3/py-modindex.html,13,13,534
/ja/3.13/library/base64.html,12,12,172
/ja/3.13/library/bisect.html,12,12,40
/ja/3.13/library/difflib.html,12,14,4
/ja/3.13/library/ftplib.html,12,13,118
/ja/3.13/library/heapq.html,12,12,72
/ja/3.13/library/turtle.html,12,12,7
/ja/3.13/reference/import.html,12,12,308
/ja/3.13/tutorial/stdlib.html,12,12,337
/ja/3.13/whatsnew/3.13.html,12,12,26
/ja/3/glossary.html,12,12,544
/ja/3/installing/index.html,12,12,119
/ja/3/library/itertools.html,12,12,163
/ja/3/library/logging.html,12,12,188
/ja/3/library/threading.html,12,12,115
/ja/3/library/typing.html,12,13,17
/ja/3/reference/datamodel.html,12,12,141
/ja/3/whatsnew/3.13.html,12,12,90
/ja/3.13/howto/sockets.html,11,12,0
/ja/3.13/howto/unicode.html,11,11,165
/ja/3.13/library/calendar.html,11,12,104
/ja/3.13/library/signal.html,11,11,151
/ja/3/howto/argparse.html,11,11,146
/ja/3/library/html.parser.html,11,11,475
/ja/3/library/http.client.html,11,12,457
/ja/3/library/secrets.html,11,11,4
/ja/3/library/tk.html,11,12,61
/ja/3/tutorial/inputoutput.html,11,11,18
/ja/3.13/library/asyncio-eventloop.html,10,10,4
/ja/3.13/library/pdb.html,10,10,12
/ja/3.13/library/warnings.html,10,10,28
/ja/3.13/library/wave.html,10,10,0
/ja/3/library/turtle.html,10,10,0
/3.13/,9,9,84
/ja/3.13/c-api/capsule.html,9,9,0
/ja/3.13/howto/regex.html,9,9,13
/ja/3.13/library/gc.html,9,9,42
/ja/3.13/library/profile.html,9,9,185
/ja/3.13/library/smtplib.html,9,9,13
/ja/3.13/library/unicodedata.html,9,9,6
/ja/3.13/using/configure.html,9,9,128
/ja/3/c-api/import.html,9,9,2
/ja/3/extending/embedding.html,9,9,327
/ja/3/library/concurrent.futures.html,9,9,247
/ja/3/library/logging.handlers.html,9,9,47
/ja/3/library/struct.html,9,9,11
/ja/3/library/sys.html,9,9,159
/ja/3/library/urllib.parse.html,9,9,843
/ja/3/library/urllib.request.html,9,9,288
/3.13/tutorial/,8,8,646
/3/library/venv.html,8,8,321
/ja/3.12/library/asyncio-protocol.html,8,8,0
/ja/3.13/contents.html,8,8,606
/ja/3.13/howto/enum.html,8,8,31
/ja/3.13/library/__future__.html,8,8,10
/ja/3.13/library/dialog.html,8,8,24
/ja/3.13/library/platform.html,8,8,0
/ja/3.13/library/ssl.html,8,8,83
/ja/3.13/library/stat.html,8,8,199
/ja/3.13/library/trace.html,8,8,0
/ja/3.13/library/urllib.html,8,8,19
/ja/3/reference/lexical_analysis.html,8,8,162
/3.12/,7,7,222
/3/library/datetime.html,7,7,568
/3/tutorial/inputoutput.html,7,7,691
/ja/3.13/library/asyncio-future.html,7,8,100
/ja/3.13/library/binascii.html,7,7,8
/ja/3.13/library/collections.abc.html,7,7,354
/ja/3.13/library/gzip.html,7,7,444
/ja/3.13/library/modulefinder.html,7,7,179
/ja/3.13/reference/lexical_analysis.html,7,7,1047
/ja/3/c-api/dict.html,7,7,8
/ja/3/faq/programming.html,7,7,0
/ja/3/howto/functional.html,7,7,403
/ja/3/library/argparse.html,7,7,11
/ja/3/library/asyncio.html,7,7,11
/ja/3/library/decimal.html,7,7,5
/ja/3/library/functools.html,7,7,99
/ja/3/library/tkinter.ttk.html,7,8,131
/ja/3/library/zoneinfo.html,7,7,1
/ja/3/whatsnew/index.html,7,7,306
/3/library/typing.html,6,6,770
/3/tutorial/index.html,6,6,778
/ja/3.12/index.html,6,6,34
/ja/3.12/tutorial/index.html,6,6,824
/ja/3.13/howto/logging-cookbook.html,6,6,262
/ja/3.13/library/asyncio-api-index.html,6,6,9
/ja/3.13/library/asyncio-queue.html,6,6,0
/ja/3.13/library/curses.html,6,6,86
/ja/3.13/library/fnmatch.html,6,6,0
/ja/3.13/library/hashlib.html,6,6,2
/ja/3.13/library/optparse.html,6,6,72
/ja/3.13/library/shlex.html,6,6,53
/ja/3.13/library/tkinter.messagebox.html,6,7,87
/ja/3.13/library/unittest.mock-examples.html,6,6,0
/ja/3.13/library/urllib.error.html,6,6,0
/ja/3.13/library/winsound.html,6,6,0
/ja/3.13/reference/simple_stmts.html,6,6,123
/ja/3.13/tutorial/interactive.html,6,6,7
/ja/3.13/using/unix.html,6,6,160
/ja/3.13/whatsnew/3.8.html,6,7,225
/ja/3/extending/extending.html,6,6,80
/ja/3/howto/regex.html,6,6,52
/ja/3/library/__main__.html,6,6,4
/ja/3/library/os.path.html,6,6,1
/ja/3/library/subprocess.html,6,6,282
/ja/3/library/wave.html,6,8,128
/ja/3/reference/import.html,6,6,19
/ja/3/reference/simple_stmts.html,6,6,615
/ja/dev/library/tomllib.html,6,6,12
/3.14/whatsnew/3.14.html,5,5,466
/3/library/multiprocessing.html,5,5,1145
/3/library/pathlib.html,5,5,994
/3/whatsnew/3.13.html,5,5,62
/ja/3.12/library/functions.html,5,6,45
/ja/3.13/c-api/index.html,5,5,2094
/ja/3.13/howto/argparse.html,5,5,0
/ja/3.13/library/array.html,5,5,5
/ja/3.13/library/asyncio-sync.html,5,5,0
/ja/3.13/library/constants.html,5,5,61
/ja/3.13/library/doctest.html,5,5,3
/ja/3.13/library/filecmp.html,5,5,6
/ja/3.13/library/getpass.html,5,5,97
/ja/3.13/library/mailbox.html,5,5,627
/ja/3.13/library/mmap.html,5,5,6
/ja/3.13/library/pkgutil.html,5,5,3
/ja/3.13/library/textwrap.html,5,5,257
/ja/3.13/library/tracemalloc.html,5,5,71
/ja/3.13/library/xml.dom.minidom.html,5,5,557
/ja/3.13/reference/executionmodel.html,5,5,28
/ja/3.13/tutorial/stdlib2.html,5,5,1238
/ja/3.14/,5,5,874
/ja/3/download.html,5,5,0
/ja/3/howto/unicode.html,5,5,0
/ja/3/howto/urllib2.html,5,5,82
/ja/3/library/ast.html,5,5,4
/ja/3/library/asyncio-dev.html,5,5,440
/ja/3/library/collections.html,5,5,86
/ja/3/library/importlib.metadata.html,5,5,0
/ja/3/library/io.html,5,5,195
/ja/3/library/socket.html,5,5,0
/ja/3/library/statistics.html,5,5,39
/ja/3/library/time.html,5,6,12
/ja/dev/library/math.html,5,6,0
/ko/dev/c-api/marshal.html,5,5,63
/3.13/using/windows.html,4,4,2335
/3/library/subprocess.html,4,4,400
/3/library/tkinter.html,4,4,82
/3/search.html,4,4,1110
/ja/3.12/contents.html,4,4,781
/ja/3.12/library/index.html,4,4,1403
/ja/3.12/library/stdtypes.html,4,4,512
/ja/3.12/library/typing.html,4,4,12
/ja/3.12/whatsnew/index.html,4,4,544
/ja/3.13/download.html,4,5,420
/ja/3.13/faq/general.html,4,4,28
/ja/3.13/faq/windows.html,4,4,0
/ja/3.13/howto/functional.html,4,4,224
/ja/3.13/library/asyncio-subprocess.html,4,4,24
/ja/3.13/library/contextvars.html,4,4,97
