name,visitors,bounce_rate,visit_duration
google.com,3356,73,200
Direct / None,2167,71,176
m.baidu.com,490,70,49
qiita.com,247,73,109
google.co.jp,225,67,215
note.nkmk.me,211,81,76
bing.com,190,58,241
search.yahoo.co.jp,80,80,155
so.m.sm.cn/s,52,85,7
chatgpt.com,35,58,136
python.jp,31,63,374
so.m.sm.cn,29,86,2
utokyo-ipp.github.io,27,64,47
python.org,21,100,491
statics.teams.cdn.office.net,20,71,241
baidu.com/link,13,77,53
duckduckgo.com,12,67,205
chokkan.github.io,11,64,244
lms.ynu.ac.jp,11,7,1139
baidu.com,8,88,42
teratail.com,7,71,43
tutorials.chainer.org,7,50,271
github.com,6,50,27
lms.ealps.shinshu-u.ac.jp,6,71,8
nikkie-ftnext.hatenablog.com,6,50,514
wcls.iwate-pu.ac.jp,6,67,298
hatenablog-parts.com,5,80,11
youtube.com,5,60,15
atcoder.jp,4,100,0
gemini.google.com,4,50,55
paiza.jp/works/python3/primer/beginner-python1/4005/1,4,100,0
python-izm.com,4,50,60
sejuku.net,4,75,253
sm.cn,4,100,0
websearch.rakuten.co.jp,4,80,519
yuuka.w.waseda.jp,4,100,0
ecosia.org,3,100,672
jp.quora.com,3,33,33
nlp.c.titech.ac.jp,3,67,714
notebooks.githubusercontent.com,3,67,180
ntp.msn.com,3,33,1028
python.ambitious-engineer.com,3,67,210
terakoya.sejuku.net,3,100,29
algo-method.com,2,50,62
denshi.club,2,100,0
dir.aidemy.jp,2,25,1153
diveintocode.jp,2,100,0
docs.google.com,2,100,0
ed24lb.osaka-sandai.ac.jp,2,100,0
education.yandex.ru,2,0,490
free.aidemy.jp,2,50,160
gammasoft.jp,2,100,0
google.com.hk,2,100,0
hibiki-press.tech/python/os_path_abspath/1021,2,100,0
m.baidu.com/s,2,0,8
misprochef.com,2,100,0
moodle.kobe-c.ac.jp,2,0,916
nlp.netlearning.co.jp,2,50,38
paiza.jp/works/python3/primer/beginner-python1/4005,2,0,512
pythonrev.blogspot.com,2,100,0
relief.jp,2,100,0
schoo.jp,2,0,3600
sp-web.search.auone.jp,2,100,0
tech-blog.tsukaby.com,2,0,20
www25.learningpark.jp,2,50,8
y1.is-trm.net,2,50,639
0.0.0.0,1,0,2387
10.53.240.81,1,100,0
127.0.0.1,1,100,0
7andi-ai.azurewebsites.net,1,100,0
ai-shift.co.jp,1,100,0
aist-rx.aidemy.jp,1,100,0
altx.co.jp,1,100,0
analytics-note.xyz,1,100,0
android-app://com.google.android.gm,1,100,0
android-app://com.google.android.googlequicksearchbox,1,0,239
android-app://com.slack,1,100,0
app.east-ai-studio.com,1,100,0
app.hireroo.io,1,0,66
atmarkit.itmedia.co.jp/ait/articles/1911/26/news018.html,1,100,0
blog.novonovo.jp/python/python%e3%81%aeftplib%e3%81%a7ftp%e6%8e%a5%e7%b6%9a%e3%81%a8%e6%93%8d%e4%bd%9c,1,0,821
blog.pyq.jp,1,100,0
blog.truestar.co.jp,1,100,0
camp.trainocate.co.jp,1,100,0
canon.aidemy.jp,1,100,0
catb.org,1,0,506
ccc.glexa.net,1,100,0
cgi.search.biglobe.ne.jp,1,100,0
chaika.hatenablog.com,1,100,0
cn.bing.com,1,0,628
cpp-learning.com,1,100,0
curict.com,1,0,42
daeudaeu.com,1,0,1912
daisuki.nichiyoubi.land,1,100,0
dev.classmethod.jp,1,100,0
developer.mozilla.org,1,0,7
devguide.python.org/documentation/translating,1,100,0
digipla.qh.toyota.co.jp,1,0,1221
diver.diveintocode.jp,1,100,0
docs.hpyproject.org/en/latest/porting-guide.html,1,0,1074
docs.pyq.jp,1,0,12
dropbox.com,1,0,792
els.akita-u.ac.jp,1,0,41
epsongroup.sharepoint.com,1,100,0
esvns1,1,100,0
fastapi.tiangolo.com,1,0,262
github.com/BackendExplorer/Online-Chat-Service/blob/main/README.md,1,100,0
github.com/BackendExplorer/Online-Chat-Service/tree/main,1,100,0
github.com/VOICEVOX/voicevox_engine/pull/1615,1,100,0
github.com/box-community/box-python-gen-workshop/blob/1435beff0b9f516da5effde629673cc97488d4f4/workshops/metadata/metadata.md,1,100,0
github.com/danifus/pyzipper,1,0,1174
github.com/yt-dlp/yt-dlp,1,0,641
globaldenso.sharepoint.com,1,0,7
globalhonda.sharepoint.com,1,100,0
google.co.uk,1,0,522
google.com/search,1,100,0
google.fr,1,100,0
google.github.io,1,0,11
google.hu,1,100,0
hawksnowlog.blogspot.com,1,100,0
headboost.jp,1,100,0
hibiki-press.tech/python/built-in-types/math_abs/4256,1,100,0
hmjp.net/archive2019/blog/basic-python-difflib,1,0,267
hoyoyo543.github.io,1,100,0
inetnf.auth,1,100,0
iss.is.tohoku.ac.jp,1,0,54
iuk.hateblo.jp,1,0,2787
jphub1.cc.yamaguchi-u.ac.jp,1,100,0
learn.microsoft.com,1,0,1369
lectures.squares.net,1,0,97
lms.app.oita-u.ac.jp,1,0,420
m.baidu.com/from=1001192y/bd_page_type=1/ssid=0/uid=0/pu=sz%401320_1001%2Cta%40iphone_2_10.0_28_16.0%2Cusm%400/baiduid=F527DFB90F1161676C012E52C0A4CF0B/w=0_10_/t=iphone/l=1/tc,1,0,41
m.baidu.com/from=1001192y/bd_page_type=1/ssid=0/uid=0/pu=usm%400%2Csz%401320_1001%2Cta%40iphone_2_10.0_28_12.1/baiduid=CCE2169D1A59C0CC9F8CE739ACADF624/w=0_10_/t=iphone/l=1/tc,1,0,19
m.baidu.com/from=1001192y/bd_page_type=1/ssid=0/uid=0/pu=usm%400%2Csz%401320_1001%2Cta%40iphone_2_10.0_28_16.0/baiduid=6AA1A4B008FA64D6162B83B583E9F5EF/w=0_10_/t=iphone/l=1/tc,1,0,0
m.baidu.com/from=1001192y/bd_page_type=1/ssid=0/uid=0/pu=usm%400%2Csz%401320_1001%2Cta%40iphone_2_10.0_28_16.0/baiduid=9620AFE1208D9D920ABE3D23EDA333ED/w=0_10_/t=iphone/l=1/tc,1,0,0
m.baidu.com/from=1001192y/bd_page_type=1/ssid=0/uid=0/pu=usm%400%2Csz%401320_1001%2Cta%40iphone_2_10.0_28_16.0/baiduid=F7615F28829ECB4E73989AD994ACE1A6/w=20_10_/t=iphone/l=1/tc,1,0,0
m.baidu.com/from=1001192y/bd_page_type=1/ssid=0/uid=0/pu=usm%400%2Csz%401320_1001%2Cta%40iphone_2_11.0_28_16.0/baiduid=5E1114462BE9A0F75B1716FB3255C973/w=0_10_/t=iphone/l=1/tc,1,0,2
m.baidu.com/from=1001192y/bd_page_type=1/ssid=0/uid=0/pu=usm%400%2Csz%401320_1001%2Cta%40iphone_2_12.0_28_14.0/baiduid=36D58AA6BBD30B7A180447708DB8ECE9/w=0_10_/t=iphone/l=1/tc,1,100,0
m.baidu.com/from=1001192y/bd_page_type=1/ssid=0/uid=0/pu=usm%400%2Csz%401320_1001%2Cta%40iphone_2_12.0_28_16.0/baiduid=4213A38F73FB8174B7D88A2B4331DECE/w=0_10_/t=iphone/l=1/tc,1,0,286
m.baidu.com/from=1001192y/bd_page_type=1/ssid=0/uid=0/pu=usm%400%2Csz%401320_1001%2Cta%40iphone_2_12.0_28_16.0/baiduid=557FFFEA42888D3E6D727F7665DA8B6D/w=0_10_/t=iphone/l=1/tc,1,100,0
m.baidu.com/from=1001192y/bd_page_type=1/ssid=0/uid=0/pu=usm%400%2Csz%401320_1001%2Cta%40iphone_2_12.0_28_16.0/baiduid=5B2C3B9A5BA2C5505EE5EB5494363852/w=0_10_/t=iphone/l=1/tc,1,0,17
m.baidu.com/from=1001192y/bd_page_type=1/ssid=0/uid=0/pu=usm%400%2Csz%401320_220%2Cta%40iphone___24_114.0/baiduid=C45B793A0C33ED27B3568542B84E7D92/w=0_10_/t=iphone/l=1/tc,1,100,0
m.baidu.com/from=1001703a/bd_page_type=1/ssid=0/uid=0/pu=sz%401320_1001%2Cta%40iphone_2_11.0_18_40.7%2Cusm%400/baiduid=875C0D2F5943E386210B13AE48EB78F8/w=0_10_/t=iphone/l=1/tc,1,0,5
m.baidu.com/from=1001703a/bd_page_type=1/ssid=0/uid=0/pu=sz%401320_220%2Cta%40iphone___18_40.9%2Cusm%400/baiduid=9F228AD7EEB73DCE45B0762A5152A9E3/w=0_10_/t=iphone/l=1/tc,1,0,8
m.baidu.com/from=1001703a/bd_page_type=1/ssid=0/uid=0/pu=usm%400%2Csz%401320_1001%2Cta%40iphone_2_14.0_18_40.9/baiduid=20EA250A26E18123C2F20E5517B6E4B7/w=0_10_/t=iphone/l=1/tc,1,100,0
m.baidu.com/from=1001703a/bd_page_type=1/ssid=0/uid=0/pu=usm%400%2Csz%401320_1001%2Cta%40iphone_2_14.0_18_40.9/baiduid=AC4031025EB0B52665A074E950961C3B/w=0_10_/t=iphone/l=1/tc,1,0,26
m.baidu.com/from=1001703y/bd_page_type=1/ssid=0/uid=0/pu=sz%401320_1001%2Cta%40iphone_2_12.0_18_40.9%2Cusm%400/baiduid=92C904BA7617E60FED07526CDB74333D/w=10_10_/t=iphone/l=1/tc,1,0,57
m.baidu.com/from=1012852q/bd_page_type=1/ssid=0/uid=0/pu=sz%401320_1004%2Cta%40iphone_2_11.0_11_17.8%2Cusm%400/baiduid=6C0261333180CF782D62F635F33B88EA/w=0_10_/t=iphone/l=1/tc,1,0,29
m.baidu.com/from=1012852q/bd_page_type=1/ssid=0/uid=0/pu=sz%401320_1004%2Cta%40iphone_2_12.0_11_19.3%2Cusm%400/baiduid=4E1B5E96BDDE77D63A3B610C1A8661AB/w=0_10_/t=iphone/l=1/tc,1,100,0
m.baidu.com/from=1012852q/bd_page_type=1/ssid=0/uid=0/pu=sz%401320_1004%2Cta%40iphone_2_13.0_11_17.6%2Cusm%400/baiduid=785B5366F35642E68F56922DDD0A794C/w=0_10_/t=iphone/l=1/tc,1,100,0
m.baidu.com/from=1012852q/bd_page_type=1/ssid=0/uid=0/pu=sz%401320_1004%2Cta%40iphone_2_15.0_11_19.3%2Cusm%400/baiduid=4D2CC079D3CBF07DFDEBAE78F51577A6/w=0_10_/t=iphone/l=1/tc,1,100,0
m.baidu.com/from=1012852q/bd_page_type=1/ssid=0/uid=0/pu=usm%400%2Csz%401320_1004%2Cta%40iphone_2_14.0_11_19.0/baiduid=2601C3B57E8BB24E8805CE696297DB48/w=0_10_/t=iphone/l=1/tc,1,0,3
m.baidu.com/from=1012852q/bd_page_type=1/ssid=0/uid=0/pu=usm%400%2Csz%401320_1004%2Cta%40iphone_2_14.0_11_19.3/baiduid=0946AA8A71067C6BA11F54F83B7F48F0/w=0_10_/t=iphone/l=1/tc,1,0,19
m.baidu.com/from=1012852q/bd_page_type=1/ssid=0/uid=0/pu=usm%400%2Csz%401320_1004%2Cta%40iphone_2_14.0_11_19.3/baiduid=37360F5DABFA19D1F9534FEBE72340B4/w=0_10_/t=iphone/l=1/tc,1,100,0
m.baidu.com/from=1012852q/bd_page_type=1/ssid=0/uid=0/pu=usm%400%2Csz%401320_1004%2Cta%40iphone_2_14.0_11_19.3/baiduid=E912E3FF983539D3F859019E09DAFCB2/w=0_10_/t=iphone/l=1/tc,1,100,0
m.baidu.com/from=1012852q/bd_page_type=1/ssid=0/uid=0/pu=usm%400%2Csz%401320_1004%2Cta%40iphone_2_15.0_11_18.3/baiduid=1042B9A24C45099F6881D9E3134F5E19/w=0_10_/t=iphone/l=1/tc,1,100,0
m.baidu.com/from=1012852q/bd_page_type=1/ssid=0/uid=0/pu=usm%400%2Csz%401320_1004%2Cta%40iphone_2_15.0_11_19.3/baiduid=1BB4DE46E310D85D1003ED8075B7C101/w=0_10_/t=iphone/l=1/tc,1,0,8
m.baidu.com/from=1012852q/bd_page_type=1/ssid=0/uid=0/pu=usm%400%2Csz%401320_1004%2Cta%40iphone_2_15.0_11_19.3/baiduid=4852847ABE85C38EC81E2039F74ABEF2/w=0_10_/t=iphone/l=1/tc,1,0,168
m.baidu.com/from=1012852q/bd_page_type=1/ssid=0/uid=0/pu=usm%401%2Csz%401320_1004%2Cta%40iphone_2_13.0_11_18.8/baiduid=922D8E0488B766ED0DDC45447169429A/w=0_10_/t=iphone/l=1/tc,1,100,0
m.baidu.com/from=1012852s/bd_page_type=1/ssid=0/uid=0/pu=usm%400%2Csz%401320_1004%2Cta%40iphone_2_11.0_11_19.3/baiduid=C05DD9DD3ED7A585DC0E65C0F8E06523/w=0_10_/t=iphone/l=1/tc,1,0,163
m.baidu.com/from=1012852s/bd_page_type=1/ssid=0/uid=0/pu=usm%401%2Csz%401320_1004%2Cta%40iphone_2_11.0_11_19.3/baiduid=7DCAC0CD0892F2601BF76C28ED8E566F/w=0_10_/t=iphone/l=1/tc,1,100,0
m.baidu.com/from=1013672b/bd_page_type=1/ssid=0/uid=0/pu=sz%401320_1004%2Cta%40iphone_2_14.0_11_19.0%2Cusm%400/baiduid=CC2BAC54F184E2E4C01A3A26A4B6A596/w=0_10_/t=iphone/l=1/tc,1,0,172
m.baidu.com/from=1013672g/bd_page_type=1/ssid=0/uid=0/pu=usm%400%2Csz%401320_1004%2Cta%40iphone_2_12.0_11_19.3/baiduid=97813D24DEEEE8407F0B5E7521EDCDAB/w=0_10_/t=iphone/l=1/tc,1,100,0
m.baidu.com/from=1013966u/bd_page_type=1/ssid=0/uid=0/pu=sz%401320_1001%2Cta%40iphone_2_13.0_19_24.1%2Cusm%400/baiduid=4F28BFB837B93F2F7DC544C970098EDE/w=0_10_/t=iphone/l=1/tc,1,0,6
m.baidu.com/from=1013966u/bd_page_type=1/ssid=0/uid=0/pu=sz%401320_1001%2Cta%40iphone_2_13.0_19_24.1%2Cusm%400/baiduid=B34757ACB05554938128D8D7C5C56A2E/w=0_10_/t=iphone/l=1/tc,1,0,10
m.baidu.com/from=1013966u/bd_page_type=1/ssid=0/uid=0/pu=sz%401320_1001%2Cta%40iphone_2_14.0_19_23.7%2Cusm%400/baiduid=6D0634646AC32AEA7CDAC590E92337C4/w=0_10_/t=iphone/l=1/tc,1,0,11
m.baidu.com/from=1013966u/bd_page_type=1/ssid=0/uid=0/pu=usm%400%2Csz%401320_1001%2Cta%40iphone_2_10.0_19_24.1/baiduid=CA1F86A1852681CE3839FD4B53DED58E/w=0_10_/t=iphone/l=1/tc,1,0,117
m.baidu.com/from=1013966u/bd_page_type=1/ssid=0/uid=0/pu=usm%400%2Csz%401320_1001%2Cta%40iphone_2_11.0_19_24.0/baiduid=495F9F6AECF4EE32B275DA34D909967F/w=0_10_/t=iphone/l=1/tc,1,100,0
m.baidu.com/from=1013966u/bd_page_type=1/ssid=0/uid=0/pu=usm%400%2Csz%401320_1001%2Cta%40iphone_2_13.0_19_23.8/baiduid=90814AC4CE21F9D446388FFBAA60B4C9/w=0_10_/t=iphone/l=1/tc,1,0,12
m.baidu.com/from=1013966u/bd_page_type=1/ssid=0/uid=0/pu=usm%400%2Csz%401320_1001%2Cta%40iphone_2_13.0_19_24.1/baiduid=21AFDC4082B19E1823B8BA7596A73325/w=0_10_/t=iphone/l=1/tc,1,100,0
m.baidu.com/from=1013966u/bd_page_type=1/ssid=0/uid=0/pu=usm%400%2Csz%401320_1001%2Cta%40iphone_2_9.0_19_24.1/baiduid=8C0CF8D17DBB3EEBE04F22E338D94A91/w=0_10_/t=iphone/l=1/tc,1,100,0
m.baidu.com/from=1013966u/bd_page_type=1/ssid=0/uid=0/pu=usm%401%2Csz%401320_1001%2Cta%40iphone_2_9.0_19_23.4/baiduid=638667875766376E1852A2017EB32AF8/w=0_10_/t=iphone/l=1/tc,1,100,0
m.baidu.com/from=1015819s/bd_page_type=1/ssid=0/uid=0/pu=sz%401320_1004%2Cta%40iphone_2_14.0_35_7.10%2Cusm%400/baiduid=B46899CB8226A1C25197E7A8931189B7/w=0_20_/t=iphone/l=1/tc,1,100,0
m.baidu.com/from=1015819s/bd_page_type=1/ssid=0/uid=0/pu=usm%400%2Csz%401320_1003%2Cta%40iphone_2_8.1_1_17.5/baiduid=5FBAB4943F2EEC78CC5072F71510D0A0/w=0_20_/t=iphone/l=1/tc,1,0,37
m.baidu.com/from=1016095t/bd_page_type=1/ssid=0/uid=0/pu=usm%400%2Csz%401320_1001%2Cta%40iphone_2_11.0_24_129.0/baiduid=BAD136A199786340ADE89D6DA306862A/w=0_20_/t=iphone/l=1/tc,1,0,117
m.baidu.com/from=1019311a/bd_page_type=1/ssid=0/uid=0/pu=sz%401320_1001%2Cta%40iphone_2_10.0_19_24.1%2Cusm%400/baiduid=F6E704F3423DF3EFA1DEF3F60831D21C/w=0_10_/t=iphone/l=1/tc,1,0,1332
m.baidu.com/from=1019311a/bd_page_type=1/ssid=0/uid=0/pu=sz%401320_1001%2Cta%40iphone_2_11.0_19_24.1%2Cusm%400/baiduid=41529F2D882BDF9011ED57CD256C0DFB/w=0_10_/t=iphone/l=1/tc,1,0,6
m.baidu.com/from=1019311a/bd_page_type=1/ssid=0/uid=0/pu=usm%400%2Csz%401320_1001%2Cta%40iphone_2_10.0_19_23.0/baiduid=53BEEB32E3FA73076DA750ED74BAE2D0/w=0_10_/t=iphone/l=1/tc,1,0,115
m.baidu.com/from=1019311a/bd_page_type=1/ssid=0/uid=0/pu=usm%400%2Csz%401320_1001%2Cta%40iphone_2_13.0_19_23.7/baiduid=ABD42E2BBF14F162A52E7A1BB889751B/w=0_10_/t=iphone/l=1/tc,1,100,0
m.baidu.com/from=1019311a/bd_page_type=1/ssid=0/uid=0/pu=usm%400%2Csz%401320_1001%2Cta%40iphone_2_14.0_19_23.6/baiduid=57B90CC29BA506C309BEDD81CEA5F58E/w=0_10_/t=iphone/l=1/tc,1,100,0
m.baidu.com/from=1019311v/bd_page_type=1/ssid=0/uid=0/pu=sz%401320_1001%2Cta%40iphone_2_14.0_19_24.0%2Cusm%400/baiduid=D328198752A55C2FDD3030EF0773C28D/w=0_10_/t=iphone/l=1/tc,1,100,0
m.baidu.com/from=1019311v/bd_page_type=1/ssid=0/uid=0/pu=sz%401320_1001%2Cta%40iphone_2_15.0_19_23.6%2Cusm%400/baiduid=F54282B2CE7FDA45D7ED8F67F230737D/w=0_10_/t=iphone/l=1/tc,1,0,15
m.baidu.com/from=1019311v/bd_page_type=1/ssid=0/uid=0/pu=usm%400%2Csz%401320_1001%2Cta%40iphone_2_15.0_19_20.4/baiduid=695C7B0B07E494DCDB9C091FF69A2BE1/w=0_10_/t=iphone/l=1/tc,1,100,0
m.baidu.com/from=1019311v/bd_page_type=1/ssid=0/uid=0/pu=usm%400%2Csz%401320_1001%2Cta%40iphone_2_15.0_19_22.9/baiduid=312C47DE6D7F87A669374DC1F3C34DA6/w=0_10_/t=iphone/l=1/tc,1,100,0
m.baidu.com/from=1019311v/bd_page_type=1/ssid=0/uid=0/pu=usm%400%2Csz%401320_1001%2Cta%40iphone_2_15.0_19_24.1/baiduid=25B471400C64A5565EDDD4122699EBBE/w=0_10_/t=iphone/l=1/tc,1,0,8
m.baidu.com/from=1019311v/bd_page_type=1/ssid=0/uid=0/pu=usm%400%2Csz%401320_1001%2Cta%40iphone_2_15.0_19_24.1/baiduid=3ED95D2FC4E96010688F1343790DD7AF/w=0_10_/t=iphone/l=1/tc,1,100,0
m.baidu.com/from=1020761f/bd_page_type=1/ssid=0/uid=0/pu=sz%401320_1001%2Cta%40iphone_2_11.0_19_24.1%2Cusm%400/baiduid=C716891293A73863B5FAE54A6BF1E473/w=0_10_/t=iphone/l=1/tc,1,0,111
m.baidu.com/from=1020761f/bd_page_type=1/ssid=0/uid=0/pu=sz%401320_1001%2Cta%40iphone_2_9.0_19_23.9%2Cusm%400/baiduid=7E18C14CD3C912B5F4139442012A97CC/w=0_10_/t=iphone/l=1/tc,1,100,0
m.baidu.com/from=1020761f/bd_page_type=1/ssid=0/uid=0/pu=usm%400%2Csz%401320_1001%2Cta%40iphone_2_10.0_19_23.9/baiduid=E82C9468512EECE49B958EB39999AD10/w=0_10_/t=iphone/l=1/tc,1,100,0
m.baidu.com/from=1020761f/bd_page_type=1/ssid=0/uid=0/pu=usm%400%2Csz%401320_1001%2Cta%40iphone_2_10.0_19_24.1/baiduid=0E1888C8903E5D797C2EB0E19E9A2A47/w=0_10_/t=iphone/l=1/tc,1,100,0
m.baidu.com/from=1020761f/bd_page_type=1/ssid=0/uid=0/pu=usm%400%2Csz%401320_1001%2Cta%40iphone_2_10.0_19_24.1/baiduid=77C5D88E53175204FAEBE4C888E78C8C/w=0_10_/t=iphone/l=1/tc,1,0,114
m.baidu.com/from=1020761f/bd_page_type=1/ssid=0/uid=0/pu=usm%400%2Csz%401320_1001%2Cta%40iphone_2_11.0_19_23.6/baiduid=227D3F3ADF8815D5AE5D1522A73A7CC0/w=0_10_/t=iphone/l=1/tc,1,100,0
m.baidu.com/from=1020761f/bd_page_type=1/ssid=0/uid=0/pu=usm%400%2Csz%401320_1001%2Cta%40iphone_2_11.0_19_23.6/baiduid=99322FFF021D0009E424962044265FF0/w=0_10_/t=iphone/l=1/tc,1,100,0
m.baidu.com/from=1020761f/bd_page_type=1/ssid=0/uid=0/pu=usm%400%2Csz%401320_1001%2Cta%40iphone_2_11.0_19_24.1/baiduid=6F669907FF254CB1A8DD9E61E9789AB5/w=0_10_/t=iphone/l=1/tc,1,100,0
m.baidu.com/from=1020761f/bd_page_type=1/ssid=0/uid=0/pu=usm%400%2Csz%401320_1001%2Cta%40iphone_2_13.0_19_23.1/baiduid=DA6CF306F605E556744F0F4F4B0178FC/w=0_10_/t=iphone/l=1/tc,1,100,0
m.baidu.com/from=1020761f/bd_page_type=1/ssid=0/uid=0/pu=usm%400%2Csz%401320_1001%2Cta%40iphone_2_13.0_19_24.1/baiduid=DEDBB3AA5F7D03D2FD207E7124405A57/w=0_10_/t=iphone/l=1/tc,1,100,0
m.baidu.com/from=1020761f/bd_page_type=1/ssid=0/uid=0/pu=usm%400%2Csz%401320_1001%2Cta%40iphone_2_14.0_19_24.1/baiduid=4D8C0A2B7A0990F1FD622298B9E5A489/w=0_10_/t=iphone/l=1/tc,1,100,0
m.baidu.com/from=1020761f/bd_page_type=1/ssid=0/uid=0/pu=usm%400%2Csz%401320_1001%2Cta%40iphone_2_9.0_19_20.3/baiduid=A1305DDDD20A731771FEAC1EDA7D0A0B/w=0_10_/t=iphone/l=1/tc,1,100,0
m.baidu.com/from=1020761f/bd_page_type=1/ssid=0/uid=0/pu=usm%400%2Csz%401320_1001%2Cta%40iphone_2_9.0_19_21.5/baiduid=46CC09924027FC797B45FCF7773C6898/w=0_10_/t=iphone/l=1/tc,1,100,0
m.baidu.com/from=1020761f/bd_page_type=1/ssid=0/uid=0/pu=usm%400%2Csz%401320_1001%2Cta%40iphone_2__24_123.0/baiduid=8B945DB2FD19D6BD19734278C43B9329/w=0_10_/t=iphone/l=1/tc,1,0,12
m.baidu.com/from=1020761f/bd_page_type=1/ssid=0/uid=0/pu=usm%401%2Csz%401320_1001%2Cta%40iphone_2_10.0_19_24.1/baiduid=5116D9BFFDC3AE4E5472281EEDCA0742/w=0_10_/t=iphone/l=1/tc,1,100,0
m.baidu.com/from=1020761f/bd_page_type=1/ssid=0/uid=0/pu=usm%401%2Csz%401320_1001%2Cta%40iphone_2_14.0_19_23.4/baiduid=833A922CB3C63062338F5E8EA34EC873/w=0_10_/t=iphone/l=1/tc,1,100,0
m.baidu.com/from=1020761f/bd_page_type=1/ssid=0/uid=0/pu=usm%401%2Csz%401320_1001%2Cta%40iphone_2_15.0_19_24.1/baiduid=C4819656C24FB8667CDC7B3A6E39DDA6/w=0_10_/t=iphone/l=1/tc,1,100,0
m.baidu.com/from=1020761f/bd_page_type=1/ssid=0/uid=0/pu=usm%401%2Csz%401320_1001%2Cta%40iphone_2__24_123.0/baiduid=09B3E28E997F9452963BB4DE4A5B891D/w=0_10_/t=iphone/l=1/tc,1,100,0
m.baidu.com/from=1020761i/bd_page_type=1/ssid=0/uid=0/pu=usm%400%2Csz%401320_1001%2Cta%40iphone_2_9.0_19_22.7/baiduid=4E6C9C3907AD2EEC73F1806A89828269/w=0_10_/t=iphone/l=1/tc,1,100,0
m.baidu.com/from=1020761m/bd_page_type=1/ssid=0/uid=0/pu=usm%400%2Csz%401320_1001%2Cta%40iphone_2_13.0_19_24.1/baiduid=F434D287C4D0C802DF08572888E2EE0E/w=0_10_/t=iphone/l=1/tc,1,100,0
m.baidu.com/from=1020761t/bd_page_type=1/ssid=0/uid=0/pu=sz%401320_1001%2Cta%40iphone_2_8.1_19_23.6%2Cusm%400/baiduid=E4EC00AAA0850053DAF0577FB21E7DA7/w=0_10_/t=iphone/l=1/tc,1,100,0
m.baidu.com/from=1020786o/bd_page_type=1/ssid=0/uid=0/pu=usm%400%2Csz%401320_1001%2Cta%40iphone_2_13.0_19_24.6/baiduid=075B11AB4628979055333A5B19A02006/w=0_10_/t=iphone/l=1/tc,1,0,1367
m.baidu.com/from=1020786r/bd_page_type=1/ssid=0/uid=0/pu=usm%400%2Csz%401320_1001%2Cta%40iphone_2_14.0_19_23.6/baiduid=932B561DD6258A9FD13BB60FA47118F1/w=0_10_/t=iphone/l=1/tc,1,100,0
m.baidu.com/from=1023341o/bd_page_type=1/ssid=0/uid=0/pu=sz%401320_1001%2Cta%40iphone_2_11.0_18_40.9%2Cusm%400/baiduid=496AD1A0740389D3423997B131C9513A/w=0_10_/t=iphone/l=1/tc,1,0,1722
m.baidu.com/from=1024043p/bd_page_type=1/ssid=0/uid=0/pu=sz%401320_220%2Cta%40iphone_5_5.0_28_5.1%2Cusm%400/baiduid=6A82885F10E3C3154A3C2DC88B85F449/w=0_10_/t=iphone/l=1/tc,1,0,15
m.baidu.com/from=1024369g/bd_page_type=1/ssid=0/uid=0/pu=usm%400%2Csz%401320_1003%2Cta%40iphone_2_10.0_1_17.3/baiduid=AE57D9624C6E31A3C98019DD613CC4A1/w=0_10_/t=iphone/l=1/tc,1,0,15
m.baidu.com/from=1026859x/ssid=0/pu=cen%40cuid_cua_cut%2Cctv%402%2Cvmgdb%400020100228y%2Cosname%40baiduboxapp%2Ccsrc%40home_box_txt%2Cosbranch%40a2%2Ccuid%40_avxagaMHigka2a0gOHqflu6280TiHiJlu2l8luPBaKZLqqqB%2Csz%401320_480%2Cc3_aid%40A00-CXES4BDBZWUMH3JEOBGXUV3C2LDGNITQ-EUB54ZJK%2Ccfrom%401026859x%2Ccua%40_a-qiyau2ij4NE6lI5me6NIy2I_UaXiHouvjhSdHNqqqB/s,1,0,5
m.baidu.com/from=1027073d/ssid=0/pu=osname%40baiduboxapp%2Cctv%402%2Ccua%40_a-qiyuO2ig-NEq4I5me6NN0v8zTu-I4_C2H8yaN-iqlC%2Ccfrom%401027073d%2Ccuid%40lavs8g8wSug6OBuj_uSgi0umSu0MiS8s_u2Af_uSB88Y9DPggiSaRy0aA%2Csz%401320_480%2Cvmgdb%400020100228y%2Ccsrc%40app_mainbox_txt%2Ccen%40cuid_cua_cut%2Cc3_aid%40A00-IE3YLR2NLCYWDRTPGZPXEBDGQX3ZQTT7-6EXN7ZPL/s,1,0,447
m.baidu.com/from=1029773r/ssid=0/pu=cua%40_a-qiyuO2ij-NE6lI5me6NN0v8oZu-I4_CvH8yaf2iqlC%2Cc3_aid%40A00-CRQCHU6AGBBYNENRFCWLEMEEBNNEAZTD-XGTP4ERK%2Cctv%402%2Cosname%40baiduboxapp%2Ccfrom%401029773r%2Ccuid%40_Pvlal892fgfuSaI08Sdi0aq28_mu2t_08HKilaK-f8RkH8ClkH3Ow8mA%2Csz%401320_480%2Ccen%40cuid_cua_cut%2Ccsrc%40home_box_txt%2Cvmgdb%400020100228y/s,1,0,5
m.baidu.com/from=1030738c/ssid=0/pu=cen%40cuid_cua_cut%2Cc3_aid%40A00-APCOFQYZ6MC2XIOEIMVOFAIY4SFJHRGS-YMDWWUQI%2Ccsrc%40home_box_txt%2Csz%401320_480%2Ccua%40_a2SiyaR2ig-NE6pI5me6NN0v8zTu-I4_C2H84ak2iqlC%2Cctv%402%2Ccfrom%401030738c%2Ccuid%400uv1a_aQHuY-aHiA_uSNf_ic2ujW8BiOYuvA8l8uH888kHPfli2kMFSPA%2Cosname%40baiduboxapp%2Cvmgdb%400020100228y/s,1,100,0
m.baidu.com/from=1030738c/ssid=0/pu=cen%40cuid_cua_cut%2Cosname%40baiduboxapp%2Ccua%40_a2SiyaR2ig-NE6pI5me6NN0v8zTu-I4_C2H84ak2iqlC%2Ccuid%400uv1a_aQHuY-aHiA_uSNf_ic2ujW8BiOYuvA8l8uH888kHPfli2kMFSPA%2Cctv%402%2Cvmgdb%400020100228y%2Cc3_aid%40A00-APCOFQYZ6MC2XIOEIMVOFAIY4SFJHRGS-YMDWWUQI%2Ccsrc%40home_box_txt%2Ccfrom%401030738c%2Csz%401320_480/s,1,100,0
m.baidu.com/from=1034829p/bd_page_type=1/ssid=0/uid=0/pu=usm%400%2Csz%401320_1003%2Cta%40iphone_2_13.0_1_17.5/baiduid=89DAD3234AA36B77DE5745ACFECA2DEA/w=0_10_/t=iphone/l=1/tc,1,0,9
m.baidu.com/from=1034829p/bd_page_type=1/ssid=0/uid=0/pu=usm%400%2Csz%401320_1003%2Cta%40iphone_2_14.0_1_17.4/baiduid=CF42466B49BE49AC76BAA7ED2FA9A328/w=0_10_/t=iphone/l=1/tc,1,100,0
m.baidu.com/from=1034829p/bd_page_type=1/ssid=353fg111c01000000/uid=0/pu=usm%400%2Csz%401320_1003%2Cta%40iphone_2_11.0_1_17.3/baiduid=2D7DBF3F9178FD3F1D5A7CBFDE7CD9C2/w=0_10_/t=iphone/l=1/tc,1,0,12
m.baidu.com/from=1052946a/bd_page_type=1/ssid=0/uid=0/pu=usm%400%2Csz%401320_1001%2Cta%40iphone_2_10.0_19_23.5/baiduid=05859F84190261A496007C8E9E6778A9/w=0_10_/t=iphone/l=1/tc,1,100,0
m.baidu.com/from=1052946a/bd_page_type=1/ssid=0/uid=0/pu=usm%400%2Csz%401320_1001%2Cta%40iphone_2_10.0_19_23.5/baiduid=A5A859D688A54082203352C77C6FD91E/w=0_10_/t=iphone/l=1/tc,1,100,0
m.baidu.com/from=1052946a/bd_page_type=1/ssid=0/uid=0/pu=usm%400%2Csz%401320_1001%2Cta%40iphone_2_10.0_19_24.1/baiduid=D69609FB4C07A060EFF883C632EC408F/w=0_10_/t=iphone/l=1/tc,1,100,0
m.baidu.com/from=1052946a/bd_page_type=1/ssid=0/uid=0/pu=usm%400%2Csz%401320_1001%2Cta%40iphone_2_14.0_19_24.1/baiduid=D755398D2B611EBCD255002F9FE06ADD/w=0_10_/t=iphone/l=1/tc,1,0,7
m.baidu.com/from=1054258r/bd_page_type=1/ssid=0/uid=0/pu=usm%400%2Csz%401320_1001%2Cta%40iphone_2_11.0_19_24.1/baiduid=BEEC17D3CC49AFD8D1007245719C59B1/w=0_10_/t=iphone/l=1/tc,1,0,3
m.baidu.com/from=1099a/bd_page_type=1/ssid=0/uid=0/pu=sz%401320_480%2Ccuid%40451263340D59DEDAD0CE73325988C4E9A70E42799FCKPEDBKFP%2Ccua%401242_2208_iphone_8.0.1.9_0%2Ccut%40iPhone7%2Cosname%40baiduboxapp%2Cctv%401%2Ccfrom%401099a%2Ccsrc%40bdbox_fdserch_txt%2Cvmgdb%400020100228y%2Cusm%401/baiduid=95FE561C36B977203D88B433CCFFF60C/w=0_10_/t=zbios/l=1/tc,1,0,13
m.baidu.com/from=2001a/bd_page_type=1/ssid=0/uid=0/pu=sz%401320_1003%2Cta%40iphone_2_8.1_1_13.5%2Cusm%400/baiduid=E38483980DB56FDF0343620FAC75427D/w=0_10_/t=iphone/l=1/tc,1,0,222
m.baidu.com/from=844b/bd_page_type=1/ssid=0/uid=0/pu=usm%400%2Csz%401320_1001%2Cta%40iphone_2_14.0_24_97.0/baiduid=E19C27A4F5AD4748891B2C963D961EBB/w=0_10_/t=iphone/l=1/tc,1,100,0
m.baidu.com/from=844b/bd_page_type=1/ssid=0/uid=0/pu=usm%400%2Csz%401320_1002%2Cta%40iphone_2_9.0_2_6.2/baiduid=12BCD85ECC52FF3861884ED56D2A8F5B/w=0_10_/t=iphone/l=1/tc,1,100,0
m.baidu.com/from=844b/bd_page_type=1/ssid=0/uid=0/pu=usm%400%2Csz%401320_1003%2Cta%40iphone_2_15.0_1_17.2/baiduid=916890E7D6557CE3466E82B1D817C3FE/w=0_10_/t=iphone/l=1/tc,1,0,18
m.quark.cn/s,1,100,0
m.sm.cn/s,1,100,0
medium.com/lsc-psd/python%E3%81%AE%E6%96%87%E5%AD%97%E5%88%97-string-%E3%82%92%E6%8B%A1%E5%BC%B5%E3%81%99%E3%82%8Bf-r-u-b%E3%81%AB%E3%81%A4%E3%81%84%E3%81%A6-1b56eb260aaa,1,0,170
member.studying.jp,1,100,0
memo.laughk.org,1,100,0
miraiserver.ne.jp,1,0,80
moocs.iniad.org,1,0,1085
moodle.cis.fukuoka-u.ac.jp,1,100,0
msiz07-flask-docs-ja.readthedocs.io/ja/latest/logging.html,1,0,1334
msiz07-flask-docs-ja.readthedocs.io/ja/latest/reqcontext.html,1,0,1957
mzryuka.hatenablog.jp,1,0,26
na-inet.jp,1,100,0
nanolabo-doc.readthedocs.io/ja/latest/python.html,1,0,4
nct9.ne.jp,1,100,0
news.mynavi.jp,1,0,566
nx-brain-for-developer.azurewebsites.net,1,100,0
nx-gpt.azurewebsites.net,1,0,66
oai.azure.com,1,0,70
omu.ac.jp,1,0,35
opstike-an1c.srv.ygles-test.com,1,100,0
packaging.python.org/en/latest/tutorials/installing-packages,1,0,10
paiza.jp/works/python/new-primer/python-new-primer-23/85010,1,100,0
paiza.jp/works/python/trial/python-trial-1/62000,1,100,0
paiza.jp/works/python3/primer/beginner-python1/4000,1,100,0
paiza.jp/works/python3/primer/beginner-python1/4005/2,1,0,8
paiza.jp/works/python3/primer/beginner-python10/7602/1,1,0,735
paiza.jp/works/python3/primer/beginner-python10/7603/1,1,0,77
paiza.jp/works/python3/primer/beginner-python10/7604,1,100,0
paiza.jp/works/python3/primer/beginner-python10/7606/1,1,100,0
paiza.jp/works/python3/primer/beginner-python7/6152,1,100,0
paiza.jp/works/python3/primer/beginner-python9/7405/2,1,100,0
paiza.jp/works/python3/primer/beginner-python9/7407,1,100,0
paiza.jp/works/skillcheck/primer/skillcheck2/9504,1,100,0
pandas.pydata.org,1,0,210
pc-technique.info,1,100,0
peps.python.org,1,0,11
pg-chain.com/python-entry-label,1,0,19
pg-chain.com/python-filedialog,1,100,0
pg-chain.com/python-hash-hashlib,1,100,0
practicum.yandex.ru,1,0,102
pro.arcgis.com,1,0,22
pycamp.pycon.jp/textbook/5_module.html,1,0,113
pyex.srbrnote.work,1,100,0
pypdf.readthedocs.io/en/stable/modules/annotations.html,1,0,993
python.research-labo.com/python-tkinter,1,100,0
pythonsoba.tech/python-basic,1,0,374
rinatz.github.io,1,100,0
safe.menlosecurity.com,1,100,0
school.ctc-g.co.jp,1,100,0
sci.nao.ac.jp,1,100,0
sck.aidemy.jp,1,100,0
selfs-ryo.com,1,100,0
service.smt.docomo.ne.jp,1,100,0
service.smt.docomo.ne.jp/portal/search/web/result.html,1,100,0
soft-svr1,1,0,8
szdrblog.info,1,100,0
t.co,1,100,0
taa.mx.toyota.co.jp,1,100,0
tech-lab.sios.jp,1,100,0
text.geek-salon-products.com,1,0,2
udemy.com,1,100,0
webaccess.in.kyocera.co.jp,1,100,0
websockets.readthedocs.io/en/stable/reference/asyncio/server.html,1,0,1786
yandex.ru,1,0,76
