name,visitors
Tokyo,2134
Kanagawa,482
Osaka,411
Aichi,220
Saitama,216
Chiba,209
Hyogo,127
Shandong,117
Fukuoka,104
Hokkaido,102
Kyoto,95
Jiangsu,72
Shizuoka,59
Ibaraki,58
Shanghai,57
Tochigi,55
Guangdong,51
Nagano,51
Sichuan,50
Hiroshima,50
Miyagi,47
Zhejiang,42
Hebei,39
Shiga,39
Shaanxi,36
Hubei,33
Ishikawa,33
Hunan,31
Gunma,31
Fujian,29
Henan,28
Yunnan,28
Liaoning,27
Nara,25
Tianjin,24
Chongqing,23
Okayama,23
Gansu,21
Guangxi,20
Mie,19
Anhui,18
Nagasaki,17
Okinawa,17
Guizhou,16
Shanxi,16
Gifu,16
Kochi,16
Kagoshima,16
Beijing,15
Inner Mongolia,15
Kumamoto,15
Iwate,14
Yamaguchi,14
Jiangxi,13
Toyama,13
Ehime,13
Fukushima,11
Miyazaki,11
Jilin,10
Niigata,10
Shimane,10
Yamanashi,9
Fukui,8
Wakayama,8
Tokushima,8
Heilongjiang,7
Kagawa,7
California,7
Ningxia,6
Oita,6
Aomori,5
Akita,5
Tottori,5
Yamagata,4
England,3
Saga,3
Gyeonggi,3
Hanoi,3
British Columbia,2
Santiago Metropolitan,2
Auvergne-Rhône-Alpes,2
Delhi,2
Lombardy,2
Illinois,2
New York,2
Ohio,2
Buenos Aires,1
Styria,1
Tyrol,1
New South Wales,1
Hainan,1
Capital Region,1
Île-de-France,1
Csongrád,1
West Java,1
Lazio,1
Nairobi County,1
Seoul,1
Busan,1
Selangor,1
South Holland,1
Khanty-Mansi,1
Ulyanovsk,1
Bangkok,1
Taipei,1
Maryland,1
Michigan,1
Nevada,1
Oklahoma,1
Ho Chi Minh City,1
