property,value,visitors,events,percentage
url,(none),12216,17967,99.6
url,https://bootstrap.pypa.io/get-pip.py,228,257,1.9
url,https://docs.python-guide.org/starting/installation/#installation,158,164,1.3
url,https://www.python.org/,136,143,1.1
url,https://opentechschool.github.io/python-beginners/en/getting_started.html#what-is-python-exactly,65,69,0.5
url,https://pypi.org/,27,29,0.2
url,https://pip.pypa.io/,25,26,0.2
url,https://pip.pypa.io/en/latest/user_guide/#requirements-files,21,21,0.2
url,https://docs.python.org/3/library/venv.html,19,19,0.2
url,https://docs.python.org/3/tutorial/modules.html#packages,19,19,0.2
url,https://github.com/pypa/pip,17,17,0.1
url,https://pip.pypa.io/en/latest/topics/secure-installs/,14,15,0.1
url,https://setuptools.pypa.io/en/latest/userguide/miscellaneous.html,14,14,0.1
url,https://docs.python.org/3/library/ensurepip.html,13,13,0.1
url,https://pypi.org/classifiers/,13,13,0.1
url,https://setuptools.pypa.io/en/latest/userguide/development_mode.html,13,15,0.1
url,https://pypi.org/project/pip/,11,12,0.1
url,https://spdx.org/licenses/,11,11,0.1
url,https://peps.python.org/pep-0639/,10,10,0.1
url,https://github.com/pypa/sampleproject,9,10,0.1
url,https://github.com/pypa/packaging.python.org/blob/main/source/tutorials/installing-packages.rst?plain=true,8,8,0.1
url,https://setuptools.readthedocs.io/en/latest/,8,9,0.1
url,https://test.pypi.org/account/register/,8,18,0.1
url,https://github.com/pypa/packaging.python.org,7,9,0.1
url,https://github.com/pypa/pip/issues/1668,7,7,0.1
url,https://github.com/pypa/setuptools,7,9,0.1
url,https://peps.python.org/pep-0508/,7,7,0.1
url,https://pip.pypa.io/en/latest/,7,7,0.1
url,https://virtualenv.pypa.io/en/stable/index.html,7,10,0.1
url,https://www.python.org/downloads/,7,7,0.1
url,https://docs.python.org/3/library/sysconfig.html#installation-paths,6,6,0.0
url,https://pipx.pypa.io/,6,7,0.0
url,https://test.pypi.org/manage/account/#api-tokens,6,9,0.0
url,http://doc.devpi.net/latest/,5,5,0.0
url,https://datatracker.ietf.org/doc/html/rfc2119.html,5,5,0.0
url,https://github.com/pypa/packaging.python.org/edit/main/source/tutorials/installing-packages.rst,5,6,0.0
url,https://github.com/pypa/sampleproject/blob/db5806e0a3204034c51b1c00dde7d5eb3fa2532e/setup.py,5,5,0.0
url,https://github.com/uranusjr/simpleindex,5,5,0.0
url,https://iscinumpy.dev/post/bound-version-constraints/#pinning-the-python-version-is-special,5,5,0.0
url,https://peps.python.org/pep-0517/,5,5,0.0
url,https://pip.pypa.io/en/latest/cli/,5,6,0.0
url,https://pypi.org/project/setuptools,5,6,0.0
url,https://setuptools.pypa.io/en/latest/userguide/datafiles.html,5,5,0.0
url,https://setuptools.pypa.io/en/latest/userguide/pyproject_config.html#dynamic-metadata,5,5,0.0
url,https://choosealicense.com/,4,4,0.0
url,https://docs.microsoft.com/en-us/windows/win32/shell/user-environment-variables?redirectedfrom=MSDN,4,4,0.0
url,https://github.com/pypa/packaging-problems,4,4,0.0
url,https://github.com/pypa/pipenv,4,4,0.0
url,https://peps.python.org/pep-0518/,4,4,0.0
url,https://pip.pypa.io/en/latest/cli/pip_install/#pip-install,4,4,0.0
url,https://bandersnatch.readthedocs.io/,3,3,0.0
url,https://console.cloud.google.com/bigquery,3,3,0.0
url,https://devpi.net/docs/devpi/devpi/latest/+doc/index.html,3,3,0.0
url,https://github.com/features/actions,3,3,0.0
url,https://github.com/marketplace/actions/pypi-publish,3,3,0.0
url,https://github.com/pypa/packaging,3,3,0.0
url,https://github.com/pypa/packaging.python.org/blob/main/source/index.rst?plain=true,3,3,0.0
url,https://github.com/pypa/pip/issues,3,3,0.0
url,https://github.com/pypa/pipfile,3,3,0.0
url,https://github.com/pypa/twine,3,8,0.0
url,https://github.com/python-poetry/poetry,3,3,0.0
url,https://hatch.pypa.io/1.9/version/,3,3,0.0
url,https://hatch.pypa.io/latest/,3,3,0.0
url,https://peps.python.org/pep-0459/,3,3,0.0
url,https://peps.python.org/pep-0723/,3,3,0.0
url,https://peps.python.org/pep-0751/,3,3,0.0
url,https://pip.pypa.io/en/latest/user_guide/#user-installs,3,3,0.0
url,https://pip.pypa.io/en/stable/user_guide/#user-installs,3,3,0.0
url,https://pipenv.pypa.io/en/latest/index.html,3,3,0.0
url,https://pyinstaller.readthedocs.io/en/stable/,3,3,0.0
url,https://pypi.org/classifiers,3,3,0.0
url,https://pypi.org/help/#apitoken,3,3,0.0
url,https://pypi.org/project/hatchling/,3,3,0.0
url,https://python-poetry.org/,3,3,0.0
url,https://semver.org/,3,3,0.0
url,https://setuptools.pypa.io/en/latest/userguide/entry_point.html,3,3,0.0
url,https://setuptools.pypa.io/en/latest/userguide/pyproject_config.html,3,4,0.0
url,https://toml.io/,3,4,0.0
url,https://www.pypa.io/en/latest/,3,4,0.0
url,http://pip.readthedocs.org/en/stable/,2,2,0.0
url,https://console.cloud.google.com/bigquery?p=bigquery-public-data&d=pypi&page=dataset,2,2,0.0
url,https://discord.com/invite/pypa,2,3,0.0
url,https://docs.anaconda.com/anaconda/,2,2,0.0
url,https://docs.astral.sh/uv/,2,2,0.0
url,https://docs.fedoraproject.org/en-US/epel/getting-started/,2,2,0.0
url,https://docs.python.org/3/library/importlib.metadata.html#module-importlib.metadata,2,2,0.0
url,https://docs.python.org/3/library/sysconfig.html#sysconfig.get_platform,2,2,0.0
url,https://flit.pypa.io/en/stable/,2,2,0.0
url,https://flit.readthedocs.io/en/latest/,2,2,0.0
url,https://github.com/PyCQA/flake8,2,3,0.0
url,https://github.com/devpi/devpi/issues,2,2,0.0
url,https://github.com/helpshift/pypiprivate,2,2,0.0
url,https://github.com/pdm-project/pdm,2,3,0.0
url,https://github.com/pypa/cibuildwheel/issues,2,2,0.0
url,https://github.com/pypa/packaging-problems/issues/new?template=packaging_tutorial.yml&title=Trouble+with+the+packaging+tutorial&guide=https://packaging.python.org/tutorials/packaging-projects,2,2,0.0
url,https://github.com/pypa/packaging.python.org/blob/main/source/discussions/src-layout-vs-flat-layout.rst?plain=true,2,6,0.0
url,https://github.com/pypa/packaging.python.org/edit/main/source/specifications/index.rst,2,2,0.0
url,https://github.com/pypa/sample-namespace-packages/tree/master/pkg_resources,2,2,0.0
url,https://github.com/pypa/sample-namespace-packages/tree/master/pkgutil,2,2,0.0
url,https://github.com/pypa/sampleproject/blob/db5806e0a3204034c51b1c00dde7d5eb3fa2532e/setup.cfg,2,2,0.0
url,https://github.com/pypa/wheel,2,2,0.0
url,https://github.com/python/mypy,2,3,0.0
url,https://mail.python.org/pipermail/distutils-sig/2016-May/028986.html,2,8,0.0
url,https://peps.python.org/pep-0621/,2,2,0.0
url,https://pip.pypa.io/en/latest/topics/vcs-support/#vcs-support,2,3,0.0
url,https://pypi.org/project/PIL/,2,2,0.0
url,https://pypi.org/project/bandersnatch,2,2,0.0
url,https://pypi.org/project/build,2,2,0.0
url,https://pypi.org/project/devpi,2,2,0.0
url,https://pypi.org/project/pipenv,2,2,0.0
url,https://pypi.org/project/pipx/,2,2,0.0
url,https://pypi.org/project/twine,2,2,0.0
url,https://pypi.org/project/virtualenv/,2,2,0.0
url,https://scientific-python.org/,2,2,0.0
url,https://setuptools.pypa.io/,2,2,0.0
url,https://setuptools.pypa.io/en/latest/references/keywords.html,2,2,0.0
url,https://setuptools.pypa.io/en/latest/userguide/index.html,2,2,0.0
url,https://setuptools.readthedocs.io/en/latest/deprecated/easy_install.html#natural-script-launcher,2,3,0.0
url,https://test.pypi.org/help/#apitoken,2,2,0.0
url,https://thomasnyberg.com/cpp_extension_modules.html,2,2,0.0
url,http://www.py2exe.org/,1,1,0.0
url,https://backend.pdm-project.org/,1,1,0.0
url,https://blog.ganssle.io/articles/2021/10/setup-py-deprecated.html,1,1,0.0
url,https://boltons.readthedocs.io/en/latest/architecture.html,1,1,0.0
url,https://brew.sh/,1,1,0.0
url,https://brython.info/,1,1,0.0
url,https://build.pypa.io/en/stable/index.html,1,1,0.0
url,https://bundler.io/,1,1,0.0
url,https://console.developers.google.com/apis/library/bigquery-json.googleapis.com,1,1,0.0
url,https://datatracker.ietf.org/doc/html/rfc822.html#section-3.1.1,1,1,0.0
url,https://docs.anaconda.com/miniconda/,1,1,0.0
url,https://docs.djangoproject.com/en/dev/intro/,1,1,0.0
url,https://docs.pypi.org/trusted-publishers/,1,1,0.0
url,https://docs.python.org/2/library/sysconfig.html#installation-paths,1,1,0.0
url,https://docs.python.org/3/library/argparse.html#module-argparse,1,1,0.0
url,https://docs.python.org/3/library/email.parser.html#module-email.parser,1,1,0.0
url,https://docs.python.org/3/library/email.policy.html#email.policy.compat32,1,1,0.0
url,https://docs.python.org/3/library/hashlib.html#hashlib.algorithms_guaranteed,1,1,0.0
url,https://docs.python.org/3/library/importlib.metadata.html#importlib.metadata.EntryPoint,1,3,0.0
url,https://docs.python.org/3/library/platform.html#platform.machine,1,1,0.0
url,https://docs.python.org/3/library/re.html#re.IGNORECASE,1,1,0.0
url,https://docs.python.org/3/library/site.html#index-2,1,1,0.0
url,https://docs.python.org/3/library/site.html#site.USER_BASE,1,1,0.0
url,https://docs.python.org/3/library/sys.html#sys.path,1,1,0.0
url,https://docs.python.org/3/reference/lexical_analysis.html#identifiers,1,1,0.0
url,https://docutils.sourceforge.io/docs/ref/rst/restructuredtext.html,1,1,0.0
url,https://en.wikipedia.org/wiki/Linux_distribution,1,1,0.0
url,https://en.wikipedia.org/wiki/Platform_as_a_service,1,1,0.0
url,https://fedoraproject.org/wiki/EPEL,1,1,0.0
url,https://flexx.readthedocs.io/en/latest/,1,2,0.0
url,https://flit.pypa.io/en/stable/pyproject_toml.html,1,1,0.0
url,https://flit.readthedocs.io/en/latest/rationale.html,1,1,0.0
url,https://github.com/EpicWink/proxpi,1,1,0.0
url,https://github.com/actions/download-artifact,1,1,0.0
url,https://github.com/actions/upload-artifact,1,1,0.0
url,https://github.com/jazzband/pip-tools,1,1,0.0
url,https://github.com/pradyunsg/furo,1,1,0.0
url,https://github.com/pulp/pulp_python,1,1,0.0
url,https://github.com/pypa,1,1,0.0
url,https://github.com/pypa/auditwheel,1,1,0.0
url,https://github.com/pypa/bandersnatch,1,1,0.0
url,https://github.com/pypa/build,1,1,0.0
url,https://github.com/pypa/cibuildwheel,1,1,0.0
url,https://github.com/pypa/distlib,1,1,0.0
url,https://github.com/pypa/distlib/issues,1,1,0.0
url,https://github.com/pypa/gh-action-pypi-publish,1,2,0.0
url,https://github.com/pypa/packaging.python.org/,1,1,0.0
url,https://github.com/pypa/packaging.python.org/blob/main/source/flow.rst?plain=true,1,1,0.0
url,https://github.com/pypa/packaging.python.org/blob/main/source/overview.rst?plain=true,1,2,0.0
url,https://github.com/pypa/packaging.python.org/blob/main/source/specifications/binary-distribution-format.rst?plain=true,1,1,0.0
url,https://github.com/pypa/packaging.python.org/edit/main/source/guides/analyzing-pypi-package-downloads.rst,1,1,0.0
url,https://github.com/pypa/packaging.python.org/edit/main/source/specifications/binary-distribution-format.rst,1,1,0.0
url,https://github.com/pypa/readme_renderer/,1,1,0.0
url,https://github.com/pypa/sample-namespace-packages/tree/master/native,1,1,0.0
url,https://github.com/pypa/setuptools/issues,1,1,0.0
url,https://github.com/pypa/virtualenv,1,1,0.0
url,https://github.com/pypa/virtualenv/issues,1,1,0.0
url,https://github.com/pypa/warehouse,1,1,0.0
url,https://github.com/pypiserver/pypiserver,1,1,0.0
url,https://github.com/thoth-station/micropipenv,1,1,0.0
url,https://github.com/wolever/pip2pi,1,1,0.0
url,https://mail.python.org/pipermail/distutils-sig/2013-May/020855.html,1,1,0.0
url,https://nox.thea.codes/en/latest/index.html,1,1,0.0
url,https://numpy.org/,1,1,0.0
url,https://pdm-project.org/en/latest/reference/pep621/#__tabbed_1_2,1,1,0.0
url,https://pdm-project.org/latest/reference/pep621/,1,1,0.0
url,https://pdm.fming.dev/,1,1,0.0
url,https://peps.python.org/pep-0301/,1,1,0.0
url,https://peps.python.org/pep-0386/,1,1,0.0
url,https://peps.python.org/pep-0420/,1,1,0.0
url,https://peps.python.org/pep-0426/,1,1,0.0
url,https://peps.python.org/pep-0427/,1,1,0.0
url,https://peps.python.org/pep-0440/,1,1,0.0
url,https://peps.python.org/pep-0503/#normalized-names,1,1,0.0
url,https://peps.python.org/pep-0513/,1,1,0.0
url,https://peps.python.org/pep-0566/,1,1,0.0
url,https://peps.python.org/pep-0621/#license,1,1,0.0
url,https://peps.python.org/pep-0625/,1,1,0.0
url,https://peps.python.org/pep-0632/,1,1,0.0
url,https://peps.python.org/pep-0643/,1,1,0.0
url,https://peps.python.org/pep-0685/,1,1,0.0
url,https://peps.python.org/pep-0753/,1,1,0.0
url,https://peps.python.org/pep-0770/,1,2,0.0
url,https://pip.pypa.io/en/stable/topics/vcs-support/,1,1,0.0
url,https://pybee.org/,1,1,0.0
url,https://pypackaging-native.github.io/,1,1,0.0
url,https://pypi.org/manage/account/publishing/,1,1,0.0
url,https://pypi.org/project/Pillow,1,1,0.0
url,https://pypi.org/project/Pillow/,1,1,0.0
url,https://pypi.org/project/attrs,1,1,0.0
url,https://pypi.org/project/keyring/,1,1,0.0
url,https://pypi.org/project/ninja,1,1,0.0
url,https://pypi.org/project/packaging,1,1,0.0
url,https://pypi.org/project/pdm/,1,1,0.0
url,https://pypi.org/project/py2exe/,1,1,0.0
url,https://pypi.org/project/pynsist,1,1,0.0
url,https://pypi.org/project/pypiprivate/,1,1,0.0
url,https://pypi.org/project/pypiserver/,1,1,0.0
url,https://pypi.org/project/requests/,1,1,0.0
url,https://pyup.io/safety,1,1,0.0
url,https://scipy.org/install/#macos,1,1,0.0
url,https://scons.org/,1,1,0.0
url,https://server.ethicalads.io/proxy/click/10013/019c6f2c-49c5-75e2-9e96-f657447bc752/,1,1,0.0
url,https://server.ethicalads.io/proxy/click/10013/019c6f35-3099-7913-89aa-edcc736f3e46/,1,1,0.0
url,https://server.ethicalads.io/proxy/click/10023/019c6ee2-938e-7773-8b8d-85e64200a3db/,1,1,0.0
url,https://server.ethicalads.io/proxy/click/10023/019c6f7e-ac6d-7ad3-82e9-5df26dba7f89/,1,1,0.0
url,https://server.ethicalads.io/proxy/click/10024/019c719d-23b7-7ef1-8b21-01ac38c412d5/,1,1,0.0
url,https://server.ethicalads.io/proxy/click/10025/019c6f04-2dc1-7460-b2c2-7ce702c68ce0/,1,1,0.0
url,https://server.ethicalads.io/proxy/click/10026/019c6f8f-a650-75d2-aca4-c38aadde7fe2/,1,1,0.0
url,https://server.ethicalads.io/proxy/click/10026/019c7231-149f-7862-b7a7-ccb90a0b4448/,1,1,0.0
url,https://server.ethicalads.io/proxy/click/10026/019c730b-a8dd-74b2-8d23-5aa26e841554/,1,1,0.0
url,https://server.ethicalads.io/proxy/click/10027/019c6f25-899c-73e0-aa3b-6dc54579976b/,1,1,0.0
url,https://server.ethicalads.io/proxy/click/10027/019c6f46-df93-7383-a85e-86e06c8587a9/,1,1,0.0
url,https://server.ethicalads.io/proxy/click/10067/019c703d-024f-7591-bdde-75c79ef06b8f/,1,1,0.0
url,https://server.ethicalads.io/proxy/click/10067/019c7110-d0c9-7f83-aa71-968f8de6f097/,1,1,0.0
url,https://server.ethicalads.io/proxy/click/10068/019c71de-44cb-7533-b9f8-9dabe3ae43b5/,1,1,0.0
url,https://server.ethicalads.io/proxy/click/10070/019c70e5-5271-7b00-b68f-adca92bbf5bc/,1,1,0.0
url,https://server.ethicalads.io/proxy/click/10071/019c71ab-b662-7e82-babd-6ecb2dce1ea5/,1,1,0.0
url,https://server.ethicalads.io/proxy/click/10072/019c712e-2f3f-7c00-adba-f4809cc4f496/,1,1,0.0
url,https://server.ethicalads.io/proxy/click/10073/019c6f5f-d9a7-7183-9e69-21ba2d5eedec/,1,1,0.0
url,https://server.ethicalads.io/proxy/click/10100/019c70f0-9332-7c60-871f-ae9c735a464d/,1,1,0.0
url,https://server.ethicalads.io/proxy/click/10103/019c71c7-3a3a-7490-afbd-f22dbf70c6ba/,1,1,0.0
url,https://server.ethicalads.io/proxy/click/10103/019c71fd-e25d-7c12-b4ad-98b0873498d1/,1,1,0.0
url,https://server.ethicalads.io/proxy/click/10131/019c70cc-8942-7880-8a7a-06603bd27def/,1,1,0.0
url,https://server.ethicalads.io/proxy/click/8174/019c7253-2b3a-7630-ba69-1a402d76feb4/,1,1,0.0
url,https://server.ethicalads.io/proxy/click/8175/019c711f-ea50-76a2-94ff-bf43895ee988/,1,1,0.0
url,https://server.ethicalads.io/proxy/click/8175/019c7306-09a2-7660-8551-5d908ffb0870/,1,1,0.0
url,https://sethmlarson.dev/pep-440,1,1,0.0
url,https://setuptools-scm.readthedocs.io/,1,1,0.0
url,https://setuptools-scm.readthedocs.io/en/latest/,1,1,0.0
url,https://setuptools.pypa.io/en/latest/deprecated/commands.html,1,1,0.0
url,https://setuptools.pypa.io/en/latest/deprecated/distutils/setupscript.html#distutils-additional-files,1,1,0.0
url,https://setuptools.pypa.io/en/latest/userguide/miscellaneous.html#using-manifest-in,1,1,0.0
url,https://setuptools.pypa.io/en/latest/userguide/package_discovery.html#src-layout,1,1,0.0
url,https://spdx.github.io/spdx-spec/v2.2.2/SPDX-license-expressions/,1,1,0.0
url,https://test.pypi.org/manage/account/publishing/,1,1,0.0
url,https://translate.google.com/website?sl=en&tl=de&hl=de&prev=search&u=https://github.com/pypa/packaging.python.org/blob/main/source/guides/writing-pyproject-toml.rst?plain%3Dtrue,1,1,0.0
url,https://translate.google.com/website?sl=en&tl=fa&hl=en&client=webapp&u=https://bootstrap.pypa.io/get-pip.py,1,1,0.0
url,https://twine.readthedocs.io/en/latest/,1,1,0.0
url,https://twistedmatrix.com/,1,1,0.0
url,https://typer.tiangolo.com/,1,1,0.0
url,https://web.archive.org/web/20130321051043/http://blogs.msdn.com/b/ie/archive/2006/12/06/file-uris-in-windows.aspx,1,1,0.0
url,https://www.activestate.com/products/python/,1,1,0.0
url,https://www.fullstackpython.com/docker.html,1,1,0.0
url,https://www.sphinx-doc.org/,1,1,0.0
url,https://www.sphinx-doc.org/en/master/usage/restructuredtext/basics.html,1,1,0.0
url,https://www.w3.org/Protocols/rfc1341/4_Content-Type.html,1,1,0.0
