name,visitors,pageviews,bounce_rate,time_on_page,scroll_depth
/downloads/,162601,214685,65,34,25
/,98445,120394,50,28,42
/downloads/release/python-3133/,51576,55337,60,35,72
/downloads/windows/,51153,52496,68,52,13
/about/gettingstarted/,7720,7904,59,31,58
/search/,7628,10658,40,172,53
/downloads/macos/,7131,7965,60,42,15
/downloads/release/python-3922/,7119,7030,39,27,76
/doc/,4991,5338,41,18,49
/downloads/release/python-3100/,4511,4880,67,30,75
/downloads/release/python-31112/,3983,4015,33,28,80
/psf-landing/,3894,4227,35,13,40
/downloads/release/python-3110/,3534,3814,68,31,76
/downloads/source/,3480,3514,54,25,13
/downloads/release/python-31210/,3404,3018,74,31,79
/downloads/release/pymanager-250b9/,2845,2293,47,24,67
/downloads/release/python-31017/,2599,2676,35,34,80
/downloads/release/python-3120/,2517,2646,58,29,70
/about/,2460,2458,46,17,43
/downloads/release/python-3106/,2203,2598,74,78,80
/jobs/,2187,2334,52,28,31
/download/other/,2115,2205,45,28,62
/downloads/release/python-3132/,2077,2034,60,27,65
/downloads/release/python-31011/,2036,2062,73,36,79
/downloads/release/python-3119/,1987,1921,75,31,79
/community/,1867,1828,56,28,45
/downloads/release/python-3140b2/,1797,3040,35,23,50
/download/pre-releases/,1691,1598,31,9,69
/downloads/release/python-390/,1400,1493,61,37,73
/downloads/release/python-3130/,1330,1323,64,37,64
/about/apps/,1237,1214,52,28,52
/downloads/release/python-3109/,1174,1221,72,25,78
/download/releases/,1107,985,25,14,76
/downloads/release/python-380/,1046,1090,57,40,71
/downloads/release/python-31111/,997,947,35,23,78
/downloads/release/python-3820/,933,924,38,36,76
/downloads/release/python-3810/,919,900,73,53,76
/downloads/release/python-31016/,835,742,37,23,79
/downloads/release/python-3123/,831,839,62,38,74
/downloads/release/python-31013/,813,1071,33,32,79
/downloads/release/python-3124/,711,697,63,35,66
/downloads/release/python-3129/,709,635,76,32,76
/downloads/release/python-3913/,690,673,70,90,73
/doc/versions/,681,687,64,16,28
/shell/,667,739,66,214,38
/downloads/release/python-370/,657,710,56,81,67
/getit/,648,710,59,56,26
/downloads/release/python-31110/,642,653,34,56,80
/blogs/,587,576,45,13,56
/downloads/release/python-31010/,570,566,71,29,79
/downloads/release/python-31015/,536,462,31,28,81
/downloads/release/python-3114/,501,528,58,41,75
/downloads/release/python-3118/,483,475,71,32,78
/downloads/release/python-3128/,465,430,74,38,73
/downloads/release/python-31012/,427,462,35,33,81
/success-stories/,421,381,57,21,32
/events/,409,408,51,19,23
/downloads/release/python-2718/,400,415,80,370,72
/downloads/release/python-31014/,360,311,36,29,75
/downloads/release/python-379/,339,342,66,47,74
/downloads/release/python-3921/,318,272,33,19,78
/downloads/release/python-3116/,314,338,70,28,78
/downloads/release/python-360/,314,339,49,36,68
/downloads/release/python-3717/,297,283,34,36,73
/downloads/release/python-3131/,293,299,70,28,75
/accounts/login/,264,382,45,28,50
/downloads/release/python-3105/,260,269,75,24,80
/downloads/release/python-3127/,259,244,70,30,76
/downloads/release/python-3111/,254,234,69,32,72
/downloads/release/python-3920/,250,216,48,31,79
/community/logos/,248,328,65,24,58
/downloads/release/python-3125/,247,233,60,30,69
/downloads/release/python-368/,242,258,63,51,74
/download/alternatives/,232,207,53,26,60
/downloads/release/python-3126/,230,213,76,37,77
/downloads/release/python-3117/,229,205,75,32,77
/getit/windows/,216,197,59,25,11
/about/help/,210,199,51,16,46
/download,210,245,39,174,65
/doc/av/,208,188,56,35,45
/download/releases/2.7/,208,207,66,21,61
/downloads/release/python-377/,206,211,62,45,71
/downloads/release/python-3115/,202,177,73,39,80
/downloads/release/python-3121/,198,193,59,37,69
/psf/membership/,190,177,31,22,52
/success-stories/category/education/,189,174,50,18,64
/downloads/release/python-374/,186,230,50,40,74
/downloads/release/python-386/,184,177,64,45,77
/downloads/release/,175,181,18,20,71
/doc/essays/blurb/,173,188,76,51,63
/download/releases/3.0/,168,176,48,13,48
/downloads/release/python-3819/,168,152,26,28,79
/downloads/release/python-3122/,167,163,64,25,77
/downloads/release/python-3108/,166,137,63,29,75
/downloads/release/python-3112/,166,151,76,24,76
/psf/donations/,155,149,59,24,49
/about/quotes/,152,143,49,16,39
/success-stories/category/engineering/,151,148,47,22,65
/downloads/release/python-3101/,150,142,63,35,78
/downloads/release/python-382/,136,137,62,42,73
