name,visitors
Maharashtra,6145
Tamil Nadu,5670
Telangāna,5355
Karnataka,5118
California,4761
England,4382
Delhi,3966
Uttar Pradesh,3600
São Paulo,3495
Guangdong,3040
Tokyo,2921
Punjab,2513
West Bengal,2487
Seoul,2403
Texas,2305
Istanbul,2253
Moscow,2063
Gyeonggi,2037
Kerala,1782
Gujarat,1776
Ho Chi Minh City,1748
Ontario,1720
Florida,1716
Beijing,1701
Île-de-France,1683
New York,1682
Hanoi,1628
Shanghai,1587
Jakarta,1574
Madhya Pradesh,1491
Bihar,1488
Zhejiang,1456
Jiangsu,1422
Rajasthan,1399
Lima,1332
Cairo,1312
Andhra Pradesh,1250
Virginia,1245
Bangkok,1234
North Rhine-Westphalia,1227
Western,1203
Hesse,1179
Tashkent,1168
Sindh,1159
Capital District,1127
Dhaka Division,1120
Haryana,1099
North Holland,1097
Shandong,1076
Buenos Aires Province,1068
Illinois,1040
Santiago Metropolitan,1028
Minas Gerais,1007
Washington,992
Mazovia,983
New Jersey,977
Rio de Janeiro,976
Bavaria,973
Nairobi County,945
New South Wales,920
West Java,920
Metro Manila,907
Georgia,902
Henan,893
Saint Petersburg,879
Sichuan,864
Ankara,837
Riyadh,816
Lombardy,803
Quebec,801
Taipei,800
Ciudad de Mexico,772
Pennsylvania,765
Lagos,731
Province 3,715
Osaka,698
Massachusetts,687
Dubai,685
Punjab,682
Paraná,680
East Java,669
Hubei,662
Hormozgan,658
North Carolina,655
Baden-Württemberg,653
Odisha,652
Victoria,649
Ohio,635
Tel Aviv,633
Kanagawa,626
Gauteng,626
Fujian,624
Makkah,621
Kyiv,613
Meknès-Tafilalet,607
Madrid Autonomous Community,579
Guatemala,576
Antioquia,572
Mexico State,569
South Holland,563
British Columbia,556
Kuala Lumpur,554
Catalonia,543
Greater Accra,536
Shaanxi,534
Amman,534
Arizona,530
Michigan,530
Islamabad,520
Maryland,514
Chandigarh,513
Uttarākhand,507
Jharkhand,503
Auvergne-Rhône-Alpes,501
Oregon,494
Addis Ababa,488
Hunan,485
New Taipei,479
Hebei,474
Stockholm,473
Central Java,472
Santa Catarina,463
Colorado,460
Lazio,459
Krasnodar Krai,457
Ceará,454
Assam,451
Queensland,444
Anhui,442
Selangor,442
Incheon,438
Aichi,434
Pernambuco,432
Phnom Penh,431
Baku,429
Bahia,427
Attica,427
Calabarzon,426
Rio Grande do Sul,424
Taichung,414
Leinster,407
Busan,405
Izmir,404
Chiba,395
Berlin,376
Pichincha,374
Lower Saxony,372
Uusimaa,372
Flanders,364
Vienna,363
Prague,363
Saxony,362
Saitama,358
Beograd,358
Federal District,357
Moscow Province,354
Alberta,353
Baghdad,349
Iowa,349
Andalusia,347
Federal Capital Territory,347
Guayas,342
Jalisco,337
Missouri,336
Lisbon,335
Goiás,334
Tianjin,333
Novosibirsk,325
Tennessee,323
Valencian Community,321
Scotland,320
San José,319
Almaty City,319
Occitanie,315
Jiangxi,313
Abu Dhabi,312
Minsk,312
Chhattīsgarh,312
Provence-Alpes-Côte-d'Azur,311
Tunis,311
Lesser Poland,305
Utah,302
Oriental,299
Eastern,299
Rostov,297
Bucharest,296
Oyo,293
Zürich,292
Chongqing,291
Indiana,286
Doha,285
Giza,284
Grand-Est,282
Budapest,282
South Chungcheong,281
Silesia,281
Western Australia,279
Central,279
Minnesota,277
Connecticut,275
Sverdlovsk,274
Hauts-de-France,273
Nouvelle-Aquitaine,271
Brussels,266
Distrito Nacional,265
Nuevo León,263
Sofia,262
Nevada,261
Daegu,260
Greater Poland,259
Kaohsiung,257
La Paz,254
Valle del Cauca,254
Chelyabinsk,248
Bursa,248
Amanat Al Asimah,247
Western Cape,246
Veneto,245
Campania,245
Central Luzon,245
Khyber Pakhtunkhwa,244
Taoyuan,242
Liaoning,241
Rhineland-Palatinate,237
Alexandria,237
Central,237
Pará,236
Santa Cruz,235
Muscat,234
Wisconsin,233
Abidjan,232
Central Visayas,232
La Libertad,231
Lima Region,231
Bashkortostan,230
Emilia-Romagna,229
South Gyeongsang,229
Algiers,227
Tatarstan,227
San Salvador,223
Chon Buri,223
Banten,222
Astana,221
Dnipropetrovshchyna,220
Paraíba,219
Córdoba,218
Nizhny Novgorod,216
Samara,215
Hamburg,214
Kwai Tsing New Territories,213
North Gyeongsang,213
Auckland,213
Bishkek,211
Tbilisi,210
Antalya,210
Espírito Santo,209
Himachal Pradesh,208
Alabama,207
Krasnoyarsk Krai,206
Capital Region,205
Lower Silesia,205
Lvivshchyna,205
Panamá,204
Veracruz,199
South Carolina,199
South Sulawesi,197
Hyogo,196
Porto,194
Luanda,190
Piedmont,187
Fukuoka,186
North Sumatra,184
Wallonia,183
Chaouia-Ouardigha,183
Ibaraki,182
North Chungcheong,181
Shanxi,179
Yunnan,179
Normandie,178
Dakar,177
Łódź,172
Pomerania,171
Capital,171
Daejeon,170
Yangon,168
Guanajuato,168
Dar es Salaam,167
Yerevan,166
Riga,166
Pays-de-la-Loire,165
Central Macedonia,165
Rabat-Salé-Zemmour-Zaer,165
Amazonas,164
Ashanti,162
Oklahoma,161
Sharjah,160
Zagreb,160
Gwangju City,159
Kentucky,159
Cochabamba,158
