name,unique_entrances,total_entrances,visit_duration
/3/,20,20,340
/dev/using/windows.html,15,15,310
/tr/3.15/using/windows.html,9,9,11
/tr/3/installing/index.html,8,8,4
/tr/3.14/tutorial/index.html,6,6,454
/tr/3/tutorial/index.html,6,6,15
/tr/3/,5,5,9
/tr/3/contents.html,4,4,0
/tr/3/glossary.html,4,4,0
/3/tutorial/index.html,3,3,15
/tr/3.13/using/windows.html,3,3,0
/tr/3.14/,3,3,117
/tr/3.14/library/math.html,3,3,37
/tr/3.14/search.html,3,3,548
/tr/3/tutorial/datastructures.html,3,3,35
/3.13/,2,2,149
/3/library/random.html,2,2,63
/3/library/tkinter.html,2,2,625
/3/whatsnew/3.14.html,2,2,76
/el/3.14/,2,2,42
/tr/3.12/library/tk.html,2,2,0
/tr/3.14/download.html,2,3,8
/tr/3.14/license.html,2,2,0
/tr/3.14/tutorial/appetite.html,2,3,287
/tr/3.14/tutorial/interpreter.html,2,2,0
/tr/3.14/tutorial/introduction.html,2,2,0
/tr/3/genindex-D.html,2,2,0
/tr/3/library/distribution.html,2,2,0
/tr/3/library/functions.html,2,2,0
/tr/3/library/html.html,2,2,0
/tr/3/library/idle.html,2,2,0
/tr/3/library/tk.html,2,2,0
/tr/3/reference/expressions.html,2,2,0
/tr/3/tutorial/errors.html,2,2,0
/tr/3/tutorial/interpreter.html,2,2,0
/3.12/library/functions.html,1,1,174
/3.12/whatsnew/3.12.html,1,1,274
/3.13/tutorial/,1,1,185
/3.13/using/windows.html,1,1,81
/3.14/,1,1,10
/3.14/tutorial/index.html,1,1,34
/3.14/using/windows.html,1,1,0
/3.14/whatsnew/3.14.html,1,1,9
/3.15/,1,1,334
/3/faq/,1,1,15
/3/howto/urllib2.html,1,1,5203
/3/installing/index.html,1,1,7
/3/library/,1,1,288
/3/library/email.mime.html,1,1,1642
/3/library/exceptions.html,1,1,6
/3/library/idle.html,1,1,480
/3/library/math.html,1,1,1265
/3/library/os.html,1,1,221
/3/library/pickle.html,1,1,18
/3/library/zipimport.html,1,1,0
/3/py-modindex.html,1,1,23
/3/search.html,1,1,324
/3/tutorial/,1,1,180
/3/tutorial/controlflow.html,1,1,28
/3/tutorial/modules.html,1,1,2014
/3/tutorial/stdlib.html,1,1,0
/3/using/cmdline.html,1,1,13
/3/using/windows.html,1,1,11
/el/3.15/using/windows.html,1,1,19
/es/3.14/tutorial/classes.html,1,1,1202
/tr/3.13/library/stdtypes.html,1,1,0
/tr/3.13/tutorial/index.html,1,1,29
/tr/3.13/tutorial/introduction.html,1,1,0
/tr/3.14/library/email.mime.html,1,1,1630
/tr/3.14/library/functions.html,1,1,0
/tr/3.14/library/idle.html,1,1,7
/tr/3.14/library/random.html,1,1,0
/tr/3.14/library/stdtypes.html,1,1,121
/tr/3.14/library/tkinter.html,1,1,66
/tr/3.14/library/zipimport.html,1,1,0
/tr/3.14/tutorial/classes.html,1,1,1075
/tr/3.14/tutorial/controlflow.html,1,1,0
/tr/3.14/tutorial/stdlib.html,1,1,123
/tr/3.14/tutorial/venv.html,1,1,114
/tr/3.14/whatsnew/3.14.html,1,1,3
/tr/3.15/search.html,1,1,0
/tr/3/c-api/init.html,1,1,0
/tr/3/c-api/module.html,1,1,0
/tr/3/c-api/set.html,1,1,0
/tr/3/c-api/unicode.html,1,1,0
/tr/3/faq/installed.html,1,1,0
/tr/3/genindex-A.html,1,1,0
/tr/3/genindex-K.html,1,1,16
/tr/3/howto/perf_profiling.html,1,1,0
/tr/3/index.html,1,1,272
/tr/3/library/array.html,1,1,0
/tr/3/library/asyncio.html,1,1,0
/tr/3/library/calendar.html,1,1,0
/tr/3/library/colorsys.html,1,1,0
/tr/3/library/copy.html,1,1,0
/tr/3/library/datatypes.html,1,1,0
/tr/3/library/decimal.html,1,1,0
/tr/3/library/devmode.html,1,1,0
/tr/3/library/hmac.html,1,1,0
/tr/3/library/json.html,1,1,0
/tr/3/library/markup.html,1,1,0
/tr/3/library/mm.html,1,1,0
/tr/3/library/multiprocessing.html,1,1,0
/tr/3/library/py_compile.html,1,1,0
/tr/3/library/removed.html,1,1,0
/tr/3/library/resource.html,1,1,0
/tr/3/library/syslog.html,1,1,0
/tr/3/library/threading.html,1,1,0
/tr/3/library/xmlrpc.client.html,1,1,0
/tr/3/tutorial/,1,1,0
/tr/3/using/windows.html,1,1,0
/tr/3/whatsnew/2.6.html,1,1,0
