name,visitors
Guangdong,101
Tokyo,59
Beijing,47
California,47
Shanghai,45
England,42
Maharashtra,41
Moscow,29
Karnataka,28
Zhejiang,24
Tamil Nadu,23
Jiangsu,22
Shaanxi,22
Osaka,22
New South Wales,21
Bavaria,21
New York,21
Bangkok,19
Jakarta,18
North Holland,16
Texas,16
São Paulo,15
Hubei,15
Hesse,15
New Jersey,15
Sichuan,14
Île-de-France,14
Mazovia,14
North Rhine-Westphalia,13
Massachusetts,13
Virginia,13
Washington,13
Shandong,12
Kuala Lumpur,12
Metro Manila,12
Ho Chi Minh City,12
Baden-Württemberg,11
Provence-Alpes-Côte-d'Azur,11
Delhi,11
Gujarat,11
West Bengal,11
Kyiv,11
Henan,10
Kwai Tsing New Territories,10
Uttar Pradesh,10
West Pomerania,10
Taipei,10
Florida,10
Ontario,9
Zürich,9
Telangāna,9
Gyeonggi,9
Lima,9
Punjab,9
Vienna,8
British Columbia,8
Saxony,8
Madrid Autonomous Community,8
Western,8
Istanbul,8
Illinois,8
North Carolina,8
Buenos Aires Province,7
Dhaka Division,7
Wallonia,7
Anhui,7
Hebei,7
Liaoning,7
Capital District,7
Cairo,7
Leinster,7
Central,7
Selangor,7
Ohio,7
Oregon,7
Hanoi,7
Pernambuco,6
Santiago Metropolitan,6
Berlin,6
Lower Saxony,6
Catalonia,6
Scotland,6
Kerala,6
Odisha,6
Kanagawa,6
Seoul,6
Busan,6
Ciudad de Mexico,6
South Holland,6
Auckland,6
Saint Petersburg,6
Tatarstan,6
Taichung,6
Colorado,6
Utah,6
Bahia,5
Rio Grande do Sul,5
Minsk,5
Ticino,5
Chongqing,5
Hunan,5
Jiangxi,5
Prague,5
Rhineland-Palatinate,5
Andalusia,5
Valencian Community,5
Greater Accra,5
Tel Aviv,5
Madhya Pradesh,5
Lombardy,5
Chiba,5
Almaty City,5
Gelderland,5
Province 3,5
Lesser Poland,5
Bucharest,5
Rostov,5
Taoyuan,5
Georgia,5
Minnesota,5
Victoria,4
Sofia,4
Pará,4
Santa Catarina,4
Fujian,4
Yunnan,4
Harjumaa,4
Tbilisi,4
Kowloon City Kowloon,4
Jerusalem,4
Andhra Pradesh,4
Piedmont,4
Campania,4
Nairobi County,4
Phnom Penh,4
Leiria,4
Bashkortostan,4
Dagestan,4
Moscow Province,4
Eastern,4
Changhua,4
Chiayi County,4
Hsinchu,4
Kaohsiung,4
New Taipei,4
Central,4
Alabama,4
Indiana,4
Missouri,4
Nebraska,4
Tennessee,4
Queensland,3
Flanders,3
Federal District,3
Goiás,3
Minas Gerais,3
Quebec,3
Gansu,3
San José,3
Bremen,3
Oran,3
Auvergne-Rhône-Alpes,3
Grand-Est,3
Nouvelle-Aquitaine,3
Chandigarh,3
Hormozgan,3
Tuscany,3
Fukui,3
Hyogo,3
Incheon,3
Meknès-Tafilalet,3
Jalisco,3
Islamabad,3
Sindh,3
Porto,3
Ilfov,3
Krasnodar Krai,3
Novosibirsk,3
Primorsky Krai,3
Samara,3
Udmurt,3
Volgograd,3
Riyadh,3
Makkah,3
Dar es Salaam,3
Rivnenshchyna,3
Arizona,3
Washington DC,3
Iowa,3
Maryland,3
Michigan,3
Mississippi,3
Nevada,3
Wisconsin,3
Tashkent,3
Capital,3
Quảng Ngãi,3
Gauteng,3
Abu Dhabi,2
Misiones,2
Córdoba,2
Upper Austria,2
Styria,2
South Australia,2
Centre,2
Rio de Janeiro,2
Alberta,2
Vaud,2
Guangxi,2
Guizhou,2
Tianjin,2
Atlántico,2
Cesar,2
Norte de Santander,2
Central Bohemia,2
Moravia-Silesia,2
Hamburg,2
Thuringia,2
Santo Domingo,2
Laghouat,2
Castile and León,2
Castile-La Mancha,2
Normandie,2
Sha Tin New Territories,2
Pest,2
Banten,2
West Java,2
Central Java,2
Himachal Pradesh,2
Haryana,2
Uttarākhand,2
Baghdad,2
Amman,2
Hokkaido,2
Tochigi,2
Nagano,2
Aichi,2
Abai,2
Astana,2
Shymkent,2
Klaipėda County,2
Vilnius County,2
Luxembourg,2
Riga,2
Oriental,2
Chaouia-Ouardigha,2
Chișinău,2
Kachin,2
San Ġwann,2
Southern,2
Lagos,2
Arequipa,2
Huánuco,2
Junín,2
Davao,2
Holy Cross,2
Gaza,2
Ramallah and al-Bireh,2
Braşov,2
Cluj,2
Iași,2
Beograd,2
Chelyabinsk,2
Kaliningrad,2
Krasnoyarsk Krai,2
Leningrad,2
Nizhny Novgorod,2
Oryol,2
Yaroslavl,2
Trnava,2
Trenčín,2
Dakar,2
Rayong,2
Kef,2
Erzurum,2
Eskişehir,2
Izmir,2
Hsinchu County,2
Vinnychchyna,2
Crimea,2
Lvivshchyna,2
Poltavshchyna,2
Ternopilshchyna,2
Connecticut,2
Kentucky,2
Louisiana,2
Maine,2
Pennsylvania,2
Wyoming,2
Da Nang,2
Haiphong,2
Western Cape,2
Dubai,1
Yerevan,1
Santa Fe,1
Tucumán,1
Chubut,1
Western Australia,1
Baku,1
Brussels,1
