name,visitors,bounce_rate,visit_duration
Google,84486,82,105
Direct / None,52109,69,169
Bing,8425,79,113
python.org,6460,58,138
DuckDuckGo,4152,78,126
Yandex,3284,81,71
Brave,1930,79,104
chatgpt.com,1728,74,96
Baidu,1549,81,65
cs50.harvard.edu,1315,68,269
boot.dev,986,77,165
GitHub,807,82,66
udemy.com,653,90,71
Reddit,636,82,98
Ecosia,514,83,94
Yahoo!,402,81,99
pandas.pydata.org,398,92,49
Microsoft Teams,273,83,108
wiki.python.org,270,66,117
matplotlib.org,244,90,61
realpython.com,219,85,93
code.visualstudio.com,211,85,86
qiita.com,207,85,92
netacad.com,206,93,17
roadmap.sh,204,79,130
discuss.python.org,184,85,107
pip.pypa.io,176,77,118
Qwant,171,72,299
note.nkmk.me,166,83,87
docs.pydantic.dev,155,91,28
codecademy.com,148,90,35
numpy.org,132,81,92
pytest-mock.readthedocs.io,129,67,120
docs.pytorch.org,127,89,28
es.python.org,116,56,172
packaging.python.org,115,77,41
Youtube,110,85,56
pypi.org,93,87,178
learn.microsoft.com,90,90,7
doubao.com,87,70,110
link.zhihu.com,84,59,92
peps.python.org,79,73,183
fastapi.tiangolo.com,76,88,15
scikit-learn.org,75,81,75
Amazon,74,84,77
airflow.apache.org,74,93,20
docs.pytest.org,72,81,133
StackOverflow,69,80,79
flask.palletsprojects.com,67,84,32
openclassrooms.com,66,88,91
slowjournal.googleplex.com,63,85,6
edube.org,61,79,35
odoo.com,59,92,59
pygame.org,55,93,29
networkx.org,50,84,49
codedex.io,48,84,81
Facebook,47,94,5
hackerrank.com,45,91,11
langchain-ai.github.io,45,89,101
copilot.microsoft.com,44,84,22
sphinx-doc.org,44,80,71
link.csdn.net,43,86,160
medium.com,43,83,30
savanna.alxafrica.com,42,84,48
kivy.org,41,76,41
docs.astral.sh,40,93,21
python.p2hp.com,40,52,268
Perplexity,39,79,120
byui-cse.github.io,39,80,128
cursos.alura.com.br,38,85,68
habr.com,37,76,66
s3.eu-west-1.amazonaws.com,37,78,33
theforage.com,37,83,28
leetcode.com,35,86,26
docs.ansible.com,34,88,59
claude.ai,33,82,59
freecodecamp.org,33,88,61
notebooks.githubusercontent.com,32,75,108
Wikipedia,31,87,175
ru.hexlet.io,30,84,56
upgrad.com,30,81,35
hiladental.co.il,29,65,607
127.0.0.1,28,72,149
discordpy.readthedocs.io,28,89,32
elearn.epam.com,28,65,59
360.cn,27,78,14
app.aluracursos.com,27,89,25
yuanbao.tencent.com,26,50,79
learn.lewagon.com,24,68,220
skillbox.ru,24,59,33
superfastpython.com,24,80,130
developer.mozilla.org,23,61,157
mastergroosha.github.io,23,78,89
one.devops-cloud.01edu.ai,23,71,383
docs.scrapy.org,22,77,119
docs.vllm.ai,22,87,65
healthandwellnesnews.com,22,95,10
digitalocean.com,21,67,48
home-assistant.io,21,82,152
huggingface.co,21,100,0
programiz.com,21,95,1
utokyo-ipp.github.io,21,77,76
courses.campus.gov.il,20,90,0
learnpython.org,20,95,1
mne.tools,20,95,1
strftime.org,20,75,11
Shenma,19,89,1
courses.edx.org,19,74,67
python-forum.io,19,84,9
robotframework.org,19,95,18
sky.pro,19,74,83
docs.pola.rs,18,84,3
docs.sqlalchemy.org,18,84,67
intranet.hbtn.io,18,80,43
login.microsoftonline.com,18,79,25
microsoft.github.io,18,94,41
pillow.readthedocs.io,18,94,4
blog.csdn.net,17,82,8
confluence.ecmwf.int,17,88,15
python.jp,17,53,168
qna.habr.com,17,100,0
runoob.com,17,59,204
Gmail,16,89,43
LinkedIn,16,71,103
alphagenomedocs.com,16,94,3
jinja.palletsprojects.com,16,94,1
websockets.readthedocs.io,16,88,53
docs.aiohttp.org,15,93,48
learn.zybooks.com,15,88,0
mypy.readthedocs.io,15,67,286
pymupdf.readthedocs.io,15,93,37
cnblogs.com,14,93,5
discuss.streamlit.io,14,100,0
paiza.jp,14,93,2
pythoncheatsheet.org,14,64,357
source.android.com,14,64,58
statics.gov.teams.microsoft.us,14,86,1
amuletmc.com,13,77,115
app.dataquest.io,13,64,20
docs.circuitpython.org,13,85,96
faker.readthedocs.io,13,92,1
lms-kpitacademy.kpit.com,13,69,228
lms.skillfactory.ru,13,69,160
m365.cloud.microsoft,13,62,135
pro.arcgis.com,13,85,14
python-can.readthedocs.io,13,100,0
virtualenv.pypa.io,13,64,210
Hacker News,12,83,131
docs.aiogram.dev,12,75,73
docs.ray.io,12,92,2
learning.ccbp.in,12,67,75
lightning.ai,12,92,150
my.uopeople.edu,12,83,118
pytorch-geometric.readthedocs.io,12,100,0
skilio.com,12,75,86
algo-method.com,11,46,400
bitbucket.org,11,82,220
copilot.cloud.microsoft,11,91,53
doc.qt.io,11,82,253
docs.astropy.org,11,64,134
docs.python-telegram-bot.org,11,82,10
exercism.org,11,90,12
liaoxuefeng.com,11,79,30
luminaedu.com,11,82,131
namu.wiki,11,69,19
pyformat.info,11,85,1
pyserial.readthedocs.io,11,82,25
pythonmorsels.com,11,85,59
techradar.com,11,50,66
typing.python.org,11,45,453
w3schools.com,11,91,5
web.dio.me,11,67,218
xlsxwriter.readthedocs.io,11,91,63
chipx86.blog,10,90,34
coderivers.org,10,60,500
cs111.byu.edu,10,60,426
dataquest.io,10,70,221
docs.snowflake.com,10,82,17
ecollege.etbonline.ie,10,70,30
ellibrodepython.com,10,100,0
forums.raspberrypi.com,10,90,0
loguru.readthedocs.io,10,90,264
mclibre.org,10,40,259
notion.so,10,73,63
ojo.bnu.edu.cn,10,90,6
openseespydoc.readthedocs.io,10,90,1
plotly.com,10,100,0
python.it,10,89,31
scikit-image.org,10,70,6
srmrmp.codetantra.com,10,85,219
swcarpentry.github.io,10,40,304
virtuale.unibo.it,10,82,76
Coccoc,9,88,4
ai.pydantic.dev,9,89,181
app.certidevs.com,9,67,221
automatetheboringstuff.com,9,67,80
bettermanly.com,9,89,104
cheatsheetseries.owasp.org,9,100,0
chokkan.github.io,9,80,2
codecademy-enterprise.percipio.com,9,100,0
devguide.python.org,9,67,135
devopscube.com,9,67,283
docs.xarray.dev,9,100,0
elasticsearch-py.readthedocs.io,9,78,3
epochconverter.com,9,78,94
google.github.io,9,80,2
isaac-sim.github.io,9,89,1
itscordobavl2.milaulas.com,9,44,341
learn.nvidia.com,9,33,490
moodle.s.kyushu-u.ac.jp,9,75,198
oj.cs.cityu.edu.hk,9,100,0
pythoninsider.blogspot.com,9,0,1176
structlog.org,9,89,1
textual.textualize.io,9,100,0
tongyi.com,9,44,570
urllib3.readthedocs.io,9,78,221
Exinfluencer,8,88,136
Twitter,8,50,47
betterstack.com,8,100,0
beyonddream.me,8,100,0
blackbox.ai,8,67,81
chat.baidu.com,8,62,270
cms.unir.net,8,56,30
codeup.kr,8,75,11
datacamp.com,8,100,0
lex.infosysapps.com,8,75,34
metanit.com,8,100,0
optuna.readthedocs.io,8,88,1
pre-commit.com,8,88,33
presearch.com,8,88,6
py4e.com,8,88,0
secureflag.com,8,89,9
srmtrichy.codetantra.com,8,94,100
steam.oxxostudio.tw,8,75,108
tcsglobal.udemy.com,8,100,0
tw.alphacamp.co,8,25,212
vardhaman.codetantra.com,8,100,0
yuque.com,8,88,1
Quora,7,88,39
aprendepython.es,7,71,5
ava3.cefor.ifes.edu.br,7,56,55
canvas.unab.cl,7,89,3
docs.marimo.io,7,71,218
docs.telethon.dev,7,86,10
elab.cpe.ku.ac.th,7,100,0
esri.com,7,88,2
jupyterlabnext-0-labs-prod-jupyterlab-us-east-0.labs.cognitiveclass.ai,7,86,31
kitt.lewagon.com,7,88,382
oceanhero.today,7,100,0
open.uom.lk,7,100,0
opentelemetry-python.readthedocs.io,7,100,0
psycopg.org,7,100,0
pyinstaller.org,7,100,0
pythonlikeyoumeanit.com,7,86,4
uuidgenerator.net,7,100,0
wiki.freecad.org,7,86,92
wyag.thb.lt,7,100,0
a.yandex-team.ru,6,83,6
apscheduler.readthedocs.io,6,100,0
atcoder.jp,6,100,0
attrs.org,6,83,47
ava2.ead.ufscar.br,6,43,40
bsc-iitm.github.io,6,83,1
builtin.com,6,100,8
byhy.net,6,50,4
cantera.org,6,100,0
crackstation.net,6,100,0
cryptography.io,6,50,36
cs.upc.edu,6,100,0
deloittedevelopment.udemy.com,6,100,0
django-rest-framework.org,6,100,0
docs.celeryq.dev,6,83,5
docs.litestar.dev,6,100,0
drmgrdu.codetantra.com,6,100,0
enki,6,100,0
grpc.github.io,6,67,6
insideempire.github.io,6,67,60
jcristharif.com,6,50,172
kloud.edukate.ai,6,100,0
learn.umgc.edu,6,100,0
lms-wc.el.kanazawa-u.ac.jp,6,100,0
mlab.im.dendai.ac.jp,6,50,218
nhairs.github.io,6,67,266
openstax.org,6,83,30
overleaf.com,6,71,10
pygmt.org,6,100,0
pylint.readthedocs.io,6,83,110
pyneng.readthedocs.io,6,75,38
pythonguis.com,6,100,0
pyzmq.readthedocs.io,6,100,0
reflex.dev,6,100,0
rich.readthedocs.io,6,100,0
sejuku.net,6,83,2
sentry.io,6,83,204
tvm.apache.org,6,83,0
uvicorn.org,6,83,104
Telegram,5,80,2
Vkontakte,5,80,402
acwing.com,5,80,8
assets.scormproxy.com,5,100,0
