name,visitors,bounce_rate,visit_duration
Baidu,1862,84,20
Google,1332,79,191
Direct / None,1304,68,170
qiita.com,87,84,41
note.nkmk.me,58,86,74
Yahoo!,55,86,18
Bing,49,63,267
chatgpt.com,28,65,347
python.org,21,0,125
utokyo-ipp.github.io,17,78,48
chokkan.github.io,12,91,60
python.jp,12,50,145
DuckDuckGo,9,71,356
atcoder.jp,5,80,1
paiza.jp,5,100,0
Ecosia,4,100,3
python.ambitious-engineer.com,4,67,5
Youtube,3,67,27
algo-method.com,3,67,185
copilot.microsoft.com,3,67,8
free.aidemy.jp,3,100,0
GitHub,2,50,6
intranet.hbtn.io,2,0,1818
kikagaku.ai,2,100,0
manabeat.com,2,100,0
numpy.org,2,0,0
roadmap.sh,2,0,924
sejuku.net,2,0,155
www5.learningpark.jp,2,100,0
Rakuten,1,100,0
Twitter,1,100,0
aiacademy.jp,1,100,0
aisin.aidemy.jp,1,100,0
atmarkit.itmedia.co.jp,1,0,56
blog.goo.ne.jp,1,100,0
blog.pyq.jp,1,100,0
commte.net,1,100,0
dev.classmethod.jp,1,100,0
doc.qt.io,1,0,184
docs.pyq.jp,1,100,0
docs.pytest.org,1,0,2387
engineer-mole.tistory.com,1,100,0
engineercafe.connpass.com,1,100,0
flask.palletsprojects.com,1,0,27
harmonica.cyberagent.ai,1,100,0
hatenablog-parts.com,1,100,0
inetnf.auth,1,100,0
jupyter.org,1,100,0
kamatimaru.hatenablog.com,1,0,6
kirara-code.net,1,100,0
kirinholdings2.aidemy.jp,1,100,0
maspypy.com,1,100,0
moodle.daiichi-koudai.ac.jp,1,100,0
murata.udemy.com,1,100,0
note.alhinc.jp,1,100,0
oreilly.co.jp,1,0,49
pg-chain.com,1,100,0
pknight.hatenablog.com,1,100,0
programming-surgeon.com,1,100,0
pycamp.pycon.jp,1,100,0
saitodev.co,1,100,0
sck.aidemy.jp,1,100,0
sky.pro,1,0,197
skywork.ai,1,100,0
srbrnote.work,1,100,0
tatsudoya.blog.fc2.com,1,100,0
tech-lab.sios.jp,1,100,0
tech.kx2.site,1,100,0
teral.aidemy.jp,1,100,0
teratail.com,1,100,0
tohoho-web.com,1,100,0
tutorials.chainer.org,1,100,0
urllib3.readthedocs.io,1,0,285
webaccess.in.kyocera.co.jp,1,100,0
