name,visitors,bounce_rate,visit_duration
Google,2257,74,169
Direct / None,1140,72,236
Bing,146,66,244
es.python.org,136,34,241
python.org,52,0,567
chatgpt.com,41,57,748
ecursos.claseejecutiva.cl,18,42,177
GitHub,13,64,99
Yahoo!,13,82,28
DuckDuckGo,12,50,553
Microsoft Teams,12,75,138
skilio.com,9,78,84
campus109.unad.edu.co,8,50,320
wiki.python.org,7,29,323
campus2025.unahur.edu.ar,6,75,3
react-app-python-runner.vercel.app,6,67,790
Brave,5,80,168
Ecosia,5,100,1
cvdof.ucm.es,5,60,4
freecodecamp.org,5,100,0
netacad.com,5,0,538
savio.utb.edu.co,4,100,507
Baidu,3,100,0
Youtube,3,100,335
aprendepython.es,3,100,0
developer.mozilla.org,3,0,164
estudiantes.campus.humai.com.ar,3,33,1167
tecno12-18.com,3,100,0
unisabanae-learning.unisabana.edu.co,3,100,0
wiki.python.org.ar,3,33,176
zajuna.sena.edu.co,3,100,0
anyp.fcaglp.unlp.edu.ar,2,0,38
app.aluracursos.com,2,67,480
aulasvirtuales.frba.utn.edu.ar,2,0,54
bloqueneon.uniandes.edu.co,2,100,0
campus.ingenieria.uner.edu.ar,2,100,0
campusvirtual.unpaz.edu.ar,2,0,60
claude.ai,2,100,0
educacionadistancia.juntadeandalucia.es,2,0,91
hablemospython.dev,2,100,0
learn.eseit.edu.co,2,100,0
moodle-campusvirtualmexico.s3.amazonaws.com,2,0,2356
notebooks.githubusercontent.com,2,100,0
numpy.org,2,0,150
uamvirtual.uam.edu.ni,2,100,0
udemy.com,2,100,36
unisallevirtual.lasalle.edu.co,2,100,0
virtual.unju.edu.ar,2,50,48
9508.cercom.com.ar,1,0,2307
LinkedIn,1,100,0
Perplexity,1,100,0
Quora,1,0,6
Reddit,1,0,4
Slack,1,100,0
app.codica.la,1,0,1369
assets.scormproxy.com,1,0,14
atenea.upc.edu,1,0,1439
blackbox.ai,1,100,0
campus.ucp.edu.ar,1,100,0
campus.umanizalesvirtual.edu.co,1,0,30
campus118.unad.edu.co,1,0,35
canva.com,1,100,0
cdn.alumni.education,1,0,1564
cl-uc-kitdigital-docs-2.vercel.app,1,0,93
codecademy.com,1,0,1048
codehs-com.translate.goog,1,0,504
corecode.school,1,0,775
cs50.harvard.edu,1,0,2350
devops.unicaja.es,1,0,596
docs.python-telegram-bot.org,1,0,114
gimbernat.esemtia.net,1,100,0
iesbajoaragon.aeducar.es,1,0,2631
informatecdigital.com,1,0,1941
materiales.ies21.edu.ar,1,0,73
mesadeservicios.ucm.cl,1,100,0
moodle.escoladeltreball.org,1,0,60
moodle.progreso.tecnm.mx,1,0,67
moodle.ulatina.edu.pa,1,0,16
online.calamoycran.com,1,0,1402
overleaf.com,1,100,0
packaging.python.org,1,0,0
palermo.blackboard.com,1,100,0
pip.pypa.io,1,0,295
potterfun.com,1,0,83
presencial.aulasuniminuto.edu.co,1,100,0
pypi.org,1,0,198
reflex.dev,1,0,81
roadmap.sh,1,0,583
saman.icesi.edu.co,1,100,0
sanes.atlassian.net,1,100,0
sellbourne.com,1,100,0
swisscows.com,1,0,202
uvirtual2.ucsc.cl,1,100,0
vc-ov4deo.generaciontic.com,1,100,0
