name,visitors,pageviews,bounce_rate,time_on_page,scroll_depth
/es/3/tutorial/,868,1152,59,54,52
/es/3/tutorial/interpreter.html,265,278,66,91,78
/es/3/tutorial/appetite.html,253,230,51,68,88
/es/3/tutorial/introduction.html,253,239,77,151,55
/es/3/library/index.html,191,221,68,46,41
/es/3/library/tkinter.html,191,208,79,34,28
/es/3.13/tutorial/index.html,186,207,72,33,48
/es/3.13/,179,176,57,18,77
/es/3/tutorial/controlflow.html,158,162,74,117,33
/es/3/tutorial/index.html,147,195,73,27,46
/es/3.13/tutorial/introduction.html,132,173,69,230,58
/es/3.13/search.html,115,149,38,20,62
/es/3/tutorial/datastructures.html,114,119,79,69,44
/es/3/library/stdtypes.html,111,117,79,67,35
/es/3/tutorial/venv.html,99,100,91,28,55
/es/3.13/library/idle.html,98,111,67,18,24
/es/3.13/library/functions.html,92,97,83,45,36
/es/3/tutorial/classes.html,78,78,82,88,39
/es/3/installing/index.html,72,77,88,40,58
/es/3/search.html,72,98,47,15,51
/es/3.13/library/index.html,70,70,83,28,29
/es/3/,67,73,72,13,77
/es/3.13/tutorial/interpreter.html,66,65,81,57,72
/es/3.13/library/stdtypes.html,63,71,65,75,36
/es/3.13/tutorial/controlflow.html,62,62,74,179,27
/es/3/library/functions.html,50,52,76,60,37
/es/3/tutorial/errors.html,45,40,90,68,37
/es/3/glossary.html,42,42,63,46,43
/es/3/tutorial/inputoutput.html,40,38,83,92,47
/es/3/tutorial/modules.html,40,34,92,105,51
/es/3.13/tutorial/appetite.html,39,38,45,40,78
/es/3.13/tutorial/,37,40,69,39,58
/es/3.13/using/windows.html,37,30,88,90,29
/es/3/library/math.html,35,34,81,29,23
/es/3.13/glossary.html,33,40,78,23,28
/es/3.13/index.html,33,31,60,59,73
/es/3.13/library/os.html,33,31,77,51,23
/es/3.13/library/math.html,30,30,83,32,26
/es/3.13/library/venv.html,28,26,75,23,33
/es/3.13/library/random.html,27,25,79,34,40
/es/3.13/library/re.html,27,30,85,40,18
/es/3.13/reference/index.html,27,27,27,37,61
/es/3/library/datetime.html,27,26,93,21,18
/es/3.13/tutorial/datastructures.html,26,25,55,161,51
/es/3/library/string.html,26,26,56,92,54
/es/3.13/library/string.html,24,21,93,27,26
/es/3/reference/index.html,24,18,71,32,60
/es/3/library/argparse.html,22,21,88,56,33
/es/3/using/windows.html,22,26,56,147,44
/es/3.13/contents.html,21,19,62,27,15
/es/3/howto/logging.html,21,20,93,34,23
/es/dev/tutorial/controlflow.html,21,23,90,41,25
/es/3.13/whatsnew/3.13.html,20,14,75,31,16
/es/3.13/tutorial/errors.html,19,18,94,400,29
/es/3/howto/sorting.html,19,21,84,27,45
/es/3/library/random.html,19,18,87,104,38
/es/3.12/tutorial/index.html,18,18,56,14,52
/es/3/contents.html,18,19,60,21,4
/es/3/library/tk.html,18,22,29,22,59
/es/3.13/library/datetime.html,17,20,79,29,27
/es/3.13/library/tkinter.html,17,18,82,5,22
/es/3.13/reference/lexical_analysis.html,17,16,86,130,45
/es/3/using/cmdline.html,17,24,70,75,22
/es/3/library/json.html,16,16,86,30,32
/es/3.13/reference/compound_stmts.html,15,14,80,74,24
/es/3/library/exceptions.html,15,19,55,75,46
/es/3.13/download.html,14,14,50,24,82
/es/3.13/library/exceptions.html,14,16,67,298,46
/es/3.13/library/typing.html,14,16,33,26,24
/es/3/library/decimal.html,14,14,90,20,8
/es/3/library/intro.html,14,15,25,190,77
/es/3.13/library/turtle.html,13,15,100,34,21
/es/3.13/py-modindex.html,13,13,33,17,49
/es/3/library/statistics.html,13,15,100,75,19
/es/3/howto/regex.html,12,11,91,26,16
/es/3/library/pathlib.html,12,12,67,31,9
/es/3/library/re.html,12,10,100,87,44
/es/3/reference/compound_stmts.html,12,11,25,156,19
/es/3/reference/import.html,12,13,92,101,23
/es/3/using/editors.html,12,14,73,15,98
/es/dev/library/zlib.html,12,18,75,10,17
/es/3.13/library/csv.html,11,11,100,44,22
/es/3.13/tutorial/classes.html,11,14,29,22,66
/es/3/tutorial/appendix.html,11,9,33,9,81
/es/3/whatsnew/3.13.html,11,10,50,82,51
/es/3.13/library/__main__.html,10,9,100,20,34
/es/3.13/library/array.html,10,10,86,31,61
/es/3/library/asyncio.html,10,15,44,19,90
/es/3/library/functools.html,10,10,60,51,50
/es/3/library/sys.html,10,8,83,39,13
/es/3/library/turtle.html,10,17,75,85,47
/es/3/py-modindex.html,10,8,0,7,28
/es/3.12/,9,12,25,13,78
/es/3.12/tutorial/classes.html,9,12,33,53,26
/es/3.13/installing/index.html,9,9,100,32,46
/es/3.13/library/,9,12,100,42,56
/es/3.13/library/collections.html,9,11,83,69,37
/es/3.13/reference/datamodel.html,9,9,80,33,30
/es/3.13/reference/simple_stmts.html,9,13,100,4,34
/es/3.13/tutorial/modules.html,9,8,33,39,28
