name,visitors
Île-de-France,908
Auvergne-Rhône-Alpes,248
Occitanie,138
Grand-Est,127
Nouvelle-Aquitaine,119
Hauts-de-France,113
Provence-Alpes-Côte-d'Azur,113
Pays-de-la-Loire,100
Normandie,89
Brittany,75
Quebec,65
Burgundy-Franche-Comté,51
Abidjan,50
Centre-Val de Loire,45
Tunis,37
Wallonia,30
Dakar,29
Meknès-Tafilalet,27
Brussels,25
Littoral,13
Oriental,12
Vaud,11
Flanders,10
Chaouia-Ouardigha,10
Zürich,8
Algiers,8
England,8
Conakry,8
Ariana,8
Ben Arous,8
Sousse,8
Oran,7
South Kalimantan,7
Tangier-Tétouan,7
Taza-Al Hoceima-Taounate,7
Maritime,7
Nabeul,7
Centre,6
Geneva,6
Valais,6
PF-V,6
Kinshasa,5
Brazzaville,5
Littoral,5
Berlin,5
NC-S,5
New York,5
Ontario,4
Centre,4
North Rhine-Westphalia,4
Ouest,4
Luxembourg,4
Rabat-Salé-Zemmour-Zaer,4
Bamako,4
Niamey,4
Kef,4
Haut-Katanga,3
Estuaire,3
East Kalimantan,3
Fès-Boulemane,3
California,3
Dubai,2
Hauts-Bassins,2
Basel-Landschaft,2
Fribourg,2
Guangdong,2
Djibouti,2
Batna,2
Constantine,2
Pichincha,2
Catalonia,2
Corse,2
Delhi,2
Lombardy,2
Emilia-Romagna,2
North Holland,2
Diourbel,2
Bizerte,2
Kasserine,2
Monastir,2
Mahdia,2
Sfax,2
Andorra la Vella,1
Abu Dhabi,1
Upper Austria,1
Victoria,1
Centre-Est,1
Bujumbura,1
Gitega,1
Santa Catarina,1
São Paulo,1
Alberta,1
New Brunswick,1
Nord-Ubangi,1
Sangha,1
Cuvette-Ouest,1
Kouilou,1
Aargau,1
Bern,1
Neuchâtel,1
Schwyz,1
Comoé,1
Woroba,1
Zanzan,1
North,1
Anhui,1
Capital District,1
Brandenburg,1
Baden-Württemberg,1
Bavaria,1
Rhineland-Palatinate,1
Saxony,1
Chlef,1
Blida,1
Tlemcen,1
Tizi Ouzou,1
Skikda,1
Mostaganem,1
Mascara,1
Boumerdès,1
Mila,1
Cairo,1
Giza,1
Andalusia,1
Castile and León,1
Madrid Autonomous Community,1
Uusimaa,1
Tbilisi,1
Bissau,1
Grand'Anse,1
Nord-Est,1
Bihar,1
Haryana,1
Karnataka,1
Maharashtra,1
Tamil Nadu,1
Telangāna,1
Uttar Pradesh,1
Piedmont,1
Tokyo,1
Gyeonggi,1
Akmola,1
North Kazakhstan,1
Western,1
Nuevo León,1
Veracruz,1
Zinder,1
Ebonyi,1
NO-19,1
Braga,1
Braşov,1
Timiș,1
Sverdlovsk,1
Kigali,1
Makkah,1
Bahr el Gazel,1
Bangkok,1
Manouba,1
Kairouan,1
Sidi Bouzid,1
Istanbul,1
Colorado,1
Connecticut,1
Florida,1
Illinois,1
Massachusetts,1
South Carolina,1
Texas,1
Hanoi,1
