name,visitors,pageviews,bounce_rate,time_on_page,scroll_depth
/3.14/,619,929,43,27,78
/3.14/whatsnew/3.14.html,529,692,68,262,26
/3.14/tutorial/index.html,201,277,51,82,57
/3.14/using/windows.html,118,173,59,223,26
/3.14/search.html,65,129,47,38,58
/zh-cn/3.14/,52,71,71,128,81
/3.14/index.html,49,72,30,145,71
/3.14/library/index.html,38,51,100,47,41
/3.14/library/functions.html,36,40,44,170,41
/3.14/tutorial/interpreter.html,33,40,75,250,72
/zh-cn/3.14/tutorial/index.html,33,56,71,45,65
/3.14/tutorial/controlflow.html,31,33,67,91,42
/3.14/installing/index.html,30,34,75,179,56
/3.14/tutorial/appetite.html,30,33,100,107,85
/3.14/tutorial/introduction.html,28,33,67,434,64
/3.14/library/stdtypes.html,27,45,50,438,49
/3.14/glossary.html,25,34,83,57,43
/3.14/whatsnew/changelog.html,24,33,50,99,1
/3.14/py-modindex.html,22,33,50,41,58
/3.14/whatsnew/3.13.html,20,23,50,82,17
/3.14/download.html,19,22,86,242,89
/3.14/reference/index.html,19,29,60,89,73
/3.14/whatsnew/index.html,18,22,67,31,9
/zh-cn/3.14/tutorial/interpreter.html,18,25,67,46,72
/3.14/tutorial/,16,21,50,49,52
/3.14/contents.html,15,18,50,43,22
/3.14/using/index.html,15,16,50,11,86
/zh-cn/3.14/tutorial/appetite.html,15,17,100,31,92
/3.14/c-api/index.html,14,21,67,29,93
/zh-cn/3.14/contents.html,14,15,100,274,5
/3.14/library/multiprocessing.html,13,14,100,78,55
/3.14/library/uuid.html,13,20,67,76,63
/zh-cn/3.14/index.html,13,18,33,82,79
/zh-cn/3.14/tutorial/introduction.html,13,18,100,196,46
/3.14/genindex.html,12,16,67,5,100
/3.14/tutorial/datastructures.html,12,17,40,120,76
/zh-cn/3.14/whatsnew/3.14.html,12,15,100,69,20
/3.14/howto/index.html,11,14,67,9,82
/3.14/library/idle.html,11,16,100,253,53
/3.14/tutorial/modules.html,11,12,100,13,48
/zh-cn/3.14/tutorial/controlflow.html,11,13,88,319,18
/zh-cn/3.14/download.html,10,11,100,118,86
/3.14/library/random.html,9,10,100,21,34
/3.14/reference/datamodel.html,9,13,100,66,42
/zh-cn/3.14/library/index.html,9,13,33,23,54
/3.14/distributing/index.html,8,9,75,12,100
/3.14/library/annotationlib.html,8,9,50,184,56
/3.14/library/tkinter.html,8,11,50,72,4
/3.14/reference/compound_stmts.html,8,8,0,76,27
/3.14/tutorial/classes.html,8,8,33,59,52
/3.14/tutorial/inputoutput.html,8,10,50,76,69
/3.14/using/cmdline.html,8,10,100,39,61
/3.14/deprecations/index.html,7,8,100,10,72
/3.14/extending/index.html,7,8,75,20,66
/3.14/library/concurrent.futures.html,7,15,86,1367,54
/3.14/library/json.html,7,9,0,314,75
/3.14/reference/lexical_analysis.html,7,9,33,21,39
/3.14/using/configure.html,7,7,100,16,52
/zh-cn/3.14/library/functions.html,7,9,75,15,10
/zh-cn/3.14/reference/index.html,7,9,0,16,81
/zh-cn/3.14/using/windows.html,7,8,0,142,66
/3.14/faq/index.html,6,6,100,6,89
/3.14/library/contextlib.html,6,8,50,212,19
/3.14/library/exceptions.html,6,7,0,62,56
/3.14/reference/simple_stmts.html,6,6,100,23,44
/3.14/tutorial/errors.html,6,8,50,210,45
/3.14/whatsnew/3.12.html,6,6,0,14,18
/zh-cn/3.14/glossary.html,6,6,100,7,5
/zh-cn/3.14/installing/index.html,6,7,100,30,72
/3.14/about.html,5,9,100,242,100
/3.14/bugs.html,5,5,80,6,100
/3.14/c-api/intro.html,5,7,0,19,33
/3.14/howto/free-threading-python.html,5,7,100,228,56
/3.14/library/decimal.html,5,6,0,64,36
/3.14/library/difflib.html,5,4,100,122,14
/3.14/library/os.html,5,6,0,374,32
/3.14/library/pathlib.html,5,5,50,371,57
/3.14/reference/introduction.html,5,7,0,19,100
/3.14/tutorial/appendix.html,5,5,100,20,88
/es/3.14/whatsnew/3.14.html,5,6,100,77,4
/ko/3.14/,5,9,0,52,70
/pt-br/3.14/tutorial/index.html,5,5,67,16,50
/zh-cn/3.14/library/turtle.html,5,6,80,,35
/zh-cn/3.14/library/venv.html,5,5,100,,26
/zh-cn/3.14/search.html,5,12,67,426,53
/zh-cn/3.14/tutorial/classes.html,5,5,0,321,48
/zh-cn/3.14/using/index.html,5,10,50,16,74
/3.14/copyright.html,4,4,67,14,
/3.14/library/argparse.html,4,5,100,400,44
/3.14/library/bdb.html,4,4,0,70,15
/3.14/library/datetime.html,4,5,0,29,48
/3.14/library/math.html,4,9,0,185,48
/3.14/library/pickle.html,4,4,0,10,38
/3.14/library/re.html,4,5,100,686,65
/3.14/library/sqlite3.html,4,4,0,143,50
/3.14/library/string.html,4,5,50,49,95
/3.14/library/subprocess.html,4,8,0,11,30
/3.14/library/sys.html,4,4,0,30,45
/3.14/library/turtle.html,4,6,0,76,16
/3.14/library/typing.html,4,5,0,45,74
