name,visitors,pageviews,bounce_rate,time_on_page,scroll_depth
/tr/3.15/using/windows.html,22,16,100,26,23
/tr/3.14/tutorial/index.html,11,20,100,21,54
/tr/3.14/,9,10,50,9,79
/tr/3.14/tutorial/introduction.html,6,6,50,9,50
/tr/3.15/search.html,6,4,0,6,100
/tr/3/glossary.html,6,6,100,6,6
/tr/3.14/tutorial/datastructures.html,5,3,0,32,62
/tr/3/bugs.html,5,5,100,,
/tr/3.14/tutorial/appetite.html,4,4,0,96,100
/tr/3.14/tutorial/controlflow.html,4,3,0,198,99
/tr/3/download.html,4,3,100,9,100
/tr/3/py-modindex.html,4,4,100,,
/tr/3/tutorial/index.html,4,5,67,8,27
/tr/3.13/genindex-P.html,3,3,100,,
/tr/3.14/download.html,3,4,0,19,100
/tr/3.14/tutorial/interpreter.html,3,4,0,65,100
/tr/3/,3,3,100,1,74
/tr/3/installing/index.html,3,4,50,26,81
/tr/3/library/exceptions.html,3,3,67,,
/tr/3/reference/compound_stmts.html,3,3,100,,
/tr/3.13/library/functions.html,2,2,50,,
/tr/3.13/tutorial/index.html,2,1,0,14,57
/tr/3.14/library/functions.html,2,2,0,21,49
/tr/3.14/library/index.html,2,1,0,7,41
/tr/3.14/library/math.html,2,1,0,8,7
/tr/3.14/library/sys.html,2,1,0,7,90
/tr/3.14/reference/simple_stmts.html,2,1,0,69,40
/tr/3.14/whatsnew/3.14.html,2,1,0,140,100
/tr/3.15/py-modindex.html,2,2,0,18,27
/tr/3/contents.html,2,2,100,1,1
/tr/3/genindex.html,2,2,100,,
/tr/3/library/cgi.html,2,2,100,,
/tr/3/library/concurrent.futures.html,2,2,0,19,20
/tr/3/library/concurrent.html,2,3,100,2,100
/tr/3/library/inspect.html,2,2,100,,
/tr/3/library/math.html,2,2,50,6,29
/tr/3/library/readline.html,2,2,100,,
/tr/3/library/selectors.html,2,2,100,,
/tr/3/library/time.html,2,2,100,9,67
/tr/3/library/tk.html,2,2,0,7,58
/tr/3/library/tkinter.ttk.html,2,2,100,5,54
/tr/3/tutorial/,2,2,100,14,19
/tr/3/tutorial/datastructures.html,2,2,100,4,6
/tr/3/tutorial/venv.html,2,1,100,47,100
/tr/3/whatsnew/3.5.html,2,2,100,,
/tr/3.12/library/random.html,1,1,0,15,16
/tr/3.12/tutorial/index.html,1,1,0,25,36
/tr/3.12/tutorial/introduction.html,1,1,0,37,35
/tr/3.13/,1,1,0,6,100
/tr/3.13/howto/enum.html,1,1,100,5,100
/tr/3.13/index.html,1,1,100,,
/tr/3.13/library/stdtypes.html,1,1,0,,
/tr/3.13/tutorial/appetite.html,1,1,0,4,46
/tr/3.14/installing/index.html,1,1,0,209,100
/tr/3.14/library/datetime.html,1,1,0,17,2
/tr/3.14/library/idle.html,1,2,0,29,100
/tr/3.14/library/stdtypes.html,1,1,0,,
/tr/3.14/library/tkinter.html,1,1,0,7,3
/tr/3.14/reference/grammar.html,1,1,0,2,4
/tr/3.14/tutorial/,1,1,100,,
/tr/3.15/library/cgitb.html,1,1,0,28,100
/tr/3.15/tutorial/controlflow.html,1,1,0,67,13
/tr/3.15/tutorial/introduction.html,1,2,0,32,12
/tr/3/c-api/buffer.html,1,1,100,,
/tr/3/c-api/complex.html,1,1,100,,
/tr/3/c-api/typeobj.html,1,1,100,,
/tr/3/copyright.html,1,1,100,,
/tr/3/genindex-P.html,1,1,100,,
/tr/3/genindex-R.html,1,1,100,,
/tr/3/genindex-Semboller.html,1,1,0,11,12
/tr/3/howto/descriptor.html,1,1,100,,
/tr/3/library/allos.html,1,1,100,,
/tr/3/library/asyncio-extending.html,1,1,100,,
/tr/3/library/base64.html,1,1,100,,
/tr/3/library/chunk.html,1,1,100,,
/tr/3/library/codecs.html,1,1,100,,
/tr/3/library/compression.html,1,1,100,,
/tr/3/library/contextlib.html,1,1,100,,
/tr/3/library/dataclasses.html,1,1,100,,
/tr/3/library/email.compat32-message.html,1,1,100,,
/tr/3/library/email.errors.html,1,1,100,,
/tr/3/library/errno.html,1,1,0,,
/tr/3/library/html.html,1,1,100,,
/tr/3/library/http.client.html,1,1,100,,
/tr/3/library/imaplib.html,1,1,100,,
/tr/3/library/importlib.resources.html,1,1,100,,
/tr/3/library/index.html,1,1,100,2,12
/tr/3/library/internet.html,1,1,100,,
/tr/3/library/locale.html,1,1,100,,
/tr/3/library/logging.html,1,1,100,0,4
/tr/3/library/marshal.html,1,1,100,,
/tr/3/library/mimetypes.html,1,1,100,,
/tr/3/library/multiprocessing.shared_memory.html,1,1,100,,
/tr/3/library/operator.html,1,1,100,,
/tr/3/library/resource.html,1,1,100,,
/tr/3/library/select.html,1,1,100,,
/tr/3/library/socket.html,1,1,100,,
/tr/3/library/stdtypes.html,1,1,100,5,100
/tr/3/library/sys.html,1,1,100,,
/tr/3/library/types.html,1,1,100,,
