name,visitors
France,1263
Morocco,85
Algeria,77
Tunisia,56
Canada,55
Singapore,47
Côte d'Ivoire,45
Switzerland,43
Belgium,42
Senegal,24
Cameroon,17
Madagascar,17
Burkina Faso,15
Benin,14
"Congo, The Democratic Republic of the",13
China,12
Togo,12
Spain,10
Netherlands,10
Germany,8
Haiti,8
Réunion,8
Japan,7
Martinique,7
United States,7
India,6
Romania,6
Guinea,5
Russian Federation,5
Guadeloupe,4
Italy,4
Lebanon,4
French Polynesia,4
United Arab Emirates,3
Ireland,3
Mexico,3
Peru,3
Turkey,3
Burundi,2
Congo,2
Djibouti,2
United Kingdom,2
Luxembourg,2
Mali,2
Pakistan,2
Poland,2
Portugal,2
Serbia,2
Australia,1
Belarus,1
Egypt,1
Gabon,1
French Guiana,1
Ghana,1
Hong Kong,1
South Korea,1
Kuwait,1
Mauritania,1
Niger,1
Saudi Arabia,1
Chad,1
Thailand,1
