name,visitors,bounce_rate,visit_duration
Google,2610,79,126
Direct / None,2225,60,2343
Baidu,357,88,28
qiita.com,226,80,61
Bing,214,70,166
note.nkmk.me,132,84,69
Yahoo!,61,80,124
chatgpt.com,27,62,386
python.org,21,0,474
python.jp,19,50,721
utokyo-ipp.github.io,14,64,430
DuckDuckGo,12,78,253
GitHub,11,90,6
chokkan.github.io,8,67,135
Microsoft Teams,7,62,8
teratail.com,7,86,38
hitachigroup.okta.com,5,60,25
Shenma,4,67,3
algo-method.com,4,100,0
moocs.iniad.org,4,75,15
paiza.jp,4,100,0
python-izm.com,4,50,15
relief.jp,4,100,0
Brave,3,100,0
blog.pyq.jp,3,100,0
copilot.microsoft.com,3,100,2
fujiyoshimasaakitmu.wordpress.com,3,67,1737
hatenablog-parts.com,3,100,438
sphinx-doc.org,3,0,937
3.5mbps.net,2,100,0
claude.ai,2,0,1184
daeudaeu.com,2,0,412
dcm-llm.com,2,50,2
login.microsoftonline.com,2,50,19
mackro.blog.jp,2,100,0
rennnosukesann.hatenablog.com,2,100,0
sejuku.net,2,100,0
srbrnote.work,2,100,0
v2.scsk-gai.jp,2,100,0
vsv-amethyst.skygroup.local,2,50,959
www5.learningpark.jp,2,100,0
yyousuke.github.io,2,100,0
10.76.119.201,1,100,0
117.102.206.155.static.zoot.jp,1,0,1753
32imuf.com,1,100,0
Ecosia,1,100,0
Slack,1,100,0
Twitter,1,100,0
Wikipedia,1,100,0
Yandex,1,0,63
Youtube,1,100,0
aisin.aidemy.jp,1,100,0
algo01.mi.u-tokyo.ac.jp,1,100,0
am.kwansei.ac.jp,1,100,0
anyio.readthedocs.io,1,0,1817
aoishi.hateblo.jp,1,100,0
app4.srv.nagoya-u.ac.jp,1,100,0
asahi-kasei.aidemy.jp,1,0,92
atcoder.jp,1,100,0
azure-chat-dev-webapp-intra.azurewebsites.net,1,0,256
bitarrow.eplang.jp,1,100,0
bombrary.github.io,1,100,0
caddi.tech,1,100,0
canva.com,1,100,0
canvas.ucdavis.edu,1,0,4401
daiwajp.sharepoint.com,1,100,0
dataseeds-blog.com,1,100,0
dev.classmethod.jp,1,0,11
docs.pyq.jp,1,100,0
docs.pytorch.org,1,0,467
docs.tracetronic.com,1,0,114
dynalist.io,1,100,0
e-work-education.com,1,100,0
engineercafe.connpass.com,1,100,0
epsongroup.sharepoint.com,1,100,0
free.aidemy.jp,1,100,0
friede.elec.ryukoku.ac.jp,1,100,0
fujifilm.aidemy.jp,1,100,0
fujitsu.udemy.com,1,100,0
ghe.corp.yahoo.co.jp,1,100,0
hibiki-press.tech,1,100,0
high.proguru.jp,1,100,0
hnsvzz9a.nabtesco.local,1,100,0
hondajp.udemy.com,1,100,0
hoyoyo543.github.io,1,100,0
hypothes.is,1,0,223
i-was-a-ki.hatenablog.com,1,100,0
ie.u-ryukyu.ac.jp,1,100,0
ihi.aidemy.jp,1,100,0
ilearn.sist.ac.jp,1,100,0
ja.renpy.org,1,0,0
kagi.com,1,100,0
kakokijp.udemy.com,1,100,0
kikagaku.co.jp,1,100,0
kyotogeopython.zawawahoge.com,1,100,0
lighthouselab.co.jp,1,100,0
m3imwbpcommon.murata.co.jp,1,100,0
moodle.kochi-u.ac.jp,1,100,0
msiism.jp,1,100,0
niandc.co.jp,1,0,338
nikkie-ftnext.hatenablog.com,1,100,0
note.milldea.com,1,100,0
packaging.python.org,1,0,645
ping-t.com,1,100,0
prisma-cp.paprisma,1,100,0
pyex.srbrnote.work,1,100,0
python.ambitious-engineer.com,1,100,0
pythonsoba.tech,1,0,1731
redmine2.sanyodo.co.jp,1,100,0
resanaplaza.com,1,0,22
rez.readthedocs.io,1,0,0
rstone-jp.com,1,0,6035
saltyster.com,1,100,0
se-media.jp,1,0,360
service.smt.docomo.ne.jp,1,100,0
sp-web.search.auone.jp,1,100,0
sukkiri.jp,1,100,0
sws.aidemy.jp,1,100,0
taa.mx.toyota.co.jp,1,100,0
tcom242242.net,1,100,0
tech-earth.udemy.com,1,0,0
tech.morikatron.ai,1,100,0
tenshoku.mynavi.jp,1,100,0
toshibaap.sharepoint.com,1,0,14
translations.python.org,1,0,29
ts.ist.hokudai.ac.jp,1,100,0
twelite.net,1,100,0
wiki.python.org,1,0,169
wlog.flatlib.jp,1,100,0
xinxinx-tech.hateblo.jp,1,100,0
yoheim.net,1,100,0
zerofromlight.com,1,100,0
