name,version,visitors
Chrome,132.0,1294
Firefox,134.0,473
Microsoft Edge,132.0,401
Chrome,131.0,316
Firefox,128.0,159
Safari,18.1,82
Safari,18.2,61
Microsoft Edge,131.0,58
Opera,116.0,52
Firefox,133.0,41
Safari,17.6,37
Firefox,115.0,33
Chrome,130.0,29
Microsoft Edge,130.0,28
Safari,18.3,23
Mobile App,(not set),19
Mobile App,132.0,17
Chrome,128.0,16
Safari,18.0,15
Samsung Browser,27.0,15
Chrome,109.0,14
Opera,115.0,14
Firefox,132.0,14
Safari,16.6,14
Chrome,129.0,13
Mobile App,131.0,12
Safari,15.6,12
Safari,17.5,12
Chrome,123.0,11
Chrome,126.0,11
Firefox,129.0,11
Opera,114.0,10
Firefox,130.0,9
Firefox,91.0,9
Firefox,127.0,8
Chrome,127.0,8
Chrome,124.0,7
Firefox,134.1,7
Chrome,122.0,6
Firefox,135.0,6
Chrome,116.0,5
Chrome,117.0,5
Chrome,119.0,5
Firefox,131.0,5
Safari,17.4,5
Firefox,113.0,4
Chrome,120.0,4
Chrome,121.0,4
Chrome,125.0,4
Firefox,78.0,4
Firefox,103.0,3
Safari,13.1,3
Avast Secure Browser,131.0,3
Safari,14.1,3
Safari,17.0,3
Safari,17.3,3
Firefox,102.0,2
Firefox,106.0,2
Microsoft Edge,109.0,2
Firefox,111.0,2
Microsoft Edge,112.0,2
Chrome,113.0,2
Chrome,114.0,2
Firefox,116.0,2
Ecosia,123.0,2
Microsoft Edge,124.0,2
Microsoft Edge,126.0,2
Firefox,126.0,2
Microsoft Edge,129.0,2
Safari,16.2,2
Safari,17.1,2
Opera GX,2.7,2
Samsung Browser,23.0,2
Chrome,70.0,2
Chrome,83.0,2
Microsoft Edge,92.0,2
Android Browser,(not set),1
(not set),(not set),1
Firefox,101.0,1
Chrome,103.0,1
Chrome,106.0,1
Chrome,108.0,1
Chrome,110.0,1
Chrome,111.0,1
Chrome,112.0,1
Opera,113.0,1
Microsoft Edge,113.0,1
Microsoft Edge,114.0,1
Firefox,117.0,1
Microsoft Edge,118.0,1
Chrome,118.0,1
Firefox,120.0,1
Firefox,122.0,1
Microsoft Edge,125.0,1
Firefox,125.0,1
AVG Secure Browser,132.0,1
Chrome,133.0,1
Chrome,134.0,1
Safari,14.0,1
Huawei Browser Mobile,15.0,1
Safari,15.1,1
Safari,15.2,1
Safari,15.5,1
Safari,16.0,1
Safari,16.1,1
Safari,16.3,1
Safari,16.5,1
Microsoft Edge,17.17134,1
Safari,17.2,1
Phoenix Browser,17.4,1
MIUI Browser,19.0,1
SeaMonkey,2.53,1
vivo Browser,22.8,1
Yandex Browser,24.12,1
Samsung Browser,25.0,1
Chrome,63.0,1
Firefox,68.0,1
Chrome,85.0,1
Opera,86.0,1
Opera,87.0,1
Chrome,87.0,1
Opera,87.1,1
Chrome,90.0,1
Chrome,94.0,1
Opera,95.0,1
Chrome,95.0,1
Firefox,97.0,1
Firefox,98.0,1
