name,visitors
France,2692
Canada,99
Morocco,84
Belgium,70
Tunisia,70
Switzerland,58
Côte d'Ivoire,52
Senegal,38
Algeria,36
"Congo, The Democratic Republic of the",28
Cameroon,26
Madagascar,22
United States,20
Benin,18
Réunion,17
Germany,16
Burkina Faso,15
Togo,12
Anonymous VPN Service,9
United Kingdom,9
Luxembourg,9
Gabon,8
Spain,7
India,7
Austria,6
Congo,6
Haiti,6
Burundi,5
Guinea,5
Guadeloupe,5
Mali,5
Russian Federation,5
Lebanon,4
Mexico,4
Niger,4
China,3
Indonesia,3
Martinique,3
Netherlands,3
Portugal,3
Djibouti,2
Finland,2
French Guiana,2
Ireland,2
Japan,2
Mauritius,2
New Caledonia,2
Peru,2
Saudi Arabia,2
Sweden,2
Turkey,2
Australia,1
Colombia,1
Dominican Republic,1
Ecuador,1
Egypt,1
Hong Kong,1
Israel,1
Italy,1
Lithuania,1
Monaco,1
Nigeria,1
Norway,1
Philippines,1
Poland,1
Slovakia,1
Chad,1
Thailand,1
Uzbekistan,1
