name,visitors,bounce_rate,visit_duration
chatgpt.com,77,67,267
devopscube.com,6,83,23
drip,5,80,7
perplexity,5,80,26
Exinfluencer,4,75,174
dataleadsfuture.com,4,100,0
nicholashairs.com,4,75,0
codernav.com,3,33,165
chaosgenius.io,2,100,0
codeur-com-blog,2,50,154
enki,2,100,0
labs.watchtowr.com,2,100,0
orencodes.io,2,100,0
blog.teclado.com,1,100,0
hs_automation,1,100,0
post_page---------------------------,1,0,26
post_page-----fb61bdef7b3a--------------------------------,1,100,0
post_page-----fd23bcaefb83---------------------------------------,1,100,0
ran-blog.com,1,100,0
sfeir.dev,1,100,0
substack,1,100,0
trap.jp,1,100,0
