name,visitors,pageviews,bounce_rate,time_on_page,scroll_depth
/ja/3.13/c-api/capsule.html,1367,1484,88,5,37
/ja/3/library/codecs.html,450,515,89,2,6
/ja/3.13/library/functions.html,128,140,76,75,49
/ja/3/,128,180,41,13,78
/ja/3.13/tutorial/,126,190,54,49,65
/ja/3/tutorial/index.html,112,151,59,28,62
/ja/3.13/copyright.html,102,99,93,3,93
/ja/3/library/index.html,102,163,54,64,43
/ja/3/tutorial/,88,104,68,49,55
/ja/3/library/functions.html,85,91,86,70,34
/ja/3/library/stdtypes.html,83,87,78,112,42
/ja/3.13/library/stdtypes.html,77,91,73,77,30
/ja/3.13/library/index.html,73,101,62,37,49
/ja/3.13/library/datetime.html,67,70,90,86,31
/ja/3.13/library/re.html,58,61,89,55,31
/ja/3.13/tutorial/interpreter.html,56,57,81,55,66
/ja/3.13/search.html,54,72,44,14,66
/ja/3.13/tutorial/introduction.html,53,60,83,111,60
/ja/3.13/tutorial/controlflow.html,50,65,66,140,33
/ja/3/tutorial/appetite.html,49,45,72,77,85
/ja/3.13/library/random.html,48,49,86,50,37
/ja/3/tutorial/controlflow.html,47,50,87,105,49
/ja/3.13/extending/extending.html,46,41,45,7,86
/ja/3.13/library/typing.html,46,52,85,48,22
/ja/3/search.html,46,89,25,16,58
/ja/3/tutorial/datastructures.html,46,51,79,109,49
/ja/3/tutorial/interpreter.html,46,42,67,62,78
/ja/3/tutorial/introduction.html,43,45,70,69,57
/ja/3/index.html,41,54,48,8,73
/ja/3/reference/index.html,41,61,40,26,79
/ja/3.13/tutorial/inputoutput.html,39,38,79,121,54
/ja/3.13/tutorial/index.html,38,39,71,56,48
/ja/3.13/tutorial/classes.html,37,37,84,112,44
/ja/3.13/library/argparse.html,36,42,64,50,34
/ja/3.13/library/pathlib.html,35,35,93,26,21
/ja/3/library/venv.html,35,34,96,49,25
/ja/3.13/c-api/stable.html,34,35,50,6,8
/ja/3.13/glossary.html,34,39,61,37,49
/ja/3.13/library/time.html,34,30,80,32,36
/ja/3.13/tutorial/appetite.html,34,36,27,62,93
/ja/3/reference/introduction.html,34,42,83,25,39
/ja/3.13/reference/index.html,32,36,35,18,63
/ja/3.13/library/logging.html,31,30,81,50,33
/ja/3.13/library/exceptions.html,30,30,84,31,57
/ja/3.13/library/itertools.html,30,35,78,27,25
/ja/3/library/datetime.html,29,30,91,99,53
/ja/3.13/c-api/structures.html,27,27,71,8,19
/ja/3.13/library/json.html,27,26,92,40,32
/ja/3.13/library/math.html,27,25,81,29,32
/ja/3.13/library/subprocess.html,27,28,91,39,24
/ja/3.13/howto/sorting.html,26,27,64,22,31
/ja/3/glossary.html,26,26,67,12,51
/ja/3.13/library/os.path.html,25,22,83,35,50
/ja/3/library/random.html,25,29,82,30,27
/ja/3.13/library/csv.html,24,27,83,47,45
/ja/3.13/library/threading.html,24,23,83,39,49
/ja/3.13/library/tkinter.html,24,24,76,55,30
/ja/3.13/tutorial/modules.html,24,27,77,286,46
/ja/3/reference/compound_stmts.html,24,24,81,36,43
/ja/3.13/,23,27,25,16,80
/ja/3.13/library/os.html,23,24,53,73,38
/ja/3.13/library/sqlite3.html,23,25,91,179,41
/ja/3.13/reference/datamodel.html,22,20,58,108,57
/ja/3.13/tutorial/datastructures.html,22,28,33,262,59
/ja/3.13/tutorial/errors.html,21,21,75,261,47
/ja/3.13/library/enum.html,19,24,69,46,40
/ja/3.13/library/venv.html,19,20,94,26,21
/ja/3.13/using/windows.html,19,18,100,35,24
/ja/3.13/installing/index.html,18,19,94,25,54
/ja/3.13/reference/expressions.html,18,15,100,29,66
/ja/3/library/exceptions.html,18,17,60,42,43
/ja/3/library/math.html,18,19,73,42,31
/ja/3/library/re.html,18,17,92,31,53
/ja/3/reference/datamodel.html,18,20,89,104,57
/ja/3.13/library/collections.html,17,15,73,44,20
/ja/3.13/library/io.html,17,18,93,28,46
/ja/3.13/library/multiprocessing.html,17,16,79,68,18
/ja/3.13/reference/compound_stmts.html,17,15,88,55,35
/ja/3/tutorial/classes.html,17,16,75,21,43
/ja/3.13/library/dataclasses.html,16,14,90,32,41
/ja/3.13/library/queue.html,16,15,77,14,59
/ja/3.13/library/shutil.html,16,15,91,20,26
/ja/3.13/library/abc.html,15,16,79,14,42
/ja/3/library/,15,21,53,21,52
/ja/3/py-modindex.html,15,14,60,10,59
/ja/3/reference/expressions.html,15,13,80,22,70
/ja/3/reference/simple_stmts.html,15,15,75,41,65
/ja/3/tutorial/errors.html,15,23,67,36,28
/ja/3.13/library/contextlib.html,14,13,100,51,27
/ja/3.13/library/sys.html,14,14,86,13,15
/ja/3.13/library/asyncio-task.html,13,13,100,15,20
/ja/3.13/library/string.html,13,13,91,22,43
/ja/3.13/library/urllib.parse.html,13,16,75,14,30
/ja/3.13/using/configure.html,13,13,100,4,20
/ja/3.13/whatsnew/index.html,13,18,25,15,14
/ja/3/library/csv.html,13,11,90,40,50
/ja/3/library/os.html,13,17,50,25,11
/ja/3/tutorial/modules.html,13,9,40,49,34
/ja/3.13/howto/argparse.html,12,9,60,175,44
/ja/3.13/library/__main__.html,12,12,91,93,49
