name,visitors
United States,3426
China,613
India,582
Russian Federation,485
Germany,348
United Kingdom,318
Canada,295
France,206
Brazil,203
Vietnam,167
Poland,157
Japan,148
Netherlands,144
Bangladesh,126
Australia,107
Ukraine,101
Spain,98
Italy,85
Hong Kong,82
Mexico,82
South Korea,74
Israel,73
Pakistan,64
Singapore,64
Sweden,61
Switzerland,59
Czechia,56
Colombia,54
Taiwan,54
Argentina,48
Turkey,48
Indonesia,46
Egypt,44
Nigeria,44
Finland,42
Kazakhstan,39
Belgium,36
Austria,34
Thailand,34
Philippines,29
Romania,29
Hungary,28
Ireland,27
Portugal,27
South Africa,27
Belarus,25
Morocco,25
Norway,25
Saudi Arabia,25
United Arab Emirates,22
Bulgaria,22
Chile,21
Lithuania,20
Serbia,20
Denmark,19
Greece,19
Malaysia,19
Peru,19
Uzbekistan,19
Iraq,18
Kenya,18
Latvia,17
Ethiopia,16
Slovakia,15
Venezuela,14
Armenia,13
Azerbaijan,13
Croatia,13
Jordan,13
Moldova,13
Estonia,12
Ghana,12
Luxembourg,12
Tanzania,12
Nepal,11
Costa Rica,10
Georgia,10
Sri Lanka,10
New Zealand,10
Algeria,9
Yemen,9
Dominican Republic,8
Ecuador,8
Guatemala,8
Kyrgyzstan,8
Rwanda,8
Syria,8
Slovenia,7
Cyprus,6
Cambodia,6
Myanmar,6
Tunisia,6
Bolivia,5
Lebanon,5
Senegal,5
Oman,4
Togo,4
Andorra,3
Afghanistan,3
"Congo, The Democratic Republic of the",3
Niger,3
Panama,3
Sudan,3
El Salvador,3
Uruguay,3
Albania,2
Benin,2
Congo,2
Côte d'Ivoire,2
Cameroon,2
Puerto Rico,2
"Palestine, State of",2
Somalia,2
Bosnia and Herzegovina,1
Barbados,1
Bahrain,1
Bahamas,1
Greenland,1
Guinea,1
Guyana,1
Honduras,1
Isle of Man,1
Iceland,1
Jersey,1
Jamaica,1
Madagascar,1
North Macedonia,1
Mali,1
Maldives,1
Namibia,1
Nicaragua,1
Paraguay,1
Qatar,1
Réunion,1
Sierra Leone,1
Trinidad and Tobago,1
Uganda,1
Kosovo,1
Zimbabwe,1
