name,visitors,bounce_rate,visit_duration
Direct / None,5292,92,27
Google,1452,87,45
python.org,1032,84,25
docs.python.org,394,84,69
Bing,130,92,17
Yandex,104,89,26
GitHub,88,88,55
boot.dev,72,96,2
chatgpt.com,70,67,155
DuckDuckGo,68,84,52
Brave,56,84,48
devguide.python.org,45,80,15
pypi.org,37,79,36
discuss.python.org,34,69,50
netacad.com,33,94,24
docs.astral.sh,32,82,192
udemy.com,30,97,0
realpython.com,27,87,9
packaging.python.org,26,58,49
westernu.brightspace.com,26,81,20
Baidu,16,94,1
codecademy.com,14,93,2
cs50.harvard.edu,14,88,1
Gmail,11,91,0
numpydoc.readthedocs.io,11,82,11
Youtube,10,80,2
hackerrank.com,10,90,3
metanit.com,10,100,0
Ecosia,9,100,0
Yahoo!,9,67,12
pycoders.com,9,78,136
python-academy.org,9,100,0
Facebook,8,88,1
Slack,8,67,290
banay.me,8,100,0
claude.ai,8,75,139
cs50.readthedocs.io,8,100,0
docs.sqlalchemy.org,8,100,0
notebooks.githubusercontent.com,8,100,0
raterproject.com,8,38,396
typing.python.org,7,86,15
codeit.kr,6,83,1
moodle.taltech.ee,6,83,1
pep8.org,6,83,5
Hacker News,5,60,72
Wikipedia,5,100,0
akshare.akfamily.xyz,5,100,0
automatetheboringstuff.com,5,100,0
cms.unir.net,5,80,10
code-basics.com,5,83,169
edube.org,5,100,0
olympus.mygreatlearning.com,5,100,0
pip.pypa.io,5,60,276
pythoninsider.blogspot.com,5,80,51
pythonzen-pep8-exam.com,5,80,89
s3.eu-west-1.amazonaws.com,5,100,0
StackOverflow,4,100,0
deepankarm.github.io,4,75,1
doubao.com,4,100,0
freecodecamp.org,4,100,0
medium.com,4,50,1054
my.sky.pro,4,100,0
pydevtools.com,4,75,5
qianwen.com,4,80,819
ru.hexlet.io,4,100,0
wsgi.readthedocs.io,4,75,205
127.0.0.1,3,100,0
Microsoft Teams,3,100,0
Qwant,3,100,0
app.pathstream.com,3,100,0
asgi.readthedocs.io,3,100,0
blog.codingconfessions.com,3,33,34
cursos.alura.com.br,3,100,0
dicoding.com,3,67,294
docs.brew.sh,3,100,0
docs.godotengine.org,3,50,36
habr.com,3,100,0
ics.uci.edu,3,100,0
jakevdp.github.io,3,100,0
kagi.com,3,100,0
namu.wiki,3,100,0
pandas.pydata.org,3,33,71
pdm-project.org,3,60,415
psycopg.org,3,100,0
python-poetry.org,3,100,0
python.p2hp.com,3,67,6
2035.nsu.ru,2,100,0
Perplexity,2,100,0
Quora,2,50,230
Reddit,2,100,0
bitecode.dev,2,100,0
coddy.tech,2,50,6
code.s3.yandex.net,2,100,0
colab.google,2,100,0
confluence.warta.pl,2,50,0
coursera.org,2,100,0
courses.campus.gov.il,2,100,0
courses.funix.edu.vn,2,100,0
doc.renpy.cn,2,50,2
docs.pydantic.dev,2,100,0
docs.ray.io,2,100,0
dsc20.org,2,100,0
elearn.epam.com,2,50,204
flask.palletsprojects.com,2,100,0
fullstackpython.com,2,50,6
google.github.io,2,100,0
inhumantsar.github.io,2,100,0
learn.adelaide.edu.au,2,100,0
ler.amazon.com.br,2,100,0
levelup.gitconnected.com,2,50,176
lms.skillfactory.ru,2,100,0
maharatech.gov.eg,2,100,0
mypy.readthedocs.io,2,100,0
netology-university.bitbucket.io,2,100,0
numpy.org,2,100,0
olymp.mega.itmo.ru,2,50,733
oracle.github.io,2,100,0
palletsprojects.com,2,100,0
python.github.net.cn,2,100,0
python.org.,2,100,0
pythonic-exam.com,2,50,260
robinlinacre.com,2,50,18
sqlmodel.tiangolo.com,2,50,182
studentlogin.coloradotech.edu,2,100,0
techbeamers.com,2,100,0
vorpus.org,2,50,710
webinstall.dev,2,50,0
0xdf.gitlab.io,1,100,0
Amazon,1,100,0
LinkedIn,1,100,0
Twitter,1,100,0
Vkontakte,1,100,0
ainews,1,100,0
akrabat.com,1,100,0
allthings.how,1,100,0
aoc.winslowjosiah.com,1,100,0
app.certidevs.com,1,100,0
app.quantic.edu,1,100,0
aprendepython.es,1,100,0
ara.recordsansible.org,1,0,4
aulavirtual.itla.edu.do,1,100,0
bandersnatch.readthedocs.io,1,100,0
bb.imperial.ac.uk,1,100,0
bbgithub.dev.bloomberg.com,1,100,0
betterstack.com,1,0,27
bitbucket.lab.dynatrace.org,1,100,0
blog.derlin.ch,1,100,0
blog.kyomind.tw,1,100,0
blog.python.org,1,100,0
brightspace.tudelft.nl,1,100,0
bugs.python.org,1,100,0
canva.com,1,100,0
chat.mistral.ai,1,100,0
chromium.googlesource.com,1,0,13
code-basics.it-edu.com,1,100,0
commitizen-tools.github.io,1,100,0
configclasses.readthedocs.io,1,100,0
connect.raspberrypi.com,1,100,0
contest.informatics.ru,1,100,0
copilot.com,1,100,0
courses.cscc.edu,1,100,0
cs.stanford.edu,1,100,0
data-skills-cam.github.io,1,100,0
datahub.berkeley.edu,1,100,0
dataquest.io,1,100,0
deloittedevelopment.udemy.com,1,100,0
denev6.tistory.com,1,0,20
developer.cisco.com,1,100,0
developer.rhino3d.com,1,0,16
django-enum.readthedocs.io,1,100,0
doc.qubes-os.org,1,100,0
doc.wikimedia.org,1,100,0
docs.basedpyright.com,1,100,0
docs.jupyter.org,1,100,0
docs.pylonsproject.org,1,100,0
docs.pypi.org,1,100,0
docs.pytest.org,1,0,248
docs.pytorch.org,1,100,0
docs.qtile.org,1,100,0
docs.renovatebot.com,1,100,0
docs.snowflake.com,1,100,0
docs.wagtail.org,1,100,0
docstring.fr,1,100,0
drlilianblot.gitbook.io,1,100,0
durhamcollege.desire2learn.com,1,100,0
eecs390.org,1,100,0
eecs485staff.github.io,1,100,0
elearn.university.epam.com,1,100,0
elearning.ohmportal.de,1,100,0
exercism.org,1,100,0
eysrc.e-yantra.org,1,100,0
file.xdclass.net,1,100,0
flake8.pycqa.org,1,100,0
flake8rules.com,1,100,0
flit.pypa.io,1,100,0
forums.raspberrypi.com,1,100,0
freedium.cfd,1,100,0
gayerie.dev,1,100,0
git.tudor.com,1,100,0
gitcode.com,1,0,162
gstatic.com,1,100,0
hatch.pypa.io,1,100,0
hermes.dio.me,1,100,0
howkteam.vn,1,100,0
hydro.ac,1,100,0
hyperiondev.com,1,100,0
i.am.ai,1,100,0
inc-excel.officeapps.live.com,1,100,0
infoworld.com,1,100,0
inventwithpython.com,1,100,0
itbaizhan.com,1,100,0
k8s.jupyterhub.praktikum-services.ru,1,100,0
kamil.kwapisz.pl,1,100,0
kolaayonrinde.com,1,100,0
kpitindia.udemy.com,1,100,0
labex.io,1,100,0
laconsole.dev,1,0,48
learn.dreamhack.io,1,100,0
learn.snhu.edu,1,100,0
learn.solent.ac.uk,1,100,0
learnpython.com,1,100,0
learnxinyminutes.com,1,100,0
letpy.io,1,100,0
link.csdn.net,1,100,0
link.springer.com,1,0,41
link.zhihu.com,1,100,0
llvm.org,1,0,1171
lmarena.ai,1,0,52
lolz.live,1,100,0
lwn.net,1,0,263
maturin.rs,1,100,0
me,1,100,0
mechref.org,1,100,0
moodle.aau.dk,1,100,0
moodle.fernuni-hagen.de,1,100,0
moodle.lsu.edu,1,100,0
moodle.technikum-wien.at,1,100,0
moodle.vgu.edu.vn,1,100,0
moodle2.e-wsb.pl,1,100,0
myclass.nwpolytech.ca,1,100,0
mylearning.suny.edu,1,100,0
mypy-lang.org,1,100,0
nanobind.readthedocs.io,1,100,0
nbvhs-nbed.brightspace.com,1,100,0
nedbatchelder.com,1,0,356
netology.ru,1,100,0
news.apache.org,1,0,1749
nicholashairs.com,1,100,0
note.com,1,100,0
noteable.edina.ac.uk,1,100,0
notion.so,1,100,0
obagy.com,1,100,0
object-oriented-python.github.io,1,100,0
odoo-community.org,1,100,0
online.pcc.edu,1,100,0
open-std.org,1,100,0
openbook.rheinwerk-verlag.de,1,100,0
openclassrooms.com,1,100,0
pcms.itmo.ru,1,100,0
pep8-ja.readthedocs.io,1,100,0
pipenv.pypa.io,1,100,0
pixi.prefix.dev,1,100,0
playcode.io,1,100,0
portal.offsec.com,1,100,0
practicum.yandex.kz,1,100,0
pydoc.pages.taltech.ee,1,100,0
pylint.readthedocs.io,1,100,0
pymysql.readthedocs.io,1,100,0
pynative.com,1,100,0
pyo3.rs,1,100,0
pyodide.org,1,100,0
python-appimage.readthedocs.io,1,100,0
python-forum.io,1,100,0
python-programming.quantecon.org,1,100,0
python.input.sk,1,100,0
python3.info,1,100,0
pythonexercises.rozh2sch.org.ua,1,100,0
pythoniluminado.netlify.app,1,100,0
pythonitalia.github.io,1,0,32
pythonpracticeprojects.com,1,0,96
pythonspeed.com,1,100,0
pythonwheels.com,1,100,0
qa.1r1g.com,1,100,0
qiita.com,1,100,0
raspberrypi.com,1,100,0
rbcgithub.fg.rbc.com,1,100,0
rebekahesmaili.com,1,0,4
redblobgames.com,1,100,0
renpy.org,1,100,0
researchobject.org,1,100,0
roche.csod.com,1,100,0
rodeoarmor-tablecantina-3000.codio.io,1,100,0
s.tabxpert.com,1,100,0
saintleo.brightspace.com,1,100,0
sans-foundations.com,1,100,0
seekly.zone,1,100,0
sethmlarson.dev,1,0,21
setuptools.pypa.io,1,100,0
shangliuyan.github.io,1,100,0
sidequery.dev,1,100,0
