name,unique_entrances,total_entrances,visit_duration
/zh-tw/3.13/tutorial/index.html,72,74,117
/zh-tw/3.13/library/venv.html,63,65,36
/zh-tw/3/tutorial/index.html,38,39,92
/zh-tw/3.13/library/math.html,37,37,102
/dev/using/windows.html,30,30,202
/zh-tw/3/library/re.html,30,30,42
/zh-tw/dev/installing/index.html,29,29,21
/zh-tw/3.13/using/mac.html,27,27,5
/zh-tw/3.13/howto/sorting.html,26,26,52
/zh-tw/3.13/library/csv.html,26,27,108
/zh-tw/3.13/library/random.html,26,26,9
/zh-tw/3/library/index.html,26,26,55
/zh-tw/3.13/tutorial/inputoutput.html,24,24,25
/zh-tw/3.13/tutorial/datastructures.html,21,23,12
/3/,20,20,464
/zh-tw/3.13/library/heapq.html,19,19,30
/zh-tw/3/tutorial/classes.html,19,22,5
/zh-tw/3.13/tutorial/controlflow.html,18,18,15
/zh-tw/3/howto/argparse.html,18,18,1
/zh-tw/3.13/installing/index.html,16,16,1
/zh-tw/3.13/library/collections.html,16,19,83
/zh-tw/3.13/library/json.html,16,16,0
/zh-tw/3/library/enum.html,16,16,0
/zh-tw/3/tutorial/controlflow.html,16,16,500
/zh-tw/3.13/library/pathlib.html,14,15,26
/zh-tw/3.13/tutorial/errors.html,14,14,149
/zh-tw/3.13/tutorial/floatingpoint.html,14,14,363
/zh-tw/3.13/library/functions.html,13,14,107
/zh-tw/3.13/tutorial/introduction.html,13,13,6
/zh-tw/3.13/faq/windows.html,12,12,0
/zh-tw/3.13/library/os.path.html,12,12,112
/zh-tw/3.13/library/stdtypes.html,11,11,0
/zh-tw/3.13/tutorial/interpreter.html,11,11,12
/zh-tw/3.14/tutorial/controlflow.html,10,11,193
/zh-tw/3.13/library/__main__.html,9,9,6
/zh-tw/3.13/tutorial/modules.html,9,9,1
/zh-tw/3/,9,9,241
/zh-tw/3/tutorial/introduction.html,9,10,6
/zh-tw/dev/library/os.path.html,9,9,2
/zh-tw/3.13/library/bisect.html,8,8,1
/zh-tw/3.13/library/ssl.html,8,8,201
/zh-tw/3.13/library/typing.html,8,9,0
/zh-tw/3.13/tutorial/appetite.html,8,8,87
/zh-tw/3.15/using/windows.html,8,8,55
/zh-tw/dev/library/venv.html,8,8,20
/3/tutorial/index.html,7,7,593
/zh-tw/3.13/contents.html,7,7,76
/zh-tw/3.13/library/ast.html,7,7,191
/zh-tw/3.13/library/string.html,7,7,0
/zh-tw/3/tutorial/datastructures.html,7,8,5
/zh-tw/3/tutorial/interpreter.html,7,7,11
/zh-tw/dev/library/stdtypes.html,7,7,120
/zh-tw/3.13/library/asyncio.html,6,6,97
/zh-tw/3.13/library/io.html,6,6,0
/zh-tw/3.13/library/operator.html,6,6,0
/zh-tw/3.13/library/queue.html,6,6,26
/zh-tw/3.13/library/tempfile.html,6,6,7
/zh-tw/3.13/library/time.html,6,6,0
/zh-tw/3.13/library/tkinter.html,6,6,84
/zh-tw/3/howto/sockets.html,6,6,0
/zh-tw/3/library/concurrent.futures.html,6,6,0
/zh-tw/3/library/stdtypes.html,6,6,36
/zh-tw/3/tutorial/appetite.html,6,8,404
/zh-tw/3/tutorial/venv.html,6,6,0
/3.14/tutorial/index.html,5,5,321
/3/tutorial/,5,5,1104
/zh-tw/3.12/tutorial/index.html,5,5,278
/zh-tw/3.13/library/distutils.html,5,5,117
/zh-tw/3.13/library/itertools.html,5,5,0
/zh-tw/3.13/library/statistics.html,5,5,555
/zh-tw/3.13/search.html,5,5,159
/zh-tw/3.13/tutorial/,5,5,30
/zh-tw/3.13/tutorial/venv.html,5,5,141
/zh-tw/3.15/whatsnew/index.html,5,5,76
/zh-tw/3/library/abc.html,5,5,223
/zh-tw/3/library/functions.html,5,5,2
/zh-tw/3/library/pdb.html,5,5,0
/zh-tw/dev/library/csv.html,5,5,24
/zh-tw/3.13/library/functools.html,4,4,0
/zh-tw/3.13/library/hashlib.html,4,4,72
/zh-tw/3.13/library/unittest.html,4,4,0
/zh-tw/3.13/library/uuid.html,4,4,0
/zh-tw/3.14/tutorial/index.html,4,4,216
/zh-tw/3/howto/ipaddress.html,4,4,0
/zh-tw/3/library/gc.html,4,4,0
/zh-tw/3/library/pathlib.html,4,4,0
/zh-tw/3/library/platform.html,4,4,0
/zh-tw/3/reference/index.html,4,4,328
/zh-tw/3/tutorial/modules.html,4,5,0
/zh-tw/3/using/editors.html,4,4,0
/zh-tw/dev/library/threading.html,4,5,8
/3.14/,3,3,858
/3/library/asyncio.html,3,3,38
/3/library/math.html,3,3,511
/3/whatsnew/3.14.html,3,3,90
/zh-tw/3.12/installing/index.html,3,3,0
/zh-tw/3.12/using/configure.html,3,3,895
/zh-tw/3.13/c-api/list.html,3,3,0
/zh-tw/3.13/glossary.html,3,3,0
/zh-tw/3.13/library/array.html,3,3,0
/zh-tw/3.13/library/asyncio-runner.html,3,3,0
/zh-tw/3.13/library/index.html,3,3,441
/zh-tw/3.13/library/multiprocessing.shared_memory.html,3,4,0
/zh-tw/3.13/library/secrets.html,3,3,0
/zh-tw/3.13/library/signal.html,3,3,8
/zh-tw/3.13/library/unittest.mock-examples.html,3,3,0
/zh-tw/3.13/tutorial/classes.html,3,3,0
/zh-tw/3.13/using/unix.html,3,3,219
/zh-tw/3.13/whatsnew/3.13.html,3,3,0
/zh-tw/3.13/whatsnew/index.html,3,3,0
/zh-tw/3.14/,3,3,203
/zh-tw/3.14/library/functions.html,3,3,624
/zh-tw/3.14/library/hashlib.html,3,4,0
/zh-tw/3.14/tutorial/datastructures.html,3,3,61
/zh-tw/3.14/tutorial/inputoutput.html,3,3,0
/zh-tw/3.14/using/index.html,3,3,5
/zh-tw/3.14/whatsnew/3.14.html,3,3,25
/zh-tw/3/installing/index.html,3,3,125
/zh-tw/3/library/datetime.html,3,3,0
/zh-tw/3/library/fractions.html,3,3,0
/zh-tw/3/library/glob.html,3,3,727
/zh-tw/3/library/string.html,3,3,2
/zh-tw/3/library/winsound.html,3,3,0
/zh-tw/3/library/zipfile.html,3,3,28
/zh-tw/3/search.html,3,3,2
/zh-tw/3/tutorial/inputoutput.html,3,3,0
/zh-tw/dev/library/functools.html,3,3,0
/zh-tw/dev/library/itertools.html,3,3,0
/zh-tw/dev/library/math.html,3,3,474
/zh-tw/dev/library/re.html,3,3,0
/zh-tw/dev/tutorial/datastructures.html,3,3,43
/3.13/tutorial/,2,2,1572
/3.14/whatsnew/3.14.html,2,2,24
/3.15/library/tkinter.html,2,2,618
/3/howto/regex.html,2,2,272
/3/library/_thread.html,2,2,697
/3/library/collections.html,2,2,34
/3/library/csv.html,2,2,794
/3/library/random.html,2,2,0
/3/library/stdtypes.html,2,2,768
/3/library/subprocess.html,2,2,937
/3/library/tkinter.html,2,2,398
/3/tutorial/stdlib2.html,2,2,64
/3/tutorial/venv.html,2,2,50
/ko/3/tutorial/,2,2,158
/zh-tw/3.12/library/asyncio.html,2,2,0
/zh-tw/3.12/library/textwrap.html,2,2,0
/zh-tw/3.12/using/mac.html,2,2,0
/zh-tw/3.13/,2,2,0
/zh-tw/3.13/c-api/index.html,2,2,0
/zh-tw/3.13/index.html,2,2,60
/zh-tw/3.13/library/base64.html,2,2,0
/zh-tw/3.13/library/copy.html,2,2,0
/zh-tw/3.13/library/ensurepip.html,2,2,0
/zh-tw/3.13/library/filesys.html,2,2,0
/zh-tw/3.13/library/html.html,2,2,0
/zh-tw/3.13/library/threading.html,2,2,0
/zh-tw/3.13/library/tk.html,2,2,16
/zh-tw/3.13/library/tkinter.scrolledtext.html,2,2,0
/zh-tw/3.13/library/urllib.error.html,2,2,0
/zh-tw/3.13/library/urllib.html,2,2,280
/zh-tw/3.13/reference/index.html,2,2,17
/zh-tw/3.13/reference/lexical_analysis.html,2,2,12
/zh-tw/3.13/tutorial/stdlib.html,2,2,852
/zh-tw/3.13/using/configure.html,2,2,0
/zh-tw/3.13/using/windows.html,2,2,0
/zh-tw/3.13/whatsnew/3.12.html,2,2,8
/zh-tw/3.14/index.html,2,3,0
/zh-tw/3.14/library/math.html,2,2,662
/zh-tw/3.14/search.html,2,2,930
/zh-tw/3.14/tutorial/,2,2,450
/zh-tw/3.14/tutorial/introduction.html,2,2,20
/zh-tw/3.14/using/mac.html,2,2,0
/zh-tw/3.15/whatsnew/3.15.html,2,2,0
/zh-tw/3/download.html,2,2,36
/zh-tw/3/genindex-符號.html,2,2,0
/zh-tw/3/glossary.html,2,3,0
/zh-tw/3/howto/regex.html,2,2,0
/zh-tw/3/library/argparse.html,2,2,6
/zh-tw/3/library/array.html,2,2,15
/zh-tw/3/library/asyncio-future.html,2,2,0
/zh-tw/3/library/cmd.html,2,2,0
/zh-tw/3/library/exceptions.html,2,2,0
/zh-tw/3/library/getopt.html,2,2,0
/zh-tw/3/library/pickle.html,2,2,0
/zh-tw/3/library/python.html,2,2,0
/zh-tw/3/library/unittest.mock-examples.html,2,2,5
/zh-tw/3/library/unittest.mock.html,2,2,0
/zh-tw/3/library/venv.html,2,2,0
/zh-tw/3/library/warnings.html,2,2,0
/zh-tw/3/library/xml.dom.pulldom.html,2,2,0
/zh-tw/3/reference/compound_stmts.html,2,2,0
/zh-tw/3/tutorial/,2,2,24
/zh-tw/3/tutorial/stdlib.html,2,2,0
/zh-tw/3/tutorial/stdlib2.html,2,2,0
/zh-tw/3/using/mac.html,2,2,0
/zh-tw/dev/library/base64.html,2,2,0
/zh-tw/dev/library/copy.html,2,2,0
/zh-tw/dev/library/io.html,2,2,0
/zh-tw/dev/library/pathlib.html,2,2,0
/zh-tw/dev/library/struct.html,2,2,0
/zh-tw/dev/using/index.html,2,2,116
/3.12/license.html,1,1,0
/3.12/tutorial/index.html,1,1,0
/3.13/,1,1,324
/3.13/howto/curses.html,1,1,173
/3.14/library/re.html,1,1,1216
/3.14/reference/lexical_analysis.html,1,2,78
/3.14/tutorial/controlflow.html,1,1,1306
/3.14/tutorial/inputoutput.html,1,1,368
/3.14/using/windows.html,1,1,939
/3.15/reference/lexical_analysis.html,1,1,99
/3.15/whatsnew/3.15.html,1,1,119
/3/c-api/structures.html,1,1,338
/3/extending/extending.html,1,1,6
/3/howto/free-threading-python.html,1,1,1110
/3/howto/sorting.html,1,1,322
/3/library/,1,1,24
/3/library/__future__.html,1,1,536
/3/library/asyncio-graph.html,1,1,83
/3/library/asyncio-queue.html,1,1,444
/3/library/datetime.html,1,1,1101
/3/library/index.html,1,1,276
/3/library/logging.html,1,1,0
/3/library/pdb.html,1,1,0
/3/library/re.html,1,1,80
/3/library/sqlite3.html,1,1,42
/3/library/tk.html,1,1,0
/3/library/tomllib.html,1,1,57
/3/library/tracemalloc.html,1,1,446
/3/library/turtle.html,1,1,19
/3/library/typing.html,1,1,58
/3/library/venv.html,1,1,53
/3/library/xml.etree.elementtree.html,1,1,0
/3/library/zipfile.html,1,1,0
/3/license.html,1,1,226
/3/tutorial/controlflow.html,1,1,4
/3/tutorial/datastructures.html,1,1,231
/3/tutorial/introduction.html,1,1,1784
/3/tutorial/modules.html,1,1,390
/3/using/cmdline.html,1,1,1529
/es/3/tutorial/,1,1,396
/ja/3.14/howto/free-threading-python.html,1,1,808
/ja/3/library/glob.html,1,1,2617
/ja/3/library/os.html,1,1,2977
/zh-cn/3.12/using/,1,1,16
/zh-cn/3.13/,1,1,278
/zh-cn/3.13/howto/index.html,1,1,224
/zh-cn/3.13/installing/index.html,1,1,650
/zh-cn/3.13/library/glob.html,1,1,135
/zh-cn/3.13/library/venv.html,1,1,0
/zh-cn/3.13/search.html,1,1,0
/zh-cn/3.13/tutorial/index.html,1,1,49
/zh-cn/3.13/using/index.html,1,1,60
/zh-cn/3.15/tutorial/appetite.html,1,1,4
/zh-cn/3/installing/,1,1,0
/zh-cn/3/library/linecache.html,1,1,780
/zh-tw/3.12/contents.html,1,1,0
/zh-tw/3.12/faq/programming.html,1,1,0
/zh-tw/3.12/howto/gdb_helpers.html,1,1,7
/zh-tw/3.12/howto/sorting.html,1,1,0
/zh-tw/3.12/index.html,1,1,0
/zh-tw/3.12/library/ast.html,1,1,0
/zh-tw/3.12/library/http.server.html,1,1,0
/zh-tw/3.12/library/index.html,1,1,0
/zh-tw/3.12/library/internet.html,1,1,0
/zh-tw/3.12/library/itertools.html,1,1,0
/zh-tw/3.12/library/keyword.html,1,1,405
/zh-tw/3.12/library/security_warnings.html,1,1,0
/zh-tw/3.12/library/string.html,1,1,0
/zh-tw/3.12/library/time.html,1,1,0
/zh-tw/3.12/library/typing.html,1,1,0
/zh-tw/3.12/library/winsound.html,1,1,0
/zh-tw/3.12/tutorial/controlflow.html,1,1,0
/zh-tw/3.12/tutorial/errors.html,1,1,0
/zh-tw/3.12/tutorial/interpreter.html,1,1,0
/zh-tw/3.12/tutorial/venv.html,1,1,0
/zh-tw/3.12/tutorial/whatnow.html,1,1,0
/zh-tw/3.13/bugs.html,1,1,0
/zh-tw/3.13/c-api/apiabiversion.html,1,1,0
/zh-tw/3.13/c-api/call.html,1,1,0
/zh-tw/3.13/c-api/file.html,1,1,8
/zh-tw/3.13/c-api/intro.html,1,1,0
/zh-tw/3.13/faq/programming.html,1,1,188
/zh-tw/3.13/howto/a-conceptual-overview-of-asyncio.html,1,1,24
/zh-tw/3.13/howto/annotations.html,1,1,0
/zh-tw/3.13/howto/sockets.html,1,1,0
/zh-tw/3.13/library/__future__.html,1,1,0
/zh-tw/3.13/library/aifc.html,1,1,0
/zh-tw/3.13/library/asyncio-protocol.html,1,1,0
/zh-tw/3.13/library/asyncio-queue.html,1,1,0
/zh-tw/3.13/library/asyncio-task.html,1,1,0
/zh-tw/3.13/library/atexit.html,1,1,0
/zh-tw/3.13/library/builtins.html,1,1,0
/zh-tw/3.13/library/calendar.html,1,1,0
/zh-tw/3.13/library/enum.html,1,1,0
/zh-tw/3.13/library/exceptions.html,1,1,0
/zh-tw/3.13/library/ftplib.html,1,1,0
/zh-tw/3.13/library/gc.html,1,1,0
/zh-tw/3.13/library/getpass.html,1,1,0
