name,unique_entrances,total_entrances,visit_duration
/3.13/,714,754,125
/3.13/tutorial/index.html,431,461,47
/3.13/tutorial/,280,284,160
/3.13/using/windows.html,252,267,50
/3/,217,218,469
/3.13/index.html,121,128,59
/3.13/library/stdtypes.html,95,102,206
/3.13/library/functions.html,89,90,49
/ja/3.13/library/datetime.html,84,89,43
/3.13/whatsnew/3.13.html,82,82,15
/zh-cn/3.13/tutorial/index.html,82,84,97
/3.13/search.html,71,82,123
/3.13/library/,64,64,48
/3.13/tutorial/interpreter.html,60,67,168
/3.13/tutorial/controlflow.html,59,63,13
/3.13/library/index.html,50,52,426
/3.13/library/typing.html,50,50,138
/3.13/tutorial/appetite.html,49,51,131
/3.13/tutorial/introduction.html,48,54,261
/ja/3.13/library/logging.html,48,49,211
/uk/3.13/library/idle.html,46,46,78
/3.13/library/datetime.html,44,44,1
/ko/3.13/tutorial/index.html,39,40,116
/es/3.13/tutorial/index.html,38,38,120
/zh-cn/3.13/library/index.html,38,38,217
/3.13/library/tkinter.html,37,38,74
/dev/using/windows.html,37,37,1149
/zh-cn/3.13/,37,38,182
/3.13/library/exceptions.html,36,36,89
/3.13/library/idle.html,35,35,65
/3.13/library/pathlib.html,34,38,103
/ja/3.13/library/random.html,33,34,103
/3.13/library/os.html,29,30,90
/ja/3.13/library/stdtypes.html,28,30,41
/uk/3.13/extending/extending.html,28,28,0
/3.13/library/random.html,26,28,44
/ja/3.13/library/dataclasses.html,26,26,13
/uk/3.13/tutorial/index.html,25,26,70
/3.13/py-modindex.html,24,25,96
/ja/3.13/library/argparse.html,24,25,68
/ja/3.13/library/csv.html,24,25,201
/zh-cn/3.13/library/functions.html,24,25,276
/ja/3.13/library/typing.html,23,23,129
/3.13/tutorial/datastructures.html,22,25,335
/3/tutorial/index.html,22,23,546
/es/3.13/tutorial/datastructures.html,22,23,157
/zh-cn/3.13/tutorial/controlflow.html,21,21,92
/ja/3.13/library/shutil.html,20,21,5
/ja/3.13/tutorial/index.html,20,21,420
/zh-cn/3.13/library/stdtypes.html,20,21,95
/3.13/library/re.html,19,20,10
/ja/3.13/library/re.html,19,19,30
/ja/3.13/library/struct.html,19,20,301
/ja/3.13/library/threading.html,19,19,0
/ja/3.13/using/windows.html,19,19,33
/uk/3.13/library/tkinter.html,19,20,25
/es/3.13/library/tkinter.html,18,19,0
/fr/3.13/reference/import.html,18,18,45
/ja/3.13/library/functions.html,18,18,133
/ja/3.13/library/subprocess.html,18,18,55
/ja/3.13/library/unittest.mock.html,18,18,348
/zh-cn/3.13/tutorial/interpreter.html,18,18,48
/3.13/library/multiprocessing.html,17,17,3
/3.13/reference/index.html,17,17,149
/ja/3.13/library/exceptions.html,17,18,5
/3.13/library/logging.html,16,16,8
/3.13/library/turtle.html,16,17,116
/es/3.13/library/stdtypes.html,16,16,84
/ja/3.13/library/index.html,16,17,603
/ja/3.13/library/os.path.html,16,16,0
/3.13/library/math.html,15,15,44
/3.13/library/time.html,15,16,242
/es/3.13/library/idle.html,15,16,74
/fr/3.13/tutorial/classes.html,15,15,29
/fr/3.13/tutorial/errors.html,15,16,2
/ja/3.13/library/importlib.html,15,15,280
/ja/3.13/library/string.html,15,15,44
/ja/3.13/tutorial/errors.html,15,15,78
/ja/3.13/tutorial/inputoutput.html,15,16,48
/uk/3.13/installing/index.html,15,15,69
/zh-cn/3.13/tutorial/,15,15,48
/zh-cn/3.13/tutorial/datastructures.html,15,16,83
/3.13/glossary.html,14,14,334
/3.13/library/json.html,14,14,77
/3.14/,14,14,218
/3/search.html,14,14,407
/fr/3.13/library/tkinter.html,14,14,99
/ja/3.13/library/__main__.html,14,14,0
/ja/3.13/library/logging.handlers.html,14,14,125
/ja/3.13/library/math.html,14,14,11
/ja/3.13/library/multiprocessing.html,14,14,150
/zh-cn/3.13/genindex.html,14,14,0
/zh-cn/3/,14,14,333
/3.13/library/os.path.html,13,13,44
/3.13/library/subprocess.html,13,14,76
/3/library/functions.html,13,13,504
/es/3.13/library/datetime.html,13,13,7
/es/3.13/tutorial/inputoutput.html,13,13,0
/es/3.13/tutorial/venv.html,13,14,139
/ja/3.13/library/io.html,13,13,4
/ja/3.13/library/time.html,13,13,83
/uk/3.13/library/turtle.html,13,14,166
/zh-cn/3.13/copyright.html,13,13,0
/3.13/library/functools.html,12,13,96
/fr/3.13/tutorial/index.html,12,12,119
/ja/3.13/,12,12,354
/ja/3.13/glossary.html,12,12,17
/ja/3.13/index.html,12,12,335
/ja/3.13/library/concurrent.futures.html,12,14,342
/ja/3.13/library/difflib.html,12,12,19
/ja/3.13/library/json.html,12,12,53
/ja/3.13/library/pathlib.html,12,13,131
/pt-br/3.13/tutorial/index.html,12,13,289
/zh-cn/3.13/whatsnew/3.13.html,12,12,0
/3.12/,11,11,172
/3.13/library/argparse.html,11,11,591
/3.13/library/asyncio.html,11,11,35
/3.13/library/concurrent.futures.html,11,11,208
/3/library/re.html,11,11,2687
/es/3.13/library/re.html,11,11,10
/ja/3.13/library/tempfile.html,11,11,57
/ja/3.13/library/urllib.parse.html,11,11,22
/ja/3.13/library/warnings.html,11,11,17
/zh-cn/3.13/genindex-结.html,11,11,0
/zh-cn/3.13/library/codecs.html,11,11,0
/zh-cn/3.13/using/windows.html,11,12,188
/3.13/contents.html,10,10,225
/3.13/library/dataclasses.html,10,10,0
/3.13/library/enum.html,10,10,15
/3/library/datetime.html,10,10,94
/3/library/index.html,10,10,316
/fr/3.13/library/stdtypes.html,10,10,3
/fr/3.13/tutorial/datastructures.html,10,10,89
/ja/3.13/library/pickle.html,10,10,0
/ja/3.13/library/venv.html,10,10,0
/ja/3.13/tutorial/,10,13,112
/ko/3.13/installing/index.html,10,10,0
/zh-cn/3.13/contents.html,10,10,58
/zh-cn/3.13/index.html,10,10,21
/zh-cn/3.13/using/index.html,10,11,114
/3.13/library/csv.html,9,13,0
/3.13/library/dbm.html,9,9,2
/3.13/library/threading.html,9,9,104
/3.13/library/zlib.html,9,9,0
/3.13/tutorial/classes.html,9,10,96
/3.13/whatsnew/changelog.html,9,12,96
/3/library/os.html,9,9,1352
/3/library/tkinter.html,9,9,348
/3/library/typing.html,9,9,93
/3/tutorial/datastructures.html,9,9,372
/es/3.13/library/index.html,9,10,184
/es/3.13/tutorial/controlflow.html,9,10,0
/es/3.13/tutorial/errors.html,9,10,0
/ja/3.13/library/contextlib.html,9,9,43
/ja/3.13/library/contextvars.html,9,10,248
/ja/3.13/library/hashlib.html,9,9,13
/ja/3.13/library/sqlite3.html,9,11,1
/ja/3.13/library/tkinter.ttk.html,9,9,32
/ja/3.13/library/zipfile.html,9,9,0
/ja/3.13/reference/compound_stmts.html,9,9,3
/ko/3.13/howto/sorting.html,9,9,0
/uk/3.13/tutorial/interpreter.html,9,10,2
/zh-cn/3.13/glossary.html,9,9,73
/zh-cn/3.13/library/ast.html,9,9,0
/zh-cn/3.13/library/typing.html,9,10,0
/zh-cn/3.13/reference/lexical_analysis.html,9,9,197
/zh-cn/3.13/search.html,9,9,58
/zh-cn/3.13/tutorial/introduction.html,9,9,9
/zh-cn/3.13/tutorial/modules.html,9,9,174
/zh-cn/3.13/whatsnew/3.10.html,9,9,0
/zh-cn/3.14/,9,9,543
/3.13/copyright.html,8,8,0
/3.13/library/collections.html,8,9,0
/3.13/library/constants.html,8,8,0
/3.13/library/importlib.html,8,8,0
/3.13/library/string.html,8,8,350
/3.13/library/tomllib.html,8,8,0
/3.13/reference/datamodel.html,8,8,849
/3.13/tutorial/appendix.html,8,8,0
/3.15/,8,8,140
/3/library/stdtypes.html,8,8,351
/3/tutorial/,8,8,802
/3/tutorial/controlflow.html,8,8,74
/3/whatsnew/3.14.html,8,8,405
/es/3.13/library/functions.html,8,8,0
/fr/3.13/library/math.html,8,8,0
/ja/3.13/library/base64.html,8,8,0
/ja/3.13/library/enum.html,8,8,14
/ja/3.13/library/queue.html,8,8,209
/ja/3.13/library/socket.html,8,8,0
/ja/3.13/tutorial/datastructures.html,8,9,112
/ja/3.13/tutorial/interpreter.html,8,8,3
/zh-cn/3.13/library/asyncio-sync.html,8,8,129
/zh-cn/3.13/reference/datamodel.html,8,8,1292
/zh-cn/3.13/tutorial/appetite.html,8,8,91
/3.13/library/copy.html,7,7,0
/3.13/library/inspect.html,7,7,71
/3.13/library/ossaudiodev.html,7,7,0
/3.13/library/pydoc.html,7,7,0
/3.13/library/shutil.html,7,8,114
/3.13/library/ssl.html,7,7,2
/3.13/library/sys.html,7,7,109
/3.13/library/types.html,7,7,1
/3.13/library/unittest.html,7,7,0
/3.13/library/urllib.parse.html,7,7,1
/3/library/asyncio-task.html,7,7,444
/3/library/idle.html,7,7,310
/3/tutorial/errors.html,7,7,283
/es/3.13/installing/,7,7,0
/es/3.13/library/__main__.html,7,7,0
/es/3.13/tutorial/appetite.html,7,7,60
/es/3.13/tutorial/introduction.html,7,7,441
/fr/3.13/library/sqlite3.html,7,7,109
/ja/3.13/howto/sorting.html,7,7,0
/ja/3.13/howto/unicode.html,7,7,142
/ja/3.13/library/abc.html,7,7,12
/ja/3.13/library/gzip.html,7,7,96
/ja/3.13/library/logging.config.html,7,7,48
/ja/3.13/library/tkinter.html,7,8,56
/ja/3.13/library/uuid.html,7,8,0
/ja/3.13/reference/datamodel.html,7,8,35
/ja/3.13/reference/index.html,7,7,46
/ja/3.13/whatsnew/3.13.html,7,7,21
/ja/3.13/whatsnew/index.html,7,7,14
/ko/3.13/library/datetime.html,7,7,115
/ko/3.13/library/stdtypes.html,7,7,2
/pt-br/3.13/library/index.html,7,7,3
/uk/3.13/tutorial/classes.html,7,7,237
/zh-cn/3.13/bugs.html,7,7,0
/zh-cn/3.13/download.html,7,10,17
/zh-cn/3.13/genindex-轻.html,7,7,0
/zh-cn/3.13/library/argparse.html,7,7,0
/zh-cn/3.13/library/asyncio.html,7,8,823
/zh-cn/3.13/library/doctest.html,7,7,0
/zh-cn/3.13/library/idle.html,7,7,172
/zh-cn/3.13/library/math.html,7,8,164
/zh-cn/3.13/library/sys.html,7,7,0
/zh-cn/3.13/py-modindex.html,7,7,715
/zh-cn/3.13/reference/index.html,7,7,9
/zh-cn/3.13/reference/simple_stmts.html,7,7,6
/3.13/genindex.html,6,6,619
/3.13/installing/index.html,6,6,55
/3.13/library/binascii.html,6,6,0
/3.13/library/io.html,6,6,0
/3.13/library/itertools.html,6,6,0
/3.13/library/runpy.html,6,6,0
/3.13/library/xml.etree.elementtree.html,6,6,369
/3.13/tutorial/inputoutput.html,6,7,116
/3.14/using/windows.html,6,6,453
/3.14/whatsnew/3.14.html,6,6,956
/3/index.html,6,6,655
/3/library/csv.html,6,6,670
/3/library/string.html,6,6,141
/3/library/tempfile.html,6,6,1095
/3/whatsnew/3.13.html,6,6,127
/es/3.13/glossary.html,6,6,8
/es/3.13/tutorial/classes.html,6,6,1
/fr/3.13/faq/windows.html,6,6,0
/fr/3.13/library/tkinter.ttk.html,6,6,0
/fr/3.13/search.html,6,6,816
/fr/3.13/tutorial/introduction.html,6,6,0
/fr/3.13/using/windows.html,6,6,11
/ja/3.13/howto/logging.html,6,6,372
/ja/3.13/library/array.html,6,6,74
/ja/3.13/library/asyncio-task.html,6,6,31
/ja/3.13/library/os.html,6,6,0
/ja/3.13/library/timeit.html,6,6,0
/ja/3.13/library/urllib.request.html,6,6,9
/ja/3.13/reference/lexical_analysis.html,6,6,224
/ko/3.13/library/index.html,6,6,160
/ko/3.13/library/math.html,6,6,0
/pt-br/3.13/bugs.html,6,6,0
/uk/3.13/library/datetime.html,6,6,88
/uk/3.13/library/math.html,6,6,4
/uk/3.13/reference/index.html,6,8,277
/zh-cn/3.13/c-api/init.html,6,6,0
/zh-cn/3.13/genindex-虚.html,6,6,0
/zh-cn/3.13/genindex-解.html,6,6,0
/zh-cn/3.13/howto/regex.html,6,6,0
/zh-cn/3.13/library/importlib.resources.abc.html,6,6,0
/zh-cn/3.13/library/tkinter.html,6,7,0
/zh-cn/3.13/library/turtle.html,6,6,2
/zh-cn/3.13/tutorial/classes.html,6,6,0
/zh-cn/3.13/tutorial/errors.html,6,6,5
/zh-cn/3.13/tutorial/inputoutput.html,6,6,0
/zh-cn/3.13/tutorial/whatnow.html,6,6,0
/zh-tw/3.13/tutorial/classes.html,6,6,2
/3.13/c-api/index.html,5,5,50
/3.13/download.html,5,5,1
/3.13/library/asyncio-task.html,5,5,26
/3.13/library/codecs.html,5,5,35
/3.13/library/getopt.html,5,5,0
/3.13/library/pkgutil.html,5,5,0
/3.13/library/select.html,5,5,33
/3.13/library/sqlite3.html,5,5,324
/3.13/library/tkinter.ttk.html,5,5,25
/3.13/library/warnings.html,5,5,278
/3.13/library/zipfile.html,5,5,363
/3.13/reference/compound_stmts.html,5,5,10
/3.13/reference/expressions.html,5,6,79
