name,unique_exits,total_exits,exit_rate
/pt-br/latest/guides/installing-using-pip-and-virtual-environments/,11,14,
/pt-br/latest/tutorials/installing-packages/,3,3,
/pt-br/latest/tutorials/packaging-projects/,3,3,
/pt-br/latest/,2,2,
/pt-br/latest/overview/,2,2,
/en/latest/,1,1,
/en/latest/tutorials/installing-packages/,1,1,
/ja/latest/,1,1,
/pt-br/latest/guides/,1,1,
/pt-br/latest/guides/creating-and-discovering-plugins/,1,1,
/pt-br/latest/guides/modernize-setup-py-project/,1,1,
/pt-br/latest/guides/packaging-namespace-packages/,1,1,
/pt-br/latest/guides/writing-pyproject-toml/,1,1,
/pt-br/latest/specifications/externally-managed-environments/,1,1,
/tutorials/packaging-projects/,1,1,
