property,value,visitors,events,percentage
url,(none),440,820,100.0
url,https://www.python.org/,4,6,0.9
url,https://www.python.org/downloads/,2,2,0.5
url,https://devguide.python.org/,1,1,0.2
url,https://docs.python.org/it/3.14/archives/python-3.14-docs-html.zip,1,1,0.2
url,https://github.com/python/cpython/blob/main/Doc/bugs.rst?plain=1,1,1,0.2
url,https://packaging.python.org/en/latest/tutorials/installing-packages/,1,1,0.2
url,https://packaging.python.org/guides/installing-using-pip-and-virtual-environments/#create-and-use-virtual-environments,1,1,0.2
url,https://peps.python.org/,1,1,0.2
url,https://pypi.org/,1,1,0.2
url,https://support.apple.com/en-us/HT201732,1,1,0.2
url,https://www.python.org/doc/versions/,1,1,0.2
