name,visitors
Tokyo,1238
Taipei,352
Osaka,315
Hong Kong,306
Guangzhou,280
Accra,277
Paris,266
Bengaluru,252
Singapore,238
Beijing,232
Shanghai,227
Chennai,219
Hyderabad,206
Mumbai,180
Bogotá,171
Madrid,160
Lima,147
Chengdu,142
Pune,140
São Paulo,138
N/A,138
Los Angeles,134
Kyiv,119
Shenzhen,109
Santiago,106
Taichung,92
Medellín,92
New Delhi,90
Kolkata,90
Seoul,86
Hangzhou,84
Yokohama,84
Istanbul,82
Delhi,78
Nagoya,78
Jakarta,76
Moscow,75
Kaohsiung,73
Sydney,72
Nairobi,70
Wuhu,70
Hanoi,67
Ho Chi Minh City,66
Bangkok,66
Zhengzhou,64
Barcelona,64
Ahmedabad,63
Milan,63
Warsaw,59
Lagos,56
Frankfurt am Main,56
Rio de Janeiro,56
Hsinchu,55
Kyoto,55
Xi’an,53
N/A,51
Tashkent,50
Seattle,50
Toronto,50
Coimbatore,49
Chicago,49
London,48
Amsterdam,48
Lahore,47
Kuala Lumpur,46
Qingdao,46
Suwon,45
N/A,45
Mexico City,45
Tianjin,44
Nanjing,44
Sapporo,44
Cairo,43
Johannesburg,43
Suzhou,43
Melbourne,43
Wuhan,42
Brasília,42
New York City,42
San Jose,42
Dhaka,41
Tainan,41
Buenos Aires,40
Guatemala City,39
Guiyang,38
Kawaguchi,38
San José,38
Guayaquil,38
Patna,37
N/A,37
Berlin,37
Jaipur,36
Noida,36
Lviv,35
Karachi,35
Munich,35
Lucknow,34
Taoyuan,34
Jinan,34
Addis Ababa,33
Phnom Penh,33
Montréal,33
N/A,32
Kawasaki,32
Vienna,32
Santo Domingo,32
Quito,32
Saint Petersburg,31
Bucharest,31
Wuxi,31
Seongnam-si,31
Cali,31
Dallas,31
Islamabad,30
N/A,30
Colombo,29
Kathmandu,29
Rome,29
San Salvador,29
N/A,29
Riyadh,28
Changsha,28
Casablanca,28
Bhopāl,27
Dakar,27
Thrissur,26
Surat,26
Salem,26
N/A,26
Caracas,26
Barranquilla,26
Benito Juarez,26
Calgary,26
N/A,26
N/A,26
Vijayawada,25
Quezon City,25
Incheon,25
Panamá,25
N/A,25
Tehran,24
Manila,24
Liaocheng,24
Chongqing,24
Iwakuni,24
Fortaleza,24
Puebla,24
Ashburn,24
Jeddah,23
Ankara,23
Nagpur,23
Indore,23
N/A,23
Lisbon,23
Abidjan,23
Hamburg,23
Recife,23
Miami,23
Dnipro,22
N/A,22
Auckland,22
Zürich,22
Prague,22
Cape Town,22
Belo Horizonte,22
Chandīgarh,21
Manchester,21
Lyon,21
Budapest,21
Managua,21
Houston,21
Vancouver,21
Ranchi,20
Meerut,20
Nanchang,20
N/A,20
Sendai,20
Cotonou,20
Valencia,20
Marseille,20
Brooklyn,20
N/A,20
Tel Aviv,19
Guwahati,19
Novosibirsk,19
Perth,19
Abuja,19
Tunis,19
Stockholm,19
Atlanta,19
İzmir,18
Odessa,18
Visakhapatnam,18
Fuzhou,18
N/A,18
Machida,18
Brussels,18
Köln,18
Rennes,18
Curitiba,18
Gustavo Adolfo Madero,18
Guadalajara,18
Dar es Salaam,17
Amman,17
Athens,17
Baku,17
Lusaka,17
Kozhikode,17
Bhubaneshwar,17
Fukuoka,17
Sevilla,17
Dublin,17
Sofia,16
Antananarivo,16
Xiaogan,16
Hefei,16
N/A,16
Shenyang,16
Kinshasa,16
Port Harcourt,16
Toulouse,16
Montevideo,16
Porto Alegre,16
Campinas,16
Cuauhtémoc,16
N/A,16
N/A,16
Faisalabad,15
Ludhiāna,15
Agra,15
Almaty,15
Surabaya,15
N/A,15
Xiamen,15
Ningbo,15
N/A,15
Brisbane,15
Algiers,15
Resistencia,15
Salta,15
Indianapolis,15
Las Vegas,15
N/A,15
N/A,15
Harare,14
Rājkot,14
Gurgaon,14
Zhubei,14
Chang-hua,14
Shijiazhuang,14
N/A,14
N/A,14
Kobe,14
Kawagoe,14
Fujisawa,14
Ulan Bator,14
Salvador,14
Osasco,14
Goiânia,14
Reston,14
Phoenix,14
Sacramento,14
Santa Clara,14
N/A,14
Dubai,13
Tallinn,13
Helsinki,13
Vadodara,13
Madurai,13
Cochin,13
N/A,13
Busan,13
Ibaraki,13
Hiroshima,13
Ibadan,13
Marrakesh,13
Oslo,13
Mar del Plata,13
Campo Grande,13
Ecatepec de Morelos,13
Bucaramanga,13
La Paz,13
Santiago de Querétaro,13
Monterrey,13
Chihuahua,13
Denver,13
Portland,13
Krasnodar,12
Yerevan,12
Foshan,12
Dalian,12
N/A,12
Koshigaya,12
Bamako,12
Azcapotzalco,12
Piura,12
Concepción,12
Washington,12
Philadelphia,12
Austin,12
