name,unique_exits,total_exits,exit_rate
/it/3/tutorial/index.html,15,17,
/it/3.13/tutorial/index.html,9,9,
/3/,8,8,
/3/tutorial/index.html,6,6,
/it/3.13/library/stdtypes.html,5,5,
/it/3.13/tutorial/controlflow.html,5,6,
/it/3.13/tutorial/interpreter.html,5,6,
/it/3.13/tutorial/introduction.html,5,6,
/3.13/tutorial/index.html,4,4,
/it/3.13/search.html,4,4,
/3/search.html,3,3,
/it/3.13/,3,3,
/it/3.13/tutorial/appetite.html,3,3,
/it/3.13/tutorial/datastructures.html,3,3,
/it/3/tutorial/introduction.html,3,4,
/3.13/contents.html,2,2,
/3.13/tutorial/modules.html,2,2,
/it/3.13/library/functions.html,2,2,
/it/3.13/tutorial/inputoutput.html,2,2,
/it/3.13/tutorial/modules.html,2,3,
/it/3.13/whatsnew/3.13.html,2,2,
/it/3/library/functions.html,2,2,
/it/3/library/stdtypes.html,2,2,
/it/3/search.html,2,2,
/it/3/tutorial/controlflow.html,2,2,
/3.13/installing/index.html,1,1,
/3.13/library/statistics.html,1,1,
/3.13/library/string.html,1,1,
/3.13/library/typing.html,1,1,
/3.13/search.html,1,1,
/3.13/tutorial/appetite.html,1,1,
/3.13/whatsnew/3.13.html,1,1,
/3/download.html,1,1,
/3/library/math.html,1,1,
/3/library/os.html,1,1,
/3/library/pathlib.html,1,1,
/3/tutorial/appendix.html,1,1,
/3/tutorial/modules.html,1,1,
/dev/library/os.html,1,1,
/fr/3.13/library/functions.html,1,1,
/fr/3.13/tutorial/controlflow.html,1,1,
/fr/3.13/tutorial/index.html,1,1,
/it/3.12/library/functions.html,1,1,
/it/3.12/library/glob.html,1,1,
/it/3.12/library/nis.html,1,1,
/it/3.12/tutorial/interpreter.html,1,1,
/it/3.13/contents.html,1,1,
/it/3.13/download.html,1,1,
/it/3.13/howto/regex.html,1,1,
/it/3.13/index.html,1,1,
/it/3.13/installing/index.html,1,1,
/it/3.13/library/,1,1,
/it/3.13/library/argparse.html,1,1,
/it/3.13/library/errno.html,1,1,
/it/3.13/library/idle.html,1,1,
/it/3.13/library/locale.html,1,1,
/it/3.13/library/reprlib.html,1,1,
/it/3.13/library/secrets.html,1,1,
/it/3.13/library/sys.html,1,1,
/it/3.13/library/textwrap.html,1,1,
/it/3.13/library/typing.html,1,1,
/it/3.13/library/winsound.html,1,1,
/it/3.13/py-modindex.html,1,1,
/it/3.13/tutorial/,1,1,
/it/3.13/tutorial/classes.html,1,1,
/it/3.13/tutorial/stdlib2.html,1,1,
/it/3.13/using/windows.html,1,1,
/it/3.13/whatsnew/3.12.html,1,1,
/it/3.14/search.html,1,1,
/it/3.15/library/functions.html,1,1,
/it/3.15/whatsnew/3.14.html,1,1,
/it/3/library/ipaddress.html,1,1,
/it/3/library/random.html,1,1,
/it/3/library/xmlrpc.client.html,1,1,
/it/3/reference/lexical_analysis.html,1,1,
/it/3/tutorial/appetite.html,1,1,
/it/3/tutorial/classes.html,1,1,
/it/3/tutorial/modules.html,1,1,
/it/3/tutorial/stdlib.html,1,1,
/it/3/using/windows.html,1,1,
/ja/3.13/search.html,1,1,
/zh-cn/3.13/library/typing.html,1,1,
