name,unique_exits,total_exits,exit_rate
/ja/3/library/codecs.html,474,479,
/ja/3.13/library/functions.html,170,170,
/ja/3.13/library/datetime.html,153,153,
/ja/3.13/library/re.html,151,162,
/ja/3/library/functions.html,137,138,
/ja/3.13/tutorial/,136,144,
/ja/3/library/stdtypes.html,130,134,
/ja/3/tutorial/,123,131,
/ja/3.13/library/subprocess.html,120,122,
/ja/3/library/index.html,106,110,
/ja/3/tutorial/index.html,103,111,
/ja/3.13/library/index.html,100,101,
/ja/3/,93,96,
/ja/3.13/library/stdtypes.html,90,93,
/ja/3.13/library/csv.html,81,82,
/ja/3.13/library/random.html,81,83,
/ja/3.13/library/logging.html,79,82,
/ja/3.13/library/pathlib.html,72,73,
/ja/3/tutorial/datastructures.html,70,70,
/ja/3.13/library/typing.html,69,72,
/ja/3.13/library/multiprocessing.html,60,64,
/ja/3/library/venv.html,59,60,
/ja/3.13/library/argparse.html,57,59,
/ja/3.13/library/tkinter.html,57,57,
/ja/3.13/library/json.html,56,58,
/ja/3.13/library/itertools.html,55,59,
/ja/3/tutorial/controlflow.html,55,57,
/ja/3.13/tutorial/interpreter.html,54,54,
/ja/3/library/datetime.html,54,57,
/ja/3.13/howto/sorting.html,53,55,
/ja/3.13/library/math.html,53,56,
/ja/3.13/tutorial/controlflow.html,53,55,
/ja/3.13/library/sqlite3.html,52,52,
/ja/3.13/tutorial/inputoutput.html,52,54,
/ja/3.13/library/exceptions.html,51,51,
/ja/3.13/tutorial/index.html,51,53,
/ja/3.13/tutorial/classes.html,50,52,
/ja/3.13/installing/index.html,49,50,
/ja/3.13/tutorial/errors.html,49,50,
/ja/3.13/library/os.path.html,48,48,
/ja/3/library/xml.etree.elementtree.html,48,50,
/ja/3/search.html,47,50,
/ja/3.13/library/os.html,46,47,
/ja/3.13/library/enum.html,44,45,
/ja/3.13/library/string.html,43,43,
/ja/3.13/library/threading.html,43,44,
/ja/3/tutorial/interpreter.html,43,44,
/ja/3.13/library/venv.html,42,42,
/ja/3/tutorial/introduction.html,42,44,
/ja/3/library/re.html,41,43,
/ja/3.13/library/time.html,39,40,
/ja/3.13/whatsnew/index.html,38,38,
/ja/3.13/library/concurrent.futures.html,37,38,
/ja/3.13/tutorial/introduction.html,35,36,
/ja/3.13/using/windows.html,35,35,
/ja/3.13/library/unittest.html,34,35,
/ja/3.13/library/configparser.html,33,34,
/ja/3.13/library/socket.html,33,34,
/ja/3.13/library/tempfile.html,33,33,
/ja/3/tutorial/classes.html,33,34,
/ja/dev/tutorial/errors.html,33,33,
/ja/3.13/library/asyncio-task.html,32,35,
/ja/3.13/library/functools.html,32,32,
/ja/3.13/library/io.html,32,32,
/ja/3.13/search.html,32,34,
/ja/3.13/library/struct.html,31,32,
/ja/3.13/howto/logging.html,30,32,
/ja/3.13/library/shutil.html,30,32,
/ja/3/reference/compound_stmts.html,30,32,
/ja/3/using/cmdline.html,30,30,
/ja/3.13/library/decimal.html,29,31,
/ja/3.13/library/pickle.html,29,29,
/ja/3/reference/index.html,28,28,
/ja/3/tutorial/appetite.html,28,29,
/ja/3.13/library/zipfile.html,27,27,
/ja/3.13/tutorial/modules.html,27,27,
/ja/3/c-api/import.html,27,27,
/ja/3/library/random.html,26,26,
/ja/3.13/library/ctypes.html,25,26,
/ja/3.13/library/glob.html,25,25,
/ja/3.13/library/queue.html,25,26,
/ja/3.13/library/urllib.request.html,25,26,
/ja/3.13/reference/datamodel.html,25,25,
/ja/3/library/tkinter.html,25,25,
/ja/3/library/typing.html,25,25,
/ja/3.13/library/logging.handlers.html,24,29,
/ja/3.13/library/traceback.html,24,25,
/ja/3/library/exceptions.html,24,24,
/ja/3.13/glossary.html,23,23,
/ja/3.13/library/dataclasses.html,23,24,
/ja/3.13/library/idle.html,23,23,
/ja/3.13/library/unittest.mock.html,23,23,
/ja/3/library/math.html,23,23,
/ja/3/using/windows.html,23,23,
/ja/3.13/library/abc.html,22,22,
/ja/3.13/library/tkinter.ttk.html,22,22,
/ja/3.13/library/collections.html,21,21,
/ja/3.13/library/pprint.html,21,22,
/ja/3.13/library/sys.html,21,21,
/ja/3/glossary.html,21,21,
