name,visitors,bounce_rate,visit_duration
Direct / None,2884,67,192
google.com,858,76,405
python.org,172,68,225
bing.com,69,73,432
baidu.com/link,57,65,313
google.com.hk,57,76,214
m.baidu.com,42,85,52
duckduckgo.com,29,100,561
peps.python.org,26,70,174
cn.bing.com,23,91,239
practicum.yandex.ru,21,91,0
chatgpt.com,15,50,520
campus109.unad.edu.co,12,54,119
reddit.com,9,100,115
baidu.com,8,80,266
google.co.jp,8,71,487
yandex.ru,8,100,567
qiita.com,7,100,617
statics.teams.cdn.office.net,7,83,354
android-app://com.google.android.googlequicksearchbox,6,100,339
github.com,5,100,943
link.csdn.net,5,50,155
realpython.com,5,100,1098
discuss.python.org,4,100,0
ecosia.org,4,100,215
pypi.org,4,0,402
classroom.google.com,3,100,0
doubao.com,3,0,565
github.com/eventlet/eventlet/issues/795,3,67,10
github.com/jwodder/versioningit/issues/48,3,33,118
google.co.uk,3,0,690
google.de,3,100,510
pucminas.instructure.com/courses/199120/modules/items/4332351,3,67,27
udemy.com,3,100,1019
att.sharepoint.com,2,100,0
codecademy.cn,2,0,3528
eadcursosgratuitos.mackenzie.br,2,50,352
es.python.org,2,0,624
github.com/python/peps/blob/main/peps/pep-0693.rst,2,100,0
github.com/supersaiyanmode/PyWebOSTV/issues/108,2,100,0
google.com.br,2,0,732
google.fr,2,0,736
google.ru,2,100,34
mail.google.com,2,100,0
note.nkmk.me,2,0,3006
practicum.yandex.com,2,100,0
python.org/downloads/release/python-3129,2,50,27
qwant.com,2,0,26
127.0.0.1,1,100,0
android-app://com.reddit.frontpage,1,0,2131
assignments.onenote.com,1,100,0
away.vk.com,1,100,0
bbgithub.dev.bloomberg.com,1,100,0
bitbucket.org,1,0,78
blog.python.org,1,0,137
ca.search.yahoo.com,1,0,105
campus118.unad.edu.co,1,0,10
chunyeung.medium.com,1,0,41
classum.com,1,100,0
cnblogs.com,1,0,103
courses.cscc.edu,1,0,755
cs50.harvard.edu,1,0,745
devdocs.io,1,100,0
devdungeon.com,1,0,55
devnats.nswc.navy.mil,1,0,77
docs.astral.sh,1,0,450
docs.gnuhealth.org,1,0,5085
docs.google.com,1,0,1130
docs.pytest.org/en/7.1.x/how-to/logging.html,1,0,632
doubao.com/chat/2491087956016130,1,0,602
elearn.epam.com,1,0,2622
fastapi.tiangolo.com,1,0,5245
gemini.google.com,1,0,1332
github.com/Azure/WALinuxAgent/pull/3337,1,100,0
github.com/Azure/azure-linux-extensions/issues/1908,1,100,0
github.com/GoogleChrome/related-website-sets/blob/main/RWS-Submission_Guidelines.md,1,0,414
github.com/NilsJPWerner/autoDocstring/issues/273,1,100,0
github.com/argosopentech/argos-translate/issues/393,1,100,0
github.com/code-golf/code-golf/issues/908,1,100,0
github.com/intltechventures/Lab.Python/blob/master/Tutorials.md,1,0,3
github.com/jackrosenthal/legacy-cgi,1,100,0
github.com/mkdocstrings/griffe/issues/342,1,100,0
github.com/open-telemetry/opentelemetry-python/issues/3370,1,0,698
github.com/python/cpython/issues/103636,1,0,268
github.com/python/cpython/issues/97545,1,100,0
gits-15.sys.kth.se,1,0,61
google.ca,1,0,1364
google.co.in,1,100,0
google.co.kr,1,100,0
google.com.tw,1,0,113
google.dk,1,0,1101
google.fi,1,0,1593
google.it,1,100,0
google.pl,1,0,1072
google.se,1,100,0
hobbylife.tistory.com/entry/%ED%8C%8C%EC%9D%B4%EC%8D%AC-312%EC%9D%98-%ED%8A%B9%EC%A7%95%EA%B3%BC-%EA%B0%9C%EC%84%A0%EC%82%AC%ED%95%AD-%EC%A0%95%EB%A6%AC,1,0,138
idealab.alibaba-inc.com/ideaTalk,1,0,8
in.search.yahoo.com,1,0,11
instaloader.github.io,1,0,1933
jhas01.gsom.spbu.ru,1,0,86
keep.google.com,1,0,13
lahuman.github.io,1,100,0
learnbyexample.github.io,1,0,104
legendu.net,1,0,734
link.zhihu.com,1,0,1070
lnkd.in,1,0,31
login.microsoftonline.com,1,100,0
lrps.wgu.edu,1,100,0
m.baidu.com/from=1001703a/bd_page_type=1/ssid=0/uid=0/pu=usm%400%2Csz%401320_1001%2Cta%40iphone_2_14.0_18_40.9/baiduid=F569132F941DF59E880FA79CD6F162C2/w=80_10_/t=iphone/l=1/tc,1,100,0
m.baidu.com/from=1001703a/bd_page_type=1/ssid=0/uid=0/pu=usm%401%2Csz%401320_1001%2Cta%40iphone_2_14.0_18_40.8/baiduid=E0C1971E1CC448B72F7DEE5BCADE448F/w=10_10_/t=iphone/l=1/tc,1,100,0
m.baidu.com/from=1012852q/bd_page_type=1/ssid=0/uid=0/pu=usm%400%2Csz%401320_1004%2Cta%40iphone_2_14.0_11_18.6/baiduid=4A60B16E8DDB8C47831FA983EE6A8E8D/w=0_10_/t=iphone/l=1/tc,1,100,0
m.baidu.com/from=1012852q/bd_page_type=1/ssid=0/uid=0/pu=usm%400%2Csz%401320_1004%2Cta%40iphone_2_14.0_11_19.1/baiduid=C5C9C5A6C11661EDF09DDB7B12BCCA38/w=0_10_/t=iphone/l=1/tc,1,100,0
m.baidu.com/from=1012852q/bd_page_type=1/ssid=0/uid=0/pu=usm%400%2Csz%401320_1004%2Cta%40iphone_2_15.0_11_19.2/baiduid=BDDE26054AB43FA3D8F8F5B8BE01A0D7/w=0_10_/t=iphone/l=1/tc,1,100,0
m.baidu.com/from=1012852q/bd_page_type=1/ssid=0/uid=0/pu=usm%400%2Csz%401320_1004%2Cta%40iphone_2_15.0_11_19.2/baiduid=CDC6296D5CC3DC4C3E0087697D01A26D/w=0_10_/t=iphone/l=1/tc,1,100,0
m.baidu.com/from=1013966u/bd_page_type=1/ssid=0/uid=0/pu=usm%400%2Csz%401320_1001%2Cta%40iphone_2_10.0_19_23.7/baiduid=B8FB2183510C8A95FA94880DF55752A8/w=0_10_/t=iphone/l=1/tc,1,0,231
m.baidu.com/from=1013966u/bd_page_type=1/ssid=0/uid=0/pu=usm%400%2Csz%401320_1001%2Cta%40iphone_2_15.0_19_23.3/baiduid=70815C990A35770DD0A5E39704B66157/w=0_10_/t=iphone/l=1/tc,1,100,0
m.baidu.com/from=1019311v/bd_page_type=1/ssid=0/uid=0/pu=usm%400%2Csz%401320_1001%2Cta%40iphone_2_9.0_19_23.9/baiduid=2B0B3A46304E42EFE254BF16E12F2C11/w=0_10_/t=iphone/l=1/tc,1,100,0
m.baidu.com/from=1019311v/bd_page_type=1/ssid=0/uid=0/pu=usm%401%2Csz%401320_1001%2Cta%40iphone_2_13.0_19_22.7/baiduid=824B8D451A1C9AECF12A84DE8322BE74/w=0_10_/t=iphone/l=1/tc,1,100,0
m.baidu.com/from=1020761f/bd_page_type=1/ssid=0/uid=0/pu=usm%400%2Csz%401320_1001%2Cta%40iphone_2_10.0_19_23.9/baiduid=39B982F061A3FC7DABBF5E99BD9A7785/w=0_10_/t=iphone/l=1/tc,1,100,0
m.baidu.com/from=1026296a/bd_page_type=1/ssid=0/uid=0/pu=sz%401320_480%2Ccuid%400aB6i_uZH8_3iS8PjO2ga_i5HigO82il082tagad2aKmLqqqB%2Ccua%40_avLC_anvi46ywoUfpw1z4aLXio2as8DgN2b8AqqC%2Cosname%40baiduboxapp%2Cctv%402%2Ccfrom%401026296a%2Ccen%40cuid_cua%2Cc3_aid%40A00-35X5YYENT3JJP4V3MUI3CGKDKMZ54CNR-7KMAEE4F%2Cosbranch%40a9%2Ccsrc%40home_box_txt%2Cvmgdb%400020100228y%2Cusm%402/baiduid=428DFBC6FC6DABA2C90B504D76449E25/w=0_10_/t=zbios/l=1/tc,1,100,0
m.baidu.com/from=1034829p/bd_page_type=1/ssid=0/uid=0/pu=usm%400%2Csz%401320_1003%2Cta%40iphone_2_13.0_1_17.5/baiduid=E8FA745064EC9EDC3BA07D672C145AC5/w=0_10_/t=iphone/l=1/tc,1,100,0
m.baidu.com/from=1041843c/bd_page_type=1/ssid=0/uid=0/pu=ctv%402%2Csz%401320_480%2Cosname%40baiduboxapp%2Ccfrom%401041843c%2Ccen%40cuid_cua_cut%2Ccuid%400uSNu_aL2i0wuHaRlav2i_uYvajgaviK_aHligPQSaKQLqqqB%2Ccua%40_a-qiyaC2ig4NE6lI5me6NN0v8z9aX8DoavjhSdHNqqqB%2Cc3_aid%40A00-GVNXUHHU64YPIIGVLZBTU44Y6FT7MFH6-5N243K3Q%2Cvmgdb%400020100228y%2Ccsrc%40home_box_txt%2Cusm%403/baiduid=D34428594257DCBC8538CA2CDDA28B9D/w=0_10_/t=zbios/l=1/tc,1,100,0
m.facebook.com,1,100,0
maxsitt.github.io,1,100,0
moodle.rwth-aachen.de,1,100,0
nvlabs.github.io,1,0,181
paddlecloud.baidu-int.com,1,0,1181
perplexity.ai,1,100,0
portingguide.readthedocs.io/en/latest/strings.html,1,0,67
pro.arcgis.com,1,0,109
pypdf.readthedocs.io/en/stable/modules/PdfWriter.html,1,0,42
python.github.net.cn,1,0,518
python.org/downloads/release/python-3120,1,100,0
python.p2hp.com,1,0,773
scikit-learn.org,1,0,3079
search.brave.com,1,0,19
search.yahoo.com,1,100,0
showa-yojyo.github.io,1,0,381
so.com/link,1,100,0
sphinx-doc.org/en/master,1,0,10
sso.st.com,1,0,1
static.oschina.net,1,100,0
statics.gov.teams.microsoft.us,1,100,0
subscription.packtpub.com,1,0,8
urllib3.readthedocs.io/en/1.26.19/reference/urllib3.response.html,1,0,1625
w2024.shellnode.com,1,0,1039
wiki.python.org,1,0,245
yandex.kz,1,0,322
yandex.ru/search,1,0,788
zarr.readthedocs.io/en/stable/user-guide/installation.html,1,0,19
