name,visitors
Chrome,6662
Microsoft Edge,1512
Firefox,1101
Safari,831
Yandex Browser,191
Opera,183
Mobile App,79
Samsung Browser,35
(not set),20
Smart Lenovo Browser,16
MIUI Browser,11
vivo Browser,10
Quark,8
QQ Browser,6
Huawei Browser,5
Avast Secure Browser,4
Huawei Browser Mobile,4
Whale Browser,4
AVG Secure Browser,3
Mail Master,2
Opera GX,2
Opera Touch,2
Phoenix Browser,2
QtWebEngine,2
Sogou Explorer,2
AdBlock Browser,1
Chromium,1
Ecosia,1
Falkon,1
Hawk Quick Browser,1
Qutebrowser,1
