name,visitors,pageviews,bounce_rate,time_on_page,scroll_depth
/en/latest/tutorials/installing-packages/,6056,6744,80,43,40
/en/latest/guides/installing-using-pip-and-virtual-environments/,1134,1231,88,42,47
/en/latest/tutorials/packaging-projects/,1069,1099,77,61,53
/en/latest/guides/tool-recommendations/,793,847,73,17,59
/en/latest/guides/writing-pyproject-toml/,759,820,79,46,53
/en/latest/,514,575,64,22,82
/en/latest/glossary/,454,439,52,25,58
/en/latest/key_projects/,426,402,45,35,45
/en/latest/overview/,221,217,58,55,49
/en/latest/tutorials/,180,173,23,6,100
/en/latest/guides/installing-using-linux-tools/,175,153,75,27,70
/en/latest/guides/,156,154,46,15,89
/en/latest/guides/section-install/,149,139,41,19,100
/en/latest/tutorials/managing-dependencies/,142,120,66,38,73
/en/latest/guides/distributing-packages-using-setuptools/,141,147,72,47,57
/en/latest/flow/,126,112,52,35,65
/en/latest/specifications/pyproject-toml/,112,116,71,35,52
/en/latest/guides/installing-stand-alone-command-line-tools/,102,87,48,29,69
/en/latest/discussions/src-layout-vs-flat-layout/,97,102,81,92,84
/en/latest/specifications/,75,72,29,12,83
/en/latest/specifications/dependency-specifiers/,74,76,83,38,34
/en/latest/guides/section-build-and-publish/,73,82,67,12,99
/en/latest/search/,70,80,62,11,75
/en/latest/guides/installing-using-virtualenv/,62,58,63,10,100
/en/latest/specifications/version-specifiers/,61,64,88,49,52
/en/latest/guides/publishing-package-distribution-releases-using-github-actions-ci-cd-workflows/,56,57,79,93,65
/en/latest/specifications/core-metadata/,53,50,65,105,55
/en/latest/specifications/entry-points/,53,61,82,85,66
/en/latest/guides/packaging-namespace-packages/,51,48,66,94,58
/en/latest/discussions/pip-vs-easy-install/,47,44,78,19,92
/en/latest/guides/modernize-setup-py-project/,47,47,79,63,72
/en/latest/guides/creating-command-line-tools/,46,42,81,43,72
/en/latest/discussions/deploying-python-applications/,41,38,65,22,84
/en/latest/discussions/package-formats/,39,38,58,85,74
/en/latest/specifications/inline-script-metadata/,39,37,90,17,68
/en/latest/discussions/distribution-package-vs-import-package/,38,31,67,47,76
/en/latest/discussions/versioning/,38,35,65,91,68
/en/latest/guides/hosting-your-own-index/,36,44,62,42,81
/en/latest/guides/creating-and-discovering-plugins/,34,30,85,39,81
/en/latest/discussions/setup-py-deprecated/,33,32,60,47,65
/en/latest/guides/installing-scientific-packages/,32,32,67,26,68
/en/latest/guides/packaging-binary-extensions/,32,33,73,33,44
/en/latest/guides/using-testpypi/,29,29,69,22,87
/en/latest/specifications/binary-distribution-format/,29,30,72,20,36
/en/latest/discussions/,28,29,67,9,98
/en/latest/guides/analyzing-pypi-package-downloads/,28,23,67,23,66
/en/latest/specifications/pylock-toml/,27,27,80,34,33
/en/latest/discussions/install-requires-vs-requirements/,26,21,73,23,86
/en/latest/specifications/name-normalization/,26,22,29,27,91
/en/latest/discussions/single-source-version/,22,24,57,33,95
/en/latest/specifications/pypirc/,22,20,86,24,77
/en/latest/guides/making-a-pypi-friendly-readme/,21,20,71,53,91
/en/latest/guides/licensing-examples-and-user-scenarios/,19,14,100,190,62
/en/latest/specifications/dependency-groups/,19,18,75,101,53
/en/latest/specifications/platform-compatibility-tags/,19,20,91,100,59
/en/latest/specifications/externally-managed-environments/,17,18,87,86,28
/en/latest/specifications/recording-installed-packages/,17,13,100,14,25
/en/latest/specifications/source-distribution-format/,16,16,62,48,58
/en/latest/specifications/section-distribution-metadata/,14,14,0,7,100
/en/latest/specifications/section-installation-metadata/,14,15,100,6,100
/en/latest/guides/index-mirrors-and-caches/,13,12,38,46,93
/en/latest/guides/section-hosting/,13,12,25,5,100
/en/latest/support/,13,10,50,10,100
/en/latest/guides/dropping-older-python-versions/,11,9,100,7,58
/en/latest/contribute/,10,7,100,23,43
/en/latest/news/,10,9,0,10,26
/en/latest/specifications/license-expression/,10,7,33,16,85
/en/latest/specifications/section-distribution-formats/,10,10,100,3,99
/en/latest/specifications/virtual-environments/,9,8,40,37,95
/en/latest/guides/migrating-to-pypi-org/,8,8,100,15,58
/en/latest/guides/using-manifest-in/,8,7,33,7,100
/en/latest/specifications/section-package-indices/,8,7,50,5,100
/en/latest/discussions/downstream-packaging/,7,5,0,8,33
/en/latest/specifications/section-python-description-formats/,7,6,0,3,100
/en/latest/specifications/simple-repository-api/,7,7,80,75,10
/en/latest/specifications/well-known-project-urls/,7,5,0,35,75
/en/latest/specifications/section-reproducible-environments/,6,6,100,9,100
/en/latest/guides/single-sourcing-package-version/,5,4,33,0,100
/en/latest/specifications/glob-patterns/,5,5,100,11,71
/en/latest/specifications/build-details/,4,4,0,8,61
/en/latest/guides/multi-version-installs/,2,1,0,28,100
/en/latest/specifications/direct-url/,2,2,100,14,76
/en/latest/specifications/index-hosted-attestations/,2,2,0,11,44
/en/latest/guides/supporting-multiple-python-versions/,1,1,100,,
/en/latest/index.html,1,2,0,7,99
/en/latest/specifications/build-details/v1.0/,1,2,0,,
/en/latest/specifications/direct-url-data-structure/,1,1,0,7,22
