name,unique_entrances,total_entrances,visit_duration
/en/latest/tutorials/installing-packages/,4260,4354,68
/en/latest/guides/tool-recommendations/,704,713,45
/en/latest/tutorials/packaging-projects/,593,613,132
/en/latest/guides/writing-pyproject-toml/,536,546,103
/en/latest/guides/installing-using-pip-and-virtual-environments/,507,520,45
/en/latest/,330,336,163
/en/latest/glossary/,122,124,252
/en/latest/key_projects/,97,101,158
/en/latest/guides/installing-using-linux-tools/,79,80,102
/en/latest/overview/,76,81,568
/en/latest/guides/distributing-packages-using-setuptools/,71,73,138
/en/latest/specifications/dependency-specifiers/,59,63,52
/en/latest/tutorials/managing-dependencies/,51,52,122
/en/latest/discussions/src-layout-vs-flat-layout/,40,41,142
/en/latest/guides/section-install/,40,42,133
/en/latest/guides/using-testpypi/,34,42,418
/en/latest/guides/publishing-package-distribution-releases-using-github-actions-ci-cd-workflows/,31,31,62
/en/latest/guides/,28,28,361
/en/latest/guides/creating-command-line-tools/,28,31,111
/en/latest/specifications/inline-script-metadata/,28,29,97
/en/latest/specifications/version-specifiers/,28,28,69
/en/latest/tutorials/,28,28,21
/en/latest/specifications/entry-points/,27,28,58
/en/latest/specifications/pyproject-toml/,27,27,177
/en/latest/guides/hosting-your-own-index/,26,26,31
/en/latest/guides/packaging-namespace-packages/,26,27,44
/en/latest/flow/,25,25,101
/en/latest/guides/packaging-binary-extensions/,21,21,100
/en/latest/specifications/core-metadata/,20,20,94
/en/latest/guides/installing-stand-alone-command-line-tools/,19,19,25
/en/latest/specifications/,19,19,400
/en/latest/guides/installing-scientific-packages/,18,18,221
/en/latest/discussions/versioning/,17,17,15
/en/latest/guides/installing-using-virtualenv/,17,17,62
/en/latest/guides/creating-and-discovering-plugins/,16,16,393
/en/latest/guides/analyzing-pypi-package-downloads/,15,15,100
/en/latest/guides/section-build-and-publish/,13,14,574
/en/latest/search/,13,13,250
/en/latest/specifications/pylock-toml/,11,14,177
/en/latest/specifications/binary-distribution-format/,9,9,17
/en/latest/specifications/dependency-groups/,9,9,0
/en/latest/guides/index-mirrors-and-caches/,8,8,15
/en/latest/specifications/externally-managed-environments/,8,8,62
/en/latest/discussions/deploying-python-applications/,7,7,14
/en/latest/discussions/setup-py-deprecated/,7,7,12
/en/latest/discussions/single-source-version/,7,7,5
/en/latest/specifications/pypirc/,7,7,239
/en/latest/specifications/recording-installed-packages/,7,7,122
/en/latest/specifications/simple-repository-api/,7,7,136
/en/latest/discussions/distribution-package-vs-import-package/,6,6,633
/en/latest/specifications/platform-compatibility-tags/,6,6,0
/en/latest/guides/modernize-setup-py-project/,5,5,0
/en/latest/contribute/,4,4,0
/en/latest/discussions/install-requires-vs-requirements/,4,4,65
/en/latest/discussions/pip-vs-easy-install/,4,4,0
/en/latest/guides/making-a-pypi-friendly-readme/,4,4,24
/en/latest/support/,4,4,0
/en/latest/guides/using-manifest-in/,3,3,313
/en/latest/specifications/direct-url/,3,3,128
/en/latest/specifications/license-expression/,3,3,72
/en/latest/specifications/section-installation-metadata/,3,3,427
/en/latest/specifications/source-distribution-format/,3,3,404
/en/latest/discussions/,2,2,0
/en/latest/discussions/package-formats/,2,2,0
/en/latest/guides/licensing-examples-and-user-scenarios/,2,2,0
/en/latest/specifications/name-normalization/,2,2,2
/en/latest/specifications/virtual-environments/,2,2,0
/pt-br/latest/tutorials/installing-packages/,2,2,4
/en/latest/guides/single-sourcing-package-version/,1,1,0
/en/latest/guides/supporting-windows-using-appveyor/,1,1,0
/en/latest/specifications/build-details/v1.0/,1,1,39
/en/latest/specifications/direct-url-data-structure/,1,1,0
/en/latest/specifications/glob-patterns/,1,1,0
/en/latest/specifications/project-status-markers/,1,1,0
/en/latest/specifications/schemas/,1,1,28
/en/latest/specifications/section-distribution-formats/,1,1,0
/en/latest/specifications/section-distribution-metadata/,1,1,40
/en/latest/specifications/section-reproducible-environments/,1,1,0
/en/latest/specifications/well-known-project-urls/,1,1,368
/ja/latest/tutorials/installing-packages/,1,1,34
/pt-br/latest/,1,1,50
/pt-br/latest/overview/,1,1,4
