name,unique_exits,total_exits,exit_rate
/en/latest/tutorials/installing-packages/,4159,4257,
/en/latest/guides/tool-recommendations/,636,641,
/en/latest/tutorials/packaging-projects/,583,599,
/en/latest/guides/installing-using-pip-and-virtual-environments/,520,534,
/en/latest/guides/writing-pyproject-toml/,503,510,
/en/latest/,269,274,
/en/latest/key_projects/,179,181,
/en/latest/glossary/,174,177,
/en/latest/overview/,91,96,
/en/latest/guides/installing-using-linux-tools/,89,91,
/en/latest/guides/distributing-packages-using-setuptools/,79,82,
/en/latest/specifications/dependency-specifiers/,69,72,
/en/latest/tutorials/managing-dependencies/,59,59,
/en/latest/guides/section-install/,38,40,
/en/latest/guides/using-testpypi/,38,48,
/en/latest/discussions/src-layout-vs-flat-layout/,35,37,
/en/latest/flow/,34,34,
/en/latest/guides/creating-command-line-tools/,32,36,
/en/latest/specifications/version-specifiers/,32,32,
/en/latest/guides/publishing-package-distribution-releases-using-github-actions-ci-cd-workflows/,30,30,
/en/latest/guides/installing-stand-alone-command-line-tools/,29,29,
/en/latest/specifications/pyproject-toml/,29,29,
/en/latest/guides/packaging-namespace-packages/,28,29,
/en/latest/specifications/entry-points/,26,27,
/en/latest/specifications/inline-script-metadata/,26,27,
/en/latest/tutorials/,26,26,
/en/latest/guides/,25,25,
/en/latest/specifications/core-metadata/,24,24,
/en/latest/search/,23,23,
/en/latest/guides/analyzing-pypi-package-downloads/,19,19,
/en/latest/guides/packaging-binary-extensions/,19,19,
/en/latest/guides/hosting-your-own-index/,18,18,
/en/latest/discussions/versioning/,17,17,
/en/latest/guides/installing-using-virtualenv/,17,17,
/en/latest/guides/creating-and-discovering-plugins/,16,16,
/en/latest/guides/installing-scientific-packages/,15,15,
/en/latest/guides/section-build-and-publish/,14,14,
/en/latest/discussions/setup-py-deprecated/,13,13,
/en/latest/discussions/single-source-version/,13,13,
/en/latest/specifications/binary-distribution-format/,13,13,
/en/latest/specifications/pylock-toml/,11,14,
/en/latest/specifications/,10,10,
/en/latest/specifications/dependency-groups/,10,10,
/en/latest/discussions/deploying-python-applications/,9,9,
/en/latest/guides/index-mirrors-and-caches/,9,9,
/en/latest/guides/modernize-setup-py-project/,9,9,
/en/latest/specifications/name-normalization/,8,8,
/en/latest/specifications/source-distribution-format/,8,8,
/en/latest/contribute/,7,7,
/en/latest/discussions/pip-vs-easy-install/,7,7,
/en/latest/support/,7,7,
/en/latest/discussions/distribution-package-vs-import-package/,6,6,
/en/latest/specifications/platform-compatibility-tags/,6,6,
/en/latest/specifications/pypirc/,6,6,
/en/latest/specifications/recording-installed-packages/,6,6,
/en/latest/specifications/simple-repository-api/,6,6,
/en/latest/discussions/,5,5,
/en/latest/discussions/install-requires-vs-requirements/,5,5,
/en/latest/discussions/package-formats/,5,5,
/en/latest/specifications/externally-managed-environments/,5,5,
/en/latest/guides/making-a-pypi-friendly-readme/,4,4,
/en/latest/specifications/direct-url-data-structure/,4,4,
/en/latest/specifications/section-distribution-formats/,4,4,
/en/latest/guides/licensing-examples-and-user-scenarios/,3,3,
/en/latest/guides/using-manifest-in/,3,3,
/en/latest/specifications/virtual-environments/,3,4,
/en/latest/news/,2,2,
/en/latest/specifications/glob-patterns/,2,2,
/en/latest/specifications/license-expression/,2,2,
/ja/latest/guides/writing-pyproject-toml/,2,2,
/en/latest/guides/section-hosting/,1,1,
/en/latest/guides/single-sourcing-package-version/,1,1,
/en/latest/guides/supporting-windows-using-appveyor/,1,1,
/en/latest/shared/build-backend-tabs/,1,1,
/en/latest/specifications/direct-url/,1,2,
/en/latest/specifications/file-yanking/,1,1,
/en/latest/specifications/index-hosted-attestations/,1,1,
/en/latest/specifications/project-status-markers/,1,1,
/en/latest/specifications/schemas/,1,1,
/en/latest/specifications/section-distribution-metadata/,1,1,
/en/latest/specifications/section-installation-metadata/,1,1,
/en/latest/specifications/section-reproducible-environments/,1,1,
/en/latest/specifications/well-known-project-urls/,1,1,
/ja/latest/,1,1,
/ja/latest/glossary/,1,1,
/ja/latest/guides/tool-recommendations/,1,1,
/ja/latest/key_projects/,1,1,
/ja/latest/tutorials/installing-packages/,1,1,
/pt-br/latest/guides/installing-stand-alone-command-line-tools/,1,1,
/pt-br/latest/guides/installing-using-linux-tools/,1,1,
/pt-br/latest/guides/packaging-namespace-packages/,1,1,
/pt-br/latest/tutorials/installing-packages/,1,1,
/pt-br/latest/tutorials/packaging-projects/,1,1,
/tutorials/installing-packages/,1,1,
