name,visitors
China,216
United States,189
India,125
Singapore,71
United Kingdom,51
Germany,50
Japan,46
Russian Federation,43
France,30
Brazil,26
Hong Kong,26
South Korea,26
Vietnam,22
Indonesia,18
Poland,17
Ukraine,16
Australia,14
Netherlands,14
Canada,13
Spain,13
Austria,12
Finland,12
Turkey,12
Iran,11
Denmark,10
Taiwan,10
Bangladesh,9
Italy,9
Mexico,8
Malaysia,7
Pakistan,7
Argentina,6
Bulgaria,6
Switzerland,6
Chile,6
Greece,6
Morocco,6
Portugal,6
Romania,6
Sweden,6
Israel,5
Norway,5
Thailand,5
Belgium,4
Georgia,4
Myanmar,4
Philippines,4
Zimbabwe,4
Belarus,3
Côte d'Ivoire,3
Oman,3
Serbia,3
Slovakia,3
"Congo, The Democratic Republic of the",2
Czechia,2
Algeria,2
Croatia,2
Hungary,2
Kuwait,2
Nigeria,2
Nicaragua,2
Peru,2
Saudi Arabia,2
South Africa,2
United Arab Emirates,1
Bermuda,1
Colombia,1
Costa Rica,1
Cyprus,1
Egypt,1
Ethiopia,1
Guatemala,1
Ireland,1
Jordan,1
Kenya,1
Lithuania,1
Mauritius,1
Malawi,1
New Zealand,1
Paraguay,1
Rwanda,1
Sudan,1
Uzbekistan,1
Yemen,1
