name,unique_exits,total_exits,exit_rate
/3.13/tutorial/index.html,3879,3991,
/3.13/using/windows.html,3427,3507,
/3.13/index.html,937,954,
/3.13/,755,775,
/ja/3.13/c-api/capsule.html,754,757,
/3.13/whatsnew/3.13.html,599,603,
/3.13/tutorial/,547,566,
/3.13/tutorial/interpreter.html,506,523,
/3.13/tutorial/appetite.html,381,392,
/3/,339,337,
/zh-cn/3.13/tutorial/index.html,330,341,
/3.13/tutorial/introduction.html,282,303,
/3.13/tutorial/controlflow.html,212,228,
/3.13/library/stdtypes.html,184,192,
/zh-cn/3.13/,181,185,
/3.13/library/functions.html,180,180,
/3.13/search.html,179,185,
/es/3.13/tutorial/index.html,178,195,
/es/3.13/library/tkinter.html,165,170,
/fr/3.13/tutorial/index.html,149,155,
/ja/3.13/tutorial/,141,148,
/zh-cn/3.13/tutorial/controlflow.html,137,143,
/3.13/library/index.html,133,146,
/zh-cn/3.13/tutorial/introduction.html,131,137,
/zh-cn/3.13/library/functions.html,109,116,
/zh-cn/3.13/tutorial/interpreter.html,106,106,
/zh-cn/3.13/library/venv.html,105,107,
/ja/3.13/library/datetime.html,103,105,
/ja/3.13/library/functions.html,103,106,
/zh-cn/3.13/library/stdtypes.html,103,103,
/zh-cn/3.13/using/index.html,103,105,
/3.13/installing/index.html,99,99,
/ko/dev/c-api/marshal.html,99,99,
/ja/3.13/library/re.html,98,103,
/zh-cn/3.13/library/index.html,98,101,
/ja/3.13/library/subprocess.html,95,99,
/zh-tw/3.13/tutorial/index.html,91,98,
/3.13/library/,88,92,
/ja/3.13/library/random.html,83,84,
/ja/3.13/library/logging.html,82,84,
/pt-br/3.13/library/venv.html,82,82,
/ja/3.13/library/pathlib.html,75,76,
/ja/3.13/library/stdtypes.html,74,78,
/zh-cn/3.13/installing/index.html,74,73,
/es/3.13/library/index.html,73,74,
/es/3.13/tutorial/venv.html,73,76,
/es/3.13/tutorial/classes.html,72,75,
/ko/3.13/library/intro.html,71,71,
/es/3.13/tutorial/datastructures.html,68,72,
/zh-cn/3.13/search.html,67,71,
/zh-cn/3.13/tutorial/datastructures.html,64,65,
/es/3.13/tutorial/introduction.html,63,68,
/ja/3.13/library/json.html,63,63,
/zh-tw/3.13/library/venv.html,63,64,
/3/tutorial/index.html,61,60,
/3.13/tutorial/datastructures.html,60,62,
/es/3.13/library/functions.html,60,64,
/ja/3.13/library/index.html,60,61,
/ja/3.13/tutorial/errors.html,60,63,
/3.13/glossary.html,59,63,
/zh-cn/3.13/tutorial/classes.html,57,63,
/ja/3.13/library/enum.html,55,56,
/pt-br/3.13/library/index.html,55,56,
/ja/3.13/library/csv.html,54,59,
/ja/3.13/tutorial/interpreter.html,54,56,
/zh-cn/3.13/using/windows.html,54,54,
/3.13/library/datetime.html,53,54,
/zh-cn/3.13/glossary.html,53,54,
/es/3.13/tutorial/interpreter.html,51,52,
/3.13/reference/index.html,50,53,
/zh-cn/3.13/index.html,50,50,
/3.13/library/idle.html,49,50,
/3.13/tutorial/modules.html,49,51,
/es/3.13/library/idle.html,49,49,
/ja/3.13/library/os.html,49,53,
/ja/3.13/library/typing.html,49,50,
/3.13/using/mac.html,48,49,
/es/3.13/search.html,48,48,
/ko/3.13/tutorial/index.html,48,48,
/3.13/download.html,47,47,
/zh-cn/3.13/tutorial/appetite.html,47,47,
/es/3.13/tutorial/errors.html,46,47,
/zh-cn/3.13/download.html,45,45,
/es/3.13/library/re.html,44,46,
/zh-cn/3.13/tutorial/,44,45,
/3.13/library/tkinter.html,43,43,
/es/3.13/,43,44,
/3.13/library/random.html,42,42,
/3.13/using/cmdline.html,42,42,
/3/library/idle.html,42,42,
/3/library/tkinter.html,42,41,
/ja/3.13/library/argparse.html,42,42,
/ja/3.13/library/os.path.html,42,45,
/ja/3.13/library/tkinter.html,42,43,
/ja/3.13/tutorial/controlflow.html,42,43,
/es/3.13/library/stdtypes.html,41,43,
/ja/3.13/library/venv.html,41,41,
/3.13/library/typing.html,40,42,
/zh-cn/3.13/whatsnew/3.13.html,40,40,
/ja/3.13/library/multiprocessing.html,39,39,
