name,visitors
Madrid Autonomous Community,356
Ciudad de Mexico,264
Buenos Aires Province,261
Catalonia,232
Lima,174
Santiago Metropolitan,163
Valencian Community,160
Capital District,152
Andalusia,102
Mexico State,94
Pichincha,87
Galicia,75
San José,72
Nuevo León,65
Puebla,64
Antioquia,63
Jalisco,58
Buenos Aires,57
Guayas,53
Canary Islands,48
Veracruz,42
Valle del Cauca,40
Basque Country,38
Guatemala,38
Guanajuato,35
Chaco,34
Chihuahua,34
Lima Region,34
Castile and León,33
Asunción,33
Córdoba,32
La Paz,30
Santa Fe,28
Panamá,27
Arequipa,27
Capital,27
Castile-La Mancha,26
Baja California,26
Quintana Roo,26
Mendoza,25
Querétaro,25
Murcia Region,24
Tabasco,24
Montevideo,24
Bío Bío,22
Atlántico,22
Cundinamarca,22
Michoacán,22
Yucatán,22
San Salvador,22
Distrito Nacional,20
Santander,19
Tamaulipas,19
Valparaíso,18
Azuay,18
Sonora,18
Tucumán,17
Managua,17
Aragon,16
Aguascalientes,15
Havana,14
San Luis Potosí,14
Cauca,13
Francisco Morazán,13
Oaxaca,13
Tolima,12
Sinaloa,12
Florida,12
Bolívar,11
Nariño,11
Cantabria,11
Balearic Islands,11
Navarra Chartered Community,11
Morelos,11
Neuquén,10
Cochabamba,10
Norte de Santander,10
Hidalgo,10
Zacatecas,10
Río Negro,9
Coquimbo,9
Maule,9
Santo Domingo,9
Texas,9
Salta,8
Misiones,8
Jujuy,8
Libertador General Bernardo O'Higgins,8
Risaralda,8
Asturias,8
Tlaxcala,8
Lambayeque,8
Alto Paraná,8
Corrientes,7
São Paulo,7
Boyacá,7
Huila,7
Alajuela,7
Extremadura,7
La Rioja,7
Chiapas,7
Coahuila,7
Colima,7
Junín,7
Caldas,6
Putumayo,6
Santiago,6
Chimborazo,6
Tungurahua,6
Baja California Sur,6
Durango,6
La Libertad,6
Piura,6
California,6
Lara,6
San Luis,5
Brussels,5
Santa Cruz,5
Rio Grande do Sul,5
Quebec,5
Meta,5
Baden-Württemberg,5
Bavaria,5
Hesse,5
Guerrero,5
Loreto,5
Virginia,5
Aragua,5
Entre Ríos,4
San Juan,4
Chuquisaca,4
Caquetá,4
Magdalena,4
Santo Domingo de los Tsáchilas,4
Nayarit,4
North Holland,4
South Holland,4
Ancash,4
Braşov,4
Illinois,4
New York,4
Anzoátegui,4
Zulia,4
Santiago del Estero,3
Formosa,3
Chubut,3
Los Ríos,3
Cesar,3
La Guajira,3
Heredia,3
Cañar,3
Imbabura,3
Auvergne-Rhône-Alpes,3
Campeche,3
Ayacucho,3
El Callao,3
Cusco,3
Colorado,3
Georgia,3
Michigan,3
Minnesota,3
New Jersey,3
Washington,3
Carabobo,3
Monagas,3
La Rioja,2
Potosí,2
Espírito Santo,2
Alberta,2
Antofagasta,2
Magallanes Region,2
Guangdong,2
Ciego de Ávila,2
North Rhine-Westphalia,2
El Seibo,2
La Altagracia,2
María Trinidad Sánchez,2
El Oro,2
Île-de-France,2
Occitanie,2
Madhya Pradesh,2
Punjab,2
Uttar Pradesh,2
Hormozgan,2
Tuscany,2
Lazio,2
Tokyo,2
Apurímac,2
Ica,2
Puno,2
Sindh,2
Pomerania,2
Lisbon,2
Bucharest,2
Stockholm,2
Värmland,2
La Libertad,2
Santa Ana,2
Dnipropetrovshchyna,2
Utah,2
Miranda,2
Andorra la Vella,1
Tierra del Fuego,1
New South Wales,1
Baku,1
Beni,1
Bahia,1
Ceará,1
Federal District,1
Paraná,1
British Columbia,1
Ontario,1
Saskatchewan,1
Zürich,1
Araucanía,1
Ñuble,1
Anhui,1
Hebei,1
Shanxi,1
Casanare,1
Chocó,1
Quindío,1
Sucre,1
Cartago,1
Guanacaste,1
Hamburg,1
Loja,1
Manabí,1
Melilla,1
England,1
Atlántida,1
Budapest,1
Leinster,1
Karnataka,1
Telangāna,1
Friuli–Venezia Giulia,1
Campania,1
Osaka,1
Hyogo,1
Møre og Romsdal,1
Cajamarca,1
Tumbes,1
Ucayali,1
Silesia,1
Setúbal,1
Vila Real,1
Central,1
Vojvodina,1
Moscow,1
Västra Götaland,1
Ljubljana,1
Iowa,1
Ohio,1
Oklahoma,1
Pennsylvania,1
Tennessee,1
Bolívar,1
Mérida,1
Nueva Esparta,1
Trujillo,1
Vargas,1
