name,visitors,bounce_rate,visit_duration
google.com,5430,81,77
pypi.org,4629,79,66
Direct / None,3193,69,109
jupyter.org,768,75,54
docs.python.org,334,73,127
pip.pypa.io/en/stable,283,69,54
bing.com,234,80,83
duckduckgo.com,203,81,87
search.brave.com,126,82,68
docs.astral.sh,118,83,52
pip.pypa.io/en/stable/installation,111,72,110
peps.python.org,99,64,106
yandex.ru,71,96,4
pip.pypa.io,47,67,89
huggingface.co,40,82,39
statics.teams.cdn.office.net,39,95,4
ai.google.dev,38,71,36
ecosia.org,35,72,230
test.pypi.org,32,62,272
github.com,30,84,20
google.com.hk,30,90,17
chatgpt.com,26,86,9
moodle.usherbrooke.ca,25,77,144
pip.pypa.io/en/latest,19,63,106
pip.pypa.io/en/stable/getting-started,19,74,106
discuss.python.org,18,89,76
pip.pypa.io/en/stable/reference/requirement-specifiers,17,47,23
youtube.com,16,94,0
cn.bing.com,15,94,138
realpython.com,11,75,99
m.baidu.com,10,90,1
roadmap.sh,10,90,51
developers.google.com,9,89,2
pypa.io/en/latest,9,67,234
pip.pypa.io/en/latest/installation,8,56,542
qwant.com,8,70,57
scipy.org,8,82,31
perplexity.ai,7,71,120
python-poetry.org,7,71,25
setuptools.pypa.io/en/latest/userguide/pyproject_config.html,7,57,608
twine.readthedocs.io/en/stable,7,100,0
devdocs.ms.com,6,67,194
github.com/pypa/pip,6,50,136
pypi.com.cn,6,83,1
robotframework.org,5,80,266
validate-pyproject.readthedocs.io/en/latest/api/validate_pyproject.formats.html,5,80,16
docs.ansible.com,4,25,602
docs.pypi.org/api/bigquery,4,100,0
docs.pypi.org/api/index-api,4,50,117
docs.python.org/zh-cn/3.13/installing/index.html,4,75,98
enghub.gs.com/happy-path/python/docs/concepts/packaging-guidelines,4,75,0
gemini.google.com,4,75,40
github.com/astral-sh/uv/issues/5903,4,50,327
google.co.uk,4,100,0
link.zhihu.com,4,75,7
lms.foxminded.ua,4,100,0
pip.pypa.io/en/stable/cli/pip_install,4,100,0
pydevtools.com,4,100,0
python.org,4,40,28
setuptools.pypa.io,4,50,66
tutti.prod.bloomberg.com,4,100,0
cantera.org,3,33,9
chat.baidu.com,3,100,0
claude.ai,3,100,0
confluence.spacex.corp,3,67,13
cython.readthedocs.io/en/latest/src/quickstart/build.html,3,100,0
developer.rhino3d.com/guides/rhinopython/python-packages,3,100,0
docs.python.org/3/installing/index.html,3,67,21
github.com/astral-sh/uv/issues/7132,3,67,55
github.com/home-assistant/core/pull/129059,3,25,339
github.com/vlachoudis/bCNC/wiki/Installation,3,100,0
google.com/search,3,100,0
google.ru,3,100,0
hatch.pypa.io,3,100,0
launchpad.net,3,100,0
link.csdn.net,3,50,28
pixi.sh,3,100,0
pygraphviz.github.io,3,100,0
qiita.com,3,100,0
search.yahoo.com,3,100,0
udemy.com,3,50,731
upload.pypi.org,3,67,6
ya.ru,3,67,58
yandex.ru/search,3,100,0
app.readthedocs.org,2,50,4
bitbucket.org,2,100,0
builtin.com,2,0,6
cloud.apple.com,2,100,0
coderivers.org,2,100,0
conteudo.colaboraread.com.br,2,100,0
courses.edx.org,2,0,1656
cs50.readthedocs.io,2,0,1262
cs50.readthedocs.io/pip,2,100,0
databites.app.p01.az.services.corp,2,100,0
dev.azure.com,2,100,0
developers.google.cn,2,100,0
django-environ.readthedocs.io/en/latest/install.html,2,100,0
doc.qt.io,2,50,11
docs.genymotion.com,2,0,16
docs.isaacsim.omniverse.nvidia.com,2,100,0
docs.nordicsemi.com/bundle/ncs-2.9.1/page/zephyr/develop/index.html,2,50,140
docs.pypi.org/api,2,50,12
docs.pytest.org,2,50,38
docs.pytest.org/en/7.1.x/explanation/goodpractices.html,2,33,1014
docs.pytest.org/en/stable/explanation/goodpractices.html,2,100,0
docs.pytorch.org,2,100,0
docs.sqlalchemy.org,2,100,0
doubao.com,2,100,0
fastapidozero.dunossauro.com,2,100,0
flask.palletsprojects.com/en/stable/tutorial/install,2,100,0
g3doc.corp.google.com,2,50,1611
ghe.corp.yahoo.co.jp,2,100,0
github.com/astral-sh/uv/issues/6298,2,50,75
github.com/audreyfeldroy/cookiecutter-pypackage,2,100,0
github.com/brianschubert/typing_extensions/tree/test-coverage,2,100,0
github.com/huggingface/transformers/blob/main/i18n/README_zh-hans.md,2,100,0
github.com/mikechabot/smtp-email-spoofer-py,2,100,0
github.com/pypa/sampleproject/blob/main/README.md,2,100,0
github.nwie.net,2,50,542
google.co.jp,2,100,0
google.de,2,100,0
in.search.yahoo.com,2,100,0
jetbrains.com,2,100,0
jfrog.com,2,100,0
joss.readthedocs.io/en/latest/review_criteria.html,2,100,0
jupyter.org/install,2,100,0
learn-us-east-1-prod-fleet02-xythos.content.blackboardcdn.com,2,50,762
learn.xamk.fi,2,100,0
m.baidu.com/s,2,100,0
m.facebook.com,2,100,0
maktabkhooneh.org,2,100,0
medium.com/@blackary/publishing-a-python-package-from-github-to-pypi-in-2024-a6fb8635d45d,2,67,59
mycourses2.mcgill.ca,2,100,0
packaging.pypa.io/en/stable/specifiers.html,2,100,0
packaging.pypa.io/en/stable/version.html,2,100,0
pip.pypa.io/en/latest/getting-started,2,100,0
pip.pypa.io/en/latest/user_guide,2,0,2278
pyloong.github.io,2,100,0
pypa.io,2,0,8
python-forum.io,2,100,0
python.plainenglish.io/supercharging-python-development-with-oh-my-zsh-on-you-mac-6b0dca709334,2,100,0
rbcgithub.fg.rbc.com,2,100,0
rqmprod.intra.infineon.com,2,100,0
rushhour.fmr.com,2,50,142
search.naver.com,2,100,0
setuptools.pypa.io/en/latest/userguide/quickstart.html,2,50,428
static.ouster.dev,2,100,0
statics.gov.teams.microsoft.us,2,100,0
tcsglobal.udemy.com,2,100,0
warehouse.pypa.io,2,50,36
web.ngs.nec.co.jp,2,0,472
17lands.com,1,100,0
192.168.0.107,1,0,465
81cfb7528fde3af-dot-northamerica-northeast1.notebooks.googleusercontent.com,1,100,0
aliyuque.antfin.com,1,100,0
alm-confluence.systems.uk.hsbc,1,100,0
alm-github.systems.uk.hsbc,1,100,0
android-app://com.google.android.googlequicksearchbox,1,100,0
apsjpaepaoai-all01.azurewebsites.net,1,100,0
atc-github.azure.cloud.bmw,1,100,0
aubio.org,1,100,0
azsmrukloprengsto01.blob.core.windows.net,1,100,0
backend.pdm-project.org,1,100,0
baidu.com/link,1,0,595
bandersnatch.readthedocs.io/en/latest/mirror_configuration.html,1,100,0
bbgithub.dev.bloomberg.com,1,0,61
biogeme.epfl.ch,1,100,0
bitbucket.wdc.com,1,100,0
blog.csdn.net/qq_63365915/article/details/147841992,1,100,0
blog.ihumster.ru,1,100,0
blog.piwheels.org,1,100,0
blog.pypi.org/posts/2025-08-14-project-status-markers,1,100,0
build.pypa.io/en/stable,1,100,0
bytedance.larkoffice.com,1,50,602
cc-github.bmwgroup.net,1,100,0
cdm1prepwebf03.azurewebsites.net,1,100,0
chatgpt.ab-inbev.com,1,100,0
claude6.claudechat.pro,1,100,0
clickhouse.com/blog/clickhouse-vs-snowflake-for-real-time-analytics-benchmarks-cost-analysis,1,100,0
cloud.google.com,1,0,125
cnblogs.com,1,100,0
coda.io,1,0,138
community.deeplearning.ai,1,100,0
community.openhab.org,1,0,870
confluence-defence.app.de.corp.thales,1,0,55
confluence.analog.com,1,100,0
confluence.barcapint.com,1,100,0
confluence.ebmpapst.com,1,100,0
confluence.garmin.com,1,100,0
confluence.prod.aws.jpmchase.net,1,100,0
confluence.prod.free-now.com,1,100,0
confluence.qualcomm.com,1,100,0
confluence.seb.com,1,100,0
confluence.slc.efscloud.net,1,100,0
confluence.wdc.com,1,100,0
confluencewikiprod.intra.infineon.com,1,0,85
console.cloud.google.com,1,100,0
copilot.microsoft.com,1,0,864
cython.readthedocs.io,1,100,0
d2l-docbuilder-prod-ca-central-1-converted.s3.ca-central-1.amazonaws.com,1,100,0
dataandanalytics.int.thomsonreuters.com,1,0,49
design.analytics.ondku.net,1,100,0
dev.mysql.com,1,100,0
devdocs.io,1,100,0
developer.bsi-software.com,1,100,0
developer.tobiipro.com,1,100,0
devguide.python.org/documentation/start-documenting,1,100,0
docs.activitywatch.net/en/latest/installing-from-source.html,1,100,0
docs.csc.fi,1,100,0
docs.gaes.aeroes.internal,1,0,8
docs.micropython.org,1,100,0
docs.pypi.org/api/upload,1,100,0
docs.pypi.org/project_metadata,1,0,227
docs.pytest.org/en/stable/reference/reference.html,1,100,0
docs.python.org/3.7/installing/index.html,1,100,0
docs.python.org/zh-cn/3.13/distributing/index.html,1,100,0
docs.sunpy.org/en/latest/topic_guide/installation.html,1,100,0
docs.unity3d.com,1,100,0
docs.zephyrproject.org,1,100,0
documentation.ubuntu.com,1,100,0
dsext001-eu1-215dsi0708-3dswym.3dexperience.3ds.com,1,100,0
enghub.gs.com/happy-path/python/docs/tutorials/publishing-packages,1,100,0
entdevbcdtravel.atlassian.net,1,100,0
example-sphinx-basic.readthedocs.io/en/latest/index.html,1,100,0
exceptionfactory.com,1,100,0
fishros.com,1,100,0
flask.palletsprojects.com,1,100,0
forum.sublimetext.com,1,100,0
forums.developer.nvidia.com,1,100,0
fromager.readthedocs.io/en/latest,1,100,0
fromkk.com,1,0,314
gatecustomtraining3.notebook.us-east-2.sagemaker.aws,1,100,0
github-com.translate.goog,1,0,5
github-pages.cloud.capitalone.com,1,100,0
github.amd.com,1,0,319
github.cloud.capitalone.com,1,100,0
github.com/AlexArcPy/registrant,1,100,0
github.com/CycloneDX/cyclonedx-python/issues/391,1,100,0
github.com/GuilleDiazFentanes/AutoClaim-AutoRoll-AutoReact-MudaeBot-2025,1,0,3378
github.com/MicroStrategy/mstrio-py/blob/master/README.md,1,0,3
github.com/MolecularAI/REINVENT4,1,100,0
github.com/MolecularAI/REINVENT4/tree/main,1,100,0
github.com/NVIDIA/cuda-quantum/pull/3412,1,100,0
github.com/OHDSI/Criteria2Query,1,100,0
github.com/ROCm/TheRock/blob/main/RELEASES.md,1,100,0
github.com/SeleniumHQ/selenium,1,100,0
github.com/TUDelftGeodesy/DePSI,1,100,0
github.com/astral-sh/uv/issues/11718,1,100,0
github.com/astral-sh/uv/issues/13383,1,0,940
github.com/astral-sh/uv/issues/6302,1,100,0
github.com/astral-sh/uv/issues/6445,1,100,0
github.com/astral-sh/uv/issues/6998,1,100,0
github.com/audreyfeldroy/cookiecutter-pypackage/blob/main/README.md,1,100,0
github.com/bokeh/bokeh/issues/14434,1,100,0
github.com/borglab/gtsam-project-python/blob/master/TUTORIAL.md,1,100,0
github.com/cardiacvision/optimap,1,0,41
github.com/conda-forge/maturin-feedstock/issues/152,1,0,253
github.com/effigies/sample-py2exe-versioneer/tree/main,1,0,122
github.com/fpgmaas/cookiecutter-uv,1,100,0
github.com/funnut/Lisq,1,100,0
github.com/getzep/graphiti/issues/468,1,100,0
github.com/google/langfun,1,100,0
github.com/google/langfun/tree/main,1,100,0
github.com/huggingface/accelerate,1,100,0
github.com/huggingface/transformers/blob/main/docs/source/de/installation.md,1,100,0
github.com/jontymorris/Sharesies-API,1,100,0
github.com/maccmu/macposts,1,100,0
github.com/marketplace/actions/pypi-publish,1,100,0
github.com/marrink-lab/vermouth-martinize,1,100,0
github.com/mkdocs/mkdocs/discussions/3891,1,100,0
github.com/monocle2ai/monocle/blob/main/Monocle_committer_guide.md,1,100,0
github.com/mvanwinkleias/blog_posts/tree/master/2025-07-14-pyproject_toml,1,0,1648
github.com/nedbat/pkgsample,1,100,0
github.com/netbox-community/netbox-plugin-tutorial/blob/main/tutorial/step01-initial-setup.md,1,100,0
github.com/openai/spinningup/issues/32,1,100,0
github.com/openego/eGon-data/pull/1342,1,100,0
github.com/oracle/oci-python-sdk,1,100,0
github.com/punk-security/dnsreaper,1,100,0
github.com/pypa/gh-action-pypi-publish/releases,1,100,0
github.com/pypa/packaging-problems/issues/564,1,100,0
github.com/pypa/pip/issues/10528,1,0,673
github.com/pypa/pip/issues/11235,1,0,66
github.com/pypa/sample-namespace-packages,1,100,0
github.com/pypa/sampleproject,1,100,0
github.com/pypi/warehouse/issues/17868,1,100,0
github.com/pysigrok/pysigrok,1,100,0
github.com/python-poetry/poetry/issues/273,1,0,1
github.com/pytorch/pytorch/issues/122468,1,100,0
github.com/retext-project/retext,1,0,42
github.com/scikit-build/scikit-build-core/blob/24bd675a4a677e75324b61a358eee19c098f4c58/docs/guide/getting_started.md,1,100,0
github.com/sqlalchemy/mako/issues/420,1,100,0
github.com/temporalio/sdk-python/tree/main,1,100,0
github.com/tenstorrent/tt-metal/pull/23550,1,100,0
github.com/wupperinst/itom,1,100,0
github.com/yoronneko/qzsl6tool,1,100,0
github.schneider-electric.com,1,100,0
github.sec.samsung.net,1,100,0
github.sys.cigna.com,1,100,0
gkr.pwcglb.com,1,100,0
go.bsky.app,1,100,0
