name,unique_entrances,total_entrances,visit_duration
/3/,11743,12042,154
/3/library/venv.html,7525,7680,47
/3/library/functions.html,5913,6140,119
/3/library/stdtypes.html,5587,5845,141
/3/library/datetime.html,5258,5415,93
/3/tutorial/index.html,4527,4700,181
/3/library/re.html,3670,3822,95
/3/library/typing.html,3346,3438,105
/3/tutorial/datastructures.html,3314,3437,126
/3/library/argparse.html,2855,2953,157
/3/library/tkinter.html,2853,2929,83
/3/library/csv.html,2773,2879,99
/3/library/logging.html,2766,2887,147
/3/tutorial/,2631,2794,105
/3/library/index.html,2544,2642,169
/3/library/subprocess.html,2395,2494,130
/3/library/pathlib.html,2326,2402,117
/3/library/random.html,2229,2295,73
/3/library/idle.html,2189,2243,51
/3/search.html,2122,2261,242
/3/library/turtle.html,2095,2261,97
/3/library/os.html,2083,2136,170
/3/library/collections.html,2071,2120,96
/3/library/dataclasses.html,2047,2111,109
/3/tutorial/errors.html,2003,2041,112
/3/library/multiprocessing.html,1872,1973,151
/3/library/json.html,1844,1899,116
/3/library/exceptions.html,1756,1816,94
/3/tutorial/classes.html,1721,1774,116
/3/tutorial/controlflow.html,1645,1720,157
/3/library/math.html,1599,1662,93
/3/library/itertools.html,1585,1626,113
/3/library/unittest.mock.html,1561,1663,116
/3/library/unittest.html,1532,1587,85
/3/library/os.path.html,1503,1541,110
/3/library/asyncio-task.html,1469,1540,150
/3/tutorial/inputoutput.html,1413,1437,108
/3/library/time.html,1397,1435,86
/3/library/sqlite3.html,1395,1469,83
/3/library/threading.html,1362,1419,135
/3/library/asyncio.html,1318,1357,165
/3/library/enum.html,1306,1328,120
/3/tutorial/modules.html,1262,1291,140
/3/library/string.html,1255,1288,134
/3/library/functools.html,1193,1227,75
/3/using/windows.html,1162,1178,93
/3/tutorial/venv.html,1152,1176,59
/3/library/concurrent.futures.html,1115,1158,100
/3/library/xml.etree.elementtree.html,1064,1114,137
/3/howto/logging.html,997,1021,165
/3/library/socket.html,979,1017,173
/3/tutorial/introduction.html,967,1009,180
/3/library/pickle.html,932,943,98
/3/reference/datamodel.html,915,944,119
/3/glossary.html,892,911,179
/3/library/struct.html,886,938,93
/3/installing/index.html,870,886,72
/3/library/heapq.html,844,869,71
/3/tutorial/interpreter.html,830,851,168
/3/howto/sorting.html,828,844,67
/3/library/tempfile.html,811,833,147
/3/library/shutil.html,803,817,110
/3/library/pdb.html,790,825,74
/3/whatsnew/3.13.html,782,804,146
/3/using/mac.html,754,774,96
/3/library/sys.html,742,749,159
/3/library/abc.html,671,684,128
/3/library/configparser.html,641,666,110
/3/py-modindex.html,632,657,132
/3/library/io.html,630,641,157
/3/using/cmdline.html,619,626,143
/3/library/urllib.parse.html,607,621,100
/3/library/zipfile.html,607,627,151
/zh-cn/3/tutorial/index.html,598,618,142
/3/library/hashlib.html,593,614,60
/3/library/glob.html,576,585,136
/3/reference/import.html,565,578,115
/3/library/copy.html,560,564,61
/3/library/pprint.html,556,562,66
/3/tutorial/appetite.html,553,563,238
/3/library/contextlib.html,548,566,133
/ja/3/library/codecs.html,544,554,28
/3/reference/index.html,521,534,247
/3/reference/expressions.html,512,525,163
/3/howto/regex.html,506,520,93
/3/library/queue.html,499,513,142
/zh-cn/3/,490,513,171
/3/library/asyncio-eventloop.html,481,499,193
/3/library/,465,479,125
/3/library/profile.html,464,483,96
/3/library/ast.html,452,465,101
/3/library/http.server.html,447,460,63
/3/library/decimal.html,440,449,93
/3/library/difflib.html,434,445,66
/3/library/uuid.html,424,429,67
/3/library/ctypes.html,418,437,97
/3/license.html,408,415,102
/3/reference/lexical_analysis.html,406,415,157
/3/library/smtplib.html,400,415,106
/3/library/operator.html,390,402,97
/3/library/logging.handlers.html,379,404,200
/3/reference/compound_stmts.html,372,380,139
/3/tutorial/floatingpoint.html,360,371,51
/3/howto/argparse.html,358,368,147
/3/library/importlib.html,356,363,143
/3/library/ssl.html,356,377,100
/3/contents.html,355,365,292
/3/library/tk.html,347,356,124
/3/library/codecs.html,342,349,126
/3/library/warnings.html,341,353,125
/3/library/timeit.html,337,341,119
/3/library/ipaddress.html,335,345,119
/3/download.html,333,336,105
/3/library/traceback.html,327,330,63
/3/library/collections.abc.html,325,332,152
/3/index.html,317,325,197
/3/library/ensurepip.html,314,320,67
/3/howto/enum.html,299,302,102
/3/library/urllib.request.html,294,298,176
/3/reference/simple_stmts.html,292,297,113
/3/howto/unicode.html,287,289,97
/zh-cn/3/library/index.html,281,294,257
/3/library/logging.config.html,280,292,203
/3/library/bisect.html,279,290,64
/3/library/__main__.html,275,278,133
/3/library/tkinter.ttk.html,269,287,97
/3/library/base64.html,263,266,160
/3/library/inspect.html,258,266,129
/3/library/urllib.html,246,251,191
/3/library/tarfile.html,239,247,119
/3/howto/logging-cookbook.html,231,237,149
/3/library/email.examples.html,231,235,185
/3/library/statistics.html,231,237,68
/3/faq/,224,223,126
/3/whatsnew/3.12.html,224,225,102
/es/3/tutorial/,222,226,87
/3/using/android.html,220,224,57
/3/library/asyncio-sync.html,217,224,125
/3/library/constants.html,217,218,106
/3/library/html.parser.html,216,220,85
/3/extending/extending.html,215,220,112
/3/library/signal.html,215,220,120
/3/using/index.html,213,212,206
/3/library/array.html,210,213,54
/3/library/webbrowser.html,206,210,67
/ja/3/,206,214,274
/3/library/textwrap.html,204,207,197
/3/library/types.html,202,207,118
/3/library/dialog.html,194,196,135
/3/library/tomllib.html,190,194,106
/ja/3/reference/introduction.html,190,190,1
/3/library/calendar.html,187,191,77
/3/library/zoneinfo.html,185,190,102
/3/using/unix.html,183,188,114
/3/library/contextvars.html,179,184,86
/3/library/secrets.html,178,180,100
/3/library/gc.html,177,180,134
/3/library/http.client.html,174,177,185
/3/library/asyncio-queue.html,171,176,181
/3/faq/windows.html,169,176,94
/3/library/asyncio-stream.html,169,181,175
/3/howto/curses.html,168,172,119
/3/library/tkinter.messagebox.html,165,168,124
/3/library/filesys.html,161,162,224
/3/library/gzip.html,159,162,167
/3/library/ftplib.html,156,160,103
/3/library/pydoc.html,155,160,142
/3/whatsnew/3.8.html,155,156,36
/3/library/getpass.html,153,153,91
/3/library/http.html,149,155,98
/3/library/asyncio-future.html,148,152,168
/ja/3/library/functions.html,144,159,112
/zh-cn/3/using/mac.html,144,144,36
/3/whatsnew/3.10.html,141,143,117
/3/c-api/index.html,140,145,224
/3/library/fnmatch.html,140,142,149
/3/howto/sockets.html,139,142,119
/3/library/multiprocessing.shared_memory.html,139,140,261
/3/library/tracemalloc.html,136,139,216
/ja/3/tutorial/,135,147,162
/zh-tw/3/tutorial/index.html,135,142,103
/3/faq/general.html,132,136,83
/3/library/asyncio-dev.html,131,134,231
/3/library/doctest.html,129,131,116
/zh-cn/3/tutorial/,129,138,229
/pt-br/3/tutorial/index.html,128,129,112
/3/library/unittest.mock-examples.html,127,128,131
/3/whatsnew/3.11.html,127,128,85
/3/faq/programming.html,126,128,156
/3/library/zlib.html,126,128,123
/3/tutorial/stdlib.html,121,122,210
/es/3/tutorial/index.html,121,126,79
/3/library/asyncio-subprocess.html,119,121,469
/3/library/shlex.html,119,120,114
/3/library/asyncio-runner.html,117,120,229
/3/library/imaplib.html,116,117,126
/zh-cn/3/library/functions.html,114,119,131
/3/c-api/memory.html,113,115,73
/ja/3/library/index.html,113,122,231
/3/howto/descriptor.html,112,115,193
/zh-cn/3/tutorial/controlflow.html,109,113,233
/3/extending/embedding.html,108,109,120
/pt-br/3/,106,111,160
/3/library/importlib.resources.html,104,108,56
/3/library/xml.html,103,106,135
/ja/3/library/stdtypes.html,103,104,74
/3/library/importlib.metadata.html,102,104,130
/3/library/datatypes.html,101,102,120
/uk/3/tutorial/errors.html,100,102,69
/3/howto/free-threading-python.html,99,101,94
/3/library/intro.html,99,100,244
/3/library/curses.html,98,103,135
/zh-cn/3/library/turtle.html,98,100,16
/3/library/email.mime.html,97,97,70
/3/howto/functional.html,96,101,174
/3/using/ios.html,96,99,51
/zh-cn/3/library/idle.html,96,96,58
/zh-cn/3/reference/index.html,96,99,341
/3.13/tutorial/index.html,95,95,546
/3/library/atexit.html,93,96,88
/3/library/mimetypes.html,92,93,40
/3/howto/index.html,90,90,278
/3/library/site.html,90,95,121
/3/howto/annotations.html,89,89,215
/zh-cn/3/tutorial/interpreter.html,89,93,290
/3/library/distutils.html,88,88,75
/3/library/sys_path_init.html,88,91,149
/3/library/unicodedata.html,87,92,103
/3/library/fractions.html,86,87,63
/3/library/socketserver.html,86,89,131
/3/whatsnew/index.html,85,85,121
/ja/3/tutorial/index.html,85,90,201
/3/library/mmap.html,83,88,124
/3/library/stat.html,83,83,127
/3/whatsnew/changelog.html,83,83,127
/3/library/weakref.html,82,82,123
/fr/3/library/json.html,81,82,81
/3/library/cmd.html,78,79,116
/3/library/telnetlib.html,77,82,133
/3/library/wave.html,77,80,165
/3/using/configure.html,76,81,146
/zh-cn/3/library/math.html,76,77,114
/zh-cn/3/tutorial/introduction.html,76,80,240
/3/library/__future__.html,74,74,162
/fr/3/tutorial/,74,77,98
/3/library/binascii.html,73,75,152
/3/genindex-Symbols.html,70,70,15
/3.13/,69,69,379
/3/library/email.html,69,72,341
/3/library/optparse.html,69,72,116
/3/library/sched.html,69,72,148
/3/library/zipimport.html,69,71,209
/3/library/asyncio-protocol.html,68,74,588
/3/library/cmath.html,67,67,46
/3/library/select.html,67,69,250
/3/c-api/init.html,65,70,666
/3/extending/index.html,65,66,183
/3/whatsnew/3.9.html,64,69,172
/3/library/dis.html,63,66,190
/3/library/shelve.html,63,65,231
/3/library/email.message.html,62,64,476
/3/library/locale.html,61,61,174
/3/library/platform.html,61,61,61
/3/library/readline.html,61,62,97
/ja/3/library/venv.html,61,61,70
/zh-cn/3/library/stdtypes.html,61,63,70
/3/installing/,60,61,15
/3/c-api/buffer.html,59,62,374
/es/3/,59,59,46
/3/library/html.html,58,58,88
/fr/3/library/csv.html,58,60,153
/zh-cn/3/tutorial/datastructures.html,58,62,423
/3/reference/introduction.html,57,57,137
/3/tutorial/appendix.html,57,58,104
/zh-cn/3/index.html,57,60,393
/3/library/fcntl.html,56,58,246
/3/library/hmac.html,56,57,13
/3/library/py_compile.html,56,56,65
/3/library/tokenize.html,56,56,95
/3/library/winsound.html,56,56,13
/3/library/email.parser.html,54,55,91
/fr/3/tutorial/venv.html,54,55,66
/3/library/filecmp.html,53,53,186
/3/reference/executionmodel.html,53,55,423
/fr/3/howto/regex.html,53,57,141
/3/howto/urllib2.html,52,52,102
/3/reference/grammar.html,52,54,144
/ja/3/tutorial/datastructures.html,52,54,116
/zh-cn/3/library/multiprocessing.html,52,56,34
/3.15/,51,51,316
/3/library/lzma.html,51,52,148
/ja/3/library/datetime.html,51,52,211
/zh-cn/3/tutorial/inputoutput.html,51,53,39
/3/c-api/arg.html,50,53,90
/3/tutorial/stdlib2.html,50,53,161
/fr/3/tutorial/datastructures.html,50,56,218
/ja/3/library/xml.etree.elementtree.html,50,55,80
/zh-cn/3/using/,50,51,12
/3.13/using/windows.html,49,49,543
/zh-cn/3/library/venv.html,49,49,29
