name,visitors,bounce_rate,visit_duration
chatgpt.com,108,73,167
Exinfluencer,10,82,86
devopscube.com,8,75,169
perplexity,7,71,35
dev-to,4,75,4
nicholashairs.com,4,80,3
chaosgenius.io,2,100,0
codeur-com-blog,2,50,9
post_page-----0a673265cf04---------------------------------------,2,50,24
blog.teclado.com,1,100,0
codernav.com,1,100,0
cve.news,1,100,0
dailydoseofds.com,1,100,0
dataleadsfuture.com,1,100,0
enki,1,100,0
kevinmccarthy.org,1,100,0
nelson.cloud,1,100,0
pocket_shared,1,100,0
post_page-----1ed39bb078d5---------------------------------------,1,100,0
post_page-----601f87db191----------------------,1,100,0
post_page-----71d2bb5d3de1---------------------------------------,1,100,0
trap.jp,1,100,0
