name,unique_entrances,total_entrances,visit_duration
/fr/3/tutorial/,452,473,170
/fr/3.13/library/tkinter.html,110,116,187
/fr/3/library/csv.html,98,101,159
/3/,93,98,570
/fr/3.13/tutorial/classes.html,83,84,158
/fr/dev/installing/index.html,72,72,36
/fr/3/library/json.html,71,76,81
/fr/3.13/library/turtle.html,61,64,217
/fr/3.13/tutorial/datastructures.html,59,61,119
/fr/3/tutorial/datastructures.html,58,65,124
/fr/3/tutorial/venv.html,56,57,33
/fr/3.13/library/random.html,53,55,90
/fr/3.13/howto/sorting.html,50,51,119
/fr/3.13/library/datetime.html,50,51,135
/fr/3/howto/regex.html,49,51,23
/fr/3/library/random.html,47,49,230
/fr/3/tutorial/introduction.html,44,53,149
/fr/3/tutorial/inputoutput.html,43,43,300
/fr/3/,41,41,288
/fr/3.13/library/stdtypes.html,39,41,61
/fr/3/library/string.html,39,41,99
/fr/3.13/library/functions.html,37,37,238
/fr/3/genindex-Symboles.html,37,38,66
/fr/3.13/library/time.html,33,33,37
/fr/3/library/statistics.html,32,33,68
/fr/3/library/enum.html,31,31,61
/fr/3.13/tutorial/controlflow.html,30,33,31
/fr/3.13/library/math.html,29,29,23
/fr/3/tutorial/controlflow.html,29,34,303
/fr/3.13/library/operator.html,28,28,268
/fr/3.13/tutorial/errors.html,28,29,386
/fr/3/library/__main__.html,28,30,160
/fr/3/tutorial/index.html,28,32,152
/fr/3.13/reference/import.html,26,26,267
/fr/3.13/using/windows.html,26,30,176
/fr/3/library/stdtypes.html,24,26,129
/fr/3/howto/logging.html,23,24,205
/fr/3/tutorial/classes.html,23,26,257
/3.13/tutorial/index.html,22,22,678
/fr/3/library/glob.html,22,22,167
/fr/3.13/library/idle.html,20,20,52
/fr/3/library/index.html,20,20,225
/fr/3/library/sys.html,20,20,213
/fr/3/tutorial/errors.html,20,21,331
/fr/3.13/library/os.html,19,20,41
/fr/3/tutorial/interpreter.html,19,19,4
/fr/3.13/faq/windows.html,17,17,77
/fr/3.13/library/collections.html,17,17,16
/fr/3.13/tutorial/introduction.html,17,18,395
/fr/3/library/turtle.html,17,19,78
/fr/3/tutorial/appetite.html,17,18,18
/3/library/functions.html,16,16,1111
/fr/3.13/howto/sockets.html,16,17,272
/fr/3.13/library/re.html,16,16,96
/3/library/random.html,15,15,483
/fr/3.13/library/copy.html,15,16,234
/fr/3.13/search.html,15,18,152
/fr/3/using/cmdline.html,15,15,2
/3/library/idle.html,14,14,241
/fr/3.13/tutorial/modules.html,14,15,15
/fr/3/howto/sorting.html,14,15,23
/3/library/re.html,12,12,966
/3/tutorial/index.html,12,12,464
/fr/3.13/library/asyncio.html,12,12,62
/fr/3.13/library/base64.html,12,12,91
/fr/3.13/library/subprocess.html,12,13,392
/fr/3.13/library/tkinter.ttk.html,12,12,186
/fr/3/installing/index.html,12,13,83
/fr/3/library/datetime.html,12,12,52
/fr/3/library/functions.html,12,12,7
/3/library/argparse.html,11,11,1143
/3/library/csv.html,11,11,659
/fr/3.13/,11,11,431
/fr/3.13/library/timeit.html,11,11,12
/fr/3.13/tutorial/index.html,11,13,394
/fr/3/library/queue.html,11,11,210
/fr/3/tutorial/modules.html,11,11,426
/3/library/datetime.html,10,10,390
/3/library/subprocess.html,10,10,1759
/3/tutorial/classes.html,10,10,530
/fr/3.13/library/abc.html,10,10,166
/fr/3/library/multiprocessing.html,10,10,80
/fr/3/library/re.html,10,10,85
/fr/3/library/tkinter.html,10,12,211
/fr/3/library/unittest.html,10,10,73
/fr/3/py-modindex.html,10,10,39
/fr/3/using/index.html,10,10,137
/fr/3/using/windows.html,10,10,61
/fr/dev/reference/compound_stmts.html,10,10,54
/3/library/venv.html,9,9,318
/fr/3.13/library/pathlib.html,9,10,46
/fr/3.13/reference/compound_stmts.html,9,9,115
/fr/3.13/using/unix.html,9,9,0
/fr/3/glossary.html,9,10,57
/fr/3/library/typing.html,9,15,488
/fr/3/library/venv.html,9,9,33
/fr/dev/tutorial/datastructures.html,9,9,34
/3/library/tkinter.html,8,10,160
/fr/3.13/howto/argparse.html,8,8,513
/fr/3.13/library/tk.html,8,9,94
/fr/3/library/time.html,8,8,37
/fr/3/search.html,8,9,62
/fr/dev/library/xml.etree.elementtree.html,8,9,220
/3.13/using/windows.html,7,7,92
/3/library/logging.html,7,7,586
/3/library/stdtypes.html,7,7,771
/fr/3.13/howto/enum.html,7,7,455
/fr/3.13/library/decimal.html,7,7,0
/fr/3.13/library/hashlib.html,7,7,3
/fr/3.13/library/pprint.html,7,7,0
/fr/3.13/reference/simple_stmts.html,7,7,1
/fr/3.13/tutorial/interpreter.html,7,7,169
/fr/3/contents.html,7,7,361
/fr/3/library/exceptions.html,7,7,261
/fr/3/library/threading.html,7,9,0
/fr/3/reference/index.html,7,7,25
/fr/dev/library/pickle.html,7,7,140
/3/library/index.html,6,6,480
/3/library/multiprocessing.html,6,6,780
/3/library/socket.html,6,6,3052
/3/library/time.html,6,6,913
/fr/3.13/installing/index.html,6,6,0
/fr/3.13/library/pickle.html,6,6,65
/fr/3/reference/import.html,6,6,1699
/3.13/tutorial/,5,5,304
/3/library/copy.html,5,5,356
/3/library/math.html,5,5,527
/3/library/typing.html,5,5,1321
/3/library/unittest.html,5,5,315
/3/tutorial/,5,5,746
/3/tutorial/errors.html,5,5,483
/fr/3.13/faq/programming.html,5,5,42
/fr/3.13/library/functools.html,5,5,0
/fr/3.13/library/heapq.html,5,5,0
/fr/3.13/library/wave.html,5,5,267
/fr/3.13/reference/expressions.html,5,5,333
/fr/3.13/using/editors.html,5,5,208
/fr/3/library/fractions.html,5,5,737
/fr/3/library/math.html,5,5,291
/fr/3/library/pdb.html,5,5,0
/fr/3/library/zipfile.html,5,6,0
/fr/3/using/mac.html,5,5,84
/fr/dev/library/functions.html,5,5,545
/3/download.html,4,4,120
/3/library/dataclasses.html,4,4,204
/3/library/enum.html,4,4,357
/3/library/json.html,4,4,160
/3/library/pickle.html,4,4,58
/3/library/pydoc.html,4,4,394
/3/library/turtle.html,4,4,721
/3/tutorial/modules.html,4,4,421
/3/using/windows.html,4,4,878
/fr/3.13/c-api/index.html,4,4,0
/fr/3.13/contents.html,4,4,82
/fr/3.13/download.html,4,4,56
/fr/3.13/library/py_compile.html,4,4,0
/fr/3.13/library/statistics.html,4,4,73
/fr/3/library/colorsys.html,4,4,227
/fr/3/library/decimal.html,4,4,0
/fr/3/library/pydoc.html,4,4,0
/fr/dev/using/windows.html,4,4,4
/3.12/,3,3,298
/3.13/,3,3,791
/3/howto/logging.html,3,3,548
/3/library/doctest.html,3,3,693
/3/library/functools.html,3,3,520
/3/library/pathlib.html,3,3,1086
/3/library/sqlite3.html,3,3,657
/3/library/struct.html,3,3,1940
/3/py-modindex.html,3,3,134
/3/reference/import.html,3,3,353
/3/tutorial/inputoutput.html,3,3,52
/fr/3.12/library/stdtypes.html,3,3,0
/fr/3.13/library/argparse.html,3,3,0
/fr/3.13/library/calendar.html,3,3,0
/fr/3.13/library/ctypes.html,3,4,46
/fr/3.13/library/html.parser.html,3,3,0
/fr/3.13/library/threading.html,3,3,0
/fr/3.13/library/uuid.html,3,3,544
/fr/3.13/reference/datamodel.html,3,4,504
/fr/3.13/reference/index.html,3,4,615
/fr/3/extending/extending.html,3,3,0
/fr/3/extending/index.html,3,3,0
/fr/3/howto/functional.html,3,3,3
/fr/3/howto/sockets.html,3,3,0
/fr/3/library/copy.html,3,3,121
/fr/3/library/idle.html,3,3,20
/fr/3/library/os.path.html,3,4,253
/fr/3/library/xml.etree.elementtree.html,3,3,0
/fr/3/reference/datamodel.html,3,3,1
/fr/3/reference/expressions.html,3,3,32
/fr/3/reference/introduction.html,3,3,26
/fr/3/tutorial/floatingpoint.html,3,3,0
/fr/3/tutorial/stdlib2.html,3,5,0
/fr/dev/tutorial/inputoutput.html,3,3,0
/3/howto/argparse.html,2,2,904
/3/installing/index.html,2,2,80
/3/library/,2,2,402
/3/library/asyncio-task.html,2,2,630
/3/library/codecs.html,2,2,2613
/3/library/collections.html,2,2,164
/3/library/concurrent.futures.html,2,2,844
/3/library/configparser.html,2,2,1948
/3/library/filesys.html,2,2,3338
/3/library/ftplib.html,2,2,420
/3/library/hashlib.html,2,2,257
/3/library/inspect.html,2,2,290
/3/library/itertools.html,2,2,1090
/3/library/os.html,2,2,50
/3/library/statistics.html,2,2,300
/3/library/string.html,2,2,482
/3/library/tempfile.html,2,2,100
/3/library/threading.html,2,2,671
/3/library/tk.html,2,2,18
/3/library/tomllib.html,2,2,1872
/3/library/types.html,2,2,142
/3/library/unittest.mock.html,2,2,507
/3/library/wave.html,2,2,734
/3/library/xml.etree.elementtree.html,2,2,1556
/3/reference/index.html,2,2,38
/3/tutorial/datastructures.html,2,2,78
/3/using/cmdline.html,2,2,28
/fr/3.13/howto/functional.html,2,2,0
/fr/3.13/howto/unicode.html,2,2,10
/fr/3.13/library/array.html,2,2,0
/fr/3.13/library/cmath.html,2,2,0
/fr/3.13/library/csv.html,2,2,0
/fr/3.13/library/datatypes.html,2,2,38
/fr/3.13/library/dialog.html,2,2,52
/fr/3.13/library/doctest.html,2,2,0
/fr/3.13/library/errno.html,2,2,0
/fr/3.13/library/gc.html,2,2,0
/fr/3.13/library/gettext.html,2,2,0
/fr/3.13/library/graphlib.html,2,2,0
/fr/3.13/library/http.client.html,2,2,164
/fr/3.13/library/index.html,2,2,110
/fr/3.13/library/internet.html,2,2,0
/fr/3.13/library/itertools.html,2,4,361
/fr/3.13/library/markup.html,2,2,20
/fr/3.13/library/profile.html,2,2,6
/fr/3.13/library/shutil.html,2,2,2
/fr/3.13/library/tkinter.font.html,2,2,174
/fr/3.13/library/urllib.html,2,2,0
/fr/3.13/library/zlib.html,2,2,35
/fr/3.13/tutorial/,2,2,0
/fr/3.13/tutorial/appetite.html,2,2,1
/fr/3.13/tutorial/inputoutput.html,2,2,220
/fr/3.13/tutorial/stdlib.html,2,2,3
/fr/3/extending/embedding.html,2,2,0
/fr/3/howto/argparse.html,2,2,0
/fr/3/library/,2,2,27
/fr/3/library/argparse.html,2,2,609
/fr/3/library/array.html,2,2,176
/fr/3/library/asyncio-stream.html,2,2,140
/fr/3/library/asyncio-task.html,2,2,0
/fr/3/library/bz2.html,2,2,270
/fr/3/library/dialog.html,2,2,0
/fr/3/library/logging.html,2,2,0
/fr/3/library/os.html,2,2,0
/fr/3/library/pty.html,2,2,0
/fr/3/library/shelve.html,2,2,4
/fr/3/library/subprocess.html,2,2,0
/fr/3/library/tarfile.html,2,2,3322
/fr/3/library/warnings.html,2,2,0
/fr/3/library/xml.dom.html,2,2,0
/fr/3/library/xmlrpc.html,2,2,10
/fr/3/reference/executionmodel.html,2,2,0
/fr/3/reference/simple_stmts.html,2,2,340
/fr/dev/extending/extending.html,2,2,0
/fr/dev/howto/regex.html,2,2,0
/fr/dev/library/ast.html,2,2,736
/fr/dev/library/configparser.html,2,2,2
/fr/dev/library/datetime.html,2,2,0
/fr/dev/library/locale.html,2,2,76
/fr/dev/library/math.html,2,2,138
/fr/dev/library/subprocess.html,2,2,0
/fr/dev/library/unittest.html,2,2,0
/3.12/library/tkinter.ttk.html,1,1,306
/3.13/index.html,1,1,52
/3.13/library/concurrent.futures.html,1,1,0
/3.13/library/datetime.html,1,1,236
/3.13/library/index.html,1,1,876
/3.13/library/stdtypes.html,1,1,10
/3.13/library/typing.html,1,1,167
/3.13/reference/grammar.html,1,1,153
/3.13/tutorial/datastructures.html,1,1,135
/3.13/whatsnew/3.13.html,1,1,149
/3.14/whatsnew/3.14.html,1,1,18
/3/c-api/buffer.html,1,1,306
/3/c-api/function.html,1,1,119
/3/c-api/index.html,1,1,685
/3/c-api/set.html,1,1,45
/3/c-api/typeobj.html,1,1,825
/3/extending/embedding.html,1,1,1189
/3/extending/extending.html,1,1,463
/3/extending/index.html,1,1,11
/3/genindex-all.html,1,1,9
/3/glossary.html,1,1,7
/3/howto/enum.html,1,1,15
/3/howto/logging-cookbook.html,1,1,236
