name,visitors
Paris,108
Tunis,36
Marseille,36
Abidjan,34
Dakar,28
Toulouse,25
Lyon,23
Kinshasa,20
Antananarivo,18
Casablanca,17
Nantes,17
Douala,14
Rennes,14
Montréal,12
Lomé,11
Nice,11
Lille,11
Brussels,10
Créteil,10
Yaoundé,9
Sousse,9
Marrakesh,9
Cotonou,8
Bamako,8
Grenoble,8
Bordeaux,8
Brazzaville,7
Genève,7
Boulogne-Billancourt,7
Goma,6
Algiers,6
Lausanne,6
Tours,6
Poitiers,6
Mérignac,6
Amiens,6
Ben Arous,5
Meknès,5
Vitry-sur-Seine,5
Orsay,5
Montrouge,5
Metz,5
Dijon,5
Carcassonne,5
Avignon,5
Antony,5
Port-au-Prince,5
Austin,5
Québec,5
Sydney,4
Ouagadougou,4
Libreville,4
Annaba,4
Rabat,4
Agadir,4
Uccle,4
Charleroi,4
Toulon,4
Saint-Denis,4
Rueil-Malmaison,4
Rouen,4
Roubaix,4
Orléans,4
Montpellier,4
Mons-en-Barœul,4
Massy,4
Limoges,4
Gagny,4
Évry,4
Courbevoie,4
Cergy,4
Boulogne-sur-Mer,4
Arpajon,4
Annecy,4
Milan,4
Lubumbashi,3
Antsiranana,3
Conakry,3
Niamey,3
Kenitra,3
Naaldwijk,3
Namur,3
Louvain-la-Neuve,3
Villeurbanne,3
Villefranche-sur-Saône,3
Vienne,3
Strasbourg,3
Sartrouville,3
Sarreguemines,3
Saint-Étienne,3
Rezé,3
Ploërmel,3
Perpignan,3
Palaiseau,3
Oppède le Vieux,3
Nogent-sur-Marne,3
Niort,3
Nancy,3
Montreuil,3
Montgeron,3
Migennes,3
Melun,3
Lorient,3
Lisle-sur-Tarn,3
Lieusaint,3
L'Étrat,3
Jouy-le-Moutier,3
Ivry-sur-Seine,3
Issy-les-Moulineaux,3
Guyancourt,3
Colombes,3
Colombelles,3
Choisy-le-Roi,3
Champigny-sur-Marne,3
Chalon-sur-Saône,3
Cannes,3
Brest,3
Baillargues,3
Aubervilliers,3
Argenteuil,3
Antibes,3
Madrid,3
Papeete,3
Hialeah,3
Saint-Bruno-de-Montarville,3
Villeneuve-d'Ascq,3
Abu Dhabi,2
Cairo,2
Saint-Denis,2
Singapore,2
Mont-Dore,2
Lisbon,2
Porto-Novo,2
Sidi Bou Saïd,2
Sfax,2
Radès,2
Ksar Hellal,2
Gabès,2
La Goulette,2
Tlemcen,2
Mijas,2
Tétouan,2
Temara,2
Oujda-Angad,2
Larache,2
Fès,2
El Jadid,2
London,2
Schlieren,2
Biel/Bienne,2
Tournai,2
Tervuren,2
Sombreffe,2
Mons,2
Beaufays,2
Berlin,2
Yerres,2
Villeneuve-Saint-Georges,2
Versailles,2
Troyes,2
Trappes,2
Torcy,2
Tomblaine,2
Tilloy-lez-Cambrai,2
N/A,2
Somain,2
Soissons,2
Sevran,2
Sannois,2
Saint-Martin-le-Vinoux,2
Saint-Brieuc,2
Rians,2
Reims,2
Quéven,2
Puteaux,2
Pulversheim,2
Porto-Vecchio,2
N/A,2
Oyonnax,2
Noisiel,2
Nœux-les-Mines,2
Nîmes,2
Nanterre,2
Mulhouse,2
Mennecy,2
Mehun-sur-Yèvre,2
Livry-Gargan,2
L'Haÿ-les-Roses,2
Levallois-Perret,2
Lens,2
N/A,2
Le Mans,2
Le Fenouiller,2
Laval,2
La Rochelle,2
Lannion,2
Lagny-sur-Marne,2
La Chapelle-sur-Erdre,2
Juvisy-sur-Orge,2
Houilles,2
Honfleur,2
Hirsingue,2
N/A,2
Granville,2
Giromagny,2
Gévezé,2
Figeac,2
Ferney-Voltaire,2
Évreux,2
Épône,2
Épinay-sous-Sénart,2
Douarnenez,2
Cuers,2
Coudekerque-Branche,2
Conques-sur-Orbiel,2
Compiègne,2
Clermont-Ferrand,2
Chambéry,2
Cazères,2
Carrières-sous-Poissy,2
Calvi,2
Brossac,2
Brétigny-sur-Orge,2
Branne,2
Béziers,2
Bègles,2
Baziège,2
Bayonne,2
Barr,2
Bagnolet,2
Auxerre,2
Arles,2
Andrézieux-Bouthéon,2
N/A,2
Alès,2
Alençon,2
Modena,2
Extrema,2
Cali,2
Chiclayo,2
Santiago,2
Reston,2
Bukavu,1
Istanbul,1
Saint-Pierre,1
Saint-Paul,1
Saint-Leu,1
Saint-Joseph,1
Le Tampon,1
Dhaka,1
Kolkata,1
Taiyuan,1
Nanjing,1
Kaifeng,1
Jining,1
Hefei,1
Yokosuka,1
Hohhot,1
Harbin,1
Perth,1
Nouméa,1
Luanda,1
Abuja,1
Nouakchott,1
Kandi,1
Tajerouine,1
Tabarka,1
Menzel Bourguiba,1
Zarzis,1
N/A,1
Bizerte,1
Ariana,1
Monastir,1
Mostaganem,1
Mehdia daira de meghila,1
Chlef,1
Constantine,1
Bordj el Kiffan,1
Blida,1
Bejaïa,1
Batna,1
Tangier,1
Sale,1
Nador,1
Khouribga,1
Zürich,1
Yverdon-les-Bains,1
Wädenswil,1
Romont,1
Oron-la-Ville,1
Nyon,1
Bern,1
Amsterdam,1
Vienna,1
Zaventem,1
Seraing,1
Mouscron,1
Lodelinsart,1
La Louvière,1
Binche,1
