name,visitors
India,48381
China,39673
United States,34918
Brazil,13835
Russian Federation,12771
Japan,11248
South Korea,9477
Germany,9267
United Kingdom,6943
France,6844
Vietnam,6699
Indonesia,6023
Hong Kong,4988
Turkey,4746
Spain,4315
Canada,4237
Pakistan,4218
Mexico,4156
Colombia,3917
Taiwan,3904
Italy,3797
Singapore,3390
Ukraine,3314
Netherlands,3295
Australia,3268
Egypt,3166
Poland,3057
Argentina,2878
Peru,2701
Philippines,2675
Kazakhstan,2473
Iran,2216
Thailand,2207
Saudi Arabia,2150
Chile,2126
Bangladesh,2071
Morocco,2056
Malaysia,1871
Nigeria,1648
United Arab Emirates,1638
South Africa,1613
Israel,1584
Uzbekistan,1404
Sweden,1364
Switzerland,1175
Belgium,1159
Algeria,1136
Portugal,1105
Kenya,1104
Ecuador,1065
Tunisia,1048
Nepal,1012
Czechia,986
Austria,961
Romania,909
Sri Lanka,850
Finland,795
Iraq,762
Norway,754
Ireland,730
Belarus,723
Serbia,709
Denmark,688
Bulgaria,649
Hungary,641
Greece,615
Ghana,602
Azerbaijan,569
Bolivia,527
Venezuela,511
New Zealand,462
Oman,436
Croatia,430
Slovakia,416
Cambodia,411
Dominican Republic,410
Ethiopia,394
Jordan,391
Guatemala,377
Costa Rica,362
Kyrgyzstan,313
Lithuania,312
Latvia,305
Uruguay,293
Myanmar,282
Qatar,277
Lebanon,272
Yemen,268
Kuwait,261
Georgia,259
Armenia,251
Panama,238
Côte d'Ivoire,222
Uganda,217
Estonia,216
Paraguay,213
Tanzania,212
Mongolia,207
Slovenia,206
El Salvador,206
Cameroon,198
Zimbabwe,189
"Palestine, State of",182
Moldova,178
"Congo, The Democratic Republic of the",175
Senegal,172
Madagascar,169
Zambia,163
Angola,160
Afghanistan,158
Syria,155
Libya,152
Honduras,144
Bhutan,140
Cyprus,132
Rwanda,124
Albania,123
Bahrain,120
Luxembourg,120
Mozambique,120
Tajikistan,118
Burkina Faso,115
Bosnia and Herzegovina,114
Puerto Rico,112
Somalia,107
Macao,103
Nicaragua,95
Benin,94
Malawi,81
Cuba,72
Kosovo,71
Mauritius,70
Sierra Leone,68
Réunion,66
Jamaica,63
North Macedonia,60
Botswana,57
Sudan,56
Namibia,55
Seychelles,55
Togo,55
Laos,51
Malta,50
Iceland,46
Montenegro,46
Trinidad and Tobago,46
Congo,45
Haiti,38
Mauritania,37
Gabon,36
Mali,36
Papua New Guinea,36
Guinea,33
Maldives,33
Brunei Darussalam,30
Burundi,24
Guadeloupe,24
Guyana,24
Martinique,23
New Caledonia,20
South Sudan,20
Fiji,19
Suriname,19
Eswatini,19
Gambia,18
Lesotho,18
Comoros,16
Niger,16
French Polynesia,15
Cabo Verde,14
Andorra,12
Liechtenstein,11
Timor-Leste,11
Barbados,10
Bahamas,10
Jersey,10
Belize,9
Djibouti,9
Liberia,9
Solomon Islands,9
Chad,9
Mayotte,9
Gibraltar,8
Saint Lucia,8
Monaco,8
French Guiana,7
Isle of Man,7
Vanuatu,7
Aruba,6
Saint Vincent and the Grenadines,6
San Marino,5
Tonga,5
Dominica,4
Guam,4
Guinea-Bissau,4
Anguilla,3
"Bonaire, Sint Eustatius and Saba",3
Curaçao,3
Guernsey,3
Cayman Islands,3
Turkmenistan,3
"Virgin Islands, British",3
Antigua and Barbuda,2
American Samoa,2
Bermuda,2
Faroe Islands,2
Grenada,2
Antarctica,1
Åland Islands,1
Central African Republic,1
Cook Islands,1
Eritrea,1
"Micronesia, Federated States of",1
Greenland,1
Equatorial Guinea,1
Saint Kitts and Nevis,1
Sao Tome and Principe,1
Sint Maarten (Dutch part),1
"Virgin Islands, U.S.",1
