name,version,visitors
Windows,10,227735
(not set),(not set),61480
Mac,10.15,24902
Android,10,12554
GNU/Linux,(not set),3804
iOS,18.3,3200
Chrome OS,14541.0,1925
Windows,7,1521
iOS,18.4,1230
Ubuntu,(not set),1080
Android,14,557
Android,15,425
Android,13,412
iOS,18.1,387
Android,12,348
iOS,17.6,302
Android,11,257
Windows,8.1,218
iOS,16.7,208
iOS,18.0,204
iOS,18.2,189
iOS,17.5,170
iOS,15.8,107
iOS,18.5,106
Android,9,78
HarmonyOS,(not set),71
iOS,17.7,69
Android,8.1,60
Chrome OS,14816.131,52
iOS,17.4,52
Mac,10.13,50
iOS,16.6,47
iOS,16.1,44
Windows,8,38
iOS,16.3,37
iOS,17.3,35
iOS,17.1,34
Mac,10.14,29
Mac,10.12,28
iOS,16.0,25
iOS,16.2,25
iPadOS,17.6,25
Windows,Server 2003,23
iPadOS,17.7,20
Android,8.0,20
iOS,17.0,19
iOS,17.2,19
Chrome OS,14092.77,16
Mac,11.0,15
iOS,12.5,15
iOS,16.5,15
iPadOS,16.7,11
Windows,XP,11
iOS,15.6,9
iOS,15.7,9
iOS,16.4,9
Android,6.0,9
Android,7.1,9
HarmonyOS,2.2,8
HarmonyOS,3.0,8
Fire OS,7,8
Mac,10.11,7
iOS,14.4,7
iOS,15.4,7
iPadOS,17.5,7
iOS,15.5,6
iPadOS,15.6,6
Windows,(not set),5
iOS,13.6,5
Android,16,5
Windows,NT,5
iOS,11.0,4
iOS,11.2,4
Chrome OS,12239.92,4
iPadOS,15.8,4
iPadOS,16.3,4
iPadOS,16.6,4
Android TV,9,4
Raspberry Pi OS,(not set),3
Mac,(not set),3
iOS,12.4,3
Chrome OS,13597.84,3
Chrome OS,14989.107,3
iOS,15.2,3
iOS,15.3,3
Mac,15.3,3
iPadOS,16.2,3
Android,7.0,3
Fire OS,8,3
Windows,Vista,3
Android,(not set),2
RedOS,(not set),2
Windows Mobile,10,2
Mac,10.16,2
iOS,10.3,2
Mac,10.7,2
Mac,10.9,2
iOS,13.3,2
Chrome OS,13904.97,2
iOS,14.6,2
Chrome OS,14695.107,2
iOS,15.0,2
iPadOS,15.0,2
iPadOS,15.5,2
iPadOS,16.5,2
iPadOS,17.0,2
iPadOS,17.4,2
Android,5.1,2
PlayStation,5.11,2
Tizen,5.5,2
UOS,(not set),1
Fuchsia,(not set),1
iOS,(not set),1
Fedora,(not set),1
Mac,10.17,1
Mac,10.4,1
Mac,10.6,1
Android TV,11,1
Android,11.0,1
Android,11.1,1
Mac,11.12,1
iOS,11.3,1
iOS,11.4,1
Android,12.0,1
Chrome OS,12739.111,1
Mac,13.3,1
iOS,13.4,1
iOS,13.5,1
Mac,13.6,1
iOS,13.7,1
Chrome OS,13099.110,1
Chrome OS,13310.93,1
Chrome OS,13421.102,1
Chrome OS,13729.45,1
Chrome OS,13816.55,1
Chrome OS,13816.64,1
Chrome OS,13816.82,1
Chrome OS,13904.77,1
Chrome OS,13982.88,1
iOS,14.2,1
iOS,14.5,1
Chrome OS,14092.46,1
Chrome OS,14150.87,1
Chrome OS,14388.51,1
Chrome OS,14526.89,1
iOS,15.1,1
iPadOS,15.1,1
iPadOS,15.3,1
iPadOS,15.4,1
iPadOS,16.1,1
Chrome OS,16181.61,1
iPadOS,17.1,1
Windows,2000,1
iOS,3.2,1
iOS,4.3,1
Android,5.0,1
Chrome OS,9334.72,1
Nintendo,Switch,1
