name,unique_entrances,total_entrances,visit_duration
/3.12/,561,601,133
/3.12/tutorial/index.html,206,214,56
/3.12/using/windows.html,188,191,30
/3/,183,185,329
/3.12/whatsnew/3.12.html,104,106,78
/3.12/library/functions.html,101,112,84
/3.12/library/stdtypes.html,82,86,114
/3.12/search.html,81,87,220
/ja/3.12/download.html,76,76,41
/3.12/tutorial/,69,71,71
/3.12/library/,63,63,152
/3.12/library/index.html,57,60,354
/3.12/index.html,56,57,53
/3.12/library/typing.html,52,52,110
/3.12/library/datetime.html,44,44,127
/3.12/library/os.html,36,36,49
/zh-cn/3.12/,34,34,149
/3.12/library/exceptions.html,30,30,9
/dev/using/windows.html,27,27,743
/3.12/library/pathlib.html,26,26,290
/zh-cn/3/,24,25,584
/3.12/reference/index.html,23,25,118
/3.12/library/logging.html,21,21,82
/3.12/tutorial/datastructures.html,21,22,239
/3.12/library/subprocess.html,20,20,174
/3.12/tutorial/interpreter.html,20,21,106
/3.12/library/re.html,18,19,192
/zh-cn/3.12/tutorial/index.html,18,22,71
/3.12/library/argparse.html,17,17,12
/3.12/tutorial/introduction.html,17,18,26
/3/tutorial/index.html,17,17,604
/3.12/download.html,16,16,31
/3.12/library/os.path.html,16,16,7
/3.12/tutorial/appetite.html,16,18,45
/3.12/tutorial/controlflow.html,16,19,117
/3.12/library/json.html,15,15,5
/3/library/datetime.html,15,15,201
/3/library/stdtypes.html,15,16,730
/3.12/library/asyncio.html,14,18,86
/3.12/library/multiprocessing.html,14,15,180
/3.12/library/struct.html,14,14,144
/3.12/library/venv.html,14,17,6
/3/library/index.html,14,14,264
/zh-cn/3.12/search.html,14,15,100
/3.12/reference/datamodel.html,13,13,3
/3.12/tutorial/classes.html,13,14,107
/3.14/,13,13,125
/3/library/idle.html,13,13,591
/3/tutorial/,13,13,146
/es/3.12/tutorial/index.html,13,13,19
/3.12/library/asyncio-eventloop.html,12,13,270
/3.12/library/random.html,12,12,408
/3.12/library/tkinter.html,12,13,170
/3/library/pathlib.html,12,12,194
/zh-cn/3.12/tutorial/controlflow.html,12,12,167
/3.12/library/idle.html,11,11,87
/3.12/library/threading.html,11,11,10
/3.12/py-modindex.html,11,11,272
/zh-cn/3.12/library/index.html,11,11,983
/3.12/glossary.html,10,10,103
/3.12/library/dataclasses.html,10,10,0
/3.12/library/enum.html,10,10,0
/3.12/reference/compound_stmts.html,10,10,167
/3/tutorial/datastructures.html,10,10,430
/ko/3.12/search.html,10,11,30
/uk/3.12/library/turtle.html,10,10,0
/3.12/installing/index.html,9,9,8
/3.12/library/io.html,9,9,17
/3.12/library/math.html,9,9,165
/3.12/whatsnew/changelog.html,9,13,116
/3/library/asyncio-task.html,9,9,990
/3/library/enum.html,9,9,325
/3/library/logging.html,9,9,1004
/zh-cn/3.12/download.html,9,9,0
/zh-cn/3.12/reference/index.html,9,9,943
/zh-cn/3.12/tutorial/datastructures.html,9,9,69
/zh-cn/3.12/using/index.html,9,9,9
/zh-cn/3.12/using/windows.html,9,9,0
/3.12/library/asyncio-task.html,8,8,0
/3.12/library/collections.html,8,8,275
/3.12/library/itertools.html,8,8,110
/3.12/library/xml.etree.elementtree.html,8,9,403
/3/library/argparse.html,8,8,274
/3/library/functions.html,8,8,526
/3/library/re.html,8,8,728
/3/library/typing.html,8,8,371
/zh-cn/3.12/installing/,8,8,0
/zh-cn/3.12/installing/index.html,8,8,200
/3.12/contents.html,7,7,146
/3.12/library/copy.html,7,7,126
/3.12/library/csv.html,7,7,286
/3.12/library/pickle.html,7,7,1
/3.12/library/queue.html,7,7,790
/3.12/library/time.html,7,7,42
/3/library/asyncio.html,7,7,204
/3/library/uuid.html,7,7,140
/3/library/venv.html,7,7,331
/3/whatsnew/3.12.html,7,7,653
/ja/3.12/library/index.html,7,7,222
/zh-cn/3.12/tutorial/interpreter.html,7,7,0
/zh-cn/3.12/tutorial/modules.html,7,7,146
/3.12/library/ast.html,6,6,0
/3.12/library/asyncio-subprocess.html,6,6,0
/3.12/library/concurrent.futures.html,6,6,0
/3.12/library/contextlib.html,6,6,79
/3.12/library/functools.html,6,6,8
/3.12/library/imp.html,6,8,236
/3.12/library/string.html,6,6,536
/3.12/library/unittest.mock.html,6,6,0
/3.12/reference/lexical_analysis.html,6,7,6
/3.12/tutorial/appendix.html,6,6,22
/3.12/using/index.html,6,6,222
/3.13/,6,6,653
/3/library/importlib.html,6,6,458
/3/library/os.html,6,6,2167
/3/library/telnetlib.html,6,6,225
/3/library/threading.html,6,6,2395
/3/whatsnew/3.14.html,6,6,727
/fr/3.12/library/stdtypes.html,6,7,0
/ja/3.12/,6,6,308
/zh-cn/3.12/index.html,6,6,178
/zh-cn/3.12/library/functions.html,6,6,135
/zh-cn/3.12/library/stdtypes.html,6,6,12
/zh-cn/3.12/tutorial/introduction.html,6,6,474
/3.12/library/cgi.html,5,6,4
/3.12/library/collections.abc.html,5,5,10
/3.12/library/ctypes.html,5,5,0
/3.12/library/dis.html,5,5,274
/3.12/library/gzip.html,5,5,0
/3.12/library/shutil.html,5,5,0
/3.12/library/socket.html,5,5,0
/3.12/library/sqlite3.html,5,5,0
/3.12/library/turtle.html,5,5,17
/3.12/library/uuid.html,5,5,0
/3.12/library/zipfile.html,5,5,0
/3.12/library/zoneinfo.html,5,5,0
/3.12/tutorial/errors.html,5,5,828
/3.12/tutorial/modules.html,5,5,0
/3.12/tutorial/venv.html,5,5,342
/3.14/tutorial/index.html,5,5,498
/3/library/concurrent.futures.html,5,5,569
/3/library/multiprocessing.html,5,5,5
/3/library/tkinter.html,5,5,242
/3/reference/index.html,5,5,147
/3/search.html,5,5,1406
/ja/3.12/library/stdtypes.html,5,6,20
/ja/3.12/search.html,5,7,16
/ja/3/,5,5,356
/zh-cn/3.12/tutorial/,5,5,1261
/zh-cn/3.12/tutorial/classes.html,5,6,48
/zh-cn/3.14/,5,5,1780
/zh-tw/3.12/library/index.html,5,5,136
/3.12/library/__future__.html,4,4,22
/3.12/library/hashlib.html,4,4,0
/3.12/library/http.client.html,4,4,0
/3.12/library/importlib.html,4,4,0
/3.12/library/socketserver.html,4,4,0
/3.12/library/sys.html,4,4,0
/3.12/library/tarfile.html,4,4,115
/3.12/library/telnetlib.html,4,4,294
/3.12/library/timeit.html,4,4,120
/3.12/library/types.html,4,4,868
/3.12/tutorial/inputoutput.html,4,4,919
/3.12/tutorial/stdlib.html,4,4,8
/3.12/using/mac.html,4,4,0
/3.12/whatsnew/index.html,4,4,80
/3.14/index.html,4,4,360
/3/glossary.html,4,4,1181
/3/howto/sorting.html,4,4,95
/3/index.html,4,4,221
/3/library/asyncio-eventloop.html,4,4,192
/3/library/collections.html,4,4,771
/3/library/contextlib.html,4,4,691
/3/library/csv.html,4,4,226
/3/library/exceptions.html,4,4,189
/3/library/os.path.html,4,5,739
/3/library/string.html,4,4,1868
/3/library/subprocess.html,4,4,267
/3/library/tempfile.html,4,4,465
/3/library/urllib.parse.html,4,4,258
/3/library/xml.etree.elementtree.html,4,4,53
/3/tutorial/venv.html,4,4,261
/3/using/windows.html,4,4,47
/fr/3.12/using/index.html,4,4,0
/ja/3.12/index.html,4,4,346
/ja/3.12/library/io.html,4,4,0
/ja/3.12/library/os.html,4,4,0
/ja/3.12/using/windows.html,4,4,0
/ko/3.12/library/exceptions.html,4,4,0
/ko/3.12/tutorial/datastructures.html,4,4,191
/pt-br/3.12/howto/regex.html,4,4,0
/zh-cn/3.12/library/venv.html,4,4,474
/zh-cn/3.12/tutorial/stdlib2.html,4,4,0
/3.12/c-api/index.html,3,3,2
/3.12/genindex.html,3,3,60
/3.12/howto/logging.html,3,3,4
/3.12/howto/sorting.html,3,3,25
/3.12/library/2to3.html,3,3,3
/3.12/library/compileall.html,3,4,1622
/3.12/library/configparser.html,3,3,0
/3.12/library/constants.html,3,3,74
/3.12/library/decimal.html,3,3,0
/3.12/library/keyword.html,3,3,0
/3.12/library/linecache.html,3,3,0
/3.12/library/pdb.html,3,3,1
/3.12/library/pkgutil.html,3,3,0
/3.12/library/signal.html,3,3,0
/3.12/library/ssl.html,3,3,1
/3.12/library/symtable.html,3,3,0
/3.12/library/tempfile.html,3,3,0
/3.12/library/tkinter.ttk.html,3,3,0
/3.12/library/warnings.html,3,3,0
/3.12/library/wave.html,3,3,0
/3.12/reference/expressions.html,3,3,0
/3.12/reference/introduction.html,3,3,0
/3.12/tutorial/stdlib2.html,3,4,108
/3.12/using/cmdline.html,3,3,2
/3.14/whatsnew/3.14.html,3,3,967
/3.15/,3,3,254
/3/download.html,3,3,13
/3/howto/descriptor.html,3,3,1448
/3/library/asyncio-subprocess.html,3,3,1
/3/library/configparser.html,3,3,855
/3/library/functools.html,3,3,126
/3/library/getpass.html,3,3,95
/3/library/heapq.html,3,3,928
/3/library/queue.html,3,3,78
/3/library/sqlite3.html,3,3,576
/3/library/struct.html,3,3,257
/3/library/timeit.html,3,3,103
/3/library/turtle.html,3,3,451
/3/reference/compound_stmts.html,3,3,1960
/3/tutorial/controlflow.html,3,3,1126
/3/tutorial/inputoutput.html,3,3,1544
/es/3.12/library/random.html,3,3,0
/es/3.12/library/tkinter.html,3,4,142
/es/3.12/using/windows.html,3,3,0
/ja/3.12/library/multiprocessing.shared_memory.html,3,3,0
/ja/3.12/library/tkinter.ttk.html,3,3,0
/ja/3.12/tutorial/appetite.html,3,3,0
/ja/3.12/whatsnew/3.12.html,3,4,4
/ko/3.12/bugs.html,3,3,0
/ko/dev/c-api/marshal.html,3,3,32
/uk/3.13/reference/index.html,3,3,1100
/zh-cn/3.12//whatsnew/3.12.html,3,3,0
/zh-cn/3.12/library/,3,3,0
/zh-cn/3.12/library/asyncio-dev.html,3,3,387
/zh-cn/3.12/library/asyncio.html,3,3,0
/zh-cn/3.12/library/os.html,3,3,44
/zh-cn/3.12/library/re.html,3,3,12
/zh-cn/3.12/library/weakref.html,3,3,0
/zh-cn/3.12/py-modindex.html,3,3,14
/zh-cn/3.12/tutorial/venv.html,3,3,161
/zh-cn/3.12/whatsnew/3.12.html,3,3,134
/zh-cn/3.14/using/windows.html,3,3,746
/zh-cn/3/library/index.html,3,3,35
/zh-tw/3.12/index.html,3,4,0
/3.12/c-api/intro.html,2,2,0
/3.12/c-api/typeobj.html,2,2,0
/3.12/deprecations/index.html,2,2,38
/3.12/extending/index.html,2,2,0
/3.12/genindex-D.html,2,2,80
/3.12/howto/index.html,2,2,114
/3.12/howto/regex.html,2,2,0
/3.12/library/abc.html,2,2,0
/3.12/library/asyncio-policy.html,2,2,0
/3.12/library/asyncio-runner.html,2,2,347
/3.12/library/base64.html,2,2,0
/3.12/library/distutils.html,2,2,6
/3.12/library/doctest.html,2,2,0
/3.12/library/filesys.html,2,2,1128
/3.12/library/heapq.html,2,2,2196
/3.12/library/http.html,2,2,304
/3.12/library/http.server.html,2,2,14
/3.12/library/importlib.resources.html,2,2,120
/3.12/library/inspect.html,2,2,0
/3.12/library/mimetypes.html,2,2,0
/3.12/library/mmap.html,2,2,480
/3.12/library/modulefinder.html,2,3,51
/3.12/library/operator.html,2,2,60
/3.12/library/profile.html,2,2,0
/3.12/library/pydoc.html,2,2,0
/3.12/library/smtplib.html,2,2,0
/3.12/library/sysconfig.html,2,2,0
/3.12/library/text.html,2,2,163
/3.12/library/textwrap.html,2,2,0
/3.12/library/tokenize.html,2,2,0
/3.12/library/trace.html,2,2,0
/3.12/library/urllib.html,2,2,114
/3.12/library/urllib.parse.html,2,2,16
/3.12/library/xdrlib.html,2,2,0
/3.12/license.html,2,2,0
/3.12/reference/simple_stmts.html,2,2,0
/3.12/tutorial/floatingpoint.html,2,2,0
/3.12/using/unix.html,2,2,0
/3.12/whatsnew/3.11.html,2,2,144
/3.13/index.html,2,2,132
/3.13/library/constants.html,2,2,1
/3.13/library/tomllib.html,2,2,4
/3.13/using/windows.html,2,2,686
