name,visitors
Bogotá,180
Madrid,107
Santiago,104
Medellín,102
Lima,89
Mexico City,71
Barcelona,52
Buenos Aires,42
Cali,41
San José,33
Guatemala City,31
Buenos Aires,28
Santiago de Querétaro,27
Caracas,26
Gustavo Adolfo Madero,25
Montevideo,23
Quito,22
Málaga,21
Guayaquil,20
Santa Cruz de la Sierra,20
Córdoba,19
San Salvador,18
Bucaramanga,18
Panamá,17
Tijuana,17
Guadalajara,17
Valencia,16
Asunción,15
Havana,15
Managua,15
Barranquilla,15
Puebla,14
La Paz,14
San Nicolás de los Garza,14
Ciudad Juárez,13
Murcia,12
Santo Domingo,12
Vigo,11
Monterrey,11
Benito Juarez,10
Arequipa,10
León de los Aldama,10
Bilbao,9
Pasto,9
Chihuahua,9
Sevilla,8
Palma,8
Zaragoza,8
A Coruña,8
Toluca,8
Mérida,8
Pereira,8
Concepción,8
Ciudad Apodaca,8
Alicante,7
Salamanca,7
Cúcuta,7
San Miguel de Tucumán,7
Lima,7
Santo Domingo Este,7
Las Palmas de Gran Canaria,6
Santiago de Compostela,6
Burgos,6
Tuxtla,6
Tlalnepantla,6
Ciudad Nezahualcoyotl,6
Acapulco de Juárez,6
Tegucigalpa,6
Maracaibo,6
Miguel Hidalgo,6
Santa Fe,6
Rosario,6
Neuquén,6
Córdoba,5
Lomas de Zamora,5
Laferrere,5
Ituzaingó,5
Álvaro Obregón,5
Veracruz,5
Jiutepec,5
Xalapa de Enríquez,5
Iztapalapa,5
Coatzacoalcos,5
Loja,5
Santa Marta,5
Manizales,5
Cuauhtémoc,5
Mendoza,5
Viña del Mar,5
Temuco,5
Cochabamba,5
Mexicali,5
Mazatlán,5
Hermosillo,5
Avellaneda,5
Moreno,5
Benito Juárez,5
Jerez de la Frontera,4
Granada,4
Valladolid,4
Barakaldo,4
Donostia / San Sebastián,4
Pamplona,4
Leganés,4
Getafe,4
Aranda de Duero,4
Vicente López,4
Caseros,4
Xochimilco,4
Tlalpan,4
Pachuca de Soto,4
Oaxaca,4
Ecatepec de Morelos,4
Cuernavaca,4
Azcapotzalco,4
Valencia,4
Valledupar,4
Popayán,4
Chía,4
Cartagena,4
Piura,4
Villa Carlos Paz,4
Cusco,4
Zapopan,4
Uruapan,4
La Paz,4
Ensenada,4
Culiacán,4
Aguascalientes,4
Warsaw,3
Toledo,3
Tejina,3
La Laguna,3
Marbella,3
Elche,3
Zürich,3
Brussels,3
Gasteiz / Vitoria,3
Santander,3
Sabadell,3
Parla,3
Ourense,3
Oleiros,3
Móstoles,3
Mataró,3
Las Rozas de Madrid,3
Gijón,3
Ferrol,3
Coslada,3
Collado-Villalba,3
Alcalá de Henares,3
Quilmes,3
Olivos,3
La Plata,3
Lanús,3
Tultitlán de Mariano Escobedo,3
Reynosa,3
Poza Rica de Hidalgo,3
Naucalpan de Juárez,3
Campeche,3
Calimaya,3
Ciudad López Mateos,3
San Pedro Sula,3
Heredia,3
Miranda,3
Maracay,3
Tunja,3
Rionegro,3
Neiva,3
Armenia,3
Trujillo,3
Chiclayo,3
Venustiano Carranza,3
San Rafael,3
Zacatecas,3
García,3
Torreón,3
Tepic,3
San Luis Potosí,3
Saltillo,3
Puerto Vallarta,3
Guadalupe,3
Ciudad General Escobedo,3
El Salto,3
San Juan,3
Hyderabad,2
Quezon City,2
Talavera de la Reina,2
Santa Cruz de Tenerife,2
Rincón de la Victoria,2
Llerena,2
Dos Hermanas,2
Castelló de la Plana,2
Callosa de Segura,2
Bullas,2
Barbate,2
Alcázar de San Juan,2
Casablanca,2
Köln,2
Frankfurt am Main,2
Villaviciosa de Odón,2
Tarragona,2
Santa Coloma de Gramenet,2
San Sebastián de los Reyes,2
San Lorenzo de El Escorial,2
Sant Cugat del Vallès,2
Sant Boi de Llobregat,2
Paracuellos de Jarama,2
Olot,2
Navalcarnero,2
Fuenlabrada,2
Ávila,2
Arroyomolinos,2
Villa Ballester,2
San Fernando,2
Posadas,2
Monte Grande,2
Formosa,2
Florencio Varela,2
Corrientes,2
Maldonado,2
Santa Cruz Tlaxcala,2
Puerto Juárez,2
Orizaba,2
Lerma de Villada,2
Iztacalco,2
Cuautitlán,2
Cintalapa de Figueroa,2
Chilpancingo,2
Chalco,2
Villa de Almoloya de Juárez,2
Quesada,2
San Diego,2
San Cristóbal,2
Morón,2
Ciudad Ojeda,2
Barcelona,2
Riobamba,2
Cuenca,2
Yumbo,2
Villavicencio,2
Palmira,2
Madrid,2
Ibagué,2
Cotorro,2
Juárez,2
San Salvador de Jujuy,2
San Juan,2
Salta,2
Mayor Buratovich,2
La Rioja,2
Chilecito,2
Bell Ville,2
Bahía Blanca,2
Alta Gracia,2
Valparaíso,2
Valdivia,2
San Bernardo,2
Quilpué,2
Peñaflor,2
Los Andes,2
La Serena,2
Coquimbo,2
Copiapó,2
Tlaquepaque,2
Tlajomulco de Zúñiga,2
Tala,2
Morelia,2
Ciudad Melchor Múzquiz,2
Heroica Guaymas,2
Victoria de Durango,2
Ahome,2
Miami,2
Columbus,2
The Bronx,2
San Pedro de la Paz,2
Miraflores,2
Villa Adelina,2
San Miguel,2
Solidaridad,2
Zapotlán el Grande,2
Centro,2
Othón P. Blanco,2
Ejido Culiacán (Culiacancito),2
José C. Paz,2
H̱olon,1
Sohag,1
Al Manşūrah,1
Saint Petersburg,1
Odessa,1
Mukachevo,1
Istanbul,1
Johannesburg,1
Lahore,1
Karachi,1
Binjai,1
Colombo,1
Gaya,1
Surabaya,1
Mataram,1
