name,visitors,pageviews,bounce_rate,time_on_page,scroll_depth
/es/3.13/tutorial/index.html,349,574,56,104,55
/es/3/tutorial/,192,286,45,115,62
/es/3.13/library/tkinter.html,156,227,70,451,39
/es/3.13/tutorial/datastructures.html,96,119,85,430,38
/es/3.13/tutorial/interpreter.html,90,143,78,175,73
/es/3.13/tutorial/introduction.html,90,134,81,412,57
/es/3/,89,117,54,182,75
/es/3.13/tutorial/venv.html,83,98,85,476,55
/es/3/tutorial/index.html,78,104,60,57,48
/es/3/tutorial/interpreter.html,78,126,72,157,79
/es/3/tutorial/appetite.html,75,91,89,77,83
/es/3.13/tutorial/appetite.html,73,83,12,122,87
/es/3.13/tutorial/classes.html,73,80,89,228,46
/es/3.13/library/index.html,71,98,62,64,36
/es/3.13/search.html,71,129,50,76,49
/es/3/tutorial/introduction.html,67,87,73,404,59
/es/3.13/,64,102,67,36,74
/es/3.13/tutorial/controlflow.html,61,84,85,385,39
/es/3.13/installing/index.html,60,70,86,613,71
/es/3/library/stdtypes.html,55,80,77,561,30
/es/3.13/library/functions.html,49,59,79,285,35
/es/3.13/library/tk.html,45,63,41,192,67
/es/3.13/tutorial/errors.html,41,45,73,515,33
/es/3.13/library/idle.html,40,48,72,130,33
/es/3/library/index.html,40,57,40,60,48
/es/3.13/library/random.html,37,53,69,268,37
/es/3.13/library/stdtypes.html,37,52,95,603,33
/es/3/tutorial/controlflow.html,36,49,89,294,40
/es/3/library/functions.html,31,38,74,156,42
/es/3.13/library/math.html,30,37,84,296,46
/es/3.13/glossary.html,29,36,50,66,45
/es/3.13/library/datetime.html,29,40,76,1301,20
/es/3.13/tutorial/inputoutput.html,29,31,86,534,34
/es/3.13/library/re.html,28,31,79,218,27
/es/3.13/index.html,26,40,100,42,75
/es/3.13/library/string.html,25,28,80,296,36
/es/3/library/json.html,25,32,68,2070,35
/es/3/tutorial/datastructures.html,25,29,88,254,40
/es/3.13/library/venv.html,24,32,85,278,21
/es/3.13/tutorial/modules.html,24,27,67,166,41
/es/3.13/using/windows.html,24,28,77,292,30
/es/3/glossary.html,23,24,73,289,24
/es/3/library/argparse.html,23,29,53,586,13
/es/3/search.html,23,61,14,43,53
/es/3.13/library/tkinter.ttk.html,22,27,73,300,38
/es/3.12/tutorial/index.html,20,27,87,33,68
/es/3.13/reference/import.html,20,24,60,147,23
/es/3.13/library/csv.html,19,20,93,491,33
/es/3/tutorial/classes.html,19,24,79,231,37
/es/3.13/library/array.html,18,21,83,600,65
/es/3.13/reference/index.html,18,24,33,47,62
/es/3.13/using/editors.html,18,25,59,313,99
/es/3.13/howto/sorting.html,17,19,81,495,30
/es/3/faq/windows.html,17,19,92,1253,44
/es/3.13/howto/logging.html,16,20,60,225,30
/es/3.13/howto/regex.html,16,20,77,584,34
/es/3.13/library/operator.html,16,19,64,408,38
/es/3.13/reference/compound_stmts.html,16,16,88,132,31
/es/3/library/tkinter.html,16,24,69,397,53
/es/3.13/contents.html,15,34,33,40,27
/es/3.13/reference/datamodel.html,15,18,67,438,51
/es/3/library/statistics.html,15,18,86,525,19
/es/3.13/library/sqlite3.html,14,26,80,876,24
/es/3/installing/index.html,14,18,60,992,59
/es/3/using/cmdline.html,14,17,85,88,27
/es/3.13/library/turtle.html,13,15,73,203,27
/es/3/library/re.html,13,17,77,233,33
/es/3.13/tutorial/stdlib.html,12,13,100,34,64
/es/3/genindex-Símbolos.html,12,14,67,35,47
/es/3/tutorial/venv.html,12,12,80,116,50
/es/3.13/howto/sockets.html,11,13,70,131,23
/es/3.13/reference/lexical_analysis.html,11,15,50,41,34
/es/3.13/whatsnew/3.13.html,11,13,100,61,19
/es/3/library/datetime.html,11,11,80,132,31
/es/3/library/decimal.html,11,12,75,1488,29
/es/dev/tutorial/controlflow.html,11,12,78,865,44
/es/3.13/library/http.server.html,10,13,78,54,25
/es/3/library/math.html,10,13,0,302,37
/es/3/tutorial/modules.html,10,13,86,200,62
/es/dev/library/tkinter.ttk.html,10,13,100,1805,40
/es/dev/using/windows.html,10,11,67,654,56
/es/3.13/library/collections.html,9,9,80,216,5
/es/3.13/library/time.html,9,12,83,308,35
/es/3.13/py-modindex.html,9,14,0,62,37
/es/3.13/tutorial/,9,17,33,43,29
/es/3.13/using/unix.html,9,10,67,152,47
/es/3/contents.html,9,11,50,61,14
/es/3/tutorial/errors.html,9,11,100,213,30
/es/3.12/tutorial/classes.html,8,9,100,142,23
/es/3.13/library/__main__.html,8,9,88,,41
/es/3.13/library/codecs.html,8,7,40,210,17
/es/3.13/library/exceptions.html,8,13,100,298,59
/es/3.13/library/pickle.html,8,8,80,18,17
/es/3.13/library/xml.etree.elementtree.html,8,8,75,1030,31
/es/3.13/reference/simple_stmts.html,8,10,75,81,54
/es/3/library/random.html,8,9,100,1438,14
/es/3/reference/index.html,8,8,0,167,68
/es/3/reference/lexical_analysis.html,8,9,80,1008,58
/es/dev/tutorial/,8,8,83,64,44
/es/3.12/tutorial/interpreter.html,7,13,40,317,71
