name,unique_exits,total_exits,exit_rate
/it/3/tutorial/index.html,21,21,
/it/3.13/tutorial/index.html,14,14,
/it/3.15/using/windows.html,9,10,
/3/tutorial/index.html,7,7,
/it/3.14/,7,7,
/it/3/,7,7,
/it/3/tutorial/classes.html,6,6,
/it/3/tutorial/introduction.html,6,6,
/it/3/tutorial/modules.html,6,6,
/it/3/tutorial/venv.html,6,6,
/3/,5,5,
/dev/using/windows.html,5,5,
/it/3.14/search.html,4,4,
/it/3/tutorial/appetite.html,4,4,
/it/3/tutorial/controlflow.html,4,4,
/it/3/tutorial/inputoutput.html,4,4,
/it/3.14/library/math.html,3,3,
/it/3.14/library/stdtypes.html,3,3,
/it/3.14/tutorial/appetite.html,3,3,
/it/3.15/search.html,3,3,
/it/3/tutorial/datastructures.html,3,3,
/it/3/tutorial/interpreter.html,3,3,
/3.14/,2,2,
/3.15/search.html,2,2,
/3/library/functions.html,2,2,
/es/3.14/search.html,2,2,
/it/3.12/library/functions.html,2,2,
/it/3.13/,2,4,
/it/3.13/c-api/exceptions.html,2,2,
/it/3.13/py-modindex.html,2,2,
/it/3.14/library/csv.html,2,2,
/it/3.14/library/functions.html,2,2,
/it/3.14/library/glob.html,2,2,
/it/3.14/library/index.html,2,2,
/it/3.14/library/threading.html,2,2,
/it/3.14/py-modindex.html,2,2,
/it/3.14/tutorial/interpreter.html,2,2,
/it/3/c-api/index.html,2,2,
/it/3/glossary.html,2,2,
/it/3/library/stdtypes.html,2,2,
/it/3/using/ios.html,2,2,
/3.14/library/index.html,1,1,
/3.14/library/sqlite3.html,1,1,
/3.14/search.html,1,1,
/3.14/tutorial/controlflow.html,1,1,
/3.15/using/windows.html,1,1,
/3/howto/unicode.html,1,1,
/3/library/,1,1,
/3/library/locale.html,1,1,
/3/library/stdtypes.html,1,1,
/3/library/string.html,1,1,
/3/library/threading.html,1,1,
/3/tutorial/classes.html,1,1,
/es/3/tutorial/,1,1,
/fr/3.14/library/idle.html,1,1,
/it/3.12/bugs.html,1,1,
/it/3.12/library/stdtypes.html,1,1,
/it/3.12/tutorial/index.html,1,1,
/it/3.13/genindex.html,1,1,
/it/3.13/library/pickle.html,1,2,
/it/3.13/reference/simple_stmts.html,1,1,
/it/3.13/search.html,1,1,
/it/3.13/tutorial/controlflow.html,1,1,
/it/3.13/tutorial/interpreter.html,1,1,
/it/3.13/whatsnew/2.5.html,1,1,
/it/3.13/whatsnew/2.7.html,1,1,
/it/3.13/whatsnew/3.5.html,1,1,
/it/3.14/bugs.html,1,1,
/it/3.14/contents.html,1,1,
/it/3.14/index.html,1,1,
/it/3.14/library/argparse.html,1,1,
/it/3.14/library/ensurepip.html,1,1,
/it/3.14/library/tkinter.html,1,1,
/it/3.14/reference/index.html,1,1,
/it/3.14/reference/introduction.html,1,1,
/it/3.14/reference/lexical_analysis.html,1,1,
/it/3.14/tutorial/,1,1,
/it/3.14/tutorial/appendix.html,1,1,
/it/3.14/tutorial/controlflow.html,1,1,
/it/3.14/tutorial/inputoutput.html,1,1,
/it/3.14/tutorial/introduction.html,1,1,
/it/3.14/using/index.html,1,1,
/it/3.14/using/windows.html,1,1,
/it/3.14/whatsnew/3.14.html,1,1,
/it/3.14/whatsnew/index.html,1,1,
/it/3.15/download.html,1,1,
/it/3.15/index.html,1,1,
/it/3.15/tutorial/controlflow.html,1,1,
/it/3.15/tutorial/index.html,1,1,
/it/3.15/tutorial/modules.html,1,1,
/it/3.15/using/mac.html,1,1,
/it/3/bugs.html,1,1,
/it/3/library/functions.html,1,1,
/it/3/library/importlib.html,1,1,
/it/3/library/index.html,1,1,
/it/3/library/random.html,1,2,
/it/3/search.html,1,1,
/it/3/tutorial/errors.html,1,1,
/it/3/tutorial/floatingpoint.html,1,1,
/it/3/tutorial/stdlib.html,1,1,
