name,visitors
Taipei,390
N/A,158
Singapore,129
Taichung,114
Kaohsiung,90
Hsinchu,72
Tainan,61
Taoyuan,59
Zhubei,34
N/A,34
Hong Kong,32
N/A,23
Beijing,15
N/A,13
Tokyo,13
Taoyuan City,11
Jiayi Shi,10
Hualien City,9
Miaoli,7
Yilan,7
Keelung,7
Shanghai,7
Banqiao,6
Pingtung,6
Chang-hua,6
N/A,5
N/A,5
Los Angeles,5
N/A,4
Nantou,4
N/A,4
Berlin,4
N/A,4
Douliu,3
N/A,3
N/A,3
N/A,3
Shijiazhuang,3
Zürich,3
N/A,3
N/A,3
N/A,3
Hanoi,2
Da Nang,2
N/A,2
Xinying,2
N/A,2
Puli,2
N/A,2
N/A,2
N/A,2
N/A,2
N/A,2
Xi’an,2
Nanjing,2
Hangzhou,2
Guangzhou,2
Changsha,2
Yokohama,2
Bristol,2
Wrocław,2
Gravataí,2
Culiacán,2
Ciudad Juárez,2
New York City,2
N/A,2
Baghdad,1
Saint Petersburg,1
Moscow,1
Minsk,1
Pretoria,1
Dhaka,1
Nashik,1
Bhubaneshwar,1
Ahmedabad,1
Tayshet,1
Ho Chi Minh City,1
Cần Thơ,1
Biên Hòa,1
Jakarta,1
N/A,1
Yuanlin,1
N/A,1
N/A,1
Taitung,1
N/A,1
N/A,1
N/A,1
N/A,1
N/A,1
N/A,1
Zhengzhou,1
Xiamen,1
Wuhan,1
Shenzhen,1
Qingdao,1
Foshan,1
Chongqing,1
Chengdu,1
N/A,1
N/A,1
N/A,1
N/A,1
Osaka,1
Kyoto,1
N/A,1
Brazzaville,1
Lisbon,1
City of Westminster,1
Newcastle under Lyme,1
Gent,1
Mülheim,1
Bielawa,1
Frogner,1
N/A,1
N/A,1
São Paulo,1
Salvador,1
Porto Alegre,1
Jaú,1
Bom Despacho,1
Nogales,1
Houston,1
Minneapolis,1
Enfield,1
San Jose,1
Santa Cruz,1
Sunnyvale,1
Bellevue,1
Seattle,1
Kani,1
N/A,1
N/A,1
N/A,1
N/A,1
