property,value,visitors,events,percentage
url,(none),1698,2399,99.7
url,https://www.python.org/,20,21,1.2
url,https://www.python.org/downloads/,5,6,0.3
url,https://packaging.python.org/en/latest/tutorials/packaging-projects/,4,4,0.2
url,https://packaging.python.org/installing/#requirements-for-installing-packages,2,3,0.1
url,https://pypi.org/project/telnetlib3/,2,3,0.1
url,https://apps.microsoft.com/detail/9NQ7512CXL7T,1,1,0.1
url,https://csrc.nist.gov/pubs/fips/202/final,1,1,0.1
url,https://docs.python.org/zh-tw/3/archives/python-3.14-docs-html.zip,1,1,0.1
url,https://github.com/python/cpython/blob/main/Doc/library/functions.rst?plain=1,1,1,0.1
url,https://github.com/python/cpython/tree/3.13/Lib/base64.py,1,1,0.1
url,https://github.com/python/cpython/tree/3.13/Lib/ssl.py,1,1,0.1
url,https://github.com/python/cpython/tree/3.13/Lib/tkinter/__init__.py,1,1,0.1
url,https://github.com/python/cpython/tree/3.14/Lib/heapq.py,1,1,0.1
url,https://github.com/python/cpython/tree/3.14/Lib/ssl.py,1,1,0.1
url,https://github.com/python/cpython/tree/main/Lib/csv.py,1,1,0.1
url,https://github.com/python/cpython/tree/main/Lib/operator.py,1,1,0.1
url,https://pypi.org/,1,1,0.1
url,https://pypi.org/project/Exscript/,1,1,0.1
url,https://wiki.python.org/moin/BeginnersGuide,1,1,0.1
url,https://www.zlib.net/,1,1,0.1
