name,unique_exits,total_exits,exit_rate
/zh-tw/3/tutorial/index.html,94,96,
/zh-tw/3/library/venv.html,65,65,
/zh-tw/dev/installing/index.html,46,47,
/zh-tw/3/library/re.html,43,44,
/zh-tw/3/howto/sorting.html,36,36,
/zh-tw/3/library/random.html,34,35,
/zh-tw/3/tutorial/introduction.html,30,30,
/zh-tw/3/library/index.html,28,28,
/zh-tw/3/tutorial/datastructures.html,27,27,
/zh-tw/3/tutorial/classes.html,26,26,
/zh-tw/3/tutorial/controlflow.html,24,26,
/zh-tw/3/tutorial/inputoutput.html,24,25,
/zh-tw/3/library/csv.html,22,22,
/zh-tw/3/library/functions.html,22,22,
/zh-tw/3/tutorial/interpreter.html,22,23,
/zh-tw/3/library/heapq.html,19,19,
/zh-tw/3.13/tutorial/index.html,18,22,
/zh-tw/3/library/json.html,17,18,
/zh-tw/3/library/concurrent.futures.html,16,17,
/zh-tw/3.13/tutorial/introduction.html,15,16,
/zh-tw/3/library/pathlib.html,15,15,
/zh-tw/dev/library/os.path.html,15,16,
/zh-tw/3/howto/argparse.html,14,14,
/zh-tw/3/using/mac.html,14,14,
/dev/using/windows.html,13,13,
/zh-tw/3.13/library/hashlib.html,11,11,
/zh-tw/3.13/tutorial/controlflow.html,11,11,
/zh-tw/3/library/asyncio.html,11,11,
/zh-tw/3.13/installing/index.html,10,10,
/zh-tw/3.13/library/tkinter.html,10,10,
/zh-tw/3/glossary.html,10,10,
/zh-tw/3/library/__main__.html,10,10,
/zh-tw/3/library/collections.html,10,10,
/zh-tw/3/tutorial/appetite.html,10,10,
/zh-tw/3/tutorial/errors.html,10,10,
/zh-tw/3/tutorial/floatingpoint.html,10,10,
/zh-tw/3.13/contents.html,9,9,
/zh-tw/3.13/library/ast.html,9,9,
/zh-tw/3.14/tutorial/controlflow.html,9,12,
/zh-tw/3.14/tutorial/index.html,9,9,
/zh-tw/3.15/using/windows.html,9,9,
/zh-tw/3/faq/windows.html,9,9,
/zh-tw/3/library/itertools.html,9,9,
/zh-tw/3/library/math.html,9,9,
/zh-tw/3/library/pickle.html,9,9,
/zh-tw/3/library/string.html,9,9,
/zh-tw/3/tutorial/modules.html,9,9,
/zh-tw/dev/library/csv.html,9,10,
/zh-tw/3/library/enum.html,8,8,
/zh-tw/3/library/threading.html,8,10,
/zh-tw/3/library/unittest.mock.html,8,9,
/zh-tw/3.13/library/typing.html,7,7,
/zh-tw/3/library/bisect.html,7,7,
/zh-tw/3/library/queue.html,7,7,
/zh-tw/3/library/stdtypes.html,7,8,
/zh-tw/3/library/time.html,7,7,
/zh-tw/dev/library/stdtypes.html,7,7,
/zh-tw/dev/library/venv.html,7,7,
/zh-tw/3.13/library/copy.html,6,6,
/zh-tw/3.13/library/pathlib.html,6,6,
/zh-tw/3.13/tutorial/datastructures.html,6,13,
/zh-tw/3.14/library/stdtypes.html,6,6,
/zh-tw/3/,6,6,
/zh-tw/3/contents.html,6,6,
/zh-tw/3/library/abc.html,6,6,
/zh-tw/3/library/ast.html,6,6,
/zh-tw/3/library/os.path.html,6,6,
/zh-tw/3/reference/index.html,6,6,
/zh-tw/3.12/using/mac.html,5,5,
/zh-tw/3.13/library/json.html,5,5,
/zh-tw/3.13/library/os.path.html,5,5,
/zh-tw/3.13/library/uuid.html,5,5,
/zh-tw/3.13/tutorial/appetite.html,5,6,
/zh-tw/3.13/tutorial/venv.html,5,5,
/zh-tw/3.14/search.html,5,6,
/zh-tw/3/howto/sockets.html,5,5,
/zh-tw/3/library/array.html,5,5,
/zh-tw/3/library/asyncio-sync.html,5,5,
/zh-tw/3/library/hashlib.html,5,5,
/zh-tw/3/library/statistics.html,5,5,
/zh-tw/3/library/typing.html,5,5,
/zh-tw/3/whatsnew/index.html,5,5,
/zh-tw/3.13/index.html,4,4,
/zh-tw/3.13/library/functions.html,4,5,
/zh-tw/3.13/library/glob.html,4,4,
/zh-tw/3.13/library/operator.html,4,4,
/zh-tw/3.13/library/tk.html,4,4,
/zh-tw/3.13/tutorial/classes.html,4,4,
/zh-tw/3.13/tutorial/inputoutput.html,4,4,
/zh-tw/3.14/,4,4,
/zh-tw/3.14/tutorial/introduction.html,4,4,
/zh-tw/3.14/using/windows.html,4,5,
/zh-tw/3/download.html,4,4,
/zh-tw/3/howto/regex.html,4,4,
/zh-tw/3/library/cmath.html,4,4,
/zh-tw/3/library/functools.html,4,4,
/zh-tw/3/library/sqlite3.html,4,4,
/zh-tw/3/library/unittest.mock-examples.html,4,4,
/zh-tw/3/search.html,4,4,
/zh-tw/3/tutorial/appendix.html,4,4,
