name,unique_entrances,total_entrances,visit_duration
/pl/3/tutorial/datastructures.html,21,21,55
/pl/3/tutorial/index.html,17,17,90
/3/,11,11,196
/pl/dev/tutorial/classes.html,9,10,31
/pl/3.13/tutorial/index.html,8,8,59
/pl/3/installing/index.html,7,8,1
/pl/3/,6,6,534
/pl/3/tutorial/modules.html,6,6,0
/pl/3/library/array.html,5,7,245
/pl/3/tutorial/interpreter.html,5,5,11
/pl/3/tutorial/venv.html,5,5,115
/3.13/tutorial/index.html,4,4,126
/pl/3.13/tutorial/introduction.html,4,4,12
/pl/3/tutorial/controlflow.html,4,5,558
/pl/dev/library/functions.html,4,4,0
/pl/dev/library/turtle.html,4,4,91
/3.13/tutorial/,3,3,67
/3.13/using/windows.html,3,3,120
/3/tutorial/index.html,3,3,156
/pl/3.13/,3,3,48
/pl/3/library/index.html,3,3,263
/pl/3/reference/index.html,3,4,677
/pl/3/tutorial/appetite.html,3,3,0
/pl/3/tutorial/classes.html,3,3,1899
/pl/3/tutorial/errors.html,3,3,125
/pl/3/tutorial/introduction.html,3,3,451
/3.13/,2,2,118
/3.13/index.html,2,2,170
/3.13/whatsnew/3.13.html,2,2,562
/3/library/tkinter.html,2,2,74
/3/library/turtle.html,2,2,1415
/pl/3.13/library/ctypes.html,2,3,0
/pl/3.13/tutorial/,2,2,0
/pl/3.13/tutorial/appetite.html,2,2,1744
/pl/3.13/tutorial/interpreter.html,2,2,1641
/pl/3/tutorial/,2,2,0
/pl/3/tutorial/floatingpoint.html,2,2,8
/pl/dev/library/abc.html,2,2,0
/pl/dev/tutorial/floatingpoint.html,2,2,706
/3.12/library/errno.html,1,1,43
/3.13/tutorial/appetite.html,1,1,246
/3.13/tutorial/interpreter.html,1,1,0
/3/glossary.html,1,1,1
/3/howto/curses.html,1,1,70
/3/library/asyncio-task.html,1,1,3440
/3/library/datetime.html,1,2,506
/3/library/exceptions.html,1,1,62
/3/library/idle.html,1,1,105
/3/library/imghdr.html,1,1,1260
/3/library/random.html,1,1,79
/3/library/stdtypes.html,1,1,668
/3/library/time.html,1,1,344
/3/library/venv.html,1,1,0
/3/tutorial/,1,1,43
/3/tutorial/datastructures.html,1,1,641
/3/tutorial/errors.html,1,1,1380
/3/tutorial/modules.html,1,1,1021
/3/whatsnew/3.13.html,1,1,59
/dev/using/windows.html,1,1,266
/es/3.13/library/index.html,1,1,1784
/es/3.13/library/intro.html,1,1,581
/ja/3.13/library/index.html,1,1,1056
/pl/3.12/installing/index.html,1,1,0
/pl/3.12/library/asyncio-task.html,1,1,0
/pl/3.12/tutorial/inputoutput.html,1,1,0
/pl/3.13/c-api/intro.html,1,1,139
/pl/3.13/howto/descriptor.html,1,1,22
/pl/3.13/installing/index.html,1,1,50
/pl/3.13/library/,1,1,51
/pl/3.13/library/exceptions.html,1,1,348
/pl/3.13/library/functions.html,1,1,6
/pl/3.13/library/socket.html,1,1,18
/pl/3.13/library/string.html,1,1,0
/pl/3.13/search.html,1,1,26
/pl/3.13/tutorial/controlflow.html,1,1,9
/pl/3.13/tutorial/datastructures.html,1,1,594
/pl/3.13/using/windows.html,1,1,76
/pl/3.15/,1,2,0
/pl/3.15/using/windows.html,1,1,0
/pl/3/about.html,1,1,10
/pl/3/download.html,1,1,0
/pl/3/extending/extending.html,1,1,1265
/pl/3/glossary.html,1,1,0
/pl/3/library/turtle.html,1,1,0
/pl/3/reference/expressions.html,1,1,0
/pl/3/reference/lexical_analysis.html,1,1,1546
/pl/3/tutorial/inputoutput.html,1,1,0
/pl/3/using/index.html,1,1,0
/pl/dev/extending/extending.html,1,1,0
/pl/dev/library/math.html,1,1,0
/pl/dev/library/stdtypes.html,1,1,0
/pl/dev/tutorial/datastructures.html,1,1,0
/pl/dev/tutorial/inputoutput.html,1,1,0
/pl/dev/tutorial/interpreter.html,1,1,40
/pl/dev/tutorial/introduction.html,1,1,0
/pl/dev/whatsnew/3.15.html,1,1,0
/uk/3.13/glossary.html,1,1,163
/zh-tw/3.13/,1,1,16
