name,visitors
Guangdong,366
Beijing,302
Shanghai,227
Zhejiang,164
Jiangsu,143
Ho Chi Minh City,127
Tokyo,118
California,107
Hubei,84
Shandong,84
Henan,83
Sichuan,81
Hanoi,70
Shaanxi,50
Tianjin,45
Chongqing,39
Kwai Tsing New Territories,39
Hunan,35
Fujian,31
Hebei,25
Anhui,24
Liaoning,22
Washington,21
Haiphong,21
Taipei,20
Chiba,17
Île-de-France,15
England,14
Da Nang,14
Gansu,13
New York,13
Yunnan,10
Osaka,10
Oregon,10
Thanh Hóa,10
Ontario,9
Changhua,9
Shanxi,8
Guizhou,7
Jilin,7
Hesse,7
Kowloon City Kowloon,7
Colorado,7
Quảng Ninh,7
Đắk Lắk,7
British Columbia,6
Jiangxi,6
North Rhine-Westphalia,6
Seoul,6
Iowa,6
New Jersey,6
Nevada,6
Texas,6
Incheon,5
Gyeonggi,5
Kuala Lumpur,5
North Holland,5
Bangkok,5
New Taipei,5
Taichung,5
Illinois,5
Xinjiang,4
Bavaria,4
Wan Chai Hong Kong Island,4
Kanagawa,4
Gangwon,4
Virginia,4
Nghệ An,4
New South Wales,3
Quebec,3
Kaohsiung,3
Taoyuan,3
Arizona,3
Minnesota,3
Heilongjiang,2
Baden-Württemberg,2
Hamburg,2
Uusimaa,2
Sai Kung New Territories,2
Baghdad,2
Sicily,2
Hokkaido,2
Ibaraki,2
South Chungcheong,2
Mazovia,2
Ha'il,2
Hsinchu,2
Yunlin,2
Zakarpattia,2
Michigan,2
Utah,2
Ninh Bình,2
Đồng Nai,2
Nam Định,2
Dubai,1
Queensland,1
Victoria,1
Wallonia,1
Inner Mongolia,1
Prague,1
Lower Saxony,1
Rhineland-Palatinate,1
Central and Western Hong Kong Island,1
Eastern Hong Kong Island,1
Wong Tai Sin Kowloon,1
Tsuen Wan New Territories,1
Jakarta,1
Delhi,1
Karnataka,1
Lombardy,1
Lazio,1
Saitama,1
Gifu,1
Phnom Penh,1
Yangon,1
Selangor,1
Sarawak,1
Auckland,1
Khabarovsk Krai,1
Riyadh,1
Västra Götaland,1
Nakhon Pathom,1
Keelung,1
Georgia,1
Massachusetts,1
Wisconsin,1
Thừa Thiên–Huế,1
Quảng Nam,1
Quảng Ngãi,1
Long An,1
Bà Rịa–Vũng Tàu,1
Sóc Trăng,1
Bạc Liêu,1
Hải Dương,1
Phú Thọ,1
Vĩnh Phúc,1
Can Tho,1
