name,visitors,pageviews,bounce_rate,time_on_page,scroll_depth
/pl/3/tutorial/index.html,31,41,55,79,56
/pl/3/tutorial/datastructures.html,26,33,77,77,40
/pl/3/,21,33,61,18,76
/pl/3/library/functions.html,21,22,86,53,60
/pl/3.15/using/windows.html,15,14,75,21,20
/pl/3/tutorial/introduction.html,14,15,56,262,52
/pl/3/library/index.html,13,12,29,52,38
/pl/3/tutorial/controlflow.html,12,13,100,39,50
/pl/3/tutorial/venv.html,12,13,89,32,47
/pl/3/tutorial/errors.html,11,10,89,34,49
/pl/3/reference/index.html,10,15,33,49,81
/pl/3/tutorial/appetite.html,9,6,100,80,83
/pl/3/tutorial/inputoutput.html,9,7,67,114,77
/pl/3/tutorial/modules.html,9,8,86,51,40
/pl/3.14/library/functions.html,8,8,100,232,50
/pl/3/tutorial/interpreter.html,8,10,100,234,63
/pl/3.15/tutorial/classes.html,7,8,83,21,9
/pl/3.14/,6,7,0,7,71
/pl/3.14/library/tkinter.html,6,9,33,22,35
/pl/3/glossary.html,6,9,67,17,59
/pl/3.14/tutorial/interpreter.html,5,5,67,209,30
/pl/3/library/array.html,5,5,40,20,45
/pl/3/library/stdtypes.html,5,6,0,25,22
/pl/3/search.html,5,6,67,11,75
/pl/3/tutorial/classes.html,5,4,100,43,44
/pl/3/using/index.html,5,5,50,42,86
/pl/3.14/library/index.html,4,8,100,69,42
/pl/3.14/library/math.html,4,3,50,20,16
/pl/3.14/tutorial/datastructures.html,4,6,100,302,75
/pl/3.15/tutorial/datastructures.html,4,4,100,5,15
/pl/3/library/archiving.html,4,9,0,57,98
/pl/3/reference/lexical_analysis.html,4,3,0,21,50
/pl/3.12/installing/index.html,3,2,100,121,62
/pl/3.14/reference/expressions.html,3,2,100,6,5
/pl/3.14/search.html,3,5,100,25,100
/pl/3.14/tutorial/appetite.html,3,2,0,28,66
/pl/3.14/tutorial/controlflow.html,3,2,100,260,9
/pl/3.15/extending/first-extension-module.html,3,3,100,3,11
/pl/3.15/using/editors.html,3,2,0,7,90
/pl/3.15/using/ios.html,3,2,0,5,11
/pl/3.15/using/mac.html,3,2,0,1,10
/pl/3/contents.html,3,3,100,14,2
/pl/3/genindex.html,3,3,0,9,100
/pl/3/index.html,3,3,0,11,65
/pl/3/installing/index.html,3,3,100,53,50
/pl/3/library/datetime.html,3,4,0,26,24
/pl/3/tutorial/,3,3,100,,
/pl/3/tutorial/appendix.html,3,3,0,20,97
/pl/3/tutorial/stdlib.html,3,3,0,14,23
/pl/dev/library/functions.html,3,6,50,9,44
/pl/dev/tutorial/classes.html,3,3,100,30,42
/pl/3.12/,2,1,0,44,100
/pl/3.13/index.html,2,2,0,8,68
/pl/3.13/library/io.html,2,1,0,1,20
/pl/3.13/search.html,2,1,0,5,8
/pl/3.13/tutorial/introduction.html,2,2,100,,
/pl/3.14/library/fractions.html,2,1,0,240,21
/pl/3.14/library/itertools.html,2,1,100,27,12
/pl/3.14/library/tk.html,2,6,0,22,30
/pl/3.14/reference/introduction.html,2,2,100,,
/pl/3.14/tutorial/,2,2,0,45,26
/pl/3.14/tutorial/introduction.html,2,1,0,25,23
/pl/3.14/using/windows.html,2,1,0,44,13
/pl/3.14/whatsnew/3.14.html,2,2,0,137,100
/pl/3.15/genindex.html,2,1,0,26,100
/pl/3.15/library/array.html,2,1,0,1,15
/pl/3.15/library/binary.html,2,2,0,0,52
/pl/3.15/library/bisect.html,2,1,0,0,16
/pl/3.15/library/codecs.html,2,1,0,0,3
/pl/3.15/library/collections.abc.html,2,1,0,1,9
/pl/3.15/library/constants.html,2,1,0,1,37
/pl/3.15/library/datatypes.html,2,1,0,0,26
/pl/3.15/library/exceptions.html,2,1,0,0,4
/pl/3.15/library/functions.html,2,2,0,2,2
/pl/3.15/library/graphlib.html,2,1,0,16,100
/pl/3.15/library/heapq.html,2,1,0,0,10
/pl/3.15/library/index.html,2,2,0,2,10
/pl/3.15/library/pprint.html,2,1,0,0,11
/pl/3.15/library/reprlib.html,2,1,0,0,18
/pl/3.15/library/stringprep.html,2,1,0,1,34
/pl/3.15/library/struct.html,2,1,0,0,7
/pl/3.15/library/textwrap.html,2,1,0,1,14
/pl/3.15/library/types.html,2,1,0,0,8
/pl/3.15/library/zoneinfo.html,2,1,0,2,11
/pl/3.15/reference/compound_stmts.html,2,1,0,0,2
/pl/3.15/reference/grammar.html,2,1,0,1,4
/pl/3.15/reference/import.html,2,1,0,0,5
/pl/3.15/reference/simple_stmts.html,2,3,100,,
/pl/3.15/search.html,2,2,0,11,40
/pl/3.15/tutorial/inputoutput.html,2,2,100,19,80
/pl/3.15/tutorial/introduction.html,2,3,100,0,22
/pl/3.15/using/android.html,2,2,0,1,43
/pl/3.15/whatsnew/3.15.html,2,2,50,,
/pl/3/faq/general.html,2,1,0,16,11
/pl/3/faq/index.html,2,1,0,6,100
/pl/3/faq/installed.html,2,1,0,9,100
/pl/3/faq/windows.html,2,1,0,12,13
/pl/3/genindex-Symbole.html,2,2,0,19,55
/pl/3/library/bz2.html,2,1,0,149,100
/pl/3/library/fractions.html,2,1,0,29,21
