property,value,visitors,events,percentage
url,(none),13175,27619,99.5
url,https://www.python.org/,255,266,1.9
url,https://www.python.org/downloads/,169,180,1.3
url,https://apps.microsoft.com/detail/9NQ7512CXL7T,60,68,0.5
url,https://docs.python.org/zh-cn/3.14/archives/python-3.14-docs-html.zip,25,27,0.2
url,https://wiki.python.org/moin/BeginnersGuide,24,24,0.2
url,https://docs.python.org/3.14/archives/python-3.14-docs-html.zip,20,20,0.2
url,https://pypi.org/,19,21,0.1
url,https://docs.python.org/3.14/archives/python-3.14-docs-text.zip,13,13,0.1
url,https://docs.python.org/zh-cn/3.14/archives/python-3.14-docs.epub,13,13,0.1
url,https://devguide.python.org/documentation/start-documenting/#building-the-documentation,12,20,0.1
url,https://docs.python.org/zh-cn/3.14/archives/python-3.14-docs-text.zip,12,13,0.1
url,https://peps.python.org/pep-0745/,10,10,0.1
url,https://github.com/python/cpython/tree/3.14/Lib/idlelib/,9,9,0.1
url,https://peps.python.org/,9,10,0.1
url,https://docs.python.org/3.14/archives/python-3.14-docs.epub,8,8,0.1
url,https://devguide.python.org/,7,8,0.1
url,https://packaging.python.org/,7,7,0.1
url,https://peps.python.org/pep-0008/,6,7,0.0
url,https://packaging.python.org/en/latest/tutorials/installing-packages/#ensure-pip-setuptools-and-wheel-are-up-to-date,5,5,0.0
url,https://packaging.python.org/installing/#creating-virtual-environments,5,8,0.0
url,https://wiki.python.org/moin/PythonBooks,5,5,0.0
url,https://www.python.org/doc/versions/,5,5,0.0
url,https://www.python.org/downloads/macos/,5,6,0.0
url,https://docs.python.org/zh-cn/3.14/archives/python-3.14-docs-texinfo.zip,4,4,0.0
url,https://github.com/python/cpython/tree/3.14/Lib/tkinter/__init__.py,4,4,0.0
url,https://numpy.org/,4,4,0.0
url,https://packaging.python.org/en/latest/tutorials/packaging-projects/,4,5,0.0
url,https://packaging.python.org/installing/,4,4,0.0
url,https://packaging.python.org/installing/#requirements-for-installing-packages,4,4,0.0
url,https://tiswww.case.edu/php/chet/readline/rltop.html,4,4,0.0
url,https://www.debian.org/doc/manuals/maint-guide/first.en.html,4,4,0.0
url,https://github.com/python/cpython/tree/3.14/Lib/idlelib,3,4,0.0
url,https://peps.python.org/pep-0492/,3,3,0.0
url,https://peps.python.org/pep-0636/,3,3,0.0
url,https://peps.python.org/pep-0779/,3,3,0.0
url,https://dateutil.readthedocs.io/en/stable/,2,2,0.0
url,https://docs.pytest.org/,2,2,0.0
url,https://docs.python.org/fr/3.14/archives/python-3.14-docs-html.zip,2,2,0.0
url,https://docs.python.org/zh-cn/3.14/archives/python-3.14-docs-html.tar.bz2,2,3,0.0
url,https://facebook.github.io/zstd/,2,2,0.0
url,https://github.com/python/cpython/blob/main/Doc/library/functions.rst?plain=1,2,2,0.0
url,https://github.com/python/cpython/blob/main/Doc/tutorial/index.rst?plain=1,2,2,0.0
url,https://github.com/python/cpython/blob/main/Doc/using/windows.rst?plain=1,2,2,0.0
url,https://github.com/python/cpython/issues/132449,2,2,0.0
url,https://github.com/python/cpython/tree/3.14/Lib/smtplib.py,2,2,0.0
url,https://github.com/python/cpython/tree/3.14/Lib/tkinter/simpledialog.py,2,2,0.0
url,https://packaging.python.org/science/,2,2,0.0
url,https://peps.python.org/pep-0563/,2,3,0.0
url,https://peps.python.org/pep-0649/,2,4,0.0
url,https://peps.python.org/pep-0695/,2,2,0.0
url,https://peps.python.org/pep-0703/,2,2,0.0
url,https://peps.python.org/pep-0749/,2,2,0.0
url,https://peps.python.org/pep-0750/,2,2,0.0
url,https://peps.python.org/pep-0758/,2,2,0.0
url,https://rhettinger.wordpress.com/2011/05/26/super-considered-super/,2,2,0.0
url,https://www.tcl.tk/man/tcl8.6/TkCmd/contents.htm,2,3,0.0
url,https://www.tkdocs.com/shipman/,2,2,0.0
url,https://allendowney.com/research/rand/downey07randfloat.pdf,1,1,0.0
url,https://bugs.python.org/issue?@action=redirect&bpo=10544,1,1,0.0
url,https://bugzilla.mozilla.org/page.cgi?id=bug-writing.html,1,1,0.0
url,https://code.activestate.com/recipes/579000-equally-spaced-numbers-linspace/,1,1,0.0
url,https://code.activestate.com/recipes/langs/python/,1,1,0.0
url,https://datatracker.ietf.org/doc/html/rfc3339.html,1,1,0.0
url,https://datatracker.ietf.org/doc/html/rfc3986.html,1,1,0.0
url,https://datatracker.ietf.org/doc/html/rfc9562.html#section-5.7,1,1,0.0
url,https://datatracker.ietf.org/doc/html/rfc9562.html#section-5.9,1,1,0.0
url,https://developer.apple.com/library/archive/documentation/Cocoa/Conceptual/PropertyLists/,1,1,0.0
url,https://devguide.python.org/documentation/help-documenting/,1,1,0.0
url,https://discuss.python.org/c/documentation/26,1,2,0.0
url,https://discuss.python.org/t/37075,1,1,0.0
url,https://docs.python.org/3.14/archives/python-3.14-docs-html.tar.bz2,1,1,0.0
url,https://docs.python.org/3.14/archives/python-3.14-docs-texinfo.tar.bz2,1,1,0.0
url,https://docs.python.org/3.14/archives/python-3.14-docs-texinfo.zip,1,1,0.0
url,https://docs.python.org/3.14/archives/python-3.14-docs-text.tar.bz2,1,1,0.0
url,https://docs.python.org/es/3.14/archives/python-3.14-docs-html.zip,1,1,0.0
url,https://docs.python.org/es/3.14/archives/python-3.14-docs-texinfo.zip,1,1,0.0
url,https://docs.python.org/es/3.14/archives/python-3.14-docs-text.zip,1,1,0.0
url,https://docs.python.org/fr/3.14/archives/python-3.14-docs.epub,1,1,0.0
url,https://docs.python.org/it/3.14/archives/python-3.14-docs-html.zip,1,1,0.0
url,https://docs.python.org/ja/3.14/archives/python-3.14-docs-html.zip,1,1,0.0
url,https://docs.python.org/pt-br/3.14/archives/python-3.14-docs-text.zip,1,1,0.0
url,https://docs.python.org/tr/3.14/archives/python-3.14-docs-html.tar.bz2,1,3,0.0
url,https://emscripten.org/docs/porting/emscripten-runtime-environment.html,1,1,0.0
url,https://en.cppreference.com/w/c/11,1,1,0.0
url,https://en.wikipedia.org/wiki/Fibonacci_sequence,1,1,0.0
url,https://en.wikipedia.org/wiki/Half-precision_floating-point_format,1,1,0.0
url,https://en.wikipedia.org/wiki/Tail_call,1,1,0.0
url,https://en.wikipedia.org/wiki/Transpose,1,1,0.0
url,https://en.wikipedia.org/wiki/Universal_binary,1,1,0.0
url,https://github.com/hacl-star/hacl-star/,1,1,0.0
url,https://github.com/python/cpython/blob/main/Doc/glossary.rst?plain=1,1,1,0.0
url,https://github.com/python/cpython/blob/main/Doc/installing/index.rst?plain=1,1,2,0.0
url,https://github.com/python/cpython/blob/main/Doc/using/mac.rst?plain=1,1,1,0.0
url,https://github.com/python/cpython/issues,1,1,0.0
url,https://github.com/python/cpython/issues/108362,1,2,0.0
url,https://github.com/python/cpython/issues/109466,1,1,0.0
url,https://github.com/python/cpython/issues/120026,1,1,0.0
url,https://github.com/python/cpython/issues/122873,1,1,0.0
url,https://github.com/python/cpython/issues/124111,1,1,0.0
url,https://github.com/python/cpython/issues/126374,1,1,0.0
url,https://github.com/python/cpython/issues/128067,1,1,0.0
url,https://github.com/python/cpython/issues/132828,1,1,0.0
url,https://github.com/python/cpython/issues/132983,1,1,0.0
url,https://github.com/python/cpython/issues/142218,1,1,0.0
url,https://github.com/python/cpython/tree/3.14/Android/testbed,1,2,0.0
url,https://github.com/python/cpython/tree/3.14/Lib/asyncio/base_futures.py,1,1,0.0
url,https://github.com/python/cpython/tree/3.14/Lib/collections/__init__.py,1,1,0.0
url,https://github.com/python/cpython/tree/3.14/Lib/doctest.py,1,1,0.0
url,https://github.com/python/cpython/tree/3.14/Lib/email/message.py,1,1,0.0
url,https://github.com/python/cpython/tree/3.14/Lib/gettext.py,1,1,0.0
url,https://github.com/python/cpython/tree/3.14/Lib/glob.py,1,1,0.0
url,https://github.com/python/cpython/tree/3.14/Lib/hashlib.py,1,1,0.0
url,https://github.com/python/cpython/tree/3.14/Lib/html/__init__.py,1,1,0.0
url,https://github.com/python/cpython/tree/3.14/Lib/ipaddress.py,1,1,0.0
url,https://github.com/python/cpython/tree/3.14/Lib/logging/config.py,1,1,0.0
url,https://github.com/python/cpython/tree/3.14/Lib/multiprocessing/,1,1,0.0
url,https://github.com/python/cpython/tree/3.14/Lib/pathlib/,1,1,0.0
url,https://github.com/python/cpython/tree/3.14/Lib/pdb.py,1,1,0.0
url,https://github.com/python/cpython/tree/3.14/Lib/random.py,1,1,0.0
url,https://github.com/python/cpython/tree/3.14/Lib/shelve.py,1,1,0.0
url,https://github.com/python/cpython/tree/3.14/Lib/shutil.py,1,1,0.0
url,https://github.com/python/cpython/tree/3.14/Lib/tkinter/filedialog.py,1,4,0.0
url,https://github.com/python/cpython/tree/3.14/Lib/turtle.py,1,1,0.0
url,https://github.com/python/cpython/tree/3.14/Mac/README.rst,1,1,0.0
url,https://github.com/python/python-docs-fr/blob/3.14/library/bisect.po?plain=1,1,1,0.0
url,https://github.com/python/python-docs-theme,1,2,0.0
url,https://github.com/python/python-docs-zh-CN/blob/3.14/library/sys.po?plain=1,1,1,0.0
url,https://json.org/,1,2,0.0
url,https://mathworld.wolfram.com/BinomialDistribution.html,1,1,0.0
url,https://mypy.readthedocs.io/en/stable/cheat_sheet_py3.html,1,2,0.0
url,https://nbviewer.org/url/norvig.com/ipython/Economics.ipynb,1,1,0.0
url,https://nbviewer.org/url/norvig.com/ipython/Probability.ipynb,1,1,0.0
url,https://norvig.com/bio.html,1,1,0.0
url,https://numpy.org/doc/stable/user/basics.indexing.html#slicing-and-striding,1,1,0.0
url,https://packaging.python.org/extensions/,1,1,0.0
url,https://packaging.python.org/guides/installing-using-pip-and-virtual-environments/#create-and-use-virtual-environments,1,2,0.0
url,https://packaging.python.org/pt-br/latest/tutorials/installing-packages/#creating-virtual-environments,1,1,0.0
url,https://peps.python.org/pep-0001/,1,1,0.0
url,https://peps.python.org/pep-0238/,1,1,0.0
url,https://peps.python.org/pep-0308/,1,1,0.0
url,https://peps.python.org/pep-0343/,1,1,0.0
url,https://peps.python.org/pep-0405/,1,1,0.0
url,https://peps.python.org/pep-0506/,1,1,0.0
url,https://peps.python.org/pep-0615/,1,1,0.0
url,https://peps.python.org/pep-0632/#migration-advice,1,1,0.0
url,https://peps.python.org/pep-0659/,1,1,0.0
url,https://peps.python.org/pep-0698/,1,1,0.0
url,https://peps.python.org/pep-0734/,1,1,0.0
url,https://peps.python.org/pep-0741/,1,1,0.0
url,https://peps.python.org/pep-0744/,1,1,0.0
url,https://peps.python.org/pep-0765/,1,1,0.0
url,https://peps.python.org/pep-3101/,1,1,0.0
url,https://peps.python.org/pep-3105/,1,1,0.0
url,https://peps.python.org/pep-3107/,1,1,0.0
url,https://peps.python.org/pep-3112/,1,1,0.0
url,https://peps.python.org/pep-3119/,1,1,0.0
url,https://portingguide.readthedocs.io/,1,1,0.0
url,https://pyodide.org/,1,1,0.0
url,https://pypi.org/project/tomlkit/,1,1,0.0
url,https://python-pillow.org/,1,1,0.0
url,https://pythonnet.github.io/,1,1,0.0
url,https://rfc.zeromq.org/spec/32/,1,1,0.0
url,https://scipy.org/,1,1,0.0
url,https://tkdocs.com/,1,2,0.0
url,https://toml.io/en/,1,1,0.0
url,https://unicode.org/reports/tr18/,1,1,0.0
url,https://webassembly.org/,1,1,0.0
url,https://wiki.python.org/moin/GuiProgramming#Cross-Platform_Frameworks,1,1,0.0
url,https://wiki.python.org/moin/IntegratedDevelopmentEnvironments,1,1,0.0
url,https://wiki.python.org/moin/PythonEditors,1,1,0.0
url,https://wiki.tcl-lang.org/37432,1,1,0.0
url,https://www.activestate.com/products/python/,1,1,0.0
url,https://www.anaconda.com/download/,1,1,0.0
url,https://www.jython.org/,1,2,0.0
url,https://www.nuget.org/,1,1,0.0
url,https://www.pypa.io/,1,1,0.0
url,https://www.python.org/psf/,1,1,0.0
url,https://www.tcl.tk/,1,1,0.0
url,https://www.unicode.org/reports/tr44/,1,1,0.0
url,https://www.unicode.org/reports/tr44/tr44-34.html#General_Category_Values,1,1,0.0
url,https://www.unicode.org/versions/latest/#Summary,1,1,0.0
url,https://www.youtube.com/watch?v=Iq9DzN6mvYA,1,1,0.0
url,https://xkcd.com/936/,1,1,0.0
