name,visitors
Singapore,64
Beijing,51
Guangzhou,47
Shanghai,32
Bengaluru,30
Hyderabad,29
Hong Kong,23
Moscow,22
Chengdu,21
Istanbul,20
Xi’an,19
Taipei,18
Shenzhen,17
Wuhan,16
Ho Chi Minh City,15
Nanjing,15
Tokyo,15
Hanoi,14
Hangzhou,14
Pune,13
Mumbai,13
Saint Petersburg,12
Warsaw,12
São Paulo,12
Zhengzhou,11
Toronto,11
New Delhi,10
Chennai,10
Jinan,10
Guiyang,10
Bogotá,10
Los Angeles,10
Ankara,9
Kyiv,9
San Jose,9
N/A,9
Minsk,8
Karachi,8
Taichung,8
Sydney,8
Berlin,8
Milan,8
Medellín,8
Delhi,7
Kathmandu,7
Fuzhou,7
Chongqing,7
Amsterdam,7
Madrid,7
Barcelona,7
Seattle,7
Tel Aviv,6
Nagpur,6
Bangkok,6
Jiaxing,6
Macau,6
Suzhou,6
Vienna,6
Columbus,6
Nairobi,5
İzmir,5
Lviv,5
Belgrade,5
Colombo,5
Chandīgarh,5
Tashkent,5
Wuxi,5
Ningbo,5
Kunming,5
Changsha,5
Kowloon City,5
Ha Kwai Chung,5
Yokohama,5
Melbourne,5
Frankfurt am Main,5
Rome,5
Rio de Janeiro,5
Lima,5
New York City,5
San Francisco,5
Denver,5
Riyadh,4
Dubai,4
Cairo,4
Nizhniy Novgorod,4
Helsinki,4
Rājkot,4
Jaipur,4
Cochin,4
Kolkata,4
Novosibirsk,4
Jakarta,4
Zhongli,4
Kuala Lumpur,4
Zibo,4
Qingdao,4
Nanchang,4
Foshan,4
Seoul,4
Lagos,4
Zagreb,4
Buenos Aires,4
Gustavo Adolfo Madero,4
Barranquilla,4
Katy,4
Chicago,4
Las Vegas,4
Vancouver,4
Kuwait City,3
Mersin,3
Ufa,3
Tula,3
Kazan,3
Baku,3
Yerevan,3
Vantaa,3
Bucharest,3
Ternopil,3
Johannesburg,3
Medan,3
Thiruvananthapuram,3
Lucknow,3
Coimbatore,3
Ahmedabad,3
Agra,3
Yekaterinburg,3
Krasnoyarsk,3
Hsinchu,3
Xiamen,3
Tianjin,3
Taiyuan,3
Hefei,3
Changzhou,3
Tsuen Wan,3
Suwon,3
Douala,3
Lisbon,3
Abidjan,3
Accra,3
Wembley,3
Cardiff,3
Stockholm,3
Hamburg,3
Bonn,3
Dublin,3
Prague,3
Oslo,3
Southwark,3
Cape Town,3
São José dos Campos,3
Campinas,3
Manaus,3
Philadelphia,3
Minneapolis,3
Lyndhurst,3
Queens,3
Daly City,3
East Los Angeles,3
Irvine,3
Portland,3
Montréal,3
Dihok,2
Dar es Salaam,2
Kampala,2
Amman,2
Haifa,2
Eskişehir,2
Antalya,2
Adana,2
Vladimir,2
Iaşi,2
Rivne,2
Khmelnytskyy,2
Bursa,2
Kruševac,2
Lahore,2
Faisalabad,2
Vijayawada,2
Vadodara,2
Ulhasnagar,2
Thrissur,2
Surat,2
Ranchi,2
Patna,2
Kanpur,2
Idukki,2
Gurgaon,2
Dharmapuri,2
Bhubaneshwar,2
Chelyabinsk,2
Haiphong,2
Denpasar,2
Manila,2
Zhuzhou,2
Zhangzhou,2
Tongshan,2
Putian,2
Nanyang,2
Dongguan,2
Dalian,2
Cangzhou,2
Phnom Penh,2
Gangnam-gu,2
Hwaseong-si,2
Shibuya-ku,2
Sano,2
Osaka,2
Kashiwa,2
Perth,2
Auckland,2
Cotonou,2
Valencia,2
Málaga,2
Las Palmas de Gran Canaria,2
Granada,2
Marrakesh,2
Bagsværd,2
Newham,2
London,2
Gloucester,2
Glasgow,2
Gateshead,2
Bromley,2
Zürich,2
Porto,2
Oude Meer,2
Stuttgart,2
Siegburg,2
Munich,2
Falkenstein,2
Bremen,2
Toulouse,2
Paris,2
Montpellier,2
Marseille,2
Bordeaux,2
Budapest,2
Bratislava,2
Dvůr Králové nad Labem,2
Wrocław,2
Móstoles,2
Turin,2
Padova,2
Aachen,2
São Luís,2
Macapá,2
Campina Grande,2
Montevideo,2
Belo Horizonte,2
Araçatuba,2
Toluca,2
Oaxaca,2
Huauchinango,2
Mexico City,2
Guatemala City,2
Cali,2
Santa Fe,2
La Paz,2
Guadalajara,2
Birmingham,2
Washington,2
Winter Garden,2
Laurel,2
Cary,2
Charlotte,2
Tulsa,2
Austin,2
Arlington,2
East Brunswick,2
Sunbury,2
Brentwood,2
Sacramento,2
Littleton,2
Calgary,2
Laval,2
Nelson,2
Richmond Hill,2
Québec,2
Zhongshan,2
Noida,2
Namdong-gu,2
Kokkirapādu,2
Asagayakita,2
Sanaa,1
Baghdad,1
Mosul,1
Basrah,1
Jeddah,1
Tehran,1
Mashhad,1
Bushehr,1
Limassol,1
Ioánnina,1
Athens,1
Jerusalem,1
Doha,1
Sharjah,1
Reẖovot,1
Petaẖ Tiqwa,1
Manisa,1
