name,version,visitors
Chrome,133.0,1388
Microsoft Edge,133.0,981
Chrome,132.0,900
Firefox,135.0,330
Opera,116.0,155
Chrome,131.0,126
Microsoft Edge,132.0,106
Safari,18.3,102
Yandex Browser,25.2,99
Microsoft Edge,131.0,62
Chrome,122.0,51
Firefox,128.0,42
Firefox,134.0,40
Mobile App,(not set),37
Chrome,109.0,33
Opera,117.0,30
Chrome,130.0,27
Safari,18.1,27
Chrome,128.0,23
Chrome,127.0,21
Safari,18.2,21
Smart Lenovo Browser,9.0,21
Safari,17.6,20
Chrome,129.0,19
Chrome,126.0,18
Microsoft Edge,130.0,14
Microsoft Edge,128.0,13
Chrome,121.0,12
Yandex Browser,24.12,12
Microsoft Edge,92.0,12
Opera,114.0,11
Chrome,117.0,10
Microsoft Edge,127.0,10
Mobile App,132.0,10
Safari,18.0,9
Quark,7.8,8
Chrome,119.0,7
Chrome,120.0,7
Chrome,125.0,7
Microsoft Edge,126.0,7
Microsoft Edge,134.0,7
Quark,(not set),6
Chrome,106.0,6
Chrome,108.0,6
Chrome,114.0,6
Safari,17.4,6
Chrome,86.0,6
Chrome,111.0,5
Firefox,115.0,5
Chrome,123.0,5
Firefox,133.0,5
Firefox,136.0,5
Safari,17.5,5
vivo Browser,23.3,5
Microsoft Edge,100.0,4
Microsoft Edge,117.0,4
Firefox,118.0,4
Chrome,124.0,4
Microsoft Edge,125.0,4
Firefox,129.0,4
QQ Browser,13.5,4
Avast Secure Browser,131.0,4
Chrome,135.0,4
Safari,16.6,4
Chrome,97.0,4
Chrome,113.0,3
Opera,115.0,3
Chrome,118.0,3
Microsoft Edge,120.0,3
Microsoft Edge,122.0,3
Microsoft Edge,124.0,3
Microsoft Edge,129.0,3
Mobile App,133.0,3
Safari,16.2,3
Safari,16.3,3
Samsung Browser,27.0,3
Whale Browser,4.29,3
Whale Browser,4.30,3
360 Secure Browser,(not set),2
Firefox,112.0,2
Firefox,117.0,2
Huawei Browser,12.1,2
Microsoft Edge,121.0,2
Firefox,127.0,2
QQ Browser,13.4,2
Firefox,130.0,2
Firefox,132.0,2
Huawei Browser Mobile,15.0,2
Safari,15.6,2
Safari,16.5,2
Safari,17.1,2
Safari,17.10,2
Safari,17.2,2
UC Browser,17.3,2
Microsoft Edge,18.18363,2
Microsoft Edge,18.19041,2
MIUI Browser,19.0,2
Sogou Explorer,2,2
Yandex Browser,24.10,2
QtWebEngine,6.8,2
Quark,7.7,2
Chrome,85.0,2
Chrome,93.0,2
Chrome,95.0,2
Mobile App,97.0,2
Chrome,98.0,2
Safari,(not set),1
(not set),(not set),1
Microsoft Edge,101.0,1
Firefox,102.0,1
Chrome,103.0,1
Microsoft Edge,105.0,1
Chrome,105.0,1
Chrome,107.0,1
Microsoft Edge,109.0,1
Huawei Browser Mobile,11.1,1
QQ Browser,11.9,1
Chrome,110.0,1
Opera,111.0,1
Microsoft Edge,111.0,1
Microsoft Edge,112.0,1
Opera,113.0,1
Microsoft Edge,113.0,1
Microsoft Edge,114.0,1
Firefox,114.0,1
Firefox,115.14,1
Mobile App,116.0,1
Microsoft Edge,116.0,1
Chrome,116.0,1
Mobile App,117.0,1
Microsoft Edge,119.0,1
QQ Browser,12.4,1
Mobile App,120.0,1
Firefox,121.0,1
Microsoft Edge,123.0,1
Mobile App,126.0,1
Firefox,126.0,1
Mobile App,129.0,1
QQ Browser,13.3,1
QQ Browser,13.6,1
MIUI Browser,13.6,1
Firefox,131.0,1
CCleaner,131.0,1
Norton Private Browser,131.0,1
Avast Secure Browser,132.0,1
Chrome,134.0,1
Firefox,135,1
Safari,14.1,1
MIUI Browser,14.28,1
Safari,15.1,1
Microsoft Edge,15.15063,1
Safari,15.2,1
Safari,15.8,1
Huawei Browser Mobile,16.0,1
Microsoft Edge,16.16299,1
Safari,16.4,1
MIUI Browser,17.1,1
Microsoft Edge,17.17134,1
MIUI Browser,17.6,1
Microsoft Edge,18.17763,1
Microsoft Edge,18.18362,1
vivo Browser,23.1,1
Yandex Browser,24.7,1
Samsung Browser,26.0,1
Huawei Browser Mobile,5.1,1
Chrome,63.0,1
Quark,7.6,1
Chrome,71.0,1
Chrome,77.0,1
Firefox,79.0,1
Chrome,84.0,1
Microsoft Edge,86.0,1
Opera,87.0,1
Chrome,87.0,1
Firefox,88.0,1
Firefox,94.0,1
Opera,95.0,1
Chrome,96.0,1
Chrome,99.0,1
