name,version,visitors
Chrome,133.0,1091
Mobile App,(not set),592
Chrome,134.0,402
Safari,18.3,219
Microsoft Edge,134.0,193
Microsoft Edge,133.0,124
Firefox,136.0,113
Chrome,132.0,61
Mobile App,97.0,42
Firefox,135.0,36
Safari,17.6,26
Chrome,131.0,24
Safari,18.1,17
Safari,18.2,15
Firefox,128.0,14
Quark,7.8,11
Huawei Browser Mobile,16.0,10
Safari,16.6,10
Chrome,122.0,9
Microsoft Edge,132.0,9
Safari,16.1,8
Safari,17.5,8
vivo Browser,23.1,8
vivo Browser,23.6,7
Safari,15.6,6
UC Browser,17.4,6
Safari,18.0,6
vivo Browser,23.3,6
vivo Browser,23.5,6
Chrome,109.0,5
Chrome,127.0,5
Chrome,128.0,5
Microsoft Edge,131.0,5
Safari,17.8,5
Safari,17.3,4
MIUI Browser,19.1,4
Chrome,129.0,3
Microsoft Edge,129.0,3
Firefox,137.0,3
Safari,15.4,3
QQ Browser,16.0,3
Safari,17.4,3
Chrome,116.0,2
Chrome,119.0,2
Microsoft Edge,124.0,2
Chrome,126.0,2
Firefox,127.0,2
Microsoft Edge,130.0,2
Iron,131.0,2
Mobile Silk,132.3,2
Huawei Browser Mobile,15.0,2
Safari,15.1,2
Safari,16.0,2
Safari,16.3,2
Safari,16.4,2
Safari,17.1,2
Safari,17.10,2
Safari,17.7,2
vivo Browser,23.4,2
Samsung Browser,27.0,2
Chrome,92.0,2
Safari,(not set),1
vivo Browser,10.1,1
Firefox,103.0,1
Chrome,103.0,1
Chrome,105.0,1
Mobile Silk,108.16,1
Mobile App,111.0,1
Chrome,114.0,1
Firefox,115.0,1
Firefox,118.0,1
Huawei Browser,12.1,1
Chrome,120.0,1
Microsoft Edge,120.0,1
Microsoft Edge,122.0,1
Chrome,123.0,1
Mobile App,127.0,1
Firefox,129.0,1
Samsung Browser,13.0,1
Safari,13.0,1
QQ Browser,13.6,1
Chrome,130.0,1
Mobile Silk,130.6,1
Mobile App,133.0,1
Firefox,133.0,1
Chrome,134,1
Firefox,134.0,1
Huawei Browser Mobile,14.0,1
MIUI Browser,14.7,1
UC Browser,15.1,1
Safari,15.3,1
Safari,15.5,1
Safari,16.2,1
UC Browser,16.3,1
UC Browser,16.4,1
UC Browser,16.6,1
Safari,17.0,1
UC Browser,17.3,1
MIUI Browser,17.4,1
vivo Browser,17.7,1
MIUI Browser,18.2,1
MIUI Browser,18.3,1
Safari,18.4,1
vivo Browser,22.8,1
vivo Browser,23.0,1
Yandex Browser,25.2,1
AdBlock Browser,3.7,1
Mobile App,55.0,1
Rakuten Web Search,6.114,1
Sleipnir,6.5,1
Firefox,68.0,1
Quark,7.1,1
Quark,7.6,1
Firefox,79.0,1
Rakuten Web Search,8.122,1
Chrome,81.0,1
Firefox,81.0,1
Chrome,86.0,1
Opera,87.0,1
Microsoft Edge,92.0,1
Chrome,94.0,1
Chrome,95.0,1
Chrome,96.0,1
Chrome,99.0,1
Mobile App,99.0,1
