name,unique_entrances,total_entrances,visit_duration
/3/,8312,8630,218
/3/library/venv.html,4129,4265,66
/3/library/functions.html,3296,3530,189
/3/library/stdtypes.html,2926,3148,197
/3/tutorial/index.html,2769,2922,214
/3/library/datetime.html,2168,2301,161
/3/tutorial/datastructures.html,2038,2169,182
/3/library/turtle.html,1887,2099,179
/3/library/tkinter.html,1871,1976,122
/3/tutorial/,1795,1889,153
/3/library/re.html,1690,1778,128
/3/library/idle.html,1608,1637,59
/3/library/random.html,1537,1610,114
/3/library/index.html,1526,1631,195
/3/library/csv.html,1442,1525,159
/3/library/math.html,1346,1441,111
/3/library/typing.html,1275,1343,187
/3/library/collections.html,1238,1291,125
/3/tutorial/classes.html,1148,1193,153
/3/tutorial/errors.html,1123,1165,171
/3/tutorial/controlflow.html,1055,1138,181
/3/library/itertools.html,958,1010,146
/3/library/argparse.html,907,970,215
/3/library/sqlite3.html,849,925,140
/3/library/heapq.html,830,871,110
/3/tutorial/inputoutput.html,819,846,118
/3/library/exceptions.html,802,841,157
/3/library/os.html,798,837,191
/3/library/multiprocessing.html,780,849,194
/3/library/logging.html,778,813,156
/3/library/unittest.html,740,766,153
/3/tutorial/venv.html,726,762,95
/3/tutorial/modules.html,725,751,176
/3/howto/sorting.html,693,719,127
/3/library/string.html,692,722,211
/3/library/json.html,669,695,186
/3/using/windows.html,661,676,120
/3/library/time.html,645,672,107
/zh-cn/3/,639,679,208
/3/library/subprocess.html,634,679,228
/3/library/pathlib.html,612,654,232
/3/using/mac.html,609,632,86
/3/library/dataclasses.html,606,637,174
/3/tutorial/introduction.html,602,666,130
/3/library/asyncio.html,574,603,180
/3/library/enum.html,565,591,164
/3/installing/index.html,543,552,79
/3/library/threading.html,526,553,216
/3/library/socket.html,512,542,194
/3/library/asyncio-task.html,510,539,247
/3/library/xml.etree.elementtree.html,495,520,175
/3/reference/datamodel.html,492,518,134
/3/library/os.path.html,479,497,135
/3/search.html,474,542,412
/3/library/pickle.html,449,469,77
/3/tutorial/interpreter.html,449,497,152
/3/howto/regex.html,431,445,134
/3/library/functools.html,416,429,147
/zh-cn/3/tutorial/index.html,399,430,257
/3/library/struct.html,371,403,153
/3/howto/logging.html,370,375,99
/3/py-modindex.html,363,395,169
/ja/3/library/codecs.html,359,369,23
/3/library/sys.html,350,362,193
/3/library/abc.html,344,363,179
/3/library/unittest.mock.html,344,376,160
/3/library/pdb.html,336,338,52
/3/library/concurrent.futures.html,333,347,221
/3/library/hashlib.html,325,350,136
/3/glossary.html,324,332,187
/3/library/,315,330,172
/3/library/queue.html,313,317,183
/3/reference/import.html,306,313,186
/3/library/zipfile.html,304,313,142
/3/library/copy.html,301,308,129
/3/library/http.server.html,301,313,129
/3/using/cmdline.html,292,299,174
/3/library/shutil.html,289,297,168
/3/library/smtplib.html,283,289,129
/3/reference/expressions.html,279,288,94
/3/whatsnew/3.13.html,274,289,122
/3/tutorial/floatingpoint.html,273,284,94
/fr/3/tutorial/,271,278,262
/3/library/operator.html,268,278,159
/3/library/decimal.html,263,274,104
/3/library/io.html,263,280,240
/3/using/android.html,263,265,77
/3/reference/index.html,261,271,358
/3/library/urllib.parse.html,241,248,152
/3/howto/unicode.html,239,246,126
/3/library/bisect.html,239,258,117
/3/reference/lexical_analysis.html,232,246,162
/3/library/base64.html,226,230,100
/3/library/pprint.html,225,229,41
/3/library/__main__.html,221,227,152
/3/library/tk.html,221,233,164
/3/library/configparser.html,219,229,207
/3/library/tempfile.html,218,232,197
/3/library/glob.html,214,218,120
/3/index.html,205,220,237
/3/library/ensurepip.html,199,202,100
/3/license.html,197,197,49
/3/howto/sockets.html,195,201,152
/3/library/timeit.html,187,195,103
/3/library/contextlib.html,185,190,183
/3/library/ctypes.html,177,185,163
/es/3/tutorial/,177,187,202
/3/download.html,170,174,187
/3/library/array.html,162,178,201
/zh-cn/3/library/turtle.html,162,173,150
/3/library/statistics.html,161,166,111
/3/faq/windows.html,160,164,113
/3/library/asyncio-eventloop.html,160,164,361
/3/library/ast.html,158,167,205
/3/reference/compound_stmts.html,155,164,60
/3/library/tkinter.ttk.html,154,164,143
/3/tutorial/appetite.html,153,167,242
/uk/3/reference/compound_stmts.html,152,156,22
/3/library/uuid.html,147,150,63
/3/library/warnings.html,147,149,93
/zh-cn/3/library/index.html,147,163,193
/3/library/urllib.request.html,146,150,151
/3/faq/,141,141,261
/3/library/codecs.html,141,143,108
/3/library/webbrowser.html,141,146,82
/3/library/ipaddress.html,137,147,74
/3/library/profile.html,137,141,86
/3/library/traceback.html,136,137,168
/3/extending/extending.html,134,141,93
/3/howto/argparse.html,132,136,75
/3/using/index.html,131,135,209
/zh-cn/3/library/idle.html,129,132,37
/3/library/email.examples.html,127,136,182
/3/howto/curses.html,126,133,261
/3/reference/simple_stmts.html,126,133,138
/3/library/importlib.html,123,126,173
/3/contents.html,121,125,212
/3/library/dialog.html,114,119,187
/3/library/ssl.html,107,110,160
/3/library/difflib.html,104,116,21
/3/library/tkinter.messagebox.html,102,105,216
/3/using/ios.html,101,104,53
/3/howto/enum.html,100,103,227
/3/library/collections.abc.html,100,104,234
/3/library/secrets.html,95,98,176
/3/howto/functional.html,94,97,105
/3/library/calendar.html,94,95,91
/3/library/urllib.html,94,95,244
/3/library/asyncio-stream.html,93,97,313
/3/library/html.parser.html,93,96,121
/zh-cn/3/tutorial/,92,93,177
/3/library/signal.html,89,94,352
/3/library/fractions.html,87,92,233
/3/library/gc.html,87,90,96
/3/library/logging.handlers.html,87,91,184
/3/c-api/memory.html,86,89,110
/3/howto/descriptor.html,85,98,325
/3/howto/logging-cookbook.html,85,93,203
/ja/3/,85,94,323
/3/library/http.client.html,84,85,215
/3/library/inspect.html,81,82,170
/3.13/tutorial/index.html,80,80,895
/3/whatsnew/3.12.html,80,83,129
/es/3/,78,85,100
/3/using/unix.html,77,78,191
/zh-cn/3/library/functions.html,77,85,202
/3/library/pydoc.html,76,77,156
/3/library/textwrap.html,76,76,39
/3/library/getpass.html,75,76,106
/3/library/constants.html,73,76,211
/3/c-api/index.html,71,71,225
/3/howto/urllib2.html,71,72,123
/pt-br/3/,71,76,135
/3/library/curses.html,66,71,215
/3/library/datatypes.html,66,69,191
/3/extending/embedding.html,65,66,44
/3/library/logging.config.html,65,69,216
/zh-cn/3/library/math.html,64,84,74
/3/library/asyncio-sync.html,63,71,224
/3/library/tomllib.html,63,70,129
/es/3/tutorial/index.html,63,70,138
/3/library/asyncio-future.html,62,65,271
/3/genindex-Symbols.html,61,63,32
/3/whatsnew/3.8.html,61,63,124
/3/library/asyncio-queue.html,60,70,279
/3/library/doctest.html,60,63,90
/3/library/ftplib.html,59,60,142
/3/library/wave.html,59,61,78
/3/library/zlib.html,59,59,137
/ja/3/tutorial/,59,67,440
/3/library/tarfile.html,58,61,393
/3/library/http.html,56,58,57
/3/library/types.html,55,55,266
/ja/3/library/functions.html,55,58,200
/3/library/multiprocessing.shared_memory.html,54,59,168
/3/library/fnmatch.html,53,58,146
/3/faq/programming.html,52,53,138
/3/library/filesys.html,52,53,159
/3/whatsnew/index.html,52,53,182
/zh-cn/3/reference/index.html,52,63,384
/3/library/socketserver.html,51,53,179
/3/library/tokenize.html,51,51,90
/3/library/dis.html,50,53,131
/3/whatsnew/3.10.html,49,49,169
/3/library/contextvars.html,48,49,107
/3/library/distutils.html,48,52,43
/3/howto/annotations.html,46,47,88
/3/library/cmd.html,46,47,196
/3/library/imaplib.html,46,54,95
/3/tutorial/stdlib.html,46,48,116
/3/library/binascii.html,45,45,95
/3/library/gzip.html,45,49,67
/3/library/zoneinfo.html,45,47,197
/es/3/library/stdtypes.html,45,47,218
/uk/3/tutorial/errors.html,45,47,14
/3/library/cmath.html,44,46,63
/3/library/tracemalloc.html,44,48,140
/3/library/mmap.html,43,46,113
/3/library/py_compile.html,43,44,47
/3/library/zipimport.html,43,44,26
/3/library/cgi.html,42,43,44
/3/reference/grammar.html,42,55,116
/ko/3/tutorial/index.html,42,42,127
/3/installing/,41,42,184
/3/whatsnew/3.11.html,41,43,485
/3/library/sched.html,40,42,91
/ja/3/tutorial/index.html,40,42,196
/3/library/atexit.html,39,40,235
/3/library/winsound.html,39,41,74
/3.13/using/windows.html,38,39,905
/3/faq/general.html,38,39,64
/ja/3/library/tkinter.html,38,38,40
/zh-cn/3/tutorial/controlflow.html,38,41,35
/3/library/locale.html,37,38,145
/3/library/sys_path_init.html,37,37,200
/3/library/weakref.html,37,39,77
/ja/3/library/index.html,37,40,213
/ja/3/library/stdtypes.html,37,40,104
/3/library/asyncio-dev.html,36,39,422
/3/library/email.html,36,36,326
/3/library/shelve.html,36,38,93
/zh-tw/3/tutorial/index.html,36,36,77
/3/library/filecmp.html,35,36,98
/3/library/select.html,35,35,587
/3/reference/executionmodel.html,35,38,62
/3/c-api/buffer.html,34,36,191
/3/library/telnetlib.html,34,34,114
/pl/3/tutorial/datastructures.html,34,37,82
/pt-br/3/tutorial/index.html,34,37,137
/zh-cn/3/using/index.html,34,34,62
/zh-cn/3/using/windows.html,34,34,9
/3/library/asyncio-subprocess.html,33,34,401
/3/library/fcntl.html,33,34,86
/3/library/html.html,33,33,53
/3/library/unittest.mock-examples.html,33,33,328
/pl/3/tutorial/index.html,33,36,205
/zh-cn/3/library/stdtypes.html,33,35,179
/3/library/trace.html,32,32,59
/3/whatsnew/changelog.html,32,33,110
/3/library/colorsys.html,31,31,121
/3/library/hmac.html,31,31,112
/3/library/xmlrpc.html,31,31,54
/ja/3/tutorial/datastructures.html,31,31,326
/3/library/__future__.html,30,31,133
/3/library/mimetypes.html,30,31,141
/3/library/platform.html,30,32,22
/3/library/shlex.html,30,31,222
/3/library/stat.html,30,31,642
/3/library/winreg.html,30,32,312
/3/library/xml.html,30,30,725
/fr/3/library/csv.html,30,33,128
/zh-tw/3/faq/windows.html,30,31,97
/3/library/intro.html,29,32,384
/3/library/lzma.html,29,29,80
/3/library/unicodedata.html,29,32,277
/3/library/xmlrpc.client.html,29,29,86
/3/reference/introduction.html,29,31,101
/zh-cn/3/index.html,29,32,243
/3/c-api/init.html,28,30,702
/3/library/tkinter.font.html,28,29,73
/3/reference/,28,29,261
/3/using/configure.html,28,29,287
/zh-cn/3/library/venv.html,28,30,0
/zh-cn/3/tutorial/introduction.html,28,30,44
/3/library/keyword.html,27,27,19
/3/library/numbers.html,27,27,235
/3/library/site.html,27,29,196
/es/3/tutorial/introduction.html,27,33,152
/3/library/builtins.html,26,26,85
/zh-cn/3/library/re.html,26,29,3
/zh-cn/3/library/tk.html,26,29,47
/3/library/email.parser.html,25,27,179
/es/3/library/index.html,25,25,555
/fr/3/tutorial/inputoutput.html,25,27,78
/3.13/whatsnew/3.13.html,24,24,646
/3/library/gettext.html,24,24,63
/3/library/importlib.metadata.html,24,25,345
/3/tutorial/stdlib2.html,24,28,936
/ja/3/library/venv.html,24,24,14
/pt-br/3/library/stdtypes.html,24,26,132
