name,unique_entrances,total_entrances,visit_duration
/downloads/,223516,232681,113
/,170484,177761,139
/downloads/windows/,44253,45378,103
/downloads/release/python-3137/,36275,36886,116
/about/gettingstarted/,6570,6670,76
/downloads/macos/,6320,6405,79
/search/,3978,4011,146
/downloads/release/python-3120/,3573,3634,118
/downloads/release/python-3100/,3545,3618,111
/downloads/release/python-3110/,3499,3580,103
/doc/,3326,3377,101
/downloads/release/python-3119/,2265,2331,71
/downloads/release/python-3135/,2091,2132,102
/psf-landing/,1690,1698,144
/downloads/source/,1685,1713,124
/downloads/release/python-3130/,1616,1641,93
/downloads/release/python-3106/,1608,1671,100
/getit/,1546,1570,150
/downloads/release/python-390/,1512,1544,123
/downloads/release/python-31113/,1490,1505,181
/downloads/release/python-31011/,1427,1472,85
/about/,1364,1379,137
/shell/,1256,1281,92
/downloads/release/python-380/,1119,1133,146
/downloads/release/python-31210/,954,977,101
/downloads/release/pymanager-250b14/,882,893,139
/downloads/release/python-31211/,863,873,143
/jobs/,852,863,114
/community/,771,775,133
/downloads/release/python-31018/,732,738,170
/downloads/release/python-3810/,719,738,106
/downloads/release/python-3136/,716,739,85
/downloads/release/python-370/,710,731,172
/download/other/,703,713,121
/about/apps/,685,694,123
/downloads/android/,685,698,120
/downloads/release/python-3133/,649,666,96
/downloads/release/python-2718/,647,658,88
/doc/versions/,559,569,65
/download/releases/,559,562,150
/downloads/release/python-3123/,542,549,129
/downloads/release/python-3124/,535,546,122
/downloads/release/python-3913/,517,529,115
/download/pre-releases/,457,458,151
/downloads/release/python-3128/,446,464,103
/download/releases/2.7/,393,399,140
/downloads/release/python-3132/,361,373,133
/download,352,353,153
/downloads/release/python-3923/,351,357,202
/downloads/release/python-31012/,343,352,213
/downloads/release/python-3126/,331,338,130
/community/logos/,329,334,45
/downloads/release/python-3820/,320,323,205
/blogs/,307,308,97
/downloads/release/python-3127/,307,310,89
/downloads/release/python-3114/,302,309,97
/downloads/release/python-3109/,293,299,81
/downloads/release/python-3125/,292,308,108
/downloads/release/python-3129/,290,296,97
/doc/essays/blurb/,283,285,70
/downloads/release/python-360/,276,278,121
/downloads/release/python-31010/,266,274,194
/downloads/release/python-3118/,237,242,109
/downloads/release/python-3115/,228,231,122
/downloads/release/python-31112/,226,228,169
/downloads/release/python-3116/,225,232,68
/downloads/release/python-379/,224,228,135
/download/releases/3.0/,222,223,97
/downloads/release/python-31013/,221,224,158
/downloads/release/python-31014/,197,200,228
/downloads/release/python-377/,195,196,263
/downloads/release/python-31111/,190,190,162
/downloads/release/python-3131/,189,193,100
/downloads/release/python-3140rc2/,189,191,83
/downloads/release/python-31017/,165,167,176
/downloads/release/python-368/,160,162,70
/downloads/release/python-396/,160,165,84
/downloads/release/python-3111/,159,160,99
/events/,154,158,88
/downloads/release/python-3113/,153,157,105
/downloads/release/python-3122/,153,158,133
/about/help/,149,154,168
/downloads/release/python-3117/,149,149,94
/downloads/release/python-374/,148,151,167
/success-stories/,145,146,138
/downloads/release/python-3105/,144,149,188
/getit/windows/,138,139,132
/downloads/release/python-385/,136,140,179
/downloads/release/python-3134/,135,143,113
/downloads/release/python-386/,133,135,149
/downloads/release/python-372/,130,131,122
/downloads/release/python-3717/,129,131,248
/downloads/release/python-31110/,128,131,206
/downloads/release/python-3121/,128,132,77
/downloads/release/python-3922/,122,122,163
/downloads/release/python-3108/,116,121,95
/downloads/release/python-3918/,113,117,185
/downloads/release/python-352/,104,107,217
/downloads/release/,103,105,178
/nominations/elections/2025-python-software-foundation-board/nominees/,98,101,126
/downloads/release/python-397/,97,104,94
/accounts/login/,96,96,91
/downloads/release/python-2716/,93,98,74
/downloads/release/python-395/,91,92,120
/downloads/release/python-3912/,90,95,172
/downloads/release/python-3104/,87,87,231
/psf/donations/,86,87,85
/downloads/release/python-3112/,85,86,187
/downloads/release/python-392/,83,84,61
/download/alternatives/,82,82,142
/downloads/release/python-272/,81,82,79
/downloads/release/python-376/,80,82,129
/download/mac/tcltk/,79,82,90
/downloads/release/python-31016/,79,79,193
/downloads/release/python-399/,79,80,76
/doc/av/,78,78,121
/success-stories/category/education/,78,78,109
/downloads/release/python-3921/,76,80,156
/downloads/release/python-31015/,74,75,217
/psf/membership/,72,73,133
/downloads/release/python-381/,71,71,128
/downloads/release/python-382/,71,73,218
/download/releases/3.1/,69,70,155
/downloads/release/python-3102/,68,68,160
/downloads/release/python-3107/,68,70,71
/downloads/release/python-383/,68,69,174
/downloads/release/python-350/,67,67,196
/downloads/release/python-340/,66,66,236
/downloads/release/python-388/,64,66,177
/community/forums/,63,64,106
/about/quotes/,62,63,268
/downloads/release/python-3911/,62,63,85
//downloads/,61,61,133
/downloads/release/python-311/,61,61,156
/downloads/release/python-387/,61,62,148
/downloads/release/python-3920/,61,64,256
/downloads/release/python-373/,59,59,190
/downloads/release/python-389/,59,61,167
/downloads/release/python-391/,59,59,63
/downloads/release/python-3910/,59,63,136
/events/python-user-group/1834/,59,59,18
/dev/,58,58,66
/downloads/release/python-3919/,58,58,128
/success-stories/category/engineering/,57,58,182
/downloads/release/python-3819/,54,55,350
/events/python-events/,54,54,152
/psf/sponsors/,54,54,56
/downloads/release/python-2715/,53,55,162
/success-stories/category/business/,53,53,111
/doc/sunset-python-2/,52,52,98
/downloads/release/python-3101/,51,54,173
/downloads/release/python-3818/,49,49,238
/community/sigs/current/mobile-sig/,48,48,70
/download/releases/2.5/msi/,48,48,58
/downloads/release/python-378/,48,53,168
/downloads/release/python-365/,47,47,196
/community/workshops/,46,46,188
/success-stories/category/arts/,46,46,88
/downloads/release/python-3615/,45,45,97
/doc/essays/graphs/,43,43,4
/downloads/release/python-2713/,40,41,54
/downloads/release/python-371/,40,40,70
/downloads/release/python-311x/,39,39,214
/jobs/7963/,39,40,114
/downloads/release/python-3916/,38,39,335
/downloads.,37,37,70
/downloads/release/python-2714/,37,38,126
/accounts/signup/,36,36,180
/doc/essays/,35,38,43
/downloads/release/python-3917/,35,35,166
/downloads/release/python-353/,34,34,141
/download/releases/2.0/,33,33,218
/downloads/release/pymanager-250b13/,33,35,48
/downloads/release/python-2717/,33,34,90
/downloads/release/python-361/,33,34,151
/downloads/release/python-362/,33,34,237
/downloads/release/python-270/,32,32,155
/downloads/release/python-273/,32,32,69
/downloads/release/python-2710/,31,36,64
/downloads/release/python-375/,31,31,123
/downloads/release/python-3813/,31,31,156
/downloads/release/python-2712/,30,30,207
/success-stories/category/software-development/,30,30,205
/about/success/,29,29,154
/downloads/release/python-312/,29,29,142
/downloads/release/python-330/,29,29,191
/downloads/release/python-351/,29,29,460
/downloads/release/python-3715/,29,29,298
/events/python-user-group/2030/,29,30,127
/community/diversity/,28,28,73
/doc/essays/comparisons/,28,32,34
/downloads/release/python-344/,28,29,325
/downloads/release/python-3510/,28,29,32
/psf/about/,28,29,115
/downloads/release/python-364/,27,27,294
/downloads/release/python-3815/,27,28,138
/downloads/。,27,27,179
/community/irc/,26,26,203
/community/lists/,26,26,147
/download/releases/2.3/mro/,26,27,6
/downloads/release/python-3140a4/,26,26,109
/downloads/release/python-363/,26,26,180
/downloads/release/python-3710/,26,26,97
/downloads/release/python-3817/,26,26,60
/),25,25,290
/downloads/release/python-279/,25,25,283
/downloads/release/python-3816/,25,25,180
/doc/humor/,24,24,59
/download/releases/3.2/,24,24,176
/downloads/release/python-3713/,24,24,171
/downloads/release/python-3716/,24,24,86
/downloads/release/python-398/,24,25,183
/dev/security/,23,23,112
/downloads/release/python-278/,23,23,30
/downloads/release/python-369/,23,23,282
/downloads/release/python-3140rc1/,22,22,16
/downloads/release/python-3410/,22,23,186
/downloads/release/python-394/,22,22,170
/psf/trademarks/,22,22,106
/downloads/release/python-2711/,21,21,92
/downloads/release/python-275/,21,21,161
/downloads/release/python-3712/,21,21,224
/downloads/release/python-3811/,21,21,125
/psf/grants/,21,21,101
/downloads/release/python-254/,20,22,524
/downloads/release/python-3103/,20,20,176
/downloads/release/python-366/,20,21,325
/download/releases/2.4/msi/,19,19,116
/downloads/),19,19,111
/downloads/release/python-277/,19,20,151
/downloads/release/python-3140b3/,19,19,14
/downloads/release/python-384/,19,20,208
/jobs/7962/,19,19,198
/downloads/release/python-343/,18,18,170
/downloads/release/python-3610/,18,18,164
/downloads/release/python-3814/,18,18,208
/downloads/release/pymanager-250b9/,17,17,15
/downloads/release/python-310/,17,17,203
/downloads/release/python-313/,17,17,243
/events/python-events/1994/,17,17,36
/dev/buildbot/,16,17,65
/dev/core-mentorship/,16,17,38
/download/releases/2.1.3/notes/,16,16,16
/downloads/release/python-31114/,16,16,158
/nominations/elections/,16,16,260
/success-stories/category/scientific/,16,16,128
/doc/essays/cp4e/,15,15,7
/download/releases/2.6/,15,17,111
/downloads/-----------------------------------------------------------------------------------------/,15,15,174
/downloads/metadata/sigstore/,15,17,51
/downloads/release/pymanager-250b12/,15,16,163
/downloads/release/python-276/,15,15,7
/downloads/release/python-38/,15,15,174
/downloads/windows/index.html,15,15,183
/events/python-events/1507/,15,16,2
/psf/sponsorship/,15,15,168
/psf/volunteer/,15,15,32
/success-stories/category/government/,15,15,321
/dowloads,14,14,334
/dowloads/,14,14,40
/downloads/release/python-201/,14,14,82
/downloads/release/python-363rc1/,14,14,143
/downloads/release/python-3915/,14,14,90
/events/python-user-group/,14,14,146
/jobs/7952/,14,14,164
/jobs/location/telecommute/,14,15,94
/nominations/elections/2025-python-software-foundation-board/nominees/franz-kiraly/,14,14,109
/ downloads/windows/,13,13,253
/accounts/confirm-email/,13,13,71
/doc/essays/styleguide/,13,13,28
/downlaod/macos/,13,13,4
/downloads/release/python-3.13.7,13,13,11
/jobs/type/back-end/,13,13,8
/psf/membership-faq/,13,13,365
/psf/newsletter/,13,13,34
/download/releases/2.0/license/,12,12,5
/downloads/release/python-266/,12,12,387
/downloads/release/python-31212/,12,12,224
/downloads/release/python-3711/,12,13,365
/events/python-events/2072/,12,13,88
/events/python-events/past/,12,12,53
/ftp,12,12,332
/jobs/7951/,12,12,67
/.com,11,11,568
/community/awards/psf-awards/,11,11,157
/do,11,11,96
/doc/copyright/,11,11,371
/doc/essays/list2str/,11,11,65
/downloa,11,11,576
/download/releases/3.4.0/license/,11,12,21
/downloads/release/python-3714/,11,11,190
/jobs/7946/,11,11,152
/jobs/category/developer-engineer/,11,12,103
/psf/fellows/,11,11,54
/success-stories/python-on-arm-2025-update/,11,11,86
/success-stories/python-seo-link-analyzer/,11,11,0
/）。,11,11,145
"/""",10,10,145
/about/success/cog/,10,10,0
/community/microbit/,10,10,14
