name,version,visitors
Windows,10,438679
Mac,10.15,45209
Android,10,26973
GNU/Linux,(not set),7174
iOS,18.6,6965
Chrome OS,14541.0,4362
Windows,7,3364
iOS,18.5,1847
Ubuntu,(not set),1785
Android,15,1393
Android,13,691
Android,12,666
Android,14,650
Android,11,431
iOS,18.3,431
Windows,8.1,343
HarmonyOS,(not set),249
iOS,17.6,248
iOS,18.1,239
iOS,16.7,237
iOS,18.4,184
iOS,15.8,174
iOS,17.5,147
Android,9,133
iOS,18.0,121
Chrome OS,14816.131,115
Android,8.1,110
iOS,18.2,105
(not set),(not set),85
iOS,26.0,85
iOS,17.4,75
Mac,10.13,72
Windows,8,63
iOS,19.0,59
Android,6.0,56
iOS,16.1,55
iOS,17.7,53
Windows,Server 2003,53
iOS,17.3,52
Mac,10.12,49
Android,16,47
iOS,16.6,46
Android,8.0,45
iPadOS,17.7,44
Mac,10.14,43
Windows,XP,41
iPadOS,17.6,30
Mac,10.11,28
iOS,17.0,26
iOS,17.1,26
Android,5.1,25
iOS,16.0,24
iOS,16.2,24
Android,7.1,23
iOS,16.4,20
iPadOS,16.7,19
iOS,17.2,19
HarmonyOS,3.0,19
Android,7.0,18
iOS,16.5,17
iOS,12.5,15
iOS,15.7,15
Mac,10.10,13
Chrome OS,14092.77,13
Windows,NT,13
iOS,15.5,12
iPadOS,16.3,12
Fire OS,8,12
Windows,(not set),11
UOS,(not set),10
iOS,14.0,10
iPadOS,15.8,10
iOS,16.3,10
iPadOS,17.5,10
Mac,(not set),9
iOS,15.6,8
Chrome OS,12239.92,7
iPadOS,16.6,7
Windows,Vista,7
Android,(not set),6
Chrome OS,13904.97,6
iOS,15.4,6
Mac,10.9,5
iPadOS,15.7,5
iPadOS,16.1,5
iPadOS,16.5,5
Android,4.4,5
Fire OS,7,5
iOS,10.3,4
Mac,10.6,4
Mac,10.7,4
iOS,11.0,4
iPadOS,15.6,4
HarmonyOS,2.2,4
Tizen,4.0,4
Android,5.0,4
Raspberry Pi OS,(not set),3
Mac,10.8,3
iOS,14.3,3
iOS,14.4,3
iPadOS,14.8,3
Chrome OS,14469.41,3
Chrome OS,14989.107,3
iPadOS,15.5,3
iPadOS,17.4,3
Android,9.0,3
Chrome OS,(not set),2
Windows Mobile,10,2
Mac,10.16,2
Chrome OS,10323.67,2
Mac,11.0,2
Android,11.1,2
Chrome OS,12105.100,2
Mac,13.2,2
Chrome OS,13982.82,2
Mac,14.2,2
iOS,14.8,2
Chrome OS,14150.87,2
Chrome OS,14588.123,2
Chrome OS,14695.107,2
iOS,15.1,2
Mac,15.5,2
Ubuntu,16.04,2
iPadOS,16.2,2
Chrome OS,16295.74,2
iPadOS,17.0,2
iPadOS,17.1,2
iPadOS,17.2,2
iPadOS,17.3,2
Android,4.1,2
PlayStation,4.12,2
iOS,7.0,2
Android TV,9,2
Windows,10.0,1
Android TV,12,1
iOS,12.4,1
Chrome OS,12871.91,1
Mac,13.1,1
Mac,13.3,1
Chrome OS,13099.110,1
Chrome OS,13597.84,1
Mac,14.0,1
iPadOS,14.2,1
Mac,14.3,1
iPadOS,14.4,1
Mac,14.5,1
iOS,14.6,1
iPadOS,15.0,1
Android,15.0,1
iOS,15.3,1
iPadOS,15.3,1
Chrome OS,15117.86,1
iPadOS,16.4,1
Android,4.2,1
Android TV,4.4,1
Tizen,5.0,1
iOS,5.1,1
Fire OS,6,1
iOS,6.0,1
Tizen,8.0,1
Symbian^3,Anna,1
