name,visitors
Guangdong,289
Beijing,157
Shanghai,149
Zhejiang,149
Jiangsu,130
Tokyo,117
California,110
Shandong,93
Henan,76
Sichuan,74
Hubei,56
Shaanxi,44
Hebei,40
Fujian,39
England,36
Taipei,35
Anhui,33
Hunan,23
Jiangxi,23
Chongqing,22
Washington,21
Tianjin,20
Kowloon City Kowloon,14
Ontario,13
Liaoning,13
Kwai Tsing New Territories,13
New South Wales,12
Guangxi,12
Yunnan,12
Île-de-France,12
New Taipei,11
New Jersey,10
Kuala Lumpur,9
Taoyuan,9
Oregon,9
North Holland,8
Taichung,8
Karnataka,7
Aichi,7
Osaka,7
Victoria,6
Central and Western Hong Kong Island,6
Hsinchu,6
Illinois,6
Ho Chi Minh City,6
Alberta,5
Guizhou,5
Shanxi,5
Seoul,5
New York,5
Gansu,4
Hesse,4
Eastern Hong Kong Island,4
Chiba,4
Auckland,4
Moscow,4
Hsinchu County,4
Arizona,4
Florida,4
Indiana,4
Massachusetts,4
Nevada,4
Utah,4
British Columbia,3
Baden-Württemberg,3
Lower Saxony,3
Catalonia,3
Provence-Alpes-Côte-d'Azur,3
Yau Tsim Mong Kowloon,3
Tsuen Wan New Territories,3
Saitama,3
Kanagawa,3
Metro Manila,3
Kaohsiung,3
Georgia,3
North Carolina,3
Pennsylvania,3
Flanders,2
Bahia,2
São Paulo,2
Quebec,2
Hainan,2
Ningxia,2
Xinjiang,2
Bavaria,2
Capital Region,2
Scotland,2
Wan Chai Hong Kong Island,2
Veneto,2
Hokkaido,2
Ibaraki,2
Gunma,2
Selangor,2
Irkutsk,2
Changhua,2
Tainan,2
Virginia,2
Đồng Nai,2
Hanoi,2
Dubai,1
San Luis,1
Vienna,1
South Australia,1
Tasmania,1
Rio de Janeiro,1
Manitoba,1
Zürich,1
Jilin,1
Carchi,1
Harjumaa,1
Pirkanmaa,1
Uusimaa,1
Auvergne-Rhône-Alpes,1
Hauts-de-France,1
Kwun Tong Kowloon,1
Sham Shui Po Kowloon,1
North New Territories,1
Sha Tin New Territories,1
Tai Po New Territories,1
Jakarta,1
South Sulawesi,1
Leinster,1
Maharashtra,1
Uttar Pradesh,1
Lazio,1
Kyoto,1
Hyogo,1
Fukuoka,1
Saga,1
Incheon,1
South Gyeongsang,1
Riga,1
Ciudad de Mexico,1
Penang,1
Sarawak,1
Utrecht,1
South Holland,1
Port Moresby,1
Beograd,1
Vladimir,1
Riyadh,1
Stockholm,1
Chiayi,1
Connecticut,1
Iowa,1
Minnesota,1
New Mexico,1
Tennessee,1
Texas,1
Tây Ninh,1
