name,visitors
São Paulo,374
Rio de Janeiro,102
Minas Gerais,88
Federal District,63
Guangdong,63
Ceará,60
Rio Grande do Sul,56
Paraná,51
Bahia,48
Hebei,47
Shanghai,47
Jiangsu,46
Santa Catarina,44
Goiás,43
Pernambuco,42
Zhejiang,27
Rio Grande do Norte,23
Sergipe,22
Pará,21
Luanda,20
Lisbon,17
Amazonas,16
Maranhão,14
Paraíba,14
Espírito Santo,13
Piauí,12
Porto,12
Mato Grosso do Sul,10
Alagoas,9
Liaoning,9
Beijing,8
Maputo,6
Fujian,5
Ho Chi Minh City,5
Amapá,4
Rondônia,4
Anhui,3
Sichuan,3
Hesse,3
Maharashtra,3
Gyeonggi,3
Mato Grosso,2
Roraima,2
Ontario,2
England,2
Braga,2
Castelo Branco,2
Setúbal,2
Colorado,2
Iowa,2
Washington,2
Hanoi,2
Haiphong,2
Vienna,1
Acre,1
Tocantins,1
North Rhine-Westphalia,1
Tamil Nadu,1
Aveiro,1
Coimbra,1
Faro,1
Viana do Castelo,1
Makkah,1
Thanh Hóa,1
Quảng Ngãi,1
