property,value,visitors,events,percentage
url,(none),183319,303096,99.9
url,https://www.python.org/,1243,1388,0.7
url,https://github.com/python/cpython/tree/3.13/Lib/idlelib/,244,277,0.1
url,https://tkdocs.com/,171,176,0.1
url,https://github.com/python/cpython/tree/3.13/Lib/tkinter/__init__.py,103,114,0.1
url,https://wiki.python.org/moin/BeginnersGuide,100,105,0.1
url,https://mypy.readthedocs.io/en/stable/cheat_sheet_py3.html,84,84,0.0
url,https://www.tkdocs.com/shipman/,84,89,0.0
url,https://pypi.org/,83,89,0.0
url,https://www.python.org/downloads/,82,83,0.0
url,https://www.tcl.tk/man/tcl8.6/TkCmd/contents.htm,65,71,0.0
url,https://packaging.python.org/guides/installing-using-pip-and-virtual-environments/#create-and-use-virtual-environments,58,58,0.0
url,https://www.python.org/downloads/macos/,52,52,0.0
url,https://www.python.org/doc/versions/,44,46,0.0
url,https://github.com/python/cpython/tree/3.13/Lib/turtle.py,39,42,0.0
url,https://packaging.python.org/en/latest/tutorials/packaging-projects/,37,43,0.0
url,https://peps.python.org/,37,38,0.0
url,https://github.com/python/cpython/tree/3.13/Lib/random.py,35,36,0.0
url,https://github.com/python/cpython/tree/3.13/Lib/venv/,33,33,0.0
url,https://github.com/python/cpython/tree/3.13/Lib/datetime.py,32,32,0.0
url,https://peps.python.org/pep-0397/,28,28,0.0
url,https://www.python.org/psf/donations/,28,29,0.0
url,https://packaging.python.org/en/latest/tutorials/installing-packages/#ensure-pip-setuptools-and-wheel-are-up-to-date,27,30,0.0
url,https://peps.python.org/pep-0703/,26,27,0.0
url,https://devguide.python.org/,25,25,0.0
url,https://en.wikipedia.org/wiki/Turtle_(robot),25,26,0.0
url,https://github.com/python/cpython/tree/3.13/Lib/sqlite3/,25,26,0.0
url,https://pypi.org/project/telnetlib3/,25,25,0.0
url,https://www.sqlite.org/,24,25,0.0
url,https://github.com/python/cpython/tree/3.13/Lib/idlelib,23,24,0.0
url,https://peps.python.org/pep-0719/,23,24,0.0
url,https://wiki.python.org/moin/PythonBooks,21,21,0.0
url,https://www.debian.org/doc/manuals/maint-guide/first.en.html,21,22,0.0
url,https://www.packtpub.com/en-us/product/python-gui-programming-with-tkinter-9781788835886,21,21,0.0
url,https://www.tcl.tk/,21,21,0.0
url,https://peps.python.org/pep-0594/,19,19,0.0
url,https://briefcase.readthedocs.io/,17,18,0.0
url,https://dateutil.readthedocs.io/en/stable/,17,19,0.0
url,https://devguide.python.org/documentation/help-documenting/,17,17,0.0
url,https://github.com/python/cpython/tree/3.13/Lib/os.py,17,17,0.0
url,https://github.com/python/cpython/tree/3.13/Lib/threading.py,17,18,0.0
url,https://packaging.python.org/,17,17,0.0
url,https://manpages.debian.org/recv(2),16,19,0.0
url,https://requests.readthedocs.io/en/master/,16,17,0.0
url,https://termux.dev/en/,16,17,0.0
url,https://www.unicode.org/versions/Unicode15.1.0/ch03.pdf,16,17,0.0
url,https://github.com/python/cpython/tree/3.13/Lib/pathlib/,15,17,0.0
url,https://github.com/python/cpython/tree/3.13/Lib/re/,15,15,0.0
url,https://github.com/python/cpython/tree/3.13/Lib/socket.py,15,15,0.0
url,https://peps.python.org/pep-0008/,15,15,0.0
url,https://peps.python.org/pep-0636/,15,15,0.0
url,https://github.com/python/cpython/tree/3.13/Lib/heapq.py,14,14,0.0
url,https://github.com/python/cpython/tree/3.13/Lib/string.py,14,14,0.0
url,https://packaging.python.org/installing/,14,15,0.0
url,https://packaging.python.org/installing/#creating-virtual-environments,14,14,0.0
url,https://packaging.python.org/science/,14,16,0.0
url,https://peps.python.org/pep-0557/,14,14,0.0
url,https://pypi.org/project/DateType/,14,14,0.0
url,https://pypi.org/project/regex/,14,14,0.0
url,https://en.wikipedia.org/wiki/Cursor_(databases),13,13,0.0
url,https://github.com/python/cpython/tree/3.13/Lib/queue.py,13,13,0.0
url,https://peps.python.org/pep-0632/#migration-advice,13,14,0.0
url,https://pypi.org/project/pip/,13,13,0.0
url,https://setuptools.readthedocs.io/en/latest/setuptools.html,13,14,0.0
url,https://github.com/python/cpython/tree/3.13/Lib/csv.py,12,13,0.0
url,https://github.com/python/cpython/tree/3.13/Lib/json/__init__.py,12,12,0.0
url,https://peps.python.org/pep-0484/,12,13,0.0
url,https://peps.python.org/pep-0492/,12,13,0.0
url,https://peps.python.org/pep-3119/,12,12,0.0
url,https://wiki.python.org/moin/GuiProgramming,12,12,0.0
url,https://github.com/python/cpython/tree/3.13/Lib/copy.py,11,12,0.0
url,https://github.com/python/cpython/tree/3.13/Lib/logging/__init__.py,11,11,0.0
url,https://github.com/python/cpython/tree/3.13/Lib/logging/handlers.py,11,11,0.0
url,https://github.com/python/cpython/tree/3.13/Lib/multiprocessing/,11,12,0.0
url,https://github.com/python/cpython/tree/3.13/Lib/webbrowser.py,11,12,0.0
url,https://github.com/python/cpython/tree/3.13/Lib/xml/etree/ElementTree.py,11,11,0.0
url,https://peps.python.org/pep-0343/,11,11,0.0
url,https://peps.python.org/pep-0585/,11,11,0.0
url,https://requests.readthedocs.io/en/latest/,11,11,0.0
url,https://toml.io/en/,11,11,0.0
url,https://docs.pytest.org/,10,10,0.0
url,https://github.com/python/cpython/tree/3.13/Lib/asyncio/coroutines.py,10,10,0.0
url,https://github.com/python/cpython/tree/3.13/Lib/concurrent/futures/thread.py,10,10,0.0
url,https://github.com/python/cpython/tree/3.13/Lib/pydoc.py,10,10,0.0
url,https://json.org/,10,10,0.0
url,https://pypi.org/project/defusedxml/,10,10,0.0
url,https://pypi.org/project/legacy-cgi/,10,10,0.0
url,https://tiswww.case.edu/php/chet/readline/rltop.html,10,11,0.0
url,https://www.unicode.org/Public/15.1.0/ucd/NameAliases.txt,10,10,0.0
url,https://brew.sh/,9,9,0.0
url,https://chaquo.com/chaquopy,9,11,0.0
url,https://cibuildwheel.pypa.io/en/stable/platforms/#android,9,9,0.0
url,https://en.wikipedia.org/wiki/Fibonacci_sequence,9,10,0.0
url,https://github.com/python/cpython/tree/3.13/Lib/abc.py,9,9,0.0
url,https://github.com/python/cpython/tree/3.13/Lib/collections/__init__.py,9,10,0.0
url,https://github.com/python/cpython/tree/3.13/Lib/http/server.py,9,9,0.0
url,https://peps.python.org/pep-0405/,9,9,0.0
url,https://peps.python.org/pep-0420/,9,9,0.0
url,https://peps.python.org/pep-0563/,9,9,0.0
url,https://peps.python.org/pep-0572/,9,10,0.0
url,https://pypi.org/project/Exscript/,9,9,0.0
url,https://tkdocs.com/book.html,9,9,0.0
url,https://typing.python.org/en/latest/spec/index.html,9,10,0.0
url,https://wiki.python.org/moin/PythonEditors,9,9,0.0
url,https://www.w3schools.com/sql/,9,9,0.0
url,https://buildozer.readthedocs.io/,8,8,0.0
url,https://en.wikipedia.org/wiki/Cartesian_product,8,8,0.0
url,https://github.com/python/cpython/tree/3.13/Lib/ensurepip,8,9,0.0
url,https://github.com/python/cpython/tree/3.13/Lib/subprocess.py,8,8,0.0
url,https://github.com/python/cpython/tree/3.13/Lib/typing.py,8,8,0.0
url,https://github.com/python/cpython/tree/3.13/Lib/zipfile/,8,9,0.0
url,https://manpages.debian.org/bind(3tk),8,8,0.0
url,https://packaging.python.org/extensions/,8,8,0.0
url,https://packaging.python.org/installing/#requirements-for-installing-packages,8,8,0.0
url,https://peps.python.org/pep-0305/,8,8,0.0
url,https://peps.python.org/pep-0634/,8,9,0.0
url,https://peps.python.org/pep-0695/,8,8,0.0
url,https://pypi.org/project/tzdata/,8,9,0.0
url,https://webassembly.org/,8,8,0.0
url,https://www.sphinx-doc.org/,8,9,0.0
url,https://www.unicode.org/versions/Unicode15.1.0/ch04.pdf,8,8,0.0
url,https://www.w3.org/TR/xpath,8,8,0.0
url,https://datatracker.ietf.org/doc/html/rfc4122.html,7,7,0.0
url,https://en.wikipedia.org/wiki/Leap_second,7,7,0.0
url,https://en.wikipedia.org/wiki/Walrus#/media/File:Pacific_Walrus_-_Bull_(8247646168).jpg,7,7,0.0
url,https://github.com/python/cpython/blob/main/Doc/tutorial/index.rst,7,7,0.0
url,https://github.com/python/cpython/tree/3.13/Lib/argparse.py,7,9,0.0
url,https://github.com/python/cpython/tree/3.13/Lib/bisect.py,7,10,0.0
url,https://github.com/python/cpython/tree/3.13/Lib/enum.py,7,8,0.0
url,https://github.com/python/cpython/tree/3.13/Lib/functools.py,7,7,0.0
url,https://github.com/python/cpython/tree/3.13/Lib/hashlib.py,7,7,0.0
url,https://github.com/python/cpython/tree/3.13/Lib/inspect.py,7,7,0.0
url,https://github.com/python/cpython/tree/3.13/Lib/pickle.py,7,7,0.0
url,https://github.com/python/cpython/tree/3.13/Lib/smtplib.py,7,7,0.0
url,https://github.com/python/cpython/tree/3.13/Lib/tkinter/ttk.py,7,7,0.0
url,https://github.com/python/cpython/tree/3.13/Lib/tomllib,7,8,0.0
url,https://github.com/python/cpython/tree/3.13/Lib/urllib/request.py,7,7,0.0
url,https://learning-python.com/about-pp4e.html,7,7,0.0
url,https://peps.python.org/pep-0567/,7,7,0.0
url,https://peps.python.org/pep-0615/,7,7,0.0
url,https://typing.python.org/en/latest/,7,7,0.0
url,https://www.cwi.nl/,7,11,0.0
url,https://datatracker.ietf.org/doc/html/rfc4180.html,6,6,0.0
url,https://en.wikipedia.org/wiki/Database_transaction,6,6,0.0
url,https://en.wikipedia.org/wiki/Memoization,6,6,0.0
url,https://en.wikipedia.org/wiki/Thread_(computing),6,6,0.0
url,https://github.com/python/cpython/tree/3.13/Android/README.md,6,6,0.0
url,https://github.com/python/cpython/tree/3.13/Lib/ctypes,6,6,0.0
url,https://github.com/python/cpython/tree/3.13/Lib/difflib.py,6,6,0.0
url,https://github.com/python/cpython/tree/3.13/Lib/pdb.py,6,7,0.0
url,https://github.com/python/cpython/tree/3.13/Lib/tempfile.py,6,6,0.0
url,https://github.com/python/cpython/tree/3.13/Lib/uuid.py,6,6,0.0
url,https://github.com/python/cpython/tree/3.13/Lib/wave.py,6,6,0.0
url,https://github.com/python/cpython/tree/3.13/Lib/zipimport.py,6,7,0.0
url,https://manpages.debian.org/flock(2),6,6,0.0
url,https://opensource.org/,6,6,0.0
url,https://peps.python.org/pep-0428/,6,6,0.0
url,https://peps.python.org/pep-0479/,6,6,0.0
url,https://scipy.org/,6,6,0.0
url,https://www.cnri.reston.va.us/,6,6,0.0
url,https://www.jsonrpc.org/,6,10,0.0
url,https://www.python.org/downloads/source/,6,6,0.0
url,https://www.riverbankcomputing.com/static/Docs/pyqtdeploy/,6,7,0.0
url,https://www.unicode.org/reports/tr44/,6,6,0.0
url,https://www.zlib.net/,6,6,0.0
url,https://cython.org/,5,5,0.0
url,https://datatracker.ietf.org/doc/html/rfc5322.html,5,5,0.0
url,https://datatracker.ietf.org/doc/html/rfc9110.html,5,7,0.0
url,https://docs.openssl.org/master/man1/ciphers/,5,5,0.0
url,https://en.wikipedia.org/wiki/SQL_injection,5,5,0.0
url,https://github.com/python/cpython/blob/main/Doc/bugs.rst,5,7,0.0
url,https://github.com/python/cpython/blob/main/Doc/library/functions.rst,5,5,0.0
url,https://github.com/python/cpython/tree/3.13/Lib/calendar.py,5,5,0.0
url,https://github.com/python/cpython/tree/3.13/Lib/cmd.py,5,5,0.0
url,https://github.com/python/cpython/tree/3.13/Lib/codecs.py,5,5,0.0
url,https://github.com/python/cpython/tree/3.13/Lib/configparser.py,5,5,0.0
url,https://github.com/python/cpython/tree/3.13/Lib/dataclasses.py,5,6,0.0
url,https://github.com/python/cpython/tree/3.13/Lib/getpass.py,5,5,0.0
url,https://github.com/python/cpython/tree/3.13/Lib/glob.py,5,5,0.0
url,https://github.com/python/cpython/tree/3.13/Lib/secrets.py,5,5,0.0
url,https://github.com/python/cpython/tree/3.13/Lib/shutil.py,5,5,0.0
url,https://github.com/python/cpython/tree/3.13/Lib/socketserver.py,5,5,0.0
url,https://github.com/python/cpython/tree/3.13/Lib/tarfile.py,5,5,0.0
url,https://github.com/python/cpython/tree/3.13/Lib/tkinter/simpledialog.py,5,5,0.0
url,https://github.com/python/cpython/tree/3.13/Lib/unittest/mock.py,5,5,0.0
url,https://github.com/python/cpython/tree/3.13/Lib/urllib/,5,5,0.0
url,https://importlib-resources.readthedocs.io/en/latest/migration.html,5,5,0.0
url,https://manpages.debian.org/alarm(2),5,5,0.0
url,https://more-itertools.readthedocs.io/en/stable/api.html#more_itertools.before_and_after,5,5,0.0
url,https://peps.python.org/pep-0011/,5,5,0.0
url,https://peps.python.org/pep-0292/,5,5,0.0
url,https://peps.python.org/pep-3131/,5,5,0.0
url,https://pkware.cachefly.net/webdocs/casestudies/APPNOTE.TXT,5,6,0.0
url,https://pypi.org/project/typing_extensions/,5,5,0.0
url,https://rhettinger.wordpress.com/2011/05/26/super-considered-super/,5,5,0.0
url,https://sqlite.org/inmemorydb.html,5,5,0.0
url,https://wasi.dev/,5,5,0.0
url,https://www.anaconda.com/download/,5,5,0.0
url,https://www.python.org/doc/av/,5,5,0.0
url,https://www.python.org/psf/,5,5,0.0
url,https://www.sqlite.org/schematab.html,5,5,0.0
url,http://ocert.org/advisories/ocert-2011-003.html,4,4,0.0
url,https://cffi.readthedocs.io/,4,4,0.0
url,https://datatracker.ietf.org/doc/html/rfc4648.html,4,4,0.0
url,https://en.wikipedia.org/wiki/Backus%E2%80%93Naur_form,4,4,0.0
url,https://en.wikipedia.org/wiki/Billion_laughs,4,5,0.0
url,https://en.wikipedia.org/wiki/Error_function,4,4,0.0
url,https://en.wikipedia.org/wiki/Gamma_function,4,6,0.0
url,https://en.wikipedia.org/wiki/Parsing_expression_grammar,4,4,0.0
url,https://en.wikipedia.org/wiki/Universal_binary,4,4,0.0
url,https://gist.github.com/vsajip/4673395,4,4,0.0
url,https://github.com/python/cpython/issues,4,4,0.0
url,https://github.com/python/cpython/tree/3.13/Android/testbed/app/src/main/java/org/python/testbed/MainActivity.kt,4,4,0.0
url,https://github.com/python/cpython/tree/3.13/Lib/asyncio/,4,4,0.0
url,https://github.com/python/cpython/tree/3.13/Lib/asyncio/streams.py,4,4,0.0
url,https://github.com/python/cpython/tree/3.13/Lib/base64.py,4,5,0.0
url,https://github.com/python/cpython/tree/3.13/Lib/bz2.py,4,4,0.0
url,https://github.com/python/cpython/tree/3.13/Lib/concurrent/futures/process.py,4,4,0.0
url,https://github.com/python/cpython/tree/3.13/Lib/contextlib.py,4,4,0.0
url,https://github.com/python/cpython/tree/3.13/Lib/decimal.py,4,4,0.0
url,https://github.com/python/cpython/tree/3.13/Lib/gzip.py,4,5,0.0
url,https://github.com/python/cpython/tree/3.13/Lib/html/__init__.py,4,4,0.0
url,https://github.com/python/cpython/tree/3.13/Lib/imaplib.py,4,4,0.0
url,https://github.com/python/cpython/tree/3.13/Lib/io.py,4,6,0.0
url,https://github.com/python/cpython/tree/3.13/Lib/ipaddress.py,4,4,0.0
url,https://github.com/python/cpython/tree/3.13/Lib/mimetypes.py,4,5,0.0
url,https://github.com/python/cpython/tree/3.13/Lib/operator.py,4,4,0.0
url,https://github.com/python/cpython/tree/3.13/Lib/platform.py,4,4,0.0
url,https://github.com/python/cpython/tree/3.13/Lib/ssl.py,4,6,0.0
url,https://github.com/python/cpython/tree/3.13/Lib/tkinter/commondialog.py,4,4,0.0
url,https://github.com/python/cpython/tree/3.13/Lib/tkinter/messagebox.py,4,4,0.0
url,https://github.com/python/cpython/tree/3.13/Lib/urllib/parse.py,4,4,0.0
url,https://github.com/python/cpython/tree/3.13/Lib/xml/,4,4,0.0
url,https://mypy.readthedocs.io/en/stable/index.html,4,4,0.0
url,https://packaging.python.org/en/latest/tutorials/installing-packages/,4,4,0.0
url,https://peps.python.org/pep-0007/,4,4,0.0
url,https://peps.python.org/pep-0011/#tier-3,4,4,0.0
url,https://peps.python.org/pep-0328/,4,4,0.0
url,https://peps.python.org/pep-0475/,4,4,0.0
url,https://peps.python.org/pep-0526/,4,4,0.0
url,https://peps.python.org/pep-0584/,4,4,0.0
url,https://peps.python.org/pep-0604/,4,5,0.0
url,https://peps.python.org/pep-0667/,4,5,0.0
url,https://pyinstaller.org/,4,4,0.0
url,https://pypi.org/project/filetype/,4,4,0.0
url,https://pypi.org/project/more-itertools/,4,4,0.0
url,https://pypi.org/project/tomli-w/,4,4,0.0
url,https://web.archive.org/web/20201215133350/http://www.voidspace.org.uk/python/articles/authentication.shtml,4,4,0.0
url,https://wiki.python.org/moin/PythonTestingToolsTaxonomy,4,4,0.0
url,https://wiki.tcl-lang.org/37432,4,4,0.0
url,https://www.iana.org/assignments/http-status-codes/http-status-codes.xhtml,4,4,0.0
url,https://www.python.org/downloads/windows/,4,4,0.0
url,https://www.unicode.org/Public/15.1.0/ucd/DerivedCoreProperties.txt,4,4,0.0
url,https://www.unicode.org/versions/Unicode15.0.0/ch04.pdf#G134153,4,5,0.0
url,https://www.w3.org/TR/xml-names/#defaulting,4,4,0.0
url,http://www.math.sci.hiroshima-u.ac.jp/~m-mat/MT/MT2002/emt19937ar.html,3,3,0.0
url,https://beeware.org/,3,3,0.0
url,https://bpython-interpreter.org/,3,3,0.0
url,https://code.activestate.com/recipes/577504-compute-memory-footprint-of-an-object-and-its-cont/,3,3,0.0
url,https://code.activestate.com/recipes/579000-equally-spaced-numbers-linspace/,3,4,0.0
url,https://datatracker.ietf.org/doc/html/rfc2616.html,3,3,0.0
url,https://datatracker.ietf.org/doc/html/rfc3171.html,3,3,0.0
url,https://devguide.python.org/setup/#get-the-source-code,3,3,0.0
url,https://emscripten.org/,3,3,0.0
url,https://en.wikipedia.org/wiki/Arity,3,3,0.0
url,https://en.wikipedia.org/wiki/Bottom_type,3,3,0.0
url,https://en.wikipedia.org/wiki/Cache_replacement_policies#Least_Recently_Used_(LRU),3,3,0.0
url,https://en.wikipedia.org/wiki/Priority_queue,3,3,0.0
url,https://github.com/python/cpython/blob/main/Doc/contents.rst,3,3,0.0
url,https://github.com/python/cpython/blob/main/Doc/library/csv.rst,3,3,0.0
url,https://github.com/python/cpython/blob/main/Doc/library/json.rst,3,3,0.0
url,https://github.com/python/cpython/blob/main/Doc/tutorial/classes.rst,3,3,0.0
url,https://github.com/python/cpython/blob/main/Doc/tutorial/datastructures.rst,3,3,0.0
url,https://github.com/python/cpython/issues/95299,3,3,0.0
url,https://github.com/python/cpython/tree/3.13/Android/testbed,3,3,0.0
url,https://github.com/python/cpython/tree/3.13/Android/testbed/app/src/main/c/main_activity.c,3,3,0.0
url,https://github.com/python/cpython/tree/3.13/Grammar/python.gram,3,3,0.0
url,https://github.com/python/cpython/tree/3.13/Lib/_collections_abc.py,3,3,0.0
url,https://github.com/python/cpython/tree/3.13/Lib/asyncio/base_events.py,3,4,0.0
url,https://github.com/python/cpython/tree/3.13/Lib/asyncio/events.py,3,3,0.0
url,https://github.com/python/cpython/tree/3.13/Lib/asyncio/locks.py,3,3,0.0
url,https://github.com/python/cpython/tree/3.13/Lib/asyncio/runners.py,3,4,0.0
url,https://github.com/python/cpython/tree/3.13/Lib/html/parser.py,3,3,0.0
url,https://github.com/python/cpython/tree/3.13/Lib/linecache.py,3,3,0.0
url,https://github.com/python/cpython/tree/3.13/Lib/lzma.py,3,3,0.0
url,https://github.com/python/cpython/tree/3.13/Lib/numbers.py,3,3,0.0
url,https://github.com/python/cpython/tree/3.13/Lib/site.py,3,3,0.0
url,https://github.com/python/cpython/tree/3.13/Lib/textwrap.py,3,4,0.0
url,https://github.com/python/cpython/tree/3.13/Lib/timeit.py,3,3,0.0
url,https://github.com/python/cpython/tree/3.13/Lib/traceback.py,3,3,0.0
url,https://github.com/python/cpython/tree/3.13/Lib/types.py,3,3,0.0
url,https://github.com/python/cpython/tree/3.13/Lib/warnings.py,3,3,0.0
url,https://github.com/python/cpython/tree/3.13/Lib/xml/dom/minidom.py,3,3,0.0
url,https://github.com/python/cpython/tree/3.13/Objects/exceptions.c,3,3,0.0
url,https://github.com/python/cpython/tree/3.13/README.rst,3,3,0.0
url,https://github.com/python/python-docs-theme,3,4,0.0
url,https://go.microsoft.com/fwlink/?LinkID=135170,3,3,0.0
url,https://grantjenks.com/docs/sortedcollections/,3,3,0.0
url,https://greentreesnakes.readthedocs.io/,3,3,0.0
url,https://hpyproject.org/,3,3,0.0
