name,visitors
Madrid Autonomous Community,88
Catalonia,72
Buenos Aires Province,69
Ciudad de Mexico,69
Santiago Metropolitan,67
Andalusia,49
Lima,48
Mexico State,45
Valencian Community,43
Capital District,42
Antioquia,36
Jalisco,29
Guangdong,27
Jiangsu,27
Lima Region,25
Shanghai,22
Valle del Cauca,22
Oregon,18
Pichincha,17
Hebei,16
Bío Bío,15
Guanajuato,15
San Salvador,15
Basque Country,14
La Paz,13
Cundinamarca,13
Canary Islands,13
Capital,13
Buenos Aires,12
Distrito Nacional,12
Querétaro,12
Veracruz,12
Managua,12
Arequipa,12
Guayas,11
Zhejiang,10
San José,10
Galicia,10
Panamá,10
Florida,10
Santa Fe,9
Caldas,9
Norte de Santander,9
Santiago,9
Guatemala,9
Baja California,9
Morelos,9
Nuevo León,9
Montevideo,9
Córdoba,8
Aragon,8
Castile and León,8
Chihuahua,8
Puebla,8
Santa Cruz,7
Havana,7
Tamaulipas,7
Yucatán,7
Miranda,7
Valparaíso,6
Magdalena,6
Asturias,6
Castile-La Mancha,6
Hidalgo,6
Quintana Roo,6
Asunción,6
Anzoátegui,6
Chaco,5
Tucumán,5
Araucanía,5
Beijing,5
Nariño,5
Cantabria,5
Sonora,5
South Holland,5
Cusco,5
Virginia,5
Salta,4
Mendoza,4
Misiones,4
Antofagasta,4
Fujian,4
Henan,4
Shandong,4
Atlántico,4
Santander,4
Manabí,4
Balearic Islands,4
Andhra Pradesh,4
Tokyo,4
Durango,4
Guerrero,4
Michoacán,4
Oaxaca,4
Sinaloa,4
California,4
Texas,4
Zulia,4
Río Negro,3
Western Australia,3
Cochabamba,3
São Paulo,3
Coquimbo,3
Maule,3
Boyacá,3
Tolima,3
England,3
Coahuila,3
Loreto,3
Tacna,3
Alto Paraná,3
Tennessee,3
Ho Chi Minh City,3
La Rioja,2
Chubut,2
Chittagong Division,2
Tarija,2
Roraima,2
Magallanes Region,2
Hunan,2
Liaoning,2
Casanare,2
Cesar,2
Quindío,2
Alajuela,2
Monseñor Nouel,2
Santo Domingo,2
Murcia Region,2
Navarra Chartered Community,2
Auvergne-Rhône-Alpes,2
Cortés,2
Yoro,2
Tamil Nadu,2
West Bengal,2
Campeche,2
Chiapas,2
Colima,2
Tabasco,2
Zacatecas,2
Province 3,2
Ica,2
Junín,2
Piura,2
Puno,2
Central,2
Dnipropetrovshchyna,2
Louisiana,2
Massachusetts,2
New York,2
Pennsylvania,2
Aragua,2
Carabobo,2
Monagas,2
Portuguesa,2
Hanoi,2
San Luis,1
Entre Ríos,1
Santiago del Estero,1
San Juan,1
Neuquén,1
Corrientes,1
Jujuy,1
Tyrol,1
Paraná,1
Rio Grande do Sul,1
Alberta,1
Quebec,1
Libertador General Bernardo O'Higgins,1
Los Lagos,1
Los Ríos,1
Sichuan,1
Bolívar,1
Cauca,1
Meta,1
Risaralda,1
Cartago,1
Heredia,1
Hesse,1
Samaná,1
San Cristóbal,1
San Pedro de Macorís,1
Chimborazo,1
Santo Domingo de los Tsáchilas,1
Ceuta,1
Extremadura,1
La Rioja,1
Occitanie,1
Francisco Morazán,1
Chhattīsgarh,1
Karnataka,1
Veneto,1
Abruzzo,1
Seoul,1
Vilnius County,1
Aguascalientes,1
Nayarit,1
San Luis Potosí,1
Tlaxcala,1
Ancash,1
Cajamarca,1
La Libertad,1
San Martín,1
Kaliningrad,1
Moscow,1
Tambov,1
Banská Bystrica,1
Izmir,1
Georgia,1
Idaho,1
South Carolina,1
Washington,1
Maldonado,1
Bolívar,1
Falcón,1
Táchira,1
Yaracuy,1
Haiphong,1
Gauteng,1
