name,visitors
United States,35198
India,17467
Germany,9774
United Kingdom,8753
Russian Federation,7385
China,7254
France,4937
Brazil,4226
Japan,3899
Canada,3837
Australia,3335
Poland,2985
Netherlands,2841
Singapore,2284
Spain,2221
Italy,2188
Hong Kong,1883
Switzerland,1748
Mexico,1527
Sweden,1430
Taiwan,1423
South Korea,1388
Indonesia,1224
Austria,1175
Turkey,1133
Vietnam,1133
Israel,1123
Pakistan,1092
Ukraine,1079
Finland,1008
Colombia,1001
Argentina,964
Belgium,924
Philippines,889
Czechia,865
Thailand,854
Iran,784
Denmark,755
South Africa,705
Nigeria,690
Ireland,678
Portugal,657
Romania,635
Egypt,632
Norway,607
Chile,562
Bangladesh,546
Hungary,541
New Zealand,536
Malaysia,505
Kenya,422
Saudi Arabia,388
Bulgaria,384
Greece,383
Peru,357
Nepal,330
Belarus,314
United Arab Emirates,309
Morocco,290
Serbia,279
Kazakhstan,253
Slovakia,217
Sri Lanka,212
Lithuania,203
Ghana,181
Estonia,176
Algeria,167
Uzbekistan,166
Croatia,163
Costa Rica,161
Ethiopia,160
Georgia,151
Slovenia,145
Latvia,139
Tunisia,136
Iraq,135
Bhutan,134
Armenia,131
Venezuela,123
Ecuador,118
Uruguay,115
Dominican Republic,113
Cyprus,110
Guatemala,99
Jordan,95
Luxembourg,94
Côte d'Ivoire,90
Azerbaijan,79
Myanmar,77
Cambodia,74
Panama,70
Cameroon,66
Seychelles,66
Paraguay,62
Moldova,60
Lebanon,59
Bolivia,58
Qatar,58
Madagascar,57
Uganda,55
Tanzania,50
Senegal,49
"Congo, The Democratic Republic of the",44
Cuba,43
Nicaragua,43
Burkina Faso,42
Benin,42
Zimbabwe,42
Yemen,40
Albania,39
Rwanda,37
Kyrgyzstan,36
"Palestine, State of",35
Zambia,35
Honduras,34
Mongolia,33
Bosnia and Herzegovina,32
Bahrain,29
Mauritius,29
Oman,28
Puerto Rico,28
El Salvador,28
Angola,26
North Macedonia,26
Malta,26
Iceland,24
Kuwait,24
Montenegro,23
Afghanistan,22
Mozambique,21
Botswana,19
Jamaica,19
Libya,19
Réunion,19
Trinidad and Tobago,19
Malawi,18
Togo,18
Laos,17
Macao,16
Syria,15
Congo,13
Kosovo,13
Fiji,12
Liberia,12
Mali,12
Andorra,11
Sudan,11
Tajikistan,11
Djibouti,10
Guinea,9
Haiti,8
Brunei Darussalam,7
Niger,7
Suriname,7
Cabo Verde,6
Gabon,6
Gambia,6
Jersey,6
Maldives,6
New Caledonia,6
Papua New Guinea,6
Sierra Leone,6
Barbados,5
Burundi,5
Mauritania,5
Namibia,5
Somalia,5
Turkmenistan,5
Belize,4
Equatorial Guinea,4
Isle of Man,4
Saint Lucia,4
Lesotho,4
Saint Vincent and the Grenadines,4
Bermuda,3
Bahamas,3
Gibraltar,3
Guyana,3
Liechtenstein,3
French Polynesia,3
Tonga,3
"Virgin Islands, British",3
French Guiana,2
Guadeloupe,2
Monaco,2
Martinique,2
South Sudan,2
Eswatini,2
Turks and Caicos Islands,2
Timor-Leste,2
Antigua and Barbuda,1
Central African Republic,1
Eritrea,1
Grenada,1
Guernsey,1
Greenland,1
Guam,1
Guinea-Bissau,1
Comoros,1
Saint Kitts and Nevis,1
Cayman Islands,1
Sint Maarten (Dutch part),1
Chad,1
Holy See (Vatican City State),1
Samoa,1
