name,visitors,bounce_rate,visit_duration
Google,76108,81,109
Direct / None,50662,69,176
Bing,7470,79,103
python.org,6539,57,135
DuckDuckGo,3994,78,137
Yandex,3076,78,66
Brave,1912,80,99
Baidu,1495,79,63
chatgpt.com,1379,72,95
cs50.harvard.edu,1249,70,211
boot.dev,1047,78,162
GitHub,772,84,63
udemy.com,615,88,74
Ecosia,524,81,129
Yahoo!,364,83,92
pandas.pydata.org,361,89,62
realpython.com,312,77,160
Microsoft Teams,276,79,71
discuss.python.org,240,85,87
qiita.com,222,82,62
code.visualstudio.com,213,88,31
pip.pypa.io,213,80,69
netacad.com,211,91,19
matplotlib.org,200,92,23
roadmap.sh,196,77,196
wiki.python.org,191,65,116
es.python.org,163,57,91
Qwant,161,74,234
codecademy.com,158,92,32
note.nkmk.me,149,89,41
docs.pydantic.dev,131,82,166
Youtube,117,76,68
numpy.org,111,74,85
docs.pytorch.org,105,87,192
Amazon,102,77,99
packaging.python.org,102,78,101
pytest-mock.readthedocs.io,97,78,85
fastapi.tiangolo.com,96,76,71
pypi.org,85,85,41
Perplexity,84,80,77
doubao.com,82,54,99
openclassrooms.com,79,75,155
peps.python.org,79,75,182
Facebook,76,91,18
scikit-learn.org,76,89,19
learn.microsoft.com,69,92,37
Reddit,68,90,24
link.zhihu.com,68,67,246
StackOverflow,66,81,73
link.csdn.net,66,70,110
airflow.apache.org,58,90,30
LinkedIn,57,89,5
codedex.io,57,82,81
medium.com,57,81,123
flask.palletsprojects.com,56,79,65
langchain-ai.github.io,56,93,7
docs.pytest.org,55,81,89
python.p2hp.com,49,46,151
odoo.com,48,85,76
docs.astral.sh,47,90,42
edube.org,47,94,7
sphinx-doc.org,42,62,36
liaoxuefeng.com,40,90,40
pygame.org,40,88,9
hackerrank.com,39,98,5
Wikipedia,38,67,354
gstatic.com,38,80,43
hiladental.co.il,38,44,742
theforage.com,38,75,79
huggingface.co,37,83,54
kivy.org,37,76,148
copilot.microsoft.com,36,66,191
developer.mozilla.org,35,62,243
savanna.alxafrica.com,35,74,21
habr.com,33,88,35
cursos.alura.com.br,32,86,106
docs.pola.rs,32,91,65
discordpy.readthedocs.io,31,94,2
docs.ansible.com,30,97,1
leetcode.com,30,88,98
networkx.org,30,87,38
ru.hexlet.io,29,84,45
s3.eu-west-1.amazonaws.com,29,77,71
mne.tools,28,84,118
campus.undec.edu.ar,24,60,85
google.github.io,24,87,6
utokyo-ipp.github.io,24,62,79
safe.menlosecurity.com,23,64,308
127.0.0.1,22,89,62
docs.vllm.ai,22,91,13
superfastpython.com,22,82,196
learnpython.org,21,68,117
lms.skillfactory.ru,21,91,21
microsoft.github.io,21,95,0
runoob.com,21,67,112
sky.pro,21,90,7
learn.nvidia.com,20,57,51
quiz2025.csse.canterbury.ac.nz,20,82,9
yuanbao.tencent.com,20,67,37
home-assistant.io,19,82,107
moodle.federation.edu.au,19,67,50
python-can.readthedocs.io,19,95,1
python.jp,19,58,161
websockets.readthedocs.io,19,68,190
app.aluracursos.com,18,75,22
app.dataquest.io,18,67,83
docs.ray.io,18,86,59
freecodecamp.org,18,89,5
mastergroosha.github.io,18,100,0
ecursos.claseejecutiva.cl,17,37,532
namu.wiki,17,48,147
notebooks.githubusercontent.com,17,79,90
react-app-python-runner.vercel.app,17,84,9
robotframework.org,17,100,0
claude.ai,16,62,359
courses.skillindiadigital.gov.in,16,69,38
docs.scrapy.org,16,94,44
loguru.readthedocs.io,16,81,5
statics.gov.teams.microsoft.us,16,76,157
360.cn,15,80,4
byui-cse.github.io,15,87,129
pwn.college,15,100,0
pymupdf.readthedocs.io,15,93,24
skillbox.ru,15,64,21
typing.python.org,15,53,115
learn.canterbury.ac.nz,14,87,170
mypy.readthedocs.io,14,87,40
pillow.readthedocs.io,14,81,20
programiz.com,14,79,77
strftime.org,14,93,2
upgrad.com,14,73,28
courses.campus.gov.il,13,73,126
courses.edx.org,13,77,141
m365.cloud.microsoft,13,83,67
mylo.utas.edu.au,13,93,11
python-forum.io,13,93,111
Exinfluencer,12,92,3
Gmail,12,67,49
Twitter,12,83,8
cheatsheetseries.owasp.org,12,92,12
digitalocean.com,12,83,93
docs.aiohttp.org,12,77,12
docs.python-telegram-bot.org,12,92,17
docs.zephyrproject.org,12,100,0
l.workplace.com,12,100,0
lightning.ai,12,83,47
lms-kpitacademy.kpit.com,12,50,732
overleaf.com,12,77,8
pro.arcgis.com,12,86,34
purdue-engr-13300.github.io,12,58,167
python.it,12,67,98
qna.habr.com,12,100,0
statsmodels.org,12,100,0
virtualenv.pypa.io,12,83,7
ai.pydantic.dev,11,82,92
amuletmc.com,11,82,6
blog.csdn.net,11,64,379
docs.frappe.io,11,91,2
edu.mipt.ru,11,100,0
exercism.org,11,85,104
faker.readthedocs.io,11,92,1
learn.upgrad.com,11,100,0
psycopg.org,11,100,0
py4e.com,11,77,25
pyformat.info,11,91,9
pyserial.readthedocs.io,11,82,13
pythonmorsels.com,11,73,202
pytorch-geometric.readthedocs.io,11,91,1
secureflag.com,11,82,208
w3schools.com,11,91,41
cf-courses-data.static.labs.skills.network,10,80,3
cms.unir.net,10,80,43
coderivers.org,10,80,29
elearn.epam.com,10,100,0
glglwebp01.glg.miamioh.edu,10,90,139
jinja.palletsprojects.com,10,91,8
paiza.jp,10,100,0
python-izm.com,10,50,255
scanpy.readthedocs.io,10,90,0
srkit.codetantra.com,10,100,0
steam.oxxostudio.tw,10,60,24
tutti.prod.bloomberg.com,10,100,50
yuque.com,10,58,169
arrow.apache.org,9,90,1
bitbucket.org,9,89,9
cdn.evg.gov.br,9,92,4
datacamp.com,9,89,13
docs.marimo.io,9,90,1
elab.cpe.ku.ac.th,9,100,0
ellibrodepython.com,9,89,6
internalfb.com,9,78,152
pyinstaller.org,9,70,127
pyvisa.readthedocs.io,9,91,7
savio.utb.edu.co,9,73,619
tcsglobal.udemy.com,9,89,0
tongyi.com,9,44,565
Slack,8,88,4
app.certidevs.com,8,73,241
apscheduler.readthedocs.io,8,88,4
automatetheboringstuff.com,8,88,8
byhy.net,8,75,26
cantera.org,8,88,51
chat.baidu.com,8,75,33
devopscube.com,8,56,55
docs.astropy.org,8,62,831
docs.sqlalchemy.org,8,100,0
docs.xarray.dev,8,75,211
enki,8,90,27
gateway.zscloud.net,8,62,152
jcristharif.com,8,88,8
katalog-kursov.ru,8,82,0
lms.iit.ac.lk,8,88,7
login.microsoftonline.com,8,75,126
lucumr.pocoo.org,8,88,221
openseespydoc.readthedocs.io,8,88,31
sagemaker.readthedocs.io,8,100,0
sasi.codetantra.com,8,89,102
sreyas.codetantra.com,8,100,0
steppingback269.blogspot.com,8,33,192
stonesoup.readthedocs.io,8,75,22
urllib3.readthedocs.io,8,75,121
velog.io,8,62,191
wiki.freecad.org,8,50,403
wikidocs.net,8,75,43
Hacker News,7,80,1027
anyio.readthedocs.io,7,71,3
atmarkit.itmedia.co.jp,7,100,0
c.biancheng.net,7,71,34
chokkan.github.io,7,71,125
codecademy-enterprise.percipio.com,7,100,0
cognizant.udemy.com,7,100,0
developer.ansys.com,7,71,49
docs.aiogram.dev,7,100,0
docs.telethon.dev,7,100,0
elasticsearch-py.readthedocs.io,7,100,0
epochconverter.com,7,100,0
grades.cs.technion.ac.il,7,38,251
hub-04.stackfuel.com,7,100,0
ic.unicamp.br,7,57,254
jiffyclub.github.io,7,86,1
kloud.edukate.ai,7,100,0
kongu.codetantra.com,7,86,13
moodlepro.ebc.edu.mx,7,75,29
netology.ru,7,75,48
opensearch-project.github.io,7,86,4
openstax.org,7,50,56
plotly.com,7,100,0
scikit-image.org,7,86,39
source.android.com,7,57,5
ttkbootstrap.readthedocs.io,7,86,0
web.dio.me,7,71,742
werkzeug.palletsprojects.com,7,50,512
Telegram,6,33,625
alembic.sqlalchemy.org,6,100,0
biopython.org,6,50,13
blog.naver.com,6,83,28
caterpillar.sharepoint.com,6,71,117
chat.z.ai,6,83,9
click.palletsprojects.com,6,33,509
cloud.tencent.com,6,83,2
codecademy-eu.percipio.com,6,100,0
confluence.ecmwf.int,6,100,0
death.andgravity.com,6,86,18
discuss.codecademy.com,6,67,56
discuss.streamlit.io,6,83,29
dnmtechs.com,6,83,44
docs.python-guide.org,6,100,0
docs.qz.apps.baml.com,6,83,310
docs.spyder-ide.org,6,83,2
elearn.usp.ac.fj,6,56,187
enghub.gs.com,6,100,0
esri.com,6,100,0
febe1004a-dddm.github.io,6,86,199
gale.udemy.com,6,83,0
guru99.com,6,67,43
hamatti.org,6,100,0
hq.girlswhocode.com,6,83,145
isaac-sim.github.io,6,86,9
jupyterlabnext-3-labs-prod-jupyterlab-us-east-0.labs.cognitiveclass.ai,6,83,22
kkb-production.jupyter-proxy.kaggle.net,6,100,0
learn.profession.ai,6,83,5
learn.zybooks.com,6,83,2
mathworks.com,6,100,0
mclibre.org,6,100,0
metanit.com,6,100,0
navoica.pl,6,50,794
nomadcoders.co,6,33,96
notion.so,6,100,0
optuna.readthedocs.io,6,67,69
orgpad.info,6,100,483
pre-commit.com,6,100,0
pythoncheatsheet.org,6,67,77
quark.cn,6,100,0
skilio.com,6,67,74
teratail.com,6,100,0
textual.textualize.io,6,100,0
toga.readthedocs.io,6,83,283
tutorial.djangogirls.org,6,62,24
academy.hackthebox.com,5,83,32
alura.com.br,5,60,461
