name,unique_exits,total_exits,exit_rate
/zh-tw/3/tutorial/index.html,103,108,
/zh-tw/3/library/venv.html,59,60,
/zh-tw/3/installing/index.html,39,39,
/zh-tw/3/library/index.html,28,30,
/zh-tw/3/tutorial/interpreter.html,27,28,
/zh-tw/3/tutorial/stdlib.html,25,26,
/zh-tw/3/howto/sorting.html,24,24,
/zh-tw/3/library/random.html,23,23,
/zh-tw/3/library/re.html,22,23,
/zh-tw/3/library/pathlib.html,21,21,
/zh-tw/3/tutorial/controlflow.html,21,21,
/zh-tw/3.15/using/windows.html,20,20,
/zh-tw/3/library/csv.html,20,20,
/zh-tw/3/tutorial/introduction.html,20,20,
/zh-tw/3/howto/argparse.html,19,19,
/zh-tw/3/library/json.html,19,20,
/zh-tw/3/tutorial/errors.html,19,21,
/dev/using/windows.html,18,18,
/zh-tw/3/library/math.html,18,18,
/zh-tw/3/tutorial/classes.html,17,17,
/zh-tw/3/tutorial/datastructures.html,17,17,
/zh-tw/3/tutorial/venv.html,17,17,
/zh-tw/3/library/heapq.html,15,15,
/zh-tw/3/library/functions.html,14,14,
/zh-tw/3/tutorial/modules.html,14,14,
/zh-tw/3/using/mac.html,13,13,
/zh-tw/3/library/enum.html,12,12,
/zh-tw/3/library/time.html,12,12,
/zh-tw/3.13/tutorial/index.html,11,11,
/zh-tw/3/library/collections.html,11,11,
/zh-tw/3/tutorial/appetite.html,11,13,
/zh-tw/3/tutorial/inputoutput.html,11,11,
/zh-tw/3/library/concurrent.futures.html,10,10,
/zh-tw/3/library/os.path.html,10,13,
/zh-tw/3/faq/windows.html,9,9,
/zh-tw/3/library/functools.html,9,9,
/zh-tw/dev/library/os.path.html,9,9,
/zh-tw/3/,8,8,
/zh-tw/3/howto/sockets.html,8,8,
/zh-tw/3/library/abc.html,8,8,
/zh-tw/3/library/bisect.html,8,8,
/zh-tw/3/library/unittest.html,8,8,
/zh-tw/3/library/ast.html,7,7,
/zh-tw/3/library/asyncio.html,7,7,
/zh-tw/3/library/copy.html,7,7,
/zh-tw/3/library/stdtypes.html,7,7,
/zh-tw/3/library/tkinter.messagebox.html,7,9,
/3/,6,6,
/zh-tw/3.13/library/__main__.html,6,6,
/zh-tw/3.13/library/venv.html,6,6,
/zh-tw/3.13/tutorial/introduction.html,6,10,
/zh-tw/3/library/statistics.html,6,6,
/zh-tw/3/library/typing.html,6,6,
/zh-tw/3/library/uuid.html,6,6,
/3/library/tkinter.html,5,6,
/zh-tw/3.13/installing/index.html,5,5,
/zh-tw/3.13/library/functions.html,5,5,
/zh-tw/3.13/library/multiprocessing.shared_memory.html,5,5,
/zh-tw/3.13/library/os.path.html,5,5,
/zh-tw/3.13/tutorial/datastructures.html,5,5,
/zh-tw/3.14/,5,5,
/zh-tw/3.14/tutorial/index.html,5,5,
/zh-tw/3.14/tutorial/interpreter.html,5,6,
/zh-tw/3/contents.html,5,5,
/zh-tw/3/extending/extending.html,5,5,
/zh-tw/3/faq/general.html,5,5,
/zh-tw/3/library/io.html,5,5,
/zh-tw/3/library/multiprocessing.shared_memory.html,5,5,
/zh-tw/3/library/operator.html,5,5,
/zh-tw/3/library/threading.html,5,6,
/zh-tw/3/reference/index.html,5,5,
/3.14/library/stdtypes.html,4,4,
/3.14/using/windows.html,4,4,
/3/library/collections.html,4,4,
/zh-tw/3.13/glossary.html,4,4,
/zh-tw/3.13/tutorial/controlflow.html,4,6,
/zh-tw/3.13/whatsnew/3.13.html,4,4,
/zh-tw/3.14/tutorial/modules.html,4,4,
/zh-tw/3/glossary.html,4,4,
/zh-tw/3/library/__main__.html,4,4,
/zh-tw/3/library/array.html,4,4,
/zh-tw/3/library/base64.html,4,4,
/zh-tw/3/library/exceptions.html,4,4,
/zh-tw/3/library/ftplib.html,4,4,
/zh-tw/3/library/glob.html,4,4,
/zh-tw/3/library/pdb.html,4,4,
/zh-tw/3/library/pickle.html,4,4,
/zh-tw/3/library/string.html,4,4,
/zh-tw/3/library/urllib.request.html,4,4,
/zh-tw/3/reference/import.html,4,4,
/zh-tw/3/tutorial/appendix.html,4,4,
/3/library/functions.html,3,3,
/3/tutorial/controlflow.html,3,3,
/3/tutorial/index.html,3,3,
/zh-tw/3.12/contents.html,3,3,
/zh-tw/3.13/contents.html,3,3,
/zh-tw/3.13/library/pathlib.html,3,3,
/zh-tw/3.13/library/urllib.request.html,3,3,
/zh-tw/3.13/tutorial/classes.html,3,3,
/zh-tw/3.13/using/mac.html,3,3,
