name,visitors,bounce_rate,visit_duration
Google,860,80,114
Direct / None,491,78,206
Bing,37,85,81
steam.oxxostudio.tw,11,64,124
Baidu,10,80,5
python.org,7,0,248
Microsoft Teams,5,100,3
Yahoo!,5,100,0
chatgpt.com,3,100,523
translations.python.org,3,0,164
tronclass.ypu.edu.tw,3,100,0
ithelp.ithome.com.tw,2,100,562
notion.so,2,33,241
DuckDuckGo,1,0,129
Facebook,1,100,0
Perplexity,1,0,215
assignments.onenote.com,1,0,3688
boofuzz.readthedocs.io,1,0,76
dataquest.io,1,0,482
doubao.com,1,0,162
liaoxuefeng.com,1,0,0
medium.com,1,100,0
realnewbie.com,1,100,0
robotframework.org,1,0,1167
tw.alphacamp.co,1,0,695
typing.python.org,1,0,254
wehelp.tw,1,100,0
