name,visitors,bounce_rate,visit_duration
Direct / None,5655,63,246
Bing,1288,70,130
Google,1244,81,119
Baidu,848,79,69
python.org,240,0,339
codecademy.cn,112,52,198
doubao.com,74,52,147
link.zhihu.com,51,67,170
link.csdn.net,32,71,43
chatgpt.com,31,85,42
runoob.com,16,62,14
wapbaike.baidu.com,12,100,0
360.cn,11,67,8
blog.csdn.net,8,50,337
canvas.liverpool.ac.uk,8,100,78
ntp.msn.cn,8,38,216
chat.baidu.com,7,71,14
Shenma,6,33,7
bytedance.larkoffice.com,6,50,102
fastapi.tiangolo.com,6,67,48
oi-wiki.org,6,100,0
python-docs-translations.github.io,6,33,229
GitHub,5,100,13
mooc1.chaoxing.com,5,67,104
elearning.shanghaitech.edu.cn,4,100,0
python.p2hp.com,4,0,85
yuanbao.tencent.com,4,50,204
Sogou,3,67,0
cnblogs.com,3,50,753
developer.huawei.com,3,100,0
link.juejin.cn,3,33,37
momodel.cn,3,100,0
python.uihtm.com,3,0,62
v2ex.com,3,100,0
web.shanbay.com,3,100,0
10.0.0.116,2,50,8
172.17.106.232,2,0,8
Ecosia,2,100,0
Microsoft Teams,2,100,0
blog.51cto.com,2,100,0
c.biancheng.net,2,100,0
chatopens.ai,2,100,0
claude.ai,2,0,527
codemao-guide.yuque.com,2,100,0
confluence.armchina.com,2,100,0
console.his.huawei.com,2,100,0
developer.mozilla.org,2,0,135
elearning.cnu.edu.tw,2,50,1
elink.e.hihonor.com,2,0,7
iwiki.woa.com,2,0,155
jianshu.com,2,100,0
km.netease.com,2,0,533
liaoxuefeng.com,2,0,129
peps.python.org,2,0,334
quark.cn,2,100,0
toutiao.com,2,0,28
tutorial.helloflask.com,2,67,14
udemy.com,2,0,92
wiki.python.org,2,0,8
wolai.com,2,100,0
zimo.net,2,100,0
10.126.3.5,1,100,0
10.166.206.195,1,0,397
127.0.0.1,1,100,0
172.19.7.235,1,100,0
192.253.231.164,1,100,0
3ms.huawei.com,1,100,0
52zwbc.com,1,100,0
6.65.233.1,1,100,0
Brave,1,100,0
Yandex,1,100,0
ZHShareTargetIDMore,1,100,0
aisearch.sogou.com,1,0,169
aliyuque.antfin.com,1,100,0
app.raindrop.io,1,0,2187
apps.jijyun.cn,1,100,0
bookstack.cn,1,100,0
byhy.net,1,0,523
canvas.bham.ac.uk,1,0,30
chatgpt-pro.gz4399.com,1,100,0
chatweb.realtek.com,1,0,58
cn.pythonlikeyoumeanit.com,1,0,228
code.byted.org,1,0,0
codemao.yuque.com,1,100,0
codernav.com,1,100,0
console-mlops.hwcloudtest.cn,1,0,166
davinci.mediatek.inc,1,100,0
dida100.com,1,100,0
discuss.python.org,1,0,973
docs.gunicorn.org,1,0,82
docs.mcdreforged.com,1,100,0
docs.mikealmel.ooo,1,0,21
docs.pingcode.com,1,0,739
docs.pydantic.dev,1,0,0
docs.singtown.com,1,0,0
edu.py2fun.com,1,100,0
emt.18.cn,1,100,0
flowus.cn,1,100,0
geek-blogs.com,1,0,1236
heeee.com,1,100,0
hellowac.github.io,1,0,937
i.zte.com.cn,1,100,0
idealab.alibaba-inc.com,1,100,0
innotron.feishu.cn,1,100,0
isis.tu-berlin.de,1,0,796
joinquant.com,1,0,225
jyshare.com,1,100,0
learn.zybooks.com,1,0,7
learnku.com,1,100,0
learnxinyminutes.com,1,0,194
leetcode.cn,1,100,0
limbopro.com,1,0,18
lintcode.com,1,100,0
lixiaolai.com,1,100,0
lms.skillfactory.ru,1,0,9
mi.feishu.cn,1,100,0
momenta.feishu.cn,1,100,0
nativeapp.toutiao.com,1,0,140
notion.so,1,100,0
numpy.org,1,0,284
pingcode.masonsemi.com,1,100,0
psycopg.org,1,0,1532
pypi.org,1,100,0
python.github.net.cn,1,0,159
q00enigbkuh.feishu.cn,1,0,0
quickref.cn,1,0,3167
ref.terryyoung.cn,1,100,0
sphinx-doc.org,1,0,7
t6ixa9nyl6.jiandaoyun.com,1,100,0
testingpai.com,1,100,0
tongyi.com,1,100,0
tttang.com,1,100,0
tvm.apache.org,1,0,978
uneex.org,1,0,33
vyalneme8y.feishu.cn,1,0,37
wechat_session,1,100,0
wenxiaobai.com,1,100,0
wesmckinney.com,1,0,458
wiki.hcmcloud.cn,1,100,0
www.sbrdh.com,1,0,25
xiao-si.icu,1,100,0
yglrpne6wa.feishu.cn,1,100,0
yuque.com,1,100,0
zhihu.com,1,100,0
zx.pku.edu.cn,1,0,347
