name,version,visitors
Chrome,144.0,83193
Microsoft Edge,144.0,22733
Firefox,147.0,12808
Chrome,143.0,6930
Safari,26.2,6570
Mobile App,(not set),3226
Opera,126.0,2777
Yandex Browser,25.12,2131
Chrome,132.0,2094
Firefox,140.0,1984
Chrome,142.0,1763
Chrome,139.0,1589
Safari,18.6,1579
Microsoft Edge,143.0,1468
Chrome,145.0,1050
Chrome,138.0,959
Chrome,141.0,783
Firefox,146.0,729
Chrome,140.0,658
Chrome,136.0,612
Chrome,109.0,582
Microsoft Edge,142.0,509
Safari,26.1,498
Safari,18.5,418
Chrome,135.0,385
Chrome,131.0,349
Sogou Explorer,2,345
Safari,26.0,333
Chrome,137.0,325
Safari,17.6,324
Chrome,111.0,304
Samsung Browser,29.0,296
Chrome,133.0,282
Mobile App,97.0,279
Chrome,134.0,262
Safari,18.7,260
Chrome,69.0,238
Chrome,116.0,237
Firefox,128.0,227
Firefox,136.0,219
Firefox,145.0,200
Safari,16.6,194
Safari,18.3,191
Chrome,130.0,187
Safari,(not set),186
Chrome,117.0,176
Safari,26.3,172
360 Secure Browser,(not set),165
Firefox,5.0,165
Chrome,124.0,164
Safari,26.4,164
Chrome,122.0,153
Firefox,148.0,151
(not set),(not set),149
Chrome,120.0,149
Opera,127.0,141
Firefox,115.0,136
Mobile App,144.0,120
Chrome,126.0,117
Chrome,128.0,117
Huawei Browser Mobile,16.0,114
SberBrowser,34.0,113
Safari,17.5,110
Firefox,143.0,106
Chrome,103.0,105
Firefox,144.0,104
Brave,(not set),100
Microsoft Edge,145.0,100
Safari,15.6,100
Microsoft Edge,141.0,99
Safari,18.1,96
Quark,(not set),95
Microsoft Edge,140.0,91
Safari,18.4,91
Yandex Browser,25.8,91
Firefox,141.0,89
Safari,10.0,87
Chrome,106.0,86
Chrome,127.0,86
Chrome,105.0,84
Firefox,142.0,83
Yandex Browser,25.10,83
Chrome,108.0,79
Smart Lenovo Browser,9.0,78
vivo Browser,28.0,76
Chrome,107.0,75
Safari,18.2,73
QQ Browser,6.2,73
UC Browser,18.5,72
Chrome,104.0,68
Chrome,110.0,68
Chrome,112.0,68
Opera,125.0,68
Microsoft Edge,138.0,68
Chrome,129.0,67
Chrome,146.0,65
Safari,17.4,64
Safari,27.0,64
Firefox,147.3,63
Chrome,121.0,60
Chrome,125.0,60
Chrome,114.0,58
Microsoft Edge,92.0,57
Microsoft Edge,122.0,56
Chromium,(not set),55
Safari,18.0,51
Opera,94.0,51
Yandex Browser,24.10,50
Chrome,119.0,49
Microsoft Edge,137.0,49
Microsoft Edge,139.0,49
Microsoft Edge,131.0,46
Avast Secure Browser,143.0,45
Yandex Browser,25.125,45
Firefox,139.0,44
Safari,17.2,43
Chrome,91.0,41
Safari,17.3,39
Mobile App,116.0,38
Chrome,118.0,38
Chrome,123.0,38
Firefox,135.0,38
Yandex Browser,25.6,37
Yandex Browser,25.2,36
Safari,17.1,35
Safari,17.14,35
Chrome,97.0,34
Microsoft Edge,109.0,32
Yandex Browser,25.4,32
Samsung Browser,28.0,32
Firefox,137.0,31
Firefox,149.0,31
Firefox,109.0,28
Microsoft Edge,133.0,28
Microsoft Edge,134.0,28
Whale Browser,4.35,28
UC Browser,18.4,27
Yandex Browser,25.104,27
Microsoft Edge,128.0,26
Microsoft Edge,135.0,26
MIUI Browser,20.12,25
Quark,10.4,24
Mobile App,114.0,24
Firefox,138.0,24
Safari,16.3,24
vivo Browser,27.9,24
Microsoft Edge,136.0,22
QQ Browser,20.1,22
Chrome,86.0,22
Opera,124.0,21
Firefox,127.0,21
Microsoft Edge,100.0,20
Firefox,133.0,19
Norton Private Browser,143.0,19
Safari,16.1,19
Safari,16.5,19
Firefox,134.0,18
Safari,17.7,18
Microsoft Edge,18.18362,18
Microsoft Edge,127.0,17
Firefox,130.0,17
Safari,15.5,17
Chrome,87.0,17
Chrome,102.0,16
Safari,16.4,16
Yandex Browser,25.3,16
Safari,60.5,16
AVG Secure Browser,143.0,15
Chrome,99.0,15
Chrome,113.0,14
Firefox,113.0,14
Microsoft Edge,129.0,14
Microsoft Edge,130.0,14
vivo Browser,15.1,14
QQ Browser,26,14
Chrome,95.0,14
Mobile App,138.0,13
Safari,14.1,13
Ecosia,144.0,13
Safari,17.0,13
Safari,12.1,12
Firefox,131.0,12
Microsoft Edge,132.0,12
Yandex Browser,25.124,12
Samsung Browser,26.0,12
Huawei Browser Mobile,5.1,12
Microsoft Edge,115.0,11
Opera,122.0,11
Microsoft Edge,126.0,11
Microsoft Edge,146.0,11
Microsoft Edge,18.18363,11
QQ Browser,19.8,11
MIUI Browser,20.11,11
Yandex Browser,24.7,11
Chrome,85.0,11
Chrome,93.0,11
Microsoft Edge,119.0,10
Microsoft Edge,124.0,10
Safari,16.2,10
Yandex Browser,24.1,10
Opera GX,3.1,10
Firefox,88.0,10
Chrome,100.0,9
Chrome,101.0,9
Firefox,129.0,9
Firefox,132.0,9
Safari,17.8,9
Yandex Browser,23.5,9
Yandex Browser,23.7,9
Yandex Browser,24.12,9
Firefox,84.0,9
Chrome,94.0,9
Firefox,102.0,8
Microsoft Edge,106.0,8
Ecosia,11.6,8
Microsoft Edge,111.0,8
Microsoft Edge,116.0,8
Firefox,118.0,8
Firefox,125.0,8
Firefox,147.2,8
Safari,16.0,8
Samsung Browser,27.0,8
SberBrowser,33.0,8
Chrome,80.0,8
Opera,93.0,8
Chrome,96.0,8
Firefox,110.0,7
Microsoft Edge,112.0,7
Opera,115.0,7
Firefox,122.0,7
Microsoft Edge,123.0,7
Firefox,126.0,7
QQ Browser,13.5,7
Mobile Silk,142.7,7
vivo Browser,15.0,7
Microsoft Edge,18.17763,7
Hi Browser,2.25,7
Chrome,45.0,7
Chrome,59.0,7
QtWebEngine,6.10,7
Opera Touch,6.3,7
Firefox,78.0,7
Chrome,83.0,7
Firefox,106.0,6
Firefox,107.0,6
Microsoft Edge,113.0,6
Microsoft Edge,117.0,6
Opera,119.0,6
Microsoft Edge,125.0,6
Safari,13.1,6
Mobile App,137.0,6
MIUI Browser,14.50,6
Firefox,143,6
vivo Browser,15.3,6
Microsoft Edge,17.17134,6
QQ Browser,20.0,6
vivo Browser,27.6,6
vivo Browser,27.8,6
JioSphere,6.0,6
Chrome,92.0,6
Opera,95.0,6
vivo Browser,10.8,5
Mobile App,103.0,5
Microsoft Edge,103.0,5
Microsoft Edge,114.0,5
Firefox,117.0,5
Microsoft Edge,118.0,5
Mobile App,119.0,5
Huawei Browser,12.1,5
Firefox,120.0,5
Firefox,123.0,5
Mobile App,123.0,5
Mobile App,126.0,5
Mobile App,131.0,5
Firefox,140.7,5
Chrome,144,5
vivo Browser,15.2,5
Safari,15.4,5
Samsung Browser,17.0,5
Microsoft Edge,18.19041,5
UC Browser,18.2,5
MIUI Browser,20.1,5
QQ Browser,21.0,5
Yandex Browser,25.20,5
vivo Browser,27.7,5
Chrome,48.0,5
Chrome,79.0,5
Chrome,88.0,5
Chrome,89.0,5
Firefox,91.0,5
Android Browser,(not set),4
Microsoft Edge,105.0,4
Mobile App,108.0,4
Chrome,115.0,4
Opera,116.0,4
Firefox,116.0,4
Meizu Browser,12.9,4
Microsoft Edge,120.0,4
Opera,120.0,4
Firefox,121.0,4
