name,unique_entrances,total_entrances,visit_duration
/3/,449,454,702
/zh-cn/3/,428,451,159
/zh-cn/3/tutorial/index.html,377,393,214
/zh-cn/3.14/whatsnew/3.14.html,343,384,468
/zh-cn/3/library/idle.html,265,271,43
/zh-cn/3/library/turtle.html,223,236,136
/zh-cn/3/library/index.html,204,211,212
/zh-cn/3.13/tutorial/index.html,179,186,151
/zh-cn/3.14/,170,176,512
/zh-cn/3.13/using/android.html,118,119,32
/dev/using/windows.html,112,113,364
/zh-cn/3.14/tutorial/index.html,108,111,465
/zh-cn/3/library/functions.html,107,111,113
/zh-cn/3/reference/index.html,100,102,216
/zh-cn/3/tutorial/introduction.html,84,87,247
/zh-cn/3/tutorial/controlflow.html,80,85,161
/zh-cn/3.14/library/index.html,79,84,147
/zh-cn/3.13/library/idle.html,71,72,12
/zh-cn/3/tutorial/,68,70,60
/zh-cn/3/library/stdtypes.html,64,68,237
/zh-cn/3.15/using/windows.html,62,62,124
/zh-cn/3/using/index.html,61,61,24
/zh-cn/3/library/,60,63,57
/zh-cn/3/whatsnew/3.14.html,55,56,207
/zh-cn/3.14/tutorial/controlflow.html,53,54,435
/zh-cn/3/library/math.html,53,54,26
/zh-cn/3.13/using/index.html,52,53,70
/zh-cn/3.13/,51,52,82
/zh-cn/3.13/tutorial/controlflow.html,51,55,145
/zh-cn/3/search.html,50,55,145
/zh-cn/3/tutorial/interpreter.html,50,50,300
/zh-cn/3/library/venv.html,49,49,0
/zh-cn/3.13/library/functions.html,48,50,325
/zh-cn/3/tutorial/appetite.html,47,47,303
/3/tutorial/index.html,43,43,369
/zh-cn/3.13/library/venv.html,43,43,45
/zh-cn/3.14/library/stdtypes.html,43,44,98
/zh-cn/3.14/search.html,43,45,468
/zh-cn/3.14/whatsnew/,43,43,140
/zh-cn/3/tutorial/datastructures.html,41,41,252
/zh-cn/3/tutorial/classes.html,40,42,36
/zh-cn/3/using/mac.html,40,41,40
/zh-cn/3/index.html,37,43,224
/zh-cn/3/installing/index.html,37,37,2
/zh-cn/3.13/library/index.html,36,43,251
/zh-cn/3.13/tutorial/datastructures.html,36,39,84
/zh-cn/3.14/library/functions.html,36,37,208
/zh-cn/3.14/tutorial/introduction.html,36,38,615
/3.14/,35,35,430
/zh-cn/3.12/,34,36,36
/zh-cn/3/library/multiprocessing.html,33,33,288
/zh-cn/3/library/typing.html,33,33,3
/zh-cn/3.13/tutorial/interpreter.html,32,35,422
/zh-cn/3/contents.html,32,32,169
/zh-cn/3/whatsnew/index.html,30,30,18
/zh-cn/3.14/tutorial/,29,31,120
/zh-cn/3/installing/,29,29,98
/3.13/,28,28,372
/zh-cn/3.14/index.html,28,29,958
/zh-cn/3.14/installing/index.html,28,28,60
/zh-cn/3/using/windows.html,28,28,179
/zh-cn/3.14/tutorial/interpreter.html,27,28,176
/zh-cn/3/library/random.html,27,27,4
/3/tutorial/,26,26,400
/zh-cn/3.13/library/stdtypes.html,26,28,85
/zh-cn/3/glossary.html,25,26,416
/zh-cn/3/library/subprocess.html,25,26,74
/zh-cn/3/tutorial/inputoutput.html,25,25,242
/zh-cn/3.13/search.html,24,26,125
/zh-cn/3/library/re.html,24,24,67
/zh-cn/3.13/tutorial/appetite.html,23,23,82
/zh-cn/3.13/using/mac.html,23,23,26
/zh-cn/3.14/using/index.html,23,23,24
/zh-cn/3/reference/datamodel.html,23,23,599
/zh-cn/3.13/index.html,22,22,248
/zh-cn/3.13/installing/index.html,22,22,2
/zh-cn/3.14/contents.html,22,23,169
/3.14/tutorial/index.html,21,21,302
/zh-cn/3.12//reference/simple_stmts.html,21,21,0
/zh-cn/3.12/library/index.html,21,21,335
/zh-cn/3.12/tutorial/index.html,21,23,340
/zh-cn/3/howto/enum.html,21,21,86
/zh-cn/3/library/tkinter.html,21,21,201
/zh-cn/3/tutorial/modules.html,21,21,438
/zh-cn/3.13/library/asyncio.html,20,21,109
/zh-cn/3.13/library/turtle.html,20,21,88
/zh-cn/3.13/tutorial/,20,20,152
/zh-cn/3.13/tutorial/classes.html,20,21,46
/zh-cn/3.14/tutorial/appetite.html,20,20,608
/zh-cn/3.14/tutorial/datastructures.html,20,20,302
/zh-cn/3.14/tutorial/inputoutput.html,20,22,266
/zh-cn/3/library/os.html,20,21,189
/3.14/whatsnew/3.14.html,19,19,271
/zh-cn/3.13/library/math.html,19,23,84
/zh-cn/3.13/tutorial/introduction.html,19,19,62
/zh-cn/3.14/glossary.html,19,20,419
/zh-cn/3/howto/regex.html,19,20,91
/3/library/index.html,18,18,511
/zh-cn/3.13/reference/index.html,18,18,162
/zh-cn/3.13/tutorial/errors.html,18,18,305
/zh-cn/3.14/download.html,18,18,196
/zh-cn/3.14/reference/index.html,18,18,109
/zh-cn/3.14/tutorial/modules.html,18,18,229
/zh-cn/3/library/tkinter.ttk.html,18,18,28
/zh-cn/3/library/unittest.html,18,18,145
/3/library/functions.html,17,17,528
/zh-cn/3.15/,17,18,292
/zh-cn/3/download.html,17,18,48
/zh-cn/3/library/asyncio-task.html,17,19,46
/zh-cn/3/library/asyncio.html,17,18,640
/zh-cn/3/library/dataclasses.html,17,18,212
/zh-cn/3/library/pdb.html,17,17,0
/zh-cn/3/tutorial/errors.html,17,17,104
/3.12/,16,16,492
/3.14/using/windows.html,16,16,126
/3/search.html,16,16,1104
/zh-cn/3.13/library/asyncio-task.html,16,16,1
/zh-cn/3.13/reference/datamodel.html,16,16,5
/zh-cn/3/extending/extending.html,16,16,248
/zh-cn/3/library/struct.html,16,17,0
/zh-cn/3/reference/compound_stmts.html,16,16,970
/zh-cn/3.12/search.html,15,18,129
/zh-cn/3.13/library/logging.html,15,17,116
/zh-cn/3.13/library/re.html,15,15,21
/zh-cn/3.14/howto/free-threading-python.html,15,16,152
/zh-cn/3/library/collections.html,15,15,199
/zh-cn/3/library/multiprocessing.shared_memory.html,15,16,178
/zh-cn/3/library/tk.html,15,15,53
/3.13/tutorial/index.html,14,15,171
/zh-cn/3.13/using/windows.html,14,14,263
/zh-cn/3/howto/argparse.html,14,14,0
/zh-cn/3/howto/index.html,14,14,92
/zh-cn/3/library/os.path.html,14,14,1
/zh-cn/3/reference/import.html,14,15,16
/zh-cn/3/using/cmdline.html,14,14,167
/zh-cn/3.12/library/stdtypes.html,13,14,216
/zh-cn/3.12/using/mac.html,13,13,118
/zh-cn/3.13/library/argparse.html,13,13,42
/zh-cn/3.13/library/multiprocessing.html,13,13,0
/zh-cn/3.13/library/pdb.html,13,13,163
/zh-cn/3.13/library/struct.html,13,14,0
/zh-cn/dev/using/,13,13,23
/zh-cn/3.12/library/heapq.html,12,12,4
/zh-cn/3.13/library/random.html,12,12,24
/zh-cn/3.14/tutorial/errors.html,12,12,462
/zh-cn/3.14/using/windows.html,12,12,26
/zh-cn/3/library/abc.html,12,12,198
/zh-cn/3/library/decimal.html,12,12,293
/zh-cn/3/library/pathlib.html,12,12,2
/zh-cn/3/library/queue.html,12,12,37
/zh-cn/3/library/string.html,12,12,336
/zh-cn/3/reference/lexical_analysis.html,12,12,149
/zh-cn/3.13/glossary.html,11,14,7
/zh-cn/3.13/library/profile.html,11,11,6
/zh-cn/3.14/library/turtle.html,11,11,2
/zh-cn/3/library/argparse.html,11,11,31
/zh-cn/3/library/copy.html,11,11,130
/zh-cn/3/library/gzip.html,11,11,0
/zh-cn/3/library/http.server.html,11,11,0
/zh-cn/3/library/statistics.html,11,11,0
/zh-cn/dev/whatsnew/3.13.html,11,11,139
/3/library/multiprocessing.html,10,10,569
/3/library/typing.html,10,10,409
/zh-cn/3.12/library/functions.html,10,10,22
/zh-cn/3.12/tutorial/datastructures.html,10,10,180
/zh-cn/3.13/library/os.html,10,11,8
/zh-cn/3.13/library/tkinter.html,10,10,1
/zh-cn/3.13/library/traceback.html,10,10,76
/zh-cn/3.13/reference/expressions.html,10,10,63
/zh-cn/3.13/tutorial/inputoutput.html,10,11,1
/zh-cn/3.13/tutorial/venv.html,10,10,63
/zh-cn/3.13/using/cmdline.html,10,11,46
/zh-cn/3.14/howto/index.html,10,10,237
/zh-cn/3.14/tutorial/classes.html,10,11,213
/zh-cn/3/library/ast.html,10,10,0
/zh-cn/3/library/ctypes.html,10,10,30
/zh-cn/3/library/functools.html,10,10,47
/zh-cn/3/library/intro.html,10,10,57
/zh-cn/3/py-modindex.html,10,12,402
/zh-cn/3/reference/expressions.html,10,11,359
/zh-cn/3/reference/introduction.html,10,10,195
/3.14/index.html,9,9,519
/3/library/random.html,9,9,1192
/3/library/turtle.html,9,9,122
/3/using/windows.html,9,9,113
/zh-cn/3.12/index.html,9,9,479
/zh-cn/3.12/library/logging.html,9,9,0
/zh-cn/3.13/library/ast.html,9,9,0
/zh-cn/3.13/library/json.html,9,9,620
/zh-cn/3.14/library/typing.html,9,9,50
/zh-cn/3/library/asyncio-runner.html,9,9,226
/zh-cn/3/library/datetime.html,9,10,68
/zh-cn/3/library/exceptions.html,9,10,704
/zh-cn/3/library/shutil.html,9,10,166
/zh-cn/3/tutorial/stdlib.html,9,10,338
/3.13/tutorial/,8,8,484
/3.14/tutorial/,8,8,258
/3/library/stdtypes.html,8,8,1026
/zh-cn/3.12/library/multiprocessing.html,8,8,167
/zh-cn/3.12/library/turtle.html,8,9,178
/zh-cn/3.12/reference/index.html,8,8,239
/zh-cn/3.12/tutorial/controlflow.html,8,8,158
/zh-cn/3.13/c-api/intro.html,8,8,49
/zh-cn/3.13/contents.html,8,8,359
/zh-cn/3.13/library/,8,8,1148
/zh-cn/3.13/library/concurrent.futures.html,8,8,19
/zh-cn/3.13/library/importlib.html,8,9,20
/zh-cn/3.13/library/threading.html,8,8,16
/zh-cn/3.13/library/tk.html,8,8,166
/zh-cn/3.13/tutorial/stdlib2.html,8,8,620
/zh-cn/3.14/c-api/intro.html,8,8,164
/zh-cn/3.14/reference/datamodel.html,8,8,1034
/zh-cn/3.14/using/cmdline.html,8,9,221
/zh-cn/3.15/tutorial/index.html,8,8,26
/zh-cn/3/howto/sorting.html,8,8,8
/zh-cn/3/library/bisect.html,8,8,0
/zh-cn/3/library/itertools.html,8,9,292
/zh-cn/3/library/json.html,8,8,135
/zh-cn/3/library/logging.html,8,8,551
/zh-cn/3/library/pickle.html,8,8,345
/zh-cn/3/library/trace.html,8,9,485
/zh-cn/3/license.html,8,8,0
/zh-cn/3/whatsnew/3.13.html,8,8,229
/3.12/tutorial/,7,8,63
/3.13/using/windows.html,7,7,365
/3/download.html,7,7,248
/3/index.html,7,7,256
/3/library/idle.html,7,7,218
/3/tutorial/inputoutput.html,7,7,1202
/zh-cn/3.12/library/itertools.html,7,7,0
/zh-cn/3.12/using/index.html,7,7,299
/zh-cn/3.12/whatsnew/3.12.html,7,7,0
/zh-cn/3.13/download.html,7,7,114
/zh-cn/3.13/library/abc.html,7,7,0
/zh-cn/3.13/library/dataclasses.html,7,7,0
/zh-cn/3.13/library/heapq.html,7,7,216
/zh-cn/3.13/library/pathlib.html,7,7,1102
/zh-cn/3.13/library/pickle.html,7,7,151
/zh-cn/3.13/library/string.html,7,8,0
/zh-cn/3.13/library/tempfile.html,7,7,14
/zh-cn/3.13/library/unittest.html,7,7,0
/zh-cn/3.13/tutorial/modules.html,7,7,209
/zh-cn/3.13/using/ios.html,7,7,0
/zh-cn/3.14/library/queue.html,7,8,726
/zh-cn/3.14/library/random.html,7,7,163
/zh-cn/3.14/library/tkinter.html,7,7,4
/zh-cn/3.14/py-modindex.html,7,7,635
/zh-cn/3.14/reference/compound_stmts.html,7,7,730
/zh-cn/3/howto/curses.html,7,7,4
/zh-cn/3/library/pprint.html,7,7,21
/zh-cn/3/library/threading.html,7,7,1
/zh-cn/3/library/unittest.mock-examples.html,7,7,281
/zh-cn/3/reference/executionmodel.html,7,7,67
/zh-cn/3/whatsnew/3.12.html,7,7,75
/3.15/,6,6,271
/3/library/datetime.html,6,6,169
/3/library/tkinter.html,6,6,261
/3/tutorial/datastructures.html,6,6,774
/3/whatsnew/3.14.html,6,6,862
/zh-cn/3.12/library/typing.html,6,6,0
/zh-cn/3.12/library/unittest.html,6,6,286
/zh-cn/3.12/tutorial/interpreter.html,6,6,850
/zh-cn/3.13/c-api/index.html,6,6,80
/zh-cn/3.13/howto/gdb_helpers.html,6,7,500
/zh-cn/3.13/howto/logging.html,6,6,0
/zh-cn/3.13/installing/,6,6,292
/zh-cn/3.13/library/subprocess.html,6,6,0
/zh-cn/3.13/library/typing.html,6,6,58
/zh-cn/3.13/whatsnew/3.12.html,6,6,0
/zh-cn/3.14/extending/index.html,6,6,532
/zh-cn/3.14/genindex.html,6,6,1837
/zh-cn/3.14/library/asyncio.html,6,6,488
/zh-cn/3.14/library/exceptions.html,6,7,517
/zh-cn/3.14/library/logging.html,6,6,340
/zh-cn/3.14/library/multiprocessing.html,6,6,7
/zh-cn/3.14/library/pathlib.html,6,7,0
/zh-cn/3.14/library/pdb.html,6,6,10
/zh-cn/3.14/library/venv.html,6,7,165
/zh-cn/3.14/reference/simple_stmts.html,6,6,1322
/zh-cn/3.14/tutorial/venv.html,6,6,430
/zh-cn/3.14/whatsnew/3.13.html,6,6,346
/zh-cn/3/library/array.html,6,6,421
/zh-cn/3/library/asyncio-eventloop.html,6,6,293
/zh-cn/3/library/development.html,6,6,74
/zh-cn/3/library/difflib.html,6,6,0
/zh-cn/3/library/fcntl.html,6,6,0
/zh-cn/3/library/heapq.html,6,6,250
/zh-cn/3/library/io.html,6,7,0
/zh-cn/3/library/pydoc.html,6,6,1
/zh-cn/3/library/winreg.html,6,8,668
/zh-cn/3/library/zipfile.html,6,6,0
/zh-cn/3/tutorial/venv.html,6,6,50
/zh-cn/dev/howto/free-threading-python.html,6,6,156
/zh-cn/dev/whatsnew/3.14.html,6,6,0
/3/contents.html,5,5,715
/3/installing/,5,5,226
/3/reference/index.html,5,5,2630
/3/tutorial/errors.html,5,5,29
/3/tutorial/venv.html,5,5,276
/zh-cn/3.12/installing/index.html,5,5,290
