name,version,visitors
Chrome,140.0,6996
Microsoft Edge,140.0,5446
Chrome,139.0,630
Firefox,143.0,479
Opera,120.0,431
Firefox,142.0,347
Safari,18.6,297
Yandex Browser,25.8,297
Microsoft Edge,139.0,270
Mobile App,(not set),242
Opera,121.0,221
Chrome,138.0,214
Smart Lenovo Browser,9.0,177
Chrome,132.0,171
Chrome,122.0,132
Microsoft Edge,138.0,112
Safari,26.0,111
Chrome,126.0,77
Chrome,109.0,76
Quark,(not set),75
Opera,122.0,72
Chrome,137.0,64
Safari,18.5,58
Chrome,136.0,51
Avast Secure Browser,139.0,47
Microsoft Edge,137.0,46
Microsoft Edge,136.0,44
Microsoft Edge,92.0,40
Firefox,140.0,39
Chrome,131.0,36
Chrome,135.0,34
Chrome,134.0,30
Microsoft Edge,141.0,29
Safari,17.6,28
Microsoft Edge,122.0,27
Safari,18.3,26
QQ Browser,19.6,26
Mobile App,97.0,26
Firefox,128.0,25
Microsoft Edge,131.0,24
QQ Browser,6.2,24
Chrome,120.0,21
Chrome,128.0,21
Safari,16.6,21
Microsoft Edge,133.0,20
Chrome,114.0,19
Huawei Browser,12.1,19
Microsoft Edge,135.0,19
Samsung Browser,28.0,18
Chrome,86.0,18
Chrome,133.0,17
Huawei Browser Mobile,16.0,17
Microsoft Edge,134.0,16
Chrome,108.0,15
Chrome,117.0,15
Microsoft Edge,109.0,14
Firefox,115.0,14
Chrome,127.0,14
Sogou Explorer,2,14
Chrome,130.0,13
Firefox,141.0,13
Safari,15.6,13
Chrome,103.0,12
Chrome,129.0,12
Chrome,142.0,12
vivo Browser,26.3,12
Chrome,121.0,11
Chrome,125.0,11
AVG Secure Browser,139.0,11
Chrome,87.0,11
Firefox,144.0,10
Safari,18.7,10
Safari,(not set),9
Chrome,116.0,9
Microsoft Edge,128.0,9
Firefox,136.0,9
Safari,18.1,9
vivo Browser,26.2,9
(not set),(not set),8
Microsoft Edge,129.0,8
Microsoft Edge,130.0,8
Safari,17.5,8
MIUI Browser,20.3,8
Huawei Browser Mobile,5.1,8
Microsoft Edge,114.0,7
Chrome,124.0,7
Firefox,138.0,7
CCleaner,139.0,7
Safari,14.1,7
Chrome,141.0,7
Microsoft Edge,18.18363,7
Microsoft Edge,100.0,6
Microsoft Edge,112.0,6
Mobile App,114.0,6
Microsoft Edge,117.0,6
Firefox,127.0,6
Microsoft Edge,132.0,6
Norton Private Browser,139.0,6
Mobile App,140.0,6
Firefox,142.1,6
Safari,17.2,6
UC Browser,18.0,6
Safari,18.0,6
UC Browser,18.1,6
Microsoft Edge,18.18362,6
Safari,18.4,6
MIUI Browser,20.2,6
Whale Browser,4.33,6
Quark,7.16,6
Chrome,101.0,5
Opera,113.0,5
Chrome,119.0,5
Microsoft Edge,127.0,5
Firefox,139.0,5
MIUI Browser,14.10,5
Yandex Browser,25.4,5
Yandex Browser,25.6,5
Opera,91.0,5
Microsoft Edge,108.0,4
Microsoft Edge,113.0,4
Microsoft Edge,115.0,4
Chrome,118.0,4
Safari,13.1,4
QQ Browser,13.7,4
Avast Secure Browser,131.0,4
MIUI Browser,14.1,4
Microsoft Edge,14.14393,4
Safari,16.1,4
Safari,17.4,4
QQ Browser,19.2,4
QQ Browser,19.5,4
MIUI Browser,20.1,4
Yahoo! Japan Browser,3.64,4
Chrome,92.0,4
Chrome,93.0,4
Chrome,95.0,4
Microsoft Edge,110.0,3
Chrome,112.0,3
Firefox,117.0,3
Microsoft Edge,118.0,3
Microsoft Edge,119.0,3
Microsoft Edge,121.0,3
Chrome,123.0,3
Microsoft Edge,124.0,3
Microsoft Edge,126.0,3
Mobile App,126.0,3
QQ Browser,13.3,3
Firefox,133.0,3
Firefox,134.0,3
Avast Secure Browser,137.0,3
Huawei Browser Mobile,14.0,3
Firefox,145.0,3
Safari,16.3,3
Safari,16.5,3
Safari,17.8,3
Microsoft Edge,18.19041,3
QQ Browser,19.4,3
vivo Browser,26.0,3
Firefox,52.0,3
Chrome,74.0,3
Microsoft Edge,84.0,3
Microsoft Edge,90.0,3
Opera,95.0,3
Chrome,97.0,3
360 Secure Browser,(not set),2
Chromium,(not set),2
Chrome,102.0,2
Microsoft Edge,106.0,2
Chrome,106.0,2
Microsoft Edge,107.0,2
Chrome,107.0,2
Mobile App,109.0,2
Microsoft Edge,111.0,2
Chrome,113.0,2
Chrome,115.0,2
Opera,116.0,2
Microsoft Edge,120.0,2
Microsoft Edge,125.0,2
QQ Browser,13.4,2
Puffin,132.3,2
Firefox,135.0,2
Firefox,137.0,2
Mobile App,138.0,2
Mobile App,139.0,2
Chrome,141,2
Huawei Browser Mobile,15.0,2
Safari,15.1,2
Microsoft Edge,16.16299,2
Safari,17.1,2
Safari,17.14,2
Safari,17.7,2
Safari,18.2,2
Firefox,2.0,2
MIUI Browser,20.0,2
MIUI Browser,20.4,2
Falkon,22.12,2
Yandex Browser,23.7,2
Yandex Browser,24.10,2
Safari,26.1,2
QtWebEngine,6.9,2
Mobile App,61.0,2
Chrome,65.0,2
Chrome,66.0,2
Chrome,79.0,2
Mobile App,80.0,2
Microsoft Edge,89.0,2
Opera,90.0,2
Microsoft Edge,91.0,2
Opera,94.0,2
Microsoft Edge,98.0,2
Chrome,99.0,2
Brave,(not set),1
Android Browser,(not set),1
Konqueror,(not set),1
Chrome,100.0,1
Microsoft Edge,101.0,1
Opera,102.0,1
Microsoft Edge,103.0,1
Microsoft Edge,104.0,1
Chrome,105.0,1
Safari,11.0,1
QQ Browser,11.0,1
Huawei Browser Mobile,11.1,1
Opera,111.0,1
Opera,112.0,1
Firefox,113.0,1
Firefox,116.0,1
Microsoft Edge,116.0,1
Opera,118.0,1
Opera,119.0,1
Mobile App,123.0,1
Chrome,124.61,1
Mobile App,127.0,1
QQ Browser,13.1,1
QQ Browser,13.5,1
QQ Browser,13.6,1
Firefox,130.0,1
Mobile App,130.0,1
Firefox,131.0,1
Mobile App,131.0,1
Mobile App,133.0,1
Avast Secure Browser,138.0,1
Avira Secure Browser,139.0,1
MIUI Browser,14.2,1
vivo Browser,14.4,1
vivo Browser,14.7,1
MIUI Browser,14.9,1
Chrome,140,1
Microsoft Edge,142.0,1
Safari,15.4,1
Safari,16.0,1
Safari,16.4,1
Safari,17.11,1
Microsoft Edge,17.17134,1
Safari,17.3,1
MIUI Browser,17.6,1
MIUI Browser,17.9,1
vivo Browser,18.0,1
Microsoft Edge,18.17763,1
Phoenix Browser,19.3,1
MIUI Browser,19.3,1
MIUI Browser,19.9,1
Yandex Browser,23.3,1
Yandex Browser,24.1,1
Yandex Browser,24.4,1
vivo Browser,25.9,1
vivo Browser,26.1,1
Samsung Browser,28.1,1
Quark,4.6,1
QtWebEngine,5.15,1
UBrowser,6.0,1
Safari,6.0,1
vivo Browser,6.5,1
QtWebEngine,6.8,1
Chrome,69.0,1
Quark,7.15,1
Samsung Browser,7.2,1
Quark,7.7,1
Chrome,76.0,1
Chrome,78.0,1
vivo Browser,8.8,1
Mobile App,83.0,1
Chrome,83.0,1
Firefox,87.0,1
Chrome,90.0,1
Mobile App,90.0,1
Mobile App,91.0,1
Chrome,91.0,1
Mobile App,92.0,1
Chrome,96.0,1
Opera,98.0,1
Chrome,98.0,1
Mobile App,99.0,1
