name,visitors
Chrome,9347
Microsoft Edge,2708
Firefox,1498
Safari,981
Opera,252
Yandex Browser,167
Mobile App,68
(not set),28
Samsung Browser,26
Quark,19
Smart Lenovo Browser,14
SberBrowser,13
MIUI Browser,12
Sogou Explorer,10
QQ Browser,9
vivo Browser,8
Avast Secure Browser,5
Brave,5
Huawei Browser Mobile,5
Whale Browser,5
AVG Secure Browser,4
Norton Private Browser,4
QtWebEngine,4
Sleipnir,4
Phoenix Browser,3
Aloha Browser,2
Chromium,2
QQ Browser Lite,2
t-online.de Browser,2
Internet Explorer,1
Opera GX,1
UC Browser,1
Waterfox,1
