name,visitors
Singapore,189
Paris,156
London,142
Frankfurt am Main,138
Chicago,137
New York City,134
Tokyo,120
Amsterdam,112
Mumbai,111
San Jose,107
Munich,103
Bengaluru,100
Moscow,98
Sydney,98
Madrid,98
Chennai,96
Toronto,93
Los Angeles,92
Warsaw,90
Milan,87
São Paulo,82
Berlin,81
Vienna,76
Hong Kong,70
Melbourne,69
Hyderabad,66
Beijing,65
Pune,64
Ashburn,62
Atlanta,60
Reston,60
Seattle,60
Stockholm,59
Zürich,58
Barcelona,58
Dublin,57
New Delhi,53
Ho Chi Minh City,53
Istanbul,51
Tel Aviv,50
Helsinki,50
Manchester,50
Prague,47
Montréal,46
Bangkok,45
Shanghai,45
Santiago,44
Budapest,41
Jakarta,40
Guangzhou,38
Hanoi,37
Rome,37
Lisbon,35
Brussels,33
Stuttgart,33
Austin,33
Boston,33
Copenhagen,32
Cairo,31
Delhi,31
Hamburg,31
Osaka,30
San Francisco,30
Riyadh,29
Nairobi,29
Miami,29
Houston,29
Denver,29
Saint Petersburg,28
Jersey City,28
Kyiv,27
Rio de Janeiro,27
Lagos,26
Ahmedabad,25
Auckland,25
Bogotá,25
Dallas,25
Bucharest,24
Lahore,24
Düsseldorf,24
Oslo,24
San Diego,24
Boardman,24
Karachi,23
Wuhan,23
Cape Town,23
Brooklyn,23
Santa Cruz,23
Kolkata,22
Shenzhen,22
Birmingham,22
Kraków,22
Medellín,22
Philadelphia,22
Kuala Lumpur,21
Brisbane,21
N/A,21
Dubai,20
Ankara,20
Hangzhou,20
Marseille,20
Brno,20
Portland,20
Vancouver,20
Sanaa,19
Johannesburg,19
Chengdu,19
Seoul,19
Toulouse,19
Lyon,19
Tashkent,18
Southampton,18
Trondheim,18
Lima,18
Baltimore,18
Charlotte,18
Athens,17
Coimbatore,17
Göteborg,17
Eindhoven,17
Köln,17
Wrocław,17
Tallinn,16
Vilnius,16
Belgrade,16
Xi’an,16
Qingdao,16
Utrecht,16
Nürnberg,16
Brasília,16
Columbus,16
Phoenix,16
Ottawa,16
Addis Ababa,15
Gurgaon,15
Taipei,15
Changsha,15
Abuja,15
Antwerpen,15
Turin,15
Gustavo Adolfo Madero,15
Washington,15
Nanjing,14
Valencia,14
City of Westminster,14
Lausanne,14
Bonn,14
Jeddah,13
Riga,13
Sofia,13
Islamabad,13
Lucknow,13
Karlsruhe,13
Poznań,13
Gdańsk,13
Zagreb,13
Porto Alegre,13
Pittsburgh,13
Tehran,12
Minsk,12
Dhaka,12
Jaipur,12
Chandīgarh,12
Bhubaneshwar,12
Quezon City,12
Manila,12
Tianjin,12
N/A,12
Yokohama,12
Perth,12
Fulham,12
Edinburgh,12
Cambridge,12
Bratislava,12
Bologna,12
Cambridge,12
Minneapolis,12
Queens,12
Santa Clara,12
Salt Lake City,12
Calgary,12
N/A,12
Kigali,11
Tbilisi,11
Cochin,11
Bhopāl,11
Bandung,11
N/A,11
Belfast,11
Uppsala,11
The Hague,11
Rotterdam,11
Bielefeld,11
Saint-Étienne,11
Camden Town,11
Durham,11
Abu Dhabi,10
Antananarivo,10
Almaty,10
Canberra,10
Sevilla,10
Nottingham,10
N/A,10
Leeds,10
Glasgow,10
Bristol,10
Haarlem,10
Almere Stad,10
Leuven,10
Dresden,10
Bordeaux,10
Fortaleza,10
Curitiba,10
San José,10
St. Louis,10
Berkeley,10
Oakland,10
Sunnyvale,10
Lambeth,10
Medina,9
Samara,9
Espoo,9
Dnipro,9
Colombo,9
Faridabad,9
Da Nang,9
Surabaya,9
Depok,9
Nanning,9
N/A,9
Suzhou,9
Islington,9
Lund,9
Porto,9
Heilbronn,9
Bremen,9
Łódź,9
Aachen,9
N/A,9
Buenos Aires,9
Goiânia,9
Campinas,9
Mexico City,9
Washington,9
Des Moines,9
Cleveland,9
Mississauga,9
Çankaya,9
Doha,8
Nizhniy Novgorod,8
Oulu,8
Thessaloníki,8
Pretoria,8
Dehra Dūn,8
Yekaterinburg,8
Chongqing,8
Phnom Penh,8
Adelaide,8
Casablanca,8
Newcastle upon Tyne,8
Liverpool,8
N/A,8
Luzern,8
Zwolle,8
Naaldwijk,8
Leiden,8
Delft,8
Leipzig,8
Montpellier,8
Naples,8
Ljubljana,8
Tampa,8
Silver Spring,8
Troy,8
Tucson,8
Sacramento,8
Albuquerque,8
Lubbock,8
Boulder,8
Edmonton,8
Amman,7
Sharjah,7
Krasnodar,7
Surat,7
Salem,7
Nagpur,7
Zhengzhou,7
Annaba,7
York,7
Wandsworth,7
Sheffield,7
Oxford,7
Cardiff,7
Broxburn,7
Barnet,7
Basel,7
Malmö,7
Linz,7
Graz,7
Liège,7
