name,visitors
Tokyo,251
Singapore,195
Beijing,185
Hong Kong,182
Shanghai,164
Guangzhou,156
Bengaluru,148
Hyderabad,123
Moscow,102
Jakarta,93
Paris,93
Shenzhen,92
Istanbul,90
Los Angeles,80
Mumbai,78
Taipei,78
Chennai,76
Tashkent,76
São Paulo,76
Osaka,73
Hanoi,71
Madrid,68
Hangzhou,67
Wuhan,66
Milan,66
Warsaw,65
Cairo,64
Pune,64
Ho Chi Minh City,63
Frankfurt am Main,63
New York City,61
Xi’an,58
Chicago,58
Amsterdam,56
New Delhi,54
Zhengzhou,54
London,53
Toronto,53
Nanjing,49
Chengdu,49
Seoul,49
Lima,48
Bogotá,47
Lagos,45
Rio de Janeiro,44
Kyiv,42
Tel Aviv,41
Chongqing,41
Tehran,40
Nairobi,39
Berlin,38
Riyadh,37
Barcelona,37
Saint Petersburg,36
Prague,36
Brussels,35
Munich,35
Changsha,34
Vienna,34
San Jose,34
Ashburn,32
Kuala Lumpur,31
Tianjin,31
Melbourne,31
N/A,31
Athens,30
Islamabad,30
Dublin,30
Lahore,29
Accra,29
Seattle,29
Hefei,28
Sydney,28
Santiago,28
Atlanta,28
Bangkok,27
Qingdao,27
Montréal,27
Dubai,26
Ankara,26
Lucknow,26
Delhi,26
Taichung,26
Colombo,25
Coimbatore,25
Kolkata,25
Jinan,25
Sofia,24
Karachi,24
Dhaka,24
Zürich,24
Johannesburg,23
Medellín,23
San Francisco,23
Bhubaneshwar,22
Kraków,22
Brasília,22
Reston,22
Denver,22
Baku,21
Bhopāl,21
Nagoya,21
Suzhou,21
Stockholm,21
Curitiba,21
Bucharest,20
Cochin,20
Kathmandu,20
Yekaterinburg,19
N/A,19
Dakar,19
Rome,19
Guayaquil,19
Zacatecas,19
Abidjan,18
Cape Town,18
Puebla,18
Houston,18
Brooklyn,18
Amman,17
Gurgaon,17
Ahmedabad,17
Novosibirsk,17
Bandung,17
Wuhu,17
Pingdingshan,17
Shenyang,17
Brisbane,17
Abuja,17
Casablanca,17
Poznań,17
Camden Town,17
Santo Domingo,17
Subang Jaya,17
Dammam,16
Helsinki,16
Algiers,16
San José,16
San Diego,16
Çankaya,16
Minsk,15
Jaipur,15
Hsinchu,15
Málaga,15
Copenhagen,15
Gdańsk,15
Turin,15
Belo Horizonte,15
Zapopan,15
Philadelphia,15
Dallas,15
Addis Ababa,14
Almaty,14
Semarang,14
Shangqiu,14
N/A,14
Lisbon,14
Stuttgart,14
Hamburg,14
Wrocław,14
Recife,14
N/A,14
Salvador,14
Mexico City,14
San Salvador,14
Quito,14
Benito Juarez,14
N/A,14
Baghdad,13
Kampala,13
Krasnodar,13
Tbilisi,13
Yerevan,13
Cluj-Napoca,13
Belgrade,13
Kaohsiung,13
Nanchang,13
Kunming,13
Perth,13
Oslo,13
Padova,13
Boston,13
Vancouver,13
İzmir,12
Alexandria,12
Indore,12
Dehra Dūn,12
Agra,12
Bishkek,12
Da Nang,12
Shijiazhuang,12
Nanning,12
Fuzhou,12
Dongguan,12
N/A,12
Seongnam-si,12
Tunis,12
Genève,12
Porto,12
Buenos Aires,12
Sorocaba,12
Toluca,12
Washington,12
Miami,12
N/A,12
Abu Dhabi,11
Samara,11
Guwahati,11
N/A,11
Xiamen,11
Kyoto,11
N/A,11
Manchester,11
Köln,11
Budapest,11
Porto Alegre,11
N/A,11
Gustavo Adolfo Madero,11
Guadalajara,11
Boardman,11
Calgary,11
Lviv,10
Rawalpindi,10
Vadodara,10
Salem,10
Tyumen,10
Thái Nguyên,10
Tangerang,10
Putian,10
Guiyang,10
Yokohama,10
Douala,10
Wandsworth,10
N/A,10
Rotterdam,10
Bratislava,10
Teresina,10
São Luís,10
Belém,10
Uberlândia,10
Campinas,10
Barranquilla,10
Sunnyvale,10
Las Vegas,10
Ottawa,10
Québec,10
N/A,10
Jeddah,9
Kigali,9
Doha,9
Voronezh,9
Ufa,9
Vilnius,9
Thessaloníki,9
Nagpur,9
Chandīgarh,9
Krasnoyarsk,9
Quezon City,9
Cebu City,9
Cheongju-si,9
Hamamatsu,9
Adelaide,9
Yaoundé,9
Marrakesh,9
Dürnten,9
Naaldwijk,9
Haarlem,9
Kassel,9
Essen,9
Aachen,9
Fortaleza,9
La Paz,9
Austin,9
Washington,9
N/A,9
Medina,8
Giza,8
Riga,8
Vijayawada,8
Patna,8
Mangalore,8
Allahābād,8
Chelyabinsk,8
Nur-Sultan,8
Ürümqi,8
Surabaya,8
Bekasi,8
Taoyuan,8
Nantong,8
Lanzhou,8
Changzhou,8
N/A,8
Goyang-si,8
N/A,8
N/A,8
Nishinomiya-hama,8
Khabarovsk,8
Luanda,8
Ouagadougou,8
Valencia,8
