property,value,visitors,events,percentage
url,(none),169718,292269,99.9
url,https://www.python.org/,1213,1334,0.7
url,https://github.com/python/cpython/tree/3.13/Lib/idlelib/,192,213,0.1
url,https://tkdocs.com/,156,166,0.1
url,https://www.python.org/downloads/,118,125,0.1
url,https://wiki.python.org/moin/BeginnersGuide,97,104,0.1
url,https://github.com/python/cpython/tree/3.13/Lib/tkinter/__init__.py,87,103,0.1
url,https://mypy.readthedocs.io/en/stable/cheat_sheet_py3.html,84,85,0.0
url,https://pypi.org/,82,87,0.0
url,https://www.tkdocs.com/shipman/,72,76,0.0
url,https://packaging.python.org/guides/installing-using-pip-and-virtual-environments/#create-and-use-virtual-environments,70,78,0.0
url,https://www.python.org/downloads/macos/,56,57,0.0
url,https://www.tcl.tk/man/tcl8.6/TkCmd/contents.htm,52,57,0.0
url,https://devguide.python.org/,39,40,0.0
url,https://www.python.org/doc/versions/,39,46,0.0
url,https://packaging.python.org/en/latest/tutorials/packaging-projects/,37,37,0.0
url,https://www.python.org/psf/donations/,35,37,0.0
url,https://github.com/python/cpython/tree/3.13/Lib/datetime.py,30,31,0.0
url,https://packaging.python.org/en/latest/tutorials/installing-packages/#ensure-pip-setuptools-and-wheel-are-up-to-date,29,29,0.0
url,https://pypi.org/project/telnetlib3/,27,29,0.0
url,https://github.com/python/cpython/tree/3.13/Lib/idlelib,26,36,0.0
url,https://github.com/python/cpython/tree/3.13/Lib/random.py,24,24,0.0
url,https://github.com/python/cpython/tree/3.13/Lib/turtle.py,24,31,0.0
url,https://peps.python.org/pep-0397/,23,24,0.0
url,https://packaging.python.org/,22,22,0.0
url,https://www.sqlite.org/,22,24,0.0
url,https://github.com/python/cpython/tree/3.13/Lib/venv/,21,25,0.0
url,https://github.com/python/cpython/tree/3.13/Lib/logging/__init__.py,20,20,0.0
url,https://github.com/python/cpython/tree/3.13/Lib/re/,19,20,0.0
url,https://peps.python.org/pep-0563/,19,21,0.0
url,https://github.com/python/cpython/tree/3.13/Lib/sqlite3/,18,18,0.0
url,https://peps.python.org/,18,19,0.0
url,https://peps.python.org/pep-0703/,18,18,0.0
url,https://www.tcl.tk/,18,19,0.0
url,https://datatracker.ietf.org/doc/html/rfc4122.html,17,17,0.0
url,https://github.com/python/cpython/tree/3.13/Lib/os.py,17,18,0.0
url,https://peps.python.org/pep-0719/,17,17,0.0
url,https://tkdocs.com/book.html,17,17,0.0
url,https://en.wikipedia.org/wiki/Turtle_(robot),16,23,0.0
url,https://github.com/python/cpython/tree/3.13/Lib/socket.py,16,16,0.0
url,https://manpages.debian.org/recv(2),16,17,0.0
url,https://peps.python.org/pep-0594/,16,16,0.0
url,https://peps.python.org/pep-0636/,16,16,0.0
url,https://wiki.python.org/moin/PythonBooks,16,16,0.0
url,https://www.packtpub.com/en-us/product/python-gui-programming-with-tkinter-9781788835886,16,16,0.0
url,https://docs.pytest.org/,15,15,0.0
url,https://github.com/python/cpython/tree/3.13/Lib/argparse.py,15,15,0.0
url,https://github.com/python/cpython/tree/3.13/Lib/copy.py,15,16,0.0
url,https://github.com/python/cpython/tree/3.13/Lib/logging/handlers.py,15,16,0.0
url,https://github.com/python/cpython/tree/3.13/Lib/typing.py,15,15,0.0
url,https://github.com/python/cpython/tree/3.13/Lib/webbrowser.py,15,15,0.0
url,https://peps.python.org/pep-0484/,15,15,0.0
url,https://peps.python.org/pep-0492/,15,17,0.0
url,https://peps.python.org/pep-0557/,15,16,0.0
url,https://briefcase.readthedocs.io/,14,15,0.0
url,https://en.wikipedia.org/wiki/Cursor_(databases),14,14,0.0
url,https://github.com/python/cpython/tree/3.13/Lib/subprocess.py,14,15,0.0
url,https://packaging.python.org/installing/#creating-virtual-environments,14,17,0.0
url,https://packaging.python.org/installing/#requirements-for-installing-packages,14,14,0.0
url,https://requests.readthedocs.io/en/master/,14,14,0.0
url,https://www.debian.org/doc/manuals/maint-guide/first.en.html,14,14,0.0
url,https://brew.sh/,13,13,0.0
url,https://github.com/python/cpython/tree/3.13/Lib/csv.py,13,13,0.0
url,https://github.com/python/cpython/tree/3.13/Lib/heapq.py,13,16,0.0
url,https://github.com/python/cpython/tree/3.13/Lib/xml/etree/ElementTree.py,13,13,0.0
url,https://packaging.python.org/installing/,13,14,0.0
url,https://peps.python.org/pep-0343/,13,14,0.0
url,https://peps.python.org/pep-0695/,13,13,0.0
url,https://setuptools.readthedocs.io/en/latest/setuptools.html,13,13,0.0
url,https://typing.python.org/en/latest/spec/index.html,13,13,0.0
url,https://www.unicode.org/versions/Unicode15.1.0/ch03.pdf,13,13,0.0
url,https://dateutil.readthedocs.io/en/stable/,12,12,0.0
url,https://en.wikipedia.org/wiki/Thread_(computing),12,12,0.0
url,https://github.com/python/cpython/tree/3.13/Lib/dataclasses.py,12,12,0.0
url,https://github.com/python/cpython/tree/3.13/Lib/functools.py,12,12,0.0
url,https://github.com/python/cpython/tree/3.13/Lib/string.py,12,13,0.0
url,https://github.com/python/cpython/tree/3.13/Lib/urllib/,12,12,0.0
url,https://peps.python.org/pep-0632/#migration-advice,12,13,0.0
url,https://pypi.org/project/DateType/,12,12,0.0
url,https://toml.io/en/,12,13,0.0
url,https://github.com/python/cpython/tree/3.13/Lib/pathlib/,11,12,0.0
url,https://peps.python.org/pep-0008/,11,11,0.0
url,https://peps.python.org/pep-0585/,11,11,0.0
url,https://peps.python.org/pep-3119/,11,11,0.0
url,https://termux.dev/en/,11,11,0.0
url,https://www.sphinx-doc.org/,11,12,0.0
url,https://datatracker.ietf.org/doc/html/rfc822.html,10,10,0.0
url,https://en.wikipedia.org/wiki/Memoization,10,10,0.0
url,https://en.wikipedia.org/wiki/Walrus#/media/File:Pacific_Walrus_-_Bull_(8247646168).jpg,10,12,0.0
url,https://github.com/python/cpython/tree/3.13/Lib/asyncio/,10,10,0.0
url,https://github.com/python/cpython/tree/3.13/Lib/json/__init__.py,10,11,0.0
url,https://github.com/python/cpython/tree/3.13/Lib/smtplib.py,10,10,0.0
url,https://peps.python.org/pep-0305/,10,10,0.0
url,https://typing.python.org/en/latest/,10,11,0.0
url,https://wiki.python.org/moin/GuiProgramming,10,11,0.0
url,https://www.anaconda.com/download/,10,11,0.0
url,https://www.cwi.nl/,10,12,0.0
url,https://www.riverbankcomputing.com/static/Docs/pyqtdeploy/,10,12,0.0
url,https://www.w3.org/TR/xpath,10,10,0.0
url,https://github.com/python/cpython/blob/main/Doc/tutorial/index.rst,9,9,0.0
url,https://github.com/python/cpython/tree/3.13/Lib/asyncio/coroutines.py,9,10,0.0
url,https://github.com/python/cpython/tree/3.13/Lib/collections/__init__.py,9,10,0.0
url,https://github.com/python/cpython/tree/3.13/Lib/http/server.py,9,9,0.0
url,https://github.com/python/cpython/tree/3.13/Lib/threading.py,9,9,0.0
url,https://github.com/python/cpython/tree/3.13/Lib/unittest/__init__.py,9,9,0.0
url,https://packaging.python.org/extensions/,9,9,0.0
url,https://peps.python.org/pep-0405/,9,9,0.0
url,https://peps.python.org/pep-0526/,9,9,0.0
url,https://www.cnri.reston.va.us/,9,9,0.0
url,https://www.w3schools.com/sql/,9,9,0.0
url,https://buildozer.readthedocs.io/,8,8,0.0
url,https://core.tcl.tk/tips/doc/trunk/tip/48.md,8,9,0.0
url,https://datatracker.ietf.org/doc/html/rfc4648.html,8,9,0.0
url,https://en.wikipedia.org/wiki/Fibonacci_sequence,8,8,0.0
url,https://github.com/python/cpython/tree/3.13/Lib/hashlib.py,8,8,0.0
url,https://github.com/python/cpython/tree/3.13/Lib/queue.py,8,9,0.0
url,https://github.com/python/cpython/tree/3.13/Lib/shutil.py,8,8,0.0
url,https://github.com/python/cpython/tree/3.13/Lib/zipfile/,8,8,0.0
url,https://peps.python.org/pep-0420/,8,8,0.0
url,https://peps.python.org/pep-0634/,8,8,0.0
url,https://peps.python.org/pep-0744/,8,8,0.0
url,https://py-free-threading.github.io/installing-cpython/,8,8,0.0
url,https://pypi.org/project/pip/,8,8,0.0
url,https://pypi.org/project/tomli-w/,8,8,0.0
url,https://www.python.org/psf/,8,9,0.0
url,https://chaquo.com/chaquopy,7,9,0.0
url,https://devguide.python.org/documentation/help-documenting/,7,7,0.0
url,https://gist.github.com/vsajip/4673395,7,7,0.0
url,https://github.com/python/cpython/tree/3.13/Lib/ensurepip,7,8,0.0
url,https://github.com/python/cpython/tree/3.13/Lib/numbers.py,7,8,0.0
url,https://github.com/python/cpython/tree/3.13/Lib/statistics.py,7,7,0.0
url,https://github.com/python/cpython/tree/3.13/Lib/tempfile.py,7,8,0.0
url,https://packaging.python.org/en/latest/tutorials/installing-packages/,7,8,0.0
url,https://packaging.python.org/science/,7,8,0.0
url,https://peps.python.org/pep-0696/,7,8,0.0
url,https://peps.python.org/pep-3107/,7,8,0.0
url,https://pypi.org/project/regex/,7,7,0.0
url,https://pypi.org/project/tomlkit/,7,8,0.0
url,https://requests.readthedocs.io/en/latest/,7,7,0.0
url,https://tiswww.case.edu/php/chet/readline/rltop.html,7,8,0.0
url,https://wasi.dev/,7,7,0.0
url,https://beeware.org/,6,6,0.0
url,https://github.com/python/cpython/tree/3.13/Lib/base64.py,6,6,0.0
url,https://github.com/python/cpython/tree/3.13/Lib/concurrent/futures/thread.py,6,6,0.0
url,https://github.com/python/cpython/tree/3.13/Lib/difflib.py,6,6,0.0
url,https://github.com/python/cpython/tree/3.13/Lib/getpass.py,6,6,0.0
url,https://github.com/python/cpython/tree/3.13/Lib/multiprocessing/,6,7,0.0
url,https://github.com/python/cpython/tree/3.13/Lib/operator.py,6,6,0.0
url,https://github.com/python/cpython/tree/3.13/Lib/pickle.py,6,6,0.0
url,https://github.com/python/cpython/tree/3.13/Lib/secrets.py,6,7,0.0
url,https://github.com/python/cpython/tree/3.13/Lib/tkinter/filedialog.py,6,6,0.0
url,https://github.com/python/cpython/tree/3.13/Lib/tomllib,6,6,0.0
url,https://github.com/python/cpython/tree/3.13/Lib/urllib/parse.py,6,6,0.0
url,https://peps.python.org/pep-0011/,6,6,0.0
url,https://peps.python.org/pep-0249/,6,6,0.0
url,https://peps.python.org/pep-0292/,6,6,0.0
url,https://peps.python.org/pep-0308/,6,6,0.0
url,https://peps.python.org/pep-0324/,6,6,0.0
url,https://peps.python.org/pep-0567/,6,6,0.0
url,https://pypi.org/project/tzdata/,6,6,0.0
url,https://wiki.python.org/moin/PythonEditors,6,7,0.0
url,https://www.sqlite.org/schematab.html,6,7,0.0
url,https://www.unicode.org/reports/tr44/,6,6,0.0
url,https://xkcd.com/936/,6,6,0.0
url,https://code.activestate.com/recipes/577504-compute-memory-footprint-of-an-object-and-its-cont/,5,6,0.0
url,https://en.wikipedia.org/wiki/Cartesian_product,5,5,0.0
url,https://en.wikipedia.org/wiki/SQL_injection,5,5,0.0
url,https://github.com/python/cpython/tree/3.13/Lib/_collections_abc.py,5,8,0.0
url,https://github.com/python/cpython/tree/3.13/Lib/ast.py,5,5,0.0
url,https://github.com/python/cpython/tree/3.13/Lib/calendar.py,5,7,0.0
url,https://github.com/python/cpython/tree/3.13/Lib/decimal.py,5,5,0.0
url,https://github.com/python/cpython/tree/3.13/Lib/html/__init__.py,5,5,0.0
url,https://github.com/python/cpython/tree/3.13/Lib/imaplib.py,5,5,0.0
url,https://github.com/python/cpython/tree/3.13/Lib/pdb.py,5,5,0.0
url,https://github.com/python/cpython/tree/3.13/Lib/pydoc.py,5,5,0.0
url,https://peps.python.org/pep-0302/,5,5,0.0
url,https://peps.python.org/pep-0387/,5,5,0.0
url,https://peps.python.org/pep-0428/,5,5,0.0
url,https://peps.python.org/pep-0593/,5,5,0.0
url,https://peps.python.org/pep-0613/,5,5,0.0
url,https://pypi.org/project/Exscript/,5,5,0.0
url,https://pypi.org/project/legacy-cgi/,5,5,0.0
url,https://rhettinger.wordpress.com/2011/05/26/super-considered-super/,5,5,0.0
url,https://wiki.python.org/moin/PythonTestingToolsTaxonomy,5,6,0.0
url,https://www.unicode.org/,5,5,0.0
url,http://www.math.sci.hiroshima-u.ac.jp/~m-mat/MT/MT2002/emt19937ar.html,4,5,0.0
url,https://cython.org/,4,4,0.0
url,https://en.wikipedia.org/wiki/Priority_queue,4,5,0.0
url,https://en.wikipedia.org/wiki/XML_namespace,4,4,0.0
url,https://github.com/python/cpython/blob/main/Doc/tutorial/introduction.rst,4,4,0.0
url,https://github.com/python/cpython/tree/3.13/Lib/asyncio/base_events.py,4,4,0.0
url,https://github.com/python/cpython/tree/3.13/Lib/bisect.py,4,4,0.0
url,https://github.com/python/cpython/tree/3.13/Lib/codecs.py,4,4,0.0
url,https://github.com/python/cpython/tree/3.13/Lib/configparser.py,4,4,0.0
url,https://github.com/python/cpython/tree/3.13/Lib/ctypes,4,4,0.0
url,https://github.com/python/cpython/tree/3.13/Lib/shlex.py,4,4,0.0
url,https://github.com/python/cpython/tree/3.13/Lib/signal.py,4,4,0.0
url,https://github.com/python/cpython/tree/3.13/Lib/timeit.py,4,4,0.0
url,https://github.com/python/cpython/tree/3.13/Lib/tkinter/messagebox.py,4,5,0.0
url,https://github.com/python/cpython/tree/3.13/Lib/urllib/request.py,4,4,0.0
url,https://github.com/python/cpython/tree/3.13/Lib/wave.py,4,4,0.0
url,https://github.com/python/cpython/tree/3.13/Lib/xml/,4,5,0.0
url,https://github.com/python/cpython/tree/3.13/Lib/zipimport.py,4,5,0.0
url,https://json.org/,4,4,0.0
url,https://learning-python.com/about-pp4e.html,4,4,0.0
url,https://manpages.debian.org/fcntl(2),4,4,0.0
url,https://mypy.readthedocs.io/en/stable/index.html,4,4,0.0
url,https://numpy.org/,4,4,0.0
url,https://packaging.python.org/en/latest/glossary/#term-Distribution-Package,4,4,0.0
url,https://peps.python.org/pep-0238/,4,4,0.0
url,https://peps.python.org/pep-0584/,4,4,0.0
url,https://peps.python.org/pep-0667/,4,4,0.0
url,https://peps.python.org/pep-3115/,4,4,0.0
url,https://peps.python.org/pep-3141/,4,4,0.0
url,https://peps.python.org/pep-3149/,4,5,0.0
url,https://pypi.org/project/Urwid/,4,4,0.0
url,https://rfc.zeromq.org/spec/32/,4,4,0.0
url,https://web.archive.org/web/20150315073817/http://www.xprogramming.com/testfram.htm,4,4,0.0
url,https://wiki.python.org/moin/IntegratedDevelopmentEnvironments,4,4,0.0
url,https://www.sqlite.org/flextypegood.html,4,4,0.0
url,https://www.zlib.net/,4,4,0.0
url,https://bugs.python.org/issue?@action=redirect&bpo=12782,3,3,0.0
url,https://code.activestate.com/recipes/576694/,3,3,0.0
url,https://code.activestate.com/recipes/577434-nested-contexts-a-chain-of-mapping-objects/,3,3,0.0
url,https://datatracker.ietf.org/doc/html/rfc4180.html,3,3,0.0
url,https://datatracker.ietf.org/doc/html/rfc5322.html,3,3,0.0
url,https://datatracker.ietf.org/doc/html/rfc9110.html,3,3,0.0
url,https://devguide.python.org/garbage_collector/#collecting-the-oldest-generation,3,3,0.0
url,https://en.wikipedia.org/wiki/Backus%E2%80%93Naur_form,3,3,0.0
url,https://en.wikipedia.org/wiki/Cryptographic_hash_function#Attacks_on_cryptographic_hash_algorithms,3,3,0.0
url,https://en.wikipedia.org/wiki/Database_transaction,3,3,0.0
url,https://en.wikipedia.org/wiki/Extended_Backus%E2%80%93Naur_form,3,3,0.0
url,https://en.wikipedia.org/wiki/Timsort,3,3,0.0
url,https://en.wikipedia.org/wiki/Universal_binary,3,3,0.0
url,https://github.com/pypa,3,3,0.0
url,https://github.com/python/cpython/blob/main/Doc/bugs.rst,3,4,0.0
url,https://github.com/python/cpython/blob/main/Doc/contents.rst,3,3,0.0
url,https://github.com/python/cpython/blob/main/Doc/library/functions.rst,3,3,0.0
url,https://github.com/python/cpython/blob/main/Doc/reference/index.rst,3,3,0.0
url,https://github.com/python/cpython/blob/main/Doc/tutorial/errors.rst,3,3,0.0
url,https://github.com/python/cpython/issues,3,3,0.0
url,https://github.com/python/cpython/tree/3.13/Android/testbed,3,5,0.0
url,https://github.com/python/cpython/tree/3.13/Lib/asyncio/events.py,3,3,0.0
url,https://github.com/python/cpython/tree/3.13/Lib/colorsys.py,3,3,0.0
url,https://github.com/python/cpython/tree/3.13/Lib/dbm/__init__.py,3,5,0.0
url,https://github.com/python/cpython/tree/3.13/Lib/genericpath.py,3,3,0.0
url,https://github.com/python/cpython/tree/3.13/Lib/glob.py,3,3,0.0
url,https://github.com/python/cpython/tree/3.13/Lib/graphlib.py,3,3,0.0
url,https://github.com/python/cpython/tree/3.13/Lib/html/parser.py,3,4,0.0
url,https://github.com/python/cpython/tree/3.13/Lib/http/client.py,3,4,0.0
url,https://github.com/python/cpython/tree/3.13/Lib/io.py,3,4,0.0
url,https://github.com/python/cpython/tree/3.13/Lib/mimetypes.py,3,3,0.0
url,https://github.com/python/cpython/tree/3.13/Lib/platform.py,3,3,0.0
url,https://github.com/python/cpython/tree/3.13/Lib/site.py,3,3,0.0
url,https://github.com/python/cpython/tree/3.13/Lib/socketserver.py,3,3,0.0
url,https://github.com/python/cpython/tree/3.13/Lib/tkinter/scrolledtext.py,3,4,0.0
url,https://github.com/python/cpython/tree/3.13/Lib/tkinter/ttk.py,3,3,0.0
url,https://github.com/python/cpython/tree/3.13/Lib/unittest/mock.py,3,3,0.0
url,https://github.com/python/cpython/tree/3.13/Lib/uuid.py,3,3,0.0
url,https://github.com/python/cpython/tree/3.13/Lib/warnings.py,3,3,0.0
url,https://github.com/python/cpython/tree/3.13/iOS/README.rst,3,3,0.0
url,https://infozip.sourceforge.net/,3,3,0.0
url,https://manpages.debian.org/dlopen(3),3,3,0.0
url,https://manpages.debian.org/flock(2),3,3,0.0
url,https://manpages.debian.org/ioctl(2),3,3,0.0
url,https://manpages.debian.org/options(3),3,3,0.0
url,https://manpages.debian.org/sched_yield(2),3,3,0.0
url,https://manpages.debian.org/setsockopt(2),3,3,0.0
url,https://manpages.debian.org/termios(3),3,3,0.0
url,https://opensource.org/,3,3,0.0
url,https://peps.python.org/pep-0011/#tier-3,3,3,0.0
url,https://peps.python.org/pep-0255/,3,3,0.0
url,https://peps.python.org/pep-0434/,3,3,0.0
url,https://peps.python.org/pep-0453/,3,3,0.0
url,https://peps.python.org/pep-0475/,3,3,0.0
url,https://peps.python.org/pep-0617/,3,3,0.0
url,https://peps.python.org/pep-0632/,3,3,0.0
url,https://peps.python.org/pep-0673/,3,3,0.0
url,https://peps.python.org/pep-0688/,3,3,0.0
url,https://peps.python.org/pep-0693/,3,3,0.0
url,https://peps.python.org/pep-3147/,3,3,0.0
url,https://portingguide.readthedocs.io/,3,3,0.0
url,https://pypi.org/project/aiosmtpd/,3,3,0.0
url,https://pypi.org/project/filetype/,3,3,0.0
url,https://pypy.org/,3,4,0.0
url,https://tktable.sourceforge.net/tile/doc/converting.txt,3,3,0.0
url,https://webassembly.org/,3,3,0.0
url,https://wiki.tcl-lang.org/37432,3,3,0.0
url,https://www.jython.org/,3,5,0.0
url,https://www.python.org/doc/av/,3,3,0.0
url,https://www.python.org/downloads/source/,3,5,0.0
url,https://www.unicode.org/Public/15.1.0/ucd/NameAliases.txt,3,3,0.0
url,https://www.youtube.com/watch?v=JgIgEjASOlk,3,4,0.0
url,http://ocert.org/advisories/ocert-2011-003.html,2,2,0.0
url,http://www.zlib.net/manual.html,2,2,0.0
url,https://cibuildwheel.pypa.io/en/stable/platforms/#android,2,2,0.0
url,https://code.activestate.com/recipes/305268/,2,2,0.0
url,https://code.activestate.com/recipes/393090-binary-floating-point-summation-accurate-to-full-p/,2,2,0.0
url,https://code.activestate.com/recipes/576642-persistent-dict-with-multiple-standard-file-format/,2,2,0.0
url,https://code.activestate.com/recipes/579000-equally-spaced-numbers-linspace/,2,2,0.0
