name,unique_exits,total_exits,exit_rate
/3/,8473,8821,
/3/library/venv.html,7258,7505,
/3/library/stdtypes.html,6311,6741,
/3/library/functions.html,6246,6596,
/3/library/datetime.html,5006,5281,
/3/tutorial/index.html,4361,4545,
/3/library/re.html,3594,3801,
/3/library/typing.html,3321,3485,
/3/tutorial/datastructures.html,3220,3343,
/3/library/tkinter.html,2867,2998,
/3/library/logging.html,2620,2738,
/3/library/csv.html,2541,2662,
/3/library/argparse.html,2495,2617,
/3/library/index.html,2478,2584,
/3/library/pathlib.html,2387,2512,
/3/tutorial/,2361,2640,
/3/library/subprocess.html,2249,2394,
/3/library/idle.html,2174,2221,
/3/search.html,2110,2197,
/3/library/random.html,2077,2169,
/3/library/os.html,2025,2102,
/3/tutorial/controlflow.html,2025,2148,
/3/tutorial/errors.html,1952,2007,
/3/library/dataclasses.html,1948,2021,
/3/library/turtle.html,1922,2148,
/3/library/exceptions.html,1887,1944,
/3/library/collections.html,1800,1869,
/3/library/multiprocessing.html,1767,1915,
/3/tutorial/classes.html,1752,1809,
/3/library/math.html,1528,1599,
/3/library/unittest.mock.html,1527,1646,
/3/library/json.html,1508,1567,
/3/library/itertools.html,1483,1552,
/3/library/asyncio-task.html,1458,1535,
/3/library/unittest.html,1417,1498,
/3/tutorial/introduction.html,1402,1490,
/3/library/enum.html,1387,1433,
/3/library/os.path.html,1369,1406,
/3/tutorial/inputoutput.html,1355,1397,
/3/library/time.html,1321,1366,
/3/library/threading.html,1285,1338,
/3/tutorial/modules.html,1249,1306,
/3/library/sqlite3.html,1215,1296,
/3/tutorial/venv.html,1201,1227,
/3/library/string.html,1195,1225,
/3/library/concurrent.futures.html,1188,1248,
/3/library/functools.html,1086,1134,
/3/reference/datamodel.html,1067,1132,
/3/glossary.html,1062,1083,
/3/library/asyncio.html,1048,1079,
/3/library/xml.etree.elementtree.html,1046,1123,
/3/tutorial/interpreter.html,1041,1081,
/3/howto/logging.html,1026,1058,
/3/using/windows.html,1015,1044,
/3/installing/index.html,915,934,
/3/library/pickle.html,897,917,
/3/library/socket.html,868,934,
/3/library/struct.html,804,832,
/3/whatsnew/3.13.html,800,830,
/3/library/tempfile.html,765,799,
/3/howto/sorting.html,763,792,
/3/library/shutil.html,762,788,
/3/library/sys.html,758,780,
/3/library/heapq.html,747,784,
/3/library/pdb.html,730,757,
/3/using/mac.html,635,654,
/3/py-modindex.html,624,652,
/3/library/io.html,614,635,
/3/library/urllib.parse.html,602,628,
/3/library/copy.html,601,614,
/3/library/abc.html,595,611,
/3/tutorial/appetite.html,571,583,
/3/library/hashlib.html,560,575,
/3/library/zipfile.html,551,572,
/3/using/cmdline.html,538,554,
/3/library/glob.html,530,539,
/3/reference/expressions.html,521,541,
/ja/3/library/codecs.html,520,537,
/3/howto/regex.html,519,534,
/3/library/pprint.html,511,524,
/3/library/configparser.html,507,536,
/3/library/queue.html,502,521,
/3/reference/import.html,496,504,
/3/library/contextlib.html,486,500,
/3/library/asyncio-eventloop.html,485,510,
/3/reference/compound_stmts.html,472,494,
/zh-cn/3/tutorial/index.html,456,467,
/3/library/profile.html,453,485,
/3/library/ast.html,447,468,
/3/reference/index.html,446,463,
/3/reference/lexical_analysis.html,434,450,
/es/3/tutorial/,431,455,
/3/library/difflib.html,430,443,
/3/library/uuid.html,427,442,
/3/download.html,413,425,
/3/library/http.server.html,399,416,
/3/library/decimal.html,397,408,
/3/library/logging.handlers.html,393,405,
/3/howto/argparse.html,392,404,
/3/library/,391,412,
