name,visitors
England,8523
California,6319
Île-de-France,3174
New York,2703
Virginia,2402
Moscow,2312
Tokyo,2287
Texas,2250
Maharashtra,2021
Bavaria,2006
Hesse,1959
Ontario,1912
Illinois,1660
North Rhine-Westphalia,1626
Washington,1571
Mazovia,1500
Tamil Nadu,1485
North Holland,1478
Karnataka,1451
São Paulo,1346
Massachusetts,1337
Baden-Württemberg,1318
Telangāna,1155
Madrid Autonomous Community,1040
Florida,1030
Colorado,1028
Georgia,980
Zürich,979
Pennsylvania,978
Quebec,903
Berlin,791
Delhi,789
New Jersey,783
Ho Chi Minh City,777
New South Wales,776
Oregon,770
Lombardy,768
Stockholm,764
Uusimaa,738
Maryland,718
Guangdong,717
North Carolina,703
Catalonia,682
Auvergne-Rhône-Alpes,679
British Columbia,677
Vienna,673
Ohio,670
South Holland,668
Saint Petersburg,647
Tel Aviv,637
Taipei,629
Seoul,621
Michigan,619
Uttar Pradesh,595
Victoria,577
Prague,571
Leinster,526
Minnesota,523
Istanbul,506
Flanders,504
Beijing,500
Hanoi,496
Osaka,481
Capital Region,480
Brussels,479
Saxony,478
Arizona,477
Utah,476
Lower Saxony,475
Rio de Janeiro,474
Provence-Alpes-Côte-d'Azur,463
Shanghai,450
Kyiv,447
Iowa,443
Ciudad de Mexico,440
Gujarat,426
Lesser Poland,424
West Bengal,422
Alberta,404
Budapest,397
Lisbon,384
Buenos Aires Province,383
Scotland,371
Punjab,364
Kerala,353
Tennessee,347
Santiago Metropolitan,344
Missouri,343
Nouvelle-Aquitaine,335
Occitanie,331
Andalusia,329
Lazio,329
Bucharest,328
Jakarta,326
Indiana,324
Wisconsin,324
Kanagawa,322
Lower Silesia,318
Haryana,314
Metro Manila,314
Hamburg,312
Hauts-de-France,311
Attica,311
Gyeonggi,310
Capital District,306
Minas Gerais,300
Andhra Pradesh,295
Oslo,293
Rhineland-Palatinate,291
Queensland,289
Kyivshchyna,287
North Brabant,286
Grand-Est,282
Bangkok,279
Valencian Community,278
Utrecht,277
Cairo,276
Stavropol Krai,275
Jiangsu,273
Västra Götaland,270
Madhya Pradesh,268
Gauteng,268
New Taipei,263
South Carolina,261
Connecticut,255
Silesia,254
Zhejiang,253
Minsk,250
Vaud,250
Greater Poland,250
Lagos,243
Veneto,236
Pays-de-la-Loire,234
Emilia-Romagna,233
Nairobi County,228
Rajasthan,226
Tashkent,223
Piedmont,221
Sofia,217
Province 3,217
Makkah,215
Beograd,213
Paraná,212
Washington DC,208
Central,207
Pomerania,205
Brittany,204
Dubai,203
Federal District,202
Punjab,202
Kuala Lumpur,200
Rio Grande do Sul,199
Lima,198
Alabama,198
Gelderland,195
Skåne,195
Moscow Province,192
Mexico State,191
Ankara,191
Auckland,190
Aichi,187
Western,187
Wales,186
Trøndelag,186
Riyadh,183
South Moravia,181
Zagreb,179
Nevada,175
Wallonia,174
Riga,174
Antioquia,169
Porto,169
Santa Catarina,168
Western Australia,167
Jalisco,167
Taichung,167
Sverdlovsk,166
Almaty City,164
Shandong,163
Kansas,163
Saitama,162
Sindh,161
Sichuan,160
Chiba,159
Calabarzon,159
Novosibirsk,155
Styria,151
Lvivshchyna,150
Meknès-Tafilalet,149
Greater Accra,148
Tatarstan,146
Galicia,145
Krasnodar Krai,144
Henan,141
Hormozgan,141
Nizhny Novgorod,141
Western Cape,140
Bahia,139
Harjumaa,139
Tbilisi,139
Pernambuco,137
Oklahoma,137
Vilnius County,136
Schleswig-Holstein,135
Tuscany,135
Ceará,134
West Java,134
Dnipropetrovshchyna,134
Kentucky,132
New Mexico,132
Łódź,129
Guanajuato,127
Dhaka Division,126
Addis Ababa,126
Ljubljana,126
Taoyuan,126
Campania,125
Arkansas,125
South Australia,124
Baku,124
Central Denmark,124
Hubei,122
Kaohsiung,122
Bratislava,121
Idaho,121
Louisiana,120
Normandie,119
Selangor,118
Rostov,118
Yerevan,117
Pirkanmaa,115
Basque Country,112
Overijssel,112
Samara,110
Brandenburg,109
Thuringia,109
Aargau,108
Bern,108
Bremen,108
Bihar,107
Bishkek,105
Chandigarh,104
Islamabad,102
New Hampshire,101
Odisha,100
Central Macedonia,99
Central Luzon,99
Tunis,99
Astana,98
Rhode Island,98
Amman,97
Hsinchu County,97
Manitoba,95
Nebraska,94
Abu Dhabi,93
Jharkhand,93
Nuevo León,93
Cluj,92
Buenos Aires,91
Perm Krai,91
Shaanxi,89
Canary Islands,89
East Java,89
Pichincha,88
Castile and León,87
Federal Capital Territory,87
Geneva,86
Fujian,86
Lower Austria,85
San José,85
Hyogo,85
Chelyabinsk,85
Kuyavia-Pomerania,84
Bashkortostan,84
Distrito Nacional,83
Uttarākhand,83
Uppsala,83
Izmir,83
Hokkaido,81
Phnom Penh,81
Amazonas,80
Querétaro,79
Eastern,79
Hunan,78
Southern Denmark,78
Centre-Val de Loire,78
Hsinchu,78
Da Nang,78
Goiás,77
Vermont,76
Upper Austria,75
Assam,75
Sicily,75
Kyoto,75
Capital,75
Saarland,74
Fukuoka,74
Basel-Stadt,73
Odeshchyna,73
Chongqing,72
