name,version,visitors
Chrome,143.0,150
Microsoft Edge,143.0,58
Chrome,126.0,44
Firefox,146.0,28
Chrome,142.0,24
Opera,124.0,23
Chrome,132.0,14
Firefox,5.0,14
Chrome,111.0,10
Sogou Explorer,2,10
Chrome,139.0,7
Safari,26.1,7
360 Secure Browser,(not set),6
Safari,18.6,6
Chrome,69.0,5
Firefox,128.0,4
Firefox,145.0,4
Chrome,141.0,3
Yandex Browser,25.10,3
Opera,93.0,3
Chrome,122.0,2
Opera,125.0,2
Chrome,130.0,2
Chrome,134.0,2
Chrome,140.0,2
Firefox,140.0,2
Firefox,142.0,2
Avast Secure Browser,142.0,2
Safari,15.6,2
Safari,26.2,2
Chrome,83.0,2
Chromium,(not set),1
Chrome,103.0,1
Microsoft Edge,109.0,1
Chrome,114.0,1
Microsoft Edge,129.0,1
QQ Browser,13.0,1
Microsoft Edge,131.0,1
Chrome,136.0,1
Chrome,137.0,1
Chrome,138.0,1
Microsoft Edge,138.0,1
Microsoft Edge,141.0,1
Microsoft Edge,142.0,1
Samsung Browser,29.0,1
Smart Lenovo Browser,9.0,1
