property,value,visitors,events,percentage
url,(none),2264,7901,99.7
url,https://www.python.org/,30,31,1.3
url,https://docs.python.org/fr/3.14/archives/python-3.14-docs-html.zip,3,3,0.1
url,https://packaging.python.org/en/latest/tutorials/packaging-projects/,3,3,0.1
url,https://www.python.org/downloads/,3,3,0.1
url,https://docs.python.org/fr/3.14/archives/python-3.14-docs-texinfo.zip,2,5,0.1
url,https://docs.python.org/fr/3.14/archives/python-3.14-docs-text.zip,2,2,0.1
url,https://docs.python.org/fr/3.14/archives/python-3.14-docs.epub,2,2,0.1
url,https://github.com/python/cpython/tree/3.14/Lib/idlelib/,2,5,0.1
url,https://github.com/python/cpython/tree/3.14/Lib/turtle.py,2,4,0.1
url,https://www.tkdocs.com/,2,2,0.1
url,https://apps.microsoft.com/detail/9NQ7512CXL7T,1,1,0.0
url,https://bugs.python.org/issue?@action=redirect&bpo=31546,1,1,0.0
url,https://devguide.python.org/documentation/start-documenting/#building-the-documentation,1,2,0.0
url,https://docs.python.org/fr/3/archives/python-3.14-docs-html.tar.bz2,1,1,0.0
url,https://docs.python.org/fr/3/archives/python-3.14-docs-html.zip,1,1,0.0
url,https://docs.python.org/fr/3/archives/python-3.14-docs-text.zip,1,1,0.0
url,https://force-color.org/,1,1,0.0
url,https://fr.wikipedia.org/wiki/Timsort,1,1,0.0
url,https://github.com/python/cpython/tree/3.14/Lib/idlelib,1,1,0.0
url,https://github.com/python/cpython/tree/3.14/Lib/random.py,1,1,0.0
url,https://github.com/python/cpython/tree/3.14/Lib/tkinter/__init__.py,1,1,0.0
url,https://github.com/python/cpython/tree/3.14/Lib/tkinter/colorchooser.py,1,1,0.0
url,https://github.com/python/cpython/tree/3.14/Lib/tkinter/commondialog.py,1,1,0.0
url,https://github.com/python/cpython/tree/3.14/Lib/tkinter/filedialog.py,1,1,0.0
url,https://github.com/python/cpython/tree/3.14/Lib/tkinter/simpledialog.py,1,1,0.0
url,https://packaging.python.org/en/latest/tutorials/installing-packages/#ensure-pip-setuptools-and-wheel-are-up-to-date,1,1,0.0
url,https://packaging.python.org/installing/,1,1,0.0
url,https://packaging.python.org/installing/#requirements-for-installing-packages,1,1,0.0
url,https://peps.python.org/pep-0703/,1,1,0.0
url,https://peps.python.org/pep-0750/,1,1,0.0
url,https://peps.python.org/pep-3149/,1,1,0.0
url,https://pyvideo.org/video/1768/the-guts-of-unicode-in-python,1,1,0.0
url,https://pyvideo.org/video/289/pycon-2010--mastering-python-3-i-o,1,1,0.0
url,https://tiswww.case.edu/php/chet/readline/rltop.html,1,1,0.0
url,https://webassembly.org/,1,1,0.0
url,https://wiki.python.org/moin/IntegratedDevelopmentEnvironments,1,1,0.0
url,https://www.python.org/downloads/macos/,1,1,0.0
url,https://www.tkdocs.com/shipman/,1,1,0.0
url,https://www.zlib.net/,1,1,0.0
