name,visitors
Bengaluru,1365
Moscow,1195
Hyderabad,1143
Singapore,789
Chennai,749
Mumbai,716
Pune,650
San Jose,566
New York City,523
Sydney,510
New Delhi,486
Amsterdam,454
Beijing,450
Tokyo,440
Warsaw,439
Saint Petersburg,434
Los Angeles,388
Kolkata,383
São Paulo,377
Melbourne,372
Toronto,370
Ho Chi Minh City,369
Shanghai,367
Chicago,355
Paris,353
Berlin,350
Frankfurt am Main,342
Seattle,328
Bangkok,313
Guangzhou,313
Delhi,293
London,290
Tel Aviv,285
Istanbul,271
Munich,271
Kyiv,266
Cairo,265
Hong Kong,256
San Francisco,256
Madrid,249
Bogotá,248
Taipei,243
Nairobi,242
Zürich,240
Lagos,239
Dublin,233
Jakarta,224
Vienna,223
Milan,223
Shenzhen,221
Lima,217
Hanoi,216
Lahore,213
Chengdu,208
Helsinki,206
Prague,202
Ahmedabad,191
Montréal,191
Jaipur,187
Ashburn,187
Lucknow,186
Brooklyn,186
Stockholm,176
Santiago,172
Accra,171
Budapest,170
Cochin,167
Atlanta,165
Patna,163
Coimbatore,163
Dallas,163
Karachi,157
Tashkent,156
Kathmandu,155
Austin,155
Vancouver,154
Brisbane,153
Hangzhou,152
Sunnyvale,152
Denver,152
Kuala Lumpur,151
Hamburg,148
Rome,142
Rio de Janeiro,142
Medellín,141
Belgrade,140
N/A,139
Riyadh,138
Houston,136
Dubai,134
Dhaka,134
San Diego,133
Athens,132
Minsk,132
Colombo,132
Bhopāl,130
Auckland,128
Perth,125
Kraków,124
Barcelona,124
Addis Ababa,122
Portland,120
Nagpur,119
Manchester,119
Lisbon,116
Brussels,116
Calgary,115
Krasnodar,111
N/A,110
Queens,110
Ankara,109
Bucharest,107
Poznań,104
Miami,104
Johannesburg,103
Taichung,103
Phoenix,102
Riga,100
Noida,100
Quezon City,99
Stuttgart,99
Oslo,99
Philadelphia,98
Rostov-na-Donu,97
Oakland,97
Århus,96
Xi’an,94
Cupertino,94
Boston,93
Wuhan,92
Nanjing,92
Minneapolis,92
Santa Clara,89
Sofia,88
Wrocław,88
Salem,87
Yekaterinburg,87
Gurgaon,86
Novosibirsk,86
Osaka,85
Casablanca,85
Boryspil,83
Cape Town,83
Washington,83
Edmonton,83
Baku,82
Vilnius,82
Tbilisi,82
Mexico City,82
N/A,82
Dehra Dūn,81
N/A,81
Abuja,79
Vijayawada,78
Chandīgarh,78
Yerevan,77
Brasília,77
Reston,77
San José,76
Copenhagen,75
Ottawa,75
Adelaide,74
Cambridge,74
Belo Horizonte,74
Changsha,73
San Antonio,73
Samara,72
Köln,72
Montevideo,71
Lviv,70
Bhubaneshwar,70
Jeddah,69
Christchurch,69
Mountain View,69
Tehran,68
Rotterdam,68
Charlotte,68
Pittsburgh,68
Nizhniy Novgorod,67
Seoul,67
Vadodara,66
Tianjin,66
Yokohama,65
Zagreb,65
Boardman,65
Almaty,64
Wandsworth,64
Quito,64
Voronezh,63
Ufa,63
Islamabad,63
Indore,63
Ibadan,63
Utrecht,63
Naaldwijk,63
Surat,62
Qingdao,62
Guatemala City,62
Orlando,62
St. Louis,62
Fremont,62
Las Vegas,62
Guwahati,61
Bandung,61
Nürnberg,61
Bologna,61
Düsseldorf,60
Curitiba,60
Columbus,60
Salt Lake City,60
Giza,59
Zhengzhou,59
Chongqing,59
Palo Alto,59
Amman,58
Visakhapatnam,58
Thrissur,58
Chelyabinsk,58
Xiamen,57
Glasgow,57
Naples,57
Santo Domingo,57
Cambridge,57
Abidjan,56
Tunis,56
Toulouse,56
Arlington,56
Jersey City,56
Birmingham,55
Campinas,55
Gdańsk,54
Porto Alegre,54
The Bronx,54
Mississauga,54
İzmir,53
Manila,53
Turin,53
Hsinchu,52
Bratislava,52
Brno,52
Fortaleza,52
Kazan,51
Port Harcourt,51
Leipzig,51
Sacramento,51
Faisalabad,50
Aachen,50
Abu Dhabi,49
Phnom Penh,49
Lyon,49
Łódź,49
Cali,49
Madurai,48
Surabaya,48
Guadalajara,48
Baltimore,48
Albuquerque,48
Kitchener,48
Doha,47
Nashik,47
Göteborg,47
Silver Spring,47
Kozhikode,46
Nur-Sultan,46
Edinburgh,46
Guayaquil,46
Agra,45
Kaohsiung,45
Dongguan,45
Suzhou,45
Croydon,45
Buenos Aires,45
Yaroslavl,44
Rawalpindi,44
Ludhiāna,44
Kanpur,44
Ghāziābād,44
N/A,44
N/A,44
Antwerpen,44
Raleigh,44
Fort Worth,44
Suwon,43
City of Westminster,43
Karlsruhe,43
Berkeley,43
Bellevue,43
Burnaby,43
Dnipro,42
Tainan,42
Porto,42
Redmond,42
Benito Juarez,41
San Juan,41
Dammam,40
Rishon LeẔiyyon,40
Saratov,40
Dresden,40
Marseille,40
Salvador,40
