name,visitors,bounce_rate,visit_duration
Direct / None,1279,70,231
google.com,1028,75,112
bing.com,87,72,75
es.python.org,87,50,173
python.org,68,0,246
search.brave.com,57,82,174
chatgpt.com,43,72,123
duckduckgo.com,29,58,101
python-docs-translations.github.io,20,47,224
netacad.com,13,0,102
campus110.unad.edu.co,10,80,73
copilot.microsoft.com,8,67,48
ecosia.org,6,100,0
aules.edu.gva.es,5,80,16
escuela.pontia.tech,5,100,0
react-app-python-runner.vercel.app,5,80,93
agora.uned.es,4,50,103
bbbcapacitaciones.chaco.gob.ar,4,100,0
freecodecamp.org,4,60,3
github.com/mouredev/Hello-Python,4,75,23
hablemospython.dev,4,25,27
mx.search.yahoo.com,4,33,129
tecvi2.itmerida.mx,4,100,0
youtube.com,4,100,83
aulasvirtuales.epn.edu.ec,3,67,8
aulasvirtuales.unimet.edu.ve,3,100,0
github.com,3,100,0
google.es,3,0,55
plataforma-beta.coderhouse.com,3,67,0
ar.search.yahoo.com,2,100,0
blackbox.ai,2,100,0
claude.ai,2,0,248
es.search.yahoo.com,2,0,60
formacionpermanente.cursosvirtuales.uned.es,2,100,26
gemini.google.com,2,50,652
github.com/midudev/curso-python,2,50,13
isae.edu.ar,2,100,0
leer.amazon.com.mx,2,50,24
pensamientocomputacional.dev.ar,2,100,0
perplexity.ai,2,50,10
skilio.com,2,100,0
ttech2025.github.io,2,100,0
udemy.com,2,50,920
virtual.ugr.edu.ar,2,100,0
wiki.python.org,2,0,155
amuletmc.com,1,0,14
app.aluracursos.com,1,100,0
app.certidevs.com,1,0,1058
aprendepython.es,1,100,0
atenea.upc.edu,1,100,0
aulavirtual.iescierva.net,1,100,0
aulavirtual32.educa.madrid.org,1,100,0
baidu.com,1,100,0
boot.dev,1,0,13
campus-informatorio.chaco.gob.ar,1,100,0
campus.exactas.uba.ar,1,100,0
canva.com,1,100,0
canvas.unab.cl/courses/189118/pages/2-dot-2-%7C-semana-2-recursos-de-aprendizaje-%7C-30,1,0,1111
courses.edx.org,1,100,0
developer.cisco.com,1,0,0
developer.mozilla.org,1,0,60
docs.google.com,1,100,0
doubao.com,1,0,1746
estudiantes.campus.humai.com.ar,1,100,0
formacion.uam.es,1,100,0
forums.raspberrypi.com,1,0,0
freecodecamp.org/espanol/news/explicacion-del-bucle-while-de-while,1,100,0
freecodecamp.org/espanol/news/metodos-de-string-de-python-explicados-con-ejemplo,1,100,0
github.com/mouredev/one-day-one-language,1,0,60
google.com.mx,1,100,0
insalfonscostafreda.cat,1,0,4
keep.google.com,1,100,0
medium.com/pythoniq/socket-programming-in-python-the-beginners-guide-270b720e334d,1,0,7
mobiletips.in,1,0,165
moodle.upm.es,1,100,0
networkx.org,1,0,6
notebooklm.google.com,1,100,0
plataforma.josedomingo.org,1,0,25
pregrado.ucundinamarca.edu.co,1,100,0
r.search.yahoo.com/_ylt=AwrFSN5qE.toLQIAKqRjfgx.;_ylu=Y29sbwNiZjEEcG9zAzIEdnRpZAMEc2VjA3Ny/RV=2/RE=1761445995/RO=10/RU=https%3a%2f%2fdocs.python.org%2fes%2f3%2ftutorial%2f/RK=2/RS=kqnZAWLLmQrZB76rPu4XF2VAtIw-,1,100,0
sigma-alimentos.udemy.com,1,100,0
sites.google.com,1,100,0
tokioschool.com,1,0,6
uns.edu.pe,1,0,1159
uvirtual.cloud.ufps.edu.co,1,100,0
view.genially.com/6425fdb124880b00198e0b1c,1,100,0
virtual.unju.edu.ar,1,0,13206
wiki.python.org.ar,1,0,0
zenodo.org,1,100,0
