name,version,visitors
Chrome,144.0,88
Chrome,139.0,30
Firefox,147.0,26
Microsoft Edge,144.0,23
Chrome,131.0,20
Chrome,143.0,20
Safari,26.2,12
Opera,126.0,10
Chrome,133.0,10
Safari,18.6,10
Opera,125.0,8
Yandex Browser,25.12,7
Chrome,116.0,6
Firefox,146.0,5
Chrome,107.0,4
Chrome,108.0,4
Chrome,112.0,4
Chrome,132.0,4
Samsung Browser,29.0,4
Chrome,110.0,3
Chrome,111.0,3
Chrome,120.0,3
Chrome,124.0,3
Firefox,140.0,3
Chrome,69.0,3
Brave,(not set),2
Chrome,105.0,2
Microsoft Edge,109.0,2
Chrome,117.0,2
Firefox,127.0,2
Chrome,135.0,2
Chrome,138.0,2
Chrome,141.0,2
Firefox,5.0,2
Mobile App,(not set),1
Chrome,103.0,1
Chrome,104.0,1
Microsoft Edge,106.0,1
Chrome,106.0,1
Microsoft Edge,107.0,1
Chrome,109.0,1
Microsoft Edge,112.0,1
Chrome,136.0,1
Chrome,140.0,1
Chrome,142.0,1
Microsoft Edge,143.0,1
Microsoft Edge,145.0,1
Firefox,145.0,1
UC Browser,18.4,1
Sogou Explorer,2,1
Safari,26.1,1
vivo Browser,27.6,1
Microsoft Edge,84.0,1
Chrome,95.0,1
