name,unique_entrances,total_entrances,visit_duration
/downloads/,190658,199182,196
/,147944,153840,169
/downloads/windows/,47560,49109,171
/downloads/release/python-3143/,30553,30939,190
/downloads/release/pymanager-252/,20526,21101,171
/about/gettingstarted/,5258,5363,107
/downloads/macos/,5169,5241,91
/downloads/release/python-31312/,4820,4883,194
/downloads/release/python-3120/,4729,4821,230
/downloads/release/python-3119/,4588,4697,234
/downloads/release/python-31212/,4516,4581,271
/downloads/release/python-3110/,4333,4404,219
/downloads/release/python-3100/,3700,3784,236
/search/,3668,3709,231
/downloads/release/python-31114/,3662,3727,276
/doc/,2951,3009,121
/downloads/release/python-31019/,2840,2882,293
/downloads/release/python-31011/,2648,2715,219
/downloads/release/python-3150a5/,2591,2607,220
/downloads/release/python-3130/,2354,2375,206
/downloads/release/python-3140/,2095,2143,179
/psf/donations/,2066,2084,130
/downloads/release/python-3106/,1946,2059,263
/downloads/release/python-31013/,1839,1888,416
/downloads/release/python-3142/,1740,1807,110
/psf-landing/,1637,1646,153
/downloads/source/,1382,1423,164
/about/,1306,1321,189
/shell/,1237,1262,136
/downloads/release/python-390/,1144,1166,231
/downloads/release/python-380/,966,978,224
/downloads/release/python-31210/,920,943,171
/downloads/android/,852,865,139
/downloads/release/python-3128/,844,871,233
/downloads/release/python-3135/,830,845,184
/downloads/release/python-3925/,797,803,255
/jobs/,784,811,145
/downloads/release/python-3810/,742,766,222
/community/,653,662,178
/about/apps/,611,622,118
/downloads/release/python-370/,610,622,233
/download/other/,598,604,115
/downloads/release/python-3133/,502,507,159
/downloads/release/python-3913/,482,501,238
/downloads/release/python-3129/,465,471,192
/downloads/release/python-3123/,462,471,219
/downloads/release/python-31311/,433,440,124
/downloads/release/python-3118/,427,436,249
/downloads/release/python-3124/,412,415,207
/downloads/release/python-2718/,371,381,108
/blogs/,370,393,103
/doc/versions/,365,379,112
/download/releases/,360,362,207
/downloads/release/python-3132/,335,338,143
/community/logos/,328,335,47
/downloads/release/python-3127/,328,348,258
/doc/essays/blurb/,325,329,104
/downloads/release/python-3122/,321,326,255
/downloads/release/python-3820/,321,324,269
/download,320,323,266
/getit/,308,310,206
/downloads/release/python-3137/,294,305,168
/downloads/release/python-3114/,271,274,197
/download/releases/2.7/,266,271,161
/accounts/login/,240,242,131
/downloads/release/python-31010/,223,226,176
/downloads/release/python-3109/,221,225,216
/downloads/release/python-379/,218,222,195
/downloads/release/python-3139/,203,209,138
/downloads/release/pymanager-250/,202,220,98
/getit/windows/,202,204,139
/downloads/release/python-3117/,198,207,197
/downloads/release/python-360/,198,202,163
/downloads/release/python-31012/,195,197,460
/downloads/release/python-3121/,195,202,171
/downloads/release/python-3131/,185,193,194
/events/,185,198,80
/downloads/release/python-3111/,183,188,144
/downloads/release/python-311/,178,180,255
/downloads/release/python-3717/,175,178,323
/downloads/release/python-3112/,173,175,213
/downloads/release/python-3105/,171,178,217
/downloads/release/python-312/,171,173,374
/success-stories/,170,172,204
/downloads/release/python-31111/,166,169,267
/downloads/release/python-31113/,158,159,291
/downloads/release/python-31211/,150,153,221
/downloads/release/python-374/,150,154,172
/downloads/release/python-3116/,148,152,128
/download/releases/3.0/,143,143,111
/downloads/release/python-368/,139,141,176
/downloads/release/python-31310/,133,134,172
/downloads/release/python-3115/,132,136,184
/downloads/release/python-3108/,125,127,150
/downloads/release/python-3126/,118,118,175
/downloads/release/python-3125/,116,116,134
/downloads/release/python-31014/,114,117,262
/success-stories/category/education/,111,111,130
/downloads/release/python-31112/,110,111,237
/downloads/release/python-31110/,109,109,312
/downloads/release/python-3141/,105,105,178
/downloads/release/python-3113/,104,104,251
/downloads/release/python-3104/,103,108,230
/success-stories/category/business/,102,102,94
/about/help/,96,98,109
/doc/av/,90,93,124
/success-stories/category/engineering/,87,88,112
/downloads/release/python-372/,86,86,217
/community/forums/,85,86,48
/events/python-events/,85,86,77
/success-stories/category/arts/,83,83,92
/downloads/release/python-386/,82,85,187
/download/alternatives/,81,83,224
/events/python-user-group/,81,81,9
/community/diversity/,80,81,72
/downloads/release/python-396/,80,81,163
/downloads/release/python-3918/,79,81,257
/downloads/release/python-376/,77,78,327
/downloads/release/python-3615/,75,76,213
/downloads/release/python-377/,75,76,166
/cgi-bin/faqw-mm.py,74,74,20
/community/lists/,74,74,58
/downloads/release/python-397/,74,74,222
/psf/newsletter/,74,74,48
/downloads/release/python-310/,73,75,192
/downloads/release/python-3136/,73,78,61
/success-stories/category/software-development/,73,73,32
/downloads/release/python-399/,72,73,129
/downloads/release/python-3134/,70,73,187
/community/irc/,68,68,125
/download/mac/tcltk/,68,68,150
/downloads/release/python-385/,68,70,202
/downloads/release/python-3910/,68,69,114
/events/python-user-group/past/,68,69,74
/accounts/signup/,67,68,168
/downloads/release/,67,67,208
/psf/about/,66,67,150
/psf/membership/,66,66,163
/psf/sponsors/,66,69,49
/downloads/release/python-391/,65,65,172
/about/quotes/,63,64,38
/downloads/release/python-340/,63,63,108
/downloads/release/python-373/,63,63,298
/downloads/release/python-383/,63,66,328
/downloads/release/python-381/,62,63,215
/jobs/8034/,62,63,194
/downloads/release/python-382/,61,64,235
/community/workshops/,60,60,42
/success-stories/category/scientific/,60,67,53
/downloads/release/python-3919/,59,60,379
/downloads/release/python-388/,57,57,165
/events/python-events/past/,57,57,48
/dev/,56,60,88
/doc/essays/,56,56,62
/downloads/release/python-272/,55,56,72
/downloads/release/python-3101/,55,57,187
/downloads/release/python-350/,55,56,149
/downloads/release/python-3912/,55,60,350
/dev/security/,54,54,132
/downloads/release/python-31018/,54,55,308
/downloads/release/python-371/,53,53,224
/downloads/release/python-395/,53,56,97
/downloads/release/python-387/,52,52,143
/community/sigs/,51,51,5
/downloads/release/pymanager-260b2/,51,51,169
/downloads/release/python-3102/,51,53,338
/downloads/release/python-389/,50,50,169
/psf/get-involved/,50,50,41
/downloads/release/python-2716/,48,50,87
/success-stories/category/government/,46,46,50
/downloads/release/python-3107/,45,45,79
/psf/community-stories/,44,45,40
/download/releases/3.1/,43,43,237
/downloads/release/python-2714/,43,44,216
/downloads/release/python-2715/,41,41,56
/downloads/release/python-392/,41,41,99
/downloads/release/python-31015/,39,40,228
/downloads/release/python-3911/,39,43,164
/downloads/release/python-378/,37,38,50
/doc/essays/comparisons/,36,40,79
/downloads/release/python-31016/,36,38,266
/downloads/release/python-3103/,36,36,205
/jobs/location/telecommute/,35,36,13
/jobs/type/back-end/,35,35,81
/psf/sponsorship/,35,35,59
/sponsors/application/,35,35,143
/download/releases/2.0/,34,35,96
/community/awards/,33,33,6
/psf/grants/,33,34,106
/downloads/release/python-3138/,32,32,493
/jobs/8032/,32,33,227
/jobs/8033/,32,32,222
/accounts/confirm-email/,31,31,95
/events/python-events/2121/,31,31,160
/doc/essays/graphs/,30,31,60
/download/releases/2.3/mro/,30,34,18
/downloads/release/python-279/,30,31,65
/downloads/release/python-343/,30,31,336
/downloads.,29,29,265
/downloads/release/python-352/,29,30,210
/downloads/release/python-3922/,29,29,78
/events/python-events/1088/,29,29,0
/jobs/8031/,29,29,85
/downloads/release/python-278/,28,28,255
/downloads/release/python-313/,28,28,160
/downloads/release/python-3150a2/,28,29,60
/events/python-user-group/2144/,28,29,74
/psf/fellows-roster/,28,29,3
/dev/core-mentorship/,27,27,13
/downloads/release/python-314/,27,28,286
/downloads/release/python-362/,27,28,225
/downloads/release/python-384/,27,27,131
/events/python-events/1583/,27,27,27
/events/python-user-group/2140/,27,27,157
/jobs/categories/,27,27,5
/psf/volunteer/,27,27,60
/doc/sunset-python-2/,26,26,102
/downloads/release/python-2710/,26,26,184
/downloads/release/python-2713/,26,27,105
/downloads/release/python-315/,26,26,395
/downloads/release/python-3150a3/,26,28,20
/downloads/release/python-330/,26,26,337
/downloads/release/python-344/,26,26,50
/downloads/release/python-3710/,26,26,266
/downloads/release/python-3921/,26,26,180
/events/python-events/2128/,26,26,148
/community/awards,25,25,0
/downloads/release/python-277/,25,26,161
/downloads/release/python-3818/,25,25,310
/downloads/release/python-3920/,25,25,109
/downloads/release/python-311x/,24,24,757
/downloads/release/python-351/,24,24,63
/downloads/release/python-3819/,24,25,484
/events/python-events/1321/,24,24,37
/jobs/category/developer-engineer/,24,24,73
/jobs/location/canton-oh-usa/,24,24,3
/jobs/type/machine-learning/,24,25,69
/psf/,24,24,0
/psf/annual-report/2021/,24,24,0
/success-stories/category/data-science/,24,24,8
/doc/av,23,23,0
/download/releases/2.5/msi/,23,23,226
/downloads/release/pymanager-251/,23,26,0
/downloads/release/python-365/,23,23,136
/downloads/release/python-3813/,23,23,144
/events/python-events/1396/,23,23,0
/events/python-events/998/,23,23,0
/jobs/type/database/,23,23,0
/psf/grants/faq/,23,23,55
/about/legal/,22,23,5
/downloads/release/python-300/,22,22,266
/downloads/release/python-3410/,22,22,194
/downloads/release/python-38/,22,22,107
/downloads/release/python-3916/,22,22,105
/events/python-events/1784/,22,22,0
/events/python-events/2102/,22,22,115
/events/python-events/982/,22,22,0
/jobs/type/web/,22,22,12
/psf/annual-report/2024/,22,22,204
/success-stories/python-on-arm-2025-update/,22,22,182
/downloads/release/python-2712/,21,21,49
/downloads/release/python-31017/,21,21,330
/downloads/release/python-341/,21,21,29
/downloads/release/python-3510/,21,21,96
/downloads/release/python-363/,21,21,178
/downloads/release/python-366/,21,21,312
/downloads/release/python-3815/,21,21,170
/downloads/release/python-398/,21,21,169
/events/python-events/2093/,21,21,0
/events/python-events/2142/,21,21,4
/events/python-events/970/,21,21,0
/jobs/types/,21,21,13
/download/releases/3.2/,20,20,95
/downloads/operating-systems/,20,20,44
/downloads/release/python-2717/,20,20,69
/downloads/release/python-361/,20,20,173
/downloads/release/python-3811/,20,20,77
/events/python-events/1267/,20,20,35
/events/python-events/2135/,20,20,81
/events/python-user-group/2104/,20,20,0
/psf/membership-faq/,20,20,11
/about/success/,19,19,83
/downloads/release/python-273/,19,19,59
/downloads/release/python-276/,19,19,11
/downloads/release/python-301/,19,19,72
/downloads/release/python-364/,19,20,35
/downloads/release/python-367/,19,19,37
/events/python-events/1152/,19,19,16
/events/python-events/1192/,19,19,59
/events/python-events/1626/,19,19,0
/events/python-events/1648/,19,19,0
/events/python-events/951/,19,19,0
/events/python-events/972/,19,19,0
/events/python-events/973/,19,19,0
/events/python-events/977/,19,19,0
/events/python-events/999/,19,19,0
/jobs/location/new-york-austin-chicago-seattle-boulder-london-dublin-singapore-united-states-england-ireland-singapore/,19,19,1
/jobs/location/remote-remote-united-kingdom/,19,19,54
/jobs/location/remote-united-states/,19,19,7
/psf/mission/,19,19,103
