name,visitors,bounce_rate,visit_duration
Yan_Perfmax_RF_Prog_Resk_b2c_Gener_Regular_Blog_460,16,19,249
kak-ustanovit-i-ispolzovat-stable-diffusion,8,38,265
Yan_Perfmax_RF_other_Resk_b2c_Gener_Regular_Blog-3_460,6,0,613
talk-tech-stack,5,100,0
cpc,2,100,0
zalo,2,100,0
Bundle,1,100,0
DonanimHaber,1,100,0
Yan_Perfmax_RF_other_Resk_b2c_Gener_Regular_Blog_3_tCPA_460,1,100,0
ai-friend-for-frontend-developers-build-uis-faster-and-easier,1,100,0
awareness,1,100,0
how-to-start-programming-for-games-in-2024,1,100,0
success-is-more-a-function-of-consistent-common-974,1,100,0
