name,visitors,bounce_rate,visit_duration
tech-stack,3,100,0
link_in_bio,2,0,8
sty_search:s_none:cid_117714809:gid_5535966308:kw_---autotargeting:pid_54187282208:aid_16807763345:crid_0:rid_54187282208:p_1:pty_premium:mty_:mkw_:dty_desktop:cgcid_0:rn_Москва:rid_213,2,0,63
sty_search:s_none:cid_117714809:gid_5535966308:kw_---autotargeting:pid_54187282208:aid_16807763345:crid_0:rid_54187282208:p_1:pty_premium:mty_:mkw_:dty_desktop:cgcid_0:rn_Оренбург:rid_48,2,0,1716
sty_search:s_none:cid_117714809:gid_5535966308:kw_---autotargeting:pid_54187282208:aid_16807763345:crid_0:rid_54187282208:p_1:pty_premium:mty_:mkw_:dty_desktop:cgcid_0:rn_Уфа:rid_172,2,0,245
sty_search:s_none:cid_118128484:gid_5541029357:kw_---autotargeting:pid_54289097479:aid_16844097883:crid_0:rid_54289097479:p_1:pty_premium:mty_:mkw_:dty_desktop:cgcid_0:rn_Анапа:rid_1107,2,0,34
sty_search:s_none:cid_118128484:gid_5541029357:kw_---autotargeting:pid_54289097479:aid_16844097883:crid_0:rid_54289097479:p_1:pty_premium:mty_:mkw_:dty_desktop:cgcid_0:rn_Санкт-Петербург:rid_2,2,50,32
sty_search:s_none:cid_118128484:gid_5541029357:kw_---autotargeting:pid_54289097479:aid_16844097883:crid_0:rid_54289097479:p_1:pty_premium:mty_:mkw_:dty_desktop:cgcid_0:rn_Тамбов:rid_13,2,0,50
sty_search:s_none:cid_118128484:gid_5541029357:kw_---autotargeting:pid_54289097479:aid_16844097883:crid_0:rid_54289097479:p_1:pty_premium:mty_:mkw_:dty_desktop:cgcid_0:rn_Уфа:rid_172,2,0,99
sty_search:s_none:cid_118128484:gid_5541029357:kw_---autotargeting:pid_54289097479:aid_16844097883:crid_0:rid_54289097479:p_1:pty_premium:mty_:mkw_:dty_mobile:cgcid_0:rn_Екатеринбург:rid_54,2,100,0
sty_search:s_none:cid_118128484:gid_5541029357:kw_---autotargeting:pid_54289097479:aid_16844097883:crid_0:rid_54289097479:p_1:pty_premium:mty_:mkw_:dty_mobile:cgcid_0:rn_Звёздный городок:rid_110906,2,0,333
sty_search:s_none:cid_118128484:gid_5541029357:kw_---autotargeting:pid_54289097479:aid_16844097883:crid_0:rid_54289097479:p_2:pty_premium:mty_:mkw_:dty_desktop:cgcid_0:rn_Улан-Удэ:rid_198,2,0,62
20190914 prog nl,1,100,0
sty_search:s_none:cid_117714809:gid_5535966308:pid_54187396397:aid_16807763345:crid_0:rid_54187396397:p_1:pty_premium:mty_syn:mkw_:dty_desktop:cgcid_0:rn_Новочеркасск:rid_238,1,100,0
sty_search:s_none:cid_118128484:gid_5541029357:kw_---autotargeting:pid_54289097479:aid_16844097883:crid_0:rid_54289097479:p_1:pty_premium:mty_:mkw_:dty_desktop:cgcid_0:rn_Пермь:rid_50,1,0,2071
sty_search:s_none:cid_118128484:gid_5541029357:kw_скачать python:pid_55129022894:aid_16844097883:crid_0:rid_55129022894:p_1:pty_premium:mty_:mkw_:dty_desktop:cgcid_0:rn_Нижний Новгород:rid_47,1,0,685
tech4,1,100,0
tech5,1,100,0
