name,visitors
Guangdong,167
Jiangsu,120
Hebei,107
Mazovia,81
Zhejiang,73
Chongqing,49
Greater Poland,41
Shanghai,38
Lower Silesia,37
Liaoning,33
Pomerania,28
Subcarpathia,24
Lesser Poland,23
Fujian,22
Łódź,20
Silesia,17
Anhui,12
Lublin,12
Podlachia,11
Lubusz,5
Yunnan,4
Sichuan,3
Shandong,3
Kuyavia-Pomerania,3
São Paulo,2
Henan,2
Shaanxi,2
Berlin,2
Catalonia,2
Chiba,2
Kanagawa,2
North Holland,2
Holy Cross,2
Warmia-Masuria,2
Vinnychchyna,2
Minsk,1
Beijing,1
Guangxi,1
Hunan,1
South Moravia,1
Moravia-Silesia,1
Baden-Württemberg,1
Thuringia,1
Grand-Est,1
Budapest,1
Gangwon,1
South Holland,1
Opole,1
West Pomerania,1
Rostov,1
Košice,1
Nitra,1
Odeshchyna,1
Arizona,1
Georgia,1
