name,unique_entrances,total_entrances,visit_duration
/3.13/tutorial/index.html,1631,1753,62
/3.13/using/windows.html,1195,1262,46
/3.13/,1035,1080,144
/3.13/tutorial/,480,505,121
/3/,387,401,563
/3.13/index.html,378,404,49
/3.13/whatsnew/3.13.html,271,305,93
/es/3.13/library/tkinter.html,197,211,117
/3.13/tutorial/interpreter.html,165,182,125
/3.13/library/,164,170,132
/3.13/library/functions.html,163,177,123
/3.13/library/stdtypes.html,157,169,117
/3.13/tutorial/appetite.html,155,171,78
/ja/3.13/tutorial/,150,167,227
/zh-cn/3.13/tutorial/index.html,146,158,210
/3.13/search.html,139,148,171
/3.13/library/index.html,123,134,220
/3.13/tutorial/introduction.html,118,130,98
/es/3.13/tutorial/datastructures.html,117,121,20
/3.13/tutorial/controlflow.html,113,133,118
/ja/3.13/library/re.html,107,111,128
/zh-cn/3.13/using/android.html,101,105,47
/zh-cn/3.13/library/idle.html,98,100,40
/ja/3.13/library/datetime.html,96,99,78
/zh-tw/3.13/tutorial/index.html,94,99,179
/ja/3.13/library/logging.html,90,97,201
/fr/3.13/library/turtle.html,89,91,180
/es/3.13/tutorial/venv.html,86,88,57
/ko/3.13/tutorial/index.html,84,87,218
/zh-cn/3.13/,81,84,185
/ja/3.13/library/random.html,75,76,10
/es/3.13/library/idle.html,74,77,75
/es/3.13/library/index.html,74,78,87
/fr/3.13/tutorial/classes.html,74,77,107
/pt-br/3.13/tutorial/index.html,70,77,199
/dev/using/windows.html,68,69,789
/es/3.13/library/functions.html,67,76,42
/ja/3.13/library/subprocess.html,65,70,102
/fr/3.13/library/tkinter.html,64,68,133
/zh-cn/3.13/library/venv.html,64,65,60
/zh-cn/3.13/tutorial/controlflow.html,64,66,431
/3.13/library/idle.html,63,68,46
/3.13/library/typing.html,63,68,45
/ja/3.13/library/csv.html,63,68,58
/3.13/library/datetime.html,62,64,140
/ja/3.13/library/stdtypes.html,60,62,81
/3.13/library/tkinter.html,59,63,104
/ja/3.13/library/multiprocessing.html,59,71,163
/zh-cn/3.13/using/index.html,58,59,87
/uk/3.13/reference/lexical_analysis.html,57,58,2
/pt-br/3.13/library/math.html,53,56,57
/es/3.13/installing/index.html,52,52,114
/zh-tw/3.13/library/venv.html,52,53,60
/3.13/library/os.html,51,54,136
/es/3.13/tutorial/errors.html,51,54,79
/fr/3.13/library/csv.html,51,51,55
/ko/3.13/library/idle.html,51,52,56
/ja/3.13/library/exceptions.html,50,51,9
/ja/3.13/library/typing.html,50,53,84
/zh-cn/3.13/library/index.html,50,53,303
/ja/3.13/library/math.html,47,48,5
/ja/3.13/howto/sorting.html,46,47,25
/ja/3.13/library/json.html,45,47,126
/ja/3.13/library/enum.html,44,46,162
/pt-br/3.13/library/index.html,44,46,164
/3/tutorial/index.html,43,43,579
/fr/3.13/library/random.html,41,42,57
/ja/3.13/library/argparse.html,40,42,233
/zh-cn/3.13/library/math.html,40,41,67
/ja/3.13/library/threading.html,39,39,142
/pt-br/3.13/library/functions.html,39,40,9
/3.13/library/exceptions.html,38,38,79
/es/3.13/tutorial/index.html,38,42,57
/pt-br/3.13/tutorial/datastructures.html,38,39,70
/zh-tw/3.13/howto/sorting.html,38,38,42
/ja/3.13/library/sqlite3.html,37,38,23
/pt-br/3.13/tutorial/classes.html,37,37,102
/zh-cn/3.13/tutorial/introduction.html,37,41,92
/zh-tw/3.13/library/random.html,37,37,41
/3.13/library/pathlib.html,36,37,88
/fr/3.13/tutorial/errors.html,36,38,37
/ja/3.13/library/itertools.html,36,36,62
/es/3.13/library/stdtypes.html,35,36,139
/zh-cn/3.13/library/re.html,35,36,59
/fr/3.13/library/stdtypes.html,34,35,149
/zh-cn/3.13/library/stdtypes.html,34,37,244
/zh-cn/3.13/tutorial/datastructures.html,34,34,76
/3.13/tutorial/classes.html,33,36,206
/fr/3.13/howto/sorting.html,33,34,166
/uk/3.13/howto/regex.html,33,33,20
/3.13/contents.html,32,34,133
/fr/3.13/library/time.html,32,32,36
/ja/3.13/library/venv.html,32,33,110
/zh-cn/3.13/tutorial/interpreter.html,32,33,313
/3.13/library/random.html,31,31,25
/3/library/index.html,31,31,931
/fr/3.13/library/functions.html,31,32,125
/fr/3.13/tutorial/index.html,31,31,177
/ja/3.13/library/string.html,31,31,206
/ja/3.13/library/tempfile.html,31,32,90
/3/library/tkinter.html,30,30,204
/fr/3.13/library/idle.html,30,30,82
/ja/3.13/library/tkinter.html,30,30,105
/3/library/subprocess.html,29,29,540
/es/3.13/library/math.html,29,32,208
/ja/3.13/c-api/capsule.html,29,30,33
/zh-tw/3.13/tutorial/controlflow.html,29,33,17
/zh-tw/3.13/tutorial/datastructures.html,29,29,41
/3.13/library/logging.html,28,28,96
/3.13/library/turtle.html,28,30,149
/3/library/functions.html,28,29,730
/3/search.html,28,28,956
/ja/3.13/library/dataclasses.html,28,28,1
/ja/3.13/tutorial/errors.html,28,28,224
/3/library/venv.html,27,27,650
/es/3.13/tutorial/interpreter.html,27,27,112
/ja/3.13/library/decimal.html,27,29,96
/ja/3.13/library/unittest.html,27,27,19
/ja/3.13/tutorial/controlflow.html,27,28,383
/uk/3.13/extending/extending.html,27,28,2
/zh-cn/3.13/index.html,27,27,226
/3.13/glossary.html,26,29,284
/3.13/tutorial/datastructures.html,26,30,222
/3.14/whatsnew/3.14.html,26,26,394
/es/3.13/tutorial/controlflow.html,26,31,55
/es/3.13/tutorial/introduction.html,26,29,20
/ja/3.13/library/os.path.html,26,26,179
/ja/3.13/library/shutil.html,26,27,69
/zh-tw/3.13/library/csv.html,26,26,8
/3/whatsnew/3.14.html,25,25,575
/es/3.13/library/re.html,25,25,208
/ja/3.13/tutorial/inputoutput.html,25,26,69
/zh-cn/3.13/library/functions.html,25,26,478
/zh-cn/3.13/reference/index.html,25,27,174
/zh-tw/3.13/tutorial/inputoutput.html,25,27,31
/3.13/library/os.path.html,24,24,114
/3.14/,24,28,939
/es/3.13/howto/logging.html,24,24,488
/fr/3.13/reference/import.html,24,24,51
/ja/3.13/library/__main__.html,24,24,77
/ja/3.13/library/unittest.mock.html,24,24,125
/ja/3.13/tutorial/index.html,24,26,176
/uk/3.13/installing/index.html,24,24,3
/zh-cn/3.13/search.html,24,24,117
/zh-cn/3.13/using/mac.html,24,24,78
/3.13/library/io.html,23,23,148
/3.13/reference/index.html,23,23,298
/fr/3.13/tutorial/introduction.html,23,23,122
/ja/3.13/library/concurrent.futures.html,23,24,163
/ja/3.13/library/io.html,23,23,75
/ja/3.13/reference/index.html,23,24,300
/zh-cn/3.13/tutorial/,23,24,457
/zh-cn/3.13/tutorial/appetite.html,23,24,253
/zh-tw/3.13/library/pathlib.html,23,24,200
/zh-tw/3.13/tutorial/introduction.html,23,25,259
/3.13/installing/index.html,22,24,33
/3.13/library/string.html,22,22,15
/3/library/turtle.html,22,27,1213
/3/library/typing.html,22,22,627
/ja/3.13/library/configparser.html,22,23,0
/ja/3.13/tutorial/interpreter.html,22,22,177
/ja/3.13/tutorial/modules.html,22,23,25
/pt-br/3.13/library/tkinter.html,22,23,2
/zh-cn/3.13/library/asyncio.html,22,22,300
/zh-cn/3.13/tutorial/classes.html,22,23,83
/3.13/tutorial/modules.html,21,24,136
/es/3.13/library/datetime.html,21,23,50
/es/3.13/library/venv.html,21,21,58
/es/3.13/search.html,21,23,269
/es/3.13/tutorial/modules.html,21,22,54
/ja/3.13/using/windows.html,21,21,33
/ko/3.13/library/index.html,21,21,196
/pt-br/3.13/library/random.html,21,23,185
/uk/3.13/library/turtle.html,21,22,52
/3.13/py-modindex.html,20,21,128
/3/whatsnew/3.13.html,20,21,176
/es/3.13/library/tk.html,20,23,118
/ja/3.13/installing/index.html,20,20,136
/ja/3.13/library/socket.html,20,21,86
/ja/3.13/library/struct.html,20,21,0
/ko/3.13/library/functions.html,20,20,195
/pt-br/3.13/tutorial/errors.html,20,20,269
/zh-cn/3.13/contents.html,20,20,207
/zh-cn/3.13/library/asyncio-task.html,20,20,39
/zh-cn/3.13/library/logging.html,20,21,50
/zh-cn/3.13/library/turtle.html,20,20,214
/zh-cn/3.13/using/windows.html,20,21,92
/3.13/reference/datamodel.html,19,19,314
/es/3.13/tutorial/inputoutput.html,19,19,160
/fr/3.13/library/os.html,19,19,195
/fr/3.13/library/statistics.html,19,20,0
/ja/3.13/library/contextlib.html,19,21,132
/ja/3.13/library/uuid.html,19,19,185
/ko/3.13/howto/sorting.html,19,19,51
/pt-br/3.13/library/string.html,19,21,4
/zh-cn/3.13/installing/index.html,19,20,131
/zh-cn/3.13/library/dataclasses.html,19,19,29
/zh-cn/3.13/library/pdb.html,19,19,0
/zh-cn/3.13/library/pickle.html,19,19,40
/zh-cn/3.13/whatsnew/3.13.html,19,22,75
/zh-tw/3.13/library/heapq.html,19,19,66
/3.13/library/re.html,18,18,15
/3/library/random.html,18,18,500
/3/tutorial/datastructures.html,18,18,596
/fr/3.13/search.html,18,18,566
/ja/3.13/library/functions.html,18,18,120
/ja/3.13/library/idle.html,18,18,94
/ja/3.13/library/urllib.parse.html,18,19,51
/zh-cn/3.13/glossary.html,18,18,218
/zh-cn/3.13/library/typing.html,18,18,0
/zh-tw/3.13/using/mac.html,18,18,26
/3.13/using/cmdline.html,17,17,34
/3.13/using/mac.html,17,19,43
/3/library/idle.html,17,17,280
/3/library/logging.html,17,17,1119
/3/library/math.html,17,17,902
/3/library/stdtypes.html,17,17,171
/es/3.13/library/array.html,17,17,10
/fr/3.13/library/operator.html,17,17,88
/ja/3.13/,17,21,353
/ja/3.13/library/asyncio-task.html,17,17,168
/ja/3.13/library/base64.html,17,17,9
/ja/3.13/library/index.html,17,17,165
/ja/3.13/library/logging.handlers.html,17,17,110
/ja/3.13/search.html,17,19,154
/ja/3.13/tutorial/floatingpoint.html,17,17,266
/ko/3.13/installing/index.html,17,17,29
/ko/3.13/library/stdtypes.html,17,17,185
/zh-tw/3.13/library/json.html,17,17,464
/3.13/library/argparse.html,16,16,212
/3.13/library/asyncio.html,16,17,71
/3.13/library/math.html,16,18,0
/es/3.13/glossary.html,16,16,20
/es/3.13/library/random.html,16,16,219
/ja/3.13/library/asyncio.html,16,16,365
/ja/3.13/library/inspect.html,16,17,1
/ja/3.13/reference/datamodel.html,16,16,32
/pt-br/3.13/library/stdtypes.html,16,17,89
/pt-br/3.13/tutorial/introduction.html,16,16,3
/zh-cn/3.13/reference/datamodel.html,16,16,146
/zh-tw/3.13/library/math.html,16,17,10
/3.13/library/sqlite3.html,15,15,19
/3.15/,15,15,606
/es/3.13/,15,15,2
/ja/3.13/library/ftplib.html,15,19,59
/ja/3.13/library/queue.html,15,16,16
/ja/3.13/reference/compound_stmts.html,15,16,574
/ja/3.13/tutorial/classes.html,15,20,31
/ko/3.13/library/math.html,15,17,465
/ko/3.13/tutorial/interpreter.html,15,16,14
/zh-cn/3.13/library/heapq.html,15,15,25
/zh-cn/3.13/library/http.server.html,15,15,18
/zh-tw/3.13/library/functions.html,15,16,0
/3.13/library/asyncio-task.html,14,14,39
/3.13/library/collections.html,14,14,196
/3.13/library/sys.html,14,16,586
/3.13/using/index.html,14,14,88
/3.14/using/windows.html,14,14,406
/3/library/csv.html,14,14,395
/3/library/datetime.html,14,14,352
/it/3.13/tutorial/index.html,14,15,10
/ja/3.13/library/codecs.html,14,14,0
/ja/3.13/library/zipfile.html,14,15,126
/ja/3.13/tutorial/appetite.html,14,14,202
/ja/3.13/tutorial/introduction.html,14,14,11
/ko/3.13/library/heapq.html,14,14,234
/ko/3.13/tutorial/datastructures.html,14,14,421
/pt-br/3.13/library/tk.html,14,14,213
/uk/3.13/library/math.html,14,14,0
/zh-cn/3.13/library/pathlib.html,14,14,116
/zh-cn/3.13/library/string.html,14,14,412
/zh-cn/3.13/tutorial/errors.html,14,14,484
/zh-cn/3.13/tutorial/inputoutput.html,14,15,105
/3.13/library/threading.html,13,13,104
/3.13/reference/lexical_analysis.html,13,15,170
/3.13/tutorial/appendix.html,13,13,118
/3.13/whatsnew/changelog.html,13,13,68
/3/download.html,13,14,608
/3/library/os.html,13,14,1088
/3/tutorial/controlflow.html,13,14,1212
/es/3.13/reference/index.html,13,14,167
/es/3.13/using/windows.html,13,13,27
/fr/3.13/library/collections.html,13,13,3
/fr/3.13/tutorial/controlflow.html,13,13,341
/ja/3.13/library/glob.html,13,14,21
/ja/3.13/library/http.server.html,13,13,4
/ja/3.13/library/importlib.html,13,13,0
/ja/3/,13,13,697
/ko/3.13/tutorial/appetite.html,13,13,816
/pt-br/3.13/library/csv.html,13,13,0
/pt-br/3.13/tutorial/interpreter.html,13,14,67
/uk/3.13/library/re.html,13,13,0
/zh-cn/3.13/library/argparse.html,13,13,66
/zh-cn/3.13/library/json.html,13,13,106
/zh-cn/3.13/library/queue.html,13,13,35
/zh-cn/3.13/library/threading.html,13,14,15
/zh-cn/3.13/library/tkinter.html,13,13,129
/zh-tw/3.13/library/asyncio.html,13,13,63
/zh-tw/3.13/library/os.path.html,13,13,0
/zh-tw/3.13/library/typing.html,13,13,1
