name,unique_entrances,total_entrances,visit_duration
/pl/3/contents.html,18,18,0
/pl/3/tutorial/index.html,14,15,187
/pl/3/library/email.html,11,12,0
/pl/3/library/smtplib.html,9,9,159
/pl/3/library/email.parser.html,8,8,0
/pl/3/tutorial/datastructures.html,8,8,17
/3/,7,7,804
/pl/3/,7,7,55
/pl/3/library/email.utils.html,7,7,0
/dev/using/windows.html,6,6,655
/pl/3/library/email.charset.html,6,6,0
/pl/3/library/email.contentmanager.html,6,6,0
/pl/3/library/email.policy.html,6,6,0
/pl/3/tutorial/introduction.html,6,6,0
/pl/3.15/using/windows.html,5,5,148
/pl/3/installing/index.html,5,5,25
/pl/3/library/email.compat32-message.html,5,5,0
/pl/3/library/stdtypes.html,5,5,0
/pl/3/tutorial/,5,6,12
/pl/dev/tutorial/classes.html,5,6,0
/pl/3/library/constants.html,4,4,0
/pl/3/library/email.errors.html,4,4,0
/pl/3/library/email.iterators.html,4,4,0
/pl/3/library/functions.html,4,4,42
/pl/3/library/importlib.resources.abc.html,4,4,0
/pl/3/library/index.html,4,4,464
/pl/3/tutorial/controlflow.html,4,4,609
/pl/3/tutorial/inputoutput.html,4,4,394
/pl/3/tutorial/interpreter.html,4,4,318
/3/library/idle.html,3,3,641
/pl/3.12/library/numbers.html,3,3,0
/pl/3.15/tutorial/inputoutput.html,3,3,0
/pl/3/library/code.html,3,3,0
/pl/3/library/difflib.html,3,3,0
/pl/3/library/http.cookiejar.html,3,3,0
/pl/3/library/lzma.html,3,3,0
/pl/3/library/typing.html,3,3,0
/pl/3/tutorial/classes.html,3,3,0
/pl/3/tutorial/venv.html,3,4,0
/3.14/using/windows.html,2,2,332
/3/library/tkinter.html,2,2,886
/3/tutorial/index.html,2,2,336
/pl/3.12/contents.html,2,2,0
/pl/3.12/library/asyncio-protocol.html,2,2,0
/pl/3.12/library/socket.html,2,2,0
/pl/3.12/reference/datamodel.html,2,2,0
/pl/3.13/tutorial/datastructures.html,2,2,0
/pl/3.14/,2,2,790
/pl/3.14/library/tkinter.html,2,2,824
/pl/3.14/tutorial/controlflow.html,2,2,0
/pl/3.14/tutorial/index.html,2,4,351
/pl/3.15/library/index.html,2,2,604
/pl/3/c-api/capsule.html,2,2,0
/pl/3/c-api/exceptions.html,2,2,0
/pl/3/c-api/init.html,2,2,0
/pl/3/c-api/tuple.html,2,2,0
/pl/3/c-api/typeobj.html,2,2,0
/pl/3/c-api/utilities.html,2,2,0
/pl/3/library/asyncio-task.html,2,2,0
/pl/3/library/bdb.html,2,2,0
/pl/3/library/crypto.html,2,2,0
/pl/3/library/datetime.html,2,2,0
/pl/3/library/email.encoders.html,2,2,0
/pl/3/library/email.generator.html,2,2,0
/pl/3/library/email.header.html,2,2,0
/pl/3/library/email.headerregistry.html,2,2,0
/pl/3/library/email.mime.html,2,2,0
/pl/3/library/filesys.html,2,2,0
/pl/3/library/gzip.html,2,2,0
/pl/3/library/hmac.html,2,2,0
/pl/3/library/importlib.resources.html,2,2,0
/pl/3/library/linecache.html,2,2,0
/pl/3/library/marshal.html,2,2,0
/pl/3/library/multiprocessing.html,2,2,0
/pl/3/library/operator.html,2,2,0
/pl/3/library/pathlib.html,2,2,0
/pl/3/library/pdb.html,2,2,0
/pl/3/library/poplib.html,2,2,0
/pl/3/library/py_compile.html,2,2,0
/pl/3/library/pyclbr.html,2,2,0
/pl/3/library/python.html,2,2,0
/pl/3/library/rlcompleter.html,2,2,0
/pl/3/library/shutil.html,2,2,0
/pl/3/library/time.html,2,2,0
/pl/3/search.html,2,2,0
/pl/3/using/windows.html,2,2,0
/pl/3/whatsnew/3.14.html,2,2,0
/pl/dev/library/turtle.html,2,2,0
/pl/dev/search.html,2,4,242
/3.14/library/stdtypes.html,1,1,0
/3/library/,1,1,243
/3/library/email.examples.html,1,1,714
/3/library/index.html,1,1,21
/3/library/logging.html,1,1,25
/3/library/math.html,1,1,3837
/3/library/sqlite3.html,1,1,204
/3/library/stdtypes.html,1,1,14
/3/library/venv.html,1,1,287
/3/reference/simple_stmts.html,1,1,0
/3/tutorial/errors.html,1,1,355
/3/tutorial/introduction.html,1,1,129
/3/tutorial/modules.html,1,1,878
/it/3.13/library/email.errors.html,1,1,224
/pl/3.12/c-api/arg.html,1,1,0
/pl/3.12/c-api/complex.html,1,1,0
/pl/3.12/c-api/list.html,1,1,0
/pl/3.12/howto/ipaddress.html,1,1,0
/pl/3.12/library/asyncio-api-index.html,1,1,0
/pl/3.12/library/asyncio-eventloop.html,1,1,0
/pl/3.12/library/asyncio-exceptions.html,1,1,0
/pl/3.12/library/asyncio-llapi-index.html,1,1,0
/pl/3.12/library/asyncio-runner.html,1,1,0
/pl/3.12/library/asyncio-stream.html,1,1,0
/pl/3.12/library/asyncio-sync.html,1,1,0
/pl/3.12/library/codecs.html,1,1,0
/pl/3.12/library/collections.html,1,1,0
/pl/3.12/library/constants.html,1,1,0
/pl/3.12/library/dis.html,1,1,388
/pl/3.12/library/fractions.html,1,1,0
/pl/3.12/library/graphlib.html,1,1,0
/pl/3.12/library/json.html,1,1,0
/pl/3.12/library/math.html,1,1,0
/pl/3.12/library/text.html,1,1,0
/pl/3.12/library/tkinter.html,1,1,0
/pl/3.13/genindex-O.html,1,1,0
/pl/3.13/library/cmdline.html,1,1,0
/pl/3.13/library/functions.html,1,1,98
/pl/3.13/library/python.html,1,1,0
/pl/3.13/tutorial/introduction.html,1,1,0
/pl/3.13/tutorial/stdlib.html,1,1,4
/pl/3.14/download.html,1,1,113
/pl/3.14/index.html,1,1,109
/pl/3.14/library/codecs.html,1,1,226
/pl/3.14/library/functions.html,1,1,1
/pl/3.14/library/resource.html,1,1,0
/pl/3.14/library/stdtypes.html,1,1,10
/pl/3.14/library/venv.html,1,1,0
/pl/3.14/tutorial/,1,1,537
/pl/3.14/tutorial/datastructures.html,1,1,0
/pl/3.14/tutorial/interpreter.html,1,1,0
/pl/3.14/tutorial/introduction.html,1,1,105
/pl/3.14/using/windows.html,1,1,0
/pl/3.14/whatsnew/3.13.html,1,1,0
/pl/3.15/c-api/reflection.html,1,1,0
/pl/3.15/library/email.policy.html,1,1,0
/pl/3.15/library/locale.html,1,1,0
/pl/3.15/tutorial/appetite.html,1,1,0
/pl/3.15/tutorial/index.html,1,1,27
/pl/3.15/tutorial/modules.html,1,1,3
/pl/3.15/whatsnew/3.15.html,1,1,0
/pl/3/c-api/coro.html,1,1,0
/pl/3/c-api/descriptor.html,1,1,0
/pl/3/c-api/dict.html,1,1,0
/pl/3/c-api/extension-modules.html,1,1,0
/pl/3/c-api/init_config.html,1,1,0
/pl/3/c-api/list.html,1,1,0
/pl/3/c-api/memory.html,1,1,0
/pl/3/c-api/method.html,1,1,0
/pl/3/c-api/monitoring.html,1,1,0
/pl/3/c-api/sequence.html,1,1,0
/pl/3/c-api/set.html,1,1,0
/pl/3/c-api/structures.html,1,1,0
/pl/3/c-api/veryhigh.html,1,1,0
/pl/3/copyright.html,1,1,0
/pl/3/extending/extending.html,1,1,0
/pl/3/extending/windows.html,1,1,0
/pl/3/genindex-F.html,1,1,0
/pl/3/genindex-G.html,1,1,0
/pl/3/genindex-O.html,1,1,0
/pl/3/genindex-P.html,1,1,0
/pl/3/howto/isolating-extensions.html,1,1,0
/pl/3/howto/logging-cookbook.html,1,1,0
/pl/3/library/archiving.html,1,1,0
/pl/3/library/asyncio-eventloop.html,1,1,0
/pl/3/library/asyncio-exceptions.html,1,1,0
/pl/3/library/asyncio-runner.html,1,1,0
/pl/3/library/base64.html,1,1,0
/pl/3/library/binary.html,1,1,0
/pl/3/library/builtins.html,1,1,0
/pl/3/library/compression.zstd.html,1,1,0
/pl/3/library/configparser.html,1,1,0
/pl/3/library/copy.html,1,1,0
/pl/3/library/dataclasses.html,1,1,0
/pl/3/library/debug.html,1,1,0
/pl/3/library/devmode.html,1,1,0
/pl/3/library/email.message.html,1,1,0
/pl/3/library/enum.html,1,1,0
/pl/3/library/getopt.html,1,1,0
/pl/3/library/glob.html,1,1,0
/pl/3/library/grp.html,1,1,0
/pl/3/library/http.client.html,1,1,0
/pl/3/library/http.cookies.html,1,1,0
/pl/3/library/importlib.metadata.html,1,1,0
/pl/3/library/internet.html,1,1,0
/pl/3/library/intro.html,1,1,0
/pl/3/library/logging.handlers.html,1,1,0
/pl/3/library/logging.html,1,1,0
/pl/3/library/modules.html,1,1,0
/pl/3/library/netdata.html,1,1,0
/pl/3/library/os.html,1,1,0
/pl/3/library/pwd.html,1,1,0
/pl/3/library/queue.html,1,1,0
/pl/3/library/quopri.html,1,1,0
/pl/3/library/random.html,1,1,0
/pl/3/library/re.html,1,1,0
/pl/3/library/select.html,1,1,0
/pl/3/library/selectors.html,1,1,0
/pl/3/library/shelve.html,1,1,0
/pl/3/library/shlex.html,1,1,0
/pl/3/library/socket.html,1,1,0
/pl/3/library/subprocess.html,1,1,0
/pl/3/library/sysconfig.html,1,1,0
/pl/3/library/tabnanny.html,1,1,0
/pl/3/library/textwrap.html,1,1,0
/pl/3/library/tokenize.html,1,1,0
/pl/3/library/turtle.html,1,1,0
/pl/3/library/urllib.html,1,1,0
/pl/3/library/urllib.parse.html,1,1,0
/pl/3/library/urllib.robotparser.html,1,1,0
/pl/3/library/uuid.html,1,1,0
/pl/3/library/warnings.html,1,1,0
/pl/3/library/windows.html,1,1,0
/pl/3/reference/datamodel.html,1,1,0
/pl/3/reference/lexical_analysis.html,1,1,0
/pl/3/tutorial/appetite.html,1,1,0
/pl/3/tutorial/errors.html,1,1,0
/pl/3/tutorial/modules.html,1,1,0
/pl/3/using/index.html,1,1,17
/pl/3/whatsnew/2.2.html,1,1,0
/pl/3/whatsnew/2.4.html,1,1,0
/pl/3/whatsnew/2.6.html,1,1,0
/pl/3/whatsnew/3.2.html,1,1,0
/pl/3/whatsnew/3.3.html,1,1,0
/pl/3/whatsnew/3.5.html,1,1,0
/pl/3/whatsnew/3.8.html,1,1,0
/pl/dev/contents.html,1,1,0
/pl/dev/copyright.html,1,1,0
/pl/dev/distributing/index.html,1,1,0
/pl/dev/extending/newtypes.html,1,1,0
/pl/dev/faq/general.html,1,1,0
/pl/dev/faq/programming.html,1,1,0
/pl/dev/genindex-R.html,1,1,0
/pl/dev/genindex-Symbole.html,1,1,0
/pl/dev/genindex-_.html,1,1,0
/pl/dev/howto/sockets.html,1,1,0
/pl/dev/howto/urllib2.html,1,1,0
/pl/dev/library/allos.html,1,1,0
/pl/dev/library/array.html,1,1,0
/pl/dev/library/binary.html,1,1,0
/pl/dev/library/cmdlinelibs.html,1,1,0
/pl/dev/library/collections.html,1,1,0
/pl/dev/library/compression.zstd.html,1,1,0
/pl/dev/library/configparser.html,1,1,0
/pl/dev/library/devmode.html,1,1,0
/pl/dev/library/email.examples.html,1,1,0
/pl/dev/library/functional.html,1,1,0
/pl/dev/library/http.client.html,1,1,0
/pl/dev/library/pstats.html,1,1,0
/pl/dev/library/re.html,1,1,0
/pl/dev/library/smtplib.html,1,1,0
/pl/dev/library/sqlite3.html,1,1,0
/pl/dev/library/symtable.html,1,1,0
/pl/dev/library/tabnanny.html,1,1,0
/pl/dev/library/termios.html,1,1,0
/pl/dev/library/unicodedata.html,1,1,0
/pl/dev/library/unittest.mock-examples.html,1,1,0
/pl/dev/library/venv.html,1,1,0
/pl/dev/library/wsgiref.html,1,1,0
/pl/dev/library/xml.dom.html,1,1,0
/pl/dev/library/xml.html,1,1,0
/pl/dev/library/xmlrpc.client.html,1,1,0
/pl/dev/reference/index.html,1,1,0
/pl/dev/tutorial/controlflow.html,1,1,0
/pl/dev/tutorial/introduction.html,1,1,0
/pl/dev/using/android.html,1,1,0
/pl/dev/whatsnew/,1,1,7
/pl/dev/whatsnew/2.6.html,1,1,0
/pl/dev/whatsnew/3.0.html,1,1,0
/pl/dev/whatsnew/3.12.html,1,1,0
/pl/dev/whatsnew/3.3.html,1,1,0
/uk/3.13/library/idle.html,1,1,21
/zh-cn/3.14/library/idle.html,1,1,40
