name,version,visitors
Windows,10,1948
Mac,10.15,646
Android,10,161
iOS,18.4,141
iOS,18.5,112
GNU/Linux,(not set),104
Android,14,79
Android,15,74
Android,13,68
Android,12,58
HarmonyOS,3.0,55
Android,11,51
HarmonyOS,2.2,33
HarmonyOS,(not set),29
iOS,18.3,26
Ubuntu,(not set),24
Android,9,18
Android,8.1,15
Chrome OS,14541.0,14
iOS,18.1,11
iOS,17.6,9
Windows,7,8
iOS,16.1,7
iOS,15.5,5
iOS,16.5,5
iOS,16.7,5
iOS,18.0,5
iOS,18.2,5
Android,8.0,5
iOS,15.8,4
iOS,16.6,4
iOS,16.0,3
iOS,17.5,3
Android,6.0,3
iOS,12.5,2
iOS,14.4,2
iOS,15.4,2
iOS,15.7,2
iOS,16.2,2
iOS,16.4,2
iOS,17.1,2
iPadOS,17.4,2
iOS,17.7,2
HarmonyOS,2.1,2
(not set),(not set),1
Windows,(not set),1
iOS,12.1,1
iOS,13.6,1
iOS,14.8,1
iOS,15.0,1
iPadOS,15.8,1
iPadOS,16.7,1
iOS,17.2,1
iOS,17.3,1
iOS,17.4,1
iPadOS,17.6,1
Fire OS,5,1
Android,5.1,1
Android,7.0,1
