name,visitors
United States,39303
India,15627
Germany,10174
Russian Federation,9721
United Kingdom,9562
China,8292
France,8089
Canada,5186
Japan,5136
Brazil,4835
Netherlands,3930
Spain,3782
Poland,3084
Australia,2861
Italy,2835
Singapore,2488
Sweden,2421
Hong Kong,2219
Switzerland,2183
Mexico,2107
South Korea,2101
Taiwan,1824
Ukraine,1610
Indonesia,1563
Finland,1360
Vietnam,1323
Austria,1192
Colombia,1181
Belgium,1163
Israel,1134
Pakistan,1071
Czechia,1025
Turkey,1010
Denmark,972
Philippines,943
Argentina,937
Norway,889
Ireland,885
Portugal,853
Iran,810
Hungary,801
Thailand,776
Nigeria,714
Romania,569
South Africa,565
Peru,562
Egypt,524
New Zealand,523
Bangladesh,505
Saudi Arabia,503
Greece,482
United Arab Emirates,429
Kazakhstan,424
Malaysia,419
Kenya,405
Chile,371
Morocco,347
Slovakia,337
Belarus,320
Bulgaria,314
Uzbekistan,295
Serbia,269
Lithuania,254
Estonia,239
Croatia,224
Nepal,213
Algeria,205
Ecuador,201
Latvia,189
Sri Lanka,169
Georgia,162
Armenia,159
Ghana,157
Venezuela,149
Slovenia,144
Tunisia,143
Costa Rica,136
Dominican Republic,135
Cyprus,132
Jordan,129
Iraq,128
Luxembourg,125
Bolivia,116
Azerbaijan,101
Cambodia,99
Uruguay,98
Guatemala,87
Côte d'Ivoire,85
Ethiopia,84
Kyrgyzstan,83
Moldova,82
Lebanon,80
Puerto Rico,75
Qatar,75
Uganda,71
Mongolia,70
Myanmar,67
Rwanda,60
Yemen,58
Iceland,57
El Salvador,57
Paraguay,56
Madagascar,55
Seychelles,55
Senegal,55
Panama,54
"Congo, The Democratic Republic of the",51
Zimbabwe,50
Cameroon,49
Réunion,47
Bhutan,46
Bosnia and Herzegovina,45
Oman,45
Tanzania,44
Bahrain,41
Albania,39
Kuwait,39
Zambia,39
Macao,35
Benin,34
Malta,34
Jamaica,32
North Macedonia,32
Togo,32
Cuba,31
Angola,27
Burkina Faso,27
Mauritius,27
Montenegro,26
Nicaragua,26
"Palestine, State of",25
Afghanistan,23
Mozambique,20
Syria,20
Tajikistan,20
Honduras,19
Laos,19
Libya,18
Somalia,17
Trinidad and Tobago,17
Maldives,15
Guinea,14
Guadeloupe,14
Congo,13
Mali,13
Malawi,13
Kosovo,12
Andorra,11
Haiti,11
Botswana,10
Sierra Leone,9
Eswatini,9
Gabon,7
Gambia,7
Isle of Man,7
Liberia,7
Martinique,7
Namibia,7
Sudan,7
Barbados,6
Jersey,6
Monaco,6
Brunei Darussalam,5
Curaçao,5
New Caledonia,5
South Sudan,5
Burundi,4
Faroe Islands,4
French Guiana,4
Northern Mariana Islands,4
Niger,4
Aruba,3
Bermuda,3
Bahamas,3
Cabo Verde,3
Guernsey,3
Guyana,3
Liechtenstein,3
Lesotho,3
Mauritania,3
Suriname,3
Chad,3
Åland Islands,2
"Bonaire, Sint Eustatius and Saba",2
Belize,2
Gibraltar,2
Equatorial Guinea,2
Kiribati,2
Comoros,2
Cayman Islands,2
Saint Lucia,2
Saint Martin (French part),2
French Polynesia,2
San Marino,2
Timor-Leste,2
Turkmenistan,2
"Virgin Islands, British",2
Antigua and Barbuda,1
American Samoa,1
Central African Republic,1
Djibouti,1
Fiji,1
Greenland,1
Guinea-Bissau,1
Papua New Guinea,1
Sint Maarten (Dutch part),1
"Virgin Islands, U.S.",1
Vanuatu,1
Mayotte,1
