property,value,visitors,events,percentage
url,(none),11830,20726,99.8
url,https://www.python.org/,155,170,1.3
url,https://www.python.org/downloads/,64,68,0.5
url,https://docs.python.org/zh-cn/3.14/archives/python-3.14-docs-html.zip,25,25,0.2
url,https://apps.microsoft.com/detail/9NQ7512CXL7T,16,17,0.1
url,https://docs.python.org/zh-cn/3.14/archives/python-3.14-docs.epub,16,16,0.1
url,https://docs.python.org/zh-cn/3/archives/python-3.14-docs-html.zip,14,16,0.1
url,https://www.python.org/downloads/macos/,14,16,0.1
url,https://docs.python.org/zh-cn/3.14/archives/python-3.14-docs-text.zip,12,12,0.1
url,https://docs.python.org/zh-cn/3/archives/python-3.14-docs-text.zip,12,13,0.1
url,https://pypi.org/,12,15,0.1
url,https://devguide.python.org/documentation/start-documenting/#building-the-documentation,11,12,0.1
url,https://docs.python.org/zh-cn/3.14/archives/python-3.14-docs-texinfo.zip,7,7,0.1
url,https://docs.python.org/zh-cn/3/archives/python-3.14-docs.epub,6,8,0.1
url,https://packaging.python.org/installing/#creating-virtual-environments,5,5,0.0
url,https://www.python.org/doc/versions/,5,5,0.0
url,https://docs.python.org/zh-cn/3.13/archives/python-3.13-docs-html.zip,4,4,0.0
url,https://packaging.python.org/,4,4,0.0
url,https://packaging.python.org/en/latest/tutorials/packaging-projects/,4,4,0.0
url,https://docs.python.org/zh-cn/3.14/archives/python-3.14-docs-html.tar.bz2,3,3,0.0
url,https://tkdocs.com/,3,10,0.0
url,https://wiki.python.org/moin/PythonBooks,3,3,0.0
url,https://wiki.python.org/moin/PythonEditors,3,3,0.0
url,https://www.debian.org/doc/manuals/maint-guide/first.en.html,3,4,0.0
url,https://www.python.org/downloads/android/,3,3,0.0
url,https://www.tcl.tk/,3,3,0.0
url,https://www.tcl.tk/man/tcl8.6/TkCmd/contents.htm,3,4,0.0
url,https://docs.python.org/zh-cn/3.13/archives/python-3.13-docs-text.zip,2,2,0.0
url,https://docs.python.org/zh-cn/3.14/archives/python-3.14-docs-texinfo.tar.bz2,2,2,0.0
url,https://docs.python.org/zh-cn/3.15/archives/python-3.15-docs-html.zip,2,2,0.0
url,https://docs.python.org/zh-cn/3/archives/python-3.14-docs-texinfo.zip,2,2,0.0
url,https://en.cppreference.com/w/c/11,2,2,0.0
url,https://en.wikipedia.org/wiki/Fibonacci_sequence,2,2,0.0
url,https://github.com/python/cpython/blob/main/Doc/contents.rst?plain=1,2,2,0.0
url,https://github.com/python/cpython/tree/3.14/Lib/codecs.py,2,2,0.0
url,https://github.com/python/cpython/tree/3.14/Lib/idlelib/,2,2,0.0
url,https://json.org/,2,2,0.0
url,https://packaging.python.org/en/latest/tutorials/installing-packages/#ensure-pip-setuptools-and-wheel-are-up-to-date,2,2,0.0
url,https://peps.python.org/pep-0008/,2,2,0.0
url,https://peps.python.org/pep-0614/,2,3,0.0
url,https://peps.python.org/pep-0688/#current-options,2,2,0.0
url,https://peps.python.org/pep-0745/,2,2,0.0
url,https://wiki.python.org/moin/BeginnersGuide,2,2,0.0
url,https://wiki.python.org/moin/IntegratedDevelopmentEnvironments,2,2,0.0
url,https://www.tkdocs.com/shipman/,2,2,0.0
url,https://beeware.org/,1,1,0.0
url,https://buildozer.readthedocs.io/,1,1,0.0
url,https://chaquo.com/chaquopy,1,2,0.0
url,https://cibuildwheel.pypa.io/en/stable/platforms/#android,1,1,0.0
url,https://code.activestate.com/recipes/langs/python/,1,1,0.0
url,https://core.tcl.tk/tips/doc/trunk/tip/48.md,1,1,0.0
url,https://docs.python.org/zh-cn/3.13/archives/python-3.13-docs-texinfo.zip,1,1,0.0
url,https://docs.python.org/zh-cn/3.13/archives/python-3.13-docs.epub,1,2,0.0
url,https://docs.python.org/zh-cn/3.14/archives/python-3.14-docs-text.tar.bz2,1,1,0.0
url,https://docs.python.org/zh-cn/3.15/archives/python-3.15-docs-text.zip,1,1,0.0
url,https://en.wikipedia.org/wiki/Error_function,1,1,0.0
url,https://en.wikipedia.org/wiki/Extended_Backus%E2%80%93Naur_form,1,1,0.0
url,https://en.wikipedia.org/wiki/Turtle_(robot),1,1,0.0
url,https://facebook.github.io/zstd/,1,3,0.0
url,https://github.com/pvieito/PythonKit,1,1,0.0
url,https://github.com/python/cpython/blob/main/Doc/contents.rst,1,1,0.0
url,https://github.com/python/cpython/blob/main/Doc/deprecations/index.rst?plain=1,1,1,0.0
url,https://github.com/python/cpython/blob/main/Doc/extending/extending.rst?plain=1,1,1,0.0
url,https://github.com/python/cpython/blob/main/Doc/howto/curses.rst?plain=1,1,1,0.0
url,https://github.com/python/cpython/blob/main/Doc/library/random.rst?plain=1,1,1,0.0
url,https://github.com/python/cpython/blob/main/Doc/library/sys.rst?plain=1,1,1,0.0
url,https://github.com/python/cpython/blob/main/Doc/library/threading.rst?plain=1,1,1,0.0
url,https://github.com/python/cpython/issues/122875,1,1,0.0
url,https://github.com/python/cpython/issues/128317,1,1,0.0
url,https://github.com/python/cpython/issues/132284,1,1,0.0
url,https://github.com/python/cpython/issues/55454,1,1,0.0
url,https://github.com/python/cpython/issues/89519,1,3,0.0
url,https://github.com/python/cpython/tree/3.14/Android/testbed,1,1,0.0
url,https://github.com/python/cpython/tree/3.14/Lib/__future__.py,1,1,0.0
url,https://github.com/python/cpython/tree/3.14/Lib/asyncio/,1,1,0.0
url,https://github.com/python/cpython/tree/3.14/Lib/asyncio/runners.py,1,1,0.0
url,https://github.com/python/cpython/tree/3.14/Lib/copy.py,1,1,0.0
url,https://github.com/python/cpython/tree/3.14/Lib/csv.py,1,1,0.0
url,https://github.com/python/cpython/tree/3.14/Lib/decimal.py,1,1,0.0
url,https://github.com/python/cpython/tree/3.14/Lib/ensurepip,1,1,0.0
url,https://github.com/python/cpython/tree/3.14/Lib/http/server.py,1,1,0.0
url,https://github.com/python/cpython/tree/3.14/Lib/idlelib,1,1,0.0
url,https://github.com/python/cpython/tree/3.14/Lib/io.py,1,1,0.0
url,https://github.com/python/cpython/tree/3.14/Lib/random.py,1,1,0.0
url,https://github.com/python/cpython/tree/3.14/Lib/socket.py,1,1,0.0
url,https://github.com/python/cpython/tree/3.14/Lib/tkinter/__init__.py,1,1,0.0
url,https://github.com/python/cpython/tree/3.14/Lib/tkinter/simpledialog.py,1,1,0.0
url,https://github.com/python/cpython/tree/3.14/Lib/tomllib,1,1,0.0
url,https://github.com/python/cpython/tree/3.14/Lib/venv/,1,1,0.0
url,https://github.com/python/cpython/tree/3.14/Lib/weakref.py,1,1,0.0
url,https://github.com/python/cpython/tree/main/Android/testbed/app/src/main/java/org/python/testbed/MainActivity.kt,1,1,0.0
url,https://github.com/python/cpython/tree/main/Lib/idlelib/,1,1,0.0
url,https://github.com/python/python-docs-zh-CN/blob/3.14/library/concurrent.futures.po?plain=1,1,1,0.0
url,https://github.com/python/python-docs-zh-CN/blob/3.14/library/pydoc.po?plain=1,1,1,0.0
url,https://github.com/python/python-docs-zh-CN/blob/3.14/tutorial/index.po?plain=1,1,1,0.0
url,https://manpages.debian.org/bind(3tk)%20%E7%9A%84%E6%89%8B%E5%86%8C%E9%A1%B5%E5%92%8C%20John%20Outsterhout%20%E7%9A%84%E4%B9%A6%EF%BC%8C:title-reference:%60Tcl%20and%20the%20Tk%20Toolkit%20(2nd%20edition),1,1,0.0
url,https://more-itertools.readthedocs.io/en/stable/api.html#more_itertools.before_and_after,1,1,0.0
url,https://packaging.python.org/extensions/,1,1,0.0
url,https://packaging.python.org/installing/#requirements-for-installing-packages,1,1,0.0
url,https://packaging.python.org/science/,1,1,0.0
url,https://peps.python.org/pep-0238/,1,1,0.0
url,https://peps.python.org/pep-0318/,1,1,0.0
url,https://peps.python.org/pep-0387/,1,1,0.0
url,https://peps.python.org/pep-0484/,1,1,0.0
url,https://peps.python.org/pep-0492/,1,1,0.0
url,https://peps.python.org/pep-0649/,1,1,0.0
url,https://peps.python.org/pep-0684/,1,1,0.0
url,https://peps.python.org/pep-0693/,1,1,0.0
url,https://peps.python.org/pep-0695/,1,2,0.0
url,https://peps.python.org/pep-0744/,1,1,0.0
url,https://peps.python.org/pep-0779/,1,1,0.0
url,https://peps.python.org/pep-3107/,1,1,0.0
url,https://peps.python.org/pep-3141/,1,1,0.0
url,https://py-free-threading.github.io/installing-cpython/,1,1,0.0
url,https://pyo3.rs/,1,1,0.0
url,https://pypi.org/project/PyWin32/,1,1,0.0
url,https://pypi.org/project/UniCurses/,1,1,0.0
url,https://pypi.org/project/telnetlib3/,1,1,0.0
url,https://pyvideo.org/,1,1,0.0
url,https://termux.dev/en/,1,1,0.0
url,https://timgolden.me.uk/python/win32_how_do_i.html,1,1,0.0
url,https://web.archive.org/web/20060524042422/https://www.python.org/windows/pythonwin/,1,1,0.0
url,https://wiki.python.org/moin/GuiProgramming,1,1,0.0
url,https://www.anaconda.com/download/,1,1,0.0
url,https://www.jcea.es/programacion/pybsddb.htm,1,1,0.0
url,https://www.py2exe.org/,1,1,0.0
url,https://www.python.org/downloads/source/,1,1,0.0
url,https://www.python.org/psf/donations/,1,2,0.0
url,https://www.sphinx-doc.org/,1,1,0.0
url,https://www.sqlite.org/lang_transaction.html#deferred_immediate_and_exclusive_transactions,1,1,0.0
url,https://xkcd.com/936/,1,1,0.0
url,https://yaml.org/,1,1,0.0
