name,unique_entrances,total_entrances,visit_duration
/zh-cn/3/,2295,2332,44
/zh-cn/3/tutorial/index.html,357,370,227
/3/,294,297,514
/dev/using/windows.html,178,180,295
/zh-cn/3/tutorial/,157,163,176
/zh-cn/3/using/,149,149,67
/zh-cn/3/library/index.html,148,153,246
/zh-cn/3.14/,139,144,376
/zh-cn/3/using/mac.html,113,117,84
/zh-cn/3.14/tutorial/index.html,112,117,212
/zh-cn/3/using/index.html,100,102,101
/3/tutorial/,99,101,217
/zh-cn/3/library/functions.html,96,100,327
/zh-cn/3.15/using/windows.html,92,93,83
/zh-cn/3/tutorial/controlflow.html,84,89,139
/zh-cn/3.13/tutorial/index.html,76,81,290
/zh-cn/3/library/turtle.html,76,79,69
/zh-cn/3/tutorial/interpreter.html,76,76,138
/zh-cn/3/library/venv.html,75,76,45
/zh-cn/3/library/random.html,73,73,11
/zh-cn/3.14/library/index.html,70,71,187
/zh-cn/3/tutorial/introduction.html,69,72,122
/zh-cn/3/library/math.html,62,66,67
/zh-cn/3/library/,61,63,202
/zh-cn/3/library/stdtypes.html,58,62,162
/zh-cn/3/tutorial/classes.html,52,52,245
/zh-cn/3/tutorial/appetite.html,51,51,228
/zh-cn/3/reference/index.html,47,47,149
/zh-cn/3/library/idle.html,46,46,31
/zh-cn/3.14/index.html,45,50,99
/zh-cn/3.14/using/index.html,45,45,81
/zh-cn/3/library/re.html,45,46,14
/zh-cn/3.14/tutorial/controlflow.html,44,46,393
/zh-cn/3/index.html,44,44,148
/zh-cn/3.14/search.html,43,46,388
/zh-cn/3/library/os.html,42,43,103
/zh-cn/3/library/tkinter.html,42,44,96
/zh-cn/3/glossary.html,41,42,304
/zh-cn/3/whatsnew/3.14.html,40,40,244
/zh-cn/3/installing/index.html,39,41,23
/zh-cn/3/tutorial/datastructures.html,39,39,173
/zh-cn/3.14/using/windows.html,38,38,137
/zh-cn/3.14/library/functions.html,37,40,71
/zh-cn/3/library/collections.html,37,38,134
/zh-cn/3/library/tk.html,37,39,84
/zh-cn/3/search.html,36,41,145
/zh-cn/3.13/,35,40,438
/zh-cn/3/library/asyncio.html,35,36,79
/zh-cn/3/tutorial/inputoutput.html,33,34,75
/zh-cn/3.14/library/stdtypes.html,32,33,175
/zh-cn/3.14/tutorial/introduction.html,32,33,256
/zh-cn/3/using/windows.html,32,32,96
/3.14/,31,31,476
/zh-cn/3.14/library/idle.html,31,31,25
/zh-cn/3/reference/datamodel.html,30,30,153
/zh-cn/3/using/cmdline.html,30,30,20
/zh-cn/3.14/tutorial/datastructures.html,29,29,564
/zh-cn/3/library/datetime.html,29,30,79
/zh-cn/3/library/logging.html,29,31,79
/3/tutorial/index.html,28,29,607
/zh-cn/3/contents.html,28,28,385
/zh-cn/3/howto/enum.html,28,28,34
/zh-cn/3.14/tutorial/classes.html,27,27,568
/zh-cn/3.14/tutorial/modules.html,27,29,232
/zh-cn/3.13/library/functions.html,26,28,97
/zh-cn/3.14/tutorial/,24,25,226
/zh-cn/3/library/asyncio-task.html,24,25,1
/zh-cn/3/library/pickle.html,24,24,36
/zh-cn/3/library/typing.html,24,24,0
/zh-cn/3.13/library/index.html,23,24,332
/zh-cn/3.14/tutorial/interpreter.html,23,24,666
/zh-cn/3.14/using/android.html,23,24,99
/zh-cn/3.14/whatsnew/3.14.html,23,25,236
/zh-cn/3/download.html,23,23,264
/zh-cn/3/faq/library.html,23,23,2
/zh-cn/3.12/,22,22,412
/zh-cn/3/library/ctypes.html,22,30,13
/zh-cn/3/library/dataclasses.html,22,23,3
/zh-cn/3/library/multiprocessing.html,22,22,74
/zh-cn/3/library/os.path.html,22,22,2
/zh-cn/3/library/struct.html,22,22,0
/zh-cn/3/library/subprocess.html,22,22,175
/zh-cn/3/library/threading.html,22,23,15
/zh-cn/3/reference/compound_stmts.html,22,23,21
/zh-cn/3/tutorial/errors.html,22,24,136
/zh-cn/3.14/installing/index.html,21,21,53
/zh-cn/3/howto/argparse.html,21,22,154
/zh-cn/3/howto/regex.html,21,21,0
/zh-cn/3/library/ast.html,21,21,5
/zh-cn/3/library/sqlite3.html,21,21,1
/zh-cn/3/library/unittest.html,21,22,64
/zh-cn/3/faq/general.html,20,20,9
/zh-cn/3/library/dbm.html,20,20,0
/zh-cn/3/library/webbrowser.html,20,20,132
/zh-cn/3/reference/import.html,20,20,63
/3/library/index.html,19,19,332
/zh-cn/3.14/reference/datamodel.html,19,19,142
/zh-cn/3/library/argparse.html,19,20,25
/zh-cn/3/library/statistics.html,19,19,0
/zh-cn/3/tutorial/modules.html,19,20,738
/zh-cn/3.14/contents.html,18,18,691
/zh-cn/3.14/faq/general.html,18,18,0
/zh-cn/3/library/pathlib.html,18,18,215
/zh-cn/dev/using/,18,18,5
/zh-cn/3.12/tutorial/index.html,17,18,337
/zh-cn/3/library/exceptions.html,17,20,539
/zh-cn/3/reference/expressions.html,17,19,22
/3.15/,16,16,151
/zh-cn/3.13/tutorial/controlflow.html,16,21,122
/zh-cn/3.14/reference/index.html,16,16,346
/zh-cn/3.15/whatsnew/3.14.html,16,16,0
/zh-cn/3/library/http.server.html,16,16,52
/zh-cn/dev/library/tkinter.html,16,16,1
/zh-cn/3.12/library/idle.html,15,15,0
/zh-cn/3.12/library/index.html,15,15,193
/zh-cn/3.14/genindex-C.html,15,15,0
/zh-cn/3.14/howto/gdb_helpers.html,15,15,24
/zh-cn/3.15/,15,15,336
/zh-cn/3.15/howto/unicode.html,15,15,0
/zh-cn/3/genindex-S.html,15,15,0
/zh-cn/3/library/__main__.html,15,15,0
/zh-cn/3/library/html.parser.html,15,15,0
/zh-cn/3/library/pdb.html,15,15,0
/zh-cn/3/library/shutil.html,15,15,53
/zh-cn/3/library/types.html,15,15,0
/3/search.html,14,14,360
/zh-cn/3.14/glossary.html,14,15,249
/zh-cn/3.14/tutorial/appetite.html,14,14,515
/zh-cn/3.14/using/cmdline.html,14,14,93
/zh-cn/3/library/array.html,14,14,0
/zh-cn/3/library/configparser.html,14,14,15
/zh-cn/3/library/heapq.html,14,16,117
/zh-cn/3/library/http.cookiejar.html,14,14,0
/zh-cn/3/reference/lexical_analysis.html,14,15,83
/zh-cn/3.12/library/unittest.html,13,13,113
/zh-cn/3.14/library/datetime.html,13,13,83
/zh-cn/3.14/library/multiprocessing.html,13,13,43
/zh-cn/3.14/tutorial/errors.html,13,14,312
/zh-cn/3/library/asyncio-runner.html,13,13,1
/zh-cn/3/library/sys.html,13,13,14
/zh-cn/3/py-modindex.html,13,13,319
/zh-cn/3/tutorial/stdlib.html,13,13,429
/zh-cn/3/whatsnew/index.html,13,13,38
/zh-cn/3.13/using/index.html,12,12,66
/zh-cn/3.14/library/collections.html,12,12,434
/zh-cn/3.14/reference/lexical_analysis.html,12,12,159
/zh-cn/3.14/tutorial/inputoutput.html,12,13,291
/zh-cn/3/extending/extending.html,12,12,109
/zh-cn/3/genindex-M.html,12,12,0
/zh-cn/3/howto/logging.html,12,12,1
/zh-cn/3/library/copy.html,12,12,39
/zh-cn/3/library/dis.html,12,13,1
/zh-cn/3/library/enum.html,12,12,0
/zh-cn/3/library/ftplib.html,12,12,0
/zh-cn/3/library/netdata.html,12,12,0
/zh-cn/3/library/zipfile.html,12,12,23
/3.14/tutorial/index.html,11,11,871
/zh-cn/3.12/library/functions.html,11,11,17
/zh-cn/3.12/library/multiprocessing.html,11,11,190
/zh-cn/3.12/library/typing.html,11,11,4
/zh-cn/3.13/index.html,11,11,134
/zh-cn/3.13/library/asyncio-task.html,11,11,524
/zh-cn/3.13/library/stdtypes.html,11,11,414
/zh-cn/3.13/tutorial/,11,13,168
/zh-cn/3.14/download.html,11,11,448
/zh-cn/3.14/howto/regex.html,11,11,2
/zh-cn/3.14/library/tkinter.html,11,11,4
/zh-cn/3.14/tutorial/stdlib2.html,11,11,282
/zh-cn/3.15/using/index.html,11,11,110
/zh-cn/3/howto/a-conceptual-overview-of-asyncio.html,11,11,1
/zh-cn/3/library/intro.html,11,11,76
/zh-cn/3/library/ipaddress.html,11,11,0
/zh-cn/3/library/time.html,11,11,27
/zh-cn/3/library/tkinter.ttk.html,11,15,0
/zh-cn/dev/library/datatypes.html,11,11,0
/zh-cn/dev/library/http.server.html,11,11,0
/zh-cn/dev/library/idle.html,11,11,137
/zh-cn/dev/library/tkinter.ttk.html,11,11,0
/3.12/,10,10,46
/3.13/,10,10,87
/3/using/windows.html,10,10,559
/zh-cn/3.12/download.html,10,10,32
/zh-cn/3.12/library/re.html,10,10,0
/zh-cn/3.12/whatsnew/3.12.html,10,10,2
/zh-cn/3.13/library/math.html,10,10,0
/zh-cn/3.13/py-modindex.html,10,10,250
/zh-cn/3.13/tutorial/appetite.html,10,10,765
/zh-cn/3.14/howto/index.html,10,12,11
/zh-cn/3.14/library/dataclasses.html,10,10,44
/zh-cn/3.14/library/math.html,10,10,98
/zh-cn/3.14/library/pathlib.html,10,10,11
/zh-cn/3.14/library/re.html,10,11,61
/zh-cn/3.14/library/string.html,10,10,85
/zh-cn/3.14/library/unittest.html,10,10,0
/zh-cn/3.14/reference/compound_stmts.html,10,10,255
/zh-cn/3.15/library/index.html,10,10,0
/zh-cn/3/library/bz2.html,10,10,0
/zh-cn/3/library/concurrent.futures.html,10,10,74
/zh-cn/3/library/csv.html,10,10,0
/zh-cn/3/library/json.html,10,11,222
/zh-cn/3/library/string.html,10,10,0
/zh-cn/3/library/tarfile.html,10,10,0
/zh-cn/3/reference/,10,10,8
/zh-cn/3/using/configure.html,10,10,213
/zh-cn/dev/download.html,10,10,0
/zh-cn/dev/installing/index.html,10,10,0
/zh-cn/dev/library/re.html,10,10,140
/3/library/functions.html,9,9,590
/3/library/idle.html,9,9,52
/3/library/tkinter.html,9,9,373
/zh-cn/3.12/library/datetime.html,9,9,0
/zh-cn/3.12/search.html,9,9,92
/zh-cn/3.12/tutorial/inputoutput.html,9,9,0
/zh-cn/3.13/library/argparse.html,9,9,33
/zh-cn/3.13/library/re.html,9,9,63
/zh-cn/3.13/using/android.html,9,9,3
/zh-cn/3.13/using/windows.html,9,9,3
/zh-cn/3.14/c-api/intro.html,9,9,0
/zh-cn/3.14/library/shutil.html,9,9,523
/zh-cn/3.14/library/ssl.html,9,9,0
/zh-cn/3.14/library/uuid.html,9,9,0
/zh-cn/3.15/genindex-S.html,9,9,0
/zh-cn/3.15/whatsnew/2.5.html,9,9,0
/zh-cn/3/library/abc.html,9,9,52
/zh-cn/3/library/bisect.html,9,9,0
/zh-cn/3/library/constants.html,9,9,165
/zh-cn/3/library/gzip.html,9,9,14
/zh-cn/3/library/importlib.html,9,9,0
/zh-cn/3/library/platform.html,9,9,243
/zh-cn/3/library/tomllib.html,9,9,2
/zh-cn/3/using/android.html,9,9,15
/zh-cn/3/using/unix.html,9,9,110
/zh-cn/3/whatsnew/2.1.html,9,9,0
/zh-cn/3/whatsnew/3.13.html,9,9,0
/zh-cn/dev/c-api/init_config.html,9,9,0
/zh-cn/dev/genindex-A.html,9,9,0
/zh-cn/dev/genindex-F.html,9,9,0
/zh-cn/dev/using/ios.html,9,9,7
/zh-cn/3.12/contents.html,8,8,93
/zh-cn/3.12/library/asyncio-task.html,8,8,0
/zh-cn/3.12/library/signal.html,8,8,0
/zh-cn/3.12/using/windows.html,8,8,156
/zh-cn/3.13/library/typing.html,8,8,0
/zh-cn/3.13/library/urllib.request.html,8,8,0
/zh-cn/3.14/library/argparse.html,8,8,0
/zh-cn/3.14/library/asyncio-task.html,8,8,16
/zh-cn/3.14/library/turtle.html,8,8,363
/zh-cn/3.14/library/typing.html,8,8,36
/zh-cn/3.14/library/venv.html,8,8,5
/zh-cn/3.14/tutorial/stdlib.html,8,8,807
/zh-cn/3.15/library/asyncio-queue.html,8,8,0
/zh-cn/3/howto/curses.html,8,10,390
/zh-cn/3/howto/functional.html,8,8,0
/zh-cn/3/library/difflib.html,8,8,177
/zh-cn/3/library/hashlib.html,8,8,182
/zh-cn/3/library/socket.html,8,9,5
/zh-cn/3/library/tempfile.html,8,8,0
/zh-cn/3/library/winreg.html,8,8,0
/zh-cn/3/reference/grammar.html,8,8,41
/zh-cn/3/reference/simple_stmts.html,8,8,52
/zh-cn/dev/library/multiprocessing.html,8,8,161
/3/download.html,7,7,368
/3/library/asyncio.html,7,7,1379
/3/library/exceptions.html,7,7,978
/zh-cn/3.12/index.html,7,7,144
/zh-cn/3.12/library/collections.html,7,7,0
/zh-cn/3.12/library/io.html,7,7,0
/zh-cn/3.12/tutorial/,7,8,211
/zh-cn/3.12/tutorial/errors.html,7,7,0
/zh-cn/3.12/tutorial/introduction.html,7,7,16
/zh-cn/3.13/installing/index.html,7,7,71
/zh-cn/3.13/library/datetime.html,7,7,0
/zh-cn/3.13/library/plistlib.html,7,7,0
/zh-cn/3.13/tutorial/datastructures.html,7,7,298
/zh-cn/3.14/c-api/init_config.html,7,7,0
/zh-cn/3.14/library/logging.handlers.html,7,7,0
/zh-cn/3.14/library/random.html,7,7,1112
/zh-cn/3.14/library/shelve.html,7,7,0
/zh-cn/3.14/library/threading.html,7,7,11
/zh-cn/3.14/library/warnings.html,7,7,0
/zh-cn/3.14/py-modindex.html,7,7,31
/zh-cn/3.14/reference/simple_stmts.html,7,7,85
/zh-cn/3/genindex-K.html,7,7,0
/zh-cn/3/howto/index.html,7,9,407
/zh-cn/3/library/codecs.html,7,7,10
/zh-cn/3/library/fractions.html,7,7,0
/zh-cn/3/library/gc.html,7,7,0
/zh-cn/3/library/glob.html,7,7,0
/zh-cn/3/library/itertools.html,7,7,97
/zh-cn/3/library/logging.handlers.html,7,7,66
/zh-cn/3/library/pydoc.html,7,7,307
/zh-cn/3/library/readline.html,7,7,113
/zh-cn/3/library/secrets.html,7,7,0
/zh-cn/3/library/timeit.html,7,7,0
/zh-cn/3/reference/introduction.html,7,7,2
/zh-cn/3/tutorial/stdlib2.html,7,7,541
/zh-cn/3/tutorial/venv.html,7,7,67
/zh-cn/dev/genindex-O.html,7,7,0
/zh-cn/dev/library/math.html,7,7,0
/zh-cn/dev/tutorial/classes.html,7,7,4
