name,visitors
Rome,20
Milan,16
Turin,10
Naples,6
Bologna,6
Pisa,4
Paullo,4
Modena,4
Bari,4
Padova,3
Monza,3
Helsinki,2
Tecuci,2
Yogyakarta,2
Bandung,2
N/A,2
Tokyo,2
Palermo,2
Catania,2
Lausanne,2
Nürnberg,2
Lille,2
Venice,2
Spresiano,2
Quarto Inferiore,2
Potenza Picena,2
Pordenone,2
Pescara,2
Paderno Dugnano,2
Novara,2
Montecchio Maggiore-Alte Ceccato,2
Giugliano in Campania,2
Florence,2
Ferentino,2
Caserta,2
Bitonto,2
Casier,2
Cafasse,2
Rosta,2
Riga,1
Hong Kong,1
Yamaguchi,1
Singapore,1
Rende,1
Gioia Tauro,1
Zürich,1
Lugano,1
Naaldwijk,1
Leiden,1
Vienna,1
Linz,1
Kraków,1
Zanica,1
Vicenza,1
Stornarella,1
Selvazzano Dentro,1
Rozzano,1
Piano di Sorrento,1
Parma,1
Oleggio,1
Mugnano di Napoli,1
Marcon-Gaggio-Colmello,1
Lacchiarella,1
Cesena,1
Cernusco sul Naviglio,1
Caldaro sulla Strada del Vino,1
Avellino,1
Arzignano,1
Albignasego,1
Cedar Park,1
Rancho Cucamonga,1
Albuquerque,1
Trois-Rivières,1
Carinaro,1
N/A,1
