property,value,visitors,events,percentage
url,(none),984,1549,99.1
url,https://peps.python.org/pep-0745/,21,21,2.1
url,https://peps.python.org/pep-0750/,9,9,0.9
url,https://www.python.org/downloads/,9,10,0.9
url,https://peps.python.org/pep-0779/,8,8,0.8
url,https://www.python.org/,8,8,0.8
url,https://peps.python.org/pep-0765/,6,6,0.6
url,https://discuss.python.org/t/pep-779-criteria-for-supported-status-for-free-threaded-python/84319/123,4,4,0.4
url,https://peps.python.org/pep-0758/,4,4,0.4
url,https://peps.python.org/pep-0649/,3,3,0.3
url,https://peps.python.org/pep-0749/,3,3,0.3
url,https://apps.microsoft.com/detail/9NQ7512CXL7T,1,1,0.1
url,https://cibuildwheel.pypa.io/en/stable/platforms/#android,1,1,0.1
url,https://datatracker.ietf.org/doc/html/rfc9562.html#section-5.7,1,1,0.1
url,https://devguide.python.org/,1,1,0.1
url,https://devguide.python.org/garbage_collector,1,1,0.1
url,https://en.wikipedia.org/wiki/Tail_call,1,1,0.1
url,https://github.com/llvm/llvm-project/issues/106846,1,1,0.1
url,https://github.com/python/cpython/issues/103998,1,1,0.1
url,https://github.com/python/cpython/issues/115032,1,1,0.1
url,https://github.com/python/cpython/issues/136476,1,1,0.1
url,https://github.com/python/cpython/tree/3.14/Lib/compression/zstd/__init__.py,1,2,0.1
url,https://github.com/python/cpython/tree/3.14/Lib/idlelib/,1,1,0.1
url,https://packaging.python.org/installing/#creating-virtual-environments,1,2,0.1
url,https://peps.python.org/pep-0236/,1,1,0.1
url,https://peps.python.org/pep-0353/,1,1,0.1
url,https://peps.python.org/pep-0684/,1,1,0.1
url,https://peps.python.org/pep-0744/,1,1,0.1
url,https://peps.python.org/pep-0768/,1,1,0.1
url,https://pypi.org/,1,1,0.1
url,https://www.sqlite.org/,1,1,0.1
url,https://www.tkdocs.com/shipman/,1,1,0.1
