name,unique_exits,total_exits,exit_rate
/pt-br/latest/tutorials/installing-packages/,20,20,
/pt-br/latest/guides/installing-using-pip-and-virtual-environments/,13,13,
/en/latest/tutorials/installing-packages/,4,4,
/pt-br/latest/discussions/single-source-version/,3,3,
/pt-br/latest/specifications/name-normalization/,3,3,
/en/latest/tutorials/packaging-projects/,2,2,
/pt-br/latest/guides/hosting-your-own-index/,2,2,
/pt-br/latest/guides/making-a-pypi-friendly-readme/,2,2,
/pt-br/latest/key_projects/,2,2,
/pt-br/latest/overview/,2,2,
/pt-br/latest/tutorials/packaging-projects/,2,2,
/en/latest/guides/installing-using-pip-and-virtual-environments/,1,1,
/en/latest/guides/installing-using-virtualenv/,1,1,
/en/latest/guides/tool-recommendations/,1,1,
/en/latest/key_projects/,1,1,
/en/latest/news/,1,1,
/en/latest/overview/,1,1,
/en/latest/specifications/name-normalization/,1,1,
/pt-br/latest/,1,1,
/pt-br/latest/discussions/src-layout-vs-flat-layout/,1,1,
/pt-br/latest/glossary/,1,1,
/pt-br/latest/guides/,1,1,
/pt-br/latest/guides/installing-using-linux-tools/,1,1,
/pt-br/latest/guides/installing-using-virtualenv/,1,1,
/pt-br/latest/guides/migrating-to-pypi-org/,1,1,
/pt-br/latest/guides/tool-recommendations/,1,1,
/pt-br/latest/guides/writing-pyproject-toml/,1,1,
/pt-br/latest/specifications/binary-distribution-format/,1,1,
/pt-br/latest/specifications/platform-compatibility-tags/,1,1,
/pt-br/latest/tutorials/,1,1,
/pt-br/latest/tutorials/managing-dependencies/,1,1,
