name,visitors,pageviews,bounce_rate,time_on_page,scroll_depth
/tr/3.14/,20,27,33,15,74
/tr/3.14/tutorial/index.html,20,17,75,29,49
/tr/3.15/using/windows.html,20,22,100,13,23
/tr/3.14/tutorial/introduction.html,12,12,100,128,62
/tr/3.14/tutorial/appetite.html,9,9,0,20,99
/tr/3.14/download.html,8,5,0,14,94
/tr/3.14/tutorial/controlflow.html,8,6,0,430,34
/tr/3.14/tutorial/interpreter.html,7,9,50,88,78
/tr/3/installing/index.html,6,5,100,20,71
/tr/3.14/library/index.html,5,4,100,5,22
/tr/3.14/tutorial/classes.html,5,5,100,61,48
/tr/3.14/tutorial/inputoutput.html,5,3,0,17,36
/tr/3.14/tutorial/modules.html,5,5,0,55,55
/tr/3.14/using/windows.html,5,5,0,104,45
/tr/3/glossary.html,5,4,100,79,95
/tr/3.14/contents.html,4,7,33,3,19
/tr/3.14/library/stdtypes.html,4,4,0,15,21
/tr/3.14/search.html,4,8,0,47,77
/tr/3.14/tutorial/appendix.html,4,4,0,43,88
/tr/3.14/tutorial/datastructures.html,4,4,50,69,55
/tr/3.14/tutorial/interactive.html,4,4,0,19,100
/tr/3.14/tutorial/stdlib.html,4,3,0,14,60
/tr/3.14/using/cmdline.html,4,4,0,43,30
/tr/3.14/library/functions.html,3,3,0,16,68
/tr/3.14/library/math.html,3,2,100,457,21
/tr/3.14/py-modindex.html,3,2,0,9,99
/tr/3.14/tutorial/errors.html,3,3,0,10,53
/tr/3/library/functions.html,3,5,100,138,36
/tr/3/library/intro.html,3,5,100,315,100
/tr/3/tutorial/datastructures.html,3,3,67,24,7
/tr/3.13/library/math.html,2,2,50,3,3
/tr/3.13/tutorial/index.html,2,1,100,34,24
/tr/3.14/glossary.html,2,1,0,45,16
/tr/3.14/howto/a-conceptual-overview-of-asyncio.html,2,2,0,2,9
/tr/3.14/howto/index.html,2,1,0,7,63
/tr/3.14/library/datetime.html,2,2,0,1,2
/tr/3.14/library/itertools.html,2,1,0,4,24
/tr/3.14/library/re.html,2,3,0,3,2
/tr/3.14/library/sys.html,2,1,0,11,72
/tr/3.14/tutorial/floatingpoint.html,2,3,0,7,79
/tr/3.14/tutorial/venv.html,2,1,0,9,100
/tr/3.14/tutorial/whatnow.html,2,2,0,23,72
/tr/3.14/using/index.html,2,3,0,8,71
/tr/3.14/whatsnew/index.html,2,4,0,4,8
/tr/3.15/installing/index.html,2,2,0,12,57
/tr/3.15/library/constants.html,2,2,0,0,26
/tr/3.15/library/exceptions.html,2,2,0,0,3
/tr/3.15/library/functions.html,2,2,0,0,2
/tr/3.15/library/index.html,2,2,0,1,6
/tr/3.15/library/intro.html,2,2,0,0,18
/tr/3.15/library/re.html,2,2,0,4,2
/tr/3.15/library/stdtypes.html,2,2,0,1,1
/tr/3.15/library/string.html,2,2,0,0,3
/tr/3.15/library/string.templatelib.html,2,2,0,1,8
/tr/3.15/reference/compound_stmts.html,2,2,0,0,2
/tr/3.15/reference/datamodel.html,2,2,0,0,1
/tr/3.15/reference/executionmodel.html,2,2,0,0,6
/tr/3.15/reference/import.html,2,2,0,0,4
/tr/3.15/reference/index.html,2,2,0,0,20
/tr/3.15/reference/lexical_analysis.html,2,2,0,1,3
/tr/3.15/reference/simple_stmts.html,2,2,0,1,4
/tr/3.15/reference/toplevel_components.html,2,2,0,0,34
/tr/3.15/using/android.html,2,2,0,0,34
/tr/3/library/glob.html,2,2,100,57,88
/tr/3/library/index.html,2,10,0,124,30
/tr/3/reference/expressions.html,2,4,0,241,92
/tr/3/reference/lexical_analysis.html,2,4,0,98,35
/tr/3/reference/simple_stmts.html,2,2,0,98,62
/tr/3/tutorial/index.html,2,6,0,83,71
/tr/3.12/installing/index.html,1,1,100,604,23
/tr/3.12/library/math.html,1,1,0,,
/tr/3.12/library/subprocess.html,1,1,0,4,5
/tr/3.12/library/tk.html,1,1,100,3,25
/tr/3.12/tutorial/classes.html,1,1,100,,
/tr/3.13/,1,1,0,6,73
/tr/3.13/library/index.html,1,1,0,2,7
/tr/3.13/search.html,1,1,100,,
/tr/3.13/using/windows.html,1,1,0,5,14
/tr/3.14/index.html,1,1,0,,
/tr/3.14/library/idle.html,1,1,0,,
/tr/3.14/library/intro.html,1,1,0,6,100
/tr/3.14/library/socket.html,1,1,0,,
/tr/3.14/library/turtle.html,1,2,0,65,97
/tr/3.14/reference/simple_stmts.html,1,1,0,19,67
/tr/3.14/tutorial/stdlib2.html,1,1,0,11,100
/tr/3.14/using/unix.html,1,1,0,3,38
/tr/3.14/whatsnew/3.14.html,1,1,0,,
/tr/3.15/library/text.html,1,2,0,1,30
/tr/3.15/reference/expressions.html,1,2,0,1,2
/tr/3.15/reference/grammar.html,1,2,0,1,3
/tr/3.15/reference/introduction.html,1,2,0,1,15
/tr/3.15/tutorial/appetite.html,1,2,0,3,43
/tr/3.15/using/editors.html,1,2,0,1,71
/tr/3.15/using/index.html,1,1,0,3,44
/tr/3.15/using/ios.html,1,2,0,1,8
/tr/3.15/using/mac.html,1,2,0,1,4
/tr/3/,1,2,0,15,100
/tr/3/c-api/datetime.html,1,1,100,,
/tr/3/c-api/unicode.html,1,1,100,,
/tr/3/deprecations/c-api-pending-removal-in-3.14.html,1,1,100,,
