name,visitors,pageviews,bounce_rate,time_on_page,scroll_depth
/ja/3.13/c-api/capsule.html,944,1028,71,4,31
/ja/3/library/codecs.html,342,402,87,5,9
/ja/3/,256,422,47,14,72
/ja/3.13/tutorial/,178,260,51,86,57
/ja/3.13/library/functions.html,160,170,77,47,44
/ja/3.13/library/index.html,160,221,58,35,52
/ja/3/library/stdtypes.html,145,170,78,88,36
/ja/3/library/functions.html,144,148,85,60,42
/ja/3.13/library/re.html,139,153,86,55,39
/ja/3.13/library/stdtypes.html,121,128,79,59,33
/ja/3/tutorial/index.html,121,163,54,34,64
/ja/3/library/index.html,118,152,55,29,53
/ja/3/tutorial/,114,154,51,65,60
/ja/3.13/library/logging.html,105,114,83,56,38
/ja/3.13/library/subprocess.html,105,116,80,55,24
/ja/3.13/search.html,98,185,20,22,44
/ja/3.13/library/datetime.html,93,104,78,56,30
/ja/3.13/library/tkinter.html,89,91,83,36,30
/ja/3/tutorial/controlflow.html,85,94,61,167,40
/ja/3.13/library/pathlib.html,84,90,88,49,37
/ja/3.13/library/argparse.html,77,76,86,41,35
/ja/3/tutorial/introduction.html,76,99,65,192,60
/ja/3/search.html,75,134,49,21,44
/ja/3/tutorial/datastructures.html,75,80,65,64,36
/ja/3/library/datetime.html,74,79,83,101,58
/ja/3/tutorial/interpreter.html,73,83,67,45,76
/ja/3.13/library/json.html,70,75,88,45,35
/ja/3.13/,68,76,46,29,73
/ja/3.13/tutorial/interpreter.html,65,67,79,63,73
/ja/3.13/library/csv.html,63,68,98,89,45
/ja/3.13/tutorial/inputoutput.html,63,65,73,113,53
/ja/3.13/library/os.path.html,62,64,89,35,44
/ja/3.13/library/multiprocessing.html,61,70,73,34,20
/ja/3.13/reference/index.html,60,83,32,33,75
/ja/3.13/library/typing.html,59,70,76,30,25
/ja/3.13/library/exceptions.html,58,56,83,44,52
/ja/3.13/library/random.html,56,54,91,57,34
/ja/3.13/tutorial/errors.html,54,48,89,82,52
/ja/3/reference/index.html,54,61,45,17,68
/ja/3.13/copyright.html,51,53,87,3,94
/ja/3.13/library/sqlite3.html,51,62,88,65,35
/ja/3/tutorial/appetite.html,50,45,44,67,86
/ja/3.13/tutorial/controlflow.html,49,56,77,244,38
/ja/3.13/tutorial/index.html,49,66,42,37,60
/ja/3.13/library/concurrent.futures.html,48,56,76,25,49
/ja/3.13/library/enum.html,48,50,86,27,26
/ja/3.13/library/threading.html,48,50,87,42,29
/ja/3.13/tutorial/classes.html,48,45,62,222,40
/ja/3.13/library/asyncio-task.html,47,58,64,140,36
/ja/3.13/tutorial/appetite.html,47,44,56,45,78
/ja/3/index.html,45,59,52,8,69
/ja/3.13/library/itertools.html,43,47,81,65,34
/ja/3.13/library/os.html,42,47,67,20,38
/ja/3.13/library/tempfile.html,42,49,84,74,58
/ja/3.13/reference/datamodel.html,41,37,37,138,53
/ja/3.13/tutorial/introduction.html,41,32,78,52,51
/ja/3.13/library/time.html,39,39,88,91,36
/ja/3/library/re.html,39,42,84,102,36
/ja/3.13/tutorial/modules.html,38,41,74,113,50
/ja/3.13/library/io.html,35,39,74,40,48
/ja/3.13/library/unittest.mock.html,35,40,84,34,30
/ja/3.13/glossary.html,34,28,62,43,43
/ja/3.13/howto/sorting.html,33,36,79,35,34
/ja/3/library/exceptions.html,33,33,85,72,63
/ja/3/whatsnew/3.13.html,33,37,100,21,15
/ja/3.13/library/dataclasses.html,32,30,83,71,34
/ja/3/tutorial/modules.html,32,33,68,120,45
/ja/3.13/library/asyncio.html,31,38,62,60,83
/ja/3.13/library/shutil.html,31,31,84,16,27
/ja/3.13/library/string.html,31,31,83,21,30
/ja/3/contents.html,31,33,42,13,18
/ja/3.13/library/socket.html,30,31,83,20,36
/ja/3.13/library/struct.html,30,32,81,417,37
/ja/3.13/reference/expressions.html,30,33,53,51,57
/ja/3/library/xml.etree.elementtree.html,30,35,79,75,35
/ja/3/tutorial/classes.html,30,30,67,186,37
/ja/3/library/,29,32,73,53,49
/ja/3.13/library/pickle.html,28,33,76,34,33
/ja/3.13/using/windows.html,28,29,80,34,34
/ja/3/c-api/import.html,28,26,71,3,8
/ja/3/glossary.html,28,30,71,27,41
/ja/3/using/cmdline.html,28,28,84,151,35
/ja/3.13/installing/index.html,27,26,79,33,62
/ja/3/tutorial/errors.html,27,24,67,97,43
/ja/3/tutorial/stdlib.html,27,27,82,196,56
/ja/3.13/library/collections.html,26,25,95,24,39
/ja/3.13/library/configparser.html,26,23,100,70,31
/ja/3.13/tutorial/datastructures.html,26,29,55,179,55
/ja/3/library/random.html,26,26,100,68,44
/ja/3/library/venv.html,26,27,92,30,24
/ja/3/reference/datamodel.html,26,22,92,39,32
/ja/3.13/library/logging.handlers.html,25,27,82,24,36
/ja/3.13/library/venv.html,25,24,95,24,36
/ja/3.13/tutorial/stdlib.html,25,24,64,151,46
/ja/3/howto/logging.html,25,24,89,28,53
/ja/3/library/typing.html,25,28,64,32,36
/ja/3/tutorial/inputoutput.html,25,28,50,160,56
/ja/3.13/library/math.html,24,26,92,15,41
/ja/3.13/index.html,23,40,42,7,76
/ja/3.13/library/__main__.html,23,21,82,77,50
