name,visitors
Tokyo,670
Singapore,224
Osaka,124
Vienna,112
Taipei,102
Shanghai,89
Beijing,89
Kyiv,86
Paris,86
Guangzhou,80
Bengaluru,79
Hong Kong,73
Hyderabad,64
Mumbai,62
Yokohama,60
Moscow,59
São Paulo,59
N/A,53
Chennai,51
Los Angeles,50
Ho Chi Minh City,49
Frankfurt am Main,47
Taichung,44
Madrid,44
Toronto,44
Pune,42
Shenzhen,40
Warsaw,39
Wuhan,39
Nanjing,39
Hangzhou,39
Zhengzhou,36
Bogotá,36
New York City,36
New Delhi,35
Xi’an,35
Lima,34
Chicago,34
Lagos,33
N/A,33
Seoul,32
Hanoi,31
Lviv,30
Chengdu,29
Nagoya,29
Accra,28
Munich,28
Kyoto,27
London,27
San Jose,27
Chongqing,26
Saint Petersburg,24
Dnipro,24
Berlin,23
Amsterdam,22
Medellín,22
Santiago,22
Nairobi,21
Addis Ababa,21
Cairo,21
Helsinki,20
Istanbul,20
Delhi,20
Hsinchu,20
Qingdao,20
Seongnam-si,20
Rio de Janeiro,20
Stockholm,19
Brasília,19
Ashburn,19
Tashkent,18
Kobe,18
Melbourne,18
Lucknow,17
Nur-Sultan,17
N/A,17
Sydney,17
Barcelona,17
Milan,17
Atlanta,17
Bangkok,16
Jakarta,16
Xiamen,16
Changsha,16
Lisbon,16
Saint-Martin-d'Hères,16
Grenoble,16
Prague,16
Seattle,16
Ivano-Frankivsk,15
Cochin,15
Taoyuan,15
Tainan,15
Wuhu,15
N/A,15
Casablanca,15
Nantes,15
N/A,15
Montréal,15
Odessa,14
Kuala Lumpur,14
Tianjin,14
Hamburg,14
Lyon,14
Budapest,14
Rome,14
Belo Horizonte,14
Reston,14
Dubai,13
Almaty,13
Sapporo,13
Brussels,13
Marseille,13
San José,13
N/A,13
Kryvyy Rih,12
Kharkiv,12
Karachi,12
Bhubaneshwar,12
Chelyabinsk,12
Sendai,12
Dublin,12
Montreuil,12
N/A,12
N/A,12
Athens,11
Bucharest,11
Indore,11
Kolkata,11
N/A,11
Manchester,11
Zürich,11
Poznań,11
Curitiba,11
Quito,11
Houston,11
Brooklyn,11
Salt Lake City,11
Riyadh,10
Ufa,10
Baku,10
Novosibirsk,10
Dalian,10
Phnom Penh,10
N/A,10
Urayasu,10
Fukuoka,10
Yaoundé,10
Naaldwijk,10
Köln,10
Charlotte,10
San Diego,10
Calgary,10
Vancouver,10
Québec,10
N/A,10
Tel Aviv,9
Kremenchuk,9
Colombo,9
Patna,9
Coimbatore,9
Chandīgarh,9
Bhopāl,9
Kathmandu,9
Zhubei,9
Suwon,9
Kawaguchi,9
Ulan Bator,9
N/A,9
Valencia,9
Stuttgart,9
Buenos Aires,9
Queens,9
N/A,9
N/A,9
Baghdad,8
Tehran,8
Yerevan,8
Minsk,8
Khmelnytskyy,8
Visakhapatnam,8
Yekaterinburg,8
Kaohsiung,8
Fuzhou,8
Dongguan,8
N/A,8
N/A,8
N/A,8
Nagareyama,8
Koshigaya,8
Kawasaki,8
Hamamatsu,8
Fujisawa,8
Anan,8
Brisbane,8
Lille,8
Oslo,8
Cape Town,8
Fortaleza,8
Montevideo,8
Santo Domingo,8
Mexico City,8
Baltimore,8
Irvine,8
Zaporizhzhya,7
Rivne,7
Johannesburg,7
Lahore,7
Jaipur,7
Gurgaon,7
N/A,7
Manila,7
Bucheon-si,7
Cheonan,7
Okayama,7
N/A,7
Kashiwa,7
N/A,7
Suzhou,7
Auckland,7
Luanda,7
Abuja,7
Granada,7
Düsseldorf,7
Strasbourg,7
Ivry-sur-Seine,7
Goiânia,7
Gustavo Adolfo Madero,7
Cuautitlán Izcalli,7
Manizales,7
Barranquilla,7
Santa Cruz de la Sierra,7
Cochabamba,7
Tijuana,7
Miami,7
Phoenix,7
Denver,7
N/A,7
N/A,7
N/A,7
N/A,7
N/A,7
N/A,7
Petaẖ Tiqwa,6
Nizhniy Novgorod,6
Kazan,6
Tbilisi,6
Sofia,6
Dhaka,6
Ranchi,6
Nagpur,6
Ahmedabad,6
Omsk,6
Jinan,6
N/A,6
Sakai,6
Musashino,6
N/A,6
Hirakata,6
Gifu-shi,6
N/A,6
N/A,6
Asaka,6
Iwaki,6
Chiba,6
Abidjan,6
Algiers,6
Copenhagen,6
Coventry,6
Göteborg,6
Porto,6
Rotterdam,6
Haarlem,6
Heidelberg,6
Toulouse,6
Créteil,6
Briollay,6
Brno,6
Turin,6
Recife,6
Campina Grande,6
Salvador,6
Toluca,6
Mérida,6
San Salvador,6
Guatemala City,6
Managua,6
Cuauhtémoc,6
Guadalajara,6
Austin,6
Dallas,6
Minneapolis,6
San Francisco,6
Kitchener,6
Winnipeg,6
N/A,6
N/A,6
N/A,6
Kampala,5
Beersheba,5
