name,visitors,bounce_rate,visit_duration
Direct / None,5344,62,249
google.com,1004,81,124
baidu.com/link,819,78,98
cn.bing.com,817,72,126
google.com.hk,252,82,101
python.org,199,0,545
bing.com,163,79,80
baidu.com,116,85,60
doubao.com,66,55,122
m.baidu.com,63,73,65
link.zhihu.com,56,75,45
codecademy.cn,55,70,28
chatgpt.com,31,25,374
link.csdn.net,26,64,119
yz.m.sm.cn/s,17,88,2
yuanbao.tencent.com,16,62,180
runoob.com,14,43,56
cnblogs.com,11,60,66
python.p2hp.com,11,0,161
codecademy.cn/tutorial/python,8,75,16
acwing.com,6,83,5
fastapi.tiangolo.com,6,100,0
yuque.com,6,33,520
chat.baidu.com,5,60,58
so.com/link,5,50,173
codernav.com,4,50,124
3ms.huawei.com,3,100,0
gemini.google.com,3,100,19
m.baidu.com/from=1024043p/bd_page_type=1/ssid=0/uid=0/pu=usm%400%2Csz%401320_220%2Cta%40iphone_5_5.0_28_5.1/baiduid=FDD9F7668A07C8D3351890F5131A5C65/w=0_10_/t=iphone/l=1/tc,3,50,24
m.baidu.com/from=1086k/bd_page_type=1/ssid=0/uid=0/pu=usm%400%2Csz%401320_1002%2Cta%40iphone_2_15.0_2_16.2/baiduid=F600A8F3EC7304A6124437EBDE164392/w=0_10_/t=iphone/l=1/tc,3,0,1
m.sogou.com,3,33,219
ntp.msn.cn,3,50,218
pan.baidu.com,3,0,87
python.byted.org,3,67,434
blog.csdn.net/RudeTomatoes/article/details/117003291,2,0,201
blog.csdn.net/cnds123/article/details/131752728,2,50,71
blog.csdn.net/weixin_42399800/article/details/143822422,2,100,0
cai51jalat2.feishu.cn,2,100,0
chat.lanjingai.org,2,0,1476
claude.ai,2,100,0
cp.baidu.com,2,100,0
duckduckgo.com,2,0,696
educoder.net/tasks/j3eu46hr/2869247/atefw2p63z8o,2,100,0
github.com/Dobot-Arm/TCP-IP-Python-V3/blob/main/README.md,2,50,2
github.com/JoeanAmier/TikTokDownloader/wiki/Documentation,2,100,0
jianshu.com,2,100,0
km.woa.com,2,0,1036
leetcode.cn,2,100,0
liaoxuefeng.com,2,0,0
m.baidu.com/from=1013966u/bd_page_type=1/ssid=0/uid=0/pu=usm%400%2Csz%401320_1001%2Cta%40iphone_2_14.0_19_25.7/baiduid=299D410F910373CCA40C19F697E0006B/w=0_10_/t=iphone/l=1/tc,2,50,66
m.baidu.com/from=1013966u/bd_page_type=1/ssid=0/uid=0/pu=usm%400%2Csz%401320_1001%2Cta%40iphone_2_15.0_19_25.5/baiduid=61BC8938E7888E27D842DE102141B890/w=0_10_/t=iphone/l=1/tc,2,100,0
m.baidu.com/from=1022282z/bd_page_type=1/ssid=0/uid=0/pu=usm%400%2Csz%401320_1001%2Cta%40iphone_2_10.0_24_83.0/baiduid=B0F8F8AF55A7879568D12C872B8ECF8B/w=0_10_/t=iphone/l=1/tc,2,100,0
m.baidu.com/s,2,0,54
nativeapp.toutiao.com,2,0,8
notebooks.githubusercontent.com,2,0,138
oi-wiki.org,2,100,0
python.github.net.cn,2,0,682
rp.netease.com,2,33,306
tongyi.com/qianwen,2,50,181
treehole.pku.edu.cn,2,100,0
web-sandbox.oaiusercontent.com,2,50,4
wenxiaobai.com,2,0,188
www4.bing.com,2,100,0
10.155.193.213,1,0,24
111.229.86.199,1,0,3
192.168.0.211,1,100,0
52pojie.cn/thread-2049438-1-1.html,1,100,0
52zwbc.com/0jc/2bian/00.html,1,100,0
58.242.118.51,1,0,0
6estates.sg.larksuite.com,1,100,0
aigc.sankuai.com,1,100,0
askmanyai.cn/chat/72056997-79a4-4654-b2b0-25e6bcc65bdd,1,0,154
baike.baidu.com/reference/407313/533aYdO6cr3_z3kATKXfzPijYC-VNd__ueHQVuBzzqIPmGapB4rqWZt88M4r9vhpWgTZt9d4aJsWmKf5FQ,1,0,2442
biiii.com,1,100,0
blog.csdn.net/m0_58730471/article/details/141056443,1,100,0
blog.csdn.net/qq_35491275/article/details/129778965,1,100,0
blog.csdn.net/qq_35591253/article/details/127237940,1,0,38
bloomberg.github.io,1,0,48
bohrium.com/notebooks/16882183382/update,1,0,15
bytedance.larkoffice.com,1,100,0
bytedance.sg.larkoffice.com,1,0,48
c.biancheng.net,1,100,0
c2.bytzdev.xyz,1,0,996
canvas.nus.edu.sg,1,100,0
catlgpt.catl.com,1,0,3346
cd.xrnm.xyz,1,100,0
ceshiren.com,1,100,0
chat.junyiwl.top,1,0,0
cloud.siliconflow.cn,1,0,26
cn.bing.com/search,1,100,0
code.visualstudio.com,1,0,902
college.yingdao.com,1,0,35
confluence.armchina.com,1,100,0
confluence.iluvatar.ai,1,100,0
courses.gdut.edu.cn,1,100,0
davinci.mediatek.inc,1,0,36
docs.micropython.org,1,0,366
docs.pydantic.dev,1,0,10
docs.pytorch.org,1,0,1070
docs.qq.com,1,0,9
docs.singtown.com,1,0,188
docs.vllm.ai/en/latest/api/vllm/model_executor/layers/quantization/base_config.html,1,0,22
doubao.com/chat/16743735785504002,1,0,381
doubao.com/chat/16844307145219330,1,0,260
dsw-gateway.cf8069398312a46ff8da458965cefe2cb.cn-shanghai.alicontainer.com,1,0,962
elink.e.hihonor.com,1,100,0
emt.18.cn,1,100,0
fuyao-v3.xiaopeng.link,1,0,25
github.com/Dobot-Arm/TCP-IP-4Axis-Python,1,0,9
github.com/Dobot-Arm/TCP-IP-Python-V3/tree/main,1,100,0
github.com/Dobot-Arm/TCP-IP-Python-V4/blob/main/README.md,1,100,0
github.com/dashidhy/algorithm-pattern-python/blob/master/introduction/python.md,1,0,141
github.com/fastapi/fastapi/discussions/8612,1,100,0
github.com/geyao1995/DL-CV-guide-for-Chinese-beginners,1,100,0
github.com/micropython/micropython-lib,1,0,12
github.com/tangyoha/telegram_media_downloader/blob/master/README_CN.md,1,100,0
github.com/tataCrayon/LLM-DEV-COOKBOOK/blob/main/doc/LLM%E5%BA%94%E7%94%A8%E5%BC%80%E5%8F%91%E6%95%99%E7%A8%8B%E6%B1%87%E6%80%BB.md,1,0,2558
google.co.in,1,100,0
google.com.tw,1,100,0
google.com/search,1,0,42
hellowac.github.io,1,0,1698
help.aliyun.com/redirect,1,100,0
hyperskill.org,1,0,13
ilearning.huawei.com,1,0,437
infinitrader.quantdo.com.cn,1,100,0
ithelp.ithome.com.tw,1,0,67
jianshu.com/go-wild,1,0,29
kwaipilot.corp.kuaishou.com,1,100,0
langcore.feishu.cn,1,100,0
learnku.com,1,0,120
link.juejin.cn,1,100,0
link.whyj.com,1,100,0
lixiaolai.com,1,100,0
lovejay.top,1,100,0
m.baidu.com/from=1001192y/bd_page_type=1/ssid=0/uid=0/pu=usm%400%2Csz%401320_1001%2Cta%40iphone_2_10.0_28_16.0/baiduid=5C0ECFB0BB8D1BBD2FE881380122BFC2/w=0_10_/t=iphone/l=1/tc,1,100,0
m.baidu.com/from=1001192y/bd_page_type=1/ssid=0/uid=0/pu=usm%400%2Csz%401320_1001%2Cta%40iphone_2_12.0_28_14.0/baiduid=36326BBB11287EF80226BC0F8B97DDCA/w=0_10_/t=iphone/l=1/tc,1,100,0
m.baidu.com/from=1001192y/bd_page_type=1/ssid=0/uid=0/pu=usm%400%2Csz%401320_1001%2Cta%40iphone_2_12.0_28_16.0/baiduid=5FC35938B74F89E7717F6FF5D3027FF7/w=0_10_/t=iphone/l=1/tc,1,0,1
m.baidu.com/from=1001192y/bd_page_type=1/ssid=0/uid=0/pu=usm%400%2Csz%401320_1001%2Cta%40iphone_2_12.0_28_16.0/baiduid=671460AB9FE435782852E3AC3365DE9F/w=0_10_/t=iphone/l=1/tc,1,100,0
m.baidu.com/from=1001192y/bd_page_type=1/ssid=0/uid=0/pu=usm%400%2Csz%401320_1001%2Cta%40iphone_2_12.0_28_16.0/baiduid=726205614F79F82E01D7B6A37F96C02C/w=10_10_/t=iphone/l=1/tc,1,0,27
m.baidu.com/from=1001192y/bd_page_type=1/ssid=0/uid=0/pu=usm%400%2Csz%401320_1001%2Cta%40iphone_2_12.0_28_16.0/baiduid=90704635625CCFEB7284B2E33E572268/w=20_10_/t=iphone/l=1/tc,1,0,20
m.baidu.com/from=1001192y/bd_page_type=1/ssid=0/uid=0/pu=usm%400%2Csz%401320_1001%2Cta%40iphone_2_12.0_28_16.0/baiduid=E148F033A46CAA60F0A1BEA385A8FB2E/w=10_10_/t=iphone/l=1/tc,1,0,212
m.baidu.com/from=1001192y/bd_page_type=1/ssid=0/uid=0/pu=usm%400%2Csz%401320_220%2Cta%40iphone___24_114.0/baiduid=73047676C6ABC9FD778C0EADFDF00338/w=0_10_/t=iphone/l=1/tc,1,0,25
m.baidu.com/from=1001192y/bd_page_type=1/ssid=0/uid=0/pu=usm%400%2Csz%401320_220%2Cta%40iphone___24_114.0/baiduid=7BBB02DE6EAEE4F079C008B82F1B86FF/w=0_10_/t=iphone/l=1/tc,1,100,0
m.baidu.com/from=1001703a/bd_page_type=1/ssid=0/uid=0/pu=usm%400%2Csz%401320_1001%2Cta%40ins_2_15.0_18_40.10/baiduid=B80941DF6BDEDC897390769C6EC55A4C/w=0_10_/t=zbios/l=1/tc,1,100,0
m.baidu.com/from=1001703a/bd_page_type=1/ssid=0/uid=0/pu=usm%402%2Csz%401320_1001%2Cta%40iphone_2_15.0_18_40.10/baiduid=2238498749054639578A512F198E9137/w=0_10_/t=iphone/l=1/tc,1,100,0
m.baidu.com/from=1012852q/bd_page_type=1/ssid=0/uid=0/pu=usm%400%2Csz%401320_1004%2Cta%40iphone_2_13.0_11_20.0/baiduid=870FF35C93B099DB8DC0FA8437FE3431/w=0_10_/t=iphone/l=1/tc,1,0,24
m.baidu.com/from=1012852q/bd_page_type=1/ssid=0/uid=0/pu=usm%400%2Csz%401320_220%2Cta%40iphone___11_11.0/baiduid=11CC9EF93109E8D1E4178900B102D837/w=0_10_/t=iphone/l=1/tc,1,100,0
m.baidu.com/from=1012852q/bd_page_type=1/ssid=0/uid=0/pu=usm%400%2Csz%401320_220%2Cta%40iphone___11_20.0/baiduid=4C41AF5DFCE2CF5736FAAF5526B8432D/w=0_10_/t=iphone/l=1/tc,1,100,0
m.baidu.com/from=1013966u/bd_page_type=1/ssid=0/uid=0/pu=usm%400%2Csz%401320_1001%2Cta%40iphone_2_15.0_19_25.6/baiduid=CF7A941BAA6B28B86D9C39B1332FCF5D/w=0_10_/t=iphone/l=1/tc,1,100,0
m.baidu.com/from=1013966u/bd_page_type=1/ssid=0/uid=0/pu=usm%400%2Csz%401320_1001%2Cta%40iphone_2_15.0_19_25.7/baiduid=7B71EA4E440CEF2CCFD05C5F1247BECD/w=0_10_/t=iphone/l=1/tc,1,100,0
m.baidu.com/from=1013966u/bd_page_type=1/ssid=0/uid=0/pu=usm%400%2Csz%401320_1001%2Cta%40iphone_2__24_131.0/baiduid=B20076E73C090137E42EF4D4282C1978/w=0_10_/t=iphone/l=1/tc,1,100,0
m.baidu.com/from=1013966u/bd_page_type=1/ssid=0/uid=0/pu=usm%401%2Csz%401320_1001%2Cta%40iphone_2_15.0_19_25.5/baiduid=F18521F5C473BE295CFE82E4EB109956/w=0_10_/t=iphone/l=1/tc,1,100,0
m.baidu.com/from=1015011n/bd_page_type=1/ssid=0/uid=0/pu=usm%400%2Csz%401320_1001%2Cta%40iphone_2_10.0_24_83.0/baiduid=6D3BEF27797C57D86F3FE30495DBD4D9/w=0_10_/t=iphone/l=1/tc,1,0,5
m.baidu.com/from=1015011n/bd_page_type=1/ssid=0/uid=0/pu=usm%400%2Csz%401320_1001%2Cta%40iphone_2_15.0_24_131.0/baiduid=F6A6FCCB20D3EDBB821413161B494A40/w=0_10_/t=iphone/l=1/tc,1,100,0
m.baidu.com/from=1019311v/bd_page_type=1/ssid=0/uid=0/pu=usm%400%2Csz%401320_1001%2Cta%40iphone_2_15.0_19_25.6/baiduid=2BBD7D5F2E3815122A64569852E3D22D/w=0_10_/t=iphone/l=1/tc,1,100,0
m.baidu.com/from=1019311v/bd_page_type=1/ssid=0/uid=0/pu=usm%400%2Csz%401320_1001%2Cta%40iphone_2_15.0_19_25.7/baiduid=1A3A642091A8C8E3D0E4F9BC2653CC1B/w=0_10_/t=iphone/l=1/tc,1,100,0
m.baidu.com/from=1019311v/bd_page_type=1/ssid=0/uid=0/pu=usm%400%2Csz%401320_1001%2Cta%40iphone_2_15.0_19_25.8/baiduid=BB0D920C7F732DE3D77480AA08BDE2CF/w=0_10_/t=iphone/l=1/tc,1,100,0
m.baidu.com/from=1020761f/bd_page_type=1/ssid=0/uid=0/pu=usm%400%2Csz%401320_1001%2Cta%40iphone_2_10.0_19_25.6/baiduid=7E18CFFBE779AA7FDC82B22A1931F6CC/w=0_10_/t=iphone/l=1/tc,1,100,0
m.baidu.com/from=1020761f/bd_page_type=1/ssid=0/uid=0/pu=usm%400%2Csz%401320_1001%2Cta%40iphone_2_12.0_19_24.7/baiduid=4248E2751C62FE78865B1F0814181DD9/w=0_10_/t=iphone/l=1/tc,1,100,0
m.baidu.com/from=1020761f/bd_page_type=1/ssid=0/uid=0/pu=usm%400%2Csz%401320_1001%2Cta%40iphone_2__24_131.0/baiduid=8570E0D56AA0443E58CD8492CD49443A/w=0_10_/t=iphone/l=1/tc,1,100,0
m.baidu.com/from=1021611r/bd_page_type=1/ssid=0/uid=0/pu=usm%401%2Csz%401320_1001%2Cta%40iphone_2_11.0_24_114.0/baiduid=9092D4E8D7933A9446A2488928B93749/w=0_10_/t=iphone/l=1/tc,1,100,0
m.baidu.com/from=1022282z/bd_page_type=1/ssid=0/uid=0/pu=usm%400%2Csz%401320_1001%2Cta%40iphone_2_12.0_24_92.0/baiduid=B7EC8718766B77156B4850254250A45C/w=0_10_/t=iphone/l=1/tc,1,0,621
m.baidu.com/from=1022282z/bd_page_type=1/ssid=0/uid=0/pu=usm%400%2Csz%401320_1001%2Cta%40iphone_2_13.0_24_116.0/baiduid=8EFF1E0F174DEB565E87D65C1ADB96E5/w=0_10_/t=iphone/l=1/tc,1,0,0
m.baidu.com/from=1022282z/bd_page_type=1/ssid=0/uid=0/pu=usm%400%2Csz%401320_1001%2Cta%40iphone_2_13.0_24_137.0/baiduid=400167B559DDF550F204F64A328D756E/w=0_10_/t=iphone/l=1/tc,1,100,0
m.baidu.com/from=1022282z/bd_page_type=1/ssid=0/uid=0/pu=usm%400%2Csz%401320_1001%2Cta%40iphone_2_14.0_24_138.0/baiduid=FFEED313A68EBEB58F7C5516EB5EA2EE/w=0_10_/t=iphone/l=1/tc,1,100,0
m.baidu.com/from=1024043p/bd_page_type=1/ssid=0/uid=0/pu=usm%400%2Csz%401320_220%2Cta%40iphone_5_5.0_28_5.1/baiduid=213FCD713C2B53411A6D0AD2B0B7BF0D/w=0_10_/t=iphone/l=1/tc,1,100,0
m.baidu.com/from=1024043p/bd_page_type=1/ssid=0/uid=0/pu=usm%400%2Csz%401320_220%2Cta%40iphone_5_5.0_28_5.1/baiduid=642A7C00A99CC6C84F6681D41762DDE6/w=20_10_/t=iphone/l=1/tc,1,100,0
m.baidu.com/from=1024043p/bd_page_type=1/ssid=0/uid=0/pu=usm%400%2Csz%401320_220%2Cta%40iphone_5_5.0_28_5.1/baiduid=C40F3FB99740FF8A7F1487919BDF6657/w=0_10_/t=iphone/l=1/tc,1,0,15
m.baidu.com/from=1024043p/bd_page_type=1/ssid=0/uid=0/pu=usm%402%2Csz%401320_220%2Cta%40iphone_5_5.1_28_5.1/baiduid=B5861BE110A51BB6DC74310D2308E344/w=0_10_/t=iphone/l=1/tc,1,0,1163
m.baidu.com/from=1029974j/bd_page_type=1/ssid=0/uid=0/pu=usm%400%2Csz%401320_1001%2Cta%40iphone_2_9.0_24_67.0/baiduid=E32CD19D75313C66305FD16556B88DEB/w=0_10_/t=iphone/l=1/tc,1,100,0
m.baidu.com/from=1052946a/bd_page_type=1/ssid=0/uid=0/pu=usm%401%2Csz%401320_1001%2Cta%40iphone_2_15.0_19_25.7/baiduid=A7A6E6BA2DB4D6E09019170C7C3B523E/w=0_10_/t=iphone/l=1/tc,1,100,0
m.baidu.com/from=2001p/bd_page_type=1/ssid=0/uid=0/pu=usm%400%2Csz%401320_1004%2Cta%40iphone_2_15.0_35_7.14/baiduid=F84B23481425D08F8F81E1445ADCEDCD/w=0_10_/t=iphone/l=1/tc,1,0,1422
m.baidu.com/from=844b/bd_page_type=1/ssid=0/uid=0/pu=usm%400%2Csz%401320_1001%2Cta%40iphone_2_8.1_24_90.0/baiduid=86C8A7B60A2AC17E90CD26351AE890EE/w=0_10_/t=iphone/l=1/tc,1,100,0
m.baidu.com/from=844b/bd_page_type=1/ssid=0/uid=0/pu=usm%400%2Csz%401320_1004%2Cta%40iphone_2_10.0_33_138.0/baiduid=B9F62901656A5409F8D3A62F14A3AB94/w=0_10_/t=iphone/l=1/tc,1,0,26
m.baidu.com/from=844b/bd_page_type=1/ssid=0/uid=0/pu=usm%402%2Csz%401320_1001%2Cta%40iphone_2_12.0_24_107.0/baiduid=E49FFE5473931FAD4D1BAE762F9B280A/w=0_10_/t=iphone/l=1/tc,1,0,307
m.baidu.com/from=844b/bd_page_type=1/ssid=abead0ecd2f3c1ba726657/uid=0/pu=usm%400%2Csz%401320_1001%2Cta%40iphone_2_15.0_24_132.0/baiduid=19C9E636C3FFE70D6C49A038AC92BA34/w=0_10_/t=iphone/l=1/tc,1,0,56
m.sogou.com/web/searchList.jsp,1,0,6
myapollo.com.tw,1,0,667
news.ycombinator.com,1,0,1497
note.youdao.com,1,100,0
nowcoder.com,1,0,104
ocnlrtir9sg9.feishu.cn,1,0,384
pandas.pydata.org,1,0,0
perplexity.ai,1,0,4
prd.fs.huaqin.com,1,100,0
pyhealth.readthedocs.io,1,0,40
pypypy.cn,1,100,0
python.org/doc,1,0,6
python.org/psf-landing,1,0,169
quark.cn/s/11upgU47R2YS7E8meF,1,0,3
quark.cn/s/5s3Ie61329sCu2CA4u,1,100,0
quark.cn/s/HXye0m12irG6ki0sUG,1,0,6
r00qdo82l1q.feishu.cn,1,100,0
runoob.com/python3/python3-resources.html,1,0,328
s.cn.bing.net,1,0,1434
space.coze.cn,1,0,63
statics.teams.cdn.office.net,1,100,0
t.co,1,100,0
t6ixa9nyl6.jiandaoyun.com,1,100,0
taichu-web.ia.ac.cn,1,0,47
tieba.baidu.com,1,100,0
wangchujiang.com,1,100,0
web.shanbay.com,1,100,0
web.shanbay.com/codetime-study/home/app/study-process/onnjg,1,100,0
wiki.python.org,1,0,195
wiki.realtek.com,1,100,0
wiki.sicarrier.com,1,100,0
worktile.com,1,0,171
wp.m.bing.com,1,100,0
z2blog.com,1,100,0
