name,version,visitors
Windows,10,5143
Mac,10.15,1251
GNU/Linux,(not set),591
Android,10,523
Ubuntu,(not set),147
iOS,18.7,92
iOS,18.6,89
Android,15,57
Android,14,37
Android,12,23
iOS,26.0,23
Windows,7,21
iOS,18.5,20
Android,13,15
Android,11,13
Chrome OS,14541.0,12
Android,9,10
HarmonyOS,3.0,8
Android,16,7
HarmonyOS,2.2,7
iOS,17.6,6
Windows,8.1,6
Android,8.1,6
iOS,18.1,5
iOS,15.6,4
iOS,18.3,4
(not set),(not set),3
iOS,14.0,3
iPadOS,17.7,3
iOS,17.7,3
iOS,26.1,3
Windows Mobile,10,2
Mac,10.11,2
Mac,10.13,2
iOS,18.2,2
Android,5.0,2
Android,7.1,2
Mac,10.12,1
Mac,10.14,1
iOS,15.8,1
iOS,16.6,1
iPadOS,16.7,1
iOS,17.4,1
iOS,18.0,1
PlayStation,4.13,1
Android,6.0,1
Windows,8,1
Fire OS,8,1
Android,8.0,1
