name,unique_entrances,total_entrances,visit_duration
/3/,19,19,212
/tr/3/installing/index.html,10,11,38
/tr/3/tutorial/index.html,10,10,120
/tr/3/,5,5,487
/tr/3/library/functions.html,5,5,106
/3.13/tutorial/index.html,4,4,85
/3/tutorial/index.html,4,4,155
/3/library/tkinter.html,3,3,697
/tr/3.12/glossary.html,3,3,0
/tr/3.13/tutorial/index.html,3,4,208
/tr/3/faq/gui.html,3,3,0
/tr/3/tutorial/inputoutput.html,3,3,0
/3.13/,2,2,381
/3/library/idle.html,2,2,75
/3/library/turtle.html,2,2,145
/3/using/windows.html,2,2,1036
/tr/3.12/tutorial/classes.html,2,2,309
/tr/3.13/tutorial/introduction.html,2,2,0
/tr/3.13/using/windows.html,2,2,577
/tr/3/glossary.html,2,2,0
/tr/3/tutorial/controlflow.html,2,3,10
/tr/3/using/cmdline.html,2,2,37
/3.12/,1,1,10
/3.13/index.html,1,1,40
/3.13/using/windows.html,1,1,42
/3/faq/general.html,1,1,566
/3/index.html,1,1,475
/3/installing/index.html,1,1,103
/3/library/binascii.html,1,1,89
/3/library/concurrent.futures.html,1,1,10
/3/library/exceptions.html,1,1,359
/3/library/functions.html,1,1,258
/3/library/string.html,1,1,1584
/3/reference/compound_stmts.html,1,1,18
/3/tutorial/,1,1,396
/3/tutorial/errors.html,1,1,4
/3/tutorial/introduction.html,1,1,11
/it/3.13/library/datetime.html,1,1,684
/tr/3.12/,1,2,12
/tr/3.12/library/queue.html,1,1,0
/tr/3.13/library/functions.html,1,1,0
/tr/3.13/library/stdtypes.html,1,2,194
/tr/3.13/reference/compound_stmts.html,1,1,0
/tr/3.13/search.html,1,1,0
/tr/3.13/tutorial/controlflow.html,1,2,0
/tr/3.13/tutorial/datastructures.html,1,1,0
/tr/3.13/whatsnew/3.13.html,1,1,0
/tr/3.14/tutorial/introduction.html,1,1,0
/tr/3/library/math.html,1,1,0
/tr/3/library/string.html,1,1,0
/tr/3/library/time.html,1,1,0
/tr/3/library/tk.html,1,1,0
/tr/3/tutorial/,1,1,305
/tr/3/tutorial/appendix.html,1,1,101
/tr/3/tutorial/appetite.html,1,1,0
/tr/3/tutorial/whatnow.html,1,1,0
/tr/3/whatsnew/3.13.html,1,1,25
/zh-cn/3.13/reference/datamodel.html,1,1,253
/zh-cn/3/library/idle.html,1,1,605
