name,unique_exits,total_exits,exit_rate
/pl/3/tutorial/datastructures.html,35,35,
/pl/3/tutorial/index.html,34,34,
/pl/dev/library/abc.html,17,19,
/pl/dev/tutorial/classes.html,16,16,
/pl/3/tutorial/introduction.html,10,13,
/pl/3/tutorial/venv.html,9,9,
/pl/dev/library/turtle.html,9,9,
/pl/3/tutorial/interpreter.html,8,9,
/3/,7,6,
/pl/3.14/library/functions.html,7,7,
/pl/3/tutorial/controlflow.html,7,7,
/3/library/turtle.html,6,6,
/dev/using/windows.html,6,6,
/pl/3.15/using/windows.html,6,6,
/pl/3/,6,7,
/pl/3/library/index.html,6,6,
/pl/3/reference/index.html,6,6,
/pl/3.14/tutorial/interpreter.html,5,5,
/pl/dev/library/functions.html,5,6,
/pl/dev/tutorial/inputoutput.html,5,5,
/3/library/index.html,4,4,
/pl/3.12/tutorial/introduction.html,4,5,
/pl/3.15/tutorial/classes.html,4,4,
/pl/3/tutorial/appetite.html,4,4,
/pl/3/tutorial/errors.html,4,4,
/pl/3.14/,3,3,
/pl/3.14/library/idle.html,3,3,
/pl/3.14/reference/expressions.html,3,3,
/pl/3.14/tutorial/introduction.html,3,4,
/pl/3.15/reference/simple_stmts.html,3,4,
/pl/3/glossary.html,3,3,
/pl/3/installing/index.html,3,3,
/pl/3/library/functions.html,3,3,
/pl/3/tutorial/classes.html,3,3,
/pl/3/tutorial/floatingpoint.html,3,3,
/3.14/library/stdtypes.html,2,2,
/3/library/functions.html,2,2,
/3/search.html,2,2,
/3/tutorial/classes.html,2,2,
/3/tutorial/index.html,2,2,
/pl/3.12/library/typing.html,2,2,
/pl/3.13/library/binary.html,2,2,
/pl/3.13/tutorial/index.html,2,2,
/pl/3.13/tutorial/inputoutput.html,2,2,
/pl/3.14/library/codecs.html,2,2,
/pl/3.14/library/math.html,2,2,
/pl/3.14/search.html,2,2,
/pl/3.14/tutorial/controlflow.html,2,2,
/pl/3.14/tutorial/datastructures.html,2,2,
/pl/3.14/tutorial/index.html,2,2,
/pl/3.15/,2,2,
/pl/3/contents.html,2,2,
/pl/3/download.html,2,2,
/pl/3/extending/extending.html,2,2,
/pl/3/library/array.html,2,2,
/pl/3/library/keyword.html,2,2,
/pl/3/library/socket.html,2,2,
/pl/3/library/turtle.html,2,2,
/pl/3/library/weakref.html,2,2,
/pl/3/tutorial/inputoutput.html,2,2,
/pl/3/using/cmdline.html,2,2,
/3.12/search.html,1,1,
/3.13/library/exceptions.html,1,1,
/3.14/,1,1,
/3.14/library/functions.html,1,1,
/3.14/library/turtle.html,1,1,
/3.14/search.html,1,1,
/3.14/tutorial/controlflow.html,1,1,
/3.14/using/windows.html,1,1,
/3.15/search.html,1,1,
/3.15/using/windows.html,1,1,
/3/c-api/module.html,1,1,
/3/library/idle.html,1,1,
/3/library/itertools.html,1,1,
/3/library/json.html,1,1,
/3/library/os.html,1,1,
/3/library/os.path.html,1,1,
/3/library/re.html,1,1,
/3/library/stdtypes.html,1,1,
/3/library/text.html,1,1,
/3/library/timeit.html,1,1,
/3/library/venv.html,1,1,
/3/license.html,1,1,
/3/reference/import.html,1,1,
/3/tutorial/controlflow.html,1,1,
/3/tutorial/introduction.html,1,0,
/3/using/windows.html,1,1,
/dev/search.html,1,1,
/el/3.14/library/idle.html,1,1,
/it/3.14/reference/,1,1,
/ko/3.14/tutorial/index.html,1,1,
/ko/3.14/tutorial/modules.html,1,1,
/pl/3.12/installing/index.html,1,1,
/pl/3.12/library/constants.html,1,1,
/pl/3.12/library/gc.html,1,1,
/pl/3.12/library/tarfile.html,1,1,
/pl/3.12/library/time.html,1,1,
/pl/3.12/library/venv.html,1,1,
/pl/3.12/license.html,1,2,
/pl/3.12/reference/compound_stmts.html,1,1,
