name,visitors
Chrome,101528
Microsoft Edge,22903
Firefox,18429
Safari,13940
Yandex Browser,3051
Opera,2736
Mobile App,1402
Samsung Browser,412
SberBrowser,130
(not set),124
Huawei Browser Mobile,122
MIUI Browser,97
UC Browser,96
vivo Browser,91
Brave,87
Avast Secure Browser,62
Chromium,60
Smart Lenovo Browser,56
Quark,49
QQ Browser,39
Whale Browser,27
QtWebEngine,22
AVG Secure Browser,20
Ecosia,20
Mobile Silk,20
Opera Touch,15
Norton Private Browser,14
Hi Browser,13
Sogou Explorer,11
CCleaner,10
Opera GX,10
AdBlock Browser,9
Android Browser,9
Pale Moon,9
Huawei Browser,7
Notion,7
Oculus Browser,5
Phoenix Browser,5
CoolBrowser,3
Iron,3
Kindle Browser,3
Aloha Browser,2
Atom,2
Avira Secure Browser,2
Falkon,2
Qutebrowser,2
Safe Exam Browser,2
SeaMonkey,2
360 Secure Browser,1
DuckDuckGo Privacy Browser,1
Light,1
NetFront,1
Rakuten Web Search,1
Seraphic Sraf,1
Sleipnir,1
Stargon,1
Tizen Browser,1
UBrowser,1
