name,version,visitors
Chrome,140.0,77271
Microsoft Edge,140.0,21164
Firefox,143.0,12804
Chrome,141.0,8529
Chrome,139.0,5615
Safari,18.6,5223
Safari,26.0,3887
Chrome,138.0,2737
Yandex Browser,25.8,2423
Opera,122.0,1796
Firefox,140.0,1543
Firefox,142.0,1223
Mobile App,(not set),1094
Safari,18.5,1009
Chrome,137.0,891
Firefox,128.0,855
Microsoft Edge,139.0,563
Chrome,135.0,551
Chrome,136.0,531
Chrome,134.0,493
Safari,17.6,493
Opera,120.0,488
Chrome,125.0,464
Chrome,131.0,449
Chrome,109.0,437
Firefox,141.0,375
Chrome,132.0,368
Firefox,136.0,362
Chrome,130.0,351
Safari,18.3,351
Samsung Browser,28.0,345
Safari,18.7,310
Chrome,133.0,307
Opera,121.0,305
Chrome,126.0,287
Safari,16.6,272
Microsoft Edge,138.0,264
Firefox,115.0,232
Chrome,122.0,229
Safari,18.4,228
Chrome,128.0,216
Safari,(not set),195
Safari,17.5,194
Safari,26.2,189
Safari,18.1,188
Safari,15.6,180
Safari,26.1,176
Chrome,129.0,174
Firefox,144.0,156
Safari,18.0,130
Firefox,139.0,128
Safari,17.4,127
Mobile App,140.0,126
Chrome,117.0,125
Chrome,120.0,125
Chrome,124.0,125
Microsoft Edge,137.0,125
(not set),(not set),124
SberBrowser,31.0,118
Safari,18.2,116
Chrome,119.0,114
Microsoft Edge,141.0,112
Yandex Browser,25.6,109
Firefox,138.0,108
Chrome,116.0,107
Firefox,137.0,106
Chrome,127.0,100
Yandex Browser,25.2,97
Huawei Browser Mobile,16.0,88
Brave,(not set),87
Safari,17.3,80
Yandex Browser,25.4,77
Safari,17.1,73
Firefox,135.0,72
Microsoft Edge,136.0,71
Chrome,142.0,70
UC Browser,18.1,70
Chrome,121.0,69
Chrome,118.0,67
Safari,10.0,65
Microsoft Edge,132.0,63
Chrome,123.0,61
Mobile App,97.0,60
Yandex Browser,24.10,58
Smart Lenovo Browser,9.0,56
Chromium,(not set),54
Safari,17.2,54
Microsoft Edge,129.0,53
Avast Secure Browser,139.0,50
Microsoft Edge,131.0,46
Microsoft Edge,135.0,46
Chrome,114.0,45
Microsoft Edge,134.0,45
Chrome,112.0,44
Firefox,134.0,44
Safari,17.7,44
Safari,16.3,43
Opera,91.0,42
Chrome,96.0,42
Chrome,103.0,41
Firefox,133.0,39
Yandex Browser,25.86,39
Firefox,131.0,38
Microsoft Edge,133.0,37
Safari,16.1,34
Chrome,111.0,33
Firefox,130.0,33
Chrome,140,32
Safari,16.5,32
Microsoft Edge,92.0,32
Chrome,108.0,29
Microsoft Edge,122.0,28
Microsoft Edge,109.0,27
Safari,16.2,27
Safari,16.4,27
Microsoft Edge,126.0,26
Microsoft Edge,130.0,26
Firefox,145.0,26
Safari,17.0,26
Safari,17.14,26
Chrome,91.0,26
MIUI Browser,20.4,24
Whale Browser,4.33,24
Firefox,132.0,23
Chrome,115.0,22
Firefox,129.0,22
vivo Browser,26.5,22
Safari,14.1,21
vivo Browser,14.7,21
Quark,(not set),20
Firefox,102.0,20
Mobile App,114.0,20
Chrome,86.0,20
Chrome,87.0,20
Chrome,95.0,20
Chrome,106.0,19
Firefox,113.0,19
AVG Secure Browser,139.0,19
MIUI Browser,14.10,19
Yandex Browser,24.6,19
Yandex Browser,24.7,19
Yandex Browser,25.80,19
Chrome,105.0,17
Microsoft Edge,142.0,17
Safari,17.8,17
Yandex Browser,23.11,17
Chrome,99.0,17
Mobile App,138.0,16
Safari,16.0,16
Yandex Browser,24.1,16
Yandex Browser,24.12,16
Chrome,107.0,15
Firefox,127.0,15
Ecosia,129.0,15
Samsung Browser,26.0,15
Chrome,92.0,15
Chrome,93.0,15
Chrome,97.0,15
Chrome,113.0,14
Norton Private Browser,139.0,14
Safari,15.5,14
Firefox,124.0,13
Microsoft Edge,125.0,13
Microsoft Edge,127.0,13
Microsoft Edge,128.0,13
Yandex Browser,23.7,13
Yandex Browser,23.9,13
vivo Browser,26.4,13
Opera Touch,6.1,13
Opera,95.0,13
MIUI Browser,14.43,12
Hi Browser,2.25,12
Mobile App,91.0,12
Chrome,94.0,12
Chrome,100.0,11
Chrome,102.0,11
Firefox,143,11
Microsoft Edge,18.18362,11
Sogou Explorer,2,11
Yandex Browser,24.4,11
Quark,7.16,11
Chrome,101.0,10
Firefox,116.0,10
Firefox,117.0,10
Opera,118.0,10
Opera,119.0,10
Firefox,121.0,10
Microsoft Edge,124.0,10
Mobile App,126.0,10
Firefox,126.0,10
Mobile Silk,138.6,10
Safari,14.0,10
UC Browser,17.8,10
MIUI Browser,20.3,10
Yandex Browser,23.1,10
Huawei Browser Mobile,5.1,10
Chrome,83.0,10
Android Browser,(not set),9
Chrome,104.0,9
Firefox,109.0,9
Opera,117.0,9
Microsoft Edge,120.0,9
Safari,13.1,9
AdBlock Browser,133.0,9
Huawei Browser Mobile,14.0,9
Huawei Browser Mobile,15.0,9
Yandex Browser,25.20,9
Samsung Browser,27.0,9
Chrome,58.0,9
Chrome,90.0,9
Chrome,110.0,8
Safari,12.1,8
Microsoft Edge,121.0,8
Firefox,125.0,8
UC Browser,18.0,8
Safari,60.5,8
Quark,7.15,8
Opera,85.0,8
Opera,90.0,8
Mobile App,109.0,7
Huawei Browser,12.1,7
Microsoft Edge,123.0,7
Mobile App,131.0,7
Chrome,143.0,7
Firefox,143.1,7
Safari,15.4,7
QQ Browser,19.4,7
QQ Browser,19.7,7
Samsung Browser,22.0,7
Samsung Browser,24.0,7
Yandex Browser,24.65,7
Pale Moon,33.9,7
QtWebEngine,6.8,7
QtWebEngine,6.9,7
Firefox,66.0,7
Chrome,81.0,7
Mobile App,92.0,7
Firefox,119.0,6
CCleaner,139.0,6
Yandex Browser,23.112,6
Yandex Browser,25.83,6
Yandex Browser,25.85,6
vivo Browser,26.3,6
Chrome,69.0,6
Chrome,89.0,6
Firefox,91.0,6
Microsoft Edge,108.0,5
Microsoft Edge,115.0,5
Firefox,118.0,5
Firefox,120.0,5
Opera,124.0,5
Mobile App,134.0,5
Microsoft Edge,140,5
Chrome,141,5
Safari,19.0,5
MIUI Browser,19.7,5
Yandex Browser,22.11,5
Yandex Browser,25.3,5
Opera GX,3.0,5
SberBrowser,30.0,5
Notion,4.20,5
QtWebEngine,5.15,5
QQ Browser,6.2,5
Chrome,65.0,5
Chrome,80.0,5
Mobile App,83.0,5
Opera,86.0,5
Opera,92.0,5
Microsoft Edge,100.0,4
Microsoft Edge,107.0,4
Avast Secure Browser,109.0,4
Microsoft Edge,117.0,4
Microsoft Edge,119.0,4
Firefox,122.0,4
Firefox,128.13,4
QQ Browser,13.0,4
CCleaner,130.0,4
Mobile App,133.0,4
vivo Browser,14.6,4
Safari,15.0,4
Safari,17.11,4
Microsoft Edge,18.18363,4
QQ Browser,19.6,4
Opera GX,2.9,4
MIUI Browser,20.2,4
Samsung Browser,23.0,4
Yandex Browser,23.92,4
Yandex Browser,24.77,4
Samsung Browser,25.0,4
Yandex Browser,25.62,4
Oculus Browser,40.2,4
Chrome,61.0,4
Quark,7.14,4
Chrome,78.0,4
Mobile Silk,80.4,4
Chrome,84.0,4
Chrome,85.0,4
Microsoft Edge,102.0,3
Firefox,104.0,3
Microsoft Edge,105.0,3
