name,unique_exits,total_exits,exit_rate
/3/,9019,9241,
/3/library/stdtypes.html,7018,7370,
/3/library/functions.html,6728,6986,
/3/library/venv.html,5428,5546,
/3/library/datetime.html,4520,4698,
/3/tutorial/index.html,3991,4131,
/3/tutorial/datastructures.html,3737,3853,
/3/library/re.html,3028,3149,
/3/library/random.html,2834,2932,
/3/library/typing.html,2810,2880,
/3/library/math.html,2706,2815,
/3/library/tkinter.html,2675,2768,
/3/library/turtle.html,2643,2822,
/3/library/index.html,2618,2704,
/3/search.html,2519,2624,
/3/library/csv.html,2306,2393,
/3/library/argparse.html,2274,2356,
/3/tutorial/,2150,2499,
/3/library/pathlib.html,2136,2202,
/3/tutorial/controlflow.html,2123,2207,
/3/library/idle.html,2119,2154,
/3/library/logging.html,2098,2162,
/3/library/exceptions.html,1770,1808,
/3/library/subprocess.html,1769,1851,
/3/library/os.html,1759,1788,
/3/tutorial/classes.html,1720,1777,
/3/library/dataclasses.html,1711,1763,
/3/tutorial/errors.html,1704,1730,
/3/library/collections.html,1630,1668,
/3/tutorial/inputoutput.html,1606,1648,
/3/library/string.html,1595,1620,
/3/library/itertools.html,1439,1484,
/3/tutorial/introduction.html,1435,1507,
/3/library/unittest.html,1369,1442,
/3/library/json.html,1355,1379,
/3/library/multiprocessing.html,1352,1427,
/3/library/time.html,1340,1360,
/3/library/unittest.mock.html,1165,1234,
/3/library/asyncio-task.html,1151,1196,
/3/reference/datamodel.html,1148,1193,
/3/library/enum.html,1143,1168,
/3/library/sqlite3.html,1143,1182,
/3/library/os.path.html,1114,1131,
/3/library/threading.html,1096,1134,
/3/tutorial/modules.html,1015,1037,
/3/library/functools.html,1011,1028,
/3/glossary.html,996,1011,
/3/library/socket.html,969,1009,
/3/tutorial/interpreter.html,942,961,
/3/howto/sorting.html,853,873,
/3/using/windows.html,838,858,
/3/library/xml.etree.elementtree.html,818,857,
/3/library/asyncio.html,787,808,
/3/library/concurrent.futures.html,772,797,
/3/library/heapq.html,760,782,
/3/library/struct.html,750,783,
/3/tutorial/venv.html,731,743,
/3/library/pickle.html,730,753,
/3/installing/index.html,724,730,
/3/howto/logging.html,711,722,
/3/whatsnew/3.13.html,671,694,
/3/library/shutil.html,646,657,
/3/library/sys.html,637,643,
/3/library/io.html,616,631,
/3/reference/expressions.html,594,609,
/3/library/tempfile.html,592,601,
/3/py-modindex.html,559,587,
/3/library/abc.html,556,567,
/3/library/pdb.html,542,554,
/3/reference/lexical_analysis.html,537,549,
/es/3/tutorial/,533,555,
/3/using/mac.html,526,532,
/3/tutorial/appetite.html,519,535,
/3/using/cmdline.html,510,515,
/3/reference/index.html,507,514,
/3/library/copy.html,502,510,
/3/library/hashlib.html,498,507,
/3/reference/compound_stmts.html,496,503,
/3/reference/import.html,489,498,
/3/library/pprint.html,473,478,
/3/library/queue.html,470,484,
/3/library/urllib.parse.html,467,472,
/3/howto/regex.html,461,465,
/3/library/glob.html,453,462,
/3/library/contextlib.html,447,459,
/3/library/tkinter.ttk.html,440,449,
/3/library/decimal.html,431,450,
/3/library/zipfile.html,425,442,
/3/library/configparser.html,415,422,
/3/library/,414,430,
/3/library/asyncio-eventloop.html,407,417,
/3/library/ast.html,389,399,
/3/library/operator.html,380,383,
/3/library/uuid.html,370,377,
/3/reference/simple_stmts.html,367,372,
/3/library/ctypes.html,357,378,
/3/library/http.server.html,356,365,
/3/license.html,345,354,
/3/tutorial/floatingpoint.html,339,357,
/fr/3/tutorial/,335,344,
