name,version,visitors
Chrome,141.0,520
Chrome,142.0,397
Microsoft Edge,142.0,129
Chrome,140.0,53
Chrome,125.0,49
Firefox,144.0,48
Chrome,126.0,36
Chrome,139.0,28
Microsoft Edge,141.0,27
Safari,26.0,27
Chrome,138.0,20
Chrome,134.0,17
Safari,18.6,17
Mobile App,(not set),12
Chrome,117.0,11
Chrome,136.0,10
Microsoft Edge,140.0,10
Chrome,109.0,9
Chrome,132.0,9
Chrome,122.0,7
Chrome,137.0,7
Chrome,131.0,6
Safari,18.5,6
Chrome,133.0,5
Chrome,135.0,5
Safari,26.1,5
Opera,122.0,4
Chrome,127.0,4
Chrome,128.0,4
Safari,17.5,4
Smart Lenovo Browser,9.0,4
Microsoft Edge,109.0,3
Firefox,128.0,3
Firefox,136.0,3
Safari,18.1,3
Chrome,114.0,2
Microsoft Edge,122.0,2
Chrome,124.0,2
Microsoft Edge,126.0,2
Microsoft Edge,130.0,2
Microsoft Edge,138.0,2
Firefox,142.0,2
Chrome,144.0,2
Safari,16.1,2
Safari,16.5,2
Safari,17.6,2
Safari,18.0,2
Safari,18.2,2
Samsung Browser,29.0,2
AdBlock Browser,3.7,2
(not set),(not set),1
Microsoft Edge,100.0,1
Chrome,100.0,1
Chrome,103.0,1
Microsoft Edge,104.0,1
Microsoft Edge,105.0,1
Chrome,105.0,1
Microsoft Edge,106.0,1
Firefox,110.0,1
Microsoft Edge,111.0,1
Microsoft Edge,120.0,1
Opera,123.0,1
Mobile App,123.0,1
Microsoft Edge,128.0,1
Microsoft Edge,129.0,1
Chrome,129.0,1
QQ Browser,13.5,1
Firefox,130.0,1
Microsoft Edge,131.0,1
Microsoft Edge,135.0,1
Mobile App,137.0,1
Firefox,138.0,1
Microsoft Edge,139.0,1
Firefox,143.0,1
Huawei Browser Mobile,16.0,1
Safari,17.7,1
Safari,18.3,1
Safari,18.4,1
MIUI Browser,18.6,1
Safari,18.7,1
QQ Browser,19.7,1
115 Browser,26.0,1
115 Browser,35.2,1
Huawei Browser Mobile,5.1,1
Chrome,86.0,1
