name,unique_entrances,total_entrances,visit_duration
/downloads/,186583,196465,196
/,150050,156271,168
/downloads/windows/,49830,51790,171
/downloads/release/python-3142/,35889,36528,188
/downloads/release/pymanager-252/,20170,20808,172
/downloads/macos/,5662,5810,100
/about/gettingstarted/,5531,5698,103
/downloads/release/python-3120/,4744,4887,202
/downloads/release/python-3119/,4602,4760,233
/downloads/release/python-31212/,4511,4617,248
/downloads/release/python-3110/,4203,4327,211
/search/,3859,3924,207
/downloads/release/python-3100/,3691,3780,235
/downloads/release/python-31114/,3658,3738,278
/doc/,3034,3105,127
/downloads/release/python-31019/,3013,3063,288
/downloads/release/python-3150a5/,2844,2879,220
/downloads/release/python-31011/,2454,2549,195
/downloads/release/python-31311/,2443,2502,190
/downloads/release/python-31013/,2194,2260,400
/psf/donations/,2045,2078,131
/downloads/release/python-3106/,1955,2088,226
/downloads/release/python-3130/,1882,1929,184
/downloads/release/python-3140/,1857,1906,147
/psf-landing/,1631,1646,151
/downloads/source/,1519,1559,117
/shell/,1343,1399,132
/about/,1289,1319,197
/downloads/release/python-390/,1248,1273,212
/downloads/release/python-380/,1009,1040,233
/jobs/,953,979,99
/downloads/release/python-31210/,910,940,151
/downloads/release/python-3925/,882,901,256
/downloads/release/python-3135/,837,873,175
/downloads/release/python-3810/,778,798,237
/downloads/android/,768,786,142
/downloads/release/python-3128/,760,795,249
/community/,658,665,139
/download/other/,589,601,130
/about/apps/,584,595,142
/downloads/release/python-3133/,555,561,145
/downloads/release/python-3913/,552,572,219
/downloads/release/python-370/,550,561,262
/downloads/release/python-3123/,471,487,183
/downloads/release/python-3124/,468,480,224
/downloads/release/python-2718/,448,462,125
/doc/versions/,447,462,110
/blogs/,391,397,78
/download/releases/,389,396,233
/community/logos/,377,390,62
/downloads/release/python-3129/,368,371,195
/getit/,360,365,210
/downloads/release/python-3137/,358,385,112
/downloads/release/python-3118/,348,361,216
/downloads/release/python-3820/,342,345,270
/doc/essays/blurb/,323,333,59
/downloads/release/python-3139/,306,316,145
/downloads/release/python-3127/,295,308,184
/download,284,286,176
/downloads/release/python-3109/,275,282,168
/download/releases/2.7/,249,252,189
/downloads/release/python-3121/,249,261,181
/downloads/release/python-3114/,245,252,264
/downloads/release/python-31012/,238,250,322
/accounts/login/,237,245,95
/downloads/release/python-3131/,230,238,189
/downloads/release/python-3132/,219,225,123
/downloads/release/python-360/,212,213,332
/downloads/release/pymanager-250/,198,209,79
/downloads/release/python-379/,195,204,202
/downloads/release/python-3141/,191,197,184
/downloads/release/python-312/,186,191,310
/downloads/release/python-31010/,185,190,222
/downloads/release/python-31111/,179,183,224
/downloads/release/python-3126/,172,178,149
/success-stories/,171,173,179
/downloads/release/python-3111/,168,174,184
/downloads/release/python-3112/,167,169,183
/downloads/release/python-3115/,167,173,160
/downloads/release/python-311/,166,169,308
/download/releases/3.0/,163,165,176
/downloads/release/python-3122/,162,169,251
/downloads/release/python-31110/,158,160,293
/downloads/release/python-3105/,156,165,149
/downloads/release/python-3117/,154,159,174
/downloads/release/python-31113/,152,156,314
/downloads/release/python-3717/,148,150,260
/events/,147,160,62
/downloads/release/python-31211/,143,149,297
/downloads/release/python-3116/,137,142,160
/downloads/release/python-368/,133,135,168
/downloads/release/python-31310/,123,123,192
/downloads/release/python-374/,123,126,194
/about/help/,115,116,193
/downloads/release/python-3125/,115,115,192
/downloads/release/python-396/,115,117,135
/success-stories/category/business/,115,116,115
/downloads/release/python-31014/,113,121,356
/success-stories/category/education/,113,113,82
/events/python-events/,106,108,67
/downloads/release/python-386/,102,104,120
/downloads/release/python-3108/,101,103,110
/downloads/release/python-3113/,101,106,209
/success-stories/category/arts/,100,101,98
/success-stories/category/engineering/,98,98,76
/events/python-user-group/,96,96,50
/community/forums/,94,94,32
/downloads/release/python-31112/,94,96,251
/downloads/release/python-3918/,93,94,284
/downloads/release/python-3104/,92,96,365
/doc/av/,90,95,97
/community/diversity/,88,88,63
/psf/newsletter/,88,88,46
/events/python-user-group/past/,87,88,17
/downloads/release/python-3615/,84,86,162
/downloads/release/python-372/,82,84,164
/community/irc/,81,81,60
/download/alternatives/,81,84,132
/psf/membership/,81,81,178
/downloads/release/python-392/,80,86,142
/psf/sponsors/,78,80,68
/downloads/release/python-3136/,77,80,108
/accounts/signup/,75,75,132
/downloads/release/python-377/,74,74,147
/community/lists/,73,73,130
/community/workshops/,73,73,92
/downloads/release/python-3910/,73,75,164
/downloads/release/,72,72,216
/downloads/release/python-381/,71,71,213
/downloads/release/python-399/,71,73,214
/success-stories/category/government/,71,72,75
/community/sigs/,70,71,13
/doc/essays/,70,70,121
/downloads/release/python-395/,70,71,233
/success-stories/category/software-development/,67,67,44
/downloads/release/python-3919/,66,66,231
/doc/essays/comparisons/,65,67,138
/downloads/release/python-310/,65,66,298
/downloads/release/python-3101/,65,66,227
/downloads/release/python-385/,65,65,98
/about/quotes/,63,64,97
/downloads/release/python-31018/,63,63,431
/downloads/release/python-3107/,63,65,169
/downloads/release/python-350/,63,66,111
/downloads/release/python-272/,62,64,203
/downloads/release/python-340/,62,66,365
/psf/about/,62,62,98
/downloads/release/python-3134/,61,64,161
/psf/community-stories/,61,61,42
/success-stories/category/scientific/,61,61,74
/download/mac/tcltk/,60,61,49
/downloads/release/python-382/,60,62,183
/downloads/release/python-397/,59,60,42
/download/releases/2.5/msi/,57,57,133
/download/releases/3.1/,57,57,249
/psf/get-involved/,57,57,86
/dev/,56,56,111
/downloads/release/python-3102/,56,60,169
/downloads/release/python-3150a3/,56,57,51
/downloads/release/python-378/,56,59,122
/downloads/release/python-388/,56,58,222
/downloads/release/python-2716/,53,54,177
/downloads/release/python-383/,53,53,200
/events/python-events/past/,53,53,29
/downloads/release/python-391/,52,54,238
/downloads/release/python-3150a4/,51,55,61
/downloads/release/python-373/,50,50,98
/downloads/release/python-2710/,49,49,124
/dev/security/,48,50,72
/downloads/release/python-3911/,47,49,232
/downloads/release/python-376/,46,48,220
/downloads/release/python-3138/,45,45,107
/downloads/release/python-3912/,45,45,74
/downloads/release/python-398/,45,46,193
/events/python-user-group/2125/,45,45,79
/doc/essays/graphs/,44,46,19
/getit/windows/,43,43,191
/jobs/type/back-end/,42,42,32
/downloads/release/python-300/,41,41,289
/downloads/release/python-387/,41,43,315
/downloads/release/python-31015/,40,42,300
/downloads/release/python-365/,40,41,185
/downloads/release/python-371/,38,40,186
/psf/fellows-roster/,38,38,79
/community/awards/,37,37,15
/downloads/release/python-3103/,37,39,234
/downloads/release/python-270/,36,36,70
/downloads/release/python-315/,36,36,168
/downloads/release/python-344/,36,37,260
/downloads/release/python-3818/,36,37,147
/psf/sponsorship/,36,36,163
/sponsors/application/,36,36,75
/downloads/release/python-3922/,35,35,216
/downloads/release/python-394/,35,36,150
/psf/fellows/,35,37,2
/about/legal/,34,36,12
/dev/core-mentorship/,34,34,0
/downloads/release/python-2715/,34,34,266
/psf/grants/,34,34,4
/download/releases/2.3/mro/,33,33,61
/downloads/release/pymanager-251/,33,38,79
/downloads/release/python-314/,33,34,195
/downloads/release/python-3510/,33,33,85
/events/python-user-group/2129/,33,33,66
/downloads/release/python-31016/,32,32,180
/downloads/release/python-3410/,32,33,252
/downloads/release/python-3819/,32,32,258
/events/python-user-group/2140/,32,32,14
/psf/membership-faq/,32,32,34
/downloads/release/python-3916/,31,31,373
/downloads/release/python-343/,30,30,265
/psf/annual-report/2024/,30,31,41
/download/releases/2.0/,29,29,239
/downloads/release/python-273/,29,29,103
/downloads/release/python-313/,29,29,110
/downloads/release/python-364/,29,29,134
/jobs/8022/,29,30,21
/psf/mission/,29,29,7
/psf/volunteer/,29,29,10
/community/sigs/current/mobile-sig/,28,28,46
/downloads.,28,28,179
/downloads/release/python-2713/,28,31,112
/downloads/release/python-2714/,28,28,45
/downloads/release/python-275/,28,28,103
/downloads/release/python-31017/,28,29,316
/downloads/release/python-353/,28,29,334
/downloads/release/python-351/,27,29,245
/downloads/release/python-384/,27,27,159
/downloads/release/python-389/,27,27,121
/jobs/types/,27,27,116
/community/awards,26,26,0
/downloads/release/python-330/,26,27,329
/downloads/release/python-3817/,26,27,273
/psf/annual-report/2021/,26,26,0
/accounts/confirm-email/,25,26,22
/downloads/operating-systems/,25,25,66
/downloads/release/python-277/,25,25,235
/downloads/release/python-366/,25,25,106
/events/python-events/2121/,25,25,1
/jobs/location/boston-ma-united-states-of-america/,25,25,23
/psf/,25,25,4
/psf/fiscal-sponsorees/,25,26,74
/psf/records/,25,25,50
/psf/volunteer/pycon/,25,25,33
/doc/av,24,24,0
/downloads/release/python-279/,24,24,84
/downloads/release/python-352/,24,24,30
/jobs/8030/,24,25,204
/jobs/location/bethesda-maryland-united-states/,24,24,0
/jobs/location/warsaw-fully-remote-poland/,24,24,0
/downloads/release/python-375/,23,24,93
/downloads/release/python-3811/,23,23,134
/downloads/release/python-3812/,23,24,300
/events/python-events/952/,23,23,0
/jobs/location/remote-remote-usa/,23,23,0
/jobs/locations/,23,23,35
/community/jobs/howto/,22,22,0
/download/releases/2.4/msi/,22,22,274
/downloads/release/python-311x/,22,22,490
/downloads/release/python-3120a3/,22,22,105
/downloads/release/python-354/,22,22,80
/downloads/release/python-3815/,22,22,233
/jobs/8027/,22,22,18
/jobs/type/integration/,22,22,1
/success-stories/category/data-science/,22,22,18
/doc/humor/,21,21,68
/downloads/release/python-363/,21,22,323
/events/python-user-group/2103/,21,21,58
/events/python-user-group/2104/,21,21,2
/jobs/8025/,21,21,19
/jobs/location/cambridge-massachusetts-united-states/,21,21,631
/jobs/location/mountain-view-california-united-states/,21,21,68
/jobs/location/remote-remote-united-kingdom/,21,21,0
/jobs/type/finance/,21,21,19
/jobs/type/systems/,21,21,0
/psf/grants/faq/,21,21,0
/success-stories/building-a-dependency-graph-of-our-python-codebase/,21,21,58
/about/success/,20,21,75
/downloads/release/python-301/,20,21,181
/downloads/release/python-3920/,20,20,92
/events/python-events/1194/,20,20,0
/events/python-events/2076/,20,20,0
/jobs/location/remote-or-in-person-palo-alto-ca-in-office-requires-5-daysweek-california-usa/,20,20,0
/jobs/location/sao-paulo-sao-paulo-brazil/,20,20,0
/jobs/location/saratoga-california-united-states/,20,20,0
/jobs/type/web/,20,20,132
/downloads/release/python-201/,19,19,42
/downloads/release/python-341/,19,19,0
/downloads/release/python-367/,19,19,19
/downloads/release/python-3921/,19,19,314
/events/calendars/,19,19,122
/events/python-events/2102/,19,19,32
/jobs/8026/,19,19,93
/jobs/category/developer-engineer/,19,19,32
/jobs/location/telecommute/,19,19,202
/jobs/type/evangelism/,19,19,18
/doc/sunset-python-2/,18,18,86
/downloads/release/python-2712/,18,18,179
/downloads/release/python-274/,18,18,50
/downloads/release/python-278/,18,18,51
