name,visitors,pageviews,bounce_rate,time_on_page
/ja/3/library/codecs.html,566,676,85,2282.4
/ja/3/tutorial/,252,338,46,115.72189349112426
/ja/3.13/library/re.html,194,247,78,1281.75
/ja/3.13/library/datetime.html,174,225,76,732.8378378378378
/ja/3.13/library/functions.html,164,215,77,421.9491525423729
/ja/3/,150,184,39,71.84158415841584
/ja/3/library/functions.html,141,202,71,579.7222222222222
/ja/3.13/library/subprocess.html,131,153,87,768.6470588235294
/ja/3.13/library/stdtypes.html,124,151,65,319.4074074074074
/ja/3.13/library/typing.html,123,152,75,554.0714285714286
/ja/3/library/stdtypes.html,123,146,80,420.7105263157895
/ja/3.13/library/index.html,110,133,56,68.29113924050633
/ja/3/library/index.html,103,135,60,103.54117647058824
/ja/3.13/library/logging.html,102,133,73,576.4193548387096
/ja/3/tutorial/index.html,101,150,52,74.82954545454545
/ja/3/tutorial/interpreter.html,97,132,69,226.5737704918033
/ja/3.13/library/pathlib.html,92,114,59,576.1515151515151
/ja/3/tutorial/datastructures.html,92,119,71,264.7083333333333
/ja/3.13/library/json.html,90,101,88,1168.6666666666667
/ja/3.13/tutorial/errors.html,87,98,68,313.1470588235294
/ja/3/tutorial/controlflow.html,82,126,70,505.97058823529414
/ja/3.13/using/windows.html,81,97,84,709.5
/ja/3.13/library/enum.html,78,85,80,267.7142857142857
/ja/3.13/library/venv.html,74,80,92,911.5
/ja/3/tutorial/introduction.html,74,88,81,226.82857142857142
/ja/3/library/datetime.html,71,86,74,351.5
/ja/3/tutorial/appetite.html,71,86,50,94.89090909090909
/ja/3.13/library/exceptions.html,70,82,72,526.7647058823529
/ja/3.13/library/os.html,69,87,79,370.6
/ja/3.13/library/os.path.html,67,82,81,538.4
/ja/3.13/library/argparse.html,65,75,77,714.6666666666666
/ja/3.13/library/threading.html,62,72,81,594.2
/ja/3/search.html,59,139,4,42.675324675324674
/ja/3.13/library/time.html,58,64,81,664.7777777777778
/ja/3.13/library/random.html,57,65,82,674.875
/ja/3.13/library/csv.html,56,68,79,1363.25
/ja/3.13/tutorial/index.html,56,80,43,69.94444444444444
/ja/3.13/tutorial/inputoutput.html,55,63,70,486.60869565217394
/ja/3/library/xml.etree.elementtree.html,55,85,66,1005.9166666666666
/ja/3.13/library/itertools.html,54,62,88,170.0
/ja/3.13/library/sqlite3.html,53,57,85,672.6666666666666
/ja/3.13/library/multiprocessing.html,50,57,79,669.1818181818181
/ja/3.13/library/socket.html,49,72,69,691.5454545454545
/ja/3.13/library/concurrent.futures.html,48,64,76,749.1818181818181
/ja/3.13/search.html,48,93,8,46.11267605633803
/ja/3.13/library/glob.html,46,52,85,411.6
/ja/3.13/tutorial/classes.html,46,50,85,445.54545454545456
/ja/3.13/library/io.html,45,57,72,563.4444444444445
/ja/3.13/howto/logging.html,44,55,58,196.95833333333334
/ja/dev/tutorial/errors.html,44,50,82,1252.75
/ja/3.13/installing/index.html,43,46,91,113.0
/ja/3.13/library/tkinter.html,42,52,69,219.9375
/ja/3.13/library/dataclasses.html,41,49,72,477.4166666666667
/ja/3.13/reference/index.html,41,49,36,55.17142857142857
/ja/3/library/re.html,41,52,61,691.3333333333334
/ja/3/library/venv.html,41,42,91,542.4
/ja/3.13/library/shutil.html,40,44,86,669.2857142857143
/ja/3.13/reference/datamodel.html,40,62,57,363.62068965517244
/ja/3/tutorial/modules.html,40,50,73,214.69230769230768
/ja/3.13/glossary.html,39,44,73,178.7
/ja/3.13/howto/sorting.html,39,43,75,365.1
/ja/3/index.html,39,53,40,57.55263157894737
/ja/3/reference/index.html,39,54,50,40.1
/ja/3.13/tutorial/interpreter.html,38,43,81,285.8235294117647
/ja/3/library/tkinter.html,38,42,88,365.3333333333333
/ja/3.13/library/configparser.html,36,45,84,710.2
/ja/3.13/library/urllib.request.html,36,45,78,355.09090909090907
/ja/3.13/library/logging.handlers.html,35,44,65,413.0769230769231
/ja/3.13/library/struct.html,35,44,89,858.4
/ja/3.13/library/ctypes.html,34,36,90,317.6
/ja/3.13/library/string.html,34,39,69,285.0
/ja/3/tutorial/errors.html,34,44,68,224.92307692307693
/ja/3/using/cmdline.html,34,40,83,664.3636363636364
/ja/3.13/,33,42,25,8.694444444444445
/ja/3.13/library/functools.html,33,36,92,644.75
/ja/3.13/library/math.html,33,38,89,378.0
/ja/3/c-api/import.html,33,36,82,19.25
/ja/3.13/library/tempfile.html,32,43,74,556.6
/ja/3.13/library/zipfile.html,32,36,89,743.2857142857143
/ja/3/tutorial/inputoutput.html,32,53,71,439.1304347826087
/ja/3.13/library/__main__.html,31,32,92,552.5
/ja/3.13/tutorial/modules.html,30,39,59,132.21052631578948
/ja/3/tutorial/classes.html,30,39,76,159.0
/ja/3/using/windows.html,30,42,82,869.75
/ja/3.13/library/asyncio.html,29,41,41,137.53571428571428
/ja/3/library/shutil.html,29,31,95,473.75
/ja/3/reference/compound_stmts.html,29,34,82,81.9
/ja/3.13/library/unittest.html,28,33,77,364.5
/ja/3/library/exceptions.html,28,34,76,217.11111111111111
/ja/3/library/math.html,28,32,95,42.8
/ja/3.13/library/asyncio-task.html,27,36,92,308.375
/ja/3/glossary.html,27,35,73,229.46666666666667
/ja/3.13/library/decimal.html,26,34,81,883.6
/ja/3.13/library/queue.html,26,31,77,197.6
/ja/3.13/library/urllib.parse.html,26,31,79,562.6
/ja/3.13/whatsnew/index.html,26,29,48,66.125
/ja/3/contents.html,26,31,44,60.666666666666664
/ja/3/library/pathlib.html,26,39,79,331.6923076923077
/ja/3.13/library/unittest.mock.html,25,28,89,1085.3333333333333
/ja/3/howto/logging-cookbook.html,25,27,78,532.7
