name,version,visitors
Chrome,143.0,132
Microsoft Edge,143.0,66
Chrome,144.0,34
Opera,125.0,21
Chrome,139.0,19
Firefox,147.0,16
Firefox,146.0,8
Safari,26.2,7
Chrome,116.0,6
Chrome,131.0,6
Safari,26.1,6
Chrome,133.0,5
Chrome,142.0,5
Chrome,110.0,4
Chrome,111.0,4
Brave,(not set),3
Chrome,105.0,3
Chrome,134.0,3
Safari,18.6,3
Mobile App,(not set),2
Chrome,103.0,2
Chrome,104.0,2
Microsoft Edge,109.0,2
Chrome,120.0,2
Chrome,137.0,2
Chrome,141.0,2
Firefox,143.0,2
Yandex Browser,25.10,2
Yandex Browser,25.12,2
Opera,94.0,2
Firefox,102.0,1
Chrome,106.0,1
Chrome,107.0,1
Chrome,108.0,1
Microsoft Edge,108.0,1
Chrome,109.0,1
Chrome,112.0,1
Chrome,117.0,1
Microsoft Edge,128.0,1
Microsoft Edge,131.0,1
Chrome,136.0,1
Chrome,140.0,1
Firefox,140.0,1
Chrome,143,1
Firefox,144.0,1
Firefox,145.0,1
Safari,16.6,1
Safari,18.5,1
