name,unique_exits,total_exits,exit_rate
/ja/3/library/functions.html,198,207,
/ja/3/library/stdtypes.html,155,163,
/ja/3/library/index.html,148,154,
/ja/3/tutorial/,147,151,
/ja/3/,117,123,
/ja/3.13/tutorial/index.html,114,116,
/ja/3/library/codecs.html,101,105,
/ja/3.13/library/datetime.html,97,100,
/ja/3/tutorial/introduction.html,82,91,
/ja/3/tutorial/interpreter.html,75,83,
/ja/3/library/random.html,71,74,
/ja/3.13/library/logging.html,69,71,
/ja/3/tutorial/controlflow.html,69,78,
/ja/3/tutorial/index.html,66,68,
/ja/3/library/argparse.html,63,64,
/ja/3/library/pathlib.html,63,64,
/ja/3/library/datetime.html,62,63,
/ja/3/library/re.html,59,63,
/ja/3/search.html,57,62,
/ja/3/tutorial/datastructures.html,55,56,
/ja/3.13/library/re.html,52,55,
/ja/3/tutorial/modules.html,51,52,
/ja/3.13/library/subprocess.html,49,53,
/ja/3/library/venv.html,46,48,
/ja/3/reference/introduction.html,46,47,
/ja/3/library/subprocess.html,45,48,
/ja/3.13/library/stdtypes.html,43,47,
/ja/3/tutorial/errors.html,42,45,
/ja/3/library/itertools.html,40,40,
/ja/3/tutorial/classes.html,40,42,
/ja/3/library/exceptions.html,39,40,
/ja/3/library/json.html,38,38,
/ja/3.13/library/math.html,36,39,
/ja/3/library/csv.html,36,37,
/ja/3/library/os.html,36,37,
/ja/3/bugs.html,35,35,
/ja/3.13/library/functions.html,34,36,
/ja/3.13/howto/sorting.html,33,37,
/ja/3.13/library/index.html,33,33,
/ja/3.13/library/time.html,32,32,
/ja/3/library/enum.html,31,31,
/ja/3/library/os.path.html,31,32,
/ja/3/tutorial/appetite.html,31,31,
/ja/3.13/library/csv.html,29,29,
/ja/3/installing/index.html,29,31,
/ja/3/library/math.html,29,30,
/ja/3/library/typing.html,29,29,
/ja/3.13/tutorial/inputoutput.html,28,28,
/ja/3/library/sqlite3.html,28,30,
/ja/3.13/library/concurrent.futures.html,27,27,
/ja/3/index.html,27,29,
/ja/3/library/socket.html,27,28,
/ja/3/library/string.html,27,27,
/ja/3/library/tkinter.html,27,27,
/ja/3/using/windows.html,27,27,
/ja/3.13/library/dataclasses.html,26,27,
/ja/3/library/logging.html,26,26,
/ja/3/using/cmdline.html,26,26,
/ja/3.13/library/enum.html,25,28,
/ja/3.13/library/exceptions.html,25,25,
/ja/3.13/library/threading.html,24,24,
/ja/3.13/library/pathlib.html,23,24,
/ja/3.13/tutorial/interpreter.html,23,26,
/ja/3/glossary.html,23,23,
/ja/3/howto/argparse.html,23,27,
/ja/3/library/time.html,23,23,
/ja/3.13/library/json.html,22,22,
/ja/3/library/asyncio-task.html,22,24,
/ja/3/reference/compound_stmts.html,22,23,
/ja/3/tutorial/inputoutput.html,22,22,
/ja/3.13/library/os.path.html,21,21,
/ja/3.13/library/tkinter.html,21,22,
/ja/3.13/library/typing.html,21,21,
/ja/3.13/using/windows.html,21,22,
/ja/3/library/xml.etree.elementtree.html,21,21,
/ja/3/library/multiprocessing.html,20,21,
/ja/3.13/library/random.html,19,20,
/ja/3.13/library/string.html,19,19,
/ja/3/library/functools.html,19,19,
/ja/3.13/tutorial/controlflow.html,18,18,
/ja/3/library/unittest.html,18,19,
/ja/3/library/decimal.html,17,19,
/ja/3/library/turtle.html,17,18,
/ja/3/library/urllib.parse.html,17,17,
/ja/3/reference/datamodel.html,17,23,
/ja/3.13/library/__main__.html,16,16,
/ja/3.13/library/idle.html,16,16,
/ja/3.13/library/io.html,16,17,
/ja/3.13/tutorial/classes.html,16,18,
/ja/3.14/library/index.html,16,17,
/ja/3/howto/logging.html,16,16,
/ja/3.13/library/decimal.html,15,16,
/ja/3.13/library/shutil.html,15,15,
/ja/3.13/library/struct.html,15,17,
/ja/3.15/using/windows.html,15,15,
/ja/3/howto/logging-cookbook.html,15,17,
/ja/3/library/,15,17,
/ja/3/library/__main__.html,15,15,
/ja/3/library/collections.html,15,15,
/ja/3/library/pprint.html,15,15,
