name,version,visitors
Chrome,140.0,80379
Microsoft Edge,140.0,21007
Firefox,143.0,10792
Chrome,139.0,7909
Safari,18.6,5391
Safari,26.0,3363
Chrome,138.0,3192
Yandex Browser,25.8,2241
Firefox,142.0,2104
Opera,122.0,1387
Firefox,140.0,1274
Microsoft Edge,139.0,963
Chrome,137.0,952
Mobile App,(not set),930
Safari,18.5,929
Firefox,128.0,890
Chrome,135.0,624
Chrome,136.0,624
Opera,120.0,591
Chrome,134.0,496
Firefox,141.0,494
Chrome,109.0,465
Safari,17.6,452
Chrome,131.0,451
Chrome,132.0,440
Microsoft Edge,138.0,392
Opera,121.0,362
Safari,18.3,357
Firefox,136.0,347
Samsung Browser,28.0,331
Chrome,126.0,317
Chrome,141.0,317
Safari,26.2,311
Chrome,133.0,306
Chrome,130.0,278
Safari,18.7,261
Safari,16.6,251
Chrome,122.0,246
Chrome,120.0,231
Firefox,115.0,227
Chrome,128.0,199
Safari,17.5,198
Safari,18.4,195
Safari,18.1,181
Safari,(not set),175
Safari,15.6,160
Mobile App,140.0,159
Chrome,129.0,153
Chrome,116.0,142
Microsoft Edge,137.0,135
Yandex Browser,25.2,134
Firefox,144.0,131
Smart Lenovo Browser,9.0,127
Yandex Browser,25.6,126
Chrome,117.0,124
Chrome,127.0,122
Firefox,139.0,122
Safari,26.1,120
Chrome,124.0,119
Chrome,119.0,117
Safari,17.4,114
Safari,18.0,113
Safari,18.2,109
Microsoft Edge,141.0,107
(not set),(not set),106
Microsoft Edge,136.0,96
Brave,(not set),94
Chrome,125.0,94
SberBrowser,31.0,93
Huawei Browser Mobile,16.0,91
Safari,17.1,87
Safari,17.3,81
Chrome,142.0,78
Firefox,137.0,77
Firefox,138.0,76
Firefox,135.0,75
UC Browser,18.1,73
Chrome,86.0,72
Quark,(not set),71
Microsoft Edge,131.0,71
Chrome,121.0,67
Chrome,123.0,67
Microsoft Edge,135.0,67
Chrome,114.0,66
Yandex Browser,24.10,65
Yandex Browser,25.4,65
Opera,91.0,65
Safari,10.0,64
Chrome,103.0,60
Microsoft Edge,132.0,60
Microsoft Edge,122.0,59
Safari,17.2,59
Microsoft Edge,134.0,58
Chromium,(not set),56
Chrome,112.0,55
Mobile App,97.0,55
Safe Exam Browser,3.8,52
Chrome,118.0,51
Safari,16.3,51
Firefox,133.0,48
Firefox,134.0,48
Microsoft Edge,133.0,42
Chrome,91.0,42
Avast Secure Browser,139.0,38
Safari,16.5,36
Safari,16.1,35
Chrome,96.0,35
Mobile Silk,138.6,34
Sogou Explorer,2,32
Chrome,106.0,31
Yandex Browser,25.80,31
Whale Browser,4.33,31
Chrome,108.0,30
Firefox,131.0,30
Firefox,145.0,30
Safari,17.0,30
Chrome,99.0,30
Firefox,113.0,29
Safari,17.14,29
Microsoft Edge,109.0,28
Safari,16.4,28
Safari,17.7,28
Firefox,129.0,27
Chrome,111.0,26
Microsoft Edge,128.0,26
Microsoft Edge,130.0,26
Firefox,132.0,26
Microsoft Edge,129.0,25
QQ Browser,19.6,25
Yandex Browser,24.7,25
Chrome,102.0,24
Chrome,113.0,24
Microsoft Edge,92.0,24
MIUI Browser,20.3,23
Chrome,107.0,22
Mobile App,114.0,22
vivo Browser,14.7,22
Yandex Browser,24.1,22
Yandex Browser,25.85,22
Firefox,130.0,21
Chrome,87.0,21
Chrome,95.0,21
Opera,95.0,21
Microsoft Edge,127.0,20
vivo Browser,26.4,20
Huawei Browser Mobile,5.1,20
Firefox,102.0,19
Firefox,126.0,19
vivo Browser,26.3,19
Microsoft Edge,100.0,18
Safari,15.5,18
Mobile App,91.0,18
Chrome,101.0,17
Chrome,115.0,17
Safari,16.0,17
Yandex Browser,24.12,17
Yandex Browser,25.3,17
Chrome,97.0,17
Chrome,110.0,16
Microsoft Edge,126.0,16
Safari,16.2,16
Safari,17.8,16
UC Browser,18.0,15
Opera,119.0,14
Microsoft Edge,120.0,14
Mobile App,126.0,14
Mobile App,131.0,14
Chrome,140,14
QtWebEngine,6.9,14
Quark,7.16,14
Firefox,91.0,14
Chrome,94.0,14
Yandex Browser,23.7,13
Opera GX,3.0,13
QQ Browser,6.2,13
Chrome,104.0,12
Microsoft Edge,114.0,12
Firefox,118.0,12
Microsoft Edge,124.0,12
Firefox,127.0,12
Mobile App,136.0,12
Safari,15.1,12
UC Browser,17.8,12
Microsoft Edge,18.18362,12
MIUI Browser,20.2,12
Ecosia,129.0,11
Mobile App,138.0,11
Yandex Browser,24.6,11
Samsung Browser,26.0,11
Opera,118.0,10
CCleaner,139.0,10
Safari,14.1,10
MIUI Browser,14.10,10
MIUI Browser,14.42,10
Huawei Browser Mobile,15.0,10
Yandex Browser,24.4,10
SberBrowser,30.0,10
Chrome,92.0,10
Chrome,100.0,9
Firefox,117.0,9
Microsoft Edge,117.0,9
Microsoft Edge,118.0,9
Firefox,125.0,9
Mobile App,133.0,9
Firefox,143,9
Microsoft Edge,18.18363,9
QQ Browser,19.4,9
Yandex Browser,25.86,9
Chrome,69.0,9
Chrome,(not set),8
Chrome,105.0,8
Huawei Browser,12.1,8
Safari,12.1,8
Safari,13.1,8
Mobile App,139.0,8
Microsoft Edge,142.0,8
Yandex Browser,24.9,8
JioSphere,5.0,8
Safari,60.5,8
Ecosia,11.2,7
Microsoft Edge,115.0,7
Microsoft Edge,123.0,7
Microsoft Edge,125.0,7
Mobile App,134.0,7
Norton Private Browser,139.0,7
Safari,14.0,7
Safari,19.0,7
Hi Browser,2.25,7
Yandex Browser,23.9,7
Samsung Browser,27.0,7
AdBlock Browser,3.7,7
Pale Moon,33.9,7
Chrome,71.0,7
Chrome,78.0,7
Chrome,79.0,7
Opera,90.0,7
Microsoft Edge,107.0,6
Avast Secure Browser,109.0,6
Firefox,110.0,6
Firefox,111.0,6
Mobile App,116.0,6
Firefox,119.0,6
QQ Browser,13.2,6
MIUI Browser,14.41,6
Safari,15.4,6
Phoenix Browser,19.4,6
MIUI Browser,20.4,6
Samsung Browser,25.0,6
Yandex Browser,25.20,6
Yandex Browser,25.41,6
Yandex Browser,25.82,6
vivo Browser,26.2,6
Chrome,83.0,6
Chrome,84.0,6
Firefox,88.0,6
Chrome,93.0,6
Mobile App,99.0,6
Firefox,109.0,5
Microsoft Edge,121.0,5
Firefox,123.0,5
Firefox,124.0,5
AVG Secure Browser,139.0,5
MIUI Browser,18.7,5
QQ Browser,19.5,5
MIUI Browser,20.1,5
Samsung Browser,23.0,5
Yandex Browser,23.11,5
Yandex Browser,23.3,5
Yandex Browser,24.65,5
vivo Browser,25.9,5
QtWebEngine,6.8,5
Chrome,90.0,5
Opera,94.0,5
Chrome,98.0,5
Android Browser,(not set),4
Mobile App,109.0,4
Huawei Browser Mobile,11.1,4
Microsoft Edge,111.0,4
Microsoft Edge,112.0,4
Firefox,116.0,4
QQ Browser,13.5,4
Mobile App,130.0,4
Firefox,137.1,4
Microsoft Edge,17.17134,4
UC Browser,17.7,4
Microsoft Edge,18.19041,4
MIUI Browser,20.0,4
Yandex Browser,22.11,4
Yandex Browser,23.1,4
Yandex Browser,23.110,4
Yandex Browser,23.114,4
Yandex Browser,25.43,4
Notion,4.20,4
Oculus Browser,40.2,4
Chrome,49.0,4
Chrome,58.0,4
Opera Touch,6.1,4
Samsung Browser,6.4,4
Samsung Browser,7.4,4
Firefox,78.0,4
