name,version,visitors
Windows,10,8572
Mac,10.15,3038
GNU/Linux,(not set),1235
Android,10,571
iOS,18.7,278
Ubuntu,(not set),233
Chrome OS,14541.0,83
iOS,26.2,61
Android,16,42
iOS,18.6,39
Android,13,29
Android,15,27
Windows,7,27
Android,14,17
Mac,10.13,16
(not set),(not set),15
Android,12,13
Android,11,9
iOS,18.5,9
Android,9,9
Windows,XP,9
iOS,17.4,7
iOS,26.3,7
iOS,14.0,6
iOS,26.1,5
Windows,8,5
HarmonyOS,(not set),4
iOS,15.8,4
iOS,17.6,4
iOS,10.3,3
iOS,16.7,3
iOS,17.7,3
iOS,18.3,3
iOS,26.0,3
Windows,8.1,3
iOS,26.4,2
Android,7.0,2
Android,8.1,2
iOS,(not set),1
NetBSD,(not set),1
Windows,(not set),1
Mac,10.10,1
Mac,10.11,1
Mac,10.14,1
Mac,10.9,1
Chrome OS,12239.19,1
Mac,14.4,1
Mac,15.1,1
Mac,15.7,1
iPadOS,15.8,1
iOS,16.1,1
iOS,16.2,1
iOS,16.3,1
iOS,17.1,1
iOS,17.2,1
iPadOS,17.6,1
iOS,18.2,1
Fire OS,8,1
Windows,Vista,1
