name,visitors,pageviews,bounce_rate,time_on_page,scroll_depth
/zh-tw/3/tutorial/index.html,97,126,58,43,51
/zh-tw/3/library/venv.html,37,39,89,23,41
/zh-tw/3/tutorial/classes.html,33,37,63,129,40
/zh-tw/3/tutorial/controlflow.html,31,29,92,183,42
/zh-tw/3/tutorial/introduction.html,30,30,90,172,62
/zh-tw/3.15/using/windows.html,29,24,55,17,20
/zh-tw/3/library/index.html,27,30,79,19,51
/zh-tw/3/library/re.html,27,30,96,56,41
/zh-tw/3/tutorial/interpreter.html,27,29,64,46,80
/zh-tw/3/tutorial/venv.html,27,31,85,48,77
/zh-tw/3/library/collections.html,25,28,85,26,39
/zh-tw/3/library/json.html,23,23,84,12,31
/zh-tw/3/library/random.html,22,23,74,15,23
/zh-tw/3/library/pathlib.html,19,19,88,13,45
/zh-tw/3/tutorial/datastructures.html,19,17,92,76,53
/zh-tw/3/library/functions.html,18,18,73,31,45
/zh-tw/3/tutorial/appetite.html,18,15,62,44,92
/zh-tw/3/library/heapq.html,17,18,88,14,24
/zh-tw/dev/installing/index.html,16,16,100,14,63
/zh-tw/3.14/,15,15,40,8,77
/zh-tw/3/howto/argparse.html,14,12,91,181,49
/zh-tw/3/howto/sorting.html,14,16,77,14,32
/zh-tw/3/library/asyncio.html,14,16,71,27,75
/zh-tw/3/library/concurrent.futures.html,13,14,92,106,26
/zh-tw/3/using/mac.html,13,13,90,49,64
/zh-tw/3.13/tutorial/index.html,12,14,83,46,66
/zh-tw/3/glossary.html,11,9,100,21,25
/zh-tw/3/library/typing.html,11,11,82,14,3
/zh-tw/3.13/library/__main__.html,9,9,78,10,27
/zh-tw/3/library/csv.html,9,9,78,56,40
/zh-tw/3/library/functools.html,9,11,80,51,23
/zh-tw/3/reference/index.html,9,13,57,33,63
/zh-tw/dev/library/os.path.html,9,10,100,15,45
/zh-tw/3.14/library/functions.html,8,8,100,7,36
/zh-tw/3.14/library/index.html,8,8,0,35,50
/zh-tw/3/,8,9,33,4,75
/zh-tw/3/contents.html,8,7,100,10,1
/zh-tw/3/library/enum.html,8,8,100,25,31
/zh-tw/3/library/itertools.html,7,7,71,129,22
/zh-tw/3/library/stdtypes.html,7,6,75,11,36
/zh-tw/3/tutorial/errors.html,7,7,83,35,32
/zh-tw/3/tutorial/inputoutput.html,7,7,33,229,65
/zh-tw/3.14/library/stdtypes.html,6,6,67,11,21
/zh-tw/3.14/search.html,6,12,20,22,54
/zh-tw/3/howto/sockets.html,6,6,80,309,22
/zh-tw/3/library/__main__.html,6,8,67,28,44
/zh-tw/3/library/pickle.html,6,6,80,52,18
/zh-tw/3/library/time.html,6,6,83,6,8
/zh-tw/3/library/unittest.html,6,8,67,187,12
/zh-tw/3/search.html,6,11,50,9,37
/zh-tw/3/tutorial/modules.html,6,4,100,71,50
/zh-tw/3.12/,5,4,0,24,84
/zh-tw/3.12/download.html,5,4,100,24,91
/zh-tw/3.13/tutorial/,5,6,67,,
/zh-tw/3.13/tutorial/modules.html,5,7,67,163,62
/zh-tw/3/faq/windows.html,5,5,80,29,78
/zh-tw/3/library/array.html,5,5,100,15,63
/zh-tw/3/library/exceptions.html,5,5,100,23,58
/zh-tw/3/library/math.html,5,4,67,15,25
/zh-tw/3/library/queue.html,5,5,100,48,70
/zh-tw/3/reference/datamodel.html,5,5,0,22,30
/zh-tw/3/tutorial/stdlib.html,5,6,50,35,47
/zh-tw/dev/library/re.html,5,5,100,30,12
/zh-tw/dev/whatsnew/3.12.html,5,5,100,27,2
/zh-tw/3.12/contents.html,4,3,33,22,2
/zh-tw/3.13/library/index.html,4,4,100,,
/zh-tw/3.13/library/os.path.html,4,5,75,5,37
/zh-tw/3.13/tutorial/controlflow.html,4,4,100,627,77
/zh-tw/3.14/glossary.html,4,4,0,15,28
/zh-tw/3.14/index.html,4,4,0,11,70
/zh-tw/3.14/library/os.html,4,4,0,13,30
/zh-tw/3.14/tutorial/index.html,4,8,50,17,24
/zh-tw/3/installing/index.html,4,5,50,14,69
/zh-tw/3/library/fnmatch.html,4,3,100,28,50
/zh-tw/3/library/string.html,4,5,80,214,67
/zh-tw/3/library/tempfile.html,4,5,75,11,27
/zh-tw/3/library/threading.html,4,3,100,28,68
/zh-tw/3/library/timeit.html,4,5,67,44,82
/zh-tw/3/library/tkinter.html,4,3,67,11,10
/zh-tw/3/library/uuid.html,4,4,100,9,75
/zh-tw/dev/library/stdtypes.html,4,3,100,47,32
/zh-tw/3.12/library/index.html,3,3,100,119,71
/zh-tw/3.13/,3,2,100,1,59
/zh-tw/3.13/contents.html,3,3,50,18,24
/zh-tw/3.13/glossary.html,3,2,100,6,29
/zh-tw/3.13/library/asyncio-eventloop.html,3,3,100,58,7
/zh-tw/3.13/tutorial/classes.html,3,11,50,,
/zh-tw/3.14/library/os.path.html,3,2,0,50,17
/zh-tw/3.14/library/threading.html,3,2,0,5,3
/zh-tw/3.14/tutorial/appetite.html,3,2,0,9,100
/zh-tw/3.14/tutorial/controlflow.html,3,2,50,279,73
/zh-tw/3.14/tutorial/datastructures.html,3,2,100,52,50
/zh-tw/3.15/tutorial/index.html,3,3,100,26,29
/zh-tw/3/download.html,3,3,100,3,79
/zh-tw/3/index.html,3,2,100,12,94
/zh-tw/3/library/ast.html,3,3,100,25,12
/zh-tw/3/library/bisect.html,3,3,100,4,39
/zh-tw/3/library/calendar.html,3,3,100,,
/zh-tw/3/library/contextvars.html,3,4,67,18,40
/zh-tw/3/library/copy.html,3,3,100,11,44
