name,visitors
Hebei,56
England,47
California,38
Moscow,31
Île-de-France,25
New York,23
Texas,23
Beijing,22
Capital District,22
Baden-Württemberg,22
Guangdong,20
Antioquia,19
Tamil Nadu,19
São Paulo,18
Henan,18
Hesse,18
Maharashtra,18
Tokyo,18
Jiangsu,17
Karnataka,14
Ontario,13
Madrid Autonomous Community,13
Virginia,13
Washington,13
Shanghai,12
North Holland,12
Vienna,11
New South Wales,11
Bavaria,11
North Rhine-Westphalia,11
Telangāna,11
Metro Manila,11
Istanbul,11
Delhi,10
Greater Poland,10
Saint Petersburg,10
Florida,10
Shandong,9
Zhejiang,9
Hormozgan,9
Lombardy,9
Illinois,9
New Jersey,9
Rio de Janeiro,8
Michigan,8
Hanoi,8
Federal District,7
British Columbia,7
Catalonia,7
Valencian Community,7
Hauts-de-France,7
Occitanie,7
Tel Aviv,7
Western,7
Mazovia,7
Littoral,6
Quebec,6
Atlántico,6
Berlin,6
Hamburg,6
Lower Saxony,6
Cairo,6
Grand-Est,6
Gujarat,6
West Bengal,6
Nairobi County,6
Riga,6
Muscat,6
Lesser Poland,6
Chelyabinsk,6
Nizhny Novgorod,6
Novosibirsk,6
Voronezh,6
Arizona,6
Oregon,6
Ho Chi Minh City,6
Buenos Aires Province,5
Chongqing,5
Santander,5
Pichincha,5
Uttar Pradesh,5
Aichi,5
Gyeonggi,5
Astana,5
Almaty City,5
Auckland,5
Silesia,5
Doha,5
Krasnodar Krai,5
Vladimir,5
Makkah,5
Taichung,5
Kyiv,5
Massachusetts,5
Missouri,5
Utah,5
Gauteng,5
Victoria,4
Flanders,4
Bahia,4
Alberta,4
Bern,4
Zürich,4
Jilin,4
Valle del Cauca,4
Saxony,4
Harjumaa,4
Galicia,4
Uusimaa,4
Auvergne-Rhône-Alpes,4
Andhra Pradesh,4
Chandigarh,4
Haryana,4
Jharkhand,4
Uttarākhand,4
Osaka,4
Seoul,4
North Brabant,4
Bucharest,4
Prahova,4
Moscow Province,4
Al Madinah,4
Taipei,4
Dnipropetrovshchyna,4
Colorado,4
Georgia,4
Maryland,4
Tashkent,4
Amanat Al Asimah,4
Western Cape,4
Yerevan,3
Paraná,3
Minsk,3
Geneva,3
Hunan,3
Boyacá,3
Cundinamarca,3
Tolima,3
Rhineland-Palatinate,3
Tartumaa,3
Pays-de-la-Loire,3
Scotland,3
Tbilisi,3
Budapest,3
Rajasthan,3
Piedmont,3
Liguria,3
Apulia,3
Kanagawa,3
Kyoto,3
Bishkek,3
Busan,3
Daegu,3
Guanajuato,3
Lima,3
Kuyavia-Pomerania,3
Podlachia,3
West Pomerania,3
Aveiro,3
Ivanovo,3
Sverdlovsk,3
Volgograd,3
Yaroslavl,3
Eastern,3
Prykarpattia,3
Sevastopol,3
Lvivshchyna,3
Poltavshchyna,3
Kharkivshchyna,3
Kentucky,3
Louisiana,3
North Carolina,3
Pennsylvania,3
Buenos Aires,2
La Pampa,2
Carinthia,2
Upper Austria,2
Tyrol,2
Queensland,2
South Australia,2
Brussels,2
Wallonia,2
BM-WA,2
Goiás,2
Mato Grosso do Sul,2
Homel,2
Newfoundland and Labrador,2
Vaud,2
Fujian,2
Hubei,2
Liaoning,2
Sichuan,2
Shanxi,2
Bolívar,2
Cauca,2
Quindío,2
Nicosia,2
Saarland,2
Saxony-Anhalt,2
Algiers,2
Imbabura,2
Manabí,2
Castile and León,2
Basque Country,2
Southwest Finland,2
Centre-Val de Loire,2
Central Macedonia,2
Attica,2
Kowloon City Kowloon,2
Zagreb,2
Ouest,2
Jász-Nagykun-Szolnok,2
Komárom-Esztergom,2
Jakarta,2
Kerala,2
Odisha,2
West Azarbaijan,2
Ardabil,2
Gunma,2
Chiba,2
Niigata,2
Mie,2
Hyogo,2
Okayama,2
Ehime,2
Incheon,2
Almaty,2
South,2
Jafara,2
Tangier-Tétouan,2
Oriental,2
Meknès-Tafilalet,2
Coahuila,2
Oaxaca,2
Puebla,2
Querétaro,2
Rivers,2
Flevoland,2
Gelderland,2
South Holland,2
Trøndelag,2
Manawatu-Wanganui,2
Lima Region,2
Calabarzon,2
Islamabad,2
Khyber Pakhtunkhwa,2
Lower Silesia,2
Pomerania,2
Amur,2
Kaliningrad,2
Kirov,2
Khakassia,2
Penza,2
Smolensk,2
Riyadh,2
Stockholm,2
Östergötland,2
Västra Götaland,2
Košice,2
Maritime,2
Vinnychchyna,2
Central,2
New Hampshire,2
Nevada,2
Rhode Island,2
Wisconsin,2
'Adan,2
Dubai,1
Tasmania,1
Western Australia,1
Dhaka Division,1
Burgas,1
Varna,1
Sofia,1
Northern,1
Minas Gerais,1
Pernambuco,1
Aargau,1
Appenzell Ausserrhoden,1
Basel-Stadt,1
Valparaíso,1
Centre,1
Littoral,1
Anhui,1
Heilongjiang,1
Shaanxi,1
Tianjin,1
Yunnan,1
Casanare,1
Huila,1
Putumayo,1
Central Bohemia,1
South Bohemia,1
Liberec,1
Bremen,1
Capital Region,1
Zealand,1
Distrito Nacional,1
Médéa,1
Dakahlia,1
