name,visitors,bounce_rate,visit_duration
Direct / None,4250,56,229
Google,1113,76,146
Bing,828,63,177
Baidu,576,71,105
python.org,180,0,425
link.zhihu.com,71,43,138
link.csdn.net,66,71,222
chatgpt.com,55,58,178
linux.do,31,48,68
Shenma,27,63,54
doubao.com,25,42,307
runoob.com,22,55,164
quark.cn,21,67,82
python.p2hp.com,20,0,472
360.cn,19,76,324
blog.csdn.net,11,80,213
GitHub,9,62,199
chat.qwenlm.ai,8,50,183
c.biancheng.net,7,86,32
cnblogs.com,5,80,34
fastapi.tiangolo.com,5,50,358
tongyi.aliyun.com,5,25,1058
Sogou,4,100,49
baike.baidu.com,4,0,253
chat.scnet.cn,4,50,47
yr7ywq.smartapps.baidu.com,4,0,1122
DuckDuckGo,3,100,12
Yandex,3,0,1359
aidoczh.com,3,67,4
bot.n.cn,3,0,46
cloudstudio.net,3,67,2
n.cn,3,67,4
oi-wiki.org,3,0,632
web.shanbay.com,3,33,1136
Perplexity,2,100,7
acwing.com,2,50,12
bytedance.larkoffice.com,2,100,0
cloud.siliconflow.cn,2,50,268
gitee.com,2,50,7
link.juejin.cn,2,0,18
link.segmentfault.com,2,100,0
m.so.com,2,100,0
momodel.cn,2,50,4
numpy.org,2,0,494
pyloong.github.io,2,100,0
v2ex.com,2,0,284
xiaoyi.huawei.com,2,100,556
yuanbao.tencent.com,2,100,22
z0yrmerhgi8.feishu.cn,2,50,176
10.1.1.126,1,100,0
10.100.30.140,1,50,642
10.30.14.15,1,0,83
192.168.10.180,1,100,0
6.65.233.1,1,100,0
Skype,1,100,0
StackOverflow,1,0,21
Wikipedia,1,0,39
Yahoo!,1,100,0
aistudio.baidu.com,1,0,176
ask.csdn.net,1,100,0
att.newsmth.net,1,100,0
avenue.cllmcmaster.ca,1,0,39
blog.51cto.com,1,0,358
chat.deepseek.com,1,0,620
chat.soruxgpt.com,1,100,0
chat18.aichatosgg.com,1,100,0
cloud.tencent.com,1,0,13
console.huaweicloud.com,1,0,340
continue,1,0,17
courses.gdut.edu.cn,1,100,0
csai-api.xft123.com,1,0,1427
csdiy.wiki,1,0,10
cuiqingcai.com,1,0,9
desktop.arcgis.com,1,0,1468
dida100.com,1,0,512
discuss.python.org,1,0,558
docs.corp.kuaishou.com,1,0,46
docs.gunicorn.org,1,0,989
dormousehole.readthedocs.io,1,0,11
e.hihonor.com,1,0,60
edube.org,1,0,14
find.looks.wang,1,0,15
force-color.org,1,0,338
git.woa.com,1,100,0
hailiang.feishu.cn,1,0,342
hailuoai.com,1,0,21
horizonrobotics.feishu.cn,1,100,0
i.cnblogs.com,1,0,15
i.zte.com.cn,1,0,1175
iknow.fifedu.com,1,0,177
ima.qq.com,1,50,50
inetnf.auth,1,100,0
inference.readthedocs.io,1,0,847
infinitrader.quantdo.com.cn,1,100,0
jcastello.gitlab.io,1,0,703
jeremyyin.com,1,0,219
joinquant.com,1,0,25
kivy.org,1,0,128
lanz.hikvision.com,1,0,37
learnku.com,1,50,157
liaoxuefeng.com,1,100,0
longcheer.feishu.cn,1,100,0
m.runoob.com,1,0,322
note.youdao.com,1,0,44
poe.com,1,100,0
post_page-----c58b43d06dd4---------------------------------------,1,100,0
pylint.readthedocs.io,1,0,7
pytest-mock.readthedocs.io,1,0,1569
python.it,1,0,2349
qiita.com,1,0,9
r00qdo82l1q.feishu.cn,1,100,0
school.mos.ru,1,0,598
shimo.im,1,100,0
showmeai.tech,1,0,47
so.csdn.net,1,100,0
tendcode.com,1,100,0
tss-aicode.aiaazure.biz,1,100,0
ttkbootstrap.readthedocs.io,1,0,32
tutorial.helloflask.com,1,0,92
uj3wrm.smartapps.baidu.com,1,100,0
wenxiaobai.com,1,100,0
wiki.intra.xiaojukeji.com,1,0,5
wiki.python.org,1,0,1108
wlhmbop707.feishu.cn,1,50,12
xiaomi.f.mioffice.cn,1,100,0
xw5syxqata.feishu.cn,1,0,103
y7bm5epe2b.feishu.cn,1,100,0
yglrpne6wa.feishu.cn,1,100,0
yuque.com,1,0,187
zhihu.com,1,100,0
