name,visitors
United States,3891
India,2047
Germany,1191
United Kingdom,963
China,859
France,673
Brazil,484
Russian Federation,461
Canada,426
Japan,403
Australia,346
Netherlands,332
Hong Kong,329
Poland,286
Singapore,284
Italy,280
Spain,219
South Korea,192
Mexico,167
Taiwan,167
Indonesia,165
Switzerland,149
Austria,129
Sweden,126
Vietnam,124
Turkey,116
Israel,107
Pakistan,101
Belgium,100
Thailand,100
Czechia,99
South Africa,98
Ukraine,97
Colombia,88
Argentina,87
Norway,87
Denmark,81
Finland,80
Ireland,80
Iran,80
Portugal,79
Philippines,76
Malaysia,73
Egypt,68
Romania,68
Hungary,65
Bangladesh,58
Nigeria,57
Chile,54
New Zealand,54
United Arab Emirates,44
Saudi Arabia,44
Greece,40
Morocco,33
Slovakia,29
Bulgaria,28
Kenya,28
Nepal,27
Tunisia,26
Algeria,25
Ghana,25
Peru,24
Serbia,23
Slovenia,23
Sri Lanka,20
Lithuania,20
Belarus,19
Iraq,19
Kazakhstan,19
Ethiopia,18
Cambodia,18
Tanzania,18
Uruguay,18
Uzbekistan,17
Ecuador,16
Georgia,15
Croatia,15
Yemen,15
Latvia,14
Armenia,13
Estonia,13
Guatemala,13
"Congo, The Democratic Republic of the",12
Cyprus,12
Madagascar,11
Myanmar,11
Venezuela,11
Uganda,10
Bolivia,9
Dominican Republic,9
Jordan,9
Kyrgyzstan,9
Paraguay,9
Luxembourg,8
Azerbaijan,7
Bahrain,7
Lebanon,7
Libya,7
Macao,7
Tajikistan,7
Cameroon,6
Costa Rica,6
Kuwait,6
Zambia,6
Zimbabwe,6
Albania,5
Côte d'Ivoire,5
Cuba,5
Mongolia,5
Senegal,5
El Salvador,5
Angola,4
Bosnia and Herzegovina,4
Montenegro,4
Malawi,4
Panama,4
Rwanda,4
Trinidad and Tobago,4
Kosovo,4
Benin,3
Jamaica,3
Laos,3
Mali,3
Malta,3
Mozambique,3
Oman,3
"Palestine, State of",3
Qatar,3
Réunion,3
Togo,3
Bhutan,2
Fiji,2
Haiti,2
Liberia,2
Moldova,2
North Macedonia,2
Namibia,2
Papua New Guinea,2
Brunei Darussalam,1
Congo,1
Cabo Verde,1
Curaçao,1
Guernsey,1
Guyana,1
Honduras,1
Jersey,1
Lesotho,1
Marshall Islands,1
Martinique,1
Mauritius,1
French Polynesia,1
Puerto Rico,1
Syria,1
Eswatini,1
Turks and Caicos Islands,1
Chad,1
