name,version,visitors
Windows,10,11561
Mac,10.15,3459
GNU/Linux,(not set),1104
Android,10,698
Ubuntu,(not set),315
iOS,18.5,270
Android,15,57
Chrome OS,14541.0,35
Android,12,26
iOS,19.0,26
Windows,7,21
Android,14,20
Android,11,18
Android,13,18
iOS,18.3,15
iOS,16.7,9
iOS,18.4,9
Windows,8.1,9
iOS,18.1,6
iOS,26.0,6
iOS,15.8,5
iOS,17.5,5
iOS,18.0,5
Android,9,4
(not set),(not set),3
HarmonyOS,(not set),3
Mac,10.12,3
iPadOS,15.8,3
iOS,17.6,3
iOS,17.7,3
iOS,18.6,3
HarmonyOS,3.0,3
Android,6.0,3
Android,8.1,3
Windows Mobile,10,2
Mac,10.11,2
Mac,10.13,2
Mac,10.14,2
Mac,11.0,2
iOS,15.5,2
Android,16,2
iOS,16.6,2
iOS,17.1,2
iOS,18.2,2
iOS,10.3,1
Mac,13.3,1
Chrome OS,13597.84,1
iOS,14.7,1
iOS,15.6,1
iOS,16.0,1
iOS,16.1,1
iOS,16.2,1
iOS,16.5,1
iOS,17.2,1
iOS,17.3,1
iOS,17.4,1
Fire OS,6,1
Fire OS,7,1
Android,7.0,1
Android,7.1,1
Windows,Server 2003,1
Windows,XP,1
