name,version,visitors
Chrome,143.0,141356
Microsoft Edge,143.0,53574
Opera,125.0,9379
Firefox,146.0,8997
Chrome,142.0,7609
Yandex Browser,25.12,3295
Chrome,109.0,3232
Safari,18.6,2363
Safari,26.2,2204
Safari,26.1,2109
Chrome,132.0,1886
Chrome,138.0,1731
Chrome,141.0,1588
Mobile App,(not set),1582
Chrome,135.0,1505
Microsoft Edge,142.0,1434
Chrome,139.0,1266
Chrome,140.0,1082
Chrome,122.0,809
Safari,18.5,777
Quark,(not set),764
Chrome,131.0,646
Microsoft Edge,92.0,628
Chrome,137.0,627
Microsoft Edge,141.0,583
Safari,26.0,534
Firefox,140.0,522
Firefox,115.0,509
Safari,17.6,485
Smart Lenovo Browser,9.0,469
Chrome,133.0,461
Microsoft Edge,140.0,448
Chrome,136.0,437
Samsung Browser,29.0,405
Chrome,125.0,390
Chrome,134.0,379
Microsoft Edge,144.0,372
Firefox,145.0,355
Chrome,116.0,346
Microsoft Edge,122.0,344
Opera,124.0,333
Chrome,128.0,298
Microsoft Edge,139.0,294
Safari,18.7,288
Safari,16.6,269
Microsoft Edge,138.0,267
Safari,18.3,266
Yandex Browser,25.10,256
Chrome,86.0,245
Chrome,120.0,236
Chrome,126.0,232
Whale Browser,4.35,223
Chrome,130.0,209
Sogou Explorer,2,208
Chrome,108.0,205
Safari,15.6,197
Mobile App,143.0,195
Chrome,144.0,192
Chrome,129.0,191
Chrome,103.0,188
Microsoft Edge,137.0,184
QQ Browser,19.9,183
Microsoft Edge,109.0,179
Microsoft Edge,131.0,176
Chrome,124.0,175
Chrome,121.0,172
Chrome,114.0,169
Chrome,145.0,169
Safari,26.3,164
Chrome,117.0,156
Chrome,127.0,155
Avast Secure Browser,143.0,155
Microsoft Edge,135.0,144
Firefox,141.0,142
Safari,17.5,136
Chrome,111.0,124
Safari,(not set),123
Yandex Browser,24.10,123
Chrome,119.0,121
Microsoft Edge,134.0,121
Firefox,144.0,120
Microsoft Edge,100.0,117
Chrome,123.0,117
Chrome,106.0,116
Chrome,107.0,116
Microsoft Edge,136.0,113
Firefox,143.0,113
Firefox,142.0,111
Huawei Browser Mobile,16.0,106
Safari,18.1,106
Chrome,112.0,105
Safari,18.4,98
Chrome,105.0,97
Chrome,104.0,94
Microsoft Edge,127.0,93
QQ Browser,20.0,89
Microsoft Edge,133.0,87
Microsoft Edge,126.0,85
Firefox,147.0,85
Opera,95.0,85
Chrome,118.0,84
Microsoft Edge,128.0,82
Opera,93.0,82
Chrome,110.0,81
Firefox,128.0,78
Microsoft Edge,132.0,78
Chrome,87.0,76
Safari,18.2,72
Safari,17.4,71
Microsoft Edge,120.0,67
Huawei Browser,12.1,64
Microsoft Edge,130.0,64
Microsoft Edge,123.0,63
Firefox,127.0,63
Yandex Browser,25.8,62
Firefox,136.0,61
MIUI Browser,20.9,61
Chrome,101.0,60
QQ Browser,19.7,60
Safari,18.0,59
Microsoft Edge,129.0,58
Chrome,91.0,53
Opera,123.0,52
AVG Secure Browser,143.0,52
Chrome,69.0,50
Chrome,95.0,49
Samsung Browser,28.0,47
Brave,(not set),46
(not set),(not set),45
Microsoft Edge,90.0,45
Opera,122.0,44
Microsoft Edge,114.0,43
Norton Private Browser,143.0,42
vivo Browser,15.1,41
Chrome,80.0,40
Safari,17.3,39
Microsoft Edge,18.18363,39
Chrome,78.0,39
Microsoft Edge,124.0,38
Chrome,96.0,38
Mobile App,114.0,37
Safari,14.1,36
Safari,16.3,36
Microsoft Edge,116.0,35
Microsoft Edge,18.18362,35
Mobile App,97.0,35
Chrome,99.0,35
Firefox,146.1,34
Microsoft Edge,106.0,32
Chrome,113.0,32
Microsoft Edge,145.0,32
Yandex Browser,25.122,32
QQ Browser,19.8,31
Microsoft Edge,118.0,30
Microsoft Edge,125.0,30
Firefox,137.0,30
Safari,16.1,30
Safari,17.1,30
Quark,10.2,29
Chrome,79.0,28
Microsoft Edge,86.0,27
Chrome,90.0,26
Chrome,88.0,25
Chrome,102.0,24
MIUI Browser,20.0,24
Microsoft Edge,113.0,23
Microsoft Edge,115.0,23
Microsoft Edge,121.0,23
Firefox,5.0,23
Chrome,94.0,23
Chrome,97.0,23
Microsoft Edge,107.0,22
Safari,16.5,22
Yandex Browser,25.2,22
Yandex Browser,25.4,22
360 Secure Browser,(not set),21
Microsoft Edge,117.0,21
Mobile App,138.0,21
Firefox,139.0,21
MIUI Browser,14.48,21
Safari,17.14,21
Safari,17.2,21
Mobile App,109.0,20
Firefox,135.0,20
Firefox,148.0,20
Yandex Browser,25.104,20
Quark,10.1,19
Microsoft Edge,17.17134,19
Safari,17.7,19
Samsung Browser,27.0,19
Microsoft Edge,89.0,19
Firefox,130.0,18
Microsoft Edge,16.16299,18
Safari,17.0,18
Yandex Browser,25.6,18
Chrome,92.0,18
Chrome,98.0,18
Chrome,100.0,17
Microsoft Edge,112.0,17
Chrome,115.0,17
Firefox,138.0,17
Whale Browser,4.34,17
Chrome,55.0,17
Chrome,83.0,17
Opera,97.1,17
Chrome,72.0,16
Microsoft Edge,111.0,15
Safari,12.1,15
Safari,13.1,15
Microsoft Edge,18.17763,15
Microsoft Edge,18.19041,15
Yandex Browser,24.1,15
Huawei Browser Mobile,5.1,15
Firefox,52.0,15
Mobile App,137.0,14
Samsung Browser,24.0,14
Samsung Browser,26.0,14
Chrome,89.0,14
Firefox,113.0,13
Opera,120.0,13
Mobile App,134.0,13
Chrome,143,13
vivo Browser,15.0,13
MIUI Browser,20.2,13
vivo Browser,27.3,13
vivo Browser,27.6,13
Chrome,93.0,13
Avast Secure Browser,109.0,12
Firefox,111.0,12
Mobile App,116.0,12
QQ Browser,12.2,12
Firefox,131.0,12
Safari,16.4,12
QQ Browser,19.3,12
Samsung Browser,25.0,12
Chrome,81.0,12
Chrome,85.0,12
Mobile App,119.0,11
Avast Secure Browser,142.0,11
Mobile Silk,142.5,11
Opera Touch,6.3,11
Chrome,75.0,11
Opera,79.0,11
Microsoft Edge,103.0,10
Safari,11.1,10
Firefox,129.0,10
MIUI Browser,14.47,10
CCleaner,143.0,10
Microsoft Edge,15.15063,10
Safari,15.4,10
Microsoft Edge,18.19582,10
QQ Browser,19.6,10
vivo Browser,27.5,10
Opera GX,3.1,10
QtWebEngine,6.10,10
Firefox,68.0,10
Chrome,71.0,10
Chrome,74.0,10
Chrome,84.0,10
AVG Secure Browser,109.0,9
Microsoft Edge,119.0,9
Firefox,126.0,9
QQ Browser,13.7,9
Firefox,133.0,9
Firefox,134.0,9
Safari,15.2,9
QQ Browser,19.5,9
Hi Browser,2.25,9
Chrome,47.0,9
QQ Browser,6.2,9
Chrome,64.0,9
Chrome,70.0,9
Chrome,76.0,9
Safari,11.0,8
Opera,113.0,8
Mobile App,126.0,8
Mobile App,131.0,8
Safari,14.0,8
Safari,15.5,8
Safari,16.0,8
Yandex Browser,23.7,8
Yandex Browser,24.7,8
Oculus Browser,41.4,8
Firefox,48.0,8
JioSphere,6.0,8
Chrome,63.0,8
Samsung Browser,7.2,8
QQ Browser,9.7,8
Chromium,(not set),7
Safari,10.0,7
Mobile App,100.0,7
Microsoft Edge,104.0,7
Microsoft Edge,105.0,7
Microsoft Edge,108.0,7
Opera,121.0,7
Firefox,125.0,7
QQ Browser,13.4,7
Mobile Silk,138.10,7
Microsoft Edge,14.14393,7
QQ Browser,19.4,7
