name,visitors,pageviews,bounce_rate,time_on_page,scroll_depth
/3/,10122,12594,56,21,73
/3/library/functions.html,4948,5546,80,89,44
/3/tutorial/index.html,4844,6216,62,93,57
/3/library/stdtypes.html,4843,5667,76,122,37
/3/library/index.html,3237,4503,61,52,40
/3/search.html,3224,4921,39,21,45
/3/tutorial/datastructures.html,2703,2944,80,87,44
/3/library/venv.html,2450,2599,90,43,30
/3/library/datetime.html,2139,2432,84,71,38
/3/tutorial/controlflow.html,2120,2262,79,127,41
/3/library/idle.html,1966,2244,78,22,33
/3/tutorial/,1959,2777,72,54,47
/3/library/tkinter.html,1845,2064,76,58,31
/3/library/random.html,1785,2026,85,92,33
/3/library/turtle.html,1756,2123,83,81,31
/3/tutorial/introduction.html,1607,1716,73,159,59
/3/library/math.html,1500,1676,85,45,34
/3/library/re.html,1478,1707,84,80,39
/3/tutorial/interpreter.html,1462,1531,71,71,76
/3/tutorial/classes.html,1362,1465,85,100,44
/3/library/typing.html,1333,1479,82,76,24
/3/glossary.html,1287,1347,67,44,46
/3/using/windows.html,1260,1342,77,37,18
/3/tutorial/inputoutput.html,1200,1277,81,67,49
/3/tutorial/errors.html,1193,1330,81,70,36
/3/library/csv.html,1190,1385,86,77,41
/3/library/os.html,1127,1458,75,67,31
/3/library/string.html,1094,1188,79,65,42
/3/tutorial/appetite.html,1093,1056,50,68,85
/3/library/exceptions.html,1041,1140,79,63,43
/3/library/collections.html,1037,1165,80,71,41
/3/whatsnew/3.14.html,1010,993,70,72,18
/3/reference/datamodel.html,1000,1153,75,284,47
/3/library/pathlib.html,963,1162,79,50,38
/3/reference/index.html,923,1101,48,30,67
/3/tutorial/modules.html,874,934,78,119,50
/3/library/logging.html,862,991,84,74,34
/3/library/itertools.html,843,919,88,76,34
/3/library/argparse.html,828,978,82,106,32
/3/library/time.html,813,978,82,56,39
/3/library/subprocess.html,804,993,83,62,30
/3/library/dataclasses.html,775,874,81,52,34
/3/library/sqlite3.html,772,936,84,514,24
/3/py-modindex.html,731,841,66,39,49
/3/library/json.html,721,812,82,56,33
/3/installing/index.html,705,634,74,29,61
/3/tutorial/venv.html,698,805,85,44,54
/3/library/asyncio.html,688,870,63,62,71
/3/library/multiprocessing.html,674,759,80,543,27
/3/library/threading.html,673,754,81,94,35
/3/index.html,638,747,51,23,74
/3/library/sys.html,630,766,85,39,34
/3/contents.html,616,721,53,25,13
/3/howto/sorting.html,608,626,78,106,38
/3/library/os.path.html,601,666,78,67,47
/3/library/heapq.html,600,715,87,53,49
/3/library/asyncio-task.html,599,622,81,74,36
/3/reference/lexical_analysis.html,595,591,72,168,49
/3/library/unittest.html,594,707,88,349,28
/3/reference/compound_stmts.html,586,633,69,73,34
/3/reference/expressions.html,578,665,77,67,56
/3/library/socket.html,557,758,83,54,40
/3/library/functools.html,548,615,82,54,44
/3/download.html,513,471,47,25,93
/3/library/enum.html,495,598,83,39,31
/3/using/cmdline.html,462,501,80,50,30
/zh-cn/3/tutorial/index.html,447,532,55,43,58
/3/library/io.html,422,584,78,53,40
/3/reference/simple_stmts.html,412,437,66,45,53
/3/library/,400,446,65,34,39
/zh-cn/3/,392,521,51,15,78
/3/library/struct.html,383,470,85,41,45
/es/3/tutorial/,381,502,65,44,51
/3/whatsnew/3.12.html,378,371,97,50,24
/3/library/concurrent.futures.html,377,462,84,78,44
/3/library/pickle.html,364,444,82,57,22
/3/using/mac.html,351,348,79,77,50
/3/howto/logging.html,350,415,85,107,39
/3/using/index.html,344,366,44,22,72
/3/reference/import.html,337,340,80,73,33
/3/library/hashlib.html,333,429,84,37,29
/fr/3/tutorial/,323,428,60,26,54
/3/library/shutil.html,303,357,80,43,31
/3/library/operator.html,293,365,80,32,50
/3/tutorial/floatingpoint.html,293,286,86,77,45
/3/howto/index.html,290,303,37,31,85
/3/library/copy.html,286,352,92,27,67
/3/library/xml.etree.elementtree.html,285,313,82,123,32
/3/library/intro.html,283,318,62,36,66
/3/library/tempfile.html,275,423,82,41,48
/3/library/codecs.html,271,330,77,57,35
/3/library/constants.html,270,326,69,34,72
/3/library/http.server.html,268,284,84,37,43
/3/library/asyncio-eventloop.html,267,278,76,73,36
/3/howto/regex.html,266,336,86,102,34
/3/using/android.html,261,306,69,46,80
/3/library/pdb.html,253,254,92,36,34
/3/library/queue.html,251,331,78,59,56
/3/library/abc.html,249,327,76,48,49
/3/library/ast.html,249,250,82,34,31
