name,visitors
Singapore,699
Beijing,465
Shanghai,409
Guangzhou,364
Hong Kong,231
Shenzhen,202
Hangzhou,175
Chengdu,167
Tokyo,143
Wuhan,142
Nanjing,108
Xi’an,93
Los Angeles,85
Qingdao,76
Guiyang,75
Zhengzhou,70
Changsha,63
Hefei,61
Ha Kwai Chung,61
Suzhou,56
Taipei,51
Xiamen,48
Chongqing,44
Tianjin,43
San Jose,38
Taichung,36
Fuzhou,36
Jinan,34
Ningbo,30
Shenyang,27
Dongguan,25
Sydney,24
Foshan,22
Seattle,22
Kowloon City,21
Tsuen Wan,19
Dalian,18
Nanchang,16
Kunming,16
Baoding,16
N/A,16
Chang-hua,15
Kuala Lumpur,15
Wuxi,14
Shaoxing,14
London,14
Zhongshan,14
Taiyuan,13
Jiaxing,13
Huzhou,13
Shijiazhuang,12
Wan Chai,12
Nanning,11
Changzhou,11
Cangzhou,11
Toronto,11
Hsinchu,10
Weifang,10
Lanzhou,10
Langfang,10
Harbin,10
Melbourne,10
Quanzhou,9
Macau,9
Seoul,9
Osaka,9
Yiwu,8
Yuanlin,7
Xiangtan,7
Qinzhou,7
Luoyang,7
Changchun,7
Santa Clara,7
Taizhou,7
Moscow,6
Kaohsiung,6
Zibo,6
Xinxiang,6
Zhuhai,6
Tsim Sha Tsui,6
Kampong Loyang,6
Queenstown Estate,6
East Los Angeles,6
Draper,6
Karamay,5
Bangkok,5
Yunlin,5
Taoyuan,5
Yinchuan,5
Weihai,5
Shantou,5
Linyi,5
Huizhou,5
Fussa,5
Hessen,5
San Francisco,5
Dubai,4
Zunyi,4
Yuyao,4
Lu’an,4
Jining,4
Hengyang,4
Binzhou,4
Toyosu,4
Hohhot,4
Amsterdam,4
Brooklyn,4
New York City,4
Phoenix,4
Taoyuan City,4
Ürümqi,3
Zhongli,3
Zhangzhou,3
Anyang,3
Yantai,3
Tongshan,3
Xingtai,3
Pingdu,3
Nanyang,3
Nantong,3
Jiujiang,3
Jiangmen,3
Guli,3
Fuzhou,3
Chuncheon,3
Minamishinagawa,3
Adelaide,3
Brisbane,3
Frankfurt am Main,3
Dublin,3
Wesley Chapel,3
Somerville,3
Secaucus,3
Queens,3
Baghdad,2
H̱olon,2
Rauma,2
Helsinki,2
Chiang Mai,2
Colombo,2
San Juan,2
Petaling Jaya,2
Kuching,2
Zhuozhou,2
Yunfu,2
Yuncheng,2
Heyuan,2
Wenzhou,2
Putian,2
Pingdingshan,2
Mianyang,2
Cixi,2
Huilong,2
Handan,2
Haidian,2
Ganzhou,2
Dingxi,2
Deyang,2
Baodi,2
Yuen Long San Hui,2
Ma Liu Shui,2
Hung Hom,2
Phnom Penh,2
Incheon,2
Perth,2
Sendai,2
Wollongong,2
Auckland,2
Coventry,2
Zürich,2
Kista,2
Stuttgart,2
Munich,2
Lyon,2
Rome,2
Houston,2
Ann Arbor,2
Piscataway,2
Madison,2
Fremont,2
Sierra Madre,2
N/A,2
Guelph,2
Richmond Hill,2
Central,2
Huanggang,2
Koganei,2
Amman,1
Saint Petersburg,1
Porvoo,1
Istanbul,1
Guwahati,1
Bengaluru,1
Yangon,1
Kandoli,1
Novosibirsk,1
Tỉnh Đồng Nai,1
Vientiane,1
Yangmei,1
Tainan,1
Banqiao,1
Nantun,1
Nantou,1
Lugang,1
Yilan,1
Xindian,1
Xinzhuang,1
Zhubei,1
Jiaoxi,1
Chiayi County,1
Taguig,1
Tagaytay,1
Quezon City,1
Makati City,1
Las Piñas,1
Johor Bahru,1
Shah Alam,1
Ipoh,1
Sepang,1
Bukit Mertajam,1
Bayan Lepas,1
Zhuji,1
Zhoukou,1
Zhenjiang,1
Yongjiawan,1
Yueqing,1
Yongzhou,1
Yichun,1
Yichang,1
Zhangjiagang,1
Xiaogan,1
Changde,1
Wuhu,1
Weitang,1
Tangshan,1
Sihui,1
Shiyan,1
Sanya,1
Changsha,1
Meizhou,1
Meishan,1
Ma’anshan,1
Liaocheng,1
Lanling,1
Jingjiang,1
Jiaozuo,1
Huaihua,1
Heze,1
Haikou,1
Changsha,1
Shaoyang,1
Baiyin,1
Tseung Kwan O,1
To Kwa Wan,1
Tai Po,1
Siu Lek Yuen,1
Sha Tin Wai,1
Kwun Tong,1
Kowloon Tong,1
Kennedy Town,1
Hong Kong Special Administrative Region,1
Taipa,1
Suwon,1
Gangbuk-gu,1
Gumi,1
Kimhae,1
Shibuya-ku,1
Ōita,1
Nagasaki,1
Mino,1
Maebashi,1
Kyoto,1
Kumamoto,1
Ikoma,1
Hiyoshi,1
Hadano,1
Asaka,1
Irkutsk,1
Baotou,1
Port Moresby,1
Sapporo,1
Canberra,1
Palmerston North,1
Ziguinchor,1
Marbella,1
Málaga,1
Alaquàs,1
Rabat,1
Copenhagen,1
Watford,1
Southampton,1
Oxford,1
Manchester,1
Macclesfield,1
Leeds,1
Glasgow,1
Elstree,1
Dumbarton,1
Didcot,1
Bristol,1
