name,unique_exits,total_exits,exit_rate
/pl/dev/library/turtle.html,17,18,
/pl/3/tutorial/datastructures.html,13,13,
/pl/dev/tutorial/classes.html,10,10,
/pl/3.14/tutorial/index.html,8,9,
/pl/3.14/tutorial/introduction.html,7,9,
/pl/3/library/functions.html,7,7,
/pl/3/tutorial/controlflow.html,6,7,
/pl/3/tutorial/errors.html,6,6,
/pl/3/tutorial/index.html,6,6,
/pl/3.14/library/index.html,5,5,
/pl/3.14/tutorial/,5,7,
/pl/3.14/tutorial/controlflow.html,5,5,
/pl/3/tutorial/,5,5,
/pl/3/tutorial/interpreter.html,5,5,
/pl/3/tutorial/venv.html,5,5,
/3/,4,3,
/pl/3.14/library/enum.html,4,7,
/pl/3.14/search.html,4,4,
/pl/3.15/using/windows.html,4,4,
/pl/3.12/c-api/init.html,3,3,
/pl/3.12/library/asyncio-eventloop.html,3,3,
/pl/3.13/howto/sorting.html,3,3,
/pl/3.13/library/collections.html,3,3,
/pl/3.13/tutorial/introduction.html,3,3,
/pl/3.14/library/stdtypes.html,3,3,
/pl/3.14/reference/simple_stmts.html,3,3,
/pl/3.14/tutorial/interpreter.html,3,3,
/pl/3/contents.html,3,3,
/pl/3/extending/extending.html,3,3,
/pl/3/genindex-U.html,3,3,
/pl/3/installing/index.html,3,3,
/pl/3/library/array.html,3,3,
/pl/3/library/sqlite3.html,3,3,
/pl/3/library/stdtypes.html,3,3,
/pl/3/library/turtle.html,3,3,
/pl/3/reference/compound_stmts.html,3,3,
/pl/3/reference/index.html,3,3,
/pl/3/tutorial/classes.html,3,3,
/pl/3/tutorial/inputoutput.html,3,3,
/pl/3/tutorial/introduction.html,3,3,
/pl/3/tutorial/modules.html,3,3,
/pl/3/whatsnew/3.14.html,3,3,
/pl/3/whatsnew/3.6.html,3,3,
/3.14/index.html,2,2,
/3.15/using/windows.html,2,2,
/dev/using/windows.html,2,2,
/pl/3.13/library/cgi.html,2,2,
/pl/3.13/library/functions.html,2,2,
/pl/3.13/library/turtle.html,2,2,
/pl/3.13/tutorial/controlflow.html,2,2,
/pl/3.14/,2,2,
/pl/3/,2,2,
/pl/3/c-api/stable.html,2,2,
/pl/3/genindex-X.html,2,2,
/pl/3/library/asyncio.html,2,2,
/pl/3/library/idle.html,2,2,
/pl/3/library/socket.html,2,2,
/pl/3/tutorial/appetite.html,2,2,
/pl/dev/c-api/typeobj.html,2,2,
/pl/dev/c-api/unicode.html,2,2,
/pl/dev/contents.html,2,2,
/pl/dev/library/multiprocessing.html,2,2,
/pl/dev/library/typing.html,2,2,
/pl/dev/tutorial/introduction.html,2,2,
/pl/dev/whatsnew/3.2.html,2,2,
/pl/dev/whatsnew/3.3.html,2,2,
/3.13/,1,1,
/3.14/genindex.html,1,1,
/3.14/library/,1,1,
/3.14/library/array.html,1,1,
/3.14/library/contextlib.html,1,1,
/3.14/library/urllib.request.html,1,1,
/3.14/search.html,1,1,
/3.14/tutorial/datastructures.html,1,1,
/3.14/tutorial/interpreter.html,1,1,
/3.14/tutorial/stdlib.html,1,1,
/3.14/using/windows.html,1,1,
/3/faq/design.html,1,1,
/3/index.html,1,1,
/3/library/_thread.html,1,1,
/3/library/collections.html,1,1,
/3/library/contextlib.html,1,1,
/3/library/csv.html,1,1,
/3/library/datetime.html,1,1,
/3/library/inspect.html,1,1,
/3/library/itertools.html,1,1,
/3/library/math.html,1,1,
/3/library/pydoc.html,1,1,
/3/library/time.html,1,1,
/3/library/timeit.html,1,1,
/3/library/tkinter.html,1,1,
/3/library/turtle.html,1,1,
/3/reference/import.html,1,1,
/3/tutorial/,1,1,
/3/tutorial/appetite.html,1,1,
/3/tutorial/controlflow.html,1,1,
/3/tutorial/datastructures.html,1,1,
/es/3.14/library/socket.html,1,1,
/es/3.14/search.html,1,0,
/it/3.15/,1,1,
