property,value,visitors,events,percentage
url,(none),2409,3707,99.8
url,https://www.python.org/,27,28,1.1
url,https://www.tkdocs.com/,4,4,0.2
url,https://github.com/python/cpython/issues/71542,3,3,0.1
url,https://github.com/python/cpython/tree/3.13/Lib/idlelib/,3,4,0.1
url,https://github.com/python/cpython/tree/3.13/Lib/tkinter/__init__.py,3,3,0.1
url,https://www.tcl.tk/man/tcl8.6/TkCmd/contents.htm,3,3,0.1
url,https://packaging.python.org/en/latest/tutorials/installing-packages/#ensure-pip-setuptools-and-wheel-are-up-to-date,2,2,0.1
url,https://tkdocs.com/book.html,2,2,0.1
url,https://www.debian.org/doc/manuals/maint-guide/first.fr.html,2,2,0.1
url,https://github.com/python/cpython/blob/main/Doc/reference/index.rst,1,1,0.0
url,https://github.com/python/cpython/tree/3.13/Lib/csv.py,1,1,0.0
url,https://github.com/python/cpython/tree/3.13/Lib/json/__init__.py,1,2,0.0
url,https://github.com/python/cpython/tree/3.13/Lib/multiprocessing/,1,1,0.0
url,https://github.com/python/cpython/tree/3.13/Lib/pickle.py,1,1,0.0
url,https://github.com/python/cpython/tree/3.13/Lib/urllib/request.py,1,1,0.0
url,https://github.com/python/cpython/tree/main/Lib/wave.py,1,1,0.0
url,https://github.com/python/cpython/tree/main/Lib/xml/etree/ElementTree.py,1,1,0.0
url,https://go.microsoft.com/fwlink/?LinkID=135170,1,1,0.0
url,https://manpages.debian.org/pthread_getcpuclockid(3),1,1,0.0
url,https://packaging.python.org/,1,1,0.0
url,https://packaging.python.org/en/latest/tutorials/packaging-projects/,1,1,0.0
url,https://packaging.python.org/guides/installing-using-pip-and-virtual-environments/#create-and-use-virtual-environments,1,1,0.0
url,https://packaging.python.org/installing/#requirements-for-installing-packages,1,1,0.0
url,https://peps.python.org/pep-0008/,1,1,0.0
url,https://peps.python.org/pep-0484/,1,1,0.0
url,https://peps.python.org/pep-0636/,1,1,0.0
url,https://peps.python.org/pep-3107/,1,1,0.0
url,https://pypi.org/,1,1,0.0
url,https://requests.readthedocs.io/en/latest/,1,1,0.0
url,https://wiki.python.org/moin/BeginnersGuide,1,1,0.0
url,https://www.boddie.org.uk/python/COM.html,1,1,0.0
url,https://www.sqlite.org/,1,1,0.0
url,https://www.unicode.org/versions/Unicode15.1.0/ch03.pdf,1,1,0.0
