name,visitors,pageviews,bounce_rate,time_on_page,scroll_depth
/3.14/using/windows.html,1986,2351,68,32,13
/3.14/tutorial/index.html,1900,2034,67,41,46
/3.14/,1745,2131,57,17,78
/3.14/whatsnew/3.14.html,637,671,73,77,16
/3.14/index.html,627,633,56,20,73
/3.14/tutorial/,558,623,65,42,55
/zh-cn/3.14/,411,477,36,13,79
/3.14/tutorial/interpreter.html,399,357,75,104,69
/3.14/search.html,390,625,40,26,52
/zh-cn/3.14/tutorial/index.html,347,405,49,38,63
/3.14/tutorial/appetite.html,333,291,55,96,86
/3.14/library/index.html,331,380,57,47,42
/3.14/tutorial/introduction.html,299,279,67,169,58
/3.14/library/stdtypes.html,265,326,75,130,44
/3.14/tutorial/controlflow.html,244,261,78,609,48
/3.14/library/functions.html,242,245,82,81,48
/zh-cn/3.14/library/index.html,193,237,42,60,54
/3.14/reference/index.html,152,186,46,20,68
/es/3.14/,150,155,52,21,77
/zh-cn/3.14/tutorial/interpreter.html,148,132,68,86,79
/zh-cn/3.14/tutorial/introduction.html,146,134,75,157,64
/3.14/tutorial/datastructures.html,141,139,65,82,52
/es/3.14/tutorial/index.html,134,169,68,56,50
/zh-cn/3.14/tutorial/controlflow.html,131,134,63,196,44
/zh-cn/3.14/search.html,122,186,39,26,49
/zh-cn/3.14/tutorial/appetite.html,118,99,65,107,92
/3.14/installing/index.html,115,101,59,34,65
/zh-cn/3.14/library/functions.html,114,111,70,50,44
/ja/3.14/library/i18n.html,112,121,74,3,81
/zh-cn/3.14/index.html,106,119,38,13,82
/pt-br/3.14/,105,97,38,15,71
/zh-cn/3.14/whatsnew/3.14.html,104,91,71,69,28
/3.14/glossary.html,102,95,61,71,37
/3.14/download.html,97,73,36,31,95
/zh-cn/3.14/library/stdtypes.html,97,115,67,160,45
/zh-cn/3.14/using/windows.html,95,78,69,65,21
/3.14/using/mac.html,92,90,70,58,53
/fr/3.14/,92,86,45,12,73
/3.14/py-modindex.html,84,90,44,32,48
/3.14/tutorial/modules.html,84,72,88,53,58
/zh-cn/3.14/reference/index.html,84,83,22,156,73
/3.14/genindex.html,83,75,56,8,99
/3.14/reference/datamodel.html,82,81,88,94,41
/3.14/library/idle.html,81,80,87,41,33
/3.14/using/index.html,76,73,27,9,64
/3.14/reference/lexical_analysis.html,75,70,78,73,52
/fr/3.14/tutorial/index.html,75,75,45,57,50
/zh-cn/3.14/using/index.html,74,71,59,46,77
/3.14/library/random.html,73,73,83,70,29
/3.14/library/os.html,71,70,93,39,31
/3.14/reference/compound_stmts.html,71,65,94,51,36
/3.14/contents.html,69,65,28,20,14
/3.14/library/,69,86,59,19,34
/pt-br/3.14/tutorial/index.html,68,73,62,56,54
/3.14/tutorial/classes.html,67,60,96,122,50
/3.14/using/cmdline.html,67,68,100,42,24
/ja/3.14/,67,99,46,24,77
/zh-cn/3.14/glossary.html,66,74,68,77,39
/3.14/tutorial/inputoutput.html,65,53,63,79,54
/3.14/library/string.html,64,57,78,58,42
/es/3.14/search.html,62,90,14,16,39
/zh-cn/3.14/tutorial/datastructures.html,62,66,61,245,58
/zh-cn/3.14/howto/index.html,61,69,45,45,89
/3.14/library/math.html,60,54,90,93,51
/es/3.14/tutorial/interpreter.html,60,62,90,64,74
/pt-br/3.14/library/index.html,59,61,36,64,35
/zh-cn/3.14/installing/index.html,59,53,68,71,77
/es/3.14/tutorial/introduction.html,58,50,85,219,54
/pt-br/3.14/search.html,58,114,25,31,67
/3.14/library/typing.html,57,61,90,57,48
/zh-cn/3.14/tutorial/,57,58,54,36,63
/es/3.14/tutorial/appetite.html,54,55,69,67,80
/fr/3.14/search.html,54,133,9,27,59
/3.14/tutorial/errors.html,52,43,75,72,36
/zh-cn/3.14/download.html,52,38,50,19,95
/zh-cn/3.14/py-modindex.html,52,58,45,28,50
/3.14/howto/index.html,51,45,40,19,85
/3.14/using/configure.html,51,49,100,17,11
/es/3.14/library/functions.html,50,49,83,49,30
/3.14/library/datetime.html,49,45,87,49,35
/ja/3.14/tutorial/index.html,48,57,35,33,52
/zh-cn/3.14/tutorial/classes.html,48,48,85,152,42
/3.14/tutorial/venv.html,47,48,67,33,52
/3.14/reference/expressions.html,44,43,83,36,52
/3.14/tutorial/appendix.html,44,35,70,21,79
/3.14/library/exceptions.html,43,40,85,421,30
/3.14/library/tkinter.html,43,43,77,56,27
/zh-cn/3.14/contents.html,43,44,50,23,9
/zh-cn/3.14/using/cmdline.html,41,34,81,51,40
/es/3.14/tutorial/controlflow.html,40,38,69,254,45
/fr/3.14/tutorial/introduction.html,40,41,53,242,65
/zh-cn/3.14/tutorial/modules.html,40,33,44,172,61
/3.14/library/re.html,39,37,86,41,47
/3.14/whatsnew/changelog.html,39,37,93,99,0
/pt-br/3.14/library/stdtypes.html,39,33,71,89,32
/3.14/reference/introduction.html,38,39,67,236,57
/3.14/c-api/index.html,37,38,89,10,47
/3.14/library/turtle.html,37,51,69,61,36
/3.14/reference/simple_stmts.html,37,31,93,17,44
/ja/3.14/search.html,37,50,36,15,51
