property,value,visitors,events,percentage
url,(none),3152,5460,99.7
url,https://www.python.org/,64,68,2.0
url,https://peps.python.org/pep-0765/,12,13,0.4
url,https://www.python.org/downloads/,10,11,0.3
url,https://wiki.python.org/moin/BeginnersGuide,6,7,0.2
url,https://devguide.python.org/,5,5,0.2
url,https://www.python.org/doc/versions/,5,5,0.2
url,https://en.wikipedia.org/wiki/Tail_call,4,4,0.1
url,https://peps.python.org/pep-0768/,4,4,0.1
url,https://github.com/python/cpython/issues/128563,3,3,0.1
url,https://github.com/python/cpython/issues/131591,3,3,0.1
url,https://peps.python.org/pep-0749/,3,3,0.1
url,https://peps.python.org/pep-0758/,3,3,0.1
url,https://docs.python.org/3.14/,2,3,0.1
url,https://github.com/python/cpython/issues/118761,2,2,0.1
url,https://github.com/python/cpython/issues/132987,2,4,0.1
url,https://github.com/python/cpython/issues/91048,2,2,0.1
url,https://github.com/python/cpython/tree/main/Lib/idlelib/,2,2,0.1
url,https://packaging.python.org/installing/,2,2,0.1
url,https://peps.python.org/,2,2,0.1
url,https://peps.python.org/pep-0397/,2,2,0.1
url,https://peps.python.org/pep-0649/,2,2,0.1
url,https://peps.python.org/pep-0734/,2,2,0.1
url,https://wiki.python.org/moin/PythonBooks,2,2,0.1
url,https://clang.llvm.org/docs/AttributeReference.html#preserve-none,1,1,0.0
url,https://datatracker.ietf.org/doc/html/rfc9562.html#section-5.7,1,1,0.0
url,https://docs.oasis-open.org/office/v1.2/cs01/OpenDocument-v1.2-cs01-part1.html#Appendix_C,1,1,0.0
url,https://github.com/hacl-star/hacl-star/,1,1,0.0
url,https://github.com/python/cpython/blob/main/Doc/library/index.rst,1,1,0.0
url,https://github.com/python/cpython/blob/main/Doc/library/random.rst,1,1,0.0
url,https://github.com/python/cpython/blob/main/Doc/whatsnew/index.rst,1,1,0.0
url,https://github.com/python/cpython/issues/101410,1,1,0.0
url,https://github.com/python/cpython/issues/114713,1,1,0.0
url,https://github.com/python/cpython/issues/118924,1,1,0.0
url,https://github.com/python/cpython/issues/119793,1,1,0.0
url,https://github.com/python/cpython/issues/121637,1,1,0.0
url,https://github.com/python/cpython/issues/122239,1,1,0.0
url,https://github.com/python/cpython/issues/124456,1,1,0.0
url,https://github.com/python/cpython/issues/124548,1,1,0.0
url,https://github.com/python/cpython/issues/124703,1,2,0.0
url,https://github.com/python/cpython/issues/127405,1,2,0.0
url,https://github.com/python/cpython/issues/129902,1,1,0.0
url,https://github.com/python/cpython/issues/131757,1,1,0.0
url,https://github.com/python/cpython/issues/131831,1,1,0.0
url,https://github.com/python/cpython/issues/132737,1,1,0.0
url,https://github.com/python/cpython/issues/132915,1,1,0.0
url,https://github.com/python/cpython/issues/132930,1,1,0.0
url,https://github.com/python/cpython/issues/132991,1,1,0.0
url,https://github.com/python/cpython/issues/41431,1,1,0.0
url,https://github.com/python/cpython/issues/97879,1,1,0.0
url,https://github.com/python/cpython/tree/main/Lib/asyncio/events.py,1,1,0.0
url,https://github.com/python/cpython/tree/main/Lib/functools.py,1,1,0.0
url,https://github.com/python/cpython/tree/main/Lib/html/parser.py,1,1,0.0
url,https://github.com/python/cpython/tree/main/Lib/multiprocessing/,1,1,0.0
url,https://packaging.python.org/en/latest/tutorials/installing-packages/#ensure-pip-setuptools-and-wheel-are-up-to-date,1,1,0.0
url,https://packaging.python.org/extensions/,1,1,0.0
url,https://packaging.python.org/installing/#creating-virtual-environments,1,1,0.0
url,https://packaging.python.org/science/,1,1,0.0
url,https://peps.python.org/pep-0483/,1,1,0.0
url,https://peps.python.org/pep-0563/,1,1,0.0
url,https://peps.python.org/pep-0703/,1,1,0.0
url,https://peps.python.org/pep-3107/,1,1,0.0
url,https://peps.python.org/pep-3120/,1,1,0.0
url,https://peps.python.org/pep-3134/,1,1,0.0
url,https://pypi.org/,1,2,0.0
url,https://webassembly.org/,1,1,0.0
url,https://www.debian.org/doc/manuals/maint-guide/first.en.html,1,1,0.0
url,https://www.python.org/doc/av/,1,1,0.0
url,https://www.riverbankcomputing.com/static/Docs/pyqtdeploy/,1,1,0.0
url,https://www.tkdocs.com/shipman/,1,1,0.0
