name,version,visitors
Chrome,142.0,1608
Microsoft Edge,142.0,307
Opera,123.0,183
Firefox,145.0,122
Chrome,141.0,54
Safari,18.6,41
Chrome,125.0,40
Chrome,126.0,40
Safari,26.1,33
Mobile App,(not set),19
Chrome,138.0,12
Chrome,140.0,12
Sogou Explorer,2,12
Chrome,122.0,11
Opera,124.0,11
Microsoft Edge,141.0,10
Firefox,5.0,10
Chrome,109.0,9
Chrome,131.0,9
Mobile App,142.0,9
Firefox,115.0,8
Chrome,136.0,8
Chrome,143.0,8
Chrome,111.0,7
Opera,122.0,7
Chrome,139.0,7
Firefox,146.0,7
360 Secure Browser,(not set),6
Firefox,144.0,6
Safari,18.5,6
Chrome,69.0,6
Chrome,132.0,5
Microsoft Edge,139.0,5
Safari,16.6,5
Safari,26.0,5
Opera,92.0,5
Firefox,128.0,4
Chrome,137.0,4
Firefox,142.0,4
Chrome,117.0,3
Chrome,121.0,3
Chrome,133.0,3
Firefox,139.0,3
Microsoft Edge,140.0,3
Firefox,140.0,3
Firefox,143.0,3
Safari,18.3,3
Smart Lenovo Browser,9.0,3
Chrome,90.0,3
(not set),(not set),2
Chrome,103.0,2
Chrome,108.0,2
Chrome,116.0,2
Chrome,118.0,2
Chrome,128.0,2
Microsoft Edge,135.0,2
Chrome,135.0,2
Microsoft Edge,137.0,2
MIUI Browser,14.22,2
Firefox,141.0,2
Microsoft Edge,143.0,2
Chrome,144.0,2
Firefox,145.1,2
Safari,17.0,2
Safari,17.6,2
Safari,18.1,2
Safari,18.2,2
Safari,18.7,2
Samsung Browser,29.0,2
Microsoft Edge,109.0,1
Opera,115.0,1
Opera,116.0,1
Opera,125.0,1
Microsoft Edge,126.0,1
Microsoft Edge,127.0,1
Microsoft Edge,129.0,1
QQ Browser,13.2,1
Chrome,130.0,1
Mobile App,131.0,1
Chrome,134.0,1
Firefox,135.0,1
Firefox,136.0,1
Avast Secure Browser,142.0,1
Safari,15.6,1
Safari,17.13,1
Safari,18.4,1
Hi Browser,2.25,1
Mint Browser,3.9,1
Chrome,81.0,1
Chrome,83.0,1
Chrome,95.0,1
Chrome,96.0,1
Chrome,99.0,1
