name,visitors,pageviews,bounce_rate,time_on_page,scroll_depth
/es/3/tutorial/,400,500,61,42,54
/es/3/library/tkinter.html,124,148,80,70,35
/es/3.14/,123,127,35,27,76
/es/3/tutorial/introduction.html,120,135,82,149,53
/es/3/library/index.html,119,136,73,40,40
/es/3/tutorial/interpreter.html,116,111,81,72,74
/es/3/tutorial/appetite.html,113,112,54,67,82
/es/3/tutorial/index.html,105,124,70,63,52
/es/3.15/using/windows.html,97,89,82,33,27
/es/3/tutorial/datastructures.html,81,86,76,54,37
/es/3/,77,79,50,29,79
/es/3/tutorial/controlflow.html,75,79,84,96,31
/es/3.14/tutorial/index.html,72,82,56,48,60
/es/3/library/idle.html,61,68,71,14,27
/es/3.14/search.html,59,90,62,20,58
/es/3/tutorial/venv.html,55,59,92,30,49
/es/3/library/functions.html,53,55,85,44,27
/es/3/tutorial/classes.html,50,54,86,57,31
/es/3.12/tutorial/index.html,46,47,62,18,46
/es/3/tutorial/modules.html,45,41,75,75,52
/es/3.13/tutorial/index.html,40,56,71,34,37
/es/3.14/tutorial/interpreter.html,35,30,100,169,77
/es/3/library/stdtypes.html,35,35,87,52,30
/es/3/tutorial/errors.html,35,36,84,102,51
/es/3/glossary.html,34,30,76,104,29
/es/3.14/library/index.html,33,36,43,132,44
/es/3/search.html,32,37,80,16,60
/es/3.14/library/functions.html,30,32,47,150,26
/es/3.14/tutorial/introduction.html,30,33,73,339,58
/es/3.14/tutorial/controlflow.html,29,31,93,183,22
/es/3/installing/index.html,29,34,82,129,75
/es/3.14/library/stdtypes.html,28,26,100,153,23
/es/3.14/tutorial/appetite.html,28,24,43,70,91
/es/3.14/reference/index.html,26,31,43,32,60
/es/3.13/library/tkinter.html,25,28,81,29,28
/es/3.13/tutorial/datastructures.html,24,30,79,50,27
/es/3.14/using/windows.html,24,27,55,52,15
/es/3/reference/index.html,24,18,60,25,69
/es/3/library/math.html,21,21,88,20,22
/es/3/library/random.html,21,23,72,26,26
/es/3/tutorial/inputoutput.html,21,19,81,49,52
/es/3.13/tutorial/interpreter.html,19,28,82,30,66
/es/3/library/re.html,19,21,83,40,19
/es/3/library/tk.html,19,44,47,19,45
/es/3.14/tutorial/,18,23,83,24,48
/es/3/library/datetime.html,18,16,83,11,25
/es/3.12/tutorial/controlflow.html,15,15,92,115,23
/es/3.13/library/index.html,15,17,86,37,41
/es/3/library/venv.html,15,15,85,19,27
/es/3/contents.html,14,14,40,16,8
/es/3/howto/sorting.html,14,13,92,25,35
/es/3.14/tutorial/inputoutput.html,13,12,67,90,38
/es/3/index.html,13,9,0,10,68
/es/3/library/argparse.html,13,13,90,48,12
/es/3/library/csv.html,13,14,75,77,28
/es/3/library/json.html,13,16,79,20,36
/es/3/library/sqlite3.html,13,12,83,112,20
/es/3.13/tutorial/appetite.html,12,11,60,161,99
/es/3.13/tutorial/controlflow.html,12,12,86,86,48
/es/3.14/library/math.html,12,18,33,32,24
/es/3.14/library/tkinter.html,12,10,100,32,37
/es/3/py-modindex.html,12,10,50,37,38
/es/3.12/tutorial/interpreter.html,11,11,67,41,76
/es/3.14/index.html,11,12,100,17,79
/es/3.14/py-modindex.html,11,9,50,33,30
/es/3.14/tutorial/datastructures.html,11,12,50,31,22
/es/3.14/whatsnew/3.14.html,11,11,0,18,3
/es/3/download.html,11,7,40,16,97
/es/3.13/library/idle.html,10,10,17,27,58
/es/3.13/library/stdtypes.html,10,10,88,30,12
/es/3.13/tutorial/,10,11,60,18,32
/es/3.14/download.html,10,9,50,20,93
/es/3.14/using/cmdline.html,10,15,80,96,10
/es/3.14/using/index.html,10,8,50,34,68
/es/3/library/intro.html,10,10,60,28,76
/es/3/reference/compound_stmts.html,10,12,100,207,18
/es/3.13/search.html,9,10,67,16,60
/es/3.14/genindex.html,9,9,50,21,100
/es/3.14/tutorial/modules.html,9,10,67,110,48
/es/3/howto/regex.html,9,10,90,35,34
/es/3/library/exceptions.html,9,9,57,49,39
/es/3/reference/import.html,9,9,100,25,12
/es/3/tutorial/appendix.html,9,8,50,14,91
/es/3/whatsnew/3.14.html,9,6,0,12,20
/es/3.13/library/functions.html,8,11,86,116,60
/es/3.13/tutorial/introduction.html,8,7,80,177,61
/es/3.14/reference/compound_stmts.html,8,6,67,87,13
/es/3.15/,8,6,100,17,67
/es/3.15/search.html,8,12,0,39,85
/es/3/copyright.html,8,4,0,1,82
/es/3/library/decimal.html,8,8,60,25,10
/es/3/library/string.html,8,10,83,149,64
/es/3/library/turtle.html,8,9,100,29,28
/es/3/reference/lexical_analysis.html,8,8,33,139,62
/es/3/tutorial/stdlib.html,8,7,60,163,45
/es/3/using/windows.html,8,7,100,75,32
/es/dev/tutorial/controlflow.html,8,10,100,11,31
/es/3.12/tutorial/classes.html,7,8,67,7,54
/es/3.13/glossary.html,7,7,33,40,29
/es/3.13/tutorial/classes.html,7,7,100,37,36
