name,unique_exits,total_exits,exit_rate
/3.12/,344,356,
/3.12/tutorial/index.html,212,224,
/3.12/using/windows.html,171,174,
/3.12/library/functions.html,105,113,
/3.12/whatsnew/3.12.html,101,101,
/3.12/library/stdtypes.html,94,98,
/3.12/library/datetime.html,67,70,
/3.12/index.html,65,68,
/3.12/search.html,64,63,
/it/3.12/reference/datamodel.html,55,55,
/3.12/library/,52,52,
/3.12/tutorial/,52,54,
/3.12/library/index.html,50,53,
/pl/3.12/library/stdtypes.html,50,50,
/3.12/library/typing.html,49,50,
/pl/3.12/contents.html,45,45,
/3/,44,44,
/3.12/library/os.html,39,40,
/it/3.12/library/sys.html,37,37,
/3.12/tutorial/controlflow.html,35,40,
/3.12/installing/index.html,32,32,
/3.12/library/pathlib.html,32,34,
/pl/3.12/library/ssl.html,32,32,
/3.12/library/argparse.html,31,32,
/3.12/tutorial/interpreter.html,31,31,
/pl/3.12/library/os.html,31,31,
/pl/3.12/library/socket.html,29,29,
/pl/3.12/library/email.generator.html,27,27,
/3.12/tutorial/appetite.html,26,26,
/3.12/tutorial/introduction.html,25,26,
/pl/3.12/library/decimal.html,25,25,
/3.12/library/itertools.html,24,25,
/it/3.12/c-api/structures.html,24,24,
/3.12/library/math.html,23,24,
/3.12/library/os.path.html,23,23,
/3.12/py-modindex.html,23,23,
/it/3.12/library/datatypes.html,23,23,
/it/3.12/library/mailbox.html,23,23,
/it/3.12/library/signal.html,23,23,
/pl/3.12/library/netdata.html,23,23,
/3.12/library/exceptions.html,22,22,
/it/3.12/library/email.html,22,22,
/it/3.12/library/functions.html,22,22,
/pl/3.12/library/datetime.html,22,22,
/3.12/library/ast.html,21,21,
/it/3.12/library/sqlite3.html,21,21,
/3.12/library/time.html,20,20,
/it/3.12/library/email.policy.html,20,20,
/it/3.12/library/gzip.html,20,20,
/it/3.12/library/site.html,20,20,
/zh-cn/3.12/,20,23,
/zh-cn/3.12/tutorial/index.html,20,21,
/3.12/library/tkinter.html,19,21,
/it/3.12/library/email.compat32-message.html,19,19,
/pl/3.12/library/smtplib.html,19,19,
/3.12/glossary.html,18,19,
/3.12/library/logging.html,18,18,
/3.12/library/subprocess.html,18,19,
/it/3.12/c-api/init_config.html,18,18,
/it/3.12/library/pdb.html,18,18,
/3.12/library/re.html,17,17,
/it/3.12/library/collections.html,17,17,
/it/3.12/library/email.charset.html,17,17,
/it/3.12/library/email.generator.html,17,17,
/it/3.12/library/email.message.html,17,17,
/pl/3.12/c-api/typeobj.html,17,17,
/pl/3.12/reference/compound_stmts.html,17,17,
/zh-cn/3.12/library/index.html,17,19,
/3.12/tutorial/datastructures.html,16,17,
/pl/3.12/reference/datamodel.html,16,16,
/zh-cn/3.12//whatsnew/3.12.html,16,17,
/3.12/library/collections.html,15,17,
/3.12/library/ssl.html,15,15,
/3.12/library/turtle.html,15,15,
/3.12/library/unittest.mock.html,15,15,
/it/3.12/c-api/index.html,15,15,
/it/3.12/library/bz2.html,15,15,
/it/3.12/library/email.parser.html,15,15,
/it/3.12/library/platform.html,15,15,
/it/3.12/library/threading.html,15,16,
/it/3.12/reference/expressions.html,15,15,
/zh-cn/3.12/download.html,15,15,
/zh-cn/3.12/whatsnew/3.12.html,15,15,
/3.12/library/ctypes.html,14,16,
/3.12/library/io.html,14,14,
/3.14/,14,14,
/it/3.12/c-api/intro.html,14,14,
/it/3.12/library/calendar.html,14,14,
/it/3.12/library/glob.html,14,14,
/it/3.12/library/netdata.html,14,14,
/pl/3.12/c-api/init_config.html,14,14,
/zh-cn/3.12/library/functions.html,14,14,
/zh-cn/3.12/using/windows.html,14,14,
/3.12/library/multiprocessing.html,13,17,
/3.12/library/random.html,13,13,
/3.12/reference/datamodel.html,13,13,
/3.12/tutorial/venv.html,13,16,
/3/library/stdtypes.html,13,13,
/it/3.12/library/concurrency.html,13,13,
/it/3.12/library/email.errors.html,13,13,
