name,visitors,bounce_rate,visit_duration
python.org,10141,80,27
Direct / None,7756,83,60
Google,4621,86,44
docs.python.org,1148,81,80
Bing,388,86,46
DuckDuckGo,274,86,45
GitHub,251,86,60
devguide.python.org,250,76,37
Yandex,212,91,42
chatgpt.com,201,81,97
discuss.python.org,108,76,76
Brave,104,91,35
pypi.org,99,92,24
boot.dev,88,94,6
docs.astral.sh,85,84,26
Microsoft Teams,72,87,53
realpython.com,69,86,138
netacad.com,68,99,21
packaging.python.org,57,78,28
Gmail,55,87,63
course.pku.edu.cn,43,82,47
udemy.com,41,100,0
typing.python.org,29,67,84
LinkedIn,26,96,0
cs50.harvard.edu,25,92,5
Yahoo!,24,92,4
numpydoc.readthedocs.io,24,72,78
setuptools.pypa.io,24,75,26
docs.sqlalchemy.org,23,92,4
cs50.readthedocs.io,21,95,3
python-poetry.org,21,95,1
codecademy.com,20,100,0
openclassrooms.com,20,55,189
ru.hexlet.io,20,95,2
s3.eu-west-1.amazonaws.com,20,91,19
Ecosia,19,100,0
qiita.com,19,84,18
Perplexity,18,94,14
edube.org,18,94,3
pip.pypa.io,18,78,171
habr.com,17,83,2
Reddit,16,94,15
flake8rules.com,16,88,65
medium.com,15,81,207
Wikipedia,14,79,38
courses.edx.org,13,100,0
assets.scormproxy.com,12,100,0
notebooks.githubusercontent.com,12,92,4
pythonzen-pep8-exam.com,12,69,45
aulaglobal.uc3m.es,11,91,5
cms.unir.net,11,82,1
mypy.readthedocs.io,11,100,0
Baidu,9,67,77
Qwant,9,78,80
coursemology.org,9,100,0
docs.snowflake.com,9,100,0
fishc.com.cn,9,89,38
freecodecamp.org,9,67,27
learn.ucu.edu.ua,9,100,0
psycopg.org,9,89,36
pylint.readthedocs.io,9,90,42
stat243.berkeley.edu,9,100,0
datacamp.com,8,100,0
moodle.ip-paris.fr,8,50,368
pycoders.com,8,88,11
typing-extensions.readthedocs.io,8,62,21
Facebook,7,86,1
StackOverflow,7,100,0
copilot.microsoft.com,7,100,0
docs.pydantic.dev,7,86,2
docs.python-guide.org,7,100,0
hatch.pypa.io,7,71,227
learn.uq.edu.au,7,43,141
lms.gokstadakademiet.no,7,100,0
metanit.com,7,100,0
numpy.org,7,86,26
pymysql.readthedocs.io,7,86,21
softserve.academy,7,100,0
Amazon,6,100,0
cfisd.schoology.com,6,100,0
elearn.epam.com,6,86,55
hackerrank.com,6,67,6
moodle.taltech.ee,6,100,0
palletsprojects.com,6,100,0
uvirtual.usach.cl,6,100,0
asgi.readthedocs.io,5,100,0
claude.ai,5,100,0
d2l.laurentian.ca,5,100,0
docs.brew.sh,5,100,0
docs.renovatebot.com,5,80,18
en.wikibooks.org,5,100,0
link.csdn.net,5,60,205
link.zhihu.com,5,80,6
moodle2.ntust.edu.tw,5,80,25
my.sky.pro,5,100,0
mypy-lang.org,5,100,0
nics-github.github.io,5,60,3
python-academy.org,5,100,0
wsgi.readthedocs.io,5,100,0
Twitter,4,60,0
Youtube,4,100,0
akshare.akfamily.xyz,4,75,1
bitbucket.org,4,100,0
bottlepy.org,4,100,0
coderivers.org,4,75,6
colab.google,4,100,0
docs.gitlab.com,4,100,0
docs.pytest.org,4,50,103
docs.ray.io,4,75,355
docs.ros.org,4,75,706
eecs485staff.github.io,4,60,209
maharatech.gov.eg,4,75,2
moodle.innopolis.university,4,100,0
moodle.upm.es,4,75,5
mysqlclient.readthedocs.io,4,100,0
pep8.org,4,75,17
python-forum.io,4,75,18
python-oracledb.readthedocs.io,4,100,0
pythonic-exam.com,4,75,1
rednafi.com,4,75,236
sphinx-doc.org,4,75,374
test.python.org,4,100,0
trio.readthedocs.io,4,50,191
turing.docebosaas.com,4,100,0
validate-pyproject.readthedocs.io,4,75,20
Hacker News,3,67,11
appacademy.io,3,100,0
aulavirtual.uji.es,3,67,119
bandersnatch.readthedocs.io,3,67,45
benhoyt.com,3,33,9
bitbucket.fanniemae.com,3,100,0
bytedance.larkoffice.com,3,100,0
cnblogs.com,3,67,57
comp1005.github.io,3,67,1
confluence.rocketlab.global,3,75,114
courses.campus.gov.il,3,100,0
crackermain.net,3,67,70
cursos.alura.com.br,3,100,0
datahub.berkeley.edu,3,100,0
docs.pypi.org,3,100,0
ellibrodepython.com,3,100,0
endler.dev,3,100,0
forum.codewithmosh.com,3,100,0
futurelearn.com,3,100,0
learn-2.galvanize.com,3,67,22
learn.microsoft.com,3,100,0
learn.snhu.edu,3,100,0
learnxinyminutes.com,3,100,0
lua-users.org,3,33,170
mbanklms.csod.com,3,100,0
moodle.cambriancollege.ca,3,100,0
mylearning.suny.edu,3,100,0
namu.wiki,3,67,73
obagy.com,3,100,0
opensource.com,3,100,0
pdm-project.org,3,100,0
pydevtools.com,3,100,0
pylint.pycqa.org,3,33,67
pythonguide.rozh2sch.org.ua,3,100,0
pythoninsider.blogspot.com,3,0,89
pythonmorsels.com,3,100,0
rephactor.com,3,100,0
smartiqa.ru,3,100,0
storage.googleapis.com,3,100,0
substack,3,67,0
ua.udemy.com,3,100,0
uneex.org,3,75,0
usr.codyssey.kr,3,100,0
127.0.0.1,2,100,0
46027-cs-137957657317-default.cs-us-east1-rtep.cloudshell.dev,2,50,20
Naver,2,100,0
academy.cs.cmu.edu,2,100,0
access.redhat.com,2,50,234
ai.besi.com,2,100,0
alm-confluence.systems.uk.hsbc,2,100,0
astral.sh,2,100,0
atlas.co3method.com,2,100,0
ava.pucpr.br,2,100,0
best-practice-and-impact.github.io,2,100,0
bitbucketdc-cluster06.jpmchase.net,2,100,0
blog.csdn.net,2,100,0
blog.pyq.jp,2,100,0
brightspace.nyu.edu,2,100,0
build.pypa.io,2,0,2302
c.biancheng.net,2,50,10
capytale2.ac-paris.fr,2,50,440
catt.rs,2,100,0
chat.baidu.com,2,50,60
chatbot.sqpc.sqrpnt.com,2,100,0
cloud.siliconflow.cn,2,50,27
code-basics.com,2,100,0
code.s3.yandex.net,2,50,321
collaborate.td.com,2,100,0
community.intersystems.com,2,100,0
confluence-eu.sec.samsung.net,2,100,0
confluence-kasikornbankgroup.msappproxy.net,2,100,0
confluence.raiffeisen.ru,2,100,0
confluence.ubisoft.com,2,50,68
confluence.zenseact.com,2,50,198
copier.readthedocs.io,2,100,0
coverage.readthedocs.io,2,100,0
cython.readthedocs.io,2,100,0
d2l.depaul.edu,2,100,0
datainpoint.com,2,100,0
death.andgravity.com,2,100,0
desktop.nclab.com,2,100,0
devcorps.pages.gs.mil,2,50,19
dicoding.com,2,100,0
docs.aiogram.dev,2,100,0
docs.basedpyright.com,2,100,0
docs.godotengine.org,2,100,0
docs.nvidia.com,2,100,0
docs.streamlit.io,2,100,0
drlilianblot.gitbook.io,2,50,520
dropbox.tech,2,100,0
euc-powerpoint.officeapps.live.com,2,100,0
excel-ubara.com,2,100,0
flit.pypa.io,2,50,1
forums.raspberrypi.com,2,50,286
git.bnc.ca,2,100,0
github-vcf.devops.broadcom.net,2,100,0
go.skillbox.ru,2,100,0
google.github.io,2,100,0
habr-com.cdn.ampproject.org,2,100,0
hrovatin.github.io,2,100,0
inc-excel.officeapps.live.com,2,50,5
info.mitre.org,2,100,0
infoworld.com,2,100,0
interrogate.readthedocs.io,2,100,0
it.uu.se,2,100,0
jupyterhub22.science.ru.nl,2,100,0
l.workplace.com,2,50,16
learn.codeinstitute.net,2,100,0
learn.rrc.ca,2,100,0
learn.selkirk.ca,2,100,0
lmco-confldc.us.lmco.com,2,100,0
lms.1t.ru,2,100,0
lms.skillfactory.ru,2,100,0
lobste.rs,2,100,0
m365.cloud.microsoft,2,100,0
maestro.org,2,100,0
materials.itstep.org,2,100,0
microsoft.github.io,2,100,0
moodle-campusvirtualcolombia.s3.amazonaws.com,2,50,590
moodle.bath.ac.uk,2,50,120
moodle.edu.ee,2,50,398
open-webui.asia.tel.com,2,100,0
pages.github.ibm.com,2,100,0
pep8-ja.readthedocs.io,2,100,0
planetpython.org,2,100,0
programming-2-2025-d0463a.pages.science.ru.nl,2,50,14
py-tutorial-de.readthedocs.io,2,67,95
pydoctor.readthedocs.io,2,50,480
pyo3.rs,2,100,0
python.github.net.cn,2,50,96
pythonpackaging.info,2,0,4
pythonpourenfants.free.fr,2,100,0
qna.habr.com,2,100,0
redmine.mellanox.com,2,50,680
savannah.dev,2,50,2
se-bot.mx.siemens-energy.cloud,2,100,0
semakin.dev,2,100,0
skillbox.ru,2,100,0
sonarqube.gsk.com,2,100,0
source.eait.uq.edu.au,2,100,0
sqlpey.com,2,100,0
stashblue.ms.com,2,100,0
studytafensw.edu.au,2,100,0
swagger.io,2,50,714
swcarpentry.github.io,2,100,0
techbeamers.com,2,50,194
tenable.com,2,50,18
tohoho-web.com,2,100,0
tonybaloney.github.io,2,50,34
towardsdatascience.com,2,100,0
treyhunner.com,2,100,0
tss.co.ua,2,100,0
tutti.prod.bloomberg.com,2,50,16
uppsala.instructure.com,2,100,0
virtualenv.pypa.io,2,100,0
voyage.skillstruck.com,2,100,0
whayle.rakoo.com,2,100,0
wiki.python.org,2,50,1
wiki.si.siemens.cloud,2,50,825
wsgi.tutorial.codepoint.net,2,100,0
1.14.60.81,1,100,0
360.cn,1,100,0
AppNexus,1,100,0
Telegram,1,100,0
Vkontakte,1,100,0
a.yandex-team.ru,1,100,0
abxhr-learning.vercel.app,1,100,0
academy.hackthebox.com,1,100,0
academy.masterschool.com,1,100,0
achtari24.com,1,100,0
adora-xu.com,1,100,0
adr.docs.aus.optiver.com,1,100,0
aedt.docs.pyansys.com,1,100,0
aeon-toolkit.org,1,100,0
ai.blackstone.com,1,100,0
