name,visitors,bounce_rate,visit_duration
Direct / None,3961,68,227
Google,1035,84,373
python.org,238,67,223
Bing,137,70,216
Baidu,97,87,43
DuckDuckGo,40,73,240
Yandex,35,96,143
peps.python.org,32,74,110
GitHub,21,88,304
Reddit,14,90,28
campus109.unad.edu.co,14,43,95
Yahoo!,11,71,337
chatgpt.com,9,60,288
Microsoft Teams,8,60,491
Brave,7,0,637
Ecosia,6,100,18
cnblogs.com,6,100,0
pypdf.readthedocs.io,6,83,122
link.zhihu.com,4,100,108
pucminas.instructure.com,4,75,4
Perplexity,3,100,36
docs.astral.sh,3,100,0
pypi.org,3,50,119
realpython.com,3,100,173
bugs.mysql.com,2,50,4
cmestash.chicago.cme.com,2,0,24
devdocs.io,2,50,29
discuss.python.org,2,0,492
docs.qq.com,2,0,1562
furydocs.io,2,100,0
kitt.lewagon.com,2,100,0
maxsitt.github.io,2,0,420
platform.productstar.ru,2,0,1266
qiita.com,2,100,4
virtualenv.pypa.io,2,0,6
wiki.python.org,2,0,120
Gmail,1,0,285
Qwant,1,0,1825
Rakuten,1,100,0
StackOverflow,1,0,894
Wikipedia,1,100,0
abdesol.medium.com,1,0,2135
aiosmtplib.readthedocs.io,1,100,0
aules.edu.gva.es,1,100,0
bostoncollege.instructure.com,1,100,0
brightspace.uvm.edu,1,100,0
campus118.unad.edu.co,1,100,0
chat.qwen.ai,1,100,0
code.visualstudio.com,1,0,2892
codecademy.cn,1,0,177
cvm.moodle.decclic.qc.ca,1,0,26
docs.sqlalchemy.org,1,0,34
doubao.com,1,100,0
elblogdehumitos.com,1,0,102
forum.ansible.com,1,0,22
fuse.ai,1,0,61
gl-search.com,1,100,0
janakiev.com,1,0,201
jupyter.org,1,100,0
learn.zybooks.com,1,100,0
leetcode.com,1,0,54
link.csdn.net,1,100,0
link.juejin.cn,1,0,0
lists.openembedded.org,1,0,2148
mightytechy.com,1,0,7
moodle.bogazici.edu.tr,1,0,261
moodle.hs-bochum.de,1,0,114
moodle.tum.de,1,100,0
moodle.utfpr.edu.br,1,100,0
netology.ru,1,100,0
ntp.msn.cn,1,0,12
openclassrooms.com,1,0,25
orgpad.info,1,100,0
packaging.python.org,1,0,0
pip.pypa.io,1,0,355
psicode.org,1,100,0
psycopg.org,1,0,0
pydantic.com.cn,1,0,1221
pyodide.org,1,100,0
python.p2hp.com,1,0,407
quark.cn,1,100,0
rednafi.com,1,100,0
renault-proxy.okta.com,1,0,29
roadmap.sh,1,0,1830
root.cz,1,100,0
sphinx-doc.org,1,0,25
sso.st.com,1,100,0
static.oschina.net,1,100,0
structlog.org,1,0,4987
test.python.org,1,0,46
tilburgu.testvision.nl,1,0,8
uamvirtual.uam.edu.ni,1,100,0
ucdenver.instructure.com,1,0,6
ux.console.azure.com,1,0,138
xfmkp6q7le.feishu.cn,1,100,0
yuanbao.tencent.com,1,0,1147
