name,unique_exits,total_exits,exit_rate
/es/3/tutorial/,581,625,
/es/3.13/library/tkinter.html,179,192,
/es/3/tutorial/index.html,127,149,
/es/3.13/tutorial/datastructures.html,123,126,
/es/3/tutorial/introduction.html,112,121,
/es/3/tutorial/classes.html,111,117,
/es/3/tutorial/interpreter.html,104,106,
/es/3/tutorial/controlflow.html,96,105,
/es/3.15/using/windows.html,92,95,
/es/3.13/tutorial/venv.html,86,88,
/es/3/tutorial/datastructures.html,72,81,
/es/3.13/library/index.html,68,71,
/es/3/,67,68,
/es/3.13/library/functions.html,63,75,
/es/3.13/library/idle.html,63,66,
/es/3/tutorial/appetite.html,63,66,
/3/,60,61,
/es/3.13/installing/index.html,53,53,
/es/3/library/functions.html,51,55,
/es/3/library/stdtypes.html,51,55,
/es/3.13/tutorial/errors.html,48,51,
/es/3.13/library/stdtypes.html,44,45,
/es/dev/tutorial/,44,44,
/es/3.14/,41,41,
/dev/using/windows.html,40,38,
/es/3/library/index.html,40,42,
/es/3.14/tutorial/index.html,38,40,
/es/3.13/tutorial/index.html,37,41,
/es/3/search.html,35,37,
/es/3.13/tutorial/interpreter.html,32,32,
/es/3.14/library/functions.html,31,33,
/es/3/library/string.html,31,32,
/es/3/library/tkinter.html,31,34,
/es/3.13/tutorial/introduction.html,29,33,
/es/3/tutorial/venv.html,28,30,
/es/3.13/library/math.html,27,30,
/es/3.13/library/re.html,25,25,
/es/3.13/howto/logging.html,24,23,
/es/3.13/search.html,24,26,
/es/3.13/tutorial/modules.html,24,25,
/es/3.14/search.html,24,27,
/es/3/library/math.html,24,29,
/es/3.13/library/datetime.html,23,26,
/es/3.13/tutorial/controlflow.html,23,26,
/es/3.14/library/tkinter.html,21,21,
/es/3/installing/index.html,21,22,
/es/3/library/json.html,21,23,
/es/3.13/library/tk.html,20,23,
/es/3.13/library/venv.html,20,20,
/es/3/library/csv.html,20,20,
/3/library/tkinter.html,19,19,
/es/3.13/glossary.html,19,19,
/es/3/library/argparse.html,19,20,
/es/3/tutorial/errors.html,19,20,
/es/3.13/library/array.html,18,18,
/es/3.13/tutorial/inputoutput.html,18,18,
/es/3.14/library/index.html,18,19,
/es/3.12/tutorial/index.html,17,17,
/es/3.14/tutorial/,17,18,
/3/library/functions.html,16,16,
/es/3.13/,16,16,
/es/3.14/tutorial/appetite.html,16,16,
/es/3/library/random.html,16,16,
/3/tutorial/index.html,15,15,
/es/3.13/library/random.html,15,15,
/es/3.14/tutorial/interpreter.html,15,16,
/es/3/tutorial/inputoutput.html,15,16,
/es/3/tutorial/modules.html,15,15,
/es/3.13/contents.html,14,16,
/es/3.13/reference/index.html,14,15,
/es/3.13/using/windows.html,14,14,
/es/3/library/datetime.html,14,15,
/3.14/,13,13,
/es/3.13/howto/sorting.html,13,13,
/es/3.13/library/exceptions.html,13,15,
/es/3/genindex-Símbolos.html,13,13,
/es/3/howto/sorting.html,13,13,
/es/3/library/asyncio.html,13,13,
/3/library/idle.html,12,13,
/es/3.13/library/difflib.html,11,11,
/es/3.13/library/tkinter.ttk.html,11,13,
/es/3.13/tutorial/classes.html,11,11,
/es/3.14/tutorial/datastructures.html,11,11,
/es/3.14/using/windows.html,11,11,
/es/3/using/cmdline.html,11,11,
/es/3/using/windows.html,11,11,
/es/3.14/library/stdtypes.html,10,11,
/es/3.14/tutorial/introduction.html,10,11,
/es/3/howto/regex.html,10,10,
/es/3/library/decimal.html,10,10,
/3.14/using/windows.html,9,9,
/3/tutorial/controlflow.html,9,10,
/es/3.13/library/__main__.html,9,9,
/es/3.13/library/turtle.html,9,9,
/es/3.14/download.html,9,10,
/es/3/faq/general.html,9,10,
/es/3/library/exceptions.html,9,9,
/es/3/library/filesys.html,9,10,
/es/3/library/functools.html,9,10,
/es/3/library/intro.html,9,10,
