name,visitors,pageviews,bounce_rate,time_on_page
/zh-cn/3/,789,1126,51,35.28163265306122
/zh-cn/3/tutorial/index.html,593,971,50,66.94843462246777
/zh-cn/3.13/,227,361,33,41.726190476190474
/zh-cn/3.13/tutorial/index.html,218,313,48,110.16964285714286
/zh-cn/3/tutorial/interpreter.html,195,287,64,106.00641025641026
/zh-cn/3/tutorial/appetite.html,185,206,57,136.01960784313727
/zh-cn/3/tutorial/,154,227,57,107.83333333333333
/zh-cn/3/library/index.html,146,254,51,42.38150289017341
/zh-cn/3/tutorial/introduction.html,114,171,52,289.125
/zh-cn/3.13/library/index.html,106,161,31,78.11570247933884
/zh-cn/3/tutorial/controlflow.html,105,153,54,228.5185185185185
/zh-cn/3.13/tutorial/interpreter.html,96,131,78,146.6081081081081
/zh-cn/3/reference/index.html,85,130,37,40.02272727272727
/zh-cn/3.13/tutorial/introduction.html,72,93,92,238.1818181818182
/zh-cn/3.13/tutorial/appetite.html,69,80,33,127.95161290322581
/zh-cn/3/glossary.html,69,87,29,229.61016949152543
/zh-cn/3/library/functions.html,68,103,57,225.0
/zh-cn/3.13/index.html,62,95,25,23.355263157894736
/zh-cn/3.13/tutorial/controlflow.html,59,79,73,237.35294117647058
/zh-cn/3.13/whatsnew/3.13.html,56,64,77,83.125
/zh-cn/3/using/index.html,56,71,58,32.5625
/zh-cn/3/library/turtle.html,54,70,73,183.07692307692307
/zh-cn/3.13/using/index.html,53,69,44,54.47727272727273
/zh-cn/3/installing/index.html,52,56,71,64.46875
/zh-cn/3/tutorial/datastructures.html,50,67,60,171.25
/zh-cn/3/using/windows.html,50,59,84,266.4166666666667
/zh-cn/3.13/glossary.html,49,64,59,177.84848484848484
/zh-cn/3/library/stdtypes.html,48,72,41,211.57142857142858
/zh-cn/3/whatsnew/3.13.html,48,54,62,112.51428571428572
/zh-cn/3.12/,47,76,40,35.163636363636364
/zh-cn/3.13/download.html,47,57,60,187.9
/zh-cn/3.13/library/functions.html,45,59,100,246.375
/zh-cn/3.13/reference/index.html,45,76,38,37.19047619047619
/zh-cn/3/index.html,45,83,47,71.83050847457628
/zh-cn/3.13/search.html,44,76,33,78.71428571428571
/zh-cn/3.13/installing/index.html,43,50,62,92.96428571428571
/zh-cn/3/download.html,43,49,75,178.85714285714286
/zh-cn/3/search.html,40,62,58,99.27272727272727
/zh-cn/3.13/library/stdtypes.html,39,61,27,341.1
/zh-cn/3/contents.html,39,52,53,101.9375
/zh-cn/3.13/tutorial/datastructures.html,38,53,38,317.96774193548384
/zh-cn/3/tutorial/classes.html,38,48,85,89.73913043478261
/zh-cn/3.13/tutorial/classes.html,35,45,69,222.4090909090909
/zh-cn/3.12/tutorial/index.html,34,47,0,136.97435897435898
/zh-cn/3.13/contents.html,34,51,33,62.0
/zh-cn/3.13/using/windows.html,33,46,33,311.4375
/zh-cn/3.13/tutorial/,30,45,25,50.44117647058823
/zh-cn/3/library/math.html,30,45,79,275.2
/zh-cn/3.12/library/index.html,29,45,33,44.22857142857143
/zh-cn/3/py-modindex.html,29,36,75,67.0
/zh-cn/3.13/using/android.html,28,29,91,67.2
/zh-cn/3.13/library/venv.html,27,28,92,195.5
/zh-cn/3.13/tutorial/modules.html,27,33,75,222.63636363636363
/zh-cn/3/library/,27,39,84,1070.0
/zh-cn/3/using/cmdline.html,25,28,60,156.13333333333333
/zh-cn/3.12/index.html,24,32,33,43.95652173913044
/zh-cn/3.13/tutorial/stdlib.html,24,31,80,181.9
/zh-cn/3.14/,24,28,50,15.571428571428571
/zh-cn/3/howto/index.html,24,28,0,12.92
/zh-cn/3/library/tkinter.html,24,38,44,245.13333333333333
/zh-cn/3/tutorial/modules.html,24,32,75,238.27777777777777
/zh-cn/3.13/tutorial/errors.html,22,29,44,163.45454545454547
/zh-cn/3.13/tutorial/inputoutput.html,22,36,42,132.69230769230768
/zh-cn/3.13/howto/index.html,21,21,0,14.294117647058824
/zh-cn/3.13/library/tkinter.html,19,28,0,211.8181818181818
/zh-cn/3.13/reference/lexical_analysis.html,19,22,50,182.91666666666666
/zh-cn/3/tutorial/appendix.html,19,20,0,164.75
/zh-cn/3.13/using/cmdline.html,18,18,100,81.08333333333333
/zh-cn/3.12/using/index.html,17,18,82,70.5
/zh-cn/3.12/using/mac.html,17,20,85,62.285714285714285
/zh-cn/3.13/reference/compound_stmts.html,17,26,100,243.75
/zh-cn/3/library/venv.html,17,19,93,759.0
/zh-cn/3/reference/introduction.html,17,21,33,119.3
/zh-cn/3/reference/lexical_analysis.html,17,21,100,68.0
/zh-cn/3/tutorial/inputoutput.html,17,19,83,168.57142857142858
/zh-cn/3/tutorial/stdlib.html,17,20,100,304.0
/zh-cn/dev/using/mac.html,17,21,78,663.0
/zh-cn/3.13/genindex.html,16,23,0,19.5
/zh-cn/3.14/whatsnew/3.14.html,16,18,50,14.25
/zh-cn/3/extending/index.html,16,19,100,17.875
/zh-cn/3.13/library/exceptions.html,15,17,67,121.14285714285714
/zh-cn/3.13/py-modindex.html,15,19,0,33.06666666666667
/zh-cn/3/library/re.html,15,21,71,262.25
/zh-cn/3/reference/datamodel.html,15,17,80,240.375
/zh-cn/3.12/library/functions.html,14,19,60,92.7
/zh-cn/3.12/whatsnew/3.12.html,14,14,67,149.125
/zh-cn/3.13/tutorial/venv.html,14,19,0,37.1875
/zh-cn/3.13/using/mac.html,14,19,83,126.0
/zh-cn/3.12/library/stdtypes.html,13,18,67,369.0
/zh-cn/3.12/reference/index.html,13,28,100,31.77777777777778
/zh-cn/3.12/search.html,13,30,0,51.8235294117647
/zh-cn/3.13/tutorial/appendix.html,13,17,100,104.92857142857143
/zh-cn/3.13/tutorial/stdlib2.html,13,19,0,35.8125
/zh-cn/3/library/asyncio-task.html,13,14,100,847.5
/zh-cn/3/library/os.html,13,19,50,90.8
/zh-cn/3/library/string.html,13,20,20,451.57142857142856
/zh-cn/3/library/typing.html,13,14,90,561.0
/zh-cn/3/tutorial/errors.html,13,15,25,97.0
/zh-cn/3.13/library/os.html,12,18,75,872.0
/zh-cn/3.13/tutorial/whatnow.html,12,15,0,40.083333333333336
