name,visitors
Tokyo,873
Kanagawa,262
Osaka,171
Shandong,127
Saitama,116
Chiba,97
Jiangsu,96
Aichi,93
Zhejiang,90
Henan,82
Sichuan,80
Guangdong,74
Shanghai,71
Hyogo,70
Fukuoka,60
Hebei,52
Hubei,51
Hokkaido,47
Kyoto,46
Shaanxi,43
Beijing,36
Fujian,36
Shizuoka,34
Hiroshima,34
Hunan,31
Anhui,30
Guangxi,30
Liaoning,27
Shanxi,24
Ibaraki,23
Nagano,23
Niigata,22
Tianjin,21
Miyagi,21
Chongqing,20
Guizhou,20
Jiangxi,20
Tochigi,20
Okayama,20
Gansu,18
Inner Mongolia,18
Gunma,18
Ishikawa,18
Yunnan,16
Mie,16
Okinawa,16
Yamaguchi,14
Shiga,13
Gifu,12
Nara,12
Jilin,11
Heilongjiang,10
Aomori,10
Ehime,9
Iwate,8
Kagoshima,8
Fukushima,7
Toyama,7
Tottori,7
Kochi,7
Yamagata,6
Yamanashi,6
Oita,6
Ningxia,5
Fukui,5
Wakayama,5
Shimane,5
Tokushima,5
Kumamoto,5
Saga,4
Miyazaki,4
Kagawa,3
Nagasaki,3
Kuala Lumpur,3
British Columbia,2
Hainan,2
England,2
California,2
Dhaka Division,1
Xinjiang,1
Madrid Autonomous Community,1
Kwai Tsing New Territories,1
East Java,1
Tel Aviv,1
Maharashtra,1
Rajasthan,1
Seoul,1
Daegu,1
Gelderland,1
North Holland,1
Waikato,1
Metro Manila,1
Islamabad,1
Krasnodar Krai,1
Moscow,1
Perm Krai,1
Tyumen,1
Taipei,1
Michigan,1
Texas,1
Tashkent,1
