name,visitors
Chrome,233573
Microsoft Edge,109296
Safari,19536
Firefox,15497
Opera,13017
Yandex Browser,7500
Mobile App,3963
Smart Lenovo Browser,2348
Quark,1671
Samsung Browser,1073
QQ Browser,1037
MIUI Browser,518
Sogou Explorer,492
vivo Browser,384
Huawei Browser Mobile,321
Whale Browser,280
Avast Secure Browser,255
Huawei Browser,206
AVG Secure Browser,81
Brave,74
(not set),67
Norton Private Browser,48
UC Browser,45
QtWebEngine,42
Chromium,36
CCleaner,30
Mobile Silk,24
Phoenix Browser,22
Hi Browser,19
Pale Moon,19
JioSphere,15
Sleipnir,15
Iron,13
Opera GX,12
Oculus Browser,11
Opera Touch,11
UBrowser,8
115 Browser,7
NetFront,6
Android Browser,5
Oppo Browser,4
Raspbian Chromium,4
AdBlock Browser,3
Maxthon,3
mailapp,3
Amigo,2
Atom,2
Avira Secure Browser,2
Cheetah Browser,2
Chromium GOST,2
Internet Explorer,2
Kindle Browser,2
Lenovo Browser,2
Opera Devices,2
QQ Browser Lite,2
Steam In-Game Overlay,2
360 Secure Browser,1
Aloha Browser,1
Basilisk,1
Coc Coc,1
CoolBrowser,1
Falkon,1
Odin,1
Openwave Mobile Browser,1
Proxy Browser,1
Qwant Mobile,1
REST Client for Ruby,1
Soul Browser,1
Web Explorer,1
