name,visitors,bounce_rate,visit_duration
sty_search:s_none:cid_118128484:gid_5541029357:kw_---autotargeting:pid_54289097479:aid_16844097883:crid_0:rid_54289097479:p_1:pty_premium:mty_:mkw_:dty_desktop:cgcid_0:rn_Санкт-Петербург:rid_2,3,100,0
data-science,2,0,73
sty_search:s_none:cid_117415262:gid_5532382427:kw_---autotargeting:pid_54116924628:aid_16780971782:crid_0:rid_54116924628:p_1:pty_premium:mty_:mkw_:dty_desktop:cgcid_0:rn_Ростов-на-Дону:rid_39,2,100,0
sty_search:s_none:cid_117714809:gid_5535966308:kw_---autotargeting:pid_54187282208:aid_16807763345:crid_0:rid_54187282208:p_1:pty_premium:mty_:mkw_:dty_desktop:cgcid_0:rn_Ассиновское сельское поселение:rid_179772,2,50,26
sty_search:s_none:cid_117714809:gid_5535966308:kw_---autotargeting:pid_54187282208:aid_16807763345:crid_0:rid_54187282208:p_1:pty_premium:mty_:mkw_:dty_desktop:cgcid_0:rn_Иваново:rid_5,2,0,25
sty_search:s_none:cid_117714809:gid_5535966308:kw_---autotargeting:pid_54187282208:aid_16807763345:crid_0:rid_54187282208:p_1:pty_premium:mty_:mkw_:dty_desktop:cgcid_0:rn_Москва:rid_213,2,0,4
sty_search:s_none:cid_117714809:gid_5535966308:kw_---autotargeting:pid_54187282208:aid_16807763345:crid_0:rid_54187282208:p_1:pty_premium:mty_:mkw_:dty_desktop:cgcid_0:rn_Рыбинск:rid_10839,2,100,0
sty_search:s_none:cid_118128484:gid_5541029357:kw_---autotargeting:pid_54289097479:aid_16844097883:crid_0:rid_54289097479:p_1:pty_premium:mty_:mkw_:dty_desktop:cgcid_0:rn_Мирный:rid_20115,2,50,38
sty_search:s_none:cid_118128484:gid_5541029357:kw_установить Python:pid_54289117297:aid_16844097883:crid_0:rid_54289117297:p_2:pty_premium:mty_syn:mkw_:dty_desktop:cgcid_0:rn_Иваново:rid_5,2,0,24
sty_search:s_yandex.ru:cid_118128484:gid_5541029357:kw_:pid_54289117297:aid_16844097883:crid_0:rid_54289117297:p_1:pty_dynamic_places:mty_syn:mkw_:dty_desktop:cgcid_0:rn_Кандалакша:rid_10895,2,0,22
sty_search:s_yandex.ru:cid_118128484:gid_5541029357:kw_:pid_55128848450:aid_16844097883:crid_0:rid_55128848450:p_1:pty_dynamic_places:mty_syn:mkw_:dty_desktop:cgcid_0:rn_Ставрово:rid_101619,2,67,5
sty_search:s_none:cid_117714809:gid_5535966308:kw_---autotargeting:pid_54187282208:aid_16807763345:crid_0:rid_54187282208:p_1:pty_premium:mty_:mkw_:dty_desktop:cgcid_0:rn_Красненское сельское поселение:rid_177199,1,0,49
sty_search:s_none:cid_117714809:gid_5535966308:kw_---autotargeting:pid_54187282208:aid_16807763345:crid_0:rid_54187282208:p_1:pty_premium:mty_:mkw_:dty_desktop:cgcid_0:rn_Санкт-Петербург:rid_2,1,0,22
sty_search:s_none:cid_117714809:gid_5535966308:kw_Установка интерпретатора Python:pid_54187396405:aid_16807763345:crid_0:rid_54187396405:p_1:pty_premium:mty_syn:mkw_:dty_desktop:cgcid_0:rn_Москва:rid_213,1,0,26
sty_search:s_none:cid_118128484:gid_5541029357:kw_---autotargeting:pid_54289097479:aid_16844097883:crid_0:rid_54289097479:p_1:pty_premium:mty_:mkw_:dty_desktop:cgcid_0:rn_Королёв:rid_20728,1,0,35
sty_search:s_none:cid_118128484:gid_5541029357:kw_---autotargeting:pid_54289097479:aid_16844097883:crid_0:rid_54289097479:p_1:pty_premium:mty_:mkw_:dty_desktop:cgcid_0:rn_Краснодар:rid_35,1,0,20
sty_search:s_none:cid_118128484:gid_5541029357:kw_---autotargeting:pid_54289097479:aid_16844097883:crid_0:rid_54289097479:p_1:pty_premium:mty_:mkw_:dty_desktop:cgcid_0:rn_Тольятти:rid_240,1,100,0
sty_search:s_none:cid_118128484:gid_5541029357:kw_---autotargeting:pid_54289097479:aid_16844097883:crid_0:rid_54289097479:p_1:pty_premium:mty_:mkw_:dty_mobile:cgcid_0:rn_Воронеж:rid_193,1,100,0
sty_search:s_none:cid_118128484:gid_5541029357:kw_---autotargeting:pid_54289097479:aid_16844097883:crid_0:rid_54289097479:p_2:pty_premium:mty_:mkw_:dty_desktop:cgcid_0:rn_Чебоксары:rid_45,1,0,39
sty_search:s_none:cid_118128484:gid_5541029357:kw_Как установить Python:pid_55128848450:aid_16844097883:crid_0:rid_55128848450:p_1:pty_premium:mty_syn:mkw_:dty_desktop:cgcid_0:rn_Волгоград:rid_38,1,0,351
sty_search:s_yandex.ru:cid_117714809:gid_5535966308:kw_---autotargeting:pid_54187282208:aid_16807763345:crid_0:rid_54187282208:p_1:pty_other:mty_:mkw_:dty_desktop:cgcid_0:rn_Ростов-на-Дону:rid_39,1,100,0
sty_search:s_yandex.ru:cid_118128484:gid_5541029357:kw_---autotargeting:pid_54289097479:aid_16844097883:crid_0:rid_54289097479:p_1:pty_other:mty_:mkw_:dty_desktop:cgcid_0:rn_Белово:rid_11277,1,0,51
sty_search:s_yandex.ru:cid_118128484:gid_5541029357:kw_:pid_54289117297:aid_16844097883:crid_0:rid_54289117297:p_1:pty_dynamic_places:mty_syn:mkw_:dty_desktop:cgcid_0:rn_Москва:rid_213,1,100,0
sty_search:s_yandex.ru:cid_118128484:gid_5541029357:kw_скачать python:pid_55129022894:aid_16844097883:crid_0:rid_55129022894:p_1:pty_other:mty_:mkw_:dty_desktop:cgcid_0:rn_Москва:rid_213,1,0,31
