name,visitors,bounce_rate,visit_duration
Google,37530,81,104
Direct / None,31945,69,167
python.org,4656,58,128
Yandex,3427,82,47
Bing,3295,76,96
DuckDuckGo,2196,76,138
chatgpt.com,1176,71,114
Brave,1154,82,74
Baidu,1096,84,58
cs50.harvard.edu,810,70,247
boot.dev,772,75,173
udemy.com,472,89,52
GitHub,404,83,60
Reddit,305,84,60
Yahoo!,288,82,60
Ecosia,191,79,129
netacad.com,155,88,115
roadmap.sh,154,83,116
wiki.python.org,147,58,215
pandas.pydata.org,140,90,46
codecademy.com,134,85,55
realpython.com,126,78,115
matplotlib.org,123,87,31
pip.pypa.io,115,85,27
es.python.org,108,59,164
Youtube,103,84,34
discuss.python.org,97,83,75
qiita.com,91,90,18
savanna.alxafrica.com,87,67,147
code.visualstudio.com,80,81,39
Qwant,65,80,199
note.nkmk.me,64,89,26
pygame.org,63,90,40
numpy.org,62,73,44
doubao.com,59,75,86
docs.pytorch.org,54,87,64
scikit-learn.org,52,73,126
packaging.python.org,51,81,103
docs.pydantic.dev,47,92,37
link.zhihu.com,47,47,80
discordpy.readthedocs.io,42,63,170
Perplexity,40,80,24
infyspringboard.onwingspan.com,40,65,203
pypi.org,40,92,79
python.p2hp.com,38,33,161
openclassrooms.com,34,65,207
hackerrank.com,33,97,1
link.csdn.net,33,82,30
fastapi.tiangolo.com,32,88,111
habr.com,31,80,11
s3.eu-west-1.amazonaws.com,31,74,103
flask.palletsprojects.com,30,73,100
360.cn,29,84,28
copilot.microsoft.com,29,68,83
langchain-ai.github.io,29,91,2
learn.zybooks.com,29,75,63
StackOverflow,28,86,54
kivy.org,28,68,66
peps.python.org,26,69,247
virtuale.unibo.it,26,74,133
codedex.io,25,89,19
home-assistant.io,25,65,149
leetcode.com,25,78,58
sphinx-doc.org,25,73,31
courses.edx.org,24,73,51
edube.org,24,88,12
networkx.org,22,74,12
pytest-mock.readthedocs.io,22,48,461
lms.skillfactory.ru,21,64,158
cursos.alura.com.br,20,85,124
ege-infa.tilda.ws,20,95,1
ru.hexlet.io,20,86,58
docs.pytest.org,19,79,34
docs.python-telegram-bot.org,19,89,10
huggingface.co,19,83,14
medium.com,19,89,167
namu.wiki,19,53,279
psu.instructure.com,19,95,7
Facebook,18,89,4
courses.campus.gov.il,18,68,37
Microsoft Teams,17,88,48
elearn.epam.com,17,79,2
hiladental.co.il,17,66,450
mastergroosha.github.io,17,89,24
wikidocs.net,17,88,157
LinkedIn,16,83,109
Wikipedia,16,75,76
docs.astral.sh,16,100,0
docs.scrapy.org,16,88,67
upgrad.com,16,76,9
Amazon,15,80,56
learn.upgrad.com,15,94,27
utokyo-ipp.github.io,15,63,5
127.0.0.1,14,62,956
amuletmc.com,14,93,58
claude.ai,14,87,10
freecodecamp.org,14,93,0
google.github.io,14,100,0
sky.pro,14,93,2
websockets.readthedocs.io,14,79,188
byhy.net,13,85,203
developer.mozilla.org,13,69,90
paiza.jp,13,92,2
theforage.com,13,62,38
byui-cse.github.io,12,77,23
notebooks.githubusercontent.com,12,83,9
overleaf.com,12,100,0
source.android.com,12,50,48
Hacker News,11,75,81
intranet.hbtn.io,11,58,14
learn.microsoft.com,11,73,85
learning.ccbp.in,11,73,11
python.jp,11,64,117
pythoncheatsheet.org,11,55,83
strftime.org,11,82,144
devguide.python.org,10,50,416
docs.telethon.dev,10,80,75
docs.vllm.ai,10,100,0
learn.nvidia.com,10,80,11
liaoxuefeng.com,10,100,0
python-forum.io,10,90,4
python.it,10,78,38
skillbox.ru,10,78,86
Shenma,9,89,1
docs.aiogram.dev,9,90,2
docs.ansible.com,9,100,0
notion.so,9,78,237
qna.habr.com,9,78,220
superfastpython.com,9,56,196
Vkontakte,8,100,0
airflow.apache.org,8,88,0
docs.sqlalchemy.org,8,75,12
heise.de,8,88,0
learnpython.org,8,88,0
open.uom.lk,8,88,218
pillow.readthedocs.io,8,88,85
pymupdf.readthedocs.io,8,88,27
robotframework.org,8,62,304
scikit-image.org,8,88,2
Gmail,7,71,25
Telegram,7,71,5
ai.pydantic.dev,7,100,0
app.aluracursos.com,7,86,4
cdn.evg.gov.br,7,57,59
chokkan.github.io,7,86,662
dlunizg.github.io,7,100,0
doc.qt.io,7,71,147
docs.litestar.dev,7,86,64
docs.pola.rs,7,100,0
enki,7,86,6
jupyterlabnext-3-labs-prod-jupyterlab-us-east-0.labs.cognitiveclass.ai,7,100,0
learn.umgc.edu,7,71,202
odoo.com,7,100,0
pyformat.info,7,86,7
sritw.codetantra.com,7,86,0
virtualenv.pypa.io,7,50,118
w3schools.com,7,100,0
Lilo,6,88,105
app.dataquest.io,6,67,59
cantera.org,6,83,1
cdn.cs50.net,6,83,175
chat.baidu.com,6,67,6
cnblogs.com,6,83,142
ecollege.etbonline.ie,6,33,560
edu.hse.ru,6,83,2
jcristharif.com,6,83,53
kma.goorm.io,6,86,8
microsoft.github.io,6,100,0
mypy.readthedocs.io,6,83,1
notaspedrok.com.br,6,43,418
olympus.mygreatlearning.com,6,83,9
pytorch-geometric.readthedocs.io,6,83,4
tau-cs1001-py.wdfiles.com,6,100,0
uisacad5.uis.edu,6,73,616
web.dio.me,6,100,0
Exinfluencer,5,100,0
academy.hackthebox.com,5,100,0
academy.zerotomastery.io,5,100,0
betterstack.com,5,100,0
bitcamp.ge,5,100,0
blog.csdn.net,5,80,16
elearn.unigis.at,5,25,878
exercism.org,5,80,1
gale.udemy.com,5,80,12
hablemospython.dev,5,20,65
kkb-production.jupyter-proxy.kaggle.net,5,100,0
learnpytorch.io,5,100,0
loguru.readthedocs.io,5,80,223
moodle-campusonline.s3.amazonaws.com,5,20,848
nyplms.polite.edu.sg,5,100,0
oi-wiki.org,5,80,9
openseespydoc.readthedocs.io,5,100,0
openstax.org,5,40,4
programiz.com,5,100,0
python-patterns.guide,5,100,0
runestone.academy,5,100,0
runoob.com,5,60,15
sejuku.net,5,40,68
tcsglobal.udemy.com,5,100,0
tongyi.com,5,60,541
yuanbao.tencent.com,5,80,13
Coccoc,4,50,184
app.kira-learning.com,4,80,163
biopython.org,4,25,188
blog.christoolivier.com,4,75,79
bsc-iitm.github.io,4,50,26
chat.qwen.ai,4,100,0
code.s3.yandex.net,4,100,0
codeur-com-blog,4,83,7
codewars.com,4,100,0
confluence.ecmwf.int,4,100,0
datacamp.com,4,75,29
digitalocean.com,4,100,0
discuss.streamlit.io,4,100,0
dnmtechs.com,4,50,1590
docs.ray.io,4,100,0
educapermanente.itla.edu.do,4,60,33
ellibrodepython.com,4,75,46
gerrit.googlesource.com,4,50,490
go.skillbox.ru,4,62,482
gstatic.com,4,75,124
kongu.codetantra.com,4,100,0
l.meta.ai,4,25,98
lanqiao.cn,4,75,10
learn.rrc.ca,4,100,0
lms-kpitacademy.kpit.com,4,60,4
lms.beetroot.academy,4,100,0
lms.ithillel.ua,4,100,0
macti-meia.unam.mx,4,100,0
manaba.lms.tokushima-u.ac.jp,4,75,64
mcs.utm.utoronto.ca,4,60,194
metanit.com,4,67,52
miraiserver.ne.jp,4,25,1924
practicum.yandex.kz,4,75,106
pre-commit.com,4,50,12
pwn.college,4,50,268
py4e.com,4,50,16
pyserial.readthedocs.io,4,75,757
pythonguis.com,4,83,3
pythonlikeyoumeanit.com,4,75,521
quark.cn,4,75,14
rogueliketutorials.com,4,100,0
statsmodels.org,4,100,0
structlog.org,4,100,0
studentportal.nackademin.se,4,75,2
teratail.com,4,100,0
ttkbootstrap.readthedocs.io,4,75,391
uneex.org,4,50,172
vmtw.codetantra.com,4,100,0
Daum,3,100,0
Sogou,3,67,35
academy.masterschool.com,3,100,0
algo-method.com,3,67,2
anndata.readthedocs.io,3,100,0
anyio.readthedocs.io,3,33,244
app.jedha.co,3,67,18
app.sophia.org,3,100,0
ask.csdn.net,3,100,0
askpython.com,3,100,0
atmarkit.itmedia.co.jp,3,67,59
automatetheboringstuff.com,3,33,30
avrae.readthedocs.io,3,67,270
beancount.github.io,3,100,0
blog.rickp.dev,3,67,9
bristol-training.github.io,3,0,4
c.biancheng.net,3,100,0
canvas.kth.se,3,100,0
capytale2.ac-paris.fr,3,100,0
catb.org,3,100,0
cheatsheetseries.owasp.org,3,33,138
codaqui.dev,3,67,562
code-basics.com,3,100,0
cognizant.udemy.com,3,100,0
community.home-assistant.io,3,67,44
csiportal.celebaltech.com,3,100,0
dagster-university.vercel.app,3,67,364
daleseo.com,3,67,40
developers.cloudflare.com,3,100,0
django-rest-framework.org,3,100,0
docs.blender.org,3,100,0
docs.cems.umn.edu,3,100,0
docs.frappe.io,3,100,0
docs.jax.dev,3,100,0
docs.micropython.org,3,67,198
docs.robotsfan.com,3,100,0
docstring.fr,3,33,197
dsw-gateway-cn-hangzhou.data.aliyun.com,3,100,0
editorconfig.org,3,67,2
edu.mipt.ru,3,100,0
efroemling.github.io,3,67,27
endler.dev,3,100,0
faker.readthedocs.io,3,100,0
fishc.com.cn,3,100,0
flask-security-too.readthedocs.io,3,100,0
fluentpython.com,3,100,0
hacker101.com,3,67,3
hyperskill.org,3,100,0
ianfinlayson.net,3,0,275
inf.fu-berlin.de,3,67,2
juniora.org,3,100,0
