name,visitors
Chrome,13505
Microsoft Edge,9549
Firefox,1608
Opera,868
Safari,787
Mobile App,367
Yandex Browser,337
Smart Lenovo Browser,262
Quark,110
QQ Browser,82
Avast Secure Browser,64
vivo Browser,54
Huawei Browser Mobile,39
Samsung Browser,34
MIUI Browser,31
Sogou Explorer,16
Whale Browser,11
CCleaner,10
AVG Secure Browser,9
(not set),7
UC Browser,7
Huawei Browser,6
Norton Private Browser,6
360 Secure Browser,5
Android Browser,5
QtWebEngine,5
SberBrowser,4
Falkon,2
Oppo Browser,2
Pale Moon,2
115 Browser,1
Ecosia,1
Iron,1
Lenovo Browser,1
Sleipnir,1
UC Browser Turbo,1
