name,visitors,bounce_rate,visit_duration
Direct / None,993,58,409
Google,497,71,229
python.org,124,76,258
Bing,40,57,308
pythoninsider.blogspot.com,34,56,222
DuckDuckGo,25,73,199
Baidu,17,75,136
GitHub,14,73,174
Brave,12,60,8
Twitter,12,92,85
Yandex,11,57,71
Reddit,9,86,498
chatgpt.com,7,100,40
Qwant,4,0,1260
codecademy.cn,4,0,628
link.csdn.net,4,0,368
Microsoft Teams,3,100,0
yuanbao.tencent.com,3,100,0
LinkedIn,2,100,0
Slack,2,100,0
claude.ai,2,0,768
infoworld.com,2,100,0
mclibre.org,2,0,550
peps.python.org,2,100,8
typing-extensions.readthedocs.io,2,100,0
wiki.python.org,2,0,196
360.cn,1,0,1115
Coccoc,1,0,15
Ecosia,1,100,0
Yahoo!,1,100,0
Youtube,1,100,0
blog.python.org,1,100,0
codernav.com,1,0,492
cs50.harvard.edu,1,0,286
devv.ai,1,100,0
discordpy.readthedocs.io,1,0,1593
docs.pytest.org,1,0,187
doubao.com,1,0,16
ghe.matterport.com,1,100,0
habr.com,1,100,0
hackernoon.com,1,0,308
link.zhihu.com,1,0,204
nedbatchelder.com,1,0,36
notebooks.githubusercontent.com,1,100,0
orgpad.info,1,0,22
prezi.com,1,0,56
typing.python.org,1,0,1362
