name,visitors,pageviews,bounce_rate,time_on_page,scroll_depth
/pl/3/tutorial/datastructures.html,72,87,87,90,33
/pl/3/tutorial/index.html,48,80,64,24,60
/pl/3/tutorial/introduction.html,29,41,50,130,69
/pl/dev/library/turtle.html,29,34,86,43,23
/pl/3/search.html,28,75,14,15,62
/pl/3/tutorial/controlflow.html,28,38,86,296,43
/pl/3/library/functions.html,22,23,73,32,54
/pl/3.14/,21,29,29,25,73
/pl/3/,20,23,21,8,76
/pl/3/tutorial/appetite.html,19,18,67,129,88
/pl/3/tutorial/interpreter.html,17,20,56,104,76
/pl/dev/tutorial/classes.html,15,16,100,108,51
/pl/3.14/tutorial/index.html,14,14,50,27,50
/pl/3/library/index.html,12,16,55,14,22
/pl/3/tutorial/,12,17,70,26,54
/pl/3/tutorial/inputoutput.html,12,16,75,96,71
/pl/3/tutorial/modules.html,11,19,50,101,53
/pl/3/tutorial/venv.html,11,13,90,23,55
/pl/3.14/search.html,10,21,50,60,58
/pl/3/library/random.html,10,7,100,72,48
/pl/3/library/stdtypes.html,10,7,0,101,37
/pl/3/tutorial/classes.html,10,10,100,128,36
/pl/dev/tutorial/datastructures.html,10,11,88,79,25
/pl/3.14/tutorial/controlflow.html,9,7,0,182,42
/pl/3.15/using/windows.html,9,8,100,8,13
/pl/3.14/tutorial/introduction.html,8,10,100,201,75
/pl/3/library/logging.html,8,6,0,57,35
/pl/3.14/library/functions.html,7,5,67,28,18
/pl/3.14/reference/index.html,7,6,0,11,37
/pl/3.14/tutorial/errors.html,7,9,50,20,15
/pl/3.14/tutorial/interpreter.html,7,7,0,40,69
/pl/3/contents.html,7,7,67,32,6
/pl/3/installing/index.html,7,9,83,8,29
/pl/3/library/math.html,7,8,0,47,87
/pl/3/library/unittest.html,7,6,0,65,7
/pl/3/tutorial/errors.html,7,8,100,21,27
/pl/3.14/library/math.html,6,4,100,45,24
/pl/3.14/tutorial/inputoutput.html,6,5,50,30,54
/pl/dev/library/functions.html,6,5,75,64,97
/pl/3.13/tutorial/datastructures.html,5,5,100,16,49
/pl/3.13/tutorial/introduction.html,5,6,100,329,69
/pl/3.14/reference/expressions.html,5,5,100,27,7
/pl/3/library/array.html,5,5,50,6,38
/pl/3/tutorial/stdlib.html,5,4,0,44,49
/pl/3/using/cmdline.html,5,4,100,32,33
/pl/3.13/tutorial/appetite.html,4,5,50,237,70
/pl/3.13/tutorial/index.html,4,4,100,21,52
/pl/3.14/py-modindex.html,4,5,100,114,48
/pl/3.14/tutorial/modules.html,4,4,100,22,55
/pl/3/library/constants.html,4,3,33,13,100
/pl/3/reference/simple_stmts.html,4,2,0,31,84
/pl/3/tutorial/stdlib2.html,4,4,0,49,78
/pl/3/using/index.html,4,3,100,23,93
/pl/dev/tutorial/inputoutput.html,4,5,75,5,10
/pl/dev/tutorial/introduction.html,4,4,100,7,40
/pl/3.13/tutorial/controlflow.html,3,8,100,458,57
/pl/3.13/tutorial/errors.html,3,3,100,2,6
/pl/3.14/library/idle.html,3,2,0,6,4
/pl/3.14/library/index.html,3,4,0,18,23
/pl/3.14/tutorial/classes.html,3,3,0,13,10
/pl/3.14/tutorial/datastructures.html,3,3,0,21,30
/pl/3.14/using/cmdline.html,3,3,0,23,34
/pl/3/library/turtle.html,3,2,100,11,61
/pl/3/reference/index.html,3,4,100,25,87
/pl/3/reference/introduction.html,3,2,100,18,100
/pl/3/tutorial/appendix.html,3,3,0,2,61
/pl/3/tutorial/interactive.html,3,2,0,5,90
/pl/3/tutorial/whatnow.html,3,2,0,9,86
/pl/dev/library/abc.html,3,3,67,29,38
/pl/dev/search.html,3,8,0,10,42
/pl/3.13/installing/index.html,2,2,100,16,44
/pl/3.13/library/turtle.html,2,1,0,25,44
/pl/3.13/tutorial/classes.html,2,2,0,7,29
/pl/3.13/tutorial/inputoutput.html,2,2,0,17,55
/pl/3.13/tutorial/interpreter.html,2,2,0,37,98
/pl/3.13/tutorial/modules.html,2,2,0,66,57
/pl/3.13/tutorial/stdlib.html,2,2,0,6,70
/pl/3.14/c-api/structures.html,2,2,100,4,4
/pl/3.14/installing/index.html,2,2,100,33,44
/pl/3.14/library/exceptions.html,2,2,0,59,12
/pl/3.14/library/pdb.html,2,1,0,46,74
/pl/3.14/library/pprint.html,2,1,0,374,22
/pl/3.14/library/random.html,2,2,0,79,66
/pl/3.14/library/secrets.html,2,1,0,435,95
/pl/3.14/library/time.html,2,2,0,18,56
/pl/3.14/library/tkinter.html,2,2,0,39,28
/pl/3.14/library/turtle.html,2,1,0,42,52
/pl/3.14/reference/,2,2,0,22,92
/pl/3.14/reference/grammar.html,2,7,0,6,5
/pl/3.14/reference/lexical_analysis.html,2,1,0,34,99
/pl/3.14/tutorial/,2,5,100,41,57
/pl/3.14/tutorial/appetite.html,2,2,0,21,100
/pl/3.14/using/editors.html,2,1,0,13,100
/pl/3.15/reference/grammar.html,2,2,0,42,100
/pl/3.15/search.html,2,3,100,9,100
/pl/3/c-api/init.html,2,2,50,,
/pl/3/c-api/tuple.html,2,2,100,1,100
/pl/3/glossary.html,2,2,100,9,11
/pl/3/howto/sorting.html,2,2,0,19,60
/pl/3/library/bdb.html,2,2,0,25,34
