name,visitors
United States,3621
India,1639
Germany,952
China,867
United Kingdom,860
France,544
Brazil,467
Canada,460
Japan,373
Netherlands,306
Hong Kong,296
Australia,270
Poland,266
Italy,256
Russian Federation,245
Singapore,238
Spain,233
Indonesia,192
South Korea,190
Mexico,179
Taiwan,172
Switzerland,168
Turkey,152
Vietnam,137
Sweden,135
Thailand,113
Argentina,105
Finland,99
Denmark,95
Ukraine,92
Malaysia,86
Philippines,83
South Africa,83
Austria,81
Colombia,80
Norway,80
Pakistan,77
Belgium,75
Egypt,68
Czechia,64
Chile,63
Nigeria,52
Portugal,51
Ireland,50
Romania,50
New Zealand,49
Bangladesh,48
Hungary,47
United Arab Emirates,44
Morocco,41
Peru,41
Iran,38
Israel,34
Greece,30
Kenya,30
Saudi Arabia,30
Uzbekistan,27
Kazakhstan,25
Slovakia,24
Ecuador,23
Bulgaria,22
Belarus,21
Sri Lanka,21
Algeria,20
Ghana,20
Nepal,20
Serbia,20
Ethiopia,19
Lithuania,16
Slovenia,16
Togo,16
Venezuela,16
Latvia,15
Costa Rica,14
Bolivia,13
Paraguay,13
Senegal,13
Cambodia,12
Tunisia,12
Yemen,12
Georgia,11
Tanzania,11
Côte d'Ivoire,10
Iraq,10
Luxembourg,9
Cameroon,8
Madagascar,8
Uganda,8
Armenia,7
Burkina Faso,7
"Congo, The Democratic Republic of the",7
Dominican Republic,7
Guatemala,7
Honduras,7
Croatia,7
Jordan,7
Cyprus,6
Moldova,6
Trinidad and Tobago,6
Bosnia and Herzegovina,5
Botswana,5
French Guiana,5
Oman,5
Puerto Rico,5
Qatar,5
Uruguay,5
Afghanistan,4
Angola,4
Benin,4
Cuba,4
Estonia,4
Kyrgyzstan,4
Kuwait,4
Lebanon,4
Myanmar,4
Mongolia,4
Panama,4
Rwanda,4
Syria,4
Azerbaijan,3
Gabon,3
Jamaica,3
Laos,3
Mauritius,3
Suriname,3
El Salvador,3
Zimbabwe,3
Andorra,2
Albania,2
Central African Republic,2
Congo,2
Guernsey,2
Guinea,2
Haiti,2
Martinique,2
Malawi,2
Mozambique,2
New Caledonia,2
"Palestine, State of",2
Sudan,2
Somalia,2
Kosovo,2
Åland Islands,1
Bahrain,1
Burundi,1
Bermuda,1
Bhutan,1
Belize,1
Curaçao,1
North Macedonia,1
Mali,1
Macao,1
Malta,1
Niger,1
Nicaragua,1
Réunion,1
Sierra Leone,1
San Marino,1
Turks and Caicos Islands,1
Tajikistan,1
Saint Vincent and the Grenadines,1
"Virgin Islands, U.S.",1
Zambia,1
