name,visitors,pageviews,bounce_rate,time_on_page,scroll_depth
/en/latest/tutorials/installing-packages/,7803,8549,82,44,42
/en/latest/guides/writing-pyproject-toml/,1788,3067,70,72,53
/en/latest/guides/installing-using-pip-and-virtual-environments/,1746,1858,91,47,50
/en/latest/tutorials/packaging-projects/,1733,1772,81,69,56
/en/latest/guides/tool-recommendations/,987,1055,75,24,62
/en/latest/glossary/,625,616,53,27,57
/en/latest/,608,638,66,23,81
/en/latest/key_projects/,590,536,57,30,43
/en/latest/guides/distributing-packages-using-setuptools/,352,358,70,40,57
/en/latest/overview/,316,312,64,74,53
/en/latest/guides/installing-using-linux-tools/,237,226,72,34,75
/en/latest/guides/section-install/,217,200,62,8,100
/en/latest/tutorials/,208,216,24,6,100
/en/latest/tutorials/managing-dependencies/,204,196,71,25,73
/en/latest/specifications/pyproject-toml/,203,206,63,41,53
/en/latest/flow/,190,179,57,43,68
/en/latest/specifications/version-specifiers/,186,186,80,56,46
/en/latest/discussions/src-layout-vs-flat-layout/,183,189,82,64,80
/en/latest/guides/,179,185,38,10,89
/en/latest/specifications/dependency-specifiers/,178,174,78,46,50
/en/latest/guides/section-build-and-publish/,126,131,29,9,100
/en/latest/search/,125,133,42,27,78
/en/latest/guides/packaging-namespace-packages/,120,113,83,75,59
/en/latest/guides/installing-stand-alone-command-line-tools/,117,98,73,34,76
/en/latest/specifications/,115,119,43,9,87
/en/latest/specifications/entry-points/,104,103,92,44,76
/en/latest/guides/hosting-your-own-index/,101,100,77,51,84
/en/latest/discussions/versioning/,98,97,85,50,59
/en/latest/specifications/core-metadata/,96,102,65,97,41
/en/latest/guides/creating-command-line-tools/,87,80,82,460,72
/en/latest/guides/installing-using-virtualenv/,80,77,54,19,100
/en/latest/specifications/pypirc/,75,81,82,223,75
/en/latest/guides/modernize-setup-py-project/,72,72,61,59,67
/en/latest/guides/using-testpypi/,71,70,70,24,86
/en/latest/guides/publishing-package-distribution-releases-using-github-actions-ci-cd-workflows/,70,67,85,66,77
/en/latest/guides/creating-and-discovering-plugins/,67,63,67,40,83
/en/latest/discussions/setup-py-deprecated/,66,60,81,67,75
/en/latest/discussions/single-source-version/,62,54,74,74,91
/en/latest/specifications/inline-script-metadata/,62,62,86,25,59
/en/latest/guides/packaging-binary-extensions/,61,51,70,45,56
/en/latest/discussions/distribution-package-vs-import-package/,58,49,67,72,73
/en/latest/discussions/package-formats/,53,48,69,84,73
/en/latest/guides/making-a-pypi-friendly-readme/,53,49,86,35,81
/en/latest/specifications/platform-compatibility-tags/,53,53,80,61,49
/en/latest/guides/installing-scientific-packages/,49,48,38,42,82
/en/latest/specifications/dependency-groups/,49,50,73,39,62
/en/latest/guides/analyzing-pypi-package-downloads/,48,54,74,58,67
/en/latest/discussions/install-requires-vs-requirements/,45,45,87,85,86
/en/latest/discussions/pip-vs-easy-install/,45,39,71,22,93
/en/latest/discussions/deploying-python-applications/,41,35,57,35,82
/en/latest/guides/using-manifest-in/,39,35,66,4,100
/en/latest/guides/licensing-examples-and-user-scenarios/,38,36,78,45,51
/en/latest/specifications/name-normalization/,37,36,90,11,88
/en/latest/specifications/pylock-toml/,37,34,85,70,34
/en/latest/specifications/binary-distribution-format/,36,37,79,90,60
/en/latest/discussions/,34,31,0,5,100
/en/latest/guides/index-mirrors-and-caches/,33,34,68,25,94
/en/latest/specifications/section-distribution-metadata/,32,30,0,6,99
/en/latest/guides/dropping-older-python-versions/,30,21,50,18,76
/en/latest/specifications/glob-patterns/,26,36,60,30,86
/en/latest/specifications/recording-installed-packages/,25,21,85,98,55
/en/latest/specifications/externally-managed-environments/,22,22,83,26,54
/en/latest/specifications/source-distribution-format/,21,15,50,83,70
/en/latest/specifications/simple-repository-api/,20,16,89,92,33
/en/latest/specifications/well-known-project-urls/,19,16,50,13,68
/en/latest/support/,19,17,50,12,97
/en/latest/guides/section-hosting/,18,17,0,5,100
/en/latest/specifications/section-installation-metadata/,18,16,0,8,100
/en/latest/contribute/,15,9,100,28,48
/en/latest/specifications/section-python-description-formats/,13,10,0,8,100
/en/latest/specifications/license-expression/,12,9,83,70,92
/en/latest/specifications/virtual-environments/,11,10,100,20,96
/en/latest/news/,10,9,67,22,30
/en/latest/specifications/section-package-indices/,10,9,100,3,100
/en/latest/discussions/downstream-packaging/,9,9,100,13,60
/en/latest/guides/single-sourcing-package-version/,9,9,57,0,100
/en/latest/specifications/section-distribution-formats/,8,7,0,5,100
/en/latest/specifications/build-details/,6,4,100,12,85
/en/latest/specifications/direct-url/,5,4,100,25,100
/en/latest/specifications/section-reproducible-environments/,5,4,0,5,100
/en/latest/guides/migrating-to-pypi-org/,4,4,50,22,75
/en/latest/specifications/direct-url-data-structure/,3,3,0,37,61
/en/latest/guides/multi-version-installs/,2,2,100,,
/en/latest/specifications/index-hosted-attestations/,2,2,0,33,68
/en/latest/guides/supporting-multiple-python-versions/,1,1,100,,
/en/latest/index.html,1,1,100,,
/en/latest/specifications/build-details/v1.0/,1,1,0,22,100
/en/latest/tutorials/creating-documentation/,1,1,100,10,100
