name,visitors,pageviews,bounce_rate,time_on_page,scroll_depth
/zh-cn/3/tutorial/index.html,736,927,55,32,57
/zh-cn/3/,723,870,56,19,79
/zh-cn/3.14/,525,653,35,18,82
/zh-cn/3.14/tutorial/index.html,413,500,48,46,66
/zh-cn/3.15/using/windows.html,399,374,72,45,23
/zh-cn/3/library/index.html,382,466,57,32,49
/zh-cn/3/tutorial/interpreter.html,294,285,65,79,78
/zh-cn/3/tutorial/introduction.html,292,283,73,399,62
/zh-cn/3/tutorial/controlflow.html,279,291,72,241,49
/zh-cn/3.14/library/index.html,269,370,31,30,48
/zh-cn/3/library/functions.html,226,227,74,86,36
/zh-cn/3/tutorial/appetite.html,208,183,45,115,86
/zh-cn/3/using/index.html,191,195,60,10,77
/zh-cn/3.14/index.html,178,266,24,14,81
/zh-cn/3/reference/index.html,177,193,56,288,74
/zh-cn/3/using/,172,181,53,28,76
/zh-cn/3.14/tutorial/interpreter.html,171,193,68,114,81
/zh-cn/3.14/tutorial/controlflow.html,168,160,73,242,52
/zh-cn/3.14/search.html,161,239,34,25,59
/zh-cn/3.14/tutorial/introduction.html,156,169,71,214,69
/zh-cn/3/using/mac.html,156,150,77,42,56
/zh-cn/3/search.html,154,232,40,18,49
/zh-cn/3/tutorial/,148,173,58,29,56
/zh-cn/3.14/tutorial/appetite.html,144,129,38,77,88
/zh-cn/3/index.html,144,184,41,13,83
/zh-cn/3/library/stdtypes.html,143,155,70,110,44
/zh-cn/3/tutorial/datastructures.html,143,151,72,264,61
/zh-cn/3.14/library/functions.html,137,131,57,224,47
/zh-cn/3.13/tutorial/index.html,136,176,60,39,57
/zh-cn/3.14/using/index.html,129,142,55,44,80
/zh-cn/3/using/windows.html,129,108,72,48,17
/zh-cn/3.14/library/stdtypes.html,128,130,69,268,39
/zh-cn/3.14/using/windows.html,127,120,67,65,27
/zh-cn/3/contents.html,120,110,53,21,16
/zh-cn/3.14/reference/index.html,117,150,47,177,70
/zh-cn/3/glossary.html,113,107,50,80,38
/zh-cn/3/using/cmdline.html,110,101,71,27,28
/zh-cn/3.14/whatsnew/3.14.html,106,91,61,97,26
/zh-cn/3.14/installing/index.html,99,86,48,78,69
/zh-cn/3/library/venv.html,98,97,97,29,42
/zh-cn/3/tutorial/inputoutput.html,96,97,69,172,55
/zh-cn/3/tutorial/modules.html,90,95,50,286,49
/zh-cn/3/tutorial/classes.html,89,84,83,156,61
/zh-cn/3.14/contents.html,88,88,36,23,26
/zh-cn/3/library/re.html,88,88,91,60,30
/zh-cn/3/installing/index.html,85,75,67,37,70
/zh-cn/3/library/,84,116,61,36,34
/zh-cn/3.14/glossary.html,81,80,32,43,46
/zh-cn/3.13/,77,85,54,26,81
/zh-cn/3/library/tkinter.html,77,80,83,55,44
/zh-cn/3/library/turtle.html,77,84,81,86,32
/zh-cn/3.15/,76,80,56,9,82
/zh-cn/3.14/tutorial/datastructures.html,75,67,65,450,56
/zh-cn/3.14/download.html,74,58,57,32,98
/zh-cn/3/tutorial/errors.html,74,71,82,147,47
/zh-cn/3.14/howto/index.html,71,82,23,22,92
/zh-cn/3.12/,68,75,35,11,79
/zh-cn/3.14/tutorial/,66,61,45,33,49
/zh-cn/3/library/math.html,65,73,74,53,43
/zh-cn/3/library/os.html,63,63,57,86,29
/zh-cn/3/reference/datamodel.html,63,63,65,38,41
/zh-cn/3/library/random.html,62,65,93,36,32
/zh-cn/3/download.html,61,60,69,29,98
/zh-cn/3.14/py-modindex.html,60,56,42,36,49
/zh-cn/3.14/tutorial/classes.html,60,57,84,109,58
/zh-cn/3.14/using/cmdline.html,60,50,57,22,43
/zh-cn/3/howto/index.html,60,57,79,36,89
/zh-cn/3.12/library/index.html,57,104,48,24,37
/zh-cn/3.14/reference/lexical_analysis.html,57,47,50,122,59
/zh-cn/3.14/reference/datamodel.html,56,48,36,99,45
/zh-cn/3.14/library/idle.html,55,52,81,39,44
/zh-cn/3.13/library/index.html,54,88,52,69,59
/zh-cn/3/library/collections.html,53,49,83,48,37
/zh-cn/3/library/pathlib.html,53,53,90,98,34
/zh-cn/3/py-modindex.html,53,49,43,11,51
/zh-cn/3.14/tutorial/modules.html,52,40,56,299,63
/zh-cn/3/library/asyncio.html,52,55,61,87,70
/zh-cn/3/library/idle.html,52,52,86,38,41
/zh-cn/dev/using/,52,55,82,7,67
/zh-cn/3/library/tk.html,51,61,54,35,68
/zh-cn/3/tutorial/stdlib.html,50,45,57,122,58
/zh-cn/3/library/typing.html,48,53,84,76,21
/zh-cn/3/library/argparse.html,47,59,92,145,47
/zh-cn/3.14/library/tkinter.html,46,44,78,153,56
/zh-cn/3/reference/lexical_analysis.html,46,38,88,117,47
/zh-cn/3.14/tutorial/inputoutput.html,45,43,73,137,68
/zh-cn/3/library/multiprocessing.html,45,43,83,145,35
/zh-cn/3.15/tutorial/index.html,44,58,22,12,56
/zh-cn/3/howto/argparse.html,43,52,90,66,40
/zh-cn/3/library/threading.html,43,42,85,167,50
/zh-cn/3/whatsnew/3.14.html,43,43,83,89,25
/zh-cn/3.12/tutorial/index.html,42,48,57,61,55
/zh-cn/3.14/genindex.html,42,39,0,6,96
/zh-cn/3/howto/regex.html,42,41,85,79,43
/zh-cn/3/tutorial/venv.html,42,36,75,60,76
/zh-cn/3.13/index.html,41,57,50,11,85
/zh-cn/3/tutorial/appendix.html,41,35,100,53,79
/zh-cn/3.15/whatsnew/3.15.html,40,52,70,44,36
/zh-cn/3.13/library/functions.html,39,39,63,40,41
/zh-cn/3.13/tutorial/interpreter.html,39,40,83,93,83
