name,unique_entrances,total_entrances,visit_duration
/pl/3/tutorial/index.html,23,23,119
/3/,13,13,357
/pl/3/tutorial/datastructures.html,13,13,13
/pl/3/,8,9,693
/pl/3/tutorial/introduction.html,4,4,0
/3.13/using/windows.html,3,3,386
/pl/3/extending/extending.html,3,3,2
/pl/3/tutorial/interpreter.html,3,3,129
/3/library/functions.html,2,2,1264
/3/using/cmdline.html,2,2,44
/pl/3.12/installing/index.html,2,2,0
/pl/3.13/library/functions.html,2,2,0
/pl/3.13/tutorial/index.html,2,2,0
/pl/3.14/c-api/cell.html,2,2,0
/pl/3.15/index.html,2,2,160
/pl/3/howto/index.html,2,2,2184
/pl/3/installing/index.html,2,2,38
/pl/3/library/functions.html,2,2,0
/pl/3/reference/index.html,2,2,0
/pl/3/search.html,2,2,2
/pl/3/tutorial/appendix.html,2,2,0
/pl/3/tutorial/classes.html,2,2,0
/pl/3/tutorial/controlflow.html,2,2,52
/pl/3/tutorial/errors.html,2,2,0
/pl/3/tutorial/venv.html,2,3,0
/3.12/using/windows.html,1,1,102
/3.13/tutorial/,1,1,587
/3.13/tutorial/index.html,1,1,1085
/3/howto/sockets.html,1,1,0
/3/library/idle.html,1,1,350
/3/library/re.html,1,1,436
/3/library/stdtypes.html,1,1,37
/3/library/winreg.html,1,1,511
/3/reference/datamodel.html,1,1,318
/3/reference/index.html,1,1,60
/3/search.html,1,1,0
/3/tutorial/appendix.html,1,1,1261
/3/tutorial/floatingpoint.html,1,1,1304
/3/tutorial/index.html,1,1,30
/3/tutorial/inputoutput.html,1,1,50
/3/tutorial/venv.html,1,1,25
/es/3/genindex.html,1,1,1
/ja/3.13/tutorial/appetite.html,1,1,65
/ja/3/installing/,1,1,253
/ja/3/installing/index.html,1,1,138
/ko/3/c-api/index.html,1,1,1
/pl/3.12/tutorial/index.html,1,1,0
/pl/3.13/,1,1,16
/pl/3.13/copyright.html,1,1,0
/pl/3.13/library/asyncio-stream.html,1,1,0
/pl/3.13/library/asyncio-task.html,1,1,42
/pl/3.13/library/cmdline.html,1,1,0
/pl/3.13/library/math.html,1,1,79
/pl/3.13/library/random.html,1,1,18
/pl/3.13/library/string.html,1,1,0
/pl/3.13/library/tkinter.html,1,1,0
/pl/3.13/library/venv.html,1,1,0
/pl/3.13/reference/index.html,1,1,0
/pl/3.13/tutorial/,1,1,272
/pl/3.13/tutorial/datastructures.html,1,1,0
/pl/3.13/using/configure.html,1,1,15
/pl/3.13/whatsnew/3.8.html,1,1,0
/pl/3.14/library/turtle.html,1,1,0
/pl/3.15/c-api/extension-modules.html,1,1,61
/pl/3.15/library/datatypes.html,1,1,0
/pl/3.15/library/hmac.html,1,1,201
/pl/3.15/library/warnings.html,1,1,78
/pl/3.15/library/winreg.html,1,1,227
/pl/3.15/using/windows.html,1,1,0
/pl/3.15/whatsnew/3.5.html,1,1,20
/pl/3/c-api/index.html,1,1,0
/pl/3/c-api/intro.html,1,1,3
/pl/3/download.html,1,1,0
/pl/3/extending/newtypes_tutorial.html,1,1,0
/pl/3/faq/library.html,1,1,2
/pl/3/glossary.html,1,1,18
/pl/3/howto/gdb_helpers.html,1,1,0
/pl/3/library/abc.html,1,1,0
/pl/3/library/bisect.html,1,1,0
/pl/3/library/configparser.html,1,1,0
/pl/3/library/decimal.html,1,1,0
/pl/3/library/errno.html,1,1,0
/pl/3/library/linecache.html,1,1,1
/pl/3/library/random.html,1,1,0
/pl/3/library/struct.html,1,1,0
/pl/3/library/turtle.html,1,1,0
/pl/3/library/unix.html,1,1,1
/pl/3/tutorial/,1,1,0
/pl/3/tutorial/appetite.html,1,1,0
/pl/3/whatsnew/3.11.html,1,1,0
/pl/dev/extending/index.html,1,1,0
/pl/dev/faq/general.html,1,1,0
/pl/dev/glossary.html,1,1,0
/pl/dev/howto/functional.html,1,1,0
/pl/dev/library/ctypes.html,1,1,0
/pl/dev/library/dis.html,1,1,0
/pl/dev/library/poplib.html,1,1,900
/pl/dev/library/tkinter.font.html,1,1,0
/pl/dev/tutorial/appetite.html,1,1,0
/pl/dev/tutorial/controlflow.html,1,1,0
/pl/dev/tutorial/datastructures.html,1,1,22
/pl/dev/using/editors.html,1,1,0
/pl/dev/whatsnew/3.14.html,1,1,0
/pl/dev/whatsnew/3.8.html,1,1,0
/pt-br/3.14/whatsnew/changelog.html,1,1,1224
/uk/3.13/library/idle.html,1,1,579
/uk/3/tutorial/whatnow.html,1,1,10
