name,unique_entrances,total_entrances,visit_duration
/it/3/tutorial/index.html,38,39,229
/3/,31,31,256
/dev/using/windows.html,18,19,413
/it/3/,18,20,43
/it/3.15/using/windows.html,12,12,24
/it/3.13/tutorial/index.html,11,11,83
/3/tutorial/index.html,10,10,81
/it/3/tutorial/datastructures.html,10,11,18
/it/3/tutorial/venv.html,10,11,0
/it/3/tutorial/introduction.html,9,9,156
/it/3.14/tutorial/index.html,8,8,53
/it/3/tutorial/classes.html,8,9,0
/it/3/tutorial/modules.html,8,8,0
/it/3.14/,7,7,44
/it/3/tutorial/interpreter.html,6,6,31
/3/library/idle.html,5,5,91
/it/3.14/library/index.html,5,5,21
/it/3.14/tutorial/introduction.html,5,5,0
/3.14/tutorial/index.html,4,4,731
/3/library/tkinter.html,4,4,556
/it/3.12/library/functions.html,4,4,0
/it/3.13/tutorial/controlflow.html,4,5,0
/it/3.14/library/copy.html,4,4,378
/it/3.14/tutorial/,4,4,3
/it/3.14/tutorial/controlflow.html,4,4,297
/it/3.14/tutorial/interpreter.html,4,4,1420
/it/3.14/using/windows.html,4,4,212
/it/3/tutorial/inputoutput.html,4,4,342
/it/3/tutorial/stdlib.html,4,4,103
/3.12/,3,3,420
/3/library/index.html,3,3,730
/it/3.12/tutorial/index.html,3,3,25
/it/3.13/library/functions.html,3,8,0
/it/3.14/library/functions.html,3,3,366
/it/3.14/reference/index.html,3,3,1178
/it/3.14/search.html,3,3,14
/it/3.14/tutorial/datastructures.html,3,3,7
/it/3/c-api/sys.html,3,3,0
/it/3/tutorial/controlflow.html,3,3,228
/3.14/tutorial/,2,2,26
/3.14/whatsnew/3.14.html,2,2,790
/3/library/asyncio.html,2,2,56
/3/library/random.html,2,2,445
/3/library/turtle.html,2,2,1504
/3/tutorial/,2,2,0
/dev/search.html,2,2,542
/it/3.12/library/inspect.html,2,2,0
/it/3.12/search.html,2,2,85
/it/3.13/,2,2,0
/it/3.13/contents.html,2,4,658
/it/3.13/library/__main__.html,2,5,0
/it/3.13/search.html,2,4,1408
/it/3.13/tutorial/,2,2,12
/it/3.14/library/asyncio.html,2,2,215
/it/3.14/library/tkinter.html,2,2,534
/it/3.14/tutorial/errors.html,2,2,1170
/it/3.14/whatsnew/3.14.html,2,2,0
/it/3/c-api/stable.html,2,2,0
/it/3/library/stdtypes.html,2,2,0
/it/3/tutorial/appetite.html,2,2,160
/it/3/tutorial/floatingpoint.html,2,2,0
/it/3/using/android.html,2,2,686
/3.13/library/index.html,1,1,104
/3.14/,1,1,256
/3.14/library/stdtypes.html,1,1,442
/3.14/using/windows.html,1,1,892
/3.15/library/index.html,1,1,191
/3/c-api/frame.html,1,1,56
/3/download.html,1,1,175
/3/installing/index.html,1,1,10
/3/library/asyncio-eventloop.html,1,1,1299
/3/library/collections.html,1,1,885
/3/library/filecmp.html,1,1,0
/3/library/pickle.html,1,1,0
/3/library/pipes.html,1,1,0
/3/library/shutil.html,1,1,27
/3/library/socket.html,1,1,35
/3/library/sqlite3.html,1,1,907
/3/library/stdtypes.html,1,1,57
/3/library/sys.html,1,1,0
/3/library/tempfile.html,1,1,4141
/3/library/time.html,1,1,895
/3/library/tracemalloc.html,1,1,121
/3/library/urllib.request.html,1,1,0
/3/library/xml.etree.elementtree.html,1,1,2746
/3/reference/datamodel.html,1,1,44
/3/reference/executionmodel.html,1,1,4
/3/reference/index.html,1,1,1055
/3/search.html,1,1,36
/3/tutorial/appetite.html,1,1,207
/3/tutorial/datastructures.html,1,1,487
/3/tutorial/floatingpoint.html,1,1,0
/3/tutorial/inputoutput.html,1,1,0
/3/tutorial/modules.html,1,1,21
/3/using/,1,1,121
/3/using/android.html,1,1,184
/3/using/cmdline.html,1,1,109
/3/using/windows.html,1,1,2801
/3/whatsnew/3.14.html,1,1,3889
/es/3/tutorial/appetite.html,1,1,3880
/es/3/using/windows.html,1,1,6
/fr/3.14/,1,1,58
/fr/3/tutorial/,1,1,9
/it/3.12/c-api/exceptions.html,1,1,0
/it/3.12/contents.html,1,1,0
/it/3.12/library/filesys.html,1,1,0
/it/3.12/library/intro.html,1,1,0
/it/3.12/library/multiprocessing.html,1,1,0
/it/3.12/library/stdtypes.html,1,1,0
/it/3.12/tutorial/interpreter.html,1,1,0
/it/3.12/tutorial/modules.html,1,1,0
/it/3.13/c-api/allocation.html,1,1,0
/it/3.13/c-api/apiabiversion.html,1,1,0
/it/3.13/c-api/structures.html,1,1,0
/it/3.13/copyright.html,1,1,0
/it/3.13/howto/descriptor.html,1,1,0
/it/3.13/library/asyncio-runner.html,1,1,0
/it/3.13/library/constants.html,1,1,0
/it/3.13/library/gc.html,1,1,0
/it/3.13/library/getopt.html,1,1,0
/it/3.13/library/http.cookiejar.html,1,1,0
/it/3.13/library/importlib.metadata.html,1,1,0
/it/3.13/library/math.html,1,1,0
/it/3.13/library/platform.html,1,1,0
/it/3.13/library/profile.html,1,1,0
/it/3.13/library/pyexpat.html,1,1,0
/it/3.13/library/shlex.html,1,1,0
/it/3.13/library/stdtypes.html,1,1,0
/it/3.13/library/struct.html,1,1,0
/it/3.13/library/urllib.parse.html,1,1,0
/it/3.13/tutorial/appetite.html,1,1,430
/it/3.13/tutorial/datastructures.html,1,1,0
/it/3.13/tutorial/floatingpoint.html,1,1,0
/it/3.13/tutorial/inputoutput.html,1,1,0
/it/3.13/tutorial/interactive.html,1,1,18
/it/3.13/tutorial/introduction.html,1,1,0
/it/3.13/tutorial/modules.html,1,1,0
/it/3.13/tutorial/stdlib2.html,1,1,966
/it/3.13/tutorial/venv.html,1,1,949
/it/3.13/using/cmdline.html,1,1,0
/it/3.14/about.html,1,1,0
/it/3.14/contents.html,1,1,0
/it/3.14/download.html,1,1,3
/it/3.14/genindex-D.html,1,1,0
/it/3.14/genindex-I.html,1,1,0
/it/3.14/genindex-Q.html,1,1,0
/it/3.14/installing/index.html,1,1,0
/it/3.14/library/asyncio-eventloop.html,1,1,844
/it/3.14/library/concurrency.html,1,1,50
/it/3.14/library/exceptions.html,1,1,0
/it/3.14/library/os.path.html,1,1,199
/it/3.14/library/random.html,1,1,5
/it/3.14/library/socket.html,1,1,11
/it/3.14/library/stdtypes.html,1,1,0
/it/3.14/library/xml.etree.elementtree.html,1,1,2725
/it/3.14/reference/compound_stmts.html,1,1,0
/it/3.14/tutorial/appetite.html,1,1,0
/it/3.14/tutorial/classes.html,1,1,4
/it/3.14/tutorial/inputoutput.html,1,1,0
/it/3.15/,1,1,505
/it/3.15/contents.html,1,1,0
/it/3.15/library/stdtypes.html,1,1,179
/it/3.15/search.html,1,1,5
/it/3.15/tutorial/classes.html,1,1,0
/it/3.15/tutorial/controlflow.html,1,1,5306
/it/3.15/tutorial/introduction.html,1,1,1441
/it/3.15/tutorial/venv.html,1,1,0
/it/3.15/using/ios.html,1,1,26
/it/3/genindex.html,1,1,29
/it/3/library/atexit.html,1,1,0
/it/3/library/crypt.html,1,1,0
/it/3/library/faulthandler.html,1,1,0
/it/3/library/functions.html,1,1,0
/it/3/library/index.html,1,1,0
/it/3/library/logging.handlers.html,1,1,0
/it/3/library/pathlib.html,1,1,0
/it/3/library/platform.html,1,1,1274
/it/3/library/sysconfig.html,1,1,2509
/it/3/library/tempfile.html,1,1,0
/it/3/reference/lexical_analysis.html,1,1,99
/it/3/search.html,1,1,0
/it/3/tutorial/,1,1,0
