name,visitors
Lombardy,54
Lazio,40
Piedmont,18
Tuscany,16
Campania,16
Veneto,15
Sicily,13
Hebei,12
Emilia-Romagna,12
Apulia,10
Liguria,6
Ticino,5
Trentino-South Tyrol,5
Calabria,5
Sardinia,5
Guangdong,4
Henan,3
Hunan,3
Friuli–Venezia Giulia,3
Marche,3
Abruzzo,3
São Paulo,2
Zürich,2
Fujian,2
Hubei,2
Yunnan,2
Umbria,2
Aichi,2
Aguascalientes,2
South Holland,2
San Marino,2
Serravalle,2
New Jersey,2
Durrës County,1
Vienna,1
Western Australia,1
Bern,1
Vaud,1
Anhui,1
Jilin,1
Liaoning,1
Sichuan,1
Shandong,1
Shanghai,1
Shanxi,1
Zhejiang,1
North Rhine-Westphalia,1
Catalonia,1
Galicia,1
Provence-Alpes-Côte-d'Azur,1
Jharkhand,1
