name,visitors,bounce_rate,visit_duration
Baidu,593,75,27
Google,567,75,109
Direct / None,559,77,178
Bing,15,55,91
python.org,12,0,617
chatgpt.com,7,83,9
codeup.kr,7,86,0
codeit.kr,6,83,40
wikidocs.net,5,80,68
namu.wiki,3,0,40
Daum,2,100,0
bluesword24.tistory.com,2,33,44
clien.net,2,100,0
velog.io,2,100,0
11001.tistory.com,1,0,21
Perplexity,1,100,0
Yahoo!,1,100,0
bluesharehub.com,1,100,0
chae52.tistory.com,1,100,0
daco2020.tistory.com,1,100,0
lgdisplay.exaone.ai,1,0,167
m.blog.naver.com,1,100,0
myvelop.tistory.com,1,100,0
notion.so,1,0,1629
openai,1,0,20
pythonguis.com,1,0,209
spaceweather.kasa.go.kr,1,100,0
