name,version,visitors
Chrome,143.0,548
Chrome,144.0,186
Microsoft Edge,144.0,79
Chrome,139.0,64
Microsoft Edge,143.0,46
Chrome,142.0,23
Firefox,147.0,22
Safari,26.2,22
Mobile App,(not set),16
Chrome,126.0,13
Chrome,109.0,12
Safari,18.6,12
Chrome,140.0,11
Chrome,107.0,9
Chrome,137.0,9
Chrome,132.0,8
Chrome,133.0,8
Chrome,141.0,8
Chrome,69.0,8
Chrome,111.0,7
Chrome,131.0,7
Firefox,146.0,6
Sogou Explorer,2,6
Safari,26.1,6
Chrome,117.0,5
Firefox,136.0,5
Safari,18.7,5
360 Secure Browser,(not set),4
Chrome,112.0,4
Chrome,122.0,4
Microsoft Edge,142.0,4
Huawei Browser Mobile,16.0,4
Safari,18.5,4
Firefox,5.0,4
Chromium,(not set),3
Chrome,106.0,3
Chrome,110.0,3
Chrome,116.0,3
Opera,125.0,3
Chrome,130.0,3
Microsoft Edge,131.0,3
Chrome,136.0,3
Chrome,138.0,3
Safari,17.5,3
Safari,26.0,3
Safari,(not set),2
Chrome,104.0,2
Microsoft Edge,106.0,2
Chrome,108.0,2
Chrome,114.0,2
Firefox,115.0,2
Opera,119.0,2
Chrome,120.0,2
Chrome,124.0,2
Chrome,125.0,2
Chrome,129.0,2
Firefox,130.0,2
Firefox,133.0,2
Microsoft Edge,139.0,2
Microsoft Edge,141.0,2
Huawei Browser Mobile,15.0,2
Safari,17.6,2
Samsung Browser,29.0,2
QQ Browser,6.2,2
Smart Lenovo Browser,9.0,2
Quark,(not set),1
Brave,(not set),1
Chrome,103.0,1
Chrome,105.0,1
Microsoft Edge,107.0,1
Microsoft Edge,108.0,1
Huawei Browser Mobile,11.0,1
Microsoft Edge,114.0,1
Safari,12.1,1
Chrome,121.0,1
Microsoft Edge,122.0,1
Opera,124.0,1
Chrome,127.0,1
Microsoft Edge,127.0,1
Chrome,128.0,1
Microsoft Edge,129.0,1
QQ Browser,13.1,1
QQ Browser,13.4,1
QQ Browser,13.5,1
Microsoft Edge,134.0,1
Firefox,134.0,1
Chrome,135.0,1
Microsoft Edge,137.0,1
Microsoft Edge,138.0,1
MIUI Browser,14.2,1
Firefox,140.0,1
Microsoft Edge,140.0,1
AVG Secure Browser,143.0,1
Firefox,145.0,1
Chrome,146.0,1
Safari,15.6,1
Safari,17.4,1
Safari,18.0,1
UC Browser,18.1,1
Safari,18.3,1
QQ Browser,19.9,1
MIUI Browser,20.10,1
Samsung Browser,23.0,1
vivo Browser,27.7,1
QtWebEngine,6.5,1
Chrome,86.0,1
Firefox,91.0,1
Chrome,92.0,1
Chrome,95.0,1
Chrome,99.0,1
