name,unique_entrances,total_entrances,visit_duration
/zh-tw/3/tutorial/index.html,103,105,176
/zh-tw/3/library/venv.html,72,72,22
/zh-tw/3/library/re.html,27,27,217
/zh-tw/3/howto/sorting.html,26,26,4
/dev/using/windows.html,25,25,340
/zh-tw/3/library/pathlib.html,22,22,136
/zh-tw/3/tutorial/datastructures.html,22,22,2
/zh-tw/3/library/csv.html,21,21,92
/3/,20,20,365
/zh-tw/3/tutorial/classes.html,19,19,115
/zh-tw/3/tutorial/interpreter.html,19,20,235
/zh-tw/dev/installing/index.html,18,18,25
/zh-tw/3/library/index.html,17,17,182
/zh-tw/3/library/json.html,17,17,32
/zh-tw/3/library/os.path.html,17,17,16
/zh-tw/3/library/collections.html,16,16,94
/zh-tw/3/library/random.html,16,16,4
/zh-tw/3/howto/argparse.html,15,15,12
/zh-tw/3/tutorial/controlflow.html,15,15,1
/zh-tw/3/tutorial/inputoutput.html,15,15,184
/zh-tw/3.15/using/windows.html,13,13,141
/zh-tw/3/library/enum.html,12,12,25
/zh-tw/3/library/functions.html,11,12,10
/zh-tw/3/library/stdtypes.html,11,11,31
/zh-tw/3/howto/sockets.html,10,10,0
/zh-tw/3/library/asyncio.html,10,10,148
/zh-tw/3/library/math.html,10,10,103
/zh-tw/3/reference/index.html,10,11,193
/zh-tw/3/,9,9,23
/zh-tw/3/library/typing.html,9,9,20
/zh-tw/3/library/unittest.html,9,9,1
/zh-tw/3/tutorial/errors.html,9,9,238
/zh-tw/3/tutorial/introduction.html,9,9,172
/zh-tw/3/tutorial/modules.html,9,9,0
/zh-tw/3/tutorial/venv.html,9,9,0
/zh-tw/dev/whatsnew/3.13.html,9,9,3
/zh-tw/3/faq/windows.html,8,8,112
/zh-tw/3/library/ast.html,8,9,227
/zh-tw/3/library/heapq.html,8,8,0
/zh-tw/3.14/using/android.html,7,7,0
/zh-tw/3/installing/index.html,7,7,0
/zh-tw/3/library/bisect.html,7,9,0
/zh-tw/3/library/copy.html,7,8,166
/zh-tw/3/library/pickle.html,7,7,0
/zh-tw/3/using/mac.html,7,8,0
/zh-tw/dev/library/os.path.html,7,7,0
/zh-tw/3.13/tutorial/index.html,6,7,0
/zh-tw/3/library/threading.html,6,6,0
/zh-tw/3/library/uuid.html,6,6,0
/zh-tw/3/library/warnings.html,6,6,0
/zh-tw/3/tutorial/appetite.html,6,6,156
/zh-tw/3/tutorial/floatingpoint.html,6,7,44
/3/library/stdtypes.html,5,5,8304
/zh-tw/3.12/download.html,5,5,123
/zh-tw/3.13/library/__main__.html,5,5,0
/zh-tw/3.13/library/html.parser.html,5,5,0
/zh-tw/3.14/,5,5,27
/zh-tw/3/contents.html,5,5,30
/zh-tw/3/glossary.html,5,5,456
/zh-tw/3/library/string.html,5,5,0
/zh-tw/3/library/time.html,5,5,105
/zh-tw/3.13/tutorial/classes.html,4,4,6
/zh-tw/3.14/tutorial/classes.html,4,4,0
/zh-tw/3.14/tutorial/index.html,4,4,33
/zh-tw/3.15/tutorial/inputoutput.html,4,6,0
/zh-tw/3/download.html,4,4,145
/zh-tw/3/library/array.html,4,4,16
/zh-tw/3/library/concurrent.futures.html,4,4,6
/zh-tw/3/library/queue.html,4,4,5
/zh-tw/3/library/struct.html,4,5,0
/zh-tw/dev/library/venv.html,4,4,0
/3.14/using/windows.html,3,3,98
/3/library/dialog.html,3,3,394
/3/library/itertools.html,3,3,171
/3/library/turtle.html,3,3,1539
/3/tutorial/index.html,3,3,191
/uk/3/library/idle.html,3,3,1196
/zh-tw/3.12/whatsnew/,3,3,13
/zh-tw/3.13/c-api/index.html,3,3,8
/zh-tw/3.13/library/asyncio-sync.html,3,3,0
/zh-tw/3.13/library/os.path.html,3,3,0
/zh-tw/3.13/tutorial/modules.html,3,3,0
/zh-tw/3.14/library/stdtypes.html,3,3,0
/zh-tw/3.14/search.html,3,3,83
/zh-tw/3.14/tutorial/interpreter.html,3,3,0
/zh-tw/3.14/tutorial/modules.html,3,3,0
/zh-tw/3.14/whatsnew/3.14.html,3,3,0
/zh-tw/3/index.html,3,3,23
/zh-tw/3/library/atexit.html,3,3,3
/zh-tw/3/library/builtins.html,3,3,450
/zh-tw/3/library/datatypes.html,3,4,59
/zh-tw/3/library/datetime.html,3,3,162
/zh-tw/3/library/gc.html,3,3,0
/zh-tw/3/library/telnetlib.html,3,3,0
/zh-tw/3/library/timeit.html,3,3,0
/zh-tw/3/library/unittest.mock-examples.html,3,3,1650
/zh-tw/3/library/urllib.request.html,3,3,0
/zh-tw/3/reference/grammar.html,3,3,5
/zh-tw/3/reference/import.html,3,3,0
/zh-tw/3/search.html,3,3,4
/zh-tw/3/whatsnew/index.html,3,3,0
/zh-tw/dev/howto/gdb_helpers.html,3,3,31
/zh-tw/dev/library/re.html,3,3,0
/3.14/,2,2,112
/3/library/functions.html,2,2,284
/3/library/idle.html,2,2,790
/3/library/tkinter.html,2,2,4
/3/py-modindex.html,2,2,98
/zh-tw/3.12/library/devmode.html,2,2,0
/zh-tw/3.12/reference/lexical_analysis.html,2,2,0
/zh-tw/3.12/using/windows.html,2,2,0
/zh-tw/3.13/download.html,2,2,0
/zh-tw/3.13/library/__future__.html,2,2,0
/zh-tw/3.13/library/concurrent.futures.html,2,2,0
/zh-tw/3.13/tutorial/datastructures.html,2,2,0
/zh-tw/3.13/tutorial/introduction.html,2,2,0
/zh-tw/3.14/genindex-T.html,2,2,0
/zh-tw/3.14/index.html,2,2,828
/zh-tw/3.14/library/functions.html,2,2,241
/zh-tw/3.14/library/imghdr.html,2,2,105
/zh-tw/3.14/library/imp.html,2,2,0
/zh-tw/3.14/library/index.html,2,2,5406
/zh-tw/3.14/library/io.html,2,2,0
/zh-tw/3.14/library/math.html,2,2,113
/zh-tw/3.14/tutorial/datastructures.html,2,2,0
/zh-tw/3.14/tutorial/errors.html,2,2,0
/zh-tw/3.14/using/windows.html,2,2,0
/zh-tw/3.15/tutorial/index.html,2,3,0
/zh-tw/3/c-api/index.html,2,2,161
/zh-tw/3/deprecations/pending-removal-in-3.13.html,2,2,0
/zh-tw/3/howto/annotations.html,2,2,4
/zh-tw/3/howto/logging.html,2,2,0
/zh-tw/3/library/asyncio-eventloop.html,2,2,0
/zh-tw/3/library/distutils.html,2,2,120
/zh-tw/3/library/functools.html,2,2,0
/zh-tw/3/library/glob.html,2,2,29
/zh-tw/3/library/hashlib.html,2,2,0
/zh-tw/3/library/keyword.html,2,2,0
/zh-tw/3/library/pdb.html,2,2,20
/zh-tw/3/library/pkgutil.html,2,2,225
/zh-tw/3/library/pty.html,2,2,0
/zh-tw/3/library/secrets.html,2,2,0
/zh-tw/3/library/sys.html,2,2,0
/zh-tw/3/library/tempfile.html,2,2,0
/zh-tw/3/library/winsound.html,2,2,0
/zh-tw/3/tutorial/stdlib.html,2,2,0
/zh-tw/3/using/configure.html,2,2,0
/zh-tw/3/whatsnew/3.12.html,2,2,0
/zh-tw/3/whatsnew/3.14.html,2,2,0
/zh-tw/3/whatsnew/3.5.html,2,2,0
/zh-tw/dev/c-api/sys.html,2,2,0
/zh-tw/dev/library/gc.html,2,2,0
/zh-tw/dev/library/hashlib.html,2,2,0
/zh-tw/dev/library/math.html,2,2,0
/zh-tw/dev/library/os.html,2,2,0
/zh-tw/dev/library/ssl.html,2,2,0
/zh-tw/dev/library/time.html,2,2,0
/zh-tw/dev/library/tkinter.html,2,2,0
/zh-tw/dev/library/trace.html,2,2,0
/zh-tw/dev/library/typing.html,2,2,4
/zh-tw/dev/library/webbrowser.html,2,2,0
/zh-tw/dev/whatsnew/3.8.html,2,2,0
/3.12/library/importlib.html,1,1,0
/3.13/library/functions.html,1,1,2082
/3.14/installing/index.html,1,1,106
/3.14/library/enum.html,1,1,301
/3.14/library/math.html,1,1,269
/3.14/tutorial/index.html,1,1,276
/3.15/,1,1,647
/3.15/library/math.html,1,1,252
/3.15/tutorial/index.html,1,1,2200
/3/bugs.html,1,1,295
/3/c-api/index.html,1,1,18
/3/contents.html,1,1,28
/3/download.html,1,1,18
/3/faq/windows.html,1,1,459
/3/howto/sorting.html,1,1,6
/3/library/,1,1,14
/3/library/argparse.html,1,1,0
/3/library/asyncio-eventloop.html,1,1,375
/3/library/asyncio.html,1,1,92
/3/library/datatypes.html,1,1,25
/3/library/datetime.html,1,1,441
/3/library/exceptions.html,1,1,0
/3/library/hashlib.html,1,1,3205
/3/library/inspect.html,1,1,430
/3/library/json.html,1,1,575
/3/library/math.html,1,1,354
/3/library/os.html,1,1,0
/3/library/pathlib.html,1,1,5
/3/library/random.html,1,1,0
/3/library/string.html,1,1,480
/3/library/subprocess.html,1,1,13
/3/library/text.html,1,1,445
/3/library/tkinter.messagebox.html,1,1,276
/3/library/zlib.html,1,1,3204
/3/reference/datamodel.html,1,1,44
/3/reference/index.html,1,1,1001
/3/tutorial/classes.html,1,1,18
/3/tutorial/datastructures.html,1,1,211
/3/tutorial/errors.html,1,1,51
/3/using/windows.html,1,1,6
/dev/search.html,1,1,436
/fr/3/howto/sorting.html,1,1,52
/ja/3.14/,1,1,22
/ja/3.14/howto/sorting.html,1,1,0
/zh-cn/3.13/library/functions.html,1,1,115
/zh-cn/3.14/,1,1,30
/zh-cn/3.14/py-modindex.html,1,1,212
/zh-cn/3.15/using/android.html,1,1,0
/zh-cn/3/index.html,1,1,1826
/zh-cn/3/library/argparse.html,1,1,0
/zh-cn/3/library/array.html,1,1,40
/zh-cn/3/library/itertools.html,1,1,91
/zh-cn/3/library/re.html,1,1,2
/zh-cn/3/library/statistics.html,1,1,947
/zh-cn/3/tutorial/appendix.html,1,1,843
/zh-cn/3/tutorial/stdlib.html,1,1,10833
/zh-tw/3.12/c-api/bytearray.html,1,1,0
/zh-tw/3.12/contents.html,1,1,0
/zh-tw/3.12/glossary.html,1,1,0
/zh-tw/3.12/howto/argparse.html,1,1,936
/zh-tw/3.12/library/__main__.html,1,1,42
/zh-tw/3.12/library/codecs.html,1,1,0
/zh-tw/3.12/library/concurrent.futures.html,1,1,0
/zh-tw/3.12/library/gc.html,1,1,0
/zh-tw/3.12/library/ssl.html,1,1,0
/zh-tw/3.12/library/typing.html,1,1,0
/zh-tw/3.12/reference/expressions.html,1,1,0
/zh-tw/3.12/tutorial/inputoutput.html,1,1,0
/zh-tw/3.12/using/index.html,1,1,0
/zh-tw/3.12/using/mac.html,1,1,0
/zh-tw/3.12/whatsnew/index.html,1,1,0
/zh-tw/3.13/c-api/iterator.html,1,1,0
/zh-tw/3.13/c-api/number.html,1,1,0
/zh-tw/3.13/c-api/perfmaps.html,1,1,0
/zh-tw/3.13/c-api/sys.html,1,1,0
/zh-tw/3.13/c-api/unicode.html,1,1,0
/zh-tw/3.13/copyright.html,1,1,0
/zh-tw/3.13/genindex-A.html,1,1,0
/zh-tw/3.13/genindex-G.html,1,1,0
/zh-tw/3.13/genindex-N.html,1,1,0
/zh-tw/3.13/genindex-R.html,1,1,0
/zh-tw/3.13/genindex-符號.html,1,1,0
/zh-tw/3.13/howto/annotations.html,1,1,0
/zh-tw/3.13/howto/sockets.html,1,1,0
/zh-tw/3.13/index.html,1,1,0
/zh-tw/3.13/library/asyncio-queue.html,1,1,0
/zh-tw/3.13/library/collections.html,1,1,0
/zh-tw/3.13/library/csv.html,1,1,0
/zh-tw/3.13/library/faulthandler.html,1,1,0
/zh-tw/3.13/library/functions.html,1,1,0
/zh-tw/3.13/library/gc.html,1,1,2
/zh-tw/3.13/library/heapq.html,1,1,0
/zh-tw/3.13/library/importlib.resources.html,1,1,0
/zh-tw/3.13/library/json.html,1,1,0
/zh-tw/3.13/library/math.html,1,1,0
/zh-tw/3.13/library/shlex.html,1,1,0
/zh-tw/3.13/library/tkinter.html,1,1,0
/zh-tw/3.13/library/tkinter.messagebox.html,1,1,0
/zh-tw/3.13/library/venv.html,1,1,0
/zh-tw/3.13/library/xml.etree.elementtree.html,1,1,0
/zh-tw/3.13/search.html,1,1,168
/zh-tw/3.13/tutorial/appetite.html,1,1,0
/zh-tw/3.13/tutorial/controlflow.html,1,2,0
/zh-tw/3.13/tutorial/stdlib.html,1,1,0
/zh-tw/3.13/using/mac.html,1,1,0
/zh-tw/3.13/whatsnew/3.10.html,1,1,0
/zh-tw/3.13/whatsnew/3.11.html,1,1,0
/zh-tw/3.13/whatsnew/3.13.html,1,1,0
/zh-tw/3.14/c-api/buffer.html,1,1,1297
/zh-tw/3.14/c-api/long.html,1,1,0
/zh-tw/3.14/deprecations/index.html,1,1,0
/zh-tw/3.14/download.html,1,1,0
/zh-tw/3.14/genindex-C.html,1,1,0
/zh-tw/3.14/genindex-E.html,1,1,0
/zh-tw/3.14/genindex-G.html,1,1,0
/zh-tw/3.14/genindex-R.html,1,1,0
/zh-tw/3.14/genindex-符號.html,1,1,0
/zh-tw/3.14/library/ctypes.html,1,1,2
/zh-tw/3.14/library/hmac.html,1,1,0
/zh-tw/3.14/library/intro.html,1,1,0
/zh-tw/3.14/library/json.html,1,1,8
/zh-tw/3.14/library/pathlib.html,1,1,0
/zh-tw/3.14/library/pdb.html,1,1,0
/zh-tw/3.14/library/smtplib.html,1,1,0
/zh-tw/3.14/library/time.html,1,1,375
/zh-tw/3.14/library/unittest.html,1,1,0
/zh-tw/3.14/library/zipapp.html,1,1,0
/zh-tw/3.14/py-modindex.html,1,1,0
/zh-tw/3.14/reference/introduction.html,1,1,1608
/zh-tw/3.14/tutorial/controlflow.html,1,1,0
/zh-tw/3.14/tutorial/inputoutput.html,1,1,282
/zh-tw/3.14/tutorial/stdlib.html,1,1,0
/zh-tw/3.14/tutorial/stdlib2.html,1,1,0
/zh-tw/3.14/tutorial/venv.html,1,1,0
/zh-tw/3.14/using/ios.html,1,1,0
/zh-tw/3.14/whatsnew/3.12.html,1,1,0
/zh-tw/3.15/,1,1,6
/zh-tw/3.15/c-api/unicode.html,1,1,0
