name,visitors,pageviews,bounce_rate,time_on_page,scroll_depth
/pt-br/3.13/tutorial/index.html,203,280,59,69,56
/pt-br/3/tutorial/index.html,159,194,63,87,44
/pt-br/3/,127,151,44,25,78
/pt-br/3.13/,103,119,56,25,75
/pt-br/3.13/library/index.html,94,107,67,56,47
/pt-br/3.13/tutorial/datastructures.html,90,87,90,166,47
/pt-br/3.13/library/venv.html,83,83,95,45,37
/pt-br/3.13/tutorial/interpreter.html,73,77,70,134,76
/pt-br/3.13/tutorial/appetite.html,71,72,52,74,82
/pt-br/3.13/search.html,70,107,44,19,57
/pt-br/3.13/tutorial/introduction.html,62,74,76,153,51
/pt-br/3.13/tutorial/controlflow.html,60,94,80,141,36
/pt-br/3.13/library/stdtypes.html,58,54,69,100,25
/pt-br/3.13/library/functions.html,54,49,86,54,43
/pt-br/3/tutorial/interpreter.html,51,48,85,65,79
/pt-br/3.13/library/random.html,50,52,81,207,38
/pt-br/3.13/library/math.html,47,52,76,70,45
/pt-br/3.13/library/tkinter.html,47,46,67,50,25
/pt-br/3/tutorial/controlflow.html,43,50,91,131,30
/pt-br/3/library/stdtypes.html,42,43,72,70,29
/pt-br/3.13/tutorial/classes.html,40,38,76,149,40
/pt-br/3.13/library/string.html,38,38,81,89,40
/pt-br/3/tutorial/appetite.html,38,33,78,45,90
/pt-br/dev/library/zlib.html,36,39,74,10,39
/pt-br/3/tutorial/datastructures.html,35,37,83,95,65
/pt-br/3/library/index.html,33,28,67,38,42
/pt-br/3/tutorial/,33,44,56,15,52
/pt-br/3/tutorial/introduction.html,33,30,73,279,55
/pt-br/3/library/,30,32,67,27,50
/pt-br/3.13/tutorial/modules.html,29,25,83,50,36
/pt-br/3/search.html,29,40,62,17,62
/pt-br/dev/library/venv.html,29,30,81,76,39
/pt-br/3.13/library/os.html,27,28,72,170,24
/pt-br/3.13/library/datetime.html,26,24,100,108,10
/pt-br/3.13/using/windows.html,25,22,67,18,29
/pt-br/3.13/contents.html,24,23,60,25,8
/pt-br/3.13/reference/index.html,23,28,30,18,72
/pt-br/3.13/faq/windows.html,22,24,91,105,35
/pt-br/3/library/functions.html,22,21,80,53,32
/pt-br/3.13/index.html,21,22,60,17,78
/pt-br/3/library/math.html,21,21,69,44,33
/pt-br/3.13/library/__main__.html,20,21,76,68,31
/pt-br/3/whatsnew/3.13.html,19,17,83,31,12
/pt-br/3.13/library/turtle.html,18,28,69,230,46
/pt-br/3.13/py-modindex.html,18,23,57,123,24
/pt-br/3.13/reference/lexical_analysis.html,18,15,75,73,48
/pt-br/3.13/tutorial/inputoutput.html,18,19,57,209,33
/pt-br/3/library/csv.html,18,18,88,39,36
/pt-br/3/library/venv.html,18,18,94,41,38
/pt-br/3/reference/index.html,18,18,0,40,76
/pt-br/3.13/library/re.html,17,19,67,49,21
/pt-br/3/tutorial/classes.html,17,17,93,139,68
/pt-br/3/using/cmdline.html,15,15,92,78,31
/pt-br/3.13/glossary.html,14,12,80,101,55
/pt-br/3.13/tutorial/,14,12,100,43,50
/pt-br/3.13/whatsnew/3.13.html,14,10,67,151,15
/pt-br/3/contents.html,14,18,56,25,21
/pt-br/3.13/library/collections.html,13,11,50,114,31
/pt-br/3.13/library/statistics.html,13,14,92,34,28
/pt-br/3.13/reference/compound_stmts.html,13,9,100,31,21
/pt-br/3.13/tutorial/errors.html,13,15,80,150,25
/pt-br/3.13/genindex.html,12,17,0,6,100
/pt-br/3/glossary.html,12,10,60,47,50
/pt-br/3/library/tkinter.html,12,15,62,175,50
/pt-br/dev/tutorial/datastructures.html,12,10,62,28,19
/pt-br/3.13/download.html,11,9,100,74,85
/pt-br/3.13/library/time.html,11,13,50,107,16
/pt-br/3.13/using/cmdline.html,11,8,0,14,13
/pt-br/dev/howto/sorting.html,11,11,91,56,45
/pt-br/3.13/using/mac.html,10,9,100,20,40
/pt-br/3/library/random.html,10,9,100,87,38
/pt-br/3/library/shutil.html,10,11,83,11,70
/pt-br/3/tutorial/inputoutput.html,10,8,80,25,32
/pt-br/3.13/library/csv.html,9,14,62,18,42
/pt-br/3.13/library/json.html,9,6,50,51,27
/pt-br/3.13/reference/datamodel.html,9,7,100,25,18
/pt-br/3.13/reference/introduction.html,9,7,0,32,76
/pt-br/3/py-modindex.html,9,10,0,87,44
/pt-br/3/reference/expressions.html,9,7,50,59,63
/pt-br/3/reference/lexical_analysis.html,9,7,33,127,76
/pt-br/dev/howto/logging.html,9,11,90,3,82
/pt-br/dev/library/tkinter.html,9,10,75,232,49
/pt-br/dev/search.html,9,10,0,9,36
/pt-br/3.13/howto/logging.html,8,11,75,43,13
/pt-br/3.13/howto/sockets.html,8,7,71,15,31
/pt-br/3.13/library/asyncio.html,8,9,40,51,87
/pt-br/3.13/library/os.path.html,8,5,100,34,64
/pt-br/3.13/library/tk.html,8,11,33,158,73
/pt-br/3.13/tutorial/stdlib.html,8,7,100,6,50
/pt-br/3/download.html,8,7,80,11,92
/pt-br/3/genindex.html,8,9,75,13,100
/pt-br/3/library/os.html,8,8,83,29,22
/pt-br/3/library/string.html,8,8,83,12,8
/pt-br/dev/reference/import.html,8,8,100,31,33
/pt-br/3.13/library/dataclasses.html,7,6,100,27,36
/pt-br/3.13/library/intro.html,7,6,67,6,57
/pt-br/3.13/library/operator.html,7,6,75,41,44
/pt-br/3.13/library/sys.html,7,7,100,75,60
/pt-br/3.15/,7,8,50,14,80
/pt-br/3/library/datetime.html,7,7,100,63,32
