name,visitors
Tokyo,1126
Osaka,327
Yokohama,77
Nagoya,76
Singapore,57
N/A,52
Sapporo,48
Kyoto,45
Fukuoka,36
Kobe,34
Kawaguchi,32
N/A,25
N/A,22
N/A,22
Tokorozawa,20
Kawasaki,19
Hiroshima,19
N/A,19
N/A,19
Nishinomiya-hama,18
N/A,17
Wuxi,16
Suita,16
N/A,16
Nagareyama,15
Matsudo,15
Hirakata,15
Hamamatsu,15
Narita,15
Tokushima,14
Machida,14
Honchō,14
Shenzhen,13
Nagano,13
Hachiōji,13
N/A,13
N/A,13
N/A,13
Hangzhou,12
N/A,12
N/A,12
Chengdu,11
Itami,11
N/A,11
Ageoshimo,11
Matsuyama,11
N/A,11
N/A,11
Sakai,10
Kanazawa,10
Kamakura,10
Kagoshima,10
Chiba,10
N/A,10
Shanghai,9
Nanjing,9
Beijing,9
Shizuoka,9
Mino,9
Anan,9
N/A,9
Sendai,9
N/A,9
N/A,9
N/A,9
Tsu,8
Koshigaya,8
Kochi,8
Kashiwa,8
N/A,8
N/A,8
N/A,8
N/A,8
N/A,8
Guangzhou,7
Urayasu,7
Toyama,7
N/A,7
Niigata,7
Kumamoto,7
Gujō,7
N/A,7
N/A,7
Xi’an,6
Atsugi,6
Toyohashi,6
Nishio,6
N/A,6
Kitakyushu,6
Kasugai,6
Ikoma,6
N/A,6
Suzhou,6
Okinawa,6
Sakura,6
Morioka,6
Akita,6
Los Angeles,6
Iruma,6
N/A,6
N/A,6
N/A,6
N/A,6
N/A,6
N/A,6
Qingdao,5
Hong Kong,5
Utsunomiya,5
Suzuka,5
Shiki,5
Sano,5
Saga,5
N/A,5
Ōtsu,5
Okazaki,5
Ōita,5
Miyazaki,5
Maebashi,5
Kurashiki,5
Ikeda,5
Iizuka,5
Himeji,5
Gamagōri,5
Fujisawa,5
Frankfurt am Main,5
N/A,5
Kahoku,5
N/A,5
N/A,5
N/A,5
N/A,5
N/A,5
N/A,5
N/A,5
N/A,5
N/A,5
Zhengzhou,4
Dalian,4
Changsha,4
N/A,4
Musashino,4
Matsumoto,4
N/A,4
Kawagoe,4
Iwakuni,4
N/A,4
Hino,4
Higashi-ōsaka,4
N/A,4
Gyōda,4
N/A,4
Wakayama,4
N/A,4
Hirosaki,4
Ashburn,4
Omitama,4
Tama,4
Niiza,4
N/A,4
N/A,4
N/A,4
N/A,4
N/A,4
N/A,4
N/A,4
N/A,4
N/A,4
N/A,4
N/A,4
N/A,4
N/A,4
Hanoi,3
Zhenjiang,3
Quanzhou,3
Nanning,3
Huzhou,3
Dongguan,3
Yonago,3
Yamaguchi,3
Toyokawa,3
Tatebayashi,3
Takamatsu,3
N/A,3
Onomichi,3
Okayama,3
Moriguchi,3
Mishima,3
Matsue,3
N/A,3
Kariya,3
N/A,3
Ichinomiya,3
Hakone,3
Gifu-shi,3
Chino,3
Anjō,3
Amagasaki,3
N/A,3
Wako,3
N/A,3
Hitachi,3
Fukushima,3
Asahi,3
Muroran,3
Asahikawa,3
London,3
San Jose,3
Akishima,3
Kasuga,3
Inzai,3
Habikino,3
N/A,3
N/A,3
N/A,3
N/A,3
N/A,3
N/A,3
N/A,3
N/A,3
N/A,3
N/A,3
N/A,3
N/A,3
N/A,3
N/A,3
N/A,3
N/A,3
N/A,3
N/A,3
N/A,3
N/A,3
N/A,3
N/A,3
N/A,3
N/A,3
N/A,3
Istanbul,2
Nagpur,2
Hyderabad,2
Mumbai,2
Ürümqi,2
Jakarta,2
Yilan,2
Xiamen,2
Tianjin,2
Suzhou,2
Shijiazhuang,2
Linghu,2
Lanzhou,2
Jinan,2
Guiyang,2
Fuzhou,2
Yokosuka,2
Yokkaichi,2
Yawata,2
N/A,2
Uji,2
Toyota,2
N/A,2
N/A,2
Tochigi,2
Tahara,2
Suzaka,2
N/A,2
Shimada,2
Saku,2
Sakado,2
Ōta,2
Ōmachi,2
Ōbu,2
Obama,2
Numata,2
Nagasaki,2
Kurume,2
Kumagaya,2
N/A,2
N/A,2
Kawanishi,2
Kasukabe,2
Iwata,2
Ibaraki,2
N/A,2
Fukuyama,2
N/A,2
N/A,2
Chiryū,2
Asaka,2
Shenyang,2
Yamagata,2
Toride,2
Shiroi,2
Ichihara,2
Tomakomai,2
Obihiro,2
Hanawa,2
Hakodate,2
Chitose,2
Aomori,2
Sydney,2
Märsta,2
