name,visitors
Tokyo,145
Osaka,32
Yokohama,16
Nagoya,8
Kawaguchi,5
N/A,5
Kyoto,4
Kobe,4
Hiroshima,4
Fukuoka,4
Sapporo,4
N/A,4
N/A,4
Nagareyama,3
Al Manşūrah,2
N/A,2
Toyota,2
Shizuoka,2
N/A,2
Okayama,2
Naha,2
Miyazaki,2
N/A,2
Kakogawachō-honmachi,2
N/A,2
Himeji,2
Hachiōji,2
Fukuyama,2
N/A,2
N/A,2
Amagasaki,2
N/A,2
Singapore,2
Chiba,2
Zürich,2
Tama,2
Higashimurayama,2
N/A,2
N/A,2
N/A,2
N/A,2
N/A,2
N/A,2
N/A,2
N/A,2
N/A,2
N/A,2
N/A,2
N/A,2
N/A,2
N/A,2
Nanchang,1
Hong Kong,1
Akashi,1
Yūki,1
Urayasu,1
Uji,1
N/A,1
Takamatsu,1
Shiki,1
Oyama,1
Ōtsu,1
N/A,1
Numazu,1
N/A,1
Nishio,1
N/A,1
Mishima,1
Maebashi,1
Kurashiki,1
Kumamoto,1
Kokubunji,1
N/A,1
Kawasaki,1
Kawagoe,1
Kasugai,1
N/A,1
Kanazawa,1
Kagoshima,1
Iwata,1
N/A,1
Ibaraki,1
Hirakata,1
Hino,1
N/A,1
Fujisawa,1
Chigasaki,1
N/A,1
Wakayama,1
Yamagata,1
N/A,1
Sendai,1
Akita,1
Kitami,1
Manchester,1
Annapolis,1
Germantown,1
Boardman,1
N/A,1
Higashiyamato,1
Misato,1
N/A,1
N/A,1
N/A,1
N/A,1
N/A,1
N/A,1
N/A,1
N/A,1
N/A,1
N/A,1
N/A,1
N/A,1
N/A,1
N/A,1
N/A,1
N/A,1
N/A,1
N/A,1
N/A,1
N/A,1
N/A,1
N/A,1
N/A,1
N/A,1
N/A,1
N/A,1
N/A,1
N/A,1
N/A,1
N/A,1
Narashino,1
N/A,1
N/A,1
N/A,1
N/A,1
N/A,1
N/A,1
N/A,1
N/A,1
N/A,1
