property,value,visitors,events,percentage
url,(none),474,613,99.8
url,https://bootstrap.pypa.io/get-pip.py,5,7,1.1
url,https://pip.pypa.io/en/latest/,3,3,0.6
url,https://github.com/features/actions,2,2,0.4
url,https://bandersnatch.readthedocs.io/,1,1,0.2
url,https://brew.sh/,1,1,0.2
url,https://docs.python-guide.org/starting/installation/#installation,1,1,0.2
url,https://github.com/psf/black,1,1,0.2
url,https://github.com/pypa/bandersnatch,1,1,0.2
url,https://github.com/pypa/packaging.python.org,1,1,0.2
url,https://github.com/python-poetry/poetry,1,1,0.2
url,https://musl.libc.org/,1,1,0.2
url,https://opentechschool.github.io/python-beginners/en/getting_started.html#what-is-python-exactly,1,1,0.2
url,https://pipenv.pypa.io/en/latest/index.html,1,1,0.2
url,https://pipx.pypa.io/,1,1,0.2
url,https://pypi.org/,1,1,0.2
url,https://pypi.org/manage/account/publishing/,1,1,0.2
url,https://pypi.org/project/build,1,1,0.2
url,https://www.python.org/,1,1,0.2
