name,unique_exits,total_exits,exit_rate
/pt-br/3/tutorial/index.html,134,144,
/pt-br/3/library/venv.html,106,107,
/pt-br/3/,62,64,
/pt-br/3/library/stdtypes.html,62,62,
/pt-br/3/library/math.html,58,59,
/pt-br/3.13/library/functions.html,57,57,
/pt-br/3.13/tutorial/datastructures.html,53,56,
/pt-br/3/tutorial/controlflow.html,51,56,
/3/,48,46,
/pt-br/3.13/tutorial/index.html,47,48,
/pt-br/3.13/,44,44,
/pt-br/3/tutorial/classes.html,44,44,
/pt-br/3/library/,43,43,
/pt-br/3/library/index.html,35,36,
/pt-br/3/tutorial/introduction.html,35,37,
/pt-br/3/tutorial/inputoutput.html,33,32,
/pt-br/3.13/library/stdtypes.html,32,32,
/pt-br/3/library/functions.html,32,33,
/pt-br/3.13/tutorial/controlflow.html,30,31,
/pt-br/3/search.html,30,31,
/pt-br/3/library/tkinter.html,29,29,
/pt-br/3/library/random.html,27,27,
/pt-br/3/library/string.html,27,28,
/pt-br/3/tutorial/datastructures.html,27,28,
/pt-br/3/tutorial/interpreter.html,27,29,
/pt-br/3.13/search.html,26,26,
/pt-br/3.13/library/index.html,25,25,
/pt-br/3/library/datetime.html,25,27,
/pt-br/3/tutorial/modules.html,23,23,
/pt-br/3/faq/windows.html,20,20,
/pt-br/3/library/re.html,19,19,
/pt-br/3/tutorial/,19,21,
/pt-br/3.13/library/tkinter.html,18,19,
/pt-br/3.13/tutorial/introduction.html,18,17,
/pt-br/3.13/library/__main__.html,17,16,
/pt-br/3.13/tutorial/interpreter.html,17,17,
/pt-br/3/howto/logging.html,15,15,
/pt-br/dev/library/zlib.html,15,15,
/pt-br/3.13/tutorial/appetite.html,14,14,
/pt-br/3.13/using/windows.html,14,14,
/pt-br/3.13/library/random.html,13,17,
/pt-br/3.13/tutorial/classes.html,13,13,
/pt-br/3.13/tutorial/errors.html,13,13,
/pt-br/3/library/os.html,13,13,
/pt-br/3.13/library/math.html,12,12,
/pt-br/3/using/cmdline.html,12,10,
/pt-br/dev/tutorial/datastructures.html,12,12,
/pt-br/3.13/index.html,10,10,
/pt-br/3.13/library/venv.html,10,10,
/pt-br/3.13/library/shutil.html,9,9,
/pt-br/3/glossary.html,9,9,
/pt-br/3.13/download.html,8,8,
/pt-br/3.13/tutorial/modules.html,8,8,
/pt-br/3/installing/index.html,8,8,
/pt-br/3/library/csv.html,8,8,
/pt-br/3/tutorial/appetite.html,8,8,
/pt-br/3/using/android.html,8,8,
/pt-br/dev/library/calendar.html,8,8,
/3/library/functions.html,7,7,
/pt-br/3.13/library/array.html,7,7,
/pt-br/3.13/library/datetime.html,7,8,
/pt-br/3.13/reference/lexical_analysis.html,7,7,
/pt-br/3/library/itertools.html,7,7,
/pt-br/3/library/json.html,7,7,
/pt-br/3/library/statistics.html,7,7,
/pt-br/3/tutorial/venv.html,7,7,
/3.13/tutorial/index.html,6,6,
/3.13/using/windows.html,6,5,
/3/library/index.html,6,6,
/3/library/random.html,6,6,
/3/search.html,6,5,
/pt-br/3.13/howto/sorting.html,6,6,
/pt-br/3.13/library/string.html,6,6,
/pt-br/3.13/py-modindex.html,6,6,
/pt-br/3.13/reference/expressions.html,6,6,
/pt-br/3/library/abc.html,6,6,
/pt-br/3/library/glob.html,6,6,
/pt-br/3/library/time.html,6,6,
/pt-br/3/using/mac.html,6,6,
/3.13/,5,5,
/3/library/collections.html,5,5,
/3/library/tkinter.html,5,5,
/pt-br/3.13/library/exceptions.html,5,6,
/pt-br/3.13/reference/compound_stmts.html,5,5,
/pt-br/3.13/reference/import.html,5,5,
/pt-br/3.13/tutorial/,5,9,
/pt-br/3.13/using/cmdline.html,5,5,
/pt-br/3/contents.html,5,6,
/pt-br/3/howto/sorting.html,5,5,
/pt-br/3/library/copy.html,5,5,
/pt-br/3/library/pydoc.html,5,5,
/pt-br/3/reference/compound_stmts.html,5,5,
/pt-br/3/reference/expressions.html,5,5,
/pt-br/3/reference/index.html,5,5,
/pt-br/3/using/windows.html,5,5,
/pt-br/3/whatsnew/3.13.html,5,5,
/pt-br/dev/library/stdtypes.html,5,5,
/3.15/,4,4,
/3/download.html,4,4,
/3/tutorial/controlflow.html,4,4,
