name,visitors
Seoul,97
Ho Chi Minh City,53
N/A,49
Hanoi,44
Suwon,39
N/A,35
N/A,31
Seongnam-si,31
N/A,28
Busan,27
Singapore,22
Cheongju-si,21
N/A,19
N/A,17
N/A,16
N/A,16
Namyangju,15
N/A,14
N/A,14
Shenzhen,13
N/A,13
Daejeon,13
Gumi,13
Goyang-si,12
Hwaseong-si,11
Ansan-si,10
N/A,10
N/A,9
N/A,9
N/A,9
Chengdu,8
N/A,8
N/A,8
N/A,8
Xi’an,7
Nanning,7
N/A,7
N/A,7
N/A,7
N/A,7
Haiphong,6
N/A,6
Daegu,6
Bucheon-si,6
Pohang,6
N/A,6
Incheon,6
Chinju,6
Anyang-si,6
N/A,6
N/A,6
N/A,6
N/A,6
Zhengzhou,5
Fuzhou,5
N/A,5
Ulsan,5
N/A,5
Gyeongsan-si,5
Gunpo,5
N/A,5
Cheonan,5
Gwangmyeong,5
Council Bluffs,5
N/A,5
N/A,5
N/A,5
N/A,5
Da Nang,4
Jinan,4
Hefei,4
Beijing,4
N/A,4
Osan,4
N/A,4
Tokyo,4
Suzhou,4
The Dalles,4
N/A,4
N/A,4
N/A,4
Shijiazhuang,3
Ningbo,3
Hangzhou,3
Hong Kong,3
Phnom Penh,3
Yangp'yŏng,3
N/A,3
N/A,3
N/A,3
Asan,3
Kimhae,3
Jeonju,3
Changwon,3
Los Angeles,3
N/A,3
N/A,3
N/A,3
N/A,3
N/A,3
N/A,3
N/A,3
N/A,3
Sejong,3
Denizli,2
Moscow,2
Bengaluru,2
Ninh Bình,2
Bến Tre,2
Banyuwangi,2
Wuxi,2
Dongyang,2
Wuhan,2
Wenzhou,2
Tai’an,2
Shanghai,2
Lanzhou,2
Huzhou,2
Guiyang,2
Guangzhou,2
Foshan,2
Suncheon,2
N/A,2
Nonsan,2
Miryang,2
Gyeongju,2
N/A,2
Koesan,2
Gangneung,2
Iksan,2
Icheon-si,2
Kamakura,2
Shenyang,2
Harbin,2
Changchun,2
Amsterdam,2
Hanau am Main,2
New York City,2
Stony Brook,2
N/A,2
N/A,2
N/A,2
N/A,2
N/A,2
N/A,2
N/A,2
Kyiv,1
N/A,1
Pune,1
Hyderabad,1
Ürümqi,1
Thái Bình,1
Lấp Vò,1
Hạ Long,1
Cần Thơ,1
Bỉm Sơn,1
Biên Hòa,1
N/A,1
Zhenjiang,1
Tianjin,1
Quanzhou,1
Qingdao,1
Nanjing,1
Luoyang,1
Lianyun,1
Jinhua,1
Jiaxing,1
Handan,1
Haikou,1
Enshi,1
Dalian,1
Chongqing,1
Changsha,1
N/A,1
Wŏnju,1
N/A,1
N/A,1
N/A,1
Kosong,1
Naju,1
Gwangju,1
Gunsan,1
N/A,1
N/A,1
N/A,1
N/A,1
N/A,1
N/A,1
Chuncheon,1
N/A,1
Anseong,1
Andong,1
Osaka,1
N/A,1
N/A,1
Chifeng,1
Benxi,1
Durham,1
Bjelovar,1
Columbus,1
Ashburn,1
Boston,1
Englewood,1
Warren,1
N/A,1
Zhongshan,1
N/A,1
N/A,1
N/A,1
N/A,1
N/A,1
N/A,1
Jeongeup,1
