name,visitors
Tokyo,92
Singapore,82
Beijing,69
Hong Kong,65
Moscow,51
Los Angeles,46
Shanghai,45
Munich,39
Manchester,36
Frankfurt am Main,35
Paris,30
Hyderabad,29
Chennai,28
London,28
Bengaluru,27
Guangzhou,27
Madrid,24
Chicago,23
Mumbai,22
Osaka,22
Pune,20
San Jose,20
Tel Aviv,18
Warsaw,18
Hangzhou,18
Prague,18
Kyiv,17
Berlin,17
Saint Petersburg,16
Amsterdam,16
Toronto,16
Vienna,15
Ithaca,15
Montréal,15
Tashkent,14
Zhengzhou,14
Xi’an,14
Zürich,14
Budapest,14
New York City,14
Rome,13
Bogotá,13
Stockholm,12
São Paulo,12
Reston,12
Seattle,12
Taipei,11
Tianjin,11
Shenzhen,11
Chengdu,11
Medellín,11
Atlanta,11
Ashburn,11
Cairo,10
Minsk,10
Helsinki,10
Delhi,10
Coimbatore,10
Hamburg,10
Milan,10
Rio de Janeiro,10
Istanbul,9
Kolkata,9
Ho Chi Minh City,9
Wuhan,9
Qingdao,9
Sydney,9
Sunnyvale,9
New Delhi,8
Hanoi,8
N/A,8
Lisbon,8
Düsseldorf,8
N/A,8
Morrow,8
Nairobi,7
Nizhniy Novgorod,7
Colombo,7
Jakarta,7
Changsha,7
Suzhou,7
Melbourne,7
Delft,7
Stuttgart,7
Lyon,7
Barcelona,7
Nashville,7
Austin,7
Riyadh,6
Dubai,6
Chandīgarh,6
Yekaterinburg,6
Nanjing,6
Jinan,6
Fuzhou,6
Auckland,6
Valencia,6
Casablanca,6
Copenhagen,6
City of Westminster,6
Slough,6
Glasgow,6
Bonn,6
Dublin,6
Oslo,6
Zagreb,6
Dallas,6
Jersey City,6
San Diego,6
Boardman,6
Redmond,6
N/A,6
Lviv,5
Lahore,5
Lucknow,5
Kuala Lumpur,5
Dalian,5
Chongqing,5
N/A,5
Luanda,5
Tunis,5
Camberley,5
Birmingham,5
Malmö,5
Brussels,5
Köln,5
Marseille,5
Bayonne,5
N/A,5
Santo Domingo,5
Quito,5
Cali,5
San Francisco,5
Santa Clara,5
Beaverton,5
Ottawa,5
N/A,5
Mogadishu,4
Limassol,4
Damascus,4
Amman,4
Ulyanovsk,4
Smolensk,4
Baku,4
Vilnius,4
Bucharest,4
Dnipro,4
Tyumen,4
Nur-Sultan,4
Taoyuan,4
Chang-hua,4
Cebu City,4
Angeles City,4
Xingtai,4
Taizhou,4
Nanchang,4
Changzhou,4
Tsuen Wan,4
N/A,4
Seoul,4
N/A,4
Fussa,4
Changchun,4
Abuja,4
York,4
Kensington,4
Lausanne,4
Bern,4
Täby,4
Brugge,4
Siegen,4
Nürnberg,4
Mannheim,4
Freiburg,4
Sallanches,4
Bezons,4
Andorra la Vella,4
Kraków,4
Trondheim,4
Villaricca,4
Verona,4
Maringá,4
Bucaramanga,4
Santiago,4
Miami,4
Minneapolis,4
Rochester,4
Portland,4
Edmonton,4
Jerusalem,3
Eskişehir,3
Voronezh,3
Samara,3
Rostov-na-Donu,3
Perm,3
Kaliningrad,3
Tallinn,3
Ivano-Frankivsk,3
Sofia,3
Thessaloníki,3
Belgrade,3
Johannesburg,3
Karachi,3
Jalandhar,3
Cochin,3
Ahmedabad,3
Novosibirsk,3
Shymkent,3
Taichung,3
Wuhu,3
Quanzhou,3
Kunming,3
Jining,3
N/A,3
N/A,3
Busan,3
Goyang-si,3
Tokorozawa,3
Shenyang,3
Sapporo,3
Brisbane,3
Wellington,3
Palermo,3
Marrakesh,3
Frederiksberg,3
Reading,3
Norwich,3
Islington,3
Luzern,3
Haarlem,3
Linz,3
Antwerpen,3
Wiesbaden,3
Gießen,3
Dresden,3
Orléans,3
Wrocław,3
Łódź,3
Gdańsk,3
Vigo,3
N/A,3
Montevideo,3
Uberlândia,3
Jaraguá do Sul,3
Curitiba,3
Carapicuíba,3
Coyoacán,3
Lima,3
Tonalá,3
Culiacán,3
Odenville,3
Washington,3
Sarasota,3
Woodstock,3
Terre Haute,3
Manhattan,3
Ellicott City,3
Kansas City,3
Cary,3
Raleigh,3
Washington,3
Des Moines,3
N/A,3
Queens,3
Madison,3
Fremont,3
Orange,3
Calgary,3
Kanata,3
Markham,3
Vancouver,3
Victoria,3
Noida,3
Chaowai,3
N/A,3
N/A,3
Mecca,2
Dammam,2
Tehran,2
Denizli,2
Ankara,2
Shibīn al Kawm,2
N/A,2
Riga,2
Volgograd,2
Vladikavkaz,2
Taganrog,2
Kazan,2
Kaluga,2
Korolev,2
Klaipėda,2
Rustavi,2
Leova,2
Turku,2
Suceava,2
Otopeni,2
Odessa,2
Horodok,2
Shumen,2
Mława,2
