name,unique_entrances,total_entrances,visit_duration
/pl/3/tutorial/index.html,19,19,344
/pl/3/tutorial/datastructures.html,16,16,31
/3/,7,7,72
/pl/3/tutorial/appetite.html,7,7,323
/pl/3/tutorial/venv.html,7,7,0
/pl/3.13/library/idle.html,6,6,144
/pl/3/,6,6,15
/pl/3/tutorial/inputoutput.html,6,6,4
/pl/3/tutorial/interpreter.html,6,6,70
/pl/3/tutorial/introduction.html,6,6,372
/pl/3.13/,5,5,32
/pl/3/library/index.html,5,5,0
/pl/3/tutorial/classes.html,5,5,0
/pl/3/tutorial/errors.html,5,5,193
/pl/3.13/tutorial/index.html,4,4,18
/pl/3/installing/index.html,4,4,800
/pl/dev/library/turtle.html,4,4,0
/3/library/idle.html,3,3,108
/pl/3.13/tutorial/interpreter.html,3,3,1216
/3.13/using/windows.html,2,2,20
/3/tutorial/datastructures.html,2,2,1478
/pl/3.13/library/functions.html,2,2,1
/pl/3.13/tutorial/controlflow.html,2,2,8
/pl/3.13/tutorial/errors.html,2,2,0
/pl/3.13/tutorial/introduction.html,2,3,3
/pl/3.15/library/webbrowser.html,2,2,0
/pl/3/library/idle.html,2,2,0
/pl/3/library/pydoc.html,2,2,8
/pl/3/tutorial/controlflow.html,2,2,0
/pl/3/tutorial/floatingpoint.html,2,2,0
/pl/dev/library/functions.html,2,2,0
/pl/dev/tutorial/datastructures.html,2,2,0
/pl/dev/tutorial/floatingpoint.html,2,3,43
/pl/dev/tutorial/inputoutput.html,2,2,0
/3.13/howto/a-conceptual-overview-of-asyncio.html,1,1,0
/3.13/library/venv.html,1,1,93
/3.13/tutorial/,1,1,1
/3.13/tutorial/index.html,1,1,243
/3/faq/,1,1,534
/3/faq/gui.html,1,1,32
/3/howto/regex.html,1,1,4631
/3/index.html,1,1,827
/3/library/datetime.html,1,1,459
/3/library/decimal.html,1,1,11
/3/library/functions.html,1,1,2860
/3/library/index.html,1,1,182
/3/library/keyword.html,1,1,927
/3/library/re.html,1,1,134
/3/library/stdtypes.html,1,1,0
/3/library/tkinter.scrolledtext.html,1,1,0
/3/library/turtle.html,1,1,39
/3/library/unittest.html,1,1,4
/3/library/venv.html,1,1,90
/3/reference/compound_stmts.html,1,1,2070
/3/reference/executionmodel.html,1,1,87
/3/search.html,1,1,44
/3/tutorial/controlflow.html,1,1,112
/3/tutorial/index.html,1,1,103
/3/tutorial/introduction.html,1,1,29
/dev/library/audioop.html,1,1,0
/es/3/library/sched.html,1,1,17
/fr/3.13/howto/sorting.html,1,1,805
/id/3/library/graphlib.html,1,1,18
/ja/dev/library/webbrowser.html,1,1,18
/ko/3.13/tutorial/index.html,1,1,123
/pl/3.12/howto/unicode.html,1,1,0
/pl/3.12/installing/index.html,1,1,0
/pl/3.12/library/intro.html,1,1,0
/pl/3.12/tutorial/inputoutput.html,1,1,0
/pl/3.13/faq/gui.html,1,1,0
/pl/3.13/installing/index.html,1,1,3
/pl/3.13/library/argparse.html,1,1,0
/pl/3.13/library/asyncio-protocol.html,1,1,0
/pl/3.13/library/asyncio-stream.html,1,1,0
/pl/3.13/library/asyncio.html,1,1,346
/pl/3.13/library/index.html,1,1,53
/pl/3.13/library/stdtypes.html,1,1,0
/pl/3.13/library/struct.html,1,1,10
/pl/3.13/library/subprocess.html,1,1,0
/pl/3.13/library/tkinter.scrolledtext.html,1,1,24
/pl/3.13/library/turtle.html,1,2,0
/pl/3.13/library/venv.html,1,1,0
/pl/3.13/reference/compound_stmts.html,1,1,71
/pl/3.13/search.html,1,1,0
/pl/3.13/tutorial/inputoutput.html,1,1,0
/pl/3.13/tutorial/modules.html,1,1,50
/pl/3.13/using/windows.html,1,1,0
/pl/3.14/c-api/cell.html,1,1,0
/pl/3.14/c-api/weakref.html,1,1,0
/pl/3.15/library/asyncio-api-index.html,1,1,0
/pl/3.15/library/asyncio-queue.html,1,1,4
/pl/3.15/library/asyncio-task.html,1,1,9
/pl/3.15/library/base64.html,1,1,0
/pl/3.15/library/keyword.html,1,1,38
/pl/3.15/library/runpy.html,1,1,0
/pl/3.15/library/shelve.html,1,1,50
/pl/3.15/tutorial/errors.html,1,1,0
/pl/3.15/tutorial/stdlib.html,1,1,0
/pl/3/c-api/list.html,1,1,0
/pl/3/extending/extending.html,1,1,0
/pl/3/extending/newtypes_tutorial.html,1,1,0
/pl/3/genindex.html,1,1,5
/pl/3/howto/timerfd.html,1,1,0
/pl/3/index.html,1,1,165
/pl/3/library/abc.html,1,1,0
/pl/3/library/array.html,1,1,0
/pl/3/library/cgitb.html,1,1,0
/pl/3/library/codeop.html,1,1,0
/pl/3/library/dataclasses.html,1,1,0
/pl/3/library/functions.html,1,1,0
/pl/3/library/msilib.html,1,1,28
/pl/3/library/queue.html,1,1,2
/pl/3/library/tabnanny.html,1,1,0
/pl/3/library/time.html,1,1,0
/pl/3/library/turtle.html,1,1,0
/pl/3/library/zipapp.html,1,1,0
/pl/3/library/zlib.html,1,1,54
/pl/3/tutorial/,1,1,0
/pl/3/tutorial/modules.html,1,1,0
/pl/3/using/android.html,1,1,0
/pl/3/using/mac.html,1,1,0
/pl/3/whatsnew/3.12.html,1,1,0
/pl/dev/c-api/typeobj.html,1,1,0
/pl/dev/c-api/unicode.html,1,1,0
/pl/dev/contents.html,1,1,0
/pl/dev/howto/annotations.html,1,1,0
/pl/dev/library/asyncio-eventloop.html,1,1,0
/pl/dev/library/asyncio-future.html,1,1,0
/pl/dev/library/decimal.html,1,1,0
/pl/dev/library/dis.html,1,1,686
/pl/dev/library/http.client.html,1,1,0
/pl/dev/library/importlib.html,1,1,0
/pl/dev/library/socket.html,1,1,0
/pl/dev/library/statistics.html,1,1,0
/pl/dev/library/windows.html,1,1,0
/pl/dev/reference/datamodel.html,1,1,0
/zh-cn/3/c-api/type.html,1,1,1
