name,unique_exits,total_exits,exit_rate
/ja/latest/tutorials/installing-packages/,31,32,
/ja/latest/guides/writing-pyproject-toml/,27,28,
/ja/latest/guides/installing-using-pip-and-virtual-environments/,24,24,
/ja/latest/discussions/src-layout-vs-flat-layout/,6,6,
/ja/latest/discussions/setup-py-deprecated/,4,4,
/ja/latest/guides/section-build-and-publish/,3,3,
/ja/latest/specifications/version-specifiers/,3,3,
/ja/latest/tutorials/packaging-projects/,3,3,
/en/latest/tutorials/installing-packages/,2,2,
/ja/latest/discussions/single-source-version/,2,2,
/ja/latest/guides/installing-using-linux-tools/,2,2,
/en/latest/,1,1,
/en/latest/guides/writing-pyproject-toml/,1,1,
/en/latest/overview/,1,1,
/ja/latest/guides/creating-and-discovering-plugins/,1,1,
/ja/latest/guides/creating-command-line-tools/,1,1,
/ja/latest/guides/distributing-packages-using-setuptools/,1,1,
/ja/latest/guides/index-mirrors-and-caches/,1,1,
/ja/latest/guides/installing-scientific-packages/,1,1,
/ja/latest/guides/migrating-to-pypi-org/,1,1,
/ja/latest/specifications/binary-distribution-format/,1,1,
/ja/latest/specifications/externally-managed-environments/,1,1,
/ja/latest/specifications/license-expression/,1,1,
/ja/latest/specifications/platform-compatibility-tags/,1,1,
/ja/latest/specifications/pypirc/,1,1,
