name,visitors,pageviews,bounce_rate,time_on_page,scroll_depth
/ja/latest/tutorials/installing-packages/,34,38,88,22,33
/ja/latest/guides/writing-pyproject-toml/,28,33,90,29,47
/ja/latest/guides/installing-using-pip-and-virtual-environments/,25,30,87,25,47
/ja/latest/discussions/src-layout-vs-flat-layout/,6,6,83,60,99
/ja/latest/discussions/setup-py-deprecated/,5,4,100,91,87
/ja/latest/guides/section-build-and-publish/,4,4,100,21,97
/ja/latest/discussions/single-source-version/,3,2,100,23,100
/ja/latest/guides/installing-using-linux-tools/,3,2,100,7,64
/ja/latest/specifications/version-specifiers/,3,3,50,236,13
/ja/latest/tutorials/packaging-projects/,3,5,67,248,66
/ja/latest/,2,2,0,7,34
/ja/latest/guides/section-install/,2,1,0,4,100
/ja/latest/specifications/dependency-specifiers/,2,1,0,86,100
/ja/latest/discussions/package-formats/,1,1,0,,
/ja/latest/guides/creating-and-discovering-plugins/,1,1,100,24,100
/ja/latest/guides/creating-command-line-tools/,1,1,100,,
/ja/latest/guides/distributing-packages-using-setuptools/,1,1,100,,
/ja/latest/guides/index-mirrors-and-caches/,1,1,100,10,100
/ja/latest/guides/installing-scientific-packages/,1,1,100,,
/ja/latest/guides/installing-stand-alone-command-line-tools/,1,2,0,2,33
/ja/latest/guides/installing-using-virtualenv/,1,2,0,5,100
/ja/latest/guides/migrating-to-pypi-org/,1,1,100,4,32
/ja/latest/guides/modernize-setup-py-project/,1,1,0,4,13
/ja/latest/guides/using-testpypi/,1,1,0,3,47
/ja/latest/key_projects/,1,1,0,62,57
/ja/latest/overview/,1,1,0,7,22
/ja/latest/specifications/binary-distribution-format/,1,1,100,,
/ja/latest/specifications/externally-managed-environments/,1,1,100,95,71
/ja/latest/specifications/license-expression/,1,1,100,44,96
/ja/latest/specifications/platform-compatibility-tags/,1,1,100,234,17
/ja/latest/specifications/pypirc/,1,1,100,0,27
