property,value,visitors,events,percentage
url,(none),5684,12269,99.5
url,https://www.python.org/,117,123,2.0
url,https://docs.python.org/zh-cn/3.13/archives/python-3.13-docs-pdf-a4.zip,36,40,0.6
url,https://github.com/python/cpython/tree/3.13/Lib/idlelib/,29,45,0.5
url,https://www.python.org/downloads/,22,22,0.4
url,https://docs.python.org/zh-cn/3.13/archives/python-3.13-docs-html.zip,17,20,0.3
url,https://docs.python.org/zh-cn/3/archives/python-3.13-docs-pdf-a4.zip,12,13,0.2
url,https://www.python.org/downloads/macos/,12,12,0.2
url,https://pypi.org/,11,11,0.2
url,https://www.python.org/doc/versions/,7,7,0.1
url,https://cibuildwheel.pypa.io/en/stable/platforms/#android,5,6,0.1
url,https://docs.python.org/zh-cn/3.13/archives/python-3.13-docs.epub,5,5,0.1
url,https://docs.python.org/zh-cn/3/archives/python-3.13-docs-html.zip,5,5,0.1
url,https://github.com/python/cpython/tree/3.13/Lib/tkinter/__init__.py,5,9,0.1
url,https://packaging.python.org/en/latest/tutorials/packaging-projects/,5,5,0.1
url,https://briefcase.readthedocs.io/,4,4,0.1
url,https://docs.python.org/zh-cn/3.13/archives/python-3.13-docs-text.zip,4,4,0.1
url,https://github.com/python/cpython/tree/3.13/Lib/idlelib,4,4,0.1
url,https://packaging.python.org/,4,6,0.1
url,https://tiswww.case.edu/php/chet/readline/rltop.html,4,6,0.1
url,https://www.debian.org/doc/manuals/maint-guide/first.en.html,4,4,0.1
url,https://chaquo.com/chaquopy,3,3,0.1
url,https://packaging.python.org/en/latest/tutorials/installing-packages/#ensure-pip-setuptools-and-wheel-are-up-to-date,3,3,0.1
url,https://packaging.python.org/installing/,3,4,0.1
url,https://packaging.python.org/science/,3,3,0.1
url,https://wiki.python.org/moin/GuiProgramming,3,3,0.1
url,https://buildozer.readthedocs.io/,2,2,0.0
url,https://docs.python.org/zh-cn/3.13/archives/python-3.13-docs-pdf-a4.tar.bz2,2,2,0.0
url,https://docs.python.org/zh-cn/3.13/archives/python-3.13-docs-texinfo.zip,2,2,0.0
url,https://docs.python.org/zh-cn/3/archives/python-3.13-docs-text.zip,2,2,0.0
url,https://en.wikipedia.org/wiki/XML_namespace,2,4,0.0
url,https://github.com/python/cpython/blob/main/Doc/contents.rst?plain=1,2,2,0.0
url,https://github.com/python/cpython/blob/main/Doc/library/idle.rst?plain=1,2,2,0.0
url,https://github.com/python/cpython/blob/main/Doc/library/index.rst?plain=1,2,2,0.0
url,https://github.com/python/cpython/tree/3.13/Lib/turtle.py,2,2,0.0
url,https://github.com/python/cpython/tree/3.14/Lib/asyncio/runners.py,2,2,0.0
url,https://mypy.readthedocs.io/en/stable/cheat_sheet_py3.html,2,2,0.0
url,https://mypy.readthedocs.io/en/stable/index.html,2,2,0.0
url,https://peps.python.org/,2,2,0.0
url,https://pyinstaller.org/,2,2,0.0
url,https://pypi.org/project/py2app/,2,11,0.0
url,https://termux.dev/en/,2,2,0.0
url,https://typing.python.org/en/latest/,2,2,0.0
url,https://www.riverbankcomputing.com/static/Docs/pyqtdeploy/,2,2,0.0
url,https://www.sphinx-doc.org/,2,3,0.0
url,https://www.tcl.tk/,2,2,0.0
url,https://www.unicode.org/Public/15.1.0/ucd/NameAliases.txt,2,2,0.0
url,https://bugs.python.org/issue?@action=redirect&bpo=8637,1,1,0.0
url,https://core.tcl.tk/tips/doc/trunk/tip/48.md,1,1,0.0
url,https://docs.python.org/zh-cn/3.13/archives/python-3.13-docs-html.tar.bz2,1,1,0.0
url,https://docs.python.org/zh-cn/3.14/archives/python-3.14-docs-html.zip,1,1,0.0
url,https://docs.python.org/zh-cn/3.15/archives/python-3.15-docs-html.zip,1,1,0.0
url,https://docs.python.org/zh-cn/3/archives/python-3.13-docs.epub,1,1,0.0
url,https://en.wikipedia.org/wiki/Backus%E2%80%93Naur_form,1,1,0.0
url,https://en.wikipedia.org/wiki/Fibonacci_sequence,1,1,0.0
url,https://en.wikipedia.org/wiki/Universal_binary,1,1,0.0
url,https://github.com/pycompression/python-isal,1,1,0.0
url,https://github.com/python/cpython/blob/main/Doc/bugs.rst?plain=1,1,1,0.0
url,https://github.com/python/cpython/blob/main/Doc/library/cmd.rst?plain=1,1,1,0.0
url,https://github.com/python/cpython/blob/main/Doc/library/functions.rst?plain=1,1,1,0.0
url,https://github.com/python/cpython/blob/main/Doc/library/tk.rst?plain=1,1,1,0.0
url,https://github.com/python/cpython/blob/main/Doc/reference/toplevel_components.rst?plain=1,1,1,0.0
url,https://github.com/python/cpython/blob/main/Doc/tutorial/controlflow.rst?plain=1,1,1,0.0
url,https://github.com/python/cpython/blob/main/Doc/tutorial/interpreter.rst?plain=1,1,1,0.0
url,https://github.com/python/cpython/blob/main/Doc/tutorial/introduction.rst?plain=1,1,1,0.0
url,https://github.com/python/cpython/blob/main/Doc/whatsnew/3.13.rst?plain=1,1,2,0.0
url,https://github.com/python/cpython/issues/92936,1,1,0.0
url,https://github.com/python/cpython/tree/3.13/Android/README.md,1,1,0.0
url,https://github.com/python/cpython/tree/3.13/Android/testbed/app/src/main/java/org/python/testbed/MainActivity.kt,1,1,0.0
url,https://github.com/python/cpython/tree/3.13/Lib/_collections_abc.py,1,1,0.0
url,https://github.com/python/cpython/tree/3.13/Lib/decimal.py,1,1,0.0
url,https://github.com/python/cpython/tree/3.13/Lib/http/server.py,1,1,0.0
url,https://github.com/python/cpython/tree/3.13/Lib/io.py,1,1,0.0
url,https://github.com/python/cpython/tree/3.13/Lib/operator.py,1,1,0.0
url,https://github.com/python/cpython/tree/3.13/Lib/random.py,1,1,0.0
url,https://github.com/python/cpython/tree/3.13/Lib/re/,1,1,0.0
url,https://github.com/python/cpython/tree/3.13/Lib/secrets.py,1,1,0.0
url,https://github.com/python/cpython/tree/3.13/Lib/tkinter/colorchooser.py,1,1,0.0
url,https://github.com/python/cpython/tree/3.13/Lib/tkinter/ttk.py,1,1,0.0
url,https://github.com/python/cpython/tree/3.13/Lib/typing.py,1,1,0.0
url,https://grantjenks.com/docs/sortedcollections/,1,1,0.0
url,https://packaging.python.org/installing/#creating-virtual-environments,1,1,0.0
url,https://peps.python.org/pep-0397/,1,1,0.0
url,https://peps.python.org/pep-0572/,1,1,0.0
url,https://peps.python.org/pep-0617/,1,1,0.0
url,https://peps.python.org/pep-0779/,1,1,0.0
url,https://peps.python.org/pep-3131/,1,2,0.0
url,https://pypi.org/project/click/,1,1,0.0
url,https://pypi.org/project/tomlkit/,1,1,0.0
url,https://scipy.org/,1,1,0.0
url,https://setuptools.readthedocs.io/en/latest/setuptools.html,1,1,0.0
url,https://tkdocs.com/,1,1,0.0
url,https://typing.python.org/en/latest/spec/index.html,1,1,0.0
url,https://webassembly.org/,1,2,0.0
url,https://wiki.python.org/moin/IntegratedDevelopmentEnvironments,1,1,0.0
url,https://wiki.python.org/moin/PythonBooks,1,1,0.0
url,https://wiki.python.org/moin/PythonEditors,1,1,0.0
url,https://www.anaconda.com/download/,1,1,0.0
url,https://www.pypa.io/,1,1,0.0
url,https://www.python.org/about/success,1,1,0.0
url,https://www.python.org/psf/donations/,1,1,0.0
url,https://www.tcl.tk/man/tcl8.6/TkCmd/contents.htm,1,1,0.0
url,https://www.tkdocs.com/shipman/,1,1,0.0
url,https://www.zlib.net/,1,1,0.0
