name,visitors,pageviews,bounce_rate,time_on_page,scroll_depth
/zh-cn/3/tutorial/index.html,473,637,62,25,53
/zh-cn/3.13/tutorial/index.html,445,575,59,108,61
/zh-cn/3/,406,510,54,16,77
/zh-cn/3.13/,376,506,37,333,81
/zh-cn/3/library/index.html,296,375,55,35,47
/zh-cn/3.13/library/index.html,233,297,48,52,49
/zh-cn/3/library/turtle.html,186,241,81,316,40
/zh-cn/3/library/idle.html,185,194,76,27,29
/zh-cn/3.13/tutorial/interpreter.html,158,158,49,97,80
/zh-cn/3/library/functions.html,152,161,78,62,41
/zh-cn/3.13/tutorial/introduction.html,149,138,73,152,58
/zh-cn/3.13/reference/index.html,143,183,45,30,77
/zh-cn/3.13/search.html,138,197,50,22,44
/zh-cn/3.13/index.html,129,137,43,19,80
/zh-cn/3.13/tutorial/controlflow.html,125,130,68,273,45
/zh-cn/3/reference/index.html,125,172,39,24,72
/zh-cn/3/tutorial/interpreter.html,124,123,62,55,79
/zh-cn/3.13/tutorial/appetite.html,115,91,41,361,90
/zh-cn/3/search.html,112,218,19,53,51
/zh-cn/3/index.html,111,139,36,24,82
/zh-cn/3.13/library/stdtypes.html,109,103,76,106,39
/zh-cn/3.13/using/android.html,107,123,75,18,89
/zh-cn/3/tutorial/controlflow.html,105,107,72,124,43
/zh-cn/3.13/library/functions.html,102,88,50,52,40
/zh-cn/3/tutorial/introduction.html,99,112,68,152,59
/zh-cn/3/library/stdtypes.html,94,104,61,85,35
/zh-cn/3/library/math.html,88,102,81,41,35
/zh-cn/3/using/mac.html,88,86,71,47,49
/zh-cn/3.13/download.html,84,63,8,53,89
/zh-cn/3/tutorial/appetite.html,81,66,33,40,89
/zh-cn/3/using/windows.html,81,79,80,69,35
/zh-cn/3.13/glossary.html,79,81,60,63,45
/zh-cn/3.13/contents.html,71,75,38,16,10
/zh-cn/3.13/using/index.html,71,71,79,10,77
/zh-cn/3/using/index.html,71,85,76,21,78
/zh-cn/3.13/tutorial/datastructures.html,69,66,62,178,61
/zh-cn/3/tutorial/datastructures.html,64,60,79,127,51
/zh-cn/3.13/reference/lexical_analysis.html,61,54,70,188,52
/zh-cn/3.13/library/idle.html,59,55,67,67,41
/zh-cn/3.13/using/windows.html,58,51,73,55,47
/zh-cn/3/tutorial/,57,65,73,71,66
/zh-cn/3.13/reference/datamodel.html,55,52,82,169,41
/zh-cn/3.13/tutorial/,55,57,47,28,56
/zh-cn/3.13/installing/index.html,53,47,46,56,63
/zh-cn/3/contents.html,53,61,37,21,15
/zh-cn/3.13/howto/index.html,50,45,60,19,90
/zh-cn/3/download.html,50,37,68,18,94
/zh-cn/3.13/whatsnew/3.13.html,48,41,57,57,24
/zh-cn/3.13/library/turtle.html,47,46,86,149,42
/zh-cn/3.13/library/tkinter.html,46,40,74,91,36
/zh-cn/3.13/py-modindex.html,46,54,73,25,54
/zh-cn/3.13/tutorial/classes.html,46,53,71,203,61
/zh-cn/3/reference/lexical_analysis.html,46,50,43,192,65
/zh-cn/3.13/tutorial/modules.html,45,43,31,147,55
/zh-cn/3/installing/index.html,45,44,80,21,65
/zh-cn/3.12/,42,50,38,33,78
/zh-cn/3/glossary.html,42,40,83,54,46
/zh-cn/3/reference/datamodel.html,42,43,50,113,53
/zh-cn/3.13/reference/compound_stmts.html,41,33,56,37,38
/zh-cn/3/library/tkinter.html,41,47,59,79,50
/zh-cn/3/reference/expressions.html,41,49,62,40,64
/zh-cn/3/tutorial/classes.html,41,39,61,81,47
/zh-cn/3.13/reference/introduction.html,40,34,50,118,92
/zh-cn/3/tutorial/inputoutput.html,38,39,83,104,41
/zh-cn/3.12/tutorial/index.html,37,50,41,56,66
/zh-cn/3.14/whatsnew/3.14.html,37,32,73,70,15
/zh-cn/3/whatsnew/3.13.html,37,34,92,33,27
/zh-cn/3/library/,36,53,72,19,25
/zh-cn/3.13/reference/expressions.html,35,31,83,66,60
/zh-cn/3/library/tk.html,34,32,70,42,66
/zh-cn/3/py-modindex.html,34,35,50,15,49
/zh-cn/3/reference/simple_stmts.html,34,35,71,38,54
/zh-cn/3.13/library/math.html,33,30,60,61,47
/zh-cn/3/reference/compound_stmts.html,33,38,70,37,29
/zh-cn/3.12/library/index.html,31,37,50,66,54
/zh-cn/3.13/library/venv.html,31,30,92,96,28
/zh-cn/3.13/tutorial/inputoutput.html,31,27,77,148,53
/zh-cn/3/reference/introduction.html,31,34,38,34,81
/zh-cn/3.13/library/tk.html,30,26,73,38,59
/zh-cn/3.13/using/mac.html,30,32,75,119,47
/zh-cn/3/library/string.html,30,28,42,59,47
/zh-cn/3/tutorial/stdlib.html,29,19,57,91,50
/zh-cn/3.13/tutorial/stdlib.html,27,30,57,85,56
/zh-cn/3/library/re.html,27,25,80,65,43
/zh-cn/3.13/using/,26,25,52,51,76
/zh-cn/3/genindex.html,26,31,20,5,96
/zh-cn/3/library/intro.html,26,22,60,27,73
/zh-cn/3/tutorial/modules.html,26,23,64,103,53
/zh-cn/3.13/tutorial/errors.html,25,23,92,207,54
/zh-cn/3.13/using/cmdline.html,25,20,70,32,39
/zh-cn/3.14/,25,23,71,9,74
/zh-cn/3/library/venv.html,25,26,86,18,25
/zh-cn/3.15/,24,25,29,34,72
/zh-cn/3/whatsnew/index.html,24,26,65,9,13
/zh-cn/3.12/library/functions.html,23,24,100,58,46
/zh-cn/3.13/library/re.html,23,26,100,385,66
/zh-cn/3.15/tutorial/index.html,23,28,62,59,63
/zh-cn/3/library/os.html,23,22,100,103,18
/zh-cn/3.13/tutorial/venv.html,22,19,90,44,78
/zh-cn/3.12/library/stdtypes.html,21,23,75,139,41
