name,version,visitors
Chrome,134.0,1110
Microsoft Edge,134.0,603
Firefox,136.0,205
Opera,117.0,113
Safari,18.3,94
Mobile App,(not set),85
Chrome,133.0,69
Yandex Browser,25.2,52
Smart Lenovo Browser,9.0,40
Chrome,132.0,34
Chrome,122.0,33
Chrome,131.0,33
Mobile App,134.0,26
Firefox,128.0,17
Microsoft Edge,133.0,17
Microsoft Edge,132.0,16
Firefox,135.0,15
Chrome,109.0,13
Quark,(not set),12
Chrome,128.0,12
Safari,18.1,12
Microsoft Edge,131.0,11
Chrome,125.0,10
Chrome,129.0,10
Safari,17.6,10
Chrome,69.0,10
Chrome,130.0,9
Sogou Explorer,2,9
QQ Browser,13.7,8
Firefox,5.0,8
Chrome,126.0,7
Samsung Browser,27.0,7
Chrome,86.0,7
360 Secure Browser,(not set),6
Chrome,108.0,6
Microsoft Edge,126.0,6
Chrome,111.0,5
Chrome,114.0,5
Chrome,121.0,5
Microsoft Edge,127.0,5
Chrome,127.0,5
Chrome,135.0,5
Huawei Browser Mobile,16.0,5
Safari,18.2,5
Safari,18.4,5
Microsoft Edge,129.0,4
QQ Browser,13.6,4
Microsoft Edge,135.0,4
Safari,16.6,4
Mobile App,97.0,4
Safari,(not set),3
Chrome,101.0,3
Chrome,112.0,3
Microsoft Edge,114.0,3
Chrome,117.0,3
Microsoft Edge,119.0,3
Chrome,120.0,3
Chrome,124.0,3
Mobile App,133.0,3
Firefox,134.0,3
Safari,17.4,3
Safari,17.5,3
Mobile App,90.0,3
Microsoft Edge,92.0,3
Chrome,103.0,2
Microsoft Edge,109.0,2
Microsoft Edge,113.0,2
Firefox,115.0,2
Chrome,116.0,2
Opera,116.0,2
Firefox,117.0,2
Chrome,118.0,2
Huawei Browser,12.1,2
Microsoft Edge,122.0,2
Microsoft Edge,125.0,2
Microsoft Edge,128.0,2
QQ Browser,13.5,2
Microsoft Edge,130.0,2
Firefox,131.0,2
Firefox,133.0,2
MIUI Browser,14.10,2
Safari,16.0,2
Safari,17.1,2
Safari,17.3,2
Safari,18.0,2
Microsoft Edge,18.17763,2
MIUI Browser,19.2,2
Yandex Browser,24.12,2
Samsung Browser,26.0,2
Whale Browser,4.30,2
QtWebEngine,6.7,2
Chrome,63.0,2
Quark,7.9,2
Opera,95.0,2
Mobile App,99.0,2
(not set),(not set),1
Firefox,100.0,1
Microsoft Edge,101.0,1
Firefox,102.0,1
Chrome,104.0,1
Chrome,106.0,1
Microsoft Edge,107.0,1
Chrome,110.0,1
Microsoft Edge,110.0,1
Mobile App,111.0,1
Opera,112.0,1
Opera,114.0,1
Microsoft Edge,115.0,1
Opera,115.0,1
Chrome,115.0,1
Microsoft Edge,117.0,1
Chrome,119.0,1
Safari,12.1,1
Microsoft Edge,120.0,1
Firefox,122.0,1
Chrome,123.0,1
Microsoft Edge,123.0,1
Firefox,125.0,1
Safari,13.1,1
QQ Browser,13.3,1
QQ Browser,13.4,1
Firefox,130.0,1
Mobile App,130.0,1
Norton Private Browser,131.0,1
Mobile App,131.0,1
Iron,131.0,1
Norton Private Browser,132.0,1
Avast Secure Browser,132.0,1
AVG Secure Browser,132.0,1
Firefox,132.0,1
Firefox,136,1
Chrome,136.0,1
Firefox,136.2,1
Firefox,138.0,1
Safari,14.1,1
Safari,15.6,1
Safari,16.5,1
Phoenix Browser,17.8,1
vivo Browser,23.5,1
vivo Browser,23.6,1
Yandex Browser,24.10,1
Yandex Browser,24.7,1
Pale Moon,33.6,1
QQ Browser,6.2,1
Chrome,620.0,1
Firefox,68.0,1
Quark,7.7,1
Chrome,79.0,1
Chrome,88.0,1
Microsoft Edge,89.0,1
Chrome,89.0,1
Firefox,91.0,1
Chrome,93.0,1
Chrome,94.0,1
Chrome,96.0,1
