property,value,visitors,events,percentage
url,(none),1340,1933,99.8
url,https://www.python.org/,16,16,1.2
url,https://pypi.org/,2,2,0.1
url,https://www.python.org/downloads/macos/,2,2,0.1
url,https://en.wikipedia.org/wiki/Unix_time,1,1,0.1
url,https://github.com/python/cpython/blob/main/Doc/library/json.rst?plain=1,1,1,0.1
url,https://github.com/python/cpython/tree/3.13/Lib/datetime.py,1,1,0.1
url,https://github.com/python/cpython/tree/3.13/Lib/urllib/,1,1,0.1
url,https://packaging.python.org/en/latest/tutorials/installing-packages/#ensure-pip-setuptools-and-wheel-are-up-to-date,1,1,0.1
url,https://packaging.python.org/installing/#creating-virtual-environments,1,1,0.1
url,https://peps.python.org/pep-0008/,1,1,0.1
url,https://peps.python.org/pep-0632/#migration-advice,1,1,0.1
url,https://pypi.org/project/tzdata/,1,1,0.1
url,https://support.apple.com/en-us/102445,1,1,0.1
url,https://support.apple.com/en-us/HT201732,1,1,0.1
url,https://unicode.org/Public/UNIDATA/extracted/DerivedNumericType.txt,1,1,0.1
url,https://zh.wikipedia.org/zh-tw/%E6%96%90%E6%B3%A2%E9%82%A3%E5%A5%91%E6%95%B0%E5%88%97,1,1,0.1
