name,visitors,bounce_rate,visit_duration
google.com,6007,82,70
pypi.org,4235,78,66
Direct / None,2942,68,160
jupyter.org,458,76,53
docs.python.org,289,69,135
pip.pypa.io/en/stable,218,63,61
bing.com,215,78,100
duckduckgo.com,212,81,65
pip.pypa.io/en/stable/installation,148,76,63
docs.astral.sh,114,75,99
search.brave.com,110,91,10
peps.python.org,90,75,134
yandex.ru,64,89,28
reddit.com,55,82,76
github.com,35,81,45
pip.pypa.io,35,74,94
ecosia.org,31,91,26
statics.teams.cdn.office.net,30,82,74
ai.google.dev,29,79,50
google.com.hk,27,88,15
test.pypi.org,25,73,160
chatgpt.com,24,75,89
discuss.python.org,23,70,514
cn.bing.com,19,75,15
huggingface.co,19,90,50
pip.pypa.io/en/stable/getting-started,19,53,279
qwant.com,13,85,50
google.de,12,69,98
pip.pypa.io/en/stable/cli/pip_install,12,73,20
pip.pypa.io/en/latest,11,55,116
pip.pypa.io/en/latest/installation,10,90,10
google.fr,9,89,18
jetbrains.com,9,89,22
youtube.com,9,78,172
pip.pypa.io/en/stable/reference/requirement-specifiers,8,12,50
upload.pypi.org,8,100,0
builtin.com,7,50,48
roadmap.sh,7,100,0
github.com/vlachoudis/bCNC/wiki/Installation,6,80,116
lwn.net,6,100,0
pypa.io/en/latest,6,50,18
python-poetry.org,6,83,1
airflow.apache.org,5,86,20
github.com/huggingface/transformers/blob/main/i18n/README_zh-hans.md,5,60,22
pypi.com.cn,5,80,4
qiita.com,5,67,36
scipy.org,5,100,0
search.yahoo.com,5,80,3
docs.ansible.com,4,75,161
docs.pypi.org/project_metadata,4,25,579
flask.palletsprojects.com/en/stable/tutorial/install,4,100,0
github.com/astral-sh/uv/issues/7132,4,100,0
google.co.uk,4,100,0
hatch.pypa.io,4,50,1458
jfrog.com,4,75,5
link.csdn.net,4,50,126
perplexity.ai,4,75,7
products.documentprocessing.com,4,75,74
realpython.com,4,100,0
setuptools.pypa.io/en/latest/userguide/pyproject_config.html,4,100,0
stash.pnnl.gov,4,75,6
betterscientificsoftware.github.io,3,33,52
bitbucketdc.jpmchase.net,3,67,347
dev.azure.com,3,100,0
devdocs.ms.com,3,100,0
developers.google.com,3,100,0
docs.pytest.org/en/stable/explanation/goodpractices.html,3,100,0
github.com/astral-sh/uv/issues/5903,3,100,0
github.com/astral-sh/uv/issues/6302,3,100,0
google.co.in,3,100,0
google.it,3,100,0
jinja.palletsprojects.com/en/stable/intro,3,67,221
kyle.lawlorbagcal.org,3,100,0
launchpad.net,3,100,0
matt.sh,3,67,95
medium.com,3,100,0
pixi.sh,3,100,0
pygraphviz.github.io,3,100,0
pypa.io/en/latest/specifications,3,33,20
python-markdown.github.io,3,100,0
setuptools.pypa.io/en/latest/userguide/quickstart.html,3,67,131
twine.readthedocs.io/en/stable,3,33,172
udemy.com,3,100,0
ya.ru,3,100,0
yandex.ru/search,3,100,0
android-app://com.google.android.googlequicksearchbox,2,100,0
anytech.medium.com,2,67,33
build.pypa.io/en/stable,2,0,152
cantera.org,2,100,0
codecademy.com,2,100,0
confluence.fmr.com,2,100,0
cpython-previews--135180.org.readthedocs.build/en/135180/installing/index.html,2,50,5
developer-hub.qerent.ai,2,100,0
doc.courtbouillon.org,2,50,54
docs.pytest.org/en/7.1.x/explanation/goodpractices.html,2,50,20
docs.python.org/3/distributing/index.html,2,100,0
dormousehole.readthedocs.io/en/latest/tutorial/install.html,2,50,129
doubao.com,2,100,0
dspconcepts.atlassian.net,2,100,0
fishros.com,2,100,0
freecodecamp.org/news/how-to-use-pytest-a-guide-to-testing-in-python,2,100,0
getlektor.com,2,100,0
gist.github.com,2,100,0
github.com/BjornNyberg/Geometric-Attributes-Toolbox/wiki/Installation,2,100,0
github.com/HackTestes/NVML-GPU-Control,2,0,38
github.com/ROCm/TheRock/blob/main/RELEASES.md,2,100,0
github.com/astral-sh/uv/issues/1360,2,100,0
github.com/astral-sh/uv/issues/8591,2,100,0
github.com/bokeh/bokeh/issues/14434,2,100,0
github.com/dbarnett/python-helloworld,2,100,0
github.com/eclipse-zenoh/zenoh-python,2,100,0
github.com/hpyproject/hpy/issues/473,2,100,0
github.com/pypa/packaging.python.org/issues/1134,2,100,0
github.com/pypa/pip,2,100,0
github.com/pypa/sampleproject/tree/main,2,0,12
github.com/pypi/warehouse/issues/17868,2,50,156
github.com/seannyD/VideoGameDialogueCorpusPublic/tree/main,2,100,0
good-search.org,2,50,18
google.at,2,100,0
google.ch,2,50,142
google.com.au,2,100,0
google.no,2,100,0
google.pl,2,100,0
google.pt,2,0,76
google.ru,2,50,11
inkscape.gitlab.io,2,100,0
jupyter.org/install,2,50,14
learn.microsoft.com,2,50,61
link.zhihu.com,2,100,0
micron.atlassian.net,2,100,0
mosaicplus.sick.com,2,100,0
napari.org,2,50,161
opensource.guide,2,0,70
pages.github.boschdevcloud.com,2,100,0
pip.pypa.io/en/latest/getting-started,2,100,0
pixyz-software.com,2,50,477
portal.contact-cloud.com,2,100,0
psychopy.org,2,100,0
py4e.com,2,100,0
pyarmor.readthedocs.io/zh/stable/tutorial/getting-started.html,2,100,0
pydevtools.com,2,50,663
pynguin.readthedocs.io/en/latest/user/install.html,2,100,0
pyodide.org,2,100,0
pyodide.org/en/stable/usage/faq.html,2,100,0
pyopensci.org,2,50,6
pypa.io,2,50,931
pypi-org.translate.goog,2,50,968
python.org,2,50,3
rushhour.fmr.com,2,50,454
setuptools.pypa.io/en/latest/references/keywords.html,2,50,12
snarky.ca/clarifying-pep-518,2,0,2486
statics.gov.teams.microsoft.us,2,100,0
tutti.prod.bloomberg.com,2,50,10
uv.doczh.com,2,100,0
validate-pyproject.readthedocs.io/en/latest/api/validate_pyproject.formats.html,2,100,0
wiki.archlinux.org/title/Python,2,100,0
yandex.by,2,100,0
17lands.com,1,100,0
202.206.96.251,1,100,0
38.246.255.218,1,0,209
3eco.atlassian.net,1,0,26
77.37.44.246,1,100,0
ailab.yingzhongtong.com,1,100,0
akuodigital.atlassian.net,1,100,0
ansible-docs.apps.ddcocp01.nfcu.net,1,100,0
ansible-pylibssh.readthedocs.io/en/latest/installation_guide,1,0,668
app.readthedocs.org,1,0,126
athena.explore.ai,1,100,0
auto.gluon.ai,1,100,0
baidu.com,1,100,0
baidu.com/link,1,100,0
bcc.portal.tco.census.gov,1,100,0
black.readthedocs.io/en/stable/integrations/github_actions.html,1,0,20
blog.51cto.com,1,100,0
blog.51cto.com/u_16213666/9004009,1,100,0
blog.csdn.net/RadiantJeral/article/details/108152372,1,100,0
blog.csdn.net/qq_63365915/article/details/147841992,1,100,0
blog.csdn.net/sriting/article/details/129600084,1,100,0
blog.csdn.net/tlonline/article/details/79751658,1,100,0
br.search.yahoo.com,1,100,0
briline.net,1,100,0
build.pypa.io,1,0,14
chat.qwen.ai/c/dc4e4d8b-7dcd-495b-b4e4-8233d53a2de2,1,100,0
classroom.google.com,1,100,0
claude.ai,1,100,0
cloud.google.com,1,100,0
cloudskillsboost.google,1,100,0
cmd2.readthedocs.io/en/stable/overview/integrating,1,100,0
cnblogs.com,1,100,0
coccoc.com/search,1,100,0
community.sonatype.com,1,100,0
confluence,1,0,48
confluence.atlassian.qrt.cloud,1,100,0
confluence.cec.lab.emc.com,1,100,0
confluence.intranet.db.com,1,100,0
confluence.o3.ru,1,100,0
confluence.pncint.net,1,100,0
confluence.pros.com,1,100,0
confluence.spacex.corp,1,100,0
confluence.walmart.com,1,100,0
cookiecutter-data-science.drivendata.org,1,100,0
cryton.gitlab-pages.ics.muni.cz,1,0,2
cs50.readthedocs.io/pip,1,100,0
cynthion.readthedocs.io,1,100,0
cython.readthedocs.io/en/latest/src/quickstart/build.html,1,0,1825
death.andgravity.com,1,100,0
devcenter.heroku.com,1,100,0
developercommunity.visualstudio.com,1,100,0
devguide.python.org/documentation/start-documenting,1,0,79
devocean.sk.com,1,100,0
discuss.circleci.com,1,100,0
django-environ.readthedocs.io/en/latest/install.html,1,100,0
doc.qt.io,1,0,512
docs.arduino.cc,1,100,0
docs.astral.sh/uv/guides/projects,1,100,0
docs.blender.org,1,100,0
docs.datadoghq.com/developers/integrations/agent_integration,1,100,0
docs.deeppavlov.ai/en/master/intro/installation.html,1,100,0
docs.genymotion.com,1,100,0
docs.isaacsim.omniverse.nvidia.com,1,100,0
docs.pypi.org,1,0,6
docs.pypi.org/api,1,100,0
docs.pyscript.net,1,100,0
docs.pytest.org,1,100,0
docs.pytest.org/en/stable/reference/reference.html,1,100,0
docs.python.org/3.13/installing/index.html,1,100,0
docs.python.org/3/installing/index.html,1,0,34
docs.python.org/zh-cn/3.13/installing/index.html,1,100,0
docs.python.org/zh-cn/3.15/installing/index.html,1,0,332
docutils.sourceforge.io,1,0,6
excel.officeapps.live.com,1,0,2197
facebook.com,1,100,0
fastapidozero.dunossauro.com,1,100,0
flask.palletsprojects.com,1,100,0
fprime.jpl.nasa.gov,1,100,0
fr.search.yahoo.com,1,100,0
freecodecamp.org/news/how-to-create-and-upload-your-first-python-package-to-pypi,1,0,375
gemini.google.com,1,100,0
git.zooxlabs.com,1,100,0
github.boschdevcloud.com,1,100,0
github.com/Asana/python-asana/issues/80,1,100,0
github.com/GSI-Fing-Udelar/tectonic,1,100,0
github.com/HelenGuohx/logbert,1,100,0
github.com/HerveMignot/chromadb-on-gcp,1,100,0
github.com/IENT/RDPlot,1,100,0
github.com/JSBSim-Team/jsbsim,1,100,0
github.com/PatrickL546/Hydrax-Abyss.to-DownloadHelper-Python,1,100,0
github.com/TUDelftGeodesy/DePSI,1,100,0
github.com/Unity-Technologies/ml-agents/blob/develop/docs/Installation.md,1,100,0
github.com/Wechaty/python-wechaty,1,100,0
github.com/apple/turicreate,1,100,0
github.com/astral-sh/uv/issues/10522,1,100,0
github.com/astral-sh/uv/issues/7727,1,100,0
github.com/biolab/orange3/wiki/Add-Ons,1,0,240
github.com/falconry/falcon/issues/2454,1,100,0
github.com/fastmachinelearning/hls4ml/issues/1271,1,0,34
github.com/francisengelmann/PyViz3D,1,100,0
github.com/ghammad/pyActigraphy/blob/master/README.rst,1,100,0
github.com/google-ai-edge/model-explorer/wiki/6.-Develop-Adapter-Extension,1,100,0
github.com/google-deepmind/open_spiel/blob/master/docs/install.md,1,100,0
github.com/gpoore/text2qti,1,100,0
github.com/horovod/horovod/issues/3483,1,100,0
github.com/huggingface/accelerate,1,100,0
github.com/huggingface/accelerate/tree/v1.6.0-release,1,100,0
github.com/imjustbackup/free-premium,1,100,0
github.com/iyphc/ecg-cnn-comparator/issues/6,1,100,0
github.com/jazzband/pip-tools,1,0,77
github.com/jomi-jose/log-extractor,1,100,0
github.com/kasmtech/kasm-pulumi/tree/develop/gcp,1,0,1016
github.com/machinegpt/agent,1,100,0
github.com/mkniewallner/migrate-to-uv,1,100,0
github.com/moojink/transformers-openvla-oft,1,100,0
github.com/openai/openai-python/issues/1611,1,100,0
github.com/openstack/cliff,1,100,0
github.com/oracle/oci-python-sdk,1,100,0
github.com/pantsbuild/pants/pull/22161,1,100,0
github.com/pybind/pybind11/discussions/5077,1,100,0
github.com/pypa/gh-action-pypi-publish,1,100,0
github.com/pypa/packaging-problems/issues/574,1,0,44
github.com/pypa/packaging-problems/issues/615,1,0,272
github.com/pypa/pip/issues/10528,1,100,0
github.com/pypa/pip/issues/12063,1,100,0
github.com/pypa/sampleproject,1,100,0
github.com/pypa/setuptools/tree/v59.6.0,1,0,183
github.com/pypa/setuptools/tree/v60.10.0,1,100,0
github.com/pypi/warehouse/issues/18348,1,100,0
github.com/pypi/warehouse/pull/18081,1,100,0
github.com/python-poetry/poetry/issues/167,1,100,0
github.com/python/typeshed/blob/main/CONTRIBUTING.md,1,0,3
github.com/spotify/pedalboard/blob/master/INSTALLATION.md,1,100,0
github.com/tokern/piicatcher,1,100,0
github.com/toopham/community-bot,1,100,0
github.com/twisted1919/mailwizz-python-sdk,1,100,0
github.com/yngvem/python-project-structure,1,100,0
github.pw.utc.com,1,100,0
github.pwc.ca,1,100,0
github.schneider-electric.com,1,100,0
goodresearch.dev,1,0,108
google.co.bw,1,100,0
google.co.id,1,0,1321
