name,unique_exits,total_exits,exit_rate
/ja/3/library/codecs.html,186,187,
/ja/3/tutorial/,130,134,
/ja/3/library/index.html,115,120,
/ja/3/library/functions.html,104,107,
/ja/3/library/stdtypes.html,83,89,
/ja/3/,78,93,
/ja/3/library/re.html,65,67,
/ja/3.13/library/datetime.html,50,50,
/ja/3/tutorial/controlflow.html,47,50,
/ja/3.13/library/logging.html,46,50,
/ja/3/tutorial/index.html,46,47,
/ja/3/tutorial/introduction.html,45,47,
/ja/3/library/random.html,44,44,
/ja/3/library/datetime.html,42,42,
/ja/3/library/math.html,42,43,
/ja/3/tutorial/interpreter.html,41,42,
/ja/3/library/typing.html,40,40,
/ja/3.13/library/pathlib.html,39,39,
/ja/3/bugs.html,38,38,
/ja/3.13/library/os.html,35,35,
/ja/3/tutorial/datastructures.html,35,36,
/ja/3/library/os.html,33,33,
/ja/3/library/pathlib.html,33,34,
/ja/3/library/subprocess.html,33,33,
/ja/3/library/venv.html,33,34,
/ja/3.13/library/re.html,32,32,
/ja/3.13/library/pickle.html,31,31,
/ja/3/library/,30,30,
/ja/3/py-modindex.html,30,30,
/ja/3.13/library/stdtypes.html,27,29,
/ja/3/library/csv.html,27,27,
/ja/3/library/exceptions.html,27,27,
/ja/3/library/json.html,26,27,
/ja/3.13/library/struct.html,25,27,
/ja/3/search.html,25,26,
/ja/3/tutorial/errors.html,24,24,
/ja/3.13/library/multiprocessing.html,23,23,
/ja/3/library/logging.html,23,25,
/ja/3/library/sqlite3.html,23,23,
/ja/3.13/library/os.path.html,22,22,
/ja/3.13/library/sqlite3.html,22,23,
/ja/3/library/itertools.html,22,22,
/ja/3/library/xml.etree.elementtree.html,22,24,
/ja/3.13/library/decimal.html,21,22,
/ja/3.13/library/index.html,21,22,
/ja/3/library/argparse.html,21,21,
/ja/3/tutorial/appetite.html,21,21,
/ja/3/tutorial/classes.html,21,21,
/ja/3.13/library/exceptions.html,20,20,
/ja/3.13/library/functions.html,20,22,
/ja/3/using/cmdline.html,20,20,
/ja/3.13/library/string.html,19,19,
/ja/3.13/library/subprocess.html,19,19,
/ja/3.13/library/typing.html,19,19,
/ja/3/reference/datamodel.html,19,21,
/ja/3.13/library/dbm.html,18,18,
/ja/3.13/library/enum.html,18,19,
/ja/3.13/library/threading.html,18,19,
/ja/3.13/tutorial/inputoutput.html,18,21,
/ja/3.13/howto/sorting.html,17,18,
/ja/3.13/library/csv.html,17,17,
/ja/3.13/tutorial/index.html,17,19,
/ja/3.13/library/socket.html,16,16,
/ja/3.13/library/tkinter.html,16,17,
/ja/3.15/using/windows.html,16,17,
/ja/3/library/shutil.html,16,16,
/ja/3/library/tkinter.html,16,17,
/ja/3/tutorial/modules.html,16,16,
/ja/3/using/windows.html,16,16,
/ja/3.13/library/random.html,15,15,
/ja/3.13/tutorial/,15,18,
/ja/3/library/concurrent.futures.html,15,15,
/ja/3/library/os.path.html,15,15,
/ja/3/library/socket.html,15,16,
/ja/3.13/library/argparse.html,14,14,
/ja/3/library/enum.html,14,15,
/ja/3/library/multiprocessing.html,14,15,
/ja/3/library/time.html,14,17,
/ja/3/reference/lexical_analysis.html,14,14,
/ja/3/using/ios.html,14,14,
/3/,13,13,
/ja/3.13/library/zipfile.html,13,13,
/ja/3.13/tutorial/errors.html,13,13,
/ja/3.13/tutorial/modules.html,13,13,
/ja/3.14/py-modindex.html,13,13,
/ja/3/installing/index.html,13,13,
/ja/3/library/configparser.html,13,13,
/ja/3/library/decimal.html,13,14,
/ja/3/library/string.html,13,14,
/ja/3/library/unittest.html,13,13,
/ja/3/library/zipfile.html,13,13,
/ja/3/tutorial/inputoutput.html,13,14,
/ja/3.13/library/dataclasses.html,12,12,
/ja/3.13/library/json.html,12,12,
/ja/3.13/library/uuid.html,12,12,
/ja/3.13/reference/expressions.html,12,12,
/ja/3/index.html,12,13,
/ja/3/library/marshal.html,12,12,
/ja/3/reference/index.html,12,12,
/ja/3.13/library/__future__.html,11,11,
