name,unique_exits,total_exits,exit_rate
/tr/3/installing/index.html,14,14,
/3/,7,7,
/tr/3.13/tutorial/index.html,6,6,
/tr/3/tutorial/index.html,5,5,
/tr/3.13/tutorial/controlflow.html,4,5,
/tr/3/tutorial/errors.html,4,4,
/3.13/tutorial/index.html,3,3,
/tr/3.12/tutorial/index.html,3,4,
/3.13/using/windows.html,2,2,
/tr/3.13/library/logging.html,2,3,
/3.13/library/collections.abc.html,1,1,
/3.13/library/sqlite3.html,1,1,
/3.13/search.html,1,1,
/3.13/tutorial/,1,1,
/3.13/tutorial/classes.html,1,1,
/3.13/tutorial/modules.html,1,1,
/3.14/,1,1,
/3.14/library/datetime.html,1,1,
/3/library/heapq.html,1,1,
/3/library/idle.html,1,1,
/3/reference/index.html,1,1,
/3/tutorial/index.html,1,1,
/pt-br/3.12/,1,1,
/tr/3.12/tutorial/classes.html,1,1,
/tr/3.12/tutorial/interpreter.html,1,1,
/tr/3.13/glossary.html,1,1,
/tr/3.13/library/gettext.html,1,1,
/tr/3.13/library/random.html,1,1,
/tr/3.13/library/socket.html,1,1,
/tr/3.13/library/turtle.html,1,1,
/tr/3.13/tutorial/,1,1,
/tr/3.13/tutorial/appetite.html,1,1,
/tr/3.13/tutorial/introduction.html,1,1,
/tr/3.13/using/windows.html,1,1,
/tr/3/,1,1,
/tr/3/library/functions.html,1,1,
/tr/3/library/re.html,1,1,
/tr/3/reference/compound_stmts.html,1,2,
/tr/3/tutorial/,1,1,
/tr/3/tutorial/appendix.html,1,1,
/tr/3/tutorial/inputoutput.html,1,1,
/tr/3/tutorial/venv.html,1,1,
/zh-cn/3.13/,1,1,
