name,visitors
Madrid Autonomous Community,160
Capital District,140
Catalonia,126
Buenos Aires Province,125
Santiago Metropolitan,109
Lima,94
Ciudad de Mexico,88
Andalusia,82
Antioquia,77
Valencian Community,64
Basque Country,47
Mexico State,44
Nuevo León,44
Pichincha,36
Guayas,33
Jalisco,29
Canary Islands,28
Veracruz,28
Valle del Cauca,27
Capital,27
Galicia,26
San José,24
Lima Region,24
Santa Fe,23
Guanajuato,22
Montevideo,22
Cundinamarca,20
Castile and León,20
Baja California,20
Puebla,20
Buenos Aires,19
Michoacán,19
Córdoba,18
Castile-La Mancha,18
Guatemala,18
Mendoza,17
La Paz,16
Murcia Region,16
Managua,16
Morelos,15
San Salvador,15
Distrito Nacional,14
Aragon,14
Balearic Islands,14
Havana,13
Asturias,13
Arequipa,13
Bío Bío,12
Atlántico,12
Santander,12
Francisco Morazán,12
Panamá,12
Florida,12
Tucumán,11
Cochabamba,11
Libertador General Bernardo O'Higgins,11
Querétaro,11
Salta,10
Bolívar,10
Santo Domingo,10
Asunción,10
Anzoátegui,10
Lara,10
Entre Ríos,9
Río Negro,9
Cantabria,9
Chihuahua,9
Quintana Roo,9
Sonora,9
Yucatán,9
Caldas,8
Huila,8
Santiago,8
Coahuila,8
Chaco,7
Araucanía,7
Boyacá,7
Extremadura,7
Navarra Chartered Community,7
La Rioja,7
Chiapas,7
Hidalgo,7
San Luis Potosí,7
Aragua,7
Coquimbo,6
Azuay,6
Manabí,6
Sinaloa,6
Junín,6
Central,6
Virginia,6
Chuquisaca,5
Ontario,5
Valparaíso,5
Cauca,5
Magdalena,5
Norte de Santander,5
Tolima,5
Los Ríos,5
Tamaulipas,5
North Holland,5
Huánuco,5
California,5
Zulia,5
Los Ríos,4
Córdoba,4
Meta,4
Risaralda,4
Hesse,4
Loja,4
Aguascalientes,4
Colima,4
Guerrero,4
Oaxaca,4
Tabasco,4
Zacatecas,4
South Holland,4
Cusco,4
Lambayeque,4
Puno,4
New York,4
Oregon,4
San Luis,3
Antofagasta,3
Los Lagos,3
Maule,3
Cesar,3
La Guajira,3
Alajuela,3
Baden-Württemberg,3
North Rhine-Westphalia,3
Saxony,3
Chimborazo,3
Cotopaxi,3
Melilla,3
Tlaxcala,3
Lagos,3
Piura,3
Alto Paraná,3
Georgia,3
Texas,3
Carabobo,3
Monagas,3
La Rioja,2
San Juan,2
Neuquén,2
Corrientes,2
Jujuy,2
Oruro,2
Potosí,2
Santa Cruz,2
Arica y Parinacota,2
Tarapacá,2
Hebei,2
Nariño,2
Quindío,2
Sucre,2
Lower Saxony,2
El Oro,2
Tungurahua,2
Auvergne-Rhône-Alpes,2
England,2
South Sulawesi,2
Maharashtra,2
Tokyo,2
Phnom Penh,2
Durango,2
Nayarit,2
Ica,2
La Libertad,2
Lesser Poland,2
Lisbon,2
Stavropol Krai,2
Riyadh,2
Stockholm,2
Colorado,2
Nevada,2
Miranda,2
Trujillo,2
Hanoi,2
Misiones,1
Chubut,1
Tierra del Fuego,1
Dhaka Division,1
Pará,1
Paraná,1
Rio Grande do Sul,1
São Paulo,1
British Columbia,1
Quebec,1
Vaud,1
Atacama,1
Magallanes Region,1
Ñuble,1
Littoral,1
Anhui,1
Guizhou,1
Henan,1
Liaoning,1
Zhejiang,1
Chocó,1
Puntarenas,1
Puerto Plata,1
Monseñor Nouel,1
Imbabura,1
Beni Suef,1
Île-de-France,1
Nouvelle-Aquitaine,1
Occitanie,1
Provence-Alpes-Côte-d'Azur,1
Bioko Norte,1
Quetzaltenango,1
Sikkim,1
Baghdad,1
Piedmont,1
Lombardy,1
Veneto,1
Friuli–Venezia Giulia,1
Tuscany,1
Lazio,1
Briceni,1
Birkirkara,1
Msida,1
Baja California Sur,1
Campeche,1
León,1
Ancash,1
Madre de Dios,1
Ucayali,1
Greater Poland,1
Aveiro,1
Coimbra,1
Leiria,1
Altai Krai,1
Krasnodar Krai,1
Istanbul,1
Massachusetts,1
Michigan,1
Missouri,1
North Carolina,1
Pennsylvania,1
Washington,1
Maldonado,1
Tashkent,1
Falcón,1
Mérida,1
Nueva Esparta,1
Bắc Ninh,1
Da Nang,1
