name,visitors
Bogotá,275
Madrid,241
Santiago,211
Lima,159
Medellín,157
Mexico City,115
Barcelona,105
Buenos Aires,87
Buenos Aires,75
Guatemala City,54
Valencia,49
Santiago de Querétaro,42
San José,41
Montevideo,38
Caracas,36
Puebla,35
Cali,34
Panamá,33
Quito,31
Málaga,30
Guayaquil,30
Córdoba,30
Gustavo Adolfo Madero,29
Guadalajara,27
Pereira,23
Monterrey,23
Santo Domingo,22
Havana,22
Barranquilla,22
Bilbao,21
Asunción,21
La Paz,21
Santa Cruz de la Sierra,20
Sevilla,19
Bucaramanga,19
Cuauhtémoc,18
San Nicolás de los Garza,18
Móstoles,17
Mérida,17
Guadalupe,17
Palma,16
La Plata,16
San Salvador,16
Aguascalientes,16
Tlalnepantla,15
Rosario,15
Lima,15
Zapopan,15
Tijuana,15
Managua,14
Coatzacoalcos,13
Santo Domingo Este,13
Granada,12
Valladolid,12
Naucalpan de Juárez,12
Iztapalapa,12
Santa Fe,12
Cochabamba,12
Ciudad Juárez,12
Murcia,11
Benito Juarez,11
Mendoza,11
Arequipa,11
Zaragoza,10
Tuxtla,10
Cuernavaca,10
Barquisimeto,10
Cartagena,10
Chihuahua,10
Vigo,9
Donostia / San Sebastián,9
A Coruña,9
Ciudad Nezahualcoyotl,9
Maracay,9
Yumbo,9
Armenia,9
Venustiano Carranza,9
Concepción,9
Celaya,9
Santiago de Compostela,8
Pamplona,8
Lomas de Zamora,8
Tláhuac,8
Cuautitlán Izcalli,8
San Pedro Sula,8
Manizales,8
Ibagué,8
Chiclayo,8
San Luis Potosí,8
León de los Aldama,8
Hermosillo,8
Culiacán,8
Benito Juárez,8
Torrent,7
Molina de Segura,7
Córdoba,7
Sant Cugat del Vallès,7
Coslada,7
Alcorcón,7
Lanús,7
Toluca,7
Tlalpan,7
Coyoacán,7
Villavicencio,7
Santa Marta,7
Pasto,7
Miguel Hidalgo,7
La Rioja,7
Rancagua,7
Morelia,7
Avellaneda,7
Centro,7
Santa Cruz de Tenerife,6
Las Palmas de Gran Canaria,6
Alicante,6
Burgos,6
Badalona,6
Alcalá de Henares,6
Posadas,6
Berazategui,6
Álvaro Obregón,6
Reynosa,6
Oaxaca,6
Iztacalco,6
Coacalco,6
Valencia,6
Ciudad Guayana,6
Popayán,6
Cúcuta,6
San Miguel de Tucumán,6
San Juan,6
Paraná,6
Antofagasta,6
Cusco,6
Mexicali,6
Villa Adelina,6
San Miguel,6
Cartagena,5
Villaviciosa de Odón,5
Terrassa,5
Salamanca,5
Reus,5
Oviedo,5
Leganés,5
L'Hospitalet de Llobregat,5
Guadalajara,5
Caseros,5
Azcapotzalco,5
Heredia,5
San Cristóbal,5
Cuenca,5
Chía,5
San Luis,5
Temuco,5
Talca,5
Quilpué,5
Tacna,5
Juliaca,5
Tlajomulco de Zúñiga,5
Miami,5
New York City,5
Moreno,5
La Laguna,4
Mislata,4
L'Eliana,4
El Puerto de Santa María,4
Cáceres,4
Almería,4
Albacete,4
Berlin,4
Valdemoro,4
Santander,4
Parla,4
Ourense,4
Manresa,4
Fuenlabrada,4
Colmenar Viejo,4
Boadilla del Monte,4
Arroyomolinos,4
Ramos Mejía,4
Olivos,4
Ituzaingó,4
Concordia,4
Veracruz,4
Tecámac,4
Jiutepec,4
Xalapa de Enríquez,4
Ciudad Madero,4
Chilpancingo,4
Tegucigalpa,4
Cartago,4
Maracaibo,4
Riobamba,4
Madrid,4
San Rafael,4
Río Cuarto,4
Viña del Mar,4
Maipú,4
La Serena,4
La Cisterna,4
Zacatecas,4
La Paz,4
Guanajuato,4
Ensenada,4
Colima,4
Ciudad Obregón,4
Ciudad Apodaca,4
Tres Cantos,4
Zubia,3
Jaén,3
Dos Hermanas,3
Frankfurt am Main,3
Vic,3
Torrelodones,3
Santa Cruz de Bezana,3
San Fernando de Henares,3
Sabadell,3
Errenteria,3
Orkoien,3
Olot,3
Lleida,3
Gijón,3
O Barco de Valdeorras,3
Cornellà de Llobregat,3
Collado-Villalba,3
Arganda,3
Villa Ballester,3
Monte Grande,3
Luján,3
Laferrere,3
Isidro Casanova,3
General Pacheco,3
Florencio Varela,3
São Paulo,3
Tulancingo,3
Tula de Allende,3
Texcoco de Mora,3
Tapachula,3
Santa Cruz Tlaxcala,3
Pachuca de Soto,3
Orizaba,3
Nuevo Laredo,3
Mineral de la Reforma,3
Lerma de Villada,3
Ixtapaluca,3
Ecatepec de Morelos,3
Córdoba,3
Calpulalpan,3
Ciudad López Mateos,3
Quetzaltenango,3
San Pedro,3
Alajuela,3
San Antonio de Los Altos,3
Miranda,3
La Guaira,3
Loja,3
Latacunga,3
Valledupar,3
Pitalito,3
Neiva,3
Chimbote,3
San Salvador de Jujuy,3
Salta,3
Olavarría,3
Godoy Cruz,3
General Pico,3
Clason,3
Chilecito,3
Valparaíso,3
Las Condes,3
Copiapó,3
Arica,3
Callao,3
Valle de Bravo,3
Uruapan,3
Torreón,3
Cabo San Lucas,3
Saltillo,3
La Cañada,3
Irapuato,3
Nogales,3
Ciudad General Escobedo,3
Victoria de Durango,3
Zapotlán el Grande,3
Peshawar,2
Tokyo,2
Singapore,2
Tauranga,2
Vila-real,2
Umbrete,2
Torre del Mar,2
Talavera de la Reina,2
San Juan de Alicante,2
Paterna,2
Xàtiva,2
Elche,2
Catarroja,2
Bétera,2
Benifaió,2
Arona,2
