name,visitors,pageviews,bounce_rate,time_on_page
/it/3/tutorial/index.html,34,81,24,77.76470588235294
/it/3.13/,21,31,0,11.73913043478261
/it/3/tutorial/introduction.html,19,26,73,219.0
/it/3.13/tutorial/index.html,17,25,56,21.88888888888889
/it/3/tutorial/interpreter.html,15,26,57,73.25
/it/3.13/tutorial/appetite.html,13,19,50,168.13333333333333
/it/3/tutorial/appetite.html,12,16,0,59.0
/it/3.13/tutorial/interpreter.html,11,18,100,369.38461538461536
/it/3/tutorial/modules.html,11,14,83,425.3333333333333
/it/3.13/tutorial/,10,17,40,94.4
/it/3/tutorial/inputoutput.html,10,10,88,15.0
/it/3.13/tutorial/introduction.html,9,11,100,450.8333333333333
/it/3.13/library/index.html,8,10,100,9.25
/it/3.13/tutorial/classes.html,8,8,100,29.0
/it/3.13/tutorial/controlflow.html,8,8,100,6.0
/it/3.13/tutorial/datastructures.html,6,7,60,46.75
/it/3/search.html,6,25,0,22.41176470588235
/it/3/tutorial/controlflow.html,6,10,100,870.0
/it/3/tutorial/datastructures.html,6,7,75,185.5
/it/3/tutorial/stdlib2.html,6,8,100,22.25
/it/3.13/library/functions.html,5,6,0,135.75
/it/3.13/library/stdtypes.html,5,5,0,14.25
/it/3.13/library/tkinter.html,5,7,0,124.0
/it/3.13/search.html,5,8,100,105.4
/it/3.13/whatsnew/3.13.html,5,6,0,11.0
/it/3/,5,8,25,20.8
/it/3/tutorial/classes.html,5,10,67,459.0
/it/3/tutorial/stdlib.html,5,5,100,295.25
/it/3.13/contents.html,4,6,0,6.5
/it/3.13/index.html,4,4,100,3.5
/it/3.13/library/string.html,4,7,100,109.6
/it/3.13/reference/index.html,4,5,0,7.75
/it/3.13/tutorial/inputoutput.html,4,3,0,102.5
/it/3.12/library/functions.html,3,3,100,121.0
/it/3.12/tutorial/,3,12,33,55.5
/it/3.13/download.html,3,3,100,
/it/3.13/library/idle.html,3,4,0,16.666666666666668
/it/3.13/library/sqlite3.html,3,3,100,
/it/3.13/tutorial/modules.html,3,5,0,265.3333333333333
/it/3.14/tutorial/index.html,3,7,0,21.5
/it/3/library/string.html,3,8,75,28.5
/it/3/reference/index.html,3,9,50,62.6
/it/3/reference/simple_stmts.html,3,4,0,22.0
/it/3/tutorial/floatingpoint.html,3,3,100,
/it/3/tutorial/venv.html,3,3,100,12.0
/it/3.12/tutorial/interpreter.html,2,2,0,12.5
/it/3.13/genindex.html,2,3,0,2.3333333333333335
/it/3.13/howto/curses.html,2,2,0,40.0
/it/3.13/library/,2,3,0,97.33333333333333
/it/3.13/library/csv.html,2,2,0,24.5
/it/3.13/library/hmac.html,2,4,0,14.5
/it/3.13/library/intro.html,2,2,0,7.0
/it/3.13/library/math.html,2,2,100,11.0
/it/3.13/library/re.html,2,5,0,203.33333333333334
/it/3.13/library/turtle.html,2,3,0,7.5
/it/3.13/library/venv.html,2,3,100,12.0
/it/3.13/library/xml.etree.elementtree.html,2,4,0,97.5
/it/3.13/py-modindex.html,2,3,0,9.0
/it/3.13/reference/datamodel.html,2,2,0,5.0
/it/3.13/tutorial/errors.html,2,2,100,3.0
/it/3.13/tutorial/venv.html,2,2,100,
/it/3.13/using/cmdline.html,2,2,0,3.0
/it/3.13/using/windows.html,2,5,0,361.0
/it/3.13/whatsnew/index.html,2,3,0,5.666666666666667
/it/3.14/,2,3,100,
/it/3.14/tutorial/controlflow.html,2,3,0,329.0
/it/3.14/tutorial/inputoutput.html,2,2,0,27.0
/it/3.14/using/android.html,2,2,50,6.0
/it/3/glossary.html,2,3,0,147.0
/it/3/index.html,2,16,0,11.0
/it/3/library/functions.html,2,5,0,64.0
/it/3/library/index.html,2,5,0,11.2
/it/3/library/stdtypes.html,2,6,100,1150.75
/it/3/using/windows.html,2,2,0,5.0
/it/3.12/,1,1,0,12.0
/it/3.12/library/index.html,1,1,100,
/it/3.12/reference/index.html,1,1,0,7.0
/it/3.12/reference/introduction.html,1,1,0,
/it/3.12/tutorial/classes.html,1,2,0,44.0
/it/3.12/tutorial/controlflow.html,1,3,0,23.0
/it/3.12/tutorial/datastructures.html,1,2,0,18.0
/it/3.12/tutorial/modules.html,1,1,100,
/it/3.12/tutorial/stdlib2.html,1,1,0,25.0
/it/3.12/using/windows.html,1,1,0,
/it/3.13/distributing/index.html,1,6,0,109.0
/it/3.13/extending/index.html,1,1,0,14.0
/it/3.13/glossary.html,1,1,0,5.0
/it/3.13/howto/index.html,1,1,0,14.0
/it/3.13/howto/sockets.html,1,1,0,
/it/3.13/library/__future__.html,1,1,0,15.0
/it/3.13/library/constants.html,1,1,0,5.0
/it/3.13/library/copy.html,1,1,0,681.0
/it/3.13/library/dataclasses.html,1,2,0,29.0
/it/3.13/library/decimal.html,1,2,0,20.0
/it/3.13/library/dialog.html,1,2,0,
/it/3.13/library/exceptions.html,1,1,0,2.0
/it/3.13/library/fractions.html,1,1,0,
/it/3.13/library/glob.html,1,1,0,91.0
/it/3.13/library/hashlib.html,1,1,0,39.0
/it/3.13/library/heapq.html,1,1,100,
