name,unique_exits,total_exits,exit_rate
/zh-tw/3/tutorial/index.html,96,98,
/zh-tw/3/library/venv.html,36,37,
/zh-tw/3/library/re.html,32,33,
/zh-tw/3/library/index.html,28,30,
/zh-tw/3/tutorial/datastructures.html,28,29,
/zh-tw/dev/installing/index.html,22,22,
/zh-tw/3/library/functions.html,21,22,
/zh-tw/3/howto/sorting.html,20,20,
/zh-tw/3/tutorial/controlflow.html,20,21,
/zh-tw/3/library/random.html,19,19,
/zh-tw/3/tutorial/classes.html,18,18,
/zh-tw/3/tutorial/introduction.html,17,17,
/zh-tw/3/howto/argparse.html,16,16,
/zh-tw/3/library/csv.html,16,16,
/zh-tw/3.13/installing/index.html,14,14,
/zh-tw/3/tutorial/inputoutput.html,14,15,
/zh-tw/3/using/mac.html,14,14,
/zh-tw/3.13/library/random.html,13,13,
/zh-tw/3.13/library/venv.html,13,14,
/zh-tw/3.13/tutorial/index.html,13,13,
/zh-tw/3/faq/windows.html,13,13,
/zh-tw/3/tutorial/interpreter.html,13,13,
/zh-tw/3.13/tutorial/classes.html,12,12,
/zh-tw/3/installing/index.html,12,12,
/zh-tw/3.13/tutorial/controlflow.html,11,14,
/zh-tw/3.15/using/windows.html,11,11,
/zh-tw/3/library/concurrent.futures.html,11,11,
/zh-tw/3/library/heapq.html,11,12,
/zh-tw/dev/library/os.path.html,11,11,
/zh-tw/3/howto/sockets.html,10,10,
/zh-tw/3/library/datetime.html,10,10,
/zh-tw/3/library/pathlib.html,10,10,
/zh-tw/3/tutorial/appetite.html,10,10,
/zh-tw/3.13/library/__main__.html,9,9,
/zh-tw/3.13/library/tkinter.html,9,9,
/zh-tw/3/library/json.html,9,9,
/zh-tw/3/library/threading.html,9,9,
/zh-tw/3/tutorial/errors.html,9,9,
/zh-tw/3/library/math.html,8,8,
/dev/using/windows.html,7,7,
/zh-tw/3.13/library/unittest.html,7,7,
/zh-tw/3.13/tutorial/datastructures.html,7,10,
/zh-tw/3/,7,7,
/zh-tw/3/library/collections.html,7,7,
/zh-tw/3/library/enum.html,7,7,
/zh-tw/3/library/pdb.html,7,9,
/zh-tw/3/library/typing.html,7,7,
/zh-tw/3/tutorial/modules.html,7,7,
/zh-tw/dev/library/stdtypes.html,7,8,
/zh-tw/3.13/library/asyncio.html,6,6,
/zh-tw/3.13/library/pathlib.html,6,6,
/zh-tw/3.13/library/typing.html,6,7,
/zh-tw/3.13/tutorial/introduction.html,6,9,
/zh-tw/3.14/tutorial/index.html,6,6,
/zh-tw/3/library/copy.html,6,7,
/zh-tw/3/library/statistics.html,6,6,
/zh-tw/3/tutorial/venv.html,6,6,
/3.14/,5,5,
/3/,5,5,
/zh-tw/3.13/library/functions.html,5,6,
/zh-tw/3.13/library/json.html,5,5,
/zh-tw/3.13/library/stdtypes.html,5,6,
/zh-tw/3.13/library/string.html,5,5,
/zh-tw/3.13/search.html,5,5,
/zh-tw/3.13/tutorial/interpreter.html,5,6,
/zh-tw/3.13/tutorial/modules.html,5,5,
/zh-tw/3.14/download.html,5,5,
/zh-tw/3.14/using/windows.html,5,5,
/zh-tw/3/library/ast.html,5,6,
/zh-tw/3/library/asyncio.html,5,5,
/zh-tw/3/library/idle.html,5,5,
/zh-tw/3/library/os.path.html,5,5,
/zh-tw/3/library/pickle.html,5,5,
/zh-tw/3/library/queue.html,5,5,
/zh-tw/3/library/stdtypes.html,5,5,
/zh-tw/3/library/time.html,5,5,
/zh-tw/3/library/tkinter.messagebox.html,5,5,
/zh-tw/3/library/unittest.mock.html,5,6,
/zh-tw/3/search.html,5,5,
/zh-tw/dev/library/tomllib.html,5,6,
/zh-tw/3.12/using/mac.html,4,4,
/zh-tw/3.13/howto/sockets.html,4,4,
/zh-tw/3.13/library/collections.html,4,4,
/zh-tw/3.13/library/itertools.html,4,4,
/zh-tw/3.13/library/math.html,4,4,
/zh-tw/3.13/library/multiprocessing.shared_memory.html,4,4,
/zh-tw/3.13/library/time.html,4,4,
/zh-tw/3.13/tutorial/inputoutput.html,4,4,
/zh-tw/3.13/whatsnew/3.13.html,4,4,
/zh-tw/3.14/,4,4,
/zh-tw/3.14/tutorial/introduction.html,4,4,
/zh-tw/3/faq/general.html,4,4,
/zh-tw/3/glossary.html,4,4,
/zh-tw/3/library/exceptions.html,4,4,
/zh-tw/3/library/getopt.html,4,4,
/zh-tw/3/library/hmac.html,4,4,
/zh-tw/3/whatsnew/3.12.html,4,4,
/zh-tw/dev/library/csv.html,4,4,
/zh-cn/3.14/library/index.html,3,3,
/zh-tw/3.13/glossary.html,3,3,
