name,visitors
Chrome,10494
Microsoft Edge,2874
Firefox,1820
Safari,1104
Opera,181
Yandex Browser,148
Mobile App,83
Samsung Browser,23
Quark,16
Smart Lenovo Browser,15
(not set),14
QQ Browser,12
Sogou Explorer,9
Avast Secure Browser,8
vivo Browser,8
Brave,6
Huawei Browser Mobile,6
SberBrowser,6
Huawei Browser,4
Opera GX,4
Pale Moon,4
Phoenix Browser,4
AVG Secure Browser,3
AdBlock Browser,3
Ecosia,3
MIUI Browser,3
Whale Browser,3
Avira Secure Browser,2
Chromium,2
Internet Explorer,2
Mobile Silk,2
QtWebEngine,2
Aloha Browser,1
JioSphere,1
Maxthon,1
UC Browser,1
