name,visitors
Bengaluru,232
Singapore,210
Tokyo,197
Chennai,186
Moscow,179
New York City,165
Hyderabad,163
Sydney,154
Los Angeles,151
Mumbai,149
Beijing,143
London,143
Frankfurt am Main,141
Warsaw,137
Paris,131
Chicago,124
São Paulo,123
Amsterdam,121
Hong Kong,115
Pune,105
New Delhi,101
Shanghai,96
Berlin,95
San Jose,93
Hanoi,89
Ashburn,88
Seattle,87
Istanbul,83
Ho Chi Minh City,82
Guangzhou,82
Munich,81
Taipei,76
Saint Petersburg,73
Bogotá,72
Toronto,70
Helsinki,68
Bangkok,68
Vienna,68
Madrid,65
San Francisco,62
Melbourne,59
Zürich,59
Dublin,58
Prague,58
Kolkata,57
Cairo,54
Santiago,54
Montréal,54
Tel Aviv,53
Jakarta,53
Stockholm,53
Kyiv,51
Delhi,50
León de los Aldama,49
Coimbatore,48
Atlanta,48
Lima,47
Shenzhen,46
Stuttgart,46
Oslo,45
Rio de Janeiro,44
Tashkent,43
Kuala Lumpur,43
Brisbane,41
Denver,41
Hamburg,40
Hangzhou,39
N/A,39
Budapest,38
Lahore,37
Medellín,37
Reston,37
Wuhan,36
Manchester,36
Portland,36
Ahmedabad,35
Chengdu,35
Brussels,35
Austin,35
Lisbon,34
Vancouver,34
Johannesburg,33
The Dalles,33
Minsk,31
Seoul,31
Lagos,31
Brooklyn,31
Cochin,30
Bhopāl,30
Osaka,30
Milan,30
Boston,29
Boardman,29
Bucharest,28
N/A,28
Copenhagen,28
Miami,28
Dallas,28
Riyadh,27
Tbilisi,27
Gurgaon,27
Bhubaneshwar,27
Phnom Penh,27
Kraków,27
Rome,27
Dhaka,26
Barcelona,26
Houston,26
Jaipur,25
Wrocław,25
Jeddah,24
Ankara,24
Karachi,24
Yekaterinburg,24
Novosibirsk,24
Brasília,24
Colombo,23
Belo Horizonte,23
Queens,23
Phoenix,23
San Diego,23
Santa Clara,23
Nairobi,22
Athens,22
Dubai,22
Riga,22
Taichung,22
Köln,22
Düsseldorf,22
Curitiba,22
Ufa,21
Vilnius,21
Zhengzhou,21
Perth,21
Poznań,21
Tehran,20
Belgrade,20
Cape Town,20
Charlotte,20
Columbus,20
Minneapolis,20
Pittsburgh,20
Samara,19
Nizhniy Novgorod,19
Rotterdam,19
Gdańsk,19
N/A,19
Krasnodar,18
Tallinn,18
Lucknow,18
Kaohsiung,18
Quezon City,18
Xi’an,18
Nanjing,18
Mexico City,18
Philadelphia,18
N/A,18
Yaroslavl,17
Yerevan,17
Islamabad,17
Visakhapatnam,17
Suwon,17
Göteborg,17
Zagreb,17
N/A,17
Guayaquil,17
Elkridge,17
Jersey City,17
Calgary,17
Ottawa,17
Addis Ababa,16
Nagpur,16
Indore,16
Suzhou,16
Sanaa,15
İzmir,15
Patna,15
Hsinchu,15
Manila,15
Chongqing,15
Changsha,15
Seongnam-si,15
Auckland,15
Casablanca,15
Edinburgh,15
Marseille,15
Brno,15
Cali,15
Gainesville,15
N/A,15
Lviv,14
Ghāziābād,14
Tyumen,14
Surabaya,14
Cambridge,14
Bristol,14
Haarlem,14
Antwerpen,14
La Plata,14
Sunnyvale,14
Perm,13
Dnipro,13
Madurai,13
Guwahati,13
Dehra Dūn,13
Nur-Sultan,13
Almaty,13
Taoyuan,13
Accra,13
Abuja,13
Glasgow,13
Bremen,13
Trondheim,13
Fortaleza,13
La Paz,13
Washington,13
Las Vegas,13
Salt Lake City,13
Redmond,13
Kampala,12
Giza,12
Sofia,12
Surat,12
Kanpur,12
Bishkek,12
Qingdao,12
Dongguan,12
Adelaide,12
Wandsworth,12
N/A,12
Porto,12
Leipzig,12
Orlando,12
St. Louis,12
Edmonton,12
Alexandria,11
Voronezh,11
Pretoria,11
Chandīgarh,11
Kunming,11
Slough,11
Kensington,11
Ealing,11
Utrecht,11
Gent,11
Nürnberg,11
Heidelberg,11
Łódź,11
Salvador,11
Benito Juarez,11
Guadalajara,11
Cambridge,11
Buffalo,11
Tucson,11
Doha,10
Abu Dhabi,10
Salem,10
Kathmandu,10
Omsk,10
Chelyabinsk,10
Jinan,10
Guiyang,10
Karlsruhe,10
Freiburg,10
Lyon,10
Bologna,10
Buenos Aires,10
Campinas,10
Mérida,10
Guatemala City,10
Panamá,10
Raleigh,10
Fort Worth,10
Somerville,10
Madison,10
Berkeley,10
Mississauga,10
Dammam,9
Mersin,9
Cluj-Napoca,9
Odessa,9
Thessaloníki,9
Shimla,9
Ludhiāna,9
Agra,9
N/A,9
Nagoya,9
Sapporo,9
Marrakesh,9
Croydon,9
Barnet,9
Lausanne,9
Basel,9
Malmö,9
Strasbourg,9
Bratislava,9
Turin,9
Ljubljana,9
Porto Alegre,9
San José,9
