name,unique_entrances,total_entrances,visit_duration
/ja/3/library/codecs.html,170,172,40
/ja/3/tutorial/,137,145,177
/ja/3/reference/introduction.html,96,96,54
/ja/3/,91,97,208
/ja/3/library/functions.html,89,91,224
/ja/3/library/index.html,83,89,164
/ja/3/library/stdtypes.html,59,62,162
/ja/3/bugs.html,55,55,12
/ja/3/library/math.html,34,35,89
/ja/3/tutorial/datastructures.html,34,39,217
/ja/3/tutorial/controlflow.html,32,37,240
/ja/3.13/tutorial/index.html,31,31,132
/ja/3/library/re.html,31,31,256
/ja/3/library/random.html,29,29,219
/ja/3/tutorial/index.html,28,29,298
/3/,25,26,200
/ja/3/tutorial/appetite.html,24,28,175
/ja/3/tutorial/introduction.html,24,24,153
/ja/3/library/exceptions.html,21,24,275
/ja/3/library/venv.html,21,21,28
/ja/3.14/library/unicodedata.html,20,20,0
/ja/3/library/itertools.html,20,20,970
/ja/3/library/tkinter.html,20,20,3
/ja/3/library/typing.html,20,21,133
/ja/3/tutorial/interpreter.html,20,20,244
/3/library/venv.html,19,20,3779
/ja/3/search.html,19,22,192
/ja/3/library/csv.html,17,17,48
/ja/3/library/os.html,17,17,1361
/ja/3/reference/datamodel.html,17,17,1428
/ja/3/reference/index.html,17,17,59
/ja/3/tutorial/classes.html,17,17,58
/dev/using/windows.html,16,16,211
/ja/3.13/library/datetime.html,16,17,293
/ja/3/library/pathlib.html,16,16,155
/3/library/random.html,15,15,3759
/3/tutorial/classes.html,15,15,3869
/ja/3/library/sys.html,15,16,934
/ja/3/tutorial/errors.html,15,16,0
/3/tutorial/datastructures.html,14,14,4011
/ja/3/installing/index.html,14,15,75
/ja/3/library/collections.html,14,15,752
/ja/dev/library/hashlib.html,14,14,2
/3/library/datetime.html,13,13,3256
/3/library/functions.html,13,13,3232
/3/tutorial/index.html,13,13,2439
/ja/3.13/library/enum.html,13,13,0
/ja/3.14/,13,14,106
/ja/3/index.html,13,14,502
/ja/3/library/io.html,13,13,643
/ja/3/library/subprocess.html,13,13,545
/3/library/os.html,12,12,4094
/3/library/pathlib.html,12,12,4353
/3/library/time.html,12,13,5233
/3/tutorial/inputoutput.html,12,12,4616
/ja/3.13/library/dataclasses.html,12,12,59
/ja/3.13/library/logging.html,12,13,119
/ja/3.13/library/re.html,12,12,18
/ja/3/library/socket.html,12,12,848
/ja/3/library/sqlite3.html,12,12,487
/ja/3/library/time.html,12,12,716
/ja/3/tutorial/modules.html,12,12,198
/ja/dev/library/pwd.html,12,12,0
/3/library/argparse.html,11,11,3927
/3/library/exceptions.html,11,11,3289
/3/library/os.path.html,11,11,3380
/3/library/string.html,11,11,4182
/3/library/threading.html,11,11,3367
/ja/3.13/library/functions.html,11,14,99
/ja/3.13/tutorial/,11,16,210
/ja/3.13/tutorial/interpreter.html,11,11,12
/ja/3/glossary.html,11,12,816
/ja/3/library/argparse.html,11,11,0
/ja/3/library/xml.etree.elementtree.html,11,13,689
/ja/3/reference/compound_stmts.html,11,11,301
/ja/3/using/cmdline.html,11,11,287
/3/reference/import.html,10,10,3001
/3/using/cmdline.html,10,10,3469
/ja/3.13/library/argparse.html,10,10,0
/ja/3.13/library/stdtypes.html,10,10,366
/ja/3.13/tutorial/inputoutput.html,10,10,366
/ja/3/library/asyncio.html,10,10,270
/ja/3/library/datetime.html,10,10,942
/ja/3/library/enum.html,10,10,219
/ja/3/library/logging.html,10,10,215
/ja/3/using/windows.html,10,10,698
/3/library/asyncio-task.html,9,9,4504
/3/library/decimal.html,9,9,4566
/3/library/enum.html,9,9,2708
/3/library/index.html,9,9,3490
/3/library/math.html,9,9,4187
/3/library/stdtypes.html,9,9,3556
/3/tutorial/errors.html,9,9,3381
/ja/3.13/library/__main__.html,9,9,13
/ja/3.14/tutorial/index.html,9,9,41
/ja/3.15/using/windows.html,9,9,37
/ja/3/library/__main__.html,9,9,51
/ja/3/library/functools.html,9,9,1464
/ja/3/library/secrets.html,9,10,0
/ja/3/using/ios.html,9,10,0
/3/howto/sorting.html,8,8,4561
/3/library/re.html,8,9,4585
/3/using/windows.html,8,8,3786
/ja/3.13/,8,8,127
/ja/3.13/howto/sorting.html,8,8,62
/ja/3.13/library/decimal.html,8,8,155
/ja/3.13/library/random.html,8,8,49
/ja/3.13/tutorial/modules.html,8,8,1751
/ja/3/library/,8,8,27
/ja/3/library/idle.html,8,8,2
/ja/3/library/os.path.html,8,8,18
/ja/3/library/turtle.html,8,8,766
/ja/3/tutorial/inputoutput.html,8,8,102
/3.13/library/sys.html,7,7,2528
/3/extending/extending.html,7,7,4059
/3/tutorial/introduction.html,7,7,3421
/ja/3.13/library/subprocess.html,7,7,14
/ja/3.14/library/random.html,7,7,18
/ja/3/howto/sorting.html,7,7,0
/ja/3/library/multiprocessing.html,7,7,702
/ja/3/library/shutil.html,7,7,1585
/ja/3/library/statistics.html,7,7,606
/ja/3/library/unittest.html,7,7,1958
/ja/3/reference/expressions.html,7,7,1018
/ja/3/using/configure.html,7,7,2249
/3.12/library/os.html,6,6,2388
/3.14/glossary.html,6,6,3027
/3.14/reference/datamodel.html,6,6,3502
/3/library/heapq.html,6,6,2347
/3/library/ipaddress.html,6,6,3427
/3/library/logging.html,6,6,3004
/3/library/sqlite3.html,6,6,3008
/3/reference/datamodel.html,6,7,5322
/3/tutorial/venv.html,6,6,3611
/dev/library/exceptions.html,6,6,3613
/dev/library/stdtypes.html,6,6,3382
/ja/3.13/c-api/index.html,6,6,29
/ja/3.13/library/ast.html,6,7,95
/ja/3.13/library/contextlib.html,6,6,6
/ja/3.13/library/itertools.html,6,6,0
/ja/3.13/library/math.html,6,6,0
/ja/3.13/library/string.html,6,6,288
/ja/3.13/library/time.html,6,6,0
/ja/3.13/library/typing.html,6,6,16
/ja/3.13/using/windows.html,6,6,18
/ja/3.14/tutorial/interpreter.html,6,6,811
/ja/3.14/using/windows.html,6,6,67
/ja/3/library/asyncio-eventloop.html,6,6,2874
/ja/3/library/ctypes.html,6,7,691
/ja/3/library/http.server.html,6,7,432
/ja/3/library/operator.html,6,6,482
/ja/3/library/unittest.mock.html,6,7,519
/ja/3/whatsnew/3.14.html,6,10,43
/,5,5,3748
/3.12/library/exceptions.html,5,5,3055
/3.12/library/functions.html,5,5,4426
/3.13/,5,5,851
/3.13/using/cmdline.html,5,5,3240
/3.14/library/os.html,5,5,2471
/3.14/library/stdtypes.html,5,5,2211
/3/c-api/init.html,5,5,2166
/3/howto/argparse.html,5,5,4190
/3/howto/enum.html,5,5,4069
/3/howto/logging.html,5,5,2786
/3/howto/unicode.html,5,5,7022
/3/installing/index.html,5,5,3877
/3/library/collections.html,5,5,2185
/3/library/hashlib.html,5,5,4896
/3/library/importlib.html,5,5,3763
/3/library/io.html,5,5,2701
/3/library/multiprocessing.html,5,6,4462
/3/library/operator.html,5,5,2929
/3/library/subprocess.html,5,5,2882
/3/tutorial/controlflow.html,5,5,3560
/3/tutorial/floatingpoint.html,5,5,5254
/3/using/mac.html,5,5,3635
/fr/3/library/ast.html,5,5,2298
/fr/3/library/urllib.request.html,5,5,3641
/ja/3.13/library/concurrent.futures.html,5,5,291
/ja/3.13/library/exceptions.html,5,5,0
/ja/3.13/library/sqlite3.html,5,5,0
/ja/3.13/library/tkinter.html,5,5,2
/ja/3.13/reference/import.html,5,5,2317
/ja/3.13/tutorial/controlflow.html,5,5,32
/ja/3.13/tutorial/floatingpoint.html,5,5,0
/ja/3/c-api/init.html,5,5,1238
/ja/3/library/ast.html,5,5,522
/ja/3/library/base64.html,5,5,285
/ja/3/library/colorsys.html,5,5,0
/ja/3/library/constants.html,5,5,776
/ja/3/library/html.parser.html,5,5,0
/ja/3/library/ipaddress.html,5,5,913
/ja/3/library/json.html,5,5,535
/ja/3/library/platform.html,5,5,3322
/ja/3/library/queue.html,5,5,3250
/ja/3/library/string.html,5,5,993
/ja/3/library/urllib.request.html,5,5,1348
/ja/3/tutorial/venv.html,5,5,115
/ja/3/whatsnew/index.html,5,5,1224
/ko/3/library/exceptions.html,5,5,2703
/3.12/library/logging.handlers.html,4,4,3030
/3.12/library/pathlib.html,4,4,2636
/3.13/library/functions.html,4,4,2794
/3.13/reference/datamodel.html,4,4,4192
/3.14/library/exceptions.html,4,4,3010
/3.14/library/tarfile.html,4,4,3522
/3.15/library/exceptions.html,4,4,3841
/3.15/library/http.client.html,4,4,2418
/3/faq/windows.html,4,4,6396
/3/library/array.html,4,4,4652
/3/library/codecs.html,4,4,2304
/3/library/contextlib.html,4,4,3721
/3/library/csv.html,4,4,4846
/3/library/curses.html,4,4,4198
/3/library/http.client.html,4,4,3332
/3/library/itertools.html,4,4,2046
/3/library/json.html,4,4,3010
/3/library/signal.html,4,4,3062
/3/library/socket.html,4,4,3193
/3/library/turtle.html,4,4,2486
/3/library/typing.html,4,4,3406
/3/library/unittest.mock.html,4,4,2257
/3/reference/expressions.html,4,4,3688
/dev/library/importlib.html,4,4,4198
/fr/3/library/functions.html,4,4,2906
/fr/3/library/http.server.html,4,4,2711
/fr/3/library/os.html,4,4,5870
/ja/3.12/,4,4,1716
/ja/3.13/glossary.html,4,4,0
/ja/3.13/library/asyncio.html,4,4,122
/ja/3.13/library/collections.html,4,4,402
/ja/3.13/library/csv.html,4,4,30
/ja/3.13/library/heapq.html,4,4,0
/ja/3.13/library/http.server.html,4,4,330
/ja/3.13/library/os.html,4,4,652
/ja/3.13/library/pathlib.html,4,4,0
/ja/3.13/library/queue.html,4,4,3
/ja/3.13/library/shutil.html,4,4,0
/ja/3.13/tutorial/classes.html,4,4,0
/ja/3.13/tutorial/datastructures.html,4,4,15
/ja/3.14/whatsnew/3.14.html,4,4,278
/ja/3.15/howto/regex.html,4,4,0
/ja/3/c-api/bytes.html,4,4,54
/ja/3/c-api/intro.html,4,4,0
/ja/3/c-api/module.html,4,4,2674
/ja/3/c-api/object.html,4,4,3632
/ja/3/c-api/unicode.html,4,4,1654
/ja/3/library/bisect.html,4,4,601
/ja/3/library/copy.html,4,4,487
/ja/3/library/decimal.html,4,4,1263
/ja/3/library/doctest.html,4,4,1388
/ja/3/library/importlib.html,4,4,2931
/ja/3/library/pprint.html,4,4,0
/ja/3/library/stat.html,4,4,14
/ja/3/library/threading.html,4,4,1555
/ja/3/library/tkinter.ttk.html,4,4,1167
/ja/3/library/types.html,4,4,0
/ja/3/library/urllib.html,4,4,0
/ja/3/library/urllib.parse.html,4,4,0
/ja/3/library/wsgiref.html,4,4,1816
/ja/3/py-modindex.html,4,5,584
/ko/3.12/library/calendar.html,4,4,2768
/ko/3.12/library/exceptions.html,4,4,2567
/ko/3.12/library/socket.html,4,4,3374
/ko/3/glossary.html,4,4,2410
/ko/3/library/asyncio-task.html,4,4,2527
/ko/3/library/ssl.html,4,4,2891
/ko/3/library/test.html,4,4,2975
/ko/3/library/traceback.html,4,4,3694
/ko/3/reference/datamodel.html,4,4,3157
/ko/3/using/cmdline.html,4,4,3035
/3.12/c-api/typeobj.html,3,3,2884
/3.12/library/asyncio-exceptions.html,3,3,2408
/3.12/library/stdtypes.html,3,3,2455
/3.12/library/unittest.html,3,3,3784
/3.12/library/urllib.parse.html,3,3,2754
/3.12/reference/compound_stmts.html,3,3,3238
/3.12/tutorial/modules.html,3,3,5103
/3.12/whatsnew/2.6.html,3,3,2689
/3.12/whatsnew/changelog.html,3,3,2602
/3.13/c-api/module.html,3,3,2879
/3.13/glossary.html,3,3,2638
/3.13/library/constants.html,3,3,2209
/3.13/library/exceptions.html,3,3,2195
/3.13/library/ipaddress.html,3,3,4021
/3.13/library/json.html,3,3,2106
/3.13/library/turtle.html,3,3,3257
/3.14/c-api/init.html,3,3,2893
/3.14/c-api/typeobj.html,3,3,2755
/3.14/library/queue.html,3,3,4730
/3.14/library/shlex.html,3,3,3096
/3.14/library/shutil.html,3,3,4702
/3.14/library/socket.html,3,3,2123
/3.14/library/urllib.request.html,3,3,4134
/3.15/c-api/unicode.html,3,3,3160
/3.15/library/codecs.html,3,3,2858
/3.15/library/concurrent.futures.html,3,3,1840
/3.15/library/curses.html,3,3,3410
/3.15/library/functions.html,3,3,2146
/3.15/library/io.html,3,3,2714
