name,visitors,pageviews,bounce_rate,time_on_page,scroll_depth
/tr/3.15/using/windows.html,26,29,100,69,14
/tr/3.14/,13,16,75,7,68
/tr/3.14/tutorial/index.html,11,18,75,14,35
/tr/3/contents.html,11,11,100,8,1
/tr/3/glossary.html,10,9,100,20,28
/tr/3/installing/index.html,10,11,78,67,69
/tr/3/tutorial/index.html,8,9,57,168,57
/tr/3/bugs.html,7,7,86,13,34
/tr/3/library/sys.html,7,7,86,,
/tr/3.14/search.html,5,5,100,38,98
/tr/3.14/tutorial/interpreter.html,5,8,0,16,100
/tr/3/,5,7,67,10,89
/tr/3/genindex.html,5,5,100,4,67
/tr/3.13/whatsnew/3.8.html,4,4,100,16,3
/tr/3.14/download.html,4,5,0,16,100
/tr/3.14/tutorial/introduction.html,4,6,40,11,31
/tr/3.14/using/windows.html,4,3,0,271,48
/tr/3.15/search.html,4,26,0,84,100
/tr/3/download.html,4,3,100,11,100
/tr/3.14/glossary.html,3,2,0,94,6
/tr/3.14/tutorial/appetite.html,3,4,0,5,68
/tr/3.14/whatsnew/3.14.html,3,3,0,17,36
/tr/3.15/contents.html,3,2,0,106,1
/tr/3/library/ctypes.html,3,3,100,,
/tr/3/library/io.html,3,3,100,3,5
/tr/3/library/itertools.html,3,3,100,,
/tr/3/search.html,3,5,100,13,100
/tr/3/tutorial/controlflow.html,3,3,100,,
/tr/3.13/contents.html,2,2,0,7,1
/tr/3.13/index.html,2,4,50,,
/tr/3.14/contents.html,2,3,0,5,1
/tr/3.14/faq/,2,1,0,15,100
/tr/3.14/index.html,2,2,0,8,66
/tr/3.14/library/index.html,2,2,0,8,11
/tr/3.14/library/stdtypes.html,2,1,0,38,15
/tr/3.14/reference/index.html,2,2,0,3,38
/tr/3.14/reference/introduction.html,2,2,0,5,25
/tr/3.14/tutorial/,2,2,100,,
/tr/3.14/tutorial/controlflow.html,2,2,100,15,51
/tr/3.14/whatsnew/index.html,2,2,0,6,7
/tr/3/c-api/buffer.html,2,2,100,,
/tr/3/c-api/conversion.html,2,2,100,,
/tr/3/c-api/import.html,2,2,100,,
/tr/3/howto/free-threading-python.html,2,2,100,,
/tr/3/library/array.html,2,2,100,15,23
/tr/3/library/cmd.html,2,2,100,,
/tr/3/library/email.header.html,2,2,100,,
/tr/3/library/functions.html,2,2,100,,
/tr/3/library/gzip.html,2,2,100,15,17
/tr/3/library/idle.html,2,1,100,6,45
/tr/3/library/index.html,2,1,0,6,16
/tr/3/library/locale.html,2,2,100,8,9
/tr/3/library/logging.handlers.html,2,2,100,,
/tr/3/library/os.path.html,2,2,100,,
/tr/3/library/readline.html,2,2,100,,
/tr/3/library/smtplib.html,2,2,100,,
/tr/3/library/time.html,2,2,100,,
/tr/3/library/token.html,2,2,100,,
/tr/3/library/unix.html,2,2,100,,
/tr/3/tutorial/appendix.html,2,1,0,5,100
/tr/3/tutorial/introduction.html,2,2,100,,
/tr/3.12/library/exceptions.html,1,1,100,,
/tr/3.13/tutorial/appetite.html,1,1,0,14,100
/tr/3.13/tutorial/index.html,1,1,0,36,29
/tr/3.13/whatsnew/index.html,1,2,0,10,25
/tr/3.14/howto/free-threading-extensions.html,1,1,100,,
/tr/3.14/library/collections.html,1,2,0,4,2
/tr/3.14/library/idle.html,1,1,0,8,37
/tr/3.14/library/smtplib.html,1,1,0,,
/tr/3/about.html,1,1,100,,
/tr/3/c-api/concrete.html,1,1,100,,
/tr/3/c-api/function.html,1,1,100,4,23
/tr/3/c-api/init.html,1,1,100,,
/tr/3/genindex-M.html,1,1,100,,
/tr/3/genindex-Y.html,1,1,100,,
/tr/3/howto/index.html,1,1,0,10,76
/tr/3/library/_thread.html,1,1,100,,
/tr/3/library/allos.html,1,1,100,,
/tr/3/library/archiving.html,1,1,100,,
/tr/3/library/asyncio.html,1,1,100,28,100
/tr/3/library/calendar.html,1,1,100,,
/tr/3/library/cgitb.html,1,1,100,,
/tr/3/library/code.html,1,1,100,,
/tr/3/library/codecs.html,1,1,100,,
/tr/3/library/concurrent.interpreters.html,1,1,100,1,16
/tr/3/library/contextvars.html,1,1,100,,
/tr/3/library/datatypes.html,1,1,100,,
/tr/3/library/datetime.html,1,1,100,15,3
/tr/3/library/dialog.html,1,1,100,,
/tr/3/library/email.charset.html,1,1,100,,
/tr/3/library/email.generator.html,1,1,100,,
/tr/3/library/filecmp.html,1,1,100,,
/tr/3/library/grp.html,1,1,100,,
/tr/3/library/imaplib.html,1,0,0,15,11
/tr/3/library/importlib.html,1,1,100,,
/tr/3/library/math.html,1,1,100,,
/tr/3/library/operator.html,1,1,100,,
/tr/3/library/platform.html,1,1,100,,
/tr/3/library/pprint.html,1,1,100,1,100
/tr/3/library/random.html,1,1,100,,
