name,visitors
Maharashtra,10573
Tamil Nadu,8463
Telangāna,6290
Karnataka,6256
Tokyo,5882
California,5862
Guangdong,4907
Delhi,4902
England,4290
Ho Chi Minh City,4242
Uttar Pradesh,4236
Hanoi,3344
Gujarat,3331
Seoul,2994
Istanbul,2808
Punjab,2754
Shanghai,2622
Moscow,2603
Beijing,2598
West Bengal,2388
São Paulo,2188
Texas,2163
Zhejiang,2147
Gyeonggi,2098
Makkah,1970
Jiangsu,1958
Andhra Pradesh,1925
New York,1873
Île-de-France,1871
Cairo,1830
Kerala,1825
Shandong,1719
Madhya Pradesh,1718
North Holland,1650
Tashkent,1634
Rajasthan,1609
Jakarta,1595
Riyadh,1574
Virginia,1560
Taipei,1550
Ontario,1537
Haryana,1482
Sichuan,1456
Henan,1426
Florida,1374
Sindh,1373
Bangkok,1335
Hesse,1309
Osaka,1298
Illinois,1174
Washington,1173
Western,1146
Hubei,1138
Jharkhand,1130
Shaanxi,1111
Saint Petersburg,1089
Lagos,1048
Province 3,1042
Tel Aviv,1025
North Rhine-Westphalia,1021
Punjab,1008
Ankara,999
Bihar,938
New Jersey,935
West Java,922
Odisha,897
Kuala Lumpur,894
Eastern,870
Bavaria,867
Georgia,865
Meknès-Tafilalet,839
Da Nang,816
Hunan,810
Hormozgan,799
New Taipei,796
Minas Gerais,785
Mazovia,782
Kyiv,770
Santiago Metropolitan,752
Kanagawa,746
Taichung,746
Dubai,745
Nairobi County,733
New South Wales,725
Fujian,714
Quebec,710
Dhaka Division,701
Lombardy,690
Lima,687
Madrid Autonomous Community,663
Islamabad,663
Selangor,641
East Java,640
Baden-Württemberg,634
Buenos Aires Province,633
Massachusetts,629
Pennsylvania,625
Rio de Janeiro,618
Uttarākhand,609
South Holland,583
Baku,582
North Carolina,577
Arizona,574
Amman,573
Ciudad de Mexico,573
Oregon,568
Chongqing,557
Anhui,555
Almaty City,555
Ohio,554
Phnom Penh,545
Michigan,523
Bishkek,521
Addis Ababa,520
Gauteng,516
Tianjin,514
Catalonia,506
Victoria,501
British Columbia,500
Capital District,497
Aichi,497
Metro Manila,494
Colorado,491
Greater Accra,489
Assam,487
Izmir,484
Moscow Province,479
Chhattīsgarh,477
Chiba,461
Uusimaa,459
Minsk,457
Incheon,456
Tatarstan,445
Auvergne-Rhône-Alpes,444
Krasnodar Krai,441
Sverdlovsk,436
Taoyuan,435
Chandigarh,433
Paraná,429
Provence-Alpes-Côte-d'Azur,429
Rio Grande do Sul,425
Maryland,425
Central,421
Oriental,421
Kwai Tsing New Territories,420
Saitama,412
Baghdad,411
Kaohsiung,406
Novosibirsk,403
Liaoning,402
Attica,400
Flanders,390
Hebei,389
Berlin,378
Tunis,376
Utah,367
Beograd,364
Central Java,362
Saxony,358
Leinster,356
Missouri,352
Occitanie,351
Busan,350
Astana,349
Tennessee,349
Zürich,347
Lower Saxony,346
Grand-Est,343
Algiers,342
Santa Catarina,338
Stockholm,338
Rostov,337
Samara,333
Alberta,331
Dnipropetrovshchyna,329
Ceará,322
Antioquia,322
Haiphong,321
Lazio,317
Bahia,314
Alexandria,314
Andalusia,314
Mexico State,314
Minnesota,314
Khyber Pakhtunkhwa,312
Nizhny Novgorod,311
Calabarzon,309
Al Madinah,309
Giza,308
Riga,306
Taza-Al Hoceima-Taounate,305
Chelyabinsk,300
Bursa,300
Indiana,300
Nouvelle-Aquitaine,298
Jammu and Kashmir,290
Vienna,288
Daegu,287
Central,287
Nevada,283
Federal District,278
Queensland,277
Hyogo,276
Himachal Pradesh,273
Abu Dhabi,272
Federal Capital Territory,272
Bucharest,271
Prague,266
Rabat-Salé-Zemmour-Zaer,265
Fukuoka,262
Wisconsin,262
Pichincha,258
Hauts-de-France,258
Lisbon,258
Tangier-Tétouan,256
Abidjan,251
Doha,249
Scotland,248
Tainan,248
Bashkortostan,244
Valencian Community,242
Pernambuco,241
Hsinchu County,239
Gansu,237
Dar es Salaam,235
Veneto,233
Yunnan,232
Perm Krai,232
Brussels,227
Amanat Al Asimah,227
Western Australia,226
Iowa,226
Krasnoyarsk Krai,224
Antalya,223
Jiangxi,219
South Carolina,218
Kinshasa,214
South Chungcheong,214
Campania,212
Ulaanbaatar,212
Yerevan,211
Budapest,209
Daejeon,209
Goiás,207
Lima Region,207
Kharkivshchyna,206
Connecticut,204
Tbilisi,202
Greater Poland,201
Western Cape,201
Wallonia,199
Silesia,199
Alabama,198
Lesser Poland,197
Rhineland-Palatinate,196
South Gyeongsang,196
Rivers,196
Khorāsān-e Raẕavī,195
Hokkaido,195
Odeshchyna,193
Pays-de-la-Loire,191
Jalisco,186
Nuevo León,185
Lvivshchyna,184
Chaouia-Ouardigha,183
Muscat,180
Irkutsk,180
Distrito Nacional,178
Kowloon City Kowloon,177
Kigali,177
Kentucky,175
Kemerovo,172
Chișinău,171
Constantine,170
Changhua,169
Yogyakarta,167
Sofia,166
Kyoto,166
Altai Krai,166
Shizuoka,165
North Gyeongsang,165
Voronezh,165
Guangxi,164
Lusaka,163
La Paz,161
Banten,161
Hamburg,159
Emilia-Romagna,159
Tuscany,158
Oklahoma,158
Dakar,156
Guizhou,155
North Chungcheong,155
Tyumen,155
Sicily,154
Saratov,154
Louisiana,154
Central Luzon,153
Chiang Mai,152
Yangon,151
