name,visitors
London,178
Paris,177
Singapore,172
Frankfurt am Main,158
New York City,147
Munich,136
Chicago,117
Los Angeles,115
Amsterdam,111
Tokyo,110
Warsaw,105
Berlin,104
Madrid,102
Sydney,98
Moscow,94
San Jose,94
Hong Kong,91
Vienna,90
Dublin,90
Bengaluru,87
São Paulo,86
Toronto,86
Manchester,82
Chennai,76
Istanbul,74
Beijing,74
Melbourne,73
Zürich,71
Ashburn,71
Hyderabad,69
Guangzhou,65
Milan,64
Atlanta,62
Reston,61
Seattle,61
Taipei,59
Stockholm,56
Shanghai,55
Helsinki,54
Bangkok,53
Lisbon,50
Montréal,49
Tel Aviv,48
Brussels,48
Ho Chi Minh City,47
Stuttgart,46
Düsseldorf,46
Saint Petersburg,45
Budapest,45
Prague,45
Mumbai,44
Jakarta,44
Cambridge,43
Cairo,42
Hanoi,42
Brisbane,42
Denver,41
New Delhi,39
Barcelona,39
Rome,37
Boston,36
Boardman,36
Shenzhen,35
Miami,35
San Francisco,35
Copenhagen,34
Hamburg,32
Dubai,31
Kyiv,30
Rio de Janeiro,30
Sofia,29
Rotterdam,29
Bogotá,29
Vancouver,29
N/A,29
Seoul,28
Osaka,28
Perth,28
Athens,27
Lagos,27
Kraków,27
Minneapolis,27
Bucharest,26
Brno,26
Oslo,26
Mexico City,26
Austin,26
Southampton,25
Riyadh,24
Tehran,24
Hangzhou,24
Dallas,24
Lahore,23
Kolkata,23
Nürnberg,23
Wrocław,23
Zagreb,23
Santiago,23
Lima,23
Washington,23
Brooklyn,23
Chengdu,22
Porto,22
Brasília,22
Charlotte,22
Houston,22
Pittsburgh,22
Wuhan,21
Bratislava,21
Ankara,20
Riga,20
Göteborg,20
Belo Horizonte,20
Philadelphia,20
San Antonio,20
Washington,20
Las Vegas,20
Kuala Lumpur,19
Köln,19
Marseille,19
Poznań,19
Turin,19
Belgrade,18
Auckland,18
Hannover,18
Bonn,18
Cambridge,18
Calgary,18
Islamabad,17
Pune,17
Yekaterinburg,17
Bandung,17
Nanjing,17
Birmingham,17
Karlsruhe,17
Gdańsk,17
Bologna,17
The Dalles,17
N/A,17
Kampala,16
Lucknow,16
N/A,16
Valencia,16
Casablanca,16
Glasgow,16
Lyon,16
Aachen,16
Medellín,16
Vilnius,15
Delhi,15
Ahmedabad,15
Surabaya,15
Quezon City,15
Utrecht,15
Antwerpen,15
Mainz,15
Essen,15
N/A,15
San Diego,15
Santa Clara,15
Portland,15
Ottawa,15
Sanaa,14
Nizhniy Novgorod,14
Tbilisi,14
Johannesburg,14
The Hague,14
Haarlem,14
Toulouse,14
Salt Lake City,14
Lambeth,14
Nairobi,13
Cochin,13
Bhopāl,13
Manila,13
City of Westminster,13
Oxford,13
Bristol,13
Delft,13
Cape Town,13
Phoenix,13
Sunnyvale,13
Jeddah,12
Tallinn,12
Bursa,12
Dhaka,12
Patna,12
Chandīgarh,12
Tashkent,12
Zhengzhou,12
Aalborg,12
Kensington,12
Lausanne,12
Naaldwijk,12
Dresden,12
St. Louis,12
Queens,12
Amman,11
Rostov-na-Donu,11
Minsk,11
Xi’an,11
Seongnam-si,11
Accra,11
Sheffield,11
Milton Keynes,11
Islington,11
Uppsala,11
Leipzig,11
Erlangen,11
Lille,11
Ljubljana,11
Raleigh,11
Columbus,11
Jersey City,11
İzmir,10
Samara,10
Karachi,10
Colombo,10
Jaipur,10
Nur-Sultan,10
Tianjin,10
Phnom Penh,10
Adelaide,10
Barnet,10
Genève,10
Bern,10
Oldenburg,10
Bochum,10
Trondheim,10
N/A,10
Fortaleza,10
São José dos Campos,10
Santo Domingo,10
Tampa,10
Durham,10
College Station,10
Charlottesville,10
Omaha,10
Rochester,10
Milwaukee,10
Berkeley,10
Cupertino,10
Albuquerque,10
Doha,9
Abu Dhabi,9
Petaẖ Tiqwa,9
Alexandria,9
Baku,9
Espoo,9
Timişoara,9
Lviv,9
Surat,9
Chelyabinsk,9
Shijiazhuang,9
Jinan,9
Canberra,9
Newcastle upon Tyne,9
Leeds,9
Leuven,9
Kaiserslautern,9
Rennes,9
Nantes,9
Venice,9
Naples,9
San José,9
Kansas City,9
Fremont,9
Oakland,9
Honolulu,9
N/A,9
Dnipro,8
Thessaloníki,8
Pretoria,8
Thiruvananthapuram,8
Novosibirsk,8
Chang-hua,8
Tunis,8
Slough,8
Linköping,8
Nijmegen,8
Liège,8
Ulm,8
Mannheim,8
Ingolstadt,8
Dortmund,8
Luxembourg,8
Camden Town,8
Benito Juarez,8
Zapopan,8
Gainesville,8
Laurel,8
Dayton,8
Fort Worth,8
Grand Rapids,8
Tucson,8
Pasadena,8
Muscat,7
Perm,7
Krasnodar,7
Cluj-Napoca,7
