name,version,visitors
Chrome,143.0,1284
Microsoft Edge,143.0,848
Chrome,132.0,452
Chrome,111.0,446
Sogou Explorer,2,404
Firefox,5.0,398
Chrome,69.0,390
360 Secure Browser,(not set),388
Firefox,146.0,270
Chrome,139.0,183
Chrome,142.0,92
Opera,125.0,90
Microsoft Edge,142.0,51
Safari,26.2,49
Yandex Browser,25.12,46
Firefox,140.0,41
Chrome,141.0,29
Chrome,140.0,25
Safari,18.6,22
Safari,26.1,22
Chrome,138.0,21
Chrome,131.0,20
Mobile App,(not set),19
Chrome,109.0,19
Chrome,122.0,18
Chrome,135.0,16
Firefox,145.0,16
Chrome,133.0,14
Microsoft Edge,141.0,12
Chrome,124.0,11
Chrome,117.0,10
Smart Lenovo Browser,9.0,10
Chrome,108.0,9
Chrome,116.0,9
Chrome,120.0,9
Chrome,134.0,9
Microsoft Edge,138.0,9
Chrome,105.0,8
Chrome,112.0,8
Opera,124.0,8
Microsoft Edge,140.0,8
Chrome,106.0,7
Samsung Browser,29.0,7
Chrome,104.0,6
Chrome,107.0,6
Firefox,115.0,6
Whale Browser,4.35,6
QQ Browser,6.2,6
Chrome,121.0,5
Chrome,126.0,5
Microsoft Edge,131.0,5
Chrome,137.0,5
Firefox,142.0,5
Firefox,147.0,5
Chrome,103.0,4
Microsoft Edge,122.0,4
Chrome,128.0,4
Chrome,129.0,4
Microsoft Edge,133.0,4
Firefox,136.0,4
Firefox,143.0,4
Microsoft Edge,144.0,4
Safari,18.5,4
Safari,26.0,4
Safari,(not set),3
Huawei Browser,12.1,3
Microsoft Edge,128.0,3
Chrome,136.0,3
Chrome,145.0,3
Yandex Browser,24.10,3
Yandex Browser,25.10,3
Quark,(not set),2
Android Browser,(not set),2
Safari,10.0,2
Microsoft Edge,109.0,2
Chrome,110.0,2
Microsoft Edge,113.0,2
Microsoft Edge,116.0,2
Chrome,119.0,2
Opera,122.0,2
Microsoft Edge,123.0,2
Chrome,127.0,2
Chrome,130.0,2
Microsoft Edge,134.0,2
Microsoft Edge,135.0,2
Microsoft Edge,136.0,2
Firefox,144.0,2
Huawei Browser Mobile,16.0,2
Safari,16.6,2
Safari,17.6,2
Safari,18.3,2
Safari,18.7,2
Safari,26.3,2
Pale Moon,33.9,2
Chrome,71.0,2
Mobile App,83.0,2
(not set),(not set),1
Microsoft Edge,100.0,1
Chrome,101.0,1
Chrome,102.0,1
Firefox,109.0,1
Microsoft Edge,110.0,1
Microsoft Edge,111.0,1
Mobile App,114.0,1
Microsoft Edge,114.0,1
Chrome,114.0,1
Microsoft Edge,119.0,1
QQ Browser,12.0,1
Chrome,125.0,1
Microsoft Edge,129.0,1
Firefox,129.0,1
QQ Browser,13.0,1
Safari,13.1,1
Microsoft Edge,132.0,1
Firefox,137.0,1
Firefox,141.0,1
Avast Secure Browser,143.0,1
Chrome,144.0,1
Firefox,146.1,1
Safari,15.6,1
Safari,17.14,1
Safari,17.3,1
Safari,18.1,1
Microsoft Edge,18.18363,1
Safari,18.2,1
MIUI Browser,20.9,1
vivo Browser,23.0,1
Samsung Browser,23.0,1
Yandex Browser,25.2,1
Yandex Browser,25.8,1
vivo Browser,27.6,1
Whale Browser,4.34,1
Chrome,59.0,1
QtWebEngine,6.10,1
Chrome,74.0,1
Chrome,86.0,1
Chrome,88.0,1
Chrome,90.0,1
Chrome,91.0,1
Microsoft Edge,92.0,1
Chrome,92.0,1
Opera,95.0,1
Mobile App,97.0,1
Chrome,99.0,1
