name,version,visitors
Chrome,142.0,166133
Microsoft Edge,142.0,72876
Opera,124.0,12052
Firefox,145.0,10461
Yandex Browser,25.10,6057
Chrome,141.0,6014
Chrome,109.0,4226
Safari,26.1,4015
Safari,18.6,3782
Chrome,138.0,2751
Chrome,140.0,2393
Mobile App,(not set),2392
Chrome,132.0,2329
Microsoft Edge,141.0,1752
Chrome,135.0,1677
Chrome,126.0,1395
Chrome,139.0,1310
Safari,18.5,1151
Chrome,122.0,1138
Quark,(not set),1123
Chrome,143.0,1105
Smart Lenovo Browser,9.0,1048
Microsoft Edge,140.0,926
Chrome,137.0,920
Safari,26.0,911
Microsoft Edge,92.0,846
Chrome,131.0,816
Opera,123.0,709
Safari,17.6,688
Chrome,136.0,639
Firefox,115.0,618
Firefox,140.0,593
Chrome,134.0,589
Samsung Browser,29.0,536
Microsoft Edge,139.0,530
Microsoft Edge,122.0,510
Microsoft Edge,138.0,506
Chrome,128.0,477
Safari,18.7,455
Firefox,144.0,443
Yandex Browser,25.8,431
Chrome,86.0,430
Safari,16.6,416
Chrome,133.0,412
Chrome,125.0,411
Safari,18.3,401
Chrome,130.0,334
QQ Browser,19.8,333
Microsoft Edge,143.0,331
Microsoft Edge,131.0,330
Sogou Explorer,2,309
Safari,15.6,306
Microsoft Edge,137.0,292
Chrome,129.0,275
Whale Browser,4.34,273
Chrome,116.0,272
Yandex Browser,24.10,260
Microsoft Edge,109.0,254
Firefox,141.0,251
Microsoft Edge,136.0,245
Mobile App,142.0,237
Microsoft Edge,135.0,228
Chrome,127.0,215
Chrome,144.0,206
Chrome,120.0,200
Safari,26.2,197
Firefox,128.0,196
Chrome,103.0,193
Chrome,114.0,193
Chrome,124.0,193
Firefox,143.0,191
Avast Secure Browser,142.0,182
Chrome,108.0,180
Opera,122.0,177
Safari,18.1,177
Chrome,121.0,173
Microsoft Edge,134.0,168
Safari,17.5,166
Safari,18.4,163
Microsoft Edge,133.0,160
Chrome,123.0,158
Microsoft Edge,100.0,154
Firefox,142.0,154
Huawei Browser Mobile,16.0,154
Chrome,119.0,143
Chrome,117.0,140
Microsoft Edge,130.0,140
Microsoft Edge,128.0,125
Safari,18.0,125
Microsoft Edge,126.0,120
Microsoft Edge,127.0,118
Firefox,146.0,115
Safari,18.2,114
Chrome,111.0,113
Opera,95.0,111
Microsoft Edge,129.0,106
Yandex Browser,25.6,104
Firefox,136.0,101
Chrome,101.0,100
Microsoft Edge,132.0,95
Safari,17.4,95
Microsoft Edge,123.0,93
Safari,(not set),90
Huawei Browser,12.1,90
Chrome,87.0,84
Microsoft Edge,120.0,80
Chrome,69.0,77
QQ Browser,19.6,76
Chrome,107.0,75
Firefox,127.0,75
MIUI Browser,20.7,74
Safari,17.3,73
Microsoft Edge,18.18362,73
Chrome,118.0,71
Chrome,106.0,70
Microsoft Edge,84.0,70
Microsoft Edge,106.0,67
QQ Browser,19.7,67
vivo Browser,15.0,65
Microsoft Edge,18.18363,64
Samsung Browser,28.0,63
Mobile App,114.0,61
Opera,93.0,60
Microsoft Edge,107.0,59
Chrome,95.0,59
Safari,14.1,56
Chrome,113.0,54
Microsoft Edge,144.0,54
Yandex Browser,25.105,54
Huawei Browser Mobile,5.1,54
Chrome,92.0,53
360 Secure Browser,(not set),52
Chrome,112.0,52
Chrome,91.0,52
Safari,16.1,51
(not set),(not set),50
Safari,13.1,50
Chrome,89.0,50
Quark,10.0,49
Firefox,138.0,49
vivo Browser,27.1,49
Firefox,5.0,49
Microsoft Edge,125.0,48
Safari,16.3,48
Firefox,137.0,47
Chrome,105.0,46
Norton Private Browser,142.0,46
Safari,16.5,46
Safari,17.2,46
Safari,17.1,45
Microsoft Edge,18.19041,45
Microsoft Edge,90.0,45
Chrome,94.0,45
Microsoft Edge,114.0,44
AVG Secure Browser,142.0,44
Chrome,99.0,43
Chrome,115.0,42
Opera,120.0,42
Microsoft Edge,121.0,42
Microsoft Edge,124.0,42
Yandex Browser,25.4,42
Microsoft Edge,115.0,41
Firefox,139.0,41
Chrome,97.0,41
Quark,10.1,40
Chrome,102.0,40
Microsoft Edge,89.0,40
Microsoft Edge,18.17763,39
Microsoft Edge,113.0,38
Microsoft Edge,116.0,38
Safari,17.14,38
MIUI Browser,14.46,35
Samsung Browser,27.0,35
Microsoft Edge,119.0,34
Chrome,96.0,34
Microsoft Edge,17.17134,33
MIUI Browser,20.6,33
Yandex Browser,25.2,33
Microsoft Edge,117.0,32
Chrome,70.0,32
Chrome,79.0,32
Chrome,80.0,32
Mobile App,131.0,31
Microsoft Edge,118.0,30
Firefox,130.0,30
Safari,17.0,30
Chrome,78.0,30
Mobile App,97.0,30
Microsoft Edge,112.0,28
Chrome,83.0,28
Brave,(not set),27
Safari,16.2,27
Chrome,81.0,27
Firefox,113.0,26
Firefox,134.0,26
QQ Browser,19.9,26
vivo Browser,27.0,26
Microsoft Edge,86.0,26
Chrome,93.0,26
Chrome,98.0,26
Firefox,147.0,25
Samsung Browser,26.0,25
Chrome,49.0,25
Chrome,104.0,24
Mobile App,138.0,24
Microsoft Edge,16.16299,24
QQ Browser,19.4,24
QQ Browser,6.2,24
Chrome,90.0,24
Chromium,(not set),22
Chrome,100.0,22
Safari,12.1,22
Chrome,85.0,22
Opera,92.0,22
Avast Secure Browser,109.0,21
Firefox,129.0,21
Firefox,135.0,21
QQ Browser,19.5,21
MIUI Browser,20.0,21
Microsoft Edge,111.0,20
Safari,16.4,20
Chrome,110.0,19
Firefox,145.1,19
vivo Browser,26.9,19
Chrome,63.0,19
Quark,7.16,19
Mobile App,134.0,18
MIUI Browser,14.45,18
Hi Browser,2.25,18
Yandex Browser,25.104,18
Firefox,52.0,18
Opera,118.0,17
Safari,17.7,16
Mobile App,116.0,15
Firefox,125.0,15
Safari,15.4,15
Safari,16.0,15
Yandex Browser,25.101,15
Chrome,74.0,15
Chrome,76.0,15
Android Browser,(not set),14
Chrome,142,14
Safari,15.3,14
UC Browser,18.2,14
vivo Browser,26.7,14
Opera GX,3.0,14
Opera,79.0,14
Opera,94.0,14
Opera,117.0,13
Firefox,132.0,13
Mobile App,141.0,13
QQ Browser,19.2,13
Samsung Browser,25.0,13
QtWebEngine,5.15,13
Chrome,62.0,13
Chrome,75.0,13
Microsoft Edge,103.0,12
Mobile App,109.0,12
Mobile App,123.0,12
Safari,14.0,12
CCleaner,142.0,12
Microsoft Edge,15.15063,12
Safari,15.5,12
MIUI Browser,20.2,12
Yandex Browser,23.7,12
Samsung Browser,24.0,12
Chrome,65.0,12
Chrome,71.0,12
Opera,96.1,12
Microsoft Edge,110.0,11
Firefox,116.0,11
Mobile App,137.0,11
MIUI Browser,14.10,11
Huawei Browser Mobile,15.0,11
Safari,60.5,11
Chrome,72.0,11
Chrome,88.0,11
QQ Browser,12.2,10
Firefox,133.0,10
Avast Secure Browser,141.0,10
Safari,17.8,10
Samsung Browser,23.0,10
Yandex Browser,25.102,10
vivo Browser,5.2,10
Opera Touch,6.1,10
UBrowser,7.0,10
Mobile App,83.0,10
Microsoft Edge,108.0,9
Safari,11.1,9
QQ Browser,11.9,9
Opera,114.0,9
Opera,119.0,9
Opera,126.0,9
MIUI Browser,14.1,9
Safari,15.1,9
Yandex Browser,17.4,9
QQ Browser,19.3,9
Yandex Browser,22.11,9
Yandex Browser,24.7,9
Yandex Browser,25.62,9
