name,visitors,bounce_rate,visit_duration
Direct / None,174457,59,119
google.com,127246,58,105
chatgpt.com,36122,67,109
bing.com,27079,60,100
cn.bing.com,10290,52,160
baidu.com/link,5764,51,165
yandex.ru,3374,61,105
search.brave.com,2324,59,89
gemini.google.com,2043,71,96
youtube.com,2038,67,104
docs.python.org,2006,53,85
duckduckgo.com,1416,57,87
link.csdn.net,1254,55,125
in.search.yahoo.com,1025,57,155
doubao.com,1017,64,111
so.com/link,997,46,244
code.visualstudio.com,916,78,69
search.yahoo.com,739,55,106
python.p2hp.com,648,65,130
google.com.hk,564,44,108
copilot.microsoft.com,563,64,117
w3schools.com,538,51,114
github.com,532,70,69
statics.teams.cdn.office.net,458,73,91
search.naver.com,412,45,137
qiita.com,383,55,120
link.zhihu.com,347,59,129
android-app://com.google.android.googlequicksearchbox,325,37,94
search.naver.com/search.naver,314,48,143
pythoninsider.blogspot.com,291,61,183
ya.ru,291,61,153
google.co.in,289,55,93
claude.ai,279,72,48
baidu.com,278,59,102
github.com/AUTOMATIC1111/stable-diffusion-webui,251,79,81
pip.pypa.io/en/stable/installation,247,47,130
packaging.python.org/en/latest/tutorials/installing-packages,236,52,86
learn.microsoft.com,232,56,141
netacad.com,232,79,94
ecosia.org,224,60,63
perplexity.ai,207,65,96
google.co.uk,198,66,106
yuanbao.tencent.com,186,68,69
google.co.jp,179,54,143
wiki.python.org,170,69,80
bing.com/search,169,53,121
github.com/cgohlke/win_arm64-wheels,169,83,83
pytorch.org,169,69,143
coccoc.com/search,168,60,72
python.jp,164,38,143
pypi.org,163,71,135
m.baidu.com,158,59,60
m.search.naver.com,152,41,35
reddit.com,150,72,42
sogou.com/link,146,45,153
google.de,143,56,164
roadmap.sh,143,70,85
baidu.com/s,141,49,242
yandex.com.tr,140,55,117
liaoxuefeng.com,134,66,135
blog.naver.com/PostView.naver,131,55,95
yandex.kz,128,63,86
chat.baidu.com,124,52,176
udemy.com,124,85,54
event.webinarjam.com,121,74,85
id.search.yahoo.com,121,57,112
google.fr,118,62,90
peps.python.org,113,48,48
realpython.com,105,59,64
ai.google.dev,104,64,41
google.co.kr,104,51,172
yandex.by,99,66,124
sukkiri.jp/technologies/processors/python/python%E3%81%AE%E3%82%A4%E3%83%B3%E3%82%B9%E3%83%88%E3%83%BC%E3%83%AB%E6%96%B9%E6%B3%95windows%E7%B7%A8.html,93,51,105
dotiromoook.tistory.com/32,86,38,117
jianshu.com,86,83,44
runoob.com,86,82,29
search.yahoo.co.jp,78,47,125
br.search.yahoo.com,77,56,139
in.accenture.com,77,74,104
blackbox.ai,74,66,115
discuss.python.org,73,63,107
cnblogs.com,69,62,70
openclassrooms.com,68,74,41
soroban.highreso.jp,68,76,47
geeksforgeeks.org,67,76,54
pygame.org,67,49,114
docs.pingcode.com,66,45,149
qwant.com,66,55,87
cloud.google.com,63,60,79
github.com/max32002/interpark_bot,63,73,75
feedsin.space,62,81,18
google.ru,60,54,90
online-python.com,60,65,41
fr.search.yahoo.com,59,53,98
jetbrains.com,59,60,194
m.sogou.com,58,53,65
naver.com,57,43,116
tw.search.yahoo.com,57,46,202
practicum.yandex.ru/blog/kak-ustanovit-python-na-kompyuter,56,38,157
pythoncentral.io,56,62,78
yandex.ru/clck/jsredir,56,44,81
blog.pyq.jp,55,29,151
distrowatch.com,55,54,146
tongyi.com,55,55,317
devguide.python.org/versions,54,62,98
google.com.br,54,66,121
lms.ev.org.br,53,80,81
datacamp.com,52,85,34
google.ca,52,63,92
google.it,50,54,115
web.telegram.org,50,63,215
mx.search.yahoo.com,49,53,74
python.org.br,49,65,169
tweakers.net,48,61,72
google.es,47,57,81
poe.com,47,60,54
scikit-learn.org,47,72,55
weel.co.jp,45,63,101
google.com.au,44,64,45
google.com.tr,44,48,72
pythonguis.com,44,73,63
google.co.th,42,49,219
courses.edx.org,41,88,9
m365.cloud.microsoft,41,57,112
vn.search.yahoo.com,41,51,163
yandex.ru/search,41,79,110
co.search.yahoo.com,40,63,173
enlacesnintricks.blogspot.com,40,90,28
blog.python.org,39,46,215
google.com.mx,38,66,137
google.com.tw,38,63,140
gradio.app,38,69,122
pythontest.com,38,24,82
docs.platformio.org,37,81,46
ph.search.yahoo.com,37,66,112
uk.search.yahoo.com,37,70,166
wenxiaobai.com,37,44,138
ai-kenkyujo.com,36,47,122
classroom.google.com,36,68,157
es.search.yahoo.com,36,58,60
sky.pro,36,54,214
py4e.com,35,63,192
google.pl,34,56,53
chat.mistral.ai,33,67,49
ithelp.ithome.com.tw,33,61,190
kone.gg,33,88,77
pyzo.org,32,18,355
romptn.com/article/5211,31,84,211
unknowncheats.me,31,47,325
docs.reportlab.com,30,73,57
javadrive.jp,30,17,198
majorgeeks.com,30,30,34
tongyi.com/qianwen,30,60,199
tr.search.yahoo.com,30,53,66
ca.search.yahoo.com,29,76,24
gist.github.com,29,76,30
pip.pypa.io,29,52,38
th.search.yahoo.com,29,45,194
amuletmc.com,28,46,34
blog.csdn.net/sensen_kiss/article/details/141940274,28,54,117
namu.wiki,28,61,84
ursinaengine.org,28,57,95
127.0.0.1,27,74,198
pe.search.yahoo.com,27,55,118
cs50.readthedocs.io/python,26,58,115
docs.espressif.com,26,70,199
google.com.vn,26,58,18
m.so.com/s,26,62,103
wikidocs.net,26,50,56
digitalocean.com,25,56,88
google.nl,25,56,119
linkedin.com,25,64,133
music21.org,25,60,285
tutorialspoint.com,25,80,14
codecademy.com,24,71,50
cursos.alura.com.br,24,88,97
source.android.com,24,56,66
theforage.com,24,83,19
aisearch.sogou.com/link,23,50,85
en.wikipedia.org,23,61,70
link.juejin.cn,23,68,29
metanit.com,23,74,219
practicum.yandex.ru,23,80,49
spotdl.readthedocs.io/en/latest/installation,23,30,119
yz.m.sm.cn/s,23,83,3
automatetheboringstuff.com,22,64,180
cloud.tencent.com/developer/tools/blog-entry,22,48,160
google.be,22,74,22
ntp.msn.com,22,54,119
softantenna.com,22,23,122
yuque.com,22,55,263
doc.courtbouillon.org,21,100,0
docs.edgeimpulse.com/docs/tools/edge-impulse-cli/cli-installation,21,35,416
edube.org/learn/pe-1/begin-your-python-journey-22,21,86,35
instaloader.github.io,21,48,35
m.search.naver.com/search.naver,21,30,38
asreview.nl,20,75,279
dataquest.io,20,50,159
gammasoft.jp,20,80,14
github.com/megadose/toutatis,20,70,49
l.facebook.com,20,80,73
livemytraining.com,20,75,11
ar.search.yahoo.com,19,50,627
github.com/CS1o/Stable-Diffusion-Info/wiki/Webui-Installation-Guides,19,74,139
github.com/baihengaead/wifi-crack-tool,19,79,16
github.com/loxy0dev/RedTiger-Tools,19,53,319
google.at,19,58,14
legacy.python.org,19,58,55
randomnerdtutorials.com,19,63,119
rivery.io,19,47,154
vocus.cc,19,84,14
away.vk.com,18,39,454
docs.google.com,18,61,287
freedidi.com,18,58,107
github.com/chandansgowda/learn-python-in-kannada/blob/main/notes/1.md,18,28,140
google.cl,18,67,20
rswm-ju.tistory.com/2,18,44,111
t.co,18,78,7
bugs.python.org,17,71,14
cgohlke.com,17,76,124
drive2.ru,17,76,34
edu.sirius.online,17,44,117
mkdocs.org,17,47,54
portablepython.com,17,47,510
tensorflow.org,17,56,277
virtualenv.pypa.io/en/latest/installation.html,17,82,22
wikiwiki.jp,17,17,69
de.search.yahoo.com,16,62,94
esphome.io,16,88,2
futurelearn.com,16,88,15
sites.google.com,16,69,4
github.com/cgohlke/numpy-mkl-wheels,15,73,37
github.com/niklaswa/tesla-order-status,15,75,20
google.com.co,15,47,21
internet-start.net,15,40,157
kikagaku.co.jp,15,44,320
malaysia.search.yahoo.com,15,47,185
pythononlinecompiler.ru,15,47,104
ru.wikipedia.org,15,47,48
sx.cailian.net,15,33,472
sysnettechsolutions.com/en/fix-python-win32api-virtualbox,15,100,0
boot.dev,14,86,22
cn.bing.com/search,14,65,34
copilot.cloud.microsoft,14,73,47
github.com/AUTOMATIC1111/stable-diffusion-webui/wiki/Dependencies,14,93,6
github.com/coleam00/local-ai-packaged,14,79,53
pip.pypa.io/en/latest/installation,14,36,100
python.p2hp.com/downloads,14,50,457
quantrimang.com,14,50,60
s3.eu-west-1.amazonaws.com,14,86,171
spotdl.readthedocs.io,14,43,20
tryhackme.com,14,80,61
content.lameca.com.ar,13,71,130
gamebanana.com,13,62,67
github.com/dmMaze/BallonsTranslator/blob/dev/doc/README_KO.md,13,50,55
github.com/kizato1018/MapleStoryMonitor,13,69,5
google.ch,13,46,185
google.no,13,71,13
it.search.yahoo.com,13,77,8
login.microsoftonline.com,13,79,9
rutube.ru,13,71,13
us.search.yahoo.com,13,43,390
vk.com,13,54,86
word-edit.officeapps.live.com,13,69,23
au.search.yahoo.com,12,50,147
computerbase.de/downloads/systemtools/entwicklung/python,12,58,6
confluence.oraclecorp.com,12,83,99
developer.mozilla.org,12,83,114
freecodecamp.org/news/the-python-handbook,12,42,108
github.com/HumanSignal/labelImg,12,67,42
github.com/google/spatial-media/releases,12,50,105
github.com/hect0x7/JMComic-Crawler-Python,12,83,8
google.co.za,12,58,96
google.se,12,83,0
migra.pl,12,75,121
mitsubishielectricgroup.sharepoint.com,12,83,10
nexusmods.com,12,77,6
pandas.pydata.org,12,58,30
pcschool.com.tw,12,25,228
pythongeeks.org,12,67,127
tutorial.djangogirls.org,12,75,150
w3school.com.cn,12,67,294
app.aluracursos.com,11,83,2
auto-editor.com,11,45,439
badcaps.net,11,64,27
coreapp.ai,11,73,122
docs.python-guide.org,11,55,90
docs.streamlit.io,11,73,147
en.m.wikipedia.org,11,27,44
endoflife.date,11,42,188
flex-link.co.kr/5,11,27,166
github.com/xxreflextheone/AI-Aimbot,11,18,276
google.com.pe,11,73,242
heytech.tistory.com/318,11,55,302
jpc-excel.officeapps.live.com,11,36,241
lmarena.ai,11,27,164
lms.ithillel.ua,11,45,344
m.blog.naver.com/bbbisskk2/222952453705,11,55,9
m.facebook.com,11,55,37
mail.ru,11,45,63
