name,version,visitors
Chrome,140.0,133968
Microsoft Edge,140.0,70280
Chrome,139.0,37986
Safari,18.6,10745
Firefox,142.0,9957
Chrome,138.0,7842
Yandex Browser,25.8,5798
Microsoft Edge,139.0,5433
Chrome,109.0,4032
Opera,120.0,3648
Opera,121.0,3208
Mobile App,(not set),2639
Chrome,132.0,2595
Chrome,137.0,2210
Smart Lenovo Browser,9.0,2138
Safari,18.5,2137
Chrome,135.0,1630
Chrome,136.0,1434
Microsoft Edge,138.0,1426
Chrome,122.0,1138
Chrome,131.0,1093
Quark,(not set),1025
Safari,17.6,998
Samsung Browser,28.0,902
Microsoft Edge,92.0,764
Chrome,134.0,749
Safari,18.3,697
Chrome,133.0,644
Firefox,128.0,627
Firefox,115.0,612
Microsoft Edge,137.0,598
Microsoft Edge,122.0,597
Safari,26.0,576
Safari,16.6,549
Chrome,128.0,528
Chrome,119.0,454
Chrome,126.0,443
Microsoft Edge,131.0,439
Firefox,141.0,436
Chrome,130.0,433
Chrome,86.0,427
Microsoft Edge,141.0,410
Safari,15.6,400
Microsoft Edge,136.0,398
Chrome,129.0,386
Safari,18.4,384
Chrome,127.0,378
QQ Browser,19.6,362
Opera,122.0,348
Chrome,116.0,328
Safari,17.5,303
Chrome,125.0,301
Sogou Explorer,2,292
Chrome,114.0,290
Microsoft Edge,135.0,290
Microsoft Edge,134.0,286
Safari,18.1,283
Mobile App,139.0,281
Whale Browser,4.33,279
Yandex Browser,24.10,270
Microsoft Edge,133.0,267
Huawei Browser Mobile,16.0,264
Chrome,120.0,252
Yandex Browser,25.6,252
Chrome,103.0,238
Microsoft Edge,127.0,232
Microsoft Edge,129.0,227
Chrome,121.0,220
Firefox,140.0,218
Microsoft Edge,109.0,206
Chrome,123.0,205
Microsoft Edge,126.0,200
Microsoft Edge,128.0,198
Chrome,141.0,195
Safari,17.4,195
Safari,18.2,192
Safari,18.0,185
Chrome,124.0,180
Microsoft Edge,132.0,176
Avast Secure Browser,139.0,167
Microsoft Edge,130.0,166
Microsoft Edge,100.0,164
Huawei Browser,12.1,148
Chrome,108.0,147
Safari,17.3,134
Chrome,101.0,130
Chrome,142.0,120
Firefox,143.0,119
QQ Browser,19.5,119
Opera,95.0,112
Microsoft Edge,123.0,106
Chrome,118.0,105
Chrome,117.0,104
vivo Browser,26.2,101
Opera,91.0,100
Chrome,107.0,99
Safari,16.1,94
Mobile App,140.0,93
Safari,16.3,90
QQ Browser,19.4,88
Safari,16.5,87
Chrome,87.0,86
Chrome,112.0,85
MIUI Browser,20.2,85
Safari,17.1,82
Safari,17.2,82
Safari,(not set),80
vivo Browser,14.6,79
Safari,14.1,77
Firefox,136.0,76
Firefox,137.0,76
Firefox,139.0,74
Chrome,104.0,73
Firefox,127.0,72
Firefox,138.0,71
Mobile App,114.0,70
Chrome,106.0,68
MIUI Browser,14.41,67
Huawei Browser Mobile,15.0,67
Microsoft Edge,124.0,66
Yandex Browser,25.4,66
Chrome,92.0,66
Microsoft Edge,114.0,65
AVG Secure Browser,139.0,65
Safari,17.0,64
Chrome,105.0,63
Chrome,111.0,63
Yandex Browser,25.2,63
Yandex Browser,25.84,61
Safari,16.4,60
Chrome,94.0,59
Chrome,99.0,59
Brave,(not set),54
Mobile App,97.0,53
Microsoft Edge,117.0,52
Mobile App,131.0,52
Samsung Browser,27.0,52
Safari,18.7,51
Microsoft Edge,125.0,50
Safari,17.14,50
Chrome,97.0,50
QQ Browser,19.2,49
QQ Browser,6.2,49
Microsoft Edge,121.0,48
Chrome,80.0,48
Chrome,91.0,48
Microsoft Edge,113.0,47
Microsoft Edge,18.18363,47
Opera,119.0,46
Microsoft Edge,120.0,45
Microsoft Edge,18.18362,45
Microsoft Edge,90.0,45
Microsoft Edge,116.0,44
Safari,17.7,44
Chrome,113.0,43
Microsoft Edge,115.0,43
Firefox,134.0,43
Chrome,83.0,43
Chrome,95.0,43
Mobile App,109.0,42
Microsoft Edge,118.0,42
Safari,13.1,41
Mobile App,138.0,41
Quark,7.15,41
Samsung Browser,26.0,40
Huawei Browser Mobile,5.1,40
Chrome,78.0,40
Chrome,93.0,40
Microsoft Edge,106.0,39
Chrome,115.0,39
Quark,7.16,39
Chrome,102.0,38
Firefox,135.0,38
Microsoft Edge,107.0,37
Chrome,110.0,37
vivo Browser,26.0,37
Chrome,98.0,37
MIUI Browser,14.10,36
Microsoft Edge,18.17763,36
Chrome,79.0,36
Chrome,96.0,36
Chrome,63.0,35
Microsoft Edge,119.0,34
Chrome,81.0,34
Safari,12.1,33
Norton Private Browser,139.0,33
Safari,16.2,33
Yandex Browser,25.80,33
Firefox,131.0,32
Microsoft Edge,18.19041,32
Opera,94.0,32
QQ Browser,19.3,31
Chrome,74.0,31
Microsoft Edge,112.0,30
MIUI Browser,20.1,30
(not set),(not set),29
QQ Browser,12.2,29
Safari,15.5,29
vivo Browser,26.1,29
Microsoft Edge,89.0,29
Safari,16.0,27
Firefox,142.1,26
Safari,15.4,26
Safari,17.8,26
Chrome,90.0,25
Firefox,133.0,24
Safari,14.0,24
Safari,15.3,24
Chrome,70.0,24
Mobile App,130.0,23
UC Browser,18.0,23
Hi Browser,2.25,23
Mobile App,126.0,22
QtWebEngine,6.9,22
Microsoft Edge,111.0,21
Mobile App,116.0,21
QQ Browser,13.7,21
vivo Browser,14.5,21
vivo Browser,14.7,21
Opera,90.0,21
Firefox,129.0,20
Mobile App,134.0,20
Samsung Browser,23.0,20
Yandex Browser,23.9,20
Yandex Browser,24.7,20
Samsung Browser,25.0,20
Chrome,69.0,20
Microsoft Edge,86.0,20
Chrome,100.0,19
Firefox,130.0,19
CCleaner,139.0,19
Microsoft Edge,14.14393,19
Chrome,140,19
Safari,15.2,19
Yandex Browser,23.7,19
Chrome,72.0,19
Chrome,89.0,19
Microsoft Edge,102.0,18
Avast Secure Browser,109.0,18
Mobile Silk,138.6,18
Safari,15.1,18
Microsoft Edge,17.17134,18
Samsung Browser,22.0,18
Chrome,77.0,18
Firefox,109.0,17
Firefox,132.0,17
Firefox,52.0,17
Chrome,75.0,17
Opera,79.0,17
Firefox,123.0,16
Firefox,144.0,16
Samsung Browser,24.0,16
Yandex Browser,25.82,16
Chrome,55.0,16
Chrome,71.0,16
Mobile App,83.0,16
Firefox,113.0,15
Hi Browser,2.24,15
Firefox,102.0,14
Yandex Browser,24.6,14
vivo Browser,25.9,14
Smart Lenovo Browser,8.0,14
Microsoft Edge,108.0,13
Firefox,111.0,13
MIUI Browser,14.40,13
Microsoft Edge,16.16299,13
Chrome,49.0,13
Firefox,88.0,13
Safari,10.0,12
Huawei Browser,11.0,12
Opera,113.0,12
Yandex Browser,22.11,12
Firefox,78.0,12
Microsoft Edge,84.0,12
Chrome,88.0,12
Safari,11.1,11
Microsoft Edge,110.0,11
Opera,114.0,11
Yandex Browser,25.83,11
Chrome,62.0,11
Chrome,76.0,11
QQ Browser,11.9,10
Firefox,112.0,10
Firefox,125.0,10
QQ Browser,13.6,10
Chromium,135.0,10
Microsoft Edge,15.15063,10
Yandex Browser,23.11,10
Yandex Browser,24.1,10
Yandex Browser,24.12,10
vivo Browser,25.7,10
QtWebEngine,5.15,10
Chrome,64.0,10
Chrome,65.0,10
Safari,7.0,10
Smart Lenovo Browser,7.0,10
Quark,7.14,10
Opera,86.0,10
QQ Browser Lite,1.4,9
Mobile App,123.0,9
