name,visitors
Istanbul,36
Ankara,14
Singapore,13
İzmir,10
Baku,10
Frankfurt am Main,5
Adana,3
Bursa,3
Şanlıurfa,2
Meram,2
Kırşehir,2
Selçuklu,2
Aydıncık,2
N/A,2
Saratov,2
Trabzon,2
Köseköy,2
Faridabad,2
Cochin,2
Tashkent,2
N/A,2
Wetzlar,2
Munich,2
Aubervilliers,2
Solms,2
Nevşehir,1
Konya,1
Kayseri,1
Kayapınar,1
Erzurum,1
Balıkesir,1
Yalova,1
Tokat,1
Samsun,1
N/A,1
Hyderabad,1
Wuxi,1
Wuhan,1
Shanghai,1
Beijing,1
N/A,1
Waalre,1
Rhoon,1
Reutlingen,1
Offenbach,1
Kirchgellersen,1
Hannover,1
Ashburn,1
Çankaya,1
