name,unique_entrances,total_entrances,visit_duration
/dev/using/windows.html,20,20,658
/3/,15,15,127
/tr/3/installing/index.html,9,9,3
/tr/3/tutorial/index.html,8,8,91
/tr/3/tutorial/datastructures.html,7,7,65
/3/library/idle.html,6,6,188
/tr/3.14/tutorial/index.html,6,6,0
/tr/3.14/tutorial/datastructures.html,5,6,0
/tr/3.15/using/windows.html,5,5,43
/tr/3.14/tutorial/controlflow.html,4,5,0
/3.14/,3,3,221
/3/library/index.html,3,3,644
/3/tutorial/index.html,3,3,448
/tr/3/tutorial/,3,3,30
/3/library/tkinter.html,2,2,114
/3/library/turtle.html,2,2,101
/3/tutorial/,2,2,35
/dev/search.html,2,2,81
/tr/3.13/tutorial/stdlib2.html,2,2,446
/tr/3.13/using/windows.html,2,2,0
/tr/3.14/search.html,2,2,32
/tr/3/,2,2,47
/tr/3/howto/index.html,2,2,0
/3.14/tutorial/datastructures.html,1,1,246
/3.14/tutorial/index.html,1,1,260
/3.15/whatsnew/3.15.html,1,1,1228
/3/extending/extending.html,1,1,34
/3/installing/,1,1,514
/3/library/io.html,1,1,20
/3/library/math.html,1,1,38
/3/reference/index.html,1,1,2655
/3/search.html,1,1,21
/3/tutorial/datastructures.html,1,1,4112
/3/tutorial/interpreter.html,1,1,33
/3/tutorial/modules.html,1,1,739
/3/tutorial/venv.html,1,1,969
/3/whatsnew/3.14.html,1,1,23
/fr/3.15/using/windows.html,1,1,40
/ja/3.14/installing/,1,1,332
/ko/3.14/library/turtle.html,1,1,208
/tr/3.12/library/tk.html,1,1,19
/tr/3.12/tutorial/classes.html,1,1,0
/tr/3.13/library/asyncio-task.html,1,1,18
/tr/3.13/library/idle.html,1,1,0
/tr/3.13/library/intro.html,1,1,0
/tr/3.13/tutorial/controlflow.html,1,1,0
/tr/3.13/tutorial/index.html,1,1,0
/tr/3.14/,1,1,5
/tr/3.14/contents.html,1,1,0
/tr/3.14/copyright.html,1,1,0
/tr/3.14/library/bdb.html,1,1,168
/tr/3.14/library/exceptions.html,1,1,0
/tr/3.14/library/idle.html,1,1,10
/tr/3.14/library/math.html,1,1,32
/tr/3.14/library/struct.html,1,1,0
/tr/3.14/tutorial/appetite.html,1,1,0
/tr/3.14/tutorial/errors.html,1,1,0
/tr/3.14/tutorial/interpreter.html,1,1,0
/tr/3.14/tutorial/introduction.html,1,2,0
/tr/3.14/tutorial/venv.html,1,1,0
/tr/3/c-api/init.html,1,1,0
/tr/3/c-api/intro.html,1,1,0
/tr/3/c-api/slice.html,1,1,0
/tr/3/extending/windows.html,1,1,0
/tr/3/genindex-P.html,1,1,0
/tr/3/glossary.html,1,1,0
/tr/3/howto/annotations.html,1,1,0
/tr/3/howto/argparse.html,1,1,0
/tr/3/howto/functional.html,1,1,0
/tr/3/howto/ipaddress.html,1,1,0
/tr/3/library/ast.html,1,1,0
/tr/3/library/asyncio.html,1,1,0
/tr/3/library/contextlib.html,1,1,0
/tr/3/library/ctypes.html,1,1,0
/tr/3/library/curses.html,1,1,0
/tr/3/library/datetime.html,1,1,0
/tr/3/library/dis.html,1,1,0
/tr/3/library/gzip.html,1,1,0
/tr/3/library/idle.html,1,1,0
/tr/3/library/index.html,1,1,0
/tr/3/library/internet.html,1,1,0
/tr/3/library/json.html,1,1,0
/tr/3/library/numeric.html,1,1,0
/tr/3/library/py_compile.html,1,1,0
/tr/3/library/secrets.html,1,1,0
/tr/3/library/string.templatelib.html,1,1,0
/tr/3/library/text.html,1,1,0
/tr/3/library/tk.html,1,1,392
/tr/3/library/xml.etree.elementtree.html,1,1,0
/tr/3/reference/datamodel.html,1,1,0
/tr/3/tutorial/interpreter.html,1,1,283
/tr/3/tutorial/stdlib.html,1,1,0
/tr/3/tutorial/whatnow.html,1,1,0
/tr/3/whatsnew/3.12.html,1,1,0
/tr/3/whatsnew/3.5.html,1,1,0
