name,visitors,bounce_rate,visit_duration
Direct / None,10248,60,203
google.com,5280,73,200
python.org,773,61,287
m.baidu.com,104,76,49
google.co.jp,103,74,146
cn.bing.com,83,71,376
bing.com,72,100,803
google.com.hk,70,78,121
baidu.com/link,66,76,189
search.yahoo.co.jp,50,71,64
chatgpt.com,41,54,518
google.com.tw,33,74,144
google.co.kr,26,74,92
google.fr,26,78,236
google.com.br,24,82,62
google.es,21,41,421
duckduckgo.com,17,0,970
python.org/downloads/release/python-3132,14,71,96
wiki.python.org,14,0,1224
google.com.ua,11,75,80
qiita.com,10,100,1172
yandex.ru,10,100,1048
android-app://com.google.android.googlequicksearchbox,9,62,118
ecosia.org,9,62,268
note.nkmk.me,9,0,661
link.zhihu.com,8,0,468
baidu.com,7,50,281
baidu.com/s,7,100,1466
doubao.com,7,0,704
python.p2hp.com,7,0,536
udemy.com,7,0,810
cs50.harvard.edu,6,0,1538
google.cl,6,100,0
google.com.ar,6,40,580
elearning.ism.lt,5,100,0
es.python.org,5,0,1839
google.com.mx,5,75,41
link.csdn.net,5,100,705
perplexity.ai,5,75,9
python.org/downloads/release/python-3130,5,100,0
reddit.com,5,50,455
google.be,4,100,34
lms.sunde41.net,4,0,714
python.org/downloads,4,0,236
foad-moodle.ensai.fr,3,0,2718
gemini.google.com,3,100,92
google.ca,3,0,1794
google.co.uk,3,0,1636
netacad.com,3,0,520
pip.pypa.io/en/stable/installation,3,0,494
roadmap.sh,3,0,1522
sellbourne.com,3,100,102
youtube.com,3,0,787
yuque.com,3,33,1041
campus109.unad.edu.co,2,50,212
cnblogs.com,2,100,231
devdocs.io,2,100,0
discuss.python.org,2,0,767
google.com.co,2,100,0
google.com.pe,2,50,270
google.com/search,2,100,0
google.pl,2,0,1016
google.ru,2,0,442
ics.uci.edu,2,100,0
m.baidu.com/s,2,100,0
notebooks.githubusercontent.com,2,0,453
numpy.org,2,0,196
onu1.s2.chalmers.se,2,50,388
openclassrooms.com,2,0,66
palermo.blackboard.com,2,0,300
peps.python.org,2,100,50
practicum.yandex.ru,2,100,36
pucpr.instructure.com/courses/48234/modules/items/1179609,2,50,223
pypi.org,2,0,3026
python.it,2,0,569
realpython.com,2,0,465
scikit-learn.org,2,0,765
so.com/link,2,0,42
statics.teams.cdn.office.net,2,100,0
velog.io,2,0,330
websearch.rakuten.co.jp,2,100,0
ai.dangbei.com,1,0,212
aidoczh.com,1,0,3612
algotrade.lipne.co.uk,1,100,0
app.codica.la/courses/python_basics_course/lessons/stdlib/theory_unit,1,0,68
app.dataquest.io,1,0,29
askmany.cn,1,0,385
au.search.yahoo.com,1,0,47
bing.com/search,1,0,225
blackbox.ai,1,0,96
blog.mtb-production.info,1,0,3
books.bsmart.it,1,0,71
brightspace.nyu.edu,1,100,0
cdn.evg.gov.br,1,0,14
chat.baidu.com,1,0,30
chat.qwen.ai/c/267dc259-9e91-4f62-bae5-2b59297e8f54,1,0,279
chat.qwen.ai/c/3aea0bbe-4d58-4d07-b63d-90c1e6a6d999,1,100,0
chat.qwen.ai/c/5f662957-dff6-45fd-b92f-57a705772176,1,100,0
chat.qwen.ai/c/914fd5f5-acef-466a-a2b1-0675fc4379c6,1,0,902
classroom.google.com,1,0,1135
cloud.google.com,1,0,101
cloud.tencent.com,1,0,0
cms.unir.net,1,0,143
coccoc.com/search,1,100,0
code-basics.com,1,0,173
codeit.kr,1,0,475
courspython.com,1,0,117
cursos.udg.edu,1,100,0
cvm.moodle.decclic.qc.ca,1,100,0
dataengineering.wiki,1,0,29
datasette.io,1,100,0
dcn1smjufg0t.feishu.cn,1,0,11
devv.ai,1,0,1379
django-rest-framework.org,1,0,284
docs-python-org.translate.goog,1,100,0
docs.google.com,1,0,6
docs.opencv.org,1,0,911
doubao.com/chat/1964722780697602,1,0,2277
dynalist.io,1,0,198
edu.hse.ru,1,0,72
educapermanente.itla.edu.do,1,0,270
ellibrodepython.com,1,0,286
fastapi.tiangolo.com,1,0,8
flask.palletsprojects.com/zh-cn/stable/tutorial,1,0,525
forum.pasja-informatyki.pl,1,0,5
freecodecamp.org/news/truthy-and-falsy-values-in-python,1,0,5
g3doc.corp.google.com,1,100,0
geekflare.com,1,0,1654
geeksforgeeks.org,1,0,1740
geometry.docs.pyansys.com,1,100,0
getliner.com,1,100,0
github.com,1,0,279
github.com/747929791/MajsoulAI,1,0,126
github.com/KoljaB/RealtimeSTT,1,0,1192
github.com/Rapptz/discord.py,1,0,1278
github.com/TA-Lib/ta-lib-python/issues/675,1,0,18
github.com/brandtbucher/cpython/tree/justin,1,100,0
github.com/canbula/Statistics/blob/main/README.md,1,0,38
github.com/cwapi3d/cwapi3dpython/discussions/209,1,0,3388
github.com/django/asgiref/issues/466,1,0,218
github.com/docker-library/python/issues/947,1,0,16
github.com/googlefonts/compreffor/issues/156,1,100,0
github.com/oanderoficial/NetMapper,1,100,0
github.com/python-cffi/cffi/issues/23,1,100,0
github.com/python/cpython,1,0,88
github.com/xKARASb/SferumBot,1,0,464
github.com/z-mahmud22/Dlib_Windows_Python3.x,1,0,3
google.at,1,0,27
google.co.ma,1,100,0
google.co.ve,1,0,115
google.com.do,1,100,0
google.com.ec,1,0,405
google.de,1,0,17
google.gr,1,100,0
google.it,1,100,0
google.tn,1,100,0
gu.se,1,0,30
guru99.com,1,0,46
hkoi.org,1,0,17
huggingface.co,1,0,44
hvlss9hs8s2.feishu.cn,1,100,0
il6pr702sp.feishu.cn,1,0,8
in.search.yahoo.com,1,0,430
ithelp.ithome.com.tw,1,0,105
kivy.org,1,0,20
launchschool.com,1,0,1957
learn.agiclass.cn,1,100,0
learn.eseit.edu.co,1,100,0
learnpython.org,1,0,3
leetcode.cn,1,0,492
linkedin.com,1,100,0
lixiaolai.com,1,0,75
lms.skillfactory.ru,1,0,21
lms.vsb.cz,1,100,0
lxml.de,1,0,114
m.baidu.com/from=1000969a/bd_page_type=1/ssid=0/uid=0/pu=usm%401%2Csz%401320_1001%2Cta%40iphone_2_12.0_29_114.0/baiduid=132C5DA1B5AE2EA139BCF680BB750711/w=0_10_/t=iphone/l=1/tc,1,100,0
m.baidu.com/from=1001192w/bd_page_type=1/ssid=0/uid=0/pu=usm%400%2Csz%401320_1001%2Cta%40iphone_2_10.0_28_16.0/baiduid=C6A34E96FABB811B04473573DBD6E2C5/w=0_10_/t=iphone/l=1/tc,1,0,16
m.baidu.com/from=1001192y/bd_page_type=1/ssid=0/uid=0/pu=sz%401320_1001%2Cta%40iphone_2_12.0_28_16.0%2Cusm%400/baiduid=8AA67F013BF667E7602EFDD7E33AF8EE/w=0_10_/t=iphone/l=1/tc,1,0,1
m.baidu.com/from=1001192y/bd_page_type=1/ssid=0/uid=0/pu=usm%402%2Csz%401320_1001%2Cta%40iphone_2_12.0_28_16.0/baiduid=8F4D0987027F8B15B50251AE257ABDE2/w=0_10_/t=iphone/l=1/tc,1,0,0
m.baidu.com/from=1001703a/bd_page_type=1/ssid=0/uid=0/pu=sz%401320_1001%2Cta%40iphone_2_11.0_18_40.8%2Cusm%400/baiduid=A31B07EA99FB0385A3CFFE5F8C0CB4A9/w=0_10_/t=iphone/l=1/tc,1,100,0
m.baidu.com/from=1001703a/bd_page_type=1/ssid=0/uid=0/pu=sz%401320_1001%2Cta%40iphone_2_12.0_18_40.9%2Cusm%400/baiduid=FEFA85A56D217AB5728133DB648AADFF/w=0_10_/t=iphone/l=1/tc,1,0,53
m.baidu.com/from=1001703a/bd_page_type=1/ssid=0/uid=0/pu=sz%401320_1001%2Cta%40iphone_2_14.0_18_40.9%2Cusm%401/baiduid=83A8D77AB4BC7C68093DD79B64061F41/w=0_10_/t=iphone/l=1/tc,1,0,30
m.baidu.com/from=1012852v/bd_page_type=1/ssid=0/uid=0/pu=sz%401320_1004%2Cta%40iphone_2_12.0_11_19.2%2Cusm%400/baiduid=C55BD6ACCADDB659D5B6B9F2893E09D2/w=0_10_/t=iphone/l=1/tc,1,0,29
m.baidu.com/from=1013966u/bd_page_type=1/ssid=0/uid=0/pu=sz%401320_1001%2Cta%40iphone_2_10.0_19_23.7%2Cusm%400/baiduid=8ABC7CE9D6456CF0C609532BD9C9FBF5/w=0_10_/t=iphone/l=1/tc,1,100,0
m.baidu.com/from=1013966u/bd_page_type=1/ssid=0/uid=0/pu=sz%401320_1001%2Cta%40iphone_2_13.0_19_23.7%2Cusm%400/baiduid=E70EEBD89320EEDC951A77AAEF3C6B17/w=0_10_/t=iphone/l=1/tc,1,0,12
m.baidu.com/from=1019311v/bd_page_type=1/ssid=0/uid=0/pu=sz%401320_1001%2Cta%40iphone_2_14.0_19_20.4%2Cusm%402/baiduid=F015C8F874C2B27E4E125EE29C7A59B3/w=0_10_/t=iphone/l=1/tc,1,100,0
m.baidu.com/from=1019311v/bd_page_type=1/ssid=0/uid=0/pu=sz%401320_1001%2Cta%40iphone_2_14.0_19_23.7%2Cusm%401/baiduid=89560D8E5AD2BAE061CDF092D1CBB612/w=0_10_/t=iphone/l=1/tc,1,100,0
m.baidu.com/from=1020761f/bd_page_type=1/ssid=0/uid=0/pu=sz%401320_1001%2Cta%40iphone_2_13.0_19_23.6%2Cusm%400/baiduid=299C744B5F2F5B4BF66704231470E43C/w=0_10_/t=iphone/l=1/tc,1,100,0
m.baidu.com/from=1020761f/bd_page_type=1/ssid=0/uid=0/pu=usm%400%2Csz%401320_1001%2Cta%40iphone_2_13.0_19_21.8/baiduid=705BAB017C9FB1AAED9CF825DF13C650/w=10_10_/t=iphone/l=1/tc,1,100,0
m.baidu.com/from=1020761m/bd_page_type=1/ssid=0/uid=0/pu=usm%403%2Csz%401320_1001%2Cta%40iphone_2_14.0_19_23.4/baiduid=6B02D5ECB9E996E2B96827E25795F275/w=0_10_/t=iphone/l=1/tc,1,0,310
m.baidu.com/from=1020786o/bd_page_type=1/ssid=0/uid=0/pu=sz%401320_1001%2Cta%40iphone_2_12.0_19_23.5%2Cusm%400/baiduid=C5648520B2838F7C39F61CF215E10F04/w=0_10_/t=iphone/l=1/tc,1,0,197
m.baidu.com/from=1040455c/bd_page_type=1/ssid=0/uid=0/pu=osname%40baiduboxapp%2Csz%401320_480%2Cctv%402%2Ccfrom%401030738b%2Ccuid%40lOHgiluk2i_uivtWluHt8lOH-i_Za2ig08SVfgak2u8M9HMng8HwMISAA%2Cc3_aid%40A00-R45BMHXXKLMASDLV4KWVDLIXQMK4RMCB-BUZDZDEL%2Cvmgdb%400020100228y%2Ccsrc%40home_box_txt%2Ccen%40cuid_cua_cut%2Ccua%40_a2Siyuuvfg4NE6pI5me6NI0-I_Uh2NlgN278AqHC%2Cta%40zbios_2_14.0_24_97.0%2Cusm%401/baiduid=6EAA31A550410F2634CF263079E0240E/w=0_10_/t=zbios/l=1/tc,1,100,0
mail.google.com,1,0,452
maku77.github.io,1,0,273
matplotlib.org,1,0,575
mclibre.org,1,0,4
mirhouse.top,1,100,0
moodle-campusvirtualcolombia.s3.amazonaws.com,1,0,15
moodle-campusvirtualmexico.s3.amazonaws.com,1,0,8
moodle.must.edu.mo,1,0,3
moodle.tuni.fi,1,0,57
moodle4x.samk.fi,1,0,5356
mypy.readthedocs.io/en/stable/additional_features.html,1,0,156
mypy.readthedocs.io/en/stable/config_file.html,1,0,533
navoica.pl,1,0,7
networkx.org,1,0,247
note.alhinc.jp,1,0,1282
old.reddit.com/r/Python/top,1,0,361
packaging.python.org/en/latest/guides/tool-recommendations,1,0,221
panda.ime.usp.br,1,0,49
perso.liris.cnrs.fr,1,0,8
pl.search.yahoo.com,1,0,156
presencial.moodle.ufsc.br,1,0,877
pygame.org,1,0,129
python.jp,1,0,165
python.org/about,1,0,385
python.org/doc,1,0,227
python.org/downloads/release/python-370,1,0,18
python.org/getit,1,0,54
python.org/jobs,1,0,60
pythoninsider.blogspot.com,1,0,369
pytutorial-it.readthedocs.io/it/python3.13/datastructures.html,1,100,0
pytutorial-it.readthedocs.io/it/python3.13/introduction.html,1,0,6
quora.com,1,0,762
qwantjunior.com,1,0,494
reddit.com/r/programming/comments/1eq4vzd/gil_become_optional_in_python_313,1,0,3109
refseek.com,1,100,0
ressources.unisciel.fr,1,0,68
salib.readthedocs.io/en/latest/api/SALib.sample.morris.html,1,100,0
search.brave.com,1,0,73
search.yahoo.com,1,0,52
simugrammer.com,1,0,8
soclibrary.futa.edu.ng,1,0,3152
static.oschina.net,1,0,62
stcc.blackboard.com,1,0,0
strftime.org,1,0,979
tecconcursos.com.br,1,0,75
techiediaries.com,1,100,0
thinkami.hatenablog.com,1,0,1501
time.geekbang.org/column/article/484458,1,0,445
tongyi.aliyun.com/qianwen,1,0,2017
tornadoweb.org/en/stable/websocket.html,1,0,1336
upgrad.com,1,0,37
us.search.yahoo.com,1,0,99
utokyo-ipp.github.io,1,0,1728
wiki.archlinuxcn.org,1,0,121
wx.qq.com,1,100,0
xcwpph6umqqffjo_qs3f.c.websim.ai,1,0,253
xiaomi.f.mioffice.cn,1,100,0
yandex.uz,1,0,1325
yr7ywq.smartapps.baidu.com/showslave,1,0,9
yuanbao.tencent.com,1,0,927
