property,value,visitors,events,percentage
url,(none),100710,166658,99.8
url,https://www.python.org/,891,961,0.9
url,https://github.com/python/cpython/tree/3.13/Lib/idlelib/,187,205,0.2
url,https://tkdocs.com/,106,112,0.1
url,https://github.com/python/cpython/tree/3.13/Lib/tkinter/__init__.py,95,102,0.1
url,https://wiki.python.org/moin/BeginnersGuide,74,76,0.1
url,https://pypi.org/,58,61,0.1
url,https://www.python.org/downloads/,58,60,0.1
url,https://www.tkdocs.com/shipman/,56,57,0.1
url,https://mypy.readthedocs.io/en/stable/cheat_sheet_py3.html,52,56,0.1
url,https://www.python.org/downloads/macos/,43,45,0.0
url,https://www.tcl.tk/man/tcl8.6/TkCmd/contents.htm,42,44,0.0
url,https://devguide.python.org/,33,33,0.0
url,https://packaging.python.org/guides/installing-using-pip-and-virtual-environments/#create-and-use-virtual-environments,32,32,0.0
url,https://github.com/python/cpython/tree/3.13/Lib/turtle.py,28,34,0.0
url,https://peps.python.org/pep-0397/,22,22,0.0
url,https://www.packtpub.com/en-us/product/python-gui-programming-with-tkinter-9781788835886,22,23,0.0
url,https://github.com/python/cpython/tree/3.13/Lib/venv/,21,21,0.0
url,https://wiki.python.org/moin/PythonBooks,20,20,0.0
url,https://www.sphinx-doc.org/,20,20,0.0
url,https://github.com/python/cpython/tree/3.13/Lib/random.py,19,20,0.0
url,https://packaging.python.org/en/latest/tutorials/installing-packages/#ensure-pip-setuptools-and-wheel-are-up-to-date,18,18,0.0
url,https://packaging.python.org/en/latest/tutorials/packaging-projects/,18,18,0.0
url,https://briefcase.readthedocs.io/,17,18,0.0
url,https://en.wikipedia.org/wiki/Turtle_(robot),16,16,0.0
url,https://github.com/python/cpython/tree/3.13/Lib/datetime.py,16,18,0.0
url,https://www.python.org/doc/versions/,15,15,0.0
url,https://www.python.org/psf/donations/,15,15,0.0
url,https://www.tcl.tk/,15,15,0.0
url,https://github.com/python/cpython/tree/3.13/Lib/sqlite3/,14,14,0.0
url,https://packaging.python.org/installing/#creating-virtual-environments,14,14,0.0
url,https://peps.python.org/pep-0719/,14,16,0.0
url,https://www.unicode.org/versions/Unicode15.1.0/ch03.pdf,14,14,0.0
url,https://buildozer.readthedocs.io/,13,16,0.0
url,https://peps.python.org/pep-0484/,13,13,0.0
url,https://www.sqlite.org/,13,15,0.0
url,https://brew.sh/,12,12,0.0
url,https://github.com/python/cpython/tree/3.13/Lib/idlelib,12,12,0.0
url,https://requests.readthedocs.io/en/master/,12,14,0.0
url,https://en.wikipedia.org/wiki/Cursor_(databases),11,11,0.0
url,https://github.com/python/cpython/tree/3.13/Lib/http/server.py,11,12,0.0
url,https://github.com/python/cpython/tree/3.13/Lib/os.py,11,22,0.0
url,https://github.com/python/cpython/tree/3.13/Lib/socket.py,11,13,0.0
url,https://github.com/python/cpython/tree/3.13/Lib/typing.py,11,12,0.0
url,https://packaging.python.org/installing/#requirements-for-installing-packages,11,12,0.0
url,https://peps.python.org/,11,12,0.0
url,https://peps.python.org/pep-0636/,11,11,0.0
url,https://pypi.org/project/telnetlib3/,11,11,0.0
url,https://www.debian.org/doc/manuals/maint-guide/first.en.html,11,12,0.0
url,https://github.com/python/cpython/tree/3.13/Lib/heapq.py,10,11,0.0
url,https://packaging.python.org/,10,10,0.0
url,https://peps.python.org/pep-0594/,10,10,0.0
url,https://pypi.org/project/DateType/,10,11,0.0
url,https://tiswww.case.edu/php/chet/readline/rltop.html,10,10,0.0
url,https://tkdocs.com/book.html,10,10,0.0
url,https://www.anaconda.com/download/,10,10,0.0
url,https://github.com/python/cpython/tree/3.13/Lib/re/,9,10,0.0
url,https://github.com/python/cpython/tree/3.13/Lib/subprocess.py,9,9,0.0
url,https://pypi.org/project/pip/,9,9,0.0
url,https://pypi.org/project/tomlkit/,9,10,0.0
url,https://termux.dev/en/,9,10,0.0
url,https://www.amazon.com/exec/obidos/ASIN/032133633X,9,9,0.0
url,https://devguide.python.org/documentation/help-documenting/,8,8,0.0
url,https://packaging.python.org/en/latest/tutorials/installing-packages/,8,8,0.0
url,https://peps.python.org/pep-0695/,8,8,0.0
url,https://wiki.python.org/moin/GuiProgramming,8,8,0.0
url,https://www.cwi.nl/,8,9,0.0
url,https://www.riverbankcomputing.com/static/Docs/pyqtdeploy/,8,8,0.0
url,https://core.tcl.tk/tips/doc/trunk/tip/48.md,7,7,0.0
url,https://github.com/python/cpython/issues,7,13,0.0
url,https://github.com/python/cpython/tree/3.13/Grammar/python.gram,7,7,0.0
url,https://github.com/python/cpython/tree/3.13/Lib/collections/__init__.py,7,7,0.0
url,https://github.com/python/cpython/tree/3.13/Lib/csv.py,7,7,0.0
url,https://github.com/python/cpython/tree/3.13/Lib/hashlib.py,7,7,0.0
url,https://github.com/python/cpython/tree/3.13/Lib/shutil.py,7,7,0.0
url,https://github.com/python/cpython/tree/3.13/Lib/string.py,7,7,0.0
url,https://github.com/python/cpython/tree/3.13/Lib/unittest/__init__.py,7,7,0.0
url,https://github.com/python/cpython/tree/3.13/Lib/webbrowser.py,7,8,0.0
url,https://infozip.sourceforge.net/,7,7,0.0
url,https://json.org/,7,7,0.0
url,https://typing.python.org/en/latest/,7,7,0.0
url,https://webassembly.org/,7,7,0.0
url,https://wiki.python.org/moin/IntegratedDevelopmentEnvironments,7,8,0.0
url,https://www.unicode.org/Public/15.1.0/ucd/NameAliases.txt,7,7,0.0
url,https://beeware.org/,6,10,0.0
url,https://datatracker.ietf.org/doc/html/rfc4122.html,6,6,0.0
url,https://dateutil.readthedocs.io/en/stable/,6,6,0.0
url,https://en.wikipedia.org/wiki/Leap_second,6,6,0.0
url,https://gist.github.com/vsajip/4673395,6,6,0.0
url,https://github.com/python/cpython/tree/3.13/Android/README.md,6,6,0.0
url,https://github.com/python/cpython/tree/3.13/Android/testbed/app/src/main/c/main_activity.c,6,6,0.0
url,https://github.com/python/cpython/tree/3.13/Lib/asyncio/queues.py,6,6,0.0
url,https://github.com/python/cpython/tree/3.13/Lib/dataclasses.py,6,6,0.0
url,https://github.com/python/cpython/tree/3.13/Lib/ensurepip,6,6,0.0
url,https://learning-python.com/about-pp4e.html,6,7,0.0
url,https://packaging.python.org/guides/packaging-binary-extensions/,6,6,0.0
url,https://peps.python.org/pep-0492/,6,6,0.0
url,https://peps.python.org/pep-0557/,6,6,0.0
url,https://pypi.org/project/regex/,6,6,0.0
url,https://pypi.org/project/tzdata/,6,7,0.0
url,https://typing.python.org/en/latest/spec/index.html,6,6,0.0
url,https://chaquo.com/chaquopy,5,5,0.0
url,https://en.wikipedia.org/wiki/Universal_binary,5,5,0.0
url,https://github.com/python/cpython/tree/3.13/Lib/asyncio/,5,5,0.0
url,https://github.com/python/cpython/tree/3.13/Lib/multiprocessing/,5,6,0.0
url,https://github.com/python/cpython/tree/3.13/Lib/operator.py,5,5,0.0
url,https://github.com/python/cpython/tree/3.13/Lib/pathlib/,5,5,0.0
url,https://github.com/python/cpython/tree/3.13/Lib/struct.py,5,5,0.0
url,https://kivy.org/,5,6,0.0
url,https://opensource.org/,5,7,0.0
url,https://packaging.python.org/installing/,5,7,0.0
url,https://peps.python.org/pep-0563/,5,5,0.0
url,https://peps.python.org/pep-0632/#migration-advice,5,6,0.0
url,https://peps.python.org/pep-3101/,5,5,0.0
url,https://peps.python.org/pep-3119/,5,5,0.0
url,https://rfc.zeromq.org/spec/32/,5,5,0.0
url,https://wiki.python.org/moin/PythonEditors,5,6,0.0
url,https://www.jython.org/,5,6,0.0
url,https://www.python.org/psf/,5,5,0.0
url,http://www.math.sci.hiroshima-u.ac.jp/~m-mat/MT/MT2002/emt19937ar.html,4,4,0.0
url,https://datatracker.ietf.org/doc/html/rfc4648.html,4,4,0.0
url,https://docs.pytest.org/,4,4,0.0
url,https://en.wikipedia.org/wiki/Cartesian_product,4,5,0.0
url,https://en.wikipedia.org/wiki/Parsing_expression_grammar,4,4,0.0
url,https://en.wikipedia.org/wiki/Priority_queue,4,4,0.0
url,https://github.com/python/cpython/blob/main/Doc/library/sys.rst,4,10,0.0
url,https://github.com/python/cpython/tree/3.13/Lib/argparse.py,4,4,0.0
url,https://github.com/python/cpython/tree/3.13/Lib/asyncio/coroutines.py,4,5,0.0
url,https://github.com/python/cpython/tree/3.13/Lib/bisect.py,4,4,0.0
url,https://github.com/python/cpython/tree/3.13/Lib/fractions.py,4,4,0.0
url,https://github.com/python/cpython/tree/3.13/Lib/html/parser.py,4,4,0.0
url,https://github.com/python/cpython/tree/3.13/Lib/logging/__init__.py,4,4,0.0
url,https://github.com/python/cpython/tree/3.13/Lib/pdb.py,4,5,0.0
url,https://github.com/python/cpython/tree/3.13/Lib/ssl.py,4,6,0.0
url,https://github.com/python/cpython/tree/3.13/Lib/tarfile.py,4,4,0.0
url,https://github.com/python/cpython/tree/3.13/Lib/tempfile.py,4,4,0.0
url,https://github.com/python/cpython/tree/3.13/Lib/threading.py,4,5,0.0
url,https://github.com/python/cpython/tree/3.13/Lib/urllib/,4,4,0.0
url,https://github.com/python/cpython/tree/3.13/Lib/zipfile/,4,4,0.0
url,https://github.com/python/cpython/tree/3.13/README.rst,4,4,0.0
url,https://mathworld.wolfram.com/BinomialDistribution.html,4,4,0.0
url,https://packaging.python.org/extensions/,4,4,0.0
url,https://packaging.python.org/science/,4,4,0.0
url,https://peps.python.org/pep-0008/,4,4,0.0
url,https://peps.python.org/pep-0343/,4,4,0.0
url,https://peps.python.org/pep-0405/,4,4,0.0
url,https://peps.python.org/pep-0420/,4,4,0.0
url,https://peps.python.org/pep-0526/,4,4,0.0
url,https://peps.python.org/pep-0585/,4,4,0.0
url,https://pypi.org/project/legacy-cgi/,4,4,0.0
url,https://pypi.org/project/tomli-w/,4,4,0.0
url,https://pypy.org/,4,4,0.0
url,https://requests.readthedocs.io/en/latest/,4,4,0.0
url,https://www.python.org/doc/av/,4,4,0.0
url,https://www.sqlite.org/schematab.html,4,4,0.0
url,https://www.unicode.org/,4,6,0.0
url,https://www.unicode.org/Public/15.1.0/ucd/DerivedCoreProperties.txt,4,4,0.0
url,https://datatracker.ietf.org/doc/html/rfc5322.html,3,3,0.0
url,https://datatracker.ietf.org/doc/html/rfc9110.html,3,4,0.0
url,https://devguide.python.org/versions,3,3,0.0
url,https://en.wikipedia.org/wiki/Database_transaction,3,3,0.0
url,https://en.wikipedia.org/wiki/Fibonacci_sequence,3,3,0.0
url,https://en.wikipedia.org/wiki/Memoization,3,3,0.0
url,https://en.wikipedia.org/wiki/Walrus#/media/File:Pacific_Walrus_-_Bull_(8247646168).jpg,3,3,0.0
url,https://github.com/pvieito/PythonKit,3,3,0.0
url,https://github.com/python/cpython/blob/main/Doc/tutorial/index.rst,3,3,0.0
url,https://github.com/python/cpython/issues/133131,3,3,0.0
url,https://github.com/python/cpython/tree/3.13/Android/testbed/app/src/main/java/org/python/testbed/MainActivity.kt,3,3,0.0
url,https://github.com/python/cpython/tree/3.13/Lib/_threading_local.py,3,3,0.0
url,https://github.com/python/cpython/tree/3.13/Lib/colorsys.py,3,3,0.0
url,https://github.com/python/cpython/tree/3.13/Lib/configparser.py,3,3,0.0
url,https://github.com/python/cpython/tree/3.13/Lib/copy.py,3,3,0.0
url,https://github.com/python/cpython/tree/3.13/Lib/curses,3,3,0.0
url,https://github.com/python/cpython/tree/3.13/Lib/decimal.py,3,4,0.0
url,https://github.com/python/cpython/tree/3.13/Lib/difflib.py,3,3,0.0
url,https://github.com/python/cpython/tree/3.13/Lib/glob.py,3,3,0.0
url,https://github.com/python/cpython/tree/3.13/Lib/gzip.py,3,3,0.0
url,https://github.com/python/cpython/tree/3.13/Lib/py_compile.py,3,3,0.0
url,https://github.com/python/cpython/tree/3.13/Lib/queue.py,3,3,0.0
url,https://github.com/python/cpython/tree/3.13/Lib/socketserver.py,3,3,0.0
url,https://github.com/python/cpython/tree/3.13/Lib/tkinter/messagebox.py,3,3,0.0
url,https://github.com/python/cpython/tree/3.13/Lib/tkinter/ttk.py,3,3,0.0
url,https://github.com/python/cpython/tree/3.13/Lib/tomllib,3,3,0.0
url,https://github.com/python/cpython/tree/3.13/Lib/uuid.py,3,3,0.0
url,https://github.com/python/cpython/tree/3.13/Lib/xml/etree/ElementTree.py,3,3,0.0
url,https://grantjenks.com/docs/sortedcollections/,3,3,0.0
url,https://manpages.debian.org/recv(2),3,3,0.0
url,https://peps.python.org/pep-0428/,3,3,0.0
url,https://peps.python.org/pep-0434/,3,3,0.0
url,https://peps.python.org/pep-0506/,3,3,0.0
url,https://peps.python.org/pep-0602/,3,3,0.0
url,https://peps.python.org/pep-0617/,3,3,0.0
url,https://peps.python.org/pep-0634/,3,3,0.0
url,https://peps.python.org/pep-0696/,3,3,0.0
url,https://pkware.cachefly.net/webdocs/casestudies/APPNOTE.TXT,3,3,0.0
url,https://pypi.org/project/Exscript/,3,3,0.0
url,https://pypi.org/project/pyobjc/,3,3,0.0
url,https://pypi.org/project/python-magic/,3,4,0.0
url,https://pyscript.net/,3,3,0.0
url,https://rhettinger.wordpress.com/2011/05/26/super-considered-super/,3,3,0.0
url,https://setuptools.readthedocs.io/en/latest/setuptools.html,3,4,0.0
url,https://wiki.tcl-lang.org/37432,3,3,0.0
url,https://www.britannica.com/science/permutation,3,3,0.0
url,https://www.cnri.reston.va.us/,3,3,0.0
url,https://www.python.org/downloads/windows/,3,3,0.0
url,https://www.unicode.org/reports/tr44/,3,3,0.0
url,https://www.unicode.org/versions/Unicode15.1.0/ch04.pdf,3,3,0.0
url,https://www.w3schools.com/sql/,3,3,0.0
url,http://www.zlib.net/manual.html,2,3,0.0
url,https://agileabstractions.com/,2,2,0.0
url,https://bugs.python.org/issue?@action=redirect&bpo=31546,2,2,0.0
url,https://bugs.python.org/issue?@action=redirect&bpo=46725,2,2,0.0
url,https://code.activestate.com/recipes/576707-long-period-random-number-generator/,2,2,0.0
url,https://code.activestate.com/recipes/577504-compute-memory-footprint-of-an-object-and-its-cont/,2,2,0.0
url,https://cython.org/,2,2,0.0
url,https://datatracker.ietf.org/doc/html/rfc1766.html,2,2,0.0
url,https://datatracker.ietf.org/doc/html/rfc2104.html,2,2,0.0
url,https://datatracker.ietf.org/doc/html/rfc6532.html,2,2,0.0
url,https://discuss.python.org/c/documentation/26,2,2,0.0
url,https://en.wikipedia.org/wiki/Document_type_definition,2,2,0.0
url,https://en.wikipedia.org/wiki/Heapsort,2,2,0.0
url,https://github.com/python/cpython/blob/main/Doc/contents.rst,2,2,0.0
url,https://github.com/python/cpython/blob/main/Doc/library/functions.rst,2,2,0.0
url,https://github.com/python/cpython/blob/main/Doc/library/idle.rst,2,2,0.0
url,https://github.com/python/cpython/blob/main/Doc/reference/index.rst,2,2,0.0
url,https://github.com/python/cpython/blob/main/Doc/tutorial/appetite.rst,2,2,0.0
url,https://github.com/python/cpython/blob/main/Doc/tutorial/errors.rst,2,2,0.0
url,https://github.com/python/cpython/blob/main/Doc/tutorial/modules.rst,2,2,0.0
url,https://github.com/python/cpython/blob/main/Doc/whatsnew/index.rst,2,4,0.0
url,https://github.com/python/cpython/issues/83648,2,2,0.0
url,https://github.com/python/cpython/tree/3.13/Android/testbed,2,2,0.0
url,https://github.com/python/cpython/tree/3.13/Lib/abc.py,2,2,0.0
url,https://github.com/python/cpython/tree/3.13/Lib/asyncio/streams.py,2,2,0.0
url,https://github.com/python/cpython/tree/3.13/Lib/asyncio/transports.py,2,5,0.0
url,https://github.com/python/cpython/tree/3.13/Lib/base64.py,2,2,0.0
url,https://github.com/python/cpython/tree/3.13/Lib/bdb.py,2,2,0.0
url,https://github.com/python/cpython/tree/3.13/Lib/bz2.py,2,2,0.0
url,https://github.com/python/cpython/tree/3.13/Lib/calendar.py,2,2,0.0
url,https://github.com/python/cpython/tree/3.13/Lib/concurrent/futures/thread.py,2,2,0.0
url,https://github.com/python/cpython/tree/3.13/Lib/contextlib.py,2,2,0.0
url,https://github.com/python/cpython/tree/3.13/Lib/ctypes,2,2,0.0
url,https://github.com/python/cpython/tree/3.13/Lib/dis.py,2,2,0.0
url,https://github.com/python/cpython/tree/3.13/Lib/fnmatch.py,2,2,0.0
url,https://github.com/python/cpython/tree/3.13/Lib/http/client.py,2,2,0.0
url,https://github.com/python/cpython/tree/3.13/Lib/http/cookiejar.py,2,2,0.0
url,https://github.com/python/cpython/tree/3.13/Lib/imaplib.py,2,2,0.0
url,https://github.com/python/cpython/tree/3.13/Lib/ipaddress.py,2,2,0.0
url,https://github.com/python/cpython/tree/3.13/Lib/logging/config.py,2,2,0.0
url,https://github.com/python/cpython/tree/3.13/Lib/lzma.py,2,3,0.0
url,https://github.com/python/cpython/tree/3.13/Lib/pickletools.py,2,2,0.0
url,https://github.com/python/cpython/tree/3.13/Lib/pprint.py,2,2,0.0
url,https://github.com/python/cpython/tree/3.13/Lib/runpy.py,2,3,0.0
url,https://github.com/python/cpython/tree/3.13/Lib/selectors.py,2,2,0.0
url,https://github.com/python/cpython/tree/3.13/Lib/shlex.py,2,3,0.0
url,https://github.com/python/cpython/tree/3.13/Lib/tkinter/filedialog.py,2,2,0.0
url,https://github.com/python/cpython/tree/3.13/Lib/tkinter/scrolledtext.py,2,2,0.0
url,https://github.com/python/cpython/tree/3.13/Lib/tkinter/simpledialog.py,2,2,0.0
url,https://github.com/python/cpython/tree/3.13/Lib/urllib/parse.py,2,2,0.0
url,https://github.com/python/cpython/tree/3.13/Mac/Resources/app-store-compliance.patch,2,2,0.0
url,https://github.com/python/python-docs-theme,2,2,0.0
url,https://ironpython.net/,2,2,0.0
url,https://learn.microsoft.com/windows-hardware/drivers/kernel/high-resolution-timers,2,2,0.0
url,https://mail.python.org/archives/list/python-dev@python.org/message/VIZEBX5EYMSYIJNDBF6DMUMZOCWHARSO/,2,2,0.0
url,https://manpages.debian.org/alarm(2),2,2,0.0
url,https://manpages.debian.org/open(2),2,2,0.0
url,https://manpages.debian.org/setsockopt(2),2,2,0.0
url,https://msdn.microsoft.com/44228cf2-6306-466c-8f16-f513cd3ba8b5,2,2,0.0
url,https://numpy.org/,2,2,0.0
url,https://packaging.python.org/en/latest/glossary/#term-Distribution-Package,2,2,0.0
url,https://packaging.python.org/pt-br/latest/guides/installing-using-pip-and-virtual-environments/#create-and-use-virtual-environments,2,2,0.0
url,https://peps.python.org/pep-0011/,2,2,0.0
url,https://peps.python.org/pep-0249/,2,2,0.0
url,https://peps.python.org/pep-0282/,2,2,0.0
url,https://peps.python.org/pep-0292/,2,2,0.0
url,https://peps.python.org/pep-0387/,2,2,0.0
url,https://peps.python.org/pep-0453/,2,2,0.0
url,https://peps.python.org/pep-0498/,2,2,0.0
url,https://peps.python.org/pep-0560/,2,2,0.0
url,https://peps.python.org/pep-0596/,2,2,0.0
url,https://peps.python.org/pep-0667/,2,2,0.0
url,https://peps.python.org/pep-0692/,2,2,0.0
url,https://peps.python.org/pep-0693/,2,2,0.0
url,https://peps.python.org/pep-0703/,2,2,0.0
url,https://peps.python.org/pep-0744/,2,2,0.0
url,https://peps.python.org/pep-3120/,2,2,0.0
url,https://peps.python.org/pep-3134/,2,2,0.0
url,https://peps.python.org/pep-3141/,2,2,0.0
url,https://peps.python.org/pep-3149/,2,2,0.0
url,https://poynton.ca/ColorFAQ.html,2,2,0.0
url,https://py-free-threading.github.io/tracking/,2,2,0.0
url,https://pypi.org/project/UniCurses/,2,2,0.0
url,https://pypi.org/project/Urwid/,2,2,0.0
url,https://pypi.org/project/defusedxml/,2,2,0.0
url,https://pypi.org/project/typing_extensions/,2,2,0.0
url,https://python-pillow.org/,2,2,0.0
url,https://pythonnet.github.io/,2,2,0.0
url,https://scipy.org/,2,2,0.0
url,https://sqlite.org/inmemorydb.html,2,2,0.0
url,https://support.apple.com/en-us/HT201732,2,2,0.0
url,https://tauday.com/,2,2,0.0
