name,visitors,bounce_rate,visit_duration
Google,2210,77,216
Direct / None,1081,65,354
Bing,171,75,203
Brave,87,76,199
Qwant,76,79,504
Ecosia,54,76,133
openclassrooms.com,51,83,20
DuckDuckGo,48,76,155
python.org,42,0,638
chatgpt.com,21,53,382
moodle.umontpellier.fr,15,35,759
Yahoo!,13,83,44
studium.umontreal.ca,8,75,34
moodle.univ-lille.fr,7,86,1
nohtyprm.github.io,7,86,37
0100015m.moodle.monbureaunumerique.fr,6,50,758
aura-38-nord.elea.apps.education.fr,5,80,98
capytale2.ac-paris.fr,5,60,154
copilot.microsoft.com,5,100,0
crosemont.moodle.decclic.qc.ca,5,60,269
fsg-pax-p-jhn01.pax.ulaval.ca,5,60,354
informatique-lycee.forge.apps.education.fr,5,60,466
python.sdv.u-paris.fr,5,67,356
modulol.ch,4,20,674
notebooks.githubusercontent.com,4,20,3677
wiki.python.org,4,0,645
Baidu,3,100,0
Microsoft Teams,3,100,0
Perplexity,3,100,0
e-formation.uha.fr,3,100,0
projets420.gitbook.io,3,100,0
stjonum.fr,3,67,0
wdi.centralesupelec.fr,3,100,0
GitHub,2,100,0
Youtube,2,0,34
afpy.org,2,50,0
chat.baidu.com,2,0,725
fdp.meteo.fr,2,50,665
jupyterhub-25.capsule.upmc.fr,2,100,0
moodle-lettres-25.sorbonne-universite.fr,2,100,0
moodle.insa-rouen.fr,2,50,9
moodle.univ-ubs.fr,2,0,2286
nas.etu-toc.net,2,100,0
search.avirabrowser.com,2,0,1350
train.learn.datascientest.com,2,100,0
Facebook,1,0,0
Lilo,1,100,0
blog.hubspot.fr,1,100,0
boot.dev,1,0,896
cavlfo.apprentissageelectroniqueontario.ca,1,100,0
codex.forge.apps.education.fr,1,100,0
cours.univ-reims.fr,1,0,2302
daldegan.yo.fr,1,100,0
developer.mozilla.org,1,0,638
ecampus-vert.unicaen.fr,1,100,0
esig-sandbox.ch,1,100,0
gateway.zscalertwo.net,1,0,742
gregwar.com,1,0,2354
hub.gesis.mybinder.org,1,0,27
huggingface.co,1,0,65
ilis-datascience.univ-lille.fr,1,100,0
l.messenger.com,1,100,0
learn.lewagon.com,1,0,20
lyceum.fr,1,100,0
medium.com,1,100,0
moodle.caseine.org,1,100,0
moodle.univ-artois.fr,1,0,239
nerviens.fr,1,0,5
notebook.basthon.fr,1,100,0
online.tiddlyhost.com,1,100,0
patmj.forge.apps.education.fr,1,100,0
pixees.fr,1,100,0
python.developpez.com,1,100,0
rtavenar.github.io,1,100,0
solid-space-sniffle-q7pg6q566vxjf65.github.dev,1,100,0
source.android.com,1,0,32
udemy.com,1,100,0
user-alexandrescrb-58431-0.user.lab.sspcloud.fr,1,0,1285
user-nidesheim-161914-0.user.lab.sspcloud.fr,1,0,5785
you.com,1,100,0
zestedesavoir.com,1,100,0
