name,version,visitors
Chrome,137.0,2489
Mobile App,(not set),1674
Microsoft Edge,137.0,968
Chrome,138.0,523
Safari,18.5,345
Mobile App,97.0,173
Chrome,136.0,163
Firefox,139.0,139
Microsoft Edge,136.0,138
Firefox,140.0,108
Huawei Browser Mobile,16.0,90
Microsoft Edge,138.0,50
UC Browser,17.7,46
Quark,7.13,42
Chrome,135.0,40
vivo Browser,25.1,37
vivo Browser,25.0,33
Firefox,128.0,28
vivo Browser,24.9,24
Microsoft Edge,134.0,22
Safari,17.6,22
MIUI Browser,19.7,22
Safari,18.3,20
Safari,18.4,20
Chrome,133.0,19
Chrome,134.0,18
Chrome,132.0,17
Microsoft Edge,135.0,13
Chrome,109.0,12
vivo Browser,24.6,10
Chrome,123.0,9
Safari,16.6,9
vivo Browser,24.7,9
vivo Browser,24.8,9
Chrome,112.0,8
Firefox,115.0,8
Microsoft Edge,131.0,8
Chrome,131.0,8
Microsoft Edge,133.0,8
Firefox,138.0,8
Firefox,141.0,8
Safari,16.1,8
vivo Browser,23.6,8
Safari,18.0,7
Chrome,130.0,6
Firefox,136.0,6
Safari,18.2,6
MIUI Browser,19.5,6
Samsung Browser,28.0,6
Huawei Browser Mobile,5.1,6
Quark,7.11,6
Chrome,122.0,5
Microsoft Edge,122.0,5
Microsoft Edge,124.0,5
Mobile Silk,136.6,5
Safari,15.6,5
Safari,17.3,5
UC Browser,17.4,5
UC Browser,17.5,5
UC Browser,17.6,5
vivo Browser,18.7,5
QQ Browser,19.1,5
vivo Browser,24.3,5
Quark,7.12,5
Mobile App,90.0,5
Chrome,118.0,4
Safari,17.5,4
Chrome,104.0,3
Firefox,110.0,3
Huawei Browser Mobile,12.1,3
Chrome,121.0,3
Chrome,125.0,3
Firefox,137.0,3
Firefox,139,3
Chrome,139.0,3
Safari,16.2,3
Safari,16.4,3
UC Browser,17.3,3
Safari,18.1,3
vivo Browser,20.5,3
vivo Browser,24.4,3
Mobile App,83.0,3
Safari,(not set),2
Firefox,103.0,2
Mobile App,103.0,2
Microsoft Edge,109.0,2
Safari,11.0,2
Chrome,113.0,2
Mobile App,114.0,2
Chrome,117.0,2
Opera,119.0,2
Chrome,127.0,2
Chrome,128.0,2
Mobile App,129.0,2
QQ Browser,13.3,2
Firefox,130.0,2
Firefox,135.0,2
Huawei Browser Mobile,14.0,2
Safari,14.1,2
MIUI Browser,14.10,2
Chrome,140.0,2
Huawei Browser Mobile,15.0,2
Safari,15.3,2
Safari,15.5,2
UC Browser,16.2,2
UC Browser,16.3,2
UC Browser,16.5,2
Safari,17.1,2
MIUI Browser,19.2,2
QQ Browser,19.3,2
vivo Browser,23.1,2
vivo Browser,24.0,2
Oppo Browser,4.3,2
Sleipnir,4.8,2
Quark,5.6,2
Quark,7.4,2
Chrome,81.0,2
Chrome,86.0,2
Microsoft Edge,92.0,2
Chrome,97.0,2
Chrome,98.0,2
Brave,(not set),1
Android Browser,(not set),1
Safari,10.0,1
vivo Browser,10.8,1
MIUI Browser,10.9,1
vivo Browser,10.9,1
Microsoft Edge,100.0,1
Chrome,101.0,1
Chrome,102.0,1
Chrome,107.0,1
Iron,108.0,1
Chrome,108.0,1
Huawei Browser Mobile,11.1,1
Firefox,113.0,1
Microsoft Edge,114.0,1
Chrome,114.0,1
Chrome,116.0,1
Mobile App,116.0,1
Mobile App,118.0,1
vivo Browser,12.0,1
Microsoft Edge,120.0,1
Chrome,120.0,1
Mobile App,120.0,1
Chrome,126.0,1
Microsoft Edge,127.0,1
Mobile App,127.0,1
Chrome,129.0,1
Firefox,129.0,1
Safari,13.1,1
Mobile App,132.0,1
Microsoft Edge,132.0,1
Firefox,139.2,1
Safari,14.0,1
QQ Browser,14.1,1
MIUI Browser,14.1,1
Safari,15.0,1
UC Browser,15.3,1
Safari,16.0,1
Safari,16.3,1
Safari,17.0,1
Safari,17.2,1
MIUI Browser,17.4,1
Safari,17.4,1
MIUI Browser,17.6,1
vivo Browser,18.0,1
MIUI Browser,18.2,1
MIUI Browser,18.3,1
Safari,18.6,1
MIUI Browser,18.7,1
Safari,19.0,1
QQ Browser,19.2,1
MIUI Browser,19.3,1
MIUI Browser,19.6,1
vivo Browser,22.9,1
vivo Browser,23.4,1
vivo Browser,23.7,1
vivo Browser,23.8,1
vivo Browser,24.1,1
vivo Browser,24.2,1
vivo Browser,24.5,1
Samsung Browser,28.1,1
Oppo Browser,4.6,1
Mobile App,55.0,1
Quark,6.12,1
Quark,7.10,1
Quark,7.7,1
Chrome,71.0,1
Mobile App,76.0,1
Firefox,79.0,1
Mobile App,85.0,1
Mobile App,87.0,1
Smart Lenovo Browser,9.0,1
QQ Browser,9.6,1
Chrome,91.0,1
Chrome,92.0,1
Mobile App,92.0,1
Mobile App,99.0,1
Chrome,99.0,1
