property,value,visitors,events,percentage
url,(none),15880,22891,99.5
url,https://bootstrap.pypa.io/get-pip.py,307,340,1.9
url,https://www.python.org/,180,185,1.1
url,https://docs.python-guide.org/starting/installation/#installation,157,161,1.0
url,https://opentechschool.github.io/python-beginners/en/getting_started.html#what-is-python-exactly,90,98,0.6
url,https://pip.pypa.io/,30,31,0.2
url,https://pypi.org/,28,29,0.2
url,https://pypi.org/project/pip/,26,26,0.2
url,https://docs.python.org/3/library/venv.html,25,26,0.2
url,https://test.pypi.org/account/register/,23,23,0.1
url,https://docs.python.org/3/tutorial/modules.html#packages,20,20,0.1
url,https://github.com/pypa/pip,20,21,0.1
url,https://pip.pypa.io/en/latest/,19,20,0.1
url,https://pip.pypa.io/en/latest/user_guide/#requirements-files,19,19,0.1
url,https://pip.pypa.io/en/latest/topics/secure-installs/,18,19,0.1
url,https://setuptools.pypa.io/en/latest/userguide/miscellaneous.html,17,18,0.1
url,https://spdx.org/licenses/,17,17,0.1
url,https://test.pypi.org/manage/account/#api-tokens,16,18,0.1
url,https://peps.python.org/pep-0639/,14,14,0.1
url,https://setuptools.readthedocs.io/en/latest/,14,14,0.1
url,https://github.com/pypa/packaging.python.org/edit/main/source/tutorials/installing-packages.rst,13,13,0.1
url,https://docs.python.org/3/library/ensurepip.html,12,12,0.1
url,https://github.com/pypa/packaging.python.org/blob/main/source/tutorials/installing-packages.rst?plain=true,12,15,0.1
url,https://github.com/pypa/packaging-problems,11,13,0.1
url,https://hatch.pypa.io/latest/,11,11,0.1
url,https://setuptools.pypa.io/en/latest/userguide/development_mode.html,11,11,0.1
url,https://www.python.org/downloads/,10,11,0.1
url,https://github.com/pypa/sampleproject/blob/db5806e0a3204034c51b1c00dde7d5eb3fa2532e/setup.py,9,10,0.1
url,https://pip.pypa.io/en/latest/user_guide/#user-installs,9,13,0.1
url,https://pypi.org/classifiers,9,9,0.1
url,https://www.pypa.io/en/latest/,9,9,0.1
url,https://iscinumpy.dev/post/bound-version-constraints/#pinning-the-python-version-is-special,8,8,0.1
url,https://pipx.pypa.io/,8,8,0.1
url,http://doc.devpi.net/latest/,7,7,0.0
url,https://choosealicense.com/,7,7,0.0
url,https://github.com/pypa/packaging-problems/issues/new?template=packaging_tutorial.yml&title=Trouble+with+the+packaging+tutorial&guide=https://packaging.python.org/tutorials/packaging-projects,7,8,0.0
url,https://github.com/pypa/sampleproject,7,7,0.0
url,https://pip.pypa.io/en/latest/cli/,7,7,0.0
url,https://pypi.org/project/setuptools,7,7,0.0
url,https://github.com/pypa/linehaul-cloud-function/,6,6,0.0
url,https://github.com/pypa/pipfile,6,6,0.0
url,https://peps.python.org/pep-0517/,6,6,0.0
url,https://pipenv.pypa.io/en/latest/index.html,6,7,0.0
url,https://pypi.org/classifiers/,6,6,0.0
url,https://pypi.org/project/hatchling/,6,6,0.0
url,https://setuptools.pypa.io/en/latest/userguide/pyproject_config.html#dynamic-metadata,6,6,0.0
url,https://github.com/pypa/packaging.python.org,5,6,0.0
url,https://pip.pypa.io/en/latest/cli/pip_install/#pip-install,5,5,0.0
url,https://virtualenv.pypa.io/en/stable/index.html,5,5,0.0
url,https://blog.ganssle.io/articles/2021/10/setup-py-deprecated.html,4,4,0.0
url,https://brew.sh/,4,4,0.0
url,https://datatracker.ietf.org/doc/html/rfc2119.html,4,4,0.0
url,https://github.com/pypa/packaging.python.org/blob/main/source/index.rst?plain=true,4,4,0.0
url,https://github.com/pypa/setuptools,4,4,0.0
url,https://peps.python.org/pep-0420/,4,5,0.0
url,https://peps.python.org/pep-0508/#names,4,5,0.0
url,https://peps.python.org/pep-0518/,4,4,0.0
url,https://peps.python.org/pep-0685/,4,4,0.0
url,https://peps.python.org/pep-0723/,4,4,0.0
url,https://pypi.org/project/pipx/,4,4,0.0
url,https://python-poetry.org/,4,4,0.0
url,https://setuptools.pypa.io/en/latest/userguide/index.html,4,4,0.0
url,https://setuptools.pypa.io/en/latest/userguide/miscellaneous.html#using-manifest-in,4,4,0.0
url,https://test.pypi.org/help/#apitoken,4,5,0.0
url,https://bottlepy.org/docs/dev/tutorial.html,3,3,0.0
url,https://build.pypa.io/en/stable/index.html,3,3,0.0
url,https://cloud.google.com/bigquery,3,3,0.0
url,https://console.cloud.google.com/bigquery,3,3,0.0
url,https://console.cloud.google.com/bigquery?p=bigquery-public-data&d=pypi&page=dataset,3,3,0.0
url,https://developers.redhat.com/products/softwarecollections/overview,3,3,0.0
url,https://devpi.net/docs/devpi/devpi/latest/+doc/index.html,3,3,0.0
url,https://docs.anaconda.com/anaconda/,3,3,0.0
url,https://docs.astral.sh/uv/,3,3,0.0
url,https://docs.python.org/3/library/argparse.html#module-argparse,3,3,0.0
url,https://docs.python.org/3/library/site.html#index-2,3,3,0.0
url,https://flit.readthedocs.io/en/latest/,3,3,0.0
url,https://github.com/pypa/hatch,3,3,0.0
url,https://github.com/thoth-station/micropipenv,3,3,0.0
url,https://github.com/toml-lang/toml,3,3,0.0
url,https://peps.python.org/pep-0508/,3,3,0.0
url,https://peps.python.org/pep-0566/,3,3,0.0
url,https://peps.python.org/pep-0735/,3,3,0.0
url,https://pypi.org/manage/account/publishing/,3,3,0.0
url,https://pypi.org/project/pipenv,3,3,0.0
url,https://pypi.org/project/poetry-core/,3,3,0.0
url,https://setuptools.pypa.io/,3,3,0.0
url,https://setuptools.pypa.io/en/latest/build_meta.html,3,3,0.0
url,https://setuptools.pypa.io/en/latest/userguide/pyproject_config.html,3,3,0.0
url,https://twine.readthedocs.io/en/latest/,3,3,0.0
url,https://typer.tiangolo.com/,3,3,0.0
url,http://www.py2exe.org/,2,2,0.0
url,https://backend.pdm-project.org/,2,2,0.0
url,https://caremad.io/posts/2013/07/setup-vs-requirement/,2,2,0.0
url,https://console.developers.google.com/apis/library/bigquery-json.googleapis.com,2,5,0.0
url,https://discuss.python.org/c/packaging,2,2,0.0
url,https://docs.github.com/en/actions/how-tos/managing-workflow-runs-and-deployments/managing-deployments/managing-environments-for-deployment#creating-an-environment,2,2,0.0
url,https://docs.github.com/en/get-started/writing-on-github/getting-started-with-writing-and-formatting-on-github/basic-writing-and-formatting-syntax,2,3,0.0
url,https://docs.python-guide.org/starting/installation/,2,2,0.0
url,https://docs.python.org/3/library/email.parser.html#module-email.parser,2,2,0.0
url,https://docs.python.org/3/library/platform.html#platform.machine,2,2,0.0
url,https://en.wikipedia.org/wiki/Platform_as_a_service,2,2,0.0
url,https://github.com/EpicWink/proxpi,2,2,0.0
url,https://github.com/mesonbuild/meson,2,2,0.0
url,https://github.com/pradyunsg/furo,2,2,0.0
url,https://github.com/pypa/bandersnatch,2,2,0.0
url,https://github.com/pypa/packaging.python.org/blob/main/source/guides/writing-pyproject-toml.rst?plain=true,2,2,0.0
url,https://github.com/pypa/packaging.python.org/blob/main/source/tutorials/packaging-projects.rst?plain=true,2,2,0.0
url,https://github.com/pypa/packaging.python.org/edit/main/source/index.rst,2,2,0.0
url,https://github.com/pypa/pip/issues/1668,2,2,0.0
url,https://github.com/pypa/pipenv,2,2,0.0
url,https://github.com/pypa/pipx,2,3,0.0
url,https://github.com/pypa/sample-namespace-packages/tree/master/native,2,2,0.0
url,https://github.com/pypa/twine,2,2,0.0
url,https://hatch.pypa.io/1.9/version/,2,2,0.0
url,https://httpd.apache.org/,2,2,0.0
url,https://peps.python.org/pep-0301/,2,2,0.0
url,https://peps.python.org/pep-0459/,2,2,0.0
url,https://peps.python.org/pep-0621/,2,2,0.0
url,https://pip.pypa.io/en/latest/reference/build-system/pyproject-toml/,2,2,0.0
url,https://pip.pypa.io/en/latest/topics/vcs-support/#vcs-support,2,2,0.0
url,https://pradyunsg.me/,2,2,0.0
url,https://pygments.org/,2,2,0.0
url,https://pypi.org/help/#apitoken,2,2,0.0
url,https://pypi.org/project/build,2,2,0.0
url,https://pypi.org/project/keyring/,2,2,0.0
url,https://pypi.org/project/pex/,2,2,0.0
url,https://pypi.org/project/pip,2,2,0.0
url,https://pypi.org/project/pip/23.3.1/#files,2,2,0.0
url,https://pypi.org/project/py2app/,2,2,0.0
url,https://pypi.org/search?q=pip,2,2,0.0
url,https://pyscaffold.org/,2,2,0.0
url,https://pyup.io/safety,2,2,0.0
url,https://setuptools.pypa.io/en/latest/references/keywords.html,2,2,0.0
url,https://setuptools.pypa.io/en/latest/userguide/datafiles.html,2,2,0.0
url,https://setuptools.pypa.io/en/latest/userguide/entry_point.html,2,3,0.0
url,https://test.pypi.org/manage/account/publishing/,2,2,0.0
url,https://tidelift.com/lifter/search/pypi/flit,2,2,0.0
url,https://www.maturin.rs/,2,2,0.0
url,http://winpython.github.io/,1,1,0.0
url,https://appimage.org/,1,1,0.0
url,https://aws.amazon.com/s3/,1,1,0.0
url,https://bandersnatch.readthedocs.io/,1,1,0.0
url,https://cibuildwheel.readthedocs.io/,1,1,0.0
url,https://cloud.google.com/bigquery/docs/quickstarts/quickstart-web-ui,1,1,0.0
url,https://cython.org/,1,1,0.0
url,https://dh-virtualenv.readthedocs.io/en/latest/tutorial.html,1,1,0.0
url,https://docs.conda.io/en/latest/miniconda.html,1,1,0.0
url,https://docs.microsoft.com/en-us/windows/win32/shell/user-environment-variables?redirectedfrom=MSDN,1,1,0.0
url,https://docs.pypi.org/trusted-publishers/,1,1,0.0
url,https://docs.pytest.org/,1,1,0.0
url,https://docs.python-guide.org/dev/virtualenvs/,1,2,0.0
url,https://docs.python.org/3/library/email.policy.html#email.policy.compat32,1,1,0.0
url,https://docs.python.org/3/library/importlib.metadata.html#importlib.metadata.entry_points,1,1,0.0
url,https://docs.python.org/3/library/runpy.html#module-runpy,1,1,0.0
url,https://docs.python.org/3/library/site.html#site.USER_BASE,1,1,0.0
url,https://docs.python.org/3/library/sys.html#sys.path,1,1,0.0
url,https://docs.python.org/3/library/sys.html#sys.platform,1,1,0.0
url,https://docutils.sourceforge.io/docs/user/rst/quickref.html,1,1,0.0
url,https://en.wikipedia.org/wiki/Linux_distribution,1,1,0.0
url,https://fedoraproject.org/wiki/EPEL,1,1,0.0
url,https://flit.pypa.io/en/stable/,1,1,0.0
url,https://github.com/conda-forge/miniforge,1,1,0.0
url,https://github.com/conda/constructor,1,1,0.0
url,https://github.com/devpi/devpi/issues,1,2,0.0
url,https://github.com/dholth/enscons,1,1,0.0
url,https://github.com/hashdist/hashdist/,1,1,0.0
url,https://github.com/multi-build/multibuild,1,1,0.0
url,https://github.com/pantsbuild/pex#user-content-pex,1,1,0.0
url,https://github.com/pypa/bandersnatch/issues,1,1,0.0
url,https://github.com/pypa/flit/issues,1,1,0.0
url,https://github.com/pypa/packaging.python.org/,1,1,0.0
url,https://github.com/pypa/packaging.python.org/blob/main/source/glossary.rst?plain=true,1,1,0.0
url,https://github.com/pypa/packaging.python.org/blob/main/source/overview.rst?plain=true,1,1,0.0
url,https://github.com/pypa/packaging.python.org/blob/main/source/specifications/core-metadata.rst?plain=true,1,1,0.0
url,https://github.com/pypa/packaging.python.org/blob/main/source/specifications/dependency-specifiers.rst?plain=true,1,1,0.0
url,https://github.com/pypa/packaging.python.org/blob/main/source/specifications/version-specifiers.rst?plain=true,1,1,0.0
url,https://github.com/pypa/packaging.python.org/blob/main/source/tutorials/managing-dependencies.rst?plain=true,1,1,0.0
url,https://github.com/pypa/packaging.python.org/edit/main/source/guides/index.rst,1,1,0.0
url,https://github.com/pypa/packaging.python.org/edit/main/source/guides/installing-using-pip-and-virtual-environments.rst,1,1,0.0
url,https://github.com/pypa/packaging.python.org/edit/main/source/guides/writing-pyproject-toml.rst,1,1,0.0
url,https://github.com/pypa/packaging.python.org/edit/main/source/specifications/core-metadata.rst,1,1,0.0
url,https://github.com/pypa/packaging.python.org/edit/main/source/specifications/version-specifiers.rst,1,1,0.0
url,https://github.com/pypa/packaging.python.org/edit/main/source/tutorials/packaging-projects.rst,1,2,0.0
url,https://github.com/pypa/pip/issues,1,1,0.0
url,https://github.com/pypa/pipenv/issues,1,1,0.0
url,https://github.com/pypa/sampleproject/blob/db5806e0a3204034c51b1c00dde7d5eb3fa2532e/setup.cfg,1,1,0.0
url,https://github.com/pypa/sampleproject/tree/main/src/sample,1,1,0.0
url,https://github.com/pypa/trove-classifiers,1,1,0.0
url,https://github.com/pypa/virtualenv,1,1,0.0
url,https://github.com/pypiserver/pypiserver,1,1,0.0
url,https://github.com/python-poetry/poetry,1,1,0.0
url,https://github.com/python/cpython/blob/main/Modules/_datetimemodule.c,1,1,0.0
url,https://github.com/python/mypy,1,1,0.0
url,https://github.com/python/peps/issues/560,1,1,0.0
url,https://github.com/pywharf/pywharf,1,1,0.0
url,https://github.com/spack/spack,1,1,0.0
url,https://github.com/uranusjr/simpleindex,1,1,0.0
url,https://github.com/zestsoftware/zest.releaser/,1,1,0.0
url,https://hosted.weblate.org/projects/pypa/packaging-python-org/,1,1,0.0
url,https://httpd.apache.org/docs/current/mod/mod_rewrite.html,1,1,0.0
url,https://ius.io/usage#parallel-installable-packages,1,1,0.0
url,https://kivy.org/,1,1,0.0
url,https://labs.fedoraproject.org/en/python-classroom/,1,1,0.0
url,https://meson-python.readthedocs.io/en/latest/,1,1,0.0
url,https://nox.thea.codes/en/latest/index.html,1,1,0.0
url,https://numpy.org/,1,1,0.0
url,https://pdm.fming.dev/,1,1,0.0
url,https://peps.python.org/pep-0241/,1,1,0.0
url,https://peps.python.org/pep-0314/,1,1,0.0
url,https://peps.python.org/pep-0386/,1,1,0.0
url,https://peps.python.org/pep-0426/,1,1,0.0
url,https://peps.python.org/pep-0427/,1,1,0.0
url,https://peps.python.org/pep-0441/,1,1,0.0
url,https://peps.python.org/pep-0503/#normalized-names,1,1,0.0
url,https://peps.python.org/pep-0629/,1,1,0.0
url,https://peps.python.org/pep-0632/,1,1,0.0
url,https://pex.readthedocs.io/en/latest/,1,1,0.0
url,https://pip.pypa.io/en/latest/cli/pip_install/#install-no-binary,1,1,0.0
url,https://pip.pypa.io/en/stable/user_guide/#user-installs,1,1,0.0
url,https://py2app.readthedocs.io/en/latest/,1,2,0.0
url,https://pyinstaller.readthedocs.io/en/stable/,1,1,0.0
url,https://pypi.org/help/#project-size-limit,1,1,0.0
url,https://pypi.org/manage/account/#api-tokens,1,1,0.0
url,https://pypi.org/project/Flask-SQLAlchemy/,1,1,0.0
url,https://pypi.org/project/Pillow/,1,1,0.0
url,https://pypi.org/project/bandersnatch,1,1,0.0
url,https://pypi.org/project/devpi,1,1,0.0
url,https://pypi.org/project/flit,1,1,0.0
url,https://pypi.org/project/py2exe/,1,1,0.0
url,https://pypi.org/project/pynsist,1,1,0.0
url,https://pypi.org/project/pynsist/,1,1,0.0
url,https://pypi.org/project/pypiserver/,1,1,0.0
url,https://pypi.org/project/trampolim/,1,1,0.0
url,https://pypi.org/project/twine,1,1,0.0
url,https://pypi.org/project/virtualenv/,1,1,0.0
url,https://pypi.org/project/whey/,1,1,0.0
url,https://pytest.org/,1,1,0.0
url,https://scipy.org/install/#macos,1,1,0.0
url,https://semver.org/,1,1,0.0
url,https://server.ethicalads.io/proxy/click/8172/0198be13-b083-7373-9931-8a3521f94e55/,1,1,0.0
url,https://server.ethicalads.io/proxy/click/8174/0198bd92-8129-7910-928f-a7a2ed93ce28/,1,1,0.0
url,https://server.ethicalads.io/proxy/click/8176/0198bb5b-85c2-78a1-9da7-13a10f8a91fd/,1,1,0.0
url,https://server.ethicalads.io/proxy/click/9025/0198bcad-8579-76b3-933e-449034f51ab1/,1,1,0.0
url,https://server.ethicalads.io/proxy/click/9025/0198bccf-606b-7142-9dba-87ca4c4588ce/,1,1,0.0
url,https://server.ethicalads.io/proxy/click/9025/0198bd0b-233f-71b2-a2da-3b109b0b7bf5/,1,1,0.0
url,https://server.ethicalads.io/proxy/click/9027/0198be95-f0bb-7510-abb3-50d6332ae82b/,1,1,0.0
url,https://server.ethicalads.io/proxy/click/9027/0198beb8-bebe-7042-95fc-e84382cd69fa/,1,1,0.0
url,https://server.ethicalads.io/proxy/click/9028/0198be0f-60e0-7011-826f-9e2d63709fd9/,1,1,0.0
url,https://server.ethicalads.io/proxy/click/9052/0198bca4-69df-7f71-b5bf-cdaab1734a42/,1,1,0.0
url,https://server.ethicalads.io/proxy/click/9066/0198bbeb-067e-73a1-bd42-0450cdd50afc/,1,1,0.0
url,https://server.ethicalads.io/proxy/click/9075/0198bdc3-2807-73a1-8443-6d6095f36fc4/,1,1,0.0
url,https://setuptools-scm.readthedocs.io/en/latest/,1,1,0.0
url,https://setuptools.pypa.io/en/latest/deprecated/commands.html,1,1,0.0
url,https://setuptools.pypa.io/en/latest/userguide/package_discovery.html#src-layout,1,1,0.0
url,https://setuptools.readthedocs.io/en/latest/userguide/dependency_management.html#optional-dependencies,1,1,0.0
url,https://shiv.readthedocs.io/en/latest/,1,1,0.0
url,https://spdx.github.io/spdx-spec/v2.2.2/other-licensing-information-detected/,1,1,0.0
url,https://stackoverflow.com/a/14638025,1,1,0.0
url,https://toml.io/,1,1,0.0
url,https://translate.google.com/website?sl=auto&tl=fr&hl=fr&u=https://docs.python-guide.org/starting/installation/%23installation,1,1,0.0
url,https://translate.google.com/website?sl=auto&tl=fr&hl=fr&u=https://www.python.org,1,1,0.0
url,https://warehouse.pypa.io/,1,1,0.0
url,https://www.ethicalads.io/advertisers/topics/devops/?ref=ea-text,1,1,0.0
url,https://www.fullstackpython.com/docker.html,1,1,0.0
url,https://www.pypa.io/en/latest/specifications/,1,1,0.0
url,https://www.sphinx-doc.org/,1,1,0.0
url,https://www.sphinx-doc.org/en/master/usage/restructuredtext/basics.html,1,1,0.0
url,https://www.vagrantup.com/,1,1,0.0
