name,visitors,pageviews,bounce_rate,time_on_page,scroll_depth
/3.12/,639,746,64,20,76
/3.12/tutorial/index.html,361,389,69,55,42
/3.12/whatsnew/3.12.html,250,251,79,40,17
/3.12/search.html,226,288,24,26,48
/3.12/using/windows.html,218,217,85,40,23
/3.12/library/stdtypes.html,193,208,80,64,40
/3.12/library/index.html,171,194,47,34,39
/3.12/library/functions.html,160,164,89,68,53
/3.12/index.html,133,128,60,12,75
/3.12/tutorial/,128,149,56,26,53
/3.12/tutorial/interpreter.html,118,114,78,72,67
/3.12/library/typing.html,105,114,72,48,49
/3.12/library/2to3.html,94,100,84,63,36
/3.12/library/datetime.html,86,98,86,56,47
/3.12/tutorial/introduction.html,86,81,67,179,58
/3.12/library/,83,91,69,16,28
/3.12/tutorial/appetite.html,81,73,63,40,83
/3.12/reference/index.html,78,75,19,21,71
/3.12/tutorial/controlflow.html,76,89,74,111,32
/zh-cn/3.12/,73,75,64,23,80
/zh-cn/3.12/using/mac.html,73,83,85,39,69
/zh-cn/3.12/library/index.html,68,88,46,56,48
/3.12/library/os.html,59,49,80,52,53
/3.12/glossary.html,58,63,45,28,49
/3.12/library/exceptions.html,56,55,86,57,51
/3.12/library/re.html,52,58,85,46,45
/zh-cn/3.12/tutorial/index.html,52,68,41,41,70
/zh-cn/3.12/search.html,49,62,58,12,52
/3.12/contents.html,45,43,55,38,8
/3.12/library/pathlib.html,43,47,70,73,63
/zh-cn/3.12/index.html,43,50,57,29,80
/zh-cn/3.12/library/functions.html,41,41,62,53,40
/3.12/library/asyncio-task.html,40,40,72,67,43
/3.12/library/os.path.html,40,40,88,66,60
/3.12/library/telnetlib.html,40,42,76,105,69
/3.12/download.html,39,39,62,13,84
/3.12/installing/index.html,38,49,75,101,78
/3.12/reference/datamodel.html,38,34,46,83,45
/3.12/tutorial/modules.html,38,47,38,91,44
/3.12/py-modindex.html,37,35,78,65,50
/3.12/library/itertools.html,36,34,74,19,25
/3.12/library/tkinter.html,36,36,81,88,43
/3.12/tutorial/datastructures.html,33,36,78,28,47
/zh-cn/3.12/reference/index.html,32,34,73,19,79
/3.12/library/string.html,30,30,58,35,43
/3.12/reference/compound_stmts.html,30,28,56,49,42
/zh-cn/3.12/library/stdtypes.html,30,28,85,30,42
/3.12/library/logging.html,29,28,75,53,53
/3.12/library/random.html,29,28,83,41,55
/zh-cn/3.12/library/threading.html,29,28,83,68,42
/zh-cn/3.12/using/index.html,29,34,47,38,86
/zh-cn/3.12/library/asyncio-task.html,28,29,82,88,36
/3.12/library/json.html,27,30,95,33,35
/3.12/tutorial/errors.html,27,24,36,41,48
/3.12/using/index.html,27,32,75,14,53
/3.12/library/io.html,26,38,55,97,59
/3.12/library/subprocess.html,25,21,100,66,28
/es/3.12/tutorial/index.html,25,23,74,68,40
/zh-cn/3.12/library/multiprocessing.html,25,21,94,63,25
/zh-cn/3.12/library/re.html,25,23,88,59,38
/3.12/library/threading.html,24,22,100,59,29
/3.12/library/venv.html,24,21,82,41,36
/zh-cn/3.12/library/pathlib.html,24,24,82,51,46
/zh-cn/3.12/library/typing.html,24,21,78,49,22
/3.12/library/argparse.html,23,22,71,81,34
/3.12/library/multiprocessing.html,23,24,79,460,39
/3.12/tutorial/classes.html,23,19,100,196,48
/zh-cn/3.12/library/logging.html,23,28,89,128,46
/zh-cn/3.12/library/venv.html,23,22,82,25,25
/3.12/library/asyncio-eventloop.html,22,21,80,79,56
/3.12/library/asyncio.html,22,34,47,18,77
/3.12/library/idle.html,22,20,82,10,33
/zh-cn/3.12/download.html,22,18,100,13,88
/zh-cn/3.12/glossary.html,22,17,62,112,43
/3.12/reference/expressions.html,21,20,67,156,48
/3.12/genindex.html,20,17,0,5,99
/3.12/library/turtle.html,20,21,88,48,44
/3.12/whatsnew/changelog.html,20,25,85,24,4
/zh-cn/3.12/library/asyncio.html,20,22,62,70,90
/zh-cn/3.12/library/subprocess.html,20,21,87,277,39
/zh-cn/3.12/tutorial/controlflow.html,20,26,67,202,66
/3.12/library/csv.html,19,20,67,143,36
/3.12/reference/simple_stmts.html,19,15,0,31,62
/zh-cn/3.12/tutorial/introduction.html,19,18,100,229,56
/zh-cn/3.12/using/unix.html,19,17,83,160,72
/3.12/tutorial/stdlib.html,18,18,88,66,64
/ja/3.12/library/index.html,18,19,57,25,36
/zh-cn/3.12/tutorial/interpreter.html,18,18,50,97,85
/3.12/library/collections.html,17,15,80,23,34
/3.12/library/tarfile.html,17,17,92,30,67
/3.12/library/unittest.mock.html,17,17,78,82,44
/3.12/whatsnew/index.html,17,18,43,11,20
/zh-cn/3.12/tutorial/datastructures.html,17,21,71,238,69
/zh-cn/3.12/using/windows.html,17,23,83,32,40
/3.12/library/concurrent.futures.html,16,16,33,208,55
/3.12/reference/lexical_analysis.html,16,14,50,51,54
/3.12/using/cmdline.html,16,16,100,47,41
/ja/3.12/,16,15,50,11,75
/zh-cn/3.12/library/dataclasses.html,16,14,83,52,33
/zh-cn/3.12/library/heapq.html,16,18,71,82,54
