name,visitors,bounce_rate,visit_duration
google.com,1261,75,187
Direct / None,335,69,287
google.com.tw,62,83,105
bing.com,31,69,653
steam.oxxostudio.tw,18,42,313
baidu.com/link,16,56,199
python.org,14,0,367
chatgpt.com,11,92,46
google.com.hk,8,67,71
google.co.uk,2,50,85
tw.alphacamp.co,2,0,100
vocus.cc,2,100,0
baidu.com/s,1,100,0
books.googleusercontent.com,1,0,12
cn.bing.com,1,0,1812
cnblogs.com,1,100,0
codecademy.com,1,0,22
devguide.python.org/documentation/translating,1,0,549
discuss.python.org,1,0,227
doubao.com,1,0,143
en.wikipedia.org,1,0,34
im.fju.edu.tw,1,100,0
infoq.cn/link,1,0,1139
m.baidu.com/from=1012852q/bd_page_type=1/ssid=0/uid=0/pu=usm%400%2Csz%401320_1004%2Cta%40iphone_2_12.0_11_19.1/baiduid=27833C464BBE67057456E28AF68B8CA8/w=30_10_/t=iphone/l=1/tc,1,100,0
m.baidu.com/from=1052946b/bd_page_type=1/ssid=0/uid=0/pu=usm%402%2Csz%401320_1001%2Cta%40iphone_2_10.0_19_23.6/baiduid=BB4717C34E8D0FFDFBB5A0FF24A97999/w=0_10_/t=iphone/l=1/tc,1,100,0
python.p2hp.com,1,0,432
quark.cn/s,1,100,0
realnewbie.com,1,0,74
so.com/link,1,0,67
statics.teams.cdn.office.net,1,100,0
t.co,1,100,0
tw.search.yahoo.com,1,100,0
wiki.python.org,1,0,480
yandex.ru,1,0,241
yhtechnote.com,1,100,0
yuanbao.tencent.com,1,0,17
