name,version,visitors
Microsoft Edge,132.0,608
Chrome,132.0,452
Chrome,131.0,171
UC Browser,17.3,89
Mobile App,114.0,80
Chrome,122.0,60
Safari,18.1,59
Microsoft Edge,131.0,57
Mobile App,(not set),53
Firefox,134.0,43
Safari,18.2,42
Mobile App,116.0,39
Mobile App,99.0,36
Mobile App,129.0,29
Safari,18.3,27
Mobile App,126.0,25
Microsoft Edge,130.0,24
Chrome,129.0,23
Mobile App,130.0,23
Microsoft Edge,127.0,22
Chrome,128.0,21
Safari,17.6,21
Mobile App,83.0,21
Mobile App,118.0,20
Quark,7.7,19
Mobile App,117.0,18
Mobile App,131.0,18
Chrome,127.0,17
Microsoft Edge,128.0,17
Mobile App,97.0,17
Microsoft Edge,129.0,16
Quark,(not set),15
QQ Browser,13.5,15
Huawei Browser Mobile,15.0,15
Chrome,121.0,14
Safari,18.0,14
MIUI Browser,19.0,13
Chrome,109.0,12
Safari,16.6,12
Smart Lenovo Browser,9.0,12
Chrome,112.0,11
Chrome,130.0,11
Safari,15.6,11
Sogou Explorer,2,11
Mobile App,92.0,10
Chrome,92.0,10
Microsoft Edge,117.0,9
Mobile App,120.0,9
Mobile App,103.0,8
Microsoft Edge,126.0,8
Chrome,134.0,8
Safari,15.4,8
Chrome,86.0,8
Safari,(not set),7
Chrome,119.0,7
Huawei Browser,12.1,7
Chrome,120.0,7
Chrome,133.0,7
Safari,17.3,7
Mobile App,96.0,7
Chrome,126.0,6
Mobile App,127.0,6
Mobile App,128.0,6
Safari,16.5,6
Safari,17.5,6
QQ Browser,6.2,6
Microsoft Edge,109.0,5
Microsoft Edge,113.0,5
Chrome,114.0,5
Firefox,115.0,5
Microsoft Edge,122.0,5
QQ Browser,15.9,5
Microsoft Edge,92.0,5
Chrome,99.0,5
Firefox,102.0,4
Microsoft Edge,114.0,4
Chrome,116.0,4
Firefox,128.0,4
Safari,13.1,4
Microsoft Edge,133.0,4
Safari,14.1,4
Safari,16.1,4
Safari,17.1,4
UC Browser,17.2,4
vivo Browser,23.1,4
Yandex Browser,23.7,4
Yandex Browser,24.12,4
Microsoft Edge,101.0,3
Chrome,101.0,3
Mobile App,104.0,3
Chrome,107.0,3
Opera,116.0,3
Chrome,118.0,3
Microsoft Edge,120.0,3
Microsoft Edge,123.0,3
Chrome,123.0,3
Microsoft Edge,124.0,3
Firefox,132.0,3
Mobile App,132.0,3
Firefox,133.0,3
MIUI Browser,14.10,3
Safari,15.5,3
Safari,16.0,3
Safari,16.2,3
115 Browser,27.0,3
Quark,7.6,3
Mobile App,88.0,3
(not set),(not set),2
Mobile App,101.0,2
Opera,101.0,2
Chrome,103.0,2
Chrome,105.0,2
Mobile App,108.0,2
Mobile App,111.0,2
Chrome,113.0,2
Microsoft Edge,115.0,2
Firefox,116.0,2
Firefox,117.0,2
QQ Browser,12.7,2
Chrome,125.0,2
Firefox,127.0,2
Firefox,135.0,2
Huawei Browser Mobile,14.0,2
Safari,16.3,2
Safari,16.4,2
Safari,17.0,2
UC Browser,17.1,2
Safari,17.4,2
Safari,17.7,2
Safari,17.8,2
MIUI Browser,18.3,2
Samsung Browser,26.1,2
Quark,6.1,2
Samsung Browser,8.0,2
Chrome,95.0,2
Chrome,100.0,1
Microsoft Edge,100.0,1
Firefox,101.0,1
Microsoft Edge,105.0,1
Firefox,110.0,1
Chrome,110.0,1
Chrome,111.0,1
Microsoft Edge,112.0,1
Mobile App,115.0,1
Opera,115.0,1
Microsoft Edge,116.0,1
Firefox,118.0,1
Mobile App,119.0,1
Microsoft Edge,119.0,1
Huawei Browser Mobile,12.1,1
Firefox,121.0,1
Chrome,124.0,1
Microsoft Edge,125.0,1
Firefox,129.0,1
QQ Browser,13.3,1
Firefox,130.0,1
Microsoft Edge,132,1
Chrome,132,1
Firefox,134,1
Firefox,134.1,1
Safari,14.0,1
MIUI Browser,14.7,1
Safari,15.1,1
Safari,15.3,1
QQ Browser,15.8,1
UC Browser,16.1,1
UC Browser,16.5,1
MIUI Browser,16.9,1
UC Browser,17.0,1
MIUI Browser,17.8,1
Safari,17.9,1
vivo Browser,18.7,1
MIUI Browser,18.8,1
MIUI Browser,18.9,1
vivo Browser,22.8,1
Samsung Browser,27.0,1
Samsung Browser,27.1,1
Notion,4.4,1
Chrome,44.0,1
Huawei Browser Mobile,5.0,1
Baidu Browser,5.4,1
Quark,6.10,1
Quark,6.11,1
Mobile App,68.0,1
Chrome,69.0,1
Quark,7.5,1
Firefox,70.0,1
Mobile App,77.0,1
Mobile App,81.0,1
Chrome,84.0,1
Mobile App,87.0,1
Chrome,93.0,1
Microsoft Edge,94.0,1
Mobile App,95.0,1
Microsoft Edge,98.0,1
