name,visitors
California,797
England,703
New York,380
Texas,340
Virginia,299
Maharashtra,281
Illinois,247
Ontario,230
Karnataka,210
Tamil Nadu,210
Île-de-France,206
Washington,188
Massachusetts,178
Bavaria,158
Tokyo,158
Telangāna,146
São Paulo,145
Hesse,145
New Jersey,142
North Holland,140
Maryland,136
North Rhine-Westphalia,134
Florida,130
Delhi,126
Georgia,114
Baden-Württemberg,113
Moscow,110
Quebec,109
Colorado,109
Pennsylvania,108
North Carolina,107
Lombardy,103
British Columbia,99
New South Wales,96
Oregon,89
Ohio,88
Victoria,83
Uttar Pradesh,78
South Holland,76
Michigan,76
Berlin,75
Istanbul,73
Zürich,72
Bangkok,71
Capital Region,70
Gujarat,66
Missouri,65
Stockholm,63
Vienna,62
Catalonia,62
Queensland,59
Flanders,58
Seoul,58
Tel Aviv,56
West Bengal,56
Wisconsin,56
Gauteng,56
Cairo,54
Jakarta,54
Punjab,53
Taipei,53
Madrid Autonomous Community,52
Ciudad de Mexico,52
Alberta,51
Gyeonggi,51
Kerala,50
Arizona,50
Prague,49
Leinster,49
Rio de Janeiro,46
Uusimaa,46
Lower Saxony,45
Minnesota,45
Ho Chi Minh City,43
Guangdong,42
Indiana,42
Utah,42
Western Australia,41
Auvergne-Rhône-Alpes,41
Lazio,41
Metro Manila,41
Tennessee,41
Mazovia,39
Dubai,38
Buenos Aires Province,38
Capital District,38
Hanoi,38
Provence-Alpes-Côte-d'Azur,37
Saint Petersburg,37
Haryana,36
Santiago Metropolitan,35
Osaka,35
Lisbon,35
Paraná,34
New Taipei,34
Alabama,34
Scotland,33
Kyiv,33
Beijing,32
Shanghai,32
Madhya Pradesh,32
Rajasthan,32
Lagos,32
Sindh,32
Saxony,31
Occitanie,31
North Brabant,31
Brussels,30
Santa Catarina,30
Hamburg,30
Calabarzon,30
Minas Gerais,29
Utrecht,29
Oslo,29
Västra Götaland,29
Connecticut,29
South Carolina,29
Valencian Community,28
West Java,28
Kanagawa,28
Mexico State,28
Lima,28
Oklahoma,28
Attica,27
Kuala Lumpur,27
Washington DC,27
Western Cape,27
Andalusia,25
Hormozgan,25
Western,25
Ankara,25
Vaud,24
Veneto,24
Gelderland,24
Lower Silesia,24
Minsk,23
Jiangsu,23
Budapest,23
Nairobi County,23
Auckland,23
Makkah,23
New Mexico,23
Tashkent,23
Antioquia,22
Hauts-de-France,21
Kansas,21
Federal District,20
Schleswig-Holstein,20
Greater Accra,20
Porto,20
Izmir,20
Taoyuan,20
Kentucky,20
Dhaka Division,19
Zhejiang,19
Giza,19
Central Luzon,19
Beograd,19
Skåne,19
Iowa,19
Nebraska,19
Ceará,18
Rio Grande do Sul,18
Shandong,18
Central Denmark,18
Nuevo León,18
Louisiana,18
New Hampshire,18
Tbilisi,17
Bihar,17
Jharkhand,17
Nizhny Novgorod,17
Tunis,17
Alexandria,16
Addis Ababa,16
Grand-Est,16
East Java,16
Andhra Pradesh,16
Saitama,16
Jalisco,16
Federal Capital Territory,16
Trøndelag,16
Province 3,16
South Australia,15
Sofia,15
Uttarākhand,15
Campania,15
Amman,15
Phnom Penh,15
Bucharest,15
Arkansas,15
Bahia,14
Banten,14
Selangor,14
Greater Poland,14
Moscow Province,14
Amanat Al Asimah,14
Sichuan,13
Tianjin,13
San José,13
Normandie,13
Emilia-Romagna,13
Astana,13
Almaty City,13
Vilnius County,13
Oyo,13
Central Visayas,13
Pomerania,13
Riyadh,13
Central,13
North Dakota,13
Rhode Island,13
Abu Dhabi,12
Baku,12
South Moravia,12
Thuringia,12
Harjumaa,12
Burgundy-Franche-Comté,12
Brittany,12
Pays-de-la-Loire,12
Odisha,12
Punjab,12
Tuscany,12
Aichi,12
Meknès-Tafilalet,12
Overijssel,12
Lesser Poland,12
Silesia,12
Sverdlovsk,12
Tatarstan,12
Pernambuco,11
Nova Scotia,11
Saskatchewan,11
Bern,11
Henan,11
Brandenburg,11
Bremen,11
Basque Country,11
Nouvelle-Aquitaine,11
Assam,11
Piedmont,11
Sicily,11
Oriental,11
Muscat,11
Amazonas,10
Rhineland-Palatinate,10
Saarland,10
Southern Denmark,10
Guatemala,10
Kwai Tsing New Territories,10
Jerusalem,10
Baghdad,10
Shizuoka,10
Fukuoka,10
Panamá,10
Novosibirsk,10
Eastern,10
Bratislava,10
Taichung,10
West Virginia,10
KwaZulu-Natal,10
Espírito Santo,9
Abidjan,9
Hubei,9
Guayas,9
Pirkanmaa,9
Wales,9
Central Macedonia,9
Zagreb,9
Munster,9
Tangier-Tétouan,9
Braga,9
Rostov,9
Dnipropetrovshchyna,9
Lvivshchyna,9
Idaho,9
Nevada,9
Manitoba,8
Thurgau,8
Jiangxi,8
Mecklenburg-Vorpommern,8
Batna,8
Galicia,8
Central Java,8
Chandigarh,8
Busan,8
Incheon,8
Luxembourg,8
Hidalgo,8
Wellington,8
Hsinchu County,8
Tainan,8
North West,8
Salzburg,7
Wallonia,7
St. Gallen,7
Ticino,7
Antofagasta,7
Fujian,7
Shanxi,7
