name,visitors
Capital District,360
Madrid Autonomous Community,331
Ciudad de Mexico,258
Antioquia,203
Catalonia,186
Buenos Aires Province,176
Lima,155
Andalusia,144
Santiago Metropolitan,121
Valencian Community,104
Mexico State,87
Nuevo León,85
Galicia,76
Jalisco,75
Valle del Cauca,55
Pichincha,50
Guatemala,48
Buenos Aires,45
Querétaro,43
Basque Country,39
Santander,37
Distrito Nacional,37
Puebla,35
Baja California,34
Castile and León,33
Capital,33
Guayas,32
Veracruz,30
Sinaloa,28
San José,27
Canary Islands,27
San Salvador,27
Risaralda,26
Lima Region,25
Santa Fe,24
Michoacán,24
Aragon,23
Castile-La Mancha,23
Chihuahua,22
Guanajuato,22
Yucatán,22
Coahuila,20
Tamaulipas,20
Panamá,19
Córdoba,18
La Paz,18
Santa Cruz,18
Atlántico,18
Extremadura,18
Balearic Islands,18
Morelos,18
Asunción,18
Cochabamba,17
Cundinamarca,17
Asturias,17
Montevideo,17
Oaxaca,16
Quintana Roo,16
Sonora,15
Bolívar,14
Havana,14
Murcia Region,14
Navarra Chartered Community,14
Texas,14
Aguascalientes,13
Managua,13
Arequipa,13
Nariño,12
Entre Ríos,11
Santo Domingo,11
Chiapas,11
Valparaíso,10
Norte de Santander,10
Francisco Morazán,10
Hidalgo,10
San Luis Potosí,10
Tabasco,10
Bío Bío,9
Tolima,9
Santiago,9
Cantabria,9
Baja California Sur,9
Carabobo,9
Salta,8
Guerrero,8
La Libertad,8
Mendoza,7
Tucumán,7
Huila,7
Magdalena,7
Tlaxcala,7
Lambayeque,7
Colorado,7
Anzoátegui,7
Chaco,6
Heredia,6
Azuay,6
Tungurahua,6
Cotopaxi,6
Cortés,6
Colima,6
Durango,6
Santa Ana,6
Bolívar,6
São Paulo,5
Los Lagos,5
La Rioja,5
Nayarit,5
Florida,5
Lara,5
Miranda,5
Zulia,5
Misiones,4
Neuquén,4
Río Negro,4
Chubut,4
Jujuy,4
Boyacá,4
Caldas,4
Meta,4
Hesse,4
Monseñor Nouel,4
Île-de-France,4
Zacatecas,4
Ancash,4
Piura,4
Alto Paraná,4
Central,4
Arizona,4
New Jersey,4
New York,4
Aragua,4
Brussels,3
Rio Grande do Sul,3
Araucanía,3
Maule,3
Cauca,3
Cesar,3
Córdoba,3
Baden-Württemberg,3
La Vega,3
Manabí,3
England,3
Bioko Norte,3
Campeche,3
Cusco,3
Michigan,3
Maldonado,3
Guárico,3
San Luis,2
San Juan,2
Catamarca,2
Tierra del Fuego,2
Santa Cruz,2
Victoria,2
Rio Grande do Norte,2
Santa Catarina,2
Los Ríos,2
Shandong,2
Dajabón,2
San Pedro de Macorís,2
Loja,2
Cairo,2
Burgundy-Franche-Comté,2
Nouvelle-Aquitaine,2
South Kalimantan,2
Campania,2
Seoul,2
Amazonas,2
Tacna,2
Beograd,2
Washington DC,2
Oregon,2
Virginia,2
Washington,2
Barinas,2
Falcón,2
Andorra la Vella,1
Luanda,1
Formosa,1
Corrientes,1
Upper Austria,1
Vienna,1
Baku,1
Sofia,1
Ceará,1
Federal District,1
Maranhão,1
Pará,1
Paraná,1
Rio de Janeiro,1
Alberta,1
British Columbia,1
Ontario,1
Quebec,1
Aargau,1
Geneva,1
Abidjan,1
Aysén,1
Antofagasta,1
Coquimbo,1
Tarapacá,1
Beijing,1
Guangdong,1
Henan,1
Hubei,1
Jiangsu,1
Shanghai,1
Amazonas,1
Putumayo,1
Quindío,1
Alajuela,1
Cartago,1
South Moravia,1
Berlin,1
Bavaria,1
Lower Saxony,1
North Rhine-Westphalia,1
Rhineland-Palatinate,1
Capital Region,1
Azua,1
Independencia,1
Santiago Rodríguez,1
Cañar,1
Chimborazo,1
El Oro,1
Los Ríos,1
Addis Ababa,1
Grand-Est,1
Occitanie,1
Central Macedonia,1
Chiquimula,1
Wan Chai Hong Kong Island,1
Yoro,1
Budapest,1
West Java,1
East Kalimantan,1
North Sumatra,1
Leinster,1
Tel Aviv,1
Delhi,1
Madhya Pradesh,1
Telangāna,1
Uttar Pradesh,1
Piedmont,1
Lombardy,1
Veneto,1
Emilia-Romagna,1
Tokyo,1
Gifu,1
Osaka,1
Bishkek,1
Meknès-Tafilalet,1
Gelderland,1
North Holland,1
Cajamarca,1
El Callao,1
Ica,1
Junín,1
Puno,1
Central Luzon,1
Calabarzon,1
Lisbon,1
Porto,1
Itapúa,1
Kursk,1
Moscow,1
Tatarstan,1
Riyadh,1
Makkah,1
Al Madinah,1
Västerbotten,1
Ljubljana,1
La Libertad,1
Bangkok,1
Nakhon Pathom,1
Ariana,1
Istanbul,1
Changhua,1
Volyn,1
Khersonshchyna,1
Alabama,1
California,1
Georgia,1
Iowa,1
Idaho,1
Illinois,1
Massachusetts,1
North Carolina,1
Ohio,1
Pennsylvania,1
Wisconsin,1
Mérida,1
Yaracuy,1
Vargas,1
