name,version,visitors
Chrome,132.0,132
Chrome,133.0,46
Firefox,135.0,33
Microsoft Edge,132.0,24
Safari,18.3,15
Opera,116.0,13
Chrome,131.0,7
Firefox,134.0,7
Chrome,109.0,4
Microsoft Edge,133.0,4
Safari,17.6,4
Safari,18.1,4
Mobile App,(not set),3
Microsoft Edge,131.0,2
Firefox,137.0,2
Safari,15.6,2
Safari,17.5,2
Microsoft Edge,110.0,1
Firefox,114.0,1
Chrome,114.0,1
Firefox,115.0,1
Chrome,123.0,1
Microsoft Edge,124.0,1
Firefox,125.0,1
Firefox,128.0,1
Chrome,128.0,1
Firefox,129.0,1
Chrome,130.0,1
Microsoft Edge,130.0,1
Mobile App,132.0,1
Firefox,133.0,1
Safari,17.4,1
Safari,18.0,1
Safari,18.2,1
Yandex Browser,24.105,1
Samsung Browser,27.0,1
Chrome,86.0,1
