name,visitors,bounce_rate,visit_duration
google.com,199,78,187
Direct / None,68,65,198
bing.com,17,92,191
python.org,13,0,913
google.pl,10,80,143
duckduckgo.com,3,50,84
teams.microsoft.com,3,100,0
android-app://com.google.android.googlequicksearchbox,2,100,0
pl.python.org,2,0,419
pl.search.yahoo.com,2,50,40
boot.dev,1,0,0
chatgpt.com,1,0,47
github.com,1,0,25
m.baidu.com,1,100,0
programiz.com,1,0,1212
qwant.com,1,100,0
r.search.yahoo.com/_ylt=Awr.QPebxKlnbAIAvbP0X4pQ;_ylu=Y29sbwNpcjIEcG9zAzIEdnRpZAMEc2VjA3Ny/RV=2/RE=1740388764/RO=10/RU=https%3a%2f%2fdocs.python.org%2fpl%2fdev%2flibrary%2fturtle.html/RK=2/RS=YUq8iAuow_EKCv5mZhJL9AdsOgU-,1,100,0
search.brave.com,1,0,16
statics.teams.cdn.office.net,1,100,0
web.telegram.org,1,0,58
