name,visitors
France,2985
Morocco,126
Singapore,112
Tunisia,110
Belgium,91
Canada,70
Algeria,60
Switzerland,46
Côte d'Ivoire,43
China,41
Madagascar,31
United States,28
Senegal,26
Cameroon,24
Germany,24
"Congo, The Democratic Republic of the",23
United Kingdom,21
Togo,21
Benin,15
Réunion,13
Burkina Faso,12
Saudi Arabia,11
Netherlands,7
Spain,6
Guinea,6
Guadeloupe,6
Mali,6
Niger,6
Vietnam,6
Colombia,5
Italy,5
Martinique,5
Congo,4
Haiti,4
French Polynesia,4
Australia,3
Burundi,3
Djibouti,3
Gabon,3
South Korea,3
Luxembourg,3
Mexico,3
United Arab Emirates,2
Angola,2
Austria,2
Azerbaijan,2
Ghana,2
Greece,2
Hungary,2
Indonesia,2
Latvia,2
Mauritania,2
Nigeria,2
Portugal,2
Romania,2
Slovakia,2
Thailand,2
Taiwan,2
Andorra,1
Albania,1
Armenia,1
Brazil,1
Costa Rica,1
Denmark,1
Egypt,1
Finland,1
Hong Kong,1
Ireland,1
Israel,1
India,1
Japan,1
New Caledonia,1
Nepal,1
Philippines,1
Poland,1
Qatar,1
Sweden,1
Chad,1
