property,value,visitors,events,percentage
url,(none),4065,6387,99.7
url,https://www.python.org/,45,47,1.1
url,https://www.python.org/downloads/,9,9,0.2
url,https://github.com/python/cpython/tree/3.14/Lib/turtle.py,6,6,0.1
url,https://docs.python.org/fr/3.14/archives/python-3.14-docs-html.zip,5,5,0.1
url,https://github.com/python/cpython/tree/3.14/Lib/idlelib/,5,5,0.1
url,https://github.com/python/cpython/tree/3.14/Lib/tkinter/__init__.py,4,4,0.1
url,https://www.tcl.tk/man/tcl8.6/TkCmd/contents.htm,4,5,0.1
url,https://www.tkdocs.com/,3,4,0.1
url,https://apps.microsoft.com/detail/9NQ7512CXL7T,2,2,0.0
url,https://en.wikipedia.org/wiki/Leap_second,2,2,0.0
url,https://en.wikipedia.org/wiki/Turtle_(robot),2,2,0.0
url,https://fr.wikipedia.org/wiki/Suite_de_Fibonacci,2,2,0.0
url,https://github.com/python/cpython/blob/main/Doc/tutorial/appetite.rst?plain=1,2,2,0.0
url,https://github.com/python/cpython/tree/3.14/Lib/json/__init__.py,2,2,0.0
url,https://github.com/python/cpython/tree/3.14/Lib/random.py,2,2,0.0
url,https://github.com/python/cpython/tree/3.14/Lib/urllib/,2,2,0.0
url,https://packaging.python.org/en/latest/tutorials/packaging-projects/,2,2,0.0
url,https://www.tkdocs.com/shipman/,2,2,0.0
url,https://core.tcl.tk/tips/doc/trunk/tip/48.md,1,1,0.0
url,https://datatracker.ietf.org/doc/html/rfc2616.html#section-5.1.2,1,1,0.0
url,https://datatracker.ietf.org/doc/html/rfc7159.html,1,1,0.0
url,https://datatracker.ietf.org/doc/html/rfc9562.html,1,1,0.0
url,https://devguide.python.org/,1,1,0.0
url,https://devguide.python.org/documentation/start-documenting/#building-the-documentation,1,1,0.0
url,https://docs.pytest.org/,1,1,0.0
url,https://docs.python.org/fr/3.14/archives/python-3.14-docs-texinfo.zip,1,1,0.0
url,https://docs.python.org/fr/3.14/archives/python-3.14-docs-text.zip,1,1,0.0
url,https://docs.python.org/fr/3/archives/python-3.14-docs-html.zip,1,1,0.0
url,https://docs.python.org/fr/3/archives/python-3.14-docs-text.zip,1,1,0.0
url,https://docs.python.org/fr/3/archives/python-3.14-docs.epub,1,1,0.0
url,https://en.wikipedia.org/wiki/Extended_Backus%E2%80%93Naur_form,1,1,0.0
url,https://github.com/python/cpython/blob/main/Doc/library/html.parser.rst?plain=1,1,1,0.0
url,https://github.com/python/cpython/blob/main/Doc/tutorial/appendix.rst?plain=1,1,1,0.0
url,https://github.com/python/cpython/blob/main/Doc/tutorial/index.rst?plain=1,1,1,0.0
url,https://github.com/python/cpython/issues/133197,1,1,0.0
url,https://github.com/python/cpython/tree/3.14/Lib/copy.py,1,1,0.0
url,https://github.com/python/cpython/tree/3.14/Lib/datetime.py,1,1,0.0
url,https://github.com/python/cpython/tree/3.14/Lib/keyword.py,1,1,0.0
url,https://github.com/python/cpython/tree/3.14/Lib/signal.py,1,1,0.0
url,https://github.com/python/cpython/tree/3.14/Lib/tkinter/font.py,1,1,0.0
url,https://github.com/python/cpython/tree/3.14/Objects/exceptions.c,1,1,0.0
url,https://mathworld.wolfram.com/BinomialDistribution.html,1,1,0.0
url,https://packaging.python.org/en/latest/tutorials/installing-packages/#ensure-pip-setuptools-and-wheel-are-up-to-date,1,1,0.0
url,https://packaging.python.org/installing/#requirements-for-installing-packages,1,1,0.0
url,https://peps.python.org/,1,1,0.0
url,https://peps.python.org/pep-0567/,1,1,0.0
url,https://peps.python.org/pep-0745/,1,1,0.0
url,https://pypi.org/,1,1,0.0
url,https://pypi.org/project/DateType/,1,1,0.0
url,https://pypi.org/project/tzdata/,1,1,0.0
url,https://requests.readthedocs.io/en/master/,1,1,0.0
url,https://tkdocs.com/book.html,1,1,0.0
url,https://wiki.python.org/moin/BeginnersGuide,1,1,0.0
url,https://www.amazon.com/exec/obidos/ASIN/032133633X,1,1,0.0
url,https://www.debian.org/doc/manuals/maint-guide/first.fr.html,1,1,0.0
url,https://www.python.org/doc/versions/,1,1,0.0
url,https://www.python.org/downloads/android/,1,1,0.0
url,https://www.python.org/psf/donations/,1,1,0.0
url,https://www.unicode.org/,1,1,0.0
url,https://www.unicode.org/versions/Unicode15.1.0/ch03.pdf,1,2,0.0
url,https://www.zlib.net/,1,1,0.0
