property,value,visitors,events,percentage
url,(none),1644,2745,99.8
url,https://www.python.org/,25,26,1.5
url,https://tkdocs.com/,6,6,0.4
url,https://pypi.org/,4,4,0.2
url,https://peps.python.org/pep-0008/,3,3,0.2
url,https://wiki.python.org/moin/BeginnersGuide,3,3,0.2
url,https://github.com/python/cpython/blob/main/Doc/tutorial/controlflow.rst,2,2,0.1
url,https://packaging.python.org/pt-br/latest/guides/installing-using-pip-and-virtual-environments/#create-and-use-virtual-environments,2,2,0.1
url,https://www.tcl.tk/man/tcl8.6/TkCmd/contents.htm,2,2,0.1
url,https://beeware.org/,1,1,0.1
url,https://brew.sh/,1,1,0.1
url,https://code.activestate.com/recipes/langs/python/,1,2,0.1
url,https://devguide.python.org/,1,1,0.1
url,https://github.com/python/cpython/blob/main/Doc/library/intro.rst,1,1,0.1
url,https://github.com/python/cpython/tree/3.13/Lib/csv.py,1,1,0.1
url,https://github.com/python/cpython/tree/3.13/Lib/dataclasses.py,1,1,0.1
url,https://github.com/python/cpython/tree/3.13/Lib/idlelib,1,2,0.1
url,https://github.com/python/cpython/tree/3.13/Lib/operator.py,1,1,0.1
url,https://github.com/python/cpython/tree/3.13/Lib/tkinter/__init__.py,1,1,0.1
url,https://peps.python.org/pep-0397/,1,1,0.1
url,https://peps.python.org/pep-0719/,1,1,0.1
url,https://peps.python.org/pep-0744/,1,1,0.1
url,https://pt.wikipedia.org/wiki/Fun%C3%A7%C3%A3o_densidade,1,1,0.1
url,https://pt.wikipedia.org/wiki/Sequ%C3%AAncia_de_Fibonacci,1,1,0.1
url,https://pypi.org/project/Exscript/,1,1,0.1
url,https://pypi.org/project/telnetlib3/,1,1,0.1
url,https://pyvideo.org/,1,1,0.1
url,https://scipy.org/,1,1,0.1
url,https://tiswww.case.edu/php/chet/readline/rltop.html,1,1,0.1
url,https://webassembly.org/,1,1,0.1
url,https://www.python.org/doc/versions/,1,1,0.1
url,https://www.python.org/downloads/,1,1,0.1
url,https://www.python.org/downloads/macos/,1,1,0.1
url,https://www.sphinx-doc.org/pt_BR/master,1,1,0.1
url,https://www.sqlite.org/,1,1,0.1
url,https://www.tkdocs.com/shipman/',1,1,0.1
