name,visitors
Hyderabad,8638
Bengaluru,8042
Chennai,6547
Mumbai,5933
Pune,5271
Tokyo,4192
New Delhi,4169
Singapore,3234
Kolkata,3002
Guangzhou,2608
Shanghai,2584
Beijing,2563
Delhi,2522
Ho Chi Minh City,2390
Hanoi,2116
Istanbul,2040
São Paulo,1974
Hong Kong,1969
Bangkok,1956
Moscow,1863
Los Angeles,1814
Coimbatore,1777
Ahmedabad,1731
Cairo,1656
Lucknow,1595
Bogotá,1586
Shenzhen,1580
Chengdu,1553
Frankfurt am Main,1513
Lima,1496
Amsterdam,1477
Jaipur,1454
Lahore,1426
Taipei,1407
Paris,1397
Nairobi,1372
London,1349
New York City,1337
Jakarta,1328
Sydney,1312
Karachi,1289
Bhopāl,1230
Kuala Lumpur,1229
Warsaw,1222
Chicago,1221
Hangzhou,1205
Cochin,1196
Lagos,1117
Seoul,1067
Toronto,1066
Tashkent,1053
Madrid,1029
Colombo,999
Melbourne,995
Wuhan,987
Riyadh,977
Dhaka,970
San Jose,947
Patna,936
Osaka,931
Surat,905
Tehran,872
Kathmandu,854
Johannesburg,823
Xi’an,814
Vijayawada,813
Chandīgarh,810
Madurai,809
Ashburn,802
Milan,800
Nagpur,796
Rio de Janeiro,778
Dubai,770
Salem,770
Gurgaon,754
Nanjing,752
Munich,737
Islamabad,732
Indore,730
Tel Aviv,704
Dublin,698
Ankara,691
Saint Petersburg,687
Bhubaneshwar,680
Berlin,677
Changsha,673
N/A,671
Guwahati,661
Kyiv,656
Vienna,655
Brisbane,645
Quezon City,644
Accra,643
N/A,633
Zhengzhou,619
Seattle,606
Santiago,605
Casablanca,602
Raipur,594
Atlanta,590
Dallas,584
Medellín,581
Guatemala City,562
Jeddah,561
Visakhapatnam,551
Dehra Dūn,546
Rome,544
Chongqing,541
Taichung,532
Prague,527
Montréal,522
Surabaya,508
Addis Ababa,507
Houston,503
Brasília,498
Abuja,489
Kanpur,483
N/A,483
Baku,479
Reston,458
Suzhou,454
Amman,453
Miami,451
Noida,448
Manchester,447
Ludhiāna,446
Bandung,446
Zürich,445
Phnom Penh,443
Helsinki,441
Faisalabad,441
Lisbon,436
Barcelona,436
Qingdao,432
Tianjin,430
Belo Horizonte,420
Thrissur,418
Fuzhou,418
Jinan,416
Agra,415
Allahābād,413
Auckland,413
Budapest,412
Bucharest,409
Stockholm,397
Athens,393
Baghdad,390
Quito,383
Rawalpindi,378
Tunis,378
Suwon,374
Guayaquil,374
Vadodara,370
Cape Town,366
Seongnam-si,360
Thiruvananthapuram,358
Nashik,358
Hamburg,358
Petaling Jaya,356
Dongguan,355
Manila,349
İzmir,347
Krasnodar,345
Perth,344
Minsk,343
Brussels,342
Curitiba,342
San José,339
Sanaa,328
Phoenix,328
Ghāziābād,325
Nanning,317
Montevideo,317
Belgrade,315
Giza,314
Muzaffarpur,314
Ranchi,310
Faridabad,308
Austin,307
Kampala,306
Mexico City,306
Abu Dhabi,304
Almaty,304
Denver,303
Kaohsiung,301
Rājkot,299
Zibo,294
Buenos Aires,294
San Francisco,294
Varanasi,291
Hefei,290
Aurangabad,289
Thāne,286
Brooklyn,284
Nanchang,283
Nagoya,283
Santo Domingo,282
Alexandria,281
Pretoria,280
Boston,280
Sofia,276
Guiyang,276
Shijiazhuang,273
San Diego,271
Mangalagiri,269
Yekaterinburg,268
Abidjan,268
Philadelphia,266
Fortaleza,264
Multan,263
Karnāl,261
Wuhu,257
Calgary,257
Dammam,247
Luoyang,247
N/A,245
Düsseldorf,245
Santa Clara,244
N/A,243
Salvador,242
Boardman,242
Novosibirsk,236
Wuxi,235
Caracas,234
Panamá,234
Bursa,233
Portland,233
Yokohama,232
San Salvador,232
Washington,232
Solāpur,231
Doha,230
Ibadan,228
Samara,227
Nur-Sultan,226
Naaldwijk,226
Stuttgart,226
N/A,226
Riga,225
Vancouver,225
Jodhpur,223
Incheon,223
Las Vegas,223
Taoyuan,222
Baoding,222
Porto Alegre,221
Rostov-na-Donu,219
Medan,219
Poznań,219
Antananarivo,218
Ningbo,218
Köln,218
Da Nang,217
Hsinchu,217
N/A,215
Dakar,212
Queens,212
Bogor,210
Campinas,210
Columbus,210
Minneapolis,210
Arequipa,209
San Antonio,209
Adelaide,208
Nürnberg,208
Cali,208
N/A,207
Luanda,207
Davao,206
Foshan,205
Wrocław,205
Washington,205
Tbilisi,204
N/A,204
Haarlem,202
Marseille,202
Kuwait City,200
Vilnius,200
N/A,200
Xiamen,199
Algiers,199
Goyang-si,198
Kraków,198
Kinshasa,196
Daejeon,194
N/A,194
Udaipur,193
Orlando,193
Kunming,191
Yerevan,190
Jamshedpur,190
Harare,189
Durgapur,188
Bishkek,188
Salt Lake City,188
Kozhikode,187
Chelyabinsk,187
Wenzhou,186
Charlotte,185
Nizhniy Novgorod,184
