name,unique_exits,total_exits,exit_rate
/downloads/,171546,181980,52.5
/,80793,83766,47.8
/downloads/windows/,52276,54639,62.5
/downloads/release/python-3135/,45982,47372,49.2
/about/gettingstarted/,7030,7267,59.3
/downloads/macos/,6362,6594,53.6
/search/,4362,4488,30.1
/doc/,4159,4324,50.1
/downloads/release/python-3100/,4136,4284,62.6
/downloads/release/python-3110/,3712,3877,62.6
/downloads/release/python-3120/,2921,3011,55.7
/downloads/release/python-3119/,2860,2964,73.8
/downloads/source/,2276,2335,42.7
/downloads/release/python-31011/,2119,2199,68.9
/downloads/release/python-31113/,1920,1964,25.4
/downloads/release/python-3106/,1771,1868,71.3
/psf-landing/,1720,1746,31.4
/downloads/release/pymanager-250b11/,1623,1651,46.2
/downloads/release/python-3130/,1507,1540,58.7
/downloads/release/python-31210/,1506,1564,68.4
/downloads/release/python-31211/,1413,1455,28.8
/downloads/release/python-390/,1349,1395,53.0
/about/,1283,1334,31.0
/downloads/release/python-31018/,1242,1262,26.6
/download/other/,1191,1227,42.2
/jobs/,1127,1158,38.7
/downloads/release/python-3810/,1088,1125,69.2
/downloads/release/python-3133/,1073,1101,55.7
/downloads/release/python-3109/,974,1020,69.2
/community/,919,934,37.4
/downloads/release/python-380/,899,923,57.3
/doc/versions/,847,866,69.8
/about/apps/,820,840,49.9
/downloads/release/python-3913/,784,799,68.3
/downloads/release/python-3124/,773,792,58.3
/shell/,725,755,69.9
/getit/,723,738,57.0
/downloads/release/python-3140b4/,699,725,27.0
/downloads/release/python-2718/,685,708,74.8
/downloads/release/python-3132/,665,677,57.0
/downloads/release/python-370/,636,650,53.3
/downloads/release/python-3123/,632,658,59.3
/downloads/release/python-31010/,514,526,63.1
/downloads/release/python-31013/,500,518,29.5
/downloads/release/python-3118/,497,519,65.9
/downloads/release/python-3923/,489,498,26.1
/downloads/release/python-3134/,442,450,51.7
/download/pre-releases/,419,423,21.2
/downloads/release/python-3820/,415,423,29.9
/downloads/release/python-3128/,406,418,61.4
/downloads/release/python-3129/,381,397,63.4
/downloads/release/python-31012/,352,363,32.8
/downloads/release/python-379/,340,347,56.1
/download/releases/,325,328,18.1
/downloads/release/python-3114/,319,324,55.1
/downloads/release/python-3127/,314,327,64.0
/blogs/,311,325,37.4
/downloads/release/python-3117/,304,316,69.3
/downloads/release/python-377/,284,287,43.2
/downloads/release/python-3922/,284,288,28.0
/downloads/release/python-31112/,274,278,25.2
/events/,259,264,46.5
/downloads/release/python-3116/,253,261,66.2
/community/logos/,252,262,51.1
/downloads/release/python-31111/,250,254,28.7
/downloads/release/python-3125/,243,248,54.4
/download/releases/2.7/,240,244,54.6
/downloads/release/python-3126/,235,239,58.3
/downloads/release/python-368/,230,244,58.4
/downloads/release/python-3115/,229,233,62.6
/doc/essays/blurb/,228,237,78.5
/downloads/release/python-3131/,210,217,53.2
/downloads/release/python-360/,202,206,46.8
/downloads/release/python-31017/,200,201,23.8
/downloads/release/python-3717/,186,189,29.0
/downloads/release/python-3105/,183,185,63.4
/downloads/release/python-3111/,180,182,56.9
/downloads/release/python-3104/,177,180,58.8
/downloads/release/python-31110/,176,185,26.8
/success-stories/,174,175,28.5
/downloads/release/python-3122/,163,168,57.9
/downloads/release/python-3121/,158,159,47.0
/downloads/release/python-3112/,155,161,64.9
/downloads/release/python-386/,152,156,53.6
/getit/windows/,150,152,53.9
/downloads/release/python-388/,148,153,59.3
/downloads/release/python-3108/,144,148,58.0
/downloads/release/python-396/,144,148,59.0
/download,143,144,33.8
/downloads/release/python-372/,139,141,41.8
/downloads/release/python-31015/,134,134,25.7
/downloads/release/python-3113/,131,133,57.6
/doc/av/,126,131,49.8
/downloads/release/python-31016/,124,126,22.5
/downloads/release/python-397/,123,138,73.4
/downloads/release/python-385/,121,123,48.2
/download/alternatives/,119,122,45.4
/downloads/release/python-399/,119,125,65.4
/downloads/release/python-2716/,117,118,62.4
/downloads/release/python-3102/,115,124,61.1
