name,visitors
Maharashtra,14122
Tamil Nadu,11154
Karnataka,8865
Telangāna,8705
England,7432
California,6900
Delhi,6726
Tokyo,6099
Guangdong,5225
Uttar Pradesh,4782
São Paulo,4465
Seoul,4133
Gujarat,3847
Texas,3778
West Bengal,3580
Punjab,3371
Kerala,3067
New York,2830
Shanghai,2630
Beijing,2612
Gyeonggi,2545
Virginia,2528
Ho Chi Minh City,2520
Ontario,2506
Andhra Pradesh,2494
Île-de-France,2431
Hesse,2180
Istanbul,2162
Madhya Pradesh,2156
Hanoi,2132
Florida,2122
Bangkok,2104
Rajasthan,2092
Zhejiang,2084
North Rhine-Westphalia,1982
Moscow,1951
Haryana,1935
Illinois,1928
North Holland,1904
Bihar,1884
Jiangsu,1871
Cairo,1748
Shandong,1738
Bavaria,1720
Metro Manila,1663
Sichuan,1641
Capital District,1634
Jakarta,1583
Buenos Aires Province,1579
Lima,1499
Sindh,1448
Taipei,1431
Washington,1428
Georgia,1405
Nairobi County,1396
New South Wales,1390
Osaka,1388
Gauteng,1368
Mazovia,1366
Madrid Autonomous Community,1325
Lombardy,1282
Minas Gerais,1260
Kuala Lumpur,1252
Henan,1236
Baden-Württemberg,1233
Rio de Janeiro,1215
New Jersey,1215
Punjab,1190
Western,1180
West Java,1156
Ciudad de Mexico,1142
Lagos,1142
Hubei,1106
Tashkent,1071
Dhaka Division,1065
Massachusetts,1057
Odisha,1051
Victoria,1022
Quebec,1021
Pennsylvania,988
Riyadh,979
Hormozgan,942
Kanagawa,941
Province 3,935
North Carolina,935
East Java,914
Ohio,910
Hunan,896
Santiago Metropolitan,887
Shaanxi,884
Tel Aviv,868
Catalonia,867
Fujian,841
Selangor,839
Michigan,839
Maryland,821
Paraná,818
Ankara,815
Chandigarh,810
Oregon,810
New Taipei,808
Hebei,805
Queensland,798
Dubai,770
Uttarākhand,744
Leinster,742
Islamabad,732
Saint Petersburg,730
Colorado,727
Arizona,716
South Holland,687
Assam,684
Makkah,683
Rio Grande do Sul,681
Berlin,677
Kyiv,677
British Columbia,669
Anhui,663
Vienna,659
Antioquia,658
Meknès-Tafilalet,655
Mexico State,651
Incheon,650
Greater Accra,644
Santa Catarina,623
Chhattīsgarh,619
Lazio,600
Aichi,593
Guatemala,581
Bahia,562
Auvergne-Rhône-Alpes,557
Zürich,549
Lisbon,547
Chongqing,541
Taichung,541
Lower Saxony,536
Uusimaa,529
Stockholm,528
Prague,527
Jharkhand,527
Addis Ababa,516
Busan,516
Calabarzon,513
Federal District,504
Jiangxi,500
Provence-Alpes-Côte-d'Azur,493
Daejeon,491
Federal Capital Territory,491
Minnesota,486
Alberta,484
Baku,481
Andalusia,472
Krasnodar Krai,467
Tennessee,466
Central Java,463
Saitama,460
Saxony,456
Attica,456
Amman,453
Ceará,452
Pernambuco,449
Phnom Penh,443
Valencian Community,442
Indiana,441
Utah,438
Missouri,433
Tianjin,430
Daegu,427
Auckland,424
Western Cape,418
Bucharest,417
Budapest,412
Pichincha,405
Chiba,401
Izmir,401
Moscow Province,397
Tunis,395
Guayas,394
Baghdad,392
Flanders,391
Taoyuan,388
Jalisco,383
Central Luzon,376
Guangxi,374
Veneto,371
Gwangju City,369
Occitanie,367
Liaoning,362
Brussels,361
Guizhou,358
Hamburg,358
Wisconsin,355
Western Australia,354
Scotland,353
Goiás,351
San José,351
Minsk,349
Giza,349
South Gyeongsang,347
Nuevo León,347
Grand-Est,341
Sverdlovsk,339
Abu Dhabi,337
Campania,332
Emilia-Romagna,329
Amanat Al Asimah,328
Beograd,319
Amazonas,318
Montevideo,318
Kaohsiung,315
South Chungcheong,314
Nevada,311
South Carolina,311
Central,310
Eastern,306
Almaty City,305
Rostov,303
Buenos Aires,302
Capital Region,296
Lesser Poland,295
Iowa,294
Tatarstan,292
Alabama,290
Hyogo,286
Alexandria,285
Distrito Nacional,284
Rhineland-Palatinate,281
Connecticut,279
Shanxi,277
Sofia,276
Valle del Cauca,276
Greater Poland,275
Hauts-de-France,274
Silesia,272
Oriental,270
Samara,270
Khyber Pakhtunkhwa,269
Abidjan,268
Oklahoma,265
Nouvelle-Aquitaine,263
Central,262
Lower Silesia,261
Algiers,259
Himachal Pradesh,258
North Gyeongsang,258
Chelyabinsk,257
Novosibirsk,257
Kowloon City Kowloon,256
Lima Region,256
Kentucky,252
Hokkaido,251
Banten,248
Fukuoka,248
Kwai Tsing New Territories,246
Córdoba,240
San Salvador,239
Bursa,238
Capital,238
Washington DC,236
Piedmont,235
Puebla,234
Panamá,234
Central Visayas,234
Porto,232
Yunnan,231
Doha,230
Dnipropetrovshchyna,230
Oyo,228
Astana,226
North Brabant,226
Riga,225
Nizhny Novgorod,224
Tuscany,222
North Sumatra,221
Espírito Santo,219
North Chungcheong,219
Hsinchu County,217
Da Nang,217
Paraíba,215
Muscat,214
Dakar,212
South Australia,211
Goa,211
Pomerania,211
Kansas,211
Arequipa,209
Luanda,208
Davao,208
Bashkortostan,206
Arkansas,206
Utrecht,205
Tbilisi,204
Ibaraki,203
Gansu,202
Al Asimah,202
Vilnius County,201
Chon Buri,200
KwaZulu-Natal,199
Kinshasa,196
Schleswig-Holstein,195
