name,visitors
United States,35182
India,16924
Germany,9836
United Kingdom,8692
Russian Federation,7632
China,7234
France,4670
Brazil,4584
Canada,3789
Australia,3111
Netherlands,2989
Poland,2812
Singapore,2354
Japan,2257
Spain,2088
Hong Kong,1900
Switzerland,1850
Italy,1731
Mexico,1663
Sweden,1646
Taiwan,1539
South Korea,1455
Vietnam,1259
Israel,1253
Ukraine,1218
Indonesia,1172
Turkey,1124
Austria,1103
Finland,1090
Pakistan,1089
Philippines,982
Argentina,979
Colombia,967
Czechia,957
Belgium,949
Iran,804
Denmark,796
Ireland,740
Nigeria,722
Egypt,705
South Africa,696
Portugal,665
Norway,656
Chile,643
Romania,601
New Zealand,564
Bangladesh,545
Hungary,536
Malaysia,536
Thailand,527
Peru,423
Greece,373
Kenya,360
Saudi Arabia,350
Bulgaria,341
Morocco,336
United Arab Emirates,332
Belarus,299
Serbia,288
Nepal,274
Kazakhstan,263
Slovakia,249
Lithuania,240
Algeria,209
Uzbekistan,206
Sri Lanka,188
Ghana,186
Ethiopia,175
Croatia,167
Latvia,164
Armenia,160
Estonia,154
Venezuela,154
Slovenia,151
Iraq,150
Georgia,144
Tunisia,136
Costa Rica,129
Bolivia,122
Ecuador,120
Dominican Republic,108
Luxembourg,104
Uruguay,103
Cyprus,102
Jordan,98
Azerbaijan,96
Bhutan,96
Côte d'Ivoire,90
Cambodia,88
Cameroon,81
Guatemala,77
Myanmar,76
Moldova,70
Lebanon,69
Tanzania,67
Paraguay,66
Qatar,65
Seychelles,65
El Salvador,62
Yemen,56
Iceland,55
Puerto Rico,53
Uganda,53
Panama,52
Senegal,52
Cuba,46
Kyrgyzstan,46
Rwanda,46
Mauritius,44
Benin,42
"Palestine, State of",42
Bosnia and Herzegovina,41
Zambia,39
"Congo, The Democratic Republic of the",38
Kuwait,36
Oman,36
Madagascar,35
Honduras,32
Albania,30
Bahrain,30
North Macedonia,30
Togo,28
Jamaica,27
Malta,27
Réunion,27
Angola,26
Macao,26
Libya,25
Malawi,24
Nicaragua,24
Zimbabwe,24
Afghanistan,22
Burkina Faso,22
Kosovo,22
Mongolia,21
Mozambique,20
Syria,20
Tajikistan,20
Botswana,19
Trinidad and Tobago,19
Gambia,17
Sudan,17
Montenegro,16
Namibia,14
Somalia,12
Andorra,11
Liberia,11
Mali,10
Niger,10
Sierra Leone,9
Bermuda,8
Barbados,7
Congo,7
Martinique,7
Maldives,7
New Caledonia,7
Fiji,6
Guinea,6
Guadeloupe,6
Liechtenstein,6
Burundi,5
Gibraltar,5
Laos,5
Papua New Guinea,5
Suriname,5
Chad,5
Saint Vincent and the Grenadines,5
Djibouti,4
Isle of Man,4
Mauritania,4
French Polynesia,4
South Sudan,4
Eswatini,4
Antigua and Barbuda,3
Aruba,3
Brunei Darussalam,3
Guernsey,3
Guyana,3
Jersey,3
San Marino,3
Timor-Leste,3
Mayotte,3
Belize,2
Gabon,2
Guam,2
Cayman Islands,2
Saint Lucia,2
Lesotho,2
Åland Islands,1
Central African Republic,1
Cabo Verde,1
Curaçao,1
Dominica,1
Eritrea,1
Faroe Islands,1
Grenada,1
Guinea-Bissau,1
Haiti,1
Comoros,1
Monaco,1
Turks and Caicos Islands,1
United States Minor Outlying Islands,1
