name,unique_exits,total_exits,exit_rate
/3/,8094,8329,
/3/library/venv.html,6337,6478,
/3/library/functions.html,6063,6270,
/3/library/stdtypes.html,5843,6134,
/3/library/datetime.html,4614,4763,
/3/tutorial/index.html,4185,4334,
/3/library/re.html,3217,3335,
/3/library/typing.html,3087,3158,
/3/tutorial/datastructures.html,2865,2986,
/3/tutorial/,2680,2988,
/3/library/tkinter.html,2525,2600,
/3/library/index.html,2392,2464,
/3/library/idle.html,2361,2395,
/3/library/logging.html,2317,2396,
/3/library/argparse.html,2301,2384,
/3/library/csv.html,2293,2378,
/3/library/pathlib.html,2196,2263,
/3/library/turtle.html,2066,2249,
/3/search.html,1987,2038,
/3/library/random.html,1981,2026,
/3/tutorial/controlflow.html,1967,2086,
/3/library/subprocess.html,1891,1959,
/3/library/os.html,1749,1778,
/3/library/exceptions.html,1720,1772,
/3/library/dataclasses.html,1717,1779,
/3/tutorial/errors.html,1690,1739,
/3/library/collections.html,1586,1632,
/3/tutorial/classes.html,1545,1595,
/3/library/multiprocessing.html,1524,1604,
/3/library/math.html,1499,1542,
/3/tutorial/introduction.html,1453,1517,
/3/library/json.html,1435,1461,
/3/library/itertools.html,1364,1407,
/3/library/asyncio-task.html,1349,1409,
/3/library/unittest.mock.html,1321,1392,
/3/library/unittest.html,1270,1315,
/3/library/time.html,1208,1226,
/3/library/threading.html,1193,1228,
/3/library/enum.html,1162,1176,
/3/library/os.path.html,1144,1157,
/3/tutorial/inputoutput.html,1138,1173,
/3/library/string.html,1131,1149,
/3/library/sqlite3.html,1087,1123,
/3/library/functools.html,1069,1083,
/3/tutorial/interpreter.html,1056,1070,
/3/tutorial/modules.html,1025,1047,
/3/library/concurrent.futures.html,1015,1045,
/3/reference/datamodel.html,1011,1041,
/3/library/xml.etree.elementtree.html,966,1030,
/3/library/asyncio.html,943,959,
/3/tutorial/venv.html,914,934,
/3/glossary.html,892,904,
/3/using/windows.html,882,898,
/3/howto/logging.html,852,879,
/3/whatsnew/3.13.html,804,823,
/3/library/socket.html,801,850,
/3/library/pickle.html,787,805,
/3/library/heapq.html,785,805,
/3/library/sys.html,734,750,
/3/installing/index.html,718,722,
/3/library/pdb.html,698,714,
/3/library/struct.html,696,733,
/3/library/tempfile.html,693,709,
/3/library/shutil.html,687,699,
/3/howto/sorting.html,662,674,
/3/library/io.html,595,615,
/3/tutorial/appetite.html,586,595,
/3/using/mac.html,585,590,
/3/py-modindex.html,559,579,
/3/reference/expressions.html,557,586,
/3/library/abc.html,550,560,
/3/howto/regex.html,546,566,
/3/library/urllib.parse.html,542,553,
/3/library/zipfile.html,527,541,
/3/library/hashlib.html,515,527,
/3/library/copy.html,506,513,
/3/reference/index.html,499,507,
/3/library/contextlib.html,487,492,
/3/reference/lexical_analysis.html,473,488,
/3/using/cmdline.html,471,478,
/3/library/configparser.html,464,478,
/3/reference/import.html,456,462,
/3/library/pprint.html,442,446,
/3/reference/compound_stmts.html,432,443,
/es/3/tutorial/,429,447,
/3/library/queue.html,428,435,
/3/library/,416,437,
/3/library/ast.html,413,421,
/3/library/asyncio-eventloop.html,406,408,
/3/library/http.server.html,406,414,
/3/library/operator.html,402,411,
/3/library/uuid.html,400,406,
/3/library/glob.html,392,399,
/3/library/profile.html,376,385,
/3/library/decimal.html,364,378,
/zh-cn/3/tutorial/index.html,363,369,
/3/download.html,362,369,
/3/howto/argparse.html,361,362,
/3/library/ctypes.html,355,372,
/3/library/smtplib.html,344,353,
