name,visitors,bounce_rate,visit_duration
chatgpt.com,1477,66,139
enki,302,82,70
Exinfluencer,185,92,23
substack,61,92,10
perplexity,57,75,75
dataleadsfuture.com,44,60,186
drip,44,83,45
nicholashairs.com,43,59,241
zalo,29,77,37
hackernoon.com,26,73,150
insider.mathspp.com,23,96,1
yandex,22,23,87
post_page-----3d988c0fe87d--------------------------------,19,84,12
codeur-com-blog,17,75,17
post_page-----0a673265cf04--------------------------------,17,41,278
trap.jp,17,65,64
blog.teclado.com,15,80,171
mostlypython.com,12,83,24
nelson.cloud,12,75,40
post_page-----163444fa5458--------------------------------,10,83,199
blog.formacao.dev,9,91,20
chaosgenius.io,9,100,0
guptaakashdeep.com,8,100,0
yandex-direct,8,12,144
antonio-one.dev,7,57,194
morioh.com,7,86,59
pocket_reader,7,88,208
bambooweekly.com,6,100,0
blog.streamlit.io,6,83,268
bluebirz.net,6,100,0
devbull.xyz,6,83,70
elbrusboot.camp,6,33,82
post_page-----5c84a5a0bfc3--------------------------------,6,83,98
zohaib.me,6,83,231
blog.gitguardian.com,4,75,192
dev-to,4,50,661
hackr.io,4,100,0
masaischool.com,4,75,12
packetcoders.io,4,100,0
pocket_shared,4,67,247
post_page-----73e875516694----------------------,4,50,76
testingpai.com,4,40,17
www.pythonsnacks.com,4,100,0
DonanimHaber,3,33,34
panty.run,3,100,0
pocket_saves,3,67,9
post_page---------------------------,3,100,0
post_page-----50fa1591d517--------------------------------,3,67,23
post_page-----8b619529458f--------------------------------,3,100,0
post_page-----a96f4ab728d1--------------------------------,3,33,279
post_page-----b546f7d183bb--------------------------------,3,67,125
post_page-----e380711ec3e9--------------------------------,3,67,0
surdarla.com,3,67,184
the new stack,3,100,39
12_16_sharecard_a,2,0,201
arecadata.com,2,50,145
blog.phylum.io,2,100,0
codingdodo.com,2,50,122
datagrads.com,2,100,0
dojo_organico,2,50,9
notdefined.tech,2,50,664
pocket_list,2,67,72
post_page-----1b88db0c1473--------------------------------,2,50,104
post_page-----1bd809916130--------------------------------,2,100,0
post_page-----288041ef4032--------------------------------,2,100,0
post_page-----2eb2a27523a3--------------------------------,2,100,0
post_page-----48f8bc6077f7--------------------------------,2,100,0
post_page-----51ca1b82166b--------------------------------,2,50,0
post_page-----629d8adbe787--------------------------------,2,100,0
post_page-----8245bd048fa--------------------------------,2,100,0
post_page-----834d6c70cf54----------------------,2,100,0
post_page-----bdfe3b9d1492--------------------------------,2,100,0
post_page-----fa87359972cb--------------------------------,2,67,6
post_page-----fd23bcaefb83--------------------------------,2,100,0
pylenin.com,2,100,0
server.minbert.com,2,100,0
tech.ssut.me,2,0,15
wechat_session,2,100,0
Yandex,1,0,767
ZHShareTargetIDMore,1,0,1097
ahammadmejbah.com,1,100,0
alexbowe.com,1,100,0
blog.danlew.net,1,100,0
blog.roboflow.com,1,100,0
bnbchain.ghost.io,1,0,118
bongholee.com,1,0,995
codecamp.ru,1,100,0
copy_link - Welcome to - 今日头条,1,100,0
copy_link - 【下载 — Python 3.13.1 文档】 - 今日头条,1,0,758
dailydoseofds.com,1,100,0
datascientyst.com,1,100,0
flipboard,1,100,0
garthhumphreys.com,1,100,0
hablogging.com,1,0,359
hitripod.com,1,100,0
hs_email,1,0,2
https://githubhelp.com,1,100,0
kevinmccarthy.org,1,100,0
longread,1,100,0
machinelearningnuggets.com,1,0,3
polygon.io,1,100,0
post_page-----128d665ca3ab--------------------------------,1,100,0
post_page-----1ed39bb078d5--------------------------------,1,100,0
post_page-----258f1380afe4--------------------------------,1,100,0
post_page-----41fa7ea5106b----------------------,1,0,180
post_page-----4e2a1799e865--------------------------------,1,100,0
post_page-----5dd8b5bbbcc5--------------------------------,1,0,34
post_page-----6824d0518774--------------------------------,1,100,0
post_page-----6fc51c1e21c8--------------------------------,1,100,0
post_page-----71d2bb5d3de1--------------------------------,1,100,0
post_page-----72e83cbb031--------------------------------,1,100,0
post_page-----7545a51bad6b--------------------------------,1,0,651
post_page-----8c174e55ae86--------------------------------,1,100,0
post_page-----8df9f31e22f1----------------------,1,100,0
post_page-----ac4028e6698a--------------------------------,1,100,0
post_page-----bdc3d0d2e2ad--------------------------------,1,100,0
post_page-----ece023ad55a--------------------------------,1,100,0
post_page-----f6237b84ea64--------------------------------,1,0,113
post_page-----f678707808ed--------------------------------,1,0,448
post_page-----f8143c5ee70--------------------------------,1,100,0
post_page-----fa30d077018e--------------------------------,1,100,0
post_page-----fff0ed0ef1fe--------------------------------,1,100,0
rscarrera.dev,1,100,0
rss,1,100,0
saveday-ai,1,100,0
serpapi,1,100,0
skerritt.blog,1,100,0
softhints.com,1,0,323
sunghyun.io,1,100,0
textcortex,1,0,122
thediscoblog.com,1,100,0
thestackcanary.com,1,100,0
twilioquest-3,1,0,17
