name,visitors,pageviews,bounce_rate,time_on_page,scroll_depth
/3/,16492,20749,56,32,74
/3/library/functions.html,8773,9697,79,182,46
/3/library/stdtypes.html,8650,9843,78,175,40
/3/tutorial/index.html,7467,9415,62,46,58
/3/search.html,5730,9534,42,33,45
/3/library/venv.html,5674,6013,92,58,31
/3/library/index.html,4957,6133,60,85,42
/3/library/datetime.html,4943,5499,85,63,38
/3/tutorial/datastructures.html,4845,5200,78,105,47
/3/library/idle.html,3705,4343,77,55,31
/3/tutorial/,3519,4348,74,30,45
/3/tutorial/controlflow.html,3510,3591,80,157,42
/3/library/re.html,3280,3526,87,65,39
/3/library/pathlib.html,3063,3264,81,53,41
/3/whatsnew/3.14.html,3043,3228,71,59,50
/3/library/random.html,3031,3236,85,65,32
/3/library/typing.html,2931,3109,81,47,26
/3/library/tkinter.html,2909,3296,76,61,31
/3/library/math.html,2786,3082,83,62,37
/3/library/csv.html,2719,3041,86,69,41
/3/library/turtle.html,2688,3266,83,220,29
/3/tutorial/introduction.html,2520,2589,73,161,59
/3/library/logging.html,2383,2633,82,68,36
/3/library/os.html,2358,2484,75,56,34
/3/library/argparse.html,2328,2469,83,131,32
/3/tutorial/interpreter.html,2324,2397,67,79,76
/3/using/windows.html,2253,2367,78,43,18
/3/library/dataclasses.html,2247,2330,86,63,33
/3/library/exceptions.html,2243,2356,83,111,48
/3/glossary.html,2239,2262,62,105,49
/3/tutorial/classes.html,2191,2214,83,116,46
/3/tutorial/errors.html,2167,2255,82,302,38
/3/library/subprocess.html,2083,2278,84,62,30
/3/library/collections.html,2079,2167,84,91,39
/3/tutorial/inputoutput.html,2016,2078,77,431,49
/3/library/string.html,1952,2017,78,93,42
/3/tutorial/appetite.html,1758,1562,52,84,87
/3/library/json.html,1710,1776,86,52,35
/3/reference/datamodel.html,1660,1688,75,812,47
/3/library/time.html,1626,1689,82,48,39
/3/library/itertools.html,1529,1612,86,54,31
/3/tutorial/modules.html,1499,1544,79,394,50
/3/library/threading.html,1446,1507,81,573,39
/3/reference/index.html,1444,1688,46,25,66
/3/library/multiprocessing.html,1413,1564,79,178,29
/3/library/asyncio-task.html,1378,1483,81,128,40
/3/library/os.path.html,1356,1368,78,102,46
/zh-cn/3/,1343,1442,74,15,72
/3/library/sqlite3.html,1339,1524,82,91,27
/3/library/enum.html,1304,1339,86,159,34
/3/library/asyncio.html,1248,1422,66,39,73
/3/library/unittest.html,1237,1371,85,180,25
/3/py-modindex.html,1153,1314,71,51,52
/3/tutorial/venv.html,1142,1179,88,47,56
/3/library/functools.html,1124,1148,85,56,42
/3/howto/sorting.html,1066,1112,76,53,35
/3/library/socket.html,1063,1185,79,228,45
/3/library/unittest.mock.html,1061,1223,84,113,33
/3/installing/index.html,1058,1018,78,29,59
/3/library/sys.html,1017,1030,77,35,34
/3/reference/compound_stmts.html,1010,989,72,71,38
/3/library/concurrent.futures.html,996,1064,81,94,44
/3/contents.html,982,1029,52,22,14
/3/library/heapq.html,962,1024,86,48,44
/3/index.html,932,1123,40,15,78
/es/3/tutorial/,920,1184,62,49,53
/3/reference/expressions.html,882,907,80,48,58
/3/reference/lexical_analysis.html,878,879,77,99,52
/3/howto/logging.html,872,883,82,92,42
/3/library/xml.etree.elementtree.html,850,938,83,90,36
/3/library/shutil.html,831,826,81,59,38
/3/library/struct.html,797,838,86,158,44
/3/library/pickle.html,792,833,85,1737,23
/3/library/io.html,778,772,80,57,46
/3/library/,703,843,64,52,42
/3/howto/regex.html,698,704,85,89,37
/3/using/cmdline.html,693,656,81,50,36
/3/download.html,691,588,49,29,94
/3/reference/import.html,666,682,77,89,36
/3/library/hashlib.html,639,662,83,126,32
/3/library/pdb.html,638,639,90,47,34
/3/library/tempfile.html,631,672,86,43,50
/3/reference/simple_stmts.html,617,612,75,43,53
/3/library/abc.html,592,598,85,76,48
/zh-cn/3/tutorial/index.html,573,707,50,30,59
/3/library/urllib.parse.html,563,594,83,55,47
/3/library/contextlib.html,555,561,79,57,27
/3/library/copy.html,543,542,90,56,69
/3/library/glob.html,541,538,83,43,62
/3/library/asyncio-eventloop.html,534,539,69,3714,36
/3/using/index.html,527,595,50,28,76
/3/library/operator.html,514,507,75,53,48
/3/using/mac.html,513,911,76,60,46
/3/license.html,510,549,82,37,24
/3/library/queue.html,504,510,84,73,58
/3/library/collections.abc.html,494,533,67,31,58
/3/library/pprint.html,474,476,88,29,38
/3/library/ast.html,471,490,88,73,36
/3/library/decimal.html,464,487,87,67,22
/3/library/zipfile.html,464,480,87,59,39
