name,visitors,bounce_rate,visit_duration
Google,72788,80,105
Direct / None,58169,71,168
python.org,9743,62,124
Bing,7523,79,106
DuckDuckGo,4226,79,126
Yandex,3892,85,57
Baidu,2580,82,37
Brave,1905,80,95
boot.dev,1451,80,131
chatgpt.com,977,70,107
cs50.harvard.edu,858,64,360
GitHub,788,77,120
Ecosia,619,78,169
udemy.com,489,88,55
Yahoo!,413,79,80
wiki.python.org,410,53,181
pandas.pydata.org,278,89,49
roadmap.sh,260,80,131
Qwant,251,72,317
Microsoft Teams,243,82,116
kagi.com,241,80,78
realpython.com,218,82,109
netacad.com,215,92,20
es.python.org,203,62,87
pip.pypa.io,162,82,60
code.visualstudio.com,151,85,60
discuss.python.org,145,78,117
note.nkmk.me,126,84,100
codecademy.com,123,90,55
docs.pydantic.dev,121,88,75
qiita.com,119,78,140
proxy.vocareum.com,117,81,215
Youtube,114,83,50
us.prairielearn.com,106,66,134
numpy.org,95,71,113
packaging.python.org,95,74,146
docs.pytorch.org,84,95,18
automatetheboringstuff.com,83,79,78
pythoninsider.blogspot.com,81,63,209
vle.aston.ac.uk,75,50,371
peps.python.org,74,74,113
pytest-mock.readthedocs.io,73,68,294
openclassrooms.com,69,68,175
Reddit,68,65,63
Amazon,67,93,61
claude.ai,64,69,113
doubao.com,59,49,532
Perplexity,57,73,147
pypi.org,56,80,52
fastapi.tiangolo.com,55,80,532
scikit-learn.org,55,83,70
intranet.hbtn.io,53,64,180
pygame.org,50,82,41
odoo.com,49,92,21
127.0.0.1,47,78,87
airflow.apache.org,47,87,35
translations.python.org,46,37,442
notebooks.githubusercontent.com,44,77,68
cursos.alura.com.br,43,91,62
setuptools.pypa.io,42,77,86
codedex.io,41,95,27
edube.org,40,85,37
learn.microsoft.com,40,85,60
Wikipedia,39,72,194
reference.langchain.com,38,87,101
StackOverflow,36,81,219
docs.pytest.org,34,85,73
medium.com,34,88,43
datahub.berkeley.edu,33,56,566
app.kira-learning.com,32,68,299
habr.com,32,85,51
networkx.org,32,82,31
freecodecamp.org,31,88,8
qianwen.com,31,39,260
sphinx-doc.org,31,68,67
docs.astral.sh,30,80,75
moodle.ufabc.edu.br,30,78,109
Facebook,29,93,41
flask.palletsprojects.com,29,57,266
s3.eu-west-1.amazonaws.com,29,66,261
cms-pcrs.utsc.utoronto.ca,28,89,28
hackerrank.com,28,94,116
link.zhihu.com,27,56,46
hiladental.co.il,25,55,776
app.dataquest.io,24,58,176
city.ya.ru,24,92,1
link.csdn.net,23,75,84
python-sneks.github.io,23,96,18
elearn.epam.com,22,78,34
skillbox.ru,22,77,85
docs.vllm.ai,21,95,7
ejudge.kz,21,91,5
jupyter.crc.pitt.edu,21,82,127
learn.zybooks.com,21,100,0
copilot.com,20,52,223
jupyter.ae.ic.ac.uk,20,65,202
openstax.org,20,70,121
discordpy.readthedocs.io,19,68,392
kivy.org,19,61,24
liaoxuefeng.com,19,85,17
byui-cse.github.io,18,78,133
home-assistant.io,18,86,13
learn.lewagon.com,18,80,116
srmrmp.codetantra.com,18,94,72
app.aluracursos.com,17,72,8
mne.tools,17,84,23
pro.arcgis.com,17,76,15
quark.cn,17,71,96
robotframework.org,17,76,414
courses.edx.org,16,76,19
docs.scrapy.org,16,88,15
leetcode.com,16,100,0
virtualenv.pypa.io,16,75,171
www-python-org.translate.goog,16,75,16
cms.unir.net,15,62,85
cocalc.com,15,80,54
devlife.insper-comp.com.br,15,52,428
docs.aiogram.dev,15,80,193
huggingface.co,15,73,132
lms.skillfactory.ru,15,88,4
moodle.polito.it,15,47,202
my.uopeople.edu,15,75,25
raterproject.com,15,81,40
LinkedIn,14,86,14
alt-61d42c1e6231a.blackboard.com,14,93,0
codecademy-enterprise.percipio.com,14,93,3
courses.campus.gov.il,14,79,128
docs.ansible.com,14,86,100
gstatic.com,14,88,16
jinja.palletsprojects.com,14,79,41
paiza.jp,14,93,13
pre-commit.com,14,86,7
react-app-python-runner.vercel.app,14,79,370
strftime.org,14,79,20
upgrad.com,14,93,8
Hacker News,13,67,275
aep26.ulpgc.es,13,92,166
comp423-26s.github.io,13,86,355
docs.circuitpython.org,13,69,25
docs.pola.rs,13,100,0
docs.sqlalchemy.org,13,100,0
google.github.io,13,77,198
inginious.org,13,57,80
kiet.codetantra.com,13,94,7
learnpython.org,13,92,12
python.jp,13,54,183
runoob.com,13,77,48
universityofmanitoba.desire2learn.com,13,80,69
barbaratieko.github.io,12,60,500
bcps.schoology.com,12,67,381
datacamp.com,12,83,2
docs.zephyrproject.org,12,92,3
ida.liu.se,12,69,42
notion.so,12,71,79
pillow.readthedocs.io,12,92,123
superfastpython.com,12,77,49
urllib3.readthedocs.io,12,75,469
alivecode.ca,11,82,4
amuletmc.com,11,91,4
brightspace.nyu.edu,11,73,231
coderivers.org,11,50,189
cryptography.io,11,82,97
developer.mozilla.org,11,55,13
ellibrodepython.com,11,92,5
mypy.readthedocs.io,11,82,56
pytorch-geometric.readthedocs.io,11,91,1
wikidocs.net,11,92,1
Gmail,10,67,250
aulavirtual33.educa.madrid.org,10,30,2216
blog.python.org,10,60,212
courses.ms.wits.ac.za,10,90,227
docs.aiohttp.org,10,100,0
fit-tecnologia.org.br,10,90,178
gtinfosec.org,10,10,56
insper.github.io,10,90,30
login.microsoftonline.com,10,82,120
nhairs.github.io,10,80,59
note.com,10,60,208
notes.jpt.sh,10,62,201
pwn.college,10,100,0
pyformat.info,10,82,43
pythonmorsels.com,10,100,0
safe.menlosecurity.com,10,40,957
statics.dod.teams.microsoft.us,10,90,395
typing.python.org,10,50,332
utokyo-ipp.github.io,10,80,69
www3.gobiernodecanarias.org,10,20,1786
360.cn,9,67,211
cgp-oex.wgu.edu,9,90,52
exercism.org,9,80,186
jiffyclub.github.io,9,89,52
kappa.cs.petrsu.ru,9,67,66
learn.nvidia.com,9,100,0
mycourses.ieseg.fr,9,60,696
netology.ru,9,80,6
open.uom.lk,9,80,1
programiz.com,9,100,0
savio.utb.edu.co,9,54,259
view.genially.com,9,89,33
wiki.freecad.org,9,89,1
Coccoc,8,100,0
academy.masterschool.com,8,25,1006
anyio.readthedocs.io,8,88,128
bitcamp.ge,8,67,1
cnblogs.com,8,75,571
codeit.kr,8,88,63
devguide.python.org,8,75,7
docs.frappe.io,8,75,114
efdeq.online,8,88,3
elearn.etsu.edu,8,67,536
enghub.gs.com,8,100,0
epochconverter.com,8,88,23
fairfield.blackboard.com,8,88,9
jupyter.org,8,89,173
openai,8,88,0
overleaf.com,8,38,89
pythonfluente.com,8,75,115
qna.habr.com,8,88,5
runestone.academy,8,62,60
skilio.com,8,88,0
structlog.org,8,100,0
theforage.com,8,100,0
towardsdatascience.com,8,100,0
Exinfluencer,7,86,1
Sogou,7,71,1
academy.cs.cmu.edu,7,71,387
ai.pydantic.dev,7,100,0
chat.baidu.com,7,29,251
cheatsheetseries.owasp.org,7,100,0
chokkan.github.io,7,71,14
codeup.kr,7,71,14
courses.projectstem.org,7,57,500
courseworks2.columbia.edu,7,86,8
cs.pomona.edu,7,100,0
cs.umb.edu,7,43,480
d2l.arizona.edu,7,56,134
docs.flet.dev,7,100,0
educaciodigital.cat,7,86,116
ege-infa.tilda.ws,7,89,3
fsg-pax-p-jhn01.pax.ulaval.ca,7,67,494
jupyter.utoronto.ca,7,86,4
learning.ccbp.in,7,71,1394
lrps.wgu.edu,7,75,91
mastergroosha.github.io,7,100,0
michaelmilleryoder.github.io,7,67,212
namu.wiki,7,57,149
pylint.readthedocs.io,7,86,72
python-can.readthedocs.io,7,86,59
python-programming.quantecon.org,7,100,0
python.it,7,71,10
qmplus.qmul.ac.uk,7,100,0
rl.talis.com,7,86,195
savanna.alxafrica.com,7,62,484
sky.pro,7,71,13
steam.oxxostudio.tw,7,62,180
w3schools.com,7,100,0
web.dio.me,7,57,575
wguconnect.wgu.edu,7,100,0
Daum,6,100,0
alphagenomedocs.com,6,83,422
alura.com.br,6,100,0
app.blackbox.ai,6,100,0
aprendepython.es,6,100,0
assignment.itslearning.com,6,83,26
brightspace.cuny.edu,6,100,0
brightspace.uri.edu,6,50,70
campusvirtuallms.javeriana.edu.co,6,57,3
cdn.evg.gov.br,6,67,12
cenestur.neolms.com,6,67,214
clickup.up.ac.za,6,83,70
confluence.ecmwf.int,6,83,98
developer.cisco.com,6,86,43
devopscube.com,6,100,0
digitalocean.com,6,83,14
docs.dask.org,6,60,377
docs.litestar.dev,6,100,0
docs.python-telegram-bot.org,6,83,23
docs.ray.io,6,83,46
docs.ros.org,6,80,1
duck.ai,6,100,0
esami.polito.it,6,0,7413
forums.raspberrypi.com,6,67,117
isaac-sim.github.io,6,100,0
jupyterlabnext-1-labs-prod-jupyterlab-us-east-0.labs.cognitiveclass.ai,6,83,148
jupyterlabnext-2-labs-prod-jupyterlab-us-east-0.labs.cognitiveclass.ai,6,67,36
kongu.codetantra.com,6,100,0
moodle.landrat-lucas.org,6,71,132
new.ya.ru,6,100,0
partia-computing-lent-doc.readthedocs.io,6,71,279
platform.productstar.ru,6,86,3
psycopg.org,6,100,0
py.mit.edu,6,83,78
pyo3.rs,6,67,24
scapy.readthedocs.io,6,83,220
scikit-image.org,6,67,63
seekly.zone,6,100,0
statics.gov.teams.microsoft.us,6,83,32
stonesoup.readthedocs.io,6,83,1
students.masaischool.com,6,88,1
textual.textualize.io,6,100,0
