name,visitors,bounce_rate,visit_duration
Direct / None,1316,77,226
Google,977,76,109
Baidu,259,89,22
Bing,112,74,153
qiita.com,57,74,112
note.nkmk.me,54,81,93
Twitter,39,88,77
Yahoo!,31,94,1
utokyo-ipp.github.io,14,79,143
chatgpt.com,13,77,17
python.org,13,0,687
DuckDuckGo,9,86,49
scsk2022.aidemy.jp,8,50,24
Shenma,7,100,0
chokkan.github.io,6,100,0
python.jp,6,33,81
Youtube,5,100,0
Brave,3,100,0
doubao.com,3,0,569
nikkie-ftnext.hatenablog.com,3,33,24
Facebook,2,100,0
Perplexity,2,100,206
atcoder.jp,2,100,0
bitarrow.eplang.jp,2,100,0
blog.pyq.jp,2,50,122
dig.codechrysalis.io,2,50,384
docs.pyq.jp,2,50,124
forum.avinton.com,2,100,0
paiza.jp,2,100,0
relief.jp,2,100,0
sejuku.net,2,75,3
translations.python.org,2,100,0
Ecosia,1,100,0
GitHub,1,100,0
Mail.ru,1,100,0
Wikipedia,1,100,0
acrobat.adobe.com,1,100,0
ampmmn.github.io,1,100,0
buildersbox.corp-sansan.com,1,0,12
codevace.com,1,100,0
copilot.com,1,100,0
curict.com,1,100,0
dataseeds-blog.com,1,100,0
discordpy.readthedocs.io,1,0,4
docs.astral.sh,1,0,0
end0tknr.hateblo.jp,1,0,459
hatenablog-parts.com,1,100,0
hibiki-press.tech,1,100,0
hitachigroup.okta.com,1,0,13
honi.club,1,100,0
ie.u-ryukyu.ac.jp,1,0,33
inetnf.auth,1,100,0
j-parc.jp,1,100,0
kikagaku.ai,1,100,0
kivy.org,1,0,2277
m3tech.blog,1,0,1030
mitani.cs.tsukuba.ac.jp,1,100,0
nlp.c.titech.ac.jp,1,0,410
note.sngklab.jp,1,0,156
pemt25.trusted-host.online,1,100,0
peps.python.org,1,0,8
pg-chain.com,1,0,27
premium.aidemy.jp,1,100,0
pycarnival.com,1,100,0
python-izm.com,1,100,0
python.joho.info,1,100,0
rd.ntt,1,100,0
school.ctc-g.co.jp,1,100,0
sm.cn,1,100,0
space.coze.cn,1,0,10
t2.cs.tohoku-gakuin.ac.jp,1,0,177
techblog.asahi-net.co.jp,1,100,0
techtrain.dev,1,100,0
terakoya.sejuku.net,1,100,0
teratail.com,1,100,0
trial.aidemy.jp,1,100,0
webaccess.in.kyocera.co.jp,1,100,0
www5.learningpark.jp,1,100,0
yic-dc.udemy.com,1,50,36
