name,visitors,bounce_rate,visit_duration
Direct / None,1028,72,162
google.com,727,76,98
es.python.org,90,66,95
search.brave.com,60,79,120
bing.com,57,64,185
python.org,48,0,253
chatgpt.com,36,48,190
sites.google.com,10,100,0
duckduckgo.com,8,80,99
app.aluracursos.com,7,86,7
m.baidu.com,7,83,1
skilio.com,6,83,2
claude.ai,5,33,532
baidu.com/link,3,100,181
gemini.google.com,3,67,13
github.com,3,67,13
github.com/mouredev/Hello-Python,3,100,0
hablemospython.dev,3,75,1
netacad.com,3,0,649
wiki.python.org,3,67,6
youtube.com,3,33,612
127.0.0.1,2,100,0
a14121-71385806.cluster211.canvas-user-content.com/courses/14121~6411/files/14121~71385806/course%20files/mtca/mtca2101/index.html,2,50,52
canvas.unab.cl/courses/158070/pages/4-dot-11-%7C-funciones-de-la-biblioteca-estandar-de-python,2,50,96
datacamp.com,2,0,0
developer.mozilla.org,2,100,0
github.com/mouredev/hello-python,2,0,261
notebooklm.google.com,2,100,0
posgrado-virtual.epn.edu.ec,2,50,2
udemy.com,2,0,417
universidadean.genially.com/68540d08db13ce7dbd6b49e7,2,100,0
untref-edd.github.io,2,50,6
wiki.python.org.ar,2,0,50
algoritmos1rw.ddns.net,1,100,0
anahuaconline.brightspace.com,1,100,0
android-app://com.google.android.googlequicksearchbox,1,100,0
aprendepython.es,1,0,28
ar.search.yahoo.com,1,100,0
assets.scormproxy.com,1,0,19
aula.esit.gob.sv,1,100,0
baidu.com,1,100,0
bit.learn.ada-school.org,1,100,0
campusonline.ucsc.cl,1,0,27
canvas.unab.cl,1,100,0
classroom.google.com,1,100,0
co.search.yahoo.com,1,100,0
cs50.harvard.edu,1,0,233
docs.obspy.org,1,0,1043
docs.rainmaker.espressif.com,1,0,76
ecosia.org,1,100,0
es.quora.com,1,100,0
es.search.yahoo.com,1,100,0
github.com/SocialOplesk/hack_python_1,1,100,0
github.com/midudev/curso-python,1,0,922
google.com.ar,1,0,81
google.com.hk,1,0,101
google.com.mx,1,100,0
google.es,1,100,0
j2logo.com,1,0,270
learnbyexample.github.io,1,0,47
learnpython.org,1,0,712
linkedin.com,1,100,0
m.baidu.com/from=1001192y/bd_page_type=1/ssid=0/uid=0/pu=usm%401%2Csz%401320_220%2Cta%40iphone___24_114.0/baiduid=7704B9331A378768F8F1021D4D84B4A3/w=0_10_/t=iphone/l=1/tc,1,100,0
m.baidu.com/from=1001703a/bd_page_type=1/ssid=0/uid=0/pu=usm%400%2Csz%401320_1001%2Cta%40iphone_2_15.0_18_40.9/baiduid=BE5C3E6C0545C09E016F1C37C9E56949/w=0_10_/t=iphone/l=1/tc,1,0,3
m.baidu.com/from=1013966u/bd_page_type=1/ssid=0/uid=0/pu=usm%401%2Csz%401320_1001%2Cta%40iphone_2_11.0_19_25.3/baiduid=43A7D308E827074191781130182422C3/w=0_10_/t=iphone/l=1/tc,1,100,0
miubp3.ubp.edu.ar,1,100,0
mx.search.yahoo.com,1,0,3289
ntp.msn.com,1,100,0
pe.search.yahoo.com,1,100,0
perplexity.ai,1,100,0
platzi.com/tutoriales/4227-python-fundamentos/27477-los-mejores-12-editores-para-programar-en-python,1,0,396
r.search.yahoo.com/_ylt=AwrFQjfDdoZoEQIAnBOr9Qt.;_ylu=Y29sbwNiZjEEcG9zAzEEdnRpZAMEc2VjA3Ny/RV=2/RE=1754852292/RO=10/RU=https%3a%2f%2fdocs.python.org%2fes%2f3%2ftutorial%2findex.html/RK=2/RS=VCgTUc9ocfp5o8BQjtQ69DgcDGY-,1,0,53
r.search.yahoo.com/_ylt=Awrih3ZavIZoIAIA5DKr9Qt.;_ylu=Y29sbwNiZjEEcG9zAzIEdnRpZAMEc2VjA3Ny/RV=2/RE=1754870106/RO=10/RU=https%3a%2f%2fdocs.python.org%2fes%2f3%2fusing%2fcmdline.html/RK=2/RS=Ivlb1pgVosEckcFqyv2LP_b0C6w-,1,0,164
react-app-python-runner.vercel.app,1,100,0
roadmap.sh,1,0,377
statics.teams.cdn.office.net,1,0,40
unisallevirtual.lasalle.edu.co,1,100,0
virtual1.uach.mx,1,100,0
wearedevelopers.com,1,0,262
