property,value,visitors,events,percentage
url,(none),10010,21059,99.6
url,https://www.python.org/,183,199,1.8
url,https://www.python.org/downloads/,96,99,1.0
url,https://apps.microsoft.com/detail/9NQ7512CXL7T,18,18,0.2
url,https://pypi.org/,16,20,0.2
url,https://docs.python.org/zh-cn/3.14/archives/python-3.14-docs-html.zip,15,15,0.1
url,https://docs.python.org/zh-cn/3/archives/python-3.14-docs-html.zip,14,14,0.1
url,https://www.python.org/doc/versions/,10,10,0.1
url,https://docs.python.org/zh-cn/3/archives/python-3.14-docs-text.zip,8,8,0.1
url,https://packaging.python.org/installing/#creating-virtual-environments,8,8,0.1
url,https://www.python.org/downloads/macos/,8,8,0.1
url,https://docs.python.org/zh-cn/3.14/archives/python-3.14-docs-text.zip,7,7,0.1
url,https://github.com/python/cpython/tree/3.14/Lib/idlelib/,7,9,0.1
url,https://www.tcl.tk/man/tcl8.6/TkCmd/contents.htm,7,8,0.1
url,https://packaging.python.org/,6,6,0.1
url,https://packaging.python.org/en/latest/tutorials/installing-packages/#ensure-pip-setuptools-and-wheel-are-up-to-date,6,6,0.1
url,https://packaging.python.org/en/latest/tutorials/packaging-projects/,6,6,0.1
url,https://www.tkdocs.com/shipman/,6,8,0.1
url,https://docs.python.org/zh-cn/3.14/archives/python-3.14-docs.epub,5,5,0.0
url,https://docs.python.org/zh-cn/3/archives/python-3.14-docs.epub,5,5,0.0
url,https://peps.python.org/pep-0008/,5,5,0.0
url,https://tkdocs.com/,5,5,0.0
url,https://devguide.python.org/documentation/start-documenting/#building-the-documentation,4,6,0.0
url,https://packaging.python.org/installing/,4,4,0.0
url,https://packaging.python.org/installing/#requirements-for-installing-packages,4,4,0.0
url,https://www.debian.org/doc/manuals/maint-guide/first.en.html,4,4,0.0
url,https://www.python.org/downloads/android/,4,4,0.0
url,https://devguide.python.org/,3,3,0.0
url,https://docs.python.org/zh-cn/3.13/archives/python-3.13-docs-pdf-a4.zip,3,5,0.0
url,https://github.com/python/cpython/tree/3.14/Lib/asyncio/runners.py,3,3,0.0
url,https://github.com/python/cpython/tree/3.14/Lib/datetime.py,3,4,0.0
url,https://peps.python.org/pep-3148/,3,3,0.0
url,https://wiki.python.org/moin/BeginnersGuide,3,3,0.0
url,https://wiki.python.org/moin/PythonEditors,3,3,0.0
url,https://www.tcl.tk/,3,3,0.0
url,https://code.activestate.com/recipes/576642-persistent-dict-with-multiple-standard-file-format/,2,2,0.0
url,https://discuss.python.org/t/37075,2,2,0.0
url,https://github.com/python/cpython/blob/main/Doc/contents.rst?plain=1,2,2,0.0
url,https://github.com/python/cpython/blob/main/Doc/tutorial/appetite.rst?plain=1,2,2,0.0
url,https://github.com/python/cpython/blob/main/Doc/tutorial/index.rst?plain=1,2,3,0.0
url,https://github.com/python/cpython/blob/main/Doc/using/windows.rst?plain=1,2,3,0.0
url,https://github.com/python/cpython/tree/3.13/Android/testbed,2,2,0.0
url,https://github.com/python/cpython/tree/3.14/Lib/tkinter/commondialog.py,2,2,0.0
url,https://packaging.python.org/en/latest/tutorials/installing-packages/,2,2,0.0
url,https://packaging.python.org/science/,2,2,0.0
url,https://peps.python.org/pep-0649/,2,2,0.0
url,https://peps.python.org/pep-0703/,2,2,0.0
url,https://py-free-threading.github.io/installing-cpython/,2,2,0.0
url,https://pypi.org/project/regex/,2,2,0.0
url,https://www.sqlite.org/,2,2,0.0
url,https://www.unicode.org/,2,2,0.0
url,https://cibuildwheel.pypa.io/en/stable/platforms/#android,1,1,0.0
url,https://core.tcl.tk/tips/doc/trunk/tip/48.md,1,1,0.0
url,https://cython.org/,1,1,0.0
url,https://datatracker.ietf.org/doc/html/rfc2449.html,1,1,0.0
url,https://developer.apple.com/library/archive/documentation/Cocoa/Conceptual/PropertyLists/,1,1,0.0
url,https://devguide.python.org/setup/#get-the-source-code,1,1,0.0
url,https://docs.fedoraproject.org/en-US/package-maintainers/Packaging_Tutorial_GNU_Hello/,1,1,0.0
url,https://docs.microsoft.com/cpp/build/reference/dependents,1,1,0.0
url,https://docs.pytest.org/,1,1,0.0
url,https://docs.python.org/zh-cn/3.13/archives/python-3.13-docs-html.zip,1,1,0.0
url,https://docs.python.org/zh-cn/3.14/archives/python-3.14-docs-html.tar.bz2,1,1,0.0
url,https://docs.python.org/zh-cn/3.14/archives/python-3.14-docs-texinfo.zip,1,1,0.0
url,https://docs.python.org/zh-cn/3/archives/python-3.14-docs-html.tar.bz2,1,1,0.0
url,https://en.wikipedia.org/wiki/Extended_Backus%E2%80%93Naur_form,1,1,0.0
url,https://en.wikipedia.org/wiki/Memoization,1,1,0.0
url,https://en.wikipedia.org/wiki/Universal_binary,1,1,0.0
url,https://github.com/python/cpython/blob/main/Doc/c-api/bytearray.rst?plain=1,1,1,0.0
url,https://github.com/python/cpython/blob/main/Doc/glossary.rst?plain=1,1,1,0.0
url,https://github.com/python/cpython/blob/main/Doc/library/functions.rst?plain=1,1,1,0.0
url,https://github.com/python/cpython/blob/main/Doc/library/index.rst?plain=1,1,1,0.0
url,https://github.com/python/cpython/blob/main/Doc/reference/grammar.rst?plain=1,1,1,0.0
url,https://github.com/python/cpython/blob/main/Doc/reference/index.rst?plain=1,1,1,0.0
url,https://github.com/python/cpython/blob/main/Doc/tutorial/interpreter.rst?plain=1,1,1,0.0
url,https://github.com/python/cpython/blob/main/Doc/tutorial/modules.rst?plain=1,1,1,0.0
url,https://github.com/python/cpython/blob/main/Doc/using/index.rst?plain=1,1,1,0.0
url,https://github.com/python/cpython/tree/3.12/Lib/abc.py,1,1,0.0
url,https://github.com/python/cpython/tree/3.13/Android/testbed/app/src/main/java/org/python/testbed/MainActivity.kt,1,1,0.0
url,https://github.com/python/cpython/tree/3.13/Lib/xml/etree/ElementTree.py,1,1,0.0
url,https://github.com/python/cpython/tree/3.14/Grammar/python.gram,1,1,0.0
url,https://github.com/python/cpython/tree/3.14/Lib/ast.py,1,1,0.0
url,https://github.com/python/cpython/tree/3.14/Lib/asyncio/,1,1,0.0
url,https://github.com/python/cpython/tree/3.14/Lib/csv.py,1,1,0.0
url,https://github.com/python/cpython/tree/3.14/Lib/dataclasses.py,1,1,0.0
url,https://github.com/python/cpython/tree/3.14/Lib/difflib.py,1,1,0.0
url,https://github.com/python/cpython/tree/3.14/Lib/gzip.py,1,1,0.0
url,https://github.com/python/cpython/tree/3.14/Lib/http/server.py,1,1,0.0
url,https://github.com/python/cpython/tree/3.14/Lib/idlelib,1,1,0.0
url,https://github.com/python/cpython/tree/3.14/Lib/json/__init__.py,1,1,0.0
url,https://github.com/python/cpython/tree/3.14/Lib/modulefinder.py,1,1,0.0
url,https://github.com/python/cpython/tree/3.14/Lib/random.py,1,1,0.0
url,https://github.com/python/cpython/tree/3.14/Lib/re/,1,1,0.0
url,https://github.com/python/cpython/tree/3.14/Lib/string/__init__.py,1,1,0.0
url,https://github.com/python/cpython/tree/3.14/Lib/string/templatelib.py,1,1,0.0
url,https://github.com/python/cpython/tree/3.14/Lib/tkinter/__init__.py,1,1,0.0
url,https://github.com/python/cpython/tree/3.14/Lib/tkinter/ttk.py,1,1,0.0
url,https://github.com/python/cpython/tree/3.14/Lib/turtle.py,1,1,0.0
url,https://github.com/python/cpython/tree/3.14/Lib/wave.py,1,2,0.0
url,https://github.com/python/cpython/tree/3.14/Lib/xml/etree/ElementTree.py,1,1,0.0
url,https://github.com/python/cpython/tree/3.14/Mac/README.rst,1,1,0.0
url,https://github.com/python/cpython/tree/main/Lib/idlelib/,1,1,0.0
url,https://github.com/python/cpython/tree/main/Lib/os.py,1,1,0.0
url,https://github.com/python/cpython/tree/main/Tools/freeze,1,1,0.0
url,https://github.com/python/python-docs-zh-CN/blob/3.13/tutorial/errors.po?plain=1,1,1,0.0
url,https://github.com/python/python-docs-zh-CN/blob/3.13/tutorial/interpreter.po?plain=1,1,1,0.0
url,https://github.com/python/python-docs-zh-CN/blob/3.14/library/development.po?plain=1,1,1,0.0
url,https://github.com/python/python-docs-zh-CN/blob/3.14/library/threading.po?plain=1,1,1,0.0
url,https://github.com/python/python-docs-zh-CN/blob/3.14/reference/index.po?plain=1,1,1,0.0
url,https://github.com/python/python-docs-zh-CN/blob/3.14/tutorial/errors.po?plain=1,1,1,0.0
url,https://github.com/python/python-docs-zh-CN/blob/3.15/whatsnew/3.15.po?plain=1,1,1,0.0
url,https://gvanrossum.github.io/,1,1,0.0
url,https://learn.microsoft.com/windows/win32/procthread/environment-variables,1,1,0.0
url,https://manpages.debian.org/strftime(3),1,1,0.0
url,https://numpy.org/,1,1,0.0
url,https://packaging.python.org/guides/installing-using-pip-and-virtual-environments/#create-and-use-virtual-environments,1,1,0.0
url,https://peps.python.org/,1,1,0.0
url,https://peps.python.org/pep-0011/,1,1,0.0
url,https://peps.python.org/pep-0492/,1,1,0.0
url,https://peps.python.org/pep-0498/,1,1,0.0
url,https://peps.python.org/pep-0506/,1,1,0.0
url,https://peps.python.org/pep-0526/,1,1,0.0
url,https://peps.python.org/pep-0557/,1,1,0.0
url,https://peps.python.org/pep-0636/,1,1,0.0
url,https://peps.python.org/pep-0744/,1,1,0.0
url,https://peps.python.org/pep-0745/,1,1,0.0
url,https://peps.python.org/pep-0779/,1,1,0.0
url,https://peps.python.org/pep-0799/,1,1,0.0
url,https://peps.python.org/pep-3107/,1,1,0.0
url,https://peps.python.org/pep-3115/,1,1,0.0
url,https://py-free-threading.github.io/tracking/,1,1,0.0
url,https://pylint.pycqa.org/en/latest/index.html,1,1,0.0
url,https://pypi.org/project/PyWin32/,1,1,0.0
url,https://pypi.org/project/Urwid/,1,1,0.0
url,https://pypy.org/,1,1,0.0
url,https://requests.readthedocs.io/en/master/,1,1,0.0
url,https://setuptools.pypa.io/en/latest/setuptools.html,1,1,0.0
url,https://slackbook.org/html/package-management-making-packages.html,1,1,0.0
url,https://sourceware.org/bzip2/,1,1,0.0
url,https://sqlite.org/,1,1,0.0
url,https://support.apple.com/en-us/HT201732,1,1,0.0
url,https://timgolden.me.uk/python/win32_how_do_i.html,1,1,0.0
url,https://webassembly.org/,1,1,0.0
url,https://wiki.python.org/moin/GuiProgramming,1,1,0.0
url,https://wiki.python.org/moin/IntegratedDevelopmentEnvironments,1,1,0.0
url,https://wiki.qt.io/Qt_for_Python,1,1,0.0
url,https://www.iana.org/time-zones,1,1,0.0
url,https://www.nuget.org/,1,1,0.0
url,https://www.nuget.org/packages/python,1,1,0.0
url,https://www.python.org/downloads/windows/,1,1,0.0
url,https://www.python.org/ftp/python/3.14.0/win32/launcher.msi,1,1,0.0
url,https://www.python.org/psf/donations/,1,1,0.0
url,https://www.sphinx-doc.org/,1,1,0.0
url,https://www.tcl.tk/man/tcl8.6/TkCmd/ttk_button.htm,1,1,0.0
url,https://www.tcl.tk/man/tcl8.6/TkCmd/ttk_widget.htm,1,1,0.0
url,https://www.unicode.org/reports/tr31/,1,1,0.0
url,https://www.w3schools.com/sql/,1,1,0.0
url,https://www.youtube.com/watch?v=Xbl7XjFYsN4&list=PLhNSoGM2ik6SIkVGXWBwerucXjgP1rHmB,1,1,0.0
url,https://www.zlib.net/,1,1,0.0
