name,visitors
China,605
United States,597
India,303
Japan,204
Russian Federation,201
Germany,184
Singapore,150
France,141
Hong Kong,131
United Kingdom,127
Brazil,105
Canada,78
Vietnam,70
Italy,67
Spain,58
Ukraine,57
Netherlands,55
South Korea,51
Poland,51
Taiwan,48
Colombia,46
Mexico,38
Switzerland,29
Indonesia,28
Czechia,26
Sweden,26
Austria,23
Argentina,22
Finland,19
Romania,19
Turkey,19
Australia,17
Iran,16
Portugal,16
Uzbekistan,16
Bulgaria,15
Hungary,15
Belgium,14
Malaysia,14
Thailand,14
Egypt,13
Norway,13
Philippines,13
Nigeria,12
Peru,12
Bangladesh,11
Morocco,11
Ireland,10
Sri Lanka,10
Belarus,9
Chile,9
Pakistan,9
Serbia,9
Denmark,8
Croatia,8
South Africa,8
Dominican Republic,7
Greece,7
Israel,7
Kenya,7
Kazakhstan,7
Tunisia,7
Algeria,6
Ecuador,6
United Arab Emirates,5
Angola,5
Ghana,5
Kyrgyzstan,5
Cambodia,5
New Zealand,5
Iraq,4
Madagascar,4
Saudi Arabia,4
Cameroon,3
Estonia,3
Iceland,3
Jordan,3
Lithuania,3
Moldova,3
Montenegro,3
Rwanda,3
Slovakia,3
Yemen,3
Armenia,2
Burkina Faso,2
Bolivia,2
Côte d'Ivoire,2
Costa Rica,2
Georgia,2
Guadeloupe,2
Malawi,2
Qatar,2
Tanzania,2
Venezuela,2
Zimbabwe,2
Andorra,1
Afghanistan,1
Albania,1
Bosnia and Herzegovina,1
Bhutan,1
Ethiopia,1
Guatemala,1
Jamaica,1
Lebanon,1
Lesotho,1
Luxembourg,1
Myanmar,1
Mongolia,1
Macao,1
Malta,1
Nepal,1
Panama,1
"Palestine, State of",1
El Salvador,1
Tajikistan,1
Uruguay,1
