name,visitors
California,9784
England,9436
New York,3948
Île-de-France,3594
Texas,3196
Virginia,2904
Ontario,2902
Moscow,2726
Maharashtra,2682
Bavaria,2633
Tokyo,2627
Washington,2331
Hesse,2328
Karnataka,2236
São Paulo,2221
Illinois,2203
Tamil Nadu,2072
North Rhine-Westphalia,2031
North Holland,1742
Baden-Württemberg,1738
Massachusetts,1689
Mazovia,1653
Telangāna,1632
New South Wales,1494
Florida,1444
Victoria,1404
Delhi,1300
Madrid Autonomous Community,1240
New Jersey,1236
Colorado,1233
Georgia,1192
Zürich,1187
Tel Aviv,1166
Oregon,1165
Maryland,1157
Quebec,1155
Berlin,1150
Lombardy,1142
Pennsylvania,1117
Stockholm,1081
Saint Petersburg,1009
Uusimaa,983
North Carolina,959
British Columbia,938
Taipei,930
South Holland,881
Vienna,870
Leinster,820
Catalonia,786
Ohio,759
Seoul,747
Guangdong,745
Michigan,739
Rio de Janeiro,697
Ho Chi Minh City,670
Prague,659
Beijing,651
Capital Region,646
Auvergne-Rhône-Alpes,644
Arizona,644
Uttar Pradesh,622
Istanbul,608
Shanghai,598
Flanders,593
Buenos Aires Province,591
Gujarat,581
Ciudad de Mexico,579
Queensland,575
Kyiv,570
West Bengal,556
Capital District,554
Minas Gerais,542
Provence-Alpes-Côte-d'Azur,539
Brussels,535
Alberta,523
Utah,514
Lower Saxony,509
Minnesota,507
Bangkok,506
Lisbon,504
Budapest,503
Lesser Poland,492
Oslo,491
Gyeonggi,486
Punjab,486
Kerala,479
Santiago Metropolitan,477
Saxony,473
Hanoi,466
Osaka,465
Scotland,458
Missouri,451
Jakarta,448
Hamburg,434
Occitanie,434
Lazio,433
Gauteng,422
Nairobi County,403
Tennessee,402
Metro Manila,401
New Taipei,392
Cairo,389
Västra Götaland,389
North Brabant,382
Paraná,381
Madhya Pradesh,381
Lima,380
Indiana,379
Auckland,374
Antioquia,364
Central,360
Washington DC,359
Western Australia,358
Lower Silesia,352
Wisconsin,348
Kanagawa,340
Bucharest,333
Province 3,329
Beograd,329
Federal District,326
Valencian Community,326
Haryana,319
Attica,318
Santa Catarina,314
Andalusia,313
Connecticut,311
Nouvelle-Aquitaine,310
Dhaka Division,309
Rhineland-Palatinate,309
Hauts-de-France,308
Rio Grande do Sul,306
Minsk,305
Alabama,299
Zhejiang,297
Emilia-Romagna,297
Dubai,295
West Java,294
Novosibirsk,293
Utrecht,290
Rajasthan,288
Lagos,287
Silesia,287
Grand-Est,280
Kuala Lumpur,280
South Carolina,280
Iowa,276
Andhra Pradesh,275
Jiangsu,269
Pomerania,265
Tashkent,262
Vaud,255
Greater Poland,255
Porto,254
Skåne,249
Sofia,243
Moscow Province,239
Bihar,235
Sindh,235
Gelderland,233
Nizhny Novgorod,227
Vilnius County,224
Sverdlovsk,224
Veneto,221
Pernambuco,220
Taichung,220
Yerevan,218
Western Cape,211
Ceará,210
Nevada,210
Shandong,207
Brittany,204
Sichuan,202
Ankara,202
Mexico State,201
Pays-de-la-Loire,200
Piedmont,200
Taoyuan,200
Amazonas,199
Tbilisi,197
Tuscany,195
Riga,195
Lvivshchyna,195
Henan,194
Samara,192
Riyadh,191
Oklahoma,190
Bahia,188
Krasnodar Krai,187
South Moravia,184
Jalisco,184
New Hampshire,183
Selangor,180
Almaty City,179
Wales,175
Buenos Aires,174
Łódź,173
Idaho,173
Western,172
Dnipropetrovshchyna,172
Kansas,172
Rostov,168
Hsinchu County,168
Tatarstan,167
Bratislava,166
Bern,165
Greater Accra,165
Punjab,165
South Australia,164
Addis Ababa,162
Meknès-Tafilalet,162
Schleswig-Holstein,161
Campania,160
Central Denmark,159
Chiba,159
Aichi,159
New Mexico,158
Zagreb,155
Calabarzon,153
Kyivshchyna,153
Styria,152
Hubei,151
Wallonia,149
East Java,148
Kaohsiung,148
Odisha,144
Kentucky,144
Basque Country,143
Uttarākhand,142
Harjumaa,141
Australian Capital Territory,140
Jerusalem,140
Chelyabinsk,140
Bremen,136
Arkansas,136
Nuevo León,134
Galicia,133
Louisiana,133
Thuringia,132
Saitama,131
Montevideo,129
Hormozgan,128
San José,126
Makkah,124
Haifa,121
Abu Dhabi,120
Baku,120
Goiás,120
Manitoba,120
Centre-Val de Loire,119
Paraíba,118
Astana,118
Espírito Santo,117
Amman,117
Shaanxi,116
Brandenburg,116
Trøndelag,114
Tainan,114
Bashkortostan,112
Tunis,112
Valle del Cauca,111
Saskatchewan,110
Geneva,109
Guatemala,108
Islamabad,107
Burgundy-Franche-Comté,106
Normandie,105
Incheon,105
Overijssel,104
Flevoland,103
Chandigarh,102
Hunan,101
Pirkanmaa,99
Nebraska,99
Pichincha,98
Rio Grande do Norte,97
Ljubljana,97
Upper Austria,96
Aargau,96
Kowloon City Kowloon,96
Federal Capital Territory,96
Rhode Island,96
Saarland,95
Yaroslavl,94
Córdoba,91
Oriental,90
Nova Scotia,88
Odeshchyna,88
Sicily,87
Saxony-Anhalt,86
Distrito Nacional,86
South Kalimantan,86
Maine,86
Canary Islands,85
Assam,85
Doha,85
Central Macedonia,84
Östergötland,84
Abidjan,83
Tianjin,83
Kyoto,82
