name,unique_exits,total_exits,exit_rate
/pl/3/tutorial/datastructures.html,32,38,
/pl/3/tutorial/index.html,25,25,
/pl/3/tutorial/venv.html,15,15,
/pl/3/,13,16,
/pl/dev/tutorial/classes.html,13,15,
/pl/3/library/functions.html,12,12,
/pl/dev/library/turtle.html,12,12,
/pl/3/tutorial/appetite.html,10,12,
/pl/3.14/tutorial/interpreter.html,8,8,
/pl/3/library/index.html,8,11,
/pl/dev/tutorial/inputoutput.html,8,8,
/3/,7,7,
/pl/3.14/library/functions.html,7,8,
/pl/3/reference/index.html,7,9,
/pl/3/tutorial/,7,7,
/pl/3.14/library/stdtypes.html,6,6,
/pl/3/tutorial/modules.html,6,6,
/pl/3/tutorial/classes.html,5,5,
/pl/3/tutorial/controlflow.html,5,5,
/pl/3/tutorial/errors.html,5,5,
/pl/3/tutorial/interpreter.html,5,5,
/pl/3.14/,4,4,
/pl/3.14/tutorial/introduction.html,4,5,
/pl/3/genindex-U.html,4,4,
/pl/3/installing/index.html,4,5,
/pl/3/tutorial/introduction.html,4,4,
/pl/3/using/mac.html,4,4,
/3/library/math.html,3,3,
/3/reference/lexical_analysis.html,3,3,
/3/tutorial/index.html,3,3,
/pl/3.14/library/tkinter.html,3,3,
/pl/3.14/tutorial/,3,3,
/pl/3.15/using/windows.html,3,3,
/pl/3/extending/extending.html,3,4,
/pl/3/search.html,3,3,
/pl/3/tutorial/inputoutput.html,3,3,
/pl/dev/c-api/typeobj.html,3,3,
/pl/dev/library/ctypes.html,3,3,
/pl/dev/tutorial/introduction.html,3,3,
/3.14/index.html,2,2,
/3.14/installing/index.html,2,1,
/3.15/,2,2,
/3/library/functions.html,2,2,
/3/library/random.html,2,2,
/3/library/turtle.html,2,2,
/3/library/unittest.html,2,3,
/3/library/venv.html,2,2,
/dev/using/windows.html,2,2,
/pl/3.12/tutorial/index.html,2,2,
/pl/3.12/tutorial/inputoutput.html,2,2,
/pl/3.14/library/index.html,2,2,
/pl/3.14/reference/index.html,2,2,
/pl/3.14/tutorial/classes.html,2,2,
/pl/3.14/tutorial/datastructures.html,2,2,
/pl/3.14/tutorial/index.html,2,2,
/pl/3.15/search.html,2,2,
/pl/3.15/whatsnew/3.15.html,2,2,
/pl/3/c-api/index.html,2,2,
/pl/3/contents.html,2,2,
/pl/3/library/constants.html,2,2,
/pl/3/library/turtle.html,2,2,
/pl/3/reference/lexical_analysis.html,2,2,
/pl/3/whatsnew/3.12.html,2,2,
/pl/dev/genindex-A.html,2,2,
/pl/dev/library/multiprocessing.html,2,2,
/3.12/search.html,1,1,
/3.13/,1,1,
/3.13/library/idle.html,1,1,
/3.14/,1,1,
/3.14/extending/embedding.html,1,1,
/3.14/library/csv.html,1,1,
/3.14/library/index.html,1,1,
/3.14/library/stdtypes.html,1,1,
/3.14/tutorial/,1,1,
/3.14/tutorial/classes.html,1,1,
/3.14/tutorial/index.html,1,1,
/3.14/tutorial/inputoutput.html,1,1,
/3.15/library/stdtypes.html,1,1,
/3.15/search.html,1,1,
/3.15/using/windows.html,1,1,
/3/extending/building.html,1,1,
/3/faq/index.html,1,1,
/3/genindex.html,1,1,
/3/howto/logging.html,1,1,
/3/library/,1,1,
/3/library/csv.html,1,1,
/3/library/datetime.html,1,1,
/3/library/dialog.html,1,1,
/3/library/functools.html,1,1,
/3/library/html.html,1,1,
/3/library/json.html,1,1,
/3/reference/,1,1,
/3/tutorial/,1,1,
/3/tutorial/appetite.html,1,1,
/3/tutorial/datastructures.html,1,1,
/3/tutorial/venv.html,1,1,
/3/whatsnew/3.14.html,1,1,
/dev/tutorial/classes.html,1,1,
/it/3.13/installing/index.html,1,1,
/ja/3.14/glossary.html,1,1,
