name,visitors
New York City,39
Tokyo,33
Singapore,33
Bengaluru,32
Hyderabad,31
Warsaw,28
Los Angeles,28
Beijing,26
Berlin,25
Guangzhou,23
Shanghai,22
São Paulo,20
London,19
Prague,18
Zürich,17
Paris,17
San Jose,17
Tel Aviv,16
Hong Kong,16
Ashburn,16
Chicago,16
Helsinki,15
Amsterdam,15
Toronto,15
Pune,14
Munich,14
Madrid,14
N/A,14
Chengdu,13
Seattle,13
Chennai,12
Osaka,12
Vienna,12
San Francisco,12
Vancouver,12
Moscow,11
Sydney,11
Taipei,10
Melbourne,10
Brussels,10
Wrocław,10
Nairobi,9
Riga,9
Mumbai,9
Bangkok,9
Shenzhen,9
Oslo,9
Cairo,8
Saint Petersburg,8
Belgrade,8
Hamburg,8
Budapest,8
Rome,8
Denver,8
Athens,7
Kyiv,7
New Delhi,7
Zhengzhou,7
N/A,7
Frankfurt am Main,7
Washington,7
Austin,7
Reston,7
Cambridge,7
Minneapolis,7
Boardman,7
Jerusalem,6
Abu Dhabi,6
Raipur,6
Hangzhou,6
Stockholm,6
Utrecht,6
Stuttgart,6
Dallas,6
Boston,6
Queens,6
N/A,6
Kolkata,5
Quezon City,5
Xi’an,5
Wuhan,5
Nanjing,5
Guiyang,5
Changsha,5
Seoul,5
Iwakuni,5
Brisbane,5
Göteborg,5
Köln,5
Ljubljana,5
Stafford,5
Edmonton,5
Dubai,4
Petaẖ Tiqwa,4
Vilnius,4
Yerevan,4
Sofia,4
Dhaka,4
Vadodara,4
Lucknow,4
Kathmandu,4
Hanoi,4
Jakarta,4
Manila,4
Kuala Lumpur,4
Taiyuan,4
Qingdao,4
Chongqing,4
Tsuen Wan,4
Nishinomiya-hama,4
Fukuoka,4
Accra,4
Copenhagen,4
Nürnberg,4
Jena,4
Dublin,4
Lyon,4
Barcelona,4
Goiânia,4
Campinas,4
Santiago,4
Atlanta,4
Louisville,4
Charlotte,4
Columbus,4
Philadelphia,4
San Antonio,4
Ankeny,4
San Diego,4
Portland,4
Calgary,4
Kitchener,4
Laval,4
Ottawa,4
Victoria,4
Lambeth,4
Kampala,3
Haifa,3
Addis Ababa,3
Tbilisi,3
Minsk,3
Bucharest,3
Odessa,3
Islamabad,3
Ludhiāna,3
Delhi,3
Ahmedabad,3
Ho Chi Minh City,3
Hsinchu,3
Batangas,3
Wuxi,3
Hefei,3
N/A,3
N/A,3
Yokohama,3
Suzhou,3
Perth,3
Sapporo,3
Lisbon,3
Aalborg,3
Manchester,3
Leicester,3
Islington,3
Barnet,3
Maarssen,3
Seligenstadt,3
Schwabach,3
Brignoles,3
Bratislava,3
Kraków,3
Turin,3
Milan,3
Salvador,3
Rio de Janeiro,3
Curitiba,3
Tampa,3
St. Louis,3
Raleigh,3
Frisco,3
New Haven,3
Newington,3
Jersey City,3
Brooklyn,3
Buffalo,3
Livermore,3
Sunnyvale,3
Ogden,3
Montréal,3
N/A,3
N/A,3
N/A,2
Limassol,2
Kaisarianí,2
Kuwait City,2
Netanya,2
Ankara,2
Al Minyā,2
Ufa,2
Samara,2
Penza,2
Järvenpää,2
Iaşi,2
Khmelnytskyy,2
Istanbul,2
Pretoria,2
Antananarivo,2
Karachi,2
Visakhapatnam,2
Srinagar,2
Sāvantvādi,2
Patna,2
Malīhābād,2
Kanpur,2
Gurgaon,2
Coimbatore,2
Chandīgarh,2
Bhubaneshwar,2
Agra,2
Barnaul,2
Balqash,2
Bishkek,2
Semarang,2
Denpasar,2
N/A,2
Imus,2
Zhaoqing,2
Zhuhai,2
Shantou,2
Pingdingshan,2
Ningbo,2
Nanyang,2
Kunming,2
Jining,2
Jinan,2
Huzhou,2
Cangzhou,2
Binzhou,2
Baoding,2
Macau,2
Yangsan,2
N/A,2
Kimhae,2
Hwaseong-si,2
Atsugi,2
N/A,2
Saga,2
Kobe,2
Kamakura,2
Seongnam-si,2
Irkutsk,2
Changchun,2
Toride,2
Akita,2
Auckland,2
Douala,2
Ibadan,2
Valencia,2
Granada,2
N/A,2
Marrakesh,2
Casablanca,2
Næstved,2
Yeovil,2
Sheffield,2
Nuneaton,2
Norwich,2
Hounslow,2
N/A,2
Edinburgh,2
Chipping Norton,2
Bristol,2
Brighton,2
Brent,2
Zug,2
Chur,2
Bern,2
Basel,2
Tilburg,2
Schiedam,2
Rotterdam,2
Wuppertal,2
Stralsund,2
Rosenheim,2
Karlsruhe,2
Göttingen,2
Garbsen,2
Fürth,2
Düsseldorf,2
Dresden,2
Peyrins,2
Nîmes,2
Mérignac,2
Massy,2
Campbon,2
Bobigny,2
Agen,2
Brno,2
Sosnowiec,2
Pruszcz Gdański,2
Poznań,2
