property,value,visitors,events,percentage
url,(none),90,121,100.0
url,https://opentechschool.github.io/python-beginners/en/getting_started.html#what-is-python-exactly,2,2,2.2
url,https://bootstrap.pypa.io/get-pip.py,1,1,1.1
url,https://docs.python-guide.org/starting/installation/#installation,1,1,1.1
url,https://docs.python.org/3/library/venv.html,1,1,1.1
url,https://github.com/pypa/packaging.python.org/pull/283,1,1,1.1
url,https://pipx.pypa.io/,1,1,1.1
url,https://pypi.org/project/keyring/,1,1,1.1
url,https://stackoverflow.com/a/14638025,1,1,1.1
url,https://twine.readthedocs.io/en/latest/,1,1,1.1
url,https://www.sphinx-doc.org/,1,1,1.1
