property,value,visitors,events,percentage
url,(none),2599,4462,99.5
url,https://www.python.org/,48,50,1.8
url,https://docs.python.org/pt-br/3.13/archives/python-3.13-docs-pdf-a4.zip,11,11,0.4
url,https://www.zlib.net/,6,6,0.2
url,https://docs.python.org/pt-br/3.15/archives/python-3.15-docs-pdf-a4.zip,4,4,0.2
url,https://docs.python.org/pt-br/3/archives/python-3.13-docs-pdf-a4.zip,4,4,0.2
url,https://wiki.python.org/moin/BeginnersGuide,4,4,0.2
url,http://www.zlib.net/,3,3,0.1
url,https://docs.python.org/pt-br/3.13/archives/python-3.13-docs-text.zip,3,10,0.1
url,https://github.com/python/cpython/tree/3.13/Lib/tkinter/__init__.py,3,3,0.1
url,https://packaging.python.org/pt-br/latest/guides/installing-using-pip-and-virtual-environments/#create-and-use-virtual-environments,3,3,0.1
url,http://www.zlib.net/manual.html,2,2,0.1
url,https://docs.python.org/pt-br/3.13/archives/python-3.13-docs-html.zip,2,6,0.1
url,https://github.com/python/cpython/tree/3.13/Lib/csv.py,2,3,0.1
url,https://packaging.python.org/,2,2,0.1
url,https://tkdocs.com/,2,2,0.1
url,https://wiki.python.org/moin/PythonBooks,2,2,0.1
url,https://www.python.org/doc/av/,2,2,0.1
url,https://beeware.org/,1,2,0.0
url,https://buildozer.readthedocs.io/,1,1,0.0
url,https://core.tcl.tk/tips/doc/trunk/tip/48.md,1,1,0.0
url,https://docs.python.org/pt-br/3.15/archives/python-3.15-docs-pdf-a4.tar.bz2,1,1,0.0
url,https://docs.python.org/pt-br/3.15/archives/python-3.15-docs-text.zip,1,1,0.0
url,https://en.wikipedia.org/wiki/Cursor_(databases),1,1,0.0
url,https://github.com/python/cpython/blob/main/Doc/contents.rst?plain=1,1,1,0.0
url,https://github.com/python/cpython/blob/main/Doc/library/string.rst?plain=1,1,1,0.0
url,https://github.com/python/cpython/blob/main/Doc/tutorial/classes.rst?plain=1,1,1,0.0
url,https://github.com/python/cpython/blob/main/Doc/tutorial/index.rst?plain=1,1,1,0.0
url,https://github.com/python/cpython/issues/111246,1,1,0.0
url,https://github.com/python/cpython/tree/3.13/Lib/dataclasses.py,1,1,0.0
url,https://github.com/python/cpython/tree/3.13/Lib/os.py,1,1,0.0
url,https://github.com/python/cpython/tree/3.13/Lib/turtle.py,1,1,0.0
url,https://mypy.readthedocs.io/en/stable/cheat_sheet_py3.html,1,1,0.0
url,https://no-color.org/,1,1,0.0
url,https://peps.python.org/,1,1,0.0
url,https://peps.python.org/pep-0719/,1,1,0.0
url,https://peps.python.org/pep-0750/,1,1,0.0
url,https://peps.python.org/pep-3131/,1,1,0.0
url,https://pypi.org/,1,1,0.0
url,https://pypi.org/project/DateType/,1,1,0.0
url,https://pypi.org/project/aiosmtpd/,1,2,0.0
url,https://pypi.org/project/pip/,1,1,0.0
url,https://pypi.org/project/pygame/,1,1,0.0
url,https://termux.dev/en/,1,1,0.0
url,https://translate.google.com/website?sl=auto&tl=pt&hl=pt-BR&client=webapp&u=https://en.wikipedia.org/wiki/Thread_(computing),1,1,0.0
url,https://webassembly.org/,1,1,0.0
url,https://www.python.org/about/success,1,1,0.0
