name,unique_entrances,total_entrances,visit_duration
/ja/3/,180,194,253
/ja/3/library/functions.html,170,173,95
/ja/3/library/index.html,150,164,147
/ja/3.13/tutorial/,135,143,171
/ja/3/tutorial/index.html,119,134,365
/ja/3/tutorial/,118,124,251
/ja/3/library/stdtypes.html,116,124,128
/ja/3.13/c-api/capsule.html,114,115,25
/ja/3.13/library/re.html,93,103,48
/ja/3.13/library/logging.html,90,94,123
/ja/3.13/library/datetime.html,86,87,38
/ja/3/library/pathlib.html,71,72,75
/ja/3.13/library/subprocess.html,63,66,43
/ja/3.13/library/stdtypes.html,59,61,94
/ja/3.13/library/random.html,58,58,53
/ja/3/tutorial/datastructures.html,58,58,204
/ja/3.13/library/typing.html,54,57,146
/ja/3/reference/introduction.html,54,56,10
/ja/3/tutorial/controlflow.html,49,57,125
/ja/3.13/library/exceptions.html,48,50,30
/ja/3.13/library/json.html,48,50,49
/ja/3.13/library/sqlite3.html,48,49,109
/ja/3/library/math.html,48,51,68
/ja/3/tutorial/introduction.html,48,53,83
/ja/3/tutorial/classes.html,47,50,64
/ja/3.13/library/enum.html,46,49,100
/ja/3/tutorial/interpreter.html,46,47,300
/ja/3.13/library/argparse.html,43,45,122
/ja/3/library/datetime.html,43,43,32
/ja/3/library/os.html,43,44,85
/ja/3.13/library/csv.html,41,42,58
/ja/3.13/tutorial/errors.html,41,42,136
/ja/3.13/library/itertools.html,40,41,49
/ja/3.13/library/multiprocessing.html,40,42,173
/ja/3.13/library/threading.html,39,40,117
/ja/3/library/venv.html,39,39,36
/3/,38,38,602
/ja/3.13/tutorial/inputoutput.html,38,41,197
/ja/3.13/library/tkinter.html,37,38,275
/ja/3/library/time.html,37,37,125
/ja/3.13/library/math.html,34,34,44
/ja/3/library/os.path.html,34,34,131
/ja/3.13/library/urllib.parse.html,33,33,81
/ja/3/library/functools.html,33,34,42
/ja/3.13/howto/sorting.html,32,32,42
/ja/3/library/xml.etree.elementtree.html,32,33,132
/ja/3.13/library/shutil.html,31,32,170
/ja/3.13/library/venv.html,31,32,105
/ja/3.13/bugs.html,29,31,1
/ja/3.13/reference/index.html,29,32,342
/ja/3.13/library/dataclasses.html,28,28,293
/ja/3/tutorial/appetite.html,28,28,493
/ja/3.13/using/windows.html,27,27,31
/ja/3/library/re.html,27,27,148
/ja/3.13/library/logging.handlers.html,26,28,348
/ja/3.13/library/string.html,26,27,42
/ja/3.13/library/unittest.mock.html,26,28,242
/ja/3.13/tutorial/controlflow.html,26,26,392
/ja/3/library/itertools.html,26,26,103
/ja/3/library/exceptions.html,25,25,186
/dev/using/windows.html,24,24,723
/ja/3.13/library/struct.html,23,23,14
/ja/3/index.html,23,24,183
/ja/3/search.html,23,26,370
/ja/3.13/library/idle.html,22,25,66
/ja/3/c-api/bytes.html,22,22,1
/ja/3/library/string.html,22,22,308
/ja/3/reference/index.html,22,23,280
/ja/3/tutorial/modules.html,22,23,226
/ja/3.13/library/asyncio.html,21,21,263
/ja/3.14/,21,27,950
/ja/3/library/typing.html,21,21,272
/ja/3.13/library/io.html,20,21,289
/ja/3.13/library/zipfile.html,20,20,226
/ja/3/using/windows.html,19,21,125
/ja/3.13/library/__main__.html,18,19,37
/ja/3.13/library/index.html,18,18,134
/ja/3.13/library/warnings.html,18,20,123
/ja/3.13/whatsnew/index.html,18,18,608
/ja/3/library/ctypes.html,18,18,33
/ja/3/using/cmdline.html,18,18,29
/ja/3.13/installing/index.html,17,17,2
/ja/3.13/library/base64.html,17,17,81
/ja/3.13/library/pickle.html,17,17,113
/ja/3.13/library/socket.html,17,17,1
/ja/3.13/tutorial/modules.html,17,17,204
/ja/3.13/library/asyncio-task.html,16,17,343
/ja/3.13/library/concurrent.futures.html,16,16,97
/ja/3.13/library/http.server.html,16,16,236
/ja/3.13/library/queue.html,16,16,80
/ja/3.13/library/unittest.html,16,16,1
/ja/3.13/library/urllib.request.html,16,17,239
/ja/3.14/library/functions.html,16,18,972
/ja/3.14/search.html,16,21,1142
/ja/3/library/logging.html,16,18,121
/ja/3/reference/compound_stmts.html,16,16,75
/ja/3/reference/datamodel.html,16,22,57
/ja/3.13/library/difflib.html,15,16,2
/ja/3.13/library/ssl.html,15,15,73
/ja/3.14/library/index.html,15,15,247
/ja/3/howto/argparse.html,15,15,1
/ja/3/library/tkinter.html,15,15,87
/ja/3.13/howto/logging.html,14,14,149
/ja/3.13/library/decimal.html,14,14,2
/ja/3.13/search.html,14,15,420
/ja/3/library/subprocess.html,14,15,213
/ja/3.13/,13,14,97
/ja/3.13/glossary.html,13,13,41
/ja/3.13/library/contextlib.html,13,15,1232
/ja/3.13/tutorial/introduction.html,13,13,161
/ja/3/howto/logging-cookbook.html,13,14,288
/ja/3/library/multiprocessing.html,13,13,230
/ja/3/library/random.html,13,13,0
/ja/3/library/turtle.html,13,14,230
/ja/3/library/unittest.html,13,14,205
/ja/3/reference/expressions.html,13,13,73
/ja/dev/tutorial/index.html,13,13,1
/ja/3.13/library/functions.html,12,12,364
/ja/3.13/library/hashlib.html,12,12,28
/ja/3.13/library/tempfile.html,12,12,479
/ja/3.13/library/tkinter.ttk.html,12,12,74
/ja/3.13/tutorial/interpreter.html,12,14,1024
/ja/3.14/using/windows.html,12,12,1
/ja/3.14/whatsnew/3.14.html,12,13,1004
/ja/3/library/secrets.html,12,12,0
/ja/3.13/reference/datamodel.html,11,11,37
/ja/3.13/tutorial/index.html,11,14,139
/ja/3/c-api/dict.html,11,11,241
/ja/3/howto/logging.html,11,11,254
/ja/3/library/collections.html,11,11,9
/ja/3/library/json.html,11,12,4
/ja/dev/tutorial/errors.html,11,11,10
/ja/3.12/library/index.html,10,10,159
/ja/3.13/library/asyncio-eventloop.html,10,10,259
/ja/3.13/library/collections.html,10,10,160
/ja/3.13/library/dialog.html,10,10,57
/ja/3.13/library/ftplib.html,10,10,0
/ja/3.13/library/glob.html,10,10,420
/ja/3.13/tutorial/classes.html,10,12,2
/ja/3/contents.html,10,10,95
/ja/3/library/csv.html,10,10,50
/ja/3/library/http.client.html,10,10,169
/ja/3/library/pdb.html,10,12,0
/ja/3/whatsnew/3.14.html,10,10,74
/3/library/index.html,9,9,931
/ja/3.12/,9,9,440
/ja/3.13/howto/unicode.html,9,9,114
/ja/3.13/library/gzip.html,9,9,30
/ja/3.13/library/heapq.html,9,9,47
/ja/3.13/library/inspect.html,9,9,27
/ja/3.13/reference/expressions.html,9,13,21
/ja/3.14/library/stdtypes.html,9,9,873
/ja/3/library/,9,9,312
/ja/3/library/codecs.html,9,9,9
/ja/3/reference/lexical_analysis.html,9,9,0
/ja/3/reference/simple_stmts.html,9,9,247
/ja/3/tutorial/errors.html,9,9,2
/ja/3/tutorial/floatingpoint.html,9,10,28
/3/tutorial/index.html,8,8,96
/ja/3.12/index.html,8,9,190
/ja/3.13/library/ipaddress.html,8,8,202
/ja/3.13/library/pathlib.html,8,8,0
/ja/3.13/library/profile.html,8,8,28
/ja/3.13/library/sys.html,8,8,59
/ja/3.13/tutorial/datastructures.html,8,9,160
/ja/3.15/using/windows.html,8,8,150
/ja/3/installing/index.html,8,8,0
/ja/3/library/bisect.html,8,8,97
/ja/3/library/intro.html,8,8,54
/ja/3/library/shutil.html,8,8,6
/ja/3/library/statistics.html,8,8,39
/ja/3/library/struct.html,8,9,0
/ja/3/tutorial/inputoutput.html,8,8,519
/ja/3.13/contents.html,7,7,1027
/ja/3.13/index.html,7,7,322
/ja/3.13/library/ast.html,7,7,0
/ja/3.13/library/collections.abc.html,7,7,537
/ja/3.13/library/errno.html,7,7,175
/ja/3.13/library/fractions.html,7,7,8
/ja/3.13/library/mimetypes.html,7,8,222
/ja/3.13/library/operator.html,7,7,103
/ja/3.13/library/pprint.html,7,7,0
/ja/3.13/library/signal.html,7,7,13
/ja/3.13/library/trace.html,7,7,11
/ja/3.13/library/traceback.html,7,7,0
/ja/3.13/library/turtle.html,7,7,108
/ja/3.13/library/uuid.html,7,7,262
/ja/3.13/library/wave.html,7,8,108
/ja/3.13/reference/import.html,7,7,100
/ja/3.13/reference/lexical_analysis.html,7,8,38
/ja/3.13/tutorial/floatingpoint.html,7,7,0
/ja/3.14/library/typing.html,7,7,12
/ja/3.14/tutorial/interpreter.html,7,7,75
/ja/3/library/argparse.html,7,7,5
/ja/3/library/configparser.html,7,7,4
/ja/3/library/decimal.html,7,7,1
/ja/3/library/html.parser.html,7,7,29
/ja/3/whatsnew/3.13.html,7,7,0
/ja/3.13/howto/regex.html,6,6,0
/ja/3.13/library/configparser.html,6,6,58
/ja/3.13/library/contextvars.html,6,6,3
/ja/3.13/library/curses.html,6,7,0
/ja/3.13/library/importlib.html,6,6,290
/ja/3.13/library/logging.config.html,6,6,252
/ja/3.13/library/smtplib.html,6,6,0
/ja/3.13/library/timeit.html,6,6,139
/ja/3.13/library/tomllib.html,6,6,0
/ja/3.13/library/types.html,6,6,0
/ja/3.13/tutorial/appetite.html,6,6,0
/ja/3.15/library/idle.html,6,6,204
/ja/3/library/__main__.html,6,6,0
/ja/3/library/logging.config.html,6,6,304
/ja/3/library/sys.html,6,6,71
/ja/3/library/zoneinfo.html,6,6,0
/ja/3/whatsnew/index.html,6,6,36
/3.13/,5,5,20
/ja/3.12/library/multiprocessing.shared_memory.html,5,5,383
/ja/3.13/howto/curses.html,5,5,19
/ja/3.13/library/abc.html,5,5,228
/ja/3.13/library/array.html,5,5,165
/ja/3.13/library/builtins.html,5,5,123
/ja/3.13/library/calendar.html,5,5,0
/ja/3.13/library/copy.html,5,5,0
/ja/3.13/library/os.html,5,6,78
/ja/3.13/tutorial/stdlib.html,5,5,0
/ja/3.14/glossary.html,5,5,122
/ja/3.14/index.html,5,5,6
/ja/3.14/tutorial/,5,5,18
/ja/3.14/tutorial/controlflow.html,5,7,0
/ja/3.14/tutorial/index.html,5,5,75
/ja/3.15/howto/regex.html,5,5,197
/ja/3/c-api/import.html,5,5,20
/ja/3/glossary.html,5,5,194
/ja/3/library/calendar.html,5,5,19
/ja/3/library/concurrent.futures.html,5,5,5
/ja/3/library/dataclasses.html,5,5,545
/ja/3/library/filesys.html,5,5,3
/ja/3/library/io.html,5,5,0
/ja/3/library/logging.handlers.html,5,6,8
/ja/3/library/urllib.parse.html,5,5,3
/ja/3/library/warnings.html,5,5,4
/ja/3/tutorial/venv.html,5,5,421
/ja/dev/library/hashlib.html,5,5,1
/ja/dev/using/windows.html,5,5,251
/3.14/tutorial/index.html,4,4,1062
/3/library/csv.html,4,4,99
/3/library/functions.html,4,4,835
/3/license.html,4,4,1150
/3/search.html,4,4,221
/ja/3.12/library/functions.html,4,4,398
/ja/3.12/library/os.html,4,4,119
/ja/3.12/search.html,4,4,676
/ja/3.12/tutorial/index.html,4,5,0
/ja/3.12/whatsnew/index.html,4,4,1320
/ja/3.13/c-api/buffer.html,4,4,0
/ja/3.13/c-api/index.html,4,4,80
/ja/3.13/library/asyncio-queue.html,4,4,18
/ja/3.13/library/binascii.html,4,4,432
/ja/3.13/library/concurrency.html,4,4,1312
/ja/3.13/library/doctest.html,4,4,1314
/ja/3.13/library/filecmp.html,4,4,118
/ja/3.13/library/gc.html,4,4,0
/ja/3.13/library/getpass.html,4,4,0
/ja/3.13/library/socketserver.html,4,4,8
/ja/3.13/library/stat.html,4,5,173
/ja/3.13/library/time.html,4,4,1
/ja/3.13/library/urllib.html,4,4,28
/ja/3.13/library/zlib.html,4,4,0
/ja/3.13/reference/toplevel_components.html,4,4,16
/ja/3.13/using/configure.html,4,4,1
/ja/3.13/whatsnew/3.8.html,4,4,0
/ja/3.14/reference/expressions.html,4,6,804
/ja/3/extending/embedding.html,4,4,21
/ja/3/faq/programming.html,4,4,0
/ja/3/howto/functional.html,4,4,0
/ja/3/howto/regex.html,4,4,0
/ja/3/library/asyncio.html,4,4,10
/ja/3/library/constants.html,4,4,579
/ja/3/library/http.server.html,4,4,220
/ja/3/library/pickle.html,4,4,589
/ja/3/library/pyexpat.html,4,4,0
/ja/3/library/string.templatelib.html,4,4,1
/ja/3/library/zipfile.html,4,4,0
/ja/3/license.html,4,5,31
/ja/3/reference/import.html,4,4,401
/ja/dev/library/asyncio-task.html,4,4,476
/ja/dev/library/pathlib.html,4,4,787
/ja/dev/library/pwd.html,4,4,0
/ko/dev/c-api/marshal.html,4,4,162
/3.15/whatsnew/3.15.html,3,3,3
/3/library/dataclasses.html,3,3,22
/3/library/pathlib.html,3,3,1612
/3/library/stdtypes.html,3,3,1508
/3/library/subprocess.html,3,3,616
/3/library/typing.html,3,3,36
/3/reference/index.html,3,3,265
/3/tutorial/datastructures.html,3,3,6
/3/using/windows.html,3,3,345
/ja/3.12/glossary.html,3,3,71
/ja/3.12/library/datetime.html,3,3,400
