name,visitors,bounce_rate,visit_duration
copilot.com,885,35,218
chatgpt.com,768,44,177
perplexity,20,43,61
hackernoon.com,12,75,24
yandex,8,56,66
itdo.com,6,43,193
site,5,0,205
www.8kmm.com,4,100,0
blog.tericcabrel.com,3,67,4
crypto-robot.com,3,67,2
en.blog.mantiks.io,3,67,5
faun,3,33,147
gfxhacks.com,3,100,0
marketsplash.com,3,100,0
stackshare.io,3,67,5
etgps.net,2,100,0
ethicalads-placement,2,100,0
jessehouwing.net,2,0,30
metodologia.arcos.org.br,2,100,0
needlify.com,2,100,0
sparkle,2,100,0
zalo,2,100,0
adwords,1,100,0
allthings.how,1,0,180
bitto.jp,1,100,0
blog.europython.eu,1,100,0
blog.ippon.fr,1,100,0
blog.sunggwanchoi.com,1,100,0
blog.teclado.com,1,100,0
bubble.io,1,100,0
curtisjones.com,1,100,0
datascientyst.com,1,100,0
david-gomes,1,100,0
defiplot.com,1,100,0
game-dev-guides.beehiiv.com,1,100,0
gettingstarted.ai,1,100,0
hirement,1,100,0
huongdanlaptrinh.net,1,100,0
idcsharp.com,1,100,0
import,1,100,0
leanpub.com,1,100,0
learn-ubuntu,1,0,42
novelbits.io,1,100,0
online-directory,1,100,0
openai,1,0,302
post_page-----75918fe12609---------------------------------------,1,0,1340
post_page-----b030d96bcbd0---------------------------------------,1,0,19
post_page-----ddddbc6f4282--------------------------------…,1,0,65
post_page-----fbb9c0f1949c---------------------------------------,1,100,0
softhints.com,1,100,0
startuptoolchain,1,100,0
telegram,1,0,116
thaka-io,1,100,0
thomasardal.com,1,0,67
tyoma.io,1,0,19
www.learnxops.com,1,0,315
yctheman.io,1,100,0
