name,unique_entrances,total_entrances,visit_duration
/3/,17,17,166
/tr/3/tutorial/index.html,13,13,150
/3.13/using/windows.html,8,8,158
/tr/3/installing/index.html,8,8,9
/tr/3.13/tutorial/index.html,7,8,1594
/tr/3/,6,6,29
/tr/3.13/tutorial/controlflow.html,5,8,3
/3/tutorial/index.html,3,3,224
/tr/3.13/,3,3,239
/tr/3.13/search.html,3,3,16
/tr/3.13/tutorial/introduction.html,3,3,3
/3.13/index.html,2,2,46
/3.13/tutorial/index.html,2,2,554
/3/download.html,2,2,37
/3/library/index.html,2,2,226
/tr/3.13/tutorial/,2,2,0
/tr/3.13/using/windows.html,2,2,0
/tr/3/library/functions.html,2,2,0
/tr/3/tutorial/controlflow.html,2,2,0
/tr/3/tutorial/modules.html,2,3,0
/3.13/,1,1,1510
/3.13/tutorial/,1,1,11
/3.13/tutorial/errors.html,1,1,278
/3.15/tutorial/introduction.html,1,1,741
/3.15/whatsnew/3.15.html,1,1,11
/3/genindex.html,1,1,194
/3/howto/regex.html,1,1,2655
/3/library/asyncio-eventloop.html,1,1,195
/3/library/ipaddress.html,1,1,89
/3/library/os.html,1,1,55
/3/library/os.path.html,1,1,0
/3/library/re.html,1,1,2973
/3/library/stdtypes.html,1,1,60
/3/library/tkinter.html,1,1,5
/3/tutorial/,1,1,181
/3/tutorial/datastructures.html,1,1,6
/3/whatsnew/,1,1,480
/tr/3.12/,1,1,1702
/tr/3.12/tutorial/controlflow.html,1,1,0
/tr/3.12/tutorial/inputoutput.html,1,1,0
/tr/3.13/download.html,1,1,111
/tr/3.13/glossary.html,1,1,281
/tr/3.13/installing/,1,1,0
/tr/3.13/library/array.html,1,1,0
/tr/3.13/library/functions.html,1,1,0
/tr/3.13/library/os.html,1,1,0
/tr/3.13/library/os.path.html,1,1,0
/tr/3.13/library/pathlib.html,1,1,4
/tr/3.13/library/stdtypes.html,1,1,0
/tr/3.13/py-modindex.html,1,1,38
/tr/3.13/reference/expressions.html,1,1,61
/tr/3.13/tutorial/datastructures.html,1,1,5
/tr/3.13/tutorial/errors.html,1,2,0
/tr/3.13/tutorial/modules.html,1,1,0
/tr/3.13/whatsnew/,1,1,441
/tr/3.14/library/index.html,1,1,0
/tr/3.15/tutorial/interpreter.html,1,1,0
/tr/3.15/whatsnew/3.15.html,1,1,0
/tr/3/tutorial/,1,1,0
/tr/3/tutorial/interpreter.html,1,1,20
/tr/3/whatsnew/3.8.html,1,1,0
/zh-cn/3.13/,1,1,80
