name,version,visitors
Chrome,140.0,957
Mobile App,(not set),499
Chrome,141.0,345
Microsoft Edge,141.0,172
Microsoft Edge,140.0,146
Safari,18.6,134
Firefox,143.0,115
Safari,26.0,78
Chrome,139.0,67
Huawei Browser Mobile,16.0,48
Mobile App,97.0,38
Chrome,138.0,32
Chrome,126.0,28
Safari,17.6,19
Safari,18.7,19
Safari,18.5,16
Safari,16.6,13
Firefox,140.0,10
Safari,18.3,9
Brave,(not set),8
Chrome,131.0,7
Firefox,142.0,7
Safari,17.5,7
Opera,122.0,6
Chrome,134.0,6
Microsoft Edge,139.0,6
Safari,15.6,6
UC Browser,18.1,6
Safari,18.1,6
(not set),(not set),5
Chrome,125.0,5
Chrome,135.0,5
vivo Browser,26.4,5
vivo Browser,26.5,5
Opera,120.0,4
Chrome,133.0,4
Chrome,137.0,4
Microsoft Edge,138.0,4
Safari,18.4,4
Quark,7.16,4
Chrome,108.0,3
Safari,15.4,3
Safari,16.1,3
Safari,16.3,3
MIUI Browser,20.4,3
vivo Browser,26.2,3
Huawei Browser Mobile,5.1,3
Meizu Browser,10.4,2
Mobile App,114.0,2
Chrome,117.0,2
Chrome,119.0,2
Huawei Browser Mobile,12.1,2
Chrome,122.0,2
Chrome,123.0,2
Microsoft Edge,133.0,2
Chrome,136.0,2
Chrome,138,2
Chrome,141,2
Chrome,143.0,2
Safari,16.5,2
Safari,17.1,2
Safari,17.2,2
Safari,17.7,2
UC Browser,18.0,2
MIUI Browser,20.2,2
vivo Browser,26.1,2
vivo Browser,26.3,2
Safari,(not set),1
vivo Browser,10.1,1
Meizu Browser,10.6,1
Chrome,100.0,1
Chrome,109.0,1
Microsoft Edge,109.0,1
Firefox,115.0,1
Chrome,116.0,1
Microsoft Edge,117.0,1
Chrome,120.0,1
Mobile App,120.0,1
Chrome,121.0,1
Firefox,128.0,1
Chrome,129.0,1
Microsoft Edge,129.0,1
Safari,13.1,1
Microsoft Edge,131.0,1
AdBlock Browser,133.0,1
Microsoft Edge,134.0,1
Firefox,135.0,1
Mobile App,138.0,1
Mobile Silk,138.3,1
Safari,16.4,1
Safari,17.14,1
Safari,17.4,1
Safari,18.0,1
vivo Browser,18.7,1
QQ Browser,19.7,1
MIUI Browser,19.9,1
Sogou Explorer,2,1
MIUI Browser,20.3,1
vivo Browser,24.7,1
vivo Browser,25.3,1
Samsung Browser,28.0,1
Oppo Browser,4.7,1
vivo Browser,5.1,1
Firefox,56.0,1
Mobile App,59.0,1
Quark,6.0,1
Rakuten Web Search,6.114,1
UBrowser,6.2,1
Chrome,69.0,1
Chrome,86.0,1
Mobile App,92.0,1
Chrome,92.0,1
Chrome,95.0,1
Chrome,97.0,1
