name,visitors,pageviews,bounce_rate,time_on_page,scroll_depth
/es/3.13/tutorial/index.html,628,783,62,52,53
/es/3/tutorial/,379,480,59,43,52
/es/3.13/library/tkinter.html,291,344,74,77,34
/es/3.13/library/index.html,217,247,69,45,39
/es/3.13/,206,209,49,16,75
/es/3.13/tutorial/interpreter.html,197,217,70,59,67
/es/3/tutorial/index.html,188,232,67,351,52
/es/3.13/tutorial/appetite.html,169,149,62,65,86
/es/3/tutorial/interpreter.html,165,183,61,72,74
/es/3.13/search.html,156,224,31,27,52
/es/3.13/tutorial/introduction.html,156,175,73,96,50
/es/3.13/tutorial/datastructures.html,153,150,89,101,35
/es/3.13/tutorial/venv.html,148,154,93,53,47
/es/3/tutorial/appetite.html,146,126,66,77,88
/es/3.13/library/functions.html,141,142,84,57,31
/es/3/tutorial/introduction.html,140,135,79,142,55
/es/3.13/tutorial/controlflow.html,127,135,72,106,37
/es/3/,122,147,55,18,82
/es/3/tutorial/controlflow.html,114,109,77,87,37
/es/3.13/library/stdtypes.html,107,108,76,93,26
/es/3.13/tutorial/classes.html,99,103,91,93,31
/es/3.13/library/tk.html,86,96,63,31,66
/es/3.13/tutorial/errors.html,86,86,90,96,36
/es/3/library/index.html,83,88,63,77,42
/es/3/tutorial/datastructures.html,82,95,76,140,40
/es/3.13/installing/index.html,79,79,87,40,64
/es/3/library/functions.html,75,80,89,78,40
/es/3.13/library/idle.html,71,78,87,47,25
/es/3/library/stdtypes.html,67,77,87,53,32
/es/3/search.html,66,126,42,22,48
/es/3.13/library/datetime.html,65,66,89,89,30
/es/3.13/library/re.html,65,66,94,119,30
/es/3.13/using/windows.html,56,46,88,64,35
/es/3.13/tutorial/inputoutput.html,48,47,71,58,41
/es/3/library/tkinter.html,48,58,90,55,38
/es/3/tutorial/classes.html,48,52,91,110,49
/es/3.12/tutorial/index.html,45,73,74,105,63
/es/3.13/contents.html,45,42,33,26,14
/es/3.13/library/string.html,44,40,93,51,30
/es/3/reference/lexical_analysis.html,44,47,88,64,53
/es/3/glossary.html,43,45,73,58,26
/es/dev/tutorial/controlflow.html,43,49,76,101,34
/es/3.13/whatsnew/3.13.html,42,49,60,93,25
/es/3.13/index.html,39,50,57,18,78
/es/3.13/tutorial/,39,45,67,41,55
/es/3.13/library/venv.html,38,34,85,16,30
/es/3/library/json.html,37,37,88,67,35
/es/3.13/library/random.html,36,36,77,99,29
/es/3.13/howto/logging.html,35,33,89,119,27
/es/3.13/library/tkinter.ttk.html,35,31,72,41,35
/es/3/library/argparse.html,35,35,85,62,36
/es/3/tutorial/errors.html,35,35,95,63,31
/es/3.13/library/array.html,34,34,83,23,72
/es/3.13/reference/index.html,34,37,60,18,53
/es/3.13/library/math.html,32,36,82,45,42
/es/3.13/tutorial/modules.html,32,28,85,237,44
/es/3.13/download.html,30,26,43,14,83
/es/3/library/random.html,30,27,78,47,35
/es/3.13/glossary.html,29,25,67,31,25
/es/3.13/library/csv.html,29,32,88,29,41
/es/3/library/exceptions.html,28,33,70,84,64
/es/3.13/reference/introduction.html,27,28,95,126,60
/es/3/tutorial/inputoutput.html,27,33,80,95,63
/es/3/library/tk.html,26,41,70,17,42
/es/3/tutorial/modules.html,26,25,80,36,51
/es/3/tutorial/venv.html,26,25,94,64,62
/es/3.13/howto/sorting.html,25,26,92,45,44
/es/3/library/math.html,25,27,85,30,36
/es/3.13/howto/regex.html,23,20,74,124,30
/es/3.13/using/editors.html,23,23,88,42,88
/es/3/genindex-Símbolos.html,23,24,86,39,48
/es/3.13/reference/import.html,22,22,90,22,25
/es/3.13/reference/lexical_analysis.html,22,19,92,96,35
/es/3/reference/expressions.html,22,25,53,78,77
/es/3.13/library/email.examples.html,21,21,88,39,47
/es/3/library/datetime.html,21,19,100,24,16
/es/dev/tutorial/,21,27,68,26,62
/es/3.13/library/os.html,20,17,80,281,27
/es/3.13/library/shutil.html,20,19,88,26,38
/es/3/using/cmdline.html,20,18,81,146,23
/es/3.13/library/smtplib.html,19,20,73,113,45
/es/3/library/asyncio.html,19,20,71,54,62
/es/3.13/library/intro.html,18,15,40,75,64
/es/3.13/reference/compound_stmts.html,18,18,67,39,20
/es/3.13/tutorial/stdlib.html,18,16,0,91,70
/es/3/contents.html,18,26,29,26,30
/es/3/installing/index.html,18,15,91,22,62
/es/3/library/statistics.html,18,20,80,81,39
/es/dev/using/windows.html,18,17,71,12,5
/es/3.13/library/__main__.html,17,18,94,35,52
/es/3.13/library/exceptions.html,17,16,25,82,65
/es/3/library/decimal.html,16,15,100,23,7
/es/3/library/unittest.html,16,17,85,13,22
/es/3/py-modindex.html,16,19,75,84,32
/es/dev/library/venv.html,16,16,75,16,32
/es/3.13/library/collections.html,15,15,100,127,40
/es/3.13/tutorial/appendix.html,15,13,100,17,65
/es/3.15/,15,15,0,16,76
/es/3/reference/index.html,15,16,33,74,58
/es/3/tutorial/appendix.html,15,13,50,48,77
