name,visitors
Singapore,522
Hong Kong,490
Shanghai,446
Beijing,431
Guangzhou,399
Shenzhen,253
Tokyo,243
Chengdu,168
Los Angeles,167
Hangzhou,144
Nanjing,116
Xi’an,107
Wuhan,93
Changsha,89
Bangkok,86
Jakarta,77
Guiyang,73
Tianjin,68
Suzhou,67
Taipei,60
Chongqing,54
Qingdao,52
N/A,51
Manila,50
Zhengzhou,48
Xiamen,43
Iwakuni,40
San Jose,39
N/A,36
Nanchang,34
Hefei,34
Kunming,32
Fuzhou,32
Kuala Lumpur,31
Kuala Selangor,30
Dongguan,30
Nanning,28
Xiaogan,27
Seattle,27
Wuxi,26
Shijiazhuang,26
Ningbo,25
Osaka,25
Santa Clara,25
Shenyang,24
Wuhu,22
Jinan,21
Taichung,19
Taiyuan,18
Liaocheng,18
Zhoukou,17
Wan Chai,17
Shaoxing,14
Huzhou,14
Dalian,14
Changzhou,14
Council Bluffs,14
N/A,14
Chang-hua,13
Tsuen Wan,13
London,13
Chicago,13
Jining,12
Seoul,12
Kaohsiung,10
Weifang,10
Sydney,10
Wenzhou,9
Zunyi,8
Mianyang,8
Jiaxing,8
N/A,8
N/A,8
N/A,8
Paris,8
Xiangtan,7
Lanzhou,7
Langfang,7
Harbin,7
New York City,7
Toronto,7
Zhenjiang,6
Yinchuan,6
Zhuhai,6
Changsha,6
Putian,6
Pingdingshan,6
Huizhou,6
Handan,6
Changchun,6
Buffalo,6
San Francisco,6
Inzai,6
Zhongshan,6
Bengaluru,5
Ganzhou,5
Hiroshima,5
Brisbane,5
Phoenix,5
Fremont,5
Boardman,5
Portland,5
Taoyuan City,5
Taizhou,5
Moscow,4
Nantou,4
Hsinchu,4
Cebu City,4
N/A,4
Zhangzhou,4
Zibo,4
Tongshan,4
Weihai,4
Luoyang,4
Luohe,4
Jingzhou,4
Haikou,4
Fengtai,4
Deyang,4
N/A,4
Coventry,4
Rome,4
Austin,4
Dallas,4
Tukwila,4
Burnaby,4
Central,4
Shengpu,4
Warsaw,3
Yangon,3
Bekasi,3
Tainan,3
Xindian,3
Petaling Jaya,3
Zhuzhou,3
Kunshan,3
Xingtai,3
Haining,3
Chengxiang,3
Shanwei,3
Sanming,3
Quanzhou,3
Qinzhou,3
Nantong,3
Jiujiang,3
Foshan,3
Baoding,3
N/A,3
N/A,3
N/A,3
N/A,3
Macau,3
Chuncheon,3
Nagoya,3
Adelaide,3
Sapporo,3
Melbourne,3
Stockholm,3
Washington,3
Middletown,3
Pasadena,3
Hillsboro,3
Vancouver,3
Phuket,2
Mumbai,2
Novosibirsk,2
Yuanlin,2
Taoyuan,2
N/A,2
Kuching,2
Yunfu,2
Yuncheng,2
Xinyu,2
Xianyang,2
Tongling,2
Taizhou,2
Sanmenxia,2
Pudong,2
Ninghai,2
Lincheng,2
Fuyang,2
N/A,2
N/A,2
Sham Shui Po,2
Cheongju-si,2
Yokohama,2
Urayasu,2
N/A,2
N/A,2
Port Moresby,2
Lisbon,2
N/A,2
Birmingham,2
Solna,2
Assen,2
N/A,2
Magdeburg,2
Frankfurt am Main,2
Dreieich,2
Saint-Ouen,2
Kraków,2
Našice,2
Aachen,2
São Paulo,2
Oklahoma City,2
Richardson,2
Urbana,2
West Lafayette,2
Milford,2
Newark,2
Piscataway,2
The Bronx,2
Hellertown,2
Providence,2
Dublin,2
East Los Angeles,2
Morgan Hill,2
San Pablo,2
Las Vegas,2
Draper,2
Salt Lake City,2
Kent,2
Liberty Lake,2
N/A,2
Mississauga,2
Richmond,2
Halifax,2
N/A,2
N/A,2
N/A,2
N/A,2
N/A,2
Athens,1
Dubai,1
Oradea,1
Istanbul,1
Belgrade,1
Johannesburg,1
Chiang Mai,1
Ürümqi,1
Ho Chi Minh City,1
Hạ Long,1
Hanoi,1
Surabaya,1
N/A,1
N/A,1
N/A,1
Yilan,1
N/A,1
Jiayi Shi,1
Mandaluyong City,1
Batu Pahat,1
Johor Bahru,1
Klang,1
Semenyih,1
N/A,1
N/A,1
Zhuji,1
Anyang,1
Yantai,1
Zhangjiagang,1
Xinxiang,1
Xiangyang,1
Jieyang,1
Jinjiang,1
Nanyang,1
Meizhou,1
Guankou,1
Linyi,1
Lin’an,1
Kaifeng,1
Cixi,1
Haidian,1
Guilin,1
Chuzhou,1
Yiwu,1
Baiyin,1
Tuen Mun,1
N/A,1
Yokkaichi,1
Sakai,1
Kyoto,1
Kitakyushu,1
Chigasaki,1
N/A,1
N/A,1
Hunan,1
Zhaodong,1
Hohhot,1
N/A,1
Hastings,1
Kinshasa,1
Manchester,1
Kensington,1
Fulham,1
Edinburgh,1
Steinhausen,1
Genève,1
Malmö,1
Haarlem,1
