name,version,visitors
Windows,10,16527
Mac,10.15,4316
GNU/Linux,(not set),1359
Android,10,654
iOS,18.5,374
Ubuntu,(not set),328
Windows,7,93
Android,15,57
Chrome OS,14541.0,53
Android,14,20
Android,13,18
iOS,17.6,18
Android,12,15
iOS,18.3,15
iOS,18.1,11
iOS,18.4,11
Windows,8.1,11
Android,11,10
iOS,19.0,8
iOS,16.7,7
iOS,18.0,6
iOS,18.6,6
(not set),(not set),5
iOS,17.7,5
iOS,18.2,5
iOS,15.4,4
iOS,17.4,4
Mac,10.13,3
Mac,13.3,3
iOS,14.0,3
Android,16,3
iOS,17.0,3
iOS,17.1,3
iOS,17.5,3
Android,8.1,3
HarmonyOS,(not set),2
Windows Mobile,10,2
Mac,10.14,2
iOS,10.3,2
iOS,15.8,2
iOS,16.1,2
iPadOS,17.7,2
Android,5.1,2
Fire OS,7,2
Android,7.0,2
Mac,10.11,1
Mac,14.3,1
iPadOS,15.6,1
iOS,16.0,1
iOS,16.4,1
iOS,16.5,1
HarmonyOS,3.0,1
Android,7.1,1
Android,9,1
Windows,Server 2003,1
Windows,XP,1
