name,visitors,bounce_rate,visit_duration
chatgpt.com,1097,68,112
perplexity,28,68,24
yandex,22,36,324
hackernoon.com,19,68,222
zalo,6,83,2
Securitylab.ru,5,80,528
logotypus.com,5,60,2
devkoriel,4,80,2
ya,4,50,21
itdo.com,3,100,0
leanpub.com,3,67,89
ethicalads-placement,2,50,6
polygon.io,2,50,5
slothbytes.beehiiv.com,2,100,0
36kdh.com,1,100,0
CSDN,1,100,0
blog,1,100,0
blog.cybersader.com,1,100,0
blog.tericcabrel.com,1,0,637
blogs,1,0,346
console.dev,1,0,4
crypto-robot.com,1,100,0
empty-space,1,100,0
faronics,1,0,2027
ghost.codersera.com,1,0,37
laconsole.dev,1,100,0
learn-ubuntu,1,0,44
post_page-----ddddbc6f4282---------------------------------------,1,100,0
remote3.co,1,0,1048
rss,1,100,0
site,1,100,0
thomasardal.com,1,0,4
update,1,0,2
