name,visitors,pageviews,bounce_rate,time_on_page,scroll_depth
/zh-cn/3/tutorial/index.html,1028,1199,61,29,56
/zh-cn/3.13/tutorial/index.html,685,827,54,35,58
/zh-cn/3/,672,805,51,25,77
/zh-cn/3.13/,507,579,38,24,80
/zh-cn/3/library/index.html,382,480,57,36,51
/zh-cn/3.13/library/index.html,339,440,47,41,51
/zh-cn/3/tutorial/interpreter.html,286,288,67,69,82
/zh-cn/3.13/tutorial/interpreter.html,275,274,59,78,80
/zh-cn/3/tutorial/controlflow.html,267,283,74,243,48
/zh-cn/3.13/tutorial/introduction.html,245,262,71,175,61
/zh-cn/3/tutorial/introduction.html,242,254,69,166,60
/zh-cn/3.13/tutorial/controlflow.html,239,255,71,230,51
/zh-cn/3.13/library/functions.html,228,234,72,68,46
/zh-cn/3/tutorial/appetite.html,218,204,40,74,88
/zh-cn/3.13/tutorial/appetite.html,209,178,54,62,89
/zh-cn/3/reference/index.html,200,228,51,35,70
/zh-cn/3.13/using/index.html,192,201,60,23,74
/zh-cn/3/library/functions.html,192,224,76,82,35
/zh-cn/3/tutorial/,187,243,57,46,53
/zh-cn/3.13/library/stdtypes.html,179,190,72,77,40
/zh-cn/3.13/index.html,178,216,42,25,81
/zh-cn/3.13/search.html,171,225,38,40,55
/zh-cn/3/search.html,155,206,51,54,40
/zh-cn/3.13/tutorial/datastructures.html,148,133,69,120,55
/zh-cn/3.13/library/venv.html,144,150,91,56,40
/zh-cn/3/using/mac.html,139,147,83,86,48
/zh-cn/3.13/glossary.html,132,116,63,57,47
/zh-cn/3.13/reference/index.html,128,149,42,49,76
/zh-cn/3/tutorial/datastructures.html,125,121,73,164,59
/zh-cn/3.13/tutorial/classes.html,121,111,70,235,55
/zh-cn/3/library/turtle.html,121,133,85,92,22
/zh-cn/3.13/installing/index.html,118,113,79,31,75
/zh-cn/3/library/stdtypes.html,115,120,75,127,45
/zh-cn/3/index.html,112,134,49,12,80
/zh-cn/3/library/idle.html,111,109,81,32,26
/zh-cn/3/tutorial/classes.html,111,102,81,179,50
/zh-cn/3.13/whatsnew/3.13.html,106,90,78,76,27
/zh-cn/3/using/index.html,104,109,68,30,81
/zh-cn/3.13/contents.html,101,119,61,81,18
/zh-cn/3/glossary.html,95,92,56,93,34
/zh-cn/3.13/tutorial/,94,98,56,46,52
/zh-cn/3.12/,93,101,49,12,77
/zh-cn/3.13/using/windows.html,92,86,81,59,38
/zh-cn/3/contents.html,92,95,57,26,20
/zh-cn/3.13/download.html,90,82,81,29,90
/zh-cn/3/library/math.html,90,95,80,49,50
/zh-cn/3/library/multiprocessing.html,89,98,82,80,27
/zh-cn/3.13/tutorial/modules.html,87,73,67,173,69
/zh-cn/3/tutorial/inputoutput.html,86,84,82,98,53
/zh-cn/3.13/using/cmdline.html,84,73,46,53,38
/zh-cn/3.13/tutorial/inputoutput.html,83,84,70,160,56
/zh-cn/3.12/library/index.html,80,106,50,39,48
/zh-cn/3.12/library/functions.html,78,87,90,96,55
/zh-cn/3/library/tk.html,75,83,44,34,76
/zh-cn/3/library/tkinter.html,75,81,61,125,51
/zh-cn/3.12/using/mac.html,74,78,88,46,66
/zh-cn/3/using/,73,77,61,23,79
/zh-cn/3.13/tutorial/errors.html,70,66,80,191,49
/zh-cn/3.13/reference/datamodel.html,67,83,70,129,57
/zh-cn/3/download.html,67,57,65,32,92
/zh-cn/3/tutorial/modules.html,67,62,54,167,58
/zh-cn/3/using/windows.html,67,68,79,73,42
/zh-cn/3/reference/lexical_analysis.html,65,55,80,81,67
/zh-cn/3.12/tutorial/index.html,63,79,27,28,75
/zh-cn/3.15/,63,64,14,10,81
/zh-cn/3.14/whatsnew/3.14.html,59,53,58,71,32
/zh-cn/3/tutorial/errors.html,59,47,60,72,43
/zh-cn/3/tutorial/stdlib.html,58,49,67,84,54
/zh-cn/3/library/venv.html,57,61,89,87,30
/zh-cn/3.13/py-modindex.html,56,58,55,22,47
/zh-cn/3/library/os.html,56,59,85,64,35
/zh-cn/3.13/library/re.html,55,50,100,102,39
/zh-cn/3.13/howto/index.html,54,54,25,23,89
/zh-cn/3.13/library/asyncio.html,54,91,46,55,89
/zh-cn/3/tutorial/venv.html,52,50,83,37,71
/zh-cn/3.13/tutorial/venv.html,51,42,84,66,73
/zh-cn/3.13/using/mac.html,51,50,81,26,58
/zh-cn/3/reference/datamodel.html,50,52,71,122,42
/zh-cn/3.13/library/string.html,49,43,40,92,56
/zh-cn/3.13/reference/compound_stmts.html,49,50,80,144,32
/zh-cn/3.15/tutorial/index.html,49,56,29,33,63
/zh-cn/3/library/asyncio.html,49,70,58,51,77
/zh-cn/3.13/library/asyncio-task.html,47,46,80,128,43
/zh-cn/3.13/tutorial/stdlib.html,47,39,33,177,66
/zh-cn/3.13/tutorial/stdlib2.html,47,35,42,94,70
/zh-cn/3/using/cmdline.html,47,44,86,71,40
/zh-cn/3.13/reference/expressions.html,46,40,53,90,51
/zh-cn/3/library/re.html,46,45,90,205,31
/zh-cn/3/whatsnew/3.13.html,46,37,45,105,29
/zh-cn/3/reference/introduction.html,45,43,29,78,85
/zh-cn/3/installing/index.html,44,43,71,21,58
/zh-cn/3.13/c-api/index.html,43,41,88,53,72
/zh-cn/3.13/library/pathlib.html,43,38,75,99,49
/zh-cn/3.13/reference/lexical_analysis.html,43,39,50,132,46
/zh-cn/3.13/library/os.html,41,38,67,59,43
/zh-cn/3.13/using/android.html,41,45,71,36,89
/zh-cn/3.12/library/stdtypes.html,39,37,79,217,35
/zh-cn/3.12/search.html,39,64,29,12,54
/zh-cn/3.13/library/intro.html,39,37,50,30,75
/zh-cn/3.13/reference/introduction.html,39,29,67,67,86
