name,visitors
Tokyo,99
Osaka,28
Yokohama,5
Kyoto,5
Hiroshima,5
Hamamatsu,5
Isesaki,4
N/A,4
Nishinomiya-hama,3
N/A,3
Hakodate,3
N/A,3
N/A,3
N/A,3
Van,2
Shanghai,2
N/A,2
N/A,2
Toyama,2
Nagoya,2
Kobe,2
Kagoshima,2
N/A,2
N/A,2
East Lansing,2
Santa Ana,2
N/A,2
Ōshū,2
N/A,2
N/A,2
N/A,2
N/A,2
N/A,2
N/A,2
N/A,2
N/A,2
N/A,2
N/A,2
N/A,2
N/A,2
N/A,2
N/A,2
Chang-hua,1
Beijing,1
Hong Kong,1
Zama,1
Urayasu,1
N/A,1
Tokorozawa,1
N/A,1
Tochigi,1
Tanashichō,1
Takarazuka,1
Takamatsu,1
Shizuoka,1
N/A,1
N/A,1
Saku,1
Sakai,1
Okazaki,1
Okayama,1
Odawara,1
N/A,1
Nishio,1
Naha,1
Nagasaki,1
Nagareyama,1
Miyazaki,1
N/A,1
Matsudo,1
Machida,1
Kōfu,1
N/A,1
Kawaguchi,1
Kasugai,1
Kashiwa,1
Kanazawa,1
Isahaya,1
Ibaraki,1
N/A,1
Hikone,1
Fukuoka,1
N/A,1
N/A,1
Singapore,1
Asaka,1
N/A,1
N/A,1
Matsuyama,1
Narita,1
Akita,1
Sapporo,1
Ebetsu,1
Asahikawa,1
New York City,1
Portland,1
Niiza,1
Kitanagoya,1
N/A,1
N/A,1
N/A,1
N/A,1
N/A,1
N/A,1
N/A,1
N/A,1
N/A,1
N/A,1
N/A,1
N/A,1
Ōsaka-sayama,1
N/A,1
N/A,1
N/A,1
N/A,1
N/A,1
