name,version,visitors
Windows,10,3164
Mac,10.15,908
GNU/Linux,(not set),352
Android,10,105
Ubuntu,(not set),104
iOS,18.5,41
Windows,7,26
Android,15,18
Android,13,8
Chrome OS,14541.0,6
Android,14,5
Windows,8.1,5
HarmonyOS,(not set),4
Android,12,3
iOS,16.1,3
iOS,17.5,3
Windows,(not set),2
Mac,10.13,2
Android,16,2
HarmonyOS,3.0,2
Android,7.0,2
Windows,8,2
Mac,10.14,1
iOS,10.3,1
Android,11,1
iOS,11.0,1
iOS,12.4,1
iOS,13.6,1
Mac,14.0,1
iOS,15.6,1
iOS,15.7,1
Android,8.1,1
