name,visitors
Taipei,404
New Taipei,209
Taichung,143
Kaohsiung,113
Taoyuan,112
Hsinchu County,78
Tainan,51
Hsinchu,42
Changhua,18
Guangdong,13
Tokyo,12
Chiayi County,11
Yilan,10
Shanghai,8
Hualien,8
Miaoli,8
California,8
Chiayi,6
England,5
Yuen Long New Territories,5
Pingtung,5
Beijing,4
Eastern Hong Kong Island,4
Sha Tin New Territories,4
Karnataka,4
Texas,4
Jiangsu,3
Kowloon City Kowloon,3
Kwai Tsing New Territories,3
Kuala Lumpur,3
Quebec,2
Bern,2
Henan,2
Sichuan,2
Shandong,2
Zhejiang,2
Berlin,2
Lower Saxony,2
Cairo,2
Île-de-France,2
Wan Chai Hong Kong Island,2
Sai Kung New Territories,2
Tai Po New Territories,2
Delhi,2
Gujarat,2
Kanagawa,2
North Holland,2
Rasina,2
Bangkok,2
Nantou,2
Yunlin,2
Washington,2
Tashkent,2
Victoria,1
Amazonas,1
São Paulo,1
Hubei,1
Hebei,1
Yunnan,1
Bavaria,1
Kwun Tong Kowloon,1
Yau Tsim Mong Kowloon,1
Osaka,1
Southland,1
Moscow,1
Taitung,1
Georgia,1
Maryland,1
Pennsylvania,1
Virginia,1
Ho Chi Minh City,1
Amanat Al Asimah,1
