name,visitors
Tokyo,200
Yokohama,73
Singapore,66
Osaka,65
Nagoya,48
Sapporo,45
N/A,35
Shanghai,31
Kyoto,29
Kawasaki,25
Shenzhen,22
Fukuoka,22
Chengdu,18
Guangzhou,14
Chiba,14
Wuhan,12
Kobe,12
Kawaguchi,12
N/A,12
N/A,12
Beijing,11
N/A,11
Nishinomiya-hama,11
N/A,11
N/A,11
Sakai,10
Okayama,10
Utsunomiya,9
Kumamoto,9
Hiroshima,9
Hamamatsu,9
N/A,9
Kunming,8
Matsudo,8
Kokubunji,8
Fujisawa,8
Sendai,8
N/A,8
Nagano,7
Machida,7
N/A,7
Kagoshima,7
Akita,7
N/A,7
N/A,7
N/A,7
Zhenjiang,6
Wuxi,6
Fuzhou,6
Dalian,6
Yokkaichi,6
Takatsuki,6
Suita,6
Okazaki,6
Iwakuni,6
Hachiōji,6
Chigasaki,6
Asaka,6
N/A,6
N/A,6
Zhengzhou,5
Tianjin,5
Jiaxing,5
Huizhou,5
Hangzhou,5
Changzhou,5
Atsugi,5
Tokushima,5
Takasaki,5
Shizuoka,5
Niigata,5
Matsumoto,5
N/A,5
Higashi-ōsaka,5
Suzhou,5
Mito,5
Nisshin,5
Hanoi,4
Xi’an,4
Jiangmen,4
Foshan,4
N/A,4
Tanashichō,4
Suzuka,4
N/A,4
Ōtsu,4
Ōta,4
Naha,4
Nagareyama,4
Musashino,4
N/A,4
Kitakyushu,4
Kawagoe,4
Kasugai,4
Kanazawa,4
Fukuyama,4
Fukui-shi,4
Shenyang,4
Kani,4
N/A,4
N/A,4
N/A,4
Ichikawa-minami,4
N/A,4
N/A,4
N/A,4
N/A,4
N/A,4
N/A,4
Shijiazhuang,3
Shantou,3
Hefei,3
Guiyang,3
Changsha,3
Yokosuka,3
Ube,3
Toyota,3
Toyohashi,3
Toyama,3
Tamano,3
Seto,3
Odawara,3
Matsue,3
Maebashi,3
Kasukabe,3
Kashiwa,3
Kamakura,3
Honjō,3
Himeji,3
Gifu-shi,3
N/A,3
Amagasaki,3
Ageoshimo,3
Sayama,3
Matsuyama,3
Yonezawa,3
Shiroi,3
Ashburn,3
Misato,3
Niiza,3
N/A,3
N/A,3
N/A,3
N/A,3
N/A,3
N/A,3
N/A,3
N/A,3
N/A,3
N/A,3
N/A,3
N/A,3
N/A,3
N/A,3
Medina,2
Kolkata,2
N/A,2
Bến Tre,2
Yangzhou,2
Dongyang,2
Quanzhou,2
Nanning,2
Nanjing,2
Huainan,2
Chongqing,2
Hong Kong,2
N/A,2
Tsuruoka,2
Tsu,2
N/A,2
Tokorozawa,2
Takarazuka,2
N/A,2
Sakata,2
Sakaidechō,2
Ōita,2
Numazu,2
N/A,2
Nanao,2
Nagaoka,2
Moriguchi,2
Kurume,2
Koshigaya,2
N/A,2
Kisarazu,2
Katsuyama,2
Kasaoka,2
Kanuma,2
N/A,2
Isesaki,2
Inazawa,2
Ikoma,2
Ibaraki,2
N/A,2
Hiratsuka,2
Hadano,2
N/A,2
N/A,2
Okinawa,2
Seongnam-si,2
N/A,2
Wakayama,2
Saijō,2
Hohhot,2
Tōgane,2
Narita,2
Ishioka,2
Ichinoseki,2
N/A,2
Tomakomai,2
Hakodate,2
Bibai,2
Walthamstow,2
Meldorf,2
Göttingen,2
Katsuragi,2
Tama,2
Higashiyamato,2
Kasuga,2
Sōsa,2
Yachiyo,2
Yurihonjō,2
Aisai,2
Saitama,2
Zhongshan,2
N/A,2
N/A,2
N/A,2
N/A,2
N/A,2
N/A,2
N/A,2
N/A,2
N/A,2
N/A,2
N/A,2
N/A,2
N/A,2
N/A,2
N/A,2
N/A,2
N/A,2
N/A,2
N/A,2
N/A,2
N/A,2
N/A,2
N/A,2
N/A,2
N/A,2
N/A,2
N/A,2
N/A,2
N/A,2
N/A,2
N/A,2
N/A,2
N/A,2
N/A,2
N/A,2
Shatura,1
Baku,1
Istanbul,1
New Delhi,1
Dehra Dūn,1
Bengaluru,1
Ahmedabad,1
Ho Chi Minh City,1
Huế,1
Xinxiang,1
Zhuhai,1
Wenzhou,1
Tangshan,1
Suzhou,1
Qingdao,1
Pingdingshan,1
Nantong,1
Ma’anshan,1
Lianyun,1
Lanzhou,1
Lanxi,1
Langfang,1
Jinhua,1
Jingmen,1
Jinan,1
Huzhou,1
Cixi,1
N/A,1
Haikou,1
N/A,1
Seoul,1
Akashi,1
Yao,1
Ueda,1
N/A,1
Tosu,1
N/A,1
N/A,1
N/A,1
Takamatsu,1
