name,unique_entrances,total_entrances,visit_duration
/3/,11348,11666,222
/3/library/venv.html,7632,7866,90
/3/library/functions.html,5188,5433,171
/3/library/datetime.html,5115,5349,138
/3/library/stdtypes.html,4322,4517,189
/3/tutorial/index.html,3587,3755,207
/3/library/re.html,3535,3687,163
/3/library/typing.html,3236,3367,162
/3/tutorial/datastructures.html,3133,3274,194
/3/library/csv.html,3027,3165,156
/3/library/turtle.html,2761,3037,166
/3/library/idle.html,2640,2705,75
/3/library/tkinter.html,2638,2729,126
/3/library/random.html,2459,2529,126
/3/library/argparse.html,2426,2541,208
/3/tutorial/,2329,2456,155
/3/library/logging.html,2239,2354,243
/3/tutorial/errors.html,2188,2237,160
/3/library/index.html,2045,2148,225
/3/library/subprocess.html,2009,2125,231
/3/library/collections.html,1957,2013,124
/3/library/math.html,1925,2000,135
/3/using/windows.html,1913,2016,149
/3/library/pathlib.html,1796,1893,219
/3/tutorial/classes.html,1763,1836,160
/3/library/multiprocessing.html,1760,1874,231
/3/library/itertools.html,1707,1788,162
/3/library/os.html,1619,1680,237
/3/library/dataclasses.html,1599,1687,243
/3/library/unittest.html,1599,1689,181
/3/library/unittest.mock.html,1513,1638,197
/3/library/exceptions.html,1493,1528,149
/3/library/json.html,1481,1531,163
/3/tutorial/controlflow.html,1404,1495,189
/3/library/sqlite3.html,1380,1471,171
/3/tutorial/inputoutput.html,1330,1360,207
/3/library/enum.html,1328,1378,166
/3/tutorial/modules.html,1293,1328,185
/3/library/string.html,1251,1287,152
/3/library/asyncio-task.html,1239,1302,231
/3/library/time.html,1231,1255,145
/3/library/threading.html,1174,1223,169
/3/library/os.path.html,1169,1208,163
/3/library/xml.etree.elementtree.html,1121,1189,231
/3/library/asyncio.html,1084,1131,290
/3/tutorial/venv.html,1055,1105,106
/3/library/concurrent.futures.html,1034,1099,213
/3/library/functools.html,981,1020,163
/3/howto/sorting.html,945,978,105
/3/library/socket.html,924,972,247
/3/library/pickle.html,920,942,98
/3/installing/index.html,868,887,76
/3/library/shutil.html,858,889,154
/3/howto/logging.html,856,881,230
/3/library/struct.html,834,891,156
/3/library/heapq.html,823,850,136
/3/library/pdb.html,815,843,101
/3/tutorial/introduction.html,815,858,206
/zh-cn/3/,778,814,214
/3/search.html,769,861,360
/3/using/mac.html,748,758,78
/3/reference/datamodel.html,722,744,215
/3/library/tempfile.html,661,688,168
/3/library/sys.html,660,679,208
/3/tutorial/interpreter.html,637,676,132
/3/library/copy.html,626,633,111
/3/library/io.html,613,638,246
/3/library/abc.html,601,621,142
/3/library/hashlib.html,586,619,171
/3/library/glob.html,575,585,185
/3/library/queue.html,574,593,188
/3/library/configparser.html,568,596,187
/3/howto/regex.html,566,583,143
/3/py-modindex.html,563,599,164
/3/library/zipfile.html,557,581,227
/3/reference/import.html,555,562,137
/3/library/urllib.parse.html,547,568,211
/3/whatsnew/3.13.html,534,551,147
/3/library/pprint.html,528,535,81
/zh-cn/3/tutorial/index.html,527,556,203
/3/using/cmdline.html,512,524,130
/3/library/http.server.html,507,530,191
/3/glossary.html,484,500,240
/3/library/uuid.html,444,455,135
/3/library/profile.html,437,461,96
/3/library/decimal.html,427,442,89
/3/reference/expressions.html,427,442,183
/3/library/,426,445,161
/3/library/smtplib.html,420,431,136
/3/library/ctypes.html,411,434,188
/3/library/ast.html,406,420,153
/fr/3/tutorial/,397,409,208
/3/library/asyncio-eventloop.html,395,421,293
/3/library/operator.html,395,403,127
/3/library/warnings.html,389,407,137
/3/library/timeit.html,381,392,122
/3/reference/lexical_analysis.html,372,390,136
/3/library/contextlib.html,364,376,193
/3/license.html,362,367,98
/3/tutorial/floatingpoint.html,351,363,92
/3/library/base64.html,348,360,118
/ja/3/library/codecs.html,348,353,38
/3/howto/unicode.html,345,352,125
/3/library/traceback.html,343,355,196
/3/library/difflib.html,342,355,175
/3/library/__main__.html,337,343,116
/3/library/importlib.html,337,349,217
/3/library/bisect.html,325,329,100
/3/library/logging.handlers.html,320,345,186
/3/library/codecs.html,313,319,138
/3/reference/index.html,312,319,308
/3/howto/argparse.html,311,318,290
/3/library/ssl.html,305,325,190
/3/library/urllib.request.html,304,315,217
/3/library/tk.html,300,313,183
/3/library/ipaddress.html,297,309,147
/3/howto/enum.html,292,304,190
/3/reference/compound_stmts.html,288,294,164
/3/using/android.html,284,287,58
/3/library/ensurepip.html,283,289,176
/3/library/email.examples.html,271,282,134
/3/library/tkinter.ttk.html,264,275,249
/zh-cn/3/library/turtle.html,260,279,124
/3/library/inspect.html,258,265,205
/3/index.html,255,273,285
/ja/3/tutorial/,241,244,238
/es/3/tutorial/,238,243,219
/3/library/signal.html,229,238,265
/3/contents.html,228,237,270
/3/howto/sockets.html,226,232,151
/3/library/gc.html,226,240,131
/3/download.html,224,232,79
/3/extending/extending.html,221,229,180
/3/library/statistics.html,220,229,117
/3/reference/simple_stmts.html,219,220,206
/3/library/array.html,216,218,171
/3/whatsnew/3.12.html,212,217,132
/3/howto/logging-cookbook.html,210,226,431
/3/library/secrets.html,208,216,97
/3/library/urllib.html,205,206,164
/3/library/tkinter.messagebox.html,199,211,150
/3/library/http.client.html,196,200,201
/3/faq/,195,196,218
/3/library/collections.abc.html,191,197,213
/3/library/webbrowser.html,191,204,132
/3/library/html.parser.html,189,195,154
/3/howto/curses.html,187,194,257
/3/library/asyncio-sync.html,185,198,295
/zh-cn/3/library/index.html,185,193,242
/3/using/index.html,184,185,178
/3/library/dialog.html,182,191,155
/3/library/logging.config.html,181,192,406
/ja/3/c-api/import.html,179,179,3
/3/faq/windows.html,178,180,110
/3/tutorial/appetite.html,175,206,243
/3/library/calendar.html,171,178,119
/3/library/ftplib.html,171,184,221
/3/library/textwrap.html,171,175,135
/3/library/tarfile.html,168,182,318
/3/library/fnmatch.html,165,168,193
/3/library/gzip.html,162,171,270
/3/whatsnew/3.8.html,161,166,74
/3/library/getpass.html,156,159,44
/3/whatsnew/3.10.html,155,156,170
/3/library/unittest.mock-examples.html,154,160,251
/3/library/zoneinfo.html,150,159,115
/3/library/pydoc.html,147,151,155
/3/library/types.html,138,140,158
/3/library/asyncio-queue.html,135,144,274
/3/library/tomllib.html,133,136,154
/3/extending/embedding.html,130,134,182
/3/library/doctest.html,130,134,97
/3/library/tracemalloc.html,126,134,75
/3/library/multiprocessing.shared_memory.html,125,131,225
/3/faq/programming.html,124,131,135
/3/library/http.html,124,132,199
/ja/3/,124,136,206
/3/library/asyncio-stream.html,120,128,452
/3/library/binascii.html,118,120,104
/3/using/ios.html,117,122,59
/3/library/imaplib.html,116,128,144
/3/howto/functional.html,115,121,127
/3/library/constants.html,115,116,135
/3/library/contextvars.html,115,119,367
/3/howto/descriptor.html,111,115,206
/3/library/socketserver.html,107,119,192
/zh-cn/3/library/idle.html,107,108,55
/3/library/fractions.html,106,110,209
/3/library/zlib.html,104,108,168
/zh-cn/3/library/functions.html,103,113,212
/3/library/asyncio-dev.html,102,103,292
/3/library/asyncio-future.html,102,103,180
/zh-cn/3/tutorial/,101,111,162
/ja/3/library/stdtypes.html,100,102,147
/pt-br/3/,99,109,260
/3/c-api/index.html,98,98,565
/3/library/datatypes.html,98,100,203
/3/library/curses.html,97,98,242
/3/whatsnew/3.11.html,97,100,141
/3/library/wave.html,96,101,192
/es/3/,96,98,262
/3/using/unix.html,95,100,77
/3/library/shlex.html,94,94,128
/3/library/mimetypes.html,92,93,132
/3/library/dis.html,90,94,290
/3/library/filesys.html,90,90,411
/ja/3/library/functions.html,90,94,240
/3.13/tutorial/index.html,89,89,928
/3/howto/annotations.html,85,86,95
/3/library/select.html,85,89,345
/zh-cn/3/library/math.html,84,100,138
/3/library/atexit.html,83,85,264
/3/library/mmap.html,83,86,129
/3/library/telnetlib.html,83,85,177
/3/library/distutils.html,81,82,116
/3/c-api/memory.html,80,83,171
/3/library/tokenize.html,79,82,25
/3/library/cmath.html,77,78,26
/3/library/importlib.metadata.html,77,81,437
/3/library/platform.html,77,77,80
/es/3/tutorial/index.html,77,85,293
/3/library/sched.html,76,77,270
/3/genindex-Symbols.html,75,75,79
/3/installing/,75,77,64
/3/tutorial/stdlib.html,75,75,204
/3/library/cmd.html,74,78,49
/3/library/locale.html,74,74,162
/zh-cn/3/using/index.html,74,74,106
/3/library/email.mime.html,73,77,139
/3/library/importlib.resources.html,73,79,239
/3/library/sys_path_init.html,72,74,241
/3/library/xml.html,72,73,203
/fr/3/library/csv.html,72,74,174
/3/whatsnew/changelog.html,71,72,135
/pl/3/tutorial/datastructures.html,70,74,94
/zh-cn/3/tutorial/introduction.html,70,75,143
/3/howto/urllib2.html,69,70,66
/3/library/filecmp.html,69,70,267
/3/library/stat.html,69,70,133
/ja/3/tutorial/index.html,68,75,234
/zh-cn/3/reference/index.html,68,81,267
/3/library/hmac.html,67,69,166
/3/reference/grammar.html,67,74,332
/3/library/xmlrpc.client.html,66,68,178
/3/library/__future__.html,63,70,122
/3/library/weakref.html,63,68,376
/3/c-api/buffer.html,62,65,263
/3/faq/general.html,62,64,98
/3/library/asyncio-subprocess.html,62,64,385
/3/whatsnew/index.html,61,62,150
/3/library/cgi.html,60,60,172
/3/library/unicodedata.html,59,60,54
/3/library/winreg.html,59,61,203
/zh-tw/3/tutorial/index.html,59,67,190
/ja/3/library/index.html,58,59,168
/fr/3/library/json.html,57,57,154
/fr/3/howto/regex.html,56,56,163
/zh-cn/3/tutorial/controlflow.html,55,60,325
/3/library/site.html,54,57,136
/3/howto/free-threading-python.html,53,56,106
/3/using/configure.html,53,58,306
/zh-cn/3/index.html,53,56,379
/3/c-api/init.html,52,57,538
/3/library/trace.html,52,53,111
/ko/3/tutorial/index.html,52,58,460
/pt-br/3/tutorial/index.html,52,56,181
/3/whatsnew/3.9.html,50,50,54
/fr/3/tutorial/datastructures.html,50,53,376
/3/library/optparse.html,49,49,386
/3/library/py_compile.html,49,50,142
/3/library/email.parser.html,48,50,366
/3/library/resource.html,48,49,122
/3/library/shelve.html,48,49,228
/3/c-api/arg.html,47,49,122
/3/library/email.html,47,47,150
/ja/3/tutorial/datastructures.html,47,49,68
/3/library/builtins.html,46,46,144
/3/library/html.html,46,47,161
/3/library/winsound.html,46,46,71
/3/library/xml.dom.minidom.html,46,47,203
/3/reference/executionmodel.html,46,48,118
/3.13/using/windows.html,45,45,831
/3/library/colorsys.html,44,45,100
/ko/3/,44,45,252
/3/library/zipapp.html,43,46,113
/ja/3/library/venv.html,43,47,41
/3/howto/index.html,42,45,176
/3/library/asyncio-runner.html,42,43,116
/3/library/email.message.html,42,44,155
/3/library/numbers.html,42,42,149
/3/library/readline.html,42,44,426
/zh-cn/3/library/stdtypes.html,42,46,152
/3/library/asyncio-protocol.html,41,44,324
/3/library/fcntl.html,41,45,228
/3/library/zipimport.html,40,40,387
/ja/3/library/tkinter.html,40,40,48
/zh-tw/3/faq/windows.html,40,40,23
/3/tutorial/stdlib2.html,39,41,228
/ja/3/library/xml.etree.elementtree.html,39,43,301
/zh-tw/3/library/re.html,39,43,250
