name,visitors
United States,39229
India,17171
Germany,10347
United Kingdom,9359
Russian Federation,8359
China,7933
France,6331
Brazil,5059
Canada,4565
Japan,4432
Netherlands,3209
Poland,2865
Australia,2752
Spain,2606
Italy,2511
Singapore,2187
Hong Kong,2057
Switzerland,1823
Sweden,1647
Mexico,1596
Taiwan,1553
South Korea,1507
Israel,1332
Indonesia,1223
Ukraine,1207
Vietnam,1156
Austria,1055
Czechia,1034
Turkey,1023
Belgium,1002
Finland,971
Pakistan,941
Colombia,932
Argentina,883
Thailand,877
Denmark,806
Philippines,800
Norway,682
Portugal,675
Romania,660
South Africa,645
Ireland,638
Egypt,619
Chile,587
Hungary,568
Nigeria,562
Iran,541
Malaysia,541
New Zealand,530
Peru,482
United Arab Emirates,446
Bangladesh,446
Greece,388
Nepal,351
Kenya,346
Saudi Arabia,339
Bulgaria,324
Morocco,314
Serbia,312
Kazakhstan,305
Belarus,296
Slovakia,237
Lithuania,206
Ecuador,200
Georgia,194
Ghana,194
Sri Lanka,193
Algeria,186
Croatia,184
Uzbekistan,184
Armenia,166
Iraq,162
Ethiopia,151
Venezuela,147
Latvia,143
Dominican Republic,142
Costa Rica,133
Estonia,127
Myanmar,121
Luxembourg,113
Tunisia,112
Slovenia,109
Bolivia,103
Cyprus,95
Cambodia,94
Azerbaijan,88
Côte d'Ivoire,85
Uruguay,81
Senegal,74
Uganda,70
Moldova,67
Paraguay,62
Guatemala,61
El Salvador,61
Yemen,61
Panama,58
Lebanon,56
Cameroon,55
Jordan,54
Mongolia,47
Seychelles,47
Albania,45
Mauritius,45
Benin,44
Puerto Rico,43
Tanzania,43
Kyrgyzstan,42
Qatar,41
Libya,38
Rwanda,38
Iceland,37
Malta,37
"Congo, The Democratic Republic of the",36
Zimbabwe,33
Bosnia and Herzegovina,32
Zambia,32
Honduras,31
Angola,30
Réunion,30
Togo,29
Cuba,27
Macao,27
Oman,27
Trinidad and Tobago,27
Mozambique,26
Bahrain,24
"Palestine, State of",24
Kuwait,23
Nicaragua,23
Burkina Faso,21
Jamaica,21
Somalia,20
Montenegro,19
North Macedonia,19
Syria,19
Madagascar,18
Afghanistan,17
Namibia,17
Malawi,16
Bhutan,14
Botswana,12
Haiti,12
Sierra Leone,12
Papua New Guinea,11
Sudan,11
Tajikistan,11
Congo,10
Gabon,10
Guinea,10
Jersey,10
Mauritania,10
Liberia,9
Maldives,9
Kosovo,9
Burundi,8
Brunei Darussalam,8
Laos,8
Lesotho,8
Niger,8
Barbados,7
Guadeloupe,7
Guyana,7
South Sudan,7
Eswatini,7
Andorra,6
Bahamas,6
Saint Lucia,6
Martinique,6
French Polynesia,6
Guam,5
Guinea-Bissau,5
Cayman Islands,5
Åland Islands,4
Bermuda,4
Grenada,4
Guernsey,4
Isle of Man,4
Antigua and Barbuda,3
"Bonaire, Sint Eustatius and Saba",3
Gambia,3
Liechtenstein,3
Belize,2
Cabo Verde,2
Djibouti,2
Eritrea,2
Faroe Islands,2
French Guiana,2
Equatorial Guinea,2
British Indian Ocean Territory,2
Monaco,2
Mali,2
New Caledonia,2
"Saint Helena, Ascension and Tristan da Cunha",2
Suriname,2
"Virgin Islands, British",2
"Virgin Islands, U.S.",2
Aruba,1
Fiji,1
Northern Mariana Islands,1
San Marino,1
Chad,1
Timor-Leste,1
Turkmenistan,1
Mayotte,1
