name,unique_entrances,total_entrances,visit_duration
/3/,21,21,1007
/tr/3.13/tutorial/controlflow.html,9,9,52
/tr/3/installing/index.html,7,7,20
/tr/3/tutorial/index.html,7,7,2
/tr/3.13/,5,5,53
/3.13/tutorial/index.html,4,4,509
/tr/3.12/tutorial/classes.html,4,12,228
/tr/3/,4,4,18
/3.13/,3,3,78
/tr/3.13/tutorial/interpreter.html,3,3,5
/3/library/idle.html,2,2,2456
/3/library/multiprocessing.html,2,2,22
/3/library/tkinter.html,2,2,174
/3/search.html,2,2,844
/3/tutorial/index.html,2,2,100
/tr/3.13/index.html,2,2,43
/tr/3.13/library/functions.html,2,2,0
/tr/3.13/library/multiprocessing.html,2,2,1240
/tr/3.13/tutorial/introduction.html,2,2,6
/tr/3/glossary.html,2,2,0
/tr/3/library/functions.html,2,2,0
/tr/3/tutorial/,2,2,0
/tr/3/tutorial/datastructures.html,2,2,12
/3.12/whatsnew/3.12.html,1,1,39
/3.13/tutorial/controlflow.html,1,1,12
/3.13/tutorial/introduction.html,1,1,375
/3.13/using/windows.html,1,1,199
/3.15/,1,1,48
/3/faq/,1,1,68
/3/library/exceptions.html,1,1,167
/3/library/functions.html,1,1,2458
/3/library/random.html,1,1,25
/3/library/socket.html,1,1,23
/3/library/subprocess.html,1,1,2978
/3/library/time.html,1,1,4343
/3/library/typing.html,1,1,0
/3/library/venv.html,1,1,162
/3/library/winreg.html,1,1,66
/3/reference/lexical_analysis.html,1,1,75
/3/tutorial/,1,1,1862
/3/tutorial/datastructures.html,1,1,17
/dev/using/windows.html,1,1,925
/tr/3.12/library/tracemalloc.html,1,1,0
/tr/3.13/library/array.html,1,1,0
/tr/3.13/library/math.html,1,1,96
/tr/3.13/library/socket.html,1,1,34
/tr/3.13/library/tkinter.html,1,1,396
/tr/3.13/library/winreg.html,1,1,0
/tr/3.13/tutorial/,1,2,1158
/tr/3.13/tutorial/classes.html,1,1,455
/tr/3.13/tutorial/datastructures.html,1,2,8
/tr/3.13/tutorial/index.html,1,1,0
/tr/3.13/using/windows.html,1,1,0
/tr/3.14/index.html,1,1,51
/tr/3.14/reference/index.html,1,1,76
/tr/3.14/tutorial/index.html,1,1,0
/tr/3.15/,1,1,0
/tr/3.15/using/windows.html,1,1,914
/tr/3/bugs.html,1,1,0
/tr/3/genindex-all.html,1,1,0
/tr/3/howto/sorting.html,1,1,0
/tr/3/tutorial/appetite.html,1,1,0
/tr/3/tutorial/inputoutput.html,1,1,0
/tr/3/tutorial/interpreter.html,1,1,0
/tr/3/using/configure.html,1,1,337
/zh-cn/3.12/installing/,1,1,1496
/zh-cn/3/,1,1,501
