property,value,visitors,events,percentage
url,(none),962467,1053077,100.0
url,https://www.python.org/,70,71,0.0
url,https://github.com/python/peps/blob/main/peps/pep-0745.rst,22,24,0.0
url,https://github.com/python/peps/blob/main/peps/pep-0790.rst,13,13,0.0
url,https://groups.google.com/d/msg/comp.lang.python/B_VxeTBClM0/L8W9KlsiriUJ,11,15,0.0
url,https://github.com/python/peps/blob/main/peps/pep-0020.rst,9,9,0.0
url,https://github.com/python/peps/blob/main/peps/pep-0664.rst,9,9,0.0
url,https://typing.python.org/en/latest/spec/directives.html#deprecated,9,9,0.0
url,https://docs.python.org/3.12/whatsnew/3.12.html,8,8,0.0
url,https://github.com/python/peps/blob/main/peps/pep-0008.rst?plain=1,8,8,0.0
url,https://packaging.python.org/en/latest/specifications/dependency-specifiers/#dependency-specifiers,8,8,0.0
url,https://docs.python.org/3.13/library/warnings.html#warnings.deprecated,7,7,0.0
url,https://github.com/python/peps/blob/main/peps/pep-0693.rst,7,7,0.0
url,http://barry.warsaw.us/software/STYLEGUIDE.txt,6,6,0.0
url,https://docs.python.org/3.14/library/string.templatelib.html#template-strings,6,6,0.0
url,https://docs.python.org/3/reference/compound_stmts.html#annotations,6,6,0.0
url,https://github.com/python/peps,6,6,0.0
url,https://github.com/python/peps/blob/main/peps/pep-0020.rst?plain=1,6,6,0.0
url,https://packaging.python.org/en/latest/specifications/,6,6,0.0
url,https://docs.python.org/3/library/stdtypes.html#types-genericalias,5,6,0.0
url,https://github.com/python/peps/blob/main/peps/pep-0596.rst,5,7,0.0
url,https://github.com/python/peps/blob/main/peps/pep-0719.rst,5,6,0.0
url,https://github.com/python/peps/blob/main/peps/pep-0745.rst?plain=1,5,5,0.0
url,https://mail.python.org/archives/list/distutils-sig@python.org/,5,5,0.0
url,https://packaging.python.org/en/latest/specifications/pyproject-toml/#pyproject-toml-spec,5,5,0.0
url,https://typing.python.org/en/latest/spec/aliases.html#type-aliases,5,5,0.0
url,https://typing.python.org/en/latest/spec/typeddict.html#typeddict,5,5,0.0
url,http://docutils.sourceforge.net/rst.html,4,5,0.0
url,https://docs.python.org/3/library/stdtypes.html#types-union,4,4,0.0
url,https://docs.python.org/3/reference/simple_stmts.html#annassign,4,4,0.0
url,https://github.com/python/peps/blob/main/peps/pep-0263.rst,4,4,0.0
url,https://github.com/python/peps/blob/main/peps/pep-0619.rst?plain=1,4,4,0.0
url,https://packaging.python.org/en/latest/specifications/version-specifiers/#version-specifiers,4,4,0.0
url,https://typing.python.org/en/latest/spec/,4,4,0.0
url,https://typing.python.org/en/latest/spec/class-compat.html#override,4,4,0.0
url,https://typing.python.org/en/latest/spec/generics.html#self,4,4,0.0
url,http://www.wikipedia.com/wiki/Camel_case,3,3,0.0
url,https://discuss.python.org/t/104854,3,3,0.0
url,https://discuss.python.org/t/pep-602-annual-release-cycle-for-python/2296/,3,5,0.0
url,https://docs.python.org/3/library/zoneinfo.html#module-zoneinfo,3,3,0.0
url,https://docs.python.org/3/whatsnew/3.11.html#whatsnew311-pep659,3,3,0.0
url,https://github.com/python/peps/blob/main/peps/pep-0007.rst?plain=1,3,3,0.0
url,https://github.com/python/peps/blob/main/peps/pep-0619.rst,3,3,0.0
url,https://github.com/python/peps/commits/main/peps/pep-0790.rst,3,4,0.0
url,https://mail.python.org/archives/list/python-dev@python.org/,3,3,0.0
url,https://mail.python.org/pipermail/python-dev/2012-June/120505.html,3,3,0.0
url,https://packaging.python.org/en/latest/specifications/externally-managed-environments/#externally-managed-environments,3,3,0.0
url,https://packaging.python.org/en/latest/specifications/pylock-toml/#pylock-toml-spec,3,3,0.0
url,https://packaging.python.org/en/latest/specifications/simple-repository-api/#simple-repository-api,3,3,0.0
url,https://typing.python.org/en/latest/spec/callables.html#unpack-kwargs,3,3,0.0
url,https://typing.python.org/en/latest/spec/generics.html#variance-inference,3,3,0.0
url,https://typing.python.org/en/latest/spec/meta.html,3,3,0.0
url,https://typing.python.org/en/latest/spec/protocol.html#protocols,3,3,0.0
url,http://bugs.python.org/issue28003,2,3,0.0
url,http://docs.python.org/3/library/importlib.html#module-importlib,2,2,0.0
url,http://docs.python.org/3/reference/import.html,2,2,0.0
url,https://bugs.python.org/issue526840,2,2,0.0
url,https://bugs.python.org/issue534304,2,2,0.0
url,https://devguide.python.org/devcycle/,2,2,0.0
url,https://devguide.python.org/devcycle/#end-of-life-branches,2,2,0.0
url,https://docs.python.org/3.12/library/telnetlib.html#module-telnetlib,2,2,0.0
url,https://docs.python.org/3.14/reference/compound_stmts.html#finally,2,2,0.0
url,https://docs.python.org/3/library/exceptions.html#lib-exception-groups,2,2,0.0
url,https://docs.python.org/3/library/typing.html#typing.TypeAlias,2,2,0.0
url,https://docs.python.org/3/reference/compound_stmts.html#match,2,2,0.0
url,https://docs.python.org/3/reference/compound_stmts.html#type-params,2,2,0.0
url,https://docs.python.org/3/reference/datamodel.html#customizing-module-attribute-access,2,2,0.0
url,https://docs.python.org/3/reference/grammar.html#full-grammar-specification,2,2,0.0
url,https://docs.python.org/3/reference/simple_stmts.html#type,2,2,0.0
url,https://docs.python.org/3/tutorial/errors.html#tut-exception-groups,2,2,0.0
url,https://en.wikipedia.org/wiki/Covariance_and_contravariance_%28computer_science%29,2,2,0.0
url,https://github.com/python/peps/blob/main/peps/pep-0008.rst,2,2,0.0
url,https://github.com/python/peps/blob/main/peps/pep-0257.rst?plain=1,2,2,0.0
url,https://github.com/python/peps/blob/main/peps/pep-0569.rst,2,2,0.0
url,https://github.com/python/peps/blob/main/peps/pep-0623.rst,2,2,0.0
url,https://github.com/python/peps/blob/main/peps/pep-0693.rst?plain=1,2,2,0.0
url,https://github.com/python/peps/blob/main/peps/pep-0768.rst?plain=1,2,2,0.0
url,https://github.com/python/peps/commits/main/peps/pep-0008.rst,2,2,0.0
url,https://github.com/python/typeshed,2,2,0.0
url,https://mail.python.org/archives/list/python-dev@python.org/thread/VQKDIZLZ6HF2MLTNCUFURK2IFTXVQEYA/,2,2,0.0
url,https://mail.python.org/pipermail/import-sig/2012-March/000421.html,2,2,0.0
url,https://mail.python.org/pipermail/python-dev/2018-July/154601.html,2,2,0.0
url,https://packaging.python.org/en/latest/specifications/binary-distribution-format/#binary-distribution-format,2,2,0.0
url,https://packaging.python.org/en/latest/specifications/binary-distribution-format/#the-dist-info-sboms-directory,2,2,0.0
url,https://packaging.python.org/en/latest/specifications/core-metadata/#core-metadata,2,2,0.0
url,https://packaging.python.org/en/latest/specifications/dependency-groups/#dependency-groups,2,2,0.0
url,https://packaging.python.org/en/latest/specifications/inline-script-metadata/#inline-script-metadata,2,2,0.0
url,https://packaging.python.org/en/latest/specifications/source-distribution-format/#source-distribution-format-sdist,2,2,0.0
url,https://packaging.python.org/specifications/core-metadata/,2,3,0.0
url,https://pypi.org/project/telnetlib3/,2,4,0.0
url,https://typing.python.org/en/latest/spec/annotations.html#type-expression,2,2,0.0
url,https://typing.python.org/en/latest/spec/dataclasses.html#dataclass-transform,2,2,0.0
url,https://typing.python.org/en/latest/spec/generics.html#typevartuple,2,3,0.0
url,https://wiki.haskell.org/Maybe,2,2,0.0
url,https://www.youtube.com/watch?v=FByM0r-VOLc,2,2,0.0
url,http://bugs.python.org/issue1207589,1,2,0.0
url,http://bugs.python.org/issue22906,1,1,0.0
url,http://bugs.python.org/issue652586,1,1,0.0
url,http://bugs.python.org/issue7978,1,1,0.0
url,http://djangoproject.com/,1,1,0.0
url,http://docutils.sourceforge.net/docs/ref/rst/directives.html,1,1,0.0
url,http://fdrake.net/,1,1,0.0
url,http://groups.google.com/group/comp.lang.python/browse_thread/thread/c44c769a72ca69fa/,1,1,0.0
url,http://hg.python.org/features/pep-443/file/tip/Lib/functools.py#l359,1,1,0.0
url,http://hg.python.org/features/pep-456,1,1,0.0
url,http://linux.die.net/man/2/execve,1,1,0.0
url,http://mail.zope.org/pipermail/zope3-dev/2002-December/004251.html,1,1,0.0
url,http://pip.readthedocs.org/en/stable/,1,1,0.0
url,http://svn.python.org/projects/python/branches/pep-0384/,1,2,0.0
url,http://svn.python.org/projects/python/branches/pep-0384/PC/python3.def,1,2,0.0
url,http://svn.python.org/view/python/trunk/Lib/decimal.py,1,1,0.0
url,http://svn.python.org/view/python/trunk/Lib/test/test_decimal.py,1,1,0.0
url,http://www.ieee802.org/16/aoe.html,1,1,0.0
url,http://www.open-std.org/jtc1/sc22/wg14/docs/rr/dr_136.html,1,2,0.0
url,http://www.python.org/pypi,1,1,0.0
url,http://www.virtualenv.org/,1,1,0.0
url,https://bitbucket.org/t0rsten/pep-393,1,1,0.0
url,https://bugs.python.org/issue36144,1,1,0.0
url,https://cournape.github.io/Bento/,1,1,0.0
url,https://cyclonedx.org/specification/overview/,1,1,0.0
url,https://discuss.python.org/t/101676,1,1,0.0
url,https://discuss.python.org/t/103971,1,1,0.0
url,https://discuss.python.org/t/18183/26,1,1,0.0
url,https://discuss.python.org/t/22606,1,1,0.0
url,https://discuss.python.org/t/24179,1,1,0.0
url,https://discuss.python.org/t/28457/,1,1,0.0
url,https://discuss.python.org/t/30979,1,1,0.0
url,https://discuss.python.org/t/66453,1,1,0.0
url,https://discuss.python.org/t/66453/63,1,1,0.0
url,https://discuss.python.org/t/71594,1,1,0.0
url,https://discuss.python.org/t/76308/112,1,1,0.0
url,https://discuss.python.org/t/77293/150,1,1,0.0
url,https://discuss.python.org/t/78779,1,1,0.0
url,https://discuss.python.org/t/85728,1,1,0.0
url,https://discuss.python.org/t/86013,1,1,0.0
url,https://discuss.python.org/t/86617,1,1,0.0
url,https://discuss.python.org/t/86862,1,1,0.0
url,https://discuss.python.org/t/92548,1,1,0.0
url,https://discuss.python.org/t/94905/,1,1,0.0
url,https://discuss.python.org/t/99435,1,1,0.0
url,https://discuss.python.org/t/99910/,1,1,0.0
url,https://discuss.python.org/t/environment-marker-for-free-threading/60007,1,1,0.0
url,https://discuss.python.org/t/pep-603-adding-a-frozenmap-type-to-collections/2318/,1,1,0.0
url,https://discuss.python.org/t/pep-661-sentinel-values/9126,1,1,0.0
url,https://discuss.python.org/t/pep-679-new-assert-statement-syntax-with-parentheses/103634,1,1,0.0
url,https://discuss.python.org/t/pep-690-lazy-imports-again/19661/26,1,1,0.0
url,https://discuss.python.org/t/pep-692-using-typeddict-for-more-precise-kwargs-typing/17314/81,1,1,0.0
url,https://discuss.python.org/t/pep-695-type-parameter-syntax/21646,1,1,0.0
url,https://discuss.python.org/t/pep-712-adding-a-converter-parameter-to-dataclasses-field/26126,1,1,0.0
url,https://discuss.python.org/t/pep-741-python-configuration-c-api-second-version/45403,1,1,0.0
url,https://discuss.python.org/t/pep-799-a-dedicated-profilers-package-for-organizing-python-profiling-tool/100898/21,1,1,0.0
url,https://discuss.python.org/t/playing-nice-with-external-package-managers/1968,1,1,0.0
url,https://discuss.python.org/t/pronouncement-on-peps-660-and-662-editable-installs/9450,1,1,0.0
url,https://dl.acm.org/doi/10.1145/3485513,1,1,0.0
url,https://docs.pypi.org/attestations/,1,1,0.0
url,https://docs.python.org/3.11/whatsnew/3.11.html#faster-cpython,1,1,0.0
url,https://docs.python.org/3.13/tutorial/appendix.html#interactive-mode,1,1,0.0
url,https://docs.python.org/3.14/howto/remote_debugging.html#remote-debugging,1,1,0.0
url,https://docs.python.org/3.14/library/math.html#module-math,1,1,0.0
url,https://docs.python.org/3.15/c-api/bytes.html#pybyteswriter,1,1,0.0
url,https://docs.python.org/3.9/distutils/apiref.html,1,1,0.0
url,https://docs.python.org/3/c-api/exceptions.html#c.PyErr_WriteUnraisable,1,1,0.0
url,https://docs.python.org/3/c-api/extension-modules.html#c.PyInit_modulename,1,1,0.0
url,https://docs.python.org/3/c-api/module.html#c.PyModuleDef,1,1,0.0
url,https://docs.python.org/3/c-api/stable.html#stable,1,1,0.0
url,https://docs.python.org/3/c-api/typeobj.html#tp-slots,1,1,0.0
url,https://docs.python.org/3/library/compression.zstd.html#module-compression.zstd,1,1,0.0
url,https://docs.python.org/3/library/concurrent.interpreters.html#module-concurrent.interpreters,1,1,0.0
url,https://docs.python.org/3/library/typing.html#typing.Self,1,1,0.0
url,https://docs.python.org/3/library/typing.html#typing.TypedDict,1,1,0.0
url,https://docs.python.org/3/library/typing.html#typing.override,1,1,0.0
url,https://docs.python.org/3/reference/compound_stmts.html#except-star,1,1,0.0
url,https://docs.python.org/3/reference/executionmodel.html#annotation-scopes,1,1,0.0
url,https://docs.python.org/3/reference/expressions.html#generator-iterator-methods,1,1,0.0
url,https://docs.python.org/3/reference/lexical_analysis.html#string-and-bytes-literals,1,1,0.0
url,https://docs.python.org/3/reference/simple_stmts.html#assert,1,1,0.0
url,https://docs.python.org/3/tutorial/errors.html#tut-exception-notes,1,1,0.0
url,https://docs.python.org/3/using/ios.html#using-ios,1,1,0.0
url,https://docs.python.org/en/,1,1,0.0
url,https://docs.python.org/ja/,1,1,0.0
url,https://en.wikipedia.org/wiki/C11_%28C_standard_revision%29#Optional_features,1,1,0.0
url,https://fedoraproject.org/wiki/Changes/Making_sudo_pip_safe,1,1,0.0
url,https://flit.readthedocs.io/en/latest/pyproject_toml.html#scripts-section,1,1,0.0
url,https://github.com/JelleZijlstra/typing-spec,1,1,0.0
url,https://github.com/Rosuav/cpython/tree/assignment-expressions,1,1,0.0
url,https://github.com/abalkin/cpython/tree/issue24773-s3,1,1,0.0
url,https://github.com/beartype/beartype/issues/255,1,1,0.0
url,https://github.com/davidfstr/trycast?tab=readme-ov-file#isassignable-api,1,1,0.0
url,https://github.com/encukou/cpython/compare/master...encukou:pep489.patch,1,1,0.0
url,https://github.com/ericvsmith/dataclasses,1,1,0.0
url,https://github.com/faster-cpython/benchmarking-public/blob/main/configs.svg,1,1,0.0
url,https://github.com/lorien/grab/blob/4c95b18dcb0fa88eeca81f5643c0ebfb114bf728/grab/upload.py,1,1,0.0
url,https://github.com/majek/csiphash/,1,1,0.0
url,https://github.com/phouse512/peps/tree/pep-0526,1,1,0.0
url,https://github.com/pypa,1,1,0.0
url,https://github.com/pypa/pypi-support/issues,1,2,0.0
url,https://github.com/pypa/pypi-support/issues/new?labels=PEP+541&template=pep541-request.yml&title=PEP+541+Request%3A+PROJECT_NAME,1,1,0.0
url,https://github.com/python-attrs/attrs,1,1,0.0
url,https://github.com/python/cpython/blob/c4cacc8/Lib/lib2to3/fixer_util.py#L158,1,1,0.0
url,https://github.com/python/cpython/issues,1,1,0.0
url,https://github.com/python/cpython/issues/43535,1,1,0.0
url,https://github.com/python/cpython/issues/45828,1,1,0.0
url,https://github.com/python/cpython/issues/89687,1,1,0.0
url,https://github.com/python/cpython/labels/deferred-blocker,1,1,0.0
url,https://github.com/python/cpython/labels/release-blocker,1,1,0.0
url,https://github.com/python/cpython/pull/108261,1,1,0.0
url,https://github.com/python/cpython/pull/30049,1,2,0.0
url,https://github.com/python/cpython/pull/30441,1,1,0.0
url,https://github.com/python/cpython/pull/3355,1,1,0.0
url,https://github.com/python/peps/blob/main/peps/pep-0002.rst,1,1,0.0
url,https://github.com/python/peps/blob/main/peps/pep-0011.rst?plain=1,1,1,0.0
url,https://github.com/python/peps/blob/main/peps/pep-0249.rst?plain=1,1,1,0.0
url,https://github.com/python/peps/blob/main/peps/pep-0263.rst?plain=1,1,1,0.0
url,https://github.com/python/peps/blob/main/peps/pep-0366.rst,1,1,0.0
url,https://github.com/python/peps/blob/main/peps/pep-0366.rst?plain=1,1,1,0.0
url,https://github.com/python/peps/blob/main/peps/pep-0387.rst,1,1,0.0
url,https://github.com/python/peps/blob/main/peps/pep-0393.rst,1,1,0.0
url,https://github.com/python/peps/blob/main/peps/pep-0456.rst,1,1,0.0
url,https://github.com/python/peps/blob/main/peps/pep-0489.rst,1,1,0.0
url,https://github.com/python/peps/blob/main/peps/pep-0503.rst,1,1,0.0
url,https://github.com/python/peps/blob/main/peps/pep-0517.rst?plain=1,1,1,0.0
url,https://github.com/python/peps/blob/main/peps/pep-0526.rst,1,1,0.0
url,https://github.com/python/peps/blob/main/peps/pep-0636.rst,1,1,0.0
url,https://github.com/python/peps/blob/main/peps/pep-0636.rst?plain=1,1,1,0.0
url,https://github.com/python/peps/blob/main/peps/pep-0639.rst,1,1,0.0
url,https://github.com/python/peps/blob/main/peps/pep-0647.rst,1,1,0.0
url,https://github.com/python/peps/blob/main/peps/pep-0664.rst?plain=1,1,1,0.0
url,https://github.com/python/peps/blob/main/peps/pep-0668.rst,1,2,0.0
url,https://github.com/python/peps/blob/main/peps/pep-0671.rst?plain=1,1,1,0.0
url,https://github.com/python/peps/blob/main/peps/pep-0688.rst,1,1,0.0
url,https://github.com/python/peps/blob/main/peps/pep-0703.rst,1,1,0.0
url,https://github.com/python/peps/blob/main/peps/pep-0719.rst?plain=1,1,1,0.0
url,https://github.com/python/peps/blob/main/peps/pep-0765.rst?plain=1,1,1,0.0
url,https://github.com/python/peps/blob/main/peps/pep-0790.rst?plain=1,1,1,0.0
url,https://github.com/python/peps/blob/main/peps/pep-0798.rst,1,1,0.0
url,https://github.com/python/peps/blob/main/peps/pep-0799.rst,1,1,0.0
url,https://github.com/python/peps/blob/main/peps/pep-3120.rst?plain=1,1,3,0.0
url,https://github.com/python/peps/commits/main/peps/pep-0020.rst,1,1,0.0
url,https://github.com/python/peps/commits/main/peps/pep-0492.rst,1,1,0.0
url,https://github.com/python/peps/commits/main/peps/pep-0526.rst,1,1,0.0
url,https://github.com/python/peps/commits/main/peps/pep-3141.rst,1,1,0.0
url,https://github.com/python/typeshed/,1,1,0.0
url,https://github.com/python/typing/issues/478,1,1,0.0
url,https://github.com/takluyver/flit,1,1,0.0
url,https://installer.rtfd.io/,1,1,0.0
url,https://learn.microsoft.com/en-us/lifecycle/faq/extended-security-updates,1,1,0.0
url,https://mail.python.org/archives/list/python-dev@python.org/message/SQC2FTLFV5A7DV7RCEAR2I2IKJKGK7W3/,1,1,0.0
url,https://mail.python.org/archives/list/python-dev@python.org/thread/3AHGWYY562HHO55L4Z2OVYUFZP5W73IS/,1,1,0.0
url,https://mail.python.org/archives/list/python-dev@python.org/thread/6KT2KIOTYXMDCD2CCAOLOI7LUGTN6MBS,1,1,0.0
url,https://mail.python.org/archives/list/python-dev@python.org/thread/BO2TQHSXWL2RJMINWQQRBF5LANDDJNHH/,1,1,0.0
url,https://mail.python.org/archives/list/python-ideas@python.org/,1,1,0.0
url,https://mail.python.org/archives/list/python-ideas@python.org/message/CQPULNM6PM623PLXF5Z63BIUZGOSQEKW/,1,1,0.0
url,https://mail.python.org/archives/list/typing-sig@python.org/message/D5FHORQVPHX3BHUDGF3A3TBZURBXLPHD/,1,1,0.0
url,https://mail.python.org/mailman/listinfo/db-sig,1,1,0.0
url,https://mail.python.org/mailman/listinfo/doc-sig,1,1,0.0
url,https://mail.python.org/mailman/listinfo/web-sig,1,1,0.0
url,https://mail.python.org/pipermail/distutils-sig/2014-August/024673.html,1,1,0.0
url,https://mail.python.org/pipermail/distutils-sig/2015-September/026899.html,1,1,0.0
url,https://mail.python.org/pipermail/distutils-sig/2018-March/032089.html,1,1,0.0
url,https://mail.python.org/pipermail/python-3000/2006-November/004190.html,1,1,0.0
url,https://mail.python.org/pipermail/python-3000/2007-April/006793.html,1,1,0.0
url,https://mail.python.org/pipermail/python-3000/2007-July/008663.html,1,1,0.0
url,https://mail.python.org/pipermail/python-dev/2003-December/041065.html,1,1,0.0
url,https://mail.python.org/pipermail/python-dev/2004-August/046711.html,1,2,0.0
url,https://mail.python.org/pipermail/python-dev/2007-November/075475.html,1,1,0.0
url,https://mail.python.org/pipermail/python-dev/2010-September/103408.html,1,1,0.0
url,https://mail.python.org/pipermail/python-dev/2012-January/115962.html,1,2,0.0
url,https://mail.python.org/pipermail/python-dev/2012-March/117510.html,1,1,0.0
url,https://mail.python.org/pipermail/python-dev/2013-August/128087.html,1,1,0.0
url,https://mail.python.org/pipermail/python-dev/2013-March/125003.html,1,1,0.0
url,https://mail.python.org/pipermail/python-dev/2013-November/130400.html,1,1,0.0
url,https://mail.python.org/pipermail/python-dev/2014-January/131518.html,1,1,0.0
url,https://mail.python.org/pipermail/python-dev/2015-May/140003.html,1,1,0.0
url,https://mail.python.org/pipermail/python-dev/2016-July/145697.html,1,1,0.0
url,https://mail.python.org/pipermail/python-dev/2016-September/146282.html,1,1,0.0
url,https://mail.python.org/pipermail/python-dev/2017-December/151042.html,1,1,0.0
url,https://mail.python.org/pipermail/python-ideas/2013-February/019373.html,1,1,0.0
url,https://mail.python.org/pipermail/python-ideas/2013-June/021610.html,1,1,0.0
url,https://mail.python.org/pipermail/python-ideas/2014-November/029906.html,1,1,0.0
url,https://man7.org/linux/man-pages/man3/shadow.3.html,1,1,0.0
url,https://packaging.python.org/,1,1,0.0
url,https://packaging.python.org/en/latest/specifications/dependency-specifiers/#extras,1,1,0.0
url,https://packaging.python.org/en/latest/specifications/platform-compatibility-tags/#platform-compatibility-tags,1,1,0.0
url,https://packaging.python.org/glossary/#term-Distribution-Package,1,1,0.0
url,https://packaging.python.org/specifications/binary-distribution-format/,1,1,0.0
url,https://packaging.python.org/specifications/core-metadata/#license,1,1,0.0
url,https://pypi.org/classifiers/,1,1,0.0
url,https://pypi.org/project/Exscript/,1,1,0.0
url,https://pypi.org/project/lazy_loader/,1,1,0.0
url,https://pypi.python.org/pypi/pex,1,1,0.0
url,https://python-poetry.org/docs/pyproject/#license,1,1,0.0
url,https://setuptools.readthedocs.io/en/latest/deprecated/easy_install.html,1,1,0.0
url,https://setuptools.readthedocs.io/en/latest/setuptools.html#metadata,1,1,0.0
url,https://sillycross.github.io/2023/05/12/2023-05-12,1,1,0.0
url,https://sources.debian.org/src/python-pip/20.3.4-2/debian/patches/hands-off-system-packages.patch/,1,1,0.0
url,https://spdx.dev/,1,1,0.0
url,https://spdx.github.io/spdx-spec/v2.2.2/SPDX-license-expressions/,1,1,0.0
url,https://stackoverflow.com/questions/11929096/negative-sign-in-case-of-zero-in-java,1,1,0.0
url,https://stackoverflow.com/questions/1781571/how-to-concatenate-two-dictionaries-to-create-a-new-one-in-python,1,1,0.0
url,https://stackoverflow.com/questions/38987/how-to-merge-two-dictionaries-in-a-single-expression,1,1,0.0
