name,visitors
São Paulo,105183
Minas Gerais,38175
Rio de Janeiro,34015
Rio Grande do Sul,27774
Buenos Aires Province,22193
Maharashtra,22174
Paraná,16301
Uttar Pradesh,16049
Bahia,15900
Santa Catarina,14421
Delhi,13622
California,11056
Texas,10398
Gujarat,10203
Goiás,9507
Florida,8658
Pernambuco,8556
Rajasthan,7796
Karnataka,7493
Kuala Lumpur,7072
Ceará,6842
West Bengal,6711
Ho Chi Minh City,6673
New York,6628
Federal District,6496
Punjab,6492
Metro Manila,6071
Hanoi,6059
Virginia,5665
Espírito Santo,5461
Jakarta,5303
Telangāna,5098
Haryana,4867
Lima,4713
Pichincha,4634
Pennsylvania,4562
Georgia,4369
Ohio,4368
Guayas,4365
Illinois,4343
Tamil Nadu,4062
Istanbul,4048
West Java,3977
North Carolina,3931
Madhya Pradesh,3866
Province 3,3823
Bihar,3763
Selangor,3678
Michigan,3624
Santiago Metropolitan,3620
New Jersey,3551
Pará,3545
Gauteng,3541
Dhaka Division,3491
Calabarzon,3429
Maranhão,3390
Ciudad de Mexico,3153
Alagoas,3149
Paraíba,2986
Jharkhand,2925
East Java,2903
Mato Grosso,2851
Kerala,2781
Central Luzon,2771
Tennessee,2754
Montevideo,2618
Capital District,2563
Maryland,2532
Asunción,2516
Sabah,2499
Arizona,2478
Indiana,2449
Odisha,2442
Moscow,2416
Sergipe,2366
Piauí,2352
Uttarākhand,2321
Rio Grande do Norte,2316
Washington,2283
Massachusetts,2259
Île-de-France,2201
Mato Grosso do Sul,2183
Mexico State,2179
South Carolina,2023
Punjab,1981
Assam,1957
Missouri,1939
Chandigarh,1880
Colorado,1853
Dubai,1843
Bangkok,1744
Santa Fe,1729
Wisconsin,1713
Louisiana,1642
Western Cape,1633
Córdoba,1624
Mendoza,1622
Cairo,1591
Minnesota,1583
Alabama,1581
Buenos Aires,1555
Antioquia,1549
Kentucky,1544
Distrito Nacional,1429
Johor,1417
Nuevo León,1360
Andhra Pradesh,1341
Amazonas,1314
Jalisco,1302
Sindh,1287
Madrid Autonomous Community,1283
Meknès-Tafilalet,1261
Mazovia,1248
Lombardy,1247
Oregon,1189
Lima Region,1179
Central Java,1175
Attica,1172
Nevada,1172
Catalonia,1158
Oklahoma,1156
Ankara,1146
Connecticut,1143
Phnom Penh,1132
Saint Petersburg,1129
Kyiv,1128
Sarawak,1084
Chhattīsgarh,1057
Abu Dhabi,1046
Central Visayas,1033
Valle del Cauca,1027
Riyadh,1023
Lisbon,1020
Utah,995
Capital,986
Tashkent,985
Amman,981
Andalusia,979
Dakar,957
Alto Paraná,950
Tunis,947
Tocantins,945
Himachal Pradesh,924
Beograd,922
Iowa,912
Minsk,905
Mississippi,903
Chaco,900
Makkah,887
Yogyakarta,865
Da Nang,863
Misiones,845
Davao,844
Banten,839
Auvergne-Rhône-Alpes,832
Arkansas,824
Algiers,822
Kansas,822
Entre Ríos,817
Addis Ababa,815
Prague,810
Baja California,798
Nairobi County,797
Valencian Community,793
Tucumán,789
Penang,788
Bali,784
Oriental,779
Maldonado,778
Budapest,773
Doha,760
Provence-Alpes-Côte-d'Azur,759
Izmir,752
Western,751
Bucharest,749
San José,742
KwaZulu-Natal,731
Manabí,730
Veracruz,717
Sofia,707
Puebla,700
Guanajuato,693
Idaho,688
Saint Michael,678
Al Asimah,677
Rondônia,676
Brunei-Muara,675
Baghdad,672
Central,659
Tbilisi,653
England,650
Nebraska,650
Flanders,648
Tirana County,644
Campania,637
Hauts-de-France,636
Moscow Province,635
Northern Mindanao,633
Taipei,632
Atlántico,626
Dnipropetrovshchyna,622
San Salvador,621
South Holland,617
Sharjah,607
El Oro,602
North Sumatra,598
Hawalli,591
Haiphong,591
Muscat,586
Uusimaa,582
Auckland,578
Ulaanbaatar,575
East Kalimantan,570
Azuay,566
Yucatán,564
Tungurahua,563
Panamá,563
Leinster,562
North Holland,557
Porto,554
Occitanie,551
San Juan,542
Delaware,537
Corrientes,536
Lazio,533
Guatemala,527
Bío Bío,523
Grand-Est,521
Riga,519
Eastern,518
Tokyo,512
Islamabad,509
Taichung,509
Silesia,501
Chihuahua,499
Lvivshchyna,499
Coahuila,496
New Taipei,494
New Mexico,486
Western Visayas,484
Santiago,483
Greater Poland,482
Krasnodar Krai,479
Rhode Island,478
Valparaíso,477
Cundinamarca,475
Chittagong Division,472
Kingston,468
Malacca,464
Río Negro,462
Nouvelle-Aquitaine,459
Zulia,459
Chișinău,458
Cordillera Administrative,456
Brussels,454
Riau,454
Kharkivshchyna,448
Capital,441
Lesser Poland,439
Zagreb,437
Kaohsiung,434
Jiangsu,432
Bursa,431
Querétaro,430
Chaguanas,430
Chon Buri,424
South Sulawesi,422
Federation of Bosnia and Herzegovina,416
Neuquén,410
West Virginia,410
San Luis,407
Sonora,406
Hidalgo,404
Greater Accra,403
Vilnius County,399
New Hampshire,399
Central Macedonia,396
Yerevan,391
Antalya,385
Santander,381
Rabat-Salé-Zemmour-Zaer,381
Odeshchyna,379
Chubut,378
Wallonia,378
Bolívar,378
Stockholm,378
Veneto,373
Lower Silesia,373
Chaouia-Ouardigha,365
Bratislava,365
Tamaulipas,359
Tangier-Tétouan,357
South Sumatra,356
Michoacán,351
Chelyabinsk,347
Chiapas,346
Sinaloa,343
Risaralda,341
Loja,341
Zürich,340
