name,unique_entrances,total_entrances,visit_duration
/it/3/tutorial/index.html,19,19,228
/3/,12,12,633
/dev/using/windows.html,12,12,221
/it/3.14/tutorial/index.html,6,6,6
/it/3.13/tutorial/index.html,5,6,374
/it/3.14/,5,5,541
/it/3/,5,5,374
/it/3/tutorial/inputoutput.html,5,5,0
/it/3.13/search.html,4,4,322
/it/3.15/using/windows.html,4,4,16
/it/3/tutorial/controlflow.html,4,4,0
/it/3/tutorial/interpreter.html,4,4,230
/it/3/tutorial/introduction.html,4,4,444
/it/3/tutorial/stdlib.html,4,4,1
/3.14/using/windows.html,3,3,46
/3/tutorial/index.html,3,3,478
/it/3.14/tutorial/introduction.html,3,3,545
/it/3.14/using/windows.html,3,3,91
/it/3/tutorial/classes.html,3,3,0
/3/library/datetime.html,2,2,18
/3/library/stdtypes.html,2,2,1782
/3/tutorial/appetite.html,2,2,510
/it/3.13/library/functions.html,2,3,530
/it/3.13/tutorial/datastructures.html,2,2,0
/it/3.13/tutorial/inputoutput.html,2,2,612
/it/3.14/library/functions.html,2,3,0
/it/3.14/search.html,2,2,822
/it/3.14/tutorial/,2,2,33
/it/3.14/tutorial/controlflow.html,2,2,10
/it/3/library/functions.html,2,2,0
/it/3/tutorial/datastructures.html,2,2,871
/it/3/tutorial/errors.html,2,2,0
/3.13/tutorial/,1,1,22
/3.14/tutorial/appetite.html,1,1,202
/3.14/whatsnew/3.14.html,1,1,1099
/3.15/,1,1,19
/3.15/using/index.html,1,1,11
/3/extending/extending.html,1,1,156
/3/howto/a-conceptual-overview-of-asyncio.html,1,1,875
/3/library/asyncio-eventloop.html,1,1,1297
/3/library/html.html,1,1,198
/3/library/http.server.html,1,1,125
/3/library/subprocess.html,1,1,1836
/3/library/turtle.html,1,1,562
/3/library/xml.etree.elementtree.html,1,1,29
/3/license.html,1,1,192
/3/reference/,1,1,1798
/3/tutorial/,1,1,52
/3/tutorial/controlflow.html,1,1,54
/3/whatsnew/3.14.html,1,1,187
/it/3.12/glossary.html,1,1,0
/it/3.12/library/functions.html,1,1,99
/it/3.12/library/socket.html,1,1,0
/it/3.12/tutorial/classes.html,1,1,0
/it/3.12/tutorial/controlflow.html,1,1,0
/it/3.13/,1,1,0
/it/3.13/library/ast.html,1,1,0
/it/3.13/library/datetime.html,1,1,0
/it/3.13/library/email.compat32-message.html,1,1,0
/it/3.13/library/http.server.html,1,1,390
/it/3.13/library/sqlite3.html,1,1,0
/it/3.13/library/tokenize.html,1,1,0
/it/3.13/library/types.html,1,1,0
/it/3.13/library/weakref.html,1,1,0
/it/3.13/library/xml.etree.elementtree.html,1,1,0
/it/3.13/tutorial/appetite.html,1,1,0
/it/3.13/tutorial/stdlib.html,1,1,13
/it/3.13/using/cmdline.html,1,1,937
/it/3.14/c-api/buffer.html,1,1,0
/it/3.14/extending/extending.html,1,1,0
/it/3.14/library/asyncio-llapi-index.html,1,1,0
/it/3.14/library/dialog.html,1,1,0
/it/3.14/library/grp.html,1,1,0
/it/3.14/library/internet.html,1,1,0
/it/3.14/library/stdtypes.html,1,1,50
/it/3.14/library/subprocess.html,1,1,1803
/it/3.14/library/xml.sax.utils.html,1,1,0
/it/3.14/reference/,1,1,0
/it/3.14/reference/lexical_analysis.html,1,1,0
/it/3.14/tutorial/appetite.html,1,1,20
/it/3.14/tutorial/classes.html,1,1,0
/it/3.14/tutorial/inputoutput.html,1,1,0
/it/3.14/tutorial/interpreter.html,1,1,291
/it/3.14/tutorial/modules.html,1,1,0
/it/3.14/using/cmdline.html,1,1,94
/it/3.14/using/configure.html,1,1,0
/it/3.14/whatsnew/3.14.html,1,1,0
/it/3.15/search.html,1,1,0
/it/3/contents.html,1,1,43
/it/3/extending/index.html,1,1,0
/it/3/index.html,1,1,1529
/it/3/library/binascii.html,1,1,0
/it/3/library/exceptions.html,1,1,0
/it/3/library/importlib.html,1,1,0
/it/3/library/pdb.html,1,1,0
/it/3/library/shutil.html,1,1,0
/it/3/library/stdtypes.html,1,1,0
/it/3/library/time.html,1,1,0
/it/3/tutorial/venv.html,1,1,0
/pl/3.15/tutorial/,1,1,20
/pt-br/3.14/tutorial/index.html,1,1,2
