name,version,visitors
Chrome,135.0,872
Microsoft Edge,135.0,377
Firefox,137.0,119
Chrome,134.0,104
Safari,18.3,68
Safari,18.4,39
Chrome,131.0,36
Smart Lenovo Browser,9.0,32
Opera,117.0,30
Mobile App,(not set),25
Chrome,133.0,25
Yandex Browser,25.2,24
Microsoft Edge,134.0,23
Firefox,128.0,20
Chrome,122.0,16
Chrome,129.0,15
Firefox,136.0,12
Chrome,109.0,11
Chrome,132.0,10
Chrome,128.0,8
Microsoft Edge,131.0,8
Microsoft Edge,132.0,8
Safari,16.6,8
Quark,(not set),7
Chrome,114.0,6
Microsoft Edge,127.0,6
Chrome,127.0,6
Chrome,130.0,6
Microsoft Edge,133.0,6
Firefox,135.0,6
Safari,17.6,6
Safari,18.5,6
Chrome,116.0,5
Safari,18.1,5
Chrome,108.0,4
Firefox,115.0,4
Microsoft Edge,129.0,4
Microsoft Edge,130.0,4
Firefox,132.0,4
Safari,18.2,4
Samsung Browser,27.0,4
Chrome,103.0,3
Microsoft Edge,107.0,3
Chrome,121.0,3
Microsoft Edge,123.0,3
Avast Secure Browser,133.0,3
Firefox,137.1,3
QQ Browser,16.2,3
UC Browser,17.5,3
Sogou Explorer,2,3
Soul Browser,(not set),2
Chromium,(not set),2
Chrome,107.0,2
Microsoft Edge,109.0,2
Microsoft Edge,112.0,2
Microsoft Edge,116.0,2
Microsoft Edge,117.0,2
Opera,118.0,2
Microsoft Edge,119.0,2
QQ Browser,12.2,2
Microsoft Edge,122.0,2
Chrome,123.0,2
Microsoft Edge,125.0,2
Chrome,125.0,2
Microsoft Edge,126.0,2
Microsoft Edge,128.0,2
QQ Browser,13.7,2
Mobile App,134.0,2
Mobile App,135.0,2
Chrome,137.0,2
Safari,17.5,2
Safari,18.0,2
Whale Browser,4.31,2
Huawei Browser Mobile,5.1,2
Mobile App,83.0,2
Microsoft Edge,84.0,2
Chrome,86.0,2
Opera,95.0,2
Chrome,99.0,2
(not set),(not set),1
Safari,(not set),1
Microsoft Edge,100.0,1
Chrome,100.0,1
Chrome,101.0,1
Chrome,102.0,1
Mobile App,103.0,1
Microsoft Edge,104.0,1
Chrome,105.0,1
Microsoft Edge,108.0,1
Chrome,113.0,1
Mobile App,114.0,1
Microsoft Edge,114.0,1
Mobile App,116.0,1
Chrome,117.0,1
Chrome,118.0,1
Microsoft Edge,120.0,1
Chrome,120.0,1
Firefox,121.0,1
Mobile App,126.0,1
Chrome,126.0,1
Mobile App,127.0,1
QQ Browser,13.2,1
Mobile App,130.0,1
Firefox,131.0,1
Mobile App,132.0,1
Mobile App,133.0,1
Firefox,133.0,1
Norton Private Browser,133.0,1
Firefox,134.0,1
Chrome,135,1
Mobile App,136.0,1
Chrome,136.0,1
Microsoft Edge,136.0,1
Firefox,137,1
Firefox,138.0,1
Microsoft Edge,14.14393,1
Huawei Browser Mobile,15.0,1
Safari,15.5,1
Safari,15.6,1
Safari,16.0,1
Safari,16.1,1
Safari,16.3,1
UC Browser,17.3,1
Safari,17.7,1
Microsoft Edge,18.17763,1
Microsoft Edge,18.18362,1
Microsoft Edge,18.19041,1
Samsung Browser,20.0,1
vivo Browser,23.1,1
Yandex Browser,24.1,1
Yandex Browser,25.4,1
QtWebEngine,6.7,1
QtWebEngine,6.9,1
Firefox,68.0,1
Quark,7.9,1
Chrome,77.0,1
Chrome,79.0,1
Chrome,87.0,1
Chrome,90.0,1
Mobile App,91.0,1
Chrome,91.0,1
Mobile App,92.0,1
Microsoft Edge,92.0,1
Chrome,94.0,1
Mobile App,97.0,1
