name,visitors
China,738
United States,641
India,313
Japan,234
Russian Federation,192
Germany,187
United Kingdom,158
Hong Kong,145
Singapore,132
France,128
Spain,91
Brazil,86
Netherlands,80
Taiwan,73
Canada,70
Poland,70
Italy,56
Vietnam,47
Colombia,46
Ukraine,46
South Korea,42
Australia,36
Switzerland,36
Indonesia,34
Sweden,34
Mexico,30
Hungary,27
Pakistan,27
Belgium,26
Czechia,24
Norway,24
Turkey,21
Austria,18
Finland,17
Iran,17
Philippines,17
Portugal,17
Kazakhstan,16
Uzbekistan,16
Peru,15
Denmark,13
Romania,13
Israel,12
Argentina,11
Saudi Arabia,10
South Africa,10
Greece,9
Ireland,9
Kenya,9
Sri Lanka,9
Nigeria,9
Jordan,8
Malaysia,8
Bulgaria,7
Belarus,7
Egypt,7
Thailand,7
Tunisia,7
Algeria,6
New Zealand,6
Serbia,6
Bangladesh,5
Bolivia,5
Ecuador,5
Ghana,5
Luxembourg,5
Morocco,5
United Arab Emirates,4
Angola,4
Benin,4
Chile,4
Georgia,4
Croatia,4
Kyrgyzstan,4
Cambodia,4
Lithuania,4
Madagascar,4
Puerto Rico,4
Burkina Faso,3
Côte d'Ivoire,3
Dominican Republic,3
Estonia,3
Ethiopia,3
Iraq,3
Latvia,3
Montenegro,3
Qatar,3
Slovakia,3
Tajikistan,3
Venezuela,3
Cameroon,2
Costa Rica,2
Guatemala,2
Kuwait,2
Moldova,2
Oman,2
Panama,2
"Palestine, State of",2
Réunion,2
Rwanda,2
Senegal,2
El Salvador,2
Trinidad and Tobago,2
Andorra,1
Afghanistan,1
Albania,1
Armenia,1
Bahrain,1
Cyprus,1
French Guiana,1
Honduras,1
Jamaica,1
Lebanon,1
Libya,1
Mongolia,1
Mozambique,1
Namibia,1
Niger,1
Nicaragua,1
Togo,1
Uganda,1
Uruguay,1
