name,visitors,bounce_rate,visit_duration
Direct / None,825,68,269
google.com,560,75,173
bing.com,63,79,222
python.org,55,0,424
cursos.alura.com.br,37,87,64
search.brave.com,23,89,24
classroom.google.com,16,19,894
udemy.com,15,94,85
chatgpt.com,14,54,27
br.search.yahoo.com,8,44,496
pythonfluente.com,7,75,270
web.dio.me,7,100,0
baidu.com,6,100,0
translations.python.org,5,20,208
m.baidu.com,4,100,0
netacad.com,4,100,0
unibb.alura.com.br,4,0,638
tutoria.ualg.pt,3,33,2742
cdn.evg.gov.br,2,0,8
copilot.microsoft.com,2,100,0
duckduckgo.com,2,50,577
fit-tecnologia.org.br,2,100,0
moodle.aehn.net,2,100,0
tecconcursos.com.br,2,50,8
ava.pucpr.br,1,0,4
baidu.com/link,1,100,0
bdj.pensoft.net,1,100,0
devguide.python.org/documentation/translations/translating,1,100,0
ead.preditiva.ai,1,100,0
eadcursosgratuitos.mackenzie.br,1,100,0
ecosia.org,1,100,0
fastapidozero.dunossauro.com,1,100,0
gist.github.com,1,100,0
google.com.br,1,0,18
hotmart.com,1,0,65
m.baidu.com/from=1024043p/bd_page_type=1/ssid=0/uid=0/pu=usm%400%2Csz%401320_220%2Cta%40iphone_5_6.0_28_5.1/baiduid=0DB0ED270B329412269F03026E231E84/w=10_10_/t=iphone/l=1/tc,1,100,0
m.baidu.com/from=844b/bd_page_type=1/ssid=0/uid=0/pu=usm%401%2Csz%401320_2001%2Cta%40iphone_1_10.3_25_10.0/baiduid=1A121A29BDCD11A7992B7EB206BA8E3E/w=0_10_/t=iphone/l=1/tc,1,0,27
mail.google.com,1,0,61
notebooklm.google.com,1,100,0
perplexity.ai,1,100,0
pucminas.instructure.com/courses/230808/modules/items/4964536,1,100,0
techguide.sh,1,100,0
translate.google.com,1,100,0
