name,visitors,pageviews,bounce_rate,time_on_page,scroll_depth
/fr/3/tutorial/,433,521,62,32,56
/fr/3/tutorial/datastructures.html,140,163,84,161,39
/fr/3/tutorial/interpreter.html,136,123,61,66,71
/fr/3/tutorial/classes.html,119,115,80,61,43
/fr/3/library/random.html,115,128,83,28,27
/fr/3/library/tkinter.html,107,113,69,91,29
/fr/3/tutorial/introduction.html,104,111,86,165,60
/fr/3/tutorial/appetite.html,99,94,39,74,88
/fr/3.14/,85,96,40,45,75
/fr/3/howto/sorting.html,83,88,82,82,34
/fr/3/library/idle.html,83,99,62,18,23
/fr/3/tutorial/controlflow.html,83,90,58,165,38
/fr/3/library/turtle.html,82,94,83,45,21
/fr/3/,81,104,58,21,76
/fr/3/library/stdtypes.html,78,76,80,62,17
/fr/3/library/csv.html,74,78,92,72,40
/fr/3/library/datetime.html,74,79,73,56,25
/fr/3/search.html,66,94,48,18,49
/fr/3/tutorial/venv.html,62,62,91,84,65
/fr/3.15/using/windows.html,59,59,91,47,26
/fr/3/tutorial/index.html,58,72,55,52,53
/fr/3/tutorial/errors.html,57,59,78,45,42
/fr/3/library/functions.html,56,56,85,42,45
/fr/3/library/json.html,53,59,83,62,23
/fr/3/tutorial/inputoutput.html,50,48,80,91,35
/fr/3.14/tutorial/index.html,44,66,53,48,50
/fr/3/howto/regex.html,44,41,77,91,33
/fr/3/library/enum.html,41,37,88,26,28
/fr/3/library/index.html,41,63,75,45,53
/fr/3/library/__main__.html,40,39,86,28,41
/fr/3/library/math.html,40,40,88,21,33
/fr/dev/installing/index.html,38,37,94,95,77
/fr/3.14/search.html,37,39,43,19,60
/fr/3/library/string.html,36,35,79,43,37
/fr/3/library/time.html,35,39,93,42,31
/fr/3/genindex-Symboles.html,33,35,63,11,50
/fr/3/library/glob.html,30,27,85,81,50
/fr/3/tutorial/modules.html,30,31,67,51,44
/fr/3/library/re.html,29,30,88,31,39
/fr/3.14/tutorial/controlflow.html,28,29,77,877,60
/fr/3/contents.html,26,21,29,13,13
/fr/3.14/library/functions.html,25,27,77,37,50
/fr/3/library/statistics.html,24,27,86,82,27
/fr/3/library/venv.html,24,22,89,101,32
/fr/3/using/cmdline.html,24,21,80,140,34
/fr/3/using/windows.html,24,24,77,72,19
/fr/3.13/tutorial/classes.html,23,22,84,171,43
/fr/3.14/tutorial/interpreter.html,23,24,67,113,81
/fr/3.14/tutorial/introduction.html,23,25,92,212,54
/fr/3/library/subprocess.html,23,24,79,29,36
/fr/3.13/tutorial/errors.html,22,19,93,43,37
/fr/3/glossary.html,22,16,82,20,40
/fr/3/library/sys.html,22,21,75,36,10
/fr/3/library/urllib.html,22,68,42,37,100
/fr/3.13/tutorial/datastructures.html,21,21,94,61,39
/fr/3.14/tutorial/appetite.html,20,16,50,27,80
/fr/3/howto/argparse.html,19,19,60,150,62
/fr/3/library/copy.html,19,18,93,29,64
/fr/3/library/os.html,17,16,60,31,18
/fr/3/library/urllib.request.html,17,24,50,85,52
/fr/3/library/asyncio.html,16,17,86,55,54
/fr/3/tutorial/stdlib.html,16,11,67,26,76
/fr/3.13/library/tkinter.html,15,20,45,37,34
/fr/3.13/using/unix.html,15,16,93,58,50
/fr/3.14/tutorial/classes.html,15,11,100,193,60
/fr/3.14/tutorial/datastructures.html,15,15,64,241,52
/fr/3/installing/index.html,15,14,67,98,65
/fr/3/library/abc.html,15,17,85,52,50
/fr/3.13/howto/sorting.html,14,14,82,35,48
/fr/3.13/reference/import.html,14,12,91,21,38
/fr/3/howto/logging.html,14,13,82,203,12
/fr/3/library/queue.html,14,16,58,81,41
/fr/3.13/tutorial/introduction.html,13,13,100,78,45
/fr/3.14/library/index.html,13,15,33,13,52
/fr/3/library/collections.html,13,12,91,15,32
/fr/3/library/exceptions.html,13,15,55,24,27
/fr/3/library/pathlib.html,13,15,78,50,14
/fr/3.13/library/pathlib.html,12,11,80,182,44
/fr/3.15/reference/compound_stmts.html,12,10,83,20,28
/fr/3/index.html,12,12,25,12,77
/fr/3/library/argparse.html,12,12,71,44,34
/fr/3/reference/expressions.html,12,8,75,75,74
/fr/3/reference/index.html,12,12,17,28,57
/fr/3/tutorial/floatingpoint.html,12,11,80,16,64
/fr/3.13/library/math.html,11,11,100,26,23
/fr/3.14/library/idle.html,11,9,67,31,41
/fr/3.14/library/stdtypes.html,11,12,50,48,28
/fr/3/howto/sockets.html,11,11,100,67,34
/fr/3/library/asyncio-task.html,11,11,75,17,17
/fr/3/library/multiprocessing.html,11,10,75,132,3
/fr/3/library/tkinter.ttk.html,11,12,62,60,26
/fr/3/py-modindex.html,11,14,83,52,61
/fr/3/reference/compound_stmts.html,11,17,100,47,15
/fr/3/reference/import.html,11,10,78,39,56
/fr/3.13/,10,11,50,10,80
/fr/3.13/library/datetime.html,10,11,71,22,23
/fr/3.13/library/stdtypes.html,10,12,56,95,33
/fr/3.13/tutorial/index.html,10,13,75,23,42
/fr/3.14/library/turtle.html,10,8,75,132,21
/fr/3.14/reference/index.html,10,8,100,12,44
