name,visitors,bounce_rate,visit_duration
python.org,5649,79,28
Direct / None,4361,85,43
google.com,2060,86,33
docs.python.org,670,80,58
news.ycombinator.com,369,94,12
bing.com,160,85,64
discuss.python.org,136,88,48
duckduckgo.com,132,81,90
chatgpt.com,97,88,82
t.co,92,93,20
devguide.python.org/versions,89,78,9
search.brave.com,78,87,49
yandex.ru,78,92,26
boot.dev,59,95,8
netacad.com,54,91,2
python.org/downloads,51,75,49
pypi.org,47,87,14
realpython.com,40,83,60
udemy.com,40,98,38
practicum.yandex.ru,38,90,113
github.com,37,95,1
s3.eu-west-1.amazonaws.com,26,96,0
cs50.harvard.edu,22,100,0
docs.astral.sh,20,75,65
cn.bing.com,18,89,93
openclassrooms.com,16,88,1
daemonology.net,15,100,0
dicoding.com,15,93,5
packaging.python.org/en/latest/glossary,12,83,10
devguide.python.org,11,82,54
hckrnews.com,11,91,12
linkedin.com,11,100,0
qiita.com,11,100,0
youtube.com,11,91,2
android-app://com.reddit.frontpage,10,80,4
copilot.microsoft.com,10,82,55
docs.sqlalchemy.org,10,90,1
notebooks.githubusercontent.com,10,90,3
perplexity.ai,10,70,151
ru.hexlet.io/courses/python-basics/lessons/linting/theory_unit,10,82,202
cms.unir.net,9,70,15
learn.snhu.edu,9,100,0
lms.yandex.ru,9,100,0
palletsprojects.com,9,100,0
canvas.tccd.edu/courses/146082/discussion_topics/1588726,8,75,182
codecademy.com,8,100,0
maharatech.gov.eg,8,100,0
android-app://com.slack,7,100,0
courses.campus.gov.il,7,71,1
inventwithpython.com,7,100,0
numpy.org,7,86,55
packaging.python.org,7,50,88
python.pages.doc.ic.ac.uk,7,86,5
android-app://com.google.android.gm,6,67,26
aulaglobal.uc3m.es,6,83,51
brightspace.tudelft.nl,6,100,0
claude.ai,6,100,0
ecosia.org,6,100,0
flake8rules.com,6,100,0
moodle.utfpr.edu.br,6,83,2
my.sky.pro,6,86,72
pythoncheatsheet.org,6,83,24
search.yahoo.com,6,50,13
android-app://com.google.android.googlequicksearchbox,5,80,52
courses.cs.ut.ee,5,100,0
cursos.alura.com.br,5,67,12
github.com/jspiegel3/module4_professor_spiegel_cohen/tree/main,5,88,301
lms.skillfactory.ru,5,100,0
moodle.chisholm.edu.au,5,88,2
moodle.taltech.ee,5,100,0
pep8-ja.readthedocs.io/ja/latest,5,100,0
pythonzen-pep8-exam.com,5,80,26
se.search.yahoo.com,5,80,3
statics.teams.cdn.office.net,5,80,0
yandex.by,5,100,0
akshare.akfamily.xyz/introduction.html,4,100,0
appacademy.io,4,100,0
code-basics.com,4,100,0
cs50.readthedocs.io/style/c,4,75,2
elearn.epam.com,4,100,0
en.wikibooks.org,4,100,0
ftims.edu.p.lodz.pl,4,50,155
grahamdumpleton.me,4,50,280
hackerrank.com,4,100,0
numpydoc.readthedocs.io/en/latest/format.html,4,100,0
packaging.python.org/en/latest/specifications/core-metadata,4,75,3
pep8.org,4,60,33
psycopg.org,4,100,0
python-academy.org,4,100,0
pythoninsider.blogspot.com,4,100,0
ru.hexlet.io,4,75,0
substack.com,4,75,2
wsgi.readthedocs.io/en/latest/what.html,4,100,0
127.0.0.1,3,100,0
benhoyt.com,3,67,3
courses.fit.cvut.cz,3,100,0
cs50.readthedocs.io/api/map,3,100,0
cs50.readthedocs.io/submit50,3,100,0
devguide.python.org/developer-workflow/lang-changes,3,67,23
docs.google.com,3,100,0
docs.python.org/3/whatsnew/3.13.html,3,75,14
dodona.be,3,100,0
ecampus.paris-saclay.fr,3,100,0
en.m.wikipedia.org,3,100,0
en.wikipedia.org,3,100,0
gist.github.com,3,67,155
github.com/Python-BI-2025-26/course_materials/blob/main/homeworks/HW4_Modules/HW4_Modules.md,3,100,0
github.com/Untronix0nly/python-labs-skeleton,3,100,0
github.com/audreyfeldroy/cookiecutter-pypackage/issues/487,3,100,0
google.cz,3,100,0
google.ru,3,67,1
hatch.pypa.io,3,33,80
hcker.news,3,100,0
in.search.yahoo.com,3,100,0
kennethreitz.org,3,100,0
learn.vccs.edu/courses/747724/quizzes/5282090,3,100,0
link.csdn.net,3,100,0
lobste.rs/s/bqecne/pep_810_explicit_lazy_imports,3,100,0
metanit.com,3,100,0
mylearning.suny.edu,3,60,788
noteable.edina.ac.uk,3,67,35
notion.so,3,80,217
openstax.org,3,100,0
packaging.python.org/en/latest/key_projects,3,100,0
pages.github.warwick.ac.uk,3,100,0
pydevtools.com,3,100,0
python-forum.io,3,100,0
python-poetry.org,3,100,0
raspberrypi.com,3,0,118
studentlogin.coloradotech.edu,3,67,11
typing.python.org/en/latest/guides/libraries.html,3,33,976
typing.python.org/en/latest/spec/annotations.html,3,100,0
yandex.ru/clck/jsredir,3,100,0
android-app://com.linkedin.android,2,100,0
apollo.inf.upol.cz,2,100,0
app.masterschool.com,2,50,252
aprendepython.es,2,100,0
assets.scormproxy.com,2,100,0
ava.pucpr.br,2,33,0
away.vk.com,2,100,0
blackboard.uwe.ac.uk,2,100,0
buildbot.python.org,2,0,5348
canvas.hull.ac.uk/courses/76756/modules/items/1348864,2,100,0
cartetika.skillspace.ru,2,50,3
cmsc201.sourque.com,2,100,0
codeit.kr,2,100,0
communitybrands.udemy.com,2,100,0
cs.overleaf.com,2,0,544
cs50.readthedocs.io,2,50,126
cs50.readthedocs.io/cs50.dev,2,100,0
curict.com,2,100,0
cvdof.ucm.es,2,100,0
cyclopts.readthedocs.io,2,50,7
developers.google.com,2,100,0
docs.brew.sh,2,100,0
docs.micropython.org,2,100,0
docs.pydantic.dev,2,50,23
docs.python.org/zh-cn/3.14/whatsnew/3.14.html,2,100,0
duckdb.org,2,100,0
ecollege.etbonline.ie,2,100,0
edu.qaukraine.online,2,100,0
edube.org/learn/pcpp1-python-enhancement-proposals-peps/pep-484-type-hinting,2,0,144
edube.org/learn/pe-1/variables-data-shaped-boxes-21,2,100,0
elearning.unideb.hu,2,50,18
engineering.fb.com,2,100,0
es.wikipedia.org,2,100,0
fishc.com.cn,2,100,0
fmind.medium.com/poetry-was-good-uv-is-better-an-mlops-migration-story-f52bf0c6c703,2,100,0
gemini.google.com,2,50,30
geo-python-site.readthedocs.io/en/latest/notebooks/L3/gcp-3-pep8.html,2,50,26
github.com/ArchipelagoMW/Archipelago/blob/main/docs/style.md,2,100,0
github.com/Untronix0nly/python-labs-skeleton/blob/main/README.md,2,100,0
github.com/adedner/dune-testpypi/issues/15,2,50,6
github.com/google-ai-edge/mediapipe/issues/5708,2,100,0
github.com/huangsam/ultimate-python,2,50,74
github.com/modoboa/modoboa/blob/master/CONTRIBUTING.rst,2,100,0
github.com/pypa/pip/issues/11457,2,50,28
github.com/python/cpython,2,50,8
github.com/python/peps,2,0,210
github.com/savannahostrowski,2,50,480
go.skillbox.ru,2,50,71
google.com.hk,2,100,0
habr.com,2,100,0
habr.com/ru/companies/skillfactory/articles/659493,2,100,0
hatenablog-parts.com,2,100,0
ida.liu.se,2,50,62
inoreader.com,2,100,0
khwarizmi.org,2,100,0
kitt.lewagon.com,2,100,0
l.facebook.com,2,100,0
learn.codeinstitute.net,2,100,0
learn.rrc.ca,2,100,0
learn.ul.ie,2,100,0
learn.vccs.edu/courses/747724/quizzes/5282048/take,2,100,0
learnenough.com,2,100,0
leer.amazon.es,2,100,0
link.zhihu.com,2,100,0
login.microsoftonline.com,2,100,0
lwn.net,2,100,0
m.baidu.com/s,2,100,0
m.facebook.com,2,100,0
mail.google.com,2,100,0
mediawiki.org,2,50,0
medium.com/ordinaryindustries/the-ultimate-vs-code-setup-for-python-538026b34d94,2,100,0
moodle.millikin.edu,2,50,4
moodle.ucl.ac.uk,2,100,0
mypy.readthedocs.io/en/stable/additional_features.html,2,50,446
mypy.readthedocs.io/en/stable/stubgen.html,2,100,0
node-server.online,2,50,528
notes.eatonphil.com,2,50,14
numpydoc.readthedocs.io,2,100,0
opal.openu.ac.il,2,100,0
otvet.mail.ru,2,100,0
packaging.python.org/en/latest/specifications/binary-distribution-format,2,50,100
packaging.python.org/en/latest/specifications/name-normalization,2,0,1040
packaging.python.org/en/latest/specifications/version-specifiers,2,50,2
pandas.pydata.org,2,100,0
portal.engeto.com,2,100,0
pymysql.readthedocs.io/en/latest/modules/connections.html,2,100,0
pypa.io/en/latest/members,2,100,0
python-patterns.guide,2,100,0
python.jp,2,100,0
pythonbook.org,2,100,0
reddit.com,2,100,0
setuptools.pypa.io/en/latest/userguide/development_mode.html,2,50,8
setuptools.pypa.io/en/latest/userguide/package_discovery.html,2,100,0
sky.pro,2,100,0
softserve.academy,2,100,0
sphinx-rtd-theme.readthedocs.io/en/stable/contributing.html,2,100,0
sqlmodel.tiangolo.com,2,100,0
stackoverflow.com,2,100,0
tongyi.com,2,100,0
towardsdatascience.com,2,50,680
turing.docebosaas.com,2,100,0
tutti.prod.bloomberg.com,2,100,0
typing-extensions.readthedocs.io,2,100,0
typing.python.org/en/latest/spec/type-system.html,2,100,0
ua.udemy.com,2,100,0
ucilnica.fmf.uni-lj.si,2,100,0
uio.no,2,100,0
uk.search.yahoo.com,2,100,0
ultra.edu.kuleuven.cloud,2,100,0
usfca.instructure.com/courses/1628041/assignments/7577818,2,100,0
viblo.asia,2,100,0
vorpus.org,2,50,96
web.telegram.org,2,100,0
wiki.python.org,2,100,0
wsgi.readthedocs.io,2,100,0
ya.ru,2,50,355
ya.ru/search,2,100,0
172.16.26.18,1,100,0
academy.hackthebox.com,1,100,0
adamgyenge.gitlab.io,1,100,0
aicomms.dev.bloomberg.com,1,100,0
alembic.sqlalchemy.org,1,100,0
alexandria-html-published.platosedu.io,1,100,0
all-about-python.co.uk,1,100,0
alunos.daxus.com.br,1,100,0
alura.com.br,1,100,0
android-app://io.github.hidroh.materialistic,1,100,0
app.codica.la/courses/python_basics_course/lessons/naming/theory_unit,1,100,0
app.quantic.edu,1,100,0
arelle.readthedocs.io/en/2.37.61/contributor_guides/contributing.html,1,100,0
asgi.readthedocs.io/en/latest/introduction.html,1,100,0
athena.alxafrica.com,1,100,0
atmarkit.itmedia.co.jp/ait/articles/1912/10/news045.html,1,100,0
auc-word-edit.officeapps.live.com,1,100,0
aules.edu.gva.es,1,100,0
azza-cs.udemy.com,1,100,0
base.usepanda.com,1,100,0
bayes.brightspace.com,1,100,0
bblearn.atu.edu,1,100,0
bestseminartopics.com,1,100,0
birnstiel.github.io,1,100,0
bitbucket.org,1,100,0
bitecode.dev,1,100,0
black.readthedocs.io/en/stable/the_black_code_style/current_style.html,1,100,0
blackboard.hcmiu.edu.vn,1,100,0
blog-es.python.org,1,100,0
blog.antoine.rocks,1,100,0
blog.codacy.com,1,100,0
blog.codacy.com/clean-code-principles,1,100,0
blog.codingconfessions.com,1,0,1
blog.python.org,1,100,0
blog.pythonlibrary.org,1,0,946
brainfuel.infinitylabs.co.il,1,100,0
cac-word-edit.officeapps.live.com,1,100,0
campus-informatorio.chaco.gob.ar,1,100,0
canvas.hull.ac.uk/courses/76515/modules/items/1365741,1,100,0
canvas.santarosa.edu,1,100,0
canvas.ucdavis.edu/courses/1010897/assignments/syllabus,1,100,0
carpentries-incubator.github.io,1,100,0
chambamodulocapacitacion.leon.gob.mx,1,100,0
chat.imsy.cc,1,100,0
chat.mistral.ai,1,100,0
chat.openai.com,1,100,0
chat.qwen.ai/c/5169be89-be72-4e61-bb67-f85710fe2af1,1,100,0
chat.qwen.ai/c/cbdbcb48-b9e4-47f4-a3cf-543452aae691,1,100,0
china-testing.github.io,1,100,0
cisco.udemy.com,1,0,1
