name,visitors,bounce_rate,visit_duration
Direct / None,6237,83,109
google.com,975,78,240
python.org,107,88,299
cn.bing.com,49,62,230
m.baidu.com,48,91,18
codecademy.cn,35,58,72
baidu.com/link,26,75,404
bing.com,25,82,276
duckduckgo.com,17,100,652
search.yahoo.co.jp,9,86,357
baidu.com,7,86,2
chatgpt.com,7,50,346
codecademy.cn/tutorial/python,7,86,25
qiita.com,7,86,385
search.brave.com,6,0,147
perplexity.ai,5,40,28
udemy.com,4,100,227
doubao.com,3,0,257
note.nkmk.me,3,100,40
android-app://com.google.android.googlequicksearchbox,2,100,720
cs50.harvard.edu,2,0,35
de.search.yahoo.com,2,0,286
devdocs.io,2,50,130
discuss.python.org,2,0,622
docs.pydantic.dev,2,0,226
gitee.com,2,0,5859
m.baidu.com/from=1001703a/bd_page_type=1/ssid=0/uid=0/pu=usm%400%2Csz%401320_1001%2Cta%40iphone_2_10.0_18_40.10/baiduid=DE4CE512DA12D49F7BE68BAFC5EC134E/w=0_10_/t=iphone/l=1/tc,2,100,0
m.baidu.com/from=1001703a/bd_page_type=1/ssid=0/uid=0/pu=usm%401%2Csz%401320_1001%2Cta%40iphone_2_10.0_18_40.10/baiduid=02F5989BE4B00C6B72644D7FEAC0F4AF/w=0_10_/t=iphone/l=1/tc,2,100,0
m.baidu.com/from=1013966u/bd_page_type=1/ssid=0/uid=0/pu=usm%400%2Csz%401320_1001%2Cta%40iphone_2_11.0_19_27.6/baiduid=0B35B5BE2B3261A66602AE8AB24C952B/w=0_10_/t=iphone/l=1/tc,2,100,0
"m.baidu.com/from=1020712q/ssid=0/pu=cua@_a-qfyuOvig-NEqpI5me6NN0v8zTu2Iy_C2H8yai2iqeC,wh@1,ctv@2,cen@cuid_cua_cut,vmgdb@0020100228y,cfrom@1026250u,osname@baiduboxapp,c3_aid@A00-KNEVSXQJGGXPC77MJS6O26D5KDZSPMVD-I5OML7OF,cuid@gaHPilP1va0ki28rgiHki_afvalP828yla2Higu6St8493P1r81ruSIoA,sz@1320_480,csrc@home_box_txt/s",2,100,0
netacad.com,2,100,0
ntp.msn.cn,2,100,0
qxh19.preview.codesignal.com,2,100,0
tecconcursos.com.br,2,100,0
wiki.archlinux.org,2,100,0
wiki.python.org,2,0,258
ya.ru,2,0,160
yandex.ru,2,50,76
alone-djangonaut.com,1,0,1321
atmarkit.itmedia.co.jp,1,0,1475
bing.com/search,1,0,109
boot.dev,1,0,247
bugs.launchpad.net,1,0,54
chat.baidu.com,1,0,302
claude.ai,1,0,128
college.yingdao.com,1,0,75
devbisme.github.io,1,100,0
dongwooblog.tistory.com/175,1,0,37
ecosia.org,1,0,1761
formation.force-n.sn,1,0,287
github.com,1,0,452
github.com/antlr/grammars-v4/tree/master/python/python3_13,1,100,0
github.com/kropiak/uwm-wprowadzenie-do-data-science/tree/main/modu%C5%82_6,1,0,412
github.com/python/cpython/issues/123788,1,100,0
github.com/python/cpython/issues/124520,1,100,0
google.com.hk,1,0,204
google.com.mx,1,100,0
google.com.tw,1,100,0
google.com.ua,1,100,0
google.fr,1,100,0
in.search.yahoo.com,1,0,199
infoacademy.ro,1,100,0
jupyter.rttl.uw.edu,1,100,0
keep.google.com,1,100,0
l.facebook.com,1,100,0
lehre.moodle.uni-due.de,1,100,0
letus.ed.tus.ac.jp,1,100,0
m.baidu.com/from=0/bd_page_type=1/ssid=0/uid=0/pu=sz%401320_1004%2Cvmgdb%400020100228y%2Cusm%400/baiduid=F66859167B144F9EE4CC2F7F832E09F1/w=10_10_/t=zbios/l=1/tc,1,100,0
m.baidu.com/from=1000539d/bd_page_type=1/ssid=0/uid=0/pu=usm%400%2Csz%401320_2001%2Cta%40iphone_1_16.1_25_16.1/baiduid=6A6AB309F3DE84A5465A8A41F0ED6678/w=0_10_/t=iphone/l=1/tc,1,100,0
m.baidu.com/from=1001192y/bd_page_type=1/ssid=0/uid=0/pu=sz%401320_1001%2Cta%40iphone_2_12.0_28_16.0%2Cusm%400/baiduid=313C4C1559C50081B43D3EEDD85A9106/w=0_10_/t=iphone/l=1/tc,1,100,0
m.baidu.com/from=1001192y/bd_page_type=1/ssid=0/uid=0/pu=usm%400%2Csz%401320_220%2Cta%40iphone___24_114.0/baiduid=6725AA18405CDF51D37FB139BC8B59EE/w=0_10_/t=iphone/l=1/tc,1,0,1
m.baidu.com/from=1001192y/bd_page_type=1/ssid=0/uid=0/pu=usm%400%2Csz%401320_220%2Cta%40iphone___24_114.0/baiduid=94F07DF0CF51F04F3F64B35D26E74D97/w=0_10_/t=iphone/l=1/tc,1,100,0
m.baidu.com/from=1001703a/bd_page_type=1/ssid=0/uid=0/pu=sz%401320_1001%2Cta%40iphone_2_12.0_18_40.10%2Cusm%400/baiduid=0DD973057162354BBBBB29C5F6A54EF5/w=0_10_/t=iphone/l=1/tc,1,100,0
m.baidu.com/from=1001703a/bd_page_type=1/ssid=0/uid=0/pu=sz%401320_1001%2Cta%40iphone_2_12.0_18_40.10%2Cusm%400/baiduid=6B647E78D3B4A8D6298AAD9D4ABEC1E4/w=0_10_/t=iphone/l=1/tc,1,100,0
m.baidu.com/from=1001703a/bd_page_type=1/ssid=0/uid=0/pu=sz%401320_1001%2Cta%40iphone_2_13.0_18_40.10%2Cusm%400/baiduid=A4F86AC16FCFAA70BDBC17F7D5C3F3F3/w=0_10_/t=iphone/l=1/tc,1,100,0
m.baidu.com/from=1001703a/bd_page_type=1/ssid=0/uid=0/pu=usm%400%2Csz%401320_1001%2Cta%40iphone_2_12.0_18_40.9/baiduid=6F636BEF4639230CA11F86663B0E9921/w=0_10_/t=iphone/l=1/tc,1,100,0
m.baidu.com/from=1001703a/bd_page_type=1/ssid=0/uid=0/pu=usm%401%2Csz%401320_1001%2Cta%40iphone_2_9.0_18_10.10/baiduid=27BE726E1E49CF75CDD792D34862A108/w=0_10_/t=iphone/l=1/tc,1,0,42
m.baidu.com/from=1001703a/bd_page_type=1/ssid=0/uid=0/pu=usm%401%2Csz%401320_220%2Cta%40iphone___18_40.10/baiduid=28C7BC699560077E0A1FFCF7BB8600B2/w=0_10_/t=iphone/l=1/tc,1,100,0
m.baidu.com/from=1001703y/bd_page_type=1/ssid=0/uid=0/pu=usm%400%2Csz%401320_1001%2Cta%40iphone_2_15.0_18_40.10/baiduid=705A5D69E26AE7436A1B0A2BE6398BE5/w=0_10_/t=iphone/l=1/tc,1,100,0
m.baidu.com/from=1019311a/bd_page_type=1/ssid=0/uid=0/pu=usm%401%2Csz%401320_1001%2Cta%40iphone_2_14.0_19_27.6/baiduid=E95D43E089B1DDAE9143F464F824CC3B/w=0_10_/t=iphone/l=1/tc,1,100,0
m.baidu.com/from=1019311v/bd_page_type=1/ssid=0/uid=0/pu=usm%401%2Csz%401320_1001%2Cta%40iphone_2_15.0_19_23.6/baiduid=0D2AD27ADCB4B7C515CB8C0F2B71B38A/w=0_10_/t=iphone/l=1/tc,1,100,0
m.baidu.com/from=1020681l/bd_page_type=1/ssid=0/uid=0/pu=usm%401%2Csz%401320_1001%2Cta%40iphone_2_15.0_18_40.10/baiduid=B934996CF5312B7B27399D6CC1221EFA/w=0_10_/t=iphone/l=1/tc,1,100,0
m.baidu.com/from=1020761f/bd_page_type=1/ssid=0/uid=0/pu=usm%401%2Csz%401320_1001%2Cta%40iphone_2_14.0_19_23.6/baiduid=43B578586B8BBEEDC79E9EB1B3D2B1F5/w=0_10_/t=iphone/l=1/tc,1,100,0
m.baidu.com/from=1020761f/bd_page_type=1/ssid=0/uid=0/pu=usm%401%2Csz%401320_1001%2Cta%40iphone_2_14.0_19_27.6/baiduid=F851F9BC384C1B2F8708F901828657E2/w=0_10_/t=iphone/l=1/tc,1,0,22
m.baidu.com/from=1020786r/bd_page_type=1/ssid=0/uid=0/pu=sz%401320_1001%2Cta%40iphone_2_14.0_19_27.4%2Cusm%401/baiduid=CE9B2592CEDC43F76681E1EDFC6F5704/w=0_10_/t=iphone/l=1/tc,1,100,0
m.baidu.com/from=1024729a/bd_page_type=1/ssid=0/uid=0/pu=usm%401%2Csz%401320_1004%2Cta%40iphone_2_15.0_34_12.9/baiduid=9E017A2AC75EAB715B53F41D1ECAD8DA/w=10_10_/t=iphone/l=1/tc,1,0,270
m.baidu.com/from=1057810a/bd_page_type=1/ssid=0/uid=0/pu=usm%400%2Csz%401320_1001%2Cta%40iphone_2_16.0_24_116.0/baiduid=7A345384A46CF9FC1D946CD5B7448CC2/w=0_10_/t=iphone/l=1/tc,1,0,277
m.baidu.com/from=1057810a/bd_page_type=1/ssid=0/uid=0/pu=usm%401%2Csz%401320_1001%2Cta%40iphone_2_10.0_24_116.0/baiduid=8A73381C97A77B401383FCF0E576C162/w=0_10_/t=iphone/l=1/tc,1,100,0
m.baidu.com/from=2001a/bd_page_type=1/ssid=0/uid=0/pu=usm%400%2Csz%401320_1004%2Cta%40iphone_2_15.0_35_10.1/baiduid=B1C356E88DD217C6F280594BE5CEE3AF/w=0_10_/t=iphone/l=1/tc,1,0,0
mail.google.com,1,100,0
meruvia.fr,1,100,0
nortikin.github.io,1,0,839
numpy.org,1,0,365
onu1.s2.chalmers.se,1,0,809
openeclass.uom.gr,1,100,0
practicum.yandex.ru,1,100,0
programovani.kiv.zcu.cz,1,0,2928
python.org/about,1,0,14
python.org/downloads/release/python-3138,1,100,0
python.org/psf/donations,1,0,864
pythoninsider.blogspot.com,1,0,3
s3.cri.epita.fr,1,0,305
scanpy.readthedocs.io/en/stable/api/generated/scanpy.pl.tsne.html,1,100,0
so.m.sm.cn,1,100,0
statics.teams.cdn.office.net,1,0,1025
symfoware.blog.fc2.com,1,0,1338
tecsup.instructure.com/courses/62160/modules/items/5141376,1,100,0
tecsup.instructure.com/courses/62165/modules/items/5138779,1,100,0
wapbaike.baidu.com,1,100,0
wiki.ubuntuusers.de,1,0,56
