name,visitors
Taipei,144
N/A,90
Taichung,83
Kaohsiung,57
Singapore,38
Hsinchu,37
Taoyuan,34
Tainan,33
N/A,17
Pingtung,11
N/A,9
N/A,9
Zhubei,9
Miaoli,7
Jiayi Shi,6
Chang-hua,5
Hong Kong,5
N/A,4
Banqiao,3
Hualien City,3
N/A,3
Keelung,3
Hangzhou,3
The Dalles,3
N/A,3
Riyadh,2
Krasnodar,2
N/A,2
N/A,2
N/A,2
Nantou,2
Yilan,2
Xi’an,2
Shanghai,2
Chengdu,2
N/A,2
N/A,2
Bristol,2
Los Angeles,2
San Jose,2
Vancouver,2
N/A,2
Amman,1
Dubai,1
Moscow,1
Yerevan,1
Bengaluru,1
Ho Chi Minh City,1
Hanoi,1
Douliu,1
N/A,1
N/A,1
N/A,1
N/A,1
Xindian,1
N/A,1
Kuala Lumpur,1
Zibo,1
Tianjin,1
Qingdao,1
Linyi,1
Guangzhou,1
Dongguan,1
Beijing,1
Tsuen Wan,1
Wan Chai,1
N/A,1
N/A,1
N/A,1
Phnom Penh,1
Fukuoka,1
N/A,1
Suzhou,1
Harbin,1
Lausanne,1
Oud-Beijerland,1
Haarlem,1
Karlsruhe,1
Frankfurt am Main,1
Montreuil,1
N/A,1
N/A,1
N/A,1
N/A,1
