name,unique_entrances,total_entrances,visit_duration
/en/latest/tutorials/installing-packages/,5819,5958,63
/en/latest/guides/writing-pyproject-toml/,1376,1414,82
/en/latest/tutorials/packaging-projects/,1133,1165,88
/en/latest/guides/tool-recommendations/,1096,1107,54
/en/latest/guides/installing-using-pip-and-virtual-environments/,988,1018,56
/en/latest/,512,520,117
/en/latest/specifications/binary-distribution-format/,366,371,56
/en/latest/glossary/,240,242,171
/en/latest/discussions/src-layout-vs-flat-layout/,199,207,113
/en/latest/key_projects/,167,173,183
/en/latest/guides/distributing-packages-using-setuptools/,160,164,95
/en/latest/specifications/dependency-specifiers/,142,143,52
/en/latest/specifications/pyproject-toml/,115,118,60
/en/latest/overview/,111,119,156
/en/latest/specifications/version-specifiers/,103,107,52
/en/latest/discussions/versioning/,97,99,29
/en/latest/guides/installing-using-linux-tools/,84,85,106
/en/latest/guides/packaging-namespace-packages/,78,79,107
/en/latest/guides/creating-command-line-tools/,75,77,167
/en/latest/tutorials/managing-dependencies/,75,78,161
/en/latest/guides/section-install/,69,69,60
/en/latest/specifications/core-metadata/,69,69,128
/en/latest/specifications/entry-points/,62,64,109
/en/latest/guides/hosting-your-own-index/,53,54,132
/en/latest/flow/,52,52,173
/en/latest/guides/creating-and-discovering-plugins/,48,48,43
/en/latest/guides/installing-using-virtualenv/,48,49,102
/en/latest/guides/,45,45,102
/en/latest/specifications/inline-script-metadata/,45,46,0
/en/latest/guides/section-build-and-publish/,43,43,197
/en/latest/specifications/platform-compatibility-tags/,41,41,91
/en/latest/tutorials/,41,41,147
/en/latest/guides/installing-stand-alone-command-line-tools/,39,40,163
/en/latest/specifications/,38,38,205
/en/latest/specifications/dependency-groups/,37,38,37
/en/latest/discussions/package-formats/,36,36,22
/en/latest/specifications/pypirc/,32,32,84
/en/latest/discussions/setup-py-deprecated/,31,31,116
/en/latest/guides/modernize-setup-py-project/,30,30,221
/en/latest/specifications/externally-managed-environments/,30,31,212
/en/latest/guides/publishing-package-distribution-releases-using-github-actions-ci-cd-workflows/,28,34,78
/en/latest/guides/packaging-binary-extensions/,27,27,14
/en/latest/guides/using-testpypi/,26,26,90
/en/latest/search/,26,27,184
/en/latest/guides/installing-scientific-packages/,24,24,60
/en/latest/discussions/install-requires-vs-requirements/,22,23,141
/en/latest/guides/analyzing-pypi-package-downloads/,20,23,16
/en/latest/guides/index-mirrors-and-caches/,20,20,119
/en/latest/guides/licensing-examples-and-user-scenarios/,20,20,26
/en/latest/guides/making-a-pypi-friendly-readme/,20,20,134
/en/latest/discussions/deploying-python-applications/,19,19,96
/en/latest/specifications/pylock-toml/,17,17,45
/en/latest/specifications/recording-installed-packages/,17,18,196
/en/latest/discussions/pip-vs-easy-install/,15,15,0
/en/latest/specifications/simple-repository-api/,14,14,7
/en/latest/guides/using-manifest-in/,13,13,30
/en/latest/specifications/name-normalization/,13,13,69
/en/latest/discussions/distribution-package-vs-import-package/,8,9,190
/en/latest/guides/dropping-older-python-versions/,8,8,156
/en/latest/specifications/license-expression/,8,8,3
/en/latest/guides/migrating-to-pypi-org/,7,7,31
/en/latest/discussions/single-source-version/,6,6,12
/en/latest/guides/single-sourcing-package-version/,6,6,0
/en/latest/specifications/direct-url/,6,6,259
/en/latest/specifications/glob-patterns/,6,6,52
/en/latest/specifications/well-known-project-urls/,6,6,0
/en/latest/specifications/source-distribution-format/,5,5,15
/en/latest/discussions/,4,4,48
/en/latest/specifications/section-package-indices/,4,4,0
/en/latest/specifications/virtual-environments/,4,4,152
/en/latest/specifications/section-distribution-formats/,3,3,716
/en/latest/support/,3,3,0
/ja/latest/guides/writing-pyproject-toml/,3,3,1118
/en/latest/contribute/,2,2,0
/en/latest/specifications/index-hosted-attestations/,2,2,0
/en/latest/specifications/project-status-markers/,2,2,0
/en/latest/specifications/schemas/,2,2,23
/en/latest/specifications/section-distribution-metadata/,2,2,74
/en/latest/specifications/section-installation-metadata/,2,2,1088
/ja/latest/tutorials/installing-packages/,2,2,96
/en/latest/discussions/downstream-packaging/,1,1,0
/en/latest/guides/multi-version-installs/,1,1,0
/en/latest/guides/section-hosting/,1,1,0
/en/latest/news/,1,1,0
/en/latest/specifications/build-details/,1,1,0
/en/latest/specifications/direct-url-data-structure/,1,1,66
/en/latest/specifications/file-yanking/,1,1,0
/en/latest/specifications/section-reproducible-environments/,1,1,0
/ja/latest/guides/installing-using-pip-and-virtual-environments/,1,1,1075
/ja/latest/tutorials/packaging-projects/,1,1,603
/pt-br/latest/tutorials/installing-packages/,1,1,0
/tutorials/installing-packages/,1,1,21
