name,visitors,bounce_rate,visit_duration
Direct / None,1036,63,331
Google,536,72,257
python.org,147,60,367
pythoninsider.blogspot.com,60,61,176
Bing,47,65,321
Baidu,27,95,79
DuckDuckGo,20,62,442
GitHub,17,42,197
typing-extensions.readthedocs.io,11,82,10
Brave,10,60,165
Yandex,10,50,181
chatgpt.com,10,50,404
Reddit,7,83,25
peps.python.org,6,100,299
Ecosia,4,50,247
blog.python.org,4,100,0
Microsoft Teams,3,100,0
Yahoo!,3,67,9
cted.cybbh.io,3,0,1606
digitalbourgeois.tistory.com,3,67,5
qiita.com,3,100,0
Youtube,2,0,106
cursos.alura.com.br,2,0,1199
link.zhihu.com,2,100,0
py-free-threading.github.io,2,0,372
sphinx-doc.org,2,0,320
Biglobe,1,100,0
Hacker News,1,0,32
Qwant,1,100,0
blog.naver.com,1,0,15
canvas.hull.ac.uk,1,0,18
chat.baidu.com,1,100,0
doubao.com,1,0,1087
es.python.org,1,0,545
ide-python-basics-call-function-expression-9256477.evaluator3-8.hexlet.io,1,0,0
int-captive.prod.local,1,0,4
numpy.org,1,0,81
psycopg.org,1,100,0
source.android.com,1,0,42
sqlmodel.tiangolo.com,1,0,20
tukaani.org,1,0,66
wiki.python.org,1,0,2733
