name,unique_exits,total_exits,exit_rate
/es/3.13/tutorial/index.html,216,230,
/es/3.13/library/tkinter.html,210,227,
/es/3/tutorial/,162,171,
/es/3.13/tutorial/venv.html,145,149,
/es/3.13/tutorial/introduction.html,120,128,
/es/3/tutorial/classes.html,115,119,
/es/3.13/installing/index.html,105,108,
/es/3.13/tutorial/datastructures.html,70,79,
/es/3/tutorial/introduction.html,70,78,
/es/3.13/library/functions.html,69,80,
/es/3.13/library/index.html,69,85,
/es/3/tutorial/index.html,66,69,
/es/3/tutorial/interpreter.html,62,64,
/es/3.13/tutorial/controlflow.html,60,64,
/es/3.13/tutorial/interpreter.html,58,59,
/es/3.13/tutorial/errors.html,57,57,
/es/3/,56,61,
/es/3.13/tutorial/inputoutput.html,53,51,
/es/3.13/library/re.html,51,52,
/es/3.13/library/datetime.html,50,52,
/es/3.13/library/idle.html,49,51,
/es/3.13/library/stdtypes.html,48,54,
/es/3.13/library/random.html,47,48,
/es/3/tutorial/controlflow.html,46,50,
/es/3/library/stdtypes.html,42,43,
/es/3/library/json.html,41,40,
/es/3.13/library/venv.html,39,42,
/es/3/tutorial/appetite.html,38,38,
/es/3/library/argparse.html,37,38,
/es/3.12/tutorial/interpreter.html,36,38,
/es/3/library/index.html,36,38,
/es/dev/using/windows.html,36,37,
/es/3.13/library/csv.html,34,34,
/es/3.13/tutorial/appetite.html,33,36,
/es/3.13/library/tk.html,32,33,
/es/3/tutorial/datastructures.html,32,35,
/es/3.13/library/shutil.html,31,34,
/es/3/library/decimal.html,31,33,
/es/3.13/using/windows.html,30,30,
/es/dev/tutorial/controlflow.html,30,30,
/es/3.13/library/string.html,28,28,
/es/3/library/functions.html,28,30,
/es/3.13/library/tkinter.ttk.html,27,29,
/es/3.13/,26,27,
/es/3.13/search.html,26,32,
/es/3/howto/regex.html,26,27,
/es/3.13/library/math.html,25,25,
/es/3.13/glossary.html,24,26,
/es/3.13/tutorial/modules.html,24,27,
/es/3/genindex-Símbolos.html,22,22,
/es/3.13/howto/logging.html,21,21,
/es/3.13/library/pickle.html,20,22,
/es/3.13/howto/sockets.html,19,19,
/es/3.13/library/array.html,19,19,
/es/3.13/library/collections.html,19,19,
/es/3.13/howto/sorting.html,18,18,
/es/3.13/reference/import.html,18,18,
/es/3.13/library/__main__.html,17,17,
/es/3.13/library/sqlite3.html,17,17,
/es/3/library/tkinter.html,17,17,
/es/3.12/tutorial/index.html,16,16,
/es/3.13/library/smtplib.html,16,18,
/es/3.13/library/turtle.html,16,16,
/3/library/tkinter.html,15,15,
/es/3.13/library/operator.html,15,15,
/es/3.13/reference/compound_stmts.html,15,15,
/es/3/tutorial/venv.html,15,15,
/es/3/using/cmdline.html,15,15,
/es/3.13/howto/unicode.html,14,14,
/es/3/library/re.html,14,14,
/es/3/tutorial/inputoutput.html,14,14,
/3/,13,12,
/es/3.13/tutorial/,13,16,
/es/3.13/tutorial/classes.html,13,17,
/es/3.13/using/editors.html,13,13,
/es/3/library/base64.html,13,13,
/es/3.13/library/http.server.html,12,12,
/es/3/faq/windows.html,12,12,
/es/3/installing/index.html,12,11,
/es/3/library/asyncio.html,12,12,
/es/3/library/statistics.html,12,12,
/es/3/search.html,12,11,
/es/3.13/library/asyncio-task.html,11,11,
/es/3.13/reference/lexical_analysis.html,11,15,
/es/3/contents.html,11,12,
/es/3/library/exceptions.html,11,12,
/es/3.13/library/xml.etree.elementtree.html,10,10,
/es/3/library/enum.html,10,10,
/es/3/reference/expressions.html,10,10,
/es/dev/library/math.html,10,10,
/3/library/random.html,9,9,
/3/tutorial/index.html,9,9,
/es/3.13/whatsnew/3.13.html,9,12,
/es/3/library/functools.html,9,10,
/es/3/tutorial/errors.html,9,10,
/es/3/whatsnew/3.13.html,9,9,
/es/3/whatsnew/index.html,9,9,
/es/3.13/library/calendar.html,8,8,
/es/3.13/library/ftplib.html,8,9,
/es/3.13/library/webbrowser.html,8,8,
