name,visitors
Madrid Autonomous Community,360
Capital District,341
Ciudad de Mexico,278
Buenos Aires Province,193
Catalonia,186
Antioquia,156
Andalusia,133
Santiago Metropolitan,130
Lima,129
Valencian Community,83
Mexico State,75
Jalisco,73
Galicia,64
Nuevo León,61
Castile and León,46
Buenos Aires,43
Pichincha,42
Valle del Cauca,39
Capital,39
Córdoba,38
Basque Country,37
Guayas,36
Guatemala,34
Querétaro,34
Veracruz,32
Atlántico,31
Baja California,31
Guanajuato,30
San José,29
Puebla,29
Canary Islands,28
Havana,27
La Paz,25
Santander,25
Castile-La Mancha,25
Lima Region,24
Santa Fe,23
San Salvador,23
Distrito Nacional,22
Aragon,22
Murcia Region,22
Chihuahua,22
Coahuila,22
Sinaloa,22
Michoacán,20
Yucatán,19
Risaralda,18
Sonora,18
Montevideo,18
Bolívar,17
Chiapas,17
Oaxaca,17
Cochabamba,16
Santa Cruz,16
Bío Bío,16
Asturias,16
Balearic Islands,16
Asunción,16
Morelos,15
Panamá,15
Arequipa,14
Extremadura,13
Tamaulipas,13
Managua,13
Texas,13
Valparaíso,12
Santiago,12
Cantabria,12
Hidalgo,12
Tabasco,12
Cundinamarca,11
Aguascalientes,10
Nayarit,10
Zacatecas,10
Lambayeque,10
Neuquén,9
Tucumán,9
Magdalena,9
Nariño,9
Santo Domingo,9
Navarra Chartered Community,9
Huila,8
Norte de Santander,8
Azuay,8
Guerrero,8
Tlaxcala,8
La Libertad,8
Carabobo,8
Boyacá,7
Caldas,7
La Rioja,7
Baja California Sur,7
Colima,7
Quintana Roo,7
California,7
Florida,7
Entre Ríos,6
Mendoza,6
Antofagasta,6
Cauca,6
Córdoba,6
Heredia,6
Campeche,6
Aragua,6
Vargas,6
San Juan,5
Corrientes,5
São Paulo,5
Maule,5
Cortés,5
Francisco Morazán,5
Durango,5
San Luis Potosí,5
New York,5
Maldonado,5
Miranda,5
Jujuy,4
Quebec,4
Libertador General Bernardo O'Higgins,4
Los Lagos,4
Cesar,4
Meta,4
Alajuela,4
Santo Domingo de los Tsáchilas,4
Junín,4
Alto Paraná,4
Santa Ana,4
Bolívar,4
Misiones,3
Río Negro,3
Santa Cruz,3
Zürich,3
Tolima,3
Bavaria,3
England,3
Leinster,3
Telangāna,3
Cajamarca,3
Cusco,3
Piura,3
Central,3
Georgia,3
Virginia,3
Táchira,3
Zulia,3
Salta,2
San Luis,2
Santiago del Estero,2
La Pampa,2
Victoria,2
Brussels,2
Solothurn,2
Aysén,2
Tarapacá,2
Beijing,2
Guangdong,2
Jiangsu,2
Arauca,2
Sucre,2
Berlin,2
Chimborazo,2
Loja,2
Manabí,2
Tungurahua,2
Nouvelle-Aquitaine,2
Occitanie,2
South Kalimantan,2
Lombardy,2
Ica,2
Ucayali,2
Pennsylvania,2
Andorra la Vella,1
Sharjah,1
La Rioja,1
Chaco,1
Catamarca,1
Formosa,1
Chubut,1
Queensland,1
Flanders,1
Chuquisaca,1
Oruro,1
Paraíba,1
Minsk,1
Alberta,1
British Columbia,1
New Brunswick,1
Ontario,1
Aargau,1
Arica y Parinacota,1
Araucanía,1
Atacama,1
Coquimbo,1
Los Ríos,1
Hebei,1
Sichuan,1
Shanghai,1
Zhejiang,1
Guanacaste,1
Baden-Württemberg,1
Hesse,1
El Seibo,1
La Vega,1
San Pedro de Macorís,1
Santiago Rodríguez,1
Algiers,1
Imbabura,1
El Oro,1
Cotopaxi,1
Uusimaa,1
Burgundy-Franche-Comté,1
Île-de-France,1
Quetzaltenango,1
Jalapa,1
La Paz,1
Santa Bárbara,1
Budapest,1
Central Java,1
Andhra Pradesh,1
Delhi,1
Karnataka,1
Tamil Nadu,1
Hormozgan,1
Tuscany,1
Calabria,1
Tokyo,1
Osaka,1
Almaty,1
Luxembourg,1
Meknès-Tafilalet,1
Groningen,1
South Holland,1
Ancash,1
Apurímac,1
Huánuco,1
Puno,1
San Martín,1
Tacna,1
Mazovia,1
Holy Cross,1
Coimbra,1
Lisbon,1
Porto,1
Caaguazú,1
Itapúa,1
Dolj,1
Karelia,1
Moscow,1
Nizhny Novgorod,1
Saint Petersburg,1
Västra Götaland,1
Laško,1
Dakar,1
Ahuachapán,1
La Libertad,1
Taipei,1
Kharkivshchyna,1
Idaho,1
Illinois,1
Massachusetts,1
Minnesota,1
Montana,1
North Carolina,1
Nebraska,1
New Jersey,1
Nevada,1
Oregon,1
Washington,1
Anzoátegui,1
Barinas,1
Lara,1
Mérida,1
Nueva Esparta,1
Trujillo,1
Hanoi,1
Gauteng,1
