name,visitors
Istanbul,35
Ankara,22
İzmir,9
Baku,8
Denizli,5
Pazar,4
Bursa,3
Tehran,2
Selçuklu,2
Adana,2
Riga,2
Dolgoprudnyy,2
Sumqayıt,2
N/A,2
Hanoi,2
Zhengzhou,2
Sydney,2
Parnamirim,2
Valencia,2
Çankaya,2
Niğde,1
Mersin,1
Konya,1
Etimesgut,1
Elazığ,1
Dinar,1
Antalya,1
Aksaray,1
Afyonkarahisar,1
Zonguldak,1
Tokat,1
Esenler,1
Edirne,1
Devrek,1
Çorlu,1
Hyderabad,1
Xianyang,1
Ech Chettia,1
Colchester,1
Nieuwegein,1
Enschede,1
Amsterdam,1
Willich,1
Munich,1
Miami,1
Baltimore,1
Ottawa,1
