name,visitors,bounce_rate,visit_duration
Direct / None,188234,59,125
Google,139427,58,101
Bing,43559,57,129
chatgpt.com,32362,70,90
Baidu,8371,52,168
Yandex,6198,61,106
Brave,2786,64,79
Yahoo!,2784,60,118
GitHub,2778,68,86
docs.python.org,2133,56,78
Youtube,1730,67,89
360.cn,1479,42,285
DuckDuckGo,1351,58,88
link.csdn.net,1224,55,141
doubao.com,1180,65,130
code.visualstudio.com,875,80,73
copilot.microsoft.com,846,67,110
Naver,786,51,105
python.uihtm.com,588,58,173
w3schools.com,505,53,96
Perplexity,421,67,72
Microsoft Teams,373,74,87
link.zhihu.com,304,54,141
pip.pypa.io,298,48,117
claude.ai,297,69,58
qiita.com,276,58,106
packaging.python.org,240,43,132
Coccoc,229,57,147
Ecosia,228,54,157
netacad.com,198,74,136
learn.microsoft.com,176,55,132
Sogou,175,45,109
wiki.python.org,173,71,106
yuanbao.tencent.com,148,55,173
pytorch.org,143,69,102
liaoxuefeng.com,141,80,78
peps.python.org,141,52,93
roadmap.sh,135,77,96
blog.csdn.net,122,56,183
python.jp,119,44,69
q.utoronto.ca,119,53,144
pypi.org,113,69,75
Facebook,111,65,142
quark.cn,104,51,241
ai.google.dev,102,77,47
tongyi.com,102,61,91
Wikipedia,98,46,58
blog.naver.com,94,56,180
chat.baidu.com,90,66,155
geeksforgeeks.org,90,73,101
jianshu.com,86,77,50
Qwant,83,55,26
python.p2hp.com,82,67,96
runoob.com,76,72,62
realpython.com,73,68,130
sukkiri.jp,73,38,85
docs.reportlab.com,65,65,80
sd29.knowledgeinfoplanet.com,64,20,61
soroban.highreso.jp,64,79,64
freedidi.com,60,83,28
leanpub.com,60,67,75
udemy.com,57,83,119
python.org.br,56,71,91
avenue.cllmcmaster.ca,54,73,223
scikit-learn.org,54,69,80
aisearch.sogou.com,53,66,61
docs.qq.com,53,81,20
idle.org.cn,53,72,53
lms.ev.org.br,52,83,48
pythonguis.com,52,65,61
fenix.tecnico.ulisboa.pt,51,61,66
blog.pyq.jp,50,28,130
pygame.org,49,43,84
Telegram,48,69,63
byui-cse.github.io,48,69,79
dotiromoook.tistory.com,48,57,44
pythonworld.ru,48,31,167
bohr.wlu.ca,46,73,92
pythoncentral.io,46,61,141
discuss.python.org,45,65,100
docs.pingcode.com,45,43,134
cnblogs.com,44,48,123
openclassrooms.com,44,66,125
medium.com,43,72,90
devguide.python.org,42,57,137
cs111.byu.edu,40,76,108
hackernoon.com,40,45,299
pyzo.org,40,50,87
chat.qwen.ai,39,54,165
cloud.tencent.com,39,44,239
esphome.io,39,79,49
enlacesnintricks.blogspot.com,38,76,28
ursinaengine.org,38,50,172
rivery.io,37,59,58
skilladd.org,37,82,79
romptn.com,36,81,56
docs.platformio.org,35,70,28
introcomp.mit.edu,35,89,4
online-python.com,35,71,88
chat.z.ai,34,69,189
edube.org,34,79,116
sky.pro,34,49,40
datacamp.com,33,70,18
ithelp.ithome.com.tw,33,42,392
brightspace.carleton.ca,32,64,118
course.cse.ust.hk,31,70,29
pythongeeks.org,31,68,98
espacioeducativo.infotec.mx,30,90,6
metanit.com,30,63,65
source.android.com,30,53,43
Gmail,29,63,119
automatetheboringstuff.com,29,48,108
courses.edx.org,29,100,0
cs50.readthedocs.io,29,55,123
idcsharp.com,29,62,77
moodle.tuni.fi,29,56,136
poe.com,28,54,106
dzen.ru,27,55,57
kone.gg,27,93,3
moodle.ucenfotec.ac.cr,27,59,198
tutorialspoint.com,27,71,107
w3school.com.cn,27,59,258
canvas.umn.edu,26,59,141
opavote.com,26,63,91
LinkedIn,25,84,79
nexusmods.com,25,81,26
ntp.msn.cn,25,52,231
gradio.app,24,44,140
cbdm-01.zdv.uni-mainz.de,23,58,57
gamebanana.com,23,83,34
instaloader.github.io,23,52,22
py4e.com,23,74,122
yuque.com,23,65,276
ecourse.dcsh.tp.edu.tw,22,68,40
slate.sheridancollege.ca,22,61,225
weel.co.jp,22,60,210
ai-kenkyujo.com,21,29,121
brightspace.cuny.edu,21,62,100
doc.courtbouillon.org,21,95,0
javadrive.jp,21,29,46
lms.nait.ca,21,83,234
randomnerdtutorials.com,21,76,10
revel-ise.pearson.com,21,71,93
skillbox.ru,21,81,161
yutu.cn,21,43,233
Mail.ru,20,50,473
Vkontakte,20,85,10
i-learn.co.il,20,85,103
virtualenv.pypa.io,20,65,32
dataquest.io,19,58,87
drive2.ru,19,58,70
moodle.caseine.org,19,81,42
portal.e-yantra.org,19,70,50
pythononlinecompiler.ru,19,68,111
spotdl.github.io,19,32,50
127.0.0.1,18,75,286
4pda.to,18,61,15
Instagram,18,78,48
blackbox.ai,18,78,18
codecademy.com,18,78,57
lmarena.ai,18,68,155
m.blog.naver.com,18,67,52
notebooks.githubusercontent.com,18,72,432
odin.study,18,77,20
sysnettechsolutions.com,18,100,0
Daum,17,88,2
Twitter,17,47,134
confluence.oraclecorp.com,17,76,6
hovatek.com,17,50,402
northeastern.instructure.com,17,82,25
pythontest.com,17,35,91
theforage.com,17,89,1
wenxiaobai.com,17,71,85
xdaforums.com,17,82,3
cursos.alura.com.br,16,81,23
docs.espressif.com,16,88,4
event.webinarjam.com,16,94,100
luminate.centennialcollege.ca,16,53,70
m.so.com,16,75,60
mooc.fi,16,44,305
mycourses.aalto.fi,16,94,2
amuletmc.com,15,80,30
brightspace.uri.edu,15,69,215
codelv.com,15,88,70
coderivers.org,15,73,14
droidwin.com,15,67,89
worthytutors.com,15,53,67
auto-editor.com,14,36,414
chat.chatbot.app,14,79,4
csc.edu.vn,14,29,242
developer.aliyun.com,14,71,332
freecodecamp.org,14,50,68
harmash.com,14,43,182
learningsuite.byu.edu,14,79,13
lms.skillfactory.ru,14,47,249
moodle.lut.fi,14,67,108
myclassroom.apus.edu,14,43,48
n.cn,14,50,398
natechcel.blogspot.com,14,100,0
pandas.pydata.org,14,79,111
pcschool.com.tw,14,64,6
pyfound.blogspot.com,14,50,255
space.coze.cn,14,43,99
blackboard.cuhk.edu.hk,13,92,19
cainiaojc.com,13,62,154
docs.telethon.dev,13,69,23
gcumedia.com,13,77,20
legacy.python.org,13,54,71
music21.org,13,100,0
pymacrorecord.com,13,92,17
pythonjobshq.com,13,62,20
aranzulla.it,12,42,111
bytedance.larkoffice.com,12,58,33
codegenes.net,12,83,69
courses.cscc.edu,12,67,174
developer-home.bmwgroup.net,12,83,14
docstring.fr,12,42,478
kdnuggets.com,12,75,5
openstax.org,12,92,10
pydev.org,12,67,100
site.uottawa.ca,12,86,86
virtual.grado.ungs.edu.ar,12,83,60
wikidocs.net,12,17,125
x.cnki.net,12,83,19
apps.zdv.uni-mainz.de,11,55,158
assignments.onenote.com,11,67,162
badcaps.net,11,100,0
btcrecover.readthedocs.io,11,45,343
digitalocean.com,11,73,23
edu.vkurse.ru,11,86,398
futurelearn.com,11,55,128
gitlab.rnl.tecnico.ulisboa.pt,11,64,11
imakasegu.com,11,50,287
login.microsoftonline.com,11,73,6
mkdocs.org,11,55,271
namu.wiki,11,64,80
programiz.com,11,67,559
python-lernen.de,11,27,101
s3.eu-west-1.amazonaws.com,11,100,0
unogeeks.com,11,27,265
app.magicschool.ai,10,80,33
aula-virtual.unav.edu,10,60,79
blog.data101.io,10,70,92
canva.com,10,70,25
cocalc.com,10,80,71
developer.mozilla.org,10,27,65
docs.astronvim.com,10,80,4
docs.streamlit.io,10,80,128
gall.dcinside.com,10,80,22
geekchamp.com,10,60,75
idealab.alibaba-inc.com,10,50,211
learn.online-python.com,10,50,133
link.juejin.cn,10,70,143
mooc2-ans.chaoxing.com,10,45,84
multiwingspan.co.uk,10,100,0
newsuk1.com,10,40,183
nscconline.brightspace.com,10,55,189
nxist.ai-augmented.com,10,83,12
odoo.com,10,30,198
overleaf.com,10,100,0
patana.fireflycloud.asia,10,20,336
rapidseedbox.com,10,60,3
sitescours.monportail.ulaval.ca,10,80,55
tutorial.djangogirls.org,10,40,48
brian0111.com,9,67,1
cafe.naver.com,9,56,86
chat.oracle.com,9,78,13
codeup.kr,9,56,291
csrepository.s3.amazonaws.com,9,33,165
docs.zephyrproject.org,9,56,63
l.messenger.com,9,60,49
migra.pl,9,56,147
nltk.org,9,67,120
patreon.com,9,67,34
rephactor.com,9,89,2
saiseich.com,9,56,644
sejuku.net,9,36,137
timeweb.cloud,9,11,378
typing.python.org,9,22,175
umd-ischool-inst326.github.io,9,44,312
www-python-org.translate.goog,9,22,247
Reddit,8,62,15
bdy7phpvgk.feishu.cn,8,90,55
blog.51cto.com,8,75,111
blog.faradars.org,8,75,7
brunch.co.kr,8,38,256
challenge.hennge.com,8,62,169
cnpython.com,8,75,100
confluence.ext.net.nokia.com,8,67,9
confluence.rakuten-it.com,8,75,13
docs.opencv.org,8,62,264
e-campus.cpe.fr,8,100,0
euc-word-edit.officeapps.live.com,8,38,321
help.aliyun.com,8,25,333
itproger.com,8,56,426
learn.rrc.ca,8,62,239
mathworks.com,8,38,308
moodle.bbcag.ch,8,50,460
mql5.com,8,50,12
mymoodle.okanagan.bc.ca,8,33,589
