name,visitors
Moscow,1607
Bengaluru,1128
Singapore,1038
Chennai,748
Hyderabad,709
Los Angeles,698
New York City,682
Warsaw,637
London,601
Pune,579
Mumbai,569
Amsterdam,526
San Jose,514
Tokyo,467
Ho Chi Minh City,465
Berlin,450
Paris,450
Toronto,431
Ashburn,423
New Delhi,419
Seattle,410
Frankfurt am Main,401
Saint Petersburg,400
Chicago,375
Zürich,371
Melbourne,361
Sydney,356
Vienna,345
Istanbul,344
Munich,333
Kyiv,327
Hanoi,327
São Paulo,327
Kolkata,326
Helsinki,323
Tel Aviv,322
Shanghai,322
Madrid,313
Atlanta,313
Beijing,302
Jakarta,300
Lagos,299
Guangzhou,297
San Francisco,292
Dublin,284
Taipei,283
Hong Kong,283
Denver,274
Prague,271
Milan,271
Delhi,266
Budapest,255
Bogotá,249
Montréal,243
Athens,231
Nairobi,230
Lima,223
Cairo,222
Stockholm,217
Bucharest,198
Bangkok,196
Brooklyn,194
Brisbane,192
Tehran,179
Barcelona,177
Dallas,173
Kraków,172
Minsk,169
Riyadh,165
Jeddah,164
Santiago,164
Hamburg,163
Austin,162
Boston,159
Vancouver,159
Rome,157
Lucknow,156
Tashkent,156
Washington,156
Hangzhou,153
Jaipur,150
Brussels,150
Dubai,147
Coimbatore,146
Kuala Lumpur,143
Wrocław,142
Manchester,141
Houston,140
Sofia,138
Lisbon,137
Accra,136
Colombo,135
Riga,134
San Diego,134
Ahmedabad,133
Rio de Janeiro,133
Shenzhen,132
Lahore,130
Medellín,130
Novosibirsk,128
N/A,127
Johannesburg,126
Casablanca,125
Ankara,124
Amman,123
Bhopāl,123
Colorado Springs,123
Karachi,122
Cochin,122
Belgrade,118
Poznań,118
Perth,117
Berkeley,117
Pittsburgh,116
Sunnyvale,116
Tbilisi,113
Phoenix,113
Oslo,111
Yekaterinburg,110
Manila,109
Osaka,109
Minneapolis,109
Dhaka,108
Patna,108
Almaty,108
Nanjing,108
Lyon,108
Boryspil,107
Nizhniy Novgorod,105
Göteborg,105
Portland,105
Calgary,103
Santa Clara,102
N/A,102
Addis Ababa,101
Tallinn,100
Cambridge,100
Queens,99
Lviv,98
Kathmandu,98
Chengdu,98
Brasília,98
Philadelphia,97
Indore,96
Wuhan,95
Birmingham,95
Stuttgart,94
Miami,94
Quezon City,93
Zhengzhou,93
Xi’an,93
Nürnberg,93
Zagreb,93
N/A,92
Ranchi,91
The Dalles,90
Krasnodar,89
Boardman,89
Yerevan,88
Guwahati,88
Glasgow,88
Samara,86
Santo Domingo,86
Salt Lake City,85
Meerut,84
Nur-Sultan,83
Edinburgh,83
San José,83
Abuja,82
Charlotte,81
Islamabad,80
Dakar,80
Noida,80
Taichung,79
Bratislava,79
Edmonton,79
Chandīgarh,78
Düsseldorf,78
Seoul,77
Auckland,77
Cambridge,77
Turin,77
N/A,77
Cape Town,77
Chelyabinsk,75
Copenhagen,75
Reston,75
Bhubaneshwar,74
Łódź,74
Ottawa,74
Nagpur,73
Yokohama,73
Köln,73
Columbus,73
Mississauga,73
Gurgaon,72
Jersey City,72
Bandung,71
Toulouse,71
Oakland,70
Southampton,69
Graz,69
Gdańsk,69
Baku,67
Karlsruhe,67
St. Louis,67
Vilnius,66
San Antonio,66
Kampala,65
Ufa,65
Belo Horizonte,65
Quito,65
Mountain View,65
Rotterdam,64
Fortaleza,64
Haarlem,63
İzmir,62
Giza,62
Orlando,62
Thessaloníki,61
Changsha,61
Tunis,61
Valencia,61
Naaldwijk,61
Fremont,61
Redmond,61
Rostov-na-Donu,60
Malmö,60
Porto,60
Leipzig,60
Dammam,59
Kazan,59
Nagoya,59
Ann Arbor,59
N/A,58
Phnom Penh,58
Adelaide,58
Irvine,58
Las Vegas,58
Kaohsiung,57
Krasnoyarsk,56
Bristol,56
Ljubljana,56
Curitiba,56
Mexico City,56
Voronezh,55
N/A,55
Marseille,55
Brno,55
Campinas,55
Raleigh,55
Tampere,54
Guayaquil,54
Leeds,53
Hannover,53
Des Moines,53
Abidjan,52
Algiers,52
Dresden,52
Baltimore,52
Winnipeg,52
Montevideo,51
Salvador,51
Marrakesh,50
Oxford,50
Benito Juarez,50
Buffalo,50
Baghdad,49
Thrissur,49
Surat,49
Guntur,49
Qingdao,49
Croydon,49
Camden Town,49
Albuquerque,49
Burnaby,49
Izhevsk,48
Dnipro,48
Ghāziābād,48
Agra,48
Taoyuan,48
Tianjin,48
Coventry,48
Dortmund,48
Cluj-Napoca,47
Reading,47
Nottingham,47
Naples,47
Abu Dhabi,46
Salem,46
Cardiff,46
Bologna,46
Aachen,46
Cali,46
Tampa,46
Surrey,46
Tyumen,45
Bishkek,45
Kansas City,45
Champaign,45
