name,visitors,bounce_rate,visit_duration
Direct / None,180481,60,131
Google,138147,58,111
Bing,38136,60,118
chatgpt.com,37363,68,105
Baidu,5889,52,141
Yandex,3914,60,89
GitHub,3700,67,101
Yahoo!,3086,60,135
Brave,3004,61,116
Youtube,2128,68,90
docs.python.org,2010,51,91
DuckDuckGo,1310,62,88
link.csdn.net,1029,56,113
doubao.com,947,65,152
code.visualstudio.com,905,77,89
360.cn,772,44,258
copilot.microsoft.com,705,65,130
w3schools.com,662,52,105
Naver,499,51,142
Microsoft Teams,480,74,87
python.p2hp.com,397,66,123
claude.ai,352,72,82
Perplexity,349,62,113
link.zhihu.com,341,54,160
pip.pypa.io,313,47,117
qiita.com,287,54,104
learn.microsoft.com,262,62,81
netacad.com,258,72,135
freedidi.com,241,85,51
Ecosia,233,66,96
packaging.python.org,210,43,134
Coccoc,173,55,126
Sogou,172,54,158
roadmap.sh,171,64,92
blog.csdn.net,167,61,90
pytorch.org,165,66,136
yuanbao.tencent.com,161,57,177
learn.uq.edu.au,157,69,45
event.webinarjam.com,155,75,28
wiki.python.org,155,62,100
peps.python.org,145,48,95
pypi.org,142,62,114
liaoxuefeng.com,129,72,78
python.jp,124,43,140
geeksforgeeks.org,104,69,136
realpython.com,96,62,104
udemy.com,95,83,68
Wikipedia,92,48,150
quark.cn,92,53,157
discuss.python.org,85,60,84
ai.google.dev,79,72,26
chat.baidu.com,79,52,117
sukkiri.jp,77,44,166
runoob.com,75,76,158
blog.naver.com,71,61,484
scikit-learn.org,71,67,151
lms.ev.org.br,69,75,98
tongyi.com,69,41,149
medium.com,68,56,127
dotiromoook.tistory.com,65,58,115
jianshu.com,65,82,57
soroban.highreso.jp,65,88,57
openclassrooms.com,64,73,46
devguide.python.org,62,62,83
enlacesnintricks.blogspot.com,60,91,2
blackbox.ai,59,63,167
cnblogs.com,58,51,112
docs.pingcode.com,56,46,204
Qwant,55,53,46
python.org.br,55,75,63
pythoncentral.io,54,65,146
lms.latrobe.edu.au,52,81,27
LinkedIn,50,75,58
online-python.com,50,75,16
Facebook,49,76,99
datacamp.com,48,75,14
chat.qwen.ai,47,78,66
spotdl.readthedocs.io,45,39,57
javadrive.jp,44,24,141
event.on24.com,42,88,14
blog.pyq.jp,41,21,268
computerhoy.20minutos.es,41,83,7
courses.edx.org,39,74,126
gamebanana.com,39,68,83
m365.cloud.microsoft,39,65,61
pythongeeks.org,39,69,92
aisearch.sogou.com,38,50,169
cs50.readthedocs.io,38,70,113
weel.co.jp,38,61,105
automatetheboringstuff.com,37,53,123
freecodecamp.org,36,39,76
Telegram,35,57,180
csse1001.uqcloud.net,34,77,4
docs.platformio.org,34,74,17
edube.org,34,62,251
jetbrains.com,34,80,92
pygame.org,34,35,121
w3school.com.cn,34,54,197
sd23.knowledgeinfoplanet.com,33,27,63
pythonguis.com,32,47,80
127.0.0.1,31,65,164
amuletmc.com,31,48,61
docs.espressif.com,31,52,194
docs.reportlab.com,31,71,64
ithelp.ithome.com.tw,31,44,282
gall.dcinside.com,29,87,45
lmarena.ai,29,61,106
odin.study,29,85,15
poe.com,29,72,115
py4e.com,29,93,24
space.coze.cn,29,65,104
tutorialspoint.com,29,76,9
ursinaengine.org,29,66,161
ilearn.mq.edu.au,28,50,473
wenxiaobai.com,27,75,116
codecademy.com,26,69,51
cursos.alura.com.br,26,74,146
dzen.ru,26,65,44
python.uihtm.com,26,69,143
pythontest.com,26,35,150
randomnerdtutorials.com,26,85,67
rivery.io,26,85,12
romptn.com,26,77,84
dataquest.io,25,60,60
esphome.io,24,88,78
futurelearn.com,24,92,2
legacy.python.org,24,64,43
metanit.com,24,56,56
sd29.knowledgeinfoplanet.com,24,25,34
digitalocean.com,23,61,206
yuque.com,23,58,202
cloud.tencent.com,22,41,288
doc.courtbouillon.org,22,95,0
sky.pro,22,46,90
sysnettechsolutions.com,22,82,89
ai-kenkyujo.com,21,62,136
docs.qq.com,21,90,8
safe.menlosecurity.com,21,48,138
m.so.com,20,40,235
source.android.com,20,55,195
Reddit,19,68,14
chat.chatbot.app,19,68,119
drive2.ru,19,67,59
link.juejin.cn,19,79,168
auto-editor.com,18,44,87
belajarpython.com,18,61,278
instaloader.github.io,18,61,57
tensorflow.org,18,83,13
usc-word-edit.officeapps.live.com,18,61,23
yutu.cn,18,67,140
pythonworld.ru,17,35,188
wikidocs.net,17,41,123
bot.n.cn,16,75,239
btcrecover.readthedocs.io,16,65,115
moodle.telt.unsw.edu.au,16,56,421
ntp.msn.cn,16,50,64
programiz.com,16,75,5
skillbox.ru,16,69,29
Twitter,15,73,25
badcaps.net,15,56,147
blog.data101.io,15,67,171
cainiaojc.com,15,53,95
copilot.cloud.microsoft,15,38,218
endoflife.date,15,73,124
gradio.app,15,87,237
nexusmods.com,15,87,77
vocus.cc,15,67,67
Instagram,14,50,67
Mail.ru,14,71,207
cgohlke.com,14,50,97
cms.unir.net,14,79,181
mkdocs.org,14,53,61
mooc.fi,14,86,5
music21.org,14,71,50
odoo.com,14,73,79
pagekite.net,14,86,40
spotdl.github.io,14,50,124
wiki.sipeed.com,14,57,33
yyoossk.blogspot.com,14,80,6
Shenma,13,69,13
bugs.python.org,13,31,238
chat.chatbotapp.ai,13,62,34
chat.z.ai,13,57,97
confluence.oraclecorp.com,13,57,79
developer.aliyun.com,13,77,68
elearning.ctu.edu.vn,13,50,435
enterprise-confluence.aexp.com,13,53,772
gammasoft.jp,13,86,8
harmash.com,13,57,128
hovatek.com,13,62,208
microsoft.github.io,13,69,36
python-lernen.de,13,46,57
unknowncheats.me,13,93,1
virtualenv.pypa.io,13,69,77
xdaforums.com,13,62,95
Gmail,12,67,43
brunch.co.kr,12,75,179
docs.telethon.dev,12,92,131
docs.zephyrproject.org,12,75,169
learn2025.ukzn.ac.za,12,38,397
lms.skillfactory.ru,12,67,135
lolz.live,12,67,3
matplotlib.org,12,83,9
n.cn,12,38,134
namu.wiki,12,58,129
oryoy.com,12,50,220
pymacrorecord.com,12,42,218
timeweb.cloud,12,69,53
bitbucket.org,11,82,67
bytedance.larkoffice.com,11,73,11
canlidovizfiyatlari.com,11,73,155
canva.com,11,82,174
developer.mozilla.org,11,91,3
habr.com,11,82,7
help.aliyun.com,11,75,44
iiice.cn,11,91,7
internet-start.net,11,55,605
learn.tafesa.edu.au,11,82,153
lms.uwa.edu.au,11,50,14
mytech.geaerospace.com,11,73,113
redis.io,11,64,52
s3.eu-west-1.amazonaws.com,11,91,0
theforage.com,11,100,0
4pda.to,10,100,0
Vkontakte,10,80,395
all-tech-hub.tistory.com,10,60,137
chat.siemens.com,10,50,155
davinci.mediatek.inc,10,100,0
docs.streamlit.io,10,50,144
docstring.fr,10,50,81
droidwin.com,10,40,118
edu.mipt.ru,10,60,259
flex-link.co.kr,10,10,275
geekchamp.com,10,45,167
it.murdoch.edu.au,10,80,8
jb51.net,10,80,4
learn.online-python.com,10,30,546
m.blog.naver.com,10,70,126
mobiletips.in,10,27,87
natechcel.blogspot.com,10,80,47
openkore.com.br,10,70,287
pandas.pydata.org,10,60,24
python-course-content.vercel.app,10,40,48
pythoninsider.blogspot.com,10,60,14
saturncloud.io,10,50,19
tryhackme.com,10,90,6
wikiwiki.jp,10,30,28
word-edit.officeapps.live.com,10,70,27
ya,10,30,453
boot.dev,9,78,14
cheatermad.com,9,90,0
codelv.com,9,44,64
coderivers.org,9,33,98
confluence.rakuten-it.com,9,73,20
coreapp.ai,9,56,191
cryptorank.io,9,78,14
hackernoon.com,9,89,2
his.huawei.com,9,11,137
jpc-powerpoint.officeapps.live.com,9,33,82
mql5.com,9,50,235
my.sky.pro,9,20,702
pydev.org,9,67,23
runtime-app.powerplatform.com,9,67,60
stablediffusiontutorials.com,9,33,142
starter-guide.od.pythonic-exam.com,9,90,9
statics.gov.teams.microsoft.us,9,44,206
tapnav.com,9,100,0
StackOverflow,8,75,2
asreview.nl,8,88,12
beta.mindjoy.com,8,75,347
blog.python.org,8,50,140
byui-cse.github.io,8,60,99
downloads.python.org,8,62,26
euc-word-edit.officeapps.live.com,8,67,343
gateway.zscalertwo.net,8,50,74
idealab.alibaba-inc.com,8,62,65
kkaneko.jp,8,12,751
lms-kpitacademy.kpit.com,8,78,33
mirrors.tools.huawei.com,8,50,51
nltk.org,8,62,4
privacywall.org,8,88,6
remontka.pro,8,75,94
romprovider.com,8,38,220
session.vedantu.com,8,62,601
stable-diffusion-art.com,8,75,128
stickpng.com,8,75,2
tutorial.djangogirls.org,8,62,30
wenku.csdn.net,8,50,49
alexhost.com,7,86,2
boto3.amazonaws.com,7,71,25
campus.digital.idf.il,7,57,5
csc.edu.vn,7,57,63
dev01.aisingroup.com,7,75,538
dhphuoc.click,7,50,326
docs.edgeimpulse.com,7,43,24
docs.opencv.org,7,71,93
frida.re,7,71,27
gitee.com,7,57,61
internalfb.com,7,43,383
itnetwork.sk,7,29,608
