name,visitors
Taipei,381
New Taipei,215
Taichung,104
Taoyuan,95
Kaohsiung,78
Hsinchu County,72
Tainan,55
Hsinchu,30
Changhua,13
Miaoli,11
Guangdong,9
Yilan,9
Yunlin,9
Kowloon City Kowloon,8
Beijing,7
Shandong,7
Tokyo,7
Hebei,5
Hunan,5
Sha Tin New Territories,5
Taitung,5
California,5
Washington,5
Shanghai,4
Kuala Lumpur,4
Hualien,4
Fujian,3
Henan,3
Central and Western Hong Kong Island,3
Kwai Tsing New Territories,3
Tsuen Wan New Territories,3
Jakarta,3
Metro Manila,3
Keelung,3
Pingtung,3
Baku,2
British Columbia,2
Anhui,2
Chongqing,2
Liaoning,2
Osaka,2
Penang,2
Selangor,2
Bangkok,2
Chiayi County,2
Nantou,2
Penghu,2
New York,2
Tashkent,2
Guizhou,1
Jiangsu,1
Jiangxi,1
Inner Mongolia,1
Sichuan,1
Shanxi,1
Tianjin,1
Zhejiang,1
Baden-Württemberg,1
Bavaria,1
Hesse,1
Blida,1
Île-de-France,1
England,1
Conakry,1
Yuen Long New Territories,1
Central Java,1
Andhra Pradesh,1
Maharashtra,1
Kanagawa,1
Yamaguchi,1
Seoul,1
Shymkent,1
Meknès-Tafilalet,1
Ulaanbaatar,1
Utrecht,1
Chechen,1
Chiayi,1
Illinois,1
Texas,1
