property,value,visitors,events,percentage
url,(none),1114,1631,100.0
url,https://www.python.org/,13,16,1.2
url,https://github.com/python/cpython/tree/3.13/Lib/idlelib/,3,4,0.3
url,https://github.com/python/cpython/tree/main/Lib/queue.py,2,2,0.2
url,https://en.wikipedia.org/wiki/Turtle_(robot),1,1,0.1
url,https://github.com/python/python-docs-ko/issues,1,1,0.1
url,https://packaging.python.org/en/latest/tutorials/installing-packages/#ensure-pip-setuptools-and-wheel-are-up-to-date,1,1,0.1
url,https://packaging.python.org/installing/,1,1,0.1
url,https://wiki.python.org/moin/BeginnersGuide,1,1,0.1
