name,unique_exits,total_exits,exit_rate
/ja/3/library/codecs.html,150,152,
/ja/3/library/functions.html,83,89,
/ja/3/tutorial/,76,83,
/ja/3/library/index.html,74,78,
/ja/3/library/stdtypes.html,68,73,
/ja/3/,62,64,
/ja/3/bugs.html,37,37,
/ja/3/tutorial/index.html,37,37,
/ja/3.13/tutorial/index.html,35,35,
/ja/3/tutorial/controlflow.html,30,30,
/ja/3/tutorial/introduction.html,30,31,
/ja/3/library/random.html,29,29,
/ja/3/library/re.html,29,29,
/ja/3/library/venv.html,29,29,
/ja/3/tutorial/datastructures.html,26,26,
/ja/3/reference/introduction.html,23,23,
/ja/3/tutorial/interpreter.html,23,22,
/ja/3/tutorial/modules.html,22,23,
/ja/3/library/exceptions.html,20,21,
/ja/3/library/math.html,20,21,
/dev/using/windows.html,19,19,
/ja/3.15/using/windows.html,19,20,
/ja/3/library/pathlib.html,19,19,
/ja/3.13/library/datetime.html,18,18,
/ja/3/library/typing.html,18,18,
/ja/3.13/library/functions.html,16,16,
/ja/3.13/library/logging.html,16,16,
/ja/3.13/library/math.html,16,16,
/ja/3.14/library/unicodedata.html,16,16,
/ja/3/library/itertools.html,16,16,
/ja/3/library/json.html,16,16,
/ja/3/library/sqlite3.html,16,17,
/ja/3/library/string.html,16,16,
/ja/3.14/,15,16,
/ja/3/library/datetime.html,15,15,
/ja/3/search.html,15,16,
/ja/3.13/library/itertools.html,14,14,
/ja/3.13/library/stdtypes.html,14,14,
/ja/3.14/using/ios.html,14,14,
/ja/3/library/subprocess.html,14,14,
/ja/3/library/tkinter.html,14,15,
/ja/3/tutorial/errors.html,14,14,
/ja/3/library/argparse.html,13,13,
/ja/3/reference/index.html,12,11,
/ja/3/tutorial/inputoutput.html,12,13,
/ja/3.13/library/argparse.html,11,11,
/ja/3.13/library/threading.html,11,11,
/ja/3/glossary.html,11,12,
/ja/dev/library/pwd.html,11,11,
/ja/3.13/howto/sorting.html,10,10,
/ja/3.13/library/dataclasses.html,10,10,
/ja/3.13/tutorial/controlflow.html,10,11,
/ja/3.14/tutorial/index.html,10,10,
/ja/3/library/,10,11,
/ja/3/library/enum.html,10,10,
/ja/3.13/library/re.html,9,9,
/ja/3.13/library/urllib.request.html,9,9,
/ja/3.13/tutorial/interpreter.html,9,8,
/ja/3.14/tutorial/controlflow.html,9,10,
/ja/3/index.html,9,11,
/ja/3/installing/index.html,9,10,
/ja/3/library/asyncio.html,9,9,
/ja/3/library/csv.html,9,9,
/ja/3/library/heapq.html,9,9,
/ja/3/library/http.server.html,9,10,
/ja/3/library/idle.html,9,9,
/ja/3/library/multiprocessing.html,9,9,
/ja/3/library/socket.html,9,9,
/ja/3/reference/compound_stmts.html,9,10,
/ja/3/reference/expressions.html,9,9,
/ja/3/tutorial/classes.html,9,10,
/ja/3.13/library/enum.html,8,9,
/ja/3.13/library/idle.html,8,8,
/ja/3/library/xml.etree.elementtree.html,8,8,
/ja/3/tutorial/appetite.html,8,8,
/3/,7,7,
/ja/3.13/library/pathlib.html,7,7,
/ja/3.13/library/tempfile.html,7,7,
/ja/3.14/search.html,7,6,
/ja/3.14/tutorial/interpreter.html,7,8,
/ja/3/library/collections.html,7,8,
/ja/3/library/ctypes.html,7,7,
/ja/3/library/glob.html,7,7,
/ja/3/library/secrets.html,7,8,
/ja/3.12/library/stdtypes.html,6,6,
/ja/3.13/library/__main__.html,6,6,
/ja/3.13/library/io.html,6,6,
/ja/3.13/library/subprocess.html,6,6,
/ja/3.13/library/typing.html,6,6,
/ja/3/contents.html,6,7,
/ja/3/howto/argparse.html,6,7,
/ja/3/library/os.html,6,6,
/ja/3/library/os.path.html,6,6,
/ja/3/library/threading.html,6,6,
/ja/3/library/time.html,6,6,
/ja/3/library/tkinter.ttk.html,6,6,
/ja/3/reference/datamodel.html,6,6,
/ja/3/using/windows.html,6,6,
/3/library/os.html,5,2,
/ja/3.13/library/asyncio-task.html,5,5,
