name,version,visitors
Chrome,142.0,138723
Microsoft Edge,142.0,73706
Chrome,141.0,41034
Firefox,144.0,11133
Opera,122.0,7052
Microsoft Edge,141.0,6503
Chrome,140.0,6209
Opera,123.0,5939
Safari,18.6,5714
Safari,26.0,4282
Chrome,109.0,4235
Yandex Browser,25.8,4077
Chrome,138.0,3483
Mobile App,(not set),2679
Yandex Browser,25.10,2563
Chrome,139.0,2339
Chrome,132.0,2157
Safari,26.1,2093
Chrome,126.0,2075
Safari,18.5,1667
Chrome,135.0,1631
Microsoft Edge,140.0,1411
Smart Lenovo Browser,9.0,1391
Chrome,137.0,1251
Chrome,122.0,1097
Quark,(not set),1012
Chrome,131.0,938
Safari,17.6,854
Chrome,136.0,796
Samsung Browser,29.0,753
Microsoft Edge,139.0,721
Microsoft Edge,92.0,689
Safari,18.7,645
Firefox,115.0,643
Firefox,140.0,634
Microsoft Edge,138.0,595
Safari,16.6,586
Safari,18.3,583
Chrome,134.0,535
Microsoft Edge,122.0,516
Chrome,133.0,496
Chrome,125.0,473
Chrome,128.0,451
Chrome,86.0,438
Microsoft Edge,143.0,433
Firefox,143.0,418
Safari,15.6,363
Chrome,130.0,345
Mobile App,141.0,345
Microsoft Edge,131.0,321
Microsoft Edge,137.0,298
Chrome,129.0,297
Safari,18.4,294
Safari,17.5,290
Firefox,128.0,287
Firefox,141.0,273
Yandex Browser,24.10,272
Chrome,116.0,269
Chrome,127.0,269
Microsoft Edge,136.0,267
Sogou Explorer,2,265
QQ Browser,19.7,257
Chrome,120.0,253
Safari,18.1,241
Whale Browser,4.34,241
Chrome,121.0,231
Microsoft Edge,109.0,227
Firefox,142.0,217
Chrome,114.0,216
Safari,18.2,210
Huawei Browser Mobile,16.0,202
QQ Browser,19.8,194
Chrome,119.0,192
Chrome,103.0,188
Microsoft Edge,134.0,188
Samsung Browser,28.0,187
Microsoft Edge,133.0,186
Avast Secure Browser,141.0,183
Chrome,124.0,174
Safari,18.0,168
Safari,17.4,166
Microsoft Edge,127.0,163
Chrome,143.0,161
Microsoft Edge,135.0,157
Chrome,123.0,150
Microsoft Edge,100.0,138
Firefox,145.0,135
Chrome,144.0,133
Microsoft Edge,126.0,132
Chrome,108.0,124
Opera,95.0,122
Microsoft Edge,130.0,120
Microsoft Edge,128.0,119
Microsoft Edge,132.0,119
Chrome,117.0,118
Chrome,101.0,115
Microsoft Edge,129.0,112
Yandex Browser,25.6,107
Huawei Browser,12.1,105
Safari,16.3,105
Firefox,136.0,103
Safari,26.2,99
Chrome,87.0,99
Safari,17.3,98
Safari,(not set),97
Opera,92.0,96
MIUI Browser,20.5,94
Chrome,107.0,90
vivo Browser,14.9,87
Safari,16.1,83
Safari,17.1,82
Safari,17.2,82
Quark,10.0,80
Opera,120.0,80
Chrome,106.0,78
vivo Browser,26.8,78
Chrome,95.0,78
Safari,16.5,75
QQ Browser,19.5,74
Microsoft Edge,123.0,71
AVG Secure Browser,141.0,67
Chrome,96.0,66
Chrome,97.0,65
(not set),(not set),64
Chrome,92.0,64
Chrome,111.0,63
Chrome,91.0,63
Firefox,139.0,62
Safari,14.1,62
Microsoft Edge,18.18363,62
Chrome,99.0,62
Chrome,118.0,61
Firefox,127.0,61
Microsoft Edge,18.18362,61
Chrome,78.0,61
Brave,(not set),60
Microsoft Edge,124.0,60
Safari,16.4,58
Chrome,79.0,58
Chrome,112.0,56
Microsoft Edge,113.0,56
Chrome,80.0,55
Microsoft Edge,125.0,54
Microsoft Edge,107.0,50
Chrome,115.0,49
Safari,17.14,49
Mobile App,97.0,49
Microsoft Edge,106.0,48
Safari,17.0,48
Microsoft Edge,120.0,47
Mobile App,114.0,45
Microsoft Edge,117.0,45
QQ Browser,19.6,45
Microsoft Edge,90.0,45
Chrome,113.0,44
MIUI Browser,14.45,44
Chrome,94.0,44
Microsoft Edge,121.0,43
MIUI Browser,20.6,43
Samsung Browser,27.0,43
Safari,13.1,42
Chrome,83.0,42
Microsoft Edge,84.0,42
Firefox,135.0,41
Firefox,138.0,41
Yandex Browser,25.80,40
MIUI Browser,14.10,39
Safari,16.2,38
Microsoft Edge,18.17763,38
Yandex Browser,25.2,38
Chrome,102.0,37
Yandex Browser,25.4,37
Huawei Browser Mobile,5.1,37
Yandex Browser,25.101,36
Chrome,104.0,35
Firefox,137.0,35
Chrome,105.0,34
Microsoft Edge,114.0,34
Microsoft Edge,116.0,34
Firefox,134.0,34
Microsoft Edge,16.16299,34
Microsoft Edge,89.0,34
vivo Browser,26.7,32
Yandex Browser,25.102,31
Microsoft Edge,119.0,30
Firefox,130.0,30
vivo Browser,26.5,30
Chrome,93.0,30
Chrome,110.0,29
Opera,121.0,29
Safari,17.7,29
Microsoft Edge,112.0,28
Microsoft Edge,118.0,28
Opera,119.0,28
Mobile App,138.0,28
Chrome,100.0,27
Microsoft Edge,115.0,27
Chrome,85.0,27
Avast Secure Browser,109.0,26
Norton Private Browser,141.0,26
Samsung Browser,26.0,26
Chrome,90.0,26
Mobile App,131.0,25
MIUI Browser,20.0,25
QQ Browser,6.2,25
Firefox,144.3,24
Safari,15.4,24
Safari,17.8,24
QQ Browser,19.4,24
Yandex Browser,24.7,24
Mobile App,109.0,23
Mobile App,126.0,23
Safari,16.0,23
Microsoft Edge,17.17134,23
Opera,96.0,23
Safari,12.1,22
Firefox,146.0,22
Chrome,75.0,22
Chrome,81.0,22
Chrome,98.0,22
Safari,15.1,21
vivo Browser,26.6,21
Whale Browser,4.33,21
Firefox,113.0,20
Firefox,133.0,20
Huawei Browser Mobile,15.0,20
Samsung Browser,25.0,20
Firefox,144.2,19
Yandex Browser,22.11,19
Chrome,63.0,19
Chrome,69.0,19
Chrome,72.0,19
Chrome,74.0,19
Microsoft Edge,86.0,19
vivo Browser,14.8,18
Opera GX,3.0,18
QtWebEngine,6.4,18
Chrome,88.0,18
Chrome,142,17
Microsoft Edge,144.0,17
Microsoft Edge,18.19041,17
Chrome,49.0,17
vivo Browser,5.2,17
Chrome,71.0,17
UC Browser,18.2,16
Chrome,77.0,16
Microsoft Edge,103.0,15
Mobile App,134.0,15
Safari,15.5,15
MIUI Browser,20.4,15
Firefox,52.0,15
Chrome,89.0,15
Safari,14.0,14
Samsung Browser,24.0,14
Chrome,84.0,14
Microsoft Edge,108.0,13
Microsoft Edge,111.0,13
Firefox,129.0,13
CCleaner,141.0,13
Safari,15.3,13
Opera Touch,6.1,13
Quark,7.16,13
Quark,7.17,13
Opera,91.0,13
Chromium,(not set),12
Firefox,100.0,12
Safari,11.1,12
Firefox,111.0,12
Mobile App,117.0,12
QQ Browser,12.2,12
Mobile App,142.0,12
Microsoft Edge,15.15063,12
UC Browser,18.1,12
QQ Browser,19.2,12
Hi Browser,2.25,12
Firefox,47.0,12
Chrome,70.0,12
Chrome,73.0,12
Mobile App,116.0,11
Firefox,125.0,11
Firefox,131.0,11
Chromium,135.0,11
Phoenix Browser,19.8,11
Yandex Browser,24.12,11
Chrome,55.0,11
Samsung Browser,7.0,11
Firefox,91.0,11
Firefox,95.0,11
Firefox,102.0,10
Firefox,112.0,10
Mobile App,123.0,10
Mobile App,133.0,10
Mobile App,137.0,10
MIUI Browser,14.44,10
MIUI Browser,20.1,10
Samsung Browser,23.0,10
Yandex Browser,24.6,10
115 Browser,36.0,10
Safari,60.5,10
Firefox,73.0,10
