name,visitors,bounce_rate,visit_duration
chatgpt.com,768,59,121
perplexity,50,38,78
yandex,25,24,140
hackernoon.com,14,79,14
itdo.com,12,33,54
Securitylab.ru,7,75,36
leanpub.com,7,57,124
site,6,67,1
zalo,6,67,252
colearninglounge.com,4,100,0
en.blog.mantiks.io,4,50,82
faun,4,60,10
post_page-----b404371dc699---------------------------------------,4,0,408
khalsalabs.com,3,67,4
Python,2,100,0
ciberseguridad.blog,2,100,0
ethicalads-placement,2,0,86
idcsharp.com,2,50,4
polygon.io,2,100,0
admin-dashboards,1,100,0
ai.rncz.net,1,0,700
ai8py.com,1,100,0
anisafifi.com,1,100,0
assemblyai.com,1,100,0
blog.michivonah.ch,1,100,0
blog.tericcabrel.com,1,100,0
chatgpt.come,1,100,0
davidgomes.com,1,100,0
devkoriel,1,0,8
gfxhacks.com,1,0,27
ghost.codersera.com,1,100,0
hs_email,1,100,0
hub.researchgraph.org,1,100,0
ig_text_feed_profile,1,0,4
ig_text_post_permalink,1,100,0
ivanlu.dev,1,100,0
jessehouwing.net,1,100,0
laconsole.dev,1,100,0
likemagicai.beehiiv.com,1,100,0
mawan.id,1,100,0
more,1,100,0
post_page-----c346a005f420---------------------------------------,1,0,19
post_page-----ce726a0a7e7d---------------------------------------,1,100,0
python,1,100,0
salimakhtar.com,1,100,0
www.aifire.co,1,100,0
ya,1,0,378
zeeklog.com,1,0,90
