name,visitors
Chrome,896281
Microsoft Edge,6572
Firefox,2216
Safari,1446
Opera,682
Yandex Browser,499
Mobile App,146
Quark,64
Smart Lenovo Browser,49
Samsung Browser,47
(not set),46
QQ Browser,26
Whale Browser,20
Brave,17
Avast Secure Browser,15
SberBrowser,15
Sogou Explorer,15
Huawei Browser,10
MIUI Browser,9
Android Browser,7
Chromium,7
vivo Browser,6
Huawei Browser Mobile,5
Norton Private Browser,3
AVG Secure Browser,2
CCleaner,2
Notion,2
Opera GX,2
Phoenix Browser,2
QtWebEngine,2
TenFourFox,2
AdBlock Browser,1
Ecosia,1
Hi Browser,1
Iron,1
Meizu Browser,1
Opera Touch,1
Raspbian Chromium,1
Reeder,1
SeaMonkey,1
UC Browser,1
Waterfox,1
