name,visitors
Seoul,57
Gangnam-gu,31
Seongnam-si,30
Shanghai,27
Chengdu,20
Suwon,20
Ansan-si,20
Guangzhou,18
Tianjin,16
Hangzhou,16
Beijing,16
Seocho-gu,16
Dongjak-gu,15
Gwanak-gu,14
Goyang-si,14
Wuhan,13
Qingdao,13
Nanjing,13
Lanzhou,13
Yongin-si,13
Guiyang,11
Yongsan-gu,11
Bucheon-si,11
Shenyang,11
Songpa-gu,11
Xi’an,10
Anyang-si,10
Gangseo-gu,10
Yangcheon-gu,10
Yeongdeungpo-gu,9
Hwaseong-si,9
Shijiazhuang,8
Yongin-si,8
Suzhou,8
Zhengzhou,7
Shenzhen,7
Seodaemun-gu,7
Guro-gu,7
Weifang,6
Eunpyeong-gu,6
Dongdaemun-gu,6
Busan,6
Incheon,6
Cheonan,6
Harbin,6
Geumcheon-gu,6
Seo-gu,6
Xiamen,5
Taiyuan,5
Nanchang,5
Fuzhou,5
Chongqing,5
Yangju,5
Siheung,5
Pyeongtaek,5
Asan,5
Gwangju,5
Gumi,5
Chuncheon,5
Jeonju,5
Jeju City,5
Changwon,5
Namyangju,5
Seongdong-gu,5
Nowon-gu,5
Busanjin-gu,5
Zibo,4
Wuxi,4
Ningbo,4
Langfang,4
Foshan,4
Dongguan,4
Dalian,4
Yiwu,4
Daejeon,4
Daegu,4
Pohang,4
Cheongju-si,4
Hohhot,4
Dong-gu,4
Haeundae-gu,4
Buk-gu,4
Liumacun,4
Anyang,3
Tongshan,3
Xianyang,3
Quanzhou,3
Kunming,3
Changsha,3
Baoding,3
Wŏnju,3
Gangdong-gu,3
Mapo-gu,3
Gyeongsan-si,3
Gunpo,3
Gimpo-si,3
Chifeng,3
Changchun,3
Gyeonggi-do,3
Gwangjin-gu,3
Seongbuk-gu,3
Yuseong-gu,3
Seo-gu,3
Gangseo-gu,3
Sejong,3
Dongyang,2
Wenzhou,2
Weitang,2
Luohe,2
Jining,2
Jinan,2
Hengshui,2
Hefei,2
Changzhi,2
Changzhou,2
Yeongdo-gu,2
Dobong-gu,2
Suncheon-si,2
Gangbuk-gu,2
Gyeongju,2
Gongju,2
Chinju,2
Andong,2
Tokyo,2
Singapore,2
Bupyeong-gu,2
Namdong-gu,2
Dalseo-gu,2
Dong-gu,2
Jeddah,1
Dar es Salaam,1
Jerusalem,1
Abu Dhabi,1
Gaziantep,1
Saint Petersburg,1
Moscow,1
Varanasi,1
Tumkūr,1
Thrissur,1
Ahmedabad,1
Zunyi,1
Zhoukou,1
Zhenjiang,1
Zhaoqing,1
Yuncheng,1
Yueqing,1
Zhangjiagang,1
Xinxiang,1
Xiaogan,1
Xiangtan,1
Xiangyang,1
Weihai,1
Taizhou,1
Shaoxing,1
Qinhuangdao,1
Pingdu,1
Luoyang,1
Linyi,1
Lianyun,1
Jinhua,1
Jiaxing,1
Helixi,1
Handan,1
Haikou,1
Ganzhou,1
Fuzhou,1
Fuyang,1
Bozhou,1
Binzhou,1
Yesan,1
Yangsan,1
Ulsan,1
Dalseong-gun,1
Daedeok-gu,1
Suncheon,1
Paju-si,1
Osan,1
Nonsan,1
Naju,1
Paju,1
Gwangsan-gu,1
Gwangju,1
Gimje-si,1
Kimhae,1
Iksan,1
Tongyeong-si,1
Chungju,1
Chinch'ŏn,1
Anyang-dong,1
Anseong,1
Yokohama,1
Osaka,1
Kawaguchi,1
Gwangmyeong,1
Poznań,1
Barcelona,1
The Bronx,1
Tucson,1
Bellevue,1
Areannamkwaengi,1
Zhongshan,1
Jungnang-gu,1
Taizhou,1
Seo-gu,1
Yeonsu-gu,1
Dong-gu,1
Nam-gu,1
Suseong-gu,1
Nam-gu,1
Yeonje-gu,1
Ongjin-gun,1
Suyeong-gu,1
Nam-gu,1
