name,visitors,pageviews,bounce_rate,time_on_page,scroll_depth
/3.14/whatsnew/3.14.html,983,1145,71,140,20
/3.14/,319,326,33,10,73
/3.14/using/windows.html,160,188,74,57,16
/3.14/tutorial/index.html,125,147,58,88,50
/3.14/index.html,47,58,60,11,78
/3.14/library/concurrent.interpreters.html,37,33,64,88,60
/zh-cn/3.14/whatsnew/3.14.html,37,36,67,175,28
/3.14/search.html,33,41,0,24,73
/3.14/whatsnew/3.13.html,33,32,0,33,16
/3.14/whatsnew/changelog.html,30,31,64,164,3
/3.14/library/index.html,28,26,50,21,42
/3.14/library/compression.zstd.html,26,29,61,136,38
/3.14/tutorial/appetite.html,24,19,60,25,80
/3.14/library/typing.html,23,31,58,31,49
/3.14/reference/compound_stmts.html,23,23,14,50,19
/3.14/installing/index.html,20,18,67,16,57
/3.14/download.html,19,15,83,6,90
/3.14/tutorial/controlflow.html,19,18,100,299,42
/3.14/py-modindex.html,18,14,100,35,42
/zh-cn/3.14/,18,17,0,11,63
/3.14/tutorial/interpreter.html,16,18,33,55,65
/zh-cn/3.14/tutorial/index.html,16,18,80,23,67
/3.14/library/stdtypes.html,14,11,67,26,39
/3.14/whatsnew/index.html,14,16,67,9,21
/3.14/glossary.html,13,10,100,27,42
/3.14/library/functions.html,13,11,67,29,64
/3.14/tutorial/,13,16,67,34,41
/3.14/using/index.html,13,11,0,15,84
/3.14/tutorial/introduction.html,12,11,83,24,60
/3.14/library/multiprocessing.html,11,7,0,30,52
/zh-cn/3.14/index.html,11,11,50,14,78
/zh-cn/3.14/whatsnew/,11,11,55,25,40
/zh-cn/3.14/library/functions.html,10,13,80,144,27
/3.14/library/exceptions.html,9,9,50,16,71
/3.14/library/threading.html,9,7,100,106,48
/zh-cn/3.14/library/index.html,9,7,33,63,74
/3.14/library/asyncio-task.html,8,7,67,200,18
/3.14/library/uuid.html,8,7,67,8,57
/3.14/reference/index.html,8,8,0,6,70
/3.14/using/cmdline.html,8,7,33,248,48
/zh-cn/3.14/installing/index.html,8,6,100,13,59
/3.14/contents.html,7,7,75,19,2
/3.14/howto/free-threading-python.html,7,7,100,66,78
/3.14/reference/lexical_analysis.html,7,9,25,10,10
/ja/3.14/library/index.html,7,13,62,72,34
/zh-cn/3.14/using/index.html,7,6,75,8,97
/zh-cn/3.14/whatsnew/3.13.html,7,7,71,14,2
/3.14/library/io.html,6,7,0,246,96
/3.14/tutorial/datastructures.html,6,6,0,10,12
/3.14/whatsnew/3.12.html,6,4,0,60,15
/ja/3.14/,6,8,0,16,85
/ja/3.14/whatsnew/3.14.html,6,4,100,86,39
/zh-cn/3.14/library/stdtypes.html,6,10,75,595,38
/zh-cn/3.14/using/mac.html,6,5,67,68,21
/zh-cn/3.14/whatsnew/index.html,6,6,80,51,6
/3.14/c-api/init_config.html,5,3,50,16,17
/3.14/library/annotationlib.html,5,4,75,9,31
/3.14/library/asyncio-eventloop.html,5,5,50,7,9
/3.14/library/concurrent.futures.html,5,4,100,36,51
/3.14/library/pdb.html,5,4,50,17,35
/3.14/tutorial/modules.html,5,6,100,38,28
/3.14/using/unix.html,5,5,100,33,50
/zh-cn/3.14/contents.html,5,5,100,5,1
/zh-cn/3.14/library/asyncio-runner.html,5,8,33,41,81
/zh-cn/3.14/tutorial/introduction.html,5,2,0,193,59
/zh-cn/3.14/using/windows.html,5,6,100,87,48
/zh-tw/3.14/whatsnew/index.html,5,6,100,1,6
/3.14/extending/index.html,4,3,100,94,49
/3.14/genindex.html,4,4,0,6,98
/3.14/howto/isolating-extensions.html,4,4,0,172,65
/3.14/library/idle.html,4,5,100,20,30
/3.14/library/os.html,4,4,0,23,42
/3.14/library/pathlib.html,4,4,75,16,84
/3.14/library/subprocess.html,4,4,100,10,17
/3.14/reference/introduction.html,4,4,0,7,57
/3.14/tutorial/appendix.html,4,4,50,10,43
/3.14/tutorial/classes.html,4,5,100,31,75
/3.14/tutorial/inputoutput.html,4,4,50,224,98
/3.14/tutorial/stdlib.html,4,2,0,230,100
/3.14/using/configure.html,4,4,100,18,19
/ja/3.14/tutorial/interpreter.html,4,9,75,10,66
/ko/3.14/whatsnew/3.14.html,4,4,100,206,8
/zh-cn/3.14/c-api/intro.html,4,4,100,,
/zh-cn/3.14/howto/functional.html,4,4,100,55,8
/zh-cn/3.14/library/argparse.html,4,3,100,133,42
/zh-cn/3.14/library/asyncio-eventloop.html,4,4,100,5,4
/zh-cn/3.14/library/constants.html,4,2,100,15,96
/zh-cn/3.14/reference/expressions.html,4,3,100,87,18
/zh-cn/3.14/reference/simple_stmts.html,4,4,0,41,81
/zh-cn/3.14/search.html,4,5,0,6,51
/zh-cn/3.14/using/ios.html,4,4,100,0,11
/zh-tw/3.14/using/windows.html,4,2,0,2,35
/3.14/deprecations/index.html,3,2,0,2,6
/3.14/howto/index.html,3,2,0,14,92
/3.14/howto/remote_debugging.html,3,5,67,29,75
/3.14/library/,3,2,50,7,99
/3.14/library/argparse.html,3,2,100,10,3
/3.14/library/asyncio-graph.html,3,4,67,2,56
/3.14/library/datetime.html,3,2,100,2,32
/3.14/library/dis.html,3,3,100,141,44
