name,visitors,bounce_rate,visit_duration
Direct / None,151,66,257
google.com,125,82,50
bing.com,17,94,48
chatgpt.com,6,75,180
python.org,4,0,83
duckduckgo.com,2,0,903
python-docs-translations.github.io,2,0,88
upel.agh.edu.pl,2,0,105
wiki.python.org,2,0,148
docs.aiogram.dev/en/v3.22.0,1,0,25
ecosia.org,1,100,0
google.pl,1,0,892
moodle.sci.edu.pl,1,100,0
navoica.pl,1,0,0
pl.python.org,1,100,0
pl.search.yahoo.com,1,0,26
python-course.readthedocs.io/projects/elementary/en/latest/lessons/11-files.html,1,0,127
search.brave.com,1,0,5
skillbox.ru,1,0,44
sphinx-doc.org,1,0,94
yandex.ru,1,0,60
