name,unique_entrances,total_entrances,visit_duration
/3/,25,25,960
/it/3/tutorial/index.html,22,23,529
/it/3.13/tutorial/index.html,13,13,207
/it/3.13/,12,12,236
/3.13/tutorial/index.html,8,8,326
/it/3/tutorial/appetite.html,7,8,123
/it/3/search.html,6,6,0
/it/3.13/tutorial/controlflow.html,5,6,51
/it/3.13/tutorial/datastructures.html,5,5,585
/it/3.13/tutorial/modules.html,5,5,705
/it/3.15/whatsnew/3.15.html,5,5,0
/3/library/random.html,4,4,852
/it/3.12/tutorial/,4,4,36
/it/3.13/search.html,4,4,43
/it/3.13/tutorial/appetite.html,4,4,494
/it/3/library/functions.html,4,4,2
/3.13/tutorial/,3,3,673
/3/library/index.html,3,3,35
/3/library/sqlite3.html,3,3,245
/3/tutorial/index.html,3,3,46
/it/3.13/library/stdtypes.html,3,3,47
/it/3.13/tutorial/classes.html,3,3,0
/it/3.13/tutorial/introduction.html,3,3,96
/it/3/tutorial/interpreter.html,3,3,0
/it/3/tutorial/introduction.html,3,3,0
/3.13/,2,2,42
/3/library/idle.html,2,2,638
/3/library/venv.html,2,2,838
/3/library/zipfile.html,2,2,19
/3/reference/index.html,2,2,133
/3/search.html,2,2,30
/3/tutorial/,2,2,161
/3/tutorial/appetite.html,2,2,106
/it/3.13/library/functions.html,2,2,48
/it/3.13/library/index.html,2,2,1164
/it/3.13/library/sqlite3.html,2,2,4
/it/3.13/tutorial/,2,2,1620
/it/3.13/tutorial/floatingpoint.html,2,2,0
/it/3.13/tutorial/interpreter.html,2,2,0
/it/3/library/stdtypes.html,2,2,384
/it/3/tutorial/inputoutput.html,2,2,6
/3.12/library/asyncio-sync.html,1,1,2874
/3.13/tutorial/appetite.html,1,1,1085
/3.13/using/windows.html,1,1,99
/3.15/,1,1,506
/3/contents.html,1,1,1059
/3/library/argparse.html,1,1,0
/3/library/asyncio-sync.html,1,1,2910
/3/library/enum.html,1,1,3546
/3/library/exceptions.html,1,1,7
/3/library/ftplib.html,1,1,15
/3/library/functions.html,1,1,322
/3/library/inspect.html,1,1,88
/3/library/stdtypes.html,1,1,79
/3/library/tk.html,1,1,1193
/3/library/tkinter.html,1,1,5090
/3/library/typing.html,1,1,97
/3/library/xml.etree.elementtree.html,1,1,105
/3/tutorial/classes.html,1,1,498
/3/using/cmdline.html,1,1,753
/el/3.13/tutorial/index.html,1,1,15
/es/3.13/library/typing.html,1,1,73
/fr/3/tutorial/appetite.html,1,1,1408
/it/3.12/,1,1,0
/it/3.12/genindex-all.html,1,1,0
/it/3.12/library/asyncio-eventloop.html,1,1,0
/it/3.12/library/functions.html,1,1,0
/it/3.12/library/index.html,1,1,0
/it/3.12/tutorial/datastructures.html,1,1,58
/it/3.12/tutorial/introduction.html,1,1,0
/it/3.12/whatsnew/3.12.html,1,1,88
/it/3.13/about.html,1,1,2074
/it/3.13/contents.html,1,1,297
/it/3.13/download.html,1,1,0
/it/3.13/faq/general.html,1,1,580
/it/3.13/library/argparse.html,1,1,0
/it/3.13/library/codecs.html,1,1,20
/it/3.13/library/curses.ascii.html,1,1,117
/it/3.13/library/dataclasses.html,1,1,0
/it/3.13/library/datatypes.html,1,1,5008
/it/3.13/library/idle.html,1,1,200
/it/3.13/library/inspect.html,1,1,0
/it/3.13/library/logging.html,1,1,13
/it/3.13/library/random.html,1,1,13
/it/3.13/library/tk.html,1,1,1186
/it/3.13/library/tkinter.ttk.html,1,1,14
/it/3.13/library/urllib.parse.html,1,1,0
/it/3.13/library/zipfile.html,1,1,0
/it/3.13/py-modindex.html,1,1,1679
/it/3.13/reference/introduction.html,1,1,990
/it/3.13/tutorial/inputoutput.html,1,1,0
/it/3.13/tutorial/stdlib.html,1,1,37
/it/3.13/tutorial/venv.html,1,1,0
/it/3.13/whatsnew/3.13.html,1,1,0
/it/3.14/whatsnew/3.14.html,1,1,0
/it/3.15/tutorial/classes.html,1,1,0
/it/3/,1,1,40
/it/3/reference/simple_stmts.html,1,1,41
/it/3/tutorial/,1,1,28
/it/3/tutorial/appendix.html,1,1,0
/it/3/tutorial/controlflow.html,1,1,0
/it/3/tutorial/datastructures.html,1,1,41
/it/3/tutorial/errors.html,1,1,0
/ja/3.13/library/index.html,1,1,36
