name,unique_entrances,total_entrances,visit_duration
/en/latest/tutorials/installing-packages/,6806,7077,64
/en/latest/guides/writing-pyproject-toml/,1482,1550,88
/en/latest/tutorials/packaging-projects/,1299,1339,107
/en/latest/guides/installing-using-pip-and-virtual-environments/,1181,1224,44
/en/latest/guides/tool-recommendations/,920,941,55
/en/latest/,564,582,125
/en/latest/specifications/binary-distribution-format/,458,469,49
/en/latest/glossary/,224,230,216
/en/latest/guides/distributing-packages-using-setuptools/,213,219,176
/en/latest/discussions/src-layout-vs-flat-layout/,170,177,87
/en/latest/key_projects/,167,172,112
/en/latest/overview/,131,134,155
/en/latest/specifications/version-specifiers/,126,133,45
/en/latest/specifications/dependency-specifiers/,120,124,41
/en/latest/specifications/pyproject-toml/,104,105,70
/en/latest/guides/section-install/,103,103,83
/en/latest/guides/installing-using-linux-tools/,92,94,50
/en/latest/tutorials/managing-dependencies/,88,89,160
/en/latest/specifications/entry-points/,87,92,142
/en/latest/guides/packaging-namespace-packages/,78,80,115
/en/latest/guides/hosting-your-own-index/,62,63,139
/en/latest/discussions/versioning/,61,62,47
/en/latest/guides/creating-command-line-tools/,59,65,64
/en/latest/guides/modernize-setup-py-project/,56,57,85
/en/latest/specifications/,52,53,43
/en/latest/specifications/inline-script-metadata/,52,54,32
/en/latest/specifications/pypirc/,51,52,93
/en/latest/guides/section-build-and-publish/,49,52,116
/en/latest/search/,49,49,63
/en/latest/guides/creating-and-discovering-plugins/,46,47,156
/en/latest/specifications/core-metadata/,46,50,72
/en/latest/tutorials/,45,46,249
/en/latest/discussions/setup-py-deprecated/,42,42,45
/en/latest/guides/,42,42,334
/en/latest/guides/using-testpypi/,42,42,352
/en/latest/specifications/dependency-groups/,42,43,86
/en/latest/guides/installing-stand-alone-command-line-tools/,41,42,79
/en/latest/guides/publishing-package-distribution-releases-using-github-actions-ci-cd-workflows/,40,43,144
/en/latest/flow/,39,40,507
/en/latest/specifications/platform-compatibility-tags/,34,36,96
/en/latest/guides/installing-scientific-packages/,29,30,34
/en/latest/guides/packaging-binary-extensions/,29,30,32
/en/latest/specifications/simple-repository-api/,25,26,16
/en/latest/discussions/install-requires-vs-requirements/,24,24,21
/en/latest/specifications/externally-managed-environments/,24,25,51
/en/latest/guides/making-a-pypi-friendly-readme/,23,25,89
/en/latest/guides/using-manifest-in/,23,23,40
/en/latest/specifications/pylock-toml/,22,24,121
/en/latest/guides/installing-using-virtualenv/,20,20,6
/en/latest/discussions/deploying-python-applications/,19,19,9
/en/latest/discussions/pip-vs-easy-install/,19,20,65
/en/latest/discussions/package-formats/,18,19,89
/en/latest/guides/licensing-examples-and-user-scenarios/,18,18,290
/en/latest/guides/analyzing-pypi-package-downloads/,16,17,131
/en/latest/discussions/distribution-package-vs-import-package/,15,15,52
/en/latest/discussions/single-source-version/,15,15,183
/en/latest/specifications/recording-installed-packages/,14,14,2
/en/latest/specifications/name-normalization/,13,14,0
/en/latest/guides/dropping-older-python-versions/,11,11,167
/en/latest/guides/index-mirrors-and-caches/,11,11,11
/en/latest/specifications/glob-patterns/,11,11,3
/en/latest/specifications/source-distribution-format/,11,11,127
/en/latest/specifications/virtual-environments/,9,9,16
/en/latest/guides/single-sourcing-package-version/,8,8,195
/en/latest/specifications/license-expression/,7,7,17
/en/latest/specifications/well-known-project-urls/,7,7,0
/en/latest/guides/migrating-to-pypi-org/,6,6,0
/en/latest/specifications/direct-url/,5,6,0
/en/latest/specifications/index-hosted-attestations/,5,5,0
/en/latest/specifications/section-distribution-metadata/,5,6,1
/en/latest/contribute/,4,4,33
/en/latest/discussions/,4,4,4
/en/latest/specifications/file-yanking/,4,4,0
/en/latest/guides/multi-version-installs/,3,3,2
/en/latest/support/,3,3,8
/ja/latest/tutorials/packaging-projects/,3,3,6
/en/latest/guides/section-hosting/,2,2,12
/en/latest/guides/supporting-multiple-python-versions/,2,2,188
/en/latest/news/,2,3,8
/en/latest/specifications/direct-url-data-structure/,2,2,0
/en/latest/specifications/section-distribution-formats/,2,2,6
/en/latest/specifications/section-installation-metadata/,2,2,110
/en/latest/specifications/section-package-indices/,2,2,2
/en/latest/specifications/section-reproducible-environments/,2,2,0
/ja/latest/discussions/src-layout-vs-flat-layout/,2,2,1539
/pt-br/latest/tutorials/installing-packages/,2,2,170
/en/latest/discussions/downstream-packaging/,1,1,0
/en/latest/genindex/,1,1,0
/en/latest/guides/supporting-windows-using-appveyor/,1,1,0
/en/latest/index.html,1,1,9
/en/latest/specifications/build-details/v1.0/,1,1,0
/en/latest/specifications/schemas/,1,1,22
/en/latest/specifications/section-python-description-formats/,1,1,348
/ja/latest/guides/creating-command-line-tools/,1,1,2162
/ja/latest/guides/distributing-packages-using-setuptools/,1,1,999
/ja/latest/guides/migrating-to-pypi-org/,1,1,0
/ja/latest/tutorials/installing-packages/,1,1,0
/pt-br/latest/guides/installing-using-pip-and-virtual-environments/,1,1,0
/pt-br/latest/key_projects/,1,1,5
/tutorials/installing-packages/,1,1,727
