name,version,visitors
Chrome,140.0,91183
Microsoft Edge,140.0,23934
Firefox,143.0,13152
Chrome,139.0,7086
Safari,18.6,5706
Safari,26.0,3810
Chrome,138.0,3242
Yandex Browser,25.8,2526
Opera,122.0,1769
Firefox,142.0,1634
Firefox,140.0,1509
Safari,18.5,1079
Mobile App,(not set),1053
Chrome,137.0,1027
Firefox,128.0,1009
Microsoft Edge,139.0,805
Chrome,136.0,640
Chrome,141.0,618
Chrome,135.0,606
Opera,120.0,592
Chrome,131.0,532
Safari,17.6,516
Chrome,134.0,515
Chrome,109.0,483
Firefox,141.0,475
Chrome,132.0,441
Samsung Browser,28.0,378
Opera,121.0,369
Safari,18.3,362
Chrome,130.0,337
Firefox,136.0,325
Safari,18.7,320
Chrome,133.0,314
Chrome,126.0,307
Microsoft Edge,138.0,304
Chrome,122.0,252
Safari,16.6,250
Safari,26.2,250
Safari,18.4,233
Safari,18.1,199
Chrome,128.0,197
Firefox,115.0,191
Safari,17.5,186
Safari,(not set),180
Chrome,129.0,172
Firefox,144.0,172
Mobile App,140.0,162
Safari,15.6,162
Safari,26.1,157
(not set),(not set),151
Safari,18.2,148
Chrome,117.0,145
Safari,18.0,144
Microsoft Edge,137.0,142
Chrome,127.0,140
Chrome,119.0,139
SberBrowser,31.0,139
Firefox,139.0,135
Safari,17.4,128
Yandex Browser,25.6,128
Chrome,120.0,123
Chrome,116.0,116
Brave,(not set),110
Firefox,137.0,101
Chrome,125.0,100
Chrome,124.0,97
Microsoft Edge,141.0,89
Smart Lenovo Browser,9.0,89
Chrome,123.0,82
Yandex Browser,25.2,81
Microsoft Edge,136.0,78
UC Browser,18.1,78
Safari,17.3,77
Chrome,142.0,76
Firefox,138.0,75
Safari,17.1,74
Microsoft Edge,132.0,73
Chrome,121.0,72
Microsoft Edge,135.0,69
Firefox,135.0,69
Huawei Browser Mobile,16.0,69
Yandex Browser,25.4,68
Chromium,(not set),67
Yandex Browser,24.10,67
Chrome,118.0,60
Firefox,134.0,60
Microsoft Edge,134.0,59
Safari,16.3,59
Chrome,114.0,58
Chrome,103.0,57
Mobile App,136.0,56
Avast Secure Browser,139.0,56
Safari,17.2,55
Chrome,86.0,51
Opera,91.0,51
Microsoft Edge,131.0,50
Microsoft Edge,122.0,48
Safari,16.1,48
Mobile App,97.0,48
Firefox,131.0,47
Firefox,133.0,42
Safari,17.7,42
Chrome,91.0,42
Safari,17.0,41
Microsoft Edge,92.0,41
Mobile App,138.0,39
Quark,(not set),38
Safari,16.5,38
Chrome,96.0,38
Microsoft Edge,128.0,37
Microsoft Edge,130.0,37
Chrome,112.0,36
Firefox,113.0,35
Yandex Browser,25.80,35
Chrome,108.0,33
Whale Browser,4.33,33
Mobile App,114.0,32
Microsoft Edge,133.0,32
Firefox,132.0,31
Yandex Browser,25.86,31
Firefox,130.0,30
Safari,16.4,30
Sogou Explorer,2,27
Firefox,145.0,26
Safari,17.14,26
Safari,10.0,23
Yandex Browser,24.12,23
Microsoft Edge,109.0,22
Firefox,127.0,22
AVG Secure Browser,139.0,22
Microsoft Edge,18.18363,22
vivo Browser,26.4,22
Chrome,95.0,22
Opera,95.0,22
Chrome,115.0,21
Microsoft Edge,100.0,20
Firefox,102.0,20
Chrome,107.0,20
Microsoft Edge,142.0,20
Safari,16.2,20
Safari,17.8,20
Quark,7.16,20
Mobile App,91.0,20
Firefox,125.0,19
QQ Browser,19.6,19
Yandex Browser,24.7,19
Chrome,106.0,18
Opera,119.0,18
Microsoft Edge,129.0,18
Safari,16.0,18
Yandex Browser,23.7,18
Chrome,92.0,18
Microsoft Edge,124.0,17
Microsoft Edge,127.0,17
Ecosia,129.0,17
Firefox,129.0,17
Samsung Browser,27.0,17
Chrome,87.0,17
Chrome,105.0,16
Chrome,113.0,16
Microsoft Edge,123.0,16
Safari,14.1,16
MIUI Browser,20.4,16
Yandex Browser,24.1,16
Huawei Browser Mobile,5.1,16
Chrome,78.0,16
Chrome,111.0,15
Microsoft Edge,126.0,15
Mobile App,131.0,15
Mobile App,134.0,15
Huawei Browser Mobile,15.0,15
Opera GX,3.0,15
Chrome,104.0,14
Chrome,110.0,14
Microsoft Edge,120.0,14
SberBrowser,30.0,14
Chrome,(not set),13
vivo Browser,14.7,13
UC Browser,18.0,13
Chrome,81.0,13
Chrome,102.0,12
Firefox,126.0,12
UC Browser,17.8,12
MIUI Browser,20.3,12
QQ Browser,6.2,12
Chrome,94.0,12
Microsoft Edge,121.0,11
Microsoft Edge,125.0,11
Yandex Browser,24.4,11
Yandex Browser,24.6,11
Chrome,99.0,11
Microsoft Edge,107.0,10
Microsoft Edge,113.0,10
Norton Private Browser,139.0,10
Chrome,140,10
Firefox,143,10
Microsoft Edge,18.18362,10
Yandex Browser,23.11,10
Yandex Browser,25.3,10
Firefox,78.0,10
Microsoft Edge,114.0,9
Microsoft Edge,117.0,9
Microsoft Edge,118.0,9
Firefox,118.0,9
Safari,15.4,9
Safari,15.5,9
vivo Browser,26.3,9
Chrome,101.0,8
Microsoft Edge,119.0,8
Safari,13.1,8
AdBlock Browser,133.0,8
Yandex Browser,23.9,8
Samsung Browser,26.0,8
QtWebEngine,6.9,8
Chrome,85.0,8
Firefox,88.0,8
Chrome,100.0,7
Firefox,114.0,7
Firefox,117.0,7
Opera,117.0,7
Safari,14.0,7
Microsoft Edge,14.14393,7
Safari,15.3,7
Microsoft Edge,17.17134,7
Microsoft Edge,18.17763,7
Opera GX,2.9,7
Samsung Browser,23.0,7
Yandex Browser,25.20,7
Yandex Browser,25.85,7
Opera Touch,6.1,7
Safari,60.5,7
Chrome,63.0,7
Opera,90.0,7
Firefox,91.0,7
Chrome,93.0,7
Chrome,97.0,7
Microsoft Edge,98.0,7
Android Browser,(not set),6
Firefox,103.0,6
Microsoft Edge,106.0,6
Mobile App,109.0,6
Firefox,109.0,6
Huawei Browser,12.1,6
Mobile App,126.0,6
Mobile Silk,138.6,6
Firefox,143.1,6
QQ Browser,19.4,6
Yandex Browser,23.110,6
Samsung Browser,7.4,6
Chrome,70.0,6
Chrome,71.0,6
Chrome,75.0,6
Chrome,79.0,6
Opera,94.0,6
Microsoft Edge,111.0,5
Firefox,111.0,5
Microsoft Edge,112.0,5
Opera,113.0,5
Mobile App,116.0,5
Firefox,119.0,5
Safari,12.1,5
Opera,123.0,5
Firefox,124.0,5
Avast Secure Browser,136.0,5
Yandex Browser,139.0,5
Huawei Browser Mobile,14.0,5
vivo Browser,14.5,5
Microsoft Edge,18.19041,5
MIUI Browser,18.3,5
Hi Browser,2.25,5
SeaMonkey,2.53,5
Yandex Browser,23.5,5
Yandex Browser,23.96,5
Yandex Browser,24.9,5
Yandex Browser,25.62,5
AdBlock Browser,3.7,5
Pale Moon,33.9,5
Notion,4.20,5
Whale Browser,4.34,5
Chrome,48.0,5
QtWebEngine,5.15,5
QtWebEngine,6.8,5
Microsoft Edge,89.0,5
Chrome,90.0,5
Opera,92.0,5
Opera,106.0,4
Microsoft Edge,110.0,4
Firefox,112.0,4
Microsoft Edge,115.0,4
Microsoft Edge,116.0,4
Opera,118.0,4
Mobile App,120.0,4
Firefox,121.0,4
Firefox,122.0,4
Firefox,128.9,4
Mobile App,133.0,4
Firefox,133.4,4
MIUI Browser,14.10,4
MIUI Browser,14.43,4
Microsoft Edge,140,4
