property,value,visitors,events,percentage
url,(none),2775,4810,99.7
url,https://www.python.org/,55,60,2.0
url,https://tkdocs.com/,8,9,0.3
url,https://github.com/python/cpython/tree/3.13/Lib/tkinter/__init__.py,7,7,0.3
url,https://pypi.org/,5,5,0.2
url,https://docs.python.org/es/3/archives/python-3.13-docs-pdf-a4.zip,3,3,0.1
url,https://wiki.python.org/moin/PythonBooks,3,3,0.1
url,https://www.tcl.tk/man/tcl8.6/TkCmd/contents.htm,3,3,0.1
url,https://docs.python.org/es/3.13/archives/python-3.13-docs-pdf-a4.zip,2,2,0.1
url,https://github.com/python/cpython/tree/3.13/Lib/string.py,2,2,0.1
url,https://learning-python.com/about-pp4e.html,2,2,0.1
url,https://packaging.python.org/en/latest/tutorials/installing-packages/#ensure-pip-setuptools-and-wheel-are-up-to-date,2,3,0.1
url,https://peps.python.org/,2,2,0.1
url,https://peps.python.org/pep-0636/,2,2,0.1
url,https://peps.python.org/pep-0719/,2,2,0.1
url,https://wiki.python.org/moin/BeginnersGuide,2,2,0.1
url,https://www.tkdocs.com/shipman/,2,2,0.1
url,http://www.pyvideo.org/,1,1,0.0
url,https://devguide.python.org/,1,1,0.0
url,https://en.wikipedia.org/wiki/Fibonacci_sequence,1,1,0.0
url,https://en.wikipedia.org/wiki/Turtle_(robot),1,1,0.0
url,https://github.com/python/cpython/blob/main/Doc/library/functions.rst?plain=1,1,1,0.0
url,https://github.com/python/cpython/blob/main/Doc/tutorial/index.rst?plain=1,1,1,0.0
url,https://github.com/python/cpython/blob/main/Doc/tutorial/introduction.rst?plain=1,1,1,0.0
url,https://github.com/python/cpython/tree/3.13/Lib/copy.py,1,1,0.0
url,https://github.com/python/cpython/tree/3.13/Lib/csv.py,1,2,0.0
url,https://github.com/python/cpython/tree/3.13/Lib/datetime.py,1,1,0.0
url,https://github.com/python/cpython/tree/3.13/Lib/enum.py,1,1,0.0
url,https://github.com/python/cpython/tree/3.13/Lib/idlelib/,1,1,0.0
url,https://github.com/python/cpython/tree/3.13/Lib/json/__init__.py,1,1,0.0
url,https://github.com/python/cpython/tree/3.13/Lib/timeit.py,1,1,0.0
url,https://github.com/python/cpython/tree/3.13/Lib/tkinter/colorchooser.py,1,1,0.0
url,https://json.org/,1,1,0.0
url,https://packaging.python.org/en/latest/tutorials/packaging-projects/,1,1,0.0
url,https://requests.readthedocs.io/en/master/,1,1,0.0
url,https://wiki.python.org/moin/IntegratedDevelopmentEnvironments,1,1,0.0
url,https://wiki.python.org/moin/PythonEditors,1,1,0.0
url,https://www.python.org/community/lists/,1,1,0.0
url,https://www.python.org/downloads/,1,1,0.0
url,https://www.python.org/downloads/macos/,1,2,0.0
url,https://www.python.org/psf/,1,1,0.0
url,https://www.zlib.net/,1,1,0.0
url,https://zlib.net/zlib_faq.html#faq33,1,1,0.0
