name,visitors
Seoul,161
Gangnam-gu,68
Seongnam-si,50
Suwon,48
Songpa-gu,46
Seocho-gu,34
Gwanak-gu,31
Dongjak-gu,28
Incheon,26
Yongsan-gu,23
Goyang-si,19
Yongin-si,19
Busan,17
Mapo-gu,17
Buk-gu,17
Suseong-gu,17
Seo-gu,15
Seodaemun-gu,14
Cheonan,14
Yongin-si,13
Cheongju-si,13
Anyang-si,13
Seongdong-gu,13
Dongdaemun-gu,12
Pohang,11
Namyangju,11
Yeongdeungpo-gu,10
Chuncheon,10
Areannamkwaengi,10
Gwangjin-gu,10
Nowon-gu,10
Seongbuk-gu,10
Daejeon,9
Seo-gu,9
Yuseong-gu,9
Wŏnju,8
Gangbuk-gu,8
Pyeongtaek,8
Kimhae,8
Sejong,8
Hwaseong-si,7
Jeonju,7
Ansan-si,7
Eunpyeong-gu,6
Gyeongsan-si,6
Gimpo-si,6
Gangseo-gu,6
Gyeyang-gu,6
Nam-gu,6
Beijing,5
Ulsan,5
Bucheon-si,5
Gwangju,5
Guro-gu,5
Gumi,5
Jungnang-gu,5
Yangcheon-gu,5
Uijeongbu-si,4
Daegu,4
Gangdong-gu,4
Gunpo,4
Gangneung,4
Icheon-si,4
Geumcheon-gu,4
Bupyeong-gu,4
Namdong-gu,4
Yeonsu-gu,4
Jung-gu,4
Dong-gu,4
Dong-gu,4
Seo-gu,4
Hangzhou,3
Yeoju,3
Yesan,3
Yangp'yŏng,3
Yangju,3
Dobong-gu,3
Tangjin,3
Seosan,3
Sokcho,3
Chungju,3
Jongno-gu,3
Gwangmyeong,3
Buk-gu,3
Nam-gu,3
Hyderabad,2
Shanghai,2
Qingdao,2
Nanchang,2
Guangzhou,2
Chengdu,2
Yangsan,2
Ulju-gun,2
Osan,2
Asan,2
Paju,2
Muan,2
Gwangju,2
Jeollabuk-do,2
Chinju,2
Jeju City,2
Anseong,2
Los Angeles,2
Uiwang,2
Dalseo-gu,2
Gangseo-gu,2
Geumjeong-gu,2
Suyeong-gu,2
Nam-gu,2
Buk-gu,2
Buk-gu,2
Doha,1
Moscow,1
Tartu,1
Helsinki,1
Uzhgorod,1
Dnipro,1
Teresin,1
Hosūr,1
Hanoi,1
Bắc Ninh,1
Manila,1
Zhengzhou,1
Yunfu,1
Wuhan,1
Taiyuan,1
Shaoxing,1
Nanyang,1
Nanjing,1
Kunming,1
Cangzhou,1
Eumseong-gun,1
Uljin-gun,1
Damyang-gun,1
Daedeok-gu,1
Seo-gu,1
Siheung,1
Pohang-si,1
Paju-si,1
Gyeongju,1
Gunsan,1
Gongju,1
Gapyeong,1
Hongseong-gun,1
Hoengseong-gun,1
Hamyang-gun,1
Chungcheongnam-do,1
Jeju-do,1
Teisen,1
Changwon,1
Osaka,1
Singapore,1
Accra,1
Oxford,1
Fulham,1
Düsseldorf,1
Versailles,1
Nantes,1
Brno,1
Atlanta,1
New Orleans,1
Baltimore,1
Nashville,1
Vancouver,1
Gyeonggi-do,1
Canary Wharf,1
Yŏngin,1
Gyeryong-si,1
Nam-gu,1
Haeundae-gu,1
Jeongeup,1
Kurosunadai,1
