name,visitors,bounce_rate,visit_duration
google.com,870,75,174
Direct / None,322,65,309
google.co.kr,44,72,124
bing.com,30,71,205
m.baidu.com,26,82,17
chatgpt.com,20,46,146
python.org,20,100,392
codeit.kr,11,91,36
knu.moducoding.com,9,73,20
wikidocs.net,9,100,0
velog.io,7,83,464
namu.wiki,6,29,55
codeup.kr,4,75,108
baidu.com/link,3,100,96
clien.net/service/board/kin/17320380,3,0,135
dev-jy.tistory.com/5,3,67,5090
dgscience-hs.goorm.io,3,67,35
search.yahoo.com,3,100,67
classroom.google.com,2,50,314
cmaker.hannam.ac.kr,2,50,494
cyber.swu.ac.kr,2,100,0
github.com,2,100,0
positive-wakeboard-965.notion.site,2,100,0
127.0.0.1,1,100,0
acdongpgm.tistory.com/174,1,100,0
amelia-suyeon.tistory.com,1,100,0
ashortday.tistory.com/41,1,100,0
baidu.com,1,100,0
blog.naver.com/PostView.naver,1,0,44
brightnightsky77.tistory.com/321,1,100,0
classum.com,1,100,0
clien.net,1,100,0
devocean.sk.com,1,0,653
gall.dcinside.com/board/view,1,100,0
gemini.google.com,1,100,0
genai.samsungdisplay.net,1,0,11
ghe.corp.yahoo.co.jp,1,100,0
gist.github.com,1,0,1043
github.com/codingalzi/42H/issues/15,1,100,0
glowdp.tistory.com/19,1,100,0
google.com.hk,1,0,5
google.se,1,0,3
hongl.tistory.com/90,1,0,678
inma.tistory.com/136,1,0,1102
jh-bk.tistory.com/29,1,0,303
lahuman.github.io,1,100,0
leeejihyun.tistory.com/64,1,0,66
m.baidu.com/from=1001192y/bd_page_type=1/ssid=0/uid=0/pu=usm%400%2Csz%401320_1001%2Cta%40iphone_2_12.0_28_14.0/baiduid=42CE4907303A8EB89EE542813AFAE392/w=0_10_/t=iphone/l=1/tc,1,0,0
m.baidu.com/from=1001703a/bd_page_type=1/ssid=0/uid=0/pu=usm%400%2Csz%401320_1001%2Cta%40iphone_2_12.0_18_40.8/baiduid=2FFAF0F86BC3CFAE270B204C85B5B82D/w=0_10_/t=iphone/l=1/tc,1,100,0
m.baidu.com/from=1001703a/bd_page_type=1/ssid=0/uid=0/pu=usm%400%2Csz%401320_1001%2Cta%40iphone_2_14.0_18_40.9/baiduid=F569132F941DF59E880FA79CD6F162C2/w=80_10_/t=iphone/l=1/tc,1,100,0
m.baidu.com/from=1001703a/bd_page_type=1/ssid=0/uid=0/pu=usm%400%2Csz%401320_1001%2Cta%40iphone_2_6.0_18_10.8/baiduid=D9122F51655976E8139EB74532D11BBD/w=0_10_/t=iphone/l=1/tc,1,100,0
m.baidu.com/from=1001703a/bd_page_type=1/ssid=0/uid=0/pu=usm%401%2Csz%401320_1001%2Cta%40iphone_2_14.0_18_40.9/baiduid=067E048A2836B4C25BE6F6004ED32CDA/w=0_10_/t=iphone/l=1/tc,1,100,0
m.baidu.com/from=1012852q/bd_page_type=1/ssid=0/uid=0/pu=usm%400%2Csz%401320_1004%2Cta%40iphone_2_12.0_11_17.2/baiduid=80BA9AB5D195FF6540134F4599A8917E/w=0_10_/t=iphone/l=1/tc,1,100,0
m.baidu.com/from=1013966u/bd_page_type=1/ssid=0/uid=0/pu=usm%400%2Csz%401320_1001%2Cta%40iphone_2_10.0_19_23.7/baiduid=B8FB2183510C8A95FA94880DF55752A8/w=0_10_/t=iphone/l=1/tc,1,0,231
m.baidu.com/from=1013966u/bd_page_type=1/ssid=0/uid=0/pu=usm%400%2Csz%401320_1001%2Cta%40iphone_2__19_23.8/baiduid=712D68393A93565BEC03307DE549E83E/w=0_10_/t=iphone/l=1/tc,1,100,0
m.baidu.com/from=1019311a/bd_page_type=1/ssid=0/uid=0/pu=usm%400%2Csz%401320_1001%2Cta%40iphone_2_14.0_19_23.6/baiduid=7055DD9265A43B7E277F29008AC9B41F/w=0_10_/t=iphone/l=1/tc,1,100,0
m.baidu.com/from=1019311v/bd_page_type=1/ssid=0/uid=0/pu=usm%400%2Csz%401320_1001%2Cta%40iphone_2_9.0_19_23.9/baiduid=2B0B3A46304E42EFE254BF16E12F2C11/w=0_10_/t=iphone/l=1/tc,1,100,0
m.baidu.com/from=1019311v/bd_page_type=1/ssid=0/uid=0/pu=usm%401%2Csz%401320_1001%2Cta%40iphone_2_15.0_19_24.0/baiduid=07765F870419D526208BEA5DB3EB5451/w=0_10_/t=iphone/l=1/tc,1,100,0
m.baidu.com/from=1020761f/bd_page_type=1/ssid=0/uid=0/pu=usm%400%2Csz%401320_1001%2Cta%40iphone_2_12.0_19_23.1/baiduid=07E448164B69ECBFE446382D77B74DEE/w=0_10_/t=iphone/l=1/tc,1,0,9
m.baidu.com/from=1020761f/bd_page_type=1/ssid=0/uid=0/pu=usm%400%2Csz%401320_1001%2Cta%40iphone_2_13.0_19_18.7/baiduid=0D657EE2ACEDA4C89B6D20EEEF846D38/w=10_10_/t=iphone/l=1/tc,1,100,0
m.baidu.com/from=1052946a/bd_page_type=1/ssid=0/uid=0/pu=sz%401320_1001%2Cta%40iphone_2_11.0_19_23.8%2Cusm%400/baiduid=30E6FBE18E0E66B8BDFD7329B9067177/w=0_10_/t=iphone/l=1/tc,1,0,17
m.baidu.com/from=2001a/bd_page_type=1/ssid=0/uid=0/pu=usm%400%2Csz%401320_1003%2Cta%40iphone_2_13.0_1_17.3/baiduid=0DF840165DA123181EC53A937866364A/w=0_10_/t=iphone/l=1/tc,1,0,644
m.blog.naver.com,1,100,0
m.clien.net/service/board/kin/17320380,1,100,0
matplotlib.org,1,0,2488
nomadcoders.co,1,100,0
notion.so,1,100,0
numpy.org,1,0,52
otzslayer.github.io,1,100,0
phirered2015.tistory.com/28,1,100,0
python.co.kr,1,100,0
python.org/events/python-user-group/1585,1,0,89
search.daum.net/search,1,100,0
seedyun.pe.kr,1,0,1027
teenscoding.com/entry/Python-turtle-01-%ED%8C%8C%EC%9D%B4%EC%8D%AC-%ED%84%B0%ED%8B%80-%EB%AA%85%EB%A0%B9%EC%96%B4,1,100,0
webnautes.tistory.com/2345,1,0,68
wikidocs.net/133283,1,100,0
youtube.com,1,100,0
yurimkoo.github.io,1,100,0
