name,visitors
Seoul,537
Gyeonggi,263
Incheon,53
Daegu,50
Daejeon,42
Busan,30
South Chungcheong,30
Gangwon,26
North Gyeongsang,25
North Chungcheong,18
South Gyeongsang,14
Gwangju City,11
Ulsan,11
North Jeolla,11
Sejong,8
Beijing,5
Zhejiang,4
Jeju,4
Guangdong,3
Shandong,3
England,3
South Jeolla,3
Henan,2
Jiangsu,2
Jiangxi,2
Sichuan,2
Shanghai,2
Telangāna,2
California,2
British Columbia,1
Fujian,1
Hubei,1
Hebei,1
Shanxi,1
Yunnan,1
South Moravia,1
North Rhine-Westphalia,1
Tartumaa,1
Uusimaa,1
Île-de-France,1
Pays-de-la-Loire,1
Greater Accra,1
Tamil Nadu,1
Chiba,1
Osaka,1
Metro Manila,1
Mazovia,1
Doha,1
Moscow,1
Dnipropetrovshchyna,1
Zakarpattia,1
Georgia,1
Louisiana,1
Maryland,1
Tennessee,1
Bắc Ninh,1
Hanoi,1
