name,unique_entrances,total_entrances,visit_duration
/downloads/,167832,173970,151
/,129784,134406,141
/downloads/windows/,39939,41217,116
/downloads/release/python-3140/,21972,22325,146
/downloads/release/pymanager-250/,12691,12906,163
/downloads/release/python-3110/,4974,5101,160
/downloads/macos/,4919,4998,68
/downloads/release/python-3120/,4832,4942,154
/downloads/release/python-3100/,4681,4785,155
/about/gettingstarted/,4263,4350,93
/downloads/release/python-3925/,4115,4163,193
/downloads/release/python-3139/,3989,4061,140
/search/,3215,3266,177
/doc/,2449,2488,94
/downloads/release/python-31011/,2405,2482,139
/downloads/release/python-3119/,2230,2312,117
/downloads/release/python-3130/,1800,1830,139
/downloads/release/python-3135/,1642,1684,141
/downloads/release/python-31114/,1381,1395,213
/downloads/source/,1373,1393,120
/downloads/release/python-31212/,1353,1372,208
/downloads/release/python-3106/,1348,1410,146
/downloads/release/python-390/,1295,1320,169
/psf-landing/,1242,1256,138
/downloads/release/python-380/,984,1008,178
/about/,894,922,136
/shell/,842,861,102
/downloads/release/python-3137/,829,862,91
/downloads/release/python-31019/,791,802,218
/getit/,733,743,207
/jobs/,722,746,149
/downloads/release/python-31210/,710,727,108
/downloads/android/,690,700,107
/downloads/release/python-3810/,639,653,161
/download/other/,587,594,108
/download/pre-releases/,535,536,182
/downloads/release/python-3126/,523,535,152
/downloads/release/python-370/,519,528,137
/community/,508,514,125
/about/apps/,505,512,85
/downloads/release/python-3913/,505,519,126
/downloads/release/python-3124/,484,489,140
/downloads/release/python-3123/,451,458,128
/downloads/release/python-2718/,447,457,104
/downloads/release/python-3127/,434,445,127
/download/releases/,430,430,193
/downloads/release/python-3133/,344,353,100
/blogs/,327,367,182
/downloads/release/python-31012/,326,335,267
/downloads/release/python-3118/,309,312,106
/downloads/release/python-31113/,302,303,226
/downloads/release/python-3109/,297,302,117
/download/releases/2.7/,293,296,106
/downloads/release/python-3128/,288,292,93
/community/logos/,285,292,67
/doc/versions/,277,280,100
/downloads/release/python-3132/,257,260,150
/downloads/release/python-360/,244,249,135
/downloads/release/python-31010/,242,246,186
/download,240,241,180
/downloads/release/python-379/,232,236,134
/downloads/release/python-3117/,222,227,133
/downloads/release/python-3129/,205,208,76
/downloads/release/python-3138/,204,211,107
/downloads/release/python-31211/,195,197,204
/getit/windows/,191,193,91
/downloads/release/python-3150a1/,189,191,210
/downloads/release/python-3122/,185,189,75
/downloads/release/python-3116/,182,189,121
/downloads/release/python-31013/,180,187,285
/downloads/release/python-31111/,176,183,315
/downloads/release/python-3114/,175,184,108
/doc/essays/blurb/,173,182,48
/downloads/release/python-3105/,169,176,124
/download/releases/3.0/,166,168,106
/downloads/release/python-3125/,164,172,162
/downloads/release/python-3131/,164,168,155
/downloads/release/python-31018/,160,161,228
/downloads/release/python-3136/,157,159,81
/downloads/release/python-3115/,156,163,83
/downloads/release/python-31110/,150,150,264
/downloads/release/python-368/,144,146,188
/downloads/release/python-31112/,142,143,224
/downloads/release/python-385/,141,144,177
/downloads/release/python-31014/,122,125,237
/downloads/release/python-377/,122,123,167
/downloads/release/python-3820/,121,122,289
/downloads/release/python-3111/,120,125,77
/success-stories/,107,114,100
/downloads/release/python-3134/,105,106,119
/downloads/release/python-3112/,99,100,142
/downloads/release/python-3121/,99,102,117
/downloads/release/python-3108/,98,99,152
/downloads/release/python-3918/,98,98,144
/downloads/release/python-3924/,97,98,127
/downloads/release/python-386/,96,100,183
/events/,89,91,139
/downloads/release/python-374/,87,88,173
/about/help/,85,86,27
/downloads/release/,84,84,237
/downloads/release/python-311/,83,83,252
/accounts/login/,82,84,218
/downloads/release/python-3717/,82,84,181
/doc/av/,81,83,93
/downloads/release/python-3140a4/,80,80,136
/downloads/release/python-396/,80,80,64
/downloads/release/python-397/,79,81,117
/downloads/release/python-399/,76,80,132
/downloads/release/python-3104/,73,78,244
/success-stories/category/business/,72,74,168
/downloads/release/python-388/,70,74,349
/community/forums/,68,69,117
/downloads/release/python-3113/,67,67,96
/success-stories/category/education/,67,71,86
/download/alternatives/,66,68,177
/downloads/release/python-3910/,63,64,260
/success-stories/category/arts/,63,63,101
/downloads/release/python-31017/,61,62,156
/downloads/release/python-372/,61,63,150
/events/python-events/,61,61,116
/psf/membership/,61,61,156
/downloads/release/python-2716/,59,59,74
/downloads/release/python-340/,59,59,234
/downloads/release/python-381/,59,60,150
/downloads/release/python-3107/,57,60,75
/psf/donations/,57,59,90
/success-stories/category/engineering/,57,60,41
/downloads/release/python-31015/,56,57,205
/downloads/release/python-392/,56,56,152
/downloads/release/python-311x/,55,55,169
/downloads/release/python-387/,54,54,203
/dev/,53,53,84
/downloads/release/python-373/,53,55,294
/downloads/release/python-3922/,53,54,155
/doc/essays/,52,53,77
/downloads/release/python-31016/,52,52,161
/downloads/release/python-312/,52,54,305
/downloads/release/python-3818/,52,52,152
/downloads/release/python-3102/,51,53,135
/downloads/release/python-3912/,51,51,138
/community/irc/,49,49,18
/downloads/release/python-3101/,49,52,263
/downloads/release/python-382/,49,51,204
/downloads/release/python-389/,49,51,52
/downloads/release/python-395/,48,49,183
/community/diversity/,47,48,26
/psf/sponsors/,47,47,33
/downloads/release/python-391/,46,47,79
//downloads/,44,45,195
/download/releases/2.0/,44,44,166
/downloads/release/python-272/,44,44,170
/downloads/release/python-3819/,44,45,270
/community/workshops/,43,43,8
/download/mac/tcltk/,43,43,90
/downloads/release/python-3911/,43,43,115
/downloads/release/python-350/,42,42,234
/about/quotes/,40,41,68
/community/lists/,40,40,65
/downloads/release/python-383/,40,43,113
/downloads/release/python-3923/,40,40,248
/psf/newsletter/,40,42,44
/success-stories/category/scientific/,40,40,44
/success-stories/category/software-development/,38,38,46
/doc/essays/graphs/,37,38,77
/download/releases/3.1/,36,36,134
/downloads/release/python-3919/,36,36,151
/download/releases/2.5/msi/,35,35,127
/downloads/release/python-273/,35,35,2
/downloads/release/python-3103/,35,35,252
/downloads/release/python-376/,35,35,72
/events/python-events/past/,35,35,18
/events/python-user-group/past/,34,34,12
/downloads/release/python-3921/,33,35,185
/downloads/release/python-378/,32,34,63
/downloads/release/python-310/,31,31,194
/downloads/release/python-3916/,31,32,67
/events/python-user-group/,31,31,22
/downloads/release/pymanager-251b1/,30,30,269
/downloads/release/python-2710/,30,30,92
/downloads/release/python-278/,30,30,217
/downloads/release/python-3615/,30,30,156
/downloads/release/python-398/,30,31,51
/accounts/signup/,29,31,170
/doc/essays/comparisons/,29,32,38
/downloads.,29,29,180
/downloads/release/python-2713/,28,29,33
/downloads/release/python-371/,28,30,121
/community/sigs/,27,28,76
/downloads/release/python-2714/,27,28,186
/downloads/release/python-3816/,27,27,132
/psf/about/,27,28,171
/doc/sunset-python-2/,26,26,43
/downloads/release/python-3815/,26,26,293
/psf/,26,26,60
/success-stories/category/government/,26,26,94
/doc/humor/,24,24,45
/downloads/release/python-300/,24,25,233
/downloads/release/python-363/,24,24,157
/events/python-events/2094/,24,24,165
/downloads/release/python-2715/,23,24,0
/downloads/release/python-3920/,23,23,243
/community/awards,22,22,0
/doc/av,22,22,0
/download/releases/3.2/,22,22,138
/downloads/release/python-365/,22,23,97
/sponsors/application/,22,22,170
/downloads/release/python-3410/,21,21,181
/downloads/release/python-344/,21,21,227
/psf/get-involved/,21,21,64
/download/releases/2.3/mro/,20,20,58
/downloads/release/python-2717/,20,20,387
/psf/annual-report/2021/,20,20,0
/community/sigs/current/mobile-sig/,19,19,83
/dev/security/,19,20,223
/downloads/release/python-343/,19,20,37
/downloads/release/python-352/,19,19,40
/downloads/release/python-3811/,19,19,121
/psf/community-stories/,19,19,0
/about/success/,18,19,15
/downloads/release/python-270/,18,19,99
/downloads/release/python-330/,18,18,161
/downloads/release/python-3716/,18,18,281
/downloads/release/python-394/,18,18,230
/downloads/release/python-313/,17,17,214
/downloads/release/python-369/,17,17,172
/downloads/release/python-3812/,17,17,162
/downloads/release/python-384/,17,17,404
/downloads/),16,16,218
/downloads/release/python-2712/,16,16,168
/downloads/release/python-275/,16,16,128
/downloads/release/python-361/,16,17,103
/downloads/release/python-3710/,16,16,497
/downloads/release/python-3715/,16,16,267
/psf/fellows/,16,17,94
/download/releases/2.6/,15,15,15
/downloads/release/python-375/,15,15,185
/events/python-events/2000/,15,15,10
/psf/annual-report/2024/,15,15,61
/success-stories/building-a-dependency-graph-of-our-python-codebase/,15,15,13
/downloads [출처] 파이썬 python 설치 및 다운로드 방법|작성자 웃후,14,14,312
/downloads/release/python-310x/,14,14,120
/downloads/release/python-314/,14,14,288
/downloads/release/python-362/,14,14,50
/downloads/release/python-364/,14,14,295
/psf/grants/,14,14,137
/dev/buildbot/,13,13,33
/downloads/release/python-2711/,13,13,21
/downloads/release/python-353/,13,13,230
/downloads/release/python-3712/,13,13,13
/downloads/release/python-3817/,13,13,112
/psf/fiscal-sponsorees/,13,13,16
/success-stories/python-on-arm-2025-update/,13,13,174
/doc/essays/styleguide/,12,12,145
/download/releases/2.4/msi/,12,12,43
/downloads/-----------------------------------------------------------------------------------------/,12,12,99
/downloads/>,12,12,264
/downloads/release/pymanager-251b2/,12,12,44
/downloads/release/python-201/,12,12,187
/downloads/release/python-351/,12,12,158
/downloads/release/python-3610/,12,12,128
/downloads/release/python-367/,12,13,157
/downloads/release/python-3711/,12,13,287
/downloads/release/python-38/,12,12,245
/downloads/release/python-3917/,12,12,91
/psf/sponsorship/,12,12,89
/users/far-cry-5-download-crack/,12,12,0
/accounts/confirm-email/,11,12,85
/downloads/release/python-279/,11,11,140
/downloads/release/python-301/,11,11,403
/downloads/release/python-31116/,11,12,96
/downloads/release/python-3510/,11,11,306
/downloads/release/python-366/,11,11,240
/downloads/release/python-3914/,11,12,186
/downloads/windows/>,11,11,142
/ftp,11,11,41
/users/Tekken7/,11,11,649
/community/sigs/current/edu-sig/,10,10,3
/download/releases/2.0/license/,10,10,18
/downloads/release/python-3140rc3/,10,10,472
/downloads/release/python-3900/,10,10,666
/downloads/windows/index.html,10,10,57
/events/python-events/1507/,10,11,80
/events/python-events/2095/,10,10,208
/https:/docs.python.org/3/https:/github.com/pythonhttps:/docs.python.org/3/what,10,10,0
/jobs/7984/,10,10,9
/jobs/8004/,10,10,226
/downloads/release/pymanager-250b15/,9,12,22
/downloads/release/python-276/,9,9,3
/downloads/release/python-277/,9,9,65
/downloads/release/python-313x/,9,9,251
/downloads/release/python-3140rc2/,9,9,25
/downloads/release/python-315/,9,9,143
/downloads/release/python-3813/,9,9,242
/jobs/8001/,9,9,162
/jobs/8002/,9,9,5
/](https:/www.python.org,8,11,191
/dowloads/,8,8,92
/download/releases/2.2/descrintro/,8,9,0
/download/releases/3.4.0/license/,8,8,132
/download/releases/early/,8,8,6
