name,unique_exits,total_exits,exit_rate
/en/latest/tutorials/installing-packages/,3310,3383,
/en/latest/guides/tool-recommendations/,587,592,
/en/latest/tutorials/packaging-projects/,542,563,
/en/latest/guides/writing-pyproject-toml/,522,542,
/en/latest/guides/installing-using-pip-and-virtual-environments/,513,520,
/en/latest/,285,289,
/en/latest/glossary/,185,183,
/en/latest/specifications/binary-distribution-format/,179,188,
/en/latest/key_projects/,152,149,
/en/latest/specifications/dependency-specifiers/,140,143,
/en/latest/overview/,88,92,
/en/latest/guides/distributing-packages-using-setuptools/,67,68,
/en/latest/discussions/src-layout-vs-flat-layout/,60,63,
/en/latest/guides/installing-using-linux-tools/,50,50,
/en/latest/specifications/version-specifiers/,44,46,
/en/latest/guides/creating-command-line-tools/,43,44,
/en/latest/specifications/pyproject-toml/,40,42,
/en/latest/guides/section-install/,39,39,
/en/latest/tutorials/managing-dependencies/,38,38,
/en/latest/flow/,34,34,
/en/latest/specifications/core-metadata/,32,31,
/en/latest/specifications/entry-points/,32,32,
/en/latest/specifications/inline-script-metadata/,27,27,
/en/latest/guides/packaging-namespace-packages/,26,26,
/en/latest/guides/section-build-and-publish/,25,25,
/en/latest/tutorials/,25,26,
/en/latest/guides/,24,30,
/en/latest/guides/packaging-binary-extensions/,24,24,
/en/latest/guides/publishing-package-distribution-releases-using-github-actions-ci-cd-workflows/,22,23,
/en/latest/guides/using-testpypi/,21,22,
/en/latest/guides/installing-scientific-packages/,19,19,
/en/latest/discussions/deploying-python-applications/,17,18,
/en/latest/guides/creating-and-discovering-plugins/,16,16,
/en/latest/specifications/,16,16,
/en/latest/guides/installing-stand-alone-command-line-tools/,15,15,
/en/latest/guides/modernize-setup-py-project/,15,15,
/en/latest/search/,15,15,
/en/latest/discussions/distribution-package-vs-import-package/,14,14,
/en/latest/discussions/setup-py-deprecated/,13,14,
/en/latest/guides/licensing-examples-and-user-scenarios/,13,13,
/en/latest/discussions/single-source-version/,12,12,
/en/latest/discussions/versioning/,12,12,
/en/latest/guides/hosting-your-own-index/,12,12,
/en/latest/specifications/platform-compatibility-tags/,12,12,
/en/latest/guides/installing-using-virtualenv/,11,11,
/en/latest/discussions/package-formats/,10,10,
/en/latest/guides/analyzing-pypi-package-downloads/,10,10,
/en/latest/guides/making-a-pypi-friendly-readme/,10,10,
/en/latest/specifications/externally-managed-environments/,10,10,
/en/latest/specifications/name-normalization/,10,10,
/en/latest/specifications/recording-installed-packages/,10,10,
/en/latest/discussions/install-requires-vs-requirements/,9,9,
/en/latest/specifications/pylock-toml/,8,8,
/en/latest/specifications/pypirc/,8,8,
/en/latest/discussions/,7,7,
/en/latest/discussions/pip-vs-easy-install/,7,7,
/en/latest/specifications/dependency-groups/,7,8,
/en/latest/specifications/simple-repository-api/,7,7,
/en/latest/specifications/well-known-project-urls/,6,6,
/en/latest/guides/dropping-older-python-versions/,5,5,
/en/latest/guides/index-mirrors-and-caches/,5,5,
/en/latest/news/,5,5,
/en/latest/specifications/direct-url/,5,5,
/en/latest/guides/using-manifest-in/,4,4,
/en/latest/specifications/glob-patterns/,4,4,
/en/latest/specifications/section-installation-metadata/,4,4,
/en/latest/contribute/,3,3,
/en/latest/specifications/source-distribution-format/,3,3,
/en/latest/guides/section-hosting/,2,2,
/en/latest/guides/single-sourcing-package-version/,2,2,
/en/latest/specifications/direct-url-data-structure/,2,2,
/en/latest/specifications/section-distribution-metadata/,2,2,
/en/latest/specifications/virtual-environments/,2,2,
/ja/latest/tutorials/packaging-projects/,2,2,
/pt-br/latest/tutorials/installing-packages/,2,2,
/pt-br/latest/tutorials/packaging-projects/,2,2,
/en/latest/discussions/downstream-packaging/,1,1,
/en/latest/guides/migrating-to-pypi-org/,1,1,
/en/latest/guides/supporting-windows-using-appveyor/,1,1,
/en/latest/specifications/build-details/,1,1,
/en/latest/specifications/index-hosted-attestations/,1,1,
/en/latest/specifications/license-expression/,1,1,
/en/latest/specifications/section-distribution-formats/,1,1,
/en/latest/specifications/section-package-indices/,1,1,
/en/latest/specifications/section-reproducible-environments/,1,1,
/en/latest/support/,1,1,
/ja/latest/guides/packaging-namespace-packages/,1,1,
/ja/latest/guides/using-testpypi/,1,1,
/ja/latest/guides/writing-pyproject-toml/,1,1,
/ja/latest/key_projects/,1,1,
/ja/latest/tutorials/installing-packages/,1,1,
/pt-br/latest/guides/writing-pyproject-toml/,1,1,
/pt-br/latest/specifications/core-metadata/,1,1,
