name,visitors,bounce_rate,visit_duration
pypi.org,2478,76,69
Direct / None,1857,74,101
google.com,1729,82,73
jupyter.org,322,77,44
docs.python.org,188,75,67
pip.pypa.io/en/stable,130,70,60
duckduckgo.com,88,78,74
yandex.ru,75,91,13
search.brave.com,71,73,100
bing.com,70,89,34
pip.pypa.io/en/stable/installation,64,77,77
ai.google.dev,41,76,83
docs.astral.sh,36,71,215
pip.pypa.io,31,74,191
peps.python.org,24,61,19
chatgpt.com,18,82,201
ecosia.org,16,94,55
huggingface.co,15,87,144
pip.pypa.io/en/latest,14,54,99
youtube.com,14,93,4
test.pypi.org,12,58,136
pip.pypa.io/en/stable/getting-started,11,75,14
github.com,10,100,0
cn.bing.com,8,75,562
roadmap.sh,7,71,95
cweptectf.com,6,100,0
gemini.google.com,6,80,182
google.com.hk,6,83,7
realpython.com,6,50,160
statics.teams.cdn.office.net,6,100,0
ya.ru,6,83,1
docs.python.org/3/installing/index.html,5,40,355
github.com/ucsc-cse-40/HO0,5,100,0
pip.pypa.io/en/latest/installation,5,80,8
pip.pypa.io/en/stable/cli/pip_install,5,60,28
qwant.com,5,100,0
setuptools.pypa.io,5,60,63
claude.ai,4,25,151
cs50.readthedocs.io/pip,4,100,0
discuss.python.org,4,50,21
docs.python.org/3/distributing/index.html,4,75,20
kagi.com,4,50,464
perplexity.ai,4,100,0
pip.pypa.io/en/stable/reference/requirement-specifiers,4,75,1
android-app://com.google.android.googlequicksearchbox,3,100,0
app.readthedocs.org,3,33,15
builtin.com,3,67,14
developers.google.com,3,67,2
flask.palletsprojects.com/en/stable/tutorial/install,3,100,0
github.com/Lattyware/unrpa,3,100,0
github.com/ROCm/TheRock/blob/main/RELEASES.md,3,67,9
google.ru,3,100,0
pip.pypa.io/en/stable/topics/vcs-support,3,67,12
pydevtools.com,3,67,75
pypa.io/en/latest,3,33,350
setuptools.pypa.io/en/latest/userguide/pyproject_config.html,3,33,284
thenewstack.io,3,100,0
upload.pypi.org,3,67,23
athena.alxafrica.com,2,100,0
baidu.com/link,2,100,0
doc.qt.io,2,50,70
docs.cloud.google.com,2,100,0
docs.pypi.org/api,2,50,84
fictional-trout-69x95rqw67qj24vjx.github.dev,2,100,0
forums.raspberrypi.com,2,100,0
github.com/GuilleDiazFentanes/AutoClaim-AutoRoll-AutoReact-MudaeBot-2025,2,0,1714
github.com/MatthewAndreTaylor/supply-chain-vulnerabilities,2,100,0
github.com/fpgmaas/cookiecutter-uv,2,100,0
github.com/nedbat/pkgsample,2,50,244
github.com/pypa/pip,2,100,0
github.com/ucsc-cse-40/HO0/blob/main/README.md,2,100,0
greenteapress.com,2,100,0
i-2.gpushare.com,2,100,0
in.search.yahoo.com,2,100,0
innovirtuoso.com,2,50,5
jinja.palletsprojects.com/en/stable/intro,2,50,46
learn-anything.xyz,2,100,0
learn.scientific-python.org,2,50,322
link.zhihu.com,2,100,0
mail.google.com,2,100,0
moodle.uni-ulm.de,2,50,4
overleaf.com,2,100,0
platform.productstar.ru,2,0,274
pypi.com.cn,2,100,0
quantumai.google,2,100,0
search.yahoo.com,2,50,9
skaftenicki.github.io,2,100,0
tw.search.yahoo.com,2,100,0
warehouse.pypa.io,2,100,0
yandex.com.tr,2,50,4
airflow.apache.org,1,100,0
aubio.org,1,100,0
avenue.cllmcmaster.ca,1,0,5
ca.search.yahoo.com,1,100,0
campus.seastecnico.com,1,100,0
coccoc.com/search,1,100,0
codegenes.net,1,100,0
codelabs.developers.google.com,1,100,0
coderivers.org,1,100,0
confluence.nvidia.com,1,0,302
confluence.wellsfargo.net,1,100,0
courses.cms.caltech.edu,1,100,0
devdocs.ms.com,1,100,0
developer.tobiipro.com,1,100,0
devguide.python.org,1,100,0
django-upgrade.readthedocs.io/en/latest/options.html,1,100,0
docs.ansible.com/projects/ansible/latest/installation_guide/intro_installation.html,1,100,0
docs.ansible.com/projects/lint/installing,1,100,0
docs.blender.org,1,100,0
docs.coiled.io,1,100,0
docs.conda.io/projects/conda-build/en/stable/index.html,1,100,0
docs.isaacsim.omniverse.nvidia.com,1,100,0
docs.pypi.org/api/index-api,1,100,0
docs.pypi.org/project-management/yanking,1,100,0
docs.pypi.org/project_metadata,1,100,0
docs.pytest.org,1,100,0
docs.pytest.org/en/stable/reference/reference.html,1,100,0
docs.python.org/3.13/installing/index.html,1,100,0
docs.python.org/3.14/installing/index.html,1,100,0
docs.python.org/3/installing,1,0,26
docs.python.org/zh-cn/3.13/distributing/index.html,1,100,0
docs.python.org/zh-cn/3.13/installing/index.html,1,100,0
docs.python.org/zh-cn/3.14/installing/index.html,1,100,0
docs.python.org/zh-cn/3.15/installing/index.html,1,100,0
facebook.com,1,100,0
fishros.com,1,100,0
forum.arduino.cc,1,100,0
forums.linuxmint.com,1,100,0
fprime.jpl.nasa.gov,1,100,0
gb.ru,1,100,0
getfireshot.com,1,100,0
gist.github.com,1,100,0
gitee.com,1,100,0
github-wiki-see.page,1,100,0
github.amd.com,1,100,0
github.com/ClipsAI/clipsai,1,100,0
github.com/Guilhem23/Jackett_Indexerr,1,100,0
github.com/MolecularAI/REINVENT4,1,100,0
github.com/Mord3rca/gamma-launcher,1,100,0
github.com/PDBeurope/ccdutils,1,100,0
github.com/SeleniumHQ/selenium,1,100,0
github.com/astral-sh/uv/issues/11718,1,100,0
github.com/astral-sh/uv/issues/1360,1,0,9
github.com/big-data-team/python-course,1,100,0
github.com/devreldragon/data-driven-dave,1,100,0
github.com/olilarkin/ort-builder,1,100,0
github.com/openai/whisper/pull/2435,1,100,0
github.com/openstack/cliff,1,100,0
github.com/optuna/optuna/pull/5271,1,100,0
github.com/oskvr37/tiddl,1,0,151
github.com/package-url/purl-spec/blob/main/types-doc/pypi-definition.md,1,100,0
github.com/podaac/data-subscriber,1,100,0
github.com/psf/black/blob/main/docs/integrations/github_actions.md,1,100,0
github.com/psincraian/pepy,1,100,0
github.com/pypa/pip/issues/3980,1,0,421
github.com/python-poetry/poetry/issues/7556,1,100,0
github.com/python-telegram-bot/python-telegram-bot/issues/4797,1,100,0
github.com/ratanakvlun/deluge-ltconfig,1,100,0
github.com/thonny/thonny/wiki/Plugins,1,0,1309
github.com/ucsc-cse-140/cse140-assignments-public/blob/main/p0/README.md,1,100,0
github.com/vlachoudis/bCNC/wiki/Installation,1,100,0
github.com/wharton/wrds,1,100,0
github.com/wntrblm/nox,1,100,0
google.ie,1,100,0
hircine.oriole.systems,1,100,0
ibm.com,1,0,396
installer.pypa.io/en/stable,1,100,0
jupyter.org/install,1,100,0
jvns.ca,1,100,0
keep.google.com,1,100,0
l.facebook.com,1,0,490
llfc.club,1,0,4
mlir.llvm.org,1,100,0
mryslab.github.io,1,100,0
opendronemap.org,1,100,0
opengeosys.org,1,100,0
opensource.com,1,100,0
packaging.pypa.io/en/stable/metadata.html,1,0,156
pip.pypa.io/en/latest/getting-started,1,100,0
pip.pypa.io/en/stable/index.html,1,0,1100
pixi.prefix.dev,1,100,0
podaac.github.io,1,100,0
py-slippi.readthedocs.io,1,100,0
pycode.ru,1,100,0
pygraphviz.github.io,1,100,0
pypi.org.,1,100,0
r.search.yahoo.com/_ylt=AwrFbDltAGNpS4IYwRS_eAx.;_ylu=Y29sbwNiZjEEcG9zAzMEdnRpZAMEc2VjA3Ny/RV=2/RE=1768124653/RO=10/RU=https%3a%2f%2fpackaging.python.org%2fen%2flatest%2fguides%2fwriting-pyproject-toml%2f/RK=2/RS=qB2CB3r0YJsTRnwaHbWcj1e4sdc-,1,0,10
redislabs.atlassian.net,1,100,0
redmine.whiskyechobravo.com,1,0,155
roysearch.com,1,100,0
setuptools.pypa.io/en/latest/userguide/quickstart.html,1,0,0
spikenow.com,1,100,0
start.duckduckgo.com,1,100,0
supervisord.org,1,0,12
textbooks.cs.ksu.edu,1,100,0
translate.google.com,1,100,0
treyhunner.com,1,100,0
twine.readthedocs.io/en/latest,1,100,0
unity-technologies.github.io,1,100,0
uv.doczh.com,1,100,0
weewx.com,1,100,0
yandex.kz,1,100,0
yandex.ru/search,1,100,0
yandex.uz,1,100,0
