name,visitors,bounce_rate,visit_duration
Google,3493,79,124
Direct / None,2581,70,216
qiita.com,264,81,127
Baidu,220,87,21
Bing,185,65,217
note.nkmk.me,161,85,84
Yahoo!,104,77,99
Shenma,58,98,0
python.org,35,0,1308
utokyo-ipp.github.io,31,67,551
chatgpt.com,27,64,57
paiza.jp,20,71,32
python.jp,19,58,105
lms.ealps.shinshu-u.ac.jp,18,80,102
business.algo-method.com,15,50,55
GitHub,13,75,76
DuckDuckGo,10,75,589
algo-method.com,10,55,275
chokkan.github.io,10,79,50
blog.pyq.jp,8,62,58
atmarkit.itmedia.co.jp,6,83,46
notebooks.githubusercontent.com,6,83,40
teratail.com,6,100,0
Ecosia,5,50,192
hatenablog-parts.com,5,80,5
kirara-code.net,5,43,418
tutorials.chainer.org,5,60,39
Youtube,4,100,0
atcoder.jp,4,75,3
dynalist.io,4,50,1141
m.quark.cn,4,100,0
nikkie-ftnext.hatenablog.com,4,75,1570
python-izm.com,4,50,5
techblog.asahi-net.co.jp,4,50,177
Microsoft Teams,3,100,0
Rakuten,3,100,0
jeis2.aidemy.jp,3,75,383
oreilly.co.jp,3,0,1172
pythonrev.blogspot.com,3,100,0
Facebook,2,100,0
Perplexity,2,50,193
Twitter,2,50,2
Wikipedia,2,0,35
artisoc-cloud.kke.co.jp,2,100,0
blog.truestar.co.jp,2,50,1023
claude.ai,2,50,30
confluence.nri-secure.co.jp,2,0,2476
copilot.microsoft.com,2,100,0
diver.diveintocode.jp,2,100,0
docs.pyq.jp,2,100,0
gammasoft.jp,2,50,327
kakimemo.com,2,50,10
konicaminolta.aidemy.jp,2,100,0
m365.cloud.microsoft,2,100,4
medium.com,2,100,0
nlp.netlearning.co.jp,2,50,808
pytest-mock.readthedocs.io,2,0,837
python.ambitious-engineer.com,2,100,0
pythonsoba.tech,2,100,0
school.ctc-g.co.jp,2,50,84
service.smt.docomo.ne.jp,2,100,0
sm.cn,2,100,0
techacademy.jp,2,100,0
yakupro.info,2,0,24
192.168.1.133,1,0,15
Reddit,1,0,35
act-mis-langaccel-web.azurewebsites.net,1,100,0
aiacademy.jp,1,100,0
app-basic-aibicpfu-eastus.azurewebsites.net,1,100,0
argocorp.com,1,100,0
asahi-kasei.aidemy.jp,1,100,0
azechi-n.hatenadiary.com,1,0,261
blog.kyanny.me,1,100,0
blog.mtb-production.info,1,100,0
cc.kyoto-su.ac.jp,1,100,0
cdn.d-library.jp,1,100,0
code.visualstudio.com,1,0,60
conf.msl.titech.ac.jp,1,0,0
ct.info.gifu-u.ac.jp,1,100,0
daicel.aidemy.jp,1,100,0
data-analysis-3m.aidemy.jp,1,100,0
dataseeds-blog.com,1,0,36
delftstack.com,1,0,1233
dir.aidemy.jp,1,100,0
dpac.dpri.kyoto-u.ac.jp,1,100,0
dropbox.com,1,0,78
ecampus.cx.kyutech.jp,1,0,5
edocrates.edogawa-u.ac.jp,1,0,2897
eel3.hatenablog.com,1,100,0
ensekitt.hatenablog.com,1,0,161
excel-ubara.com,1,100,0
forum.codewithmosh.com,1,0,14
fsd-programming2.github.io,1,100,0
furukawakk.aidemy.jp,1,100,0
ghe.corp.yahoo.co.jp,1,0,1515
ghe.j1net.local,1,0,16
github.dev,1,100,0
home.kingsoft.jp,1,100,0
inarizuuuushi.hatenablog.com,1,100,0
ipw-lib-wf1.wback.impressgroup.jp,1,100,0
ist.ksc.kwansei.ac.jp,1,100,0
js2iiu.com,1,100,0
jupyter.org,1,100,0
kyotogeopython.zawawahoge.com,1,100,0
lectures.squares.net,1,100,0
lifewithpython.com,1,0,2654
marsquai.com,1,100,0
mhir.sharepoint.com,1,100,0
miraiserver.ne.jp,1,0,15
misprochef.com,1,100,0
mitani.cs.tsukuba.ac.jp,1,100,0
miuraz.aidemy.jp,1,100,0
mizuhofinancialgroupjp.udemy.com,1,100,0
moocs.iniad.org,1,0,3
nainaistar.hatenablog.com,1,0,1657
nichirei.aidemy.jp,1,100,0
office54.net,1,0,370
packaging.python.org,1,0,0
pc.atsuhiro-me.net,1,100,0
pg-chain.com,1,100,0
pgstudio.oji-cloud.net,1,100,0
premium.aidemy.jp,1,100,0
python-beginner.blog,1,0,519
python-guide.work,1,100,0
python.joho.info,1,100,0
racoubit.org,1,100,0
rcmdnk.com,1,100,0
rd.ntt,1,100,0
search.fenrir-inc.com,1,100,0
sejuku.net,1,100,0
smmjp.udemy.com,1,100,0
sphinx-users.jp,1,100,0
step-learn.com,1,100,0
suntory-wellness.atlassian.net,1,100,0
support-ja.backlog.com,1,100,0
takahashihiroshi.github.io,1,100,0
takeshiwada1980.github.io,1,100,0
tech-blog.optim.co.jp,1,100,0
tech.morikatron.ai,1,0,47
tips-memo.com,1,100,0
trap.jp,1,100,0
tsuyukimakoto.com,1,100,0
wsdmoodle.waseda.jp,1,100,0
www5.learningpark.jp,1,0,75
ytyaru.hatenablog.com,1,100,0
