name,visitors,pageviews,bounce_rate,time_on_page,scroll_depth
/3/,14613,18421,56,44,75
/3/library/stdtypes.html,7746,8732,80,81,40
/3/library/functions.html,7613,8320,79,240,46
/3/tutorial/index.html,6537,8472,62,62,56
/3/search.html,5050,8397,40,29,45
/3/library/index.html,4491,5686,59,50,40
/3/library/datetime.html,4295,4798,84,77,40
/3/tutorial/datastructures.html,4281,4565,78,121,46
/3/library/venv.html,4161,4384,91,42,31
/3/library/idle.html,3271,3812,78,59,32
/3/tutorial/controlflow.html,2985,3164,81,189,42
/3/library/random.html,2797,2921,86,55,34
/3/library/re.html,2722,2883,87,107,41
/3/tutorial/,2635,3346,71,39,50
/3/library/pathlib.html,2597,2802,81,60,42
/3/library/typing.html,2547,2713,82,47,27
/3/library/tkinter.html,2496,2823,76,55,32
/3/tutorial/introduction.html,2386,2579,75,206,60
/3/library/turtle.html,2342,2868,83,192,28
/3/using/windows.html,2259,2335,79,45,17
/3/library/math.html,2258,2438,83,68,38
/3/library/argparse.html,2239,2412,82,117,34
/3/library/csv.html,2198,2387,86,310,41
/3/library/logging.html,2061,2244,81,113,36
/3/tutorial/classes.html,2008,2111,84,127,46
/3/glossary.html,1997,2067,66,42,49
/3/tutorial/interpreter.html,1988,2150,71,90,76
/3/library/exceptions.html,1972,2008,82,61,46
/3/library/os.html,1971,2070,74,66,35
/3/tutorial/errors.html,1891,1964,83,117,37
/3/tutorial/inputoutput.html,1891,1986,78,170,48
/3/library/dataclasses.html,1883,1965,85,77,34
/3/library/subprocess.html,1828,1986,82,132,30
/3/whatsnew/3.14.html,1822,1920,66,68,29
/3/library/collections.html,1781,1812,84,206,41
/3/library/string.html,1745,1808,75,53,44
/3/tutorial/appetite.html,1547,1485,53,83,85
/3/reference/datamodel.html,1515,1531,75,93,48
/3/library/time.html,1480,1546,83,50,39
/3/library/json.html,1421,1448,85,123,35
/3/reference/index.html,1419,1728,47,31,67
/3/library/itertools.html,1380,1459,86,53,30
/3/library/multiprocessing.html,1355,1533,80,98,30
/3/tutorial/modules.html,1317,1368,79,117,51
/3/library/asyncio-task.html,1244,1397,80,373,38
/3/library/threading.html,1181,1234,80,217,39
/3/library/sqlite3.html,1175,1319,81,82,28
/3/library/os.path.html,1173,1189,79,51,48
/3/library/asyncio.html,1159,1346,66,33,70
/3/library/enum.html,1145,1210,84,35,34
/3/tutorial/venv.html,1097,1173,88,51,55
/3/library/functools.html,1064,1101,85,60,41
/3/library/unittest.html,1053,1150,85,64,26
/3/py-modindex.html,1018,1186,70,41,48
/3/library/unittest.mock.html,959,1090,85,176,34
/3/library/heapq.html,954,1009,88,48,45
/3/installing/index.html,935,879,78,34,60
/3/library/sys.html,934,945,78,42,38
/3/reference/compound_stmts.html,925,927,73,80,39
/3/library/concurrent.futures.html,918,949,83,67,47
/3/reference/lexical_analysis.html,904,906,78,90,51
/3/howto/sorting.html,880,909,78,525,38
/3/reference/expressions.html,874,877,82,66,60
/3/contents.html,845,933,49,31,15
/3/library/socket.html,844,930,80,75,47
/3/index.html,816,969,49,14,77
/3/library/xml.etree.elementtree.html,795,900,85,154,34
/3/howto/logging.html,792,803,78,92,40
/3/library/io.html,744,768,79,63,47
/3/download.html,721,637,50,23,94
/zh-cn/3/,715,859,60,20,77
/3/library/shutil.html,703,710,82,43,36
/3/library/struct.html,703,719,87,90,46
/3/library/pickle.html,690,691,86,598,23
/3/using/cmdline.html,669,657,82,89,36
/3/reference/simple_stmts.html,662,634,80,59,55
/zh-cn/3/tutorial/index.html,648,871,53,33,62
/3/library/tempfile.html,645,684,84,55,52
/es/3/tutorial/,606,757,65,49,51
/3/reference/import.html,589,595,79,102,38
/3/library/,571,635,67,42,38
/3/library/hashlib.html,558,582,83,75,31
/3/license.html,536,592,85,36,25
/3/library/pdb.html,532,548,90,46,34
/3/using/index.html,507,566,55,24,77
/3/library/asyncio-eventloop.html,503,573,72,68,41
/3/howto/regex.html,488,478,86,77,34
/3/library/abc.html,487,493,82,45,49
/3/library/contextlib.html,477,507,82,61,30
/3/library/urllib.parse.html,472,502,85,42,42
/3/library/operator.html,464,450,84,46,49
/3/library/copy.html,462,447,88,29,67
/3/library/zipfile.html,439,467,78,61,38
/3/library/glob.html,434,449,85,52,61
/3/library/configparser.html,432,474,81,71,31
/3/library/urllib.request.html,429,443,78,56,29
/3/library/collections.abc.html,428,471,81,33,57
/3/library/decimal.html,427,430,86,61,23
/fr/3/tutorial/,423,566,55,32,54
/3/howto/argparse.html,404,393,83,220,41
