property,value,visitors,events,percentage
url,(none),2489,4229,99.6
url,https://www.python.org/,37,39,1.5
url,https://www.python.org/downloads/,9,9,0.4
url,https://github.com/python/cpython/tree/3.14/Lib/idlelib/,5,5,0.2
url,https://tkdocs.com/,5,5,0.2
url,https://apps.microsoft.com/detail/9NQ7512CXL7T,4,6,0.2
url,https://docs.python.org/es/3.14/archives/python-3.14-docs-html.zip,3,3,0.1
url,https://docs.python.org/es/3.14/archives/python-3.14-docs-texinfo.zip,3,3,0.1
url,https://devguide.python.org/documentation/start-documenting/#building-the-documentation,2,2,0.1
url,https://docs.python.org/es/3.14/archives/python-3.14-docs.epub,2,2,0.1
url,https://github.com/python/cpython/blob/main/Doc/library/index.rst?plain=1,2,2,0.1
url,https://github.com/python/cpython/tree/3.13/Lib/idlelib/,2,2,0.1
url,https://github.com/python/cpython/tree/3.14/Lib/tkinter/__init__.py,2,2,0.1
url,https://docs.python.org/es/3.13/archives/python-3.13-docs-html.zip,1,1,0.0
url,https://docs.python.org/es/3.13/archives/python-3.13-docs-texinfo.zip,1,1,0.0
url,https://docs.python.org/es/3.13/archives/python-3.13-docs.epub,1,1,0.0
url,https://docs.python.org/es/3/archives/python-3.14-docs-html.zip,1,1,0.0
url,https://docs.python.org/es/3/archives/python-3.14-docs-texinfo.zip,1,1,0.0
url,https://en.wikipedia.org/wiki/C11_(C_standard_revision)#Optional_features,1,1,0.0
url,https://github.com/python/cpython/blob/main/Doc/contents.rst,1,1,0.0
url,https://github.com/python/cpython/blob/main/Doc/tutorial/index.rst?plain=1,1,1,0.0
url,https://github.com/python/cpython/tree/3.12/Lib/idlelib/,1,1,0.0
url,https://github.com/python/cpython/tree/3.14/Lib/cmd.py,1,1,0.0
url,https://github.com/python/cpython/tree/3.14/Lib/idlelib,1,1,0.0
url,https://github.com/python/cpython/tree/3.14/Lib/random.py,1,1,0.0
url,https://github.com/python/cpython/tree/3.14/Lib/statistics.py,1,1,0.0
url,https://github.com/python/cpython/tree/3.14/Lib/zipfile/,1,1,0.0
url,https://mypy.readthedocs.io/en/stable/cheat_sheet_py3.html,1,1,0.0
url,https://numpy.org/,1,1,0.0
url,https://packaging.python.org/en/latest/tutorials/installing-packages/#ensure-pip-setuptools-and-wheel-are-up-to-date,1,1,0.0
url,https://peps.python.org/pep-0529/,1,1,0.0
url,https://peps.python.org/pep-0636/,1,1,0.0
url,https://peps.python.org/pep-0750/,1,1,0.0
url,https://pypi.org/,1,1,0.0
url,https://pypi.org/project/pip/,1,1,0.0
url,https://timgolden.me.uk/python/win32_how_do_i.html,1,1,0.0
url,https://typing.python.org/en/latest/,1,1,0.0
url,https://wiki.python.org/moin/BeginnersGuide,1,1,0.0
url,https://wiki.python.org/moin/IntegratedDevelopmentEnvironments,1,1,0.0
url,https://wiki.python.org/moin/PythonEditors,1,1,0.0
url,https://www.amazon.com/Modern-Tkinter-Python-Developers-ebook/dp/B0071QDNLO/,1,1,0.0
url,https://www.anaconda.com/download/,1,1,0.0
url,https://www.packtpub.com/en-us/product/python-gui-programming-with-tkinter-9781788835886,1,1,0.0
url,https://www.sqlite.org/,1,1,0.0
url,https://www.tcl.tk/man/tcl8.6/TkCmd/contents.htm,1,1,0.0
url,https://www.tkdocs.com/shipman/,1,1,0.0
url,https://www.unicode.org/Public/16.0.0/ucd/DerivedCoreProperties.txt,1,2,0.0
url,https://www.unicode.org/Public/16.0.0/ucd/NameAliases.txt,1,1,0.0
url,https://www.unicode.org/Public/16.0.0/ucd/NamedSequences.txt,1,1,0.0
url,https://www.unicode.org/Public/16.0.0/ucd/PropList.txt,1,1,0.0
