name,version,visitors
Chrome,134.0,2277
Microsoft Edge,134.0,2132
Chrome,133.0,235
Chrome,122.0,197
Firefox,136.0,176
Mobile App,(not set),160
Safari,18.3,153
Chrome,131.0,140
UC Browser,17.4,122
Smart Lenovo Browser,9.0,108
Chrome,132.0,89
Microsoft Edge,133.0,85
Microsoft Edge,131.0,68
Chrome,109.0,54
Chrome,128.0,53
Chrome,121.0,50
Quark,(not set),44
Chrome,86.0,43
Microsoft Edge,128.0,42
Chrome,127.0,41
Chrome,130.0,36
Microsoft Edge,130.0,32
Chrome,114.0,30
QQ Browser,13.7,30
Microsoft Edge,127.0,29
Chrome,129.0,29
Chrome,126.0,27
Safari,17.6,27
Microsoft Edge,132.0,26
Chrome,116.0,23
Microsoft Edge,129.0,23
Sogou Explorer,2,23
Mobile App,130.0,22
Huawei Browser Mobile,16.0,22
Chrome,120.0,21
Chrome,124.0,20
Safari,18.1,20
Quark,7.9,20
Safari,(not set),19
Chrome,101.0,19
Microsoft Edge,122.0,19
MIUI Browser,19.2,19
Mobile App,114.0,18
Chrome,135.0,18
Firefox,128.0,17
Huawei Browser,12.1,16
Chrome,123.0,16
Microsoft Edge,126.0,16
Chrome,117.0,14
Chrome,118.0,14
Safari,18.2,14
Chrome,103.0,13
Chrome,107.0,13
Chrome,108.0,13
Chrome,125.0,13
Safari,18.0,13
Microsoft Edge,92.0,13
QQ Browser,13.5,12
Mobile App,134.0,12
Chrome,136.0,12
Microsoft Edge,100.0,11
Microsoft Edge,109.0,11
Firefox,115.0,11
Mobile App,117.0,11
Microsoft Edge,119.0,11
Safari,15.6,11
Safari,16.6,11
(not set),(not set),10
Mobile App,116.0,10
Mobile App,126.0,10
Mobile App,99.0,10
Chrome,102.0,9
Microsoft Edge,113.0,9
Microsoft Edge,120.0,9
Safari,18.4,9
Chrome,112.0,8
Microsoft Edge,112.0,8
Microsoft Edge,115.0,8
Chrome,119.0,8
Microsoft Edge,121.0,8
Microsoft Edge,135.0,8
Mobile App,97.0,8
Chrome,100.0,7
Microsoft Edge,117.0,7
Microsoft Edge,123.0,7
QQ Browser,13.6,7
Microsoft Edge,136.0,7
Safari,17.5,7
Chrome,106.0,6
Chrome,111.0,6
Chrome,113.0,6
Microsoft Edge,114.0,6
Opera,117.0,6
Microsoft Edge,125.0,6
Firefox,135.0,6
Safari,16.1,6
Safari,16.5,6
Microsoft Edge,105.0,5
Chrome,105.0,5
Microsoft Edge,108.0,5
Mobile App,109.0,5
Microsoft Edge,118.0,5
MIUI Browser,14.10,5
Safari,15.3,5
Safari,16.3,5
Safari,17.3,5
Safari,17.4,5
MIUI Browser,19.0,5
Huawei Browser Mobile,5.1,5
Mobile App,92.0,5
Mobile App,103.0,4
Microsoft Edge,106.0,4
Microsoft Edge,107.0,4
Microsoft Edge,116.0,4
Firefox,134.0,4
Firefox,136.3,4
MIUI Browser,14.7,4
Safari,17.1,4
UC Browser,17.2,4
UC Browser,17.3,4
MIUI Browser,18.8,4
vivo Browser,23.9,4
Quark,7.8,4
Chrome,90.0,4
Mobile App,96.0,4
Mobile App,108.0,3
Chrome,110.0,3
Chrome,118.3,3
Microsoft Edge,124.0,3
QQ Browser,13.4,3
QQ Browser,16.1,3
Safari,17.0,3
MIUI Browser,19.1,3
vivo Browser,23.8,3
Quark,7.7,3
Chrome,88.0,3
Chrome,96.0,3
Chrome,99.0,3
Mobile App,101.0,2
Microsoft Edge,103.0,2
Microsoft Edge,104.0,2
Mobile App,104.0,2
QQ Browser,11.9,2
Opera,110.0,2
Microsoft Edge,110.0,2
Microsoft Edge,111.0,2
Firefox,113.0,2
Chrome,115.0,2
Firefox,116.0,2
Mobile App,118.0,2
Mobile App,120.0,2
Mobile App,127.0,2
Mobile App,128.0,2
QQ Browser,13.0,2
QQ Browser,13.3,2
Firefox,130.0,2
Mobile App,131.0,2
Mobile App,132.0,2
Firefox,132.0,2
Firefox,137.0,2
Safari,14.0,2
Huawei Browser Mobile,15.0,2
Safari,16.2,2
Safari,17.2,2
Safari,17.7,2
vivo Browser,23.1,2
vivo Browser,23.3,2
vivo Browser,23.7,2
115 Browser,27.0,2
QQ Browser,6.2,2
Chrome,79.0,2
Chrome,87.0,2
Chrome,89.0,2
Chrome,91.0,2
Chrome,92.0,2
Chrome,93.0,2
Chrome,95.0,2
Chrome,97.0,2
Konqueror,(not set),1
Android Browser,(not set),1
Firefox,(not set),1
Xvast,1.3,1
Firefox,101.0,1
Firefox,102.0,1
Opera,102.0,1
Chrome,103.1,1
QQ Browser,11.1,1
QQ Browser,11.2,1
Firefox,110.0,1
Opera,116.0,1
Firefox,117.0,1
Opera,118.0,1
CoolBrowser,118.0,1
Firefox,118.0,1
Samsung Browser,12.1,1
QQ Browser,12.2,1
AVG Secure Browser,128.0,1
Firefox,129.0,1
Mobile App,129.0,1
Safari,13.0,1
Safari,13.1,1
Firefox,131.0,1
Mobile App,133.0,1
Firefox,133.0,1
Avast Secure Browser,133.0,1
Firefox,138.0,1
Microsoft Edge,15.15063,1
Safari,15.2,1
Safari,15.4,1
QQ Browser,15.9,1
QQ Browser,16.0,1
Safari,16.4,1
Microsoft Edge,18.17763,1
Microsoft Edge,18.18363,1
MIUI Browser,18.3,1
MIUI Browser,18.6,1
vivo Browser,23.4,1
vivo Browser,23.5,1
Yandex Browser,24.12,1
Yandex Browser,24.4,1
Yandex Browser,25.2,1
Samsung Browser,27.0,1
Samsung Browser,27.1,1
vivo Browser,4.5,1
Chrome,49.0,1
Quark,5.9,1
QQ Browser,6.0,1
QtWebEngine,6.5,1
Quark,6.8,1
Mobile App,66.0,1
Quark,7.3,1
Firefox,72.0,1
Chrome,78.0,1
Chrome,80.0,1
Mobile App,81.0,1
Chrome,81.0,1
Mobile App,83.0,1
Chrome,83.0,1
Firefox,84.0,1
Mobile App,87.0,1
Mobile App,88.0,1
Microsoft Edge,89.0,1
Mobile App,91.0,1
Chrome,94.0,1
Mobile App,95.0,1
Microsoft Edge,98.0,1
Firefox,98.0,1
Chrome,98.0,1
Microsoft Edge,99.0,1
