name,version,visitors
Chrome,137.0,675
Mobile App,(not set),262
Microsoft Edge,137.0,108
Safari,18.5,55
Chrome,136.0,43
Whale Browser,4.32,29
Mobile App,97.0,22
Firefox,139.0,17
UC Browser,17.7,12
Huawei Browser Mobile,16.0,11
Samsung Browser,28.0,11
Microsoft Edge,136.0,8
vivo Browser,24.9,8
Chrome,134.0,7
Chrome,135.0,7
Chrome,125.0,6
Chrome,133.0,6
Quark,7.13,6
Safari,16.2,5
Safari,18.1,5
Chrome,109.0,4
Microsoft Edge,134.0,4
Safari,17.6,4
Chrome,128.0,3
Safari,18.3,3
Safari,19.0,3
MIUI Browser,19.6,3
vivo Browser,25.0,3
Whale Browser,4.30,3
Microsoft Edge,104.0,2
Chrome,111.0,2
Chrome,112.0,2
Microsoft Edge,117.0,2
Chrome,123.0,2
Chrome,130.0,2
Microsoft Edge,131.0,2
Chrome,132.0,2
Firefox,136.0,2
Mobile App,137.0,2
Firefox,138.0,2
UC Browser,17.5,2
Safari,18.4,2
MIUI Browser,19.7,2
vivo Browser,21.5,2
Whale Browser,4.29,2
Whale Browser,4.31,2
vivo Browser,10.8,1
Microsoft Edge,107.0,1
Chrome,108.0,1
Microsoft Edge,109.0,1
Chrome,110.0,1
Mobile App,116.0,1
Chrome,120.0,1
Microsoft Edge,121.0,1
Microsoft Edge,122.0,1
Chrome,122.0,1
Firefox,123.0,1
Microsoft Edge,133.0,1
Firefox,135.0,1
Chrome,138.0,1
Safari,14.1,1
Safari,15.6,1
UC Browser,16.5,1
Safari,16.6,1
Safari,17.13,1
MIUI Browser,18.3,1
MIUI Browser,19.5,1
Samsung Browser,20.1,1
vivo Browser,23.1,1
vivo Browser,23.4,1
vivo Browser,24.4,1
vivo Browser,24.7,1
vivo Browser,24.8,1
Yandex Browser,25.4,1
Chrome,34.0,1
Chrome,49.0,1
Opera,65.0,1
Quark,7.12,1
Quark,7.3,1
Mobile App,80.0,1
Chrome,84.0,1
Chrome,97.0,1
