name,visitors
Tokyo,45
Osaka,15
Yokohama,4
Nagoya,4
Kyoto,3
Honchō,3
Sendai,3
N/A,3
N/A,3
N/A,2
Toyohashi,2
Tajimi,2
N/A,2
Okazaki,2
Nagano,2
Machida,2
Kobe,2
Katowice,2
Chihuahua,2
Russell Springs,2
N/A,2
N/A,2
Zhengzhou,1
Utsunomiya,1
Urayasu,1
Tatebayashi,1
Suita,1
Shizuoka,1
Shimonoseki,1
Nishio,1
Nishinomiya-hama,1
Naha,1
Nagareyama,1
Musashino,1
Mishima,1
Mino,1
Matsudo,1
Komaki,1
Kawasaki,1
Kawaguchi,1
Kasukabe,1
Kanazawa,1
Kamakura,1
Kagoshima,1
Itami,1
Ichinomiya,1
N/A,1
Hiroshima,1
N/A,1
Fukuyama,1
Fukuoka,1
Fujisawa,1
Fujieda,1
N/A,1
N/A,1
N/A,1
Anan,1
Singapore,1
Moriya,1
Morioka,1
Sapporo,1
Neyagawa,1
Umeda,1
Jōsō,1
N/A,1
N/A,1
N/A,1
N/A,1
N/A,1
N/A,1
N/A,1
N/A,1
N/A,1
N/A,1
N/A,1
N/A,1
N/A,1
N/A,1
N/A,1
N/A,1
N/A,1
N/A,1
N/A,1
N/A,1
N/A,1
