name,version,visitors
Chrome,137.0,684
Chrome,138.0,431
Microsoft Edge,138.0,136
Safari,18.5,76
Microsoft Edge,137.0,62
Chrome,136.0,45
Chrome,134.0,27
Firefox,140.0,22
Firefox,139.0,18
Chrome,135.0,14
Mobile App,(not set),13
Chrome,131.0,12
Chrome,128.0,11
Chrome,109.0,9
Opera,119.0,8
Safari,17.6,8
Chrome,126.0,7
Safari,18.3,7
Chrome,118.0,6
Safari,18.4,6
Chrome,121.0,5
Chrome,127.0,5
Chrome,133.0,5
Microsoft Edge,136.0,5
Safari,17.4,5
Chrome,116.0,4
Chrome,132.0,4
Firefox,138.0,4
Smart Lenovo Browser,9.0,4
Quark,(not set),3
Chrome,114.0,3
Chrome,122.0,3
Firefox,128.0,3
Chrome,129.0,3
Microsoft Edge,135.0,3
MIUI Browser,14.36,3
Safari,17.5,3
Chrome,102.0,2
Chrome,104.0,2
Chrome,108.0,2
Microsoft Edge,109.0,2
Chrome,112.0,2
Microsoft Edge,114.0,2
Microsoft Edge,122.0,2
Chrome,124.0,2
Chrome,125.0,2
Microsoft Edge,127.0,2
Microsoft Edge,131.0,2
Microsoft Edge,134.0,2
Firefox,135.0,2
Safari,15.6,2
Safari,16.5,2
Safari,17.1,2
Safari,18.1,2
Microsoft Edge,107.0,1
Microsoft Edge,112.0,1
Microsoft Edge,116.0,1
Microsoft Edge,117.0,1
Chrome,119.0,1
Huawei Browser,12.1,1
Microsoft Edge,121.0,1
Chrome,123.0,1
QQ Browser,13.0,1
QQ Browser,13.5,1
Chrome,130.0,1
Microsoft Edge,130.0,1
Firefox,133.0,1
Chrome,139.0,1
MIUI Browser,14.10,1
MIUI Browser,14.17,1
Chrome,140.0,1
Firefox,141.0,1
Safari,16.2,1
Safari,17.13,1
Safari,17.3,1
Safari,26.0,1
Opera,90.0,1
Microsoft Edge,92.0,1
Chrome,98.0,1
Chrome,99.0,1
Microsoft Edge,99.0,1
