name,visitors,bounce_rate,visit_duration
Direct / None,1437,65,190
google.com,585,72,208
python.org,171,65,221
pythoninsider.blogspot.com,131,64,158
bing.com,25,58,164
android-app://com.google.android.googlequicksearchbox,23,91,34
qiita.com,19,79,118
cn.bing.com,17,86,348
duckduckgo.com,16,50,271
baidu.com/link,14,73,61
search.brave.com,9,33,176
yandex.ru,8,67,478
blog.python.org,7,86,14
programmez.com,7,57,45
typing-extensions.readthedocs.io/en/latest,7,86,74
github.com/python/cpython,5,60,71
chatgpt.com,4,0,253
discuss.python.org,4,67,14
dws.pym.dev,4,33,734
github.com,4,67,112
google.com.hk,3,100,0
peps.python.org,3,0,1254
typing-extensions.readthedocs.io/en/latest/index.html,3,100,0
copilot.microsoft.com,2,100,0
ecosia.org,2,100,0
forum.djangoproject.com,2,100,0
github.com/numpy/numpy/issues/13375,2,100,0
google.co.jp,2,100,20
ntp.msn.cn,2,100,0
pandas.pydata.org,2,0,60
qwant.com,2,0,60
realpython.com,2,0,8
statics.teams.cdn.office.net,2,100,839
typing-extensions.readthedocs.io,2,0,332
udemy.com,2,0,442
azalio.io,1,100,0
blog.naver.com/PostView.naver,1,0,50
canvas.kth.se/courses/50294/pages/pythondokumentation,1,0,85
cnblogs.com,1,0,42
course-wps.zju.edu.cn,1,0,95
cursos.alura.com.br,1,0,63
dev.entrouvert.org,1,100,0
developer.mozilla.org,1,0,42
devguide.python.org/documentation/help-documenting,1,0,126
docs.sentry.io,1,100,0
ecollege.etbonline.ie,1,0,253
es.python.org,1,0,2303
fastapi.tiangolo.com,1,0,0
github.com/python/pymanager,1,100,0
github.com/skirpichev/cpython,1,0,89
google.co.in,1,100,0
google.co.kr,1,0,1023
google.co.th,1,0,1134
google.com.au,1,100,0
google.de,1,100,0
google.fr,1,100,0
google.se,1,100,0
in.search.yahoo.com,1,0,19
infoworld.com/article/3975624/the-best-new-features-and-fixes-in-python-3-14.html,1,100,0
ketangpai.com,1,100,0
lets-code.co.in,1,0,591
link.zhihu.com,1,0,24
m.baidu.com,1,0,3
netology.ru,1,0,1910
networkx.org,1,0,18
phoronix.com,1,100,0
platform.virdocs.com,1,0,17
python.org/downloads/release/python-3133,1,0,131
python.org/downloads/release/python-3140b1,1,100,0
pythoncat.top,1,0,10
reddit.com,1,0,500
robodk.com,1,0,1337
smithlearning.ca,1,0,20
sphinx-doc.org/en/master,1,0,188
substack.com,1,0,186
t.co,1,100,0
talkpython.fm/episodes/show/354/sphinx-myst-and-python-docs-in-2022,1,0,42
translate.google.com,1,0,4
uvirtual2.ucsc.cl,1,100,0
w.ketangpai.com,1,100,0
ya.ru,1,100,0
yandex.by,1,100,0
