name,unique_exits,total_exits,exit_rate
/it/3.13/tutorial/index.html,14,20,
/it/3/tutorial/index.html,13,14,
/3/,8,8,
/it/3.13/search.html,8,8,
/it/3.13/,6,6,
/it/3.13/tutorial/interpreter.html,6,6,
/it/3.13/tutorial/modules.html,4,13,
/it/3.13/index.html,3,3,
/it/3.13/library/stdtypes.html,3,3,
/it/3/tutorial/appetite.html,3,3,
/it/3/tutorial/introduction.html,3,3,
/3.13/download.html,2,2,
/3.13/tutorial/classes.html,2,2,
/3/library/stdtypes.html,2,2,
/3/reference/index.html,2,2,
/3/tutorial/controlflow.html,2,1,
/it/3.13/library/idle.html,2,2,
/it/3.13/library/logging.html,2,2,
/it/3.13/tutorial/datastructures.html,2,2,
/it/3.13/tutorial/inputoutput.html,2,2,
/it/3.13/tutorial/introduction.html,2,2,
/it/3.13/using/windows.html,2,2,
/it/3.13/whatsnew/3.13.html,2,2,
/it/3.15/,2,2,
/it/3/library/functions.html,2,2,
/it/3/tutorial/inputoutput.html,2,2,
/it/3/tutorial/interpreter.html,2,2,
/3.12/library/functions.html,1,1,
/3.12/library/index.html,1,1,
/3.12/tutorial/introduction.html,1,1,
/3.13/,1,1,
/3.13/index.html,1,1,
/3.13/library/intro.html,1,1,
/3.13/using/windows.html,1,1,
/3/faq/windows.html,1,1,
/3/index.html,1,1,
/3/library/functions.html,1,1,
/3/library/xml.etree.elementtree.html,1,0,
/3/reference/lexical_analysis.html,1,1,
/3/tutorial/appetite.html,1,1,
/3/tutorial/index.html,1,1,
/3/tutorial/interpreter.html,1,1,
/3/tutorial/introduction.html,1,1,
/3/whatsnew/index.html,1,1,
/dev/howto/annotations.html,1,1,
/dev/library/statistics.html,1,1,
/es/3.13/library/constants.html,1,1,
/fr/3.13/search.html,1,1,
/fr/3.13/whatsnew/3.13.html,1,1,
/id/3/library/secrets.html,1,1,
/it/3.12/library/glob.html,1,1,
/it/3.12/tutorial/appetite.html,1,0,
/it/3.12/tutorial/index.html,1,1,
/it/3.12/tutorial/interpreter.html,1,1,
/it/3.12/tutorial/introduction.html,1,1,
/it/3.13/faq/programming.html,1,1,
/it/3.13/faq/windows.html,1,1,
/it/3.13/glossary.html,1,1,
/it/3.13/howto/sorting.html,1,1,
/it/3.13/installing/index.html,1,1,
/it/3.13/library/asyncio-task.html,1,1,
/it/3.13/library/filesys.html,1,1,
/it/3.13/library/functions.html,1,1,
/it/3.13/library/index.html,1,1,
/it/3.13/library/numbers.html,1,1,
/it/3.13/library/operator.html,1,1,
/it/3.13/library/os.path.html,1,2,
/it/3.13/library/pathlib.html,1,1,
/it/3.13/library/xml.etree.elementtree.html,1,1,
/it/3.13/tutorial/classes.html,1,1,
/it/3.13/tutorial/stdlib.html,1,1,
/it/3.14/library/functions.html,1,1,
/it/3.14/tutorial/whatnow.html,1,1,
/it/3.15/tutorial/controlflow.html,1,1,
/it/3/c-api/arg.html,1,1,
/it/3/c-api/code.html,1,1,
/it/3/c-api/function.html,1,1,
/it/3/c-api/method.html,1,1,
/it/3/c-api/perfmaps.html,1,1,
/it/3/howto/annotations.html,1,1,
/it/3/howto/argparse.html,1,1,
/it/3/howto/urllib2.html,1,1,
/it/3/index.html,1,1,
/it/3/library/ast.html,1,1,
/it/3/library/code.html,1,1,
/it/3/library/codecs.html,1,1,
/it/3/library/decimal.html,1,1,
/it/3/library/dialog.html,1,1,
/it/3/library/difflib.html,1,1,
/it/3/library/doctest.html,1,1,
/it/3/library/filecmp.html,1,1,
/it/3/library/modulefinder.html,1,1,
/it/3/library/pickle.html,1,1,
/it/3/library/pickletools.html,1,1,
/it/3/library/pkgutil.html,1,1,
/it/3/library/removed.html,1,1,
/it/3/library/socket.html,1,1,
/it/3/library/test.html,1,1,
/it/3/library/text.html,1,1,
/it/3/library/urllib.parse.html,1,1,
