name,visitors
Beijing,309
Guangzhou,302
Singapore,275
Shanghai,265
Hong Kong,190
Tokyo,141
Hangzhou,136
Shenzhen,132
Chengdu,115
Los Angeles,114
Nanjing,71
Wuhan,68
Xi’an,56
Changsha,42
Taipei,41
Zhengzhou,40
Chongqing,39
N/A,38
Tianjin,36
Suzhou,33
San Jose,31
Hefei,28
Fuzhou,27
Qingdao,26
Wuxi,25
Jinan,25
Seattle,25
Dongguan,21
N/A,20
N/A,20
Kunming,19
Xiamen,17
Nanchang,17
Taichung,16
Guiyang,16
Tsuen Wan,16
Osaka,16
Changzhou,15
Shenyang,15
Sanming,14
Ningbo,14
Dalian,13
Sydney,13
Quanzhou,12
Kuala Lumpur,10
Shijiazhuang,10
Baoding,10
Harbin,10
Taiyuan,9
Jining,9
Foshan,9
Wan Chai,9
Santa Clara,9
Jiaxing,8
Ganzhou,8
Changchun,8
Toronto,8
Shengpu,8
Dubai,7
Bangkok,7
Chang-hua,7
Xinxiang,7
Xiangtan,7
Wuhu,7
Wenzhou,7
Nanyang,7
Nanning,6
Haimen,6
Macau,6
N/A,6
London,6
Inzai,6
Tainan,5
Kaohsiung,5
N/A,5
Shaoxing,5
Jinjiang,5
Shaoyang,5
Yūki,5
Paris,5
Ashburn,5
Fremont,5
Denver,5
Central,5
Hsinchu,4
Bukit Mertajam,4
N/A,4
Zunyi,4
Zibo,4
Zhuhai,4
Pingdingshan,4
Linyi,4
Lanzhou,4
Lanxi,4
Incheon,4
Chuncheon,4
Hohhot,4
Perth,4
Melbourne,4
Rio de Janeiro,4
Atlanta,4
Houston,4
Chicago,4
Phoenix,4
N/A,4
Taoyuan,3
Xiangyang,3
Weifang,3
Nantong,3
Mianyang,3
Langfang,3
Huizhou,3
Huaihua,3
Hengshui,3
Handan,3
Haidian,3
Fuzhou,3
Bengbu,3
N/A,3
N/A,3
N/A,3
Seoul,3
Narita,3
Glen Iris,3
Göteborg,3
Dreieich,3
East Los Angeles,3
Mountain View,3
Hillsboro,3
Surrey,3
Chaowai,3
Taizhou,3
Helsinki,2
Warsaw,2
Mumbai,2
Hanoi,2
Vientiane,2
N/A,2
Sepang,2
Petaling Jaya,2
Zhenjiang,2
Kunshan,2
Yichang,2
Xinyu,2
Xingtai,2
Weihai,2
Tongling,2
Qinhuangdao,2
Putian,2
Linfen,2
Liaocheng,2
Lianyun,2
Kaifeng,2
Jiexiu,2
Fuyang,2
Deyang,2
N/A,2
Tuen Mun,2
N/A,2
N/A,2
Utsunomiya,2
Urayasu,2
Nagoya,2
Kyoto,2
Kagoshima,2
Himeji,2
Sapporo,2
Newcastle,2
Sheffield,2
Harrow,2
Cardiff,2
Trier,2
Munich,2
N/A,2
Hamburg,2
Düsseldorf,2
Villepinte,2
Orly,2
Houilles,2
Évry,2
Verona,2
Tampa,2
Durham,2
Middletown,2
Cedar Park,2
Dallas,2
Katy,2
Manassas,2
Ann Arbor,2
Piscataway,2
The Bronx,2
New York City,2
Tucson,2
El Segundo,2
Irvine,2
Palo Alto,2
San Francisco,2
Las Vegas,2
Boardman,2
Burnaby,2
Calgary,2
Markham,2
Richmond Hill,2
Taoyuan City,2
N/A,2
Subang Jaya,2
Huanggang,2
N/A,2
N/A,2
N/A,2
N/A,2
Cairo,1
Vantaa,1
Espoo,1
Istanbul,1
Surat,1
New Delhi,1
Hyderabad,1
Bishkek,1
Ürümqi,1
Ho Chi Minh City,1
Douliu,1
N/A,1
N/A,1
Yilan,1
Jiayi Shi,1
San Juan,1
N/A,1
Batu Pahat,1
Johor Bahru,1
Malacca,1
George Town,1
Shangqiu,1
Zhoukou,1
Yangzhou,1
Xuchang,1
Xianyang,1
Dongyang,1
Suzhou,1
Tongchuanshi,1
Puyang Chengguanzhen,1
Luoyang,1
Luocheng,1
Lu’an,1
Loudi,1
Lin’an,1
Jinhua,1
Ningde,1
Jiangmen,1
Cixi,1
Helixi,1
Haikou,1
Guiping,1
N/A,1
Dongying,1
Dali,1
Cangzhou,1
N/A,1
N/A,1
N/A,1
Sham Shui Po,1
N/A,1
N/A,1
N/A,1
N/A,1
Nishi-Tokyo-shi,1
Suita,1
N/A,1
Musashino,1
Machida,1
Kōfu,1
Kobe,1
Kawasaki,1
Kawaguchi,1
Kawagoe,1
Kainan,1
N/A,1
Anshan,1
Adelaide,1
Port Moresby,1
Melton,1
Dakar,1
Valencia,1
Gilena,1
York,1
Woking,1
Wandsworth,1
Southampton,1
Slough,1
Manchester,1
Livingston,1
Liverpool,1
Ealing,1
Sollentuna,1
Rotselaar,1
Liège,1
Stuttgart,1
Oberursel,1
Kierspe,1
Hannover,1
