name,version,visitors
Windows,10,3660
Mac,10.15,717
Android,15,184
Android,10,150
GNU/Linux,(not set),102
iOS,18.5,101
Android,12,82
Android,14,68
Windows,7,53
Android,11,39
Android,13,37
Android,5.0,25
HarmonyOS,(not set),24
Ubuntu,(not set),22
iOS,18.4,22
iOS,18.3,17
Android,6.0,12
Android,9,11
(not set),(not set),7
iOS,17.4,6
Windows,Server 2003,6
iOS,17.6,5
iOS,18.1,5
HarmonyOS,3.0,5
iOS,4.3,5
Windows,8.1,5
iOS,16.6,4
iOS,16.7,4
iOS,17.2,4
iOS,17.7,4
iOS,18.0,4
iOS,18.2,4
iOS,15.5,3
iOS,15.7,3
iOS,16.3,3
Android,7.1,3
Mac,(not set),2
iOS,14.4,2
iOS,14.6,2
Chrome OS,14541.0,2
iOS,15.0,2
iOS,15.4,2
iOS,15.8,2
iOS,16.0,2
iOS,16.1,2
iOS,16.4,2
iPadOS,17.7,2
HarmonyOS,2.2,2
Windows,8,2
Android,8.1,2
Windows,(not set),1
Mac,10.11,1
Mac,10.12,1
Mac,10.14,1
iPadOS,13.2,1
iOS,14.3,1
Mac,14.6,1
iPadOS,15.6,1
iOS,16.2,1
iOS,16.5,1
iOS,17.1,1
iPadOS,17.1,1
iOS,17.5,1
iPadOS,17.6,1
Windows,XP,1
