name,visitors
Mazovia,62
Lesser Poland,29
Silesia,24
Lower Silesia,11
Greater Poland,10
Pomerania,8
Łódź,5
West Pomerania,5
Kuyavia-Pomerania,4
Subcarpathia,4
Dnipropetrovshchyna,4
Guangdong,3
Lublin,3
Opole,3
Podlachia,3
Holy Cross,3
Federal District,2
Baden-Württemberg,2
Warmia-Masuria,2
Saint Petersburg,2
Minas Gerais,1
Fujian,1
Berlin,1
North Rhine-Westphalia,1
Distrito Nacional,1
Tamil Nadu,1
Telangāna,1
Rabat-Salé-Zemmour-Zaer,1
South Holland,1
Oslo,1
Nordland,1
Bashkortostan,1
Moscow,1
Murmansk,1
Kharkivshchyna,1
Louisiana,1
