name,visitors,bounce_rate,visit_duration
Google,102405,82,104
Direct / None,54518,69,169
Bing,8896,78,103
python.org,7021,57,140
DuckDuckGo,4610,78,130
Yandex,4347,84,61
Brave,1831,83,80
chatgpt.com,1708,72,128
boot.dev,915,76,217
GitHub,861,81,81
Reddit,728,82,89
cs50.harvard.edu,725,67,273
Ecosia,591,80,105
udemy.com,579,86,73
Baidu,529,74,58
pandas.pydata.org,475,90,57
Yahoo!,386,82,76
matplotlib.org,315,92,25
Microsoft Teams,272,89,33
realpython.com,261,75,153
code.visualstudio.com,239,81,74
pip.pypa.io,238,73,113
discuss.python.org,234,84,95
Qwant,213,69,288
wiki.python.org,191,64,188
netacad.com,187,89,37
roadmap.sh,182,78,164
docs.pydantic.dev,147,87,74
pytest-mock.readthedocs.io,147,63,205
qiita.com,142,82,62
es.python.org,140,49,190
codecademy.com,138,89,40
numpy.org,138,73,144
packaging.python.org,120,78,97
note.nkmk.me,117,90,117
Youtube,116,88,29
peps.python.org,114,76,115
pytorch.org,112,91,19
scikit-learn.org,105,77,70
learn.microsoft.com,104,84,48
StackOverflow,98,78,154
link.zhihu.com,96,64,119
Amazon,90,88,55
pypi.org,88,84,66
intranet.hbtn.io,84,65,166
fastapi.tiangolo.com,83,88,71
docs.pytest.org,77,86,87
python.p2hp.com,75,51,122
airflow.apache.org,72,92,6
networkx.org,69,84,20
link.csdn.net,67,79,83
flask.palletsprojects.com,66,87,124
Perplexity,65,70,135
pygame.org,62,86,61
medium.com,57,82,23
sphinx-doc.org,57,61,121
langchain-ai.github.io,56,90,13
notebooks.githubusercontent.com,56,66,147
kivy.org,53,72,34
openclassrooms.com,52,79,170
edube.org,50,79,43
habr.com,48,88,75
doubao.com,47,65,101
odoo.com,46,94,41
cursos.alura.com.br,45,82,47
liaoxuefeng.com,44,88,30
digitalocean.com,43,80,96
360.cn,41,76,11
copilot.microsoft.com,41,60,105
Wikipedia,38,69,177
docs.astral.sh,38,92,50
elearn.informatik.uni-kiel.de,38,66,177
freecodecamp.org,38,95,39
google.github.io,38,89,34
discordpy.readthedocs.io,35,87,91
docs.pytorch.org,35,95,35
hackerrank.com,35,89,55
mne.tools,35,90,57
byui-cse.github.io,34,74,177
codedex.io,34,89,22
docs.ansible.com,34,89,58
leetcode.com,33,85,153
qna.habr.com,33,85,23
robotframework.org,33,91,38
Facebook,32,91,48
intranet.alxswe.com,31,63,172
superfastpython.com,31,72,283
app.aluracursos.com,30,84,150
skillbox.ru,29,62,122
yuanbao.tencent.com,29,61,190
home-assistant.io,28,86,50
jhub.physnet.uni-hamburg.de,28,84,30
s3.eu-west-1.amazonaws.com,28,52,142
kalasalingam.codetantra.com,27,100,0
py.mit.edu,27,63,160
python.it,26,74,35
sky.pro,25,85,3
docs.xarray.dev,24,83,107
upgrad.com,24,82,140
python.jp,23,72,55
developer.mozilla.org,22,77,52
elearning.unideb.hu,22,96,2
mypy.readthedocs.io,22,72,110
pillow.readthedocs.io,22,95,4
ru.hexlet.io,22,81,132
Shenma,21,81,2
datacamp.com,21,90,43
confluence.ecmwf.int,20,92,105
courses.campus.gov.il,20,80,24
hiladental.co.il,20,54,945
jinja.palletsprojects.com,20,86,102
mastergroosha.github.io,20,92,60
python-forum.io,20,86,43
LinkedIn,19,74,45
blog.csdn.net,19,65,335
courses.edx.org,19,71,70
docs.circuitpython.org,19,86,11
huggingface.co,19,95,1
learn.zybooks.com,19,70,94
statics.gov.teams.microsoft.us,19,87,117
websockets.readthedocs.io,19,80,107
Gmail,18,95,79
docs.scrapy.org,18,89,4
docs.sqlalchemy.org,18,81,79
notion.so,18,61,148
werkzeug.palletsprojects.com,18,74,71
127.0.0.1,17,81,167
chat.qwen.ai,17,71,24
cnblogs.com,17,88,308
lms.skillfactory.ru,17,74,23
pytorch-geometric.readthedocs.io,17,100,0
utokyo-ipp.github.io,17,71,501
docs.python-telegram-bot.org,16,100,0
gstatic.com,16,79,104
learn.pct.edu,16,29,2673
learnpython.org,16,82,85
loguru.readthedocs.io,16,78,105
microsoft.github.io,16,84,16
docs.vllm.ai,15,87,62
elearn.epam.com,15,86,25
lightning.ai,15,100,0
pro.arcgis.com,15,82,134
pylint.readthedocs.io,15,93,3
pymupdf.readthedocs.io,15,76,57
theforage.com,15,85,29
app.dataquest.io,14,71,9
claude.ai,14,71,84
clig.dev,14,56,1223
discuss.streamlit.io,14,100,0
login.microsoftonline.com,14,79,56
open.uom.lk,14,93,10
optuna.readthedocs.io,14,100,0
steam.oxxostudio.tw,14,71,126
virtualenv.pypa.io,14,86,12
w3schools.com,14,87,34
Quora,13,77,161
amuletmc.com,13,77,85
codecademy-enterprise.percipio.com,13,100,0
django-rest-framework.org,13,87,159
docs.ray.io,13,87,8
netology.ru,13,85,13
northeastern.instructure.com,13,73,147
runoob.com,13,38,229
urllib3.readthedocs.io,13,93,242
Lilo,12,85,13
bitbucket.org,12,92,0
courses.cs.cornell.edu,12,83,94
docs.aiogram.dev,12,75,15
docs.pola.rs,12,100,0
docs.python-guide.org,12,83,52
docs.telethon.dev,12,69,308
learn.nvidia.com,12,67,332
psycopg.org,12,92,3
pyserial.readthedocs.io,12,83,54
python-can.readthedocs.io,12,86,111
pythonmorsels.com,12,77,148
scikit-image.org,12,92,35
statsmodels.org,12,100,0
strftime.org,12,83,79
assignments.onenote.com,11,45,79
byhy.net,11,73,3
docs.marimo.io,11,71,25
ellibrodepython.com,11,91,199
epochconverter.com,11,75,40
l.workplace.com,11,92,24
m.datacamp.com,11,79,369
moodle.jku.at,11,92,60
plotly.com,11,82,6
pythoncheatsheet.org,11,55,47
scanpy.readthedocs.io,11,100,0
sxgxy.alphacoding.cn,11,73,26
techradar.com,11,70,56
tongyi.com,11,36,46
typing.python.org,11,75,345
betterstack.com,10,73,577
docs.ros.org,10,80,3
ege-infa.tilda.ws,10,90,4
esri.com,10,80,4
forums.raspberrypi.com,10,73,81
geeksforgeeks.org,10,90,12
learn.rrc.ca,10,47,1393
learning.ccbp.in,10,73,224
nhairs.github.io,10,91,158
structlog.org,10,90,14
tcsglobal.udemy.com,10,82,38
uvicorn.org,10,83,182
vjit.codetantra.com,10,82,119
web.dio.me,10,90,14
wikidocs.net,10,80,2
Coccoc,9,67,11
Exinfluencer,9,91,47
arrow.apache.org,9,90,160
cantera.org,9,100,0
code-basics.com,9,100,0
cryptography.io,9,89,89
dev.azure.com,9,91,1
ecursos.claseejecutiva.cl,9,100,0
endler.dev,9,89,1
eportal.pwr.edu.pl,9,82,80
ilearn.mq.edu.au,9,67,185
inf.fu-berlin.de,9,44,591
jiffyclub.github.io,9,70,159
openseespydoc.readthedocs.io,9,89,14
py4e.com,9,100,0
quark.cn,9,89,99
quiz2025.csse.canterbury.ac.nz,9,80,132
reflex.dev,9,56,152
trentu.blackboard.com,9,89,75
ttkbootstrap.readthedocs.io,9,78,62
ai.pydantic.dev,8,75,103
aulavirtual.uaa.mx,8,18,559
bbgithub.dev.bloomberg.com,8,75,24
cdn.evg.gov.br,8,70,45
codemao.yuque.com,8,86,188
codernav.com,8,33,195
doc.weixin.qq.com,8,88,115
docs.aiohttp.org,8,88,4
enki,8,89,9
event.on24.com,8,90,9
hub-04.stackfuel.com,8,85,5
jcristharif.com,8,88,6
jupyter.org,8,62,201
learn.lewagon.com,8,75,184
learn.srmonline.in,8,50,39
magicstack.github.io,8,50,290
mcs.utm.utoronto.ca,8,89,1
moodle-campusvirtualmexico.s3.amazonaws.com,8,38,19
namu.wiki,8,78,55
oi-wiki.org,8,75,155
overleaf.com,8,88,3
pre-commit.com,8,100,0
presearch.com,8,88,47
pydicom.github.io,8,89,12
pyinstaller.org,8,88,32
pythonbuch.com,8,58,212
pythontutor.ru,8,92,105
safe.menlosecurity.com,8,88,0
startpage.com,8,100,0
trilhaaprendizagem.uniasselvi.com.br,8,78,219
4700.network,7,88,373
anyio.readthedocs.io,7,71,84
cheatsheetseries.owasp.org,7,88,13
codeit.kr,7,100,0
codeup.kr,7,57,11
curriculum.wethinkco.de,7,70,308
datainpoint.com,7,75,250
dnmtechs.com,7,100,0
doc.qt.io,7,75,0
docs.celeryq.dev,7,100,275
docs.frappe.io,7,86,48
docs.gunicorn.org,7,86,6
elasticsearch-py.readthedocs.io,7,86,1
enghub.gs.com,7,88,79
hepia.infolibre.ch,7,88,120
joinquant.com,7,88,0
jupyterhub.uni-muenster.de,7,100,0
jupyterlabnext-3-labs-prod-jupyterlab-us-east-0.labs.cognitiveclass.ai,7,88,197
kiet.codetantra.com,7,100,0
kkb-production.jupyter-proxy.kaggle.net,7,100,0
kongu.codetantra.com,7,100,0
learn.scu.edu.au,7,100,0
m365.cloud.microsoft,7,71,168
ncce.io,7,57,312
paiza.jp,7,57,247
sagemaker.readthedocs.io,7,100,0
selenium-python.readthedocs.io,7,86,9
textual.textualize.io,7,88,82
www-python-org.translate.goog,7,86,11
yuque.com,7,80,12
Telegram,6,80,5
a.yandex-team.ru,6,75,172
ai.google.dev,6,100,0
ava2.ead.ufscar.br,6,29,204
bitcamp.ge,6,50,478
blackboard.gwu.edu,6,88,7
blog.edward-li.com,6,67,111
cgp-oex.wgu.edu,6,75,134
chat.baidu.com,6,33,71
chokkan.github.io,6,83,18
cognizant.udemy.com,6,100,0
