name,visitors,bounce_rate,visit_duration
chatgpt.com,108,74,122
perplexity,10,70,81
Exinfluencer,9,91,47
codernav.com,8,33,195
enki,8,89,9
devopscube.com,6,50,9
dataleadsfuture.com,3,67,306
nicholashairs.com,3,100,0
post_page-----0a673265cf04---------------------------------------,3,67,638
blog.teclado.com,2,100,0
chaosgenius.io,2,100,0
substack,2,100,0
codeur-com-blog,1,100,0
garthhumphreys.com,1,100,0
guptaakashdeep.com,1,100,0
hs_email,1,100,0
mostlypython.com,1,100,0
pocket_mylist,1,100,0
pocket_shared,1,100,0
post_page-----813477a4e88d---------------------------------------,1,100,0
trap.jp,1,100,0
xieboke.net,1,0,22
