name,visitors,bounce_rate,visit_duration
Google,1310,80,163
Direct / None,478,67,190
Bing,34,70,51
Baidu,25,71,76
chatgpt.com,25,68,55
steam.oxxostudio.tw,21,67,121
python.org,11,0,272
Yahoo!,8,57,26
ithelp.ithome.com.tw,5,83,2
GitHub,2,100,502
Microsoft Teams,2,100,0
mypy.readthedocs.io,2,0,2950
vocus.cc,2,50,73
Twitter,1,0,52
blog.eporttw.com,1,0,112
ckmoodle.ck.tp.edu.tw,1,0,1081
docs.aiohttp.org,1,0,0
hackmd.io,1,100,0
im.fju.edu.tw,1,100,0
link.csdn.net,1,0,12
officeguide.cc,1,0,1465
pandas.pydata.org,1,0,297
s172-29-109-170p8888.lab-aws-production.deeplearning.ai,1,0,461
tensorflow.org,1,0,923
tgenie.tsmc.com,1,0,243
udemy.com,1,0,8
zhung.com.tw,1,0,0
