name,visitors,pageviews,bounce_rate,time_on_page
/pt-br/3.13/tutorial/index.html,145,188,43,77.61206896551724
/pt-br/3.13/library/venv.html,126,135,83,251.0
/pt-br/3/,126,155,43,32.53488372093023
/pt-br/3.13/library/index.html,91,115,54,134.82258064516128
/pt-br/3.13/,88,108,54,80.88888888888889
/pt-br/3/tutorial/index.html,71,101,56,146.17460317460316
/pt-br/3.13/tutorial/introduction.html,65,92,76,156.68965517241378
/pt-br/3.13/library/math.html,64,89,78,209.45454545454547
/pt-br/3.13/library/random.html,62,78,82,309.55
/pt-br/3.13/tutorial/classes.html,62,72,78,376.1666666666667
/pt-br/3.13/tutorial/datastructures.html,59,69,77,403.3888888888889
/pt-br/3.13/search.html,58,134,25,73.69491525423729
/pt-br/3.13/tutorial/interpreter.html,57,71,83,240.96875
/pt-br/3.13/library/functions.html,55,58,81,185.0
/pt-br/3/library/stdtypes.html,55,65,82,283.9166666666667
/pt-br/3.13/library/tkinter.html,48,57,55,310.125
/pt-br/dev/library/venv.html,45,49,90,819.6666666666666
/pt-br/3.13/tutorial/appetite.html,42,48,50,95.24137931034483
/pt-br/3.13/library/string.html,37,38,85,153.72727272727272
/pt-br/3.13/faq/windows.html,34,36,85,356.3333333333333
/pt-br/3.13/tutorial/controlflow.html,33,51,80,404.85
/pt-br/3/library/index.html,33,38,69,25.476190476190474
/pt-br/3/library/datetime.html,32,36,88,269.5
/pt-br/3/tutorial/controlflow.html,32,54,80,827.6153846153846
/pt-br/3.13/tutorial/inputoutput.html,31,32,81,120.1
/pt-br/3.13/library/stdtypes.html,30,36,67,251.9375
/pt-br/3.13/tutorial/errors.html,29,31,76,125.0
/pt-br/3.13/using/windows.html,28,30,84,639.25
/pt-br/3/search.html,28,78,80,92.11764705882354
/pt-br/3/tutorial/datastructures.html,28,35,73,505.5
/pt-br/3/tutorial/introduction.html,26,38,70,285.94444444444446
/pt-br/3/tutorial/interpreter.html,25,32,86,254.1764705882353
/pt-br/3.13/library/os.html,24,26,71,164.7
/pt-br/3.13/library/csv.html,23,24,84,185.8
/pt-br/3.13/tutorial/modules.html,23,27,42,117.53333333333333
/pt-br/dev/tutorial/datastructures.html,22,23,90,128.5
/pt-br/3.13/tutorial/venv.html,21,21,83,240.4
/pt-br/3.13/library/re.html,20,21,73,458.0
/pt-br/3.13/library/turtle.html,20,25,74,1.0e3
/pt-br/3/library/functions.html,20,28,81,213.0
/pt-br/3.13/library/json.html,19,21,73,615.25
/pt-br/3/tutorial/classes.html,19,19,87,273.0
/pt-br/3.13/howto/logging.html,18,22,69,337.625
/pt-br/3.13/library/tk.html,18,22,33,41.5
/pt-br/3/tutorial/,18,21,69,19.666666666666668
/pt-br/3/tutorial/appetite.html,18,22,0,87.875
/pt-br/3.13/index.html,17,22,25,60.0
/pt-br/3/library/math.html,17,29,77,1393.0
/pt-br/3/library/venv.html,17,19,94,
/pt-br/3.13/contents.html,15,18,25,112.78571428571429
/pt-br/3.13/library/__main__.html,15,16,79,607.6
/pt-br/3.13/library/statistics.html,15,16,100,10.0
/pt-br/3/library/random.html,15,20,78,624.1666666666666
/pt-br/3.13/download.html,14,15,100,416.14285714285717
/pt-br/3.13/whatsnew/3.13.html,14,15,100,42.36363636363637
/pt-br/3/whatsnew/3.13.html,14,15,88,27.5
/pt-br/3.13/library/exceptions.html,13,15,100,79.66666666666667
/pt-br/3.13/reference/index.html,13,17,100,140.73333333333332
/pt-br/3/using/cmdline.html,13,13,91,84.5
/pt-br/3.13/glossary.html,12,13,100,293.3333333333333
/pt-br/3/glossary.html,12,14,83,38.75
/pt-br/dev/reference/import.html,12,12,90,1.0
/pt-br/3.13/py-modindex.html,11,11,100,14.333333333333334
/pt-br/3.13/library/copy.html,10,11,75,88.0
/pt-br/3.13/library/decimal.html,10,12,75,441.8333333333333
/pt-br/3.13/library/os.path.html,10,10,80,190.33333333333334
/pt-br/3.13/library/time.html,10,10,83,15.5
/pt-br/3.13/reference/expressions.html,10,13,67,612.5
/pt-br/3.13/tutorial/,10,11,67,394.4
/pt-br/3.13/installing/index.html,9,9,100,103.66666666666667
/pt-br/3.13/library/operator.html,9,12,80,160.6
/pt-br/3/py-modindex.html,9,9,67,212.0
/pt-br/dev/howto/logging.html,9,9,78,39.5
/pt-br/dev/howto/regex.html,9,9,89,366.0
/pt-br/dev/howto/sorting.html,9,9,75,160.0
/pt-br/dev/library/tkinter.html,9,11,88,890.0
/pt-br/3.13/library/array.html,8,9,100,27.0
/pt-br/3.13/library/warnings.html,8,8,100,71.0
/pt-br/3.13/reference/compound_stmts.html,8,11,100,192.71428571428572
/pt-br/3.13/reference/datamodel.html,8,11,75,414.5
/pt-br/3.13/using/mac.html,8,9,60,155.5
/pt-br/3/library/dataclasses.html,8,8,75,78.0
/pt-br/3/tutorial/errors.html,8,9,86,14.0
/pt-br/3/tutorial/modules.html,8,8,67,25.166666666666668
/pt-br/3.12/,7,9,100,29.714285714285715
/pt-br/3.13/library/constants.html,7,8,0,16.166666666666668
/pt-br/3.13/library/numeric.html,7,12,0,59.22222222222222
/pt-br/3.13/library/pathlib.html,7,7,50,972.0
/pt-br/3.13/library/pickle.html,7,7,100,311.0
/pt-br/3.13/library/pydoc.html,7,7,100,3.0
/pt-br/3.13/library/sys.html,7,8,75,465.3333333333333
/pt-br/3.13/library/zipfile.html,7,8,100,24.5
/pt-br/3.13/tutorial/stdlib.html,7,7,0,91.5
/pt-br/3/library/unittest.html,7,8,100,
/pt-br/3/reference/datamodel.html,7,7,100,1161.0
/pt-br/3/reference/index.html,7,14,50,17.88888888888889
/pt-br/dev/using/windows.html,7,7,100,
/pt-br/3.13/library/asyncio-task.html,6,7,33,22.0
/pt-br/3.13/library/bisect.html,6,7,100,2.0
/pt-br/3.13/library/datetime.html,6,7,0,356.25
