name,visitors
Tokyo,1749
Guangdong,416
California,408
Seoul,402
Maharashtra,395
Île-de-France,354
Osaka,336
Tamil Nadu,312
Kanagawa,297
Taipei,294
England,283
São Paulo,281
Karnataka,266
Telangāna,239
Beijing,214
Shanghai,212
Gyeonggi,187
Zhejiang,181
Ciudad de Mexico,181
Madrid Autonomous Community,177
Delhi,172
Texas,171
Shandong,165
Buenos Aires Province,164
Capital District,164
Jiangsu,163
Lima,155
Sichuan,152
Santiago Metropolitan,140
Aichi,140
New Taipei,134
Uttar Pradesh,125
New York,124
Henan,121
Gujarat,117
Ontario,114
Chiba,108
Hubei,105
Florida,101
West Bengal,99
Kyiv,97
Punjab,96
Hebei,95
Hesse,94
Mexico State,94
Virginia,92
New South Wales,91
Catalonia,90
Nairobi County,90
Minas Gerais,87
North Holland,87
Auvergne-Rhône-Alpes,86
Taichung,86
Illinois,86
Washington,86
Georgia,82
Jakarta,80
Andhra Pradesh,80
Kerala,78
Saitama,77
Shaanxi,74
Bavaria,74
Lagos,72
Ho Chi Minh City,72
Lombardy,70
Moscow,70
Metro Manila,69
Istanbul,69
Hunan,68
Anhui,67
Hanoi,67
Haryana,66
Tashkent,66
Rio de Janeiro,65
Cairo,65
Incheon,64
Mazovia,64
Kaohsiung,64
Taoyuan,64
Bihar,63
Maryland,63
Bangkok,62
Federal District,61
Provence-Alpes-Côte-d'Azur,61
New Jersey,61
Jalisco,60
Fujian,58
North Rhine-Westphalia,57
Andalusia,57
Massachusetts,57
Fukuoka,56
Madhya Pradesh,55
Gauteng,55
Occitanie,54
Tianjin,51
Hyogo,51
Rajasthan,50
Ibaraki,50
Kuala Lumpur,50
Jiangxi,49
North Carolina,49
Arizona,48
Antioquia,47
Hsinchu County,47
San José,46
Guatemala,45
Saint Petersburg,45
Oregon,45
Liaoning,44
Hauts-de-France,44
Kyoto,44
Michigan,44
Baden-Württemberg,43
Lazio,43
Pernambuco,42
Rio Grande do Sul,42
Puebla,42
Pennsylvania,42
Bahia,41
Quebec,41
Guizhou,41
Victoria,39
Hokkaido,39
Nuevo León,39
Dnipropetrovshchyna,39
Córdoba,38
Indiana,38
Paraná,37
Distrito Nacional,37
Calabarzon,36
Pichincha,35
Greater Accra,35
West Java,35
Western,35
Federal Capital Territory,35
Colorado,35
Missouri,34
Leinster,33
Daejeon,33
Province 3,33
Lvivshchyna,33
Nouvelle-Aquitaine,32
Panamá,32
Hsinchu,32
Ohio,32
Dhaka Division,31
Ceará,31
Goiás,31
Zürich,31
Chongqing,31
Valencian Community,31
Hormozgan,31
Meknès-Tafilalet,31
Selangor,31
Sindh,31
Dubai,30
Punjab,30
Guanajuato,30
Islamabad,30
Stockholm,30
Flanders,29
Santa Catarina,29
Abidjan,29
Guangxi,29
Shanxi,29
South Holland,29
Western Cape,29
Vienna,28
Berlin,28
Odisha,28
Hiroshima,28
Daegu,28
Lesser Poland,28
Rio Grande do Norte,27
British Columbia,27
Chandigarh,27
Busan,27
San Salvador,27
Utah,27
Capital,27
Alberta,26
Brittany,26
Tainan,26
Central,26
Buenos Aires,25
Grand-Est,25
Veneto,25
Lima Region,25
Tunis,25
Ankara,25
Minnesota,25
Basque Country,24
Addis Ababa,24
North Chungcheong,24
Veracruz,24
Lisbon,24
Santander,23
Galicia,23
Budapest,23
Shizuoka,23
Queensland,22
Guayas,22
Campania,22
Tamaulipas,22
Arequipa,22
Kyivshchyna,22
Iowa,22
Wisconsin,22
Cochabamba,21
Minsk,21
Jilin,21
Atlántico,21
Prague,21
Lower Saxony,21
Jharkhand,21
Miyagi,21
Pomerania,21
Asunción,21
Tennessee,21
Baku,20
Pará,20
Valle del Cauca,20
Saxony,20
Kwai Tsing New Territories,20
Nagano,20
Miyazaki,20
Quintana Roo,20
Odeshchyna,20
Brussels,19
Amazonas,19
Tel Aviv,19
Chhattīsgarh,19
Emilia-Romagna,19
Niigata,19
Yamaguchi,19
Almaty City,19
Lower Silesia,19
Krasnodar Krai,19
Sverdlovsk,19
Makkah,19
Dakar,19
La Paz,18
Santa Cruz,18
Bío Bío,18
Centre,18
Uusimaa,18
Scotland,18
East Java,18
Bucharest,18
Chelyabinsk,18
Kharkivshchyna,18
Lusaka,18
Heilongjiang,17
Okayama,17
Phnom Penh,17
South Gyeongsang,17
Chiapas,17
Novosibirsk,17
Prykarpattia,17
Washington DC,17
Louisiana,17
South Carolina,17
Montevideo,17
Espírito Santo,16
Brazzaville,16
Gansu,16
Alexandria,16
Central Java,16
Tochigi,16
Gwangju City,16
Managua,16
Moscow Province,16
Rostov,16
Riyadh,16
Kentucky,16
Nevada,16
Santa Fe,15
Maranhão,15
Havana,15
Attica,15
Kowloon City Kowloon,15
Assam,15
Uttarākhand,15
Amman,15
Ishikawa,15
South Chungcheong,15
Oslo,15
Auckland,15
Silesia,15
Greater Poland,15
Vinnychchyna,15
Arkansas,15
Connecticut,15
Tucumán,14
Valparaíso,14
Schleswig-Holstein,14
Castile-La Mancha,14
Pays-de-la-Loire,14
North Sumatra,14
Sicily,14
