name,visitors,pageviews,bounce_rate,time_on_page,scroll_depth
/ja/3.13/c-api/capsule.html,1184,1275,74,4,34
/ja/3/library/codecs.html,460,547,84,4,8
/ja/3/,255,322,52,15,77
/ja/3.13/library/functions.html,205,213,81,209,48
/ja/3.13/tutorial/,205,358,47,45,55
/ja/3.13/library/stdtypes.html,174,171,71,74,31
/ja/3.13/library/index.html,173,213,66,44,51
/ja/3/library/functions.html,170,173,77,53,47
/ja/3/library/index.html,166,249,49,32,49
/ja/3/tutorial/,162,233,55,26,56
/ja/3.13/library/datetime.html,153,178,77,30,34
/ja/3/tutorial/index.html,149,227,58,83,59
/ja/3.13/library/re.html,145,149,91,93,39
/ja/3/library/stdtypes.html,138,180,70,102,36
/ja/3.13/tutorial/interpreter.html,137,173,69,74,72
/ja/3/tutorial/interpreter.html,112,125,56,76,78
/ja/3.13/library/subprocess.html,106,105,93,68,26
/ja/3.13/library/logging.html,102,116,81,38,38
/ja/3.13/tutorial/appetite.html,99,94,50,62,80
/ja/3.13/tutorial/controlflow.html,99,131,66,336,51
/ja/3/tutorial/controlflow.html,99,137,69,183,53
/ja/3.13/library/random.html,96,101,87,32,31
/ja/3/tutorial/introduction.html,96,97,78,149,58
/ja/3.13/library/pathlib.html,94,95,85,35,33
/ja/3/tutorial/datastructures.html,93,106,76,115,54
/ja/3.13/library/csv.html,90,95,92,36,40
/ja/3.13/tutorial/introduction.html,86,124,71,278,55
/ja/3/tutorial/appetite.html,85,76,39,104,87
/ja/3.13/tutorial/index.html,83,129,56,40,61
/ja/3.13/search.html,80,122,44,20,57
/ja/3/search.html,77,117,28,27,49
/ja/3.13/library/json.html,75,73,87,46,28
/ja/3.13/tutorial/inputoutput.html,75,73,71,69,60
/ja/3.13/tutorial/errors.html,74,71,77,45,46
/ja/3.13/,69,88,44,17,81
/ja/3.13/library/os.html,68,68,70,106,41
/ja/3.13/library/typing.html,67,66,83,28,18
/ja/3.13/library/exceptions.html,66,69,85,31,48
/ja/3.13/tutorial/classes.html,65,58,94,150,54
/ja/3.13/library/os.path.html,62,66,90,23,52
/ja/3.13/library/argparse.html,61,60,76,55,37
/ja/3/library/os.html,54,56,78,28,38
/ja/3.13/whatsnew/index.html,53,101,73,19,17
/ja/3.13/reference/index.html,52,73,36,22,60
/ja/3/library/xml.etree.elementtree.html,51,53,87,62,30
/ja/3/library/datetime.html,50,52,92,51,60
/ja/3.13/library/enum.html,49,53,91,49,25
/ja/3.13/library/tempfile.html,49,54,70,46,52
/ja/3.13/tutorial/datastructures.html,49,44,62,199,49
/ja/3/index.html,49,65,42,45,71
/ja/3.13/extending/extending.html,48,36,59,5,90
/ja/3.13/library/time.html,47,47,88,70,38
/ja/3.13/reference/datamodel.html,47,49,58,59,49
/ja/3.13/library/math.html,46,65,69,67,45
/ja/3.13/library/multiprocessing.html,46,46,76,299,36
/ja/3.13/library/sqlite3.html,45,52,86,151,32
/ja/3.13/library/venv.html,45,51,83,18,25
/ja/3.13/library/ctypes.html,44,50,82,52,33
/ja/3.13/library/shutil.html,44,45,74,28,37
/ja/3.13/library/threading.html,44,42,82,105,36
/ja/3/c-api/import.html,44,45,93,4,20
/ja/3/library/math.html,44,44,91,30,55
/ja/3/library/venv.html,44,45,86,36,23
/ja/3.13/glossary.html,43,40,56,23,48
/ja/3.13/library/string.html,43,39,96,40,44
/ja/3.13/library/itertools.html,42,43,78,146,43
/ja/3.13/using/windows.html,42,40,77,33,50
/ja/3/reference/introduction.html,42,50,74,21,54
/ja/3.13/howto/sorting.html,41,40,85,35,44
/ja/3.13/library/concurrent.futures.html,40,40,86,69,40
/ja/3/glossary.html,40,36,77,117,39
/ja/3.13/tutorial/modules.html,39,36,82,178,51
/ja/3/reference/index.html,39,43,65,21,69
/ja/3/tutorial/classes.html,39,40,79,141,50
/ja/3.13/library/decimal.html,38,36,93,82,20
/ja/3/using/windows.html,38,36,87,44,42
/ja/3.13/library/tkinter.html,37,43,71,70,34
/ja/3.13/index.html,36,38,53,8,73
/ja/3.13/installing/index.html,36,42,81,46,56
/ja/3.13/library/collections.html,36,38,65,72,34
/ja/3.13/library/configparser.html,36,44,76,68,33
/ja/3/tutorial/modules.html,35,34,79,38,32
/ja/3.13/library/asyncio-task.html,33,36,89,39,26
/ja/3.13/library/socket.html,32,33,83,75,44
/ja/3/library/exceptions.html,32,31,73,30,50
/ja/3.13/library/functools.html,31,29,80,19,36
/ja/3.13/library/struct.html,31,32,93,34,51
/ja/3.13/library/unittest.mock.html,31,38,71,36,26
/ja/3.13/library/http.server.html,30,30,92,18,35
/ja/3.13/library/io.html,30,32,80,33,39
/ja/3.15/whatsnew/3.15.html,30,31,82,22,40
/ja/3/contents.html,30,32,36,35,15
/ja/3/library/pathlib.html,30,28,84,88,47
/ja/3.13/library/dataclasses.html,29,30,92,42,36
/ja/3.13/library/urllib.parse.html,29,30,83,22,37
/ja/3.13/library/glob.html,28,26,82,31,59
/ja/3.13/library/unittest.html,28,28,96,17,21
/ja/3/library/random.html,28,27,82,38,41
/ja/3/library/tkinter.html,28,34,79,58,18
/ja/3/library/logging.html,27,24,65,47,53
