name,visitors,pageviews,bounce_rate,time_on_page,scroll_depth
/downloads/,258325,342153,32,53,29
/,158404,195035,40,37,43
/downloads/windows/,121796,121256,43,46,13
/downloads/release/python-3142/,104936,113736,34,41,71
/downloads/release/pymanager-252/,96505,80254,46,34,73
/downloads/release/python-31212/,16655,18335,27,37,81
/downloads/release/python-31114/,13768,15868,27,51,81
/search/,12750,17177,36,57,54
/downloads/release/python-31019/,11421,12734,29,37,81
/downloads/release/python-3150a5/,10682,9937,28,21,65
/downloads/macos/,10106,9953,42,27,16
/about/gettingstarted/,9809,9833,58,30,59
/downloads/release/python-31311/,9379,9843,38,30,74
/downloads/release/python-3119/,8334,9893,30,70,72
/doc/,7706,8914,45,22,50
/downloads/release/python-3120/,7701,8628,28,28,65
/psf/donations/,7463,10771,28,13,37
/downloads/release/python-3110/,6649,7462,26,24,67
/downloads/release/python-3100/,6095,6783,28,26,69
/psf-landing/,6009,6905,35,26,40
/about/,5628,5987,42,17,45
/downloads/release/python-31011/,4901,5541,35,32,76
/downloads/source/,4721,4602,50,27,13
/downloads/release/python-31210/,3273,3379,40,26,73
/downloads/release/python-31013/,3222,4124,19,33,75
/downloads/release/python-3130/,3156,3313,31,38,61
/downloads/release/python-3925/,3069,2993,33,32,72
/downloads/release/python-3140/,3002,3148,42,24,54
/community/,2972,2900,49,15,45
/downloads/release/python-3106/,2864,3796,34,29,78
/jobs/,2832,3061,50,20,28
/downloads/android/,2332,2521,40,21,48
/download/other/,1940,1842,47,23,66
/about/apps/,1719,1646,58,34,53
/downloads/release/python-390/,1709,1955,28,28,61
/downloads/release/python-3128/,1647,1942,33,29,69
/shell/,1515,1687,64,54,40
/downloads/release/python-380/,1444,1694,30,31,62
/download/releases/,1407,1227,25,10,80
/downloads/release/python-3810/,1367,1523,35,51,72
/downloads/release/python-3135/,1351,1384,38,39,61
/downloads/release/python-3820/,1279,1208,42,31,71
/blogs/,1225,1195,62,18,55
/downloads/release/python-3124/,1064,1089,36,32,62
/downloads/release/python-370/,1002,1072,41,31,62
/downloads/release/python-3913/,982,1084,38,41,69
/success-stories/,952,904,53,18,34
/downloads/release/python-3133/,946,913,41,24,59
/downloads/release/python-3129/,945,1043,41,24,68
/downloads/release/python-3118/,898,973,35,24,69
/downloads/release/python-3123/,884,890,33,27,64
/accounts/login/,871,1089,72,22,48
/downloads/release/python-3141/,815,720,42,19,61
/downloads/release/python-2718/,753,644,46,34,68
/downloads/release/python-3127/,732,783,36,30,71
/downloads/release/python-3139/,731,775,46,30,68
/getit/windows/,711,608,34,23,9
/downloads/release/python-31010/,699,723,36,25,70
/downloads/release/python-31211/,671,618,44,17,73
/downloads/release/python-3114/,662,716,38,26,67
/downloads/release/python-3121/,654,706,43,23,66
/downloads/release/python-3717/,642,599,36,26,70
/events/,622,592,70,13,29
/downloads/release/python-3111/,599,608,39,34,68
/downloads/release/python-3137/,592,605,55,35,68
/downloads/release/python-31111/,576,526,34,22,72
/doc/versions/,572,567,68,29,28
/downloads/release/python-3109/,558,578,45,22,72
/downloads/release/python-31110/,546,520,33,23,73
/downloads/release/python-31012/,543,578,39,24,74
/downloads/release/python-31113/,529,513,31,15,72
/downloads/release/python-31310/,521,479,42,24,65
/downloads/release/python-3131/,492,505,48,21,66
/getit/,478,466,41,46,32
/community/logos/,473,598,68,22,57
/downloads/release/python-3122/,469,529,41,25,69
/downloads/release/python-3132/,465,475,40,26,63
/downloads/release/python-3116/,431,438,38,26,70
/downloads/release/python-31018/,411,358,47,22,73
/downloads/release/python-3117/,401,424,34,24,69
/downloads/release/python-379/,395,440,39,39,71
/downloads/release/python-360/,378,407,39,38,55
/downloads/release/pymanager-260b1/,376,290,20,33,73
/downloads/release/python-31112/,374,324,31,18,71
/about/help/,364,532,60,147,57
/downloads/release/python-3112/,357,390,38,30,68
/downloads/release/python-3126/,357,357,45,38,70
/success-stories/category/education/,357,312,66,17,65
/psf/membership/,344,327,49,19,53
/downloads/release/python-3125/,342,382,44,22,68
/downloads/release/python-31014/,331,330,30,25,72
/download,326,337,29,12,67
/download/releases/2.7/,324,301,32,31,63
/psf/about/,313,326,60,16,45
/downloads/release/python-3115/,311,334,45,18,67
/accounts/signup/,306,338,68,38,52
/downloads/release/python-3105/,306,334,42,18,73
/downloads/release/python-3113/,305,323,52,24,71
/success-stories/category/business/,301,272,73,20,59
/download/alternatives/,296,253,68,23,63
