name,visitors,bounce_rate,visit_duration
google.com,167,86,71
Direct / None,35,75,174
bing.com,30,97,1
chatgpt.com,2,100,0
ghe.corp.yahoo.co.jp,2,100,0
pypi.org,2,0,1100
ai.google.dev,1,0,22
docs.python.org,1,0,13
duckduckgo.com,1,100,0
github.com/TechBowl-japan/python-be-syokyu/blob/main/docs/instructions/00_install_python/install_python_mac.md,1,100,0
google.com/search,1,100,0
note.com,1,100,0
nsakki55.hatenablog.com,1,100,0
qiita.com,1,0,257
search.yahoo.co.jp,1,100,0
statics.teams.cdn.office.net,1,100,0
