name,unique_exits,total_exits,exit_rate
/pl/3/tutorial/index.html,43,44,
/pl/3/tutorial/datastructures.html,25,25,
/pl/3/tutorial/interpreter.html,14,14,
/pl/3/tutorial/venv.html,12,14,
/pl/3.14/tutorial/index.html,10,10,
/pl/3/tutorial/inputoutput.html,10,11,
/pl/3/library/turtle.html,9,9,
/3/,8,8,
/pl/3/,8,8,
/pl/3.15/using/windows.html,7,7,
/pl/3/library/functions.html,7,7,
/pl/dev/library/turtle.html,7,7,
/pl/3.14/library/functions.html,6,7,
/pl/3.14/tutorial/,6,6,
/pl/3/genindex-U.html,6,6,
/pl/3/reference/index.html,6,7,
/pl/3/tutorial/controlflow.html,6,6,
/pl/3/installing/index.html,5,5,
/pl/3/tutorial/introduction.html,5,5,
/pl/dev/tutorial/classes.html,5,5,
/pl/dev/tutorial/inputoutput.html,5,5,
/pl/3.12/installing/index.html,4,4,
/pl/3.14/tutorial/controlflow.html,4,4,
/pl/3.15/whatsnew/3.15.html,4,6,
/pl/3/library/index.html,4,5,
/pl/3/tutorial/classes.html,4,4,
/pl/3/tutorial/errors.html,4,4,
/3/library/functions.html,3,3,
/3/search.html,3,3,
/3/tutorial/controlflow.html,3,3,
/dev/using/windows.html,3,3,
/pl/3.13/tutorial/datastructures.html,3,3,
/pl/3.14/tutorial/errors.html,3,6,
/pl/3.14/tutorial/interpreter.html,3,3,
/pl/3.14/tutorial/introduction.html,3,3,
/pl/3.15/search.html,3,3,
/pl/3/tutorial/modules.html,3,3,
/pl/3/whatsnew/3.14.html,3,3,
/pl/dev/search.html,3,3,
/3.15/using/windows.html,2,2,
/3/library/json.html,2,2,
/pl/3.12/license.html,2,2,
/pl/3.13/library/tk.html,2,2,
/pl/3.13/tutorial/errors.html,2,2,
/pl/3.14/library/stdtypes.html,2,2,
/pl/3.14/search.html,2,2,
/pl/3.14/tutorial/datastructures.html,2,2,
/pl/3.14/whatsnew/index.html,2,3,
/pl/3.15/,2,2,
/pl/3.15/c-api/memory.html,2,2,
/pl/3.15/extending/index.html,2,2,
/pl/3.15/genindex-R.html,2,2,
/pl/3.15/library/asyncio-exceptions.html,2,2,
/pl/3.15/library/functions.html,2,2,
/pl/3.15/library/persistence.html,2,2,
/pl/3.15/library/zipfile.html,2,2,
/pl/3.15/reference/index.html,2,2,
/pl/3/library/imaplib.html,2,2,
/pl/3/using/android.html,2,2,
/pl/dev/library/functions.html,2,2,
/pl/dev/tutorial/controlflow.html,2,2,
/pl/dev/tutorial/datastructures.html,2,2,
/zh-cn/3.14/tutorial/introduction.html,2,0,
/3.12/tutorial/index.html,1,1,
/3.13/extending/index.html,1,1,
/3.14/,1,1,
/3.14/library/array.html,1,1,
/3.14/library/functions.html,1,1,
/3.14/library/index.html,1,1,
/3.14/library/random.html,1,1,
/3.14/library/statistics.html,1,1,
/3.14/library/stdtypes.html,1,1,
/3.14/tutorial/,1,1,
/3.14/tutorial/appetite.html,1,1,
/3.15/,1,1,
/3.15/tutorial/index.html,1,1,
/3/index.html,1,1,
/3/library/,1,1,
/3/library/collections.html,1,1,
/3/library/exceptions.html,1,1,
/3/library/index.html,1,1,
/3/library/numeric.html,1,1,
/3/library/random.html,1,1,
/3/library/turtle.html,1,1,
/3/library/unittest.mock-examples.html,1,1,
/3/library/xml.dom.html,1,1,
/3/tutorial/,1,1,
/3/tutorial/inputoutput.html,1,1,
/3/whatsnew/2.5.html,1,1,
/el/3.14/library/time.html,1,1,
/fr/3.14/library/time.html,1,1,
/fr/3.15/using/windows.html,1,1,
/id/3/,1,1,
/pl/3.12/library/distutils.html,1,1,
/pl/3.12/tutorial/inputoutput.html,1,1,
/pl/3.13/c-api/slice.html,1,1,
/pl/3.13/genindex-D.html,1,1,
/pl/3.13/genindex-W.html,1,1,
/pl/3.13/howto/sorting.html,1,1,
/pl/3.13/index.html,1,1,
