name,unique_exits,total_exits,exit_rate
/pl/3/tutorial/datastructures.html,14,14,
/pl/3/tutorial/index.html,12,12,
/pl/3/tutorial/interpreter.html,9,9,
/pl/3/tutorial/modules.html,7,7,
/pl/dev/tutorial/classes.html,7,7,
/pl/3.13/tutorial/controlflow.html,6,6,
/pl/3/tutorial/controlflow.html,6,6,
/pl/3/,5,5,
/3/,4,4,
/pl/3/tutorial/errors.html,4,4,
/pl/3/tutorial/venv.html,4,4,
/pl/3.13/tutorial/index.html,3,3,
/pl/3/tutorial/classes.html,3,3,
/pl/3/tutorial/introduction.html,3,3,
/pl/dev/library/functions.html,3,3,
/3.13/search.html,2,2,
/3/tutorial/datastructures.html,2,2,
/pl/3.13/tutorial/appetite.html,2,2,
/pl/3.13/tutorial/interpreter.html,2,2,
/pl/3.13/tutorial/introduction.html,2,2,
/pl/3/extending/extending.html,2,2,
/pl/3/installing/index.html,2,3,
/pl/3/library/functions.html,2,2,
/pl/3/library/index.html,2,2,
/pl/3/tutorial/inputoutput.html,2,2,
/pl/3/whatsnew/3.13.html,2,2,
/pl/dev/library/turtle.html,2,3,
/pl/dev/tutorial/floatingpoint.html,2,2,
/pl/dev/tutorial/index.html,2,2,
/pl/dev/tutorial/inputoutput.html,2,2,
/3.12/,1,1,
/3.12/tutorial/controlflow.html,1,0,
/3.13/index.html,1,1,
/3.13/library/datatypes.html,1,1,
/3.13/library/functions.html,1,1,
/3.13/library/index.html,1,1,
/3.13/library/uuid.html,1,1,
/3.13/py-modindex.html,1,1,
/3.13/whatsnew/3.13.html,1,1,
/3.14/whatsnew/3.14.html,1,1,
/3/howto/logging-cookbook.html,1,1,
/3/library/array.html,1,1,
/3/library/cmath.html,1,1,
/3/library/collections.html,1,1,
/3/library/ftplib.html,1,1,
/3/library/functools.html,1,1,
/3/library/index.html,1,1,
/3/library/os.path.html,1,1,
/3/library/random.html,1,1,
/3/library/re.html,1,1,
/3/library/venv.html,1,1,
/3/py-modindex.html,1,0,
/3/reference/lexical_analysis.html,1,1,
/3/tutorial/errors.html,1,1,
/3/tutorial/modules.html,1,1,
/ko/3.13/library/turtle.html,1,1,
/pl/3.12/c-api/weakref.html,1,1,
/pl/3.12/library/functions.html,1,1,
/pl/3.12/library/numeric.html,1,1,
/pl/3.12/library/telnetlib.html,1,1,
/pl/3.12/library/typing.html,1,1,
/pl/3.12/tutorial/,1,1,
/pl/3.13/,1,1,
/pl/3.13/download.html,1,1,
/pl/3.13/index.html,1,1,
/pl/3.13/library/datetime.html,1,1,
/pl/3.13/library/functions.html,1,1,
/pl/3.13/library/http.client.html,1,1,
/pl/3.13/library/stdtypes.html,1,2,
/pl/3.13/library/tkinter.html,1,1,
/pl/3.13/library/turtle.html,1,1,
/pl/3.13/reference/expressions.html,1,1,
/pl/3.13/search.html,1,1,
/pl/3.14/py-modindex.html,1,1,
/pl/3.14/whatsnew/3.14.html,1,1,
/pl/3/genindex.html,1,0,
/pl/3/library/__future__.html,1,1,
/pl/3/library/ast.html,1,2,
/pl/3/library/collections.abc.html,1,1,
/pl/3/library/constants.html,1,1,
/pl/3/library/email.html,1,1,
/pl/3/library/exceptions.html,1,1,
/pl/3/library/importlib.html,1,0,
/pl/3/reference/import.html,1,2,
/pl/3/reference/index.html,1,1,
/pl/3/tutorial/floatingpoint.html,1,1,
/pl/dev/tutorial/datastructures.html,1,1,
/pl/dev/tutorial/introduction.html,1,1,
/pl/dev/tutorial/modules.html,1,1,
/pl/dev/whatsnew/,1,1,
/pl/dev/whatsnew/3.14.html,1,0,
/pt-br/3.13/tutorial/controlflow.html,1,1,
/uk/3.13/tutorial/errors.html,1,1,
