name,visitors
São Paulo,179
Rio de Janeiro,66
Jiangsu,52
Guangdong,40
Hebei,37
Minas Gerais,35
Rio Grande do Sul,33
Paraná,32
Ceará,28
Goiás,23
Federal District,22
Shanghai,22
Zhejiang,22
Luanda,20
Santa Catarina,17
Bahia,15
Paraíba,15
Piauí,12
Pará,10
Pernambuco,9
Lisbon,9
Amazonas,8
Espírito Santo,8
Rio Grande do Norte,8
Maputo,8
Alagoas,7
Maranhão,7
Mato Grosso,7
Mato Grosso do Sul,5
Fujian,5
Liaoning,5
Sichuan,5
Rondônia,4
Santarém,4
Porto,3
Amapá,2
Sergipe,2
Madrid Autonomous Community,2
England,2
Leinster,2
Delhi,2
Lazio,2
Ibaraki,2
Aveiro,2
Coimbra,2
Setúbal,2
Água Grande,2
Illinois,2
Roraima,1
Tocantins,1
North Rhine-Westphalia,1
Békés,1
Chiapas,1
Muscat,1
Altai Krai,1
Moscow,1
Saint Petersburg,1
California,1
New Jersey,1
