name,version,visitors
Chrome,137.0,43899
Microsoft Edge,137.0,8901
Firefox,139.0,5922
Safari,18.5,5701
Chrome,136.0,3025
Yandex Browser,25.4,1369
Opera,119.0,1022
Mobile App,(not set),1020
Chrome,135.0,920
Firefox,128.0,617
Chrome,134.0,540
Safari,18.3,458
Safari,18.4,439
Safari,17.6,421
Chrome,131.0,405
Microsoft Edge,136.0,370
Chrome,109.0,364
Firefox,138.0,339
Chrome,133.0,331
Chrome,132.0,313
Samsung Browser,28.0,248
Chrome,138.0,235
Safari,16.6,224
Safari,26.0,221
Mobile App,137.0,212
Chrome,130.0,193
Chrome,122.0,190
Firefox,136.0,178
Chrome,128.0,162
Safari,18.1,162
Safari,17.5,156
Safari,15.6,142
Safari,19.0,142
Firefox,115.0,140
Chrome,129.0,134
UC Browser,17.7,132
Safari,18.2,132
Firefox,135.0,128
Safari,(not set),126
Chrome,119.0,118
Firefox,137.0,117
Chrome,125.0,115
Safari,18.0,115
Chrome,124.0,112
Chrome,126.0,111
Microsoft Edge,135.0,97
Yandex Browser,25.2,93
Smart Lenovo Browser,9.0,93
Firefox,140.0,92
Huawei Browser Mobile,16.0,92
Mobile App,97.0,92
Safari,17.4,90
Chrome,127.0,89
Firefox,139.2,87
Microsoft Edge,138.0,84
Chrome,120.0,81
Chrome,117.0,74
Mobile App,114.0,67
Chrome,114.0,66
Safari,17.1,66
Chrome,116.0,63
Firefox,134.0,63
Microsoft Edge,131.0,60
Chrome,121.0,59
Chrome,112.0,58
Quark,(not set),55
Safari,16.3,55
Safari,17.3,53
Brave,(not set),51
(not set),(not set),50
Microsoft Edge,133.0,50
Microsoft Edge,134.0,49
Safari,17.13,49
Chrome,103.0,43
Chrome,123.0,43
Chrome,139.0,43
Safari,18.6,43
Microsoft Edge,128.0,39
MIUI Browser,19.6,39
Yandex Browser,24.10,39
Opera,90.0,39
Chrome,118.0,37
Safari,16.1,37
Yandex Browser,25.6,37
Mobile App,130.0,36
Avast Secure Browser,137.0,36
Chrome,86.0,36
Microsoft Edge,127.0,35
Safari,17.2,35
Microsoft Edge,126.0,33
Firefox,133.0,32
Chrome,108.0,31
Safari,16.0,31
Safari,16.5,31
Chrome,81.0,31
Microsoft Edge,132.0,29
Mobile App,126.0,28
vivo Browser,24.9,28
Safari,17.0,26
Chrome,106.0,24
Microsoft Edge,109.0,24
Firefox,130.0,24
vivo Browser,14.2,24
Microsoft Edge,92.0,24
Microsoft Edge,122.0,23
MIUI Browser,19.7,22
Safari,16.2,21
Microsoft Edge,129.0,20
Safari,15.3,20
Yandex Browser,24.1,20
Mobile App,116.0,19
Opera,118.0,19
Firefox,129.0,19
QQ Browser,19.2,19
Quark,7.13,19
Mobile App,109.0,18
Microsoft Edge,139.0,18
Mobile App,83.0,18
Firefox,113.0,17
Safari,14.1,17
Safari,15.4,17
Safari,17.8,17
vivo Browser,25.0,17
Whale Browser,4.32,17
Chrome,107.0,16
Firefox,117.0,16
Firefox,131.0,16
Mobile App,131.0,16
Firefox,132.0,16
MIUI Browser,14.35,16
Firefox,141.0,16
Safari,16.4,16
vivo Browser,24.8,16
Samsung Browser,27.0,16
Chrome,91.0,16
Chrome,111.0,15
Huawei Browser Mobile,15.0,15
Microsoft Edge,18.18363,15
SberBrowser,27.0,15
Chrome,97.0,15
Chrome,115.0,14
Huawei Browser,12.1,14
Safari,12.1,14
Microsoft Edge,124.0,14
Firefox,127.0,14
Mobile Silk,134.4,14
QQ Browser,6.2,14
Chrome,113.0,13
Microsoft Edge,120.0,13
Microsoft Edge,125.0,13
Safari,13.1,13
Microsoft Edge,130.0,13
Yandex Browser,24.7,13
Mobile App,120.0,12
Firefox,124.0,12
UC Browser,17.4,12
Opera,89.0,12
Opera,95.0,12
Yandex Browser,25.46,11
Mobile App,99.0,11
Chrome,104.0,10
Microsoft Edge,113.0,10
Safari,15.5,10
Microsoft Edge,18.18362,10
Yandex Browser,25.43,10
Opera Touch,5.5,10
Chrome,70.0,10
Chrome,99.0,10
Safari,10.0,9
Chrome,102.0,9
Chrome,105.0,9
Microsoft Edge,107.0,9
Huawei Browser Mobile,14.0,9
Microsoft Edge,17.17134,9
Safari,17.7,9
QQ Browser,19.1,9
Yandex Browser,23.110,9
Yandex Browser,25.3,9
Chrome,87.0,9
Chrome,95.0,9
Chrome,96.0,9
Chrome,101.0,8
Chrome,110.0,8
Microsoft Edge,116.0,8
MIUI Browser,19.5,8
Sogou Explorer,2,8
Opera GX,2.8,8
Yandex Browser,24.12,8
vivo Browser,24.6,8
Quark,7.12,8
Chrome,83.0,8
Chrome,90.0,8
Firefox,91.0,8
Chrome,100.0,7
Mobile App,103.0,7
Firefox,126.0,7
Safari,15.2,7
UC Browser,17.5,7
UC Browser,17.6,7
Yandex Browser,23.11,7
Yandex Browser,23.9,7
Yandex Browser,24.4,7
Yandex Browser,24.6,7
Yandex Browser,25.20,7
Yandex Browser,25.45,7
Safari,60.5,7
Chrome,79.0,7
Chrome,93.0,7
Firefox,102.0,6
Microsoft Edge,106.0,6
Microsoft Edge,123.0,6
Firefox,125.0,6
Ecosia,129.0,6
Mobile Silk,136.6,6
Chrome,137,6
AVG Secure Browser,137.0,6
CCleaner,137.0,6
Microsoft Edge,18.19041,6
Samsung Browser,22.0,6
vivo Browser,24.3,6
vivo Browser,24.4,6
vivo Browser,24.7,6
Yandex Browser,25.41,6
Chrome,53.0,6
Chrome,78.0,6
Mobile App,92.0,6
Chrome,92.0,6
Chrome,94.0,6
Chromium,(not set),5
Microsoft Edge,105.0,5
Microsoft Edge,108.0,5
Firefox,110.0,5
Opera,114.0,5
Microsoft Edge,115.0,5
Opera,117.0,5
Mobile App,117.0,5
Microsoft Edge,118.0,5
Microsoft Edge,119.0,5
Microsoft Edge,121.0,5
Mobile App,135.0,5
Firefox,139,5
Safari,14.0,5
vivo Browser,14.0,5
MIUI Browser,14.10,5
UC Browser,17.3,5
Hi Browser,2.24,5
Samsung Browser,24.0,5
Yandex Browser,25.7,5
Samsung Browser,26.0,5
Pale Moon,33.7,5
Notion,4.13,5
Mobile App,61.0,5
Mobile App,62.0,5
Samsung Browser,7.4,5
Firefox,88.0,5
Chrome,98.0,5
Android Browser,(not set),4
UC Browser Turbo,1.10,4
Microsoft Edge,100.0,4
Avast Secure Browser,109.0,4
Microsoft Edge,114.0,4
Mobile App,118.0,4
Firefox,121.0,4
Mobile App,127.0,4
QQ Browser,13.7,4
Mobile App,132.0,4
Mobile App,134.0,4
Norton Private Browser,137.0,4
Safari,15.0,4
Safari,17.11,4
Samsung Browser,21.0,4
vivo Browser,23.1,4
vivo Browser,23.6,4
Yandex Browser,24.9,4
Samsung Browser,25.0,4
Yandex Browser,25.60,4
DuckDuckGo Privacy Browser,5,4
JioSphere,5.0,4
Opera Touch,5.3,4
Firefox,68.0,4
Samsung Browser,7.0,4
Mobile App,80.0,4
Chrome,80.0,4
Chrome,84.0,4
Mobile App,88.0,4
Chrome,89.0,4
Opera,91.0,4
Mobile App,91.0,4
Opera,92.0,4
Mobile App,95.0,4
Firefox,103.0,3
MIUI Browser,11.9,3
Firefox,112.0,3
Firefox,118.0,3
Mobile App,119.0,3
Iron,120.0,3
Firefox,120.0,3
Firefox,123.0,3
Mobile App,123.0,3
QQ Browser,13.0,3
