name,visitors,bounce_rate,visit_duration
Direct / None,10781,89,43
python.org,8550,80,27
google.com,4706,86,43
docs.python.org,1082,82,60
bing.com,366,87,52
duckduckgo.com,261,84,50
chatgpt.com,203,85,45
devguide.python.org/versions,194,75,56
pypi.org,105,80,54
python.org/downloads,93,84,62
boot.dev,91,95,10
docs.astral.sh,84,85,44
search.brave.com,84,91,4
github.com,81,84,9
discuss.python.org,80,82,46
realpython.com,77,91,57
udemy.com,73,96,13
statics.teams.cdn.office.net,72,87,38
netacad.com,65,97,23
yandex.ru,58,85,87
cs50.harvard.edu,48,90,27
android-app://com.google.android.gm,47,91,10
ecosia.org,30,75,31
cn.bing.com,28,86,107
docs.sqlalchemy.org,28,82,156
python-poetry.org,28,89,66
python.p2hp.com,26,77,31
s3.eu-west-1.amazonaws.com,26,93,0
packaging.python.org/en/latest/glossary,25,68,45
codecademy.com,23,88,161
flake8rules.com,23,83,93
numpydoc.readthedocs.io/en/latest/format.html,22,87,48
pycoders.com,22,91,16
ru.hexlet.io/courses/python-basics/lessons/linting/theory_unit,22,96,51
gemini.google.com,21,90,63
google.com.hk,20,95,7
hackerrank.com,19,100,0
cms.unir.net,17,100,0
practicum.yandex.ru,17,84,12
qiita.com,17,88,42
openclassrooms.com,16,81,108
devguide.python.org,15,93,3
qwant.com,15,89,4
reddit.com,15,80,73
intranet.hbtn.io,13,87,118
android-app://com.reddit.frontpage,12,85,14
code.amazon.com,12,100,0
heise.de,12,75,8
wsgi.readthedocs.io/en/latest/what.html,12,92,19
copilot.microsoft.com,11,100,0
hatch.pypa.io,11,91,9
numpy.org,11,91,11
perplexity.ai,11,91,1
edube.org/learn/pe-1/variables-data-shaped-boxes-21,10,100,0
pep8-ja.readthedocs.io/ja/latest,10,90,136
stackoverflow.com,10,100,0
developers.google.com,9,100,0
in.search.yahoo.com,9,78,6
mail.google.com,9,89,53
psycopg.org,9,89,38
pythonzen-pep8-exam.jp,9,89,4
turing.docebosaas.com,9,100,0
youtube.com,9,90,29
cs50.readthedocs.io,8,100,0
docs.brew.sh,8,62,130
docs.snowflake.com,8,88,2
edube.org/10003436/learn/pe-1/variables-data-shaped-boxes-21,8,88,176
engdoc.corp.google.com,8,88,14
lms.yandex.ru,8,100,0
maharatech.gov.eg,8,100,0
mypy-lang.org,8,75,5
pep8.org,8,62,182
purdue.brightspace.com,8,88,4
typing-extensions.readthedocs.io/en/latest,8,62,234
149.165.173.254,7,86,18
claude.ai,7,86,13
docs.google.com,7,100,0
en.wikipedia.org,7,100,0
google.ru,7,75,88
news.ycombinator.com,7,100,0
ru.hexlet.io/courses/python-basics/lessons/naming/theory_unit,7,88,0
android-app://com.google.android.googlequicksearchbox,6,83,6
cgi.cse.unsw.edu.au,6,100,0
fishc.com.cn,6,100,0
google.github.io,6,83,102
learn.snhu.edu,6,100,0
namu.wiki,6,67,242
search.yahoo.com,6,67,2
typing.python.org/en/latest/spec/protocol.html,6,83,60
ya.ru,6,100,0
asgi.readthedocs.io/en/latest/introduction.html,5,80,11
cnblogs.com,5,100,0
l.facebook.com,5,80,9
learn-2.galvanize.com,5,100,0
link.zhihu.com,5,100,0
linkedin.com,5,100,0
lms-kpitacademy.kpit.com,5,60,1
lwn.net,5,100,0
mskadu.medium.com/python-3-14-seven-cool-new-features-you-should-know-0a79e6afaae5,5,83,32
notebooks.githubusercontent.com,5,80,5
notion.so,5,40,196
packaging.python.org/en/latest/specifications/dependency-specifiers,5,60,496
packaging.python.org/en/latest/specifications/pylock-toml,5,80,16
packaging.python.org/en/latest/specifications/pyproject-toml,5,60,2
pydevtools.com,5,100,0
validate-pyproject.readthedocs.io/en/latest/api/validate_pyproject.formats.html,5,100,0
yandex.ru/clck/jsredir,5,80,29
akshare.akfamily.xyz/introduction.html,4,100,0
appacademy.io,4,75,38
courses.campus.gov.il,4,100,0
docs.ros.org,4,75,4
doubao.com,4,100,0
elearn.epam.com,4,100,0
ellibrodepython.com,4,100,0
g3doc.corp.google.com,4,100,0
gist.github.com,4,100,0
github.com/pypa/manylinux,4,75,18
github.com/pypa/wheel,4,75,8
github.com/python/mypy,4,100,0
google.co.uk,4,100,0
inventwithpython.com,4,100,0
jetbrains.com,4,50,15
learn.codeinstitute.net,4,75,161
leetcode.com,4,100,0
lobste.rs/s/jqm47i/til_exception_add_note,4,100,0
m365.cloud.microsoft,4,50,106
medium.com,4,50,74
microsoft.github.io,4,100,0
moodle.chisholm.edu.au,4,75,4
note.nkmk.me,4,100,0
packaging.python.org/en/latest/guides/licensing-examples-and-user-scenarios,4,75,63
palletsprojects.com,4,100,0
pandas.pydata.org,4,100,0
pyo3.rs,4,75,8
python.jp,4,50,15
python.org/getit,4,50,16
python.p2hp.com/downloads,4,100,0
pythoncentral.io,4,100,0
pythoncheatsheet.org,4,100,0
renpy.org,4,100,0
softwareengineering.stackexchange.com,4,75,56
substack.com,4,50,10
typing.python.org/en/latest/spec/aliases.html,4,100,0
typing.python.org/en/latest/spec/historical.html,4,100,0
wikidocs.net,4,75,5
yandex.ru/search,4,75,42
app.codica.la/courses/python_basics_course/lessons/naming/theory_unit,3,100,0
ava.pucpr.br,3,100,0
baidu.com/link,3,33,52
benhoyt.com,3,67,53
bitbucket.org,3,100,0
black.readthedocs.io/en/stable/the_black_code_style/current_style.html,3,50,33
blog.jetbrains.com,3,100,0
bottlepy.org,3,100,0
classroom.google.com,3,67,158
code-basics.com,3,100,0
code.s3.yandex.net,3,100,0
docs.basedpyright.com,3,67,315
docs.gitlab.com,3,100,0
docs.godotengine.org/en/stable/tutorials/scripting/gdscript/gdscript_styleguide.html,3,100,0
docs.pydantic.dev,3,100,0
docs.python.org/3/whatsnew/3.13.html,3,33,21
docs.renovatebot.com,3,100,0
edube.org,3,100,0
eos2git.cec.lab.emc.com,3,100,0
excel-ubara.com,3,100,0
facebook.com,3,100,0
forums.raspberrypi.com,3,100,0
freecodecamp.org,3,100,0
freecodecamp.org/espanol/news/python-ejemplos-de-codigo-tutorial-de-programacion-en-python-desde-cero-para-principiantes,3,100,0
gihyo.jp,3,100,0
github.com/Azure/azure-sdk-for-python/wiki/Azure-SDKs-Python-version-support-policy,3,100,0
github.com/astral-sh/uv/issues/6007,3,100,0
github.com/python/cpython,3,100,0
github.com/python/pymanager,3,80,193
google.com.au,3,67,7
google.de,3,100,0
google.fr,3,100,0
html.duckduckgo.com,3,100,0
infoworld.com/article/3975624/the-best-new-features-and-fixes-in-python-3-14.html,3,67,7
jellis18.github.io,3,33,103
link.csdn.net,3,100,0
lms.skillfactory.ru,3,100,0
metanit.com,3,80,2
my.sky.pro,3,100,0
mypy.readthedocs.io,3,67,34
numpydoc.readthedocs.io,3,67,2
packaging.python.org/en/latest/guides/writing-pyproject-toml,3,100,0
packaging.python.org/en/latest/specifications/core-metadata,3,33,23
pdm-project.org/latest,3,75,0
pip.pypa.io/en/latest/reference/requirements-file-format,3,33,1171
pylint.readthedocs.io/en/latest/user_guide/messages/convention/invalid-name.html,3,100,0
pymysql.readthedocs.io/en/latest/modules/connections.html,3,100,0
pymysql.readthedocs.io/en/latest/modules/index.html,3,100,0
python-academy.org,3,100,0
python-forum.io,3,100,0
raspberrypi.com,3,67,50
savannah.dev,3,67,2
setuptools.pypa.io,3,100,0
setuptools.pypa.io/en/latest/build_meta.html,3,33,572
softserve.academy,3,60,1
statics.gov.teams.microsoft.us,3,67,0
tonybaloney.github.io,3,40,329
typing.python.org/en/latest/guides/libraries.html,3,100,0
typing.python.org/en/latest/spec/annotations.html,3,67,4
wiki.ms.com,3,67,0
yandex.by,3,100,0
alm-confluence.systems.uk.hsbc,2,100,0
alm-github.systems.uk.hsbc,2,100,0
android-app://com.slack,2,50,45
assets.scormproxy.com,2,100,0
bazel.build,2,100,0
blog.changs.co.uk,2,100,0
blog.codacy.com/what-is-clean-code,2,100,0
bouvetasa.sharepoint.com,2,50,20
bugs.python.org,2,50,0
bytedance.larkoffice.com,2,100,0
chat.baidu.com,2,100,0
cnfl.csin.cz,2,50,414
colab.research.google.com,2,100,0
confluence.gtjaqh.net,2,100,0
console.cloud.google.com,2,50,350
copier.readthedocs.io/en/stable/generating,2,50,368
cosmicpython.com,2,100,0
courses.edx.org,2,100,0
cs.android.com,2,0,224
cursos.alura.com.br,2,100,0
cyberagentailab.github.io,2,100,0
datacamp.com,2,50,10
dev.arie.bovenberg.net,2,50,10
devguide.python.org/developer-workflow/lang-changes,2,0,12
dicoding.com,2,100,0
digitalocean.com,2,100,0
docs.aiogram.dev/en/latest,2,100,0
docs.ansible.com,2,100,0
docs.kidger.site,2,100,0
docs.pytest.org/en/stable/how-to/assert.html,2,100,0
docs.python-guide.org,2,50,83
docs.python.org/3.11/using/windows.html,2,0,103
docs.python.org/3.14/whatsnew/3.14.html,2,0,1150
docs.python.org/3/tutorial/controlflow.html,2,100,0
docs.ray.io,2,100,0
docs.ray.io/en/latest/data/api/doc/ray.data.read_sql.html,2,100,0
docs.wagtail.org/en/stable/getting_started/the_zen_of_wagtail.html,2,100,0
drchrono.atlassian.net,2,50,17
ecollege.etbonline.ie,2,100,0
endoflife.date,2,50,14
engineering.fb.com,2,50,381
forum.iobroker.net,2,50,16
forum.polygon.technology,2,33,40
freecodecamp.org/news/programming-naming-conventions-explained,2,100,0
futurelearn.com,2,100,0
github.app.twosigma.com,2,100,0
github.com/9001/copyparty,2,100,0
github.com/GoogleCloudPlatform/cloud-foundation-fabric/tree/master/fast,2,100,0
github.com/HMZ-03/DASPy/blob/main/CONTRIBUTING.md,2,100,0
github.com/PyO3/maturin,2,100,0
github.com/aeye-lab/pymovements/blob/main/CONTRIBUTING.md,2,50,156
github.com/apache/fory,2,100,0
github.com/astral-sh/ty/issues/291,2,50,4
github.com/databricks/databricks-sql-python,2,100,0
github.com/huangsam/ultimate-python,2,0,57
github.com/hukkin/tomli,2,50,138
github.com/marimo-team/marimo/issues/1163,2,100,0
github.com/microsoft/pylance-release/issues/3002,2,100,0
github.com/mkleehammer/pyodbc,2,50,19
github.com/mkleehammer/pyodbc/wiki/Connection,2,100,0
github.com/pdm-project/pdm,2,100,0
github.com/pypa/auditwheel,2,50,124
github.com/pypa/pip/issues/6334,2,100,0
github.com/python/typing/discussions/1429,2,100,0
github.com/pytorch/pytorch/issues/69894,2,100,0
github.com/sizmailov/pybind11-stubgen,2,100,0
github.com/typeddjango/django-stubs,2,100,0
github.usps.gov,2,100,0
github.yelpcorp.com,2,100,0
habr.com,2,100,0
habr.com/ru/articles/415829,2,100,0
hermeslog.tistory.com/560,2,50,53
honeywell.atlassian.net,2,100,0
inside-docupedia.bosch.com,2,100,0
internalfb.com,2,100,0
isis.tu-berlin.de,2,100,0
jive.ms.com,2,50,11
learn-ap-southeast-2-prod-fleet01-xythos.content.blackboardcdn.com,2,100,0
learnxinyminutes.com,2,50,11
login.codingdojo.africa,2,100,0
lrps.wgu.edu,2,100,0
m.sogou.com,2,100,0
medium.com/@anuraagkhare_39064/typing-module-deprecated-in-python-what-you-need-to-know-d4348b694141,2,100,0
medium.com/@thomas_k_r/whats-this-weird-arrow-notation-in-python-53d9e293113,2,100,0
medium.com/att-israel/python-now-supports-true-parallelism-is-it-really-that-good-3227db906745,2,100,0
mypy.readthedocs.io/en/stable/config_file.html,2,100,0
mypy.readthedocs.io/en/stable/index.html,2,100,0
mysqlclient.readthedocs.io/user_guide.html,2,67,170
odin.study,2,100,0
officerakuten.sharepoint.com,2,100,0
okpython.net,2,50,637
online.portnov.net,2,100,0
packaging.python.org/en/latest/guides/packaging-namespace-packages,2,100,0
