name,version,visitors
Chrome,137.0,159922
Chrome,136.0,73706
Microsoft Edge,136.0,47862
Microsoft Edge,137.0,47479
Firefox,139.0,13239
Safari,18.5,11074
Opera,119.0,7115
Chrome,135.0,6462
Yandex Browser,25.4,6425
Chrome,109.0,5329
Chrome,134.0,2691
Chrome,132.0,2329
Chrome,122.0,2227
Firefox,138.0,2138
Mobile App,(not set),2114
Safari,18.4,2076
Microsoft Edge,135.0,1930
Safari,18.3,1875
Chrome,131.0,1832
Chrome,133.0,1644
Firefox,128.0,1594
Safari,17.6,1348
Smart Lenovo Browser,9.0,1287
Microsoft Edge,134.0,1151
Chrome,129.0,1133
Microsoft Edge,131.0,922
Chrome,128.0,903
Microsoft Edge,92.0,883
Opera,118.0,875
Firefox,115.0,848
Quark,(not set),748
Chrome,130.0,739
Samsung Browser,28.0,733
Safari,16.6,684
Safari,18.1,675
Microsoft Edge,133.0,666
Chrome,126.0,649
Microsoft Edge,122.0,635
Chrome,127.0,576
Chrome,86.0,574
Safari,17.5,571
Safari,18.2,462
Safari,15.6,452
Mobile App,136.0,440
Firefox,135.0,415
Chrome,125.0,412
Chrome,124.0,409
Chrome,121.0,407
Firefox,137.0,402
Whale Browser,4.31,396
Yandex Browser,24.10,384
Sogou Explorer,2,378
Microsoft Edge,128.0,375
Chrome,116.0,373
QQ Browser,19.2,371
Safari,18.0,363
Microsoft Edge,132.0,348
Chrome,114.0,345
Microsoft Edge,127.0,344
Chrome,120.0,340
Microsoft Edge,130.0,339
Chrome,119.0,332
Chrome,123.0,330
Safari,17.4,318
Microsoft Edge,126.0,297
Firefox,136.0,296
Chrome,118.0,286
Chrome,103.0,269
Microsoft Edge,129.0,269
Yandex Browser,25.2,266
Chrome,108.0,256
Microsoft Edge,109.0,232
Microsoft Edge,100.0,215
Chrome,139.0,215
Chrome,117.0,204
Avast Secure Browser,136.0,203
Chrome,138.0,189
Firefox,140.0,185
Safari,17.3,184
QQ Browser,13.7,168
Firefox,134.0,163
Chrome,101.0,159
Microsoft Edge,120.0,155
Safari,17.2,144
Microsoft Edge,123.0,141
Microsoft Edge,124.0,133
Opera,95.0,124
Safari,16.3,121
Firefox,127.0,115
Huawei Browser,12.1,114
Microsoft Edge,121.0,114
Huawei Browser Mobile,16.0,114
Safari,17.1,114
Microsoft Edge,125.0,113
Safari,16.5,112
Safari,16.1,111
Samsung Browser,27.0,108
Chrome,87.0,108
MIUI Browser,19.5,107
Chrome,115.0,100
Chrome,107.0,99
Safari,14.1,95
Chrome,78.0,95
Microsoft Edge,116.0,91
Microsoft Edge,18.18362,91
vivo Browser,14.0,90
Chrome,111.0,89
Opera,89.0,89
Microsoft Edge,18.18363,87
Chrome,91.0,87
Chrome,113.0,86
Microsoft Edge,119.0,85
Chrome,102.0,84
Chrome,106.0,83
Safari,(not set),81
Firefox,133.0,78
Opera,117.0,77
Chrome,112.0,76
Chrome,105.0,75
Safari,17.0,74
vivo Browser,24.7,74
Microsoft Edge,113.0,72
Firefox,130.0,72
Chrome,93.0,72
Chrome,95.0,71
Microsoft Edge,114.0,68
Chrome,92.0,68
Chrome,96.0,68
Microsoft Edge,138.0,67
Safari,16.4,67
AVG Secure Browser,136.0,64
(not set),(not set),63
Chrome,104.0,63
Microsoft Edge,117.0,63
Chrome,94.0,62
Brave,(not set),61
Microsoft Edge,118.0,61
Chrome,110.0,60
Safari,13.1,59
Firefox,131.0,58
Firefox,129.0,57
Chrome,97.0,56
QQ Browser,19.0,54
Quark,7.12,53
Chrome,79.0,53
Chrome,81.0,53
Microsoft Edge,112.0,52
Huawei Browser Mobile,15.0,51
Chrome,83.0,51
Mobile App,130.0,49
Firefox,132.0,49
Safari,16.2,48
Safari,17.8,47
Mobile App,137.0,46
MIUI Browser,14.32,46
Microsoft Edge,115.0,45
Chrome,99.0,45
UC Browser,17.6,44
Samsung Browser,26.0,44
Chrome,90.0,44
Safari,15.4,43
Microsoft Edge,18.19041,43
Chrome,69.0,43
Microsoft Edge,89.0,43
Microsoft Edge,90.0,43
Microsoft Edge,18.17763,42
Microsoft Edge,86.0,42
Safari,16.0,41
Yandex Browser,25.43,41
Chrome,98.0,40
Microsoft Edge,110.0,39
Firefox,113.0,39
Chrome,80.0,39
Chrome,89.0,39
Yandex Browser,24.7,38
Chrome,63.0,38
Safari,17.7,37
Samsung Browser,25.0,37
Microsoft Edge,106.0,36
Safari,12.1,36
Samsung Browser,24.0,36
Mobile App,114.0,34
vivo Browser,24.6,34
Chrome,49.0,34
Chrome,77.0,34
Yandex Browser,25.44,33
Yandex Browser,24.12,32
Firefox,111.0,31
Norton Private Browser,136.0,31
Microsoft Edge,17.17134,31
Opera GX,2.7,31
Microsoft Edge,107.0,29
Chrome,70.0,29
Avast Secure Browser,109.0,28
Firefox,123.0,28
Mobile App,126.0,28
MIUI Browser,14.33,28
Safari,17.13,27
Mobile App,97.0,27
Firefox,125.0,26
QQ Browser,19.1,26
Microsoft Edge,84.0,26
MIUI Browser,14.34,25
QQ Browser,19.3,25
Whale Browser,4.32,25
Opera,91.0,25
Chrome,100.0,24
Firefox,102.0,24
Safari,15.2,24
Safari,15.5,24
Firefox,116.0,23
Safari,17.11,23
Samsung Browser,22.0,23
Yandex Browser,23.9,23
Chrome,75.0,23
Mobile App,109.0,22
CCleaner,136.0,22
Safari,19.0,22
Firefox,91.0,22
Microsoft Edge,111.0,21
Avast Secure Browser,134.0,21
Firefox,141.0,21
Yandex Browser,24.1,21
JioSphere,5.0,21
Firefox,52.0,21
Chrome,88.0,21
Opera,113.0,20
Chrome,137,20
Chrome,71.0,20
Chrome,84.0,20
Microsoft Edge,96.0,20
Firefox,109.0,19
Mobile App,116.0,19
Firefox,117.0,19
Opera,121.0,19
Mobile Silk,134.4,19
Safari,15.1,19
Yandex Browser,24.6,19
Firefox,88.0,19
Chromium,(not set),18
Safari,14.0,18
Safari,18.6,18
Atom,26.0,18
Opera Touch,5.5,18
QtWebEngine,6.9,18
Chrome,73.0,18
Firefox,78.0,18
Chrome,85.0,18
QQ Browser,12.2,17
Microsoft Edge,139.0,17
MIUI Browser,14.10,17
Microsoft Edge,14.14393,17
Chrome,55.0,17
Firefox,119.0,16
Microsoft Edge,16.16299,16
SberBrowser,27.0,16
Quark,7.11,16
Samsung Browser,7.4,16
Chrome,74.0,16
Firefox,112.0,15
Opera,116.0,15
vivo Browser,13.3,15
Safari,15.3,15
Hi Browser,2.24,15
Yandex Browser,25.45,15
Chrome,48.0,15
Firefox,99.0,15
Microsoft Edge,108.0,14
Firefox,118.0,14
Firefox,120.0,14
QQ Browser,13.6,14
Avira Secure Browser,136.0,14
MIUI Browser,19.4,14
Yandex Browser,23.11,14
QtWebEngine,5.15,14
Chrome,65.0,14
Microsoft Edge,102.0,13
Firefox,124.0,13
QQ Browser,13.4,13
Mobile App,131.0,13
Yandex Browser,24.4,13
vivo Browser,24.5,13
Firefox,72.0,13
Microsoft Edge,104.0,12
Microsoft Edge,105.0,12
Firefox,114.0,12
Yandex Browser,22.11,12
Chrome,62.0,12
Chrome,76.0,12
Firefox,100.0,11
Microsoft Edge,103.0,11
Firefox,105.0,11
Firefox,106.0,11
Ecosia,129.0,11
QQ Browser,16.2,11
Samsung Browser,23.0,11
QQ Browser,6.2,11
Opera,82.0,11
Opera,85.0,11
Opera,114.0,10
