property,value,visitors,events,percentage
url,(none),2377,4242,99.7
url,https://www.python.org/,46,49,1.9
url,https://www.python.org/downloads/,10,10,0.4
url,https://apps.microsoft.com/detail/9NQ7512CXL7T,5,5,0.2
url,https://tkdocs.com/,5,9,0.2
url,https://www.zlib.net/,5,6,0.2
url,https://docs.python.org/pt-br/3.14/archives/python-3.14-docs-html.zip,4,4,0.2
url,https://github.com/python/cpython/blob/main/Doc/tutorial/index.rst?plain=1,4,4,0.2
url,https://pypi.org/,3,3,0.1
url,https://docs.python.org/pt-br/3.14/archives/python-3.14-docs-text.zip,2,2,0.1
url,https://github.com/python/cpython/tree/3.14/Lib/datetime.py,2,2,0.1
url,https://github.com/python/cpython/tree/3.14/Lib/idlelib/,2,2,0.1
url,https://packaging.python.org/pt-br/latest/guides/installing-using-pip-and-virtual-environments/#create-and-use-virtual-environments,2,2,0.1
url,https://peps.python.org/pep-0636/,2,2,0.1
url,https://www.python.org/doc/versions/,2,2,0.1
url,https://www.tcl.tk/man/tcl8.6/TkCmd/contents.htm,2,2,0.1
url,https://briefcase.readthedocs.io/,1,1,0.0
url,https://buildozer.readthedocs.io/,1,1,0.0
url,https://datatracker.ietf.org/doc/html/rfc1321.html,1,1,0.0
url,https://docs.pytest.org/,1,1,0.0
url,https://docs.python.org/pt-br/3.14/archives/python-3.14-docs.epub,1,1,0.0
url,https://docs.python.org/pt-br/3/archives/python-3.14-docs-html.zip,1,1,0.0
url,https://docs.python.org/pt-br/3/archives/python-3.14-docs-text.zip,1,1,0.0
url,https://docs.python.org/pt-br/3/archives/python-3.14-docs.epub,1,1,0.0
url,https://en.wikipedia.org/wiki/Hyperbolic_functions,1,1,0.0
url,https://en.wikipedia.org/wiki/Timsort,1,1,0.0
url,https://github.com/python/cpython/blob/main/Doc/contents.rst?plain=1,1,2,0.0
url,https://github.com/python/cpython/blob/main/Doc/library/index.rst?plain=1,1,1,0.0
url,https://github.com/python/cpython/blob/main/Doc/tutorial/datastructures.rst?plain=1,1,1,0.0
url,https://github.com/python/cpython/blob/main/Doc/tutorial/introduction.rst?plain=1,1,1,0.0
url,https://github.com/python/cpython/tree/3.13/Lib/random.py,1,1,0.0
url,https://github.com/python/cpython/tree/3.13/Lib/tkinter/__init__.py,1,1,0.0
url,https://github.com/python/cpython/tree/3.14/Lib/ast.py,1,1,0.0
url,https://github.com/python/cpython/tree/3.14/Lib/urllib/request.py,1,1,0.0
url,https://github.com/python/cpython/tree/3.14/Lib/wave.py,1,1,0.0
url,https://github.com/python/cpython/tree/3.14/Lib/xml/etree/ElementTree.py,1,2,0.0
url,https://github.com/python/cpython/tree/3.14/Lib/zipfile/,1,1,0.0
url,https://github.com/python/cpython/tree/main/Lib/heapq.py,1,1,0.0
url,https://github.com/python/cpython/tree/main/Lib/tkinter/__init__.py,1,1,0.0
url,https://peps.python.org/pep-0008/,1,1,0.0
url,https://peps.python.org/pep-0236/,1,1,0.0
url,https://peps.python.org/pep-0484/,1,1,0.0
url,https://peps.python.org/pep-0492/,1,1,0.0
url,https://peps.python.org/pep-0734/,1,1,0.0
url,https://peps.python.org/pep-3101/,1,1,0.0
url,https://peps.python.org/pep-3107/,1,1,0.0
url,https://pypi.org/project/DateType/,1,1,0.0
url,https://termux.dev/en/,1,1,0.0
url,https://www.packtpub.com/en-br/product/python-gui-programming-with-tkinter-9781788835886,1,2,0.0
url,https://www.python.org/downloads/windows/,1,1,0.0
url,https://www.sqlite.org/,1,1,0.0
url,https://www.tcl.tk/,1,1,0.0
url,https://www.tkdocs.com/shipman/',1,1,0.0
url,https://www.unicode.org/versions/Unicode16.0.0/core-spec/chapter-3/#G33992,1,1,0.0
