name,visitors
São Paulo,481
Rio de Janeiro,158
Minas Gerais,142
Ceará,70
Paraná,68
Federal District,61
Bahia,51
Amazonas,49
Santa Catarina,47
Goiás,44
Pernambuco,42
Rio Grande do Sul,38
Espírito Santo,33
Lisbon,33
Maranhão,27
Paraíba,25
Pará,24
Luanda,23
Rio Grande do Norte,21
Sergipe,20
Mato Grosso do Sul,12
Piauí,12
Porto,9
Mato Grosso,8
Alagoas,7
Guangdong,6
California,6
Braga,5
Oregon,5
Virginia,5
Rondônia,4
Hebei,4
Maputo,4
Aveiro,4
Acre,3
Tocantins,3
Jiangsu,3
England,3
Leinster,3
Lagos,3
North Holland,3
Setúbal,3
Hanoi,3
Ho Chi Minh City,3
Buenos Aires Province,2
Praia,2
Catalonia,2
Madrid Autonomous Community,2
Île-de-France,2
Karnataka,2
Tamil Nadu,2
Tokyo,2
Jalisco,2
Faro,2
Itapúa,2
Amapá,1
Roraima,1
Beijing,1
Sichuan,1
Shanghai,1
Bavaria,1
Amman,1
Ibaraki,1
Tochigi,1
Mexico State,1
Mazovia,1
Azores,1
Madeira,1
Manouba,1
New Taipei,1
Illinois,1
New York,1
Texas,1
Río Negro,1
Ninh Bình,1
