name,version,visitors
Windows,10,8738
Mac,10.15,3080
GNU/Linux,(not set),1392
Android,10,589
iOS,18.7,292
Ubuntu,(not set),252
Chrome OS,14541.0,80
iOS,18.6,56
iOS,26.2,55
Android,16,35
Windows,7,26
Android,12,25
Android,13,21
Android,15,17
Android,14,14
(not set),(not set),11
Mac,10.13,11
iOS,14.0,11
Windows,XP,9
iOS,16.7,7
iOS,18.5,7
iOS,26.3,6
iOS,15.8,5
Mac,14.4,4
Android,11,3
iOS,17.4,3
iOS,17.6,3
iOS,17.7,3
iOS,18.3,3
iOS,18.4,3
Android,6.0,3
Android,9,3
Mac,10.14,2
Mac,15.7,2
Android,8.0,2
iOS,10.3,1
iPadOS,15.5,1
iOS,16.3,1
iOS,16.6,1
iOS,17.2,1
iOS,26.1,1
Android,7.0,1
Windows,8.1,1
