name,version,visitors
Chrome,136.0,102
Chrome,135.0,43
Firefox,138.0,34
Microsoft Edge,136.0,26
Opera,118.0,20
Safari,18.4,9
Firefox,128.0,6
Samsung Browser,28.0,5
Microsoft Edge,135.0,4
Safari,17.6,4
Firefox,137.0,3
Samsung Browser,11.0,2
Microsoft Edge,111.0,2
Firefox,115.0,2
Chrome,126.0,2
Chrome,127.0,2
Chrome,132.0,2
Chrome,133.0,2
Chrome,134.0,2
Avast Secure Browser,134.0,2
Safari,16.6,2
Safari,18.2,2
Chrome,109.0,1
Chrome,114.0,1
Chrome,122.0,1
Chrome,131.0,1
Firefox,136.0,1
Safari,18.3,1
Yandex Browser,25.2,1
Chrome,84.0,1
