name,unique_entrances,total_entrances,visit_duration
/zh-tw/3/library/venv.html,71,73,34
/zh-tw/3/tutorial/index.html,68,70,145
/zh-tw/3/library/collections.html,33,36,5
/zh-tw/3/installing/index.html,29,29,16
/zh-tw/3/library/pathlib.html,25,25,1
/dev/using/windows.html,23,23,729
/zh-tw/3/howto/argparse.html,23,23,53
/zh-tw/3/library/index.html,20,20,39
/zh-tw/3/library/random.html,18,18,50
/zh-tw/3/library/csv.html,16,17,150
/zh-tw/3/tutorial/classes.html,16,16,166
/zh-tw/3/tutorial/controlflow.html,16,16,171
/zh-tw/3/howto/sorting.html,15,15,2
/zh-tw/3/library/re.html,15,15,51
/zh-tw/3/tutorial/venv.html,15,15,96
/zh-tw/3/using/mac.html,15,15,15
/zh-tw/3/library/heapq.html,14,14,69
/zh-tw/3/library/json.html,13,13,0
/3/,12,12,333
/zh-tw/3/library/bisect.html,12,12,59
/zh-tw/3/library/queue.html,12,12,11
/zh-tw/3/library/unittest.html,12,12,74
/zh-tw/3/tutorial/introduction.html,12,12,4
/zh-tw/dev/library/ast.html,12,12,0
/zh-tw/dev/library/os.path.html,12,13,90
/zh-tw/3/library/enum.html,11,11,41
/zh-tw/3/reference/index.html,11,11,14
/zh-tw/3/tutorial/datastructures.html,11,11,220
/zh-tw/dev/library/socket.html,11,11,0
/zh-tw/dev/library/typing.html,11,11,0
/zh-tw/3/library/functools.html,10,10,2
/zh-tw/3/library/threading.html,10,10,0
/zh-tw/3/tutorial/errors.html,10,10,0
/zh-tw/dev/whatsnew/3.12.html,10,10,100
/zh-tw/3.13/tutorial/index.html,9,9,113
/zh-tw/3/library/typing.html,9,9,5
/zh-tw/3/tutorial/interpreter.html,9,9,31
/zh-tw/3/,8,8,66
/zh-tw/3/contents.html,8,9,4
/zh-tw/3/library/math.html,8,8,183
/zh-tw/3/library/os.path.html,8,8,1
/zh-tw/3/tutorial/inputoutput.html,8,8,372
/zh-tw/dev/library/os.html,8,8,0
/zh-tw/3.15/using/windows.html,7,7,96
/zh-tw/3/glossary.html,7,8,0
/zh-tw/3/library/asyncio.html,7,7,4
/zh-tw/3/library/stdtypes.html,7,7,0
/zh-tw/3/tutorial/modules.html,7,7,1
/zh-tw/dev/library/ctypes.html,7,7,0
/3/library/math.html,6,9,318
/zh-tw/3.13/library/os.path.html,6,6,0
/zh-tw/3.14/whatsnew/3.10.html,6,6,0
/zh-tw/3/faq/windows.html,6,6,0
/zh-tw/3/library/array.html,6,6,0
/zh-tw/3/tutorial/appetite.html,6,6,0
/zh-tw/3/using/index.html,6,6,86
/zh-tw/dev/library/multiprocessing.html,6,6,0
/zh-tw/dev/library/stringprep.html,6,6,0
/zh-tw/3.12/library/shutil.html,5,5,0
/zh-tw/3.13/contents.html,5,5,11
/zh-tw/3.13/library/__main__.html,5,5,0
/zh-tw/3/faq/general.html,5,5,9
/zh-tw/3/library/abc.html,5,5,3
/zh-tw/3/library/concurrent.futures.html,5,5,180
/zh-tw/3/library/idle.html,5,5,44
/zh-tw/3/library/pdb.html,5,5,0
/zh-tw/3/library/string.html,5,5,2
/zh-tw/3/library/unittest.mock-examples.html,5,5,0
/zh-tw/3/library/uuid.html,5,5,0
/zh-tw/3/library/zipfile.html,5,5,0
/zh-tw/3/tutorial/,5,5,0
/zh-tw/dev/c-api/init.html,5,5,0
/zh-tw/dev/genindex-X.html,5,5,0
/zh-tw/dev/genindex.html,5,5,0
/zh-tw/dev/library/fileformats.html,5,5,303
/zh-tw/dev/library/gettext.html,5,5,0
/3/library/idle.html,4,4,330
/zh-tw/3.12/tutorial/,4,4,694
/zh-tw/3.13/library/asyncio-protocol.html,4,4,0
/zh-tw/3.13/tutorial/classes.html,4,10,66
/zh-tw/3.13/tutorial/introduction.html,4,4,27
/zh-tw/3.14/license.html,4,4,0
/zh-tw/3.14/using/android.html,4,4,0
/zh-tw/3.15/tutorial/index.html,4,4,4
/zh-tw/3/library/asyncio-future.html,4,4,390
/zh-tw/3/library/exceptions.html,4,4,31
/zh-tw/3/library/glob.html,4,4,0
/zh-tw/3/library/pydoc.html,4,4,0
/zh-tw/3/library/struct.html,4,4,0
/zh-tw/3/library/tempfile.html,4,5,256
/zh-tw/3/library/time.html,4,4,0
/zh-tw/3/library/turtle.html,4,4,274
/zh-tw/3/library/zlib.html,4,4,0
/zh-tw/3/reference/import.html,4,4,0
/zh-tw/3/reference/lexical_analysis.html,4,4,88
/zh-tw/dev/contents.html,4,4,0
/zh-tw/dev/library/_thread.html,4,4,0
/zh-tw/dev/library/functions.html,4,4,0
/zh-tw/dev/library/io.html,4,4,1
/zh-tw/dev/library/mailbox.html,4,4,0
/zh-tw/dev/library/optparse.html,4,4,0
/zh-tw/dev/library/profiling.tracing.html,4,4,0
/zh-tw/dev/library/tkinter.colorchooser.html,4,4,0
/zh-tw/dev/library/tkinter.messagebox.html,4,4,0
/zh-tw/dev/library/windows.html,4,4,0
/zh-tw/dev/whatsnew/3.9.html,4,4,0
/zh-tw/dev/whatsnew/index.html,4,4,0
/3/library/multiprocessing.html,3,3,110
/3/library/re.html,3,3,744
/3/library/unittest.html,3,3,106
/3/library/venv.html,3,3,73
/3/search.html,3,3,489
/3/tutorial/,3,3,1048
/zh-tw/3.12/contents.html,3,3,0
/zh-tw/3.12/download.html,3,3,12
/zh-tw/3.12/library/exceptions.html,3,4,1048
/zh-tw/3.13/library/__future__.html,3,3,0
/zh-tw/3.13/library/base64.html,3,3,0
/zh-tw/3.13/library/socket.html,3,3,0
/zh-tw/3.13/tutorial/controlflow.html,3,3,383
/zh-tw/3.14/,3,3,340
/zh-tw/3.14/library/idle.html,3,3,6
/zh-tw/3.14/tutorial/controlflow.html,3,3,862
/zh-tw/3.14/tutorial/index.html,3,3,787
/zh-tw/3.14/tutorial/introduction.html,3,3,0
/zh-tw/3.14/tutorial/modules.html,3,3,0
/zh-tw/3/c-api/intro.html,3,3,0
/zh-tw/3/howto/sockets.html,3,3,0
/zh-tw/3/library/base64.html,3,3,0
/zh-tw/3/library/datetime.html,3,3,0
/zh-tw/3/library/functions.html,3,3,2
/zh-tw/3/library/imp.html,3,3,16
/zh-tw/3/library/itertools.html,3,3,0
/zh-tw/3/library/operator.html,3,3,344
/zh-tw/3/library/signal.html,3,3,0
/zh-tw/3/library/ssl.html,3,3,552
/zh-tw/3/library/tk.html,3,3,8
/zh-tw/3/library/tomllib.html,3,3,0
/zh-tw/3/library/unittest.mock.html,3,3,25
/zh-tw/3/library/urllib.request.html,3,3,0
/zh-tw/3/library/zoneinfo.html,3,3,0
/zh-tw/3/using/editors.html,3,3,0
/zh-tw/3/using/unix.html,3,3,0
/zh-tw/3/whatsnew/3.10.html,3,3,0
/zh-tw/3/whatsnew/3.11.html,3,3,1
/zh-tw/3/whatsnew/3.13.html,3,3,0
/zh-tw/dev/c-api/typeobj.html,3,3,0
/zh-tw/dev/genindex-F.html,3,3,0
/zh-tw/dev/genindex-J.html,3,3,0
/zh-tw/dev/genindex-事.html,3,3,0
/zh-tw/dev/genindex-環.html,3,3,0
/zh-tw/dev/installing/index.html,3,3,0
/zh-tw/dev/library/allos.html,3,3,0
/zh-tw/dev/library/asynchat.html,3,3,0
/zh-tw/dev/library/audit_events.html,3,3,0
/zh-tw/dev/library/collections.html,3,3,0
/zh-tw/dev/library/crypt.html,3,3,0
/zh-tw/dev/library/fcntl.html,3,3,0
/zh-tw/dev/library/grp.html,3,3,0
/zh-tw/dev/library/gzip.html,3,3,392
/zh-tw/dev/library/hashlib.html,3,3,0
/zh-tw/dev/library/logging.handlers.html,3,3,0
/zh-tw/dev/library/profiling.sampling.html,3,3,0
/zh-tw/dev/library/pty.html,3,3,0
/zh-tw/dev/library/py_compile.html,3,3,0
/zh-tw/dev/library/resource.html,3,3,0
/zh-tw/dev/library/smtpd.html,3,3,0
/zh-tw/dev/library/spwd.html,3,3,0
/zh-tw/dev/library/ssl.html,3,3,0
/zh-tw/dev/library/time.html,3,3,0
/zh-tw/dev/library/token.html,3,3,0
/zh-tw/dev/library/unicodedata.html,3,3,0
/zh-tw/dev/library/unittest.mock.html,3,3,0
/zh-tw/dev/library/winsound.html,3,3,0
/zh-tw/dev/library/zipimport.html,3,3,0
/zh-tw/dev/tutorial/controlflow.html,3,3,0
/zh-tw/dev/tutorial/datastructures.html,3,3,0
/zh-tw/dev/tutorial/errors.html,3,3,0
/3.13/search.html,2,2,2
/3/library/asyncio-task.html,2,2,784
/3/library/asyncio.html,2,2,8
/3/library/exceptions.html,2,2,90
/3/library/functions.html,2,2,1498
/3/library/index.html,2,2,155
/3/library/string.html,2,2,378
/3/library/struct.html,2,2,1680
/3/library/turtle.html,2,2,154
/3/reference/expressions.html,2,2,80
/3/using/windows.html,2,2,1320
/3/whatsnew/3.14.html,2,2,1375
/zh-cn/3/using/index.html,2,2,666
/zh-tw/3.12/howto/logging-cookbook.html,2,2,0
/zh-tw/3.12/library/webbrowser.html,2,2,7
/zh-tw/3.12/tutorial/interpreter.html,2,2,0
/zh-tw/3.12/using/windows.html,2,2,0
/zh-tw/3.13/faq/design.html,2,2,0
/zh-tw/3.13/genindex-Z.html,2,2,0
/zh-tw/3.13/installing/index.html,2,2,0
/zh-tw/3.13/library/asyncio-future.html,2,2,0
/zh-tw/3.13/library/bisect.html,2,2,0
/zh-tw/3.13/library/csv.html,2,2,0
/zh-tw/3.13/library/html.parser.html,2,2,0
/zh-tw/3.13/library/telnetlib.html,2,2,0
/zh-tw/3.13/library/venv.html,2,2,0
/zh-tw/3.13/whatsnew/3.11.html,2,2,0
/zh-tw/3.14/library/constants.html,2,2,0
/zh-tw/3.14/library/grp.html,2,2,0
/zh-tw/3.14/library/imp.html,2,2,0
/zh-tw/3.14/library/re.html,2,2,0
/zh-tw/3.14/library/stdtypes.html,2,2,0
/zh-tw/3.14/py-modindex.html,2,2,0
/zh-tw/3.14/tutorial/datastructures.html,2,2,54
/zh-tw/3.14/using/windows.html,2,3,11
/zh-tw/3.14/whatsnew/3.12.html,2,2,0
/zh-tw/3.15/c-api/stable.html,2,2,0
/zh-tw/3.15/contents.html,2,2,3
/zh-tw/3/deprecations/index.html,2,2,0
/zh-tw/3/download.html,2,2,0
/zh-tw/3/extending/extending.html,2,2,0
/zh-tw/3/library/copy.html,2,2,0
/zh-tw/3/library/datatypes.html,2,2,8
/zh-tw/3/library/dis.html,2,2,0
/zh-tw/3/library/gc.html,2,2,1199
/zh-tw/3/library/getpass.html,2,2,0
/zh-tw/3/library/http.html,2,2,0
/zh-tw/3/library/io.html,2,2,0
/zh-tw/3/library/tkinter.html,2,2,0
/zh-tw/3/library/wave.html,2,2,0
/zh-tw/3/library/xml.sax.html,2,2,0
/zh-tw/3/library/xmlrpc.html,2,2,1
/zh-tw/3/search.html,2,2,1355
/zh-tw/3/tutorial/stdlib.html,2,2,0
/zh-tw/3/whatsnew/2.4.html,2,2,0
/zh-tw/dev/c-api/abstract.html,2,2,0
/zh-tw/dev/c-api/arg.html,2,2,0
/zh-tw/dev/c-api/bytes.html,2,2,0
/zh-tw/dev/c-api/frame.html,2,2,0
/zh-tw/dev/c-api/method.html,2,2,0
/zh-tw/dev/genindex-I.html,2,2,0
/zh-tw/dev/genindex-V.html,2,2,0
/zh-tw/dev/genindex-安.html,2,2,0
/zh-tw/dev/library/argparse.html,2,2,0
/zh-tw/dev/library/asyncio-exceptions.html,2,2,0
/zh-tw/dev/library/asyncio-policy.html,2,2,0
/zh-tw/dev/library/asyncio-sync.html,2,2,0
/zh-tw/dev/library/codecs.html,2,2,0
/zh-tw/dev/library/compression.html,2,2,0
/zh-tw/dev/library/faulthandler.html,2,2,0
/zh-tw/dev/library/http.html,2,2,0
/zh-tw/dev/library/language.html,2,2,0
/zh-tw/dev/library/netrc.html,2,2,0
/zh-tw/dev/library/numbers.html,2,2,0
/zh-tw/dev/library/ossaudiodev.html,2,2,0
/zh-tw/dev/library/pprint.html,2,2,0
/zh-tw/dev/library/random.html,2,2,0
/zh-tw/dev/library/re.html,2,2,380
/zh-tw/dev/library/sunau.html,2,2,0
/zh-tw/dev/library/syslog.html,2,2,315
/zh-tw/dev/library/tabnanny.html,2,2,0
/zh-tw/dev/library/tomllib.html,2,2,0
/zh-tw/dev/library/xml.dom.pulldom.html,2,2,0
/zh-tw/dev/whatsnew/3.13.html,2,2,0
/zh-tw/dev/whatsnew/3.4.html,2,2,0
/zh-tw/dev/whatsnew/3.7.html,2,2,0
/3.12/py-modindex.html,1,1,48
/3.13/,1,1,237
/3.13/tutorial/,1,1,56
/3.14/library/filecmp.html,1,1,0
/3.14/library/gc.html,1,1,2039
/3.14/library/multiprocessing.html,1,1,12
/3.14/tutorial/appetite.html,1,1,21
/3.14/tutorial/controlflow.html,1,1,135
/3.14/using/windows.html,1,1,0
/3.15/,1,1,1
/3/c-api/memory.html,1,1,419
/3/howto/index.html,1,1,3773
/3/howto/unicode.html,1,1,0
/3/library/atexit.html,1,1,607
/3/library/calendar.html,1,1,0
/3/library/dataclasses.html,1,1,607
/3/library/faulthandler.html,1,1,3473
/3/library/itertools.html,1,1,0
/3/library/platform.html,1,1,1220
/3/library/queue.html,1,1,113
/3/library/stdtypes.html,1,1,39
/3/library/traceback.html,1,1,4643
/3/library/tracemalloc.html,1,1,1728
/3/library/typing.html,1,1,0
/3/library/unittest.mock.html,1,1,7
/3/library/weakref.html,1,1,0
/3/library/zipfile.html,1,1,0
/3/license.html,1,1,180
/3/tutorial/appendix.html,1,1,406
/3/tutorial/appetite.html,1,1,24
/3/tutorial/index.html,1,1,19
/3/tutorial/stdlib2.html,1,1,573
/dev/using/configure.html,1,1,43
/es/3.15/py-modindex.html,1,1,98
/es/3/tutorial/,1,1,720
/fr/3/,1,1,309
