name,visitors
Tokyo,89
Osaka,17
Kyoto,8
Sendai,4
Yokohama,3
Nagoya,3
Kobe,3
N/A,3
N/A,3
Zhengzhou,2
Nishi-Tokyo-shi,2
N/A,2
Machida,2
Kumagaya,2
Hadano,2
N/A,2
N/A,2
Asaka,2
Gdańsk,2
N/A,2
N/A,2
N/A,2
N/A,2
N/A,2
Michurinsk,1
Manila,1
Chengdu,1
Yokosuka,1
Utsunomiya,1
N/A,1
Toyohashi,1
Toyama,1
Takamatsu,1
Suita,1
N/A,1
Saku,1
Sakado,1
N/A,1
Nishio,1
N/A,1
Niigata,1
Musashino,1
N/A,1
N/A,1
Kiryū,1
Kawagoe,1
Kasugai,1
Kashiwa,1
Kamakura,1
Kagoshima,1
Inazawa,1
Ina,1
Ikoma,1
N/A,1
Hiroshima,1
N/A,1
Fukuoka,1
Fujisawa,1
N/A,1
Chigasaki,1
Anan,1
Uwajima,1
Matsuyama,1
N/A,1
Kōriyama,1
New York City,1
Los Angeles,1
Seattle,1
Akishima,1
N/A,1
Inzai,1
Yachiyo,1
N/A,1
N/A,1
N/A,1
N/A,1
N/A,1
N/A,1
N/A,1
N/A,1
N/A,1
N/A,1
N/A,1
N/A,1
N/A,1
N/A,1
N/A,1
N/A,1
N/A,1
N/A,1
N/A,1
N/A,1
