name,version,visitors
Windows,10,48638
Mac,10.15,17592
Android,10,7671
GNU/Linux,(not set),7113
iOS,18.5,3735
Ubuntu,(not set),1619
Android,14,636
Android,15,612
Android,13,484
Android,12,451
iOS,18.4,432
Chrome OS,14541.0,419
iOS,18.3,353
Android,11,289
iOS,17.6,172
Windows,7,149
iOS,18.1,146
iOS,16.7,128
iOS,19.0,97
iOS,15.8,84
Android,9,84
iOS,18.2,83
HarmonyOS,(not set),72
HarmonyOS,3.0,66
iOS,17.5,64
iOS,18.0,50
iOS,17.7,41
iOS,16.1,39
iOS,17.3,38
Android,8.1,37
HarmonyOS,2.2,32
iOS,17.4,29
Windows,8.1,29
iOS,16.6,27
iOS,12.5,23
(not set),(not set),21
Chrome OS,14816.131,21
iOS,16.3,20
iOS,17.2,18
iOS,17.1,17
iPadOS,17.6,16
Mac,10.14,15
Mac,10.13,14
iPadOS,17.7,14
Android,6.0,14
Android,8.0,14
iOS,16.5,12
iOS,15.1,11
iOS,15.7,11
Android,7.0,11
iOS,16.0,10
iOS,16.2,10
iOS,17.0,10
Fire OS,7,10
iOS,15.5,9
Android,5.1,9
iPadOS,15.8,8
Windows,XP,8
iOS,15.0,7
iPadOS,16.7,7
Android,7.1,7
Windows,(not set),6
iOS,14.0,6
iOS,15.4,6
iOS,15.6,6
Android,4.4,6
Fire OS,8,6
iOS,10.3,5
iPadOS,16.1,5
iOS,16.4,5
iPadOS,16.6,5
Android,(not set),4
Mac,10.11,4
iPadOS,16.2,4
iPadOS,17.3,4
Windows,8,4
Windows,Server 2003,4
Mac,(not set),3
Mac,10.12,3
iOS,15.3,3
iPadOS,16.3,3
iPadOS,17.5,3
iOS,4.3,3
Raspberry Pi OS,(not set),2
Firefox OS,(not set),2
iOS,(not set),2
Chrome OS,12239.92,2
Chrome OS,14092.77,2
iPadOS,16.5,2
iPadOS,17.2,2
webOS,4.1,2
Fire OS,(not set),1
NetBSD,(not set),1
webOS,1,1
Windows Mobile,10,1
iOS,11.2,1
iOS,12.2,1
iOS,12.3,1
Mac,13.3,1
iOS,13.5,1
Chrome OS,13597.84,1
iOS,14.1,1
iOS,14.3,1
iOS,14.4,1
iOS,14.8,1
Chrome OS,14092.46,1
iPadOS,15.1,1
iPadOS,16.4,1
iPadOS,17.1,1
iOS,18.6,1
HarmonyOS,2.1,1
Tizen,2.3,1
Tizen,2.4,1
webOS,3,1
webOS,3.7,1
Tizen,4.0,1
Fire OS,5,1
Android TV,6.0,1
Android TV,7.0,1
Windows,Vista,1
