name,visitors,bounce_rate,visit_duration
chatgpt.com,188,64,97
perplexity,24,54,17
blog.tericcabrel.com,6,67,29
ethicalads-placement,6,50,82
hackernoon.com,6,50,407
nerdschalk.com,5,80,22
assemblyai.com,4,100,0
jessehouwing.net,4,50,3
Python,3,100,0
logotypus.com,3,67,11
zalo,3,33,5
Securitylab.ru,2,50,3
producthunt,2,100,0
unityflow.dev,2,50,12
Django_Newsletter_154,1,0,2162
blog.min.io,1,100,0
codersera-blogs,1,100,0
evemilano.com,1,100,0
gettingstarted.ai,1,100,0
google,1,0,4
hs_automation,1,100,0
learn-ubuntu,1,100,0
post_page-----1365a9d68c0f---------------------------------------,1,0,26
post_page-----5eaa7dc636cf---------------------------------------,1,0,12
post_page-----e16b7382624a---------------------------------------,1,0,1027
sojalternatives,1,0,93
update,1,0,424
yandex,1,100,0
