name,visitors
Shenzhen,143
Shanghai,93
Warsaw,62
Wuxi,43
Zhenjiang,41
Singapore,38
Hangzhou,24
Huzhou,21
Fuzhou,18
Poznań,16
Lianyun,14
Nanjing,13
Dalian,12
Kraków,12
Suzhou,11
Jiangmen,10
Wrocław,10
Guangzhou,9
Białystok,8
Wenzhou,7
Jinhua,7
Jiaxing,7
Katowice,7
Jingjiang,6
Dongyang,5
Szczecin,5
Xiamen,4
Suzhou,4
Gdańsk,4
Bydgoszcz,4
Recife,4
Wysokie Mazowieckie,3
Suqian,3
Quanzhou,3
Chengdu,3
Toruń,3
Łódź,3
Gliwice,3
Gdynia,3
Kyiv,2
Ząbki,2
Wojciechów,2
Ostrołęka,2
Mielec,2
Lublin,2
Kielce,2
Biłgoraj,2
Yekaterinburg,2
N/A,2
Shantou,2
Nantong,2
Hamburg,2
Budapest,2
Tarnowskie Góry,2
Orzesze,2
Inowrocław,2
Samara,1
Mykolayiv,1
N/A,1
N/A,1
Tomaszów Mazowiecki,1
Siemiatycze,1
Siedlce,1
Sanok,1
Rzeszów,1
Nowy Targ,1
Niepołomice,1
Łomża,1
Łaziska,1
Józefów,1
Dęblin,1
Czarna Białostocka,1
Bochnia,1
Biała Podlaska,1
Lucknow,1
N/A,1
Haining,1
Xiaogan,1
Zhuhai,1
Hefei,1
Guilin,1
Chongqing,1
Hong Kong,1
Shenyang,1
Perth,1
Sunderland,1
Vienna,1
Regensburg,1
Żerków,1
N/A,1
Zabierzów,1
Trzcianka,1
Olkusz,1
Lubliniec,1
Kołobrzeg,1
Dobrzeń Wielki,1
Dąbrowa Górnicza,1
Bielsko-Biala,1
Andrychów,1
Resistencia,1
Telêmaco Borba,1
São Paulo,1
Atibaia,1
Secaucus,1
Los Angeles,1
The Dalles,1
Changshu,1
