name,visitors,bounce_rate,visit_duration
Google,3823,81,125
Direct / None,1844,59,298
Baidu,835,88,15
Bing,278,65,175
qiita.com,256,78,176
note.nkmk.me,235,87,78
Yahoo!,99,78,76
chatgpt.com,43,60,127
python.org,33,0,551
python.jp,29,69,179
moocs.iniad.org,23,91,14
utokyo-ipp.github.io,23,83,10
DuckDuckGo,14,86,816
GitHub,14,78,288
paiza.jp,14,64,946
moodle.hus.ac.jp,12,67,81
chikakot.r.chuo-u.ac.jp,11,75,44
sejuku.net,8,38,30
teratail.com,8,88,24
Microsoft Teams,7,57,232
chokkan.github.io,7,57,415
atmarkit.itmedia.co.jp,6,67,29
lms.ealps.shinshu-u.ac.jp,6,67,57
algo-method.com,5,100,0
hatenablog-parts.com,5,40,254
Perplexity,4,67,23
Youtube,4,75,6
daifuku.aidemy.jp,4,75,147
hitachigroup.okta.com,4,75,3
manaba.kic.kagoshima-u.ac.jp,4,50,26
tlms.tsc.u-tokai.ac.jp,4,83,9
yoheim.net,4,50,452
Facebook,3,67,142
aisin.aidemy.jp,3,100,0
copilot.microsoft.com,3,0,1955
docs.pyq.jp,3,100,0
hibiki-press.tech,3,100,0
srbrnote.work,3,67,510
terakoya.sejuku.net,3,67,624
10.2.60.190,2,50,18
bitarrow.eplang.jp,2,50,56
blog.mtb-production.info,2,50,166
copilot.cloud.microsoft,2,50,1475
daatc-100522.service.pub.digitalartscloud.com,2,100,0
devlights.hatenablog.com,2,50,26
dropbox.com,2,67,10
ikatakos.com,2,100,0
jupyter.org,2,50,4
ki.keyence.co.jp,2,100,0
lms.ynu.ac.jp,2,50,153
manaba.tsukuba.ac.jp,2,50,24
mazda.aidemy.jp,2,100,0
medium.com,2,50,21
miyabikno-jobs.com,2,50,283
peps.python.org,2,0,671
pyex.srbrnote.work,2,100,0
python-izm.com,2,100,0
pythonrev.blogspot.com,2,100,0
sfdjp12875.swf.nec.co.jp,2,100,0
shionogi-chat.shionogi.co.jp,2,50,27
techblog.asahi-net.co.jp,2,100,0
turbo-carnival-699jgv7r777pf55rr.github.dev,2,0,292
tutorials.chainer.org,2,100,0
webtomoblg.net,2,50,202
404background.com,1,0,23
Biglobe,1,100,0
Brave,1,0,68
Ecosia,1,0,1271
Quora,1,100,0
Reddit,1,0,32
Yandex,1,0,218
act-mis-langaccel-web.azurewebsites.net,1,0,2865
aiacademy.jp,1,100,0
aichat.jp.bridgestone,1,0,32
akiblog.tech,1,100,0
app.ai-constcierge.com,1,100,0
app.gitbook.com,1,100,0
asahi-kasei.aidemy.jp,1,100,0
atcoder.jp,1,100,0
biz.quest.signate.jp,1,100,0
chat.intra.miraxia.com,1,100,0
chat.rdg-genai.crl.hitachi.co.jp,1,100,0
codecademy.cn,1,0,1284
connpass.com,1,100,0
darkside.info.kanazawa-it.ac.jp,1,0,36
denshi.club,1,0,1314
dev.classmethod.jp,1,100,0
dev.wellcorelife.com,1,0,2627
digipla.qh.toyota.co.jp,1,100,0
disc.lab.uec.ac.jp,1,100,0
diver.diveintocode.jp,1,100,0
elasticsearch-py.readthedocs.io,1,0,47
engineer-life.dev,1,100,0
engineercafe.connpass.com,1,0,8
ensta-blog.com,1,0,93
fujifilm.aidemy.jp,1,100,0
gotutiyan.hatenablog.com,1,100,0
hpc.cmc.osaka-u.ac.jp,1,100,0
jeis2.aidemy.jp,1,100,0
jpc-powerpoint.officeapps.live.com,1,100,0
kids.yahoo.co.jp,1,0,8
kikagaku.ai,1,100,0
m365.cloud.microsoft,1,100,0
maku77.github.io,1,100,0
masahito.hatenablog.com,1,100,0
maspypy.com,1,100,0
mazak00.smart-generative-chat.com,1,0,456
mikan-tech.net,1,100,0
miyake.github.io,1,100,0
monomonotech.jp,1,100,0
msi.co.jp,1,0,372
murata-coworker.macp.murata.com,1,0,151
na-inet.jp,1,100,0
nainaistar.hatenablog.com,1,0,86
nikkie-ftnext.hatenablog.com,1,0,42
nlp.netlearning.co.jp,1,100,0
note.alhinc.jp,1,0,23
note.crohaco.net,1,100,0
notion.so,1,100,0
odekake-asobi-blog.com,1,100,0
ohke.hateblo.jp,1,100,0
oreilly.co.jp,1,0,20
paveway.info,1,100,0
powerpoint.officeapps.live.com,1,100,0
preview.itmedia.co.jp,1,100,0
pycamp.pycon.jp,1,100,0
pypi.org,1,100,0
python.joho.info,1,100,0
python.ms,1,0,866
rd.ntt,1,0,344
relief.jp,1,100,0
research.kek.jp,1,0,78
school.ctc-g.co.jp,1,100,0
server01.d-advantage.com,1,100,0
smijake3.hatenablog.com,1,100,0
space.genbacloud.com,1,100,0
sphinx-users.jp,1,100,0
staging-console.graffer.jp,1,100,0
swat.sci.ibaraki.ac.jp,1,100,0
takahashihiroshi.github.io,1,0,9
takeg.hatenadiary.jp,1,100,0
tatsy.github.io,1,100,0
tech.morikatron.ai,1,100,0
tech.nkhn37.net,1,100,0
terao.akiba.coocan.jp,1,100,0
teshi-learn.com,1,100,0
thinkit.co.jp,1,0,20
tomohiro.site,1,100,0
tutorial.djangogirls.org,1,0,418
tyoshidalog.blogspot.com,1,100,0
udemy.com,1,100,0
valuecommerce.atlassian.net,1,100,0
viewer.documentisolation,1,100,0
webbibouroku.com,1,0,437
zaki-hmkc.hatenablog.com,1,100,0
