name,visitors,pageviews,bounce_rate,time_on_page
/zh-tw/3.13/tutorial/index.html,58,75,33,101.31111111111112
/zh-tw/3/tutorial/index.html,30,45,53,235.92857142857142
/zh-tw/3.13/installing/index.html,25,32,87,356.6666666666667
/zh-tw/3.13/using/mac.html,25,25,96,24.0
/zh-tw/3.13/tutorial/classes.html,23,28,71,216.0
/zh-tw/3.13/tutorial/interpreter.html,18,25,67,76.9
/zh-tw/3.13/howto/sorting.html,17,21,86,752.0
/zh-tw/3.13/library/random.html,17,19,87,630.3333333333334
/zh-tw/3.13/library/venv.html,17,19,93,
/zh-tw/3.13/tutorial/datastructures.html,16,17,91,268.25
/zh-tw/3.12/library/custominterp.html,15,15,73,18.5
/zh-tw/3.13/tutorial/introduction.html,15,18,67,252.57142857142858
/zh-tw/3.13/library/functions.html,14,23,71,225.3
/zh-tw/3.13/tutorial/appetite.html,14,15,0,22.333333333333332
/zh-tw/3.13/,13,16,0,8.466666666666667
/zh-tw/3.13/tutorial/controlflow.html,12,16,50,511.875
/zh-tw/3.13/tutorial/modules.html,12,13,62,145.5
/zh-tw/3/tutorial/interpreter.html,11,14,100,179.0
/zh-tw/3.13/library/heapq.html,10,10,90,326.0
/zh-tw/3.13/library/collections.html,9,11,80,1163.5
/zh-tw/3.13/library/index.html,9,14,33,22.6
/zh-tw/3.13/library/os.path.html,9,12,91,
/zh-tw/3/faq/windows.html,9,9,100,
/zh-tw/3/tutorial/appetite.html,9,9,100,9.333333333333334
/zh-tw/dev/library/os.path.html,9,11,100,
/zh-tw/3.13/library/string.html,8,8,100,
/zh-tw/3.13/search.html,8,15,0,98.71428571428571
/zh-tw/3/howto/argparse.html,8,8,100,
/zh-tw/3/tutorial/controlflow.html,8,8,100,44.0
/zh-tw/3.13/library/__main__.html,7,7,50,325.6666666666667
/zh-tw/3.13/tutorial/venv.html,7,8,83,698.0
/zh-tw/3.13/library/copy.html,6,6,100,208.0
/zh-tw/3.13/library/json.html,6,7,100,
/zh-tw/3.13/library/stdtypes.html,6,9,67,389.5
/zh-tw/3.13/library/time.html,6,6,100,20.0
/zh-tw/3.13/reference/index.html,6,7,0,140.75
/zh-tw/3/library/concurrent.futures.html,6,9,71,244.0
/zh-tw/3/library/threading.html,6,6,100,1310.0
/zh-tw/3.13/library/csv.html,5,5,100,1318.0
/zh-tw/3.13/library/exceptions.html,5,6,67,74.0
/zh-tw/3.13/library/operator.html,5,5,100,
/zh-tw/3.13/library/pathlib.html,5,5,60,1030.0
/zh-tw/3.13/library/statistics.html,5,6,100,
/zh-tw/3/library/pickle.html,5,5,100,
/zh-tw/3.13/library/urllib.request.html,4,4,100,
/zh-tw/3.13/tutorial/errors.html,4,4,75,40.0
/zh-tw/3.13/tutorial/inputoutput.html,4,4,100,90.0
/zh-tw/3.13/tutorial/stdlib.html,4,7,0,61.25
/zh-tw/3/library/functools.html,4,5,75,154.0
/zh-tw/3/library/index.html,4,5,75,32.5
/zh-tw/3/library/math.html,4,4,75,1211.0
/zh-tw/3/library/unittest.html,4,6,100,
/zh-tw/3/tutorial/introduction.html,4,5,100,
/zh-tw/dev/library/csv.html,4,5,75,454.0
/zh-tw/3.13/contents.html,3,5,100,5.5
/zh-tw/3.13/index.html,3,3,0,7.5
/zh-tw/3.13/library/array.html,3,3,100,
/zh-tw/3.13/library/ast.html,3,4,67,
/zh-tw/3.13/library/constants.html,3,3,0,1198.0
/zh-tw/3.13/library/timeit.html,3,3,100,1432.0
/zh-tw/3.13/library/typing.html,3,3,50,29.0
/zh-tw/3.13/tutorial/appendix.html,3,3,100,4.0
/zh-tw/3.13/using/cmdline.html,3,3,0,640.0
/zh-tw/3.14/,3,3,0,10.0
/zh-tw/3/library/functions.html,3,4,33,15.0
/zh-tw/3/reference/import.html,3,3,50,29.0
/zh-tw/3/tutorial/appendix.html,3,3,50,298.0
/zh-tw/3/tutorial/classes.html,3,4,100,
/zh-tw/3/tutorial/floatingpoint.html,3,3,100,
/zh-tw/3/whatsnew/3.13.html,3,4,0,49.0
/zh-tw/3.12/library/code.html,2,2,0,
/zh-tw/3.12/library/turtle.html,2,2,100,
/zh-tw/3.12/tutorial/inputoutput.html,2,2,100,660.0
/zh-tw/3.12/using/mac.html,2,2,100,
/zh-tw/3.13/genindex.html,2,2,0,3.5
/zh-tw/3.13/glossary.html,2,8,0,33.666666666666664
/zh-tw/3.13/howto/annotations.html,2,2,100,
/zh-tw/3.13/howto/sockets.html,2,3,100,
/zh-tw/3.13/library/,2,2,0,6.0
/zh-tw/3.13/library/bisect.html,2,2,50,5.0
/zh-tw/3.13/library/datetime.html,2,2,0,10.0
/zh-tw/3.13/library/glob.html,2,2,100,
/zh-tw/3.13/library/hashlib.html,2,2,100,
/zh-tw/3.13/library/intro.html,2,2,0,29.0
/zh-tw/3.13/library/io.html,2,4,75,1.0
/zh-tw/3.13/library/itertools.html,2,2,100,
/zh-tw/3.13/library/math.html,2,2,0,5.0
/zh-tw/3.13/py-modindex.html,2,2,0,5.0
/zh-tw/3.13/reference/compound_stmts.html,2,2,0,
/zh-tw/3.13/reference/introduction.html,2,2,0,12.0
/zh-tw/3.13/reference/lexical_analysis.html,2,2,0,103.0
/zh-tw/3.13/reference/simple_stmts.html,2,2,0,
/zh-tw/3.13/tutorial/,2,2,0,19.5
/zh-tw/3.13/tutorial/floatingpoint.html,2,2,100,
/zh-tw/3.13/using/unix.html,2,2,0,496.5
/zh-tw/3.13/using/windows.html,2,2,0,10.0
/zh-tw/3.13/whatsnew/index.html,2,3,100,
/zh-tw/3.14/whatsnew/3.14.html,2,2,0,26.0
/zh-tw/3/,2,2,50,32.0
/zh-tw/3/contents.html,2,3,0,32.5
