name,version,visitors
Windows,10,14667
Mac,10.15,3942
GNU/Linux,(not set),1284
Android,10,840
iOS,18.4,357
Ubuntu,(not set),349
iOS,18.5,157
Windows,7,81
Android,15,61
Android,14,55
Chrome OS,14541.0,55
iOS,18.3,48
Android,12,38
Android,13,32
Android,11,17
iOS,17.6,16
HarmonyOS,(not set),13
iOS,17.5,13
Windows,8.1,11
iOS,17.7,10
iOS,18.0,10
iOS,18.1,10
iOS,12.5,8
iOS,16.7,8
iOS,17.2,7
Mac,10.13,6
iOS,16.1,6
iOS,16.3,6
iOS,15.4,5
iOS,17.4,5
iOS,16.6,4
Raspberry Pi OS,(not set),3
(not set),(not set),3
iOS,17.1,3
iOS,18.2,3
Android,9,3
Mac,10.14,2
iOS,14.2,2
iOS,15.1,2
Mac,15.4,2
iOS,15.7,2
iOS,15.8,2
Android,16,2
iOS,16.5,2
iOS,17.3,2
iPadOS,17.6,2
Android,4.2,2
Fire OS,7,2
Windows,8,2
iOS,10.3,1
iPadOS,13.5,1
iOS,13.5,1
Chrome OS,14092.77,1
Chrome OS,14695.107,1
iOS,15.3,1
iPadOS,15.8,1
iPadOS,16.4,1
iPadOS,17.5,1
iPadOS,17.7,1
iOS,18.6,1
HarmonyOS,2.2,1
Fire OS,5,1
Fire OS,6,1
Tizen,6.5,1
Android,8.1,1
Windows,NT,1
Windows,Vista,1
Windows,XP,1
