property,value,visitors,events,percentage
url,(none),1427,2001,99.9
url,https://www.python.org/,13,13,0.9
url,https://packaging.python.org/en/latest/tutorials/installing-packages/#ensure-pip-setuptools-and-wheel-are-up-to-date,3,3,0.2
url,https://packaging.python.org/extensions/,2,2,0.1
url,https://www.python.org/downloads/macos/,2,2,0.1
url,https://www.zlib.net/,2,2,0.1
url,https://en.wikipedia.org/wiki/Universal_binary,1,1,0.1
url,https://en.wikipedia.org/wiki/Unix_time,1,1,0.1
url,https://github.com/anordin95/a-conceptual-overview-of-asyncio/tree/main,1,1,0.1
url,https://github.com/python/cpython/tree/3.13/Lib/random.py,1,1,0.1
url,https://github.com/python/cpython/tree/3.13/Lib/webbrowser.py,1,2,0.1
url,https://packaging.python.org/installing/#requirements-for-installing-packages,1,1,0.1
url,https://pypi.org/project/legacy-cgi/,1,1,0.1
url,https://www.python.org/downloads/,1,1,0.1
url,https://zh.wikipedia.org/zh-tw/%E6%96%90%E6%B3%A2%E9%82%A3%E5%A5%91%E6%95%B0%E5%88%97,1,1,0.1
