name,visitors
Chrome,15448
Microsoft Edge,8187
Firefox,1902
Mobile App,1188
Safari,1011
Opera,759
Yandex Browser,228
vivo Browser,114
Smart Lenovo Browser,112
Huawei Browser Mobile,93
Quark,72
QQ Browser,47
Avast Secure Browser,46
MIUI Browser,44
Samsung Browser,36
Whale Browser,26
UC Browser,17
Huawei Browser,16
Sogou Explorer,14
AVG Secure Browser,13
(not set),6
Avira Secure Browser,5
360 Secure Browser,4
QtWebEngine,4
CCleaner,3
Hi Browser,3
Iron,3
Opera Touch,3
Brave,2
Ecosia,2
SberBrowser,2
Sleipnir,2
UBrowser,2
115 Browser,1
Android Browser,1
DuckDuckGo Privacy Browser,1
Mint Browser,1
Openwave Mobile Browser,1
Oppo Browser,1
Postman Desktop,1
Soul Browser,1
