name,visitors
China,4108
India,1912
United States,1622
Japan,1557
Brazil,972
Taiwan,519
South Korea,466
France,396
Russian Federation,374
Hong Kong,366
Mexico,346
Ukraine,315
Singapore,307
Colombia,301
Germany,289
Spain,248
United Kingdom,240
Pakistan,214
Argentina,200
Indonesia,194
Vietnam,192
Canada,191
Australia,186
Turkey,181
Egypt,173
Iran,167
Peru,158
Philippines,153
Italy,146
Nigeria,141
Chile,127
Poland,114
Bangladesh,102
South Africa,101
Malaysia,91
Thailand,91
Netherlands,89
Saudi Arabia,79
Morocco,76
Kenya,66
Uzbekistan,61
Venezuela,58
Dominican Republic,56
Sweden,56
New Zealand,55
Switzerland,47
Ghana,47
Israel,45
Algeria,44
United Arab Emirates,43
Sri Lanka,40
Costa Rica,39
Iraq,38
Belgium,37
Czechia,37
Norway,36
Nepal,36
Portugal,36
Kazakhstan,35
Ecuador,34
Guatemala,34
Finland,33
Ireland,32
Ethiopia,31
Bolivia,29
Cameroon,29
Hungary,29
Romania,28
Greece,27
Myanmar,27
Austria,26
Tunisia,24
Côte d'Ivoire,23
Denmark,23
Belarus,22
Cambodia,22
Yemen,22
Paraguay,21
Azerbaijan,19
El Salvador,19
Jordan,17
"Congo, The Democratic Republic of the",16
Uruguay,16
Panama,15
Serbia,15
Bulgaria,14
Congo,14
Cuba,14
Angola,13
Uganda,13
Honduras,12
Croatia,12
Benin,11
Kyrgyzstan,11
Malawi,11
Georgia,10
Togo,10
Kuwait,9
Lebanon,9
Moldova,9
Mongolia,9
Nicaragua,9
Qatar,9
Slovakia,9
Somalia,9
Lithuania,8
Libya,8
Puerto Rico,8
"Palestine, State of",8
Tanzania,8
Zimbabwe,8
Afghanistan,7
Botswana,7
Iceland,7
Jamaica,7
Madagascar,7
Armenia,6
Burkina Faso,6
Laos,6
Mozambique,6
Oman,6
Rwanda,6
Seychelles,6
Trinidad and Tobago,6
Cyprus,5
Guinea,5
Haiti,5
Luxembourg,5
Latvia,5
Mali,5
Papua New Guinea,5
Syria,5
Malta,4
Slovenia,4
Senegal,4
Zambia,4
Gabon,3
Lesotho,3
North Macedonia,3
Macao,3
Mauritania,3
Namibia,3
French Polynesia,3
Sierra Leone,3
Tajikistan,3
Albania,2
Bosnia and Herzegovina,2
Bahrain,2
Burundi,2
Estonia,2
Gambia,2
Martinique,2
Mauritius,2
Niger,2
Réunion,2
Sudan,2
Suriname,2
South Sudan,2
Turkmenistan,2
Bermuda,1
Bhutan,1
Djibouti,1
Dominica,1
Guyana,1
Cayman Islands,1
Montenegro,1
Maldives,1
Sao Tome and Principe,1
Sint Maarten (Dutch part),1
Eswatini,1
"Virgin Islands, U.S.",1
