property,value,visitors,events,percentage
url,(none),19469,35693,99.7
url,https://www.python.org/,289,311,1.5
url,https://peps.python.org/pep-0397/,26,29,0.1
url,https://www.python.org/downloads/windows/,22,22,0.1
url,https://www.python.org/downloads/,20,20,0.1
url,https://peps.python.org/pep-0011/,18,19,0.1
url,https://peps.python.org/pep-0719/,18,19,0.1
url,https://pypi.org/,16,16,0.1
url,https://wiki.python.org/moin/BeginnersGuide,16,16,0.1
url,https://tkdocs.com/,12,12,0.1
url,https://github.com/python/cpython/tree/3.13/Lib/tkinter/__init__.py,10,11,0.1
url,https://github.com/python/cpython/blob/main/Doc/tutorial/index.rst?plain=1,8,8,0.0
url,https://www.python.org/doc/versions/,7,7,0.0
url,https://www.python.org/downloads/macos/,7,7,0.0
url,https://www.tcl.tk/man/tcl8.6/TkCmd/contents.htm,7,8,0.0
url,https://github.com/python/cpython/tree/3.13/Lib/idlelib/,6,6,0.0
url,https://www.anaconda.com/download/,6,6,0.0
url,https://www.activestate.com/products/python/,5,6,0.0
url,https://packaging.python.org/en/latest/tutorials/installing-packages/#ensure-pip-setuptools-and-wheel-are-up-to-date,4,4,0.0
url,https://pypi.org/project/PyWin32/,4,4,0.0
url,https://en.wikipedia.org/wiki/Fibonacci_sequence,3,9,0.0
url,https://github.com/python/cpython/tree/3.13/Lib/random.py,3,3,0.0
url,https://learn.microsoft.com/windows/msix/desktop/desktop-to-uwp-behind-the-scenes,3,3,0.0
url,https://packaging.python.org/en/latest/tutorials/packaging-projects/,3,3,0.0
url,https://packaging.python.org/installing/#creating-virtual-environments,3,3,0.0
url,https://peps.python.org/,3,3,0.0
url,https://peps.python.org/pep-0636/,3,3,0.0
url,https://peps.python.org/pep-0744/,3,3,0.0
url,https://www.boddie.org.uk/python/COM.html,3,3,0.0
url,https://www.debian.org/doc/manuals/maint-guide/first.en.html,3,3,0.0
url,https://www.sphinx-doc.org/,3,3,0.0
url,https://briefcase.readthedocs.io/,2,3,0.0
url,https://cibuildwheel.pypa.io/en/stable/platforms/#android,2,2,0.0
url,https://core.tcl.tk/tips/doc/trunk/tip/48.md,2,3,0.0
url,https://cython.org/,2,2,0.0
url,https://github.com/python/cpython/blob/main/Doc/library/index.rst?plain=1,2,3,0.0
url,https://github.com/python/cpython/blob/main/Doc/whatsnew/3.13.rst?plain=1,2,2,0.0
url,https://github.com/python/cpython/issues/136155,2,2,0.0
url,https://github.com/python/cpython/tree/3.13/Lib/http/server.py,2,4,0.0
url,https://github.com/python/cpython/tree/3.13/Lib/pathlib/,2,4,0.0
url,https://github.com/python/cpython/tree/3.13/Lib/pickle.py,2,2,0.0
url,https://github.com/python/cpython/tree/3.13/Lib/string.py,2,2,0.0
url,https://github.com/python/cpython/tree/3.13/Lib/xml/etree/ElementTree.py,2,4,0.0
url,https://github.com/python/cpython/tree/3.13/README.rst,2,3,0.0
url,https://github.com/python/python-docs-theme,2,2,0.0
url,https://infozip.sourceforge.net/,2,2,0.0
url,https://learn.microsoft.com/windows-server/administration/windows-commands/setx,2,2,0.0
url,https://manpages.debian.org/options(3),2,2,0.0
url,https://mypy.readthedocs.io/en/stable/cheat_sheet_py3.html,2,2,0.0
url,https://packaging.python.org/en/latest/tutorials/installing-packages/,2,2,0.0
url,https://packaging.python.org/pt-br/latest/guides/installing-using-pip-and-virtual-environments/#create-and-use-virtual-environments,2,2,0.0
url,https://packaging.python.org/science/,2,2,0.0
url,https://peps.python.org/pep-0492/,2,2,0.0
url,https://peps.python.org/pep-0574/,2,3,0.0
url,https://peps.python.org/pep-0730/,2,2,0.0
url,https://peps.python.org/pep-3107/,2,2,0.0
url,https://pyodide.org/,2,2,0.0
url,https://pypi.org/project/tomlkit/,2,4,0.0
url,https://pypy.org/,2,2,0.0
url,https://pyscript.net/,2,2,0.0
url,https://requests.readthedocs.io/en/master/,2,2,0.0
url,https://wiki.python.org/moin/PythonBooks,2,2,0.0
url,https://wiki.python.org/moin/PythonEditors,2,2,0.0
url,https://www.tkdocs.com/,2,2,0.0
url,https://www.tkdocs.com/shipman/,2,2,0.0
url,https://www.tkdocs.com/shipman/',2,2,0.0
url,https://www.unicode.org/Public/15.1.0/ucd/PropList.txt,2,3,0.0
url,https://www.unicode.org/versions/Unicode15.1.0/ch03.pdf,2,2,0.0
url,https://brew.sh/,1,1,0.0
url,https://bugs.python.org/issue?@action=redirect&bpo=42413,1,1,0.0
url,https://buildozer.readthedocs.io/,1,1,0.0
url,https://code.activestate.com/recipes/576707-long-period-random-number-generator/,1,1,0.0
url,https://code.activestate.com/recipes/langs/python/,1,1,0.0
url,https://csrc.nist.gov/pubs/fips/202/final,1,1,0.0
url,https://cygwin.com/packages/summary/python3.html,1,1,0.0
url,https://datatracker.ietf.org/doc/html/rfc4180.html,1,1,0.0
url,https://devguide.python.org/,1,1,0.0
url,https://devguide.python.org/documentation/help-documenting/,1,1,0.0
url,https://devguide.python.org/setup/#get-the-source-code,1,1,0.0
url,https://discuss.python.org/c/core-dev/c-api/30,1,1,0.0
url,https://docutils.sourceforge.io/,1,1,0.0
url,https://en.wikipedia.org/wiki/Coordinated_Universal_Time,1,1,0.0
url,https://en.wikipedia.org/wiki/Heapsort,1,1,0.0
url,https://en.wikipedia.org/wiki/Pearson_correlation_coefficient,1,1,0.0
url,https://en.wikipedia.org/wiki/Priority_queue,1,1,0.0
url,https://en.wikipedia.org/wiki/Simple_linear_regression,1,1,0.0
url,https://en.wikipedia.org/wiki/Spearman%27s_rank_correlation_coefficient,1,1,0.0
url,https://en.wikipedia.org/wiki/Transpose,1,1,0.0
url,https://en.wikipedia.org/wiki/Universal_binary,1,1,0.0
url,https://force-color.org/,1,1,0.0
url,https://github.com/python/cpython/blob/main/Doc/glossary.rst?plain=1,1,1,0.0
url,https://github.com/python/cpython/blob/main/Doc/library/functions.rst?plain=1,1,1,0.0
url,https://github.com/python/cpython/blob/main/Doc/library/hashlib.rst?plain=1,1,2,0.0
url,https://github.com/python/cpython/blob/main/Doc/library/pprint.rst?plain=1,1,1,0.0
url,https://github.com/python/cpython/blob/main/Doc/library/stdtypes.rst?plain=1,1,1,0.0
url,https://github.com/python/cpython/blob/main/Doc/reference/grammar.rst?plain=1,1,1,0.0
url,https://github.com/python/cpython/blob/main/Doc/tutorial/interpreter.rst?plain=1,1,1,0.0
url,https://github.com/python/cpython/blob/main/Doc/tutorial/introduction.rst?plain=1,1,1,0.0
url,https://github.com/python/cpython/blob/main/Doc/using/cmdline.rst?plain=1,1,1,0.0
url,https://github.com/python/cpython/blob/main/Doc/using/mac.rst?plain=1,1,1,0.0
url,https://github.com/python/cpython/blob/main/Doc/whatsnew/index.rst?plain=1,1,1,0.0
url,https://github.com/python/cpython/blob/main/Tools/jit/README.md,1,1,0.0
url,https://github.com/python/cpython/issues/107944,1,1,0.0
url,https://github.com/python/cpython/issues/127987,1,1,0.0
url,https://github.com/python/cpython/issues/132710,1,1,0.0
url,https://github.com/python/cpython/issues/135968,1,1,0.0
url,https://github.com/python/cpython/issues/137134,1,1,0.0
url,https://github.com/python/cpython/issues/88569,1,1,0.0
url,https://github.com/python/cpython/tree/3.13/Lib/ast.py,1,1,0.0
url,https://github.com/python/cpython/tree/3.13/Lib/asyncio/runners.py,1,1,0.0
url,https://github.com/python/cpython/tree/3.13/Lib/codecs.py,1,1,0.0
url,https://github.com/python/cpython/tree/3.13/Lib/collections/__init__.py,1,1,0.0
url,https://github.com/python/cpython/tree/3.13/Lib/csv.py,1,1,0.0
url,https://github.com/python/cpython/tree/3.13/Lib/decimal.py,1,1,0.0
url,https://github.com/python/cpython/tree/3.13/Lib/importlib/metadata/__init__.py,1,1,0.0
url,https://github.com/python/cpython/tree/3.13/Lib/re/,1,2,0.0
url,https://github.com/python/cpython/tree/3.13/Lib/site.py,1,1,0.0
url,https://github.com/python/cpython/tree/3.13/Lib/sqlite3/,1,1,0.0
url,https://github.com/python/cpython/tree/3.13/Lib/statistics.py,1,1,0.0
url,https://github.com/python/cpython/tree/3.13/Lib/tkinter/ttk.py,1,1,0.0
url,https://github.com/python/cpython/tree/3.13/Lib/turtle.py,1,1,0.0
url,https://github.com/python/cpython/tree/3.13/Lib/unittest/__init__.py,1,1,0.0
url,https://github.com/python/cpython/tree/3.13/Lib/urllib/parse.py,1,1,0.0
url,https://github.com/python/cpython/tree/3.13/Lib/venv/,1,1,0.0
url,https://github.com/python/cpython/tree/3.13/Lib/zipapp.py,1,1,0.0
url,https://gvanrossum.github.io/,1,1,0.0
url,https://hpyproject.org/,1,1,0.0
url,https://learn.microsoft.com/windows/win32/procthread/environment-variables,1,1,0.0
url,https://mail.python.org/mailman3/lists/core-mentorship.python.org/,1,1,0.0
url,https://manpages.debian.org/locale(5),1,1,0.0
url,https://manpages.debian.org/strftime(3),1,1,0.0
url,https://no-color.org/,1,1,0.0
url,https://packaging.python.org/,1,1,0.0
url,https://packaging.python.org/extensions/,1,1,0.0
url,https://packaging.python.org/guides/installing-using-pip-and-virtual-environments/#create-and-use-virtual-environments,1,1,0.0
url,https://packaging.python.org/installing/,1,1,0.0
url,https://peps.python.org/pep-0008/,1,1,0.0
url,https://peps.python.org/pep-0011/#tier-3,1,1,0.0
url,https://peps.python.org/pep-0237/,1,1,0.0
url,https://peps.python.org/pep-0484/,1,1,0.0
url,https://peps.python.org/pep-0514/,1,1,0.0
url,https://peps.python.org/pep-0515/,1,1,0.0
url,https://peps.python.org/pep-0519/,1,1,0.0
url,https://peps.python.org/pep-0528/,1,1,0.0
url,https://peps.python.org/pep-0538/,1,1,0.0
url,https://peps.python.org/pep-0557/,1,1,0.0
url,https://peps.python.org/pep-0567/,1,1,0.0
url,https://peps.python.org/pep-0585/,1,1,0.0
url,https://peps.python.org/pep-0602/,1,1,0.0
url,https://peps.python.org/pep-0696/,1,1,0.0
url,https://peps.python.org/pep-0703/,1,1,0.0
url,https://peps.python.org/pep-0706/,1,1,0.0
url,https://peps.python.org/pep-0738/,1,1,0.0
url,https://peps.python.org/pep-3101/,1,1,0.0
url,https://peps.python.org/pep-3119/,1,1,0.0
url,https://peps.python.org/pep-3154/,1,1,0.0
url,https://peps.python.org/pep-3155/,1,1,0.0
url,https://perf.wiki.kernel.org/,1,1,0.0
url,https://pkware.cachefly.net/webdocs/casestudies/APPNOTE.TXT,1,1,0.0
url,https://pyo3.rs/,1,1,0.0
url,https://pypi.org/project/python-pam/,1,1,0.0
url,https://pypi.org/project/standard-aifc/,1,1,0.0
url,https://pypi.org/project/tomli-w/,1,1,0.0
url,https://pythonce.sourceforge.net/,1,1,0.0
url,https://pythonnet.github.io/,1,1,0.0
url,https://rfc.zeromq.org/spec/32/,1,1,0.0
url,https://sqlite.org/inmemorydb.html,1,1,0.0
url,https://tiswww.case.edu/php/chet/readline/rltop.html,1,1,0.0
url,https://web.archive.org/web/20150315073817/http://www.xprogramming.com/testfram.htm,1,1,0.0
url,https://wiki.python.org/moin/IntegratedDevelopmentEnvironments,1,1,0.0
url,https://wiki.tcl-lang.org/37432,1,1,0.0
url,https://winpython.github.io/,1,1,0.0
url,https://www.jython.org/,1,2,0.0
url,https://www.macports.org/,1,1,0.0
url,https://www.nuget.org/packages/python-freethreaded,1,1,0.0
url,https://www.packtpub.com/en-br/product/python-gui-programming-with-tkinter-9781788835886,1,1,0.0
url,https://www.packtpub.com/en-us/product/python-gui-programming-with-tkinter-9781788835886,1,1,0.0
url,https://www.swig.org/,1,1,0.0
