name,visitors
Paris,367
Singapore,164
Marseille,83
Abidjan,47
Toulouse,42
Lyon,41
Rennes,33
Dakar,31
Québec,26
Grenoble,25
Charenton-le-Pont,24
Nantes,23
Montpellier,23
Brussels,22
Lille,22
Bordeaux,22
Marçon,21
Casablanca,20
Montréal,20
Liège,19
Shenzhen,18
Strasbourg,18
Orléans,18
Le Rheu,17
Lomé,16
Tunis,16
Villeurbanne,16
Shanghai,15
Lausanne,15
Antananarivo,14
Marrakesh,14
Reims,14
Nice,14
Douala,13
Kinshasa,13
Ouagadougou,13
Villeneuve-d'Ascq,13
Rabat,12
Poitiers,12
Montigny-le-Bretonneux,12
Argenteuil,12
Antony,11
Amiens,11
Lattes,10
Clermont-Ferrand,10
Brest,10
Aubervilliers,10
Gatineau,10
Wuxi,9
Villejuif,9
Toulon,9
Nancy,9
Choisy-le-Roi,9
Besançon,9
Annecy,9
Lubumbashi,8
Cotonou,8
Zürich,8
Valence,8
Pantin,8
Le Pont-de-Claix,8
Lens,8
Le Mans,8
Caen,8
Yaoundé,7
Bamako,7
Sétif,7
Charleroi,7
Roubaix,7
Orsay,7
Nîmes,7
Montreuil,7
Massy,7
Le Bourget-du-Lac,7
La Rochelle,7
Colombes,7
Oran,6
Fès,6
Agadir,6
Tours,6
Palaiseau,6
Neuilly-sur-Seine,6
Le Bouscat,6
Fontaine,6
Dijon,6
Port-au-Prince,6
Blida,5
Algiers,5
La Louvière,5
Vitry-sur-Seine,5
Pessac,5
Mulhouse,5
Maisons-Alfort,5
Les Mureaux,5
La Garenne-Colombes,5
Gif-sur-Yvette,5
Évry,5
Creil,5
Compiègne,5
Bures-sur-Yvette,5
Bourges,5
Aumetz,5
Asnières-sur-Seine,5
Aix-en-Provence,5
Les Abymes,5
Saint-Denis,4
Nantong,4
Tokyo,4
Brazzaville,4
Gemena,4
Libreville,4
Conakry,4
Constantine,4
Meknès,4
Kenitra,4
Genève,4
Dublin,4
Villefranche-sur-Saône,4
Vannes,4
Schiltigheim,4
Saint-Maur-des-Fossés,4
Saint-Martin-d'Hères,4
Saint-Chamond,4
Rueil-Malmaison,4
Rouen,4
Obernai,4
Marignane,4
Levallois-Perret,4
Lescar,4
Le Havre,4
Lagny-sur-Marne,4
Grasse,4
Décines-Charpieu,4
Châtenay-Malabry,4
Châteauneuf-sur-Loire,4
Chartres,4
Cergy,4
Boulogne-Billancourt,4
Boissy-Saint-Léger,4
Saint-Paul,3
Ho Chi Minh City,3
Dongyang,3
Wuhan,3
Fuzhou,3
Nouméa,3
Manouba,3
Ariana,3
Tlemcen,3
Mohammedia,3
Neuchâtel,3
Fribourg,3
Gent,3
Viry-Châtillon,3
Vauréal,3
Valenciennes,3
Triel-sur-Seine,3
Tremblay-en-France,3
Ternay,3
Tassin-la-Demi-Lune,3
Sèvres,3
Saint-Mandé,3
Saint-Bonnet-de-Mure,3
Ormes,3
Nanterre,3
Montélimar,3
Meyzieu,3
La Roche-sur-Yon,3
Lannion,3
Lançon-Provence,3
N/A,3
La Ferté-sous-Jouarre,3
Kurtzenhouse,3
Jouy-en-Josas,3
Issy-les-Moulineaux,3
Houilles,3
Gargenville,3
Francheville,3
Évreux,3
Elven,3
Denain,3
Cherbourg-Octeville,3
Champigny-sur-Marne,3
Capdenac-Gare,3
Bois-Guillaume,3
Béthune,3
Avranches,3
Aulnay-sous-Bois,3
Athis-Mons,3
Abbeville,3
New York City,3
Ottawa,3
Lévis,3
N/A,3
Jeddah,2
Rumonge,2
Minsk,2
Belgrade,2
Port Louis,2
Le Tampon,2
N/A,2
Chennai,2
Bengaluru,2
Zhenjiang,2
Shantou,2
Jinhua,2
Dalian,2
Hong Kong,2
N/A,2
Luanda,2
Sémé,2
Lisbon,2
Sousse,2
Saïda,2
Ouargla,2
Tangier,2
Sale,2
Oujda-Angad,2
Beni Mellal,2
Bjerringbro,2
London,2
Uitikon,2
Renens,2
Lugano,2
Aigle,2
Naaldwijk,2
Amsterdam,2
Namur,2
Mons,2
Oldenburg,2
Munich,2
Wasselonne,2
Voiron,2
Vincennes,2
Villeparisis,2
Villars-les-Dombes,2
Vénissieux,2
Vayres,2
Vaulx-en-Velin,2
Vallauris,2
Troyes,2
Trélissac,2
Thionville,2
Tarnos,2
Soissons,2
Seyssinet-Pariset,2
Sète,2
Senlis,2
N/A,2
Saint-Ouen,2
Saint-Nazaire,2
Saint-Louis,2
Saint-Julien-en-Genevois,2
Saint-Herblain,2
Saint-Georges-les-Bains,2
Saint-Genis-Laval,2
N/A,2
Saint-André-de-Sangonis,2
Romilly-sur-Seine,2
Romainville,2
Riom,2
Quimper,2
Poussan,2
Plouzané,2
Pézenas,2
Pau,2
Noisy-le-Grand,2
Neuville-sur-Saône,2
Montmorency,2
Montlouis-sur-Loire,2
Meudon,2
Metz,2
Martillac,2
Martignas-sur-Jalle,2
Marssac-sur-Tarn,2
Marcq-en-Barœul,2
Mantes-la-Jolie,2
Malzéville,2
Malakoff,2
Magny-les-Hameaux,2
Lormont,2
L'Isle-d'Abeau,2
Lillebonne,2
Le Vaudreuil,2
Les Herbiers,2
Le Port-Marly,2
Le Plessis-Robinson,2
Le Plessis-Belleville,2
Le Perreux-sur-Marne,2
Laval,2
La Queue-en-Brie,2
N/A,2
Lagord,2
Illkirch-Graffenstaden,2
Hyères,2
Hénansal,2
Guyancourt,2
Guingamp,2
Guignes,2
Gennevilliers,2
Fréjus,2
