property,value,visitors,events,percentage
url,(none),3629,5423,99.8
url,https://www.python.org/,33,33,0.9
url,https://www.python.org/downloads/,4,5,0.1
url,https://docs.python.org/fr/3/archives/python-3.14-docs-text.zip,3,3,0.1
url,https://github.com/python/cpython/tree/3.14/Lib/random.py,3,3,0.1
url,https://github.com/python/cpython/tree/3.14/Lib/turtle.py,3,3,0.1
url,https://packaging.python.org/en/latest/tutorials/packaging-projects/,3,3,0.1
url,https://www.tkdocs.com/,3,3,0.1
url,https://docs.python.org/fr/3.14/archives/python-3.14-docs-html.zip,2,2,0.1
url,https://docs.python.org/fr/3/archives/python-3.14-docs-html.zip,2,2,0.1
url,https://fr.wikipedia.org/wiki/Suite_de_Fibonacci,2,2,0.1
url,https://github.com/python/cpython/tree/3.14/Lib/hashlib.py,2,2,0.1
url,https://github.com/python/cpython/tree/3.14/Lib/idlelib/,2,2,0.1
url,https://github.com/python/cpython/tree/3.14/Lib/tkinter/__init__.py,2,2,0.1
url,https://packaging.python.org/en/latest/tutorials/installing-packages/#ensure-pip-setuptools-and-wheel-are-up-to-date,2,2,0.1
url,https://apps.microsoft.com/detail/9NQ7512CXL7T,1,1,0.0
url,https://cffi.readthedocs.io/,1,1,0.0
url,https://devguide.python.org/documentation/start-documenting/#building-the-documentation,1,1,0.0
url,https://docs.python.org/fr/3.14/archives/python-3.14-docs-texinfo.zip,1,1,0.0
url,https://docs.python.org/fr/3.14/archives/python-3.14-docs-text.zip,1,1,0.0
url,https://docs.python.org/fr/3/archives/python-3.14-docs-texinfo.zip,1,1,0.0
url,https://docs.python.org/fr/3/archives/python-3.14-docs.epub,1,1,0.0
url,https://en.wikipedia.org/wiki/Turtle_(robot),1,1,0.0
url,https://fr.wikipedia.org/wiki/Programmation_fonctionnelle,1,1,0.0
url,https://github.com/python/cpython/blob/main/Doc/library/sqlite3.rst?plain=1,1,1,0.0
url,https://github.com/python/cpython/blob/main/Doc/tutorial/controlflow.rst?plain=1,1,1,0.0
url,https://github.com/python/cpython/blob/main/Doc/tutorial/introduction.rst?plain=1,1,1,0.0
url,https://github.com/python/cpython/issues/82017,1,1,0.0
url,https://github.com/python/cpython/tree/3.13/README.rst,1,1,0.0
url,https://github.com/python/cpython/tree/3.14/Lib/calendar.py,1,2,0.0
url,https://github.com/python/cpython/tree/3.14/Lib/idlelib,1,1,0.0
url,https://github.com/python/cpython/tree/3.14/Lib/ipaddress.py,1,1,0.0
url,https://github.com/python/cpython/tree/3.14/Lib/os.py,1,1,0.0
url,https://github.com/python/cpython/tree/3.14/Lib/pprint.py,1,1,0.0
url,https://github.com/python/cpython/tree/3.14/Lib/socketserver.py,1,1,0.0
url,https://github.com/python/cpython/tree/3.14/Lib/urllib/,1,1,0.0
url,https://github.com/python/cpython/tree/main/Lib/pydoc.py,1,1,0.0
url,https://packaging.python.org/installing/#creating-virtual-environments,1,1,0.0
url,https://packaging.python.org/installing/#requirements-for-installing-packages,1,1,0.0
url,https://packaging.python.org/science/,1,1,0.0
url,https://peps.python.org/pep-0485/,1,1,0.0
url,https://peps.python.org/pep-0594/,1,1,0.0
url,https://peps.python.org/pep-0636/,1,1,0.0
url,https://pypi.org/,1,1,0.0
url,https://pypi.org/project/aiosmtpd/,1,1,0.0
url,https://pythonnet.github.io/,1,1,0.0
url,https://www.anaconda.com/download/,1,1,0.0
url,https://www.debian.org/doc/manuals/maint-guide/first.fr.html,1,1,0.0
url,https://www.packtpub.com/en-us/product/python-gui-programming-with-tkinter-9781788835886,1,1,0.0
url,https://www.python.org/downloads/macos/,1,1,0.0
url,https://www.python.org/psf/donations/,1,1,0.0
url,https://www.tkdocs.com/shipman/,1,1,0.0
url,https://www.zlib.net/,1,1,0.0
