name,unique_exits,total_exits,exit_rate
/fr/3/tutorial/,277,283,
/fr/3/tutorial/datastructures.html,109,115,
/fr/3/library/random.html,100,101,
/fr/3/library/tkinter.html,81,82,
/fr/3/library/csv.html,75,75,
/fr/3/tutorial/classes.html,67,69,
/fr/3/library/turtle.html,62,64,
/fr/3/library/datetime.html,57,58,
/fr/3/tutorial/introduction.html,47,47,
/fr/3/library/stdtypes.html,45,46,
/fr/3/howto/sorting.html,44,46,
/fr/3.15/using/windows.html,43,46,
/fr/3/library/idle.html,42,43,
/fr/3/tutorial/interpreter.html,42,41,
/fr/dev/installing/index.html,40,44,
/fr/3/tutorial/venv.html,38,38,
/fr/3/search.html,37,37,
/fr/3/howto/regex.html,36,39,
/fr/3/tutorial/errors.html,34,33,
/fr/3/library/functions.html,33,33,
/fr/3/library/json.html,32,32,
/fr/3/tutorial/controlflow.html,31,33,
/fr/3/tutorial/appetite.html,30,32,
/fr/3.13/tutorial/classes.html,29,30,
/fr/3/,29,30,
/fr/3/library/time.html,29,30,
/3/,28,28,
/fr/3/tutorial/inputoutput.html,28,28,
/fr/3/library/__main__.html,26,26,
/fr/3/library/enum.html,26,26,
/fr/3/library/math.html,26,26,
/fr/3.13/tutorial/errors.html,24,24,
/fr/3/library/index.html,23,23,
/fr/3.13/reference/import.html,22,23,
/fr/3/library/os.html,22,24,
/fr/3.14/search.html,21,21,
/fr/3/library/re.html,20,21,
/fr/3/library/statistics.html,20,19,
/fr/3/tutorial/modules.html,20,21,
/fr/3/genindex-Symboles.html,19,19,
/fr/3/library/string.html,19,20,
/fr/3.14/,18,18,
/fr/3/tutorial/index.html,18,20,
/fr/3.13/library/functions.html,17,18,
/fr/3.14/tutorial/index.html,17,18,
/fr/3.13/howto/sorting.html,16,16,
/fr/3/library/subprocess.html,16,16,
/fr/3/using/cmdline.html,16,16,
/3/library/turtle.html,15,15,
/fr/3.14/tutorial/interpreter.html,14,14,
/fr/3.14/tutorial/introduction.html,14,15,
/fr/3/using/windows.html,14,15,
/3/library/tkinter.html,13,12,
/fr/3/howto/logging.html,13,14,
/fr/3/library/pathlib.html,13,13,
/fr/3/reference/import.html,13,13,
/fr/dev/reference/compound_stmts.html,13,13,
/fr/3.14/library/functions.html,12,12,
/fr/3.14/tutorial/classes.html,12,14,
/fr/3/howto/sockets.html,12,12,
/fr/3.13/library/stdtypes.html,11,12,
/fr/3.13/library/tkinter.html,11,12,
/fr/3/howto/functional.html,11,13,
/fr/3/library/argparse.html,11,11,
/fr/3/library/collections.html,11,11,
/fr/3/library/glob.html,11,11,
/3/library/csv.html,10,10,
/3/library/datetime.html,10,10,
/fr/3.13/library/datetime.html,10,10,
/fr/3.13/library/math.html,10,10,
/fr/3.13/using/windows.html,10,10,
/fr/3.14/library/turtle.html,10,10,
/fr/3/library/operator.html,10,10,
/fr/3/reference/simple_stmts.html,10,10,
/dev/using/windows.html,9,9,
/fr/3.13/library/pathlib.html,9,9,
/fr/3.13/library/turtle.html,9,9,
/fr/3.14/library/index.html,9,9,
/fr/3.14/tutorial/appetite.html,9,9,
/fr/3.14/tutorial/controlflow.html,9,11,
/fr/3/installing/index.html,9,9,
/fr/3/library/exceptions.html,9,9,
/fr/3/library/venv.html,9,9,
/fr/3/using/editors.html,9,9,
/3/library/functions.html,8,8,
/fr/3.13/library/os.html,8,8,
/fr/3.13/tutorial/introduction.html,8,8,
/fr/3.13/using/unix.html,8,9,
/fr/3.14/library/stdtypes.html,8,8,
/fr/3/library/decimal.html,8,8,
/fr/dev/library/xml.etree.elementtree.html,8,8,
/3/library/stdtypes.html,7,7,
/3/search.html,7,6,
/fr/3.13/library/abc.html,7,7,
/fr/3.13/tutorial/controlflow.html,7,8,
/fr/3.13/tutorial/index.html,7,7,
/fr/3.14/using/windows.html,7,7,
/fr/3/glossary.html,7,7,
/fr/3/howto/unicode.html,7,8,
/fr/3/library/pickle.html,7,7,
