name,unique_entrances,total_entrances,visit_duration
/pl/3/tutorial/index.html,17,17,372
/pl/3/,15,15,204
/pl/3/tutorial/datastructures.html,11,11,149
/pl/3.13/tutorial/index.html,7,7,4
/pl/3/tutorial/controlflow.html,7,7,5
/pl/3/tutorial/modules.html,7,7,90
/3/,6,6,332
/pl/3/tutorial/interpreter.html,5,5,243
/pl/3/tutorial/venv.html,5,5,184
/pl/3/library/array.html,4,5,219
/pl/3/tutorial/,4,4,185
/pl/3/tutorial/appetite.html,4,4,0
/3.13/tutorial/index.html,3,3,1164
/pl/3.12/installing/index.html,3,3,18
/pl/3/installing/index.html,3,3,0
/pl/dev/tutorial/classes.html,3,3,0
/3/library/math.html,2,2,1032
/3/library/xml.sax.html,2,2,1023
/3/tutorial/index.html,2,2,28
/3/tutorial/introduction.html,2,2,48
/pl/3.13/,2,2,0
/pl/3.13/library/index.html,2,2,0
/pl/3.13/tutorial/controlflow.html,2,2,0
/pl/3.13/using/windows.html,2,2,2
/pl/3/extending/extending.html,2,2,2450
/pl/3/library/functions.html,2,2,8
/pl/3/library/random.html,2,2,0
/pl/3/search.html,2,2,56
/pl/dev/tutorial/inputoutput.html,2,2,276
/3.13/glossary.html,1,1,346
/3.13/tutorial/appendix.html,1,1,35
/3.13/tutorial/classes.html,1,1,68
/3/extending/extending.html,1,1,2757
/3/library/array.html,1,1,318
/3/library/copy.html,1,1,2305
/3/library/csv.html,1,1,1004
/3/library/exceptions.html,1,1,2164
/3/library/idle.html,1,1,285
/3/library/json.html,1,1,56
/3/library/shutil.html,1,1,0
/3/library/sqlite3.html,1,1,247
/3/library/time.html,1,1,5
/3/library/venv.html,1,1,8
/3/search.html,1,1,121
/3/tutorial/,1,1,2964
/3/tutorial/controlflow.html,1,1,134
/dev/using/windows.html,1,1,29
/pl/3.12/library/stdtypes.html,1,1,0
/pl/3.12/library/tkinter.html,1,1,0
/pl/3.12/tutorial/controlflow.html,1,1,0
/pl/3.13/howto/sorting.html,1,1,0
/pl/3.13/installing/index.html,1,1,0
/pl/3.13/library/copy.html,1,1,1714
/pl/3.13/library/random.html,1,2,0
/pl/3.13/library/sqlite3.html,1,1,181
/pl/3.13/library/traceback.html,1,1,0
/pl/3.13/tutorial/classes.html,1,2,0
/pl/3.13/tutorial/datastructures.html,1,1,0
/pl/3.13/tutorial/interpreter.html,1,1,40
/pl/3.13/tutorial/introduction.html,1,1,14
/pl/3.13/tutorial/modules.html,1,1,1698
/pl/3.13/whatsnew/3.13.html,1,1,0
/pl/3.15/tutorial/inputoutput.html,1,1,0
/pl/3.15/tutorial/introduction.html,1,1,0
/pl/3/c-api/intro.html,1,1,0
/pl/3/index.html,1,1,6
/pl/3/library/dis.html,1,1,928
/pl/3/library/fractions.html,1,1,2926
/pl/3/library/index.html,1,1,203
/pl/3/library/stdtypes.html,1,1,1856
/pl/3/reference/expressions.html,1,1,0
/pl/3/reference/index.html,1,1,0
/pl/3/reference/lexical_analysis.html,1,1,0
/pl/3/tutorial/errors.html,1,1,0
/pl/3/tutorial/floatingpoint.html,1,1,0
/pl/3/tutorial/inputoutput.html,1,1,462
/pl/3/tutorial/stdlib.html,1,1,843
/pl/dev/tutorial/controlflow.html,1,1,0
/pl/dev/tutorial/index.html,1,1,0
/pl/dev/whatsnew/,1,1,0
