name,visitors
Shenzhen,98
Shanghai,95
Wuxi,33
Zhenjiang,26
Rome,24
Singapore,22
Fuzhou,15
Huzhou,13
Milan,12
Hangzhou,11
Guangzhou,11
Nantong,10
Dalian,10
Jiangmen,9
Jingjiang,8
Suzhou,7
Turin,7
Jiaxing,5
Nanjing,4
Lianyun,4
Padova,4
Dongyang,3
Wenzhou,3
Suzhou,3
Lanxi,3
Bologna,3
Jaipur,2
Wuhan,2
Suqian,2
Shantou,2
Quanzhou,2
Jinhua,2
Hefei,2
Chengdu,2
Beijing,2
Hong Kong,2
N/A,2
Palermo,2
Berlin,2
Uliveto Terme,2
Trezzano sul Naviglio,2
Scandicci,2
San Mauro Pascoli,2
Rimini,2
Rescaldina,2
Pozzoleone,2
Naples,2
Monza,2
Cinisello Balsamo,2
Chiari,2
Bari,2
Baranzate,2
Altopascio,2
Bregnano,2
Ho Chi Minh City,1
N/A,1
N/A,1
Zhuhai,1
Xiamen,1
Tianjin,1
Taizhou,1
Jinjiang,1
Handan,1
Guilin,1
Yiwu,1
Shenyang,1
Quartu Sant'Elena,1
Acri,1
Copenhagen,1
Best,1
Klagenfurt am Wörthersee,1
Vigarano Mainarda,1
Venice,1
Perugia,1
Olbia,1
Nola,1
N/A,1
Ashburn,1
New York City,1
Concesio,1
