name,visitors
California,61
England,51
Tokyo,36
New York,34
Guangdong,29
Île-de-France,29
Seoul,24
Texas,23
Virginia,22
Bavaria,21
Oslo,20
Jiangsu,17
North Holland,17
Maharashtra,16
Lombardy,15
Illinois,15
São Paulo,14
Beijing,13
Berlin,13
North Rhine-Westphalia,13
Ontario,12
West Bengal,12
Washington,12
Hesse,11
Telangāna,11
Ohio,11
Pennsylvania,11
Delhi,10
Karnataka,10
Istanbul,10
Greater Accra,9
Connecticut,9
Washington DC,9
Massachusetts,9
Maryland,9
Utah,9
Hubei,8
Shanghai,8
Uusimaa,8
Tel Aviv,8
Kanagawa,8
Gyeonggi,8
Flanders,7
Quebec,7
Sichuan,7
Prague,7
Baden-Württemberg,7
Cairo,7
Jakarta,7
Uttar Pradesh,7
Arizona,7
North Carolina,7
Gauteng,7
Buenos Aires Province,6
Minas Gerais,6
Rio de Janeiro,6
Santiago Metropolitan,6
Budapest,6
Madhya Pradesh,6
Tamil Nadu,6
Osaka,6
Phnom Penh,6
Moscow,6
Georgia,6
New Jersey,6
New South Wales,5
British Columbia,5
Henan,5
Shandong,5
Lower Saxony,5
Grand-Est,5
Occitanie,5
Provence-Alpes-Côte-d'Azur,5
Scotland,5
Attica,5
Kyoto,5
Ciudad de Mexico,5
Flevoland,5
Province 3,5
Silesia,5
Tunis,5
Taichung,5
Kyiv,5
Florida,5
Michigan,5
Western Cape,5
Dhaka Division,4
Sofia,4
Rio Grande do Sul,4
Chongqing,4
Antioquia,4
Capital District,4
Madrid Autonomous Community,4
Leinster,4
Miyagi,4
Nairobi County,4
Western,4
Mexico State,4
Kuala Lumpur,4
South Holland,4
Lima,4
Metro Manila,4
Mazovia,4
Beograd,4
Saint Petersburg,4
Stockholm,4
Lvivshchyna,4
Colorado,4
Iowa,4
Vienna,3
Brussels,3
Bahia,3
Espírito Santo,3
Goiás,3
Minsk,3
Anhui,3
Fujian,3
Zhejiang,3
Capital Region,3
Harjumaa,3
Catalonia,3
Kowloon City Kowloon,3
Bihar,3
Veneto,3
South Chungcheong,3
Vilnius County,3
Selangor,3
Federal Capital Territory,3
Managua,3
Utrecht,3
NO-02,3
Lower Silesia,3
Tatarstan,3
Makkah,3
Västra Götaland,3
Bangkok,3
Alabama,3
Kentucky,3
Minnesota,3
Missouri,3
New Hampshire,3
Ho Chi Minh City,3
Tirana County,2
Yerevan,2
Buenos Aires,2
Córdoba,2
Queensland,2
Burgas,2
Alagoas,2
Paraná,2
Alberta,2
Zug,2
Abidjan,2
Hebei,2
Heilongjiang,2
Jiangxi,2
Shanxi,2
San José,2
Plzeň,2
Brandenburg,2
Saxony,2
Saxony-Anhalt,2
Djibouti,2
Beheira,2
Murcia Region,2
Valencian Community,2
Addis Ababa,2
Southwest Finland,2
Burgundy-Franche-Comté,2
Centre-Val de Loire,2
Wales,2
Thessaly,2
Central,2
Northern,2
Gujarat,2
Himachal Pradesh,2
Haryana,2
Kerala,2
Rajasthan,2
Piedmont,2
Lazio,2
Hyogo,2
Fukuoka,2
Incheon,2
Gangwon,2
Al Asimah,2
Yangon,2
Chihuahua,2
Veracruz,2
Lagos,2
Calabarzon,2
Balochistan,2
Punjab,2
Kuyavia-Pomerania,2
Łódź,2
Lesser Poland,2
Coimbra,2
Dagestan,2
Nizhny Novgorod,2
Novosibirsk,2
Sverdlovsk,2
Östergötland,2
Ljubljana,2
San Salvador,2
Tekirdağ,2
Chaguanas,2
New Taipei,2
Pingtung,2
Taipei,2
Khersonshchyna,2
Hawaii,2
Idaho,2
Kansas,2
Nevada,2
Oregon,2
Rhode Island,2
South Carolina,2
Tennessee,2
Tashkent,2
Can Tho,2
Abu Dhabi,1
Sharjah,1
Río Negro,1
Lower Austria,1
Styria,1
Tyrol,1
South Australia,1
Vratsa,1
Cochabamba,1
Mato Grosso,1
Rio Grande do Norte,1
Rondônia,1
Santa Catarina,1
New Brunswick,1
Newfoundland and Labrador,1
Kinshasa,1
Zürich,1
Los Lagos,1
Valparaíso,1
Gansu,1
Hunan,1
Shaanxi,1
Tianjin,1
Risaralda,1
Limassol,1
Central Bohemia,1
South Bohemia,1
South Moravia,1
Moravia-Silesia,1
Bremen,1
Hamburg,1
Rhineland-Palatinate,1
Zealand,1
Pichincha,1
Qalyubia,1
Port Said,1
Asturias,1
Basque Country,1
Hauts-de-France,1
Central Macedonia,1
Tsuen Wan New Territories,1
Francisco Morazán,1
Pest,1
East Java,1
North Sumatra,1
Jerusalem,1
Andhra Pradesh,1
Odisha,1
Punjab,1
Uttarākhand,1
Erbil,1
Basra,1
Friuli–Venezia Giulia,1
Emilia-Romagna,1
Amman,1
Saitama,1
Ishikawa,1
Gwangju City,1
North Chungcheong,1
Kaunas County,1
Tripoli,1
Taza-Al Hoceima-Taounate,1
Meknès-Tafilalet,1
Chaouia-Ouardigha,1
Central,1
Aguascalientes,1
Baja California,1
Guanajuato,1
Jalisco,1
Nayarit,1
Tete,1
Drenthe,1
Gelderland,1
Overijssel,1
Nordland,1
Auckland,1
Bay of Plenty,1
Canterbury,1
Wellington,1
Islamabad,1
