name,visitors,bounce_rate,visit_duration
Direct / None,886,66,210
Google,429,74,269
python.org,128,74,152
pythoninsider.blogspot.com,66,58,118
Bing,50,74,76
DuckDuckGo,27,38,380
Baidu,25,82,261
GitHub,14,75,78
Reddit,10,44,307
discuss.python.org,10,78,4
chatgpt.com,8,100,109
typing-extensions.readthedocs.io,7,100,0
blog.python.org,6,57,764
Brave,5,40,122
Yahoo!,5,67,111
Yandex,5,100,46
forum.djangoproject.com,5,100,0
peps.python.org,5,80,88
Microsoft Teams,4,100,0
test5.d3blj6n9bv8xdu.amplifyapp.com,4,0,174
Ecosia,2,0,18
LinkedIn,2,100,0
infoworld.com,2,50,46
psycopg.org,2,50,142
qiita.com,2,100,0
Facebook,1,0,39
Gmail,1,0,10
Qwant,1,0,75
Twitter,1,100,0
askpython.com,1,0,459
chat.sharedchat.fun,1,0,255
code.djangoproject.com,1,100,0
docs.internal.seecoder.cn,1,0,2
docs.vllm.ai,1,0,655
doubao.com,1,0,1255
login.zscaler.net,1,0,144
solvit.space,1,0,98
sphinx-doc.org,1,0,238
strftime.org,1,0,1023
uvirtual2.ucsc.cl,1,0,36
wiki.python.org,1,0,0
workable.atlassian.net,1,100,0
yastatic.net,1,100,0
yuanbao.tencent.com,1,100,0
