name,visitors,bounce_rate,visit_duration
Google,1905,77,149
Direct / None,1823,71,169
Bing,156,71,175
python.org,119,0,377
es.python.org,101,55,133
Brave,92,82,115
chatgpt.com,66,68,182
app.aluracursos.com,31,88,34
DuckDuckGo,21,72,92
GitHub,18,50,182
Yahoo!,18,72,133
campus110.unad.edu.co,16,75,326
react-app-python-runner.vercel.app,15,87,4
python-docs-translations.github.io,14,36,257
aules.edu.gva.es,12,75,93
pregrado.ucundinamarca.edu.co,7,43,325
Perplexity,6,80,86
atenea.upc.edu,6,83,8
copilot.microsoft.com,6,60,339
tecsup.instructure.com,6,67,211
Microsoft Teams,5,100,0
freecodecamp.org,5,83,158
wiki.python.org,5,0,662
netacad.com,4,0,2
aulavirtual33.educa.madrid.org,3,67,1
campus-informatorio.chaco.gob.ar,3,100,0
dsic.gitbook.io,3,67,77
hablemospython.dev,3,67,3
plataforma-beta.coderhouse.com,3,67,0
wiki.python.org.ar,3,100,0
Ecosia,2,100,0
aprende.uned.ac.cr,2,100,0
aulavirtual.iaes.alus.com.ar,2,100,0
aulavirtual.upc.edu.pe,2,50,234
bbbcapacitaciones.chaco.gob.ar,2,100,0
campus.pascualbravovirtual.edu.co,2,100,0
campusgrado.fi.uba.ar,2,0,342
claude.ai,2,100,0
cs50.harvard.edu,2,0,150
educaciodigital.cat,2,100,0
educacionadistancia.juntadeandalucia.es,2,100,0
moodle.upm.es,2,0,16
online.calamoycran.com,2,50,188
pip.pypa.io,2,0,15
saanmoiyolnyibiam.github.io,2,0,4290
studium25.usal.es,2,100,0
unisallevirtual.lasalle.edu.co,2,50,10
Coccoc,1,100,0
Wikipedia,1,0,1240
academia-x.com,1,0,724
academia.universityclass.org,1,100,0
academica.mx,1,100,0
anahuaconline.brightspace.com,1,100,0
app.codica.la,1,100,0
aprendepython.es,1,100,0
aulasvirtuales.santotomas.cl,1,100,0
aulavirtual3.educa.madrid.org,1,0,227
aulavirtual37.educa.madrid.org,1,100,0
bitbucket.org,1,100,0
campus.proven.cat,1,0,92
campusvirtual.uniovi.es,1,100,0
campusvirtual.zugehy.com,1,0,28
campusvirtuallms.javeriana.edu.co,1,100,0
canva.com,1,100,0
canvas.unab.cl,1,100,0
chat.qwen.ai,1,100,0
courses.edx.org,1,0,132
cursos.analiticadelfos.com,1,0,51
docs-python-org.translate.goog,1,0,10
docs.pola.rs,1,0,202
edea.juntadeandalucia.es,1,100,0
edominurl.github.io,1,100,0
edu.gdeba.gba.gob.ar,1,0,6
educapermanente.itla.edu.do,1,100,0
formacion.intef.es,1,100,0
formacionprofesional.info,1,100,0
fpadistancia.edu.xunta.gal,1,100,0
frp.cvg.utn.edu.ar,1,100,0
ide-python-lists-stack-9674688.evaluator2-8.hexlet.io,1,100,0
informatica.iesbinefar.es,1,100,0
isae.edu.ar,1,100,0
leer.amazon.com.mx,1,100,0
mclibre.org,1,0,587
notebooks.githubusercontent.com,1,100,0
pensamientocomputacional.dev.ar,1,100,0
pinboard.opera.com,1,0,1
privacywall.org,1,0,46
programaenpython.com,1,100,0
pydocs.site,1,0,81
python-oracledb.readthedocs.io,1,0,6
readnow.kobo.com,1,0,17
rha.ole.redhat.com,1,0,14
savio.utb.edu.co,1,0,2
skilio.com,1,100,0
statsmodels.org,1,0,197
superior.ipet1308.com,1,100,0
techtitute.com,1,100,0
tecno12-18.com,1,100,0
tuaulavirtual.ut.edu.co,1,100,0
tutorial.python.org.ar,1,100,0
ubuntuhandbook.org,1,0,31
universidadlink.redlink.com.ar,1,100,0
utm-cdn-labcontenidos-htfaarehf2gcfycs.a01.azurefd.net,1,0,6
wiki.freecad.org,1,0,17
www-python-org.translate.goog,1,0,0
www3.gobiernodecanarias.org,1,100,0
