name,unique_exits,total_exits,exit_rate
/3/,5908,6105,
/3/library/functions.html,3532,3688,
/3/library/stdtypes.html,3243,3440,
/3/tutorial/index.html,2699,2825,
/3/library/venv.html,2036,2093,
/3/tutorial/datastructures.html,1846,1926,
/3/library/datetime.html,1730,1803,
/3/tutorial/,1578,1710,
/3/library/index.html,1551,1622,
/3/tutorial/controlflow.html,1395,1469,
/3/library/tkinter.html,1378,1441,
/3/library/idle.html,1375,1398,
/3/search.html,1278,1317,
/3/using/windows.html,1272,1301,
/3/library/turtle.html,1232,1309,
/3/library/re.html,1207,1275,
/3/library/random.html,1137,1180,
/3/library/typing.html,1035,1080,
/3/library/math.html,976,1013,
/3/tutorial/introduction.html,974,1035,
/3/tutorial/classes.html,861,900,
/3/library/os.html,859,894,
/3/tutorial/errors.html,820,850,
/3/library/pathlib.html,803,839,
/3/library/csv.html,801,832,
/3/library/collections.html,754,781,
/3/library/logging.html,721,748,
/3/tutorial/interpreter.html,721,760,
/3/whatsnew/3.14.html,718,753,
/3/tutorial/inputoutput.html,709,741,
/3/library/exceptions.html,694,724,
/3/library/subprocess.html,684,726,
/3/library/itertools.html,680,706,
/3/library/argparse.html,677,704,
/3/library/dataclasses.html,668,686,
/3/reference/datamodel.html,640,664,
/3/library/sqlite3.html,629,661,
/3/library/string.html,610,631,
/3/tutorial/venv.html,566,586,
/3/library/json.html,547,562,
/3/library/time.html,527,554,
/3/library/multiprocessing.html,523,539,
/3/glossary.html,516,534,
/3/tutorial/modules.html,507,522,
/3/library/asyncio.html,474,497,
/3/library/asyncio-task.html,444,465,
/3/library/heapq.html,432,454,
/3/py-modindex.html,419,436,
/3/library/enum.html,409,418,
/3/library/threading.html,406,419,
/3/tutorial/appetite.html,405,429,
/3/library/unittest.html,403,427,
/3/library/functools.html,391,403,
/zh-cn/3/tutorial/index.html,374,383,
/3/howto/sorting.html,367,374,
/zh-cn/3/,354,367,
/3/reference/expressions.html,343,370,
/3/installing/index.html,334,342,
/3/library/os.path.html,323,333,
/3/library/sys.html,323,330,
/3/library/socket.html,315,326,
/3/reference/index.html,311,324,
/3/library/concurrent.futures.html,305,322,
/3/reference/lexical_analysis.html,290,306,
/dev/using/windows.html,280,281,
/3/reference/compound_stmts.html,274,279,
/3/download.html,272,276,
/3/library/pickle.html,263,277,
/3/library/struct.html,256,269,
/3/library/unittest.mock.html,251,262,
/3/howto/logging.html,243,249,
/es/3/tutorial/,241,246,
/3/library/,240,247,
/3/library/xml.etree.elementtree.html,237,252,
/3/library/io.html,229,239,
/3/using/mac.html,228,229,
/3/using/cmdline.html,225,234,
/3/library/shutil.html,224,233,
/3/license.html,221,227,
/3/contents.html,217,224,
/3/howto/regex.html,212,229,
/3/library/http.server.html,208,221,
/3/index.html,202,209,
/3/library/hashlib.html,202,203,
/3/library/copy.html,194,203,
/3/library/pdb.html,193,197,
/3/using/android.html,192,195,
/zh-cn/3/library/idle.html,192,195,
/ja/3/library/codecs.html,186,187,
/zh-cn/3/library/index.html,182,186,
/3/library/abc.html,178,189,
/3/library/ast.html,178,187,
/3/library/operator.html,178,180,
/3/reference/import.html,178,179,
/3/library/tkinter.ttk.html,170,186,
/3/library/contextlib.html,168,172,
/3/library/decimal.html,168,175,
/3/tutorial/floatingpoint.html,168,173,
/3/library/queue.html,166,170,
/3/library/urllib.request.html,166,167,
