name,visitors
Taipei,435
N/A,169
Taichung,143
Kaohsiung,103
Hsinchu,95
Taoyuan,52
Singapore,51
Tainan,46
N/A,31
Zhubei,30
Hong Kong,26
N/A,18
Chang-hua,13
Hualien City,12
Tokyo,12
N/A,11
Jiayi Shi,10
Taoyuan City,10
Miaoli,9
Beijing,9
N/A,8
Banqiao,8
Guangzhou,7
N/A,6
N/A,6
N/A,5
Taitung,5
N/A,5
N/A,5
N/A,4
N/A,4
Xi’an,4
Shanghai,4
Los Angeles,4
N/A,4
Nantou,3
Xindian,3
Wuhan,3
Ningbo,3
Jinan,3
Guiyang,3
N/A,3
N/A,3
N/A,3
N/A,3
N/A,3
Riyadh,2
Medan,2
Tiruppur,2
Bangkok,2
N/A,2
N/A,2
Fengshan,2
Yilan,2
N/A,2
Tianjin,2
Lanzhou,2
Tuen Mun,2
Yaoundé,2
Skelmersdale,2
Paris,2
Budapest,2
Montréal,2
N/A,2
Amman,1
Khimki,1
N/A,1
Mumbai,1
Ho Chi Minh City,1
Jakarta,1
Bandung,1
N/A,1
Yuanlin,1
N/A,1
Xinying,1
Pingtung,1
N/A,1
N/A,1
Keelung,1
Zhengzhou,1
Xiamen,1
Wenling,1
Shijiazhuang,1
Nanjing,1
Kunming,1
Dongguan,1
Tsuen Wan,1
Wong Tai Sin,1
N/A,1
N/A,1
N/A,1
N/A,1
N/A,1
N/A,1
N/A,1
N/A,1
Incheon,1
Yokohama,1
N/A,1
Suzhou,1
Changchun,1
Canberra,1
Bristol,1
Brent,1
Naaldwijk,1
Wismar,1
Munich,1
Frankfurt am Main,1
Manassas,1
Davenport,1
Urbana,1
Jersey City,1
New York City,1
N/A,1
Riverside,1
San Jose,1
N/A,1
Batam,1
N/A,1
N/A,1
