name,unique_entrances,total_entrances,visit_duration
/it/3/py-modindex.html,64,64,0
/it/3/contents.html,56,56,32
/it/3.13/contents.html,49,49,0
/it/3/library/random.html,40,40,11
/it/3/library/bisect.html,33,33,23
/it/3/library/abc.html,31,31,0
/it/3/library/copyreg.html,31,31,0
/it/3/library/modulefinder.html,31,31,0
/it/3/library/sqlite3.html,31,31,0
/it/3/library/curses.html,29,29,0
/it/3/library/pathlib.html,29,29,0
/it/3/library/ast.html,28,28,0
/it/3/library/concurrent.interpreters.html,28,28,2
/it/3.13/c-api/init.html,27,27,0
/it/3.13/c-api/typeobj.html,26,26,101
/it/3/library/shlex.html,26,26,41
/it/3.13/c-api/exceptions.html,25,25,0
/it/3.13/c-api/stable.html,25,25,0
/it/3/reference/executionmodel.html,25,26,0
/it/3/library/typing.html,24,24,0
/it/3.13/library/os.html,23,23,0
/it/3/library/multiprocessing.html,23,23,0
/it/3.13/library/socket.html,19,19,0
/it/3.13/c-api/unicode.html,16,16,100
/it/3.13/library/intro.html,16,16,0
/it/3.13/c-api/abstract.html,15,15,0
/it/3.13/extending/embedding.html,15,15,0
/it/3.13/c-api/apiabiversion.html,14,14,0
/it/3.13/c-api/arg.html,14,14,0
/it/3.13/c-api/object.html,14,14,0
/it/3/library/token.html,14,14,0
/it/3/tutorial/index.html,14,14,161
/it/3.13/library/unittest.html,12,12,0
/it/3.13/library/urllib.error.html,12,12,80
/it/3.13/library/datetime.html,11,11,0
/it/3.13/using/ios.html,11,11,0
/dev/using/windows.html,10,10,515
/it/3.13/library/email.utils.html,10,10,0
/it/3.13/library/http.cookiejar.html,10,10,0
/it/3.13/library/ssl.html,10,10,0
/it/3/c-api/init.html,10,10,0
/it/3.13/c-api/none.html,9,9,0
/it/3.13/c-api/reflection.html,9,9,75
/it/3.13/c-api/slice.html,9,9,0
/it/3.13/howto/logging-cookbook.html,9,9,189
/it/3.13/library/debug.html,9,9,0
/it/3.13/library/decimal.html,9,9,0
/it/3.13/library/multiprocessing.html,9,9,0
/it/3.13/tutorial/floatingpoint.html,9,9,0
/it/3.13/using/mac.html,9,9,0
/it/3.13/c-api/allocation.html,8,8,0
/it/3.13/extending/building.html,8,8,0
/it/3.13/library/email.encoders.html,8,8,0
/it/3.13/library/email.parser.html,8,8,0
/it/3.13/library/pyexpat.html,8,8,0
/it/3.13/library/sqlite3.html,8,8,0
/it/3.13/library/telnetlib.html,8,8,219
/it/3.13/library/typing.html,8,8,0
/it/3.13/c-api/codec.html,7,7,0
/it/3.13/c-api/import.html,7,7,0
/it/3.13/c-api/typehints.html,7,7,0
/it/3.13/library/archiving.html,7,7,0
/it/3.13/library/curses.html,7,7,0
/it/3.13/library/email.headerregistry.html,7,7,0
/it/3.13/library/plistlib.html,7,7,0
/it/3.13/library/shutil.html,7,7,0
/it/3.13/library/sunau.html,7,7,0
/it/3.13/library/wave.html,7,7,0
/it/3.15/using/windows.html,7,8,118
/it/3/c-api/init_config.html,7,7,0
/it/3/library/selectors.html,7,7,0
/it/3.13/c-api/hash.html,6,6,0
/it/3.13/c-api/list.html,6,6,0
/it/3.13/c-api/time.html,6,6,0
/it/3.13/c-api/veryhigh.html,6,6,0
/it/3.13/howto/isolating-extensions.html,6,6,0
/it/3.13/library/argparse.html,6,6,0
/it/3.13/library/asyncio-runner.html,6,6,0
/3/,5,5,175
/it/3.13/c-api/descriptor.html,5,5,0
/it/3.13/c-api/marshal.html,5,5,0
/it/3.13/c-api/module.html,5,5,0
/it/3.13/library/bdb.html,5,5,0
/it/3.13/library/fileformats.html,5,5,0
/it/3.13/library/html.parser.html,5,5,0
/it/3.13/library/imp.html,5,5,0
/it/3.13/library/warnings.html,5,5,0
/it/3.13/tutorial/interactive.html,5,5,0
/it/3/c-api/time.html,5,5,0
/it/3/c-api/typeobj.html,5,5,0
/3/tutorial/,4,4,337
/it/3.13/c-api/frame.html,4,4,0
/it/3.13/c-api/function.html,4,4,0
/it/3.13/c-api/iter.html,4,4,0
/it/3.13/c-api/objimpl.html,4,4,302
/it/3.13/c-api/type.html,4,4,0
/it/3.13/extending/windows.html,4,4,0
/it/3.13/faq/extending.html,4,4,0
/it/3.13/howto/free-threading-extensions.html,4,4,0
/it/3.13/howto/instrumentation.html,4,4,0
/it/3.13/library/asyncio-api-index.html,4,4,0
/it/3.13/library/asyncio-platforms.html,4,4,0
/it/3.13/library/asyncio-stream.html,4,4,0
/it/3.13/library/audioop.html,4,4,0
/it/3.13/library/netrc.html,4,4,0
/it/3.13/library/optparse.html,4,4,1
/it/3.13/library/pickletools.html,4,4,0
/it/3.13/library/turtle.html,4,4,0
/it/3.13/library/xmlrpc.html,4,4,0
/it/3.13/reference/toplevel_components.html,4,4,0
/it/3.13/tutorial/appetite.html,4,4,0
/it/3.13/tutorial/stdlib2.html,4,4,0
/it/3.13/whatsnew/3.12.html,4,5,0
/it/3/whatsnew/3.13.html,4,4,0
/3/library/idle.html,3,3,474
/it/3.12/library/concurrency.html,3,3,0
/it/3.12/library/threading.html,3,3,0
/it/3.12/whatsnew/changelog.html,3,3,0
/it/3.13/c-api/bool.html,3,3,0
/it/3.13/c-api/float.html,3,3,0
/it/3.13/c-api/iterator.html,3,3,0
/it/3.13/c-api/picklebuffer.html,3,3,0
/it/3.13/deprecations/index.html,3,3,0
/it/3.13/distributing/index.html,3,3,0
/it/3.13/extending/index.html,3,3,0
/it/3.13/extending/newtypes_tutorial.html,3,3,0
/it/3.13/glossary.html,3,3,0
/it/3.13/howto/mro.html,3,3,0
/it/3.13/howto/regex.html,3,3,0
/it/3.13/howto/urllib2.html,3,3,0
/it/3.13/library/binary.html,3,3,0
/it/3.13/library/i18n.html,3,3,0
/it/3.13/library/math.html,3,3,0
/it/3.13/library/py_compile.html,3,3,0
/it/3.13/library/quopri.html,3,3,0
/it/3.13/library/statistics.html,3,3,0
/it/3.13/library/termios.html,3,3,0
/it/3.13/library/uu.html,3,3,0
/it/3.13/tutorial/appendix.html,3,3,53
/it/3.13/using/editors.html,3,3,0
/it/3.13/whatsnew/3.11.html,3,3,0
/it/3.14/contents.html,3,3,99
/it/3.14/library/stdtypes.html,3,3,0
/it/3.14/tutorial/index.html,3,3,48
/it/3.14/using/windows.html,3,3,5
/it/3/c-api/frame.html,3,3,0
/it/3/c-api/mapping.html,3,3,0
/it/3/c-api/unicode.html,3,3,0
/3.13/tutorial/,2,2,111
/3/library/sqlite3.html,2,2,2742
/3/tutorial/controlflow.html,2,2,3323
/it/3.12/faq/programming.html,2,2,0
/it/3.12/genindex-F.html,2,2,0
/it/3.12/genindex-T.html,2,2,0
/it/3.12/library/rlcompleter.html,2,2,0
/it/3.12/tutorial/index.html,2,2,435
/it/3.13/c-api/gen.html,2,2,0
/it/3.13/c-api/method.html,2,2,0
/it/3.13/c-api/perfmaps.html,2,2,0
/it/3.13/c-api/set.html,2,2,0
/it/3.13/extending/newtypes.html,2,2,0
/it/3.13/faq/gui.html,2,2,0
/it/3.13/faq/library.html,2,2,0
/it/3.13/faq/programming.html,2,2,0
/it/3.13/genindex.html,2,2,0
/it/3.13/howto/annotations.html,2,2,0
/it/3.13/howto/logging.html,2,2,0
/it/3.13/howto/unicode.html,2,2,0
/it/3.13/index.html,2,2,0
/it/3.13/installing/index.html,2,2,0
/it/3.13/library/asyncio-exceptions.html,2,2,0
/it/3.13/library/cgi.html,2,2,0
/it/3.13/library/configparser.html,2,2,0
/it/3.13/library/crypt.html,2,2,0
/it/3.13/library/development.html,2,2,0
/it/3.13/library/distutils.html,2,2,0
/it/3.13/library/email.message.html,2,2,0
/it/3.13/library/getopt.html,2,2,0
/it/3.13/library/nis.html,2,2,0
/it/3.13/library/superseded.html,2,2,0
/it/3.13/library/tkinter.scrolledtext.html,2,2,0
/it/3.13/library/tkinter.ttk.html,2,2,0
/it/3.13/library/tty.html,2,2,0
/it/3.13/library/unittest.mock-examples.html,2,2,0
/it/3.13/library/unittest.mock.html,2,2,0
/it/3.13/library/urllib.html,2,2,0
/it/3.13/library/urllib.parse.html,2,2,0
/it/3.13/library/zipimport.html,2,2,0
/it/3.13/tutorial/controlflow.html,2,2,0
/it/3.13/tutorial/index.html,2,3,55
/it/3.13/tutorial/venv.html,2,2,0
/it/3.13/tutorial/whatnow.html,2,2,0
/it/3.13/whatsnew/2.1.html,2,2,0
/it/3.13/whatsnew/3.6.html,2,2,0
/it/3.14/,2,2,137
/it/3.14/library/os.html,2,2,0
/it/3.14/tutorial/controlflow.html,2,2,2
/it/3.14/tutorial/introduction.html,2,3,0
/it/3/c-api/exceptions.html,2,2,0
/it/3/c-api/import.html,2,2,0
/it/3/c-api/sequence.html,2,2,0
/it/3/c-api/utilities.html,2,2,0
/it/3/faq/programming.html,2,2,0
/it/3/tutorial/controlflow.html,2,2,0
/it/3/tutorial/inputoutput.html,2,2,0
/it/3/using/editors.html,2,2,0
/3.12/genindex.html,1,1,69
/3.13/tutorial/index.html,1,1,1223
/3.13/tutorial/interpreter.html,1,1,0
/3.14/,1,1,494
/3.14/library/index.html,1,1,48
/3.14/tutorial/appetite.html,1,1,1943
/3.14/tutorial/index.html,1,1,203
/3.15/,1,1,1189
/3.15/py-modindex.html,1,1,153
/3/download.html,1,1,90
/3/genindex.html,1,1,54
/3/library/asyncio.html,1,1,75
/3/library/math.html,1,1,8032
/3/library/numeric.html,1,1,28
/3/library/struct.html,1,1,171
/3/library/tkinter.ttk.html,1,1,1892
/3/library/venv.html,1,1,56
/3/search.html,1,1,783
/3/tutorial/appetite.html,1,1,214
/3/tutorial/index.html,1,1,183
/3/using/mac.html,1,1,136
/3/using/windows.html,1,1,13
/bn-in/3.14/library/uu.html,1,1,0
/bn-in/3/using/configure.html,1,1,49
/dev/library/operator.html,1,1,332
/el/3.14/library/ctypes.html,1,1,977
/es/3.12/reference/compound_stmts.html,1,1,83
/es/3.14/,1,1,44
/es/3/library/unittest.html,1,1,988
/fr/3/library/audioop.html,1,1,309
/id/3/reference/datamodel.html,1,1,588
/it/,1,1,0
/it/3.12/faq/index.html,1,1,0
/it/3.12/genindex-A.html,1,1,0
/it/3.12/genindex-C.html,1,1,0
/it/3.12/genindex-J.html,1,1,0
/it/3.12/genindex-L.html,1,1,0
/it/3.12/genindex-N.html,1,1,0
/it/3.12/genindex-O.html,1,1,0
/it/3.12/genindex-R.html,1,1,0
/it/3.12/genindex-W.html,1,1,0
/it/3.12/index.html,1,1,0
/it/3.12/library/binary.html,1,1,0
/it/3.12/library/bisect.html,1,1,0
/it/3.12/library/concurrent.futures.html,1,1,0
/it/3.12/library/concurrent.html,1,1,0
/it/3.12/library/functions.html,1,1,0
/it/3.12/library/heapq.html,1,1,0
/it/3.12/library/keyword.html,1,1,0
/it/3.12/library/site.html,1,1,0
/it/3.12/library/subprocess.html,1,1,0
/it/3.12/library/urllib.html,1,1,0
/it/3.12/library/windows.html,1,1,0
/it/3.12/library/xml.dom.html,1,1,0
/it/3.12/reference/datamodel.html,1,1,0
/it/3.12/reference/executionmodel.html,1,1,0
/it/3.12/tutorial/classes.html,1,1,0
/it/3.12/tutorial/datastructures.html,1,1,0
/it/3.12/tutorial/interpreter.html,1,1,0
/it/3.12/tutorial/introduction.html,1,1,0
/it/3.12/whatsnew/3.9.html,1,1,0
/it/3.13/c-api/bytearray.html,1,1,0
/it/3.13/c-api/bytes.html,1,1,0
/it/3.13/c-api/cell.html,1,1,0
/it/3.13/c-api/contextvars.html,1,1,0
/it/3.13/c-api/coro.html,1,1,0
/it/3.13/c-api/curses.html,1,1,0
/it/3.13/c-api/monitoring.html,1,1,0
/it/3.13/c-api/number.html,1,1,0
/it/3.13/copyright.html,1,1,0
/it/3.13/faq/design.html,1,1,0
/it/3.13/faq/general.html,1,1,0
/it/3.13/genindex-J.html,1,1,0
/it/3.13/howto/curses.html,1,1,0
/it/3.13/howto/free-threading-python.html,1,1,0
/it/3.13/howto/ipaddress.html,1,1,0
/it/3.13/library/aifc.html,1,1,0
/it/3.13/library/asynchat.html,1,1,0
/it/3.13/library/asyncio-queue.html,1,1,0
/it/3.13/library/asyncore.html,1,1,0
/it/3.13/library/cmdline.html,1,1,0
/it/3.13/library/contextlib.html,1,1,0
/it/3.13/library/copyreg.html,1,1,0
/it/3.13/library/ctypes.html,1,1,0
/it/3.13/library/filecmp.html,1,1,0
/it/3.13/library/functions.html,1,1,0
/it/3.13/library/imghdr.html,1,1,0
/it/3.13/library/internet.html,1,1,0
/it/3.13/library/language.html,1,1,0
/it/3.13/library/mailbox.html,1,1,0
/it/3.13/library/mailcap.html,1,1,0
/it/3.13/library/multiprocessing.shared_memory.html,1,1,0
/it/3.13/library/numeric.html,1,1,0
/it/3.13/library/poplib.html,1,1,0
