name,visitors
Guangdong,643
Beijing,435
Shanghai,428
Zhejiang,233
Jiangsu,223
Tokyo,169
Sichuan,151
Shandong,150
Hubei,147
California,133
Shaanxi,111
Hunan,103
Henan,91
Fujian,85
Hebei,79
Tianjin,58
Taipei,56
Kwai Tsing New Territories,53
Chongqing,50
Liaoning,45
Guizhou,43
Washington,34
Anhui,31
Guangxi,28
Kowloon City Kowloon,28
Taichung,28
Ontario,26
England,25
Yunnan,24
Tsuen Wan New Territories,21
New Taipei,21
New South Wales,20
Jiangxi,19
Shanxi,18
Changhua,17
Wan Chai Hong Kong Island,15
Osaka,15
Kuala Lumpur,13
Gansu,11
Utah,11
Hesse,10
Texas,10
Taoyuan,9
Queensland,8
Heilongjiang,8
Jilin,8
North Holland,8
Victoria,7
Xinjiang,7
Kaohsiung,7
British Columbia,6
Seoul,6
Tainan,6
New York,6
Dubai,5
Inner Mongolia,5
North Rhine-Westphalia,5
Central and Western Hong Kong Island,5
Chiba,5
Baden-Württemberg,4
Saitama,4
Gyeonggi,4
Selangor,4
Hsinchu County,4
Yunlin,4
Illinois,4
New Jersey,4
Australian Capital Territory,3
South Australia,3
Western Australia,3
Alberta,3
Ningxia,3
Bavaria,3
Catalonia,3
Valencian Community,3
Scotland,3
Yau Tsim Mong Kowloon,3
Yuen Long New Territories,3
Jakarta,3
Ciudad de Mexico,3
Sarawak,3
South Holland,3
Moscow,3
Bangkok,3
Colorado,3
Buenos Aires Province,2
Zürich,2
Hainan,2
Andalusia,2
Madrid Autonomous Community,2
Peloponnese,2
Eastern Hong Kong Island,2
Sai Kung New Territories,2
Lombardy,2
Tochigi,2
Phnom Penh,2
Gangwon,2
Ayeyarwady,2
Johor,2
Penang,2
Auckland,2
Port Moresby,2
Metro Manila,2
Calabarzon,2
Florida,2
Indiana,2
Massachusetts,2
Virginia,2
Ho Chi Minh City,2
Abu Dhabi,1
Buenos Aires,1
Minas Gerais,1
Pernambuco,1
Quebec,1
Brazzaville,1
Maule,1
San José,1
Moravia-Silesia,1
Hamburg,1
Saxony,1
Thuringia,1
Capital Region,1
Algiers,1
Castile and León,1
Pirkanmaa,1
Northern Ostrobothnia,1
Uusimaa,1
Hauts-de-France,1
Île-de-France,1
Occitanie,1
Greater Accra,1
Sha Tin New Territories,1
Tuen Mun New Territories,1
Gujarat,1
Madhya Pradesh,1
Tamil Nadu,1
Uttar Pradesh,1
Lazio,1
Apulia,1
Iwate,1
Miyagi,1
Aichi,1
Kyoto,1
Nara,1
Hiroshima,1
Fukuoka,1
Nairobi County,1
Incheon,1
Gwangju City,1
Daejeon,1
Vilnius County,1
Chihuahua,1
Chiapas,1
Malacca,1
Negeri Sembilan,1
Groningen,1
Province 3,1
Canterbury,1
Western Visayas,1
Lesser Poland,1
Tyumen,1
Skåne,1
Bratislava,1
Nakhon Sawan,1
Konya,1
Chiayi,1
Hsinchu,1
Pingtung,1
Arizona,1
Connecticut,1
Georgia,1
Hawaii,1
Idaho,1
Missouri,1
North Carolina,1
Nevada,1
Pennsylvania,1
South Carolina,1
Tennessee,1
