name,version,visitors
Windows,10,7117
Mac,10.15,1871
Windows,XP,207
GNU/Linux,(not set),193
Android,10,137
Android,16,132
Android,15,128
Mac,10.13,116
Windows,7,91
Android,12,70
Android,14,59
iOS,18.7,58
Android,9,39
Ubuntu,(not set),36
Android,13,36
HarmonyOS,(not set),27
Android,11,20
iOS,18.6,17
iOS,26.2,13
HarmonyOS,3.0,12
(not set),(not set),9
iOS,16.1,6
Windows,(not set),5
iOS,17.2,5
iOS,18.3,5
iOS,18.5,5
Windows,Server 2003,5
iOS,16.0,4
HarmonyOS,2.2,4
Chrome OS,14541.0,3
iOS,16.4,3
iOS,18.1,3
iOS,4.3,3
Windows,8,3
Windows,8.1,3
Mac,10.11,2
Mac,10.14,2
iOS,15.6,2
iPadOS,16.2,2
iOS,16.6,2
iOS,17.3,2
Android,6.0,2
UOS,(not set),1
CentOS,(not set),1
iOS,11.2,1
Mac,11.4,1
iOS,13.6,1
Mac,14.0,1
iOS,14.4,1
iOS,14.6,1
iOS,15.5,1
Mac,15.7,1
iOS,16.2,1
iOS,16.7,1
iOS,17.6,1
iOS,18.4,1
iOS,26.1,1
iOS,26.3,1
Android,7.1,1
Android,8.1,1
