name,visitors
Guangdong,807
Beijing,494
Shanghai,454
Hebei,352
Zhejiang,313
Jiangsu,308
California,277
Tokyo,276
Sichuan,213
Shandong,170
Shaanxi,145
Henan,127
Fujian,115
Ho Chi Minh City,112
Hubei,107
Hunan,90
Liaoning,82
Anhui,78
Tianjin,76
Chongqing,70
Taipei,66
Jiangxi,55
Hanoi,48
Kwai Tsing New Territories,44
Washington,38
Gansu,30
Yunnan,29
England,26
Kowloon City Kowloon,26
Osaka,24
Shanxi,23
New Taipei,21
Taichung,21
New Jersey,21
Tsuen Wan New Territories,19
Hesse,18
Guangxi,16
Guizhou,16
Oregon,15
Utah,15
Haiphong,14
Jilin,13
North Holland,13
Virginia,12
Maharashtra,11
Heilongjiang,10
New South Wales,9
Xinjiang,9
Bavaria,9
Seoul,8
Selangor,8
Arizona,8
New York,8
Hải Dương,8
Da Nang,8
Ontario,7
Inner Mongolia,7
Île-de-France,7
Kanagawa,7
Illinois,7
Central and Western Hong Kong Island,6
Changhua,6
Taoyuan,6
Colorado,6
Catalonia,5
Eastern Hong Kong Island,5
Incheon,5
Istanbul,5
British Columbia,4
Hainan,4
Baden-Württemberg,4
Leinster,4
Chiba,4
Hsinchu County,4
Kaohsiung,4
Tainan,4
Nevada,4
Texas,4
Abu Dhabi,3
Berlin,3
Jakarta,3
Karnataka,3
Baghdad,3
Aichi,3
Bishkek,3
Phnom Penh,3
Almaty City,3
Johor,3
Sabah,3
Kuala Lumpur,3
Hsinchu,3
Georgia,3
South Carolina,3
Tashkent,3
Bình Thuận,3
Dubai,2
Buenos Aires Province,2
Buenos Aires,2
Queensland,2
Capital,2
Goiás,2
Paraná,2
Rio de Janeiro,2
São Paulo,2
Quebec,2
Kinshasa,2
North Rhine-Westphalia,2
Uusimaa,2
Sham Shui Po Kowloon,2
Sai Kung New Territories,2
Budapest,2
Telangāna,2
Shizuoka,2
Kyoto,2
Yamaguchi,2
Fukuoka,2
Tangier-Tétouan,2
Meknès-Tafilalet,2
Auckland,2
Port Moresby,2
Metro Manila,2
Punjab,2
Skåne,2
Massachusetts,2
Michigan,2
Ohio,2
Pennsylvania,2
Tây Ninh,2
Catamarca,1
Misiones,1
Vienna,1
Victoria,1
Western Australia,1
Federation of Bosnia and Herzegovina,1
Dhaka Division,1
Brunei-Muara,1
Alagoas,1
Minas Gerais,1
Pará,1
Santa Catarina,1
Gaborone,1
Alberta,1
Ningxia,1
Hamburg,1
Rhineland-Palatinate,1
Estuaire,1
Scotland,1
Wan Chai Hong Kong Island,1
Kwun Tong Kowloon,1
North New Territories,1
Aceh,1
Central Java,1
Tel Aviv,1
Tamil Nadu,1
Basra,1
Diyala,1
Nineveh,1
Piedmont,1
Saitama,1
Gifu,1
South Chungcheong,1
Yangon,1
Birkirkara,1
North Brabant,1
Province 3,1
Waikato,1
Muscat,1
Central Luzon,1
Pomerania,1
Braga,1
Lisbon,1
Astrakhan,1
Moscow Province,1
Moscow,1
Saratov,1
Riyadh,1
Makkah,1
Bangkok,1
Antalya,1
Zonguldak,1
Miaoli,1
Taitung,1
Yunlin,1
Florida,1
Iowa,1
Minnesota,1
Oklahoma,1
Miranda,1
Thái Bình,1
Thanh Hóa,1
Bình Định,1
Khánh Hòa,1
Đồng Nai,1
Bà Rịa–Vũng Tàu,1
Kiên Giang,1
Bến Tre,1
Cà Mau,1
Gauteng,1
Mpumalanga,1
