name,unique_exits,total_exits,exit_rate
/3.12/,287,303,
/3.12/tutorial/index.html,202,210,
/3.12/whatsnew/3.12.html,143,144,
/3.12/using/windows.html,124,129,
/3.12/library/functions.html,118,123,
/3.12/library/stdtypes.html,108,111,
/3.12/search.html,82,86,
/3.12/library/typing.html,70,72,
/3.12/library/2to3.html,64,64,
/3.12/library/datetime.html,53,55,
/zh-cn/3.12/library/index.html,51,54,
/3.12/tutorial/,49,51,
/zh-cn/3.12/using/mac.html,49,49,
/3.12/index.html,47,49,
/3.12/library/os.html,46,47,
/3.12/tutorial/controlflow.html,46,52,
/3.12/library/,38,38,
/3.12/library/index.html,38,37,
/3.12/tutorial/appetite.html,37,39,
/3.12/tutorial/interpreter.html,36,37,
/3.12/tutorial/introduction.html,36,37,
/zh-cn/3.12/tutorial/index.html,32,33,
/3.12/library/pathlib.html,31,32,
/3/,30,30,
/3.12/library/exceptions.html,28,28,
/3.12/library/itertools.html,27,26,
/zh-cn/3.12/,27,27,
/zh-cn/3.12/tutorial/controlflow.html,27,28,
/zh-cn/3.12/library/heapq.html,26,26,
/3.12/download.html,24,23,
/3.12/library/subprocess.html,24,25,
/3.13/,23,23,
/3.12/glossary.html,22,22,
/3.12/library/asyncio.html,22,22,
/3.12/library/multiprocessing.html,21,23,
/3.12/library/re.html,21,21,
/3.12/library/turtle.html,21,20,
/3.12/library/logging.html,20,20,
/3.12/library/tkinter.html,20,21,
/3.12/tutorial/datastructures.html,20,21,
/3.12/library/telnetlib.html,19,19,
/zh-cn/3.12/search.html,18,22,
/3.12/library/os.path.html,17,17,
/zh-cn/3.12/index.html,17,17,
/3.12/library/random.html,16,17,
/3.12/py-modindex.html,16,16,
/3.12/reference/datamodel.html,16,16,
/zh-cn/3.12/library/asyncio-task.html,16,16,
/zh-cn/3.12/library/re.html,16,16,
/3.12/library/enum.html,15,15,
/zh-cn/3.12/download.html,15,15,
/zh-cn/3.12/library/stdtypes.html,15,15,
/zh-cn/3.12/tutorial/interpreter.html,15,15,
/3.12/library/string.html,14,13,
/3.12/library/unittest.mock.html,14,14,
/ja/3.12/library/re.html,14,15,
/zh-cn/3.12/library/multiprocessing.html,14,15,
/zh-cn/3.12/library/pathlib.html,14,15,
/zh-cn/3.12/tutorial/introduction.html,14,14,
/3.12/library/argparse.html,13,13,
/3.12/library/asyncio-task.html,13,13,
/3.12/library/functools.html,13,13,
/3.12/library/venv.html,13,13,
/3.12/library/threading.html,12,13,
/zh-cn/3.12/library/subprocess.html,12,12,
/3.12/installing/index.html,11,11,
/3.12/library/io.html,11,11,
/3.12/library/math.html,11,11,
/es/3.12/tutorial/index.html,11,14,
/zh-cn/3.12/library/functions.html,11,11,
/zh-cn/3.12/library/itertools.html,11,11,
/zh-cn/3.12/library/profile.html,11,11,
/zh-cn/3.12/library/typing.html,11,11,
/zh-cn/3.12/reference/index.html,11,11,
/zh-cn/3.12/using/,11,11,
/3.12/library/audioop.html,10,10,
/3.12/library/cgi.html,10,10,
/3.12/library/idle.html,10,10,
/3.12/library/json.html,10,10,
/3.12/library/tkinter.ttk.html,10,13,
/3.12/reference/compound_stmts.html,10,10,
/3/library/typing.html,10,10,
/3/tutorial/index.html,10,9,
/ko/3.12/using/index.html,10,10,
/zh-cn/3.12/library/asyncio.html,10,10,
/zh-cn/3.12/library/collections.html,10,10,
/zh-cn/3.12/library/venv.html,10,11,
/zh-cn/3.12/tutorial/datastructures.html,10,10,
/3.12/contents.html,9,10,
/3.12/library/collections.html,9,10,
/3.12/library/concurrent.futures.html,9,8,
/3.12/reference/index.html,9,9,
/3.13/whatsnew/3.13.html,9,9,
/3/library/functions.html,9,9,
/ja/3.12/whatsnew/index.html,9,10,
/zh-cn/3.12/library/logging.html,9,9,
/zh-cn/3.12/reference/datamodel.html,9,9,
/zh-cn/3.13/,9,9,
/3.12/library/dataclasses.html,8,8,
/3.12/library/time.html,8,8,
