name,visitors,pageviews,bounce_rate,time_on_page,scroll_depth
/3.12/,546,661,61,52,73
/3.12/tutorial/index.html,309,344,73,47,50
/3.12/whatsnew/3.12.html,212,240,78,50,16
/3.12/search.html,181,279,51,16,53
/3.12/library/functions.html,163,176,87,74,49
/3.12/library/stdtypes.html,157,178,82,102,47
/3.12/using/windows.html,157,165,82,28,22
/zh-cn/3.12/library/index.html,128,179,40,41,42
/3.12/library/index.html,123,162,37,54,43
/zh-cn/3.12/tutorial/index.html,115,140,56,24,67
/3.12/index.html,112,125,57,33,75
/zh-cn/3.12/,110,146,42,13,76
/3.12/library/typing.html,99,99,70,69,44
/3.12/tutorial/,86,110,55,32,58
/3.12/tutorial/controlflow.html,80,87,78,241,48
/3.12/tutorial/interpreter.html,80,75,64,71,74
/3.12/tutorial/appetite.html,76,70,69,55,79
/3.12/library/2to3.html,71,73,90,21,39
/3.12/library/datetime.html,71,76,81,150,44
/3.12/library/os.html,67,66,86,51,39
/3.12/tutorial/introduction.html,66,65,87,147,65
/zh-cn/3.12/index.html,64,86,47,28,75
/3.12/library/,58,62,68,11,32
/3.12/glossary.html,52,53,56,32,55
/zh-cn/3.12/using/mac.html,51,53,92,24,62
/3.12/library/pathlib.html,49,48,67,57,64
/zh-cn/3.12/reference/index.html,47,56,56,16,76
/3.12/library/asyncio.html,45,47,62,35,76
/zh-cn/3.12/tutorial/controlflow.html,44,49,88,252,43
/3.12/py-modindex.html,42,51,54,26,54
/3.12/reference/index.html,41,43,31,16,65
/3.12/tutorial/datastructures.html,41,35,88,164,44
/3.12/library/exceptions.html,39,37,78,30,45
/3.12/library/itertools.html,39,35,82,39,30
/3.12/download.html,36,32,75,23,85
/3.12/library/subprocess.html,36,39,82,69,41
/zh-cn/3.12/library/heapq.html,36,32,88,131,55
/zh-cn/3.12/library/stdtypes.html,36,38,67,102,46
/zh-cn/3.12/search.html,36,56,45,13,49
/3.12/reference/datamodel.html,33,31,69,178,55
/zh-cn/3.12/library/functions.html,31,24,60,126,34
/zh-cn/3.12/tutorial/interpreter.html,31,29,60,83,77
/zh-cn/3.12/tutorial/introduction.html,31,37,60,180,66
/3.12/library/os.path.html,30,26,76,218,58
/zh-cn/3.12/contents.html,30,43,29,17,19
/3.12/library/telnetlib.html,29,24,87,23,74
/zh-cn/3.12/download.html,29,24,100,23,90
/3.12/library/logging.html,28,32,69,54,53
/3.12/library/multiprocessing.html,28,34,79,63,19
/3.12/library/re.html,27,28,89,64,67
/3.12/library/tkinter.html,27,31,75,45,42
/3.12/library/threading.html,25,22,77,107,65
/zh-cn/3.12/tutorial/appetite.html,25,19,75,41,92
/3.12/library/argparse.html,24,19,78,135,42
/3.12/library/asyncio-task.html,24,24,55,52,36
/3.12/library/turtle.html,24,30,88,89,29
/3.12/installing/index.html,23,22,75,28,70
/3.12/library/enum.html,23,21,78,51,48
/3.12/reference/compound_stmts.html,23,23,67,66,55
/zh-cn/3.12/reference/datamodel.html,23,27,67,106,56
/zh-cn/3.12/tutorial/datastructures.html,23,20,60,121,50
/3.12/contents.html,22,30,33,143,20
/3.12/library/functools.html,22,19,73,47,48
/3.12/library/string.html,22,34,91,67,56
/zh-cn/3.12/library/asyncio-task.html,21,18,92,181,39
/3.12/library/random.html,20,21,87,37,49
/zh-cn/3.12/glossary.html,20,20,100,41,59
/zh-cn/3.12/howto/index.html,20,26,25,15,90
/zh-cn/3.12/library/multiprocessing.html,20,20,83,124,23
/3.12/library/concurrent.futures.html,19,18,50,95,68
/zh-cn/3.12/library/re.html,19,18,100,141,24
/zh-cn/3.12/library/typing.html,19,16,78,212,33
/zh-cn/3.12/tutorial/classes.html,19,19,80,39,32
/3.12/library/math.html,18,19,73,51,54
/3.12/library/venv.html,18,16,71,79,53
/ja/3.12/library/re.html,18,18,87,48,42
/zh-cn/3.12/py-modindex.html,18,14,50,10,41
/3.12/reference/lexical_analysis.html,17,17,33,256,65
/es/3.12/tutorial/index.html,17,21,87,71,53
/3.12/library/audioop.html,16,15,56,24,67
/3.12/library/constants.html,16,16,83,25,80
/3.12/library/unittest.mock.html,16,16,82,130,59
/3.12/tutorial/modules.html,16,16,100,68,47
/zh-cn/3.12/installing/index.html,16,15,67,77,48
/zh-cn/3.12/library/pathlib.html,16,18,82,138,41
/zh-cn/3.12/using/windows.html,16,13,40,54,30
/3.12/library/io.html,15,13,100,95,68
/3.12/library/time.html,15,19,60,39,41
/ja/3.12/whatsnew/index.html,15,14,62,14,20
/zh-cn/3.12/library/asyncio.html,15,18,80,23,73
/zh-cn/3.12/reference/lexical_analysis.html,15,10,100,391,81
/zh-cn/3.12/whatsnew/3.12.html,15,12,75,92,30
/3.12/library/cgi.html,14,10,100,49,43
/3.12/library/collections.abc.html,14,12,67,26,72
/3.12/library/idle.html,14,13,100,10,7
/3.12/reference/simple_stmts.html,14,12,40,172,64
/3.12/tutorial/classes.html,14,13,67,168,56
/zh-cn/3.12/library/collections.html,14,12,89,55,45
/zh-cn/3.12/library/os.html,14,12,100,51,39
/zh-cn/3.12/library/subprocess.html,14,14,90,109,30
