name,unique_entrances,total_entrances,visit_duration
/en/latest/tutorials/installing-packages/,3086,3146,70
/en/latest/guides/tool-recommendations/,621,628,58
/en/latest/tutorials/packaging-projects/,541,565,82
/en/latest/guides/writing-pyproject-toml/,486,497,98
/en/latest/guides/installing-using-pip-and-virtual-environments/,361,370,48
/en/latest/,326,328,120
/en/latest/specifications/dependency-specifiers/,179,183,48
/en/latest/specifications/binary-distribution-format/,143,144,42
/en/latest/glossary/,113,114,88
/en/latest/key_projects/,89,90,141
/en/latest/discussions/src-layout-vs-flat-layout/,63,64,149
/en/latest/overview/,55,56,153
/en/latest/guides/installing-using-linux-tools/,45,47,98
/en/latest/guides/distributing-packages-using-setuptools/,41,42,101
/en/latest/specifications/pyproject-toml/,32,37,81
/en/latest/specifications/entry-points/,29,29,66
/en/latest/tutorials/managing-dependencies/,28,28,99
/en/latest/flow/,26,26,177
/en/latest/guides/packaging-namespace-packages/,26,27,31
/en/latest/guides/section-install/,26,26,91
/en/latest/guides/creating-command-line-tools/,25,27,39
/en/latest/guides/installing-using-virtualenv/,25,25,142
/en/latest/specifications/version-specifiers/,25,25,44
/en/latest/tutorials/,24,24,254
/en/latest/guides/,23,24,122
/en/latest/guides/publishing-package-distribution-releases-using-github-actions-ci-cd-workflows/,23,23,141
/en/latest/specifications/core-metadata/,22,25,9
/en/latest/discussions/versioning/,21,21,63
/en/latest/guides/creating-and-discovering-plugins/,19,19,128
/en/latest/guides/installing-scientific-packages/,19,19,95
/en/latest/guides/installing-stand-alone-command-line-tools/,19,20,172
/en/latest/specifications/platform-compatibility-tags/,17,18,31
/en/latest/specifications/,15,15,125
/en/latest/specifications/inline-script-metadata/,15,15,83
/en/latest/guides/packaging-binary-extensions/,14,14,43
/en/latest/guides/hosting-your-own-index/,13,13,15
/en/latest/search/,13,13,184
/en/latest/discussions/package-formats/,12,12,0
/en/latest/discussions/setup-py-deprecated/,11,11,45
/en/latest/specifications/pypirc/,11,11,4
/en/latest/guides/analyzing-pypi-package-downloads/,10,10,346
/en/latest/guides/section-build-and-publish/,10,10,643
/en/latest/guides/making-a-pypi-friendly-readme/,9,9,323
/en/latest/specifications/dependency-groups/,9,9,2
/en/latest/specifications/recording-installed-packages/,9,9,106
/en/latest/specifications/simple-repository-api/,9,9,0
/en/latest/discussions/install-requires-vs-requirements/,8,8,2
/en/latest/discussions/pip-vs-easy-install/,8,8,14
/en/latest/discussions/single-source-version/,8,8,28
/en/latest/guides/using-testpypi/,8,8,248
/en/latest/specifications/name-normalization/,8,8,26
/en/latest/guides/using-manifest-in/,7,8,155
/en/latest/specifications/pylock-toml/,7,7,18
/en/latest/discussions/deploying-python-applications/,6,6,133
/en/latest/discussions/distribution-package-vs-import-package/,6,6,230
/en/latest/news/,5,5,62
/en/latest/specifications/externally-managed-environments/,5,5,61
/en/latest/guides/index-mirrors-and-caches/,4,4,0
/en/latest/guides/licensing-examples-and-user-scenarios/,4,4,13
/en/latest/specifications/source-distribution-format/,4,4,1
/en/latest/discussions/,3,3,10
/en/latest/guides/dropping-older-python-versions/,3,3,0
/en/latest/guides/modernize-setup-py-project/,3,3,343
/ja/latest/guides/writing-pyproject-toml/,3,3,883
/en/latest/guides/multi-version-installs/,2,2,0
/en/latest/specifications/virtual-environments/,2,2,0
/ja/latest/guides/packaging-namespace-packages/,2,2,1718
/tutorials/installing-packages/,2,2,135
/en/latest/contribute/,1,1,28
/en/latest/guides/migrating-to-pypi-org/,1,1,0
/en/latest/guides/section-hosting/,1,1,5725
/en/latest/specifications/build-details/,1,1,0
/en/latest/specifications/direct-url-data-structure/,1,1,146
/en/latest/specifications/direct-url/,1,1,0
/en/latest/specifications/index-hosted-attestations/,1,1,0
/en/latest/specifications/schemas/,1,1,52
/en/latest/specifications/section-distribution-formats/,1,1,0
/en/latest/specifications/section-distribution-metadata/,1,1,20
/en/latest/specifications/well-known-project-urls/,1,1,0
/ja/latest/guides/distributing-packages-using-setuptools/,1,1,155
/ja/latest/guides/installing-stand-alone-command-line-tools/,1,1,0
/ja/latest/tutorials/installing-packages/,1,1,1
/pt-br/latest/guides/installing-stand-alone-command-line-tools/,1,1,6
