name,visitors
Tokyo,34
Hong Kong,29
Singapore,28
Paris,25
Warsaw,24
Hyderabad,23
Taipei,22
Sydney,20
Chennai,19
Chicago,18
Amsterdam,17
New York City,17
Beijing,16
San Jose,16
Bengaluru,15
Guangzhou,15
Shanghai,14
London,14
Munich,14
Seattle,14
Cairo,13
Saint Petersburg,13
Moscow,13
Pune,13
Berlin,13
Tel Aviv,12
Helsinki,12
Seoul,12
Zürich,12
Vienna,12
Kyiv,11
Stockholm,11
Frankfurt am Main,11
Lima,11
Atlanta,11
Los Angeles,11
Ho Chi Minh City,10
Xi’an,10
Dublin,10
Shenzhen,9
Chengdu,9
Erlangen,9
Riga,8
Brussels,8
Madrid,8
Rome,8
Mexico City,8
San Francisco,8
Nairobi,7
Nanjing,7
Manchester,7
Medellín,7
Dallas,7
Houston,7
Toronto,7
Istanbul,6
Belgrade,6
Mumbai,6
Bhopāl,6
Suwon,6
Auckland,6
Lagos,6
Prague,6
Montevideo,6
Phoenix,6
Kampala,5
Addis Ababa,5
Zhengzhou,5
N/A,5
Osaka,5
Copenhagen,5
Oslo,5
Milan,5
N/A,5
Guatemala City,5
Jacksonville,5
Alpharetta,5
Baltimore,5
Columbus,5
Fort Worth,5
Princeton,5
Santa Clara,5
Boardman,5
Ankara,4
Astrakhan,4
Baku,4
Yerevan,4
Kharkiv,4
Thessaloníki,4
Karachi,4
Dhaka,4
Patna,4
Coimbatore,4
Cochin,4
Novosibirsk,4
Hanoi,4
Taichung,4
Wuxi,4
Hangzhou,4
Dongguan,4
N/A,4
Yokohama,4
Fukuoka,4
Melbourne,4
Dübendorf,4
Coimbra,4
Nürnberg,4
Leipzig,4
Göttingen,4
Darmstadt,4
Nanterre,4
Budapest,4
Barcelona,4
São Paulo,4
Brasília,4
Belo Horizonte,4
La Paz,4
Dayton,4
Cambridge,4
San Diego,4
Stockton,4
N/A,4
Sanaa,3
Riyadh,3
Dammam,3
Mashhad,3
Kuwait City,3
Muscat,3
Dubai,3
Abu Dhabi,3
Giza,3
Vilnius,3
Minsk,3
Cluj-Napoca,3
Lilongwe,3
Johannesburg,3
Lahore,3
Varanasi,3
Surat,3
New Delhi,3
Yekaterinburg,3
Chelyabinsk,3
Tashkent,3
Nur-Sultan,3
Jakarta,3
Quezon City,3
N/A,3
Taizhou,3
Tongchuanshi,3
Chongqing,3
Macau,3
Anyang-si,3
N/A,3
Ulan Bator,3
Brisbane,3
Accra,3
Palermo,3
Cambridge,3
Gent,3
Regensburg,3
Köln,3
Rennes,3
Eybens,3
Szczecin,3
Treviso,3
Florence,3
Maribor,3
Cape Town,3
Natal,3
Santa Maria,3
Santo Domingo,3
Santiago,3
Zapopan,3
Trussville,3
Gainesville,3
Hialeah,3
Tampa,3
Indianapolis,3
St. Louis,3
Denton,3
Reston,3
Brooklyn,3
Milwaukee,3
Concord,3
Olympia,3
Hargeysa,2
Baghdad,2
Jeddah,2
Ta’if,2
Tabriz,2
Nicosia,2
N/A,2
Néa Smýrni,2
Athens,2
Jerusalem,2
N/A,2
Ţūkh,2
Asyūţ,2
Alexandria,2
Yaroslavl,2
Volgograd,2
Tampere,2
Oulu,2
Iaşi,2
Bucharest,2
Botoşani,2
Ternopil,2
Kremenchuk,2
Dnipro,2
Brovary,2
Balmazújváros,2
Sofia,2
Köseköy,2
Harare,2
Lusaka,2
Rawalpindi,2
Peshawar,2
Visakhapatnam,2
Vijayawada,2
Ranchi,2
Navadwīp,2
Madurai,2
Ludhiāna,2
Lucknow,2
Gurgaon,2
Gandhinagar,2
Kolkata,2
Aurangabad,2
Āsansol,2
Pleiku,2
Haiphong,2
Hualien City,2
Hsinchu,2
Petaling Jaya,2
Zhuzhou,2
Zibo,2
Xianyang,2
Taiyuan,2
Qingdao,2
Nanyang,2
Changsha,2
N/A,2
Daejeon,2
N/A,2
Incheon,2
Hwaseong-si,2
Jeonju,2
Toyota,2
Saga,2
Okayama,2
Ōita,2
Ōgaki,2
N/A,2
N/A,2
Hachiōji,2
Ashiya,2
Seongnam-si,2
N/A,2
Changchun,2
Narita,2
Christchurch,2
Luanda,2
Dakar,2
Abidjan,2
Ibadan,2
Abuja,2
Ouagadougou,2
Cotonou,2
Freetown,2
Tunis,2
Maracena,2
Casablanca,2
Frederiksberg,2
Brøndbyvester,2
Århus,2
Wokingham,2
Nottingham,2
N/A,2
Leicester,2
Glasgow,2
Epsom,2
Ealing,2
Derby,2
Chingford,2
Chelmsford,2
Barking,2
Axminster,2
Abingdon,2
Wädenswil,2
Meyrin,2
Liestal,2
N/A,2
Bussigny,2
Täby,2
Nyköping,2
Mörrum,2
Göteborg,2
Åkersberga,2
Porto,2
Tilburg,2
