name,version,visitors
Windows,10,3634
Mac,10.15,846
iOS,18.5,284
Android,15,212
Android,14,197
Android,10,193
Android,13,156
HarmonyOS,3.0,130
GNU/Linux,(not set),120
Android,12,113
Android,11,112
HarmonyOS,2.2,81
HarmonyOS,(not set),61
Chrome OS,14541.0,54
Ubuntu,(not set),31
Android,8.1,18
iOS,18.3,16
Android,9,15
iOS,18.4,13
iOS,17.6,12
iOS,16.1,10
iOS,16.7,9
iOS,17.5,8
iOS,18.0,8
iOS,18.1,8
iOS,18.2,7
HarmonyOS,2.1,7
Android,8.0,7
iOS,15.8,6
iOS,16.3,6
Windows,7,5
Android,7.1,5
iOS,14.4,4
iOS,17.4,4
Android,6.0,4
Windows,(not set),3
iOS,16.2,3
iOS,16.6,3
iOS,17.1,3
Android,5.1,3
Android,7.0,3
Fire OS,8,3
iPadOS,14.2,2
iOS,17.2,2
iPadOS,17.6,2
iOS,19.0,2
(not set),(not set),1
iOS,12.3,1
iOS,14.8,1
iOS,15.2,1
iOS,15.3,1
iOS,15.5,1
iOS,15.6,1
iPadOS,16.1,1
iOS,16.4,1
iOS,16.5,1
iOS,17.0,1
iOS,17.3,1
iOS,17.7,1
Windows,Server 2003,1
Windows,XP,1
