name,visitors,bounce_rate,visit_duration
Direct / None,5687,64,240
Bing,1165,73,121
Google,1099,78,148
Baidu,716,76,75
python.org,181,0,393
doubao.com,117,50,186
codecademy.cn,80,62,126
link.zhihu.com,38,76,117
link.csdn.net,37,66,95
quark.cn,23,75,76
chatgpt.com,22,56,328
chat.baidu.com,16,44,194
qianwen.com,15,58,340
translations.python.org,10,10,559
360.cn,9,89,2
runoob.com,9,70,555
GitHub,8,75,680
blog.csdn.net,8,38,201
link.juejin.cn,8,57,80
wiki.python.org,8,0,1041
python.github.net.cn,7,0,179
wapbaike.baidu.com,7,100,0
baike.baidu.com,5,0,358
72.itmc.org.cn,4,100,0
Sogou,4,33,38
codemao-guide.yuque.com,4,75,460
notebooks.githubusercontent.com,4,100,118
ntp.msn.cn,4,67,40
oi-wiki.org,4,75,8
yuque.com,4,75,368
2025yuan.pythonanywhere.com,3,33,356
Perplexity,3,67,364
fastapi.tiangolo.com,3,100,28
yuanbao.tencent.com,3,100,81
172.18.80.88,2,0,95
3ms.huawei.com,2,100,0
DuckDuckGo,2,100,2
Ecosia,2,100,0
bytedance.larkoffice.com,2,100,0
c.biancheng.net,2,50,24
chat.alibaba-inc.com,2,50,16
cnblogs.com,2,100,12
codedex.io,2,0,14
copilot.microsoft.com,2,100,0
course-wps.zju.edu.cn,2,100,0
educoder.net,2,50,39
gitee.com,2,0,1238
i.zte.com.cn,2,50,374
idealab.alibaba-inc.com,2,100,32
l4x826wg3c.feishu.cn,2,0,159
learnku.com,2,100,0
liaoxuefeng.com,2,100,0
mi.feishu.cn,2,100,0
mooc1.chaoxing.com,2,50,58
opcua-asyncio.readthedocs.io,2,0,8
python.byted.org,2,100,0
soe.tju.edu.cn,2,100,0
web.shanbay.com,2,100,0
wenku.baidu.com,2,0,410
wowpy.cn,2,0,68
52zwbc.com,1,100,0
6.65.233.1,1,100,0
Brave,1,0,22
Yahoo!,1,100,0
Yandex,1,0,4
acnrw19ii9py.feishu.cn,1,0,540
ai.dangbei.com,1,100,0
ai.eaglelab.tcl.com,1,0,69
ai.feishu.cn,1,100,0
ai.lanjingchat.com,1,100,0
ai.woa.com,1,0,1744
aiapi.sheincorp.cn,1,100,0
anyio.readthedocs.io,1,0,1526
app.dataquest.io,1,0,247
apps.jijyun.cn,1,100,0
ata.atatech.org,1,100,0
atcoder.jp,1,0,49
blog.51cto.com,1,0,471
blog.huweihuang.com,1,0,264
bookstack.cn,1,0,14
brightspace.hud.ac.uk,1,0,43
bytedance.feishu.cn,1,100,0
bytetech.info,1,100,0
canvas.bham.ac.uk,1,0,125
chat.qwen.ai,1,100,0
chinesemooc.org,1,100,0
code.visualstudio.com,1,0,0
codernav.com,1,100,0
core.juscom.com,1,100,0
developer.mozilla.org,1,0,755
docs.openmc.org,1,0,99
dxzy163.com,1,0,28
flowith.net,1,100,0
help.aliyun.com,1,100,0
horizonrobotics.feishu.cn,1,100,0
huggingface.co,1,0,70
hz-4.matpool.com,1,0,131
hz-t3.matpool.com,1,0,1487
jb51.net,1,100,0
jianshu.com,1,0,42
kiyun.pingcode.com,1,100,0
laboratory-of-lipid-metabolism-a.gitbook.io,1,0,89
lanqiao.cn,1,100,0
learning-pytest.readthedocs.io,1,0,14
learning.ccbp.in,1,0,56
lintcode.com,1,0,71
mcourses.zju.edu.cn,1,100,0
momodel.cn,1,100,0
moodle.nottingham.ac.uk,1,0,1153
mvig-rhos.gitbook.io,1,100,0
numpy.org,1,0,3733
oi-wiki.com,1,100,0
opencsg.com,1,0,27
playwright.nodejs.cn,1,0,8
pyda.apachecn.org,1,0,3308
pymupdf.readthedocs.io,1,0,30
pypi.org,1,0,0
reference.langchain.com,1,0,0
repo-codeartsx-cn-southwest-2.sicarrier.com,1,100,0
rich.readthedocs.io,1,0,40
roadmap.sh,1,0,511
robotframework.org,1,0,0
shimo.im,1,100,0
showmeai.tech,1,100,0
sio2.mimuw.edu.pl,1,0,1248
siyuan.chatmuse.cn,1,0,3488
space.coze.cn,1,0,1119
spiderbox.cn,1,0,6
static.oschina.net,1,0,8
t6ixa9nyl6.jiandaoyun.com,1,100,0
testing,1,100,0
vip.ow365.cn,1,100,0
w3.huawei.com,1,100,0
w3cschool.cn,1,0,44
web.wetab.link,1,100,0
weimingze.com,1,100,0
wiki.htzq.htsc.com.cn,1,100,0
wolai.com,1,100,0
yunsousou.com,1,100,0
