name,version,visitors
Chrome,140.0,100
Microsoft Edge,140.0,28
Chrome,87.0,26
Chrome,139.0,21
Chrome,138.0,11
Safari,18.6,8
Firefox,142.0,7
Firefox,143.0,7
Safari,18.5,5
Safari,18.3,4
Opera,120.0,3
Opera,121.0,3
Chrome,137.0,3
Firefox,140.0,3
Safari,15.6,3
Chrome,122.0,2
Chrome,126.0,2
Firefox,128.0,2
Chrome,131.0,2
Microsoft Edge,139.0,2
Safari,26.0,2
Safari,26.2,2
Samsung Browser,28.0,2
Mobile App,(not set),1
Microsoft Edge,102.0,1
Chrome,117.0,1
Chrome,125.0,1
Firefox,136.0,1
Chrome,136.0,1
Firefox,141.0,1
Firefox,144.0,1
Yandex Browser,25.8,1
Chrome,95.0,1
