name,visitors,pageviews,bounce_rate,time_on_page
/zh-tw/3.13/tutorial/index.html,176,219,41,109.0381679389313
/zh-tw/3.13/installing/index.html,73,83,85,872.0
/zh-tw/3/tutorial/index.html,71,88,57,67.02857142857142
/zh-tw/3.13/tutorial/interpreter.html,65,86,73,191.92857142857142
/zh-tw/3.13/tutorial/introduction.html,53,73,90,255.875
/zh-tw/3.13/tutorial/datastructures.html,52,64,85,156.33333333333334
/zh-tw/3.13/,51,56,33,13.0
/zh-tw/3.13/tutorial/appetite.html,51,61,75,121.27906976744185
/zh-tw/3/faq/windows.html,47,53,80,718.4444444444445
/zh-tw/3.13/library/random.html,44,51,81,591.7142857142857
/zh-tw/3.13/tutorial/classes.html,43,54,93,373.1666666666667
/zh-tw/3.13/library/venv.html,41,42,87,847.5
/zh-tw/3.13/library/json.html,37,46,75,504.7142857142857
/zh-tw/3.13/library/csv.html,36,43,78,780.5
/zh-tw/3.13/tutorial/inputoutput.html,35,39,68,314.0769230769231
/zh-tw/3.13/tutorial/controlflow.html,33,40,77,499.57142857142856
/zh-tw/3.13/tutorial/errors.html,33,39,64,352.0
/zh-tw/3.13/tutorial/modules.html,33,37,81,135.0
/zh-tw/3.13/using/mac.html,33,40,85,356.55555555555554
/zh-tw/3.13/library/functions.html,30,36,45,189.125
/zh-tw/3.13/library/os.path.html,29,29,80,293.6
/zh-tw/3.13/howto/sorting.html,28,31,75,506.0
/zh-tw/3.13/library/collections.html,28,32,74,146.0
/zh-tw/3.13/library/heapq.html,27,28,87,206.8
/zh-tw/3.13/library/pathlib.html,25,32,67,958.8571428571429
/zh-tw/3/library/index.html,25,31,40,98.8
/zh-tw/3.13/library/stdtypes.html,24,27,78,446.6666666666667
/zh-tw/3.13/library/string.html,24,27,85,227.83333333333334
/zh-tw/3/howto/argparse.html,24,24,86,341.5
/zh-tw/3/tutorial/interpreter.html,24,40,70,196.7058823529412
/zh-tw/dev/library/os.path.html,24,27,80,730.0
/zh-tw/3/tutorial/introduction.html,23,27,82,127.45454545454545
/zh-tw/3.13/library/index.html,22,27,44,111.33333333333333
/zh-tw/3.13/tutorial/floatingpoint.html,22,25,100,21.4
/zh-tw/3/library/concurrent.futures.html,22,22,86,144.5
/zh-tw/3.13/tutorial/venv.html,21,21,92,124.125
/zh-tw/3.13/search.html,19,34,50,55.31818181818182
/zh-tw/3.13/howto/sockets.html,18,22,100,85.25
/zh-tw/3/tutorial/appetite.html,18,21,100,91.3076923076923
/zh-tw/3/tutorial/controlflow.html,17,39,86,148.14285714285714
/zh-tw/3.13/library/typing.html,15,15,85,608.0
/zh-tw/3/library/threading.html,15,17,71,363.2
/zh-tw/3.13/glossary.html,14,16,71,42.375
/zh-tw/3.13/library/unittest.html,14,14,69,355.75
/zh-tw/3.13/reference/index.html,14,20,33,22.46153846153846
/zh-tw/3/library/functions.html,14,16,75,131.16666666666666
/zh-tw/dev/library/csv.html,14,15,92,283.6666666666667
/zh-tw/3.13/library/copy.html,13,13,92,987.0
/zh-tw/3.13/library/time.html,13,13,57,329.2
/zh-tw/3.13/contents.html,12,16,33,27.0
/zh-tw/3.13/tutorial/,12,19,0,59.8125
/zh-tw/3/library/math.html,12,13,78,449.5
/zh-tw/3/library/pickle.html,12,13,89,150.0
/zh-tw/3.13/index.html,11,12,0,9.625
/zh-tw/3.13/library/__main__.html,11,12,75,305.0
/zh-tw/3.13/whatsnew/index.html,11,11,43,265.6666666666667
/zh-tw/3.13/library/array.html,10,11,88,14.0
/zh-tw/3.13/using/windows.html,10,12,100,158.0
/zh-tw/3/library/pdb.html,10,10,75,379.5
/zh-tw/3.13/library/asyncio.html,9,9,50,286.8333333333333
/zh-tw/3.13/tutorial/stdlib.html,9,10,33,32.333333333333336
/zh-tw/3.13/whatsnew/3.13.html,9,11,0,21.166666666666668
/zh-tw/3/library/uuid.html,9,9,100,
/zh-tw/3/search.html,9,13,0,91.75
/zh-tw/3.13/library/html.parser.html,8,11,38,382.75
/zh-tw/3.13/library/operator.html,8,11,88,38.5
/zh-tw/3.13/library/tempfile.html,8,11,75,228.0
/zh-tw/3/library/abc.html,8,8,83,341.0
/zh-tw/3.12/installing/index.html,7,7,83,65.0
/zh-tw/3.13/library/statistics.html,7,7,100,
/zh-tw/3.13/py-modindex.html,7,9,100,28.857142857142858
/zh-tw/3.13/tutorial/appendix.html,7,8,0,144.85714285714286
/zh-tw/3.13/using/index.html,7,7,0,17.0
/zh-tw/3.14/,7,7,100,12.6
/zh-tw/3/,7,8,20,10.0
/zh-tw/3/c-api/index.html,7,7,67,11.666666666666666
/zh-tw/3/library/functools.html,7,7,83,59.0
/zh-tw/3.12/,6,7,100,4.5
/zh-tw/3.12/tutorial/controlflow.html,6,8,100,
/zh-tw/3.12/tutorial/index.html,6,9,25,12.0
/zh-tw/3.12/using/mac.html,6,6,83,119.0
/zh-tw/3.13/library/queue.html,6,8,60,
/zh-tw/3/installing/index.html,6,6,100,9.0
/zh-tw/3/library/hashlib.html,6,7,60,717.6666666666666
/zh-tw/3/tutorial/,6,7,40,394.6666666666667
/zh-tw/3/tutorial/classes.html,6,6,80,11.5
/zh-tw/3/tutorial/datastructures.html,6,6,100,356.0
/zh-tw/3.12/library/asyncio.html,5,6,40,130.0
/zh-tw/3.13/library/constants.html,5,5,100,46.0
/zh-tw/3.13/library/enum.html,5,5,80,42.0
/zh-tw/3.13/library/exceptions.html,5,7,100,418.0
/zh-tw/3.13/library/ftplib.html,5,6,60,493.0
/zh-tw/3.13/library/gc.html,5,5,100,
/zh-tw/3.13/library/glob.html,5,5,100,
/zh-tw/3.13/library/idle.html,5,5,0,13.5
/zh-tw/3.13/library/os.html,5,5,0,101.33333333333333
/zh-tw/3.13/library/ssl.html,5,6,40,350.6666666666667
/zh-tw/3.13/reference/datamodel.html,5,7,0,136.66666666666666
/zh-tw/3.13/reference/introduction.html,5,5,0,15.2
/zh-tw/3.13/reference/lexical_analysis.html,5,5,0,3.0
