name,version,visitors
Chrome,137.0,65200
Microsoft Edge,137.0,19250
Chrome,138.0,16332
Safari,18.5,7672
Firefox,139.0,7447
Chrome,136.0,5068
Firefox,140.0,5044
Firefox,128.0,2011
Chrome,135.0,1551
Microsoft Edge,138.0,1480
Yandex Browser,25.4,1370
Opera,119.0,1302
Mobile App,(not set),1132
Microsoft Edge,136.0,1123
Chrome,134.0,851
Chrome,131.0,693
Chrome,133.0,619
Safari,18.4,602
Safari,18.3,598
Firefox,138.0,577
Firefox,136.0,538
Chrome,132.0,531
Safari,17.6,521
Yandex Browser,25.6,450
Chrome,109.0,439
Safari,26.0,418
Chrome,130.0,319
Safari,18.1,289
Chrome,128.0,285
Samsung Browser,28.0,279
Chrome,129.0,265
Chrome,122.0,231
Firefox,137.0,224
Mobile App,137.0,223
Safari,16.6,223
Chrome,126.0,222
Firefox,135.0,218
Safari,17.5,197
Microsoft Edge,135.0,191
Microsoft Edge,134.0,189
UC Browser,17.7,189
Firefox,115.0,184
Chrome,125.0,184
Safari,18.2,174
Safari,18.0,167
Chrome,127.0,161
Safari,15.6,159
Safari,18.6,142
Safari,(not set),137
Chrome,124.0,137
Chrome,120.0,129
Safari,17.4,127
SberBrowser,27.0,126
Firefox,141.0,123
Chrome,119.0,118
Yandex Browser,25.2,117
Firefox,134.0,112
Smart Lenovo Browser,9.0,108
Chrome,116.0,99
Huawei Browser Mobile,16.0,97
Microsoft Edge,131.0,95
Chrome,117.0,90
Chrome,121.0,88
Safari,17.3,87
Microsoft Edge,132.0,86
Microsoft Edge,133.0,84
Mobile App,97.0,84
Chrome,123.0,82
Chrome,139.0,81
Firefox,133.0,76
Safari,17.2,72
Quark,(not set),70
Brave,(not set),69
Safari,17.1,69
Yandex Browser,24.10,63
Quark,7.13,60
Chrome,112.0,59
Safari,16.1,59
Chrome,114.0,58
Safari,16.0,58
Chrome,118.0,57
Safari,16.3,52
Safari,19.0,52
Microsoft Edge,122.0,50
(not set),(not set),48
Microsoft Edge,130.0,46
Firefox,132.0,46
Opera,90.0,46
Chrome,86.0,45
Mobile App,114.0,44
Firefox,139.2,44
Chrome,108.0,43
Firefox,129.0,42
Firefox,130.0,40
Microsoft Edge,92.0,40
Chrome,103.0,39
Chrome,140.0,37
MIUI Browser,19.7,36
Firefox,131.0,34
Microsoft Edge,128.0,33
Mobile App,130.0,31
Microsoft Edge,129.0,30
Safari,17.0,30
Sogou Explorer,2,30
Chrome,105.0,29
Yandex Browser,24.12,29
Yandex Browser,24.7,29
Safari,16.4,28
Chrome,87.0,28
Chrome,91.0,28
Microsoft Edge,109.0,27
Chrome,111.0,27
vivo Browser,14.2,27
Yandex Browser,24.1,27
Firefox,113.0,26
Mobile App,116.0,26
Microsoft Edge,126.0,26
Mobile App,126.0,25
Microsoft Edge,127.0,25
Firefox,142.0,24
Safari,17.13,24
Mobile App,109.0,23
Microsoft Edge,120.0,23
Safari,16.5,23
vivo Browser,24.9,23
Whale Browser,4.32,23
Chrome,94.0,23
Mobile App,131.0,22
Chrome,95.0,22
Microsoft Edge,100.0,21
Mobile App,117.0,21
Mobile Silk,136.6,21
Huawei Browser Mobile,15.0,20
Safari,17.8,19
vivo Browser,25.1,19
Yandex Browser,25.3,19
Chrome,106.0,18
Opera,118.0,18
Firefox,127.0,18
Avast Secure Browser,137.0,18
Safari,14.1,18
vivo Browser,25.0,18
Yandex Browser,25.43,18
QQ Browser,19.2,17
Safari,60.5,17
Chrome,99.0,17
Microsoft Edge,124.0,16
UC Browser,17.4,16
Yandex Browser,25.20,16
Chrome,101.0,15
Huawei Browser,12.1,15
Mobile App,138.0,15
Yandex Browser,23.7,15
Chrome,97.0,15
Chrome,104.0,14
Chrome,107.0,14
Chrome,115.0,14
Microsoft Edge,125.0,14
Microsoft Edge,139.0,14
Safari,16.2,14
Yandex Browser,25.46,14
Chrome,96.0,14
Chrome,102.0,13
Firefox,102.0,13
Chrome,110.0,13
Firefox,125.0,13
Opera GX,2.8,13
Yandex Browser,23.9,13
Yandex Browser,24.6,13
Opera,95.0,13
Mobile App,99.0,13
Chrome,113.0,12
Firefox,116.0,12
Microsoft Edge,121.0,12
Firefox,139,12
UC Browser,17.6,12
Safari,17.7,12
QtWebEngine,6.8,12
QtWebEngine,6.9,12
Mobile App,83.0,12
Firefox,91.0,12
Opera,92.0,12
Android Browser,(not set),11
Chromium,(not set),11
Microsoft Edge,118.0,11
Firefox,140.1,11
QQ Browser,19.1,11
Chrome,81.0,11
Chrome,89.0,11
Ecosia,129.0,10
Chrome,137,10
AVG Secure Browser,137.0,10
MIUI Browser,14.10,10
Safari,15.4,10
Safari,15.5,10
QQ Browser,19.3,10
Samsung Browser,27.0,10
Chrome,74.0,10
Chrome,90.0,10
Mobile App,92.0,10
Huawei Browser Mobile,11.1,9
Firefox,112.0,9
Microsoft Edge,114.0,9
Microsoft Edge,18.18362,9
MIUI Browser,19.5,9
vivo Browser,23.6,9
vivo Browser,24.8,9
Yandex Browser,25.7,9
Samsung Browser,26.0,9
Opera Touch,5.5,9
QQ Browser,6.2,9
Quark,7.12,9
Chrome,92.0,9
Microsoft Edge,111.0,8
Safari,12.1,8
Microsoft Edge,123.0,8
Mobile App,136.0,8
Norton Private Browser,137.0,8
Huawei Browser Mobile,14.0,8
Safari,14.0,8
UC Browser,17.5,8
Yandex Browser,23.11,8
Yandex Browser,24.4,8
Chrome,79.0,8
Chrome,98.0,8
Safari,10.0,7
Microsoft Edge,110.0,7
Microsoft Edge,113.0,7
Firefox,114.0,7
Microsoft Edge,119.0,7
Opera,121.0,7
Firefox,126.0,7
Safari,13.1,7
Firefox,140,7
Microsoft Edge,17.17134,7
MIUI Browser,19.3,7
Hi Browser,2.24,7
Opera Touch,2.9,7
Chrome,45.0,7
QtWebEngine,5.15,7
Quark,7.11,7
Chrome,70.0,7
Opera,88.0,7
Opera,89.0,7
Chrome,1.0,6
Mobile App,103.0,6
Firefox,105.0,6
Microsoft Edge,107.0,6
Firefox,109.0,6
Firefox,111.0,6
Microsoft Edge,117.0,6
Firefox,120.0,6
Mobile App,132.0,6
Safari,15.3,6
Microsoft Edge,18.18363,6
Yandex Browser,23.114,6
Samsung Browser,24.0,6
Yandex Browser,25.61,6
AdBlock Browser,3.7,6
Pale Moon,33.7,6
Chrome,80.0,6
Mobile App,90.0,6
Mobile App,91.0,6
Opera,91.0,6
Chrome,93.0,6
Microsoft Edge,102.0,5
Microsoft Edge,104.0,5
Firefox,107.0,5
Microsoft Edge,112.0,5
Opera,113.0,5
Microsoft Edge,115.0,5
Firefox,119.0,5
vivo Browser,14.0,5
MIUI Browser,14.35,5
Microsoft Edge,18.17763,5
MIUI Browser,19.6,5
vivo Browser,24.6,5
Whale Browser,4.31,5
Chrome,76.0,5
Chrome,83.0,5
Firefox,88.0,5
Microsoft Edge,98.0,5
Opera,115.0,4
Opera,117.0,4
Mobile App,118.0,4
Huawei Browser Mobile,12.1,4
Mobile App,120.0,4
Firefox,121.0,4
Firefox,124.0,4
Mobile App,127.0,4
QQ Browser,13.3,4
Mobile App,135.0,4
CCleaner,137.0,4
MIUI Browser,14.1,4
MIUI Browser,14.17,4
MIUI Browser,14.36,4
Safari,15.0,4
Safari,17.10,4
Microsoft Edge,18.19041,4
vivo Browser,18.7,4
