name,visitors
Tokyo,27
Osaka,6
Yokohama,5
N/A,3
Nishinomiya-hama,3
Nagoya,3
Himeji,3
Sapporo,3
N/A,3
Brest,2
Toyota,2
N/A,2
Nikkō,2
Kyoto,2
Kokubunji,2
Kawaguchi,2
N/A,2
Hiroshima,2
Fukuoka,2
Ankara,1
Samut Prakan,1
Banyuwangi,1
Wuhu,1
Guangzhou,1
N/A,1
Toyoshina,1
Toyokawa,1
Toyama,1
Ōtsu,1
N/A,1
Moriguchi,1
Kumagaya,1
Kochi,1
Kawasaki,1
Kamakura,1
Itoigawa,1
Hadano,1
Fukuyama,1
N/A,1
Chigasaki,1
N/A,1
N/A,1
Naka,1
Mito,1
Iwaki,1
Ichinomiya,1
Tomakomai,1
San Francisco,1
Hitachi-Naka,1
Nisshin,1
N/A,1
N/A,1
N/A,1
N/A,1
N/A,1
N/A,1
N/A,1
N/A,1
N/A,1
N/A,1
N/A,1
Ichikawa-minami,1
N/A,1
N/A,1
N/A,1
N/A,1
Hamura,1
N/A,1
N/A,1
N/A,1
N/A,1
N/A,1
N/A,1
