name,version,visitors
Chrome,137.0,33084
Chrome,138.0,13318
Microsoft Edge,138.0,6440
Safari,18.5,5751
Firefox,140.0,3747
Microsoft Edge,137.0,3018
Firefox,139.0,2623
Chrome,136.0,2322
Opera,119.0,1126
Mobile App,(not set),1121
Yandex Browser,25.4,818
Chrome,135.0,797
Firefox,128.0,654
Yandex Browser,25.6,577
Chrome,134.0,466
Safari,18.3,426
Safari,18.4,411
Safari,17.6,402
Chrome,131.0,376
Chrome,109.0,339
Chrome,132.0,337
Safari,26.0,300
Chrome,133.0,280
Firefox,138.0,240
Samsung Browser,28.0,236
Safari,16.6,215
Chrome,130.0,213
Microsoft Edge,136.0,207
Safari,15.6,189
Mobile App,137.0,186
Safari,18.1,171
UC Browser,17.7,168
Chrome,122.0,164
Safari,17.5,159
Firefox,136.0,153
Chrome,119.0,142
Chrome,128.0,138
Chrome,126.0,136
Chrome,125.0,131
Safari,(not set),130
Safari,18.0,119
Chrome,117.0,115
Chrome,129.0,113
Chrome,124.0,112
Huawei Browser Mobile,16.0,110
Firefox,135.0,108
Firefox,115.0,106
Safari,18.2,103
Firefox,137.0,97
Chrome,116.0,90
Chrome,127.0,90
Mobile App,97.0,90
Yandex Browser,25.2,88
Safari,17.4,87
Chrome,120.0,85
Quark,7.13,83
Safari,18.6,81
Firefox,141.0,76
Brave,(not set),71
Safari,17.3,71
Smart Lenovo Browser,9.0,71
Quark,(not set),69
Safari,17.2,67
(not set),(not set),65
Microsoft Edge,135.0,60
Chrome,118.0,59
Chrome,121.0,57
Chrome,114.0,56
Microsoft Edge,131.0,56
Safari,17.1,56
Microsoft Edge,134.0,54
Safari,16.1,53
Firefox,134.0,52
Firefox,140.1,50
Safari,16.0,50
Opera,90.0,49
Safari,17.13,47
vivo Browser,25.1,44
Chrome,140.0,43
Chrome,139.0,42
Safari,19.0,42
Mobile App,114.0,40
Safari,16.3,39
Firefox,133.0,36
Chrome,103.0,34
Chrome,112.0,34
Mobile App,138.0,34
MIUI Browser,19.7,34
Chrome,108.0,33
Safari,16.5,33
Chrome,123.0,32
Microsoft Edge,127.0,32
Yandex Browser,24.10,32
Microsoft Edge,133.0,31
Microsoft Edge,132.0,30
Chrome,86.0,30
Microsoft Edge,122.0,28
vivo Browser,24.9,27
vivo Browser,25.0,27
Microsoft Edge,92.0,26
Mobile App,109.0,25
Mobile App,130.0,25
Mobile App,131.0,25
Firefox,132.0,25
Safari,17.0,25
vivo Browser,14.2,24
Safari,17.8,23
Chrome,111.0,22
Avast Secure Browser,137.0,22
Safari,14.1,22
Huawei Browser Mobile,15.0,22
Microsoft Edge,109.0,21
Mobile App,126.0,21
Chrome,106.0,20
Mobile App,116.0,20
Safari,17.7,20
Microsoft Edge,120.0,19
Microsoft Edge,128.0,19
Firefox,130.0,19
Safari,16.4,19
QQ Browser,19.2,18
Sogou Explorer,2,18
Yandex Browser,24.1,18
Microsoft Edge,130.0,17
Firefox,142.0,17
Chrome,95.0,17
Microsoft Edge,139.0,16
Safari,16.2,16
Chrome,91.0,16
Mobile App,99.0,16
Safari,12.1,15
Safari,13.1,15
SberBrowser,27.0,15
Chrome,87.0,15
Opera,118.0,14
Microsoft Edge,126.0,14
Firefox,127.0,14
Firefox,131.0,14
Yandex Browser,25.20,14
Mobile App,83.0,14
Firefox,129.0,13
Safari,14.0,13
Yandex Browser,25.43,13
Firefox,113.0,12
Microsoft Edge,125.0,12
Safari,15.4,12
UC Browser,17.5,12
QQ Browser,19.3,12
vivo Browser,24.6,12
Opera,92.0,12
Chrome,92.0,12
Android Browser,(not set),11
Chrome,101.0,11
Chrome,105.0,11
Chrome,107.0,11
Mobile App,117.0,11
Microsoft Edge,129.0,11
Yandex Browser,25.3,11
Chrome,99.0,11
Opera,117.0,10
Mobile Silk,136.6,10
Chrome,137,10
Norton Private Browser,137.0,10
Firefox,139,10
Safari,15.3,10
Opera GX,2.8,10
Whale Browser,4.32,10
Opera Touch,5.5,10
Safari,60.5,10
Chrome,79.0,10
Huawei Browser,12.1,9
Firefox,122.0,9
Firefox,123.0,9
MIUI Browser,14.36,9
Yandex Browser,24.6,9
Yandex Browser,24.7,9
Samsung Browser,25.0,9
Samsung Browser,26.0,9
Chrome,70.0,9
Chrome,81.0,9
Microsoft Edge,107.0,8
Firefox,109.0,8
Mobile App,120.0,8
Microsoft Edge,121.0,8
Microsoft Edge,124.0,8
Safari,15.5,8
UC Browser,17.4,8
Yandex Browser,24.4,8
QtWebEngine,6.8,8
Mobile App,92.0,8
Microsoft Edge,113.0,7
Firefox,116.0,7
Microsoft Edge,117.0,7
Ecosia,129.0,7
AVG Secure Browser,137.0,7
Yandex Browser,24.12,7
vivo Browser,24.3,7
Samsung Browser,27.0,7
QtWebEngine,5.15,7
Quark,7.12,7
Chrome,78.0,7
Chrome,85.0,7
Opera,89.0,7
Chrome,97.0,7
Mobile App,101.0,6
Firefox,102.0,6
Chrome,104.0,6
Chrome,110.0,6
Chrome,113.0,6
Opera,116.0,6
Mobile App,119.0,6
Firefox,124.0,6
QQ Browser,13.7,6
Mobile App,132.0,6
Huawei Browser Mobile,14.0,6
Safari,15.2,6
UC Browser,17.6,6
Yandex Browser,23.11,6
Yandex Browser,23.114,6
vivo Browser,24.7,6
vivo Browser,24.8,6
Yandex Browser,25.46,6
Chrome,48.0,6
Chrome,74.0,6
Firefox,88.0,6
Chrome,100.0,5
Microsoft Edge,112.0,5
Microsoft Edge,114.0,5
Microsoft Edge,115.0,5
Microsoft Edge,116.0,5
Microsoft Edge,118.0,5
Huawei Browser Mobile,12.1,5
Firefox,126.0,5
Safari,17.11,5
Microsoft Edge,18.17763,5
QQ Browser,19.1,5
MIUI Browser,19.5,5
Samsung Browser,24.0,5
vivo Browser,25.2,5
Yandex Browser,25.61,5
AdBlock Browser,3.7,5
QQ Browser,6.2,5
Mobile App,90.0,5
Chrome,93.0,5
Opera,95.0,5
Chrome,96.0,5
Chrome,1.0,4
Chrome,102.0,4
Mobile App,103.0,4
Mobile App,108.0,4
Huawei Browser Mobile,11.1,4
Chrome,115.0,4
Mobile App,118.0,4
Chrome,118.3,4
Firefox,120.0,4
Firefox,121.0,4
Microsoft Edge,123.0,4
Firefox,125.0,4
QQ Browser,13.3,4
Mobile App,135.0,4
Firefox,139.2,4
Oppo Browser,15.5,4
MIUI Browser,18.3,4
vivo Browser,18.7,4
Samsung Browser,23.0,4
Yandex Browser,23.110,4
Yandex Browser,23.36,4
Yandex Browser,23.9,4
Yandex Browser,23.96,4
Yandex Browser,24.43,4
Yandex Browser,24.9,4
Pale Moon,33.7,4
Chrome,49.0,4
JioSphere,5.0,4
Chrome,59.0,4
Chrome,80.0,4
Chrome,83.0,4
Firefox,91.0,4
Midori,(not set),3
Safari,10.0,3
Microsoft Edge,103.0,3
Firefox,118.0,3
Chrome,124.61,3
Mobile App,127.0,3
Mobile App,136.0,3
Firefox,137.1,3
Firefox,139.1,3
MIUI Browser,14.10,3
MIUI Browser,14.2,3
MIUI Browser,14.35,3
MIUI Browser,14.9,3
Firefox,140,3
Safari,16.7,3
Safari,17.10,3
UC Browser,17.2,3
UC Browser,17.3,3
MIUI Browser,19.3,3
MIUI Browser,19.6,3
Hi Browser,2.23,3
Hi Browser,2.24,3
