name,visitors,bounce_rate,visit_duration
google.com,33218,81,97
Direct / None,31034,69,165
python.org,4503,58,136
bing.com,2202,78,92
yandex.ru,1921,75,79
duckduckgo.com,1861,80,128
search.brave.com,1217,82,94
chatgpt.com,1105,74,105
cs50.harvard.edu,979,72,261
cn.bing.com,760,71,134
boot.dev,717,76,175
m.baidu.com,703,89,29
udemy.com,486,88,98
baidu.com/link,302,78,52
reddit.com,281,80,79
netacad.com,180,88,21
ecosia.org,170,80,134
roadmap.sh,153,81,75
realpython.com,147,71,159
ya.ru,131,84,57
google.com.hk,122,84,28
youtube.com,121,81,209
github.com,117,83,47
pandas.pydata.org,113,87,41
wiki.python.org,110,72,155
baidu.com,107,80,62
codecademy.com,103,88,21
practicum.yandex.ru,100,83,113
in.search.yahoo.com,89,74,54
search.yahoo.com,83,82,144
pip.pypa.io/en/stable/installation,81,76,106
es.python.org,79,58,161
qiita.com,74,81,44
code.visualstudio.com,73,85,58
matplotlib.org,69,89,34
discuss.python.org,68,73,177
note.nkmk.me,65,82,132
google.de,58,80,60
github.com/yt-dlp/yt-dlp,57,88,52
fastapi.tiangolo.com,56,80,67
android-app://com.google.android.googlequicksearchbox,53,74,23
link.zhihu.com,53,67,158
numpy.org,53,75,146
s3.eu-west-1.amazonaws.com,52,62,207
gemini.google.com,45,73,194
doubao.com,44,72,85
docs.pydantic.dev,42,78,80
docs.pytorch.org,41,98,7
scikit-learn.org,40,80,91
peps.python.org,36,58,175
learn.zybooks.com,35,82,32
pygame.org,34,82,42
qwant.com,33,85,13
codedex.io,32,97,170
developers.google.com,32,68,33
google.co.uk,32,83,28
pypi.org,32,81,191
google.ru,30,82,25
hackerrank.com,30,87,21
yandex.by,30,87,14
yandex.ru/search,30,93,2
link.csdn.net,29,75,130
cursos.alura.com.br,28,77,59
openclassrooms.com,28,79,140
courses.edx.org,26,73,98
android-app://com.reddit.frontpage,25,65,45
google.co.in,25,80,84
langchain-ai.github.io,25,88,19
courses.campus.gov.il,24,83,60
kivy.org,24,76,117
perplexity.ai,24,75,155
copilot.microsoft.com,23,64,103
hiladental.co.il,23,55,880
python.p2hp.com,23,57,116
google.fr,21,90,236
upgrad.com,21,86,26
theforage.com,20,80,109
claude.ai,19,76,56
statics.teams.cdn.office.net,19,100,0
byui-cse.github.io,18,90,22
developer.mozilla.org,18,53,113
huggingface.co,18,75,85
savanna.alxafrica.com,18,63,72
stackoverflow.com,18,76,36
utokyo-ipp.github.io,18,83,8
google.ca,17,100,0
mastergroosha.github.io,17,94,9
packaging.python.org/en/latest/tutorials/installing-packages,17,94,37
home-assistant.io/docs/configuration/templating,16,100,0
infyspringboard.onwingspan.com,16,89,0
notebooks.githubusercontent.com,16,65,112
yandex.kz,16,82,19
lms.skillfactory.ru,15,88,72
pyref.dev,15,100,0
so.com/link,15,73,238
discordpy.readthedocs.io/en/stable/api.html,14,79,16
leetcode.com,14,93,1
networkx.org,14,86,95
sphinx-doc.org/en/master,14,85,4
app.aluracursos.com,13,93,2
github.com/AUTOMATIC1111/stable-diffusion-webui/issues/1423,13,85,5
pytest-mock.readthedocs.io/en/latest/usage.html,13,69,308
discordpy.readthedocs.io,12,100,0
learn.microsoft.com,12,100,0
learnpython.org,12,54,779
liaoxuefeng.com,12,71,67
openstax.org,12,67,196
py4e.com,12,92,4
skillbox.ru,12,80,167
amuletmc.com,11,64,104
elearn.epam.com,11,50,248
fr.search.yahoo.com,11,82,9
google.ch,11,82,349
google.com.au,11,64,13
intranet.hbtn.io,11,58,289
my.learnn.com,11,92,2
odoo.com,11,91,3
superfastpython.com,11,82,4
tw.search.yahoo.com,11,90,22
yz.m.sm.cn/s,11,73,2
coccoc.com/search,10,70,57
docs.google.com,10,70,87
google.nl,10,90,100
m.baidu.com/s,10,100,82
microsoft.github.io,10,82,17
mne.tools,10,90,112
qna.habr.com,10,78,53
strftime.org,10,85,7
yandex.com,10,100,0
yuanbao.tencent.com,10,90,3
127.0.0.1,9,78,102
app.dataquest.io,9,56,23
away.vk.com,9,90,1
docs.astral.sh,9,89,1
en.wikipedia.org,9,70,66
gist.github.com,9,78,394
github.com/vinta/awesome-python,9,89,11
google.it,9,90,83
my.uopeople.edu,9,78,11
pyformat.info,9,89,0
python-forum.io,9,78,665
python.it,9,67,37
python.jp,9,67,184
pythonlikeyoumeanit.com,9,82,81
vvit.codetantra.com,9,89,131
w3schools.com,9,89,7
cdn.cs50.net,8,100,0
classroom.google.com,8,100,0
code.amazon.com,8,88,1
digitalocean.com,8,75,224
flask.palletsprojects.com/en/stable/installation,8,88,56
github.com/google-deepmind/alphagenome,8,88,3
google.github.io,8,100,0
google.pl,8,78,136
namu.wiki,8,75,346
olympus.mygreatlearning.com,8,100,0
pip.pypa.io/en/latest/installation,8,75,44
reflex.dev,8,50,346
cf-courses-data.static.labs.skills.network,7,71,4
chokkan.github.io,7,86,22
codewars.com,7,88,68
colab.research.google.com,7,86,50
cs.upc.edu,7,56,1377
docs.scrapy.org/en/latest/intro/install.html,7,86,166
edube.org,7,86,0
edube.org/learn/pe-2/using-modules-9,7,71,29
flask.palletsprojects.com,7,100,0
forums.raspberrypi.com,7,86,66
freecodecamp.org/news/python-projects-for-beginners,7,71,224
github.com/GoogleChrome/related-website-sets/blob/main/RWS-Submission_Guidelines.md,7,43,167
google.com.br,7,57,92
google.com.mx,7,100,0
jupyterlabnext-3-labs-prod-jupyterlab-us-east-0.labs.cognitiveclass.ai,7,100,0
learn.umgc.edu,7,86,120
lms-kpitacademy.kpit.com,7,62,79
notion.so,7,86,4
overleaf.com,7,88,4
packaging.python.org/en/latest/guides/tool-recommendations,7,71,183
packaging.python.org/en/latest/tutorials/packaging-projects,7,71,24
pip.pypa.io,7,100,0
platform.productstar.ru,7,86,9
purdueglobal.brightspace.com,7,40,193
pythoncheatsheet.org,7,71,0
scikit-image.org,7,86,2
uk.search.yahoo.com,7,86,10
web.dio.me,7,100,0
academy.zerotomastery.io,6,71,23
android-app://com.linkedin.android,6,100,0
br.search.yahoo.com,6,83,1
chipx86.blog,6,100,0
datacamp.com,6,67,89
de.search.yahoo.com,6,100,0
docs.aiogram.dev/en/v3.20.0.post0,6,100,0
docs.marimo.io,6,100,0
docs.sqlalchemy.org,6,67,32
edube.org/learn/pe-1/section-summary-72,6,83,2
endler.dev,6,50,72
exercism.org,6,100,0
facebook.com,6,83,94
flask.palletsprojects.com/en/stable/api,6,100,0
google.com.ua,6,67,72
google.ie,6,100,0
google.ro,6,83,45
intranet.aluswe.com,6,100,0
learn.lewagon.com,6,83,3
learn.nvidia.com,6,83,50
lm.facebook.com,6,50,10
ntp.msn.com,6,83,17
pytest-mock.readthedocs.io,6,86,34
pythontutor.ru,6,83,8
runoob.com,6,50,51
search.yahoo.co.jp,6,80,221
steam.oxxostudio.tw,6,67,324
vn.search.yahoo.com,6,83,39
wikidocs.net,6,100,0
ai.pydantic.dev,5,100,0
airflow.apache.org,5,100,0
allendowney.github.io,5,100,0
byhy.net,5,60,132
cnblogs.com,5,60,146
discuss.streamlit.io,5,80,3
docs.micropython.org,5,60,33
esri.com,5,100,0
flask.palletsprojects.com/en/stable/tutorial,5,60,46
freecodecamp.org,5,67,2
g3doc.corp.google.com,5,100,0
gale.udemy.com,5,80,84
gerrit.googlesource.com,5,0,985
google.co.kr,5,80,2
google.se,5,83,267
jakevdp.github.io,5,100,0
joinquant.com,5,67,7
kkb-production.jupyter-proxy.kaggle.net,5,100,0
l.instagram.com,5,80,0
linkedin.com,5,100,0
lms.yandex.ru,5,100,0
machinelearningmastery.com,5,40,34
mltut.com,5,60,11
netology.ru,5,80,24
open.uom.lk,5,100,0
ph.search.yahoo.com,5,80,4
portal.offsec.com,5,60,19
pro.arcgis.com,5,80,219
pwn.college,5,80,144
python.org/downloads,5,80,30
raco.fib.upc.edu,5,40,3
robotframework.org,5,80,40
ru.hexlet.io,5,100,0
school.programmers.co.kr,5,60,29
school.sgu.ru,5,60,2
selenium-python.readthedocs.io/installation.html,5,100,0
skilio.com,5,33,387
sky.pro,5,80,149
statsmodels.org,5,100,0
tensorflow.org,5,75,37
virtualenv.pypa.io/en/latest,5,83,13
web.telegram.org,5,100,0
wiki.freecad.org,5,100,0
wipro.udemy.com,5,80,2
yandex.com.tr,5,71,181
yandex.ru/search/pad,5,100,0
academy.hackthebox.com,4,100,0
alura.com.br,4,75,4
bitcamp.ge,4,75,4
blackbox.ai,4,100,0
bsc-iitm.github.io,4,100,0
ca.search.yahoo.com,4,50,9
ccbcmd.brightspace.com,4,100,0
codeup.kr,4,75,108
community.home-assistant.io,4,100,0
courses.mooc.fi/org/uh-cs/courses/data-analysis-with-python-2024-2025/chapter-1/python,4,75,74
cs111.byu.edu,4,50,83
cyberactive.bellevue.edu,4,75,385
diver.diveintocode.jp,4,100,0
docs.litestar.dev,4,75,12
editorconfig.org,4,50,171
ege-infa.tilda.ws,4,100,0
elearn.unigis.at,4,100,0
engdoc.corp.google.com,4,75,21
github.com/Rapptz/discord.py,4,75,117
github.com/aiogram/aiogram,4,75,206
github.com/python/cpython,4,100,147
go.skillbox.ru,4,75,12
google.be,4,100,0
google.com.tw,4,50,37
google.dk,4,100,0
google.es,4,50,14
hacker101.com,4,100,0
handbook.monash.edu,4,75,3
html.duckduckgo.com,4,75,239
id.search.yahoo.com,4,75,5
jupyterlabnext-1-labs-prod-jupyterlab-us-east-0.labs.cognitiveclass.ai,4,100,0
kdocs.cn,4,100,0
learning.ccbp.in,4,100,0
mx.search.yahoo.com,4,100,0
news.ycombinator.com,4,75,33
openpolytechnic.iqualify.com,4,75,0
packaging.python.org,4,100,0
packaging.python.org/en/latest/key_projects,4,75,2
pip.pypa.io/en/latest/user_guide,4,50,157
