name,version,visitors
Chrome,138.0,503
Microsoft Edge,138.0,123
Safari,18.5,59
Chrome,137.0,27
Firefox,140.0,22
Mobile App,(not set),14
Chrome,132.0,14
Chrome,109.0,9
Chrome,135.0,9
Chrome,133.0,8
Chrome,136.0,8
Chrome,123.0,5
Chrome,130.0,5
Chrome,131.0,5
MIUI Browser,14.10,5
Samsung Browser,28.0,5
Quark,7.14,5
Smart Lenovo Browser,9.0,5
Quark,(not set),4
Mobile App,120.0,4
Chrome,122.0,4
Chrome,134.0,4
Microsoft Edge,135.0,4
Safari,18.3,4
MIUI Browser,19.8,4
Chrome,127.0,3
Microsoft Edge,131.0,3
MIUI Browser,14.37,3
Safari,18.6,3
Microsoft Edge,92.0,3
Chrome,100.0,2
Mobile App,104.0,2
Firefox,127.0,2
Microsoft Edge,127.0,2
Firefox,128.0,2
Microsoft Edge,132.0,2
Firefox,136.0,2
Microsoft Edge,137.0,2
Huawei Browser Mobile,16.0,2
Safari,17.6,2
Safari,18.0,2
Safari,18.2,2
Safari,18.4,2
Mobile App,97.0,2
Microsoft Edge,101.0,1
Chrome,101.0,1
Microsoft Edge,102.0,1
Microsoft Edge,109.0,1
Chrome,111.0,1
Microsoft Edge,114.0,1
Chrome,114.0,1
Firefox,116,1
Chrome,116.0,1
Firefox,117.0,1
Microsoft Edge,117.0,1
Chrome,117.0,1
Opera,119.0,1
Chrome,120.0,1
Microsoft Edge,128.0,1
Firefox,130.0,1
Firefox,134.0,1
Microsoft Edge,134.0,1
Microsoft Edge,136.0,1
Firefox,139.0,1
MIUI Browser,14.33,1
MIUI Browser,14.38,1
Safari,16.2,1
Safari,16.6,1
Safari,17.3,1
Safari,17.5,1
Safari,18.1,1
Yandex Browser,23.7,1
vivo Browser,25.2,1
Yandex Browser,25.6,1
Safari,26.0,1
QQ Browser,6.0,1
Quark,6.10,1
Chrome,77.0,1
Chrome,86.0,1
Chrome,91.0,1
