name,version,visitors
Windows,10,2680
Mac,10.15,1891
Mac,10.13,1536
Windows,XP,1415
GNU/Linux,(not set),295
Ubuntu,(not set),77
Android,10,53
iOS,18.6,14
iOS,18.7,13
Android,15,10
Chrome OS,14541.0,9
Android,16,6
iOS,26.1,6
Windows,7,5
Android,13,4
iOS,16.7,4
Android,12,3
Android,9,3
Windows,(not set),2
iOS,14.0,2
iOS,26.0,2
Fire OS,8,2
HarmonyOS,(not set),1
Mac,10.6,1
Mac,10.7,1
Android,14,1
iOS,14.6,1
iOS,15.2,1
iOS,16.1,1
iOS,17.1,1
iOS,17.3,1
iOS,17.4,1
iOS,18.5,1
iOS,26.2,1
Windows,8,1
