name,visitors,bounce_rate,visit_duration
Google,276,70,138
Direct / None,141,66,209
chatgpt.com,17,50,331
Baidu,14,93,1
python.org,12,100,550
wikidocs.net,6,83,298
Bing,5,67,48
codeit.kr,5,100,0
namu.wiki,5,20,311
Threads,4,50,2
Yahoo!,3,67,53
Perplexity,2,50,6
Daum,1,100,0
Yandex,1,0,19
adewangja.tistory.com,1,100,0
blockdmask.tistory.com,1,100,0
blog.naver.com,1,100,0
bluesharehub.com,1,0,77
bom-b.tistory.com,1,0,31
charactermail.tistory.com,1,100,0
code-basics.com,1,0,3007
codecademy.com,1,0,210
codemao.yuque.com,1,0,1645
codeup.kr,1,100,0
dev-jy.tistory.com,1,100,0
flowdas.com,1,0,3773
hmin99.tistory.com,1,50,8
kimeuichan.github.io,1,100,0
mcs.utm.utoronto.ca,1,0,1160
notion.so,1,100,0
pypi.org,1,0,380
ropiens.tistory.com,1,100,0
thingjin.tistory.com,1,100,0
