name,visitors,pageviews,bounce_rate,time_on_page,scroll_depth
/es/3.13/tutorial/index.html,601,1024,57,125,59
/es/3/tutorial/,321,536,46,103,61
/es/3.13/library/tkinter.html,270,370,77,470,35
/es/3.13/tutorial/interpreter.html,174,249,83,206,77
/es/3.13/tutorial/introduction.html,172,214,81,193,49
/es/3.13/tutorial/appetite.html,164,198,50,127,87
/es/3.13/tutorial/venv.html,164,186,92,316,53
/es/3.13/tutorial/datastructures.html,159,222,75,363,43
/es/3.13/tutorial/classes.html,151,202,89,330,40
/es/3/tutorial/appetite.html,151,199,79,102,90
/es/3/tutorial/interpreter.html,143,210,69,158,77
/es/3/tutorial/index.html,140,231,58,125,56
/es/3/,138,181,43,104,80
/es/3.13/,132,200,57,31,74
/es/3.13/library/index.html,130,209,55,117,43
/es/3.13/installing/index.html,127,157,85,583,60
/es/3.13/tutorial/controlflow.html,111,159,86,258,37
/es/3.13/search.html,107,241,53,55,59
/es/3/tutorial/introduction.html,107,140,77,266,56
/es/3.13/library/idle.html,98,137,69,277,34
/es/3.13/library/functions.html,90,116,86,266,29
/es/3/library/index.html,88,160,58,157,41
/es/3.13/tutorial/errors.html,80,102,74,421,39
/es/3/tutorial/controlflow.html,76,101,89,797,37
/es/3.13/library/re.html,70,84,74,338,29
/es/3.13/library/stdtypes.html,66,78,81,271,26
/es/3/library/stdtypes.html,62,77,78,489,29
/es/3.13/library/venv.html,60,69,74,142,27
/es/3.13/library/tk.html,57,98,34,92,71
/es/3.13/tutorial/inputoutput.html,56,68,86,263,45
/es/3.13/library/datetime.html,55,62,93,122,26
/es/3.13/library/math.html,54,75,75,776,49
/es/3/library/functions.html,54,65,85,601,41
/es/3.13/library/random.html,52,65,73,379,36
/es/3.13/tutorial/modules.html,49,69,92,172,48
/es/3.13/using/windows.html,49,54,77,195,37
/es/3.13/glossary.html,46,59,73,177,36
/es/3/library/argparse.html,42,50,67,397,28
/es/3/search.html,42,164,33,62,50
/es/3/tutorial/datastructures.html,41,46,80,234,47
/es/dev/tutorial/controlflow.html,41,51,82,272,36
/es/3.13/library/csv.html,40,44,74,610,32
/es/3.13/howto/logging.html,36,42,73,456,39
/es/3.13/howto/regex.html,34,39,80,235,32
/es/3.13/library/tkinter.ttk.html,34,39,78,398,45
/es/3/library/json.html,34,43,61,329,30
/es/3/using/cmdline.html,34,38,68,221,48
/es/3.13/library/array.html,31,36,80,255,74
/es/3.13/reference/import.html,30,35,73,105,26
/es/3/glossary.html,30,35,67,120,36
/es/3/library/tkinter.html,30,46,71,394,40
/es/3.13/howto/sorting.html,28,34,64,724,50
/es/3.13/library/__main__.html,28,31,83,808,38
/es/3.13/reference/index.html,28,58,82,38,67
/es/3/library/decimal.html,28,30,79,324,16
/es/3/tutorial/classes.html,28,31,84,29,44
/es/3.13/library/string.html,27,28,91,183,36
/es/3.13/reference/compound_stmts.html,27,34,68,280,24
/es/dev/using/windows.html,26,28,85,1024,28
/es/3.13/index.html,25,33,0,13,76
/es/3/tutorial/venv.html,25,29,100,109,50
/es/3.13/contents.html,24,50,18,137,20
/es/3/genindex-Símbolos.html,22,25,60,101,42
/es/3.13/tutorial/,21,30,78,58,53
/es/3.13/using/editors.html,21,23,80,595,98
/es/3.13/whatsnew/3.13.html,21,38,33,133,17
/es/3.12/tutorial/index.html,20,28,53,127,62
/es/3/reference/compound_stmts.html,20,27,73,106,19
/es/3/tutorial/errors.html,20,20,82,67,41
/es/3/contents.html,19,29,25,19,8
/es/3/using/windows.html,19,35,73,237,50
/es/3.13/tutorial/appendix.html,18,23,0,203,78
/es/3/installing/index.html,18,20,93,572,55
/es/3.13/library/sqlite3.html,17,16,93,540,7
/es/dev/tutorial/,17,18,53,336,54
/es/3.13/library/collections.html,16,19,77,67,24
/es/3.13/library/intro.html,16,18,0,118,65
/es/3.13/library/subprocess.html,16,16,67,901,31
/es/3.13/library/turtle.html,16,20,80,287,11
/es/3/faq/windows.html,16,17,85,161,61
/es/3/library/csv.html,16,17,93,254,48
/es/3/tutorial/inputoutput.html,16,22,75,56,55
/es/3.13/library/os.path.html,15,19,55,560,38
/es/3.13/library/sys.html,15,15,78,122,15
/es/3.13/py-modindex.html,15,27,33,66,37
/es/3/library/re.html,15,19,79,409,35
/es/3/reference/index.html,15,25,100,12,58
/es/3/whatsnew/3.13.html,15,16,0,35,26
/es/3.13/genindex.html,14,20,0,6,99
/es/3.13/howto/sockets.html,14,16,75,505,26
/es/3.13/library/operator.html,14,15,69,849,46
/es/3.13/tutorial/floatingpoint.html,14,21,80,160,54
/es/3.13/using/cmdline.html,14,21,33,136,32
/es/3/library/asyncio.html,14,15,73,136,75
/es/3/library/datetime.html,14,16,92,165,42
/es/3/library/math.html,14,16,89,615,40
/es/3.13/howto/unicode.html,13,13,85,308,54
/es/3.13/library/http.server.html,13,13,29,372,19
/es/3.13/library/pathlib.html,13,14,100,24,26
/es/3.13/library/shutil.html,13,15,73,545,32
