property,value,visitors,events,percentage
url,(none),1752,2766,99.8
url,https://www.python.org/,22,24,1.3
url,https://github.com/python/cpython/tree/3.13/Lib/idlelib/,12,12,0.7
url,https://github.com/python/cpython/tree/main/Lib/idlelib/,6,6,0.3
url,https://wiki.python.org/moin/BeginnersGuide,4,4,0.2
url,https://github.com/python/cpython/tree/main/Lib/turtle.py,3,3,0.2
url,https://en.wikipedia.org/wiki/Turtle_(robot),2,2,0.1
url,https://packaging.python.org/installing/,2,2,0.1
url,https://wasmtime.dev/,2,2,0.1
url,https://datatracker.ietf.org/doc/html/rfc822.html,1,1,0.1
url,https://github.com/python/cpython/blob/main/Doc/library/idle.rst,1,1,0.1
url,https://github.com/python/cpython/blob/main/Doc/tutorial/introduction.rst,1,1,0.1
url,https://github.com/python/cpython/tree/3.13/Lib/idlelib,1,1,0.1
url,https://github.com/python/cpython/tree/3.13/Lib/turtle.py,1,1,0.1
url,https://manpages.debian.org/open(2),1,1,0.1
url,https://manpages.debian.org/recv(2),1,1,0.1
url,https://packaging.python.org/,1,1,0.1
url,https://packaging.python.org/en/latest/tutorials/installing-packages/#ensure-pip-setuptools-and-wheel-are-up-to-date,1,1,0.1
url,https://packaging.python.org/installing/#requirements-for-installing-packages,1,1,0.1
url,https://packaging.python.org/science/,1,1,0.1
url,https://peps.python.org/,1,1,0.1
url,https://pypi.org/,1,1,0.1
url,https://pyscript.net/,1,1,0.1
url,https://pyvideo.org/video/1768/the-guts-of-unicode-in-python,1,1,0.1
url,https://webassembly.org/,1,1,0.1
url,https://wiki.python.org/moin/PythonBooks,1,1,0.1
url,https://www.python.org/doc/av/,1,1,0.1
url,https://www.python.org/doc/versions/,1,1,0.1
