name,visitors
Seoul,191
Gangnam-gu,88
Suwon,59
Seongnam-si,56
Dongjak-gu,47
Gwanak-gu,42
Dongdaemun-gu,41
Yongin-si,34
Seodaemun-gu,33
Yongin-si,32
Seocho-gu,26
Songpa-gu,26
Yuseong-gu,26
Seongbuk-gu,25
Yeongdeungpo-gu,23
Anyang-si,23
Suseong-gu,22
Yongsan-gu,20
Cheongju-si,20
Daejeon,19
Cheonan,19
Yangcheon-gu,19
Mapo-gu,18
Goyang-si,18
Chuncheon,18
Nowon-gu,18
Seongdong-gu,17
Incheon,15
Ansan-si,15
Gangdong-gu,14
Gangseo-gu,14
Busan,12
Bucheon-si,12
Gyeyang-gu,12
Gwangju,11
Gwangjin-gu,10
Sejong,10
Gumi,9
Kimhae,9
Geumcheon-gu,9
Seo-gu,9
Geumjeong-gu,9
Busanjin-gu,9
Eunpyeong-gu,8
Uijeongbu-si,8
Daegu,8
Guro-gu,8
Gimpo-si,8
Gwangmyeong,8
Areannamkwaengi,8
Chinju,7
Changwon,7
Namdong-gu,7
Jung-gu,7
Gangbuk-gu,6
Siheung,6
Pyeongtaek,6
Gwangju,6
Kayang-dong,6
Jeonju,6
Namyangju,6
Bupyeong-gu,6
Suyeong-gu,6
Ulju-gun,5
Suncheon,5
Pohang,5
Hwaseong-si,5
Jeju City,5
Dalseo-gu,5
Daedeok-gu,4
Gimcheon,4
Jongno-gu,4
Jungnang-gu,4
Yeonsu-gu,4
Buk-gu,4
Beijing,3
Eisen,3
Yangju,3
Dobong-gu,3
Gwangsan-gu,3
Gunpo,3
Tokyo,3
Nam-gu,3
Yeonje-gu,3
Shenzhen,2
Shanghai,2
Cangzhou,2
Yeongwol-gun,2
Yangsan,2
Wŏnju,2
Ulsan,2
Tangjin,2
Dalseong-gun,2
Sokcho,2
Asan,2
Anyang-dong,2
Andong,2
Yeosu,2
Saha-gu,2
Brisbane,2
Madison,2
Uiwang-si,2
Seo-gu,2
Buk-gu,2
Haeundae-gu,2
Buk-gu,2
Moscow,1
Xánthi,1
Vadodara,1
Bengaluru,1
Tashkent,1
Hanoi,1
Bắc Ninh,1
An Giang,1
Qingdao,1
Meizhou,1
Hangzhou,1
Baoding,1
Yeoncheon-gun,1
Yesan,1
Eumseong-gun,1
Uiseong-gun,1
Damyang-gun,1
Boryeong,1
Seongju-gun,1
Buyeo-gun,1
Pohang-si,1
Paju-si,1
Kosong,1
Muan,1
Gyeongsangbuk-do,1
Gyeongju,1
Guri-si,1
Gongju,1
Koch'ang,1
Iksan,1
Chungju,1
Jung-gu,1
Jung-gu,1
Chungcheongbuk-do,1
Chilgok-gun,1
Anseong,1
Osaka,1
Kobe,1
Singapore,1
Gwangyang,1
Suzhou,1
Frankfurt am Main,1
Bignan,1
Atlanta,1
Savannah,1
Oklahoma City,1
Dallas,1
League City,1
Hackensack,1
New York City,1
Chandler,1
Whittier,1
Gyeonggi-do,1
Giheung,1
Uiwang,1
Seogwipo,1
Changnyeong,1
Gyeryong-si,1
Seo-gu,1
Dong-gu,1
Seo-gu,1
Sasang-gu,1
Gijang-gun,1
Nam-gu,1
Ōashi,1
Yoyogi,1
Geoje,1
Kurosunadai,1
Fukushima,1
