name,unique_exits,total_exits,exit_rate
/en/latest/tutorials/installing-packages/,3234,3316,
/en/latest/tutorials/packaging-projects/,637,660,
/en/latest/guides/tool-recommendations/,590,591,
/en/latest/guides/installing-using-pip-and-virtual-environments/,515,539,
/en/latest/guides/writing-pyproject-toml/,510,524,
/en/latest/,250,257,
/en/latest/key_projects/,182,183,
/en/latest/specifications/binary-distribution-format/,168,169,
/en/latest/glossary/,151,150,
/en/latest/overview/,99,108,
/en/latest/specifications/dependency-specifiers/,92,93,
/en/latest/guides/distributing-packages-using-setuptools/,75,76,
/en/latest/guides/installing-using-linux-tools/,63,63,
/en/latest/discussions/src-layout-vs-flat-layout/,62,63,
/en/latest/tutorials/managing-dependencies/,48,49,
/en/latest/guides/section-install/,43,43,
/en/latest/specifications/pyproject-toml/,41,41,
/en/latest/flow/,34,34,
/en/latest/guides/,34,34,
/en/latest/guides/packaging-namespace-packages/,34,34,
/en/latest/specifications/entry-points/,33,35,
/en/latest/specifications/,29,28,
/en/latest/specifications/version-specifiers/,29,29,
/en/latest/tutorials/,29,30,
/en/latest/guides/creating-command-line-tools/,28,28,
/en/latest/guides/installing-stand-alone-command-line-tools/,26,27,
/en/latest/specifications/core-metadata/,26,27,
/en/latest/discussions/package-formats/,23,28,
/en/latest/guides/creating-and-discovering-plugins/,21,22,
/en/latest/specifications/inline-script-metadata/,21,21,
/en/latest/guides/using-testpypi/,20,21,
/en/latest/guides/modernize-setup-py-project/,17,17,
/en/latest/guides/publishing-package-distribution-releases-using-github-actions-ci-cd-workflows/,17,17,
/en/latest/search/,17,17,
/en/latest/guides/packaging-binary-extensions/,15,17,
/en/latest/guides/section-build-and-publish/,15,15,
/en/latest/discussions/install-requires-vs-requirements/,13,13,
/en/latest/discussions/versioning/,13,13,
/en/latest/guides/hosting-your-own-index/,13,13,
/en/latest/guides/installing-scientific-packages/,12,12,
/en/latest/guides/licensing-examples-and-user-scenarios/,12,13,
/en/latest/guides/installing-using-virtualenv/,11,11,
/en/latest/specifications/externally-managed-environments/,11,11,
/en/latest/specifications/platform-compatibility-tags/,11,11,
/en/latest/specifications/pylock-toml/,11,11,
/en/latest/discussions/setup-py-deprecated/,10,10,
/en/latest/guides/analyzing-pypi-package-downloads/,10,10,
/en/latest/discussions/single-source-version/,9,9,
/en/latest/guides/index-mirrors-and-caches/,9,9,
/en/latest/specifications/pypirc/,9,9,
/en/latest/discussions/pip-vs-easy-install/,8,8,
/en/latest/guides/making-a-pypi-friendly-readme/,8,8,
/en/latest/specifications/name-normalization/,8,8,
/en/latest/contribute/,7,7,
/en/latest/discussions/deploying-python-applications/,7,7,
/en/latest/discussions/distribution-package-vs-import-package/,7,7,
/en/latest/specifications/dependency-groups/,7,7,
/en/latest/news/,6,6,
/en/latest/specifications/recording-installed-packages/,6,6,
/en/latest/specifications/source-distribution-format/,6,6,
/en/latest/discussions/,5,5,
/en/latest/specifications/simple-repository-api/,5,5,
/en/latest/specifications/section-distribution-formats/,4,4,
/en/latest/specifications/section-installation-metadata/,4,4,
/en/latest/guides/dropping-older-python-versions/,3,3,
/en/latest/guides/supporting-windows-using-appveyor/,3,3,
/en/latest/guides/using-manifest-in/,3,3,
/en/latest/tutorials/index.html,3,3,
/en/latest/guides/multi-version-installs/,2,2,
/en/latest/guides/single-sourcing-package-version/,2,2,
/en/latest/guides/supporting-multiple-python-versions/,2,2,
/en/latest/specifications/file-yanking/,2,2,
/en/latest/specifications/project-status-markers/,2,2,
/en/latest/specifications/section-distribution-metadata/,2,2,
/en/latest/specifications/virtual-environments/,2,2,
/en/latest/specifications/well-known-project-urls/,2,2,
/en/latest/support/,2,2,
/ja/latest/,2,2,
/en/latest/guides\/index-mirrors-and-caches/,1,1,
/en/latest/specifications/direct-url/,1,1,
/en/latest/specifications/section-package-indices/,1,1,
/guides/distributing-packages-using-setuptools/,1,1,
/guides/installing-using-pip-and-virtual-environments/,1,1,
/ja/latest/discussions/setup-py-deprecated/,1,1,
/ja/latest/specifications/inline-script-metadata/,1,1,
/ja/latest/tutorials/installing-packages/,1,1,
/ja/latest/tutorials/managing-dependencies/,1,1,
/pt-br/latest/flow/,1,1,
/pt-br/latest/tutorials/installing-packages/,1,1,
/pt-br/latest/tutorials/packaging-projects/,1,1,
/tutorials/installing-packages/,1,1,
