name,visitors,bounce_rate,visit_duration
Google,748,77,205
Direct / None,553,65,294
Bing,80,78,170
Brave,48,71,139
openclassrooms.com,28,83,122
python.org,22,0,580
DuckDuckGo,21,76,143
chatgpt.com,21,72,321
Qwant,17,71,1010
Ecosia,7,33,205
Yahoo!,6,100,0
Baidu,5,100,216
wiki.python.org,5,20,247
python.sdv.u-paris.fr,4,50,238
cs50.harvard.edu,3,0,404
Youtube,2,50,18
fsg-pax-a-jhn01.fsg.ulaval.ca,2,100,0
fsg-pax-p-jhn01.pax.ulaval.ca,2,100,0
udemy.com,2,100,4
zestedesavoir.com,2,0,74
LinkedIn,1,100,0
capytale2.ac-paris.fr,1,100,0
cllqcca.sharepoint.com,1,100,0
codecademy.com,1,0,14
cours.daeu-sonate.fr,1,100,0
datalab-poc.mutuelledepoitiers.fr,1,100,0
dzone.com,1,0,53
link.sbis.ru,1,0,59
m365.cloud.microsoft,1,100,0
mooc-nsi-snt.gitlab.io,1,100,0
pages.github.maif.io,1,100,0
ressources.unisciel.fr,1,0,9
scikit-learn.org,1,0,336
search.avastbrowser.com,1,100,0
search.gaming-house.net,1,0,0
spin.atomicobject.com,1,0,27
train.learn.datascientest.com,1,100,0
whiptail.readthedocs.io,1,0,3072
