name,visitors
England,850
California,734
New York,366
Virginia,330
Île-de-France,318
Texas,305
Maharashtra,299
Illinois,294
Ontario,259
Tokyo,258
Karnataka,246
Tamil Nadu,231
São Paulo,204
Hesse,202
North Rhine-Westphalia,201
Bavaria,200
Washington,176
Massachusetts,158
Beijing,150
North Holland,150
Telangāna,149
Baden-Württemberg,144
Delhi,141
Moscow,139
Colorado,127
New Jersey,125
New South Wales,122
Florida,119
Maryland,114
Georgia,110
Quebec,109
Mazovia,104
Guangdong,102
Lombardy,100
Madrid Autonomous Community,98
Pennsylvania,97
North Carolina,95
Berlin,94
Oregon,88
Stockholm,87
Michigan,87
Seoul,85
British Columbia,83
Gujarat,80
Victoria,78
Zürich,78
Capital Region,75
South Holland,73
Taipei,70
Shanghai,69
Catalonia,68
Gauteng,68
Prague,67
Bangkok,66
Vienna,64
Uusimaa,64
Istanbul,64
Auvergne-Rhône-Alpes,63
Uttar Pradesh,62
Arizona,62
Ho Chi Minh City,61
Provence-Alpes-Côte-d'Azur,58
Jakarta,58
Gyeonggi,58
Ciudad de Mexico,57
West Bengal,55
Ohio,54
Leinster,52
Osaka,52
Rio de Janeiro,51
Scotland,51
Minnesota,51
Missouri,50
Hanoi,50
Santiago Metropolitan,49
Flanders,48
Haryana,48
Saint Petersburg,47
Lower Saxony,46
Cairo,46
Metro Manila,46
Buenos Aires Province,44
Queensland,44
Oslo,43
Budapest,42
Tel Aviv,42
Kerala,41
Hamburg,40
Occitanie,40
Utah,40
Minas Gerais,39
Rio Grande do Sul,39
Capital District,39
Lazio,39
Lima,39
Brussels,37
Saxony,37
Auckland,37
Kyiv,37
Dubai,36
Punjab,36
Västra Götaland,36
Kuala Lumpur,35
Jiangsu,34
Andhra Pradesh,34
Alabama,34
Attica,33
East Java,33
Rajasthan,33
Paraná,32
Zhejiang,32
Emilia-Romagna,32
North Brabant,32
Lisbon,32
Indiana,32
Porto,31
Alberta,30
Bern,30
Madhya Pradesh,30
Wisconsin,30
Western Australia,29
Bucharest,29
Iowa,29
Utrecht,28
Washington DC,28
Tennessee,28
Selangor,27
Nevada,27
Rhineland-Palatinate,26
Hauts-de-France,26
Veneto,26
Sindh,26
South Carolina,26
West Java,25
Lagos,25
New Taipei,25
Tashkent,25
Brittany,24
Nairobi County,24
Nuevo León,24
Taichung,24
Lesser Poland,23
Riyadh,23
Ankara,23
Santa Catarina,22
Sichuan,22
Nouvelle-Aquitaine,22
New Mexico,22
Minsk,21
Vaud,21
Hubei,21
Bihar,21
Kanagawa,21
Australian Capital Territory,20
South Australia,20
Andalusia,20
Central Java,20
Pomerania,20
Connecticut,20
Kentucky,20
Shandong,19
Valencian Community,19
Eastern,19
Shaanxi,18
Bremen,18
Grand-Est,18
Pays-de-la-Loire,18
Tuscany,18
Querétaro,18
Gelderland,18
Moscow Province,18
Nebraska,18
Ceará,17
Henan,17
San José,17
Thuringia,17
Jerusalem,17
Central,17
Riga,17
Meknès-Tafilalet,17
Greater Poland,17
Amazonas,16
Federal District,16
Addis Ababa,16
Wales,16
Greater Accra,16
Western,16
Mexico State,16
Puebla,16
Lower Silesia,16
Silesia,16
Beograd,16
Taoyuan,16
Louisiana,16
Western Cape,16
Bahia,15
Central Denmark,15
Pichincha,15
Piedmont,15
Phnom Penh,15
Incheon,15
Federal Capital Territory,15
Province 3,15
Voronezh,15
Abu Dhabi,14
Guizhou,14
Antioquia,14
Jalisco,14
Calabarzon,14
Idaho,14
Kansas,14
Harjumaa,13
Murcia Region,13
Vilnius County,13
Muscat,13
Central Luzon,13
Islamabad,13
Skåne,13
Dnipropetrovshchyna,13
Mississippi,13
Montevideo,13
Buenos Aires,12
Sofia,12
Distrito Nacional,12
Basque Country,12
Normandie,12
Kwai Tsing New Territories,12
Punjab,12
Uttarākhand,12
Aichi,12
NO-02,12
Novosibirsk,12
Rostov,12
Arkansas,12
Delaware,12
New Hampshire,12
Yerevan,11
Styria,11
Fujian,11
Guayas,11
Burgundy-Franche-Comté,11
Tbilisi,11
Central Macedonia,11
Trentino-South Tyrol,11
Campania,11
Chiba,11
Central Visayas,11
Cluj,11
Makkah,11
Bratislava,11
KwaZulu-Natal,11
Upper Austria,10
Pernambuco,10
Anhui,10
Hebei,10
Central Bohemia,10
South Moravia,10
Brandenburg,10
Saarland,10
Centre-Val de Loire,10
Odisha,10
Hiroshima,10
Tangier-Tétouan,10
Hsinchu County,10
Hsinchu,10
Central,10
Dhaka Division,9
La Paz,9
Goiás,9
Pará,9
Centre,9
Hunan,9
Southern Denmark,9
Canary Islands,9
Galicia,9
Pirkanmaa,9
Guatemala,9
Kowloon City Kowloon,9
Zagreb,9
Saitama,9
Kyoto,9
Fukuoka,9
Tripoli,9
Tamaulipas,9
Penang,9
Vestland,9
Łódź,9
Doha,9
Timiș,9
Krasnodar Krai,9
Kaohsiung,9
Hawaii,9
Oklahoma,9
Kinshasa,8
Chongqing,8
Tianjin,8
Yunnan,8
Schleswig-Holstein,8
Northern Ireland,8
Himachal Pradesh,8
