name,version,visitors
Chrome,144.0,506
Chrome,145.0,341
Microsoft Edge,145.0,161
Opera,127.0,97
Firefox,147.0,75
Microsoft Edge,144.0,31
Opera,126.0,27
Microsoft Edge,143.0,14
Chrome,109.0,13
Safari,26.2,13
Chrome,131.0,12
Chrome,139.0,11
Chrome,116.0,10
Chrome,120.0,9
Chrome,133.0,8
Chrome,103.0,6
Chrome,108.0,6
Chrome,143.0,6
Chrome,107.0,5
Safari,26.3,5
Chrome,111.0,4
Microsoft Edge,129.0,4
Firefox,140.0,4
Chrome,142.0,4
Microsoft Edge,142.0,4
Mobile App,(not set),3
Chrome,106.0,3
Chrome,112.0,3
Firefox,115.0,3
Chrome,117.0,3
Chrome,119.0,3
Chrome,122.0,3
Chrome,141.0,3
Safari,18.6,3
Chrome,105.0,2
Chrome,110.0,2
Opera,122.0,2
Chrome,124.0,2
Chrome,126.0,2
Firefox,132.0,2
Chrome,132.0,2
Chrome,135.0,2
Chrome,140.0,2
Safari,16.6,2
Safari,18.5,2
Firefox,91.0,2
(not set),(not set),1
Chrome,104.0,1
Mobile App,114.0,1
Microsoft Edge,140.0,1
Firefox,141.0,1
Firefox,143.0,1
Mobile App,144.0,1
AVG Secure Browser,144.0,1
Safari,16.1,1
Safari,17.14,1
Safari,18.2,1
Safari,18.7,1
Safari,26.1,1
vivo Browser,27.8,1
vivo Browser,28.1,1
QQ Browser,6.0,1
Chrome,69.0,1
Opera,86.0,1
Opera,95.0,1
