name,visitors
California,3465
England,3144
Moscow,1680
Maharashtra,1566
New York,1350
Texas,1211
Karnataka,1193
Ontario,1099
Île-de-France,1038
Tamil Nadu,965
Tokyo,902
Washington,839
São Paulo,832
Telangāna,813
Delhi,792
Virginia,768
Illinois,748
Massachusetts,710
Florida,674
North Holland,621
Bavaria,612
Hesse,606
Iowa,601
North Rhine-Westphalia,598
Guangdong,582
New Jersey,564
Mazovia,542
Pennsylvania,523
Ho Chi Minh City,519
Georgia,518
Madrid Autonomous Community,508
Catalonia,501
New South Wales,473
Punjab,473
Quebec,470
Baden-Württemberg,468
Uttar Pradesh,464
North Carolina,450
Saint Petersburg,447
British Columbia,441
Maryland,434
Lombardy,415
Zürich,387
South Holland,369
Colorado,367
Kerala,362
Berlin,361
Uusimaa,356
Beijing,351
Buenos Aires Province,345
Istanbul,345
Arizona,344
Oregon,342
Hanoi,341
Stockholm,339
Victoria,334
Shanghai,323
Leinster,323
Michigan,321
Ohio,318
Seoul,315
Tel Aviv,314
Ciudad de Mexico,306
Auvergne-Rhône-Alpes,303
Madhya Pradesh,302
West Bengal,297
Metro Manila,295
Flanders,291
Capital District,281
Cairo,275
Gujarat,274
Jakarta,270
Jiangsu,266
Lima,264
Nairobi County,262
Prague,261
Kyiv,260
Zhejiang,259
Scotland,252
Vienna,248
Alberta,246
Attica,229
Gyeonggi,222
Budapest,220
Utah,220
Rio de Janeiro,218
Rajasthan,218
Occitanie,217
Provence-Alpes-Côte-d'Azur,217
Minnesota,217
Shandong,210
Wisconsin,209
Lisbon,207
Indiana,206
Lagos,205
Kyivshchyna,203
Tashkent,203
Lazio,202
Bangkok,196
Taipei,196
Lower Saxony,194
Kuala Lumpur,193
Andalusia,190
Capital Region,189
Queensland,188
Haryana,188
Kanagawa,188
Santiago Metropolitan,183
Sichuan,183
Brussels,182
Andhra Pradesh,182
Antioquia,180
Lesser Poland,180
Moscow Province,179
Saxony,176
Primorsky Krai,175
Sindh,171
Tennessee,170
Minas Gerais,169
Missouri,168
Hormozgan,160
Henan,158
Valencian Community,156
Minsk,155
Osaka,152
Bucharest,151
Riyadh,151
Hauts-de-France,149
Connecticut,149
Dubai,148
Nouvelle-Aquitaine,147
Bihar,147
Beograd,146
Calabarzon,142
Dhaka Division,141
Gauteng,138
West Java,135
Jalisco,135
Sofia,133
Paraná,133
Krasnodar Krai,132
Western,131
Wallonia,130
Ankara,129
Greater Accra,128
Grand-Est,126
Washington DC,126
Lower Silesia,124
Porto,124
Samara,123
Meknès-Tafilalet,122
New Taipei,122
Pays-de-la-Loire,121
Mexico State,121
Västra Götaland,119
Ceará,117
Hubei,117
Pernambuco,116
Santa Catarina,116
South Carolina,113
Alabama,112
Hamburg,111
Tbilisi,111
Oslo,111
Odisha,110
Emilia-Romagna,110
Novosibirsk,110
Veneto,108
Sverdlovsk,108
Makkah,108
Baku,107
Punjab,107
Silesia,107
Rio Grande do Sul,106
Saitama,106
North Brabant,106
Tatarstan,105
Federal District,104
Jharkhand,104
Nizhny Novgorod,104
Bratislava,104
Harjumaa,103
Bahia,102
Islamabad,102
Yerevan,101
Nevada,101
East Java,99
Brittany,98
Lvivshchyna,98
Vaud,97
Piedmont,97
Federal Capital Territory,97
Nuevo León,96
Uttarākhand,95
Wales,94
Western Australia,93
Chandigarh,93
Selangor,93
Central,91
San José,90
Tuscany,90
Province 3,90
Central Luzon,90
Kentucky,90
Shaanxi,89
Riga,89
Oyo,89
Rhineland-Palatinate,88
Tunis,88
Greater Poland,87
South Australia,86
Addis Ababa,86
Pomerania,86
Rostov,86
Hunan,85
Chiba,84
Almaty City,84
Utrecht,83
Campania,82
Chelyabinsk,82
Fujian,81
Central Java,80
Auckland,80
Dnipropetrovshchyna,80
Hebei,77
Centre-Val de Loire,77
Amman,77
Taichung,77
Pirkanmaa,75
Bashkortostan,73
Galicia,72
Assam,72
Aichi,72
Gelderland,71
Schleswig-Holstein,70
Western Cape,70
Distrito Nacional,69
Oklahoma,68
Goiás,67
Abidjan,66
Kansas,64
Louisiana,64
Vilnius County,63
Tyumen,62
Hsinchu County,62
Nebraska,62
New Hampshire,62
Chongqing,61
Alexandria,61
Skåne,61
Doha,60
Taoyuan,59
Anhui,58
South Moravia,58
Canary Islands,58
Guatemala,58
Zagreb,58
Puebla,58
Idaho,58
Giza,57
Tianjin,56
Yogyakarta,56
Montevideo,56
Łódź,55
Manitoba,54
Bern,54
New Mexico,54
Abu Dhabi,53
Phnom Penh,53
Izmir,53
Veracruz,52
San Salvador,52
Eastern,51
Kaohsiung,51
Arkansas,51
Castile and León,50
Oriental,50
Guanajuato,50
Rhode Island,50
Pichincha,49
Normandie,49
Paraíba,48
Northern Ostrobothnia,48
Sicily,48
Krasnoyarsk Krai,48
Querétaro,47
Kaluga,47
Saratov,47
Central,47
Lower Austria,46
Atlántico,46
Saxony-Anhalt,46
Yaroslavl,46
Córdoba,45
Valle del Cauca,45
Burgundy-Franche-Comté,45
Pest,45
Astana,45
Panamá,45
Capital,45
