property,value,visitors,events,percentage
url,(none),181515,328322,99.8
url,https://www.python.org/,1466,1574,0.8
url,https://github.com/python/cpython/tree/3.14/Lib/idlelib/,357,434,0.2
url,https://www.python.org/downloads/,308,324,0.2
url,https://tkdocs.com/,165,175,0.1
url,https://wiki.python.org/moin/BeginnersGuide,125,128,0.1
url,https://docs.python.org/3/archives/python-3.14-docs-html.zip,114,119,0.1
url,https://pypi.org/,91,94,0.1
url,https://github.com/python/cpython/tree/3.14/Lib/tkinter/__init__.py,87,101,0.0
url,https://apps.microsoft.com/detail/9NQ7512CXL7T,81,85,0.0
url,https://www.tcl.tk/man/tcl8.6/TkCmd/contents.htm,77,84,0.0
url,https://docs.python.org/3/archives/python-3.14-docs-text.zip,76,78,0.0
url,https://mypy.readthedocs.io/en/stable/cheat_sheet_py3.html,73,75,0.0
url,https://www.tkdocs.com/shipman/,72,74,0.0
url,https://peps.python.org/pep-0745/,58,62,0.0
url,https://docs.python.org/3/archives/python-3.14-docs.epub,57,63,0.0
url,https://github.com/python/cpython/tree/3.14/Lib/turtle.py,57,70,0.0
url,https://packaging.python.org/guides/installing-using-pip-and-virtual-environments/#create-and-use-virtual-environments,57,57,0.0
url,https://www.python.org/downloads/macos/,53,54,0.0
url,https://github.com/python/cpython/tree/3.14/Lib/random.py,50,52,0.0
url,https://peps.python.org/pep-0703/,46,47,0.0
url,https://www.python.org/psf/donations/,44,46,0.0
url,https://devguide.python.org/,43,44,0.0
url,https://www.python.org/doc/versions/,43,44,0.0
url,https://peps.python.org/pep-0649/,36,37,0.0
url,https://packaging.python.org/en/latest/tutorials/packaging-projects/,33,36,0.0
url,https://devguide.python.org/documentation/start-documenting/#building-the-documentation,30,37,0.0
url,https://docs.python.org/zh-cn/3/archives/python-3.14-docs-html.zip,29,29,0.0
url,https://en.wikipedia.org/wiki/Turtle_(robot),29,30,0.0
url,https://peps.python.org/pep-0779/,29,29,0.0
url,https://www.packtpub.com/en-us/product/python-gui-programming-with-tkinter-9781788835886,28,28,0.0
url,https://github.com/python/cpython/tree/3.14/Lib/idlelib,26,27,0.0
url,https://github.com/python/cpython/tree/3.14/Lib/datetime.py,24,24,0.0
url,https://github.com/python/cpython/tree/3.14/Lib/venv/,24,24,0.0
url,https://peps.python.org/pep-0636/,24,24,0.0
url,https://briefcase.readthedocs.io/,23,25,0.0
url,https://discuss.python.org/t/37075,23,24,0.0
url,https://docs.python.org/3/archives/python-3.14-docs-texinfo.zip,22,25,0.0
url,https://packaging.python.org/en/latest/tutorials/installing-packages/#ensure-pip-setuptools-and-wheel-are-up-to-date,22,22,0.0
url,https://peps.python.org/,22,22,0.0
url,https://peps.python.org/pep-0749/,21,24,0.0
url,https://www.unicode.org/versions/Unicode16.0.0/core-spec/chapter-3/#G33992,21,24,0.0
url,https://github.com/python/cpython/tree/3.14/Lib/heapq.py,20,20,0.0
url,https://github.com/python/cpython/tree/3.14/Lib/string.py,20,20,0.0
url,https://manpages.debian.org/recv(2),20,25,0.0
url,https://wiki.python.org/moin/PythonBooks,20,21,0.0
url,https://www.sqlite.org/,20,20,0.0
url,https://dateutil.readthedocs.io/en/stable/,19,19,0.0
url,https://docs.python.org/3/archives/python-3.14-docs-html.tar.bz2,19,21,0.0
url,https://py-free-threading.github.io/installing-cpython/,17,18,0.0
url,https://pypi.org/project/DateType/,17,18,0.0
url,https://termux.dev/en/,17,19,0.0
url,https://buildozer.readthedocs.io/,16,16,0.0
url,https://github.com/python/cpython/tree/3.14/Lib/collections/__init__.py,16,16,0.0
url,https://github.com/python/cpython/tree/3.14/Lib/os.py,16,17,0.0
url,https://github.com/python/cpython/tree/3.14/Lib/pdb.py,16,16,0.0
url,https://github.com/python/cpython/tree/3.14/Lib/sqlite3/,16,16,0.0
url,https://github.com/python/cpython/tree/3.14/Lib/typing.py,16,17,0.0
url,https://peps.python.org/pep-0734/,16,16,0.0
url,https://peps.python.org/pep-0750/,16,17,0.0
url,https://github.com/python/cpython/tree/3.14/Lib/socket.py,15,19,0.0
url,https://github.com/python/cpython/tree/3.14/Lib/threading.py,15,16,0.0
url,https://github.com/python/cpython/tree/3.14/Lib/urllib/,15,15,0.0
url,https://github.com/python/cpython/tree/3.14/Lib/xml/etree/ElementTree.py,15,15,0.0
url,https://packaging.python.org/,15,17,0.0
url,https://peps.python.org/pep-0632/#migration-advice,15,16,0.0
url,https://pypi.org/project/telnetlib3/,15,18,0.0
url,https://requests.readthedocs.io/en/master/,15,16,0.0
url,https://www.tcl.tk/,15,15,0.0
url,https://docs.python.org/3/archives/python-3.14-docs-text.tar.bz2,14,14,0.0
url,https://github.com/python/cpython/tree/3.14/Lib/dataclasses.py,14,15,0.0
url,https://github.com/python/cpython/tree/3.14/Lib/re/,14,14,0.0
url,https://peps.python.org/pep-0594/,14,14,0.0
url,https://docs.python.org/zh-cn/3/archives/python-3.14-docs-text.zip,13,13,0.0
url,https://github.com/python/cpython/issues?q=is%3Aissue+is%3Aopen+label%3Adocs,13,13,0.0
url,https://github.com/python/cpython/tree/3.14/Lib/csv.py,13,15,0.0
url,https://github.com/python/cpython/tree/3.14/Lib/logging/__init__.py,13,15,0.0
url,https://packaging.python.org/installing/#creating-virtual-environments,13,13,0.0
url,https://peps.python.org/pep-0008/,13,14,0.0
url,https://peps.python.org/pep-0484/,13,13,0.0
url,https://typing.python.org/en/latest/spec/index.html,13,13,0.0
url,https://github.com/python/cpython/tree/3.14/Lib/copy.py,12,12,0.0
url,https://github.com/python/cpython/tree/3.14/Lib/functools.py,12,12,0.0
url,https://github.com/python/cpython/tree/3.14/Lib/pathlib/,12,15,0.0
url,https://github.com/python/cpython/tree/3.14/Lib/webbrowser.py,12,12,0.0
url,https://peps.python.org/pep-0526/,12,13,0.0
url,https://peps.python.org/pep-3119/,12,12,0.0
url,https://www.python.org/downloads/android/,12,16,0.0
url,https://www.riverbankcomputing.com/static/Docs/pyqtdeploy/,12,13,0.0
url,https://datatracker.ietf.org/doc/html/rfc9562.html#section-5.4,11,11,0.0
url,https://github.com/python/cpython/blob/main/Doc/tutorial/index.rst?plain=1,11,11,0.0
url,https://github.com/python/cpython/tree/3.14/Lib/argparse.py,11,11,0.0
url,https://github.com/python/cpython/tree/3.14/Lib/queue.py,11,11,0.0
url,https://packaging.python.org/installing/#requirements-for-installing-packages,11,11,0.0
url,https://peps.python.org/pep-0405/,11,11,0.0
url,https://peps.python.org/pep-0563/,11,11,0.0
url,https://peps.python.org/pep-0585/,11,11,0.0
url,https://pypi.org/project/tzdata/,11,12,0.0
url,https://tiswww.case.edu/php/chet/readline/rltop.html,11,12,0.0
url,https://toml.io/en/,11,11,0.0
url,https://docs.python.org/zh-cn/3/archives/python-3.14-docs.epub,10,10,0.0
url,https://github.com/python/cpython/tree/3.14/Lib/ensurepip,10,10,0.0
url,https://github.com/python/cpython/tree/3.14/Lib/getpass.py,10,10,0.0
url,https://github.com/python/cpython/tree/3.14/Lib/http/server.py,10,10,0.0
url,https://github.com/python/cpython/tree/3.14/Lib/pickle.py,10,10,0.0
url,https://numpy.org/,10,11,0.0
url,https://pypi.org/project/legacy-cgi/,10,10,0.0
url,https://www.youtube.com/watch?v=Xbl7XjFYsN4&list=PLhNSoGM2ik6SIkVGXWBwerucXjgP1rHmB,10,10,0.0
url,https://brew.sh/,9,9,0.0
url,https://chaquo.com/chaquopy,9,9,0.0
url,https://en.wikipedia.org/wiki/Fibonacci_sequence,9,10,0.0
url,https://github.com/python/cpython/tree/3.14/Lib/subprocess.py,9,10,0.0
url,https://peps.python.org/pep-0572/,9,9,0.0
url,https://typing.python.org/en/latest/,9,10,0.0
url,https://wiki.python.org/moin/GuiProgramming,9,9,0.0
url,https://www.cwi.nl/,9,9,0.0
url,https://www.debian.org/doc/manuals/maint-guide/first.en.html,9,9,0.0
url,https://cibuildwheel.pypa.io/en/stable/platforms/#android,8,8,0.0
url,https://datatracker.ietf.org/doc/html/rfc9562.html,8,9,0.0
url,https://en.wikipedia.org/wiki/Error_function,8,11,0.0
url,https://facebook.github.io/zstd/,8,8,0.0
url,https://github.com/python/cpython/tree/3.14/Lib/shutil.py,8,8,0.0
url,https://github.com/python/cpython/tree/3.14/Lib/tempfile.py,8,8,0.0
url,https://github.com/python/cpython/tree/3.14/Lib/unittest/__init__.py,8,9,0.0
url,https://packaging.python.org/extensions/,8,9,0.0
url,https://packaging.python.org/science/,8,8,0.0
url,https://pypi.org/project/regex/,8,8,0.0
url,https://requests.readthedocs.io/en/latest/,8,8,0.0
url,https://www.sphinx-doc.org/,8,8,0.0
url,https://datatracker.ietf.org/doc/html/rfc9110.html,7,8,0.0
url,https://discuss.python.org/c/documentation/26,7,7,0.0
url,https://docs.python.org/3/archives/python-3.14-docs-texinfo.tar.bz2,7,9,0.0
url,https://en.wikipedia.org/wiki/Cursor_(databases),7,7,0.0
url,https://en.wikipedia.org/wiki/Leap_second,7,7,0.0
url,https://github.com/python/cpython/tree/3.14/Lib/ast.py,7,7,0.0
url,https://github.com/python/cpython/tree/3.14/Lib/base64.py,7,7,0.0
url,https://github.com/python/cpython/tree/3.14/Lib/json/__init__.py,7,7,0.0
url,https://opensource.org/,7,7,0.0
url,https://peps.python.org/pep-0324/,7,7,0.0
url,https://peps.python.org/pep-0612/,7,7,0.0
url,https://peps.python.org/pep-0719/,7,8,0.0
url,https://peps.python.org/pep-0765/,7,7,0.0
url,https://pypi.org/project/tomlkit/,7,7,0.0
url,https://setuptools.pypa.io/en/latest/setuptools.html,7,8,0.0
url,https://tkdocs.com/book.html,7,7,0.0
url,https://wiki.tcl-lang.org/37432,7,7,0.0
url,https://www.w3.org/TR/xpath,7,7,0.0
url,http://www.math.sci.hiroshima-u.ac.jp/~m-mat/MT/MT2002/emt19937ar.html,6,7,0.0
url,https://en.wikipedia.org/wiki/Memoization,6,6,0.0
url,https://github.com/anordin95/a-conceptual-overview-of-asyncio/tree/main,6,6,0.0
url,https://github.com/python/cpython/tree/3.14/Lib/_collections_abc.py,6,6,0.0
url,https://github.com/python/cpython/tree/3.14/Lib/contextlib.py,6,6,0.0
url,https://github.com/python/cpython/tree/3.14/Lib/ctypes,6,7,0.0
url,https://github.com/python/cpython/tree/3.14/Lib/gzip.py,6,6,0.0
url,https://github.com/python/cpython/tree/3.14/Lib/html/__init__.py,6,6,0.0
url,https://github.com/python/cpython/tree/3.14/Lib/zoneinfo,6,6,0.0
url,https://learning-python.com/about-pp4e.html,6,8,0.0
url,https://manpages.debian.org/alarm(2),6,6,0.0
url,https://packaging.python.org/installing/,6,9,0.0
url,https://peps.python.org/pep-0249/,6,6,0.0
url,https://peps.python.org/pep-0475/,6,7,0.0
url,https://peps.python.org/pep-0557/,6,6,0.0
url,https://peps.python.org/pep-0659/,6,6,0.0
url,https://peps.python.org/pep-0684/,6,6,0.0
url,https://peps.python.org/pep-0768/,6,6,0.0
url,https://rfc.zeromq.org/spec/32/,6,6,0.0
url,https://rhettinger.wordpress.com/2011/05/26/super-considered-super/,6,6,0.0
url,https://webassembly.org/,6,6,0.0
url,https://www.python.org/psf/,6,6,0.0
url,https://core.tcl.tk/tips/doc/trunk/tip/48.md,5,6,0.0
url,https://datatracker.ietf.org/doc/html/rfc2104.html,5,5,0.0
url,https://datatracker.ietf.org/doc/html/rfc9562.html#section-5.7,5,5,0.0
url,https://docs.pytest.org/,5,5,0.0
url,https://en.wikipedia.org/wiki/Priority_queue,5,5,0.0
url,https://en.wikipedia.org/wiki/Timsort,5,5,0.0
url,https://github.com/python/cpython/blob/main/Doc/bugs.rst?plain=1,5,5,0.0
url,https://github.com/python/cpython/blob/main/Doc/library/functions.rst?plain=1,5,6,0.0
url,https://github.com/python/cpython/issues,5,5,0.0
url,https://github.com/python/cpython/tree/3.14/Android/testbed,5,5,0.0
url,https://github.com/python/cpython/tree/3.14/Lib/asyncio/streams.py,5,6,0.0
url,https://github.com/python/cpython/tree/3.14/Lib/compression/zstd/__init__.py,5,6,0.0
url,https://github.com/python/cpython/tree/3.14/Lib/configparser.py,5,5,0.0
url,https://github.com/python/cpython/tree/3.14/Lib/decimal.py,5,5,0.0
url,https://github.com/python/cpython/tree/3.14/Lib/email/mime/,5,5,0.0
url,https://github.com/python/cpython/tree/3.14/Lib/html/parser.py,5,6,0.0
url,https://github.com/python/cpython/tree/3.14/Lib/imaplib.py,5,5,0.0
url,https://github.com/python/cpython/tree/3.14/Lib/inspect.py,5,5,0.0
url,https://github.com/python/cpython/tree/3.14/Lib/io.py,5,5,0.0
url,https://github.com/python/cpython/tree/3.14/Lib/multiprocessing/,5,5,0.0
url,https://github.com/python/cpython/tree/3.14/Lib/ntpath.py,5,5,0.0
url,https://github.com/python/cpython/tree/3.14/Lib/pydoc.py,5,5,0.0
url,https://github.com/python/cpython/tree/3.14/Lib/smtplib.py,5,5,0.0
url,https://github.com/python/cpython/tree/3.14/Lib/ssl.py,5,5,0.0
url,https://github.com/python/cpython/tree/3.14/Lib/statistics.py,5,5,0.0
url,https://github.com/python/cpython/tree/3.14/Lib/tkinter/scrolledtext.py,5,5,0.0
url,https://github.com/python/cpython/tree/3.14/Lib/tomllib,5,5,0.0
url,https://github.com/python/cpython/tree/3.14/Lib/urllib/parse.py,5,5,0.0
url,https://github.com/python/cpython/tree/3.14/Lib/urllib/request.py,5,5,0.0
url,https://github.com/python/cpython/tree/3.14/Lib/uuid.py,5,5,0.0
url,https://github.com/python/cpython/tree/3.14/Lib/zipfile/,5,6,0.0
url,https://manpages.debian.org/flock(2),5,6,0.0
url,https://mypy.readthedocs.io/en/stable/index.html,5,5,0.0
url,https://packaging.python.org/en/latest/tutorials/installing-packages/,5,5,0.0
url,https://peps.python.org/pep-0011/#tier-3,5,5,0.0
url,https://peps.python.org/pep-0420/,5,5,0.0
url,https://peps.python.org/pep-0567/,5,6,0.0
url,https://peps.python.org/pep-0634/,5,5,0.0
url,https://peps.python.org/pep-0683/,5,5,0.0
url,https://peps.python.org/pep-0695/,5,5,0.0
url,https://peps.python.org/pep-0744/,5,5,0.0
url,https://peps.python.org/pep-3101/,5,5,0.0
url,https://py-free-threading.github.io/tracking/,5,5,0.0
url,https://pypi.org/project/UniCurses/,5,7,0.0
url,https://pypi.org/project/pip/,5,5,0.0
url,https://www.jython.org/,5,5,0.0
url,https://www.python.org/downloads/metadata/sigstore/,5,5,0.0
url,https://www.sqlite.org/schematab.html,5,6,0.0
url,https://www.unicode.org/versions/Unicode16.0.0/core-spec/chapter-4/#G91002,5,6,0.0
url,https://yaml.org/,5,6,0.0
url,https://datatracker.ietf.org/doc/html/rfc7159.html,4,4,0.0
url,https://devguide.python.org/documentation/help-documenting/,4,4,0.0
url,https://docs.python.org/es/3/archives/python-3.14-docs-html.zip,4,4,0.0
url,https://en.wikipedia.org/wiki/Cryptographic_hash_function#Attacks_on_cryptographic_hash_algorithms,4,4,0.0
url,https://en.wikipedia.org/wiki/Walrus#/media/File:Pacific_Walrus_-_Bull_(8247646168).jpg,4,4,0.0
url,https://en.wikipedia.org/wiki/XML_namespace,4,4,0.0
url,https://gist.github.com/vsajip/4673395,4,4,0.0
url,https://github.com/python/cpython/issues/101410,4,4,0.0
url,https://github.com/python/cpython/tree/3.14/Android/testbed/app/src/main/c/main_activity.c,4,4,0.0
url,https://github.com/python/cpython/tree/3.14/Grammar/python.gram,4,4,0.0
url,https://github.com/python/cpython/tree/3.14/Lib/abc.py,4,4,0.0
url,https://github.com/python/cpython/tree/3.14/Lib/asyncio/,4,4,0.0
url,https://github.com/python/cpython/tree/3.14/Lib/asyncio/coroutines.py,4,6,0.0
url,https://github.com/python/cpython/tree/3.14/Lib/concurrent/futures/thread.py,4,4,0.0
url,https://github.com/python/cpython/tree/3.14/Lib/email/__init__.py,4,4,0.0
url,https://github.com/python/cpython/tree/3.14/Lib/glob.py,4,4,0.0
url,https://github.com/python/cpython/tree/3.14/Lib/hashlib.py,4,4,0.0
url,https://github.com/python/cpython/tree/3.14/Lib/http/client.py,4,4,0.0
url,https://github.com/python/cpython/tree/3.14/Lib/keyword.py,4,4,0.0
url,https://github.com/python/cpython/tree/3.14/Lib/platform.py,4,5,0.0
url,https://github.com/python/cpython/tree/3.14/Objects/exceptions.c,4,4,0.0
url,https://mathworld.wolfram.com/BinomialDistribution.html,4,5,0.0
url,https://peps.python.org/pep-0308/,4,4,0.0
url,https://peps.python.org/pep-0338/,4,5,0.0
url,https://peps.python.org/pep-0428/,4,4,0.0
url,https://peps.python.org/pep-0584/,4,4,0.0
url,https://pkware.cachefly.net/webdocs/casestudies/APPNOTE.TXT,4,4,0.0
url,https://pypi.org/project/aiosmtpd/,4,4,0.0
url,https://pypi.org/project/tomli-w/,4,5,0.0
url,https://support.apple.com/en-us/HT201732,4,4,0.0
url,https://wiki.python.org/moin/PythonEditors,4,4,0.0
url,https://www.python.org/doc/av/,4,4,0.0
url,https://www.w3schools.com/sql/,4,7,0.0
url,http://www.robotstxt.org/orig.html,3,3,0.0
url,https://cython.org/,3,3,0.0
url,https://datatracker.ietf.org/doc/html/rfc4648.html,3,4,0.0
url,https://datatracker.ietf.org/doc/html/rfc9562.html#section-5.8,3,3,0.0
url,https://discuss.python.org/t/84319/123,3,3,0.0
url,https://docs.python.org/zh-cn/3/archives/python-3.14-docs-texinfo.zip,3,3,0.0
url,https://docs.python.org/zh-cn/3/archives/python-3.14-docs-text.tar.bz2,3,3,0.0
url,https://en.wikipedia.org/wiki/Cartesian_product,3,3,0.0
url,https://en.wikipedia.org/wiki/Coordinated_Universal_Time,3,3,0.0
url,https://en.wikipedia.org/wiki/Cumulative_distribution_function,3,4,0.0
url,https://en.wikipedia.org/wiki/Database_transaction,3,3,0.0
url,https://en.wikipedia.org/wiki/Parsing_expression_grammar,3,3,0.0
url,https://en.wikipedia.org/wiki/Thread_(computing),3,4,0.0
url,https://en.wikipedia.org/wiki/Universal_binary,3,3,0.0
url,https://github.com/python/cpython/blob/main/Doc/library/index.rst?plain=1,3,3,0.0
url,https://github.com/python/cpython/blob/main/Doc/library/unittest.rst?plain=1,3,3,0.0
url,https://github.com/python/cpython/blob/main/Doc/tutorial/controlflow.rst?plain=1,3,3,0.0
url,https://github.com/python/cpython/blob/main/Doc/tutorial/datastructures.rst?plain=1,3,3,0.0
url,https://github.com/python/cpython/blob/main/Doc/tutorial/introduction.rst?plain=1,3,3,0.0
url,https://github.com/python/cpython/issues/118761,3,4,0.0
url,https://github.com/python/cpython/issues/129902,3,3,0.0
url,https://github.com/python/cpython/tree/3.14/Android/README.md,3,3,0.0
url,https://github.com/python/cpython/tree/3.14/Lib/asyncio/queues.py,3,3,0.0
url,https://github.com/python/cpython/tree/3.14/Lib/asyncio/tasks.py,3,3,0.0
url,https://github.com/python/cpython/tree/3.14/Lib/bisect.py,3,4,0.0
url,https://github.com/python/cpython/tree/3.14/Lib/calendar.py,3,3,0.0
url,https://github.com/python/cpython/tree/3.14/Lib/cmd.py,3,3,0.0
url,https://github.com/python/cpython/tree/3.14/Lib/codecs.py,3,3,0.0
url,https://github.com/python/cpython/tree/3.14/Lib/enum.py,3,3,0.0
url,https://github.com/python/cpython/tree/3.14/Lib/importlib/metadata/__init__.py,3,3,0.0
url,https://github.com/python/cpython/tree/3.14/Lib/ipaddress.py,3,3,0.0
url,https://github.com/python/cpython/tree/3.14/Lib/logging/config.py,3,3,0.0
url,https://github.com/python/cpython/tree/3.14/Lib/logging/handlers.py,3,3,0.0
url,https://github.com/python/cpython/tree/3.14/Lib/lzma.py,3,3,0.0
url,https://github.com/python/cpython/tree/3.14/Lib/numbers.py,3,3,0.0
url,https://github.com/python/cpython/tree/3.14/Lib/pickletools.py,3,6,0.0
url,https://github.com/python/cpython/tree/3.14/Lib/pprint.py,3,3,0.0
url,https://github.com/python/cpython/tree/3.14/Lib/runpy.py,3,3,0.0
url,https://github.com/python/cpython/tree/3.14/Lib/site.py,3,3,0.0
url,https://github.com/python/cpython/tree/3.14/Lib/socketserver.py,3,4,0.0
url,https://github.com/python/cpython/tree/3.14/Lib/tkinter/messagebox.py,3,3,0.0
url,https://github.com/python/cpython/tree/3.14/Lib/tkinter/ttk.py,3,4,0.0
url,https://github.com/python/cpython/tree/3.14/Lib/types.py,3,3,0.0
url,https://github.com/python/cpython/tree/3.14/Lib/zipimport.py,3,3,0.0
url,https://github.com/wjakob/nanobind,3,3,0.0
url,https://json.org/,3,3,0.0
url,https://mail.python.org/mailman3/lists/core-mentorship.python.org/,3,3,0.0
url,https://manpages.debian.org/strftime(3),3,3,0.0
