name,visitors
England,9691
California,6724
Île-de-France,3453
New York,3232
Moscow,2509
Texas,2436
Tokyo,2298
Virginia,2278
Bavaria,2194
Ontario,2122
Hesse,2092
Maharashtra,1889
North Rhine-Westphalia,1885
Washington,1805
Illinois,1787
Tamil Nadu,1752
North Holland,1701
Karnataka,1690
Mazovia,1607
São Paulo,1572
Massachusetts,1409
Baden-Württemberg,1341
Madrid Autonomous Community,1280
Zürich,1255
Telangāna,1168
Florida,1097
Lombardy,1088
Stockholm,1054
Quebec,1026
Delhi,1019
Colorado,983
Berlin,981
Georgia,968
Victoria,962
Pennsylvania,956
Vienna,942
New South Wales,941
Catalonia,922
New Jersey,850
Oregon,829
South Holland,824
Leinster,810
Guangdong,806
Uusimaa,800
North Carolina,766
British Columbia,741
Ohio,735
Maryland,734
Tel Aviv,723
Saint Petersburg,702
Auvergne-Rhône-Alpes,692
Prague,663
Michigan,648
Beijing,630
Seoul,625
Ho Chi Minh City,625
Istanbul,594
Flanders,592
Provence-Alpes-Côte-d'Azur,592
Uttar Pradesh,587
Taipei,556
Budapest,550
Arizona,525
Scotland,520
Kyiv,520
Lesser Poland,518
Ciudad de Mexico,515
Brussels,505
Capital Region,500
Rio de Janeiro,492
Osaka,492
Punjab,473
West Bengal,472
Capital District,471
Lower Saxony,471
Shanghai,466
Buenos Aires Province,460
Kerala,449
Minnesota,447
Lisbon,436
Bucharest,424
Alberta,416
Utah,409
Queensland,407
Hamburg,405
Metro Manila,404
Wisconsin,404
Occitanie,402
Andalusia,389
Lazio,389
Hanoi,388
Gyeonggi,387
Gujarat,379
Minas Gerais,374
Saxony,372
Iowa,370
Oslo,355
Lagos,351
Lower Silesia,349
Santiago Metropolitan,341
Valencian Community,340
Tennessee,339
Missouri,337
Gauteng,333
Västra Götaland,332
Attica,331
Indiana,329
Madhya Pradesh,327
Jakarta,315
Bangkok,310
Zhejiang,307
North Brabant,307
Pays-de-la-Loire,304
Connecticut,301
Cairo,299
New Taipei,295
Hauts-de-France,292
Emilia-Romagna,290
Haryana,289
Nairobi County,286
Pomerania,284
Jiangsu,282
Greater Poland,282
Selangor,271
Auckland,271
Rhineland-Palatinate,269
Grand-Est,268
Kanagawa,268
Nouvelle-Aquitaine,265
Utrecht,262
South Carolina,262
Tashkent,262
Vaud,253
Andhra Pradesh,249
Sofia,243
Kuala Lumpur,243
Lima,242
Alabama,238
Silesia,235
Sichuan,234
Trøndelag,233
Moscow Province,232
Beograd,231
Piedmont,229
Veneto,229
Ankara,229
Rio Grande do Sul,226
Minsk,224
Gelderland,224
Antioquia,221
Sverdlovsk,220
Central,219
Paraná,217
Skåne,215
Brittany,214
Washington DC,214
Federal District,213
Western Australia,210
Hubei,210
Shandong,207
South Moravia,207
Dubai,204
Bratislava,203
Rajasthan,200
Riyadh,200
Riga,198
Sindh,197
Henan,196
Wales,196
Lvivshchyna,196
Santa Catarina,193
Zagreb,192
Łódź,192
Wallonia,189
Porto,189
Vilnius County,177
Jalisco,176
Krasnodar Krai,175
Novosibirsk,175
Punjab,174
Bihar,173
Kyivshchyna,170
Campania,168
Galicia,167
Nevada,166
Western,165
West Java,161
New Mexico,160
Western Cape,160
Hormozgan,156
Schleswig-Holstein,155
Oklahoma,155
Tbilisi,154
Almaty City,154
Bern,151
South Australia,150
Tuscany,150
Nizhny Novgorod,149
Arkansas,149
Mexico State,148
East Java,147
Chiba,147
Tatarstan,147
Kentucky,147
Addis Ababa,146
Primorsky Krai,146
Makkah,146
Pernambuco,145
Rostov,143
Odisha,142
New Hampshire,142
Saitama,141
Kansas,141
Harjumaa,140
Calabarzon,140
Yerevan,139
Meknès-Tafilalet,135
Province 3,135
Styria,134
Aichi,133
Nuevo León,132
Samara,132
Taichung,132
Islamabad,131
Ceará,130
Cluj,130
Bahia,129
Dhaka Division,128
Greater Accra,128
Centre-Val de Loire,127
Geneva,125
Basque Country,123
Shaanxi,121
Thuringia,121
Overijssel,120
Ljubljana,120
San José,119
Central Denmark,118
Tunis,118
Dnipropetrovshchyna,115
Pichincha,113
Chelyabinsk,113
Hunan,112
Astana,111
Upper Austria,109
Central Macedonia,108
Sicily,108
Amman,108
Nebraska,108
Brandenburg,107
Rhode Island,107
Lower Austria,105
Castile and León,104
Taoyuan,104
Montana,103
Goiás,102
Pirkanmaa,101
Normandie,101
Abu Dhabi,99
Baku,99
Bishkek,99
Central Luzon,99
Östergötland,99
Idaho,98
Buenos Aires,97
Manitoba,97
Fujian,96
Uppsala,96
Bremen,95
Amazonas,94
Uttarākhand,94
Federal Capital Territory,94
Louisiana,94
Aargau,92
Nova Scotia,91
Hyogo,91
Voronezh,91
Canary Islands,90
Distrito Nacional,88
Jharkhand,88
Izmir,87
Burgundy-Franche-Comté,85
Maine,85
Montevideo,85
Flevoland,84
Fukuoka,82
Hsinchu County,81
Assam,80
Kyoto,80
Veracruz,80
Abidjan,79
Guayas,79
Anhui,77
Kaohsiung,77
Córdoba,76
Schwyz,76
Murcia Region,76
Delaware,76
Southwest Finland,75
Canterbury,75
