name,version,visitors
Chrome,141.0,134
Chrome,126.0,30
Opera,122.0,18
Firefox,144.0,16
Microsoft Edge,141.0,14
Chrome,138.0,5
Firefox,143.0,5
Safari,18.6,5
Chrome,109.0,3
Chrome,137.0,3
Safari,26.0,3
Samsung Browser,28.0,3
Safari,(not set),2
Safari,12.1,2
Chrome,136.0,2
Chrome,140.0,2
Microsoft Edge,140.0,2
Safari,18.7,2
Microsoft Edge,109.0,1
Firefox,115.0,1
Chrome,135.0,1
Firefox,136.0,1
Avast Secure Browser,139.0,1
Chrome,139.0,1
Firefox,140.0,1
Firefox,141.0,1
Safari,15.6,1
Safari,16.6,1
Safari,18.5,1
Yandex Browser,24.7,1
