name,version,visitors
Chrome,138.0,77118
Microsoft Edge,138.0,20186
Firefox,141.0,9847
Safari,18.5,6787
Chrome,137.0,3498
Firefox,140.0,1686
Firefox,128.0,1547
Yandex Browser,25.6,1502
Mobile App,(not set),1385
Opera,120.0,1213
Chrome,136.0,1178
Safari,18.6,868
Chrome,135.0,866
Safari,26.0,773
Chrome,134.0,585
Chrome,131.0,558
Microsoft Edge,137.0,503
Firefox,139.0,468
Chrome,132.0,458
Chrome,109.0,408
Safari,17.6,402
Safari,18.3,387
Chrome,133.0,374
Mobile App,138.0,370
Safari,18.4,353
Firefox,136.0,342
Chrome,139.0,336
Samsung Browser,28.0,276
Chrome,130.0,271
Safari,16.6,250
Chrome,129.0,226
Chrome,128.0,208
Chrome,122.0,205
Microsoft Edge,136.0,196
Safari,17.5,184
Safari,18.1,177
Chrome,126.0,155
Firefox,115.0,154
Firefox,138.0,154
Firefox,142.0,150
Safari,15.6,148
Safari,(not set),144
Firefox,135.0,128
Safari,18.2,125
Chrome,127.0,124
Yandex Browser,25.4,124
UC Browser,17.8,122
Safari,18.0,116
SberBrowser,28.0,116
Chrome,120.0,112
Microsoft Edge,139.0,111
Chrome,116.0,106
Microsoft Edge,134.0,102
Chrome,119.0,98
Safari,17.4,98
Chrome,124.0,97
Chrome,121.0,95
Microsoft Edge,135.0,94
Chrome,117.0,92
Firefox,137.0,92
Chrome,140.0,91
Chrome,125.0,90
Safari,17.3,86
Smart Lenovo Browser,9.0,85
Brave,(not set),84
Yandex Browser,25.2,84
Mobile App,97.0,84
Chrome,87.0,82
Microsoft Edge,132.0,79
Chrome,123.0,73
(not set),(not set),72
Microsoft Edge,131.0,68
Opera,119.0,67
Quark,(not set),61
Firefox,134.0,61
Microsoft Edge,128.0,57
Mobile App,114.0,56
Huawei Browser Mobile,16.0,53
Microsoft Edge,122.0,52
Chrome,114.0,51
Microsoft Edge,92.0,47
Safari,17.2,46
Opera,90.0,46
Safari,17.1,42
Microsoft Edge,133.0,40
Safari,16.0,39
Safari,16.1,38
QQ Browser,19.4,37
Yandex Browser,24.10,37
Chrome,103.0,36
Chrome,118.0,36
Chrome,112.0,35
Chrome,86.0,35
Chrome,91.0,35
Microsoft Edge,129.0,33
Microsoft Edge,130.0,33
Safari,16.5,33
Microsoft Edge,126.0,32
Firefox,132.0,32
Firefox,133.0,31
Avast Secure Browser,137.0,31
MIUI Browser,19.9,30
Safari,16.3,29
Yandex Browser,24.7,29
Whale Browser,4.32,29
Firefox,109.0,28
Firefox,131.0,28
Mobile App,83.0,28
Quark,7.14,27
Chrome,108.0,26
Chrome,115.0,26
Mobile App,126.0,26
Firefox,143.0,26
Safari,17.13,26
Sogou Explorer,2,26
Chrome,106.0,25
Chrome,111.0,25
Microsoft Edge,127.0,25
Mobile App,131.0,25
Firefox,130.0,24
Microsoft Edge,109.0,23
Chrome,113.0,23
Microsoft Edge,120.0,23
vivo Browser,25.5,23
Microsoft Edge,100.0,22
Chrome,110.0,22
Microsoft Edge,125.0,22
Chrome,101.0,21
Microsoft Edge,124.0,21
Firefox,129.0,21
Safari,16.4,21
Safari,17.0,21
Yandex Browser,25.7,21
Firefox,113.0,20
Safari,13.1,20
Microsoft Edge,140.0,20
Microsoft Edge,123.0,19
Safari,10.0,18
Huawei Browser,12.1,17
Firefox,127.0,17
Safari,19.0,17
Samsung Browser,27.0,17
QtWebEngine,6.9,17
Chromium,(not set),16
Firefox,102.0,15
Microsoft Edge,114.0,15
Ecosia,129.0,15
Mobile App,130.0,15
Safari,16.2,15
UC Browser,17.7,15
Yandex Browser,24.1,15
Yandex Browser,25.20,15
Chrome,102.0,14
Safari,12.1,14
Mobile Silk,138.2,14
MIUI Browser,14.10,14
Yandex Browser,25.3,14
Safari,60.5,14
Mobile App,109.0,13
Mobile App,91.0,13
Microsoft Edge,117.0,12
Opera,118.0,12
Firefox,126.0,12
Mobile Silk,138.3,12
Safari,14.1,12
Microsoft Edge,18.18363,12
Opera GX,2.8,12
vivo Browser,25.6,12
Yandex Browser,25.62,12
Chrome,92.0,12
Chrome,97.0,12
Chrome,107.0,11
Mobile App,117.0,11
Firefox,124.0,11
Firefox,125.0,11
AVG Secure Browser,137.0,11
vivo Browser,14.3,11
MIUI Browser,14.38,11
Huawei Browser Mobile,15.0,11
Microsoft Edge,18.19041,11
Yandex Browser,23.7,11
Yandex Browser,24.6,11
Chrome,79.0,11
Mobile App,92.0,11
Chrome,93.0,11
Chrome,95.0,11
Chrome,99.0,11
Chrome,104.0,10
Chrome,105.0,10
Mobile App,133.0,10
Firefox,141,10
Microsoft Edge,18.17763,10
Microsoft Edge,18.18362,10
QQ Browser,19.2,10
vivo Browser,25.3,10
Samsung Browser,26.0,10
QtWebEngine,5.15,10
QQ Browser,6.2,10
Microsoft Edge,107.0,9
Opera,114.0,9
Mobile App,116.0,9
Huawei Browser Mobile,14.0,9
Firefox,140.3,9
Safari,17.7,9
MIUI Browser,19.8,9
Yandex Browser,23.11,9
Yandex Browser,23.9,9
Yandex Browser,24.9,9
Huawei Browser Mobile,5.1,9
Chrome,83.0,9
Firefox,88.0,9
Chrome,90.0,9
Chrome,96.0,9
Chrome,98.0,9
Mobile App,99.0,9
Microsoft Edge,121.0,8
Norton Private Browser,137.0,8
Microsoft Edge,14.14393,8
Safari,15.4,8
Yandex Browser,24.12,8
vivo Browser,25.4,8
Opera Touch,6.0,8
Chrome,81.0,8
Chrome,94.0,8
Mobile App,95.0,8
Opera,95.0,8
Microsoft Edge,112.0,7
Microsoft Edge,115.0,7
Firefox,116.0,7
Firefox,128.9,7
Chrome,138,7
Safari,15.5,7
Microsoft Edge,16.16299,7
Microsoft Edge,17.17134,7
UC Browser,17.5,7
Yandex Browser,24.4,7
Yandex Browser,25.65,7
Samsung Browser,28.1,7
Chrome,59.0,7
Quark,7.13,7
Chrome,89.0,7
Android Browser,(not set),6
Chrome,100.0,6
Firefox,108.0,6
Safari,11.0,6
Microsoft Edge,118.0,6
Mobile App,120.0,6
Microsoft Edge,136,6
Mobile App,137.0,6
Firefox,139.1,6
MIUI Browser,14.1,6
Safari,15.2,6
Safari,16.7,6
Hi Browser,2.24,6
Yandex Browser,25.66,6
Chrome,53.0,6
Chrome,70.0,6
Chrome,80.0,6
Opera,89.0,6
Microsoft Edge,98.0,6
Firefox,110.0,5
Microsoft Edge,111.0,5
Microsoft Edge,116.0,5
Firefox,123.0,5
CCleaner,137.0,5
Safari,14.0,5
Firefox,141.1,5
MIUI Browser,18.5,5
MIUI Browser,20.0,5
Yandex Browser,24.60,5
Microsoft Edge,40.15254,5
DuckDuckGo Privacy Browser,5,5
JioSphere,5.0,5
Firefox,52.0,5
Opera,74.1,5
Microsoft Edge,84.0,5
Chrome,88.0,5
Firefox,91.0,5
Opera,92.0,5
Mobile App,104.0,4
Firefox,105.0,4
Microsoft Edge,106.0,4
Microsoft Edge,108.0,4
Microsoft Edge,110.0,4
Microsoft Edge,113.0,4
Mobile App,118.0,4
Microsoft Edge,119.0,4
Mobile App,119.0,4
Firefox,121.0,4
Firefox,122.0,4
QQ Browser,13.3,4
Firefox,139.2,4
vivo Browser,14.0,4
vivo Browser,14.2,4
Safari,15.3,4
Safari,17.8,4
vivo Browser,18.7,4
QQ Browser,19.3,4
Opera GX,2.9,4
SberBrowser,20.0,4
