name,unique_exits,total_exits,exit_rate
/ja/latest/tutorials/installing-packages/,129,134,
/ja/latest/guides/installing-using-pip-and-virtual-environments/,102,105,
/ja/latest/guides/writing-pyproject-toml/,64,64,
/ja/latest/tutorials/packaging-projects/,18,19,
/ja/latest/discussions/setup-py-deprecated/,10,10,
/ja/latest/tutorials/managing-dependencies/,8,8,
/en/latest/tutorials/installing-packages/,6,6,
/ja/latest/guides/distributing-packages-using-setuptools/,6,6,
/ja/latest/guides/installing-using-linux-tools/,6,6,
/ja/latest/guides/modernize-setup-py-project/,6,6,
/ja/latest/key_projects/,6,6,
/ja/latest/specifications/platform-compatibility-tags/,6,6,
/ja/latest/discussions/src-layout-vs-flat-layout/,5,5,
/ja/latest/specifications/pyproject-toml/,5,5,
/en/latest/guides/installing-using-pip-and-virtual-environments/,4,4,
/ja/latest/,4,4,
/ja/latest/flow/,4,4,
/ja/latest/glossary/,4,5,
/ja/latest/guides/installing-stand-alone-command-line-tools/,4,4,
/en/latest/guides/writing-pyproject-toml/,3,3,
/ja/latest/guides/tool-recommendations/,3,3,
/ja/latest/specifications/version-specifiers/,3,3,
/en/latest/key_projects/,2,2,
/en/latest/specifications/core-metadata/,2,2,
/ja/latest/discussions/deploying-python-applications/,2,2,
/ja/latest/discussions/install-requires-vs-requirements/,2,2,
/ja/latest/guides/index-mirrors-and-caches/,2,3,
/ja/latest/guides/packaging-namespace-packages/,2,2,
/ja/latest/guides/publishing-package-distribution-releases-using-github-actions-ci-cd-workflows/,2,2,
/ja/latest/guides/using-manifest-in/,2,2,
/ja/latest/overview/,2,2,
/ja/latest/specifications/entry-points/,2,2,
/ja/latest/specifications/inline-script-metadata/,2,2,
/pt-br/latest/tutorials/installing-packages/,2,2,
/en/latest/discussions/single-source-version/,1,1,
/en/latest/discussions/src-layout-vs-flat-layout/,1,1,
/en/latest/glossary/,1,1,
/en/latest/guides/publishing-package-distribution-releases-using-github-actions-ci-cd-workflows/,1,1,
/en/latest/guides/section-install/,1,0,
/en/latest/guides/tool-recommendations/,1,1,
/en/latest/specifications/entry-points/,1,1,
/en/latest/specifications/glob-patterns/,1,1,
/en/latest/specifications/platform-compatibility-tags/,1,1,
/ja/latest/discussions/distribution-package-vs-import-package/,1,1,
/ja/latest/discussions/package-formats/,1,1,
/ja/latest/discussions/pip-vs-easy-install/,1,1,
/ja/latest/discussions/versioning/,1,1,
/ja/latest/guides/,1,1,
/ja/latest/guides/analyzing-pypi-package-downloads/,1,1,
/ja/latest/guides/dropping-older-python-versions/,1,1,
/ja/latest/guides/multi-version-installs/,1,1,
/ja/latest/guides/packaging-binary-extensions/,1,1,
/ja/latest/guides/section-build-and-publish/,1,1,
/ja/latest/guides/section-hosting/,1,1,
/ja/latest/guides/using-testpypi/,1,1,
/ja/latest/specifications/,1,1,
/ja/latest/specifications/binary-distribution-format/,1,1,
/ja/latest/specifications/dependency-specifiers/,1,1,
/ja/latest/specifications/direct-url/,1,1,
/ja/latest/specifications/externally-managed-environments/,1,1,
/ja/latest/specifications/glob-patterns/,1,1,
/ja/latest/specifications/name-normalization/,1,1,
/ja/latest/specifications/source-distribution-format/,1,1,
