name,visitors,bounce_rate,visit_duration
google.com,317,85,84
Direct / None,58,73,295
bing.com,30,87,4
google.co.jp,14,81,113
search.yahoo.co.jp,7,100,0
pypi.org,5,0,642
docs.astral.sh,3,0,245
duckduckgo.com,3,100,0
docs.python.org,2,0,672
qiita.com,2,100,6
seminar.mgt-net.info,2,50,566
chatgpt.com,1,0,6
hitachigroup.okta.com,1,100,0
nsakki55.hatenablog.com,1,100,0
peps.python.org,1,0,1757
pip.pypa.io,1,0,1726
pip.pypa.io/en/stable,1,0,672
pip.pypa.io/en/stable/installation,1,0,0
statics.teams.cdn.office.net,1,0,447
