name,unique_entrances,total_entrances,visit_duration
/es/3.13/tutorial/index.html,434,461,259
/es/3/tutorial/,297,314,163
/es/3.13/library/tkinter.html,200,209,75
/3/,148,149,415
/es/3.13/tutorial/venv.html,146,157,42
/es/3.13/tutorial/classes.html,122,131,175
/es/3.13/tutorial/datastructures.html,117,122,132
/es/3/tutorial/index.html,110,115,146
/es/3/,106,117,237
/es/3.13/installing/index.html,87,91,20
/es/3.13/tutorial/introduction.html,77,80,78
/es/3.13/tutorial/errors.html,72,73,45
/es/3.13/library/index.html,69,76,188
/es/3.13/library/datetime.html,58,58,203
/es/3.13/library/re.html,54,56,97
/es/3.13/library/functions.html,53,56,242
/es/3.13/library/idle.html,50,52,137
/es/3/library/json.html,46,46,108
/es/3.13/tutorial/controlflow.html,44,48,83
/es/3/library/stdtypes.html,44,48,34
/es/3.13/tutorial/inputoutput.html,43,44,273
/es/3/tutorial/introduction.html,41,45,130
/3.13/tutorial/index.html,40,40,436
/es/3.13/library/csv.html,38,38,187
/es/3.13/library/random.html,36,37,131
/es/3.13/library/tk.html,36,36,264
/es/3.13/library/venv.html,36,39,25
/es/3.13/tutorial/interpreter.html,35,39,24
/es/3/library/index.html,35,38,214
/es/3.13/howto/logging.html,34,37,102
/es/3.13/library/string.html,33,36,118
/es/dev/tutorial/controlflow.html,33,33,35
/es/3/library/functions.html,32,35,32
/es/3.13/library/stdtypes.html,30,31,49
/es/3/tutorial/controlflow.html,29,29,116
/es/3/genindex-Símbolos.html,28,30,22
/es/3/library/tkinter.html,28,29,330
/3/tutorial/index.html,27,27,478
/es/3.13/howto/regex.html,27,29,173
/es/3.13/using/editors.html,26,26,41
/es/dev/using/windows.html,26,26,38
/es/3.13/howto/sorting.html,25,28,294
/es/3/tutorial/datastructures.html,25,27,332
/es/3.13/library/math.html,22,22,126
/es/3.13/reference/import.html,22,22,80
/es/3.13/tutorial/appetite.html,22,25,196
/es/3/installing/index.html,22,22,11
/es/3.13/tutorial/modules.html,21,21,331
/es/3.13/using/windows.html,21,21,346
/es/3/tutorial/classes.html,21,21,69
/es/3.13/search.html,20,27,378
/es/3/faq/windows.html,20,22,39
/es/3/library/argparse.html,20,20,31
/3/library/venv.html,19,19,266
/es/3.13/library/tkinter.ttk.html,18,20,62
/es/3/tutorial/interpreter.html,18,18,158
/es/3.13/,17,17,7
/es/3.13/library/array.html,17,18,137
/es/3.13/library/sqlite3.html,17,17,44
/es/3/library/asyncio.html,17,17,84
/es/3/library/random.html,17,17,62
/3/library/functions.html,16,16,587
/es/3.13/glossary.html,16,16,78
/es/3/library/decimal.html,16,16,7
/3/library/datetime.html,15,15,889
/es/3/tutorial/appetite.html,15,15,118
/3.13/using/windows.html,14,14,184
/es/3.13/library/shutil.html,14,15,123
/es/3.13/library/turtle.html,14,15,81
/es/3.13/reference/compound_stmts.html,14,14,54
/es/3/library/functools.html,14,14,96
/es/3.13/howto/unicode.html,13,13,55
/es/3.13/library/collections.html,13,14,181
/3/library/tkinter.html,12,12,378
/es/3.13/library/__main__.html,12,12,65
/es/3.13/library/http.server.html,12,12,123
/es/3.13/library/smtplib.html,12,13,4
/es/3/tutorial/venv.html,12,12,0
/es/3.13/library/abc.html,11,11,315
/es/3/library/statistics.html,11,11,0
/es/3/tutorial/modules.html,11,11,213
/3/library/argparse.html,10,10,531
/3/library/csv.html,10,10,517
/3/library/idle.html,10,10,466
/3/library/index.html,10,10,576
/es/3.12/tutorial/index.html,10,10,110
/es/3.13/library/operator.html,10,10,0
/es/3.13/library/subprocess.html,10,10,73
/es/3/library/csv.html,10,10,220
/es/3/library/enum.html,10,10,148
/es/3/using/cmdline.html,10,10,123
/es/dev/library/tkinter.ttk.html,10,10,66
/es/dev/tutorial/,10,10,8
/3/library/turtle.html,9,9,374
/3/tutorial/datastructures.html,9,9,1628
/3/tutorial/errors.html,9,9,817
/es/3.13/library/filesys.html,9,10,139
/es/3.13/reference/index.html,9,11,87
/es/3/library/math.html,9,10,453
/es/3/library/string.html,9,10,145
/es/3/tutorial/errors.html,9,10,21
/3/library/stdtypes.html,8,8,42
/3/tutorial/,8,8,170
/es/3.13/contents.html,8,9,211
/es/3.13/library/sys.html,8,8,88
/es/3.13/library/webbrowser.html,8,8,111
/es/3.13/library/xml.etree.elementtree.html,8,8,2
/es/3/library/base64.html,8,8,3
/es/3/library/re.html,8,8,54
/es/3/library/warnings.html,8,8,25
/es/3/reference/lexical_analysis.html,8,10,0
/es/3/tutorial/inputoutput.html,8,9,336
/es/3/using/windows.html,8,8,0
/3/library/math.html,7,7,1541
/es/3.13/library/email.examples.html,7,7,0
/es/3.13/library/glob.html,7,7,237
/es/3/howto/urllib2.html,7,8,28
/es/3/library/unittest.html,7,7,4
/3/library/collections.html,6,6,631
/3/library/xml.etree.elementtree.html,6,6,2041
/3/tutorial/classes.html,6,6,213
/es/3.13/library/asyncio-task.html,6,6,206
/es/3.13/library/calendar.html,6,7,231
/es/3.13/library/os.path.html,6,7,429
/es/3.13/library/winsound.html,6,6,146
/es/3.13/using/unix.html,6,7,128
/es/3/library/platform.html,6,6,1
/es/3/reference/expressions.html,6,6,10
/es/dev/library/abc.html,6,6,0
/es/dev/library/math.html,6,7,4
/3.13/tutorial/,5,5,744
/3/library/os.html,5,5,2907
/3/library/re.html,5,5,465
/3/library/tk.html,5,5,311
/3/library/typing.html,5,5,393
/3/tutorial/controlflow.html,5,5,895
/3/tutorial/modules.html,5,5,484
/es/3.12/tutorial/interpreter.html,5,6,290
/es/3.13/howto/sockets.html,5,5,11
/es/3.13/index.html,5,6,25
/es/3.13/library/concurrent.futures.html,5,6,494
/es/3.13/library/copy.html,5,5,88
/es/3.13/library/ftplib.html,5,5,268
/es/3.13/library/pickle.html,5,5,76
/es/3/contents.html,5,5,103
/es/3/library/asyncio-task.html,5,5,13
/es/3/library/exceptions.html,5,5,0
/es/3/library/idle.html,5,5,13
/es/3/library/py_compile.html,5,5,146
/es/3/library/textwrap.html,5,5,86
/es/3/library/venv.html,5,5,0
/es/3/reference/compound_stmts.html,5,5,4
/es/3/reference/index.html,5,9,6
/es/dev/howto/sorting.html,5,5,87
/3.12/tutorial/,4,4,141
/3.14/,4,4,142
/3/howto/sorting.html,4,4,242
/3/library/logging.html,4,4,131
/3/library/os.path.html,4,4,539
/3/library/random.html,4,4,46
/3/library/smtplib.html,4,4,549
/3/library/unittest.html,4,4,574
/es/3.12/,4,4,232
/es/3.12/library/functions.html,4,7,29
/es/3.13/library/codecs.html,4,5,0
/es/3.13/library/doctest.html,4,4,640
/es/3.13/library/hashlib.html,4,4,22
/es/3.13/library/heapq.html,4,4,120
/es/3.13/library/http.client.html,4,4,50
/es/3.13/library/multiprocessing.html,4,4,0
/es/3.13/library/os.html,4,4,50
/es/3.13/library/pdb.html,4,4,37
/es/3.13/library/pprint.html,4,4,0
/es/3.13/library/queue.html,4,4,6
/es/3.13/library/socket.html,4,4,0
/es/3.13/library/urllib.html,4,4,406
/es/3.13/library/zipfile.html,4,4,444
/es/3.13/reference/lexical_analysis.html,4,5,1
/es/3.13/tutorial/,4,4,82
/es/3.13/tutorial/stdlib.html,4,5,8
/es/3.13/using/index.html,4,4,105
/es/3/howto/logging.html,4,4,4
/es/3/library/threading.html,4,4,21
/es/3/library/time.html,4,4,254
/es/3/py-modindex.html,4,4,232
/es/dev/faq/programming.html,4,5,98
/es/dev/howto/logging.html,4,4,424
/es/dev/library/ssl.html,4,4,261
/es/dev/library/threading.html,4,4,0
/es/dev/tutorial/datastructures.html,4,4,15
/3.13/index.html,3,3,177
/3/library/functools.html,3,3,146
/3/library/http.server.html,3,4,460
/3/library/itertools.html,3,3,254
/3/library/json.html,3,3,857
/3/library/multiprocessing.html,3,3,1124
/3/library/pathlib.html,3,3,923
/3/library/socket.html,3,3,116
/3/library/sqlite3.html,3,3,250
/3/library/string.html,3,3,658
/3/library/struct.html,3,3,1266
/3/library/timeit.html,3,3,69
/3/py-modindex.html,3,3,499
/3/reference/index.html,3,3,93
/es/3.12/installing/index.html,3,3,174
/es/3.13/library/colorsys.html,3,3,0
/es/3.13/library/concurrency.html,3,3,112
/es/3.13/library/crypto.html,3,3,740
/es/3.13/library/dialog.html,3,3,460
/es/3.13/library/difflib.html,3,3,0
/es/3.13/library/logging.config.html,3,3,289
/es/3.13/library/logging.html,3,4,0
/es/3.13/library/profile.html,3,3,1046
/es/3.13/library/unicodedata.html,3,4,803
/es/3.13/tutorial/appendix.html,3,3,1
/es/3.13/tutorial/floatingpoint.html,3,3,62
/es/3.13/whatsnew/3.13.html,3,3,8
/es/3/extending/embedding.html,3,3,0
/es/3/library/,3,3,0
/es/3/library/datetime.html,3,3,0
/es/3/library/filesys.html,3,3,0
/es/3/library/mimetypes.html,3,3,12
/es/3/search.html,3,3,3
/es/dev/library/collections.html,3,3,362
/es/dev/library/configparser.html,3,3,0
/es/dev/library/ipaddress.html,3,3,0
/es/dev/library/logging.handlers.html,3,3,501
/es/dev/whatsnew/3.14.html,3,3,98
/3.12/tutorial/index.html,2,2,502
/3.13/,2,2,114
/3.13/library/typing.html,2,2,2736
/3.13/tutorial/interpreter.html,2,2,1184
/3/faq/,2,2,48
/3/howto/logging.html,2,2,978
/3/installing/index.html,2,2,388
/3/library/asyncio.html,2,2,28
/3/library/cmd.html,2,2,154
/3/library/concurrent.futures.html,2,2,266
/3/library/exceptions.html,2,2,14
/3/library/logging.config.html,2,2,95
/3/library/pickle.html,2,2,196
/3/library/pydoc.html,2,2,518
/3/library/subprocess.html,2,2,703
/3/library/sys.html,2,2,639
/3/library/threading.html,2,3,1739
/3/library/time.html,2,2,770
/3/library/urllib.parse.html,2,2,166
/3/library/zipfile.html,2,2,349
/3/reference/lexical_analysis.html,2,2,1896
/3/search.html,2,2,288
/3/tutorial/inputoutput.html,2,2,626
/3/tutorial/introduction.html,2,2,5792
/3/tutorial/venv.html,2,2,2234
/3/using/index.html,2,2,530
/es/3.12/library/tkinter.html,2,2,906
/es/3.12/search.html,2,2,0
/es/3.12/tutorial/classes.html,2,2,0
/es/3.13/bugs.html,2,2,0
/es/3.13/c-api/memory.html,2,3,3
/es/3.13/download.html,2,2,0
/es/3.13/extending/index.html,2,2,12
/es/3.13/faq/installed.html,2,2,0
/es/3.13/howto/ipaddress.html,2,2,86
/es/3.13/library/asyncio-dev.html,2,2,1
/es/3.13/library/asyncio-sync.html,2,2,0
/es/3.13/library/collections.abc.html,2,2,58
/es/3.13/library/configparser.html,2,3,22
/es/3.13/library/datatypes.html,2,2,0
/es/3.13/library/gzip.html,2,2,714
/es/3.13/library/imaplib.html,2,2,2
/es/3.13/library/intro.html,2,3,109
/es/3.13/library/ipaddress.html,2,2,0
/es/3.13/library/locale.html,2,2,38
/es/3.13/library/pathlib.html,2,3,0
/es/3.13/library/readline.html,2,2,1447
/es/3.13/library/shelve.html,2,2,990
/es/3.13/library/sys_path_init.html,2,2,0
/es/3.13/library/test.html,2,2,8
/es/3.13/library/time.html,2,2,726
/es/3.13/library/timeit.html,2,2,0
/es/3.13/library/tkinter.colorchooser.html,2,2,0
/es/3.13/library/tokenize.html,2,2,0
/es/3.13/library/tracemalloc.html,2,2,0
/es/3.13/library/typing.html,2,2,1428
/es/3.13/library/wave.html,2,2,7
/es/3.13/library/winreg.html,2,2,115
/es/3.13/reference/executionmodel.html,2,2,42
/es/3.13/reference/simple_stmts.html,2,2,0
/es/3.13/tutorial/interactive.html,2,2,34
/es/3.14/library/unittest.html,2,3,16
/es/3.14/tutorial/,2,2,0
/es/3.14/tutorial/controlflow.html,2,2,0
/es/3/faq/general.html,2,2,0
/es/3/glossary.html,2,2,0
/es/3/howto/regex.html,2,2,608
/es/3/index.html,2,2,692
/es/3/library/__main__.html,2,2,0
/es/3/library/array.html,2,2,0
/es/3/library/asyncio-stream.html,2,2,0
/es/3/library/contextvars.html,2,2,50
