name,visitors,pageviews,bounce_rate,time_on_page,scroll_depth
/zh-cn/3.13/tutorial/index.html,337,427,64,49,60
/zh-cn/3/,285,365,53,21,78
/zh-cn/3.13/,277,402,29,17,79
/zh-cn/3/tutorial/index.html,269,322,58,22,55
/zh-cn/3/library/index.html,194,306,47,38,54
/zh-cn/3.13/library/index.html,144,180,29,38,52
/zh-cn/3/library/idle.html,143,144,77,17,33
/zh-cn/3.13/tutorial/interpreter.html,126,135,50,80,77
/zh-cn/3.13/tutorial/controlflow.html,112,132,85,180,50
/zh-cn/3/library/functions.html,110,125,72,99,48
/zh-cn/3.13/search.html,104,232,21,60,53
/zh-cn/3.13/tutorial/introduction.html,100,121,47,238,57
/zh-cn/3.13/library/stdtypes.html,98,115,53,99,35
/zh-cn/3.13/library/functions.html,90,93,74,89,52
/zh-cn/3.13/tutorial/appetite.html,90,81,50,61,91
/zh-cn/3.13/using/android.html,90,106,68,14,89
/zh-cn/3/reference/index.html,79,101,40,19,74
/zh-cn/3.13/index.html,76,92,25,11,79
/zh-cn/3/library/stdtypes.html,70,92,79,101,36
/zh-cn/3.13/tutorial/datastructures.html,69,85,67,165,59
/zh-cn/3/tutorial/controlflow.html,68,69,82,577,50
/zh-cn/3/tutorial/introduction.html,67,68,71,225,61
/zh-cn/3.13/reference/index.html,66,66,40,14,70
/zh-cn/3/using/mac.html,66,66,77,74,51
/zh-cn/3/index.html,63,81,32,12,83
/zh-cn/3/tutorial/interpreter.html,61,60,71,55,86
/zh-cn/3/library/math.html,60,68,81,58,31
/zh-cn/3/library/turtle.html,60,69,82,75,31
/zh-cn/3/search.html,55,91,21,28,46
/zh-cn/3.13/glossary.html,54,57,65,39,41
/zh-cn/3.13/tutorial/classes.html,54,56,68,144,57
/zh-cn/3.13/contents.html,53,56,11,24,22
/zh-cn/3/download.html,53,39,48,30,87
/zh-cn/3.13/using/windows.html,52,61,78,140,53
/zh-cn/3.13/using/index.html,50,57,62,13,79
/zh-cn/3.13/whatsnew/3.13.html,45,43,57,132,32
/zh-cn/3.13/download.html,44,31,43,31,87
/zh-cn/3/contents.html,44,48,41,20,16
/zh-cn/3.13/tutorial/modules.html,43,40,43,135,57
/zh-cn/3.13/installing/index.html,41,38,53,25,74
/zh-cn/3/using/index.html,41,39,73,19,75
/zh-cn/3/using/windows.html,41,39,79,40,36
/zh-cn/3.13/tutorial/inputoutput.html,40,47,35,132,57
/zh-cn/3/tutorial/appetite.html,40,36,56,38,88
/zh-cn/3/installing/index.html,39,33,92,49,62
/zh-cn/3.13/tutorial/,38,45,60,59,53
/zh-cn/3.14/whatsnew/3.14.html,38,34,91,92,28
/zh-cn/3.13/using/cmdline.html,36,35,85,54,43
/zh-cn/3/tutorial/datastructures.html,36,33,60,178,60
/zh-cn/3.13/library/idle.html,35,40,89,18,26
/zh-cn/3.13/library/turtle.html,35,65,60,257,53
/zh-cn/3.13/tutorial/errors.html,33,34,53,117,44
/zh-cn/3/tutorial/,33,37,55,11,56
/zh-cn/3.12/,30,27,50,13,73
/zh-cn/3/glossary.html,30,25,62,24,43
/zh-cn/3/library/,30,33,92,22,54
/zh-cn/3/py-modindex.html,30,30,57,11,33
/zh-cn/3.13/reference/compound_stmts.html,29,30,78,80,34
/zh-cn/3.15/,29,33,33,11,80
/zh-cn/3.13/library/math.html,28,31,40,36,28
/zh-cn/3/reference/compound_stmts.html,28,29,60,67,36
/zh-cn/3.13/py-modindex.html,27,25,0,47,47
/zh-cn/3/whatsnew/3.13.html,27,25,25,97,19
/zh-cn/3.13/library/venv.html,26,26,95,52,40
/zh-cn/3/library/tkinter.html,25,24,77,108,60
/zh-cn/3.13/howto/index.html,23,31,80,15,88
/zh-cn/3/whatsnew/index.html,23,20,73,11,27
/zh-cn/3.13/library/tkinter.html,22,21,80,55,54
/zh-cn/3.13/reference/expressions.html,22,19,75,234,72
/zh-cn/3.14/,22,28,62,8,75
/zh-cn/3/reference/datamodel.html,22,16,67,87,30
/zh-cn/3.13/genindex.html,21,25,0,83,94
/zh-cn/3.13/reference/datamodel.html,21,22,67,42,40
/zh-cn/3.13/library/intro.html,20,16,67,20,74
/zh-cn/3.13/library/pathlib.html,20,21,40,10161,54
/zh-cn/3.13/using/ios.html,20,16,85,33,60
/zh-cn/3/tutorial/inputoutput.html,20,16,100,74,55
/zh-cn/3.12/tutorial/index.html,19,28,57,20,58
/zh-cn/3.13/c-api/index.html,19,20,100,14,72
/zh-cn/3/library/random.html,19,19,93,71,49
/zh-cn/3/reference/lexical_analysis.html,19,22,0,209,66
/zh-cn/3.12/library/index.html,18,17,50,66,32
/zh-cn/3.13/library/os.path.html,18,15,100,69,64
/zh-cn/3.13/library/re.html,18,14,100,89,48
/zh-cn/3/reference/introduction.html,18,18,50,93,84
/zh-cn/3.12/reference/index.html,16,14,0,59,77
/zh-cn/3.13/library/decimal.html,16,16,33,69,33
/zh-cn/3.13/reference/lexical_analysis.html,16,10,50,57,71
/zh-cn/3.13/tutorial/stdlib.html,16,19,67,30,53
/zh-cn/3.13/using/mac.html,16,15,50,43,73
/zh-cn/3.15/whatsnew/3.15.html,16,15,50,50,30
/zh-cn/3/library/tk.html,16,13,62,11,54
/zh-cn/3/tutorial/modules.html,16,13,67,344,62
/zh-cn/3.12/library/stdtypes.html,15,19,50,48,42
/zh-cn/3.12/search.html,15,19,33,36,23
/zh-cn/3.12/using/mac.html,15,17,55,39,55
/zh-cn/3.13/extending/index.html,15,12,100,22,70
/zh-cn/3.13/library/string.html,15,15,40,157,51
/zh-cn/3.13/library/threading.html,15,14,100,151,40
/zh-cn/3/tutorial/classes.html,15,13,100,102,28
