name,version,visitors
Windows,10,96359
Mac,10.15,37210
GNU/Linux,(not set),14117
Android,10,9042
iOS,18.5,3761
Ubuntu,(not set),3476
Android,15,868
iOS,18.6,690
Chrome OS,14541.0,644
Android,14,502
Android,13,497
Android,12,496
Android,11,281
Windows,7,216
iOS,18.3,209
iOS,17.6,125
iOS,16.7,121
iOS,19.0,116
iOS,18.1,103
iOS,15.8,95
iOS,18.4,95
Android,9,76
HarmonyOS,(not set),73
Android,8.1,71
iOS,17.5,67
iOS,18.0,67
HarmonyOS,3.0,64
Android,16,48
iOS,18.2,47
iOS,17.1,45
iOS,16.6,40
iOS,17.3,39
iOS,17.7,36
HarmonyOS,2.2,35
iOS,26.0,35
iOS,16.1,33
Windows,8.1,33
(not set),(not set),27
iOS,17.0,25
iOS,17.2,25
Android,6.0,23
Mac,10.13,22
iOS,16.3,22
iOS,17.4,21
iOS,14.0,20
iOS,16.0,19
iOS,16.2,18
Chrome OS,14816.131,16
Fire OS,7,13
Android,7.1,13
Windows,Server 2003,13
Mac,10.14,12
iPadOS,17.7,12
iOS,15.6,11
iOS,15.7,11
Android,7.0,11
iOS,11.0,9
Mac,(not set),8
Windows,(not set),8
iOS,15.3,8
iOS,16.4,8
Android,5.1,8
Android,(not set),7
iOS,12.5,7
iOS,15.1,7
iOS,15.4,7
iPadOS,16.2,7
Android,5.0,7
Mac,10.12,6
iOS,16.5,6
iPadOS,17.6,6
Fire OS,8,6
Windows Mobile,10,5
Mac,13.3,5
iOS,4.3,5
Windows,8,5
Android,8.0,5
iOS,14.6,4
Chrome OS,14092.77,4
iPadOS,15.8,4
iPadOS,17.5,4
Fedora,(not set),3
iOS,10.3,3
Mac,10.7,3
Chrome OS,13597.84,3
Mac,14.4,3
iOS,15.5,3
Tizen,8.0,3
UOS,(not set),2
Firefox OS,(not set),2
Mac,10.10,2
Android TV,11,2
iOS,12.1,2
iOS,14.4,2
iOS,15.2,2
iPadOS,15.6,2
iPadOS,16.6,2
iPadOS,16.7,2
Android,4.4,2
Fire OS,5,2
Tizen,6.0,2
FreeBSD,(not set),1
NetBSD,(not set),1
iOS,(not set),1
Haiku OS,(not set),1
Mac,10.11,1
Mac,10.16,1
Mac,10.9,1
Mac,12.7,1
Chrome OS,12239.92,1
Chrome OS,12871.76,1
iOS,13.2,1
iOS,13.3,1
iOS,13.6,1
iOS,14.2,1
iPadOS,15.5,1
iPadOS,15.7,1
iPadOS,16.1,1
iPadOS,16.3,1
iPadOS,17.4,1
Android TV,7.0,1
Chrome OS,8172.62,1
iOS,9.2,1
Windows,XP,1
