name,unique_exits,total_exits,exit_rate
/pl/3/tutorial/index.html,21,21,
/pl/3.13/tutorial/index.html,8,9,
/pl/3/,7,7,
/pl/3/tutorial/appetite.html,7,7,
/pl/3/installing/index.html,6,6,
/pl/3/tutorial/datastructures.html,6,6,
/pl/3.13/tutorial/datastructures.html,5,5,
/pl/3/library/array.html,5,6,
/pl/3/tutorial/venv.html,5,5,
/3/,4,4,
/pl/dev/tutorial/classes.html,4,4,
/3/tutorial/errors.html,3,3,
/pl/3.13/tutorial/interpreter.html,3,3,
/3.13/reference/index.html,2,2,
/3/library/stdtypes.html,2,2,
/3/library/venv.html,2,2,
/pl/3.13/,2,2,
/pl/3.13/library/index.html,2,2,
/pl/3.13/tutorial/,2,2,
/pl/3.13/tutorial/introduction.html,2,2,
/pl/3/index.html,2,2,
/pl/3/reference/index.html,2,2,
/pl/3/tutorial/classes.html,2,2,
/pl/3/tutorial/controlflow.html,2,3,
/pl/3/tutorial/errors.html,2,2,
/pl/3/tutorial/inputoutput.html,2,2,
/pl/3/tutorial/interpreter.html,2,2,
/pl/3/tutorial/introduction.html,2,2,
/zh-tw/3.13/glossary.html,2,2,
/3.12/whatsnew/3.12.html,1,1,
/3.13/,1,1,
/3.13/glossary.html,1,1,
/3.13/library/array.html,1,1,
/3.13/library/idle.html,1,1,
/3.13/tutorial/appendix.html,1,1,
/3.13/tutorial/index.html,1,1,
/3.13/using/windows.html,1,1,
/3.13/whatsnew/3.13.html,1,1,
/3/library/,1,1,
/3/library/asyncio.html,1,1,
/3/library/time.html,1,1,
/3/search.html,1,1,
/3/tutorial/index.html,1,1,
/fr/3.15/tutorial/interpreter.html,1,1,
/ko/3.13/library/multiprocessing.html,1,1,
/pl/3.12/,1,1,
/pl/3.12/installing/index.html,1,1,
/pl/3.12/reference/simple_stmts.html,1,2,
/pl/3.13/contents.html,1,1,
/pl/3.13/index.html,1,1,
/pl/3.13/installing/index.html,1,1,
/pl/3.13/library/asyncio.html,1,1,
/pl/3.13/library/functions.html,1,1,
/pl/3.13/library/socket.html,1,1,
/pl/3.13/library/threading.html,1,1,
/pl/3.13/library/xml.dom.minidom.html,1,1,
/pl/3.13/py-modindex.html,1,1,
/pl/3.13/reference/compound_stmts.html,1,1,
/pl/3.13/search.html,1,1,
/pl/3.13/tutorial/controlflow.html,1,1,
/pl/3.13/tutorial/inputoutput.html,1,1,
/pl/3.13/tutorial/modules.html,1,1,
/pl/3/about.html,1,1,
/pl/3/extending/extending.html,1,1,
/pl/3/genindex-G.html,1,1,
/pl/3/glossary.html,1,1,
/pl/3/library/abc.html,1,2,
/pl/3/library/string.html,1,1,
/pl/3/library/sys.html,1,1,
/pl/3/search.html,1,1,
/pl/3/tutorial/,1,1,
/pl/3/tutorial/stdlib.html,1,1,
/pl/3/using/cmdline.html,1,1,
/pl/3/whatsnew/3.13.html,1,1,
/pl/dev/tutorial/inputoutput.html,1,1,
/pl/dev/tutorial/introduction.html,1,1,
/pt-br/3.13/library/struct.html,1,1,
/pt-br/3.13/tutorial/inputoutput.html,1,1,
/tr/3.13/tutorial/index.html,1,1,
/zh-cn/3.13/reference/expressions.html,1,1,
/zh-cn/3.13/tutorial/,1,1,
