property,value,visitors,events,percentage
url,(none),209,309,99.1
url,https://bootstrap.pypa.io/get-pip.py,3,4,1.4
url,https://pip.pypa.io/en/latest/,2,2,0.9
url,https://pypi.org/classifiers,2,2,0.9
url,https://github.com/pypa/packaging.python.org/blob/main/source/tutorials/installing-packages.rst?plain=true,1,1,0.5
url,https://opentechschool.github.io/python-beginners/en/getting_started.html#what-is-python-exactly,1,1,0.5
url,https://setuptools.readthedocs.io/en/latest/,1,1,0.5
url,https://test.pypi.org/,1,1,0.5
url,https://www.python.org/,1,1,0.5
