name,visitors,bounce_rate,visit_duration
Direct / None,1336,74,149
Google,955,75,157
es.python.org,102,58,143
Bing,62,71,42
Brave,48,81,157
python.org,48,0,277
chatgpt.com,27,85,88
DuckDuckGo,20,92,29
evirtual.utm.edu.ec,12,73,89
auladigital.sence.cl,10,80,3
translations.python.org,10,20,365
ecursos.claseejecutiva.cl,8,38,62
GitHub,7,75,9
Yahoo!,7,67,76
campus142.unad.edu.co,6,100,0
Baidu,5,100,0
app.aluracursos.com,5,100,0
indoamerica.instructure.com,5,33,788
Youtube,4,60,296
Ecosia,3,67,4
wiki.python.org,3,0,60
Perplexity,2,100,0
campus110.unad.edu.co,2,50,138
freecodecamp.org,2,100,0
hablemospython.dev,2,50,22
institutorossello.moodlehub.com,2,100,0
plataforma.josedomingo.org,2,0,1026
react-app-python-runner.vercel.app,2,50,114
skilio.com,2,50,24
app.thepower.education,1,100,0
aulasonline.unab.cl,1,100,0
aulavirtual2.unap.edu.pe,1,100,0
boot.dev,1,0,894
campus.ebiseducation.com,1,100,0
campus.undec.edu.ar,1,100,0
campusvirtual.uniovi.es,1,100,0
claude.ai,1,0,369
cms.unir.net,1,0,381
copilot.com,1,0,21
copilot.microsoft.com,1,100,0
developer.mozilla.org,1,0,771
docs-python-org.translate.goog,1,0,475
edube.org,1,0,13
farabolaza.github.io,1,100,0
formacionpermanente.cursosvirtuales.uned.es,1,100,0
ibmcsr.udemy.com,1,100,0
kkb-production.jupyter-proxy.kaggle.net,1,100,0
learn.microsoft.com,1,0,12
leer.amazon.com.mx,1,100,0
mclibre.org,1,0,346
media.spainbs.com,1,100,0
modulo-python-intermedio.istae.edu.ec,1,100,0
moodle.riwi.io,1,100,0
moodle.uco.es,1,100,0
realpython.com,1,0,0
semipresencial.industriavirtual.cl,1,0,387
udemy.com,1,0,2525
uns.edu.pe,1,100,0
usc-onenote.officeapps.live.com,1,0,1764
v3.coderhouse.com,1,100,0
zalo,1,0,40
