name,visitors
Tokyo,119
California,104
England,101
New York,91
Guangdong,60
Virginia,46
Beijing,45
Texas,45
Hesse,44
Shanghai,40
North Rhine-Westphalia,37
Ontario,34
Île-de-France,32
Maharashtra,32
Moscow,32
Tamil Nadu,31
São Paulo,30
Maryland,29
Zhejiang,28
Illinois,28
Taipei,27
Karnataka,26
Quebec,25
Mazovia,24
Florida,24
Bavaria,23
Jiangsu,22
Saint Petersburg,22
Osaka,21
North Holland,21
Ohio,21
Oregon,21
North Carolina,20
New South Wales,19
Leinster,19
Georgia,18
Massachusetts,18
Hanoi,18
Sichuan,17
Shandong,17
Delhi,17
Lombardy,17
Seoul,17
Zürich,16
Stockholm,16
Henan,15
Gyeonggi,15
Lisbon,15
Colorado,15
Rio de Janeiro,14
Antioquia,14
Telangāna,14
Washington,14
Thái Bình,14
Ho Chi Minh City,14
Berlin,13
Baden-Württemberg,13
Madrid Autonomous Community,13
Ciudad de Mexico,13
New Jersey,13
Hubei,12
Capital District,12
Budapest,12
Punjab,12
Kyiv,12
Pennsylvania,12
Flanders,11
Arizona,11
Shaanxi,10
Provence-Alpes-Côte-d'Azur,10
Tel Aviv,10
Uttar Pradesh,10
South Holland,10
Tashkent,10
Hebei,9
Prague,9
Uusimaa,9
Auvergne-Rhône-Alpes,9
Occitanie,9
Kowloon City Kowloon,9
Kanagawa,9
Lima,9
New Taipei,9
Michigan,9
Minnesota,9
Queensland,8
Victoria,8
Anhui,8
Hunan,8
Yunnan,8
Saxony,8
Galicia,8
Gujarat,8
Indiana,8
Alberta,7
British Columbia,7
Santiago Metropolitan,7
Liaoning,7
Capital Region,7
Cairo,7
Catalonia,7
Aichi,7
Oslo,7
Chelyabinsk,7
Sverdlovsk,7
Tyumen,7
Bangkok,7
Western Australia,6
Minsk,6
Schleswig-Holstein,6
Jakarta,6
Madhya Pradesh,6
Punjab,6
Tamaulipas,6
Panamá,6
Cluj,6
Krasnodar Krai,6
Skåne,6
Taoyuan,6
Lvivshchyna,6
Kansas,6
Wisconsin,6
Gauteng,6
Buenos Aires Province,5
Brussels,5
Minas Gerais,5
Valle del Cauca,5
Andhra Pradesh,5
Haryana,5
West Bengal,5
Emilia-Romagna,5
Lazio,5
Amman,5
Chiba,5
Lagos,5
Arequipa,5
Beograd,5
Dagestan,5
Moscow Province,5
Samara,5
Istanbul,5
Hsinchu County,5
Taichung,5
Louisiana,5
Missouri,5
Nevada,5
Utah,5
Vienna,4
Dhaka Division,4
Fujian,4
Guangxi,4
Guizhou,4
Jiangxi,4
Bremen,4
Hamburg,4
Giza,4
Andalusia,4
Kwai Tsing New Territories,4
Zagreb,4
Central Java,4
Veneto,4
Saitama,4
Hyogo,4
Mexico State,4
Managua,4
Metro Manila,4
Kuyavia-Pomerania,4
Lesser Poland,4
Bucharest,4
Västra Götaland,4
Dnipropetrovshchyna,4
Alabama,4
Idaho,4
Da Nang,4
Upper Austria,3
Pará,3
Paraná,3
Kinshasa,3
Aargau,3
Abidjan,3
Shanxi,3
Cauca,3
Lower Saxony,3
Santo Domingo,3
Dakahlia,3
Castile and León,3
Addis Ababa,3
Pays-de-la-Loire,3
Scotland,3
Attica,3
Guatemala,3
Tsuen Wan New Territories,3
East Java,3
Central,3
Chhattīsgarh,3
Rajasthan,3
Hormozgan,3
Marche,3
Shizuoka,3
Nairobi County,3
Bishkek,3
Daegu,3
Incheon,3
Astana,3
Almaty City,3
Western,3
Nuevo León,3
Selangor,3
North Brabant,3
Utrecht,3
Trøndelag,3
Pomerania,3
Warmia-Masuria,3
Nizhny Novgorod,3
Novosibirsk,3
Stavropol Krai,3
Vladimir,3
Eastern,3
Ankara,3
Hsinchu,3
Kaohsiung,3
Kyivshchyna,3
Central,3
New Hampshire,3
Oklahoma,3
South Carolina,3
Tennessee,3
Western Cape,3
Sharjah,2
Yerevan,2
Buenos Aires,2
Entre Ríos,2
Catamarca,2
Misiones,2
Styria,2
Australian Capital Territory,2
Varna,2
Sofia,2
Amazonas,2
Federal District,2
Piauí,2
Rio Grande do Sul,2
Santa Catarina,2
Nova Scotia,2
Bern,2
Graubünden,2
Solothurn,2
Ticino,2
Vaud,2
Valais,2
Araucanía,2
Maule,2
Jilin,2
Tianjin,2
Caldas,2
Cundinamarca,2
Santander,2
South Bohemia,2
Olomouc,2
Moravia-Silesia,2
Thuringia,2
Central Denmark,2
Southern Denmark,2
Harjumaa,2
Aragon,2
Canary Islands,2
Basque Country,2
Lapland,2
Northern Savonia,2
Southwest Finland,2
Brittany,2
Normandie,2
Northern Ireland,2
Wales,2
Primorje-Gorski Kotar,2
Osijek-Baranja,2
Fejér,2
Pest,2
West Java,2
Arunachal Pradesh,2
Jharkhand,2
Kerala,2
Uttarākhand,2
Baghdad,2
Capital,2
Tuscany,2
Campania,2
Calabria,2
Sardinia,2
Hokkaido,2
Kyoto,2
Ehime,2
Fukuoka,2
Vilnius County,2
Riga,2
Podgorica,2
Msida,2
Hidalgo,2
Jalisco,2
Kuala Lumpur,2
