name,unique_entrances,total_entrances,visit_duration
/ja/3/library/codecs.html,584,597,47
/ja/3/tutorial/,277,288,234
/ja/3.13/library/datetime.html,176,183,97
/ja/3/,150,157,268
/ja/3.13/library/re.html,136,143,107
/ja/3/library/functions.html,119,126,162
/ja/3.13/library/functions.html,116,121,170
/ja/3.13/library/typing.html,115,119,101
/ja/3.13/library/subprocess.html,109,115,136
/ja/3/library/stdtypes.html,97,101,115
/ja/3.13/library/index.html,91,95,217
/ja/3.13/library/logging.html,90,92,233
/ja/3.13/library/json.html,89,90,134
/ja/3.13/library/venv.html,82,85,31
/ja/3.13/tutorial/errors.html,77,79,115
/ja/3.13/using/windows.html,74,77,43
/ja/3/tutorial/datastructures.html,74,81,195
/ja/3.13/library/stdtypes.html,71,75,146
/ja/3/library/datetime.html,71,71,76
/ja/3.13/library/argparse.html,68,72,114
/ja/3.13/library/pathlib.html,68,73,115
/ja/3.13/tutorial/classes.html,65,69,138
/ja/3.13/library/exceptions.html,63,65,77
/ja/3.13/library/os.path.html,62,65,199
/ja/3/tutorial/index.html,62,73,160
/ja/3.13/library/csv.html,61,63,70
/ja/3/library/index.html,61,65,153
/ja/3.13/library/os.html,56,59,107
/ja/3.13/library/random.html,54,54,27
/ja/3.13/library/concurrent.futures.html,52,53,96
/ja/3/c-api/import.html,52,52,1
/ja/3.13/library/enum.html,51,53,174
/ja/3/library/venv.html,48,50,73
/ja/3/tutorial/controlflow.html,46,46,256
/ja/3.13/library/itertools.html,45,47,149
/ja/3.13/library/struct.html,45,46,297
/ja/dev/tutorial/errors.html,45,47,39
/3/,43,45,416
/ja/3.13/library/socket.html,43,47,140
/ja/3.13/library/threading.html,43,45,161
/ja/3.13/library/urllib.parse.html,43,44,110
/ja/3.13/library/glob.html,42,43,98
/ja/3.13/library/io.html,42,44,176
/ja/3.13/library/time.html,42,43,12
/ja/3.13/tutorial/inputoutput.html,42,43,158
/ja/3/library/xml.etree.elementtree.html,42,44,141
/ja/3.13/howto/logging.html,41,42,311
/ja/3/tutorial/introduction.html,41,44,308
/ja/3/using/cmdline.html,40,43,182
/ja/3.13/library/multiprocessing.html,39,41,326
/ja/3.13/library/sqlite3.html,36,37,96
/ja/3.13/library/math.html,35,35,3
/ja/3.13/library/tkinter.html,34,35,14
/ja/3.13/library/configparser.html,33,33,235
/ja/3.13/library/tempfile.html,33,33,249
/ja/3.13/library/unittest.mock.html,32,35,0
/ja/3.13/library/ctypes.html,31,34,159
/ja/3/library/re.html,31,33,68
/ja/3.13/library/decimal.html,30,31,8
/ja/3.13/library/shutil.html,30,32,84
/ja/3.13/library/unittest.html,30,34,253
/ja/3/library/tkinter.html,29,30,2
/ja/3.13/tutorial/interpreter.html,28,31,194
/ja/3/library/random.html,28,28,39
/ja/3.13/library/dataclasses.html,27,27,100
/ja/3.13/library/logging.handlers.html,27,30,146
/ja/3.13/library/pprint.html,27,27,17
/ja/3.13/whatsnew/index.html,26,26,21
/ja/3/library/multiprocessing.html,26,27,276
/ja/3.13/library/importlib.html,25,27,96
/ja/3.13/library/zipfile.html,25,27,58
/ja/3.13/howto/sorting.html,24,26,175
/ja/3.13/library/__main__.html,24,24,29
/ja/3.13/library/queue.html,24,24,104
/ja/3.13/library/string.html,24,24,46
/ja/3/reference/compound_stmts.html,24,26,82
/ja/3.13/library/traceback.html,22,24,166
/ja/3.13/reference/index.html,22,22,182
/ja/3.13/tutorial/index.html,22,26,297
/ja/3.13/tutorial/modules.html,22,22,211
/ja/3/library/exceptions.html,22,22,25
/ja/3.13/installing/index.html,21,23,125
/ja/3.13/library/asyncio-task.html,21,21,186
/ja/3.13/library/collections.html,21,22,265
/ja/3.13/library/idle.html,21,21,20
/ja/3.13/library/urllib.request.html,21,21,214
/ja/3/using/windows.html,21,22,25
/ja/3.13/library/asyncio.html,20,21,205
/ja/3.13/library/inspect.html,20,22,89
/ja/3.13/library/operator.html,20,20,70
/ja/3.13/library/tkinter.ttk.html,20,20,43
/ja/3.13/library/warnings.html,20,20,373
/ja/3/library/pathlib.html,20,21,203
/ja/3/reference/index.html,20,21,195
/ja/3.13/library/pickle.html,19,19,3
/ja/3/tutorial/interpreter.html,19,19,9
/ja/3.13/library/abc.html,18,19,262
/ja/3.13/reference/datamodel.html,18,18,353
/ja/3/index.html,18,20,90
/ja/3.13/library/functools.html,17,19,57
/ja/3.13/search.html,16,20,326
/ja/3/library/logging.html,16,16,274
/ja/3/library/os.html,16,16,214
/ja/3/library/subprocess.html,16,18,150
/ja/3.13/,15,17,302
/ja/3.13/library/asyncio-sync.html,15,18,200
/ja/3.13/library/base64.html,15,15,1
/ja/3.13/library/sys.html,15,15,201
/ja/3.13/tutorial/floatingpoint.html,15,15,31
/ja/3/library/http.client.html,15,15,428
/ja/3/library/secrets.html,15,15,1
/ja/3/reference/datamodel.html,15,18,153
/ja/3/tutorial/inputoutput.html,15,17,330
/ja/3.13/library/ipaddress.html,14,14,130
/ja/3.13/reference/expressions.html,14,14,57
/ja/3/howto/logging.html,14,14,228
/ja/3/library/csv.html,14,15,51
/ja/3/tutorial/classes.html,14,15,609
/ja/3/tutorial/errors.html,14,17,88
/ja/3.13/library/difflib.html,13,13,8
/ja/3.13/library/http.server.html,13,13,155
/ja/3.13/library/pdb.html,13,13,471
/ja/3.13/library/uuid.html,13,13,66
/ja/3/howto/logging-cookbook.html,13,14,539
/ja/3/library/string.html,13,13,179
/ja/3/search.html,13,15,463
/ja/3/tutorial/modules.html,13,13,123
/ja/3.13/library/smtplib.html,12,12,21
/ja/3/library/os.path.html,12,13,7
/ja/3/library/shutil.html,12,12,115
/ja/3/library/typing.html,12,12,64
/ja/3.13/howto/unicode.html,11,11,5
/ja/3.13/library/array.html,11,12,131
/ja/3.13/library/ast.html,11,12,479
/ja/3.13/library/asyncio-eventloop.html,11,11,83
/ja/3.13/library/ftplib.html,11,13,155
/ja/3.13/library/tarfile.html,11,13,283
/ja/3/contents.html,11,12,244
/ja/3/library/concurrent.futures.html,11,11,60
/ja/3/library/math.html,11,11,285
/ja/3/library/socket.html,11,11,13
/ja/3/tutorial/appetite.html,11,11,391
/ja/dev/library/tomllib.html,11,11,207
/ja/3.13/library/getpass.html,10,10,7
/ja/3.13/library/hashlib.html,10,10,306
/ja/3.13/library/ssl.html,10,10,71
/ja/3.13/library/urllib.html,10,10,324
/ja/3/glossary.html,10,10,7
/ja/3/library/,10,10,126
/ja/3/library/argparse.html,10,10,269
/ja/3/library/itertools.html,10,10,358
/ja/3/library/json.html,10,10,274
/ja/3/library/turtle.html,10,10,0
/3.14/whatsnew/3.14.html,9,9,687
/3/library/datetime.html,9,10,235
/ja/3.13/howto/sockets.html,9,9,3
/ja/3.13/library/turtle.html,9,9,341
/ja/3.13/tutorial/introduction.html,9,13,114
/ja/3/library/configparser.html,9,10,259
/ja/3/library/functools.html,9,9,226
/ja/3/library/html.parser.html,9,9,23
/ja/3/tutorial/venv.html,9,9,661
/3/library/subprocess.html,8,8,349
/ja/3.13/howto/regex.html,8,8,190
/ja/3.13/library/bisect.html,8,8,0
/ja/3.13/library/contextlib.html,8,8,120
/ja/3.13/library/gzip.html,8,8,608
/ja/3.13/library/signal.html,8,8,73
/ja/3.13/tutorial/controlflow.html,8,9,123
/ja/3/c-api/dict.html,8,8,290
/ja/3/howto/argparse.html,8,8,2
/ja/3/library/ctypes.html,8,8,1
/ja/3/library/logging.handlers.html,8,8,0
/ja/3/library/sqlite3.html,8,11,91
/ja/3/reference/lexical_analysis.html,8,8,53
/3/tutorial/index.html,7,8,157
/ja/3.12/index.html,7,7,12
/ja/3.13/howto/descriptor.html,7,7,439
/ja/3.13/howto/enum.html,7,8,33
/ja/3.13/library/binascii.html,7,7,40
/ja/3.13/library/dialog.html,7,7,63
/ja/3.13/library/heapq.html,7,7,36
/ja/3.13/library/http.html,7,7,148
/ja/3.13/library/logging.config.html,7,7,828
/ja/3.13/library/platform.html,7,8,334
/ja/3.13/library/profile.html,7,10,0
/ja/3.13/library/trace.html,7,7,26
/ja/3.13/library/types.html,7,7,456
/ja/3.13/library/unittest.mock-examples.html,7,7,168
/ja/3.13/library/wave.html,7,9,287
/ja/3.13/library/webbrowser.html,7,9,287
/ja/3.13/reference/import.html,7,7,26
/ja/3.13/reference/lexical_analysis.html,7,7,12
/ja/3/extending/extending.html,7,7,0
/ja/3/library/array.html,7,7,319
/ja/3/library/dataclasses.html,7,7,74
/ja/3/library/unittest.html,7,8,357
/3/library/argparse.html,6,6,344
/ja/3.12/library/codecs.html,6,6,66
/ja/3.12/library/index.html,6,6,176
/ja/3.12/library/typing.html,6,6,434
/ja/3.12/using/windows.html,6,6,0
/ja/3.13/faq/general.html,6,6,6
/ja/3.13/glossary.html,6,6,98
/ja/3.13/index.html,6,6,1202
/ja/3.13/library/codecs.html,6,6,742
/ja/3.13/library/collections.abc.html,6,6,3
/ja/3.13/library/filecmp.html,6,7,0
/ja/3.13/library/select.html,6,8,300
/ja/3.13/library/statistics.html,6,6,0
/ja/3.13/library/zlib.html,6,6,0
/ja/3/howto/regex.html,6,6,0
/ja/3/library/copy.html,6,6,0
/ja/3/library/decimal.html,6,7,0
/ja/3/library/logging.config.html,6,6,414
/ja/3/library/pdb.html,6,6,60
/ja/3/library/sys.html,6,6,18
/ja/3/library/urllib.request.html,6,6,84
/ja/3/library/zoneinfo.html,6,6,0
/ja/3/whatsnew/3.13.html,6,6,617
/ja/dev/library/pydoc.html,6,6,12
/3/library/functions.html,5,5,940
/3/library/idle.html,5,5,492
/3/library/stdtypes.html,5,5,636
/3/whatsnew/3.13.html,5,5,838
/ja/3.13/c-api/init.html,5,5,118
/ja/3.13/howto/curses.html,5,6,527
/ja/3.13/howto/urllib2.html,5,5,268
/ja/3.13/library/ensurepip.html,5,5,232
/ja/3.13/library/gc.html,5,6,318
/ja/3.13/library/hmac.html,5,5,0
/ja/3.13/library/sched.html,5,5,0
/ja/3.13/library/stat.html,5,5,246
/ja/3.13/library/winreg.html,5,6,106
/ja/3.13/library/winsound.html,5,6,210
/ja/3.13/using/configure.html,5,5,2
/ja/3/extending/embedding.html,5,5,329
/ja/3/faq/programming.html,5,5,0
/ja/3/howto/unicode.html,5,6,0
/ja/3/library/asyncio.html,5,5,226
/ja/3/library/email.examples.html,5,5,159
/ja/3/library/importlib.metadata.html,5,5,0
/ja/3/library/inspect.html,5,5,276
/ja/3/library/struct.html,5,5,703
/ja/3/library/tempfile.html,5,5,91
/ja/3/library/threading.html,5,5,0
/ja/3/library/time.html,5,5,222
/ja/3/library/zipfile.html,5,5,116
/ja/3/reference/expressions.html,5,5,354
/ja/3/reference/import.html,5,5,64
/ja/3/reference/simple_stmts.html,5,5,28
/ja/dev/library/hashlib.html,5,5,68
/ja/dev/whatsnew/index.html,5,5,94
/3.13/tutorial/index.html,4,4,376
/3.13/using/windows.html,4,4,38
/3/library/asyncio-task.html,4,4,1042
/3/library/exceptions.html,4,4,88
/3/library/logging.html,4,4,937
/3/library/typing.html,4,4,778
/3/library/unittest.mock.html,4,4,127
/ja/3.12/library/functions.html,4,4,2
/ja/3.12/library/os.html,4,5,34
/ja/3.12/library/re.html,4,5,357
/ja/3.12/tutorial/datastructures.html,4,7,389
/ja/3.13/c-api/index.html,4,4,21
/ja/3.13/c-api/memory.html,4,4,0
/ja/3.13/c-api/set.html,4,4,270
/ja/3.13/howto/argparse.html,4,4,0
/ja/3.13/library/builtins.html,4,4,100
/ja/3.13/library/calendar.html,4,4,505
/ja/3.13/library/contextvars.html,4,4,94
/ja/3.13/library/copy.html,4,4,0
/ja/3.13/library/email.header.html,4,4,393
/ja/3.13/library/errno.html,4,4,368
/ja/3.13/library/fcntl.html,4,4,752
/ja/3.13/library/fnmatch.html,4,4,0
/ja/3.13/library/http.cookiejar.html,4,4,40
/ja/3.13/library/locale.html,4,6,40
/ja/3.13/library/marshal.html,4,4,2
/ja/3.13/library/numbers.html,4,4,261
/ja/3.13/library/socketserver.html,4,4,0
/ja/3.13/library/tkinter.font.html,4,4,0
/ja/3.13/library/unicodedata.html,4,4,250
/ja/3.13/library/urllib.error.html,4,4,0
/ja/3.13/reference/simple_stmts.html,4,4,357
/ja/3.13/tutorial/appetite.html,4,5,1
/ja/3/library/asyncio-dev.html,4,4,0
/ja/3/library/calendar.html,4,4,0
/ja/3/library/tk.html,4,4,32
/ja/3/library/tkinter.scrolledtext.html,4,4,4
/ja/3/library/unittest.mock.html,4,5,156
/ja/3/library/warnings.html,4,4,5
/ja/dev/library/subprocess.html,4,4,0
/3.12/tutorial/index.html,3,3,1080
/3/library/sqlite3.html,3,3,665
/3/library/venv.html,3,3,825
/3/license.html,3,3,712
/3/tutorial/datastructures.html,3,3,441
/ja/3.12/library/datetime.html,3,3,964
/ja/3.12/library/os.path.html,3,4,3
