name,unique_exits,total_exits,exit_rate
/pt-br/latest/tutorials/installing-packages/,18,18,
/pt-br/latest/guides/installing-using-pip-and-virtual-environments/,11,11,
/en/latest/tutorials/installing-packages/,6,6,
/en/latest/tutorials/packaging-projects/,5,5,
/pt-br/latest/guides/writing-pyproject-toml/,5,5,
/pt-br/latest/specifications/pyproject-toml/,4,4,
/pt-br/latest/tutorials/managing-dependencies/,4,4,
/pt-br/latest/tutorials/packaging-projects/,4,4,
/pt-br/latest/guides/distributing-packages-using-setuptools/,3,3,
/en/latest/,1,1,
/en/latest/discussions/setup-py-deprecated/,1,1,
/en/latest/guides/licensing-examples-and-user-scenarios/,1,1,
/en/latest/guides/tool-recommendations/,1,1,
/en/latest/specifications/license-expression/,1,1,
/pt-br/latest/discussions/distribution-package-vs-import-package/,1,1,
/pt-br/latest/discussions/setup-py-deprecated/,1,1,
/pt-br/latest/guides/dropping-older-python-versions/,1,1,
/pt-br/latest/guides/hosting-your-own-index/,1,1,
/pt-br/latest/guides/making-a-pypi-friendly-readme/,1,1,
/pt-br/latest/key_projects/,1,1,
/pt-br/latest/specifications/,1,1,
/pt-br/latest/specifications/core-metadata/,1,1,
/pt-br/latest/specifications/dependency-specifiers/,1,1,
/pt-br/latest/specifications/name-normalization/,1,1,
/pt-br/latest/specifications/section-distribution-metadata/,1,1,
