name,version,visitors
Windows,10,15875
Mac,10.15,4319
GNU/Linux,(not set),1405
Android,10,809
iOS,18.5,552
Ubuntu,(not set),288
Windows,7,75
Android,15,56
Chrome OS,14541.0,52
iOS,18.6,47
Android,13,28
Android,14,25
iOS,17.6,19
Android,12,16
iOS,18.3,15
iOS,18.4,15
iOS,19.0,15
Android,11,14
iOS,18.1,14
Android,16,9
iOS,16.7,9
Windows,8.1,9
iOS,15.8,6
iOS,26.0,6
Android,6.0,6
HarmonyOS,(not set),5
iOS,17.5,5
iOS,18.0,5
iOS,18.2,5
Android,8.1,5
iOS,10.3,4
Mac,13.3,4
HarmonyOS,3.0,4
Android,9,4
Mac,10.13,3
Mac,11.0,3
Chrome OS,14816.131,3
iOS,16.6,3
Fire OS,7,3
Android,7.0,3
iPadOS,15.8,2
iOS,17.3,2
iPadOS,17.7,2
Android,5.1,2
Android,8.0,2
Windows,Server 2003,2
(not set),(not set),1
Fedora,(not set),1
Windows,(not set),1
RedOS,(not set),1
Windows Mobile,10,1
Mac,10.11,1
Mac,10.12,1
Mac,10.14,1
Mac,10.9,1
Mac,15.3,1
iOS,16.0,1
iOS,16.1,1
iOS,16.3,1
iPadOS,16.7,1
iOS,17.1,1
iOS,17.2,1
iOS,17.4,1
iOS,17.7,1
HarmonyOS,2.2,1
