name,unique_entrances,total_entrances,visit_duration
/fr/3/tutorial/,190,196,166
/fr/3.13/tutorial/index.html,108,112,200
/fr/3/library/json.html,71,73,64
/fr/3/library/csv.html,68,70,107
/fr/dev/installing/index.html,66,68,27
/fr/3.13/tutorial/classes.html,64,65,20
/3/,63,63,675
/fr/3/tutorial/datastructures.html,57,59,79
/fr/3/,54,55,212
/fr/3/tutorial/venv.html,52,53,41
/fr/3.13/library/tkinter.html,44,46,181
/fr/3.13/tutorial/datastructures.html,40,41,25
/fr/3/howto/regex.html,40,42,107
/fr/3.13/library/datetime.html,38,38,92
/fr/3.13/tutorial/introduction.html,38,41,172
/fr/3.13/library/random.html,32,32,9
/fr/3/howto/logging.html,30,30,236
/fr/3.13/library/stdtypes.html,29,29,99
/fr/3/library/enum.html,28,29,144
/fr/3/tutorial/errors.html,28,28,6
/fr/3.13/tutorial/errors.html,26,26,71
/fr/3/library/threading.html,26,28,77
/fr/3.13/using/windows.html,25,27,18
/fr/3.13/search.html,24,26,73
/fr/3.13/library/collections.html,23,23,108
/fr/3.13/library/os.html,23,24,310
/fr/3.13/reference/import.html,23,23,172
/fr/3/tutorial/index.html,23,25,241
/fr/3/tutorial/inputoutput.html,23,24,40
/fr/3.13/,22,22,301
/fr/3.13/tutorial/controlflow.html,22,24,320
/fr/3.13/library/operator.html,21,21,103
/fr/3/tutorial/introduction.html,21,21,10
/fr/3/library/statistics.html,20,21,69
/fr/3/tutorial/appetite.html,20,20,249
/fr/3.13/library/functions.html,19,22,41
/fr/3.13/tutorial/interpreter.html,19,20,203
/fr/3/library/__main__.html,19,19,87
/fr/3/tutorial/controlflow.html,19,20,229
/fr/3/library/string.html,18,18,69
/3/tutorial/index.html,17,19,412
/fr/3.13/howto/sorting.html,17,19,268
/fr/3.13/tutorial/appetite.html,16,16,124
/fr/3/library/stdtypes.html,16,16,231
/fr/3.13/library/tkinter.ttk.html,15,15,49
/fr/3.13/library/turtle.html,15,15,1
/fr/3/library/index.html,15,15,47
/fr/3/library/sys.html,15,15,11
/fr/3/search.html,15,16,282
/fr/3.13/library/idle.html,14,15,63
/fr/3.13/library/pathlib.html,14,14,114
/fr/3.13/library/timeit.html,14,14,80
/fr/3/library/turtle.html,14,14,796
/3/library/datetime.html,13,13,1466
/fr/3.13/faq/windows.html,13,13,0
/fr/3/library/functions.html,13,13,182
/fr/3/library/tkinter.html,13,15,360
/fr/3/tutorial/classes.html,13,13,10
/3.13/tutorial/index.html,12,12,191
/3/library/os.html,12,12,47
/fr/3.13/library/subprocess.html,12,12,58
/fr/3/library/math.html,12,12,1
/fr/3/library/multiprocessing.html,12,12,47
/fr/3/library/random.html,12,15,89
/3/library/argparse.html,11,11,1242
/3/library/functions.html,11,11,896
/fr/3.13/library/asyncio.html,11,13,10
/fr/3/library/glob.html,11,11,86
/fr/3/library/venv.html,11,12,136
/fr/3/library/zipfile.html,11,11,302
/fr/dev/reference/compound_stmts.html,11,11,1
/3/search.html,10,10,1144
/3/tutorial/,10,10,506
/fr/3.13/howto/sockets.html,10,10,47
/fr/3.13/library/pprint.html,10,10,199
/fr/3.13/library/time.html,10,10,7
/fr/3.13/using/unix.html,10,10,172
/fr/3/library/datetime.html,10,10,0
/fr/3/tutorial/interpreter.html,10,10,200
/fr/3.13/tutorial/modules.html,9,9,111
/fr/3.13/using/editors.html,9,9,5
/fr/3/using/cmdline.html,9,9,288
/3.13/using/windows.html,8,8,569
/3/library/csv.html,8,9,869
/3/library/random.html,8,8,76
/3/library/re.html,8,8,734
/3/library/tkinter.html,8,8,541
/3/library/typing.html,8,8,969
/fr/3.13/library/base64.html,8,8,72
/fr/3.13/library/math.html,8,8,22
/fr/3.13/library/re.html,8,9,1
/fr/3.13/reference/simple_stmts.html,8,8,120
/fr/3/installing/index.html,8,8,115
/fr/3/library/time.html,8,8,0
/fr/3/library/tk.html,8,8,4
/fr/3/tutorial/modules.html,8,8,21
/fr/3/using/,8,8,113
/fr/3/using/windows.html,8,8,66
/3/library/pathlib.html,7,7,419
/3/library/stdtypes.html,7,7,1271
/3/library/venv.html,7,7,367
/fr/3.13/genindex-Symboles.html,7,7,19
/fr/3.13/using/index.html,7,7,4
/fr/3/index.html,7,7,139
/fr/3/library/queue.html,7,7,593
/fr/3/py-modindex.html,7,7,231
/3.13/,6,6,198
/3.13/tutorial/,6,6,556
/3/library/socket.html,6,6,944
/fr/3.13/howto/argparse.html,6,6,1
/fr/3.13/howto/enum.html,6,7,0
/fr/3.13/library/abc.html,6,6,263
/fr/3.13/library/copy.html,6,6,0
/fr/3.13/library/tk.html,6,6,49
/fr/3.13/tutorial/stdlib.html,6,6,532
/fr/3/library/unittest.html,6,7,461
/fr/dev/library/xml.etree.elementtree.html,6,6,135
/3/library/itertools.html,5,5,2648
/3/library/subprocess.html,5,5,658
/3/tutorial/datastructures.html,5,5,865
/3/tutorial/errors.html,5,5,469
/3/tutorial/inputoutput.html,5,5,2775
/3/whatsnew/3.13.html,5,5,272
/fr/3.12/library/stdtypes.html,5,5,0
/fr/3.13/glossary.html,5,5,17
/fr/3.13/index.html,5,5,338
/fr/3.13/library/readline.html,5,5,430
/fr/3.13/reference/index.html,5,5,122
/fr/3.13/tutorial/,5,5,98
/fr/3/glossary.html,5,5,1
/fr/3/library/abc.html,5,5,0
/fr/3/library/exceptions.html,5,5,451
/fr/3/library/operator.html,5,6,32
/fr/3/whatsnew/index.html,5,5,196
/3/howto/argparse.html,4,4,1951
/3/library/asyncio-task.html,4,4,1306
/3/library/concurrent.futures.html,4,4,2024
/3/library/ctypes.html,4,4,1076
/3/library/idle.html,4,4,52
/3/library/index.html,4,4,237
/3/library/json.html,4,4,6
/3/library/math.html,4,4,1634
/3/library/multiprocessing.html,4,4,934
/3/library/pdb.html,4,4,616
/3/library/zipfile.html,4,4,138
/3/tutorial/controlflow.html,4,4,2510
/fr/3.12/library/tkinter.ttk.html,4,4,13
/fr/3.13/contents.html,4,4,331
/fr/3.13/download.html,4,4,502
/fr/3.13/library/argparse.html,4,4,0
/fr/3.13/library/asyncio-task.html,4,4,489
/fr/3.13/library/csv.html,4,4,29
/fr/3.13/library/ctypes.html,4,4,0
/fr/3.13/library/heapq.html,4,4,138
/fr/3.13/library/html.parser.html,4,5,631
/fr/3.13/library/pickle.html,4,4,164
/fr/3/extending/extending.html,4,4,56
/fr/3/howto/sockets.html,4,4,0
/fr/3/library/configparser.html,4,4,0
/fr/3/library/contextvars.html,4,4,4
/fr/3/library/filecmp.html,4,4,0
/fr/3/library/filesys.html,4,4,6
/fr/3/library/pprint.html,4,4,36
/fr/3/library/re.html,4,4,9
/fr/3/using/mac.html,4,4,17
/fr/dev/library/configparser.html,4,4,746
/fr/dev/library/functions.html,4,4,206
/fr/dev/library/unittest.html,4,4,0
/3.15/,3,3,193
/3/contents.html,3,3,59
/3/library/configparser.html,3,3,87
/3/library/enum.html,3,3,20
/3/library/glob.html,3,3,2156
/3/library/os.path.html,3,3,220
/3/library/sys.html,3,3,703
/3/library/threading.html,3,3,675
/3/library/tkinter.ttk.html,3,3,303
/3/library/turtle.html,3,3,10
/3/library/warnings.html,3,3,401
/3/tutorial/classes.html,3,3,947
/3/tutorial/modules.html,3,3,254
/fr/3.13/howto/functional.html,3,3,14
/fr/3.13/howto/ipaddress.html,3,3,0
/fr/3.13/howto/unicode.html,3,3,58
/fr/3.13/library/concurrent.futures.html,3,3,77
/fr/3.13/library/crypto.html,3,3,14
/fr/3.13/library/decimal.html,3,3,546
/fr/3.13/library/doctest.html,3,4,26
/fr/3.13/library/filesys.html,3,3,6
/fr/3.13/library/functools.html,3,3,234
/fr/3.13/library/hashlib.html,3,3,0
/fr/3.13/library/unicodedata.html,3,3,12
/fr/3.13/library/zlib.html,3,3,31
/fr/3.13/reference/compound_stmts.html,3,3,281
/fr/3.13/reference/expressions.html,3,3,51
/fr/3.13/tutorial/appendix.html,3,3,19
/fr/3.13/using/cmdline.html,3,3,143
/fr/3.14/library/tkinter.ttk.html,3,4,15
/fr/3.15/search.html,3,3,184
/fr/3/c-api/perfmaps.html,3,3,264
/fr/3/library/asyncio-queue.html,3,3,392
/fr/3/library/bisect.html,3,3,628
/fr/3/library/bz2.html,3,3,852
/fr/3/library/cmd.html,3,3,0
/fr/3/library/itertools.html,3,3,0
/fr/3/library/os.html,3,3,21
/fr/3/library/pickletools.html,3,3,0
/fr/3/library/py_compile.html,3,3,0
/fr/3/reference/datamodel.html,3,4,110
/fr/3/reference/import.html,3,3,0
/fr/3/reference/index.html,3,3,66
/fr/3/reference/lexical_analysis.html,3,3,140
/fr/3/tutorial/floatingpoint.html,3,3,0
/fr/dev/library/ipaddress.html,3,3,0
/fr/dev/library/pickle.html,3,3,0
/3.13/index.html,2,2,0
/3.13/search.html,2,2,10
/3.14/c-api/exceptions.html,2,2,3124
/3/howto/curses.html,2,2,1546
/3/howto/mro.html,2,2,0
/3/installing/index.html,2,2,528
/3/library/asyncio.html,2,2,36
/3/library/dataclasses.html,2,2,2420
/3/library/dialog.html,2,4,18
/3/library/email.examples.html,2,2,12
/3/library/email.mime.html,2,2,14
/3/library/exceptions.html,2,2,1464
/3/library/html.html,2,2,678
/3/library/inspect.html,2,3,1458
/3/library/logging.html,2,2,372
/3/library/pickle.html,2,2,8
/3/library/signal.html,2,2,2245
/3/library/string.html,2,2,56
/3/library/struct.html,2,2,2909
/3/library/timeit.html,2,2,56
/3/library/tk.html,2,2,2
/3/library/unicodedata.html,2,2,12
/3/library/unittest.html,2,2,2084
/3/library/xml.etree.elementtree.html,2,2,140
/3/tutorial/floatingpoint.html,2,2,132
/3/tutorial/interpreter.html,2,2,326
/3/tutorial/introduction.html,2,2,2
/fr/3.12/library/json.html,2,2,172
/fr/3.12/tutorial/classes.html,2,2,324
/fr/3.12/tutorial/index.html,2,2,0
/fr/3.13/howto/curses.html,2,2,329
/fr/3.13/installing/index.html,2,2,57
/fr/3.13/library/asyncio-eventloop.html,2,2,0
/fr/3.13/library/asyncio-stream.html,2,3,0
/fr/3.13/library/builtins.html,2,2,0
/fr/3.13/library/calendar.html,2,2,0
/fr/3.13/library/dialog.html,2,2,0
/fr/3.13/library/exceptions.html,2,2,0
/fr/3.13/library/http.html,2,2,12
/fr/3.13/library/intro.html,2,2,15
/fr/3.13/library/logging.html,2,2,0
/fr/3.13/library/lzma.html,2,2,0
/fr/3.13/library/persistence.html,2,2,23
/fr/3.13/library/tarfile.html,2,2,0
/fr/3.13/library/tkinter.messagebox.html,2,2,0
/fr/3.13/library/typing.html,2,2,0
/fr/3.13/library/unittest.html,2,2,1206
/fr/3.13/library/uuid.html,2,2,2
/fr/3.13/library/venv.html,2,2,0
/fr/3.13/library/wave.html,2,2,0
/fr/3.13/library/xml.html,2,2,0
/fr/3.13/reference/datamodel.html,2,3,0
/fr/3.13/reference/introduction.html,2,2,481
/fr/3.13/tutorial/inputoutput.html,2,2,0
/fr/3.13/whatsnew/3.13.html,2,2,14
/fr/3.15/using/windows.html,2,2,330
/fr/3/c-api/marshal.html,2,2,2468
/fr/3/c-api/utilities.html,2,2,2112
/fr/3/download.html,2,2,112
/fr/3/faq/windows.html,2,2,0
/fr/3/genindex-A.html,2,2,0
/fr/3/genindex-C.html,2,2,642
/fr/3/genindex-G.html,2,2,657
/fr/3/genindex-J.html,2,2,0
/fr/3/genindex-L.html,2,2,0
/fr/3/genindex-P.html,2,2,69
/fr/3/genindex-Symboles.html,2,2,0
/fr/3/howto/annotations.html,2,2,8
/fr/3/howto/index.html,2,2,52
/fr/3/library/,2,2,26
/fr/3/library/argparse.html,2,2,0
/fr/3/library/asyncio.html,2,2,0
/fr/3/library/collections.html,2,2,4
/fr/3/library/decimal.html,2,2,151
/fr/3/library/http.cookiejar.html,2,2,0
/fr/3/library/inspect.html,2,2,28
/fr/3/library/io.html,2,2,684
/fr/3/library/pathlib.html,2,3,0
/fr/3/library/sqlite3.html,2,2,904
/fr/3/library/tempfile.html,2,2,1753
/fr/3/library/tkinter.font.html,2,2,0
/fr/3/library/typing.html,2,3,1
/fr/3/library/warnings.html,2,2,38
/fr/3/library/xml.dom.html,2,2,0
/fr/3/library/xmlrpc.html,2,2,9
