name,unique_exits,total_exits,exit_rate
/zh-tw/3.13/tutorial/index.html,141,148,
/zh-tw/3.13/library/venv.html,73,73,
/zh-tw/3.13/installing/index.html,70,71,
/zh-tw/3.13/library/random.html,60,61,
/zh-tw/3.13/tutorial/introduction.html,46,47,
/zh-tw/3.13/howto/sorting.html,44,47,
/zh-tw/3/library/re.html,41,44,
/zh-tw/3/faq/windows.html,40,40,
/zh-tw/3/tutorial/index.html,38,40,
/zh-tw/3.13/library/csv.html,37,40,
/zh-tw/3.13/tutorial/classes.html,36,41,
/zh-tw/3.13/tutorial/inputoutput.html,34,40,
/zh-tw/3.13/tutorial/interpreter.html,34,36,
/zh-tw/3.13/library/json.html,30,30,
/zh-tw/3.13/tutorial/datastructures.html,30,36,
/zh-tw/3.13/using/mac.html,30,30,
/zh-tw/3.13/tutorial/errors.html,27,29,
/zh-tw/3.13/tutorial/floatingpoint.html,26,26,
/zh-tw/3.13/tutorial/controlflow.html,25,26,
/zh-tw/3/library/index.html,25,26,
/zh-tw/3/howto/argparse.html,24,25,
/zh-tw/dev/library/csv.html,21,21,
/zh-tw/3.13/library/collections.html,20,20,
/zh-tw/3.13/library/heapq.html,19,20,
/zh-tw/3.13/library/operator.html,19,19,
/zh-tw/3.13/library/os.path.html,19,19,
/zh-tw/3.13/tutorial/modules.html,19,20,
/zh-tw/3.13/library/math.html,17,17,
/zh-tw/dev/library/os.path.html,17,17,
/zh-tw/3.13/library/copy.html,16,16,
/zh-tw/3.13/library/queue.html,16,18,
/zh-tw/3.13/library/string.html,16,17,
/zh-tw/3/library/concurrent.futures.html,16,17,
/zh-tw/3/library/threading.html,16,16,
/zh-tw/3.13/howto/sockets.html,15,17,
/zh-tw/3.13/tutorial/venv.html,15,15,
/zh-tw/3.13/library/pathlib.html,13,14,
/zh-tw/3.13/library/time.html,13,14,
/zh-tw/3/library/pickle.html,13,13,
/zh-tw/3/tutorial/introduction.html,13,13,
/zh-tw/3.13/library/functions.html,12,12,
/zh-tw/3/library/pdb.html,12,12,
/zh-tw/3.13/library/bisect.html,10,10,
/zh-tw/3.13/library/io.html,10,11,
/zh-tw/3.13/library/unittest.html,10,10,
/zh-tw/3.13/tutorial/appetite.html,10,10,
/zh-tw/3.13/library/stdtypes.html,9,9,
/zh-tw/3.13/library/typing.html,9,9,
/zh-tw/3/library/abc.html,9,9,
/zh-tw/3.13/library/__main__.html,8,8,
/zh-tw/3.13/library/asyncio.html,8,9,
/zh-tw/3.13/library/statistics.html,8,8,
/zh-tw/3.13/library/urllib.request.html,8,8,
/zh-tw/3/library/webbrowser.html,8,8,
/3/,7,7,
/zh-tw/3.13/glossary.html,7,8,
/zh-tw/3/,7,8,
/zh-tw/3/library/uuid.html,7,9,
/zh-tw/3/tutorial/appetite.html,7,7,
/zh-tw/3/tutorial/controlflow.html,7,7,
/zh-tw/3/tutorial/datastructures.html,7,10,
/zh-tw/3.12/installing/index.html,6,7,
/zh-tw/3.13/contents.html,6,6,
/zh-tw/3.13/library/asyncio-sync.html,6,6,
/zh-tw/3/tutorial/interpreter.html,6,6,
/3/library/os.html,5,4,
/zh-tw/3.13/library/array.html,5,5,
/zh-tw/3.13/library/ast.html,5,5,
/zh-tw/3.13/tutorial/stdlib.html,5,5,
/zh-tw/3/download.html,5,5,
/zh-tw/3/extending/extending.html,5,6,
/zh-tw/3/library/functions.html,5,5,
/zh-tw/3/library/functools.html,5,5,
/zh-tw/3/tutorial/modules.html,5,5,
/3/library/asyncio-task.html,4,4,
/3/library/re.html,4,4,
/3/library/venv.html,4,4,
/zh-tw/3.12/library/venv.html,4,4,
/zh-tw/3.12/using/mac.html,4,4,
/zh-tw/3.13/library/ftplib.html,4,5,
/zh-tw/3.13/library/gc.html,4,4,
/zh-tw/3.13/library/glob.html,4,4,
/zh-tw/3.13/library/html.parser.html,4,4,
/zh-tw/3.13/library/index.html,4,5,
/zh-tw/3.13/search.html,4,4,
/zh-tw/3.13/tutorial/,4,4,
/zh-tw/3/library/collections.html,4,4,
/zh-tw/3/library/quopri.html,4,4,
/zh-tw/3/reference/import.html,4,4,
/zh-tw/dev/library/calendar.html,4,4,
/zh-tw/dev/library/timeit.html,4,5,
/zh-tw/dev/using/editors.html,4,4,
/3/library/argparse.html,3,3,
/3/library/csv.html,3,3,
/3/library/multiprocessing.html,3,3,
/3/library/tkinter.html,3,3,
/3/tutorial/index.html,3,3,
/3/whatsnew/3.13.html,3,3,
/zh-tw/3.12/,3,3,
/zh-tw/3.13/c-api/index.html,3,3,
