name,visitors,pageviews,bounce_rate,time_on_page,scroll_depth
/tr/3/tutorial/index.html,13,15,89,16,44
/tr/3.13/,10,11,50,23,82
/tr/3.13/tutorial/index.html,9,8,33,101,77
/tr/3.13/tutorial/,7,9,67,22,76
/tr/3.13/tutorial/controlflow.html,7,6,67,71,27
/tr/3.13/library/functions.html,6,5,100,12,28
/tr/3.13/search.html,6,10,0,16,71
/tr/3.13/using/windows.html,6,6,100,21,34
/tr/3/,6,6,60,7,90
/tr/3.13/tutorial/appetite.html,5,5,0,72,100
/tr/3/installing/index.html,5,5,100,20,56
/tr/3/tutorial/datastructures.html,4,4,100,12,9
/tr/3.13/tutorial/interpreter.html,3,8,0,102,100
/tr/3.13/tutorial/introduction.html,3,3,0,130,100
/tr/3/tutorial/controlflow.html,3,2,0,27,100
/tr/3.13/library/cgi.html,2,1,0,6,100
/tr/3.13/library/copy.html,2,1,0,7,96
/tr/3.13/library/dis.html,2,1,0,4,44
/tr/3.13/library/intro.html,2,1,0,651,100
/tr/3.13/library/stdtypes.html,2,3,0,41,33
/tr/3.13/library/string.html,2,1,0,14,18
/tr/3.13/py-modindex.html,2,2,0,38,98
/tr/3.13/reference/index.html,2,2,0,10,24
/tr/3.13/reference/lexical_analysis.html,2,1,0,14,42
/tr/3.13/tutorial/datastructures.html,2,1,0,20,62
/tr/3.15/library/cgi.html,2,1,0,7,100
/tr/3/tutorial/appetite.html,2,2,0,3,99
/tr/3/tutorial/interpreter.html,2,3,0,9,100
/tr/3/tutorial/introduction.html,2,2,0,22,65
/tr/3.12/using/windows.html,1,1,0,,
/tr/3.13/c-api/index.html,1,1,100,43,100
/tr/3.13/index.html,1,1,0,34,100
/tr/3.13/library/array.html,1,1,0,8,74
/tr/3.13/library/glob.html,1,1,0,5,64
/tr/3.13/library/sndhdr.html,1,1,100,,
/tr/3.13/library/webbrowser.html,1,1,0,30,44
/tr/3.13/library/xml.dom.html,1,1,0,,
/tr/3.13/reference/expressions.html,1,1,0,1,2
/tr/3.13/tutorial/errors.html,1,2,0,45,49
/tr/3.13/tutorial/inputoutput.html,1,1,0,16,16
/tr/3.14/library/index.html,1,1,100,,
/tr/3.15/tutorial/appetite.html,1,2,0,3,56
/tr/3.15/whatsnew/index.html,1,1,0,13,4
/tr/3/faq/gui.html,1,1,100,2,41
/tr/3/glossary.html,1,1,100,60,7
/tr/3/library/functions.html,1,1,100,15,2
/tr/3/library/index.html,1,1,0,,
/tr/3/tutorial/inputoutput.html,1,1,100,7,21
