name,unique_entrances,total_entrances,visit_duration
/3.14/whatsnew/3.14.html,612,630,136
/3/,153,153,347
/3.14/using/windows.html,110,114,77
/3.14/tutorial/index.html,80,84,98
/3.14/,78,79,165
/3.14/library/concurrent.interpreters.html,22,22,233
/3.15/,18,18,154
/3/whatsnew/3.13.html,17,17,317
/3.14/index.html,16,16,63
/3.14/tutorial/,16,16,213
/zh-cn/3.14/whatsnew/3.14.html,16,19,222
/3.13/,13,14,241
/zh-cn/3.14/whatsnew/,13,13,485
/3.14/whatsnew/changelog.html,12,12,19
/zh-cn/3.14/library/asyncio-runner.html,12,12,4
/3.13/using/windows.html,11,11,1127
/zh-cn/3.14/tutorial/index.html,11,11,7
/3.14/library/compression.zstd.html,10,10,8
/3.14/reference/compound_stmts.html,9,9,227
/3.14/whatsnew/3.13.html,9,9,156
/3.14/tutorial/interpreter.html,8,8,57
/3/search.html,8,8,630
/3.14/download.html,7,7,0
/3.14/library/index.html,7,7,115
/3.14/library/typing.html,7,7,47
/3.14/search.html,7,8,131
/3.14/tutorial/appetite.html,7,8,59
/zh-cn/3.14/library/threading.html,7,7,0
/3.13/tutorial/index.html,6,6,254
/3.14/library/asyncio-task.html,6,11,25
/3.14/library/idle.html,6,6,4
/dev/using/windows.html,6,6,1270
/zh-cn/3.14/index.html,6,6,10
/3.12/,5,5,145
/3.14/glossary.html,5,5,0
/3.14/library/annotationlib.html,5,5,163
/3.14/library/stdtypes.html,5,6,394
/3.15/whatsnew/3.15.html,5,5,1083
/3/using/windows.html,5,5,247
/3/whatsnew/index.html,5,5,508
/ja/3.14/library/index.html,5,6,210
/ja/3.14/tutorial/interpreter.html,5,5,1
/zh-cn/3.14/installing/index.html,5,5,641
/zh-cn/3.14/library/functions.html,5,6,165
/zh-cn/3.14/whatsnew/index.html,5,5,44
/zh-cn/3/,5,5,358
/3.14/howto/free-threading-extensions.html,4,4,141
/3.14/library/concurrent.futures.html,4,4,235
/3.14/library/json.html,4,5,743
/3.14/library/pathlib.html,4,4,372
/3.14/library/threading.html,4,4,4
/3.14/tutorial/classes.html,4,5,3
/3.14/tutorial/controlflow.html,4,4,87
/3/library/argparse.html,4,4,242
/3/library/venv.html,4,4,641
/3/tutorial/index.html,4,4,406
/3/tutorial/introduction.html,4,4,171
/zh-cn/3.13/,4,4,627
/zh-cn/3.14/,4,4,27
/zh-cn/3.14/library/pathlib.html,4,4,1291
/3.13/search.html,3,3,1895
/3.13/whatsnew/3.13.html,3,3,298
/3.14/howto/free-threading-python.html,3,3,0
/3.14/library/datetime.html,3,3,924
/3.14/library/functions.html,3,3,258
/3.14/library/logging.html,3,4,2
/3.14/library/zipfile.html,3,3,0
/3.14/reference/index.html,3,3,9
/3.15/howto/remote_debugging.html,3,3,164
/3/howto/free-threading-python.html,3,3,70
/3/library/sys.monitoring.html,3,3,59
/3/library/threading.html,3,3,193
/3/library/turtle.html,3,3,737
/ja/3.14/library/tkinter.ttk.html,3,3,0
/ja/3/,3,3,244
/pt-br/3.14/whatsnew/3.14.html,3,3,0
/zh-cn/3.14/contents.html,3,3,2693
/zh-cn/3.14/howto/unicode.html,3,3,0
/zh-cn/3.14/library/index.html,3,3,272
/zh-cn/3.14/reference/index.html,3,3,0
/zh-cn/3.14/tutorial/,3,3,6
/zh-cn/3.14/tutorial/controlflow.html,3,4,2011
/zh-cn/3.14/tutorial/introduction.html,3,3,48
/zh-cn/3.14/using/windows.html,3,3,0
/zh-cn/3.14/whatsnew/3.13.html,3,3,0
/3.12/library/,2,2,318
/3.12/whatsnew/3.12.html,2,2,62
/3.13/tutorial/,2,2,48
/3.14/howto/remote_debugging.html,2,2,0
/3.14/library/__future__.html,2,2,0
/3.14/library/argparse.html,2,2,0
/3.14/library/asyncio-sync.html,2,2,687
/3.14/library/csv.html,2,2,0
/3.14/library/fnmatch.html,2,2,1182
/3.14/library/multiprocessing.html,2,2,4
/3.14/library/sys.html,2,2,0
/3.14/library/sys.monitoring.html,2,2,0
/3.14/library/tarfile.html,2,2,655
/3.14/reference/datamodel.html,2,2,16
/3.14/tutorial/errors.html,2,2,0
/3.14/tutorial/introduction.html,2,2,134
/3.14/using/configure.html,2,2,0
/3.14/using/index.html,2,2,843
/3.14/using/unix.html,2,3,0
/3/c-api/dict.html,2,2,348
/3/c-api/gcsupport.html,2,2,288
/3/extending/index.html,2,2,334
/3/glossary.html,2,2,1311
/3/library/codecs.html,2,2,432
/3/library/curses.html,2,2,53
/3/library/datetime.html,2,2,602
/3/library/functions.html,2,2,658
/3/library/io.html,2,2,2084
/3/library/itertools.html,2,2,1304
/3/library/os.html,2,2,1056
/3/library/pdb.html,2,2,59
/3/library/typing.html,2,2,78
/3/tutorial/,2,2,128
/3/tutorial/datastructures.html,2,2,67
/3/whatsnew/3.11.html,2,2,107
/3/whatsnew/3.12.html,2,2,488
/3/whatsnew/changelog.html,2,2,240
/es/3.13/tutorial/index.html,2,2,632
/es/3.14/tutorial/controlflow.html,2,3,0
/es/3.14/tutorial/index.html,2,3,0
/ja/3.13/tutorial/,2,2,2516
/ja/3.14/library/functions.html,2,2,0
/ja/3.14/tutorial/introduction.html,2,3,0
/ja/3.14/whatsnew/3.14.html,2,2,69
/ko/3.14/using/windows.html,2,2,0
/pt-br/3.14/library/typing.html,2,2,1324
/pt-br/3.14/py-modindex.html,2,2,20
/uk/3.14/library/asyncio-graph.html,2,2,0
/zh-cn/3.13/tutorial/index.html,2,2,242
/zh-cn/3.14/download.html,2,2,0
/zh-cn/3.14/extending/windows.html,2,2,0
/zh-cn/3.14/howto/logging-cookbook.html,2,2,0
/zh-cn/3.14/howto/regex.html,2,2,0
/zh-cn/3.14/library/concurrent.interpreters.html,2,2,0
/zh-cn/3.14/library/intro.html,2,2,18
/zh-cn/3.14/library/mimetypes.html,2,2,0
/zh-cn/3.14/library/optparse.html,2,2,0
/zh-cn/3.14/library/pdb.html,2,2,1372
/zh-cn/3.14/library/statistics.html,2,2,0
/zh-cn/3.14/library/string.html,2,2,0
/zh-cn/3.14/library/tarfile.html,2,2,0
/zh-cn/3.14/library/time.html,2,2,0
/zh-cn/3.14/library/tkinter.html,2,2,0
/zh-cn/3.14/library/tkinter.messagebox.html,2,2,0
/zh-cn/3.14/library/venv.html,2,2,0
/zh-cn/3.14/reference/compound_stmts.html,2,2,0
/zh-cn/3.14/reference/simple_stmts.html,2,2,0
/zh-cn/3.14/tutorial/interpreter.html,2,2,48
/zh-cn/3.14/using/,2,2,147
/zh-cn/3.14/whatsnew/3.11.html,2,2,0
/zh-cn/3.14/whatsnew/3.4.html,2,2,0
/zh-cn/3/library/index.html,2,2,1894
/zh-cn/3/tutorial/index.html,2,2,435
/zh-tw/3.14/,2,2,2
/3.12/index.html,1,1,612
/3.12/library/concurrent.futures.html,1,1,22
/3.12/library/intro.html,1,1,10
/3.12/library/math.html,1,1,4
/3.12/library/socket.html,1,1,24
/3.12/library/typing.html,1,1,645
/3.13/faq/index.html,1,1,978
/3.13/glossary.html,1,1,334
/3.13/index.html,1,1,324
/3.13/library/datetime.html,1,1,32
/3.13/library/graphlib.html,1,1,27
/3.13/library/idle.html,1,1,898
/3.13/library/stdtypes.html,1,1,305
/3.13/reference/introduction.html,1,1,2257
/3.13/tutorial/introduction.html,1,1,2545
/3.13/using/cmdline.html,1,1,331
/3.13/whatsnew/3.8.html,1,1,24
/3.14/c-api/capsule.html,1,1,0
/3.14/c-api/extension-modules.html,1,1,0
/3.14/c-api/init_config.html,1,1,1
/3.14/c-api/lifecycle.html,1,1,856
/3.14/c-api/list.html,1,1,0
/3.14/extending/extending.html,1,1,0
/3.14/faq/,1,1,22
/3.14/genindex-all.html,1,1,1648
/3.14/genindex.html,1,1,0
/3.14/howto/index.html,1,1,0
/3.14/installing/index.html,1,1,16
/3.14/library/,1,1,0
/3.14/library/__main__.html,1,1,0
/3.14/library/asyncio-graph.html,1,1,0
/3.14/library/asyncio-stream.html,1,1,266
/3.14/library/configparser.html,1,2,0
/3.14/library/constants.html,1,1,198
/3.14/library/development.html,1,1,72
/3.14/library/dis.html,1,1,0
/3.14/library/doctest.html,1,1,0
/3.14/library/exceptions.html,1,1,0
/3.14/library/functools.html,1,1,325
/3.14/library/gc.html,1,1,0
/3.14/library/heapq.html,1,1,291
/3.14/library/http.cookiejar.html,1,1,0
/3.14/library/pickle.html,1,1,0
/3.14/library/re.html,1,1,0
/3.14/library/shelve.html,1,1,0
/3.14/library/shutil.html,1,1,0
/3.14/library/socket.html,1,1,0
/3.14/library/sqlite3.html,1,1,0
/3.14/library/string.html,1,1,11
/3.14/library/struct.html,1,1,0
/3.14/library/subprocess.html,1,2,0
/3.14/library/turtle.html,1,1,0
/3.14/library/unittest.html,1,1,0
/3.14/library/unix.html,1,1,0
/3.14/library/uuid.html,1,1,0
/3.14/library/venv.html,1,1,3
/3.14/py-modindex.html,1,1,0
/3.14/reference/grammar.html,1,5,0
/3.14/reference/lexical_analysis.html,1,7,0
/3.14/tutorial/appendix.html,1,1,505
/3.14/tutorial/datastructures.html,1,1,0
/3.14/tutorial/stdlib.html,1,1,2987
/3.14/tutorial/stdlib2.html,1,1,0
/3.14/tutorial/venv.html,1,1,1151
/3.14/tutorial/whatnow.html,1,1,792
/3.14/whatsnew/,1,1,23
/3.14/whatsnew/3.8.html,1,1,0
/3.14/whatsnew/3.9.html,1,1,0
/3.14/whatsnew/index.html,1,1,0
/3.15/index.html,1,1,683
/3.15/library/typing.html,1,1,139
/3.15/whatsnew/3.14.html,1,1,632
/3.15/whatsnew/index.html,1,1,8
/3/c-api/init_config.html,1,1,3079
/3/c-api/memory.html,1,1,720
/3/c-api/memoryview.html,1,1,1360
/3/c-api/typeobj.html,1,1,903
/3/contents.html,1,1,910
/3/deprecations/index.html,1,1,865
/3/download.html,1,1,53
/3/extending/extending.html,1,1,550
/3/genindex.html,1,1,20
/3/howto/annotations.html,1,1,615
/3/howto/argparse.html,1,1,730
/3/howto/free-threading-extensions.html,1,1,1359
/3/howto/logging-cookbook.html,1,1,4889
/3/index.html,1,1,86
/3/library/,1,1,0
/3/library/ast.html,1,1,6711
/3/library/asyncio-policy.html,1,1,125
/3/library/asyncio-stream.html,1,1,5873
/3/library/binary.html,1,1,42
/3/library/collections.html,1,1,1493
/3/library/dataclasses.html,1,1,10
/3/library/exceptions.html,1,1,313
/3/library/idle.html,1,1,353
/3/library/index.html,1,1,8
/3/library/json.html,1,1,2510
/3/library/math.html,1,1,28
/3/library/pathlib.html,1,1,1379
/3/library/random.html,1,1,1322
/3/library/readline.html,1,1,172
/3/library/secrets.html,1,1,1131
/3/library/select.html,1,1,619
/3/library/shelve.html,1,1,18
/3/library/ssl.html,1,1,726
/3/library/stdtypes.html,1,1,471
/3/library/tarfile.html,1,1,1
/3/library/tempfile.html,1,1,0
/3/library/unittest.mock.html,1,1,10388
/3/library/urllib.html,1,1,32
/3/library/xml.etree.elementtree.html,1,1,8503
/3/license.html,1,1,181
/3/py-modindex.html,1,1,53
/3/reference/compound_stmts.html,1,1,341
/3/reference/datamodel.html,1,1,172
/3/tutorial/classes.html,1,1,70
/3/tutorial/controlflow.html,1,1,1513
/3/tutorial/errors.html,1,1,1602
/3/tutorial/inputoutput.html,1,1,512
/3/tutorial/interpreter.html,1,1,28
/3/using/index.html,1,1,7
/3/using/unix.html,1,1,44
/3/whatsnew/,1,1,0
/3/whatsnew/3.10.html,1,1,13
/bn-in/3.14/library/abc.html,1,1,0
/bn-in/3.14/library/dataclasses.html,1,1,0
/es/3.13/index.html,1,1,9
/es/3.13/tutorial/introduction.html,1,1,138
/es/3.14/contents.html,1,1,0
/es/3.14/download.html,1,1,0
/es/3.14/library/threading.html,1,1,0
/es/3.14/library/tkinter.ttk.html,1,1,0
/es/3.14/using/windows.html,1,1,11
/es/3.14/whatsnew/index.html,1,1,20
/fr/3.13/library/pathlib.html,1,1,1446
/fr/3.13/library/readline.html,1,1,914
/fr/3.13/tutorial/introduction.html,1,1,25
/fr/3.14/download.html,1,2,0
/fr/3.14/library/xml.etree.elementtree.html,1,1,0
/fr/3.14/whatsnew/index.html,1,1,3
