name,version,visitors
Chrome,132.0,161
Firefox,134.0,36
Microsoft Edge,132.0,26
Safari,18.1,12
Chrome,131.0,11
Opera,116.0,8
Microsoft Edge,131.0,7
Chrome,130.0,4
Chrome,109.0,3
Chrome,122.0,3
Safari,17.6,3
Safari,18.2,3
Yandex Browser,24.12,3
Mobile App,(not set),2
Opera,114.0,2
Opera,115.0,2
Avast Secure Browser,131.0,2
Samsung Browser,27.0,2
Opera,87.0,2
Firefox,115.0,1
Chrome,116.0,1
Firefox,120.0,1
Chrome,123.0,1
Chrome,126.0,1
Chrome,127.0,1
Firefox,127.0,1
Firefox,128.0,1
Firefox,131.0,1
Norton Private Browser,132.0,1
Firefox,133.0,1
Safari,15.6,1
Safari,17.2,1
Safari,17.5,1
Safari,17.8,1
Opera GX,2.6,1
