name,visitors
Mazovia,71
Lesser Poland,30
Greater Poland,30
Silesia,27
Pomerania,18
Lower Silesia,15
Łódź,15
Kuyavia-Pomerania,9
Lublin,9
Opole,5
Warmia-Masuria,5
Lubusz,4
Subcarpathia,4
West Pomerania,3
Moscow,3
Lower Saxony,2
Podlachia,2
Rio de Janeiro,1
Minsk,1
British Columbia,1
Valle del Cauca,1
Prague,1
Baden-Württemberg,1
Hesse,1
North Rhine-Westphalia,1
Île-de-France,1
England,1
Leinster,1
Amman,1
Holy Cross,1
Rostov,1
Al-Qassim,1
Skåne,1
Nitra,1
Erzincan,1
Zaporizhzhya,1
Kyiv,1
Sumshchyna,1
