name,unique_exits,total_exits,exit_rate
/3.14/whatsnew/3.14.html,636,646,
/3.14/,85,86,
/3.14/tutorial/index.html,66,72,
/3.14/using/windows.html,61,63,
/3/,36,36,
/3.15/whatsnew/3.15.html,27,27,
/3.14/library/compression.zstd.html,24,25,
/zh-cn/3.14/whatsnew/3.14.html,24,26,
/3.14/whatsnew/changelog.html,21,21,
/3.15/,20,20,
/3.13/,18,18,
/3.14/library/concurrent.interpreters.html,17,16,
/3.14/library/concurrent.futures.html,15,15,
/3.14/tutorial/,15,15,
/3.14/tutorial/introduction.html,15,16,
/zh-cn/3.14/tutorial/index.html,15,15,
/3.14/library/typing.html,14,14,
/3.14/index.html,13,13,
/3.14/library/stdtypes.html,12,14,
/3.14/glossary.html,11,11,
/3.14/howto/free-threading-python.html,10,10,
/3.14/search.html,10,10,
/3.13/whatsnew/3.13.html,9,9,
/3.14/library/uuid.html,9,9,
/zh-cn/3.14/whatsnew/,9,9,
/3.13/tutorial/index.html,8,8,
/3.14/library/index.html,8,8,
/3/whatsnew/3.13.html,8,8,
/zh-cn/3.14/,8,8,
/zh-cn/3.14/using/index.html,8,8,
/3.14/tutorial/datastructures.html,7,7,
/3/library/index.html,7,7,
/ja/3.14/whatsnew/3.14.html,7,7,
/3.14/download.html,6,6,
/3.14/howto/remote_debugging.html,6,6,
/3.14/library/annotationlib.html,6,6,
/3.14/library/idle.html,6,6,
/3.14/library/multiprocessing.html,6,6,
/3.14/library/string.templatelib.html,6,5,
/3.14/tutorial/interpreter.html,6,6,
/3/tutorial/index.html,6,6,
/it/3.14/whatsnew/3.14.html,6,6,
/zh-cn/3.14/library/ast.html,6,6,
/3.12/,5,5,
/3.14/library/asyncio-eventloop.html,5,5,
/3.14/reference/compound_stmts.html,5,5,
/3.14/tutorial/controlflow.html,5,6,
/3.14/using/cmdline.html,5,4,
/3/howto/free-threading-python.html,5,5,
/3/library/concurrent.futures.html,5,6,
/zh-cn/3.14/c-api/init_config.html,5,5,
/zh-cn/3.14/library/functions.html,5,6,
/zh-cn/3.14/tutorial/controlflow.html,5,5,
/3.14/library/argparse.html,4,4,
/3.14/library/datetime.html,4,5,
/3.14/library/sys.html,4,4,
/3.14/reference/index.html,4,4,
/3.14/whatsnew/3.13.html,4,4,
/3.14/whatsnew/index.html,4,4,
/3/library/functions.html,4,4,
/3/library/threading.html,4,5,
/3/tutorial/,4,4,
/dev/using/windows.html,4,4,
/ja/3.14/index.html,4,4,
/ja/3.14/library/index.html,4,4,
/uk/3.14/library/uuid.html,4,4,
/zh-cn/3.14/download.html,4,4,
/zh-cn/3.14/library/intro.html,4,4,
/zh-cn/3.14/whatsnew/index.html,4,4,
/3.13/download.html,3,3,
/3.13/using/windows.html,3,3,
/3.14/library/asyncio-task.html,3,4,
/3.14/library/os.html,3,3,
/3.14/library/random.html,3,3,
/3.14/library/threading.html,3,3,
/3.14/library/venv.html,3,1,
/3.14/py-modindex.html,3,2,
/3.14/reference/datamodel.html,3,4,
/3.14/reference/lexical_analysis.html,3,3,
/3.14/tutorial/appetite.html,3,3,
/3.14/using/index.html,3,3,
/3.15/whatsnew/3.14.html,3,3,
/3/glossary.html,3,3,
/3/library/datetime.html,3,3,
/3/library/multiprocessing.html,3,1,
/3/library/pickle.html,3,3,
/3/library/stdtypes.html,3,3,
/3/search.html,3,3,
/3/tutorial/errors.html,3,3,
/3/whatsnew/3.12.html,3,3,
/ja/3.13/tutorial/introduction.html,3,3,
/ja/3.14/library/stdtypes.html,3,3,
/zh-cn/3.13/tutorial/index.html,3,3,
/zh-cn/3.13/using/windows.html,3,3,
/zh-cn/3.14/faq/general.html,3,3,
/zh-cn/3.14/glossary.html,3,3,
/zh-cn/3.14/index.html,3,3,
/zh-cn/3.14/library/asyncio-runner.html,3,3,
/zh-cn/3.14/reference/compound_stmts.html,3,3,
/zh-cn/3.14/tutorial/introduction.html,3,3,
