name,visitors,bounce_rate,visit_duration
Direct / None,1057,68,248
google.com,513,64,342
python.org,125,60,271
pythoninsider.blogspot.com,53,53,171
bing.com,38,67,265
duckduckgo.com,35,61,263
baidu.com/link,21,67,202
cn.bing.com,20,57,1124
ecosia.org,8,20,370
github.com,8,83,41
github.com/python/pymanager,8,75,1
peps.python.org,8,50,911
discuss.python.org,7,29,289
chatgpt.com,6,100,794
statics.teams.cdn.office.net,6,83,255
qiita.com,4,75,56
search.brave.com,4,100,1042
android-app://com.linkedin.android,3,67,8
contrast.atlassian.net,3,0,2150
google.com.hk,3,50,167
habr.com/ru/companies/ru_mts/articles/905098,3,50,48
linkedin.com,3,100,0
phoronix.com,3,100,125
typing-extensions.readthedocs.io,3,100,0
typing-extensions.readthedocs.io/en/latest,3,100,0
yandex.ru,3,67,34
android-app://com.reddit.frontpage,2,100,0
baidu.com,2,100,0
github.com/astral-sh/ruff/issues/15100,2,100,0
google.fr,2,0,397
habr.com,2,100,0
link.zhihu.com,2,0,90
m365.cloud.microsoft,2,100,0
mypy.readthedocs.io/en/stable/generics.html,2,0,304
pypi.org,2,0,5058
realpython.com,2,33,661
roadmap.sh,2,0,112
search.lilo.org,2,0,596
t.co,2,100,0
typing-extensions.readthedocs.io/en/latest/index.html,2,100,0
android-app://com.slack,1,100,0
bytedance.larkoffice.com,1,100,0
code.djangoproject.com,1,100,0
codecademy.cn,1,0,1024
docs.fabfile.org/en/latest/api/connection.html,1,0,1741
docs.google.com,1,0,4
doubao.com,1,0,1251
en.wikipedia.org,1,0,700
epbozxnplzwt.labs.coursera.org,1,0,760
frameworktraining.co.uk,1,100,0
gemini.google.com,1,0,10
github.com/cloudpipe/cloudpickle/issues/567,1,100,0
github.com/mu-editor/mu/issues/2485,1,0,524
github.com/phasorpy/phasorpy/pull/276,1,0,87
github.com/pyenv-win/pyenv-win/issues/640,1,0,0
github.com/python/cpython/issues/137232,1,100,0
github.com/python/cpython/tree/3.14,1,0,34
github.com/tornadoweb/tornado/issues/3501,1,100,0
google.co.in,1,0,1200
google.co.nz,1,0,1515
google.pl,1,100,0
happytodev.substack.com,1,100,0
hckrnews.com,1,100,0
lucumr.pocoo.org,1,0,0
m.baidu.com/from=1001703a/bd_page_type=1/ssid=0/uid=0/pu=usm%401%2Csz%401320_220%2Cta%40iphone___18_40.10/baiduid=20D210784FD60C4677945045B750DD08/w=0_10_/t=iphone/l=1/tc,1,100,0
m.baidu.com/from=1019311v/bd_page_type=1/ssid=0/uid=0/pu=usm%401%2Csz%401320_1001%2Cta%40iphone_2_15.0_19_24.6/baiduid=78EB21D125DFF56B1E9B5A0F5D55B000/w=0_10_/t=iphone/l=1/tc,1,100,0
matplotlib.org,1,0,7239
medium.com,1,0,1185
mskadu.medium.com,1,0,319
networkx.org,1,0,10
ntp.msn.cn,1,100,0
old.reddit.com/r/Python/comments/1lvjrgj/freethreaded_multicore_parallel_python_will_be,1,100,0
perplexity.ai,1,100,0
python.it,1,0,157
python.libhunt.com,1,100,0
read.readwise.io,1,100,0
reddit.com/r/learnpython/comments/1l5wtps/uuid_v7_package,1,100,0
rtpg.co,1,100,0
runoob.com,1,0,0
sgithub.fr.world.socgen,1,0,3
sphinx-doc.org/en/master,1,0,272
vedas.woa.com,1,100,0
ya.ru,1,100,0
youtube.com,1,100,0
