name,version,visitors
Windows,10,824
Android,10,780
iOS,18.3,564
iOS,18.1,333
Mac,10.15,328
iOS,18.2,168
GNU/Linux,(not set),153
Android,15,97
Android,14,81
iOS,17.6,51
Android,13,30
iOS,18.0,19
Ubuntu,(not set),17
Android,11,17
Android,12,16
iOS,16.7,14
Chrome OS,14541.0,9
iOS,16.6,8
iOS,17.5,8
iOS,17.7,7
iOS,15.8,4
iOS,16.3,4
HarmonyOS,(not set),3
iOS,16.4,3
Windows,7,3
Chrome OS,14816.131,2
iOS,15.1,2
iOS,16.5,2
iOS,17.4,2
iPadOS,17.6,2
Android,9,2
Windows,Server 2003,2
Chrome OS,(not set),1
Firefox OS,(not set),1
iOS,12.5,1
iOS,13.3,1
iOS,14.3,1
iOS,15.5,1
iOS,16.0,1
iOS,16.1,1
iPadOS,16.3,1
iPadOS,16.5,1
iOS,17.0,1
iOS,17.1,1
iOS,18.4,1
Fire OS,7,1
Windows,8,1
Android,8.0,1
Windows,8.1,1
Android,8.1,1
