name,unique_entrances,total_entrances,visit_duration
/pt-br/latest/guides/installing-using-pip-and-virtual-environments/,13,13,9
/en/latest/tutorials/installing-packages/,12,12,612
/pt-br/latest/tutorials/installing-packages/,8,9,40
/pt-br/latest/guides/writing-pyproject-toml/,6,6,0
/pt-br/latest/glossary/,4,5,1
/en/latest/guides/writing-pyproject-toml/,3,4,384
/pt-br/latest/guides/installing-using-linux-tools/,3,3,4
/pt-br/latest/key_projects/,3,3,1
/pt-br/latest/tutorials/packaging-projects/,3,3,182
/en/latest/guides/installing-using-pip-and-virtual-environments/,2,2,68
/pt-br/latest/overview/,2,2,0
/pt-br/latest/specifications/core-metadata/,2,2,0
/en/latest/guides/creating-command-line-tools/,1,1,360
/en/latest/guides/distributing-packages-using-setuptools/,1,1,0
/en/latest/guides/packaging-binary-extensions/,1,1,16
/ja/latest/tutorials/installing-packages/,1,1,8
/pt-br/latest/,1,1,0
/pt-br/latest/discussions/downstream-packaging/,1,1,0
/pt-br/latest/discussions/setup-py-deprecated/,1,1,0
/pt-br/latest/discussions/single-source-version/,1,1,0
/pt-br/latest/guides/creating-command-line-tools/,1,1,20
/pt-br/latest/guides/installing-stand-alone-command-line-tools/,1,1,0
/pt-br/latest/guides/modernize-setup-py-project/,1,1,0
/pt-br/latest/specifications/license-expression/,1,1,0
/pt-br/latest/specifications/pypirc/,1,1,0
/pt-br/latest/specifications/recording-installed-packages/,1,1,0
/pt-br/latest/specifications/source-distribution-format/,1,1,0
/pt-br/latest/specifications/virtual-environments/,1,1,0
/pt-br/latest/support/,1,1,0
