name,unique_exits,total_exits,exit_rate
/tr/3/installing/index.html,10,11,
/tr/3/tutorial/index.html,6,6,
/tr/3.12/tutorial/classes.html,5,5,
/tr/3.13/tutorial/index.html,5,5,
/tr/3/tutorial/introduction.html,4,5,
/tr/3.13/,3,4,
/tr/3.13/library/stdtypes.html,3,3,
/tr/3.13/search.html,3,3,
/tr/3/,3,3,
/tr/3/tutorial/errors.html,3,3,
/3/,2,2,
/3/search.html,2,1,
/tr/3.13/tutorial/controlflow.html,2,2,
/tr/3.13/tutorial/interpreter.html,2,2,
/tr/3/library/functions.html,2,2,
/tr/3/library/math.html,2,2,
/tr/3/library/tk.html,2,2,
/3.13/howto/sorting.html,1,1,
/3.13/index.html,1,1,
/3.13/library/math.html,1,1,
/3.13/library/tkinter.html,1,1,
/3.13/tutorial/classes.html,1,1,
/3.13/tutorial/datastructures.html,1,1,
/3.13/tutorial/index.html,1,1,
/3.13/using/windows.html,1,1,
/3.13/whatsnew/3.13.html,1,1,
/3/extending/embedding.html,1,1,
/3/howto/annotations.html,1,1,
/3/library/idle.html,1,1,
/3/library/index.html,1,1,
/3/library/random.html,1,1,
/3/library/threading.html,1,0,
/3/tutorial/classes.html,1,1,
/3/tutorial/datastructures.html,1,1,
/3/tutorial/index.html,1,1,
/3/using/windows.html,1,1,
/3/whatsnew/3.13.html,1,1,
/es/3.13/library/functions.html,1,1,
/es/3.13/tutorial/modules.html,1,1,
/ja/3.13/tutorial/introduction.html,1,1,
/pt-br/3.13/download.html,1,1,
/tr/3.12/,1,1,
/tr/3.12/tutorial/index.html,1,1,
/tr/3.13/library/enum.html,1,1,
/tr/3.13/library/exceptions.html,1,1,
/tr/3.13/library/index.html,1,1,
/tr/3.13/library/threading.html,1,1,
/tr/3.13/library/tkinter.html,1,1,
/tr/3.13/library/turtle.html,1,1,
/tr/3.13/reference/,1,1,
/tr/3.13/tutorial/modules.html,1,1,
/tr/3.13/using/unix.html,1,1,
/tr/3.13/whatsnew/3.13.html,1,1,
/tr/3.13/whatsnew/3.8.html,1,1,
/tr/3.14/library/turtle.html,1,0,
/tr/3.14/license.html,1,1,
/tr/3/genindex.html,1,1,
/tr/3/glossary.html,1,1,
/tr/3/tutorial/,1,1,
/tr/3/tutorial/controlflow.html,1,1,
/tr/3/tutorial/datastructures.html,1,1,
/tr/3/tutorial/floatingpoint.html,1,1,
/tr/3/tutorial/interpreter.html,1,1,
/zh-cn/3.12/library/stdtypes.html,1,1,
/zh-cn/3.13/library/stdtypes.html,1,1,
/zh-cn/3.13/reference/compound_stmts.html,1,1,
/zh-cn/3/installing/index.html,1,1,
