name,unique_exits,total_exits,exit_rate
/3.12/,282,296,
/3.12/tutorial/index.html,188,193,
/3.12/using/windows.html,158,161,
/3.12/whatsnew/3.12.html,150,151,
/3.12/library/functions.html,109,111,
/3.12/library/stdtypes.html,109,111,
/3.12/search.html,87,88,
/3.12/library/2to3.html,67,68,
/3.12/library/,64,64,
/3.12/tutorial/,62,62,
/3.12/library/datetime.html,61,63,
/3.12/index.html,52,53,
/3.12/library/index.html,51,52,
/3.12/library/typing.html,49,50,
/3.12/tutorial/interpreter.html,49,51,
/3/,46,46,
/3.12/library/exceptions.html,45,45,
/3.12/tutorial/introduction.html,45,49,
/3.12/library/os.html,42,42,
/3.12/library/tkinter.html,34,35,
/3.12/tutorial/controlflow.html,32,35,
/3.12/library/subprocess.html,29,30,
/3.12/library/telnetlib.html,28,29,
/zh-cn/3.12/library/functions.html,28,32,
/3.12/library/pathlib.html,27,29,
/zh-cn/3.12/using/mac.html,25,25,
/3.12/installing/index.html,24,24,
/3.12/tutorial/appetite.html,24,26,
/zh-cn/3.12/library/index.html,24,24,
/3.12/library/multiprocessing.html,22,23,
/3.12/glossary.html,21,23,
/3.12/library/logging.html,21,22,
/zh-cn/3.12/,21,21,
/zh-cn/3.12/library/multiprocessing.html,21,21,
/3.12/library/random.html,20,20,
/zh-cn/3.12/tutorial/index.html,20,20,
/3.12/library/re.html,19,19,
/3.12/library/itertools.html,18,19,
/es/3.12/tutorial/interpreter.html,18,18,
/3.12/library/json.html,16,16,
/3.12/library/os.path.html,16,16,
/zh-cn/3.12/search.html,16,17,
/3.12/contents.html,15,15,
/3.12/library/asyncio.html,15,15,
/3.12/library/time.html,15,18,
/3.12/py-modindex.html,15,15,
/3.12/whatsnew/changelog.html,15,21,
/3/library/functions.html,15,15,
/zh-cn/3.12/library/threading.html,15,15,
/zh-cn/3.12/library/typing.html,15,16,
/3.12/tutorial/datastructures.html,14,14,
/3.13/whatsnew/3.13.html,14,14,
/zh-cn/3.12/library/ctypes.html,14,15,
/3.12/reference/index.html,13,13,
/zh-cn/3.12/index.html,13,15,
/zh-cn/3.12/library/asyncio-task.html,13,13,
/zh-cn/3.12/using/,13,13,
/3.12/library/argparse.html,12,13,
/3.12/library/asyncio-task.html,12,12,
/3.12/library/collections.html,12,13,
/3.12/library/enum.html,12,12,
/3.12/library/idle.html,12,12,
/3.12/library/io.html,12,12,
/3.12/library/math.html,12,13,
/3.13/,12,12,
/3/tutorial/index.html,12,12,
/3.12/download.html,11,11,
/3.12/library/sqlite3.html,11,11,
/3.12/library/unittest.mock.html,11,12,
/3.12/reference/datamodel.html,11,12,
/zh-cn/3.12/download.html,11,11,
/zh-cn/3.12/library/heapq.html,11,11,
/3.12/library/threading.html,10,10,
/3.12/library/turtle.html,10,10,
/3.12/library/xml.etree.elementtree.html,10,10,
/3/library/stdtypes.html,10,10,
/3/whatsnew/3.12.html,10,10,
/ja/3.12/library/functions.html,10,10,
/zh-cn/3.12/library/asyncio.html,10,10,
/zh-cn/3.12/library/pathlib.html,10,10,
/3.12/library/collections.abc.html,9,9,
/3.12/library/queue.html,9,9,
/3.12/tutorial/classes.html,9,10,
/3.12/using/cmdline.html,9,10,
/3.14/whatsnew/3.14.html,9,9,
/3/library/typing.html,9,9,
/zh-cn/3.12/library/pprint.html,9,9,
/zh-cn/3.12/library/queue.html,9,9,
/zh-cn/3.12/library/stdtypes.html,9,9,
/zh-cn/3.12/library/subprocess.html,9,9,
/zh-cn/3.12/tutorial/datastructures.html,9,9,
/3.12/library/array.html,8,8,
/3.12/library/ast.html,8,8,
/3.12/library/cgi.html,8,8,
/3.12/tutorial/errors.html,8,9,
/3.12/tutorial/modules.html,8,14,
/3.12/using/index.html,8,8,
/3/library/re.html,8,8,
/3/library/tkinter.html,8,8,
/3/tutorial/controlflow.html,8,8,
