name,visitors
São Paulo,672
Rio de Janeiro,161
Minas Gerais,149
Paraná,124
Rio Grande do Sul,79
Santa Catarina,76
Federal District,72
Pernambuco,71
Bahia,68
Ceará,61
Goiás,57
Pará,44
Amazonas,41
Lisbon,41
Espírito Santo,39
Paraíba,30
Porto,28
Maranhão,21
Mato Grosso,21
Piauí,21
Rio Grande do Norte,21
Sergipe,19
Mato Grosso do Sul,18
Alagoas,14
Luanda,9
Rondônia,5
Tocantins,5
Braga,5
Amapá,4
Coimbra,4
Hebei,3
Maputo,3
Faro,3
Leiria,3
Setúbal,3
Henan,2
Nampula,2
Sofala,2
Castelo Branco,2
Viseu,2
Buenos Aires,1
New South Wales,1
Acre,1
Ontario,1
Vaud,1
San José,1
São Vicente,1
Extremadura,1
Île-de-France,1
Guatemala,1
Karnataka,1
Lombardy,1
South Gyeongsang,1
Metro Manila,1
Podlachia,1
Santarém,1
Viana do Castelo,1
Istanbul,1
Florida,1
Georgia,1
