property,value,visitors,events,percentage
url,(none),8856,19115,99.7
url,https://www.python.org/,175,188,2.0
url,https://www.python.org/downloads/,19,21,0.2
url,https://pypi.org/,15,17,0.2
url,https://www.python.org/downloads/macos/,12,12,0.1
url,https://www.tkdocs.com/shipman/,9,9,0.1
url,https://tkdocs.com/,8,8,0.1
url,https://github.com/python/cpython/tree/3.13/Lib/idlelib/,6,7,0.1
url,https://briefcase.readthedocs.io/,4,4,0.0
url,https://github.com/python/cpython/tree/3.13/Lib/tkinter/__init__.py,4,4,0.0
url,https://packaging.python.org/en/latest/tutorials/installing-packages/#ensure-pip-setuptools-and-wheel-are-up-to-date,4,4,0.0
url,https://peps.python.org/pep-0703/,4,4,0.0
url,https://github.com/python/cpython/tree/3.13/Lib/idlelib,3,3,0.0
url,https://peps.python.org/pep-0008/,3,3,0.0
url,https://peps.python.org/pep-0636/,3,3,0.0
url,https://www.debian.org/doc/manuals/maint-guide/first.en.html,3,3,0.0
url,https://www.python.org/doc/versions/,3,3,0.0
url,https://buildozer.readthedocs.io/,2,2,0.0
url,https://chaquo.com/chaquopy,2,2,0.0
url,https://en.wikipedia.org/wiki/Turtle_(robot),2,2,0.0
url,https://github.com/python/cpython/blob/main/Doc/whatsnew/3.13.rst?plain=1,2,2,0.0
url,https://github.com/python/cpython/tree/3.13/Android/testbed/app/src/main/c/main_activity.c,2,3,0.0
url,https://github.com/python/cpython/tree/3.13/Lib/ntpath.py,2,2,0.0
url,https://github.com/python/cpython/tree/3.13/Lib/tkinter/ttk.py,2,2,0.0
url,https://learn.microsoft.com/windows/win32/procthread/environment-variables,2,2,0.0
url,https://packaging.python.org/,2,2,0.0
url,https://packaging.python.org/en/latest/tutorials/packaging-projects/,2,2,0.0
url,https://packaging.python.org/installing/,2,2,0.0
url,https://packaging.python.org/installing/#creating-virtual-environments,2,2,0.0
url,https://packaging.python.org/science/,2,2,0.0
url,https://peps.python.org/,2,2,0.0
url,https://peps.python.org/pep-0745/,2,2,0.0
url,https://typing.python.org/en/latest/,2,2,0.0
url,https://wiki.python.org/moin/GuiProgramming,2,2,0.0
url,https://www.jython.org/,2,2,0.0
url,https://www.tcl.tk/man/tcl8.6/TkCmd/contents.htm,2,2,0.0
url,https://www.tcl.tk/man/tcl8.6/TkCmd/ttk_button.htm,2,4,0.0
url,https://apps.microsoft.com/detail/9NQ7512CXL7T,1,1,0.0
url,https://beeware.org/,1,1,0.0
url,https://bugs.python.org/issue?@action=redirect&bpo=23086,1,2,0.0
url,https://cffi.readthedocs.io/,1,1,0.0
url,https://cibuildwheel.pypa.io/en/stable/platforms/#android,1,1,0.0
url,https://core.tcl.tk/tips/doc/trunk/tip/48.md,1,1,0.0
url,https://cython.org/,1,1,0.0
url,https://datatracker.ietf.org/doc/html/rfc7230.html,1,1,0.0
url,https://discuss.python.org/t/pep-779-criteria-for-supported-status-for-free-threaded-python/84319/123,1,1,0.0
url,https://en.opensuse.org/Portal:Packaging,1,1,0.0
url,https://en.wikipedia.org/wiki/Cumulative_distribution_function,1,1,0.0
url,https://en.wikipedia.org/wiki/Database_transaction,1,1,0.0
url,https://en.wikipedia.org/wiki/Lexical_analysis,1,1,0.0
url,https://github.com/python/cpython/blob/main/Doc/bugs.rst?plain=1,1,1,0.0
url,https://github.com/python/cpython/blob/main/Doc/library/index.rst?plain=1,1,1,0.0
url,https://github.com/python/cpython/blob/main/Doc/library/logging.rst?plain=1,1,1,0.0
url,https://github.com/python/cpython/blob/main/Doc/library/socket.rst?plain=1,1,1,0.0
url,https://github.com/python/cpython/blob/main/Doc/reference/index.rst?plain=1,1,2,0.0
url,https://github.com/python/cpython/blob/main/Doc/tutorial/index.rst?plain=1,1,1,0.0
url,https://github.com/python/cpython/blob/main/Doc/tutorial/interpreter.rst?plain=1,1,1,0.0
url,https://github.com/python/cpython/blob/main/Doc/tutorial/introduction.rst?plain=1,1,1,0.0
url,https://github.com/python/cpython/tree/3.13/Android/testbed/app/src/main/java/org/python/testbed/MainActivity.kt,1,1,0.0
url,https://github.com/python/cpython/tree/3.13/Lib/__future__.py,1,1,0.0
url,https://github.com/python/cpython/tree/3.13/Lib/asyncio/queues.py,1,1,0.0
url,https://github.com/python/cpython/tree/3.13/Lib/asyncio/runners.py,1,1,0.0
url,https://github.com/python/cpython/tree/3.13/Lib/copy.py,1,3,0.0
url,https://github.com/python/cpython/tree/3.13/Lib/genericpath.py,1,1,0.0
url,https://github.com/python/cpython/tree/3.13/Lib/importlib/__init__.py,1,2,0.0
url,https://github.com/python/cpython/tree/3.13/Lib/multiprocessing/,1,1,0.0
url,https://github.com/python/cpython/tree/3.13/Lib/platform.py,1,1,0.0
url,https://github.com/python/cpython/tree/3.13/Lib/random.py,1,1,0.0
url,https://github.com/python/cpython/tree/3.13/Lib/shutil.py,1,1,0.0
url,https://github.com/python/cpython/tree/3.13/Lib/string.py,1,1,0.0
url,https://github.com/python/cpython/tree/3.13/Lib/tomllib,1,1,0.0
url,https://github.com/python/cpython/tree/3.13/Lib/turtle.py,1,1,0.0
url,https://github.com/python/cpython/tree/3.13/Lib/unittest/__init__.py,1,1,0.0
url,https://github.com/python/cpython/tree/main/Android/README.md,1,1,0.0
url,https://github.com/python/cpython/tree/main/Lib/re/,1,1,0.0
url,https://manpages.debian.org/setsockopt(2),1,1,0.0
url,https://mypy.readthedocs.io/en/stable/index.html,1,1,0.0
url,https://packaging.python.org/en/latest/tutorials/installing-packages/,1,1,0.0
url,https://packaging.python.org/extensions/,1,1,0.0
url,https://packaging.python.org/guides/installing-using-pip-and-virtual-environments/#create-and-use-virtual-environments,1,1,0.0
url,https://peps.python.org/pep-0397/,1,1,0.0
url,https://peps.python.org/pep-0475/,1,1,0.0
url,https://peps.python.org/pep-0506/,1,1,0.0
url,https://peps.python.org/pep-0563/,1,1,0.0
url,https://peps.python.org/pep-0594/,1,1,0.0
url,https://peps.python.org/pep-0604/,1,1,0.0
url,https://peps.python.org/pep-0632/#migration-advice,1,1,0.0
url,https://peps.python.org/pep-0644/,1,1,0.0
url,https://peps.python.org/pep-0646/,1,1,0.0
url,https://peps.python.org/pep-0730/,1,1,0.0
url,https://peps.python.org/pep-0738/,1,1,0.0
url,https://peps.python.org/pep-0750/,1,1,0.0
url,https://peps.python.org/pep-3105/,1,1,0.0
url,https://peps.python.org/pep-3119/,1,1,0.0
url,https://peps.python.org/pep-3120/,1,1,0.0
url,https://peps.python.org/pep-3149/,1,2,0.0
url,https://py-free-threading.github.io/installing-cpython/,1,1,0.0
url,https://pypi.org/project/more-itertools/,1,1,0.0
url,https://pypi.org/project/regex/,1,1,0.0
url,https://pypi.org/project/telnetlib3/,1,1,0.0
url,https://pyvideo.org/,1,1,0.0
url,https://requests.readthedocs.io/en/master/,1,1,0.0
url,https://scipy.org/,1,1,0.0
url,https://setuptools.readthedocs.io/en/latest/setuptools.html,1,1,0.0
url,https://support.apple.com/en-us/HT201732,1,1,0.0
url,https://termux.dev/en/,1,1,0.0
url,https://tiswww.case.edu/php/chet/readline/rltop.html,1,1,0.0
url,https://tktable.sourceforge.net/tile/doc/converting.txt,1,1,0.0
url,https://udrepper.livejournal.com/20407.html,1,1,0.0
url,https://unicode.org/Public/UNIDATA/extracted/DerivedNumericType.txt,1,1,0.0
url,https://wiki.python.org/moin/BeginnersGuide,1,1,0.0
url,https://wiki.python.org/moin/PythonBooks,1,1,0.0
url,https://www.iana.org/assignments/character-sets/character-sets.xhtml,1,1,0.0
url,https://www.packtpub.com/en-us/product/python-gui-programming-with-tkinter-9781788835886,1,1,0.0
url,https://www.python.org/downloads/windows/,1,1,0.0
url,https://www.riverbankcomputing.com/static/Docs/pyqtdeploy/,1,1,0.0
url,https://www.tcl.tk/man/tcl8.6/TkCmd/options.htm,1,1,0.0
url,https://www.zlib.net/,1,1,0.0
url,https://xkcd.com/936/,1,2,0.0
