name,visitors,bounce_rate,visit_duration
google.com,856,72,200
Direct / None,353,56,448
m.baidu.com,64,78,22
google.co.kr,33,68,146
python.org,26,0,142
bing.com,25,76,412
chatgpt.com,16,33,502
wikidocs.net,12,92,93
velog.io,11,91,60
namu.wiki,10,40,13
codeup.kr,8,60,49
codeit.kr,6,100,0
discordpy-ko.github.io,4,75,31
blockdmask.tistory.com/437,2,100,0
blog.potados.com,2,100,0
classroom.google.com,2,100,0
clien.net,2,100,0
clien.net/service/board/kin/17320380,2,100,0
gemini.google.com,2,0,68
github.com,2,50,2
m.dcinside.com,2,0,18
search.yahoo.com,2,100,0
baidu.com,1,100,0
blockdmask.tistory.com,1,100,0
blog.naver.com/PostView.naver,1,100,0
brunch.co.kr/@yysttong/136,1,100,0
choiseokwon.tistory.com,1,100,0
coding-kindergarten.tistory.com/210,1,100,0
computer-science-student.tistory.com,1,100,0
daleseo.com,1,0,112
dev-jy.tistory.com/5,1,100,0
dgscience-hs.goorm.io,1,0,30
dreamhack.io,1,0,2048
dubudata.tistory.com/19,1,0,207
eesko.tistory.com/65,1,100,0
endler.dev/2025/best-programmers,1,0,921
fastapi.tiangolo.com,1,0,135
freecodecamp.org/korean/news/python-for-loop-for-i-in-range-example,1,0,710
github.com/currenjin/site-for-developers,1,0,80
github.com/elbakramer/koapy/discussions/35,1,100,0
github.com/panaversity/learn-modern-ai-python/tree/main/00_python_colab,1,0,28
graycha.tistory.com/220,1,100,0
infobearyou.kr,1,100,0
j3sung.tistory.com/583,1,100,0
jh-bk.tistory.com/40,1,0,3
jiniway.tistory.com/15,1,0,106
kdw9502.tistory.com,1,100,0
kdw9502.tistory.com/6,1,100,0
m.baidu.com/from=1001192y/bd_page_type=1/ssid=0/uid=0/pu=sz%401320_1001%2Cta%40iphone_2_12.0_28_16.0%2Cusm%400/baiduid=00159A05391BF325B8BEFC4FDEB2D398/w=10_10_/t=iphone/l=1/tc,1,100,0
m.baidu.com/from=1001192y/bd_page_type=1/ssid=0/uid=0/pu=usm%400%2Csz%401320_1001%2Cta%40iphone_2_10.0_28_16.0/baiduid=8EACEB6389F95F727D6571FEF4567827/w=10_10_/t=iphone/l=1/tc,1,100,0
m.baidu.com/from=1001703a/bd_page_type=1/ssid=0/uid=0/pu=usm%400%2Csz%401320_1001%2Cta%40iphone_2_10.0_18_40.7/baiduid=D48693F7FAB7845529CA9727D969744C/w=0_10_/t=iphone/l=1/tc,1,100,0
m.baidu.com/from=1001703y/bd_page_type=1/ssid=0/uid=0/pu=usm%400%2Csz%401320_1001%2Cta%40iphone_2_10.0_18_40.7/baiduid=AB93CDC59A7102AF23E4E783D7647B94/w=0_10_/t=iphone/l=1/tc,1,0,6
m.baidu.com/from=1012852q/bd_page_type=1/ssid=0/uid=0/pu=sz%401320_1004%2Cta%40iphone_2_13.0_11_19.3%2Cusm%400/baiduid=57C5C8DFD49CE5F68EA7F769C5AF0F59/w=30_10_/t=iphone/l=1/tc,1,0,32
m.baidu.com/from=1012852q/bd_page_type=1/ssid=0/uid=0/pu=usm%400%2Csz%401320_1004%2Cta%40iphone_2_13.0_11_14.6/baiduid=11D54B0D3BB8E00DF5CA9F06C9969ED5/w=0_10_/t=iphone/l=1/tc,1,100,0
m.baidu.com/from=1012852q/bd_page_type=1/ssid=0/uid=0/pu=usm%400%2Csz%401320_1004%2Cta%40iphone_2_14.0_11_18.9/baiduid=39E07B74595C0463CA58ABD77EFFFE73/w=0_10_/t=iphone/l=1/tc,1,0,248
m.baidu.com/from=1012852q/bd_page_type=1/ssid=0/uid=0/pu=usm%400%2Csz%401320_1004%2Cta%40iphone_2_9.0_11_11.4/baiduid=E2BCAA367EC832D49B36BD219D2B2E8F/w=30_10_/t=iphone/l=1/tc,1,100,0
m.baidu.com/from=1012852s/bd_page_type=1/ssid=0/uid=0/pu=usm%400%2Csz%401320_1004%2Cta%40iphone_2_15.0_11_19.3/baiduid=6D7DB06E3EF4615BE9CBA3DCE4B7A056/w=0_10_/t=iphone/l=1/tc,1,0,44
m.baidu.com/from=1013966u/bd_page_type=1/ssid=0/uid=0/pu=usm%401%2Csz%401320_1001%2Cta%40iphone_2_11.0_19_23.6/baiduid=930BCAB3085CE5B1A43189E7398AF689/w=0_10_/t=iphone/l=1/tc,1,100,0
m.baidu.com/from=1019311v/bd_page_type=1/ssid=0/uid=0/pu=usm%400%2Csz%401320_1001%2Cta%40iphone_2_15.0_19_24.6/baiduid=2ED052D0F50E0E68B3F699A27EB2FF8A/w=0_10_/t=iphone/l=1/tc,1,100,0
m.baidu.com/from=1020681l/bd_page_type=1/ssid=0/uid=0/pu=usm%400%2Csz%401320_1001%2Cta%40iphone_2_14.0_18_40.9/baiduid=D5741DB2CA4FED2BCF6A43427FCE8E32/w=0_10_/t=iphone/l=1/tc,1,100,0
m.baidu.com/from=1020681l/bd_page_type=1/ssid=0/uid=0/pu=usm%401%2Csz%401320_1001%2Cta%40iphone_2_12.0_18_40.7/baiduid=D6EEFB98E174976950316E0BFF0F110F/w=20_10_/t=iphone/l=1/tc,1,100,0
m.baidu.com/from=1020761f/bd_page_type=1/ssid=0/uid=0/pu=sz%401320_1001%2Cta%40iphone_2_10.0_19_24.0%2Cusm%400/baiduid=216A7B60FBD5A98A28D70EAF2919B455/w=0_10_/t=iphone/l=1/tc,1,100,0
m.baidu.com/from=1020761f/bd_page_type=1/ssid=0/uid=0/pu=usm%400%2Csz%401320_1001%2Cta%40iphone_2_13.0_19_24.0/baiduid=2B8E16826EAD5066EC848FBFBF619E42/w=0_10_/t=iphone/l=1/tc,1,100,0
m.baidu.com/from=1020761f/bd_page_type=1/ssid=0/uid=0/pu=usm%401%2Csz%401320_1001%2Cta%40iphone_2_10.0_19_22.3/baiduid=0E6A4ED37E972B42043761DE6D25D509/w=0_10_/t=iphone/l=1/tc,1,100,0
m.baidu.com/from=1020761f/bd_page_type=1/ssid=0/uid=0/pu=usm%401%2Csz%401320_1001%2Cta%40iphone_2_14.0_19_23.9/baiduid=527E3F8C513D6EC8E55EB13C55C2B1D8/w=0_10_/t=iphone/l=1/tc,1,100,0
m.baidu.com/from=1020761t/bd_page_type=1/ssid=0/uid=0/pu=usm%400%2Csz%401320_1001%2Cta%40iphone_2_11.0_19_23.3/baiduid=1D280BEBF052B7C0DC2B223A742655A1/w=10_10_/t=iphone/l=1/tc,1,100,0
m.baidu.com/from=1027073d/ssid=0/pu=vmgdb%400020100228y%2Ccfrom%401027073d%2Cctv%402%2Ccen%40cuid_cua_cut%2Ccsrc%40home_box_txt%2Ccuid%40_8SvugOY2ul_iva8lu-6il8QSagmuvi0gPBji08nH88yk3at_kSta1xEA%2Ccua%40_a-qiyuO2fg4NE64I5me6NN0v8zTu-I4_C2H8yaN-iqlC%2Cwh%401%2Cosname%40baiduboxapp%2Csz%401320_480%2Cc3_aid%40A00-JONWPURJ4ADS5RVMFQXUH7L6MV2VUIHR-LZBK3JVM/s,1,100,0
m.baidu.com/from=1030335x/bd_page_type=1/ssid=0/uid=0/pu=usm%400%2Csz%401320_1001%2Cta%40iphone_2_13.0_24_101.0/baiduid=6F285D751E8D1DF0D4CC971C806B3E87/w=0_10_/t=iphone/l=1/tc,1,100,0
m.baidu.com/from=1034658a/bd_page_type=1/ssid=0/uid=0/pu=sz%401320_480%2Ccuid%400avkig8MS8gl8vislaSvi_PY28jni2ucguHaala9Si8Y9SP3guWSPzwaA%2Ccua%40_avLC_aU2f4qywoUfpw1zyPLXfzlas8Uyu2siqqHB%2Cosname%40baiduboxapp%2Cctv%402%2Ccfrom%401030738b%2Ccen%40cuid_cua%2Cc3_aid%40A00-CTNQ3CE3KRMA66JMHI4MMPSGIFLPN2O4-EQ6JCYNY%2Ccsrc%40home_box_txt%2Cta%40iphone___31_8.8%2Cusm%400/baiduid=A75A5C88A0708E04828933C0FBFB6E3A/w=0_10_/t=iphone/l=1/tc,1,100,0
m.baidu.com/from=1034829p/bd_page_type=1/ssid=fe76g977701000000/uid=0/pu=sz%401320_1003%2Cta%40iphone_2_14.0_1_17.5%2Cusm%400/baiduid=D4D694F59F8F26DEA7070604E7090A5F/w=10_10_/t=iphone/l=1/tc,1,100,0
m.baidu.com/from=1052946a/bd_page_type=1/ssid=0/uid=0/pu=sz%401320_1001%2Cta%40iphone_2_10.0_19_24.0%2Cusm%400/baiduid=A7B4F07BF61132DBD70B0B6214A31CB7/w=0_10_/t=iphone/l=1/tc,1,100,0
m.baidu.com/from=844b/bd_page_type=1/ssid=0/uid=0/pu=usm%400%2Csz%401320_1001%2Cta%40iphone_2_15.0_24_130.0/baiduid=6F064E62E8E7B38506595490F9396D6A/w=0_10_/t=iphone/l=1/tc,1,0,8
m.baidu.com/from=844b/bd_page_type=1/ssid=0/uid=0/pu=usm%400%2Csz%401320_1004%2Cta%40iphone_2_14.0_11_17.8/baiduid=0FE854428501699EEE610B24B8BE0D61/w=70_10_/t=iphone/l=1/tc,1,100,0
m.baidu.com/s,1,50,184
m.blog.naver.com/wpghks7/221584442182,1,100,0
perplexity.ai,1,0,38
python.org/events/python-events/1885,1,0,121
pythoninsider.blogspot.com,1,0,569
real.iqe-docs.kr-cc.fe.iqe.navercorp.com,1,100,0
simryang.tistory.com/entry/python3-%EB%B2%84%EC%A0%84%EB%B3%84-%EC%B0%A8%EC%9D%B4-%EC%A0%95%EB%A6%AC%EC%9E%91%EC%84%B1%EC%A4%91,1,100,0
so.m.sm.cn/s,1,100,0
statics.teams.cdn.office.net,1,0,1379
sulmasulma.github.io,1,100,0
tyoon9781.tistory.com/entry/python-int-size-28bytes,1,0,22
ungung123.tistory.com/10,1,0,254
woonizzooni.tistory.com/entry/VSCode-Python-%EA%B0%80%EC%83%81-%EC%8B%A4%ED%96%89-%ED%99%98%EA%B2%BD-%EA%B5%AC%EC%84%B1-Windows%ED%99%98%EA%B2%BD%EC%97%90%EC%84%9C,1,100,0
youtube.com,1,0,139
yuneenelife.tistory.com/entry/%ED%8C%8C%EC%9D%B4%EC%8D%AC-%EC%8B%9C%EA%B0%84-%ED%95%A8%EC%88%98-%EC%96%B4%EB%96%BB%EA%B2%8C-%EC%93%B0%EB%82%98-with-%EB%B0%B1%EC%A4%80-10699,1,100,0
