property,value,visitors,events,percentage
url,(none),1941,2941,99.7
url,https://github.com/python/cpython/tree/3.13/Lib/idlelib/,22,31,1.1
url,https://www.python.org/,21,22,1.1
url,https://github.com/python/cpython/tree/main/Lib/idlelib/,6,7,0.3
url,https://en.wikipedia.org/wiki/Turtle_(robot),5,5,0.3
url,https://webassembly.org/,3,3,0.2
url,https://pyodide.org/,2,2,0.1
url,https://devguide.python.org/setup/#get-the-source-code,1,1,0.1
url,https://discuss.python.org/c/core-dev/c-api/30,1,1,0.1
url,https://en.wikipedia.org/wiki/Backus%E2%80%93Naur_form,1,1,0.1
url,https://github.com/python/cpython/blob/main/Doc/library/turtle.rst,1,1,0.1
url,https://github.com/python/cpython/blob/main/Doc/library/unittest.rst,1,1,0.1
url,https://github.com/python/cpython/blob/main/Doc/library/xml.etree.elementtree.rst,1,1,0.1
url,https://github.com/python/cpython/issues/135151,1,1,0.1
url,https://github.com/python/cpython/tree/3.13/Lib/asyncio/,1,1,0.1
url,https://github.com/python/cpython/tree/3.13/Lib/fnmatch.py,1,3,0.1
url,https://github.com/python/cpython/tree/3.13/Lib/http/server.py,1,1,0.1
url,https://github.com/python/cpython/tree/3.13/Lib/idlelib,1,1,0.1
url,https://github.com/python/cpython/tree/3.13/Lib/signal.py,1,1,0.1
url,https://github.com/python/cpython/tree/3.13/Lib/tkinter/ttk.py,1,1,0.1
url,https://github.com/python/cpython/tree/3.13/Lib/types.py,1,1,0.1
url,https://github.com/python/cpython/tree/main/Lib/statistics.py,1,1,0.1
url,https://github.com/python/cpython/tree/main/Lib/turtle.py,1,1,0.1
url,https://packaging.python.org/en/latest/tutorials/installing-packages/#ensure-pip-setuptools-and-wheel-are-up-to-date,1,1,0.1
url,https://packaging.python.org/en/latest/tutorials/packaging-projects/,1,1,0.1
url,https://packaging.python.org/installing/,1,1,0.1
url,https://peps.python.org/pep-0397/,1,1,0.1
url,https://peps.python.org/pep-0420/,1,1,0.1
url,https://peps.python.org/pep-0563/,1,1,0.1
url,https://peps.python.org/pep-0719/,1,1,0.1
url,https://tktable.sourceforge.net/tile/doc/converting.txt,1,1,0.1
url,https://wasmtime.dev/,1,1,0.1
url,https://www.debian.org/doc/manuals/maint-guide/first.en.html,1,1,0.1
url,https://www.unicode.org/Public/15.1.0/ucd/NameAliases.txt,1,1,0.1
