name,visitors
Seoul,526
Gyeonggi,333
Incheon,70
Busan,43
Daejeon,42
Daegu,39
Guangdong,38
Gwangju City,30
Shandong,26
North Gyeongsang,24
South Gyeongsang,24
Jiangsu,23
North Chungcheong,21
Zhejiang,20
South Chungcheong,20
Shanghai,15
Sichuan,14
Tokyo,12
Sejong,12
North Jeolla,11
Hunan,10
Gangwon,9
South Jeolla,9
Anhui,8
Fujian,8
Beijing,7
Guizhou,7
Heilongjiang,7
Jilin,7
Ulsan,7
Hubei,6
Gansu,5
Hebei,5
England,5
Jeju,5
Liaoning,4
Shaanxi,4
Osaka,4
Ontario,3
Henan,3
Yunnan,3
New South Wales,1
Guangxi,1
Inner Mongolia,1
Ningxia,1
Shanxi,1
Tianjin,1
North Rhine-Westphalia,1
Tsuen Wan New Territories,1
Jakarta,1
Central,1
Hokkaido,1
Kanagawa,1
Shizuoka,1
Punjab,1
Bangkok,1
Taoyuan,1
California,1
Georgia,1
Washington,1
