name,unique_exits,total_exits,exit_rate
/it/3/tutorial/index.html,24,24,
/it/3.13/tutorial/index.html,21,24,
/it/3.14/glossary.html,21,22,
/it/3.13/,8,8,
/it/3.13/tutorial/inputoutput.html,8,8,
/it/3/tutorial/interpreter.html,8,8,
/it/3.13/library/functions.html,6,10,
/it/3.13/tutorial/modules.html,6,12,
/3/,5,5,
/it/3/library/stdtypes.html,5,5,
/it/3/tutorial/classes.html,5,5,
/it/3.13/search.html,4,4,
/it/3.13/tutorial/datastructures.html,4,4,
/it/3.13/tutorial/introduction.html,4,4,
/it/3.14/whatsnew/3.14.html,4,4,
/it/3.13/index.html,3,3,
/it/3.13/library/turtle.html,3,3,
/it/3.13/tutorial/interpreter.html,3,3,
/it/3.13/whatsnew/3.13.html,3,3,
/it/3/,3,3,
/it/3/library/functions.html,3,3,
/it/3/tutorial/datastructures.html,3,3,
/3.13/library/stdtypes.html,2,2,
/3.13/using/windows.html,2,2,
/3/library/idle.html,2,2,
/3/library/index.html,2,2,
/3/library/sqlite3.html,2,2,
/3/library/venv.html,2,2,
/it/3.12/tutorial/appetite.html,2,2,
/it/3.13/library/index.html,2,2,
/it/3.13/library/stdtypes.html,2,2,
/it/3.13/tutorial/,2,2,
/it/3.13/tutorial/appetite.html,2,2,
/it/3.13/tutorial/controlflow.html,2,2,
/it/3.13/tutorial/stdlib.html,2,2,
/it/3.13/tutorial/venv.html,2,2,
/it/3.13/using/windows.html,2,2,
/it/3.14/tutorial/errors.html,2,2,
/it/3.14/tutorial/venv.html,2,2,
/it/3/tutorial/,2,3,
/it/3/tutorial/floatingpoint.html,2,2,
/it/3/tutorial/introduction.html,2,3,
/3.12/tutorial/classes.html,1,2,
/3.12/tutorial/index.html,1,1,
/3.13/library/index.html,1,1,
/3.13/library/random.html,1,1,
/3.13/library/tkinter.html,1,1,
/3.13/library/turtle.html,1,1,
/3.13/library/typing.html,1,1,
/3.13/reference/index.html,1,1,
/3.13/reference/lexical_analysis.html,1,1,
/3.13/search.html,1,1,
/3.13/tutorial/appendix.html,1,0,
/3.13/tutorial/controlflow.html,1,1,
/3.13/tutorial/datastructures.html,1,1,
/3.13/tutorial/index.html,1,1,
/3.13/using/cmdline.html,1,0,
/3.13/using/mac.html,1,1,
/3.14/whatsnew/3.14.html,1,1,
/3/glossary.html,1,1,
/3/howto/descriptor.html,1,1,
/3/library/,1,1,
/3/library/csv.html,1,1,
/3/library/datetime.html,1,1,
/3/library/ensurepip.html,1,1,
/3/library/functions.html,1,1,
/3/library/time.html,1,0,
/3/tutorial/index.html,1,1,
/3/tutorial/inputoutput.html,1,1,
/3/using/android.html,1,1,
/3/whatsnew/3.0.html,1,1,
/el/3.13/library/random.html,1,1,
/es/3.13/reference/lexical_analysis.html,1,1,
/es/3.15/contents.html,1,1,
/es/3.15/glossary.html,1,1,
/es/3.15/library/sqlite3.html,1,1,
/es/3.15/library/venv.html,1,1,
/fr/3.13/library/turtle.html,1,1,
/id/3/tutorial/index.html,1,1,
/it/3.12/tutorial/index.html,1,1,
/it/3.12/tutorial/interpreter.html,1,1,
/it/3.13/contents.html,1,1,
/it/3.13/download.html,1,1,
/it/3.13/glossary.html,1,1,
/it/3.13/installing/index.html,1,1,
/it/3.13/library/dataclasses.html,1,1,
/it/3.13/library/idle.html,1,1,
/it/3.13/library/pathlib.html,1,1,
/it/3.13/library/tkinter.html,1,1,
/it/3.13/py-modindex.html,1,1,
/it/3.13/reference/executionmodel.html,1,1,
/it/3.13/reference/import.html,1,1,
/it/3.13/reference/simple_stmts.html,1,1,
/it/3.13/tutorial/errors.html,1,1,
/it/3.13/using/android.html,1,1,
/it/3.13/whatsnew/3.7.html,1,1,
/it/3.13/whatsnew/index.html,1,1,
/it/3.14/library/csv.html,1,1,
/it/3.14/library/multiprocessing.html,1,1,
/it/3.14/library/pdb.html,1,1,
