property,value,visitors,events,percentage
url,(none),8472,12114,99.4
url,https://bootstrap.pypa.io/get-pip.py,218,257,2.6
url,https://www.python.org/,138,144,1.6
url,https://docs.python-guide.org/starting/installation/#installation,133,138,1.6
url,https://opentechschool.github.io/python-beginners/en/getting_started.html#what-is-python-exactly,52,60,0.6
url,https://github.com/pypa/pip,25,26,0.3
url,https://docs.python.org/3/library/venv.html,16,16,0.2
url,https://pypi.org/,16,23,0.2
url,https://pip.pypa.io/,15,16,0.2
url,https://pip.pypa.io/en/latest/topics/secure-installs/,11,12,0.1
url,https://pip.pypa.io/en/latest/user_guide/#requirements-files,10,10,0.1
url,https://docs.python.org/3/library/sysconfig.html#installation-paths,9,9,0.1
url,https://pypi.org/project/pip/,9,9,0.1
url,https://brew.sh/,7,9,0.1
url,https://docs.python.org/3/library/ensurepip.html,7,7,0.1
url,https://pip.pypa.io/en/latest/,7,7,0.1
url,https://pip.pypa.io/en/stable/user_guide/#user-installs,7,7,0.1
url,https://choosealicense.com/,6,7,0.1
url,https://docs.python.org/3/tutorial/modules.html#packages,6,6,0.1
url,https://github.com/pypa/packaging-problems,6,6,0.1
url,https://test.pypi.org/manage/account/#api-tokens,6,8,0.1
url,https://virtualenv.pypa.io/en/stable/index.html,6,6,0.1
url,https://github.com/pypa/packaging-problems/issues/new?template=packaging_tutorial.yml&title=Trouble+with+the+packaging+tutorial&guide=https://packaging.python.org/tutorials/packaging-projects,5,5,0.1
url,https://github.com/pypa/packaging.python.org/blob/main/source/tutorials/installing-packages.rst?plain=true,5,6,0.1
url,https://github.com/pypa/packaging.python.org/edit/main/source/tutorials/installing-packages.rst,5,8,0.1
url,https://peps.python.org/pep-0639/,5,5,0.1
url,https://pipx.pypa.io/,5,5,0.1
url,https://pypi.org/classifiers,5,6,0.1
url,https://spdx.org/licenses/,5,5,0.1
url,https://www.python.org/downloads/,5,5,0.1
url,https://github.com/pypa/packaging.python.org,4,4,0.0
url,https://hatch.pypa.io/latest/,4,4,0.0
url,https://pip.pypa.io/en/latest/user_guide/#user-installs,4,4,0.0
url,https://setuptools.readthedocs.io/en/latest/deprecated/easy_install.html#natural-script-launcher,4,4,0.0
url,https://test.pypi.org/account/register/,4,4,0.0
url,https://twine.readthedocs.io/en/latest/,4,4,0.0
url,https://typer.tiangolo.com/,4,5,0.0
url,https://www.pypa.io/en/latest/,4,4,0.0
url,https://datatracker.ietf.org/doc/html/rfc2119.html,3,3,0.0
url,https://docs.microsoft.com/en-us/windows/win32/shell/user-environment-variables?redirectedfrom=MSDN,3,3,0.0
url,https://github.com/pypa/pipfile,3,3,0.0
url,https://github.com/pypa/readme_renderer,3,3,0.0
url,https://pip.pypa.io/en/latest/cli/,3,3,0.0
url,https://pip.pypa.io/en/latest/topics/vcs-support/#vcs-support,3,3,0.0
url,https://pypi.org/classifiers/,3,3,0.0
url,https://pypi.org/manage/account/publishing/,3,3,0.0
url,https://setuptools.pypa.io/en/latest/userguide/development_mode.html,3,3,0.0
url,https://setuptools.pypa.io/en/latest/userguide/pyproject_config.html,3,3,0.0
url,https://setuptools.readthedocs.io/en/latest/,3,3,0.0
url,https://aws.amazon.com/s3/,2,2,0.0
url,https://docs.anaconda.com/anaconda/,2,2,0.0
url,https://docs.astral.sh/uv/,2,2,0.0
url,https://docs.python.org/3/library/sys.html#sys.implementation,2,2,0.0
url,https://docs.python.org/3/library/zipapp.html,2,2,0.0
url,https://fedoraproject.org/wiki/EPEL,2,2,0.0
url,https://github.com/pypa/packaging.python.org/edit/main/source/index.rst,2,2,0.0
url,https://github.com/pypa/packaging.python.org/edit/main/source/specifications/platform-compatibility-tags.rst,2,3,0.0
url,https://github.com/pypa/sampleproject,2,2,0.0
url,https://peps.python.org/pep-0508/,2,2,0.0
url,https://peps.python.org/pep-0517/,2,2,0.0
url,https://peps.python.org/pep-0566/,2,2,0.0
url,https://peps.python.org/pep-0621/#license,2,2,0.0
url,https://pip.pypa.io/en/latest/cli/pip_install/#pip-install,2,2,0.0
url,https://pyinstaller.readthedocs.io/en/stable/,2,2,0.0
url,https://pypi.org/project/requests/,2,2,0.0
url,https://tox.wiki/en/latest/index.html,2,2,0.0
url,https://www.sphinx-doc.org/en/master/usage/restructuredtext/basics.html,2,2,0.0
url,http://winpython.github.io/,1,1,0.0
url,http://www.py2exe.org/,1,1,0.0
url,https://blog.ganssle.io/articles/2021/10/setup-py-deprecated.html,1,1,0.0
url,https://click.palletsprojects.com/,1,1,0.0
url,https://commonmark.org/,1,1,0.0
url,https://console.cloud.google.com/bigquery?p=bigquery-public-data&d=pypi&page=dataset,1,1,0.0
url,https://copr.fedorainfracloud.org/coprs/pypa/pypa/,1,1,0.0
url,https://datatracker.ietf.org/doc/html/draft-jones-jose-json-private-key-01,1,1,0.0
url,https://datatracker.ietf.org/doc/html/draft-jones-json-web-signature-json-serialization-01,1,1,0.0
url,https://developer.mozilla.org/en-US/docs/Web/HTTP/Content_negotiation,1,1,0.0
url,https://docs.conda.io/en/latest/index.html,1,1,0.0
url,https://docs.github.com/en/actions/how-tos/managing-workflow-runs-and-deployments/managing-deployments/managing-environments-for-deployment#creating-an-environment,1,1,0.0
url,https://docs.python.org/3/library/argparse.html#module-argparse,1,1,0.0
url,https://docs.python.org/3/library/importlib.metadata.html#importlib.metadata.version,1,1,0.0
url,https://docs.python.org/3/library/site.html#site.USER_BASE,1,1,0.0
url,https://docs.python.org/3/library/sysconfig.html#sysconfig.get_platform,1,1,0.0
url,https://docs.python.org/3/library/venv.html#venv-explanation,1,1,0.0
url,https://fedoraproject.org/wiki/Infrastructure/Fedorahosted-retirement,1,1,0.0
url,https://flit.pypa.io/en/stable/pyproject_toml.html,1,1,0.0
url,https://flit.readthedocs.io/en/latest/,1,1,0.0
url,https://github.com/PyCQA/flake8,1,1,0.0
url,https://github.com/adafruit/circuitpython,1,1,0.0
url,https://github.com/devpi/devpi/issues,1,1,0.0
url,https://github.com/jazzband/pip-tools,1,1,0.0
url,https://github.com/linkedin/shiv#user-content-shiv,1,1,0.0
url,https://github.com/marketplace/actions/pypi-publish,1,1,0.0
url,https://github.com/mesonbuild/meson,1,1,0.0
url,https://github.com/pantsbuild/pex#user-content-pex,1,1,0.0
url,https://github.com/pdm-project/pdm,1,1,0.0
url,https://github.com/pypa/auditwheel,1,1,0.0
url,https://github.com/pypa/gh-action-pypi-publish,1,1,0.0
url,https://github.com/pypa/packaging.python.org/blob/main/source/guides/installing-using-pip-and-virtual-environments.rst?plain=true,1,1,0.0
url,https://github.com/pypa/packaging.python.org/blob/main/source/index.rst?plain=true,1,1,0.0
url,https://github.com/pypa/packaging.python.org/edit/main/source/discussions/src-layout-vs-flat-layout.rst,1,1,0.0
url,https://github.com/pypa/packaging.python.org/edit/main/source/glossary.rst,1,2,0.0
url,https://github.com/pypa/packaging.python.org/edit/main/source/guides/installing-scientific-packages.rst,1,1,0.0
url,https://github.com/pypa/packaging.python.org/edit/main/source/specifications/binary-distribution-format.rst,1,1,0.0
url,https://github.com/pypa/packaging.python.org/edit/main/source/specifications/index.rst,1,2,0.0
url,https://github.com/pypa/pip/issues,1,1,0.0
url,https://github.com/pypa/pip/issues/1668,1,1,0.0
url,https://github.com/pypa/sample-namespace-packages/tree/master/native,1,1,0.0
url,https://github.com/pypa/sampleproject/blob/db5806e0a3204034c51b1c00dde7d5eb3fa2532e/setup.cfg,1,1,0.0
url,https://github.com/pypa/sampleproject/blob/db5806e0a3204034c51b1c00dde7d5eb3fa2532e/setup.py,1,1,0.0
url,https://github.com/pypa/setuptools,1,1,0.0
url,https://github.com/pypa/twine,1,1,0.0
url,https://github.com/pypa/virtualenv,1,1,0.0
url,https://github.com/pypiserver/pypiserver,1,1,0.0
url,https://github.com/python/cpython/issues,1,1,0.0
url,https://github.com/wolever/pip2pi,1,1,0.0
url,https://github.github.com/gfm/,1,1,0.0
url,https://hatch.pypa.io/latest/config/metadata/,1,1,0.0
url,https://hosted.weblate.org/projects/pypa/packaging-python-org/,1,1,0.0
url,https://iscinumpy.dev/post/bound-version-constraints/#pinning-the-python-version-is-special,1,1,0.0
url,https://ius.io/usage#parallel-installable-packages,1,1,0.0
url,https://marcelotduarte.github.io/cx_Freeze/,1,1,0.0
url,https://pdm.fming.dev/,1,1,0.0
url,https://peps.python.org/pep-0345/,1,1,0.0
url,https://peps.python.org/pep-0425/,1,1,0.0
url,https://peps.python.org/pep-0503/#normalized-names,1,1,0.0
url,https://peps.python.org/pep-0513/,1,1,0.0
url,https://peps.python.org/pep-0518/,1,1,0.0
url,https://peps.python.org/pep-0668/,1,1,0.0
url,https://peps.python.org/pep-0685/,1,1,0.0
url,https://peps.python.org/pep-0723/,1,1,0.0
url,https://peps.python.org/pep-0751/,1,1,0.0
url,https://peps.python.org/pep-0794/,1,1,0.0
url,https://pip.pypa.io/en/latest/cli/pip_install/#install-no-binary,1,1,0.0
url,https://pipenv.pypa.io/en/latest/index.html,1,1,0.0
url,https://pybee.org/,1,1,0.0
url,https://pygments.org/,1,1,0.0
url,https://pypackaging-native.github.io/,1,1,0.0
url,https://pypi.org/project/bandersnatch,1,1,0.0
url,https://pypi.org/project/pdm/,1,1,0.0
url,https://pypi.org/project/pip-tools/,1,1,0.0
url,https://pypi.org/project/pip/23.3.1/#files,1,1,0.0
url,https://pypi.org/project/pip2pi/,1,1,0.0
url,https://pypi.org/project/pipenv,1,1,0.0
url,https://pypi.org/project/pipx/,1,1,0.0
url,https://pypi.org/project/poetry-core/,1,1,0.0
url,https://pypi.org/project/pynsist,1,1,0.0
url,https://pypi.org/project/wheel,1,1,0.0
url,https://reuse.software/,1,1,0.0
url,https://scientific-python.org/,1,1,0.0
url,https://scikit-build-core.readthedocs.io/en/latest/,1,1,0.0
url,https://server.ethicalads.io/proxy/click/8174/019a2140-5a5e-7b83-8b35-8b96d00ae623/,1,1,0.0
url,https://server.ethicalads.io/proxy/click/8174/019a21b9-5544-7232-be64-996deff5385e/,1,1,0.0
url,https://server.ethicalads.io/proxy/click/8175/019a1e68-eaf7-7110-9e20-7b2556648b90/,1,1,0.0
url,https://server.ethicalads.io/proxy/click/8176/019a1ffc-2392-7b82-bfc7-6c950838981b/,1,1,0.0
url,https://server.ethicalads.io/proxy/click/9026/019a1fa3-8254-73d1-ab47-a0158ebbc357/,1,1,0.0
url,https://server.ethicalads.io/proxy/click/9027/019a2066-f440-79a1-8cba-c4d245d92ae4/,1,1,0.0
url,https://server.ethicalads.io/proxy/click/9027/019a2074-750e-7412-abdb-40b26de2d545/,1,1,0.0
url,https://server.ethicalads.io/proxy/click/9034/019a22db-7d3d-79e1-a9f3-9979d5cd4dfb/,1,1,0.0
url,https://server.ethicalads.io/proxy/click/9184/019a1fae-8f3f-73b1-9d62-6aed0da604f4/,1,1,0.0
url,https://server.ethicalads.io/proxy/click/9275/019a20c2-b206-7bc3-9de1-cb5b1f3f7ecb/,1,1,0.0
url,https://server.ethicalads.io/proxy/click/9312/019a2011-ef64-7752-bed9-aa81885de777/,1,1,0.0
url,https://server.ethicalads.io/proxy/click/9376/019a20eb-1da2-7581-b21b-f3ff9ca7429c/,1,1,0.0
url,https://server.ethicalads.io/proxy/click/9378/019a2033-26b4-7311-b07e-4f5633e39d67/,1,1,0.0
url,https://server.ethicalads.io/proxy/click/9378/019a2078-89cc-7681-8e2c-abc7a5198b81/,1,1,0.0
url,https://server.ethicalads.io/proxy/click/9379/019a2149-0080-7491-80a7-bcab5f1da179/,1,1,0.0
url,https://server.ethicalads.io/proxy/click/9380/019a1e31-be4c-73f3-a1aa-32ad3f6eace0/,1,1,0.0
url,https://server.ethicalads.io/proxy/click/9381/019a1e07-92ad-7193-9671-23300ac72f33/,1,1,0.0
url,https://server.ethicalads.io/proxy/click/9381/019a1e62-9967-7491-9c20-6a4df8f867be/,1,1,0.0
url,https://server.ethicalads.io/proxy/click/9433/019a1dfc-7b36-7e50-921a-8528e1b68ab7/,1,1,0.0
url,https://server.ethicalads.io/proxy/click/9434/019a2112-7259-7430-ad27-58261906f718/,1,1,0.0
url,https://server.ethicalads.io/proxy/click/9440/019a211e-4f67-7900-90cb-bfbc550b00a6/,1,1,0.0
url,https://setuptools-scm.readthedocs.io/,1,1,0.0
url,https://setuptools.pypa.io/,1,1,0.0
url,https://setuptools.pypa.io/en/latest/deprecated/commands.html,1,1,0.0
url,https://setuptools.pypa.io/en/latest/userguide/index.html,1,1,0.0
url,https://setuptools.pypa.io/en/latest/userguide/miscellaneous.html,1,1,0.0
url,https://setuptools.pypa.io/en/latest/userguide/miscellaneous.html#using-manifest-in,1,1,0.0
url,https://setuptools.readthedocs.io/en/latest/userguide/dependency_management.html#optional-dependencies,1,1,0.0
url,https://sources.debian.org/src/python3.7/3.7.3-2+deb10u3/debian/patches/distutils-install-layout.diff/,1,1,0.0
url,https://test.pypi.org/help/#apitoken,1,1,0.0
url,https://test.pypi.org/manage/account/publishing/,1,1,0.0
url,https://toml.io/,1,1,0.0
url,https://translate.google.com/website?sl=en&tl=es&hl=es&client=srp&u=https://bootstrap.pypa.io/get-pip.py,1,1,0.0
url,https://warehouse.pypa.io/,1,1,0.0
url,https://www.chromium.org/Home/chromium-security/prefer-secure-origins-for-powerful-new-features/,1,1,0.0
url,https://www.sphinx-doc.org/,1,1,0.0
