name,unique_entrances,total_entrances,visit_duration
/ja/latest/guides/installing-using-pip-and-virtual-environments/,23,25,92
/ja/latest/tutorials/installing-packages/,20,20,228
/ja/latest/guides/writing-pyproject-toml/,19,21,172
/ja/latest/discussions/src-layout-vs-flat-layout/,6,7,42
/ja/latest/tutorials/packaging-projects/,5,5,113
/en/latest/tutorials/installing-packages/,4,4,336
/ja/latest/,4,4,471
/ja/latest/discussions/versioning/,4,4,0
/en/latest/tutorials/packaging-projects/,3,3,397
/ja/latest/specifications/pyproject-toml/,3,3,40
/ja/latest/discussions/setup-py-deprecated/,2,2,205
/ja/latest/specifications/externally-managed-environments/,2,2,0
/ja/latest/tutorials/managing-dependencies/,2,2,0
/en/latest/specifications/dependency-specifiers/,1,1,0
/ja/latest/flow/,1,1,374
/ja/latest/glossary/,1,1,867
/ja/latest/guides/analyzing-pypi-package-downloads/,1,1,0
/ja/latest/guides/installing-using-virtualenv/,1,1,341
/ja/latest/specifications/recording-installed-packages/,1,1,0
/ja/latest/tutorials/,1,1,2043
/tutorials/installing-packages/,1,1,29
