name,unique_entrances,total_entrances,visit_duration
/pt-br/3/tutorial/index.html,93,94,177
/pt-br/3/,71,81,217
/3/,61,62,438
/pt-br/3.13/library/index.html,35,35,152
/pt-br/3.13/library/venv.html,35,36,93
/pt-br/3.13/library/string.html,27,27,215
/pt-br/3.13/library/random.html,26,28,190
/pt-br/3.13/library/math.html,25,25,233
/pt-br/3/library/stdtypes.html,24,24,5
/pt-br/3/tutorial/controlflow.html,24,25,159
/pt-br/3.13/tutorial/index.html,23,23,18
/pt-br/3.13/,22,22,261
/pt-br/3.13/library/tkinter.html,19,19,135
/pt-br/3.13/library/functions.html,18,18,99
/pt-br/3/tutorial/datastructures.html,18,19,96
/pt-br/3.13/tutorial/datastructures.html,17,17,171
/pt-br/3.13/library/stdtypes.html,16,18,152
/3/library/tkinter.html,14,14,209
/pt-br/3.13/tutorial/classes.html,13,13,353
/pt-br/3/library/functions.html,13,13,38
/pt-br/3/library/math.html,13,13,596
/pt-br/dev/library/venv.html,13,14,4
/pt-br/dev/library/zlib.html,13,13,9
/3/library/index.html,12,12,458
/pt-br/3.13/library/tk.html,12,12,164
/pt-br/3.13/search.html,12,12,116
/pt-br/3/tutorial/introduction.html,12,14,2
/pt-br/3.13/tutorial/modules.html,11,11,423
/pt-br/3/search.html,11,11,144
/pt-br/3/tutorial/appetite.html,11,11,97
/pt-br/3.13/tutorial/inputoutput.html,10,11,3
/pt-br/3.13/tutorial/interpreter.html,10,11,110
/pt-br/3/library/venv.html,10,10,96
/pt-br/3/using/android.html,10,10,97
/pt-br/dev/tutorial/datastructures.html,9,10,609
/pt-br/3.13/library/sys.html,8,8,217
/pt-br/3.13/reference/index.html,8,8,286
/pt-br/3/tutorial/,8,8,816
/pt-br/3/tutorial/interpreter.html,8,8,161
/pt-br/3.13/faq/windows.html,7,7,1
/pt-br/3.13/library/turtle.html,7,7,103
/pt-br/3/library/index.html,7,7,19
/pt-br/3/library/random.html,7,7,194
/pt-br/3/library/string.html,7,7,7
/pt-br/dev/howto/regex.html,7,7,0
/pt-br/dev/library/functions.html,7,7,0
/3.13/using/windows.html,6,6,1075
/pt-br/3.13/library/csv.html,6,7,0
/pt-br/3.13/tutorial/introduction.html,6,6,0
/pt-br/3.13/using/mac.html,6,6,96
/pt-br/3/reference/lexical_analysis.html,6,6,368
/pt-br/3/tutorial/classes.html,6,6,0
/pt-br/3/using/cmdline.html,6,6,3
/pt-br/3/whatsnew/3.13.html,6,6,3
/pt-br/dev/howto/sorting.html,6,6,0
/pt-br/dev/reference/import.html,6,6,9
/3/library/venv.html,5,5,38
/3/tutorial/classes.html,5,5,41
/3/tutorial/index.html,5,5,682
/pt-br/3.13/library/datetime.html,5,5,0
/pt-br/3.13/library/os.html,5,5,130
/pt-br/3.13/tutorial/appetite.html,5,5,204
/pt-br/3.13/tutorial/errors.html,5,5,585
/pt-br/3.15/library/email.generator.html,5,5,89
/pt-br/3/glossary.html,5,5,115
/3.13/,4,4,552
/3/library/os.html,4,4,264
/3/library/stdtypes.html,4,4,230
/3/search.html,4,4,280
/pt-br/3.13/glossary.html,4,4,3
/pt-br/3.13/library/re.html,4,4,113
/pt-br/3.13/tutorial/controlflow.html,4,4,1376
/pt-br/3.13/using/windows.html,4,4,0
/pt-br/3/contents.html,4,4,0
/pt-br/3/download.html,4,4,22
/pt-br/3/library/subprocess.html,4,5,427
/pt-br/3/tutorial/appendix.html,4,4,0
/3.13/tutorial/index.html,3,3,196
/3.15/,3,3,109
/3/library/functions.html,3,3,8
/3/library/json.html,3,3,265
/3/library/random.html,3,3,491
/3/tutorial/appetite.html,3,3,2068
/pt-br/3.13/howto/logging.html,3,3,0
/pt-br/3.13/library/exceptions.html,3,3,66
/pt-br/3.13/library/http.client.html,3,3,0
/pt-br/3.13/library/statistics.html,3,3,599
/pt-br/3.14/whatsnew/3.14.html,3,3,344
/pt-br/3/library/,3,3,546
/pt-br/3/library/__main__.html,3,3,0
/pt-br/3/tutorial/inputoutput.html,3,3,0
/pt-br/dev/library/calendar.html,3,3,0
/pt-br/dev/library/tkinter.html,3,3,0
/3.13/search.html,2,2,4
/3/library/math.html,2,2,142
/3/library/re.html,2,2,18
/3/library/time.html,2,2,307
/3/library/tkinter.ttk.html,2,2,539
/3/reference/index.html,2,2,1034
/3/tutorial/datastructures.html,2,2,48
/3/using/cmdline.html,2,2,1626
/pt-br/3.12/tutorial/controlflow.html,2,2,0
/pt-br/3.12/tutorial/inputoutput.html,2,2,0
/pt-br/3.13/c-api/set.html,2,2,12
/pt-br/3.13/faq/installed.html,2,2,0
/pt-br/3.13/howto/sockets.html,2,2,974
/pt-br/3.13/installing/index.html,2,2,62
/pt-br/3.13/library/abc.html,2,2,98
/pt-br/3.13/library/asyncio-runner.html,2,2,0
/pt-br/3.13/library/bisect.html,2,2,59
/pt-br/3.13/library/constants.html,2,2,0
/pt-br/3.13/library/copy.html,2,2,900
/pt-br/3.13/library/getpass.html,2,2,152
/pt-br/3.13/library/idle.html,2,2,36
/pt-br/3.13/library/intro.html,2,2,0
/pt-br/3.13/library/keyword.html,2,3,94
/pt-br/3.13/library/mimetypes.html,2,2,0
/pt-br/3.13/library/pickle.html,2,2,0
/pt-br/3.13/library/unittest.mock-examples.html,2,3,0
/pt-br/3.13/reference/datamodel.html,2,2,0
/pt-br/3.13/reference/lexical_analysis.html,2,2,0
/pt-br/3.13/tutorial/,2,2,82
/pt-br/3.13/using/unix.html,2,2,76
/pt-br/3.14/using/mac.html,2,2,0
/pt-br/3/deprecations/index.html,2,2,0
/pt-br/3/faq/design.html,2,2,264
/pt-br/3/installing/index.html,2,2,0
/pt-br/3/library/datatypes.html,2,2,880
/pt-br/3/library/datetime.html,2,2,0
/pt-br/3/library/hashlib.html,2,2,40
/pt-br/3/library/operator.html,2,4,0
/pt-br/3/library/pickle.html,2,2,0
/pt-br/3/library/time.html,2,2,0
/pt-br/3/library/turtle.html,2,2,1311
/pt-br/3/library/typing.html,2,2,0
/pt-br/3/reference/datamodel.html,2,2,0
/pt-br/3/reference/import.html,2,2,0
/pt-br/3/reference/index.html,2,2,41
/pt-br/dev/howto/curses.html,2,2,0
/pt-br/dev/library/heapq.html,2,2,0
/pt-br/dev/library/time.html,2,2,18
/pt-br/dev/library/unittest.html,2,2,0
/3.12/,1,1,122
/3.13/index.html,1,1,14
/3.13/library/datetime.html,1,1,93
/3.13/library/idle.html,1,1,78
/3.13/tutorial/,1,1,0
/3/distributing/index.html,1,1,42
/3/download.html,1,1,1423
/3/howto/logging.html,1,1,0
/3/howto/sorting.html,1,1,1631
/3/index.html,1,1,71
/3/installing/index.html,1,1,53
/3/library/argparse.html,1,1,52
/3/library/ast.html,1,1,7
/3/library/cmdlinelibs.html,1,1,1261
/3/library/collections.html,1,1,10
/3/library/csv.html,1,1,9
/3/library/dataclasses.html,1,1,1
/3/library/datetime.html,1,1,731
/3/library/gettext.html,1,1,36
/3/library/glob.html,1,1,0
/3/library/heapq.html,1,1,0
/3/library/http.client.html,1,1,27
/3/library/idle.html,1,1,26
/3/library/pipes.html,1,1,34
/3/library/socketserver.html,1,1,32
/3/library/sqlite3.html,1,1,90
/3/library/string.html,1,1,0
/3/library/subprocess.html,1,1,33
/3/library/tk.html,1,1,1606
/3/library/tkinter.font.html,1,1,767
/3/library/turtle.html,1,1,43
/3/library/typing.html,1,1,453
/3/library/wave.html,1,1,2229
/3/library/xml.etree.elementtree.html,1,1,13
/3/py-modindex.html,1,1,61
/3/reference/import.html,1,1,0
/3/tutorial/interpreter.html,1,1,1279
/es/3.13/tutorial/classes.html,1,1,302
/ja/3.13/,1,1,0
/pt-br/3.12/,1,1,2
/pt-br/3.12/download.html,1,1,0
/pt-br/3.12/howto/logging.html,1,1,0
/pt-br/3.12/installing/index.html,1,1,22
/pt-br/3.12/library/dis.html,1,1,117
/pt-br/3.12/library/index.html,1,1,27
/pt-br/3.12/reference/introduction.html,1,1,0
/pt-br/3.12/search.html,1,1,0
/pt-br/3.12/tutorial/classes.html,1,1,0
/pt-br/3.12/tutorial/index.html,1,1,543
/pt-br/3.12/using/cmdline.html,1,1,1656
/pt-br/3.13/c-api/capsule.html,1,1,0
/pt-br/3.13/c-api/index.html,1,1,3
/pt-br/3.13/contents.html,1,1,20
/pt-br/3.13/download.html,1,1,182
/pt-br/3.13/faq/general.html,1,1,0
/pt-br/3.13/genindex.html,1,1,18
/pt-br/3.13/howto/argparse.html,1,1,0
/pt-br/3.13/index.html,1,1,0
/pt-br/3.13/library/asyncio-subprocess.html,1,1,0
/pt-br/3.13/library/colorsys.html,1,1,0
/pt-br/3.13/library/dataclasses.html,1,1,0
/pt-br/3.13/library/dialog.html,1,1,0
/pt-br/3.13/library/email.html,1,1,1073
/pt-br/3.13/library/filesys.html,1,1,0
/pt-br/3.13/library/fractions.html,1,1,0
/pt-br/3.13/library/glob.html,1,1,0
/pt-br/3.13/library/graphlib.html,1,1,0
/pt-br/3.13/library/imaplib.html,1,1,49
/pt-br/3.13/library/ipc.html,1,1,0
/pt-br/3.13/library/json.html,1,1,0
/pt-br/3.13/library/logging.html,1,1,0
/pt-br/3.13/library/multiprocessing.html,1,1,2
/pt-br/3.13/library/numbers.html,1,1,2136
/pt-br/3.13/library/numeric.html,1,1,0
/pt-br/3.13/library/operator.html,1,1,0
/pt-br/3.13/library/pathlib.html,1,1,0
/pt-br/3.13/library/queue.html,1,1,2
/pt-br/3.13/library/shutil.html,1,1,0
/pt-br/3.13/library/socket.html,1,1,0
/pt-br/3.13/library/time.html,1,1,0
/pt-br/3.13/library/tkinter.colorchooser.html,1,1,0
/pt-br/3.13/library/tkinter.ttk.html,1,1,0
/pt-br/3.13/library/token.html,1,1,0
/pt-br/3.13/library/tty.html,1,1,0
/pt-br/3.13/library/unicodedata.html,1,1,0
/pt-br/3.13/library/unittest.html,1,1,280
/pt-br/3.13/library/winsound.html,1,1,0
/pt-br/3.13/library/zipfile.html,1,1,0
/pt-br/3.13/py-modindex.html,1,1,98
/pt-br/3.13/reference/compound_stmts.html,1,1,0
/pt-br/3.13/reference/import.html,1,1,7
/pt-br/3.13/tutorial/appendix.html,1,1,1
/pt-br/3.13/tutorial/floatingpoint.html,1,1,0
/pt-br/3.13/tutorial/stdlib.html,1,1,0
/pt-br/3.13/using/editors.html,1,1,197
/pt-br/3.13/using/index.html,1,2,439
/pt-br/3.14/tutorial/controlflow.html,1,1,2
/pt-br/3.14/tutorial/interpreter.html,1,1,0
/pt-br/3.15/library/index.html,1,1,37
/pt-br/3.15/library/tk.html,1,1,0
/pt-br/3.15/tutorial/introduction.html,1,1,4
/pt-br/3.15/tutorial/modules.html,1,1,0
/pt-br/3.15/whatsnew/2.7.html,1,1,0
/pt-br/3/extending/index.html,1,1,0
/pt-br/3/genindex.html,1,1,643
/pt-br/3/howto/sockets.html,1,1,0
/pt-br/3/howto/sorting.html,1,1,0
/pt-br/3/index.html,1,1,0
/pt-br/3/library/abc.html,1,1,0
/pt-br/3/library/array.html,1,1,606
/pt-br/3/library/bisect.html,1,1,0
/pt-br/3/library/codecs.html,1,1,0
/pt-br/3/library/collections.html,1,1,1711
/pt-br/3/library/csv.html,1,1,0
/pt-br/3/library/exceptions.html,1,1,0
/pt-br/3/library/fileformats.html,1,1,0
/pt-br/3/library/filesys.html,1,1,2241
/pt-br/3/library/idle.html,1,1,0
/pt-br/3/library/intro.html,1,1,0
/pt-br/3/library/pprint.html,1,1,0
/pt-br/3/library/re.html,1,1,0
/pt-br/3/library/tk.html,1,1,0
/pt-br/3/library/tkinter.html,1,1,0
/pt-br/3/library/urllib.html,1,1,0
/pt-br/3/library/webbrowser.html,1,1,0
/pt-br/3/py-modindex.html,1,2,0
/pt-br/3/reference/compound_stmts.html,1,1,0
/pt-br/3/reference/expressions.html,1,1,0
/pt-br/3/reference/introduction.html,1,1,0
/pt-br/3/reference/simple_stmts.html,1,1,0
/pt-br/3/tutorial/errors.html,1,1,0
/pt-br/3/tutorial/modules.html,1,1,0
/pt-br/3/tutorial/venv.html,1,1,0
/pt-br/3/using/mac.html,1,1,648
/pt-br/dev/contents.html,1,1,0
/pt-br/dev/faq/general.html,1,1,0
/pt-br/dev/howto/index.html,1,1,10
/pt-br/dev/howto/sockets.html,1,1,0
/pt-br/dev/library/code.html,1,1,0
/pt-br/dev/library/dataclasses.html,1,1,0
/pt-br/dev/library/filesys.html,1,1,11
/pt-br/dev/library/json.html,1,1,0
/pt-br/dev/library/statistics.html,1,1,0
/pt-br/dev/library/sys_path_init.html,1,1,433
/pt-br/dev/library/tkinter.colorchooser.html,1,1,0
/pt-br/dev/library/tkinter.messagebox.html,1,1,0
/pt-br/dev/library/types.html,1,2,204
/pt-br/dev/reference/introduction.html,1,1,0
/pt-br/dev/whatsnew/3.12.html,1,1,0
/pt-br/dev/whatsnew/3.8.html,1,1,0
