name,visitors
Warsaw,68
Singapore,49
Kraków,15
Gdańsk,14
Wrocław,13
Katowice,8
Szczecin,7
Łódź,6
Poznań,5
Pleszew,4
Gdynia,4
Bydgoszcz,4
Rzeszów,3
Regimin,3
Puławy,3
Konstancin-Jeziorna,3
Białystok,3
Pszczyna,3
Gliwice,3
Saint Petersburg,2
Rostov-na-Donu,2
Kursk,2
Cherepovets,2
Lviv,2
Dnipro,2
Wyszków,2
Opoczno,2
Lublin,2
Łochów,2
Kobyłka,2
Jarosław,2
Harbin,2
London,2
Boisville-la-Saint-Père,2
Złotniki,2
Tczew,2
Skawina,2
Rumia,2
Nowy Dwór Gdański,2
Ligota,2
Tarnów,1
Rejowiec Fabryczny,1
Otwock,1
Ostrołęka,1
Łuków,1
Iłża,1
Grębów,1
Garwolin,1
Novosibirsk,1
Almaty,1
Ho Chi Minh City,1
Phú Thọ,1
Hanoi,1
Gloucester,1
Amsterdam,1
Frankfurt am Main,1
Saverne,1
Wielichowo,1
Tychy,1
Toruń,1
Świdwin,1
N/A,1
Rybnik,1
Pyskowice,1
Puszczykowo,1
Oświęcim,1
Opole,1
Michałowice,1
Leszno,1
N/A,1
Konin,1
Knurów,1
Kłodzko,1
Jaworzno,1
Dąbrowa Górnicza,1
Bielsko-Biala,1
Oslo,1
Dobrzykowice,1
N/A,1
