name,visitors,bounce_rate,visit_duration
Direct / None,36646,70,159
google.com,34969,79,98
python.org,5586,60,115
yandex.ru,2400,76,56
bing.com,2240,76,103
duckduckgo.com,1989,77,136
search.brave.com,1357,80,94
chatgpt.com,1080,69,145
cn.bing.com,842,72,125
boot.dev,793,77,150
cs50.harvard.edu,771,71,218
m.baidu.com,422,85,26
udemy.com,419,91,59
baidu.com/link,322,77,81
ya.ru,195,82,55
ecosia.org,194,80,117
realpython.com,153,74,165
roadmap.sh,152,81,86
wiki.python.org,150,71,127
netacad.com,141,88,65
psu.instructure.com/courses/2412873/modules/items/44823733,131,88,44
google.com.hk,127,80,45
practicum.yandex.ru,123,77,103
github.com,119,82,125
search.yahoo.com,117,81,92
pandas.pydata.org,107,94,23
youtube.com,105,81,63
es.python.org,102,52,202
proxy.vocareum.com,95,83,140
baidu.com,87,83,47
codecademy.com,78,85,57
numpy.org,77,90,95
android-app://com.google.android.googlequicksearchbox,75,59,109
pip.pypa.io/en/stable/installation,75,68,44
qiita.com,71,82,114
gemini.google.com,64,82,104
openclassrooms.com,64,81,73
qwant.com,64,75,197
discuss.python.org,63,81,66
in.search.yahoo.com,60,77,52
perplexity.ai,58,81,57
learn.zybooks.com,57,84,38
t.co,56,74,12
code.visualstudio.com,55,75,44
lms.informatics.ru,55,75,234
note.nkmk.me,55,89,41
link.zhihu.com,52,60,135
codedex.io,47,81,20
yandex.by,47,76,147
doubao.com,46,59,129
pygame.org,46,96,30
fastapi.tiangolo.com,45,76,48
learn.bu.edu,44,78,178
scikit-learn.org,44,80,132
copilot.microsoft.com,42,73,90
savanna.alxafrica.com,42,75,59
lms.skillfactory.ru,41,71,115
android-app://com.reddit.frontpage,40,90,8
notebooks.githubusercontent.com,40,62,469
developers.google.com,38,79,91
docs.pydantic.dev,38,85,144
learn.srmonline.in,38,60,194
hackerrank.com,37,81,95
pypi.org,34,79,93
docs.pytorch.org,33,91,18
lm.facebook.com,31,74,67
yandex.ru/search,31,87,59
link.csdn.net,30,87,50
peps.python.org,30,81,438
google.ru,29,83,76
m.facebook.com,29,79,25
cursos.alura.com.br,28,87,81
ioai.toki.id,28,65,54
langchain-ai.github.io,28,86,13
yandex.kz,28,86,98
github.com/yt-dlp/yt-dlp,27,93,4
s3.eu-west-1.amazonaws.com,27,70,48
statics.teams.cdn.office.net,26,85,92
reddit.com,24,62,43
courses.campus.gov.il,23,83,62
courses.edx.org,23,95,1
oembeditslearning.com,23,65,106
so.com/link,23,83,34
pytest-mock.readthedocs.io/en/latest/usage.html,22,68,167
hiladental.co.il,21,48,907
my.uopeople.edu,21,86,51
claude.ai,20,86,328
iiitb.codetantra.com,20,100,0
kivy.org,20,77,103
skillbox.ru,20,78,7
github.com/mnh-jansson/m18-protocol,19,58,159
leetcode.com,19,95,1
python.github.net.cn,19,53,128
stackoverflow.com,19,74,101
huggingface.co,18,82,3
networkx.org,18,89,21
search.yahoo.co.jp,18,89,12
classroom.google.com,17,65,216
fr.search.yahoo.com,17,94,4
strftime.org,17,88,24
127.0.0.1,16,76,176
br.search.yahoo.com,16,69,88
docs.google.com,16,94,0
mastergroosha.github.io,16,82,163
pip.pypa.io,16,88,47
psu.instructure.com,16,89,3
python.jp,16,50,178
universityofmanitoba.desire2learn.com,16,76,9
assets.scormproxy.com,14,79,2
google.co.uk,14,68,310
pythoncheatsheet.org,14,86,50
quiz2025.csse.canterbury.ac.nz,14,86,72
uneex.org,14,80,81
yandex.com,14,86,136
app.dataquest.io,13,62,87
athena.alxafrica.com,13,85,93
en.wikipedia.org,13,69,74
github.com/AUTOMATIC1111/stable-diffusion-webui/issues/1423,13,92,41
google.co.in,13,100,0
learn.microsoft.com,13,71,228
odoo.com,13,85,28
purdue-engr-13300.github.io,13,86,24
pyformat.info,13,92,13
upgrad.com,13,54,50
e-masters.u-bordeaux.fr,12,62,153
edube.org,12,92,152
home-assistant.io/docs/configuration/templating,12,77,235
learn.profession.ai,12,92,2
linkedin.com,12,92,4
openstax.org,12,77,44
programming.se.kmitl.ac.th,12,100,0
rephactor.com,12,83,18
amuletmc.com,11,82,58
byui-cse.github.io,11,91,25
ca.search.yahoo.com,11,100,0
google.de,11,92,38
packaging.python.org/en/latest/guides/tool-recommendations,11,55,357
packaging.python.org/en/latest/tutorials/installing-packages,11,82,43
pydoc.pages.taltech.ee,11,100,0
uk.search.yahoo.com,11,73,171
utokyo-ipp.github.io,11,46,392
w3schools.com,11,82,57
adishankara.codetantra.com,10,100,0
airflow.apache.org,10,100,0
coccoc.com/search,10,90,65
developer.mozilla.org,10,40,16
github.com/GoogleChrome/related-website-sets/blob/main/RWS-Submission_Guidelines.md,10,30,141
google.fr,10,80,8
google.github.io,10,56,57
l.facebook.com,10,90,23
learnpython.org,10,60,141
lms.yandex.ru,10,100,0
nohtyprm.github.io,10,100,0
overleaf.com,10,64,263
packaging.python.org/en/latest/tutorials/packaging-projects,10,80,29
python.org/downloads,10,50,241
source.android.com,10,44,40
superfastpython.com,10,90,0
wdi.centralesupelec.fr,10,90,82
brightspace.tudelft.nl,9,67,13
byhy.net,9,67,29
cms.unir.net,9,67,13
courses.maine.edu,9,90,87
datahub.berkeley.edu,9,44,322
digitalocean.com,9,67,159
learn.lewagon.com,9,78,206
learn.ucu.edu.ua,9,83,119
liaoxuefeng.com,9,100,0
metanit.com,9,100,0
namu.wiki,9,30,196
theforage.com,9,44,49
app.certidevs.com,8,88,2
arena.neoekonomi.com,8,50,26
aulasvirtuales.unimet.edu.ve,8,75,63
bitcamp.ge,8,44,1270
campus.mines-albi.fr,8,88,1
capytale2.ac-paris.fr,8,100,0
chat.baidu.com,8,62,21
codecademy-enterprise.percipio.com,8,80,39
docs.astral.sh,8,88,0
edube.org/learn/pe-2/using-modules-9,8,38,83
engdoc.corp.google.com,8,100,0
facebook.com,8,100,0
gtinfosec.org,8,100,0
intranet.hbtn.io,8,67,292
jupyterlabnext-2-labs-prod-jupyterlab-us-east-0.labs.cognitiveclass.ai,8,100,0
kdnuggets.com,8,75,314
notion.so,8,50,525
ocw.mit.edu,8,100,0
olympus.mygreatlearning.com,8,88,13
pro.arcgis.com,8,71,11
pwn.college,8,78,370
python.org/psf-landing,8,88,4
sky.pro,8,75,433
tcsglobal.udemy.com,8,75,392
android-app://com.linkedin.android,7,71,7
confluence.ecmwf.int,7,86,347
cs111.byu.edu,7,100,0
elearn.epam.com,7,100,0
exercism.org,7,57,84
google.com.br,7,56,150
hlop3z.github.io,7,71,859
jupyterlabnext-1-labs-prod-jupyterlab-us-east-0.labs.cognitiveclass.ai,7,88,156
learn.canterbury.ac.nz,7,71,68
learn.nvidia.com,7,86,162
lms.utmn.ru,7,88,2
pytest-mock.readthedocs.io,7,100,0
qna.habr.com,7,100,0
sphinx-doc.org/en/master,7,57,37
trix.ifi.uio.no,7,86,73
virtualenv.pypa.io/en/latest,7,43,85
yandex.com.tr,7,88,1
app.kira-learning.com,6,100,0
appro.mit.jyu.fi,6,67,166
atenea.upc.edu,6,75,18
code.amazon.com,6,17,70
cs.nyu.edu,6,50,1312
datacamp.com,6,67,26
discordpy.readthedocs.io,6,67,83
discordpy.readthedocs.io/en/stable/api.html,6,100,0
doc.qt.io,6,50,463
docs.pytest.org/en/stable/getting-started.html,6,83,13
edu.mipt.ru,6,83,0
es.search.yahoo.com,6,67,119
flask.palletsprojects.com/en/stable/installation,6,100,0
getcracked.io,6,100,0
google.co.jp,6,60,27
mail.google.com,6,100,0
onlinecourses.nptel.ac.in,6,67,119
open.uom.lk,6,100,0
py.mit.edu,6,83,3
pycode.ru,6,67,16
python-patterns.guide,6,83,49
runoob.com,6,50,31
school.programmers.co.kr,6,50,212
srmeaswari.codetantra.com,6,100,0
textual.textualize.io,6,67,2
tw.search.yahoo.com,6,100,0
virtuale.unibo.it,6,67,86
yandex.ru/search/pad,6,83,11
academy.zerotomastery.io,5,100,0
ai.pydantic.dev,5,100,0
alt-5849b9bae4172.blackboard.com,5,80,353
amritasai.codetantra.com,5,100,0
aprender3.unb.br,5,83,88
away.vk.com,5,80,1
bing.com/search,5,75,5
blackboard.noc.edu,5,80,310
colstate.view.usg.edu,5,100,0
docs.pola.rs,5,100,0
docs.scrapy.org/en/latest/intro/tutorial.html,5,60,151
edube.org/learn/pe-1/section-summary-72,5,100,0
ege-infa.tilda.ws,5,83,20
ellibrodepython.com,5,67,60
flask.palletsprojects.com,5,80,306
github.com/manthan89-py/Plant-Disease-Detection,5,60,52
github.com/mnh-jansson/m18-protocol/blob/master/README.md,5,100,0
google.com.au,5,80,101
google.com.tw,5,40,1141
google.it,5,80,24
home-assistant.io,5,80,137
id.search.yahoo.com,5,40,25
introcomp.mit.edu,5,60,22
ithelp.ithome.com.tw,5,80,15
jakevdp.github.io,5,20,1620
kennesaw.view.usg.edu,5,50,8
korea-univ.elice.io,5,60,35
launchschool.com,5,83,195
lcms.skku.edu,5,83,7
learn.hamk.fi,5,83,244
learning.ccbp.in,5,80,28
lyceum.bates.edu,5,100,0
mne.tools,5,100,0
moodle.polytechnic.bh,5,86,1
mycourses.cccs.edu,5,80,2
noto.epfl.ch,5,100,0
paiza.jp,5,100,0
ph.search.yahoo.com,5,60,353
platform.productstar.ru,5,80,8
portal.offsec.com,5,100,0
py4e.com,5,100,0
python-forum.de,5,80,3
python.org/doc,5,20,92
python.org/downloads/android,5,60,33
pythontutor.ru,5,100,0
startpage.com,5,60,62
steam.oxxostudio.tw,5,100,0
stefaniemolin.com,5,40,52
teach.cs.toronto.edu,5,80,216
wiki.freecad.org,5,60,2381
wmonteiro-ai.github.io,5,60,310
ai.google.dev,4,33,363
algo-method.com,4,100,0
app.perusall.com,4,100,0
au.search.yahoo.com,4,75,367
automatetheboringstuff.com,4,100,0
bth-python.github.io,4,50,55
canvas.tamu.edu/courses/405476/pages/m4-learning-materials,4,75,19
chokkan.github.io,4,60,191
co.search.yahoo.com,4,100,0
