name,unique_exits,total_exits,exit_rate
/it/3/tutorial/index.html,17,18,
/it/3/,11,11,
/it/3/tutorial/controlflow.html,9,9,
/it/3/tutorial/venv.html,8,8,
/it/3.15/using/windows.html,7,7,
/it/3.14/tutorial/index.html,6,6,
/it/3/tutorial/interpreter.html,6,7,
/it/3.14/,5,5,
/it/3.14/library/stdtypes.html,5,5,
/it/3/tutorial/datastructures.html,5,5,
/it/3/tutorial/inputoutput.html,5,5,
/it/3/tutorial/introduction.html,5,6,
/3/,4,4,
/it/3.12/whatsnew/changelog.html,4,4,
/it/3.14/library/collections.html,4,5,
/it/3.14/tutorial/introduction.html,4,4,
/it/3/library/stdtypes.html,4,4,
/it/3/tutorial/classes.html,4,4,
/dev/using/windows.html,3,3,
/it/3.12/library/functions.html,3,3,
/it/3.12/library/signal.html,3,3,
/it/3.14/search.html,3,4,
/it/3.14/tutorial/,3,3,
/it/3.14/tutorial/datastructures.html,3,3,
/it/3/glossary.html,3,3,
/it/3/tutorial/,3,3,
/it/3/tutorial/stdlib.html,3,3,
/3.14/library/,2,2,
/3/library/http.html,2,2,
/3/library/index.html,2,2,
/3/library/stdtypes.html,2,2,
/3/tutorial/controlflow.html,2,2,
/it/3.12/library/datetime.html,2,2,
/it/3.12/library/sys.html,2,2,
/it/3.12/py-modindex.html,2,2,
/it/3.13/tutorial/datastructures.html,2,2,
/it/3.13/tutorial/venv.html,2,2,
/it/3.14/download.html,2,2,
/it/3.14/genindex-I.html,2,2,
/it/3.14/genindex.html,2,2,
/it/3.14/index.html,2,2,
/it/3.14/library/functions.html,2,2,
/it/3.14/library/idle.html,2,2,
/it/3.14/library/sqlite3.html,2,2,
/it/3.14/tutorial/interpreter.html,2,2,
/it/3.15/search.html,2,2,
/it/3/index.html,2,2,
/it/3/library/functions.html,2,2,
/it/3/tutorial/appetite.html,2,2,
/it/3/tutorial/modules.html,2,2,
/ja/3.14/library/stdtypes.html,2,2,
/3.12/using/index.html,1,1,
/3.13/index.html,1,1,
/3.14/,1,1,
/3.14/library/smtplib.html,1,1,
/3.14/tutorial/classes.html,1,1,
/3.14/tutorial/errors.html,1,1,
/3.14/tutorial/index.html,1,1,
/3.15/,1,1,
/3.15/tutorial/index.html,1,1,
/3.15/tutorial/interactive.html,1,1,
/3/download.html,1,1,
/3/library/collections.html,1,1,
/3/library/linecache.html,1,1,
/3/library/pkgutil.html,1,1,
/3/library/tkinter.ttk.html,1,1,
/3/library/types.html,1,1,
/3/tutorial/,1,1,
/3/tutorial/appetite.html,1,1,
/3/tutorial/datastructures.html,1,1,
/3/tutorial/index.html,1,1,
/3/tutorial/interpreter.html,1,1,
/3/tutorial/introduction.html,1,1,
/3/tutorial/venv.html,1,1,
/3/whatsnew/3.14.html,1,1,
/fr/3.14/reference/index.html,1,1,
/it/3.12/c-api/frame.html,1,1,
/it/3.12/c-api/init.html,1,1,
/it/3.12/c-api/refcounting.html,1,1,
/it/3.12/c-api/structures.html,1,1,
/it/3.12/copyright.html,1,1,
/it/3.12/library/abc.html,1,1,
/it/3.12/library/bz2.html,1,1,
/it/3.12/library/codecs.html,1,1,
/it/3.12/library/csv.html,1,1,
/it/3.12/library/gzip.html,1,1,
/it/3.12/library/idle.html,1,1,
/it/3.12/library/os.html,1,1,
/it/3.12/library/pdb.html,1,1,
/it/3.12/library/shutil.html,1,1,
/it/3.12/library/stdtypes.html,1,1,
/it/3.12/library/textwrap.html,1,1,
/it/3.12/library/threading.html,1,1,
/it/3.12/library/timeit.html,1,1,
/it/3.12/library/tk.html,1,1,
/it/3.12/library/types.html,1,1,
/it/3.12/library/urllib.request.html,1,1,
/it/3.12/library/xml.sax.reader.html,1,1,
/it/3.12/reference/datamodel.html,1,1,
/it/3.12/reference/index.html,1,1,
