name,unique_entrances,total_entrances,visit_duration
/3/,12957,13347,157
/3/library/functions.html,5974,6241,105
/3/library/venv.html,5250,5373,36
/3/library/stdtypes.html,5242,5557,123
/3/tutorial/index.html,4890,5083,177
/3/library/datetime.html,3989,4119,87
/3/tutorial/datastructures.html,3137,3274,111
/3/library/index.html,3030,3150,158
/3/library/re.html,2906,3011,90
/3/tutorial/,2747,2886,118
/3/library/typing.html,2631,2719,106
/3/library/idle.html,2373,2413,44
/3/library/tkinter.html,2274,2362,86
/3/library/turtle.html,2157,2378,131
/3/library/logging.html,2148,2243,133
/3/library/argparse.html,2103,2178,135
/3/search.html,2016,2167,242
/3/library/csv.html,1975,2043,83
/3/library/random.html,1874,1935,66
/3/library/math.html,1836,1910,87
/3/library/pathlib.html,1827,1872,111
/3/library/subprocess.html,1744,1798,102
/3/tutorial/controlflow.html,1713,1804,144
/3/library/dataclasses.html,1686,1730,104
/3/tutorial/classes.html,1679,1739,132
/3/tutorial/errors.html,1625,1657,85
/3/library/os.html,1566,1610,132
/3/library/collections.html,1531,1574,83
/3/library/exceptions.html,1514,1554,87
/3/library/multiprocessing.html,1320,1381,158
/3/tutorial/inputoutput.html,1234,1272,118
/3/library/json.html,1232,1269,93
/3/tutorial/introduction.html,1218,1296,147
/3/library/itertools.html,1213,1257,84
/3/library/enum.html,1163,1197,104
/3/library/unittest.html,1137,1186,90
/3/library/unittest.mock.html,1107,1169,93
/3/library/asyncio-task.html,1103,1159,142
/3/library/threading.html,1096,1132,133
/3/library/asyncio.html,1090,1121,170
/3/library/time.html,1073,1093,64
/3/tutorial/modules.html,1072,1105,133
/3/library/sqlite3.html,1062,1105,99
/3/library/string.html,1048,1072,104
/3/library/functools.html,1016,1050,91
/3/library/os.path.html,981,1022,122
/3/tutorial/interpreter.html,947,983,122
/3/library/concurrent.futures.html,911,952,111
/3/tutorial/venv.html,860,894,71
/3/using/windows.html,828,844,71
/3/glossary.html,801,814,152
/3/library/heapq.html,799,827,105
/3/reference/datamodel.html,790,813,173
/3/library/xml.etree.elementtree.html,759,796,90
/3/howto/sorting.html,691,714,112
/3/library/socket.html,687,720,137
/3/howto/logging.html,656,677,154
/3/whatsnew/3.13.html,656,668,136
/3/library/shutil.html,653,672,139
/3/library/struct.html,648,677,79
/3/library/sys.html,641,650,115
/3/library/pickle.html,623,635,94
/3/library/tempfile.html,616,630,113
/3/library/pdb.html,607,634,67
/3/py-modindex.html,607,643,127
/3/installing/index.html,582,590,59
/3/using/mac.html,581,586,70
/3/tutorial/appetite.html,537,555,225
/3/reference/index.html,532,537,228
/es/3/tutorial/,524,544,169
/zh-cn/3/,523,543,173
/3/library/abc.html,504,518,81
/3/library/,492,514,87
/3/library/io.html,480,486,130
/3/reference/lexical_analysis.html,474,494,109
/3/library/contextlib.html,472,483,163
/3/library/hashlib.html,472,485,107
/3/library/urllib.parse.html,457,465,118
/3/library/copy.html,454,457,71
/3/library/glob.html,452,463,100
/3/reference/expressions.html,452,461,126
/3/library/configparser.html,443,463,48
/3/using/cmdline.html,421,426,71
/3/library/asyncio-eventloop.html,420,431,198
/3/library/zipfile.html,414,431,109
/3/library/queue.html,408,419,140
/3/howto/regex.html,397,403,71
/3/library/pprint.html,384,392,63
/3/reference/compound_stmts.html,377,388,166
/ja/3/library/codecs.html,376,386,36
/3/contents.html,372,386,137
/3/reference/import.html,364,368,118
/3/using/android.html,349,352,73
/3/library/operator.html,348,359,94
/zh-cn/3/tutorial/index.html,346,356,206
/3/library/ast.html,344,357,116
/3/license.html,333,337,119
/3/library/uuid.html,331,343,56
/3/library/http.server.html,330,336,158
/3/library/decimal.html,327,337,76
/3/index.html,326,350,278
/3/library/profile.html,309,321,118
/3/library/difflib.html,296,304,42
/3/download.html,291,295,58
/3/reference/simple_stmts.html,291,298,165
/3/library/smtplib.html,289,298,91
/3/library/collections.abc.html,288,292,112
/3/library/logging.handlers.html,279,287,215
/3/library/importlib.html,275,279,106
/3/tutorial/floatingpoint.html,271,278,44
/3/library/ctypes.html,261,268,126
/3/library/tk.html,251,259,179
/3/library/ssl.html,249,262,112
/3/library/warnings.html,247,248,108
/3/howto/logging-cookbook.html,244,250,155
/3/library/timeit.html,229,231,84
/3/howto/argparse.html,227,236,112
/3/library/ensurepip.html,226,226,95
/3/using/index.html,225,228,151
/3/library/asyncio-sync.html,222,222,197
/3/howto/enum.html,220,224,97
/3/library/urllib.request.html,220,222,177
/3/library/inspect.html,219,228,129
/3/library/bisect.html,216,223,41
/3/library/codecs.html,216,222,99
/3/library/ipaddress.html,211,221,76
/zh-cn/3/library/index.html,211,225,222
/ja/3/,209,222,230
/3/library/base64.html,204,205,62
/3/library/traceback.html,201,204,64
/3/library/secrets.html,199,207,75
/3/whatsnew/3.12.html,196,198,116
/3/library/logging.config.html,195,204,171
/3/library/__main__.html,188,191,130
/3/library/signal.html,187,191,120
/3/library/tkinter.ttk.html,187,195,70
/3/howto/unicode.html,186,190,51
/3/library/array.html,181,185,91
/3/faq/,176,182,174
/3/library/statistics.html,176,180,57
/3/library/webbrowser.html,173,202,473
/3/library/asyncio-queue.html,172,177,204
/3/extending/extending.html,168,171,70
/3/howto/a-conceptual-overview-of-asyncio.html,166,173,246
/3/library/http.client.html,166,167,133
/3/library/contextvars.html,165,168,83
/3/faq/windows.html,161,161,97
/3/library/tarfile.html,160,164,139
/3/library/textwrap.html,160,165,41
/3/library/zoneinfo.html,160,165,91
/fr/3/tutorial/,158,160,230
/3/c-api/index.html,154,154,208
/3/library/dialog.html,149,154,166
/3/library/html.parser.html,148,149,60
/3/library/email.examples.html,144,148,143
/zh-cn/3/using/windows.html,143,145,39
/3/library/gc.html,138,140,83
/3/library/urllib.html,136,136,107
/3/library/constants.html,134,137,74
/3/library/calendar.html,133,136,111
/3/library/types.html,132,133,242
/3/library/tomllib.html,131,133,111
/3/library/datatypes.html,129,131,181
/pt-br/3/,129,132,170
/3/library/asyncio-stream.html,128,138,161
/3/library/getpass.html,124,126,64
/3/library/pydoc.html,122,124,90
/ja/3/tutorial/,122,127,154
/3/library/tracemalloc.html,118,127,131
/3/howto/curses.html,117,119,163
/3/library/ftplib.html,115,120,120
/3/library/doctest.html,112,114,55
/3/howto/descriptor.html,110,114,170
/3/library/fnmatch.html,110,110,59
/3/library/asyncio-runner.html,109,112,170
/3/library/gzip.html,108,115,136
/3/faq/programming.html,107,111,97
/3/howto/sockets.html,106,113,154
/3/howto/functional.html,105,107,141
/3/library/tkinter.messagebox.html,103,105,99
/ja/3/library/stdtypes.html,103,108,188
/3/library/__future__.html,102,102,74
/3/whatsnew/3.8.html,102,105,62
/3/library/asyncio-dev.html,100,106,240
/3/library/intro.html,100,103,160
/3/library/fractions.html,98,101,116
/3/library/mimetypes.html,97,97,68
/3/library/shlex.html,91,92,121
/3/whatsnew/changelog.html,90,90,50
/3.13/tutorial/index.html,89,89,616
/3/library/http.html,89,91,154
/3/tutorial/stdlib.html,89,92,221
/3/library/asyncio-future.html,87,88,245
/3/library/multiprocessing.shared_memory.html,87,91,182
/3/library/zlib.html,87,88,85
/3/whatsnew/3.11.html,87,105,258
/uk/3/reference/compound_stmts.html,87,87,27
/3/faq/general.html,86,90,161
/zh-cn/3/library/functions.html,85,88,112
/3.13/,84,84,632
/3/library/distutils.html,84,85,45
/es/3/tutorial/appetite.html,83,86,300
/3/howto/index.html,82,86,439
/3/library/filesys.html,82,84,149
/3/reference/grammar.html,82,84,224
/3/library/curses.html,81,83,246
/3/library/imaplib.html,81,85,178
/zh-cn/3/library/turtle.html,80,82,107
/3/library/asyncio-subprocess.html,79,81,351
/3/library/importlib.resources.html,79,83,83
/es/3/tutorial/index.html,79,87,155
/ja/3/library/functions.html,79,79,111
/zh-cn/3/tutorial/controlflow.html,78,82,146
/zh-cn/3/using/mac.html,78,78,23
/es/3/tutorial/interpreter.html,77,79,218
/3/library/unicodedata.html,76,76,125
/3/whatsnew/index.html,74,74,157
/3/extending/embedding.html,73,75,103
/3/library/cmath.html,72,73,112
/3/whatsnew/3.10.html,72,74,150
/3/c-api/memory.html,71,71,113
/zh-cn/3/tutorial/introduction.html,71,73,150
/3/library/email.html,70,71,81
/3/howto/annotations.html,69,74,78
/3/library/unittest.mock-examples.html,69,69,147
/pt-br/3/tutorial/index.html,69,75,104
/3/howto/free-threading-python.html,68,70,119
/3/library/socketserver.html,68,69,115
/fr/3/tutorial/datastructures.html,68,70,103
/3/library/weakref.html,66,67,94
/es/3/,66,70,121
/3/library/atexit.html,65,66,74
/3/library/dis.html,65,69,179
/3/library/zipimport.html,65,65,29
/ja/3/tutorial/index.html,65,73,509
/3/genindex-Symbols.html,64,64,62
/3/library/mmap.html,64,70,126
/ja/3/library/index.html,64,73,147
/3/library/platform.html,63,64,26
/3/library/site.html,63,65,85
/zh-tw/3/tutorial/index.html,63,64,207
/zh-cn/3/tutorial/interpreter.html,62,62,60
/3/library/telnetlib.html,61,64,150
/3/using/ios.html,61,61,68
/3/using/unix.html,61,63,90
/zh-cn/3/library/math.html,61,62,37
/zh-cn/3/tutorial/,61,65,274
/3.15/,60,60,462
/es/3/library/stdtypes.html,60,66,80
/es/3/tutorial/introduction.html,60,63,124
/3/library//argparse.html,59,59,107
/3/library/select.html,59,60,159
/3/tutorial/stdlib2.html,59,60,511
/es/3/tutorial/controlflow.html,58,60,79
/ja/3/library/datetime.html,58,61,87
/zh-cn/3/index.html,58,60,114
/3/library/importlib.metadata.html,57,58,114
/3/library/stat.html,57,58,228
/3/reference/introduction.html,57,58,232
/3/library/xml.html,56,57,144
/3/library/cmd.html,54,56,95
/3/library/email.mime.html,54,55,262
/3/using/configure.html,54,57,25
/3/c-api/init.html,53,54,159
/3/extending/index.html,53,55,207
/3/library/numbers.html,53,53,112
/3/c-api/intro.html,52,53,275
/3/library/locale.html,52,53,92
/3/reference/,52,52,64
/zh-cn/3/library/,52,54,35
/3/library/binascii.html,51,51,81
/3/library/optparse.html,51,52,245
/fr/3/library/json.html,51,52,167
/3/library/html.html,50,51,136
/ja/3/tutorial/datastructures.html,50,57,161
/zh-cn/3/reference/index.html,50,52,205
/3.14/whatsnew/3.14.html,48,48,629
/3/library/wave.html,48,51,72
/3/tutorial/appendix.html,47,50,201
/3/library/builtins.html,46,46,43
/3/library/email.message.html,46,46,103
/3/library/tokenize.html,46,48,217
/3/library/winreg.html,46,56,560
/3/library/py_compile.html,45,45,51
/zh-cn/3/library/idle.html,45,45,42
/zh-cn/3/library/re.html,45,48,28
/3/library/hmac.html,44,44,259
/zh-cn/3/search.html,44,45,221
/zh-cn/3/using/index.html,44,45,9
/3.13/using/windows.html,43,43,564
/3/library/email.parser.html,43,44,99
/3/library/lzma.html,43,44,105
/3/library/asyncio-protocol.html,42,42,371
/3/library/filecmp.html,42,43,145
/fr/3/library/csv.html,42,43,127
/3/library/gettext.html,41,42,27
/3/reference/executionmodel.html,41,44,206
/zh-cn/3/tutorial/appetite.html,41,43,249
/3/library/colorsys.html,40,40,33
/3/library/shelve.html,40,40,239
