name,visitors
São Paulo,279
Rio de Janeiro,137
Brasília,75
Curitiba,47
Belo Horizonte,41
Fortaleza,32
Campinas,29
Porto Alegre,27
Goiânia,26
Manaus,24
Recife,23
Lisbon,21
Belém,19
Salvador,19
N/A,16
São José dos Campos,15
Osasco,15
Natal,14
São Bernardo do Campo,14
Maputo,13
Vila Velha,13
Londrina,13
João Pessoa,12
Jundiaí,12
Campo Grande,12
Teresina,11
Maceió,11
Uberlândia,10
Niterói,10
Florianópolis,10
São Carlos,9
Guarulhos,9
Cuiabá,9
Blumenau,9
Vitória,8
Mogi das Cruzes,8
Joinville,8
Luanda,7
São Luís,7
Sorocaba,7
São Gonçalo,6
Santa Cruz do Sul,6
Rio Grande,6
Maringá,6
Cascavel,6
Canoas,6
Bauru,6
Ananindeua,5
Volta Redonda,5
N/A,5
Santa Bárbara d'Oeste,5
Ribeirão Preto,5
Praia Grande,5
Ponta Grossa,5
Gravataí,5
Catanduva,5
Praia,4
Mossoró,4
Campina Grande,4
Vitória da Conquista,4
Taboão da Serra,4
Serra,4
São José do Rio Preto,4
São João del Rei,4
São Caetano do Sul,4
Santo André,4
Santa Maria,4
Salto de Pirapora,4
Palhoça,4
Mauá,4
Itaquaquecetuba,4
Itajubá,4
Indaiatuba,4
Hortolândia,4
Franca,4
Foz do Iguaçu,4
Dourados,4
Caxias do Sul,4
N/A,4
Cabo Frio,4
Barueri,4
Barbacena,4
Palmas,4
Boa Vista,4
Changsha,3
Torres Vedras,3
Amadora,3
Vila Nova de Gaia,3
Dublin,3
Santarém,3
Parnaíba,3
Caruaru,3
Varginha,3
Valinhos,3
Taubaté,3
Suzano,3
Sete Lagoas,3
N/A,3
Santana de Parnaíba,3
Santa Luzia,3
N/A,3
Rio Verde,3
Ribeirão das Neves,3
Piracicaba,3
Novo Hamburgo,3
Nova Iguaçu,3
Lavras,3
Juiz de Fora,3
Jaraguá do Sul,3
Itapetininga,3
Itanhaém,3
Itajaí,3
Itabira,3
Irecê,3
Francisco Morato,3
Flores da Cunha,3
Duque de Caxias,3
Carapicuíba,3
Cajamar,3
Cachoeiro de Itapemirim,3
Araras,3
Araguari,3
Aracaju,3
Americana,3
Almirante Tamandaré,3
Rio Branco,3
Porto Velho,3
Washington,3
Montréal,3
Aparecida de Goiânia,3
Jaboatão dos Guararapes,3
Nanjing,2
Nanchang,2
Setúbal,2
Póvoa de Santo Adrião,2
Portimão,2
Viana do Castelo,2
Guimarães,2
Hamburg,2
Montpellier,2
Cova Figueira,2
Valença do Piauí,2
Tucuruí,2
Timon,2
Surubim,2
Sobral,2
Serra Talhada,2
São Sebastião,2
São José de Ribamar,2
Santana do Ipanema,2
Salinópolis,2
Pilar,2
Paulista,2
N/A,2
Monteiro,2
Messias,2
Macapá,2
Lagoa do Itaenga,2
Junqueiro,2
Itapipoca,2
Garanhuns,2
Desterro,2
Currais Novos,2
Cuité,2
N/A,2
Cajazeiras,2
N/A,2
Viçosa,2
Venâncio Aires,2
Teresópolis,2
N/A,2
Simão Dias,2
Seropédica,2
São José dos Pinhais,2
Registro,2
Porto Ferreira,2
Piraju,2
Pindamonhangaba,2
Penápolis,2
Patos de Minas,2
Paracatu,2
Palmas,2
Olímpia,2
Nazaré,2
Mogi Guaçu,2
Matão,2
Marília,2
Mafra,2
Madre de Deus,2
Limeira,2
Lages,2
Lagoa Santa,2
Juatuba,2
N/A,2
Jataí,2
Jandira,2
Jaciara,2
Itu,2
Ipatinga,2
Iguaba Grande,2
Ibiporã,2
Guarapuava,2
Governador Valadares,2
Frederico Westphalen,2
Ferraz de Vasconcelos,2
Dois Vizinhos,2
Descalvado,2
Cotia,2
Contagem,2
Chapecó,2
Carazinho,2
Caraguatatuba,2
Campos dos Goytacazes,2
N/A,2
N/A,2
Caçapava,2
Caçador,2
Brusque,2
Betim,2
Bento Gonçalves,2
Bela Vista de Goiás,2
N/A,2
Bagé,2
Araraquara,2
Aracruz,2
N/A,2
Angatuba,2
Anápolis,2
Amparo,2
Almenara,2
Alagoinhas,2
N/A,2
Lauro de Freitas,2
Santa Maria de Jetibá,2
Teixeira de Freitas,2
N/A,2
N/A,2
N/A,2
N/A,2
Ankara,1
Moscow,1
Nur-Sultan,1
Ho Chi Minh City,1
Shenzhen,1
Shanghai,1
Hangzhou,1
Guangzhou,1
Dongguan,1
Beijing,1
N/A,1
Nagoya,1
N/A,1
São Domingos de Rana,1
Ourém,1
Odivelas,1
Leiria,1
Faro,1
Beja,1
N/A,1
Almada,1
Alcobaça,1
Vila Nova de Famalicão,1
São João da Madeira,1
Porto,1
Aveiro,1
Águeda,1
Mülheim,1
Noisy-le-Sec,1
N/A,1
N/A,1
São Gonçalo do Amarante,1
Santa Inês,1
Santa Cruz,1
Quixeramobim,1
Patos,1
Parnamirim,1
Olinda,1
N/A,1
Maracanaú,1
Major Isidoro,1
Macau,1
Limoeiro,1
João Câmara,1
Itapissuma,1
N/A,1
Ipojuca,1
Imperatriz,1
Igarassu,1
Codó,1
Castanhal,1
N/A,1
Arapiraca,1
Agrestina,1
Afogados da Ingazeira,1
N/A,1
Buenos Aires,1
Votuporanga,1
Votorantim,1
Videira,1
Viamão,1
