name,visitors
Chrome,282458
Microsoft Edge,105806
Safari,22516
Firefox,20645
Opera,9168
Yandex Browser,7435
Mobile App,2902
Smart Lenovo Browser,1254
Samsung Browser,1054
QQ Browser,812
Quark,804
Whale Browser,488
Sogou Explorer,413
MIUI Browser,268
Avast Secure Browser,261
vivo Browser,217
Huawei Browser Mobile,154
Huawei Browser,108
AVG Secure Browser,70
UC Browser,66
Chromium,43
(not set),40
Phoenix Browser,36
QtWebEngine,35
Hi Browser,32
Norton Private Browser,28
Opera GX,27
CCleaner,23
Mobile Silk,22
JioSphere,21
SberBrowser,19
Ecosia,17
UBrowser,15
Android Browser,13
Opera Touch,10
115 Browser,9
Avira Secure Browser,9
Mypal,9
QQ Browser Lite,8
Iron,7
360 Secure Browser,6
AdBlock Browser,6
Atom,6
Chromium GOST,6
Openwave Mobile Browser,6
Lenovo Browser,5
Vivaldi,5
Pale Moon,4
SFive,4
UC Browser Turbo,4
Meizu Browser,3
Oculus Browser,3
ALVA,2
Aloha Browser,2
DuckDuckGo Privacy Browser,2
Falkon,2
Oppo Browser,2
SeaMonkey,2
Seewo Browser,2
Sleipnir,2
360 Phone Browser,1
Coc Coc,1
Elements Browser,1
Firefox Rocket,1
Ghostery Privacy Browser,1
Internet Explorer,1
Maxthon,1
NetFront,1
REST Client for Ruby,1
Realme Browser,1
Stargon,1
Waterfox,1
Xvast,1
surf,1
t-online.de Browser,1
