name,version,visitors
Chrome,137.0,1666
Microsoft Edge,137.0,267
Firefox,139.0,125
Opera,119.0,109
Safari,18.5,95
Chrome,136.0,87
Chrome,135.0,23
Chrome,109.0,19
Mobile App,137.0,17
Firefox,128.0,14
Mobile App,(not set),13
Microsoft Edge,136.0,12
Chrome,125.0,11
Samsung Browser,28.0,10
Chrome,133.0,9
Chrome,134.0,9
Safari,18.3,8
Chrome,119.0,7
Firefox,138.0,7
Safari,17.6,7
Safari,18.4,7
Chrome,122.0,6
Safari,16.0,6
Brave,(not set),5
Firefox,115.0,5
Chrome,131.0,5
Firefox,136.0,5
Chrome,128.0,4
Mobile App,136.0,4
Microsoft Edge,138.0,4
Firefox,140.0,4
Safari,17.4,4
Safari,17.5,4
Chrome,114.0,3
Chrome,127.0,3
Chrome,130.0,3
Microsoft Edge,133.0,3
Safari,15.6,3
Safari,16.6,3
Chrome,96.0,3
(not set),(not set),2
Chrome,116.0,2
Chrome,117.0,2
Chrome,126.0,2
MIUI Browser,13.25,2
Chrome,132.0,2
Firefox,133.0,2
Firefox,137.0,2
Mobile App,138.0,2
Safari,16.3,2
Safari,17.13,2
Safari,18.0,2
Safari,18.1,2
Chrome,95.0,2
Opera,95.0,2
Microsoft Edge,109.0,1
Firefox,118.0,1
Microsoft Edge,119.0,1
Chrome,120.0,1
Chrome,121.0,1
Chrome,124.0,1
Chrome,129.0,1
Microsoft Edge,131.0,1
Firefox,134.0,1
Firefox,135.0,1
Microsoft Edge,135.0,1
Avast Secure Browser,137.0,1
AVG Secure Browser,137.0,1
Chrome,139.0,1
Safari,16.1,1
Safari,16.4,1
DuckDuckGo Privacy Browser,5,1
Chrome,80.0,1
Opera,88.0,1
Opera,89.0,1
Microsoft Edge,90.0,1
Chrome,91.0,1
Chrome,99.0,1
