name,visitors
Spain,454
Mexico,448
Colombia,358
Argentina,329
Peru,249
Chile,231
Ecuador,90
Venezuela,72
Bolivia,54
Dominican Republic,44
United States,38
Costa Rica,33
Guatemala,33
Uruguay,33
Cuba,25
El Salvador,23
Paraguay,16
Brazil,15
Panama,13
Honduras,12
Nicaragua,12
Singapore,9
Germany,8
Puerto Rico,8
Canada,6
Netherlands,6
China,5
United Kingdom,4
India,4
Belgium,3
Israel,3
Japan,3
Portugal,3
"Congo, The Democratic Republic of the",2
Italy,2
Russian Federation,2
Saudi Arabia,2
France,1
Greece,1
Libya,1
Romania,1
Ukraine,1
Vietnam,1
