name,visitors
United States,3595
India,1941
Germany,1018
United Kingdom,907
China,877
France,558
Canada,451
Brazil,408
Russian Federation,404
Australia,353
Japan,350
Netherlands,343
Singapore,279
Hong Kong,271
Italy,261
Spain,241
Poland,224
South Korea,183
Turkey,166
Taiwan,164
Indonesia,155
Switzerland,151
Austria,148
Israel,138
Mexico,137
South Africa,125
Sweden,124
Thailand,109
Vietnam,105
Pakistan,93
Portugal,93
Czechia,87
Argentina,85
Ukraine,80
Belgium,79
Philippines,77
Colombia,75
Finland,75
Malaysia,71
Ireland,70
Iran,65
Romania,65
Bangladesh,64
Egypt,60
New Zealand,60
Nigeria,58
Saudi Arabia,57
Norway,55
Chile,53
Denmark,51
Greece,44
United Arab Emirates,42
Hungary,42
Bulgaria,36
Algeria,31
Kenya,29
Morocco,29
Peru,27
Sri Lanka,25
Tunisia,23
Serbia,22
Uzbekistan,22
Estonia,20
Kazakhstan,20
Belarus,19
Ecuador,19
Slovakia,19
Nepal,17
Bolivia,16
Lithuania,16
Slovenia,16
Croatia,15
Venezuela,14
Ghana,13
Jordan,13
Latvia,13
Costa Rica,12
Ethiopia,12
Oman,12
Azerbaijan,11
Iraq,11
Luxembourg,11
Côte d'Ivoire,10
Cyprus,10
Cambodia,10
Tanzania,10
Armenia,9
Uruguay,9
Dominican Republic,8
Myanmar,8
Qatar,8
Uganda,8
Georgia,7
Panama,7
Yemen,7
Bosnia and Herzegovina,6
Benin,6
"Congo, The Democratic Republic of the",6
Cameroon,6
Guatemala,6
Iceland,6
Kuwait,6
Madagascar,6
Rwanda,6
Cuba,5
Mongolia,5
Mauritius,5
Kyrgyzstan,4
Lebanon,4
Mozambique,4
Senegal,4
Afghanistan,3
Laos,3
Libya,3
Moldova,3
Mali,3
Malta,3
Namibia,3
Puerto Rico,3
"Palestine, State of",3
Sierra Leone,3
Togo,3
Tajikistan,3
Zambia,3
Andorra,2
Albania,2
Burkina Faso,2
Brunei Darussalam,2
Honduras,2
Liechtenstein,2
Montenegro,2
North Macedonia,2
Mauritania,2
Paraguay,2
Réunion,2
Seychelles,2
Sudan,2
Syria,2
Trinidad and Tobago,2
Zimbabwe,2
Angola,1
Åland Islands,1
Botswana,1
Guinea,1
Jersey,1
Comoros,1
Saint Lucia,1
Martinique,1
Nicaragua,1
El Salvador,1
