name,version,visitors
Chrome,141.0,153341
Microsoft Edge,141.0,111705
Chrome,140.0,84606
Firefox,143.0,15055
Microsoft Edge,140.0,14722
Opera,122.0,11769
Chrome,139.0,8814
Safari,18.6,7620
Yandex Browser,25.8,7009
Safari,26.0,6425
Chrome,138.0,6238
Chrome,109.0,5711
Chrome,132.0,3544
Mobile App,(not set),3325
Smart Lenovo Browser,9.0,2883
Chrome,137.0,2632
Chrome,135.0,2386
Microsoft Edge,139.0,2277
Safari,18.5,2267
Chrome,122.0,1794
Quark,(not set),1521
Chrome,136.0,1521
Microsoft Edge,138.0,1506
Chrome,131.0,1493
Firefox,140.0,1161
Chrome,126.0,1156
Chrome,134.0,1122
Microsoft Edge,92.0,1099
Safari,17.6,1068
Chrome,133.0,1057
Opera,121.0,1017
Chrome,86.0,930
Microsoft Edge,122.0,925
Samsung Browser,28.0,889
Firefox,115.0,838
Safari,18.3,745
Microsoft Edge,137.0,729
Chrome,128.0,714
Firefox,142.0,639
Firefox,128.0,620
Chrome,119.0,619
Chrome,130.0,575
Microsoft Edge,131.0,538
Safari,16.6,530
Safari,18.7,528
Microsoft Edge,136.0,483
Chrome,127.0,471
Chrome,125.0,469
Microsoft Edge,135.0,467
Chrome,129.0,443
Opera,120.0,430
Sogou Explorer,2,426
Microsoft Edge,134.0,408
Safari,17.5,386
Microsoft Edge,133.0,384
Chrome,121.0,372
Safari,15.6,372
Chrome,116.0,357
Safari,18.1,351
Chrome,120.0,349
Firefox,141.0,349
QQ Browser,19.7,347
Microsoft Edge,129.0,342
Safari,26.1,325
Whale Browser,4.33,323
Safari,18.4,314
Chrome,108.0,313
Chrome,124.0,308
Yandex Browser,24.10,296
Chrome,114.0,295
Microsoft Edge,109.0,284
Chrome,103.0,280
QQ Browser,19.6,273
Microsoft Edge,100.0,271
Chrome,123.0,268
Microsoft Edge,128.0,249
Microsoft Edge,127.0,246
Firefox,136.0,243
Chrome,142.0,243
Safari,17.4,237
Safari,18.2,235
Mobile App,140.0,234
Microsoft Edge,132.0,232
Huawei Browser,12.1,224
Chrome,117.0,222
Microsoft Edge,130.0,222
Microsoft Edge,126.0,212
Safari,18.0,205
Firefox,144.0,197
Microsoft Edge,18.18363,194
Chrome,143.0,184
Quark,7.16,183
Huawei Browser Mobile,16.0,177
MIUI Browser,20.4,177
Yandex Browser,25.6,172
Microsoft Edge,18.19041,169
Microsoft Edge,123.0,162
Chrome,101.0,161
Chrome,104.0,160
Chrome,118.0,160
Opera,95.0,152
Chrome,105.0,147
Avast Secure Browser,139.0,143
QQ Browser,19.4,143
Microsoft Edge,18.18362,141
Chrome,107.0,140
Safari,17.3,134
Chrome,87.0,125
Chrome,106.0,120
Microsoft Edge,142.0,120
Firefox,127.0,118
Microsoft Edge,117.0,117
vivo Browser,26.5,112
Safari,16.1,111
Chrome,91.0,110
Chrome,78.0,109
vivo Browser,14.7,108
Chrome,92.0,108
Safari,16.5,107
Safari,16.3,106
Microsoft Edge,125.0,104
Microsoft Edge,120.0,103
Safari,14.1,102
Chrome,112.0,101
Safari,17.2,99
Safari,(not set),96
Chrome,97.0,96
Microsoft Edge,124.0,95
Firefox,139.0,95
Safari,17.1,95
Chrome,102.0,94
Chrome,95.0,89
Microsoft Edge,114.0,88
Firefox,135.0,88
Firefox,143.1,88
QQ Browser,6.2,87
QQ Browser,19.5,83
Huawei Browser Mobile,5.1,82
Brave,(not set),81
Microsoft Edge,119.0,80
(not set),(not set),79
Chrome,111.0,77
Safari,17.0,77
Chrome,110.0,76
Chrome,99.0,75
Opera,92.0,74
Chrome,115.0,73
Firefox,137.0,73
Yandex Browser,25.2,72
MIUI Browser,14.43,71
AVG Secure Browser,139.0,70
Mobile App,141.0,68
Microsoft Edge,18.17763,68
Microsoft Edge,116.0,66
Firefox,138.0,66
Chrome,69.0,66
Chrome,94.0,66
Microsoft Edge,110.0,64
Firefox,130.0,64
Chrome,113.0,63
Mobile App,114.0,62
Microsoft Edge,118.0,62
Microsoft Edge,89.0,61
Samsung Browser,27.0,60
Chrome,63.0,60
Chrome,80.0,60
Microsoft Edge,86.0,60
Safari,16.4,59
Yandex Browser,25.4,59
Microsoft Edge,106.0,56
Chrome,93.0,56
Chromium,(not set),55
Safari,17.14,55
Mobile App,97.0,55
Microsoft Edge,17.17134,54
Chrome,98.0,54
Safari,13.1,53
Chrome,88.0,53
Chrome,96.0,53
Microsoft Edge,113.0,52
Chrome,83.0,52
Chrome,85.0,52
MIUI Browser,14.10,50
Microsoft Edge,90.0,49
Microsoft Edge,121.0,48
Firefox,134.0,48
Microsoft Edge,107.0,47
Microsoft Edge,84.0,47
Safari,16.2,46
QQ Browser,19.2,45
Chrome,89.0,45
Safari,17.7,44
Microsoft Edge,115.0,43
Chrome,73.0,42
Chrome,79.0,42
Microsoft Edge,112.0,41
Chrome,90.0,41
Yandex Browser,25.88,40
Chrome,70.0,40
Opera,119.0,39
Chrome,81.0,39
Microsoft Edge,111.0,38
Firefox,133.0,38
Chrome,74.0,38
Opera,91.0,38
Mobile App,131.0,37
Yandex Browser,24.7,37
MIUI Browser,20.3,36
Firefox,113.0,34
Safari,15.5,34
Chrome,75.0,34
QQ Browser,12.2,33
Chrome,84.0,33
Firefox,129.0,32
Yandex Browser,25.80,32
Chrome,100.0,31
Firefox,145.0,31
Safari,15.4,31
CCleaner,139.0,30
Samsung Browser,26.0,30
Firefox,111.0,29
Firefox,116.0,29
Microsoft Edge,16.16299,29
Hi Browser,2.25,29
Avast Secure Browser,140.0,28
Safari,15.3,28
UC Browser,18.1,27
MIUI Browser,20.0,27
vivo Browser,26.4,27
Opera GX,3.0,27
Firefox,131.0,26
Mobile App,134.0,26
Samsung Browser,25.0,26
Firefox,52.0,25
QQ Browser,13.7,24
Safari,14.0,24
Yandex Browser,24.12,24
Chrome,77.0,24
Microsoft Edge,108.0,23
Norton Private Browser,139.0,23
Yandex Browser,23.7,23
Avast Secure Browser,109.0,22
Safari,12.1,22
Opera,124.0,22
Chrome,55.0,22
Quark,7.15,22
Chrome,71.0,22
Chrome,72.0,22
QQ Browser,11.9,21
Phoenix Browser,19.5,21
MIUI Browser,20.2,21
Firefox,143,20
Safari,16.0,20
Yandex Browser,22.11,20
Yandex Browser,24.1,20
Chrome,49.0,20
Firefox,65.0,20
Firefox,72.0,20
Mobile App,109.0,19
Firefox,125.0,19
Mobile App,130.0,19
Firefox,143.2,19
Microsoft Edge,15.15063,19
vivo Browser,26.2,19
Microsoft Edge,14.14393,18
vivo Browser,5.1,18
Mobile App,119.0,17
Huawei Browser Mobile,15.0,17
QQ Browser,19.3,17
SberBrowser,31.0,17
Chrome,65.0,17
Chrome,68.0,17
Firefox,114.0,16
Mobile App,126.0,16
Firefox,132.0,16
Chrome,45.0,16
Firefox,78.0,16
Opera,79.0,16
Microsoft Edge,104.0,15
Safari,11.1,15
Safari,17.8,15
MIUI Browser,20.1,15
Chrome,76.0,15
Firefox,122.0,14
Firefox,126.0,14
AVG Secure Browser,140.0,14
Yandex Browser,23.5,14
Yandex Browser,23.9,14
Pale Moon,33.9,14
Whale Browser,4.34,14
QtWebEngine,5.15,14
Chrome,62.0,14
Firefox,68.0,14
Microsoft Edge,99.0,14
Firefox,103.0,13
Firefox,118.0,13
QQ Browser,13.5,13
Mobile App,137.0,13
Microsoft Edge,143.0,13
Safari,15.1,13
