name,unique_entrances,total_entrances,visit_duration
/downloads/,202578,211101,151
/,154759,160133,152
/downloads/windows/,43485,44732,134
/downloads/release/python-3140/,30161,30673,136
/downloads/release/python-31114/,6679,6722,193
/downloads/macos/,5145,5210,83
/about/gettingstarted/,4808,4889,83
/downloads/release/python-3120/,3732,3811,126
/search/,3678,3722,168
/downloads/release/python-3110/,3510,3599,104
/downloads/release/pymanager-250/,3118,3159,172
/downloads/release/python-3100/,3109,3194,114
/downloads/release/python-3137/,3000,3160,88
/doc/,2929,2979,106
/downloads/release/python-3119/,2518,2585,98
/downloads/release/python-3135/,1989,2026,124
/downloads/release/python-3130/,1970,2003,110
/downloads/source/,1627,1677,271
/downloads/release/python-31212/,1596,1604,185
/downloads/release/python-31011/,1560,1623,93
/psf-landing/,1413,1430,175
/downloads/release/python-3138/,1341,1370,110
/downloads/release/python-3106/,1336,1378,109
/downloads/release/python-390/,1195,1218,114
/about/,1038,1045,182
/getit/,1011,1031,213
/downloads/release/python-380/,1004,1021,144
/shell/,971,998,99
/downloads/release/python-31019/,961,970,182
/downloads/android/,774,785,129
/downloads/release/python-3126/,751,773,90
/downloads/release/python-31210/,715,749,90
/jobs/,715,732,101
/downloads/release/python-3810/,672,693,134
/downloads/release/python-3124/,671,680,177
/downloads/release/python-370/,670,683,159
/download/other/,645,651,111
/download/releases/,644,646,167
/community/,607,612,118
/about/apps/,584,588,126
/downloads/release/python-2718/,530,542,106
/downloads/release/python-3133/,516,531,123
/downloads/release/python-3913/,513,520,136
/downloads/release/python-3123/,475,483,96
/downloads/release/python-3127/,464,474,82
/downloads/release/python-31113/,435,440,147
/doc/versions/,430,436,68
/downloads/release/python-3924/,365,366,195
/downloads/release/python-3128/,347,370,135
/download/releases/2.7/,344,349,156
/blogs/,342,348,133
/download,323,323,197
/downloads/release/python-31211/,319,322,167
/downloads/release/python-3118/,307,318,109
/community/logos/,305,307,82
/downloads/release/python-3132/,285,295,74
/downloads/release/python-3109/,267,273,121
/downloads/release/python-3820/,265,267,213
/downloads/release/python-3114/,263,271,115
/downloads/release/python-3129/,251,254,63
/downloads/release/python-3136/,247,256,128
/downloads/release/python-360/,247,254,145
/downloads/release/python-31018/,244,248,184
/downloads/release/python-31012/,234,238,231
/downloads/release/python-31010/,227,233,86
/downloads/release/python-3125/,200,204,131
/downloads/release/python-31111/,199,202,183
/downloads/release/python-3117/,186,191,98
/downloads/release/python-3116/,183,186,129
/download/releases/3.0/,179,181,150
/downloads/release/python-379/,178,181,104
/doc/essays/blurb/,175,178,55
/getit/windows/,173,174,159
/downloads/release/python-31110/,167,169,162
/downloads/release/python-3131/,166,168,143
/downloads/release/python-377/,166,167,218
/downloads/release/python-31013/,162,164,214
/downloads/release/python-3105/,154,167,120
/downloads/release/python-3121/,153,156,96
/downloads/release/python-386/,149,149,234
/downloads/release/python-31112/,145,146,190
/downloads/release/python-368/,142,149,112
/downloads/release/python-3115/,141,149,82
/events/,136,142,95
/downloads/release/python-3111/,133,135,224
/success-stories/,133,134,170
/downloads/release/python-3122/,124,129,106
/accounts/login/,116,116,85
/downloads/release/python-385/,116,120,157
/downloads/release/pymanager-250b15/,115,130,110
/downloads/release/python-3104/,115,116,193
/downloads/release/python-3140rc3/,114,117,128
/downloads/release/python-31014/,113,113,229
/downloads/release/python-397/,113,117,115
/downloads/release/,112,112,214
/downloads/release/python-396/,112,115,92
/downloads/release/python-3922/,110,113,140
/downloads/release/python-3717/,109,110,286
/downloads/release/python-372/,103,103,168
/downloads/release/python-3134/,102,105,47
/downloads/release/python-3112/,100,103,114
/downloads/release/python-3140rc1/,100,106,177
/downloads/release/python-3923/,100,101,246
/doc/av/,98,100,89
/downloads/release/python-374/,96,97,270
/success-stories/category/education/,96,97,100
/about/help/,92,92,109
/psf/donations/,90,92,107
/downloads/release/python-31016/,89,91,310
/downloads/release/python-311/,89,91,376
/downloads/release/python-3918/,85,89,228
/downloads/release/python-3108/,80,86,142
/downloads/release/python-31017/,74,75,262
/downloads/release/python-311x/,74,74,227
/downloads/release/python-381/,74,80,184
/downloads/release/python-383/,74,82,229
//downloads/,73,74,120
/psf/membership/,71,71,169
/downloads/release/python-31015/,70,70,254
/download/alternatives/,69,70,121
/downloads/release/python-2716/,69,69,148
/downloads/release/python-373/,69,69,78
/downloads/release/python-3102/,67,69,98
/downloads/release/python-391/,66,68,49
/success-stories/category/business/,66,66,162
/downloads/release/python-3113/,65,67,52
/download/mac/tcltk/,64,64,62
/success-stories/category/engineering/,63,63,56
/downloads/release/python-376/,61,62,134
/downloads/release/python-3107/,60,66,109
/downloads/release/python-399/,60,60,83
/downloads/release/python-3912/,59,60,214
/events/python-events/,59,59,61
/downloads/release/python-3921/,58,58,182
/about/quotes/,57,58,118
/downloads/release/python-3101/,57,57,131
/downloads/release/python-340/,57,59,148
/downloads/release/python-388/,57,59,86
/downloads/release/python-395/,57,58,55
/downloads/release/python-2710/,56,56,203
/downloads/release/python-3910/,56,56,64
/community/forums/,54,57,114
/downloads/release/python-272/,54,55,150
/downloads/release/python-382/,54,54,58
/downloads/release/python-3819/,51,52,111
/downloads/release/python-387/,51,54,233
/downloads/release/python-392/,51,53,69
/download/releases/3.1/,50,50,260
/success-stories/category/arts/,50,50,82
/community/diversity/,49,52,123
/doc/essays/graphs/,48,49,2
/downloads/release/python-3818/,47,47,192
/downloads/release/python-3919/,47,47,172
/downloads/release/python-350/,46,47,68
/psf/sponsors/,46,47,87
/download/releases/2.0/,45,45,91
/downloads/release/python-2715/,45,46,127
/downloads/release/python-3920/,45,45,92
/community/sigs/current/mobile-sig/,44,44,42
/dev/,43,43,43
/downloads/release/python-3140a4/,43,43,155
/downloads/release/python-3615/,41,41,129
/community/lists/,39,40,80
/community/workshops/,39,39,68
/downloads/release/python-270/,39,39,124
/downloads/release/python-389/,39,39,74
/jobs/7977/,39,39,128
/downloads/release/python-378/,38,38,76
/community/irc/,37,37,98
/downloads/release/python-371/,37,37,232
/downloads/release/python-3911/,37,37,54
/doc/essays/,35,35,107
/downloads/release/python-279/,35,36,414
/dev/core-mentorship/,34,35,54
/downloads/release/python-3916/,34,34,171
/psf/,34,34,0
/download/releases/2.5/msi/,33,33,134
/downloads/release/python-365/,33,33,158
/downloads/release/python-312/,32,32,275
/downloads/release/python-351/,32,32,120
/events/python-events/2078/,32,32,127
/doc/sunset-python-2/,31,31,11
/dev/security/,30,30,30
/downloads/release/python-2714/,30,31,360
/downloads/release/python-310/,30,31,331
/events/python-events/past/,30,32,44
/downloads/release/python-3140a1/,29,29,93
/accounts/signup/,28,28,202
/download/pre-releases/,28,32,198
/download/releases/3.2/,28,28,196
/downloads/release/python-364/,28,28,151
/psf/about/,28,28,155
/success-stories/category/software-development/,28,28,42
/downloads/release/python-330/,26,26,234
/downloads/release/python-3716/,26,26,184
/downloads/release/python-375/,26,26,31
/downloads/release/python-3815/,26,26,100
/success-stories/category/scientific/,26,26,28
/downloads/release/python-273/,25,25,149
/downloads/release/python-3710/,25,25,460
/downloads/release/python-3816/,25,25,181
/downloads/。,25,25,231
/events/python-user-group/,25,25,16
/download/releases/2.3/mro/,24,24,19
/downloads/release/python-278/,24,25,182
/downloads/release/python-343/,24,24,97
/downloads/release/python-367/,24,25,94
/success-stories/category/government/,24,24,62
/about/success/,23,24,72
/downloads/metadata/sigstore/,23,23,138
/downloads/release/python-2713/,23,25,20
/downloads/release/python-352/,23,23,45
/downloads/release/python-362/,23,23,71
/downloads/release/python-3812/,23,23,141
/downloads/release/python-3140b2/,22,22,25
/downloads/release/python-3510/,22,22,68
/downloads/release/pymanager-250b14/,21,23,0
/downloads/release/python-344/,21,21,203
/downloads/release/python-2711/,20,20,106
/downloads/release/python-276/,20,23,73
/downloads/release/python-3140rc2/,20,21,74
/downloads/release/python-366/,20,20,247
/downloads/release/python-394/,20,20,240
/psf/fellows/,20,21,10
/psf/newsletter/,20,20,168
/community/sigs/,19,19,44
/downloads/release/library/pyexpat.html,19,19,46
/downloads/release/python-363/,19,20,127
/jobs/7976/,19,19,53
/doc/essays/comparisons/,18,19,5
/downloads/),18,18,87
/downloads/release/python-315/,18,18,47
/downloads/release/python-361/,18,20,105
/downloads/release/python-3713/,18,18,404
/downloads/release/python-3814/,18,18,74
/dev/buildbot/,17,17,10
/downloads/release/python-3103/,17,18,155
/downloads/release/python-314/,17,18,234
/downloads/release/python-3140a3/,17,19,50
/downloads/release/python-3811/,17,17,32
/downloads/release/python-3813/,17,19,73
/downloads/release/pymanager-250b9/,16,16,56
/downloads/release/python-2712/,16,16,9
/downloads/release/python-3410/,16,16,42
/downloads/release/python-3712/,16,16,193
/downloads/release/python-3817/,16,16,150
/downloads/）,16,16,79
/psf/grants/,16,16,61
/doc/essays/styleguide/,15,15,8
/doc/humor/,15,15,4
/downloads/release/python-275/,15,16,85
/downloads/release/python-300/,15,15,203
/downloads/release/python-312x/,15,15,255
/downloads/release/python-313/,15,16,61
/downloads/release/python-3715/,15,15,332
/downloads/release/python-398/,15,15,54
/psf/donations/python-dev/,15,15,42
/psf/get-involved/,15,15,78
/ downloads/windows/,14,14,132
/doc/essays/list2str/,14,16,17
/download/releases/2.6/,14,14,34
/downloads/release/python-271/,14,15,312
/downloads/release/python-3140b3/,14,14,100
/ftp,14,14,112
/download/releases/2.5/,13,13,43
/downloads/release/python-201/,13,13,220
/downloads/release/python-277/,13,13,209
/downloads/release/python-3140a5/,13,13,1
/downloads/release/python-353/,13,13,87
/downloads/release/python-3917/,13,14,610
/downlods/,13,13,389
/sponsors/application/,13,14,11
/downloads [출처] python 파이썬 설치 및 다운로드 방법|작성자 웃후,12,12,384
/downloads.,12,12,281
/downloads/release/python-2717/,12,12,71
/downloads/release/python-313x/,12,12,104
/downloads/release/python-3610/,12,12,330
/downloads/release/python-3614/,12,12,268
/downloads/release/python-369/,12,12,84
/downloads/release/python-3714/,12,13,145
/downloads/windows/index.html,12,12,72
/events/calendars/,12,12,299
/events/python-user-group/past/,12,14,26
/jobs/location/telecommute/,12,12,41
/downloads/release/python-3140a2/,11,11,0
/downloads/release/python-354/,11,11,188
/downloads/release/python-367rc1/,11,11,73
/jobs/category/developer-engineer/,11,11,87
/jobs/type/back-end/,11,11,27
/psf/annual-report/2021/,11,11,0
/psf/trademarks/,11,13,246
/about/legal/,10,10,7
/dowloads,10,10,257
/download/releases/2.1.3/notes/,10,10,5
/downloads/release/library/html.parser.html,10,10,196
/downloads/release/python-3139/,10,10,410
/psf/sponsorship/,10,10,104
/),9,10,267
/accounts/confirm-email/,9,9,201
/community/microbit/,9,10,227
