name,visitors,bounce_rate,visit_duration
Google,8912,82,72
pypi.org,5488,79,74
Direct / None,3800,68,168
jupyter.org,624,79,52
pip.pypa.io,571,69,80
docs.python.org,389,76,73
Bing,350,81,84
DuckDuckGo,249,75,114
GitHub,174,82,73
docs.astral.sh,143,83,57
Brave,119,88,65
Yandex,112,84,44
peps.python.org,103,70,82
Reddit,71,88,25
Ecosia,59,83,26
Microsoft Teams,44,91,28
ai.google.dev,38,68,58
huggingface.co,33,89,120
test.pypi.org,33,70,123
chatgpt.com,29,86,25
discuss.python.org,27,85,31
setuptools.pypa.io,27,69,144
Youtube,26,88,13
post_page-----2eb2a27523a3---------------------------------------,26,88,140
python-poetry.org,17,75,167
jetbrains.com,16,94,6
aupp.instructure.com,15,76,211
Qwant,14,67,157
docs.pytest.org,14,79,108
Yahoo!,13,92,1
packaging.pypa.io,11,83,11
pygraphviz.github.io,10,100,0
pypa.io,10,33,49
build.pypa.io,9,67,18
docs.pypi.org,9,88,85
Perplexity,8,100,0
scipy.org,8,100,0
devdocs.ms.com,7,88,1
validate-pyproject.readthedocs.io,7,57,202
dev.azure.com,6,67,23
jinja.palletsprojects.com,6,100,0
link.csdn.net,6,100,0
upload.pypi.org,6,80,14
Baidu,5,100,0
doc.courtbouillon.org,5,100,0
docs.ansible.com,5,60,34
flask.palletsprojects.com,5,80,14
hatch.pypa.io,5,60,20
iwiki.woa.com,5,80,8
launchpad.net,5,60,20
pixi.sh,5,100,0
twine.readthedocs.io,5,60,76
airflow.apache.org,4,100,0
confluence.fmr.com,4,100,0
medium.com,4,25,153
pyarmor.readthedocs.io,4,100,0
qiita.com,4,50,975
realpython.com,4,100,0
robotframework.org,4,100,0
app.readthedocs.org,3,0,16
builtin.com,3,67,10
bytedance.larkoffice.com,3,67,44
clipsai.com,3,100,0
confluence.prod.aws.jpmchase.net,3,67,104
cs50.readthedocs.io,3,100,0
cython.readthedocs.io,3,67,7
docs.lumi-supercomputer.eu,3,100,0
docs.zephyrproject.org,3,100,0
link.zhihu.com,3,100,0
pipx.pypa.io,3,100,0
python.org,3,33,175
roadmap.sh,3,100,0
scikit-build-core.readthedocs.io,3,33,12
sphinx-doc.org,3,67,1
Amazon,2,50,208
StackOverflow,2,100,0
big-gpu-nmfe.notebook.us-east-1.sagemaker.aws,2,100,0
blog.faradars.org,2,100,0
cantera.org,2,50,957
chroming.gitlab.io,2,0,508
copilot.microsoft.com,2,50,98
dev.mysql.com,2,50,44
devguide.python.org,2,100,0
docs.cloudera.com,2,50,10
docs.nordicsemi.com,2,100,0
docs.python-guide.org,2,50,4
docs.pytorch.org,2,100,0
docs.renovatebot.com,2,100,0
dormousehole.readthedocs.io,2,100,0
enghub.gs.com,2,50,1440
fprime.jpl.nasa.gov,2,100,0
greenlots.atlassian.net,2,50,578
habr.com,2,100,0
help.aliyun.com,2,100,0
ichard26.github.io,2,100,0
jfrog.com,2,50,40
jira.devops.kratosdefense.com,2,0,742
jira.intranet.commerzbank.com,2,50,634
maktabkhooneh.org,2,100,0
mongodb.com,2,100,0
nasa.github.io,2,100,0
naucse.python.cz,2,0,550
ops-dsl.readthedocs.io,2,100,0
overleaf.com,2,100,0
packaging-python-org.translate.goog,2,100,0
pip-tools.readthedocs.io,2,50,10
pydevtools.com,2,50,650
pyodide.org,2,50,489
pypi.com.cn,2,100,0
pypistats.org,2,50,142
python.p2hp.com,2,100,0
qna.habr.com,2,100,0
rules-python.readthedocs.io,2,100,0
statics.gov.teams.microsoft.us,2,50,510
tsguides.app.twosigma.com,2,100,0
tutti.prod.bloomberg.com,2,100,0
wiki.capulaglobal.com,2,100,0
2c3306e2cd2a1f26-dot-us-central1.notebooks.googleusercontent.com,1,100,0
LinkedIn,1,100,0
a126735-8e0a-5db97e37.nmb1.seetacloud.com,1,100,0
a685481-99c9-5695dd87.nmb1.seetacloud.com,1,100,0
access.redhat.com,1,100,0
adfs-prd.nomura.com,1,100,0
amd.atlassian.net,1,100,0
ansible.readthedocs.io,1,100,0
answers.ros.org,1,100,0
app.asana.com,1,100,0
aprendizartificial.com,1,0,3
arc.net,1,100,0
auroraenergy.atlassian.net,1,100,0
auto.gluon.ai,1,100,0
avia-intent-detection-deploy.notebook.us-east-1.sagemaker.aws,1,100,0
axaiuk-axaazureforge.visualstudio.com,1,100,0
backend.pdm-project.org,1,100,0
bbc.github.io,1,0,2729
betterscientificsoftware.github.io,1,0,267
bic-berkeley.github.io,1,100,0
biogeme.epfl.ch,1,100,0
bitbucket.lab.dynatrace.org,1,100,0
bitbucket.org,1,100,0
black.readthedocs.io,1,100,0
blog.csdn.net,1,100,0
campus.seastecnico.com,1,100,0
cedt-icg-bitbucket.nam.nsroot.net,1,100,0
chat.lab.epam.com,1,100,0
clickhouse.com,1,100,0
climetlab.readthedocs.io,1,100,0
cloud.tencent.com,1,100,0
commitizen-tools.github.io,1,100,0
community.sonatype.com,1,100,0
confluence.aci.is.cl.ssa.gov,1,100,0
confluence.acturis.com,1,100,0
confluence.amd.com,1,100,0
confluence.asux.aptiv.com,1,100,0
confluence.cp.pacs,1,100,0
confluence.int.ally.com,1,100,0
confluence.intern.adns,1,100,0
confluence.kdc.capitalone.com,1,100,0
confluence.wellsfargo.net,1,100,0
courses.edx.org,1,100,0
cscorp.atlassian.net,1,0,161
csswiki.uwb.edu,1,0,28
databricks.atlassian.net,1,100,0
dbe.academy,1,100,0
devdocs.io,1,0,18
developer.rhino3d.com,1,100,0
devsjc.github.io,1,100,0
django-structlog.readthedocs.io,1,100,0
doc.qt.io,1,100,0
docs.blender.org,1,100,0
docs.cython.org,1,100,0
docs.deeppavlov.ai,1,100,0
docs.galaxyproject.org,1,100,0
docs.genymotion.com,1,0,582
docs.gitlab.com,1,100,0
docs.kedro.org,1,100,0
docs.monai.io,1,100,0
docs.optiver.com,1,100,0
docs.sqlalchemy.org,1,100,0
drake.mit.edu,1,100,0
drivendata.co,1,100,0
dynalist.io,1,0,2
eng.ms,1,100,0
exam.sanand.workers.dev,1,100,0
fastapidozero.dunossauro.com,1,100,0
fcr-wiki.systems.uk.hsbc,1,100,0
fishros.com,1,100,0
forums.raspberrypi.com,1,100,0
frc-word-edit.officeapps.live.com,1,100,0
git.parallelwireless.net,1,100,0
github.axa.com,1,100,0
github.ibm.com,1,100,0
github.pw.utc.com,1,100,0
github.pwc.ca,1,100,0
github.tools.sap,1,100,0
help.tableau.com,1,100,0
hitachigroup.okta.com,1,100,0
horizon.bankofamerica.com,1,100,0
hub.gametools.dev,1,100,0
hxgntech.com,1,100,0
ibm.com,1,100,0
idx-aiutil-1744760504812.cluster-t23zgfo255e32uuvburngnfnn4.cloudworkstations.dev,1,100,0
intellij-support.jetbrains.com,1,100,0
jianguoyun.com,1,100,0
jubilance.tistory.com,1,100,0
justinmatters.co.uk,1,100,0
kb.ispace-us.io,1,100,0
kumaroot.readthedocs.io,1,0,55
kylebarron.dev,1,100,0
learn.microsoft.com,1,100,0
lightspeed,1,100,0
linkedin.github.io,1,100,0
lms.foxminded.ua,1,0,237
luxxle.com,1,100,0
marketsquare.github.io,1,0,144
maturin.rs,1,100,0
mskadu.medium.com,1,100,0
mssqltips.com,1,100,0
mswiki.morningstar.com,1,100,0
mujoco.readthedocs.io,1,0,55
nocomplexity.com,1,0,3026
npmjs.com,1,100,0
oceanhero.today,1,100,0
onenote.gov.online.office365.us,1,100,0
oneroadmap.io,1,0,5
openai,1,100,0
pfitoolsapp.prudential.com,1,100,0
pixyz-software.com,1,100,0
podaac.github.io,1,100,0
project-piga-v2.atlassian.net,1,100,0
pvlib-python.readthedocs.io,1,100,0
py4e.com,1,0,1489
pybind11.readthedocs.io,1,100,0
pycm.io,1,100,0
pyopensci.org,1,100,0
pypi-org.translate.goog,1,100,0
python-forum.de,1,100,0
python.land,1,100,0
quarto.org,1,100,0
rc-softwaredev.visualstudio.com,1,100,0
redirect-alb.svc.ny.gov,1,100,0
reversinglabs.atlassian.net,1,100,0
safetrust.atlassian.net,1,100,0
school-brainhack.github.io,1,0,1224
share.merck.com,1,100,0
spotify.github.io,1,0,103
startpage.com,1,100,0
stash.ba.ssa.gov,1,100,0
stash.msk.avito.ru,1,100,0
static.ouster.dev,1,100,0
statics.teams.cdn.office.net.mcas.ms,1,100,0
storage.googleapis.com,1,100,0
suhwan.dev,1,100,0
tds.s-anand.net,1,100,0
temporal.talentlms.com,1,100,0
theupdateframework.readthedocs.io,1,100,0
thoth-station.ninja,1,100,0
udemy.com,1,100,0
unity-technologies.github.io,1,100,0
us.aongpt.aon.com,1,0,21
veribilimiokulu.com,1,0,982
weewx.com,1,100,0
wiki-as.ms.com,1,0,1062
wiki-styy.kylinos.cn,1,100,0
wiki.archlinux.org,1,100,0
wiki.corp.adobe.com,1,100,0
wiki.ms.com,1,100,0
xebia.com,1,100,0
yunkgao.wordpress.com,1,100,0
