name,visitors,bounce_rate,visit_duration
Direct / None,150,85,147
google.com,88,77,146
bing.com,19,67,64
chatgpt.com,7,29,536
duckduckgo.com,6,20,648
python.org,3,0,570
m.baidu.com/from=1001192y/bd_page_type=1/ssid=0/uid=0/pu=usm%401%2Csz%401320_1001%2Cta%40iphone_2_10.0_28_16.0/baiduid=9C036EED509D8A0FE3D18DB2368ADADB/w=0_10_/t=iphone/l=1/tc,2,50,0
wiki.python.org,2,0,283
habr.com/ru/companies/yandex_praktikum/articles/895032,1,0,41
pegaz.uj.edu.pl,1,0,1026
pl.python.org,1,0,12
sphinx-doc.org/en/master/usage/domains/python.html,1,0,1732
translations.python.org,1,0,312
udemy.com,1,0,13
upel.agh.edu.pl,1,100,0
yandex.ru,1,0,30
