name,visitors
Chrome,5227
Microsoft Edge,1274
Firefox,769
Safari,630
Opera,192
Yandex Browser,136
Mobile App,67
Samsung Browser,25
(not set),16
vivo Browser,16
QQ Browser,14
Quark,9
Smart Lenovo Browser,8
Huawei Browser Mobile,7
MIUI Browser,7
Norton Private Browser,5
Avast Secure Browser,4
Opera Touch,4
Brave,3
Whale Browser,3
AVG Secure Browser,2
Sogou Explorer,2
Avira Secure Browser,1
Cyberfox,1
DuckDuckGo Privacy Browser,1
Internet Explorer,1
JioSphere,1
Opera GX,1
Pale Moon,1
QtWebEngine,1
