name,visitors,pageviews,bounce_rate,time_on_page,scroll_depth
/3/,11825,16375,44,75,75
/3/library/venv.html,8387,9541,87,813,35
/3/library/functions.html,8301,10580,74,351,45
/3/library/stdtypes.html,7994,10562,74,434,38
/3/library/datetime.html,6803,8587,79,700,39
/3/tutorial/index.html,5472,8935,56,88,59
/3/tutorial/datastructures.html,5267,6409,73,379,49
/3/search.html,4254,8907,23,46,46
/3/library/re.html,4248,5219,80,761,41
/3/library/typing.html,3967,4941,77,559,29
/3/library/index.html,3966,6083,52,82,43
/3/library/csv.html,3630,4381,82,967,43
/3/library/tkinter.html,3582,4859,75,506,32
/3/library/collections.html,3157,3694,78,573,42
/3/library/random.html,3050,4333,80,654,35
/3/library/os.html,3015,3783,70,350,36
/3/library/turtle.html,2982,4486,77,1434,31
/3/library/logging.html,2969,3793,71,495,39
/3/tutorial/errors.html,2947,3440,77,368,38
/3/library/argparse.html,2922,3609,75,632,33
/3/tutorial/controlflow.html,2660,3562,76,376,42
/3/tutorial/classes.html,2656,3140,78,449,46
/3/library/pathlib.html,2607,3232,75,557,44
/3/library/subprocess.html,2563,3284,76,896,33
/3/library/exceptions.html,2489,2993,77,346,50
/3/library/json.html,2465,2834,80,571,34
/3/tutorial/,2398,3463,61,136,56
/3/library/idle.html,2372,3135,76,556,31
/3/tutorial/inputoutput.html,2268,2691,72,295,48
/3/library/itertools.html,2260,2745,80,628,33
/3/library/os.path.html,2239,2603,78,423,50
/3/library/math.html,2219,2727,79,483,38
/3/library/multiprocessing.html,2206,2913,72,666,27
/3/library/time.html,2155,2553,78,391,41
/3/library/dataclasses.html,2097,2528,79,669,38
/3/library/unittest.html,2016,2489,80,809,26
/3/library/string.html,1973,2413,70,326,45
/3/glossary.html,1959,2529,62,158,54
/3/tutorial/introduction.html,1838,2489,75,279,58
/3/library/enum.html,1816,2116,75,465,33
/3/tutorial/interpreter.html,1785,2441,77,169,77
/3/library/unittest.mock.html,1778,2408,76,1046,35
/3/tutorial/modules.html,1754,2046,74,330,52
/3/library/threading.html,1747,2109,74,484,39
/3/library/asyncio-task.html,1741,2343,72,524,40
/3/reference/datamodel.html,1670,2157,68,307,49
/3/howto/sorting.html,1474,1718,74,323,42
/3/library/functools.html,1439,1675,79,492,45
/3/library/sqlite3.html,1438,1880,80,1105,24
/3/library/asyncio.html,1411,2012,58,137,78
/3/howto/logging.html,1376,1668,72,424,39
/3/library/xml.etree.elementtree.html,1340,1902,73,1215,35
/3/tutorial/appetite.html,1325,1561,59,122,90
/3/tutorial/venv.html,1322,1541,84,394,57
/3/library/concurrent.futures.html,1309,1693,74,580,50
/3/using/windows.html,1269,1574,82,546,40
/3/whatsnew/3.13.html,1236,1552,71,152,17
/3/installing/index.html,1230,1379,85,298,63
/3/library/shutil.html,1195,1393,76,573,38
/3/library/pickle.html,1173,1376,79,562,27
/3/library/socket.html,1163,1527,72,638,45
/3/library/sys.html,1148,1412,71,364,36
/3/library/heapq.html,1121,1383,81,964,52
/3/reference/index.html,1057,1680,47,45,69
/3/library/struct.html,999,1220,81,735,44
/3/library/io.html,957,1213,72,500,43
/3/using/cmdline.html,891,1075,76,256,37
/3/library/hashlib.html,886,1108,79,626,32
/3/library/pdb.html,869,986,85,626,37
/3/library/copy.html,861,962,84,574,70
/3/py-modindex.html,851,1206,63,85,54
/3/reference/lexical_analysis.html,841,1008,75,267,59
/3/library/abc.html,833,974,78,477,49
/3/reference/import.html,832,1011,73,367,41
/3/library/tempfile.html,824,1006,76,695,56
/3/reference/compound_stmts.html,816,1048,72,240,40
/3/howto/regex.html,804,897,76,510,37
/3/using/mac.html,799,957,80,641,53
/3/library/queue.html,786,926,71,504,62
/3/contents.html,776,1138,45,51,15
/3/reference/expressions.html,760,928,77,252,62
/3/library/urllib.parse.html,702,836,81,559,46
/3/library/pprint.html,693,759,88,586,42
/3/library/configparser.html,685,841,77,762,31
/3/library/glob.html,685,762,82,407,64
/3/library/asyncio-eventloop.html,683,912,63,341,38
/3/library/zipfile.html,662,851,77,627,40
/3/index.html,656,941,45,30,78
/zh-cn/3/tutorial/index.html,638,1010,52,70,60
/3/library/decimal.html,628,712,85,518,19
/3/library/contextlib.html,600,714,72,472,30
/3/reference/simple_stmts.html,586,734,73,172,60
/3/howto/enum.html,579,669,78,481,31
/3/library/operator.html,578,643,83,392,50
/3/library/uuid.html,574,663,83,706,65
/3/howto/argparse.html,568,616,76,518,45
/3/library/http.server.html,568,732,78,766,52
/3/library/logging.handlers.html,555,735,67,360,38
/3/library/,550,738,57,106,42
/3/library/ast.html,529,629,80,826,37
