name,visitors,pageviews,bounce_rate,time_on_page,scroll_depth
/en/latest/tutorials/installing-packages/,7325,8045,81,51,42
/en/latest/guides/writing-pyproject-toml/,1770,1902,78,52,51
/en/latest/tutorials/packaging-projects/,1649,1704,82,79,55
/en/latest/guides/installing-using-pip-and-virtual-environments/,1490,1559,91,48,48
/en/latest/guides/tool-recommendations/,972,1061,76,26,64
/en/latest/,695,732,63,28,81
/en/latest/glossary/,600,578,51,36,60
/en/latest/key_projects/,542,510,53,293,44
/en/latest/overview/,362,350,65,76,51
/en/latest/guides/distributing-packages-using-setuptools/,337,321,67,53,51
/en/latest/specifications/pyproject-toml/,211,215,60,59,54
/en/latest/specifications/version-specifiers/,208,199,79,63,46
/en/latest/discussions/src-layout-vs-flat-layout/,203,203,81,47,82
/en/latest/tutorials/,201,195,36,5,100
/en/latest/guides/section-install/,199,192,58,9,100
/en/latest/tutorials/managing-dependencies/,184,169,57,833,75
/en/latest/flow/,179,156,44,49,73
/en/latest/specifications/dependency-specifiers/,178,183,65,47,49
/en/latest/guides/,176,163,29,16,90
/en/latest/guides/installing-using-linux-tools/,166,147,71,23,76
/en/latest/guides/packaging-namespace-packages/,144,151,70,73,56
/en/latest/guides/section-build-and-publish/,129,123,56,28,100
/en/latest/search/,128,135,41,11,73
/en/latest/guides/creating-command-line-tools/,121,124,80,67,78
/en/latest/guides/installing-using-virtualenv/,120,123,60,14,100
/en/latest/guides/hosting-your-own-index/,119,131,77,41,82
/en/latest/guides/installing-stand-alone-command-line-tools/,101,88,66,38,76
/en/latest/discussions/versioning/,97,104,82,42,70
/en/latest/specifications/entry-points/,96,98,82,45,74
/en/latest/specifications/,94,96,30,33,83
/en/latest/specifications/core-metadata/,86,85,57,23,40
/en/latest/guides/modernize-setup-py-project/,84,83,76,78,62
/en/latest/discussions/setup-py-deprecated/,72,61,76,59,66
/en/latest/specifications/simple-repository-api/,72,71,88,25,54
/en/latest/specifications/binary-distribution-format/,70,65,83,27,36
/en/latest/guides/using-testpypi/,69,63,67,27,82
/en/latest/specifications/inline-script-metadata/,64,64,88,37,58
/en/latest/guides/analyzing-pypi-package-downloads/,63,60,88,29,57
/en/latest/specifications/pypirc/,62,65,83,159,81
/en/latest/discussions/single-source-version/,60,49,55,44,90
/en/latest/discussions/package-formats/,59,58,79,56,78
/en/latest/specifications/platform-compatibility-tags/,59,60,90,46,54
/en/latest/guides/publishing-package-distribution-releases-using-github-actions-ci-cd-workflows/,57,58,78,72,61
/en/latest/discussions/deploying-python-applications/,55,46,58,82,84
/en/latest/discussions/distribution-package-vs-import-package/,53,43,67,32,73
/en/latest/guides/creating-and-discovering-plugins/,51,50,83,43,81
/en/latest/specifications/name-normalization/,51,50,76,19,92
/en/latest/discussions/,50,44,57,8,99
/en/latest/guides/packaging-binary-extensions/,50,52,68,30,72
/en/latest/guides/installing-scientific-packages/,48,38,88,18,75
/en/latest/discussions/pip-vs-easy-install/,47,44,53,24,93
/en/latest/discussions/install-requires-vs-requirements/,43,43,64,20,90
/en/latest/guides/index-mirrors-and-caches/,40,42,43,42,91
/en/latest/specifications/dependency-groups/,40,40,76,19,51
/en/latest/guides/making-a-pypi-friendly-readme/,37,31,75,27,80
/en/latest/specifications/pylock-toml/,35,39,58,51,40
/en/latest/guides/licensing-examples-and-user-scenarios/,26,23,69,25,76
/en/latest/guides/using-manifest-in/,25,23,41,4,100
/en/latest/specifications/section-distribution-metadata/,23,19,0,3,100
/en/latest/guides/section-hosting/,21,19,20,5,100
/en/latest/specifications/well-known-project-urls/,21,20,33,48,77
/en/latest/guides/dropping-older-python-versions/,20,19,80,17,69
/en/latest/specifications/glob-patterns/,19,18,93,62,72
/en/latest/specifications/recording-installed-packages/,18,15,100,38,58
/en/latest/specifications/section-installation-metadata/,15,14,75,6,100
/en/latest/specifications/source-distribution-format/,15,16,71,16,57
/en/latest/news/,14,14,71,10,25
/en/latest/specifications/license-expression/,14,10,67,58,95
/en/latest/specifications/externally-managed-environments/,13,13,82,261,39
/en/latest/specifications/section-distribution-formats/,13,10,0,3,100
/en/latest/support/,11,9,50,6,100
/en/latest/specifications/section-package-indices/,10,8,0,3,100
/en/latest/specifications/schemas/,9,12,0,7,100
/en/latest/specifications/virtual-environments/,9,7,75,17,89
/en/latest/contribute/,7,6,100,74,30
/en/latest/discussions/downstream-packaging/,7,4,0,16,67
/en/latest/specifications/project-status-markers/,7,6,100,60,100
/en/latest/specifications/direct-url-data-structure/,5,5,33,24,51
/en/latest/specifications/section-python-description-formats/,5,6,0,5,100
/en/latest/specifications/section-reproducible-environments/,5,5,0,11,100
/en/latest/guides/single-sourcing-package-version/,4,4,50,0,100
/en/latest/specifications/build-details/,3,3,0,17,79
/en/latest/guides/migrating-to-pypi-org/,2,2,100,31,82
/en/latest/specifications/direct-url/,2,1,0,3,53
/en/latest/guides/supporting-windows-using-appveyor/,1,1,0,24,25
/en/latest/specifications/build-details/v1.0/,1,1,0,13,20
/en/latest/specifications/file-yanking/,1,1,100,10,70
/en/latest/specifications/index.html,1,1,0,6,85
