name,unique_entrances,total_entrances,visit_duration
/fr/3/tutorial/,409,427,111
/fr/3.13/library/tkinter.html,133,146,86
/fr/3/library/csv.html,95,101,78
/fr/3.13/library/random.html,85,93,42
/fr/3.13/tutorial/classes.html,83,87,105
/fr/3/library/json.html,82,85,87
/3/,64,64,285
/fr/3.13/library/datetime.html,64,67,78
/fr/3/tutorial/datastructures.html,63,65,82
/fr/3.13/tutorial/datastructures.html,62,62,106
/fr/3/library/stdtypes.html,60,62,135
/fr/dev/installing/index.html,60,62,17
/fr/3/tutorial/venv.html,55,56,53
/fr/3/howto/regex.html,54,56,140
/fr/3/tutorial/inputoutput.html,51,54,99
/fr/3/,46,51,99
/fr/3.13/library/turtle.html,45,49,172
/fr/3.13/howto/sorting.html,44,47,15
/fr/3/tutorial/classes.html,42,52,201
/fr/3/library/enum.html,37,39,14
/fr/3/library/__main__.html,35,36,54
/fr/3/tutorial/index.html,34,36,138
/fr/3.13/tutorial/errors.html,33,34,110
/fr/3.13/library/math.html,30,31,58
/fr/3/library/string.html,30,31,0
/fr/3.13/library/idle.html,29,31,16
/fr/3/library/statistics.html,29,30,40
/fr/3/tutorial/introduction.html,29,31,108
/fr/3.13/library/functions.html,28,28,101
/fr/3/library/functions.html,28,34,231
/fr/3/tutorial/controlflow.html,28,31,84
/fr/3.13/library/time.html,27,27,17
/fr/dev/reference/compound_stmts.html,27,27,39
/fr/3.13/library/re.html,26,27,143
/fr/3.13/reference/import.html,26,26,65
/fr/3/genindex-Symboles.html,26,26,28
/fr/3/library/turtle.html,25,29,28
/fr/3/library/random.html,24,27,0
/fr/3.13/using/windows.html,23,23,56
/fr/3.13/tutorial/controlflow.html,22,27,21
/fr/3/tutorial/appetite.html,22,22,38
/fr/3/tutorial/errors.html,22,25,35
/fr/3/tutorial/interpreter.html,22,22,110
/fr/3/using/cmdline.html,22,24,40
/fr/3.13/library/os.html,21,22,85
/fr/3.13/library/tk.html,20,22,193
/fr/3.13/library/operator.html,18,18,0
/fr/3.13/tutorial/index.html,18,22,164
/fr/3/search.html,18,24,43
/fr/3.13/howto/sockets.html,17,17,1
/fr/3.13/library/subprocess.html,17,17,54
/fr/3.13/tutorial/interpreter.html,17,17,56
/fr/3/library/tkinter.html,17,21,118
/fr/3.13/library/tkinter.ttk.html,16,17,93
/fr/3/library/glob.html,16,17,19
/fr/3/library/sys.html,16,17,107
/fr/3/library/pathlib.html,15,16,56
/fr/3/library/time.html,15,17,36
/fr/3.13/faq/windows.html,14,14,55
/fr/3/library/queue.html,14,15,50
/fr/dev/tutorial/datastructures.html,14,15,32
/3/library/argparse.html,13,13,523
/3/library/random.html,13,13,430
/fr/3.13/library/collections.html,13,14,163
/fr/3.13/library/copy.html,13,13,78
/fr/3/howto/logging.html,13,13,166
/fr/3/library/index.html,13,13,111
/fr/3/library/math.html,13,13,40
/fr/3/library/threading.html,13,13,14
/fr/3/library/venv.html,13,14,0
/fr/dev/library/xml.etree.elementtree.html,13,14,138
/3/library/tkinter.html,12,12,104
/fr/3.13/library/base64.html,12,12,24
/fr/3.13/tutorial/introduction.html,12,14,40
/fr/3/glossary.html,12,12,226
/fr/3/reference/import.html,12,13,69
/3/library/turtle.html,11,11,342
/fr/3.13/howto/unicode.html,11,11,96
/fr/3/howto/argparse.html,11,11,191
/fr/3/library/multiprocessing.html,11,11,161
/fr/3/library/unittest.html,11,12,66
/3/library/datetime.html,10,10,812
/3/library/math.html,10,10,299
/fr/3.13/library/pickle.html,10,10,2
/fr/3.13/reference/simple_stmts.html,10,10,168
/fr/3/howto/sorting.html,10,11,0
/fr/3/library/exceptions.html,10,10,11
/fr/3/tutorial/floatingpoint.html,10,10,113
/fr/3/using/windows.html,10,10,153
/3.13/tutorial/index.html,9,9,717
/3/library/csv.html,9,10,529
/3/library/idle.html,9,9,113
/3/library/stdtypes.html,9,9,299
/fr/3.13/library/filesys.html,9,10,16
/fr/3.13/library/timeit.html,9,9,12
/fr/3.13/search.html,9,11,19
/fr/3.13/tutorial/modules.html,9,9,45
/fr/3.13/using/unix.html,9,9,0
/3/library/logging.html,8,8,507
/3/tutorial/index.html,8,8,567
/fr/3.13/library/calendar.html,8,8,0
/fr/3.13/library/hashlib.html,8,9,0
/fr/3.13/using/editors.html,8,8,3
/fr/3/howto/sockets.html,8,8,119
/fr/3/library/datetime.html,8,8,148
/fr/3/reference/compound_stmts.html,8,8,138
/3/library/pathlib.html,7,7,647
/3/library/venv.html,7,7,553
/3/tutorial/classes.html,7,7,503
/fr/3.12/library/stdtypes.html,7,7,266
/fr/3.13/library/abc.html,7,7,34
/fr/3.13/library/array.html,7,8,8
/fr/3.13/library/asyncio.html,7,7,192
/fr/3.13/library/http.client.html,7,7,1
/fr/3.13/library/xml.html,7,7,6
/3.13/using/windows.html,6,6,421
/3/library/asyncio.html,6,6,518
/3/library/os.path.html,6,7,1110
/3/library/re.html,6,6,329
/fr/3.13/,6,6,23
/fr/3.13/library/ctypes.html,6,7,0
/fr/3.13/library/wave.html,6,8,54
/fr/3.13/reference/compound_stmts.html,6,6,38
/fr/3.13/using/index.html,6,6,8
/fr/3/installing/index.html,6,6,330
/fr/3/library/fractions.html,6,6,100
/fr/3/library/pdb.html,6,6,0
/fr/3/reference/index.html,6,6,328
/fr/dev/library/math.html,6,6,0
/fr/dev/library/pickle.html,6,7,0
/3/library/socket.html,5,6,152
/3/library/subprocess.html,5,5,709
/3/library/unittest.html,5,6,823
/3/tutorial/,5,5,194
/3/tutorial/errors.html,5,5,853
/3/using/windows.html,5,5,555
/fr/3.13/howto/ipaddress.html,5,5,25
/fr/3.13/library/dialog.html,5,5,1
/fr/3.13/library/html.parser.html,5,5,149
/fr/3.13/library/pprint.html,5,5,0
/fr/3/contents.html,5,5,250
/fr/3/extending/extending.html,5,5,1227
/fr/3/library/idle.html,5,6,54
/fr/3/library/os.html,5,5,0
/fr/3/library/subprocess.html,5,5,207
/fr/3/using/,5,5,0
/fr/3/using/mac.html,5,5,0
/fr/dev/library/configparser.html,5,5,0
/fr/dev/reference/datamodel.html,5,5,41
/3/howto/sorting.html,4,4,929
/3/library/configparser.html,4,4,573
/3/library/functions.html,4,4,1295
/3/library/index.html,4,4,381
/3/library/itertools.html,4,4,58
/3/library/multiprocessing.html,4,4,301
/3/library/sqlite3.html,4,4,699
/3/py-modindex.html,4,4,438
/3/search.html,4,4,240
/3/tutorial/datastructures.html,4,4,260
/3/tutorial/modules.html,4,4,896
/fr/3.13/howto/annotations.html,4,4,0
/fr/3.13/howto/curses.html,4,4,0
/fr/3.13/howto/functional.html,4,4,0
/fr/3.13/installing/index.html,4,4,10
/fr/3.13/library/argparse.html,4,4,10
/fr/3.13/library/doctest.html,4,4,0
/fr/3.13/library/py_compile.html,4,4,124
/fr/3.13/library/readline.html,4,4,368
/fr/3.13/library/tkinter.font.html,4,4,12
/fr/3.13/library/urllib.html,4,4,11
/fr/3.13/library/zlib.html,4,4,414
/fr/3.13/reference/index.html,4,4,158
/fr/3.13/tutorial/,4,4,0
/fr/3.13/tutorial/appetite.html,4,4,101
/fr/3/howto/enum.html,4,4,48
/fr/3/library/collections.html,4,4,0
/fr/3/library/re.html,4,4,1
/fr/3/library/tk.html,4,4,63
/fr/3/py-modindex.html,4,4,74
/fr/3/reference/datamodel.html,4,4,432
/fr/3/tutorial/stdlib.html,4,5,480
/3/library/glob.html,3,3,115
/3/library/http.server.html,3,3,151
/3/library/json.html,3,3,1008
/3/library/tk.html,3,3,476
/3/library/xml.etree.elementtree.html,3,3,769
/3/whatsnew/3.13.html,3,3,109
/fr/3.12/tutorial/introduction.html,3,4,14
/fr/3.13/contents.html,3,5,15
/fr/3.13/faq/programming.html,3,3,0
/fr/3.13/glossary.html,3,3,0
/fr/3.13/library/asyncio-task.html,3,3,0
/fr/3.13/library/cmath.html,3,3,108
/fr/3.13/library/decimal.html,3,3,0
/fr/3.13/library/exceptions.html,3,4,82
/fr/3.13/library/index.html,3,3,0
/fr/3.13/library/stdtypes.html,3,3,0
/fr/3.13/reference/datamodel.html,3,3,0
/fr/3.13/reference/lexical_analysis.html,3,4,0
/fr/3.13/whatsnew/3.13.html,3,3,31
/fr/3/library/asyncio-queue.html,3,3,18
/fr/3/library/cmd.html,3,3,35
/fr/3/library/filecmp.html,3,3,0
/fr/3/library/http.html,3,3,685
/fr/3/library/inspect.html,3,3,0
/fr/3/library/operator.html,3,3,0
/fr/3/library/tarfile.html,3,3,0
/fr/3/library/tokenize.html,3,3,0
/fr/3/library/zipfile.html,3,3,0
/fr/3/reference/simple_stmts.html,3,3,0
/fr/3/tutorial/modules.html,3,3,0
/fr/dev/library/copy.html,3,3,0
/fr/dev/library/functions.html,3,3,244
/fr/dev/library/re.html,3,4,0
/fr/dev/using/windows.html,3,3,395
/3.13/,2,2,222
/3.13/index.html,2,2,254
/3.13/tutorial/,2,2,91
/3.13/tutorial/interpreter.html,2,2,224
/3.13/whatsnew/3.13.html,2,2,37
/3/howto/enum.html,2,2,46
/3/installing/index.html,2,2,322
/3/library/__main__.html,2,2,84
/3/library/abc.html,2,2,474
/3/library/asyncio-task.html,2,2,62
/3/library/collections.html,2,2,488
/3/library/dataclasses.html,2,2,12
/3/library/dialog.html,2,2,638
/3/library/ensurepip.html,2,2,288
/3/library/exceptions.html,2,2,38
/3/library/fractions.html,2,2,532
/3/library/ftplib.html,2,2,2182
/3/library/hashlib.html,2,2,398
/3/library/pickle.html,2,2,688
/3/library/string.html,2,2,466
/3/library/sys.html,2,2,109
/3/library/tarfile.html,2,2,2039
/3/library/threading.html,2,2,160
/3/library/time.html,2,2,40
/3/library/typing.html,2,2,1010
/3/library/unicodedata.html,2,2,68
/3/tutorial/floatingpoint.html,2,2,10
/fr/3.12/tutorial/index.html,2,2,1571
/fr/3.13/faq/general.html,2,2,30
/fr/3.13/genindex.html,2,2,3
/fr/3.13/library/binascii.html,2,2,0
/fr/3.13/library/gc.html,2,2,0
/fr/3.13/library/gettext.html,2,2,0
/fr/3.13/library/logging.html,2,2,0
/fr/3.13/library/markup.html,2,2,0
/fr/3.13/library/persistence.html,2,2,0
/fr/3.13/library/sqlite3.html,2,2,0
/fr/3.13/library/tkinter.colorchooser.html,2,2,52
/fr/3.13/reference/expressions.html,2,2,0
/fr/3.14/,2,2,4
/fr/3/extending/embedding.html,2,2,0
/fr/3/library/archiving.html,2,2,55
/fr/3/library/asyncio-dev.html,2,2,0
/fr/3/library/calendar.html,2,2,0
/fr/3/library/configparser.html,2,3,0
/fr/3/library/contextlib.html,2,2,24
/fr/3/library/copy.html,2,2,0
/fr/3/library/ipaddress.html,2,2,0
/fr/3/library/shelve.html,2,2,744
/fr/3/library/tempfile.html,2,2,252
/fr/3/library/tkinter.scrolledtext.html,2,3,336
/fr/3/library/warnings.html,2,2,0
/fr/3/library/xmlrpc.html,2,2,6
/fr/3/reference/executionmodel.html,2,2,0
/fr/3/reference/introduction.html,2,2,0
/fr/3/reference/lexical_analysis.html,2,2,10
/fr/3/tutorial/whatnow.html,2,2,24
/fr/dev/library/ipaddress.html,2,2,1472
/fr/dev/library/string.html,2,2,15
/fr/dev/library/turtle.html,2,2,0
/fr/dev/reference/lexical_analysis.html,2,2,0
/3.12/,1,1,117
/3.12/library/base64.html,1,1,14
/3.13/library/index.html,1,1,16
/3.13/library/math.html,1,1,185
/3.13/library/stdtypes.html,1,1,72
/3.13/reference/compound_stmts.html,1,1,442
/3.13/tutorial/appetite.html,1,1,505
/3.13/tutorial/controlflow.html,1,1,425
/3.14/index.html,1,1,238
/3.14/tutorial/,1,1,203
/3/c-api/frame.html,1,1,13
/3/c-api/import.html,1,1,612
/3/c-api/index.html,1,1,129
/3/c-api/long.html,1,1,12
/3/howto/curses.html,1,1,238
/3/howto/mro.html,1,1,340
/3/howto/unicode.html,1,1,1986
/3/library/ast.html,1,1,479
/3/library/calendar.html,1,1,126
/3/library/cmath.html,1,1,35
/3/library/codecs.html,1,1,426
/3/library/contextlib.html,1,1,421
/3/library/copy.html,1,1,2559
/3/library/ctypes.html,1,1,498
