name,visitors,bounce_rate,visit_duration
Direct / None,630,58,240
Google,311,74,127
python.org,106,56,162
pythoninsider.blogspot.com,53,60,333
Bing,32,52,304
Baidu,23,83,44
DuckDuckGo,19,67,381
GitHub,18,73,123
peps.python.org,11,57,366
Brave,9,89,106
Yandex,8,100,27
Reddit,7,100,0
discuss.python.org,6,50,76
chatgpt.com,5,100,322
Ecosia,3,50,197
forum.djangoproject.com,3,67,40
infoworld.com,3,100,0
LinkedIn,2,100,0
Facebook,1,0,55
Perplexity,1,100,0
Qwant,1,0,4
Twitter,1,0,1049
blog.python.org,1,100,0
docs.ngc.nvidia.com,1,0,305
doubao.com,1,0,10
leetcode.com,1,0,188
moodle.tuni.fi,1,0,450
pypi.org,1,0,480
python.p2hp.com,1,0,1151
sphinx-doc.org,1,0,540
steam.oxxostudio.tw,1,0,209
typing-extensions.readthedocs.io,1,0,337
udemy.com,1,0,87
