name,visitors
France,1073
China,464
Singapore,72
Morocco,70
Belgium,49
Canada,41
Algeria,34
Tunisia,27
Senegal,21
"Congo, The Democratic Republic of the",20
Côte d'Ivoire,18
Cameroon,16
Switzerland,14
Benin,12
Togo,10
Burkina Faso,9
United States,9
Guinea,8
Réunion,8
Netherlands,6
Chad,6
Congo,5
India,5
Mauritania,5
New Zealand,5
Portugal,5
Germany,4
Indonesia,4
Niger,4
Saudi Arabia,4
Egypt,3
Spain,3
Gabon,3
Guadeloupe,3
Japan,3
Madagascar,3
Mali,3
Bolivia,2
Finland,2
United Kingdom,2
Comoros,2
Mauritius,2
Mexico,2
French Polynesia,2
"Palestine, State of",2
Paraguay,2
Russian Federation,2
Sweden,2
Turkey,2
Mayotte,2
Colombia,1
French Guiana,1
Greece,1
Ireland,1
Israel,1
Italy,1
Kazakhstan,1
Luxembourg,1
Latvia,1
Martinique,1
Malaysia,1
Romania,1
Vietnam,1
