name,visitors
Mexico,918
Colombia,697
Spain,663
Argentina,579
Chile,328
Peru,275
United States,84
Ecuador,83
Venezuela,71
Bolivia,58
Uruguay,54
Paraguay,36
El Salvador,35
Singapore,32
Costa Rica,31
Dominican Republic,31
Guatemala,28
Panama,21
Cuba,20
Nicaragua,17
Brazil,14
China,12
Netherlands,11
France,8
India,8
Honduras,7
Russian Federation,6
Australia,4
Germany,4
Denmark,4
Indonesia,4
Italy,4
Japan,4
Austria,3
Sri Lanka,3
Puerto Rico,3
Turkey,3
Albania,2
Belgium,2
Canada,2
Ireland,2
Israel,2
Luxembourg,2
Pakistan,2
Andorra,1
United Arab Emirates,1
Bahamas,1
Switzerland,1
Czechia,1
United Kingdom,1
South Korea,1
Nigeria,1
Norway,1
Poland,1
Sweden,1
Slovenia,1
Thailand,1
Ukraine,1
