name,visitors
Buenos Aires Province,306
Capital District,260
Madrid Autonomous Community,255
Ciudad de Mexico,239
Santiago Metropolitan,221
Lima,162
Antioquia,149
Mexico State,100
Catalonia,94
Jalisco,87
Andalusia,67
Valle del Cauca,65
Valencian Community,54
Nuevo León,53
Buenos Aires,52
Montevideo,51
Córdoba,41
Veracruz,38
Guayas,37
Pichincha,37
Galicia,35
San Salvador,34
Cundinamarca,33
Lima Region,33
Puebla,31
La Paz,29
Querétaro,29
Castile and León,28
Atlántico,27
Tamaulipas,27
Misiones,26
Baja California,26
Santa Fe,25
Guanajuato,25
Capital,25
Santander,24
Quintana Roo,24
Risaralda,23
Chihuahua,23
Sinaloa,22
Valparaíso,21
Michoacán,21
Arequipa,21
Asunción,21
Bío Bío,20
Havana,20
Guatemala,20
Panamá,20
San José,19
Entre Ríos,17
Distrito Nacional,17
Canary Islands,17
Managua,17
Florida,17
Bolívar,16
Aragon,16
Río Negro,15
Mendoza,14
Boyacá,14
Basque Country,14
Guerrero,14
Santa Cruz,13
Balearic Islands,13
Chiapas,13
Yucatán,13
Asturias,12
Sonora,12
Corrientes,11
Cauca,11
Norte de Santander,11
Murcia Region,11
Aguascalientes,11
Tabasco,11
Texas,11
Oaxaca,10
Zacatecas,10
Piura,10
Chaco,9
Meta,9
Tolima,9
Zulia,9
Salta,8
Cochabamba,8
Huila,8
Santo Domingo,8
Colima,8
Tlaxcala,8
Araucanía,7
Libertador General Bernardo O'Higgins,7
Heredia,7
Campeche,7
Lara,7
Jujuy,6
Extremadura,6
Baja California Sur,6
Cusco,6
Central,6
New York,6
San Luis,5
Catamarca,5
Neuquén,5
Antofagasta,5
Atacama,5
Coquimbo,5
Los Lagos,5
Cesar,5
Córdoba,5
Santiago,5
Castile-La Mancha,5
Coahuila,5
Hidalgo,5
North Holland,5
La Libertad,5
California,5
Georgia,5
Virginia,5
Anzoátegui,5
Aragua,5
Monagas,5
Santiago del Estero,4
Tucumán,4
Paraná,4
Ñuble,4
Tarapacá,4
La Guajira,4
Capital Region,4
Navarra Chartered Community,4
Francisco Morazán,4
Durango,4
San Luis Potosí,4
Lambayeque,4
Puno,4
Colorado,4
Washington,4
Bolívar,4
La Pampa,3
São Paulo,3
Los Ríos,3
Magallanes Region,3
Maule,3
Caldas,3
Cartago,3
Azuay,3
Cantabria,3
La Rioja,3
Emilia-Romagna,3
Tokyo,3
Western,3
South Holland,3
Ancash,3
Cajamarca,3
Ica,3
Ohio,3
Pennsylvania,3
Maldonado,3
Tirana County,2
La Rioja,2
San Juan,2
Tierra del Fuego,2
Vienna,2
New South Wales,2
Chuquisaca,2
Amazonas,2
Santa Catarina,2
Magdalena,2
Nariño,2
Guanacaste,2
Hamburg,2
Loja,2
Manabí,2
Brittany,2
Leinster,2
Tamil Nadu,2
Luxembourg,2
Morelos,2
Nayarit,2
Junín,2
Loreto,2
Tacna,2
Punjab,2
Alto Paraná,2
Kaliningrad,2
Konya,2
Massachusetts,2
Missouri,2
New Jersey,2
Barinas,2
Carabobo,2
Andorra la Vella,1
Abu Dhabi,1
Santa Cruz,1
Upper Austria,1
Queensland,1
Western Australia,1
Oruro,1
Minas Gerais,1
Pará,1
Pernambuco,1
New Providence,1
Ontario,1
Quebec,1
Zürich,1
Arica y Parinacota,1
Beijing,1
Caquetá,1
Chocó,1
Putumayo,1
Sucre,1
Liberec,1
Baden-Württemberg,1
North Rhine-Westphalia,1
Monseñor Nouel,1
Esmeraldas,1
Los Ríos,1
Melilla,1
Grand-Est,1
Île-de-France,1
Provence-Alpes-Côte-d'Azur,1
England,1
East Java,1
North Sulawesi,1
Jerusalem,1
Tel Aviv,1
Chandigarh,1
Maharashtra,1
Punjab,1
West Bengal,1
Lombardy,1
Osaka,1
Gyeonggi,1
North Brabant,1
Trøndelag,1
Chiriquí,1
Madre de Dios,1
Moquegua,1
Ucayali,1
Mazovia,1
Concepción,1
Canindeyú,1
Caaguazú,1
Itapúa,1
Saint Petersburg,1
Stockholm,1
Postojna,1
Chalatenango,1
Bangkok,1
Bursa,1
Lvivshchyna,1
Kentucky,1
North Carolina,1
Oregon,1
South Carolina,1
