name,unique_entrances,total_entrances,visit_duration
/downloads/,148918,155145,202
/,118538,122845,178
/downloads/windows/,42879,44291,179
/downloads/release/python-3142/,29564,30081,188
/downloads/release/pymanager-252/,15972,16362,189
/about/gettingstarted/,4542,4634,98
/downloads/macos/,4506,4589,107
/downloads/release/python-3119/,4202,4309,244
/downloads/release/python-31212/,3770,3820,259
/downloads/release/python-3120/,3757,3811,221
/downloads/release/python-3110/,3472,3538,233
/downloads/release/python-3100/,3381,3445,232
/downloads/release/python-31114/,3139,3193,294
/search/,3030,3064,210
/downloads/release/python-31019/,2649,2697,310
/doc/,2580,2613,113
/downloads/release/python-31011/,2172,2224,192
/downloads/release/python-31311/,2132,2196,192
/downloads/release/python-3150a3/,2057,2077,179
/downloads/release/python-3106/,2051,2143,240
/downloads/release/python-31013/,1931,1983,387
/downloads/release/python-3130/,1666,1688,187
/psf/donations/,1651,1662,129
/downloads/release/python-3140/,1457,1487,140
/psf-landing/,1205,1214,153
/downloads/source/,1150,1186,162
/downloads/release/python-390/,1093,1105,225
/shell/,997,1035,154
/about/,930,957,187
/downloads/release/python-380/,848,860,211
/downloads/release/python-31210/,790,811,174
/downloads/release/python-3135/,762,779,230
/downloads/release/python-3925/,701,706,256
/downloads/release/python-3810/,661,677,217
/jobs/,646,662,151
/downloads/release/python-3128/,622,639,228
/downloads/android/,619,635,124
/community/,559,566,139
/about/apps/,519,527,137
/download/other/,510,514,115
/downloads/release/python-3913/,510,518,200
/downloads/release/python-3124/,475,479,232
/downloads/release/python-370/,467,471,225
/downloads/release/python-3121/,370,377,175
/getit/,358,363,195
/downloads/release/python-3129/,357,361,208
/downloads/release/python-3123/,345,350,170
/doc/versions/,344,352,120
/downloads/release/python-3133/,341,344,208
/downloads/release/python-2718/,333,341,126
/downloads/release/python-3137/,324,338,135
/download/releases/,315,319,198
/downloads/release/python-3139/,301,309,173
/community/logos/,287,291,37
/downloads/release/python-3118/,287,296,219
/downloads/release/python-3820/,276,279,241
/blogs/,272,275,134
/downloads/release/python-3127/,258,263,231
/download/releases/2.7/,255,258,172
/downloads/release/python-3109/,244,253,175
/doc/essays/blurb/,209,211,75
/downloads/release/pymanager-250/,193,208,95
/downloads/release/python-31010/,191,195,216
/downloads/release/python-31012/,191,196,255
/downloads/release/python-3114/,187,190,222
/download,184,185,246
/downloads/release/python-3132/,176,178,158
/downloads/release/python-312/,173,173,289
/downloads/release/python-360/,167,171,210
/downloads/release/python-379/,161,168,223
/downloads/release/python-3141/,155,164,242
/downloads/release/python-3116/,154,157,222
/accounts/login/,153,159,111
/download/releases/3.0/,153,154,113
/downloads/release/python-3111/,146,152,233
/downloads/release/python-3105/,141,145,321
/downloads/release/python-3117/,139,145,236
/events/,139,153,89
/downloads/release/python-31111/,138,140,200
/downloads/release/python-3112/,137,140,193
/downloads/release/python-3131/,135,138,178
/downloads/release/python-3126/,134,139,207
/downloads/release/python-311/,130,132,328
/downloads/release/python-31110/,127,128,306
/downloads/release/python-31310/,126,128,230
/downloads/release/python-368/,124,126,225
/success-stories/,124,125,99
/downloads/release/python-31014/,120,123,299
/downloads/release/python-31113/,115,116,244
/downloads/release/python-3717/,111,111,177
/downloads/release/python-3115/,106,109,245
/downloads/release/python-31211/,106,107,199
/downloads/release/python-3122/,105,105,145
/downloads/release/python-31112/,102,105,307
/about/help/,93,93,185
/doc/av/,91,91,166
/events/python-events/,91,91,199
/psf/newsletter/,82,82,60
/downloads/release/python-374/,78,79,232
/downloads/release/python-3125/,77,80,292
/downloads/release/python-3108/,76,79,133
/success-stories/category/education/,75,75,52
/downloads/release/python-3101/,73,74,296
/downloads/release/python-3104/,70,70,150
/success-stories/category/arts/,70,70,80
/success-stories/category/engineering/,69,70,195
/downloads/release/python-377/,68,68,269
/downloads/release/python-385/,68,70,154
/downloads/release/python-386/,68,73,270
/events/calendars/,68,70,105
/downloads/release/python-3615/,65,65,210
/downloads/release/python-376/,64,64,279
/downloads/release/python-3918/,64,65,430
/success-stories/category/business/,64,64,63
/community/forums/,62,62,16
/downloads/release/python-3113/,61,62,237
/downloads/release/python-396/,61,65,69
/downloads/release/python-3136/,57,60,58
/downloads/release/python-391/,57,57,231
/downloads/release/python-310/,56,58,174
/downloads/release/python-3919/,56,56,455
/community/diversity/,55,59,30
/downloads/release/python-399/,55,59,193
/psf/membership/,55,55,166
/download/releases/2.5/msi/,54,54,417
/events/python-user-group/,53,53,30
/downloads/release/,52,52,218
/downloads/release/python-372/,52,52,218
/events/python-user-group/past/,52,52,3
/community/irc/,51,51,69
/downloads/release/python-392/,51,51,173
/downloads/release/python-397/,51,51,81
/downloads/release/python-3134/,50,51,173
/downloads/release/python-3912/,49,51,189
/success-stories/category/software-development/,49,49,59
/download/alternatives/,48,48,167
/community/workshops/,47,48,25
/events/python-events/past/,46,46,11
/dev/,45,46,73
/downloads/release/python-3107/,45,47,266
/downloads/release/python-3138/,45,46,192
/downloads/release/python-373/,45,47,223
/doc/essays/,44,44,46
/downloads/release/python-382/,43,44,419
/about/quotes/,42,43,155
/accounts/signup/,42,42,144
/downloads/release/python-31018/,42,43,321
/downloads/release/python-340/,42,42,222
/downloads/release/python-395/,42,46,286
/community/lists/,40,40,98
/downloads/release/python-3910/,40,40,204
/downloads/release/python-350/,39,41,284
/downloads/release/python-381/,39,40,199
/psf/about/,39,39,233
/downloads/release/python-2716/,38,38,106
/downloads/release/python-300/,38,39,187
/downloads/release/python-387/,38,39,118
/downloads/release/python-388/,38,39,203
/success-stories/category/scientific/,38,38,14
/downloads/release/python-2710/,37,37,133
/success-stories/category/government/,36,36,78
/community/sigs/,35,36,91
/downloads/release/python-378/,35,35,168
/downloads/release/python-383/,35,35,378
/psf/sponsors/,35,35,7
/accounts/confirm-email/,34,34,69
/downloads/release/python-3102/,34,34,65
/downloads/release/python-3103/,34,35,396
/events/python-user-group/2103/,34,34,27
/doc/essays/graphs/,33,34,28
/downloads/release/python-389/,33,34,186
/downloads/release/python-3911/,33,34,199
/download/releases/2.3/mro/,32,32,10
/download/releases/3.1/,32,32,427
/downloads/release/pymanager-251/,32,37,5
/downloads/release/python-272/,32,33,102
/downloads/release/python-31015/,31,31,343
/jobs/8022/,31,31,227
/downloads/release/python-2714/,29,29,45
/psf/get-involved/,29,29,32
/downloads/release/python-3818/,28,28,291
/events/python-user-group/2129/,28,28,49
/dev/security/,27,28,220
/jobs/8024/,27,27,144
/psf/annual-report/2021/,27,27,0
/psf/community-stories/,27,27,56
/downloads/release/python-2715/,26,26,143
/downloads/release/python-344/,26,27,384
/downloads/release/python-3916/,26,27,294
/psf/,26,26,1
/community/awards,25,25,0
/doc/av,25,25,0
/download/releases/2.0/,25,26,175
/downloads/release/python-273/,25,25,189
/downloads/release/python-31016/,25,25,197
/downloads/release/python-3819/,25,27,189
/community/sigs/current/mobile-sig/,24,24,79
/doc/sunset-python-2/,24,25,8
/download/mac/tcltk/,24,24,194
/downloads/release/python-31017/,24,24,311
/downloads/release/python-3510/,24,24,142
/downloads.,23,23,155
/downloads/release/python-394/,23,23,99
/downloads/release/python-311x/,22,22,169
/downloads/release/python-371/,22,23,345
/about/success/,21,22,187
/downloads/release/python-365/,21,23,59
/downloads/release/python-3815/,21,21,420
/psf/sponsorship/,21,21,162
/psf/trademarks/,21,21,47
/downloads/release/python-2717/,20,20,99
/downloads/release/python-3150a2/,20,21,31
/downloads/release/python-3920/,20,20,439
/getit/windows/,20,21,9
/doc/humor/,19,20,0
/downloads/release/python-313/,19,20,411
/downloads/release/python-314/,19,19,341
/downloads/release/python-330/,19,19,98
/downloads/release/python-352/,19,19,370
/downloads/release/python-3921/,19,20,353
/events/python-user-group/2125/,18,19,13
/downloads/release/python-266/,17,18,290
/downloads/release/python-3410/,17,17,338
/downloads/release/python-353/,17,17,142
/downloads/release/python-3922/,17,19,365
/doc/essays/comparisons/,16,18,4
/downloads/release/python-375/,16,16,294
/users/far-cry-5-download-crack/,16,17,0
/),15,15,193
/dev/buildbot/,15,15,5
/downloads/release/python-31116/,15,15,201
/downloads/release/python-351/,15,16,304
/downloads/release/python-364/,15,15,117
/sponsors/application/,15,15,130
/downloads/release/python-276/,14,15,618
/downloads/release/python-315/,14,14,579
/downloads/release/python-363/,14,14,81
/downloads/release/python-3817/,14,14,155
/downloads/。,14,14,15
/events/python-user-group/2104/,14,14,74
/psf/fellows/,14,14,48
/psf/news-and-community/,14,14,21
/download/releases/2.4/msi/,13,13,255
/downloads/),13,13,5
/downloads/release/python-270/,13,13,115
/downloads/release/python-277/,13,14,271
/downloads/release/python-279/,13,13,151
/downloads/release/python-362/,13,14,200
/downloads/release/python-366/,13,13,288
/downloads/release/python-369/,13,13,123
/downloads/release/python-3811/,13,13,620
/events/python-events/2102/,13,13,22
/psf/donations/python-dev/,13,13,148
/about/success/cog/,12,12,3
/download/releases/2.6/,12,12,61
/downloads/metadata/sigstore/,12,12,131
/downloads/release/python-201/,12,12,97
/downloads/release/python-3140rc3/,12,12,2
/downloads/release/python-337/,12,12,63
/downloads/release/python-367/,12,12,227
/downloads/release/python-3710/,12,12,156
/downloads/release/python-3712/,12,12,507
/downloads/release/python-3812/,12,12,229
/downloads/release/python-3813/,12,13,714
/downloads/release/python-398/,12,12,63
/dev/core-mentorship/,11,11,7
/downloads/release/python-275/,11,11,26
/downloads/release/python-278/,11,11,158
/downloads/release/python-3120a2/,11,11,156
/downloads/release/python-3120rc2/,11,11,257
/downloads/release/python-3150a1/,11,12,65
/downloads//windows/,10,10,268
/downloads/release/python-2711/,10,10,200
/downloads/release/python-2713/,10,11,14
/downloads/release/python-3120a4/,10,10,54
/downloads/release/python-312x/,10,10,58
/downloads/release/python-361/,10,10,104
/downloads/release/python-38/,10,10,432
/events/python-user-group/2140/,10,10,159
/psf/grants/,10,10,67
/success-stories/building-a-dependency-graph-of-our-python-codebase/,10,10,0
/success-stories/python-on-arm-2025-update/,10,10,10
/success-stories/python-seo-link-analyzer/,10,10,8
/users/Tekken7/,10,10,1
/doc/essays/cp4e/,9,9,2
/download/pre-releases/,9,9,8
/download/releases/3.2/,9,9,713
/downloads/release/python-343/,9,9,797
/downloads/releases/,9,9,3
/events/python-events/2121/,9,9,181
/jobs/8013/,9,9,44
/jobs/8025/,9,9,85
/psf/license.html,9,9,0
/psf/membership-faq/,9,9,210
/psf/trademarks/pycon/,9,9,29
/users/Dezzy40/,9,9,0
/doc/essays/foreword/,8,8,336
/dowloads/,8,8,205
/downloads/release/python-301/,8,8,201
/downloads/release/python-321/,8,8,164
