name,visitors,bounce_rate,visit_duration
copilot.com,873,35,212
chatgpt.com,625,45,177
itdo.com,36,22,252
perplexity,18,44,55
online-directory,13,77,34
yandex,13,47,285
Securitylab.ru,12,21,457
hackernoon.com,5,67,56
ethicalads-placement,4,50,388
zalo,4,75,288
Django_Newsletter_145,3,33,241
blog,3,100,0
site,3,33,692
stackshare.io,3,33,101
blog.europython.eu,2,100,0
crypto-robot.com,2,100,0
enki,2,50,78
ig,2,50,7
learn-ubuntu,2,50,72
livechat.com,2,100,0
post_page-----0e5f2bbc8682---------------------------------------,2,0,38
rhat,2,100,0
thedataschool.co.uk,2,50,0
theitstuff.com,2,0,0
unityflow.dev,2,100,0
alessandro-belli,1,100,0
blog.cybersader.com,1,100,0
blog.electroica.com,1,100,0
blog.sunggwanchoi.com,1,100,0
chatgpt.com),1,0,147
code-garage.fr,1,100,0
colearninglounge.com,1,0,0
console.dev,1,100,0
empty-space,1,100,0
en.blog.mantiks.io,1,100,0
findchips.top,1,100,0
g-winney,1,100,0
game-dev-guides.beehiiv.com,1,100,0
gettingstarted.ai,1,100,0
gobigger,1,0,27
highscalability.com,1,100,0
https://githubhelp.com,1,100,0
huamaodh.com,1,100,0
idcsharp.com,1,100,0
its-foss,1,100,0
jessehouwing.net,1,0,215
ld246.com,1,100,0
makerluis.com,1,100,0
mem0.ghost.io,1,100,0
post_page-----766bb7ce2343---------------------------------------,1,0,6
post_page-----bf1b3c0f30e3---------------------------------------,1,100,0
producthunt,1,100,0
producttalk.org,1,100,0
selfh.st,1,100,0
softhints-python-linux-pandas,1,100,0
sparkle,1,100,0
telegram,1,0,48
vegastack.com,1,100,0
winstall,1,100,0
www.8kmm.com,1,100,0
yctheman.io,1,100,0
zeeklog.com,1,0,362
