property,value,visitors,events,percentage
url,(none),339,697,99.4
url,https://www.python.org/,10,10,2.9
url,https://www.python.org/downloads/,2,2,0.6
url,https://docs.python.org/it/3.14/archives/python-3.14-docs-html.zip,1,1,0.3
url,https://github.com/hacl-star/hacl-star/,1,1,0.3
url,https://tkdocs.com/,1,1,0.3
url,https://wiki.python.org/moin/BeginnersGuide,1,1,0.3
url,https://www.packtpub.com/en-us/product/python-gui-programming-with-tkinter-9781788835886,1,1,0.3
url,https://www.tcl.tk/,1,1,0.3
