name,visitors,pageviews,bounce_rate,time_on_page,scroll_depth
/pt-br/3.13/tutorial/index.html,156,175,60,54,53
/pt-br/3/tutorial/index.html,131,174,67,38,50
/pt-br/3/,109,127,48,19,79
/pt-br/3.13/,94,94,44,24,73
/pt-br/3.13/library/index.html,91,92,69,56,39
/pt-br/3.13/library/tkinter.html,71,70,78,106,38
/pt-br/3.13/tutorial/datastructures.html,69,70,69,155,46
/pt-br/3.13/search.html,59,101,18,25,57
/pt-br/3.13/library/venv.html,57,59,86,42,34
/pt-br/3.13/library/functions.html,55,56,76,96,38
/pt-br/3/library/stdtypes.html,52,60,92,105,20
/pt-br/3/tutorial/controlflow.html,48,54,73,77,31
/pt-br/3.13/tutorial/interpreter.html,47,53,79,147,75
/pt-br/3.13/tutorial/introduction.html,42,38,67,155,60
/pt-br/3.13/library/stdtypes.html,40,45,71,127,46
/pt-br/3.13/tutorial/controlflow.html,39,46,86,129,42
/pt-br/3/search.html,37,58,53,18,53
/pt-br/3.13/library/math.html,36,38,83,52,42
/pt-br/3/library/math.html,35,34,96,91,49
/pt-br/3/tutorial/datastructures.html,35,36,68,140,59
/pt-br/3/tutorial/introduction.html,35,34,79,213,58
/pt-br/3.13/library/random.html,34,29,90,40,41
/pt-br/3/tutorial/interpreter.html,34,38,70,88,70
/pt-br/dev/library/venv.html,33,35,94,47,44
/pt-br/3/library/functions.html,27,26,71,23,40
/pt-br/3.13/tutorial/appetite.html,25,23,83,31,82
/pt-br/3/library/venv.html,24,26,95,37,22
/pt-br/3/tutorial/appetite.html,24,19,14,88,89
/pt-br/3.13/glossary.html,23,22,75,65,50
/pt-br/3.13/tutorial/classes.html,23,23,80,245,48
/pt-br/3/library/index.html,22,23,67,28,44
/pt-br/3.13/library/string.html,21,19,77,151,33
/pt-br/3.13/tutorial/errors.html,21,21,86,26,33
/pt-br/3.13/contents.html,20,34,0,33,10
/pt-br/3.13/library/datetime.html,20,23,76,103,18
/pt-br/3.13/library/re.html,20,20,86,67,43
/pt-br/3.13/reference/index.html,20,20,50,26,66
/pt-br/3.13/whatsnew/3.13.html,20,15,60,62,23
/pt-br/3/tutorial/inputoutput.html,20,17,62,23,29
/pt-br/3.13/faq/windows.html,19,19,88,14,47
/pt-br/3.13/library/tk.html,19,20,42,45,59
/pt-br/3.13/tutorial/modules.html,19,18,100,83,47
/pt-br/3.13/using/windows.html,19,20,90,28,44
/pt-br/3/library/os.html,19,18,82,36,26
/pt-br/3/library/random.html,18,17,77,36,36
/pt-br/3.13/py-modindex.html,17,15,67,35,45
/pt-br/3.13/howto/logging.html,16,16,93,78,17
/pt-br/3.13/index.html,16,14,50,24,71
/pt-br/3.13/tutorial/inputoutput.html,16,14,75,77,41
/pt-br/3.13/installing/index.html,15,13,43,113,51
/pt-br/3/tutorial/classes.html,15,14,88,94,43
/pt-br/3.13/tutorial/stdlib.html,14,11,50,31,67
/pt-br/dev/library/tkinter.html,14,15,64,30,41
/pt-br/3.13/tutorial/venv.html,13,13,100,20,42
/pt-br/3/library/exceptions.html,13,15,77,20,62
/pt-br/3/library/string.html,13,12,82,82,58
/pt-br/3/reference/index.html,13,16,80,9,73
/pt-br/3/tutorial/modules.html,13,11,71,206,43
/pt-br/3.13/library/statistics.html,12,13,67,20,22
/pt-br/dev/library/zlib.html,12,16,67,10,15
/pt-br/3.13/genindex.html,11,13,100,4,100
/pt-br/3.13/library/collections.html,11,12,71,78,39
/pt-br/3.13/library/intro.html,11,9,50,44,85
/pt-br/3/glossary.html,11,13,0,80,52
/pt-br/3/tutorial/,11,12,60,20,44
/pt-br/3/tutorial/venv.html,11,8,83,31,56
/pt-br/3/using/android.html,11,12,73,20,82
/pt-br/dev/howto/sorting.html,11,11,91,50,40
/pt-br/3.13/library/idle.html,10,7,50,17,46
/pt-br/3/contents.html,10,10,83,10,19
/pt-br/3/py-modindex.html,10,14,100,29,40
/pt-br/dev/library/unittest.html,10,11,89,96,19
/pt-br/3.15/tutorial/index.html,9,9,50,137,40
/pt-br/3/library/csv.html,9,9,86,164,69
/pt-br/3/library/datetime.html,9,9,88,44,19
/pt-br/3/library/os.path.html,9,8,75,45,50
/pt-br/3/reference/datamodel.html,9,14,100,187,56
/pt-br/3.13/library/turtle.html,8,8,100,174,25
/pt-br/3/library/unittest.html,8,8,80,36,28
/pt-br/3/reference/compound_stmts.html,8,11,67,33,21
/pt-br/3/whatsnew/3.13.html,8,5,67,26,10
/pt-br/3.13/download.html,7,3,100,11,97
/pt-br/3.13/library/array.html,7,7,50,25,70
/pt-br/3.13/library/exceptions.html,7,11,20,37,38
/pt-br/3.13/library/time.html,7,6,100,33,52
/pt-br/3.13/reference/datamodel.html,7,7,100,91,20
/pt-br/3.13/reference/introduction.html,7,6,100,65,90
/pt-br/3.15/,7,5,0,40,86
/pt-br/3.15/tutorial/controlflow.html,7,9,100,323,19
/pt-br/3.15/whatsnew/3.15.html,7,4,0,68,43
/pt-br/3/download.html,7,6,50,242,77
/pt-br/3/library/filesys.html,7,16,71,22,79
/pt-br/3/reference/lexical_analysis.html,7,6,100,123,54
/pt-br/3.13/c-api/index.html,6,8,100,38,100
/pt-br/3.13/library/__main__.html,6,6,100,21,20
/pt-br/3.13/library/csv.html,6,5,100,170,27
/pt-br/3.13/library/json.html,6,5,67,20,12
/pt-br/3.13/library/pathlib.html,6,7,67,94,97
/pt-br/3.13/library/tkinter.ttk.html,6,5,100,16,72
/pt-br/3.13/tutorial/stdlib2.html,6,4,0,39,49
