name,visitors,bounce_rate,visit_duration
Google,1071,79,158
Direct / None,782,68,267
Bing,129,78,83
python.org,72,0,414
Brave,30,70,112
chatgpt.com,25,59,159
Baidu,23,87,1
cursos.alura.com.br,23,74,212
DuckDuckGo,14,82,46
Yahoo!,10,70,869
udemy.com,10,80,46
web.dio.me,9,67,849
aprender3.unb.br,8,67,402
Microsoft Teams,7,100,966
pucrs-ie-assets-prod.edtech.com.br,5,100,0
Ecosia,3,100,0
educacaoprofissional.educacao.sp.gov.br,3,67,2
fastapidozero.dunossauro.com,3,100,0
netacad.com,3,100,0
techguide.sh,3,75,3
GitHub,2,100,20
Yandex,2,0,802
ava.sesisenai.org.br,2,0,14
ava2.ead.ufscar.br,2,67,0
conteudo.colaboraread.com.br,2,100,6
copilot.microsoft.com,2,67,27
notion.so,2,100,0
pucminas.instructure.com,2,100,0
pythonfluente.com,2,100,0
vnpeyeva.manus.space,2,100,0
Gmail,1,100,0
LinkedIn,1,100,0
Perplexity,1,100,0
Reddit,1,0,285
alexandria-html-published.platosedu.io,1,100,0
alunos.empowerdata.com.br,1,100,0
alura.com.br,1,0,0
ava.cefetmg.br,1,0,72
avaead.unievangelica.edu.br,1,100,0
codaqui.dev,1,0,2227
cs50.harvard.edu,1,0,1792
developer.microsoft.com,1,0,80
docs-python-org.translate.goog,1,0,157
ead.iffarroupilha.edu.br,1,100,0
eadcursosgratuitos.mackenzie.br,1,0,322
ethicalhacker.com.br,1,0,32
franciscofoz.medium.com,1,0,1
graduacao.mackenzie.br,1,100,0
gstatic.com,1,100,0
lms.ev.org.br,1,100,0
matplotlib.org,1,0,0
moodle.farroupilha.ifrs.edu.br,1,100,0
moodle.ufabc.edu.br,1,0,504
moodlep.uem.br,1,0,0
oceanhero.today,1,100,0
packaging.python.org,1,0,209
pandas.pydata.org,1,0,894
pedronoia.pt,1,100,0
presearch.com,1,100,0
prof-carlos-almeida.netlify.app,1,0,22
pythoniluminado.netlify.app,1,0,20
safra.alura.com.br,1,100,0
sonda.udemy.com,1,100,0
unibf.grupoa.education,1,100,0
unicv.grupoa.education,1,100,0
