name,visitors
Moscow,1961
Paris,1824
Tokyo,1643
Singapore,1635
London,1627
New York City,1527
Bengaluru,1440
Frankfurt am Main,1408
Warsaw,1385
Amsterdam,1246
Chennai,1203
Hyderabad,1186
Mumbai,1049
Munich,1030
Chicago,1024
San Jose,1021
Los Angeles,1018
Zürich,942
Toronto,857
Madrid,833
Berlin,831
Ashburn,787
Sydney,778
Vienna,701
Seattle,701
Stockholm,677
Ho Chi Minh City,664
Pune,642
Helsinki,637
São Paulo,632
Beijing,615
Reston,609
Hong Kong,603
Tel Aviv,599
Saint Petersburg,594
Taipei,589
Hanoi,575
Prague,556
Denver,546
Melbourne,543
Manchester,531
New Delhi,525
Milan,523
Shanghai,506
Atlanta,501
Dublin,475
Montréal,467
Delhi,451
San Francisco,441
Budapest,421
Kyiv,416
Kraków,403
Barcelona,400
Brussels,393
Istanbul,373
Hamburg,365
Wrocław,360
Shenzhen,354
Lisbon,351
Rome,345
Guangzhou,338
Jakarta,330
Osaka,330
Oslo,329
Cairo,321
Boston,320
Austin,318
Dallas,305
Düsseldorf,298
Brooklyn,296
Kolkata,293
Stuttgart,288
Nairobi,286
Brisbane,282
Marseille,281
Göteborg,280
Santiago,277
Copenhagen,271
Athens,269
Bangkok,269
Tashkent,268
Rio de Janeiro,265
Bucharest,261
Lagos,261
Novosibirsk,253
Vancouver,253
Ahmedabad,246
San Diego,244
Houston,239
Minsk,238
Washington,228
Philadelphia,225
Boardman,225
Portland,225
Kuala Lumpur,214
Santa Clara,214
Medellín,212
Miami,212
Lima,211
Belgrade,210
N/A,207
N/A,202
Jeddah,198
Dubai,196
Rotterdam,196
Bogotá,195
Köln,194
Poznań,193
Sofia,192
Auckland,190
Hangzhou,189
Johannesburg,188
Kathmandu,188
Boryspil,186
Taichung,183
Calgary,181
Sunnyvale,180
Riyadh,179
Colombo,179
Cambridge,179
Chengdu,178
Lyon,178
Minneapolis,177
N/A,177
Wandsworth,174
Jaipur,173
Coimbatore,169
Nürnberg,169
Phoenix,169
Vilnius,167
Turin,166
Islington,165
Lucknow,164
Riga,163
Pittsburgh,163
Porto,161
Queens,160
Trondheim,159
Colorado Springs,158
Ottawa,158
Zagreb,157
Cambridge,157
Lviv,156
Indore,156
Casablanca,156
Dresden,156
Columbus,154
Nanjing,150
Ankara,149
Yekaterinburg,149
Gdańsk,146
Baku,145
Karlsruhe,144
Karachi,143
Patna,143
Toulouse,142
Brasília,142
Benito Juarez,140
Stavropol’,139
Tallinn,139
Almaty,139
Birmingham,138
Seoul,137
Bratislava,137
Kensington,133
Salt Lake City,133
Charlotte,132
Wuhan,131
Lahore,130
Xi’an,130
Nizhniy Novgorod,129
Valencia,129
Gurgaon,128
Cochin,128
Lausanne,128
Addis Ababa,127
Tbilisi,127
Dhaka,126
Bishkek,126
Perth,126
Accra,126
Brno,124
Utrecht,123
Hannover,123
San Antonio,123
Eindhoven,121
Falls Church,121
Mountain View,121
Yokohama,120
Leeds,120
Glasgow,115
Mexico City,115
Bristol,113
Cape Town,113
Edmonton,112
Antwerpen,111
Camden Town,111
Redmond,111
Amman,110
N/A,110
Ljubljana,108
Noida,108
City of Westminster,107
Madison,107
Samara,106
Gent,106
Leipzig,106
Curitiba,106
Yerevan,105
Kaohsiung,105
Zhengzhou,105
Nur-Sultan,104
Malmö,104
Belo Horizonte,103
Tehran,102
Bologna,102
Aachen,102
Quito,102
Cupertino,102
Quezon City,101
Jersey City,101
Orlando,100
Southampton,99
Bordeaux,99
Adelaide,98
Edinburgh,98
Łódź,98
Québec,98
Bonn,96
Baltimore,96
Oakland,96
Berkeley,95
Pátra,94
Islamabad,94
Fortaleza,94
Burnaby,94
Krasnodar,93
Nagoya,93
The Hague,93
Bremen,93
The Dalles,92
Las Vegas,91
N/A,89
Graz,89
Heidelberg,88
Irvine,88
Dehra Dūn,87
Dnipro,86
Abidjan,86
Oxford,86
Nagpur,85
Dakar,85
Coventry,84
Naaldwijk,84
Haarlem,84
Espoo,83
Surat,83
Sheffield,83
Mannheim,83
Changsha,82
N/A,82
Bhubaneshwar,81
Hsinchu,81
San José,81
Ufa,80
Suzhou,80
Málaga,80
St. Louis,80
Raleigh,80
Chelyabinsk,79
Qingdao,79
Chongqing,79
Fulham,78
Canberra,77
Buenos Aires,77
Fremont,77
Nantes,76
Huntsville,76
Kazan,75
Manila,75
Hounslow,75
Rostov-na-Donu,74
Taoyuan,74
Slough,74
Croydon,74
Petaẖ Tiqwa,73
Vijayawada,73
Bandung,73
Darmstadt,73
Rennes,73
Lambeth,73
Nottingham,71
Freiburg,70
Durham,70
Milwaukee,70
Chisinau,69
Kanpur,69
Bhopāl,69
Da Nang,69
Tianjin,69
