property,value,visitors,events,percentage
url,(none),1567,2501,99.8
url,https://www.python.org/,19,19,1.2
url,https://github.com/python/cpython/tree/3.13/Lib/idlelib/,3,4,0.2
url,https://pypi.org/,3,3,0.2
url,https://en.wikipedia.org/wiki/Turtle_(robot),1,1,0.1
url,https://github.com/python/cpython/issues/131591,1,1,0.1
url,https://github.com/python/cpython/tree/3.13/Lib/asyncio/,1,1,0.1
url,https://github.com/python/cpython/tree/3.13/Lib/datetime.py,1,1,0.1
url,https://github.com/python/cpython/tree/3.13/Lib/lzma.py,1,1,0.1
url,https://github.com/python/cpython/tree/3.13/Lib/turtle.py,1,1,0.1
url,https://github.com/python/cpython/tree/3.13/Lib/xml/etree/ElementTree.py,1,1,0.1
url,https://github.com/python/cpython/tree/main/Lib/idlelib/,1,1,0.1
url,https://github.com/python/cpython/tree/main/Lib/turtle.py,1,1,0.1
url,https://github.com/python/python-docs-theme,1,1,0.1
url,https://mypy.readthedocs.io/en/stable/cheat_sheet_py3.html,1,1,0.1
url,https://packaging.python.org/en/latest/tutorials/installing-packages/#ensure-pip-setuptools-and-wheel-are-up-to-date,1,1,0.1
url,https://packaging.python.org/en/latest/tutorials/packaging-projects/,1,1,0.1
url,https://packaging.python.org/installing/,1,1,0.1
url,https://packaging.python.org/installing/#requirements-for-installing-packages,1,1,0.1
url,https://peps.python.org/pep-0593/,1,1,0.1
url,https://tktable.sourceforge.net/tile/doc/converting.txt,1,1,0.1
url,https://wasi.dev/,1,1,0.1
url,https://wasmtime.dev/,1,1,0.1
url,https://wiki.python.org/moin/BeginnersGuide,1,1,0.1
url,https://wiki.python.org/moin/GuiProgramming,1,1,0.1
url,https://www.debian.org/doc/manuals/maint-guide/first.en.html,1,1,0.1
