name,visitors,bounce_rate,visit_duration
Google,608,76,169
Baidu,457,84,37
Direct / None,412,60,169
chatgpt.com,20,65,226
python.org,17,100,265
Bing,16,47,560
clien.net,4,75,134
codeup.kr,3,33,6
wikidocs.net,3,67,373
Yahoo!,2,100,0
gall.dcinside.com,2,100,0
m.clien.net,2,100,0
namu.wiki,2,100,110
sm.cn,2,100,0
udemy.com,2,0,596
velog.io,2,100,0
2025.ucpc.me,1,0,84
Daum,1,100,0
Shenma,1,100,0
Yandex,1,0,53
atcoder.jp,1,0,60
blockdmask.tistory.com,1,100,0
blog.naver.com,1,100,0
cafe.naver.com,1,100,0
codeit.kr,1,100,0
contest.nypc.co.kr,1,100,0
d2.naver.com,1,100,0
dev-jy.tistory.com,1,100,0
dlgldgldgld.github.io,1,100,0
fastapi.tiangolo.com,1,0,965
github.samsungds.net,1,0,1586
hofe-rnd.tistory.com,1,100,0
kariu.tistory.com,1,0,76
kdw9502.tistory.com,1,100,0
kin.naver.com,1,0,3042
letsmakemyselfprogrammer.tistory.com,1,100,0
light-tree.tistory.com,1,100,0
link.naver.com,1,100,0
m.blog.naver.com,1,0,30
mc.baidu.com,1,100,0
miki3079.tistory.com,1,100,0
minjiwoo.kr,1,100,0
minwook-shin.github.io,1,0,20
ncloude.lgdisplay.com,1,100,0
packaging.python.org,1,0,81
passwd.tistory.com,1,100,0
sophiesien.tistory.com,1,100,0
swlock.blogspot.com,1,100,0
symxsym.tistory.com,1,100,0
ttkbootstrap.readthedocs.io,1,0,1602
