name,visitors
India,79546
China,44803
United States,39637
Brazil,13597
Japan,13410
Russian Federation,10908
South Korea,10373
Germany,9459
United Kingdom,7757
Pakistan,6258
France,6159
Indonesia,6076
Hong Kong,5887
Turkey,5750
Vietnam,5693
Mexico,5279
Canada,4914
Iran,4301
Taiwan,4181
Italy,4124
Spain,3878
Colombia,3828
Singapore,3656
Netherlands,3516
Poland,3407
Philippines,3395
Egypt,3294
Australia,3251
Thailand,3080
Peru,2920
Bangladesh,2774
Argentina,2695
Ukraine,2530
Malaysia,2384
Nigeria,2382
Chile,1956
South Africa,1813
Morocco,1758
Saudi Arabia,1528
Kenya,1320
United Arab Emirates,1262
Uzbekistan,1253
Nepal,1234
Algeria,1214
Ecuador,1211
Switzerland,1155
Portugal,1155
Sri Lanka,1135
Sweden,1081
Romania,1071
Israel,1029
Austria,1014
Iraq,979
Czechia,966
Belgium,959
Kazakhstan,952
Greece,767
Ghana,766
Finland,752
Hungary,725
Venezuela,725
Tunisia,705
Ireland,670
Ethiopia,661
Belarus,602
Guatemala,597
Bulgaria,569
Bolivia,567
New Zealand,562
Cambodia,557
Dominican Republic,539
Denmark,498
Jordan,476
Yemen,444
Serbia,433
Myanmar,430
Azerbaijan,428
Norway,404
Costa Rica,394
Uganda,369
Cameroon,348
Slovakia,343
Lithuania,340
"Congo, The Democratic Republic of the",338
Côte d'Ivoire,309
Lebanon,289
Georgia,277
Latvia,263
Uruguay,258
Senegal,250
Tanzania,249
Madagascar,246
Paraguay,244
Croatia,243
Panama,238
Armenia,235
El Salvador,227
Kuwait,214
Libya,199
Qatar,196
Moldova,194
Kyrgyzstan,192
Angola,191
Zimbabwe,191
Syria,183
Estonia,179
Oman,179
Zambia,170
Slovenia,165
Honduras,161
Cyprus,160
"Palestine, State of",150
Benin,146
Burkina Faso,143
Mozambique,139
Rwanda,133
Somalia,131
Tajikistan,131
Puerto Rico,129
Luxembourg,120
Afghanistan,117
Sudan,116
Togo,116
Cuba,114
Nicaragua,109
Bosnia and Herzegovina,105
Macao,94
Mauritius,92
Seychelles,85
Mali,84
Malawi,84
Albania,82
Bahrain,80
Kosovo,78
North Macedonia,76
Jamaica,71
Trinidad and Tobago,66
Malta,63
Mongolia,61
Guinea,56
Mauritania,55
Laos,47
Maldives,47
Namibia,46
Congo,44
Liberia,43
Iceland,42
Haiti,41
Botswana,40
Réunion,40
Niger,39
Bhutan,38
Montenegro,38
Gabon,32
Sierra Leone,32
Burundi,31
Brunei Darussalam,25
Djibouti,22
Lesotho,22
Guadeloupe,20
Papua New Guinea,20
Eswatini,19
Gambia,18
Martinique,17
New Caledonia,17
Chad,17
Guyana,16
Cayman Islands,16
Barbados,15
Bahamas,15
Cabo Verde,15
Liechtenstein,15
Andorra,14
South Sudan,13
Gibraltar,12
Guam,12
Suriname,12
Timor-Leste,12
French Polynesia,10
Equatorial Guinea,9
Central African Republic,8
Fiji,8
Comoros,8
San Marino,7
Belize,6
Jersey,6
Aruba,5
Curaçao,5
Monaco,5
Samoa,5
French Guiana,4
Guernsey,4
Sao Tome and Principe,4
Saint Vincent and the Grenadines,4
Bermuda,3
Dominica,3
Faroe Islands,3
Greenland,3
Guinea-Bissau,3
Saint Lucia,3
Turkmenistan,3
Antigua and Barbuda,2
American Samoa,2
Eritrea,2
Falkland Islands (Malvinas),2
Isle of Man,2
Solomon Islands,2
Turks and Caicos Islands,2
"Virgin Islands, British",2
"Virgin Islands, U.S.",2
Mayotte,2
Åland Islands,1
"Bonaire, Sint Eustatius and Saba",1
Cook Islands,1
Grenada,1
Kiribati,1
Montserrat,1
Sint Maarten (Dutch part),1
Vanuatu,1
