name,visitors,bounce_rate,visit_duration
chatgpt.com,158,66,84
yandex,48,31,209
Django_Newsletter_293,18,68,12
hackernoon.com,13,69,32
perplexity,13,54,35
Securitylab.ru,6,67,215
leanpub.com,6,67,17
zalo,6,100,0
jessehouwing.net,4,50,5
blog.teclado.com,2,0,218
empty-space,2,100,0
ethicalads-placement,2,100,0
post_page-----12cbeeee7430---------------------------------------,2,100,0
biemoyu.com,1,100,0
blog,1,100,0
blog.min.io,1,0,1588
blog.tericcabrel.com,1,100,0
blogs,1,100,0
devilslane.com,1,100,0
devkoriel,1,100,0
faun,1,100,0
learn-ubuntu,1,100,0
post_page-----51df2fec83aa---------------------------------------,1,100,0
post_page-----ddddbc6f4282---------------------------------------,1,100,0
sharpcoderblog.com,1,100,0
site,1,100,0
the new stack,1,100,0
victoreke.com,1,0,231
