property,value,visitors,events,percentage
url,(none),6157,13279,99.5
url,https://www.python.org/,146,164,2.4
url,https://www.python.org/downloads/,65,70,1.1
url,https://docs.python.org/zh-cn/3.14/archives/python-3.14-docs-html.zip,16,17,0.3
url,https://apps.microsoft.com/detail/9NQ7512CXL7T,14,15,0.2
url,https://docs.python.org/zh-cn/3/archives/python-3.14-docs-html.zip,13,14,0.2
url,https://docs.python.org/zh-cn/3.14/archives/python-3.14-docs.epub,11,12,0.2
url,https://packaging.python.org/,10,11,0.2
url,https://pypi.org/,10,11,0.2
url,https://www.python.org/downloads/macos/,9,10,0.1
url,https://docs.python.org/zh-cn/3.14/archives/python-3.14-docs-text.zip,7,7,0.1
url,https://docs.python.org/zh-cn/3/archives/python-3.14-docs-text.zip,6,7,0.1
url,https://devguide.python.org/documentation/start-documenting/#building-the-documentation,5,5,0.1
url,https://peps.python.org/pep-0636/,5,5,0.1
url,https://tkdocs.com/,5,13,0.1
url,https://docs.python.org/zh-cn/3.14/archives/python-3.14-docs-texinfo.zip,4,5,0.1
url,https://docs.python.org/zh-cn/3/archives/python-3.14-docs.epub,4,6,0.1
url,https://packaging.python.org/en/latest/tutorials/packaging-projects/,4,6,0.1
url,https://wiki.python.org/moin/BeginnersGuide,4,5,0.1
url,https://cibuildwheel.pypa.io/en/stable/platforms/#android,3,3,0.0
url,https://docs.python.org/zh-cn/3.13/archives/python-3.13-docs-html.zip,3,3,0.0
url,https://docs.python.org/zh-cn/3/archives/python-3.14-docs-texinfo.zip,3,3,0.0
url,https://github.com/python/cpython/tree/3.14/Lib/idlelib/,3,4,0.0
url,https://github.com/python/cpython/tree/3.14/Lib/turtle.py,3,5,0.0
url,https://packaging.python.org/installing/,3,3,0.0
url,https://www.python.org/doc/versions/,3,3,0.0
url,https://chaquo.com/chaquopy,2,2,0.0
url,https://docs.python.org/zh-cn/3.15/archives/python-3.15-docs-html.zip,2,2,0.0
url,https://en.wikipedia.org/wiki/Universal_binary,2,4,0.0
url,https://github.com/python/cpython/blob/main/Doc/library/tkinter.rst?plain=1,2,4,0.0
url,https://github.com/python/cpython/blob/main/Doc/library/turtle.rst?plain=1,2,2,0.0
url,https://github.com/python/cpython/tree/3.14/Lib/asyncio/runners.py,2,2,0.0
url,https://github.com/python/cpython/tree/3.14/Lib/tkinter/__init__.py,2,2,0.0
url,https://packaging.python.org/en/latest/tutorials/installing-packages/,2,5,0.0
url,https://packaging.python.org/installing/#requirements-for-installing-packages,2,2,0.0
url,https://peps.python.org/pep-0617/,2,2,0.0
url,https://toml.io/en/,2,2,0.0
url,https://www.debian.org/doc/manuals/maint-guide/first.en.html,2,2,0.0
url,https://www.python.org/downloads/android/,2,2,0.0
url,https://www.python.org/psf/donations/,2,3,0.0
url,https://briefcase.readthedocs.io/,1,1,0.0
url,https://datatracker.ietf.org/doc/html/rfc4648.html,1,1,0.0
url,https://devguide.python.org/,1,1,0.0
url,https://docs.python.org/zh-cn/3.13/archives/python-3.13-docs-pdf-a4.zip,1,1,0.0
url,https://docs.python.org/zh-cn/3.13/archives/python-3.13-docs-texinfo.zip,1,1,0.0
url,https://docs.python.org/zh-cn/3.14/archives/python-3.14-docs-html.tar.bz2,1,1,0.0
url,https://docs.python.org/zh-cn/3.15/archives/python-3.15-docs-texinfo.zip,1,1,0.0
url,https://docs.python.org/zh-cn/3.15/archives/python-3.15-docs-text.zip,1,1,0.0
url,https://docs.python.org/zh-cn/3.15/archives/python-3.15-docs.epub,1,1,0.0
url,https://docs.python.org/zh-cn/3/archives/python-3.14-docs-text.tar.bz2,1,1,0.0
url,https://en.wikipedia.org/wiki/Memoization,1,1,0.0
url,https://en.wikipedia.org/wiki/Transpose,1,1,0.0
url,https://en.wikipedia.org/wiki/Turtle_(robot),1,1,0.0
url,https://force-color.org/,1,1,0.0
url,https://github.com/python/cpython/blob/main/Doc/bugs.rst?plain=1,1,1,0.0
url,https://github.com/python/cpython/blob/main/Doc/contents.rst?plain=1,1,1,0.0
url,https://github.com/python/cpython/blob/main/Doc/library/stdtypes.rst?plain=1,1,1,0.0
url,https://github.com/python/cpython/blob/main/Doc/tutorial/classes.rst?plain=1,1,1,0.0
url,https://github.com/python/cpython/blob/main/Doc/tutorial/index.rst?plain=1,1,1,0.0
url,https://github.com/python/cpython/blob/main/Doc/tutorial/modules.rst?plain=1,1,1,0.0
url,https://github.com/python/cpython/blob/main/Doc/whatsnew/3.14.rst?plain=1,1,1,0.0
url,https://github.com/python/cpython/blob/main/Doc/whatsnew/index.rst?plain=1,1,1,0.0
url,https://github.com/python/cpython/tree/3.12/Lib/collections/__init__.py,1,1,0.0
url,https://github.com/python/cpython/tree/3.12/Lib/http/client.py,1,1,0.0
url,https://github.com/python/cpython/tree/3.12/Lib/lib2to3/,1,1,0.0
url,https://github.com/python/cpython/tree/3.13/Lib/idlelib/,1,2,0.0
url,https://github.com/python/cpython/tree/3.14/Lib/abc.py,1,1,0.0
url,https://github.com/python/cpython/tree/3.14/Lib/argparse.py,1,1,0.0
url,https://github.com/python/cpython/tree/3.14/Lib/bisect.py,1,1,0.0
url,https://github.com/python/cpython/tree/3.14/Lib/datetime.py,1,1,0.0
url,https://github.com/python/cpython/tree/3.14/Lib/getpass.py,1,1,0.0
url,https://github.com/python/cpython/tree/3.14/Lib/string/__init__.py,1,1,0.0
url,https://github.com/python/cpython/tree/3.14/Lib/tkinter/messagebox.py,1,1,0.0
url,https://github.com/python/cpython/tree/3.14/Lib/tkinter/scrolledtext.py,1,1,0.0
url,https://github.com/python/cpython/tree/3.14/Lib/tkinter/ttk.py,1,1,0.0
url,https://github.com/python/cpython/tree/3.14/Objects/exceptions.c,1,2,0.0
url,https://github.com/python/cpython/tree/main/Lib/hashlib.py,1,1,0.0
url,https://github.com/python/cpython/tree/main/Tools/freeze,1,1,0.0
url,https://github.com/python/python-docs-zh-CN/blob/3.14/about.po?plain=1,1,1,0.0
url,https://github.com/python/python-docs-zh-CN/blob/3.14/contents.po?plain=1,1,1,0.0
url,https://github.com/python/python-docs-zh-CN/blob/3.14/reference/index.po?plain=1,1,1,0.0
url,https://gvanrossum.github.io/,1,1,0.0
url,https://manpages.debian.org/recv(2),1,1,0.0
url,https://mypy.readthedocs.io/en/stable/cheat_sheet_py3.html,1,1,0.0
url,https://numpy.org/,1,2,0.0
url,https://packaging.python.org/en/latest/tutorials/installing-packages/#ensure-pip-setuptools-and-wheel-are-up-to-date,1,1,0.0
url,https://packaging.python.org/guides/installing-using-pip-and-virtual-environments/#create-and-use-virtual-environments,1,1,0.0
url,https://packaging.python.org/installing/#creating-virtual-environments,1,1,0.0
url,https://packaging.python.org/science/,1,1,0.0
url,https://peps.python.org/pep-0001/,1,1,0.0
url,https://peps.python.org/pep-0237/,1,1,0.0
url,https://peps.python.org/pep-0238/,1,2,0.0
url,https://peps.python.org/pep-0526/,1,1,0.0
url,https://peps.python.org/pep-0562/,1,1,0.0
url,https://peps.python.org/pep-0634/,1,1,0.0
url,https://peps.python.org/pep-0680/,1,1,0.0
url,https://peps.python.org/pep-0695/,1,2,0.0
url,https://peps.python.org/pep-3105/,1,1,0.0
url,https://peps.python.org/pep-3148/,1,1,0.0
url,https://pypy.org/,1,1,0.0
url,https://termux.dev/en/,1,1,0.0
url,https://www.python.org/downloads/source/,1,1,0.0
url,https://www.sphinx-doc.org/,1,1,0.0
url,https://www.unicode.org/versions/Unicode15.1.0/ch04.pdf,1,1,0.0
