name,visitors,bounce_rate,visit_duration
Direct / None,4412,73,170
Baidu,654,71,92
Bing,502,71,137
Google,315,77,105
python.org,149,0,440
codecademy.cn,29,66,59
doubao.com,29,56,353
link.zhihu.com,18,56,76
link.csdn.net,9,25,606
chatgpt.com,8,33,246
translations.python.org,8,43,84
wapbaike.baidu.com,8,100,0
quark.cn,7,67,18
oi-wiki.org,6,86,29
runoob.com,5,0,207
yuque.com,5,50,314
360.cn,4,60,50
GitHub,4,67,84
wiki.python.org,4,0,452
chat.baidu.com,3,0,763
docs.pingcode.com,3,0,434
124.221.136.78,2,0,229
Perplexity,2,0,199
Sogou,2,0,418
acwing.com,2,50,2
baike.baidu.com,2,100,0
c.biancheng.net,2,50,46
claude.ai,2,0,36
cs50.harvard.edu,2,0,224
edu.py2fun.com,2,50,141
fastapi.tiangolo.com,2,0,2
lec.inf.ethz.ch,2,0,56
nativeapp.toutiao.com,2,0,44
ntp.msn.cn,2,0,114
123.baidu.com,1,0,199
8kmm.com,1,100,0
DuckDuckGo,1,100,0
Ecosia,1,100,0
ai.h3c.com,1,0,115
aisearch.sogou.com,1,0,10
amuletmc.com,1,0,18
app.xmind.cn,1,0,2601
bugfree.cc,1,100,0
codemao-guide.yuque.com,1,0,1093
codemao.yuque.com,1,100,0
context7.com,1,100,0
copilot.com,1,100,0
coze.cn,1,0,1311
csdiy.wiki,1,100,0
developer.aliyun.com,1,0,18
devguide.python.org,1,0,53
ecampus.nmit.ac.nz,1,100,0
f5c5422a792a42bfb1ebafcd520a6db6.ap-shanghai.cloudstudio.club,1,0,10
heeee.com,1,100,0
hz.haokeyouxuanedu.com,1,0,8
ilearning.huawei.com,1,0,7
learn.nvidia.com,1,0,602
leetcode.com,1,0,573
lintcode.com,1,100,0
literank.cn,1,0,32
m.jb51.net,1,100,0
m.so.com,1,0,0
my.feishu.cn,1,0,4
ncnz1ebkwrq6.feishu.cn,1,100,0
notebooks.githubusercontent.com,1,100,0
numpy.org,1,0,1455
ogh06jea2h.feishu.cn,1,0,25
oi-wiki.com,1,100,0
peps.python.org,1,0,441
php.cn,1,0,10
pkuschool.yuque.com,1,0,1593
python-httpx.org,1,0,34
python.github.net.cn,1,0,300
qcncg1e6shcn.feishu.cn,1,0,9
qianwen.com,1,0,7
s.cn.bing.net,1,100,0
sanhu918.com,1,0,12
sphinx-doc.org,1,0,2601
steam.oxxostudio.tw,1,0,4208
synxlab.feishu.cn,1,100,0
tcnro8gf9kn4.feishu.cn,1,100,0
ucnzew9rphp6.feishu.cn,1,100,0
web.shanbay.com,1,100,0
yuanbao.tencent.com,1,0,35
