name,visitors
Tokyo,1588
Osaka,422
Kanagawa,232
Aichi,152
Saitama,138
Chiba,128
Hebei,86
Hyogo,74
Fukuoka,67
Kyoto,62
Ibaraki,61
Hokkaido,57
Shizuoka,45
Guangdong,31
Miyagi,30
Nagano,29
Tochigi,26
Gunma,25
Hiroshima,24
Tokushima,24
Henan,18
Gifu,18
Jiangsu,17
Shiga,16
Oita,16
California,16
Kumamoto,15
Toyama,14
Mie,14
Beijing,13
Chongqing,12
Shimane,12
Niigata,11
Nagasaki,11
Akita,10
Ishikawa,10
Nara,10
Okayama,10
Okinawa,10
Yamaguchi,9
Zhejiang,8
Hubei,7
Sichuan,7
Yamagata,7
Fukushima,7
Kagawa,7
Kagoshima,7
Liaoning,6
Shandong,6
Gansu,5
Aomori,5
Fukui,5
Tottori,5
Ehime,5
New York,5
Hunan,4
Tianjin,4
Xinjiang,4
Fujian,3
Jilin,3
Shanghai,3
Shaanxi,3
Yunnan,3
Iwate,3
Yamanashi,3
Saga,3
Miyazaki,3
Santiago Metropolitan,2
Anhui,2
Jiangxi,2
Antioquia,2
Chandigarh,2
Sardinia,2
Kochi,2
Bago,2
Bangkok,2
New Taipei,2
North Carolina,2
Pennsylvania,2
Washington,2
Tashkent,2
New South Wales,1
São Paulo,1
Heilongjiang,1
Andalusia,1
Greater Accra,1
Jakarta,1
Tamil Nadu,1
Abruzzo,1
Wakayama,1
Seoul,1
Gyeonggi,1
Yangon,1
Iowa,1
Oregon,1
Texas,1
Hanoi,1
