property,value,visitors,events,percentage
url,(none),2550,4041,99.8
url,https://www.python.org/,29,29,1.1
url,https://tkdocs.com/,6,6,0.2
url,https://www.python.org/downloads/,5,5,0.2
url,https://apps.microsoft.com/detail/9NQ7512CXL7T,3,3,0.1
url,https://www.tkdocs.com/shipman/,3,3,0.1
url,https://docs.python.org/es/3/archives/python-3.14-docs-html.zip,2,2,0.1
url,https://pypi.org/,2,2,0.1
url,https://wiki.python.org/moin/BeginnersGuide,2,2,0.1
url,https://brew.sh/,1,1,0.0
url,https://core.tcl.tk/tips/doc/trunk/tip/48.md,1,1,0.0
url,https://cython.org/,1,1,0.0
url,https://docs.python.org/es/3.14/archives/python-3.14-docs-html.zip,1,1,0.0
url,https://docs.python.org/es/3.14/archives/python-3.14-docs.epub,1,1,0.0
url,https://en.wikipedia.org/wiki/Fibonacci_sequence,1,1,0.0
url,https://es.wikipedia.org/wiki/Funci%C3%B3n_gamma,1,1,0.0
url,https://github.com/python/cpython/blob/main/Doc/library/curses.rst?plain=1,1,1,0.0
url,https://github.com/python/cpython/blob/main/Doc/tutorial/introduction.rst?plain=1,1,1,0.0
url,https://github.com/python/cpython/issues/142556,1,1,0.0
url,https://github.com/python/cpython/tree/3.14/Lib/bisect.py,1,1,0.0
url,https://github.com/python/cpython/tree/3.14/Lib/random.py,1,1,0.0
url,https://github.com/python/cpython/tree/3.14/Lib/sqlite3/,1,1,0.0
url,https://github.com/python/cpython/tree/3.14/Lib/zipfile/,1,1,0.0
url,https://learning-python.com/about-pp4e.html,1,1,0.0
url,https://manpages.debian.org/options(3),1,1,0.0
url,https://packaging.python.org/en/latest/tutorials/installing-packages/,1,1,0.0
url,https://packaging.python.org/installing/#requirements-for-installing-packages,1,2,0.0
url,https://peps.python.org/,1,1,0.0
url,https://peps.python.org/pep-0434/,1,1,0.0
url,https://peps.python.org/pep-0745/,1,1,0.0
url,https://pkware.cachefly.net/webdocs/casestudies/APPNOTE.TXT,1,1,0.0
url,https://tiswww.case.edu/php/chet/readline/rltop.html,1,1,0.0
url,https://wiki.tcl-lang.org/37432,1,1,0.0
url,https://www.python.org/doc/versions/,1,1,0.0
