name,visitors
Madrid Autonomous Community,116
Ciudad de Mexico,102
Capital District,99
Santiago Metropolitan,89
Catalonia,87
Antioquia,86
Lima,85
Buenos Aires Province,84
Andalusia,58
Valencian Community,47
Pichincha,42
Guangdong,38
Nuevo León,31
Mexico State,30
Jiangsu,29
Shanghai,29
Valle del Cauca,27
Jalisco,27
Guayas,26
La Paz,23
Capital,23
Veracruz,21
Aragon,20
Buenos Aires,18
Santa Fe,18
Distrito Nacional,18
Lima Region,18
Zhejiang,16
Canary Islands,16
Montevideo,16
San José,15
Galicia,15
Córdoba,14
Guanajuato,14
Murcia Region,13
Valparaíso,11
Liaoning,11
Cundinamarca,11
Santander,11
Castile and León,10
Puebla,10
Arequipa,10
Havana,9
Basque Country,9
Chihuahua,9
Querétaro,9
Tamaulipas,9
La Libertad,9
San Salvador,9
Bío Bío,8
Fujian,8
Atlántico,8
Castile-La Mancha,8
Michoacán,8
Florida,8
Hubei,7
Córdoba,7
Santo Domingo,7
Baja California,7
Managua,7
Cusco,7
Azuay,6
Sonora,6
Panamá,6
San Juan,5
Magdalena,5
Asturias,5
Balearic Islands,5
Francisco Morazán,5
Chiapas,5
Durango,5
Hidalgo,5
Quintana Roo,5
Tabasco,5
Texas,5
Zulia,5
Tucumán,4
Cochabamba,4
Antofagasta,4
Atacama,4
Bolívar,4
Huila,4
Norte de Santander,4
Risaralda,4
Manabí,4
Cantabria,4
Guatemala,4
Guerrero,4
Oaxaca,4
Tlaxcala,4
Yucatán,4
Lambayeque,4
Oregon,4
Salta,3
Jujuy,3
São Paulo,3
Anhui,3
Beijing,3
Gansu,3
Boyacá,3
Cauca,3
Meta,3
Nariño,3
Heredia,3
Loja,3
La Rioja,3
Aguascalientes,3
Morelos,3
Minnesota,3
Anzoátegui,3
Lara,3
Portuguesa,3
Entre Ríos,2
La Rioja,2
Mendoza,2
Queensland,2
Quebec,2
Los Lagos,2
Maule,2
Shandong,2
La Guajira,2
Putumayo,2
Tolima,2
Cartago,2
La Romana,2
Santiago,2
Santo Domingo de los Tsáchilas,2
Île-de-France,2
Quetzaltenango,2
Leinster,2
Lombardy,2
Veneto,2
Sliema,2
Colima,2
Chiriquí,2
Ancash,2
Cajamarca,2
Junín,2
Tumbes,2
Punjab,2
Lisbon,2
Asunción,2
Ryazan,2
Saint Petersburg,2
California,2
Georgia,2
Michigan,2
Virginia,2
Washington,2
Barinas,2
Mérida,2
Monagas,2
Hanoi,2
Andorra la Vella,1
Santiago del Estero,1
Chaco,1
La Pampa,1
Misiones,1
Neuquén,1
Río Negro,1
Corrientes,1
Potosí,1
Rio de Janeiro,1
Ontario,1
Abidjan,1
Coquimbo,1
Libertador General Bernardo O'Higgins,1
Los Ríos,1
Magallanes Region,1
Ñuble,1
Tarapacá,1
Chongqing,1
Henan,1
Sichuan,1
Shanxi,1
Xinjiang,1
Cesar,1
Sucre,1
Berlin,1
Bavaria,1
Hesse,1
Lower Saxony,1
Central Denmark,1
Ceuta,1
Extremadura,1
Navarra Chartered Community,1
Hauts-de-France,1
Occitanie,1
Sai Kung New Territories,1
Comayagua,1
Cortés,1
Delhi,1
Hormozgan,1
Calabria,1
Podgorica,1
Nayarit,1
Sinaloa,1
Zacatecas,1
Selangor,1
North Holland,1
South Holland,1
Ayacucho,1
Huánuco,1
Ica,1
Piura,1
Puno,1
Alto Paraná,1
Moscow Province,1
Dakar,1
Arizona,1
New Jersey,1
Bolívar,1
Carabobo,1
Falcón,1
Nueva Esparta,1
Sucre,1
