name,visitors
Shenzhen,49
Milan,35
Wuxi,19
Zhenjiang,14
Shanghai,12
Lianyun,12
Rome,11
Naples,11
Hangzhou,8
Singapore,8
Huzhou,7
Fuzhou,7
Turin,7
Padova,6
Florence,6
Taizhou,4
Dalian,4
Suzhou,3
Guangzhou,3
Yiwu,3
Suzhou,3
Verona,3
Bolzano,3
Bari,3
Zhangzhou,2
Dongyang,2
Wuhan,2
Nanjing,2
Palermo,2
Lugano,2
Naaldwijk,2
Saulieu,2
Seriate,2
Rimini,2
Prato,2
Frattaminore,2
Cotignola,2
Busto Arsizio,2
The Dalles,2
Amman,1
Yekaterinburg,1
Taichung,1
Zhuhai,1
Wenzhou,1
Nantong,1
Linyi,1
Lanxi,1
Jinhua,1
Jiaxing,1
Jiangmen,1
Dezhou,1
Catania,1
Casteldaccia,1
Cagliari,1
Minusio,1
Klagenfurt am Wörthersee,1
Fontainebleau,1
Vezzano Ligure,1
Trieste,1
Sarzana,1
San Giovanni Rotondo,1
Portici,1
Parma,1
Palma Campania,1
Ozieri,1
Monza,1
Livorno,1
Grottaglie,1
Gravellona Toce,1
Genoa,1
Fabriano,1
Bologna,1
Arcore,1
Airola,1
Bellizzi,1
Cesano Boscone,1
N/A,1
