name,visitors,bounce_rate,visit_duration
Direct / None,922,94,64
google.com,44,62,321
bing.com,6,75,658
python.org,6,0,197
google.it,3,50,77
duckduckgo.com,2,100,0
gemini.google.com,2,0,706
it.search.yahoo.com,2,100,0
python.it,2,0,254
cdn.cs50.net,1,0,964
fr.search.yahoo.com,1,0,230
habr.com/ru/companies/yandex_praktikum/articles/895032,1,0,622
masterbigdata.unipi.it,1,0,369
moodle.polito.it,1,0,35
search.brave.com,1,100,0
translations.python.org,1,0,2760
uninadue.sharepoint.com,1,100,0
