name,visitors
São Paulo,338
Rio de Janeiro,126
Brasília,72
Curitiba,63
Belo Horizonte,56
Fortaleza,51
Porto Alegre,35
Salvador,31
Recife,29
Campinas,26
Lisbon,24
Goiânia,24
N/A,22
Florianópolis,18
Luanda,17
Natal,17
Osasco,17
Guarulhos,17
São Luís,16
Belém,14
Vitória,14
Londrina,14
Teresina,13
Jundiaí,13
Maceió,12
João Pessoa,12
Campo Grande,12
Praia,11
Bauru,11
Barueri,11
Porto Velho,11
Manaus,11
Vila Velha,10
Uberlândia,10
Joinville,10
São Roque,9
Santa Maria,9
Ribeirão Preto,9
Niterói,9
Contagem,9
Caxias do Sul,9
Blumenau,9
Aracaju,9
Juazeiro do Norte,8
São José dos Campos,8
São Bernardo do Campo,8
Santo André,8
N/A,7
Maringá,7
Limeira,7
Cascavel,7
N/A,7
Maputo,6
São José dos Pinhais,6
Ponta Grossa,6
Paulínia,6
Marília,6
Foz do Iguaçu,6
Canoas,6
Itaporanga,5
Sorocaba,5
São Vicente,5
São Caetano do Sul,5
Santo Estêvão,5
Piracicaba,5
Navegantes,5
Mauá,5
Itapevi,5
Itajaí,5
Feira de Santana,5
Cuiabá,5
Criciúma,5
Chapecó,5
Carapicuíba,5
Del Norte,5
Porto,4
Itaitinga,4
Caruaru,4
Campina Grande,4
Viçosa,4
Ubá,4
Taubaté,4
Suzano,4
Sumaré,4
São Gonçalo,4
Santos,4
Praia Grande,4
Passo Fundo,4
Montes Claros,4
Jaraguá do Sul,4
Jandira,4
Jacareí,4
Itapecerica da Serra,4
Guarujá,4
Franca,4
Duque de Caxias,4
Cabo Frio,4
Anápolis,4
Jaboatão dos Guararapes,4
Shenzhen,3
Garanhuns,3
Currais Novos,3
Castanhal,3
N/A,3
Arapiraca,3
Unaí,3
Uberaba,3
Tatuí,3
São João del Rei,3
São Francisco do Sul,3
Santa Luzia,3
Rio Grande,3
Ribeirão das Neves,3
Poços de Caldas,3
Petrópolis,3
Pato Branco,3
N/A,3
Palhoça,3
Novo Hamburgo,3
Juiz de Fora,3
Itaquaquecetuba,3
Itaboraí,3
Indaiatuba,3
Guaratuba,3
N/A,3
Cachoeirinha,3
Bento Gonçalves,3
Balneário Camboriú,3
N/A,3
Istanbul,2
Hefei,2
Guangzhou,2
Sintra,2
Bissau,2
Guimarães,2
Melzo,2
Conde,2
Umirim,2
Tupanatinga,2
Sobral,2
Santa Inês,2
Quixadá,2
Pilar,2
Petrolina,2
Patos,2
Mossoró,2
N/A,2
Macapá,2
Junqueiro,2
Catolé do Rocha,2
Cajazeiras,2
Bonito,2
Bayeux,2
N/A,2
Afogados da Ingazeira,2
N/A,2
Vitória da Conquista,2
Vespasiano,2
Varginha,2
Timóteo,2
Taboão da Serra,2
Serra,2
Senhor do Bonfim,2
São Lourenço,2
São José do Rio Preto,2
São Carlos,2
Rio Negrinho,2
Rio do Sul,2
Rio das Ostras,2
Prudentópolis,2
Presidente Prudente,2
Pontes e Lacerda,2
Planaltina,2
Ouro Preto,2
Nova Iguaçu,2
Mogi Guaçu,2
Luziânia,2
Lorena,2
Lavras,2
Jandaia do Sul,2
Janaúba,2
Ituiutaba,2
N/A,2
Itajubá,2
Ibirité,2
Hortolândia,2
Guarapuava,2
Gravataí,2
Francisco Beltrão,2
Ferraz de Vasconcelos,2
N/A,2
Embu,2
Curvelo,2
Cruz das Almas,2
Coronel Fabriciano,2
Campo Largo,2
Cachoeiro de Itapemirim,2
Bragança Paulista,2
Botucatu,2
N/A,2
Bagé,2
Araçatuba,2
Ampére,2
Coari,2
Santa Cruz de la Sierra,2
Winter Garden,2
Dallas,2
New York City,2
Boardman,2
Aparecida de Goiânia,2
N/A,2
N/A,2
N/A,2
N/A,2
N/A,2
N/A,2
N/A,2
Warsaw,1
Nampula,1
Lanzhou,1
Fuzhou,1
Beijing,1
Kobe,1
Nowra,1
Queluz,1
Odemira,1
Funchal,1
Corroios,1
Castelo Branco,1
Carregado,1
Salford,1
Vila Nova de Gaia,1
Tondela,1
Matosinhos,1
Figueira da Foz,1
Coimbra,1
Bragança,1
Braga,1
Vienna,1
Toulouse,1
Madrid,1
Castelseprio,1
União dos Palmares,1
Trairi,1
Tangará,1
Sumé,1
São Raimundo das Mangabeiras,1
São Joaquim do Monte,1
N/A,1
N/A,1
Santa Rita,1
Quixeré,1
Pentecoste,1
N/A,1
Paulo Afonso,1
Paulista,1
Parnaíba,1
Olinda,1
Maracanaú,1
Limoeiro do Norte,1
Itabaiana,1
Ipojuca,1
Imperatriz,1
Guaraciaba do Norte,1
Goiana,1
Floriano,1
Exu,1
Eusébio,1
Crato,1
Coelho Neto,1
Caucaia,1
Campo Alegre,1
Camocim,1
Beberibe,1
Araguaína,1
Ananindeua,1
Açu,1
Pedro Juan Caballero,1
Xanxerê,1
Volta Redonda,1
Valença,1
Umuarama,1
Umbaúba,1
Ubatuba,1
Tucano,1
Três Corações,1
Tiradentes,1
Tijucas,1
Tietê,1
Taquari,1
N/A,1
Serrinha,1
N/A,1
N/A,1
São Borja,1
Santo Ângelo,1
Santa Maria da Vitória,1
N/A,1
Santa Cruz do Sul,1
Santa Bárbara d'Oeste,1
