name,visitors,bounce_rate,visit_duration
google.com,1035,80,104
Direct / None,714,64,201
bing.com,129,80,98
python.org,63,0,379
search.brave.com,32,63,94
cursos.alura.com.br,24,76,93
chatgpt.com,22,81,309
udemy.com,15,100,0
br.search.yahoo.com,13,92,117
duckduckgo.com,11,100,5
google.com.br,7,86,213
gstatic.com,7,43,435
ead06.proj.ufsm.br,6,67,300
gemini.google.com,5,50,35
educacaoprofissional.educacao.sp.gov.br/mod/assign/view.php,4,60,966
conteudo.colaboraread.com.br,3,100,0
pythonfluente.com,3,100,0
reddit.com,3,100,6
web.dio.me,3,67,371
ava.sesisenai.org.br,2,0,56
cdn.evg.gov.br,2,0,106
classroom.google.com,2,50,26
claude.ai,2,100,100
copilot.microsoft.com,2,0,517
eadcursosgratuitos.mackenzie.br,2,50,425
m.baidu.com,2,50,2
m.baidu.com/from=1012852q/bd_page_type=1/ssid=0/uid=0/pu=usm%400%2Csz%401320_1004%2Cta%40iphone_2_15.0_11_19.5/baiduid=7D8F957A50210FE2F696FFECC79F648E/w=20_10_/t=iphone/l=1/tc,2,100,0
notebooks.githubusercontent.com,2,100,0
presearch.com,2,100,0
safra.alura.com.br,2,100,0
statics.teams.cdn.office.net,2,0,56
wbs.inf.ufsc.br,2,50,562
android-app://com.google.android.googlequicksearchbox,1,0,23
android-app://com.linkedin.android,1,100,0
ava.educamundo.com.br,1,100,0
brc-word-edit.officeapps.live.com,1,100,0
canva.com,1,100,0
chatgptbrasil.com.br,1,100,0
codigofacil.com.br,1,0,19
cs50.harvard.edu,1,0,8354
developer.mozilla.org,1,0,173
eteppresencial.grupoa.education,1,100,0
freecodecamp.org/portuguese/news/como-criar-ler-atualizar-e-pesquisar-atraves-de-arquivos-do-excel-usando-o-python,1,100,0
github.com/rictom/cnpj_consulta,1,100,0
github.com/suraj-arya/chandler,1,0,65
google.co.jp,1,100,0
google.pt,1,0,61
hackerrank.com,1,0,11
hub.asimov.academy,1,100,0
jinja.palletsprojects.com/en/latest/api,1,0,226
leo-trilha.uniasselvi.com.br,1,100,0
lms.ev.org.br,1,100,0
m.baidu.com/from=1001192y/bd_page_type=1/ssid=0/uid=0/pu=usm%400%2Csz%401320_1001%2Cta%40iphone_2_12.0_28_16.0/baiduid=27EF8848961922D66CB536ED4CAFF886/w=40_10_/t=iphone/l=1/tc,1,0,1
m.baidu.com/from=1001703y/bd_page_type=1/ssid=0/uid=0/pu=usm%400%2Csz%401320_1001%2Cta%40iphone_2_13.0_18_40.9/baiduid=276253E5D0BFACC4529BAE3C700012D7/w=10_10_/t=iphone/l=1/tc,1,100,0
m.baidu.com/from=1020681l/bd_page_type=1/ssid=0/uid=0/pu=sz%401320_1001%2Cta%40iphone_2_12.0_18_40.8%2Cusm%400/baiduid=4A6DA0400D0DC8E96F35E1171F092F9B/w=20_10_/t=iphone/l=1/tc,1,100,0
m.baidu.com/from=1020761n/bd_page_type=1/ssid=0/uid=0/pu=usm%401%2Csz%401320_1001%2Cta%40iphone_2_6.0_24_53.0/baiduid=4207972B3474567AD99F5A39048D8BA4/w=0_10_/t=iphone/l=1/tc,1,100,0
pandas.pydata.org,1,0,0
presencial.moodle.ufsc.br,1,100,0
pucminas.instructure.com/courses/199118/modules/items/4332257,1,100,0
pucminas.instructure.com/courses/199119/modules/items/4332332,1,100,0
r.search.yahoo.com/_ylt=AwrEsx6lSkNo_wEA6dbz6Qt.;_ylu=Y29sbwNiZjEEcG9zAzIEdnRpZAMEc2VjA3Ny/RV=2/RE=1750450085/RO=10/RU=https%3a%2f%2fdocs.python.org%2fpt-br%2f3%2flibrary%2fcsv.html/RK=2/RS=BpsFEm4BI2oDxzbbit2P0mwiCOo-,1,100,0
roadmap.sh,1,0,3
sites.google.com,1,100,0
super-duper-happiness-wrx5697r9j6v3v6r6.github.dev,1,100,0
uniso.grupoa.education,1,100,0
vnpeyeva.manus.space,1,100,0
