name,visitors
São Paulo,635
Rio de Janeiro,167
Minas Gerais,156
Paraná,144
Rio Grande do Sul,102
Santa Catarina,89
Ceará,83
Federal District,74
Bahia,71
Pernambuco,57
Goiás,45
Espírito Santo,39
Paraíba,37
Amazonas,36
Lisbon,28
Maranhão,24
Rio Grande do Norte,24
Alagoas,21
Pará,21
Luanda,17
Mato Grosso do Sul,15
Piauí,15
Mato Grosso,14
Rondônia,14
Sergipe,12
Praia,11
Maputo,6
Porto,6
Guangdong,5
Colorado,5
Tocantins,3
Lombardy,3
Braga,3
Florida,3
Buenos Aires Province,2
Santa Cruz,2
Amapá,2
Anhui,2
Bissau,2
Coimbra,2
Istanbul,2
New York,2
Oregon,2
Texas,2
Vienna,1
New South Wales,1
Roraima,1
Beijing,1
Fujian,1
Gansu,1
Madrid Autonomous Community,1
Occitanie,1
England,1
Fukui,1
Shiga,1
Hyogo,1
Nampula,1
Mazovia,1
Beja,1
Bragança,1
Castelo Branco,1
Setúbal,1
Viseu,1
Madeira,1
Amambay,1
California,1
Michigan,1
North Carolina,1
New Jersey,1
