name,visitors
Paris,561
Marseille,117
Lyon,61
Lille,55
Toulouse,48
Tunis,44
Dakar,43
Brussels,31
Évry,29
Montréal,29
Grenoble,28
Casablanca,27
Abidjan,24
Antananarivo,22
Nantes,22
Montpellier,22
Vélizy-Villacoublay,21
Bordeaux,21
Kinshasa,20
Nice,20
Rennes,18
La Rochelle,18
Lausanne,16
Genève,15
Nancy,15
Chambray-lès-Tours,15
Yaoundé,14
Liège,14
Pontchâteau,14
Villeurbanne,13
Rouen,13
Mulhouse,13
Dijon,12
Brest,12
Aix-en-Provence,12
Strasbourg,11
Angers,11
Douala,10
Redon,10
Argenteuil,10
Algiers,9
Marrakesh,9
Montreuil,9
Metz,9
Amiens,9
Lubumbashi,8
Cotonou,8
Saint-Denis,8
Plaisance-du-Touch,8
Orléans,8
La Fère,8
Clermont-Ferrand,8
Boulogne-Billancourt,8
Port-au-Prince,8
Ouagadougou,7
Vénissieux,7
Valenciennes,7
Valence,7
Noisy-le-Grand,7
Nanterre,7
Caen,7
Lomé,6
Niamey,6
Ben Arous,6
Wädenswil,6
Frankfurt am Main,6
Villelaure,6
Salon-de-Provence,6
Rueil-Malmaison,6
Poitiers,6
L'Haÿ-les-Roses,6
Ivry-sur-Seine,6
Annecy,6
Toronto,6
Saint-Denis,5
Nouméa,5
Zürich,5
Vitry-sur-Seine,5
Versailles,5
Troyes,5
Sarcelles,5
Saint-Ouen,5
Saint-Jean-de-Védas,5
Reims,5
Pantin,5
Niort,5
Nîmes,5
Narbonne,5
Millery,5
Menton,5
Livry-Gargan,5
Enghien-les-Bains,5
Cergy,5
Cachan,5
Besançon,5
Bayonne,5
Aubenas,5
Antony,5
Papeete,5
Québec,5
N/A,4
Bobo-Dioulasso,4
Tizi Ouzou,4
Blida,4
Sale,4
Agadir,4
Frameries,4
Luxembourg,4
Voiron,4
Villeneuve,4
Valenton,4
Talence,4
Sèvres,4
Senlis,4
Roubaix,4
Romilly-sur-Seine,4
Rodez,4
Nogent-sur-Marne,4
Montrouge,4
Mérignac,4
Mantes-la-Jolie,4
Lens,4
Le Havre,4
Issy-les-Moulineaux,4
Guyancourt,4
Franconville,4
Ermont,4
Créteil,4
Colmar,4
Cheval-Blanc,4
Chambéry,4
Cenon,4
Béziers,4
Aulnay-sous-Bois,4
Archamps,4
Albert,4
Milan,4
N/A,3
Warsaw,3
Hanoi,3
Samarinda,3
Brazzaville,3
Nouakchott,3
Conakry,3
Bamako,3
Sousse,3
Ariana,3
Sétif,3
Chlef,3
Tangier,3
Rabat,3
Oujda-Angad,3
Meknès,3
Kenitra,3
Vevey,3
Gland,3
Biel/Bienne,3
Bern,3
Naaldwijk,3
Watermael-Boitsfort,3
Braine-l'Alleud,3
Antwerpen,3
Vincennes,3
Villemoisson-sur-Orge,3
Tours,3
Tournefeuille,3
Somain,3
Savigny-le-Temple,3
Sausheim,3
Saint-Nazaire,3
Saint-Laurent-du-Pont,3
Rosny-sous-Bois,3
Rians,3
Pessac,3
Perpignan,3
Palaiseau,3
Orly,3
Montigny-lès-Metz,3
Moirans,3
Malakoff,3
Lunéville,3
Levie,3
Les Mureaux,3
Le Rheu,3
Le Mans,3
La Seyne-sur-Mer,3
La Roche-sur-Yon,3
La Courneuve,3
Jouy-le-Moutier,3
Jacou,3
Hénin-Beaumont,3
Gujan-Mestras,3
Grignan,3
Gien,3
Fontenay-le-Fleury,3
Dunkerque,3
Décines-Charpieu,3
Cusset,3
Courbevoie,3
Cormeilles-en-Parisis,3
Colombes,3
Clermont,3
Claix,3
Cherbourg-Octeville,3
Chennevières-sur-Marne,3
Chasseneuil-du-Poitou,3
Champigny-sur-Marne,3
Castres,3
Carpentras,3
Calais,3
Bois-Colombes,3
Aubervilliers,3
Asnières-sur-Seine,3
Fort Liberté,3
Sherbrooke,3
Villeneuve-d'Ascq,3
Al Minyā,2
Samara,2
Istanbul,2
Saint-Leu,2
Les Avirons,2
New Delhi,2
Jamshedpur,2
Tarlac City,2
Nanchang,2
Guangzhou,2
Singapore,2
Ulan Bator,2
Matadi,2
Gemena,2
Abomey,2
Libreville,2
Tataouine,2
Sidi Bou Saïd,2
Sfax,2
El Fahs,2
Nabeul,2
Monastir,2
Hammamet,2
Reghaïa,2
Mostaganem,2
Abadla,2
Denia,2
Tétouan,2
Temara,2
Larache,2
Fès,2
Portsmouth,2
London,2
Enfield Town,2
Cambridge,2
Malleray,2
Jussy,2
Au,2
Amsterdam,2
Namur,2
Mol,2
Gembloux,2
Clavier,2
Charleroi,2
Athus,2
N/A,2
Hamburg,2
Yvrac,2
Vitrolles,2
Viry-Châtillon,2
Villiers-sur-Marne,2
Villepinte,2
Villejuif,2
Villefontaine,2
Vignols,2
Vierzon,2
N/A,2
Vauchelles-les-Quesnoy,2
Trappes,2
Toulon,2
Toul,2
Thésée,2
Suresnes,2
Souffelweyersheim,2
Savigny-sur-Orge,2
Saumur,2
Sassenage,2
Saint-Thibéry,2
Saint-Priest,2
Saint-Omer,2
Saint-Médard-en-Jalles,2
Saint-Martin-d'Hères,2
Saint-Julien-en-Genevois,2
Saint-Jean-en-Royans,2
Saint-Germain-lès-Arpajon,2
Saint-Étienne-du-Rouvray,2
Saint-Étienne,2
Saint-Estève,2
Sainte-Geneviève-des-Bois,2
Rungis,2
Rosheim,2
Pontoise,2
Ploufragan,2
Perthes,2
