name,unique_entrances,total_entrances,visit_duration
/3.13/tutorial/index.html,754,825,73
/3.13/using/windows.html,572,586,90
/3.13/,568,586,127
/3.13/tutorial/,263,271,84
/3.13/index.html,197,214,53
/3/,149,150,429
/3.13/whatsnew/3.13.html,100,103,127
/zh-cn/3.13/tutorial/index.html,99,109,144
/3.13/library/stdtypes.html,93,96,207
/3.13/library/functions.html,86,87,89
/3.13/tutorial/interpreter.html,83,86,146
/3.13/library/,74,74,66
/ja/3.13/tutorial/index.html,74,74,62
/zh-cn/3.13/library/idle.html,72,72,18
/3.13/tutorial/controlflow.html,60,68,118
/3.13/tutorial/appetite.html,53,60,88
/3.13/search.html,52,52,112
/3.13/tutorial/introduction.html,50,66,93
/3.13/library/index.html,49,53,238
/zh-cn/3.13/using/android.html,47,47,28
/3.13/library/idle.html,42,44,70
/dev/using/windows.html,41,41,601
/zh-cn/3.13/,40,42,198
/uk/3.13/library/idle.html,34,34,48
/es/3.13/tutorial/index.html,30,30,73
/3.13/library/tkinter.html,28,28,90
/uk/3.13/library/tkinter.html,28,28,20
/3.13/library/typing.html,27,28,1363
/ja/3.13/library/datetime.html,27,28,197
/uk/3.13/extending/extending.html,27,28,50
/3.13/library/datetime.html,26,28,89
/3.13/library/exceptions.html,23,23,893
/ja/3.13/library/re.html,23,23,123
/3.13/glossary.html,22,23,2567
/3.13/library/random.html,21,21,431
/3.13/library/turtle.html,21,22,976
/es/3.13/library/tkinter.html,21,23,2
/uk/3.13/tutorial/index.html,21,21,93
/3/library/idle.html,20,20,1539
/ja/3.13/library/functions.html,18,19,7
/zh-cn/3.13/tutorial/controlflow.html,17,19,160
/3.13/library/os.html,16,16,248
/3.13/reference/index.html,15,16,41
/3/library/index.html,15,15,1345
/3/library/tkinter.html,15,15,870
/3/using/windows.html,15,18,2838
/ja/3.13/library/enum.html,15,15,84
/zh-cn/3.13/library/index.html,15,15,21
/3.13/library/re.html,14,14,11
/3/search.html,14,14,853
/3/tutorial/datastructures.html,14,14,3023
/ko/3.13/tutorial/index.html,14,14,54
/3.13/tutorial/modules.html,13,14,187
/3.14/using/windows.html,13,13,612
/3/library/re.html,13,13,2677
/3/library/stdtypes.html,13,13,2195
/3/tutorial/index.html,13,13,2226
/es/3.13/tutorial/datastructures.html,13,14,195
/zh-cn/3.13/tutorial/datastructures.html,13,13,8
/3.13/download.html,12,13,561
/3.13/library/argparse.html,12,13,529
/3.13/library/logging.html,12,13,1074
/3.13/library/pathlib.html,12,12,870
/ja/3.13/library/subprocess.html,12,13,0
/ja/3.13/tutorial/controlflow.html,12,15,222
/zh-cn/3.13/library/turtle.html,12,13,57
/3.13/tutorial/errors.html,11,13,53
/3.14/whatsnew/3.14.html,11,11,1023
/3/howto/sorting.html,11,11,4159
/3/library/datetime.html,11,11,3412
/3/library/functions.html,11,11,2448
/3/library/pathlib.html,11,11,5347
/3/library/random.html,11,11,3384
/3/library/venv.html,11,11,6099
/es/3.13/library/functions.html,11,11,0
/ja/3.13/library/multiprocessing.html,11,12,174
/zh-cn/3.13/library/functions.html,11,11,54
/3.13/installing/index.html,10,11,27
/3.13/library/math.html,10,10,363
/3.13/library/string.html,10,11,94
/3.13/library/sys.html,10,11,49
/3.13/tutorial/classes.html,10,10,5
/fr/3.13/reference/import.html,10,10,2
/fr/3.13/tutorial/errors.html,10,10,108
/ja/3.13/,10,10,50
/ja/3.13/library/index.html,10,10,346
/ja/3.13/tutorial/inputoutput.html,10,11,0
/ko/3.13/installing/index.html,10,10,91
/uk/3.13/installing/index.html,10,10,404
/uk/3.13/library/turtle.html,10,10,84
/zh-cn/3.13/library/stdtypes.html,10,10,303
/zh-cn/3.13/tutorial/interpreter.html,10,10,22
/zh-cn/3.13/using/index.html,10,10,3
/3.13/library/io.html,9,9,401
/3.14/,9,9,363
/3/installing/index.html,9,9,5061
/3/library/sqlite3.html,9,9,3052
/3/tutorial/controlflow.html,9,9,3515
/3/tutorial/inputoutput.html,9,9,3826
/es/3.13/tutorial/interpreter.html,9,9,7
/es/3.13/tutorial/introduction.html,9,9,95
/ja/3.13/library/concurrent.futures.html,9,9,14
/ja/3.13/library/pathlib.html,9,10,11
/ja/3.13/library/string.html,9,9,6
/ja/3.13/library/tkinter.html,9,9,4
/ja/3.13/tutorial/,9,9,110
/zh-cn/3.13/installing/index.html,9,9,24
/zh-cn/3.13/using/ios.html,9,9,21
/zh-cn/3.13/using/windows.html,9,11,31
/3.13/library/json.html,8,8,921
/3.13/py-modindex.html,8,8,27
/3.13/reference/expressions.html,8,9,51
/3.13/tutorial/datastructures.html,8,8,413
/3/download.html,8,8,450
/3/tutorial/classes.html,8,8,5805
/3/whatsnew/3.14.html,8,8,3721
/fr/3.13/using/windows.html,8,9,1
/ja/3.13/howto/sorting.html,8,8,180
/ja/3.13/library/stdtypes.html,8,8,104
/ja/3.13/tutorial/interpreter.html,8,8,50
/pt-br/3.13/tutorial/index.html,8,9,115
/uk/3.13/tutorial/introduction.html,8,8,97
/zh-cn/3.13/index.html,8,9,81
/zh-cn/3.13/tutorial/introduction.html,8,8,586
/3.13/contents.html,7,7,105
/3.13/howto/argparse.html,7,8,691
/3.13/library/csv.html,7,7,1380
/3.13/library/os.path.html,7,7,0
/3.13/library/socket.html,7,7,258
/3.13/library/urllib.request.html,7,8,4249
/3.13/reference/datamodel.html,7,7,1502
/3.13/tutorial/inputoutput.html,7,10,296
/3/c-api/memory.html,7,7,5066
/3/library/json.html,7,7,2506
/3/library/subprocess.html,7,7,4513
/3/library/time.html,7,7,5610
/3/library/turtle.html,7,7,3474
/3/library/typing.html,7,7,2922
/3/tutorial/modules.html,7,7,4065
/es/3.13/library/index.html,7,8,205
/es/3.13/library/stdtypes.html,7,7,4
/fr/3.13/library/datetime.html,7,7,26
/fr/3.13/library/turtle.html,7,8,209
/fr/3.13/tutorial/,7,7,393
/fr/3.13/tutorial/classes.html,7,7,0
/it/3.13/tutorial/index.html,7,7,305
/ja/3.13/library/csv.html,7,7,0
/ja/3.13/library/dataclasses.html,7,7,264
/ja/3.13/library/logging.html,7,8,15
/ja/3.13/library/queue.html,7,7,742
/ja/3.13/library/uuid.html,7,7,174
/ja/3.13/search.html,7,9,95
/pt-br/3.13/,7,9,421
/uk/3.13/library/venv.html,7,7,0
/zh-cn/3.13/search.html,7,7,36
/zh-cn/3.13/tutorial/appetite.html,7,7,44
/zh-cn/3/,7,7,310
/3.12/,6,6,1179
/3.13/library/abc.html,6,6,816
/3.13/library/calendar.html,6,6,2452
/3.13/library/enum.html,6,6,788
/3.13/library/functools.html,6,6,1250
/3.13/library/queue.html,6,6,530
/3.13/library/tkinter.ttk.html,6,6,253
/3.13/tutorial/appendix.html,6,6,56
/3.13/using/mac.html,6,6,10
/3.14/tutorial/index.html,6,6,366
/3/contents.html,6,6,738
/3/library/argparse.html,6,6,5037
/3/library/asyncio-task.html,6,6,2012
/3/library/dataclasses.html,6,6,1341
/3/library/math.html,6,6,5091
/3/library/os.html,6,6,4718
/3/library/socket.html,6,6,2434
/3/library/threading.html,6,6,3805
/3/reference/expressions.html,6,6,3762
/3/tutorial/errors.html,6,6,4961
/3/tutorial/venv.html,6,6,5675
/es/3.13/tutorial/classes.html,6,7,0
/es/3.13/tutorial/controlflow.html,6,6,0
/fr/3.13/faq/windows.html,6,6,231
/fr/3.13/library/math.html,6,6,0
/fr/3.13/library/stdtypes.html,6,6,156
/ja/3.13/glossary.html,6,6,317
/ja/3.13/library/random.html,6,6,4
/ja/3.13/library/venv.html,6,7,0
/ja/3.13/tutorial/appetite.html,6,6,86
/ja/3/tutorial/,6,6,131
/ko/3.12/reference/datamodel.html,6,6,3522
/uk/3.13/library/math.html,6,6,276
/zh-cn/3.13/tutorial/,6,6,228
/zh-cn/3.13/tutorial/classes.html,6,6,7
/zh-cn/3.14/,6,7,839
/3.13/library/collections.html,5,5,4445
/3.13/library/dataclasses.html,5,5,882
/3.13/library/itertools.html,5,5,140
/3.13/library/multiprocessing.html,5,5,1246
/3.13/library/pdb.html,5,5,1409
/3.13/library/pickle.html,5,6,530
/3.13/library/sqlite3.html,5,5,84
/3.13/library/subprocess.html,5,5,0
/3.13/library/types.html,5,5,747
/3.13/library/unittest.html,5,7,226
/3.13/reference/lexical_analysis.html,5,5,1343
/3.13/using/index.html,5,5,4
/3.14/reference/datamodel.html,5,5,4325
/3/faq/windows.html,5,5,3951
/3/howto/enum.html,5,5,4789
/3/howto/functional.html,5,5,4848
/3/library/asyncio-eventloop.html,5,5,7890
/3/library/asyncio-future.html,5,5,6127
/3/library/concurrent.futures.html,5,5,187
/3/library/exceptions.html,5,5,2631
/3/library/glob.html,5,5,2874
/3/library/itertools.html,5,5,2603
/3/library/string.html,5,5,5194
/3/library/struct.html,5,5,6105
/3/library/sys.html,5,5,4227
/3/reference/import.html,5,6,7909
/3/tutorial/interpreter.html,5,5,2369
/3/tutorial/introduction.html,5,5,1261
/es/3.13/installing/,5,5,397
/es/3.13/search.html,5,5,7
/es/3.13/tutorial/appetite.html,5,11,0
/es/3.13/tutorial/venv.html,5,6,0
/fr/3.13/library/functions.html,5,6,38
/fr/3.13/tutorial/index.html,5,5,5
/fr/3.13/using/unix.html,5,5,1
/ja/3.13/library/contextlib.html,5,5,633
/ja/3.13/library/math.html,5,5,0
/ja/3.13/library/os.html,5,5,441
/ja/3.13/library/shutil.html,5,5,0
/ja/3.13/reference/expressions.html,5,5,154
/ja/3.13/tutorial/classes.html,5,5,55
/ja/3.13/tutorial/errors.html,5,5,0
/ja/3/library/functions.html,5,5,671
/ko/3.13/library/math.html,5,5,133
/ko/3.13/tutorial/errors.html,5,5,82
/ko/3.13/tutorial/interpreter.html,5,5,20
/pt-br/3.13/library/tkinter.html,5,6,0
/uk/3.13/library/datetime.html,5,5,0
/uk/3.13/tutorial/classes.html,5,5,385
/zh-cn/3.13/download.html,5,5,89
/zh-cn/3.13/glossary.html,5,6,138
/zh-cn/3.13/tutorial/errors.html,5,5,40
/zh-cn/3.13/whatsnew/changelog.html,5,5,0
/zh-tw/3.13/tutorial/index.html,5,6,0
/3.12/using/windows.html,4,4,1645
/3.13/c-api/sys.html,4,4,2039
/3.13/c-api/typeobj.html,4,4,3400
/3.13/library/array.html,4,4,6
/3.13/library/collections.abc.html,4,4,1536
/3.13/library/concurrent.futures.html,4,4,3262
/3.13/library/decimal.html,4,5,708
/3.13/library/dis.html,4,4,641
/3.13/library/intro.html,4,4,85
/3.13/library/secrets.html,4,4,1284
/3.13/library/shutil.html,4,4,967
/3.13/library/statistics.html,4,4,2162
/3.13/library/sys.monitoring.html,4,4,2300
/3.13/reference/compound_stmts.html,4,4,1219
/3.13/tutorial/stdlib.html,4,4,24
/3.13/tutorial/venv.html,4,4,0
/3.13/using/cmdline.html,4,4,0
/3.13/whatsnew/index.html,4,5,1
/3.14/library/pickle.html,4,4,3891
/3.15/,4,4,75
/3/glossary.html,4,4,3087
/3/howto/regex.html,4,4,6368
/3/library/ast.html,4,4,6594
/3/library/asyncio-sync.html,4,4,6000
/3/library/asyncio.html,4,4,989
/3/library/cmdlinelibs.html,4,4,4320
/3/library/copy.html,4,4,5366
/3/library/multiprocessing.html,4,4,5464
/3/library/os.path.html,4,4,5855
/3/library/pdb.html,4,4,966
/3/library/pickle.html,4,4,1448
/3/library/unittest.html,4,5,3101
/3/library/urllib.parse.html,4,4,2334
/3/library/uuid.html,4,4,3009
/3/library/xml.etree.elementtree.html,4,4,6594
/3/py-modindex.html,4,4,4254
/3/reference/datamodel.html,4,4,3502
/3/whatsnew/2.6.html,4,4,2244
/3/whatsnew/3.13.html,4,4,138
/3/whatsnew/3.7.html,4,4,5905
/es/3.13/library/array.html,4,4,0
/es/3.13/library/subprocess.html,4,4,1151
/es/3.13/reference/index.html,4,4,16
/es/3.13/reference/introduction.html,4,4,0
/es/3.13/tutorial/errors.html,4,4,0
/fr/3.13/howto/sorting.html,4,4,0
/fr/3.13/library/abc.html,4,4,0
/fr/3.13/reference/index.html,4,4,0
/fr/3/library/typing.html,4,4,8280
/ja/3.13/index.html,4,4,1
/ja/3.13/library/difflib.html,4,5,9
/ja/3.13/library/http.server.html,4,4,0
/ja/3.13/library/io.html,4,4,0
