name,visitors,pageviews,bounce_rate,time_on_page,scroll_depth
/downloads/,229219,321063,66,37,26
/,152521,199722,51,37,43
/downloads/release/python-3137/,80360,95242,59,67,72
/downloads/windows/,74412,82695,68,60,12
/search/,11235,15733,41,22,55
/downloads/macos/,10183,12002,60,27,15
/about/gettingstarted/,10100,10775,59,29,60
/doc/,7462,9004,44,19,49
/psf-landing/,5741,6882,38,13,41
/downloads/release/python-3100/,4615,5058,70,31,75
/downloads/release/python-3110/,4596,4994,70,30,75
/downloads/source/,4480,4855,56,25,12
/downloads/release/python-31113/,4363,5305,36,31,81
/downloads/release/pymanager-250b15/,4274,3806,53,32,67
/about/,4136,4596,47,19,44
/downloads/release/python-3120/,4068,4477,60,51,73
/downloads/release/python-3135/,3801,3906,58,28,64
/downloads/release/python-3119/,3442,3600,76,34,79
/downloads/release/python-31211/,2982,3324,31,32,80
/jobs/,2874,3147,51,22,28
/community/,2720,2813,53,21,46
/downloads/release/python-31018/,2642,2956,36,30,81
/downloads/release/python-31210/,2518,2403,78,36,79
/downloads/android/,2445,3175,44,25,54
/downloads/release/python-31011/,2219,2290,75,34,79
/downloads/release/python-390/,2187,2341,71,37,71
/download/pre-releases/,2175,2215,33,12,70
/download/other/,1988,2093,47,23,66
/downloads/release/python-3136/,1907,1827,66,32,74
/downloads/release/python-3130/,1787,1881,61,29,66
/psf/grants/,1771,1804,100,34,29
/downloads/release/python-3140rc3/,1758,2712,47,28,53
/downloads/release/python-380/,1747,1817,72,39,69
/download/releases/,1722,1527,23,10,77
/downloads/release/python-3106/,1702,2163,74,34,80
/about/apps/,1691,1734,60,32,53
/downloads/release/python-370/,1203,1303,76,33,64
/downloads/release/python-3923/,1149,1223,32,35,79
/blogs/,1114,1193,61,20,57
/downloads/release/python-3810/,1101,1185,67,46,77
/shell/,1040,1218,70,58,38
/downloads/release/python-3820/,957,1039,37,48,78
/downloads/release/python-31112/,951,935,38,22,78
/downloads/release/python-3913/,891,931,70,38,76
/downloads/release/python-360/,864,899,87,39,67
/doc/versions/,861,917,68,17,27
/getit/,823,938,59,61,27
/downloads/release/python-3129/,752,708,76,29,78
/downloads/release/python-3133/,733,771,69,25,69
/downloads/release/python-3123/,726,770,65,30,73
/success-stories/,706,678,52,20,34
/downloads/release/python-3124/,686,730,60,32,71
/downloads/release/python-31017/,685,640,26,21,79
/downloads/release/python-31111/,662,649,34,22,78
/downloads/release/python-3128/,646,623,71,28,74
/downloads/release/python-2718/,603,633,78,33,73
/downloads/release/python-3127/,586,628,73,34,77
/downloads/release/python-3126/,556,607,68,46,77
/downloads/release/python-31012/,549,716,39,32,81
/downloads/release/python-31013/,548,665,35,28,79
/downloads/release/python-3132/,499,574,70,33,66
/downloads/release/python-31010/,463,457,73,25,78
/downloads/release/python-3922/,437,422,44,21,75
/downloads/release/python-31110/,433,458,30,29,78
/downloads/release/python-379/,430,474,68,40,74
/downloads/release/python-31016/,427,398,47,24,79
/downloads/release/python-3114/,423,438,63,28,72
/community/logos/,403,589,64,20,56
/psf/grants/faq/,381,381,100,11,18
/downloads/release/python-3118/,379,344,81,39,80
/downloads/release/python-3109/,378,383,74,37,77
/downloads/release/python-3717/,372,376,43,35,74
/downloads/release/python-3117/,368,394,69,33,77
/download,359,404,36,12,66
/about/help/,357,352,40,24,53
/accounts/login/,351,491,54,26,53
/downloads/release/python-3116/,331,340,75,40,79
/events/,329,320,71,42,31
/doc/av/,326,308,56,22,45
/downloads/release/python-31015/,325,327,33,20,78
/download/releases/2.7/,320,354,60,23,65
/downloads/release/python-377/,320,321,54,40,73
/downloads/release/python-3131/,318,364,72,36,74
/downloads/release/python-31014/,317,368,35,34,81
/downloads/release/python-3125/,312,315,61,28,75
/download/alternatives/,274,259,54,26,62
/downloads/release/python-3111/,274,283,77,32,80
/psf/donations/,271,254,56,14,45
/psf/membership/,269,292,35,15,62
/download/releases/3.0/,266,277,54,14,49
/downloads/release/python-3134/,266,237,65,26,75
/downloads/release/python-3115/,264,260,77,35,83
/downloads/release/python-3121/,258,258,69,30,74
/success-stories/category/education/,258,260,51,17,65
/about/quotes/,257,239,58,31,43
/downloads/release/python-368/,255,275,66,30,75
/downloads/release/python-3122/,251,253,68,46,76
/success-stories/category/business/,243,244,49,26,63
/downloads/release/python-3920/,234,219,33,26,75
/downloads/release/python-3921/,228,205,47,20,79
