name,visitors,bounce_rate,visit_duration
Direct / None,132151,59,124
Google,92997,57,106
chatgpt.com,25836,66,109
Bing,24606,58,118
Baidu,4273,54,143
Yandex,3335,60,94
Yahoo!,2550,59,119
GitHub,2519,70,89
Brave,2283,63,90
Youtube,1822,69,88
docs.python.org,1441,51,95
DuckDuckGo,998,54,97
360.cn,775,50,246
link.csdn.net,610,53,147
doubao.com,560,65,129
python.p2hp.com,505,63,143
copilot.microsoft.com,504,67,132
code.visualstudio.com,441,81,75
w3schools.com,411,50,104
Naver,384,41,139
link.zhihu.com,206,58,176
claude.ai,203,64,95
Coccoc,199,51,206
pip.pypa.io,196,54,81
Perplexity,172,65,107
packaging.python.org,155,41,159
Sogou,141,50,153
qiita.com,141,57,108
netacad.com,137,80,88
wiki.python.org,137,61,141
roadmap.sh,136,67,71
Reddit,128,68,54
blog.csdn.net,117,59,127
pytorch.org,113,64,222
quark.cn,89,46,249
Wikipedia,82,60,96
liaoxuefeng.com,82,74,104
peps.python.org,77,58,43
pypi.org,75,64,68
soroban.highreso.jp,73,84,93
yuanbao.tencent.com,69,48,169
udemy.com,68,70,158
Ecosia,65,69,65
learn.microsoft.com,63,56,77
python.jp,63,37,122
chat.baidu.com,61,48,187
ai.google.dev,59,64,47
blackbox.ai,57,70,16
online.itvarsity.org,54,63,93
Telegram,53,72,69
weel.co.jp,53,55,49
docs.qq.com,52,77,39
Facebook,51,76,34
geeksforgeeks.org,51,69,85
realpython.com,51,63,50
jianshu.com,50,76,30
runoob.com,47,76,138
scikit-learn.org,47,55,195
gall.dcinside.com,45,78,143
spotdl.readthedocs.io,45,54,125
courses.edx.org,44,78,65
pygame.org,44,55,152
docs.pingcode.com,42,26,222
dotiromoook.tistory.com,41,39,193
jetbrains.com,41,74,57
aisearch.sogou.com,40,51,223
lms.ev.org.br,40,70,187
sukkiri.jp,39,49,55
hydpy.org,38,67,58
openclassrooms.com,38,68,43
pythoncentral.io,38,58,36
esphome.io,37,73,41
romptn.com,37,84,116
discuss.python.org,36,58,192
Microsoft Teams,32,64,44
cnblogs.com,32,55,92
cs50.readthedocs.io,32,69,71
dzen.ru,32,75,107
pythonguis.com,32,62,176
Qwant,31,50,126
blog.naver.com,31,58,103
savanna.alxafrica.com,31,81,99
enlacesnintricks.blogspot.com,30,77,8
medium.com,30,55,40
poe.com,30,61,89
instaloader.github.io,29,69,108
devguide.python.org,28,52,101
docs.espressif.com,28,90,3
rivery.io,28,41,135
tongyi.com,28,64,147
ursinaengine.org,27,59,50
amuletmc.com,26,58,42
docs.platformio.org,26,69,9
ntp.msn.cn,26,56,53
source.android.com,26,46,35
chat.qwen.ai,25,50,337
datacamp.com,25,58,145
gradio.app,25,76,14
yuque.com,25,48,213
m.so.com,24,58,29
yutu.cn,24,46,244
automatetheboringstuff.com,23,46,64
randomnerdtutorials.com,23,87,104
sky.pro,23,46,74
edube.org,22,78,52
kdnuggets.com,22,57,111
online-python.com,22,55,96
python.org.br,22,45,145
ithelp.ithome.com.tw,21,67,53
py4e.com,21,81,15
Twitter,20,50,59
blog.pyq.jp,20,20,64
cloud.tencent.com,20,71,133
cryptorank.io,20,75,23
freedidi.com,20,71,98
wikiwiki.jp,20,52,144
Instagram,19,42,312
LinkedIn,19,95,1
lmarena.ai,19,53,239
docs.reportlab.com,18,72,34
myclassroom.apus.edu,18,44,239
pythongeeks.org,18,44,105
wikidocs.net,18,44,153
javadrive.jp,17,35,93
nexusmods.com,17,71,132
space.coze.cn,17,65,156
w3school.com.cn,17,47,84
Mail.ru,16,44,155
Vkontakte,16,56,367
codecademy.com,16,75,6
courses.etrain.skillsnetwork.site,16,94,65
cursos.alura.com.br,16,88,13
docs.telethon.dev,16,62,167
freecodecamp.org,16,56,28
sd23.knowledgeinfoplanet.com,16,25,43
tensorflow.org,16,56,205
4pda.to,15,80,5
legacy.python.org,15,67,240
mooc.fi,15,88,4
namu.wiki,15,33,195
natechcel.blogspot.com,15,100,0
sysnettechsolutions.com,15,87,48
unknowncheats.me,15,93,14
127.0.0.1,14,100,0
blast.hk,14,82,50
edu.sirius.online,14,64,20
n.cn,14,57,159
theforage.com,14,87,59
unt.instructure.com,14,93,2
Daum,13,54,204
auto-editor.com,13,77,11
btcrecover.readthedocs.io,13,86,6
forchangesz.feishu.cn,13,62,33
internet-start.net,13,50,174
s3.eu-west-1.amazonaws.com,13,69,47
Gmail,12,85,24
drive2.ru,12,42,234
droidwin.com,12,83,131
edu.mipt.ru,12,8,198
hackernoon.com,12,77,90
kaiwu-sdk-docs.qboson.com,12,67,494
link.juejin.cn,12,75,9
m.blog.naver.com,12,75,13
miralab.co.jp,12,100,0
pcschool.com.tw,12,42,243
pythonjobshq.com,12,38,79
pythononlinecompiler.ru,12,83,27
ai-kenkyujo.com,11,36,135
hovatek.com,11,64,33
it-connect.fr,11,91,10
metanit.com,11,75,18
olympus.mygreatlearning.com,11,58,193
patreon.com,11,64,64
pythoninsider.blogspot.com,11,64,56
spia-net.com,11,27,235
teletype.in,11,100,0
tutorialspoint.com,11,82,13
yyoossk.blogspot.com,11,91,6
blog.python.org,10,60,37
digitalocean.com,10,60,64
memetool.x10.mx,10,60,21
pagekite.net,10,50,156
programiz.com,10,90,6
wenxiaobai.com,10,80,517
blog.data101.io,9,56,165
c.biancheng.net,9,78,29
chat.mistral.ai,9,56,213
gamebanana.com,9,67,56
mql5.com,9,56,40
skillbox.ru,9,67,162
strayer.ucertify.com,9,44,102
unogeeks.com,9,44,50
vocus.cc,9,89,2
yr7ywq.smartapps.baidu.com,9,56,244
Shenma,8,75,4
csc.edu.vn,8,62,6
developer.mozilla.org,8,62,57
docs.opendronemap.org,8,75,5
docs.streamlit.io,8,88,4
gammasoft.jp,8,75,285
orange-cyberdefense.github.io,8,75,114
postype.com,8,88,63
pythontest.com,8,38,130
sider.ai,8,56,92
virtualenv.pypa.io,8,62,33
app.aluracursos.com,7,86,1
bugs.python.org,7,86,68
cgohlke.com,7,71,62
chat.chatbot.app,7,71,60
chunyeung.medium.com,7,29,533
codelv.com,7,71,54
codeup.kr,7,86,1
dataquest.io,7,86,43
docs.edgeimpulse.com,7,50,60
docs.godotengine.org,7,71,30
dtf.ru,7,86,172
learn.kodland.org,7,62,56
learn.online-python.com,7,29,15
lms.skillfactory.ru,7,43,136
maktabkhooneh.org,7,57,70
newsuk1.com,7,57,226
odoo.com,7,71,54
orangeapple.co,7,62,64
ref.gamer.com.tw,7,50,65
search.gaming-house.net,7,43,15
spotdl.github.io,7,57,28
student.timedooracademy.com,7,43,76
tryhackme.com,7,75,1
tukorea.nextkong.salt-test.com,7,75,67
tutorial.djangogirls.org,7,38,347
wemos.cc,7,100,0
worthytutors.com,7,71,403
azdom.de,6,71,5
badcaps.net,6,67,9
blog.faradars.org,6,50,80
bot.n.cn,6,57,38
campus.talentotechoriente.com,6,67,1
canlidovizfiyatlari.com,6,67,22
canva.com,6,100,0
developer.honor.com,6,50,70
discuss.eroscripts.com,6,100,0
doc.courtbouillon.org,6,83,3
dosparaplus.com,6,67,53
downloads.python.org,6,33,676
examjila.com,6,29,24
frida.re,6,50,59
fsf.org,6,17,32
gbatemp.net,6,67,114
howtogeek.com,6,67,2
image-line.com,6,67,128
jb51.net,6,83,125
kivy.org,6,83,4
kkaneko.jp,6,50,54
music21.org,6,50,88
obsproject.com,6,50,226
pandas.pydata.org,6,50,150
prtn-life.com,6,17,18
pyfound.blogspot.com,6,50,124
pymacrorecord.com,6,67,242
pythonworld.ru,6,50,27
rapidseedbox.com,6,67,13
starter-guide.od.pythonic-exam.com,6,88,19
techacademy.jp,6,33,100
Hacker News,5,100,0
StackOverflow,5,60,47
app.outlier.ai,5,60,65
app.whiterabbitneo.com,5,60,168
aranzulla.it,5,80,200
asreview.nl,5,100,0
brian0111.com,5,60,21
cainiaojc.com,5,60,61
chat.chaton.ai,5,40,261
community.octoprint.org,5,60,123
developer.aliyun.com,5,40,497
diveintopython.org,5,40,136
docs.astronvim.com,5,100,0
docs.python-guide.org,5,60,12
docstring.fr,5,80,17
event.webinarjam.com,5,80,1
futurelearn.com,5,60,79
gannonr.com,5,100,0
grok.com,5,40,123
harmash.com,5,20,223
itnetwork.cz,5,60,136
itproger.com,5,0,374
lpu.tutorialspoint.com,5,60,5
notebooks.githubusercontent.com,5,80,12
redis.io,5,100,0
sd29.knowledgeinfoplanet.com,5,0,57
session.vedantu.com,5,60,442
spectrum20.tistory.com,5,60,9
stablediffusiontutorials.com,5,60,146
talentocun.tech,5,50,40
timeweb.cloud,5,20,102
xdaforums.com,5,60,121
zalo,5,80,1
zulko.github.io,5,40,77
Django_Newsletter_293,4,80,20
a-wakeseeker.com,4,75,1
aiinsights.tistory.com,4,75,160
