name,unique_exits,total_exits,exit_rate
/zh-cn/3/tutorial/index.html,276,287,
/zh-cn/3/,250,271,
/zh-cn/3.13/tutorial/index.html,222,229,
/zh-cn/3.13/,131,131,
/zh-cn/3/library/index.html,124,128,
/zh-cn/3.13/library/index.html,99,105,
/zh-cn/3/library/turtle.html,85,88,
/zh-cn/3.13/tutorial/controlflow.html,76,79,
/zh-cn/3.14/whatsnew/3.14.html,76,77,
/zh-cn/3/tutorial/controlflow.html,76,78,
/zh-cn/3/library/functions.html,71,73,
/zh-cn/3/tutorial/interpreter.html,64,68,
/zh-cn/3.13/tutorial/introduction.html,62,65,
/zh-cn/3/tutorial/introduction.html,60,63,
/3/,58,58,
/zh-cn/3.13/library/functions.html,58,60,
/zh-cn/3/library/stdtypes.html,55,61,
/zh-cn/3.13/tutorial/interpreter.html,53,56,
/zh-cn/3.13/using/index.html,48,48,
/zh-cn/3/library/math.html,48,50,
/zh-cn/3.13/library/stdtypes.html,44,51,
/zh-cn/3/tutorial/,43,43,
/zh-cn/3/tutorial/classes.html,42,44,
/zh-cn/3.13/using/mac.html,41,41,
/zh-cn/3/tutorial/appetite.html,40,40,
/zh-cn/3/library/idle.html,39,39,
/zh-cn/3/tutorial/inputoutput.html,39,41,
/zh-cn/3.13/tutorial/datastructures.html,38,39,
/zh-cn/3.13/using/windows.html,38,38,
/zh-cn/3/library/,38,42,
/zh-cn/3.13/download.html,37,39,
/zh-cn/3.13/index.html,37,38,
/zh-cn/3.13/installing/index.html,37,37,
/zh-cn/3.13/library/venv.html,35,35,
/zh-cn/3/reference/index.html,35,37,
/zh-cn/3/tutorial/datastructures.html,35,38,
/zh-cn/3.13/search.html,33,33,
/zh-cn/3.13/using/android.html,32,32,
/zh-cn/3.13/tutorial/classes.html,30,32,
/zh-cn/3.13/tutorial/,29,29,
/zh-cn/3.13/tutorial/appetite.html,29,29,
/zh-cn/3/search.html,29,30,
/zh-cn/3/installing/index.html,28,28,
/zh-cn/3/library/tkinter.html,27,27,
/zh-cn/3/using/windows.html,27,27,
/zh-cn/3.13/using/,26,26,
/zh-cn/3/index.html,26,26,
/zh-cn/3.12/using/mac.html,25,25,
/zh-cn/3.13/tutorial/venv.html,25,26,
/zh-cn/3.13/using/cmdline.html,25,25,
/zh-cn/3/download.html,25,25,
/zh-cn/3.13/library/tkinter.html,24,26,
/zh-cn/3/tutorial/modules.html,23,23,
/zh-cn/3.12/library/functions.html,22,21,
/zh-cn/3.13/glossary.html,22,21,
/zh-cn/3.13/tutorial/inputoutput.html,22,23,
/zh-cn/3.13/whatsnew/3.13.html,22,22,
/zh-cn/3/glossary.html,22,23,
/zh-cn/3/library/asyncio-task.html,22,22,
/zh-cn/3/library/re.html,22,23,
/zh-cn/3.13/reference/index.html,21,21,
/zh-cn/3/using/index.html,21,23,
/zh-cn/3/library/os.html,20,20,
/zh-cn/3.13/library/turtle.html,19,19,
/zh-cn/3/library/argparse.html,19,22,
/zh-cn/3.13/contents.html,18,18,
/zh-cn/3/contents.html,18,18,
/zh-cn/3/library/multiprocessing.html,18,18,
/zh-cn/3/library/venv.html,18,22,
/zh-cn/3.12/tutorial/index.html,17,17,
/zh-cn/3.13/library/typing.html,17,17,
/zh-cn/3/library/subprocess.html,17,17,
/zh-cn/3/library/tk.html,17,17,
/zh-cn/3/reference/datamodel.html,17,17,
/zh-cn/3/reference/lexical_analysis.html,17,17,
/zh-cn/3/using/mac.html,17,17,
/zh-cn/3.12/,16,17,
/zh-cn/3.13/library/string.html,16,16,
/zh-cn/3/library/struct.html,16,16,
/zh-cn/3.13/reference/datamodel.html,15,15,
/zh-cn/3/library/threading.html,15,15,
/zh-cn/3/using/,15,15,
/zh-cn/3.13/reference/compound_stmts.html,14,13,
/zh-cn/3.15/,14,14,
/zh-cn/3/installing/,14,14,
/zh-cn/3/library/typing.html,14,14,
/zh-cn/3/library/unittest.html,14,15,
/zh-cn/3.12/library/index.html,13,13,
/zh-cn/3.13/library/collections.html,13,15,
/zh-cn/3.13/library/math.html,13,13,
/zh-cn/3.13/tutorial/modules.html,13,14,
/zh-cn/3/tutorial/stdlib.html,13,16,
/zh-cn/3.12/search.html,12,12,
/zh-cn/3.13/library/asyncio-task.html,12,12,
/zh-cn/3.13/library/multiprocessing.html,12,13,
/zh-cn/3.13/library/pdb.html,12,13,
/zh-cn/3.13/library/re.html,12,12,
/zh-cn/3.13/py-modindex.html,12,11,
/zh-cn/3/library/shutil.html,12,12,
/zh-cn/3/using/cmdline.html,12,12,
