name,visitors
Tokyo,136
California,126
England,116
Moscow,84
Guangdong,70
Texas,58
Virginia,56
Île-de-France,55
Maharashtra,54
Shanghai,53
Beijing,50
New York,50
Bavaria,49
Hesse,47
Chongqing,41
Karnataka,41
Seoul,36
Taipei,35
Ontario,34
Jiangsu,34
Baden-Württemberg,34
North Rhine-Westphalia,34
Osaka,34
Ho Chi Minh City,34
Tamil Nadu,32
Georgia,32
Massachusetts,31
Delhi,30
Illinois,29
São Paulo,28
Telangāna,28
Mazovia,28
Quebec,27
Berlin,25
Gyeonggi,25
Tel Aviv,24
Kyiv,24
Hanoi,24
North Holland,23
Shaanxi,22
Washington,20
Zürich,19
Madrid Autonomous Community,19
Uttar Pradesh,19
Vienna,17
South Holland,16
Zhejiang,15
Capital District,15
Lower Saxony,14
Catalonia,14
Kanagawa,14
New Jersey,14
Ohio,14
Oregon,14
Utah,14
Victoria,13
Sichuan,13
Prague,13
Provence-Alpes-Côte-d'Azur,13
Kerala,13
Lombardy,13
Stockholm,13
Alabama,13
Florida,13
Alberta,12
Hamburg,12
Auvergne-Rhône-Alpes,12
Pays-de-la-Loire,12
Saitama,12
Islamabad,11
Arizona,11
Flanders,10
Minas Gerais,10
Santiago Metropolitan,10
Hubei,10
Shandong,10
Addis Ababa,10
Grand-Est,10
Attica,10
Kwai Tsing New Territories,10
Saint Petersburg,10
Bangkok,10
Colorado,10
Maryland,10
Pennsylvania,10
New South Wales,9
Rio de Janeiro,9
British Columbia,9
Saxony,9
Uusimaa,9
Budapest,9
Jakarta,9
Leinster,9
Gujarat,9
West Bengal,9
Ciudad de Mexico,9
Punjab,9
Pomerania,9
New Taipei,9
Connecticut,9
Buenos Aires Province,8
Gansu,8
Tianjin,8
Capital Region,8
Nouvelle-Aquitaine,8
Madhya Pradesh,8
Lvivshchyna,8
North Carolina,8
Tashkent,8
Brussels,7
Yunnan,7
Andalusia,7
Brittany,7
Hauts-de-France,7
Central,7
Emilia-Romagna,7
Kuala Lumpur,7
Lima,7
Lesser Poland,7
Beograd,7
Nizhny Novgorod,7
Sverdlovsk,7
Tunis,7
Michigan,7
Wallonia,6
Santa Catarina,6
Minsk,6
Centre,6
Henan,6
Cairo,6
Galicia,6
Andhra Pradesh,6
Rajasthan,6
Veneto,6
Bishkek,6
Astana,6
Lagos,6
Utrecht,6
Oslo,6
Łódź,6
Silesia,6
Greater Poland,6
Chelyabinsk,6
Makkah,6
Indiana,6
Minnesota,6
Wisconsin,6
Capital,6
Thái Nguyên,6
Centre,5
Paraná,5
Aargau,5
Bern,5
Fujian,5
Hunan,5
Santander,5
Lazio,5
Almaty City,5
Western,5
Vilnius County,5
Metro Manila,5
Lower Silesia,5
Kuyavia-Pomerania,5
Krasnodar Krai,5
Moscow Province,5
Tatarstan,5
Udmurt,5
Songkhla,5
Istanbul,5
Dnipropetrovshchyna,5
Iowa,5
South Carolina,5
Tennessee,5
Santa Fe,4
Dhaka Division,4
Sofia,4
Rio Grande do Sul,4
Hebei,4
Antioquia,4
Brandenburg,4
Bremen,4
Rhineland-Palatinate,4
Pichincha,4
Centre-Val de Loire,4
Occitanie,4
Wales,4
Haryana,4
Aichi,4
Kyoto,4
Fukuoka,4
Nairobi County,4
Busan,4
Daejeon,4
Mexico State,4
Flevoland,4
Lisbon,4
Irkutsk,4
Tyumen,4
Bratislava,4
Hsinchu,4
Kaohsiung,4
Taoyuan,4
Taichung,4
Kyivshchyna,4
Missouri,4
Montana,4
Quảng Ngãi,4
Khánh Hòa,4
Đồng Nai,4
Haiphong,4
Queensland,3
South Australia,3
Ceará,3
Maranhão,3
Basel-Stadt,3
Geneva,3
Abidjan,3
Coquimbo,3
Anhui,3
Risaralda,3
Saxony-Anhalt,3
Southern Denmark,3
Oran,3
Asturias,3
Extremadura,3
Valencian Community,3
Scotland,3
Kowloon City Kowloon,3
West Java,3
Bihar,3
Umbria,3
Campania,3
Amman,3
Gifu,3
Okayama,3
Jalisco,3
Gelderland,3
Trøndelag,3
Province 1,3
Panamá,3
Arequipa,3
Bucharest,3
Altai Krai,3
Bashkortostan,3
Dagestan,3
Kaluga,3
Perm Krai,3
Tula,3
Uppsala,3
Östergötland,3
Västra Götaland,3
Ljubljana,3
Ankara,3
Izmir,3
Washington DC,3
Kansas,3
Montevideo,3
Gauteng,3
Dubai,2
Corrientes,2
Lower Austria,2
Australian Capital Territory,2
Tasmania,2
Saint Michael,2
Alibori,2
La Paz,2
Amazonas,2
Mato Grosso,2
Manitoba,2
New Brunswick,2
Fribourg,2
Solothurn,2
Vaud,2
Jiangxi,2
Liaoning,2
Cauca,2
Meta,2
Sucre,2
Schleswig-Holstein,2
Thuringia,2
Northern Denmark,2
Algiers,2
Guayas,2
Läänemaa,2
Castile-La Mancha,2
Navarra Chartered Community,2
Ionian Islands,2
Wan Chai Hong Kong Island,2
Yau Tsim Mong Kowloon,2
Sha Tin New Territories,2
Zagreb,2
Heves,2
West Kalimantan,2
West Nusa Tenggara,2
Haifa,2
Chhattīsgarh,2
Chandigarh,2
Himachal Pradesh,2
Odisha,2
Punjab,2
