name,visitors
United States,2018
India,1012
China,664
Germany,453
Russian Federation,405
Brazil,351
United Kingdom,347
France,282
Japan,278
Canada,268
Australia,204
Hong Kong,182
Poland,176
Italy,172
Spain,167
Netherlands,157
Indonesia,151
Turkey,148
Mexico,137
Singapore,137
Philippines,110
Vietnam,109
South Korea,106
Iran,105
Ukraine,105
Sweden,102
Pakistan,98
Taiwan,95
Thailand,88
Colombia,85
Egypt,83
Switzerland,76
Saudi Arabia,75
Belgium,71
Israel,71
Bangladesh,68
Nigeria,68
Argentina,55
South Africa,55
Romania,48
Czechia,45
Morocco,45
Malaysia,45
Algeria,43
Hungary,42
Portugal,42
Peru,41
Chile,39
Finland,38
Austria,37
United Arab Emirates,36
Norway,36
Ireland,33
Tunisia,33
Kazakhstan,28
Yemen,28
Greece,27
Sri Lanka,26
Uzbekistan,25
Jordan,23
New Zealand,22
Denmark,21
Iraq,21
Kenya,21
Ethiopia,20
Ghana,19
Bulgaria,18
Belarus,18
Nepal,18
Georgia,16
Lithuania,15
Cambodia,14
Slovakia,14
Guatemala,13
Lebanon,13
Serbia,13
Luxembourg,12
Latvia,12
Cameroon,11
Mozambique,11
Oman,11
Syria,11
Kuwait,10
Moldova,10
Tanzania,10
Libya,9
Togo,9
Armenia,8
Bolivia,8
Côte d'Ivoire,8
Cyprus,8
Estonia,8
Croatia,8
Madagascar,8
Uruguay,8
Venezuela,8
Angola,7
Cuba,7
Dominican Republic,7
Ecuador,7
Myanmar,7
El Salvador,7
Iceland,6
"Palestine, State of",6
Senegal,6
Costa Rica,5
North Macedonia,5
Panama,5
Qatar,5
Slovenia,5
Zimbabwe,5
Afghanistan,4
Azerbaijan,4
Bosnia and Herzegovina,4
"Congo, The Democratic Republic of the",4
Uganda,4
Albania,3
Brunei Darussalam,3
Mali,3
Macao,3
Mauritius,3
Maldives,3
Papua New Guinea,3
Puerto Rico,3
Paraguay,3
Réunion,3
Zambia,3
Bahrain,2
Benin,2
Botswana,2
Congo,2
Guadeloupe,2
Guyana,2
Haiti,2
Comoros,2
Liechtenstein,2
Mongolia,2
Rwanda,2
Sierra Leone,2
Somalia,2
Andorra,1
Burkina Faso,1
Djibouti,1
Dominica,1
Gabon,1
Montenegro,1
Martinique,1
Malta,1
Niger,1
Nicaragua,1
Seychelles,1
Sudan,1
Eswatini,1
Chad,1
Tajikistan,1
Turkmenistan,1
Kosovo,1
