name,visitors
Chrome,13376
Microsoft Edge,4205
Firefox,1831
Safari,1374
Yandex Browser,410
Opera,373
Mobile App,101
Quark,80
Samsung Browser,36
Smart Lenovo Browser,25
(not set),19
QQ Browser,19
SberBrowser,18
Whale Browser,18
UC Browser,16
Sogou Explorer,15
MIUI Browser,11
Huawei Browser Mobile,7
Brave,6
115 Browser,5
Avast Secure Browser,5
Mobile Silk,4
Ecosia,3
vivo Browser,3
AdBlock Browser,2
Chromium,2
Huawei Browser,2
Phoenix Browser,2
QtWebEngine,2
AVG Secure Browser,1
Atom,1
CCleaner,1
Hi Browser,1
Iron,1
Kindle Browser,1
NetFront,1
Pale Moon,1
