name,visitors
São Paulo,600
Rio de Janeiro,192
Minas Gerais,137
Rio Grande do Sul,114
Paraná,108
Federal District,93
Santa Catarina,93
Goiás,69
Ceará,54
Pernambuco,52
Bahia,43
Pará,41
Espírito Santo,40
Maranhão,31
Rio Grande do Norte,28
Amazonas,27
Piauí,26
Mato Grosso,25
Paraíba,23
Lisbon,23
Alagoas,19
Rondônia,17
Mato Grosso do Sul,12
Tocantins,9
Porto,9
Luanda,7
Sergipe,7
Iowa,6
Maputo,5
Roraima,4
Setúbal,4
Brussels,3
Guangdong,3
Jiangsu,3
Braga,3
Santarém,3
Acre,2
Amapá,2
Quebec,2
Vaud,2
Henan,2
Veracruz,2
Metro Manila,2
Aveiro,2
Faro,2
California,2
New York,2
Santa Fe,1
New South Wales,1
Kinshasa,1
Fujian,1
Shanxi,1
Antioquia,1
Hesse,1
Andalusia,1
Catalonia,1
Île-de-France,1
Occitanie,1
Southeast Sulawesi,1
Leinster,1
Leiria,1
Bucharest,1
Ljubljana,1
Florida,1
Illinois,1
