name,visitors
São Paulo,449
Rio de Janeiro,135
Minas Gerais,99
Bahia,76
Ceará,72
Pernambuco,56
Santa Catarina,55
Paraná,46
Federal District,45
Rio Grande do Sul,42
Pará,36
Amazonas,29
Paraíba,26
Maranhão,24
Goiás,23
Espírito Santo,18
Lisbon,18
Luanda,15
Mato Grosso do Sul,14
Rio Grande do Norte,12
Porto,12
Piauí,11
Sergipe,10
Mato Grosso,9
Setúbal,7
Alagoas,6
North Holland,6
Shandong,5
Beijing,4
Shanghai,3
Valencian Community,3
Maputo,3
Massachusetts,3
Uíge,2
Buenos Aires Province,2
Acre,2
Rondônia,2
Tocantins,2
Hubei,2
Praia,2
Baden-Württemberg,2
Grand-Est,2
England,2
Bissau,2
Kerala,2
Yamanashi,2
Shizuoka,2
Coimbra,2
Viseu,2
Moscow,2
Florida,2
Brussels,1
Roraima,1
Guangdong,1
Jiangsu,1
Jiangxi,1
Tianjin,1
Zhejiang,1
South Moravia,1
Brandenburg,1
North Rhine-Westphalia,1
North Brabant,1
Punjab,1
Braga,1
Castelo Branco,1
Faro,1
Santarém,1
Viana do Castelo,1
New York,1
Pennsylvania,1
Washington,1
Jizzakh,1
