name,visitors,bounce_rate,visit_duration
m.baidu.com,728,92,14
google.com,550,78,179
Direct / None,431,72,222
google.co.kr,24,71,148
python.org,17,0,282
bing.com,14,40,338
m.baidu.com/s,11,100,0
baidu.com,9,89,9
wikidocs.net,8,71,41
clien.net/service/board/kin/17320380,7,43,298
chatgpt.com,6,17,147
baidu.com/link,5,75,10
codeup.kr,4,50,8
gemini.google.com,3,67,3
namu.wiki,3,33,1550
velog.io,3,100,0
cjwoov.tistory.com/106,2,0,15
google.ca,2,0,242
m.baidu.com/from=1012852q/bd_page_type=1/ssid=0/uid=0/pu=usm%400%2Csz%401320_1004%2Cta%40iphone_2_14.0_11_19.4/baiduid=1BB68C02858527CFC5584315822BE9BD/w=0_10_/t=iphone/l=1/tc,2,50,386
m.baidu.com/from=1013966u/bd_page_type=1/ssid=0/uid=0/pu=sz%401320_1001%2Cta%40iphone_2_13.0_19_18.4%2Cusm%400/baiduid=C2556E1AC4644863053FB61B3DFE02B4/w=0_10_/t=iphone/l=1/tc,2,100,0
m.baidu.com/from=1019311a/bd_page_type=1/ssid=0/uid=0/pu=usm%400%2Csz%401320_1001%2Cta%40iphone_2__24_123.0/baiduid=8DD2CB4971DEA3B28D62CDC849E274B9/w=0_10_/t=iphone/l=1/tc,2,100,0
m.baidu.com/from=1019311v/bd_page_type=1/ssid=0/uid=0/pu=usm%400%2Csz%401320_1001%2Cta%40iphone_2_8.1_19_24.4/baiduid=3A2ED9C85B1C0BB5E24D3466168DABA6/w=0_10_/t=iphone/l=1/tc,2,50,243
m.baidu.com/from=1020712q/bd_page_type=1/ssid=0/uid=0/pu=cfrom%401026250u%2Ccuid%40jaHBag8C28YCiSfqg82JugOSvilVi2af_P-gagacB88-9LaT0I1eRVEmA%2Ccua%40_avLCgu72i4HywoUfpw1z4uQ2NY2aX8HoavjhGQHNqqqB%2Cctv%402%2Cusm%400%2Cvmgdb%400020100228y%2Csz%401320_480%2Cosname%40baiduboxapp%2Cwh%401%2Ccsrc%40app_mainbox_txt%2Cc3_aid%40A00-5GIIPFM7IKTRRIDZMVPBUSATZ5U6XVUW-JTGOD5F7%2Ccen%40cuid_cua_cut/baiduid=7BD31C657A59B52448414EEBF802BF6C/w=0_10_/t=zbios/l=1/tc,2,0,20
m.baidu.com/from=2001a/bd_page_type=1/ssid=0/uid=0/pu=usm%400%2Csz%401320_1003%2Cta%40iphone_2_15.0_1_17.5/baiduid=C92CDBA1BE46B8D187A74A3835858326/w=0_10_/t=iphone/l=1/tc,2,100,0
m.blog.naver.com,2,100,0
m.dcinside.com/board/programming/1501647,2,50,6
so.m.sm.cn/s,2,100,37
tpmtrack.elice.io,2,0,246
allthingsaboutour.tistory.com,1,0,3
allthingsaboutour.tistory.com/entry/%ED%8C%8C%EC%9D%B4%EC%8D%AC-%ED%84%B0%ED%8B%80-%EC%82%AC%EC%9A%A9%EB%B2%95-%EC%98%88%EC%A0%9C-%EC%B4%9D-%EC%A0%95%EB%A6%AC,1,100,0
blog.naver.com/PostView.naver,1,100,0
bom-b.tistory.com/2,1,100,0
cafe.naver.com/ca-fe/cafes/11957566/articles/80638,1,0,27
cjwoov.tistory.com,1,100,0
claude.ai,1,100,0
dongwooblog.tistory.com/175,1,0,69
ecampus.smu.ac.kr,1,100,0
generalbulldog.tistory.com/30,1,100,0
github.com/mooozi/useful-references-and-tutorials,1,100,0
kwonkai.tistory.com/49,1,0,46
lms.pknu.ac.kr,1,0,10
m.baidu.com/from=0/bd_page_type=1/ssid=0/uid=0/pu=sz%401320_1001%2Cta%40iphone_2_13.0_24_103.0%2Cusm%400/baiduid=6C7BAB734C57A54ECFDF8BF7C3C09C16/w=0_10_/t=iphone/l=1/tc,1,100,0
m.baidu.com/from=0/bd_page_type=1/ssid=0/uid=0/pu=usm%400%2Csz%401320_1004%2Cvmgdb%400020100228y/baiduid=451F5BB230EDE31804932C4111C92904/w=0_10_/t=zbios/l=1/tc,1,100,0
m.baidu.com/from=1000539d/bd_page_type=1/ssid=0/uid=0/pu=usm%400%2Csz%401320_2001%2Cta%40iphone_1_13.6_25_13.1/baiduid=1AA95BA0FE4856FDF4E07596E7AEDC91/w=0_10_/t=iphone/l=1/tc,1,100,0
m.baidu.com/from=1000687g/bd_page_type=1/ssid=0/uid=0/pu=cua%40_avLC_a72i46ywoUfpw1z4uQ2N_-aXiWoavjhGQHNqqqB%2Cvmgdb%400020100228y%2Ccsrc%40osts%2Ccuid%40g8vqi_8RHig2u2t1lu2Hil8CHu_1avfS_aHPf08av8isuv8C_u2Ii_uH-8_ca2t1A%2Ccen%40cuid_cua_cut%2Csz%401320_480%2Cosname%40baiduboxapp%2Cc3_aid%40A00-WYACPAYKVWEKM5Z75UPMRBFDM7UPG4Q7-UM537SDT%2Cctv%402%2Ccfrom%401026859v%2Cusm%400/baiduid=B4541D18B74869242CC6B53E9F074783/w=0_10_/t=zbios/l=1/tc,1,100,0
m.baidu.com/from=1001192y/bd_page_type=1/ssid=0/uid=0/pu=sz%401320_1001%2Cta%40iphone_2_10.0_28_16.0%2Cusm%400/baiduid=06B65BD450EB2E1AA579470707A3811A/w=0_10_/t=iphone/l=1/tc,1,100,0
m.baidu.com/from=1001192y/bd_page_type=1/ssid=0/uid=0/pu=sz%401320_1001%2Cta%40iphone_2_10.0_28_16.0%2Cusm%400/baiduid=21D0327E4CBF5FB219B9F53E3D2DCBB5/w=0_10_/t=iphone/l=1/tc,1,0,1
m.baidu.com/from=1001192y/bd_page_type=1/ssid=0/uid=0/pu=sz%401320_1001%2Cta%40iphone_2_10.0_28_16.0%2Cusm%400/baiduid=32AC9DE58FE68EE42D8F82AF7017FBDE/w=0_10_/t=iphone/l=1/tc,1,100,0
m.baidu.com/from=1001192y/bd_page_type=1/ssid=0/uid=0/pu=sz%401320_1001%2Cta%40iphone_2_10.0_28_16.0%2Cusm%400/baiduid=56E86FB3BE6F4866055CC41286C2762F/w=0_10_/t=iphone/l=1/tc,1,0,28
m.baidu.com/from=1001192y/bd_page_type=1/ssid=0/uid=0/pu=sz%401320_1001%2Cta%40iphone_2_10.0_28_16.0%2Cusm%400/baiduid=581502B7231222136DC43883FEA6BFE3/w=0_10_/t=iphone/l=1/tc,1,100,0
m.baidu.com/from=1001192y/bd_page_type=1/ssid=0/uid=0/pu=sz%401320_1001%2Cta%40iphone_2_10.0_28_16.0%2Cusm%400/baiduid=6B973A61F446627A31425E9777282115/w=0_10_/t=iphone/l=1/tc,1,100,0
m.baidu.com/from=1001192y/bd_page_type=1/ssid=0/uid=0/pu=sz%401320_1001%2Cta%40iphone_2_10.0_28_16.0%2Cusm%400/baiduid=A5D96321772C69B3A44C7178F1DB524A/w=0_10_/t=iphone/l=1/tc,1,50,17
m.baidu.com/from=1001192y/bd_page_type=1/ssid=0/uid=0/pu=sz%401320_1001%2Cta%40iphone_2_10.0_28_16.0%2Cusm%400/baiduid=AD441931523E89BA2973FA73069E6BB6/w=0_10_/t=iphone/l=1/tc,1,100,0
m.baidu.com/from=1001192y/bd_page_type=1/ssid=0/uid=0/pu=sz%401320_1001%2Cta%40iphone_2_10.0_28_16.0%2Cusm%400/baiduid=B265CB0F1179CBA2392C8A7DF9D14A1E/w=0_10_/t=iphone/l=1/tc,1,100,0
m.baidu.com/from=1001192y/bd_page_type=1/ssid=0/uid=0/pu=sz%401320_1001%2Cta%40iphone_2_10.0_28_16.0%2Cusm%400/baiduid=C82E4D643965DF06BA2876E7CE884B2F/w=0_10_/t=iphone/l=1/tc,1,100,0
m.baidu.com/from=1001192y/bd_page_type=1/ssid=0/uid=0/pu=sz%401320_1001%2Cta%40iphone_2_11.0_28_16.0%2Cusm%400/baiduid=5A1219A60388270911154BEC24E42709/w=0_10_/t=iphone/l=1/tc,1,100,0
m.baidu.com/from=1001192y/bd_page_type=1/ssid=0/uid=0/pu=sz%401320_1001%2Cta%40iphone_2_11.0_28_16.0%2Cusm%400/baiduid=A4ECBE237858688835BF46D9BA3B9BD8/w=0_10_/t=iphone/l=1/tc,1,100,0
m.baidu.com/from=1001192y/bd_page_type=1/ssid=0/uid=0/pu=sz%401320_1001%2Cta%40iphone_2_11.0_28_16.0%2Cusm%400/baiduid=DCEB83E027C881D69E11391054E9913D/w=0_10_/t=iphone/l=1/tc,1,100,0
m.baidu.com/from=1001192y/bd_page_type=1/ssid=0/uid=0/pu=sz%401320_1001%2Cta%40iphone_2_11.0_28_16.0%2Cusm%400/baiduid=E43CBF96815C9B6802F44186268B712C/w=0_10_/t=iphone/l=1/tc,1,0,4
m.baidu.com/from=1001192y/bd_page_type=1/ssid=0/uid=0/pu=sz%401320_1001%2Cta%40iphone_2_12.0_28_12.0%2Cusm%401/baiduid=6BADC92481B2420D63475FF73DBC84E9/w=0_10_/t=iphone/l=1/tc,1,100,0
m.baidu.com/from=1001192y/bd_page_type=1/ssid=0/uid=0/pu=sz%401320_1001%2Cta%40iphone_2_12.0_28_16.0%2Cusm%400/baiduid=21BC270B5988F2E86636B2C4F7AD9D45/w=0_10_/t=iphone/l=1/tc,1,100,0
m.baidu.com/from=1001192y/bd_page_type=1/ssid=0/uid=0/pu=sz%401320_1001%2Cta%40iphone_2_12.0_28_16.0%2Cusm%400/baiduid=45F6649A95523BB38F545C8867860325/w=0_10_/t=iphone/l=1/tc,1,0,1
m.baidu.com/from=1001192y/bd_page_type=1/ssid=0/uid=0/pu=sz%401320_1001%2Cta%40iphone_2_12.0_28_16.0%2Cusm%400/baiduid=69391574BB652016B09F5923287D32EA/w=0_10_/t=iphone/l=1/tc,1,100,0
m.baidu.com/from=1001192y/bd_page_type=1/ssid=0/uid=0/pu=sz%401320_1001%2Cta%40iphone_2_12.0_28_16.0%2Cusm%400/baiduid=87931920D851D34840EA959A4D14D7DB/w=0_10_/t=iphone/l=1/tc,1,100,0
m.baidu.com/from=1001192y/bd_page_type=1/ssid=0/uid=0/pu=sz%401320_1001%2Cta%40iphone_2_12.0_28_16.0%2Cusm%400/baiduid=A1CEA9E9DA0BFF6584D418E717B31B7D/w=0_10_/t=iphone/l=1/tc,1,100,0
m.baidu.com/from=1001192y/bd_page_type=1/ssid=0/uid=0/pu=sz%401320_1001%2Cta%40iphone_2_9.0_28_16.0%2Cusm%400/baiduid=2BFD3EC2C9260031862CA31A3002C5B2/w=0_10_/t=iphone/l=1/tc,1,0,2
m.baidu.com/from=1001192y/bd_page_type=1/ssid=0/uid=0/pu=usm%400%2Csz%401320_1001%2Cta%40iphone_2_10.0_28_16.0/baiduid=0AFCCC5C7BC299DC9FC7B5690B95AAF3/w=0_10_/t=iphone/l=1/tc,1,0,38
m.baidu.com/from=1001192y/bd_page_type=1/ssid=0/uid=0/pu=usm%400%2Csz%401320_1001%2Cta%40iphone_2_10.0_28_16.0/baiduid=0CFE5EFC741B477770E9AF6F4BCE2065/w=0_10_/t=iphone/l=1/tc,1,0,0
m.baidu.com/from=1001192y/bd_page_type=1/ssid=0/uid=0/pu=usm%400%2Csz%401320_1001%2Cta%40iphone_2_10.0_28_16.0/baiduid=1E8ACCA90B847B764A8D13FBA34BCAFF/w=0_10_/t=iphone/l=1/tc,1,100,0
m.baidu.com/from=1001192y/bd_page_type=1/ssid=0/uid=0/pu=usm%400%2Csz%401320_1001%2Cta%40iphone_2_10.0_28_16.0/baiduid=581502B7231222136DC43883FEA6BFE3/w=0_10_/t=iphone/l=1/tc,1,100,0
m.baidu.com/from=1001192y/bd_page_type=1/ssid=0/uid=0/pu=usm%400%2Csz%401320_1001%2Cta%40iphone_2_10.0_28_16.0/baiduid=697374AFDCB46DF6D8E50524953D4825/w=0_10_/t=iphone/l=1/tc,1,100,0
m.baidu.com/from=1001192y/bd_page_type=1/ssid=0/uid=0/pu=usm%400%2Csz%401320_1001%2Cta%40iphone_2_10.0_28_16.0/baiduid=703494F4B4304EBB9DF93F8C06371FC7/w=0_10_/t=iphone/l=1/tc,1,0,1
m.baidu.com/from=1001192y/bd_page_type=1/ssid=0/uid=0/pu=usm%400%2Csz%401320_1001%2Cta%40iphone_2_10.0_28_16.0/baiduid=9B71CD5AA6A8FF621FD26E5994E19ED8/w=0_10_/t=iphone/l=1/tc,1,0,1
m.baidu.com/from=1001192y/bd_page_type=1/ssid=0/uid=0/pu=usm%400%2Csz%401320_1001%2Cta%40iphone_2_10.0_28_16.0/baiduid=9F9A22488D934FC398302DA0AF76C1C3/w=0_10_/t=iphone/l=1/tc,1,100,0
m.baidu.com/from=1001192y/bd_page_type=1/ssid=0/uid=0/pu=usm%400%2Csz%401320_1001%2Cta%40iphone_2_10.0_28_16.0/baiduid=A935CBDC1A47C307865658EE35A6A857/w=0_10_/t=iphone/l=1/tc,1,100,0
m.baidu.com/from=1001192y/bd_page_type=1/ssid=0/uid=0/pu=usm%400%2Csz%401320_1001%2Cta%40iphone_2_11.0_28_16.0/baiduid=496AB3F7F264FE36E2916D12A2271E0A/w=0_10_/t=iphone/l=1/tc,1,100,0
m.baidu.com/from=1001192y/bd_page_type=1/ssid=0/uid=0/pu=usm%400%2Csz%401320_1001%2Cta%40iphone_2_11.0_28_16.0/baiduid=F354B830BCD0FA202416534FC4A966E7/w=0_10_/t=iphone/l=1/tc,1,0,0
m.baidu.com/from=1001192y/bd_page_type=1/ssid=0/uid=0/pu=usm%400%2Csz%401320_1001%2Cta%40iphone_2_12.0_28_15.0/baiduid=A8F65F406B465FD94D329DD8DF874BEF/w=0_10_/t=iphone/l=1/tc,1,0,1
m.baidu.com/from=1001192y/bd_page_type=1/ssid=0/uid=0/pu=usm%400%2Csz%401320_1001%2Cta%40iphone_2_12.0_28_15.0/baiduid=B96A1CA61421B8ED19BBFFAAFD4C87E7/w=0_10_/t=iphone/l=1/tc,1,0,1
m.baidu.com/from=1001192y/bd_page_type=1/ssid=0/uid=0/pu=usm%400%2Csz%401320_1001%2Cta%40iphone_2_12.0_28_16.0/baiduid=0D5F982EDBFF6811EE57E7C81002646A/w=0_10_/t=iphone/l=1/tc,1,100,0
m.baidu.com/from=1001192y/bd_page_type=1/ssid=0/uid=0/pu=usm%400%2Csz%401320_1001%2Cta%40iphone_2_12.0_28_16.0/baiduid=270B100FE85135C626076B25B85DDE48/w=0_10_/t=iphone/l=1/tc,1,0,1
m.baidu.com/from=1001192y/bd_page_type=1/ssid=0/uid=0/pu=usm%400%2Csz%401320_1001%2Cta%40iphone_2_12.0_28_16.0/baiduid=2D3FAD368BE7498C9DC53C71B4155137/w=0_10_/t=iphone/l=1/tc,1,100,0
m.baidu.com/from=1001192y/bd_page_type=1/ssid=0/uid=0/pu=usm%400%2Csz%401320_1001%2Cta%40iphone_2_12.0_28_16.0/baiduid=448D85E3DDE079BFD269A0CFBB8CF505/w=0_10_/t=iphone/l=1/tc,1,100,0
m.baidu.com/from=1001192y/bd_page_type=1/ssid=0/uid=0/pu=usm%400%2Csz%401320_1001%2Cta%40iphone_2_12.0_28_16.0/baiduid=4F531C4025E14937906A755DB50BAD3D/w=0_10_/t=iphone/l=1/tc,1,0,1
m.baidu.com/from=1001192y/bd_page_type=1/ssid=0/uid=0/pu=usm%400%2Csz%401320_1001%2Cta%40iphone_2_12.0_28_16.0/baiduid=7D96B975F15AD3C1AAA4F7037494BA34/w=0_10_/t=iphone/l=1/tc,1,0,0
m.baidu.com/from=1001192y/bd_page_type=1/ssid=0/uid=0/pu=usm%400%2Csz%401320_1001%2Cta%40iphone_2_12.0_28_16.0/baiduid=82B8BC6717E48139A3E9EEFA15140A70/w=0_10_/t=iphone/l=1/tc,1,0,1
m.baidu.com/from=1001192y/bd_page_type=1/ssid=0/uid=0/pu=usm%400%2Csz%401320_1001%2Cta%40iphone_2_12.0_28_16.0/baiduid=8ACBBAFF16B8131BFF0ECC5E9E89B8E8/w=0_10_/t=iphone/l=1/tc,1,0,0
m.baidu.com/from=1001192y/bd_page_type=1/ssid=0/uid=0/pu=usm%400%2Csz%401320_1001%2Cta%40iphone_2_12.0_28_16.0/baiduid=A32D40E509246EDC053B00AAF4C32B0D/w=0_10_/t=iphone/l=1/tc,1,0,0
m.baidu.com/from=1001192y/bd_page_type=1/ssid=0/uid=0/pu=usm%400%2Csz%401320_1001%2Cta%40iphone_2_12.0_28_16.0/baiduid=A998BA244E3946F8D0BF6EE7BE6FAF2F/w=0_10_/t=iphone/l=1/tc,1,100,0
m.baidu.com/from=1001192y/bd_page_type=1/ssid=0/uid=0/pu=usm%400%2Csz%401320_1001%2Cta%40iphone_2_12.0_28_16.0/baiduid=AC61A74E76700B105A2F759A2809F864/w=0_10_/t=iphone/l=1/tc,1,100,0
m.baidu.com/from=1001192y/bd_page_type=1/ssid=0/uid=0/pu=usm%400%2Csz%401320_1001%2Cta%40iphone_2_12.0_28_16.0/baiduid=BACC9C643B3D2CE9B1E497D44C7DA019/w=0_10_/t=iphone/l=1/tc,1,0,0
m.baidu.com/from=1001192y/bd_page_type=1/ssid=0/uid=0/pu=usm%400%2Csz%401320_1001%2Cta%40iphone_2_12.0_28_16.0/baiduid=D8777FC6D4D687E138187ED8980D8A58/w=0_10_/t=iphone/l=1/tc,1,100,0
m.baidu.com/from=1001192y/bd_page_type=1/ssid=0/uid=0/pu=usm%400%2Csz%401320_1001%2Cta%40iphone_2_8.0_28_16.0/baiduid=8574DE6AD265ED260B17CEBA36603992/w=0_10_/t=iphone/l=1/tc,1,0,1
m.baidu.com/from=1001192y/bd_page_type=1/ssid=0/uid=0/pu=usm%400%2Csz%401320_1001%2Cta%40iphone_2_9.0_28_15.0/baiduid=FC6D9622D4C306B9872ED0DBBE803B15/w=0_10_/t=iphone/l=1/tc,1,0,0
m.baidu.com/from=1001192y/bd_page_type=1/ssid=0/uid=0/pu=usm%400%2Csz%401320_220%2Cta%40iphone___24_114.0/baiduid=C80488772630181E452D66B2A610D451/w=0_10_/t=iphone/l=1/tc,1,100,0
m.baidu.com/from=1001192y/bd_page_type=1/ssid=0/uid=0/pu=usm%401%2Csz%401320_1001%2Cta%40iphone_2_10.0_28_16.0/baiduid=1E8ACCA90B847B764A8D13FBA34BCAFF/w=0_10_/t=iphone/l=1/tc,1,100,0
m.baidu.com/from=1001703a/bd_page_type=1/ssid=0/uid=0/pu=sz%401320_1001%2Cta%40iphone_2_10.0_18_40.7%2Cusm%400/baiduid=E73D7E220BA149CED2522C5B1981813A/w=0_10_/t=iphone/l=1/tc,1,100,0
m.baidu.com/from=1001703a/bd_page_type=1/ssid=0/uid=0/pu=sz%401320_1001%2Cta%40iphone_2_11.0_18_40.9%2Cusm%400/baiduid=8426EC0220B95FF3974036FCD261DF4C/w=0_10_/t=iphone/l=1/tc,1,100,0
m.baidu.com/from=1001703a/bd_page_type=1/ssid=0/uid=0/pu=sz%401320_1001%2Cta%40iphone_2_11.0_18_40.9%2Cusm%400/baiduid=D9E8864EFEDAE978C122446661555C7A/w=0_10_/t=iphone/l=1/tc,1,100,0
m.baidu.com/from=1001703a/bd_page_type=1/ssid=0/uid=0/pu=sz%401320_1001%2Cta%40iphone_2_12.0_18_40.9%2Cusm%400/baiduid=2545803F16E88FDA1EDEA45DAE4589B4/w=0_10_/t=iphone/l=1/tc,1,100,0
m.baidu.com/from=1001703a/bd_page_type=1/ssid=0/uid=0/pu=sz%401320_1001%2Cta%40iphone_2_13.0_18_40.9%2Cusm%400/baiduid=AC498EBBB37BE60B922A75FDD4B7AA4C/w=0_10_/t=iphone/l=1/tc,1,100,0
m.baidu.com/from=1001703a/bd_page_type=1/ssid=0/uid=0/pu=sz%401320_1001%2Cta%40iphone_2_13.0_18_40.9%2Cusm%400/baiduid=D4BBC3AFF82C6160EE338C17CFD5740D/w=0_10_/t=iphone/l=1/tc,1,100,0
m.baidu.com/from=1001703a/bd_page_type=1/ssid=0/uid=0/pu=sz%401320_1001%2Cta%40iphone_2_14.0_18_40.9%2Cusm%400/baiduid=82D54AF7CF91EB9592864B357F2819B4/w=0_10_/t=iphone/l=1/tc,1,100,0
m.baidu.com/from=1001703a/bd_page_type=1/ssid=0/uid=0/pu=sz%401320_1001%2Cta%40iphone_2_14.0_18_40.9%2Cusm%400/baiduid=AF3EB85BC43A3171F91CC572B0042D2C/w=0_10_/t=iphone/l=1/tc,1,100,0
m.baidu.com/from=1001703a/bd_page_type=1/ssid=0/uid=0/pu=sz%401320_1001%2Cta%40iphone_2_7.1_18_10.8%2Cusm%400/baiduid=1CC93918B8206A149DAB2440B2377A22/w=0_10_/t=iphone/l=1/tc,1,100,0
m.baidu.com/from=1001703a/bd_page_type=1/ssid=0/uid=0/pu=sz%401320_220%2Cta%40iphone___18_40.9%2Cusm%400/baiduid=9D3F2B49AA57462D71272DE58605E797/w=0_10_/t=iphone/l=1/tc,1,100,0
m.baidu.com/from=1001703a/bd_page_type=1/ssid=0/uid=0/pu=usm%400%2Csz%401320_1001%2Cta%40ins_2_14.0_18_/baiduid=23F0D74E3745D0532ADDF163E28D7090/w=0_10_/t=zbios/l=1/tc,1,100,0
m.baidu.com/from=1001703a/bd_page_type=1/ssid=0/uid=0/pu=usm%400%2Csz%401320_1001%2Cta%40iphone_2_10.0_18_40.7/baiduid=507B93A1E6884BDF77924AB8F2C6EB83/w=0_10_/t=iphone/l=1/tc,1,100,0
m.baidu.com/from=1001703a/bd_page_type=1/ssid=0/uid=0/pu=usm%400%2Csz%401320_1001%2Cta%40iphone_2_10.0_18_40.7/baiduid=E73D7E220BA149CED2522C5B1981813A/w=0_10_/t=iphone/l=1/tc,1,100,0
m.baidu.com/from=1001703a/bd_page_type=1/ssid=0/uid=0/pu=usm%400%2Csz%401320_1001%2Cta%40iphone_2_12.0_18_40.9/baiduid=DCC597717FB1077EF2ED5CE16510C5D7/w=0_10_/t=iphone/l=1/tc,1,100,0
m.baidu.com/from=1001703a/bd_page_type=1/ssid=0/uid=0/pu=usm%400%2Csz%401320_1001%2Cta%40iphone_2_13.0_18_40.8/baiduid=118378AF1DCAB21FCC4118DD9B6287D1/w=0_10_/t=iphone/l=1/tc,1,100,0
m.baidu.com/from=1001703a/bd_page_type=1/ssid=0/uid=0/pu=usm%400%2Csz%401320_1001%2Cta%40iphone_2_13.0_18_40.9/baiduid=2A96FA9550CFD68F3C117F582FC62415/w=0_10_/t=iphone/l=1/tc,1,100,0
m.baidu.com/from=1001703a/bd_page_type=1/ssid=0/uid=0/pu=usm%400%2Csz%401320_1001%2Cta%40iphone_2_14.0_18_40.9/baiduid=0E08569A9B477BC566E65650F3516D2A/w=0_10_/t=iphone/l=1/tc,1,100,0
m.baidu.com/from=1001703a/bd_page_type=1/ssid=0/uid=0/pu=usm%400%2Csz%401320_1001%2Cta%40iphone_2_14.0_18_40.9/baiduid=50BF6FDA4CB634A1A606A12F8C58DEC0/w=0_10_/t=iphone/l=1/tc,1,100,0
m.baidu.com/from=1001703a/bd_page_type=1/ssid=0/uid=0/pu=usm%400%2Csz%401320_1001%2Cta%40iphone_2_14.0_18_40.9/baiduid=5447053DD3A046BAA7ECC54E80D866E6/w=0_10_/t=iphone/l=1/tc,1,100,0
m.baidu.com/from=1001703a/bd_page_type=1/ssid=0/uid=0/pu=usm%400%2Csz%401320_1001%2Cta%40iphone_2_14.0_18_40.9/baiduid=959341EFAE3D074FB8E15FB548D093F6/w=0_10_/t=iphone/l=1/tc,1,0,110
m.baidu.com/from=1001703a/bd_page_type=1/ssid=0/uid=0/pu=usm%400%2Csz%401320_1001%2Cta%40iphone_2_15.0_18_40.9/baiduid=243B28C125380C081AE303288010A11C/w=0_10_/t=iphone/l=1/tc,1,100,0
m.baidu.com/from=1001703a/bd_page_type=1/ssid=0/uid=0/pu=usm%400%2Csz%401320_1001%2Cta%40iphone_2_15.0_18_40.9/baiduid=E41A889E987CD96891EB81D5B41485A2/w=0_10_/t=iphone/l=1/tc,1,100,0
m.baidu.com/from=1001703a/bd_page_type=1/ssid=0/uid=0/pu=usm%400%2Csz%401320_1001%2Cta%40iphone_2_6.0_18_10.8/baiduid=9252F67E7AA0DB85A0D7A62FF11F0F05/w=0_10_/t=iphone/l=1/tc,1,100,0
m.baidu.com/from=1001703a/bd_page_type=1/ssid=0/uid=0/pu=usm%400%2Csz%401320_1001%2Cta%40iphone_2_8.1_18_10.9/baiduid=3C64F5274ADE023A693514E3936F0729/w=0_10_/t=iphone/l=1/tc,1,100,0
m.baidu.com/from=1001703a/bd_page_type=1/ssid=0/uid=0/pu=usm%400%2Csz%401320_1001%2Cta%40iphone_2_8.1_18_10.9/baiduid=754DC39AB347CF9E99C888B8034809EB/w=0_10_/t=iphone/l=1/tc,1,100,0
m.baidu.com/from=1001703a/bd_page_type=1/ssid=0/uid=0/pu=usm%400%2Csz%401320_1001%2Cta%40iphone_2_9.0_18_10.9/baiduid=223413753B990BE8C6E8CAD59D8DF4DA/w=0_10_/t=iphone/l=1/tc,1,100,0
m.baidu.com/from=1001703y/bd_page_type=1/ssid=0/uid=0/pu=sz%401320_1001%2Cta%40iphone_2_12.0_18_40.8%2Cusm%400/baiduid=F4FA2965E0BD9EBD55BFF7F13B79C8AA/w=0_10_/t=iphone/l=1/tc,1,100,0
m.baidu.com/from=1011034z/bd_page_type=1/ssid=0/uid=0/pu=sz%401320_480%2Ccuid%40liHKf_8vvi0viSao0Ovuig8a2ug2uHu9_u2If_ac2uK9LqqqB%2Ccua%40_avLCgaF2i46ywoUfpw1z4PLXizeas8DgN2w8AqqC%2Ccut%405ymy6fJ0VP_0PviogI-DI_hevCgDuDP7Ipw-jiqPC%2Cosname%40baiduboxapp%2Cctv%402%2Ccfrom%401011034z%2Ccen%40cuid_cua_cut%2Ccsrc%40home_box_txt%2Cvmgdb%400020100228y%2Cusm%402/baiduid=9BCFB11D897F28EEFF4483579C930CF9/w=0_10_/t=zbios/l=1/tc,1,100,0
m.baidu.com/from=1012097a/bd_page_type=1/ssid=0/uid=0/pu=sz%401320_1004%2Cta%40iphone_2_15.0_38_10.7%2Cusm%400/baiduid=EEB4E3FE5A60C2FE28F3106D9B146DAB/w=0_20_/t=iphone/l=1/tc,1,100,0
m.baidu.com/from=1012852q/bd_page_type=1/ssid=0/uid=0/pu=sz%401320_1004%2Cta%40iphone_2_12.0_11_19.4%2Cusm%400/baiduid=1C5FC5740F271877B3277D2A8610A9D8/w=0_10_/t=iphone/l=1/tc,1,100,0
m.baidu.com/from=1012852q/bd_page_type=1/ssid=0/uid=0/pu=sz%401320_1004%2Cta%40iphone_2_12.0_11_19.4%2Cusm%400/baiduid=F64C1A3566C590CB1DFF0339C243F70E/w=0_10_/t=iphone/l=1/tc,1,100,0
m.baidu.com/from=1012852q/bd_page_type=1/ssid=0/uid=0/pu=sz%401320_1004%2Cta%40iphone_2_13.0_11_18.1%2Cusm%400/baiduid=9D4432C974056AEFB783D9B1FE388353/w=0_10_/t=iphone/l=1/tc,1,100,0
m.baidu.com/from=1012852q/bd_page_type=1/ssid=0/uid=0/pu=sz%401320_1004%2Cta%40iphone_2_13.0_11_19.3%2Cusm%400/baiduid=FB675D258C7AB0316B27A452EF40D4E8/w=0_10_/t=iphone/l=1/tc,1,0,25
m.baidu.com/from=1012852q/bd_page_type=1/ssid=0/uid=0/pu=sz%401320_1004%2Cta%40iphone_2_13.0_11_19.4%2Cusm%400/baiduid=DB7D9B637DCB3CD038FB0D107C0A0124/w=0_10_/t=iphone/l=1/tc,1,100,0
m.baidu.com/from=1012852q/bd_page_type=1/ssid=0/uid=0/pu=sz%401320_1004%2Cta%40iphone_2_14.0_11_18.2%2Cusm%400/baiduid=303776D09A60FE882E283C537801315E/w=0_10_/t=iphone/l=1/tc,1,100,0
m.baidu.com/from=1012852q/bd_page_type=1/ssid=0/uid=0/pu=sz%401320_1004%2Cta%40iphone_2_14.0_11_19.3%2Cusm%400/baiduid=FD65549E89DAB90C744AC140455B2A4C/w=0_10_/t=iphone/l=1/tc,1,100,0
m.baidu.com/from=1012852q/bd_page_type=1/ssid=0/uid=0/pu=sz%401320_1004%2Cta%40iphone_2_14.0_11_19.4%2Cusm%400/baiduid=4814BCD4EE19E0A747D713239ADEFD23/w=0_10_/t=iphone/l=1/tc,1,100,0
m.baidu.com/from=1012852q/bd_page_type=1/ssid=0/uid=0/pu=sz%401320_1004%2Cta%40iphone_2_14.0_11_19.4%2Cusm%400/baiduid=6B81FA7B28F16349FFD6CF67FB3454D4/w=0_10_/t=iphone/l=1/tc,1,100,0
m.baidu.com/from=1012852q/bd_page_type=1/ssid=0/uid=0/pu=sz%401320_1004%2Cta%40iphone_2_14.0_11_19.5%2Cusm%400/baiduid=2F2F3B723882E73DA25943DCC79CABD1/w=0_10_/t=iphone/l=1/tc,1,100,0
m.baidu.com/from=1012852q/bd_page_type=1/ssid=0/uid=0/pu=sz%401320_1004%2Cta%40iphone_2_15.0_11_18.8%2Cusm%400/baiduid=CC6E45866009359E551060BBA6C1D62E/w=0_10_/t=iphone/l=1/tc,1,100,0
m.baidu.com/from=1012852q/bd_page_type=1/ssid=0/uid=0/pu=sz%401320_1004%2Cta%40iphone_2_15.0_11_19.3%2Cusm%400/baiduid=263D517EFAC8D4DA99A0320CD61D06AC/w=0_10_/t=iphone/l=1/tc,1,100,0
m.baidu.com/from=1012852q/bd_page_type=1/ssid=0/uid=0/pu=sz%401320_1004%2Cta%40iphone_2_15.0_11_19.3%2Cusm%400/baiduid=4B032805CA13A870DC3135512FD97464/w=0_10_/t=iphone/l=1/tc,1,100,0
m.baidu.com/from=1012852q/bd_page_type=1/ssid=0/uid=0/pu=sz%401320_1004%2Cta%40iphone_2_15.0_11_19.3%2Cusm%400/baiduid=B4AC9EA062798F562544B339093BE49F/w=0_10_/t=iphone/l=1/tc,1,100,0
m.baidu.com/from=1012852q/bd_page_type=1/ssid=0/uid=0/pu=sz%401320_1004%2Cta%40iphone_2_15.0_11_19.4%2Cusm%400/baiduid=5C84C34187E555EAA6943F18301219A5/w=0_10_/t=iphone/l=1/tc,1,100,0
m.baidu.com/from=1012852q/bd_page_type=1/ssid=0/uid=0/pu=sz%401320_1004%2Cta%40iphone_2_8.1_11_11.0%2Cusm%400/baiduid=424396537801A52903E22D2C9DD80931/w=0_10_/t=iphone/l=1/tc,1,100,0
m.baidu.com/from=1012852q/bd_page_type=1/ssid=0/uid=0/pu=sz%401320_220%2Cta%40iphone___11_12.9%2Cusm%400/baiduid=A874099966094DA69AD3ACD7402AA2A2/w=0_10_/t=iphone/l=1/tc,1,100,0
m.baidu.com/from=1012852q/bd_page_type=1/ssid=0/uid=0/pu=sz%401320_220%2Cta%40iphone___11_19.4%2Cusm%400/baiduid=59B72DB2520C6055FAB8F33A26847CAD/w=0_10_/t=iphone/l=1/tc,1,100,0
m.baidu.com/from=1012852q/bd_page_type=1/ssid=0/uid=0/pu=usm%400%2Csz%401320_1004%2Cta%40iphone_2_11.0_11_19.4/baiduid=2273414EFBA69E8C258DDA71BA01EDA6/w=0_10_/t=iphone/l=1/tc,1,100,0
m.baidu.com/from=1012852q/bd_page_type=1/ssid=0/uid=0/pu=usm%400%2Csz%401320_1004%2Cta%40iphone_2_12.0_11_19.4/baiduid=1D9F6AFF85F5DA1DE2500F44B1D74008/w=0_10_/t=iphone/l=1/tc,1,100,0
m.baidu.com/from=1012852q/bd_page_type=1/ssid=0/uid=0/pu=usm%400%2Csz%401320_1004%2Cta%40iphone_2_13.0_11_19.4/baiduid=AD1D5BDF11CBB12A185C4E62C2EAD691/w=0_10_/t=iphone/l=1/tc,1,100,0
m.baidu.com/from=1012852q/bd_page_type=1/ssid=0/uid=0/pu=usm%400%2Csz%401320_1004%2Cta%40iphone_2_13.0_11_19.4/baiduid=C22915D64F90749016E0CF30B756B457/w=0_10_/t=iphone/l=1/tc,1,100,0
m.baidu.com/from=1012852q/bd_page_type=1/ssid=0/uid=0/pu=usm%400%2Csz%401320_1004%2Cta%40iphone_2_14.0_11_18.2/baiduid=D908B6FB2DF63B7A40F0BC4068B8ABE5/w=0_10_/t=iphone/l=1/tc,1,100,0
m.baidu.com/from=1012852q/bd_page_type=1/ssid=0/uid=0/pu=usm%400%2Csz%401320_1004%2Cta%40iphone_2_14.0_11_18.2/baiduid=DF830274566C753B5C011C559E67ED51/w=0_10_/t=iphone/l=1/tc,1,100,0
m.baidu.com/from=1012852q/bd_page_type=1/ssid=0/uid=0/pu=usm%400%2Csz%401320_1004%2Cta%40iphone_2_14.0_11_19.4/baiduid=6D1D3873B30817A3D73E89A1BB831452/w=0_10_/t=iphone/l=1/tc,1,100,0
m.baidu.com/from=1012852q/bd_page_type=1/ssid=0/uid=0/pu=usm%400%2Csz%401320_1004%2Cta%40iphone_2_14.0_11_19.4/baiduid=B656E32FF252BD71C720F4EE20E6BFAA/w=0_10_/t=iphone/l=1/tc,1,100,0
m.baidu.com/from=1012852s/bd_page_type=1/ssid=0/uid=0/pu=usm%400%2Csz%401320_1004%2Cta%40iphone_2_13.0_11_19.4/baiduid=ECA74CF71E12D5B8EB31A7287E36D4D2/w=0_10_/t=iphone/l=1/tc,1,100,0
m.baidu.com/from=1013672b/bd_page_type=1/ssid=0/uid=0/pu=sz%401320_1004%2Cta%40iphone_2_10.0_11_19.4%2Cusm%400/baiduid=8C483E3FEE31E1269C9B57C20085A834/w=0_10_/t=iphone/l=1/tc,1,100,0
m.baidu.com/from=1013672g/bd_page_type=1/ssid=0/uid=0/pu=sz%401320_1004%2Cta%40iphone_2_14.0_11_19.4%2Cusm%400/baiduid=6EF39EB987C88DB5D855E3241B449DDA/w=0_10_/t=iphone/l=1/tc,1,100,0
m.baidu.com/from=1013672g/bd_page_type=1/ssid=0/uid=0/pu=usm%400%2Csz%401320_1004%2Cta%40iphone_2_14.0_11_19.4/baiduid=6EF39EB987C88DB5D855E3241B449DDA/w=0_10_/t=iphone/l=1/tc,1,0,1324
m.baidu.com/from=1013966u/bd_page_type=1/ssid=0/uid=0/pu=sz%401320_1001%2Cta%40iphone_2_10.0_19_24.2%2Cusm%400/baiduid=85CFA370DF0F56B16F8B891278616420/w=0_10_/t=iphone/l=1/tc,1,100,0
m.baidu.com/from=1013966u/bd_page_type=1/ssid=0/uid=0/pu=sz%401320_1001%2Cta%40iphone_2_10.0_19_24.3%2Cusm%400/baiduid=03DD6BAB53CF66E9DA198391723F287C/w=0_10_/t=iphone/l=1/tc,1,100,0
m.baidu.com/from=1013966u/bd_page_type=1/ssid=0/uid=0/pu=sz%401320_1001%2Cta%40iphone_2_13.0_19_22.5%2Cusm%400/baiduid=CB0AC899B6756EC55F2E2DDC6F1E9402/w=0_10_/t=iphone/l=1/tc,1,100,0
m.baidu.com/from=1013966u/bd_page_type=1/ssid=0/uid=0/pu=sz%401320_1001%2Cta%40iphone_2_14.0_19_24.4%2Cusm%401/baiduid=CD1961A6564C3EA6BE6A258BDD528FDB/w=0_10_/t=iphone/l=1/tc,1,100,0
m.baidu.com/from=1013966u/bd_page_type=1/ssid=0/uid=0/pu=sz%401320_1001%2Cta%40iphone_2_15.0_19_23.6%2Cusm%400/baiduid=7E0FD88B1406C5C9C4DE527D19803BC3/w=0_10_/t=iphone/l=1/tc,1,100,0
m.baidu.com/from=1013966u/bd_page_type=1/ssid=0/uid=0/pu=sz%401320_1001%2Cta%40iphone_2_8.1_19_24.3%2Cusm%400/baiduid=2820EA708794BD6CBB23E495F71D417D/w=0_10_/t=iphone/l=1/tc,1,100,0
m.baidu.com/from=1013966u/bd_page_type=1/ssid=0/uid=0/pu=sz%401320_1001%2Cta%40iphone_2_9.0_19_24.3%2Cusm%400/baiduid=FECA33CC2F49F1F1F6A2B9F42189D14F/w=0_10_/t=iphone/l=1/tc,1,100,0
m.baidu.com/from=1013966u/bd_page_type=1/ssid=0/uid=0/pu=usm%400%2Csz%401320_1001%2Cta%40iphone_2_10.0_19_23.8/baiduid=45B4AADCC8851A686485FFDFE39E4793/w=0_10_/t=iphone/l=1/tc,1,100,0
m.baidu.com/from=1013966u/bd_page_type=1/ssid=0/uid=0/pu=usm%400%2Csz%401320_1001%2Cta%40iphone_2_10.0_19_24.1/baiduid=A7DA5E3929CE0A42FDC2CDB93A71E976/w=0_10_/t=iphone/l=1/tc,1,100,0
m.baidu.com/from=1013966u/bd_page_type=1/ssid=0/uid=0/pu=usm%400%2Csz%401320_1001%2Cta%40iphone_2_10.0_19_24.2/baiduid=A9511DCA44B4EC9CA94139CA8898F589/w=0_10_/t=iphone/l=1/tc,1,100,0
m.baidu.com/from=1013966u/bd_page_type=1/ssid=0/uid=0/pu=usm%400%2Csz%401320_1001%2Cta%40iphone_2_10.0_19_24.2/baiduid=E549ADD433B47032CD00492D6C1554F3/w=0_10_/t=iphone/l=1/tc,1,100,0
m.baidu.com/from=1013966u/bd_page_type=1/ssid=0/uid=0/pu=usm%400%2Csz%401320_1001%2Cta%40iphone_2_10.0_19_24.3/baiduid=A5348C0417BB8FD4084362AAEF3E3850/w=0_10_/t=iphone/l=1/tc,1,100,0
m.baidu.com/from=1013966u/bd_page_type=1/ssid=0/uid=0/pu=usm%400%2Csz%401320_1001%2Cta%40iphone_2_10.0_19_24.3/baiduid=BA9CCDEC816F3CC944E848F152EEB80D/w=0_10_/t=iphone/l=1/tc,1,100,0
m.baidu.com/from=1013966u/bd_page_type=1/ssid=0/uid=0/pu=usm%400%2Csz%401320_1001%2Cta%40iphone_2_10.0_19_24.3/baiduid=C0AB8420B0E3383C42ADC742831E8884/w=0_10_/t=iphone/l=1/tc,1,100,0
m.baidu.com/from=1013966u/bd_page_type=1/ssid=0/uid=0/pu=usm%400%2Csz%401320_1001%2Cta%40iphone_2_11.0_19_23.9/baiduid=F09DB1DB688E98F012523C809569CC40/w=0_10_/t=iphone/l=1/tc,1,100,0
m.baidu.com/from=1013966u/bd_page_type=1/ssid=0/uid=0/pu=usm%400%2Csz%401320_1001%2Cta%40iphone_2_11.0_19_24.3/baiduid=1988FCCBF5E8BDC32EA1BC4CCD27D0F6/w=0_10_/t=iphone/l=1/tc,1,100,0
m.baidu.com/from=1013966u/bd_page_type=1/ssid=0/uid=0/pu=usm%400%2Csz%401320_1001%2Cta%40iphone_2_13.0_19_24.0/baiduid=2FAB1C3A86F4F46D35749725CB7D5F73/w=0_10_/t=iphone/l=1/tc,1,100,0
m.baidu.com/from=1013966u/bd_page_type=1/ssid=0/uid=0/pu=usm%400%2Csz%401320_1001%2Cta%40iphone_2_13.0_19_24.2/baiduid=BF64CD0B3BF32B9F0D2C5268CE806444/w=0_10_/t=iphone/l=1/tc,1,100,0
m.baidu.com/from=1013966u/bd_page_type=1/ssid=0/uid=0/pu=usm%400%2Csz%401320_1001%2Cta%40iphone_2_13.0_19_24.3/baiduid=2EEC72C3F82F8D0CE75DC7BEA65DAFF8/w=0_10_/t=iphone/l=1/tc,1,100,0
m.baidu.com/from=1013966u/bd_page_type=1/ssid=0/uid=0/pu=usm%400%2Csz%401320_1001%2Cta%40iphone_2_14.0_19_24.2/baiduid=5163102B693B1B43899896EB202D0623/w=0_10_/t=iphone/l=1/tc,1,100,0
m.baidu.com/from=1013966u/bd_page_type=1/ssid=0/uid=0/pu=usm%400%2Csz%401320_1001%2Cta%40iphone_2_14.0_19_24.2/baiduid=7DAFB8491164404F9B8615429330C0B8/w=0_10_/t=iphone/l=1/tc,1,100,0
m.baidu.com/from=1013966u/bd_page_type=1/ssid=0/uid=0/pu=usm%400%2Csz%401320_1001%2Cta%40iphone_2_14.0_19_24.3/baiduid=41A8F634EAE7C234520D85F5E7F7D6E7/w=0_10_/t=iphone/l=1/tc,1,100,0
m.baidu.com/from=1013966u/bd_page_type=1/ssid=0/uid=0/pu=usm%400%2Csz%401320_1001%2Cta%40iphone_2_14.0_19_24.3/baiduid=4B0C89646B481AC00410744CA3F62EA5/w=0_10_/t=iphone/l=1/tc,1,100,0
m.baidu.com/from=1013966u/bd_page_type=1/ssid=0/uid=0/pu=usm%400%2Csz%401320_1001%2Cta%40iphone_2_14.0_19_24.4/baiduid=A8443441406B0AAA6B5D57BCDEBF7622/w=0_10_/t=iphone/l=1/tc,1,100,0
m.baidu.com/from=1013966u/bd_page_type=1/ssid=0/uid=0/pu=usm%400%2Csz%401320_1001%2Cta%40iphone_2_14.0_19_24.4/baiduid=B0ECCF26A6512488112D2DA7F3561850/w=0_10_/t=iphone/l=1/tc,1,100,0
m.baidu.com/from=1013966u/bd_page_type=1/ssid=0/uid=0/pu=usm%400%2Csz%401320_1001%2Cta%40iphone_2_15.0_19_23.1/baiduid=C111209C2CB8C665FAC8FA4CE4650F14/w=0_10_/t=iphone/l=1/tc,1,100,0
m.baidu.com/from=1013966u/bd_page_type=1/ssid=0/uid=0/pu=usm%400%2Csz%401320_1001%2Cta%40iphone_2_15.0_19_24.3/baiduid=773E6B7FE41F3B8CB6C0368435698A9E/w=0_10_/t=iphone/l=1/tc,1,100,0
m.baidu.com/from=1013966u/bd_page_type=1/ssid=0/uid=0/pu=usm%400%2Csz%401320_1001%2Cta%40iphone_2_15.0_19_24.3/baiduid=8894F65C50C0300F10D24FFA43D83556/w=0_10_/t=iphone/l=1/tc,1,100,0
m.baidu.com/from=1013966u/bd_page_type=1/ssid=0/uid=0/pu=usm%400%2Csz%401320_1001%2Cta%40iphone_2_7.1_19_20.5/baiduid=076E4FDD50CEAA12ED718FCCF539F57A/w=0_10_/t=iphone/l=1/tc,1,100,0
m.baidu.com/from=1013966u/bd_page_type=1/ssid=0/uid=0/pu=usm%400%2Csz%401320_1001%2Cta%40iphone_2_8.1_19_18.2/baiduid=98DCC00B9433D19BFB43DBA57809059D/w=0_10_/t=iphone/l=1/tc,1,100,0
m.baidu.com/from=1013966u/bd_page_type=1/ssid=0/uid=0/pu=usm%400%2Csz%401320_1001%2Cta%40iphone_2_8.1_19_24.1/baiduid=30C00B660D796A298DF087B63B995785/w=0_10_/t=iphone/l=1/tc,1,100,0
m.baidu.com/from=1013966u/bd_page_type=1/ssid=0/uid=0/pu=usm%400%2Csz%401320_1001%2Cta%40iphone_2_9.0_19_23.4/baiduid=4E2E0F777B0DEC4047A83D074964D339/w=0_10_/t=iphone/l=1/tc,1,100,0
m.baidu.com/from=1013966u/bd_page_type=1/ssid=0/uid=0/pu=usm%400%2Csz%401320_1001%2Cta%40iphone_2_9.0_19_24.2/baiduid=88FE2F88C46317CE3F79860CD26445C2/w=0_10_/t=iphone/l=1/tc,1,100,0
m.baidu.com/from=1013966u/bd_page_type=1/ssid=0/uid=0/pu=usm%401%2Csz%401320_1001%2Cta%40iphone_2_10.0_19_24.3/baiduid=DB5BF13B6CB340DD93D5BC2E1FFF8419/w=0_10_/t=iphone/l=1/tc,1,100,0
m.baidu.com/from=1015011a/bd_page_type=1/ssid=0/uid=0/pu=usm%400%2Csz%401320_1003%2Cta%40iphone_2_11.0_1_16.1/baiduid=4C2079A574EEB393BD731F19672F510D/w=0_10_/t=iphone/l=1/tc,1,100,0
m.baidu.com/from=1015011p/bd_page_type=1/ssid=0/uid=0/pu=sz%401320_1001%2Cta%40iphone_2_10.0_24_83.0%2Cusm%400/baiduid=1E9E6B1FEFF9ECBE0B0802FF26B9A060/w=0_10_/t=iphone/l=1/tc,1,100,0
m.baidu.com/from=1015011p/bd_page_type=1/ssid=0/uid=0/pu=sz%401320_1001%2Cta%40iphone_2_13.0_24_103.0%2Cusm%400/baiduid=5EC4075C783A521E1ACFB71AAFC3BCCD/w=0_10_/t=iphone/l=1/tc,1,100,0
m.baidu.com/from=1015471r/bd_page_type=1/ssid=0/uid=0/pu=usm%400%2Csz%401320_1001%2Cta%40iphone_2_10.0_24_123.0/baiduid=04F13944B09D815006F922636BDB3BA1/w=0_20_/t=iphone/l=1/tc,1,100,0
m.baidu.com/from=1015819s/bd_page_type=1/ssid=0/uid=0/pu=sz%401320_1003%2Cta%40iphone_2_12.0_1_16.1%2Cusm%400/baiduid=885CB55D0A85DB7A6DF984A648C34871/w=0_20_/t=iphone/l=1/tc,1,100,0
m.baidu.com/from=1015819s/bd_page_type=1/ssid=0/uid=0/pu=sz%401320_1003%2Cta%40iphone_2_9.0_1_17.3%2Cusm%400/baiduid=7BA09463448656B4885F2DFB591AE192/w=0_20_/t=iphone/l=1/tc,1,100,0
m.baidu.com/from=1015819s/bd_page_type=1/ssid=0/uid=0/pu=sz%401320_1004%2Cta%40iphone_2_14.0_35_7.10%2Cusm%400/baiduid=E70304CCAEAA2AB531820E5E0AF56308/w=0_20_/t=iphone/l=1/tc,1,100,0
m.baidu.com/from=1019311a/bd_page_type=1/ssid=0/uid=0/pu=sz%401320_1001%2Cta%40iphone_2_10.0_19_24.3%2Cusm%400/baiduid=4F808058D3137E06BC1C2A5535C81460/w=0_10_/t=iphone/l=1/tc,1,100,0
m.baidu.com/from=1019311a/bd_page_type=1/ssid=0/uid=0/pu=sz%401320_1001%2Cta%40iphone_2_13.0_19_23.3%2Cusm%400/baiduid=8A044F54F0E43BC484F3BAB2C02F1CE6/w=0_10_/t=iphone/l=1/tc,1,100,0
m.baidu.com/from=1019311a/bd_page_type=1/ssid=0/uid=0/pu=sz%401320_1001%2Cta%40iphone_2_13.0_19_24.3%2Cusm%400/baiduid=14E2C6B90FE52D84A48FE3A31964D2B5/w=0_10_/t=iphone/l=1/tc,1,100,0
m.baidu.com/from=1019311a/bd_page_type=1/ssid=0/uid=0/pu=sz%401320_1001%2Cta%40iphone_2_13.0_19_24.3%2Cusm%401/baiduid=4FC55DAF808BE4724A62DB2F2BE568B6/w=0_10_/t=iphone/l=1/tc,1,100,0
m.baidu.com/from=1019311a/bd_page_type=1/ssid=0/uid=0/pu=sz%401320_1001%2Cta%40iphone_2_14.0_19_23.3%2Cusm%400/baiduid=7114A4FD7A0FD78787B40D4CDAC89929/w=0_10_/t=iphone/l=1/tc,1,100,0
m.baidu.com/from=1019311a/bd_page_type=1/ssid=0/uid=0/pu=sz%401320_1001%2Cta%40iphone_2_14.0_19_24.3%2Cusm%400/baiduid=175143C3B229938FF1565EC0A8A2D8DE/w=0_10_/t=iphone/l=1/tc,1,100,0
m.baidu.com/from=1019311a/bd_page_type=1/ssid=0/uid=0/pu=sz%401320_1001%2Cta%40iphone_2_14.0_19_24.3%2Cusm%400/baiduid=5F51AE9B42F7C2AD5410A144634E778A/w=0_10_/t=iphone/l=1/tc,1,100,0
m.baidu.com/from=1019311a/bd_page_type=1/ssid=0/uid=0/pu=usm%400%2Csz%401320_1001%2Cta%40iphone_2_10.0_19_12.0/baiduid=50B9782416329903820AC46F8E4BD172/w=0_10_/t=iphone/l=1/tc,1,100,0
m.baidu.com/from=1019311a/bd_page_type=1/ssid=0/uid=0/pu=usm%400%2Csz%401320_1001%2Cta%40iphone_2_10.0_19_22.4/baiduid=6716AD0D0B4F73BD904EDB83AF50E72A/w=0_10_/t=iphone/l=1/tc,1,100,0
m.baidu.com/from=1019311a/bd_page_type=1/ssid=0/uid=0/pu=usm%400%2Csz%401320_1001%2Cta%40iphone_2_13.0_19_23.1/baiduid=7869CE301BD10CE9D80735663AA79F9D/w=0_10_/t=iphone/l=1/tc,1,100,0
m.baidu.com/from=1019311a/bd_page_type=1/ssid=0/uid=0/pu=usm%400%2Csz%401320_1001%2Cta%40iphone_2_13.0_19_24.0/baiduid=6CA94A366EDE3B3C16D112E523AA18A6/w=0_10_/t=iphone/l=1/tc,1,100,0
m.baidu.com/from=1019311a/bd_page_type=1/ssid=0/uid=0/pu=usm%400%2Csz%401320_1001%2Cta%40iphone_2_14.0_19_24.3/baiduid=3C6FD461129A1C29C7F450C5B38601D9/w=0_10_/t=iphone/l=1/tc,1,100,0
m.baidu.com/from=1019311a/bd_page_type=1/ssid=0/uid=0/pu=usm%401%2Csz%401320_1001%2Cta%40iphone_2_10.0_19_24.4/baiduid=D18AE156E6B295A8DDDBE6ECFFFBBFA3/w=0_10_/t=iphone/l=1/tc,1,100,0
m.baidu.com/from=1019311v/bd_page_type=1/ssid=0/uid=0/pu=sz%401320_1001%2Cta%40iphone_2_10.0_19_24.1%2Cusm%400/baiduid=B29A156C2C29BBC1B6E688CD21070238/w=0_10_/t=iphone/l=1/tc,1,100,0
m.baidu.com/from=1019311v/bd_page_type=1/ssid=0/uid=0/pu=sz%401320_1001%2Cta%40iphone_2_14.0_19_23.1%2Cusm%400/baiduid=A6A59F00A25944D1CF7C654DE6509EB3/w=0_10_/t=iphone/l=1/tc,1,100,0
m.baidu.com/from=1019311v/bd_page_type=1/ssid=0/uid=0/pu=sz%401320_1001%2Cta%40iphone_2_15.0_19_21.6%2Cusm%400/baiduid=A5B8656EE08D0B3E740D712C8D392CEC/w=0_10_/t=iphone/l=1/tc,1,100,0
m.baidu.com/from=1019311v/bd_page_type=1/ssid=0/uid=0/pu=sz%401320_1001%2Cta%40iphone_2_15.0_19_24.2%2Cusm%400/baiduid=65238FBD000F7107F762A7793A01CB77/w=0_10_/t=iphone/l=1/tc,1,100,0
m.baidu.com/from=1019311v/bd_page_type=1/ssid=0/uid=0/pu=usm%400%2Csz%401320_1001%2Cta%40iphone_2_10.0_19_24.3/baiduid=0AA02E2EECCE92310B9092A05AA13A65/w=0_10_/t=iphone/l=1/tc,1,100,0
m.baidu.com/from=1019311v/bd_page_type=1/ssid=0/uid=0/pu=usm%400%2Csz%401320_1001%2Cta%40iphone_2_10.0_19_24.3/baiduid=78533D74FD581AE4CE00115ACECF1703/w=0_10_/t=iphone/l=1/tc,1,100,0
m.baidu.com/from=1019311v/bd_page_type=1/ssid=0/uid=0/pu=usm%400%2Csz%401320_1001%2Cta%40iphone_2_13.0_19_24.3/baiduid=49FA3F6CC486FC26A384DCA15FFE6763/w=0_10_/t=iphone/l=1/tc,1,100,0
m.baidu.com/from=1019311v/bd_page_type=1/ssid=0/uid=0/pu=usm%400%2Csz%401320_1001%2Cta%40iphone_2_14.0_19_23.1/baiduid=F67753BE000E3C8FA2363B23FC307F67/w=0_10_/t=iphone/l=1/tc,1,100,0
m.baidu.com/from=1019311v/bd_page_type=1/ssid=0/uid=0/pu=usm%400%2Csz%401320_1001%2Cta%40iphone_2_14.0_19_24.2/baiduid=1B56762681E3C928BD6ED8FAE79010F4/w=0_10_/t=iphone/l=1/tc,1,0,100
m.baidu.com/from=1019311v/bd_page_type=1/ssid=0/uid=0/pu=usm%400%2Csz%401320_1001%2Cta%40iphone_2_14.0_19_24.3/baiduid=1511463B8A8E91DB93BFC43ED6F45D16/w=0_10_/t=iphone/l=1/tc,1,100,0
m.baidu.com/from=1019311v/bd_page_type=1/ssid=0/uid=0/pu=usm%400%2Csz%401320_1001%2Cta%40iphone_2_15.0_19_23.6/baiduid=0AD241A0383887A192159CE656247763/w=0_10_/t=iphone/l=1/tc,1,0,346
m.baidu.com/from=1019311v/bd_page_type=1/ssid=0/uid=0/pu=usm%400%2Csz%401320_1001%2Cta%40iphone_2_15.0_19_24.3/baiduid=103C4373F96BEDD07F42F58B57221149/w=0_10_/t=iphone/l=1/tc,1,100,0
m.baidu.com/from=1019311v/bd_page_type=1/ssid=0/uid=0/pu=usm%400%2Csz%401320_1001%2Cta%40iphone_2_15.0_19_24.3/baiduid=99C07BF4C66EC0A888BDB530C6D69E62/w=0_10_/t=iphone/l=1/tc,1,100,0
m.baidu.com/from=1019311v/bd_page_type=1/ssid=0/uid=0/pu=usm%400%2Csz%401320_1001%2Cta%40iphone_2_15.0_19_24.3/baiduid=9F2440D28F9725EB7572F021D140AA9F/w=0_10_/t=iphone/l=1/tc,1,100,0
m.baidu.com/from=1019311v/bd_page_type=1/ssid=0/uid=0/pu=usm%400%2Csz%401320_1001%2Cta%40iphone_2_8.1_19_24.1/baiduid=75777D5F429F58E0F99D4E47AAE342D0/w=0_10_/t=iphone/l=1/tc,1,100,0
m.baidu.com/from=1019311v/bd_page_type=1/ssid=0/uid=0/pu=usm%400%2Csz%401320_1001%2Cta%40iphone_2_8.1_19_24.3/baiduid=17BF43B611B7EB72BFC6FC1B87696855/w=0_10_/t=iphone/l=1/tc,1,100,0
m.baidu.com/from=1019311v/bd_page_type=1/ssid=0/uid=0/pu=usm%400%2Csz%401320_1001%2Cta%40iphone_2_9.0_19_24.1/baiduid=C579887D7ED9FC55BE63C86EF8CAE13A/w=0_10_/t=iphone/l=1/tc,1,100,0
m.baidu.com/from=1020491a/bd_page_type=1/ssid=0/uid=0/pu=usm%400%2Csz%401320_1001%2Cta%40iphone_2_10.0_17_8.0/baiduid=68D6265FE49C8B97658FE017639AD6EB/w=0_20_/t=iphone/l=1/tc,1,100,0
m.baidu.com/from=1020681k/bd_page_type=1/ssid=0/uid=0/pu=sz%401320_1001%2Cta%40iphone_2_14.0_18_40.9%2Cusm%400/baiduid=E4A55CD89639BE29B9CCB6B419D82DD7/w=0_10_/t=iphone/l=1/tc,1,100,0
m.baidu.com/from=1020681k/bd_page_type=1/ssid=0/uid=0/pu=usm%400%2Csz%401320_1001%2Cta%40iphone_2_11.0_18_40.9/baiduid=2DE0D0167C66755533F76FE3FD395F46/w=0_10_/t=iphone/l=1/tc,1,100,0
m.baidu.com/from=1020681l/bd_page_type=1/ssid=0/uid=0/pu=sz%401320_1001%2Cta%40iphone_2_15.0_18_40.9%2Cusm%400/baiduid=322A28B88B3DB9067729618FABA3D7E0/w=0_10_/t=iphone/l=1/tc,1,100,0
m.baidu.com/from=1020712d/bd_page_type=1/ssid=0/uid=0/pu=sz%401320_480%2Ccuid%40lavZ80uIvi_IaHiHgivJagPS-8lUu2u5_8-Ht0iR28K9LqqqB%2Ccua%40_a-qiyuO2ig4NEq4I5me6NN0v8zka2I4_C2184af2iqlC%2Ccut%40583CN0tI2i4qavC4gODlPpiL3ur9A%2Cosname%40baiduboxapp%2Cctv%402%2Ccfrom%401014517c%2Ccen%40cuid_cua_cut%2Cc3_aid%40A00-SWH3PCHCXPUGSSCJOTGHUPOBIA3OJZ3B-F7U3OBS5%2Ccsrc%40home_box_txt%2Cusm%402%2Cvmgdb%400020100228y/baiduid=1DFB1C82570718863F115658DE8B1FD7/w=0_10_/t=zbios/l=1/tc,1,100,0
m.baidu.com/from=1020761f/bd_page_type=1/ssid=0/uid=0/pu=sz%401320_1001%2Cta%40iphone_2_10.0_19_22.2%2Cusm%400/baiduid=CC896CCFC212008E043DD7E5978E1BA4/w=0_10_/t=iphone/l=1/tc,1,100,0
m.baidu.com/from=1020761f/bd_page_type=1/ssid=0/uid=0/pu=sz%401320_1001%2Cta%40iphone_2_10.0_19_23.4%2Cusm%400/baiduid=0B9991692C450558F1F13629BFAAF585/w=0_10_/t=iphone/l=1/tc,1,100,0
m.baidu.com/from=1020761f/bd_page_type=1/ssid=0/uid=0/pu=sz%401320_1001%2Cta%40iphone_2_10.0_19_23.6%2Cusm%401/baiduid=31104132D377ACD34EE81EE49CD115CB/w=0_10_/t=iphone/l=1/tc,1,100,0
m.baidu.com/from=1020761f/bd_page_type=1/ssid=0/uid=0/pu=sz%401320_1001%2Cta%40iphone_2_10.0_19_24.1%2Cusm%400/baiduid=6BF30F97066CCCE94A3C3FD1B69821E6/w=0_10_/t=iphone/l=1/tc,1,100,0
m.baidu.com/from=1020761f/bd_page_type=1/ssid=0/uid=0/pu=sz%401320_1001%2Cta%40iphone_2_10.0_19_24.3%2Cusm%400/baiduid=76151506C5955B376C79A9FDB2A46C67/w=0_10_/t=iphone/l=1/tc,1,0,1313
m.baidu.com/from=1020761f/bd_page_type=1/ssid=0/uid=0/pu=sz%401320_1001%2Cta%40iphone_2_10.0_19_24.3%2Cusm%400/baiduid=A0F0DE3D85FB4E863E10570B3FBB5516/w=0_10_/t=iphone/l=1/tc,1,100,0
m.baidu.com/from=1020761f/bd_page_type=1/ssid=0/uid=0/pu=sz%401320_1001%2Cta%40iphone_2_11.0_19_24.2%2Cusm%400/baiduid=10CC20201A880FB90735162922BA537E/w=0_10_/t=iphone/l=1/tc,1,100,0
m.baidu.com/from=1020761f/bd_page_type=1/ssid=0/uid=0/pu=sz%401320_1001%2Cta%40iphone_2_11.0_19_24.3%2Cusm%400/baiduid=3D0E1662190A26262CBEA1ED8546D121/w=0_10_/t=iphone/l=1/tc,1,100,0
m.baidu.com/from=1020761f/bd_page_type=1/ssid=0/uid=0/pu=sz%401320_1001%2Cta%40iphone_2_11.0_19_24.4%2Cusm%400/baiduid=BD7E06AB18DDB970CEA4CCF1A910B656/w=0_10_/t=iphone/l=1/tc,1,100,0
m.baidu.com/from=1020761f/bd_page_type=1/ssid=0/uid=0/pu=sz%401320_1001%2Cta%40iphone_2_12.0_19_24.6%2Cusm%400/baiduid=66C8E95F5F64433D02014D10D3970532/w=0_10_/t=iphone/l=1/tc,1,100,0
m.baidu.com/from=1020761f/bd_page_type=1/ssid=0/uid=0/pu=sz%401320_1001%2Cta%40iphone_2_13.0_19_19.5%2Cusm%400/baiduid=3B575C3711B50EAA60C25BC210261F99/w=0_10_/t=iphone/l=1/tc,1,100,0
m.baidu.com/from=1020761f/bd_page_type=1/ssid=0/uid=0/pu=sz%401320_1001%2Cta%40iphone_2_13.0_19_21.5%2Cusm%400/baiduid=73C7D3CCDC63290B21C7258F7B4AF0E1/w=0_10_/t=iphone/l=1/tc,1,100,0
m.baidu.com/from=1020761f/bd_page_type=1/ssid=0/uid=0/pu=sz%401320_1001%2Cta%40iphone_2_13.0_19_23.6%2Cusm%400/baiduid=ECB7F53FE090F52AC2406D355B66C3F9/w=0_10_/t=iphone/l=1/tc,1,100,0
m.baidu.com/from=1020761f/bd_page_type=1/ssid=0/uid=0/pu=sz%401320_1001%2Cta%40iphone_2_13.0_19_24.0%2Cusm%400/baiduid=292C95AD05B0454CE80D3319CBA12A7B/w=0_10_/t=iphone/l=1/tc,1,100,0
m.baidu.com/from=1020761f/bd_page_type=1/ssid=0/uid=0/pu=sz%401320_1001%2Cta%40iphone_2_13.0_19_24.1%2Cusm%400/baiduid=4481FA37B65ECA314425D489CC198E82/w=0_10_/t=iphone/l=1/tc,1,100,0
m.baidu.com/from=1020761f/bd_page_type=1/ssid=0/uid=0/pu=sz%401320_1001%2Cta%40iphone_2_13.0_19_24.2%2Cusm%400/baiduid=59A32E89E927A8EED12D8BCCA2AD9EAA/w=0_10_/t=iphone/l=1/tc,1,100,0
m.baidu.com/from=1020761f/bd_page_type=1/ssid=0/uid=0/pu=sz%401320_1001%2Cta%40iphone_2_13.0_19_24.2%2Cusm%400/baiduid=60A2FF96816070A8E522E9581BF0AC9E/w=0_10_/t=iphone/l=1/tc,1,100,0
m.baidu.com/from=1020761f/bd_page_type=1/ssid=0/uid=0/pu=sz%401320_1001%2Cta%40iphone_2_13.0_19_24.2%2Cusm%400/baiduid=E6BDEDBE184CEA0A01F12687EF01FF29/w=0_10_/t=iphone/l=1/tc,1,100,0
m.baidu.com/from=1020761f/bd_page_type=1/ssid=0/uid=0/pu=sz%401320_1001%2Cta%40iphone_2_13.0_19_24.3%2Cusm%400/baiduid=036127DB50473CF3361923953B1A56B9/w=0_10_/t=iphone/l=1/tc,1,100,0
m.baidu.com/from=1020761f/bd_page_type=1/ssid=0/uid=0/pu=sz%401320_1001%2Cta%40iphone_2_13.0_19_24.3%2Cusm%400/baiduid=2321245E1EE8AE6C9C9DCA06E3A89F10/w=0_10_/t=iphone/l=1/tc,1,100,0
m.baidu.com/from=1020761f/bd_page_type=1/ssid=0/uid=0/pu=sz%401320_1001%2Cta%40iphone_2_13.0_19_24.3%2Cusm%400/baiduid=BA5437C2456FA1E34564C17593AFB1E1/w=0_10_/t=iphone/l=1/tc,1,100,0
m.baidu.com/from=1020761f/bd_page_type=1/ssid=0/uid=0/pu=sz%401320_1001%2Cta%40iphone_2_13.0_19_24.3%2Cusm%400/baiduid=CA1F821F6AF74BFE3011C72449EFD976/w=0_10_/t=iphone/l=1/tc,1,100,0
m.baidu.com/from=1020761f/bd_page_type=1/ssid=0/uid=0/pu=sz%401320_1001%2Cta%40iphone_2_13.0_19_24.3%2Cusm%400/baiduid=CE2233C55E16F33B8F6B9119C8E4DFF6/w=0_10_/t=iphone/l=1/tc,1,100,0
m.baidu.com/from=1020761f/bd_page_type=1/ssid=0/uid=0/pu=sz%401320_1001%2Cta%40iphone_2_14.0_19_20.9%2Cusm%400/baiduid=694088AF48071A4C30FCCAD7178BE91E/w=0_10_/t=iphone/l=1/tc,1,100,0
m.baidu.com/from=1020761f/bd_page_type=1/ssid=0/uid=0/pu=sz%401320_1001%2Cta%40iphone_2_14.0_19_24.2%2Cusm%400/baiduid=5664058F12473BF2479C04DE10C753C2/w=0_10_/t=iphone/l=1/tc,1,100,0
m.baidu.com/from=1020761f/bd_page_type=1/ssid=0/uid=0/pu=sz%401320_1001%2Cta%40iphone_2_14.0_19_24.3%2Cusm%400/baiduid=61F9EDFFD165FCAB79C15173AF0C3462/w=0_10_/t=iphone/l=1/tc,1,100,0
m.baidu.com/from=1020761f/bd_page_type=1/ssid=0/uid=0/pu=sz%401320_1001%2Cta%40iphone_2_14.0_19_24.3%2Cusm%400/baiduid=ACBA2304685EF4176DB7EF5F839D71EE/w=0_10_/t=iphone/l=1/tc,1,100,0
m.baidu.com/from=1020761f/bd_page_type=1/ssid=0/uid=0/pu=sz%401320_1001%2Cta%40iphone_2_14.0_19_24.3%2Cusm%400/baiduid=DC88EC0F320531934806EFEEB6C557FF/w=0_10_/t=iphone/l=1/tc,1,0,58
m.baidu.com/from=1020761f/bd_page_type=1/ssid=0/uid=0/pu=sz%401320_1001%2Cta%40iphone_2_15.0_19_24.3%2Cusm%400/baiduid=641DC315FABC631ABDE5E2E08E17A090/w=0_10_/t=iphone/l=1/tc,1,100,0
m.baidu.com/from=1020761f/bd_page_type=1/ssid=0/uid=0/pu=sz%401320_1001%2Cta%40iphone_2_6.0_19_10.9%2Cusm%401/baiduid=E813C42F039DC0BE9A9AB65EC0EA75DF/w=0_10_/t=iphone/l=1/tc,1,100,0
m.baidu.com/from=1020761f/bd_page_type=1/ssid=0/uid=0/pu=sz%401320_1001%2Cta%40iphone_2_9.0_19_24.1%2Cusm%400/baiduid=9CEE20D3CFA2A9761ECD0344EC3EFA2A/w=0_10_/t=iphone/l=1/tc,1,100,0
m.baidu.com/from=1020761f/bd_page_type=1/ssid=0/uid=0/pu=usm%400%2Csz%401320_1001%2Cta%40iphone_2_10.0_19_23.1/baiduid=18B6797DC85113004D4FA4708A1565B8/w=0_10_/t=iphone/l=1/tc,1,100,0
m.baidu.com/from=1020761f/bd_page_type=1/ssid=0/uid=0/pu=usm%400%2Csz%401320_1001%2Cta%40iphone_2_10.0_19_23.7/baiduid=96B637E9227B88B3C4F749EE8285DED7/w=0_10_/t=iphone/l=1/tc,1,100,0
m.baidu.com/from=1020761f/bd_page_type=1/ssid=0/uid=0/pu=usm%400%2Csz%401320_1001%2Cta%40iphone_2_10.0_19_23.8/baiduid=C5ED24215EE136E0EA7E173AFE26D0EB/w=0_10_/t=iphone/l=1/tc,1,100,0
m.baidu.com/from=1020761f/bd_page_type=1/ssid=0/uid=0/pu=usm%400%2Csz%401320_1001%2Cta%40iphone_2_10.0_19_23.9/baiduid=8F3BA8674D48D4AC4C8CD074527BE3B2/w=0_10_/t=iphone/l=1/tc,1,100,0
m.baidu.com/from=1020761f/bd_page_type=1/ssid=0/uid=0/pu=usm%400%2Csz%401320_1001%2Cta%40iphone_2_10.0_19_24.0/baiduid=C2C3C5D6E58B365EE8BB8E68C7F23CD7/w=0_10_/t=iphone/l=1/tc,1,100,0
m.baidu.com/from=1020761f/bd_page_type=1/ssid=0/uid=0/pu=usm%400%2Csz%401320_1001%2Cta%40iphone_2_10.0_19_24.3/baiduid=2C7EB0C205540431C5170CF2CC359D70/w=0_10_/t=iphone/l=1/tc,1,100,0
m.baidu.com/from=1020761f/bd_page_type=1/ssid=0/uid=0/pu=usm%400%2Csz%401320_1001%2Cta%40iphone_2_10.0_19_24.3/baiduid=54C7687F287F8677485E6072325F96D9/w=0_10_/t=iphone/l=1/tc,1,100,0
m.baidu.com/from=1020761f/bd_page_type=1/ssid=0/uid=0/pu=usm%400%2Csz%401320_1001%2Cta%40iphone_2_10.0_19_24.3/baiduid=86D547436FF87E497555FFE04265E6C6/w=0_10_/t=iphone/l=1/tc,1,100,0
m.baidu.com/from=1020761f/bd_page_type=1/ssid=0/uid=0/pu=usm%400%2Csz%401320_1001%2Cta%40iphone_2_10.0_19_24.3/baiduid=A023CBF9723ADF2EDFC5FC24078C910E/w=0_10_/t=iphone/l=1/tc,1,100,0
m.baidu.com/from=1020761f/bd_page_type=1/ssid=0/uid=0/pu=usm%400%2Csz%401320_1001%2Cta%40iphone_2_10.0_19_24.3/baiduid=DEE81EC28DC7BEA29CED397D03B12687/w=0_10_/t=iphone/l=1/tc,1,100,0
m.baidu.com/from=1020761f/bd_page_type=1/ssid=0/uid=0/pu=usm%400%2Csz%401320_1001%2Cta%40iphone_2_10.0_19_24.3/baiduid=FD840873E314367041A56129ABF99AA4/w=0_10_/t=iphone/l=1/tc,1,100,0
m.baidu.com/from=1020761f/bd_page_type=1/ssid=0/uid=0/pu=usm%400%2Csz%401320_1001%2Cta%40iphone_2_11.0_19_18.9/baiduid=9B93F30F4B4799909F67C7F755D45876/w=0_10_/t=iphone/l=1/tc,1,100,0
m.baidu.com/from=1020761f/bd_page_type=1/ssid=0/uid=0/pu=usm%400%2Csz%401320_1001%2Cta%40iphone_2_11.0_19_24.0/baiduid=C61A4947034B8CB494F09A5AB38B6523/w=0_10_/t=iphone/l=1/tc,1,100,0
m.baidu.com/from=1020761f/bd_page_type=1/ssid=0/uid=0/pu=usm%400%2Csz%401320_1001%2Cta%40iphone_2_11.0_19_24.2/baiduid=BBC916744D79012C3D44D98D595A2404/w=0_10_/t=iphone/l=1/tc,1,100,0
m.baidu.com/from=1020761f/bd_page_type=1/ssid=0/uid=0/pu=usm%400%2Csz%401320_1001%2Cta%40iphone_2_11.0_19_24.3/baiduid=B4C0674790969D0C536ABBC36D0A9B17/w=0_10_/t=iphone/l=1/tc,1,0,97
m.baidu.com/from=1020761f/bd_page_type=1/ssid=0/uid=0/pu=usm%400%2Csz%401320_1001%2Cta%40iphone_2_11.0_19_24.3/baiduid=B8E35B3BA15BA69468977F4D8CE01F9D/w=0_10_/t=iphone/l=1/tc,1,100,0
m.baidu.com/from=1020761f/bd_page_type=1/ssid=0/uid=0/pu=usm%400%2Csz%401320_1001%2Cta%40iphone_2_11.0_19_24.3/baiduid=C84A33FD111E6BA833BC30E538FF6007/w=0_10_/t=iphone/l=1/tc,1,100,0
m.baidu.com/from=1020761f/bd_page_type=1/ssid=0/uid=0/pu=usm%400%2Csz%401320_1001%2Cta%40iphone_2_12.0_19_24.2/baiduid=E797EEBF63D6C1734CF937F917CBEF2A/w=0_10_/t=iphone/l=1/tc,1,100,0
m.baidu.com/from=1020761f/bd_page_type=1/ssid=0/uid=0/pu=usm%400%2Csz%401320_1001%2Cta%40iphone_2_13.0_19_24.1/baiduid=64D0C6278E62AB036B9A3B451B8A1A1E/w=0_10_/t=iphone/l=1/tc,1,100,0
m.baidu.com/from=1020761f/bd_page_type=1/ssid=0/uid=0/pu=usm%400%2Csz%401320_1001%2Cta%40iphone_2_13.0_19_24.2/baiduid=A352F05FDF7644DB23B3B0E5B80E75CD/w=0_10_/t=iphone/l=1/tc,1,100,0
m.baidu.com/from=1020761f/bd_page_type=1/ssid=0/uid=0/pu=usm%400%2Csz%401320_1001%2Cta%40iphone_2_13.0_19_24.3/baiduid=3BA4EA423A744570ED506B211395BBF2/w=0_10_/t=iphone/l=1/tc,1,100,0
m.baidu.com/from=1020761f/bd_page_type=1/ssid=0/uid=0/pu=usm%400%2Csz%401320_1001%2Cta%40iphone_2_13.0_19_24.3/baiduid=CA1F821F6AF74BFE3011C72449EFD976/w=0_10_/t=iphone/l=1/tc,1,100,0
m.baidu.com/from=1020761f/bd_page_type=1/ssid=0/uid=0/pu=usm%400%2Csz%401320_1001%2Cta%40iphone_2_14.0_19_23.3/baiduid=065728FA3A8DAEC008E12538A4BCB159/w=0_10_/t=iphone/l=1/tc,1,100,0
m.baidu.com/from=1020761f/bd_page_type=1/ssid=0/uid=0/pu=usm%400%2Csz%401320_1001%2Cta%40iphone_2_14.0_19_24.2/baiduid=629865F0EC9F8018F6E4819BC4EE3EDC/w=10_10_/t=iphone/l=1/tc,1,100,0
m.baidu.com/from=1020761f/bd_page_type=1/ssid=0/uid=0/pu=usm%400%2Csz%401320_1001%2Cta%40iphone_2_14.0_19_24.4/baiduid=BAADC9D0934CAA03E4CDBF233BB8629D/w=0_10_/t=iphone/l=1/tc,1,100,0
m.baidu.com/from=1020761f/bd_page_type=1/ssid=0/uid=0/pu=usm%400%2Csz%401320_1001%2Cta%40iphone_2_15.0_19_24.3/baiduid=7D035EBF83593532964A7DAF18098727/w=0_10_/t=iphone/l=1/tc,1,0,265
m.baidu.com/from=1020761f/bd_page_type=1/ssid=0/uid=0/pu=usm%400%2Csz%401320_1001%2Cta%40iphone_2_15.0_19_24.3/baiduid=86E2841F8297915186A7140FD1E28324/w=0_10_/t=iphone/l=1/tc,1,100,0
m.baidu.com/from=1020761f/bd_page_type=1/ssid=0/uid=0/pu=usm%400%2Csz%401320_1001%2Cta%40iphone_2_15.0_19_24.4/baiduid=2520C75880285FB4DE5B36F25213E00E/w=0_10_/t=iphone/l=1/tc,1,100,0
m.baidu.com/from=1020761f/bd_page_type=1/ssid=0/uid=0/pu=usm%400%2Csz%401320_1001%2Cta%40iphone_2_9.0_19_22.6/baiduid=43A299C86AA6DF8A2F3CD5E280035ED8/w=0_10_/t=iphone/l=1/tc,1,100,0
m.baidu.com/from=1020761f/bd_page_type=1/ssid=0/uid=0/pu=usm%400%2Csz%401320_1001%2Cta%40iphone_2_9.0_19_24.2/baiduid=B478F82E104AF78ECE9645284CFC7279/w=0_10_/t=iphone/l=1/tc,1,100,0
m.baidu.com/from=1020761f/bd_page_type=1/ssid=0/uid=0/pu=usm%401%2Csz%401320_1001%2Cta%40iphone_2_10.0_19_24.3/baiduid=7D8431660C0067D7F0E9C83902F7E71F/w=0_10_/t=iphone/l=1/tc,1,100,0
m.baidu.com/from=1020761m/bd_page_type=1/ssid=0/uid=0/pu=usm%400%2Csz%401320_1001%2Cta%40iphone_2__24_123.0/baiduid=AC3F190D5AC06257ACC57CA1D994E3FD/w=0_10_/t=iphone/l=1/tc,1,0,1
m.baidu.com/from=1020761t/bd_page_type=1/ssid=0/uid=0/pu=sz%401320_1001%2Cta%40iphone_2_13.0_19_24.2%2Cusm%400/baiduid=2132F7EC67AF0E22E496757553E5824E/w=0_10_/t=iphone/l=1/tc,1,100,0
m.baidu.com/from=1020761t/bd_page_type=1/ssid=0/uid=0/pu=usm%400%2Csz%401320_1001%2Cta%40iphone_2_11.0_19_24.3/baiduid=02CFFC594B736B280424AC5B18CC4140/w=0_10_/t=iphone/l=1/tc,1,100,0
m.baidu.com/from=1020779b/bd_page_type=1/ssid=0/uid=0/pu=sz%401320_480%2Ccuid%40_8vn8YO_vu0j8SaW_8SXugPj2fg4a2ak_P2iu_if28K5Lo9OB%2Ccua%40_a-qiyaOvig-NEqpI5me6NN0-I_Uh2I5_uDpieLqA%2Ccut%40fJx466IWv84qODibjIxV63luA%2Cosname%40baiduboxapp%2Cctv%402%2Ccfrom%401020779b%2Ccen%40cuid_cua_cut%2Ccsrc%40bdbox_tserch_txt%2Cvmgdb%400020100228y%2Cusm%402/baiduid=BF2A31ED9E567E9AAE43DCDDE6B44F0A/w=0_10_/t=zbios/l=1/tc,1,100,0
m.baidu.com/from=1020786o/bd_page_type=1/ssid=0/uid=0/pu=usm%400%2Csz%401320_1001%2Cta%40iphone_2_10.0_19_22.2/baiduid=8082CC609768DF5E914FC54317A1D76A/w=0_10_/t=iphone/l=1/tc,1,100,0
m.baidu.com/from=1020786o/bd_page_type=1/ssid=0/uid=0/pu=usm%400%2Csz%401320_1001%2Cta%40iphone_2_13.0_19_24.2/baiduid=E7CA85721BF5DFD2B258C152BD0D6E89/w=0_10_/t=iphone/l=1/tc,1,100,0
m.baidu.com/from=1020786o/bd_page_type=1/ssid=0/uid=0/pu=usm%400%2Csz%401320_1001%2Cta%40iphone_2_13.0_19_24.3/baiduid=A43CD98A0B6FEEE7E6F9AC32E9E8F78D/w=0_10_/t=iphone/l=1/tc,1,100,0
