name,unique_entrances,total_entrances,visit_duration
/3.12/,283,300,117
/3.12/tutorial/index.html,168,176,86
/3/,151,151,384
/3.12/using/windows.html,137,143,25
/3.12/library/functions.html,124,139,220
/3.12/whatsnew/3.12.html,120,121,77
/3.12/search.html,80,85,251
/3.12/library/typing.html,73,73,202
/3.12/tutorial/,68,70,211
/3.12/library/,64,67,118
/3.12/library/stdtypes.html,64,68,193
/3.12/library/2to3.html,62,64,111
/3.12/index.html,58,61,39
/3.12/library/index.html,55,61,384
/3.12/library/datetime.html,47,47,42
/3.12/library/exceptions.html,41,41,23
/3.12/library/os.html,38,39,33
/zh-cn/3.12/using/mac.html,36,36,24
/3.12/tutorial/controlflow.html,34,37,202
/3.12/tutorial/interpreter.html,34,40,105
/3.12/tutorial/appetite.html,30,30,182
/3.12/library/tkinter.html,29,29,133
/3/library/typing.html,28,28,597
/zh-cn/3.12/,26,26,112
/zh-cn/3.12/tutorial/index.html,26,27,147
/3.12/tutorial/introduction.html,25,30,35
/zh-cn/3.12/library/index.html,25,26,222
/3.12/library/os.path.html,21,21,85
/3.12/library/random.html,20,20,105
/3.12/library/telnetlib.html,20,20,66
/3/tutorial/index.html,19,19,661
/3.12/library/asyncio.html,18,18,116
/3.12/library/logging.html,18,18,182
/3.12/library/math.html,18,18,138
/3.12/library/pathlib.html,18,18,28
/3.12/reference/datamodel.html,17,18,239
/zh-cn/3.12/library/multiprocessing.html,17,18,0
/zh-cn/3.12/library/subprocess.html,17,17,177
/3.12/contents.html,16,16,270
/3.12/library/collections.html,16,16,23
/zh-cn/3.12/library/asyncio.html,16,16,400
/3.12/library/threading.html,15,15,124
/3/search.html,15,15,427
/zh-cn/3.12/search.html,15,18,215
/3.12/download.html,14,15,7
/3.12/library/re.html,14,15,79
/3.13/,14,14,202
/zh-cn/3.12/library/typing.html,14,14,0
/3.12/library/multiprocessing.html,13,16,163
/3/library/functions.html,13,13,1646
/zh-cn/3.12/library/heapq.html,13,13,6
/zh-cn/3.12/library/threading.html,13,13,50
/3.12/library/itertools.html,12,13,427
/3.12/py-modindex.html,12,13,118
/3.12/reference/index.html,12,12,48
/3.12/tutorial/datastructures.html,12,12,169
/3/library/asyncio-task.html,12,12,1149
/3/library/datetime.html,12,12,820
/3/library/subprocess.html,12,12,758
/3/whatsnew/3.12.html,12,12,251
/zh-cn/3.12/library/asyncio-task.html,12,12,72
/zh-cn/3.12/library/functions.html,12,12,18
/zh-cn/3.12/library/pathlib.html,12,13,5
/3.12/installing/index.html,11,11,114
/3.12/library/argparse.html,11,11,110
/3.12/library/csv.html,11,11,88
/3.12/library/subprocess.html,11,12,141
/3.12/library/urllib.parse.html,11,13,27
/3.12/whatsnew/changelog.html,11,17,57
/3/library/dataclasses.html,11,11,277
/3/library/telnetlib.html,11,11,42
/zh-cn/3.12/library/logging.html,11,11,25
/zh-cn/3.12/using/,11,11,148
/3.12/library/asyncio-task.html,10,10,479
/3/library/pathlib.html,10,10,626
/3/whatsnew/3.13.html,10,10,1478
/zh-cn/3.12/library/__main__.html,10,10,233
/3.12/library/idle.html,9,9,0
/3.12/library/io.html,9,9,6
/3.12/library/sqlite3.html,9,9,151
/3.12/library/string.html,9,10,365
/3.12/tutorial/errors.html,9,9,672
/3/library/index.html,9,9,920
/3/library/stdtypes.html,9,9,507
/3/library/threading.html,9,9,1238
/zh-cn/3.12/library/argparse.html,9,9,64
/zh-cn/3.12/library/collections.html,9,9,0
/zh-cn/3.12/library/stdtypes.html,9,9,1382
/zh-cn/3.12/library/unittest.html,9,10,1
/3.12/library/json.html,8,8,7
/3.12/library/queue.html,8,8,194
/3.12/library/turtle.html,8,8,0
/3.12/using/cmdline.html,8,8,183
/3.15/,8,8,250
/3/library/idle.html,8,8,231
/3/library/itertools.html,8,8,1070
/zh-cn/3.12/index.html,8,8,34
/zh-cn/3.12/library/datetime.html,8,8,40
/zh-cn/3.12/library/queue.html,8,8,1
/zh-cn/3.12/library/tempfile.html,8,8,0
/zh-cn/3.12/whatsnew/3.12.html,8,8,7
/3.12/glossary.html,7,8,254
/3.12/library/intro.html,7,8,125
/3.12/library/unittest.mock.html,7,8,16
/3.12/using/index.html,7,7,86
/3/index.html,7,7,167
/3/library/multiprocessing.html,7,7,1574
/3/library/os.html,7,7,1660
/3/library/tkinter.html,7,7,212
/3/library/venv.html,7,7,857
/pt-br/3.12/howto/regex.html,7,7,18
/zh-cn/3.12/contents.html,7,7,385
/zh-cn/3.12/library/ssl.html,7,9,258
/3.12/library/copy.html,6,6,4
/3.12/library/dataclasses.html,6,6,2
/3.12/library/enum.html,6,7,0
/3.12/library/functools.html,6,6,19
/3.12/library/http.client.html,6,6,2
/3.12/library/importlib.resources.html,6,6,123
/3.12/library/pickle.html,6,6,0
/3.12/library/sys.html,6,7,215
/3.12/library/tarfile.html,6,6,160
/3.12/library/time.html,6,6,1467
/3.12/reference/compound_stmts.html,6,7,8
/3/library/argparse.html,6,6,1139
/3/library/asyncio.html,6,6,1429
/3/library/collections.html,6,6,684
/3/library/string.html,6,6,256
/3/library/tempfile.html,6,6,312
/3/reference/index.html,6,6,408
/zh-cn/3.12/library/asyncio-eventloop.html,6,6,58
/zh-cn/3.12/library/ctypes.html,6,6,1
/zh-cn/3.12/library/itertools.html,6,6,90
/zh-cn/3.12/library/venv.html,6,6,0
/zh-cn/3.12/license.html,6,6,0
/zh-cn/3.12/reference/simple_stmts.html,6,6,117
/zh-cn/3/,6,6,203
/3.12/faq/index.html,5,6,334
/3.12/howto/logging.html,5,5,29
/3.12/library/constants.html,5,5,2
/3.12/library/heapq.html,5,5,0
/3.12/library/shutil.html,5,5,0
/3.12/library/types.html,5,5,0
/3.12/library/warnings.html,5,5,13
/3.12/library/xml.etree.elementtree.html,5,5,14
/3.12/license.html,5,5,0
/3.12/reference/lexical_analysis.html,5,5,77
/3.14/,5,5,82
/3/faq/,5,5,746
/3/library/concurrent.futures.html,5,5,687
/3/library/json.html,5,5,615
/3/library/re.html,5,5,215
/3/library/turtle.html,5,5,137
/3/tutorial/,5,5,172
/3/tutorial/controlflow.html,5,5,161
/3/tutorial/errors.html,5,5,587
/ja/3.12/library/stdtypes.html,5,5,382
/ja/3.12/library/typing.html,5,5,0
/ja/3.12/whatsnew/3.12.html,5,6,626
/pt-br/3/,5,5,425
/zh-cn/3.12/download.html,5,5,277
/zh-cn/3.12/howto/logging.html,5,5,0
/zh-cn/3.12/library/,5,5,336
/zh-cn/3.12/library/gc.html,5,5,0
/zh-cn/3.12/library/random.html,5,5,0
/zh-cn/3.12/library/re.html,5,5,70
/zh-cn/3.12/reference/index.html,5,5,464
/zh-cn/3.12/tutorial/controlflow.html,5,5,37
/zh-cn/3/tutorial/index.html,5,5,1230
/3.12/library/asyncio-eventloop.html,4,4,0
/3.12/library/base64.html,4,4,6
/3.12/library/cgi.html,4,4,12
/3.12/library/collections.abc.html,4,4,29
/3.12/library/configparser.html,4,4,763
/3.12/library/logging.config.html,4,5,282
/3.12/library/tempfile.html,4,4,0
/3.12/library/unittest.html,4,4,0
/3.12/library/urllib.request.html,4,4,2326
/3.12/tutorial/modules.html,4,4,156
/3.12/using/configure.html,4,4,2
/3.12/using/mac.html,4,4,2
/3.13/using/windows.html,4,4,260
/3.13/whatsnew/3.13.html,4,4,78
/3/library/difflib.html,4,4,14
/3/library/enum.html,4,4,50
/3/library/importlib.html,4,4,1291
/3/library/logging.handlers.html,4,4,358
/3/library/sqlite3.html,4,4,125
/3/reference/grammar.html,4,4,8
/3/tutorial/appetite.html,4,4,41
/es/3.12/tutorial/interpreter.html,4,4,0
/fr/3.12/library/stdtypes.html,4,4,0
/ja/3.12/library/os.html,4,4,336
/ja/3.12/using/windows.html,4,4,41
/zh-cn/3.12/howto/argparse.html,4,4,8
/zh-cn/3.12/library/socket.html,4,4,0
/zh-cn/3.12/library/sys.html,4,4,0
/zh-cn/3.12/reference/datamodel.html,4,4,493
/zh-cn/3.12/reference/import.html,4,4,0
/zh-cn/3.12/tutorial/introduction.html,4,4,0
/zh-cn/3.12/tutorial/venv.html,4,4,0
/zh-cn/3.12/whatsnew/3.11.html,4,4,44
/3.12/genindex.html,3,3,13
/3.12/howto/index.html,3,3,630
/3.12/howto/perf_profiling.html,3,3,187
/3.12/howto/sorting.html,3,3,0
/3.12/library/abc.html,3,3,0
/3.12/library/ast.html,3,3,88
/3.12/library/concurrent.futures.html,3,4,0
/3.12/library/contextvars.html,3,3,0
/3.12/library/decimal.html,3,3,2
/3.12/library/dis.html,3,3,0
/3.12/library/hashlib.html,3,3,0
/3.12/library/importlib.html,3,3,32
/3.12/library/inspect.html,3,3,1275
/3.12/library/pipes.html,3,3,0
/3.12/library/select.html,3,3,553
/3.12/library/signal.html,3,3,0
/3.12/library/socket.html,3,3,836
/3.12/library/struct.html,3,3,935
/3.12/library/sys.monitoring.html,3,3,0
/3.12/library/tkinter.ttk.html,3,3,0
/3.12/library/venv.html,3,4,32
/3.12/reference/,3,4,0
/3.12/reference/grammar.html,3,4,2
/3/contents.html,3,3,515
/3/howto/logging.html,3,3,64
/3/library/configparser.html,3,3,200
/3/library/csv.html,3,3,762
/3/library/exceptions.html,3,3,1392
/3/library/http.client.html,3,3,57
/3/library/logging.html,3,3,635
/3/library/pdb.html,3,3,771
/3/library/pickle.html,3,3,208
/3/library/pipes.html,3,3,1
/3/library/queue.html,3,3,244
/3/library/socket.html,3,3,1208
/3/library/time.html,3,3,751
/3/library/urllib.html,3,3,64
/3/library/zoneinfo.html,3,3,115
/3/py-modindex.html,3,3,371
/3/reference/datamodel.html,3,3,108
/3/whatsnew/index.html,3,3,183
/es/3.12/library/itertools.html,3,4,0
/es/3.12/library/tkinter.html,3,4,0
/es/3.12/tutorial/index.html,3,3,28
/fr/3.12/search.html,3,3,497
/ja/3.12/,3,3,0
/ja/3.12/index.html,3,3,20
/ja/3.12/library/codecs.html,3,3,0
/ja/3.12/library/functions.html,3,3,138
/ja/3.12/library/re.html,3,3,3
/ja/3.12/tutorial/,3,3,7
/ja/3.12/tutorial/controlflow.html,3,3,0
/ja/3.12/tutorial/index.html,3,4,102
/ja/3/library/codecs.html,3,3,543
/ko/3.12/using/windows.html,3,3,0
/zh-cn/3.12/installing/index.html,3,4,0
/zh-cn/3.12/library/asyncio-future.html,3,3,0
/zh-cn/3.12/library/atexit.html,3,3,0
/zh-cn/3.12/library/inspect.html,3,3,0
/zh-cn/3.12/library/lzma.html,3,3,0
/zh-cn/3.12/library/os.html,3,3,2172
/zh-cn/3.12/library/pprint.html,3,3,2
/zh-cn/3.12/library/shlex.html,3,3,19
/zh-cn/3.12/library/string.html,3,3,41
/zh-cn/3.12/library/time.html,3,3,0
/zh-cn/3.12/library/tk.html,3,3,394
/zh-cn/3.12/library/tkinter.html,3,3,81
/zh-cn/3.12/library/turtle.html,3,3,0
/zh-cn/3.12/reference/expressions.html,3,3,333
/zh-cn/3.12/tutorial/appetite.html,3,3,0
/zh-cn/3.12/tutorial/datastructures.html,3,3,0
/zh-cn/3.12/tutorial/modules.html,3,3,99
/zh-cn/3.12/using/cmdline.html,3,3,537
/zh-cn/3.12/using/index.html,3,3,0
/zh-cn/3.12/using/windows.html,3,3,6
/zh-cn/3.13/,3,3,782
/zh-cn/3.13/using/index.html,3,3,86
/zh-tw/3.12/index.html,3,3,442
/zh-tw/3.12/installing/index.html,3,3,0
/zh-tw/3.12/using/mac.html,3,3,0
/zh-tw/3.13/tutorial/index.html,3,3,143
/3.12/faq/programming.html,2,3,0
/3.12/howto/logging-cookbook.html,2,2,799
/3.12/library/__future__.html,2,2,900
/3.12/library/array.html,2,2,436
/3.12/library/asyncio-runner.html,2,2,10
/3.12/library/audioop.html,2,2,0
/3.12/library/bisect.html,2,3,0
/3.12/library/contextlib.html,2,2,0
/3.12/library/ctypes.html,2,4,0
/3.12/library/filesys.html,2,2,3692
/3.12/library/ftplib.html,2,2,0
/3.12/library/gc.html,2,2,11
/3.12/library/gettext.html,2,2,1
/3.12/library/glob.html,2,2,9
/3.12/library/hmac.html,2,2,0
/3.12/library/http.server.html,2,2,0
/3.12/library/ipaddress.html,2,2,0
