name,unique_exits,total_exits,exit_rate
/ja/3/library/codecs.html,244,248,
/ja/3/tutorial/,154,159,
/ja/3/library/functions.html,105,108,
/ja/3/,104,114,
/ja/3/library/index.html,71,77,
/ja/3/library/stdtypes.html,64,67,
/ja/3/tutorial/interpreter.html,60,64,
/ja/3/tutorial/index.html,54,59,
/ja/3/reference/introduction.html,49,49,
/ja/3/library/random.html,47,48,
/ja/3/tutorial/introduction.html,46,46,
/ja/3/tutorial/controlflow.html,45,46,
/ja/3/tutorial/datastructures.html,42,44,
/ja/3.13/library/datetime.html,36,35,
/ja/3/library/argparse.html,32,32,
/ja/3.15/using/windows.html,30,30,
/ja/3/library/pathlib.html,30,31,
/ja/3/library/subprocess.html,30,31,
/ja/3/library/re.html,29,29,
/ja/3/library/venv.html,29,29,
/ja/3/library/itertools.html,27,29,
/ja/3/library/datetime.html,25,26,
/ja/3/reference/index.html,24,25,
/ja/3/search.html,24,25,
/ja/3/library/tkinter.html,23,23,
/ja/3/library/typing.html,23,24,
/ja/3/library/math.html,22,22,
/ja/3/tutorial/modules.html,22,22,
/ja/3/tutorial/classes.html,21,22,
/ja/3.13/library/logging.html,20,20,
/ja/3/library/enum.html,20,20,
/ja/3/library/os.html,20,21,
/ja/3.13/library/stdtypes.html,19,19,
/ja/3/library/json.html,19,20,
/ja/3/tutorial/appetite.html,19,19,
/ja/3/library/sqlite3.html,18,18,
/ja/3/tutorial/errors.html,17,17,
/ja/3.13/library/functions.html,16,17,
/ja/3.14/tutorial/index.html,16,16,
/ja/3/library/csv.html,16,16,
/ja/3.13/tutorial/,15,15,
/ja/3.13/tutorial/inputoutput.html,15,16,
/ja/3/library/idle.html,15,15,
/ja/3.13/library/itertools.html,14,14,
/ja/3.14/,14,13,
/ja/3/index.html,14,14,
/ja/3/installing/index.html,14,16,
/ja/3/library/asyncio.html,14,14,
/dev/using/windows.html,13,13,
/ja/3.13/library/index.html,13,13,
/ja/3.13/tutorial/index.html,13,14,
/ja/3/library/,13,13,
/ja/3/using/windows.html,13,13,
/ja/3.13/library/csv.html,12,12,
/ja/3.13/library/os.html,12,13,
/ja/3.13/library/string.html,12,12,
/ja/3/library/exceptions.html,12,12,
/ja/3/library/logging.html,12,12,
/ja/3/library/threading.html,12,12,
/ja/3/tutorial/inputoutput.html,12,12,
/ja/3.13/library/exceptions.html,11,11,
/ja/3.13/library/multiprocessing.html,11,12,
/ja/3.13/library/struct.html,11,11,
/ja/3.13/library/subprocess.html,11,11,
/ja/3.13/tutorial/classes.html,11,12,
/ja/3.14/c-api/intro.html,11,11,
/ja/3.14/tutorial/controlflow.html,11,11,
/ja/3.15/library/idle.html,11,11,
/ja/3/library/time.html,11,11,
/ja/3.13/library/copyreg.html,10,10,
/ja/3.13/library/sqlite3.html,10,10,
/ja/3.13/search.html,10,10,
/ja/3.13/tutorial/interpreter.html,10,10,
/ja/3.14/library/stdtypes.html,10,13,
/ja/3/library/collections.html,10,10,
/ja/3/library/string.html,10,10,
/ja/3/tutorial/venv.html,10,10,
/ja/3/using/cmdline.html,10,11,
/ja/3/using/ios.html,10,10,
/ja/3.13/library/argparse.html,9,9,
/ja/3.13/library/concurrent.futures.html,9,10,
/ja/3.13/library/decimal.html,9,9,
/ja/3.13/library/pathlib.html,9,9,
/ja/3.13/library/zipfile.html,9,9,
/ja/3.13/tutorial/controlflow.html,9,9,
/ja/3/glossary.html,9,10,
/ja/3/library/asyncio-task.html,9,9,
/ja/3/library/turtle.html,9,9,
/ja/3.13/library/typing.html,8,8,
/ja/3.13/using/windows.html,8,8,
/ja/3.14/tutorial/introduction.html,8,9,
/ja/3/library/bisect.html,8,8,
/ja/3/library/glob.html,8,8,
/ja/3/library/os.path.html,8,8,
/ja/3/library/socket.html,8,8,
/ja/3/reference/datamodel.html,8,9,
/ja/3.13/howto/sorting.html,7,7,
/ja/3.13/library/http.server.html,7,7,
/ja/3.13/library/math.html,7,7,
/ja/3.13/library/threading.html,7,7,
