name,unique_entrances,total_entrances,visit_duration
/fr/3/tutorial/,443,463,177
/fr/3/library/random.html,119,121,83
/fr/3/tutorial/classes.html,115,121,171
/fr/3/tutorial/datastructures.html,115,119,221
/3/,94,94,581
/fr/3/library/tkinter.html,92,92,100
/fr/3/library/turtle.html,88,94,90
/fr/3/library/csv.html,83,86,242
/fr/3/howto/sorting.html,72,75,162
/fr/3/,65,65,159
/fr/3/tutorial/interpreter.html,57,57,242
/dev/using/windows.html,54,54,277
/fr/3/tutorial/appetite.html,52,53,216
/fr/3/library/stdtypes.html,50,50,53
/fr/3/tutorial/venv.html,50,53,48
/fr/3/library/json.html,47,48,94
/fr/3.15/using/windows.html,46,46,112
/fr/3/tutorial/errors.html,44,45,159
/fr/3/library/enum.html,41,42,352
/fr/3/library/functions.html,41,43,349
/fr/3/library/idle.html,40,40,81
/fr/3/library/datetime.html,38,39,65
/fr/3/tutorial/introduction.html,37,37,277
/fr/3/search.html,35,36,201
/fr/3/tutorial/controlflow.html,32,34,470
/fr/3/library/re.html,29,29,229
/fr/3.13/tutorial/classes.html,28,28,83
/fr/3.13/tutorial/index.html,28,29,277
/fr/dev/installing/index.html,28,29,63
/fr/3/library/__main__.html,26,26,17
/fr/3/library/index.html,26,27,222
/fr/3/library/statistics.html,26,27,214
/fr/3/library/string.html,25,26,98
/fr/3/tutorial/index.html,25,25,45
/fr/3.13/tutorial/errors.html,24,24,58
/fr/3/library/subprocess.html,23,23,427
/fr/3/tutorial/inputoutput.html,23,23,446
/3/library/tkinter.html,22,22,327
/fr/3/howto/regex.html,22,22,656
/fr/3/library/collections.html,22,22,152
/fr/3/library/time.html,22,22,15
/fr/3/library/math.html,21,22,256
/3/tutorial/index.html,19,19,727
/fr/3.13/reference/import.html,19,19,212
/fr/3.14/,19,19,199
/fr/3.14/search.html,19,22,238
/fr/3/genindex-Symboles.html,18,18,47
/fr/3/library/exceptions.html,18,19,426
/fr/3/reference/import.html,18,18,45
/fr/3/tutorial/modules.html,18,18,376
/fr/3/library/glob.html,17,17,2
/fr/3/using/cmdline.html,17,17,5
/fr/3/library/pathlib.html,16,17,6
/fr/3/library/sys.html,16,16,289
/3/library/turtle.html,15,15,557
/fr/3.13/library/turtle.html,15,15,372
/fr/3.13/tutorial/introduction.html,15,17,54
/fr/3/howto/enum.html,15,15,119
/fr/3/howto/sockets.html,15,15,38
/3/library/random.html,14,15,1537
/fr/3.13/library/tkinter.html,14,14,104
/fr/3.13/tutorial/datastructures.html,14,14,289
/fr/3/library/asyncio.html,14,14,48
/fr/3.13/library/math.html,13,13,132
/fr/3.13/library/random.html,13,18,282
/fr/3.14/tutorial/index.html,13,15,195
/fr/3/library/venv.html,13,13,469
/3/library/index.html,12,12,912
/3/search.html,12,12,913
/fr/3.14/library/functions.html,12,13,402
/fr/3.14/tutorial/introduction.html,12,13,316
/fr/3/contents.html,12,12,93
/fr/3.13/howto/sorting.html,11,11,149
/fr/3/library/timeit.html,11,11,26
/3/library/datetime.html,10,10,970
/3/library/stdtypes.html,10,10,1092
/fr/3.13/using/windows.html,10,10,236
/fr/3.14/tutorial/classes.html,10,10,90
/fr/3.14/tutorial/datastructures.html,10,10,333
/fr/3/glossary.html,10,10,295
/fr/3/installing/index.html,10,10,4
/fr/3/library/multiprocessing.html,10,10,347
/fr/3/reference/simple_stmts.html,10,10,11
/3/library/csv.html,9,9,1854
/3/library/functions.html,9,9,808
/fr/3/howto/argparse.html,9,10,718
/fr/3/howto/unicode.html,9,9,187
/fr/3/library/os.html,9,9,11
/fr/3/py-modindex.html,9,10,157
/fr/dev/reference/compound_stmts.html,9,9,37
/3/library/math.html,8,8,569
/3/library/pathlib.html,8,8,992
/3/library/re.html,8,8,528
/fr/3.13/faq/windows.html,8,8,0
/fr/3.13/library/functions.html,8,9,2
/fr/3.14/library/index.html,8,9,347
/fr/3.14/reference/datamodel.html,8,9,390
/fr/3/library/copy.html,8,8,0
/fr/3/library/filesys.html,8,9,86
/fr/3/library/pprint.html,8,8,332
/fr/3/library/tkinter.font.html,8,8,2
/3/library/exceptions.html,7,7,1878
/3/library/multiprocessing.html,7,7,572
/3/tutorial/classes.html,7,7,537
/3/tutorial/datastructures.html,7,7,1404
/fr/3.14/tutorial/interpreter.html,7,7,621
/fr/3/library/decimal.html,7,7,207
/fr/3/library/pdb.html,7,8,670
/fr/3/library/tkinter.ttk.html,7,7,185
/fr/3/library/unittest.html,7,7,4
/fr/3/using/windows.html,7,8,232
/3/library/argparse.html,6,6,1345
/3/tutorial/introduction.html,6,6,2440
/fr/3.12/library/stdtypes.html,6,7,0
/fr/3.13/library/pathlib.html,6,6,4
/fr/3.13/library/stdtypes.html,6,6,65
/fr/3.13/search.html,6,6,90
/fr/3.14/library/math.html,6,6,657
/fr/3.14/library/stdtypes.html,6,6,0
/fr/3/download.html,6,6,42
/fr/3/index.html,6,6,168
/fr/3/library/abc.html,6,6,0
/fr/3/library/operator.html,6,6,0
/fr/3/library/tempfile.html,6,6,302
/fr/3/library/typing.html,6,6,0
/3.14/,5,5,947
/3.14/tutorial/,5,5,224
/3/library/dataclasses.html,5,5,642
/3/library/json.html,5,5,937
/3/library/string.html,5,5,2159
/3/library/subprocess.html,5,5,1099
/3/library/threading.html,5,5,818
/3/library/tk.html,5,5,352
/3/tutorial/,5,5,491
/3/tutorial/errors.html,5,5,3
/fr/3.13/,5,6,35
/fr/3.13/library/datetime.html,5,5,0
/fr/3.13/library/operator.html,5,5,0
/fr/3.13/library/tkinter.ttk.html,5,5,90
/fr/3.14/library/tkinter.html,5,5,171
/fr/3.14/tutorial/appetite.html,5,5,662
/fr/3.14/tutorial/controlflow.html,5,6,0
/fr/3.14/tutorial/modules.html,5,5,241
/fr/3/extending/extending.html,5,5,0
/fr/3/howto/logging.html,5,5,0
/fr/3/library/base64.html,5,5,98
/fr/3/library/cmd.html,5,5,440
/fr/3/library/ctypes.html,5,5,111
/fr/3/library/fnmatch.html,5,5,0
/fr/3/library/queue.html,5,5,7
/fr/3/library/text.html,5,5,16
/fr/3/library/zipfile.html,5,6,386
/fr/3/reference/expressions.html,5,5,75
/fr/3/using/unix.html,5,5,2
/fr/dev/tutorial/datastructures.html,5,5,350
/3/glossary.html,4,4,846
/3/howto/sorting.html,4,4,110
/3/library/collections.html,4,5,957
/3/library/enum.html,4,4,377
/3/library/hashlib.html,4,4,1024
/3/library/logging.html,4,5,815
/3/library/time.html,4,4,1099
/3/using/windows.html,4,4,112
/fr/3.12/using/index.html,4,4,0
/fr/3.13/installing/index.html,4,4,0
/fr/3.13/library/asyncio.html,4,4,0
/fr/3.13/library/base64.html,4,4,0
/fr/3.13/library/hashlib.html,4,4,0
/fr/3.13/library/os.html,4,4,0
/fr/3.14/library/multiprocessing.html,4,4,688
/fr/3.14/using/windows.html,4,4,1044
/fr/3/faq/windows.html,4,4,2
/fr/3/howto/curses.html,4,5,22
/fr/3/library/archiving.html,4,4,0
/fr/3/library/argparse.html,4,4,0
/fr/3/library/contextvars.html,4,4,38
/fr/3/library/dialog.html,4,5,311
/fr/3/library/distribution.html,4,4,5
/fr/3/library/functools.html,4,4,4
/fr/3/library/hashlib.html,4,4,0
/fr/3/library/http.client.html,4,4,0
/fr/3/library/warnings.html,4,4,0
/fr/3/reference/index.html,4,4,927
/fr/3/tutorial/stdlib.html,4,4,479
/fr/3/whatsnew/index.html,4,4,4
/3.14/using/windows.html,3,3,35
/3/download.html,3,3,139
/3/howto/logging.html,3,3,999
/3/library/idle.html,3,3,679
/3/library/itertools.html,3,3,335
/3/library/os.html,3,3,823
/3/library/os.path.html,3,3,710
/3/library/pickle.html,3,3,45
/3/library/pydoc.html,3,3,397
/3/library/signal.html,3,3,4514
/3/library/venv.html,3,3,947
/3/library/xml.etree.elementtree.html,3,3,800
/3/library/zipfile.html,3,3,578
/3/reference/index.html,3,3,40
/fr/3.13/contents.html,3,3,2
/fr/3.13/howto/annotations.html,3,3,98
/fr/3.13/howto/enum.html,3,3,351
/fr/3.13/howto/sockets.html,3,3,0
/fr/3.13/library/atexit.html,3,3,0
/fr/3.13/library/csv.html,3,3,0
/fr/3.13/library/tkinter.font.html,3,3,0
/fr/3.13/library/unittest.html,3,3,0
/fr/3.13/reference/lexical_analysis.html,3,3,34
/fr/3.13/tutorial/controlflow.html,3,3,0
/fr/3.14/library/collections.html,3,3,1118
/fr/3.14/library/datetime.html,3,3,3
/fr/3.14/library/itertools.html,3,3,0
/fr/3.14/reference/index.html,3,3,204
/fr/3/extending/index.html,3,3,428
/fr/3/library/,3,3,47
/fr/3/library/asyncio-task.html,3,3,72
/fr/3/library/colorsys.html,3,3,129
/fr/3/library/doctest.html,3,3,0
/fr/3/library/filecmp.html,3,4,4
/fr/3/library/heapq.html,3,3,493
/fr/3/library/pydoc.html,3,3,49
/fr/3/library/secrets.html,3,3,19
/fr/3/library/tarfile.html,3,3,0
/fr/3/library/tokenize.html,3,3,0
/fr/3/library/urllib.html,3,3,21
/fr/3/using/editors.html,3,4,35
/fr/3/using/mac.html,3,3,0
/fr/3/whatsnew/3.14.html,3,3,72
/fr/dev/library/xml.etree.elementtree.html,3,3,409
/fr/dev/reference/datamodel.html,3,3,317
/fr/dev/reference/expressions.html,3,3,12
/fr/dev/tutorial/errors.html,3,3,843
/fr/dev/tutorial/inputoutput.html,3,3,1716
/fr/dev/using/windows.html,3,3,0
/3.12/tutorial/,2,2,86
/3.13/index.html,2,2,1906
/3.14/library/stdtypes.html,2,2,408
/3.14/tutorial/index.html,2,2,884
/3/howto/enum.html,2,2,282
/3/library/abc.html,2,2,4103
/3/library/ast.html,2,2,27
/3/library/asyncio-task.html,2,2,1374
/3/library/contextlib.html,2,2,83
/3/library/contextvars.html,2,2,1064
/3/library/copy.html,2,2,842
/3/library/dialog.html,2,2,236
/3/library/ensurepip.html,2,2,266
/3/library/filesys.html,2,2,222
/3/library/pdb.html,2,2,6
/3/library/shlex.html,2,2,1268
/3/library/statistics.html,2,2,3962
/3/library/sys.html,2,2,2877
/3/library/tarfile.html,2,2,450
/3/library/tempfile.html,2,2,2
/3/library/textwrap.html,2,2,2070
/3/library/unittest.html,2,2,2019
/3/library/winsound.html,2,2,1498
/3/tutorial/appetite.html,2,2,1579
/3/tutorial/inputoutput.html,2,2,285
/3/tutorial/modules.html,2,2,511
/3/tutorial/venv.html,2,2,174
/3/using/cmdline.html,2,2,94
/fr/3.12/,2,2,4
/fr/3.12/index.html,2,2,0
/fr/3.12/library/csv.html,2,2,1062
/fr/3.12/library/random.html,2,2,8
/fr/3.12/license.html,2,2,0
/fr/3.12/tutorial/index.html,2,2,29
/fr/3.12/tutorial/venv.html,2,2,4
/fr/3.12/whatsnew/index.html,2,2,7
/fr/3.13/c-api/intro.html,2,2,0
/fr/3.13/download.html,2,2,0
/fr/3.13/library/ast.html,2,2,0
/fr/3.13/library/decimal.html,2,2,0
/fr/3.13/library/dialog.html,2,2,0
/fr/3.13/library/filesys.html,2,2,0
/fr/3.13/library/heapq.html,2,2,0
/fr/3.13/library/html.parser.html,2,2,232
/fr/3.13/library/markup.html,2,2,0
/fr/3.13/library/os.path.html,2,2,0
/fr/3.13/library/pdb.html,2,2,0
/fr/3.13/library/tkinter.scrolledtext.html,2,2,116
/fr/3.13/library/uuid.html,2,2,0
/fr/3.13/library/zlib.html,2,2,0
/fr/3.13/reference/index.html,2,2,0
/fr/3.13/reference/simple_stmts.html,2,2,0
/fr/3.13/tutorial/modules.html,2,2,0
/fr/3.13/whatsnew/3.12.html,2,2,0
/fr/3.14/index.html,2,2,16
/fr/3.14/library/abc.html,2,2,0
/fr/3.14/library/csv.html,2,2,381
/fr/3.14/library/idle.html,2,2,3
/fr/3.14/library/intro.html,2,2,0
/fr/3.14/library/ipaddress.html,2,2,12
/fr/3.14/library/sndhdr.html,2,2,0
/fr/3.14/library/typing.html,2,2,4
/fr/3.14/library/unittest.html,2,2,0
/fr/3.14/py-modindex.html,2,3,13
/fr/3.14/tutorial/,2,2,13
/fr/3.14/using/configure.html,2,2,117
