name,version,visitors
Windows,10,3053
Mac,10.15,894
iOS,18.7,162
Android,10,146
GNU/Linux,(not set),143
Android,15,74
iOS,26.2,64
Android,14,62
iOS,18.6,48
Android,13,45
Chrome OS,14541.0,45
Android,12,40
Android,16,36
HarmonyOS,3.0,36
Android,11,30
Ubuntu,(not set),24
HarmonyOS,(not set),23
HarmonyOS,2.2,20
Windows,XP,20
iOS,18.5,16
Mac,10.13,15
Android,9,14
iOS,16.7,12
(not set),(not set),10
Android,8.1,8
iOS,16.5,5
iOS,17.6,4
iOS,17.7,4
iOS,18.3,4
iOS,18.4,3
Mac,10.14,2
iOS,15.6,2
iOS,15.8,2
iOS,16.4,2
iOS,16.6,2
iOS,17.4,2
iOS,17.5,2
iOS,14.0,1
iOS,14.4,1
iOS,15.7,1
iOS,16.2,1
iOS,16.3,1
iOS,17.2,1
iOS,17.3,1
iPadOS,17.3,1
iPadOS,17.7,1
iOS,18.0,1
iOS,18.1,1
iOS,18.2,1
HarmonyOS,2.1,1
Windows,7,1
CyanogenMod,7,1
Windows,8.1,1
