name,visitors
India,84672
China,81377
United States,48008
Russian Federation,18225
South Korea,17234
Brazil,16116
Japan,13380
Indonesia,11514
Germany,10951
France,10755
United Kingdom,10489
Vietnam,9105
Mexico,8826
Canada,8368
Hong Kong,7797
Pakistan,7373
Spain,6641
Taiwan,6201
Philippines,5654
Turkey,5417
Colombia,5275
Italy,5178
Netherlands,5039
Australia,4380
Poland,4129
Thailand,4126
Peru,3994
Singapore,3982
Ukraine,3884
Saudi Arabia,3755
Egypt,3325
Iran,3055
Argentina,3051
Malaysia,3026
Bangladesh,2776
United Arab Emirates,2717
Kazakhstan,2566
Nigeria,2481
Uzbekistan,2264
Israel,2251
Chile,2249
Sweden,2111
South Africa,1955
Morocco,1809
Switzerland,1807
Kenya,1777
Belgium,1458
Czechia,1438
Austria,1335
Portugal,1321
Norway,1307
Hungary,1289
Romania,1216
Sri Lanka,1214
Finland,1210
Algeria,1156
Denmark,1147
Ecuador,1115
Ireland,1085
Jordan,991
Iraq,933
Tunisia,876
Belarus,872
Greece,788
Ghana,724
Nepal,659
Slovakia,657
Serbia,653
Bolivia,652
Kyrgyzstan,629
New Zealand,612
Cambodia,583
Costa Rica,572
Bulgaria,547
Dominican Republic,533
Uganda,532
Venezuela,503
Myanmar,499
Latvia,498
Lithuania,496
Azerbaijan,495
Mongolia,454
Guatemala,435
Croatia,430
Yemen,406
Qatar,388
Ethiopia,343
Uruguay,343
Rwanda,322
Lebanon,321
Oman,309
Estonia,306
Kuwait,304
Côte d'Ivoire,301
Georgia,300
Moldova,300
El Salvador,298
Panama,295
Cameroon,278
Slovenia,274
Armenia,269
Afghanistan,263
Zimbabwe,251
Madagascar,247
Macao,239
Tanzania,236
Honduras,233
Zambia,231
Paraguay,229
Bahrain,226
Angola,225
Jamaica,220
"Congo, The Democratic Republic of the",210
Bhutan,209
Cyprus,195
Senegal,189
Tajikistan,180
Libya,174
Bosnia and Herzegovina,160
"Palestine, State of",158
Syria,156
Puerto Rico,145
Albania,139
Mozambique,139
Togo,135
Luxembourg,128
Réunion,128
Burkina Faso,126
Benin,126
Malawi,118
Nicaragua,116
Mauritius,114
Sudan,113
Laos,111
North Macedonia,101
Somalia,97
Kosovo,92
Congo,88
Botswana,80
Cuba,76
Namibia,75
Iceland,72
Guinea,68
Malta,68
Mali,64
Seychelles,60
Chad,60
Montenegro,51
Trinidad and Tobago,49
Guadeloupe,48
South Sudan,47
Gabon,40
Barbados,39
Sierra Leone,37
Papua New Guinea,36
Mauritania,35
Haiti,32
Burundi,31
Liberia,30
Bahamas,29
Andorra,28
Brunei Darussalam,28
French Polynesia,28
Gambia,23
Martinique,23
Maldives,23
Niger,23
Timor-Leste,21
Liechtenstein,18
Eswatini,17
Djibouti,16
Lesotho,15
Cabo Verde,13
Curaçao,13
French Guiana,13
Guyana,13
Belize,12
Cayman Islands,12
New Caledonia,12
Jersey,11
"Virgin Islands, U.S.",10
Guam,9
Isle of Man,9
Fiji,8
Equatorial Guinea,8
Guinea-Bissau,8
Dominica,7
Comoros,7
"Virgin Islands, British",7
Vanuatu,7
Aruba,6
Bermuda,6
Turks and Caicos Islands,6
Turkmenistan,6
Grenada,5
Saint Lucia,5
Suriname,5
Sao Tome and Principe,5
Antigua and Barbuda,4
Guernsey,4
Gibraltar,4
Monaco,4
Northern Mariana Islands,4
Solomon Islands,4
Åland Islands,3
Sint Maarten (Dutch part),3
Saint Vincent and the Grenadines,3
Mayotte,3
Central African Republic,2
Faroe Islands,2
Saint Kitts and Nevis,2
Tonga,2
Anguilla,1
American Samoa,1
"Bonaire, Sint Eustatius and Saba",1
Eritrea,1
Greenland,1
Saint Martin (French part),1
Palau,1
"Saint Helena, Ascension and Tristan da Cunha",1
San Marino,1
Holy See (Vatican City State),1
Samoa,1
