name,unique_exits,total_exits,exit_rate
/pt-br/3/library/venv.html,86,86,
/pt-br/3/tutorial/errors.html,74,82,
/pt-br/3/,62,66,
/pt-br/3/tutorial/,56,60,
/pt-br/3/tutorial/datastructures.html,56,58,
/pt-br/3/library/stdtypes.html,55,68,
/pt-br/3/tutorial/index.html,52,55,
/pt-br/3.13/library/index.html,51,55,
/pt-br/3/library/math.html,45,48,
/pt-br/3.13/tutorial/index.html,33,34,
/pt-br/dev/library/venv.html,33,34,
/3/,31,34,
/pt-br/3.13/library/tkinter.html,30,33,
/pt-br/3/tutorial/controlflow.html,30,31,
/pt-br/3/tutorial/introduction.html,30,30,
/pt-br/3.13/library/stdtypes.html,28,33,
/pt-br/3/tutorial/interpreter.html,28,31,
/pt-br/3/tutorial/classes.html,27,32,
/pt-br/3/search.html,26,29,
/pt-br/3.13/search.html,25,27,
/pt-br/3/library/functions.html,24,25,
/pt-br/3/library/random.html,24,27,
/pt-br/3/library/string.html,22,22,
/pt-br/3.13/,19,24,
/pt-br/3.13/faq/windows.html,17,17,
/pt-br/3.13/library/functions.html,16,17,
/pt-br/3/tutorial/appetite.html,14,14,
/pt-br/3/library/csv.html,12,12,
/pt-br/3/library/index.html,12,13,
/pt-br/3/library/os.html,12,12,
/pt-br/3/tutorial/inputoutput.html,12,12,
/pt-br/3.13/library/random.html,10,10,
/3/library/tkinter.html,9,9,
/pt-br/3.13/tutorial/interpreter.html,9,9,
/pt-br/3/library/,9,9,
/pt-br/3/library/datetime.html,9,10,
/pt-br/3/library/exceptions.html,9,10,
/pt-br/dev/library/tkinter.html,9,10,
/pt-br/3.13/download.html,8,10,
/pt-br/3.13/library/venv.html,8,8,
/pt-br/3.13/tutorial/controlflow.html,8,9,
/pt-br/3/contents.html,8,8,
/pt-br/3/using/windows.html,8,8,
/pt-br/dev/howto/regex.html,8,8,
/pt-br/3.13/library/pickle.html,7,7,
/pt-br/3.13/library/statistics.html,7,9,
/pt-br/3.13/tutorial/appetite.html,7,8,
/pt-br/3/library/re.html,7,7,
/3/library/functions.html,6,6,
/pt-br/3.13/contents.html,6,6,
/pt-br/3.13/library/math.html,6,9,
/pt-br/3.13/library/os.html,6,6,
/pt-br/3.13/library/tk.html,6,6,
/pt-br/3.13/reference/compound_stmts.html,6,6,
/pt-br/3.13/tutorial/introduction.html,6,6,
/pt-br/3/library/pprint.html,6,6,
/pt-br/3/library/shutil.html,6,6,
/pt-br/3/tutorial/modules.html,6,6,
/pt-br/3.13/library/datetime.html,5,5,
/pt-br/3.13/library/json.html,5,5,
/pt-br/3.13/library/time.html,5,6,
/pt-br/3.13/tutorial/datastructures.html,5,5,
/pt-br/3.13/tutorial/venv.html,5,5,
/pt-br/3.13/whatsnew/3.13.html,5,5,
/pt-br/3/glossary.html,5,5,
/pt-br/3/howto/enum.html,5,5,
/pt-br/3/library/subprocess.html,5,5,
/pt-br/3/using/cmdline.html,5,5,
/pt-br/dev/howto/sorting.html,5,5,
/pt-br/dev/reference/import.html,5,5,
/3.13/,4,4,
/3/download.html,4,4,
/3/library/index.html,4,4,
/3/library/venv.html,4,4,
/3/tutorial/datastructures.html,4,4,
/pt-br/3.13/glossary.html,4,4,
/pt-br/3.13/library/collections.html,4,4,
/pt-br/3.13/library/exceptions.html,4,4,
/pt-br/3.13/library/string.html,4,4,
/pt-br/3.13/library/turtle.html,4,4,
/pt-br/3.13/library/zipfile.html,4,4,
/pt-br/3.13/py-modindex.html,4,4,
/pt-br/3.13/reference/index.html,4,4,
/pt-br/3.13/using/windows.html,4,4,
/pt-br/3/download.html,4,4,
/pt-br/3/howto/sockets.html,4,4,
/pt-br/3/index.html,4,4,
/pt-br/3/library/__main__.html,4,5,
/pt-br/3/library/json.html,4,4,
/pt-br/3/library/unittest.html,4,4,
/pt-br/3/reference/lexical_analysis.html,4,4,
/pt-br/3/using/android.html,4,4,
/pt-br/dev/faq/general.html,4,4,
/pt-br/dev/library/calendar.html,4,6,
/pt-br/dev/library/unittest.html,4,4,
/3.13/library/index.html,3,3,
/3/library/re.html,3,3,
/3/library/time.html,3,3,
/3/tutorial/interpreter.html,3,3,
/3/tutorial/venv.html,3,3,
