name,visitors,bounce_rate,visit_duration
Google,1920,80,143
Direct / None,1600,79,282
Bing,157,79,111
Brave,56,69,128
Qwant,56,82,350
DuckDuckGo,52,89,100
openclassrooms.com,37,84,106
python.org,37,0,521
Ecosia,34,78,102
chatgpt.com,22,57,272
ilis-datascience.univ-lille.fr,18,100,4423
Yahoo!,12,75,8
Youtube,6,60,293
capytale2.ac-paris.fr,6,83,134
notebook.basthon.fr,6,83,0
btsio.net,5,50,487
moodle.iedparis8.net,5,80,36
wiki.python.org,5,0,924
fsg-pax-p-jhn01.pax.ulaval.ca,4,100,303
moodle.univ-artois.fr,4,100,0
translations.python.org,4,25,109
GitHub,3,67,21
Lilo,3,100,0
claude.ai,3,50,21
elearning.univ-eiffel.fr,3,100,0
ldm_terminale.forge.apps.education.fr,3,100,0
pearltrees.com,3,0,981
Baidu,2,50,1
Gmail,2,100,264
LinkedIn,2,100,0
Microsoft Teams,2,100,7
akkodisacademy-int.udemy.com,2,100,0
app.pix.fr,2,100,0
codeur-com-blog,2,0,384
formation.force-n.sn,2,100,0
lyceum.fr,2,100,0
madoc.univ-nantes.fr,2,100,0
moodle.polymtl.ca,2,100,0
padlet.com,2,0,77
sfeir.dev,2,50,12
9740952s.index-education.net,1,100,0
Perplexity,1,100,0
Wikipedia,1,100,0
afpy.org,1,0,138
app.nuvolos.cloud,1,100,0
canva.com,1,100,0
chal0037,1,0,5310
codedex.io,1,0,277
confluence.bgpn.net.extra.laposte.fr,1,100,0
console.basthon.fr,1,0,865
copilot.com,1,0,106
copilot.microsoft.com,1,100,0
cs50.harvard.edu,1,0,664
cve.org,1,0,646
cvtic.unilim.fr,1,100,0
dlc.uit.ac.ma,1,100,0
docs.astral.sh,1,0,0
docs.blender.org,1,0,475
documents.migale.inrae.fr,1,100,0
fil.univ-lille.fr,1,100,0
forum.ubuntu-fr.org,1,100,0
foucherconnect.fr,1,0,269
info.blaisepascal.fr,1,100,0
informatique-lycee.forge.apps.education.fr,1,100,0
inseefrlab.github.io,1,100,0
jodoin.github.io,1,0,0
jupyterhub.emi.u-bordeaux.fr,1,0,25
learn-technique.helmo.be,1,100,0
lyc-84-bollene.gitlab.io,1,100,0
lycee-benoit.tech,1,100,0
mharty3.github.io,1,0,47
moodle.unistra.fr,1,0,4268
pandas.pydata.org,1,0,83
perso.liris.cnrs.fr,1,100,0
phychiers.fr,1,100,0
python-docs-translations.github.io,1,100,0
train.learn.datascientest.com,1,100,0
udemy.com,1,100,0
web.isen-ouest.fr,1,0,1877
