name,version,visitors
Windows,10,8401
Mac,10.15,2127
GNU/Linux,(not set),920
Android,10,476
Ubuntu,(not set),210
iOS,18.7,89
iOS,18.6,82
iOS,26.1,45
Chrome OS,14541.0,41
Android,15,27
Android,14,18
Android,16,18
iOS,18.5,16
Windows,7,14
Android,12,11
Android,13,11
iOS,26.2,8
HarmonyOS,(not set),6
iOS,18.3,5
Android,11,4
Windows,8.1,4
Windows,XP,4
Mac,10.14,3
Windows,(not set),2
Mac,10.13,2
Ubuntu,14.04,2
Chrome OS,14816.131,2
iOS,16.7,2
iOS,17.0,2
iOS,17.6,2
Android,8.1,2
(not set),(not set),1
Chrome OS,13597.84,1
Mac,14.4,1
iPadOS,15.6,1
Mac,15.7,1
iPadOS,17.7,1
iOS,18.0,1
iOS,18.1,1
iOS,18.2,1
HarmonyOS,2.2,1
iOS,26.0,1
HarmonyOS,3.0,1
Android,5.1,1
Fire OS,8,1
