property,value,visitors,events,percentage
url,(none),1176,1992,99.7
url,https://www.python.org/,25,26,2.1
url,https://docs.python.org/pt-br/3.14/archives/python-3.14-docs-html.zip,4,4,0.3
url,https://www.python.org/downloads/,4,4,0.3
url,https://apps.microsoft.com/detail/9NQ7512CXL7T,3,4,0.3
url,https://docs.python.org/pt-br/3.14/archives/python-3.14-docs.epub,3,5,0.3
url,https://tkdocs.com/,3,3,0.3
url,https://docs.python.org/pt-br/3.14/archives/python-3.14-docs-html.tar.bz2,2,2,0.2
url,https://docs.python.org/pt-br/3.14/archives/python-3.14-docs-text.zip,2,3,0.2
url,https://docs.python.org/pt-br/3/archives/python-3.14-docs-html.zip,2,2,0.2
url,https://github.com/python/cpython/tree/3.14/Lib/idlelib,2,2,0.2
url,https://github.com/python/cpython/tree/3.14/Lib/idlelib/,2,2,0.2
url,https://datatracker.ietf.org/doc/html/rfc7159.html,1,1,0.1
url,https://devguide.python.org/,1,1,0.1
url,https://devguide.python.org/documentation/start-documenting/#building-the-documentation,1,1,0.1
url,https://docs.python.org/pt-br/3.14/archives/python-3.14-docs-texinfo.tar.bz2,1,1,0.1
url,https://docs.python.org/pt-br/3.14/archives/python-3.14-docs-texinfo.zip,1,1,0.1
url,https://docs.python.org/pt-br/3.14/archives/python-3.14-docs-text.tar.bz2,1,1,0.1
url,https://docs.python.org/pt-br/dev/archives/python-3.15-docs-html.zip,1,1,0.1
url,https://docs.python.org/pt-br/dev/archives/python-3.15-docs.epub,1,2,0.1
url,https://github.com/python/cpython/blob/main/Doc/reference/index.rst?plain=1,1,1,0.1
url,https://github.com/python/cpython/tree/3.14/Lib/tkinter/__init__.py,1,1,0.1
url,https://github.com/python/cpython/tree/main/Lib/zoneinfo,1,1,0.1
url,https://packaging.python.org/en/latest/tutorials/packaging-projects/,1,1,0.1
url,https://pypi.org/,1,1,0.1
url,https://wiki.python.org/moin/BeginnersGuide,1,1,0.1
url,https://wiki.python.org/moin/PythonBooks,1,1,0.1
url,https://www.python.org/doc/versions/,1,1,0.1
url,https://www.tcl.tk/man/tcl8.6/TkCmd/contents.htm,1,1,0.1
