name,version,visitors
Chrome,143.0,520
Chrome,139.0,169
Microsoft Edge,143.0,122
Chrome,132.0,63
Sogou Explorer,2,61
Firefox,5.0,60
Chrome,111.0,57
Chrome,142.0,57
360 Secure Browser,(not set),54
Chrome,69.0,51
Firefox,146.0,15
Safari,26.1,12
Safari,18.5,8
Safari,26.2,8
Mobile App,(not set),7
Safari,18.6,7
Chrome,109.0,6
Chrome,112.0,6
Opera,125.0,6
Chrome,133.0,6
Chrome,140.0,5
Chrome,141.0,5
Smart Lenovo Browser,9.0,5
Chrome,104.0,4
Chrome,116.0,4
Chrome,122.0,4
Chrome,131.0,4
Chrome,137.0,4
Chrome,138.0,4
Microsoft Edge,142.0,4
Safari,18.7,4
Chrome,108.0,3
Firefox,115.0,3
Chrome,120.0,3
Chrome,136.0,3
Microsoft Edge,140.0,3
Safari,18.3,3
Safari,26.0,3
Microsoft Edge,107.0,2
Chrome,110.0,2
Chrome,117.0,2
Chrome,118.0,2
Chrome,124.0,2
QQ Browser,13.4,2
Firefox,143.0,2
Firefox,145.0,2
Safari,16.6,2
Chrome,86.0,2
Mobile App,91.0,2
Quark,(not set),1
Safari,(not set),1
Quark,10.1,1
Chrome,100.0,1
Chrome,101.0,1
Chrome,103.0,1
Chrome,105.0,1
Microsoft Edge,105.0,1
Microsoft Edge,106.0,1
Chrome,106.0,1
Chrome,107.0,1
Microsoft Edge,111.0,1
Mobile App,116.0,1
Microsoft Edge,119.0,1
Chrome,121.0,1
Chrome,126.0,1
Chrome,127.0,1
Safari,13.1,1
QQ Browser,13.6,1
Chrome,130.0,1
Microsoft Edge,131.0,1
Chrome,134.0,1
Microsoft Edge,134.0,1
Chrome,135.0,1
Microsoft Edge,138.0,1
Firefox,140.0,1
Firefox,141.0,1
Firefox,142.0,1
Microsoft Edge,144.0,1
Chrome,144.0,1
Safari,15.6,1
Huawei Browser Mobile,16.0,1
Safari,16.4,1
Safari,18.1,1
Yandex Browser,25.12,1
Samsung Browser,26.0,1
vivo Browser,27.4,1
QQ Browser,6.2,1
Chrome,83.0,1
Chrome,87.0,1
Chrome,91.0,1
