name,unique_entrances,total_entrances,visit_duration
/3/,24,24,220
/dev/using/windows.html,16,16,316
/tr/3/installing/index.html,9,9,76
/tr/3.14/,7,8,92
/tr/3.15/using/windows.html,6,6,164
/tr/3.14/tutorial/index.html,5,6,28
/3/tutorial/index.html,3,3,637
/tr/3/tutorial/index.html,3,3,136
/3.14/using/windows.html,2,2,110
/3/library/abc.html,2,2,4
/3/library/tkinter.html,2,2,116
/3/tutorial/,2,2,12
/3/tutorial/introduction.html,2,2,1665
/3/whatsnew/3.13.html,2,2,172
/tr/3.12/tutorial/classes.html,2,2,0
/tr/3.14/library/random.html,2,2,0
/tr/3.14/library/stdtypes.html,2,2,35
/tr/3.14/library/tkinter.html,2,2,46
/tr/3.14/tutorial/introduction.html,2,2,0
/tr/3/howto/sorting.html,2,2,0
/tr/3/library/codecs.html,2,2,0
/tr/3/library/tkinter.html,2,2,0
/tr/3/tutorial/datastructures.html,2,2,10
/tr/3/tutorial/inputoutput.html,2,2,0
/tr/3/tutorial/introduction.html,2,2,0
/3.13/,1,1,810
/3.13/tutorial/index.html,1,1,817
/3.14/index.html,1,1,41
/3.14/py-modindex.html,1,1,120
/3.14/tutorial/index.html,1,1,3000
/3.14/whatsnew/3.14.html,1,1,231
/3.15/,1,1,301
/3.15/installing/index.html,1,1,0
/3/library/functions.html,1,1,0
/3/library/idle.html,1,1,0
/3/library/venv.html,1,1,0
/3/license.html,1,1,0
/3/tutorial/interpreter.html,1,1,285
/3/tutorial/modules.html,1,1,4309
/fr/3/tutorial/,1,1,1227
/tr/3.12/,1,1,0
/tr/3.12/bugs.html,1,1,0
/tr/3.12/tutorial/appendix.html,1,1,0
/tr/3.12/tutorial/index.html,1,1,0
/tr/3.12/tutorial/inputoutput.html,1,1,33
/tr/3.13/,1,1,358
/tr/3.13/installing/,1,1,0
/tr/3.13/tutorial/index.html,1,1,0
/tr/3.14/howto/index.html,1,1,5
/tr/3.14/library/idle.html,1,1,303
/tr/3.14/library/logging.html,1,1,0
/tr/3.14/library/math.html,1,1,0
/tr/3.14/license.html,1,1,214
/tr/3.14/search.html,1,1,32
/tr/3.14/tutorial/appendix.html,1,1,0
/tr/3.14/tutorial/controlflow.html,1,1,82
/tr/3.14/tutorial/modules.html,1,1,0
/tr/3.14/using/windows.html,1,1,17
/tr/3.15/howto/free-threading-python.html,1,1,0
/tr/3.15/library/dbm.html,1,1,0
/tr/3.15/search.html,1,1,0
/tr/3.15/tutorial/index.html,1,1,2543
/tr/3/,1,1,97
/tr/3/c-api/capsule.html,1,1,0
/tr/3/glossary.html,1,1,0
/tr/3/library/asyncio-queue.html,1,1,0
/tr/3/library/bisect.html,1,1,0
/tr/3/library/collections.abc.html,1,1,12
/tr/3/library/configparser.html,1,1,0
/tr/3/library/email.errors.html,1,1,13
/tr/3/library/filecmp.html,1,1,0
/tr/3/library/functions.html,1,1,0
/tr/3/library/hashlib.html,1,1,0
/tr/3/library/html.entities.html,1,1,0
/tr/3/library/idle.html,1,1,0
/tr/3/library/importlib.resources.html,1,1,0
/tr/3/library/readline.html,1,1,0
/tr/3/library/security_warnings.html,1,1,1
/tr/3/library/sys.html,1,1,0
/tr/3/library/turtle.html,1,1,0
/tr/3/library/typing.html,1,1,0
/tr/3/library/xml.sax.utils.html,1,1,3
/tr/3/reference/compound_stmts.html,1,1,0
/tr/3/reference/executionmodel.html,1,1,0
/tr/3/reference/index.html,1,1,0
/tr/3/reference/lexical_analysis.html,1,1,0
/tr/3/tutorial/errors.html,1,1,0
/tr/3/tutorial/venv.html,1,1,0
/tr/3/using/configure.html,1,1,0
