name,visitors
Lombardy,34
Lazio,33
Emilia-Romagna,23
Campania,19
Hebei,18
Tuscany,16
Piedmont,13
Veneto,13
Sicily,6
Ticino,5
Abruzzo,5
Apulia,5
Sardinia,5
Serravalle,4
Guangdong,3
Jiangsu,3
Friuli–Venezia Giulia,3
Liguria,3
Basilicata,3
Yerevan,2
Capital District,2
Auvergne-Rhône-Alpes,2
West Java,2
Trentino-South Tyrol,2
Marche,2
Calabria,2
Amman,2
Tokyo,2
Almaty City,2
Styria,1
Fujian,1
Henan,1
Hubei,1
Shanghai,1
Shaanxi,1
Provence-Alpes-Côte-d'Azur,1
Jakarta,1
Seoul,1
Mazovia,1
Voronezh,1
California,1
Virginia,1
Ho Chi Minh City,1
