name,version,visitors
Chrome,143.0,118
Chrome,126.0,50
Microsoft Edge,143.0,25
Sogou Explorer,2,15
Firefox,146.0,13
360 Secure Browser,(not set),12
Opera,124.0,12
Safari,26.1,10
Chrome,111.0,9
Safari,26.2,9
Chrome,69.0,9
Firefox,5.0,8
Opera,125.0,7
Chrome,139.0,7
Chrome,132.0,6
Chrome,142.0,5
Chrome,140.0,4
Chrome,138.0,3
Firefox,145.0,3
Chrome,83.0,3
Firefox,140.0,2
Microsoft Edge,142.0,2
Safari,18.7,2
Yandex Browser,25.10,2
Samsung Browser,29.0,2
Opera,95.0,2
Microsoft Edge,131.0,1
Firefox,141.0,1
Firefox,143.0,1
Safari,18.3,1
Safari,18.5,1
Safari,18.6,1
Safari,26.3,1
Waterfox,56.6,1
Chrome,91.0,1
Opera,93.0,1
