name,visitors
Chrome,10140
Microsoft Edge,5337
Firefox,1320
Safari,949
Opera,723
Mobile App,295
Yandex Browser,216
Smart Lenovo Browser,99
Avast Secure Browser,56
Quark,56
QQ Browser,51
Samsung Browser,42
MIUI Browser,41
Huawei Browser Mobile,29
AVG Secure Browser,28
Whale Browser,19
vivo Browser,15
UC Browser,9
Norton Private Browser,5
Sogou Explorer,5
Huawei Browser,4
360 Secure Browser,3
(not set),2
Atom,2
Avira Secure Browser,2
CCleaner,2
115 Browser,1
Elements Browser,1
Iron,1
Notion,1
Opera Touch,1
Oppo Browser,1
Pale Moon,1
Phoenix Browser,1
QtWebEngine,1
Rakuten Web Search,1
Sleipnir,1
UBrowser,1
t-online.de Browser,1
