name,version,visitors
Chrome,138.0,214
Microsoft Edge,138.0,80
Firefox,140.0,17
Chrome,137.0,14
Microsoft Edge,137.0,9
Safari,18.5,9
Microsoft Edge,136.0,4
Chrome,131.0,3
Chrome,136.0,3
Microsoft Edge,112.0,2
Firefox,115.0,2
Microsoft Edge,125.0,2
Firefox,128.0,2
Firefox,141.0,2
Safari,17.5,2
Safari,18.1,2
Mobile App,(not set),1
Chrome,112.0,1
Mobile App,120.0,1
Chrome,121.0,1
Chrome,122.0,1
Microsoft Edge,122.0,1
Chrome,128.0,1
Microsoft Edge,131.0,1
Chrome,132.0,1
Microsoft Edge,134.0,1
Chrome,134.0,1
Chrome,135.0,1
Microsoft Edge,135.0,1
Firefox,137.0,1
Firefox,138.0,1
Firefox,139.0,1
Microsoft Edge,139.0,1
Safari,18.6,1
SeaMonkey,2.53,1
Samsung Browser,28.0,1
Chrome,90.0,1
