name,visitors,pageviews,bounce_rate,time_on_page,scroll_depth
/zh-cn/3/tutorial/index.html,638,1010,52,70,60
/zh-cn/3/,524,767,41,59,76
/zh-cn/3.13/tutorial/index.html,493,869,40,81,62
/zh-cn/3.13/,449,731,30,48,82
/zh-cn/3/library/index.html,299,490,52,56,50
/zh-cn/3.13/library/index.html,218,430,29,61,49
/zh-cn/3/tutorial/interpreter.html,214,290,59,164,81
/zh-cn/3/library/turtle.html,196,331,75,1068,34
/zh-cn/3.13/tutorial/controlflow.html,192,266,62,327,44
/zh-cn/3.13/tutorial/interpreter.html,191,258,69,213,83
/zh-cn/3.13/tutorial/introduction.html,182,239,56,366,59
/zh-cn/3/tutorial/introduction.html,179,245,64,528,68
/zh-cn/3.13/tutorial/appetite.html,166,197,52,129,92
/zh-cn/3/tutorial/controlflow.html,164,248,67,364,46
/zh-cn/3/tutorial/appetite.html,160,175,56,146,92
/zh-cn/3/library/functions.html,152,200,73,112,38
/zh-cn/3.13/search.html,142,287,18,28,50
/zh-cn/3/library/venv.html,141,150,91,738,36
/zh-cn/3.13/library/functions.html,131,172,65,437,47
/zh-cn/3.13/index.html,130,241,33,66,82
/zh-cn/3/library/idle.html,123,156,79,323,28
/zh-cn/3/library/stdtypes.html,112,153,71,287,38
/zh-cn/3/reference/index.html,110,181,43,85,71
/zh-cn/3.13/tutorial/datastructures.html,109,150,60,293,61
/zh-cn/3/index.html,109,169,38,69,81
/zh-cn/3.13/library/stdtypes.html,106,160,63,392,46
/zh-cn/3/tutorial/,106,191,43,125,60
/zh-cn/3/search.html,104,217,21,47,54
/zh-cn/3/library/math.html,102,167,77,244,41
/zh-cn/3/using/index.html,98,128,42,50,76
/zh-cn/3.13/glossary.html,94,121,48,165,44
/zh-cn/3/tutorial/datastructures.html,93,115,66,267,59
/zh-cn/3/glossary.html,88,125,59,177,37
/zh-cn/3.13/contents.html,84,122,35,60,21
/zh-cn/3.13/reference/index.html,83,124,50,51,81
/zh-cn/3.13/whatsnew/3.13.html,81,128,64,227,25
/zh-cn/3.13/tutorial/classes.html,80,94,71,269,59
/zh-cn/3/using/windows.html,76,90,83,316,48
/zh-cn/3.12/,74,139,48,25,79
/zh-cn/3.12/library/index.html,74,117,49,52,42
/zh-cn/3.13/tutorial/modules.html,73,77,76,403,70
/zh-cn/3.13/tutorial/,70,95,47,43,55
/zh-cn/3/library/typing.html,70,87,83,265,20
/zh-cn/3/library/re.html,66,73,85,488,36
/zh-cn/3.13/using/index.html,64,105,37,40,81
/zh-cn/3.13/using/windows.html,62,77,75,301,48
/zh-cn/3.13/download.html,59,73,60,220,89
/zh-cn/3/contents.html,55,75,53,70,15
/zh-cn/3/tutorial/classes.html,54,52,74,457,57
/zh-cn/3.13/installing/index.html,52,63,86,95,73
/zh-cn/3/installing/index.html,52,67,81,149,67
/zh-cn/3.13/tutorial/errors.html,51,63,68,159,55
/zh-cn/3.13/tutorial/inputoutput.html,50,71,53,339,59
/zh-cn/3.13/py-modindex.html,48,74,60,53,57
/zh-cn/3/download.html,48,56,75,154,92
/zh-cn/3.13/library/asyncio-task.html,47,77,70,478,44
/zh-cn/3/using/mac.html,47,50,88,153,64
/zh-cn/3/reference/lexical_analysis.html,46,61,83,160,57
/zh-cn/3/tutorial/inputoutput.html,46,66,53,304,67
/zh-cn/3.12/tutorial/index.html,45,103,45,75,68
/zh-cn/3.13/howto/index.html,45,62,0,44,92
/zh-cn/3.14/,45,73,56,48,80
/zh-cn/3/tutorial/modules.html,44,49,53,232,60
/zh-cn/3.12/using/mac.html,43,50,78,656,82
/zh-cn/3.13/reference/datamodel.html,42,53,47,136,52
/zh-cn/3/whatsnew/3.13.html,42,53,80,243,23
/zh-cn/3.13/library/os.html,41,62,43,218,26
/zh-cn/3.13/library/tkinter.html,40,58,77,455,36
/zh-cn/3.13/using/mac.html,39,41,78,495,57
/zh-cn/3/library/pathlib.html,39,46,81,443,51
/zh-cn/3/reference/datamodel.html,39,44,71,156,35
/zh-cn/3.12/index.html,38,64,25,16,77
/zh-cn/3/library/asyncio.html,37,53,50,166,86
/zh-cn/3.12/library/multiprocessing.html,36,44,78,649,19
/zh-cn/3/howto/index.html,36,47,33,15,92
/zh-cn/3.13/library/asyncio.html,35,63,54,43,80
/zh-cn/3.13/tutorial/stdlib2.html,35,41,86,96,64
/zh-cn/3/library/collections.html,35,40,76,563,49
/zh-cn/3/library/tkinter.html,34,47,67,153,45
/zh-cn/3.12/whatsnew/3.12.html,32,42,89,224,24
/zh-cn/3/library/argparse.html,32,39,76,627,30
/zh-cn/3.13/library/collections.html,31,33,85,452,36
/zh-cn/3/library/subprocess.html,31,40,65,714,34
/zh-cn/3/tutorial/errors.html,31,33,43,187,61
/zh-cn/3.13/library/multiprocessing.html,30,48,65,262,30
/zh-cn/3.13/library/re.html,30,37,64,521,35
/zh-cn/3.13/tutorial/venv.html,30,31,43,202,76
/zh-cn/dev/using/mac.html,30,34,83,806,71
/zh-cn/3.12/search.html,29,55,25,30,50
/zh-cn/3.13/genindex.html,29,36,0,21,97
/zh-cn/3.13/library/string.html,29,49,50,242,65
/zh-cn/3.13/using/cmdline.html,29,37,33,131,30
/zh-cn/3/library/,29,35,60,49,29
/zh-cn/3/library/datetime.html,29,43,59,464,45
/zh-cn/3/using/cmdline.html,29,31,83,279,28
/zh-cn/3.13/library/sys.html,28,33,50,300,40
/zh-cn/3.13/reference/lexical_analysis.html,28,38,83,187,57
/zh-cn/3.14/tutorial/index.html,28,46,33,102,72
/zh-cn/3/library/dataclasses.html,28,30,83,489,25
/zh-cn/3/tutorial/appendix.html,28,31,100,98,87
