name,version,visitors
Chrome,133.0,1467
Microsoft Edge,133.0,968
Chrome,134.0,379
Firefox,136.0,208
Safari,18.3,136
Opera,117.0,130
Firefox,135.0,124
Chrome,132.0,86
Chrome,122.0,71
Chrome,131.0,69
Yandex Browser,25.2,59
Microsoft Edge,134.0,55
Mobile App,(not set),52
Microsoft Edge,132.0,41
Smart Lenovo Browser,9.0,41
Firefox,128.0,38
Opera,116.0,35
Microsoft Edge,130.0,32
Microsoft Edge,127.0,21
Chrome,130.0,20
Microsoft Edge,131.0,20
Chrome,128.0,19
Chrome,109.0,18
Chrome,127.0,17
Safari,17.6,15
Chrome,126.0,13
Chrome,129.0,13
Firefox,134.0,13
Chrome,86.0,11
Firefox,115.0,10
Microsoft Edge,129.0,9
Mobile App,133.0,9
Chrome,114.0,8
Microsoft Edge,128.0,8
Safari,17.5,8
Safari,18.1,8
Safari,18.0,7
Yandex Browser,24.12,7
Quark,(not set),6
Chrome,119.0,6
Safari,18.4,6
Huawei Browser,12.1,5
QQ Browser,13.5,5
QQ Browser,13.6,5
Firefox,131.0,5
Safari,15.6,5
Safari,18.2,5
QQ Browser,6.2,5
Chrome,112.0,4
Chrome,116.0,4
Microsoft Edge,117.0,4
Chrome,124.0,4
Microsoft Edge,126.0,4
Firefox,133.0,4
Safari,16.6,4
Safari,17.4,4
Microsoft Edge,18.18362,4
vivo Browser,23.5,4
Samsung Browser,27.0,4
Mobile App,97.0,4
Microsoft Edge,109.0,3
Chrome,113.0,3
Chrome,117.0,3
Microsoft Edge,121.0,3
Chrome,121.0,3
Firefox,129.0,3
Mobile App,130.0,3
Safari,16.5,3
Safari,17.0,3
MIUI Browser,19.1,3
Sogou Explorer,2,3
Whale Browser,4.30,3
Chrome,79.0,3
Chrome,89.0,3
Chrome,92.0,3
Microsoft Edge,98.0,3
(not set),(not set),2
Microsoft Edge,100.0,2
Chrome,101.0,2
Microsoft Edge,107.0,2
Chrome,118.0,2
Microsoft Edge,118.0,2
Chrome,120.0,2
Microsoft Edge,120.0,2
Microsoft Edge,122.0,2
Chrome,123.0,2
Microsoft Edge,124.0,2
Firefox,124.0,2
Chrome,125.0,2
Safari,13.1,2
Firefox,130.0,2
Avast Secure Browser,131.0,2
AVG Secure Browser,131.0,2
Firefox,132.0,2
Safari,16.0,2
Safari,16.4,2
Safari,17.1,2
MIUI Browser,19.0,2
vivo Browser,23.6,2
Yandex Browser,24.10,2
Yandex Browser,24.7,2
Chrome,78.0,2
Microsoft Edge,84.0,2
Chrome,87.0,2
Microsoft Edge,92.0,2
Firefox,102.0,1
Chrome,103.0,1
Mobile App,103.0,1
Chrome,104.0,1
Microsoft Edge,105.0,1
Chrome,108.0,1
Opera,109.0,1
QQ Browser,11.5,1
Microsoft Edge,111.0,1
Firefox,112.0,1
Opera,113.0,1
Firefox,113.0,1
Mobile App,114.0,1
Opera,114.0,1
Mobile App,116.0,1
Microsoft Edge,116.0,1
Mobile App,117.0,1
Firefox,118.0,1
Mobile App,118.0,1
Microsoft Edge,119.0,1
Mobile App,120.0,1
Ecosia,123.0,1
Firefox,123.0,1
Firefox,126.0,1
Mobile App,127.0,1
Firefox,127.0,1
QQ Browser,13.3,1
CCleaner,130.0,1
Mobile App,131.0,1
Avast Secure Browser,132.0,1
CCleaner,132.0,1
Chrome,135.0,1
MIUI Browser,14.2,1
MIUI Browser,14.30,1
Safari,15.4,1
QQ Browser,15.9,1
Huawei Browser Mobile,16.0,1
Safari,16.3,1
Safari,17.10,1
Microsoft Edge,17.17134,1
Safari,17.2,1
Safari,17.3,1
Microsoft Edge,18.17763,1
Samsung Browser,22.0,1
vivo Browser,22.5,1
vivo Browser,23.1,1
vivo Browser,23.3,1
vivo Browser,23.4,1
Yandex Browser,23.7,1
Yandex Browser,23.9,1
Yandex Browser,24.4,1
Samsung Browser,26.0,1
115 Browser,35.2,1
Sogou Mobile Browser,5.22,1
Quark,5.7,1
Firefox,56.0,1
Quark,6.12,1
Chrome,63.0,1
Quark,7.3,1
Chrome,70.0,1
Microsoft Edge,80.0,1
Opera,82.5,1
Opera,87.0,1
Chrome,90.0,1
Chrome,91.0,1
Chrome,94.0,1
Opera,95.0,1
Chrome,98.0,1
Opera,98.0,1
