property,value,visitors,events,percentage
url,(none),4976,8725,99.8
url,https://www.python.org/,93,99,1.9
url,https://tkdocs.com/,12,12,0.2
url,https://pypi.org/,8,8,0.2
url,https://github.com/python/cpython/tree/3.13/Lib/idlelib/,7,7,0.1
url,https://wiki.python.org/moin/BeginnersGuide,7,7,0.1
url,https://github.com/python/cpython/tree/3.13/Lib/tkinter/__init__.py,6,6,0.1
url,https://www.tkdocs.com/shipman/,5,5,0.1
url,https://www.python.org/doc/versions/,4,4,0.1
url,https://www.tcl.tk/man/tcl8.6/TkCmd/contents.htm,4,4,0.1
url,https://www.zlib.net/,3,3,0.1
url,https://github.com/python/cpython/tree/3.13/Lib/datetime.py,2,2,0.0
url,https://packaging.python.org/en/latest/tutorials/packaging-projects/,2,2,0.0
url,https://peps.python.org/pep-0397/,2,2,0.0
url,https://www.amazon.com/Modern-Tkinter-Python-Developers-ebook/dp/B0071QDNLO/,2,2,0.0
url,http://poynton.ca/ColorFAQ.html,1,2,0.0
url,http://www.zlib.net/,1,1,0.0
url,http://www.zlib.net/manual.html,1,1,0.0
url,https://discuss.python.org/c/documentation/26,1,1,0.0
url,https://es.wikipedia.org/wiki/Funci%C3%B3n_gamma,1,1,0.0
url,https://es.wikipedia.org/wiki/Notaci%C3%B3n_de_Backus-Naur,1,1,0.0
url,https://github.com/python/cpython/blob/main/Doc/library/dis.rst,1,1,0.0
url,https://github.com/python/cpython/blob/main/Doc/tutorial/index.rst,1,1,0.0
url,https://github.com/python/cpython/tree/3.13/Lib/bisect.py,1,1,0.0
url,https://github.com/python/cpython/tree/3.13/Lib/pathlib/,1,1,0.0
url,https://github.com/python/cpython/tree/3.13/Lib/pickle.py,1,1,0.0
url,https://github.com/python/cpython/tree/3.13/Lib/subprocess.py,1,1,0.0
url,https://github.com/python/cpython/tree/3.13/Lib/tkinter/messagebox.py,1,1,0.0
url,https://github.com/python/cpython/tree/3.13/Lib/typing.py,1,1,0.0
url,https://github.com/python/cpython/tree/3.13/Lib/venv/,1,1,0.0
url,https://github.com/python/cpython/tree/3.13/Lib/webbrowser.py,1,1,0.0
url,https://github.com/python/cpython/tree/3.13/Objects/exceptions.c,1,1,0.0
url,https://learn.microsoft.com/windows-server/administration/windows-commands/setx,1,1,0.0
url,https://learn.microsoft.com/windows/win32/procthread/environment-variables,1,1,0.0
url,https://learning-python.com/about-pp4e.html,1,1,0.0
url,https://linux.die.net/man/3/ncurses,1,1,0.0
url,https://numpy.org/,1,1,0.0
url,https://peps.python.org/,1,1,0.0
url,https://peps.python.org/pep-0008/,1,1,0.0
url,https://peps.python.org/pep-0308/,1,1,0.0
url,https://peps.python.org/pep-0634/,1,1,0.0
url,https://peps.python.org/pep-0655/,1,1,0.0
url,https://peps.python.org/pep-0719/,1,1,0.0
url,https://pypi.org/project/tzdata/,1,1,0.0
url,https://python-pillow.org/,1,1,0.0
url,https://scipy.org/,1,1,0.0
url,https://tiswww.case.edu/php/chet/readline/rltop.html,1,1,0.0
url,https://wiki.python.org/moin/GuiProgramming,1,1,0.0
url,https://wiki.python.org/moin/IntegratedDevelopmentEnvironments,1,1,0.0
url,https://wiki.python.org/moin/PythonBooks,1,1,0.0
url,https://wiki.python.org/moin/PythonTestingToolsTaxonomy,1,1,0.0
url,https://www.activestate.com/products/python/,1,1,0.0
url,https://www.cambridgeincolour.com/tutorials/color-spaces.htm,1,1,0.0
url,https://www.debian.org/doc/manuals/maint-guide/first.en.html,1,1,0.0
url,https://www.itm-conferences.org/articles/itmconf/pdf/2018/08/itmconf_sam2018_00037.pdf,1,1,0.0
url,https://www.nuget.org/,1,1,0.0
url,https://www.packtpub.com/en-us/product/python-gui-programming-with-tkinter-9781788835886,1,1,0.0
url,https://www.python.org/doc/av/,1,1,0.0
url,https://www.python.org/downloads/,1,1,0.0
url,https://www.sphinx-doc.org/,1,1,0.0
url,https://www.unicode.org/versions/Unicode15.1.0/ch04.pdf,1,1,0.0
