name,unique_exits,total_exits,exit_rate
/it/3/tutorial/index.html,17,17,
/it/3.13/search.html,11,11,
/it/3.13/tutorial/index.html,11,11,
/it/3/tutorial/datastructures.html,9,12,
/it/3.13/tutorial/controlflow.html,7,7,
/it/3/tutorial/introduction.html,7,7,
/it/3.13/tutorial/appetite.html,5,5,
/it/3/,5,5,
/it/3/tutorial/inputoutput.html,5,6,
/it/3/tutorial/interpreter.html,5,5,
/3/,4,4,
/it/3/library/stdtypes.html,4,4,
/it/3/tutorial/controlflow.html,4,4,
/it/3/tutorial/modules.html,4,4,
/it/3.12/tutorial/,3,4,
/it/3.13/reference/introduction.html,3,3,
/it/3.13/tutorial/,3,5,
/it/3.13/tutorial/interpreter.html,3,3,
/it/3/tutorial/floatingpoint.html,3,3,
/3/library/re.html,2,2,
/3/library/tkinter.html,2,2,
/3/using/windows.html,2,2,
/it/3.12/tutorial/introduction.html,2,2,
/it/3.13/,2,3,
/it/3.13/library/datetime.html,2,2,
/it/3.13/library/dialog.html,2,2,
/it/3.13/library/functions.html,2,2,
/it/3.13/library/json.html,2,2,
/it/3.13/library/stdtypes.html,2,2,
/it/3.13/tutorial/datastructures.html,2,2,
/it/3.13/tutorial/modules.html,2,2,
/it/3.13/using/cmdline.html,2,2,
/it/3.13/using/editors.html,2,2,
/it/3.13/using/windows.html,2,2,
/it/3/library/functions.html,2,4,
/it/3/library/json.html,2,2,
/it/3/library/sys.html,2,2,
/it/3/tutorial/classes.html,2,2,
/it/3/tutorial/errors.html,2,2,
/3.12/,1,1,
/3.12/library/datetime.html,1,1,
/3.13/,1,1,
/3.13/c-api/intro.html,1,1,
/3.13/library/random.html,1,1,
/3.13/tutorial/,1,1,
/3.13/tutorial/controlflow.html,1,1,
/3.13/tutorial/introduction.html,1,1,
/3.13/tutorial/modules.html,1,1,
/3/download.html,1,1,
/3/howto/regex.html,1,1,
/3/library/idle.html,1,1,
/3/library/io.html,1,1,
/3/library/math.html,1,1,
/3/library/os.html,1,1,
/3/library/sqlite3.html,1,1,
/3/library/stdtypes.html,1,1,
/3/library/sys.html,1,1,
/3/library/turtle.html,1,1,
/3/library/xml.etree.elementtree.html,1,2,
/3/reference/datamodel.html,1,1,
/3/reference/import.html,1,0,
/3/tutorial/index.html,1,1,
/es/3.13/howto/sorting.html,1,1,
/es/3.13/py-modindex.html,1,1,
/fr/3.13/tutorial/interpreter.html,1,1,
/it/3.12/howto/index.html,1,1,
/it/3.12/library/audioop.html,1,1,
/it/3.12/library/configparser.html,1,1,
/it/3.12/library/fileformats.html,1,1,
/it/3.12/library/functions.html,1,1,
/it/3.12/library/intro.html,1,1,
/it/3.12/library/struct.html,1,1,
/it/3.12/tutorial/controlflow.html,1,1,
/it/3.12/tutorial/errors.html,1,1,
/it/3.12/using/windows.html,1,1,
/it/3.13/download.html,1,1,
/it/3.13/glossary.html,1,1,
/it/3.13/library/asyncio-task.html,1,1,
/it/3.13/library/contextlib.html,1,1,
/it/3.13/library/math.html,1,1,
/it/3.13/library/multiprocessing.html,1,1,
/it/3.13/library/socket.html,1,1,
/it/3.13/library/sqlite3.html,1,1,
/it/3.13/library/string.html,1,2,
/it/3.13/library/sys.html,1,1,
/it/3.13/library/tk.html,1,1,
/it/3.13/library/tkinter.html,1,1,
/it/3.13/library/tkinter.messagebox.html,1,1,
/it/3.13/library/typing.html,1,1,
/it/3.13/library/unittest.html,1,2,
/it/3.13/library/venv.html,1,1,
/it/3.13/reference/compound_stmts.html,1,1,
/it/3.13/reference/index.html,1,1,
/it/3.13/tutorial/classes.html,1,1,
/it/3.13/tutorial/interactive.html,1,1,
/it/3.13/tutorial/introduction.html,1,1,
/it/3.13/using/android.html,1,1,
/it/3.13/whatsnew/index.html,1,1,
/it/3.14/tutorial/errors.html,1,1,
/it/3.14/tutorial/stdlib.html,1,1,
