name,unique_entrances,total_entrances,visit_duration
/3.12/,331,361,153
/3.12/tutorial/index.html,247,274,94
/3/,178,184,581
/3.12/whatsnew/3.12.html,157,160,33
/3.12/using/windows.html,134,142,49
/3.12/library/functions.html,100,106,197
/3.12/search.html,88,99,174
/3.12/library/stdtypes.html,76,80,113
/3.12/index.html,73,76,109
/3.12/library/2to3.html,71,72,50
/3.12/library/,64,65,47
/3.12/tutorial/,63,65,165
/3.12/library/typing.html,62,65,183
/3.12/library/index.html,57,62,281
/zh-cn/3.12/library/index.html,57,60,476
/zh-cn/3.12/using/mac.html,53,56,56
/3.12/library/datetime.html,50,50,134
/3.12/tutorial/interpreter.html,37,43,88
/zh-cn/3.12/library/stdtypes.html,35,37,113
/3.12/library/exceptions.html,32,33,107
/3.12/library/os.html,29,30,152
/3.12/tutorial/appetite.html,29,31,90
/3.12/tutorial/introduction.html,29,31,40
/zh-cn/3.12/,28,28,142
/3.12/library/re.html,27,28,425
/3.12/library/tkinter.html,27,27,71
/3.12/tutorial/controlflow.html,26,31,119
/3.12/library/logging.html,24,26,299
/3.12/library/os.path.html,24,27,146
/3.12/reference/index.html,24,24,242
/3/library/telnetlib.html,23,24,320
/zh-cn/3.12/tutorial/index.html,22,24,431
/3.12/library/io.html,21,22,183
/3.12/library/pathlib.html,21,21,193
/3.12/library/subprocess.html,20,22,151
/3.12/library/telnetlib.html,20,22,127
/3/library/index.html,19,19,2061
/zh-cn/3.12/library/pathlib.html,19,20,2
/3.12/library/json.html,18,20,74
/3.12/library/random.html,18,19,37
/3.12/glossary.html,17,17,705
/3.12/reference/datamodel.html,17,17,383
/3.12/tutorial/datastructures.html,17,17,211
/3/library/datetime.html,17,17,786
/3.12/library/unittest.mock.html,16,16,172
/zh-cn/3.12/library/heapq.html,16,16,46
/zh-cn/3.12/library/re.html,16,16,24
/3.12/py-modindex.html,15,15,282
/3/library/functions.html,15,16,676
/zh-cn/3.12/library/multiprocessing.html,15,15,11
/zh-cn/3.12/library/typing.html,15,15,5
/3.12/library/asyncio.html,14,16,119
/3/tutorial/index.html,14,14,537
/zh-cn/3.12/library/,14,18,75
/zh-cn/3.12/tutorial/datastructures.html,14,15,167
/3.12/installing/index.html,13,13,1
/3.12/library/string.html,13,13,507
/3/library/os.html,13,13,1821
/zh-cn/3.12/library/logging.html,13,13,97
/3.12/library/itertools.html,12,12,30
/3.12/library/pipes.html,12,13,17
/3.12/library/turtle.html,12,16,7
/3.12/tutorial/classes.html,12,13,1
/3/library/argparse.html,12,12,162
/3/library/enum.html,12,13,315
/3/library/re.html,12,13,860
/3/library/typing.html,12,12,1186
/zh-cn/3.12/index.html,12,12,205
/zh-cn/3.12/library/argparse.html,12,12,4
/zh-cn/3.12/library/subprocess.html,12,12,7
/zh-cn/3.12/search.html,12,13,157
/zh-cn/3.12/tutorial/controlflow.html,12,12,12
/3.12/contents.html,11,13,74
/3.12/library/enum.html,11,11,37
/3.12/library/math.html,11,13,0
/3.12/library/threading.html,11,11,181
/3/library/logging.html,11,11,979
/3/whatsnew/3.12.html,11,11,227
/zh-cn/3.12/library/unittest.html,11,11,165
/zh-cn/3.12/library/venv.html,11,11,1
/zh-cn/3.12/using/index.html,11,11,171
/3.12/library/multiprocessing.html,10,10,246
/3.12/library/tempfile.html,10,10,315
/3/download.html,10,11,692
/3/library/asyncio-task.html,10,10,792
/3/library/pathlib.html,10,12,1668
/ja/3.12/library/os.html,10,10,72
/zh-cn/3.12/library/functions.html,10,10,5
/zh-cn/3/,10,10,88
/3.12/library/collections.html,9,9,35
/3.12/library/tkinter.ttk.html,9,10,172
/3.13/,9,9,101
/3/library/stdtypes.html,9,10,312
/ja/3.12/search.html,9,13,122
/zh-cn/3.12/library/asyncio-task.html,9,9,162
/zh-cn/3.12/tutorial/appetite.html,9,9,714
/3.12/download.html,8,8,0
/3.12/library/abc.html,8,8,0
/3.12/library/asyncio-task.html,8,8,214
/3.12/library/venv.html,8,9,184
/3.12/reference/compound_stmts.html,8,9,238
/3.12/tutorial/inputoutput.html,8,8,44
/3.13/tutorial/index.html,8,9,503
/3/library/asyncio.html,8,9,1316
/3/library/dataclasses.html,8,8,39
/3/tutorial/controlflow.html,8,8,644
/3/tutorial/modules.html,8,8,1014
/es/3.12/tutorial/index.html,8,8,28
/ja/3.12/library/codecs.html,8,8,1
/zh-cn/3.12/library/asyncio.html,8,9,316
/zh-cn/3.12/library/collections.html,8,8,15
/zh-cn/3.12/library/ctypes.html,8,9,0
/3.12/library/dataclasses.html,7,7,38
/3.12/library/distutils.html,7,7,3
/3.12/library/sys.html,7,7,18
/3.12/library/time.html,7,7,143
/3.12/library/unittest.html,7,8,0
/3.12/tutorial/modules.html,7,7,340
/3.12/using/index.html,7,7,13
/3.12/whatsnew/changelog.html,7,11,39
/3/library/json.html,7,8,2504
/3/library/subprocess.html,7,7,649
/3/library/threading.html,7,7,492
/3/tutorial/datastructures.html,7,8,86
/fr/3.12/library/stdtypes.html,7,8,3
/ja/3.12/index.html,7,7,891
/ja/3.12/library/typing.html,7,7,153
/zh-cn/3.12/library/os.html,7,7,1
/zh-cn/3.12/library/os.path.html,7,8,52
/zh-cn/3.12/library/threading.html,7,7,84
/zh-cn/3.12/tutorial/interpreter.html,7,7,171
/zh-cn/3.12/whatsnew/3.12.html,7,7,33
/3.12/howto/perf_profiling.html,6,6,11
/3.12/library/argparse.html,6,6,135
/3.12/library/contextlib.html,6,6,0
/3.12/library/decimal.html,6,6,0
/3.12/library/http.client.html,6,6,29
/3.12/library/shutil.html,6,6,290
/3.12/using/mac.html,6,6,250
/3.13/using/windows.html,6,7,637
/3/library/,6,6,1080
/3/library/abc.html,6,6,1081
/3/library/cgi.html,6,6,190
/3/library/csv.html,6,6,1798
/3/library/tkinter.html,6,6,356
/3/library/unittest.mock.html,6,6,1143
/3/tutorial/,6,6,378
/3/whatsnew/3.13.html,6,6,246
/ja/3.12/installing/index.html,6,6,0
/ja/3.12/library/functions.html,6,9,136
/zh-cn/3.12/howto/argparse.html,6,7,0
/zh-cn/3.12/installing/index.html,6,6,4
/zh-cn/3.12/library/asyncio-eventloop.html,6,6,0
/zh-cn/3.12/library/gc.html,6,6,115
/zh-cn/3.12/library/itertools.html,6,6,5
/zh-cn/3.12/reference/compound_stmts.html,6,6,190
/zh-cn/3.12/reference/index.html,6,6,22
/3.12/library/cgi.html,5,5,0
/3.12/library/collections.abc.html,5,5,1
/3.12/library/concurrent.futures.html,5,5,259
/3.12/library/csv.html,5,5,7
/3.12/library/functools.html,5,6,205
/3.12/library/idle.html,5,5,0
/3.12/library/logging.handlers.html,5,5,38
/3.12/library/pickle.html,5,5,0
/3.12/library/profile.html,5,5,147
/3.12/library/signal.html,5,5,0
/3.12/library/urllib.parse.html,5,7,0
/3.12/library/urllib.request.html,5,5,265
/3.12/library/uuid.html,5,5,2
/3.12/library/zoneinfo.html,5,5,25
/3.12/license.html,5,5,2
/3.12/tutorial/errors.html,5,5,3
/3.12/whatsnew/index.html,5,5,36
/3.13/index.html,5,5,405
/3/installing/index.html,5,5,670
/3/library/asyncio-eventloop.html,5,5,807
/3/library/multiprocessing.html,5,5,218
/3/library/shutil.html,5,5,417
/3/library/sqlite3.html,5,5,358
/3/library/tempfile.html,5,5,192
/3/library/zipfile.html,5,5,704
/3/search.html,5,5,1162
/3/tutorial/inputoutput.html,5,5,888
/ja/3.12/,5,5,19
/ja/3.12/library/stdtypes.html,5,5,8
/ja/3.12/tutorial/index.html,5,5,2
/zh-cn/3.12/download.html,5,5,67
/zh-cn/3.12/howto/enum.html,5,7,283
/zh-cn/3.12/library/random.html,5,5,0
/zh-cn/3.12/library/sys.html,5,5,348
/zh-cn/3.12/library/tkinter.html,5,5,5
/zh-cn/3.12/library/tracemalloc.html,5,5,15
/zh-cn/3.12/tutorial/inputoutput.html,5,5,576
/3.12/library/constants.html,4,4,0
/3.12/library/hashlib.html,4,5,0
/3.12/library/imp.html,4,4,92
/3.12/library/inspect.html,4,4,248
/3.12/library/queue.html,4,4,0
/3.12/library/sqlite3.html,4,4,0
/3.12/library/traceback.html,4,4,35
/3.12/library/warnings.html,4,4,26
/3/faq/,4,5,1048
/3/howto/logging.html,4,4,1138
/3/index.html,4,4,38
/3/library/base64.html,4,4,696
/3/library/exceptions.html,4,4,1773
/3/library/functools.html,4,4,706
/3/library/http.client.html,4,4,352
/3/library/idle.html,4,4,416
/3/library/itertools.html,4,4,612
/3/library/time.html,4,4,1099
/3/library/unittest.html,4,4,1261
/3/license.html,4,4,97
/3/tutorial/appetite.html,4,4,72
/3/whatsnew/changelog.html,4,4,849
/es/3.12/library/tkinter.html,4,4,0
/es/3.12/tutorial/classes.html,4,4,0
/ja/3.12/library/index.html,4,4,138
/ja/3.12/library/re.html,4,4,614
/ja/3.12/whatsnew/3.12.html,4,4,462
/ja/3.13/library/typing.html,4,5,411
/ko/3.12/tutorial/index.html,4,4,685
/pt-br/3.12/,4,5,336
/zh-cn/3.12/howto/sorting.html,4,4,0
/zh-cn/3.12/library/__main__.html,4,4,102
/zh-cn/3.12/library/asyncio-future.html,4,4,0
/zh-cn/3.12/library/dataclasses.html,4,4,0
/zh-cn/3.12/library/pprint.html,4,4,442
/zh-cn/3.12/library/turtle.html,4,4,0
/zh-cn/3.13/library/index.html,4,5,4208
/zh-cn/3.13/library/stdtypes.html,4,4,464
/zh-cn/3.13/whatsnew/index.html,4,4,538
/zh-cn/3/tutorial/index.html,4,4,1601
/zh-tw/3.12/library/venv.html,4,4,0
/zh-tw/3.12/using/mac.html,4,4,0
/3.12/extending/extending.html,3,3,0
/3.12/extending/newtypes.html,3,3,129
/3.12/howto/regex.html,3,4,118
/3.12/library/audioop.html,3,3,4
/3.12/library/http.server.html,3,3,14
/3.12/library/logging.config.html,3,3,17
/3.12/library/socket.html,3,3,0
/3.12/library/struct.html,3,3,3
/3.12/library/sys_path_init.html,3,3,991
/3.12/library/sysconfig.html,3,3,0
/3.12/library/tkinter.tix.html,3,3,7
/3.12/library/types.html,3,3,32
/3.12/library/weakref.html,3,3,0
/3.12/library/xml.etree.elementtree.html,3,3,0
/3.12/reference/expressions.html,3,3,14
/3.12/tutorial/venv.html,3,3,50
/3/c-api/index.html,3,3,255
/3/glossary.html,3,3,492
/3/howto/curses.html,3,3,291
/3/howto/enum.html,3,3,694
/3/howto/index.html,3,3,1153
/3/library/asyncio-stream.html,3,3,458
/3/library/collections.html,3,3,587
/3/library/concurrent.futures.html,3,3,215
/3/library/configparser.html,3,3,111
/3/library/contextlib.html,3,3,175
/3/library/difflib.html,3,3,645
/3/library/hashlib.html,3,3,105
/3/library/http.server.html,3,3,1302
/3/library/inspect.html,3,3,44
/3/library/operator.html,3,3,183
/3/library/os.path.html,3,3,1135
/3/library/tomllib.html,3,3,293
/3/library/urllib.html,3,3,11
/3/library/urllib.parse.html,3,3,445
/3/library/urllib.request.html,3,3,1337
/3/library/venv.html,3,3,586
/3/library/xdrlib.html,3,3,200
/3/library/xml.etree.elementtree.html,3,3,202
/3/tutorial/classes.html,3,3,1242
/es/3.12/library/abc.html,3,3,21
/ja/3.12/library/binary.html,3,3,16
/ja/3.12/library/datetime.html,3,3,277
/ja/3.13/library/index.html,3,3,255
/ja/3/,3,4,445
/ja/3/library/index.html,3,3,1002
/ko/3.12/tutorial/controlflow.html,3,3,5
/ko/3.12/tutorial/venv.html,3,3,0
/pt-br/3.12/howto/regex.html,3,3,0
/pt-br/3/,3,3,974
/zh-cn/3.12//using/index.html,3,3,7
/zh-cn/3.12/contents.html,3,3,41
/zh-cn/3.12/extending/extending.html,3,3,0
/zh-cn/3.12/library/asyncio-subprocess.html,3,3,0
/zh-cn/3.12/library/concurrent.futures.html,3,3,0
/zh-cn/3.12/library/datetime.html,3,3,0
/zh-cn/3.12/library/enum.html,3,3,1
/zh-cn/3.12/library/http.server.html,3,3,0
/zh-cn/3.12/library/idle.html,3,3,0
/zh-cn/3.12/library/sqlite3.html,3,3,0
/zh-cn/3.12/library/tempfile.html,3,3,37
/zh-cn/3.12/library/time.html,3,3,0
/zh-cn/3.12/library/tk.html,3,3,38
/zh-cn/3.12/library/xml.etree.elementtree.html,3,3,8
