name,visitors
Guangdong,550
Beijing,280
Shanghai,259
Zhejiang,206
Jiangsu,174
Shandong,148
Sichuan,132
Tokyo,127
California,125
Henan,106
Hubei,104
Hunan,96
Shaanxi,77
Fujian,73
Hebei,66
Chongqing,59
Jiangxi,55
Anhui,51
Tianjin,40
Guizhou,35
Kwai Tsing New Territories,34
Liaoning,32
Washington,29
Guangxi,26
Bangkok,25
Taipei,23
Shanxi,21
Yunnan,19
Wan Chai Hong Kong Island,16
Kowloon City Kowloon,16
Jakarta,16
Osaka,15
Gansu,14
England,14
Kuala Lumpur,13
Metro Manila,12
Illinois,12
New South Wales,11
Taichung,11
Tsuen Wan New Territories,9
Oregon,9
New Taipei,7
New York,7
British Columbia,6
Ontario,6
Heilongjiang,6
Hesse,6
Île-de-France,6
Kanagawa,6
Selangor,6
Virginia,6
Hainan,5
Bavaria,5
Arizona,5
North Carolina,5
New Jersey,5
Jilin,4
Tuen Mun New Territories,4
North Holland,4
Moscow,4
Taoyuan,4
Nevada,4
Dubai,3
Victoria,3
Ningxia,3
Central and Western Hong Kong Island,3
Incheon,3
Lagos,3
Changhua,3
Kaohsiung,3
Tainan,3
Massachusetts,3
Utah,3
Gauteng,3
Western Australia,2
São Paulo,2
Nova Scotia,2
Quebec,2
Greater Accra,2
Sham Shui Po Kowloon,2
Sha Tin New Territories,2
West Java,2
East Java,2
Apulia,2
Aichi,2
Kyoto,2
Hyogo,2
Yamaguchi,2
Phnom Penh,2
Luxembourg,2
Johor,2
Kyiv,2
Alabama,2
Connecticut,2
Georgia,2
Ho Chi Minh City,2
Yerevan,1
Australian Capital Territory,1
Aargau,1
Inner Mongolia,1
Xinjiang,1
Heredia,1
Baden-Württemberg,1
Schleswig-Holstein,1
Saxony,1
Madrid Autonomous Community,1
Auvergne-Rhône-Alpes,1
Brittany,1
Scotland,1
Peloponnese,1
Wong Tai Sin Kowloon,1
Yau Tsim Mong Kowloon,1
Maharashtra,1
Hormozgan,1
Veneto,1
Emilia-Romagna,1
Chiba,1
Seoul,1
Gyeonggi,1
Gangwon,1
Yangon,1
Ciudad de Mexico,1
Perak,1
Canterbury,1
Stockholm,1
Nonthaburi,1
Chiang Mai,1
Hsinchu County,1
Miaoli,1
Nantou,1
Hawaii,1
Missouri,1
Pennsylvania,1
Texas,1
Vĩnh Phúc,1
Hanoi,1
