name,visitors
Mazovia,64
Greater Poland,36
Lower Silesia,35
Lesser Poland,31
Łódź,27
Silesia,27
Ho Chi Minh City,18
Subcarpathia,17
Pomerania,14
Hanoi,10
Lublin,9
Kuyavia-Pomerania,7
Holy Cross,7
Warmia-Masuria,7
Podlachia,4
West Pomerania,4
Guangdong,2
Shanghai,2
Baden-Württemberg,2
Bavaria,2
Uusimaa,2
Gujarat,2
Gyeonggi,2
North Brabant,2
Opole,2
Saint Petersburg,2
Thanh Hóa,2
Haiphong,2
Baku,1
Flanders,1
Alberta,1
Zhejiang,1
Greater Accra,1
Karnataka,1
Telangāna,1
Veneto,1
Talas,1
Atyrau,1
Penang,1
North Holland,1
Lubusz,1
Viana do Castelo,1
Bucharest,1
Västernorrland,1
Poltavshchyna,1
Sumshchyna,1
Kharkivshchyna,1
Virginia,1
