name,visitors
Moscow,2360
Singapore,2030
Paris,2018
Bengaluru,1993
New York City,1870
London,1833
Tokyo,1650
Frankfurt am Main,1497
Chennai,1442
Hyderabad,1427
San Jose,1416
Chicago,1339
Mumbai,1331
Amsterdam,1330
Warsaw,1305
Sydney,1248
Toronto,1171
Munich,1122
Los Angeles,1069
Madrid,1066
São Paulo,1059
Pune,927
Seattle,851
Berlin,843
Zürich,839
Ashburn,824
Beijing,778
Melbourne,775
Dublin,768
Milan,749
Vienna,741
Hong Kong,708
Montréal,704
New Delhi,700
Stockholm,697
Helsinki,690
San Francisco,684
Taipei,677
Tel Aviv,621
Atlanta,617
Prague,611
Ho Chi Minh City,599
Reston,597
Saint Petersburg,579
Boston,570
Shanghai,554
Barcelona,553
Kyiv,530
Denver,516
Austin,500
Manchester,494
Bogotá,490
Budapest,485
Delhi,474
Istanbul,466
Lisbon,440
Brussels,426
Guangzhou,424
Bangkok,406
Rio de Janeiro,405
Hanoi,403
Nairobi,402
Hamburg,399
Kolkata,394
Jakarta,387
Oslo,385
Lagos,365
Osaka,357
Copenhagen,355
Houston,351
Vancouver,349
Brooklyn,346
Boardman,336
Lima,333
Madison,332
Göteborg,330
Düsseldorf,329
Pittsburgh,329
Rome,318
Chengdu,316
Brisbane,309
Cairo,304
Dallas,304
Shenzhen,303
San Diego,301
Calgary,298
Kraków,297
Edmonton,289
Portland,278
Medellín,277
Dubai,275
Lahore,275
Minneapolis,270
Cambridge,269
Auckland,267
Seoul,266
Hangzhou,265
Marseille,265
Ottawa,265
Stuttgart,264
Philadelphia,264
Jersey City,263
Miami,260
Phoenix,260
Sunnyvale,260
Ahmedabad,259
Bucharest,257
Lyon,254
Minsk,246
Santiago,243
Tashkent,242
Coimbatore,241
Washington,240
Athens,239
Charlotte,238
N/A,235
Johannesburg,230
Santa Clara,228
Belgrade,226
Perth,221
N/A,221
Valencia,212
N/A,211
Brasília,209
Karachi,208
Wrocław,207
Riyadh,206
Sofia,206
Riga,200
Berkeley,200
Vilnius,194
Lucknow,190
Columbus,190
Adelaide,189
Rotterdam,185
Mountain View,185
Gurgaon,183
Cambridge,182
Queens,182
Taichung,181
N/A,180
Cupertino,179
Tbilisi,178
Ithaca,178
Tehran,176
Boryspil,176
Victoria,176
Lausanne,175
Wandsworth,174
Bhopāl,172
Jaipur,171
Köln,171
Novosibirsk,170
Kathmandu,169
Eindhoven,169
Brno,166
Camden Town,166
Tallinn,165
Dhaka,165
Champaign,163
San Antonio,162
Poznań,161
Accra,160
Lviv,159
Indore,159
Zagreb,159
Oakland,158
Rennes,155
Yekaterinburg,154
Nanjing,152
Belo Horizonte,151
Quezon City,150
Raleigh,149
Provo,149
Porto,148
Curitiba,148
Almaty,147
St. Louis,147
Dresden,145
Las Vegas,145
Hsinchu,144
Xi’an,144
Birmingham,144
Utrecht,144
Jeddah,142
Yerevan,142
Abuja,142
Toulouse,142
Wuhan,141
The Hague,140
Nürnberg,140
Edinburgh,139
Amman,137
Kuala Lumpur,137
Cape Town,136
Bhubaneshwar,135
Krasnodar,133
Cochin,131
Chandīgarh,130
Buenos Aires,130
West Lafayette,130
Salt Lake City,129
Delft,128
Nagpur,126
Kaohsiung,126
Baltimore,125
City of Westminster,123
Durham,123
College Station,123
Baku,122
Patna,122
Genève,122
Bratislava,122
Orlando,122
Noida,122
Islamabad,121
Gdańsk,121
Bristol,119
Zhengzhou,118
Nantes,118
Fortaleza,118
Grenoble,117
Rostov-na-Donu,116
Colombo,116
Campinas,116
Lambeth,116
Islington,115
Glasgow,114
Ann Arbor,114
Rochester,114
Redmond,114
Ankara,113
Nizhniy Novgorod,112
Gwangju,112
Espoo,111
Boulder,111
Waterloo,111
Leeds,110
Silver Spring,109
Mississauga,108
Samara,107
Casablanca,107
Fulham,107
Porto Alegre,106
San José,106
Changsha,105
Vijayawada,104
Málaga,104
N/A,104
Lund,104
Antwerpen,104
Quito,104
Abu Dhabi,103
Turin,103
Milwaukee,103
Canberra,102
Reading,102
Malmö,101
Burnaby,101
Dehra Dūn,100
Yokohama,100
Slough,100
Karlsruhe,100
Oxford,99
Trondheim,98
Hannover,97
Nagoya,96
Ufa,95
Barnet,95
Ljubljana,95
Surat,94
Guiyang,94
Kitchener,94
Kensington,93
Recife,93
Indianapolis,93
Fremont,93
Québec,93
Surabaya,92
Nur-Sultan,91
Southampton,91
Kansas City,91
Amherst,91
Kanpur,90
Chelyabinsk,90
Sacramento,90
Winnipeg,90
Gent,89
Mannheim,89
Buffalo,88
Leipzig,87
Bremen,87
Lille,87
Bologna,87
Haarlem,86
Essen,86
Aachen,86
Cincinnati,86
Voronezh,85
Nice,85
