name,unique_exits,total_exits,exit_rate
/it/3/tutorial/index.html,22,23,
/it/3.15/using/windows.html,11,11,
/it/3/tutorial/introduction.html,8,8,
/it/3.14/,7,7,
/it/3/library/sys.html,7,7,
/dev/using/windows.html,6,6,
/it/3.14/tutorial/index.html,6,6,
/it/3/tutorial/inputoutput.html,6,6,
/it/3/reference/index.html,5,5,
/it/3/tutorial/datastructures.html,5,5,
/3/,4,4,
/it/3.14/tutorial/controlflow.html,4,4,
/it/3.14/tutorial/introduction.html,4,8,
/it/3/glossary.html,4,4,
/it/3/reference/simple_stmts.html,4,4,
/it/3/tutorial/appetite.html,4,4,
/it/3.13/library/functions.html,3,3,
/it/3.14/library/tkinter.html,3,3,
/it/3/library/builtins.html,3,3,
/it/3/library/curses.html,3,3,
/it/3/library/pathlib.html,3,3,
/3.14/library/,2,2,
/3.15/search.html,2,2,
/3/tutorial/controlflow.html,2,2,
/it/3.12/genindex-F.html,2,2,
/it/3.12/library/email.iterators.html,2,2,
/it/3.12/library/intro.html,2,2,
/it/3.12/library/mimetypes.html,2,2,
/it/3.12/library/profile.html,2,2,
/it/3.13/library/itertools.html,2,2,
/it/3.13/library/multiprocessing.html,2,2,
/it/3.13/library/test.html,2,2,
/it/3.13/tutorial/,2,3,
/it/3.14/library/,2,2,
/it/3.14/library/development.html,2,2,
/it/3.14/library/stdtypes.html,2,2,
/it/3.14/tutorial/,2,2,
/it/3.14/tutorial/datastructures.html,2,2,
/it/3/c-api/allocation.html,2,2,
/it/3/c-api/exceptions.html,2,2,
/it/3/faq/index.html,2,2,
/it/3/library/__main__.html,2,2,
/it/3/library/code.html,2,2,
/it/3/library/fnmatch.html,2,2,
/it/3/library/functions.html,2,2,
/it/3/library/keyword.html,2,2,
/it/3/library/logging.handlers.html,2,2,
/it/3/library/logging.html,2,2,
/it/3/library/site.html,2,2,
/it/3/library/token.html,2,2,
/it/3/tutorial/classes.html,2,2,
/it/3/tutorial/controlflow.html,2,2,
/3.14/contents.html,1,1,
/3.14/glossary.html,1,1,
/3.14/library/enum.html,1,1,
/3.14/library/smtplib.html,1,1,
/3.14/library/stdtypes.html,1,1,
/3.14/tutorial/controlflow.html,1,1,
/3.14/whatsnew/3.12.html,1,1,
/3.14/whatsnew/3.14.html,1,1,
/3.15/tutorial/,1,1,
/3/download.html,1,1,
/3/glossary.html,1,1,
/3/library/pickle.html,1,1,
/3/library/random.html,1,1,
/3/library/string.html,1,1,
/3/py-modindex.html,1,1,
/3/tutorial/,1,1,
/3/tutorial/errors.html,1,1,
/3/tutorial/introduction.html,1,1,
/3/using/windows.html,1,1,
/dev/,1,1,
/dev/library/stdtypes.html,1,1,
/it/3.12/c-api/buffer.html,1,1,
/it/3.12/c-api/long.html,1,1,
/it/3.12/download.html,1,1,
/it/3.12/genindex-K.html,1,1,
/it/3.12/genindex-Q.html,1,1,
/it/3.12/genindex-T.html,1,1,
/it/3.12/library/collections.html,1,1,
/it/3.12/library/email.encoders.html,1,1,
/it/3.12/library/email.errors.html,1,1,
/it/3.12/library/email.html,1,1,
/it/3.12/library/functions.html,1,1,
/it/3.12/library/textwrap.html,1,1,
/it/3.12/library/tkinter.tix.html,1,1,
/it/3.12/library/xmlrpc.server.html,1,1,
/it/3.12/tutorial/,1,1,
/it/3.12/tutorial/datastructures.html,1,1,
/it/3.12/using/index.html,1,1,
/it/3.13/copyright.html,1,1,
/it/3.13/genindex-D.html,1,1,
/it/3.13/genindex-T.html,1,1,
/it/3.13/genindex-W.html,1,1,
/it/3.13/library/ast.html,1,1,
/it/3.13/library/index.html,1,1,
/it/3.13/library/os.html,1,1,
/it/3.13/library/stdtypes.html,1,1,
/it/3.13/library/struct.html,1,1,
/it/3.13/py-modindex.html,1,1,
