name,visitors
Capital District,135
Antioquia,131
Madrid Autonomous Community,130
Ciudad de Mexico,111
Buenos Aires Province,101
Lima,89
Catalonia,71
Mexico State,64
Jalisco,61
Andalusia,42
Valencian Community,42
Distrito Nacional,41
Nuevo León,40
Pichincha,38
Santiago Metropolitan,37
Hebei,37
Guatemala,32
Valle del Cauca,26
California,25
Veracruz,24
Lima Region,23
La Paz,22
Santander,22
San José,22
San Salvador,22
Galicia,21
Capital,21
Atlántico,20
Chihuahua,19
Guanajuato,18
Basque Country,17
Baja California,17
Córdoba,16
Aragon,16
Cundinamarca,15
Puebla,15
Castile and León,14
Querétaro,14
Buenos Aires,13
Bolívar,13
Balearic Islands,13
Hidalgo,12
Quintana Roo,12
Tamaulipas,12
Yucatán,12
Florida,12
Texas,12
Havana,11
Guayas,11
Morelos,10
Montevideo,10
Valparaíso,9
Risaralda,9
Asturias,9
Castile-La Mancha,9
Canary Islands,9
Murcia Region,9
Panamá,9
Virginia,9
Salta,8
Santa Fe,8
Guerrero,8
Sinaloa,8
Managua,8
Guangdong,7
Shandong,7
Magdalena,7
Sonora,7
La Libertad,7
Asunción,7
New York,7
Miranda,7
Mendoza,6
Corrientes,6
Beijing,6
Henan,6
Aguascalientes,6
Colima,6
San Luis Potosí,6
Tabasco,6
Zacatecas,6
Cusco,6
Carabobo,6
Tucumán,5
Santa Catarina,5
Coquimbo,5
Hunan,5
Tolima,5
Francisco Morazán,5
Chiapas,5
Durango,5
Michoacán,5
Loreto,5
Anzoátegui,5
Barinas,5
Falcón,5
Ho Chi Minh City,5
Santa Cruz,4
Ontario,4
Libertador General Bernardo O'Higgins,4
Jiangsu,4
Liaoning,4
Huila,4
Sucre,4
Cartago,4
Heredia,4
Santo Domingo,4
Extremadura,4
Baja California Sur,4
Oaxaca,4
Illinois,4
Da Nang,4
Hanoi,4
Entre Ríos,3
Misiones,3
Chubut,3
Jujuy,3
Los Lagos,3
Ñuble,3
Sichuan,3
Cauca,3
Cesar,3
Meta,3
San Cristóbal,3
Los Ríos,3
Navarra Chartered Community,3
England,3
Junín,3
Lambayeque,3
Canindeyú,3
Arima,3
Lara,3
Monagas,3
Andorra la Vella,2
Río Negro,2
Tierra del Fuego,2
Santa Cruz,2
Minsk,2
Bío Bío,2
Maule,2
Hubei,2
Shanghai,2
Shaanxi,2
Boyacá,2
Caldas,2
Nariño,2
Berlin,2
Bavaria,2
Lower Saxony,2
Saxony,2
Santiago,2
Chimborazo,2
Sucumbíos,2
Beheira,2
Madhya Pradesh,2
Tamil Nadu,2
Osaka,2
Astana,2
Matagalpa,2
Arequipa,2
Cajamarca,2
Ica,2
Madre de Dios,2
Puno,2
Metro Manila,2
Alto Paraná,2
Saint Petersburg,2
Colorado,2
Connecticut,2
New Mexico,2
Pennsylvania,2
Canelones,2
Maldonado,2
Yaracuy,2
Đồng Nai,2
Haiphong,2
Santiago del Estero,1
San Juan,1
Catamarca,1
La Pampa,1
Formosa,1
Victoria,1
Flanders,1
Cochabamba,1
São Paulo,1
Zürich,1
Antofagasta,1
Arica y Parinacota,1
Fujian,1
Guizhou,1
Tianjin,1
Zhejiang,1
Chocó,1
Norte de Santander,1
Putumayo,1
Baden-Württemberg,1
Hamburg,1
La Romana,1
Peravia,1
Puerto Plata,1
Santiago Rodríguez,1
Azuay,1
El Oro,1
Tungurahua,1
Cotopaxi,1
Cantabria,1
La Rioja,1
Provence-Alpes-Côte-d'Azur,1
Tbilisi,1
Karnataka,1
Maharashtra,1
Piedmont,1
Tuscany,1
Tangier-Tétouan,1
Nayarit,1
Tlaxcala,1
Flevoland,1
South Holland,1
Oslo,1
Chiriquí,1
Ancash,1
Tacna,1
Northern Mindanao,1
Punjab,1
Porto,1
Central,1
Sverdlovsk,1
Stockholm,1
Santa Ana,1
Phuket,1
Kyivshchyna,1
Georgia,1
Iowa,1
Idaho,1
Mississippi,1
Ohio,1
Utah,1
Aragua,1
Mérida,1
Portuguesa,1
Thái Bình,1
Thanh Hóa,1
Nghệ An,1
Tây Ninh,1
Hải Dương,1
Phú Thọ,1
