name,visitors,bounce_rate,visit_duration
Direct / None,1103,74,192
Google,644,72,122
es.python.org,73,50,307
Brave,55,86,91
python.org,54,0,426
Bing,39,71,107
DuckDuckGo,27,83,167
chatgpt.com,21,56,120
GitHub,11,25,436
translations.python.org,10,46,149
Baidu,9,75,31
wiki.python.org,8,100,616
ecursos.claseejecutiva.cl,6,50,483
Yahoo!,3,33,150
app.aluracursos.com,3,50,25
copilot.com,3,100,6
hablemospython.dev,3,100,0
netacad.com,3,0,18
skilio.com,3,67,5
Ecosia,2,50,1086
Perplexity,2,100,836
app.certidevs.com,2,0,486
aulavirtual.educa.jcyl.es,2,0,1372
bloqueneon.uniandes.edu.co,2,100,0
cms.unir.net,2,0,1314
educacionadistancia.juntadeandalucia.es,2,0,118
intesud.edu.ec,2,100,0
leer.amazon.com.mx,2,100,0
wiki.python.org.ar,2,100,0
127.0.0.1,1,0,1243
auladigital.sence.cl,1,100,0
aulasonline.unab.cl,1,0,38
campus.educantabria.es,1,0,18
claude.ai,1,0,7
cnsc.gov.co,1,100,0
courses.edx.org,1,0,274
discuss.python.org,1,0,1111
e-ujier.uji.es,1,0,95
eva.ipss.cl,1,0,12
fpdistancia.educastur.es,1,0,20
freecodecamp.org,1,100,0
fundamentos-rw.com.ar,1,100,0
indoamerica.instructure.com,1,100,0
keepcoding.io,1,100,0
kennethalambert.com,1,0,100
kivy.org,1,0,2277
media.spainbs.com,1,0,3
numpy.org,1,0,33
orviumlabs.com,1,100,0
pinboard.opera.com,1,100,0
tapnav.com,1,100,0
udemy.com,1,0,177
view.genially.com,1,100,0
vscode.dev,1,0,10
werkzeug.palletsprojects.com,1,0,0
