name,visitors,bounce_rate,visit_duration
Direct / None,616,75,324
google.com,508,76,111
m.baidu.com,81,82,7
bing.com,34,64,174
python.org,18,0,442
codeit.kr,10,60,268
chatgpt.com,5,40,2124
codeup.kr,5,100,0
google.co.kr,3,67,7
m.blog.naver.com/wideeyed/222007008851,2,50,100
namu.wiki,2,100,0
oss.navercorp.com,2,100,0
wikidocs.net,2,50,546
blog.potados.com,1,100,0
chat.baidu.com,1,100,0
clien.net/service/board/kin/17320380,1,100,0
codeup.kr/index.php,1,100,0
copilot.microsoft.com,1,0,57
gemini.google.com,1,0,1623
github.com/currenjin/site-for-developers,1,0,6
github.com/ndb796/Python-Robotic-Process-Automation/tree/main/2,1,100,0
hleecaster.github.io,1,0,252
kdw9502.tistory.com/6,1,0,522
m.baidu.com/from=1001192y/bd_page_type=1/ssid=0/uid=0/pu=sz%401320_1001%2Cta%40iphone_2_12.0_28_16.0%2Cusm%401/baiduid=EE0679920EAD6F51E0037387D236353C/w=0_10_/t=iphone/l=1/tc,1,0,0
m.baidu.com/from=1020031e/bd_page_type=1/ssid=0/uid=0/pu=sz%401320_480%2Ccuid%40jiSSug8oviYh82ie_PHlf08Gvf0RuSia0iv2aYaQSiKoLqqqB%2Ccua%40_a-qi4uq-igBNE6lI5me6NNJ2I_Uh2NV_uDpieLqA%2Ccut%40r93jO6kEv8fjI-Ip_hvDCgu4LPEwDbqAC%2Cosname%40baiduboxapp%2Cctv%402%2Ccfrom%401020031e%2Ccen%40cuid_cua_cut%2Cc3_aid%40A00-5M3BBDQOEAX2CM363QPGLQEW4GJYA6RZ-6NSNZWZJ%2Cosbranch%40a2%2Ccsrc%40bdbox_fdserch_txt%2Cvmgdb%400020100228y%2Cusm%402/baiduid=6D47A21FC6ACE64D2152362C8177B95F/w=0_10_/t=zbios/l=1/tc,1,100,0
m.baidu.com/from=1034829p/bd_page_type=1/ssid=0/uid=0/pu=usm%401%2Csz%401320_1003%2Cta%40iphone_2_10.0_1_18.4/baiduid=632F2E021EB5ECF2810048AAFA5E6640/w=0_10_/t=iphone/l=1/tc,1,100,0
m.baidu.com/from=1057810a/bd_page_type=1/ssid=0/uid=0/pu=usm%401%2Csz%401320_1001%2Cta%40iphone_2_10.0_24_116.0/baiduid=B6E3B9309BCFF0BE062FB6F2A60AA523/w=0_10_/t=iphone/l=1/tc,1,100,0
m.clien.net,1,100,0
m.dcinside.com/board/programming/1501647,1,0,19
mongodb.com,1,0,587
passwd.tistory.com/entry/Python-%EC%97%AC%EB%9F%AC-%EA%B5%AC%EB%B6%84%EC%9E%90%EB%A1%9C-%EB%AC%B8%EC%9E%90%EC%97%B4-%EC%9E%90%EB%A5%B4%EA%B8%B0,1,100,0
perplexity.ai,1,0,0
sdc-james.gitbook.io/onebook/3./3.6./3.6.1.,1,100,0
search.daum.net/search,1,100,0
tpwc.lge.com,1,100,0
translations.python.org,1,0,271
velog.io,1,0,990
