property,value,visitors,events,percentage
url,(none),2826,4512,99.7
url,https://www.python.org/,46,47,1.6
url,https://docs.python.org/es/3.13/archives/python-3.13-docs-pdf-a4.zip,5,5,0.2
url,https://github.com/python/cpython/tree/3.13/Lib/tkinter/__init__.py,5,5,0.2
url,https://tkdocs.com/,5,5,0.2
url,https://wiki.python.org/moin/BeginnersGuide,5,5,0.2
url,https://github.com/python/cpython/tree/3.13/Lib/idlelib/,3,3,0.1
url,https://packaging.python.org/en/latest/tutorials/installing-packages/#ensure-pip-setuptools-and-wheel-are-up-to-date,3,3,0.1
url,https://www.tkdocs.com/shipman/,3,3,0.1
url,https://core.tcl.tk/tips/doc/trunk/tip/48.md,2,2,0.1
url,https://docs.python.org/es/3.13/archives/python-3.13-docs-html.zip,2,2,0.1
url,https://peps.python.org/,2,2,0.1
url,https://pypi.org/,2,2,0.1
url,https://www.amazon.com/Modern-Tkinter-Python-Developers-ebook/dp/B0071QDNLO/,2,2,0.1
url,https://www.tcl.tk/man/tcl8.6/TkCmd/contents.htm,2,2,0.1
url,http://tktable.sourceforge.net/tile/doc/converting.txt,1,1,0.0
url,https://code.activestate.com/recipes/langs/python/,1,1,0.0
url,https://devguide.python.org/,1,1,0.0
url,https://docs.python.org/es/3.15/archives/python-3.15-docs-html.zip,1,1,0.0
url,https://docs.python.org/es/3/archives/python-3.13-docs-pdf-a4.zip,1,1,0.0
url,https://en.wikipedia.org/wiki/Fibonacci_sequence,1,1,0.0
url,https://es.wikipedia.org/wiki/Notaci%C3%B3n_de_Backus-Naur,1,1,0.0
url,https://github.com/python/cpython/blob/main/Doc/library/index.rst?plain=1,1,1,0.0
url,https://github.com/python/cpython/tree/3.13/Lib/hashlib.py,1,1,0.0
url,https://github.com/python/cpython/tree/3.13/Lib/html/parser.py,1,1,0.0
url,https://github.com/python/cpython/tree/3.13/Lib/idlelib,1,1,0.0
url,https://github.com/python/cpython/tree/3.13/Lib/pathlib/,1,1,0.0
url,https://github.com/python/cpython/tree/3.13/Lib/re/,1,1,0.0
url,https://github.com/python/cpython/tree/3.13/Lib/urllib/,1,1,0.0
url,https://manpages.debian.org/options(3),1,1,0.0
url,https://msdn.microsoft.com/en-us/library/ms724878%28v=VS.85%29.aspx,1,1,0.0
url,https://peps.python.org/pep-0008/,1,1,0.0
url,https://peps.python.org/pep-0236/,1,1,0.0
url,https://peps.python.org/pep-0434/,1,1,0.0
url,https://peps.python.org/pep-0615/,1,1,0.0
url,https://peps.python.org/pep-0719/,1,1,0.0
url,https://pypi.org/project/regex/,1,1,0.0
url,https://www.debian.org/doc/manuals/maint-guide/first.en.html,1,1,0.0
url,https://www.tcl.tk/,1,1,0.0
url,https://www.tcl.tk/man/tcl8.6/TkCmd/winfo.htm,1,1,0.0
