name,unique_entrances,total_entrances,visit_duration
/es/3/tutorial/,445,459,118
/3/,96,96,386
/es/3.13/tutorial/index.html,88,90,93
/es/3/library/tkinter.html,78,81,64
/es/3/tutorial/index.html,73,81,62
/es/3/tutorial/introduction.html,63,65,54
/es/3/tutorial/appetite.html,60,62,163
/es/3/library/index.html,59,61,74
/es/3/tutorial/datastructures.html,54,54,105
/es/3/tutorial/interpreter.html,52,52,90
/es/3/library/idle.html,51,52,44
/es/3.13/library/index.html,47,52,44
/es/3.13/library/tkinter.html,47,49,112
/es/3/tutorial/venv.html,43,47,48
/es/3/tutorial/classes.html,42,43,50
/es/3.13/tutorial/datastructures.html,38,42,202
/es/3/,38,40,148
/es/3/tutorial/controlflow.html,38,38,51
/es/3/library/functions.html,37,37,74
/es/3/library/stdtypes.html,35,35,411
/3.13/tutorial/index.html,31,31,328
/es/3.13/,29,30,68
/es/3.13/library/stdtypes.html,28,28,22
/es/3.13/tutorial/introduction.html,28,29,178
/es/3.13/library/functions.html,26,28,35
/es/3.13/search.html,25,25,61
/es/3/installing/index.html,23,23,111
/3/tutorial/index.html,19,20,662
/es/3.13/tutorial/interpreter.html,19,21,121
/es/3.13/tutorial/controlflow.html,18,19,6
/es/3/tutorial/modules.html,16,16,7
/es/3/library/string.html,15,15,0
/es/3/reference/lexical_analysis.html,15,16,3
/es/3/tutorial/inputoutput.html,15,15,48
/3/library/functions.html,14,14,523
/es/3.13/library/math.html,14,16,91
/es/3.13/tutorial/appetite.html,14,16,129
/es/3.13/tutorial/classes.html,13,13,108
/es/3/glossary.html,13,13,73
/es/3/library/math.html,13,13,91
/es/3/library/venv.html,13,25,266
/es/3.13/library/idle.html,12,13,56
/es/3.13/library/turtle.html,12,13,551
/es/3.13/tutorial/errors.html,12,13,4
/es/3.12/tutorial/index.html,11,12,46
/es/3.13/glossary.html,11,11,12
/es/3.13/library/datetime.html,11,11,10
/es/3/genindex-Símbolos.html,11,11,69
/es/3/library/random.html,11,11,165
/es/3/library/re.html,11,11,15
/es/3/library/statistics.html,11,11,5
/es/3/tutorial/errors.html,11,11,9
/es/3/using/windows.html,11,11,0
/es/3.13/installing/index.html,10,10,1
/es/3/howto/regex.html,10,10,211
/es/3/library/datetime.html,10,10,0
/es/3/library/sqlite3.html,10,12,1
/es/dev/tutorial/,10,15,252
/3/library/tkinter.html,9,9,159
/es/3.13/library/array.html,9,9,148
/es/3.13/using/windows.html,9,10,13
/es/3/library/argparse.html,9,9,128
/es/3.13/library/__main__.html,8,9,4
/es/3.13/library/sys.html,8,8,187
/es/3.13/tutorial/,8,8,91
/es/3.13/tutorial/venv.html,8,8,0
/es/3/library/exceptions.html,8,9,2
/es/dev/tutorial/controlflow.html,8,9,2
/3.13/tutorial/,7,7,746
/es/3.12/tutorial/classes.html,7,8,106
/es/3.13/howto/regex.html,7,7,464
/es/3.13/whatsnew/3.13.html,7,7,9
/es/3/library/asyncio.html,7,7,1
/es/3/library/pathlib.html,7,8,33
/es/3/library/shutil.html,7,8,115
/es/3/library/timeit.html,7,7,14
/es/3/reference/import.html,7,7,7
/es/3/search.html,7,7,444
/3.13/using/windows.html,6,6,98
/3/library/venv.html,6,6,425
/3/search.html,6,6,128
/es/3.12/tutorial/interpreter.html,6,6,259
/es/3.13/index.html,6,6,353
/es/3.13/library/os.html,6,6,210
/es/3.13/reference/lexical_analysis.html,6,7,488
/es/3.13/tutorial/inputoutput.html,6,7,587
/es/3/library/intro.html,6,6,4
/es/3/library/json.html,6,6,48
/es/3/using/cmdline.html,6,6,0
/3.13/whatsnew/3.13.html,5,5,768
/3/library/index.html,5,5,13
/3/library/random.html,5,5,501
/es/3.13/howto/sockets.html,5,5,0
/es/3.13/library/re.html,5,5,0
/es/3.13/reference/import.html,5,6,0
/es/3.13/tutorial/modules.html,5,5,415
/es/3/library/,5,5,553
/es/3/library/datatypes.html,5,5,56
/es/3/library/glob.html,5,6,0
/es/3/reference/compound_stmts.html,5,5,0
/es/3/reference/index.html,5,5,15
/es/3/whatsnew/index.html,5,5,125
/es/dev/library/abc.html,5,5,0
/3.13/,4,4,112
/3.13/index.html,4,4,381
/3/library/stdtypes.html,4,4,1687
/3/tutorial/,4,4,182
/3/tutorial/datastructures.html,4,4,53
/3/tutorial/introduction.html,4,4,176
/3/tutorial/modules.html,4,4,140
/es/3.13/library/csv.html,4,4,0
/es/3.13/library/exceptions.html,4,4,0
/es/3.13/library/http.server.html,4,4,28
/es/3.13/library/pathlib.html,4,4,5
/es/3.13/library/pickle.html,4,4,0
/es/3.13/library/sqlite3.html,4,4,717
/es/3.13/library/tk.html,4,5,335
/es/3.13/library/tkinter.ttk.html,4,4,14
/es/3.13/reference/index.html,4,4,294
/es/3.13/using/index.html,4,4,10
/es/3/contents.html,4,4,0
/es/3/howto/unicode.html,4,4,0
/es/3/library/pdb.html,4,4,0
/es/dev/library/zlib.html,4,4,0
/3.12/library/stdtypes.html,3,3,471
/3.13/library/index.html,3,3,1144
/3.15/,3,3,858
/3/download.html,3,3,164
/3/tutorial/controlflow.html,3,3,132
/3/tutorial/errors.html,3,3,2830
/es/3.12/tutorial/controlflow.html,3,3,27
/es/3.13/howto/logging.html,3,3,0
/es/3.13/library/copy.html,3,3,92
/es/3.13/library/difflib.html,3,3,304
/es/3.13/library/multiprocessing.html,3,3,0
/es/3.13/library/operator.html,3,3,27
/es/3.13/library/random.html,3,3,0
/es/3.13/library/subprocess.html,3,3,0
/es/3.13/reference/compound_stmts.html,3,3,0
/es/3.13/reference/datamodel.html,3,3,2
/es/3.13/reference/executionmodel.html,3,3,3
/es/3.15/library/functions.html,3,3,0
/es/3.15/tutorial/introduction.html,3,3,1174
/es/3/faq/windows.html,3,3,0
/es/3/howto/logging.html,3,3,14
/es/3/howto/sorting.html,3,3,1116
/es/3/index.html,3,3,0
/es/3/library/copy.html,3,3,39
/es/3/library/csv.html,3,3,0
/es/3/library/decimal.html,3,3,0
/es/3/library/pprint.html,3,3,0
/es/3/library/time.html,3,3,0
/es/3/library/tk.html,3,3,207
/es/3/library/typing.html,3,4,603
/es/3/library/zlib.html,3,3,0
/es/3/reference/datamodel.html,3,3,0
/es/3/using/editors.html,3,3,30
/es/dev/tutorial/inputoutput.html,3,3,44
/3.13/library/typing.html,2,2,656
/3.13/search.html,2,2,770
/3.14/library/re.html,2,2,1505
/3/contents.html,2,2,2808
/3/howto/logging.html,2,2,4
/3/howto/regex.html,2,2,690
/3/howto/sockets.html,2,2,188
/3/installing/index.html,2,2,2
/3/library/array.html,2,2,6
/3/library/markup.html,2,2,51
/3/library/pdb.html,2,2,65
/3/library/re.html,2,2,158
/3/library/turtle.html,2,2,16
/3/reference/index.html,2,2,55
/3/reference/toplevel_components.html,2,2,2
/3/tutorial/appetite.html,2,2,5186
/3/tutorial/inputoutput.html,2,2,180
/es/3.12/library/subprocess.html,2,2,0
/es/3.12/search.html,2,2,107
/es/3.12/tutorial/appendix.html,2,2,520
/es/3.12/tutorial/venv.html,2,2,0
/es/3.13/download.html,2,2,85
/es/3.13/howto/sorting.html,2,2,0
/es/3.13/library/calendar.html,2,2,0
/es/3.13/library/collections.html,2,2,0
/es/3.13/library/email.examples.html,2,2,0
/es/3.13/library/filesys.html,2,2,0
/es/3.13/library/importlib.html,2,2,0
/es/3.13/library/smtplib.html,2,2,0
/es/3.13/library/socket.html,2,2,0
/es/3.13/library/string.html,2,2,0
/es/3.13/library/typing.html,2,2,544
/es/3.13/library/winreg.html,2,4,1723
/es/3.13/py-modindex.html,2,2,33
/es/3.13/reference/simple_stmts.html,2,5,0
/es/3.13/tutorial/stdlib.html,2,2,0
/es/3.14/,2,2,8
/es/3.14/tutorial/index.html,2,2,0
/es/3.15/tutorial/classes.html,2,5,0
/es/3/download.html,2,2,8
/es/3/extending/embedding.html,2,2,0
/es/3/howto/a-conceptual-overview-of-asyncio.html,2,2,0
/es/3/howto/sockets.html,2,2,318
/es/3/library/base64.html,2,2,0
/es/3/library/builtins.html,2,2,0
/es/3/library/configparser.html,2,2,419
/es/3/library/getopt.html,2,2,142
/es/3/library/hashlib.html,2,2,10
/es/3/library/heapq.html,2,2,271
/es/3/library/inspect.html,2,2,0
/es/3/library/operator.html,2,2,0
/es/3/library/os.html,2,2,0
/es/3/library/os.path.html,2,2,14
/es/3/library/platform.html,2,2,0
/es/3/library/socket.html,2,4,0
/es/3/library/socketserver.html,2,2,0
/es/3/library/textwrap.html,2,2,0
/es/3/library/unittest.html,2,2,0
/es/3/library/urllib.parse.html,2,2,0
/es/3/library/zoneinfo.html,2,2,74
/es/3/reference/,2,2,46
/es/3/reference/expressions.html,2,2,0
/es/3/tutorial/stdlib.html,2,2,0
/es/3/using/mac.html,2,2,0
/es/dev/library/zoneinfo.html,2,3,17
/es/dev/using/windows.html,2,2,0
/3.12/library/typing.html,1,1,1200
/3.12/tutorial/,1,1,626
/3.12/whatsnew/3.12.html,1,1,290
/3.13/library/datetime.html,1,1,1398
/3.13/library/heapq.html,1,1,9
/3.13/library/stdtypes.html,1,1,424
/3.13/tutorial/appetite.html,1,1,72
/3.13/tutorial/modules.html,1,1,7678
/3.13/using/index.html,1,1,46
/3.13/whatsnew/3.12.html,1,1,2386
/3/bugs.html,1,1,0
/3/c-api/frame.html,1,1,34
/3/faq/,1,1,97
/3/glossary.html,1,1,138
/3/library/argparse.html,1,1,122
/3/library/asyncio-task.html,1,1,1412
/3/library/asyncio.html,1,1,10
/3/library/cmd.html,1,1,41
/3/library/csv.html,1,1,0
/3/library/curses.html,1,1,0
/3/library/decimal.html,1,1,80
/3/library/doctest.html,1,1,1006
/3/library/exceptions.html,1,1,9
/3/library/http.server.html,1,1,2794
/3/library/idle.html,1,1,20
/3/library/importlib.html,1,1,1790
/3/library/inspect.html,1,1,125
/3/library/logging.html,1,1,168
/3/library/math.html,1,1,23
/3/library/pathlib.html,1,1,744
/3/library/socketserver.html,1,1,4807
/3/library/sqlite3.html,1,1,9
/3/library/string.html,1,1,0
/3/library/struct.html,1,1,0
/3/library/sys.html,1,1,14
/3/library/sys.monitoring.html,1,1,13
/3/library/textwrap.html,1,1,254
/3/library/threading.html,1,1,0
/3/library/typing.html,1,1,295
/3/library/urllib.html,1,1,61
/3/library/xml.etree.elementtree.html,1,1,698
/3/library/zipfile.html,1,1,0
/3/license.html,1,1,1163
/3/reference/,1,1,201
/3/reference/compound_stmts.html,1,1,1287
/3/reference/expressions.html,1,1,227
/3/reference/grammar.html,1,1,14
/3/reference/introduction.html,1,1,267
/3/tutorial/interpreter.html,1,1,0
/3/using/index.html,1,1,2231
/3/using/mac.html,1,1,2128
/3/whatsnew/3.13.html,1,1,152
/es/3.12/c-api/apiabiversion.html,1,1,0
/es/3.12/glossary.html,1,1,985
/es/3.12/library/faulthandler.html,1,1,0
/es/3.12/library/stdtypes.html,1,1,0
/es/3.12/tutorial/,1,1,876
/es/3.12/tutorial/appetite.html,1,1,0
/es/3.12/tutorial/datastructures.html,1,1,0
/es/3.12/whatsnew/3.12.html,1,1,0
/es/3.13/c-api/complex.html,1,1,15
/es/3.13/c-api/dict.html,1,1,0
/es/3.13/c-api/frame.html,1,1,1166
/es/3.13/extending/index.html,1,1,56
/es/3.13/faq/installed.html,1,1,0
/es/3.13/faq/programming.html,1,1,0
/es/3.13/howto/curses.html,1,1,677
/es/3.13/howto/ipaddress.html,1,2,0
/es/3.13/howto/unicode.html,1,1,0
/es/3.13/library/,1,1,0
/es/3.13/library/abc.html,1,1,0
/es/3.13/library/ast.html,1,1,0
/es/3.13/library/cmath.html,1,1,73
/es/3.13/library/concurrent.futures.html,1,2,0
/es/3.13/library/constants.html,1,1,23
/es/3.13/library/curses.ascii.html,1,1,0
