name,visitors
China,737
United States,560
India,336
Germany,296
Russian Federation,268
Japan,250
Singapore,211
United Kingdom,152
Brazil,118
Hong Kong,112
Netherlands,91
South Korea,81
Spain,72
France,66
Taiwan,66
Vietnam,65
Italy,63
Mexico,61
Canada,59
Ukraine,57
Australia,44
Austria,38
Colombia,38
Poland,38
Israel,34
Sweden,30
Indonesia,26
Iran,25
Turkey,25
Ireland,24
Argentina,21
Kazakhstan,21
Peru,21
Czechia,20
Denmark,19
Morocco,19
Switzerland,18
Hungary,17
Norway,16
Thailand,16
Chile,14
Finland,14
Greece,14
Portugal,14
Malaysia,13
Nigeria,13
Romania,13
Bangladesh,12
Kenya,12
Egypt,11
Pakistan,11
South Africa,11
Belgium,10
Bulgaria,10
Philippines,10
Algeria,9
Ethiopia,9
Uzbekistan,9
Nepal,8
Jordan,7
New Zealand,7
Dominican Republic,6
Ecuador,6
Croatia,6
Tunisia,6
Côte d'Ivoire,5
Ghana,5
Lithuania,5
Latvia,5
Slovakia,5
Venezuela,5
United Arab Emirates,4
Belarus,4
Georgia,4
Kuwait,4
Serbia,4
Saudi Arabia,4
Uruguay,4
Armenia,3
Bolivia,3
Costa Rica,3
Estonia,3
Iraq,3
Kyrgyzstan,3
Lebanon,3
Paraguay,3
Slovenia,3
Albania,2
"Congo, The Democratic Republic of the",2
Cyprus,2
Honduras,2
Cambodia,2
Luxembourg,2
Libya,2
North Macedonia,2
Malta,2
Mauritius,2
Namibia,2
Qatar,2
Seychelles,2
Senegal,2
Syria,2
Trinidad and Tobago,2
Yemen,2
Afghanistan,1
Angola,1
Cameroon,1
Guatemala,1
Sri Lanka,1
Martinique,1
Puerto Rico,1
Réunion,1
Suriname,1
South Sudan,1
El Salvador,1
Zimbabwe,1
