name,visitors,bounce_rate,visit_duration
Direct / None,3567,68,218
Google,715,82,303
python.org,223,78,217
Bing,111,78,302
peps.python.org,46,93,11
Yandex,39,84,172
Baidu,37,72,567
DuckDuckGo,33,100,181
GitHub,24,83,86
chatgpt.com,20,67,486
campus110.unad.edu.co,9,50,145
Brave,7,0,94
pucminas.instructure.com,7,71,2
learn.bu.edu,5,40,411
psyc-b265-hub.brynmawr.edu,5,50,393
360.cn,4,0,117
Ecosia,4,100,601
Microsoft Teams,4,100,0
Qwant,4,0,5809
Yahoo!,4,0,1815
coursemology3.s3.ap-southeast-1.amazonaws.com,4,100,0
courses.cscc.edu,4,75,435
qiita.com,4,100,798
Wikipedia,3,0,25
ctp.di.fct.unl.pt,3,100,0
discuss.python.org,3,0,42
forum.ansible.com,3,100,0
hub.imt-atlantique.fr,3,67,567
learn.microsoft.com,3,50,73
pit-virtual.uni.edu.pe,3,33,155
pypdf.readthedocs.io,3,67,6
udemy.com,3,100,688
Perplexity,2,100,314
codecademy.cn,2,0,840
confluence.livenation.com,2,100,0
courses.grainger.illinois.edu,2,100,0
courses.maine.edu,2,100,0
doubao.com,2,100,0
jupyter.org,2,0,388
link.csdn.net,2,100,0
luma-oled.readthedocs.io,2,0,1085
pypi.org,2,50,571
python.sdv.u-paris.fr,2,100,0
us.prairielearn.com,2,0,972
Facebook,1,100,0
Reddit,1,0,143
airflow.apache.org,1,0,269
aulavirtual.iesthosicodina.cat,1,100,0
aulavirtual.ingenieria.usac.edu.gt,1,0,1442
biocpy.github.io,1,100,0
blog.pecar.me,1,0,735
bugs.launchpad.net,1,100,0
cahier-snt.fr,1,0,98
confluence.f.bbg,1,100,0
confluence.int.ally.com,1,0,1717
confluence.samsungds.net,1,100,0
crispy-space-goggles-4j96jvx7wpwjfg6r.github.dev,1,100,0
cs.ox.ac.uk,1,100,0
cursos.alura.com.br,1,0,53
datacamp.com,1,0,52
docs.astral.sh,1,100,0
docs.opencv.org,1,100,0
docs.pip.distribution.sol.onetick.com,1,0,1824
edube.org,1,0,1581
emdgroup.github.io,1,100,0
enghub.gs.com,1,100,0
fastapi.tiangolo.com,1,0,577
git.corp.adobe.com,1,100,0
learn.xamk.fi,1,100,0
link.juejin.cn,1,0,7535
login.microsoftonline.com,1,0,6689
lore.proxmox.com,1,100,0
lrps.wgu.edu,1,100,0
me.sap.com,1,100,0
medium.com,1,0,1236
mobilelearn.istudy.szpu.edu.cn,1,0,4411
neopythonic.blogspot.com,1,0,2576
notebooks.githubusercontent.com,1,100,0
nst-chat.com,1,0,83
ntp.msn.cn,1,0,103
packaging.python.org,1,0,1923
pandas.pydata.org,1,0,560
pcnxexuv1r88.feishu.cn,1,100,0
pip.pypa.io,1,0,128
playerokapi.readthedocs.io,1,100,0
pylingual.io,1,100,0
python.p2hp.com,1,0,255
quark.cn,1,100,0
realpython.com,1,100,0
redesigned-space-guide-g4wrj79p5r9r29wq9.github.dev,1,100,0
redj.hatenablog.com,1,0,1432
runoob.com,1,0,380
search.slimjet.org,1,0,0
textual.textualize.io,1,0,3617
typing-extensions.readthedocs.io,1,0,3660
typing-ja.readthedocs.io,1,0,368
weblab.tudelft.nl,1,0,95
wikidocs.net,1,0,42
yuque.com,1,100,0
