name,visitors,pageviews,bounce_rate,time_on_page,scroll_depth
/3.12/,714,1238,62,38,74
/3.12/tutorial/index.html,317,386,72,29,49
/3.12/using/windows.html,229,260,81,33,25
/3.12/search.html,219,373,34,24,52
/3.12/library/functions.html,187,205,88,58,51
/3.12/whatsnew/3.12.html,173,185,79,79,23
/3.12/library/index.html,169,198,47,22,40
/3.12/library/stdtypes.html,155,165,81,85,46
/3.12/index.html,121,127,53,16,77
/3.12/tutorial/,93,107,67,120,53
/3.12/library/typing.html,82,78,82,38,53
/3.12/library/,78,87,75,23,31
/3.12/tutorial/controlflow.html,73,72,82,173,45
/zh-cn/3.12/,68,75,35,11,79
/3.12/library/os.html,67,67,72,70,38
/3.12/tutorial/interpreter.html,67,61,83,65,69
/3.12/tutorial/introduction.html,65,77,77,156,55
/3.12/library/re.html,57,58,83,178,52
/zh-cn/3.12/library/index.html,57,104,48,24,37
/3.12/library/datetime.html,55,60,83,66,50
/3.12/tutorial/appetite.html,55,45,83,52,87
/3.12/library/pathlib.html,53,59,61,30,52
/3.12/reference/index.html,46,59,62,20,70
/3.12/library/exceptions.html,42,38,93,15,38
/zh-cn/3.12/tutorial/index.html,42,48,57,61,55
/3.12/glossary.html,41,44,25,14,61
/3.12/tutorial/datastructures.html,41,44,72,85,50
/3.12/download.html,40,37,57,68,84
/ja/3.12/download.html,38,36,70,6,72
/3.12/contents.html,36,38,30,60,17
/3.12/library/subprocess.html,35,38,74,66,44
/3.12/library/tkinter.html,35,42,82,63,39
/3.12/reference/datamodel.html,34,32,83,171,44
/3.12/library/random.html,33,34,81,29,38
/3.12/reference/lexical_analysis.html,33,29,71,102,55
/3.12/py-modindex.html,32,60,23,35,66
/3.12/library/os.path.html,31,37,86,119,54
/3.12/library/logging.html,29,35,86,48,47
/3.12/installing/index.html,28,21,0,29,76
/3.12/genindex.html,27,27,0,5,99
/3.12/library/argparse.html,27,25,80,173,52
/3.12/library/asyncio-task.html,27,26,85,69,52
/3.12/library/asyncio.html,27,31,50,14,77
/3.12/library/dataclasses.html,26,21,70,30,34
/3.12/library/io.html,25,22,83,52,52
/3.12/library/threading.html,24,23,92,85,55
/zh-cn/3.12/search.html,24,28,45,16,63
/3.12/library/itertools.html,23,24,79,103,41
/3.12/reference/expressions.html,23,25,80,45,55
/3.12/library/idle.html,22,21,100,13,26
/3.12/library/telnetlib.html,22,20,78,27,78
/3.12/library/collections.html,21,22,73,83,42
/3.12/library/math.html,21,21,62,43,67
/3.12/library/multiprocessing.html,21,31,50,69,53
/3.12/library/string.html,21,31,38,94,73
/3.12/using/index.html,21,23,100,104,74
/3.12/tutorial/classes.html,20,23,90,57,70
/zh-cn/3.12/index.html,20,21,17,10,74
/3.12/library/sys.html,19,20,73,15,33
/3.12/whatsnew/changelog.html,19,22,92,20,9
/3.12/library/codecs.html,18,18,100,64,58
/3.12/tutorial/inputoutput.html,18,19,25,33,56
/3.12/library/ast.html,17,20,58,70,62
/3.12/library/asyncio-eventloop.html,17,21,71,43,29
/3.12/library/csv.html,17,16,67,32,49
/3.12/reference/compound_stmts.html,17,20,44,59,29
/3.12/reference/introduction.html,17,20,71,69,91
/3.12/using/cmdline.html,17,17,0,25,34
/zh-cn/3.12/reference/index.html,17,16,100,25,71
/zh-cn/3.12/download.html,16,13,83,22,91
/zh-cn/3.12/library/functions.html,16,15,83,51,37
/zh-cn/3.12/using/index.html,16,13,44,11,58
/3.12/library/collections.abc.html,15,11,75,25,56
/3.12/library/concurrent.futures.html,15,14,33,95,47
/3.12/library/turtle.html,15,17,70,60,34
/3.12/reference/import.html,15,16,67,54,56
/3.12/using/unix.html,15,13,60,18,61
/zh-cn/3.12/library/stdtypes.html,15,13,80,124,40
/3.12/library/intro.html,14,13,100,10,80
/3.12/library/json.html,14,16,80,53,66
/3.12/library/socket.html,14,9,83,116,49
/3.12/library/sqlite3.html,14,15,86,34,63
/3.12/library/unittest.mock.html,14,15,89,68,24
/zh-cn/3.12/glossary.html,14,16,80,59,37
/zh-cn/3.12/installing/index.html,14,13,83,29,84
/zh-cn/3.12/whatsnew/3.12.html,14,13,50,84,28
/3.12/library/enum.html,13,16,75,39,53
/3.12/library/shutil.html,13,12,100,35,37
/3.12/library/ssl.html,13,23,56,47,61
/3.12/library/struct.html,13,14,89,34,37
/3.12/library/time.html,13,10,80,50,56
/3.12/library/venv.html,13,13,75,99,56
/zh-cn/3.12/contents.html,13,14,67,17,5
/zh-cn/3.12/tutorial/appetite.html,13,11,67,72,82
/zh-cn/3.12/tutorial/controlflow.html,13,11,83,230,56
/3.12/howto/index.html,12,12,33,17,86
/3.12/library/tarfile.html,12,10,100,91,55
/3.12/reference/simple_stmts.html,12,16,0,65,88
/3.12/tutorial/modules.html,12,10,67,53,72
/zh-cn/3.12/py-modindex.html,12,15,90,12,47
