name,visitors
Bengaluru,118
Hyderabad,89
Singapore,81
Moscow,77
Chennai,74
Mumbai,70
Tokyo,64
Sydney,62
Bangkok,58
New Delhi,56
Beijing,55
Los Angeles,53
Kolkata,51
Tel Aviv,50
Ho Chi Minh City,50
Berlin,46
Pune,44
Hong Kong,44
New York City,44
London,43
Warsaw,42
Melbourne,42
Amsterdam,42
Frankfurt am Main,41
San Jose,41
Istanbul,36
Delhi,35
Jakarta,35
Toronto,35
Paris,34
Shanghai,33
São Paulo,33
Guangzhou,32
Dublin,32
Madrid,32
Nairobi,31
Hanoi,30
Cairo,27
Taipei,25
Chicago,25
Saint Petersburg,24
Accra,24
Seattle,24
Riyadh,23
Helsinki,23
Zürich,23
Kyiv,22
Lucknow,22
Jaipur,22
Kuala Lumpur,22
Shenzhen,21
Budapest,21
Barcelona,21
Munich,20
Dallas,20
Islamabad,19
Perth,19
Brisbane,19
Lagos,19
Lima,19
Prague,18
Kraków,18
Rio de Janeiro,18
San Francisco,18
Johannesburg,17
Coimbatore,17
Chengdu,17
Atlanta,17
Austin,17
Ashburn,17
Dhaka,16
Stockholm,16
Vienna,16
N/A,16
Montréal,16
Lahore,15
Karachi,15
Ahmedabad,15
Changsha,15
Augsburg,15
Milan,15
Denver,15
N/A,15
Dubai,14
Minsk,14
Sofia,14
Wuhan,14
Auckland,14
Copenhagen,14
Oslo,14
Bogotá,14
Reston,14
N/A,14
Bucharest,13
Colombo,13
Surat,13
Patna,13
Cochin,13
Kathmandu,13
Almaty,13
Nanjing,13
Hamburg,13
N/A,13
Curitiba,13
Vancouver,13
Jeddah,12
Nagpur,12
Tashkent,12
Nürnberg,12
Rome,12
Santiago,12
Philadelphia,12
San Diego,12
Athens,11
Doha,11
Abu Dhabi,11
Durban,11
Chandīgarh,11
Bandung,11
Taichung,11
Quezon City,11
Kunming,11
Zagreb,11
Miami,11
Houston,11
San Antonio,11
Calgary,11
Dnipro,10
Thrissur,10
Indore,10
Dehra Dūn,10
Yangon,10
Manchester,10
Stuttgart,10
Poznań,10
Mexico City,10
Brooklyn,10
Oakland,10
Santa Clara,10
Québec,10
Ankara,9
Giza,9
Tbilisi,9
Bhopāl,9
Kaohsiung,9
Xiaogan,9
Seongnam-si,9
Lisbon,9
Tunis,9
Kensington,9
Cape Town,9
Recife,9
Guatemala City,9
Phoenix,9
Portland,9
Lambeth,9
Visakhapatnam,8
Verāval,8
Gurgaon,8
Manila,8
Zhengzhou,8
Xi’an,8
N/A,8
Macau,8
Phnom Penh,8
Adelaide,8
Kinshasa,8
Rabat,8
Casablanca,8
Göteborg,8
Wrocław,8
Belo Horizonte,8
Hayward,8
San Mateo,8
Colorado Springs,8
Las Vegas,8
Sanaa,7
Baghdad,7
Kuwait City,7
Addis Ababa,7
Alexandria,7
Krasnodar,7
Chisinau,7
Belgrade,7
Pretoria,7
Chelyabinsk,7
Tianjin,7
Chongqing,7
Glasgow,7
Bristol,7
Aldershot,7
Toulouse,7
Fortaleza,7
Montevideo,7
Porto Alegre,7
Santiago de Querétaro,7
Queens,7
Winnipeg,7
Rostov-na-Donu,6
Kaliningrad,6
Vilnius,6
Yerevan,6
Vadodara,6
Jabalpur,6
Tyumen,6
Xiamen,6
Wuxi,6
Nanning,6
Hangzhou,6
Dongguan,6
N/A,6
Dakar,6
Ibadan,6
Murcia,6
Wandsworth,6
N/A,6
Graz,6
Köln,6
Karlsruhe,6
Düsseldorf,6
Kecskemét,6
Padova,6
Londrina,6
San Salvador,6
San José,6
Benito Juarez,6
Lawrenceville,6
Charlotte,6
McKinney,6
Richmond,6
Council Bluffs,6
Cambridge,6
Newark,6
The Bronx,6
Edmonton,6
Noida,6
Mecca,5
Dammam,5
Tehran,5
İzmir,5
Tampere,5
Odessa,5
Lusaka,5
Vijayawada,5
Shillong,5
Salem,5
Ranchi,5
Madurai,5
Ghāziābād,5
Da Nang,5
Yogyakarta,5
Tangerang,5
Johor Bahru,5
Osaka,5
Kyoto,5
Canberra,5
Abuja,5
Marrakesh,5
Slough,5
Reading,5
N/A,5
Coventry,5
Bern,5
The Hague,5
Gent,5
Brussels,5
Passau,5
Magdeburg,5
Heidelberg,5
Hannover,5
Dreieich,5
Bremen,5
Goiânia,5
Campinas,5
Caracas,5
Guayaquil,5
Barranquilla,5
Washington,5
Jacksonville,5
Decatur,5
Columbia,5
Columbus,5
Virginia Beach,5
Minneapolis,5
Jersey City,5
Milpitas,5
Bellevue,5
Medina,4
Dar es Salaam,4
Manama,4
Rosh Ha‘Ayin,4
Rishon LeẔiyyon,4
Petaẖ Tiqwa,4
Netanya,4
Adana,4
N/A,4
Baku,4
Lviv,4
Kharkiv,4
Debrecen,4
