property,value,visitors,events,percentage
url,(none),8578,12167,99.5
url,https://bootstrap.pypa.io/get-pip.py,213,245,2.5
url,https://www.python.org/,137,143,1.6
url,https://docs.python-guide.org/starting/installation/#installation,129,131,1.5
url,https://opentechschool.github.io/python-beginners/en/getting_started.html#what-is-python-exactly,60,64,0.7
url,https://docs.python.org/3/library/venv.html,16,16,0.2
url,https://pip.pypa.io/,15,46,0.2
url,https://docs.python.org/3/tutorial/modules.html#packages,14,14,0.2
url,https://pip.pypa.io/en/latest/user_guide/#requirements-files,13,13,0.2
url,https://pypi.org/,13,14,0.2
url,https://pypi.org/project/pip/,11,11,0.1
url,https://github.com/pypa/pip,10,10,0.1
url,https://pip.pypa.io/en/latest/,10,10,0.1
url,https://test.pypi.org/account/register/,8,8,0.1
url,https://brew.sh/,7,8,0.1
url,https://github.com/pypa/packaging.python.org,7,7,0.1
url,https://pip.pypa.io/en/latest/topics/secure-installs/,7,10,0.1
url,https://pypi.org/classifiers/,7,8,0.1
url,https://test.pypi.org/help/#apitoken,7,7,0.1
url,https://docs.python.org/3/library/ensurepip.html,6,6,0.1
url,https://pipx.pypa.io/,6,6,0.1
url,https://test.pypi.org/manage/account/#api-tokens,6,6,0.1
url,https://setuptools.pypa.io/en/latest/userguide/development_mode.html,5,5,0.1
url,https://setuptools.pypa.io/en/latest/userguide/miscellaneous.html,5,5,0.1
url,https://www.pypa.io/en/latest/,5,5,0.1
url,https://choosealicense.com/,4,4,0.0
url,https://github.com/pypa/packaging-problems/issues/new?template=packaging_tutorial.yml&title=Trouble+with+the+packaging+tutorial&guide=https://packaging.python.org/tutorials/packaging-projects,4,5,0.0
url,https://peps.python.org/pep-0639/,4,4,0.0
url,https://pip.pypa.io/en/latest/cli/,4,4,0.0
url,https://pip.pypa.io/en/latest/cli/pip_install/#pip-install,4,4,0.0
url,https://pip.pypa.io/en/stable/user_guide/#user-installs,4,4,0.0
url,https://pypi.org/project/pipx/,4,4,0.0
url,https://virtualenv.pypa.io/en/stable/index.html,4,4,0.0
url,https://www.python.org/downloads/,4,4,0.0
url,https://datatracker.ietf.org/doc/html/rfc2119.html,3,3,0.0
url,https://docs.microsoft.com/en-us/windows/win32/shell/user-environment-variables?redirectedfrom=MSDN,3,3,0.0
url,https://en.wikipedia.org/wiki/Linux_distribution,3,3,0.0
url,https://github.com/pypa/packaging.python.org/blob/main/source/tutorials/installing-packages.rst?plain=true,3,3,0.0
url,https://github.com/pypa/packaging.python.org/edit/main/source/tutorials/packaging-projects.rst,3,3,0.0
url,https://github.com/pypa/setuptools,3,4,0.0
url,https://hatch.pypa.io/1.9/version/,3,3,0.0
url,https://pip.pypa.io/en/latest/topics/vcs-support/#vcs-support,3,3,0.0
url,https://pypi.org/project/setuptools,3,4,0.0
url,https://setuptools.pypa.io/en/latest/userguide/index.html,3,3,0.0
url,https://setuptools.pypa.io/en/latest/userguide/pyproject_config.html#dynamic-metadata,3,5,0.0
url,https://developers.redhat.com/products/softwarecollections/overview,2,2,0.0
url,https://docs.anaconda.com/anaconda/,2,2,0.0
url,https://docs.python.org/3/library/site.html#site.USER_BASE,2,3,0.0
url,https://flit.pypa.io/en/stable/,2,2,0.0
url,https://github.com/jazzband/pip-tools,2,2,0.0
url,https://github.com/pradyunsg/furo,2,2,0.0
url,https://github.com/pypa/gh-action-pypi-publish,2,2,0.0
url,https://github.com/pypa/hatch,2,2,0.0
url,https://github.com/pypa/packaging-problems,2,2,0.0
url,https://github.com/pypa/packaging.python.org/,2,2,0.0
url,https://github.com/pypa/packaging.python.org/blob/main/source/glossary.rst?plain=true,2,2,0.0
url,https://github.com/pypa/packaging.python.org/edit/main/source/glossary.rst,2,2,0.0
url,https://github.com/pypa/packaging.python.org/edit/main/source/tutorials/installing-packages.rst,2,2,0.0
url,https://github.com/pypa/virtualenv,2,2,0.0
url,https://hatch.pypa.io/latest/,2,2,0.0
url,https://hatch.pypa.io/latest/config/metadata/,2,2,0.0
url,https://nox.thea.codes/en/latest/index.html,2,2,0.0
url,https://peps.python.org/pep-0440/,2,2,0.0
url,https://peps.python.org/pep-0459/,2,2,0.0
url,https://peps.python.org/pep-0508/,2,2,0.0
url,https://peps.python.org/pep-0517/,2,2,0.0
url,https://peps.python.org/pep-0518/,2,2,0.0
url,https://pipenv.pypa.io/en/latest/index.html,2,2,0.0
url,https://pypi.org/classifiers,2,2,0.0
url,https://pypi.org/help/#apitoken,2,2,0.0
url,https://pypi.org/manage/account/publishing/,2,2,0.0
url,https://pypi.org/project/build,2,2,0.0
url,https://pypi.org/project/requests/,2,2,0.0
url,https://python-poetry.org/,2,2,0.0
url,https://scientific-python.org/,2,2,0.0
url,https://setuptools.pypa.io/en/latest/userguide/entry_point.html,2,2,0.0
url,https://setuptools.readthedocs.io/en/latest/deprecated/easy_install.html#natural-script-launcher,2,2,0.0
url,https://www.pypa.io/en/latest/specifications/,2,2,0.0
url,http://doc.devpi.net/latest/,1,1,0.0
url,http://localhost:8000/,1,1,0.0
url,https://bitbucket.org/vinay.sajip/pylauncher,1,1,0.0
url,https://bottlepy.org/docs/dev/tutorial.html,1,1,0.0
url,https://build.pypa.io/en/stable/index.html,1,1,0.0
url,https://click.palletsprojects.com/,1,1,0.0
url,https://cloud.google.com/bigquery,1,1,0.0
url,https://conda-forge.org/,1,1,0.0
url,https://console.cloud.google.com/bigquery,1,1,0.0
url,https://datatracker.ietf.org/doc/html/rfc7763.html,1,1,0.0
url,https://datatracker.ietf.org/doc/html/rfc7764.html#section-3.2,1,1,0.0
url,https://datatracker.ietf.org/doc/html/rfc7764.html#section-3.5,1,1,0.0
url,https://docs.conda.io/en/latest/miniconda.html,1,1,0.0
url,https://docs.pypi.org/trusted-publishers/,1,1,0.0
url,https://docs.python.org/3/library/argparse.html#module-argparse,1,1,0.0
url,https://docs.python.org/3/library/importlib.metadata.html,1,1,0.0
url,https://docs.python.org/3/library/importlib.metadata.html#importlib.metadata.packages_distributions,1,1,0.0
url,https://docs.python.org/3/library/platform.html#platform.system,1,1,0.0
url,https://docs.python.org/3/library/site.html#index-2,1,1,0.0
url,https://docs.python.org/3/library/sys.html#sys.implementation,1,1,0.0
url,https://docs.python.org/3/library/sysconfig.html#sysconfig.get_platform,1,2,0.0
url,https://docs.python.org/3/library/venv.html#venv-explanation,1,1,0.0
url,https://flit.readthedocs.io/en/latest/,1,1,0.0
url,https://github.com/conda-forge/miniforge,1,1,0.0
url,https://github.com/helpshift/pypiprivate,1,1,0.0
url,https://github.com/psf/black,1,1,0.0
url,https://github.com/pypa,1,1,0.0
url,https://github.com/pypa/auditwheel,1,1,0.0
url,https://github.com/pypa/bandersnatch,1,1,0.0
url,https://github.com/pypa/linehaul-cloud-function/,1,1,0.0
url,https://github.com/pypa/packaging.python.org/blob/main/source/news.rst?plain=true,1,1,0.0
url,https://github.com/pypa/packaging.python.org/blob/main/source/tutorials/packaging-projects.rst?plain=true,1,1,0.0
url,https://github.com/pypa/packaging.python.org/edit/main/source/index.rst,1,1,0.0
url,https://github.com/pypa/pip/issues/1668,1,1,0.0
url,https://github.com/pypa/pipenv,1,1,0.0
url,https://github.com/pypa/pipfile,1,1,0.0
url,https://github.com/pypa/readme_renderer/,1,1,0.0
url,https://github.com/pypa/sample-namespace-packages/tree/master/native,1,1,0.0
url,https://github.com/pypa/sample-namespace-packages/tree/master/pkg_resources,1,1,0.0
url,https://github.com/pypa/sampleproject/blob/db5806e0a3204034c51b1c00dde7d5eb3fa2532e/setup.py,1,1,0.0
url,https://github.com/pypiserver/pypiserver,1,1,0.0
url,https://github.com/python/cpython/blob/main/Lib/functools.py,1,1,0.0
url,https://github.com/sclorg,1,1,0.0
url,https://github.com/thoth-station/micropipenv,1,1,0.0
url,https://github.com/uranusjr/simpleindex,1,2,0.0
url,https://iscinumpy.dev/post/bound-version-constraints/#pinning-the-python-version-is-special,1,1,0.0
url,https://meson-python.readthedocs.io/en/latest/,1,1,0.0
url,https://micropython.org/,1,1,0.0
url,https://peps.python.org/pep-0241/,1,1,0.0
url,https://peps.python.org/pep-0301/,1,1,0.0
url,https://peps.python.org/pep-0386/,1,1,0.0
url,https://peps.python.org/pep-0405/,1,1,0.0
url,https://peps.python.org/pep-0427/,1,1,0.0
url,https://peps.python.org/pep-0639/#deprecate-license-classifiers,1,1,0.0
url,https://peps.python.org/pep-0639/#deprecate-license-field,1,1,0.0
url,https://peps.python.org/pep-0723/,1,1,0.0
url,https://pip.pypa.io/en/latest/cli/pip_install/#install-no-binary,1,1,0.0
url,https://pip.pypa.io/en/latest/reference/build-system/pyproject-toml/,1,1,0.0
url,https://pyinstaller.readthedocs.io/en/stable/,1,1,0.0
url,https://pypi.org/project/bandersnatch,1,1,0.0
url,https://pypi.org/project/pdm,1,1,0.0
url,https://pypi.org/project/pip,1,1,0.0
url,https://pypi.org/project/pip/23.3.1/#files,1,1,0.0
url,https://pypi.org/project/pynsist,1,1,0.0
url,https://pypi.org/project/simpleindex/,1,1,0.0
url,https://pypi.org/project/wheel,1,1,0.0
url,https://pyscaffold.org/,1,1,0.0
url,https://scikit-build.readthedocs.io/en/latest/,1,1,0.0
url,https://scipy.org/install/,1,1,0.0
url,https://semver.org/,1,1,0.0
url,https://server.ethicalads.io/proxy/click/8172/01977537-e9c8-7102-b1a1-baefdad72b8a/,1,1,0.0
url,https://server.ethicalads.io/proxy/click/8174/01977232-343c-7d71-a7ab-78c899ba0ce9/,1,1,0.0
url,https://server.ethicalads.io/proxy/click/8175/01977430-4023-7eb1-816c-ddad5e0ec2aa/,1,1,0.0
url,https://server.ethicalads.io/proxy/click/8175/019774f2-8322-7993-8694-1ba81d23718c/,1,1,0.0
url,https://server.ethicalads.io/proxy/click/8640/019775db-7324-7a53-9092-a6ef8cf9decd/,1,1,0.0
url,https://server.ethicalads.io/proxy/click/8641/0197717f-11a5-7512-8d9b-d955011605bc/,1,1,0.0
url,https://server.ethicalads.io/proxy/click/8641/0197731b-ac9d-7a81-b7ea-66f80e64ee3f/,1,1,0.0
url,https://server.ethicalads.io/proxy/click/8642/019774b7-821e-7ad0-a949-3ef8a3d2423a/,1,1,0.0
url,https://server.ethicalads.io/proxy/click/8642/019775dc-2ee7-7862-84af-715cf9501f5d/,1,1,0.0
url,https://server.ethicalads.io/proxy/click/8643/019773d3-aa9c-76f3-8dfb-9854289e7489/,1,1,0.0
url,https://server.ethicalads.io/proxy/click/8643/0197756c-365e-75a1-aa87-1eb48e40029b/,1,1,0.0
url,https://server.ethicalads.io/proxy/click/8725/01977278-6703-7b20-80c1-c1bd97ca0b88/,1,1,0.0
url,https://server.ethicalads.io/proxy/click/8805/0197735c-fd91-73a1-bef0-8a09081c32df/,1,2,0.0
url,https://server.ethicalads.io/proxy/click/8807/01977592-a813-7ac2-99f8-58dba4aae82c/,1,1,0.0
url,https://server.ethicalads.io/proxy/click/8838/0197727f-465d-7052-bc56-cc6154dafe77/,1,1,0.0
url,https://server.ethicalads.io/proxy/click/8861/019773f5-b25b-7ec1-b0bb-ebfb3b5db621/,1,2,0.0
url,https://server.ethicalads.io/proxy/click/8863/01977405-3e0f-7302-b486-30d33979f70b/,1,1,0.0
url,https://server.ethicalads.io/proxy/click/8863/0197742d-4aba-74f0-89f9-6ce5eec8ae27/,1,1,0.0
url,https://server.ethicalads.io/proxy/click/8864/01977341-15ad-7c83-a035-fbc153a9c0d9/,1,1,0.0
url,https://server.ethicalads.io/proxy/click/8864/019774c6-8549-7593-a8b0-36a5070c8820/,1,1,0.0
url,https://setuptools-scm.readthedocs.io/en/latest/,1,1,0.0
url,https://setuptools.pypa.io/,1,1,0.0
url,https://setuptools.pypa.io/en/latest/build_meta.html,1,1,0.0
url,https://setuptools.pypa.io/en/latest/userguide/pyproject_config.html,1,1,0.0
url,https://setuptools.readthedocs.io/en/latest/,1,1,0.0
url,https://setuptools.readthedocs.io/en/latest/history.html#v42-0-0,1,1,0.0
url,https://spdx.org/licenses/,1,1,0.0
url,https://test.pypi.org/,1,1,0.0
url,https://toml.io/,1,1,0.0
url,https://tox.wiki/en/latest/index.html,1,1,0.0
url,https://visualstudio.microsoft.com/downloads/,1,1,0.0
url,https://www.ethicalads.io/advertisers/?ref=ea-text,1,1,0.0
url,https://www.google.com/search?channel=fs&q=static+vs+dynamic+linking,1,2,0.0
url,https://www.piwheels.org/,1,1,0.0
url,https://www.w3.org/Protocols/rfc1341/4_Content-Type.html,1,1,0.0
url,https://www.youtube.com/watch?v=iLVNWfPWAC8,1,1,0.0
