name,unique_entrances,total_entrances,visit_duration
/3.14/whatsnew/3.14.html,1124,1155,125
/3/,386,390,481
/3.14/,228,232,123
/3.14/using/windows.html,190,191,89
/3.14/tutorial/index.html,182,183,155
/3.14/index.html,47,48,141
/zh-cn/3/,32,32,420
/3.13/,27,30,379
/3/whatsnew/3.13.html,24,24,370
/3.14/whatsnew/changelog.html,21,23,937
/3.14/tutorial/,19,19,56
/3/library/index.html,18,18,510
/zh-cn/3.14/,17,17,124
/3.14/library/stdtypes.html,16,18,31
/3.14/search.html,16,18,288
/3.14/library/functions.html,15,15,321
/3.14/library/index.html,15,17,304
/3.14/reference/compound_stmts.html,14,14,185
/3.14/tutorial/appetite.html,14,14,96
/3.13/tutorial/index.html,13,13,987
/3.13/using/windows.html,13,13,747
/zh-cn/3.14/whatsnew/3.14.html,13,13,242
/3.14/installing/index.html,12,12,63
/3.14/library/typing.html,12,12,328
/3/search.html,12,13,777
/3.14/glossary.html,11,11,56
/3.14/tutorial/controlflow.html,11,11,2
/3/tutorial/index.html,11,11,806
/zh-cn/3.14/tutorial/index.html,11,11,230
/3.14/tutorial/interpreter.html,10,10,60
/3.14/tutorial/introduction.html,10,10,1071
/it/3.14/whatsnew/3.14.html,10,10,2
/3.12/,9,9,925
/3.14/reference/index.html,9,9,104
/3.14/whatsnew/index.html,9,9,128
/3/library/functions.html,9,9,755
/3/whatsnew/3.12.html,9,9,687
/zh-cn/3.13/,9,9,786
/zh-cn/3.14/tutorial/datastructures.html,9,9,10
/3.13/whatsnew/3.13.html,8,8,305
/3.14/library/sys.html,8,8,230
/3.14/py-modindex.html,8,8,14
/3/index.html,8,8,184
/3/library/idle.html,8,8,124
/pt-br/3/,8,8,289
/3.14/download.html,7,8,0
/3.14/whatsnew/3.13.html,7,7,377
/3/library/stdtypes.html,7,7,650
/3/library/tkinter.html,7,7,219
/zh-cn/3.14/tutorial/controlflow.html,7,7,367
/zh-cn/3.14/whatsnew/,7,7,40
/zh-cn/3/tutorial/index.html,7,7,1324
/3.14/c-api/index.html,6,6,0
/3.14/howto/free-threading-python.html,6,6,27
/3/library/typing.html,6,6,621
/3/reference/index.html,6,6,1455
/3/tutorial/,6,6,400
/3.14/library/math.html,5,5,3
/3.14/library/random.html,5,5,39
/3.14/license.html,5,5,340
/3.15/whatsnew/3.15.html,5,5,152
/3/library/string.html,5,5,364
/3/tutorial/appetite.html,5,5,398
/3/tutorial/controlflow.html,5,5,570
/ja/3.14/,5,5,874
/ja/3/,5,5,209
/zh-cn/3.14/index.html,5,5,78
/zh-cn/3.14/library/turtle.html,5,5,233
/zh-cn/3/index.html,5,5,1126
/3.12/whatsnew/3.12.html,4,4,579
/3.13/index.html,4,4,428
/3.14/copyright.html,4,4,0
/3.14/deprecations/index.html,4,4,0
/3.14/extending/index.html,4,4,0
/3.14/genindex.html,4,4,0
/3.14/library/annotationlib.html,4,4,138
/3.14/library/asyncio-graph.html,4,4,0
/3.14/library/bdb.html,4,4,49
/3.14/library/idle.html,4,4,0
/3.14/using/index.html,4,4,0
/3.14/whatsnew/3.12.html,4,4,404
/3.15/,4,4,686
/3/howto/free-threading-python.html,4,4,81
/3/installing/index.html,4,4,1576
/3/library/,4,4,267
/3/library/csv.html,4,4,1828
/3/library/multiprocessing.html,4,4,2459
/3/library/venv.html,4,4,2426
/3/tutorial/modules.html,4,4,1178
/3/whatsnew/index.html,4,4,970
/dev/,4,4,52
/es/3.13/,4,4,13
/es/3.14/index.html,4,4,130
/es/3/,4,4,251
/ja/3.14/library/index.html,4,4,438
/pt-br/3.13/,4,4,691
/zh-cn/3.14/contents.html,4,4,18
/zh-cn/3.14/library/index.html,4,4,77
/zh-cn/3.14/tutorial/classes.html,4,4,0
/zh-cn/3.14/whatsnew/3.13.html,4,4,98
/zh-cn/3.14/whatsnew/index.html,4,4,101
/3.14/about.html,3,3,0
/3.14/bugs.html,3,3,0
/3.14/c-api/stable.html,3,3,538
/3.14/contents.html,3,3,2
/3.14/distributing/index.html,3,3,0
/3.14/faq/index.html,3,3,0
/3.14/howto/index.html,3,3,0
/3.14/library/ast.html,3,3,0
/3.14/library/concurrent.futures.html,3,3,32
/3.14/library/configparser.html,3,3,1034
/3.14/library/datetime.html,3,3,2
/3.14/library/exceptions.html,3,3,29
/3.14/library/functools.html,3,3,0
/3.14/library/http.server.html,3,3,296
/3.14/library/multiprocessing.html,3,3,82
/3.14/library/numeric.html,3,3,106
/3.14/library/os.html,3,3,12
/3.14/library/pdb.html,3,3,1234
/3.14/library/pickle.html,3,3,3
/3.14/library/string.html,3,3,3
/3.14/library/uuid.html,3,3,37
/3.14/tutorial/appendix.html,3,3,0
/3.14/tutorial/classes.html,3,3,128
/3.14/tutorial/datastructures.html,3,3,28
/3.14/tutorial/inputoutput.html,3,3,858
/3.14/using/configure.html,3,3,25
/3/deprecations/c-api-pending-removal-in-3.15.html,3,3,285
/3/howto/index.html,3,3,1717
/3/library/argparse.html,3,3,534
/3/library/collections.html,3,3,39
/3/library/exceptions.html,3,3,512
/3/library/importlib.metadata.html,3,3,958
/3/library/itertools.html,3,3,565
/3/library/math.html,3,3,413
/3/library/os.html,3,3,2316
/3/library/re.html,3,3,1045
/3/library/xml.etree.elementtree.html,3,3,755
/3/license.html,3,3,674
/3/tutorial/datastructures.html,3,3,1957
/3/tutorial/introduction.html,3,3,564
/3/using/android.html,3,3,540
/es/3.14/library/csv.html,3,3,0
/es/3.14/library/index.html,3,3,416
/es/3/tutorial/,3,3,297
/fr/3.14/library/unittest.html,3,4,41
/ja/3.14/index.html,3,3,533
/ja/3.14/installing/index.html,3,3,0
/ja/3.14/library/tkinter.ttk.html,3,3,141
/ja/3.14/tutorial/,3,3,24
/ja/3.14/tutorial/interpreter.html,3,3,14
/ko/3.13/library/index.html,3,3,106
/pt-br/3.14/library/functions.html,3,3,0
/pt-br/3.14/tutorial/interpreter.html,3,3,188
/zh-cn/3.14/download.html,3,3,248
/zh-cn/3.14/faq/programming.html,3,4,1128
/zh-cn/3.14/library/functions.html,3,4,120
/zh-cn/3.14/library/multiprocessing.html,3,3,2
/zh-cn/3.14/library/sqlite3.html,3,3,0
/zh-cn/3.14/library/stdtypes.html,3,3,0
/zh-cn/3.14/tutorial/introduction.html,3,3,0
/zh-cn/3.14/tutorial/modules.html,3,3,2
/zh-cn/3.14/using/index.html,3,3,356
/zh-cn/3/tutorial/interpreter.html,3,3,1865
/3.12/tutorial/index.html,2,2,150
/3.13/library/typing.html,2,2,424
/3.13/reference/executionmodel.html,2,2,790
/3.13/tutorial/,2,2,1322
/3.14/c-api/init.html,2,2,5
/3.14/c-api/init_config.html,2,2,156
/3.14/installing/,2,2,0
/3.14/library/asyncio.html,2,2,12
/3.14/library/calendar.html,2,2,105
/3.14/library/collections.html,2,2,2
/3.14/library/intro.html,2,2,0
/3.14/library/ipaddress.html,2,4,0
/3.14/library/itertools.html,2,2,0
/3.14/library/pathlib.html,2,2,0
/3.14/library/symtable.html,2,2,54
/3.14/library/webbrowser.html,2,2,49
/3.14/library/xml.etree.elementtree.html,2,3,0
/3.14/reference/datamodel.html,2,2,148
/3.14/reference/executionmodel.html,2,2,48
/3.14/reference/grammar.html,2,6,4
/3.14/reference/introduction.html,2,2,1550
/3.14/tutorial/errors.html,2,2,0
/3.14/tutorial/modules.html,2,2,418
/3.14/whatsnew/3.10.html,2,2,2
/3.14/whatsnew/3.11.html,2,2,163
/3/c-api/index.html,2,2,646
/3/c-api/init.html,2,2,282
/3/c-api/structures.html,2,2,1346
/3/download.html,2,2,2824
/3/library/abc.html,2,2,845
/3/library/ast.html,2,2,1664
/3/library/asyncio-task.html,2,2,210
/3/library/collections.abc.html,2,2,804
/3/library/contextlib.html,2,2,2308
/3/library/datetime.html,2,2,337
/3/library/errno.html,2,2,178
/3/library/heapq.html,2,2,1752
/3/library/importlib.html,2,2,443
/3/library/json.html,2,2,606
/3/library/shlex.html,2,2,996
/3/library/statistics.html,2,2,1142
/3/reference/grammar.html,2,2,1928
/3/tutorial/classes.html,2,2,2304
/3/tutorial/inputoutput.html,2,2,1320
/3/using/index.html,2,2,26
/3/whatsnew/3.11.html,2,2,6
/es/3.13/tutorial/introduction.html,2,2,145
/es/3.14/library/asyncio-runner.html,2,2,2
/es/3.14/tutorial/,2,2,122
/es/3.14/tutorial/index.html,2,2,6
/fr/3.14/library/tkinter.ttk.html,2,2,0
/it/3.14/tutorial/index.html,2,3,8
/ja/3.14/tutorial/introduction.html,2,2,0
/ja/3/tutorial/,2,2,30
/ja/dev/tutorial/errors.html,2,2,9
/ko/3.14/tutorial/index.html,2,4,190
/uk/3.13/library/idle.html,2,2,692
/uk/3.14/library/uuid.html,2,2,0
/uk/3.14/tutorial/controlflow.html,2,2,0
/zh-cn/3.13/howto/regex.html,2,2,44
/zh-cn/3.13/tutorial/index.html,2,2,31
/zh-cn/3.13/whatsnew/3.13.html,2,2,1320
/zh-cn/3.14/library/array.html,2,3,0
/zh-cn/3.14/library/select.html,2,2,224
/zh-cn/3.14/reference/datamodel.html,2,2,22
/zh-cn/3.14/reference/introduction.html,2,2,6
/zh-cn/3.14/search.html,2,2,471
/zh-cn/3.14/tutorial/,2,2,2
/zh-cn/3.14/tutorial/appetite.html,2,2,0
/zh-cn/3.14/tutorial/inputoutput.html,2,2,1358
/zh-cn/3.14/using/windows.html,2,2,22
/zh-cn/3.14/whatsnew/3.12.html,2,2,20
/zh-cn/3/library/pathlib.html,2,2,4
/zh-cn/3/library/venv.html,2,2,3528
/zh-cn/3/tutorial/,2,2,56
/zh-cn/3/tutorial/appetite.html,2,2,140
/zh-cn/3/tutorial/classes.html,2,2,974
/zh-cn/3/tutorial/stdlib.html,2,2,70
/zh-cn/dev/whatsnew/index.html,2,2,76
/zh-tw/3.14/whatsnew/index.html,2,2,11
/zh-tw/3/,2,2,199
/zh-tw/dev/c-api/iterator.html,2,2,452
/3.12/library/collections.abc.html,1,1,3295
/3.12/library/telnetlib.html,1,1,610
/3.12/library/types.html,1,1,2715
/3.12/library/typing.html,1,1,3531
/3.12/reference/executionmodel.html,1,1,283
/3.12/reference/index.html,1,1,1206
/3.12/tutorial/,1,1,0
/3.12/tutorial/controlflow.html,1,1,112
/3.12/using/windows.html,1,1,211
/3.13/contents.html,1,1,2388
/3.13/library/,1,1,634
/3.13/library/asyncio.html,1,1,8
/3.13/library/dbm.html,1,1,168
/3.13/library/types.html,1,1,9271
/3.13/library/unicodedata.html,1,1,3
/3.13/library/unittest.html,1,1,3018
/3.13/py-modindex.html,1,1,1500
/3.13/reference/grammar.html,1,1,0
/3.13/tutorial/appendix.html,1,1,1096
/3.13/tutorial/datastructures.html,1,1,728
/3.13/tutorial/interpreter.html,1,1,5361
/3.13/tutorial/introduction.html,1,1,69
/3.13/whatsnew/3.10.html,1,1,8818
/3.13/whatsnew/3.12.html,1,1,34
/3.13/whatsnew/index.html,1,1,61
/3.14/c-api/datetime.html,1,1,0
/3.14/c-api/exceptions.html,1,1,0
/3.14/c-api/intro.html,1,1,0
/3.14/c-api/memory.html,1,1,11
/3.14/c-api/type.html,1,1,0
/3.14/c-api/unicode.html,1,1,0
/3.14/faq/,1,1,0
/3.14/howto/descriptor.html,1,1,1356
/3.14/howto/sorting.html,1,1,0
/3.14/library/,1,2,1700
/3.14/library/__future__.html,1,1,0
/3.14/library/__main__.html,1,1,0
/3.14/library/abc.html,1,1,0
/3.14/library/asyncio-policy.html,1,1,0
/3.14/library/asyncio-subprocess.html,1,1,0
/3.14/library/asyncio-task.html,1,1,0
/3.14/library/cmath.html,1,1,0
/3.14/library/constants.html,1,1,1855
/3.14/library/contextvars.html,1,1,543
/3.14/library/ctypes.html,1,1,0
/3.14/library/curses.panel.html,1,1,0
/3.14/library/datatypes.html,1,1,0
/3.14/library/dis.html,1,1,14
/3.14/library/doctest.html,1,1,0
/3.14/library/getpass.html,1,1,0
/3.14/library/hashlib.html,1,1,103
/3.14/library/heapq.html,1,1,0
/3.14/library/hmac.html,1,1,9
/3.14/library/importlib.resources.html,1,1,0
