name,visitors
England,298
California,289
Guangdong,280
Tokyo,278
Maharashtra,205
Tamil Nadu,205
Karnataka,197
Beijing,195
Île-de-France,165
São Paulo,152
Telangāna,150
Texas,136
Ho Chi Minh City,136
Delhi,117
Shanghai,115
Hanoi,107
Istanbul,102
Jiangsu,98
Moscow,98
Uttar Pradesh,93
Tashkent,88
Ontario,86
New York,86
Hesse,84
Seoul,83
Madrid Autonomous Community,81
Florida,78
Illinois,77
Punjab,75
Virginia,75
North Rhine-Westphalia,74
Henan,73
Taipei,73
Zhejiang,71
Buenos Aires Province,68
Ciudad de Mexico,68
Shandong,66
Andalusia,66
Gujarat,66
Bavaria,62
West Bengal,61
Quebec,60
Georgia,60
Washington,60
Rio de Janeiro,57
Osaka,57
Nairobi County,57
Sichuan,56
Santiago Metropolitan,53
Provence-Alpes-Côte-d'Azur,53
Colorado,53
Minas Gerais,52
Gyeonggi,51
North Carolina,51
Andhra Pradesh,50
Mexico State,50
Cairo,48
New Jersey,48
Auvergne-Rhône-Alpes,47
North Holland,47
Mazovia,47
Kerala,46
Kanagawa,46
Pennsylvania,46
Hubei,44
Lima,44
Madhya Pradesh,42
Lombardy,40
Lagos,40
South Holland,40
Baden-Württemberg,39
Rajasthan,39
Metro Manila,39
Capital District,38
Province 3,38
Sindh,38
Zürich,37
Shaanxi,37
Catalonia,37
Meknès-Tafilalet,37
Michigan,37
New South Wales,36
Greater Accra,36
Haryana,36
Jakarta,35
Ohio,35
Da Nang,35
Western,33
Jalisco,33
Kyiv,33
Gauteng,33
Phnom Penh,32
Dubai,31
Paraná,31
Hunan,31
Taichung,31
Santa Catarina,30
Attica,29
Bihar,29
Goiás,28
Fujian,28
Kuala Lumpur,28
Riyadh,28
New Taipei,28
Maryland,28
Hauts-de-France,27
Kwai Tsing New Territories,27
Federal Capital Territory,27
Saint Petersburg,27
Massachusetts,27
Minnesota,27
Prague,26
Occitanie,26
Lower Silesia,26
Vienna,25
Federal District,25
Berlin,25
Makkah,25
Tianjin,24
Veneto,24
Ankara,24
Flanders,23
Antioquia,23
Addis Ababa,23
Nouvelle-Aquitaine,23
Budapest,23
Bishkek,23
Lisbon,23
Kaohsiung,23
Arizona,23
Haiphong,23
Victoria,22
Minsk,22
British Columbia,22
Valencian Community,22
Tel Aviv,22
Dhaka Division,21
Bahia,21
Hormozgan,21
Lesser Poland,21
Stockholm,21
Bangkok,21
Oregon,21
Baku,20
Pichincha,20
Uusimaa,20
East Java,20
Piedmont,20
Aichi,20
Lower Saxony,19
Jharkhand,19
Saitama,19
Pomerania,19
Odeshchyna,19
Central,19
Alabama,19
Utah,19
Pernambuco,18
Alberta,18
Abidjan,18
Saxony,18
Algiers,18
Calabarzon,18
Taoyuan,18
Indiana,18
Tennessee,18
Brussels,17
Almaty City,17
Queensland,16
Amazonas,16
Grand-Est,16
West Java,16
Baghdad,16
Tuscany,16
Selangor,16
Islamabad,16
Bucharest,16
Moscow Province,16
Tatarstan,16
Dakar,16
Dnipropetrovshchyna,16
Buenos Aires,15
Sofia,15
Chongqing,15
Guatemala,15
Amman,15
Busan,15
Puebla,15
Hsinchu County,15
Missouri,15
Nevada,15
Ceará,14
Anhui,14
Liaoning,14
Galicia,14
Normandie,14
Punjab,14
Emilia-Romagna,14
Sicily,14
Incheon,14
Taza-Al Hoceima-Taounate,14
Querétaro,14
Wisconsin,14
Wallonia,13
Rio Grande do Sul,13
Gansu,13
Atlántico,13
Castile and León,13
Brittany,13
Tbilisi,13
Lazio,13
South Gyeongsang,13
Chaouia-Ouardigha,13
Veracruz,13
Gelderland,13
Novosibirsk,13
Tunis,13
Izmir,13
Kyivshchyna,13
Capital,13
Córdoba,12
Distrito Nacional,12
Pays-de-la-Loire,12
Central,12
Odisha,12
Hyogo,12
Daejeon,12
Oriental,12
Ulaanbaatar,12
Khyber Pakhtunkhwa,12
Beograd,12
Eastern,12
Louisiana,12
Capital Region,11
Guayas,11
Basque Country,11
Gwangju City,11
Utrecht,11
Arequipa,11
Irkutsk,11
South Carolina,11
Montevideo,11
Western Cape,11
Shanxi,10
San José,10
Hamburg,10
Aragon,10
Murcia Region,10
Zagreb,10
Assam,10
Uttarākhand,10
Khuzestan,10
Campania,10
Apulia,10
Fukuoka,10
Rivers,10
Chelyabinsk,10
Krasnodar Krai,10
Sverdlovsk,10
Changhua,10
Hsinchu,10
Dar es Salaam,10
Lvivshchyna,10
Connecticut,10
Abu Dhabi,9
Kinshasa,9
Guizhou,9
Alexandria,9
Gharbia,9
Canary Islands,9
Central Java,9
Yogyakarta,9
Chandigarh,9
Khorāsān-e Raẕavī,9
Chiba,9
Baja California,9
Tamaulipas,9
Oslo,9
Muscat,9
Greater Poland,9
Bashkortostan,9
Orenburg,9
Rostov,9
Kigali,9
Iowa,9
New Hampshire,9
Oklahoma,9
Rhode Island,9
Yerevan,8
Littoral,8
Espírito Santo,8
Vaud,8
Centre,8
Havana,8
Mecklenburg-Vorpommern,8
Wan Chai Hong Kong Island,8
Himachal Pradesh,8
Hokkaido,8
North Jeolla,8
Riga,8
