name,unique_exits,total_exits,exit_rate
/it/3/tutorial/index.html,21,23,
/it/3.14/tutorial/introduction.html,10,11,
/it/3/tutorial/,10,11,
/it/3.14/,9,9,
/it/3/tutorial/introduction.html,9,10,
/it/3.14/tutorial/index.html,7,7,
/it/3.14/tutorial/appetite.html,6,6,
/it/3.15/using/windows.html,6,6,
/it/3/library/decimal.html,6,6,
/it/3/library/functions.html,6,7,
/it/3/tutorial/classes.html,6,6,
/it/3.13/tutorial/index.html,5,5,
/it/3.14/tutorial/controlflow.html,5,5,
/it/3/library/importlib.html,5,5,
/it/3/library/re.html,5,5,
/it/3/tutorial/datastructures.html,5,7,
/it/3/tutorial/inputoutput.html,5,5,
/it/3.13/c-api/typeobj.html,4,4,
/it/3.14/library/functions.html,4,4,
/it/3.14/search.html,4,4,
/it/3.14/tutorial/interpreter.html,4,5,
/it/3/library/concurrency.html,4,4,
/it/3/library/doctest.html,4,4,
/it/3/library/glob.html,4,4,
/it/3/library/netdata.html,4,4,
/it/3/library/poplib.html,4,4,
/it/3/library/pyclbr.html,4,4,
/it/3/library/socket.html,4,4,
/it/3/library/tkinter.font.html,4,4,
/it/3/library/zipimport.html,4,4,
/it/3/tutorial/appetite.html,4,4,
/3.14/tutorial/introduction.html,3,3,
/3/tutorial/,3,3,
/3/tutorial/index.html,3,3,
/dev/using/windows.html,3,3,
/it/3.12/whatsnew/changelog.html,3,3,
/it/3.13/library/functions.html,3,3,
/it/3.13/reference/datamodel.html,3,3,
/it/3.13/tutorial/introduction.html,3,3,
/it/3.14/tutorial/datastructures.html,3,3,
/it/3/library/asyncio-extending.html,3,3,
/it/3/library/copy.html,3,5,
/it/3/library/gzip.html,3,3,
/it/3/library/html.html,3,3,
/it/3/library/msvcrt.html,3,3,
/it/3/library/numbers.html,3,3,
/it/3/library/pathlib.html,3,3,
/it/3/library/pdb.html,3,3,
/it/3/library/pipes.html,3,3,
/it/3/library/sqlite3.html,3,3,
/it/3/library/typing.html,3,3,
/it/3/library/xml.sax.reader.html,3,3,
/it/3/reference/executionmodel.html,3,3,
/it/3/using/windows.html,3,3,
/3.14/tutorial/controlflow.html,2,2,
/3.14/tutorial/index.html,2,2,
/3/,2,2,
/3/library/index.html,2,2,
/it/3.12/tutorial/index.html,2,2,
/it/3.13/c-api/buffer.html,2,2,
/it/3.13/c-api/frame.html,2,2,
/it/3.13/c-api/import.html,2,2,
/it/3.13/c-api/memoryview.html,2,2,
/it/3.13/c-api/reflection.html,2,2,
/it/3.13/c-api/time.html,2,2,
/it/3.13/library/datatypes.html,2,2,
/it/3.13/library/removed.html,2,2,
/it/3.13/library/stdtypes.html,2,2,
/it/3.13/library/syslog.html,2,2,
/it/3.13/tutorial/datastructures.html,2,2,
/it/3.14/library/logging.html,2,2,
/it/3.14/library/secrets.html,2,2,
/it/3.14/library/stdtypes.html,2,2,
/it/3/,2,2,
/it/3/c-api/exceptions.html,2,2,
/it/3/howto/sorting.html,2,2,
/it/3/library/annotationlib.html,2,2,
/it/3/library/ast.html,2,2,
/it/3/library/asyncio-future.html,2,2,
/it/3/library/asyncio-policy.html,2,2,
/it/3/library/asyncio-protocol.html,2,2,
/it/3/library/cmd.html,2,2,
/it/3/library/compression.html,2,2,
/it/3/library/crypto.html,2,2,
/it/3/library/ctypes.html,2,2,
/it/3/library/email.header.html,2,2,
/it/3/library/email.message.html,2,2,
/it/3/library/http.html,2,2,
/it/3/library/linecache.html,2,2,
/it/3/library/lzma.html,2,2,
/it/3/library/marshal.html,2,2,
/it/3/library/modulefinder.html,2,2,
/it/3/library/nis.html,2,2,
/it/3/library/operator.html,2,2,
/it/3/library/os.html,2,2,
/it/3/library/shelve.html,2,2,
/it/3/library/ssl.html,2,2,
/it/3/library/test.html,2,2,
/it/3/library/tkinter.html,2,2,
/it/3/library/urllib.html,2,2,
