name,version,visitors
Windows,10,3801
Mac,10.15,910
Windows,XP,325
Mac,10.13,170
GNU/Linux,(not set),152
Android,10,152
iOS,18.7,113
iOS,18.6,97
Windows,7,90
Chrome OS,14541.0,59
iOS,26.1,48
Android,15,45
Android,13,33
Ubuntu,(not set),32
Android,12,21
Android,14,21
iOS,18.5,20
HarmonyOS,3.0,16
iOS,16.7,11
iOS,26.2,10
Android,11,9
Mac,10.14,8
HarmonyOS,2.2,8
Android,9,6
iOS,17.6,5
iOS,15.8,4
Android,16,4
iOS,18.3,4
HarmonyOS,(not set),3
iOS,13.6,3
iPadOS,17.7,3
HarmonyOS,2.1,3
Android,8.1,3
iOS,15.4,2
iOS,15.5,2
iOS,15.6,2
iOS,16.0,2
iOS,16.1,2
iOS,16.3,2
iOS,18.1,2
Fire OS,7,2
Android,7.1,2
Windows,8.1,2
(not set),(not set),1
iOS,11.0,1
iOS,14.3,1
iOS,14.4,1
iPadOS,15.6,1
iOS,16.4,1
iOS,16.6,1
iOS,17.2,1
iOS,17.3,1
iOS,17.5,1
iPadOS,17.6,1
iOS,18.0,1
