name,visitors,pageviews,bounce_rate,time_on_page,scroll_depth
/es/3/tutorial/,664,839,59,39,53
/es/3/tutorial/introduction.html,236,238,72,207,55
/es/3/tutorial/interpreter.html,205,215,64,104,72
/es/3/tutorial/appetite.html,180,162,62,96,88
/es/3/tutorial/controlflow.html,173,177,69,4510,34
/es/3/library/tkinter.html,164,201,74,64,32
/es/3/tutorial/index.html,144,176,60,43,51
/es/3.14/,134,146,50,18,72
/es/3/tutorial/datastructures.html,127,134,86,84,32
/es/3/library/idle.html,123,147,69,18,30
/es/3/,121,180,57,35,77
/es/3.14/tutorial/index.html,120,147,61,78,53
/es/3/library/index.html,112,128,59,54,38
/es/3/tutorial/venv.html,109,109,88,57,57
/es/3/search.html,99,223,37,44,52
/es/3.15/using/windows.html,92,96,73,32,25
/es/3/library/functions.html,92,98,86,70,38
/es/3/library/stdtypes.html,81,84,77,99,25
/es/3/tutorial/classes.html,79,81,79,103,36
/es/3.14/search.html,68,129,18,17,70
/es/3.13/library/tkinter.html,65,67,77,62,37
/es/3/glossary.html,65,65,58,63,32
/es/3.14/tutorial/interpreter.html,61,58,64,70,75
/es/3.14/tutorial/appetite.html,58,56,50,107,81
/es/3/tutorial/errors.html,55,54,93,50,41
/es/3.14/tutorial/introduction.html,52,50,79,138,57
/es/3.14/tutorial/controlflow.html,48,48,67,102,43
/es/3/installing/index.html,47,46,85,15,53
/es/3.12/tutorial/index.html,39,45,71,35,50
/es/3.13/tutorial/index.html,35,40,81,38,38
/es/3.13/tutorial/datastructures.html,34,32,81,104,37
/es/3/library/datetime.html,33,39,82,35,22
/es/3/contents.html,31,29,67,13,3
/es/3.14/library/stdtypes.html,30,50,86,87,43
/es/3.14/tutorial/,30,32,38,71,43
/es/3/library/asyncio.html,30,34,85,101,68
/es/3/tutorial/inputoutput.html,30,29,86,76,43
/es/3/tutorial/modules.html,30,31,71,90,61
/es/3.14/library/functions.html,28,24,58,184,39
/es/3/library/venv.html,27,28,73,32,37
/es/3.14/tutorial/datastructures.html,26,22,71,108,45
/es/3.14/using/windows.html,26,28,29,46,22
/es/3/library/json.html,26,26,79,32,34
/es/3.14/library/index.html,24,20,44,114,22
/es/3/library/argparse.html,24,25,96,73,14
/es/3/library/csv.html,24,26,75,41,48
/es/3/library/re.html,24,30,83,98,41
/es/3/tutorial/stdlib.html,24,22,89,126,80
/es/3.14/contents.html,23,26,0,57,16
/es/3.14/tutorial/classes.html,23,22,60,130,49
/es/3/library/random.html,23,22,90,122,31
/es/3/library/tk.html,23,36,58,23,57
/es/3.13/library/re.html,22,20,78,37,36
/es/3/library/math.html,22,21,89,19,37
/es/3.14/whatsnew/3.14.html,20,16,75,27,14
/es/3/howto/sorting.html,20,20,84,29,42
/es/3/library/intro.html,20,17,17,71,80
/es/3/library/string.html,20,21,75,27,53
/es/3/reference/index.html,20,20,57,26,56
/es/3/using/editors.html,20,20,76,16,98
/es/3.13/library/index.html,19,23,82,9,45
/es/3.14/index.html,19,24,25,22,76
/es/3/howto/logging.html,19,20,83,62,32
/es/3/library/pathlib.html,19,23,88,186,36
/es/3.13/library/functions.html,18,18,100,15,16
/es/3.14/tutorial/modules.html,18,15,100,118,32
/es/3/howto/regex.html,18,20,88,154,41
/es/3/index.html,18,20,33,8,66
/es/3/using/cmdline.html,18,19,62,28,27
/es/3/using/windows.html,18,16,78,70,23
/es/3.13/library/stdtypes.html,17,15,100,83,37
/es/3/library/exceptions.html,17,20,43,72,45
/es/3.13/library/datetime.html,16,18,88,168,29
/es/3.13/search.html,16,20,86,9,65
/es/3/tutorial/appendix.html,16,14,75,12,73
/es/3.14/glossary.html,15,17,83,20,42
/es/3/library/sqlite3.html,15,14,92,82,6
/es/3/reference/compound_stmts.html,15,12,67,57,15
/es/3.13/,14,14,100,9,69
/es/3.13/tutorial/venv.html,14,18,100,84,77
/es/3.14/py-modindex.html,14,14,0,20,42
/es/3.14/tutorial/inputoutput.html,14,11,100,63,47
/es/3.14/using/cmdline.html,14,13,100,150,19
/es/3/library/asyncio-task.html,14,13,62,81,34
/es/3/library/tkinter.ttk.html,14,13,80,85,42
/es/3.12/tutorial/controlflow.html,13,14,100,115,38
/es/3.14/download.html,13,17,57,19,98
/es/3.14/library/tkinter.html,13,11,75,45,42
/es/3.14/using/index.html,13,21,0,12,78
/es/3/library/shutil.html,13,11,100,34,36
/es/3/library/xml.etree.elementtree.html,13,14,92,25,22
/es/3.13/library/tk.html,12,14,50,149,41
/es/3.13/tutorial/controlflow.html,12,13,92,115,9
/es/3.14/genindex.html,12,11,100,3,100
/es/3.15/search.html,12,21,0,29,97
/es/3/library/concurrent.futures.html,12,11,70,129,26
/es/3.12/,11,10,75,9,72
/es/3.14/library/math.html,11,14,25,85,63
/es/3/library/functools.html,11,11,90,24,44
/es/3/library/smtplib.html,11,10,56,23,32
