name,visitors
Bengaluru,102
Chennai,76
Moscow,71
Mumbai,65
Warsaw,64
Hyderabad,62
New York City,58
Melbourne,57
Singapore,53
Pune,51
Tokyo,51
Amsterdam,50
Los Angeles,49
Istanbul,48
London,47
Frankfurt am Main,45
Sydney,42
Paris,41
Berlin,38
Jakarta,37
Cairo,36
Tel Aviv,33
Beijing,32
Munich,32
Bangkok,31
Madrid,31
Hamburg,29
Kolkata,28
Shanghai,28
Ashburn,28
Chicago,28
Montréal,28
Ho Chi Minh City,26
Vienna,26
Bogotá,26
San Jose,26
Toronto,26
New Delhi,25
Hong Kong,25
Seattle,25
Riyadh,24
Zürich,24
Budapest,24
Saint Petersburg,23
Helsinki,23
Guangzhou,23
Colorado Springs,23
Hanoi,22
Taichung,22
Milan,22
São Paulo,22
Atlanta,22
Tehran,21
Dublin,21
Barcelona,21
Oslo,21
San Diego,21
Ankara,20
Bhopāl,20
Denver,20
Athens,19
Jeddah,18
Minsk,18
Brisbane,18
Abuja,18
Manchester,18
San Francisco,18
Kyiv,17
Karachi,17
Chengdu,17
Stockholm,17
Austin,17
Dhaka,16
Coimbatore,16
Seoul,16
Rio de Janeiro,16
Bucharest,15
Lisbon,15
Lagos,15
Prague,15
Rome,15
Lima,15
Vancouver,15
Dubai,14
Lahore,14
Kathmandu,14
Xi’an,14
Shenzhen,14
Düsseldorf,14
Houston,14
Calgary,14
Sanaa,13
Nairobi,13
Bhubaneshwar,13
Novosibirsk,13
Tashkent,13
Taipei,13
Quezon City,13
Hangzhou,13
Algiers,13
Mexico City,13
Charlotte,13
Brooklyn,13
Phoenix,13
Addis Ababa,12
Salem,12
Delhi,12
Kuala Lumpur,12
Wuhan,12
Cape Town,12
Lucknow,11
Brussels,11
Köln,11
Las Vegas,11
Portland,11
The Dalles,11
Tallinn,10
Sofia,10
Johannesburg,10
Nagpur,10
Perth,10
Adelaide,10
Auckland,10
Abidjan,10
Valencia,10
Cambridge,10
Bristol,10
Göteborg,10
Graz,10
Brno,10
Wrocław,10
Orlando,10
Dallas,10
Boston,10
Kampala,9
Haifa,9
Riga,9
Colombo,9
Guwahati,9
Cochin,9
Ahmedabad,9
Yekaterinburg,9
Bandung,9
Chang-hua,9
Tianjin,9
Changsha,9
Tunis,9
Casablanca,9
Glasgow,9
Kraków,9
Gdańsk,9
Medellín,9
Queens,9
N/A,9
Amman,8
Jerusalem,8
Ulyanovsk,8
Lviv,8
Kanpur,8
Ghāziābād,8
N/A,8
Rabat,8
Birmingham,8
Lausanne,8
Haarlem,8
Katowice,8
Modena,8
Camden Town,8
Raleigh,8
Oklahoma City,8
N/A,8
Samara,7
Belgrade,7
Islamabad,7
Madurai,7
Indore,7
Gurgaon,7
Durgapur,7
Phnom Penh,7
Stuttgart,7
Karlsruhe,7
Dresden,7
Marseille,7
Bratislava,7
Naples,7
N/A,7
Curitiba,7
Santiago,7
Tijuana,7
Washington,7
Indianapolis,7
Nashville,7
Reston,7
Council Bluffs,7
Salt Lake City,7
Çankaya,7
Noida,7
Dammam,6
Rostov-na-Donu,6
Baku,6
Tbilisi,6
Thessaloníki,6
Patna,6
Agra,6
Yogyakarta,6
Zhengzhou,6
Dongguan,6
Suwon,6
Goyang-si,6
Osaka,6
Ibadan,6
Leeds,6
Utrecht,6
The Hague,6
Rotterdam,6
Enschede,6
Charleroi,6
Münster,6
Mannheim,6
Leipzig,6
Hannover,6
Rennes,6
Lyon,6
Poznań,6
Bologna,6
Tirana,6
Zagreb,6
Goiânia,6
Havana,6
Caracas,6
La Paz,6
León de los Aldama,6
Miami,6
Kansas City,6
Allen,6
College Station,6
Fort Worth,6
San Antonio,6
Washington,6
Minneapolis,6
Jersey City,6
Milwaukee,6
Boardman,6
Mississauga,6
Erbil,5
Doha,5
Antalya,5
Giza,5
Aden,5
Perm,5
Ternopil,5
Chiang Mai,5
Surat,5
Nashik,5
Meerut,5
Jaipur,5
Faridabad,5
Nur-Sultan,5
Bogor,5
Kaohsiung,5
Manila,5
Wuhu,5
Nanjing,5
Lanzhou,5
Lomé,5
Sevilla,5
Copenhagen,5
Sheffield,5
Reading,5
Oxford,5
Hounslow,5
Edinburgh,5
Ealing,5
Dietikon,5
Malmö,5
Naaldwijk,5
Gent,5
Witten,5
Kaiserslautern,5
Darmstadt,5
Braunschweig,5
Augsburg,5
Luxembourg,5
Versailles,5
Trieste,5
Montevideo,5
Porto Alegre,5
Quito,5
Panamá,5
San Miguel de Tucumán,5
Columbus,5
Round Rock,5
Evanston,5
Fort Wayne,5
Pittsburgh,5
Tucson,5
Berkeley,5
Santa Clara,5
Sunnyvale,5
Edmonton,5
