name,visitors,bounce_rate,visit_duration
Direct / None,18027,66,168
google.com,7168,81,158
python.org,862,64,285
m.baidu.com,706,76,23
baidu.com/link,297,80,72
bing.com,183,71,627
google.com.hk,174,87,93
cn.bing.com,119,72,275
codecademy.cn,93,53,363
google.co.jp,91,83,81
search.yahoo.co.jp,56,80,235
chatgpt.com,50,100,502
baidu.com,26,73,215
duckduckgo.com,26,0,440
qiita.com,22,83,395
doubao.com,18,50,1066
ecosia.org,16,77,174
google.com.tw,16,88,10
search.brave.com,16,0,603
statics.teams.cdn.office.net,16,79,384
google.fr,15,79,212
python.p2hp.com,15,0,482
note.nkmk.me,13,0,1223
reddit.com,13,78,44
codecademy.cn/tutorial/python,12,83,5
fidget-spinner.github.io,11,91,11
github.com,10,100,36
python.it,10,25,232
python.org/downloads/release/python-3135,10,50,31
wiki.python.org,10,0,476
google.co.kr,9,50,393
classroom.google.com,8,75,216
google.es,8,38,21
link.csdn.net,8,50,295
link.zhihu.com,8,67,39
peps.python.org,8,80,178
yandex.ru,8,100,645
android-app://com.reddit.frontpage,7,88,5
m.baidu.com/s,7,71,3
t.co,7,100,0
cs50.harvard.edu,6,0,2267
devdocs.io,6,83,9
google.com.mx,6,50,245
liaoxuefeng.com,6,0,109
udemy.com,6,100,310
chat.baidu.com,5,0,709
es.python.org,5,0,395
google.com/search,5,100,0
linkedin.com,5,100,0
perplexity.ai,5,100,0
yuanbao.tencent.com,5,100,429
bing.com/search,4,0,859
gemini.google.com,4,0,38
google.com.ua,4,100,0
netacad.com,4,0,218
yuque.com,4,33,678
127.0.0.1,3,100,4992
android-app://com.google.android.googlequicksearchbox,3,100,158
copilot.microsoft.com,3,100,608
developers.google.com,3,0,2663
discuss.python.org,3,100,271
go.bsky.app,3,33,537
google.cl,3,50,552
hitachigroup.okta.com,3,100,1504
networkx.org,3,0,11
python.p2hp.com/doc/index.html,3,0,44
pythoninsider.blogspot.com,3,100,328
qwant.com,3,100,1310
10.250.0.254,2,0,1971
192.168.1.238,2,100,0
app.certidevs.com,2,0,1196
code.visualstudio.com,2,0,788
courses.edx.org,2,0,736
docs-python-org.translate.goog,2,0,86
facebook.com,2,100,0
github.samsungds.net,2,100,0
google.de,2,100,0
hatenablog-parts.com,2,0,0
kivy.org,2,0,425
kokushikan.manaba.jp,2,0,2542
m.baidu.com/from=0/bd_page_type=1/ssid=0/uid=0/pu=usm%400%2Csz%401320_1001%2Cta%40iphone_2_12.0_19_25.3/baiduid=711AF06C9A111413B4ABD28BE7C364A5/w=0_10_/t=iphone/l=1/tc,2,100,0
m.baidu.com/from=1001192y/bd_page_type=1/ssid=0/uid=0/pu=sz%401320_1001%2Cta%40iphone_2_12.0_28_16.0%2Cusm%400/baiduid=CADFFC14D7EFA78905733677401B4CFB/w=0_10_/t=iphone/l=1/tc,2,0,8
m.baidu.com/from=1001192y/bd_page_type=1/ssid=0/uid=0/pu=sz%401320_220%2Cta%40iphone___24_114.0%2Cusm%400/baiduid=3666BAD2A5B479CDEA516AFE1B4C1ECA/w=0_10_/t=iphone/l=1/tc,2,0,413
m.baidu.com/from=1001192y/bd_page_type=1/ssid=0/uid=0/pu=usm%400%2Csz%401320_1001%2Cta%40iphone_2_10.0_28_16.0/baiduid=E72BF22D87DEC920472CA9DCC855B497/w=0_10_/t=iphone/l=1/tc,2,50,0
m.baidu.com/from=1012852q/bd_page_type=1/ssid=0/uid=0/pu=sz%401320_1004%2Cta%40iphone_2_12.0_11_19.7%2Cusm%400/baiduid=345119BB5147332D4FAE0FA0CF3D4D1A/w=0_10_/t=iphone/l=1/tc,2,100,0
m.baidu.com/from=1012852q/bd_page_type=1/ssid=0/uid=0/pu=usm%400%2Csz%401320_1004%2Cta%40iphone_2_11.0_11_19.8/baiduid=933D0EBCCFEB49EA99F6C782124E6885/w=0_10_/t=iphone/l=1/tc,2,100,0
m.baidu.com/from=1012852q/bd_page_type=1/ssid=0/uid=0/pu=usm%400%2Csz%401320_1004%2Cta%40iphone_2_12.0_11_19.4/baiduid=F1273559DB107A179508745C54100BBD/w=0_10_/t=iphone/l=1/tc,2,100,0
m.baidu.com/from=1015011n/bd_page_type=1/ssid=0/uid=0/pu=usm%400%2Csz%401320_1001%2Cta%40iphone_2_15.0_24_131.0/baiduid=B195041C5558472B41F229F4C9D6C0D1/w=0_10_/t=iphone/l=1/tc,2,100,0
m.baidu.com/from=1015819s/bd_page_type=1/ssid=0/uid=0/pu=usm%400%2Csz%401320_1004%2Cta%40iphone_2_13.0_38_12.9/baiduid=2E3D28A56322C6E0FEE6093E5467DB04/w=0_20_/t=iphone/l=1/tc,2,100,0
m.baidu.com/from=1019311v/bd_page_type=1/ssid=0/uid=0/pu=usm%400%2Csz%401320_1001%2Cta%40iphone_2_14.0_19_24.8/baiduid=68530129162EA3BA3448C36B9356C612/w=0_10_/t=iphone/l=1/tc,2,0,75
m.baidu.com/from=1020761f/bd_page_type=1/ssid=0/uid=0/pu=sz%401320_1001%2Cta%40iphone_2_10.0_19_25.1%2Cusm%400/baiduid=81EAC17C00E4FF2FB9ECF8A32C06537A/w=0_10_/t=iphone/l=1/tc,2,50,202
m.baidu.com/from=1020761f/bd_page_type=1/ssid=0/uid=0/pu=sz%401320_1001%2Cta%40iphone_2_9.0_19_25.1%2Cusm%400/baiduid=65DDDFB445235E1FE7A0E02C45C89A9C/w=0_10_/t=iphone/l=1/tc,2,100,0
mentor.ai.aws.dev,2,0,461
ntp.msn.com,2,0,12
openclassrooms.com,2,0,386
python.github.net.cn,2,0,29
python.jp,2,0,978
python.org/events,2,0,31
scikit-learn.org,2,0,1034
search.yahoo.com,2,0,314
so.com/link,2,0,397
spectrum.um.edu.my,2,0,7882
tongyi.com/qianwen,2,0,108
velog.io,2,0,0
yandex.ru/search,2,0,710
youtube.com,2,100,23
zerosteiner.github.io,2,100,0
16.3.55.98,1,100,0
211.238.7.122,1,100,0
ai.google.dev,1,0,225
ai.pyhub.kr,1,100,0
aichat.dahuatech.com,1,0,3237
android-app://com.linkedin.android,1,0,21
android-app://com.slack,1,0,142
app.aluracursos.com,1,0,492
app.readthedocs.org,1,0,66
atmarkit.itmedia.co.jp/ait/articles/2507/08/news025.html,1,100,0
baseass-ajbgfsa2ehd5h4ed.japaneast-01.azurewebsites.net,1,0,14
bbbcapacitaciones.chaco.gob.ar,1,0,0
blog.csdn.net/weixin_42399800/article/details/143822422,1,0,1776
blog.python.org,1,100,0
boot.dev,1,0,111
br.search.yahoo.com,1,0,214
builtin.com,1,0,6
byui-cse.github.io,1,0,0
campus110.unad.edu.co,1,0,519
canon.aidemy.jp,1,0,0
cdn.evg.gov.br,1,0,26
cerritos.instructure.com,1,100,0
chat.qwen.ai/c/9c9d5c3c-303c-43cc-8dd9-95244f9ca757,1,100,0
chatgpti.cc,1,0,8
checkr.atlassian.net,1,100,0
claude.ai,1,0,534
cms.unir.net,1,0,961
cn.bing.com/search,1,100,0
cnblogs.com,1,0,179
codaqui.dev,1,0,56
code-basics.com,1,0,7
code.amazon.com,1,0,3455
code.tutsplus.com/the-best-way-to-learn-python--net-26288a,1,0,2601
codecademy.com,1,0,660
codedex.io,1,0,26
colour.readthedocs.io/en/master/generated/colour.RGB_Colourspace.html,1,0,0
console.his.huawei.com,1,0,59
context7.com,1,0,39
corsi.datamira.com,1,0,1049
datacamp.com,1,0,53
davinci.mediatek.inc,1,0,998
de.search.yahoo.com,1,0,3
denishulo.developpez.com/tutoriels/python/vecteurs-python,1,100,0
devclass.com,1,100,0
developer.mozilla.org,1,0,1246
docs.aiohttp.org/en/stable/index.html,1,0,9
docs.pydantic.dev,1,0,195
docs.qq.com,1,0,3938
docs.scrapy.org,1,0,1016
docs.scrapy.org/en/latest/intro/install.html,1,0,118
docs.snowflake.com,1,0,59
doubao.com/chat/11631316373338114,1,0,77
ds100.org,1,0,115
edube.org,1,0,2
els.akita-u.ac.jp,1,100,0
euc-excel.officeapps.live.com,1,0,485
excel-ubara.com,1,0,2473
external-teksystems.udemy.com,1,0,450
forstasurveys.zendesk.com,1,0,174
freecodecamp.org/korean/news/python-projects-for-beginners,1,0,15
gateway.zscalertwo.net,1,0,1372
geometry.docs.pyansys.com,1,100,0
github.com/Einarr07/curso_python,1,100,0
github.com/GoogleChrome/related-website-sets/blob/main/RWS-Submission_Guidelines.md,1,0,455
github.com/KohakuBlueleaf/LyCORIS/issues/255,1,100,0
github.com/Lecodeurenretard/Trophee-NSI/blob/master/Python.md,1,0,33
github.com/PyData-Panama/pydatapanama-cursos/blob/main/cursos/analisis_datos/docs/SETUP.md,1,0,0
github.com/Vigemus/iron.nvim/issues/424,1,0,25
github.com/beeware/toga/discussions/3083,1,100,0
github.com/boto/botocore/pull/3185,1,0,19
github.com/go-python/cpy3,1,0,6
github.com/google-deepmind/alphagenome/blob/main/README.md,1,0,2831
github.com/jupyterhub/sudospawner/issues/78,1,0,1287
github.com/python/python-docs-zh-cn/issues/389,1,100,0
github.com/vinta/awesome-python,1,0,9
google.com.co,1,0,294
google.com.pe,1,100,0
google.pl,1,0,3523
habr.com/ru/articles/481074,1,0,769
hbcsv009.murata.co.jp,1,0,0
ide-python-basics-call-function-expression-9335140.evaluator3-8.hexlet.io,1,0,6
ilearning.huawei.com,1,0,0
in.search.yahoo.com,1,0,3919
inside-docupedia.bosch.com,1,0,233
it.search.yahoo.com,1,0,54
iwiki.woa.com,1,0,1099
jisou-programmer.beproud.jp/%E3%83%AD%E3%82%AE%E3%83%B3%E3%82%B0/69-%E3%83%AD%E3%82%B0%E3%83%A1%E3%83%83%E3%82%BB%E3%83%BC%E3%82%B8%E3%82%92%E3%83%95%E3%82%A9%E3%83%BC%E3%83%9E%E3%83%83%E3%83%88%E3%81%97%E3%81%A6%E3%83%AD%E3%82%AC%E3%83%BC%E3%81%AB%E6%B8%A1%E3%81%95%E3%81%AA%E3%81%84.html,1,0,784
journal.top-academy.ru,1,100,0
kdw9502.tistory.com/6,1,0,980
keg-course.github.io,1,0,1167
keisoku.co.jp,1,100,0
kirin.idv.tw,1,0,519
kitt.lewagon.com,1,0,1321
l.facebook.com,1,100,0
l.meta.ai,1,0,0
learn.microsoft.com,1,0,1194
learnxinyminutes.com/python,1,0,1886
linux.do,1,0,61
lixiaolai.com,1,0,18
lm.facebook.com,1,100,0
lms.aiffel.io,1,0,6
login.microsoftonline.com,1,100,0
m.baidu.com/from=0/bd_page_type=1/ssid=0/uid=0/pu=sz%401320_1004%2Cvmgdb%400020100228y%2Cusm%400/baiduid=CEEA215CE33398778226EB1298000299/w=0_10_/t=zbios/l=1/tc,1,100,0
m.baidu.com/from=0/bd_page_type=1/ssid=0/uid=0/pu=usm%400%2Csz%401320_1001%2Cta%40iphone_2_11.0_24_83.0/baiduid=F748B11321020367BECB1A30C8AA79D1/w=0_10_/t=iphone/l=1/tc,1,100,0
m.baidu.com/from=0/bd_page_type=1/ssid=0/uid=0/pu=vmgdb%400020100228y%2Csz%401320_1004%2Cusm%400/baiduid=45FB3704E136FEC16F19CC424ADE766B/w=0_10_/t=zbios/l=1/tc,1,100,0
m.baidu.com/from=0/bd_page_type=1/ssid=0/uid=0/pu=vmgdb%400020100228y%2Csz%401320_1004%2Cusm%400/baiduid=BC5B71328F8FDEC43E3151F97B6C0886/w=0_10_/t=zbios/l=1/tc,1,100,0
m.baidu.com/from=0/bd_page_type=1/ssid=0/uid=0/pu=vmgdb%400020100228y%2Csz%401320_1004%2Cusm%401/baiduid=56117279A6E4B723CBFB12C0165097ED/w=20_10_/t=zbios/l=1/tc,1,100,0
m.baidu.com/from=1001192y/bd_page_type=1/ssid=0/uid=0/pu=sz%401320_1001%2Cta%40iphone_2_10.0_28_16.0%2Cusm%400/baiduid=8335DD9DA42BCEB326F7B9F7A304DD0C/w=0_10_/t=iphone/l=1/tc,1,100,0
m.baidu.com/from=1001192y/bd_page_type=1/ssid=0/uid=0/pu=sz%401320_1001%2Cta%40iphone_2_10.0_28_16.0%2Cusm%400/baiduid=CAF74C9E9C8E05DBCCA4AD661F167A83/w=0_10_/t=iphone/l=1/tc,1,0,27
m.baidu.com/from=1001192y/bd_page_type=1/ssid=0/uid=0/pu=sz%401320_1001%2Cta%40iphone_2_12.0_28_15.0%2Cusm%400/baiduid=AE822017B672427A7E031F5111A90601/w=0_10_/t=iphone/l=1/tc,1,0,13
m.baidu.com/from=1001192y/bd_page_type=1/ssid=0/uid=0/pu=sz%401320_1001%2Cta%40iphone_2_12.0_28_16.0%2Cusm%400/baiduid=0300A9F51AF4CF9BD72A53FDC4F6F89B/w=0_10_/t=iphone/l=1/tc,1,0,21
m.baidu.com/from=1001192y/bd_page_type=1/ssid=0/uid=0/pu=sz%401320_1001%2Cta%40iphone_2_12.0_28_16.0%2Cusm%400/baiduid=635015C2235F45D6D40129323C6350D4/w=0_10_/t=iphone/l=1/tc,1,0,113
m.baidu.com/from=1001192y/bd_page_type=1/ssid=0/uid=0/pu=sz%401320_1001%2Cta%40iphone_2_12.0_28_16.0%2Cusm%400/baiduid=6465AD4D42D220AA056585E703932D16/w=0_10_/t=iphone/l=1/tc,1,0,0
m.baidu.com/from=1001192y/bd_page_type=1/ssid=0/uid=0/pu=sz%401320_1001%2Cta%40iphone_2_12.0_28_16.0%2Cusm%400/baiduid=FE0659540A33D72BFCE8521D1A0B21EC/w=0_10_/t=iphone/l=1/tc,1,0,1
m.baidu.com/from=1001192y/bd_page_type=1/ssid=0/uid=0/pu=usm%400%2Csz%401320_1001%2Cta%40iphone_2_10.0_28_16.0/baiduid=094347C2F3595915B4462847CAF93A54/w=0_10_/t=iphone/l=1/tc,1,100,0
m.baidu.com/from=1001192y/bd_page_type=1/ssid=0/uid=0/pu=usm%400%2Csz%401320_1001%2Cta%40iphone_2_10.0_28_16.0/baiduid=0E85540B415F3674588359A4A9881C80/w=0_10_/t=iphone/l=1/tc,1,100,0
m.baidu.com/from=1001192y/bd_page_type=1/ssid=0/uid=0/pu=usm%400%2Csz%401320_1001%2Cta%40iphone_2_10.0_28_16.0/baiduid=2A69DDDF51C22083E9880BC3DCBA8032/w=0_10_/t=iphone/l=1/tc,1,100,0
m.baidu.com/from=1001192y/bd_page_type=1/ssid=0/uid=0/pu=usm%400%2Csz%401320_1001%2Cta%40iphone_2_10.0_28_16.0/baiduid=37EFBF65111542F12444BE24F2040D26/w=0_10_/t=iphone/l=1/tc,1,100,0
m.baidu.com/from=1001192y/bd_page_type=1/ssid=0/uid=0/pu=usm%400%2Csz%401320_1001%2Cta%40iphone_2_10.0_28_16.0/baiduid=4A155172C2293D8495F5E8D004ABC922/w=0_10_/t=iphone/l=1/tc,1,0,2
m.baidu.com/from=1001192y/bd_page_type=1/ssid=0/uid=0/pu=usm%400%2Csz%401320_1001%2Cta%40iphone_2_10.0_28_16.0/baiduid=4AB5230BE526F5A02E44B00C0AC80F76/w=0_10_/t=iphone/l=1/tc,1,100,0
m.baidu.com/from=1001192y/bd_page_type=1/ssid=0/uid=0/pu=usm%400%2Csz%401320_1001%2Cta%40iphone_2_10.0_28_16.0/baiduid=56678FAC05A65D83163BB2D65744275E/w=0_10_/t=iphone/l=1/tc,1,0,0
m.baidu.com/from=1001192y/bd_page_type=1/ssid=0/uid=0/pu=usm%400%2Csz%401320_1001%2Cta%40iphone_2_10.0_28_16.0/baiduid=57D827D971FF2B05A305AFCCBC51CB68/w=0_10_/t=iphone/l=1/tc,1,100,0
m.baidu.com/from=1001192y/bd_page_type=1/ssid=0/uid=0/pu=usm%400%2Csz%401320_1001%2Cta%40iphone_2_10.0_28_16.0/baiduid=5DB88EF9ADCDE38D93932328365B44F5/w=0_10_/t=iphone/l=1/tc,1,100,0
m.baidu.com/from=1001192y/bd_page_type=1/ssid=0/uid=0/pu=usm%400%2Csz%401320_1001%2Cta%40iphone_2_10.0_28_16.0/baiduid=BF0E6E792A300483EA139B171BA6063C/w=0_10_/t=iphone/l=1/tc,1,100,0
m.baidu.com/from=1001192y/bd_page_type=1/ssid=0/uid=0/pu=usm%400%2Csz%401320_1001%2Cta%40iphone_2_10.0_28_16.0/baiduid=BF3D522517BEACC2BCAB407FA5BD6B21/w=0_10_/t=iphone/l=1/tc,1,0,6
m.baidu.com/from=1001192y/bd_page_type=1/ssid=0/uid=0/pu=usm%400%2Csz%401320_1001%2Cta%40iphone_2_10.0_28_16.0/baiduid=FF5F1F3BFA5F23ACF4932DE94C77852F/w=0_10_/t=iphone/l=1/tc,1,0,1
m.baidu.com/from=1001192y/bd_page_type=1/ssid=0/uid=0/pu=usm%400%2Csz%401320_1001%2Cta%40iphone_2_11.0_28_16.0/baiduid=572C6C850003FB1E66D50F030CEB387D/w=0_10_/t=iphone/l=1/tc,1,0,0
m.baidu.com/from=1001192y/bd_page_type=1/ssid=0/uid=0/pu=usm%400%2Csz%401320_1001%2Cta%40iphone_2_12.0_28_15.0/baiduid=1811FD74EA539CB05721782C0565B0E5/w=0_10_/t=iphone/l=1/tc,1,100,0
m.baidu.com/from=1001192y/bd_page_type=1/ssid=0/uid=0/pu=usm%400%2Csz%401320_1001%2Cta%40iphone_2_12.0_28_16.0/baiduid=06097EE20F6D5190516EB35DF682B74D/w=0_10_/t=iphone/l=1/tc,1,0,9
m.baidu.com/from=1001192y/bd_page_type=1/ssid=0/uid=0/pu=usm%400%2Csz%401320_1001%2Cta%40iphone_2_12.0_28_16.0/baiduid=195ADF917E6F92D369FEDB1E17FC443C/w=0_10_/t=iphone/l=1/tc,1,0,0
m.baidu.com/from=1001192y/bd_page_type=1/ssid=0/uid=0/pu=usm%400%2Csz%401320_1001%2Cta%40iphone_2_12.0_28_16.0/baiduid=196E147043EA059F204FBF06BB98DAE4/w=0_10_/t=iphone/l=1/tc,1,100,0
m.baidu.com/from=1001192y/bd_page_type=1/ssid=0/uid=0/pu=usm%400%2Csz%401320_1001%2Cta%40iphone_2_12.0_28_16.0/baiduid=1EA0DCF0428758A967F936C65002B2F1/w=0_10_/t=iphone/l=1/tc,1,0,4
m.baidu.com/from=1001192y/bd_page_type=1/ssid=0/uid=0/pu=usm%400%2Csz%401320_1001%2Cta%40iphone_2_12.0_28_16.0/baiduid=36B5D1BC8216F56CEB0346D546DCFD27/w=0_10_/t=iphone/l=1/tc,1,0,1479
m.baidu.com/from=1001192y/bd_page_type=1/ssid=0/uid=0/pu=usm%400%2Csz%401320_1001%2Cta%40iphone_2_12.0_28_16.0/baiduid=3C6655719C907F37AF26B6E9F3DB043E/w=0_10_/t=iphone/l=1/tc,1,0,0
m.baidu.com/from=1001192y/bd_page_type=1/ssid=0/uid=0/pu=usm%400%2Csz%401320_1001%2Cta%40iphone_2_12.0_28_16.0/baiduid=554D2DC10270A81B6D1D37C45BB8AE0F/w=0_10_/t=iphone/l=1/tc,1,0,0
m.baidu.com/from=1001192y/bd_page_type=1/ssid=0/uid=0/pu=usm%400%2Csz%401320_1001%2Cta%40iphone_2_12.0_28_16.0/baiduid=82D9D01B7735A9C5F59B3D34115BA047/w=0_10_/t=iphone/l=1/tc,1,100,0
m.baidu.com/from=1001192y/bd_page_type=1/ssid=0/uid=0/pu=usm%400%2Csz%401320_1001%2Cta%40iphone_2_12.0_28_16.0/baiduid=85C15D2897A831E302929BBDAE1B0312/w=0_10_/t=iphone/l=1/tc,1,100,0
m.baidu.com/from=1001192y/bd_page_type=1/ssid=0/uid=0/pu=usm%400%2Csz%401320_1001%2Cta%40iphone_2_12.0_28_16.0/baiduid=C919A9B29F40BDDD263C4FFE0AB89D62/w=0_10_/t=iphone/l=1/tc,1,0,0
m.baidu.com/from=1001192y/bd_page_type=1/ssid=0/uid=0/pu=usm%400%2Csz%401320_1001%2Cta%40iphone_2_12.0_28_16.0/baiduid=E50820700BD339E7FAD0F27B166D27EA/w=0_10_/t=iphone/l=1/tc,1,100,0
m.baidu.com/from=1001192y/bd_page_type=1/ssid=0/uid=0/pu=usm%400%2Csz%401320_1001%2Cta%40iphone_2_12.0_28_16.0/baiduid=EA92FD5D8F9272AF59EF8447DAB6CD2A/w=0_10_/t=iphone/l=1/tc,1,100,0
m.baidu.com/from=1001192y/bd_page_type=1/ssid=0/uid=0/pu=usm%400%2Csz%401320_1001%2Cta%40iphone_2_12.0_28_16.0/baiduid=EBA465AF20156E33C4ACE80B773452E2/w=0_10_/t=iphone/l=1/tc,1,0,167
m.baidu.com/from=1001192y/bd_page_type=1/ssid=0/uid=0/pu=usm%400%2Csz%401320_1001%2Cta%40iphone_2_12.0_28_16.0/baiduid=F14EF65C03A562B7F723D08467E970C3/w=0_10_/t=iphone/l=1/tc,1,100,0
m.baidu.com/from=1001192y/bd_page_type=1/ssid=0/uid=0/pu=usm%400%2Csz%401320_1001%2Cta%40iphone_2_12.0_28_16.0/baiduid=F2752540F904A74F8D74C9A215949948/w=0_10_/t=iphone/l=1/tc,1,0,12
m.baidu.com/from=1001192y/bd_page_type=1/ssid=0/uid=0/pu=usm%400%2Csz%401320_1001%2Cta%40iphone_2_9.0_28_16.0/baiduid=021C9B4DCFB86DAE3D4295857E34A056/w=0_10_/t=iphone/l=1/tc,1,0,1
m.baidu.com/from=1001192y/bd_page_type=1/ssid=0/uid=0/pu=usm%401%2Csz%401320_1001%2Cta%40iphone_2_12.0_28_15.0/baiduid=803F0D9E325A0330A8A2B8AEB75E6D1B/w=0_10_/t=iphone/l=1/tc,1,0,1
m.baidu.com/from=1001560r/bd_page_type=1/ssid=0/uid=0/pu=cuid%40YiS1i0ag2t_48SaW0i-Qa_iA2ugGu2ub_iSAul8fvi8HO28vYu2oi_uo28_8a2fHquHEiWN9B%2Csz%401320_480%2Cosname%40baiduinput%2Ccua%40_avLC_an2i4qywoUfpw1zyPLXio4as8-gN2w8ANoC%2Ccut%40lfQxI0fK2iyqPsiDzuD58gIVQRlykSO6A%2Cctv%402%2Ccfrom%401001192a%2Ccen%40cuid_cua_cut%2Ccsrc%40app_voicesearchbar_auto%2Cta%40iphone_2_8.1_28_11.0%2Cusm%400/baiduid=5E52707291552392A45BB40ADE5A054E/w=0_10_/t=iphone/l=1/tc,1,0,7
m.baidu.com/from=1001703a/bd_page_type=1/ssid=0/uid=0/pu=sz%401320_1001%2Cta%40iphone_2_13.0_18_40.9%2Cusm%400/baiduid=A30A70E1816C1353A4FDA63EDBEF56B9/w=0_10_/t=iphone/l=1/tc,1,0,16
m.baidu.com/from=1001703a/bd_page_type=1/ssid=0/uid=0/pu=sz%401320_1001%2Cta%40iphone_2_13.0_18_40.9%2Cusm%400/baiduid=F40040B84AC8D4E4ABADAC285C6AFB56/w=0_10_/t=iphone/l=1/tc,1,100,0
m.baidu.com/from=1001703a/bd_page_type=1/ssid=0/uid=0/pu=sz%401320_1001%2Cta%40iphone_2_14.0_18_40.8%2Cusm%400/baiduid=7728C28CD4F177FD4839EBAF20B4E3C0/w=20_10_/t=iphone/l=1/tc,1,100,0
m.baidu.com/from=1001703a/bd_page_type=1/ssid=0/uid=0/pu=sz%401320_1001%2Cta%40iphone_2_14.0_18_40.9%2Cusm%400/baiduid=BDC3ACBA56BB5BDE9A8E95A7242BED41/w=0_10_/t=iphone/l=1/tc,1,100,0
m.baidu.com/from=1001703a/bd_page_type=1/ssid=0/uid=0/pu=sz%401320_1001%2Cta%40iphone_2_15.0_18_40.9%2Cusm%400/baiduid=26F78FFDF1F05838CCFAE0899CB324FC/w=0_10_/t=iphone/l=1/tc,1,100,0
m.baidu.com/from=1001703a/bd_page_type=1/ssid=0/uid=0/pu=sz%401320_1001%2Cta%40iphone_2_15.0_18_40.9%2Cusm%400/baiduid=29D05BA03F1722404491209FC3249EAB/w=0_10_/t=iphone/l=1/tc,1,0,22
m.baidu.com/from=1001703a/bd_page_type=1/ssid=0/uid=0/pu=sz%401320_1001%2Cta%40iphone_2_15.0_18_40.9%2Cusm%400/baiduid=EAE716D0819B4E9C787B1F665B855A82/w=0_10_/t=iphone/l=1/tc,1,0,6
m.baidu.com/from=1001703a/bd_page_type=1/ssid=0/uid=0/pu=usm%400%2Csz%401320_1001%2Cta%40iphone_2_10.0_18_40.7/baiduid=856320FD048F6A33186FF650F7D16A6F/w=0_10_/t=iphone/l=1/tc,1,100,0
m.baidu.com/from=1001703a/bd_page_type=1/ssid=0/uid=0/pu=usm%400%2Csz%401320_1001%2Cta%40iphone_2_10.0_18_40.9/baiduid=0697C34CE86DB023D150E5233D4210FA/w=0_10_/t=iphone/l=1/tc,1,0,6
m.baidu.com/from=1001703a/bd_page_type=1/ssid=0/uid=0/pu=usm%400%2Csz%401320_1001%2Cta%40iphone_2_10.0_18_40.9/baiduid=77C950FC5C0291B83C0D40796D4384F8/w=0_10_/t=iphone/l=1/tc,1,100,0
m.baidu.com/from=1001703a/bd_page_type=1/ssid=0/uid=0/pu=usm%400%2Csz%401320_1001%2Cta%40iphone_2_11.0_18_40.9/baiduid=B97E42FF9B671FC1BD262A406C40FBEA/w=0_10_/t=iphone/l=1/tc,1,100,0
m.baidu.com/from=1001703a/bd_page_type=1/ssid=0/uid=0/pu=usm%400%2Csz%401320_1001%2Cta%40iphone_2_12.0_18_40.9/baiduid=FB185F1E2CF65593594807FE25EDBEE6/w=0_10_/t=iphone/l=1/tc,1,100,0
m.baidu.com/from=1001703a/bd_page_type=1/ssid=0/uid=0/pu=usm%400%2Csz%401320_1001%2Cta%40iphone_2_13.0_18_40.9/baiduid=FE3C8A1825B468B1CA82D7D74716288E/w=0_10_/t=iphone/l=1/tc,1,100,0
m.baidu.com/from=1001703a/bd_page_type=1/ssid=0/uid=0/pu=usm%400%2Csz%401320_1001%2Cta%40iphone_2_15.0_18_40.9/baiduid=5AF62D919187ED1FA0374BF1640A7004/w=0_10_/t=iphone/l=1/tc,1,100,0
m.baidu.com/from=1001703a/bd_page_type=1/ssid=0/uid=0/pu=usm%400%2Csz%401320_1001%2Cta%40iphone_2_15.0_18_40.9/baiduid=5E949C6D314BBC2F7F12C524BF96C83F/w=0_10_/t=iphone/l=1/tc,1,100,0
m.baidu.com/from=1001703a/bd_page_type=1/ssid=0/uid=0/pu=usm%400%2Csz%401320_1001%2Cta%40iphone_2_15.0_18_40.9/baiduid=ABF10CD110BB191FFBE7E9E2841EE258/w=0_10_/t=iphone/l=1/tc,1,100,0
m.baidu.com/from=1001703a/bd_page_type=1/ssid=0/uid=0/pu=usm%400%2Csz%401320_1001%2Cta%40iphone_2_15.0_18_40.9/baiduid=B93728AD7C2314A76A9B8F17AF6BE9B5/w=0_10_/t=iphone/l=1/tc,1,100,0
m.baidu.com/from=1001703a/bd_page_type=1/ssid=0/uid=0/pu=usm%400%2Csz%401320_1001%2Cta%40iphone_2_15.0_18_40.9/baiduid=C3B10D2DA51B3D0F054E36179C2555DD/w=0_10_/t=iphone/l=1/tc,1,100,0
m.baidu.com/from=1001703a/bd_page_type=1/ssid=0/uid=0/pu=usm%400%2Csz%401320_1001%2Cta%40iphone_2_5.1_18_10.8/baiduid=689F475989AA77C591DBB1AAE4D0C937/w=0_10_/t=iphone/l=1/tc,1,100,0
m.baidu.com/from=1001703a/bd_page_type=1/ssid=0/uid=0/pu=usm%400%2Csz%401320_1001%2Cta%40iphone_2_6.0_18_10.8/baiduid=39061277F0671BE5B6880461ACF0C894/w=0_10_/t=iphone/l=1/tc,1,100,0
m.baidu.com/from=1001703a/bd_page_type=1/ssid=0/uid=0/pu=usm%400%2Csz%401320_220%2Cta%40iphone___18_10.8/baiduid=953E9329069016E74B4AEA56A2AF125D/w=0_10_/t=iphone/l=1/tc,1,100,0
m.baidu.com/from=1001703a/bd_page_type=1/ssid=0/uid=0/pu=usm%401%2Csz%401320_1001%2Cta%40iphone_2_13.0_18_40.9/baiduid=B513045A9A4C55A93440BCF08B0682A2/w=0_10_/t=iphone/l=1/tc,1,100,0
m.baidu.com/from=1001703a/bd_page_type=1/ssid=0/uid=0/pu=usm%401%2Csz%401320_1001%2Cta%40iphone_2_15.0_18_40.9/baiduid=2FB37654B26EFF4D3A77CF8CD2A56745/w=0_10_/t=iphone/l=1/tc,1,0,2206
m.baidu.com/from=1001703y/bd_page_type=1/ssid=0/uid=0/pu=usm%400%2Csz%401320_1001%2Cta%40iphone_2_8.1_18_10.9/baiduid=A0E8F9F397EAFA8EFD53C6828490A24E/w=0_10_/t=iphone/l=1/tc,1,100,0
m.baidu.com/from=1012852q/bd_page_type=1/ssid=0/uid=0/pu=sz%401320_1004%2Cta%40iphone_2_14.0_11_19.8%2Cusm%400/baiduid=51D3E1A27047AD31BCD4D769BA75777D/w=0_10_/t=iphone/l=1/tc,1,0,4
m.baidu.com/from=1012852q/bd_page_type=1/ssid=0/uid=0/pu=usm%400%2Csz%401320_1004%2Cta%40iphone_2_10.0_11_19.8/baiduid=C33D0F0F3D7132FEEDF054A825CBA365/w=0_10_/t=iphone/l=1/tc,1,0,172
m.baidu.com/from=1012852q/bd_page_type=1/ssid=0/uid=0/pu=usm%400%2Csz%401320_1004%2Cta%40iphone_2_11.0_11_15.1/baiduid=854FA41FD9299F62002FE3F3EE45B542/w=0_10_/t=iphone/l=1/tc,1,0,8
m.baidu.com/from=1012852q/bd_page_type=1/ssid=0/uid=0/pu=usm%400%2Csz%401320_1004%2Cta%40iphone_2_11.0_11_16.9/baiduid=52421699165BC1772FEF53D836CC651E/w=0_10_/t=iphone/l=1/tc,1,100,0
m.baidu.com/from=1012852q/bd_page_type=1/ssid=0/uid=0/pu=usm%400%2Csz%401320_1004%2Cta%40iphone_2_12.0_11_19.7/baiduid=83543A2C38BD5A729050AB41E11A547F/w=0_10_/t=iphone/l=1/tc,1,100,0
m.baidu.com/from=1012852q/bd_page_type=1/ssid=0/uid=0/pu=usm%400%2Csz%401320_1004%2Cta%40iphone_2_14.0_11_19.7/baiduid=27E767C6E4DA2D98CE8D7645923C496B/w=0_10_/t=iphone/l=1/tc,1,100,0
m.baidu.com/from=1012852q/bd_page_type=1/ssid=0/uid=0/pu=usm%400%2Csz%401320_1004%2Cta%40iphone_2_14.0_11_19.7/baiduid=34FFA2F376D97AC3F27EB9F92741A483/w=0_10_/t=iphone/l=1/tc,1,100,0
m.baidu.com/from=1012852q/bd_page_type=1/ssid=0/uid=0/pu=usm%400%2Csz%401320_1004%2Cta%40iphone_2_15.0_11_14.10/baiduid=ADAD880D38C08B13270B7536C2BE7546/w=0_10_/t=iphone/l=1/tc,1,100,0
m.baidu.com/from=1012852q/bd_page_type=1/ssid=0/uid=0/pu=usm%400%2Csz%401320_1004%2Cta%40iphone_2_15.0_11_19.5/baiduid=DEDC069F6BCDEE2B47B3349F4A274092/w=0_10_/t=iphone/l=1/tc,1,100,0
m.baidu.com/from=1012852q/bd_page_type=1/ssid=0/uid=0/pu=usm%400%2Csz%401320_1004%2Cta%40iphone_2_15.0_11_19.7/baiduid=F5D9EDED26B441C9D39FAF098F5B1B81/w=0_10_/t=iphone/l=1/tc,1,100,0
m.baidu.com/from=1012852q/bd_page_type=1/ssid=0/uid=0/pu=usm%400%2Csz%401320_1004%2Cta%40iphone_2_6.0_11_14.5/baiduid=7446C2F3978DB3B954BDDB80A5D312BB/w=0_10_/t=iphone/l=1/tc,1,100,0
m.baidu.com/from=1012852q/bd_page_type=1/ssid=0/uid=0/pu=usm%402%2Csz%401320_1004%2Cta%40iphone_2_14.0_11_19.7/baiduid=C395DF4B17D2D7AB3A8719F46D31840C/w=0_10_/t=iphone/l=1/tc,1,100,0
m.baidu.com/from=1013672b/bd_page_type=1/ssid=0/uid=0/pu=sz%401320_1004%2Cta%40iphone_2_11.0_11_14.6%2Cusm%400/baiduid=0176536AC6572099A5A850F506426BB3/w=0_10_/t=iphone/l=1/tc,1,0,4
m.baidu.com/from=1013672b/bd_page_type=1/ssid=0/uid=0/pu=usm%400%2Csz%401320_1004%2Cta%40iphone_2_15.0_11_19.8/baiduid=BA1745CAF136D2526E87C2C12A599227/w=0_10_/t=iphone/l=1/tc,1,100,0
m.baidu.com/from=1013966u/bd_page_type=1/ssid=0/uid=0/pu=sz%401320_1001%2Cta%40iphone_2_11.0_19_25.2%2Cusm%400/baiduid=2F5B6CEC039CAEF8D44FFB16FB618AAF/w=0_10_/t=iphone/l=1/tc,1,100,0
m.baidu.com/from=1013966u/bd_page_type=1/ssid=0/uid=0/pu=sz%401320_1001%2Cta%40iphone_2_12.0_19_23.7%2Cusm%400/baiduid=5D6F52D07E6A2F1D563E377C0568F170/w=0_10_/t=iphone/l=1/tc,1,0,10
m.baidu.com/from=1013966u/bd_page_type=1/ssid=0/uid=0/pu=sz%401320_1001%2Cta%40iphone_2_12.0_19_25.1%2Cusm%400/baiduid=102747A113005F83CBA11C1757EAF4F0/w=0_10_/t=iphone/l=1/tc,1,100,0
m.baidu.com/from=1013966u/bd_page_type=1/ssid=0/uid=0/pu=sz%401320_1001%2Cta%40iphone_2_14.0_19_25.0%2Cusm%400/baiduid=F1C3EE983219A3DAA53EB4AE82D427D6/w=0_10_/t=iphone/l=1/tc,1,100,0
m.baidu.com/from=1013966u/bd_page_type=1/ssid=0/uid=0/pu=sz%401320_1001%2Cta%40iphone_2_14.0_19_25.2%2Cusm%400/baiduid=52352FE79945C7B5712ADDBBB9EB720D/w=0_10_/t=iphone/l=1/tc,1,100,0
m.baidu.com/from=1013966u/bd_page_type=1/ssid=0/uid=0/pu=usm%400%2Csz%401320_1001%2Cta%40iphone_2_10.0_19_24.9/baiduid=CE9FCB14CEF915FB78476F09E71E1172/w=0_10_/t=iphone/l=1/tc,1,100,0
m.baidu.com/from=1013966u/bd_page_type=1/ssid=0/uid=0/pu=usm%400%2Csz%401320_1001%2Cta%40iphone_2_10.0_19_25.2/baiduid=A79EE8E9057C2BFC77F50991F1A897F7/w=0_10_/t=iphone/l=1/tc,1,100,0
m.baidu.com/from=1013966u/bd_page_type=1/ssid=0/uid=0/pu=usm%400%2Csz%401320_1001%2Cta%40iphone_2_13.0_19_25.1/baiduid=B23174C95069252A80F246E793BE6220/w=0_10_/t=iphone/l=1/tc,1,100,0
m.baidu.com/from=1013966u/bd_page_type=1/ssid=0/uid=0/pu=usm%400%2Csz%401320_1001%2Cta%40iphone_2_14.0_19_25.0/baiduid=C41D2B6C404EEE840C8C3E390B029D44/w=0_10_/t=iphone/l=1/tc,1,100,0
