name,visitors,pageviews,bounce_rate,time_on_page,scroll_depth
/zh-cn/3/tutorial/index.html,905,1117,61,40,57
/zh-cn/3/,654,826,49,32,78
/zh-cn/3.13/tutorial/index.html,591,759,54,36,61
/zh-cn/3.13/,551,640,43,18,80
/zh-cn/3/library/index.html,456,606,56,57,50
/zh-cn/3/tutorial/interpreter.html,292,305,66,87,79
/zh-cn/3/tutorial/controlflow.html,291,298,79,258,47
/zh-cn/3.13/library/index.html,288,446,45,52,54
/zh-cn/3.13/tutorial/controlflow.html,259,260,67,190,51
/zh-cn/3/tutorial/introduction.html,251,269,66,217,62
/zh-cn/3.13/tutorial/interpreter.html,225,221,60,74,83
/zh-cn/3.13/tutorial/introduction.html,214,217,71,213,63
/zh-cn/3/library/functions.html,208,220,77,66,40
/zh-cn/3/library/turtle.html,192,233,83,83,29
/zh-cn/3/tutorial/,187,265,55,44,51
/zh-cn/3/tutorial/appetite.html,187,167,39,58,90
/zh-cn/3.13/library/functions.html,186,205,64,103,48
/zh-cn/3.13/tutorial/appetite.html,174,145,42,58,93
/zh-cn/3.13/search.html,168,235,22,19,51
/zh-cn/3.13/library/stdtypes.html,163,173,74,172,41
/zh-cn/3.13/tutorial/datastructures.html,161,163,76,177,58
/zh-cn/3/index.html,154,188,51,21,81
/zh-cn/3.13/index.html,146,192,40,18,78
/zh-cn/3/tutorial/datastructures.html,146,146,73,191,59
/zh-cn/3/library/stdtypes.html,145,149,69,92,44
/zh-cn/3/reference/index.html,145,182,37,34,75
/zh-cn/3/search.html,140,207,33,30,57
/zh-cn/3/library/idle.html,134,136,76,22,30
/zh-cn/3.13/whatsnew/3.13.html,119,101,75,86,31
/zh-cn/3.13/library/venv.html,118,117,92,25,33
/zh-cn/3/glossary.html,112,99,63,121,44
/zh-cn/3.13/reference/index.html,110,115,53,49,73
/zh-cn/3.13/using/index.html,107,122,65,13,81
/zh-cn/3.13/tutorial/classes.html,106,109,75,272,53
/zh-cn/3.13/glossary.html,101,98,52,69,43
/zh-cn/3/using/mac.html,101,111,82,68,60
/zh-cn/3/using/windows.html,101,90,89,36,44
/zh-cn/3/using/index.html,98,95,61,13,80
/zh-cn/3.13/contents.html,95,96,35,19,15
/zh-cn/3/library/multiprocessing.html,95,103,81,106,22
/zh-cn/3/using/,94,98,66,21,77
/zh-cn/3.13/download.html,91,71,33,46,88
/zh-cn/3.13/installing/index.html,91,78,91,38,72
/zh-cn/3/contents.html,91,102,42,20,20
/zh-cn/3/tutorial/classes.html,90,78,63,221,62
/zh-cn/3.13/tutorial/modules.html,87,87,72,209,57
/zh-cn/3/tutorial/modules.html,85,76,61,159,57
/zh-cn/3/library/math.html,82,94,80,82,39
/zh-cn/3/library/venv.html,81,87,90,38,30
/zh-cn/3.13/using/windows.html,80,68,71,69,47
/zh-cn/3/library/re.html,79,81,84,131,44
/zh-cn/3.13/tutorial/inputoutput.html,75,76,74,116,40
/zh-cn/3/using/cmdline.html,72,66,76,47,27
/zh-cn/3.12/library/index.html,71,82,66,32,50
/zh-cn/3.13/tutorial/,69,71,52,37,60
/zh-cn/3.12/,67,88,32,17,80
/zh-cn/3/library/,66,76,80,13,30
/zh-cn/3/reference/datamodel.html,66,61,50,65,57
/zh-cn/3.12/tutorial/index.html,64,88,39,28,60
/zh-cn/3.13/using/cmdline.html,64,54,64,38,31
/zh-cn/3/download.html,63,54,58,24,89
/zh-cn/3.13/reference/datamodel.html,62,63,61,966,45
/zh-cn/3/tutorial/inputoutput.html,61,58,68,115,51
/zh-cn/3.13/howto/index.html,60,80,27,54,89
/zh-cn/3.15/,58,62,43,58,79
/zh-cn/3.12/using/mac.html,57,58,90,42,75
/zh-cn/3.13/library/asyncio-task.html,56,53,83,135,41
/zh-cn/3.13/tutorial/errors.html,55,62,80,86,56
/zh-cn/3/library/tk.html,55,58,52,39,70
/zh-cn/3/library/tkinter.html,55,52,62,51,48
/zh-cn/3.13/library/typing.html,53,52,83,378,37
/zh-cn/3/installing/index.html,53,45,73,37,71
/zh-cn/3.13/library/re.html,52,49,91,139,34
/zh-cn/3/howto/index.html,52,46,31,13,91
/zh-cn/3.13/library/asyncio.html,51,54,62,51,78
/zh-cn/3.13/using/mac.html,51,49,83,39,54
/zh-cn/3/py-modindex.html,51,49,50,13,42
/zh-cn/3/reference/compound_stmts.html,50,49,58,119,43
/zh-cn/3.13/tutorial/venv.html,48,41,85,64,69
/zh-cn/3.13/using/android.html,48,48,82,62,84
/zh-cn/3/library/asyncio.html,48,50,49,79,83
/zh-cn/3/whatsnew/3.13.html,47,54,64,81,20
/zh-cn/3/reference/lexical_analysis.html,46,53,50,133,58
/zh-cn/3.13/reference/lexical_analysis.html,45,42,60,134,64
/zh-cn/3.12/index.html,44,57,40,10,80
/zh-cn/3.13/tutorial/stdlib.html,44,42,46,68,69
/zh-cn/3/tutorial/venv.html,44,36,68,64,73
/zh-cn/3.13/library/subprocess.html,43,48,94,101,31
/zh-cn/3.13/library/string.html,42,34,67,59,53
/zh-cn/3.15/tutorial/index.html,42,59,80,48,63
/zh-cn/3/howto/regex.html,41,40,88,154,36
/zh-cn/3.13/library/os.html,40,42,71,123,45
/zh-cn/3/library/asyncio-task.html,40,41,94,117,32
/zh-cn/3.13/library/argparse.html,39,40,80,204,51
/zh-cn/3.13/py-modindex.html,39,43,29,22,41
/zh-cn/3.13/reference/expressions.html,39,41,61,71,44
/zh-cn/3.13/library/dataclasses.html,37,34,87,52,32
/zh-cn/3.13/library/pdb.html,37,38,94,28,36
/zh-cn/3/library/os.html,37,36,68,114,43
/zh-cn/3/reference/simple_stmts.html,37,32,62,24,41
