name,unique_exits,total_exits,exit_rate
/3/,8449,8674,
/3/library/venv.html,7922,8089,
/3/library/stdtypes.html,6081,6413,
/3/library/functions.html,5814,6022,
/3/library/datetime.html,5251,5411,
/3/tutorial/index.html,3940,4070,
/3/library/re.html,3632,3763,
/3/library/typing.html,3469,3567,
/3/tutorial/datastructures.html,3161,3268,
/3/library/tkinter.html,2992,3080,
/3/library/csv.html,2765,2873,
/3/library/logging.html,2726,2821,
/3/library/argparse.html,2623,2720,
/3/library/pathlib.html,2414,2497,
/3/library/index.html,2409,2483,
/3/library/subprocess.html,2330,2422,
/3/library/turtle.html,2253,2404,
/3/library/random.html,2222,2272,
/3/tutorial/,2142,2340,
/3/library/exceptions.html,2068,2134,
/3/search.html,2046,2120,
/3/tutorial/errors.html,1992,2038,
/3/library/os.html,1979,2036,
/3/library/idle.html,1974,2000,
/3/library/dataclasses.html,1943,2015,
/3/tutorial/controlflow.html,1912,2006,
/3/tutorial/classes.html,1825,1884,
/3/library/multiprocessing.html,1798,1892,
/3/library/collections.html,1768,1816,
/3/library/math.html,1650,1703,
/3/library/unittest.html,1629,1701,
/3/library/json.html,1626,1660,
/3/library/itertools.html,1535,1588,
/3/library/unittest.mock.html,1533,1612,
/3/library/asyncio-task.html,1523,1599,
/3/library/enum.html,1488,1523,
/3/library/os.path.html,1431,1455,
/3/library/time.html,1364,1386,
/3/tutorial/venv.html,1309,1895,
/3/library/threading.html,1298,1345,
/3/library/sqlite3.html,1284,1351,
/3/tutorial/inputoutput.html,1284,1315,
/3/tutorial/introduction.html,1253,1280,
/3/tutorial/modules.html,1232,1264,
/3/library/concurrent.futures.html,1198,1243,
/3/library/string.html,1167,1187,
/3/library/functools.html,1166,1195,
/3/using/windows.html,1083,1107,
/3/library/xml.etree.elementtree.html,1078,1134,
/3/tutorial/interpreter.html,1068,1100,
/3/howto/logging.html,1047,1069,
/3/library/asyncio.html,1033,1047,
/3/library/pickle.html,1026,1050,
/3/reference/datamodel.html,1018,1048,
/3/glossary.html,973,984,
/3/library/socket.html,882,929,
/3/library/shutil.html,879,902,
/3/installing/index.html,878,885,
/3/howto/sorting.html,860,873,
/3/whatsnew/3.13.html,833,845,
/3/library/sys.html,829,840,
/3/library/struct.html,809,841,
/3/library/tempfile.html,808,835,
/3/library/heapq.html,793,823,
/3/library/pdb.html,783,804,
/3/using/mac.html,741,754,
/3/library/io.html,715,729,
/3/howto/regex.html,626,635,
/3/library/urllib.parse.html,622,639,
/3/library/abc.html,606,616,
/3/using/cmdline.html,597,606,
/3/py-modindex.html,592,628,
/3/library/zipfile.html,580,599,
/3/library/configparser.html,576,591,
/3/library/copy.html,561,564,
/3/library/hashlib.html,558,578,
/3/library/glob.html,555,558,
/3/library/asyncio-eventloop.html,542,555,
/3/tutorial/appetite.html,534,543,
/3/reference/expressions.html,526,535,
/3/reference/import.html,521,527,
/3/library/pprint.html,520,527,
/3/reference/compound_stmts.html,515,528,
/3/library/contextlib.html,511,515,
/3/reference/index.html,504,517,
/3/reference/lexical_analysis.html,486,500,
/3/library/queue.html,481,493,
/3/howto/argparse.html,473,482,
/uk/3/tutorial/errors.html,470,474,
/3/library/profile.html,465,484,
/zh-cn/3/tutorial/index.html,463,474,
/ja/3/library/codecs.html,444,453,
/3/library/ast.html,442,461,
/3/library/decimal.html,439,448,
/3/library/uuid.html,433,446,
/3/library/ctypes.html,420,443,
/3/library/http.server.html,405,417,
/3/license.html,405,406,
/3/library/importlib.html,391,401,
/3/library/operator.html,388,394,
