name,visitors
California,411
England,310
Tokyo,289
Maharashtra,217
Beijing,186
New York,177
Tamil Nadu,173
Guangdong,172
Telangāna,169
Karnataka,165
Moscow,165
Seoul,153
Texas,153
São Paulo,123
Virginia,117
Tel Aviv,116
Ontario,110
Delhi,106
North Holland,101
Shanghai,99
Île-de-France,97
Gyeonggi,97
Florida,94
Ho Chi Minh City,91
Bavaria,84
Zhejiang,81
North Rhine-Westphalia,79
Uttar Pradesh,79
New South Wales,78
Taipei,78
Istanbul,77
Hanoi,77
Victoria,74
Hesse,73
Saint Petersburg,73
Washington,72
West Bengal,66
Osaka,66
Shandong,65
Bangkok,65
Massachusetts,64
Jiangsu,62
Illinois,61
Mazovia,59
Georgia,58
Jakarta,57
Kyiv,57
Sichuan,56
Punjab,56
New Jersey,56
Ohio,56
Cairo,55
Gujarat,55
Baden-Württemberg,54
Metro Manila,53
Colorado,53
Buenos Aires Province,52
Lombardy,52
Madrid Autonomous Community,50
Kerala,49
Central,47
Pennsylvania,47
Quebec,46
Tashkent,46
Prague,45
Berlin,45
North Carolina,44
Lima,43
New Taipei,43
Uusimaa,42
Ciudad de Mexico,41
Maryland,41
Henan,40
Michigan,40
Catalonia,39
Hubei,38
Queensland,36
British Columbia,36
Haryana,34
Kuala Lumpur,33
Arizona,33
Minas Gerais,32
Santiago Metropolitan,32
Nairobi County,32
Rajasthan,31
Moscow Province,31
Oregon,31
Madhya Pradesh,30
Rio de Janeiro,29
Shaanxi,29
Lower Saxony,29
Kanagawa,29
Sverdlovsk,29
Saxony,28
Addis Ababa,28
Andhra Pradesh,28
Santa Catarina,27
Hebei,27
Leinster,27
Auckland,27
Lesser Poland,27
Riyadh,27
Stockholm,27
Vienna,26
Bihar,26
Sofia,25
Minsk,25
Occitanie,25
West Java,25
Western,25
Lagos,25
South Holland,25
Zürich,24
Fujian,24
Hunan,24
Andalusia,24
Auvergne-Rhône-Alpes,24
Scotland,24
Uttarākhand,24
Novosibirsk,24
Rostov,24
Dubai,23
Capital District,23
Capital Region,23
Attica,23
Incheon,23
Gauteng,23
Western Australia,22
Chongqing,22
Budapest,22
East Java,22
Jerusalem,22
Makkah,22
Greater Accra,21
Haifa,21
Amman,21
Lower Silesia,21
Krasnodar Krai,21
Tatarstan,21
Taichung,21
Iowa,21
Tennessee,21
Flanders,20
Aichi,20
Busan,20
Missouri,20
Rio Grande do Sul,19
Anhui,19
Antioquia,19
Punjab,19
Emilia-Romagna,19
Chiba,19
Riga,19
Province 3,19
Minnesota,19
Hamburg,18
Pichincha,18
Central Java,18
Hormozgan,18
Dnipropetrovshchyna,18
Connecticut,18
Dhaka Division,17
Nouvelle-Aquitaine,17
Veneto,17
Lisbon,17
Indiana,17
Utah,17
Yerevan,16
Kowloon City Kowloon,16
Baghdad,16
Phnom Penh,16
Rivers,16
Sindh,16
Nizhny Novgorod,16
Paraná,15
Liaoning,15
Tianjin,15
Provence-Alpes-Côte-d'Azur,15
Ashanti,15
Odisha,15
Almaty City,15
Selangor,15
Tunis,15
Taoyuan,15
Lvivshchyna,15
Alabama,15
South Australia,14
Ceará,14
Goiás,14
Jiangxi,14
Giza,14
Tbilisi,14
North Brabant,14
Oslo,14
Khabarovsk Krai,14
Ankara,14
Nevada,14
Bahia,13
Alberta,13
Hauts-de-France,13
Jharkhand,13
Hyogo,13
Astana,13
Ulaanbaatar,13
Lima Region,13
Islamabad,13
Washington DC,13
South Carolina,13
Abu Dhabi,12
Baku,12
Federal District,12
Pernambuco,12
San José,12
Harjumaa,12
Meknès-Tafilalet,12
Mexico State,12
Silesia,12
Beograd,12
Bashkortostan,12
Chelyabinsk,12
Samara,12
Voronezh,12
Eastern,12
Kaohsiung,12
Brittany,11
Grand-Est,11
Campania,11
Saitama,11
Guanajuato,11
Jalisco,11
Nuevo León,11
Federal Capital Territory,11
Bucharest,11
Västra Götaland,11
Louisiana,11
Amanat Al Asimah,11
Wallonia,10
Paraíba,10
Valencian Community,10
Assam,10
Lazio,10
Penang,10
Calabarzon,10
Łódź,10
Greater Poland,10
Kemerovo,10
Ulyanovsk,10
Yaroslavl,10
Hsinchu,10
Idaho,10
New Hampshire,10
Australian Capital Territory,9
Brussels,9
Vaud,9
Guizhou,9
South Moravia,9
Guayas,9
Alexandria,9
Wan Chai Hong Kong Island,9
Northern,9
Himachal Pradesh,9
Piedmont,9
Sicily,9
Chișinău,9
Doha,9
Volgograd,9
Chon Buri,9
Changhua,9
Hsinchu County,9
Nebraska,9
Western Cape,9
Guangxi,8
Shanxi,8
Zealand,8
Algiers,8
Qalyubia,8
Zagreb,8
Chandigarh,8
Hokkaido,8
Daegu,8
North Gyeongsang,8
Tabasco,8
Trøndelag,8
Panamá,8
Cluj,8
Krasnoyarsk Krai,8
Omsk,8
Perm Krai,8
Vladimir,8
Bratislava,8
Nakhon Ratchasima,8
Chiang Mai,8
Delaware,8
Kansas,8
Kentucky,8
Buenos Aires,7
Upper Austria,7
La Paz,7
Espírito Santo,7
Maranhão,7
