name,visitors,bounce_rate,visit_duration
google.com,2591,77,115
Direct / None,2031,69,204
bing.com,212,78,145
es.python.org,138,49,192
python.org,123,0,408
search.brave.com,79,83,118
chatgpt.com,73,68,348
google.es,30,65,116
duckduckgo.com,16,75,328
google.com.mx,15,67,191
classroom.google.com,14,86,53
m.baidu.com,13,92,1
campus109.unad.edu.co,12,75,29
co.search.yahoo.com,12,85,4
app.aluracursos.com,11,91,9
google.com.pe,9,56,55
mx.search.yahoo.com,8,75,125
netacad.com,8,0,340
skilio.com,7,57,139
baidu.com,6,100,0
gemini.google.com,6,100,5
copilot.microsoft.com,5,0,794
es.search.yahoo.com,5,80,17
github.com/mouredev/Hello-Python,5,33,18
google.com.ar,5,100,0
hablemospython.dev,5,0,325
statics.teams.cdn.office.net,5,100,0
wiki.python.org,5,60,159
wiki.python.org.ar,5,75,126
youtube.com,5,100,24
aulavirtual.surge.es,4,50,17
campus.exactas.uba.ar,4,25,64
edu.xunta.gal,4,100,0
google.cl,4,100,0
intranet.cftestatalaricayparinacota.cl,4,50,3077
react-app-python-runner.vercel.app,4,75,383
aulas.inacap.cl,3,33,12
campus.masterd.es,3,50,125
ecosia.org,3,100,0
translate.google.com,3,100,1
webpackage.schoology.com,3,100,0
bbbcapacitaciones.chaco.gob.ar,2,100,0
campus.inap.es,2,100,0
ceibal.schoology.com,2,100,0
codecademy.com,2,0,16
csic.adrformacion.com,2,100,0
cv.utu.edu.uy,2,100,4
doc.pl,2,50,73
docs.google.com,2,0,64
edinun.com,2,50,188
educacionadistancia.juntadeandalucia.es,2,100,0
freecodecamp.org/espanol/news/expresiones-lambda-en-python,2,50,44
freecodecamp.org/espanol/news/python-tutorial-programa-hola-mundo-tu-primer-programa-en-python,2,0,78
google.co.uk,2,0,512
google.com.co,2,50,18
google.de,2,50,401
jupyter.org,2,100,0
leer.amazon.com.mx,2,33,307
online.keepcoding.io,2,0,82
perplexity.ai,2,50,8
presencial.aulasuniminuto.edu.co,2,100,0
reddit.com,2,0,1767
sigma.mincyt.gob.ve,2,100,0
tokioschool.com,2,100,0
utnfravirtual.org.ar,2,100,0
uvirtual.udemedellin.edu.co,2,100,0
view.genially.com/67aa5ee296eac8ee51be6c14,2,50,14
academica.mx,1,100,0
academy.rocketbot.com,1,100,0
android-app://com.google.android.googlequicksearchbox,1,100,0
app.certidevs.com,1,0,9
app.simplenote.com,1,0,415
aprendepython.es,1,100,0
archive.org/details/github.com-mouredev-Hello-Python_-_2023-09-13_19-25-01,1,100,0
aula.utc.edu.mx,1,100,0
aulas.iacc.cl,1,100,0
aulasbach2425.castillalamancha.es,1,0,10
aulasvirtuales.frba.utn.edu.ar,1,100,0
aulavirtual-fpdrioja.larioja.org,1,0,1190
bloqueneon.uniandes.edu.co,1,100,0
campus.accademuniversidad.es,1,100,0
campus.uaovirtual.edu.co,1,100,0
campusvirtual.utdt.edu,1,0,0
canvas.unab.cl/courses/148853/pages/2-dot-2-%7C-semana-2-recursos-de-aprendizaje-%7C-30,1,0,282
chat.deepseek.com,1,100,0
codigofacilito.com,1,0,201
colab.research.google.com,1,100,0
cursoprofesionaldepython.club.hotmart.com,1,100,0
cursos.hilet.com,1,0,105
de.search.yahoo.com,1,100,0
devdocs.io,1,0,0
developer.mozilla.org,1,0,277
developers.google.com,1,0,391
devguide.python.org/documentation/translating,1,0,464
doc.sagemath.org,1,100,0
docs.gunicorn.org/en/stable/settings.html,1,0,11
educaciodigital.cat,1,100,0
es.python.org/aprende-python,1,100,0
escuela.pontia.tech,1,0,26
flask.palletsprojects.com/es/stable/tutorial,1,0,7
freecodecamp.org,1,100,0
freecodecamp.org/espanol/news/25-proyectos-en-python-para-principiantes,1,0,101
freecodecamp.org/espanol/news/bucle-for-en-python-ejemplo-de-for-i-en-range,1,100,0
freecodecamp.org/espanol/news/bucles-for-en-python,1,100,0
freecodecamp.org/espanol/news/metodos-de-string-de-python-explicados-con-ejemplo,1,0,2152
freecodecamp.org/espanol/news/python-como-escribir-en-un-archivo-abrir-leer-escribir-y-otras-funciones-de-archivos-explicadas,1,100,0
freecodecamp.org/espanol/news/python-ejemplos-de-codigo-tutorial-de-programacion-en-python-desde-cero-para-principiantes,1,100,0
freecodecamp.org/espanol/news/secuencias-de-escape-en-python,1,100,0
github.com,1,0,1
google.ca,1,0,1
google.com.do,1,100,0
google.com.ec,1,100,0
google.it,1,0,1655
grado.pol.una.py,1,0,15
ienvirtual.com.ar,1,0,13
ingenieria.campusvirtual.ucasal.edu.ar,1,100,0
jinja.palletsprojects.com,1,0,76
m.baidu.com/from=1001192y/bd_page_type=1/ssid=0/uid=0/pu=usm%400%2Csz%401320_1001%2Cta%40iphone_2_12.0_28_16.0/baiduid=351F7F11BEED3E8783973A85FE709758/w=0_10_/t=iphone/l=1/tc,1,100,0
m.baidu.com/from=1030335w/bd_page_type=1/ssid=0/uid=0/pu=usm%400%2Csz%401320_1001%2Cta%40iphone_2_10.0_24_114.0/baiduid=2D14E594252E9B71507693BCF3CC0ADD/w=0_10_/t=iphone/l=1/tc,1,100,0
moodle2.uptc.edu.co,1,100,0
notebooks.githubusercontent.com,1,100,0
personales.unican.es,1,100,0
posgrado-virtual.epn.edu.ec,1,100,0
pypi.org,1,0,6
qwant.com,1,100,0
r.search.yahoo.com/_ylt=AwrFct4d6Sto_gIAMvarcgx.;_ylu=Y29sbwNiZjEEcG9zAzIEdnRpZAMEc2VjA3Ny/RV=2/RE=1748917789/RO=10/RU=https%3a%2f%2fdocs.python.org%2fes%2f3%2flibrary%2ffunctions.html/RK=2/RS=GXQIK_1eCcAbt_NO6qFA38yv2F4-,1,0,827
rogueliketutorials.com,1,0,338
sanes.atlassian.net,1,100,0
savio.utb.edu.co,1,100,0
tecdigital.tec.ac.cr,1,100,0
tecno12-18.com,1,100,0
tiffinglobal.myopenlms.net,1,100,0
ttech2025.github.io,1,100,0
udla.brightspace.com,1,100,0
utelx.io,1,100,0
v3.coderhouse.com,1,100,0
view.genially.com,1,0,1396
view.genially.com/64b157a7edee960019f504c7,1,100,0
virtual.tdea.edu.co,1,100,0
ww1.aulavirtualuniversitariadecolombia.co,1,100,0
yandex.ru,1,0,65
