name,unique_entrances,total_entrances,visit_duration
/pl/3/tutorial/index.html,31,34,58
/pl/3/tutorial/datastructures.html,23,23,223
/3/,12,12,735
/pl/3/,10,10,417
/dev/using/windows.html,9,9,302
/pl/3/tutorial/interpreter.html,8,8,389
/pl/3/tutorial/venv.html,8,8,30
/pl/3/tutorial/introduction.html,6,6,2
/pl/dev/library/turtle.html,6,6,0
/3/tutorial/index.html,5,5,1124
/pl/3/library/functions.html,5,5,0
/pl/3/tutorial/appetite.html,5,5,264
/pl/3/tutorial/modules.html,5,5,0
/pl/dev/tutorial/classes.html,5,5,0
/3.13/tutorial/,4,4,183
/pl/3.14/library/functions.html,4,5,0
/pl/3/extending/extending.html,4,4,0
/pl/3/installing/index.html,4,4,111
/pl/3/tutorial/errors.html,4,4,9
/pl/3/using/cmdline.html,4,4,218
/pl/3.14/tutorial/interpreter.html,3,4,200
/pl/3.15/using/windows.html,3,3,0
/pl/3/contents.html,3,3,1372
/pl/3/library/array.html,3,3,0
/pl/3/library/index.html,3,4,88
/pl/3/tutorial/classes.html,3,3,471
/pl/3/tutorial/controlflow.html,3,3,99
/pl/3/whatsnew/3.14.html,3,3,0
/pl/dev/library/multiprocessing.html,3,3,0
/3/library/math.html,2,2,181
/3/library/random.html,2,2,58
/3/library/tkinter.html,2,2,786
/3/tutorial/appetite.html,2,2,1819
/3/tutorial/datastructures.html,2,2,1187
/pl/3.12/installing/index.html,2,2,12
/pl/3.13/library/functions.html,2,2,0
/pl/3.14/,2,2,0
/pl/3.14/library/exceptions.html,2,2,50
/pl/3.14/library/idle.html,2,2,16
/pl/3.14/library/stdtypes.html,2,2,0
/pl/3.14/reference/index.html,2,2,8
/pl/3.14/reference/introduction.html,2,2,0
/pl/3.14/tutorial/,2,3,0
/pl/3.14/tutorial/index.html,2,2,7
/pl/3/library/turtle.html,2,2,0
/pl/3/search.html,2,2,14
/pl/3/tutorial/,2,2,346
/pl/3/tutorial/floatingpoint.html,2,2,5
/pl/3/whatsnew/3.10.html,2,2,0
/pl/dev/c-api/frame.html,2,2,0
/pl/dev/c-api/unicode.html,2,2,0
/pl/dev/library/functions.html,2,2,0
/pl/dev/tutorial/datastructures.html,2,2,0
/pl/dev/tutorial/inputoutput.html,2,2,0
/3.13/library/csv.html,1,1,62
/3.13/tutorial/classes.html,1,1,558
/3.14/library/os.html,1,1,5
/3.15/whatsnew/3.14.html,1,1,151
/3/c-api/intro.html,1,1,376
/3/library/,1,1,166
/3/library/array.html,1,2,624
/3/library/dialog.html,1,1,15
/3/library/functions.html,1,1,504
/3/library/idle.html,1,1,18
/3/library/os.html,1,1,77
/3/library/statistics.html,1,1,35
/3/library/stdtypes.html,1,1,1359
/3/reference/compound_stmts.html,1,1,424
/3/reference/index.html,1,1,732
/3/tutorial/,1,1,50
/3/tutorial/classes.html,1,1,2663
/3/tutorial/controlflow.html,1,1,512
/ko/3.13/tutorial/controlflow.html,1,1,165
/ko/3.13/tutorial/index.html,1,1,249
/pl/3.12/contents.html,1,1,0
/pl/3.12/download.html,1,1,0
/pl/3.13/,1,1,0
/pl/3.13/genindex-E.html,1,1,0
/pl/3.13/genindex-G.html,1,1,0
/pl/3.13/genindex-K.html,1,1,0
/pl/3.13/genindex-M.html,1,1,0
/pl/3.13/genindex-T.html,1,1,0
/pl/3.13/glossary.html,1,1,0
/pl/3.13/howto/urllib2.html,1,1,0
/pl/3.13/index.html,1,1,0
/pl/3.13/library/argparse.html,1,1,0
/pl/3.13/library/asyncio-llapi-index.html,1,1,0
/pl/3.13/library/csv.html,1,2,422
/pl/3.13/library/fileformats.html,1,2,100
/pl/3.13/library/io.html,1,1,0
/pl/3.13/library/pathlib.html,1,1,0
/pl/3.13/library/tk.html,1,1,0
/pl/3.13/library/token.html,1,1,0
/pl/3.13/library/zipfile.html,1,1,0
/pl/3.13/py-modindex.html,1,1,0
/pl/3.13/tutorial/index.html,1,1,0
/pl/3.13/tutorial/inputoutput.html,1,1,0
/pl/3.13/tutorial/introduction.html,1,1,0
/pl/3.13/whatsnew/3.11.html,1,1,0
/pl/3.14/howto/a-conceptual-overview-of-asyncio.html,1,1,36
/pl/3.14/library/,1,1,6782
/pl/3.14/library/__future__.html,1,1,9
/pl/3.14/library/glob.html,1,1,8
/pl/3.14/library/mailbox.html,1,1,9
/pl/3.14/library/string.html,1,1,2053
/pl/3.14/reference/expressions.html,1,1,0
/pl/3.14/search.html,1,1,174
/pl/3.14/tutorial/appetite.html,1,1,808
/pl/3.14/tutorial/errors.html,1,1,0
/pl/3.14/tutorial/floatingpoint.html,1,1,13
/pl/3.15/c-api/long.html,1,1,0
/pl/3.15/faq/general.html,1,1,0
/pl/3.15/whatsnew/3.15.html,1,1,0
/pl/3/c-api/buffer.html,1,1,0
/pl/3/c-api/index.html,1,1,0
/pl/3/c-api/mapping.html,1,1,0
/pl/3/c-api/sequence.html,1,1,0
/pl/3/genindex-C.html,1,1,0
/pl/3/genindex-L.html,1,1,0
/pl/3/genindex-N.html,1,1,0
/pl/3/genindex-U.html,1,1,0
/pl/3/glossary.html,1,1,0
/pl/3/library/asyncio.html,1,1,0
/pl/3/library/cgi.html,1,1,0
/pl/3/library/datetime.html,1,1,0
/pl/3/library/email.html,1,1,31
/pl/3/library/email.policy.html,1,1,0
/pl/3/library/http.client.html,1,1,0
/pl/3/library/linecache.html,1,1,0
/pl/3/library/mailbox.html,1,1,0
/pl/3/library/os.html,1,1,0
/pl/3/library/persistence.html,1,1,0
/pl/3/library/platform.html,1,1,0
/pl/3/library/poplib.html,1,1,6
/pl/3/library/pty.html,1,1,0
/pl/3/library/queue.html,1,1,0
/pl/3/library/random.html,1,1,0
/pl/3/library/stringprep.html,1,1,0
/pl/3/library/superseded.html,1,1,0
/pl/3/library/tk.html,1,1,0
/pl/3/library/urllib.request.html,1,1,0
/pl/3/reference/datamodel.html,1,1,0
/pl/3/reference/index.html,1,1,1067
/pl/3/tutorial/inputoutput.html,1,1,1753
/pl/3/tutorial/stdlib2.html,1,1,1452
/pl/3/tutorial/whatnow.html,1,1,149
/pl/3/using/editors.html,1,1,0
/pl/3/using/index.html,1,1,37
/pl/dev/c-api/marshal.html,1,1,0
/pl/dev/extending/building.html,1,1,0
/pl/dev/extending/index.html,1,1,0
/pl/dev/genindex-S.html,1,1,0
/pl/dev/genindex-V.html,1,1,0
/pl/dev/howto/unicode.html,1,1,0
/pl/dev/library/abc.html,1,1,0
/pl/dev/library/asynchat.html,1,1,0
/pl/dev/library/asyncio-future.html,1,1,0
/pl/dev/library/copyreg.html,1,1,0
/pl/dev/library/email.policy.html,1,1,0
/pl/dev/library/errno.html,1,1,0
/pl/dev/library/exceptions.html,1,1,0
/pl/dev/library/locale.html,1,1,0
/pl/dev/library/netrc.html,1,1,0
/pl/dev/library/poplib.html,1,1,0
/pl/dev/library/select.html,1,1,0
/pl/dev/library/smtpd.html,1,1,0
/pl/dev/library/stringprep.html,1,1,0
/pl/dev/tutorial/introduction.html,1,1,0
/pl/dev/using/android.html,1,1,0
/pl/dev/whatsnew/3.6.html,1,1,0
