name,unique_entrances,total_entrances,visit_duration
/ko/3.13/library/intro.html,909,916,18
/ko/dev/c-api/marshal.html,126,126,15
/ko/3.13/library/idle.html,83,83,57
/ko/3/tutorial/index.html,56,57,97
/ko/3.13/tutorial/index.html,55,55,39
/3/,51,59,573
/ko/3/,43,45,154
/ko/3.13/library/index.html,42,44,315
/ko/3.13/library/functions.html,35,37,249
/ko/3.13/installing/index.html,33,33,3
/ko/dev/library/turtle.html,32,34,139
/ko/3.13/library/turtle.html,27,30,1084
/ko/3.13/tutorial/classes.html,27,27,97
/ko/3.13/tutorial/errors.html,27,29,14
/ko/3.13/reference/index.html,23,24,37
/ko/3/library/functions.html,21,21,785
/ko/3.13/library/stdtypes.html,19,20,200
/ko/3.13/search.html,19,22,370
/ko/3.13/library/subprocess.html,18,19,80
/ko/3.13/library/argparse.html,17,17,147
/ko/3.13/library/pathlib.html,13,13,172
/ko/3.13/library/re.html,13,14,61
/ko/3.13/howto/sorting.html,12,12,2
/ko/3/tutorial/introduction.html,11,12,20
/ko/3.13/,10,11,64
/ko/3.13/library/datetime.html,10,10,141
/ko/3.13/library/random.html,10,11,125
/ko/3.13/tutorial/datastructures.html,10,12,283
/ko/3/library/index.html,10,11,0
/ko/3/tutorial/,10,10,514
/3/library/idle.html,9,9,117
/ko/3.13/howto/regex.html,9,9,143
/ko/3.13/library/asyncio.html,9,9,29
/ko/3.13/library/collections.html,9,9,278
/ko/3.13/library/threading.html,9,9,4
/ko/3.13/tutorial/controlflow.html,9,9,5
/ko/3.13/whatsnew/index.html,9,9,0
/ko/3/library/logging.html,9,9,15
/ko/3.13/library/asyncio-task.html,8,8,244
/ko/3.13/library/json.html,8,8,0
/ko/3.13/library/math.html,8,8,3
/ko/3.13/library/pprint.html,8,8,0
/3/library/index.html,7,7,509
/ko/3.13/library/ast.html,7,7,62
/ko/3.13/library/os.path.html,7,7,75
/ko/3.13/tutorial/inputoutput.html,7,7,8
/ko/3.13/tutorial/introduction.html,7,7,0
/ko/3/extending/embedding.html,7,8,29
/ko/3/library/re.html,7,8,0
/ko/3/library/uuid.html,7,7,0
/ko/3/reference/,7,7,0
/3/tutorial/index.html,6,6,374
/ko/3.13/library/difflib.html,6,7,0
/ko/3.13/tutorial/modules.html,6,6,8
/ko/3/library/contextlib.html,6,7,0
/ko/3/search.html,6,6,98
/ko/dev/library/idle.html,6,6,11
/3/library/turtle.html,5,5,1002
/ko/3.13/library/abc.html,5,5,4
/ko/3.13/library/ctypes.html,5,5,0
/ko/3.13/library/itertools.html,5,5,0
/ko/3.13/library/multiprocessing.html,5,5,0
/ko/3.13/library/os.html,5,7,7
/ko/3.13/library/ssl.html,5,5,23
/ko/3.13/library/unittest.html,5,5,11
/ko/3.13/library/xml.etree.elementtree.html,5,5,0
/ko/3.13/library/zipfile.html,5,5,4
/ko/3.13/tutorial/appetite.html,5,5,30
/ko/3.13/tutorial/interpreter.html,5,5,8
/ko/3/glossary.html,5,5,53
/ko/3/library/configparser.html,5,5,0
/ko/3/library/venv.html,5,6,28
/ko/3/tutorial/appetite.html,5,5,68
/3/library/tkinter.html,4,4,1454
/3/library/typing.html,4,4,74
/ko/3.13/contents.html,4,4,148
/ko/3.13/howto/urllib2.html,4,4,131
/ko/3.13/library/calendar.html,4,4,0
/ko/3.13/library/exceptions.html,4,4,0
/ko/3.13/library/functools.html,4,4,32
/ko/3.13/library/heapq.html,4,4,154
/ko/3.13/library/html.parser.html,4,4,2955
/ko/3.13/library/http.client.html,4,4,52
/ko/3.13/library/pickle.html,4,4,0
/ko/3.13/library/socket.html,4,4,0
/ko/3.13/library/venv.html,4,4,27
/ko/3.13/using/windows.html,4,4,11
/ko/3/library/logging.handlers.html,4,4,65
/ko/3/library/turtle.html,4,4,0
/ko/3/tutorial/classes.html,4,4,2
/ko/3/tutorial/controlflow.html,4,4,0
/3.13/,3,3,298
/3.13/tutorial/index.html,3,3,299
/3.13/using/windows.html,3,3,409
/3/library/collections.html,3,3,295
/3/library/functions.html,3,3,409
/3/tutorial/modules.html,3,3,789
/ko/3.12/library/functions.html,3,3,0
/ko/3.13/howto/logging.html,3,3,10
/ko/3.13/library/asyncio-exceptions.html,3,3,70
/ko/3.13/library/binascii.html,3,3,0
/ko/3.13/library/concurrent.futures.html,3,3,1309
/ko/3.13/library/csv.html,3,3,0
/ko/3.13/library/dialog.html,3,3,532
/ko/3.13/library/fractions.html,3,3,871
/ko/3.13/library/html.html,3,3,0
/ko/3.13/library/inspect.html,3,3,36
/ko/3.13/library/urllib.parse.html,3,3,0
/ko/3.13/library/warnings.html,3,3,7
/ko/3.13/reference/datamodel.html,3,3,81
/ko/3.13/using/unix.html,3,3,0
/ko/3.13/whatsnew/3.13.html,3,3,0
/ko/3.13/whatsnew/3.8.html,3,3,0
/ko/3/library/asyncio-sync.html,3,3,0
/ko/3/library/asyncio-task.html,3,3,0
/ko/3/library/datetime.html,3,3,0
/ko/3/library/math.html,3,3,0
/ko/3/library/stdtypes.html,3,3,0
/ko/3/reference/datamodel.html,3,3,0
/ko/3/tutorial/datastructures.html,3,3,0
/ko/3/tutorial/interpreter.html,3,3,0
/ko/dev/library/asyncio-eventloop.html,3,3,0
/ko/dev/library/marshal.html,3,3,5
/3.13/library/threading.html,2,2,2122
/3/howto/logging.html,2,2,4
/3/library/argparse.html,2,2,22
/3/library/csv.html,2,2,110
/3/library/os.html,2,2,5294
/3/library/queue.html,2,2,12
/3/library/sqlite3.html,2,2,1760
/3/library/stdtypes.html,2,2,322
/3/library/subprocess.html,2,2,168
/3/library/xml.etree.elementtree.html,2,2,1698
/3/py-modindex.html,2,2,756
/3/tutorial/datastructures.html,2,2,30
/ko/3.12/library/stdtypes.html,2,2,974
/ko/3.13/c-api/index.html,2,2,446
/ko/3.13/c-api/init.html,2,2,34
/ko/3.13/c-api/typeobj.html,2,3,0
/ko/3.13/faq/general.html,2,2,60
/ko/3.13/glossary.html,2,2,22
/ko/3.13/howto/descriptor.html,2,2,2
/ko/3.13/library/__future__.html,2,2,0
/ko/3.13/library/asyncio-eventloop.html,2,2,3
/ko/3.13/library/asyncio-future.html,2,2,3852
/ko/3.13/library/asyncio-queue.html,2,2,0
/ko/3.13/library/codecs.html,2,2,0
/ko/3.13/library/contextvars.html,2,2,951
/ko/3.13/library/decimal.html,2,2,0
/ko/3.13/library/ensurepip.html,2,2,4
/ko/3.13/library/getopt.html,2,2,0
/ko/3.13/library/logging.html,2,2,0
/ko/3.13/library/operator.html,2,2,19
/ko/3.13/library/pdb.html,2,2,0
/ko/3.13/library/sched.html,2,2,796
/ko/3.13/library/smtplib.html,2,2,0
/ko/3.13/library/sqlite3.html,2,2,944
/ko/3.13/library/string.html,2,2,0
/ko/3.13/library/struct.html,2,3,0
/ko/3.13/library/test.html,2,2,0
/ko/3.13/library/tkinter.ttk.html,2,2,0
/ko/3.13/library/unittest.mock.html,2,3,2
/ko/3.13/library/wave.html,2,2,63
/ko/3.13/reference/compound_stmts.html,2,2,0
/ko/3.13/using/index.html,2,2,2535
/ko/3.14/tutorial/index.html,2,2,427
/ko/3/bugs.html,2,2,112
/ko/3/extending/extending.html,2,2,814
/ko/3/howto/descriptor.html,2,3,0
/ko/3/index.html,2,2,0
/ko/3/library/,2,2,0
/ko/3/library/argparse.html,2,2,416
/ko/3/library/asyncio-stream.html,2,2,0
/ko/3/library/multiprocessing.html,2,2,0
/ko/3/library/resource.html,2,2,0
/ko/3/library/socket.html,2,2,0
/ko/3/library/socketserver.html,2,2,46
/ko/3/library/tempfile.html,2,2,0
/ko/3/library/threading.html,2,2,0
/ko/3/library/tkinter.html,2,2,0
/ko/3/library/webbrowser.html,2,2,0
/ko/3/reference/lexical_analysis.html,2,2,0
/ko/dev/contents.html,2,2,0
/ko/dev/howto/sockets.html,2,2,0
/ko/dev/library/dis.html,2,2,0
/ko/dev/library/hashlib.html,2,2,0
/ko/dev/library/ipaddress.html,2,2,0
/ko/dev/library/math.html,2,2,14
/ko/dev/library/urllib.parse.html,2,2,20
/3.12/tutorial/,1,1,174
/3.12/tutorial/appetite.html,1,1,1288
/3.13/library/re.html,1,1,1409
/3.13/library/stdtypes.html,1,1,1755
/3.13/library/time.html,1,1,0
/3.13/library/xml.etree.elementtree.html,1,1,3
/3.13/tutorial/interpreter.html,1,1,196
/3.14/,1,1,129
/3/c-api/iterator.html,1,1,120
/3/c-api/monitoring.html,1,1,57
/3/faq/,1,1,60
/3/howto/logging-cookbook.html,1,1,83
/3/howto/sorting.html,1,1,774
/3/index.html,1,1,24
/3/installing/index.html,1,1,0
/3/library/asyncio-runner.html,1,1,3
/3/library/asyncio-task.html,1,1,0
/3/library/asyncio.html,1,1,533
/3/library/configparser.html,1,1,92
/3/library/constants.html,1,1,141
/3/library/dataclasses.html,1,1,0
/3/library/dis.html,1,1,0
/3/library/enum.html,1,1,490
/3/library/gc.html,1,1,3
/3/library/heapq.html,1,1,492
/3/library/html.parser.html,1,1,33
/3/library/logging.html,1,1,4182
/3/library/pathlib.html,1,1,8968
/3/library/pydoc.html,1,1,8
/3/library/random.html,1,1,2
/3/library/re.html,1,1,537
/3/library/signal.html,1,1,0
/3/library/smtpd.html,1,1,27
/3/library/socket.html,1,1,0
/3/library/tempfile.html,1,1,47
/3/library/urllib.parse.html,1,1,122
/3/library/uuid.html,1,1,0
/3/reference/,1,1,51
/3/reference/compound_stmts.html,1,1,0
/3/search.html,1,1,194
/3/tutorial/controlflow.html,1,1,1920
/3/tutorial/introduction.html,1,1,19
/3/using/windows.html,1,1,0
/3/whatsnew/3.12.html,1,1,176
/3/whatsnew/3.13.html,1,1,180
/3/whatsnew/index.html,1,1,29
/es/3.13/library/index.html,1,1,410
/es/3.13/tutorial/index.html,1,1,577
/ja/3.13/contents.html,1,1,21
/ja/3.13/library/calendar.html,1,1,1404
/ja/3.13/tutorial/index.html,1,1,381
/ja/3.13/tutorial/interpreter.html,1,1,247
/ja/3/library/turtle.html,1,1,2877
/ko/3.12/c-api/dict.html,1,1,0
/ko/3.12/howto/unicode.html,1,2,0
/ko/3.12/library/asyncio-runner.html,1,1,0
/ko/3.12/library/chunk.html,1,1,0
/ko/3.12/library/datetime.html,1,1,0
/ko/3.12/library/index.html,1,1,79
/ko/3.12/library/sqlite3.html,1,1,0
/ko/3.12/library/superseded.html,1,1,0
/ko/3.12/library/threading.html,1,1,0
/ko/3.12/library/tkinter.html,1,1,0
/ko/3.12/library/typing.html,1,1,0
/ko/3.12/library/urllib.html,1,1,11
/ko/3.12/library/venv.html,1,1,495
/ko/3.12/library/warnings.html,1,1,0
/ko/3.12/library/winsound.html,1,1,0
/ko/3.12/reference/datamodel.html,1,1,751
/ko/3.12/search.html,1,1,2302
/ko/3.12/tutorial/,1,1,104
/ko/3.12/tutorial/datastructures.html,1,1,0
/ko/3.12/tutorial/venv.html,1,1,0
/ko/3.12/using/windows.html,1,1,0
/ko/3.13/c-api/buffer.html,1,1,0
/ko/3.13/c-api/concrete.html,1,1,796
/ko/3.13/c-api/exceptions.html,1,1,0
/ko/3.13/c-api/gcsupport.html,1,1,0
/ko/3.13/c-api/iterator.html,1,1,155
/ko/3.13/c-api/list.html,1,1,0
/ko/3.13/c-api/memory.html,1,1,530
/ko/3.13/copyright.html,1,1,425
/ko/3.13/extending/embedding.html,1,1,17
/ko/3.13/faq/,1,1,6
/ko/3.13/howto/functional.html,1,1,0
/ko/3.13/howto/index.html,1,1,11
/ko/3.13/howto/ipaddress.html,1,1,0
/ko/3.13/howto/logging-cookbook.html,1,1,47
/ko/3.13/howto/unicode.html,1,1,0
/ko/3.13/library/_thread.html,1,1,0
/ko/3.13/library/array.html,1,1,0
/ko/3.13/library/asyncio-dev.html,1,1,0
/ko/3.13/library/asyncio-runner.html,1,1,0
/ko/3.13/library/asyncio-sync.html,1,1,5
/ko/3.13/library/base64.html,1,1,78
/ko/3.13/library/binary.html,1,1,0
/ko/3.13/library/constants.html,1,1,1
/ko/3.13/library/copy.html,1,1,0
/ko/3.13/library/curses.html,1,1,0
/ko/3.13/library/development.html,1,1,2
/ko/3.13/library/dis.html,1,1,0
/ko/3.13/library/email.examples.html,1,1,0
/ko/3.13/library/errno.html,1,1,0
/ko/3.13/library/glob.html,1,1,0
/ko/3.13/library/http.server.html,1,1,0
/ko/3.13/library/imaplib.html,1,1,0
/ko/3.13/library/io.html,1,1,0
/ko/3.13/library/keyword.html,1,1,0
/ko/3.13/library/mimetypes.html,1,1,57
/ko/3.13/library/modulefinder.html,1,1,0
/ko/3.13/library/numeric.html,1,1,131
