name,visitors,bounce_rate,visit_duration
Direct / None,6783,69,204
Google,1307,82,169
Bing,1193,73,137
Baidu,1029,79,84
python.org,189,0,481
codecademy.cn,120,56,183
link.zhihu.com,69,69,127
link.csdn.net,46,75,114
doubao.com,45,50,249
chatgpt.com,23,82,208
runoob.com,15,57,242
360.cn,13,90,20
python.p2hp.com,13,0,554
yuanbao.tencent.com,11,80,302
chat.baidu.com,9,56,175
codernav.com,6,33,608
GitHub,5,100,383
Twitter,5,75,343
blog.csdn.net,5,50,504
codemao.yuque.com,5,60,385
fastapi.tiangolo.com,5,80,259
link.juejin.cn,5,25,500
notebooks.githubusercontent.com,5,20,440
opencsg.com,5,40,33
yuque.com,5,80,121
baike.baidu.com,4,75,4
oi-wiki.org,4,50,98
tongyi.com,4,100,51
aisearch.sogou.com,3,0,68
cnblogs.com,3,0,242
ecoflow.feishu.cn,3,67,11
ntp.msn.cn,3,50,1189
t6ixa9nyl6.jiandaoyun.com,3,100,0
tjxj.github.io,3,100,0
Ecosia,2,100,0
bidianer.com,2,0,174
bytedance.larkoffice.com,2,50,236
csdiy.wiki,2,0,70
docs.scrapy.org,2,0,890
f3a55f3fe7b94670b76c7852de845f61.ap-shanghai.cloudstudio.club,2,50,0
itnan.cc,2,100,0
liaoxuefeng.com,2,0,15
llm-gpt.shiyak-office.com,2,0,115
office-cn-shanghai.imm.aliyuncs.com,2,50,12
oi.wiki,2,0,997
web.shanbay.com,2,100,0
wenxiaobai.com,2,100,0
wiki.sipeed.com,2,100,0
3ms.huawei.com,1,100,0
52pojie.cn,1,0,126
Brave,1,0,0
Shenma,1,100,0
acwing.com,1,100,0
ai.gpt86.top,1,0,4
allaboutdataanalysis.medium.com,1,0,197
askmany.cn,1,100,0
blog.51cto.com,1,0,23
cainiaojc.com,1,0,0
ccw.site,1,100,0
cd.xrnm.xyz,1,100,0
chat18.aichatosrg.com,1,0,102
claude.ai,1,0,153
cloudladder.feishu.cn,1,100,0
code.visualstudio.com,1,0,212
codecademy.com,1,0,57
codedex.io,1,0,47
codenews.cc,1,0,1130
college.yingdao.com,1,0,33
confluence.cec.lab.emc.com,1,100,0
console.his.huawei.com,1,0,21
convert.guru,1,0,0
copilot.microsoft.com,1,0,232
data-llm-webui-server.bitget.tools,1,100,0
developer.aliyun.com,1,0,21
developer.mozilla.org,1,0,9
discuss.python.org,1,0,0
doc.renpy.cn,1,0,44
docs.pytest.org,1,0,150
es.python.org,1,0,9
flask.palletsprojects.com,1,0,100
freecodecamp.org,1,0,10
gf.qytechs.cn,1,0,9
graia.readthedocs.io,1,100,0
handbook.monash.edu,1,0,3
hr.huawei.com,1,100,0
huggingface.co,1,0,13
i.zte.com.cn,1,100,0
idealab.alibaba-inc.com,1,0,93
iiiiiiiiiiiiiiiiiiiiiiiiiiiiiiiiiiiiiiiiiiiiiiiii.iiiiiiiiiiiiiiiiiiiiiiiiiiiiiiiiiiiiiiiiii.in,1,0,10
jarvis.learnings.ai,1,100,0
jianshu.com,1,0,0
knowledge.aisna.com,1,100,0
libcst.readthedocs.io,1,0,0
mlx.sankuai.com,1,100,0
mp.csdn.net,1,0,289
note.youdao.com,1,0,109
numpy.org,1,0,14
pandas.pydata.org,1,0,1699
pintree-mu-pearl.vercel.app,1,0,19
playwright.nodejs.cn,1,0,5
pvylxlho4u.feishu.cn,1,100,0
pytest-mock.readthedocs.io,1,0,21
python-docs-translations.github.io,1,100,0
python-parallel-programmning-cookbook.readthedocs.io,1,0,0
python.byted.org,1,100,0
python3-cookbook.readthedocs.io,1,0,0
quark.cn,1,100,0
s.duoyioa.com,1,100,0
spiderbox.cn,1,0,85
sxww.run,1,100,0
tapgpt.tap4fun.com,1,100,0
tutorial.helloflask.com,1,100,0
websockets.readthedocs.io,1,0,2965
wiki.hcmcloud.cn,1,0,501
wiki.python.org,1,0,468
wolai.com,1,100,0
workspace-proxy-candy-maliva-tce.byted.org,1,0,49
yuque.antfin.com,1,100,0
zhihu.com,1,0,3981
