name,visitors,pageviews,bounce_rate,time_on_page,scroll_depth
/en/latest/tutorials/installing-packages/,7108,7880,80,48,41
/en/latest/tutorials/packaging-projects/,1439,1515,79,81,55
/en/latest/guides/writing-pyproject-toml/,1373,1479,79,62,53
/en/latest/guides/installing-using-pip-and-virtual-environments/,1291,1372,89,54,49
/en/latest/guides/tool-recommendations/,1191,1297,75,28,61
/en/latest/key_projects/,636,600,47,26,43
/en/latest/,598,654,63,24,79
/en/latest/glossary/,594,577,58,44,62
/en/latest/guides/distributing-packages-using-setuptools/,331,341,67,46,58
/en/latest/overview/,326,317,63,68,52
/en/latest/tutorials/managing-dependencies/,211,195,68,39,77
/en/latest/guides/section-install/,199,189,44,11,100
/en/latest/guides/installing-using-linux-tools/,195,175,72,31,72
/en/latest/tutorials/,190,185,23,8,100
/en/latest/flow/,180,171,57,90,67
/en/latest/guides/,171,156,28,25,89
/en/latest/discussions/src-layout-vs-flat-layout/,149,160,83,50,82
/en/latest/guides/packaging-namespace-packages/,129,118,79,75,57
/en/latest/search/,129,153,53,26,72
/en/latest/specifications/pyproject-toml/,126,127,77,52,50
/en/latest/specifications/dependency-specifiers/,122,112,84,34,47
/en/latest/specifications/version-specifiers/,119,118,82,71,50
/en/latest/guides/section-build-and-publish/,103,101,45,8,99
/en/latest/guides/installing-stand-alone-command-line-tools/,102,87,65,42,73
/en/latest/guides/installing-using-virtualenv/,82,76,50,13,99
/en/latest/specifications/,82,86,39,10,82
/en/latest/discussions/versioning/,73,74,85,42,70
/en/latest/specifications/entry-points/,73,72,87,88,63
/en/latest/guides/hosting-your-own-index/,71,72,68,33,87
/en/latest/guides/creating-command-line-tools/,69,69,69,67,81
/en/latest/guides/modernize-setup-py-project/,69,70,55,99,69
/en/latest/specifications/pypirc/,67,72,73,65,70
/en/latest/discussions/setup-py-deprecated/,64,64,78,71,60
/en/latest/guides/creating-and-discovering-plugins/,58,58,82,52,66
/en/latest/guides/using-testpypi/,56,49,67,106,75
/en/latest/guides/packaging-binary-extensions/,54,49,64,49,50
/en/latest/guides/installing-scientific-packages/,52,53,65,26,72
/en/latest/specifications/core-metadata/,51,49,71,21,48
/en/latest/discussions/package-formats/,47,41,85,48,63
/en/latest/guides/publishing-package-distribution-releases-using-github-actions-ci-cd-workflows/,46,46,79,30,66
/en/latest/guides/analyzing-pypi-package-downloads/,45,43,67,21,57
/en/latest/discussions/distribution-package-vs-import-package/,42,37,80,36,73
/en/latest/specifications/dependency-groups/,42,45,75,53,57
/en/latest/specifications/inline-script-metadata/,42,47,93,31,55
/en/latest/discussions/,37,38,14,8,100
/en/latest/specifications/binary-distribution-format/,37,35,70,48,50
/en/latest/discussions/install-requires-vs-requirements/,36,35,84,42,79
/en/latest/specifications/platform-compatibility-tags/,36,35,83,64,39
/en/latest/discussions/pip-vs-easy-install/,35,36,50,50,80
/en/latest/guides/dropping-older-python-versions/,35,28,60,16,67
/en/latest/specifications/pylock-toml/,35,33,84,23,29
/en/latest/discussions/single-source-version/,33,37,50,223,92
/en/latest/guides/making-a-pypi-friendly-readme/,31,31,80,42,89
/en/latest/guides/using-manifest-in/,31,31,52,5,100
/en/latest/specifications/name-normalization/,29,32,81,33,92
/en/latest/specifications/simple-repository-api/,29,27,83,29,24
/en/latest/discussions/deploying-python-applications/,28,29,64,36,84
/en/latest/specifications/externally-managed-environments/,27,28,81,50,49
/en/latest/guides/licensing-examples-and-user-scenarios/,24,22,76,21,56
/en/latest/guides/index-mirrors-and-caches/,23,21,93,60,89
/en/latest/specifications/source-distribution-format/,21,17,82,23,69
/en/latest/specifications/section-distribution-metadata/,15,16,0,6,100
/en/latest/support/,15,13,100,6,100
/en/latest/specifications/license-expression/,14,14,67,16,90
/en/latest/specifications/recording-installed-packages/,14,17,75,57,54
/en/latest/guides/section-hosting/,13,10,0,4,100
/en/latest/contribute/,11,11,0,12,42
/en/latest/specifications/schemas/,11,8,0,5,100
/en/latest/news/,10,11,100,10,34
/en/latest/guides/migrating-to-pypi-org/,7,7,80,16,62
/en/latest/specifications/direct-url/,7,6,100,3,43
/en/latest/specifications/glob-patterns/,7,7,100,7,54
/en/latest/specifications/section-reproducible-environments/,7,8,0,5,100
/en/latest/specifications/build-details/,6,3,100,55,100
/en/latest/specifications/index-hosted-attestations/,6,4,100,10,38
/en/latest/specifications/section-installation-metadata/,6,4,100,8,100
/en/latest/specifications/section-package-indices/,6,10,50,9,100
/en/latest/specifications/section-distribution-formats/,5,4,0,7,100
/en/latest/specifications/well-known-project-urls/,5,3,100,38,80
/en/latest/specifications/direct-url-data-structure/,4,3,0,4,13
/en/latest/specifications/project-status-markers/,4,4,100,5,66
/en/latest/specifications/virtual-environments/,4,3,100,13,70
/en/latest/guides/supporting-multiple-python-versions/,3,4,100,58,100
/en/latest/specifications/file-yanking/,3,2,100,13,57
/en/latest/guides/multi-version-installs/,2,2,100,86,100
/en/latest/guides/single-sourcing-package-version/,2,2,0,1,100
/en/latest/specifications/section-python-description-formats/,2,2,0,4,100
/en/latest/discussions/downstream-packaging/,1,1,0,5,10
/en/latest/genindex/,1,2,0,26,27
/en/latest/specifications/build-details/v1.0/,1,1,0,,
