name,visitors,bounce_rate,visit_duration
Google,1130,79,141
Direct / None,798,67,217
Bing,117,80,109
python.org,49,0,540
Brave,37,85,41
chatgpt.com,20,60,106
cursos.alura.com.br,20,83,244
Yahoo!,18,76,20
udemy.com,12,100,1
DuckDuckGo,7,50,168
web.dio.me,5,80,19
techguide.sh,4,100,0
GitHub,3,67,64
cs50.harvard.edu,3,0,2452
educacaoprofissional.educacao.sp.gov.br,3,100,0
pucminas.instructure.com,3,100,0
trilhaaprendizagem.uniasselvi.com.br,3,100,0
Baidu,2,100,0
Reddit,2,0,57
copilot.microsoft.com,2,50,5
moodle.farroupilha.ifrs.edu.br,2,100,0
netacad.com,2,100,0
nubank.atlassian.net,2,100,0
pedronoia.pt,2,50,461
pythoninsider.blogspot.com,2,0,252
sigaa.ufrr.br,2,100,0
Ecosia,1,0,1758
Microsoft Teams,1,100,0
Perplexity,1,100,0
Twitter,1,0,33
Yandex,1,100,0
alura.com.br,1,0,278
boot.dev,1,0,2978
cdn.evg.gov.br,1,0,503
confluence.santanderbr.corp,1,0,1648
conteudo.colaboraread.com.br,1,100,0
docs-python-org.translate.goog,1,0,5
docs.dados.rio,1,100,0
ead.educacao.pe.gov.br,1,100,0
ead.secitecjp.com.br,1,0,13
elearning.inovagaia.pt,1,100,0
gstatic.com,1,0,5
hub.asimov.academy,1,100,0
moodle.univassouras.edu.br,1,100,0
notion.so,1,100,0
portalvirtual.unisc.br,1,100,0
powermensagens.com,1,100,0
presencial.moodle.ufsc.br,1,0,16
professor.alessander.com,1,0,997
python.fei.edu.br,1,0,0
python.org.br,1,100,0
recursosdidaticos.senai.br,1,100,0
sigmoidal.memberkit.com.br,1,0,56
skf.udemy.com,1,0,1008
strftime.org,1,0,1023
tecconcursos.com.br,1,100,0
vnpeyeva.manus.space,1,100,0
