name,visitors,pageviews,bounce_rate,time_on_page,scroll_depth
/3.12/,691,882,65,19,78
/3.12/tutorial/index.html,366,404,72,31,44
/3.12/whatsnew/3.12.html,311,327,82,31,17
/3.12/using/windows.html,273,308,78,28,18
/3.12/library/stdtypes.html,236,268,80,86,46
/3.12/search.html,225,335,35,14,48
/3.12/library/functions.html,220,256,83,49,54
/3.12/library/index.html,166,175,42,17,38
/3.12/index.html,164,163,55,14,76
/3.12/library/typing.html,124,125,73,57,36
/3.12/library/,120,128,61,10,28
/3.12/tutorial/,102,108,60,35,59
/3.12/library/datetime.html,85,82,77,50,44
/3.12/tutorial/controlflow.html,72,91,82,1022,45
/zh-cn/3.12/,71,84,41,31,80
/3.12/tutorial/appetite.html,66,54,46,65,86
/3.12/tutorial/introduction.html,65,58,77,177,48
/3.12/tutorial/interpreter.html,64,56,79,137,74
/zh-cn/3.12/tutorial/index.html,60,71,39,30,52
/3.12/library/2to3.html,57,58,92,38,34
/3.12/library/os.html,57,53,76,50,35
/3.12/glossary.html,55,65,56,209,45
/3.12/library/telnetlib.html,54,60,71,42,88
/3.12/library/exceptions.html,53,52,89,27,45
/3.12/py-modindex.html,52,61,43,21,49
/3.12/reference/datamodel.html,52,45,80,236,53
/3.12/library/pathlib.html,49,50,81,47,58
/3.12/library/subprocess.html,48,50,76,39,32
/zh-cn/3.12/library/index.html,47,46,76,16,44
/3.12/installing/index.html,45,38,73,17,70
/3.12/library/string.html,44,51,60,38,35
/3.12/contents.html,41,45,75,40,20
/3.12/library/random.html,41,38,89,41,40
/3.12/library/tkinter.html,41,44,71,42,43
/3.12/download.html,40,45,46,23,85
/3.12/reference/index.html,39,43,22,27,68
/3.12/tutorial/datastructures.html,38,41,47,72,59
/3.12/library/logging.html,37,35,71,25,58
/zh-cn/3.12/search.html,37,45,38,17,30
/3.12/library/argparse.html,35,35,79,107,35
/3.12/library/os.path.html,35,35,81,29,70
/3.12/library/collections.html,34,32,67,76,22
/3.12/library/itertools.html,34,32,88,58,32
/3.12/library/re.html,34,31,83,155,51
/3.12/library/json.html,32,30,89,37,31
/zh-cn/3.12/index.html,32,45,42,11,83
/es/3.12/tutorial/index.html,31,38,61,43,55
/3.12/library/asyncio-task.html,30,27,86,48,51
/3.12/library/multiprocessing.html,28,26,67,141,32
/3.12/library/functools.html,27,29,79,135,35
/zh-cn/3.12/reference/index.html,27,26,45,14,83
/3.12/library/asyncio.html,26,31,50,22,76
/3.12/library/time.html,25,24,82,25,36
/3.12/reference/compound_stmts.html,25,24,67,25,34
/zh-cn/3.12/library/stdtypes.html,25,23,90,30,24
/3.12/library/threading.html,24,22,93,31,42
/3.12/library/dataclasses.html,23,24,100,39,64
/3.12/library/math.html,22,24,78,33,53
/3.12/tutorial/inputoutput.html,22,25,100,29,61
/ja/3.12/library/functions.html,22,21,56,73,42
/zh-cn/3.12/using/mac.html,22,21,58,41,56
/3.12/genindex.html,21,21,0,4,98
/3.12/library/csv.html,21,21,73,53,55
/3.12/library/tempfile.html,21,17,100,51,47
/3.12/using/index.html,21,17,33,14,58
/3.12/library/collections.abc.html,20,24,43,160,66
/3.12/library/concurrent.futures.html,20,18,70,166,60
/3.12/library/tkinter.ttk.html,20,25,95,20,23
/3.12/tutorial/classes.html,20,23,78,163,59
/3.12/library/io.html,19,13,80,34,73
/3.12/library/shutil.html,19,18,43,62,47
/3.12/library/sys.html,19,15,100,26,40
/zh-cn/3.12/tutorial/controlflow.html,19,21,57,325,47
/3.12/howto/index.html,18,16,100,12,85
/3.12/library/enum.html,18,16,71,127,55
/3.12/reference/simple_stmts.html,18,15,50,31,66
/zh-cn/3.12/library/functions.html,18,24,78,61,48
/zh-cn/3.12/library/multiprocessing.html,18,21,67,90,25
/zh-cn/3.12/using/index.html,18,16,86,33,59
/zh-cn/3.12/using/windows.html,18,18,90,44,44
/3.12/reference/lexical_analysis.html,17,18,40,87,73
/ja/3.12/,17,18,20,9,77
/ja/3.12/library/index.html,17,30,33,14,45
/3.12/library/constants.html,16,17,75,13,83
/3.12/library/urllib.parse.html,16,16,80,155,73
/3.12/tutorial/modules.html,16,17,100,27,57
/zh-cn/3.12/whatsnew/3.12.html,16,14,62,25,15
/3.12/library/sqlite3.html,15,15,67,198,52
/3.12/library/struct.html,15,15,64,101,51
/3.12/reference/expressions.html,15,14,50,24,71
/3.12/using/cmdline.html,15,13,40,52,42
/3.12/whatsnew/changelog.html,15,17,89,12,10
/3.12/whatsnew/index.html,15,17,100,8,8
/es/3.12/tutorial/classes.html,15,18,86,157,58
/ja/3.12/index.html,15,19,62,11,84
/ja/3.12/search.html,15,41,25,30,60
/zh-cn/3.12/py-modindex.html,15,12,0,11,46
/zh-cn/3.12/tutorial/introduction.html,15,15,67,56,61
/zh-cn/3.12/contents.html,14,18,40,36,24
/zh-cn/3.12/glossary.html,14,14,25,84,33
