name,visitors,pageviews,bounce_rate,time_on_page
/zh-tw/3.13/tutorial/index.html,143,187,44,71.54807692307692
/zh-tw/3.13/installing/index.html,75,81,86,514.0909090909091
/zh-tw/3/tutorial/index.html,64,83,66,194.0
/zh-tw/3.13/library/venv.html,55,63,85,509.14285714285717
/zh-tw/3.13/tutorial/interpreter.html,49,65,89,243.44827586206895
/zh-tw/3.13/tutorial/classes.html,47,61,87,517.5454545454545
/zh-tw/3.13/library/random.html,45,49,86,167.0
/zh-tw/3.13/tutorial/introduction.html,44,56,90,210.5
/zh-tw/3.13/tutorial/appetite.html,40,44,50,232.7741935483871
/zh-tw/3.13/tutorial/errors.html,35,38,81,393.625
/zh-tw/3.13/howto/sorting.html,34,44,72,264.8
/zh-tw/3.13/tutorial/modules.html,33,35,78,252.78571428571428
/zh-tw/3.13/library/json.html,32,38,91,484.0
/zh-tw/3.13/tutorial/datastructures.html,32,42,73,245.07692307692307
/zh-tw/3.13/library/collections.html,31,35,88,369.4
/zh-tw/3.13/using/mac.html,31,33,93,359.0
/zh-tw/3.13/,30,38,22,18.551724137931036
/zh-tw/3.13/tutorial/controlflow.html,30,38,75,250.625
/zh-tw/3.13/library/os.path.html,29,33,72,474.6666666666667
/zh-tw/3/faq/windows.html,28,32,97,519.0
/zh-tw/3.13/tutorial/inputoutput.html,27,29,58,299.6666666666667
/zh-tw/3.13/library/heapq.html,26,32,68,277.6
/zh-tw/3/tutorial/interpreter.html,25,34,100,234.88888888888889
/zh-tw/dev/library/os.path.html,24,27,89,130.75
/zh-tw/3.13/tutorial/venv.html,23,28,82,275.2
/zh-tw/3/library/concurrent.futures.html,23,27,86,797.0
/zh-tw/3/tutorial/appetite.html,23,28,22,214.33333333333334
/zh-tw/3.13/library/pathlib.html,22,27,75,313.8
/zh-tw/3/library/index.html,22,23,46,98.38461538461539
/zh-tw/3/tutorial/introduction.html,21,24,92,169.5
/zh-tw/3.12/library/custominterp.html,19,19,84,9.666666666666666
/zh-tw/3.13/library/index.html,18,25,40,28.42105263157895
/zh-tw/3.13/tutorial/floatingpoint.html,18,20,93,347.6
/zh-tw/3.13/library/functions.html,17,18,75,170.2
/zh-tw/3.13/library/__main__.html,16,16,100,218.0
/zh-tw/3.13/library/csv.html,15,21,67,883.5
/zh-tw/3.13/library/string.html,15,17,77,445.4
/zh-tw/3.13/library/typing.html,15,17,77,212.66666666666666
/zh-tw/3.13/library/stdtypes.html,14,19,33,499.8888888888889
/zh-tw/3/howto/argparse.html,14,15,64,291.1666666666667
/zh-tw/3.13/library/queue.html,12,12,90,394.3333333333333
/zh-tw/3/library/functions.html,12,15,22,221.11111111111111
/zh-tw/3.13/glossary.html,11,13,25,82.0909090909091
/zh-tw/3.13/howto/sockets.html,11,11,67,168.66666666666666
/zh-tw/3.13/library/time.html,11,12,89,837.3333333333334
/zh-tw/3/library/functools.html,11,12,73,70.66666666666667
/zh-tw/3.13/library/unittest.html,10,15,82,695.0
/zh-tw/3.13/library/urllib.request.html,10,12,62,604.6666666666666
/zh-tw/3.13/search.html,10,15,33,20.0
/zh-tw/3.13/tutorial/stdlib.html,10,13,0,50.27272727272727
/zh-tw/3.13/whatsnew/index.html,10,10,29,300.42857142857144
/zh-tw/3/,10,10,75,16.0
/zh-tw/3/tutorial/datastructures.html,10,10,100,
/zh-tw/3.13/tutorial/,9,12,100,11.142857142857142
/zh-tw/3/glossary.html,9,11,57,430.3333333333333
/zh-tw/3/library/pickle.html,9,12,80,139.33333333333334
/zh-tw/3/reference/import.html,9,9,100,
/zh-tw/3/tutorial/controlflow.html,9,10,80,252.5
/zh-tw/3.13/index.html,8,11,0,130.44444444444446
/zh-tw/3.13/tutorial/appendix.html,8,9,0,46.75
/zh-tw/3/library/math.html,8,8,67,743.75
/zh-tw/3/library/stdtypes.html,8,12,100,111.25
/zh-tw/3/tutorial/classes.html,8,9,67,233.5
/zh-tw/3.12/library/venv.html,7,7,83,64.0
/zh-tw/3.13/library/array.html,7,7,100,4.0
/zh-tw/3.13/library/operator.html,7,9,100,
/zh-tw/3/library/signal.html,7,8,43,249.66666666666666
/zh-tw/3/library/threading.html,7,7,67,298.0
/zh-tw/3.12/using/mac.html,6,6,80,173.5
/zh-tw/3.13/contents.html,6,6,0,69.8
/zh-tw/3.13/faq/installed.html,6,6,83,907.0
/zh-tw/3.13/library/asyncio.html,6,6,67,682.5
/zh-tw/3.13/library/bisect.html,6,7,80,
/zh-tw/3.13/library/copy.html,6,6,100,
/zh-tw/3.13/reference/index.html,6,7,0,42.0
/zh-tw/3.13/whatsnew/3.13.html,6,9,0,56.0
/zh-tw/3/library/random.html,6,6,100,256.0
/zh-tw/3/library/unittest.html,6,6,83,234.0
/zh-tw/3/library/unittest.mock-examples.html,6,10,40,765.25
/zh-tw/3/library/uuid.html,6,6,83,206.0
/zh-tw/dev/library/csv.html,6,7,100,
/zh-tw/3.12/whatsnew/3.12.html,5,5,0,35.0
/zh-tw/3.13/download.html,5,6,0,59.666666666666664
/zh-tw/3.13/library/exceptions.html,5,7,75,
/zh-tw/3.13/library/glob.html,5,5,100,
/zh-tw/3.13/library/html.parser.html,5,5,100,1055.0
/zh-tw/3.13/tutorial/whatnow.html,5,6,0,15.4
/zh-tw/3/installing/index.html,5,5,100,463.5
/zh-tw/3/search.html,5,10,100,145.33333333333334
/zh-tw/3/tutorial/modules.html,5,5,67,137.0
/zh-tw/3.12/contents.html,4,4,100,
/zh-tw/3.12/index.html,4,5,100,37.0
/zh-tw/3.12/tutorial/interpreter.html,4,6,100,167.6
/zh-tw/3.13/faq/general.html,4,5,33,35.0
/zh-tw/3.13/howto/annotations.html,4,4,75,183.0
/zh-tw/3.13/library/ast.html,4,4,75,23.0
/zh-tw/3.13/library/ftplib.html,4,5,100,434.5
/zh-tw/3.13/library/gc.html,4,4,100,
/zh-tw/3.13/library/getpass.html,4,6,100,
/zh-tw/3.13/library/io.html,4,5,0,146.5
