name,visitors
England,859
California,827
New York,427
Texas,360
Virginia,313
Île-de-France,310
Maharashtra,305
Ontario,301
Illinois,294
Karnataka,274
Washington,248
Tokyo,240
Bavaria,224
São Paulo,221
Hesse,218
Tamil Nadu,217
North Rhine-Westphalia,212
Telangāna,192
North Holland,183
Florida,175
Baden-Württemberg,153
Massachusetts,151
Maryland,146
New South Wales,141
Georgia,139
Delhi,137
Moscow,135
Lombardy,134
Guangdong,130
Colorado,128
Mazovia,127
Seoul,121
Quebec,119
Victoria,113
New Jersey,113
Oregon,110
Zürich,104
Beijing,104
North Carolina,103
Ohio,101
Madrid Autonomous Community,100
Stockholm,99
Pennsylvania,95
Vienna,94
Uttar Pradesh,92
Shanghai,90
British Columbia,89
Michigan,89
Minnesota,80
Berlin,79
Arizona,79
Tel Aviv,75
Rio de Janeiro,74
Capital District,74
Istanbul,73
South Holland,72
Uusimaa,71
Ciudad de Mexico,69
Minas Gerais,68
Hanoi,67
Ho Chi Minh City,67
Buenos Aires Province,65
Leinster,65
Gujarat,64
Taipei,64
Catalonia,63
Gauteng,62
Bangkok,61
Provence-Alpes-Côte-d'Azur,60
West Bengal,60
Prague,59
Gyeonggi,59
Santiago Metropolitan,58
Metro Manila,58
Lower Saxony,57
Jakarta,56
South Carolina,56
Punjab,55
Lazio,54
Kerala,53
Capital Region,51
Saint Petersburg,50
Saxony,49
Tennessee,49
Flanders,48
Brussels,47
Jiangsu,47
Budapest,47
Missouri,47
Bucharest,46
Western Cape,46
Kyiv,42
Utah,42
Indiana,41
Wisconsin,41
Nairobi County,40
Oslo,40
Queensland,39
Attica,39
Lisbon,39
Lima,38
Paraná,37
West Java,37
Washington DC,37
New Mexico,36
Dubai,35
Western,35
Sichuan,34
Connecticut,34
Alberta,33
Zhejiang,33
Hamburg,33
Valencian Community,33
North Brabant,33
Lesser Poland,33
Cairo,32
Grand-Est,32
Osaka,32
Västra Götaland,32
Occitanie,31
Scotland,31
Haryana,31
Western Australia,30
Auckland,30
Lower Silesia,30
Ankara,30
Amazonas,29
Greater Accra,29
Mexico State,29
Selangor,29
Kuala Lumpur,29
Sindh,29
Santa Catarina,28
Rajasthan,28
Antioquia,27
Rhineland-Palatinate,27
Andalusia,27
Auvergne-Rhône-Alpes,27
Central,27
Madhya Pradesh,27
Iowa,27
Sofia,26
Rio Grande do Sul,26
Andhra Pradesh,26
Beograd,26
Riyadh,26
Nevada,26
Kanagawa,25
Silesia,25
New Taipei,25
Wallonia,24
Hormozgan,24
Emilia-Romagna,24
Riga,24
Alabama,24
Tashkent,24
Federal District,23
Veneto,23
Campania,23
Province 3,23
Henan,22
Gelderland,22
Porto,22
Taichung,22
Calabarzon,21
Taoyuan,21
Dhaka Division,20
Schleswig-Holstein,20
Louisiana,20
Hubei,19
Addis Ababa,19
Central Macedonia,19
East Java,19
Nuevo León,19
Bratislava,19
Oklahoma,19
Anhui,18
Shaanxi,18
South Moravia,18
Piedmont,18
Amman,18
Almaty City,18
Jalisco,18
Lagos,18
Utrecht,18
Skåne,18
Idaho,18
Vaud,17
Thuringia,17
Pays-de-la-Loire,17
Tbilisi,17
Greater Poland,17
Rhode Island,17
Amanat Al Asimah,17
Goiás,16
Minsk,16
Tianjin,16
Bremen,16
Central Denmark,16
Hauts-de-France,16
Banten,16
Overijssel,16
Arkansas,16
Australian Capital Territory,15
Bern,15
Harjumaa,15
Nouvelle-Aquitaine,15
Central Java,15
Bihar,15
Tuscany,15
Oriental,15
Pomerania,15
Krasnodar Krai,15
Kansas,15
Upper Austria,14
Espírito Santo,14
San José,14
Brandenburg,14
Saarland,14
Algiers,14
Pichincha,14
Wales,14
Chandigarh,14
Punjab,14
Chiba,14
Chihuahua,14
South Australia,13
Ceará,13
Geneva,13
Hebei,13
Shandong,13
Limassol,13
Giza,13
Centre-Val de Loire,13
Zagreb,13
Odisha,13
Phnom Penh,13
South Gyeongsang,13
Meknès-Tafilalet,13
Makkah,13
Ljubljana,13
Tunis,13
Montevideo,13
KwaZulu-Natal,13
Alexandria,12
Basque Country,12
Chișinău,12
Novosibirsk,12
New Hampshire,12
Buenos Aires,11
Bahia,11
Chongqing,11
Galicia,11
Guatemala,11
Kowloon City Kowloon,11
Uttarākhand,11
Saitama,11
Querétaro,11
Canterbury,11
Muscat,11
Moscow Province,11
Nizhny Novgorod,11
Tatarstan,11
Izmir,11
Abu Dhabi,10
Córdoba,10
Abidjan,10
Saxony-Anhalt,10
Zealand,10
Brittany,10
Kwai Tsing New Territories,10
Haifa,10
Guanajuato,10
Penang,10
Islamabad,10
Łódź,10
Rostov,10
Dnipropetrovshchyna,10
Lvivshchyna,10
Central,10
Kentucky,10
Vermont,10
Lower Austria,9
Styria,9
Pará,9
Lucerne,9
Fujian,9
Distrito Nacional,9
Guayas,9
Castile and León,9
Central and Western Hong Kong Island,9
Chhattīsgarh,9
Kyoto,9
Yamaguchi,9
Trøndelag,9
Wellington,9
Lima Region,9
West Pomerania,9
Iași,9
Chelyabinsk,9
