name,visitors
England,873
California,834
New York,365
Maharashtra,357
Tamil Nadu,335
Karnataka,280
Texas,277
Virginia,276
São Paulo,270
Hesse,265
Ontario,241
Bavaria,240
Illinois,239
Washington,234
Tokyo,231
New South Wales,204
Île-de-France,202
Telangāna,201
Guangdong,188
North Holland,183
Moscow,182
Massachusetts,181
Mazovia,171
North Rhine-Westphalia,165
Seoul,162
Beijing,146
Delhi,139
Tel Aviv,136
Berlin,127
Florida,125
Hanoi,125
Ho Chi Minh City,125
Gyeonggi,122
Shanghai,120
Oregon,116
Colorado,110
Georgia,110
Istanbul,109
Baden-Württemberg,108
Quebec,100
Stockholm,99
Leinster,96
Uttar Pradesh,96
Zürich,95
Uusimaa,94
Zhejiang,93
North Carolina,91
New Jersey,91
Prague,90
Vienna,89
Victoria,89
Santiago Metropolitan,89
Kerala,89
Rio de Janeiro,88
Capital District,86
Maryland,86
Taipei,83
Cairo,82
Ohio,81
Pennsylvania,80
Madrid Autonomous Community,78
Punjab,76
Gujarat,75
Buenos Aires Province,74
Jiangsu,73
Saint Petersburg,71
Lower Saxony,69
Michigan,67
Minas Gerais,65
Ciudad de Mexico,64
Metro Manila,63
Kyiv,63
British Columbia,62
South Holland,60
Lima,60
Antioquia,59
Arizona,59
Capital Region,58
West Bengal,58
Henan,54
Saxony,54
Sichuan,53
Budapest,52
Central,52
Oslo,50
Jakarta,49
Lombardy,49
Scotland,48
Western Australia,46
Nairobi County,46
Catalonia,45
Shandong,44
Osaka,44
Queensland,43
Flanders,43
Alberta,43
New Taipei,43
Gauteng,42
Auckland,41
Lesser Poland,41
Bangkok,41
Tashkent,41
Auvergne-Rhône-Alpes,40
Lagos,40
Kuala Lumpur,39
Santa Catarina,38
Madhya Pradesh,38
Rajasthan,38
Missouri,38
Hormozgan,37
Kanagawa,37
North Brabant,37
Shaanxi,36
Sindh,36
Lisbon,36
Minnesota,36
Utah,36
Provence-Alpes-Côte-d'Azur,35
Tennessee,35
Paraná,34
Hamburg,34
Central Denmark,34
Sverdlovsk,34
Andhra Pradesh,33
Western,33
Sofia,32
Federal District,32
Haryana,32
Lazio,32
Moscow Province,32
Novosibirsk,32
Tunis,32
Connecticut,32
Brussels,31
Minsk,31
Silesia,31
Alabama,31
Lower Silesia,30
Fujian,29
Valencian Community,29
Attica,29
Zagreb,29
Western Cape,29
Beograd,28
Washington DC,28
Punjab,27
Incheon,27
Almaty City,27
Mexico State,27
Porto,26
Dhaka Division,25
Hubei,25
San José,25
Andalusia,25
Utrecht,25
Pomerania,25
Tatarstan,25
Ankara,25
Taichung,25
Amazonas,24
South Moravia,24
Veneto,24
Bucharest,24
Krasnodar Krai,24
Iowa,24
Nevada,24
Dubai,23
Yerevan,23
Bihar,23
Saitama,23
Selangor,23
Riyadh,23
Skåne,23
Lvivshchyna,23
Addis Ababa,22
Indiana,22
Bahia,21
Rio Grande do Sul,21
Emilia-Romagna,21
Vilnius County,21
Calabarzon,21
Greater Poland,21
Wisconsin,21
Kwai Tsing New Territories,20
West Java,20
Uttarākhand,20
Federal Capital Territory,20
Nizhny Novgorod,20
Kaohsiung,20
Ceará,19
Hebei,19
Hunan,19
Rhineland-Palatinate,19
Occitanie,19
Phnom Penh,19
Tbilisi,18
Rostov,18
Taoyuan,18
Oklahoma,18
Buenos Aires,17
Baku,17
Goiás,17
Schleswig-Holstein,17
Alexandria,17
Assam,17
Odisha,17
Astana,17
Kyivshchyna,17
Kentucky,17
Pernambuco,16
Chongqing,16
Tianjin,16
Pichincha,16
Brittany,16
Normandie,16
Amman,16
Meknès-Tafilalet,16
Nuevo León,16
Islamabad,16
Bashkortostan,16
Makkah,16
Västra Götaland,16
Ljubljana,16
Dnipropetrovshchyna,16
Kansas,16
Abu Dhabi,15
Guizhou,15
Distrito Nacional,15
Giza,15
Grand-Est,15
Tuscany,15
Gelderland,15
Province 3,15
Lima Region,15
Samara,15
Izmir,15
Hsinchu County,15
Odeshchyna,15
South Carolina,15
Styria,14
South Australia,14
Mato Grosso,14
Bern,14
Galicia,14
Pays-de-la-Loire,14
Chiba,14
Baja California,14
Groningen,14
Łódź,14
Bursa,14
Nebraska,14
Capital,14
Paraíba,13
Anhui,13
Valle del Cauca,13
Castile and León,13
Basque Country,13
Greater Accra,13
East Java,13
Chandigarh,13
Jharkhand,13
Campania,13
Yamaguchi,13
Daejeon,13
Guanajuato,13
Limburg,13
Hsinchu,13
Australian Capital Territory,12
Manitoba,12
Aargau,12
Vaud,12
Pirkanmaa,12
Nouvelle-Aquitaine,12
Jerusalem,12
Riga,12
Jalisco,12
Querétaro,12
Idaho,12
KwaZulu-Natal,12
La Paz,11
Brandenburg,11
Saxony-Anhalt,11
Centre-Val de Loire,11
Baghdad,11
Fukuoka,11
Gwangju City,11
Chelyabinsk,11
Perm Krai,11
Kigali,11
Eastern,11
Arkansas,11
Montevideo,11
Santa Fe,10
Córdoba,10
Wallonia,10
Espírito Santo,10
Pará,10
Basel-Stadt,10
Geneva,10
Limassol,10
