name,visitors
Istanbul,35
Hebei,29
Izmir,13
Ankara,9
Guangdong,7
Henan,7
Baku,6
Tashkent,6
Mersin,5
Shandong,4
Eskişehir,4
Sakarya,4
Chongqing,3
Hunan,3
Kocaeli,3
Santa Catarina,2
Anhui,2
Beijing,2
Fujian,2
Hubei,2
Liaoning,2
Zhejiang,2
Baden-Württemberg,2
Stockholm,2
Chiang Mai,2
Dushanbe,2
Kayseri,2
Samsun,2
Tekirdağ,2
Yalova,2
Maryland,2
Guangxi,1
Jiangsu,1
Shanghai,1
Shanxi,1
Distrito Nacional,1
Cortés,1
Tamil Nadu,1
Tuscany,1
Seoul,1
Volgograd,1
Voronezh,1
Antalya,1
Aydın,1
Balıkesir,1
Burdur,1
Konya,1
Manisa,1
Indiana,1
Ho Chi Minh City,1
