name,visitors
Tokyo,409
Yokohama,98
Osaka,74
Chengdu,44
Nagoya,44
Sapporo,38
Kyoto,30
Nakano,24
Roppongi,23
Hiroshima,22
Adachi Ku,21
Matsudo,20
Fukuoka,19
Shanghai,16
Kobe,16
Sendai,16
Guangzhou,15
Kawasaki,15
Sano,14
Nishinomiya-hama,14
Chiba,14
Honchō,14
Ōtsu,13
Hachiōji,13
Machida,12
Kanazawa,12
Edogawa Ku,12
Xi’an,10
Utsunomiya,10
Kawaguchi,10
Kagoshima,10
Hirakata,10
Hamamatsu,10
Sōka Shi,10
Noe,10
Wuhan,9
Niigata,9
Kashiwa,9
Kameido,9
Himeji,9
Fuji,9
Matsuyama,9
Ikejiri,9
Beijing,8
Shizuoka,8
Matsumoto,8
Kumamoto,8
Koshigaya,8
Kokuryōchō,8
Kokubunji,8
Hiyoshi,8
Fukuyama,8
Chigasaki,8
Tsukuba,8
Yokkaichi,7
Takasaki,7
Ichikawa Shi,7
Arakawa Ku,7
Suzhou,7
Ebina,7
Ichikawa-minami,7
Zhengzhou,6
Nanjing,6
Changsha,6
Urayasu,6
Kariya,6
Kamakura,6
Fujisawa,6
Ashikaga,6
Karamay,5
Xiamen,5
Hefei,5
Baoding,5
Toyosu,5
Toyama,5
Tokiwa,5
Suita,5
Okazaki,5
Okayama,5
Musashino,5
Maebashi,5
Kōfu,5
Katsushika Ku,5
Asaka,5
Yachimata,5
Mito,5
Hakodate,5
Nisshin,5
Toyonaka Shi,5
Ebara,5
Kitaku,5
Shimotsuruma,5
Ōmorikita,5
Namiyoke,5
Shenzhen,4
Quanzhou,4
Qingdao,4
Kunming,4
Hangzhou,4
Guiyang,4
Dalian,4
Dali,4
Chongqing,4
Yokosuka,4
Takamatsu,4
Sakai,4
Nonoichi,4
Niizo,4
Nagareyama,4
Kitakyushu,4
Kakogawachō-honmachi,4
Ibaraki,4
Hikone,4
Amagasaki,4
Aihara,4
Wakayama,4
Yamagata,4
Narita,4
Iwaki,4
Minamiashigara,4
Akishima,4
Honchō,4
Negishi,4
Chūō,4
Honkomagome,4
Utsukushigaoka,4
Chūōku,4
Hōyachō,4
Higashimukōjima,4
Kamiochiai,4
Zhoukou,3
Jiaxing,3
Dongguan,3
Changzhou,3
Yamaguchi,3
Toyohashi,3
Tokorozawa,3
Takatsuki,3
Takarazuka,3
Shinjuku-ku,3
Shimoda,3
Shiki,3
Ōta,3
Ōita,3
Odawara,3
Nagasaki,3
Nagano,3
Matsue,3
Kumagaya,3
Kawagoe,3
Kasukabe,3
Inazawa,3
Ikoma,3
Ichinomiya,3
Hino,3
Higashi-ōsaka,3
Gifu-shi,3
Fukui-shi,3
Singapore,3
Matsuyama,3
Harbin,3
Shiroi,3
Sakura,3
Kitami,3
Chikusei,3
Sakuragawa,3
Tama,3
Yachiyo,3
Shimohōya,3
Shimorenjaku,3
Shakujiimachi,3
Hyakuninchō,3
Amanuma,3
Nakanobu,3
Ikegami,3
Noborito,3
Nishisugamo,3
Igusa,3
Ebisu,3
Aobadai,3
Dotechō,3
Minaminakano,3
Sagiyama,3
Ürümqi,2
Taoyuan,2
Yantai,2
Wuxi,2
Weifang,2
Taiyuan,2
Shijiazhuang,2
Ningbo,2
Lanzhou,2
Langfang,2
Huzhou,2
Huizhou,2
Haikou,2
Dongdaemun-gu,2
Wada,2
Uji,2
Tsuruoka,2
Tsu,2
Toyota,2
Toyonaka,2
Tottori,2
Tokushima,2
Nishi-Tokyo-shi,2
Suzuka,2
Suzaka,2
Shimonoseki,2
Shimomeguro,2
Seto,2
Sabae,2
Oyama,2
Okegawa,2
Okaya Shi,2
Obata,2
Numazu,2
Noji,2
Nishio,2
Naha,2
Nagaoka,2
Moriguchi,2
Miyazaki,2
Mino,2
Kiyosu,2
Kinuta,2
Kamata,2
Izumi-honchō,2
Itami,2
Isesaki,2
Iizuka,2
Higashimatsuyama Shi,2
Ginowan,2
Fukagawa,2
Okinawa,2
Yagisawa,2
Hohhot,2
Yamoto,2
Moriya,2
Morioka,2
Kōriyama,2
Abiko,2
Aomori,2
Sydney,2
Neyagawa,2
Kashiba,2
Niiza,2
Kasuga,2
Iruma,2
Ōshū,2
Kikugawa,2
Jōetsu,2
Saitama,2
Asakuchi Shi,2
Yagyū,2
Koyama,2
Hanakoganei,2
Takashimadaira,2
Koishikawa,2
Minamiogikubo,2
Kitazawa,2
Yamaga,2
Shikishimachō,2
Shonai,2
Minamimagome,2
Sekimachikita,2
Yoyogi,2
Uehara,2
Ebisuminami,2
Iidabashi,2
Morishita,2
Nishikanda,2
Sekizawa,2
Hanesawa,2
Sakawa,2
Shinanochō,2
Kaminagaya,2
Nishiterao,2
Kuwana,2
Okurayama,2
Higashirinkan,2
Minamimorimachi,2
Fukushima,2
Nerima,2
Toyosato,2
Kitaando,2
Nukuiminamicho,2
Minamiteramachi,2
Tokaichimachi,2
Suwa,2
Kazan,1
Vinnytsya,1
Chiang Mai,1
Comilla,1
New Delhi,1
Chennai,1
Faridabad,1
Bangkok,1
Nantou,1
Quezon City,1
