name,version,visitors
Chrome,137.0,215071
Microsoft Edge,137.0,87880
Firefox,139.0,12576
Safari,18.5,10954
Chrome,136.0,10185
Opera,119.0,7200
Chrome,109.0,5224
Yandex Browser,25.4,4845
Microsoft Edge,136.0,3565
Chrome,135.0,3555
Chrome,132.0,2586
Mobile App,(not set),1998
Chrome,122.0,1913
Chrome,134.0,1787
Chrome,131.0,1763
Chrome,133.0,1457
Firefox,128.0,1417
Safari,18.3,1363
Smart Lenovo Browser,9.0,1239
Safari,17.6,1148
Microsoft Edge,135.0,1140
Chrome,129.0,1134
Chrome,138.0,1115
Safari,18.4,1054
Microsoft Edge,92.0,925
Chrome,128.0,852
Quark,(not set),842
Microsoft Edge,131.0,815
Microsoft Edge,134.0,783
Samsung Browser,28.0,721
Firefox,115.0,713
Microsoft Edge,122.0,693
Chrome,130.0,672
Chrome,126.0,606
Safari,16.6,586
Chrome,86.0,579
Microsoft Edge,133.0,509
Firefox,138.0,503
Chrome,119.0,502
Safari,17.5,501
Safari,18.1,494
Microsoft Edge,138.0,493
Chrome,120.0,463
Chrome,127.0,460
Chrome,114.0,444
Sogou Explorer,2,425
Mobile App,137.0,413
Chrome,125.0,387
QQ Browser,19.2,379
Safari,15.6,373
Firefox,135.0,362
Safari,18.2,361
Whale Browser,4.32,350
Chrome,121.0,345
Chrome,116.0,337
Microsoft Edge,126.0,331
Microsoft Edge,127.0,330
Microsoft Edge,132.0,322
Chrome,124.0,309
Microsoft Edge,129.0,297
Chrome,139.0,296
Microsoft Edge,128.0,287
Microsoft Edge,130.0,280
Chrome,123.0,276
Microsoft Edge,109.0,270
Firefox,136.0,267
Safari,19.0,264
Safari,18.0,255
Microsoft Edge,100.0,254
Chrome,118.0,251
Yandex Browser,24.10,251
Safari,17.4,246
Chrome,108.0,243
Chrome,103.0,242
Firefox,137.0,230
Yandex Browser,25.6,230
Firefox,140.0,185
Avast Secure Browser,137.0,183
Safari,17.3,174
Chrome,117.0,152
Firefox,134.0,146
Firefox,127.0,141
Chrome,101.0,139
Huawei Browser,12.1,137
Microsoft Edge,125.0,130
Safari,16.3,127
Microsoft Edge,124.0,120
Chrome,107.0,118
Microsoft Edge,120.0,116
Safari,17.2,116
Safari,18.6,116
Microsoft Edge,121.0,115
Safari,16.5,114
Safari,17.1,111
Huawei Browser Mobile,16.0,110
Yandex Browser,25.2,109
Chrome,95.0,109
Chrome,112.0,104
Microsoft Edge,123.0,101
Opera,118.0,100
Safari,16.1,100
Opera,95.0,100
Safari,14.1,99
Microsoft Edge,114.0,95
Chrome,91.0,95
vivo Browser,14.2,92
Safari,(not set),91
Chrome,115.0,88
Chrome,87.0,85
Opera,90.0,83
Samsung Browser,27.0,82
Quark,7.13,82
Chrome,106.0,80
Microsoft Edge,18.18362,80
Chrome,113.0,79
Microsoft Edge,113.0,78
QQ Browser,19.3,78
Chrome,110.0,77
Chrome,102.0,73
AVG Secure Browser,137.0,73
Safari,17.0,73
Chrome,78.0,72
Firefox,130.0,71
Chrome,80.0,71
Chrome,104.0,70
Safari,16.4,70
Safari,17.13,70
MIUI Browser,19.6,70
Chrome,97.0,70
Microsoft Edge,18.18363,66
Brave,(not set),64
Chrome,79.0,64
Chrome,93.0,64
Mobile App,114.0,63
QQ Browser,19.1,63
QQ Browser,13.7,62
Firefox,133.0,61
Chrome,94.0,59
Microsoft Edge,119.0,58
Safari,16.0,56
Chrome,111.0,55
Chrome,98.0,54
Firefox,129.0,53
Huawei Browser Mobile,15.0,53
Microsoft Edge,118.0,52
Microsoft Edge,139.0,52
Chrome,96.0,52
Chrome,92.0,51
Microsoft Edge,116.0,49
Chrome,81.0,49
Microsoft Edge,90.0,49
Chrome,99.0,49
Chrome,105.0,48
Microsoft Edge,106.0,47
Microsoft Edge,117.0,47
MIUI Browser,14.35,47
Chrome,83.0,47
Mobile App,97.0,47
Firefox,131.0,46
Microsoft Edge,84.0,46
Microsoft Edge,18.17763,45
Microsoft Edge,111.0,44
Microsoft Edge,112.0,44
Safari,13.1,43
Safari,16.2,43
Microsoft Edge,89.0,42
Microsoft Edge,115.0,41
Mobile App,130.0,41
Microsoft Edge,86.0,41
Microsoft Edge,107.0,39
Mobile App,131.0,39
vivo Browser,25.0,39
Firefox,113.0,38
Microsoft Edge,108.0,36
MIUI Browser,19.7,36
Chrome,100.0,35
Chrome,49.0,35
Opera,89.0,35
MIUI Browser,14.10,34
Safari,26.0,34
Chrome,74.0,34
Firefox,139.2,32
Safari,15.4,32
Firefox,132.0,31
Safari,15.5,31
Samsung Browser,26.0,31
Opera,92.0,31
Mobile Silk,136.6,30
Safari,17.7,30
Samsung Browser,25.0,30
Chrome,63.0,30
Chrome,69.0,30
Firefox,91.0,30
(not set),(not set),29
Microsoft Edge,18.19041,29
Yandex Browser,24.7,29
Mobile App,126.0,28
Microsoft Edge,16.16299,28
Yandex Browser,24.12,28
QQ Browser,6.2,28
Safari,12.1,27
Microsoft Edge,17.17134,27
Norton Private Browser,137.0,26
Chrome,75.0,26
Chrome,88.0,26
Microsoft Edge,110.0,25
Safari,17.8,25
Quark,7.12,25
Chrome,70.0,25
Firefox,52.0,24
Chrome,90.0,24
Mobile App,109.0,23
QQ Browser,12.2,23
Safari,15.3,23
Samsung Browser,24.0,23
Chrome,71.0,23
Chrome,85.0,23
Firefox,106.0,22
Firefox,111.0,22
Yandex Browser,25.46,22
Chrome,89.0,22
Avast Secure Browser,109.0,21
Opera,117.0,21
Opera Touch,5.5,21
Yandex Browser,23.7,20
Chromium,(not set),19
UC Browser,17.7,19
vivo Browser,24.9,19
Yandex Browser,25.43,19
JioSphere,5.0,19
Chrome,77.0,19
Mobile App,83.0,19
Chrome,84.0,19
Opera,91.0,19
QQ Browser,13.6,18
CCleaner,137.0,18
Chrome,73.0,18
Chrome,137,17
Safari,14.0,17
Safari,15.2,17
Hi Browser,2.24,17
Chrome,53.0,17
Chrome,62.0,17
Microsoft Edge,102.0,16
Safari,11.1,16
Firefox,116.0,16
vivo Browser,14.0,16
Firefox,141.0,16
Samsung Browser,23.0,16
Whale Browser,4.31,16
Firefox,123.0,15
Firefox,109.0,14
Opera,121.0,14
Firefox,125.0,14
Firefox,139,14
Safari,15.1,14
MIUI Browser,19.5,14
SberBrowser,27.0,14
Huawei Browser Mobile,5.1,14
Chrome,72.0,14
Firefox,102.0,13
Microsoft Edge,103.0,13
Firefox,126.0,13
Avira Secure Browser,137.0,13
QQ Browser,19.0,13
Firefox,78.0,13
Microsoft Edge,104.0,12
Huawei Browser,11.0,12
Opera,113.0,12
Opera,114.0,12
Firefox,121.0,12
UC Browser,14.6,12
Microsoft Edge,15.15063,12
Yandex Browser,23.5,12
Yandex Browser,25.20,12
Chrome,65.0,12
Firefox,72.0,12
Microsoft Edge,96.0,12
Opera,116.0,11
Huawei Browser,12.0,11
Mobile App,120.0,11
Opera GX,2.8,11
Yandex Browser,25.41,11
vivo Browser,4.9,11
Samsung Browser,7.4,11
Mobile App,123.0,10
Firefox,124.0,10
QQ Browser,13.5,10
Microsoft Edge,14.14393,10
MIUI Browser,14.36,10
Microsoft Edge,18.19582,10
Yandex Browser,23.9,10
Samsung Browser,28.1,10
Chrome,47.0,10
Chrome,76.0,10
Microsoft Edge,88.0,10
Microsoft Edge,91.0,10
Microsoft Edge,95.0,10
Android Browser,(not set),9
vivo Browser,10.8,9
