name,visitors,bounce_rate,visit_duration
Direct / None,595,73,187
google.com,537,74,120
bing.com,53,68,144
python.org,42,0,544
search.brave.com,37,90,21
br.search.yahoo.com,18,67,156
baidu.com,16,93,13
m.baidu.com,14,80,2
chatgpt.com,13,80,264
aprender3.unb.br,9,50,294
classroom.google.com,9,89,4
cursos.alura.com.br,9,100,0
google.com.br,8,71,34
udemy.com,8,100,0
duckduckgo.com,7,100,0
baidu.com/link,3,0,132
copilot.microsoft.com,3,100,0
gemini.google.com,3,67,11
on.fiap.com.br,3,67,581
github.com/Mplimaa/python-no-overloading-sem-sobrecarga,2,100,4
gstatic.com,2,100,0
hub.asimov.academy,2,100,0
ic.unicamp.br,2,50,1
netacad.com,2,100,401
python.org.br,2,100,0
web.dio.me,2,100,0
alunos.daxus.com.br,1,100,0
boot.dev,1,0,0
capgemini.udemy.com,1,100,0
ead.preditiva.ai,1,100,0
ethicalhacker.com.br,1,100,0
github.com/huggingface/huggingface_hub/blob/main/docs/source/en/installation.md,1,0,0
google.de,1,0,790
m.baidu.com/from=1013672g/bd_page_type=1/ssid=0/uid=0/pu=usm%400%2Csz%401320_1004%2Cta%40iphone_2_11.0_11_18.4/baiduid=D75BC4E12E72E4BF28BCC9CF1FDD50C6/w=0_10_/t=iphone/l=1/tc,1,100,0
notebooks.githubusercontent.com,1,100,0
notion.so,1,0,1
opl.ufc.br,1,0,0
pip.pypa.io/en/stable/installation,1,0,78
pucprdigital.grupoa.education,1,0,21
roadmap.sh,1,0,756
techguide.sh,1,0,226
unibb.alura.com.br,1,100,0
