name,visitors,bounce_rate,visit_duration
Direct / None,593,72,187
Google,558,74,117
Bing,53,68,144
python.org,42,0,544
Brave,37,90,21
Baidu,34,82,18
Yahoo!,18,67,156
chatgpt.com,14,82,245
aprender3.unb.br,9,50,294
cursos.alura.com.br,9,100,0
udemy.com,8,100,0
DuckDuckGo,7,100,0
GitHub,3,100,2
copilot.microsoft.com,3,100,0
on.fiap.com.br,3,67,581
gstatic.com,2,100,0
hub.asimov.academy,2,100,0
ic.unicamp.br,2,50,1
netacad.com,2,100,401
python.org.br,2,100,0
web.dio.me,2,100,0
alunos.daxus.com.br,1,100,0
boot.dev,1,0,0
capgemini.udemy.com,1,100,0
ead.preditiva.ai,1,100,0
ethicalhacker.com.br,1,100,0
notebooks.githubusercontent.com,1,100,0
notion.so,1,0,1
opl.ufc.br,1,0,0
pip.pypa.io,1,0,78
post_page-----79d9648b3772---------------------------------------,1,100,0
pucprdigital.grupoa.education,1,0,21
roadmap.sh,1,0,756
techguide.sh,1,0,226
unibb.alura.com.br,1,100,0
