name,visitors,bounce_rate,visit_duration
Google,1525,73,136
Direct / None,668,63,234
Baidu,512,88,29
qiita.com,103,75,185
note.nkmk.me,92,80,94
Bing,67,60,305
Yahoo!,64,75,152
python.org,22,0,548
chatgpt.com,14,33,165
python.jp,14,54,42
Youtube,9,50,439
Twitter,5,50,47
algo-method.com,5,80,37
chokkan.github.io,5,100,0
paiza.jp,5,100,0
utokyo-ipp.github.io,4,50,6
Yandex,3,0,145
teratail.com,3,100,0
DuckDuckGo,2,0,872
GitHub,2,100,1180
Perplexity,2,100,0
blog.pyq.jp,2,100,0
diver.diveintocode.jp,2,75,308
hatenablog-parts.com,2,100,0
misprochef.com,2,50,194
python-izm.com,2,100,26
17lh9ewvmrsiajn.studio.ap-northeast-1.sagemaker.aws,1,100,0
Biglobe,1,100,0
Rakuten,1,100,0
Sogou,1,0,1094
bitarrow.eplang.jp,1,100,0
blog.truestar.co.jp,1,0,890
cnc-selfbuild.blogspot.com,1,100,0
daifuku.aidemy.jp,1,100,0
dataseeds-blog.com,1,0,348
dev.classmethod.jp,1,100,0
dianxnao.com,1,100,0
dynalist.io,1,0,38
forms.office.com,1,100,8
free.aidemy.jp,1,100,0
goo,1,0,151
hackers-high.com,1,0,2089
hau-pu.xrea.jp,1,100,0
hotch-potch.hatenadiary.jp,1,100,0
inarizuuuushi.hatenablog.com,1,100,0
kajima.aidemy.jp,1,100,0
kawats1.hatenablog.com,1,100,0
kikagaku.ai,1,100,0
kumilog.net,1,0,45
kuroro.blog,1,100,0
l.messenger.com,1,0,41
lecture.ecc.u-tokyo.ac.jp,1,100,0
libecity.com,1,0,36
miraiserver.ne.jp,1,0,261
misskey.systems,1,100,0
my.uopeople.edu,1,0,717
office54.net,1,100,0
pandas.pydata.org,1,0,1341
pg-chain.com,1,100,0
picows.readthedocs.io,1,0,2080
pip.pypa.io,1,0,21
python.digibeatrix.com,1,0,9
rinsaka.com,1,100,0
schoo.jp,1,100,0
sejuku.net,1,0,109
simugrammer.com,1,100,0
st-hakky.hatenablog.com,1,0,8
style.potepan.com,1,100,0
tech.uzabase.com,1,100,0
techacademy.jp,1,100,0
test.example.com,1,100,0
textual.textualize.io,1,0,684
tohoho-web.com,1,0,3386
tutorials.chainer.org,1,0,54
udemy.com,1,100,0
usagit.com,1,100,0
voice.pkshatech.com,1,0,1
wata-ridley.com,1,0,14
wws.mydns.jp,1,100,0
