name,unique_entrances,total_entrances,visit_duration
/fr/3.13/tutorial/index.html,218,231,144
/fr/3/tutorial/,73,74,222
/fr/3/library/json.html,49,52,365
/fr/3/tutorial/datastructures.html,48,49,109
/3/,47,47,492
/fr/3/,46,46,87
/fr/dev/installing/index.html,46,46,26
/fr/3/library/csv.html,45,46,11
/fr/3.13/library/tkinter.html,39,40,334
/fr/3.13/tutorial/classes.html,39,41,52
/fr/3.13/tutorial/datastructures.html,39,39,244
/fr/3/tutorial/venv.html,38,38,8
/fr/3/library/enum.html,33,37,105
/fr/3/tutorial/index.html,26,27,316
/fr/3/library/string.html,25,25,275
/fr/3.13/tutorial/appetite.html,24,25,243
/fr/3/howto/logging.html,24,24,72
/fr/3.13/library/datetime.html,22,23,72
/fr/3.13/library/os.html,22,24,323
/fr/3.13/reference/import.html,22,23,179
/fr/3.13/tutorial/interpreter.html,22,22,96
/fr/3.13/using/windows.html,22,22,21
/fr/3/howto/regex.html,22,23,13
/fr/3.13/howto/sorting.html,21,21,96
/fr/3.13/tutorial/controlflow.html,21,21,331
/fr/3/tutorial/classes.html,21,24,171
/fr/3.13/tutorial/introduction.html,20,23,21
/fr/3/tutorial/appetite.html,20,20,403
/fr/3/tutorial/introduction.html,20,33,311
/fr/3.13/,19,19,410
/fr/3.13/library/index.html,18,20,178
/fr/3/library/__main__.html,18,18,1
/fr/3/tutorial/errors.html,18,19,289
/fr/3/library/sys.html,17,17,172
/fr/3/library/tkinter.html,17,17,23
/fr/3/tutorial/inputoutput.html,17,17,10
/fr/dev/reference/compound_stmts.html,17,17,45
/fr/3.13/library/functions.html,16,16,6
/fr/3/library/functions.html,16,19,226
/fr/3/library/glob.html,15,15,0
/fr/3/library/threading.html,14,15,191
/3/library/csv.html,12,13,476
/3/library/logging.html,12,12,1092
/fr/3.13/library/base64.html,12,12,197
/fr/3.13/library/collections.html,12,12,21
/fr/3.13/howto/sockets.html,11,12,108
/fr/3.13/search.html,11,11,10
/fr/3.13/tutorial/errors.html,11,12,0
/fr/3.13/tutorial/modules.html,11,11,76
/fr/3/tutorial/controlflow.html,11,11,16
/fr/3/using/windows.html,11,11,15
/3/library/argparse.html,10,10,1598
/3/library/re.html,10,10,1471
/3/tutorial/index.html,10,10,581
/fr/3.13/library/stdtypes.html,10,10,0
/fr/3.13/library/subprocess.html,10,10,0
/fr/3.13/library/turtle.html,10,10,40
/fr/3/library/queue.html,10,10,685
/3.13/tutorial/index.html,9,9,204
/fr/3.13/library/random.html,9,10,0
/fr/3.13/library/time.html,9,9,2
/fr/3.13/using/unix.html,9,9,8
/fr/3/library/datetime.html,9,9,199
/fr/3/library/multiprocessing.html,9,9,23
/fr/3/library/random.html,9,9,0
/fr/3/library/statistics.html,9,9,24
/3/library/datetime.html,8,8,1596
/3/library/tkinter.html,8,8,142
/3/search.html,8,8,777
/fr/3.13/library/math.html,8,8,0
/fr/3.13/library/operator.html,8,9,4
/fr/3.13/library/tk.html,8,8,575
/fr/3/library/math.html,8,9,81
/fr/3/library/venv.html,8,8,569
/fr/3/search.html,8,9,41
/fr/3/tutorial/interpreter.html,8,9,1102
/fr/3/using/,8,8,48
/3.13/using/windows.html,7,7,164
/3/library/functions.html,7,7,256
/fr/3.12/tutorial/index.html,7,7,39
/fr/3.13/howto/enum.html,7,8,58
/fr/3.13/library/argparse.html,7,7,91
/fr/3.13/library/idle.html,7,7,3
/fr/3.13/library/pickle.html,7,7,14
/fr/3.13/library/re.html,7,7,0
/fr/3/howto/sorting.html,7,7,11
/fr/3/library/stdtypes.html,7,7,0
/fr/3/library/turtle.html,7,8,0
/fr/dev/library/pickle.html,7,7,0
/3/library/multiprocessing.html,6,6,1800
/3/tutorial/errors.html,6,6,1116
/fr/3.13/glossary.html,6,6,808
/fr/3.13/library/pdb.html,6,6,0
/fr/3.13/tutorial/stdlib.html,6,6,0
/fr/3.13/using/editors.html,6,6,19
/fr/3/library/configparser.html,6,6,60
/fr/3/using/cmdline.html,6,6,47
/fr/dev/library/xml.etree.elementtree.html,6,6,0
/3/library/itertools.html,5,5,1515
/3/library/pathlib.html,5,5,1371
/3/library/random.html,5,5,330
/3/library/stdtypes.html,5,5,357
/3/library/subprocess.html,5,5,462
/3/library/xml.etree.elementtree.html,5,5,2075
/3/tutorial/classes.html,5,5,2864
/fr/3.13/contents.html,5,5,16
/fr/3.13/howto/argparse.html,5,5,499
/fr/3.13/howto/functional.html,5,6,0
/fr/3.13/installing/index.html,5,5,0
/fr/3.13/library/decimal.html,5,5,0
/fr/3.13/library/filesys.html,5,5,252
/fr/3.13/library/hashlib.html,5,6,247
/fr/3.13/library/pathlib.html,5,6,0
/fr/3.13/library/pprint.html,5,5,0
/fr/3.13/library/timeit.html,5,5,0
/fr/3.13/reference/simple_stmts.html,5,5,0
/fr/3/glossary.html,5,5,108
/fr/3/library/index.html,5,5,181
/fr/3/library/os.html,5,6,212
/3.13/tutorial/,4,4,298
/3/library/sqlite3.html,4,4,495
/3/library/threading.html,4,4,266
/3/library/tk.html,4,4,150
/3/library/venv.html,4,4,234
/3/tutorial/inputoutput.html,4,4,3044
/3/tutorial/modules.html,4,4,1102
/3/using/cmdline.html,4,4,740
/fr/3.13/faq/windows.html,4,4,8
/fr/3.13/howto/unicode.html,4,4,0
/fr/3.13/library/asyncio.html,4,4,18
/fr/3.13/library/copy.html,4,4,0
/fr/3.13/library/doctest.html,4,4,0
/fr/3.13/library/tkinter.ttk.html,4,4,5
/fr/3.13/library/unittest.html,4,5,179
/fr/3.13/reference/compound_stmts.html,4,4,646
/fr/3.13/reference/expressions.html,4,4,0
/fr/3.13/tutorial/,4,4,2
/fr/3.13/using/cmdline.html,4,5,0
/fr/3.13/whatsnew/3.13.html,4,4,12
/fr/3/index.html,4,5,242
/fr/3/installing/index.html,4,4,6
/fr/3/library/exceptions.html,4,4,0
/fr/3/library/hashlib.html,4,4,0
/fr/3/library/pydoc.html,4,4,1
/fr/3/library/re.html,4,4,525
/fr/3/py-modindex.html,4,4,0
/fr/3/reference/datamodel.html,4,4,0
/fr/3/tutorial/modules.html,4,4,209
/fr/3/using/mac.html,4,4,311
/fr/dev/using/index.html,4,4,20
/3.13/,3,3,306
/3.15/,3,4,855
/3/glossary.html,3,3,7733
/3/index.html,3,3,1704
/3/library/ast.html,3,3,246
/3/library/collections.html,3,3,4204
/3/library/configparser.html,3,3,723
/3/library/enum.html,3,3,958
/3/library/exceptions.html,3,3,253
/3/library/hashlib.html,3,3,1342
/3/library/index.html,3,3,442
/3/library/json.html,3,3,341
/3/library/os.path.html,3,3,42
/3/library/pydoc.html,3,3,66
/3/library/shutil.html,3,3,813
/3/library/socket.html,3,3,1015
/3/library/time.html,3,3,13
/3/library/timeit.html,3,3,170
/fr/3.12/using/windows.html,3,3,373
/fr/3.13/c-api/intro.html,3,3,0
/fr/3.13/genindex-Symboles.html,3,3,15
/fr/3.13/index.html,3,3,129
/fr/3.13/library/asyncio-task.html,3,3,0
/fr/3.13/library/binascii.html,3,3,0
/fr/3.13/library/exceptions.html,3,3,339
/fr/3.13/library/py_compile.html,3,3,0
/fr/3.13/library/urllib.html,3,3,16
/fr/3.14/library/tkinter.ttk.html,3,3,0
/fr/3/extending/extending.html,3,3,0
/fr/3/howto/sockets.html,3,3,0
/fr/3/library/fractions.html,3,3,7
/fr/3/library/idle.html,3,3,452
/fr/3/library/time.html,3,3,0
/fr/3/reference/compound_stmts.html,3,3,208
/fr/3/reference/introduction.html,3,3,0
/fr/3/whatsnew/3.13.html,3,3,693
/fr/3/whatsnew/index.html,3,6,0
/fr/dev/howto/unicode.html,3,3,0
/fr/dev/library/stdtypes.html,3,3,1
/fr/dev/library/struct.html,3,6,0
/3.13/library/threading.html,2,2,4340
/3.13/whatsnew/3.13.html,2,2,17
/3.14/whatsnew/3.14.html,2,2,30
/3/download.html,2,2,234
/3/howto/logging.html,2,2,2998
/3/library/binascii.html,2,2,138
/3/library/concurrent.futures.html,2,3,1229
/3/library/dataclasses.html,2,2,250
/3/library/gc.html,2,2,572
/3/library/io.html,2,2,2896
/3/library/netrc.html,2,2,4
/3/library/os.html,2,2,2695
/3/library/pdb.html,2,2,12
/3/library/pickle.html,2,2,290
/3/library/struct.html,2,2,3440
/3/library/tkinter.messagebox.html,2,2,558
/3/library/turtle.html,2,2,25
/3/library/typing.html,2,2,1042
/3/library/zoneinfo.html,2,2,9
/3/py-modindex.html,2,2,2656
/3/tutorial/,2,2,72
/3/tutorial/datastructures.html,2,2,374
/3/tutorial/introduction.html,2,2,1438
/fr/3.12/library/stdtypes.html,2,2,781
/fr/3.12/library/tkinter.tix.html,2,2,154
/fr/3.12/tutorial/classes.html,2,2,8
/fr/3.13/extending/index.html,2,2,0
/fr/3.13/howto/curses.html,2,2,0
/fr/3.13/library/asyncio-dev.html,2,2,0
/fr/3.13/library/datatypes.html,2,2,0
/fr/3.13/library/dialog.html,2,2,52
/fr/3.13/library/functools.html,2,2,0
/fr/3.13/library/html.parser.html,2,2,98
/fr/3.13/library/http.html,2,2,50
/fr/3.13/library/logging.html,2,2,515
/fr/3.13/library/sqlite3.html,2,2,859
/fr/3.13/library/unicodedata.html,2,2,0
/fr/3.13/library/uuid.html,2,2,0
/fr/3.13/library/warnings.html,2,2,0
/fr/3.13/library/wave.html,2,3,2
/fr/3.13/py-modindex.html,2,2,1
/fr/3.13/reference/datamodel.html,2,2,0
/fr/3.13/reference/index.html,2,2,1042
/fr/3.13/tutorial/inputoutput.html,2,2,0
/fr/3.13/tutorial/stdlib2.html,2,2,47
/fr/3.13/tutorial/whatnow.html,2,3,34
/fr/3.13/using/index.html,2,2,17
/fr/3.13/whatsnew/3.10.html,2,2,1165
/fr/3.15/tutorial/interpreter.html,2,2,602
/fr/3/contents.html,2,2,0
/fr/3/download.html,2,2,1967
/fr/3/faq/programming.html,2,2,0
/fr/3/howto/unicode.html,2,2,34
/fr/3/library/contextvars.html,2,2,0
/fr/3/library/decimal.html,2,2,0
/fr/3/library/email.compat32-message.html,2,2,4
/fr/3/library/filesys.html,2,2,0
/fr/3/library/pipes.html,2,2,9
/fr/3/library/pprint.html,2,2,0
/fr/3/library/pty.html,2,2,18
/fr/3/library/subprocess.html,2,2,0
/fr/3/library/unittest.html,2,2,0
/fr/3/library/zipfile.html,2,2,380
/fr/3/reference/import.html,2,2,16
/fr/3/reference/lexical_analysis.html,2,2,0
/fr/3/using/index.html,2,2,27
/fr/dev/library/configparser.html,2,2,0
/fr/dev/library/datetime.html,2,2,0
/fr/dev/library/functions.html,2,2,0
/fr/dev/library/idle.html,2,2,0
/fr/dev/library/socketserver.html,2,2,210
/fr/dev/library/string.templatelib.html,2,2,0
/fr/dev/library/subprocess.html,2,2,0
/fr/dev/reference/datamodel.html,2,2,0
/fr/dev/tutorial/inputoutput.html,2,2,0
/fr/dev/using/windows.html,2,2,0
/3.12/library/random.html,1,1,8
/3.12/tutorial/index.html,1,1,512
/3.13/howto/curses.html,1,1,555
/3.13/library/exceptions.html,1,1,23
/3.13/library/functions.html,1,1,668
/3.13/library/json.html,1,1,48
/3.13/library/tkinter.html,1,1,1946
/3.13/search.html,1,1,164
/3.13/tutorial/appetite.html,1,1,0
/3.14/,1,1,3537
/3.14/tutorial/interpreter.html,1,1,187
/3/about.html,1,1,0
/3/c-api/arg.html,1,1,0
/3/extending/embedding.html,1,1,5665
/3/faq/,1,1,184
/3/howto/argparse.html,1,1,0
/3/howto/curses.html,1,1,0
/3/howto/sorting.html,1,1,2893
/3/howto/unicode.html,1,1,14
/3/installing/index.html,1,1,113
/3/library/asyncio-sync.html,1,1,136
/3/library/asyncio.html,1,1,38
/3/library/base64.html,1,1,67
/3/library/calendar.html,1,1,3531
/3/library/codecs.html,1,1,1830
/3/library/copy.html,1,1,0
/3/library/ctypes.html,1,1,2455
/3/library/curses.html,1,1,696
/3/library/decimal.html,1,1,1930
/3/library/dialog.html,1,1,17
/3/library/doctest.html,1,1,783
/3/library/email.mime.html,1,1,664
/3/library/ensurepip.html,1,1,0
/3/library/filesys.html,1,1,901
