name,unique_exits,total_exits,exit_rate
/pt-br/3/tutorial/index.html,77,79,
/pt-br/3.13/library/venv.html,70,71,
/pt-br/3/,63,65,
/pt-br/3/tutorial/,57,60,
/pt-br/3.13/library/index.html,52,56,
/pt-br/3.13/library/math.html,46,47,
/pt-br/3.13/tutorial/datastructures.html,45,50,
/pt-br/3/library/stdtypes.html,45,45,
/pt-br/3.13/tutorial/index.html,44,44,
/pt-br/dev/library/venv.html,41,45,
/pt-br/3.13/search.html,39,38,
/pt-br/3.13/library/functions.html,38,39,
/pt-br/3.13/library/tkinter.html,31,33,
/pt-br/3.13/,30,37,
/pt-br/3/tutorial/controlflow.html,30,30,
/pt-br/3.13/library/stdtypes.html,29,30,
/pt-br/3.13/library/random.html,27,27,
/pt-br/3.13/tutorial/classes.html,27,29,
/pt-br/3/tutorial/datastructures.html,25,25,
/3/,24,22,
/pt-br/3/tutorial/errors.html,24,23,
/pt-br/3.13/tutorial/introduction.html,22,22,
/pt-br/3/tutorial/interpreter.html,22,22,
/pt-br/3/library/os.html,21,21,
/pt-br/3/library/venv.html,21,23,
/pt-br/3.13/library/string.html,20,20,
/pt-br/3.13/tutorial/interpreter.html,18,18,
/pt-br/3.13/using/windows.html,18,18,
/pt-br/3/library/math.html,17,20,
/pt-br/3/tutorial/appetite.html,17,17,
/pt-br/3/tutorial/introduction.html,17,18,
/pt-br/3.13/faq/windows.html,15,15,
/pt-br/3.13/tutorial/controlflow.html,15,16,
/pt-br/3/library/functions.html,14,14,
/pt-br/3/library/random.html,14,15,
/pt-br/3.13/library/datetime.html,13,13,
/pt-br/3/tutorial/classes.html,13,14,
/pt-br/3.13/tutorial/modules.html,12,12,
/pt-br/3/search.html,11,11,
/pt-br/3.13/library/turtle.html,10,10,
/3/library/stdtypes.html,9,8,
/pt-br/3/library/csv.html,9,9,
/pt-br/3/using/android.html,9,9,
/3/library/functions.html,8,8,
/3/library/tkinter.html,8,8,
/pt-br/3.13/library/re.html,8,8,
/pt-br/3.13/library/tk.html,8,8,
/pt-br/3/glossary.html,8,8,
/pt-br/3/using/windows.html,8,8,
/pt-br/dev/howto/sorting.html,8,9,
/3/library/index.html,7,7,
/3/library/random.html,7,7,
/pt-br/3.13/howto/logging.html,7,7,
/pt-br/3.13/tutorial/appetite.html,7,7,
/pt-br/3.13/tutorial/venv.html,7,8,
/pt-br/3/library/glob.html,7,7,
/pt-br/3/library/os.path.html,7,7,
/pt-br/3/library/string.html,7,7,
/pt-br/3/tutorial/inputoutput.html,7,7,
/pt-br/3/whatsnew/3.13.html,7,7,
/pt-br/3.13/c-api/index.html,6,6,
/pt-br/3.13/download.html,6,6,
/pt-br/3.13/library/exceptions.html,6,6,
/pt-br/3.13/library/pickle.html,6,6,
/pt-br/3.13/library/time.html,6,6,
/pt-br/3.13/tutorial/,6,7,
/pt-br/3.13/tutorial/inputoutput.html,6,6,
/pt-br/3/howto/sockets.html,6,6,
/pt-br/3/installing/index.html,6,6,
/pt-br/3/library/unittest.html,6,6,
/pt-br/3/tutorial/modules.html,6,6,
/pt-br/3/using/cmdline.html,6,6,
/pt-br/dev/faq/general.html,6,6,
/pt-br/dev/reference/import.html,6,6,
/3.13/,5,5,
/3/library/venv.html,5,5,
/3/search.html,5,5,
/3/tutorial/index.html,5,5,
/pt-br/3.13/library/__main__.html,5,5,
/pt-br/3.13/library/csv.html,5,5,
/pt-br/3.13/library/pydoc.html,5,5,
/pt-br/3.13/library/zipfile.html,5,5,
/pt-br/3.13/reference/index.html,5,5,
/pt-br/3.13/tutorial/errors.html,5,5,
/pt-br/3/library/array.html,5,5,
/pt-br/3/library/datetime.html,5,5,
/pt-br/3/library/exceptions.html,5,6,
/pt-br/3/library/subprocess.html,5,5,
/pt-br/3/using/mac.html,5,5,
/pt-br/dev/library/tkinter.html,5,5,
/3.13/index.html,4,4,
/3.15/,4,3,
/pt-br/3.13/installing/index.html,4,4,
/pt-br/3.13/library/calendar.html,4,4,
/pt-br/3.13/library/intro.html,4,4,
/pt-br/3.13/library/pathlib.html,4,4,
/pt-br/3.13/library/statistics.html,4,7,
/pt-br/3.13/whatsnew/3.13.html,4,4,
/pt-br/3.15/library/webbrowser.html,4,4,
/pt-br/3/contents.html,4,4,
