name,visitors
Lombardy,39
Lazio,30
Veneto,17
Emilia-Romagna,15
Tuscany,12
Sicily,10
Piedmont,8
Apulia,7
Campania,6
Friuli–Venezia Giulia,5
Calabria,4
Abruzzo,3
Guangdong,2
Trentino-South Tyrol,2
Liguria,2
Umbria,2
Marche,2
Sardinia,2
Mato Grosso,1
Abidjan,1
Anhui,1
Baden-Württemberg,1
Bavaria,1
Hesse,1
Wales,1
East Java,1
Jakarta,1
Tamil Nadu,1
Telangāna,1
Uttar Pradesh,1
Chaouia-Ouardigha,1
Ciudad de Mexico,1
Metro Manila,1
Stavropol Krai,1
Taoyuan,1
Maryland,1
Oregon,1
Tashkent,1
