name,visitors,bounce_rate,visit_duration
chatgpt.com,137,57,127
yandex,60,31,123
perplexity,18,28,137
hackernoon.com,16,31,279
Python,13,54,30
ethicalads-placement,5,60,36
logotypus.com,5,40,6
chaosgenius.io,4,75,4
learn-ubuntu,4,50,21
blog.tericcabrel.com,3,100,0
zalo,3,100,0
Corporate Belonging,2,100,0
Securitylab.ru,2,100,0
jessehouwing.net,2,100,0
leanpub.com,2,50,428
post_page-----2eb2a27523a3---------------------------------------,2,50,24
substack,2,50,110
ProgrammingPro Newsletter-PACKT250502003,1,100,0
enki,1,100,0
evemilano.com,1,0,42
ghost.codersera.com,1,100,0
jobboardsearch.com,1,0,16
laconsole.dev,1,100,0
makerluis.com,1,100,0
post_page-----b030d96bcbd0---------------------------------------,1,100,0
post_page-----cce8b8c25412---------------------------------------,1,100,0
post_page-----ddddbc6f4282---------------------------------------,1,0,793
post_page-----ea29ae990cf6---------------------------------------,1,100,0
site,1,100,0
stackshare,1,100,0
vegastack.com,1,100,0
www.8kmm.com,1,0,0
www.9eip.com,1,100,0
