name,visitors
Chrome,217145
Microsoft Edge,86822
Safari,16953
Firefox,16702
Opera,6975
Yandex Browser,6008
Mobile App,2644
Smart Lenovo Browser,1027
Quark,797
Samsung Browser,739
QQ Browser,721
Sogou Explorer,371
Whale Browser,306
vivo Browser,301
MIUI Browser,225
Avast Secure Browser,200
Huawei Browser Mobile,182
Huawei Browser,144
AVG Secure Browser,72
UC Browser,66
Brave,51
QtWebEngine,33
Norton Private Browser,32
Phoenix Browser,31
(not set),30
Chromium,29
Mobile Silk,26
JioSphere,23
Opera GX,23
CCleaner,20
UBrowser,18
SberBrowser,16
Opera Touch,15
Hi Browser,12
Aloha Browser,11
Iron,11
Pale Moon,11
Ecosia,10
Android Browser,9
Avira Secure Browser,9
115 Browser,5
QQ Browser Lite,5
360 Secure Browser,4
AdBlock Browser,4
Kindle Browser,4
NetFront,4
Sleipnir,4
UC Browser Turbo,4
Atom,3
Maxthon,3
Raspbian Chromium,3
Basilisk,2
Cheetah Browser,2
Chromium GOST,2
Lenovo Browser,2
Meizu Browser,2
REST Client for Ruby,2
SeaMonkey,2
Seewo Browser,2
Steam In-Game Overlay,2
Baidu Spark,1
CM Browser,1
Coc Coc,1
CoolBrowser,1
DuckDuckGo Privacy Browser,1
Internet Explorer,1
Lilo,1
Oculus Browser,1
Oppo Browser,1
Raindrop.io,1
Realme Browser,1
Soul Browser,1
Venus Browser,1
t-online.de Browser,1
