name,version,visitors
Chrome,139.0,8040
Microsoft Edge,139.0,6244
Chrome,138.0,5183
Mobile App,(not set),1786
Firefox,141.0,1341
Microsoft Edge,138.0,951
Opera,120.0,760
Safari,18.6,396
Chrome,137.0,263
Yandex Browser,25.6,214
Chrome,132.0,172
Safari,18.5,169
Huawei Browser Mobile,16.0,164
Chrome,122.0,137
Firefox,128.0,135
Chrome,136.0,127
Mobile App,97.0,126
Chrome,109.0,111
Smart Lenovo Browser,9.0,104
Chrome,131.0,97
Chrome,135.0,96
Microsoft Edge,137.0,89
vivo Browser,25.7,86
Chrome,134.0,67
Firefox,140.0,61
Chrome,133.0,58
Quark,(not set),56
Microsoft Edge,136.0,53
Microsoft Edge,92.0,53
Samsung Browser,28.0,49
Chrome,126.0,48
MIUI Browser,20.0,47
Microsoft Edge,122.0,46
Chrome,129.0,45
Microsoft Edge,135.0,44
Avast Secure Browser,138.0,43
Chrome,130.0,39
Chrome,128.0,37
Microsoft Edge,134.0,35
vivo Browser,25.8,33
Microsoft Edge,131.0,32
Safari,17.6,31
Chrome,114.0,29
Microsoft Edge,133.0,26
Chrome,141.0,26
Safari,18.3,26
Safari,16.6,24
Firefox,115.0,23
Chrome,120.0,23
Chrome,127.0,23
Firefox,142.0,23
Chrome,121.0,22
vivo Browser,25.6,22
Safari,26.0,22
Safari,15.6,21
Whale Browser,4.33,21
Microsoft Edge,128.0,20
Firefox,139.0,20
Safari,18.4,20
Mobile App,138.0,19
QQ Browser,19.5,18
Chrome,125.0,17
QQ Browser,19.4,17
Sogou Explorer,2,17
AVG Secure Browser,138.0,16
Chrome,124.0,15
vivo Browser,25.5,15
Quark,7.14,15
Microsoft Edge,100.0,14
Microsoft Edge,114.0,14
Chrome,116.0,14
Chrome,117.0,14
Microsoft Edge,132.0,14
Chrome,108.0,13
Microsoft Edge,127.0,13
Chrome,86.0,13
Chrome,118.0,12
Microsoft Edge,130.0,12
Firefox,137.0,12
CCleaner,138.0,12
Chrome,140.0,12
UC Browser,18.0,12
vivo Browser,25.2,12
Microsoft Edge,109.0,11
Opera,119.0,11
Safari,18.0,11
Chrome,103.0,10
Chrome,105.0,10
Chrome,123.0,10
Norton Private Browser,138.0,10
Safari,16.0,10
UC Browser,17.8,10
Microsoft Edge,18.18363,10
Huawei Browser Mobile,5.1,10
Microsoft Edge,126.0,9
Safari,16.1,9
Safari,16.4,9
Chrome,119.0,8
Microsoft Edge,123.0,8
Firefox,127.0,8
Mobile App,131.0,8
Firefox,136.0,8
Firefox,138.0,8
Safari,17.5,8
Microsoft Edge,18.18362,8
Safari,18.2,8
Opera,90.0,8
Chrome,91.0,8
Opera,93.0,8
Safari,(not set),7
Chrome,107.0,7
Microsoft Edge,107.0,7
Microsoft Edge,112.0,7
Chrome,112.0,7
Chrome,115.0,7
Microsoft Edge,129.0,7
Firefox,134.0,7
Firefox,135.0,7
Safari,17.2,7
Safari,18.1,7
vivo Browser,25.1,7
Opera,95.0,7
Brave,(not set),6
Chrome,100.0,6
Microsoft Edge,116.0,6
Huawei Browser,12.1,6
Microsoft Edge,140.0,6
Huawei Browser Mobile,15.0,6
Safari,17.4,6
Microsoft Edge,18.17763,6
Mobile App,114.0,5
Microsoft Edge,115.0,5
Microsoft Edge,117.0,5
Opera,118.0,5
Microsoft Edge,121.0,5
Avast Secure Browser,137.0,5
Safari,14.1,5
Firefox,143.0,5
QQ Browser,19.3,5
vivo Browser,24.6,5
Chrome,81.0,5
Chrome,104.0,4
Chrome,111.0,4
Microsoft Edge,111.0,4
Firefox,120.0,4
Firefox,131.0,4
Firefox,132.0,4
Safari,17.1,4
Safari,17.14,4
Safari,17.8,4
QQ Browser,19.2,4
vivo Browser,25.4,4
SberBrowser,28.0,4
Whale Browser,4.32,4
Microsoft Edge,84.0,4
Chrome,85.0,4
Chrome,92.0,4
Chrome,95.0,4
Chrome,98.0,4
Firefox,101.0,3
Chrome,101.0,3
Chrome,102.0,3
Microsoft Edge,104.0,3
Firefox,111.0,3
Firefox,113.0,3
Mobile App,116.0,3
Opera,117.0,3
Microsoft Edge,124.0,3
Mobile App,124.0,3
Microsoft Edge,125.0,3
Safari,13.1,3
MIUI Browser,14.10,3
Microsoft Edge,14.14393,3
Firefox,141.2,3
Safari,17.0,3
Safari,17.3,3
MIUI Browser,19.8,3
MIUI Browser,19.9,3
vivo Browser,23.1,3
vivo Browser,23.6,3
Yandex Browser,24.12,3
Yandex Browser,25.4,3
Yandex Browser,25.67,3
Samsung Browser,28.1,3
Chrome,69.0,3
Quark,7.15,3
Chrome,84.0,3
Firefox,88.0,3
Mobile App,90.0,3
Microsoft Edge,98.0,3
Android Browser,(not set),2
(not set),(not set),2
360 Secure Browser,(not set),2
Microsoft Edge,105.0,2
Chrome,106.0,2
Opera,108.0,2
Huawei Browser Mobile,11.0,2
Meizu Browser,11.20,2
Chrome,110.0,2
Microsoft Edge,110.0,2
Firefox,112.0,2
Microsoft Edge,113.0,2
Chrome,113.0,2
Microsoft Edge,119.0,2
Huawei Browser Mobile,12.1,2
MIUI Browser,12.2,2
QQ Browser,12.2,2
QQ Browser,12.5,2
Microsoft Edge,120.0,2
Huawei Browser Mobile,13.0,2
Mobile App,130.0,2
Iron,131.0,2
Firefox,133.0,2
Mobile App,134.0,2
Avast Secure Browser,136.0,2
Safari,14.0,2
MIUI Browser,14.39,2
QQ Browser,14.6,2
Microsoft Edge,16.16299,2
Safari,16.5,2
Microsoft Edge,17.17134,2
UC Browser,17.5,2
UC Browser,17.7,2
Microsoft Edge,18.19041,2
vivo Browser,18.7,2
Phoenix Browser,18.9,2
MIUI Browser,19.3,2
Opera GX,2.9,2
vivo Browser,22.3,2
vivo Browser,24.3,2
vivo Browser,24.9,2
vivo Browser,25.3,2
Aloha Browser,4.7,2
Chrome,83.0,2
Microsoft Edge,86.0,2
Microsoft Edge,89.0,2
Chrome,97.0,2
Mobile App,99.0,2
Huawei Browser Mobile,1.2,1
Huawei Browser Mobile,10.1,1
MIUI Browser,10.4,1
Mobile App,101.0,1
Firefox,102.0,1
Firefox,106.0,1
Microsoft Edge,106.0,1
Firefox,107.0,1
Opera,107.0,1
Firefox,108.0,1
Microsoft Edge,108.0,1
Mobile App,109.0,1
Avast Secure Browser,109.0,1
Safari,11.0,1
Huawei Browser Mobile,11.1,1
Meizu Browser,11.22,1
QQ Browser,11.3,1
MIUI Browser,11.3,1
QQ Browser,11.7,1
Firefox,114.0,1
Opera,115.0,1
Firefox,116.0,1
Safari,12.1,1
Meizu Browser,12.5,1
Firefox,121.0,1
Firefox,123.0,1
Iron,125.0,1
Firefox,128.3,1
Avast Secure Browser,129.0,1
Mobile App,129.0,1
QQ Browser,13.0,1
QQ Browser,13.1,1
MIUI Browser,13.25,1
QQ Browser,13.5,1
QQ Browser,13.6,1
Firefox,130.0,1
Avira Secure Browser,131.0,1
Mobile App,137.0,1
Mobile App,139.0,1
MIUI Browser,14.1,1
MIUI Browser,14.25,1
MIUI Browser,14.3,1
QQ Browser,14.4,1
MIUI Browser,14.7,1
MIUI Browser,14.9,1
Microsoft Edge,141.0,1
Safari,15.2,1
Safari,15.4,1
QQ Browser,16.1,1
UC Browser,16.1,1
MIUI Browser,16.2,1
Safari,16.3,1
vivo Browser,16.7,1
Safari,17.10,1
Safari,17.7,1
MIUI Browser,17.9,1
MIUI Browser,18.1,1
Microsoft Edge,18.19043,1
MIUI Browser,18.3,1
MIUI Browser,18.6,1
MIUI Browser,19.6,1
Firefox Rocket,2.6,1
