name,unique_exits,total_exits,exit_rate
/3.13/tutorial/index.html,4032,4147,
/3.13/using/windows.html,3230,3315,
/ja/3.13/c-api/capsule.html,1892,1906,
/3.13/index.html,930,952,
/3.13/,703,714,
/3.13/whatsnew/3.13.html,692,704,
/3.13/tutorial/,561,574,
/3.13/tutorial/interpreter.html,442,457,
/zh-cn/3.13/tutorial/index.html,389,397,
/3.13/tutorial/appetite.html,357,373,
/3/,348,348,
/3.13/tutorial/introduction.html,284,292,
/3.13/tutorial/controlflow.html,198,215,
/3.13/library/functions.html,189,195,
/3.13/search.html,188,193,
/zh-cn/3.13/,185,191,
/3.13/library/stdtypes.html,177,185,
/ko/3.13/c-api/bytes.html,176,176,
/es/3.13/library/tkinter.html,173,176,
/3.13/library/index.html,156,161,
/pt-br/3.13/tutorial/index.html,136,138,
/zh-cn/3.13/tutorial/controlflow.html,132,136,
/zh-cn/3.13/library/index.html,114,118,
/zh-cn/3.13/library/functions.html,110,117,
/zh-cn/3.13/using/index.html,102,103,
/3.13/library/,100,103,
/fr/3.13/tutorial/index.html,96,101,
/zh-cn/3.13/tutorial/introduction.html,94,100,
/es/3.13/tutorial/index.html,92,102,
/zh-cn/3.13/library/venv.html,89,91,
/zh-cn/3.13/tutorial/interpreter.html,89,92,
/3.13/tutorial/datastructures.html,88,97,
/ja/3.13/tutorial/,85,89,
/3.13/library/idle.html,83,83,
/es/3.13/library/functions.html,83,88,
/ja/3.13/library/re.html,83,86,
/es/3.13/tutorial/classes.html,82,86,
/ja/3.13/library/logging.html,82,88,
/es/3.13/library/idle.html,81,82,
/zh-tw/3.13/tutorial/index.html,79,82,
/zh-cn/3.13/library/stdtypes.html,77,79,
/3.13/glossary.html,74,76,
/ja/3.13/library/functions.html,70,71,
/3.13/installing/index.html,69,72,
/ja/3.13/library/datetime.html,69,74,
/zh-cn/3.13/tutorial/datastructures.html,68,71,
/pt-br/3.13/library/index.html,67,67,
/pt-br/3.13/library/math.html,65,67,
/es/3.13/tutorial/venv.html,62,64,
/es/3.13/library/index.html,61,66,
/pt-br/3.13/library/venv.html,61,62,
/zh-cn/3.13/using/windows.html,61,64,
/pt-br/3.13/tutorial/datastructures.html,60,64,
/es/3.13/tutorial/controlflow.html,59,62,
/3.13/library/typing.html,57,57,
/3.13/tutorial/modules.html,56,56,
/ja/3.13/library/stdtypes.html,56,58,
/uk/3.13/extending/extending.html,53,54,
/zh-cn/3.13/tutorial/classes.html,53,55,
/zh-tw/3.13/library/venv.html,53,53,
/3.13/using/cmdline.html,52,53,
/3/library/functions.html,52,52,
/es/3.13/tutorial/datastructures.html,52,54,
/ja/3.13/library/subprocess.html,52,52,
/pt-br/3.13/library/functions.html,52,55,
/es/3.13/tutorial/introduction.html,51,53,
/ja/3.13/library/enum.html,51,51,
/ja/3.13/library/json.html,51,51,
/zh-cn/3.13/search.html,51,55,
/3/tutorial/index.html,50,49,
/es/3.13/library/re.html,50,51,
/3.13/download.html,49,49,
/3.13/library/exceptions.html,49,49,
/3.13/library/datetime.html,47,47,
/3.13/library/tkinter.html,47,50,
/zh-cn/3.13/tutorial/appetite.html,47,47,
/zh-cn/3.13/tutorial/inputoutput.html,47,53,
/3.13/reference/index.html,46,49,
/3.13/using/mac.html,46,46,
/ja/3.13/library/typing.html,46,49,
/zh-cn/3.13/index.html,46,47,
/zh-cn/3.13/using/android.html,46,46,
/3.13/using/index.html,45,45,
/ja/3.13/library/index.html,45,46,
/zh-cn/3.13/download.html,44,45,
/es/3.13/tutorial/interpreter.html,43,45,
/zh-cn/3.13/library/pdb.html,43,44,
/3.13/library/random.html,42,42,
/3.13/tutorial/classes.html,42,43,
/es/3.13/installing/index.html,42,42,
/es/3.13/tutorial/errors.html,42,42,
/ja/3.13/library/pathlib.html,42,43,
/es/3.13/library/stdtypes.html,41,44,
/3/library/tkinter.html,40,40,
/es/3.13/,40,40,
/pt-br/3.13/,40,44,
/zh-cn/3.13/tutorial/,40,40,
/ja/3.13/library/csv.html,39,39,
/3.13/library/os.html,38,39,
/ja/3.13/library/random.html,38,40,
