name,unique_exits,total_exits,exit_rate
/pl/3/tutorial/datastructures.html,53,55,
/pl/dev/library/turtle.html,30,30,
/pl/3/tutorial/index.html,23,24,
/pl/3/tutorial/introduction.html,17,18,
/pl/dev/tutorial/classes.html,15,17,
/pl/3/installing/index.html,13,13,
/pl/3/tutorial/controlflow.html,13,14,
/pl/3/tutorial/modules.html,13,15,
/pl/3/library/array.html,11,11,
/pl/3/tutorial/interpreter.html,9,10,
/pl/3/library/functions.html,7,7,
/pl/3/tutorial/venv.html,7,7,
/pl/3.13/tutorial/index.html,6,6,
/pl/3.13/tutorial/introduction.html,6,6,
/pl/3/tutorial/appetite.html,6,7,
/pl/3/tutorial/errors.html,6,6,
/pl/3.13/tutorial/datastructures.html,5,4,
/pl/3/tutorial/,5,5,
/pl/3/tutorial/inputoutput.html,5,5,
/pl/dev/tutorial/datastructures.html,5,5,
/pl/dev/tutorial/inputoutput.html,5,5,
/3/library/turtle.html,4,4,
/pl/3.13/library/stdtypes.html,4,5,
/pl/3.13/tutorial/interpreter.html,4,3,
/pl/3/,4,4,
/pl/3/tutorial/floatingpoint.html,4,4,
/pl/3.13/,3,3,
/pl/3.13/index.html,3,3,
/pl/3.13/library/idle.html,3,3,
/pl/3.13/library/turtle.html,3,3,
/pl/3.13/tutorial/,3,4,
/pl/3/library/index.html,3,3,
/pl/3/reference/index.html,3,3,
/pl/3/search.html,3,3,
/pl/dev/tutorial/controlflow.html,3,3,
/3.13/tutorial/controlflow.html,2,2,
/3.13/tutorial/index.html,2,2,
/3/,2,2,
/3/library/sys.html,2,2,
/3/tutorial/,2,2,
/3/tutorial/index.html,2,2,
/pl/3.12/library/json.html,2,2,
/pl/3.13/download.html,2,2,
/pl/3.13/howto/sorting.html,2,2,
/pl/3.13/library/index.html,2,2,
/pl/3.13/library/math.html,2,2,
/pl/3/library/idle.html,2,2,
/pl/3/library/stdtypes.html,2,2,
/pl/3/library/zoneinfo.html,2,2,
/pl/dev/library/functions.html,2,2,
/pl/dev/library/index.html,2,2,
//3/glossary.html,1,0,
/3.12/whatsnew/3.12.html,1,1,
/3.13/genindex-C.html,1,1,
/3.13/library/idle.html,1,1,
/3.13/library/json.html,1,1,
/3.13/library/math.html,1,1,
/3.13/library/winsound.html,1,1,
/3.13/tutorial/,1,1,
/3.13/tutorial/appetite.html,1,1,
/3.13/tutorial/introduction.html,1,1,
/3.13/using/editors.html,1,1,
/3/c-api/arg.html,1,1,
/3/extending/extending.html,1,1,
/3/installing/index.html,1,1,
/3/library/copy.html,1,1,
/3/library/idle.html,1,1,
/3/library/itertools.html,1,1,
/3/library/multiprocessing.html,1,1,
/3/library/os.html,1,1,
/3/library/pdb.html,1,1,
/3/library/stdtypes.html,1,1,
/3/library/string.html,1,1,
/3/library/time.html,1,1,
/3/library/tkinter.html,1,1,
/3/py-modindex.html,1,1,
/3/reference/index.html,1,1,
/3/reference/lexical_analysis.html,1,1,
/3/search.html,1,1,
/3/tutorial/appetite.html,1,1,
/3/tutorial/classes.html,1,1,
/3/using/cmdline.html,1,1,
/fr/3.13/tutorial/interpreter.html,1,1,
/pl/3.12/library/stdtypes.html,1,1,
/pl/3.12/tutorial/appetite.html,1,1,
/pl/3.12/tutorial/introduction.html,1,1,
/pl/3.13/faq/programming.html,1,1,
/pl/3.13/library/__main__.html,1,1,
/pl/3.13/library/base64.html,1,1,
/pl/3.13/library/collections.html,1,1,
/pl/3.13/library/functions.html,1,1,
/pl/3.13/library/glob.html,1,1,
/pl/3.13/library/tkinter.font.html,1,1,
/pl/3.13/reference/compound_stmts.html,1,1,
/pl/3.13/search.html,1,1,
/pl/3.13/tutorial/controlflow.html,1,1,
/pl/3.13/tutorial/inputoutput.html,1,1,
/pl/3.13/whatsnew/3.13.html,1,3,
/pl/3.14/contents.html,1,1,
/pl/3.14/installing/index.html,1,1,
