name,visitors,bounce_rate,visit_duration
Direct / None,155104,60,116
Google,115706,58,101
Bing,32487,59,117
chatgpt.com,31499,67,106
Baidu,5737,52,138
Yandex,4202,60,99
GitHub,2580,71,90
Yahoo!,2493,59,137
Brave,2396,63,93
docs.python.org,1838,52,94
Youtube,1805,67,99
DuckDuckGo,1138,58,92
link.csdn.net,1133,55,114
360.cn,855,46,212
doubao.com,814,66,116
code.visualstudio.com,774,77,69
copilot.microsoft.com,675,64,119
python.p2hp.com,585,62,128
Naver,472,51,90
w3schools.com,440,51,113
link.zhihu.com,385,53,174
claude.ai,342,69,87
Microsoft Teams,339,77,87
qiita.com,276,54,120
pip.pypa.io,253,50,132
learn.microsoft.com,234,62,80
netacad.com,201,77,163
Perplexity,186,62,140
Ecosia,185,61,73
LinkedIn,175,68,37
packaging.python.org,173,38,109
yuanbao.tencent.com,165,62,144
Coccoc,158,51,142
Sogou,152,56,123
blog.csdn.net,152,57,182
Reddit,151,68,94
wiki.python.org,139,65,164
pytorch.org,132,73,54
python.jp,128,54,61
peps.python.org,123,40,197
pypi.org,117,73,40
liaoxuefeng.com,113,71,101
roadmap.sh,108,66,107
realpython.com,99,62,93
ai.google.dev,96,56,46
chat.baidu.com,89,58,171
jianshu.com,85,80,138
blog.naver.com,84,55,93
geeksforgeeks.org,82,74,69
runoob.com,75,79,151
Wikipedia,74,43,169
udemy.com,73,88,7
quark.cn,69,57,135
online.itvarsity.org,68,61,123
sukkiri.jp,68,44,129
devguide.python.org,67,69,54
Telegram,61,69,155
dotiromoook.tistory.com,59,51,150
soroban.highreso.jp,58,81,117
blackbox.ai,57,61,92
cnblogs.com,53,48,131
medium.com,53,74,101
tongyi.com,53,55,345
Qwant,52,58,197
docs.pingcode.com,49,45,99
jetbrains.com,47,66,160
Facebook,46,72,86
datacamp.com,45,72,97
enlacesnintricks.blogspot.com,44,82,41
online-python.com,44,59,97
openclassrooms.com,44,77,179
pythoncentral.io,44,57,90
pythoninsider.blogspot.com,44,42,131
python.org.br,43,70,186
scikit-learn.org,43,70,93
chat.qwen.ai,42,60,185
poe.com,41,57,121
courses.edx.org,40,95,1
discuss.python.org,40,65,60
uejmmatovelle-guayaquil.runacode.com,40,60,392
ithelp.ithome.com.tw,39,64,95
pythonguis.com,39,69,154
lms.ev.org.br,38,74,164
blog.pyq.jp,35,46,192
cs50.readthedocs.io,35,53,59
docs.qq.com,35,77,83
sky.pro,35,46,134
pygame.org,34,41,120
aisearch.sogou.com,32,44,70
spotdl.readthedocs.io,32,19,138
gradio.app,31,55,106
romptn.com,31,91,58
ursinaengine.org,31,58,70
Vkontakte,29,62,320
docs.platformio.org,29,62,121
yuque.com,29,52,137
127.0.0.1,28,77,157
source.android.com,28,68,34
namu.wiki,26,46,115
ai-kenkyujo.com,25,40,194
auto-editor.com,25,44,88
ntp.msn.cn,25,72,25
pythontest.com,25,40,206
dzen.ru,24,54,72
edube.org,24,83,18
m.so.com,24,54,83
m365.cloud.microsoft,24,58,69
py4e.com,24,79,72
digitalocean.com,23,65,67
esphome.io,23,74,143
gall.dcinside.com,23,83,63
wikidocs.net,23,70,40
chat.mistral.ai,22,50,61
doc.courtbouillon.org,22,86,110
quantrimang.com,22,64,158
m.blog.naver.com,21,38,40
amuletmc.com,20,65,14
cloud.tencent.com,20,55,163
pcschool.com.tw,20,45,109
rivery.io,20,60,21
weel.co.jp,20,76,5
dataquest.io,19,63,131
drive2.ru,19,58,388
brunch.co.kr,18,50,57
codecademy.com,18,58,86
login.microsoftonline.com,18,50,38
n.cn,18,61,74
pythongeeks.org,18,89,2
rutube.ru,18,79,206
theforage.com,18,83,4
tutorialspoint.com,18,68,96
w3school.com.cn,18,74,77
4pda.to,17,71,37
Gmail,17,59,181
docs.espressif.com,17,65,90
docs.reportlab.com,17,65,13
freedidi.com,17,65,119
hackernoon.com,17,59,31
tensorflow.org,17,61,222
tryhackme.com,17,71,19
web.stanford.edu,17,35,183
Daum,16,59,221
Instagram,16,75,40
automatetheboringstuff.com,16,50,66
cursos.alura.com.br,16,81,5
endoflife.date,16,62,35
github.tools.sap,16,19,213
jobright.ai,16,81,9
legacy.python.org,16,62,284
randomnerdtutorials.com,16,88,3
sysnettechsolutions.com,16,81,78
unknowncheats.me,16,75,87
wenxiaobai.com,16,65,76
Mail.ru,15,87,35
Shenma,15,80,65
freecodecamp.org,15,67,71
kone.gg,15,93,1
link.juejin.cn,15,60,315
lucasb.eyer.be,15,93,1
portablepython.com,15,53,37
tkdocs.com,15,47,200
chat.chatbotapp.ai,14,57,227
gitee.com,14,71,87
skillbox.ru,14,86,41
teletype.in,14,73,30
wikiwiki.jp,14,36,137
blog.python.org,13,38,264
futurelearn.com,13,77,179
gamebanana.com,13,77,3
inst.eecs.berkeley.edu,13,31,409
pagekite.net,13,54,175
pymacrorecord.com,13,47,269
tutorial.djangogirls.org,13,38,194
instaloader.github.io,12,17,103
metanit.com,12,67,190
microsoft.github.io,12,69,387
music21.org,12,75,106
nadocoding.tistory.com,12,17,131
pythonjobshq.com,12,67,22
pythononlinecompiler.ru,12,67,35
pythonorg.cn,12,67,109
pythonworld.ru,12,75,211
tapnav.com,12,100,0
worthytutors.com,12,67,41
Twitter,11,73,23
community.octoprint.org,11,18,236
docs.opencv.org,11,91,1
docs.streamlit.io,11,91,2
droidwin.com,11,73,9
edu.sirius.online,11,64,43
flex-link.co.kr,11,18,148
heytech.tistory.com,11,55,180
internet-start.net,11,45,143
javadrive.jp,11,27,68
jb51.net,11,64,152
mitsubishielectricgroup.sharepoint.com,11,55,49
mooc.fi,11,82,7
xdaforums.com,11,82,70
bitbucket.org,10,90,6
cainiaojc.com,10,60,229
chat.siemens.com,10,70,34
docs.zephyrproject.org,10,55,24
help.aliyun.com,10,50,270
itproger.com,10,60,30
learnhub.atoz.amazon.work,10,80,9
lolz.live,10,92,1
nexusmods.com,10,100,0
patreon.com,10,70,21
programmingwithjim.wordpress.com,10,40,8
redis.io,10,90,6
softserve.academy,10,90,45
telegra.ph,10,80,25
timeweb.cloud,10,20,75
university.zerocoder.ru,10,64,110
Amazon,9,70,19
app.aluracursos.com,9,89,20
badcaps.net,9,64,264
boto3.amazonaws.com,9,78,18
brian0111.com,9,56,284
cgohlke.com,9,44,469
codelv.com,9,78,31
confluence.fmr.com,9,78,73
copilot.cloud.microsoft,9,67,175
developer.mozilla.org,9,44,23
docs.telethon.dev,9,80,55
gammasoft.jp,9,56,50
harmash.com,9,56,185
iwiki.woa.com,9,44,254
kikagaku.co.jp,9,33,128
kivy.org,9,78,32
mkdocs.org,9,22,58
newsuk1.com,9,78,32
post_page-----15de070a9cc6---------------------------------------,9,78,13
saturncloud.io,9,11,208
talentotech2.com.co,9,70,36
velog.io,9,44,250
vocus.cc,9,67,16
aranzulla.it,8,38,180
asreview.nl,8,62,162
confluence.oraclecorp.com,8,88,0
csc.edu.vn,8,25,248
diveintopython.org,8,12,28
hovatek.com,8,62,172
idealab.alibaba-inc.com,8,62,284
odoo.com,8,100,0
pandas.pydata.org,8,75,88
ru.hexlet.io,8,25,28
stablediffusiontutorials.com,8,75,4
virtualenv.pypa.io,8,88,16
yyoossk.blogspot.com,8,75,18
RPMFind,7,14,59
anaconda.com,7,71,71
belajarpython.com,7,57,603
blog.data101.io,7,57,280
colaboranet.com,7,64,202
developer.aliyun.com,7,71,41
docs.isaacsim.omniverse.nvidia.com,7,57,168
forest.watch.impress.co.jp,7,57,128
his.huawei.com,7,43,50
inside-docupedia.bosch.com,7,62,107
kkaneko.jp,7,14,103
learn.online-python.com,7,43,70
letsdefend.io,7,86,138
lms.skillfactory.ru,7,62,270
markgalassi.codeberg.page,7,56,6
notebooks.githubusercontent.com,7,57,4
pythonlinks.python.jp,7,71,43
sidekick.deloitte.com,7,71,7
spectrum20.tistory.com,7,86,0
spia-net.com,7,86,122
sqlmodel.tiangolo.com,7,86,10
starter-guide.od.pythonic-exam.com,7,43,149
steamcommunity.com,7,71,131
trinket.io,7,86,11
Quora,6,50,128
boot.dev,6,100,0
bot.n.cn,6,57,242
canva.com,6,83,90
cocalc.com,6,100,0
codeup.kr,6,83,1
confluence.ciena.com,6,83,140
confluence.tools.telstra.com,6,71,6
cs61c.org,6,50,208
doc.qt.io,6,83,3
docs.edgeimpulse.com,6,50,305
docs.opendronemap.org,6,67,1
dosparaplus.com,6,50,68
icmai.in,6,67,4
jpc-excel.officeapps.live.com,6,33,44
kennesaw.view.usg.edu,6,83,142
klv.co.jp,6,67,64
lfd.uci.edu,6,100,0
mashru3e.com,6,67,40
moodle.telt.unsw.edu.au,6,83,5
naukri.com,6,67,3
obsproject.com,6,83,4
portal.itgen.io,6,33,14
priming.tistory.com,6,83,2
programiz.com,6,67,40
python-lernen.de,6,17,174
