name,visitors
United States,3201
India,2184
China,2111
Russian Federation,1096
United Kingdom,1015
Japan,841
Germany,798
France,710
Canada,502
Hong Kong,448
Brazil,435
Netherlands,394
South Korea,372
Spain,345
Australia,338
Taiwan,310
Singapore,307
Vietnam,293
Mexico,273
Turkey,265
Italy,261
Poland,244
Israel,209
Indonesia,207
Ukraine,197
Colombia,195
Switzerland,174
Pakistan,166
Thailand,162
Sweden,153
Argentina,124
Finland,118
South Africa,117
Belgium,116
Czechia,113
Egypt,110
Denmark,106
Peru,101
Philippines,95
Malaysia,90
Austria,87
Nigeria,84
Norway,79
Ireland,76
Chile,70
Hungary,62
Uzbekistan,62
United Arab Emirates,59
Kenya,59
Romania,59
Greece,56
Saudi Arabia,56
Bangladesh,54
Kazakhstan,52
Morocco,51
Bulgaria,48
Ecuador,46
Sri Lanka,45
Serbia,43
Belarus,39
Algeria,38
Portugal,38
Nepal,34
Latvia,32
Ethiopia,30
Ghana,29
Estonia,28
Venezuela,28
Lithuania,27
New Zealand,27
Tunisia,27
Slovakia,26
Iraq,24
Myanmar,24
Armenia,20
Slovenia,20
Georgia,19
Uganda,16
Costa Rica,15
Moldova,15
Bolivia,14
Cyprus,14
Kyrgyzstan,14
Uruguay,14
Azerbaijan,13
Croatia,13
Cambodia,13
Dominican Republic,12
Jordan,12
Rwanda,12
Guatemala,9
Luxembourg,9
Madagascar,9
Honduras,8
Iceland,8
Senegal,8
Albania,7
Bahrain,7
"Congo, The Democratic Republic of the",7
Cameroon,7
Panama,7
Tanzania,7
Zambia,7
Afghanistan,6
Angola,6
Lebanon,6
Mongolia,6
"Palestine, State of",6
El Salvador,6
Tajikistan,6
Kuwait,5
Oman,5
Qatar,5
Seychelles,5
Zimbabwe,5
Côte d'Ivoire,4
Cuba,4
Malta,4
Namibia,4
Syria,4
Kosovo,4
Yemen,4
Bosnia and Herzegovina,3
Benin,3
Bahamas,3
Botswana,3
Gabon,3
Liberia,3
Libya,3
Somalia,3
Bhutan,2
North Macedonia,2
Mauritius,2
Malawi,2
Nicaragua,2
Puerto Rico,2
Réunion,2
Sierra Leone,2
Trinidad and Tobago,2
Burkina Faso,1
Burundi,1
Bermuda,1
Brunei Darussalam,1
Cabo Verde,1
Fiji,1
Guinea,1
Guadeloupe,1
Guyana,1
Haiti,1
Jersey,1
Jamaica,1
Laos,1
Lesotho,1
Montenegro,1
Macao,1
Mauritania,1
Maldives,1
Mozambique,1
Paraguay,1
Eswatini,1
