name,visitors
Taipei,268
New Taipei,184
Taichung,104
Taoyuan,88
Kaohsiung,59
Hsinchu County,44
Tainan,33
Changhua,25
Hsinchu,23
Pingtung,10
Anhui,7
Miaoli,7
Yunlin,7
England,6
Jiangsu,4
Shandong,4
Tokyo,4
Chiayi County,4
Nantou,4
Beijing,3
Zhejiang,3
Chiayi,3
Arizona,3
California,3
Minsk,2
Henan,2
Shanghai,2
Hamburg,2
Central and Western Hong Kong Island,2
Wan Chai Hong Kong Island,2
Kwun Tong Kowloon,2
Telangāna,2
Yilan,2
Keelung,2
Washington,2
South Australia,1
Guangdong,1
Hubei,1
Hebei,1
Shaanxi,1
Kowloon City Kowloon,1
Sai Kung New Territories,1
Tai Po New Territories,1
Jakarta,1
West Bengal,1
Incheon,1
North Brabant,1
Cordillera Administrative,1
Chechen,1
Hualien,1
Taitung,1
Pennsylvania,1
Virginia,1
