name,visitors,bounce_rate,visit_duration
Direct / None,702,84,153
Google,684,82,101
Bing,46,79,114
Baidu,36,81,10
Yahoo!,10,70,4
chatgpt.com,9,67,198
steam.oxxostudio.tw,9,89,4
python.org,8,0,228
pcschool.com.tw,3,100,7
finlab.tw,2,100,0
realnewbie.com,2,100,0
10.242.117.53,1,100,0
Perplexity,1,100,0
chat.baidu.com,1,100,0
claude.ai,1,0,901
dvcbot.vis.com.tw,1,0,290
henyahouse.com,1,0,14
ithelp.ithome.com.tw,1,0,258
python.github.net.cn,1,0,52
roadmap.sh,1,0,663
s172-29-12-200p8888.lab-aws-production.deeplearning.ai,1,0,713
scikit-learn.org,1,0,319
sso.int.clsa.com,1,0,659
wenku.baidu.com,1,0,1776
yuehua-liu.github.io,1,100,0
