name,unique_entrances,total_entrances,visit_duration
/tr/3/tutorial/index.html,11,12,390
/3/,10,10,132
/tr/3/installing/index.html,9,10,47
/tr/3/,7,7,7
/3/library/re.html,3,3,1053
/tr/3.13/,3,3,7
/tr/3.13/library/tkinter.html,3,3,5
/tr/3.13/search.html,3,3,779
/3/library/__main__.html,2,2,222
/3/library/random.html,2,2,1395
/3/library/tk.html,2,2,540
/3/library/tkinter.html,2,2,186
/3/tutorial/,2,2,31
/3/tutorial/introduction.html,2,2,664
/tr/3.13/tutorial/index.html,2,2,4
/tr/3/library/functions.html,2,2,0
/tr/3/library/time.html,2,2,16
/tr/3/tutorial/controlflow.html,2,2,0
/tr/3/tutorial/introduction.html,2,3,237
/tr/3/tutorial/venv.html,2,2,0
/3.13/library/index.html,1,1,1422
/3.13/library/sys.html,1,1,10
/3.13/tutorial/index.html,1,1,0
/3.13/tutorial/modules.html,1,1,656
/3.13/using/windows.html,1,1,68
/3/library/base64.html,1,1,3
/3/library/exceptions.html,1,1,71
/3/library/functions.html,1,1,403
/3/library/idle.html,1,1,25
/3/library/index.html,1,1,410
/3/library/logging.html,1,1,17
/3/py-modindex.html,1,1,0
/3/tutorial/appetite.html,1,1,28
/3/tutorial/index.html,1,1,2800
/es/3.13/tutorial/introduction.html,1,1,8
/tr/3.13/genindex.html,1,1,0
/tr/3.13/index.html,1,1,9
/tr/3.13/library/asyncio-task.html,1,1,0
/tr/3.13/library/base64.html,1,1,0
/tr/3.13/library/index.html,1,1,0
/tr/3.13/library/random.html,1,1,12
/tr/3.13/library/stdtypes.html,1,1,0
/tr/3.13/library/tkinter.ttk.html,1,1,0
/tr/3.13/tutorial/,1,1,0
/tr/3.13/tutorial/appetite.html,1,1,0
/tr/3.13/tutorial/classes.html,1,1,2578
/tr/3.13/tutorial/controlflow.html,1,1,0
/tr/3.13/tutorial/datastructures.html,1,1,0
/tr/3.13/tutorial/introduction.html,1,1,0
/tr/3.13/tutorial/modules.html,1,1,0
/tr/3.13/using/windows.html,1,1,0
/tr/3.14/extending/windows.html,1,1,0
/tr/3.14/howto/sorting.html,1,1,0
/tr/3.14/library/math.html,1,1,3
/tr/3/faq/gui.html,1,1,0
/tr/3/genindex-all.html,1,1,0
/tr/3/glossary.html,1,1,0
/tr/3/tutorial/classes.html,1,1,0
/tr/3/tutorial/inputoutput.html,1,1,0
/tr/3/whatsnew/2.4.html,1,1,0
