name,unique_entrances,total_entrances,visit_duration
/3/,21,21,247
/tr/3/installing/index.html,10,10,0
/tr/3/tutorial/index.html,6,6,6
/tr/3/,5,5,43
/tr/3/tutorial/inputoutput.html,5,5,0
/tr/3/tutorial/errors.html,4,4,0
/3/tutorial/datastructures.html,3,3,742
/3/tutorial/index.html,3,4,80
/tr/3/howto/sorting.html,3,3,0
/tr/3/tutorial/datastructures.html,3,3,0
/3.13/using/windows.html,2,2,676
/3/library/tkinter.html,2,2,488
/tr/3.13/library/unittest.mock.html,2,2,0
/tr/3.13/tutorial/datastructures.html,2,3,0
/tr/3.13/tutorial/index.html,2,2,0
/tr/3.13/tutorial/introduction.html,2,2,986
/tr/3/glossary.html,2,2,0
/3.13/glossary.html,1,1,14
/3.13/index.html,1,1,1698
/3.13/library/functions.html,1,1,1045
/3.13/search.html,1,1,174
/3.13/whatsnew/changelog.html,1,1,1265
/3.14/tutorial/,1,1,53
/3/faq/,1,1,64
/3/howto/index.html,1,1,50
/3/installing/index.html,1,1,199
/3/library/datetime.html,1,1,827
/3/library/functions.html,1,1,357
/3/library/idle.html,1,1,14
/3/library/index.html,1,1,391
/3/library/io.html,1,1,39
/3/library/itertools.html,1,1,445
/3/library/math.html,1,1,588
/3/library/random.html,1,1,1300
/3/library/stdtypes.html,1,1,17
/3/library/turtle.html,1,1,1485
/3/library/urllib.html,1,1,51
/3/library/xml.html,1,1,5
/3/license.html,1,1,50
/3/using/mac.html,1,1,1282
/es/3.13/tutorial/index.html,1,1,236
/it/3.13/tutorial/datastructures.html,1,1,883
/tr/3.12/library/index.html,1,1,0
/tr/3.12/tutorial/classes.html,1,1,0
/tr/3.12/tutorial/index.html,1,1,0
/tr/3.13/,1,1,0
/tr/3.13/glossary.html,1,1,0
/tr/3.13/installing/,1,1,0
/tr/3.13/library/functions.html,1,1,0
/tr/3.13/library/index.html,1,1,0
/tr/3.13/library/xml.etree.elementtree.html,1,1,0
/tr/3.13/tutorial/controlflow.html,1,1,2
/tr/3.13/tutorial/inputoutput.html,1,1,128
/tr/3.13/tutorial/interpreter.html,1,1,0
/tr/3.14/tutorial/errors.html,1,1,1
/tr/3.14/whatsnew/3.14.html,1,1,3587
/tr/3/contents.html,1,1,0
/tr/3/faq/gui.html,1,1,0
/tr/3/library/functions.html,1,1,0
/tr/3/library/tk.html,1,1,0
/tr/3/tutorial/controlflow.html,1,1,0
/tr/3/tutorial/interpreter.html,1,1,1
/tr/3/tutorial/introduction.html,1,1,0
