name,version,visitors
Windows,10,1211
Mac,10.15,608
Android,10,230
GNU/Linux,(not set),189
iOS,18.6,124
Windows,7,44
Ubuntu,(not set),25
Android,15,22
iOS,18.5,17
Chrome OS,14541.0,13
Android,14,9
iOS,26.0,7
Android,16,6
Android,13,5
Windows,Server 2003,5
Android,11,4
Android,12,4
iOS,17.6,4
iOS,17.7,4
Mac,10.10,3
iOS,15.8,3
iOS,16.7,3
iOS,17.5,3
HarmonyOS,(not set),2
iOS,17.4,2
iOS,18.1,2
iOS,18.3,2
HarmonyOS,3.0,2
(not set),(not set),1
Mac,10.11,1
Mac,10.13,1
iOS,12.4,1
iOS,17.2,1
iOS,19.0,1
Android,9,1
