name,visitors
Tokyo,859
Kanagawa,250
Osaka,216
Saitama,113
Aichi,104
Chiba,93
Kyoto,66
Hyogo,65
Hokkaido,53
Fukuoka,47
Shizuoka,30
Miyagi,28
Ibaraki,24
Shiga,23
Hiroshima,22
Nagano,19
Niigata,18
Hebei,16
Gunma,15
Gifu,15
Nara,15
Guangdong,13
Tochigi,13
Henan,12
Shandong,12
Zhejiang,12
Okayama,12
Akita,11
Hunan,10
Jiangsu,10
Iwate,9
Fukushima,9
Ehime,9
Oita,9
Okinawa,9
Anhui,8
Shanghai,8
Shaanxi,8
Fukui,8
Toyama,7
Wakayama,7
Yunnan,6
Yamagata,6
Kumamoto,6
Beijing,5
Aomori,5
Ishikawa,5
Mie,5
Tottori,5
Shimane,5
Saga,5
Fujian,4
Sichuan,4
Yamanashi,4
Yamaguchi,4
Miyazaki,4
Kagoshima,4
Hubei,3
Jilin,3
Liaoning,3
Tokushima,3
Kagawa,3
Quebec,2
Zürich,2
Chongqing,2
Gansu,2
Shanxi,2
Leinster,2
Nagasaki,2
East Kazakhstan,2
Punjab,2
Beograd,2
Taipei,2
California,2
Guangxi,1
Guizhou,1
Hainan,1
Inner Mongolia,1
Ningxia,1
Xinjiang,1
Baden-Württemberg,1
Bavaria,1
Hesse,1
Auvergne-Rhône-Alpes,1
Hauts-de-France,1
Central Java,1
Bihar,1
Gujarat,1
Uttar Pradesh,1
Lombardy,1
Nairobi County,1
Ciudad de Mexico,1
Silesia,1
Samara,1
Dushanbe,1
Hualien,1
Florida,1
Hawaii,1
Illinois,1
Oregon,1
Pennsylvania,1
Virginia,1
Ho Chi Minh City,1
