name,version,visitors
Chrome,144.0,170166
Chrome,145.0,104887
Microsoft Edge,145.0,81957
Microsoft Edge,144.0,19368
Firefox,147.0,15609
Opera,127.0,10021
Yandex Browser,25.12,8427
Chrome,132.0,7559
Chrome,143.0,7242
Safari,26.2,6741
Opera,126.0,5938
Chrome,109.0,5067
Safari,26.3,3251
Chrome,142.0,3166
Microsoft Edge,143.0,3097
Mobile App,(not set),2789
Safari,18.6,2575
Chrome,138.0,2569
Chrome,135.0,1601
Microsoft Edge,142.0,1576
Firefox,140.0,1450
Chrome,69.0,1380
Chrome,141.0,1244
Chrome,139.0,1185
Chrome,140.0,1148
Chrome,131.0,944
Safari,18.5,893
Microsoft Edge,92.0,873
Safari,17.6,839
Safari,26.1,744
Samsung Browser,29.0,719
Chrome,137.0,703
360 Secure Browser,(not set),662
Microsoft Edge,140.0,661
Firefox,115.0,657
Chrome,122.0,635
Chrome,133.0,625
Microsoft Edge,141.0,620
Chrome,136.0,573
Safari,26.0,564
Chrome,134.0,520
Chrome,116.0,487
Safari,16.6,476
Quark,(not set),467
Firefox,146.0,464
Microsoft Edge,122.0,444
Chrome,128.0,441
Microsoft Edge,138.0,373
Safari,18.3,361
Yandex Browser,24.10,340
Whale Browser,4.35,340
Safari,18.7,327
Chrome,126.0,306
Microsoft Edge,139.0,305
Chrome,124.0,285
Chrome,103.0,279
Chrome,130.0,274
Chrome,120.0,268
Chrome,146.0,265
Safari,15.6,259
Safari,17.5,255
Mobile App,144.0,249
Smart Lenovo Browser,9.0,244
Chrome,129.0,227
Avast Secure Browser,144.0,219
Chrome,121.0,217
Chrome,117.0,215
Chrome,108.0,212
Chrome,111.0,206
Microsoft Edge,109.0,204
Microsoft Edge,137.0,204
Microsoft Edge,136.0,203
Microsoft Edge,131.0,201
Chrome,127.0,199
Firefox,145.0,198
Microsoft Edge,135.0,188
Chrome,107.0,187
Chrome,105.0,184
Chrome,123.0,182
Chrome,125.0,180
Sogou Explorer,2,179
Microsoft Edge,134.0,177
Microsoft Edge,100.0,176
Opera,125.0,167
Safari,18.4,167
Safari,(not set),165
Opera,95.0,163
Firefox,148.0,162
Chrome,114.0,161
QQ Browser,20.1,158
Safari,18.1,155
Chrome,106.0,153
Chrome,104.0,151
Safari,17.4,148
Firefox,128.0,146
Firefox,143.0,139
Chrome,110.0,137
Microsoft Edge,133.0,137
Chrome,112.0,133
Safari,18.2,128
Chrome,86.0,127
Chrome,119.0,121
Microsoft Edge,132.0,117
Microsoft Edge,18.18362,112
Firefox,136.0,108
Firefox,142.0,108
Safari,18.0,108
Yandex Browser,25.10,107
Microsoft Edge,129.0,99
Firefox,127.0,94
Firefox,144.0,90
Microsoft Edge,127.0,88
Microsoft Edge,128.0,86
Firefox,141.0,86
Safari,26.4,86
Microsoft Edge,130.0,84
AVG Secure Browser,144.0,79
Firefox,5.0,78
Microsoft Edge,90.0,78
(not set),(not set),74
Yandex Browser,25.8,72
Safari,17.1,69
Firefox,135.0,68
Safari,16.5,67
Microsoft Edge,18.18363,67
Samsung Browser,28.0,66
Microsoft Edge,86.0,66
Chrome,118.0,65
Safari,17.3,64
Microsoft Edge,126.0,63
Huawei Browser Mobile,16.0,61
Chrome,113.0,59
Microsoft Edge,123.0,59
Safari,14.1,58
Opera,122.0,57
MIUI Browser,14.51,57
Microsoft Edge,17.17134,57
Brave,(not set),56
Opera,124.0,55
vivo Browser,15.1,55
Microsoft Edge,18.17763,55
Safari,17.2,54
QQ Browser,21.0,54
Yandex Browser,25.127,54
QQ Browser,6.2,53
Chrome,87.0,52
Huawei Browser,12.1,51
Safari,16.1,51
Huawei Browser Mobile,17.0,51
Chrome,101.0,49
QQ Browser,19.8,49
Microsoft Edge,121.0,48
Chrome,147.0,48
Chrome,95.0,48
Safari,16.3,47
Chrome,99.0,47
Norton Private Browser,144.0,46
Yandex Browser,25.125,46
Microsoft Edge,120.0,44
Safari,17.14,44
Microsoft Edge,125.0,43
Yandex Browser,25.6,43
Chrome,97.0,43
Chrome,115.0,42
Safari,16.4,41
Microsoft Edge,119.0,40
Microsoft Edge,18.19041,39
Mobile App,114.0,37
Microsoft Edge,114.0,37
Microsoft Edge,146.0,37
Firefox,149.0,37
Microsoft Edge,16.16299,36
Yandex Browser,25.2,36
Chromium,(not set),35
Safari,17.0,35
QQ Browser,20.0,35
Chrome,80.0,35
Chrome,81.0,35
Chrome,91.0,35
vivo Browser,28.1,34
vivo Browser,15.4,33
Hi Browser,2.25,33
Chrome,102.0,32
Microsoft Edge,111.0,32
Microsoft Edge,124.0,32
Firefox,138.0,32
MIUI Browser,20.12,32
Yandex Browser,25.4,32
Chrome,70.0,32
Avast Secure Browser,143.0,31
Chrome,77.0,31
Chrome,79.0,31
Chrome,96.0,31
Samsung Browser,27.0,30
Microsoft Edge,84.0,30
Microsoft Edge,89.0,30
Chrome,98.0,30
Microsoft Edge,116.0,29
Safari,13.1,29
Firefox,133.0,29
Microsoft Edge,112.0,28
Firefox,139.0,28
Chrome,49.0,28
Mobile App,138.0,27
Firefox,147.4,27
vivo Browser,15.0,27
Quark,10.5,26
Microsoft Edge,113.0,26
Firefox,113.0,26
Microsoft Edge,117.0,26
Firefox,130.0,26
Mobile App,116.0,25
Safari,16.0,25
CCleaner,144.0,24
SberBrowser,34.0,24
Chrome,93.0,24
Chrome,94.0,24
Safari,12.1,23
Chrome,74.0,23
Chrome,83.0,23
Chrome,92.0,23
Mobile App,97.0,23
Firefox,129.0,22
MIUI Browser,20.2,22
Yandex Browser,24.7,22
Chrome,71.0,22
Chrome,85.0,22
Opera,97.1,22
Opera GX,3.1,21
Microsoft Edge,107.0,20
Opera,120.0,20
Firefox,137.0,20
Yandex Browser,25.126,20
Chrome,84.0,20
Opera,123.0,19
Yandex Browser,23.5,19
Firefox,125.0,18
Firefox,134.0,18
Safari,14.0,18
QQ Browser,19.9,18
Samsung Browser,26.0,18
Chrome,76.0,18
Firefox,88.0,18
Mobile App,145.0,17
QtWebEngine,6.4,17
Firefox,78.0,17
Chrome,90.0,17
Firefox,102.0,16
Microsoft Edge,15.15063,16
UC Browser,18.5,16
Samsung Browser,23.0,16
Opera Touch,6.3,16
Chrome,72.0,16
Chrome,78.0,16
Mobile App,109.0,15
Firefox,109.0,15
Microsoft Edge,115.0,15
Mobile App,131.0,15
Microsoft Edge,14.14393,15
Safari,15.4,15
Yandex Browser,23.7,15
Safari,60.5,15
Opera,113.0,14
Safari,15.3,14
Safari,15.5,14
Firefox,91.0,14
Quark,10.4,13
Microsoft Edge,108.0,13
AVG Secure Browser,143.0,13
Yandex Browser,23.9,13
Samsung Browser,25.0,13
Yandex Browser,25.124,13
Microsoft Edge,95.0,13
Chrome,100.0,12
Microsoft Edge,106.0,12
Microsoft Edge,110.0,12
Microsoft Edge,118.0,12
Opera,119.0,12
Yandex Browser,22.11,12
Firefox,45.0,12
QtWebEngine,6.10,12
Opera,94.0,12
Firefox,105.0,11
Firefox,132.0,11
Chrome,145,11
Safari,15.1,11
Samsung Browser,24.0,11
Yandex Browser,24.12,11
Opera,79.0,11
Chrome,89.0,11
Opera,98.0,11
Safari,10.0,10
Safari,10.1,10
Firefox,111.0,10
Firefox,112.0,10
Firefox,118.0,10
Opera,128.0,10
MIUI Browser,20.9,10
Yandex Browser,24.1,10
Yandex Browser,24.6,10
