name,visitors,bounce_rate,visit_duration
Direct / None,245941,45,163
Google,170511,38,162
Bing,43763,38,165
chatgpt.com,28309,36,202
Yandex,7845,40,165
Yahoo!,3820,32,209
Brave,3802,40,148
GitHub,3001,49,133
docs.python.org,2623,50,116
Youtube,2387,44,144
claude.ai,1928,41,139
DuckDuckGo,1567,40,116
Baidu,1111,48,162
code.visualstudio.com,943,46,120
copilot.com,895,34,213
in.accenture.com,746,33,202
Microsoft Teams,656,49,148
doubao.com,588,47,187
Perplexity,470,46,124
w3schools.com,361,42,145
Naver,350,30,138
netacad.com,319,49,202
Ecosia,272,37,166
pip.pypa.io,264,34,149
qiita.com,257,41,153
Reddit,180,49,78
wiki.python.org,179,45,139
360.cn,173,33,319
packaging.python.org,171,29,213
learn.microsoft.com,157,47,244
pypi.org,128,65,87
link.csdn.net,123,38,238
geeksforgeeks.org,118,40,124
python.jp,117,37,158
pytorch.org,114,57,310
roadmap.sh,104,61,133
note.com,101,36,252
Wikipedia,86,46,137
Coccoc,83,25,185
Facebook,83,70,79
Qwant,80,40,135
peps.python.org,80,54,89
Telegram,77,39,185
udemy.com,77,49,137
blog.naver.com,76,35,175
canlidovizfiyatlari.com,76,34,238
docs.reportlab.com,76,54,81
devguide.python.org,72,57,197
qianwen.com,70,38,333
realpython.com,70,47,104
courses.edx.org,67,52,107
ai.google.dev,65,58,90
openclassrooms.com,65,39,96
scikit-learn.org,65,54,122
discuss.python.org,64,49,194
cursos.alura.com.br,58,77,28
docs.platformio.org,58,42,176
nextgeeker.com,57,20,190
blog.pyq.jp,54,20,161
weel.co.jp,54,60,127
app.blackbox.ai,53,39,112
enlacesnintricks.blogspot.com,51,41,85
liaoxuefeng.com,51,68,108
lms.sdmdigital.id,50,34,224
quark.cn,50,44,206
pygame.org,49,34,157
dzen.ru,46,52,121
knowledge.ni.com,45,35,558
Sogou,44,71,143
link.zhihu.com,44,54,129
lms.ev.org.br,44,31,244
pythongeeks.org,44,33,178
freedidi.com,43,47,148
pythonguis.com,43,57,49
soroban.highreso.jp,41,33,134
online-python.com,38,45,134
ursinaengine.org,38,41,232
docs.espressif.com,37,44,78
chat.mistral.ai,36,28,231
esphome.io,35,26,200
pythonworld.ru,35,36,382
dotiromoook.tistory.com,33,26,182
Twitter,32,72,38
coderivers.org,32,28,282
efundi.nwu.ac.za,32,45,182
lec.inf.ethz.ch,32,53,54
python.org.br,32,32,508
pythoninsider.blogspot.com,32,79,10
xdaforums.com,32,58,80
edube.org,31,56,161
intl.ozabc.com,31,42,178
Gmail,30,52,171
blog.python.org,30,28,428
skillbox.ru,29,34,127
chat.z.ai,28,34,182
digitalocean.com,28,58,133
droidwin.com,28,43,106
gradio.app,28,55,101
pythoncentral.io,28,42,173
medium.com,27,61,113
nexusmods.com,27,57,88
spada.upnyk.ac.id,27,46,174
srb2.org,26,75,37
lmsbbb7.dit.urfu.ru,25,76,7
mispricedassets.substack.com,25,59,137
Vkontakte,24,38,220
duck.ai,24,31,176
migra.pl,24,25,382
confluence.oraclecorp.com,23,65,102
127.0.0.1,22,92,93
apps.zdv.uni-mainz.de,22,44,177
codelv.com,22,50,188
login.microsoftonline.com,22,41,184
py4e.com,22,50,230
randomnerdtutorials.com,22,43,159
tutorialspoint.com,22,52,403
word-edit.officeapps.live.com,22,48,75
docs.streamlit.io,21,38,49
learning.ccbp.in,21,19,1508
m.blog.naver.com,21,50,127
namu.wiki,21,24,274
tutorial.djangogirls.org,21,48,141
blog.csdn.net,20,60,39
codecademy.com,20,61,88
cs50.readthedocs.io,20,38,108
datacamp.com,20,36,66
github.sydney.edu.au,20,29,423
yuanbao.tencent.com,20,45,136
pythonjobshq.com,19,50,67
rivery.io,19,65,10
automatetheboringstuff.com,18,63,62
courses.bwsix.edly.io,18,16,165
internet-start.net,18,33,315
javadrive.jp,18,33,143
kagi.com,18,83,30
learn.kodland.org,18,59,233
lms.lausd.net,18,85,89
metanit.com,18,25,182
moodle-app2.let.ethz.ch,18,37,289
usc-word-edit.officeapps.live.com,18,37,230
codegenes.net,17,42,247
python.uihtm.com,17,56,99
4pda.to,16,50,153
Instagram,16,65,83
badcaps.net,16,63,28
online.smc.edu,16,50,59
producthunt,16,59,9
blog.faradars.org,15,31,299
codeberg.org,15,47,116
docstring.fr,15,27,269
drive2.ru,15,38,159
elearn.epam.com,15,53,60
enterprise-confluence.aexp.com,15,44,51
freecodecamp.org,15,67,146
klv.co.jp,15,27,877
app.emergent.sh,14,21,332
bit-bbb-5.mob-edu.ru,14,50,230
confluence.rakuten-it.com,14,53,25
elearning.unimib.it,14,43,397
endoflife.date,14,50,28
megahack.download,14,50,167
natechcel.blogspot.com,14,65,46
nz.ua,14,35,540
poe.com,14,7,364
securitylab.ru,14,33,482
steamcommunity.com,14,50,156
substack.com,14,80,8
typing.python.org,14,64,23
gall.dcinside.com,13,62,286
gamebanana.com,13,46,138
instaloader.github.io,13,50,39
learning.monash.edu,13,38,51
melgitgai-bw12002ze.megcloud.melco.co.jp,13,79,10
rbc-confluence.fg.rbc.com,13,46,280
s3.eu-west-1.amazonaws.com,13,60,179
stemlearn.sun.ac.za,13,29,138
sysnettechsolutions.com,13,46,24
trinket.io,13,92,2
view.genially.com,13,43,419
amuletmc.com,12,83,43
btcrecover.readthedocs.io,12,67,31
coze.cn,12,50,131
euc-word-edit.officeapps.live.com,12,58,106
gateway.zscalertwo.net,12,33,184
jianshu.com,12,83,8
mooc.fi,12,33,93
natwest.atlassian.net,12,25,336
notebooks.githubusercontent.com,12,42,29
progpython.ru,12,54,125
runoob.com,12,83,1
source.android.com,12,58,15
syntx.ai,12,0,174
Mail.ru,11,55,18
cafe.naver.com,11,36,170
copilot.microsoft.com,11,55,448
docs.lime-crm.com,11,82,18
e.vyatsu.ru,11,73,34
fabric.ey.com,11,27,309
herningsholm.luduseg.dk,11,45,197
inside-docupedia.bosch.com,11,17,437
itproger.com,11,33,83
lms.human.ua,11,62,136
manus.im,11,18,131
moodle.bfh.ch,11,83,4
pandas.pydata.org,11,91,19
portal.itgen.io,11,62,56
runtime-app.powerplatform.com,11,27,1062
safe.menlosecurity.com,11,50,38
site,11,33,153
turbo-carnival-l16o5ze.pages.github.io,11,36,37
belajarpython.com,10,67,32
boot.dev,10,100,0
challenge.hennge.com,10,90,0
chat.chatbot.app,10,64,53
dash.plotly.com,10,70,31
developer.flipper.net,10,50,55
doc.courtbouillon.org,10,80,6
dpo.edu.asu.ru,10,50,205
hackernoon.com,10,100,0
jpc-powerpoint.officeapps.live.com,10,45,87
letpy.com,10,30,482
luteorg.github.io,10,30,320
mobiletips.in,10,27,265
moodle.technikum-wien.at,10,67,4
netology.ru,10,82,6
online.ase.ro,10,55,56
oregoom.com,10,80,146
programiz.com,10,75,22
pythononlinecompiler.ru,10,90,2
pyzo.org,10,20,395
qualcomm-confluence.atlassian.net,10,30,140
school.mos.ru,10,50,64
test.python.org,10,67,14
tlzprod.dut.ac.za,10,70,5
wikidocs.net,10,60,88
zep.us,10,30,461
ai-kenkyujo.com,9,78,6
bugs.python.org,9,45,310
campusdigital.ugto.mx,9,33,106
chat.chaton.ai,9,20,22
cocalc.com,9,73,6
docs.craftycontrol.com,9,78,15
edu.livedigital.space,9,33,182
kkaneko.jp,9,33,378
learn.online-python.com,9,33,205
learn.tafesa.edu.au,9,67,4
lenai.mmc.com,9,33,90
moodle.uevora.pt,9,100,0
ntp.msn.cn,9,67,92
openstax.org,9,89,235
privacywall.org,9,22,197
python.org.,9,22,304
python.p2hp.com,9,44,164
raspberrytips.com,9,67,33
sadtalkerai.com,9,11,330
stable-diffusion-art.com,9,50,154
starter-guide.od.pythonic-exam.com,9,56,21
sukkiri.jp,9,80,36
taguette.org,9,67,23
theforage.com,9,82,70
unogeeks.com,9,11,580
wikiwiki.jp,9,45,106
www-python-org.translate.goog,9,67,5
Amazon,8,67,19
campusvirtual.univalle.edu.co,8,38,133
canva.com,8,62,38
chat.baidu.com,8,50,540
chat.lab.epam.com,8,33,122
cloud.tencent.com,8,25,115
cms.unir.net,8,38,17
codinglap.com,8,44,82
devportal.intuit.com,8,50,31
docs.telethon.dev,8,0,233
edu.sirius.online,8,0,657
ellibrodepython.com,8,22,292
ithelp.ithome.com.tw,8,25,75
jpc-excel.officeapps.live.com,8,0,286
lms.skillfactory.ru,8,38,432
moodle.mimuw.edu.pl,8,33,322
odoo.com,8,38,193
python-lernen.de,8,25,276
pythonandai.com,8,50,272
raiseyou-moodle22.remote-learner.net,8,78,12
robotframework.org,8,50,250
spotdl.github.io,8,38,60
stablediffusiontutorials.com,8,38,28
tensorflow.org,8,88,6
timeweb.cloud,8,62,42
tryhackme.com,8,67,7
ufora.ugent.be,8,75,226
umimeinformatiku.cz,8,75,39
usc-word-view.officeapps.live.com,8,62,277
wiki.student.info.ucl.ac.be,8,38,115
yyoossk.blogspot.com,8,78,1
LinkedIn,7,71,45
app.innerai.com,7,0,109
apprendslinfo.fr,7,12,305
asreview.nl,7,62,150
belajar.usd.ac.id,7,86,11
confluence.walmart.com,7,67,11
