name,visitors,pageviews,bounce_rate,time_on_page,scroll_depth
/3.13/tutorial/index.html,3662,4053,70,36,48
/3.13/using/windows.html,2730,3130,74,43,23
/3.13/,1071,1292,54,21,77
/3.13/index.html,1066,1108,62,28,72
/3.13/whatsnew/3.13.html,886,886,71,33,14
/3.13/tutorial/appetite.html,532,468,54,78,86
/3.13/tutorial/interpreter.html,530,488,75,70,72
/3.13/tutorial/,495,557,58,30,55
/3.13/search.html,343,509,40,18,53
/es/3.13/tutorial/index.html,338,441,65,45,46
/zh-cn/3.13/,335,428,33,25,80
/3.13/tutorial/introduction.html,304,286,72,152,58
/zh-cn/3.13/tutorial/index.html,302,382,47,40,59
/3.13/library/index.html,290,318,56,45,43
/3.13/library/functions.html,222,236,80,61,50
/3.13/tutorial/controlflow.html,220,240,83,188,42
/3.13/library/stdtypes.html,183,189,82,125,32
/zh-cn/3.13/library/index.html,170,197,59,40,53
/es/3.13/library/tkinter.html,156,163,78,65,34
/fr/3.13/tutorial/index.html,144,213,53,46,54
/3.13/reference/index.html,130,118,64,35,67
/zh-cn/3.13/tutorial/interpreter.html,127,128,61,74,77
/3.13/glossary.html,122,117,46,140,38
/zh-cn/3.13/search.html,116,175,40,27,53
/zh-cn/3.13/tutorial/controlflow.html,113,104,74,119,45
/3.13/installing/index.html,112,88,61,33,68
/zh-cn/3.13/tutorial/introduction.html,112,123,81,257,59
/ja/3.13/library/functions.html,111,115,73,33,44
/es/3.13/tutorial/introduction.html,109,112,65,187,58
/pt-br/3.13/tutorial/index.html,109,131,65,50,55
/ja/3.13/tutorial/,105,141,47,25,53
/es/3.13/,102,104,36,13,69
/zh-cn/3.13/tutorial/appetite.html,101,86,41,40,88
/es/3.13/library/index.html,99,117,67,56,42
/es/3.13/search.html,99,199,48,25,53
/es/3.13/tutorial/interpreter.html,98,94,55,77,78
/es/3.13/library/functions.html,96,104,86,61,34
/3.13/contents.html,91,91,48,30,25
/3.13/download.html,88,69,86,42,86
/es/3.13/tutorial/datastructures.html,87,97,81,45,34
/pt-br/3.13/,85,107,36,16,71
/es/3.13/tutorial/venv.html,84,99,89,38,44
/ja/3.13/library/index.html,84,114,67,63,54
/ja/3.13/library/stdtypes.html,83,80,81,40,36
/pt-br/3.13/search.html,80,123,43,20,56
/es/3.13/tutorial/appetite.html,79,70,56,67,77
/3.13/py-modindex.html,76,74,50,28,41
/3.13/tutorial/datastructures.html,75,73,65,101,53
/3.13/using/cmdline.html,74,72,67,50,38
/3.13/using/index.html,74,83,31,15,75
/zh-cn/3.13/library/stdtypes.html,74,70,54,64,48
/zh-cn/3.13/reference/index.html,74,67,40,26,79
/3.13/library/,72,74,64,14,33
/zh-cn/3.13/library/functions.html,72,75,60,37,43
/zh-cn/3.13/index.html,71,95,58,14,82
/ja/3.13/library/re.html,68,74,86,84,39
/es/3.13/tutorial/classes.html,67,73,85,109,42
/es/3.13/tutorial/controlflow.html,67,78,86,215,39
/fr/3.13/,67,70,33,26,77
/zh-cn/3.13/tutorial/,67,72,43,24,51
/ja/3.13/library/datetime.html,65,71,78,42,23
/3.13/tutorial/classes.html,64,58,73,165,58
/zh-cn/3.13/glossary.html,63,68,35,84,51
/zh-cn/3.13/using/index.html,63,64,45,18,81
/es/3.13/library/tk.html,61,68,60,27,53
/3.13/tutorial/modules.html,60,50,59,89,48
/pt-br/3.13/library/index.html,60,61,52,19,36
/3.13/reference/datamodel.html,58,55,67,194,46
/zh-cn/3.13/download.html,58,51,50,22,85
/3.13/library/idle.html,57,62,84,86,25
/pt-br/3.13/library/math.html,57,60,83,75,40
/3.13/genindex.html,56,70,14,8,100
/3.13/tutorial/appendix.html,56,44,80,80,62
/3.13/library/random.html,55,56,81,97,36
/zh-cn/3.13/contents.html,55,60,29,36,23
/zh-cn/3.13/installing/index.html,55,51,64,34,72
/zh-cn/3.13/using/windows.html,55,47,90,37,39
/ja/3.13/tutorial/interpreter.html,54,64,71,72,79
/zh-cn/3.13/tutorial/datastructures.html,54,61,59,129,53
/ja/3.13/library/random.html,53,54,89,24,24
/zh-cn/3.13/whatsnew/3.13.html,53,56,84,62,29
/es/3.13/library/stdtypes.html,52,50,74,48,34
/fr/3.13/search.html,52,63,36,82,54
/pt-br/3.13/tutorial/datastructures.html,50,51,83,55,38
/3.13/library/os.html,49,51,77,52,47
/3.13/library/tkinter.html,49,45,76,71,26
/pt-br/3.13/library/venv.html,49,50,89,25,42
/3.13/howto/index.html,48,50,50,16,84
/ko/3.13/tutorial/index.html,47,58,62,16,52
/3.13/using/mac.html,45,45,64,93,62
/fr/3.13/tutorial/interpreter.html,45,47,50,69,72
/ja/3.13/search.html,45,73,53,15,58
/3.13/reference/lexical_analysis.html,44,43,92,173,41
/fr/3.13/tutorial/introduction.html,44,46,85,207,72
/ja/3.13/tutorial/index.html,44,74,43,42,48
/ja/3.13/tutorial/introduction.html,44,39,73,122,63
/3.13/library/datetime.html,43,60,69,74,40
/ja/3.13/installing/index.html,43,47,84,43,54
/pt-br/3.13/library/functions.html,43,47,75,44,41
/3.13/tutorial/stdlib.html,42,38,86,93,54
