name,visitors,bounce_rate,visit_duration
Direct / None,974,79,194
google.com,706,77,134
bing.com,84,78,101
duckduckgo.com,38,68,249
search.brave.com,31,84,54
openclassrooms.com,29,93,66
python.org,25,0,417
baidu.com,18,82,41
ecosia.org,18,53,107
qwant.com,18,71,207
fr.search.yahoo.com,11,85,11
m.baidu.com,10,90,0
chatgpt.com,8,100,22
youtube.com,4,50,248
fsg-pax-p-jhn01.pax.ulaval.ca,3,67,449
lire.amazon.fr,3,100,0
cours.infohers.org,2,0,3453
delivery-tap.studi.fr,2,100,0
linkedin.com,2,100,0
moodle.epf.fr,2,50,62
r.search.yahoo.com/_ylt=AwrLATdPhFlpEgIARHUk24lQ;_ylu=Y29sbwNpcjIEcG9zAzEEdnRpZAMEc2VjA3Ny/RV=2/RE=1768683856/RO=10/RU=https%3a%2f%2fdocs.python.org%2ffr%2f3%2fusing%2fwindows.html/RK=2/RS=T4GdAIkU3f8mpA.a54m8GURnxUY-,2,100,0
search.lilo.org,2,0,24
translations.python.org,2,50,198
wiki.python.org,2,0,54
android-app://com.google.android.googlequicksearchbox,1,0,77
android-app://com.linkedin.android,1,100,0
app.pix.fr,1,100,0
baidu.com/link,1,100,0
bestseminartopics.com,1,0,590
bing.com/search,1,100,0
capgemini.udemy.com,1,100,0
cedric.cnam.fr,1,0,522
cn.bing.com,1,0,0
d9t931z8aeptt.cloudfront.net,1,0,2394
dimdub34.github.io,1,100,0
etutoc.myqnapcloud.com,1,100,0
foucherconnect.fr,1,100,0
gemini.google.com,1,100,0
github.com/uvsq-l1-info100/l1-python/blob/main/TD/TD1/TD1_prise_en_main.md,1,100,0
google.ch,1,0,1431
google.dz,1,0,107
google.fr,1,0,239
informatique-lycee.forge.apps.education.fr,1,100,0
l.instagram.com,1,100,0
moodle.caseine.org,1,100,0
moodle.umontpellier.fr/course/view.php,1,100,0
moodle.univ-lille.fr,1,100,0
notebooks.githubusercontent.com,1,100,0
perplexity.ai,1,100,0
pixees.fr,1,100,0
python.sdv.u-paris.fr,1,100,0
tkdocs.com,1,0,14
udemy.com,1,100,0
updago-2023-2024.univ-poitiers.fr,1,0,16
yandex.ru,1,0,67
