name,version,visitors
Chrome,139.0,482
Microsoft Edge,139.0,135
Safari,18.6,89
Firefox,142.0,81
Smart Lenovo Browser,9.0,69
Chrome,138.0,46
Chrome,126.0,30
Chrome,120.0,17
Mobile App,(not set),16
Safari,18.5,16
Safari,26.0,14
Chrome,109.0,12
Chrome,132.0,12
Chrome,116.0,10
Chrome,140.0,10
Opera,120.0,9
Chrome,137.0,9
Chrome,135.0,8
Samsung Browser,28.0,8
Chrome,122.0,6
Chrome,125.0,6
Microsoft Edge,138.0,6
Yandex Browser,25.8,6
Quark,(not set),5
Mobile App,99.0,5
Brave,(not set),4
Firefox,115.0,4
Microsoft Edge,122.0,4
Chrome,130.0,4
Firefox,141.0,4
Safari,16.1,4
Safari,16.6,4
Safari,17.4,4
Chrome,102.0,3
Chrome,111.0,3
Chrome,127.0,3
Firefox,128.0,3
Chrome,128.0,3
Microsoft Edge,131.0,3
Chrome,133.0,3
Safari,17.6,3
UC Browser,18.0,3
Chrome,91.0,3
Chrome,101.0,2
Microsoft Edge,109.0,2
Chrome,114.0,2
Chrome,117.0,2
Firefox,118.0,2
Microsoft Edge,119.0,2
Microsoft Edge,126.0,2
Microsoft Edge,127.0,2
Microsoft Edge,129.0,2
Mobile App,131.0,2
Chrome,131.0,2
AdBlock Browser,133.0,2
Microsoft Edge,134.0,2
Firefox,139.0,2
Avast Secure Browser,139.0,2
MIUI Browser,14.40,2
Microsoft Edge,140.0,2
Safari,17.13,2
Safari,17.5,2
Safari,18.0,2
MIUI Browser,20.0,2
MIUI Browser,20.2,2
Yandex Browser,25.2,2
Yandex Browser,25.62,2
Whale Browser,4.33,2
Chrome,86.0,2
Firefox,99.0,2
Safari,(not set),1
Opera,102.0,1
Chrome,103.0,1
Chrome,105.0,1
Chrome,106.0,1
Chrome,108.0,1
Microsoft Edge,110.0,1
Microsoft Edge,113.0,1
Microsoft Edge,114.0,1
Microsoft Edge,117.0,1
Microsoft Edge,118.0,1
Chrome,124.0,1
Microsoft Edge,128.0,1
Chrome,129.0,1
Microsoft Edge,130.0,1
Mobile App,130.0,1
Firefox,135.0,1
Chrome,136.0,1
Firefox,137.0,1
Microsoft Edge,137.0,1
Firefox,140.0,1
Microsoft Edge,141.0,1
Safari,15.1,1
Safari,15.4,1
Safari,15.6,1
Safari,16.3,1
Safari,18.1,1
Safari,18.2,1
Safari,18.4,1
QQ Browser,19.2,1
Sogou Explorer,2,1
Yandex Browser,24.1,1
Samsung Browser,25.0,1
Yandex Browser,25.81,1
Huawei Browser Mobile,5.1,1
QQ Browser,6.2,1
Chrome,78.0,1
Firefox,80.0,1
Chrome,85.0,1
Mobile App,90.0,1
Opera,91.0,1
Opera,95.0,1
