name,visitors,bounce_rate,visit_duration
chatgpt.com,428,67,165
perplexity,13,85,3
enki,8,88,30
Exinfluencer,7,88,69
chaosgenius.io,5,80,98
dataleadsfuture.com,4,75,499
devopscube.com,4,100,0
nicholashairs.com,4,100,0
codernav.com,3,67,5
Django_Newsletter_296,2,100,0
cve.news,2,50,118
post_page-----3d988c0fe87d---------------------------------------,2,100,0
Nurture,1,100,0
blog.gitguardian.com,1,100,0
clubhouse,1,100,0
hackr.io,1,100,0
tech.ssut.me,1,100,0
testingpai.com,1,100,0
www.pythonsnacks.com,1,0,9
