name,visitors
India,84146
China,49659
United States,43917
Brazil,16756
Japan,14982
Russian Federation,14045
South Korea,11030
Germany,10844
United Kingdom,9823
France,7373
Pakistan,7126
Indonesia,7088
Hong Kong,6401
Turkey,6292
Vietnam,6268
Mexico,5954
Taiwan,5215
Thailand,4923
Spain,4791
Iran,4652
Italy,4544
Netherlands,4294
Singapore,4034
Egypt,3948
Canada,3940
Australia,3892
Colombia,3623
Poland,3518
Philippines,3391
Argentina,3208
Peru,3122
Bangladesh,3050
Malaysia,3042
Ukraine,2847
Nigeria,2531
South Africa,2408
Chile,2373
Saudi Arabia,2201
Israel,1817
Morocco,1816
Ecuador,1622
United Arab Emirates,1559
Kenya,1498
Switzerland,1487
Nepal,1475
Sweden,1384
Sri Lanka,1372
Algeria,1365
Romania,1313
Austria,1248
Portugal,1202
Uzbekistan,1165
Czechia,1137
Kazakhstan,1124
Belgium,1083
Greece,930
Ireland,916
Tunisia,893
Finland,840
Iraq,837
Ghana,826
Hungary,808
Bolivia,775
Venezuela,750
Denmark,717
Costa Rica,687
Norway,684
Belarus,670
Cambodia,639
Bulgaria,543
New Zealand,542
Ethiopia,528
Dominican Republic,516
Guatemala,498
Jordan,481
Myanmar,465
Azerbaijan,461
Serbia,442
Uganda,397
Yemen,381
Slovakia,375
Cameroon,363
Côte d'Ivoire,360
Lithuania,349
El Salvador,327
Georgia,294
Croatia,280
Madagascar,275
Zimbabwe,273
Panama,269
"Congo, The Democratic Republic of the",266
Lebanon,265
Latvia,265
Qatar,263
Senegal,260
Uruguay,256
Kyrgyzstan,249
Tanzania,242
Kuwait,240
Moldova,226
Paraguay,222
Armenia,218
Estonia,218
Oman,216
Slovenia,204
Zambia,204
Angola,203
Honduras,189
Libya,186
Afghanistan,182
Cyprus,178
Benin,177
"Palestine, State of",173
Syria,162
Mozambique,159
Rwanda,155
Nicaragua,149
Somalia,149
Mongolia,146
Tajikistan,131
Bosnia and Herzegovina,126
Puerto Rico,125
Luxembourg,123
Bahrain,122
Macao,122
Cuba,120
Togo,115
Kosovo,111
Mauritius,107
Albania,105
Burkina Faso,105
Seychelles,93
Malawi,89
Bhutan,87
Congo,81
Trinidad and Tobago,80
Sudan,78
Mali,71
North Macedonia,69
Jamaica,68
Laos,67
Malta,64
Réunion,64
Montenegro,63
Namibia,62
Iceland,61
Botswana,58
Mauritania,49
Sierra Leone,44
Haiti,41
Gabon,40
Papua New Guinea,40
Guinea,38
Lesotho,35
Maldives,33
Brunei Darussalam,30
Liberia,30
Martinique,25
Niger,24
Timor-Leste,24
South Sudan,23
Chad,23
Eswatini,22
Guadeloupe,21
Burundi,19
Bahamas,19
Cabo Verde,19
Fiji,17
Gambia,17
Liechtenstein,15
Gibraltar,13
Andorra,12
Cayman Islands,12
Equatorial Guinea,11
Guam,11
Barbados,10
Djibouti,10
New Caledonia,10
Aruba,9
Bermuda,9
French Guiana,9
Isle of Man,9
Suriname,9
Antigua and Barbuda,8
Curaçao,8
Grenada,8
Monaco,8
"Bonaire, Sint Eustatius and Saba",6
Dominica,6
Saint Lucia,6
"Virgin Islands, British",6
"Virgin Islands, U.S.",6
Belize,5
Guyana,5
French Polynesia,5
San Marino,5
Guernsey,4
Guinea-Bissau,4
Åland Islands,3
Central African Republic,3
Greenland,3
Jersey,3
Comoros,3
Solomon Islands,3
Tonga,3
Saint Vincent and the Grenadines,3
Vanuatu,3
Samoa,3
Mayotte,3
American Samoa,2
Faroe Islands,2
Saint Kitts and Nevis,2
Turks and Caicos Islands,2
Holy See (Vatican City State),2
Saint Barthélemy,1
"Micronesia, Federated States of",1
Northern Mariana Islands,1
Saint Pierre and Miquelon,1
Palau,1
Sint Maarten (Dutch part),1
Turkmenistan,1
