property,value,visitors,events,percentage
url,(none),13560,17480,99.3
url,https://github.com/python/peps/blob/main/peps/pep-0619.rst,140,155,1.0
url,https://www.python.org/,139,150,1.0
url,https://github.com/python/peps/blob/main/peps/pep-0664.rst,118,122,0.9
url,https://github.com/python/peps/blob/main/peps/pep-0719.rst,80,84,0.6
url,https://github.com/python/peps/blob/main/peps/pep-0693.rst,70,73,0.5
url,https://github.com/python/peps/blob/main/peps/pep-0596.rst,56,68,0.4
url,https://github.com/python/peps/blob/main/peps/pep-0569.rst,39,39,0.3
url,https://github.com/python/peps/blob/main/peps/pep-0745.rst,39,41,0.3
url,https://docs.python.org/3.12/whatsnew/3.12.html,21,23,0.2
url,https://discuss.python.org/t/pep-596-python-3-9-release-schedule-doubling-the-release-cadence/1828,9,9,0.1
url,https://github.com/python/peps/blob/main/peps/pep-0008.rst,9,11,0.1
url,https://discuss.python.org/t/pep-602-annual-release-cycle-for-python/2296/,8,10,0.1
url,https://github.com/python/peps/blob/main/peps/pep-0020.rst,8,8,0.1
url,https://docs.python.org/3/using/android.html#using-android,7,7,0.1
url,https://github.com/python/peps,7,7,0.1
url,https://packaging.python.org/en/latest/specifications/pyproject-toml/#pyproject-toml-spec,6,6,0.0
url,https://typing.python.org/en/latest/spec/typeddict.html#typeddict,6,6,0.0
url,https://github.com/python/peps/blob/main/peps/pep-0602.rst,5,5,0.0
url,https://github.com/python/peps/commits/main/peps/pep-0664.rst,5,5,0.0
url,https://groups.google.com/d/msg/comp.lang.python/B_VxeTBClM0/L8W9KlsiriUJ,5,6,0.0
url,https://typing.python.org/en/latest/spec/class-compat.html#override,5,6,0.0
url,https://docs.python.org/3.14/reference/compound_stmts.html#finally,4,4,0.0
url,https://docs.python.org/3/reference/compound_stmts.html#match,4,4,0.0
url,https://docs.python.org/3/reference/datamodel.html#object.__class_getitem__,4,4,0.0
url,https://github.com/python/peps/commits/main/peps/pep-0619.rst,4,4,0.0
url,https://mail.python.org/archives/list/python-dev@python.org/,4,4,0.0
url,https://mail.python.org/archives/list/python-dev@python.org/thread/BO2TQHSXWL2RJMINWQQRBF5LANDDJNHH/,4,4,0.0
url,https://packaging.python.org/en/latest/specifications/dependency-specifiers/#dependency-specifiers,4,4,0.0
url,https://packaging.python.org/en/latest/specifications/externally-managed-environments/#externally-managed-environments,4,4,0.0
url,http://barry.warsaw.us/software/STYLEGUIDE.txt,3,3,0.0
url,http://linux.die.net/man/2/execve,3,4,0.0
url,http://mypy-lang.org/,3,3,0.0
url,http://www.wikipedia.com/wiki/Camel_case,3,3,0.0
url,https://datatracker.ietf.org/doc/html/rfc2616.html,3,3,0.0
url,https://discuss.python.org/t/pep-738-adding-android-as-a-supported-platform/40975/23,3,3,0.0
url,https://docs.python.org/3/library/typing.html#typing.Literal,3,3,0.0
url,https://github.com/ericvsmith/dataclasses,3,3,0.0
url,https://github.com/python/peps/blob/main/peps/pep-0002.rst,3,3,0.0
url,https://github.com/python/peps/blob/main/peps/pep-0257.rst,3,3,0.0
url,https://github.com/python/peps/blob/main/peps/pep-0657.rst,3,3,0.0
url,https://github.com/python/peps/blob/main/peps/pep-0764.rst,3,3,0.0
url,https://github.com/python/peps/blob/main/peps/pep-0790.rst,3,3,0.0
url,https://mail.python.org/pipermail/python-dev/2012-June/120505.html,3,3,0.0
url,https://packaging.python.org/en/latest/specifications/,3,3,0.0
url,https://packaging.python.org/en/latest/specifications/version-specifiers/#version-specifiers,3,3,0.0
url,https://typing.python.org/en/latest/spec/,3,4,0.0
url,https://typing.python.org/en/latest/spec/callables.html#unpack-kwargs,3,3,0.0
url,https://typing.python.org/en/latest/spec/generics.html#self,3,3,0.0
url,https://typing.python.org/en/latest/spec/protocol.html#protocols,3,3,0.0
url,http://docs.python.org/3/reference/import.html,2,2,0.0
url,https://bitbucket.org/vinay.sajip/pylauncher,2,2,0.0
url,https://bugs.python.org/issue526840,2,2,0.0
url,https://devguide.python.org/devcycle/,2,2,0.0
url,https://devguide.python.org/devcycle/#end-of-life-branches,2,2,0.0
url,https://discuss.python.org/t/27957,2,2,0.0
url,https://discuss.python.org/t/43432/222,2,2,0.0
url,https://discuss.python.org/t/92548,2,2,0.0
url,https://discuss.python.org/t/pep-734-multiple-interpreters-in-the-stdlib/41147/24,2,2,0.0
url,https://discuss.python.org/t/pep-787-safer-subprocess-usage-using-t-strings/88311,2,2,0.0
url,https://discuss.python.org/t/pre-pep-discussion-revival-of-pep-543/51263,2,2,0.0
url,https://docs.python.org/3.11/whatsnew/3.11.html#faster-cpython,2,2,0.0
url,https://docs.python.org/3.14/library/math.html#math.isqrt,2,3,0.0
url,https://docs.python.org/3.14/library/math.html#number-theoretic-functions,2,2,0.0
url,https://docs.python.org/3/c-api/call.html#vectorcall,2,2,0.0
url,https://docs.python.org/3/library/stdtypes.html#types-union,2,2,0.0
url,https://docs.python.org/3/library/typing.html#typing.Protocol,2,2,0.0
url,https://docs.python.org/3/library/typing.html#typing.Self,2,2,0.0
url,https://docs.python.org/3/reference/grammar.html#full-grammar-specification,2,3,0.0
url,https://docs.python.org/3/reference/simple_stmts.html#annassign,2,2,0.0
url,https://docs.python.org/3/using/ios.html#using-ios,2,2,0.0
url,https://docutils.sourceforge.io/,2,2,0.0
url,https://gist.github.com/savannahostrowski/c66ac62267e626d82aafa27939468e30,2,2,0.0
url,https://github.com/python/cpython/pull/113465,2,2,0.0
url,https://github.com/python/peps/blob/main/peps/pep-0001.rst,2,2,0.0
url,https://github.com/python/peps/blob/main/peps/pep-0263.rst,2,2,0.0
url,https://github.com/python/peps/blob/main/peps/pep-0397.rst,2,2,0.0
url,https://github.com/python/peps/blob/main/peps/pep-0623.rst,2,2,0.0
url,https://github.com/python/peps/blob/main/peps/pep-0738.rst,2,2,0.0
url,https://github.com/python/peps/blob/main/peps/pep-0801.rst,2,3,0.0
url,https://github.com/python/peps/commits/main/peps/pep-0623.rst,2,2,0.0
url,https://github.com/python/peps/commits/main/peps/pep-0719.rst,2,2,0.0
url,https://github.com/python/peps/commits/main/peps/pep-0745.rst,2,2,0.0
url,https://learn.microsoft.com/en-us/lifecycle/faq/extended-security-updates,2,2,0.0
url,https://mail.python.org/archives/list/python-dev@python.org/thread/DSSGXU5LBCMKYMZBRVB6RF3YAB6ST5AV/,2,3,0.0
url,https://mail.python.org/archives/list/python-dev@python.org/thread/KE7OS4PZASZMFTW2FP2MWZU5R4Q2QZKU/,2,3,0.0
url,https://mail.python.org/archives/list/python-ideas@python.org/thread/YYJ5YJBJNCVXQWK5K3WSVNMPUSV56LOR/,2,2,0.0
url,https://mail.python.org/mailman/listinfo/csv,2,2,0.0
url,https://mail.python.org/pipermail/python-dev/2004-August/046711.html,2,2,0.0
url,https://mail.python.org/pipermail/python-dev/2010-September/103408.html,2,2,0.0
url,https://packaging.python.org/en/latest/specifications/core-metadata/#core-metadata,2,2,0.0
url,https://packaging.python.org/en/latest/specifications/direct-url/#direct-url,2,2,0.0
url,https://packaging.python.org/en/latest/specifications/pylock-toml/#pylock-toml-spec,2,2,0.0
url,https://packaging.python.org/specifications/core-metadata/#license,2,2,0.0
url,https://pypi.org/policy/terms-of-use/,2,2,0.0
url,https://pypi.org/project/python-magic/,2,4,0.0
url,https://typing.python.org/en/latest/spec/class-compat.html#classvar,2,2,0.0
url,https://typing.python.org/en/latest/spec/dataclasses.html#dataclass-transform,2,2,0.0
url,https://typing.python.org/en/latest/spec/distributing.html#packaging-typed-libraries,2,2,0.0
url,https://typing.python.org/en/latest/spec/generics.html#typevartuple,2,2,0.0
url,https://typing.python.org/en/latest/spec/narrowing.html#typeguard,2,2,0.0
url,https://typing.python.org/en/latest/spec/typeddict.html#required-notrequired,2,2,0.0
url,https://www.youtube.com/watch?v=FByM0r-VOLc,2,2,0.0
url,https://youtu.be/HxSHIpEQRjs,2,2,0.0
url,http://bugs.python.org/issue25658,1,1,0.0
url,http://docs.hhvm.com/manual/en/hack.async.php,1,1,0.0
url,http://docs.python.org/library/stdtypes.html#string-formatting-operations,1,1,0.0
url,http://docs.python.org/reference/compound_stmts.html#function-definitions,1,1,0.0
url,http://docs.python.org/reference/expressions.html#list-displays,1,1,0.0
url,http://docutils.sourceforge.net/docs/ref/rst/restructuredtext.html,1,1,0.0
url,http://docutils.sourceforge.net/docs/user/rst/quickstart.html,1,1,0.0
url,http://hg.python.org/features/pep-420,1,1,0.0
url,http://hg.python.org/sandbox/vsajip#venv,1,1,0.0
url,http://java.sun.com/docs/books/tutorial/collections/index.html,1,1,0.0
url,http://pypi.python.org/,1,1,0.0
url,http://www.mypy-lang.org/,1,1,0.0
url,http://www.python.org/idle/doc/idle2.html#Tips,1,1,0.0
url,http://www.python.org/topics/database/,1,1,0.0
url,https://beeware.org/,1,1,0.0
url,https://bitbucket.org/1st1/cpython/overview,1,1,0.0
url,https://bugs.python.org/issue36346,1,1,0.0
url,https://bugs.python.org/issue534304,1,1,0.0
url,https://bugs.python.org/issue979728,1,1,0.0
url,https://datatracker.ietf.org/doc/html/rfc2047.html,1,1,0.0
url,https://datatracker.ietf.org/doc/html/rfc2822.html,1,1,0.0
url,https://devblogs.microsoft.com/oldnewthing/20050106-00/?p=36783,1,1,0.0
url,https://devguide.python.org/core-developers/become-core-developer/#poll-template,1,1,0.0
url,https://devguide.python.org/devcycle/#maintenance-branches,1,1,0.0
url,https://devguide.python.org/developers/,1,1,0.0
url,https://discuss.python.org/t/13508,1,1,0.0
url,https://discuss.python.org/t/22606,1,1,0.0
url,https://discuss.python.org/t/27002,1,1,0.0
url,https://discuss.python.org/t/71594/130,1,1,0.0
url,https://discuss.python.org/t/76308/112,1,1,0.0
url,https://discuss.python.org/t/76419,1,1,0.0
url,https://discuss.python.org/t/77900/,1,1,0.0
url,https://discuss.python.org/t/78548/,1,1,0.0
url,https://discuss.python.org/t/84319,1,1,0.0
url,https://discuss.python.org/t/86013,1,1,0.0
url,https://discuss.python.org/t/86276,1,1,0.0
url,https://discuss.python.org/t/87377/138,1,1,0.0
url,https://discuss.python.org/t/88244,1,1,0.0
url,https://discuss.python.org/t/89863,1,1,0.0
url,https://discuss.python.org/t/pep-458-secure-pypi-downloads-with-package-signing/2648,1,1,0.0
url,https://discuss.python.org/t/pep-501-reopen-general-purpose-string-template-literals/24625,1,1,0.0
url,https://discuss.python.org/t/pep-570-python-positional-only-parameters/1078,1,1,0.0
url,https://discuss.python.org/t/pep-603-adding-a-frozenmap-type-to-collections/2318/,1,1,0.0
url,https://discuss.python.org/t/pep-644-require-openssl-1-1-or-newer/5584,1,1,0.0
url,https://discuss.python.org/t/pep-649-deferred-evaluation-of-annotations-tentatively-accepted/21331/44,1,1,0.0
url,https://discuss.python.org/t/pep-661-sentinel-values/9126,1,1,0.0
url,https://discuss.python.org/t/pep-679-allow-parentheses-in-assert-statements/13003,1,1,0.0
url,https://discuss.python.org/t/pep-690-lazy-imports-again/19661/26,1,1,0.0
url,https://discuss.python.org/t/pep-702-marking-deprecations-using-the-type-system/23036/61,1,1,0.0
url,https://discuss.python.org/t/pep-703-making-the-global-interpreter-lock-optional-in-cpython-acceptance/37075,1,1,0.0
url,https://discuss.python.org/t/pep-709-inlined-comprehensions/24240/20,1,1,0.0
url,https://discuss.python.org/t/pep-736-keyword-argument-shorthand-final-draft/58504,1,1,0.0
url,https://discuss.python.org/t/pep-743-add-py-compat-api-version-to-the-python-c-api-take-2/59323,1,1,0.0
url,https://discuss.python.org/t/pep-744-jit-compilation/50756,1,1,0.0
url,https://discuss.python.org/t/pep-761-deprecating-pgp-signatures-for-cpython-artifacts/67180,1,1,0.0
url,https://discuss.python.org/t/preventing-yield-inside-certain-context-managers/1091,1,1,0.0
url,https://doc.rust-lang.org/cargo/guide/dependencies.html,1,1,0.0
url,https://docs.pypi.org/attestations/,1,1,0.0
url,https://docs.python.org/3.12/library/audioop.html#module-audioop,1,1,0.0
url,https://docs.python.org/3.12/library/fileinput.html#module-fileinput,1,1,0.0
url,https://docs.python.org/3.14/library/math.html#math.perm,1,1,0.0
url,https://docs.python.org/3.9/distutils/apiref.html,1,1,0.0
url,https://docs.python.org/3.9/library/distutils.html,1,1,0.0
url,https://docs.python.org/3/c-api/init.html#bugs-and-caveats,1,1,0.0
url,https://docs.python.org/3/howto/logging-cookbook.html#logging-cookbook,1,1,0.0
url,https://docs.python.org/3/library/exceptions.html#BaseException.__notes__,1,1,0.0
url,https://docs.python.org/3/library/exceptions.html#BaseException.add_note,1,1,0.0
url,https://docs.python.org/3/library/string.html#formatstrings,1,1,0.0
url,https://docs.python.org/3/library/subprocess.html#module-subprocess,1,1,0.0
url,https://docs.python.org/3/library/sys.monitoring.html#module-sys.monitoring,1,1,0.0
url,https://docs.python.org/3/library/typing.html#typing.LiteralString,1,1,0.0
url,https://docs.python.org/3/library/typing.html#typing.TypeAlias,1,1,0.0
url,https://docs.python.org/3/library/typing.html#typing.TypedDict,1,1,0.0
url,https://docs.python.org/3/library/typing.html#typing.dataclass_transform,1,1,0.0
url,https://docs.python.org/3/library/typing.html#typing.final,1,1,0.0
url,https://docs.python.org/3/library/typing.html#typing.override,1,1,0.0
url,https://docs.sigstore.dev/about/security/,1,1,0.0
url,https://facebook.github.io/zstd/,1,1,0.0
url,https://facebook.github.io/zstd/#references,1,1,0.0
url,https://gist.github.com/1st1/dbe27f2e14c30cce6f0b5fddfc8c437e,1,1,0.0
url,https://github.com/brettcannon/mousebender/tree/pep,1,1,0.0
url,https://github.com/encukou/cpython/compare/master...encukou:pep489.patch,1,1,0.0
url,https://github.com/jviide/tagged,1,1,0.0
url,https://github.com/package-url/purl-spec/pull/139,1,1,0.0
url,https://github.com/pyodide/pyodide,1,1,0.0
url,https://github.com/python-attrs/attrs,1,1,0.0
url,https://github.com/python/cpython/actions/workflows/build.yml?query=branch%3Amain+is%3Acompleted,1,1,0.0
url,https://github.com/python/cpython/blob/27c0d9b54abaa4112d5a317b8aa78b39ad60a808/Lib/turtle.py#L3071,1,1,0.0
url,https://github.com/python/cpython/blob/main/Python/bytecodes.c,1,1,0.0
url,https://github.com/python/cpython/blob/main/Tools/jit/README.md,1,1,0.0
url,https://github.com/python/cpython/issues,1,1,0.0
url,https://github.com/python/cpython/issues/120950,1,1,0.0
url,https://github.com/python/cpython/issues/81313,1,1,0.0
url,https://github.com/python/cpython/pull/12088,1,1,0.0
url,https://github.com/python/cpython/pull/4390,1,1,0.0
url,https://github.com/python/peps/blob/main/peps/pep-0004.rst,1,1,0.0
url,https://github.com/python/peps/blob/main/peps/pep-0007.rst,1,1,0.0
url,https://github.com/python/peps/blob/main/peps/pep-0282.rst,1,1,0.0
url,https://github.com/python/peps/blob/main/peps/pep-0343.rst,1,1,0.0
url,https://github.com/python/peps/blob/main/peps/pep-0362.rst,1,1,0.0
url,https://github.com/python/peps/blob/main/peps/pep-0402.rst,1,1,0.0
url,https://github.com/python/peps/blob/main/peps/pep-0440.rst,1,1,0.0
url,https://github.com/python/peps/blob/main/peps/pep-0478.rst,1,1,0.0
url,https://github.com/python/peps/blob/main/peps/pep-0489.rst,1,1,0.0
url,https://github.com/python/peps/blob/main/peps/pep-0494.rst,1,1,0.0
url,https://github.com/python/peps/blob/main/peps/pep-0529.rst,1,1,0.0
url,https://github.com/python/peps/blob/main/peps/pep-0537.rst,1,1,0.0
url,https://github.com/python/peps/blob/main/peps/pep-0541.rst,1,1,0.0
url,https://github.com/python/peps/blob/main/peps/pep-0561.rst,1,1,0.0
url,https://github.com/python/peps/blob/main/peps/pep-0604.rst,1,1,0.0
url,https://github.com/python/peps/blob/main/peps/pep-0621.rst,1,1,0.0
url,https://github.com/python/peps/blob/main/peps/pep-0636.rst,1,1,0.0
url,https://github.com/python/peps/blob/main/peps/pep-0639.rst,1,1,0.0
url,https://github.com/python/peps/blob/main/peps/pep-0668.rst,1,1,0.0
url,https://github.com/python/peps/blob/main/peps/pep-0675.rst,1,1,0.0
url,https://github.com/python/peps/blob/main/peps/pep-0690.rst,1,1,0.0
url,https://github.com/python/peps/blob/main/peps/pep-0702.rst,1,3,0.0
url,https://github.com/python/peps/blob/main/peps/pep-0723.rst,1,1,0.0
url,https://github.com/python/peps/blob/main/peps/pep-0730.rst,1,1,0.0
url,https://github.com/python/peps/blob/main/peps/pep-0791.rst,1,1,0.0
url,https://github.com/python/peps/blob/main/peps/pep-3000.rst,1,1,0.0
url,https://github.com/python/peps/blob/main/peps/pep-3120.rst,1,1,0.0
url,https://github.com/python/peps/blob/main/peps/pep-3135.rst,1,1,0.0
url,https://github.com/python/peps/commits/main/peps/pep-0273.rst,1,1,0.0
url,https://github.com/python/peps/commits/main/peps/pep-0287.rst,1,1,0.0
url,https://github.com/python/peps/commits/main/peps/pep-0402.rst,1,1,0.0
url,https://github.com/python/peps/commits/main/peps/pep-0405.rst,1,1,0.0
url,https://github.com/python/peps/commits/main/peps/pep-0479.rst,1,1,0.0
url,https://github.com/python/peps/commits/main/peps/pep-0634.rst,1,1,0.0
url,https://github.com/python/peps/commits/main/peps/pep-0738.rst,1,1,0.0
url,https://github.com/python/steering-council/issues/new/choose,1,1,0.0
url,https://github.com/python/typeshed,1,1,0.0
url,https://github.com/sigstore/cosign/,1,1,0.0
url,https://github.com/toml-lang/toml,1,1,0.0
url,https://guides.rubygems.org/specification-reference/#add_runtime_dependency,1,1,0.0
url,https://mail.python.org/archives/list/distutils-sig@python.org/,1,1,0.0
url,https://mail.python.org/archives/list/python-dev@python.org/message/INLCO2EZVQW7R7J2OL6HWVLVU3TQRAZV/,1,1,0.0
url,https://mail.python.org/archives/list/python-dev@python.org/thread/6KT2KIOTYXMDCD2CCAOLOI7LUGTN6MBS,1,1,0.0
url,https://mail.python.org/archives/list/python-dev@python.org/thread/OEQHRR2COYZDL6LZ42RBZOMIUB32WI34/,1,1,0.0
url,https://mail.python.org/archives/list/python-dev@python.org/thread/T7WTUJ6TD3IGYGWV3M4PHJWNLM2WPZAW/,1,1,0.0
url,https://mail.python.org/archives/list/python-dev@python.org/thread/U4C4XHNRC4SHS3TPZWCTY4SN4QU3TT6V/,1,1,0.0
url,https://mail.python.org/archives/list/python-ideas@python.org/,1,1,0.0
url,https://mail.python.org/mailman/listinfo/doc-sig,1,1,0.0
url,https://mail.python.org/pipermail/distutils-sig/2015-November/027868.html,1,1,0.0
url,https://mail.python.org/pipermail/distutils-sig/2018-March/032089.html,1,1,0.0
url,https://mail.python.org/pipermail/import-sig/2012-May/000540.html,1,1,0.0
url,https://mail.python.org/pipermail/python-3000/2006-April/000960.html,1,1,0.0
url,https://mail.python.org/pipermail/python-3000/2007-April/006614.html,1,1,0.0
url,https://mail.python.org/pipermail/python-3000/2007-April/006667.html,1,2,0.0
url,https://mail.python.org/pipermail/python-dev/2000-April/003364.html,1,1,0.0
url,https://mail.python.org/pipermail/python-dev/2004-August/047112.html,1,1,0.0
url,https://mail.python.org/pipermail/python-dev/2004-September/048518.html,1,1,0.0
url,https://mail.python.org/pipermail/python-dev/2006-February/060718.html,1,1,0.0
url,https://mail.python.org/pipermail/python-dev/2006-February/061909.html,1,1,0.0
url,https://mail.python.org/pipermail/python-dev/2007-April/072858.html,1,1,0.0
url,https://mail.python.org/pipermail/python-dev/2010-August/103330.html,1,1,0.0
url,https://mail.python.org/pipermail/python-dev/2012-June/120682.html,1,1,0.0
url,https://mail.python.org/pipermail/python-dev/2013-February/124103.html,1,1,0.0
url,https://mail.python.org/pipermail/python-dev/2015-May/140108.html,1,1,0.0
url,https://mail.python.org/pipermail/python-dev/2016-February/143283.html,1,1,0.0
url,https://mail.python.org/pipermail/python-dev/2016-September/146278.html,1,1,0.0
url,https://mail.python.org/pipermail/python-dev/2016-September/146282.html,1,1,0.0
url,https://mail.python.org/pipermail/python-dev/2017-December/151224.html,1,1,0.0
url,https://mail.python.org/pipermail/python-dev/2018-July/154601.html,1,1,0.0
url,https://mail.python.org/pipermail/python-ideas/2007-April/000542.html,1,3,0.0
url,https://mail.python.org/pipermail/python-ideas/2007-January/000032.html,1,1,0.0
url,https://mail.python.org/pipermail/python-ideas/2013-June/021610.html,1,1,0.0
url,https://mail.python.org/pipermail/python-ideas/2015-July/034701.html,1,1,0.0
url,https://man7.org/linux/man-pages/man7/sysvipc.7.html,1,1,0.0
url,https://packaging.python.org/en/latest/specifications/binary-distribution-format/#binary-distribution-format,1,1,0.0
url,https://packaging.python.org/en/latest/specifications/binary-distribution-format/#the-dist-info-sboms-directory,1,1,0.0
url,https://packaging.python.org/en/latest/specifications/dependency-groups/#dependency-groups,1,1,0.0
url,https://packaging.python.org/en/latest/specifications/direct-url-data-structure/#direct-url-data-structure-registered-vcs,1,1,0.0
url,https://packaging.python.org/en/latest/specifications/inline-script-metadata/#inline-script-metadata,1,1,0.0
url,https://packaging.python.org/en/latest/specifications/platform-compatibility-tags/#platform-compatibility-tags,1,1,0.0
url,https://packaging.python.org/specifications/core-metadata/,1,1,0.0
url,https://packaging.python.org/specifications/core-metadata/#project-url-multiple-use,1,1,0.0
url,https://pdos.csail.mit.edu/~baford/packrat/thesis/,1,1,0.0
url,https://pillow.readthedocs.io/en/stable/,1,1,0.0
url,https://pip.pypa.io/en/stable/reference/requirements-file-format/,1,1,0.0
url,https://pypi.org/project/Deprecated/,1,1,0.0
url,https://pypi.org/project/editables/,1,1,0.0
url,https://python-poetry.org/,1,1,0.0
url,https://setuptools.readthedocs.io/en/latest/deprecated/distutils-legacy.html,1,1,0.0
url,https://snarky.ca/differentiating-between-writing-down-dependencies-to-use-packages-and-for-packages-themselves/,1,1,0.0
url,https://social.msdn.microsoft.com/Forums/vstudio/en-US/87faf259-3c54-4f3a-8d2b-ff82de44992f/return-statement-in-finally-block?forum=netfxbcl,1,1,0.0
url,https://spdx.org/licenses/,1,1,0.0
url,https://stackoverflow.com/a/5788268,1,1,0.0
url,https://typing.python.org/,1,1,0.0
url,https://typing.python.org/en/latest/spec/directives.html#deprecated,1,1,0.0
url,https://typing.python.org/en/latest/spec/generics.html#paramspec,1,1,0.0
url,https://typing.python.org/en/latest/spec/generics.html#type-parameter-defaults,1,1,0.0
url,https://typing.python.org/en/latest/spec/literal.html#literalstring,1,1,0.0
url,https://typing.python.org/en/latest/spec/meta.html,1,1,0.0
url,https://typing.python.org/en/latest/spec/narrowing.html#typeis,1,1,0.0
url,https://web.archive.org/web/20081016132748/http://www.dcl.hpi.uni-potsdam.de/home/loewis/table-3131.html,1,1,0.0
