name,visitors,bounce_rate,visit_duration
python.org,6051,80,30
Direct / None,3091,82,47
google.com,1829,87,40
docs.python.org,619,78,57
bing.com,119,71,116
chatgpt.com,116,92,51
duckduckgo.com,109,83,84
python.org/downloads,90,77,47
reddit.com,69,93,20
boot.dev,68,88,18
yandex.ru,63,92,3
netacad.com,59,90,59
pypi.org,56,86,11
udemy.com,55,96,24
devguide.python.org/versions,50,68,60
search.brave.com,47,92,4
discuss.python.org,40,72,139
realpython.com,40,80,102
python.p2hp.com,32,91,2
docs.astral.sh,26,85,12
practicum.yandex.ru,26,70,273
github.com,23,91,26
substack.com,23,88,10
cs50.harvard.edu,20,100,0
cn.bing.com,19,79,86
codecademy.com,18,100,0
ru.hexlet.io/courses/python-basics/lessons/linting/theory_unit,14,73,110
docs.sqlalchemy.org,13,93,2
android-app://com.reddit.frontpage,12,92,3
openclassrooms.com,12,86,5
packaging.python.org/en/latest/glossary,12,83,5
s3.eu-west-1.amazonaws.com,9,80,36
numpydoc.readthedocs.io/en/latest/format.html,8,62,21
python-poetry.org,8,88,8
devguide.python.org,7,86,1
efundi.nwu.ac.za,7,100,0
linkedin.com,7,71,18
canvas.hull.ac.uk/courses/75471/modules/items/1319846,6,83,12
go.bsky.app,6,100,0
google.de,6,67,83
in.search.yahoo.com,6,83,10
lms.yandex.ru,6,100,0
m.facebook.com,6,100,0
qiita.com,6,67,98
t.co,6,100,0
bbs.io-tech.fi,5,100,0
classroom.google.com,5,60,53
ecosia.org,5,67,194
facebook.com,5,100,0
flake8rules.com,5,100,0
google.co.uk,5,100,0
google.com.hk,5,33,9
metanit.com,5,100,0
wagslane.dev,5,100,0
ya.ru,5,60,567
youtube.com,5,100,0
benhoyt.com,4,100,0
builtin.com,4,100,0
code-basics.com,4,100,0
copilot.microsoft.com,4,75,497
cs50.readthedocs.io,4,75,1
csic.adrformacion.com,4,80,5
docs.python.org/3.14/whatsnew/3.14.html,4,50,112
doubao.com,4,25,102
edube.org/learn/pe-1/variables-data-shaped-boxes-21,4,100,0
en.wikipedia.org,4,75,235
gemini.google.com,4,100,0
google.co.in,4,100,0
google.com.sg,4,50,20
habr.com/ru/companies/lamoda/articles/432656,4,50,8
hackerrank.com,4,100,0
link.zhihu.com,4,100,0
mypy-lang.org,4,100,0
pep8.org,4,75,1
perplexity.ai,4,100,0
pydevtools.com,4,100,0
python.org/downloads/release/python-3133,4,100,0
pythoncheatsheet.org,4,100,0
pythonwheels.com,4,100,0
qwant.com,4,75,20
snarky.ca,4,75,4
wiki.python.org,4,75,0
127.0.0.1,3,100,0
assets.scormproxy.com,3,100,0
canvas.hull.ac.uk,3,67,712
claude.ai,3,100,0
csiportal.celebaltech.com,3,100,0
cw.fel.cvut.cz,3,100,0
datacamp.com,3,100,0
elearn.epam.com,3,100,0
en.m.wikipedia.org,3,67,7
endler.dev,3,67,37
engineering.fb.com,3,100,0
github.com/huangsam/ultimate-python,3,100,0
google.ru,3,67,5
l.instagram.com,3,100,0
link.csdn.net,3,100,0
medium.com,3,100,0
moodle-campusvirtualmexico.s3.amazonaws.com,3,100,0
news.ycombinator.com,3,100,0
notebooks.githubusercontent.com,3,100,0
numpy.org,3,100,0
numpydoc.readthedocs.io,3,100,0
packaging.python.org/en/latest/guides/writing-pyproject-toml,3,33,17
packaging.python.org/en/latest/key_projects,3,100,0
pep8-ja.readthedocs.io/ja/latest,3,100,0
psu.instructure.com/courses/2414973/discussion_topics/16760105,3,0,266
psycopg.org,3,100,0
pymentor.org,3,100,0
pythonacademy.com.br,3,100,0
pythonzen-pep8-exam.jp,3,100,0
setuptools.pypa.io,3,33,342
snarky.ca/unravelling-t-strings,3,100,0
stackoverflow.com,3,67,20
statics.teams.cdn.office.net,3,100,0
uct.onlinecampus.getsmarter.com,3,100,0
wsgi.readthedocs.io/en/latest/what.html,3,100,0
academy.hackthebox.com,2,100,0
ai.pydantic.dev,2,100,0
android-app://com.google.android.googlequicksearchbox,2,100,0
android-app://org.telegram.messenger,2,100,0
asgi.readthedocs.io/en/latest/introduction.html,2,100,0
astral.sh,2,67,348
attrs.org/en/stable/hashing.html,2,100,0
bing.com/search,2,50,124
blackboard.waketech.edu,2,100,0
bottlepy.org,2,0,52
cnblogs.com,2,100,0
code.visualstudio.com,2,0,190
codeit.kr,2,50,34
coderivers.org,2,100,0
copier.readthedocs.io,2,100,0
cosmicpython.com,2,100,0
courses.fit.cvut.cz,2,100,0
cs.stanford.edu,2,100,0
cs50.readthedocs.io/certificates.cs50.io,2,100,0
cs50.readthedocs.io/github,2,100,0
datamoney.tistory.com/378,2,50,616
devdocs.io,2,100,0
developer.cisco.com,2,100,0
developers.google.com,2,100,0
devguide.python.org/core-developers/experts,2,100,0
doc.courtbouillon.org,2,100,0
docs.brew.sh,2,100,0
docs.godotengine.org,2,50,0
docs.godotengine.org/en/stable/tutorials/scripting/gdscript/gdscript_styleguide.html,2,100,0
docs.micropython.org,2,100,0
docs.pypi.org/api/index-api,2,0,1194
docs.pytest.org,2,0,231
docutils.sourceforge.io,2,100,0
ecollege.etbonline.ie,2,100,0
edu.qaukraine.online,2,100,0
edube.org,2,100,0
edube.org/learn/pcep-30-02-pt-1-0-2a/pcep-30-02-practice-test-compendium-variables-assignments-comments,2,50,2
edube.org/learn/pcpp1-python-enhancement-proposals-peps/what-is-pep-1,2,100,0
elearn.unigis.at,2,50,0
fishc.com.cn,2,50,56
forum.ansible.com,2,100,0
forums.raspberrypi.com,2,100,0
freecodecamp.org/espanol/news/python-ejemplos-de-codigo-tutorial-de-programacion-en-python-desde-cero-para-principiantes,2,100,0
gist.github.com,2,50,4
github.com/Programmierpraktikum-MVA/big-brother/blob/Test_Henning/CONTRIBUTING.md,2,50,174
github.com/dropbox/sqlalchemy-stubs,2,100,0
github.com/huangsam/ultimate-python/blob/main/README.md,2,0,258
github.com/mysql/mysql-connector-python,2,100,0
github.com/pipecat-ai/pipecat,2,100,0
github.com/pypa/manylinux,2,100,0
github.com/python/cpython,2,100,0
github.com/sneakerhax/PyPhisher,2,100,0
github.com/vypivshiy/ani-cli-ru,2,100,0
go.skillbox.ru,2,100,0
google.com.au,2,100,0
id.search.yahoo.com,2,50,10
imaster.academy,2,100,0
km.mmf.bsu.by,2,100,0
leapcell.medium.com/pure-python-web-app-no-flask-no-django-no-frameworks-b30e6d6df673,2,100,0
learnxinyminutes.com,2,100,0
leetcode.cn,2,100,0
livebook.manning.com,2,100,0
lms.coderslab.cz,2,100,0
lms.skillfactory.ru,2,100,0
machinelearningmastery.com,2,0,976
malemburg.com,2,50,10
moodle.taltech.ee,2,100,0
my.sky.pro,2,100,0
mypy.readthedocs.io/en/stable/installed_packages.html,2,100,0
nicholashairs.com/posts/major-changes-between-python-versions,2,50,447
njtf.yuque.com,2,100,0
note.nkmk.me,2,100,0
online.pcc.edu,2,100,0
packaging.python.org,2,100,0
packaging.python.org/en/latest/guides/licensing-examples-and-user-scenarios,2,100,0
packaging.python.org/en/latest/specifications/pyproject-toml,2,100,0
packaging.python.org/en/latest/tutorials/managing-dependencies,2,50,104
pandas.pydata.org,2,100,0
pdm-project.org/en/latest,2,100,0
pip.pypa.io/en/stable/reference/requirement-specifiers,2,50,72
proproprogs.ru,2,100,0
pycoders.com,2,67,1
pymysql.readthedocs.io/en/latest/modules/cursors.html,2,100,0
python-scripts.com,2,50,12
raspberrypi.com,2,100,0
riverbankcomputing.com,2,100,0
ru.hexlet.io,2,100,0
sahandsaba.com/14-more-python-features-and-tricks-you-may-not-know.html,2,100,0
scivision.dev,2,50,100
search.naver.com,2,0,95
search.yahoo.co.jp,2,100,0
skillbox.ru,2,100,0
source.eait.uq.edu.au,2,100,0
spark.apache.org,2,100,0
sphinx-doc.org,2,100,0
switowski.com,2,50,222
typing.python.org/en/latest/spec/callables.html,2,50,70
ua.udemy.com,2,100,0
wiki.documentfoundation.org/Macros/Python_Guide/My_first_macro/es,2,50,134
worthytutors.com,2,100,0
yandex.ru/search,2,100,0
192.168.19.48,1,100,0
aaronnotes.com,1,100,0
agate.readthedocs.io/en/latest/about.html,1,100,0
akshare.akfamily.xyz/introduction.html,1,100,0
alembic.sqlalchemy.org,1,100,0
aliyuque.antfin.com,1,100,0
altx.co.jp,1,100,0
alura.com.br,1,100,0
alvin.red,1,100,0
android-app://com.google.android.gm,1,0,83
android-app://com.linkedin.android,1,0,20
app.aluracursos.com,1,100,0
appacademy.io,1,0,711
aprendepython.es,1,0,15
arrow.apache.org,1,100,0
arxiv.org,1,100,0
asgi.readthedocs.io,1,100,0
astrid.tech,1,100,0
asyncio-notes.readthedocs.io/en/latest/asyncio-history.html,1,0,4
atc.bmwgroup.net,1,100,0
austincode.com,1,0,36
away.vk.ru,1,100,0
baidu.com,1,100,0
baidu.com/link,1,0,125
bitbucket.oci.oraclecorp.com,1,100,0
bitecode.dev,1,100,0
black.readthedocs.io/en/stable/the_black_code_style/current_style.html,1,100,0
blog.csdn.net/leviopku/article/details/105236840,1,100,0
blog.edward-li.com,1,100,0
blog.jez.io,1,100,0
book.diveintopython.org,1,100,0
bookdown.org,1,100,0
books.agiliq.com/projects/essential-python-tools/en/latest/linters.html,1,100,0
boto3.amazonaws.com,1,100,0
bugs.python.org,1,100,0
build.pypa.io,1,100,0
bytecode.readthedocs.io/en/latest,1,100,0
ca.search.yahoo.com,1,0,80
chat.qwen.ai/c/0bb222c6-e2b8-46e7-a785-8fae8c882686,1,100,0
cibuildwheel.pypa.io/en/stable/options,1,0,1
cms.unir.net,1,100,0
coccoc.com/search,1,100,0
codefinity.com,1,0,841
codementor.io,1,100,0
codewars.com,1,100,0
cognizant.udemy.com,1,100,0
coindesk.com,1,100,0
colab.google,1,100,0
concordia.udemy.com,1,100,0
conf-muc.kpit.com,1,100,0
confluence.spacex.corp,1,100,0
console.cloud.google.com,1,100,0
cookiecutter.readthedocs.io/en/stable/tutorials/tutorial2.html,1,100,0
core-noroff.bravais.com,1,100,0
courses.baobabplatform.org,1,100,0
courses.campus.gov.il,1,100,0
courses.edx.org,1,100,0
cs50.readthedocs.io/cs50.dev,1,100,0
cs50.readthedocs.io/cs50/server,1,100,0
cs50.readthedocs.io/libraries/cs50/python,1,100,0
cs50.readthedocs.io/style/c,1,100,0
cursos.alura.com.br,1,100,0
cyberagentailab.github.io,1,100,0
devguide.python.org/developer-workflow/lang-changes,1,0,729
dicoding.com,1,0,63
digitalocean.com,1,100,0
direct.mit.edu,1,100,0
discuss.python.org/t/pep-791-imath-module-for-integer-specific-mathematics-functions/92548,1,100,0
dnmtechs.com,1,100,0
doc.qt.io,1,100,0
doc.renpy.cn,1,100,0
docs.conda.io/projects/conda-build/en/stable/resources/package-spec.html,1,100,0
docs.marimo.io,1,100,0
docs.pipenv.org,1,0,7
docs.pydantic.dev,1,100,0
docs.pytest.org/en/stable/how-to/assert.html,1,100,0
docs.python.org/3.12/using/windows.html,1,100,0
docs.python.org/3.12/whatsnew/3.12.html,1,100,0
docs.python.org/3/library/fractions.html,1,100,0
docs.python.org/3/reference/lexical_analysis.html,1,100,0
docs.python.org/3/whatsnew/3.12.html,1,100,0
docs.python.org/ja/3.13/c-api/stable.html,1,100,0
