name,visitors
England,3389
California,3351
Moscow,1811
Karnataka,1602
Maharashtra,1478
New York,1366
Ontario,1280
Texas,1076
Telangāna,949
Tamil Nadu,909
New South Wales,885
Île-de-France,866
Tel Aviv,853
Washington,838
São Paulo,835
Bavaria,799
Delhi,785
Tokyo,726
Victoria,716
Massachusetts,711
Metro Manila,706
Guangdong,643
Florida,639
Saint Petersburg,637
North Rhine-Westphalia,631
New Jersey,630
Mazovia,629
Illinois,619
Virginia,603
Baden-Württemberg,570
Quebec,540
Pennsylvania,523
Hesse,490
North Holland,485
Beijing,448
Maryland,444
Seoul,439
British Columbia,431
Gujarat,427
Zürich,422
Ho Chi Minh City,420
Shanghai,415
Georgia,415
Madrid Autonomous Community,414
North Carolina,412
Berlin,405
West Bengal,402
Jakarta,397
Uttar Pradesh,394
Michigan,391
Istanbul,385
Lombardy,378
Colorado,361
Catalonia,344
Bangkok,338
Ohio,337
Punjab,331
Uusimaa,327
Hanoi,311
Auvergne-Rhône-Alpes,305
Central,303
Taipei,303
Kerala,301
Stockholm,299
Vienna,298
Alberta,298
Calabarzon,290
Kyiv,287
Flanders,283
Prague,283
Queensland,271
Arizona,265
Buenos Aires Province,262
Gyeonggi,250
South Holland,245
Cairo,244
Rio de Janeiro,243
Auckland,242
Oregon,242
Lesser Poland,237
Riyadh,234
West Java,233
Scotland,230
Zhejiang,226
Rajasthan,223
Lower Saxony,222
Jiangsu,221
Budapest,219
Ciudad de Mexico,208
Kuala Lumpur,206
Capital District,205
Minas Gerais,203
Attica,203
Leinster,203
Gauteng,197
Minnesota,196
Western,193
Moscow Province,193
Dhaka Division,192
Santiago Metropolitan,191
Andalusia,191
Lazio,190
Indiana,190
Wisconsin,190
Lower Silesia,182
Utah,182
Lagos,181
Sichuan,179
Kanagawa,176
Nairobi County,176
Beograd,175
Makkah,175
Sindh,173
Lisbon,173
New Taipei,173
Krasnodar Krai,168
Capital Region,166
Haryana,164
Novosibirsk,164
Minsk,163
Andhra Pradesh,162
Missouri,159
Saxony,158
Antioquia,156
Occitanie,156
Central Luzon,156
Tashkent,153
Shandong,152
Sverdlovsk,152
Hamburg,150
Madhya Pradesh,149
Lima,149
Brussels,147
Western Australia,146
East Java,145
Ankara,145
Provence-Alpes-Côte-d'Azur,143
Connecticut,143
Tennessee,143
Nouvelle-Aquitaine,142
Province 3,141
Bucharest,139
Sofia,138
Central Visayas,138
Hubei,137
Grand-Est,137
Bihar,137
Silesia,137
South Australia,136
Western Cape,134
Selangor,133
Paraná,132
Oslo,132
Greater Poland,131
Rhineland-Palatinate,129
Osaka,129
Tatarstan,124
Västra Götaland,123
Henan,122
Punjab,122
Lvivshchyna,122
South Moravia,121
Washington DC,121
Santa Catarina,117
South Carolina,116
Emilia-Romagna,115
Rostov,114
Almaty City,113
North Brabant,113
Hauts-de-France,112
Zagreb,112
Samara,112
Taichung,112
Rio Grande do Sul,111
Utrecht,111
Nizhny Novgorod,111
Fujian,110
Veneto,110
Pomerania,110
Alabama,110
Greater Accra,108
Meknès-Tafilalet,108
Dubai,107
Davao,106
Eastern,106
Valencian Community,105
Campania,105
Bahia,102
Schleswig-Holstein,101
Canterbury,101
Bratislava,101
Brittany,100
Ceará,98
Riga,98
Hunan,97
Jharkhand,96
Łódź,96
Tbilisi,93
Wales,92
Chelyabinsk,92
Pernambuco,91
Pays-de-la-Loire,91
Hormozgan,91
Saitama,91
Bashkortostan,91
Iowa,88
Vaud,87
Federal Capital Territory,87
Harjumaa,86
Central Java,86
Addis Ababa,85
Assam,85
Skåne,85
Dnipropetrovshchyna,85
Oklahoma,85
Wallonia,84
Nevada,83
Baku,82
Tianjin,82
Baghdad,82
Northern Mindanao,82
Dakar,82
Kentucky,81
Hebei,80
Southern,80
Chiba,80
Federal District,79
Hsinchu County,79
Yerevan,78
Western Visayas,78
Chandigarh,77
Idaho,76
Shaanxi,74
Amman,74
Vilnius County,74
Islamabad,74
Brandenburg,72
Pirkanmaa,72
Uttarākhand,72
Piedmont,72
Astana,71
Nuevo León,71
Gelderland,71
Tuscany,70
Kansas,69
Rhode Island,69
Porto,67
New Hampshire,67
Basque Country,66
Odisha,66
Taoyuan,66
Mexico State,64
Trøndelag,64
Wellington,64
Yaroslavl,64
Arkansas,64
Anhui,63
Haifa,63
Abu Dhabi,62
San José,62
Doha,61
Krasnoyarsk Krai,61
Giza,60
Aichi,60
Cluj,60
Voronezh,60
Abidjan,59
Jerusalem,59
Izmir,59
Louisiana,59
Australian Capital Territory,58
Galicia,58
Banten,58
Jalisco,58
Phnom Penh,57
Bern,56
Muscat,56
Manitoba,55
Tunis,55
Kaohsiung,55
Styria,54
Centre-Val de Loire,54
Goiás,53
Normandie,53
Capital,53
Central,52
Nebraska,52
Liaoning,51
Perm Krai,51
Ljubljana,51
Oriental,50
Aargau,49
New Mexico,49
Nova Scotia,48
Central Denmark,48
Castile and León,48
Central Macedonia,48
Irkutsk,48
Geneva,47
Thuringia,47
