name,visitors,pageviews,bounce_rate,time_on_page,scroll_depth
/zh-tw/3/tutorial/index.html,179,221,57,25,54
/zh-tw/3.13/library/venv.html,84,85,95,24,32
/zh-tw/3.13/tutorial/index.html,71,115,57,20,56
/zh-tw/dev/installing/index.html,68,68,80,20,60
/zh-tw/3.13/howto/sorting.html,60,62,92,30,36
/zh-tw/3.13/library/random.html,58,59,83,15,34
/zh-tw/3/tutorial/interpreter.html,55,46,68,59,81
/zh-tw/3/library/re.html,48,53,87,27,35
/zh-tw/3/tutorial/introduction.html,42,38,77,130,57
/zh-tw/3.13/tutorial/errors.html,37,35,76,44,42
/zh-tw/3.13/tutorial/modules.html,37,38,94,98,44
/zh-tw/3/library/index.html,36,42,48,116,47
/zh-tw/3.13/tutorial/inputoutput.html,35,35,77,53,39
/zh-tw/3.13/using/mac.html,35,37,81,35,46
/zh-tw/3/tutorial/appetite.html,34,31,54,54,90
/zh-tw/3.13/tutorial/controlflow.html,33,48,77,126,61
/zh-tw/3.13/library/json.html,32,31,93,68,29
/zh-tw/3.13/tutorial/datastructures.html,32,34,74,211,45
/zh-tw/3/howto/argparse.html,31,35,78,46,47
/zh-tw/3.13/faq/windows.html,30,30,100,52,51
/zh-tw/3.13/library/pathlib.html,30,33,75,64,36
/zh-tw/3/tutorial/controlflow.html,30,34,78,208,38
/zh-tw/3.13/tutorial/introduction.html,29,54,53,2844,67
/zh-tw/3/library/functions.html,28,25,69,359,40
/zh-tw/3.13/tutorial/interpreter.html,26,25,67,67,85
/zh-tw/3.13/library/collections.html,25,26,86,53,47
/zh-tw/3.13/library/functions.html,23,26,91,33,37
/zh-tw/3.13/installing/index.html,22,21,75,36,69
/zh-tw/3.13/tutorial/classes.html,22,23,86,105,28
/zh-tw/3.13/tutorial/floatingpoint.html,22,23,95,33,35
/zh-tw/3.13/library/heapq.html,21,21,95,36,44
/zh-tw/3.13/library/stdtypes.html,21,56,71,148,32
/zh-tw/3/library/concurrent.futures.html,20,20,94,155,42
/zh-tw/dev/library/os.path.html,20,21,90,89,36
/zh-tw/3.13/library/csv.html,19,18,93,48,32
/zh-tw/3.13/library/os.path.html,19,18,93,39,38
/zh-tw/dev/library/venv.html,19,20,83,115,41
/zh-tw/3.13/,18,48,0,12,61
/zh-tw/3.13/glossary.html,18,16,100,22,53
/zh-tw/3.13/library/index.html,17,43,50,70,43
/zh-tw/3.13/reference/index.html,17,30,62,22,71
/zh-tw/3.13/library/string.html,16,17,100,26,28
/zh-tw/3.13/tutorial/appetite.html,16,16,50,70,93
/zh-tw/3.13/library/copy.html,15,14,92,21,73
/zh-tw/3.13/library/math.html,15,17,80,143,42
/zh-tw/3.13/tutorial/venv.html,15,14,90,63,56
/zh-tw/3/library/pdb.html,15,15,92,47,38
/zh-tw/dev/library/csv.html,15,15,100,64,19
/zh-tw/3.13/library/__main__.html,13,14,92,41,63
/zh-tw/3.13/index.html,12,13,33,10,85
/zh-tw/3.13/tutorial/,12,22,33,7,30
/zh-tw/3/library/stdtypes.html,12,11,100,36,33
/zh-tw/3.13/contents.html,11,12,50,34,26
/zh-tw/3.13/howto/sockets.html,11,11,100,93,36
/zh-tw/3/library/functools.html,11,11,89,11,57
/zh-tw/3.13/library/hashlib.html,10,9,100,8,11
/zh-tw/3.13/library/html.parser.html,10,10,100,18,41
/zh-tw/3.13/library/uuid.html,10,10,75,28,67
/zh-tw/3.13/whatsnew/3.13.html,10,6,0,14,20
/zh-tw/3/tutorial/modules.html,10,12,100,49,45
/zh-tw/3.12/library/venv.html,9,10,80,17,27
/zh-tw/3.13/library/enum.html,9,10,100,30,43
/zh-tw/3.13/library/io.html,9,10,57,52,52
/zh-tw/3.13/reference/compound_stmts.html,9,7,50,12,15
/zh-tw/3.13/search.html,9,15,25,12,71
/zh-tw/3/,9,11,17,7,66
/zh-tw/3/contents.html,9,9,50,13,4
/zh-tw/3/library/array.html,9,8,43,34,80
/zh-tw/3/library/pickle.html,9,9,88,29,27
/zh-tw/3/library/queue.html,9,10,78,12,50
/zh-tw/3/search.html,9,11,50,8,40
/zh-tw/3/tutorial/classes.html,9,9,100,11,14
/zh-tw/3/tutorial/datastructures.html,9,7,100,72,62
/zh-tw/3/tutorial/inputoutput.html,9,7,100,12,37
/zh-tw/3.13/genindex.html,8,8,0,4,96
/zh-tw/3.13/library/ftplib.html,8,8,80,54,58
/zh-tw/3.13/library/statistics.html,8,7,100,168,46
/zh-tw/3.13/library/time.html,8,9,100,28,47
/zh-tw/3.13/py-modindex.html,8,11,0,14,52
/zh-tw/3.13/reference/introduction.html,8,7,50,12,86
/zh-tw/3/tutorial/,8,8,88,6,43
/zh-tw/3.13/library/bisect.html,7,8,83,21,52
/zh-tw/3.13/library/itertools.html,7,8,88,90,19
/zh-tw/3.13/library/ssl.html,7,6,100,8,10
/zh-tw/3.13/library/tkinter.html,7,5,100,11,44
/zh-tw/3.13/library/typing.html,7,7,100,7,23
/zh-tw/3.13/using/configure.html,7,9,75,13,25
/zh-tw/3/howto/ipaddress.html,7,7,60,9,43
/zh-tw/3.13/faq/general.html,6,7,50,13,38
/zh-tw/3.13/library/asyncio.html,6,6,80,27,73
/zh-tw/3.13/library/glob.html,6,8,80,21,41
/zh-tw/3.13/library/operator.html,6,6,83,16,24
/zh-tw/3.13/library/threading.html,6,7,75,104,28
/zh-tw/3.13/library/urllib.request.html,6,7,33,55,15
/zh-tw/3.13/reference/datamodel.html,6,8,100,30,33
/zh-tw/3.13/reference/expressions.html,6,6,0,13,52
/zh-tw/3.13/tutorial/appendix.html,6,6,0,13,70
/zh-tw/3/extending/extending.html,6,7,83,29,16
/zh-tw/3/glossary.html,6,6,100,63,26
/zh-tw/3/library/urllib.html,6,8,0,98,100
