name,unique_exits,total_exits,exit_rate
/ja/latest/tutorials/installing-packages/,108,108,
/ja/latest/guides/installing-using-pip-and-virtual-environments/,80,82,
/ja/latest/guides/writing-pyproject-toml/,61,64,
/ja/latest/tutorials/packaging-projects/,15,15,
/ja/latest/discussions/setup-py-deprecated/,10,10,
/ja/latest/guides/distributing-packages-using-setuptools/,7,7,
/ja/latest/specifications/platform-compatibility-tags/,7,7,
/ja/latest/guides/packaging-namespace-packages/,6,6,
/ja/latest/discussions/src-layout-vs-flat-layout/,5,5,
/ja/latest/guides/publishing-package-distribution-releases-using-github-actions-ci-cd-workflows/,5,5,
/ja/latest/guides/using-manifest-in/,5,5,
/ja/latest/discussions/versioning/,4,4,
/ja/latest/specifications/version-specifiers/,4,4,
/en/latest/tutorials/installing-packages/,3,3,
/ja/latest/discussions/pip-vs-easy-install/,3,3,
/ja/latest/guides/installing-using-linux-tools/,3,3,
/ja/latest/key_projects/,3,3,
/ja/latest/overview/,3,3,
/ja/latest/specifications/binary-distribution-format/,3,3,
/ja/latest/specifications/pyproject-toml/,3,3,
/en/latest/tutorials/packaging-projects/,2,2,
/ja/latest/discussions/package-formats/,2,2,
/ja/latest/glossary/,2,2,
/ja/latest/guides/index-mirrors-and-caches/,2,2,
/ja/latest/guides/installing-stand-alone-command-line-tools/,2,2,
/ja/latest/guides/migrating-to-pypi-org/,2,2,
/ja/latest/guides/modernize-setup-py-project/,2,2,
/ja/latest/specifications/dependency-specifiers/,2,2,
/ja/latest/specifications/inline-script-metadata/,2,2,
/ja/latest/specifications/recording-installed-packages/,2,2,
/ja/latest/tutorials/managing-dependencies/,2,2,
/en/latest/contribute/,1,1,
/en/latest/discussions/src-layout-vs-flat-layout/,1,1,
/en/latest/glossary/,1,1,
/en/latest/guides/using-manifest-in/,1,1,
/en/latest/key_projects/,1,1,
/en/latest/specifications/pyproject-toml/,1,1,
/ja/latest/,1,1,
/ja/latest/discussions/distribution-package-vs-import-package/,1,1,
/ja/latest/guides/,1,1,
/ja/latest/guides/analyzing-pypi-package-downloads/,1,1,
/ja/latest/guides/creating-and-discovering-plugins/,1,1,
/ja/latest/guides/making-a-pypi-friendly-readme/,1,1,
/ja/latest/guides/section-install/,1,1,
/ja/latest/guides/tool-recommendations/,1,1,
/ja/latest/specifications/core-metadata/,1,1,
/ja/latest/specifications/dependency-groups/,1,1,
/ja/latest/specifications/entry-points/,1,1,
/ja/latest/specifications/license-expression/,1,1,
/ja/latest/tutorials/,1,1,
