name,unique_entrances,total_entrances,visit_duration
/fr/3/tutorial/,413,445,142
/fr/3/tutorial/datastructures.html,146,158,109
/3/,84,84,651
/fr/3/library/random.html,79,79,117
/fr/3/library/idle.html,78,78,28
/fr/3/tutorial/classes.html,70,72,119
/fr/3/library/turtle.html,69,70,313
/fr/3/library/csv.html,63,64,186
/fr/dev/installing/index.html,59,60,75
/fr/3/library/json.html,57,59,82
/fr/3/library/stdtypes.html,57,60,173
/fr/3/library/string.html,57,58,148
/fr/3/tutorial/interpreter.html,57,61,55
/fr/3/tutorial/appetite.html,51,53,240
/fr/3/tutorial/controlflow.html,50,63,284
/fr/3/,49,53,128
/fr/3/howto/sorting.html,48,48,96
/fr/3/tutorial/introduction.html,47,48,266
/fr/3/tutorial/errors.html,46,46,112
/fr/3/library/functions.html,42,43,72
/fr/3/tutorial/index.html,40,41,145
/fr/3/tutorial/inputoutput.html,40,41,125
/fr/3/tutorial/venv.html,39,39,36
/fr/3/howto/regex.html,38,38,101
/fr/3/library/enum.html,38,38,156
/fr/3.13/library/tkinter.html,33,34,10
/fr/3.13/library/functions.html,32,33,182
/fr/3/library/index.html,32,34,509
/fr/3/library/time.html,32,32,81
/fr/3.13/tutorial/index.html,31,34,266
/fr/3/reference/import.html,31,31,72
/fr/3/search.html,31,33,413
/fr/3.13/,30,30,44
/fr/3.13/genindex-Symboles.html,29,29,14
/fr/3/library/datetime.html,28,28,14
/fr/3/library/statistics.html,28,28,85
/fr/3.13/tutorial/datastructures.html,27,28,219
/fr/3/using/windows.html,27,27,212
/fr/3/library/pathlib.html,24,30,121
/fr/3.13/tutorial/introduction.html,23,23,125
/fr/3/library/__main__.html,23,23,346
/fr/3/library/exceptions.html,23,24,281
/fr/3.13/library/math.html,21,21,54
/fr/3/library/os.html,21,24,157
/3/library/random.html,20,21,863
/fr/3/using/cmdline.html,20,21,27
/fr/3/tutorial/modules.html,19,19,2
/fr/3.13/search.html,18,20,398
/fr/3/howto/sockets.html,17,17,68
/fr/3/library/subprocess.html,17,18,99
/fr/3/library/sys.html,17,17,59
/3.13/tutorial/index.html,16,16,334
/3/tutorial/index.html,16,16,1178
/fr/3/library/glob.html,16,16,431
/fr/3/using/mac.html,16,17,31
/fr/3.13/reference/simple_stmts.html,14,14,18
/fr/3.13/library/stdtypes.html,13,13,172
/fr/3/library/math.html,13,13,112
/3/library/socket.html,12,12,1375
/3/tutorial/datastructures.html,12,12,1211
/fr/3.13/library/re.html,12,12,2
/fr/3.13/reference/import.html,12,12,2
/fr/3.13/tutorial/,12,12,456
/fr/3.13/tutorial/classes.html,12,12,139
/fr/3/installing/index.html,12,12,60
/fr/3/library/collections.html,12,12,21
/fr/3/library/queue.html,12,12,82
/fr/3.13/using/windows.html,11,14,352
/fr/3/library/base64.html,11,11,22
/fr/3/library/copy.html,11,11,8
/fr/3/library/pprint.html,11,11,36
/fr/3/library/tkinter.html,11,11,11
/3/library/venv.html,10,10,1047
/fr/3/glossary.html,10,10,104
/fr/3/library/filesys.html,10,10,22
/fr/3/library/hashlib.html,10,10,0
/3.13/tutorial/,9,9,906
/3.13/using/windows.html,9,9,491
/3/library/math.html,9,9,709
/3/library/stdtypes.html,9,9,430
/3/tutorial/,9,9,426
/fr/3.13/library/operator.html,9,9,48
/fr/3.13/library/turtle.html,9,9,137
/fr/3.13/tutorial/interpreter.html,9,9,204
/fr/3.13/using/unix.html,9,9,87
/fr/3/faq/windows.html,9,9,0
/fr/3/library/pydoc.html,9,10,42
/3/library/argparse.html,8,8,430
/3/library/csv.html,8,8,936
/3/library/datetime.html,8,8,476
/3/library/pathlib.html,8,9,4598
/3/library/re.html,8,8,615
/fr/3.13/library/asyncio.html,8,8,97
/fr/3.13/library/tkinter.ttk.html,8,9,0
/fr/3.13/tutorial/controlflow.html,8,8,79
/fr/3/contents.html,8,8,153
/fr/3/howto/argparse.html,8,9,0
/fr/3/library/pickle.html,8,8,130
/fr/3/library/unittest.html,8,8,393
/fr/3/library/venv.html,8,8,0
/fr/3/library/wave.html,8,8,1640
/fr/3/reference/index.html,8,8,248
/3/library/functions.html,7,7,605
/3/library/idle.html,7,7,69
/fr/3.12/library/stdtypes.html,7,7,0
/fr/3.13/library/datetime.html,7,7,0
/fr/3/howto/unicode.html,7,7,216
/fr/3/library/abc.html,7,7,8
/fr/3/library/re.html,7,12,162
/fr/3/library/timeit.html,7,7,87
/fr/3/reference/datamodel.html,7,7,753
/fr/3/using/unix.html,7,7,49
/fr/dev/library/xml.etree.elementtree.html,7,8,115
/fr/dev/reference/compound_stmts.html,7,7,289
/3.15/,6,6,192
/3/library/index.html,6,6,1246
/3/library/logging.html,6,6,970
/3/library/shutil.html,6,6,1974
/3/library/subprocess.html,6,6,437
/3/library/tkinter.html,6,6,104
/3/search.html,6,6,480
/fr/3.13/library/collections.html,6,6,79
/fr/3.13/library/filesys.html,6,6,472
/fr/3.13/library/index.html,6,6,3
/fr/3.13/library/pdb.html,6,6,0
/fr/3.13/library/time.html,6,6,26
/fr/3.13/library/uuid.html,6,6,48
/fr/3.13/whatsnew/3.13.html,6,6,211
/fr/3/genindex-all.html,6,6,10
/fr/3/howto/curses.html,6,6,90
/fr/3/library/os.path.html,6,7,863
/fr/3/library/threading.html,6,6,34
/fr/3/whatsnew/3.13.html,6,7,1
/fr/3.13/index.html,5,5,106
/fr/3.13/library/,5,5,85
/fr/3.13/library/asyncio-task.html,5,5,0
/fr/3.13/library/pathlib.html,5,5,195
/fr/3.13/library/random.html,5,6,0
/fr/3.13/reference/compound_stmts.html,5,5,294
/fr/3.13/tutorial/errors.html,5,5,3122
/fr/3/howto/logging.html,5,5,0
/fr/3/library/argparse.html,5,5,368
/fr/3/library/decimal.html,5,5,676
/fr/3/library/doctest.html,5,5,0
/fr/3/library/heapq.html,5,5,1
/fr/3/library/zipfile.html,5,6,273
/fr/3/using/index.html,5,6,5
/fr/dev/library/re.html,5,5,527
/3/index.html,4,4,447
/3/library/collections.html,4,4,590
/3/library/dataclasses.html,4,4,110
/3/library/os.html,4,4,3907
/3/library/sqlite3.html,4,4,1856
/3/library/statistics.html,4,4,688
/3/library/turtle.html,4,4,486
/3/library/xml.etree.elementtree.html,4,4,2051
/3/using/windows.html,4,4,721
/fr/3.12/,4,4,998
/fr/3.13/howto/functional.html,4,5,0
/fr/3.13/howto/unicode.html,4,4,330
/fr/3.13/installing/index.html,4,4,11
/fr/3.13/library/decimal.html,4,6,254
/fr/3.13/library/os.html,4,5,103
/fr/3.13/library/tkinter.font.html,4,4,60
/fr/3.13/tutorial/inputoutput.html,4,4,3692
/fr/3.13/tutorial/venv.html,4,4,35
/fr/3/library/asyncio.html,4,4,1001
/fr/3/library/dataclasses.html,4,4,0
/fr/3/library/fractions.html,4,4,0
/fr/3/library/numeric.html,4,4,13
/fr/3/library/operator.html,4,4,0
/fr/3/library/unicodedata.html,4,4,70
/fr/3/py-modindex.html,4,4,112
/fr/3/tutorial/floatingpoint.html,4,4,9
/3.12/,3,3,390
/3.13/tutorial/appetite.html,3,3,36
/3/download.html,3,3,87
/3/library/copy.html,3,3,735
/3/library/doctest.html,3,3,3
/3/library/exceptions.html,3,3,850
/3/library/heapq.html,3,3,94
/3/library/os.path.html,3,3,17
/3/library/typing.html,3,3,342
/3/library/unittest.html,3,3,552
/3/tutorial/classes.html,3,3,2176
/3/tutorial/errors.html,3,3,460
/3/tutorial/inputoutput.html,3,3,1667
/dev/using/windows.html,3,3,286
/es/3.13/tutorial/controlflow.html,3,3,721
/fr/3.12/search.html,3,3,100
/fr/3.12/tutorial/,3,3,344
/fr/3.13/faq/windows.html,3,4,0
/fr/3.13/howto/argparse.html,3,4,0
/fr/3.13/howto/sorting.html,3,3,0
/fr/3.13/library/__future__.html,3,3,0
/fr/3.13/library/asyncio-eventloop.html,3,3,0
/fr/3.13/library/dataclasses.html,3,3,0
/fr/3.13/library/http.client.html,3,3,0
/fr/3.13/library/idle.html,3,3,2
/fr/3.13/library/shelve.html,3,3,8
/fr/3.13/library/venv.html,3,3,158
/fr/3.13/py-modindex.html,3,3,49
/fr/3.13/reference/datamodel.html,3,3,31
/fr/3.13/reference/lexical_analysis.html,3,3,0
/fr/3.13/tutorial/appetite.html,3,3,0
/fr/3.14/library/stdtypes.html,3,3,0
/fr/3/howto/functional.html,3,3,0
/fr/3/index.html,3,3,6
/fr/3/library/,3,3,191
/fr/3/library/binascii.html,3,3,31
/fr/3/library/calendar.html,3,3,0
/fr/3/library/configparser.html,3,3,0
/fr/3/library/ctypes.html,3,3,0
/fr/3/library/dialog.html,3,3,0
/fr/3/library/fnmatch.html,3,3,0
/fr/3/library/http.html,3,3,372
/fr/3/library/lzma.html,3,3,0
/fr/3/library/struct.html,3,3,0
/fr/3/library/tk.html,3,3,0
/fr/3/library/urllib.html,3,3,78
/fr/3/reference/expressions.html,3,3,64
/fr/3/reference/simple_stmts.html,3,3,40
/fr/3/tutorial/stdlib.html,3,3,50
/fr/3/using/editors.html,3,3,8
/fr/dev/library/math.html,3,3,0
/3.12/search.html,2,2,1534
/3.12/tutorial/,2,2,352
/3.13/index.html,2,2,460
/3/genindex.html,2,2,494
/3/howto/logging.html,2,2,18
/3/howto/sorting.html,2,2,0
/3/library/,2,2,808
/3/library/asyncio.html,2,2,290
/3/library/concurrent.futures.html,2,2,1112
/3/library/io.html,2,2,424
/3/library/itertools.html,2,2,378
/3/library/json.html,2,2,34
/3/library/pdb.html,2,2,9
/3/library/pickle.html,2,2,294
/3/library/string.html,2,2,423
/3/library/struct.html,2,2,456
/3/library/timeit.html,2,2,1710
/3/library/unittest.mock.html,2,2,4268
/3/library/urllib.parse.html,2,2,1258
/3/py-modindex.html,2,2,4
/3/reference/index.html,2,2,138
/3/tutorial/controlflow.html,2,2,8
/3/using/cmdline.html,2,2,328
/fr/3.13/contents.html,2,2,1618
/fr/3.13/download.html,2,2,0
/fr/3.13/genindex.html,2,2,0
/fr/3.13/library/http.html,2,2,0
/fr/3.13/library/intro.html,2,2,73
/fr/3.13/library/profile.html,2,2,0
/fr/3.13/library/sys.html,2,2,20
/fr/3.13/reference/index.html,2,3,1
/fr/3.13/tutorial/modules.html,2,2,970
/fr/3.14/library/tkinter.ttk.html,2,2,0
/fr/3.15/search.html,2,2,484
/fr/3/extending/index.html,2,2,444
/fr/3/howto/annotations.html,2,2,1179
/fr/3/howto/enum.html,2,2,588
/fr/3/howto/ipaddress.html,2,2,62
/fr/3/library/array.html,2,2,410
/fr/3/library/asyncio-eventloop.html,2,3,1668
/fr/3/library/asyncio-runner.html,2,2,492
/fr/3/library/cmath.html,2,2,0
/fr/3/library/collections.abc.html,2,2,88
/fr/3/library/crypto.html,2,2,10
/fr/3/library/datatypes.html,2,2,0
/fr/3/library/gzip.html,2,2,0
/fr/3/library/multiprocessing.html,2,2,0
/fr/3/library/numbers.html,2,2,1038
/fr/3/library/pdb.html,2,2,0
/fr/3/library/posix.html,2,2,0
/fr/3/library/tempfile.html,2,2,0
/fr/3/library/warnings.html,2,2,276
/fr/3/library/xmlrpc.html,2,2,1482
/fr/3/reference/lexical_analysis.html,2,2,0
/fr/3/tutorial/appendix.html,2,2,538
/fr/3/using/,2,2,18
/fr/3/whatsnew/,2,2,0
/fr/dev/extending/extending.html,2,2,0
/fr/dev/howto/regex.html,2,2,0
/fr/dev/library/unittest.html,2,2,149
/fr/dev/tutorial/datastructures.html,2,2,0
/fr/dev/tutorial/modules.html,2,2,0
/fr/dev/using/cmdline.html,2,2,0
/3.12/library/index.html,1,1,1702
/3.12/library/typing.html,1,1,1239
/3.12/whatsnew/3.12.html,1,1,57
/3.13/,1,1,1381
/3.13/contents.html,1,1,0
/3.13/library/enum.html,1,1,616
/3.13/library/os.html,1,1,0
/3.13/library/uuid.html,1,1,299
/3.13/tutorial/controlflow.html,1,1,712
/3.13/tutorial/interpreter.html,1,1,8
/3.13/whatsnew/3.13.html,1,1,150
/3.14/,1,2,324
