name,version,visitors
Chrome,138.0,9484
Microsoft Edge,138.0,3473
Chrome,137.0,1986
Firefox,140.0,1122
Safari,18.5,862
Chrome,136.0,268
Microsoft Edge,137.0,242
Yandex Browser,25.6,238
Firefox,128.0,198
Opera,119.0,180
Chrome,109.0,167
Firefox,139.0,157
Chrome,135.0,149
Chrome,117.0,133
Chrome,132.0,102
Chrome,134.0,74
Chrome,131.0,72
Microsoft Edge,136.0,72
Chrome,133.0,54
Chrome,122.0,48
Safari,18.3,46
Safari,26.0,43
Mobile App,(not set),42
Safari,18.4,42
Safari,17.6,41
Firefox,136.0,39
Firefox,141.0,38
Chrome,129.0,37
Firefox,115.0,36
Samsung Browser,28.0,36
Chrome,128.0,31
Yandex Browser,25.4,31
Microsoft Edge,139.0,30
Microsoft Edge,122.0,29
Safari,18.1,29
Chrome,127.0,27
Microsoft Edge,134.0,27
Smart Lenovo Browser,9.0,27
Chrome,126.0,26
Chrome,130.0,25
Quark,(not set),24
Firefox,138.0,24
Firefox,135.0,23
Chrome,139.0,23
Chrome,86.0,23
Microsoft Edge,92.0,22
Opera,120.0,20
Microsoft Edge,131.0,20
Chrome,120.0,19
Chrome,125.0,19
Firefox,137.0,19
Microsoft Edge,135.0,18
Firefox,140.2,18
Safari,18.6,18
Chrome,121.0,17
Safari,17.5,17
Yandex Browser,24.10,17
Chrome,124.0,16
Safari,16.6,16
SberBrowser,28.0,16
Chrome,112.0,14
Chrome,123.0,14
Mobile App,137.0,14
Safari,15.6,14
Safari,18.0,13
Firefox,109.0,12
Whale Browser,4.32,12
Microsoft Edge,109.0,11
Chrome,114.0,11
Microsoft Edge,132.0,11
Safari,17.1,11
Safari,18.2,11
Chrome,116.0,10
Chrome,119.0,10
Chrome,91.0,10
Brave,(not set),9
Chrome,140.0,9
Safari,17.4,9
Yandex Browser,25.2,9
Microsoft Edge,126.0,8
Firefox,133.0,8
Microsoft Edge,133.0,8
Microsoft Edge,107.0,7
Sogou Explorer,2,7
Safari,(not set),6
Chrome,108.0,6
Microsoft Edge,127.0,6
Microsoft Edge,130.0,6
Microsoft Edge,140.0,6
Safari,17.3,6
Microsoft Edge,100.0,5
Chrome,101.0,5
Chrome,105.0,5
Microsoft Edge,120.0,5
Microsoft Edge,129.0,5
Firefox,130.0,5
Firefox,131.0,5
Firefox,134.0,5
Avast Secure Browser,137.0,5
Firefox,140,5
Safari,17.13,5
Safari,17.2,5
QQ Browser,19.4,5
Chrome,87.0,5
Opera,90.0,5
Chrome,111.0,4
Firefox,117.0,4
Microsoft Edge,123.0,4
Microsoft Edge,128.0,4
Safari,13.1,4
Mobile App,138.0,4
Safari,15.4,4
Safari,16.0,4
Huawei Browser Mobile,16.0,4
Safari,16.3,4
Safari,17.0,4
Safari,19.0,4
QQ Browser,19.2,4
Chrome,69.0,4
Chrome,89.0,4
Chrome,98.0,4
(not set),(not set),3
Safari,10.0,3
Chrome,103.0,3
Chrome,106.0,3
Firefox,113.0,3
Microsoft Edge,114.0,3
Chrome,115.0,3
Opera,117.0,3
Microsoft Edge,121.0,3
Firefox,129.0,3
QQ Browser,13.3,3
Firefox,132.0,3
Firefox,140.3,3
Firefox,142.0,3
Safari,17.8,3
QQ Browser,19.3,3
MIUI Browser,19.8,3
Yandex Browser,24.7,3
Microsoft Edge,40.15254,3
Chrome,53.0,3
QtWebEngine,6.8,3
Chrome,80.0,3
Microsoft Edge,90.0,3
Chrome,94.0,3
Firefox,95.0,3
Opera,95.0,3
Chrome,102.0,2
Chrome,110.0,2
Firefox,116.0,2
Microsoft Edge,117.0,2
Opera,118.0,2
Chrome,118.0,2
Microsoft Edge,118.0,2
Huawei Browser,12.1,2
Safari,12.1,2
Firefox,124.0,2
Microsoft Edge,124.0,2
Firefox,125.0,2
Firefox,127.0,2
Mobile App,130.0,2
vivo Browser,14.2,2
MIUI Browser,14.36,2
QQ Browser,16.1,2
Safari,16.4,2
Safari,16.5,2
Opera Touch,2.9,2
Yandex Browser,22.11,2
vivo Browser,25.1,2
Yandex Browser,25.43,2
Yandex Browser,25.7,2
Firefox,48.0,2
Chrome,59.0,2
Chrome,71.0,2
Chrome,74.0,2
Chrome,79.0,2
Mobile App,86.0,2
Opera,87.0,2
Chrome,88.0,2
Firefox,88.0,2
Microsoft Edge,89.0,2
Microsoft Edge,98.0,2
Chromium,(not set),1
Firefox,102.0,1
Microsoft Edge,106.0,1
Firefox,107.0,1
Avast Secure Browser,109.0,1
Huawei Browser Mobile,11.0,1
Safari,11.0,1
Firefox,110.0,1
Microsoft Edge,110.0,1
Microsoft Edge,111.0,1
Opera,111.0,1
Microsoft Edge,112.0,1
Microsoft Edge,113.0,1
Opera,115.0,1
Mobile App,116.0,1
Mobile App,118.0,1
MIUI Browser,12.2,1
Firefox,120.0,1
Mobile App,122.0,1
Microsoft Edge,125.0,1
Mobile App,126.0,1
Mobile App,128.0,1
Ecosia,129.0,1
QQ Browser,13.1,1
vivo Browser,13.3,1
Safari,13.5,1
QQ Browser,13.5,1
Norton Private Browser,137.0,1
Chrome,138,1
Huawei Browser Mobile,14.0,1
MIUI Browser,14.1,1
MIUI Browser,14.22,1
MIUI Browser,14.9,1
Huawei Browser Mobile,15.0,1
Microsoft Edge,17.17134,1
MIUI Browser,17.2,1
Safari,17.7,1
Microsoft Edge,18.18362,1
QQ Browser,19.1,1
MIUI Browser,19.3,1
MIUI Browser,19.7,1
Opera GX,2.8,1
SberBrowser,20.0,1
Yandex Browser,23.1,1
Yandex Browser,23.5,1
Yandex Browser,24.1,1
Yandex Browser,24.101,1
vivo Browser,24.9,1
Samsung Browser,25.0,1
vivo Browser,25.0,1
vivo Browser,25.2,1
Yandex Browser,25.61,1
Yandex Browser,25.63,1
SberBrowser,26.0,1
SberBrowser,27.0,1
JioSphere,5.0,1
Huawei Browser Mobile,5.1,1
QtWebEngine,5.15,1
Firefox,52.0,1
Firefox,54.0,1
Opera Touch,6.0,1
Stargon,6.2,1
QQ Browser,6.2,1
QtWebEngine,6.4,1
QtWebEngine,6.5,1
Firefox,60.0,1
Firefox,68.0,1
Chrome,78.0,1
Firefox,80.0,1
Chrome,81.0,1
Opera,83.1,1
Microsoft Edge,86.0,1
Chrome,90.0,1
Opera,91.0,1
Chrome,92.0,1
Opera,92.0,1
Chrome,93.0,1
Chromium GOST,94.0,1
Chrome,96.0,1
Mobile App,97.0,1
Firefox,99.0,1
