name,visitors
United States,3975
India,2204
China,1584
Germany,1122
Russian Federation,990
United Kingdom,918
Brazil,642
Japan,599
France,565
Canada,414
Poland,393
Netherlands,350
Hong Kong,349
South Korea,316
Spain,307
Italy,292
Singapore,276
Mexico,224
Vietnam,213
Taiwan,211
Australia,205
Ukraine,200
Turkey,198
Switzerland,194
Colombia,170
Indonesia,148
Pakistan,148
Iran,146
Argentina,137
Sweden,137
Thailand,116
Austria,113
Czechia,111
Finland,106
Israel,103
Peru,102
Belgium,95
Philippines,95
Egypt,93
South Africa,85
Bangladesh,84
Portugal,84
Romania,82
Chile,80
Malaysia,79
Ireland,70
Denmark,68
Norway,63
Morocco,57
Nigeria,55
Greece,52
Kazakhstan,52
Saudi Arabia,51
Uzbekistan,50
Hungary,49
Belarus,48
Ghana,46
United Arab Emirates,45
Ethiopia,44
Kenya,40
Algeria,39
Bulgaria,36
Ecuador,34
Georgia,34
Nepal,33
Costa Rica,32
Dominican Republic,31
Iraq,31
Tunisia,30
Lithuania,28
New Zealand,28
Serbia,27
Slovakia,27
Venezuela,23
Latvia,21
Uruguay,21
Azerbaijan,20
Sri Lanka,20
Luxembourg,18
Jordan,17
Slovenia,17
Armenia,16
Guatemala,16
Kyrgyzstan,16
Estonia,15
Moldova,15
Côte d'Ivoire,13
Cyprus,13
Yemen,13
Croatia,12
Cambodia,12
Uganda,11
Bolivia,10
Cuba,10
Paraguay,10
Honduras,9
Senegal,9
Madagascar,8
Lebanon,7
Mauritius,7
Puerto Rico,7
Zambia,7
Bosnia and Herzegovina,6
Cameroon,6
Iceland,6
Libya,6
Myanmar,6
Togo,6
Malta,5
Namibia,5
Trinidad and Tobago,5
Benin,4
"Congo, The Democratic Republic of the",4
Comoros,4
North Macedonia,4
Qatar,4
Zimbabwe,4
Angola,3
Burkina Faso,3
Botswana,3
Kuwait,3
Lesotho,3
Montenegro,3
Panama,3
"Palestine, State of",3
Seychelles,3
Syria,3
Tajikistan,3
Andorra,2
Afghanistan,2
Bahrain,2
Belize,2
Guinea,2
Haiti,2
Jamaica,2
Liberia,2
Mauritania,2
Niger,2
El Salvador,2
Tanzania,2
Kosovo,2
Albania,1
Barbados,1
Burundi,1
Bahamas,1
Cabo Verde,1
Liechtenstein,1
Mali,1
Mongolia,1
Maldives,1
Malawi,1
Mozambique,1
New Caledonia,1
Nicaragua,1
Réunion,1
Rwanda,1
Sudan,1
Sierra Leone,1
Suriname,1
South Sudan,1
Chad,1
