name,visitors
Chrome,4865
Microsoft Edge,1656
Firefox,623
Opera,346
Safari,277
Yandex Browser,94
Mobile App,90
360 Secure Browser,52
Sogou Explorer,52
Quark,41
Smart Lenovo Browser,24
QQ Browser,22
MIUI Browser,13
Huawei Browser Mobile,10
Avast Secure Browser,7
Samsung Browser,7
Whale Browser,7
vivo Browser,6
UC Browser,5
(not set),2
Avira Secure Browser,2
Huawei Browser,2
Pale Moon,2
115 Browser,1
360 Phone Browser,1
AVG Secure Browser,1
Android Browser,1
Brave,1
CCleaner,1
Hi Browser,1
Iron,1
Rakuten Web Search,1
Vivaldi,1
