name,visitors
India,83053
China,63780
United States,35817
Brazil,17384
South Korea,14698
Russian Federation,13755
Japan,13444
Germany,10994
Indonesia,10536
United Kingdom,8799
France,8194
Mexico,7660
Pakistan,7355
Hong Kong,6937
Netherlands,6138
Colombia,5824
Turkey,5572
Philippines,5203
Taiwan,5201
Italy,4810
Spain,4615
Canada,4533
Thailand,4532
Vietnam,4290
Singapore,4289
Argentina,4204
Australia,4195
Egypt,3563
Iran,3492
Peru,3428
Poland,3427
Saudi Arabia,3413
Sweden,3265
Ukraine,3210
Nigeria,2981
Bangladesh,2874
United Arab Emirates,2817
Chile,2594
South Africa,1938
Finland,1901
Switzerland,1801
Malaysia,1791
Israel,1694
Morocco,1580
Norway,1534
Kenya,1469
Belgium,1423
Nepal,1388
Denmark,1329
Algeria,1263
Romania,1198
Sri Lanka,1174
Portugal,1170
Czechia,1139
Austria,1115
Ecuador,1097
Kazakhstan,1017
Iraq,977
Greece,860
Uzbekistan,853
Ireland,834
Hungary,819
Bolivia,785
Tunisia,773
Ghana,699
New Zealand,682
Jordan,667
Belarus,636
Venezuela,596
Uganda,562
Cambodia,551
Myanmar,540
Serbia,536
Bulgaria,514
Azerbaijan,510
Costa Rica,510
Ethiopia,506
Guatemala,479
Dominican Republic,475
Slovakia,438
Lebanon,433
Côte d'Ivoire,410
Yemen,406
Uruguay,399
Zimbabwe,372
Lithuania,350
Qatar,346
Paraguay,340
Cameroon,329
Croatia,326
Tanzania,315
Estonia,311
El Salvador,310
Mongolia,305
Latvia,301
Georgia,294
Macao,290
Oman,290
Kuwait,283
Panama,283
Kyrgyzstan,277
Honduras,263
Armenia,258
"Congo, The Democratic Republic of the",258
Afghanistan,251
Zambia,235
Réunion,229
Moldova,227
Madagascar,227
Angola,204
Rwanda,200
"Palestine, State of",197
Libya,194
Slovenia,188
Senegal,182
Syria,180
Cyprus,166
Bosnia and Herzegovina,164
Mauritius,143
Nicaragua,138
Bhutan,132
Malawi,132
Luxembourg,128
Puerto Rico,128
Sudan,126
Albania,125
Togo,123
Burkina Faso,119
Benin,119
Cuba,118
Mozambique,115
Bahrain,114
Jamaica,111
Mali,109
Tajikistan,99
Iceland,98
Congo,96
Seychelles,95
Somalia,90
North Macedonia,88
Botswana,82
Kosovo,82
Malta,81
Papua New Guinea,71
Guinea,67
Namibia,63
Laos,62
Maldives,54
Mauritania,53
Haiti,51
Brunei Darussalam,50
Montenegro,49
Gabon,48
Trinidad and Tobago,48
Sierra Leone,40
Liberia,32
South Sudan,32
Burundi,31
Niger,31
Martinique,28
Bahamas,27
Chad,26
Belize,25
Guadeloupe,24
Andorra,21
Liechtenstein,21
Fiji,20
Eswatini,19
Lesotho,18
New Caledonia,18
French Polynesia,18
Cabo Verde,13
Cayman Islands,13
Barbados,12
Saint Lucia,11
Kiribati,10
Djibouti,9
Gibraltar,9
Gambia,9
Guam,9
Guyana,9
Jersey,9
Suriname,9
Sao Tome and Principe,9
Mayotte,9
Aruba,8
Faroe Islands,8
Isle of Man,8
Solomon Islands,8
Timor-Leste,8
French Guiana,7
Equatorial Guinea,7
"Bonaire, Sint Eustatius and Saba",6
Guernsey,6
"Virgin Islands, U.S.",6
Grenada,5
Monaco,5
Samoa,5
Åland Islands,4
Central African Republic,4
Comoros,4
San Marino,4
Vanuatu,4
Guinea-Bissau,3
Saint Vincent and the Grenadines,3
"Virgin Islands, British",3
Antigua and Barbuda,2
Anguilla,2
Bermuda,2
Curaçao,2
Greenland,2
Sint Maarten (Dutch part),2
Turkmenistan,2
Cook Islands,1
Saint Pierre and Miquelon,1
Tonga,1
