name,unique_entrances,total_entrances,visit_duration
/downloads/,190624,198325,112
/,141144,145806,136
/downloads/windows/,36965,38090,109
/downloads/release/python-3137/,28649,29136,117
/about/gettingstarted/,5834,5937,92
/downloads/macos/,5529,5630,87
/downloads/release/python-3100/,3220,3296,115
/search/,3180,3213,152
/downloads/release/python-3120/,3139,3200,115
/doc/,3060,3120,107
/downloads/release/python-3110/,3019,3084,104
/downloads/release/python-3135/,1970,2045,110
/downloads/release/python-3119/,1905,1961,89
/downloads/release/python-3130/,1605,1622,131
/downloads/release/python-3106/,1514,1580,90
/getit/,1446,1465,185
/downloads/source/,1424,1444,132
/psf-landing/,1351,1374,124
/downloads/release/python-390/,1344,1374,141
/downloads/release/python-31011/,1242,1288,71
/downloads/release/python-31113/,1170,1179,177
/about/,1104,1123,175
/shell/,1031,1050,94
/downloads/release/python-380/,916,935,141
/downloads/release/python-3133/,769,793,126
/jobs/,763,773,122
/downloads/release/pymanager-250b14/,735,738,140
/downloads/release/python-31211/,719,724,182
/downloads/release/python-31210/,709,736,93
/community/,670,681,118
/downloads/release/python-3136/,663,683,88
/downloads/release/python-3810/,628,645,127
/downloads/release/python-31018/,624,633,181
/doc/versions/,598,608,102
/about/apps/,578,586,126
/download/other/,574,581,120
/downloads/release/python-370/,539,542,147
/downloads/android/,538,546,152
/downloads/release/python-3124/,518,529,134
/downloads/release/python-2718/,507,526,72
/downloads/release/python-3913/,492,509,99
/download/releases/,474,474,190
/download/pre-releases/,452,452,160
/downloads/release/python-3123/,448,460,95
/downloads/release/python-3132/,355,361,119
/download,352,356,184
/downloads/release/python-3114/,351,357,137
/download/releases/2.7/,348,353,111
/downloads/release/python-3109/,309,316,64
/downloads/release/python-3128/,296,308,125
/downloads/release/python-3923/,291,296,196
/downloads/release/python-3127/,290,297,123
/downloads/release/python-3126/,285,289,113
/downloads/release/python-3129/,283,295,103
/downloads/release/python-3125/,273,278,153
/downloads/release/python-379/,267,281,153
/community/logos/,257,259,45
/downloads/release/python-31012/,256,259,280
/downloads/release/python-31010/,255,260,105
/blogs/,252,254,117
/downloads/release/python-3820/,247,251,174
/events/,243,245,39
/downloads/release/python-360/,239,242,134
/doc/essays/blurb/,225,232,89
/downloads/release/python-31013/,217,219,226
/downloads/release/python-31112/,205,209,187
/downloads/release/python-3118/,205,208,111
/downloads/release/python-3131/,189,196,142
/downloads/release/python-3115/,184,194,108
/downloads/release/python-377/,180,181,208
/downloads/release/python-31111/,170,170,161
/download/releases/3.0/,166,167,121
/downloads/release/python-3117/,165,170,72
/downloads/release/python-368/,163,168,121
/downloads/release/python-3116/,156,161,54
/downloads/release/python-3140rc2/,155,156,152
/downloads/release/python-374/,155,155,194
/downloads/release/python-3122/,148,152,114
/downloads/release/python-3121/,140,140,116
/downloads/release/python-31014/,136,136,214
/downloads/release/python-31017/,131,132,222
/downloads/release/python-3111/,130,137,132
/downloads/release/python-3105/,128,135,98
/downloads/release/python-385/,127,128,114
/success-stories/,125,126,162
/downloads/release/python-3112/,120,120,90
/downloads/release/python-3134/,119,123,63
/downloads/release/python-386/,119,121,193
/getit/windows/,113,114,209
/downloads/release/python-31110/,112,112,191
/downloads/release/python-3717/,111,113,214
/downloads/release/python-31016/,108,110,188
/downloads/release/python-382/,105,106,150
/downloads/release/python-372/,104,107,142
/downloads/release/python-3113/,102,107,72
/downloads/release/python-3922/,101,104,176
/downloads/release/python-396/,101,105,145
/downloads/release/python-3104/,99,103,347
/downloads/release/python-397/,97,99,167
/downloads/mac-osx/,92,92,100
/downloads/release/,89,89,175
/downloads/release/python-373/,81,85,253
/downloads/release/python-365/,80,84,151
/accounts/login/,78,78,245
/about/help/,76,76,117
/doc/av/,75,76,155
/downloads/release/python-3108/,74,75,64
/downloads/release/python-383/,74,75,186
//downloads/,73,75,60
/downloads/release/python-3918/,73,73,227
/psf/donations/,73,74,137
/downloads/release/python-3102/,72,74,153
/downloads/release/python-2716/,68,69,82
/downloads/release/python-376/,68,68,221
/downloads/release/python-3912/,68,69,77
/downloads/release/python-31015/,66,67,170
/downloads/release/python-388/,66,67,252
/downloads/release/python-3921/,65,65,144
/success-stories/category/education/,65,65,141
/downloads/release/python-387/,62,63,184
/downloads/release/python-311/,61,62,189
/downloads/release/python-378/,61,63,48
/downloads/release/python-399/,61,61,130
/about/quotes/,60,61,163
/community/forums/,59,65,155
/doc/essays/graphs/,57,58,53
/downloads/release/python-3101/,57,57,86
/downloads/release/python-3910/,57,57,80
/download/mac/tcltk/,55,55,139
/psf/membership/,54,54,160
/downloads/release/python-3911/,53,53,125
/downloads/release/python-392/,53,53,106
/doc/sunset-python-2/,52,54,49
/download/alternatives/,52,53,49
/downloads/release/python-350/,51,53,79
/downloads/release/python-3920/,51,51,386
/success-stories/category/engineering/,51,51,86
/downloads/release/pymanager-250b13/,50,54,55
/downloads/release/python-352/,50,50,154
/downloads/release/python-3919/,50,50,248
/community/sigs/current/mobile-sig/,49,49,83
/downloads/release/python-3107/,49,51,56
/downloads/release/python-381/,48,50,113
/downloads/release/python-391/,48,50,194
/downloads/release/python-3818/,47,47,171
/downloads/release/python-395/,47,47,67
/download/releases/3.1/,46,47,186
/success-stories/category/business/,46,48,153
/downloads/release/python-340/,45,45,213
/downloads/release/python-3819/,45,46,237
/community/diversity/,43,43,152
/events/python-events/,43,43,123
/downloads/release/python-272/,42,42,81
/downloads/release/python-2710/,41,42,148
/success-stories/category/arts/,40,40,83
/psf/sponsors/,39,39,41
/about/success/,38,38,250
/dev/,38,38,114
/downloads/release/python-2715/,34,34,129
/downloads/release/python-343/,34,34,293
/download/releases/2.5/msi/,33,33,120
/downloads/release/python-3140a4/,33,33,179
/downloads/release/python-389/,33,36,86
/downloads/release/python-3716/,32,32,387
/downloads/release/python-3916/,32,32,173
/jobs/7954/,32,32,64
/downloads/release/python-330/,31,31,253
/downloads/release/python-3615/,31,32,102
/downloads/release/python-371/,31,32,63
/accounts/signup/,30,30,231
/download/releases/2.3/mro/,30,30,73
/downloads/release/python-275/,30,30,251
/downloads/release/python-3816/,29,29,161
/downloads/release/python-3817/,29,29,373
/community/irc/,28,28,263
/doc/essays/comparisons/,28,28,38
/downloads/release/python-311x/,28,28,325
/downloads/release/python-362/,28,28,200
/community/lists/,27,28,217
/downloads/release/python-3710/,27,27,300
/jobs/7951/,27,29,119
/downloads/release/python-2714/,26,28,141
/nominations/elections/2025-python-software-foundation-board/nominees/,26,27,134
/community/workshops/,25,25,177
/downloads.,25,25,73
/downloads/release/python-271/,25,25,250
/downloads/release/python-353/,25,25,64
/dev/security/,24,25,70
/download/releases/2.0/,24,25,300
/downloads/release/python-2713/,24,24,106
/downloads/release/python-273/,24,24,47
/downloads/release/python-3410/,24,24,201
/downloads/release/python-344/,24,24,61
/downloads/release/python-363/,24,24,239
/downloads/release/python-3713/,24,24,211
/jobs/7952/,24,24,57
/downloads/release/python-270/,23,23,493
/downloads/release/python-278/,23,23,190
/downloads/release/python-3815/,23,23,256
/downloads/release/python-398/,23,23,30
/downloads/release/python-2717/,22,26,71
/),21,21,16
/downloads/release/python-3140b3/,21,23,234
/downloads/release/python-394/,21,23,138
/downloads/windows/index.html,21,21,80
/success-stories/category/software-development/,21,22,323
/doc/essays/,20,23,94
/downloads/release/python-312/,20,20,131
/downloads/release/python-366/,20,20,95
/psf/about/,20,20,362
/downloads/release/pymanager-250b12/,19,19,29
/downloads/release/python-3103/,19,19,59
/downloads/release/python-3510/,19,19,69
/dev/core-mentorship/,18,18,33
/downloads/release/python-2711/,18,19,58
/downloads/release/python-300/,18,18,125
/downloads/release/python-351/,18,18,189
/downloads/release/python-364/,18,18,219
/downloads/release/python-367/,18,21,196
/downloads/release/python-375/,18,18,95
/dowloads,17,18,61
/downloads/release/python-384/,17,17,18
/”,17,17,40
/downloads/release/python-254/,16,16,327
/downloads/release/python-313/,16,16,143
/downloads/release/python-3715/,16,16,190
/downloads/release/python-3917/,16,16,204
/jobs/7945/,16,17,201
/dowloads/,15,15,186
/downloads/release/python-277/,15,15,284
/downloads/release/python-279/,15,15,209
/downloads/release/python-31114/,15,15,281
/downloads/release/python-3711/,15,16,301
/psf/newsletter/,15,15,31
/download/releases/2.6/,14,15,156
/downloads/),14,14,16
/downloads/release/pymanager-250b9/,14,14,133
/downloads/release/python-2712/,14,14,4
/downloads/release/python-314/,14,14,141
/downloads/release/python-3140rc1/,14,14,215
/downloads/release/python-3811/,14,14,111
/downloads/release/python-3813/,14,15,482
/events/python-user-group/,14,14,309
/ downloads/windows/,13,13,108
/accounts/confirm-email/,13,13,117
/download/releases/2.4/msi/,13,13,32
/downloads/release/python-369/,13,13,83
/downloads/release/python-3915/,13,13,207
/jobs/category/developer-engineer/,13,13,123
/psf/volunteer/,13,13,75
/dev/buildbot/,12,13,21
/downlaod/macos/,12,12,49
/downloads/release/python-276/,12,13,221
/downloads/release/python-361/,12,12,415
/downloads/release/python-3611/,12,12,139
/downloads/release/python-3712/,12,12,240
/downloads/release/python-3914/,12,12,138
/events/python-user-group/2085/,12,12,138
/psf/get-involved/,12,12,190
/psf/grants/,12,12,59
/success-stories/python-on-arm-2025-update/,12,12,5
/doc/humor/,11,11,2
/events/calendars/,11,12,332
/events/python-events/2021/,11,11,74
/jobs/7947/,11,11,294
/jobs/7950/,11,11,158
/psf/records/staff/,11,11,142
/psf/trademarks/,11,11,9
/users/Download-Toilet-Ek-Prem-Katha/,11,11,12
/community/sigs/,10,11,35
/download/releases/2.5/,10,10,158
/downloads/](https:/www.python.org/downloads,10,19,167
/downloads/metadata/sigstore/,10,10,328
/downloads/release/pymanager-250b11/,10,14,160
/downloads/release/python-201/,10,10,87
/downloads/release/python-266/,10,10,1
/downloads/release/python-310/,10,10,357
/downloads/release/python-31116/,10,10,662
/downloads/release/python-315/,10,10,27
/downloads/release/python-367rc1/,10,12,30
/downloads/release/python-3812/,10,10,47
/downloads/release/python-3814/,10,10,153
/downloads/release/python-386rc1/,10,11,80
/jobs/7946/,10,10,284
/psf/fellows/,10,10,32
/success-stories/category/government/,10,10,0
/about/success/cog/,9,9,6
/community/awards/psf-awards/,9,9,5
/doc/essays/cp4e/,9,9,118
/doc/essays/foreword/,9,9,57
/download/releases/2.2/descrintro/,9,12,0
/downloads/release/python-3110rc2/,9,9,17
/events/python-events/past/,9,9,294
/jobs/location/telecommute/,9,9,31
/nominations/elections/,9,9,27
/psf/board/,9,9,292
/success-stories/category/data-science/,9,9,8
/success-stories/category/scientific/,9,9,115
/success_stories/,9,9,215
/users/Dezzy40/,9,9,85
