name,visitors,bounce_rate,visit_duration
Direct / None,1105,61,242
Google,534,68,213
python.org,173,81,292
pythoninsider.blogspot.com,81,61,142
Bing,57,59,201
Baidu,36,97,104
GitHub,20,86,124
blog.python.org,15,36,81
DuckDuckGo,14,71,536
peps.python.org,9,56,494
Yandex,8,50,44
Brave,7,40,640
chatgpt.com,6,100,41
typing-extensions.readthedocs.io,6,100,0
Ecosia,4,67,699
Microsoft Teams,4,50,74
discuss.python.org,3,100,282
qiita.com,3,100,0
Reddit,2,0,41
Slack,2,100,0
frameworktraining.co.uk,2,50,336
mskadu.medium.com,2,100,0
startpage.com,2,0,177
Twitter,1,100,0
Yahoo!,1,0,0
blog.reverberate.org,1,0,21
code.djangoproject.com,1,100,0
digitalbourgeois.tistory.com,1,100,0
fastapi.tiangolo.com,1,0,1239
infobuckets.com,1,0,42
labyrinth.eliteminds.tech,1,0,98
link.zhihu.com,1,0,7
m.slashdot.org,1,0,96
ntp.msn.cn,1,0,598
phoronix.com,1,0,1285
pip.pypa.io,1,0,3534
planetpython.org,1,0,19
psycopg.org,1,100,0
skillbox.ru,1,0,12
sphinx-doc.org,1,0,11
trio.readthedocs.io,1,0,605
yuanbao.tencent.com,1,100,0
yurimkoo.github.io,1,0,19765
