name,unique_exits,total_exits,exit_rate
/pl/3.15/whatsnew/3.15.html,158,160,
/pl/3/contents.html,35,35,
/pl/3/tutorial/index.html,26,26,
/pl/3.12/library/stdtypes.html,18,18,
/pl/3/library/os.html,16,16,
/pl/3/library/constants.html,15,15,
/pl/3/library/email.encoders.html,14,14,
/pl/3.12/contents.html,13,13,
/pl/3/library/smtplib.html,13,13,
/pl/3/tutorial/datastructures.html,12,13,
/pl/3/library/stdtypes.html,11,11,
/pl/3/tutorial/controlflow.html,11,12,
/pl/3.15/using/windows.html,9,9,
/pl/3/,9,9,
/pl/3/library/email.contentmanager.html,9,9,
/pl/3/library/sqlite3.html,9,9,
/pl/3/library/ssl.html,9,9,
/pl/3/tutorial/introduction.html,9,10,
/pl/3.12/library/asyncio-eventloop.html,8,8,
/pl/3.12/library/asyncio-task.html,8,8,
/pl/3.12/reference/datamodel.html,8,8,
/pl/3/library/email.parser.html,8,8,
/pl/3/tutorial/appetite.html,8,8,
/pl/3/tutorial/venv.html,8,9,
/pl/3.12/library/importlib.html,7,7,
/pl/3/library/poplib.html,7,7,
/pl/3/tutorial/errors.html,7,7,
/pl/3/tutorial/interpreter.html,7,7,
/pl/3.12/library/asyncio-exceptions.html,6,6,
/pl/3.12/library/concurrent.futures.html,6,6,
/pl/3.14/tutorial/index.html,6,7,
/pl/3/library/archiving.html,6,6,
/pl/3/library/asyncio-policy.html,6,6,
/pl/dev/library/turtle.html,6,6,
/dev/using/windows.html,5,5,
/pl/3.12/library/fnmatch.html,5,5,
/pl/3.12/library/intro.html,5,5,
/pl/3.12/library/pathlib.html,5,5,
/pl/3.12/library/re.html,5,5,
/pl/3/installing/index.html,5,8,
/pl/3/library/datetime.html,5,5,
/pl/3/library/email.policy.html,5,5,
/pl/3/library/fileformats.html,5,5,
/pl/3/library/os.path.html,5,5,
/pl/3/library/pathlib.html,5,5,
/pl/3/library/posix.html,5,5,
/pl/3/tutorial/classes.html,5,5,
/pl/3/tutorial/modules.html,5,5,
/3/,4,4,
/pl/3.12/c-api/buffer.html,4,4,
/pl/3.12/c-api/intro.html,4,4,
/pl/3.12/c-api/stable.html,4,4,
/pl/3.12/c-api/structures.html,4,4,
/pl/3.12/library/__main__.html,4,4,
/pl/3.12/library/pickle.html,4,4,
/pl/3.12/library/subprocess.html,4,4,
/pl/3.12/library/tk.html,4,4,
/pl/3.14/library/functions.html,4,4,
/pl/3.14/tutorial/controlflow.html,4,4,
/pl/3/library/array.html,4,4,
/pl/3/library/asyncio-graph.html,4,4,
/pl/3/library/asyncio-platforms.html,4,4,
/pl/3/library/asyncio-subprocess.html,4,4,
/pl/3/library/configparser.html,4,4,
/pl/3/library/email.generator.html,4,4,
/pl/3/library/email.header.html,4,4,
/pl/3/library/filesys.html,4,4,
/pl/3/library/functions.html,4,4,
/pl/3/library/http.cookies.html,4,4,
/pl/3/library/imaplib.html,4,4,
/pl/3/library/profile.html,4,4,
/pl/3/library/re.html,4,4,
/pl/3/library/shelve.html,4,4,
/pl/3/library/time.html,4,4,
/pl/3/library/urllib.parse.html,4,4,
/pl/3/library/xml.sax.html,4,4,
/pl/3/tutorial/floatingpoint.html,4,4,
/pl/3/whatsnew/2.2.html,4,4,
/pl/3/whatsnew/3.14.html,4,4,
/pl/dev/tutorial/classes.html,4,4,
/3.15/whatsnew/3.15.html,3,3,
/pl/3.12/c-api/call.html,3,3,
/pl/3.12/c-api/concrete.html,3,3,
/pl/3.12/c-api/object.html,3,3,
/pl/3.12/c-api/type.html,3,3,
/pl/3.12/c-api/typeobj.html,3,3,
/pl/3.12/c-api/unicode.html,3,3,
/pl/3.12/faq/programming.html,3,3,
/pl/3.12/library/asyncio-future.html,3,3,
/pl/3.12/library/filesys.html,3,3,
/pl/3.12/library/functional.html,3,3,
/pl/3.12/library/functools.html,3,3,
/pl/3.12/library/glob.html,3,3,
/pl/3.12/library/numbers.html,3,3,
/pl/3.12/library/signal.html,3,3,
/pl/3.12/reference/index.html,3,3,
/pl/3.14/,3,3,
/pl/3.14/tutorial/introduction.html,3,3,
/pl/3.15/tutorial/classes.html,3,3,
/pl/3.15/whatsnew/3.14.html,3,3,
