name,version,visitors
Chrome,144.0,44041
Microsoft Edge,144.0,9885
Chrome,143.0,6221
Firefox,147.0,6219
Safari,26.2,4666
Mobile App,(not set),3972
Opera,126.0,2330
Chrome,132.0,1858
Chrome,139.0,1673
Yandex Browser,25.12,1631
Safari,18.6,1193
Chrome,142.0,1166
Firefox,140.0,699
Microsoft Edge,143.0,685
Chrome,138.0,544
Firefox,146.0,527
Chrome,141.0,423
Safari,26.1,397
Chrome,109.0,376
Mobile App,97.0,352
Safari,18.5,351
Samsung Browser,29.0,328
Safari,17.6,279
Chrome,145.0,268
Chrome,140.0,264
Safari,26.0,254
Chrome,135.0,238
Safari,18.7,231
Chrome,111.0,225
Chrome,136.0,221
Chrome,130.0,215
Sogou Explorer,2,205
Chrome,137.0,196
Chrome,69.0,196
360 Secure Browser,(not set),195
Safari,16.6,181
Chrome,131.0,180
Firefox,5.0,178
Safari,26.3,174
Safari,(not set),169
Safari,18.3,159
Safari,26.4,155
Chrome,134.0,136
Chrome,116.0,133
Chrome,133.0,127
Chrome,117.0,125
(not set),(not set),123
Chrome,122.0,118
Huawei Browser Mobile,16.0,117
Microsoft Edge,142.0,115
Firefox,145.0,114
Chrome,124.0,112
Brave,(not set),106
Mobile App,144.0,106
Firefox,115.0,105
Opera,125.0,104
Chrome,128.0,99
Safari,15.6,96
Firefox,136.0,89
Firefox,147.2,85
Safari,18.4,84
UC Browser,18.5,78
Firefox,148.0,77
Safari,18.1,72
Chrome,126.0,71
Microsoft Edge,145.0,71
Firefox,128.0,69
Yandex Browser,25.8,69
Quark,(not set),68
Smart Lenovo Browser,9.0,63
Firefox,143.0,59
Safari,17.5,59
Chrome,120.0,55
vivo Browser,27.9,55
Safari,10.0,54
Chrome,127.0,54
Chrome,125.0,53
Safari,18.2,53
Safari,17.4,52
Chrome,108.0,49
Chrome,97.0,49
Chrome,103.0,46
Microsoft Edge,122.0,46
Firefox,144.0,46
Safari,18.0,46
Firefox,141.0,45
Yandex Browser,24.10,45
Chrome,146.0,44
Avast Secure Browser,143.0,43
Chrome,106.0,42
Yandex Browser,25.4,42
Chrome,129.0,41
Opera,94.0,41
Chrome,105.0,40
Mobile App,116.0,39
Firefox,142.0,39
Chrome,114.0,38
Microsoft Edge,138.0,38
Microsoft Edge,141.0,38
Microsoft Edge,92.0,37
Safari,17.14,36
Microsoft Edge,131.0,35
Microsoft Edge,140.0,35
Yandex Browser,25.10,35
QQ Browser,6.2,35
Safari,17.1,34
MIUI Browser,20.11,34
Chrome,119.0,33
Safari,17.3,33
Chrome,123.0,30
Safari,16.3,29
Samsung Browser,28.0,28
Chrome,112.0,26
Chrome,121.0,26
UC Browser,18.4,26
Chrome,104.0,25
Yandex Browser,25.2,25
Chrome,96.0,25
Chrome,107.0,24
Microsoft Edge,109.0,23
Firefox,109.0,23
Chrome,110.0,23
Chrome,91.0,23
Yandex Browser,25.6,22
Huawei Browser Mobile,5.1,22
Opera,124.0,21
Microsoft Edge,139.0,20
Whale Browser,4.35,20
Firefox,134.0,19
Microsoft Edge,137.0,19
Firefox,137.0,19
Safari,14.1,19
Safari,16.5,19
Safari,17.2,18
Microsoft Edge,136.0,17
Mobile App,114.0,16
Chrome,118.0,16
Microsoft Edge,146.0,16
Firefox,149.0,16
vivo Browser,15.1,16
Safari,17.0,16
Yandex Browser,25.104,16
Yandex Browser,25.124,16
vivo Browser,27.8,16
Opera,97.1,16
vivo Browser,27.6,15
Chrome,86.0,15
Quark,10.4,14
Firefox,125.0,14
Microsoft Edge,134.0,14
Firefox,135.0,14
Safari,16.1,14
Hi Browser,2.25,14
QQ Browser,20.1,14
Opera GX,3.1,14
Chrome,87.0,14
Firefox,113.0,13
Firefox,139.0,13
Norton Private Browser,143.0,13
Firefox,102.0,12
Microsoft Edge,128.0,12
Microsoft Edge,132.0,12
Firefox,133.0,12
Microsoft Edge,135.0,12
Firefox,143,12
Chrome,144,12
Safari,16.0,12
SberBrowser,34.0,12
Mobile App,143.0,11
AVG Secure Browser,143.0,11
MIUI Browser,20.1,11
Samsung Browser,25.0,11
vivo Browser,27.7,11
QtWebEngine,6.10,11
Chrome,99.0,11
Chrome,102.0,10
Mobile App,120.0,10
Safari,16.4,10
MIUI Browser,20.9,10
Yandex Browser,25.80,10
Safari,60.5,10
Opera,93.0,10
Chrome,95.0,10
Microsoft Edge,112.0,9
Chrome,113.0,9
Microsoft Edge,127.0,9
Mobile App,137.0,9
Mobile App,138.0,9
MIUI Browser,14.49,9
QQ Browser,26,9
Samsung Browser,26.0,9
Chrome,93.0,9
Opera,95.0,9
Chromium,(not set),8
Quark,10.3,8
Chrome,101.0,8
Mobile App,109.0,8
Safari,12.1,8
Firefox,127.0,8
Firefox,138.0,8
MIUI Browser,14.50,8
Microsoft Edge,18.18363,8
UC Browser,18.2,8
Yandex Browser,25.3,8
Samsung Browser,27.0,8
MIUI Browser,11.0,7
Opera,128.0,7
Firefox,129.0,7
Microsoft Edge,129.0,7
Microsoft Edge,133.0,7
Ecosia,143.0,7
Chrome,70.0,7
Chrome,85.0,7
Android Browser,(not set),6
Mobile App,111.0,6
Mobile App,131.0,6
Mobile App,134.0,6
MIUI Browser,14.10,6
Safari,15.5,6
Safari,16.2,6
Safari,17.7,6
Microsoft Edge,18.18362,6
MIUI Browser,20.10,6
Phoenix Browser,20.4,6
Yandex Browser,24.1,6
Yandex Browser,25.62,6
Chrome,59.0,6
Chrome,90.0,6
Quark,10.0,5
Microsoft Edge,110.0,5
Microsoft Edge,111.0,5
Microsoft Edge,114.0,5
Microsoft Edge,117.0,5
Microsoft Edge,119.0,5
Huawei Browser,12.1,5
Microsoft Edge,120.0,5
Firefox,121.0,5
Opera,122.0,5
Opera,123.0,5
Mobile App,123.0,5
Safari,13.1,5
Microsoft Edge,130.0,5
Firefox,131.0,5
Mobile Silk,138.11,5
vivo Browser,15.2,5
Safari,15.2,5
Safari,15.4,5
Microsoft Edge,17.17134,5
QQ Browser,19.7,5
QQ Browser,19.8,5
Hi Browser,2.24,5
Yandex Browser,24.7,5
Yandex Browser,25.125,5
Kindle Browser,3.0,5
QtWebEngine,5.15,5
Chrome,56.0,5
Chrome,84.0,5
Chrome,89.0,5
Chrome,92.0,5
Chrome,94.0,5
Quark,10.2,4
Microsoft Edge,100.0,4
Microsoft Edge,107.0,4
Microsoft Edge,113.0,4
Chrome,115.0,4
Microsoft Edge,123.0,4
Firefox,124.0,4
Microsoft Edge,124.0,4
Firefox,130.0,4
Firefox,132.0,4
Ecosia,144.0,4
Microsoft Edge,16.16299,4
Safari,17.8,4
QQ Browser,19.9,4
QQ Browser,20.0,4
MIUI Browser,20.2,4
Samsung Browser,24.0,4
Yandex Browser,24.6,4
Yandex Browser,25.20,4
JioSphere,6.0,4
Sleipnir,6.5,4
Chrome,68.0,4
Chrome,78.0,4
Chrome,79.0,4
Samsung Browser,9.0,4
Microsoft Edge,90.0,4
Microsoft Edge,98.0,4
Quark,10.1,3
Mobile App,103.0,3
Microsoft Edge,108.0,3
Safari,11.0,3
Ecosia,11.6,3
Opera,115.0,3
Microsoft Edge,116.0,3
Opera,117.0,3
Opera,118.0,3
Firefox,118.0,3
Opera,119.0,3
UC Browser,12.12,3
Microsoft Edge,121.0,3
