name,visitors
Beijing,307
Shanghai,252
Guangzhou,205
Hong Kong,169
Singapore,143
Shenzhen,141
Ho Chi Minh City,105
Chengdu,103
Hangzhou,101
Zhengzhou,97
Tokyo,93
Xi’an,92
Wuhan,85
Los Angeles,83
Hanoi,66
Nanjing,64
Chongqing,58
Tianjin,48
Jinan,46
Changsha,35
Fuzhou,34
Baoding,34
Dongguan,32
Kunming,31
Qingdao,28
N/A,27
Suzhou,25
Nanning,23
Hefei,23
Xiamen,22
San Jose,21
Ningbo,19
Taipei,18
Shijiazhuang,18
Osaka,18
Huizhou,16
Wuhu,15
Shenyang,15
Dalian,14
Harbin,14
Wuxi,13
Foshan,13
Shangqiu,11
Shaoxing,11
Linyi,11
Santa Clara,11
N/A,11
Haiphong,10
Kunshan,10
Zhuhai,10
Chicago,10
Ürümqi,9
Nanchang,9
Changzhou,9
N/A,9
Paris,9
Toronto,9
Zhongshan,9
Putian,8
Lanzhou,8
Jiaxing,8
N/A,8
Sydney,8
Frankfurt am Main,8
Seattle,8
Thái Nguyên,7
Chang-hua,7
Zhenjiang,7
Tongshan,7
Taichung,6
Xinxiang,6
Guiyang,6
Tsuen Wan,6
Phoenix,6
Shengpu,6
Da Nang,5
Yangzhou,5
Xiangtan,5
Wenzhou,5
Taiyuan,5
Langfang,5
Wan Chai,5
Fremont,5
Huanggang,5
Thanh Hóa,4
Nha Trang,4
Jakarta,4
N/A,4
Shantou,4
Pingdingshan,4
Haikou,4
Fuyang,4
Seoul,4
Liaoyuan,4
Hohhot,4
Chengde,4
Changchun,4
London,4
Haarlem,4
Amsterdam,4
Nürnberg,4
Madrid,4
Central,4
Kaohsiung,3
Kuala Lumpur,3
Zibo,3
Yibin,3
Yantai,3
Tangshan,3
Quanzhou,3
Luoyang,3
Jiujiang,3
Jingmen,3
N/A,3
N/A,3
Auckland,3
Leeds,3
Stockholm,3
Baltimore,3
Swedesboro,3
Draper,3
Inzai,3
N/A,3
Chaowai,3
Taizhou,3
Shuangfengqiao,3
Jinzhong,3
Nairobi,2
Manama,2
Tallinn,2
Port Louis,2
Mumbai,2
Almaty,2
Phúc Yên,2
Hải Dương,2
Biên Hòa,2
N/A,2
Banqiao,2
N/A,2
Johor Bahru,2
George Town,2
Petaling Jaya,2
Yuncheng,2
Yancheng,2
Xianyang,2
Weihai,2
Tai’an,2
Shekou,2
Shanwei,2
Jinjiang,2
Guang’an,2
Nanyang,2
Nantong,2
Loudi,2
Jinhua,2
Cixi,2
Huaihua,2
Hengshui,2
Handan,2
Dongying,2
Dezhou,2
Deyang,2
Yiwu,2
N/A,2
N/A,2
N/A,2
N/A,2
N/A,2
Incheon,2
N/A,2
Kyoto,2
Hamamatsu,2
Adelaide,2
Port Moresby,2
Melbourne,2
Slough,2
Manchester,2
Edinburgh,2
Zug,2
Sundbyberg,2
Stuttgart,2
Munich,2
Germersheim,2
Essen,2
Valence,2
Nantes,2
Tromsø,2
N/A,2
Mexico City,2
N/A,2
Bogotá,2
Durham,2
North Charleston,2
Knoxville,2
Dallas,2
Ashburn,2
Minneapolis,2
Piscataway,2
N/A,2
Providence,2
Dublin,2
East Los Angeles,2
Torrance,2
Bothell,2
Markham,2
Thunder Bay,2
N/A,2
N/A,2
N/A,2
N/A,2
N/A,2
N/A,2
Tehran,1
Kuwait City,1
Doha,1
Tel Aviv,1
Vladimir,1
Nyandoma,1
Chisinau,1
Minsk,1
Helsinki,1
Kamyianets-Podilskyy,1
Rimavská Sobota,1
Istanbul,1
Johannesburg,1
Durban,1
Cochin,1
Bengaluru,1
Barnaul,1
Alapayevsk,1
Vũng Tàu,1
Quảng Ngãi,1
Pleiku,1
Phú Thọ,1
Ninh Bình,1
Lấp Vò,1
Huế,1
Điện Bàn,1
Bắc Ninh,1
N/A,1
N/A,1
Mueang Nonthaburi,1
Semarang,1
N/A,1
N/A,1
N/A,1
Kampung Baharu Nilai,1
N/A,1
Zhumadian,1
Zhuji,1
Anyang,1
Zhangjiagang,1
Xuchang,1
Xuanzhou,1
Xinyang,1
Xiaogan,1
Kaifeng,1
Jining,1
Jingzhou,1
Huzhou,1
Guilin,1
Chuzhou,1
Cangzhou,1
Tai Po,1
N/A,1
N/A,1
N/A,1
N/A,1
Chuncheon,1
Cheongju-si,1
Fussa,1
Ulan Bator,1
Anshan,1
Dakar,1
Sidi Bel Abbès,1
Wembley,1
Swadlincote,1
Sheffield,1
Portsmouth,1
Oxford,1
Islington,1
Hammersmith,1
Exeter,1
Colchester,1
Hoogeveen,1
Hamburg,1
Bochum,1
Berlin,1
Villeurbanne,1
Chelles,1
Aubervilliers,1
Valdemoro,1
Pisa,1
Modena,1
Zagreb,1
Pilar,1
Olivos,1
Marcos Paz,1
Ituzaingó,1
Formosa,1
