name,visitors
Istanbul,35
Ankara,19
Izmir,7
Bursa,6
Aydın,4
Lombardy,3
Yalova,3
Paraná,2
Lower Saxony,2
Greater Accra,2
Yogyakarta,2
Telangāna,2
Tokyo,2
Kanagawa,2
Balıkesir,2
Denizli,2
Diyarbakır,2
Elazığ,2
Malatya,2
Mardin,2
Osmaniye,2
Luanda,1
Vienna,1
Hunan,1
Baden-Württemberg,1
Apulia,1
Bishkek,1
South Holland,1
Islamabad,1
Moscow,1
Ryazan,1
Afyonkarahisar,1
Eskişehir,1
Mersin,1
Kocaeli,1
Konya,1
Kahramanmaraş,1
Niğde,1
Sakarya,1
Samsun,1
Tekirdağ,1
Yozgat,1
