name,unique_entrances,total_entrances,visit_duration
/it/3/tutorial/index.html,26,26,131
/3/,12,12,478
/it/3/tutorial/inputoutput.html,12,14,14
/3/tutorial/index.html,11,11,1011
/it/3.13/tutorial/classes.html,8,9,3
/it/3/library/stdtypes.html,7,7,130
/it/3/tutorial/interpreter.html,6,7,0
/3.13/tutorial/index.html,5,5,541
/it/3.13/tutorial/controlflow.html,5,5,143
/3/library/random.html,4,4,340
/3/tutorial/,4,4,339
/it/3.12/library/functions.html,4,4,0
/it/3.13/tutorial/index.html,4,4,264
/it/3/,4,4,113
/it/3/tutorial/controlflow.html,4,4,286
/it/3/tutorial/venv.html,4,4,42
/3.13/tutorial/,3,3,216
/3/library/,3,3,140
/3/library/idle.html,3,3,406
/3/library/tkinter.html,3,3,55
/it/3.13/,3,3,13
/it/3.13/tutorial/interpreter.html,3,4,250
/it/3/tutorial/classes.html,3,3,0
/3.13/using/windows.html,2,2,80
/3/faq/windows.html,2,2,621
/3/installing/index.html,2,2,13
/3/library/index.html,2,2,390
/3/library/stdtypes.html,2,2,72
/3/library/sys.html,2,2,778
/3/search.html,2,2,26
/3/tutorial/modules.html,2,2,83
/it/3.12/tutorial/,2,2,46
/it/3.13/library/string.html,2,2,96
/it/3.13/library/turtle.html,2,2,0
/it/3.13/reference/index.html,2,2,0
/it/3.13/search.html,2,4,18
/it/3/tutorial/,2,4,392
/it/3/tutorial/datastructures.html,2,2,0
/it/3/tutorial/floatingpoint.html,2,2,136
/it/3/tutorial/modules.html,2,2,1071
/3.12/tutorial/,1,1,1071
/3.12/tutorial/index.html,1,1,289
/3.12/using/windows.html,1,1,12
/3.13/,1,1,121
/3/c-api/long.html,1,1,3323
/3/c-api/none.html,1,1,127
/3/download.html,1,1,11
/3/library/collections.html,1,1,204
/3/library/csv.html,1,1,6
/3/library/datetime.html,1,1,102
/3/library/getpass.html,1,1,30
/3/library/json.html,1,1,193
/3/library/math.html,1,1,31
/3/library/string.html,1,1,13
/3/library/struct.html,1,1,3737
/3/library/time.html,1,1,8
/3/library/tk.html,1,1,2557
/3/library/xml.etree.elementtree.html,1,1,43
/3/py-modindex.html,1,1,993
/3/reference/index.html,1,1,25
/3/using/cmdline.html,1,1,26
/3/using/index.html,1,1,298
/3/using/unix.html,1,1,28
/id/3/,1,1,24
/it/3.12/tutorial/index.html,1,1,0
/it/3.12/tutorial/introduction.html,1,1,0
/it/3.12/whatsnew/,1,1,0
/it/3.12/whatsnew/3.12.html,1,1,0
/it/3.13/download.html,1,1,0
/it/3.13/glossary.html,1,1,23
/it/3.13/library/,1,1,5
/it/3.13/library/codecs.html,1,1,0
/it/3.13/library/constants.html,1,1,3
/it/3.13/library/functions.html,1,1,27
/it/3.13/library/index.html,1,1,62
/it/3.13/library/queue.html,1,1,0
/it/3.13/library/stdtypes.html,1,1,136
/it/3.13/library/tkinter.ttk.html,1,1,289
/it/3.13/tutorial/,1,2,0
/it/3.13/tutorial/datastructures.html,1,1,14
/it/3.13/tutorial/floatingpoint.html,1,1,0
/it/3.13/tutorial/introduction.html,1,2,5042
/it/3.13/tutorial/modules.html,1,1,28
/it/3.13/tutorial/venv.html,1,1,0
/it/3/library/functions.html,1,1,0
/it/3/tutorial/appetite.html,1,1,931
/it/3/tutorial/errors.html,1,1,0
/it/3/tutorial/introduction.html,1,1,0
/ja/3.13/reference/index.html,1,1,351
