name,visitors
United States,45188
India,16504
Germany,12888
Russian Federation,11887
United Kingdom,10539
China,8962
France,7790
Brazil,6639
Canada,5375
Japan,4676
Australia,4191
Poland,3825
Netherlands,3821
Italy,3262
Hong Kong,3023
Singapore,2913
Taiwan,2808
Sweden,2366
Switzerland,2170
Mexico,2064
South Korea,1978
Israel,1955
Spain,1909
Ukraine,1749
Indonesia,1577
Austria,1513
Turkey,1423
Argentina,1383
Vietnam,1367
Belgium,1354
Finland,1331
Colombia,1291
Czechia,1287
Norway,1011
Denmark,966
Pakistan,951
Philippines,941
Ireland,841
Egypt,839
Chile,835
Thailand,788
Hungary,747
Romania,747
Malaysia,725
New Zealand,664
Iran,628
Nigeria,592
Greece,578
Peru,571
Kazakhstan,562
Saudi Arabia,512
South Africa,501
United Arab Emirates,496
Bangladesh,481
Morocco,458
Bulgaria,437
Serbia,418
Slovakia,413
Kenya,404
Portugal,401
Nepal,364
Tunisia,321
Lithuania,304
Belarus,301
Uzbekistan,291
Latvia,267
Croatia,265
Sri Lanka,246
Ghana,244
Georgia,243
Estonia,236
Algeria,235
Armenia,232
Ecuador,204
Venezuela,191
Azerbaijan,187
Costa Rica,165
Cyprus,156
Slovenia,148
Ethiopia,141
Uruguay,140
Luxembourg,136
Bolivia,131
Iraq,129
Jordan,116
Dominican Republic,113
Oman,104
Guatemala,98
Uganda,96
Kyrgyzstan,93
Lebanon,93
Senegal,93
Côte d'Ivoire,88
Cameroon,88
Qatar,87
Puerto Rico,80
El Salvador,80
Madagascar,76
Tanzania,76
Cambodia,73
Moldova,71
Myanmar,70
Mongolia,63
Paraguay,62
Panama,61
Bosnia and Herzegovina,57
Iceland,55
Kuwait,54
Yemen,54
Zimbabwe,54
Albania,53
"Congo, The Democratic Republic of the",52
North Macedonia,52
"Palestine, State of",52
Malta,50
Syria,48
Rwanda,45
Réunion,43
Honduras,42
Bhutan,39
Nicaragua,39
Mauritius,38
Bahrain,37
Macao,36
Seychelles,36
Jamaica,34
Libya,34
Cuba,31
Angola,30
Trinidad and Tobago,30
Kosovo,28
Zambia,28
Benin,26
Mozambique,25
Sudan,25
Somalia,25
Togo,24
Botswana,23
Malawi,23
Tajikistan,20
Afghanistan,19
Montenegro,19
Congo,17
Mauritania,14
Barbados,12
Mali,12
Burkina Faso,11
Brunei Darussalam,11
Haiti,11
Lesotho,10
Namibia,10
French Polynesia,10
Liberia,9
Papua New Guinea,9
Guinea,8
Jersey,8
Martinique,8
French Guiana,7
Guadeloupe,7
Guyana,7
Niger,7
Andorra,6
Bermuda,6
Bahamas,6
Belize,6
Gabon,6
Laos,6
Liechtenstein,6
Monaco,6
Cabo Verde,5
Fiji,5
New Caledonia,5
Suriname,5
Turkmenistan,5
Curaçao,4
Cayman Islands,4
Maldives,4
Eswatini,4
Tonga,4
Burundi,3
Isle of Man,3
Solomon Islands,3
Antigua and Barbuda,2
Faroe Islands,2
Guernsey,2
Greenland,2
Gambia,2
Saint Lucia,2
South Sudan,2
Chad,2
Holy See (Vatican City State),2
Vanuatu,2
Anguilla,1
American Samoa,1
Aruba,1
Åland Islands,1
Eritrea,1
Grenada,1
Gibraltar,1
Guam,1
Montserrat,1
Sierra Leone,1
Sint Maarten (Dutch part),1
Timor-Leste,1
Mayotte,1
