name,visitors
China,4364
Japan,3848
United States,3362
India,2641
Brazil,1884
South Korea,1027
France,1012
Taiwan,988
Hong Kong,849
Mexico,835
Colombia,578
Singapore,561
Germany,511
Russian Federation,498
Spain,443
Ukraine,418
United Kingdom,396
Argentina,395
Canada,349
Indonesia,339
Pakistan,288
Vietnam,287
Italy,286
Peru,279
Chile,268
Australia,236
Turkey,213
Netherlands,202
Philippines,199
Poland,192
Nigeria,170
Iran,152
Egypt,148
South Africa,137
Thailand,124
Malaysia,121
Norway,110
Sweden,102
Bangladesh,100
Switzerland,99
Saudi Arabia,86
Uzbekistan,84
Belgium,81
Portugal,76
Bolivia,70
United Arab Emirates,69
Czechia,68
Kenya,66
Romania,66
Ecuador,65
Kazakhstan,65
Finland,60
Denmark,59
Israel,59
Morocco,58
Algeria,57
Hungary,52
Dominican Republic,51
Cameroon,47
Costa Rica,47
Ethiopia,46
Guatemala,46
Ghana,45
Tunisia,44
Sri Lanka,43
Austria,41
Venezuela,40
Nepal,39
Côte d'Ivoire,38
Panama,37
Ireland,36
Angola,35
Greece,34
Cambodia,34
New Zealand,34
Belarus,33
Iraq,33
Jordan,31
Tanzania,30
Bulgaria,29
El Salvador,29
Uruguay,29
Azerbaijan,26
Serbia,26
Benin,24
Slovakia,24
Paraguay,23
Uganda,22
Yemen,21
"Congo, The Democratic Republic of the",20
Libya,19
Mongolia,19
Zimbabwe,19
Croatia,17
Nicaragua,17
Lebanon,16
Latvia,16
Myanmar,15
Oman,15
Armenia,14
Burkina Faso,14
Puerto Rico,14
Senegal,14
Madagascar,13
Qatar,13
Rwanda,13
Honduras,12
Kuwait,12
Réunion,12
Afghanistan,11
Bhutan,10
Congo,10
North Macedonia,10
Slovenia,10
Cuba,9
Kyrgyzstan,9
Sudan,9
Cyprus,8
Estonia,8
Macao,8
Malta,8
Zambia,8
Bahrain,7
Botswana,7
Georgia,7
Lithuania,7
Malawi,7
South Sudan,7
Togo,7
Jamaica,6
Mauritius,6
Maldives,6
Mozambique,6
Kosovo,6
Gabon,5
Iceland,5
Mali,5
Chad,5
Brunei Darussalam,4
Guinea,4
Guadeloupe,4
Luxembourg,4
Moldova,4
Martinique,4
Sierra Leone,4
Somalia,4
Syria,4
Tajikistan,4
Albania,3
Bosnia and Herzegovina,3
Fiji,3
Mauritania,3
Papua New Guinea,3
"Palestine, State of",3
Timor-Leste,3
Trinidad and Tobago,3
Antigua and Barbuda,2
Burundi,2
Cabo Verde,2
Guyana,2
Saint Kitts and Nevis,2
Laos,2
Lesotho,2
Montenegro,2
New Caledonia,2
Mayotte,2
Andorra,1
Djibouti,1
Grenada,1
Haiti,1
Comoros,1
Saint Lucia,1
Niger,1
French Polynesia,1
Eswatini,1
Vanuatu,1
