name,version,visitors
Windows,10,9356
Mac,10.15,2494
GNU/Linux,(not set),994
Android,10,543
Ubuntu,(not set),266
iOS,18.6,94
iOS,18.7,90
Android,15,58
Windows,7,40
Chrome OS,14541.0,39
iOS,18.5,33
iOS,26.0,30
Android,12,21
Android,13,19
Android,14,18
Android,16,17
Android,9,11
Android,11,10
Windows,8.1,8
iOS,16.7,7
iOS,18.4,7
iOS,17.6,6
iOS,18.3,5
(not set),(not set),4
iOS,18.0,4
iOS,18.1,4
iOS,18.2,4
iOS,26.1,3
Windows,8,3
HarmonyOS,(not set),2
Mac,10.13,2
iOS,12.5,2
iPadOS,15.8,2
iOS,16.0,2
iOS,16.5,2
iOS,17.5,2
Tizen,3.0,2
Debian,(not set),1
Windows Mobile,10,1
Mac,10.0,1
Mac,10.10,1
Mac,10.14,1
Mac,13.3,1
iOS,15.5,1
iOS,15.6,1
iOS,15.8,1
iOS,16.2,1
iOS,17.2,1
iOS,17.7,1
iPadOS,17.7,1
HarmonyOS,2.2,1
HarmonyOS,3.0,1
Android,6.0,1
