name,visitors
Paris,111
Abidjan,30
Casablanca,25
Lyon,24
Dakar,21
Toulouse,20
Tunis,19
Cotonou,18
Marseille,18
Nantes,16
Montpellier,16
Montréal,16
Brussels,14
Rennes,13
Antananarivo,12
Lille,12
Bordeaux,12
Douala,10
Vienna,10
Nice,9
Argenteuil,9
Strasbourg,8
Nancy,8
Kinshasa,7
Libreville,6
Conakry,6
Rabat,6
Marrakesh,6
Poitiers,6
Loos,6
Belfort,6
Taounate,5
Villeurbanne,5
Valenciennes,5
Sartrouville,5
Reims,5
Orléans,5
Nanterre,5
Le Havre,5
Grenoble,5
Draveil,5
Courbevoie,5
Clermont-Ferrand,5
Cergy,5
Asnières-sur-Seine,5
Yaoundé,4
Kandi,4
Ben Arous,4
Constantine,4
Algiers,4
Lausanne,4
Vitry-sur-Seine,4
Vitrolles,4
Versailles,4
Saint-Nazaire,4
Saint-Étienne,4
Rouen,4
Palaiseau,4
Noisy-le-Grand,4
Metz,4
Cannes,4
Aubervilliers,4
Annemasse,4
Angers,4
Port-au-Prince,4
Bamako,3
Sousse,3
Tangier,3
Sale,3
Liège,3
Villejuif,3
Troyes,3
Tournefeuille,3
Tarbes,3
Saint-Brieuc,3
Saint-Avertin,3
Pessac,3
Montreuil,3
Meyzieu,3
Limoges,3
Levallois-Perret,3
Lannion,3
La Celle-Saint-Cloud,3
Évry,3
Dijon,3
Compiègne,3
Pontault-Combault,3
Clamart,3
Cesson-Sévigné,3
Caen,3
Brest,3
Béziers,3
Annecy,3
Québec,3
Djibouti,2
Dubai,2
Giza,2
Lubumbashi,2
La Possession,2
Hyderabad,2
Hanoi,2
Bangkok,2
Banjarmasin,2
Guangzhou,2
Mbour,2
Pointe Noire,2
Lisbon,2
Accra,2
Tenkodogo,2
Lomé,2
Ségou,2
Monastir,2
Tizi Ouzou,2
Oran,2
Oujda-Angad,2
Midelt,2
Meknès,2
Kenitra,2
Fès,2
Beni Mellal,2
Agadir,2
Zürich,2
Uccle,2
Viroflay,2
Villetaneuse,2
Villemomble,2
Village-Neuf,2
Vélizy-Villacoublay,2
Vandœuvre-lès-Nancy,2
Trappes,2
Toulon,2
Sucy-en-Brie,2
Soorts,2
Sedan,2
Saint-Maur-des-Fossés,2
Saint-Herblain,2
Saint-Dié-des-Vosges,2
Saint-Denis,2
Sadirac,2
Rueil-Malmaison,2
Puteaux,2
Pierrefeu-du-Var,2
Pézenas,2
Peymeinade,2
Paulhan,2
Neuilly-sur-Seine,2
Muret,2
Mulhouse,2
Montmorency,2
Montigny-sur-Loing,2
Montesquieu-Volvestre,2
Montélimar,2
Mérignac,2
Melun,2
Marcorignan,2
Mantes-la-Jolie,2
Lorient,2
Les Ulmes,2
Les Sables-d'Olonne,2
Lens,2
Le Mans,2
La Roche-sur-Yon,2
La Grande-Motte,2
Issy-les-Moulineaux,2
Grougis,2
Gresswiller,2
Gardanne,2
Fontenay-sous-Bois,2
Erstein,2
Domont,2
Créteil,2
Condé-sur-l'Escaut,2
Choisy-le-Roi,2
Champs-sur-Marne,2
Cenon,2
Camiac-et-Saint-Denis,2
Briançon,2
Boulogne-Billancourt,2
Bezons,2
Béthune,2
Avignon,2
Amiens,2
Andorra la Vella,2
Fort-de-France,2
Les Abymes,2
Longueuil,2
Nepean,2
Toronto,2
Ecublens,2
Lévis,2
Athens,1
Al Fujairah City,1
Tel Aviv,1
Ankara,1
Moscow,1
Kazan,1
Kharkiv,1
Bursa,1
Warsaw,1
Saint-Paul,1
Sainte-Marie,1
Le Tampon,1
Gujrat,1
Thiruvananthapuram,1
Nalgonda,1
Kozhikode,1
Mumbai,1
Ho Chi Minh City,1
Bontang,1
Bekasi,1
Wuxi,1
Dongguan,1
Phnom Penh,1
Pyeongchang,1
Ulan Bator,1
Fatick,1
Bambey,1
Hinda,1
Ewo,1
Brazzaville,1
Yenagoa,1
Lagos,1
Abakaliki,1
Nouakchott,1
N'Djamena,1
Niamey,1
Zaghouan,1
Thala,1
Tabarka,1
Sfax,1
Nabeul,1
Mégrine,1
Bizerte,1
Al Marsá,1
Hammamet,1
Akouda,1
Tlemcen,1
Sétif,1
M’sila,1
Mila,1
Laghouat,1
Blida,1
Abadla,1
Tétouan,1
Oulad Teïma,1
Nador,1
Khouribga,1
Laayoune,1
Brent,1
Pully,1
Neuchâtel,1
Genève,1
Fällanden,1
Carouge,1
Bern,1
Landskrona,1
Dordrecht,1
Visé,1
Tournai,1
Seraing,1
Patignies,1
Mons,1
Lessines,1
Ledeberg,1
La Louvière,1
Deurne,1
Châtelet,1
Munich,1
Köln,1
Kirchheimbolanden,1
Fürstenfeldbruck,1
Dresden,1
Bremen,1
Augsburg,1
Zilling,1
Wittenheim,1
Wingles,1
Voreppe,1
Vivonne,1
Vion,1
Villepinte,1
Villefranche-sur-Mer,1
Vigneux-sur-Seine,1
Vierzon,1
Vichy,1
Vevy,1
Verneuil-sur-Seine,1
Vénissieux,1
Vendôme,1
Vanves,1
Vannes,1
Valognes,1
Valleiry,1
Vallauris,1
Valence,1
Val-d'Isère,1
Trémuson,1
Trélazé,1
Tours,1
Torcy,1
