name,visitors
Île-de-France,327
Auvergne-Rhône-Alpes,91
Occitanie,77
Grand-Est,69
Provence-Alpes-Côte-d'Azur,64
Hauts-de-France,56
Nouvelle-Aquitaine,53
Pays-de-la-Loire,49
Brittany,48
Quebec,32
Abidjan,30
Meknès-Tafilalet,26
Burgundy-Franche-Comté,21
Centre-Val de Loire,21
Dakar,21
Tunis,20
Normandie,19
Littoral,18
Brussels,16
Wallonia,11
Oriental,11
Vienna,10
Littoral,10
Ontario,9
Taza-Al Hoceima-Taounate,9
Kinshasa,7
Vaud,7
Estuaire,6
Conakry,6
Rabat-Salé-Zemmour-Zaer,6
Constantine,5
Fès-Boulemane,5
Ben Arous,5
Alibori,4
Centre,4
Algiers,4
Ouest,4
Tangier-Tétouan,4
Chaouia-Ouardigha,4
Sousse,4
Zürich,3
Guangdong,3
Bavaria,3
Telangāna,3
Gharb-Chrarda-Béni Hssen,3
Bamako,3
Andorra la Vella,2
Dubai,2
Flanders,2
Centre-Est,2
Haut-Katanga,2
Sangha,2
Geneva,2
Djibouti,2
Tizi Ouzou,2
Oran,2
Giza,2
Greater Accra,2
South Kalimantan,2
Kerala,2
Ségou,2
PF-S,2
Lisbon,2
Thiès,2
Maritime,2
Bangkok,2
Nabeul,2
Monastir,2
Florida,2
Hanoi,2
Fujairah,1
Minas Gerais,1
New Brunswick,1
Cuvette-Ouest,1
Kouilou,1
Brazzaville,1
Bern,1
Fribourg,1
Neuchâtel,1
Jiangsu,1
Alajuela,1
Prague,1
Bremen,1
North Rhine-Westphalia,1
Rhineland-Palatinate,1
Saxony,1
Laghouat,1
Béchar,1
Blida,1
Tlemcen,1
Sétif,1
Skikda,1
M'Sila,1
Mila,1
Madrid Autonomous Community,1
Corse,1
England,1
Attica,1
West Java,1
East Kalimantan,1
Tel Aviv,1
Maharashtra,1
Lombardy,1
Veneto,1
Phnom Penh,1
Gangwon,1
Ulaanbaatar,1
Niamey,1
Bayelsa,1
Ebonyi,1
Lagos,1
South Holland,1
Punjab,1
Mazovia,1
Moscow,1
Tatarstan,1
Skåne,1
Diourbel,1
Fatick,1
N'Djamena,1
Zaghouan,1
Bizerte,1
Jendouba,1
Kasserine,1
Sfax,1
Ankara,1
Bursa,1
Kharkivshchyna,1
Arizona,1
Colorado,1
Washington DC,1
Georgia,1
Illinois,1
New Jersey,1
Pennsylvania,1
Tennessee,1
Guárico,1
Ho Chi Minh City,1
Western Cape,1
