name,version,visitors
Chrome,142.0,1214
Microsoft Edge,142.0,301
Opera,123.0,143
Firefox,145.0,105
Chrome,141.0,93
Chrome,126.0,55
Safari,18.6,17
Firefox,144.0,16
Safari,26.1,15
Microsoft Edge,141.0,14
Mobile App,(not set),11
Chrome,138.0,11
Chrome,137.0,10
Chrome,140.0,10
Opera,122.0,9
Chrome,136.0,9
Safari,26.0,9
Firefox,128.0,6
Chrome,139.0,6
Firefox,140.0,6
Safari,18.7,6
Samsung Browser,29.0,6
Microsoft Edge,138.0,5
Firefox,143.0,5
Chrome,109.0,4
Chrome,122.0,4
Chrome,133.0,4
Safari,18.4,4
Safari,18.5,4
Chrome,129.0,3
Firefox,136.0,3
Avast Secure Browser,141.0,3
Chrome,70.0,3
Opera,92.0,3
Chrome,125.0,2
Chrome,128.0,2
Chrome,131.0,2
Chrome,132.0,2
Mobile App,141.0,2
Firefox,146.0,2
Huawei Browser Mobile,16.0,2
Safari,17.5,2
MIUI Browser,20.5,2
Yandex Browser,25.10,2
Safe Exam Browser,3.8,2
Firefox,52.0,2
Chrome,67.0,2
Chrome,98.0,2
(not set),(not set),1
Chrome,106.0,1
Chrome,111.0,1
Chrome,112.0,1
Mobile App,114.0,1
Chrome,119.0,1
Firefox,122.0,1
Chrome,127.0,1
Microsoft Edge,128.0,1
Chrome,130.0,1
Chrome,134.0,1
Microsoft Edge,136.0,1
Firefox,137.0,1
Microsoft Edge,140.0,1
Firefox,141.0,1
Microsoft Edge,143.0,1
Chrome,144.0,1
Safari,15.2,1
Safari,15.6,1
Safari,16.6,1
Safari,17.0,1
Safari,17.6,1
Safari,18.1,1
vivo Browser,26.5,1
vivo Browser,26.8,1
Opera GX,3.0,1
Chrome,55.0,1
Chrome,79.0,1
Opera,86.0,1
Firefox,88.0,1
