name,unique_entrances,total_entrances,visit_duration
/fr/3/tutorial/,304,309,87
/fr/3/tutorial/datastructures.html,89,90,130
/fr/3/library/tkinter.html,77,78,48
/fr/3/library/random.html,63,63,30
/fr/3/library/turtle.html,59,61,169
/fr/3/tutorial/classes.html,59,61,5
/fr/3/library/csv.html,58,61,70
/3/,48,48,773
/fr/3/howto/sorting.html,48,50,45
/fr/3/,45,45,116
/dev/using/windows.html,44,44,320
/fr/3/library/stdtypes.html,39,39,214
/fr/3/library/json.html,35,36,44
/fr/3/library/datetime.html,32,32,62
/fr/3/library/time.html,32,33,90
/fr/3/library/functions.html,31,31,23
/fr/3/tutorial/introduction.html,31,32,11
/fr/3/tutorial/venv.html,30,30,3
/fr/3/library/enum.html,29,29,105
/fr/3/library/re.html,29,30,116
/fr/3.14/,28,28,185
/fr/3/howto/regex.html,27,28,94
/fr/dev/installing/index.html,27,27,18
/fr/3/tutorial/interpreter.html,26,26,47
/fr/3/search.html,25,26,148
/fr/3/library/idle.html,22,22,39
/fr/3/tutorial/controlflow.html,22,27,164
/fr/3/tutorial/errors.html,22,22,178
/fr/3.13/tutorial/errors.html,20,20,0
/fr/3.15/using/windows.html,20,22,76
/fr/3/library/index.html,20,20,26
/fr/3/tutorial/appetite.html,20,20,224
/3/library/turtle.html,19,19,814
/3/tutorial/index.html,19,19,345
/fr/3/library/__main__.html,19,19,9
/fr/3.13/tutorial/classes.html,18,19,38
/fr/3/library/string.html,18,18,91
/fr/3/tutorial/inputoutput.html,17,18,187
/fr/3.13/library/turtle.html,15,16,7
/fr/3.13/reference/import.html,15,15,63
/fr/3/library/pathlib.html,15,15,38
/fr/3/library/glob.html,14,14,5
/fr/3/library/math.html,14,14,186
/fr/3/library/subprocess.html,14,15,224
/fr/3/using/cmdline.html,14,14,20
/3/library/stdtypes.html,13,13,1728
/fr/3.14/tutorial/index.html,13,13,151
/fr/3.14/tutorial/interpreter.html,13,13,37
/fr/3/tutorial/index.html,13,13,275
/fr/3/library/os.html,12,12,61
/fr/3.13/howto/sorting.html,11,11,42
/fr/3.14/search.html,11,11,276
/fr/3/howto/logging.html,11,11,244
/fr/3/library/asyncio.html,11,11,191
/fr/3/tutorial/modules.html,11,11,65
/fr/3/using/windows.html,11,11,5
/fr/3/library/collections.html,10,10,3
/fr/3/library/queue.html,10,10,0
/fr/3/library/statistics.html,10,10,0
/fr/3/library/sys.html,10,10,12
/3/library/csv.html,9,9,501
/3/library/tkinter.html,9,9,226
/fr/3.13/tutorial/index.html,9,10,1
/fr/3.14/tutorial/introduction.html,9,9,3
/fr/3/genindex.html,9,9,0
/fr/3/installing/index.html,9,9,64
/fr/3/library/unittest.html,9,9,4
/fr/3/library/venv.html,9,9,0
/fr/3.13/faq/windows.html,8,8,34
/fr/3.13/library/functions.html,8,8,0
/fr/3.13/library/math.html,8,8,75
/fr/3.13/library/tkinter.html,8,10,0
/fr/3.14/library/stdtypes.html,8,9,197
/fr/3/genindex-Symboles.html,8,8,43
/fr/3/howto/sockets.html,8,8,0
/fr/3/howto/unicode.html,8,8,0
/fr/3/library/copy.html,8,10,0
/fr/3/library/pickle.html,8,8,88
/3/library/functions.html,7,7,726
/3/library/subprocess.html,7,7,224
/fr/3.13/glossary.html,7,7,0
/fr/3.13/library/base64.html,7,7,0
/fr/3.13/library/operator.html,7,7,0
/fr/3/contents.html,7,7,31
/fr/3/glossary.html,7,7,190
/fr/3/library/heapq.html,7,7,0
/fr/3/using/editors.html,7,7,24
/fr/dev/library/xml.etree.elementtree.html,7,7,0
/fr/3.13/library/datetime.html,6,6,13
/fr/3.14/library/functions.html,6,7,509
/fr/3.14/tutorial/appetite.html,6,6,331
/fr/3/library/argparse.html,6,6,226
/fr/3/library/doctest.html,6,6,1
/fr/3/library/multiprocessing.html,6,6,1204
/fr/3/library/pydoc.html,6,6,791
/fr/3/library/tkinter.ttk.html,6,6,0
/fr/3/library/unicodedata.html,6,6,0
/fr/dev/reference/compound_stmts.html,6,6,8
/3/library/index.html,5,5,1411
/3/library/json.html,5,5,1002
/3/library/multiprocessing.html,5,5,402
/3/library/socket.html,5,5,713
/3/library/time.html,5,5,254
/3/search.html,5,5,144
/3/tutorial/classes.html,5,5,478
/3/tutorial/datastructures.html,5,5,364
/fr/3.12/library/stdtypes.html,5,5,0
/fr/3.13/library/html.parser.html,5,5,139
/fr/3.13/library/os.html,5,5,0
/fr/3.13/using/windows.html,5,5,0
/fr/3.14/tutorial/controlflow.html,5,5,0
/fr/3/library/filesys.html,5,5,120
/fr/dev/c-api/stable.html,5,5,0
/fr/dev/library/exceptions.html,5,5,0
/fr/dev/library/sys.html,5,5,0
/3.15/,4,4,1088
/3/howto/sorting.html,4,4,328
/3/library/idle.html,4,4,238
/3/library/random.html,4,4,38
/3/library/re.html,4,4,1095
/3/library/sqlite3.html,4,4,67
/3/tutorial/modules.html,4,4,769
/fr/3.12/contents.html,4,4,0
/fr/3.13/,4,4,36
/fr/3.13/library/multiprocessing.html,4,4,559
/fr/3.13/library/pdb.html,4,6,0
/fr/3.13/library/tkinter.ttk.html,4,4,0
/fr/3.13/tutorial/datastructures.html,4,4,37
/fr/3.13/tutorial/introduction.html,4,4,0
/fr/3.14/library/annotationlib.html,4,4,199
/fr/3.14/library/index.html,4,4,102
/fr/3/howto/functional.html,4,4,0
/fr/3/library/abc.html,4,4,0
/fr/3/library/asyncio-task.html,4,4,34
/fr/3/library/cmd.html,4,4,108
/fr/3/library/colorsys.html,4,5,616
/fr/3/library/exceptions.html,4,4,5
/fr/3/library/fractions.html,4,4,0
/fr/3/library/hashlib.html,4,4,0
/fr/3/library/timeit.html,4,4,340
/fr/3/library/warnings.html,4,4,0
/fr/dev/howto/unicode.html,4,4,0
/fr/dev/library/configparser.html,4,4,0
/fr/dev/library/text.html,4,4,0
/fr/dev/tutorial/errors.html,4,4,0
/3.14/,3,3,308
/3/library/copy.html,3,3,1859
/3/library/hashlib.html,3,3,1700
/3/library/logging.html,3,3,1019
/3/library/math.html,3,3,128
/3/library/os.html,3,3,37
/3/library/pathlib.html,3,3,1702
/3/library/string.html,3,3,879
/dev/search.html,3,3,242
/fr/3.12/,3,3,4
/fr/3.12/library/datetime.html,3,3,0
/fr/3.12/library/email.header.html,3,3,0
/fr/3.12/library/socket.html,3,3,0
/fr/3.12/reference/datamodel.html,3,3,0
/fr/3.13/library/abc.html,3,3,0
/fr/3.13/library/atexit.html,3,3,8
/fr/3.13/library/calendar.html,3,3,379
/fr/3.13/library/subprocess.html,3,3,898
/fr/3.13/library/typing.html,3,3,0
/fr/3.13/reference/datamodel.html,3,3,0
/fr/3.14/download.html,3,3,0
/fr/3.14/installing/index.html,3,3,193
/fr/3.14/library/argparse.html,3,3,998
/fr/3.14/library/idle.html,3,3,7
/fr/3.14/library/socket.html,3,3,0
/fr/3.14/tutorial/datastructures.html,3,3,34
/fr/3.14/using/windows.html,3,4,0
/fr/3.15/howto/ipaddress.html,3,6,90
/fr/3.15/tutorial/index.html,3,3,31
/fr/3/extending/extending.html,3,3,0
/fr/3/extending/index.html,3,3,41
/fr/3/index.html,3,3,1248
/fr/3/library/ctypes.html,3,3,467
/fr/3/library/gzip.html,3,3,540
/fr/3/library/readline.html,3,3,2
/fr/3/library/textwrap.html,3,3,443
/fr/3/library/urllib.html,3,3,701
/fr/3/library/uuid.html,3,3,16
/fr/3/library/zipfile.html,3,3,493
/fr/3/reference/import.html,3,3,376
/fr/3/reference/index.html,3,3,8
/fr/3/reference/simple_stmts.html,3,3,0
/fr/3/tutorial/stdlib2.html,3,3,16
/fr/3/using/index.html,3,3,66
/fr/3/using/unix.html,3,3,2
/fr/3/whatsnew/3.14.html,3,3,0
/fr/dev/contents.html,3,3,0
/fr/dev/library/archiving.html,3,3,0
/fr/dev/library/asyncio-task.html,3,3,0
/fr/dev/library/pdb.html,3,3,0
/fr/dev/library/struct.html,3,3,0
/fr/dev/library/trace.html,3,3,0
/3.13/tutorial/index.html,2,2,538
/3.14/library/string.html,2,2,482
/3.14/tutorial/index.html,2,2,104
/3/contents.html,2,2,292
/3/download.html,2,2,124
/3/library/argparse.html,2,2,152
/3/library/asyncio.html,2,2,24
/3/library/codecs.html,2,2,778
/3/library/concurrent.futures.html,2,2,4537
/3/library/dataclasses.html,2,2,373
/3/library/datetime.html,2,2,244
/3/library/doctest.html,2,2,755
/3/library/enum.html,2,2,900
/3/library/struct.html,2,2,727
/3/library/unittest.html,2,2,1986
/3/library/venv.html,2,2,796
/3/library/xml.etree.elementtree.html,2,2,1782
/3/reference/import.html,2,2,956
/3/reference/index.html,2,2,1472
/3/tutorial/,2,2,1185
/3/tutorial/appetite.html,2,2,151
/3/tutorial/errors.html,2,2,50
/3/using/windows.html,2,2,104
/3/whatsnew/3.14.html,2,2,560
/fr/3.12/c-api/init.html,2,2,0
/fr/3.12/c-api/intro.html,2,2,0
/fr/3.12/c-api/iter.html,2,2,0
/fr/3.12/c-api/mapping.html,2,2,0
/fr/3.12/c-api/stable.html,2,2,0
/fr/3.12/c-api/type.html,2,2,0
/fr/3.12/library/_thread.html,2,2,0
/fr/3.12/library/asyncio-dev.html,2,2,0
/fr/3.12/library/asyncio-protocol.html,2,2,0
/fr/3.12/library/asyncio-queue.html,2,2,0
/fr/3.12/library/bz2.html,2,2,0
/fr/3.12/library/collections.abc.html,2,2,0
/fr/3.12/library/email.generator.html,2,2,0
/fr/3.12/library/frameworks.html,2,2,0
/fr/3.12/library/i18n.html,2,2,0
/fr/3.12/library/msilib.html,2,2,0
/fr/3.12/library/os.html,2,2,0
/fr/3.12/library/sqlite3.html,2,2,0
/fr/3.12/library/tkinter.colorchooser.html,2,2,0
/fr/3.12/library/urllib.error.html,2,2,0
/fr/3.12/library/uu.html,2,2,0
/fr/3.12/library/uuid.html,2,2,0
/fr/3.12/library/zipfile.html,2,2,0
/fr/3.12/whatsnew/index.html,2,2,1043
/fr/3.13/c-api/buffer.html,2,2,0
/fr/3.13/extending/index.html,2,2,0
/fr/3.13/genindex.html,2,2,0
/fr/3.13/howto/sockets.html,2,2,0
/fr/3.13/library/array.html,2,2,0
/fr/3.13/library/asyncio-stream.html,2,2,0
/fr/3.13/library/crypto.html,2,2,53
/fr/3.13/library/decimal.html,2,2,2789
/fr/3.13/library/getpass.html,2,2,0
/fr/3.13/library/idle.html,2,2,0
/fr/3.13/library/index.html,2,2,112
/fr/3.13/library/json.html,2,2,246
/fr/3.13/library/ssl.html,2,2,0
/fr/3.13/library/stdtypes.html,2,2,0
/fr/3.13/library/struct.html,2,2,0
/fr/3.13/library/xml.dom.minidom.html,2,2,0
/fr/3.13/tutorial/interpreter.html,2,2,0
/fr/3.13/tutorial/modules.html,2,2,0
/fr/3.14/contents.html,2,2,668
/fr/3.14/genindex-F.html,2,2,0
/fr/3.14/howto/sockets.html,2,2,0
/fr/3.14/index.html,2,2,34
/fr/3.14/library/math.html,2,2,0
/fr/3.14/library/statistics.html,2,2,0
/fr/3.14/library/string.html,2,2,0
/fr/3.14/library/sys.html,2,2,0
/fr/3.14/library/tkinter.html,2,2,278
/fr/3.14/library/turtle.html,2,2,0
/fr/3.14/library/unittest.html,2,2,0
/fr/3.14/library/xml.etree.elementtree.html,2,2,0
/fr/3.14/license.html,2,2,1
/fr/3.14/reference/lexical_analysis.html,2,2,0
/fr/3.14/tutorial/,2,2,12
/fr/3.14/using/configure.html,2,2,0
/fr/3.14/whatsnew/3.14.html,2,2,5
/fr/3/c-api/buffer.html,2,2,0
/fr/3/c-api/exceptions.html,2,2,0
/fr/3/c-api/memory.html,2,2,0
/fr/3/c-api/typeobj.html,2,2,0
/fr/3/download.html,2,2,6
/fr/3/faq/programming.html,2,2,0
/fr/3/howto/argparse.html,2,2,0
/fr/3/howto/curses.html,2,2,422
/fr/3/howto/ipaddress.html,2,2,0
/fr/3/library/,2,2,72
/fr/3/library/asyncio-queue.html,2,2,44
/fr/3/library/base64.html,2,2,0
/fr/3/library/calendar.html,2,2,4
/fr/3/library/constants.html,2,2,0
/fr/3/library/curses.html,2,2,0
/fr/3/library/decimal.html,2,2,10
/fr/3/library/dialog.html,2,2,0
/fr/3/library/http.client.html,2,2,2
/fr/3/library/itertools.html,2,2,0
/fr/3/library/logging.html,2,2,0
