name,visitors,bounce_rate,visit_duration
Google,1406,82,142
Direct / None,1300,82,148
Bing,112,72,190
Brave,59,74,142
Qwant,47,75,439
Ecosia,37,81,186
openclassrooms.com,33,87,54
DuckDuckGo,29,83,153
python.org,24,0,356
chatgpt.com,19,69,240
Yahoo!,11,91,3
Youtube,6,75,76
fsg-pax-p-jhn01.pax.ulaval.ca,6,100,0
ilis-datascience.univ-lille.fr,6,33,1001
wiki.python.org,6,50,197
capytale2.ac-paris.fr,5,100,524
translations.python.org,5,40,161
afpy.org,4,50,12
gstatic.com,4,75,235
pearltrees.com,4,0,400
raisintine.fr,4,50,2
Baidu,3,33,485
schooding.fr,3,33,54
Facebook,2,100,0
Wikipedia,2,50,316
claude.ai,2,0,240
copilot.microsoft.com,2,100,0
darko-itpro.github.io,2,0,482
pandas.pydata.org,2,0,523
202509.grace.hopper.monbastion.fr,1,0,90
GitHub,1,0,114
Lilo,1,100,0
Microsoft Teams,1,100,0
akkodisacademy-int.udemy.com,1,100,0
app.pix.fr,1,100,0
apprendslinfo.fr,1,0,427
arche.univ-lorraine.fr,1,0,1814
blog.python.org,1,0,2797
cgouygou.github.io,1,100,0
chat.mistral.ai,1,0,1536
click-option-group.readthedocs.io,1,0,125
console.basthon.fr,1,0,8
cs50.harvard.edu,1,0,0
debian-fr.org,1,100,0
denishulo.developpez.com,1,100,0
docs.blender.org,1,0,4
docs.circuitpython.org,1,0,1932
docs.mindflow.io,1,100,0
docs.telethon.dev,1,0,19
hec.ca,1,100,0
medium.com,1,100,0
moodle.univ-lille.fr,1,100,0
nsi-premiere-685f29.gitlab.io,1,100,0
pixees.fr,1,100,0
professeurcot.net,1,0,143
python-docs-translations.github.io,1,100,0
python.aege.fr,1,100,0
python.sdv.u-paris.fr,1,100,0
ressources.studi.fr,1,100,0
startpage.com,1,100,0
viardots.pages.ensimag.fr,1,100,0
wiki.freecad.org,1,0,0
