name,visitors,pageviews,bounce_rate,time_on_page,scroll_depth
/3.13/tutorial/index.html,5831,6573,69,87,46
/3.13/using/windows.html,4850,5766,72,42,24
/3.13/index.html,1824,1841,57,1059,72
/3.13/,1754,2346,60,22,77
/3.13/whatsnew/3.13.html,1159,1204,72,29,11
/3.13/tutorial/interpreter.html,909,860,75,76,70
/3.13/tutorial/,889,1050,64,51,54
/3.13/tutorial/appetite.html,803,722,53,67,86
/zh-cn/3.13/tutorial/index.html,638,757,53,38,61
/3.13/search.html,555,740,43,22,54
/3.13/tutorial/introduction.html,537,511,72,134,52
/zh-cn/3.13/,525,576,41,15,79
/3.13/library/index.html,399,417,46,28,40
/3.13/library/functions.html,368,342,81,73,48
/3.13/tutorial/controlflow.html,350,366,80,141,37
/3.13/library/stdtypes.html,324,360,73,107,38
/zh-cn/3.13/library/index.html,268,321,48,34,50
/zh-cn/3.13/tutorial/interpreter.html,245,242,64,73,80
/zh-cn/3.13/tutorial/introduction.html,244,214,67,179,61
/ja/3.13/tutorial/,221,303,57,19,51
/zh-cn/3.13/tutorial/controlflow.html,219,195,76,185,45
/zh-cn/3.13/search.html,217,353,37,34,54
/3.13/reference/index.html,200,194,39,32,67
/3.13/installing/index.html,192,158,58,35,64
/zh-cn/3.13/library/functions.html,189,186,78,70,40
/zh-cn/3.13/index.html,177,193,52,28,83
/3.13/glossary.html,162,169,48,47,35
/es/3.13/,162,148,46,14,73
/zh-cn/3.13/tutorial/appetite.html,160,138,35,73,90
/es/3.13/tutorial/index.html,157,163,78,70,52
/zh-cn/3.13/library/stdtypes.html,152,150,62,108,40
/pt-br/3.13/tutorial/index.html,148,206,51,27,56
/zh-tw/3.13/tutorial/index.html,148,166,69,39,53
/3.13/library/,145,161,66,19,36
/ja/3.13/library/functions.html,139,156,71,33,40
/3.13/tutorial/datastructures.html,136,140,77,88,47
/zh-cn/3.13/tutorial/datastructures.html,128,135,63,206,61
/zh-cn/3.13/reference/index.html,123,119,43,28,73
/zh-cn/3.13/using/index.html,123,132,66,35,79
/3.13/using/index.html,118,137,50,21,76
/3.13/contents.html,117,128,38,13528,14
/3.13/py-modindex.html,112,120,37,29,38
/3.13/tutorial/modules.html,112,111,77,158,49
/ja/3.13/library/stdtypes.html,112,123,79,43,35
/zh-cn/3.13/using/windows.html,111,93,89,99,50
/es/3.13/library/idle.html,106,125,73,28,25
/zh-cn/3.13/using/android.html,103,108,86,20,92
/3.13/tutorial/classes.html,98,103,77,123,46
/3.13/tutorial/appendix.html,96,83,68,56,58
/3.13/using/cmdline.html,96,84,76,198,35
/fr/3.13/library/turtle.html,96,117,76,90,31
/zh-cn/3.13/contents.html,92,102,43,37,11
/es/3.13/search.html,88,142,25,29,52
/ja/3.13/library/datetime.html,87,90,82,71,31
/pt-br/3.13/library/venv.html,86,87,90,32,35
/zh-cn/3.13/glossary.html,85,75,61,75,35
/ja/3.13/tutorial/interpreter.html,83,94,65,97,78
/pt-br/3.13/,83,102,78,15,79
/es/3.13/library/functions.html,81,85,82,64,37
/ja/3.13/search.html,81,143,33,15,42
/zh-cn/3.13/download.html,81,66,65,481,89
/3.13/library/idle.html,80,84,85,77,27
/ja/3.13/,80,82,62,12,73
/zh-cn/3.13/tutorial/classes.html,80,71,71,371,58
/3.13/tutorial/inputoutput.html,79,71,82,85,45
/fr/3.13/tutorial/index.html,79,84,74,56,57
/ja/3.13/tutorial/appetite.html,79,77,43,64,83
/uk/3.13/extending/extending.html,79,87,90,2,9
/ja/3.13/library/pathlib.html,78,85,80,22,40
/ja/3.13/tutorial/controlflow.html,77,94,71,289,51
/3.13/tutorial/errors.html,76,75,74,61,41
/fr/3.13/search.html,76,96,56,21,55
/zh-cn/3.13/tutorial/inputoutput.html,74,70,77,163,66
/3.13/library/datetime.html,73,85,80,67,45
/ja/3.13/tutorial/index.html,73,98,56,36,52
/pt-br/3.13/tutorial/introduction.html,73,70,64,159,59
/3.13/genindex.html,72,71,11,7,100
/ko/3.13/tutorial/index.html,72,98,49,17,54
/zh-cn/3.13/installing/index.html,72,68,80,27,65
/3.13/download.html,71,57,80,43,88
/fr/3.13/,71,78,22,12,74
/es/3.13/tutorial/interpreter.html,70,63,88,77,75
/pt-br/3.13/search.html,70,105,47,17,57
/ja/3.13/tutorial/introduction.html,69,71,77,153,61
/zh-cn/3.13/tutorial/errors.html,68,57,68,134,42
/zh-tw/3.13/library/venv.html,68,69,90,44,30
/zh-cn/3.13/using/mac.html,67,67,75,66,56
/es/3.13/library/index.html,66,92,52,67,39
/es/3.13/tutorial/introduction.html,66,73,80,143,51
/ja/3.13/library/index.html,66,93,55,17,44
/zh-cn/3.13/library/venv.html,66,65,98,47,36
/3.13/library/random.html,65,66,87,47,39
/3.13/library/string.html,65,65,76,133,43
/fr/3.13/library/csv.html,65,63,81,51,45
/3.13/tutorial/stdlib.html,64,60,67,40,48
/3.13/library/exceptions.html,63,55,79,83,53
/es/3.13/tutorial/controlflow.html,63,68,87,214,40
/zh-cn/3.13/tutorial/,63,60,62,22,52
/3.13/reference/datamodel.html,62,64,70,114,60
/pt-br/3.13/library/functions.html,62,74,74,117,32
