name,visitors
England,1443
California,996
Tokyo,596
New York,552
Maharashtra,518
Tamil Nadu,431
Île-de-France,417
Virginia,415
Karnataka,414
Texas,395
Moscow,368
São Paulo,358
Hesse,356
North Holland,327
Bavaria,314
Ontario,305
Washington,292
Mazovia,287
Illinois,260
North Rhine-Westphalia,254
Madrid Autonomous Community,247
Telangāna,245
Guangdong,230
Massachusetts,221
Colorado,217
Ho Chi Minh City,197
Delhi,193
New South Wales,187
South Holland,184
Baden-Württemberg,180
Hanoi,173
Beijing,172
Uusimaa,166
Florida,165
Zürich,164
Seoul,156
Stockholm,153
Oregon,151
Quebec,149
Istanbul,149
Victoria,140
Saint Petersburg,137
Tel Aviv,136
Georgia,133
Berlin,131
Vienna,128
Prague,128
North Carolina,128
Taipei,126
New Jersey,126
Lombardy,124
Shanghai,122
Kerala,120
Zhejiang,119
Catalonia,118
Pennsylvania,117
Kyiv,115
Gujarat,114
Michigan,112
Capital District,111
Maryland,111
Santiago Metropolitan,109
Uttar Pradesh,109
Rio de Janeiro,107
Tashkent,106
Buenos Aires Province,104
Ciudad de Mexico,104
British Columbia,98
Punjab,98
Bangkok,98
Jakarta,97
Leinster,96
Osaka,92
Arizona,88
Provence-Alpes-Côte-d'Azur,87
Flanders,86
Minas Gerais,84
Shandong,84
Capital Region,83
Gyeonggi,83
Lisbon,83
Brussels,82
Jiangsu,82
Cairo,82
Andalusia,82
Budapest,78
Ohio,77
Queensland,76
Auvergne-Rhône-Alpes,74
West Bengal,73
New Taipei,73
Scotland,70
Lesser Poland,70
Metro Manila,69
Saxony,67
Kanagawa,67
Henan,66
Nairobi County,65
Paraná,64
North Brabant,64
Gauteng,62
Lower Silesia,61
Shaanxi,60
Haryana,60
Auckland,60
Alberta,59
Hamburg,59
Minnesota,59
Minsk,58
Sichuan,57
Lagos,57
Lower Saxony,56
Andhra Pradesh,56
Ankara,56
South Carolina,56
Santa Catarina,55
Veneto,54
Lima,54
Rio Grande do Sul,53
Krasnodar Krai,53
Fujian,52
Lvivshchyna,52
Dubai,51
Hubei,51
Pomerania,51
Federal District,50
Madhya Pradesh,50
Gelderland,50
Valencian Community,49
Rajasthan,49
Sindh,49
Missouri,49
Nizhny Novgorod,48
Riyadh,48
Tennessee,48
Hormozgan,47
Selangor,47
Beograd,47
Novosibirsk,47
Occitanie,46
Kuala Lumpur,46
Iowa,46
Utah,46
Western Australia,45
Sofia,45
Galicia,45
Lazio,45
Sverdlovsk,45
Connecticut,45
Attica,44
Hebei,43
Utrecht,43
Greater Poland,43
Bucharest,43
Oslo,42
Moscow Province,42
Rostov,42
Wisconsin,41
Hunan,40
Pichincha,40
Samara,40
Västra Götaland,40
Yerevan,39
Porto,39
Antioquia,38
East Java,38
Chiba,38
Mexico State,38
West Java,37
Bihar,37
Saitama,37
Taichung,37
Kansas,37
South Moravia,36
Grand-Est,36
Aichi,36
Silesia,36
Indiana,36
Anhui,35
Campania,35
Basque Country,34
Tianjin,33
Nouvelle-Aquitaine,33
Central,33
Punjab,33
Almaty City,33
Meknès-Tafilalet,33
Jalisco,33
Calabarzon,33
Bashkortostan,33
Valle del Cauca,32
Rhineland-Palatinate,32
Central Java,32
Odisha,32
Riga,32
Islamabad,32
Bratislava,32
Baku,31
Wallonia,31
Ceará,31
Chongqing,31
Hauts-de-France,31
Wales,31
Makkah,31
Izmir,31
Brittany,30
Piedmont,30
Emilia-Romagna,30
Amman,30
Tatarstan,30
Styria,29
Pernambuco,29
Limassol,29
Kwai Tsing New Territories,29
Western,29
Łódź,29
Skåne,29
Western Cape,29
Schleswig-Holstein,28
Distrito Nacional,28
Zagreb,28
Vilnius County,28
Chelyabinsk,28
Nevada,28
Harjumaa,27
Alexandria,27
Tbilisi,27
Tunis,27
Buenos Aires,26
Goiás,26
Paraíba,26
Dhaka Division,25
Vaud,25
Central Denmark,25
Hyogo,25
Ljubljana,25
Alabama,25
Bahia,24
Addis Ababa,24
Astana,24
Nuevo León,24
Washington DC,24
Busan,23
Taoyuan,23
Tainan,23
Saxony-Anhalt,22
Guayas,22
Giza,22
Castile and León,22
Phnom Penh,22
Eastern,22
Arkansas,22
Greater Accra,21
Bishkek,21
Guanajuato,21
Bursa,21
Amazonas,20
Bern,20
Uttarākhand,20
Fukuoka,20
Oriental,20
Federal Capital Territory,20
Krasnoyarsk Krai,20
Kaohsiung,20
New Mexico,20
Australian Capital Territory,19
Liaoning,19
Centre-Val de Loire,19
Pays-de-la-Loire,19
Chișinău,19
Tyumen,19
Zlín,18
Jerusalem,18
Incheon,18
Flevoland,18
Central Luzon,18
Cluj,18
Central,18
Oklahoma,18
Upper Austria,17
Manitoba,17
Thuringia,17
Algiers,17
Irkutsk,17
Abu Dhabi,16
Córdoba,16
La Paz,16
Rio Grande do Norte,16
San José,16
Balearic Islands,16
Normandie,16
Kowloon City Kowloon,16
Tuscany,16
Puebla,16
Querétaro,16
Province 3,16
Perm Krai,16
Uppsala,16
Dnipropetrovshchyna,16
Louisiana,16
