property,value,visitors,events,percentage
url,(none),313,380,99.4
url,https://bootstrap.pypa.io/get-pip.py,4,5,1.3
url,https://docs.python-guide.org/starting/installation/#installation,1,1,0.3
url,https://flit.pypa.io/en/stable/pyproject_toml.html,1,1,0.3
url,https://hatch.pypa.io/latest/config/metadata/,1,1,0.3
url,https://pip.pypa.io/en/latest/,1,1,0.3
url,https://pip.pypa.io/en/latest/user_guide/#requirements-files,1,1,0.3
url,https://pypi.org/project/hatchling/,1,1,0.3
url,https://setuptools.pypa.io/en/latest/userguide/pyproject_config.html,1,1,0.3
url,https://test.pypi.org/account/register/,1,1,0.3
url,https://www.python.org/,1,1,0.3
