property,value,visitors,events,percentage
url,(none),4337,7355,99.9
url,https://www.python.org/,74,80,1.7
url,https://github.com/python/cpython/tree/3.13/Lib/idlelib/,13,13,0.3
url,https://tkdocs.com/,13,15,0.3
url,https://wiki.python.org/moin/BeginnersGuide,9,9,0.2
url,https://github.com/python/cpython/tree/3.13/Lib/tkinter/__init__.py,8,10,0.2
url,https://www.python.org/downloads/,7,7,0.2
url,https://www.tkdocs.com/shipman/,7,7,0.2
url,https://apps.microsoft.com/detail/9NQ7512CXL7T,6,6,0.1
url,https://www.python.org/doc/versions/,3,3,0.1
url,https://www.tcl.tk/man/tcl8.6/TkCmd/contents.htm,3,3,0.1
url,https://docs.python.org/es/3.14/archives/python-3.14-docs-html.tar.bz2,2,2,0.0
url,https://packaging.python.org/,2,2,0.0
url,https://packaging.python.org/en/latest/tutorials/installing-packages/#ensure-pip-setuptools-and-wheel-are-up-to-date,2,2,0.0
url,https://packaging.python.org/en/latest/tutorials/packaging-projects/,2,2,0.0
url,https://packaging.python.org/installing/#creating-virtual-environments,2,2,0.0
url,https://pypi.org/,2,2,0.0
url,https://wiki.python.org/moin/PythonBooks,2,2,0.0
url,https://www.packtpub.com/en-us/product/python-gui-programming-with-tkinter-9781788835886,2,2,0.0
url,https://www.tcl.tk/man/tcl8.6/TkCmd/grid.htm,2,2,0.0
url,https://devguide.python.org/documentation/start-documenting/#building-the-documentation,1,1,0.0
url,https://docs.python.org/es/3.14/archives/python-3.14-docs-html.zip,1,1,0.0
url,https://docs.python.org/es/3.14/archives/python-3.14-docs-texinfo.tar.bz2,1,1,0.0
url,https://docs.python.org/es/3.14/archives/python-3.14-docs-text.tar.bz2,1,1,0.0
url,https://docs.python.org/es/3.14/archives/python-3.14-docs-text.zip,1,1,0.0
url,https://docs.python.org/es/3/archives/python-3.14-docs-html.tar.bz2,1,1,0.0
url,https://docs.python.org/es/3/archives/python-3.14-docs-html.zip,1,1,0.0
url,https://docs.python.org/es/3/archives/python-3.14-docs-text.zip,1,1,0.0
url,https://en.wikipedia.org/wiki/Cursor_(databases),1,1,0.0
url,https://github.com/python/cpython/blob/main/Doc/contents.rst,1,1,0.0
url,https://github.com/python/cpython/blob/main/Doc/reference/executionmodel.rst?plain=1,1,1,0.0
url,https://github.com/python/cpython/blob/main/Doc/tutorial/controlflow.rst?plain=1,1,1,0.0
url,https://github.com/python/cpython/blob/main/Doc/tutorial/introduction.rst?plain=1,1,1,0.0
url,https://github.com/python/cpython/blob/main/Doc/tutorial/whatnow.rst?plain=1,1,1,0.0
url,https://github.com/python/cpython/tree/3.13/Lib/plistlib.py,1,1,0.0
url,https://github.com/python/cpython/tree/3.13/Lib/random.py,1,1,0.0
url,https://github.com/python/cpython/tree/3.13/Lib/venv/,1,1,0.0
url,https://github.com/python/cpython/tree/3.14/Lib/calendar.py,1,1,0.0
url,https://github.com/python/cpython/tree/3.14/Lib/random.py,1,1,0.0
url,https://github.com/python/cpython/tree/3.14/Lib/sqlite3/,1,1,0.0
url,https://github.com/python/cpython/tree/3.14/Lib/tkinter/__init__.py,1,1,0.0
url,https://github.com/python/cpython/tree/3.14/Lib/tty.py,1,1,0.0
url,https://packaging.python.org/installing/#requirements-for-installing-packages,1,1,0.0
url,https://peps.python.org/pep-0011/,1,1,0.0
url,https://peps.python.org/pep-0397/,1,1,0.0
url,https://peps.python.org/pep-0506/,1,1,0.0
url,https://peps.python.org/pep-0703/,1,1,0.0
url,https://peps.python.org/pep-0799/,1,1,0.0
url,https://python-pillow.org/,1,1,0.0
url,https://tiswww.case.edu/php/chet/readline/rltop.html,1,3,0.0
url,https://wiki.python.org/moin/PythonEditors,1,1,0.0
url,https://www.debian.org/doc/manuals/maint-guide/first.en.html,1,1,0.0
url,https://www.python.org/doc/av/,1,1,0.0
url,https://www.tcl.tk/,1,1,0.0
url,https://www.unicode.org/,1,1,0.0
url,https://www.unicode.org/Public/15.0.0/ucd/NamedSequences.txt,1,1,0.0
