name,visitors,bounce_rate,visit_duration
Direct / None,206847,57,135
Google,142849,53,123
Bing,46956,53,145
chatgpt.com,32179,63,127
Yandex,7346,57,123
Baidu,6930,51,160
GitHub,3017,66,98
Brave,2927,56,110
Yahoo!,2769,51,157
docs.python.org,2641,55,98
Youtube,1854,64,134
doubao.com,1762,60,173
DuckDuckGo,1485,55,82
360.cn,1295,46,226
Perplexity,1080,63,126
link.csdn.net,1065,46,160
copilot.microsoft.com,1052,57,162
code.visualstudio.com,769,70,120
claude.ai,700,67,90
Naver,650,46,150
w3schools.com,445,51,86
Microsoft Teams,404,65,96
Coccoc,343,48,158
qiita.com,295,55,163
pip.pypa.io,280,50,120
link.zhihu.com,257,54,152
Ecosia,251,58,103
netacad.com,212,62,149
Sogou,197,45,203
learn.microsoft.com,193,47,145
packaging.python.org,164,38,205
pytorch.org,158,69,98
peps.python.org,144,39,67
yuanbao.tencent.com,133,62,162
wiki.python.org,132,69,118
liaoxuefeng.com,127,80,77
blog.csdn.net,120,46,145
quark.cn,120,60,173
roadmap.sh,109,68,74
pypi.org,106,66,111
python.jp,105,38,110
sukkiri.jp,105,50,140
Wikipedia,100,56,87
geeksforgeeks.org,95,59,167
blog.naver.com,93,57,129
ai.google.dev,92,68,99
chat.baidu.com,90,54,266
Facebook,88,70,73
python.uihtm.com,87,58,245
tongyi.com,85,51,153
online-python.com,75,58,68
python.p2hp.com,73,71,80
pygame.org,71,49,118
runoob.com,70,72,130
freedidi.com,69,80,80
Telegram,67,55,101
realpython.com,67,54,125
docs.reportlab.com,66,69,177
udemy.com,66,68,109
blog.pyq.jp,63,28,166
Qwant,61,59,55
blackbox.ai,60,58,94
devguide.python.org,60,73,54
jianshu.com,60,81,62
cnblogs.com,58,58,176
dotiromoook.tistory.com,57,24,164
scikit-learn.org,57,60,128
esphome.io,55,47,204
chat.qwen.ai,52,57,305
idle.org.cn,48,65,142
openclassrooms.com,46,71,78
ntp.msn.cn,44,58,120
pythonguis.com,44,66,48
chat.z.ai,43,73,248
docs.pingcode.com,43,40,194
datacamp.com,42,50,144
courses.edx.org,40,88,23
lms.ev.org.br,39,64,201
sky.pro,39,49,42
discuss.python.org,38,49,130
medium.com,38,53,139
python.org.br,38,54,102
randomnerdtutorials.com,38,72,64
docs.espressif.com,36,61,208
enlacesnintricks.blogspot.com,34,63,161
pythonworld.ru,34,46,154
cursos.alura.com.br,33,85,36
soroban.highreso.jp,33,64,276
ursinaengine.org,33,62,166
chat.mistral.ai,32,70,166
edu.mipt.ru,32,45,476
skilladd.org,32,72,46
aisearch.sogou.com,31,52,192
instaloader.github.io,31,61,54
javadrive.jp,30,23,223
weel.co.jp,30,77,56
open.hpi.de,28,29,416
pythoninsider.blogspot.com,28,76,79
rapidseedbox.com,28,55,48
w3school.com.cn,28,57,152
docs.platformio.org,27,67,53
dzen.ru,27,63,89
lmarena.ai,27,69,120
metanit.com,27,64,105
doc.courtbouillon.org,26,96,0
edube.org,26,58,134
m.blog.naver.com,26,30,221
rivery.io,26,42,116
cloud.tencent.com,25,52,121
pythononlinecompiler.ru,25,69,24
pythontest.com,25,40,66
yuque.com,25,40,181
digitalocean.com,24,67,81
gradio.app,24,67,82
python-lernen.de,24,46,311
tutorialspoint.com,24,84,39
wble-sl.utar.edu.my,24,25,446
app.aluracursos.com,23,92,23
edu.sirius.online,23,43,62
lms.human.ua,23,38,220
127.0.0.1,22,78,225
172.17.106.232,22,58,433
coderivers.org,22,50,101
mooc.fi,22,64,119
gamebanana.com,21,81,8
nexusmods.com,21,82,22
topdev.vn,21,43,238
xdaforums.com,21,73,20
Instagram,20,75,109
droidwin.com,20,45,31
gall.dcinside.com,20,65,182
yutu.cn,20,67,309
Vkontakte,19,53,45
oregoom.com,19,74,51
py4e.com,19,84,205
skillbox.ru,19,50,74
tousignantsimon-bd2.github.io,19,55,291
ai-kenkyujo.com,18,33,91
cgohlke.com,18,78,60
confluence.oraclecorp.com,18,72,37
internet-start.net,18,37,231
n.cn,18,56,50
pyzo.org,18,33,304
amuletmc.com,17,76,52
br.nate.com,17,41,129
cs50.readthedocs.io,17,65,59
ithelp.ithome.com.tw,17,65,55
pythoncentral.io,17,65,62
Gmail,16,62,122
Mail.ru,16,81,14
automatetheboringstuff.com,16,65,12
challenge.hennge.com,16,75,171
codecademy.com,16,56,21
developer.aliyun.com,16,75,5
docstring.fr,16,44,28
freecodecamp.org,16,31,163
ima.qq.com,16,81,26
poe.com,16,50,75
typing.python.org,16,38,6
4pda.to,15,56,85
Reddit,15,73,38
badcaps.net,15,53,121
gammasoft.jp,15,47,111
namu.wiki,15,67,50
pythongeeks.org,15,73,370
asreview.nl,14,71,100
drive2.ru,14,64,22
hackernoon.com,14,50,291
legacy.python.org,14,57,219
music21.org,14,79,9
taguette.org,14,57,397
anker-in.feishu.cn,13,64,11
atmarkit.itmedia.co.jp,13,54,102
canva.com,13,71,304
chat.chatbot.app,13,62,58
codelv.com,13,69,42
docs.streamlit.io,13,54,58
docs.zephyrproject.org,13,46,30
it-connect.fr,13,85,57
tensorflow.org,13,79,32
tutorial.djangogirls.org,13,54,99
wikiwiki.jp,13,29,125
cocalc.com,12,83,7
courses.bwsix.edly.io,12,92,3
davidgomes.com,12,50,215
docs.qq.com,12,58,63
help.aliyun.com,12,33,89
learn2.open.ac.uk,12,75,32
link.juejin.cn,12,92,3
m.so.com,12,75,302
pandas.pydata.org,12,75,49
pyfound.blogspot.com,12,83,58
romptn.com,12,92,23
sourcecode.jnj.com,12,75,13
10.7.10.200,11,55,74
Daum,11,100,0
blog.faradars.org,11,45,665
blog.python.org,11,82,19
bytedance.larkoffice.com,11,36,433
codegenes.net,11,55,64
csc.edu.vn,11,36,306
docs.opendronemap.org,11,50,54
geek-blogs.com,11,73,29
natechcel.blogspot.com,11,73,60
notebooks.githubusercontent.com,11,64,316
patreon.com,11,67,123
progpython.ru,11,58,283
space.coze.cn,11,92,2
theforage.com,11,55,325
Twitter,10,80,195
avt.global,10,33,317
bitbucket.org,10,46,228
dataquest.io,10,40,121
endoflife.date,10,60,28
gitee.com,10,70,78
idealab.alibaba-inc.com,10,50,103
l.messenger.com,10,50,208
lms.skillfactory.ru,10,83,14
mathesis.cup.gr,10,40,281
mql5.com,10,60,40
pymacrorecord.com,10,70,133
pythonru.com,10,62,15
replit.com,10,40,612
source.android.com,10,30,28
sysnettechsolutions.com,10,70,67
teletype.in,10,70,157
timeweb.cloud,10,50,43
acm-umdearborn.github.io,9,89,93
auto-editor.com,9,56,13
docs.opencv.org,9,78,312
edu.livedigital.space,9,33,52
feeds.qq.com,9,44,772
kivy.org,9,56,221
manus.im,9,89,2
natwest.atlassian.net,9,67,32
newsuk1.com,9,56,264
openstax.org,9,50,117
tkdocs.com,9,56,55
wikidocs.net,9,22,277
worthytutors.com,9,56,16
LinkedIn,8,62,44
aranzulla.it,8,62,140
community.octoprint.org,8,12,581
confluence.schwab.com,8,38,146
devdocs.io,8,50,18
developer.mozilla.org,8,75,49
dqlab.id,8,62,202
forest.watch.impress.co.jp,8,25,122
hovatek.com,8,75,6
itnetwork.cz,8,50,114
kaiwu-sdk-docs.qboson.com,8,62,44
kampus.sanomapro.fi,8,50,313
learn.srmonline.in,8,100,0
mkdocs.org,8,33,274
nz.ua,8,75,19
pl.python.org,8,88,2
python.doctor,8,88,14
redis.io,8,88,3
rosetears.cn,8,50,229
s3.eu-west-1.amazonaws.com,8,50,77
safe.menlosecurity.com,8,38,383
stable-diffusion-art.com,8,88,155
steamcommunity.com,8,67,248
w3cschool.cn,8,50,64
wenxiaobai.com,8,50,63
anaconda.com,7,71,86
app.deephat.ai,7,71,18
app.innerai.com,7,71,34
appcatalog.icp.infineon.com,7,71,29
atc.bmwgroup.net,7,88,16
belajarpython.com,7,75,195
blog.data101.io,7,43,94
campus107.unad.edu.co,7,100,0
canlidovizfiyatlari.com,7,43,234
ceng240.github.io,7,57,1049
chat.zalo.me,7,67,142
danmilife.tistory.com,7,57,59
docs.godotengine.org,7,86,2
docs.telethon.dev,7,62,50
e.hihonor.com,7,57,35
elearning.ctu.edu.vn,7,14,117
git.realestate.com.au,7,57,19
habr.com,7,100,0
kone.gg,7,43,86
mitsubishielectricgroup.sharepoint.com,7,86,8
mobiletips.in,7,73,16
moodlecourses.novia.fi,7,50,331
mosoteach.cn,7,57,237
nplms.polite.edu.sg,7,86,7
odoo.com,7,100,0
open.feishu.cn,7,86,8
oryoy.com,7,57,123
producthunt,7,57,29
python.digibeatrix.com,7,43,238
pythoninstitute.org,7,43,98
pythonjobshq.com,7,78,12
search.avastbrowser.com,7,71,7
spectrum20.tistory.com,7,71,127
spotdl.github.io,7,43,68
spotdl.readthedocs.io,7,43,41
