name,visitors,bounce_rate,visit_duration
chatgpt.com,947,63,129
perplexity,44,50,107
yandex,38,42,178
hackernoon.com,14,50,291
davidgomes.com,12,50,215
producthunt,7,57,29
trap.jp,6,50,140
signatov.com,5,60,3
en.blog.mantiks.io,4,50,12
jessehouwing.net,4,75,6
zalo,4,100,0
Securitylab.ru,3,33,85
admin-dashboards,3,67,449
learn-ubuntu,3,33,96
packetswitch.co.uk,3,67,82
pg3.io,3,100,0
site,3,67,52
www.jobsearchhack.com,3,100,0
ya,3,0,56
blog.runpod.io,2,50,5
chaosgenius.io,2,0,26
datagrads.com,2,50,48
ethicalads-placement,2,50,20
selfh.st,2,100,0
youragileteam.com,2,100,0
ActiveCampaign,1,100,0
aidash.news,1,0,66
blog.europython.eu,1,100,0
blog.michivonah.ch,1,100,0
blog.roboflow.com,1,100,0
blog.tericcabrel.com,1,0,4
bluescreen.kz,1,100,0
chuck-builds.com,1,0,257
ciberseguridad.blog,1,100,0
console.dev,1,100,0
deeplearningnerds.com,1,100,0
direct,1,100,0
dsd.arcos.org.br,1,100,0
faun,1,100,0
getresponse,1,100,0
ghost.codersera.com,1,100,0
hs_email,1,100,0
linuxhandbook.com,1,100,0
luxalgo.com,1,100,0
mansuf.link,1,0,66
peerlist,1,0,42
post_page-----12cbeeee7430---------------------------------------,1,0,9
post_page-----3ad2d773834c---------------------------------------,1,0,108
post_page-----d6cb4d86f606---------------------------------------,1,100,0
rimonhanna.com,1,100,0
rss,1,100,0
softhints-python-linux-pandas,1,100,0
softhints.com,1,100,0
startuptoolchain,1,100,0
update,1,100,0
wedgworth.dev,1,0,667
winstall,1,100,0
