name,visitors
São Paulo,708
Rio de Janeiro,172
Minas Gerais,155
Paraná,116
Santa Catarina,111
Rio Grande do Sul,100
Federal District,91
Pernambuco,71
Bahia,66
Ceará,65
Goiás,50
Amazonas,40
Pará,40
Paraíba,37
Espírito Santo,35
Lisbon,33
Rio Grande do Norte,29
Alagoas,27
Mato Grosso do Sul,25
Mato Grosso,25
Maranhão,24
Piauí,21
Porto,20
Sergipe,16
Luanda,10
Rondônia,10
Tocantins,6
Aveiro,6
Braga,6
Setúbal,5
Acre,4
Coimbra,4
Faro,4
Ontario,3
Praia,3
Leinster,3
Maputo,3
Viseu,3
Amapá,2
Roraima,2
Santiago Metropolitan,2
Vienna,1
Flanders,1
Aargau,1
Beijing,1
Hebei,1
Xinjiang,1
Prague,1
Hesse,1
Valencian Community,1
Uusimaa,1
Provence-Alpes-Côte-d'Azur,1
England,1
Bissau,1
West Java,1
Lazio,1
Esch-sur-Alzette,1
Friesland,1
Limburg,1
North Holland,1
Mazovia,1
Greater Poland,1
Évora,1
Guarda,1
Leiria,1
Santarém,1
Vila Real,1
Madeira,1
Amambay,1
Sverdlovsk,1
Alabama,1
California,1
Colorado,1
Georgia,1
North Carolina,1
New York,1
Tennessee,1
