name,visitors
China,1786
Japan,666
United States,454
India,315
Ukraine,259
Russian Federation,204
France,201
Singapore,157
Brazil,144
South Korea,141
Germany,135
Vietnam,108
Spain,78
United Kingdom,74
Taiwan,68
Poland,65
Mexico,56
Canada,55
Colombia,46
Netherlands,45
Hong Kong,43
Italy,41
Argentina,39
Indonesia,39
Iran,37
Turkey,34
Switzerland,31
Belgium,27
Peru,23
Australia,21
Chile,20
Pakistan,20
Portugal,20
Egypt,19
Ecuador,18
Israel,18
Morocco,18
Philippines,17
Romania,17
Sweden,17
Uzbekistan,17
Czechia,16
Dominican Republic,16
Bangladesh,15
Malaysia,15
Algeria,14
Ireland,12
Kenya,12
Sri Lanka,12
Saudi Arabia,12
Thailand,12
Austria,11
Denmark,11
Hungary,11
Finland,10
Lithuania,10
Nigeria,10
Nepal,10
Belarus,9
Cuba,9
Kazakhstan,9
United Arab Emirates,8
Venezuela,8
Croatia,7
Kyrgyzstan,7
Lebanon,7
Norway,7
Senegal,7
Tunisia,7
Bulgaria,6
Bolivia,6
Cameroon,6
Ethiopia,6
Ghana,6
Latvia,6
Benin,5
Greece,5
Uruguay,5
South Africa,5
Azerbaijan,4
Estonia,4
Guatemala,4
Iraq,4
Jordan,4
New Zealand,4
Paraguay,4
Rwanda,4
Slovakia,4
"Congo, The Democratic Republic of the",3
Costa Rica,3
Cyprus,3
Moldova,3
Myanmar,3
Mozambique,3
Oman,3
Panama,3
Serbia,3
Tanzania,3
Uganda,3
Yemen,3
Armenia,2
Angola,2
Bosnia and Herzegovina,2
Burkina Faso,2
Bahamas,2
Djibouti,2
Georgia,2
Cambodia,2
Madagascar,2
Mongolia,2
Mauritius,2
Puerto Rico,2
El Salvador,2
Togo,2
Trinidad and Tobago,2
Bahrain,1
Côte d'Ivoire,1
Cabo Verde,1
French Guiana,1
Guadeloupe,1
Honduras,1
Kuwait,1
North Macedonia,1
Macao,1
Malta,1
Malawi,1
Réunion,1
Seychelles,1
Sudan,1
Slovenia,1
Somalia,1
Syria,1
Kosovo,1
Zimbabwe,1
