name,visitors,bounce_rate,visit_duration
Direct / None,4534,77,441
google.com,1125,80,183
python.org,94,81,384
codecademy.cn,58,63,70
m.baidu.com,49,96,25
cn.bing.com,30,55,256
bing.com,25,73,244
baidu.com/link,16,71,178
duckduckgo.com,16,100,379
search.yahoo.co.jp,14,92,256
codecademy.cn/tutorial/python,8,38,45
yandex.ru,8,0,387
chatgpt.com,6,100,688
search.brave.com,6,0,584
journal.top-academy.ru,5,83,27
baidu.com,4,75,164
ecosia.org,4,100,399
official.contest.yandex.ru,4,0,4457
qiita.com,4,50,304
wiki.python.org,4,0,86
android-app://com.google.android.googlequicksearchbox,3,67,25
aula.teorema.com.do,3,100,0
perplexity.ai,3,100,278
python.it,3,50,31
udemy.com,3,0,71
boot.dev,2,0,708
canva.com,2,50,216
doubao.com,2,0,206
link.csdn.net,2,0,684
m.baidu.com/from=1001192y/bd_page_type=1/ssid=0/uid=0/pu=usm%401%2Csz%401320_1001%2Cta%40iphone_2_10.0_28_16.0/baiduid=7A7A39FC491480B522088F70A5FA5E3D/w=0_10_/t=iphone/l=1/tc,2,50,1
plataforma-beta.coderhouse.com,2,100,0
pythoninsider.blogspot.com,2,50,2
repository.unad.edu.co,2,50,8
starjuku.net,2,100,0
top-academy.site,2,100,0
campusvirtual2.ug.edu.ec,1,0,202
chat.baidu.com,1,100,0
classroom.google.com,1,100,0
coderivers.org,1,0,39
copilot.microsoft.com,1,100,0
cs50.harvard.edu,1,0,0
cursos.alura.com.br,1,100,0
devdocs.io,1,0,10
developer.baidu.com/article/detail.html,1,0,96
dnmtechs.com,1,0,61
docs.astral.sh,1,0,873
ensta-blog.com/python/endswith,1,100,0
fidget-spinner.github.io,1,100,0
formation.force-n.sn,1,100,0
gemini.google.com,1,0,144
github.com/fmipython/PythonCourse2025/blob/main/homeworks/homework2/README.md,1,100,0
github.com/fmipython/PythonCourse2025/tree/main/homeworks/homework2,1,100,0
github.com/python/cpython/issues/107544,1,100,0
github.com/python/python-docs-es/issues/3274,1,100,0
google.ca,1,0,891
google.co.jp,1,100,0
google.co.kr,1,100,0
google.it,1,0,0
link.zhihu.com,1,100,0
lms.skillfactory.ru,1,0,208
m.baidu.com/from=0/bd_page_type=1/ssid=0/uid=0/pu=sz%401320_1004%2Cvmgdb%400020100228y%2Cusm%402/baiduid=3B3BC7D68EB1EE0178FC15A15C984637/w=30_10_/t=zbios/l=1/tc,1,0,168
m.baidu.com/from=1001192y/bd_page_type=1/ssid=0/uid=0/pu=sz%401320_1001%2Cta%40iphone_2_14.0_28_16.0%2Cusm%400/baiduid=33AF0C394E2182D149594D4B91D71BA6/w=0_10_/t=iphone/l=1/tc,1,0,1
m.baidu.com/from=1001192y/bd_page_type=1/ssid=0/uid=0/pu=usm%400%2Csz%401320_1001%2Cta%40iphone_2_10.0_28_16.0/baiduid=01779487B094F033E28FD645F44AD2DB/w=0_10_/t=iphone/l=1/tc,1,100,0
m.baidu.com/from=1012852q/bd_page_type=1/ssid=0/uid=0/pu=sz%401320_1004%2Cta%40iphone_2_5.1_11_12.8%2Cusm%401/baiduid=D492732466464EA193706B6176576634/w=30_10_/t=iphone/l=1/tc,1,100,0
m.baidu.com/from=1013672g/bd_page_type=1/ssid=0/uid=0/pu=usm%400%2Csz%401320_1004%2Cta%40iphone_2_14.0_11_20.8/baiduid=4C15D85E236C58C67806C05A7E7293E0/w=0_10_/t=iphone/l=1/tc,1,100,0
m.baidu.com/from=1019311v/bd_page_type=1/ssid=0/uid=0/pu=usm%400%2Csz%401320_1001%2Cta%40iphone_2_15.0_19_27.0/baiduid=B5AD85115B5E4995E4793BD4E19D75B0/w=0_10_/t=iphone/l=1/tc,1,0,27
m.baidu.com/from=1019311v/bd_page_type=1/ssid=0/uid=0/pu=usm%401%2Csz%401320_1001%2Cta%40iphone_2_15.0_19_27.3/baiduid=2F17D718030C1B42970230228A451A08/w=0_10_/t=iphone/l=1/tc,1,100,0
m.baidu.com/from=1024193r/bd_page_type=1/ssid=0/uid=0/pu=usm%401%2Csz%401320_1001%2Cta%40iphone_2_12.0_24_114.0/baiduid=CDE7691CBD65DE954A6EB4A5CD21FF33/w=0_10_/t=iphone/l=1/tc,1,100,0
m.baidu.com/from=1024369g/bd_page_type=1/ssid=0/uid=0/pu=sz%401320_1001%2Cta%40iphone_2_13.0_24_138.0%2Cusm%400/baiduid=952DF201D7D152B09D683C0EF5AA07C3/w=0_10_/t=iphone/l=1/tc,1,100,0
m.baidu.com/from=1024369g/bd_page_type=1/ssid=0/uid=0/pu=usm%400%2Csz%401320_220%2Cta%40iphone_5_6.0_28_5.1/baiduid=15B4977FDBD894B1F496C6BB545BD6FD/w=0_10_/t=iphone/l=1/tc,1,100,0
"m.baidu.com/from=1027073d/ssid=0/pu=sz@1320_480,osname@baiduboxapp,csrc@home_box_txt,cfrom@1027073d,vmgdb@0020100228y,cua@_avLC_ac-i46ywoUfpw1z4uQ2NgVPX81oavjhGQHNqqqB,ctv@2,c3_aid@A00-FK73TMFTLGQ3OBPV54VRFO3SY7PSHPVI-BPNGR2RJ,cuid@0u2vuY8u28gqivuEliSAa0aLvigHav8U0O2ui0iCvi8G9Hh358WWCzHwA,cen@cuid_cua_cut/s",1,100,0
m.baidu.com/from=1027661f/bd_page_type=1/ssid=0/uid=0/pu=sz%401320_1003%2Cta%40iphone_2_15.0_1_18.3%2Cusm%400/baiduid=5FCA43CCC03B1BF9B72A3C937D93B103/w=10_10_/t=iphone/l=1/tc,1,100,0
m.baidu.com/from=1028735b/bd_page_type=1/ssid=0/uid=0/pu=usm%400%2Csz%401320_1001%2Cta%40iphone_2__24_123.0/baiduid=4DCA0A43E01EEC05E531F434CD44ABB9/w=0_10_/t=iphone/l=1/tc,1,100,0
m.baidu.com/from=1040455c/bd_page_type=1/ssid=0/uid=0/pu=sz%401320_480%2Ccuid%40jiHPf_OqBiYUuHallPSualihS8_iuHaB_8-Di_OHS88b9W8xptDqCDtaA%2Ccua%40_avLC_ac-i46ywoUfpw1z4PLXizVaX8U4a2AiqqHB%2Cosname%40baiduboxapp%2Cctv%402%2Ccfrom%401030738b%2Ccen%40cuid_cua%2Cc3_aid%40A00-LCMR2AORMX7HQ25MCHENZ32F4CESOYC3-LFQAQWCL%2Ccsrc%40bdbox_tserch_txt%2Cta%40iphone___31_9.6%2Cusm%401/baiduid=D00372659F46FCAE074EEC7CED70DC61/w=0_10_/t=iphone/l=1/tc,1,100,0
m3tech.blog,1,100,0
manaba.meisei-u.ac.jp,1,100,0
nativeapp.toutiao.com,1,0,0
netacad.com,1,0,846
note.nkmk.me,1,100,0
note.youdao.com,1,0,0
ntp.msn.com,1,100,0
opencsg.com/models/AIWizards/cointegrated_SONAR_200_text_encoder,1,0,237
openwebui.egg.paylab.sh,1,0,25
padlet.com,1,100,0
practicum.yandex.ru,1,0,82
pypi.org,1,0,1297
python.org/downloads/release/python-31311,1,100,0
pythonscouts.com,1,0,16
qianwen.com/chat/b2e51e6e62634e50b63b2d5404c41e41,1,0,31
redhat.com,1,0,0
scanpy.readthedocs.io,1,100,0
scanpy.readthedocs.io/en/1.11.x/generated/scanpy.tl.leiden.html,1,100,0
scikit-learn.org,1,0,1194
search.yahoo.com,1,0,145
sites.google.com,1,100,0
sogou.com/link,1,100,0
sopython.com,1,0,29
sphinx-doc.org,1,0,0
translate.google.com,1,0,80
virtual.ipb.pt,1,0,341
wapbaike.baidu.com,1,100,0
yuque.com,1,0,98
