name,visitors
England,8626
California,7890
New York,3805
Texas,2877
Maharashtra,2653
Virginia,2625
Ontario,2326
Karnataka,2252
Moscow,2234
Tokyo,2186
Illinois,2100
Tamil Nadu,1960
Washington,1920
São Paulo,1824
Telangāna,1640
Île-de-France,1598
Massachusetts,1539
Mazovia,1335
Florida,1238
New Jersey,1181
Georgia,1136
Delhi,1129
Colorado,1092
Maryland,1076
Lombardy,1029
North Holland,1017
Quebec,1006
Hesse,999
Madrid Autonomous Community,989
Pennsylvania,969
Tel Aviv,960
Bavaria,916
New South Wales,902
Saint Petersburg,893
Oregon,882
North Rhine-Westphalia,876
Stockholm,869
British Columbia,860
Seoul,850
North Carolina,837
Uusimaa,823
Guangdong,804
Uttar Pradesh,771
Michigan,701
Ohio,682
Taipei,666
Baden-Württemberg,663
Leinster,650
Beijing,634
Prague,616
Shanghai,607
Ho Chi Minh City,574
Rio de Janeiro,573
Buenos Aires Province,569
Gujarat,569
Victoria,563
Arizona,559
Berlin,545
Kerala,499
West Bengal,497
Santiago Metropolitan,486
Queensland,468
Bangkok,468
Catalonia,467
Osaka,449
Ciudad de Mexico,444
Zürich,442
Nairobi County,440
Lesser Poland,438
South Holland,436
Gyeonggi,433
Hanoi,422
Minnesota,421
Scotland,419
Capital District,411
Vienna,405
Missouri,404
Alberta,402
Utah,400
Kyiv,394
Minas Gerais,386
Metro Manila,386
Jakarta,373
Paraná,370
Auckland,361
Lazio,356
Tennessee,354
Central,336
Lower Saxony,330
Andhra Pradesh,330
Istanbul,330
Gauteng,328
Emilia-Romagna,327
Lower Silesia,323
Auvergne-Rhône-Alpes,313
Västra Götaland,307
New Taipei,307
Jiangsu,304
Rajasthan,302
Haryana,297
Andalusia,296
Connecticut,295
Zhejiang,291
Lisbon,291
Kanagawa,289
Beograd,286
Wisconsin,286
Madhya Pradesh,284
Minsk,273
South Carolina,273
Alabama,270
Saxony,268
Lima,267
Indiana,267
Santa Catarina,266
Valencian Community,266
Flanders,265
Punjab,259
Greater Poland,257
Cairo,256
Krasnodar Krai,256
Rio Grande do Sul,251
Bihar,250
Antioquia,249
Provence-Alpes-Côte-d'Azur,248
Silesia,243
Dubai,242
Sichuan,236
Lagos,236
Province 3,235
Moscow Province,233
Tashkent,231
New Mexico,226
Iowa,223
Federal District,221
Veneto,219
Hamburg,218
Washington DC,218
Capital Region,216
Occitanie,214
Novosibirsk,214
Attica,212
Western Australia,210
Pomerania,208
Kuala Lumpur,205
Budapest,200
Wales,198
Oslo,194
Nizhny Novgorod,194
Sofia,191
Skåne,190
Brussels,189
Riga,189
Mexico State,187
Sverdlovsk,187
Western Cape,187
Vilnius County,183
Bucharest,178
Piedmont,177
Rostov,174
Odisha,168
Punjab,168
Pernambuco,166
Tuscany,166
Addis Ababa,165
Shandong,164
Bahia,163
Selangor,163
Chiba,161
Western,161
Almaty City,160
Aichi,159
Daejeon,159
Nevada,159
South Moravia,157
West Java,156
North Brabant,156
Ceará,155
Yerevan,154
Tatarstan,154
Oklahoma,154
Tbilisi,153
Saitama,151
Taichung,151
Harjumaa,144
Jalisco,143
Grand-Est,142
Taoyuan,141
Chelyabinsk,140
Greater Accra,139
Bratislava,139
Arkansas,139
New Hampshire,139
Utrecht,138
Zagreb,136
Campania,135
Hubei,133
Rhineland-Palatinate,133
Hauts-de-France,133
Lvivshchyna,133
Galicia,132
Nouvelle-Aquitaine,132
Kansas,132
Samara,131
Amazonas,130
Łódź,130
Ankara,130
Kentucky,130
Calabarzon,129
Basque Country,126
Porto,126
East Java,125
Buenos Aires,123
Schleswig-Holstein,123
Kyivshchyna,123
Louisiana,123
San José,122
Dhaka Division,121
Abu Dhabi,118
Brittany,118
Córdoba,117
Federal Capital Territory,115
Pays-de-la-Loire,114
Ljubljana,109
Goiás,108
Meknès-Tafilalet,108
Bashkortostan,108
Montevideo,107
Henan,106
Sindh,105
Hormozgan,103
Riyadh,103
Idaho,103
Kaohsiung,102
Rhode Island,102
Wallonia,101
Haifa,101
Dnipropetrovshchyna,101
Castile and León,100
Hsinchu County,98
Chandigarh,96
Jharkhand,96
South Australia,95
Manitoba,94
Shaanxi,94
Jerusalem,94
Nebraska,94
Fujian,93
Nuevo León,92
Brandenburg,91
Makkah,91
Krasnoyarsk Krai,90
Central Denmark,89
Gelderland,86
Mississippi,86
Yaroslavl,85
Ibaraki,84
Voronezh,84
Espírito Santo,83
Hunan,83
Canary Islands,83
Assam,83
Guayas,82
Pirkanmaa,82
Kyoto,82
Vaud,81
Hyogo,81
Perm Krai,77
Paraíba,76
Astana,76
Anhui,75
Oyo,75
Capital,75
Distrito Nacional,74
Maine,74
Pichincha,72
Uttarākhand,72
Yamaguchi,72
Phnom Penh,72
Central,72
Normandie,71
Amman,71
Tunis,71
Saskatchewan,70
Chongqing,70
Hokkaido,70
Fukuoka,70
Guizhou,69
Valle del Cauca,69
Northern Ireland,69
Wellington,69
Östergötland,69
Delaware,69
Australian Capital Territory,68
Central Macedonia,68
Kowloon City Kowloon,68
Kwai Tsing New Territories,68
Thuringia,67
Apulia,67
Central Luzon,66
