name,visitors
Tokyo,239
Singapore,224
Paris,219
Moscow,207
Warsaw,200
London,199
Amsterdam,194
Frankfurt am Main,179
New York City,177
Ho Chi Minh City,148
Chicago,147
São Paulo,135
Seattle,133
Madrid,124
Bengaluru,116
Munich,111
Los Angeles,109
Chennai,102
Saint Petersburg,101
Jakarta,94
Toronto,93
San Jose,91
Hanoi,90
Sydney,90
Dublin,90
Beijing,89
Taipei,85
Vienna,84
Ashburn,82
Cairo,79
Melbourne,79
Milan,79
Montréal,79
Istanbul,77
Zürich,74
Bogotá,72
San Francisco,72
Stockholm,71
Berlin,71
Denver,71
Mumbai,69
Tashkent,67
Hong Kong,66
Barcelona,65
Lima,65
Hyderabad,64
Manchester,64
Helsinki,59
Guangzhou,59
Rio de Janeiro,59
Prague,55
Austin,55
Oslo,54
Pune,53
Boston,53
Phoenix,53
Brussels,50
Kyiv,49
Osaka,49
Atlanta,49
Brooklyn,48
Kraków,47
Budapest,46
Reston,45
Tel Aviv,44
Medellín,43
San Diego,43
Jersey City,42
Lahore,41
Perth,41
Wrocław,41
Nairobi,40
New Delhi,40
Santiago,40
N/A,40
Lviv,39
Bangkok,39
Ankara,38
Shanghai,38
Rome,37
Boardman,37
Dallas,36
Houston,36
Miami,35
Brasília,34
Minsk,33
Yekaterinburg,33
Stuttgart,33
Hamburg,33
Karachi,32
Auckland,32
Santa Clara,32
Portland,32
Tehran,31
Tallinn,31
Lagos,31
Vancouver,31
Belgrade,29
Kolkata,29
Ahmedabad,29
Seoul,29
Delhi,28
Köln,28
Charlotte,28
N/A,27
Cape Town,27
Riyadh,26
Krasnodar,26
Bucharest,26
Sofia,26
Kuala Lumpur,26
Wuhan,26
Shenzhen,26
Lisbon,26
Dhaka,25
Jaipur,25
Brisbane,25
Copenhagen,25
Gdańsk,25
Nizhniy Novgorod,24
Novosibirsk,24
Belo Horizonte,24
Philadelphia,24
Vilnius,23
Coimbatore,23
Taichung,23
Rotterdam,23
Marseille,23
Łódź,23
Ottawa,23
Dubai,22
Riga,22
Hangzhou,22
Chengdu,22
Poznań,22
N/A,22
Curitiba,22
Mexico City,22
Quito,22
Athens,21
Yerevan,21
Almaty,21
Tunis,21
Valencia,20
Düsseldorf,20
Fortaleza,20
Campinas,20
Lambeth,20
Johannesburg,19
Cochin,19
Surabaya,19
Edinburgh,19
Göteborg,19
La Paz,19
Calgary,19
Samara,18
Chelyabinsk,18
N/A,18
Phnom Penh,18
Glasgow,18
Eindhoven,18
Lyon,18
Brno,18
Ljubljana,18
Porto Alegre,18
St. Louis,18
Cambridge,18
Queens,18
Redmond,18
N/A,18
Addis Ababa,17
Kazan,17
Dehra Dūn,17
City of Westminster,17
Wandsworth,17
Bristol,17
Birmingham,17
Turin,17
Washington,17
Amman,16
Petaẖ Tiqwa,16
Baku,16
Tbilisi,16
Nagpur,16
Zibo,16
Nanjing,16
Nürnberg,16
Toulouse,16
Naples,16
Cali,16
San Antonio,16
Pittsburgh,16
Mountain View,16
Québec,16
Kampala,15
İzmir,15
Kaohsiung,15
Abuja,15
Casablanca,15
Leeds,15
Porto,15
Caracas,15
Zapopan,15
Orlando,15
College Park,15
Fairfax,15
Minneapolis,15
Tucson,15
Palo Alto,15
Islamabad,14
Nur-Sultan,14
Manila,14
Recife,14
Benito Juarez,14
The Dalles,14
Yaroslavl,13
Saratov,13
Pretoria,13
Colombo,13
Salem,13
Lucknow,13
Agra,13
Bishkek,13
Hsinchu,13
Xi’an,13
Suwon,13
Canberra,13
Fulham,13
Ealing,13
Karlsruhe,13
Zagreb,13
Camden Town,13
Montevideo,13
Cochabamba,13
Columbus,13
N/A,13
Alexandria,12
Ufa,12
Rostov-na-Donu,12
Indore,12
Taoyuan,12
Changsha,12
N/A,12
Seongnam-si,12
Slough,12
Oxford,12
Barnet,12
Linz,12
Hannover,12
Grenoble,12
Trondheim,12
Buenos Aires,12
Puebla,12
Guayaquil,12
North Charleston,12
Washington,12
Council Bluffs,12
Winnipeg,12
Giza,11
Voronezh,11
Kharkiv,11
Surat,11
Patna,11
Krasnoyarsk,11
Depok,11
Denpasar,11
Quezon City,11
Kawaguchi,11
Irkutsk,11
Adelaide,11
Accra,11
Nottingham,11
Milton Keynes,11
N/A,11
Leicester,11
Utrecht,11
Haarlem,11
Antwerpen,11
Dresden,11
Lille,11
Bratislava,11
Mérida,11
Santa Cruz de la Sierra,11
Indianapolis,11
Piscataway,11
Madison,11
Berkeley,11
Hayward,11
Sacramento,11
Sunnyvale,11
Edmonton,11
Jeddah,10
Doha,10
Espoo,10
Cluj-Napoca,10
Odessa,10
Guwahati,10
Nakhon Ratchasima,10
Changzhou,10
Incheon,10
