name,visitors,bounce_rate,visit_duration
Google,1433,83,123
Direct / None,444,63,211
Bing,24,71,261
steam.oxxostudio.tw,19,65,38
Baidu,17,67,82
python.org,14,0,575
Yahoo!,9,33,228
chatgpt.com,9,56,106
DuckDuckGo,2,50,20
Perplexity,2,0,158
Ecosia,1,100,0
Youtube,1,100,0
blog.csdn.net,1,0,198
docs-python-org.translate.goog,1,0,21
gateway.zscloud.net,1,100,0
medium.com,1,0,278
moodle3-02.mcu.edu.tw,1,100,0
pytest-mock.readthedocs.io,1,0,0
realnewbie.com,1,100,0
sphinx-doc.org,1,0,188
