name,version,visitors
Mobile App,(not set),1268
Chrome,139.0,859
Chrome,140.0,317
Safari,18.6,223
Microsoft Edge,139.0,219
Huawei Browser Mobile,16.0,128
Firefox,142.0,121
Microsoft Edge,140.0,104
Mobile App,97.0,91
Chrome,138.0,90
vivo Browser,26.1,55
Safari,18.5,50
vivo Browser,26.0,36
MIUI Browser,20.2,22
Chrome,126.0,16
UC Browser,18.0,16
vivo Browser,25.8,16
vivo Browser,25.9,15
Chrome,137.0,12
Safari,16.6,11
Microsoft Edge,138.0,10
Chrome,134.0,9
Safari,18.4,9
Chrome,109.0,8
Chrome,131.0,7
Chrome,133.0,7
Chrome,135.0,7
Samsung Browser,28.0,7
Firefox,128.0,6
Safari,17.6,6
MIUI Browser,20.1,6
vivo Browser,25.3,6
Safari,26.0,6
Huawei Browser Mobile,5.1,6
Microsoft Edge,137.0,5
Firefox,141.0,5
Safari,15.6,5
Chrome,97.0,5
Safari,(not set),4
Brave,(not set),4
Firefox,102.0,4
Safari,18.2,4
vivo Browser,23.1,4
vivo Browser,25.5,4
Android Browser,(not set),3
Huawei Browser Mobile,11.1,3
Chrome,114.0,3
Microsoft Edge,134.0,3
Safari,16.5,3
Safari,17.4,3
QQ Browser,19.3,3
vivo Browser,23.6,3
vivo Browser,25.2,3
vivo Browser,25.6,3
Sleipnir,4.8,3
Quark,7.15,3
Chrome,86.0,3
Chrome,111.0,2
Mobile App,114.0,2
Mobile App,116.0,2
Chrome,116.0,2
Huawei Browser Mobile,12.1,2
Chrome,122.0,2
Chrome,125.0,2
Avast Secure Browser,130.0,2
Firefox,135.0,2
Chrome,136.0,2
Iron,137.0,2
Safari,14.1,2
Firefox,143.0,2
UC Browser,17.0,2
Safari,17.5,2
Safari,17.7,2
Safari,18.3,2
vivo Browser,22.3,2
vivo Browser,25.7,2
Safari,26.1,2
Mobile App,83.0,2
Mobile App,87.0,2
Mobile App,90.0,2
Quark,(not set),1
(not set),(not set),1
360 Secure Browser,(not set),1
Microsoft Edge,100.0,1
Chrome,102.0,1
Microsoft Edge,105.0,1
Chrome,106.0,1
Chrome,108.0,1
MIUI Browser,11.0,1
Chrome,112.0,1
Microsoft Edge,115.0,1
Firefox,115.0,1
Safari,12.1,1
Meizu Browser,12.5,1
Opera,120.0,1
Iron,122.0,1
Mobile App,124.0,1
Chrome,124.0,1
Mobile App,126.0,1
Firefox,127.0,1
Chrome,127.0,1
Safari,13.1,1
Mobile App,130.0,1
Chrome,132.0,1
Microsoft Edge,135.0,1
AVG Secure Browser,139.0,1
vivo Browser,14.5,1
Firefox,140.0,1
Chrome,141.0,1
Chrome,142.0,1
Firefox,142.1,1
Huawei Browser Mobile,15.0,1
Safari,15.0,1
Safari,15.3,1
Safari,16.1,1
Safari,16.2,1
UC Browser,16.2,1
Safari,17.1,1
Safari,17.2,1
Safari,17.3,1
UC Browser,17.5,1
Safari,18.1,1
MIUI Browser,18.2,1
MIUI Browser,18.6,1
vivo Browser,18.7,1
QQ Browser,19.1,1
MIUI Browser,19.3,1
QQ Browser,19.6,1
MIUI Browser,19.7,1
MIUI Browser,19.8,1
vivo Browser,19.8,1
MIUI Browser,19.9,1
Sogou Explorer,2,1
Iron Mobile,2.23,1
MIUI Browser,20.0,1
vivo Browser,20.4,1
vivo Browser,20.5,1
vivo Browser,21.5,1
vivo Browser,22.9,1
vivo Browser,23.3,1
vivo Browser,24.3,1
vivo Browser,24.7,1
vivo Browser,25.0,1
vivo Browser,25.1,1
vivo Browser,25.4,1
vivo Browser,26.2,1
Firefox,5.0,1
UBrowser,6.2,1
Chrome,71.0,1
Chrome,78.0,1
Chrome,79.0,1
Firefox,79.0,1
QQ Browser,8.9,1
Chrome,80.0,1
Mobile App,85.0,1
Chrome,91.0,1
Chrome,92.0,1
Microsoft Edge,92.0,1
Opera,94.0,1
Chrome,99.0,1
