name,unique_exits,total_exits,exit_rate
/pt-br/latest/guides/installing-using-pip-and-virtual-environments/,15,15,
/pt-br/latest/tutorials/installing-packages/,13,13,
/en/latest/tutorials/installing-packages/,5,5,
/en/latest/guides/writing-pyproject-toml/,4,4,
/pt-br/latest/guides/writing-pyproject-toml/,4,4,
/pt-br/latest/tutorials/packaging-projects/,4,4,
/pt-br/latest/,3,3,
/pt-br/latest/glossary/,2,2,
/pt-br/latest/guides/analyzing-pypi-package-downloads/,2,2,
/en/latest/discussions/pip-vs-easy-install/,1,1,
/en/latest/guides/installing-using-pip-and-virtual-environments/,1,1,
/en/latest/specifications/binary-distribution-format/,1,1,
/en/latest/specifications/core-metadata/,1,1,
/en/latest/tutorials/packaging-projects/,1,1,
/ja/latest/tutorials/installing-packages/,1,1,
/pt-br/latest/discussions/deploying-python-applications/,1,1,
/pt-br/latest/guides/distributing-packages-using-setuptools/,1,1,
/pt-br/latest/guides/installing-stand-alone-command-line-tools/,1,1,
/pt-br/latest/guides/making-a-pypi-friendly-readme/,1,1,
/pt-br/latest/key_projects/,1,1,
/pt-br/latest/search/,1,1,
/pt-br/latest/specifications/glob-patterns/,1,1,
