name,visitors
Chrome,81469
Microsoft Edge,17937
Firefox,13240
Safari,10927
Yandex Browser,2137
Mobile App,1532
Opera,1309
Samsung Browser,368
UC Browser,152
Huawei Browser Mobile,105
SberBrowser,101
Brave,100
QQ Browser,96
Quark,91
vivo Browser,86
MIUI Browser,80
Smart Lenovo Browser,68
(not set),67
Avast Secure Browser,39
QtWebEngine,37
Sogou Explorer,34
Mobile Silk,31
Whale Browser,23
Opera GX,17
Android Browser,14
Norton Private Browser,14
Chromium,13
Ecosia,11
Hi Browser,11
JioSphere,9
Opera Touch,9
Huawei Browser,7
Iron,7
Kindle Browser,7
AVG Secure Browser,6
Notion,6
AdBlock Browser,5
Pale Moon,5
Phoenix Browser,5
Avira Secure Browser,4
Meizu Browser,4
surf,4
CCleaner,3
Falkon,3
Light,3
Atom,2
DuckDuckGo Privacy Browser,2
SeaMonkey,2
Sleipnir,2
115 Browser,1
Aloha Browser,1
Oculus Browser,1
Openwave Mobile Browser,1
Stargon,1
Steam In-Game Overlay,1
Waterfox,1
Xvast,1
