name,visitors,pageviews,bounce_rate,time_on_page,scroll_depth
/3/,11884,14296,55,18,74
/3/library/functions.html,7055,7696,78,128,46
/3/library/stdtypes.html,6742,7384,78,81,38
/3/tutorial/index.html,5951,7223,61,40,57
/3/library/venv.html,4542,4787,92,49,31
/3/search.html,4275,6289,39,18,46
/3/library/datetime.html,4032,4424,86,58,39
/3/library/index.html,3898,4691,60,63,42
/3/tutorial/datastructures.html,3508,3661,78,431,47
/3/library/re.html,2916,3107,87,88,40
/3/library/typing.html,2823,3086,81,120,29
/3/tutorial/,2630,3340,70,43,50
/3/tutorial/controlflow.html,2520,2660,78,138,41
/3/library/tkinter.html,2400,2705,74,63,30
/3/tutorial/introduction.html,2099,2181,76,147,57
/3/library/logging.html,2062,2192,80,72,38
/3/library/argparse.html,2042,2182,81,77,32
/3/library/pathlib.html,2038,2195,82,64,45
/3/library/random.html,2037,2135,86,144,34
/3/library/csv.html,1962,2155,87,74,43
/3/library/turtle.html,1922,2410,85,124,33
/3/library/os.html,1919,2075,75,396,36
/3/tutorial/interpreter.html,1893,1870,73,67,75
/3/library/idle.html,1781,2008,80,40,32
/3/library/exceptions.html,1773,1805,81,64,49
/3/tutorial/classes.html,1763,1783,84,107,46
/3/library/subprocess.html,1751,1928,83,62,30
/3/glossary.html,1741,1729,60,84,50
/3/library/dataclasses.html,1707,1774,85,68,35
/3/library/collections.html,1686,1762,84,84,40
/3/tutorial/errors.html,1648,1695,81,83,36
/3/library/math.html,1587,1666,85,759,36
/3/library/multiprocessing.html,1528,1721,78,80,30
/3/tutorial/inputoutput.html,1516,1533,77,70,48
/3/library/string.html,1496,1508,77,61,44
/3/reference/datamodel.html,1482,1495,74,82,51
/3/tutorial/appetite.html,1450,1313,51,71,87
/3/library/json.html,1361,1422,86,60,34
/3/library/asyncio-task.html,1342,1439,79,87,40
/3/library/threading.html,1297,1365,78,92,40
/3/tutorial/modules.html,1294,1315,80,108,51
/3/library/enum.html,1230,1286,83,58,34
/3/library/asyncio.html,1223,1416,64,38,75
/3/library/itertools.html,1191,1244,85,66,33
/3/library/time.html,1185,1246,82,61,41
/3/whatsnew/3.13.html,1166,1168,63,48,19
/3/reference/index.html,1153,1326,49,84,66
/3/library/unittest.mock.html,1106,1282,83,989,35
/3/library/os.path.html,1082,1116,81,47,50
/3/library/unittest.html,1081,1168,85,1088,26
/3/library/concurrent.futures.html,1033,1068,84,61,48
/3/library/functools.html,1018,1044,84,45,42
/3/library/sqlite3.html,999,1120,85,66,23
/3/installing/index.html,938,895,78,38,60
/3/library/sys.html,857,887,77,57,37
/3/py-modindex.html,852,947,67,31,50
/3/using/windows.html,844,899,85,65,40
/3/reference/compound_stmts.html,797,819,74,90,38
/3/library/socket.html,794,925,77,108,45
/3/tutorial/venv.html,793,814,89,61,53
/3/howto/logging.html,789,804,82,92,36
/3/contents.html,762,828,45,32,13
/3/howto/sorting.html,759,793,79,57,44
/3/library/xml.etree.elementtree.html,742,830,83,104,34
/3/reference/expressions.html,713,718,80,349,62
/3/library/pickle.html,698,724,89,51,25
/3/library/heapq.html,697,735,88,50,53
/3/library/io.html,695,738,75,47,46
/3/library/shutil.html,691,722,82,229,36
/3/reference/lexical_analysis.html,686,729,77,87,58
/3/index.html,665,755,48,19,76
/3/using/cmdline.html,661,687,79,64,35
/3/library/tempfile.html,642,698,84,46,52
/3/library/struct.html,637,676,88,190,47
/3/using/mac.html,588,624,73,64,49
/3/library/,556,679,64,65,44
/zh-cn/3/,554,718,50,17,76
/3/download.html,543,524,75,26,83
/3/library/abc.html,536,549,79,46,47
/3/library/asyncio-eventloop.html,536,586,75,59,39
/zh-cn/3/tutorial/index.html,532,593,63,41,61
/3/reference/import.html,530,516,83,240,37
/3/library/pdb.html,520,548,89,65,36
/es/3/tutorial/,519,664,62,51,52
/3/library/urllib.parse.html,512,657,86,51,44
/3/library/contextlib.html,503,513,78,64,28
/3/reference/simple_stmts.html,497,505,75,69,54
/3/library/queue.html,495,504,79,89,58
/3/library/hashlib.html,484,488,84,56,31
/3/howto/regex.html,477,458,85,123,36
/3/library/glob.html,473,470,84,64,64
/3/library/collections.abc.html,470,507,62,46,59
/3/library/copy.html,456,476,87,48,69
/3/library/zipfile.html,450,484,82,49,36
/3/using/index.html,431,483,46,18,75
/3/library/operator.html,430,433,81,42,49
/zh-cn/3/library/index.html,430,537,50,276,51
/3/library/configparser.html,422,448,84,499,31
/3/howto/argparse.html,387,367,84,104,46
/3/library/decimal.html,386,410,88,91,23
