name,visitors
Singapore,112
Ho Chi Minh City,106
Hanoi,97
Tokyo,82
Los Angeles,61
Moscow,50
Beijing,48
Shenzhen,39
Shanghai,38
London,33
Frankfurt am Main,32
Ashburn,32
Hyderabad,28
Mumbai,28
Bengaluru,28
Amsterdam,28
Ithaca,27
Seattle,27
Paris,26
New York City,26
Hong Kong,24
Chicago,24
Chengdu,23
São Paulo,22
Warsaw,21
Almaty,20
Munich,20
San Jose,20
Toronto,20
Chennai,19
Xi’an,18
Saint Petersburg,17
Kyiv,17
Da Nang,17
Columbus,17
Nur-Sultan,16
Hangzhou,16
New Delhi,15
Zürich,15
Guangzhou,14
Tel Aviv,13
Madrid,13
Delhi,12
Lagos,12
Berlin,12
Fuzhou,11
Osaka,11
Cairo,10
Nizhniy Novgorod,10
Helsinki,10
Bishkek,10
Zhengzhou,10
Wuhan,10
Seoul,10
Manchester,10
Reston,10
Boston,10
Denver,10
Noida,10
Novosibirsk,9
Tashkent,9
Haiphong,9
Taichung,9
Lisbon,9
Marseille,9
Budapest,9
Milan,9
Lima,9
Québec,9
N/A,9
Pune,8
Kuala Lumpur,8
Nanjing,8
Changsha,8
Sydney,8
Exeter,8
Vienna,8
Hamburg,8
Cape Town,8
Bogotá,8
Atlanta,8
The Dalles,8
Krasnodar,7
Bỉm Sơn,7
Suzhou,7
Seongnam-si,7
Dublin,7
Rome,7
Cartago,7
Notre Dame,7
Istanbul,6
Coimbatore,6
Kolkata,6
Jakarta,6
Taipei,6
Kaohsiung,6
Qingdao,6
Hefei,6
N/A,6
Suwon,6
Bremen,6
Mexico City,6
Baltimore,6
Dallas,6
Minneapolis,6
Berkeley,6
Kigali,5
Thiruvananthapuram,5
Zhenjiang,5
Xiamen,5
Jiaxing,5
Changzhou,5
N/A,5
Matsudo,5
Prague,5
Kraków,5
Campinas,5
Winston-Salem,5
Oakland,5
San Francisco,5
Portland,5
N/A,5
Nairobi,4
Bnei Brak,4
Giza,4
Tbilisi,4
Raigarh,4
Nandyāl,4
Cochin,4
Chilakalūrupet,4
N/A,4
Ninh Bình,4
Cần Thơ,4
Wuxi,4
Dongguan,4
N/A,4
Tripoli,4
Abidjan,4
Accra,4
Kinshasa,4
Cotonou,4
Algiers,4
Valencia,4
City of Westminster,4
Slough,4
Bristol,4
Birmingham,4
Genève,4
Stockholm,4
Linköping,4
Rotterdam,4
Breda,4
Aalsmeer,4
Brussels,4
Stuttgart,4
Leipzig,4
Brno,4
Wrocław,4
Rio de Janeiro,4
Ribeirão Preto,4
Quito,4
Bucaramanga,4
Santiago,4
Miami,4
Charlottesville,4
Cypress,4
Boardman,4
Calgary,4
Mississauga,4
Lambeth,4
Thoothukudi,4
Voronezh,3
Ufa,3
Smolensk,3
Kaliningrad,3
Izhevsk,3
Aktobe,3
Shevchenko,3
Lviv,3
Sofia,3
Pretoria,3
Johannesburg,3
Nashik,3
Nagpur,3
Bhopāl,3
Yekaterinburg,3
Chelyabinsk,3
Yangiyer,3
Shymkent,3
Kyzylorda,3
Pavlodar,3
Dongyang,3
Shijiazhuang,3
Lianyun,3
N/A,3
Yokohama,3
Ōmachi,3
Nagoya,3
N/A,3
Yaoundé,3
Luanda,3
Mafra,3
Abuja,3
Tangier,3
Oxford,3
Cambridge,3
Utrecht,3
Delft,3
Wiesbaden,3
Mainz,3
Gießen,3
Dresden,3
Bielefeld,3
Augsburg,3
Lyon,3
Bonneuil-sur-Marne,3
Bratislava,3
Toruń,3
Poznań,3
Gdynia,3
Gdańsk,3
Pamplona,3
Oslo,3
Desio,3
Mercedes,3
Montevideo,3
Cuernavaca,3
Guayaquil,3
Washington,3
Inverness,3
Acworth,3
Pennsauken,3
Cincinnati,3
N/A,3
Austin,3
Washington,3
Battle Creek,3
Newark,3
Brooklyn,3
Phoenix,3
Mountain View,3
Santa Clara,3
Colorado Springs,3
Vancouver,3
Birchwil,3
N/A,3
Medina,2
Dar es Salaam,2
Muscat,2
Sharjah,2
Ajman City,2
Abu Dhabi,2
Ramat Gan,2
Ankara,2
Addis Ababa,2
Yaroslavl,2
Voskresensk,2
Vologda,2
Volgograd,2
Vladimir,2
Tambov,2
Samara,2
Perm,2
Orël,2
Kirov,2
Kazan,2
Istra,2
Apatity,2
Yerevan,2
Minsk,2
Espoo,2
Iaşi,2
Bucharest,2
Odessa,2
N/A,2
Horodok,2
Szeged,2
Wiązowna,2
Rzeszów,2
Olsztyn,2
Nowy Sącz,2
Białystok,2
N/A,2
Gujar Khan,2
Faisalabad,2
Visakhapatnam,2
Varanasi,2
Sivakasi,2
Ranchi,2
Raipur,2
Pathanāmthitta,2
Meerut,2
Mangalore,2
Kozhikode,2
Kanpur,2
Kanniyākumāri,2
Jodhpur,2
Jaipur,2
Gurgaon,2
Guntur,2
