name,visitors
São Paulo,20854
Rio de Janeiro,8451
Ho Chi Minh City,7437
Mumbai,7009
Hanoi,6860
Kuala Lumpur,5752
New Delhi,5480
Bengaluru,4997
Delhi,4948
Pune,4689
Jakarta,4549
Kolkata,4443
Belo Horizonte,4273
Hyderabad,4094
Quito,4048
Curitiba,4023
Brasília,4012
Lima,3808
Guayaquil,3525
Porto Alegre,3286
Jaipur,3284
Lucknow,3250
Dhaka,2970
Kathmandu,2930
Istanbul,2910
Campinas,2778
Guarulhos,2772
Ahmedabad,2760
Salvador,2566
Santiago,2307
Asunción,2209
Montevideo,1990
Kanpur,1930
N/A,1921
Fortaleza,1919
Medellín,1881
Ribeirão Preto,1869
Chennai,1845
Patna,1840
Surat,1811
Johannesburg,1771
Santo André,1742
Quezon City,1740
Moscow,1696
Petaling Jaya,1685
Dubai,1654
Goiânia,1639
Bogotá,1637
Ashburn,1587
Cape Town,1530
Bangkok,1523
Bandung,1521
Caxias do Sul,1515
Sorocaba,1501
Osasco,1468
Kota Kinabalu,1463
Nagpur,1455
Bauru,1447
São Bernardo do Campo,1444
Vadodara,1426
Ludhiāna,1426
Indore,1411
Manila,1411
Cairo,1401
Ranchi,1379
Surabaya,1364
Joinville,1318
Warsaw,1288
Chandīgarh,1254
Karachi,1247
Santo Domingo,1238
Duque de Caxias,1223
Buenos Aires,1219
Riyadh,1198
Recife,1196
Bhubaneshwar,1177
Amman,1152
Volta Redonda,1148
Uberlândia,1124
Nova Iguaçu,1112
Sumaré,1093
São José dos Campos,1074
Casablanca,1055
Juiz de Fora,1053
Piracicaba,1052
Caracas,1043
Noida,1026
São Gonçalo,1023
Jeddah,1006
Singapore,1003
Florianópolis,993
Phnom Penh,981
Kyiv,975
Hortolândia,970
Maceió,955
Baghdad,954
Jodhpur,954
Da Nang,946
Dehra Dūn,928
Lahore,920
N/A,908
Itajaí,907
Meerut,905
Nairobi,890
Blumenau,877
Madrid,874
Jalandhar,870
Cabo Frio,865
Chicago,859
Aracaju,845
Manaus,844
Athens,839
Jundiaí,829
Aurangabad,824
Belgrade,819
Dakar,808
Contagem,808
Ankara,801
Carapicuíba,799
Campos dos Goytacazes,798
Montes Claros,795
La Plata,794
Novo Hamburgo,787
Tunis,767
Praia Grande,767
Los Angeles,766
São José do Rio Preto,765
Prague,751
N/A,750
Houston,746
Abu Dhabi,738
Betim,736
Pelotas,735
Panamá,730
Agra,725
Davao,725
Lanús,719
Rājkot,715
Minsk,713
Colombo,708
Tashkent,707
Santos,705
Natal,702
Bridgetown,694
Subang Jaya,693
Niterói,692
Quilmes,688
Franca,688
Nashik,687
Doha,685
Cotia,682
Limeira,680
Kuwait City,677
Córdoba,677
Mauá,670
Raipur,669
Benito Juarez,664
Itaquaquecetuba,659
Indaiatuba,659
New York City,653
Rio Grande,649
Lisbon,646
Ourinhos,645
San José,637
Passo Fundo,636
Budapest,633
Taboão da Serra,623
Diadema,623
Bragança Paulista,623
Atlanta,622
São Vicente,621
Nova Friburgo,621
Cali,618
Ipatinga,615
Gurgaon,613
Maringá,612
Tbilisi,611
Canoas,611
Londrina,609
Karnāl,607
Taubaté,606
Santa Maria,606
Malang,600
Mogi das Cruzes,599
Florencio Varela,596
İzmir,593
Teresina,592
Medan,591
Algiers,578
Marília,577
N/A,575
Bucharest,574
Viamão,574
Semarang,571
Ghāziābād,569
Maldonado,569
Guarujá,567
Guatemala City,565
Coimbatore,562
Serra,562
Feira de Santana,559
Bhopāl,557
Haiphong,557
San Salvador,552
Rome,547
São José dos Pinhais,547
Ciudad del Este,545
Petrópolis,545
Frankfurt am Main,542
Philadelphia,542
Barranquilla,541
Bekasi,540
Dublin,536
Tirana,535
Sofia,534
Ulan Bator,530
João Pessoa,528
Belford Roxo,528
Paris,527
Camaçari,527
Visakhapatnam,526
Rosario,525
Cebu City,524
Suzano,524
Lomas de Zamora,523
Taipei,520
Imperatriz,520
São João de Meriti,520
Kingston,519
Guadalajara,516
Tangerang,514
Phoenix,514
San Miguel de Tucumán,513
Bandar Seri Begawan,511
Gustavo Adolfo Madero,511
N/A,511
Guwahati,505
N/A,501
Mohali,501
Uberaba,499
N/A,498
Milan,497
Sharjah,496
Ribeirão das Neves,494
Campo Grande,491
Dallas,488
Erbil,487
Durban,486
Cuenca,486
Yogyakarta,485
Brooklyn,482
Campina Grande,480
Dammam,478
Barcelona,475
Vila Velha,473
Anápolis,473
La Paz,468
Cochin,466
Cagayan de Oro,466
Chapecó,466
N/A,463
Araraquara,463
Monterrey,463
Baku,462
N/A,459
Miami,459
Cuiabá,456
Port of Spain,452
Mendoza,452
Vitória da Conquista,451
Tarlac City,449
N/A,444
Riga,442
Araçatuba,436
Islamabad,435
Gravataí,432
Sete Lagoas,431
Santa Luzia,431
Las Vegas,428
N/A,427
Aparecida de Goiânia,426
Berazategui,425
Brussels,424
Resistencia,424
Ponta Grossa,424
São Luís,423
Jacareí,423
San Bernardo,421
Auckland,420
Tijuana,420
Taichung,418
Barueri,417
N/A,414
Americana,412
Petrolina,411
São Leopoldo,409
Lavras,407
N/A,407
Ipoh,406
Macaé,405
