name,visitors,bounce_rate,visit_duration
Direct / None,9911,61,761
python.org,2379,74,158
Google,762,70,603
Bing,186,57,397
Baidu,97,79,150
GitHub,53,58,406
chatgpt.com,33,33,464
Brave,27,67,264
DuckDuckGo,22,0,668
Yandex,18,0,418
wiki.python.org,15,0,435
peps.python.org,13,80,408
Yahoo!,11,100,338
doubao.com,11,0,247
python.it,9,29,268
translations.python.org,9,0,990
foad.univ-rennes.fr,8,100,262
qiita.com,8,50,886
link.zhihu.com,7,100,287
lms.kyonggi.ac.kr,7,25,292
pythoninsider.blogspot.com,6,100,60
Microsoft Teams,5,100,26
Perplexity,5,0,1369
codecademy.cn,5,0,131
python.github.net.cn,5,0,392
typing-extensions.readthedocs.io,5,100,0
127.0.0.1,4,67,7
Qwant,4,0,1540
cs50.harvard.edu,4,0,1138
devdocs.io,4,50,8
discourse.uio.no,4,100,0
facebook.github.io,4,75,200
netacad.com,4,0,72
360.cn,3,0,348
Amazon,3,100,0
Facebook,3,100,20
Youtube,3,100,213
ametice.univ-amu.fr,3,100,0
meet.energizavirtual.cl,3,100,1
roadmap.sh,3,0,230
21sc1rsid.pages.forge.hefr.ch,2,0,2769
Twitter,2,50,826
Wikipedia,2,0,178
astral.sh,2,50,14
byhy.net,2,0,7
community.ibm.com,2,50,15
copilot.microsoft.com,2,0,50
cursos.alura.com.br,2,0,944
discuss.python.org,2,100,175
docs.astral.sh,2,100,0
edube.org,2,0,271
educaciodigital.cat,2,100,0
es.python.org,2,0,607
fastapi.tiangolo.com,2,0,54
idealab.alibaba-inc.com,2,0,16
kivy.org,2,0,124
letus.ed.tus.ac.jp,2,100,0
liaoxuefeng.com,2,0,17
link.csdn.net,2,0,94
lmarena.ai,2,50,584
networkx.org,2,0,16
notebooks.githubusercontent.com,2,0,16
openclassrooms.com,2,0,8
python-basics-tutorial.readthedocs.io,2,100,0
pythonprogressivo.net,2,0,28
pytutorial-it.readthedocs.io,2,0,1818
realpython.com,2,0,1632
safe.menlosecurity.com,2,50,1056
sonarqube.us,2,100,604
tonybaloney.github.io,2,100,0
udemy.com,2,0,2
yuque.com,2,0,1066
Coccoc,1,100,0
Ecosia,1,0,509
Hacker News,1,0,10
LinkedIn,1,100,0
Naver,1,0,209
Sogou,1,0,8
StackOverflow,1,100,0
ai.jtcloud.tw,1,0,15
app.jedha.co,1,0,6
baike.baidu.com,1,0,236
beta.lmarena.ai,1,0,801
blog.python.org,1,0,20
boot.dev,1,0,120
cavlfo.apprentissageelectroniqueontario.ca,1,0,7
cdn.evg.gov.br,1,0,796
cedric.cnam.fr,1,0,47
changelog.alwaysdata.com,1,0,6
chat.baidu.com,1,0,0
chatgic,1,0,23
claude.ai,1,0,178
cnblogs.com,1,0,92
codedex.io,1,0,0
coderivers.org,1,0,14
codeur-com-blog,1,0,13
corsi.unige.it,1,0,369
cs61a.org,1,0,250
cvtic.unilim.fr,1,0,547
datacamp.com,1,0,0
datanerd.pl,1,0,17
discordpy.readthedocs.io,1,0,26
django-ninja.dev,1,0,0
docs-python-org.translate.goog,1,0,13
docs.aiogram.dev,1,0,364
docs.lextudio.com,1,100,0
docs.simpeg.xyz,1,0,1185
docstring.fr,1,0,361
eclass.aueb.gr,1,0,10
flask.palletsprojects.com,1,0,34
freecodecamp.org,1,0,511
gameworkslab.jp,1,0,913
graduacao.cederj.edu.br,1,0,303
ikun.space,1,0,15
inference.roboflow.com,1,0,137
isc.huawei.com,1,0,23
julian.ac,1,100,0
jupyterhub.shuishan.net.cn,1,0,0
kademlia.readthedocs.io,1,0,104
km.netease.com,1,0,0
lec.inf.ethz.ch,1,0,105
link.gitcode.com,1,0,13
login.microsoftonline.com,1,0,622
lxp.upgrad.com,1,0,1499
medium.com,1,100,0
metanit.com,1,0,83
moodle.bath.ac.uk,1,0,90
moodle.glos.ac.uk,1,0,75
mostlypython.com,1,0,8379
namu.wiki,1,0,0
nanotutoriales.com,1,0,155
nerdydev.blog,1,100,0
nicholashairs.com,1,100,0
note.nkmk.me,1,0,1934
oneroadmap.io,1,0,14
oneschema.co,1,0,2061
packaging.python.org,1,0,229
padlet.com,1,0,2051
pandas.pydata.org,1,0,1820
pangu-chat.tools.huawei.com,1,0,99
pip.pypa.io,1,0,21
prog2.proglab.nl,1,100,0
psycopg.org,1,100,0
publish.obsidian.md,1,0,82
pyformat.info,1,0,11
pyodide.org,1,0,519
python-forum.io,1,100,0
python.org.,1,100,0
pyvo.cz,1,0,11
pyzstd.readthedocs.io,1,0,441
qa.pages.debian.net,1,0,142
qianwen.com,1,100,0
quark.cn,1,0,1126
reference.langchain.com,1,0,728
robotframework.org,1,0,297
serveur-app.ecole.ensicaen.fr,1,100,0
sphinx-doc.org,1,0,19
static.oschina.net,1,0,53
strapi.io,1,0,8
test.python.org,1,0,38
to.infn.it,1,0,5
traitlets.readthedocs.io,1,0,223
tweakers.net,1,100,0
ucb.instructure.com,1,0,28
unisabanae-learning.unisabana.edu.co,1,0,273
uniteus.atlassian.net,1,0,39
web.dio.me,1,0,22
wesmckinney.com,1,0,417
yuanbao.tencent.com,1,0,63
