name,visitors,bounce_rate,visit_duration
Google,927,73,149
Direct / None,308,66,242
Baidu,76,88,53
Bing,29,67,176
python.org,24,0,520
chatgpt.com,16,73,79
wikidocs.net,16,63,156
codeup.kr,9,89,1
codeit.kr,8,89,16
velog.io,6,100,0
blog.naver.com,5,50,791
namu.wiki,5,0,451
GitHub,4,50,2944
dgscience-hs.goorm.io,4,40,303
Daum,2,100,0
cafe.naver.com,2,100,0
clien.net,2,50,737
cppdeveloper.tistory.com,2,50,373
kdw9502.tistory.com,2,100,0
Perplexity,1,100,0
Yahoo!,1,0,274
Yandex,1,0,10
bab2min.github.io,1,100,0
blockdmask.tistory.com,1,100,0
books.weniv.co.kr,1,100,0
boostcourse.org,1,100,0
brunch.co.kr,1,100,0
bugdict.tistory.com,1,0,371
claude.ai,1,0,286
cnu-computer-physics.github.io,1,100,0
dev-jy.tistory.com,1,100,0
discuss.python.org,1,0,763
ecampus.ut.ac.kr,1,0,7
gall.dcinside.com,1,100,0
iseunghan.tistory.com,1,100,0
jammdev.tistory.com,1,100,0
jongsky.tistory.com,1,100,0
knu.moducoding.com,1,0,45
lgdisplay.webex.com,1,100,0
medium.com,1,0,137
minding-deep-learning.tistory.com,1,100,0
moons-rainbow.tistory.com,1,100,0
oss.fin.navercorp.com,1,100,0
park-duck.tistory.com,1,100,0
pkgpl.org,1,100,0
pylife.tistory.com,1,100,0
realpython.com,1,0,1878
simryang.tistory.com,1,100,0
