name,visitors,bounce_rate,visit_duration
Google,83109,75,171
Direct / None,37035,66,206
Bing,7185,72,164
python.org,4367,51,182
Yandex,3650,76,125
DuckDuckGo,3240,71,216
Baidu,1653,74,75
chatgpt.com,1154,63,172
GitHub,719,74,114
Reddit,610,77,179
boot.dev,565,67,249
cs50.harvard.edu,547,58,417
Ecosia,455,76,161
udemy.com,441,80,143
pandas.pydata.org,376,81,109
Yahoo!,301,73,177
matplotlib.org,282,85,72
qiita.com,256,75,226
note.nkmk.me,250,80,122
Twitter,209,94,3
discuss.python.org,201,77,170
realpython.com,199,65,274
Microsoft Teams,190,79,129
wiki.python.org,180,56,213
pip.pypa.io,177,73,75
code.visualstudio.com,158,81,117
netacad.com,137,82,44
docs.pydantic.dev,132,80,165
roadmap.sh,125,69,235
Brave,123,75,155
Qwant,123,68,504
pytorch.org,118,83,67
Youtube,115,70,131
numpy.org,109,73,224
codecademy.com,107,83,89
pytest-mock.readthedocs.io,104,50,328
my.uopeople.edu,91,61,141
pypi.org,80,84,137
python.p2hp.com,76,27,287
es.python.org,75,44,162
peps.python.org,75,69,127
endler.dev,73,66,98
flask.palletsprojects.com,71,72,144
scikit-learn.org,71,80,82
packaging.python.org,68,69,169
learn.microsoft.com,67,86,54
link.zhihu.com,65,63,90
jupyter.org,64,77,185
airflow.apache.org,62,95,8
StackOverflow,56,75,591
app.aluracursos.com,56,81,237
doubao.com,52,55,151
fastapi.tiangolo.com,52,83,37
cursos.alura.com.br,51,74,354
medium.com,51,82,105
Shenma,46,72,7
learn.zybooks.com,46,67,194
docs.pytest.org,45,70,339
notebooks.githubusercontent.com,43,77,95
code-basics.com,42,90,26
habr.com,41,72,125
link.csdn.net,41,73,73
pygame.org,40,90,40
odoo.com,39,85,131
networkx.org,38,76,8
Wikipedia,37,82,79
edube.org,36,81,55
sphinx-doc.org,36,58,154
Perplexity,34,76,166
py.mit.edu,34,69,119
Amazon,33,85,48
docs.ansible.com,33,88,111
google.github.io,33,85,110
kivy.org,33,53,107
codedex.io,32,70,133
LinkedIn,31,74,492
freecodecamp.org,31,91,86
leetcode.com,31,91,44
openclassrooms.com,31,76,99
python.jp,31,52,165
edu.hse.ru,30,80,208
Facebook,28,75,32
moodle.bogazici.edu.tr,28,58,261
intranet.alxswe.com,27,76,132
runoob.com,27,48,107
sky.pro,27,83,15
yuanbao.tencent.com,27,65,138
360.cn,26,65,153
digitalocean.com,26,74,89
docs.astral.sh,25,84,128
qna.habr.com,25,72,93
lms.skillfactory.ru,24,72,59
mne.tools,24,92,116
gstatic.com,23,73,96
python-forum.io,23,70,160
ru.hexlet.io,23,77,139
utokyo-ipp.github.io,23,75,207
developer.mozilla.org,22,59,342
discordpy.readthedocs.io,22,62,254
docs.pola.rs,22,91,52
hackerrank.com,22,86,139
microsoft.github.io,22,73,162
huggingface.co,21,81,154
skillbox.ru,21,71,28
confluence.ecmwf.int,20,86,4
learn.lewagon.com,20,48,380
statsmodels.org,20,80,30
127.0.0.1,19,74,291
docs.scrapy.org,19,79,64
namu.wiki,19,68,32
websockets.readthedocs.io,19,58,260
liaoxuefeng.com,18,84,6
pillow.readthedocs.io,18,74,34
python.it,18,84,24
home-assistant.io,17,74,59
jinja.palletsprojects.com,17,71,128
superfastpython.com,17,67,321
app.dataquest.io,16,65,316
chokkan.github.io,16,53,318
claude.ai,16,59,402
datacamp.com,16,81,90
mastergroosha.github.io,16,82,160
paiza.jp,16,75,25
pytorch-geometric.readthedocs.io,16,88,9
theforage.com,16,81,36
w3schools.com,16,94,23
cantera.org,15,69,120
docs.xarray.dev,15,93,1
loguru.readthedocs.io,15,87,164
robotframework.org,15,88,50
s3.eu-west-1.amazonaws.com,15,20,217
strftime.org,15,80,145
ai.pydantic.dev,14,86,24
blog.csdn.net,14,79,66
byhy.net,14,93,3
discuss.streamlit.io,14,79,8
elearn.epam.com,14,74,283
psycopg.org,14,79,168
upgrad.com,14,69,132
wikidocs.net,14,79,121
amuletmc.com,13,69,10
pro.arcgis.com,13,87,5
programiz.com,13,77,87
pythoncheatsheet.org,13,54,51
urllib3.readthedocs.io,13,62,198
wcls.iwate-pu.ac.jp,13,44,566
chat.baidu.com,12,58,218
courses.edx.org,12,100,0
docs.python-telegram-bot.org,12,69,136
docs.vllm.ai,12,93,11
lms.ynu.ac.jp,12,42,458
pyformat.info,12,92,94
pymupdf.readthedocs.io,12,92,13
safe.menlosecurity.com,12,75,512
teratail.com,12,92,1
typing.python.org,12,83,12
devguide.python.org,11,55,616
epochconverter.com,11,91,121
learnpython.org,11,45,36
lightning.ai,11,91,35
mypy.readthedocs.io,11,73,160
selenium-python.readthedocs.io,11,91,7
virtualenv.pypa.io,11,82,18
Coccoc,10,90,204
courses.campus.gov.il,10,54,190
docs.circuitpython.org,10,90,1
elasticsearch-py.readthedocs.io,10,60,16
hiladental.co.il,10,56,935
l.workplace.com,10,64,490
reflex.dev,10,100,0
Gmail,9,78,51
academy.zerotomastery.io,9,75,139
arrow.apache.org,9,80,5
chat.qwen.ai,9,56,295
copilot.microsoft.com,9,80,260
cs.sjtu.edu.cn,9,44,86
docs.sqlalchemy.org,9,80,106
docs.telethon.dev,9,44,143
ellibrodepython.com,9,80,3
exercism.org,9,56,311
forums.raspberrypi.com,9,44,352
optuna.readthedocs.io,9,67,42
plotly.com,9,89,94
pymongo.readthedocs.io,9,89,2
pyserial.readthedocs.io,9,80,59
python-can.readthedocs.io,9,78,338
tornadoweb.org,9,100,0
ttkbootstrap.readthedocs.io,9,100,0
typing-extensions.readthedocs.io,9,78,29
vmtw.codetantra.com,9,60,187
xlsxwriter.readthedocs.io,9,89,62
blog.naver.com,8,50,24
byui-cse.github.io,8,62,546
docs.aiogram.dev,8,75,18
docs.aiohttp.org,8,62,480
docs.snowflake.com,8,62,196
docs.sympy.org,8,62,337
lernraum.th-luebeck.de,8,50,292
mike-diaz006.medium.com,8,75,188
moodle-campusvirtualmexico.s3.amazonaws.com,8,44,57
online-edu.mirea.ru,8,0,289
openseespydoc.readthedocs.io,8,89,1
py24.fr.to,8,56,145
pylint.readthedocs.io,8,88,4
python-httpx.org,8,75,161
techradar.com,8,50,74
tutorials.chainer.org,8,44,661
web.dio.me,8,89,100
Daum,7,100,0
Lilo,7,71,136
Quora,7,57,227
Threads,7,100,0
atmarkit.itmedia.co.jp,7,88,16
cnblogs.com,7,71,48
codecademy-enterprise.percipio.com,7,86,14
courses.grainger.illinois.edu,7,71,54
cs111.byu.edu,7,57,89
doc.qt.io,7,86,76
docs.python-guide.org,7,71,137
docs.ray.io,7,86,1
docs.ros.org,7,88,66
ecursos.claseejecutiva.cl,7,29,398
faker.readthedocs.io,7,57,124
forum.djangoproject.com,7,71,30
ithelp.ithome.com.tw,7,71,459
langchain-ai.github.io,7,86,6
learning.ccbp.in,7,71,132
nomadcoders.co,7,89,13
notion.so,7,50,144
open.uom.lk,7,100,0
openstax.org,7,43,82
pre-commit.com,7,86,263
pygmt.org,7,86,0
runestone.academy,7,71,28
sejuku.net,7,29,898
skilio.com,7,67,15
source.android.com,7,57,19
statics.gov.teams.microsoft.us,7,71,84
steam.oxxostudio.tw,7,57,404
structlog.org,7,71,641
textual.textualize.io,7,50,492
Hacker News,6,100,0
Sogou,6,50,188
Telegram,6,86,5
Vkontakte,6,71,91
almdrasa.com,6,67,87
anyio.readthedocs.io,6,83,910
apscheduler.readthedocs.io,6,83,2
blackbox.ai,6,100,0
blog.edward-li.com,6,83,228
bugs.python.org,6,50,80
cheatsheetseries.owasp.org,6,67,98
cloud.tencent.com,6,83,3
cms.unir.net,6,62,183
code.s3.yandex.net,6,43,195
codedamn.com,6,83,7
codewars.com,6,83,1034
coze.cn,6,83,2
docs.gunicorn.org,6,50,303
ecollege.etbonline.ie,6,83,170
elearn.ncut.edu.tw,6,88,438
geeksforgeeks.org,6,67,94
go.skillbox.ru,6,62,56
hub-03.stackfuel.com,6,100,0
kloud.edukate.ai,6,83,1
learn.nvidia.com,6,83,12
learncodethehardway.com,6,83,297
moodle2025.wakayama-u.ac.jp,6,100,0
nhairs.github.io,6,67,348
on.fiap.com.br,6,100,0
overleaf.com,6,100,0
pyjwt.readthedocs.io,6,100,0
python-patterns.guide,6,67,65
scanpy.readthedocs.io,6,100,0
secureflag.com,6,71,52
wenxiaobai.com,6,83,32
werkzeug.palletsprojects.com,6,50,149
Exinfluencer,5,100,0
aiokafka.readthedocs.io,5,60,64
aprender3.unb.br,5,67,1064
atcoder.jp,5,83,17
bbgithub.dev.bloomberg.com,5,17,1422
cryptography.io,5,100,0
cs.swarthmore.edu,5,60,225
django-rest-framework.org,5,100,0
dnmtechs.com,5,40,334
docs.astropy.org,5,100,0
docs.cocotb.org,5,100,0
docs.marimo.io,5,60,641
docs.redhat.com,5,80,358
educacionadistancia.juntadeandalucia.es,5,80,3
enki,5,100,0
gale.udemy.com,5,83,4
isaac-sim.github.io,5,80,140
learn-us-east-1-prod-fleet02-xythos.content.blackboardcdn.com,5,50,138
link.juejin.cn,5,80,25
login.microsoftonline.com,5,80,243
m.blog.naver.com,5,80,99
metanit.com,5,60,61
mpi4py.readthedocs.io,5,100,0
