name,version,visitors
Chrome,136.0,66927
Chrome,137.0,20632
Microsoft Edge,136.0,19555
Firefox,138.0,7338
Safari,18.5,6892
Firefox,139.0,6284
Chrome,135.0,4408
Yandex Browser,25.4,2055
Safari,18.4,1899
Firefox,128.0,1855
Chrome,134.0,1779
Mobile App,(not set),1407
Microsoft Edge,137.0,1368
Safari,18.3,987
Chrome,131.0,900
Opera,119.0,851
Chrome,133.0,800
Microsoft Edge,135.0,730
Chrome,132.0,633
Opera,118.0,630
Firefox,136.0,624
Safari,17.6,543
Chrome,109.0,537
Firefox,137.0,480
Safari,18.1,387
Chrome,130.0,385
Chrome,128.0,359
Chrome,122.0,352
Chrome,124.0,329
Safari,16.6,324
Samsung Browser,28.0,323
Microsoft Edge,134.0,309
Safari,19.0,278
Mobile App,136.0,265
Chrome,126.0,263
Chrome,129.0,261
Safari,17.5,260
Firefox,135.0,242
Yandex Browser,25.2,226
Firefox,115.0,216
Safari,18.2,212
UC Browser,17.6,194
Safari,18.0,191
Safari,(not set),174
Chrome,127.0,171
Firefox,140.0,164
Safari,15.6,158
Safari,17.4,155
Chrome,125.0,141
Chrome,119.0,131
Microsoft Edge,133.0,131
Chrome,120.0,129
Chrome,123.0,128
Chrome,117.0,118
Microsoft Edge,131.0,111
Firefox,134.0,110
SberBrowser,26.0,107
Smart Lenovo Browser,9.0,105
Chrome,116.0,101
Microsoft Edge,132.0,100
Chrome,121.0,99
Chrome,138.0,95
Safari,17.2,91
Firefox,138.3,90
Safari,17.1,88
Safari,17.3,86
Quark,(not set),82
Chrome,114.0,81
Brave,(not set),76
Chrome,118.0,73
Yandex Browser,24.10,69
(not set),(not set),68
Safari,16.3,66
Microsoft Edge,130.0,65
Chrome,112.0,63
Microsoft Edge,128.0,60
Firefox,133.0,59
Chrome,103.0,57
Chrome,92.0,57
Microsoft Edge,122.0,54
Mobile App,130.0,54
Safari,16.1,53
Microsoft Edge,129.0,52
Huawei Browser Mobile,16.0,50
Yandex Browser,24.12,50
Firefox,130.0,49
Mobile App,97.0,49
Chrome,86.0,46
Chrome,91.0,46
Firefox,131.0,45
Yandex Browser,25.43,43
Opera,89.0,43
Chrome,108.0,42
Safari,16.0,42
Microsoft Edge,126.0,41
Safari,16.5,41
Chrome,96.0,41
Firefox,132.0,40
Microsoft Edge,100.0,39
Microsoft Edge,127.0,39
Safari,17.0,39
Whale Browser,4.31,39
Microsoft Edge,109.0,37
Microsoft Edge,138.0,37
Microsoft Edge,92.0,37
Chrome,111.0,36
Safari,18.6,36
Mobile App,114.0,35
Chrome,106.0,33
Yandex Browser,24.7,33
Microsoft Edge,124.0,32
Avast Secure Browser,136.0,31
Sogou Explorer,2,31
Firefox,129.0,30
Chrome,87.0,29
Samsung Browser,27.0,28
Firefox,113.0,27
MIUI Browser,19.5,27
Quark,7.12,27
Chrome,107.0,26
Safari,17.11,26
Chrome,102.0,24
Chrome,95.0,23
Chrome,115.0,22
vivo Browser,24.6,22
Chrome,110.0,21
SberBrowser,27.0,21
Firefox,127.0,20
Opera GX,2.7,20
Chromium,(not set),19
Microsoft Edge,123.0,19
vivo Browser,14.0,19
Huawei Browser Mobile,15.0,19
Yandex Browser,23.7,19
Firefox,109.0,18
Microsoft Edge,114.0,18
Microsoft Edge,120.0,18
Safari,14.1,18
Firefox,141.0,18
Safari,17.8,18
Chrome,101.0,17
Microsoft Edge,113.0,17
Chrome,113.0,17
Mobile App,126.0,17
Safari,16.2,17
Yandex Browser,23.9,17
Opera,95.0,17
Chrome,105.0,16
Mobile App,116.0,16
Firefox,123.0,16
Yandex Browser,24.1,16
Firefox,102.0,15
Microsoft Edge,121.0,15
Firefox,125.0,15
Safari,16.4,15
Chrome,104.0,14
Firefox,126.0,14
Mobile Silk,134.4,14
MIUI Browser,14.10,14
UC Browser,17.5,14
Mobile App,83.0,14
Chrome,100.0,13
Firefox,120.0,13
Ecosia,129.0,13
AVG Secure Browser,136.0,13
Quark,7.11,13
Opera,117.0,12
Safari,13.1,12
QQ Browser,13.7,12
Safari,17.7,12
QQ Browser,19.2,12
Yandex Browser,25.3,12
Chrome,93.0,12
Chrome,97.0,12
Chrome,99.0,12
Safari,10.0,11
Mobile App,103.0,11
Mobile App,109.0,11
Huawei Browser,12.1,11
Microsoft Edge,125.0,11
Firefox,138,11
Chrome,139.0,11
Safari,15.3,11
Safari,15.4,11
Yandex Browser,24.4,11
Chrome,(not set),10
Microsoft Edge,107.0,10
Firefox,116.0,10
Microsoft Edge,117.0,10
Firefox,119.0,10
Mobile App,120.0,10
MIUI Browser,14.33,10
Yandex Browser,25.20,10
Samsung Browser,26.0,10
QQ Browser,6.2,10
QtWebEngine,6.8,10
Firefox,78.0,10
Chrome,81.0,10
Mobile App,117.0,9
Safari,12.1,9
Microsoft Edge,18.18363,9
Yandex Browser,24.6,9
Mobile App,92.0,9
Microsoft Edge,110.0,8
Opera,114.0,8
Microsoft Edge,116.0,8
Firefox,117.0,8
Microsoft Edge,119.0,8
Norton Private Browser,136.0,8
Safari,15.5,8
Safari,17.13,8
Yandex Browser,23.11,8
Chrome,83.0,8
Chrome,90.0,8
Firefox,91.0,8
Microsoft Edge,98.0,8
Opera,102.0,7
Microsoft Edge,118.0,7
Firefox,121.0,7
Chrome,136,7
Phoenix Browser,18.4,7
Yandex Browser,23.5,7
vivo Browser,24.7,7
DuckDuckGo Privacy Browser,5,7
Chrome,53.0,7
Opera,88.0,7
Chrome,88.0,7
Opera,91.0,7
Mobile App,101.0,6
Microsoft Edge,111.0,6
Firefox,111.0,6
Microsoft Edge,115.0,6
Opera,116.0,6
Firefox,118.0,6
Mobile App,125.0,6
QQ Browser,13.5,6
CCleaner,136.0,6
Mobile App,137.0,6
Huawei Browser Mobile,14.0,6
UC Browser,14.5,6
QQ Browser,19.1,6
Yandex Browser,22.11,6
Samsung Browser,24.0,6
Yandex Browser,24.9,6
vivo Browser,4.9,6
Firefox,52.0,6
Chrome,78.0,6
Chrome,85.0,6
Chrome,94.0,6
Opera,106.0,5
Firefox,108.0,5
Firefox,124.0,5
QQ Browser,13.4,5
Mobile App,131.0,5
Avast Secure Browser,131.0,5
Mobile App,135.0,5
Safari,15.1,5
Microsoft Edge,16.16299,5
UC Browser,17.4,5
QQ Browser,19.0,5
Samsung Browser,21.0,5
Samsung Browser,22.0,5
vivo Browser,23.4,5
Yandex Browser,24.120,5
vivo Browser,24.5,5
Opera Touch,5.5,5
Mobile App,87.0,5
Firefox,88.0,5
Chrome,89.0,5
Microsoft Edge,90.0,5
Opera,90.1,5
Firefox,100.0,4
Microsoft Edge,103.0,4
Firefox,104.0,4
Mobile App,104.0,4
Microsoft Edge,106.0,4
Firefox,110.0,4
Firefox,114.0,4
Norton Private Browser,134.0,4
Chrome,137,4
Firefox,137.2,4
Safari,14.0,4
MIUI Browser,14.32,4
Safari,15.0,4
Microsoft Edge,17.17134,4
UC Browser,17.3,4
Microsoft Edge,18.17763,4
Microsoft Edge,18.18362,4
MIUI Browser,19.4,4
SberBrowser,20.0,4
Yandex Browser,23.1,4
Yandex Browser,23.114,4
SberBrowser,24.0,4
Yandex Browser,24.77,4
Samsung Browser,25.0,4
Notion,4.11,4
QtWebEngine,5.15,4
QtWebEngine,6.9,4
Quark,7.8,4
Chrome,74.0,4
