name,visitors,bounce_rate,visit_duration
Direct / None,10051,63,654
python.org,2156,73,157
Google,816,72,556
Bing,193,68,458
Baidu,94,93,96
127.0.0.1,59,90,30
GitHub,43,68,185
DuckDuckGo,35,50,401
chatgpt.com,35,56,917
Brave,23,100,568
wiki.python.org,21,0,676
Yandex,16,100,367
doubao.com,15,100,194
peps.python.org,13,91,96
translations.python.org,11,0,686
typing-extensions.readthedocs.io,10,91,66
devdocs.io,9,56,104
lms.kyonggi.ac.kr,8,56,98
vanier.users.greyc.fr,8,25,258
cvtic.unilim.fr,7,57,26
discuss.python.org,6,33,156
Yahoo!,5,100,323
app.goto.com,5,60,36
link.zhihu.com,5,33,1618
roadmap.sh,5,0,532
udemy.com,5,0,10
Qwant,4,0,1647
Twitter,4,100,4
Youtube,4,0,66
cs50.harvard.edu,4,0,750
facebook.github.io,4,67,8
link.csdn.net,4,0,38
openclassrooms.com,4,0,757
python.it,4,100,300
realpython.com,4,50,1174
codecademy.cn,3,0,1447
docs.astral.sh,3,100,0
es.python.org,3,0,371
moodle.gtiit.edu.cn,3,0,37
moodle.polito.it,3,0,98
namu.wiki,3,0,734
pypi.org,3,0,1324
qianwen.com,3,0,1230
Ecosia,2,0,244
Perplexity,2,100,29
Reddit,2,100,44
ametice.univ-amu.fr,2,100,0
astral.sh,2,0,150
automatetheboringstuff.com,2,0,262
blog.csdn.net,2,0,6890
cdn.evg.gov.br,2,0,90
cenfipe.sharepoint.com,2,50,12
chal0037,2,0,4499
chat.baidu.com,2,100,0
claude.ai,2,0,1180
docs.opencv.org,2,0,507
docstring.fr,2,100,0
ecollege.etbonline.ie,2,0,128
edube.org,2,0,828
educoder.net,2,0,8
flask.palletsprojects.com,2,0,14
julian.ac,2,50,88
kagi.com,2,0,1476
kivy.org,2,0,172
liaoxuefeng.com,2,0,816
mdl.ug.edu.pl,2,50,1820
moodle.riwi.io,2,0,2030
netacad.com,2,0,14
ntp.msn.cn,2,50,48
python-basics-tutorial.readthedocs.io,2,100,0
python.github.net.cn,2,0,81
pyzstd.readthedocs.io,2,100,0
quark.cn,2,0,20
s172-29-16-6p8888.lab-aws-production.deeplearning.ai,2,0,19
sangju.goorm.io,2,50,447
sphinx-doc.org,2,0,1868
test.python.org,2,50,251
ukc-onenote.officeapps.live.com,2,0,876
www-python-org.translate.goog,2,100,18
yuanbao.tencent.com,2,0,25
360.cn,1,0,231
Facebook,1,100,0
Gmail,1,0,67
Microsoft Teams,1,100,0
Wikipedia,1,100,0
ai.ddgjl.cn,1,0,283
alembic.sqlalchemy.org,1,0,40
allaboutdataanalysis.medium.com,1,0,1501
amuletmc.com,1,0,1251
app.certidevs.com,1,0,15
app.dataquest.io,1,0,640
app.gitbook.com,1,0,86
baike.baidu.com,1,0,24
blog.changs.co.uk,1,100,0
bmarchand.fr,1,0,41
boot.dev,1,0,78
brightspace.nyu.edu,1,0,15
bugzilla.redhat.com,1,0,42
byhy.net,1,0,27
chat.mistral.ai,1,0,597
chat.qwen.ai,1,0,0
clien.net,1,0,102
codewars.com,1,0,17
codingpass.com,1,0,0
console.volcengine.com,1,0,15
copilot.microsoft.com,1,0,390
corecode.school,1,0,208
cuddly-zebra-v6wgxrqqj74v2p5jq.github.dev,1,0,1015
desktop.arcgis.com,1,0,65
dev.epicgames.com,1,0,41
developer.aliyun.com,1,0,32
developer.mozilla.org,1,0,1739
devguide.python.org,1,0,4
django-rest-framework.org,1,0,14
docs.pydantic.dev,1,0,1532
docs.pytorch.org,1,0,0
edu.sravni.ru,1,0,766
elearning.unimib.it,1,0,111
fastapi.tiangolo.com,1,0,0
gateway.zscalertwo.net,1,0,199
hugodebritos.github.io,1,100,0
ibm.com,1,100,0
idealab.alibaba-inc.com,1,0,0
iizuka.xii.jp,1,0,658
inference.roboflow.com,1,0,39
intranet.hbtn.io,1,0,144
jheziree-karinn.github.io,1,100,0
kirin.idv.tw,1,0,107
learn.nvidia.com,1,0,1
learn.srmonline.in,1,0,1119
m.quark.cn,1,100,0
mathesis.cup.gr,1,0,1051
mathworks.com,1,0,1176
moodle.hu-berlin.de,1,0,320
moodle2025.uca.fr,1,100,0
n.cn,1,0,15
networkx.org,1,0,136
ntnu.inspera.no,1,0,250
numpy.org,1,0,453
odoo.com,1,0,9
packaging.python.org,1,0,34
pip.pypa.io,1,0,0
pl.python.org,1,0,403
psycopg.org,1,100,0
pydoc.pages.taltech.ee,1,0,28
pyformat.info,1,0,870
pygame.org,1,0,0
pyloong.github.io,1,0,402
python.sdv.u-paris.fr,1,0,0
python3-cookbook.readthedocs.io,1,0,138
pythoninsider.blogspot.com,1,0,0
pythonproject.hu,1,0,50
pythonru.com,1,0,31
qiita.com,1,0,5147
qn.go90.cn,1,100,0
refactored-funicular-x59p9wpw9w5vf97wj.github.dev,1,0,0
removal.eventlet.org,1,0,32
robotframework.org,1,0,2304
runoob.com,1,0,29
salib.readthedocs.io,1,100,0
scapy.readthedocs.io,1,0,0
scikit-learn.org,1,0,11
skillbox.ru,1,0,0
statics.gov.teams.microsoft.us,1,100,0
steam.oxxostudio.tw,1,0,8
t-strings.help,1,100,0
tud.ttu.ee,1,100,0
tutorial.djangogirls.org,1,0,31
ubuntuhandbook.org,1,100,0
upel.agh.edu.pl,1,0,48
web.dio.me,1,0,3038
wenku.csdn.net,1,0,172
wenxiaobai.com,1,0,196
xazxoi.cn,1,0,0
ys.learnus.org,1,0,97
zestedesavoir.com,1,100,0
