name,visitors,bounce_rate,visit_duration
Direct / None,14635,61,218
google.com,11262,74,214
python.org,1022,63,291
google.com.hk,253,78,135
google.co.jp,232,69,279
bing.com,163,75,687
baidu.com/link,143,74,218
cn.bing.com,127,81,500
chatgpt.com,70,54,435
google.fr,66,73,371
search.yahoo.co.jp,66,73,236
google.com.tw,56,68,143
m.baidu.com,48,79,65
google.co.kr,47,71,132
google.com.br,44,83,177
baidu.com,28,100,120
qiita.com,28,100,1226
duckduckgo.com,26,0,645
ecosia.org,25,83,86
google.es,25,77,410
python.p2hp.com,25,0,444
android-app://com.google.android.googlequicksearchbox,22,90,17
google.com.mx,20,55,456
wiki.python.org,17,0,992
google.com.ua,15,67,215
reddit.com,11,50,631
google.com.co,10,60,531
link.zhihu.com,10,100,135
yandex.ru,10,100,564
doubao.com,9,100,451
ics.uci.edu,9,67,211
note.nkmk.me,9,0,1149
python.org/downloads/release/python-3132,9,100,0
statics.teams.cdn.office.net,9,83,223
link.csdn.net,8,0,286
pip.pypa.io/en/stable/installation,8,0,863
classroom.google.com,7,33,1302
es.python.org,7,0,454
google.cl,7,50,147
netacad.com,7,0,187
qwant.com,7,0,4117
elearning.ism.lt,6,57,237
gemini.google.com,6,75,525
google.pt,6,100,1
lms.sunde41.net,6,0,2232
youtube.com,6,0,258
yuanbao.tencent.com,6,0,676
github.com,5,60,358
github.com/codingalzi/42H/issues/15,5,50,456
lms.mju.ac.kr,5,100,0
boot.dev,4,0,1450
chat.baidu.com,4,67,80
cs50.harvard.edu,4,0,500
devdocs.io,4,75,428
google.it,4,100,924
peps.python.org,4,0,68
perplexity.ai,4,100,869
scikit-learn.org,4,0,882
so.com/link,4,0,702
android-app://com.linkedin.android,3,67,5
baidu.com/s,3,0,743
campus109.unad.edu.co,3,50,7
cursos.alura.com.br,3,0,634
google.ca,3,33,1458
google.com.ar,3,50,362
google.com.gt,3,100,0
google.com.ni,3,67,14
google.com.pe,3,67,21
google.com/search,3,100,1
huggingface.co,3,0,1972
networkx.org,3,0,41
roadmap.sh,3,0,1008
robertpugh.site,3,75,28
search.brave.com,3,0,2256
search.yahoo.com,3,0,117
sphinx-doc.org/en/master,3,0,271
stg.starjuku.net,3,67,9
velog.io,3,0,542
yuque.com,3,33,21
127.0.0.1,2,0,60
aidoczh.com,2,50,48
bot.n.cn,2,0,1669
byhy.net,2,0,17
cnblogs.com,2,100,218
code.visualstudio.com,2,0,342
discuss.python.org,2,0,111
edu.xunta.gal,2,0,398
eg002,2,50,160
ellibrodepython.com,2,0,62
google.be,2,100,0
google.co.uk,2,100,1111
google.com.bo,2,100,0
google.de,2,100,262
google.se,2,100,0
google.tn,2,100,0
i.zte.com.cn,2,100,0
kivy.org,2,0,2918
learn.eseit.edu.co,2,100,0
learn.microsoft.com,2,0,254
ntp.msn.cn,2,0,43
numpy.org,2,0,1534
openclassrooms.com,2,0,312
pyo3.rs,2,100,0
python.org/psf-landing,2,0,128
python.p2hp.com/doc/index.html,2,0,739
realpython.com,2,0,820
school-olimp-ufa.narod.ru,2,0,195
search.nifty.com,2,100,0
spike.crosslanguage.co.jp,2,100,0
tensorflow.google.cn/install/pip,2,0,872
theforage.com,2,0,1558
tongyi.aliyun.com,2,0,562
udemy.com,2,0,1454
ww1.aulavirtualuniversitariadecolombia.co,2,100,0
ya.ru,2,0,170
172.22.112.234,1,100,0
192.168.191.111,1,0,421
a610486-8160-ab296bdc.bjc1.seetacloud.com,1,0,66
a629465-82a6-0910eadf.bjc1.seetacloud.com,1,0,15
afpy.org,1,0,128
ai.gopubby.com/why-python-3-13-release-could-be-a-game-changer-for-ai-and-ml-92ac1e5a4f92,1,100,0
ai.lixh.ltd,1,0,6
aistudio.alibaba-inc.com,1,0,891
ajisaba.net,1,0,1486
android-app://com.slack,1,100,0
app.aluracursos.com,1,0,1533
arc.net,1,0,14
atop.host,1,0,518
aulas.descomplica.com.br,1,0,68
ava.ifmt.edu.br,1,100,0
biopython.org,1,0,37
bitbucket.org,1,0,614
blackbox.ai,1,0,164
boardmix.cn,1,100,0
bot.n.cn/chat/ec179e8b9ece4f959bdc5a2ab5657842,1,100,0
bot.n.cn/knowledge/chat,1,0,1068
br.search.yahoo.com,1,0,89
bugs.launchpad.net,1,0,26
camdencc.instructure.com/conversations,1,100,0
campus.exactas.uba.ar,1,0,115
campus.undec.edu.ar,1,0,2273
campus118.unad.edu.co,1,0,1808
cdn.evg.gov.br,1,0,343
chaba-lab.com/python-3-13-cgi-remove-20241220,1,0,844
chat.qwen.ai/c/4f4966cc-73d0-4fed-adbf-5775b43f5ba1,1,0,33
chatgpt.samsungds.net,1,0,4778
chokkan.github.io,1,0,1748
claude.ai,1,0,362
cloudjupyter.acctedu.com,1,0,619
cmaker.hannam.ac.kr,1,0,347
code-basics.com,1,0,2020
codspeed.io,1,100,0
colab.research.google.com,1,0,18
community.osarch.org,1,0,3800
comunidades.campusvirtualunr.edu.ar,1,0,12
cookiecutter.readthedocs.io/en/1.7.2/installation.html,1,0,503
cse.google.com,1,0,42
cvdof.ucm.es,1,0,1073
d2l.sdbor.edu,1,0,16
datacamp.com,1,0,707
desarrollaria.com,1,0,2549
dev.azure.com,1,0,1756
developer.mozilla.org,1,0,1374
developers.google.com,1,0,82
discover-robotics.github.io,1,0,17
disq.us,1,0,109
doc.pl,1,100,0
docs.google.com,1,100,0
docs.pydantic.dev,1,0,1316
docs.scrapy.org/en/latest/intro/tutorial.html,1,0,14
dowajo.tistory.com/entry/%EC%B2%98%EC%9D%8C%EB%A7%8C%EB%82%98%EB%8A%94-%ED%8C%8C%EC%9D%B4%EC%8D%AC-%EC%84%A4%EC%B9%98%ED%95%98%EA%B3%A0-%EC%8B%A4%ED%96%89%ED%95%B4%EB%B3%B4%EA%B8%B0,1,0,17
dypigu.com/f.php,1,0,15
ecollege.etbonline.ie,1,0,1987
edube.org/learn/pe-1/section-summary-72,1,0,15
educacionadistancia.juntadeandalucia.es,1,100,0
epuwe.com,1,100,0
es.search.yahoo.com,1,0,151
events.ncbj.gov.pl,1,0,80
fastapi.tiangolo.com,1,0,106
felo.ai,1,100,0
flask.palletsprojects.com/en/stable/tutorial,1,0,594
foad.univ-rennes.fr,1,0,22
forum.hardware.fr,1,0,345
forums.linuxmint.com,1,100,0
fr.search.yahoo.com,1,0,56
freebsd.org.cn,1,100,0
freecodecamp.org/portuguese/news/25-projetos-em-python-para-iniciantes-ideias-faceis-para-comecar-a-programar-em-python,1,0,15
gist.github.com,1,0,875
github.com/Fuminiton/LeetCode/pull/20/files,1,100,0
github.com/MCDReforged/MCDReforged/blob/master/README_zh_cn.md,1,0,1407
github.com/RobEin/ANTLR4-parser-for-Python-3.13,1,100,0
github.com/alejandroautalan/pygubu,1,0,758
github.com/alejandroautalan/pygubu-designer,1,0,302
github.com/alejandroautalan/pygubu-designer/wiki/Learning-Tk-&-Tkinter,1,0,4
github.com/benibenj/vscode-pythonCpp/issues/2,1,0,128
github.com/googlefonts/compreffor/issues/156,1,100,0
github.com/huggingface/transformers/blob/main/i18n/README_zh-hans.md,1,0,7
github.com/huyfififi/coding-challenges/pull/1/files,1,0,514
github.com/mariushelf/graphlib_backport,1,0,178
github.com/pyenv-win/pyenv-win/issues/640,1,100,0
github.com/python/cpython/issues/73661,1,100,0
github.com/sphinx-doc/sphinx/blob/master/EXAMPLES.rst,1,0,67
github.com/trekhleb/homemade-machine-learning,1,0,41
google.at,1,0,4
google.co.id,1,0,218
google.co.in,1,0,171
google.co.ve,1,0,36
google.com.cu,1,100,0
google.com.hk/search,1,100,0
google.com.sv,1,100,0
google.cz,1,0,888
google.dk,1,0,518
google.pl,1,100,0
gpt-node3.chatshare.biz,1,0,256
gwosc.org,1,0,37
habr.com/ru/companies/ru_mts/articles/870438,1,100,0
habr.com/ru/companies/wunderfund/articles/711012,1,0,119
html.duckduckgo.com,1,0,2329
hvlss9hs8s2.feishu.cn,1,100,0
id.search.yahoo.com,1,0,3029
idealab.alibaba-inc.com/ideaTalk,1,0,52
in.search.yahoo.com,1,0,191
infoacademy.ro,1,100,0
instaloader.github.io,1,0,1144
institutcorbera.alexiaclassroom.com,1,0,2473
interactivechaos.com,1,0,180
it.search.yahoo.com,1,0,42
jianshu.com,1,0,92
kaigiks.gitbooks.io,1,0,1446
kbjwrvyxirna.labs.coursera.org,1,0,49
kcnjst4g6849.feishu.cn,1,0,56
keep.google.com,1,0,225
learn.agiclass.cn,1,100,0
learning.anaconda.cloud,1,0,57
learning.esiea.fr,1,0,52
learnpython.com,1,0,1509
letpy.com,1,0,811
lfwiseopertest04.hwcloudtest.cn,1,100,0
linkedin.com,1,100,0
lm.facebook.com,1,0,245
lms.human.ua,1,100,0
m.baidu.com/from=1001192y/bd_page_type=1/ssid=0/uid=0/pu=sz%401320_1001%2Cta%40iphone_2_12.0_28_16.0%2Cusm%400/baiduid=20F6AF4BE0F068D70C8900356653F92B/w=0_10_/t=iphone/l=1/tc,1,100,0
m.baidu.com/from=1001192y/bd_page_type=1/ssid=0/uid=0/pu=usm%400%2Csz%401320_1001%2Cta%40iphone_2_12.0_28_16.0/baiduid=8F76C509EA226E099DC4695804DE642A/w=0_10_/t=iphone/l=1/tc,1,0,1
m.baidu.com/from=1001192y/bd_page_type=1/ssid=0/uid=0/pu=usm%400%2Csz%401320_1001%2Cta%40iphone_2_12.0_28_16.0/baiduid=BE6414F10656A54194CBBA8C977CE43B/w=0_10_/t=iphone/l=1/tc,1,0,113
m.baidu.com/from=1012852q/bd_page_type=1/ssid=0/uid=0/pu=usm%405%2Csz%401320_1004%2Cta%40iphone_2_15.0_11_19.2/baiduid=AEB54473D861732543F45786BD3B0C10/w=0_10_/t=iphone/l=1/tc,1,100,0
m.baidu.com/from=1013672g/bd_page_type=1/ssid=0/uid=0/pu=usm%400%2Csz%401320_1004%2Cta%40iphone_2_14.0_11_18.5/baiduid=3D6148B6B7EA02724C58FAE0F2F9A654/w=0_10_/t=iphone/l=1/tc,1,100,0
m.baidu.com/from=1013966u/bd_page_type=1/ssid=0/uid=0/pu=sz%401320_1001%2Cta%40iphone_2__24_123.0%2Cusm%400/baiduid=BE2DE1EF6A3105E99367A2826A34F987/w=0_10_/t=iphone/l=1/tc,1,100,0
m.baidu.com/from=1027977y/ssid=0/pu=cfrom%401027977y%2Ccua%40gu2Liyau2igBNE64I5me6NN0v8zTa2IB_C2H8yup2fqlC%2Ccen%40cuid_cua_cut%2Ccsrc%40home_box_txt%2Cc3_aid%40A00-PU4NC2DGVQ3S5IJW2E5E4HPDZ3OM65DN-363PHX3Z%2Cvmgdb%400020100228y%2Cosname%40baiduboxapp%2Cctv%402%2Ccuid%4008SE8_a8Hi_J82iy08HT8_8m2alwa-8CjOSOug8Cva8Y9QMt5u1IRYJwA%2Csz%401320_480/s,1,100,0
m.baidu.com/from=1030335w/bd_page_type=1/ssid=0/uid=0/pu=usm%403%2Csz%401320_1001%2Cta%40iphone_2_10.0_24_83.0/baiduid=72373D96DF63DF785221BF340F2A038D/w=0_10_/t=iphone/l=1/tc,1,100,0
m.baidu.com/s,1,100,0
malaysia.search.yahoo.com,1,0,1199
mclibre.org,1,0,1184
meet.ufps.edu.co,1,100,0
mirhouse.top,1,100,0
miyabikno-jobs.com/pc/python-to-intermediate,1,0,126
moodle.usherbrooke.ca,1,0,3248
msiz07-flask-docs-ja.readthedocs.io/ja/latest/logging.html,1,0,879
msiz07-flask-docs-ja.readthedocs.io/ja/latest/tutorial,1,0,6
mx.search.yahoo.com,1,0,164
note.youdao.com,1,0,125
notebooks.githubusercontent.com,1,0,187
oi-wiki.org,1,0,164
osgeo.cn,1,0,1
oss.navercorp.com,1,100,0
overleaf.com,1,0,3
packaging.python.org/en/latest/specifications/binary-distribution-format,1,0,815
packaging.python.org/en/latest/tutorials/installing-packages,1,0,460
pan.baidu.com,1,0,29
pantip.com,1,0,22
pl.search.yahoo.com,1,0,3304
pms-confluence2.banadev.com,1,100,0
practicum.yandex.ru,1,0,3536
programiz.com,1,0,70
programming-eur.pages.dev,1,0,77
pwthulemlcfv.labs.coursera.org,1,0,44
pycaret.gitbook.io/docs/get-started/installation,1,0,7
pydicom.github.io,1,0,1427
pygame.org,1,0,891
pyjson5.readthedocs.io,1,100,0
pylint.readthedocs.io/en/latest/user_guide/messages/warning/logging-fstring-interpolation.html,1,0,97
pymupdf.readthedocs.io/ja/latest/installation.html,1,0,19
pypi.org,1,0,34
pytest-mock.readthedocs.io,1,0,346
python-can.readthedocs.io/en/stable/asyncio.html,1,0,2637
python-forum.de,1,0,31
python.github.net.cn,1,0,8
python.it,1,0,263
python.org/doc,1,0,17
pythoncheatsheet.org,1,0,39
pythonsoba.tech/exception,1,0,737
pythontutor.ru,1,0,38
pytorch.org,1,0,1194
r.search.yahoo.com/_ylt=AwrNYYS2Dttn9AEAtRNXNyoA;_ylu=Y29sbwNiZjEEcG9zAzEEdnRpZAMEc2VjA3Ny/RV=2/RE=1743618998/RO=10/RU=https%3a%2f%2fdocs.python.org%2fzh-cn%2f3%2flibrary%2fitertools.html/RK=2/RS=apLRmTYcHFiUt6BYcvhI7AbWiFY-,1,0,1137
rp.netease.com,1,100,0
runebook.dev,1,100,0
s.mobisearcher.com/search/CG1results,1,100,0
salib.readthedocs.io,1,100,0
salib.readthedocs.io/en/latest/user_guide/wrappers.html,1,100,0
sankantsu.hatenablog.com,1,0,2114
school.ctc-g.co.jp,1,0,709
