name,visitors
Mazovia,105
Lesser Poland,45
Silesia,39
Lower Silesia,31
Łódź,18
Greater Poland,15
Subcarpathia,14
Pomerania,13
Podlachia,10
West Pomerania,9
Texas,9
Kuyavia-Pomerania,8
Lubusz,7
Lublin,5
Warmia-Masuria,5
England,4
Brandenburg,3
Hesse,3
Holy Cross,3
Yerevan,2
Minsk,2
Ontario,2
Beijing,2
Rhineland-Palatinate,2
Uttar Pradesh,2
Hokkaido,2
Tokyo,2
Vilnius County,2
Oslo,2
Setúbal,2
Dagestan,2
Cherkashchyna,2
Brest,1
Berlin,1
Baden-Württemberg,1
Bavaria,1
North Rhine-Westphalia,1
Saxony,1
Campania,1
Opole,1
Halland,1
Donechchyna,1
