name,visitors
United States,2039
China,1940
India,1435
Russian Federation,929
Germany,434
Brazil,398
United Kingdom,375
Japan,322
Hong Kong,306
Netherlands,289
Vietnam,287
France,282
Canada,261
Spain,235
Singapore,214
Indonesia,211
Poland,203
South Korea,187
Turkey,187
Italy,175
Iran,161
Ukraine,155
Mexico,147
Australia,140
Pakistan,131
Colombia,118
Taiwan,111
Switzerland,109
Israel,106
Thailand,106
Philippines,89
Argentina,88
Egypt,88
Bangladesh,81
Peru,71
Sweden,70
Nigeria,66
Czechia,63
Portugal,61
Austria,59
Finland,59
Belgium,56
Kazakhstan,53
Uzbekistan,53
Malaysia,51
Saudi Arabia,50
South Africa,49
Chile,48
Morocco,46
Denmark,43
Norway,41
Belarus,39
Ireland,38
Algeria,37
Greece,36
Kenya,34
Hungary,33
Romania,32
Bulgaria,31
Serbia,31
Tunisia,29
Georgia,28
Sri Lanka,24
United Arab Emirates,23
Ecuador,23
Bolivia,19
Iraq,18
Venezuela,18
Ethiopia,17
Slovakia,17
Dominican Republic,16
Ghana,16
Lithuania,14
Latvia,14
Estonia,13
Jordan,13
Slovenia,13
Costa Rica,12
Moldova,12
Nepal,12
New Zealand,12
Yemen,12
Azerbaijan,11
Cyprus,10
Lebanon,10
Myanmar,10
Armenia,9
Cambodia,9
Côte d'Ivoire,8
Guatemala,8
Kyrgyzstan,8
Uganda,8
Libya,7
Senegal,7
Togo,7
Tajikistan,7
Angola,6
Cameroon,6
"Palestine, State of",6
Uruguay,6
Afghanistan,5
Bahrain,5
"Congo, The Democratic Republic of the",5
Croatia,5
Haiti,5
Luxembourg,5
Mauritius,5
Zimbabwe,5
Bosnia and Herzegovina,4
Burkina Faso,4
Honduras,4
Iceland,4
Kuwait,4
North Macedonia,4
Mongolia,4
Oman,4
Rwanda,4
Sudan,4
El Salvador,4
Syria,4
Congo,3
Laos,3
Malta,3
Nicaragua,3
Panama,3
Puerto Rico,3
Paraguay,3
Tanzania,3
Albania,2
Burundi,2
Belize,2
Cuba,2
Djibouti,2
Guam,2
Macao,2
Malawi,2
Mozambique,2
Qatar,2
Réunion,2
Seychelles,2
Trinidad and Tobago,2
Zambia,2
Benin,1
Bhutan,1
Guinea,1
Guyana,1
Montenegro,1
Madagascar,1
Mali,1
Martinique,1
Niger,1
French Polynesia,1
Sierra Leone,1
South Sudan,1
Sint Maarten (Dutch part),1
Kosovo,1
