name,visitors,pageviews,bounce_rate,time_on_page,scroll_depth
/3/,10363,12585,56,20,74
/3/library/functions.html,5240,5808,79,104,44
/3/tutorial/index.html,5232,6563,63,51,56
/3/library/stdtypes.html,4961,5634,76,121,37
/3/library/venv.html,4195,4395,92,39,32
/3/library/index.html,3195,3896,60,36,42
/3/search.html,3123,4601,39,19,48
/3/tutorial/datastructures.html,2893,3046,80,669,46
/3/library/tkinter.html,2522,2807,76,51,30
/3/tutorial/,2427,3298,69,35,48
/3/library/datetime.html,2379,2636,84,62,37
/3/tutorial/controlflow.html,2160,2313,79,192,42
/3/library/random.html,1910,1977,85,50,34
/3/library/idle.html,1863,2078,80,19,31
/3/library/re.html,1862,2057,86,78,37
/3/library/turtle.html,1707,2056,85,82,33
/3/tutorial/introduction.html,1699,1714,73,150,57
/3/library/typing.html,1692,1871,80,42,24
/3/tutorial/interpreter.html,1649,1700,72,77,75
/3/library/collections.html,1435,1507,85,83,41
/3/library/math.html,1415,1518,86,57,36
/3/tutorial/classes.html,1401,1430,84,127,44
/3/library/csv.html,1322,1427,86,67,39
/3/glossary.html,1309,1298,62,87,50
/3/tutorial/errors.html,1300,1313,82,73,35
/3/library/os.html,1243,1294,77,51,32
/3/tutorial/appetite.html,1227,1109,48,68,85
/3/library/string.html,1193,1215,76,59,43
/3/library/exceptions.html,1175,1242,83,51,49
/3/tutorial/inputoutput.html,1153,1205,77,98,47
/3/tutorial/modules.html,1097,1130,80,126,49
/3/library/http.server.html,1077,1112,96,48,46
/3/reference/datamodel.html,1066,1174,73,185,51
/3/library/logging.html,1053,1171,79,61,34
/3/library/argparse.html,1031,1105,82,68,31
/3/reference/index.html,1010,1230,47,74,70
/3/library/sqlite3.html,996,1123,83,67,22
/3/library/pathlib.html,984,1034,81,263,41
/3/library/itertools.html,930,981,87,1166,33
/3/whatsnew/3.13.html,926,923,64,54,16
/3/library/dataclasses.html,907,960,84,47,36
/3/using/windows.html,893,913,84,58,39
/3/library/time.html,878,898,85,62,40
/3/library/multiprocessing.html,866,980,79,86,29
/3/library/subprocess.html,851,979,83,70,30
/3/installing/index.html,848,822,81,34,62
/3/library/asyncio.html,803,954,68,38,73
/3/library/json.html,803,824,85,55,31
/3/library/asyncio-task.html,799,868,79,108,37
/3/py-modindex.html,787,903,65,43,48
/3/tutorial/venv.html,779,794,88,48,54
/3/library/unittest.html,753,813,87,57,29
/3/library/threading.html,745,792,82,98,40
/3/library/heapq.html,717,779,86,63,52
/3/library/os.path.html,694,706,82,56,49
/3/contents.html,671,718,48,28,16
/3/howto/sorting.html,669,688,79,45,43
/3/library/enum.html,639,689,81,50,33
/3/index.html,638,715,43,16,77
/3/library/sys.html,638,661,79,90,35
/zh-cn/3/tutorial/index.html,615,727,64,29,54
/3/library/functools.html,614,626,85,62,42
/3/library/socket.html,609,659,80,113,43
/3/using/mac.html,600,645,76,50,51
/3/reference/compound_stmts.html,597,615,68,74,36
/3/reference/expressions.html,596,622,76,60,64
/3/reference/lexical_analysis.html,575,560,75,101,58
/3/library/concurrent.futures.html,511,549,83,170,47
/3/using/cmdline.html,505,494,76,48,31
/3/library/pickle.html,498,503,90,53,25
/3/download.html,494,471,77,26,85
/zh-cn/3/,482,605,55,14,76
/es/3/tutorial/,463,631,57,50,54
/3/library/io.html,459,483,80,67,46
/ja/3/c-api/import.html,459,493,89,5,19
/3/howto/logging.html,441,449,77,88,39
/3/library/struct.html,413,418,88,70,45
/3/library/,394,439,65,53,39
/3/library/hashlib.html,388,400,87,46,26
/3/reference/import.html,373,400,77,80,34
/3/using/index.html,373,432,47,18,77
/3/library/copy.html,369,362,88,35,69
/3/reference/simple_stmts.html,364,364,72,49,56
/3/library/xml.etree.elementtree.html,363,396,87,100,32
/3/library/shutil.html,362,364,80,55,35
/3/howto/regex.html,356,366,83,89,36
/3/library/asyncio-eventloop.html,356,401,79,125,35
/3/library/tk.html,355,416,53,22,64
/3/library/abc.html,346,344,86,66,46
/3/library/unittest.mock.html,342,395,82,67,31
/3/library/pdb.html,332,353,86,42,34
/3/library/tkinter.ttk.html,331,357,80,58,38
/3/library/queue.html,323,337,80,61,57
/3/library/pprint.html,314,311,86,45,38
/3/library/operator.html,308,298,85,67,52
/3/library/decimal.html,304,315,83,61,26
/3/license.html,286,295,80,25,26
/3/tutorial/floatingpoint.html,285,301,91,64,50
/3/library/intro.html,284,261,38,64,71
/3/library/urllib.request.html,283,299,74,63,36
