name,visitors,bounce_rate,visit_duration
Google,41216,81,99
Direct / None,34534,70,166
python.org,4905,58,130
Bing,3695,76,93
Yandex,3276,81,48
DuckDuckGo,2178,79,129
chatgpt.com,1328,71,92
Brave,1193,82,97
cs50.harvard.edu,850,70,257
Baidu,766,86,27
boot.dev,759,79,154
udemy.com,469,87,59
GitHub,451,81,61
Reddit,375,82,92
Yahoo!,373,80,56
Ecosia,195,82,125
netacad.com,193,85,74
roadmap.sh,164,79,74
pip.pypa.io,141,80,58
wiki.python.org,134,64,126
realpython.com,130,83,144
pandas.pydata.org,123,88,71
discuss.python.org,117,86,59
codecademy.com,110,92,48
Youtube,104,83,35
matplotlib.org,94,93,10
es.python.org,93,47,173
note.nkmk.me,90,86,67
qiita.com,86,76,151
code.visualstudio.com,84,77,108
numpy.org,80,80,56
Qwant,74,72,194
savanna.alxafrica.com,68,85,49
link.zhihu.com,64,58,117
pygame.org,62,87,101
doubao.com,59,58,184
packaging.python.org,57,72,88
l.threads.com,50,86,29
docs.pydantic.dev,45,84,43
docs.pytorch.org,43,88,81
fastapi.tiangolo.com,42,80,144
pypi.org,40,88,46
python.p2hp.com,38,37,130
openclassrooms.com,37,74,66
peps.python.org,37,74,98
scikit-learn.org,37,84,60
Perplexity,36,92,42
medium.com,34,91,94
360.cn,32,71,35
copilot.microsoft.com,32,70,137
Wikipedia,31,63,126
codedex.io,31,73,100
hackerrank.com,31,84,55
cursos.alura.com.br,30,88,119
flask.palletsprojects.com,30,73,126
StackOverflow,29,84,35
discordpy.readthedocs.io,29,73,83
leetcode.com,28,96,60
pytest-mock.readthedocs.io,28,64,115
kivy.org,27,65,37
LinkedIn,25,84,5
habr.com,25,73,78
sphinx-doc.org,25,40,144
upgrad.com,25,83,4
Facebook,24,100,0
elearning.ntcu.edu.tw,24,57,18
notebooks.githubusercontent.com,24,80,231
claude.ai,23,83,41
link.csdn.net,23,78,79
lms.skillfactory.ru,23,65,135
s3.eu-west-1.amazonaws.com,23,80,69
app.aluracursos.com,22,87,6
freecodecamp.org,22,91,2
home-assistant.io,22,78,67
ru.hexlet.io,22,78,51
Shenma,21,95,1
google.github.io,21,77,107
hiladental.co.il,21,61,386
langchain-ai.github.io,21,71,61
elearn.epam.com,19,79,224
networkx.org,19,84,2
127.0.0.1,18,84,29
mastergroosha.github.io,18,75,18
python.jp,18,56,24
docs.pytest.org,17,75,34
edube.org,17,94,4
skillbox.ru,17,72,23
Microsoft Teams,16,93,2
paiza.jp,16,69,16
superfastpython.com,16,71,200
developer.mozilla.org,15,73,139
docs.astral.sh,15,80,22
odoo.com,15,94,15
overleaf.com,15,100,0
sreyas.codetantra.com,15,87,115
theforage.com,15,56,297
utokyo-ipp.github.io,15,80,4
amuletmc.com,14,93,141
behind.pretix.eu,14,93,54
jinja.palletsprojects.com,14,77,40
learn.zybooks.com,14,69,210
liaoxuefeng.com,14,100,0
airflow.apache.org,13,100,0
namu.wiki,13,92,1
sky.pro,13,85,15
courses.campus.gov.il,12,75,91
docs.scrapy.org,12,100,0
huggingface.co,12,83,1
intranet.hbtn.io,12,75,16
learn.upgrad.com,12,75,262
pythoncheatsheet.org,12,67,199
virtualenv.pypa.io,12,83,94
websockets.readthedocs.io,12,69,53
yuanbao.tencent.com,12,75,10
datacamp.com,11,100,0
ellibrodepython.com,11,67,237
enki,11,91,10
notion.so,11,77,221
open.uom.lk,11,91,7
pensamientocomputacional.dev.ar,11,91,53
pro.arcgis.com,11,36,427
python.it,11,64,103
runoob.com,11,45,50
app.dataquest.io,10,91,8
blackbox.ai,10,90,7
canvas.hull.ac.uk,10,50,408
chat.qwen.ai,10,90,13
courses.edx.org,10,100,0
digitalocean.com,10,70,53
docs.python-telegram-bot.org,10,70,161
docs.vllm.ai,10,90,3
faker.readthedocs.io,10,100,0
learn.microsoft.com,10,80,64
moodle.tu-darmstadt.de,10,80,108
pillow.readthedocs.io,10,90,26
python-forum.io,10,80,24
sxgxy.alphacoding.cn,10,80,21
web.dio.me,10,64,524
Instagram,9,67,39
byui-cse.github.io,9,75,342
canva.com,9,89,0
discuss.streamlit.io,9,89,1
docs.ansible.com,9,55,261
docs.telethon.dev,9,100,0
programiz.com,9,100,0
Quora,8,75,9
Telegram,8,71,79
ai.pydantic.dev,8,89,176
docs.aiogram.dev,8,88,12
docs.circuitpython.org,8,100,0
endler.dev,8,38,185
forums.raspberrypi.com,8,75,98
hablemospython.dev,8,62,96
intellipaat.webex.com,8,100,0
jupyterlabnext-0-labs-prod-jupyterlab-us-east-0.labs.cognitiveclass.ai,8,100,0
mne.tools,8,62,3
moodle-campusvirtualcolombia.s3.amazonaws.com,8,62,540
nyplms.polite.edu.sg,8,88,2
pymupdf.readthedocs.io,8,75,9
Amazon,7,100,0
assets.scormproxy.com,7,100,0
bitcamp.ge,7,57,1411
byhy.net,7,43,190
crackstation.net,7,86,21
devguide.python.org,7,86,72
docs.blender.org,7,100,0
jupyterlabnext-3-labs-prod-jupyterlab-us-east-0.labs.cognitiveclass.ai,7,100,0
learning.ccbp.in,7,71,71
mcs.utm.utoronto.ca,7,100,0
nwciowa.blackboard.com,7,86,2
pygimli.org,7,86,1
qna.habr.com,7,86,3
steam.oxxostudio.tw,7,71,26
tcsglobal.udemy.com,7,57,246
uneex.org,7,88,0
view.genially.com,7,57,155
Coccoc,6,67,212
Exinfluencer,6,100,0
Hacker News,6,86,262
atcoder.jp,6,67,11
bsc-iitm.github.io,6,67,34
cdn.cs50.net,6,44,383
chokkan.github.io,6,67,35
content.ap-southeast-1.content-service.brightspace.com,6,100,62
coursys.sfu.ca,6,71,275
docs.micropython.org,6,67,82
docs.pola.rs,6,100,0
guru99.com,6,83,22
inginious.info.ucl.ac.be,6,83,8
learn.nvidia.com,6,100,0
leocontent.umgc.edu,6,67,146
lxp.upgrad.com,6,83,0
pkuschool.yuque.com,6,83,4
pythonlikeyoumeanit.com,6,57,516
pytorch-geometric.readthedocs.io,6,83,1
rutube.ru,6,86,8
selenium-python.readthedocs.io,6,100,0
skilio.com,6,67,45
strftime.org,6,100,0
velog.io,6,100,0
yuque.com,6,33,22
Lilo,5,60,222
Vkontakte,5,80,5
c.biancheng.net,5,60,120
coderivers.org,5,80,10
confluence.ecmwf.int,5,100,0
docs.sqlalchemy.org,5,50,578
epochconverter.com,5,80,4
fundamentals-of-programming-with-python-sose-2025.jhaas.gi.denbi.de,5,60,186
gale.udemy.com,5,100,0
gstatic.com,5,100,0
ib-insync.readthedocs.io,5,80,17
inference.roboflow.com,5,83,42
jupyter.digitalskillsbern.ch,5,60,191
kkb-production.jupyter-proxy.kaggle.net,5,100,0
learnpython.org,5,100,0
lms.cuchd.in,5,20,1545
lms.ithillel.ua,5,60,510
mylearn.une.edu.au,5,83,305
mylo.utas.edu.au,5,60,183
ocw.mit.edu,5,80,9
oi-wiki.org,5,100,0
py4e.com,5,80,15
pythoninsider.blogspot.com,5,0,163
pythontutor.ru,5,100,0
snarky.ca,5,80,10
statsmodels.org,5,100,0
svecw.codetantra.com,5,100,0
tensorflow.org,5,60,145
textual.textualize.io,5,100,0
tlms.tsc.u-tokai.ac.jp,5,60,48
ttkbootstrap.readthedocs.io,5,100,0
Gmail,4,75,20
academy.hackthebox.com,4,100,0
academy.zerotomastery.io,4,100,0
appdaemon.readthedocs.io,4,100,0
askpython.com,4,100,0
atenea.upc.edu,4,50,182
books.googleusercontent.com,4,80,13
campus.exactas.uba.ar,4,75,5
cantera.org,4,75,138
cdn.evg.gov.br,4,75,7
clien.net,4,0,10
code-basics.com,4,100,0
codecademy-enterprise.percipio.com,4,100,0
codeit.kr,4,75,53
codemao.yuque.com,4,75,8
dnmtechs.com,4,100,0
doc.qt.io,4,50,134
docs.openmc.org,4,100,0
docs.pingcode.com,4,75,4
docs.sympy.org,4,75,6
e-books.hnu.edu.eg,4,75,65
ecollege.etbonline.ie,4,75,677
edabit.com,4,100,0
edu.hse.ru,4,67,3
elasticsearch-py.readthedocs.io,4,100,0
elearn.sinclair.edu,4,100,0
elearn.unigis.at,4,60,350
exegol.readthedocs.io,4,67,15
gammasoft.jp,4,100,0
gerrit.googlesource.com,4,0,421
go.skillbox.ru,4,60,85
hatenablog-parts.com,4,50,16
homepage.univie.ac.at,4,100,0
ithelp.ithome.com.tw,4,100,0
kpritech.codetantra.com,4,100,0
lanqiao.cn,4,75,214
launchschool.com,4,0,240
learn.adafruit.com,4,75,280
learn.sailplatform.org,4,86,3
learn.snhu.edu,4,100,0
learnbyexample.github.io,4,25,131
lightning.ai,4,100,0
lms.elearningekpa.gr,4,80,6
microsoft.github.io,4,100,0
moodle-campusvirtualmexico.s3.amazonaws.com,4,100,0
netology.ru,4,100,0
ntp.msn.cn,4,75,0
olympus.mygreatlearning.com,4,100,0
optuna.readthedocs.io,4,100,0
orgpad.info,4,100,0
pl.python.org,4,20,38
presearch.com,4,100,0
pro.e-box.co.in,4,75,6
proproprogs.ru,4,75,152
psycopg.org,4,75,24
pymongo.readthedocs.io,4,100,0
python-forum.de,4,100,0
python-izm.com,4,80,5
realnewbie.com,4,50,186
scikit-image.org,4,100,0
segno.readthedocs.io,4,67,7
teamtreehouse.com,4,100,0
tenthousandmeters.com,4,75,205
tutorial.djangogirls.org,4,100,0
typer.tiangolo.com,4,100,0
virtuale.unibo.it,4,50,290
vscode.dev,4,75,18
w3schools.com,4,100,0
