name,visitors,bounce_rate,visit_duration
Google,1975,78,156
Direct / None,1145,64,298
Bing,149,79,109
Qwant,77,62,456
Brave,72,87,119
openclassrooms.com,55,81,77
Ecosia,51,83,114
python.org,42,0,402
DuckDuckGo,39,89,74
chatgpt.com,20,87,26
capytale2.ac-paris.fr,12,58,309
fsg-pax-p-jhn01.pax.ulaval.ca,10,64,503
Yahoo!,9,56,239
Microsoft Teams,8,100,0
Youtube,5,67,430
0100015m.moodle.monbureaunumerique.fr,4,80,27
Perplexity,4,100,0
moodle.univ-lille.fr,4,100,0
nohtyprm.github.io,4,50,194
python.sdv.u-paris.fr,4,25,773
Lilo,3,67,1607
informatique-lycee.forge.apps.education.fr,3,33,495
moodle.u-pariscite.fr,3,0,62
nerviens.fr,3,67,404
pixees.fr,3,100,0
train.learn.datascientest.com,3,100,0
wiki.python.org,3,0,440
GitHub,2,50,4
askvoid.com,2,0,2
chat.mistral.ai,2,100,0
developpez.net,2,100,289
elearning.univ-eiffel.fr,2,100,0
esig-sandbox.ch,2,50,562
he-arc.github.io,2,0,788
moodle.polymtl.ca,2,100,0
moodle.umontpellier.fr,2,100,0
moodle.unil.ch,2,50,8
moodle.univ-jfc.fr,2,100,0
nas.etu-toc.net,2,50,14
notebooks.githubusercontent.com,2,0,220
phys-mod.github.io,2,67,520
projets420.gitbook.io,2,100,0
schooding.fr,2,0,758
Facebook,1,100,0
afpy.org,1,0,58
aura-73.elea.apps.education.fr,1,100,0
bbensaid30.github.io,1,0,567
cavlfo.apprentissageelectroniqueontario.ca,1,100,0
cegepat-lea.omnivox.ca,1,100,0
celene.univ-orleans.fr,1,0,10
codeur-com-blog,1,100,0
collegeboreal.brightspace.com,1,100,0
copilot.microsoft.com,1,100,0
cours.daeu-sonate.fr,1,100,0
cours.univ-reims.fr,1,100,0
crosemont.moodle.decclic.qc.ca,1,0,513
cvl-41.elea.apps.education.fr,1,0,353
doc.qt.io,1,0,251
glorious-garbanzo-6v9qgrrw5x3r954.github.dev,1,100,0
gstatic.com,1,100,0
iebbjonaxkwj.labs.coursera.org,1,0,0
intranet.hbtn.io,1,0,53
jupyter.org,1,100,0
jupyterhub-25.capsule.upmc.fr,1,100,0
lpo-maurice-janetti-83470-moodle.atrium-sud.fr,1,100,0
machinelearnia.com,1,0,12
math93.com,1,100,0
moodle-lettres-25.sorbonne-universite.fr,1,100,0
moodle.bordeaux-inp.fr,1,0,16
moodle.ephec.be,1,100,0
netacad.com,1,0,0
nodet.github.io,1,0,17
notebook.basthon.fr,1,100,0
numba.readthedocs.io,1,0,1559
numpy.org,1,0,1366
packaging.python.org,1,0,97
patmj.forge.apps.education.fr,1,100,0
perso.lpsm.paris,1,0,3105
pillow.readthedocs.io,1,0,995
ping-sso.schneider-electric.com,1,100,0
python-patterns.guide,1,0,641
pythontutor.com,1,0,45
raisintine.fr,1,0,35
support.getgrist.com,1,0,13
swisscows.com,1,100,0
tresfacile.net,1,0,25
wintershammer.github.io,1,0,46
