name,unique_exits,total_exits,exit_rate
/tr/3.15/using/windows.html,12,12,
/tr/3/c-api/exceptions.html,10,10,
/tr/3/c-api/index.html,9,9,
/tr/3/c-api/typeobj.html,9,9,
/tr/3/reference/datamodel.html,9,9,
/tr/3.14/,8,8,
/tr/3/c-api/call.html,8,8,
/tr/3/reference/compound_stmts.html,8,8,
/3/,7,7,
/dev/using/windows.html,7,7,
/tr/3/tutorial/index.html,7,7,
/tr/3/c-api/type.html,6,6,
/tr/3/installing/index.html,6,6,
/tr/3/library/os.html,6,6,
/tr/3/c-api/init.html,5,5,
/tr/3/c-api/weakref.html,5,5,
/3/library/idle.html,4,4,
/tr/3.14/library/idle.html,4,4,
/tr/3.14/whatsnew/3.14.html,4,4,
/tr/3/c-api/bool.html,4,4,
/tr/3/c-api/dict.html,4,4,
/tr/3/c-api/frame.html,4,4,
/tr/3/library/functions.html,4,4,
/tr/3/tutorial/datastructures.html,4,4,
/tr/3.14/tutorial/controlflow.html,3,4,
/tr/3.14/tutorial/introduction.html,3,3,
/tr/3/c-api/objimpl.html,3,3,
/tr/3/c-api/perfmaps.html,3,3,
/tr/3/library/codecs.html,3,3,
/3.15/,2,2,
/3/tutorial/,2,2,
/tr/3.13/tutorial/index.html,2,2,
/tr/3.14/library/crypt.html,2,2,
/tr/3.14/library/functions.html,2,2,
/tr/3/,2,2,
/tr/3/c-api/hash.html,2,2,
/tr/3/c-api/marshal.html,2,2,
/tr/3/c-api/method.html,2,2,
/tr/3/c-api/picklebuffer.html,2,2,
/tr/3/c-api/reflection.html,2,2,
/tr/3/download.html,2,2,
/tr/3/extending/newtypes_tutorial.html,2,2,
/tr/3/library/audit_events.html,2,2,
/tr/3/library/compileall.html,2,2,
/tr/3/library/datetime.html,2,2,
/tr/3/library/dbm.html,2,2,
/tr/3/library/http.server.html,2,2,
/tr/3/library/linecache.html,2,2,
/tr/3/library/sched.html,2,2,
/tr/3/tutorial/classes.html,2,2,
/tr/3/tutorial/errors.html,2,2,
/tr/3/tutorial/modules.html,2,2,
/tr/3/tutorial/stdlib.html,2,2,
/tr/3/using/configure.html,2,2,
/3.12/,1,1,
/3.14/,1,1,
/3.14/library/index.html,1,1,
/3.14/search.html,1,1,
/3.14/tutorial/appetite.html,1,0,
/3.14/tutorial/interpreter.html,1,1,
/3.14/tutorial/introduction.html,1,1,
/3/howto/index.html,1,1,
/3/library/doctest.html,1,1,
/3/library/index.html,1,1,
/3/tutorial/floatingpoint.html,1,1,
/dev/search.html,1,1,
/ko/3.14/tutorial/appetite.html,1,1,
/tr/3.12/library/tk.html,1,1,
/tr/3.12/tutorial/classes.html,1,1,
/tr/3.12/tutorial/datastructures.html,1,1,
/tr/3.12/tutorial/floatingpoint.html,1,1,
/tr/3.13/contents.html,1,1,
/tr/3.13/faq/installed.html,1,1,
/tr/3.13/genindex-Y.html,1,1,
/tr/3.13/library/exceptions.html,1,1,
/tr/3.13/library/functions.html,1,1,
/tr/3.13/library/idle.html,1,1,
/tr/3.13/library/index.html,1,1,
/tr/3.13/library/pprint.html,1,1,
/tr/3.13/library/stdtypes.html,1,1,
/tr/3.13/tutorial/modules.html,1,1,
/tr/3.14/library/constants.html,1,1,
/tr/3.14/library/datetime.html,1,1,
/tr/3.14/library/index.html,1,1,
/tr/3.14/library/stdtypes.html,1,1,
/tr/3.14/reference/import.html,1,1,
/tr/3.14/search.html,1,1,
/tr/3.14/tutorial/,1,1,
/tr/3.14/tutorial/datastructures.html,1,1,
/tr/3.14/tutorial/index.html,1,1,
/tr/3.14/using/windows.html,1,1,
/tr/3.15/genindex.html,1,1,
/tr/3.15/library/__main__.html,1,1,
/tr/3.15/search.html,1,1,
/tr/3/c-api/bytes.html,1,1,
/tr/3/c-api/extension-modules.html,1,1,
/tr/3/c-api/iterator.html,1,1,
/tr/3/c-api/monitoring.html,1,1,
/tr/3/c-api/object.html,1,1,
/tr/3/c-api/sequence.html,1,1,
