name,visitors
China,4377
Singapore,386
Hong Kong,353
Vietnam,234
United States,181
Japan,142
Taiwan,53
Canada,21
Germany,16
United Kingdom,14
South Korea,13
Malaysia,9
Sweden,8
Australia,6
New Zealand,6
United Arab Emirates,4
Austria,4
India,4
Italy,4
Seychelles,4
Thailand,3
France,2
Indonesia,2
Kazakhstan,2
Macao,2
Philippines,2
Serbia,2
Tanzania,2
Belgium,1
Brazil,1
Ireland,1
Iraq,1
Cambodia,1
Myanmar,1
Netherlands,1
Papua New Guinea,1
Russian Federation,1
Saudi Arabia,1
Uzbekistan,1
South Africa,1
