name,visitors
Guangdong,309
Hebei,222
Beijing,176
Shanghai,165
Zhejiang,150
Jiangsu,141
Shandong,117
Tokyo,103
Ho Chi Minh City,97
California,95
Henan,82
Sichuan,75
Hubei,60
Hanoi,53
Shaanxi,47
Fujian,44
Liaoning,43
Anhui,36
Hunan,35
Chongqing,29
Tianjin,24
Jiangxi,23
Taipei,22
Da Nang,17
Washington,15
Kwai Tsing New Territories,13
England,11
Seoul,11
Haiphong,11
Ontario,9
Shanxi,9
Yunnan,9
Gansu,8
Guangxi,7
Kanagawa,7
Taoyuan,7
Taichung,7
Arizona,7
British Columbia,6
Osaka,6
Kuala Lumpur,6
Texas,6
Virginia,6
Thái Bình,6
New South Wales,5
Chiba,5
Skåne,5
New York,5
Vienna,4
Quebec,4
Guizhou,4
Berlin,4
Bavaria,4
Auckland,4
Changhua,4
Oregon,4
Thừa Thiên–Huế,4
Đồng Tháp,4
Hải Dương,4
Heilongjiang,3
Jilin,3
Hesse,3
Eastern Hong Kong Island,3
Tsuen Wan New Territories,3
Tainan,3
Pennsylvania,3
Quảng Nam,3
Tiền Giang,3
Phú Thọ,3
Thái Nguyên,3
Dubai,2
Île-de-France,2
Central and Western Hong Kong Island,2
Sai Kung New Territories,2
South Sulawesi,2
Telangāna,2
Veneto,2
Saitama,2
Gangwon,2
East Kazakhstan,2
Canterbury,2
Zaječar,2
Stockholm,2
Bangkok,2
Kaohsiung,2
New Taipei,2
Dar es Salaam,2
Illinois,2
Massachusetts,2
Nevada,2
Utah,2
Thanh Hóa,2
Kiên Giang,2
Vĩnh Long,2
Bắc Giang,2
Bắc Ninh,2
Can Tho,2
Queensland,1
Flanders,1
São Paulo,1
Xinjiang,1
Baden-Württemberg,1
Lower Saxony,1
North Rhine-Westphalia,1
Leinster,1
Maharashtra,1
Uttar Pradesh,1
Piedmont,1
Lombardy,1
South Holland,1
Port Moresby,1
Metro Manila,1
Western Visayas,1
Riyadh,1
Uppsala,1
Chiayi County,1
Florida,1
North Carolina,1
South Carolina,1
Tashkent,1
Ninh Bình,1
Nghệ An,1
Tây Ninh,1
Long An,1
Bến Tre,1
Cà Mau,1
Gauteng,1
