name,visitors
Tokyo,2230
Osaka,512
Kanagawa,352
Saitama,203
Aichi,185
Chiba,138
Hyogo,106
Shandong,88
Hokkaido,85
Fukuoka,85
Zhejiang,68
Guangdong,67
Ibaraki,58
Sichuan,56
Kyoto,56
Shizuoka,51
Henan,46
Jiangsu,44
Miyagi,33
Hebei,32
Shanghai,32
Anhui,31
Hubei,25
Shaanxi,25
Tochigi,24
Okayama,23
Hiroshima,23
Kumamoto,20
Okinawa,20
Hunan,19
Niigata,19
Guizhou,18
Shanxi,18
Beijing,17
Shiga,17
Ehime,16
Liaoning,15
Tianjin,15
Nagano,15
Gifu,15
Tokushima,15
Mie,14
Kagoshima,14
Fujian,13
Heilongjiang,13
Fukushima,13
Ishikawa,13
Nara,13
Kagawa,12
Jiangxi,10
Iwate,10
Gansu,9
Yunnan,9
Miyazaki,9
Chongqing,8
Jilin,8
Toyama,8
Yamagata,7
Wakayama,7
Tottori,7
Yamaguchi,7
Nagasaki,7
Fukui,6
Yamanashi,6
Inner Mongolia,5
England,5
Akita,5
Gunma,5
Oita,5
Hainan,4
Ontario,3
Thuringia,3
Aomori,3
Taipei,3
California,3
Washington,3
Hanoi,3
New South Wales,2
Gujarat,2
Kochi,2
Saga,2
Phnom Penh,2
Seoul,2
Ankara,2
Goiás,1
São Paulo,1
Vaud,1
Ningxia,1
Xinjiang,1
Antioquia,1
Baden-Württemberg,1
Hesse,1
Leinster,1
Delhi,1
Karnataka,1
Maharashtra,1
Baghdad,1
Shimane,1
Nairobi County,1
Vientiane,1
Gharb-Chrarda-Béni Hssen,1
Wellington,1
Mazovia,1
Yaroslavl,1
Western Area,1
Changhua,1
Mississippi,1
New Jersey,1
New York,1
Oregon,1
Texas,1
Virginia,1
