name,visitors,pageviews,bounce_rate,time_on_page,scroll_depth
/ja/latest/tutorials/installing-packages/,54,54,88,33,38
/ja/latest/guides/installing-using-pip-and-virtual-environments/,44,54,82,29,44
/ja/latest/guides/writing-pyproject-toml/,25,26,95,69,38
/ja/latest/discussions/src-layout-vs-flat-layout/,6,7,80,146,100
/ja/latest/glossary/,6,5,0,20,51
/ja/latest/guides/packaging-namespace-packages/,5,5,80,60,42
/ja/latest/key_projects/,5,4,100,27,59
/ja/latest/,4,3,0,3,43
/ja/latest/discussions/setup-py-deprecated/,4,3,50,38,90
/ja/latest/guides/distributing-packages-using-setuptools/,4,3,67,16,75
/ja/latest/tutorials/packaging-projects/,4,4,100,109,74
/ja/latest/flow/,3,3,0,36,97
/ja/latest/discussions/distribution-package-vs-import-package/,2,1,0,15,100
/ja/latest/discussions/package-formats/,2,1,0,13,97
/ja/latest/discussions/single-source-version/,2,1,0,28,95
/ja/latest/guides/,2,1,0,14,84
/ja/latest/guides/creating-and-discovering-plugins/,2,1,0,24,87
/ja/latest/guides/installing-scientific-packages/,2,1,0,46,99
/ja/latest/guides/installing-using-virtualenv/,2,2,0,5,91
/ja/latest/guides/section-install/,2,1,0,3,100
/ja/latest/specifications/,2,1,0,1,64
/ja/latest/specifications/pyproject-toml/,2,2,50,74,55
/ja/latest/specifications/version-specifiers/,2,2,100,3,2
/ja/latest/tutorials/,2,1,0,4,100
/ja/latest/tutorials/managing-dependencies/,2,1,0,169,84
/ja/latest/discussions/,1,1,0,3,100
/ja/latest/discussions/deploying-python-applications/,1,1,0,25,100
/ja/latest/guides/analyzing-pypi-package-downloads/,1,1,100,,
/ja/latest/guides/dropping-older-python-versions/,1,1,100,3,29
/ja/latest/guides/installing-stand-alone-command-line-tools/,1,1,0,,
/ja/latest/guides/installing-using-linux-tools/,1,1,100,,
/ja/latest/guides/modernize-setup-py-project/,1,1,100,76,37
/ja/latest/guides/tool-recommendations/,1,1,0,3,24
/ja/latest/overview/,1,1,0,25,100
/ja/latest/specifications/platform-compatibility-tags/,1,1,100,6,45
/ja/latest/specifications/pypirc/,1,1,100,4,100
