name,visitors,pageviews,bounce_rate,time_on_page,scroll_depth
/ko/dev/c-api/marshal.html,168,173,88,4,48
/ko/3.13/library/intro.html,156,162,93,3,37
/ko/3.13/tutorial/index.html,52,71,50,32,56
/ko/3.13/library/idle.html,43,58,68,12,16
/ko/3/tutorial/index.html,33,51,48,19,59
/ko/3.13/,27,35,45,9,79
/ko/3.13/library/index.html,27,31,69,24,45
/ko/3.13/search.html,25,31,40,8,33
/ko/3.13/installing/index.html,21,20,95,17,63
/ko/3.13/library/functions.html,21,20,50,88,49
/ko/3.13/library/stdtypes.html,19,16,80,16,40
/ko/3.13/tutorial/appetite.html,18,19,33,58,89
/ko/3.13/tutorial/interpreter.html,16,19,44,78,84
/ko/3.13/reference/index.html,12,17,17,19,55
/ko/3.13/tutorial/controlflow.html,12,13,60,36,34
/ko/3.13/tutorial/errors.html,12,10,88,120,22
/ko/3/tutorial/interpreter.html,12,11,67,67,73
/ko/3.13/library/pathlib.html,10,11,89,45,50
/ko/3.13/tutorial/inputoutput.html,10,11,50,64,51
/ko/3/tutorial/controlflow.html,10,19,50,81,68
/ko/3.13/library/turtle.html,9,8,60,8,25
/ko/3/,9,12,38,4,80
/ko/3/library/index.html,9,25,67,212,36
/ko/3.13/contents.html,8,8,100,29,2
/ko/3.13/library/asyncio.html,8,11,67,16,87
/ko/3.13/library/collections.html,8,11,38,43,54
/ko/3.13/library/threading.html,8,11,33,55,46
/ko/3.13/tutorial/introduction.html,8,9,100,382,53
/ko/3/faq/design.html,8,7,100,3,3
/ko/3.13/howto/sorting.html,7,7,100,38,53
/ko/3.13/library/heapq.html,7,5,100,23,66
/ko/3.13/library/re.html,7,9,75,28,27
/ko/3.13/tutorial/datastructures.html,7,6,75,41,77
/ko/3/tutorial/introduction.html,7,8,80,57,47
/ko/3.13/library/math.html,6,6,100,17,18
/ko/3.13/reference/simple_stmts.html,6,6,0,315,48
/ko/3.13/tutorial/classes.html,6,7,86,13,31
/ko/3/library/functions.html,6,7,67,33,51
/ko/3/library/stdtypes.html,6,6,75,39,48
/ko/3/search.html,6,9,0,11,70
/ko/3/tutorial/,6,9,80,9,58
/ko/3/tutorial/appetite.html,6,6,100,29,91
/ko/3/tutorial/datastructures.html,6,6,50,16,22
/ko/dev/library/turtle.html,6,7,67,5,3
/ko/3.13/glossary.html,5,4,0,70,42
/ko/3.13/library/datetime.html,5,4,100,88,68
/ko/3.13/library/itertools.html,5,6,60,37,36
/ko/3.13/library/string.html,5,6,100,101,74
/ko/3.13/library/urllib.request.html,5,4,50,22,30
/ko/3.13/reference/compound_stmts.html,5,5,100,91,22
/ko/3.13/tutorial/stdlib.html,5,3,100,40,59
/ko/3.13/whatsnew/3.13.html,5,3,50,21,31
/ko/dev/library/marshal.html,5,4,100,12,75
/ko/3.12/library/intro.html,4,4,100,2,28
/ko/3.12/whatsnew/3.12.html,4,3,100,32,10
/ko/3.13/library/abc.html,4,5,75,291,34
/ko/3.13/library/random.html,4,3,0,37,40
/ko/3.13/library/urllib.parse.html,4,3,50,65,95
/ko/3.13/py-modindex.html,4,4,0,9,40
/ko/3.13/reference/expressions.html,4,4,100,21,96
/ko/3.13/reference/lexical_analysis.html,4,3,100,4,98
/ko/3.13/tutorial/modules.html,4,3,100,18,44
/ko/3/library/configparser.html,4,3,100,240,10
/ko/3/library/contextlib.html,4,4,75,20,15
/ko/3/library/logging.html,4,2,100,28,40
/ko/dev/library/exceptions.html,4,3,100,2,22
/ko/dev/library/idle.html,4,7,25,9,10
/ko/3.12/tutorial/index.html,3,3,100,15,32
/ko/3.12/whatsnew/index.html,3,2,100,3,10
/ko/3.13/download.html,3,3,0,13,88
/ko/3.13/index.html,3,5,25,3,86
/ko/3.13/library/argparse.html,3,3,67,7,23
/ko/3.13/library/array.html,3,2,100,4,57
/ko/3.13/library/atexit.html,3,3,100,9,61
/ko/3.13/library/exceptions.html,3,2,100,17,61
/ko/3.13/library/multiprocessing.html,3,3,50,4,2
/ko/3.13/library/os.html,3,4,0,6,7
/ko/3.13/library/subprocess.html,3,3,100,11,54
/ko/3.13/library/zipfile.html,3,2,100,30,48
/ko/3.13/tutorial/,3,5,100,20,72
/ko/3.13/tutorial/floatingpoint.html,3,3,100,108,38
/ko/3.13/using/windows.html,3,2,100,25,17
/ko/3.13/whatsnew/index.html,3,3,67,2,10
/ko/3/library/argparse.html,3,3,100,13,42
/ko/3/library/shutil.html,3,2,100,527,21
/ko/3/library/uuid.html,3,3,100,10,31
/ko/3/tutorial/classes.html,3,5,0,40,62
/ko/3/tutorial/stdlib.html,3,2,0,40,61
/ko/3/tutorial/whatnow.html,3,3,0,5,99
/ko/3.12/,2,10,0,35,80
/ko/3.12/deprecations/index.html,2,2,0,4,10
/ko/3.12/glossary.html,2,2,0,6,5
/ko/3.12/library/aifc.html,2,1,0,5,15
/ko/3.12/library/stdtypes.html,2,2,100,9,0
/ko/3.12/library/typing.html,2,4,50,3,93
/ko/3.12/tutorial/controlflow.html,2,1,0,28,10
/ko/3.12/using/index.html,2,1,0,2,19
/ko/3.13/bugs.html,2,2,0,6,72
/ko/3.13/c-api/mapping.html,2,1,0,2,80
/ko/3.13/genindex-_.html,2,1,0,3,8
