name,version,visitors
Chrome,111.0,182
Firefox,5.0,179
Chrome,132.0,177
Sogou Explorer,2,167
360 Secure Browser,(not set),166
Chrome,69.0,165
Chrome,143.0,117
Microsoft Edge,143.0,26
Firefox,146.0,21
Opera,125.0,20
Mobile App,(not set),10
Chrome,139.0,9
Safari,26.2,8
Chrome,109.0,7
Chrome,112.0,5
Chrome,133.0,5
Chrome,108.0,4
Chrome,116.0,4
Chrome,124.0,4
Chrome,103.0,3
Chrome,131.0,3
(not set),(not set),2
Chrome,107.0,2
Chrome,120.0,2
Firefox,136.0,2
Chrome,142.0,2
Microsoft Edge,142.0,2
Safari,16.3,2
Safari,18.5,2
Safari,18.7,2
Chrome,110.0,1
Firefox,115.0,1
Chrome,117.0,1
Opera,124.0,1
Chrome,134.0,1
Microsoft Edge,134.0,1
Chrome,135.0,1
Microsoft Edge,141.0,1
Firefox,142.0,1
AVG Secure Browser,143.0,1
Avast Secure Browser,143.0,1
Safari,18.6,1
Yandex Browser,25.12,1
Safari,26.1,1
Safari,26.3,1
Chrome,83.0,1
Chrome,90.0,1
