name,visitors
Singapore,85
Shenzhen,39
Beijing,38
Shanghai,37
Guangzhou,26
Moscow,22
Los Angeles,22
Chennai,21
Ashburn,20
Hyderabad,18
Hanoi,18
Bengaluru,17
Tokyo,17
Wuhan,15
Zhengzhou,14
Hangzhou,14
New York City,14
Ho Chi Minh City,13
Chengdu,13
Hong Kong,13
Denver,13
Saint Petersburg,12
Nanjing,12
Amman,11
Cairo,11
Changzhou,11
San Jose,11
Mumbai,10
Kyiv,9
Pune,8
Qingdao,8
Dalian,8
Suzhou,8
Amsterdam,8
Tel Aviv,7
Istanbul,7
Warsaw,7
Xiamen,7
Wuxi,7
Nanchang,7
Fuzhou,7
Paris,7
Rome,7
Ufa,6
Tianjin,6
Hefei,6
Busan,6
Madrid,6
Bogotá,6
Córdoba,6
Reston,6
San Diego,6
Vancouver,6
Gaborone,5
Karachi,5
Colombo,5
Yekaterinburg,5
Omsk,5
Haiphong,5
Taichung,5
Zhenjiang,5
Xi’an,5
N/A,5
Yokohama,5
Osaka,5
Nagoya,5
Kawasaki,5
Casablanca,5
Zürich,5
Stockholm,5
Utrecht,5
Munich,5
Frankfurt am Main,5
N/A,5
Goiânia,5
The Dalles,5
Tehran,4
Nizhniy Novgorod,4
Lviv,4
Siedlce,4
Mangalore,4
Jaipur,4
Delhi,4
Coimbatore,4
Kolkata,4
Tyumen,4
Novosibirsk,4
Biên Hòa,4
Taipei,4
Kuala Lumpur,4
Ningbo,4
Foshan,4
Chongqing,4
Changsha,4
Sydney,4
Lisbon,4
Ericeira,4
Lagos,4
Berlin,4
Prague,4
Medellín,4
Phoenix,4
Athens,3
Perm,3
Helsinki,3
Sofia,3
Islamabad,3
Thiruvananthapuram,3
Lucknow,3
Indore,3
Kemerovo,3
Chelyabinsk,3
Tashkent,3
Bắc Ninh,3
Khlong Luang,3
Jakarta,3
Zibo,3
Yancheng,3
Nantong,3
Lanxi,3
Jinan,3
Jiaxing,3
Toyota,3
Abuja,3
Valencia,3
Copenhagen,3
Beckenham,3
Rotterdam,3
Courcelles,3
Saarbrücken,3
Erkelenz,3
Baesweiler,3
Dublin,3
Budapest,3
Wrocław,3
Kraków,3
Bari,3
N/A,3
Salvador,3
Zapopan,3
Atlanta,3
Baltimore,3
St. Louis,3
McKinney,3
Richardson,3
Council Bluffs,3
Chicago,3
Minneapolis,3
North Bergen,3
Eagle Mountain,3
Kirkland,3
Calgary,3
Montréal,3
Kiryat Ono,3
Hargeysa,2
Sanaa,2
Dammam,2
Limassol,2
Kuwait City,2
Dubai,2
Addis Ababa,2
N/A,2
Alexandria,2
Riga,2
Voronezh,2
Tula,2
Shakhty,2
Magnitogorsk,2
Kursk,2
Klin,2
Kaliningrad,2
Istra,2
N/A,2
Garbolovo,2
Baku,2
Tartu,2
Karagandy,2
Tbilisi,2
Yerevan,2
Minsk,2
Suceava,2
Galaţi,2
Vinnytsya,2
Uzhgorod,2
Simferopol,2
Kharkiv,2
Dnipro,2
Belgrade,2
N/A,2
Rājkot,2
Puducherry,2
New Delhi,2
Māvelikara,2
Malappuram,2
Madurai,2
Kanpur,2
Jamshedpur,2
Hisar,2
Dehra Dūn,2
Cochin,2
Chandīgarh,2
Bareilly,2
Allahābād,2
Baoshan,2
Kathmandu,2
Bhaktapur,2
Ust-Kamenogorsk,2
Almaty,2
Ninh Bình,2
Da Nang,2
Nakhon Ratchasima,2
Semarang,2
N/A,2
Tarlac City,2
N/A,2
Calamba,2
Kunshan,2
Yangzhou,2
N/A,2
Xiangyang,2
Dongyang,2
Suqian,2
Shaoxing,2
Quanzhou,2
Linfen,2
Jining,2
Jinhua,2
Jiangmen,2
Huizhou,2
Baoding,2
Phnom Penh,2
Cheonan,2
Odawara,2
Nagareyama,2
Kumamoto,2
Kasaoka,2
N/A,2
Irkutsk,2
Hohhot,2
Melbourne,2
Yaoundé,2
Port Harcourt,2
Ibadan,2
San Juan de Alicante,2
Olías del Rey,2
Catania,2
Khouribga,2
Ringsted,2
N/A,2
Southend-on-Sea,2
Salisbury,2
N/A,2
Manchester,2
London,2
Leigh,2
Edinburgh,2
Croydon,2
Brent,2
Birmingham,2
Lenzburg,2
The Hague,2
N/A,2
Dronten,2
Arnhem,2
Vienna,2
Kitzbühel,2
Antwerpen,2
Sulzbach-Rosenberg,2
Seligenstadt,2
Olching,2
Köln,2
Karlsruhe,2
Hildburghausen,2
Goslar,2
Freiberg am Neckar,2
Esslingen,2
Dortmund,2
Blieskastel,2
Bielefeld,2
Vannes,2
Tavernes,2
Ormes,2
Noisy-le-Sec,2
Lyon,2
Lorient,2
Aubervilliers,2
Argenteuil,2
Łódź,2
Castelldefels,2
Barcelona,2
Trondheim,2
Florence,2
Certaldo,2
Ljubljana,2
Praia,2
Belém,2
Mar del Plata,2
Vitória da Conquista,2
N/A,2
Serrinha,2
