name,unique_entrances,total_entrances,visit_duration
/ko/dev/c-api/marshal.html,123,125,2
/ko/3.13/tutorial/index.html,54,54,157
/ko/3/tutorial/index.html,43,43,177
/ko/3.13/installing/index.html,40,40,102
/ko/3/,30,30,237
/ko/3.13/library/idle.html,26,26,47
/ko/3.13/library/index.html,25,26,131
/ko/3.13/library/functions.html,24,25,160
/3/,23,23,523
/ko/3.13/search.html,23,23,77
/ko/3.13/reference/index.html,22,22,102
/ko/3.13/howto/sorting.html,17,17,482
/ja/3.13/c-api/capsule.html,15,15,54
/ko/dev/library/turtle.html,15,15,7
/ko/3/library/index.html,14,14,235
/ko/3.13/library/pathlib.html,13,14,26
/ko/3.13/tutorial/errors.html,13,13,6
/ko/3.13/library/multiprocessing.html,12,12,0
/ko/3.13/library/re.html,12,13,348
/ko/3.13/library/stdtypes.html,11,11,52
/ko/3.13/library/turtle.html,11,13,368
/ko/3.13/tutorial/interpreter.html,11,11,4
/ko/3.13/tutorial/introduction.html,10,10,0
/ko/3.13/tutorial/modules.html,10,10,53
/ko/3/library/stdtypes.html,10,10,20
/ko/3/tutorial/,10,10,23
/ko/3/tutorial/interpreter.html,10,10,17
/ko/3.13/library/random.html,9,9,0
/ko/3/library/contextlib.html,9,9,256
/ko/3/library/functions.html,9,9,102
/ko/3.13/howto/regex.html,8,8,138
/ko/3.13/library/asyncio.html,8,9,294
/ko/3.13/library/string.html,8,8,139
/ko/3.13/tutorial/classes.html,8,9,0
/ko/3.13/tutorial/datastructures.html,8,8,0
/ko/3.13/whatsnew/index.html,8,8,8
/ko/dev/library/idle.html,8,8,105
/ko/3.13/library/asyncio-task.html,7,7,0
/ko/3.13/library/heapq.html,7,7,29
/ko/3.13/library/html.parser.html,7,7,114
/ko/3.13/library/math.html,7,7,0
/ko/3.13/library/threading.html,7,7,97
/ko/3.13/tutorial/inputoutput.html,7,7,27
/ko/3.13/using/windows.html,7,7,0
/ko/3/library/datetime.html,7,7,0
/ko/3/library/fractions.html,7,7,0
/ko/3/reference/,7,7,1
/ko/3.13/,6,6,45
/ko/3.13/glossary.html,6,6,493
/ko/3.13/library/datetime.html,6,6,523
/ko/3.13/library/json.html,6,6,278
/ko/3.13/library/os.path.html,6,6,0
/ko/3.13/library/subprocess.html,6,6,183
/ko/3.13/library/xml.etree.elementtree.html,6,6,249
/ko/3/library/configparser.html,6,6,282
/3.13/tutorial/index.html,5,5,186
/ko/3.13/library/ast.html,5,5,0
/ko/3.13/library/copy.html,5,5,0
/ko/3.13/library/exceptions.html,5,5,0
/ko/3.13/library/http.client.html,5,5,0
/ko/3.13/library/intro.html,5,5,14
/ko/3.13/library/io.html,5,5,290
/ko/3.13/library/itertools.html,5,6,6
/ko/3.13/library/os.html,5,6,442
/ko/3.13/library/urllib.parse.html,5,5,3
/ko/3.13/tutorial/appetite.html,5,5,4
/ko/3/library/tempfile.html,5,5,0
/ko/3/library/tkinter.html,5,5,0
/ko/3/library/turtle.html,5,5,56
/ko/3/search.html,5,5,150
/ko/3/using/windows.html,5,6,1
/3.13/using/windows.html,4,4,1189
/3/library/os.html,4,4,1700
/3/tutorial/index.html,4,4,410
/ja/3/c-api/import.html,4,4,5
/ko/3.12/tutorial/index.html,4,6,366
/ko/3.13/howto/urllib2.html,4,5,5
/ko/3.13/library/collections.html,4,4,25
/ko/3.13/library/csv.html,4,4,0
/ko/3.13/library/ctypes.html,4,4,0
/ko/3.13/library/unittest.html,4,4,0
/ko/3.13/tutorial/controlflow.html,4,4,43
/ko/3/library/asyncio-sync.html,4,4,0
/ko/3/library/codecs.html,4,4,0
/ko/3/library/ipaddress.html,4,4,35
/ko/3/library/itertools.html,4,5,45
/ko/3/library/math.html,4,6,523
/ko/3/tutorial/appetite.html,4,4,76
/ko/3/tutorial/introduction.html,4,4,275
/3/reference/index.html,3,3,905
/3/tutorial/,3,3,396
/ko/3.12/library/functions.html,3,3,0
/ko/3.13/howto/ipaddress.html,3,3,9
/ko/3.13/index.html,3,3,538
/ko/3.13/library/abc.html,3,3,0
/ko/3.13/library/asyncio-eventloop.html,3,3,0
/ko/3.13/library/contextvars.html,3,4,0
/ko/3.13/library/http.server.html,3,3,183
/ko/3.13/library/lzma.html,3,3,63
/ko/3.13/library/pprint.html,3,3,1
/ko/3.13/library/shutil.html,3,3,0
/ko/3.13/library/smtplib.html,3,3,50
/ko/3.13/library/socket.html,3,3,18
/ko/3.13/library/time.html,3,3,302
/ko/3.13/reference/expressions.html,3,3,0
/ko/3.13/reference/import.html,3,3,2
/ko/3.13/using/unix.html,3,3,449
/ko/3.13/whatsnew/3.8.html,3,3,4
/ko/3.15/library/socketserver.html,3,3,22
/ko/3/extending/embedding.html,3,3,0
/ko/3/extending/extending.html,3,3,0
/ko/3/library/asyncio-task.html,3,4,132
/ko/3/library/logging.handlers.html,3,3,0
/ko/3/library/telnetlib.html,3,3,50
/ko/3/tutorial/venv.html,3,3,5
/ko/dev/using/index.html,3,3,5
/3.13/index.html,2,2,58
/3.13/whatsnew/3.13.html,2,2,170
/3.14/whatsnew/3.14.html,2,2,1080
/3/library/argparse.html,2,2,904
/3/library/idle.html,2,2,300
/3/library/io.html,2,2,676
/3/library/shutil.html,2,2,632
/3/library/subprocess.html,2,2,2806
/3/library/time.html,2,2,319
/3/library/turtle.html,2,2,273
/3/library/typing.html,2,2,202
/3/library/venv.html,2,2,166
/3/tutorial/controlflow.html,2,2,1454
/ja/3/library/mmap.html,2,2,30
/ko/3.13/contents.html,2,2,114
/ko/3.13/genindex.html,2,2,340
/ko/3.13/howto/functional.html,2,2,0
/ko/3.13/howto/logging.html,2,2,64
/ko/3.13/howto/unicode.html,2,2,25
/ko/3.13/library/argparse.html,2,2,4
/ko/3.13/library/atexit.html,2,2,0
/ko/3.13/library/calendar.html,2,2,0
/ko/3.13/library/codecs.html,2,2,8
/ko/3.13/library/dialog.html,2,2,136
/ko/3.13/library/difflib.html,2,2,0
/ko/3.13/library/importlib.html,2,2,0
/ko/3.13/library/inspect.html,2,2,0
/ko/3.13/library/logging.config.html,2,2,1044
/ko/3.13/library/pickle.html,2,2,0
/ko/3.13/library/queue.html,2,2,0
/ko/3.13/library/timeit.html,2,2,470
/ko/3.13/library/tkinter.ttk.html,2,2,0
/ko/3.13/library/unicodedata.html,2,2,56
/ko/3.13/library/zipapp.html,2,2,0
/ko/3.13/library/zipfile.html,2,2,646
/ko/3.13/using/editors.html,2,2,2
/ko/3.13/whatsnew/3.6.html,2,2,0
/ko/3.14/index.html,2,2,191
/ko/3.14/using/windows.html,2,2,566
/ko/3.14/whatsnew/3.14.html,2,2,42
/ko/3/glossary.html,2,2,0
/ko/3/howto/logging.html,2,2,4
/ko/3/howto/urllib2.html,2,2,0
/ko/3/library/,2,2,104
/ko/3/library/asyncio-stream.html,2,2,0
/ko/3/library/asyncio-subprocess.html,2,2,24
/ko/3/library/asyncio.html,2,2,0
/ko/3/library/random.html,2,2,0
/ko/3/library/re.html,2,2,0
/ko/3/reference/expressions.html,2,2,0
/ko/3/reference/introduction.html,2,2,16
/ko/3/tutorial/inputoutput.html,2,2,0
/ko/3/using/index.html,2,2,0
/ko/dev/c-api/init.html,2,2,0
/ko/dev/library/dis.html,2,2,0
/ko/dev/reference/expressions.html,2,2,0
/ko/dev/reference/import.html,2,2,0
/ko/dev/whatsnew/3.9.html,2,2,10
/3.12/library/codecs.html,1,1,337
/3.13/,1,1,7
/3.13/library/warnings.html,1,1,7753
/3.13/search.html,1,1,69
/3.13/tutorial/,1,1,63
/3.15/,1,1,193
/3.15/search.html,1,1,164
/3/c-api/memory.html,1,1,2329
/3/c-api/veryhigh.html,1,1,35
/3/faq/,1,1,913
/3/library/asyncio-eventloop.html,1,1,3
/3/library/contextvars.html,1,1,5
/3/library/copy.html,1,1,98
/3/library/datetime.html,1,1,2305
/3/library/difflib.html,1,1,0
/3/library/exceptions.html,1,1,25
/3/library/functions.html,1,1,0
/3/library/glob.html,1,1,2283
/3/library/gzip.html,1,1,167
/3/library/importlib.html,1,1,28
/3/library/index.html,1,1,1166
/3/library/itertools.html,1,1,273
/3/library/logging.html,1,1,0
/3/library/multiprocessing.html,1,1,71
/3/library/profile.html,1,1,117
/3/library/re.html,1,1,681
/3/library/sqlite3.html,1,1,1568
/3/library/ssl.html,1,1,203
/3/library/string.html,1,1,5283
/3/library/sys.html,1,1,1417
/3/library/syslog.html,1,1,10
/3/library/threading.html,1,1,5
/3/library/tkinter.html,1,1,7
/3/library/unittest.mock.html,1,1,11
/3/library/zipfile.html,1,1,11
/3/license.html,1,1,8
/3/py-modindex.html,1,1,48
/3/search.html,1,1,685
/3/tutorial/classes.html,1,1,23
/3/tutorial/floatingpoint.html,1,1,1311
/3/tutorial/modules.html,1,1,78
/3/whatsnew/3.12.html,1,1,20
/3/whatsnew/3.9.html,1,1,2193
/ko/3.12/,1,1,0
/ko/3.12/c-api/utilities.html,1,1,0
/ko/3.12/contents.html,1,1,4968
/ko/3.12/howto/sockets.html,1,1,0
/ko/3.12/installing/index.html,1,1,0
/ko/3.12/library/dialog.html,1,1,0
/ko/3.12/library/idle.html,1,1,0
/ko/3.12/library/index.html,1,1,9
/ko/3.12/library/random.html,1,1,25
/ko/3.12/library/stdtypes.html,1,1,149
/ko/3.12/library/subprocess.html,1,1,0
/ko/3.12/tutorial/venv.html,1,1,0
/ko/3.12/using/windows.html,1,1,0
/ko/3.12/whatsnew/3.8.html,1,1,0
/ko/3.13/c-api/arg.html,1,1,191
/ko/3.13/c-api/coro.html,1,1,84
/ko/3.13/c-api/index.html,1,1,112
/ko/3.13/c-api/long.html,1,1,0
/ko/3.13/extending/extending.html,1,1,0
/ko/3.13/extending/index.html,1,1,627
/ko/3.13/howto/enum.html,1,1,0
/ko/3.13/library/array.html,1,1,0
/ko/3.13/library/asyncio-dev.html,1,1,26
/ko/3.13/library/asyncio-exceptions.html,1,1,0
/ko/3.13/library/asyncio-policy.html,1,1,0
/ko/3.13/library/asyncio-runner.html,1,1,490
/ko/3.13/library/base64.html,1,1,138
/ko/3.13/library/constants.html,1,1,0
/ko/3.13/library/curses.html,1,1,0
/ko/3.13/library/development.html,1,1,0
/ko/3.13/library/devmode.html,1,1,10
/ko/3.13/library/fnmatch.html,1,1,29
/ko/3.13/library/ftplib.html,1,1,0
/ko/3.13/library/graphlib.html,1,1,5
/ko/3.13/library/gzip.html,1,1,0
/ko/3.13/library/ipaddress.html,1,1,0
/ko/3.13/library/logging.html,1,1,0
/ko/3.13/library/marshal.html,1,1,0
/ko/3.13/library/mimetypes.html,1,1,0
/ko/3.13/library/mmap.html,1,1,0
/ko/3.13/library/numeric.html,1,1,0
/ko/3.13/library/pdb.html,1,1,0
/ko/3.13/library/pyexpat.html,1,1,0
/ko/3.13/library/readline.html,1,1,66
/ko/3.13/library/runpy.html,1,1,0
/ko/3.13/library/selectors.html,1,1,0
/ko/3.13/library/ssl.html,1,1,0
/ko/3.13/library/struct.html,1,1,0
/ko/3.13/library/sys.html,1,1,0
/ko/3.13/library/tarfile.html,1,1,0
/ko/3.13/library/test.html,1,1,0
/ko/3.13/library/tk.html,1,1,0
/ko/3.13/library/tkinter.font.html,1,1,0
/ko/3.13/library/tracemalloc.html,1,1,0
/ko/3.13/library/typing.html,1,1,0
/ko/3.13/library/unittest.mock.html,1,1,0
/ko/3.13/library/urllib.html,1,1,0
/ko/3.13/library/urllib.request.html,1,1,0
/ko/3.13/library/zoneinfo.html,1,1,11
/ko/3.13/py-modindex.html,1,1,19
/ko/3.13/reference/simple_stmts.html,1,1,51
/ko/3.13/tutorial/,1,1,0
/ko/3.13/tutorial/floatingpoint.html,1,1,0
/ko/3.13/whatsnew/3.13.html,1,1,0
/ko/3.14/extending/extending.html,1,1,0
/ko/3.14/py-modindex.html,1,1,0
/ko/3.14/tutorial/index.html,1,1,382
/ko/3.15/library/index.html,1,1,0
/ko/3.15/reference/index.html,1,1,20
/ko/3.15/reference/simple_stmts.html,1,1,63
/ko/3/c-api/init.html,1,1,1
/ko/3/c-api/intro.html,1,1,0
/ko/3/c-api/memoryview.html,1,1,0
/ko/3/distributing/index.html,1,1,3
/ko/3/extending/newtypes_tutorial.html,1,1,20
/ko/3/howto/functional.html,1,1,0
/ko/3/howto/logging-cookbook.html,1,1,39
/ko/3/howto/sorting.html,1,1,0
/ko/3/index.html,1,1,735
/ko/3/library/argparse.html,1,1,0
/ko/3/library/asyncio-queue.html,1,1,0
/ko/3/library/collections.html,1,1,0
/ko/3/library/csv.html,1,1,0
