name,visitors,bounce_rate,visit_duration
python.org,12644,80,27
Direct / None,4268,82,45
Google,1912,84,46
docs.python.org,1034,78,59
Bing,162,80,76
Yandex,149,90,20
devguide.python.org,139,73,34
GitHub,114,92,34
chatgpt.com,113,88,75
DuckDuckGo,111,85,44
Brave,69,89,19
boot.dev,69,94,9
netacad.com,57,98,1
realpython.com,48,94,1
discuss.python.org,45,87,46
udemy.com,40,96,11
pypi.org,38,77,153
packaging.python.org,37,62,26
LinkedIn,35,89,5
cs50.harvard.edu,27,93,9
Hacker News,26,100,0
docs.astral.sh,25,84,32
s3.eu-west-1.amazonaws.com,21,83,38
astral.sh,19,78,190
cs50.readthedocs.io,19,95,73
substack,19,90,102
Ecosia,17,88,25
Twitter,15,87,10
brightspace.tudelft.nl,15,100,0
snarky.ca,14,86,1
codecademy.com,13,79,97
getcracked.io,13,62,108
typing.python.org,13,77,106
Youtube,11,73,129
Gmail,10,80,4
docs.sqlalchemy.org,10,100,0
habr.com,10,64,6
cms.unir.net,9,78,113
freecodecamp.org,9,89,4
qiita.com,9,78,33
Microsoft Teams,8,88,1
Yahoo!,8,75,11
hackerrank.com,8,100,0
learn.snhu.edu,8,88,2
python.p2hp.com,8,75,17
metanit.com,7,100,0
wsgi.readthedocs.io,7,86,244
Baidu,6,100,0
Wikipedia,6,67,530
edube.org,6,67,8
fishc.com.cn,6,100,0
link.zhihu.com,6,100,0
python-poetry.org,6,83,299
ru.hexlet.io,6,100,0
Facebook,5,100,0
Perplexity,5,100,0
alt-61d42c1e6231a.blackboard.com,5,100,0
campusvirtual.ub.edu,5,100,0
china-testing.github.io,5,100,0
copilot.microsoft.com,5,100,0
courses.campus.gov.il,5,100,0
ftims.edu.p.lodz.pl,5,60,203
futurelearn.com,5,80,6
moodle.utb.cz,5,100,0
openclassrooms.com,5,100,0
pdm-project.org,5,60,0
pip.pypa.io,5,80,4
pycoders.com,5,50,162
setuptools.pypa.io,5,100,0
test.python.org,5,80,2
Reddit,4,75,8
Telegram,4,75,98
asgi.readthedocs.io,4,75,2
cursos.alura.com.br,4,100,0
discussions.edx.org,4,100,0
doubao.com,4,100,0
flake8rules.com,4,80,257
go.bsky.app,4,100,0
my.sky.pro,4,80,262
mypy.readthedocs.io,4,100,0
nicholashairs.com,4,50,115
pydevtools.com,4,100,0
python-forum.io,4,100,0
pythoninsider.blogspot.com,4,100,0
sphinx-doc.org,4,50,20
typing-extensions.readthedocs.io,4,75,1
Slack,3,100,0
canvas.hull.ac.uk,3,100,0
chat.qwen.ai,3,100,0
code-basics.com,3,100,0
code.s3.yandex.net,3,100,0
courses.edx.org,3,100,0
courses.maine.edu,3,100,0
dodona.be,3,100,0
elearn.epam.com,3,67,1
en.wikibooks.org,3,100,0
infoworld.com,3,100,0
learn.uq.edu.au,3,50,60
learnpython.com,3,67,55
m365.cloud.microsoft,3,33,259
moodle.chisholm.edu.au,3,67,250
mypy-lang.org,3,33,3
namu.wiki,3,100,0
numpydoc.readthedocs.io,3,67,42
olympus.mygreatlearning.com,3,67,5
palletsprojects.com,3,100,0
pep8-ja.readthedocs.io,3,67,254
pep8.org,3,100,0
proproprogs.ru,3,100,0
psycopg.org,3,100,0
python3.info,3,33,147
pythoncheatsheet.org,3,100,0
softserve.academy,3,100,0
validate-pyproject.readthedocs.io,3,67,0
192.168.50.67,2,100,0
Amazon,2,50,29
Seznam Mail,2,100,0
SourceForge,2,100,0
academy.hackthebox.com,2,100,0
akshare.akfamily.xyz,2,100,0
aninterestingwebsite.com,2,100,0
appacademy.io,2,100,0
attrs.org,2,100,0
avanza.educarex.es,2,100,0
bandersnatch.readthedocs.io,2,50,934
blog.codingconfessions.com,2,100,0
blog.pyodide.org,2,0,1602
chromium.googlesource.com,2,100,0
claude.ai,2,100,0
cnblogs.com,2,100,0
codeforces.com,2,100,0
confluence.warta.pl,2,100,0
courses.baobabplatform.org,2,100,0
d2l.ucalgary.ca,2,100,0
dicoding.com,2,50,10
directdevops.blog,2,100,0
doc.renpy.cn,2,100,0
docs.aiohttp.org,2,100,0
docs.pydantic.dev,2,100,0
docs.ros.org,2,100,0
educacionadistancia.juntadeandalucia.es,2,100,0
elearning.shanghaitech.edu.cn,2,100,0
engineering.fb.com,2,100,0
gitee.com,2,50,5
inventwithpython.com,2,100,0
jupyter-vorkurs.informatik.rwth-aachen.de,2,100,0
k14eszn58mj.feishu.cn,2,100,0
ksi.fi.muni.cz,2,100,0
launchschool.com,2,100,0
learn-2.galvanize.com,2,100,0
learn.codeinstitute.net,2,100,0
learn.rrc.ca,2,100,0
learn.ucu.edu.ua,2,100,0
link.csdn.net,2,100,0
maharatech.gov.eg,2,100,0
mail.python.org,2,50,2
medium.com,2,100,0
moodle.brunswickcc.edu,2,33,114
moodle.fernuni-hagen.de,2,100,0
moodle.innopolis.university,2,100,0
moodle.taltech.ee,2,100,0
msys2.org,2,0,510
mylearning.suny.edu,2,100,0
node-server.online,2,100,0
notebooks.githubusercontent.com,2,100,0
nox.thea.codes,2,50,8
numpy.org,2,100,0
openai,2,100,0
opennet.ru,2,100,0
packaging.pypa.io,2,50,306
pylint.readthedocs.io,2,100,0
pyloong.github.io,2,100,0
pymysql.readthedocs.io,2,50,108
python-academy.org,2,100,0
python.org.,2,100,0
python.pages.doc.ic.ac.uk,2,100,0
python.uihtm.com,2,100,0
pythonsnacks.com,2,50,14
pythonzen-pep8-exam.com,2,50,400
qna.habr.com,2,100,0
raspberrytips.com,2,100,0
rl.talis.com,2,100,0
stcc.blackboard.com,2,100,0
studytafensw.edu.au,2,100,0
trello.com,2,100,0
user.ocl.open.ac.uk,2,50,0
wsgi.tutorial.codepoint.net,2,100,0
www.pythonsnacks.com,2,100,0
192.168.120.130,1,100,0
Mail.ru,1,100,0
StackOverflow,1,100,0
Vkontakte,1,0,58
aicomms.dev.bloomberg.com,1,100,0
app.codica.la,1,100,0
app.masterschool.com,1,100,0
app.perusall.com,1,0,20
aprendepython.es,1,100,0
askmany.cn,1,0,4
auc-excel.officeapps.live.com,1,100,0
aura-42.elea.apps.education.fr,1,100,0
bangseongbeom.com,1,0,159
bazel.build,1,100,0
bbgithub.dev.bloomberg.com,1,100,0
benhoyt.com,1,0,64
best-practice-and-impact.github.io,1,100,0
blackboard.waketech.edu,1,100,0
blog-archive.betamao.me,1,100,0
blog.changs.co.uk,1,0,226
blog.codacy.com,1,100,0
blog.csdn.net,1,100,0
blog.jetbrains.com,1,100,0
blog.pyq.jp,1,100,0
bookstack.cn,1,100,0
bottlepy.org,1,100,0
br0k3nlab.com,1,0,659
byroot.github.io,1,100,0
bytedance.larkoffice.com,1,100,0
bytetech.info,1,100,0
capgemini.udemy.com,1,100,0
chennesy.github.io,1,100,0
cisco.udemy.com,1,100,0
classroom.emeritus.org,1,100,0
cloud.siliconflow.cn,1,0,329
code.courses-watspeed.uwaterloo.ca,1,0,328
coderivers.org,1,100,0
col-ex.org,1,0,62
comp1005.github.io,1,100,0
confluence.nvidia.com,1,100,0
cookiecutter.readthedocs.io,1,100,0
cosmicpython.com,1,0,121
cs.stanford.edu,1,100,0
cuiqingcai.com,1,100,0
cupi2-ip.github.io,1,100,0
cython.readthedocs.io,1,100,0
datacamp.com,1,100,0
davepeck.org,1,0,166
devdocs.programmers.co.kr,1,100,0
developer.blender.org,1,100,0
developer.cisco.com,1,100,0
developer.mozilla.org,1,100,0
developer.rhino3d.com,1,100,0
developer.vonage.com,1,100,0
digitology.tech,1,100,0
direct.mit.edu,1,100,0
discourse.mcneel.com,1,100,0
doc.sagemath.org,1,100,0
docs.aiogram.dev,1,100,0
docs.basedpyright.com,1,100,0
docs.blender.org,1,100,0
docs.brew.sh,1,0,1165
docs.deps.dev,1,100,0
docs.djangoproject.com,1,100,0
docs.kedro.org,1,100,0
docs.krita.org,1,100,0
docs.pytest.org,1,100,0
docs.python-guide.org,1,100,0
docs.pytorch.org,1,100,0
docs.sympy.org,1,100,0
docs.wagtail.org,1,100,0
docutils.sourceforge.io,1,0,44
dsc20.org,1,100,0
dublog.net,1,100,0
duckdb.org,1,100,0
e-class.tsu.ru,1,100,0
editorial.adrformacion.com,1,100,0
eips.ethereum.org,1,100,0
elearn.unigis.at,1,100,0
elearning.unideb.hu,1,100,0
elpythonista.com,1,100,0
en.fofa.info,1,100,0
engineersmeetai.substack.com,1,100,0
entrenamiento-frameworks-web-python.readthedocs.io,1,100,0
eportal.pwr.edu.pl,1,100,0
ericmjl.github.io,1,0,1
escuelaonline.elitelogis.com,1,100,0
estudia.zpsb.pl,1,0,138
evaluation.woa.com,1,100,0
event.on24.com,1,100,0
excel-ubara.com,1,100,0
fastapidozero.dunossauro.com,1,100,0
fgclearning.udemy.com,1,100,0
firebirdsql.org,1,100,0
formacion.fundacionadecco.org,1,100,0
forums.raspberrypi.com,1,100,0
fstring.help,1,0,47
gdevops.frama.io,1,100,0
gds-way.digital.cabinet-office.gov.uk,1,0,170
gecgithub01.walmart.com,1,100,0
gem5.org,1,100,0
github.qmul.ac.uk,1,100,0
go.skillbox.ru,1,100,0
goodresearch.dev,1,100,0
google.github.io,1,0,1
hackerweb.app,1,100,0
hatch.pypa.io,1,100,0
helve-blog.com,1,100,0
hexlet.io,1,100,0
hidden-shapes.com,1,100,0
highlands.view.usg.edu,1,100,0
hudsonrivertrading.com,1,100,0
