property,value,visitors,events,percentage
url,(none),2104,3370,99.4
url,https://peps.python.org/pep-0745/,52,56,2.5
url,https://www.python.org/,33,37,1.6
url,https://peps.python.org/pep-0779/,17,17,0.8
url,https://peps.python.org/pep-0750/,14,14,0.7
url,https://peps.python.org/pep-0649/,10,10,0.5
url,https://peps.python.org/pep-0749/,10,11,0.5
url,https://peps.python.org/pep-0765/,9,9,0.4
url,https://discuss.python.org/t/pep-779-criteria-for-supported-status-for-free-threaded-python/84319/123,8,8,0.4
url,https://www.python.org/downloads/,7,8,0.3
url,https://apps.microsoft.com/detail/9NQ7512CXL7T,3,3,0.1
url,https://peps.python.org/pep-0734/,3,3,0.1
url,https://peps.python.org/pep-0784/,3,3,0.1
url,https://support.apple.com/en-us/HT201732,3,3,0.1
url,https://devguide.python.org/,2,2,0.1
url,https://github.com/python/cpython/tree/3.14/Lib/asyncio/runners.py,2,2,0.1
url,https://github.com/python/cpython/tree/3.14/Lib/concurrent/futures/interpreter.py,2,2,0.1
url,https://packaging.python.org/en/latest/tutorials/installing-packages/,2,2,0.1
url,https://peps.python.org/,2,2,0.1
url,https://peps.python.org/pep-0758/,2,2,0.1
url,https://pypi.org/project/telnetlib3/,2,2,0.1
url,https://wiki.python.org/moin/PythonBooks,2,2,0.1
url,https://www.python.org/doc/versions/,2,2,0.1
url,https://www.python.org/downloads/macos/,2,2,0.1
url,https://datatracker.ietf.org/doc/html/rfc9512.html,1,2,0.0
url,https://datatracker.ietf.org/doc/html/rfc9562.html#section-5.8,1,1,0.0
url,https://emscripten.org/docs/porting/emscripten-runtime-environment.html,1,1,0.0
url,https://en.wikipedia.org/wiki/Tail_call,1,1,0.0
url,https://facebook.github.io/zstd/,1,1,0.0
url,https://facebook.github.io/zstd/doc/api_manual_latest.html,1,1,0.0
url,https://github.com/llvm/llvm-project/issues/106846,1,1,0.0
url,https://github.com/python/cpython/blob/main/Doc/library/dialog.rst?plain=1,1,1,0.0
url,https://github.com/python/cpython/issues/116022,1,1,0.0
url,https://github.com/python/cpython/issues/124533,1,1,0.0
url,https://github.com/python/cpython/issues/132449,1,1,0.0
url,https://github.com/python/cpython/issues/135228,1,1,0.0
url,https://github.com/python/cpython/issues/137079,1,1,0.0
url,https://github.com/python/cpython/issues/137426,1,1,0.0
url,https://github.com/python/cpython/issues/137883,1,1,0.0
url,https://github.com/python/cpython/issues/73991,1,1,0.0
url,https://github.com/python/cpython/issues/74028,1,1,0.0
url,https://github.com/python/cpython/tree/3.14/Lib/sysconfig,1,1,0.0
url,https://github.com/python/cpython/tree/3.14/Lib/tkinter/commondialog.py,1,1,0.0
url,https://github.com/python/cpython/tree/3.14/Lib/webbrowser.py,1,1,0.0
url,https://infozip.sourceforge.net/,1,1,0.0
url,https://packaging.python.org/en/latest/tutorials/packaging-projects/,1,1,0.0
url,https://packaging.python.org/extensions/,1,1,0.0
url,https://peps.python.org/pep-0007/,1,1,0.0
url,https://peps.python.org/pep-0554/,1,1,0.0
url,https://peps.python.org/pep-0659/,1,1,0.0
url,https://peps.python.org/pep-0683/,1,1,0.0
url,https://peps.python.org/pep-0684/,1,1,0.0
url,https://peps.python.org/pep-0703/,1,1,0.0
url,https://peps.python.org/pep-0744/,1,1,0.0
url,https://peps.python.org/pep-0776/,1,1,0.0
url,https://pypi.org/,1,1,0.0
url,https://pypi.org/project/Exscript/,1,1,0.0
url,https://pypi.org/project/UniCurses/,1,1,0.0
url,https://requests.readthedocs.io/en/master/,1,1,0.0
url,https://support.apple.com/en-us/102445,1,1,0.0
url,https://wiki.python.org/moin/BeginnersGuide,1,1,0.0
url,https://www.anaconda.com/download/,1,1,0.0
url,https://www.chiark.greenend.org.uk/~sgtatham/bugs.html,1,1,0.0
url,https://www.pypa.io/,1,1,0.0
url,https://www.python.org/doc/av/,1,1,0.0
