name,visitors,bounce_rate,visit_duration
Direct / None,1346,82,138
Google,546,75,137
es.python.org,52,54,181
Brave,35,80,137
Bing,28,74,406
python.org,25,0,310
chatgpt.com,16,68,144
GitHub,7,100,1
DuckDuckGo,6,100,0
Perplexity,6,80,254
Yahoo!,6,83,187
ecursos.claseejecutiva.cl,5,60,14
translations.python.org,5,80,204
wiki.python.org.ar,5,100,0
app.aluracursos.com,4,100,371
developer.mozilla.org,4,75,29
wiki.python.org,3,100,42
Baidu,2,100,104
Ecosia,2,100,0
aulavirtual2.unap.edu.pe,2,100,0
aulavirtual32.educa.madrid.org,2,50,10
copilot.microsoft.com,2,100,488
deepvisionh2m.systeme.io,2,100,0
fpvirtualaragon.es,2,100,0
leer.amazon.com.mx,2,100,0
netacad.com,2,0,270
roadmap.sh,2,0,2
skilio.com,2,50,14
biopython.org,1,0,207
campus.ebiseducation.com,1,100,0
campus.umanizalesvirtual.edu.co,1,100,0
campus110.unad.edu.co,1,0,1747
campusvirtual.ull.es,1,0,96
claude.ai,1,0,43
cnsc.gov.co,1,0,0
cursos.ringa.tech,1,100,0
escueladigital3.mendoza.edu.ar,1,100,0
formacionpermanente.cursosvirtuales.uned.es,1,100,0
freecodecamp.org,1,100,0
hablemospython.dev,1,100,0
libros.catedu.es,1,0,3832
lms.skillfactory.ru,1,0,445
m.so.com,1,0,29
media.spainbs.com,1,0,1
moodle.educarex.es,1,100,0
pip.pypa.io,1,0,1902
pit-virtual.uni.edu.pe,1,0,114
strftime.org,1,0,0
umh.es,1,0,170
wired-7.org,1,100,0
zajuna.sena.edu.co,1,100,0
