name,version,visitors
Chrome,138.0,7514
Microsoft Edge,138.0,4521
Mobile App,(not set),1206
Firefox,140.0,863
Safari,18.5,521
Opera,119.0,488
Chrome,137.0,390
Yandex Browser,25.6,153
Chrome,136.0,115
Opera,120.0,104
Microsoft Edge,137.0,102
Mobile App,97.0,98
Huawei Browser Mobile,16.0,94
Chrome,122.0,91
Chrome,132.0,79
Smart Lenovo Browser,9.0,77
Firefox,128.0,70
vivo Browser,25.4,70
Chrome,109.0,59
Chrome,135.0,57
Microsoft Edge,136.0,54
Chrome,131.0,44
Quark,(not set),42
Microsoft Edge,92.0,38
Chrome,133.0,36
Safari,17.6,34
Microsoft Edge,135.0,32
Chrome,134.0,30
Samsung Browser,28.0,30
Firefox,139.0,28
Avast Secure Browser,137.0,26
Mobile App,138.0,26
Chrome,114.0,24
Chrome,128.0,24
Chrome,129.0,24
Microsoft Edge,131.0,24
Safari,18.3,23
Safari,26.0,22
Microsoft Edge,133.0,21
MIUI Browser,19.8,21
vivo Browser,25.3,21
Whale Browser,4.32,21
Quark,7.14,21
vivo Browser,25.2,20
Chrome,130.0,19
Chrome,127.0,18
Microsoft Edge,132.0,18
Microsoft Edge,134.0,18
Safari,15.6,17
vivo Browser,25.1,17
Microsoft Edge,139.0,16
Safari,17.5,16
Sogou Explorer,2,16
vivo Browser,24.9,16
Microsoft Edge,122.0,15
Safari,16.6,15
Chrome,86.0,15
Chrome,126.0,14
Microsoft Edge,126.0,14
AVG Secure Browser,137.0,14
Chrome,116.0,13
Safari,17.4,13
MIUI Browser,19.3,12
QQ Browser,19.4,12
Firefox,127.0,11
Chrome,140.0,11
Safari,18.4,11
MIUI Browser,19.7,11
Chrome,119.0,10
Firefox,136.0,10
Firefox,138.0,10
Chrome,139.0,10
MIUI Browser,19.9,10
Microsoft Edge,100.0,9
Microsoft Edge,109.0,9
Firefox,115.0,9
Chrome,118.0,9
Chrome,123.0,9
Microsoft Edge,128.0,9
Microsoft Edge,130.0,9
Firefox,137.0,9
Firefox,141.0,9
Safari,18.0,9
QQ Browser,19.2,9
Chrome,92.0,9
Safari,(not set),8
Microsoft Edge,114.0,8
Mobile App,114.0,8
Chrome,120.0,8
Microsoft Edge,127.0,8
Firefox,135.0,8
MIUI Browser,14.10,8
UC Browser,17.8,8
Microsoft Edge,18.17763,8
Chrome,97.0,8
Chrome,108.0,7
Chrome,121.0,7
Chrome,124.0,7
Chrome,125.0,7
Safari,17.3,7
Safari,18.6,7
Yandex Browser,25.4,7
Quark,7.13,7
Opera,95.0,7
vivo Browser,10.8,6
Chrome,101.0,6
Avast Secure Browser,109.0,6
Huawei Browser,12.1,6
Microsoft Edge,120.0,6
Microsoft Edge,129.0,6
Mobile App,131.0,6
Avast Secure Browser,138.0,6
Safari,16.1,6
Safari,17.13,6
Safari,18.1,6
Chrome,96.0,6
(not set),(not set),5
Chrome,107.0,5
Safari,14.1,5
Microsoft Edge,14.14393,5
Microsoft Edge,15.15063,5
Safari,16.0,5
Microsoft Edge,18.18362,5
Microsoft Edge,18.18363,5
vivo Browser,24.7,5
vivo Browser,24.8,5
vivo Browser,25.0,5
Mobile App,83.0,5
Opera,90.0,5
Chrome,102.0,4
Chrome,112.0,4
Microsoft Edge,115.0,4
Huawei Browser Mobile,12.1,4
Safari,13.1,4
QQ Browser,13.5,4
Firefox,133.0,4
Microsoft Edge,140.0,4
Firefox,140.3,4
Safari,16.3,4
Safari,16.5,4
UC Browser,17.7,4
Samsung Browser,28.1,4
360 Secure Browser,(not set),3
Microsoft Edge,103.0,3
Chrome,106.0,3
Microsoft Edge,107.0,3
Opera,114.0,3
Firefox,116.0,3
Microsoft Edge,117.0,3
Opera,118.0,3
Microsoft Edge,119.0,3
Microsoft Edge,121.0,3
Microsoft Edge,123.0,3
Microsoft Edge,125.0,3
Firefox,131.0,3
Firefox,132.0,3
Norton Private Browser,137.0,3
Huawei Browser Mobile,15.0,3
Safari,16.4,3
Safari,18.2,3
vivo Browser,18.7,3
QQ Browser,6.2,3
Microsoft Edge,84.0,3
Chrome,85.0,3
Microsoft Edge,90.0,3
Chrome,91.0,3
Firefox,91.0,3
Mobile App,92.0,3
Chrome,98.0,3
Microsoft Edge,98.0,3
Chrome,99.0,3
Mobile App,99.0,3
Chrome,100.0,2
Firefox,101.0,2
Microsoft Edge,102.0,2
Mobile App,103.0,2
Firefox,103.0,2
Chrome,103.0,2
Chrome,105.0,2
Microsoft Edge,105.0,2
Mobile App,109.0,2
Chrome,109.1,2
vivo Browser,11.1,2
Meizu Browser,11.24,2
Microsoft Edge,111.0,2
Microsoft Edge,113.0,2
Chrome,113.0,2
Mobile App,117.0,2
Chrome,117.0,2
Microsoft Edge,118.0,2
QQ Browser,12.2,2
QQ Browser,12.7,2
Mobile App,120.0,2
Mobile App,126.0,2
Avast Secure Browser,129.0,2
QQ Browser,13.0,2
MIUI Browser,13.25,2
vivo Browser,13.7,2
Mobile App,130.0,2
Avast Secure Browser,131.0,2
CCleaner,134.0,2
Mobile App,136.0,2
Mobile Silk,136.7,2
Firefox,142.0,2
Microsoft Edge,17.17134,2
Microsoft Edge,18.19041,2
QQ Browser,19.1,2
QQ Browser,19.3,2
MIUI Browser,19.4,2
vivo Browser,23.2,2
vivo Browser,23.4,2
vivo Browser,24.6,2
Yandex Browser,25.2,2
Yandex Browser,25.20,2
vivo Browser,25.5,2
SberBrowser,28.0,2
Chrome,49.0,2
Huawei Browser Mobile,5.1,2
Quark,7.11,2
Microsoft Edge,80.0,2
Opera,86.0,2
Mobile App,87.0,2
Chrome,87.0,2
Microsoft Edge,89.0,2
Mobile App,90.0,2
Microsoft Edge,91.0,2
Microsoft Edge,94.0,2
Chrome,95.0,2
Brave,(not set),1
NetFront,(not set),1
MIUI Browser,1.0,1
vivo Browser,10.9,1
MIUI Browser,10.9,1
Mobile App,101.0,1
Microsoft Edge,101.0,1
Firefox,102.0,1
Firefox,106.0,1
Microsoft Edge,106.0,1
Opera,107.0,1
Microsoft Edge,108.0,1
Firefox,108.0,1
Huawei Browser Mobile,11.1,1
vivo Browser,11.6,1
Microsoft Edge,110.0,1
Chrome,110.0,1
Firefox,111.0,1
Chrome,111.0,1
Microsoft Edge,112.0,1
Opera,112.0,1
Firefox,114.0,1
Opera,115.0,1
Firefox,116,1
Huawei Browser Mobile,12.0,1
QQ Browser,12.0,1
vivo Browser,12.9,1
Ecosia,129.0,1
Mobile App,129.0,1
QQ Browser,13.1,1
vivo Browser,13.2,1
QQ Browser,13.2,1
QQ Browser,13.3,1
QQ Browser,13.4,1
QQ Browser,13.7,1
Firefox,130.0,1
Iron,131.0,1
Firefox,134.0,1
Mobile App,137.0,1
Huawei Browser Mobile,14.0,1
Microsoft Edge,14.14385,1
MIUI Browser,14.37,1
vivo Browser,14.5,1
Safari,15.0,1
QQ Browser,15.2,1
Safari,15.2,1
Safari,15.3,1
UC Browser,15.4,1
Safari,15.4,1
Safari,15.5,1
Microsoft Edge,16.16299,1
UC Browser,16.6,1
UC Browser,17.3,1
UC Browser,17.6,1
vivo Browser,17.7,1
Safari,17.7,1
MIUI Browser,17.7,1
MIUI Browser,18.3,1
MIUI Browser,19.0,1
QQ Browser,19.0,1
Safari,19.0,1
MIUI Browser,19.6,1
vivo Browser,20.9,1
vivo Browser,21.2,1
vivo Browser,21.7,1
vivo Browser,22.1,1
vivo Browser,23.3,1
vivo Browser,23.5,1
vivo Browser,23.6,1
vivo Browser,23.7,1
Falkon,24.01,1
Yandex Browser,24.10,1
