name,visitors,pageviews,bounce_rate,time_on_page,scroll_depth
/zh-cn/3/tutorial/index.html,724,871,56,41,59
/zh-cn/3/,648,804,49,22,77
/zh-cn/3.14/,484,564,33,25,80
/zh-cn/3/library/index.html,426,581,50,43,46
/zh-cn/3.14/tutorial/index.html,384,460,43,36,64
/zh-cn/3/library/idle.html,319,385,69,32,25
/zh-cn/3/tutorial/interpreter.html,254,261,57,874,83
/zh-cn/3.14/library/index.html,250,365,39,51,52
/zh-cn/3/tutorial/introduction.html,242,238,83,250,60
/zh-cn/3/tutorial/controlflow.html,230,231,77,2238,45
/zh-cn/3.13/tutorial/index.html,229,288,53,36,56
/zh-cn/3/library/functions.html,226,256,69,89,37
/zh-cn/3.15/using/windows.html,207,189,70,74,27
/zh-cn/3/reference/index.html,197,245,45,43,77
/zh-cn/3.14/tutorial/introduction.html,183,192,55,191,64
/zh-cn/3.14/tutorial/interpreter.html,175,157,56,68,82
/zh-cn/3/tutorial/appetite.html,172,160,48,56,90
/zh-cn/3.14/tutorial/controlflow.html,163,165,64,275,53
/zh-cn/3/search.html,157,203,40,18,57
/zh-cn/3.14/whatsnew/3.14.html,156,144,72,84,26
/zh-cn/3/using/index.html,153,150,61,10,79
/zh-cn/3/library/stdtypes.html,150,140,80,164,37
/zh-cn/3.14/tutorial/appetite.html,147,117,43,80,92
/zh-cn/3/using/mac.html,141,143,75,74,47
/zh-cn/3.14/library/stdtypes.html,139,142,63,89,43
/zh-cn/3.14/search.html,139,168,46,41,51
/zh-cn/3.14/index.html,137,181,39,25,79
/zh-cn/3.13/library/idle.html,130,140,82,27,24
/zh-cn/3/library/turtle.html,129,144,87,78,21
/zh-cn/3/tutorial/datastructures.html,119,130,70,157,51
/zh-cn/3.14/library/functions.html,117,128,52,97,36
/zh-cn/3/index.html,116,135,39,21,79
/zh-cn/3.14/reference/index.html,112,117,43,28,73
/zh-cn/3.13/,111,122,57,18,73
/zh-cn/3.14/tutorial/datastructures.html,111,103,75,226,60
/zh-cn/3/contents.html,107,107,44,35,17
/zh-cn/3/library/venv.html,104,107,90,78,37
/zh-cn/3.14/download.html,101,87,62,31,96
/zh-cn/3/glossary.html,100,90,50,66,48
/zh-cn/3/tutorial/,100,136,54,72,47
/zh-cn/3/tutorial/classes.html,93,89,83,1708,55
/zh-cn/3.14/glossary.html,87,79,56,57,40
/zh-cn/3.13/library/index.html,83,105,48,38,45
/zh-cn/3.14/contents.html,81,89,48,20,18
/zh-cn/3/library/,81,101,53,22,40
/zh-cn/3/library/math.html,80,79,85,67,30
/zh-cn/3.13/tutorial/controlflow.html,79,83,69,256,52
/zh-cn/3.13/tutorial/interpreter.html,78,82,64,80,80
/zh-cn/3/download.html,75,57,48,25,95
/zh-cn/3.14/tutorial/classes.html,74,71,70,294,63
/zh-cn/3.13/tutorial/introduction.html,73,75,67,187,56
/zh-cn/3/tutorial/modules.html,72,73,84,271,48
/zh-cn/3.12/tutorial/index.html,66,78,50,23,55
/zh-cn/3.14/using/index.html,66,91,43,16,82
/zh-cn/3/using/windows.html,66,58,64,53,20
/zh-cn/3/reference/datamodel.html,65,49,82,227,45
/zh-cn/3.14/using/windows.html,63,63,70,67,25
/zh-cn/3.13/using/android.html,61,67,75,37,91
/zh-cn/3/library/re.html,61,60,91,178,42
/zh-cn/3.12/library/index.html,60,85,59,66,49
/zh-cn/3.14/tutorial/modules.html,60,63,57,359,65
/zh-cn/3/whatsnew/3.14.html,60,57,68,175,26
/zh-cn/3/reference/lexical_analysis.html,59,61,77,224,58
/zh-cn/3.13/tutorial/appetite.html,58,48,64,53,87
/zh-cn/3/library/argparse.html,58,58,85,37,19
/zh-cn/3/library/multiprocessing.html,58,62,91,54,20
/zh-cn/3.13/index.html,57,85,53,14,82
/zh-cn/3.14/tutorial/inputoutput.html,57,56,52,104,65
/zh-cn/3.13/using/index.html,54,55,64,10,83
/zh-cn/3.14/installing/index.html,54,47,82,52,80
/zh-cn/3/reference/compound_stmts.html,54,45,72,67,52
/zh-cn/3/py-modindex.html,53,52,35,17,63
/zh-cn/3/tutorial/inputoutput.html,53,51,55,232,59
/zh-cn/3/library/typing.html,50,56,82,121,37
/zh-cn/3/reference/introduction.html,49,53,62,73,83
/zh-cn/3.14/reference/compound_stmts.html,48,45,43,81,43
/zh-cn/3.14/reference/datamodel.html,48,47,64,59,39
/zh-cn/3/library/tkinter.html,48,48,76,101,54
/zh-cn/3.15/,47,48,67,12,88
/zh-cn/3.14/py-modindex.html,46,47,43,30,48
/zh-cn/3/howto/index.html,46,43,64,12,89
/zh-cn/3.14/tutorial/,45,54,57,68,61
/zh-cn/3.14/tutorial/stdlib.html,45,38,67,101,62
/zh-cn/3/library/os.html,45,47,78,54,21
/zh-cn/3/reference/simple_stmts.html,45,44,67,46,67
/zh-cn/3.12/,44,41,44,11,81
/zh-cn/3.13/installing/index.html,44,44,84,29,66
/zh-cn/3.13/library/stdtypes.html,44,46,65,132,39
/zh-cn/3.13/tutorial/datastructures.html,44,41,72,145,70
/zh-cn/3.14/reference/lexical_analysis.html,44,42,50,110,61
/zh-cn/3/reference/expressions.html,44,43,80,92,55
/zh-cn/3.13/search.html,43,68,50,19,46
/zh-cn/3.14/howto/index.html,43,46,50,12,91
/zh-cn/3/library/asyncio-task.html,43,39,90,84,47
/zh-cn/3/library/pathlib.html,42,38,96,34,43
/zh-cn/3/library/logging.html,40,45,74,56,46
/zh-cn/3/library/threading.html,40,43,69,125,37
/zh-cn/3.13/library/functions.html,39,39,79,60,37
/zh-cn/3/library/tk.html,39,38,46,72,56
/zh-cn/3/library/unittest.html,39,41,91,150,33
