name,version,visitors
Windows,10,3652
Mac,10.15,956
iOS,18.3,224
Android,10,162
GNU/Linux,(not set),126
Android,14,77
Android,13,52
Chrome OS,14541.0,41
Ubuntu,(not set),38
Android,11,31
iOS,17.6,30
Android,12,27
HarmonyOS,3.0,25
iOS,18.1,21
Android,15,20
iOS,16.7,10
HarmonyOS,2.2,10
Android,9,10
iOS,18.2,8
iOS,17.7,7
iOS,18.0,7
iOS,16.6,5
iOS,16.1,4
iOS,17.4,4
iOS,17.5,4
HarmonyOS,(not set),3
iOS,14.7,3
iOS,17.1,3
Windows,7,3
Android,8.1,3
iOS,15.4,2
iOS,15.5,2
iOS,16.0,2
iOS,16.2,2
iOS,16.4,2
iOS,16.5,2
iPadOS,17.5,2
iOS,18.4,2
Mac,10.12,1
Mac,10.13,1
iOS,13.6,1
iOS,14.3,1
iOS,14.6,1
iOS,15.1,1
iOS,15.2,1
iOS,15.6,1
iOS,15.8,1
iPadOS,16.7,1
iOS,17.2,1
iOS,17.3,1
iPadOS,17.3,1
iPadOS,17.4,1
HarmonyOS,2.1,1
Fire OS,7,1
Android,7.1,1
Fire OS,8,1
Windows,8.1,1
Windows,Vista,1
