name,visitors,bounce_rate,visit_duration
google.com,186,77,157
Direct / None,89,58,210
bing.com,19,94,218
google.pl,13,77,107
python.org,9,0,155
pl.python.org,4,0,621
moodle.sci.edu.pl,3,100,0
perplexity.ai,3,100,0
statics.teams.cdn.office.net,2,50,97
yandex.ru,2,0,38
chatgpt.com,1,0,114
classroom.google.com,1,100,0
cn.bing.com,1,0,217
codewars.com,1,0,16
duckduckgo.com,1,0,4466
github.com/joelsernamoreno/badusb_sd_wifi/tree/master/esptool-master,1,0,108
guru99.com,1,0,1096
inf-schule.de,1,0,33
kivy.org,1,0,358
learn.solent.ac.uk,1,0,7
lms.skillfactory.ru,1,0,515
pypi.org,1,0,380
ru.hexlet.io,1,0,246
scikit-learn.org,1,0,51
search.brave.com,1,100,0
zsea.wroclaw.szkolnastrona.pl,1,0,29
