name,unique_entrances,total_entrances,visit_duration
/es/3/tutorial/,586,621,148
/dev/using/windows.html,117,121,278
/3/,109,112,320
/es/3/tutorial/introduction.html,103,115,188
/es/3/library/tkinter.html,87,96,86
/es/3/tutorial/appetite.html,84,86,342
/es/3/,81,86,96
/es/3/library/index.html,79,89,88
/es/3.15/using/windows.html,78,83,105
/es/3/tutorial/index.html,78,82,121
/es/3/tutorial/datastructures.html,77,80,139
/es/3/tutorial/controlflow.html,76,78,189
/es/3/library/functions.html,58,61,166
/es/3/tutorial/interpreter.html,56,59,224
/es/3/tutorial/venv.html,51,53,12
/es/3/library/idle.html,47,48,94
/es/3/tutorial/classes.html,41,42,64
/es/3.14/,36,39,47
/es/3.14/tutorial/index.html,36,39,165
/es/3.13/tutorial/index.html,32,34,282
/es/3/library/stdtypes.html,29,31,128
/3/tutorial/index.html,28,28,362
/es/3/library/math.html,27,28,40
/es/3.13/library/tkinter.html,25,26,101
/es/3.13/tutorial/venv.html,24,26,1
/es/3/tutorial/inputoutput.html,24,24,222
/es/3.13/tutorial/datastructures.html,23,25,281
/es/3/installing/index.html,22,22,113
/es/3/library/venv.html,22,22,22
/es/3/howto/sorting.html,20,20,66
/es/3/library/argparse.html,18,18,247
/3/library/functions.html,17,17,460
/es/3.13/library/re.html,17,17,102
/es/3/contents.html,17,17,75
/es/3/howto/regex.html,17,17,0
/es/3/library/random.html,17,17,50
/es/3/tutorial/errors.html,17,17,69
/es/3.14/library/functions.html,16,17,191
/es/3.14/tutorial/introduction.html,16,19,232
/es/3/tutorial/modules.html,16,16,167
/es/3.14/tutorial/appetite.html,15,15,30
/es/3/glossary.html,15,16,38
/es/3/library/csv.html,15,16,35
/es/3/library/json.html,15,15,0
/es/3/library/re.html,15,15,0
/es/dev/tutorial/controlflow.html,15,16,153
/es/3.14/library/stdtypes.html,14,16,94
/es/3/library/datetime.html,14,14,123
/es/3/search.html,14,16,304
/es/3.13/library/datetime.html,13,13,167
/es/3.13/library/functions.html,13,14,18
/es/3.14/tutorial/interpreter.html,13,14,65
/es/3/library/string.html,13,13,29
/3/tutorial/,12,12,747
/es/3/reference/import.html,12,12,25
/es/3.14/tutorial/,11,13,251
/es/3.14/tutorial/controlflow.html,11,11,9
/es/3/library/pathlib.html,11,11,0
/es/3.13/installing/,10,10,132
/es/3.13/library/idle.html,10,10,1
/es/3.13/library/stdtypes.html,10,10,2
/es/3.14/library/index.html,10,11,369
/es/3.14/tutorial/datastructures.html,10,10,175
/es/dev/library/zlib.html,10,10,0
/3.14/tutorial/index.html,9,9,371
/3/library/math.html,9,9,280
/es/3.12/tutorial/index.html,9,10,124
/es/3.13/,9,9,75
/es/3.13/tutorial/classes.html,9,9,28
/es/3.13/tutorial/interpreter.html,9,10,4
/es/3.13/tutorial/introduction.html,9,9,259
/es/3.14/search.html,9,9,325
/es/3/howto/logging.html,9,9,278
/es/3/library/exceptions.html,9,9,60
/es/3/library/timeit.html,9,9,3
/es/3/library/turtle.html,9,10,64
/es/3/reference/compound_stmts.html,9,13,381
/es/dev/py-modindex.html,9,9,0
/3/search.html,8,9,1247
/es/3.13/library/operator.html,8,8,0
/es/3.13/library/tk.html,8,8,226
/es/3.14/contents.html,8,8,238
/es/3.14/library/math.html,8,8,163
/es/3/faq/windows.html,8,8,16
/es/3/howto/sockets.html,8,8,248
/3/library/stdtypes.html,7,7,1048
/3/library/tkinter.html,7,7,134
/es/3.13/library/filesys.html,7,7,293
/es/3.13/library/index.html,7,8,0
/es/3.13/using/windows.html,7,7,85
/es/3.14/using/windows.html,7,7,8
/es/3/library/__main__.html,7,7,137
/es/3/library/functools.html,7,7,0
/es/3/library/sqlite3.html,7,7,2
/es/3/library/statistics.html,7,8,0
/es/3/library/unicodedata.html,7,7,6
/es/3/reference/lexical_analysis.html,7,7,136
/es/3/tutorial/stdlib.html,7,9,0
/es/3/using/cmdline.html,7,7,0
/3/library/idle.html,6,6,75
/3/library/index.html,6,6,647
/3/library/venv.html,6,6,240
/es/3.13/tutorial/controlflow.html,6,6,3
/es/3.14/glossary.html,6,6,0
/es/3.14/using/index.html,6,7,13
/es/3.14/whatsnew/3.14.html,6,6,19
/es/3/genindex-Símbolos.html,6,6,9
/es/3/library/abc.html,6,6,77
/es/3/library/asyncio.html,6,7,0
/es/3/library/decimal.html,6,6,0
/es/3/library/heapq.html,6,6,4
/es/3/library/unittest.html,6,6,105
/es/3/library/xml.etree.elementtree.html,6,6,7
/es/3/using/windows.html,6,6,1
/es/3/whatsnew/3.14.html,6,6,164
/3/tutorial/classes.html,5,5,1350
/3/tutorial/introduction.html,5,6,97
/es/3.13/library/calendar.html,5,5,72
/es/3.13/library/pdb.html,5,5,447
/es/3.13/search.html,5,5,93
/es/3.13/tutorial/errors.html,5,5,0
/es/3.14/reference/index.html,5,5,398
/es/3.14/tutorial/classes.html,5,5,14
/es/3/howto/argparse.html,5,5,16
/es/3/index.html,5,5,446
/es/3/library/asyncio-task.html,5,5,143
/es/3/library/email.examples.html,5,5,0
/es/3/library/glob.html,5,5,0
/es/3/library/intro.html,5,5,351
/es/3/library/os.html,5,6,136
/es/3/library/shutil.html,5,5,531
/es/3/library/smtplib.html,5,5,0
/es/3/library/socket.html,5,5,0
/es/3/library/ssl.html,5,5,0
/es/3/library/sys.html,5,5,0
/es/3/library/tkinter.ttk.html,5,5,110
/es/3/library/urllib.html,5,5,16
/es/3/library/urllib.parse.html,5,5,0
/es/3/library/uuid.html,5,5,5
/es/3/py-modindex.html,5,6,61
/es/3/reference/expressions.html,5,5,9
/es/3/reference/index.html,5,5,16
/es/3/tutorial/appendix.html,5,5,3
/es/dev/copyright.html,5,5,0
/es/dev/library/sys.html,5,5,0
/es/dev/using/configure.html,5,5,0
/3.14/,4,4,142
/3.14/tutorial/,4,4,358
/3.14/using/windows.html,4,4,123
/3/library/datetime.html,4,4,18
/3/library/itertools.html,4,4,610
/3/library/pathlib.html,4,4,32
/3/library/time.html,4,4,477
/3/library/turtle.html,4,4,30
/3/tutorial/controlflow.html,4,4,202
/3/tutorial/errors.html,4,4,291
/es/3.12/download.html,4,4,0
/es/3.13/howto/regex.html,4,4,73
/es/3.13/library/__main__.html,4,4,154
/es/3.13/library/ftplib.html,4,4,2
/es/3.13/library/sqlite3.html,4,4,0
/es/3.13/library/string.html,4,4,0
/es/3.13/library/venv.html,4,4,44
/es/3.13/library/zipfile.html,4,5,0
/es/3.13/reference/compound_stmts.html,4,5,44
/es/3.13/reference/lexical_analysis.html,4,4,0
/es/3.13/tutorial/inputoutput.html,4,4,106
/es/3.14/library/tkinter.html,4,8,214
/es/3/download.html,4,4,56
/es/3/library/atexit.html,4,4,0
/es/3/library/base64.html,4,4,0
/es/3/library/filesys.html,4,4,3
/es/3/library/http.server.html,4,4,0
/es/3/library/pprint.html,4,4,0
/es/3/library/subprocess.html,4,4,0
/es/3/library/typing.html,4,4,776
/es/3/library/urllib.request.html,4,4,16
/es/3/library/webbrowser.html,4,5,7
/es/3/tutorial/stdlib2.html,4,4,280
/es/dev/bugs.html,4,4,0
/es/dev/library/timeit.html,4,4,0
/es/dev/reference/datamodel.html,4,4,104
/es/dev/using/windows.html,4,4,161
/3.13/tutorial/appetite.html,3,3,1136
/3.14/index.html,3,3,27
/3.14/search.html,3,3,291
/3.15/,3,3,134
/3/installing/index.html,3,3,188
/3/library/asyncio.html,3,3,1198
/3/tutorial/datastructures.html,3,3,240
/3/using/android.html,3,3,356
/3/whatsnew/3.14.html,3,3,1181
/es/3.12/tutorial/controlflow.html,3,3,0
/es/3.13/glossary.html,3,3,5
/es/3.13/howto/logging.html,3,4,26
/es/3.13/library/array.html,3,3,10
/es/3.13/library/collections.html,3,3,0
/es/3.13/library/logging.html,3,3,536
/es/3.13/library/math.html,3,5,0
/es/3.13/library/tkinter.ttk.html,3,3,485
/es/3.13/library/unicodedata.html,3,3,40
/es/3.13/reference/datamodel.html,3,3,0
/es/3.13/tutorial/modules.html,3,4,0
/es/3.13/using/android.html,3,3,0
/es/3.14/index.html,3,3,5
/es/3.14/library/csv.html,3,3,171
/es/3.14/library/hashlib.html,3,3,20
/es/3.14/library/pathlib.html,3,3,2
/es/3.14/library/re.html,3,3,11
/es/3.14/library/typing.html,3,3,1288
/es/3.15/search.html,3,3,65
/es/3/howto/curses.html,3,3,0
/es/3/library/array.html,3,6,646
/es/3/library/asyncio-stream.html,3,3,0
/es/3/library/difflib.html,3,3,0
/es/3/library/doctest.html,3,3,0
/es/3/library/logging.html,3,3,0
/es/3/library/os.path.html,3,3,313
/es/3/library/textwrap.html,3,3,689
/es/3/library/threading.html,3,3,0
/es/3/library/unittest.mock.html,3,3,1
/es/3/using/editors.html,3,3,575
/es/3/using/unix.html,3,3,15
/es/dev/installing/index.html,3,3,0
/es/dev/library/smtplib.html,3,3,0
/es/dev/library/uuid.html,3,3,0
/3.12/,2,2,198
/3.12/tutorial/,2,2,743
/3.12/tutorial/introduction.html,2,2,776
/3.13/,2,2,196
/3.13/tutorial/,2,2,1516
/3.13/tutorial/index.html,2,2,48
/3.14/library/index.html,2,2,1084
/3.14/library/typing.html,2,2,2009
/3.14/tutorial/errors.html,2,2,1342
/3.14/using/mac.html,2,2,1022
/3.15/tutorial/index.html,2,2,386
/3/contents.html,2,2,74
/3/howto/sorting.html,2,2,430
/3/library/argparse.html,2,2,0
/3/library/copy.html,2,2,92
/3/library/csv.html,2,2,314
/3/library/enum.html,2,2,130
/3/library/exceptions.html,2,2,8
/3/library/ftplib.html,2,2,0
/3/library/json.html,2,2,74
/3/library/logging.html,2,2,480
/3/library/os.html,2,2,24
/3/library/pprint.html,2,2,34
/3/library/re.html,2,2,534
/3/library/sys.html,2,3,2670
/3/py-modindex.html,2,2,186
/3/reference/import.html,2,2,1296
/3/reference/index.html,2,2,129
/3/reference/lexical_analysis.html,2,2,1763
/3/using/index.html,2,2,768
/3/using/windows.html,2,2,1009
/es/3.12/library/tkinter.html,2,2,0
/es/3.12/tutorial/venv.html,2,2,0
/es/3.13/extending/windows.html,2,5,13
/es/3.13/howto/curses.html,2,2,0
/es/3.13/library/asyncio-task.html,2,2,0
/es/3.13/library/decimal.html,2,2,0
/es/3.13/library/doctest.html,2,2,0
/es/3.13/library/http.server.html,2,2,0
/es/3.13/library/imaplib.html,2,2,21
/es/3.13/library/pathlib.html,2,2,0
/es/3.13/library/pprint.html,2,2,34
/es/3.13/library/threading.html,2,2,0
/es/3.13/reference/import.html,2,2,1360
/es/3.13/tutorial/,2,2,0
/es/3.13/tutorial/appetite.html,2,2,0
/es/3.13/tutorial/stdlib2.html,2,2,0
/es/3.14/genindex.html,2,2,2
/es/3.14/howto/enum.html,2,2,0
/es/3.14/installing/index.html,2,2,741
/es/3.14/library/,2,3,2
/es/3.14/library/asyncio-runner.html,2,2,18
/es/3.14/library/ftplib.html,2,2,0
/es/3.14/library/idle.html,2,2,30
/es/3.14/library/os.html,2,2,0
/es/3.14/library/random.html,2,2,10
/es/3.14/library/threading.html,2,2,46
/es/3.14/library/tkinter.ttk.html,2,2,0
/es/3.14/py-modindex.html,2,2,0
/es/3.14/reference/datamodel.html,2,2,16
/es/3.14/tutorial/errors.html,2,2,18
/es/3.15/bugs.html,2,2,660
/es/3.15/download.html,2,2,0
/es/3/c-api/contextvars.html,2,2,0
/es/3/genindex-A.html,2,2,0
/es/3/genindex-T.html,2,2,0
/es/3/genindex.html,2,2,0
/es/3/howto/unicode.html,2,2,314
/es/3/library/asyncio-future.html,2,2,163
/es/3/library/concurrent.futures.html,2,2,0
/es/3/library/copy.html,2,2,0
/es/3/library/enum.html,2,2,0
/es/3/library/mmap.html,2,2,0
/es/3/library/modules.html,2,2,964
