name,visitors,bounce_rate,visit_duration
Direct / None,19383,66,155
google.com,7449,79,152
python.org,1055,67,248
m.baidu.com,827,71,30
baidu.com/link,324,74,130
google.com.hk,217,79,120
bing.com,132,80,479
cn.bing.com,112,57,387
codecademy.cn,62,51,131
chatgpt.com,57,82,466
search.yahoo.co.jp,55,73,230
qiita.com,49,94,105
baidu.com,47,74,82
campus110.unad.edu.co,39,44,181
duckduckgo.com,28,100,863
google.co.jp,28,89,19
search.brave.com,20,100,314
ecosia.org,17,73,51
netacad.com,17,100,11
doubao.com,14,0,377
yandex.ru,14,100,696
m.baidu.com/s,12,83,2
wiki.python.org,11,0,336
google.fr,10,80,179
dodona.be,8,100,0
google.com.tw,8,100,244
statics.teams.cdn.office.net,8,89,100
udemy.com,8,100,221
cs50.harvard.edu,7,0,703
perplexity.ai,7,50,107
python.org/downloads/release/python-3137,7,60,14
android-app://com.google.android.googlequicksearchbox,6,50,96
google.com.ua,6,83,17
ntp.msn.cn,6,75,301
peps.python.org,6,75,796
cdn.evg.gov.br,5,0,751
classroom.google.com,5,60,60
faculty.cs.gwu.edu,5,71,4
hitachigroup.okta.com,5,100,0
link.zhihu.com,5,0,63
codecademy.cn/tutorial/python,4,25,36
github.com,4,67,46
google.com/search,4,100,250
note.nkmk.me,4,0,1493
openclassrooms.com,4,0,830
python.p2hp.com,4,0,552
qwant.com,4,0,3464
sites.google.com,4,60,196
devdocs.io,3,100,0
developpez.net,3,100,0
ggc.view.usg.edu,3,100,0
google.com.br,3,67,20
notebooks.githubusercontent.com,3,50,8
ntp.msn.com,3,67,1444
python.github.net.cn,3,0,79
python.it,3,0,150
pythoninsider.blogspot.com,3,100,94
realpython.com,3,0,1448
roadmap.sh,3,0,262
uvicorn.org,3,0,244
campusgrado.fi.uba.ar,2,0,17
cdn.intra.42.fr,2,0,2830
cloud.google.com,2,0,1125
cloud.tencent.com/developer/tools/blog-entry,2,0,353
denishulo.developpez.com/tutoriels/python/simulations-aleatoires-python,2,67,356
discuss.python.org,2,0,90
docs.pydantic.dev,2,0,3670
edu-bonvinp.docs.ictge.ch,2,0,344
ellibrodepython.com,2,0,29
forums.linuxmint.com,2,100,0
gemini.google.com,2,0,1069
google.co.kr,2,100,0
hz.haokeyouxuanedu.com,2,0,48
kennesaw.view.usg.edu,2,0,1576
learnpython.org,2,0,181
link.csdn.net,2,0,2785
m.baidu.com/from=1001192y/bd_page_type=1/ssid=0/uid=0/pu=sz%401320_1001%2Cta%40iphone_2_10.0_28_16.0%2Cusm%400/baiduid=876B1657B4614C87F17F0C263D48641A/w=0_10_/t=iphone/l=1/tc,2,100,0
m.baidu.com/from=1001192y/bd_page_type=1/ssid=0/uid=0/pu=usm%400%2Csz%401320_1001%2Cta%40iphone_2_12.0_28_16.0/baiduid=724438040F42242208DDBC54C2F79C2E/w=0_10_/t=iphone/l=1/tc,2,100,0
m.baidu.com/from=1001703a/bd_page_type=1/ssid=0/uid=0/pu=usm%400%2Csz%401320_1001%2Cta%40iphone_2_8.1_18_4.7/baiduid=CB5CCDCF386BA3B9C5DE87416914640F/w=0_10_/t=iphone/l=1/tc,2,100,0
m.baidu.com/from=1019311v/bd_page_type=1/ssid=0/uid=0/pu=usm%400%2Csz%401320_1001%2Cta%40iphone_2_15.0_19_25.5/baiduid=FD104038D80EBC9D820FB6AB6C6DBCC6/w=0_10_/t=iphone/l=1/tc,2,100,0
m.baidu.com/from=1019311v/bd_page_type=1/ssid=0/uid=0/pu=usm%400%2Csz%401320_1001%2Cta%40iphone_2_15.0_19_25.9/baiduid=987F70054B5FA0F602672FD8F0EB97C8/w=0_10_/t=iphone/l=1/tc,2,100,0
m.baidu.com/from=1020761f/bd_page_type=1/ssid=0/uid=0/pu=usm%400%2Csz%401320_1001%2Cta%40iphone_2_7.1_19_25.1/baiduid=22D7CD22AFC2863A198997DC3AECAC12/w=0_10_/t=iphone/l=1/tc,2,100,0
m.baidu.com/from=1024043p/bd_page_type=1/ssid=0/uid=0/pu=usm%400%2Csz%401320_220%2Cta%40iphone_5_5.0_28_5.1/baiduid=E87E40D349A2979E406801BD381B2049/w=0_10_/t=iphone/l=1/tc,2,100,0
m.baidu.com/from=1026028j/bd_page_type=1/ssid=0/uid=0/pu=cuid%40gavhuluk2u__i2uK0uSwuluJ2ugGav8W_O-qtgP1va83uBtggu2Ri_agvigAa2tWA%2Ccua%40_avYCYa0vCIDJEjPkJAiC_hX2tzlas8DgI2F8AqqC%2Cctv%402%2Ccfrom%401027978d%2Ccsrc%40bdbox_fdserch_txt%2Candrst%402%2Csz%401320_480%2Cosname%40baiduboxapp%2Ccen%40cuid_cua_cut%2Cc3_aid%40A00-KHZVQUCWGO6HR3GAQAAQWT35N7YLC2VU-IFOW3WON%2Cosbranch%40a2%2Cusm%400%2Cvmgdb%400020100228y/baiduid=D32BA423F3B913C8E5065E4DE5370181/w=0_10_/t=zbios/l=1/tc,2,100,0
m.baidu.com/from=844b/bd_page_type=1/ssid=0/uid=0/pu=usm%400%2Csz%401320_1002%2Cta%40iphone_2_15.0_2_19.3/baiduid=DEC4E99127AB889F9D55472AC160F8DD/w=0_10_/t=iphone/l=1/tc,2,50,4
moodle.oulu.fi,2,0,1799
moodle.softexpe.org.br,2,33,123
nhairs.github.io,2,0,654
notion.so,2,100,0
oi-wiki.org,2,0,612
oi.wiki,2,0,1290
packaging.python.org/en/latest/tutorials/installing-packages,2,0,633
pip.pypa.io/en/stable/installation,2,0,51
python.byted.org,2,0,3618
python.org/events,2,0,184
reddit.com,2,0,260
salon.netease.com,2,0,2633
virtual.tdea.edu.co,2,100,0
websearch.rakuten.co.jp,2,50,141
youtube.com,2,0,496
yuanbao.tencent.com,2,0,565
10.53.240.81,1,100,0
127.0.0.1,1,0,8
35.200.113.211,1,100,0
54.201.157.242,1,100,0
ai.duagon.com,1,100,0
aio.edu.au,1,0,9162
aip-ui.rp.foc.zone,1,0,327
aipro.elsevier.net,1,100,0
algo-method.com,1,0,1339
app.codica.la/courses/python_basics_course/lessons/stdlib/theory_unit,1,100,0
app.codica.la/courses/python_basics_course/lessons/variadic-parameters/theory_unit,1,100,0
apsjpaepaoai-all01.azurewebsites.net,1,0,24
aulapregrado.unisimon.edu.co,1,0,3825
baike.baidu.com/reference/407313/533aYdO6cr3_z3kATKXfzPijYC-VNd__ueHQVuBzzqIPmGapB4rqWZt88M4r9vhpWgTZt9d4aJsWmKf5FQ,1,0,1908
book.lianxh.cn/ds/body/01_py_01_basic.html,1,100,0
boot.dev,1,0,51
brightspace.nyu.edu,1,0,1132
bulldogjob.pl,1,0,97
byhy.net,1,0,39
bytedance.larkoffice.com,1,100,0
chat.baidu.com,1,0,48
chat18.aichatos58.com,1,0,5614
cms.unir.net,1,0,5
cnblogs.com,1,100,0
coccoc.com/search,1,0,184
code.visualstudio.com,1,0,0
codingtemple.com,1,0,0
confluence.ingenico-cn.com,1,0,19
copilot.microsoft.com,1,0,3969
cursos.alura.com.br,1,0,193
developers.google.com,1,0,28
docs-python-org.translate.goog,1,100,0
docs.astral.sh,1,0,0
docs.cython.org/en/latest/src/userguide/freethreading.html,1,100,0
docs.pingcode.com,1,0,41
docs.powertools.aws.dev,1,0,0
docs.pyq.jp,1,0,0
docs.pytorch.org,1,0,335
docs.qq.com,1,100,0
docs.vllm.ai/en/latest/contributing/profiling.html,1,0,321
docs.worldviz.com,1,100,0
doubao.com/chat/18147434319517698,1,0,2
edube.org/learn/pe-1/section-summary-83,1,0,0
elearn.columbiastate.edu,1,0,39
elsys-design.com,1,0,0
en.m.wikipedia.org,1,0,97
enjoy.chatopens.vip,1,100,0
esig-sandbox.ch,1,0,368
facebook.com,1,100,0
fastapi.tiangolo.com,1,0,38
fatecjd.edu.br,1,0,61
future-ai.feishu.cn,1,100,0
gateway.zscloud.net,1,100,0
gerrit.googlesource.com,1,0,23
gigadevice.feishu.cn,1,0,746
github.com/antlr/grammars-v4/tree/master/python/python3_13,1,100,4
github.com/beartype/beartype/issues/386,1,100,0
github.com/beeware/briefcase/discussions/1783,1,0,403
github.com/eladrich/pyrallis,1,0,18
github.com/fastapi/fastapi/discussions/8612,1,0,220
github.com/googlefonts/compreffor/issues/156,1,100,0
github.com/jiaaro/pydub/issues/842,1,100,0
github.com/microsoft/pyright/issues/5844,1,0,420
github.com/pytest-dev/pytest/issues/13676,1,0,1106
github.com/python/cpython/issues/127221,1,0,256
github.com/python/importlib_metadata/wiki/Development-Methodology,1,0,820
github.com/ssato/python-anyconfig,1,0,730
github.com/wtysos11/blogWiki/issues/25,1,0,77
github.tools.sap,1,0,2053
google.cl,1,100,0
google.co.nz,1,0,0
google.de,1,0,86
grpc.github.io,1,0,217
help.zapier.com,1,0,110
heltonmaia.com,1,100,0
huggingface.co,1,0,244
id.search.yahoo.com,1,0,3204
idealab.alibaba-inc.com/ideaTalk,1,0,72
ihqfuw.ap-singapore.cloudstudio.work,1,0,6
it.search.yahoo.com,1,0,61
joinquant.com,1,0,967
joykim-dev.tistory.com/20,1,100,0
jp.quora.com,1,100,0
jupyter.org,1,100,0
k0rz3n.com,1,0,9
keep.google.com,1,100,0
kivy.org,1,0,1499
korepetycjezinformatyki.pl,1,0,0
l.facebook.com,1,100,0
lacounty.udemy.com,1,0,0
learning-pytest.readthedocs.io/zh/latest/doc/test-function/assert.html,1,0,749
login.microsoftonline.com,1,100,0
m.baidu.com/from=0/bd_page_type=1/ssid=0/uid=0/pu=usm%400%2Csz%401320_1001%2Cta%40iphone_2_13.0_24_123.0/baiduid=3BEDE3EA329A5F9E7090BDD9558E9CAC/w=0_10_/t=iphone/l=1/tc,1,0,26
m.baidu.com/from=0/bd_page_type=1/ssid=0/uid=0/pu=vmgdb%400020100228y%2Csz%401320_1004%2Cusm%401/baiduid=660C1AC56D85D84EF6AEF16CBF52BE42/w=10_10_/t=zbios/l=1/tc,1,0,48
m.baidu.com/from=1001192y/bd_page_type=1/ssid=0/uid=0/pu=sz%401320_1001%2Cta%40iphone_2_10.0_28_12.1%2Cusm%400/baiduid=67492BA5AA3A111ADFE690006E493FFC/w=0_10_/t=iphone/l=1/tc,1,100,0
m.baidu.com/from=1001192y/bd_page_type=1/ssid=0/uid=0/pu=sz%401320_1001%2Cta%40iphone_2_10.0_28_14.0%2Cusm%400/baiduid=C1918DBED231B757C9FDDAA8DE407351/w=0_10_/t=iphone/l=1/tc,1,0,0
m.baidu.com/from=1001192y/bd_page_type=1/ssid=0/uid=0/pu=sz%401320_1001%2Cta%40iphone_2_10.0_28_16.0%2Cusm%400/baiduid=1B755528579F330C7158824DABE74821/w=0_10_/t=iphone/l=1/tc,1,0,0
m.baidu.com/from=1001192y/bd_page_type=1/ssid=0/uid=0/pu=sz%401320_1001%2Cta%40iphone_2_10.0_28_16.0%2Cusm%400/baiduid=89BDE53DD485B68E8AF9A044F17395AE/w=0_10_/t=iphone/l=1/tc,1,100,0
m.baidu.com/from=1001192y/bd_page_type=1/ssid=0/uid=0/pu=sz%401320_1001%2Cta%40iphone_2_10.0_28_16.0%2Cusm%400/baiduid=DE6E8707112E4CD12B2D19881A64111A/w=0_10_/t=iphone/l=1/tc,1,0,50
m.baidu.com/from=1001192y/bd_page_type=1/ssid=0/uid=0/pu=sz%401320_1001%2Cta%40iphone_2_12.0_28_16.0%2Cusm%400/baiduid=8A5942CC84A640680B265200D2336B28/w=0_10_/t=iphone/l=1/tc,1,0,0
m.baidu.com/from=1001192y/bd_page_type=1/ssid=0/uid=0/pu=sz%401320_1001%2Cta%40iphone_2_12.0_28_16.0%2Cusm%400/baiduid=D628BF1773C97BC35EB12F6792BE421B/w=0_10_/t=iphone/l=1/tc,1,100,0
m.baidu.com/from=1001192y/bd_page_type=1/ssid=0/uid=0/pu=sz%401320_1001%2Cta%40iphone_2_12.0_28_16.0%2Cusm%400/baiduid=F83B28A98FBCB191E113D9D5CF38DC3D/w=0_10_/t=iphone/l=1/tc,1,0,15
m.baidu.com/from=1001192y/bd_page_type=1/ssid=0/uid=0/pu=sz%401320_1001%2Cta%40iphone_2_12.0_28_16.0%2Cusm%401/baiduid=AD7E64DEE43EEA6D5D4A32D7CE1B712A/w=0_10_/t=iphone/l=1/tc,1,0,0
m.baidu.com/from=1001192y/bd_page_type=1/ssid=0/uid=0/pu=sz%401320_1001%2Cta%40iphone_2_9.0_28_16.0%2Cusm%400/baiduid=C8FB675667A5442B588E3BA5ED97C666/w=0_10_/t=iphone/l=1/tc,1,0,0
m.baidu.com/from=1001192y/bd_page_type=1/ssid=0/uid=0/pu=usm%400%2Csz%401320_1001%2Cta%40iphone_2_10.0_28_12.1/baiduid=A379DE8189B2B14BDF8954B3E1413FCB/w=0_10_/t=iphone/l=1/tc,1,0,8
m.baidu.com/from=1001192y/bd_page_type=1/ssid=0/uid=0/pu=usm%400%2Csz%401320_1001%2Cta%40iphone_2_10.0_28_14.0/baiduid=ABCCAB67E02E193AA9060D70C35AA6EF/w=0_10_/t=iphone/l=1/tc,1,100,0
m.baidu.com/from=1001192y/bd_page_type=1/ssid=0/uid=0/pu=usm%400%2Csz%401320_1001%2Cta%40iphone_2_10.0_28_16.0/baiduid=092BBCFB9880AB54EED3C7B3992B57B5/w=0_10_/t=iphone/l=1/tc,1,0,31
m.baidu.com/from=1001192y/bd_page_type=1/ssid=0/uid=0/pu=usm%400%2Csz%401320_1001%2Cta%40iphone_2_10.0_28_16.0/baiduid=3A3394C80DACC9B29271C5E94A84DA3C/w=0_10_/t=iphone/l=1/tc,1,0,0
m.baidu.com/from=1001192y/bd_page_type=1/ssid=0/uid=0/pu=usm%400%2Csz%401320_1001%2Cta%40iphone_2_10.0_28_16.0/baiduid=5AC2408DA93506FA0D243D38B2E06E5C/w=0_10_/t=iphone/l=1/tc,1,0,30
m.baidu.com/from=1001192y/bd_page_type=1/ssid=0/uid=0/pu=usm%400%2Csz%401320_1001%2Cta%40iphone_2_10.0_28_16.0/baiduid=64D55B647282E061DD2CC63A9052F2CB/w=0_10_/t=iphone/l=1/tc,1,0,42
m.baidu.com/from=1001192y/bd_page_type=1/ssid=0/uid=0/pu=usm%400%2Csz%401320_1001%2Cta%40iphone_2_10.0_28_16.0/baiduid=92DCDE2781BF948823B6C3D683038028/w=0_10_/t=iphone/l=1/tc,1,100,0
m.baidu.com/from=1001192y/bd_page_type=1/ssid=0/uid=0/pu=usm%400%2Csz%401320_1001%2Cta%40iphone_2_10.0_28_16.0/baiduid=AA1FA46689180C2D9C100E906C33B9CA/w=0_10_/t=iphone/l=1/tc,1,100,0
m.baidu.com/from=1001192y/bd_page_type=1/ssid=0/uid=0/pu=usm%400%2Csz%401320_1001%2Cta%40iphone_2_10.0_28_16.0/baiduid=CFC4A0CF148EB4144E4B24D44500078C/w=0_10_/t=iphone/l=1/tc,1,100,0
m.baidu.com/from=1001192y/bd_page_type=1/ssid=0/uid=0/pu=usm%400%2Csz%401320_1001%2Cta%40iphone_2_10.0_28_16.0/baiduid=D58C13B85B5496A27C6F55991022D944/w=0_10_/t=iphone/l=1/tc,1,0,120
m.baidu.com/from=1001192y/bd_page_type=1/ssid=0/uid=0/pu=usm%400%2Csz%401320_1001%2Cta%40iphone_2_10.0_28_16.0/baiduid=E2839B77F897F0850EA00FC20CC6005E/w=0_10_/t=iphone/l=1/tc,1,0,0
m.baidu.com/from=1001192y/bd_page_type=1/ssid=0/uid=0/pu=usm%400%2Csz%401320_1001%2Cta%40iphone_2_10.0_28_16.0/baiduid=E685B8A3B9498971CF67246BE3611A4A/w=0_10_/t=iphone/l=1/tc,1,0,41
m.baidu.com/from=1001192y/bd_page_type=1/ssid=0/uid=0/pu=usm%400%2Csz%401320_1001%2Cta%40iphone_2_10.0_28_16.0/baiduid=FA129D1B6B68B31A56D1149DA9A29BFB/w=0_10_/t=iphone/l=1/tc,1,0,1
m.baidu.com/from=1001192y/bd_page_type=1/ssid=0/uid=0/pu=usm%400%2Csz%401320_1001%2Cta%40iphone_2_12.0_28_14.0/baiduid=A025402BFE70B3705480E7A9E06523F2/w=0_10_/t=iphone/l=1/tc,1,0,1
m.baidu.com/from=1001192y/bd_page_type=1/ssid=0/uid=0/pu=usm%400%2Csz%401320_1001%2Cta%40iphone_2_12.0_28_14.0/baiduid=B1C1A4FC6DF0B29235513C0ABFF77866/w=0_10_/t=iphone/l=1/tc,1,0,38
m.baidu.com/from=1001192y/bd_page_type=1/ssid=0/uid=0/pu=usm%400%2Csz%401320_1001%2Cta%40iphone_2_12.0_28_14.0/baiduid=FEBC67BBC7C810F4A8600B58840F9FDC/w=0_10_/t=iphone/l=1/tc,1,100,0
m.baidu.com/from=1001192y/bd_page_type=1/ssid=0/uid=0/pu=usm%400%2Csz%401320_1001%2Cta%40iphone_2_12.0_28_15.0/baiduid=10C428B091C02688E067020C9BC64B8B/w=0_10_/t=iphone/l=1/tc,1,100,0
m.baidu.com/from=1001192y/bd_page_type=1/ssid=0/uid=0/pu=usm%400%2Csz%401320_1001%2Cta%40iphone_2_12.0_28_15.0/baiduid=54BEF3F3542FA07E6B1382E87DDC5E2B/w=0_10_/t=iphone/l=1/tc,1,100,0
m.baidu.com/from=1001192y/bd_page_type=1/ssid=0/uid=0/pu=usm%400%2Csz%401320_1001%2Cta%40iphone_2_12.0_28_16.0/baiduid=012230F91A59B0B3F06802E96DAF879F/w=0_10_/t=iphone/l=1/tc,1,0,1
m.baidu.com/from=1001192y/bd_page_type=1/ssid=0/uid=0/pu=usm%400%2Csz%401320_1001%2Cta%40iphone_2_12.0_28_16.0/baiduid=0824278D6D1997BCF663EB3BA6299863/w=0_10_/t=iphone/l=1/tc,1,0,0
m.baidu.com/from=1001192y/bd_page_type=1/ssid=0/uid=0/pu=usm%400%2Csz%401320_1001%2Cta%40iphone_2_12.0_28_16.0/baiduid=2901B7BCF8F0C0C9746BF2084844F70C/w=0_10_/t=iphone/l=1/tc,1,100,0
m.baidu.com/from=1001192y/bd_page_type=1/ssid=0/uid=0/pu=usm%400%2Csz%401320_1001%2Cta%40iphone_2_12.0_28_16.0/baiduid=2A796B36F9CC6E94569BF8E70FE9DA89/w=0_10_/t=iphone/l=1/tc,1,100,0
m.baidu.com/from=1001192y/bd_page_type=1/ssid=0/uid=0/pu=usm%400%2Csz%401320_1001%2Cta%40iphone_2_12.0_28_16.0/baiduid=449D35AF2EDE8289A52A0035EDEDF90F/w=0_10_/t=iphone/l=1/tc,1,0,3
m.baidu.com/from=1001192y/bd_page_type=1/ssid=0/uid=0/pu=usm%400%2Csz%401320_1001%2Cta%40iphone_2_12.0_28_16.0/baiduid=46C89BD1939EAF9340A5F1C12DB73DAB/w=0_10_/t=iphone/l=1/tc,1,100,0
m.baidu.com/from=1001192y/bd_page_type=1/ssid=0/uid=0/pu=usm%400%2Csz%401320_1001%2Cta%40iphone_2_12.0_28_16.0/baiduid=70BC9FBCEC943381FE133933D35DEB32/w=0_10_/t=iphone/l=1/tc,1,0,8
m.baidu.com/from=1001192y/bd_page_type=1/ssid=0/uid=0/pu=usm%400%2Csz%401320_1001%2Cta%40iphone_2_12.0_28_16.0/baiduid=810DE8ED8C3D5E13588518F37CACF0C1/w=0_10_/t=iphone/l=1/tc,1,100,0
m.baidu.com/from=1001192y/bd_page_type=1/ssid=0/uid=0/pu=usm%400%2Csz%401320_1001%2Cta%40iphone_2_12.0_28_16.0/baiduid=84FC8927406708AD4E7D5103BA80C513/w=0_10_/t=iphone/l=1/tc,1,0,1
m.baidu.com/from=1001192y/bd_page_type=1/ssid=0/uid=0/pu=usm%400%2Csz%401320_1001%2Cta%40iphone_2_12.0_28_16.0/baiduid=BFD58E693FAD94E34A7A819AED16368D/w=0_10_/t=iphone/l=1/tc,1,100,0
m.baidu.com/from=1001192y/bd_page_type=1/ssid=0/uid=0/pu=usm%400%2Csz%401320_1001%2Cta%40iphone_2_12.0_28_16.0/baiduid=CF0BED553B280C560916209604C8C6BA/w=0_10_/t=iphone/l=1/tc,1,100,0
m.baidu.com/from=1001192y/bd_page_type=1/ssid=0/uid=0/pu=usm%400%2Csz%401320_1001%2Cta%40iphone_2_12.0_28_16.0/baiduid=F97BC010AF97905928947793795D464B/w=0_10_/t=iphone/l=1/tc,1,0,28
m.baidu.com/from=1001192y/bd_page_type=1/ssid=0/uid=0/pu=usm%400%2Csz%401320_1001%2Cta%40iphone_2_12.0_28_16.0/baiduid=F9CCD360378E1BC16CB42EED1CC3C820/w=0_10_/t=iphone/l=1/tc,1,100,0
m.baidu.com/from=1001192y/bd_page_type=1/ssid=0/uid=0/pu=usm%400%2Csz%401320_1001%2Cta%40iphone_2_12.0_28_16.0/baiduid=FC788770C1C047760BA1FEBB65E0E363/w=0_10_/t=iphone/l=1/tc,1,100,0
m.baidu.com/from=1001192y/bd_page_type=1/ssid=0/uid=0/pu=usm%400%2Csz%401320_1001%2Cta%40iphone_2_12.0_28_16.0/baiduid=FE9E3076156D7E571A9BF4D5A91871D9/w=0_10_/t=iphone/l=1/tc,1,100,0
m.baidu.com/from=1001192y/bd_page_type=1/ssid=0/uid=0/pu=usm%400%2Csz%401320_220%2Cta%40iphone___24_114.0/baiduid=4A2F4085FAFB83D88C13C4B1216F2397/w=0_10_/t=iphone/l=1/tc,1,100,0
m.baidu.com/from=1001192y/bd_page_type=1/ssid=0/uid=0/pu=usm%401%2Csz%401320_1001%2Cta%40iphone_2_10.0_28_16.0/baiduid=987CEDCDFFB9F247DAFC95D84414AC92/w=0_10_/t=iphone/l=1/tc,1,0,1
m.baidu.com/from=1001192y/bd_page_type=1/ssid=0/uid=0/pu=usm%401%2Csz%401320_1001%2Cta%40iphone_2_12.0_28_16.0/baiduid=EE88B49EC7AC4155130EB857844DBD6A/w=0_10_/t=iphone/l=1/tc,1,0,65
m.baidu.com/from=1001703a/bd_page_type=1/ssid=0/uid=0/pu=sz%401320_1001%2Cta%40iphone_2_10.0_18_40.10%2Cusm%400/baiduid=31A69591B700083E68A24EB32403242A/w=0_10_/t=iphone/l=1/tc,1,100,0
m.baidu.com/from=1001703a/bd_page_type=1/ssid=0/uid=0/pu=sz%401320_1001%2Cta%40iphone_2_10.0_18_40.7%2Cusm%400/baiduid=8E05252F363225AD09224167503F2228/w=0_10_/t=iphone/l=1/tc,1,100,0
m.baidu.com/from=1001703a/bd_page_type=1/ssid=0/uid=0/pu=sz%401320_1001%2Cta%40iphone_2_11.0_18_40.10%2Cusm%400/baiduid=E9F7E0B035B490C2867EA356CAB73EDA/w=0_10_/t=iphone/l=1/tc,1,100,0
m.baidu.com/from=1001703a/bd_page_type=1/ssid=0/uid=0/pu=sz%401320_1001%2Cta%40iphone_2_11.0_18_40.9%2Cusm%400/baiduid=281544D4FB04E0A26B50E74A335DC763/w=0_10_/t=iphone/l=1/tc,1,100,0
m.baidu.com/from=1001703a/bd_page_type=1/ssid=0/uid=0/pu=sz%401320_1001%2Cta%40iphone_2_11.0_18_40.9%2Cusm%401/baiduid=07F6A4704CDA7FAAFEF5FC6E8B62A5D4/w=0_10_/t=iphone/l=1/tc,1,100,0
m.baidu.com/from=1001703a/bd_page_type=1/ssid=0/uid=0/pu=sz%401320_1001%2Cta%40iphone_2_12.0_18_40.10%2Cusm%400/baiduid=2DEEED67EDE7F1428D6B515617858BAA/w=0_10_/t=iphone/l=1/tc,1,100,0
m.baidu.com/from=1001703a/bd_page_type=1/ssid=0/uid=0/pu=sz%401320_1001%2Cta%40iphone_2_14.0_18_40.10%2Cusm%400/baiduid=36CB985857D745DA41C23EC0878086CF/w=0_10_/t=iphone/l=1/tc,1,100,0
m.baidu.com/from=1001703a/bd_page_type=1/ssid=0/uid=0/pu=sz%401320_1001%2Cta%40iphone_2_14.0_18_40.10%2Cusm%400/baiduid=DD5A69A5A74A3CF33E96142034046FF2/w=0_10_/t=iphone/l=1/tc,1,100,0
m.baidu.com/from=1001703a/bd_page_type=1/ssid=0/uid=0/pu=sz%401320_1001%2Cta%40iphone_2_14.0_18_40.10%2Cusm%401/baiduid=186A9E2C95E5E42B50EA2150590F9D09/w=0_10_/t=iphone/l=1/tc,1,100,0
m.baidu.com/from=1001703a/bd_page_type=1/ssid=0/uid=0/pu=sz%401320_1001%2Cta%40iphone_2_15.0_18_40.10%2Cusm%400/baiduid=D1D476D660DA26DF9C3756D0B4EA86D5/w=0_10_/t=iphone/l=1/tc,1,100,0
m.baidu.com/from=1001703a/bd_page_type=1/ssid=0/uid=0/pu=sz%401320_1001%2Cta%40iphone_2_15.0_18_40.9%2Cusm%400/baiduid=0F715CE9B7C4C1337CA7CFCE011B08C7/w=0_10_/t=iphone/l=1/tc,1,100,0
m.baidu.com/from=1001703a/bd_page_type=1/ssid=0/uid=0/pu=sz%401320_1001%2Cta%40iphone_2_8.1_18_10.9%2Cusm%400/baiduid=359244E806D48E0248B2789316EE954C/w=0_10_/t=iphone/l=1/tc,1,0,7
m.baidu.com/from=1001703a/bd_page_type=1/ssid=0/uid=0/pu=sz%401320_1001%2Cta%40iphone_2_9.0_18_20.9%2Cusm%400/baiduid=25CD57F0206AF9A54F9F52F676B4D0A9/w=0_10_/t=iphone/l=1/tc,1,100,0
m.baidu.com/from=1001703a/bd_page_type=1/ssid=0/uid=0/pu=usm%400%2Csz%401320_1001%2Cta%40iphone_2_10.0_18_40.7/baiduid=F818E8651E7D9AAE8C77D22CEE2D1D11/w=0_10_/t=iphone/l=1/tc,1,100,0
m.baidu.com/from=1001703a/bd_page_type=1/ssid=0/uid=0/pu=usm%400%2Csz%401320_1001%2Cta%40iphone_2_11.0_18_40.7/baiduid=7EA6CDD484049980CE336B78A46FA283/w=0_10_/t=iphone/l=1/tc,1,100,0
m.baidu.com/from=1001703a/bd_page_type=1/ssid=0/uid=0/pu=usm%400%2Csz%401320_1001%2Cta%40iphone_2_12.0_18_40.10/baiduid=913D32F108C9B956A97F87DCC15CE6A0/w=0_10_/t=iphone/l=1/tc,1,100,0
m.baidu.com/from=1001703a/bd_page_type=1/ssid=0/uid=0/pu=usm%400%2Csz%401320_1001%2Cta%40iphone_2_12.0_18_40.9/baiduid=5CFC30647916B94E50A45B8921F5231F/w=0_10_/t=iphone/l=1/tc,1,100,0
m.baidu.com/from=1001703a/bd_page_type=1/ssid=0/uid=0/pu=usm%400%2Csz%401320_1001%2Cta%40iphone_2_12.0_18_40.9/baiduid=E3BB2C1313BE44CDB9CDB4065372A19E/w=0_10_/t=iphone/l=1/tc,1,100,0
m.baidu.com/from=1001703a/bd_page_type=1/ssid=0/uid=0/pu=usm%400%2Csz%401320_1001%2Cta%40iphone_2_13.0_18_40.10/baiduid=16988783C2ECEA4BECFDA0098F2EB5B2/w=0_10_/t=iphone/l=1/tc,1,100,0
m.baidu.com/from=1001703a/bd_page_type=1/ssid=0/uid=0/pu=usm%400%2Csz%401320_1001%2Cta%40iphone_2_14.0_18_40.10/baiduid=4803235D48244732BD64F43B7F6AF3B1/w=0_10_/t=iphone/l=1/tc,1,100,0
m.baidu.com/from=1001703a/bd_page_type=1/ssid=0/uid=0/pu=usm%400%2Csz%401320_1001%2Cta%40iphone_2_14.0_18_40.10/baiduid=ECEBED3B84D6F16D3CBDF3749F3AC8BD/w=0_10_/t=iphone/l=1/tc,1,100,0
m.baidu.com/from=1001703a/bd_page_type=1/ssid=0/uid=0/pu=usm%400%2Csz%401320_1001%2Cta%40iphone_2_14.0_18_40.9/baiduid=A1D9E80664F22EF1680DD2DEE80C2008/w=0_10_/t=iphone/l=1/tc,1,100,0
m.baidu.com/from=1001703a/bd_page_type=1/ssid=0/uid=0/pu=usm%400%2Csz%401320_1001%2Cta%40iphone_2_15.0_18_40.10/baiduid=3BC3012BFA4F05027330DA2FDC77E09D/w=0_10_/t=iphone/l=1/tc,1,100,0
m.baidu.com/from=1001703a/bd_page_type=1/ssid=0/uid=0/pu=usm%400%2Csz%401320_1001%2Cta%40iphone_2_15.0_18_40.10/baiduid=F09EC241C099DC0FF3BC623B06C73A77/w=0_10_/t=iphone/l=1/tc,1,100,0
m.baidu.com/from=1001703a/bd_page_type=1/ssid=0/uid=0/pu=usm%400%2Csz%401320_1001%2Cta%40iphone_2_15.0_18_40.9/baiduid=5A7C778B19E26A533CF711217347933E/w=0_10_/t=iphone/l=1/tc,1,100,0
m.baidu.com/from=1001703a/bd_page_type=1/ssid=0/uid=0/pu=usm%400%2Csz%401320_220%2Cta%40iphone___18_10.9/baiduid=E745B7D44E575D80B306B013998522ED/w=0_10_/t=iphone/l=1/tc,1,100,0
m.baidu.com/from=1001703a/bd_page_type=1/ssid=0/uid=0/pu=usm%400%2Csz%401320_220%2Cta%40iphone___18_40.10/baiduid=1A1D0BB09382D4832241BAB5C67C9A91/w=0_10_/t=iphone/l=1/tc,1,100,0
m.baidu.com/from=1001703a/bd_page_type=1/ssid=0/uid=0/pu=usm%400%2Csz%401320_220%2Cta%40iphone___18_40.10/baiduid=81AB1294C1F9C511E397654A7E673AD7/w=0_10_/t=iphone/l=1/tc,1,100,0
m.baidu.com/from=1001703a/bd_page_type=1/ssid=0/uid=0/pu=usm%401%2Csz%401320_1001%2Cta%40iphone_2_11.0_18_40.10/baiduid=6BAC22CBA6FA7B1B91C7F576EADC7E66/w=0_10_/t=iphone/l=1/tc,1,100,0
m.baidu.com/from=1001703a/bd_page_type=1/ssid=0/uid=0/pu=usm%401%2Csz%401320_1001%2Cta%40iphone_2_14.0_18_40.10/baiduid=36CB985857D745DA41C23EC0878086CF/w=0_10_/t=iphone/l=1/tc,1,0,64
m.baidu.com/from=1001703y/bd_page_type=1/ssid=0/uid=0/pu=usm%400%2Csz%401320_1001%2Cta%40iphone_2_10.0_18_40.8/baiduid=1F7CC0FF3E9C22198983C7911FFDFB9B/w=0_10_/t=iphone/l=1/tc,1,0,4
m.baidu.com/from=1009305b/bd_page_type=1/ssid=0/uid=0/pu=sz%401320_480%2Ccuid%40_ivva0aXHa0IaBuql82ef_uA2il98SuHlaHm80uXSu8RkWan4f2-MtSOA%2Ccua%40_a-qiyuOvig-NEq5I5me6NN02I_Uh2I-_uLpiSLqA%2Cosname%40baiduboxapp%2Cctv%402%2Ccfrom%401009305b%2Ccen%40cuid_cua%2Cc3_aid%40A00-NW5AMRZKPW42RLHSKVZANHVMMMSNQDDP-L5POLM2X%2Cosbranch%40a9%2Ccsrc%40home_box_txt%2Cvmgdb%400020100228y%2Cusm%402/baiduid=03D3C537F48C01D467763859B53A18F2/w=0_10_/t=zbios/l=1/tc,1,100,0
m.baidu.com/from=1012852q/bd_page_type=1/ssid=0/uid=0/pu=sz%401320_1004%2Cta%40iphone_2_13.0_11_20.0%2Cusm%400/baiduid=A479E5C9152986E81C183D152D60EC07/w=0_10_/t=iphone/l=1/tc,1,100,0
m.baidu.com/from=1012852q/bd_page_type=1/ssid=0/uid=0/pu=sz%401320_1004%2Cta%40iphone_2_13.0_11_20.1%2Cusm%400/baiduid=14BAECC59BAEB95D3D5C5AEAB12E1B2E/w=0_10_/t=iphone/l=1/tc,1,100,0
m.baidu.com/from=1012852q/bd_page_type=1/ssid=0/uid=0/pu=usm%400%2Csz%401320_1004%2Cta%40iphone_2_10.0_11_20.1/baiduid=C70FAD3FA0351C15E676B43F723C5877/w=0_10_/t=iphone/l=1/tc,1,0,14
m.baidu.com/from=1012852s/bd_page_type=1/ssid=0/uid=0/pu=usm%400%2Csz%401320_1004%2Cta%40iphone_2_10.0_11_19.3/baiduid=AFA4ADB6A0A694D87D2A2C43A73A5891/w=0_10_/t=iphone/l=1/tc,1,100,0
m.baidu.com/from=1013966u/bd_page_type=1/ssid=0/uid=0/pu=sz%401320_1001%2Cta%40iphone_2_13.0_19_25.5%2Cusm%400/baiduid=F3C344DDB200EF33397229B99661B2D3/w=0_10_/t=iphone/l=1/tc,1,100,0
m.baidu.com/from=1013966u/bd_page_type=1/ssid=0/uid=0/pu=usm%400%2Csz%401320_1001%2Cta%40iphone_2_10.0_19_23.1/baiduid=BE8700813AAE8A16F6FF54E3FDEC5C77/w=0_10_/t=iphone/l=1/tc,1,0,148
m.baidu.com/from=1013966u/bd_page_type=1/ssid=0/uid=0/pu=usm%400%2Csz%401320_1001%2Cta%40iphone_2_10.0_19_25.6/baiduid=384E9C74C76A38120B4A52FC282D6BD8/w=0_10_/t=iphone/l=1/tc,1,100,0
m.baidu.com/from=1013966u/bd_page_type=1/ssid=0/uid=0/pu=usm%400%2Csz%401320_1001%2Cta%40iphone_2_10.0_19_25.7/baiduid=1CC9E4F97FEEF7BFEC009AC84938A177/w=0_10_/t=iphone/l=1/tc,1,100,0
m.baidu.com/from=1013966u/bd_page_type=1/ssid=0/uid=0/pu=usm%400%2Csz%401320_1001%2Cta%40iphone_2_10.0_19_25.9/baiduid=9794756016CA73EE8DDA2B77140558A4/w=0_10_/t=iphone/l=1/tc,1,0,3
m.baidu.com/from=1013966u/bd_page_type=1/ssid=0/uid=0/pu=usm%400%2Csz%401320_1001%2Cta%40iphone_2_11.0_19_14.5/baiduid=0BCD01DDA4244E5AD72CD4E392FDC190/w=0_10_/t=iphone/l=1/tc,1,100,0
m.baidu.com/from=1013966u/bd_page_type=1/ssid=0/uid=0/pu=usm%400%2Csz%401320_1001%2Cta%40iphone_2_11.0_19_24.1/baiduid=187EED3A0A487C1AAFA3BE84D31D951E/w=0_10_/t=iphone/l=1/tc,1,100,0
m.baidu.com/from=1013966u/bd_page_type=1/ssid=0/uid=0/pu=usm%400%2Csz%401320_1001%2Cta%40iphone_2_12.0_19_25.2/baiduid=4126A640CC13F4F102C3FCCDB65EF7E4/w=0_10_/t=iphone/l=1/tc,1,100,0
m.baidu.com/from=1013966u/bd_page_type=1/ssid=0/uid=0/pu=usm%400%2Csz%401320_1001%2Cta%40iphone_2_13.0_19_25.6/baiduid=955109E920D0A48C8BCE03FC6A9D59A3/w=0_10_/t=iphone/l=1/tc,1,100,0
m.baidu.com/from=1013966u/bd_page_type=1/ssid=0/uid=0/pu=usm%400%2Csz%401320_1001%2Cta%40iphone_2_13.0_19_25.8/baiduid=97369B4A537EF02D93F5FADC42DBABDA/w=0_10_/t=iphone/l=1/tc,1,100,0
m.baidu.com/from=1013966u/bd_page_type=1/ssid=0/uid=0/pu=usm%400%2Csz%401320_1001%2Cta%40iphone_2_13.0_19_25.9/baiduid=3D7945923E9FD77033B2E38A6C43EA68/w=0_10_/t=iphone/l=1/tc,1,100,0
m.baidu.com/from=1013966u/bd_page_type=1/ssid=0/uid=0/pu=usm%400%2Csz%401320_1001%2Cta%40iphone_2_13.0_19_25.9/baiduid=5288F1290A8D155513C4BF2D5FB64730/w=0_10_/t=iphone/l=1/tc,1,100,0
m.baidu.com/from=1013966u/bd_page_type=1/ssid=0/uid=0/pu=usm%400%2Csz%401320_1001%2Cta%40iphone_2_13.0_19_25.9/baiduid=ED9DA0648A028C77777B7B8F2BED324C/w=0_10_/t=iphone/l=1/tc,1,100,0
m.baidu.com/from=1013966u/bd_page_type=1/ssid=0/uid=0/pu=usm%400%2Csz%401320_1001%2Cta%40iphone_2_14.0_19_25.8/baiduid=5B08F32C6B7E3EDDE3113935F73605D5/w=0_10_/t=iphone/l=1/tc,1,100,0
m.baidu.com/from=1013966u/bd_page_type=1/ssid=0/uid=0/pu=usm%400%2Csz%401320_1001%2Cta%40iphone_2_14.0_19_25.9/baiduid=7A604ECEFD6FF4387FD528F943D6A36A/w=0_10_/t=iphone/l=1/tc,1,100,0
m.baidu.com/from=1013966u/bd_page_type=1/ssid=0/uid=0/pu=usm%400%2Csz%401320_1001%2Cta%40iphone_2_14.0_19_25.9/baiduid=B4088A949FA70840F3A1206FBD762717/w=0_10_/t=iphone/l=1/tc,1,0,347
m.baidu.com/from=1013966u/bd_page_type=1/ssid=0/uid=0/pu=usm%400%2Csz%401320_1001%2Cta%40iphone_2_15.0_19_25.4/baiduid=78EC3AEF234CD955FC9D65535DC10216/w=0_10_/t=iphone/l=1/tc,1,100,0
m.baidu.com/from=1013966u/bd_page_type=1/ssid=0/uid=0/pu=usm%400%2Csz%401320_1001%2Cta%40iphone_2_15.0_19_25.6/baiduid=F30AB8AEA783A13BC674ED5BBE8A323E/w=0_10_/t=iphone/l=1/tc,1,100,0
m.baidu.com/from=1013966u/bd_page_type=1/ssid=0/uid=0/pu=usm%400%2Csz%401320_1001%2Cta%40iphone_2_15.0_19_25.8/baiduid=66DB68F76236F0CB184E58B4C3F76022/w=0_10_/t=iphone/l=1/tc,1,100,0
m.baidu.com/from=1013966u/bd_page_type=1/ssid=0/uid=0/pu=usm%400%2Csz%401320_1001%2Cta%40iphone_2_15.0_19_25.9/baiduid=2437FBF5966A1D9CC94B95D9BBC4A7A9/w=0_10_/t=iphone/l=1/tc,1,100,0
m.baidu.com/from=1013966u/bd_page_type=1/ssid=0/uid=0/pu=usm%400%2Csz%401320_1001%2Cta%40iphone_2_15.0_19_25.9/baiduid=57E0FB4CA2A4C482B1DF1E0E4D956DFC/w=0_10_/t=iphone/l=1/tc,1,100,0
m.baidu.com/from=1013966u/bd_page_type=1/ssid=0/uid=0/pu=usm%400%2Csz%401320_1001%2Cta%40iphone_2_15.0_19_25.9/baiduid=C994FD957B70272A6BC16164EABB79AF/w=0_10_/t=iphone/l=1/tc,1,100,0
m.baidu.com/from=1013966u/bd_page_type=1/ssid=0/uid=0/pu=usm%400%2Csz%401320_1001%2Cta%40iphone_2_15.0_19_25.9/baiduid=DB330F5D182D48F9472B4B718727F991/w=0_10_/t=iphone/l=1/tc,1,100,0
