name,visitors
Beijing,371
Shanghai,335
Hong Kong,321
Guangzhou,314
Singapore,249
Ho Chi Minh City,231
Shenzhen,190
Tokyo,173
Hangzhou,166
Los Angeles,146
Hanoi,131
Chengdu,106
Xi’an,103
Wuhan,85
Nanjing,85
Zhengzhou,70
N/A,66
Changsha,50
Taipei,47
Suzhou,41
Haiphong,39
Tianjin,39
Qingdao,39
Chongqing,39
Jinan,38
Xiamen,35
San Jose,31
Da Nang,29
Dongguan,28
Osaka,27
Bỉm Sơn,26
Hefei,24
Fuzhou,23
Tsuen Wan,20
N/A,20
Dalian,17
Seattle,17
Toronto,17
Ningbo,16
Taichung,15
Chang-hua,15
N/A,15
Wuxi,13
Seoul,13
Santa Clara,13
Shengpu,13
Shaoxing,12
Quanzhou,12
Shenyang,12
Zhongshan,12
Xinhualu,11
Shijiazhuang,10
Nantong,9
Lanzhou,9
Huzhou,9
Huế,8
Chengxiang,8
Foshan,8
Changzhou,8
Quảng Ngãi,7
Nha Trang,7
Hạ Long,7
Kuala Lumpur,7
Zhuhai,7
Nanchang,7
Kunming,7
Guiyang,7
Wan Chai,7
Sydney,7
London,7
Phoenix,7
Salt Lake City,7
Kaohsiung,6
Zhubei,6
Shantou,6
Nanning,6
Luoyang,6
Changzhi,6
N/A,6
New York City,6
Changshu,6
Vinh,5
N/A,5
Hsinchu,5
Zibo,5
Yangzhou,5
Xinxiang,5
Wenzhou,5
Jizhou,5
N/A,5
Paris,5
Fremont,5
Las Vegas,5
Central,5
Dubai,4
Ninh Bình,4
Tainan,4
Banqiao,4
Zhuzhou,4
Zhenjiang,4
Tongshan,4
Xingtai,4
Taiyuan,4
Nanyang,4
Langfang,4
Jinhua,4
Huizhou,4
N/A,4
N/A,4
Changchun,4
Melbourne,4
Auckland,4
Frankfurt am Main,4
Fort Lee,4
San Francisco,4
Qinhong,4
Moscow,3
Helsinki,3
Bengaluru,3
Thái Nguyên,3
Hải Dương,3
Taoyuan,3
Kunshan,3
Shangluo,3
Jiaxing,3
Hengyang,3
Haidian,3
Guilin,3
Phnom Penh,3
N/A,3
Brisbane,3
Amsterdam,3
Atlanta,3
Ashburn,3
Champaign,3
Chicago,3
Clifton,3
Brooklyn,3
Boardman,3
The Dalles,3
Mississauga,3
N/A,3
N/A,3
Faisalabad,2
Phú Thọ,2
Biên Hòa,2
N/A,2
Bangkok,2
Jakarta,2
N/A,2
N/A,2
Hualien City,2
N/A,2
Manila,2
Johor Bahru,2
N/A,2
Shangqiu,2
Zhoukou,2
Zhangzhou,2
Yuncheng,2
Yinchuan,2
Xiangyang,2
Qincheng,2
Tai’an,2
Qingyuan,2
Putian,2
Pingdingshan,2
Linfen,2
Liaocheng,2
Kaifeng,2
Jiangmen,2
Cixi,2
Hengshui,2
Fuyong,2
Dazhou,2
Baoding,2
N/A,2
Yokohama,2
N/A,2
N/A,2
Fukuoka,2
Fussa,2
Harbin,2
Tunis,2
Sheffield,2
Leeds,2
Zug,2
Basel,2
Stockholm,2
Rotterdam,2
Nürnberg,2
Munich,2
Berlin,2
Luxembourg,2
Robledo de Chavela,2
Madrid,2
Boadilla del Monte,2
Rome,2
Burke,2
Manassas,2
Arlington Heights,2
West Lafayette,2
Buffalo,2
Moosic,2
Cupertino,2
Hillsboro,2
N/A,2
Richmond Hill,2
Taoyuan City,2
N/A,2
N/A,2
N/A,2
N/A,2
Riyadh,1
Tallinn,1
Sofia,1
Johannesburg,1
Hyderabad,1
Mumbai,1
Yangon,1
Tây Ninh,1
Tam Kỳ,1
Sóc Trăng,1
Lấp Vò,1
Gia Nghĩa,1
Cao Lãnh,1
Cần Thơ,1
N/A,1
N/A,1
Quezon City,1
Kulai,1
George Town,1
Zhumadian,1
N/A,1
Yantai,1
Haining,1
Xianyang,1
Wuhu,1
Weifang,1
Tangshan,1
Taizhou,1
Shanwei,1
Renqiu,1
Mianyang,1
Meizhou,1
Linyi,1
Jiujiang,1
Jingmen,1
Yiwu,1
Chenzhou,1
N/A,1
N/A,1
N/A,1
N/A,1
Toyota,1
Suita,1
Nagoya,1
N/A,1
Narita,1
Chiba,1
Bramming,1
Wolverhampton,1
City of Westminster,1
Nottingham,1
Harlesden,1
Stuttgart,1
Leipzig,1
Halle (Saale),1
Furth im Wald,1
Dresden,1
Nantes,1
Lyon,1
Châtenay-Malabry,1
Barcelona,1
Camden Town,1
Zapopan,1
Washington,1
Overland Park,1
Saint Charles,1
St. Louis,1
Tulsa,1
Philadelphia,1
Austin,1
Richardson,1
Reston,1
Newton,1
Stoneham,1
Portland,1
Middletown,1
Queens,1
East Los Angeles,1
Glendale,1
Hacienda Heights,1
Irvine,1
Morgan Hill,1
Pasadena,1
Rancho Santa Margarita,1
South San Francisco,1
Sunnyvale,1
Walnut,1
