name,visitors
England,136
California,92
Guangdong,66
Moscow,65
New York,61
Île-de-France,56
Tokyo,50
Beijing,49
Hesse,49
Tamil Nadu,49
Bavaria,48
Maharashtra,44
Karnataka,43
São Paulo,42
Ontario,37
Shanghai,36
Delhi,36
North Holland,34
Saint Petersburg,33
Virginia,33
Texas,29
Baden-Württemberg,28
Mazovia,27
Hanoi,26
Jiangsu,25
North Rhine-Westphalia,24
Ho Chi Minh City,24
Madrid Autonomous Community,23
Massachusetts,23
Washington,23
Tel Aviv,21
New South Wales,20
Telangāna,20
Seoul,20
Illinois,20
Shandong,19
Florida,19
Kyiv,18
Henan,17
Catalonia,17
Flanders,16
Capital District,16
Berlin,16
Uusimaa,16
Budapest,16
Provence-Alpes-Côte-d'Azur,15
Uttar Pradesh,15
New Taipei,15
Hubei,14
Zhejiang,14
Andhra Pradesh,14
Gyeonggi,14
South Holland,14
Istanbul,14
Buenos Aires Province,13
Chongqing,13
Antioquia,13
North Carolina,13
Vienna,12
Victoria,12
Rio de Janeiro,12
British Columbia,12
Lombardy,12
Taipei,12
Pennsylvania,12
Tianjin,11
Saxony,11
Ciudad de Mexico,11
Oregon,11
Minas Gerais,10
Zürich,10
Santiago Metropolitan,10
Cundinamarca,10
Jakarta,10
Novosibirsk,10
Colorado,10
Georgia,10
New Jersey,10
Rio Grande do Sul,9
Shaanxi,9
Silesia,9
Stockholm,9
Dnipropetrovshchyna,9
Washington DC,9
Maryland,9
Ohio,9
Brussels,8
Sofia,8
Hunan,8
Liaoning,8
Sichuan,8
Hamburg,8
Lower Saxony,8
Valencian Community,8
Auvergne-Rhône-Alpes,8
Leinster,8
Gujarat,8
Madhya Pradesh,8
Nairobi County,8
Utrecht,8
Pomerania,8
Greater Poland,8
Lisbon,8
Taoyuan,8
Michigan,8
Prague,7
Capital Region,7
Cairo,7
Galicia,7
Kanagawa,7
Punjab,7
Samara,7
Tashkent,7
Ceará,6
Paraná,6
Alberta,6
Fujian,6
Hebei,6
Scotland,6
Attica,6
Kerala,6
West Bengal,6
Hormozgan,6
Piedmont,6
Lazio,6
Mexico State,6
Selangor,6
Lagos,6
Oslo,6
Auckland,6
Lima,6
Calabarzon,6
Lesser Poland,6
Moscow Province,6
Tatarstan,6
Makkah,6
Eastern,6
Songkhla,6
Kharkivshchyna,6
Utah,6
Dubai,5
Yerevan,5
Federal District,5
Santa Catarina,5
Bremen,5
Pichincha,5
Osaka,5
Bishkek,5
Astana,5
Western,5
Trøndelag,5
Nizhny Novgorod,5
Taichung,5
Kyivshchyna,5
Arizona,5
Nevada,5
Wallonia,4
Bahia,4
Pernambuco,4
St. Gallen,4
Boyacá,4
Valle del Cauca,4
Central Bohemia,4
South Moravia,4
Brandenburg,4
Central Denmark,4
Andalusia,4
Grand-Est,4
Normandie,4
Central,4
Odisha,4
Saitama,4
Hyogo,4
Riga,4
Chihuahua,4
Gelderland,4
Overijssel,4
Metro Manila,4
Central Visayas,4
Islamabad,4
Lower Silesia,4
Bucharest,4
Iași,4
Krasnodar Krai,4
Kaluga,4
Sverdlovsk,4
Bratislava,4
Hsinchu,4
Lvivshchyna,4
Odeshchyna,4
Alabama,4
Iowa,4
Kentucky,4
Minnesota,4
Wisconsin,4
Nghệ An,4
Western Cape,4
Lower Austria,3
Queensland,3
Centre,3
Amazonas,3
Mato Grosso do Sul,3
Quebec,3
Yunnan,3
Schleswig-Holstein,3
Harjumaa,3
Addis Ababa,3
Burgundy-Franche-Comté,3
Brittany,3
Hauts-de-France,3
Occitanie,3
Pays-de-la-Loire,3
Tbilisi,3
Kowloon City Kowloon,3
Zagreb,3
Jharkhand,3
Emilia-Romagna,3
Campania,3
Nagano,3
Aichi,3
Hiroshima,3
Shymkent,3
Benghazi,3
Bamako,3
Oaxaca,3
Yucatán,3
Kuala Lumpur,3
Federal Capital Territory,3
North Brabant,3
Davao,3
Łódź,3
Subcarpathia,3
Beograd,3
Skåne,3
Ljubljana,3
Košice,3
Kaohsiung,3
Zakarpattia,3
Connecticut,3
Idaho,3
Đồng Nai,3
Haiphong,3
Amanat Al Asimah,3
Gauteng,3
Tyrol,2
Federation of Bosnia and Herzegovina,2
Goiás,2
Paraíba,2
Minsk Region,2
Manitoba,2
Basel-Landschaft,2
Solothurn,2
Vaud,2
Jiangxi,2
Caldas,2
Magdalena,2
Meta,2
Nicosia,2
Saxony-Anhalt,2
Thuringia,2
Djibouti,2
Northern Denmark,2
Guayas,2
Imbabura,2
Giza,2
Aragon,2
Basque Country,2
Southwest Finland,2
Adjara,2
Guatemala,2
Tsuen Wan New Territories,2
Győr-Moson-Sopron,2
East Java,2
West Kalimantan,2
Riau Islands,2
South Sumatra,2
Yogyakarta,2
Jerusalem,2
Dādra and Nagar Haveli and Damān and Diu,2
Rajasthan,2
Erbil,2
Veneto,2
Amman,2
Chiba,2
Gifu,2
Shizuoka,2
Yamaguchi,2
Daejeon,2
Gangwon,2
North Chungcheong,2
South Jeolla,2
Al Asimah,2
Kaunas County,2
Vilnius County,2
Luxembourg,2
Oriental,2
Podgorica,2
Guerrero,2
Jalisco,2
Puebla,2
