name,visitors,pageviews,bounce_rate,time_on_page,scroll_depth
/pl/3/tutorial/index.html,35,43,62,67,44
/pl/3/tutorial/datastructures.html,30,34,77,35,32
/pl/3/library/functions.html,21,29,76,43,41
/pl/3/tutorial/introduction.html,18,17,90,166,59
/pl/3/,17,23,42,21,81
/pl/3/reference/index.html,13,17,17,11,57
/pl/dev/tutorial/classes.html,13,30,71,417,48
/pl/3/library/index.html,12,12,67,12,49
/pl/3/tutorial/appetite.html,12,9,83,111,92
/pl/3.14/,10,10,33,7,72
/pl/3/search.html,9,17,33,32,38
/pl/3/tutorial/controlflow.html,9,10,83,39,14
/pl/3.14/tutorial/,8,14,92,0,19
/pl/3.15/using/windows.html,8,8,50,17,4
/pl/3/tutorial/venv.html,8,8,100,13,42
/pl/3/library/turtle.html,7,6,100,14,5
/pl/3/tutorial/interpreter.html,7,7,25,144,82
/pl/dev/library/turtle.html,7,5,100,39,10
/pl/3.14/library/functions.html,6,8,100,65,10
/pl/3.14/tutorial/index.html,6,18,67,29,90
/pl/3/reference/datamodel.html,6,5,100,27,28
/pl/3.14/library/idle.html,5,4,0,5,27
/pl/3.14/library/stdtypes.html,5,6,67,24,23
/pl/3/library/array.html,5,4,67,210,52
/pl/3/reference/introduction.html,5,5,0,29,50
/pl/3/tutorial/,5,7,60,6,46
/pl/3/tutorial/modules.html,5,4,100,46,41
/pl/3.14/contents.html,4,4,0,9,2
/pl/3.14/glossary.html,4,11,100,151,98
/pl/3.14/library/turtle.html,4,2,50,108,9
/pl/3.14/reference/index.html,4,5,0,78,67
/pl/3.14/search.html,4,4,0,5,75
/pl/3.14/tutorial/controlflow.html,4,4,100,177,68
/pl/3.14/using/windows.html,4,4,100,26,43
/pl/3/genindex-U.html,4,4,100,,
/pl/3/library/stdtypes.html,4,3,0,29,30
/pl/3/reference/lexical_analysis.html,4,2,0,97,44
/pl/3/tutorial/classes.html,4,5,50,135,21
/pl/3/tutorial/errors.html,4,4,100,254,11
/pl/3/whatsnew/3.14.html,4,5,67,26,34
/pl/dev/tutorial/datastructures.html,4,4,100,12,14
/pl/3.13/tutorial/inputoutput.html,3,3,100,,
/pl/3.14/library/random.html,3,2,100,13,28
/pl/3.14/reference/introduction.html,3,3,0,15,78
/pl/3.14/tutorial/classes.html,3,4,0,102,97
/pl/3.14/tutorial/errors.html,3,2,100,5,7
/pl/3.14/tutorial/interpreter.html,3,3,100,44,100
/pl/3.14/tutorial/introduction.html,3,4,50,104,19
/pl/3.15/whatsnew/3.15.html,3,3,100,,
/pl/3/installing/index.html,3,4,100,25,62
/pl/3/library/asyncio.html,3,3,100,5,76
/pl/3/using/editors.html,3,4,0,13,98
/pl/dev/library/abc.html,3,5,33,20,24
/pl/dev/tutorial/inputoutput.html,3,3,100,,
/pl/3.12/license.html,2,2,100,0,4
/pl/3.13/library/functions.html,2,3,100,26,84
/pl/3.13/tutorial/classes.html,2,2,100,,
/pl/3.14/library/json.html,2,1,100,3,10
/pl/3.14/library/struct.html,2,3,0,18,19
/pl/3.14/py-modindex.html,2,4,100,776,64
/pl/3.14/tutorial/inputoutput.html,2,2,100,7,33
/pl/3.14/tutorial/stdlib.html,2,2,0,5,82
/pl/3.14/whatsnew/index.html,2,1,0,5,8
/pl/3.15/tutorial/classes.html,2,1,0,1364,100
/pl/3/c-api/exceptions.html,2,1,0,36,43
/pl/3/c-api/frame.html,2,2,50,5,19
/pl/3/contents.html,2,2,0,17,30
/pl/3/glossary.html,2,1,0,30,16
/pl/3/library/cmdlinelibs.html,2,2,100,6,100
/pl/3/library/functional.html,2,2,100,1,100
/pl/3/library/re.html,2,2,100,435,76
/pl/3/tutorial/inputoutput.html,2,3,50,17,53
/pl/3/using/cmdline.html,2,1,0,55,10
/pl/3/whatsnew/index.html,2,7,0,10,13
/pl/dev/glossary.html,2,2,100,,
/pl/dev/library/asyncio-subprocess.html,2,2,100,,
/pl/dev/library/functions.html,2,2,0,,
/pl/3.12/genindex.html,1,1,0,4,100
/pl/3.12/library/configparser.html,1,1,100,,
/pl/3.12/library/contextlib.html,1,1,0,20,5
/pl/3.12/py-modindex.html,1,1,0,54,26
/pl/3.12/tutorial/inputoutput.html,1,1,100,,
/pl/3.13/c-api/exceptions.html,1,1,100,,
/pl/3.13/c-api/none.html,1,1,100,3,100
/pl/3.13/genindex-U.html,1,1,100,,
/pl/3.13/howto/pyporting.html,1,1,100,6,100
/pl/3.13/howto/sorting.html,1,1,100,3,36
/pl/3.13/library/__main__.html,1,1,100,,
/pl/3.13/library/email.compat32-message.html,1,1,100,,
/pl/3.13/library/email.examples.html,1,1,100,1,100
/pl/3.13/library/importlib.resources.abc.html,1,1,100,1,100
/pl/3.13/library/venv.html,1,1,100,2,100
/pl/3.13/tutorial/,1,1,0,5,41
/pl/3.13/tutorial/appetite.html,1,1,100,13,49
/pl/3.13/tutorial/datastructures.html,1,2,0,,
/pl/3.13/tutorial/errors.html,1,1,0,,
/pl/3.13/tutorial/introduction.html,1,1,0,163,87
/pl/3.13/tutorial/modules.html,1,2,0,,
/pl/3.13/tutorial/stdlib.html,1,1,0,,
/pl/3.13/whatsnew/2.7.html,1,1,100,2,96
