name,visitors
Warsaw,79
Kraków,24
Łódź,22
Poznań,17
Katowice,10
Wrocław,9
Gdańsk,8
Zabrze,7
Szczecin,6
Chorzów,6
Lublin,5
Toruń,4
Stare Kurowo,4
Sanniki,4
N/A,4
Zamość,3
Rzeszów,3
Olsztyn,3
Nowa Słupia,3
Białystok,3
Tychy,3
Słupsk,3
Cairo,2
Riga,2
Mińsk Mazowiecki,2
Jedlicze,2
Incheon,2
Singapore,2
Amsterdam,2
Plauen,2
Zawiercie,2
Wadowice,2
Świnoujście,2
Skulsk,2
Płock,2
Piotrków Trybunalski,2
Oleśnica,2
Częstochowa,2
Chodzież,2
Bydgoszcz,2
Brodnica,2
Bielsko-Biala,2
Banino,2
Casoria,2
N/A,2
N/A,2
Samara,1
Protvino,1
Moscow,1
Pervomaiskyi,1
Lviv,1
Żabno,1
Sulejówek,1
Stalowa Wola,1
Rudnik nad Sanem,1
Radom,1
Przeworsk,1
Podłęże,1
N/A,1
Mielec,1
Łomianki,1
Kielce,1
Jasło,1
Ciechanów,1
Brzesko,1
Biała Podlaska,1
Shanghai,1
Hefei,1
Guangzhou,1
Chongqing,1
Beijing,1
London,1
Göteborg,1
Dublin,1
Prague,1
Żory,1
Zielona Góra,1
Wodzisław Śląski,1
Wejherowo,1
Świdwin,1
Świdnica,1
Stęszew,1
N/A,1
Pszczyna,1
Przecław,1
Nowy Dwór Gdański,1
Myślenice,1
Michałowice,1
Ligota,1
Koszalin,1
Kluczbork,1
Grodziec,1
Bełchatów,1
Barlinek,1
Uberaba,1
Rio de Janeiro,1
Dois Vizinhos,1
Bogotá,1
New York City,1
N/A,1
