name,visitors,bounce_rate,visit_duration
google.com,181,80,82
Direct / None,118,68,226
bing.com,23,80,213
google.pl,9,67,433
duckduckgo.com,7,100,0
python.org,4,0,250
baidu.com/link,3,33,32
pl.search.yahoo.com,2,100,0
flask.palletsprojects.com/en/stable/tutorial,1,0,133
google.de,1,100,0
habr.com/ru/companies/buruki/articles/189986,1,0,1132
m.baidu.com,1,100,0
moodle.sci.edu.pl,1,100,0
moodle.umk.pl,1,100,0
navoica.pl,1,0,1319
pip.pypa.io/en/latest/installation,1,0,0
pl.python.org,1,0,55
pl.wikipedia.org,1,100,0
search.brave.com,1,100,0
sphinx-doc.org/en/master/extdev/appapi.html,1,0,423
upel.agh.edu.pl,1,100,0
