name,visitors
Singapore,531
Beijing,478
Hong Kong,478
Guangzhou,439
Shanghai,393
Tokyo,245
Shenzhen,244
Wuhan,179
Los Angeles,178
Nanjing,169
Chengdu,158
Hangzhou,155
Xi’an,152
Zhengzhou,105
Changsha,79
Tianjin,71
Chongqing,62
Qingdao,60
Suzhou,58
Hefei,54
Taipei,50
Dongguan,48
N/A,46
Kunming,42
Shijiazhuang,37
San Jose,35
Huizhou,34
Dalian,33
N/A,29
Osaka,29
Jinan,28
Seattle,28
Jiaxing,27
Xiamen,24
Ningbo,23
Fuzhou,23
Zhuhai,22
Taichung,20
Wenzhou,19
N/A,19
Shangqiu,18
Wuhu,18
Nanning,18
Sydney,18
Wuxi,17
Nantong,17
Foshan,17
Lanzhou,16
Shenyang,16
Ashburn,16
Santa Clara,16
Nanchang,15
The Dalles,15
Guiyang,14
London,14
Taiyuan,13
Zibo,12
Shaoxing,12
Harbin,12
Central,12
Subang Jaya,12
Ürümqi,11
Luoyang,11
Seoul,11
Toronto,11
Changzhou,10
Kaohsiung,9
N/A,9
Chang-hua,9
Weifang,9
Pingdingshan,9
N/A,9
N/A,9
Melbourne,9
Las Vegas,9
Zhongshan,9
Kuala Lumpur,8
Zhuzhou,8
Quanzhou,8
Huzhou,8
Deyang,8
Baoding,8
Tsuen Wan,8
N/A,8
Inzai,8
Petaling Jaya,7
Putian,7
Linyi,7
Liaocheng,7
Changchun,7
Auckland,7
Frankfurt am Main,7
Paris,7
Chicago,7
Fremont,7
Shah Alam,6
Xiangyang,6
Jiangmen,6
Guilin,6
Chenzhou,6
Wan Chai,6
N/A,6
New York City,6
Taizhou,6
Jakarta,5
Tainan,5
Yangzhou,5
Shaoyang,5
N/A,5
N/A,5
Boardman,5
Wanghailou,5
Dubai,4
N/A,4
N/A,4
N/A,4
Rawang,4
Xinxiang,4
Chengxiang,4
Shanwei,4
Loudi,4
Jiaozuo,4
Handan,4
Phnom Penh,4
Yokohama,4
Glasgow,4
Stuttgart,4
Manassas,4
Taoyuan City,4
N/A,4
Riyadh,3
Bengaluru,3
Taoyuan,3
Banqiao,3
Hsinchu,3
Zhubei,3
Seremban,3
Dongyang,3
Taizhou,3
Shantou,3
Quzhou,3
Jining,3
Chuncheon,3
N/A,3
Qingkou,3
Southampton,3
Manchester,3
Haarlem,3
Enschede,3
Lyon,3
Venice,3
Boston,3
San Francisco,3
Tustin,3
Markham,3
Montréal,3
Oakville,3
Richmond Hill,3
Surrey,3
Chaowai,3
N/A,3
N/A,3
Kórinthos,2
Moscow,2
Hyderabad,2
Gurgaon,2
Yangon,2
Bangkok,2
Manila,2
Johor Bahru,2
N/A,2
N/A,2
Zhenjiang,2
Kunshan,2
Qingyuan,2
Nanyang,2
Linfen,2
N/A,2
Hengyang,2
Helixi,2
Chuzhou,2
Yiwu,2
Chaohu,2
N/A,2
Ōita,2
Kyoto,2
Koshigaya,2
Kawaguchi,2
Ikoma,2
Gifu-shi,2
Hohhot,2
Chifeng,2
Perth,2
Tōgane,2
Batna,2
Birkirkara,2
City of Westminster,2
Harlesden,2
Egham,2
Birmingham,2
Offenbach,2
Nürnberg,2
Köln,2
Dublin,2
San Giuliano Terme,2
Rome,2
Pisa,2
Camberwell,2
Veinticinco de Mayo,2
Bentonville,2
Columbus,2
Philadelphia,2
Austin,2
Dallas,2
Richardson,2
Secaucus,2
Buffalo,2
East Los Angeles,2
Livermore,2
Hillsboro,2
Calgary,2
Higashiyamato,2
Changshu,2
N/A,2
Shengpu,2
N/A,2
N/A,2
Rostov-na-Donu,1
Johannesburg,1
Delhi,1
Mumbai,1
Tashkent,1
N/A,1
Ho Chi Minh City,1
Biên Hòa,1
N/A,1
N/A,1
N/A,1
N/A,1
Sepang,1
N/A,1
N/A,1
Yuncheng,1
Yinchuan,1
Zhangjiagang,1
Tongshan,1
Xingtai,1
Haining,1
Weihai,1
Qincheng,1
Qujing,1
Qinhuangdao,1
Mianyang,1
Meizhou,1
Jinhua,1
Jingmen,1
Hengshui,1
Changzhi,1
Haikou,1
Enshi,1
Cangzhou,1
Tuen Mun,1
Sha Tin,1
N/A,1
N/A,1
N/A,1
Pursat,1
Busan,1
Incheon,1
Jeonju,1
N/A,1
Nishio,1
Dandong,1
Roxby Downs,1
Adelaide,1
Wallan,1
Żabbar,1
Truro,1
Stockton-on-Tees,1
Slough,1
Nottingham,1
Leeds,1
Hatfield,1
Feltham,1
Edinburgh,1
Aberystwyth,1
Basel,1
Göteborg,1
Zoetermeer,1
Amsterdam,1
Vienna,1
Ulm,1
Neckargemünd,1
Munich,1
Heidelberg,1
Haar,1
Frankfurt (Oder),1
Berlin,1
Chartres,1
Charenton-le-Pont,1
