property,value,visitors,events,percentage
url,(none),5409,12504,99.6
url,https://www.python.org/,111,122,2.0
url,https://github.com/python/cpython/tree/3.13/Lib/idlelib/,16,23,0.3
url,https://pypi.org/,16,17,0.3
url,https://wiki.python.org/moin/BeginnersGuide,12,14,0.2
url,https://www.python.org/downloads/,10,12,0.2
url,https://packaging.python.org/,5,5,0.1
url,https://github.com/python/cpython/tree/3.13/Lib/turtle.py,4,4,0.1
url,https://github.com/python/cpython/blob/main/Doc/tutorial/index.rst,3,3,0.1
url,https://github.com/python/cpython/tree/3.13/Lib/idlelib,3,3,0.1
url,https://learn.microsoft.com/windows/win32/procthread/environment-variables,3,3,0.1
url,https://packaging.python.org/en/latest/tutorials/installing-packages/#ensure-pip-setuptools-and-wheel-are-up-to-date,3,3,0.1
url,https://packaging.python.org/en/latest/tutorials/packaging-projects/,3,3,0.1
url,https://packaging.python.org/guides/packaging-binary-extensions/,3,3,0.1
url,https://tkdocs.com/,3,5,0.1
url,https://www.python.org/downloads/macos/,3,3,0.1
url,https://briefcase.readthedocs.io/,2,2,0.0
url,https://devguide.python.org/,2,2,0.0
url,https://github.com/python/cpython/tree/3.13/Lib/datetime.py,2,2,0.0
url,https://github.com/python/cpython/tree/3.13/Lib/pathlib/,2,2,0.0
url,https://github.com/python/cpython/tree/3.13/Lib/random.py,2,2,0.0
url,https://peps.python.org/,2,2,0.0
url,https://peps.python.org/pep-0008/,2,2,0.0
url,https://peps.python.org/pep-0011/#tier-3,2,2,0.0
url,https://peps.python.org/pep-0572/,2,2,0.0
url,https://peps.python.org/pep-0636/,2,2,0.0
url,https://peps.python.org/pep-0738/,2,2,0.0
url,https://peps.python.org/pep-3147/,2,2,0.0
url,https://termux.dev/en/,2,2,0.0
url,https://www.debian.org/doc/manuals/maint-guide/first.en.html,2,2,0.0
url,https://www.nuget.org/,2,2,0.0
url,https://www.python.org/doc/av/,2,2,0.0
url,https://www.sphinx-doc.org/,2,2,0.0
url,https://www.tcl.tk/man/tcl8.6/TkCmd/contents.htm,2,3,0.0
url,http://www.indowsway.com/floatingpoint.htm,1,1,0.0
url,https://agileabstractions.com/,1,1,0.0
url,https://buildozer.readthedocs.io/,1,1,0.0
url,https://code.activestate.com/recipes/576694/,1,1,0.0
url,https://code.activestate.com/recipes/langs/python/,1,1,0.0
url,https://core.tcl.tk/tips/doc/trunk/tip/48.md,1,1,0.0
url,https://docs.pytest.org/,1,1,0.0
url,https://en.wikipedia.org/wiki/Coordinated_Universal_Time,1,1,0.0
url,https://en.wikipedia.org/wiki/Discrete_Fourier_transform_(general)#Number-theoretic_transform,1,1,0.0
url,https://en.wikipedia.org/wiki/Karatsuba_algorithm,1,1,0.0
url,https://en.wikipedia.org/wiki/Universal_binary,1,1,0.0
url,https://github.com/python/cpython/blob/main/Doc/c-api/veryhigh.rst,1,1,0.0
url,https://github.com/python/cpython/blob/main/Doc/contents.rst,1,1,0.0
url,https://github.com/python/cpython/blob/main/Doc/library/cmath.rst,1,1,0.0
url,https://github.com/python/cpython/blob/main/Doc/library/optparse.rst,1,1,0.0
url,https://github.com/python/cpython/blob/main/Doc/tutorial/interpreter.rst,1,1,0.0
url,https://github.com/python/cpython/blob/main/Doc/using/index.rst,1,1,0.0
url,https://github.com/python/cpython/tree/3.13/Lib/calendar.py,1,1,0.0
url,https://github.com/python/cpython/tree/3.13/Lib/csv.py,1,1,0.0
url,https://github.com/python/cpython/tree/3.13/Lib/heapq.py,1,1,0.0
url,https://github.com/python/cpython/tree/3.13/Lib/keyword.py,1,1,0.0
url,https://github.com/python/cpython/tree/3.13/Lib/logging/__init__.py,1,1,0.0
url,https://github.com/python/cpython/tree/3.13/Lib/multiprocessing/,1,1,0.0
url,https://github.com/python/cpython/tree/3.13/Lib/numbers.py,1,1,0.0
url,https://github.com/python/cpython/tree/3.13/Lib/os.py,1,1,0.0
url,https://github.com/python/cpython/tree/3.13/Lib/webbrowser.py,1,1,0.0
url,https://github.com/python/cpython/tree/3.13/Lib/zipfile/,1,1,0.0
url,https://github.com/python/cpython/tree/3.13/iOS/README.rst,1,1,0.0
url,https://github.com/python/cpython/tree/main/Android/testbed/app/src/main/c/main_activity.c,1,1,0.0
url,https://github.com/python/cpython/tree/main/Tools/freeze,1,1,0.0
url,https://gvanrossum.github.io/,1,1,0.0
url,https://learn.microsoft.com/cpp/windows/latest-supported-vc-redist#visual-studio-2015-2017-2019-and-2022,1,1,0.0
url,https://manpages.debian.org/options(3),1,1,0.0
url,https://manpages.debian.org/recv(2),1,1,0.0
url,https://more-itertools.readthedocs.io/en/stable/api.html#more_itertools.before_and_after,1,1,0.0
url,https://nuitka.net/,1,1,0.0
url,https://packaging.python.org/extensions/,1,1,0.0
url,https://packaging.python.org/installing/,1,1,0.0
url,https://packaging.python.org/installing/#requirements-for-installing-packages,1,1,0.0
url,https://packaging.python.org/science/,1,1,0.0
url,https://peps.python.org/pep-0308/,1,1,0.0
url,https://peps.python.org/pep-0387/,1,1,0.0
url,https://peps.python.org/pep-0397/,1,1,0.0
url,https://peps.python.org/pep-0428/,1,1,0.0
url,https://peps.python.org/pep-0492/,1,2,0.0
url,https://peps.python.org/pep-0557/,1,1,0.0
url,https://peps.python.org/pep-0567/,1,1,0.0
url,https://peps.python.org/pep-0594/,1,1,0.0
url,https://peps.python.org/pep-0683/,1,1,0.0
url,https://pkware.cachefly.net/webdocs/casestudies/APPNOTE.TXT,1,1,0.0
url,https://pypi.org/project/UniCurses/,1,1,0.0
url,https://pypi.org/project/typing_extensions/,1,1,0.0
url,https://pyvideo.org/,1,1,0.0
url,https://requests.readthedocs.io/en/master/,1,1,0.0
url,https://rfc.zeromq.org/spec/32/,1,1,0.0
url,https://rhettinger.wordpress.com/2011/05/26/super-considered-super/,1,1,0.0
url,https://scipy.org/,1,1,0.0
url,https://speleotrove.com/decimal/decarith.html,1,1,0.0
url,https://tktable.sourceforge.net/tile/doc/converting.txt,1,1,0.0
url,https://web.archive.org/web/20201215133350/http://www.voidspace.org.uk/python/articles/authentication.shtml,1,1,0.0
url,https://webassembly.org/,1,3,0.0
url,https://wiki.python.org/moin/GuiProgramming#Cross-Platform_Frameworks,1,1,0.0
url,https://wiki.python.org/moin/GuiProgramming#Platform-specific_Frameworks,1,1,0.0
url,https://wsgi.readthedocs.io/,1,1,0.0
url,https://www.bytereef.org/mpdecimal/doc/libmpdec/index.html,1,1,0.0
url,https://www.jetbrains.com/pycharm/,1,1,0.0
url,https://www.jython.org/,1,1,0.0
url,https://www.python.org/doc/versions/,1,1,0.0
url,https://www.python.org/downloads/source/,1,1,0.0
url,https://www.tcl.tk/,1,1,0.0
url,https://www.tkdocs.com/shipman/,1,1,0.0
