name,visitors
Paris,118
Singapore,69
Dakar,36
Abidjan,33
Lyon,31
Antananarivo,25
Casablanca,19
Brussels,19
Montréal,18
The Dalles,17
Toulouse,16
Liège,15
Lomé,14
Nantes,14
Tunis,13
Rennes,13
Marseille,13
Rabat,12
Bordeaux,12
Kinshasa,11
Strasbourg,11
Lille,11
Saint-Denis,10
Algiers,10
Marrakesh,10
Montpellier,10
Shenzhen,9
Yaoundé,9
Brazzaville,9
Villeurbanne,9
Cotonou,8
Nice,7
Grenoble,7
Bondy,7
Sétif,6
Agadir,6
Palaiseau,6
Mulhouse,6
Ouagadougou,5
Lausanne,5
Valenciennes,5
Tours,5
Toulon,5
Saint-Brieuc,5
Pau,5
Muret,5
Le Mans,5
Issy-les-Moulineaux,5
Dijon,5
Chelles,5
N/A,5
Béziers,5
Athis-Mons,5
Aix-en-Provence,5
Lubumbashi,4
Shanghai,4
Douala,4
Libreville,4
Oran,4
Constantine,4
Batna,4
Oujda-Angad,4
Meknès,4
Beni Mellal,4
Zürich,4
Genève,4
Versailles,4
Vénérand,4
Saint-Germain-en-Laye,4
Marcq-en-Barœul,4
Limoges,4
Le Perreux-sur-Marne,4
Guyancourt,4
Fillinges,4
Fameck,4
Chambéry,4
Annecy,4
Anglet,4
Council Bluffs,4
Djibouti,3
Bujumbura,3
Saint Petersburg,3
Saint-Paul,3
Gemena,3
Nouakchott,3
Conakry,3
Bamako,3
Tlemcen,3
El Tarf,3
Sale,3
Dietikon,3
Naaldwijk,3
Amsterdam,3
Charleroi,3
Voiron,3
Vallauris,3
Trappes,3
Tassin-la-Demi-Lune,3
Sucy-en-Brie,3
Saint-Renan,3
Rouen,3
Roubaix,3
Puteaux,3
Orléans,3
Nancy,3
Mourenx,3
Metz,3
Mérignac,3
Massy,3
Levallois-Perret,3
Le Havre,3
La Celle-Saint-Cloud,3
Gorges,3
Franconville,3
Évry,3
Denain,3
Dammarie-les-Lys,3
Colombes,3
Chevilly-Larue,3
Chartres,3
Carquefou,3
Carpentras,3
Cannes,3
Blois,3
Arras,3
Argenteuil,3
Andrésy,3
Amiens,3
Alfortville,3
Petit-Bourg,3
Port-au-Prince,3
Irapuato,3
Seattle,3
Gatineau,3
Nairobi,2
Kigali,2
Ramallah,2
Jyväskylä,2
Amritsar,2
Kuala Lumpur,2
Shijiazhuang,2
Qingdao,2
Nanjing,2
N/A,2
Niamey,2
Bandiagara,2
Sousse,2
Ksar Hellal,2
Ben Arous,2
Baraki,2
Tétouan,2
Tangier,2
Romont,2
Nivelles,2
Namur,2
Mons,2
Jumet,2
Saarbrücken,2
Fürth,2
Yvetot,2
Villepinte,2
Villemomble,2
Villefranche-de-Lauragais,2
Vienne,2
Vernon,2
Verdun,2
Verberie,2
Valence,2
Tergnier,2
Taverny,2
Soultz-Haut-Rhin,2
Saulieu,2
Sathonay-Camp,2
Sartrouville,2
Sarrebourg,2
Saint-Pierre-du-Perray,2
Saint-Ouen,2
Saint-Michel-sur-Orge,2
Saint-Maximin-la-Sainte-Baume,2
Saint-Étienne,2
Saint-Denis-en-Val,2
Saint-Denis,2
Saint-Amand-les-Eaux,2
Ruelisheim,2
Riom,2
Reims,2
Recloses,2
Provins,2
Plougastel-Daoulas,2
Pézenas,2
Perpignan,2
Parthenay,2
Oberhoffen-sur-Moder,2
N/A,2
Montoison,2
Montmorency,2
Montluçon,2
Montlhéry,2
Montigny-le-Bretonneux,2
Montech,2
Mont-de-Marsan,2
Mons-en-Barœul,2
Meudon,2
Melun,2
Mantes-la-Jolie,2
Lorient,2
Livry-Gargan,2
Lisieux,2
Les Damps,2
Latresne,2
La Roche-sur-Yon,2
La Rochelle,2
La Ciotat,2
Grasse,2
Gauriaguet,2
Garges-lès-Gonesse,2
Fayet,2
Ézanville,2
Estillac,2
La Baule-Escoublac,2
Épône,2
Égly,2
Doubs,2
Décines-Charpieu,2
Dammartin-en-Goële,2
Cruseilles,2
Crolles,2
Créteil,2
Clermont-Ferrand,2
Choisy-le-Roi,2
Châtenay-Malabry,2
Champigny-sur-Marne,2
Champigny,2
Cergy,2
Caen,2
Buis-les-Baronnies,2
Bron,2
Brive-la-Gaillarde,2
Breuschwickersheim,2
Brest,2
Bourges,2
Boulogne-Billancourt,2
Biarritz,2
Besançon,2
Beaune,2
Bayonne,2
Bastia,2
Barr,2
Bagnères-de-Bigorre,2
Avignon,2
Auneuil,2
Aulnay-sous-Bois,2
Aubière,2
Aubervilliers,2
Arcueil,2
Arbois,2
Antony,2
Amboise,2
Albi,2
Las Rozas de Madrid,2
Milan,2
Fort-de-France,2
Chicago,2
Clifton,2
New York City,2
San Jose,2
Nampa,2
Dieppe,2
Dollard-Des Ormeaux,2
Dorval,2
Sainte-Julie,2
Winnipeg,2
Saint-Georges,2
Dammam,1
N/A,1
Saint-Philippe,1
Le Tampon,1
Johannesburg,1
Toamasina,1
Pune,1
Chennai,1
Indore,1
Hyderabad,1
Hanoi,1
Da Nang,1
Nakhon Pathom,1
Zhengzhou,1
Tongshan,1
Xiamen,1
Tianjin,1
Taizhou,1
Jiangmen,1
Hangzhou,1
Guangzhou,1
Fuzhou,1
Seongnam-si,1
Nouméa,1
Melbourne,1
Sémé,1
N'Djamena,1
