name,unique_entrances,total_entrances,visit_duration
/fr/3/tutorial/,233,239,150
/fr/3.13/library/zlib.html,76,76,7
/fr/3/tutorial/datastructures.html,73,75,98
/fr/3/genindex.html,55,55,31
/fr/3/contents.html,49,50,8
/3/,46,46,327
/fr/3/library/random.html,44,45,40
/fr/3/library/tkinter.html,43,44,205
/fr/3/library/turtle.html,42,44,109
/fr/3/tutorial/classes.html,34,36,127
/fr/3/,33,33,217
/dev/using/windows.html,32,32,739
/fr/3/howto/sorting.html,29,29,15
/fr/3/tutorial/interpreter.html,28,29,19
/fr/3/library/idle.html,26,27,45
/fr/3/tutorial/controlflow.html,25,26,68
/fr/3/tutorial/introduction.html,25,26,134
/fr/3/howto/regex.html,24,24,119
/fr/3/library/pathlib.html,24,24,16
/fr/3/library/datetime.html,23,23,23
/fr/3/tutorial/venv.html,23,23,25
/fr/dev/installing/index.html,23,23,21
/fr/3/library/csv.html,20,20,8
/fr/3/library/stdtypes.html,20,20,558
/fr/3/reference/simple_stmts.html,20,20,0
/fr/3/tutorial/appetite.html,20,22,313
/fr/3.12/contents.html,19,19,1
/fr/3/tutorial/index.html,19,19,178
/fr/3/library/__main__.html,18,18,0
/fr/3/library/decimal.html,18,18,0
/fr/3/library/enum.html,18,18,138
/fr/3/library/json.html,17,17,78
/fr/3/library/threading.html,17,17,0
/fr/3.14/,16,16,149
/fr/3/library/re.html,16,19,8
/fr/3/tutorial/inputoutput.html,16,16,53
/fr/3.12/library/os.html,15,15,34
/fr/3/library/index.html,15,15,238
/fr/3/tutorial/errors.html,15,15,0
/fr/3.13/contents.html,14,14,0
/fr/3/genindex-Symboles.html,14,14,22
/fr/3/library/functions.html,14,14,44
/fr/3/library/http.server.html,14,14,0
/fr/3/library/math.html,14,14,287
/fr/3/search.html,14,15,682
/fr/3.12/library/index.html,13,13,0
/fr/3.13/glossary.html,13,13,0
/fr/3/c-api/init.html,13,13,0
/fr/3/genindex-all.html,13,13,0
/fr/3/library/time.html,13,14,2
/fr/3.13/faq/windows.html,12,12,117
/fr/3.14/tutorial/index.html,12,14,264
/fr/3/installing/index.html,12,12,175
/fr/3/genindex-P.html,11,11,157
/fr/3/library/fractions.html,11,11,1
/fr/3/library/statistics.html,11,11,0
/fr/3/using/windows.html,11,11,338
/3/library/tkinter.html,10,10,565
/3/tutorial/index.html,10,10,834
/fr/3.13/reference/import.html,10,10,2
/fr/3/howto/unicode.html,10,10,5
/fr/3/library/ipaddress.html,10,10,0
/fr/3/library/multiprocessing.html,10,10,423
/fr/3.12/library/optparse.html,9,9,0
/fr/3.13/tutorial/classes.html,9,10,9
/fr/3.14/tutorial/datastructures.html,9,9,1
/fr/3/c-api/init_config.html,9,9,0
/fr/3/c-api/typeobj.html,9,9,0
/fr/3/library/argparse.html,9,9,0
/fr/3/library/fileinput.html,9,9,213
/fr/3/library/lzma.html,9,9,6
/fr/3/library/os.html,9,9,28
/fr/3/library/sys.html,9,9,0
/fr/3/tutorial/modules.html,9,9,229
/fr/3/using/cmdline.html,9,9,156
/fr/3.12/extending/embedding.html,8,8,68
/fr/3.12/library/datetime.html,8,8,0
/fr/3.12/library/html.parser.html,8,8,0
/fr/3.12/library/multiprocessing.html,8,8,0
/fr/3.13/tutorial/errors.html,8,8,0
/fr/3.14/search.html,8,8,100
/fr/3.14/tutorial/introduction.html,8,10,4
/fr/3/library/curses.ascii.html,8,8,0
/fr/3/library/curses.html,8,8,0
/fr/3/library/pickle.html,8,8,0
/fr/3/library/sqlite3.html,8,8,0
/fr/dev/library/re.html,8,8,0
/3.14/tutorial/index.html,7,7,155
/3/search.html,7,7,346
/3/tutorial/datastructures.html,7,7,766
/fr/3.12/c-api/unicode.html,7,7,0
/fr/3.12/library/devmode.html,7,7,0
/fr/3.12/library/socket.html,7,7,0
/fr/3.12/library/ssl.html,7,7,0
/fr/3.12/library/unicodedata.html,7,7,0
/fr/3.12/library/xmlrpc.client.html,7,7,0
/fr/3.13/bugs.html,7,7,0
/fr/3.13/c-api/typeobj.html,7,7,0
/fr/3.13/library/datetime.html,7,7,122
/fr/3.13/library/os.html,7,7,0
/fr/3.13/tutorial/index.html,7,7,42
/fr/3.15/using/windows.html,7,7,99
/fr/3/c-api/dict.html,7,7,0
/fr/3/library/fnmatch.html,7,7,0
/fr/3/library/netrc.html,7,7,0
/fr/3/library/readline.html,7,7,640
/fr/3/library/struct.html,7,7,5
/fr/3/library/typing.html,7,7,0
/fr/3/using/editors.html,7,7,3
/fr/dev/library/email.message.html,7,7,0
/3/library/idle.html,6,6,55
/fr/3.12/library/bdb.html,6,6,0
/fr/3.12/library/cmd.html,6,6,0
/fr/3.12/library/decimal.html,6,6,0
/fr/3.12/library/importlib.resources.html,6,6,0
/fr/3.12/library/numeric.html,6,6,0
/fr/3.12/library/plistlib.html,6,6,0
/fr/3.12/library/reprlib.html,6,6,0
/fr/3.12/library/tkinter.dnd.html,6,6,0
/fr/3.12/library/unittest.html,6,6,0
/fr/3.12/library/urllib.error.html,6,6,0
/fr/3.12/library/winreg.html,6,6,0
/fr/3.12/reference/grammar.html,6,6,0
/fr/3.13/c-api/exceptions.html,6,6,0
/fr/3.13/c-api/index.html,6,6,0
/fr/3.13/library/tkinter.html,6,6,0
/fr/3.13/tutorial/introduction.html,6,6,0
/fr/3/genindex-A.html,6,6,0
/fr/3/genindex-_.html,6,6,0
/fr/3/glossary.html,6,6,16
/fr/3/howto/argparse.html,6,6,0
/fr/3/library/__future__.html,6,6,54
/fr/3/library/asyncio-stream.html,6,6,0
/fr/3/library/asyncio-task.html,6,6,172
/fr/3/library/cmd.html,6,6,2
/fr/3/library/cmdlinelibs.html,6,6,0
/fr/3/library/importlib.resources.html,6,6,0
/fr/3/library/mmap.html,6,6,0
/fr/3/library/os.path.html,6,6,184
/fr/3/library/poplib.html,6,6,0
/fr/3/library/string.html,6,6,0
/fr/3/library/tk.html,6,6,36
/fr/3/library/unittest.mock.html,6,6,0
/fr/3/library/venv.html,6,6,0
/fr/3/tutorial/appendix.html,6,6,34
/fr/dev/library/string.templatelib.html,6,6,0
/3/library/math.html,5,5,171
/fr/3.12/library/ctypes.html,5,5,0
/fr/3.12/library/distribution.html,5,5,0
/fr/3.12/library/getopt.html,5,5,0
/fr/3.12/library/http.client.html,5,5,0
/fr/3.12/library/msilib.html,5,5,0
/fr/3.12/library/multiprocessing.shared_memory.html,5,5,0
/fr/3.12/library/unittest.mock.html,5,5,0
/fr/3.13/library/multiprocessing.html,5,5,0
/fr/3.13/library/operator.html,5,5,0
/fr/3.14/tutorial/controlflow.html,5,5,19
/fr/3/c-api/exceptions.html,5,5,0
/fr/3/c-api/veryhigh.html,5,5,0
/fr/3/howto/curses.html,5,5,0
/fr/3/library/asynchat.html,5,5,0
/fr/3/library/collections.html,5,5,0
/fr/3/library/curses.panel.html,5,5,0
/fr/3/library/dis.html,5,5,0
/fr/3/library/doctest.html,5,5,180
/fr/3/library/email.compat32-message.html,5,5,0
/fr/3/library/fileformats.html,5,5,0
/fr/3/library/xml.etree.elementtree.html,5,5,0
/fr/3/using/unix.html,5,5,0
/fr/dev/library/ast.html,5,5,0
/fr/dev/library/exceptions.html,5,5,0
/fr/dev/library/pickletools.html,5,5,0
/fr/dev/reference/compound_stmts.html,5,5,168
/3.14/tutorial/,4,4,834
/3/library/exceptions.html,4,4,800
/3/library/functions.html,4,4,1562
/3/library/index.html,4,4,830
/3/library/stdtypes.html,4,4,254
/3/library/turtle.html,4,4,39
/3/library/typing.html,4,4,894
/3/tutorial/introduction.html,4,4,281
/fr/3.12/extending/windows.html,4,4,0
/fr/3.12/library/argparse.html,4,4,0
/fr/3.12/library/curses.html,4,4,0
/fr/3.12/library/fileformats.html,4,4,0
/fr/3.12/library/pipes.html,4,4,0
/fr/3.12/library/sqlite3.html,4,4,0
/fr/3.12/library/sys.monitoring.html,4,4,0
/fr/3.12/library/sys_path_init.html,4,4,0
/fr/3.12/library/textwrap.html,4,4,0
/fr/3.13/installing/index.html,4,4,0
/fr/3.13/library/base64.html,4,4,147
/fr/3.13/library/bisect.html,4,4,0
/fr/3.13/library/pathlib.html,4,4,0
/fr/3.13/tutorial/datastructures.html,4,4,0
/fr/3.13/using/windows.html,4,4,354
/fr/3.14/tutorial/interpreter.html,4,5,241
/fr/3.14/whatsnew/3.14.html,4,4,46
/fr/3/c-api/buffer.html,4,4,0
/fr/3/c-api/unicode.html,4,4,0
/fr/3/extending/extending.html,4,4,111
/fr/3/genindex-F.html,4,4,0
/fr/3/genindex-L.html,4,4,0
/fr/3/index.html,4,5,110
/fr/3/library/audit_events.html,4,4,0
/fr/3/library/ctypes.html,4,4,0
/fr/3/library/dbm.html,4,4,0
/fr/3/library/ensurepip.html,4,4,0
/fr/3/library/filecmp.html,4,4,0
/fr/3/library/filesys.html,4,4,104
/fr/3/library/glob.html,4,4,224
/fr/3/library/hashlib.html,4,4,0
/fr/3/library/pdb.html,4,4,346
/fr/3/library/persistence.html,4,4,0
/fr/3/library/pprint.html,4,4,108
/fr/3/library/queue.html,4,5,0
/fr/3/library/reprlib.html,4,4,0
/fr/3/library/subprocess.html,4,4,7
/fr/3/library/timeit.html,4,4,382
/fr/3/library/tokenize.html,4,4,0
/fr/3/library/urllib.parse.html,4,4,0
/fr/3/library/zipfile.html,4,4,0
/fr/3/library/zipimport.html,4,4,0
/fr/3/reference/index.html,4,4,162
/fr/3/tutorial/floatingpoint.html,4,4,0
/fr/3/using/mac.html,4,4,0
/fr/3/whatsnew/2.3.html,4,4,0
/fr/dev/library/asyncio-runner.html,4,4,0
/fr/dev/library/fileformats.html,4,4,0
/fr/dev/library/internet.html,4,4,0
/fr/dev/library/stringprep.html,4,4,0
/fr/dev/library/tarfile.html,4,4,0
/3/download.html,3,3,194
/3/library/argparse.html,3,3,243
/3/library/asyncio.html,3,3,1677
/3/library/csv.html,3,3,256
/3/library/datetime.html,3,3,964
/3/library/json.html,3,3,208
/3/library/logging.html,3,3,2987
/3/library/pathlib.html,3,3,598
/3/library/subprocess.html,3,3,915
/3/py-modindex.html,3,3,385
/fr/3.12/c-api/function.html,3,3,0
/fr/3.12/extending/newtypes_tutorial.html,3,3,0
/fr/3.12/howto/annotations.html,3,3,223
/fr/3.12/library/hashlib.html,3,3,0
/fr/3.12/library/mailcap.html,3,3,0
/fr/3.12/library/pdb.html,3,3,0
/fr/3.12/library/pydoc.html,3,3,0
/fr/3.12/library/removed.html,3,3,0
/fr/3.12/library/rlcompleter.html,3,3,0
/fr/3.12/library/tabnanny.html,3,3,0
/fr/3.12/library/unix.html,3,3,0
/fr/3.12/library/urllib.robotparser.html,3,3,0
/fr/3.12/library/uuid.html,3,3,0
/fr/3.12/library/xmlrpc.html,3,3,0
/fr/3.12/tutorial/venv.html,3,3,0
/fr/3.13/c-api/abstract.html,3,3,0
/fr/3.13/c-api/object.html,3,3,0
/fr/3.13/howto/sorting.html,3,3,0
/fr/3.13/library/argparse.html,3,3,0
/fr/3.13/library/asyncio-eventloop.html,3,3,0
/fr/3.13/library/asyncio.html,3,3,34
/fr/3.13/library/csv.html,3,3,0
/fr/3.13/library/curses.html,3,3,0
/fr/3.13/library/dialog.html,3,3,23
/fr/3.13/library/functions.html,3,3,814
/fr/3.13/library/html.parser.html,3,3,0
/fr/3.13/library/idle.html,3,4,21
/fr/3.13/library/importlib.resources.abc.html,3,3,0
/fr/3.13/library/math.html,3,3,0
/fr/3.13/library/optparse.html,3,3,0
/fr/3.13/using/unix.html,3,3,21
/fr/3.14/download.html,3,3,17
/fr/3.14/index.html,3,3,739
/fr/3.14/library/functions.html,3,3,0
/fr/3.14/library/socket.html,3,3,16
/fr/3.14/library/unittest.html,3,3,0
/fr/3/c-api/conversion.html,3,3,0
/fr/3/howto/functional.html,3,3,0
/fr/3/howto/logging.html,3,3,0
/fr/3/howto/sockets.html,3,3,625
/fr/3/library/,3,3,50
/fr/3/library/asyncio.html,3,3,163
/fr/3/library/audioop.html,3,3,0
/fr/3/library/codeop.html,3,3,0
/fr/3/library/concurrency.html,3,3,0
/fr/3/library/concurrent.interpreters.html,3,3,0
/fr/3/library/email.contentmanager.html,3,3,0
/fr/3/library/exceptions.html,3,3,179
/fr/3/library/getopt.html,3,3,0
/fr/3/library/logging.handlers.html,3,3,0
/fr/3/library/pyexpat.html,3,3,0
/fr/3/library/removed.html,3,3,231
/fr/3/library/sys_path_init.html,3,3,0
/fr/3/library/tkinter.colorchooser.html,3,3,0
/fr/3/library/tty.html,3,3,0
/fr/3/library/unittest.html,3,3,0
/fr/3/reference/grammar.html,3,3,0
/fr/3/reference/import.html,3,3,0
