name,unique_exits,total_exits,exit_rate
/fr/3/tutorial/,207,215,
/fr/3/library/tkinter.html,70,70,
/fr/3/tutorial/datastructures.html,59,59,
/fr/3/library/turtle.html,54,53,
/fr/3/library/stdtypes.html,42,41,
/fr/3/library/random.html,41,40,
/fr/3/tutorial/controlflow.html,41,44,
/fr/3/tutorial/classes.html,40,46,
/fr/3.15/using/windows.html,30,30,
/fr/3/library/idle.html,30,30,
/fr/3/tutorial/appetite.html,30,35,
/fr/3/tutorial/introduction.html,29,29,
/fr/3/tutorial/interpreter.html,28,28,
/fr/3/library/csv.html,24,24,
/fr/3/search.html,24,25,
/fr/3/library/math.html,23,24,
/fr/3/tutorial/index.html,23,24,
/fr/3/howto/sorting.html,22,23,
/fr/3/library/datetime.html,22,22,
/fr/3/library/functions.html,21,23,
/fr/3/,19,19,
/3/,18,18,
/fr/3/library/os.html,17,17,
/fr/3/library/re.html,17,17,
/fr/dev/installing/index.html,17,18,
/dev/using/windows.html,16,16,
/fr/3.14/tutorial/index.html,16,16,
/fr/3/genindex-Symboles.html,16,16,
/fr/3/tutorial/errors.html,16,16,
/fr/3.14/tutorial/controlflow.html,15,18,
/fr/3/tutorial/venv.html,15,15,
/3/library/random.html,14,14,
/fr/3/howto/sockets.html,14,15,
/fr/3/tutorial/inputoutput.html,14,14,
/3/library/pathlib.html,13,13,
/3/tutorial/datastructures.html,13,10,
/3/library/venv.html,12,11,
/fr/3.14/,12,12,
/fr/3.14/tutorial/introduction.html,12,12,
/fr/3/reference/import.html,12,11,
/fr/3/using/windows.html,12,12,
/3/library/functions.html,11,11,
/3/library/tkinter.html,11,11,
/fr/3.13/tutorial/errors.html,11,11,
/fr/3/glossary.html,11,11,
/fr/3/library/__main__.html,11,11,
/fr/3/library/json.html,11,13,
/fr/3/library/sys.html,11,11,
/fr/3/library/time.html,11,11,
/3/library/re.html,10,10,
/3/library/threading.html,10,10,
/fr/3/library/index.html,10,10,
/fr/3/library/venv.html,10,10,
/3/howto/sorting.html,9,9,
/3/library/socket.html,9,8,
/3/library/stdtypes.html,9,9,
/3/library/string.html,9,8,
/3/library/sys.html,9,9,
/3/library/turtle.html,9,8,
/3/tutorial/errors.html,9,9,
/3/tutorial/index.html,9,10,
/fr/3.13/faq/windows.html,9,9,
/fr/3/installing/index.html,9,9,
/fr/3/reference/datamodel.html,9,8,
/fr/3/tutorial/modules.html,9,9,
/fr/3/using/cmdline.html,9,9,
/3/glossary.html,8,7,
/3/library/argparse.html,8,8,
/3/library/datetime.html,8,8,
/3/using/cmdline.html,8,8,
/fr/3.13/library/turtle.html,8,8,
/fr/3.13/using/windows.html,8,8,
/fr/3/library/asyncio-task.html,8,8,
/fr/3/library/decimal.html,8,7,
/fr/3/library/enum.html,8,9,
/fr/3/library/string.html,8,7,
/fr/3/py-modindex.html,8,8,
/fr/3/reference/simple_stmts.html,8,8,
/3.12/reference/simple_stmts.html,7,6,
/3.13/library/sys.html,7,6,
/3/library/dataclasses.html,7,7,
/3/tutorial/classes.html,7,7,
/fr/3.13/library/functions.html,7,7,
/fr/3.13/library/math.html,7,7,
/fr/3.14/search.html,7,7,
/fr/3/library/exceptions.html,7,7,
/fr/3/library/ipaddress.html,7,9,
/fr/3/library/operator.html,7,6,
/fr/3/library/pdb.html,7,7,
/fr/3/reference/lexical_analysis.html,7,7,
/3.12/reference/datamodel.html,6,6,
/3/library/asyncio-task.html,6,6,
/3/library/csv.html,6,6,
/3/library/exceptions.html,6,5,
/3/library/idle.html,6,6,
/3/library/itertools.html,6,6,
/3/library/json.html,6,5,
/3/library/logging.html,6,6,
/3/library/math.html,6,6,
/3/tutorial/controlflow.html,6,6,
