name,visitors,pageviews,bounce_rate,time_on_page,scroll_depth
/pt-br/latest/guides/installing-using-pip-and-virtual-environments/,21,22,100,41,34
/pt-br/latest/tutorials/installing-packages/,19,16,86,51,41
/pt-br/latest/guides/writing-pyproject-toml/,8,8,86,14,22
/pt-br/latest/flow/,5,3,0,17,49
/pt-br/latest/overview/,4,3,0,106,72
/pt-br/latest/specifications/,4,4,0,3,55
/pt-br/latest/,3,2,0,33,100
/pt-br/latest/specifications/dependency-specifiers/,3,3,100,27,14
/pt-br/latest/tutorials/managing-dependencies/,3,3,100,133,63
/pt-br/latest/guides/distributing-packages-using-setuptools/,2,2,100,10,47
/pt-br/latest/guides/section-install/,2,1,0,9,100
/pt-br/latest/specifications/pypirc/,2,2,0,4,29
/pt-br/latest/support/,2,3,0,26,100
/pt-br/latest/tutorials/packaging-projects/,2,2,100,16,41
/pt-br/latest/discussions/src-layout-vs-flat-layout/,1,1,100,,
/pt-br/latest/guides/creating-and-discovering-plugins/,1,1,100,63,100
/pt-br/latest/guides/hosting-your-own-index/,1,1,100,,
/pt-br/latest/guides/making-a-pypi-friendly-readme/,1,1,100,3,23
/pt-br/latest/guides/modernize-setup-py-project/,1,1,100,,
/pt-br/latest/guides/packaging-binary-extensions/,1,1,0,,
/pt-br/latest/guides/packaging-namespace-packages/,1,1,0,7,17
/pt-br/latest/key_projects/,1,1,0,11,29
/pt-br/latest/specifications/inline-script-metadata/,1,1,0,3,12
/pt-br/latest/specifications/platform-compatibility-tags/,1,1,100,11,33
