name,visitors,bounce_rate,visit_duration
Direct / None,152002,60,123
Google,118613,59,98
chatgpt.com,33501,67,102
Bing,32808,59,110
Baidu,5192,53,141
Yandex,4893,61,91
GitHub,2807,72,75
Yahoo!,2281,59,121
Brave,2201,64,86
Youtube,1901,67,97
docs.python.org,1840,54,89
DuckDuckGo,1273,59,86
link.csdn.net,1057,56,117
doubao.com,778,65,137
360.cn,765,49,244
code.visualstudio.com,706,81,53
Naver,641,51,117
w3schools.com,519,54,80
copilot.microsoft.com,495,62,105
link.zhihu.com,436,62,131
python.p2hp.com,432,65,145
qiita.com,334,59,115
pip.pypa.io,323,50,116
Microsoft Teams,297,68,89
claude.ai,277,67,86
packaging.python.org,216,41,154
Reddit,211,62,142
netacad.com,205,74,124
learn.microsoft.com,198,57,66
Perplexity,193,66,112
Coccoc,179,58,108
Sogou,168,63,82
python.jp,163,46,108
yuanbao.tencent.com,149,64,106
pytorch.org,148,72,61
wiki.python.org,148,64,84
Ecosia,145,65,56
pypi.org,142,65,143
blog.csdn.net,136,57,99
roadmap.sh,118,68,124
blog.naver.com,114,57,143
sukkiri.jp,109,51,93
peps.python.org,107,52,99
ai.google.dev,103,61,77
liaoxuefeng.com,99,77,45
Wikipedia,88,47,91
udemy.com,85,82,105
chat.baidu.com,83,55,128
Facebook,80,83,59
docs.pingcode.com,78,37,193
realpython.com,75,64,119
quark.cn,73,72,70
pygame.org,70,41,127
soroban.highreso.jp,70,85,85
online-python.com,69,67,101
pythoninsider.blogspot.com,69,41,171
naver.com,62,45,90
pythoncentral.io,60,59,101
tongyi.com,60,77,112
cnblogs.com,59,54,102
runoob.com,59,82,72
medium.com,58,67,56
jianshu.com,57,74,75
Telegram,56,73,107
dotiromoook.tistory.com,56,54,128
lms.ev.org.br,55,75,114
discuss.python.org,54,61,145
jetbrains.com,53,77,38
scikit-learn.org,53,61,112
artemis.tum.de,50,50,224
datacamp.com,50,73,71
kodekloud.com,50,71,60
geeksforgeeks.org,48,65,107
courses.edx.org,47,86,30
python.org.br,47,65,102
blackbox.ai,46,57,250
devguide.python.org,46,72,62
sky.pro,45,67,255
blog.pyq.jp,43,25,190
Qwant,42,64,84
chat.qwen.ai,42,77,153
edube.org,41,90,23
dzen.ru,40,75,78
cloud.tencent.com,39,60,48
docs.platformio.org,39,66,62
freedidi.com,39,70,52
openclassrooms.com,39,77,33
cs50.readthedocs.io,38,54,86
spotdl.readthedocs.io,38,42,23
romptn.com,36,78,71
ursinaengine.org,36,68,165
automatetheboringstuff.com,35,64,118
enlacesnintricks.blogspot.com,35,95,0
esphome.io,35,83,28
pythonguis.com,35,69,116
pythontest.com,35,29,64
Vkontakte,34,71,37
javadrive.jp,34,29,153
poe.com,33,70,226
chat.mistral.ai,32,66,106
gradio.app,32,55,177
instaloader.github.io,31,66,50
m.blog.naver.com,30,40,191
amuletmc.com,28,52,151
metanit.com,28,59,92
cursos.alura.com.br,27,68,18
music21.org,27,70,215
weel.co.jp,27,70,73
docs.espressif.com,26,65,107
Instagram,25,48,72
Django_Newsletter_287,24,68,18
dataquest.io,24,71,30
doc.courtbouillon.org,24,83,32
127.0.0.1,23,92,26
LinkedIn,23,61,24
aisearch.sogou.com,23,65,61
pythongeeks.org,23,65,113
ai-kenkyujo.com,22,36,149
drive2.ru,22,52,164
gapgpt.app,22,64,25
link.juejin.cn,22,68,27
rutube.ru,22,74,57
m365.cloud.microsoft,21,67,219
namu.wiki,21,62,18
yuque.com,21,57,212
codecademy.com,20,50,104
gamebanana.com,20,90,81
randomnerdtutorials.com,20,60,137
sysnettechsolutions.com,20,85,29
digitalocean.com,19,63,56
ecebac.fr,19,90,13
edu.sirius.online,19,25,215
freecodecamp.org,19,37,136
m.so.com,19,37,200
skillbox.ru,19,75,40
droidwin.com,18,56,56
ithelp.ithome.com.tw,18,50,98
ootrandomizer.com,18,60,105
pyzo.org,18,39,154
cgohlke.com,17,59,158
pythononlinecompiler.ru,17,76,154
tutorial.djangogirls.org,17,65,62
tutorialspoint.com,17,61,17
wenxiaobai.com,17,76,18
wikidocs.net,17,63,146
docs.qq.com,16,76,34
event.webinarjam.com,16,81,96
hovatek.com,16,62,14
legacy.python.org,16,71,86
py4e.com,16,94,4
rivery.io,16,38,13
source.android.com,16,62,57
tensorflow.org,16,65,58
w3school.com.cn,16,81,23
4pda.to,15,73,111
Gmail,15,67,109
Mail.ru,15,87,27
blog.python.org,15,27,629
brunch.co.kr,15,60,166
btcrecover.readthedocs.io,15,75,27
chat.chatbotapp.ai,15,73,5
gammasoft.jp,15,73,473
python.digibeatrix.com,15,40,161
Twitter,14,86,31
dosparaplus.com,14,47,323
habr.com,14,64,7
miralab.co.jp,14,57,116
ntp.msn.cn,14,40,139
xdaforums.com,14,71,8
docs.streamlit.io,13,92,2
docs.zephyrproject.org,13,46,134
in.accenture.com,13,77,27
matplotlib.org,13,54,20
mooc.fi,13,38,116
redis.io,13,100,0
sejuku.net,13,31,39
auto-editor.com,12,42,497
community.octoprint.org,12,50,66
heytech.tistory.com,12,58,187
python-lernen.de,12,58,16
pythonorg.cn,12,58,377
savanna.alxafrica.com,12,92,4
wikiwiki.jp,12,42,108
worthytutors.com,12,67,244
app.wellkid.online,11,92,1
cafe.daum.net,11,75,35
cainiaojc.com,11,82,13
developer.mozilla.org,11,73,54
docs.reportlab.com,11,67,22
docs.telethon.dev,11,64,79
harmash.com,11,100,0
lms.bstsrhberlin.com,11,82,101
n.cn,11,91,102
tryhackme.com,11,91,11
w3cschool.cn,11,91,38
challenge.hennge.com,10,40,77
codeup.kr,10,90,27
copilot.cloud.microsoft,10,40,243
csc.edu.vn,10,40,196
d2l.pima.edu,10,82,9
d2l.sdbor.edu,10,100,0
gitee.com,10,70,98
mathworks.com,10,27,105
mkdocs.org,10,20,168
oryoy.com,10,55,60
patreon.com,10,64,228
pcschool.com.tw,10,50,7
programiz.com,10,62,39
psx-place.com,10,80,100
pythonworld.ru,10,60,223
theforage.com,10,100,0
virtualenv.pypa.io,10,30,269
Odnoklassniki,9,100,0
blog.faradars.org,9,56,199
bot.n.cn,9,89,17
bytedance.larkoffice.com,9,78,57
canva.com,9,67,75
ceibal.schoology.com,9,55,11
codelv.com,9,89,48
codigofacilito.com,9,56,6
coding-is-fun.tistory.com,9,44,72
confluence.teslamotors.com,9,60,51
courses.codepath.org,9,44,17
jb51.net,9,44,346
kennesaw.view.usg.edu,9,89,28
leanpub.com,9,56,10
lms.skillfactory.ru,9,82,47
microsoft.github.io,9,89,7
migra.pl,9,67,27
mooc1.chaoxing.com,9,50,440
my.sky.pro,9,50,49
pandas.pydata.org,9,67,213
pydev.org,9,56,58
pymacrorecord.com,9,100,0
pythonjobshq.com,9,33,147
rswm-ju.tistory.com,9,22,196
sider.ai,9,78,17
tkdocs.com,9,33,37
tku.ac.jp,9,100,0
wenku.csdn.net,9,67,153
wiki.crowncloud.net,9,67,30
aranzulla.it,8,62,2
bugs.python.org,8,67,76
c.biancheng.net,8,50,128
coderivers.org,8,62,130
doc.qt.io,8,88,6
docs.astronvim.com,8,75,7
euc-word-edit.officeapps.live.com,8,100,0
help.aliyun.com,8,25,156
howtogeek.com,8,75,3
knowledge.ni.com,8,100,0
notebooks.githubusercontent.com,8,38,321
portablepython.com,8,50,34
pymanual.github.io,8,50,93
robotframework.org,8,62,426
samuelodekunle.medium.com,8,38,54
spectrum20.tistory.com,8,75,7
su-gi-rx.com,8,25,412
timeweb.cloud,8,62,296
universidadedigital.cademi.com.br,8,100,0
wiki.ith.intel.com,8,33,161
10.32.56.100,7,80,70
Daum,7,29,22
Quora,7,71,68
app.aluracursos.com,7,100,0
app.outlier.ai,7,88,4
byui-cse.github.io,7,57,183
docs.vultr.com,7,57,44
docstring.fr,7,57,55
elearning.unimib.it,7,71,10
enterprise-confluence.aexp.com,7,100,0
fsf.org,7,71,31
guru99.com,7,57,118
help.salesforce.com,7,43,369
hub.asimov.academy,7,86,1
internet-start.net,7,89,5
itproger.com,7,57,81
kikagaku.co.jp,7,29,304
kivy.org,7,71,5
list.org,7,14,38
lo.ekielce.pl,7,33,690
melgitgai-bw12002ze.megcloud.melco.co.jp,7,38,166
moodle.alaqsa.edu.ps,7,57,524
netvibes.com,7,69,37
odoo.com,7,75,138
pikabu.ru,7,88,1
programmingwithjim.wordpress.com,7,57,180
python.swaroopch.com,7,62,251
pythonhelp.ru,7,71,12
scapy.readthedocs.io,7,71,69
simpleicons.org,7,86,6
spotdl.github.io,7,57,102
starter-guide.od.pythonic-exam.com,7,71,22
stickpng.com,7,86,2
talentotech2.com.co,7,100,0
usc-powerpoint.officeapps.live.com,7,100,0
velog.io,7,71,11
vocus.cc,7,100,0
wiki.sandia.gov,7,86,10
awslabs.github.io,6,100,0
