name,visitors,bounce_rate,visit_duration
Direct / None,7012,70,222
Baidu,1153,74,108
Bing,931,72,143
Google,817,78,118
python.org,219,0,456
doubao.com,85,53,157
codecademy.cn,54,64,275
link.zhihu.com,37,69,93
link.csdn.net,28,87,58
qianwen.com,24,44,515
chatgpt.com,20,65,341
360.cn,19,82,175
quark.cn,17,62,128
wapbaike.baidu.com,13,100,0
liaoxuefeng.com,10,100,372
runoob.com,9,56,337
GitHub,5,100,66
ntp.msn.cn,5,60,1171
translations.python.org,5,40,62
wiki.python.org,5,0,1329
acwing.com,4,75,10
blog.csdn.net,4,100,0
c.biancheng.net,4,100,0
chat.baidu.com,4,50,39
cnblogs.com,4,100,0
mooc1.chaoxing.com,4,25,597
web.shanbay.com,4,75,13
8kmm.com,3,100,0
aiplayground.antgroup-inc.cn,3,33,286
baike.baidu.com,3,33,96
codemao-guide.yuque.com,3,67,17
edu.py2fun.com,3,25,2
idealab.alibaba-inc.com,3,100,107
yuanbao.tencent.com,3,67,31
yuque.com,3,50,26
3ms.huawei.com,2,100,0
DuckDuckGo,2,50,25
Yandex,2,0,20
bilibili.com,2,100,0
codernav.com,2,50,17
coze.cn,2,0,30
devguide.python.org,2,0,1118
docs.scrapy.org,2,0,9
fastapi.tiangolo.com,2,100,5
learn.youkeda.com,2,100,0
momodel.cn,2,100,0
oi-wiki.org,2,50,711
python.github.net.cn,2,0,1378
space.coze.cn,2,0,4
willhoumoe.github.io,2,0,20
www.kumao6.com,2,0,178
192.168.0.201,1,100,0
52zwbc.com,1,100,0
Brave,1,0,836
Ecosia,1,0,1433
Wikipedia,1,0,4253
Yahoo!,1,100,0
aisearch.qq.com,1,0,100
alanhou.org,1,0,8
app.dataquest.io,1,0,0
arashivision.feishu.cn,1,100,0
ata.atatech.org,1,100,0
blog.iyatt.com,1,100,0
bohrium.com,1,100,0
bytedance.larkoffice.com,1,100,0
cd.xrnm.xyz,1,0,10
chat.ai-service.global.fujitsu.com,1,0,0
cloud.hirain.com,1,0,87
cloud.tencent.com,1,0,0
clouddevops.huawei.com,1,0,0
compenv.phys.ethz.ch,1,0,0
copilot.com,1,100,0
core.juscom.com,1,0,5
corninggpt.ais.corning.com,1,0,79
cs50.harvard.edu,1,0,426
docker-reference.jycloud.fnos.net,1,0,228
docs.qq.com,1,100,0
docs.rs,1,0,27
dormousehole.readthedocs.io,1,0,260
falcon.readthedocs.io,1,0,371
flask.palletsprojects.com,1,0,536
gcn4sk03ztjz.feishu.cn,1,0,1782
gitee.com,1,100,0
hot.dawoai.com,1,0,0
images.nvidia.cn,1,0,2935
iops.top,1,100,0
l4x826wg3c.feishu.cn,1,100,0
learn.lianglianglee.com,1,100,0
link.juejin.cn,1,100,0
lms.gvsu.edu,1,0,13
loguru.readthedocs.io,1,0,193
m.so.com,1,0,126
macs3-project.github.io,1,0,147
mechanical.docs.pyansys.com,1,0,9
mobilelearn.chaoxing.com,1,0,36
moodle.hku.hk,1,0,631
mueaiml.hhq.suzuki.co.jp,1,0,14
mvig-rhos.gitbook.io,1,100,0
nav.17lai.site,1,100,0
nio.feishu.cn,1,100,0
nvlabs.github.io,1,0,24
onebox.huawei.com,1,100,0
opencsg.com,1,0,7
pygame.org,1,0,0
pyo3.shantou.university,1,100,0
pypi.org,1,0,29
pypypy.cn,1,100,0
python.byted.org,1,100,0
python.p2hp.com,1,0,628
python.uihtm.com,1,0,46
qiita.com,1,0,6
skillsmp.com,1,0,14
sphinx-doc.org,1,0,75
startab.cn,1,100,0
teachfor.cn,1,100,0
tkhome.feishu.cn,1,0,20
wangchujiang.com,1,100,0
zhihu.com,1,0,0
