name,visitors
Singapore,1777
London,1714
Paris,1692
Bengaluru,1635
New York City,1621
Moscow,1548
Hyderabad,1450
Tokyo,1419
Frankfurt am Main,1289
Mumbai,1236
Warsaw,1170
Los Angeles,1132
Amsterdam,1105
Chicago,1086
Munich,1071
Chennai,1068
Toronto,1019
San Jose,975
Ho Chi Minh City,901
Ashburn,867
Pune,813
Madrid,810
Berlin,797
Seattle,742
São Paulo,731
Sydney,706
Hanoi,690
Hong Kong,690
New Delhi,689
Zürich,678
Vienna,628
Atlanta,623
Shanghai,583
Shenzhen,576
Reston,568
Beijing,555
Dublin,535
Stockholm,529
Prague,523
Saint Petersburg,517
Taipei,511
Helsinki,506
Melbourne,501
Montréal,486
Manchester,482
Denver,481
Tel Aviv,480
Austin,456
Milan,455
San Francisco,450
Guangzhou,417
Nairobi,393
Boston,393
Kolkata,390
Delhi,377
Budapest,373
Brussels,354
Kyiv,353
Barcelona,339
Istanbul,338
Houston,330
Dallas,326
Hamburg,318
Ahmedabad,312
Vancouver,311
Rio de Janeiro,300
Kraków,297
Bucharest,296
Jakarta,296
Lisbon,294
Bogotá,294
Osaka,291
Brooklyn,289
Rome,277
Wrocław,269
Calgary,269
Tashkent,266
San Diego,266
Lagos,264
Stuttgart,264
Düsseldorf,259
Pittsburgh,257
Bangkok,253
Oslo,253
Copenhagen,250
N/A,250
Boardman,250
Sunnyvale,249
Noida,249
Cairo,245
Almaty,245
Marseille,243
N/A,238
Athens,231
Hangzhou,230
Brisbane,227
Washington,221
Belgrade,219
Chengdu,218
Sofia,215
Kathmandu,215
Ottawa,215
Portland,211
Cambridge,202
Lima,202
Santiago,200
Philadelphia,200
Dubai,198
Johannesburg,198
Miami,198
Minsk,197
Kuala Lumpur,196
Boryspil,195
Lahore,195
Coimbatore,189
Minneapolis,187
Phoenix,187
Göteborg,186
Riga,184
Köln,184
Columbus,184
Zagreb,183
Indore,182
Islington,181
Queens,181
Bishkek,180
Jaipur,176
Santa Clara,175
Birmingham,173
Brasília,171
San Antonio,170
Gurgaon,168
Auckland,162
Karachi,161
Nur-Sultan,161
Dhaka,158
Perth,158
The Dalles,157
Colorado Springs,155
Cochin,154
Cambridge,154
Gdańsk,153
Riyadh,150
Seoul,150
Yekaterinburg,149
Casablanca,148
City of Westminster,148
Poznań,148
Xi’an,145
Salt Lake City,145
Charlotte,143
Bristol,142
Vilnius,141
Novosibirsk,141
Lucknow,140
Edmonton,139
N/A,137
Dresden,136
Oakland,134
Colombo,132
Oxford,132
Taichung,130
Rotterdam,130
Toulouse,129
St. Louis,129
Las Vegas,129
Turin,128
Tbilisi,127
Karlsruhe,127
Nürnberg,126
Mexico City,126
N/A,126
Camden Town,125
Porto,124
Belo Horizonte,123
Lviv,121
Nizhniy Novgorod,119
Islamabad,119
Manila,119
Da Nang,118
Vladivostok,118
Accra,118
Medellín,118
Edinburgh,117
Fortaleza,117
Quezon City,116
Lyon,116
Wuxi,115
Nanjing,115
Bratislava,115
Ann Arbor,115
Kanpur,112
Cape Town,111
Madison,110
Łódź,109
Raleigh,109
Baltimore,108
Glasgow,107
Tallinn,106
Surat,106
Provo,106
Espoo,104
Bhopāl,104
Leipzig,104
Bhubaneshwar,102
Jeddah,101
Valencia,101
Leeds,101
Orlando,101
Tucson,101
Krasnodar,99
Brno,99
Yerevan,98
Hounslow,98
Council Bluffs,98
Suzhou,96
Adelaide,96
Eindhoven,95
Hannover,92
Winnipeg,92
Hsinchu,91
Coventry,91
N/A,91
Cupertino,91
Irvine,91
Chandīgarh,90
Trondheim,90
Aachen,90
Bologna,89
Mississauga,89
Ankara,88
Dehra Dūn,88
Quito,88
Indianapolis,87
Berkeley,87
Ranchi,86
Wuhan,86
Yokohama,86
Mountain View,86
Southampton,85
Grenoble,85
Jersey City,85
Addis Ababa,84
Nashville,84
Nottingham,83
Ljubljana,83
Durham,83
Redmond,83
Zhengzhou,82
Abu Dhabi,81
Ufa,81
Baku,81
Chelyabinsk,81
Phnom Penh,81
Tunis,81
Bern,81
Utrecht,81
Naaldwijk,81
Katowice,81
Patna,80
Kaohsiung,80
San José,80
Benito Juarez,80
Fremont,80
Burnaby,80
Lausanne,79
Rochester,79
Nantes,78
Curitiba,78
Cincinnati,78
Graz,77
Campinas,77
Sapporo,76
Heidelberg,76
Urbana,76
Waterloo,76
Thiruvananthapuram,75
Raipur,75
Taoyuan,75
Slough,75
Samara,74
Nagpur,74
Tianjin,74
Abidjan,74
Mannheim,74
Bremen,74
Bonn,74
Lambeth,74
Sheffield,73
Guadalajara,73
Tampa,72
Kansas City,72
Champaign,72
Petaẖ Tiqwa,71
Algiers,71
Reading,71
The Hague,71
Dortmund,71
Buenos Aires,71
Fresno,71
