name,visitors,pageviews,bounce_rate,time_on_page,scroll_depth
/pl/3/tutorial/datastructures.html,54,81,79,72,46
/pl/3/tutorial/index.html,50,65,62,19,67
/pl/dev/tutorial/classes.html,27,30,78,58,38
/pl/dev/library/turtle.html,25,29,88,29,11
/pl/3/tutorial/controlflow.html,21,23,90,95,31
/pl/3/,18,21,20,11,76
/pl/3/library/index.html,15,15,75,20,43
/pl/3/tutorial/interpreter.html,15,13,89,17,61
/pl/3/tutorial/introduction.html,15,12,80,55,42
/pl/3/tutorial/classes.html,14,22,83,529,34
/pl/3.14/,13,15,0,14,73
/pl/3/tutorial/errors.html,12,13,78,251,57
/pl/3.14/tutorial/index.html,11,10,100,20,48
/pl/3/library/functions.html,11,11,78,451,46
/pl/3/tutorial/venv.html,10,12,78,502,66
/pl/3/tutorial/appetite.html,9,8,80,12,83
/pl/3/library/array.html,8,6,100,44,72
/pl/3/library/stdtypes.html,8,7,67,57,28
/pl/3/search.html,8,9,33,8,43
/pl/3/tutorial/inputoutput.html,8,7,100,14,41
/pl/3/tutorial/modules.html,8,7,100,14,39
/pl/dev/tutorial/inputoutput.html,8,9,25,38,54
/pl/3.15/using/windows.html,7,10,0,37,18
/pl/dev/tutorial/datastructures.html,7,8,83,5,7
/pl/3.14/tutorial/appetite.html,6,5,50,28,70
/pl/3.14/tutorial/introduction.html,6,3,0,145,29
/pl/3.13/tutorial/appetite.html,5,9,100,11,96
/pl/3.13/tutorial/interpreter.html,5,5,100,39,100
/pl/3.14/tutorial/datastructures.html,5,14,25,105,48
/pl/3.14/using/cmdline.html,5,4,100,7,31
/pl/3/installing/index.html,5,5,100,8,50
/pl/3/tutorial/appendix.html,5,4,100,24,81
/pl/3/using/index.html,5,6,75,10,61
/pl/dev/library/functions.html,5,5,80,112,25
/pl/3.13/tutorial/index.html,4,4,67,28,64
/pl/3.14/index.html,4,4,50,14,92
/pl/3.14/installing/index.html,4,3,100,20,100
/pl/3.14/library/idle.html,4,3,100,19,36
/pl/3.14/library/index.html,4,4,0,26,11
/pl/3.14/library/random.html,4,3,100,28,5
/pl/3.14/library/stdtypes.html,4,3,100,39,8
/pl/3.14/reference/expressions.html,4,3,50,36,97
/pl/3.14/search.html,4,5,100,8,52
/pl/3/contents.html,4,3,50,8,34
/pl/3/tutorial/,4,5,25,12,26
/pl/3.12/installing/index.html,3,3,100,35,77
/pl/3.13/genindex-all.html,3,3,100,,
/pl/3.13/index.html,3,4,0,6,80
/pl/3.13/library/turtle.html,3,3,100,76,12
/pl/3.13/tutorial/controlflow.html,3,5,100,241,12
/pl/3.13/tutorial/errors.html,3,3,100,163,32
/pl/3.14/library/turtle.html,3,2,50,16,2
/pl/3.14/tutorial/controlflow.html,3,3,0,119,46
/pl/3.14/tutorial/interpreter.html,3,2,0,108,75
/pl/3.14/whatsnew/3.14.html,3,2,0,25,66
/pl/3.15/contents.html,3,3,0,8,1
/pl/3.15/tutorial/index.html,3,3,100,112,90
/pl/3/extending/extending.html,3,3,100,87,22
/pl/3/library/constants.html,3,2,0,34,70
/pl/3/library/email.message.html,3,3,100,5,100
/pl/3/library/inspect.html,3,3,100,,
/pl/3/library/random.html,3,3,0,103,21
/pl/3/library/turtle.html,3,3,100,122,20
/pl/dev/tutorial/introduction.html,3,4,100,416,51
/pl/3.12/c-api/bytes.html,2,2,100,,
/pl/3.12/library/index.html,2,2,100,,
/pl/3.12/tutorial/datastructures.html,2,1,0,127,27
/pl/3.12/tutorial/index.html,2,1,0,6,40
/pl/3.12/whatsnew/3.12.html,2,2,100,15,100
/pl/3.13/howto/sorting.html,2,2,100,27,69
/pl/3.13/installing/index.html,2,2,0,0,31
/pl/3.13/library/functions.html,2,2,100,0,3
/pl/3.13/library/tk.html,2,2,0,60,60
/pl/3.13/tutorial/introduction.html,2,3,100,,
/pl/3.14/c-api/time.html,2,1,100,9,69
/pl/3.14/library/copy.html,2,1,0,55,96
/pl/3.14/library/decimal.html,2,1,0,7,17
/pl/3.14/library/functions.html,2,2,100,2,2
/pl/3.14/library/intro.html,2,1,0,1,24
/pl/3.14/library/operator.html,2,1,0,111,100
/pl/3.14/library/tkinter.html,2,1,100,5,3
/pl/3.14/library/tkinter.messagebox.html,2,1,100,11,39
/pl/3.14/reference/datamodel.html,2,1,0,86,80
/pl/3.14/tutorial/,2,1,0,20,20
/pl/3.14/tutorial/inputoutput.html,2,1,0,18,63
/pl/3.14/tutorial/modules.html,2,8,0,199,70
/pl/3.14/tutorial/stdlib2.html,2,1,0,44,58
/pl/3.15/genindex-P.html,2,1,0,53,29
/pl/3.15/genindex.html,2,1,0,5,100
/pl/3.15/library/pprint.html,2,1,0,57,100
/pl/3.15/py-modindex.html,2,1,0,5,12
/pl/3.15/search.html,2,1,0,6,5
/pl/3.15/tutorial/appetite.html,2,2,100,51,100
/pl/3.15/whatsnew/3.15.html,2,2,0,76,17
/pl/3/c-api/intro.html,2,2,100,,
/pl/3/download.html,2,2,0,13,76
/pl/3/library/ast.html,2,2,100,,
/pl/3/library/collections.html,2,2,100,11,41
/pl/3/library/datetime.html,2,2,0,19,6
/pl/3/library/exceptions.html,2,3,100,4,69
