name,visitors
India,84902
China,40916
United States,38597
Brazil,13523
Japan,13038
Russian Federation,10721
Germany,9604
South Korea,9466
United Kingdom,7689
Pakistan,6705
Indonesia,6335
France,6294
Vietnam,5731
Turkey,5568
Hong Kong,5539
Mexico,5214
Canada,4991
Taiwan,4265
Iran,4220
Thailand,4198
Italy,4022
Spain,3917
Colombia,3705
Singapore,3487
Australia,3463
Netherlands,3412
Philippines,3406
Poland,3206
Egypt,3193
Bangladesh,2825
Peru,2760
Argentina,2602
Ukraine,2533
Nigeria,2425
Malaysia,2386
Chile,1886
Morocco,1734
South Africa,1730
Saudi Arabia,1724
Kenya,1459
Nepal,1292
United Arab Emirates,1222
Algeria,1202
Switzerland,1161
Ecuador,1154
Sri Lanka,1133
Portugal,1132
Tunisia,1096
Uzbekistan,1095
Romania,1051
Austria,1031
Belgium,1023
Iraq,1008
Israel,995
Czechia,977
Kazakhstan,954
Sweden,927
Ireland,758
Ghana,756
Hungary,718
Finland,683
Greece,678
Ethiopia,614
Cambodia,608
Belarus,583
Venezuela,578
Guatemala,564
Dominican Republic,534
Myanmar,534
New Zealand,511
Bulgaria,470
Azerbaijan,459
Bolivia,446
Serbia,444
Denmark,442
Costa Rica,428
Yemen,427
Jordan,414
Cameroon,411
Uganda,368
Norway,360
Slovakia,343
Côte d'Ivoire,325
El Salvador,284
"Congo, The Democratic Republic of the",275
Tanzania,274
Moldova,273
Lebanon,267
Lithuania,265
Georgia,256
Croatia,255
Latvia,253
Armenia,252
Madagascar,246
Uruguay,242
Panama,236
Paraguay,235
Kyrgyzstan,230
Libya,228
Senegal,223
Honduras,209
Kuwait,205
Estonia,203
Zimbabwe,198
Angola,192
Oman,185
Slovenia,179
Zambia,162
Benin,161
Qatar,156
Cyprus,150
"Palestine, State of",149
Rwanda,149
Luxembourg,147
Togo,139
Burkina Faso,127
Sudan,121
Seychelles,115
Albania,114
Syria,110
Bosnia and Herzegovina,108
Mozambique,106
Puerto Rico,105
Tajikistan,103
Bhutan,101
Somalia,97
Jamaica,96
Malawi,96
Bahrain,92
Mongolia,89
Mali,86
Laos,85
Afghanistan,79
Cuba,79
Mauritius,76
Malta,74
Kosovo,71
Nicaragua,70
North Macedonia,65
Guinea,64
Congo,57
Macao,56
Trinidad and Tobago,51
Montenegro,49
Réunion,49
Namibia,45
Botswana,44
Haiti,42
Sierra Leone,42
Mauritania,41
Maldives,40
Gambia,38
Gabon,36
Guyana,31
Niger,30
Iceland,29
Papua New Guinea,27
Burundi,23
South Sudan,22
Liberia,21
Lesotho,21
Chad,21
Brunei Darussalam,19
Eswatini,18
Barbados,17
Guadeloupe,16
New Caledonia,16
Cabo Verde,15
Fiji,14
Liechtenstein,14
Martinique,14
Suriname,13
Andorra,12
Belize,12
Timor-Leste,12
Djibouti,11
French Polynesia,11
Jersey,10
Monaco,10
Aruba,9
Bermuda,9
"Virgin Islands, U.S.",8
Bahamas,7
Guernsey,7
Guinea-Bissau,7
Isle of Man,7
French Guiana,6
Saint Lucia,6
San Marino,6
Tonga,6
Equatorial Guinea,5
Kiribati,5
Cayman Islands,5
"Bonaire, Sint Eustatius and Saba",4
Curaçao,4
Gibraltar,4
Antigua and Barbuda,3
Central African Republic,3
Faroe Islands,3
Grenada,3
Guam,3
Comoros,3
Saint Kitts and Nevis,3
Turkmenistan,3
Saint Vincent and the Grenadines,3
Åland Islands,2
Sint Maarten (Dutch part),2
Samoa,2
"Micronesia, Federated States of",1
Saint Pierre and Miquelon,1
Palau,1
Turks and Caicos Islands,1
Vanuatu,1
