name,unique_entrances,total_entrances,visit_duration
/3.12/,506,525,154
/3.12/tutorial/index.html,264,273,86
/3.12/whatsnew/3.12.html,201,201,72
/3.12/using/windows.html,192,198,60
/3/,169,178,573
/3.12/library/functions.html,136,143,74
/3.12/tutorial/,105,105,238
/3.12/search.html,101,118,301
/3.12/library/stdtypes.html,91,92,83
/3.12/library/,77,78,74
/3.12/index.html,68,68,172
/3.12/library/typing.html,66,67,92
/3.12/library/2to3.html,58,59,18
/3.12/library/index.html,54,63,302
/3.12/library/datetime.html,51,53,64
/3.12/library/exceptions.html,43,44,17
/3.12/library/os.html,38,39,198
/zh-cn/3.12/tutorial/index.html,32,35,364
/3.12/tutorial/controlflow.html,30,36,52
/zh-cn/3.12/library/functions.html,30,31,66
/3.12/library/pathlib.html,28,28,66
/3.12/library/telnetlib.html,27,29,25
/zh-cn/3.12/using/mac.html,27,27,154
/3.12/library/asyncio.html,26,30,214
/3.12/library/re.html,26,29,1
/3.12/tutorial/appetite.html,26,27,273
/zh-cn/3.12/,24,24,155
/3.12/library/logging.html,22,23,13
/3.12/library/tkinter.html,22,23,70
/3.12/library/subprocess.html,21,22,226
/3.12/tutorial/interpreter.html,21,21,513
/dev/using/windows.html,21,21,723
/3/library/typing.html,20,20,655
/3.12/tutorial/introduction.html,19,21,0
/es/3.12/tutorial/index.html,19,20,162
/3.12/library/os.path.html,18,19,0
/3/library/functions.html,17,17,557
/zh-cn/3.12/library/index.html,17,19,456
/3.12/library/random.html,16,16,235
/3.12/py-modindex.html,16,20,268
/3.14/,16,18,406
/3/search.html,16,16,542
/3.12/library/asyncio-task.html,15,15,127
/3.12/installing/index.html,14,14,33
/3/library/subprocess.html,14,14,1128
/zh-cn/3.12/search.html,14,16,312
/3.12/download.html,13,13,180
/3.12/reference/datamodel.html,13,14,197
/3/library/stdtypes.html,13,13,462
/3.12/library/argparse.html,12,12,28
/3.12/library/csv.html,12,13,107
/3.12/library/io.html,12,12,16
/3.12/library/math.html,12,12,150
/3.12/tutorial/datastructures.html,12,12,24
/3/library/asyncio.html,12,12,1008
/3/library/logging.html,12,12,554
/3/tutorial/index.html,12,12,1655
/3.12/library/dataclasses.html,11,12,35
/3.12/library/itertools.html,11,12,110
/3.12/library/unittest.mock.html,11,11,13
/3/library/index.html,11,11,415
/3/library/telnetlib.html,11,11,33
/3.12/whatsnew/changelog.html,10,16,399
/3/library/concurrent.futures.html,10,10,362
/es/3.12/tutorial/introduction.html,10,12,73
/zh-cn/3.12/index.html,10,10,908
/zh-cn/3.12/library/heapq.html,10,10,3
/zh-cn/3.12/reference/index.html,10,12,65
/zh-cn/3.12/whatsnew/3.12.html,10,10,221
/3.12/glossary.html,9,10,127
/3.12/library/collections.html,9,10,159
/3.12/library/http.client.html,9,9,125
/3.12/reference/index.html,9,9,143
/3/library/multiprocessing.html,9,9,528
/3/library/tkinter.html,9,9,653
/3/library/venv.html,9,9,459
/3/whatsnew/3.12.html,9,9,486
/zh-cn/3.12/using/index.html,9,10,0
/zh-cn/3/,9,9,522
/3.12/library/sqlite3.html,8,8,4
/3.12/library/ssl.html,8,8,22
/3.12/library/sys.html,8,8,0
/3.12/library/threading.html,8,10,95
/3/tutorial/datastructures.html,8,8,1764
/ja/3.12/index.html,8,8,346
/ja/3.12/library/index.html,8,8,160
/zh-cn/3.12/library/asyncio.html,8,8,14
/zh-cn/3.12/tutorial/controlflow.html,8,8,865
/3.12/library/idle.html,7,7,3
/3.12/library/unittest.html,7,7,229
/3.12/library/urllib.request.html,7,7,178
/3.12/library/venv.html,7,7,17
/3.13/,7,8,234
/3/download.html,7,7,619
/3/library/dataclasses.html,7,7,365
/3/library/datetime.html,7,7,675
/3/library/os.html,7,7,496
/3/library/pathlib.html,7,7,889
/3/library/re.html,7,7,284
/fr/3.12/library/stdtypes.html,7,7,354
/pt-br/3.12/library/functions.html,7,9,788
/zh-cn/3.12/library/stdtypes.html,7,7,137
/zh-cn/3.12/py-modindex.html,7,7,4
/zh-cn/3.12/tutorial/datastructures.html,7,7,1
/3.12/howto/perf_profiling.html,6,6,126
/3.12/library/contextvars.html,6,6,2
/3.12/library/functools.html,6,7,139
/3.12/library/json.html,6,6,101
/3.12/library/shutil.html,6,6,16
/3.12/library/string.html,6,6,7
/3.12/library/time.html,6,6,63
/3.12/library/turtle.html,6,6,37
/3.12/tutorial/classes.html,6,6,0
/3.15/,6,6,597
/3/library/argparse.html,6,6,915
/3/library/crypt.html,6,6,91
/3/library/getpass.html,6,6,267
/3/library/idle.html,6,6,265
/3/library/json.html,6,6,956
/3/library/random.html,6,6,28
/3/library/unittest.mock.html,6,6,364
/3/library/xml.etree.elementtree.html,6,6,843
/es/3.12/library/functions.html,6,6,686
/ja/3.12/library/typing.html,6,6,214
/3.12/contents.html,5,5,891
/3.12/library/cgi.html,5,5,0
/3.12/library/crypt.html,5,5,66
/3.12/library/multiprocessing.html,5,10,342
/3.12/library/struct.html,5,5,0
/3.12/library/uuid.html,5,5,0
/3.12/reference/compound_stmts.html,5,5,2281
/3.12/reference/lexical_analysis.html,5,5,310
/3.12/tutorial/inputoutput.html,5,5,110
/3.14/tutorial/index.html,5,5,513
/3.14/using/windows.html,5,5,825
/3/c-api/init.html,5,5,1340
/3/glossary.html,5,5,634
/3/index.html,5,5,695
/3/library/asyncio-task.html,5,5,572
/3/library/csv.html,5,5,304
/3/library/math.html,5,5,1280
/3/tutorial/errors.html,5,5,300
/3/tutorial/modules.html,5,5,147
/3/whatsnew/3.14.html,5,5,622
/el/3.12/library/functions.html,5,5,0
/ja/3.12/installing/index.html,5,5,1
/ja/3.12/library/urllib.request.html,5,5,3
/ko/3.12/library/concurrent.futures.html,5,5,578
/zh-cn/3.12/download.html,5,5,112
/zh-cn/3.12/glossary.html,5,5,48
/zh-cn/3.12/library/,5,5,754
/zh-cn/3.12/library/debug.html,5,5,38
/zh-cn/3.12/library/math.html,5,5,341
/zh-cn/3.12/library/multiprocessing.html,5,5,0
/zh-cn/3.12/reference/datamodel.html,5,5,331
/zh-cn/3.12/reference/lexical_analysis.html,5,5,28
/zh-cn/3.12/tutorial/introduction.html,5,5,0
/zh-cn/3/reference/index.html,5,5,632
/3.12/howto/logging-cookbook.html,4,4,62
/3.12/library/abc.html,4,4,607
/3.12/library/concurrent.futures.html,4,4,324
/3.12/library/constants.html,4,4,0
/3.12/library/copy.html,4,4,98
/3.12/library/hashlib.html,4,4,16
/3.12/library/importlib.resources.html,4,4,0
/3.12/library/msilib.html,4,4,0
/3.12/library/tempfile.html,4,4,0
/3.12/library/types.html,4,4,0
/3.12/library/xml.etree.elementtree.html,4,5,966
/3.12/library/zipfile.html,4,4,514
/3.12/tutorial/errors.html,4,4,390
/3.12/using/index.html,4,4,58
/3.12/using/mac.html,4,4,0
/3/library/bisect.html,4,4,775
/3/library/ensurepip.html,4,4,375
/3/library/exceptions.html,4,4,1833
/3/library/turtle.html,4,4,970
/3/library/unittest.html,4,4,2694
/3/tutorial/,4,4,3142
/3/tutorial/inputoutput.html,4,4,73
/es/3.12/tutorial/controlflow.html,4,4,376
/fr/3.12/installing/index.html,4,4,0
/fr/3.12/library/venv.html,4,4,0
/fr/3.12/tutorial/index.html,4,4,32
/ja/3.12/,4,5,66
/ja/3.12/library/argparse.html,4,4,0
/ja/3.12/library/functions.html,4,4,35
/ja/3.12/library/os.html,4,4,0
/ja/3.12/library/re.html,4,4,101
/ja/3.12/whatsnew/3.12.html,4,4,18
/pt-br/3.12/library/tkinter.font.html,4,4,0
/zh-cn/3.12/contents.html,4,4,166
/zh-cn/3.12/library/__main__.html,4,4,0
/zh-cn/3.12/library/json.html,4,4,30
/zh-cn/3.12/library/random.html,4,4,0
/zh-cn/3.12/library/sqlite3.html,4,4,14
/zh-cn/3.12/library/tempfile.html,4,5,21
/zh-cn/3.12/library/typing.html,4,4,158
/zh-cn/3.12/library/venv.html,4,4,16
/zh-cn/3.12/reference/compound_stmts.html,4,4,194
//3.12/library/unittest.html,3,3,0
/3.12/bugs.html,3,3,3
/3.12/howto/index.html,3,3,744
/3.12/library/asyncio-eventloop.html,3,3,0
/3.12/library/asyncio-queue.html,3,3,0
/3.12/library/asyncio-sync.html,3,3,0
/3.12/library/audioop.html,3,3,0
/3.12/library/bisect.html,3,3,636
/3.12/library/collections.abc.html,3,3,0
/3.12/library/configparser.html,3,3,22
/3.12/library/distutils.html,3,3,0
/3.12/library/doctest.html,3,3,0
/3.12/library/enum.html,3,3,12
/3.12/library/ftplib.html,3,3,57
/3.12/library/glob.html,3,3,351
/3.12/library/imp.html,3,3,7
/3.12/library/inspect.html,3,3,0
/3.12/library/ipaddress.html,3,3,0
/3.12/library/logging.handlers.html,3,3,68
/3.12/library/pickle.html,3,3,0
/3.12/library/profile.html,3,3,0
/3.12/library/queue.html,3,3,0
/3.12/library/signal.html,3,3,0
/3.12/library/socket.html,3,3,3
/3.12/library/traceback.html,3,3,14
/3.12/library/tracemalloc.html,3,3,334
/3.12/library/warnings.html,3,3,4
/3.12/reference/expressions.html,3,3,3
/3.12/reference/import.html,3,3,1
/3.12/tutorial/modules.html,3,3,0
/3.12/tutorial/stdlib.html,3,3,0
/3.12/using/configure.html,3,3,10
/3.15/whatsnew/3.15.html,3,3,660
/3/howto/enum.html,3,3,6
/3/howto/pyporting.html,3,3,2932
/3/library/__future__.html,3,3,111
/3/library/collections.html,3,3,27
/3/library/contextlib.html,3,3,293
/3/library/copy.html,3,3,675
/3/library/enum.html,3,3,308
/3/library/hashlib.html,3,3,20
/3/library/itertools.html,3,3,50
/3/library/socket.html,3,3,17
/3/library/sqlite3.html,3,3,667
/3/library/ssl.html,3,3,381
/3/library/string.html,3,3,3
/3/library/sys.html,3,3,192
/3/library/tempfile.html,3,3,284
/3/library/threading.html,3,3,257
/3/library/uuid.html,3,3,563
/3/library/zipfile.html,3,3,762
/3/reference/import.html,3,3,857
/es/3.12/library/itertools.html,3,3,0
/ja/3.12/glossary.html,3,3,0
/ja/3.12/library/threading.html,3,3,0
/ja/3.12/tutorial/controlflow.html,3,3,0
/ja/3.12/tutorial/datastructures.html,3,5,614
/ja/3.12/using/configure.html,3,3,0
/ko/3.12/c-api/typeobj.html,3,3,0
/ko/3.12/library/distribution.html,3,3,0
/ko/3.12/tutorial/controlflow.html,3,3,1532
/pl/3.12/installing/index.html,3,3,2
/pt-br/3.12/download.html,3,3,0
/pt-br/3.12/index.html,3,3,0
/tr/3.12/tutorial/datastructures.html,3,3,0
/uk/3.12/library/dataclasses.html,3,3,29
/uk/3.12/library/turtle.html,3,3,371
/zh-cn/3.12/genindex-I.html,3,3,0
/zh-cn/3.12/howto/logging.html,3,3,1072
/zh-cn/3.12/howto/sorting.html,3,3,0
/zh-cn/3.12/installing/index.html,3,3,0
/zh-cn/3.12/library/asyncio-task.html,3,3,0
/zh-cn/3.12/library/datetime.html,3,3,0
/zh-cn/3.12/library/gc.html,3,3,0
/zh-cn/3.12/library/graphlib.html,3,3,0
/zh-cn/3.12/library/http.cookies.html,3,3,0
/zh-cn/3.12/library/idle.html,3,3,0
/zh-cn/3.12/library/intro.html,3,3,71
/zh-cn/3.12/library/logging.html,3,3,0
/zh-cn/3.12/library/os.html,3,3,0
/zh-cn/3.12/library/pathlib.html,3,3,0
/zh-cn/3.12/library/pydoc.html,3,3,0
/zh-cn/3.12/library/re.html,3,3,0
/zh-cn/3.12/library/signal.html,3,3,0
/zh-cn/3.12/library/subprocess.html,3,3,0
/zh-cn/3.12/reference/import.html,3,3,1236
/zh-cn/3.12/reference/simple_stmts.html,3,3,0
/zh-cn/3.12/tutorial/interpreter.html,3,3,3
/zh-cn/3.14/library/,3,3,1368
/zh-tw/3.12/installing/index.html,3,3,0
/zh-tw/3.12/library/itertools.html,3,4,0
/zh-tw/3.12/using/mac.html,3,3,210
/3.12/extending/extending.html,2,2,0
/3.12/howto/enum.html,2,2,5
/3.12/howto/functional.html,2,2,0
/3.12/howto/logging.html,2,2,2365
/3.12/library/__future__.html,2,2,0
/3.12/library/ast.html,2,5,401
/3.12/library/asyncio-future.html,2,2,314
/3.12/library/asyncio-stream.html,2,2,0
