name,unique_entrances,total_entrances,visit_duration
/en/latest/tutorials/installing-packages/,4430,4545,69
/en/latest/guides/installing-using-pip-and-virtual-environments/,804,824,36
/en/latest/guides/tool-recommendations/,678,683,60
/en/latest/tutorials/packaging-projects/,632,664,124
/en/latest/guides/writing-pyproject-toml/,594,614,124
/en/latest/,353,360,109
/en/latest/glossary/,127,129,148
/en/latest/key_projects/,108,108,113
/en/latest/guides/distributing-packages-using-setuptools/,80,80,103
/en/latest/overview/,74,75,219
/en/latest/guides/installing-using-linux-tools/,65,65,102
/en/latest/discussions/src-layout-vs-flat-layout/,62,62,141
/en/latest/specifications/dependency-specifiers/,57,64,32
/en/latest/tutorials/managing-dependencies/,48,49,316
/en/latest/flow/,39,44,262
/en/latest/specifications/pyproject-toml/,39,40,59
/en/latest/specifications/entry-points/,34,34,93
/en/latest/tutorials/,34,35,215
/en/latest/guides/packaging-namespace-packages/,32,34,134
/en/latest/specifications/version-specifiers/,32,33,61
/en/latest/guides/creating-command-line-tools/,31,33,258
/en/latest/guides/section-install/,31,32,116
/en/latest/guides/,29,29,190
/en/latest/specifications/inline-script-metadata/,28,30,84
/en/latest/guides/hosting-your-own-index/,23,23,69
/en/latest/guides/section-build-and-publish/,23,23,88
/en/latest/guides/installing-stand-alone-command-line-tools/,22,22,52
/en/latest/guides/installing-using-virtualenv/,22,22,113
/en/latest/discussions/versioning/,21,22,47
/en/latest/guides/installing-scientific-packages/,20,20,71
/en/latest/specifications/core-metadata/,20,21,107
/en/latest/guides/analyzing-pypi-package-downloads/,18,18,33
/en/latest/search/,18,18,160
/en/latest/specifications/,16,17,178
/en/latest/specifications/platform-compatibility-tags/,16,16,23
/en/latest/guides/publishing-package-distribution-releases-using-github-actions-ci-cd-workflows/,15,15,61
/en/latest/discussions/setup-py-deprecated/,14,14,132
/en/latest/guides/making-a-pypi-friendly-readme/,13,13,89
/en/latest/guides/modernize-setup-py-project/,12,13,59
/en/latest/specifications/pylock-toml/,12,12,187
/en/latest/discussions/install-requires-vs-requirements/,11,11,6
/en/latest/discussions/pip-vs-easy-install/,11,11,9
/en/latest/guides/creating-and-discovering-plugins/,11,11,55
/en/latest/guides/packaging-binary-extensions/,11,11,288
/en/latest/specifications/dependency-groups/,11,12,140
/en/latest/specifications/externally-managed-environments/,11,11,63
/en/latest/specifications/pypirc/,11,11,6
/en/latest/discussions/single-source-version/,10,11,156
/en/latest/specifications/binary-distribution-format/,9,9,95
/en/latest/discussions/package-formats/,8,8,173
/en/latest/discussions/deploying-python-applications/,7,7,12
/en/latest/discussions/distribution-package-vs-import-package/,7,7,54
/en/latest/guides/licensing-examples-and-user-scenarios/,7,7,12
/en/latest/guides/using-testpypi/,7,7,4
/en/latest/guides/using-manifest-in/,6,6,9
/en/latest/specifications/recording-installed-packages/,6,10,0
/en/latest/specifications/simple-repository-api/,5,5,0
/en/latest/support/,5,5,11
/en/latest/guides/index-mirrors-and-caches/,4,4,56
/en/latest/specifications/name-normalization/,4,4,0
/ja/latest/tutorials/installing-packages/,4,4,720
/en/latest/discussions/,3,3,38
/en/latest/guides/section-hosting/,3,3,143
/en/latest/specifications/glob-patterns/,3,3,0
/en/latest/specifications/section-installation-metadata/,3,3,307
/en/latest/guides/dropping-older-python-versions/,2,2,20
/en/latest/specifications/well-known-project-urls/,2,2,0
/tutorials/installing-packages/,2,2,45
/en/latest/discussions/downstream-packaging/,1,1,13
/en/latest/guides/migrating-to-pypi-org/,1,1,9
/en/latest/news/,1,1,0
/en/latest/specifications/index-hosted-attestations/,1,1,0
/en/latest/specifications/section-distribution-metadata/,1,1,790
/en/latest/specifications/section-reproducible-environments/,1,1,170
/ja/latest/discussions/setup-py-deprecated/,1,1,0
/ja/latest/glossary/,1,1,825
/ja/latest/guides/tool-recommendations/,1,1,3749
/ja/latest/guides/writing-pyproject-toml/,1,1,301
