name,unique_exits,total_exits,exit_rate
/pl/3/tutorial/datastructures.html,33,36,
/pl/3/tutorial/index.html,32,33,
/pl/dev/tutorial/classes.html,18,18,
/pl/3/tutorial/venv.html,16,16,
/pl/dev/library/turtle.html,15,15,
/pl/3/genindex-U.html,10,10,
/pl/3/,9,9,
/pl/3/tutorial/appetite.html,8,8,
/pl/3/tutorial/introduction.html,8,8,
/pl/3/library/functions.html,7,7,
/pl/3/library/index.html,7,7,
/pl/3/tutorial/classes.html,7,8,
/3/tutorial/index.html,6,6,
/pl/3.14/library/functions.html,6,6,
/pl/3/tutorial/errors.html,6,6,
/pl/3.13/library/index.html,5,5,
/pl/3.14/library/index.html,5,5,
/pl/3.15/using/windows.html,5,5,
/pl/3/tutorial/controlflow.html,5,5,
/pl/dev/tutorial/inputoutput.html,5,5,
/pl/3.14/tutorial/index.html,4,4,
/pl/3/glossary.html,4,4,
/pl/3/tutorial/interpreter.html,4,4,
/pl/dev/library/functions.html,4,4,
/3/library/turtle.html,3,3,
/pl/3.14/tutorial/controlflow.html,3,3,
/pl/3.14/tutorial/datastructures.html,3,4,
/pl/3.14/tutorial/interpreter.html,3,3,
/pl/3/library/stdtypes.html,3,3,
/pl/3/search.html,3,3,
/pl/3/tutorial/,3,3,
/pl/3/tutorial/inputoutput.html,3,3,
/3/library/functions.html,2,2,
/3/library/index.html,2,2,
/3/library/random.html,2,1,
/3/tutorial/,2,2,
/3/tutorial/datastructures.html,2,2,
/dev/using/windows.html,2,2,
/pl/3.13/howto/sorting.html,2,2,
/pl/3.13/tutorial/inputoutput.html,2,2,
/pl/3.13/tutorial/interpreter.html,2,2,
/pl/3.14/,2,2,
/pl/3.14/library/intro.html,2,2,
/pl/3.14/library/math.html,2,2,
/pl/3.14/library/stdtypes.html,2,2,
/pl/3.14/library/turtle.html,2,2,
/pl/3.14/search.html,2,2,
/pl/3.15/reference/simple_stmts.html,2,2,
/pl/3.15/tutorial/classes.html,2,1,
/pl/3.15/whatsnew/3.15.html,2,2,
/pl/3/c-api/stable.html,2,2,
/pl/3/installing/index.html,2,2,
/pl/3/library/array.html,2,2,
/pl/3/library/datatypes.html,2,2,
/pl/3/library/unix.html,2,2,
/pl/3/reference/index.html,2,2,
/pl/3/tutorial/floatingpoint.html,2,2,
/pl/3/tutorial/modules.html,2,2,
/pl/3/tutorial/stdlib.html,2,2,
/pl/3/tutorial/stdlib2.html,2,2,
/pl/3/whatsnew/3.12.html,2,2,
/3.12/using/unix.html,1,1,
/3.14/,1,1,
/3.14/library/functions.html,1,1,
/3.14/library/idle.html,1,1,
/3.14/library/index.html,1,1,
/3.14/library/math.html,1,1,
/3.14/library/numbers.html,1,1,
/3.14/library/os.html,1,1,
/3.14/library/pickle.html,1,1,
/3.14/library/random.html,1,1,
/3.14/py-modindex.html,1,1,
/3.14/tutorial/interpreter.html,1,1,
/3.14/tutorial/introduction.html,1,1,
/3.14/whatsnew/3.13.html,1,1,
/3.14/whatsnew/3.14.html,1,1,
/3.15/library/math.html,1,1,
/3/,1,1,
/3/library/,1,1,
/3/library/cmath.html,1,1,
/3/library/datetime.html,1,1,
/3/library/exceptions.html,1,1,
/3/library/itertools.html,1,1,
/3/library/json.html,1,1,
/3/library/math.html,1,1,
/3/library/pickle.html,1,1,
/3/library/socket.html,1,1,
/3/library/statistics.html,1,1,
/3/library/tkinter.font.html,1,0,
/3/library/tkinter.html,1,1,
/3/library/tkinter.ttk.html,1,1,
/3/library/venv.html,1,1,
/3/search.html,1,1,
/ko/3.14/library/string.html,1,1,
/pl/3.12/installing/index.html,1,1,
/pl/3.12/library/asyncio.html,1,1,
/pl/3.12/library/contextlib.html,1,1,
/pl/3.12/library/debug.html,1,1,
/pl/3.12/library/enum.html,1,1,
/pl/3.12/library/importlib.resources.abc.html,1,1,
