name,visitors,bounce_rate,visit_duration
Google,913,81,119
Direct / None,489,74,264
Baidu,31,79,189
Bing,27,68,19
chatgpt.com,16,75,182
steam.oxxostudio.tw,14,79,39
python.org,11,0,1135
Yahoo!,3,100,0
Ecosia,2,100,0
blog.louie.lu,2,0,58
im.fju.edu.tw,2,100,0
ithelp.ithome.com.tw,2,100,184
vocus.cc,2,0,3056
DuckDuckGo,1,0,114
Twitter,1,0,0
csr2-qas.deltaww.com,1,100,0
elearning.nuu.edu.tw,1,100,0
finlab.tw,1,100,0
medium.com,1,100,0
python.p2hp.com,1,0,932
realnewbie.com,1,100,0
yuanbao.tencent.com,1,0,638
