name,visitors
China,3629
India,2203
Japan,1590
United States,1575
Brazil,685
France,496
South Korea,465
Taiwan,458
Mexico,416
Hong Kong,366
Russian Federation,356
Vietnam,345
Germany,310
Ukraine,290
Spain,273
United Kingdom,235
Colombia,228
Singapore,218
Argentina,212
Peru,202
Pakistan,196
Canada,186
Indonesia,182
Iran,176
Italy,164
Turkey,163
Chile,140
Egypt,140
Philippines,137
Nigeria,126
Poland,121
Australia,117
Ecuador,112
Morocco,104
South Africa,99
Bangladesh,98
Malaysia,96
Netherlands,96
Algeria,67
Uzbekistan,66
Thailand,64
Saudi Arabia,62
Kenya,59
Venezuela,52
Ghana,46
Israel,46
Switzerland,44
Nepal,42
United Arab Emirates,38
Czechia,38
Portugal,38
Sweden,36
Iraq,34
Romania,34
Cameroon,33
Dominican Republic,33
Bolivia,32
Guatemala,30
New Zealand,30
Tunisia,30
Austria,29
Côte d'Ivoire,29
Costa Rica,27
Greece,27
Kazakhstan,27
Belgium,26
Denmark,26
Belarus,25
Cuba,25
Finland,24
Cambodia,24
Sri Lanka,24
Ethiopia,22
Hungary,21
Myanmar,21
El Salvador,21
Honduras,20
Azerbaijan,19
Uruguay,19
Jordan,17
Norway,16
Slovakia,16
Georgia,15
Nicaragua,14
Panama,14
Uganda,14
Bulgaria,13
Croatia,13
Paraguay,13
Madagascar,12
Rwanda,12
Senegal,12
Armenia,11
Angola,11
Ireland,11
"Palestine, State of",11
Burkina Faso,10
Congo,10
"Congo, The Democratic Republic of the",9
Cyprus,9
Kyrgyzstan,9
Kuwait,9
Lebanon,9
Libya,9
Mali,9
Benin,8
Guinea,8
Luxembourg,8
Serbia,8
Sierra Leone,8
Tanzania,8
Afghanistan,7
Jamaica,7
Moldova,7
Malawi,7
Somalia,7
Yemen,7
Bahrain,6
Macao,6
Mozambique,6
Oman,6
Togo,6
Zambia,6
Zimbabwe,6
Haiti,5
Lithuania,5
Puerto Rico,5
Réunion,5
Botswana,4
Djibouti,4
Gabon,4
Latvia,4
Qatar,4
Seychelles,4
Sudan,4
Tajikistan,4
Syria,3
Albania,2
Bosnia and Herzegovina,2
Burundi,2
Estonia,2
Guadeloupe,2
Iceland,2
Jersey,2
Lesotho,2
North Macedonia,2
New Caledonia,2
Papua New Guinea,2
Chad,2
Bhutan,1
Guyana,1
Liechtenstein,1
Mongolia,1
Mauritius,1
Maldives,1
Namibia,1
Niger,1
Slovenia,1
South Sudan,1
Trinidad and Tobago,1
