name,visitors,bounce_rate,visit_duration
google.com,507,83,88
Direct / None,267,66,198
bing.com,12,58,157
baidu.com/link,9,71,105
python.org,9,0,520
google.com.hk,6,100,0
google.com.tw,5,60,781
steam.oxxostudio.tw,5,100,0
notion.so,3,67,573
tw.search.yahoo.com,3,100,0
chatgpt.com,2,100,166
cn.bing.com,2,0,174
copilot.microsoft.com,2,100,0
henyahouse.com,2,100,0
hiskio.com,2,0,103
ithelp.ithome.com.tw,2,100,0
remarkable-twist-f4b.notion.site,2,100,0
duckduckgo.com,1,100,0
eclass.yuntech.edu.tw,1,0,0
gemini.google.com,1,100,0
github.com/microsoft/c9-python-getting-started/blob/master/python-for-beginners/04%20-%20String%20variables/README.md,1,0,135
l.facebook.com,1,0,231
m.baidu.com/from=1019311v/bd_page_type=1/ssid=0/uid=0/pu=usm%402%2Csz%401320_1001%2Cta%40iphone_2_15.0_19_26.1/baiduid=C30C433F0931F90241BBB2EA83D38BE5/w=0_10_/t=iphone/l=1/tc,1,100,0
medium.com/@zhyixi82105/python%E8%88%87vs-code%E7%92%B0%E5%A2%83%E5%BB%BA%E7%BD%AE-a5c6c3b9ead,1,100,0
myapollo.com.tw,1,0,75
perplexity.ai,1,100,0
wehelp.tw,1,100,0
