property,value,visitors,events,percentage
url,(none),13123,26660,99.5
url,https://www.python.org/,268,290,2.0
url,https://www.python.org/downloads/,157,172,1.2
url,https://apps.microsoft.com/detail/9NQ7512CXL7T,63,84,0.5
url,https://docs.python.org/zh-cn/3.14/archives/python-3.14-docs-html.zip,27,28,0.2
url,https://wiki.python.org/moin/BeginnersGuide,25,25,0.2
url,https://docs.python.org/3.14/archives/python-3.14-docs-html.zip,24,24,0.2
url,https://peps.python.org/pep-0745/,19,23,0.1
url,https://devguide.python.org/documentation/start-documenting/#building-the-documentation,17,18,0.1
url,https://pypi.org/,16,17,0.1
url,https://docs.python.org/zh-cn/3.14/archives/python-3.14-docs-text.zip,13,13,0.1
url,https://www.python.org/doc/versions/,12,12,0.1
url,https://docs.python.org/3.14/archives/python-3.14-docs.epub,10,10,0.1
url,https://docs.python.org/zh-cn/3.14/archives/python-3.14-docs.epub,8,8,0.1
url,https://docs.python.org/3.14/archives/python-3.14-docs-text.zip,7,10,0.1
url,https://docs.python.org/fr/3.14/archives/python-3.14-docs-html.zip,7,7,0.1
url,https://wiki.python.org/moin/PythonBooks,7,7,0.1
url,https://devguide.python.org/,6,6,0.0
url,https://peps.python.org/pep-0636/,6,6,0.0
url,https://www.debian.org/doc/manuals/maint-guide/first.en.html,6,7,0.0
url,https://www.python.org/downloads/macos/,6,6,0.0
url,https://peps.python.org/,5,5,0.0
url,https://peps.python.org/pep-0649/,5,5,0.0
url,https://peps.python.org/pep-0703/,5,5,0.0
url,https://packaging.python.org/,4,4,0.0
url,https://packaging.python.org/en/latest/tutorials/packaging-projects/,4,4,0.0
url,https://packaging.python.org/science/,4,4,0.0
url,https://www.tkdocs.com/shipman/,4,4,0.0
url,https://docs.python.org/zh-cn/3.14/archives/python-3.14-docs-texinfo.zip,3,3,0.0
url,https://github.com/anordin95/a-conceptual-overview-of-asyncio/tree/main,3,3,0.0
url,https://github.com/python/cpython/tree/3.14/Lib/idlelib/,3,3,0.0
url,https://github.com/python/cpython/tree/3.14/Lib/tkinter/__init__.py,3,3,0.0
url,https://peps.python.org/pep-0008/,3,3,0.0
url,https://peps.python.org/pep-0779/,3,3,0.0
url,https://tkdocs.com/,3,3,0.0
url,https://www.sphinx-doc.org/,3,3,0.0
url,https://devguide.python.org/documentation/help-documenting/,2,2,0.0
url,https://discuss.python.org/t/37075,2,2,0.0
url,https://docs.python.org/3.14/archives/python-3.14-docs-html.tar.bz2,2,2,0.0
url,https://docs.python.org/3.14/archives/python-3.14-docs-texinfo.zip,2,2,0.0
url,https://docs.python.org/fr/3.14/archives/python-3.14-docs-texinfo.zip,2,2,0.0
url,https://docs.python.org/pt-br/3.14/archives/python-3.14-docs-text.zip,2,2,0.0
url,https://github.com/python/cpython/blob/main/Doc/contents.rst?plain=1,2,2,0.0
url,https://github.com/python/cpython/blob/main/Doc/using/windows.rst?plain=1,2,2,0.0
url,https://github.com/python/cpython/tree/3.14/Lib/code.py,2,3,0.0
url,https://github.com/python/cpython/tree/3.14/Lib/decimal.py,2,2,0.0
url,https://github.com/python/cpython/tree/3.14/Lib/http/server.py,2,3,0.0
url,https://packaging.python.org/en/latest/tutorials/installing-packages/,2,2,0.0
url,https://packaging.python.org/en/latest/tutorials/installing-packages/#ensure-pip-setuptools-and-wheel-are-up-to-date,2,2,0.0
url,https://packaging.python.org/installing/,2,2,0.0
url,https://peps.python.org/pep-0750/,2,2,0.0
url,https://www.python.org/psf/donations/,2,2,0.0
url,https://www.tcl.tk/man/tcl8.6/TkCmd/contents.htm,2,2,0.0
url,https://www.youtube.com/watch?v=Xbl7XjFYsN4&list=PLhNSoGM2ik6SIkVGXWBwerucXjgP1rHmB,2,2,0.0
url,https://briefcase.readthedocs.io/,1,1,0.0
url,https://buildozer.readthedocs.io/,1,1,0.0
url,https://cibuildwheel.pypa.io/en/stable/platforms/#android,1,1,0.0
url,https://clang.llvm.org/docs/AttributeReference.html#preserve-none,1,1,0.0
url,https://code.activestate.com/recipes/langs/python/,1,1,0.0
url,https://datatracker.ietf.org/doc/html/rfc9562.html,1,1,0.0
url,https://devguide.python.org/documentation/translating/,1,1,0.0
url,https://devguide.python.org/getting-started/setup-building/,1,1,0.0
url,https://discuss.python.org/t/84319/123,1,1,0.0
url,https://docs.fedoraproject.org/en-US/package-maintainers/Packaging_Tutorial_GNU_Hello/,1,1,0.0
url,https://docs.python.org/fr/3.14/archives/python-3.14-docs-html.tar.bz2,1,1,0.0
url,https://docs.python.org/fr/3.14/archives/python-3.14-docs-text.zip,1,1,0.0
url,https://docs.python.org/fr/3.14/archives/python-3.14-docs.epub,1,1,0.0
url,https://docs.python.org/it/3.14/archives/python-3.14-docs-text.zip,1,1,0.0
url,https://docs.python.org/ko/3.14/archives/python-3.14-docs-text.tar.bz2,1,1,0.0
url,https://docs.python.org/pl/3.14/archives/python-3.14-docs-html.zip,1,1,0.0
url,https://docs.python.org/pt-br/3.14/archives/python-3.14-docs-html.zip,1,1,0.0
url,https://docs.python.org/zh-cn/3.14/archives/python-3.14-docs-html.tar.bz2,1,1,0.0
url,https://docs.python.org/zh-cn/3.14/archives/python-3.14-docs-texinfo.tar.bz2,1,1,0.0
url,https://emscripten.org/,1,1,0.0
url,https://en.wikipedia.org/wiki/Fibonacci_sequence,1,1,0.0
url,https://en.wikipedia.org/wiki/Monty_Python,1,1,0.0
url,https://en.wikipedia.org/wiki/Tail_call,1,1,0.0
url,https://en.wikipedia.org/wiki/Turtle_(robot),1,1,0.0
url,https://gist.github.com/vsajip/4673395,1,1,0.0
url,https://github.com/python/cpython/blob/main/Doc/glossary.rst?plain=1,1,1,0.0
url,https://github.com/python/cpython/blob/main/Doc/howto/index.rst?plain=1,1,1,0.0
url,https://github.com/python/cpython/blob/main/Doc/library/crypt.rst?plain=1,1,1,0.0
url,https://github.com/python/cpython/blob/main/Doc/library/http.server.rst?plain=1,1,1,0.0
url,https://github.com/python/cpython/blob/main/Doc/library/multiprocessing.rst?plain=1,1,1,0.0
url,https://github.com/python/cpython/blob/main/Doc/library/os.path.rst?plain=1,1,1,0.0
url,https://github.com/python/cpython/blob/main/Doc/library/pdb.rst?plain=1,1,1,0.0
url,https://github.com/python/cpython/blob/main/Doc/library/tkinter.messagebox.rst?plain=1,1,1,0.0
url,https://github.com/python/cpython/blob/main/Doc/license.rst?plain=1,1,1,0.0
url,https://github.com/python/cpython/blob/main/Doc/reference/compound_stmts.rst?plain=1,1,1,0.0
url,https://github.com/python/cpython/blob/main/Doc/reference/expressions.rst?plain=1,1,1,0.0
url,https://github.com/python/cpython/blob/main/Doc/tutorial/appetite.rst?plain=1,1,1,0.0
url,https://github.com/python/cpython/blob/main/Doc/tutorial/index.rst?plain=1,1,1,0.0
url,https://github.com/python/cpython/issues,1,1,0.0
url,https://github.com/python/cpython/issues/128563,1,1,0.0
url,https://github.com/python/cpython/issues/129515,1,1,0.0
url,https://github.com/python/cpython/issues/129965,1,1,0.0
url,https://github.com/python/cpython/issues/132449,1,1,0.0
url,https://github.com/python/cpython/issues/132661,1,1,0.0
url,https://github.com/python/cpython/issues/142218,1,1,0.0
url,https://github.com/python/cpython/tree/3.14/Android/README.md,1,1,0.0
url,https://github.com/python/cpython/tree/3.14/Lib/ast.py,1,1,0.0
url,https://github.com/python/cpython/tree/3.14/Lib/asyncio/,1,2,0.0
url,https://github.com/python/cpython/tree/3.14/Lib/asyncio/base_futures.py,1,1,0.0
url,https://github.com/python/cpython/tree/3.14/Lib/asyncio/exceptions.py,1,1,0.0
url,https://github.com/python/cpython/tree/3.14/Lib/collections/__init__.py,1,1,0.0
url,https://github.com/python/cpython/tree/3.14/Lib/datetime.py,1,1,0.0
url,https://github.com/python/cpython/tree/3.14/Lib/http/client.py,1,1,0.0
url,https://github.com/python/cpython/tree/3.14/Lib/idlelib,1,1,0.0
url,https://github.com/python/cpython/tree/3.14/Lib/ipaddress.py,1,1,0.0
url,https://github.com/python/cpython/tree/3.14/Lib/logging/handlers.py,1,1,0.0
url,https://github.com/python/cpython/tree/3.14/Lib/os.py,1,1,0.0
url,https://github.com/python/cpython/tree/3.14/Lib/platform.py,1,1,0.0
url,https://github.com/python/cpython/tree/3.14/Lib/pyclbr.py,1,1,0.0
url,https://github.com/python/cpython/tree/3.14/Lib/random.py,1,1,0.0
url,https://github.com/python/cpython/tree/3.14/Lib/re/,1,1,0.0
url,https://github.com/python/cpython/tree/3.14/Lib/rlcompleter.py,1,1,0.0
url,https://github.com/python/cpython/tree/3.14/Lib/sqlite3/,1,1,0.0
url,https://github.com/python/cpython/tree/3.14/Lib/statistics.py,1,1,0.0
url,https://github.com/python/cpython/tree/3.14/Lib/urllib/,1,1,0.0
url,https://gnu.org/software/ncurses/ncurses.html,1,1,0.0
url,https://grantjenks.com/docs/sortedcollections/,1,1,0.0
url,https://html.spec.whatwg.org/multipage/named-characters.html#named-character-references,1,1,0.0
url,https://learning-python.com/about-pp4e.html,1,1,0.0
url,https://packaging.python.org/installing/#creating-virtual-environments,1,2,0.0
url,https://packaging.python.org/installing/#requirements-for-installing-packages,1,1,0.0
url,https://peps.python.org/pep-0001/,1,1,0.0
url,https://peps.python.org/pep-0007/,1,1,0.0
url,https://peps.python.org/pep-0249/,1,1,0.0
url,https://peps.python.org/pep-0305/,1,1,0.0
url,https://peps.python.org/pep-0343/,1,1,0.0
url,https://peps.python.org/pep-0448/,1,1,0.0
url,https://peps.python.org/pep-0484/,1,1,0.0
url,https://peps.python.org/pep-0492/,1,1,0.0
url,https://peps.python.org/pep-0572/,1,1,0.0
url,https://peps.python.org/pep-0585/,1,1,0.0
url,https://peps.python.org/pep-0634/,1,1,0.0
url,https://peps.python.org/pep-0646/,1,1,0.0
url,https://peps.python.org/pep-0684/,1,1,0.0
url,https://peps.python.org/pep-0692/,1,1,0.0
url,https://peps.python.org/pep-0749/,1,1,0.0
url,https://peps.python.org/pep-0758/,1,1,0.0
url,https://peps.python.org/pep-3101/,1,1,0.0
url,https://peps.python.org/pep-3107/,1,2,0.0
url,https://peps.python.org/pep-3147/,1,1,0.0
url,https://peps.python.org/pep-3149/,1,1,0.0
url,https://pypi.org/project/aiosmtpd/,1,1,0.0
url,https://pypi.org/project/more-itertools/,1,1,0.0
url,https://pypy.org/,1,1,0.0
url,https://rhettinger.wordpress.com/2011/05/26/super-considered-super/,1,1,0.0
url,https://setuptools.pypa.io/en/latest/setuptools.html,1,1,0.0
url,https://slackbook.org/html/package-management-making-packages.html,1,1,0.0
url,https://sourceforge.net/projects/python/,1,1,0.0
url,https://sourceware.org/libffi/,1,1,0.0
url,https://termux.dev/en/,1,1,0.0
url,https://typing.python.org/en/latest/spec/index.html,1,1,0.0
url,https://wasi.dev/,1,1,0.0
url,https://wiki.python.org/moin/GuiProgramming,1,1,0.0
url,https://www.iana.org/assignments/iana-ipv6-special-registry/iana-ipv6-special-registry.xhtml,1,1,0.0
url,https://www.nuget.org/,1,1,0.0
url,https://www.pypa.io/,1,1,0.0
url,https://www.tcl-lang.org/,1,1,0.0
url,https://www.tcl.tk/,1,1,0.0
url,https://www.tcl.tk/man/tcl8.6/TkCmd/ttk_button.htm,1,1,0.0
url,https://www.tkdocs.com/shipman/',1,1,0.0
url,https://www.unicode.org/Public/16.0.0/ucd,1,1,0.0
url,https://www.unicode.org/reports/tr44/,1,1,0.0
url,https://www.unicode.org/reports/tr44/tr44-34.html#General_Category_Values,1,1,0.0
url,https://www.unicode.org/versions/Unicode16.0.0/core-spec/chapter-3/#G33992,1,1,0.0
url,https://www.unicode.org/versions/Unicode16.0.0/core-spec/chapter-4/#G91002,1,1,0.0
url,https://www.unicode.org/versions/latest/#Summary,1,1,0.0
url,https://www.w3.org/TR/REC-DOM-Level-1/,1,1,0.0
