name,unique_entrances,total_entrances,visit_duration
/pt-br/3/tutorial/index.html,112,127,188
/pt-br/3/,77,81,189
/3/,76,79,593
/pt-br/3/library/venv.html,71,73,30
/pt-br/3/library/stdtypes.html,50,53,29
/pt-br/3/library/index.html,47,49,155
/pt-br/3/tutorial/datastructures.html,47,54,42
/pt-br/3/library/math.html,43,47,149
/pt-br/3/library/functions.html,30,31,51
/pt-br/3/tutorial/controlflow.html,30,34,54
/pt-br/3/tutorial/classes.html,26,26,4
/pt-br/3/faq/windows.html,23,24,1
/pt-br/3/library/random.html,23,24,51
/pt-br/3/library/string.html,23,23,98
/pt-br/3.14/,21,22,31
/pt-br/dev/library/zlib.html,20,20,42
/pt-br/3.13/tutorial/index.html,19,20,81
/pt-br/3/tutorial/introduction.html,19,19,385
/pt-br/3.14/tutorial/index.html,18,19,149
/pt-br/3/tutorial/,18,18,46
/pt-br/3/tutorial/interpreter.html,18,19,66
/pt-br/3/library/tkinter.html,17,19,4
/pt-br/3/tutorial/appetite.html,17,17,38
/pt-br/3/library/turtle.html,16,16,4
/pt-br/3/library/os.html,15,16,354
/pt-br/3/library/csv.html,14,16,0
/pt-br/3/library/datetime.html,13,13,32
/pt-br/3/tutorial/inputoutput.html,13,14,74
/pt-br/3/using/android.html,12,16,4
/3/library/tkinter.html,11,12,245
/pt-br/3.14/library/index.html,11,12,114
/pt-br/3/howto/logging.html,11,12,111
/pt-br/dev/reference/import.html,11,11,21
/3/tutorial/index.html,9,9,131
/dev/using/windows.html,9,9,357
/pt-br/3.14/tutorial/datastructures.html,9,9,230
/pt-br/3.14/tutorial/introduction.html,9,9,194
/pt-br/3.15/using/windows.html,9,9,30
/pt-br/3/search.html,9,9,47
/pt-br/3/tutorial/modules.html,9,9,83
/pt-br/dev/howto/regex.html,9,12,0
/pt-br/3.14/library/functions.html,8,8,320
/pt-br/3.14/tutorial/controlflow.html,8,9,170
/pt-br/3/library/re.html,8,9,199
/pt-br/3/library/typing.html,8,8,143
/pt-br/3/reference/index.html,8,8,221
/pt-br/3/tutorial/errors.html,8,8,0
/3.14/,7,7,917
/pt-br/3.12/library/index.html,7,7,224
/pt-br/3.13/tutorial/controlflow.html,7,9,220
/pt-br/3.13/tutorial/interpreter.html,7,7,0
/pt-br/3/howto/sorting.html,7,7,433
/pt-br/3/library/json.html,7,8,0
/pt-br/3/library/time.html,7,7,0
/pt-br/3/using/cmdline.html,7,7,27
/pt-br/3/using/windows.html,7,7,29
/pt-br/dev/library/venv.html,7,7,0
/3/library/index.html,6,6,368
/3/library/os.html,6,6,21
/3/search.html,6,6,286
/3/tutorial/datastructures.html,6,6,521
/pt-br/3.13/library/index.html,6,6,0
/pt-br/3.14/library/math.html,6,6,405
/pt-br/3/library/array.html,6,6,19
/pt-br/3/library/dataclasses.html,6,6,21
/pt-br/3/library/tk.html,6,6,276
/pt-br/dev/howto/logging.html,6,6,43
/pt-br/dev/tutorial/datastructures.html,6,6,0
/3/library/random.html,5,5,1184
/3/library/venv.html,5,5,358
/pt-br/3.13/tutorial/datastructures.html,5,5,278
/pt-br/3.13/tutorial/introduction.html,5,7,0
/pt-br/3/genindex.html,5,5,20
/pt-br/3/glossary.html,5,5,0
/pt-br/dev/howto/sorting.html,5,5,4
/pt-br/dev/library/re.html,5,8,0
/pt-br/dev/library/tkinter.html,5,6,4
/3.14/tutorial/index.html,4,4,80
/3/library/functions.html,4,4,1470
/pt-br/3.13/,4,5,0
/pt-br/3.13/library/functions.html,4,5,0
/pt-br/3.13/library/stdtypes.html,4,4,0
/pt-br/3.13/library/tkinter.html,4,4,0
/pt-br/3.13/tutorial/appetite.html,4,4,88
/pt-br/3.14/library/datetime.html,4,4,88
/pt-br/3.14/library/idle.html,4,4,296
/pt-br/3.14/library/os.html,4,4,14
/pt-br/3.14/library/random.html,4,4,416
/pt-br/3.14/library/tkinter.html,4,4,0
/pt-br/3.14/reference/datamodel.html,4,4,2
/pt-br/3.14/search.html,4,4,17
/pt-br/3.14/tutorial/,4,5,0
/pt-br/3/contents.html,4,4,117
/pt-br/3/howto/argparse.html,4,4,0
/pt-br/3/installing/index.html,4,4,0
/pt-br/3/library/,4,4,5
/pt-br/3/library/exceptions.html,4,4,0
/pt-br/3/library/statistics.html,4,4,0
/pt-br/3/library/xml.etree.elementtree.html,4,4,37
/pt-br/3/library/zipfile.html,4,6,0
/pt-br/3/reference/compound_stmts.html,4,5,9
/pt-br/3/using/mac.html,4,4,0
/3.14/using/windows.html,3,3,64
/3/library/dataclasses.html,3,3,70
/3/library/enum.html,3,3,308
/3/library/idle.html,3,3,0
/3/library/logging.html,3,3,58
/3/library/re.html,3,3,368
/3/library/sqlite3.html,3,3,409
/3/whatsnew/3.14.html,3,3,601
/pt-br/3.13/download.html,3,3,0
/pt-br/3.13/search.html,3,4,3
/pt-br/3.14/library/exceptions.html,3,3,0
/pt-br/3.14/library/xml.etree.elementtree.html,3,4,0
/pt-br/3.14/tutorial/appetite.html,3,3,12
/pt-br/3/howto/enum.html,3,3,0
/pt-br/3/library/__main__.html,3,3,35
/pt-br/3/library/archiving.html,3,3,15
/pt-br/3/library/argparse.html,3,3,0
/pt-br/3/library/asyncio-task.html,3,3,0
/pt-br/3/library/enum.html,3,3,0
/pt-br/3/library/filesys.html,3,3,0
/pt-br/3/library/operator.html,3,3,14
/pt-br/3/library/pickle.html,3,4,0
/pt-br/3/library/shutil.html,3,3,0
/pt-br/3/library/subprocess.html,3,3,0
/pt-br/3/library/sys.html,3,3,0
/pt-br/3/library/unittest.html,3,3,0
/pt-br/3/reference/datamodel.html,3,3,0
/pt-br/3/whatsnew/3.13.html,3,3,143
/pt-br/dev/library/ipaddress.html,3,3,49
/pt-br/dev/library/statistics.html,3,3,8
/pt-br/dev/library/types.html,3,3,0
/pt-br/dev/whatsnew/3.14.html,3,3,0
/3.14/tutorial/,2,2,162
/3.15/,2,2,362
/3/library/csv.html,2,2,775
/3/library/datetime.html,2,2,4
/3/library/json.html,2,2,12
/3/library/multiprocessing.html,2,2,1450
/3/library/pathlib.html,2,2,6
/3/library/pickle.html,2,2,5
/3/library/typing.html,2,2,30
/3/reference/datamodel.html,2,3,362
/3/reference/index.html,2,2,1633
/3/tutorial/appetite.html,2,2,52
/pt-br/3.12/library/json.html,2,2,0
/pt-br/3.12/reference/index.html,2,2,0
/pt-br/3.12/tutorial/index.html,2,2,0
/pt-br/3.12/tutorial/introduction.html,2,2,0
/pt-br/3.13/c-api/list.html,2,2,16
/pt-br/3.13/c-api/set.html,2,2,0
/pt-br/3.13/library/__main__.html,2,2,0
/pt-br/3.13/library/asyncio-queue.html,2,2,0
/pt-br/3.13/library/asyncio-task.html,2,2,0
/pt-br/3.13/library/datetime.html,2,3,0
/pt-br/3.13/library/os.path.html,2,2,0
/pt-br/3.13/reference/index.html,2,2,28
/pt-br/3.13/tutorial/classes.html,2,2,5
/pt-br/3.14/contents.html,2,2,115
/pt-br/3.14/genindex-all.html,2,2,76
/pt-br/3.14/glossary.html,2,2,86
/pt-br/3.14/index.html,2,2,144
/pt-br/3.14/library/dataclasses.html,2,2,16
/pt-br/3.14/reference/compound_stmts.html,2,3,0
/pt-br/3.14/tutorial/errors.html,2,2,327
/pt-br/3.14/tutorial/interpreter.html,2,2,304
/pt-br/3.15/howto/annotations.html,2,2,0
/pt-br/3.15/library/graphlib.html,2,2,0
/pt-br/3/index.html,2,2,464
/pt-br/3/library/abc.html,2,2,0
/pt-br/3/library/configparser.html,2,3,0
/pt-br/3/library/fractions.html,2,2,4
/pt-br/3/library/intro.html,2,2,33
/pt-br/3/library/pprint.html,2,2,0
/pt-br/3/library/site.html,2,2,26
/pt-br/3/library/tarfile.html,2,2,0
/pt-br/3/library/test.html,2,2,0
/pt-br/3/library/urllib.html,2,2,815
/pt-br/3/library/urllib.request.html,2,2,742
/pt-br/3/py-modindex.html,2,2,0
/pt-br/3/reference/lexical_analysis.html,2,2,0
/pt-br/3/tutorial/floatingpoint.html,2,2,0
/pt-br/3/tutorial/venv.html,2,2,0
/pt-br/dev/library/asyncio-extending.html,2,2,0
/pt-br/dev/library/base64.html,2,2,0
/pt-br/dev/library/calendar.html,2,2,0
/pt-br/dev/library/functions.html,2,2,31
/pt-br/dev/library/importlib.html,2,2,0
/pt-br/dev/library/pdb.html,2,2,0
/pt-br/dev/library/random.html,2,2,0
/pt-br/dev/library/shlex.html,2,2,0
/pt-br/dev/library/subprocess.html,2,2,0
/pt-br/dev/library/urllib.parse.html,2,2,0
/pt-br/dev/library/zoneinfo.html,2,2,0
/pt-br/dev/using/ios.html,2,3,0
/1/file:///storage/emulated/0/Download/python-docs-final/web/index.html,1,1,340
/1/file:///storage/emulated/0/Download/python-docs-simples/docs.python.org/pt-br/3/index.html,1,1,335
/3.12/,1,1,703
/3.12/library/index.html,1,1,402
/3.13/c-api/sequence.html,1,1,10
/3.13/tutorial/,1,1,312
/3.13/using/windows.html,1,1,25
/3.14/download.html,1,1,126
/3.14/howto/logging.html,1,1,260
/3.14/index.html,1,1,6
/3/c-api/datetime.html,1,1,30
/3/contents.html,1,1,65
/3/extending/index.html,1,1,0
/3/genindex-all.html,1,1,162
/3/howto/logging-cookbook.html,1,1,720
/3/howto/logging.html,1,1,902
/3/library/,1,1,24
/3/library/__main__.html,1,1,9
/3/library/abc.html,1,1,134
/3/library/argparse.html,1,1,413
/3/library/base64.html,1,1,7
/3/library/collections.html,1,2,1183
/3/library/ctypes.html,1,1,746
/3/library/decimal.html,1,1,692
/3/library/functools.html,1,2,1728
/3/library/html.html,1,1,550
/3/library/inspect.html,1,1,23
/3/library/ipaddress.html,1,1,1908
/3/library/itertools.html,1,1,14
/3/library/numbers.html,1,1,1017
/3/library/pdb.html,1,1,43
/3/library/shutil.html,1,1,18
/3/library/smtplib.html,1,1,2318
/3/library/socket.html,1,1,261
/3/library/socketserver.html,1,1,0
/3/library/statistics.html,1,1,0
/3/library/stdtypes.html,1,1,0
/3/library/string.html,1,1,261
/3/library/struct.html,1,1,727
/3/library/turtle.html,1,1,0
/3/library/unicodedata.html,1,1,0
/3/library/xml.etree.elementtree.html,1,1,0
/3/library/zoneinfo.html,1,1,0
/3/reference/lexical_analysis.html,1,1,0
/3/tutorial/,1,1,109
/3/tutorial/classes.html,1,1,220
/3/tutorial/errors.html,1,1,579
/3/tutorial/interpreter.html,1,1,1
/3/tutorial/introduction.html,1,1,26
/3/tutorial/modules.html,1,1,492
/dev/search.html,1,1,53
/es/3.13/tutorial/classes.html,1,1,1099
/es/3/library/random.html,1,1,26
/it/3.14/,1,1,1
/it/3.15/using/windows.html,1,1,55
/pt-br/3.12/download.html,1,1,0
/pt-br/3.12/howto/regex.html,1,1,0
/pt-br/3.12/index.html,1,1,0
/pt-br/3.12/library/curses.html,1,1,0
/pt-br/3.12/library/email.html,1,1,0
/pt-br/3.12/library/hashlib.html,1,1,0
/pt-br/3.12/library/tkinter.font.html,1,1,0
/pt-br/3.12/library/zipapp.html,1,1,0
/pt-br/3.12/tutorial/controlflow.html,1,1,46
/pt-br/3.12/tutorial/modules.html,1,1,3
/pt-br/3.13/c-api/hash.html,1,1,0
/pt-br/3.13/c-api/sequence.html,1,1,0
/pt-br/3.13/extending/building.html,1,1,0
/pt-br/3.13/genindex.html,1,1,0
/pt-br/3.13/howto/curses.html,1,1,0
/pt-br/3.13/howto/functional.html,1,1,1950
/pt-br/3.13/howto/index.html,1,1,0
/pt-br/3.13/howto/regex.html,1,1,0
/pt-br/3.13/index.html,1,1,483
/pt-br/3.13/library/,1,1,0
/pt-br/3.13/library/__future__.html,1,1,0
/pt-br/3.13/library/ast.html,1,1,0
/pt-br/3.13/library/collections.abc.html,1,1,0
/pt-br/3.13/library/constants.html,1,1,0
/pt-br/3.13/library/filecmp.html,1,1,0
/pt-br/3.13/library/fractions.html,1,1,0
/pt-br/3.13/library/hashlib.html,1,1,0
/pt-br/3.13/library/imaplib.html,1,1,0
/pt-br/3.13/library/ipaddress.html,1,1,108
/pt-br/3.13/library/ipc.html,1,1,0
/pt-br/3.13/library/math.html,1,1,0
/pt-br/3.13/library/pathlib.html,1,1,0
/pt-br/3.13/library/random.html,1,2,0
/pt-br/3.13/library/re.html,1,1,0
/pt-br/3.13/library/reprlib.html,1,1,0
/pt-br/3.13/library/sqlite3.html,1,1,0
/pt-br/3.13/library/statistics.html,1,1,0
/pt-br/3.13/library/sys_path_init.html,1,1,0
/pt-br/3.13/library/termios.html,1,1,0
/pt-br/3.13/library/turtle.html,1,1,1139
/pt-br/3.13/library/types.html,1,1,0
/pt-br/3.13/library/urllib.request.html,1,1,0
/pt-br/3.13/reference/datamodel.html,1,1,70
/pt-br/3.13/tutorial/,1,1,0
/pt-br/3.13/tutorial/errors.html,1,1,0
/pt-br/3.13/tutorial/modules.html,1,1,1835
/pt-br/3.13/tutorial/venv.html,1,1,0
/pt-br/3.13/whatsnew/2.5.html,1,1,0
/pt-br/3.13/whatsnew/3.12.html,1,1,0
