name,version,visitors
Chrome,144.0,108
Chrome,143.0,65
Chrome,132.0,63
Microsoft Edge,144.0,46
Firefox,147.0,21
Safari,26.2,12
Chrome,139.0,8
Chrome,109.0,6
Chrome,142.0,6
Chrome,69.0,6
Chrome,111.0,4
Chrome,140.0,3
Microsoft Edge,143.0,3
Sogou Explorer,2,3
Chrome,123.0,2
Chrome,125.0,2
Opera,126.0,2
Firefox,127.0,2
Chrome,130.0,2
Chrome,135.0,2
Chrome,138.0,2
Firefox,138.0,2
Chrome,141.0,2
Avira Secure Browser,143.0,2
Microsoft Edge,145.0,2
Safari,16.6,2
Samsung Browser,29.0,2
Chrome,81.0,2
360 Secure Browser,(not set),1
Mobile App,(not set),1
Chrome,107.0,1
Chrome,108.0,1
Chrome,110.0,1
Chrome,112.0,1
Chrome,116.0,1
Chrome,120.0,1
Chrome,124.0,1
Opera,125.0,1
Chrome,133.0,1
Firefox,136.0,1
Firefox,140.0,1
Microsoft Edge,140.0,1
Microsoft Edge,142.0,1
Safari,15.0,1
Safari,18.6,1
Firefox,5.0,1
