name,unique_exits,total_exits,exit_rate
/it/3/tutorial/index.html,24,27,
/it/3.15/using/windows.html,15,13,
/3/,12,12,
/it/3.13/using/windows.html,12,12,
/it/3/,10,12,
/dev/using/windows.html,9,9,
/it/3/tutorial/inputoutput.html,9,9,
/it/3.12/library/__main__.html,8,8,
/it/3.14/library/stdtypes.html,8,10,
/it/3/tutorial/datastructures.html,8,8,
/it/3.14/,7,7,
/it/3.14/search.html,7,7,
/it/3.14/tutorial/controlflow.html,6,6,
/it/3.14/tutorial/index.html,6,6,
/it/3/library/functions.html,6,6,
/it/3/tutorial/interpreter.html,6,6,
/it/3/tutorial/introduction.html,6,6,
/it/3.12/whatsnew/changelog.html,5,5,
/it/3.14/tutorial/introduction.html,5,5,
/it/3/library/decimal.html,5,5,
/it/3.14/library/math.html,4,4,
/it/3/reference/simple_stmts.html,4,4,
/it/3/tutorial/appetite.html,4,4,
/it/3/tutorial/errors.html,4,4,
/it/3/tutorial/modules.html,4,4,
/it/3/tutorial/stdlib.html,4,4,
/it/3/tutorial/venv.html,4,4,
/3.14/tutorial/controlflow.html,3,3,
/3/library/index.html,3,3,
/3/library/stdtypes.html,3,3,
/3/search.html,3,3,
/3/tutorial/index.html,3,3,
/it/3.12/library/exceptions.html,3,3,
/it/3.13/library/stdtypes.html,3,3,
/it/3.14/download.html,3,3,
/it/3.14/index.html,3,3,
/it/3.14/library/sqlite3.html,3,3,
/it/3.14/whatsnew/3.14.html,3,3,
/it/3/glossary.html,3,3,
/it/3/tutorial/classes.html,3,4,
/3/library/logging.html,2,2,
/3/reference/index.html,2,2,
/it/3.12/library/bz2.html,2,2,
/it/3.12/library/dataclasses.html,2,2,
/it/3.12/library/functions.html,2,2,
/it/3.12/library/mmap.html,2,2,
/it/3.12/library/pydoc.html,2,2,
/it/3.12/tutorial/classes.html,2,2,
/it/3.13/library/functions.html,2,2,
/it/3.13/library/re.html,2,2,
/it/3.13/tutorial/appetite.html,2,2,
/it/3.13/tutorial/datastructures.html,2,2,
/it/3.13/tutorial/index.html,2,2,
/it/3.14/library/functions.html,2,2,
/it/3.14/library/index.html,2,2,
/it/3.14/library/secrets.html,2,2,
/it/3.14/library/tkinter.html,2,2,
/it/3.14/tutorial/,2,3,
/it/3.14/tutorial/datastructures.html,2,2,
/it/3.14/tutorial/inputoutput.html,2,2,
/it/3.14/tutorial/modules.html,2,2,
/it/3.14/using/windows.html,2,2,
/it/3/download.html,2,2,
/it/3/installing/,2,2,
/it/3/library/logging.handlers.html,2,2,
/it/3/library/xmlrpc.client.html,2,2,
/it/3/search.html,2,2,
/it/3/tutorial/whatnow.html,2,2,
/it/3/using/index.html,2,2,
/3.14/library/fileinput.html,1,1,
/3.14/library/functions.html,1,1,
/3.14/tutorial/appetite.html,1,1,
/3.14/tutorial/datastructures.html,1,1,
/3.14/whatsnew/3.14.html,1,1,
/3.15/tutorial/index.html,1,1,
/3/bugs.html,1,1,
/3/c-api/memoryview.html,1,1,
/3/faq/,1,1,
/3/howto/sockets.html,1,1,
/3/library/csv.html,1,1,
/3/library/exceptions.html,1,1,
/3/library/functions.html,1,1,
/3/library/secrets.html,1,1,
/3/library/sqlite3.html,1,1,
/3/library/string.html,1,1,
/3/library/tkinter.html,1,1,
/3/library/urllib.html,1,1,
/3/library/xml.etree.elementtree.html,1,1,
/3/reference/import.html,1,1,
/3/tutorial/appetite.html,1,1,
/3/tutorial/controlflow.html,1,1,
/3/using/cmdline.html,1,1,
/3/whatsnew/3.14.html,1,1,
/es/3.14/using/windows.html,1,1,
/fr/3.14/tutorial/controlflow.html,1,1,
/fr/3.14/using/windows.html,1,1,
/it/3.12/library/base64.html,1,1,
/it/3.12/library/curses.html,1,1,
/it/3.12/library/decimal.html,1,1,
/it/3.12/library/email.encoders.html,1,1,
