name,visitors
São Paulo,836
Rio de Janeiro,251
Minas Gerais,208
Paraná,154
Rio Grande do Sul,133
Santa Catarina,119
Federal District,95
Ceará,89
Bahia,87
Pernambuco,83
Goiás,58
Espírito Santo,50
Amazonas,45
Paraíba,45
Rio Grande do Norte,45
Lisbon,39
Piauí,34
Maranhão,31
Pará,31
Alagoas,30
Mato Grosso do Sul,29
Luanda,20
Mato Grosso,20
Sergipe,19
Porto,16
Tocantins,12
Rondônia,11
Aveiro,8
Braga,8
Coimbra,7
Roraima,6
Setúbal,5
Praia,4
Maputo,4
Sofala,4
Saint Helena,4
Henan,3
Castelo Branco,3
Florida,3
Acre,2
Shaanxi,2
São Domingos,2
Hesse,2
Tel Aviv,2
Jharkhand,2
Santarém,2
Viseu,2
New South Wales,1
Queensland,1
Amapá,1
Heilongjiang,1
Lower Saxony,1
Andalusia,1
Madrid Autonomous Community,1
Occitanie,1
Leinster,1
Port Louis District,1
Nampula,1
North Brabant,1
North Holland,1
Greater Poland,1
Évora,1
Leiria,1
Ankara,1
Istanbul,1
Massachusetts,1
New Jersey,1
