name,unique_exits,total_exits,exit_rate
/ja/latest/guides/installing-using-pip-and-virtual-environments/,49,52,
/ja/latest/tutorials/installing-packages/,35,36,
/ja/latest/guides/writing-pyproject-toml/,18,19,
/ja/latest/tutorials/packaging-projects/,10,11,
/ja/latest/discussions/src-layout-vs-flat-layout/,8,8,
/ja/latest/discussions/setup-py-deprecated/,4,4,
/ja/latest/,3,3,
/ja/latest/key_projects/,3,3,
/ja/latest/overview/,3,3,
/ja/latest/specifications/platform-compatibility-tags/,3,3,
/en/latest/tutorials/installing-packages/,2,2,
/ja/latest/discussions/versioning/,2,2,
/ja/latest/guides/installing-stand-alone-command-line-tools/,2,2,
/ja/latest/guides/installing-using-linux-tools/,2,2,
/ja/latest/specifications/,2,2,
/ja/latest/specifications/externally-managed-environments/,2,2,
/ja/latest/specifications/pyproject-toml/,2,2,
/ja/latest/tutorials/,2,2,
/en/latest/discussions/src-layout-vs-flat-layout/,1,1,
/en/latest/guides/distributing-packages-using-setuptools/,1,1,
/en/latest/guides/installing-using-pip-and-virtual-environments/,1,1,
/en/latest/guides/tool-recommendations/,1,1,
/en/latest/search/,1,1,
/en/latest/tutorials/managing-dependencies/,1,1,
/en/latest/tutorials/packaging-projects/,1,1,
/ja/latest/discussions/package-formats/,1,1,
/ja/latest/glossary/,1,1,
/ja/latest/guides/creating-and-discovering-plugins/,1,1,
/ja/latest/guides/creating-command-line-tools/,1,1,
/ja/latest/guides/installing-using-virtualenv/,1,1,
/ja/latest/guides/packaging-namespace-packages/,1,1,
/ja/latest/specifications/binary-distribution-format/,1,1,
/ja/latest/specifications/dependency-specifiers/,1,1,
/ja/latest/specifications/direct-url/,1,1,
/ja/latest/specifications/entry-points/,1,1,
/ja/latest/specifications/version-specifiers/,1,1,
/ja/latest/specifications/virtual-environments/,1,1,
/ja/latest/tutorials/managing-dependencies/,1,1,
