name,version,visitors
Chrome,142.0,118738
Chrome,143.0,54380
Microsoft Edge,143.0,52447
Microsoft Edge,142.0,21148
Opera,124.0,12008
Firefox,145.0,10608
Yandex Browser,25.10,6541
Safari,26.1,4917
Chrome,141.0,4299
Safari,18.6,4032
Chrome,109.0,3916
Mobile App,(not set),2494
Chrome,138.0,2434
Chrome,132.0,2242
Chrome,140.0,2083
Chrome,135.0,1587
Chrome,139.0,1489
Chrome,126.0,1307
Microsoft Edge,141.0,1212
Safari,18.5,1186
Chrome,122.0,1068
Quark,(not set),1060
Safari,26.0,958
Smart Lenovo Browser,9.0,926
Chrome,137.0,858
Microsoft Edge,140.0,785
Microsoft Edge,92.0,739
Safari,17.6,735
Chrome,131.0,717
Firefox,140.0,618
Samsung Browser,29.0,601
Chrome,136.0,562
Firefox,115.0,560
Safari,18.7,551
Chrome,134.0,497
Chrome,128.0,474
Safari,18.3,474
Microsoft Edge,139.0,471
Microsoft Edge,122.0,462
Safari,16.6,454
Microsoft Edge,138.0,428
Chrome,130.0,405
Chrome,133.0,382
Opera,125.0,347
Chrome,86.0,346
Chrome,125.0,320
Firefox,144.0,316
Mobile App,142.0,297
Safari,15.6,297
Microsoft Edge,131.0,278
Chrome,116.0,275
Sogou Explorer,2,268
Yandex Browser,24.10,257
Whale Browser,4.34,253
Safari,17.5,251
Microsoft Edge,109.0,249
Chrome,120.0,248
Opera,123.0,245
Chrome,129.0,242
Safari,26.2,239
Chrome,121.0,235
Microsoft Edge,137.0,235
Firefox,141.0,229
Chrome,117.0,221
Firefox,143.0,215
Microsoft Edge,136.0,212
Yandex Browser,25.8,212
Chrome,114.0,203
Firefox,128.0,203
Safari,18.1,202
Chrome,144.0,201
Chrome,127.0,199
QQ Browser,19.8,193
QQ Browser,19.9,189
Microsoft Edge,135.0,185
Safari,18.4,185
Chrome,123.0,167
Chrome,103.0,162
Huawei Browser Mobile,16.0,157
Microsoft Edge,127.0,155
Microsoft Edge,134.0,154
Avast Secure Browser,142.0,153
Chrome,124.0,152
Chrome,108.0,151
Safari,17.4,146
Microsoft Edge,133.0,145
Safari,18.2,138
Firefox,142.0,136
Firefox,146.0,131
Chrome,119.0,125
Microsoft Edge,100.0,119
Microsoft Edge,130.0,114
Safari,18.0,109
Opera,95.0,106
Huawei Browser,12.1,103
Microsoft Edge,132.0,103
Opera,122.0,98
MIUI Browser,20.7,98
Microsoft Edge,126.0,91
Safari,(not set),90
QQ Browser,19.6,90
Chrome,145.0,89
Firefox,136.0,83
Safari,14.1,83
Microsoft Edge,128.0,81
Microsoft Edge,129.0,81
Safari,16.3,81
Yandex Browser,25.6,80
Chrome,99.0,80
Chrome,87.0,78
Chrome,118.0,77
Chrome,101.0,76
Microsoft Edge,123.0,75
AVG Secure Browser,142.0,74
vivo Browser,15.0,71
Opera,93.0,70
Safari,17.3,69
Samsung Browser,28.0,68
Chrome,107.0,67
Microsoft Edge,120.0,67
(not set),(not set),66
Quark,10.1,65
Chrome,111.0,65
Safari,17.1,64
Firefox,127.0,62
vivo Browser,27.2,62
Brave,(not set),60
Chrome,106.0,60
Firefox,138.0,60
Safari,16.5,58
Chrome,97.0,58
Chrome,113.0,55
Mobile App,114.0,55
Norton Private Browser,142.0,54
Safari,16.1,53
Microsoft Edge,124.0,52
Microsoft Edge,114.0,50
Firefox,137.0,50
Chrome,95.0,49
Chrome,112.0,48
Safari,17.2,48
Chrome,79.0,48
Microsoft Edge,121.0,47
Yandex Browser,25.106,46
Microsoft Edge,144.0,45
Chrome,91.0,45
Mobile App,97.0,43
Chrome,105.0,42
Microsoft Edge,18.18363,42
Huawei Browser Mobile,5.1,42
Chrome,78.0,42
Chrome,102.0,41
Safari,16.4,41
Microsoft Edge,118.0,39
Microsoft Edge,125.0,39
Chrome,98.0,39
Firefox,135.0,38
Microsoft Edge,18.18362,38
Yandex Browser,25.104,38
Microsoft Edge,107.0,37
Microsoft Edge,116.0,37
MIUI Browser,14.47,37
Chrome,96.0,37
Microsoft Edge,113.0,36
QQ Browser,19.7,36
Chrome,63.0,36
Opera,120.0,35
Safari,13.1,35
Microsoft Edge,117.0,34
Chrome,83.0,34
Microsoft Edge,89.0,34
Chrome,115.0,33
Microsoft Edge,18.19041,33
Mobile App,143.0,32
Yandex Browser,25.4,32
Microsoft Edge,90.0,32
Chrome,110.0,31
Safari,17.14,31
QQ Browser,6.2,31
Chrome,69.0,31
Microsoft Edge,106.0,30
Microsoft Edge,18.17763,30
Chrome,94.0,30
Microsoft Edge,111.0,29
MIUI Browser,20.0,29
Microsoft Edge,112.0,28
Opera,79.0,28
Avast Secure Browser,109.0,27
Microsoft Edge,115.0,27
Safari,12.1,27
Firefox,139.0,27
Chrome,80.0,27
Opera,96.1,27
Microsoft Edge,119.0,26
Firefox,134.0,26
Safari,17.0,26
QQ Browser,19.5,26
Microsoft Edge,86.0,26
Samsung Browser,27.0,25
Chrome,104.0,24
Firefox,130.0,24
Yandex Browser,25.2,22
Microsoft Edge,84.0,22
Chrome,90.0,22
Quark,10.0,21
Mobile App,109.0,21
CCleaner,142.0,21
Safari,15.5,21
Microsoft Edge,17.17134,21
Samsung Browser,26.0,21
vivo Browser,27.1,21
Chrome,70.0,21
Chrome,92.0,21
360 Secure Browser,(not set),20
Microsoft Edge,108.0,20
Firefox,147.0,20
Chrome,49.0,20
Chrome,81.0,20
Firefox,113.0,19
Opera,117.0,19
Mobile App,134.0,19
Firefox,145.3,19
Yandex Browser,25.12,19
Mobile App,138.0,18
Firefox,52.0,18
Chrome,88.0,18
Chrome,100.0,17
Mobile App,126.0,17
Safari,14.0,17
Hi Browser,2.25,17
Chrome,71.0,17
Chrome,74.0,17
MIUI Browser,14.46,16
Safari,15.3,16
Safari,15.4,16
Yandex Browser,24.7,16
Chrome,72.0,16
Chrome,89.0,16
Opera,119.0,15
Firefox,133.0,15
Chrome,64.0,15
Chromium,(not set),14
Safari,11.1,14
Mobile App,131.0,14
Safari,16.0,14
Safari,16.2,14
MIUI Browser,20.8,14
Samsung Browser,24.0,14
QtWebEngine,6.10,14
Chrome,84.0,14
Chrome,85.0,14
Opera,118.0,13
Mobile App,123.0,13
Chrome,143,13
QQ Browser,19.2,13
Opera GX,3.0,13
Chrome,75.0,13
Chrome,77.0,13
Safari,10.0,12
Opera,113.0,12
Microsoft Edge,16.16299,12
Safari,17.7,12
Safari,17.8,12
UC Browser,18.2,12
QQ Browser,19.4,12
Samsung Browser,25.0,12
Safari,60.5,12
QQ Browser,13.7,11
Mobile App,137.0,11
Huawei Browser Mobile,15.0,11
Mobile App,92.0,11
Chrome,93.0,11
Firefox,108.0,10
Firefox,131.0,10
Firefox,145.2,10
vivo Browser,26.5,10
QtWebEngine,5.15,10
Mobile App,83.0,10
Mobile App,100.0,9
Firefox,102.0,9
Mobile App,111.0,9
Firefox,112.0,9
Firefox,116.0,9
Microsoft Edge,18.19582,9
Samsung Browser,22.0,9
Yandex Browser,24.12,9
Yandex Browser,25.103,9
Quark,7.16,9
Chrome,73.0,9
Mobile App,101.0,8
Opera,114.0,8
Opera,116.0,8
Firefox,121.0,8
Ecosia,142.0,8
Yandex Browser,23.5,8
Yandex Browser,23.7,8
Yandex Browser,25.80,8
Oculus Browser,41.3,8
Chrome,58.0,8
Opera Touch,6.1,8
