name,unique_exits,total_exits,exit_rate
/downloads/,106530,109979,43.6
/,68155,69787,46.7
/downloads/windows/,44779,46228,58.1
/downloads/release/pymanager-252/,30220,30771,53.3
/downloads/release/python-3142/,28200,28510,37.5
/downloads/macos/,4031,4100,56.1
/about/gettingstarted/,3828,3902,55.7
/downloads/release/python-31212/,3347,3383,27.7
/search/,3207,3236,27.6
/downloads/release/python-3100/,3194,3262,44.4
/downloads/release/python-3120/,2745,2784,38.0
/downloads/release/python-3110/,2664,2720,39.0
/doc/,2639,2694,47.9
/downloads/release/python-31114/,2633,2667,25.9
/downloads/release/python-3150a2/,2371,2385,31.6
/downloads/release/python-31011/,2229,2301,44.5
/downloads/release/python-31019/,2221,2249,26.7
/downloads/release/python-3119/,2219,2285,45.6
/downloads/release/python-31311/,2204,2219,38.9
/downloads/release/python-3140/,1512,1583,59.1
/downloads/release/python-3106/,1440,1491,49.9
/psf-landing/,1365,1375,28.2
/downloads/release/python-3141/,1250,1290,44.2
/downloads/source/,1247,1258,39.5
/about/,950,987,28.5
/downloads/release/python-3135/,886,898,42.6
/downloads/android/,864,884,38.9
/downloads/release/python-31210/,853,861,45.2
/downloads/release/python-3130/,815,827,40.3
/downloads/release/python-3925/,812,820,31.7
/jobs/,806,825,33.9
/downloads/release/pymanager-250/,714,795,82.8
/shell/,709,742,72.0
/downloads/release/pymanager-251/,696,739,77.4
/community/,655,653,31.0
/downloads/release/python-390/,650,661,37.8
/download/other/,606,615,42.2
/downloads/release/python-3810/,582,594,45.7
/downloads/release/python-31310/,524,525,35.9
/about/apps/,509,515,44.4
/downloads/release/python-380/,502,515,36.4
/downloads/release/python-3139/,460,481,55.4
/downloads/release/python-3137/,436,461,52.6
/getit/,410,414,50.5
/psf/grants/,408,408,94.9
/downloads/release/python-3913/,356,367,49.7
/downloads/release/python-370/,318,323,42.1
/downloads/release/python-3127/,310,314,41.7
/downloads/release/python-3118/,301,308,45.4
/downloads/release/python-2718/,300,301,78.8
/downloads/release/python-3124/,292,297,38.4
/downloads/release/python-3126/,292,304,40.3
/downloads/release/python-3820/,284,290,32.5
/downloads/release/python-3123/,277,280,39.2
/blogs/,271,275,30.6
/downloads/release/python-3128/,260,264,38.5
/downloads/release/python-3109/,245,248,47.4
/downloads/release/python-31010/,244,247,44.3
/doc/versions/,242,247,63.5
/getit/windows/,240,243,50.6
/downloads/release/python-3129/,206,210,44.3
/community/logos/,193,194,59.9
/downloads/release/python-3122/,190,192,46.9
/downloads/release/python-31013/,180,182,27.2
/downloads/release/python-3117/,180,181,42.1
/downloads/release/python-3132/,171,176,40.9
/downloads/release/python-3114/,169,170,37.9
/downloads/release/python-3133/,169,170,44.9
/downloads/release/python-379/,162,166,41.8
/downloads/release/python-3121/,161,163,41.1
/downloads/release/python-3111/,160,166,46.4
/success-stories/,157,157,30.8
/downloads/release/python-3116/,155,159,41.5
/download/releases/,151,152,14.5
/downloads/release/python-31012/,149,149,26.1
/downloads/release/python-3717/,145,145,30.6
/downloads/release/python-3105/,136,142,56.6
/download/releases/2.7/,130,131,59.8
/downloads/release/python-3125/,122,122,38.9
/downloads/release/python-360/,120,120,40.1
/accounts/login/,116,117,24.6
/downloads/release/python-3131/,115,120,37.3
/downloads/release/python-3115/,111,112,44.8
/events/,109,116,52.3
/downloads/release/python-31113/,106,107,27.4
/doc/essays/blurb/,105,110,70.5
/downloads/release/python-377/,105,104,41.8
/downloads/release/python-31110/,102,103,24.0
/downloads/release/python-31211/,102,101,23.0
/download/releases/3.0/,101,102,48.1
/downloads/release/python-368/,101,101,43.7
/download,99,100,35.2
/downloads/release/python-386/,95,97,42.4
/success-stories/category/education/,93,93,38.0
/download/alternatives/,86,86,41.7
/downloads/release/python-3112/,83,87,39.5
/downloads/release/python-31111/,82,82,23.5
/about/help/,79,78,38.8
/success-stories/category/business/,77,78,45.9
/downloads/release/python-3136/,76,78,39.2
