name,visitors,bounce_rate,visit_duration
Direct / None,159439,54,150
google.com,100319,48,135
bing.com,21279,50,132
chatgpt.com,17651,51,173
cn.bing.com,9831,48,196
yandex.ru,4814,50,134
baidu.com/link,3330,49,187
gemini.google.com,2653,56,169
search.brave.com,2638,49,129
youtube.com,2001,60,119
docs.python.org,1907,54,119
doubao.com,1499,58,180
duckduckgo.com,1138,48,98
in.search.yahoo.com,812,44,185
so.com/link,750,46,249
search.yahoo.com,718,48,143
copilot.microsoft.com,715,47,179
freedidi.com,636,62,99
link.csdn.net,609,53,146
claude.ai,597,54,144
perplexity.ai,471,52,152
github.com,445,60,116
ya.ru,431,49,145
code.visualstudio.com,395,69,93
google.com.hk,391,42,88
search.naver.com,390,41,197
baidu.com,378,62,125
android-app://com.google.android.googlequicksearchbox,362,37,123
coccoc.com/search,284,44,170
github.com/AUTOMATIC1111/stable-diffusion-webui,277,51,206
intl.ozabc.com,247,76,42
yandex.kz,207,47,153
w3schools.com,204,50,110
yandex.com.tr,184,58,116
link.zhihu.com,177,58,106
pythoninsider.blogspot.com,169,46,109
pip.pypa.io/en/stable/installation,150,43,210
netacad.com,143,65,141
ai.google.dev,137,73,98
qiita.com,134,53,146
id.search.yahoo.com,124,43,205
yandex.by,123,49,184
pytorch.org,119,68,69
m.baidu.com,113,66,43
pypi.org,110,68,126
packaging.python.org/en/latest/tutorials/installing-packages,109,32,140
roadmap.sh,105,57,176
ecosia.org,104,59,107
github.com/cgohlke/win_arm64-wheels,101,73,159
search.yahoo.co.jp,92,52,112
sogou.com/link,92,45,178
bing.com/search,85,45,143
yuanbao.tencent.com,84,45,267
br.search.yahoo.com,78,49,161
vn.search.yahoo.com,78,42,181
chat.baidu.com,77,53,174
weel.co.jp,74,68,86
yandex.ru/clck/jsredir,74,35,176
m.search.naver.com,73,47,95
fr.search.yahoo.com,72,44,155
learn.microsoft.com,72,56,145
github.com/Pocketfans/Clade/tree/main,69,20,308
python.jp,69,42,205
pygame.org,63,42,227
blog.naver.com/PostView.naver,62,41,127
web.telegram.org,60,48,216
classroom.google.com,59,64,135
esphome.io,56,29,233
geeksforgeeks.org,56,52,145
runoob.com,54,76,187
liaoxuefeng.com,53,76,188
wiki.python.org,53,69,114
so.com/s,52,63,79
peps.python.org,51,59,23
realpython.com,49,60,98
soroban.highreso.jp,48,62,182
mx.search.yahoo.com,47,55,57
skilladd.org/2025/08/26/39.%E9%BB%91%E8%8B%B9%E6%9E%9C%E5%AE%89%E8%A3%85%E9%A3%9F%E7%94%A8%E6%8C%87%E5%8D%97,47,67,112
tr.search.yahoo.com,44,44,285
tw.search.yahoo.com,44,36,186
yandex.ru/search,44,41,123
alice.yandex.ru,42,22,298
enlacesnintricks.blogspot.com,42,67,96
uk.search.yahoo.com,42,38,167
jianshu.com,41,90,23
ntp.msn.cn,41,66,83
qwant.com,41,42,203
ph.search.yahoo.com,40,48,125
lmarena.ai,39,41,150
scikit-learn.org,39,72,211
udemy.com,38,70,35
discuss.python.org,37,41,209
google.ru,37,54,117
github.com/baihengaead/wifi-crack-tool,34,68,33
amuletmc.com,33,61,58
ursinaengine.org,33,68,130
devguide.python.org/versions,32,59,105
blog.python.org,31,55,259
docs.espressif.com,31,55,168
ru.wikipedia.org,31,35,249
app.blackbox.ai,30,55,210
chat.mistral.ai,30,60,137
chat.z.ai,30,66,142
openclassrooms.com,30,68,46
blog.pyq.jp,29,23,158
droidwin.com,29,48,91
github.com/spotDL/spotify-downloader/blob/master/docs/installation.md,29,27,191
courses.edx.org,28,82,17
de.search.yahoo.com,28,45,344
eksamensvedlegg.it.ntnu.no,28,72,21
gradio.app,28,75,143
pythonworld.ru/osnovy/skachat-python.html,28,18,193
away.vk.com,27,44,357
m.sogou.com,27,44,62
randomnerdtutorials.com,27,67,72
sukkiri.jp/technologies/processors/python/python%E3%81%AE%E3%82%A4%E3%83%B3%E3%82%B9%E3%83%88%E3%83%BC%E3%83%AB%E6%96%B9%E6%B3%95windows%E7%B7%A8.html,27,29,209
4pda.to,26,50,156
es.search.yahoo.com,26,62,31
idle.org.cn,26,65,138
l.facebook.com,26,62,95
practicum.yandex.ru,26,48,234
statics.teams.cdn.office.net,26,65,27
coderivers.org,25,46,238
distrowatch.com,25,42,43
en.wikipedia.org,25,40,89
online-python.com,25,56,110
pythonguis.com,25,50,75
crackturkey.xyz,24,40,215
datacamp.com,24,58,138
gamebanana.com,24,80,17
google.co.in,24,56,68
google.co.uk,24,50,183
tweakers.net,24,62,26
ca.search.yahoo.com,23,43,72
docs.reportlab.com,23,74,124
it.search.yahoo.com,23,35,174
myclassroom.apus.edu,23,43,128
romptn.com/article/5211,23,96,10
aulaposgrado.unemi.edu.ec,22,50,153
dotiromoook.tistory.com/32,22,41,111
drive2.ru,22,65,75
topdev.vn,22,32,235
w3school.com.cn,22,68,122
cursos.alura.com.br,21,71,62
forest.watch.impress.co.jp/library/software/python,20,55,75
github.com/megadose/toutatis,20,60,37
lms.ev.org.br,20,80,10
aisearch.sogou.com/link,19,42,249
blog.csdn.net/sensen_kiss/article/details/141940274,19,84,42
cloud.tencent.com/developer/tools/blog-entry,19,42,142
nexusmods.com,19,79,48
ntp.msn.com,19,37,44
pip.pypa.io,19,47,38
python.p2hp.com,19,65,336
codelv.com,18,39,353
colab.research.google.com,18,89,3
github.com/twitchy-ears/ao3-wrapped,18,72,37
spotdl.github.io,18,22,202
city.ya.ru,17,76,13
docs.platformio.org,17,53,29
geek-blogs.com,17,65,121
google.co.jp,17,65,24
m.facebook.com,17,59,75
rivery.io,17,56,27
yandex.uz,17,24,131
yuque.com,17,47,242
cnblogs.com,16,62,155
github.com/AUTOMATIC1111/stable-diffusion-webui/wiki/Dependencies,16,44,247
github.com/nrxss/Perfect-Circle,16,88,6
l.instagram.com,16,69,14
malaysia.search.yahoo.com,16,31,357
pythononlinecompiler.ru,16,82,11
s3.eu-west-1.amazonaws.com,16,94,6
wiki.opizontas.org,16,44,128
wikiwiki.jp,16,53,82
yutu.cn,16,47,182
gist.github.com,15,73,15
google.co.kr,15,50,181
google.fr,15,53,128
moodle.iugaza.edu.ps,15,40,142
namu.wiki,15,33,296
pl.search.yahoo.com,15,53,45
stablediffusiontutorials.com,15,50,266
automatetheboringstuff.com,14,50,108
badcaps.net,14,71,8
btcrecover.readthedocs.io/en/latest/INSTALL,14,27,339
github.com/Blank-c/Blank-Grabber,14,38,94
github.com/Denishnc/b0mb3r,14,43,106
github.com/xxreflextheone/AI-Aimbot,14,43,38
google.com.vn,14,67,69
google.de,14,71,116
lms.human.ua,14,60,188
patreon.com,14,29,78
python.github.net.cn,14,64,163
steamcommunity.com,14,21,185
tutorialspoint.com,14,64,72
worthytutors.com,14,57,65
archipelago.gg,13,85,6
canlidovizfiyatlari.com,13,38,254
co.search.yahoo.com,13,31,158
dzen.ru,13,77,28
edu.sirius.online,13,31,503
github.com/CoplayDev/unity-mcp,13,71,8
github.com/hect0x7/JMComic-Crawler-Python,13,62,76
github.com/nlckysolutions/nPhoneKIT,13,31,110
github.com/twitchy-ears/ao3-wrapped/blob/main/README.md,13,43,40
mail.ru,13,23,109
poe.com,13,57,60
qianwen.com,13,36,496
tapnav.com,13,85,133
wikidocs.net,13,54,34
yandex.com,13,46,19
ai-kenkyujo.com,12,33,131
asreview.nl,12,58,302
github.com/dmMaze/BallonsTranslator/blob/dev/doc/README_KO.md,12,46,154
github.com/megadose/holehe,12,67,11
google.com.tw,12,17,159
link.juejin.cn,12,67,174
metanit.com,12,42,172
mindplus.dfrobot.com.cn,12,67,97
mooc.fi,12,85,7
pip.pypa.io/en/latest/installation,12,25,336
pymacrorecord.com,12,92,2
pyzo.org,12,17,217
skillbox.ru,12,42,71
127.0.0.1,11,82,6
bugs.python.org,11,64,171
codecademy.com,11,64,108
decrypt.fivecfx.com,11,55,5
digitalocean.com,11,73,112
github.com/chandansgowda/learn-python-in-kannada/blob/main/notes/1.md,11,45,149
github.com/guaguastandup/zotero-pdf2zh,11,55,187
google.com.tr,11,64,51
groupbuytools.com,11,58,37
internet-start.net,11,55,186
ithelp.ithome.com.tw,11,45,43
itproger.com,11,27,358
javadrive.jp,11,18,204
plugins.phbot.org,11,45,451
python.org.br,11,73,237
studeo.unicesumar.edu.br,11,100,0
ar.search.yahoo.com,10,73,239
comfyorg.cn,10,60,197
docstring.fr,10,50,40
futureskillsprime.in,10,70,78
github.com/cgohlke/numpy-mkl-wheels,10,80,98
github.com/megadose/ignorant,10,70,5
kagi.com,10,73,92
kubdatalab.github.io,10,27,135
my.sky.pro,10,58,438
oregoom.com,10,40,57
py4e.com,10,80,60
sites.google.com,10,70,17
sysnettechsolutions.com/en/fix-python-win32api-virtualbox,10,60,118
android-app://com.reddit.frontpage,9,89,2
au.search.yahoo.com,9,40,257
cgohlke.com,9,67,346
chat.chaton.ai,9,50,112
cs50.readthedocs.io/python,9,67,12
dataquest.io,9,67,25
docs.pingcode.com,9,44,52
docs.python.org/dev/using/windows.html,9,78,166
docs.streamlit.io,9,33,218
github.com/Haoming02/sd-webui-forge-classic/tree/neo,9,33,414
github.com/NationalSecurityAgency/ghidra,9,67,3
github.com/RootKit-Org/AI-Aimbot,9,44,99
github.com/undertailx/roblox-bot-following,9,78,11
google.es,9,33,21
instaloader.github.io,9,78,12
lms.skillfactory.ru,9,40,309
m.so.com/s,9,67,60
nz.ua,9,90,6
pandas.pydata.org,9,78,165
pcschool.com.tw,9,33,56
pythongeeks.org,9,56,27
quantrimang.com,9,44,162
replit.com,9,70,248
securitylab.ru,9,22,265
sns.tdx.com.cn,9,67,75
stable-diffusion-art.com,9,44,70
xdaforums.com/t/how-to-unlock-bootloader-on-xiaomi-hyperos-all-devices-except-cn.4654009,9,56,43
yandex.ru/searchapp,9,67,343
android-app://com.google.android.gm,8,88,8
app.outlier.ai,8,25,338
developer.mozilla.org,8,88,5
doc.courtbouillon.org,8,100,0
docs.lime-crm.com,8,50,118
facebook.com,8,100,0
gall.dcinside.com/mgallery/board/view,8,50,123
github.com/Asabeneh/30-Days-Of-Python/blob/master/readme.md,8,25,115
github.com/CS1o/Stable-Diffusion-Info/wiki/Webui-Installation-Guides,8,100,0
github.com/LimerBoy/Impulse,8,88,0
github.com/Nerogar/OneTrainer,8,50,19
github.com/YaoFANGUK/video-subtitle-remover,8,62,294
github.com/ardamavi/Game-Bot,8,38,718
github.com/cgohlke/pygame-wheels,8,62,1177
github.com/doesprintfwork/All-in-one-Vanilla-AMD-Hackintosh-Guide/blob/master/prerequisites/get-started/offline-installer-prerequisites.md,8,75,195
github.com/doncezart/TIBOT,8,62,16
github.com/dsymbol/yt-dlp-gui,8,75,8
github.com/n00mkrad/flowframes/blob/main/PythonDependencies.md,8,75,23
