name,version,visitors
Chrome,143.0,2126
Microsoft Edge,143.0,1045
Firefox,146.0,330
Chrome,132.0,263
Chrome,69.0,255
Chrome,111.0,245
Opera,125.0,230
Sogou Explorer,2,218
360 Secure Browser,(not set),211
Firefox,5.0,211
Chrome,139.0,183
Chrome,142.0,159
Mobile App,(not set),82
Safari,26.1,60
Safari,26.2,57
Safari,18.6,48
Yandex Browser,25.12,44
Microsoft Edge,142.0,43
Smart Lenovo Browser,9.0,37
Firefox,140.0,32
Chrome,122.0,25
Chrome,140.0,25
Chrome,141.0,24
Chrome,138.0,22
Quark,(not set),20
Chrome,109.0,17
Chrome,108.0,16
Chrome,133.0,16
Chrome,131.0,15
Chrome,135.0,15
Chrome,117.0,14
Opera,124.0,13
Microsoft Edge,141.0,12
Safari,18.5,12
Chrome,116.0,11
Microsoft Edge,144.0,11
Firefox,145.0,11
Safari,16.6,11
Chrome,107.0,10
Safari,26.0,10
Chrome,112.0,9
Firefox,128.0,9
Safari,18.7,9
Chrome,106.0,8
Chrome,137.0,8
Microsoft Edge,139.0,8
Safari,17.6,8
Chrome,110.0,7
Chrome,130.0,7
Chrome,103.0,6
Chrome,104.0,6
Chrome,105.0,6
Chrome,124.0,6
Chrome,128.0,6
Chrome,129.0,6
Microsoft Edge,136.0,6
Microsoft Edge,140.0,6
Mobile App,143.0,6
Huawei Browser Mobile,16.0,6
UC Browser,18.4,6
Chrome,114.0,5
Chrome,120.0,5
Chrome,134.0,5
Microsoft Edge,135.0,5
Firefox,147.0,5
Safari,18.4,5
Yandex Browser,25.10,5
Safari,26.3,5
Mobile App,97.0,5
Firefox,141.0,4
Chrome,144.0,4
Safari,18.1,4
QQ Browser,19.7,4
Samsung Browser,29.0,4
Chrome,83.0,4
Firefox,115.0,3
Chrome,127.0,3
QQ Browser,13.3,3
Firefox,130.0,3
Microsoft Edge,131.0,3
Microsoft Edge,134.0,3
Chrome,136.0,3
Microsoft Edge,137.0,3
Microsoft Edge,138.0,3
Firefox,143.0,3
Chrome,145.0,3
Firefox,146.1,3
Microsoft Edge,18.18362,3
Safari,18.3,3
QQ Browser,19.9,3
Chrome,70.0,3
Opera,90.0,3
Chrome,91.0,3
Opera,95.0,3
(not set),(not set),2
Safari,(not set),2
Quark,10.1,2
Quark,10.2,2
Chrome,100.0,2
Firefox,101.0,2
Chrome,101.0,2
Firefox,106.0,2
Microsoft Edge,107.0,2
Microsoft Edge,109.0,2
QQ Browser,11.5,2
Microsoft Edge,112.0,2
Microsoft Edge,113.0,2
Microsoft Edge,115.0,2
Microsoft Edge,117.0,2
Chrome,119.0,2
Huawei Browser,12.1,2
Opera,120.0,2
Opera,122.0,2
Microsoft Edge,122.0,2
Chrome,123.0,2
Chrome,125.0,2
Chrome,126.0,2
Microsoft Edge,132.0,2
Firefox,136.0,2
Firefox,142.0,2
Avast Secure Browser,143.0,2
Norton Private Browser,143.0,2
Firefox,144.0,2
Safari,15.6,2
Safari,17.4,2
Safari,17.5,2
Microsoft Edge,18.17763,2
QQ Browser,19.3,2
QQ Browser,19.6,2
MIUI Browser,20.4,2
vivo Browser,27.5,2
Huawei Browser Mobile,5.1,2
QQ Browser,6.2,2
Chrome,81.0,2
Chrome,97.0,2
Opera,97.1,2
Android Browser,(not set),1
Quark,10.0,1
Microsoft Edge,100.0,1
Iron,101.0,1
Chrome,102.0,1
Microsoft Edge,104.0,1
Microsoft Edge,105.0,1
Iron,109.0,1
Mobile App,114.0,1
Microsoft Edge,114.0,1
Firefox,116.0,1
Mobile App,116.0,1
Chrome,118.0,1
Microsoft Edge,118.0,1
Microsoft Edge,120.0,1
Mobile App,122.0,1
Microsoft Edge,123.0,1
Microsoft Edge,124.0,1
Microsoft Edge,125.0,1
Microsoft Edge,127.0,1
Microsoft Edge,128.0,1
Microsoft Edge,129.0,1
Safari,13.0,1
Safari,13.1,1
QQ Browser,13.4,1
Mobile App,134.0,1
Mobile App,140.0,1
AVG Secure Browser,143.0,1
UC Browser,15.3,1
Safari,16.1,1
Safari,16.3,1
Safari,17.0,1
Safari,17.1,1
Safari,17.13,1
Safari,18.0,1
Safari,18.2,1
MIUI Browser,18.2,1
QQ Browser,19.2,1
QQ Browser,19.5,1
MIUI Browser,20.2,1
MIUI Browser,20.9,1
Yandex Browser,24.12,1
Yandex Browser,25.122,1
Yandex Browser,25.2,1
vivo Browser,27.6,1
AdBlock Browser,3.4,1
Whale Browser,3.9,1
Whale Browser,4.35,1
NFS Browser,6.0,1
Chrome,66.0,1
Quark,7.15,1
Firefox,70.0,1
Firefox,83.0,1
Microsoft Edge,84.0,1
Chrome,87.0,1
Mobile App,91.0,1
Chrome,92.0,1
Microsoft Edge,92.0,1
Chrome,96.0,1
Chrome,98.0,1
