name,visitors,bounce_rate,visit_duration
google.com,577,77,126
Direct / None,433,70,225
bing.com,18,67,227
namu.wiki,11,60,26
python.org,10,100,413
wikidocs.net,6,83,23
chatgpt.com,5,33,690
codeit.kr,5,80,17
codeup.kr,5,100,0
clien.net/service/board/kin/17320380,3,67,5
gemini.google.com,3,67,11
perplexity.ai,3,100,848
search.yahoo.com,3,75,17
blog.naver.com/PostView.naver,2,100,0
dev-jy.tistory.com/5,2,100,0
github.sec.samsung.net,2,0,1378
m.clien.net,2,100,0
velog.io,2,100,0
wiki.navercorp.com,2,100,0
answer-me.tistory.com/3,1,100,0
ashortday.tistory.com/41,1,100,0
baidu.com,1,100,0
baidu.com/link,1,100,0
betterstack.com,1,0,26
blog.potados.com,1,100,0
computer-science-student.tistory.com/221,1,100,0
confluence.samsungds.net,1,0,43
devops.sdsdev.co.kr,1,100,0
github.com,1,0,0
google.co.kr,1,0,231
google.com.hk,1,0,0
jh-bk.tistory.com/40,1,100,0
kone.gg,1,100,0
llm-chat-frontend-basic-prd.api.aipp01.skhynix.com,1,0,1490
lms.kyonggi.ac.kr,1,100,0
m.blog.naver.com/hankrah/222436377837,1,100,0
minimin2.tistory.com/41,1,100,0
notebooklm.google.com,1,100,0
quad-drone-lab.co.kr,1,100,0
quark.cn/s/23DTJFFBoi68KvzbEz,1,100,0
quark.cn/s/5VuZ2394CUc5UUrhnx,1,100,0
subprocess.run,1,0,110
whdrns2013.github.io,1,0,1767
