name,visitors,pageviews,bounce_rate,time_on_page,scroll_depth
/ja/latest/tutorials/installing-packages/,81,96,81,57,37
/ja/latest/guides/writing-pyproject-toml/,63,66,84,48,50
/ja/latest/guides/installing-using-pip-and-virtual-environments/,58,60,88,37,50
/ja/latest/,13,10,100,16,53
/ja/latest/tutorials/packaging-projects/,12,11,80,21,45
/ja/latest/discussions/src-layout-vs-flat-layout/,10,15,43,38,86
/ja/latest/specifications/binary-distribution-format/,6,6,80,10,18
/ja/latest/specifications/pyproject-toml/,6,6,50,14,44
/ja/latest/key_projects/,5,3,100,20,28
/ja/latest/discussions/setup-py-deprecated/,4,4,100,28,60
/ja/latest/guides/index-mirrors-and-caches/,4,4,75,5,89
/ja/latest/guides/,3,2,0,12,94
/ja/latest/guides/creating-and-discovering-plugins/,3,4,50,77,66
/ja/latest/guides/distributing-packages-using-setuptools/,3,3,100,12,67
/ja/latest/overview/,3,3,0,13,50
/ja/latest/specifications/core-metadata/,3,3,0,11,44
/ja/latest/specifications/pylock-toml/,3,3,100,36,37
/ja/latest/specifications/version-specifiers/,3,3,100,80,71
/ja/latest/discussions/pip-vs-easy-install/,2,2,100,13,97
/ja/latest/discussions/versioning/,2,3,50,149,100
/ja/latest/flow/,2,2,0,22,100
/ja/latest/glossary/,2,4,0,20,38
/ja/latest/guides/installing-using-linux-tools/,2,2,0,19,44
/ja/latest/guides/migrating-to-pypi-org/,2,2,50,32,72
/ja/latest/guides/modernize-setup-py-project/,2,2,0,5,62
/ja/latest/guides/packaging-namespace-packages/,2,3,50,9,57
/ja/latest/specifications/platform-compatibility-tags/,2,2,100,,
/ja/latest/discussions/distribution-package-vs-import-package/,1,1,0,6,100
/ja/latest/discussions/install-requires-vs-requirements/,1,2,0,16,100
/ja/latest/discussions/package-formats/,1,1,100,3,33
/ja/latest/guides/analyzing-pypi-package-downloads/,1,1,100,6,31
/ja/latest/guides/creating-command-line-tools/,1,1,100,3,64
/ja/latest/guides/installing-stand-alone-command-line-tools/,1,1,100,6,40
/ja/latest/guides/multi-version-installs/,1,1,0,3,100
/ja/latest/guides/packaging-binary-extensions/,1,1,100,4,46
/ja/latest/guides/publishing-package-distribution-releases-using-github-actions-ci-cd-workflows/,1,2,0,33,53
/ja/latest/guides/section-hosting/,1,1,100,,
/ja/latest/guides/section-install/,1,1,0,3,95
/ja/latest/guides/tool-recommendations/,1,2,0,21,100
/ja/latest/guides/using-manifest-in/,1,1,100,15,100
/ja/latest/search/,1,1,0,10,42
/ja/latest/specifications/,1,2,0,11,100
/ja/latest/specifications/dependency-groups/,1,2,0,80,100
/ja/latest/specifications/dependency-specifiers/,1,1,0,53,89
/ja/latest/specifications/direct-url/,1,1,100,9,100
/ja/latest/specifications/entry-points/,1,1,100,,
/ja/latest/specifications/externally-managed-environments/,1,1,100,,
/ja/latest/specifications/license-expression/,1,1,100,41,100
/ja/latest/specifications/name-normalization/,1,1,100,,
/ja/latest/specifications/pypirc/,1,1,100,6,86
/ja/latest/specifications/recording-installed-packages/,1,1,100,3,44
/ja/latest/specifications/virtual-environments/,1,1,100,,
/ja/latest/tutorials/,1,1,0,2,95
/ja/latest/tutorials/managing-dependencies/,1,1,0,11,46
