name,visitors,bounce_rate,visit_duration
google.com,190,78,106
Direct / None,53,53,393
bing.com,26,85,98
pypi.org,9,0,63
ghe.corp.yahoo.co.jp,2,100,0
google.com/search,2,50,102
nikkie-ftnext.hatenablog.com,2,0,12
docs.python.org,1,0,18
duckduckgo.com,1,100,0
google.co.jp,1,100,0
medium.com/@turingmotors/5-useful-features-of-the-python-project-management-tool-uv-up-to-v0-5-3-dependencies-edition-9aab2cddceeb,1,100,0
search.fenrir-inc.com,1,100,0
search.yahoo.co.jp,1,100,0
warehouse.pypa.io,1,0,172
