name,version,visitors
Windows,10,3677
Mac,10.15,744
GNU/Linux,(not set),157
Android,10,131
iOS,18.7,112
Windows,XP,107
iOS,18.6,85
Android,15,66
Mac,10.13,60
Chrome OS,14541.0,39
Android,14,38
Windows,7,36
HarmonyOS,(not set),25
Ubuntu,(not set),25
Android,12,24
Android,13,24
iOS,26.1,23
iOS,16.7,18
iOS,18.5,17
HarmonyOS,3.0,15
Android,11,14
HarmonyOS,2.2,10
iOS,26.2,10
Android,16,9
iOS,15.8,8
iOS,18.3,8
iOS,18.2,7
Mac,10.14,6
iOS,17.6,6
iOS,18.4,6
(not set),(not set),4
iPadOS,17.7,4
iOS,18.1,4
Android,8.1,4
Android,9,4
iOS,16.3,3
iOS,17.1,3
iOS,17.5,3
iOS,14.4,2
iOS,15.5,2
iPadOS,15.6,2
iOS,16.6,2
iOS,26.0,2
Windows,(not set),1
iOS,13.3,1
iOS,15.2,1
iOS,15.4,1
iOS,15.6,1
iOS,17.0,1
iOS,17.2,1
iPadOS,17.5,1
iOS,17.7,1
iOS,18.0,1
HarmonyOS,2.1,1
Android,6.0,1
Android,7.1,1
