property,value,visitors,events,percentage
url,(none),180975,298116,99.8
url,https://www.python.org/,1210,1295,0.7
url,https://github.com/python/cpython/tree/3.13/Lib/idlelib/,208,229,0.1
url,https://tkdocs.com/,184,199,0.1
url,https://wiki.python.org/moin/BeginnersGuide,113,114,0.1
url,https://github.com/python/cpython/tree/3.13/Lib/tkinter/__init__.py,105,117,0.1
url,https://www.python.org/downloads/,104,106,0.1
url,https://mypy.readthedocs.io/en/stable/cheat_sheet_py3.html,90,93,0.0
url,https://www.tkdocs.com/shipman/,90,101,0.0
url,https://pypi.org/,85,90,0.0
url,https://www.tcl.tk/man/tcl8.6/TkCmd/contents.htm,72,82,0.0
url,https://packaging.python.org/guides/installing-using-pip-and-virtual-environments/#create-and-use-virtual-environments,71,73,0.0
url,https://www.python.org/downloads/macos/,71,72,0.0
url,https://github.com/python/cpython/tree/3.13/Lib/random.py,49,51,0.0
url,https://www.python.org/doc/versions/,43,43,0.0
url,https://packaging.python.org/en/latest/tutorials/packaging-projects/,38,39,0.0
url,https://github.com/python/cpython/tree/3.13/Lib/turtle.py,35,49,0.0
url,https://www.tcl.tk/,30,47,0.0
url,https://github.com/python/cpython/tree/3.13/Lib/datetime.py,29,30,0.0
url,https://peps.python.org/pep-0636/,29,29,0.0
url,https://www.python.org/psf/donations/,29,29,0.0
url,https://github.com/python/cpython/tree/3.13/Lib/venv/,28,30,0.0
url,https://pypi.org/project/telnetlib3/,27,32,0.0
url,https://devguide.python.org/,26,26,0.0
url,https://peps.python.org/pep-0397/,26,27,0.0
url,https://www.packtpub.com/en-us/product/python-gui-programming-with-tkinter-9781788835886,26,27,0.0
url,https://github.com/python/cpython/tree/3.13/Lib/sqlite3/,25,28,0.0
url,https://packaging.python.org/,24,24,0.0
url,https://github.com/python/cpython/tree/3.13/Lib/idlelib,23,24,0.0
url,https://requests.readthedocs.io/en/master/,23,23,0.0
url,https://en.wikipedia.org/wiki/Turtle_(robot),22,28,0.0
url,https://github.com/python/cpython/tree/3.13/Lib/xml/etree/ElementTree.py,22,22,0.0
url,https://peps.python.org/pep-0632/#migration-advice,22,22,0.0
url,https://www.unicode.org/versions/Unicode15.1.0/ch03.pdf,22,23,0.0
url,https://github.com/python/cpython/tree/3.13/Lib/string.py,21,24,0.0
url,https://packaging.python.org/installing/#creating-virtual-environments,21,29,0.0
url,https://dateutil.readthedocs.io/en/stable/,20,20,0.0
url,https://github.com/python/cpython/tree/3.13/Lib/os.py,20,21,0.0
url,https://peps.python.org/pep-0563/,20,20,0.0
url,https://pypi.org/project/DateType/,20,22,0.0
url,https://tkdocs.com/book.html,20,20,0.0
url,https://wiki.python.org/moin/PythonBooks,20,21,0.0
url,https://manpages.debian.org/recv(2),19,22,0.0
url,https://www.sqlite.org/,18,18,0.0
url,https://github.com/python/cpython/tree/3.13/Lib/re/,17,17,0.0
url,https://peps.python.org/,17,17,0.0
url,https://peps.python.org/pep-0585/,17,17,0.0
url,https://github.com/python/cpython/tree/3.13/Lib/unittest/__init__.py,16,17,0.0
url,https://peps.python.org/pep-0634/,16,16,0.0
url,https://peps.python.org/pep-0719/,16,17,0.0
url,https://typing.python.org/en/latest/spec/index.html,16,16,0.0
url,https://github.com/python/cpython/tree/3.13/Lib/functools.py,15,15,0.0
url,https://github.com/python/cpython/tree/3.13/Lib/json/__init__.py,15,15,0.0
url,https://peps.python.org/pep-0703/,15,18,0.0
url,https://datatracker.ietf.org/doc/html/rfc4122.html,14,16,0.0
url,https://en.wikipedia.org/wiki/Cursor_(databases),14,14,0.0
url,https://en.wikipedia.org/wiki/Walrus#/media/File:Pacific_Walrus_-_Bull_(8247646168).jpg,13,13,0.0
url,https://github.com/python/cpython/tree/3.13/Lib/http/server.py,13,16,0.0
url,https://github.com/python/cpython/tree/3.13/Lib/zipfile/,13,13,0.0
url,https://packaging.python.org/en/latest/tutorials/installing-packages/#ensure-pip-setuptools-and-wheel-are-up-to-date,13,14,0.0
url,https://buildozer.readthedocs.io/,12,12,0.0
url,https://github.com/python/cpython/tree/3.13/Lib/copy.py,12,12,0.0
url,https://github.com/python/cpython/tree/3.13/Lib/csv.py,12,12,0.0
url,https://peps.python.org/pep-0405/,12,13,0.0
url,https://peps.python.org/pep-0557/,12,13,0.0
url,https://www.debian.org/doc/manuals/maint-guide/first.en.html,12,13,0.0
url,https://briefcase.readthedocs.io/,11,12,0.0
url,https://github.com/python/cpython/tree/3.13/Lib/argparse.py,11,12,0.0
url,https://github.com/python/cpython/tree/3.13/Lib/typing.py,11,12,0.0
url,https://github.com/python/cpython/tree/3.13/Lib/webbrowser.py,11,11,0.0
url,https://packaging.python.org/installing/#requirements-for-installing-packages,11,12,0.0
url,https://peps.python.org/pep-0008/,11,11,0.0
url,https://peps.python.org/pep-0484/,11,11,0.0
url,https://peps.python.org/pep-0594/,11,11,0.0
url,https://peps.python.org/pep-3119/,11,11,0.0
url,https://requests.readthedocs.io/en/latest/,11,11,0.0
url,https://rhettinger.wordpress.com/2011/05/26/super-considered-super/,11,12,0.0
url,https://www.python.org/psf/,11,12,0.0
url,https://core.tcl.tk/tips/doc/trunk/tip/48.md,10,12,0.0
url,https://github.com/python/cpython/tree/3.13/Lib/subprocess.py,10,10,0.0
url,https://github.com/python/cpython/tree/3.13/Lib/tempfile.py,10,10,0.0
url,https://github.com/python/cpython/tree/3.13/Lib/tkinter/messagebox.py,10,10,0.0
url,https://json.org/,10,10,0.0
url,https://pypi.org/project/tomli-w/,10,10,0.0
url,https://toml.io/en/,10,10,0.0
url,https://wiki.python.org/moin/GuiProgramming,10,10,0.0
url,https://www.zlib.net/,10,11,0.0
url,https://docs.pytest.org/,9,9,0.0
url,https://en.wikipedia.org/wiki/Memoization,9,9,0.0
url,https://github.com/python/cpython/tree/3.13/Lib/asyncio/coroutines.py,9,10,0.0
url,https://github.com/python/cpython/tree/3.13/Lib/ensurepip,9,11,0.0
url,https://github.com/python/cpython/tree/3.13/Lib/logging/__init__.py,9,11,0.0
url,https://github.com/python/cpython/tree/3.13/Lib/multiprocessing/,9,9,0.0
url,https://github.com/python/cpython/tree/3.13/Lib/pathlib/,9,9,0.0
url,https://github.com/python/cpython/tree/3.13/Lib/pickle.py,9,10,0.0
url,https://github.com/python/cpython/tree/3.13/Lib/smtplib.py,9,9,0.0
url,https://github.com/python/cpython/tree/3.13/Lib/urllib/,9,10,0.0
url,https://github.com/python/cpython/tree/3.13/Lib/wave.py,9,9,0.0
url,https://learning-python.com/about-pp4e.html,9,9,0.0
url,https://opensource.org/,9,9,0.0
url,https://peps.python.org/pep-0428/,9,9,0.0
url,https://peps.python.org/pep-0526/,9,10,0.0
url,https://peps.python.org/pep-0572/,9,9,0.0
url,https://pypi.org/project/tomlkit/,9,10,0.0
url,https://typing.python.org/en/latest/,9,9,0.0
url,https://www.unicode.org/versions/Unicode15.1.0/ch04.pdf,9,9,0.0
url,https://cibuildwheel.pypa.io/en/stable/platforms/#android,8,8,0.0
url,https://en.wikipedia.org/wiki/Fibonacci_sequence,8,9,0.0
url,https://github.com/python/cpython/tree/3.13/Lib/collections/__init__.py,8,8,0.0
url,https://github.com/python/cpython/tree/3.13/Lib/difflib.py,8,8,0.0
url,https://peps.python.org/pep-0343/,8,8,0.0
url,https://peps.python.org/pep-0492/,8,8,0.0
url,https://peps.python.org/pep-0613/,8,8,0.0
url,https://pypi.org/project/Exscript/,8,8,0.0
url,https://pypi.org/project/pip/,8,8,0.0
url,https://brew.sh/,7,7,0.0
url,https://chaquo.com/chaquopy,7,7,0.0
url,https://datatracker.ietf.org/doc/html/rfc4180.html,7,8,0.0
url,https://datatracker.ietf.org/doc/html/rfc7159.html,7,7,0.0
url,https://github.com/python/cpython/blob/main/Doc/library/functions.rst,7,7,0.0
url,https://github.com/python/cpython/tree/3.13/Android/testbed,7,7,0.0
url,https://github.com/python/cpython/tree/3.13/Lib/ctypes,7,7,0.0
url,https://github.com/python/cpython/tree/3.13/Lib/heapq.py,7,8,0.0
url,https://github.com/python/cpython/tree/3.13/Lib/operator.py,7,7,0.0
url,https://github.com/python/cpython/tree/3.13/Lib/shutil.py,7,7,0.0
url,https://github.com/python/cpython/tree/3.13/Lib/statistics.py,7,7,0.0
url,https://github.com/python/cpython/tree/3.13/Lib/uuid.py,7,7,0.0
url,https://packaging.python.org/science/,7,7,0.0
url,https://peps.python.org/pep-0584/,7,7,0.0
url,https://peps.python.org/pep-0604/,7,7,0.0
url,https://peps.python.org/pep-3101/,7,8,0.0
url,https://rfc.zeromq.org/spec/32/,7,7,0.0
url,https://www.anaconda.com/download/,7,7,0.0
url,https://www.cwi.nl/,7,7,0.0
url,https://www.sphinx-doc.org/,7,7,0.0
url,https://www.unicode.org/,7,7,0.0
url,https://www.w3schools.com/sql/,7,7,0.0
url,https://devguide.python.org/documentation/help-documenting/,6,7,0.0
url,https://discuss.python.org/c/documentation/26,6,6,0.0
url,https://en.wikipedia.org/wiki/Priority_queue,6,6,0.0
url,https://github.com/python/cpython/blob/main/Doc/tutorial/index.rst,6,7,0.0
url,https://github.com/python/cpython/tree/3.13/Lib/calendar.py,6,6,0.0
url,https://github.com/python/cpython/tree/3.13/Lib/dataclasses.py,6,6,0.0
url,https://github.com/python/cpython/tree/3.13/Lib/enum.py,6,6,0.0
url,https://github.com/python/cpython/tree/3.13/Lib/getpass.py,6,6,0.0
url,https://github.com/python/cpython/tree/3.13/Lib/hashlib.py,6,6,0.0
url,https://github.com/python/cpython/tree/3.13/Lib/logging/handlers.py,6,6,0.0
url,https://github.com/python/cpython/tree/3.13/Lib/pprint.py,6,6,0.0
url,https://github.com/python/cpython/tree/3.13/Lib/queue.py,6,7,0.0
url,https://github.com/python/cpython/tree/3.13/Lib/socket.py,6,6,0.0
url,https://github.com/python/cpython/tree/3.13/Lib/tkinter/filedialog.py,6,7,0.0
url,https://github.com/python/cpython/tree/3.13/Lib/zoneinfo,6,6,0.0
url,https://packaging.python.org/en/latest/tutorials/installing-packages/,6,6,0.0
url,https://packaging.python.org/extensions/,6,7,0.0
url,https://peps.python.org/pep-0238/,6,6,0.0
url,https://peps.python.org/pep-0305/,6,6,0.0
url,https://peps.python.org/pep-0420/,6,6,0.0
url,https://peps.python.org/pep-0695/,6,6,0.0
url,https://pypi.org/project/UniCurses/,6,6,0.0
url,https://pypi.org/project/aiosmtpd/,6,6,0.0
url,https://termux.dev/en/,6,6,0.0
url,https://wiki.python.org/moin/IntegratedDevelopmentEnvironments,6,6,0.0
url,https://wiki.python.org/moin/PythonEditors,6,6,0.0
url,https://www.unicode.org/Public/15.1.0/ucd/PropList.txt,6,7,0.0
url,https://www.w3.org/TR/xpath,6,6,0.0
url,https://code.activestate.com/recipes/langs/python/,5,5,0.0
url,https://cython.org/,5,5,0.0
url,https://datatracker.ietf.org/doc/html/rfc4648.html,5,7,0.0
url,https://en.wikipedia.org/wiki/Backus%E2%80%93Naur_form,5,5,0.0
url,https://en.wikipedia.org/wiki/Cache_replacement_policies#Least_Recently_Used_(LRU),5,5,0.0
url,https://en.wikipedia.org/wiki/Gamma_function,5,5,0.0
url,https://en.wikipedia.org/wiki/Thread_(computing),5,6,0.0
url,https://gist.github.com/vsajip/4673395,5,5,0.0
url,https://github.com/python/cpython/tree/3.13/Grammar/python.gram,5,6,0.0
url,https://github.com/python/cpython/tree/3.13/Lib/asyncio/streams.py,5,5,0.0
url,https://github.com/python/cpython/tree/3.13/Lib/concurrent/futures/thread.py,5,6,0.0
url,https://github.com/python/cpython/tree/3.13/Lib/configparser.py,5,5,0.0
url,https://github.com/python/cpython/tree/3.13/Lib/contextlib.py,5,5,0.0
url,https://github.com/python/cpython/tree/3.13/Lib/email/__init__.py,5,5,0.0
url,https://github.com/python/cpython/tree/3.13/Lib/http/client.py,5,5,0.0
url,https://github.com/python/cpython/tree/3.13/Lib/ipaddress.py,5,8,0.0
url,https://github.com/python/cpython/tree/3.13/Lib/mimetypes.py,5,5,0.0
url,https://github.com/python/cpython/tree/3.13/Lib/pdb.py,5,5,0.0
url,https://github.com/python/cpython/tree/3.13/Lib/pydoc.py,5,5,0.0
url,https://github.com/python/cpython/tree/3.13/Lib/site.py,5,6,0.0
url,https://github.com/python/cpython/tree/3.13/Lib/ssl.py,5,6,0.0
url,https://github.com/python/cpython/tree/3.13/Lib/tkinter/simpledialog.py,5,6,0.0
url,https://github.com/python/cpython/tree/3.13/Lib/tomllib,5,5,0.0
url,https://manpages.debian.org/bind(3tk),5,5,0.0
url,https://manpages.debian.org/setsockopt(2),5,5,0.0
url,https://packaging.python.org/en/latest/glossary/#term-Distribution-Package,5,5,0.0
url,https://peps.python.org/pep-0011/,5,5,0.0
url,https://peps.python.org/pep-0249/,5,5,0.0
url,https://peps.python.org/pep-0567/,5,5,0.0
url,https://peps.python.org/pep-0612/,5,5,0.0
url,https://peps.python.org/pep-0615/,5,5,0.0
url,https://peps.python.org/pep-0647/,5,5,0.0
url,https://peps.python.org/pep-0692/,5,6,0.0
url,https://pkware.cachefly.net/webdocs/casestudies/APPNOTE.TXT,5,5,0.0
url,https://pypi.org/project/legacy-cgi/,5,5,0.0
url,https://pypi.org/project/tzdata/,5,5,0.0
url,https://setuptools.readthedocs.io/en/latest/setuptools.html,5,5,0.0
url,https://tiswww.case.edu/php/chet/readline/rltop.html,5,6,0.0
url,https://www.unicode.org/Public/15.1.0/ucd/NameAliases.txt,5,5,0.0
url,https://bugs.python.org/issue?@action=redirect&bpo=12782,4,4,0.0
url,https://code.activestate.com/recipes/577504-compute-memory-footprint-of-an-object-and-its-cont/,4,4,0.0
url,https://datatracker.ietf.org/doc/html/rfc3986.html,4,4,0.0
url,https://datatracker.ietf.org/doc/html/rfc5322.html,4,4,0.0
url,https://en.wikipedia.org/wiki/Database_transaction,4,4,0.0
url,https://en.wikipedia.org/wiki/Heapsort,4,4,0.0
url,https://github.com/python/cpython/tree/3.13/Lib/abc.py,4,4,0.0
url,https://github.com/python/cpython/tree/3.13/Lib/base64.py,4,4,0.0
url,https://github.com/python/cpython/tree/3.13/Lib/bisect.py,4,5,0.0
url,https://github.com/python/cpython/tree/3.13/Lib/glob.py,4,4,0.0
url,https://github.com/python/cpython/tree/3.13/Lib/json/tool.py,4,4,0.0
url,https://github.com/python/cpython/tree/3.13/Lib/platform.py,4,5,0.0
url,https://github.com/python/cpython/tree/3.13/Lib/struct.py,4,5,0.0
url,https://github.com/python/cpython/tree/3.13/Lib/threading.py,4,4,0.0
url,https://github.com/python/cpython/tree/3.13/Lib/tkinter/dnd.py,4,4,0.0
url,https://github.com/python/cpython/tree/3.13/Lib/unittest/mock.py,4,4,0.0
url,https://github.com/python/cpython/tree/3.13/Lib/urllib/request.py,4,4,0.0
url,https://numpy.org/,4,4,0.0
url,https://peps.python.org/pep-0302/,4,4,0.0
url,https://peps.python.org/pep-0328/,4,4,0.0
url,https://peps.python.org/pep-0387/,4,4,0.0
url,https://peps.python.org/pep-0498/,4,4,0.0
url,https://peps.python.org/pep-0519/,4,4,0.0
url,https://peps.python.org/pep-0616/,4,4,0.0
url,https://peps.python.org/pep-0646/,4,4,0.0
url,https://peps.python.org/pep-0696/,4,4,0.0
url,https://peps.python.org/pep-0744/,4,5,0.0
url,https://peps.python.org/pep-3105/,4,4,0.0
url,https://peps.python.org/pep-3107/,4,4,0.0
url,https://portingguide.readthedocs.io/,4,4,0.0
url,https://pypi.org/project/passlib/,4,4,0.0
url,https://tktable.sourceforge.net/tile/doc/converting.txt,4,5,0.0
url,https://web.archive.org/web/20201215133350/http://www.voidspace.org.uk/python/articles/authentication.shtml,4,5,0.0
url,https://web.archive.org/web/20220531051136/https://webspace.science.uu.nl/~gent0113/calendar/isocalendar.htm,4,4,0.0
url,https://www.activestate.com/products/python/,4,5,0.0
url,https://www.python.org/doc/av/,4,4,0.0
url,https://xkcd.com/936/,4,4,0.0
url,https://yaml.org/,4,4,0.0
url,http://www.saxproject.org/,3,3,0.0
url,https://code.activestate.com/recipes/576707-long-period-random-number-generator/,3,3,0.0
url,https://datatracker.ietf.org/doc/html/rfc822.html,3,3,0.0
url,https://devguide.python.org/setup/#get-the-source-code,3,3,0.0
url,https://en.wikipedia.org/wiki/Arity,3,3,0.0
url,https://en.wikipedia.org/wiki/Error_function,3,3,0.0
url,https://en.wikipedia.org/wiki/Round-robin_scheduling,3,3,0.0
url,https://en.wikipedia.org/wiki/Timsort,3,3,0.0
url,https://en.wikipedia.org/wiki/Universal_binary,3,3,0.0
url,https://github.com/hacl-star/hacl-star/,3,3,0.0
url,https://github.com/pycompression/python-isal,3,3,0.0
url,https://github.com/python/cpython/blob/main/Doc/bugs.rst,3,3,0.0
url,https://github.com/python/cpython/blob/main/Doc/glossary.rst,3,3,0.0
url,https://github.com/python/cpython/blob/main/Doc/library/re.rst,3,3,0.0
url,https://github.com/python/cpython/blob/main/Doc/tutorial/controlflow.rst,3,3,0.0
url,https://github.com/python/cpython/blob/main/Doc/tutorial/interpreter.rst,3,3,0.0
url,https://github.com/python/cpython/tree/3.13/Android/testbed/app/src/main/c/main_activity.c,3,3,0.0
url,https://github.com/python/cpython/tree/3.13/Lib/asyncio/queues.py,3,3,0.0
url,https://github.com/python/cpython/tree/3.13/Lib/asyncio/tasks.py,3,4,0.0
url,https://github.com/python/cpython/tree/3.13/Lib/ftplib.py,3,3,0.0
url,https://github.com/python/cpython/tree/3.13/Lib/graphlib.py,3,3,0.0
url,https://github.com/python/cpython/tree/3.13/Lib/imaplib.py,3,3,0.0
url,https://github.com/python/cpython/tree/3.13/Lib/io.py,3,3,0.0
url,https://github.com/python/cpython/tree/3.13/Lib/lzma.py,3,3,0.0
url,https://github.com/python/cpython/tree/3.13/Lib/signal.py,3,3,0.0
url,https://github.com/python/cpython/tree/3.13/Lib/tkinter/scrolledtext.py,3,4,0.0
url,https://github.com/python/cpython/tree/3.13/Lib/tokenize.py,3,4,0.0
url,https://github.com/python/cpython/tree/3.13/Lib/urllib/parse.py,3,3,0.0
url,https://github.com/python/cpython/tree/3.13/Lib/warnings.py,3,3,0.0
url,https://github.com/python/cpython/tree/3.13/README.rst,3,3,0.0
url,https://importlib-metadata.readthedocs.io/,3,3,0.0
url,https://infozip.sourceforge.net/,3,3,0.0
url,https://invisible-island.net/ncurses/ncurses-intro.html,3,3,0.0
url,https://manpages.debian.org/abort(3),3,3,0.0
url,https://manpages.debian.org/fcntl(2),3,3,0.0
url,https://manpages.debian.org/strftime(3),3,3,0.0
url,https://more-itertools.readthedocs.io/en/stable/api.html#more_itertools.before_and_after,3,3,0.0
url,https://packaging.python.org/installing/,3,3,0.0
url,https://peps.python.org/pep-0011/#tier-3,3,3,0.0
url,https://peps.python.org/pep-0255/,3,3,0.0
url,https://peps.python.org/pep-0292/,3,3,0.0
url,https://peps.python.org/pep-0324/,3,3,0.0
url,https://peps.python.org/pep-0479/,3,3,0.0
url,https://peps.python.org/pep-0529/,3,3,0.0
url,https://peps.python.org/pep-0544/,3,3,0.0
url,https://peps.python.org/pep-0574/,3,3,0.0
url,https://peps.python.org/pep-0593/,3,3,0.0
url,https://peps.python.org/pep-0614/,3,3,0.0
url,https://peps.python.org/pep-0632/,3,3,0.0
url,https://peps.python.org/pep-0635/,3,3,0.0
url,https://peps.python.org/pep-3151/,3,3,0.0
url,https://pypi.org/project/regex/,3,3,0.0
url,https://pypy.org/,3,3,0.0
url,https://sqlite.org/threadsafe.html,3,4,0.0
url,https://wiki.python.org/moin/PythonTestingToolsTaxonomy,3,4,0.0
url,https://www.amazon.com/exec/obidos/ASIN/032133633X,3,4,0.0
url,https://www.cnri.reston.va.us/,3,3,0.0
url,https://www.python.org/downloads/source/,3,3,0.0
