name,visitors,pageviews,bounce_rate,time_on_page
/tr/3/installing/index.html,12,18,73,
/tr/3.12/tutorial/index.html,10,15,67,681.0
/tr/3.13/tutorial/index.html,10,10,0,10.6
/tr/3/tutorial/index.html,9,12,40,18.666666666666668
/tr/3.13/,7,9,100,11.166666666666666
/tr/3.13/tutorial/interpreter.html,6,6,100,13.0
/tr/3/tutorial/inputoutput.html,5,6,100,
/tr/3.13/search.html,4,5,0,17.2
/tr/3/,4,7,25,14.5
/tr/3/tutorial/,4,6,50,27.0
/tr/3.13/index.html,2,3,0,4.666666666666667
/tr/3.13/tutorial/appetite.html,2,2,0,6.0
/tr/3.13/tutorial/classes.html,2,3,100,6.0
/tr/3.13/using/windows.html,2,3,0,26.0
/tr/3.13/whatsnew/3.13.html,2,2,0,1.5
/tr/3.14/tutorial/controlflow.html,2,4,100,383.0
/tr/3.14/tutorial/datastructures.html,2,3,100,13.0
/tr/3.14/tutorial/index.html,2,4,0,549.0
/tr/3.14/tutorial/introduction.html,2,3,50,1920.0
/tr/3/howto/sorting.html,2,2,100,
/tr/3/tutorial/appetite.html,2,3,0,1595.0
/tr/3/tutorial/classes.html,2,2,100,
/tr/3/tutorial/introduction.html,2,5,50,32.0
/tr/3.12/,1,1,0,7.0
/tr/3.12/library/glob.html,1,1,0,
/tr/3.12/library/python.html,1,1,100,
/tr/3.12/reference/introduction.html,1,2,0,5.0
/tr/3.12/search.html,1,1,0,5.0
/tr/3.12/tutorial/inputoutput.html,1,1,0,21.0
/tr/3.12/tutorial/interpreter.html,1,1,0,48.0
/tr/3.12/tutorial/modules.html,1,1,0,6.0
/tr/3.13/library/functions.html,1,1,0,11.0
/tr/3.13/library/index.html,1,1,0,13.0
/tr/3.13/library/intro.html,1,1,0,13.0
/tr/3.13/library/operator.html,1,1,100,
/tr/3.13/library/socket.html,1,1,0,8.0
/tr/3.13/library/stdtypes.html,1,1,100,
/tr/3.13/library/turtle.html,1,1,0,6.0
/tr/3.13/library/urllib.html,1,2,0,3.0
/tr/3.13/library/urllib.request.html,1,1,0,5.0
/tr/3.13/py-modindex.html,1,1,0,57.0
/tr/3.13/reference/introduction.html,1,1,0,17.0
/tr/3.13/tutorial/,1,1,0,
/tr/3.13/tutorial/controlflow.html,1,1,100,
/tr/3.13/tutorial/modules.html,1,1,0,
/tr/3.13/using/cmdline.html,1,1,0,6.0
/tr/3.13/using/index.html,1,2,0,10.0
/tr/3.13/using/unix.html,1,1,0,
/tr/3.13/whatsnew/index.html,1,2,0,1.5
/tr/3.14/,1,2,0,6.0
/tr/3.14/download.html,1,1,0,
/tr/3.14/howto/sorting.html,1,1,100,
/tr/3.14/tutorial/appendix.html,1,1,0,21.0
/tr/3.14/tutorial/appetite.html,1,2,0,461.5
/tr/3.14/tutorial/classes.html,1,1,0,4.0
/tr/3.14/tutorial/interpreter.html,1,2,0,1705.0
/tr/3.14/whatsnew/changelog.html,1,1,0,46.0
/tr/3/glossary.html,1,1,0,12.0
/tr/3/index.html,1,1,0,1328.0
/tr/3/library/stdtypes.html,1,1,0,77.0
/tr/3/reference/compound_stmts.html,1,1,0,32.0
/tr/3/reference/datamodel.html,1,1,0,1222.0
/tr/3/tutorial/controlflow.html,1,1,100,
/tr/3/tutorial/datastructures.html,1,1,100,
/tr/3/tutorial/interpreter.html,1,1,0,20.0
/tr/3/tutorial/modules.html,1,1,0,69.0
/tr/3/whatsnew/3.13.html,1,1,0,18.0
