name,visitors
India,74991
China,49228
United States,43506
Russian Federation,19020
Japan,14826
Brazil,13295
Turkey,11525
Germany,11392
Vietnam,11163
South Korea,10154
United Kingdom,9398
France,9193
Indonesia,7315
Hong Kong,7073
Pakistan,6249
Taiwan,6008
Spain,5635
Canada,5597
Italy,5260
Singapore,5203
Poland,5153
Mexico,5043
Egypt,4992
Iran,4778
Netherlands,4578
Ukraine,4424
Thailand,3661
Philippines,3549
Colombia,3217
Saudi Arabia,2835
Morocco,2781
Bangladesh,2652
Peru,2649
Australia,2639
Argentina,2547
Uzbekistan,2372
Kazakhstan,2302
Algeria,2298
Nigeria,2203
Malaysia,2178
Chile,1886
Sweden,1803
Switzerland,1594
Nepal,1538
South Africa,1510
Portugal,1489
United Arab Emirates,1385
Sri Lanka,1381
Austria,1371
Belgium,1313
Czechia,1289
Ecuador,1286
Romania,1266
Iraq,1263
Finland,1201
Israel,1200
Kenya,1135
Greece,1095
Hungary,1039
Tunisia,978
Norway,955
Belarus,872
Azerbaijan,870
Cambodia,805
Ireland,804
Kyrgyzstan,764
Croatia,737
Denmark,708
Ethiopia,699
Ghana,665
Serbia,661
Bulgaria,650
Venezuela,592
Dominican Republic,568
Uganda,568
Bolivia,550
Tanzania,538
Latvia,534
Jordan,495
Myanmar,475
New Zealand,466
Cameroon,463
Slovakia,460
Lithuania,456
Yemen,423
"Congo, The Democratic Republic of the",405
Côte d'Ivoire,356
Lebanon,339
Moldova,339
Georgia,330
Senegal,318
El Salvador,306
Costa Rica,302
Slovenia,299
Syria,299
Oman,285
Mongolia,273
Zimbabwe,272
Estonia,265
Uruguay,247
Qatar,241
Guatemala,238
"Palestine, State of",235
Zambia,226
Armenia,225
Madagascar,224
Cyprus,222
Libya,214
Sudan,211
Paraguay,201
Angola,197
Kuwait,195
Panama,185
Tajikistan,185
Bosnia and Herzegovina,182
Albania,172
Honduras,158
Rwanda,156
Benin,148
Burkina Faso,147
Somalia,145
Macao,141
Togo,140
Afghanistan,132
Cuba,129
Kosovo,128
Mozambique,115
Mauritius,113
Puerto Rico,106
North Macedonia,104
Jamaica,100
Seychelles,100
Luxembourg,98
Malawi,98
Bahrain,96
Congo,93
Nicaragua,90
Trinidad and Tobago,82
Mali,76
Haiti,74
Laos,70
Guinea,69
Iceland,67
Maldives,62
Réunion,56
Botswana,54
Malta,52
Sierra Leone,52
Montenegro,48
Gabon,47
Mauritania,44
Niger,44
Namibia,43
Guadeloupe,42
Burundi,41
Liechtenstein,35
Martinique,34
Chad,34
South Sudan,29
Eswatini,26
Brunei Darussalam,22
Bhutan,22
Guyana,22
Lesotho,22
Gambia,19
French Polynesia,19
Papua New Guinea,18
Andorra,17
Cabo Verde,17
Isle of Man,17
Barbados,15
Djibouti,15
Liberia,15
Jersey,14
Cayman Islands,14
Timor-Leste,13
Faroe Islands,12
"Virgin Islands, British",12
Bahamas,11
Belize,11
Gibraltar,11
Guernsey,10
Saint Lucia,10
Fiji,9
Guam,9
French Guiana,8
Equatorial Guinea,8
Bermuda,7
Guinea-Bissau,7
New Caledonia,7
Suriname,7
Sao Tome and Principe,6
Mayotte,6
Curaçao,5
Saint Kitts and Nevis,4
Turks and Caicos Islands,4
Saint Vincent and the Grenadines,4
"Bonaire, Sint Eustatius and Saba",3
Grenada,3
San Marino,3
"Virgin Islands, U.S.",3
American Samoa,2
Aruba,2
Central African Republic,2
Dominica,2
Monaco,2
Solomon Islands,2
Turkmenistan,2
Vanuatu,2
Åland Islands,1
Eritrea,1
British Indian Ocean Territory,1
Northern Mariana Islands,1
Sint Maarten (Dutch part),1
