property,value,visitors,events,percentage
url,(none),23054,29388,99.6
url,https://www.python.org/,182,199,0.8
url,https://github.com/python/peps/blob/main/peps/pep-0664.rst,143,157,0.6
url,https://github.com/python/peps/blob/main/peps/pep-0619.rst,134,137,0.6
url,https://github.com/python/peps/blob/main/peps/pep-0719.rst,98,105,0.4
url,https://github.com/python/peps/blob/main/peps/pep-0745.rst,71,76,0.3
url,https://github.com/python/peps/blob/main/peps/pep-0596.rst,66,77,0.3
url,https://github.com/python/peps/blob/main/peps/pep-0693.rst,64,67,0.3
url,https://github.com/python/peps/blob/main/peps/pep-0569.rst,26,30,0.1
url,https://packaging.python.org/en/latest/specifications/pylock-toml/#pylock-toml-spec,24,25,0.1
url,https://docs.python.org/3.12/whatsnew/3.12.html,23,23,0.1
url,https://packaging.python.org/en/latest/specifications/,16,16,0.1
url,https://packaging.python.org/en/latest/specifications/inline-script-metadata/#inline-script-metadata,16,17,0.1
url,https://typing.python.org/en/latest/spec/protocol.html#protocols,16,17,0.1
url,https://typing.python.org/en/latest/spec/typeddict.html#typeddict,16,16,0.1
url,https://packaging.python.org/en/latest/specifications/version-specifiers/#version-specifiers,15,19,0.1
url,https://typing.python.org/en/latest/spec/directives.html#deprecated,14,14,0.1
url,https://docs.python.org/3/library/stdtypes.html#types-genericalias,11,12,0.0
url,https://github.com/python/peps/blob/main/peps/pep-0020.rst,11,12,0.0
url,https://typing.python.org/en/latest/spec/class-compat.html#override,11,11,0.0
url,https://discuss.python.org/t/pep-596-python-3-9-release-schedule-doubling-the-release-cadence/1828,10,10,0.0
url,https://github.com/python/peps/blob/main/peps/pep-0008.rst,10,10,0.0
url,https://packaging.python.org/en/latest/specifications/dependency-specifiers/#dependency-specifiers,10,10,0.0
url,https://groups.google.com/d/msg/comp.lang.python/B_VxeTBClM0/L8W9KlsiriUJ,9,9,0.0
url,https://typing.python.org/en/latest/spec/,9,9,0.0
url,https://www.youtube.com/watch?v=FByM0r-VOLc,7,7,0.0
url,http://barry.warsaw.us/software/STYLEGUIDE.txt,6,7,0.0
url,https://docs.djangoproject.com/en/5.1/ref/utils/#django.utils.html.format_html,6,6,0.0
url,https://docs.python.org/3.11/whatsnew/3.11.html#faster-cpython,6,6,0.0
url,https://docs.python.org/3/library/stdtypes.html#types-union,6,7,0.0
url,https://github.com/python/peps/blob/main/peps/pep-0738.rst,6,7,0.0
url,https://github.com/python/peps/commits/main/peps/pep-0719.rst,6,6,0.0
url,https://mail.python.org/pipermail/python-dev/2012-June/120505.html,6,6,0.0
url,https://packaging.python.org/en/latest/specifications/pyproject-toml/#pyproject-toml-spec,6,7,0.0
url,https://typing.python.org/en/latest/spec/meta.html,6,6,0.0
url,https://typing.python.org/en/latest/spec/narrowing.html#typeis,6,6,0.0
url,https://docs.python.org/3/library/exceptions.html#lib-exception-groups,5,5,0.0
url,https://github.com/python/peps,5,8,0.0
url,https://github.com/python/peps/blob/main/peps/pep-0257.rst,5,6,0.0
url,https://mail.python.org/archives/list/python-dev@python.org/thread/BO2TQHSXWL2RJMINWQQRBF5LANDDJNHH/,5,5,0.0
url,https://packaging.python.org/en/latest/specifications/core-metadata/#core-metadata,5,5,0.0
url,https://typing.python.org/en/latest/spec/literal.html#literal-types,5,6,0.0
url,http://www.wikipedia.com/wiki/Camel_case,4,4,0.0
url,https://docs.python.org/3/library/typing.html#typing.Protocol,4,4,0.0
url,https://docs.python.org/3/reference/compound_stmts.html#match,4,4,0.0
url,https://docs.python.org/3/reference/simple_stmts.html#annassign,4,4,0.0
url,https://docs.python.org/3/using/android.html#using-android,4,4,0.0
url,https://docs.python.org/3/using/ios.html#using-ios,4,4,0.0
url,https://github.com/python/peps/blob/main/peps/pep-0602.rst,4,4,0.0
url,https://github.com/python/peps/blob/main/peps/pep-0790.rst,4,5,0.0
url,https://github.com/python/peps/commits/main/peps/pep-0664.rst,4,5,0.0
url,https://github.com/python/peps/commits/main/peps/pep-0693.rst,4,4,0.0
url,https://github.com/python/peps/commits/main/peps/pep-0745.rst,4,4,0.0
url,https://mail.python.org/archives/list/distutils-sig@python.org/,4,4,0.0
url,https://packaging.python.org/en/latest/specifications/dependency-groups/#dependency-groups,4,4,0.0
url,https://typing.python.org/en/latest/spec/distributing.html#packaging-typed-libraries,4,4,0.0
url,https://typing.python.org/en/latest/spec/generics.html#paramspec,4,5,0.0
url,https://typing.python.org/en/latest/spec/generics.html#typevartuple,4,4,0.0
url,https://typing.python.org/en/latest/spec/narrowing.html#typeguard,4,4,0.0
url,https://www.pypa.io/en/latest/specifications/#handling-fixes-and-other-minor-updates,4,5,0.0
url,https://discuss.python.org/t/pep-690-lazy-imports-again/19661/26,3,3,0.0
url,https://discuss.python.org/t/pep-703-making-the-global-interpreter-lock-optional-in-cpython-acceptance/37075,3,3,0.0
url,https://docs.python.org/3.14/reference/compound_stmts.html#finally,3,3,0.0
url,https://docs.python.org/3/glossary.html#term-reference-count,3,3,0.0
url,https://docs.python.org/3/library/typing.html#typing.Self,3,3,0.0
url,https://docs.python.org/3/reference/datamodel.html#object.__class_getitem__,3,3,0.0
url,https://docs.python.org/3/tutorial/errors.html#tut-exception-groups,3,3,0.0
url,https://github.com/python/peps/commits/main/peps/pep-0569.rst,3,3,0.0
url,https://github.com/python/peps/commits/main/peps/pep-0596.rst,3,3,0.0
url,https://github.com/python/peps/commits/main/peps/pep-0619.rst,3,3,0.0
url,https://mail.python.org/archives/list/python-dev@python.org/thread/VQKDIZLZ6HF2MLTNCUFURK2IFTXVQEYA/,3,3,0.0
url,https://packaging.python.org/en/latest/discussions/single-source-version/#single-source-version,3,3,0.0
url,https://packaging.python.org/en/latest/specifications/binary-distribution-format/#binary-distribution-format,3,3,0.0
url,https://packaging.python.org/specifications/core-metadata/,3,3,0.0
url,https://pypi.org/project/pdm/,3,3,0.0
url,https://setuptools.readthedocs.io/en/latest/setuptools.html#metadata,3,3,0.0
url,https://typing.python.org/en/latest/spec/generics.html#self,3,3,0.0
url,https://typing.python.org/en/latest/spec/generics.html#type-parameter-defaults,3,3,0.0
url,https://www.unicode.org/reports/tr31/,3,3,0.0
url,http://code.activestate.com/recipes/498072/,2,2,0.0
url,http://docutils.sourceforge.net/docs/ref/rst/introduction.html,2,2,0.0
url,http://docutils.sourceforge.net/docs/user/rst/quickref.html,2,2,0.0
url,http://docutils.sourceforge.net/rst.html,2,2,0.0
url,http://java.sun.com/j2se/1.5.0/docs/api/java/util/concurrent/package-summary.html,2,2,0.0
url,http://peak.telecommunity.com/DevCenter/EasyInstall#creating-a-virtual-python,2,2,0.0
url,http://www.python.org/topics/database/,2,2,0.0
url,http://www.tiobe.com/index.php/content/paperinfo/tpci/index.html,2,2,0.0
url,https://bugs.python.org/issue33684,2,2,0.0
url,https://bugs.python.org/issue36144,2,2,0.0
url,https://cournape.github.io/Bento/,2,2,0.0
url,https://devguide.python.org/devcycle/,2,2,0.0
url,https://discuss.python.org/t/71594,2,2,0.0
url,https://discuss.python.org/t/84319,2,2,0.0
url,https://discuss.python.org/t/pep-649-deferred-evaluation-of-annotations-tentatively-accepted/21331/,2,2,0.0
url,https://discuss.python.org/t/pep-649-deferred-evaluation-of-annotations-tentatively-accepted/21331/43,2,2,0.0
url,https://discuss.python.org/t/pep-749-implementing-pep-649/54974/66,2,2,0.0
url,https://discuss.python.org/t/pep-768-safe-external-debugger-interface-for-cpython/73969/57,2,2,0.0
url,https://docs.python.org/3.13/library/typing.html#typing.TypeIs,2,2,0.0
url,https://docs.python.org/3.13/library/warnings.html#warnings.deprecated,2,2,0.0
url,https://docs.python.org/3/c-api/call.html#vectorcall,2,2,0.0
url,https://docs.python.org/3/library/string.html#formatstrings,2,2,0.0
url,https://docs.python.org/3/library/string.html#template-strings,2,2,0.0
url,https://docs.python.org/3/library/subprocess.html#subprocess.Popen,2,2,0.0
url,https://docs.python.org/3/library/typing.html#typing.TypeVarTuple,2,2,0.0
url,https://docs.python.org/3/library/typing.html#typing.dataclass_transform,2,2,0.0
url,https://docs.python.org/3/library/typing.html#typing.override,2,2,0.0
url,https://docs.python.org/3/reference/datamodel.html#customizing-module-attribute-access,2,2,0.0
url,https://docs.python.org/3/reference/grammar.html#full-grammar-specification,2,3,0.0
url,https://docs.python.org/3/whatsnew/3.11.html#whatsnew311-pep659,2,2,0.0
url,https://en.wikipedia.org/wiki/Covariance_and_contravariance_%28computer_science%29,2,2,0.0
url,https://en.wikipedia.org/wiki/Hygienic_macro,2,2,0.0
url,https://en.wikipedia.org/wiki/SQL_injection,2,2,0.0
url,https://github.com/benfogle/crossenv,2,2,0.0
url,https://github.com/davepeck/pep750-examples,2,2,0.0
url,https://github.com/davepeck/pep750-examples/,2,2,0.0
url,https://github.com/faster-cpython/tools/blob/main/scripts/download_packages.py,2,2,0.0
url,https://github.com/gvanrossum/patma/tree/master/examples,2,2,0.0
url,https://github.com/jviide/tagged,2,2,0.0
url,https://github.com/python/cpython/blob/main/Python/specialize.c,2,2,0.0
url,https://github.com/python/cpython/issues/115802,2,2,0.0
url,https://github.com/python/cpython/issues/81276,2,2,0.0
url,https://github.com/python/cpython/pull/30441,2,2,0.0
url,https://github.com/python/peps/blob/main/peps/pep-0001.rst,2,2,0.0
url,https://github.com/python/peps/blob/main/peps/pep-0007.rst,2,2,0.0
url,https://github.com/python/peps/blob/main/peps/pep-0011.rst,2,2,0.0
url,https://github.com/python/peps/blob/main/peps/pep-0160.rst,2,2,0.0
url,https://github.com/python/peps/blob/main/peps/pep-0397.rst,2,2,0.0
url,https://github.com/python/peps/blob/main/peps/pep-0434.rst,2,2,0.0
url,https://github.com/python/peps/blob/main/peps/pep-0484.rst,2,2,0.0
url,https://github.com/python/peps/blob/main/peps/pep-0494.rst,2,2,0.0
url,https://github.com/python/peps/blob/main/peps/pep-0537.rst,2,2,0.0
url,https://github.com/python/peps/blob/main/peps/pep-0585.rst,2,2,0.0
url,https://github.com/python/peps/blob/main/peps/pep-0623.rst,2,2,0.0
url,https://github.com/python/peps/blob/main/peps/pep-0634.rst,2,3,0.0
url,https://github.com/python/peps/blob/main/peps/pep-0655.rst,2,5,0.0
url,https://github.com/python/peps/blob/main/peps/pep-0703.rst,2,2,0.0
url,https://github.com/python/typeshed,2,2,0.0
url,https://github.com/takluyver/flit,2,2,0.0
url,https://groups.csail.mit.edu/mac/ftpdir/scheme-reports/r5rs-html/r5rs_8.html#SEC50,2,2,0.0
url,https://mail.python.org/archives/list/python-dev@python.org/thread/KE7OS4PZASZMFTW2FP2MWZU5R4Q2QZKU/,2,2,0.0
url,https://mail.python.org/archives/list/python-dev@python.org/thread/T7WTUJ6TD3IGYGWV3M4PHJWNLM2WPZAW/,2,2,0.0
url,https://mail.python.org/mailman/listinfo/csv,2,2,0.0
url,https://mail.python.org/mailman/listinfo/doc-sig,2,2,0.0
url,https://mail.python.org/pipermail/import-sig/,2,2,0.0
url,https://mail.python.org/pipermail/python-dev/2015-May/140104.html,2,2,0.0
url,https://mail.python.org/pipermail/python-dev/2018-July/154601.html,2,2,0.0
url,https://packaging.python.org/en/latest/specifications/externally-managed-environments/#externally-managed-environments,2,2,0.0
url,https://packaging.python.org/glossary/#term-Distribution-Package,2,2,0.0
url,https://packaging.python.org/specifications/core-metadata/#license,2,2,0.0
url,https://pypi.org/project/Exscript/,2,2,0.0
url,https://pypi.python.org/pypi/parsley/,2,3,0.0
url,https://spdx.dev/ids/,2,2,0.0
url,https://typing.python.org/en/latest/spec/callables.html#unpack-kwargs,2,2,0.0
url,https://typing.python.org/en/latest/spec/dataclasses.html#dataclass-transform,2,2,0.0
url,https://typing.python.org/en/latest/spec/generics.html#variance-inference,2,2,0.0
url,https://typing.python.org/en/latest/spec/typeddict.html#required-notrequired,2,2,0.0
url,https://web.archive.org/web/20081016132748/http://www.dcl.hpi.uni-potsdam.de/home/loewis/table-3131.html,2,2,0.0
url,http://bugs.python.org/issue28003,1,1,0.0
url,http://bugs.python.org/issue4136,1,1,0.0
url,http://bugs.python.org/issue652586,1,1,0.0
url,http://docbook.org/tdg/en/html/docbook.html,1,1,0.0
url,http://docs.python.org/3/library/functions.html#func-range,1,1,0.0
url,http://docs.python.org/dev/packaging/setupscript.html,1,1,0.0
url,http://docs.python.org/library/imputil.html,1,1,0.0
url,http://docs.python.org/library/string.html#string.Template,1,1,0.0
url,http://docs.python.org/reference/compound_stmts.html#for,1,1,0.0
url,http://docutils.sourceforge.net/mirror/setext.html,1,1,0.0
url,http://hg.python.org/features/pep-420,1,1,0.0
url,http://legacy.python.org/doc/essays/ppt/regrets/PythonRegrets.pdf,1,1,0.0
url,http://linux.die.net/man/2/execve,1,1,0.0
url,http://mypy-lang.org/,1,1,0.0
url,http://pip.readthedocs.org/en/stable/,1,1,0.0
url,http://pypi.python.org/,1,1,0.0
url,http://pypi.python.org/pypi/gp.fileupload/,1,1,0.0
url,http://pypi.python.org/pypi/pathlib/,1,1,0.0
url,http://sourceforge.net/patch/download.php?id=101129,1,1,0.0
url,http://sourceforge.net/patch/download.php?id=101138,1,2,0.0
url,http://starship.python.net/crew/da/proposals/richcmp.html,1,1,0.0
url,http://svn.python.org/view/python/trunk/Lib/decimal.py,1,1,0.0
url,http://svn.python.org/view/python/trunk/Lib/test/test_decimal.py,1,1,0.0
url,http://www.mems-exchange.org/software/quixote/,1,1,0.0
url,http://www.python.org/pypi,1,1,0.0
url,http://www.snarky.ca/why-pathlib-path-doesn-t-inherit-from-str,1,2,0.0
url,http://www.stackless.com/,1,1,0.0
url,http://www.syllable.org/discussion.php?id=2320,1,1,0.0
url,http://www.zope.org/DevHome/Members/jim/StructuredTextWiki/FrontPage,1,1,0.0
url,https://beeware.org/,1,1,0.0
url,https://bitbucket.org/vinay.sajip/pylauncher,1,1,0.0
url,https://briefcase.readthedocs.org/,1,1,0.0
url,https://bugs.python.org/issue526840,1,2,0.0
url,https://bugs.python.org/issue834422,1,1,0.0
url,https://buildbot.python.org/all/#/builders?tags=%2B3.x&tags=%2Btier-3,1,1,0.0
url,https://cellprofiler.org/,1,1,0.0
url,https://chaquo.com/chaquopy/,1,1,0.0
url,https://chaquo.com/pypi-13.1/,1,1,0.0
url,https://code.google.com/archive/p/pynie/,1,1,0.0
url,https://datatracker.ietf.org/doc/html/rfc2119.html,1,1,0.0
url,https://developer.apple.com/documentation/apple-silicon/porting-just-in-time-compilers-to-apple-silicon#Enable-the-JIT-Entitlement-for-the-Hardened-Runtime,1,1,0.0
url,https://discuss.python.org/c/packaging/,1,1,0.0
url,https://discuss.python.org/c/peps/,1,1,0.0
url,https://discuss.python.org/t/13508,1,1,0.0
url,https://discuss.python.org/t/19583/42,1,1,0.0
url,https://discuss.python.org/t/26127/86,1,1,0.0
url,https://discuss.python.org/t/27957,1,1,0.0
url,https://discuss.python.org/t/31151/15,1,1,0.0
url,https://discuss.python.org/t/40418/82,1,1,0.0
url,https://discuss.python.org/t/43432/222,1,1,0.0
url,https://discuss.python.org/t/53020,1,1,0.0
url,https://discuss.python.org/t/71594/130,1,1,0.0
url,https://discuss.python.org/t/76308,1,1,0.0
url,https://discuss.python.org/t/76308/112,1,1,0.0
url,https://discuss.python.org/t/77900/180,1,2,0.0
url,https://discuss.python.org/t/78548/,1,1,0.0
url,https://discuss.python.org/t/85728,1,1,0.0
url,https://discuss.python.org/t/87377,1,1,0.0
url,https://discuss.python.org/t/87377/138,1,1,0.0
url,https://discuss.python.org/t/89863,1,1,0.0
url,https://discuss.python.org/t/accepting-pep-654-exception-groups-and-except/10813,1,1,0.0
url,https://discuss.python.org/t/how-to-specify-dependencies-pep-508-strings-or-a-table-in-toml/5243/38,1,1,0.0
url,https://discuss.python.org/t/pep-2026-calendar-versioning-for-python/55782/126,1,1,0.0
url,https://discuss.python.org/t/pep-570-python-positional-only-parameters/1078,1,1,0.0
url,https://discuss.python.org/t/pep-582-python-local-packages-directory/963/430,1,1,0.0
url,https://discuss.python.org/t/pep-602-annual-release-cycle-for-python/2296/,1,1,0.0
url,https://discuss.python.org/t/pep-621-round-3/5472,1,1,0.0
url,https://discuss.python.org/t/pep-621-round-3/5472/109,1,1,0.0
url,https://discuss.python.org/t/pep-649-deferred-evaluation-of-annotations-tentatively-accepted/21331/44,1,1,0.0
url,https://discuss.python.org/t/pep-657-include-fine-grained-error-locations-in-tracebacks/8629,1,1,0.0
url,https://discuss.python.org/t/pep-696-type-defaults-for-typevarlikes/22569/34,1,1,0.0
url,https://discuss.python.org/t/pep-734-multiple-interpreters-in-the-stdlib/41147/24,1,1,0.0
url,https://discuss.python.org/t/pep-738-adding-android-as-a-supported-platform/40975,1,1,0.0
url,https://discuss.python.org/t/pep-738-adding-android-as-a-supported-platform/40975/23,1,1,0.0
url,https://discuss.python.org/t/pep-744-jit-compilation/50756,1,1,0.0
url,https://discuss.python.org/t/proposed-new-typing-governance-process/34244,1,1,0.0
url,https://discuss.python.org/t/steering-council-nomination-barry-warsaw/629,1,1,0.0
url,https://discuss.python.org/t/steering-council-nomination-lukasz-langa/660,1,1,0.0
url,https://discuss.python.org/t/steering-council-nomination-mariatta-2025-term/71950,1,1,0.0
url,https://discuss.python.org/t/steering-council-nomination-thomas-wouters-2025-term/71792,1,1,0.0
url,https://discuss.python.org/t/steering-council-nominations-barry-warsaw-2025-term/71732/,1,1,0.0
url,https://discuss.python.org/t/two-polls-on-how-to-revise-pep-649/23628,1,1,0.0
url,https://docs.github.com/en/repositories/managing-your-repositorys-settings-and-features/customizing-your-repository/about-code-owners,1,1,0.0
url,https://docs.oracle.com/javase/8/docs/api/java/util/zip/package-summary.html,1,1,0.0
url,https://docs.python.org/3.10/reference/grammar.html,1,1,0.0
url,https://docs.python.org/3.12/library/sunau.html#module-sunau,1,1,0.0
url,https://docs.python.org/3.12/library/telnetlib.html#module-telnetlib,1,1,0.0
url,https://docs.python.org/3.13/glossary.html#term-optimized-scope,1,1,0.0
url,https://docs.python.org/3/c-api/index.html,1,1,0.0
url,https://docs.python.org/3/c-api/init.html#sub-interpreter-support,1,1,0.0
url,https://docs.python.org/3/c-api/veryhigh.html?highlight=pyframeobject#c.PyEval_EvalFrameEx,1,1,0.0
url,https://docs.python.org/3/library/abc.html,1,1,0.0
url,https://docs.python.org/3/library/atexit.html#atexit.register,1,1,0.0
url,https://docs.python.org/3/library/audit_events.html#audit-events,1,1,0.0
url,https://docs.python.org/3/library/distutils.html#module-distutils,1,1,0.0
url,https://docs.python.org/3/library/stdtypes.html#printf-style-string-formatting,1,1,0.0
url,https://docs.python.org/3/library/string.html#format-specification-mini-language,1,1,0.0
url,https://docs.python.org/3/library/string.html#formatspec,1,1,0.0
url,https://docs.python.org/3/library/subprocess.html#module-subprocess,1,1,0.0
url,https://docs.python.org/3/library/tarfile.html#tarfile-extraction-filter,1,1,0.0
url,https://docs.python.org/3/library/typing.html#typing.ParamSpec,1,2,0.0
url,https://docs.python.org/3/library/typing.html#typing.TypeAlias,1,1,0.0
url,https://docs.python.org/3/library/typing.html#typing.TypeGuard,1,1,0.0
url,https://docs.python.org/3/library/typing.html#typing.TypedDict,1,1,0.0
url,https://docs.python.org/3/reference/datamodel.html#python-buffer-protocol,1,1,0.0
url,https://docs.python.org/3/tutorial/errors.html#tut-cleanup,1,1,0.0
url,https://docs.python.org/using/windows.html,1,1,0.0
url,https://docs.sigstore.dev/,1,1,0.0
url,https://en.wikipedia.org/wiki/Cross-site_scripting,1,1,0.0
url,https://en.wikipedia.org/wiki/Don%27t_repeat_yourself,1,1,0.0
url,https://en.wikipedia.org/wiki/Open_Sound_System#History,1,1,0.0
url,https://en.wikipedia.org/wiki/Tz_database,1,1,0.0
url,https://facebook.github.io/zstd/,1,1,0.0
url,https://facebook.github.io/zstd/#references,1,1,0.0
url,https://fedoraproject.org/wiki/Changes/python3_c.utf-8_locale,1,1,0.0
url,https://forums.swift.org/t/rfc-moving-swiftnio-ssl-to-boringssl/18280,1,1,0.0
url,https://gist.github.com/savannahostrowski/c66ac62267e626d82aafa27939468e30,1,1,0.0
url,https://github.com/DasIch/brownie/blob/HEAD/brownie/datastructures/mappings.py,1,1,0.0
url,https://github.com/Dormouse759/cpython/tree/pep-c-rebase_newer,1,1,0.0
url,https://github.com/Gobot1234/cpython/tree/function-subscript,1,1,0.0
url,https://github.com/PyCQA/flake8-bugbear,1,1,0.0
url,https://github.com/Rogdham/pyzstd,1,1,0.0
url,https://github.com/Rosuav/cpython/tree/assignment-expressions,1,1,0.0
url,https://github.com/apache/arrow/pull/2210,1,1,0.0
url,https://github.com/astral-sh/uv,1,1,0.0
url,https://github.com/bloomberg/memray/blob/main/src/memray/_memray/inject.cpp,1,1,0.0
url,https://github.com/ceph/ceph/pull/14971,1,1,0.0
url,https://github.com/davepeck/pep750-examples/blob/main/pep/fstring.py,1,1,0.0
url,https://github.com/dropbox/pyxl,1,1,0.0
url,https://github.com/elpython/elpython-meta/blob/master/README.md,1,1,0.0
url,https://github.com/emmatyping/pep-561,1,1,0.0
url,https://github.com/ericvsmith/dataclasses/issues/28,1,1,0.0
url,https://github.com/lidatong/dataclasses-json,1,1,0.0
url,https://github.com/microsoft/debugpy/blob/43f41029eabce338becbd1fa1a09727b3cfb1140/src/debugpy/_vendored/pydevd/pydevd_attach_to_process/linux_and_mac/attach.cpp#L4,1,1,0.0
url,https://github.com/microsoft/pyright/blob/main/packages/pyright-internal/src/analyzer/dataClasses.ts,1,1,0.0
url,https://github.com/pypa/packaging.python.org/pull/682,1,1,0.0
url,https://github.com/python-trio/trio/issues/611,1,1,0.0
url,https://github.com/python/cpython/blob/main/Python/bytecodes.c,1,1,0.0
url,https://github.com/python/cpython/issues,1,1,0.0
url,https://github.com/python/cpython/issues/115103,1,1,0.0
url,https://github.com/python/cpython/issues/43535,1,1,0.0
url,https://github.com/python/cpython/issues/58935,1,1,0.0
url,https://github.com/python/cpython/issues/85034,1,1,0.0
