name,visitors
Guangdong,703
Shanghai,384
Beijing,370
Zhejiang,242
Jiangsu,222
California,210
Tokyo,182
Sichuan,166
Shandong,150
Henan,124
Hubei,106
Shaanxi,87
Fujian,75
Hunan,67
Anhui,62
Tianjin,53
Hebei,45
Kwai Tsing New Territories,44
Washington,39
Guizhou,37
Liaoning,35
Chongqing,30
Yamaguchi,28
Taipei,28
New South Wales,26
Shanxi,21
Osaka,21
Kowloon City Kowloon,19
Yunnan,16
Hesse,16
Wan Chai Hong Kong Island,16
England,15
Seoul,15
Ontario,14
Central and Western Hong Kong Island,14
Jiangxi,13
Changhua,13
Guangxi,10
Taichung,10
Gansu,9
Selangor,9
Kuala Lumpur,9
Karnataka,8
Aichi,8
New Taipei,8
Oregon,8
Texas,8
Tsuen Wan New Territories,7
Kanagawa,7
South Holland,7
Stockholm,7
Taoyuan,6
Victoria,5
Quebec,5
Heilongjiang,5
Inner Mongolia,5
Eastern Hong Kong Island,5
Johor,5
North Holland,5
Auckland,5
Metro Manila,5
Hsinchu County,5
Hsinchu,5
Nantou,5
New Jersey,5
Nevada,5
Bavaria,4
Île-de-France,4
Sha Tin New Territories,4
Kaohsiung,4
Tainan,4
Florida,4
New York,4
Utah,4
Virginia,4
Alberta,3
British Columbia,3
North Rhine-Westphalia,3
Peloponnese,3
Kwun Tong Kowloon,3
Phnom Penh,3
Incheon,3
Gangwon,3
Ciudad de Mexico,3
Moscow,3
Queensland,2
South Australia,2
Western Australia,2
Minas Gerais,2
Pernambuco,2
Xinjiang,2
Prague,2
Berlin,2
Baden-Württemberg,2
Capital Region,2
Harjumaa,2
Sai Kung New Territories,2
Gunma,2
Saitama,2
Chiba,2
Vientiane,2
Punjab,2
Mazovia,2
Chiang Mai,2
Hualien,2
Keelung,2
Miaoli,2
Arizona,2
Illinois,2
North Carolina,2
Ho Chi Minh City,2
Dubai,1
Buenos Aires,1
Espírito Santo,1
Geneva,1
Jilin,1
Lower Saxony,1
Pirkanmaa,1
Uusimaa,1
Southwest Finland,1
Scotland,1
Yau Tsim Mong Kowloon,1
Jakarta,1
Maharashtra,1
West Bengal,1
Piedmont,1
Lombardy,1
Lazio,1
Gifu,1
Oita,1
Meknès-Tafilalet,1
Ulaanbaatar,1
Malacca,1
Utrecht,1
Vladimir,1
Västra Götaland,1
Bangkok,1
Nonthaburi,1
Kyiv,1
Connecticut,1
Iowa,1
Massachusetts,1
Maryland,1
Michigan,1
New Mexico,1
Ohio,1
Oklahoma,1
Rhode Island,1
West Virginia,1
