name,version,visitors
Windows,10,4101
Mac,10.15,1039
Android,10,372
Android,14,326
Android,12,288
iOS,18.3,256
Android,15,214
Android,13,212
GNU/Linux,(not set),149
Android,11,141
HarmonyOS,3.0,85
iOS,18.4,77
HarmonyOS,2.2,57
Android,9,52
Ubuntu,(not set),48
iOS,17.6,39
HarmonyOS,(not set),37
(not set),(not set),26
Android,8.1,25
Chrome OS,14541.0,22
iOS,18.1,19
iOS,18.2,19
iOS,16.1,16
iOS,17.5,15
iOS,18.0,13
iOS,16.7,11
iOS,16.6,9
iOS,15.6,8
iOS,15.8,7
iOS,17.7,7
Windows,7,7
Android,7.1,7
Android,8.0,7
Windows,Server 2003,7
iOS,14.4,6
iOS,16.3,6
iOS,16.2,5
iOS,17.4,5
iOS,13.6,4
iOS,17.3,4
Windows,8.1,4
iOS,14.2,3
iOS,14.8,3
iOS,15.3,3
iOS,15.4,3
iOS,16.0,3
iOS,16.4,3
iOS,17.1,3
HarmonyOS,2.1,3
Windows,(not set),2
Mac,10.12,2
iOS,11.2,2
iPadOS,14.4,2
iOS,14.6,2
iOS,15.2,2
iOS,15.5,2
iPadOS,17.5,2
iOS,18.5,2
Android,5.1,2
Android,6.0,2
Android,7.0,2
iOS,11.1,1
iOS,12.4,1
iOS,12.5,1
iOS,14.0,1
iOS,14.7,1
iPadOS,14.8,1
iOS,15.0,1
iOS,15.1,1
iPadOS,15.6,1
iPadOS,15.8,1
iOS,16.5,1
iOS,17.0,1
iPadOS,17.4,1
iPadOS,17.6,1
Windows,8,1
Fire OS,8,1
Windows,XP,1
