name,visitors,pageviews,bounce_rate,time_on_page,scroll_depth
/3.13/tutorial/index.html,5327,5904,68,42,46
/3.13/using/windows.html,3743,4278,75,47,24
/3.13/index.html,1612,1601,59,27,73
/3.13/,1492,1817,57,19,78
/ja/3.13/c-api/capsule.html,1216,1315,76,4,34
/3.13/tutorial/interpreter.html,915,841,73,73,72
/3.13/whatsnew/3.13.html,897,891,70,38,14
/3.13/tutorial/appetite.html,808,730,62,69,85
/3.13/tutorial/,753,884,59,41,53
/zh-cn/3.13/tutorial/index.html,685,827,54,35,58
/zh-cn/3.13/,507,579,38,24,80
/3.13/tutorial/introduction.html,498,478,80,892,56
/3.13/library/index.html,430,464,59,40,44
/3.13/search.html,427,550,53,38,56
/es/3.13/tutorial/index.html,416,511,63,42,55
/3.13/tutorial/controlflow.html,341,409,74,1210,41
/zh-cn/3.13/library/index.html,339,440,47,41,51
/3.13/library/functions.html,300,297,79,65,46
/zh-cn/3.13/tutorial/interpreter.html,275,274,59,78,80
/3.13/library/stdtypes.html,258,259,76,76,46
/zh-cn/3.13/tutorial/introduction.html,245,262,71,175,61
/zh-cn/3.13/tutorial/controlflow.html,239,255,71,230,51
/fr/3.13/tutorial/index.html,238,295,60,51,55
/zh-cn/3.13/library/functions.html,228,234,72,68,46
/zh-cn/3.13/tutorial/appetite.html,209,178,54,62,89
/es/3.13/library/tkinter.html,193,231,73,59,36
/zh-cn/3.13/using/index.html,192,201,60,23,74
/ja/3.13/tutorial/,190,290,52,30,58
/ja/3.13/library/functions.html,187,196,80,77,46
/zh-cn/3.13/library/stdtypes.html,179,190,72,77,40
/zh-cn/3.13/index.html,178,216,42,25,81
/ja/3.13/library/index.html,174,239,65,51,52
/zh-cn/3.13/search.html,171,225,38,40,55
/3.13/installing/index.html,169,139,59,28,66
/ja/3.13/library/datetime.html,152,161,87,44,23
/3.13/reference/index.html,148,152,38,40,68
/zh-cn/3.13/tutorial/datastructures.html,148,133,69,120,55
/3.13/tutorial/datastructures.html,144,148,67,72,49
/zh-cn/3.13/library/venv.html,144,150,91,56,40
/zh-tw/3.13/tutorial/index.html,143,175,53,20,52
/es/3.13/,141,150,35,13,75
/es/3.13/tutorial/interpreter.html,140,145,70,83,72
/ja/3.13/library/re.html,139,144,87,289,38
/3.13/glossary.html,132,122,67,60,42
/zh-cn/3.13/glossary.html,132,116,63,57,47
/ja/3.13/library/stdtypes.html,128,133,80,37,31
/zh-cn/3.13/reference/index.html,128,149,42,49,76
/es/3.13/tutorial/appetite.html,124,128,64,78,80
/3.13/tutorial/modules.html,121,109,69,141,62
/zh-cn/3.13/tutorial/classes.html,121,111,70,235,55
/zh-cn/3.13/installing/index.html,118,113,79,31,75
/3.13/using/index.html,116,109,35,21,71
/ja/3.13/library/logging.html,116,138,77,47,41
/es/3.13/library/index.html,115,140,61,37,39
/3.13/py-modindex.html,114,105,65,28,48
/es/3.13/tutorial/introduction.html,111,96,62,242,50
/es/3.13/search.html,109,161,52,22,56
/ja/3.13/library/subprocess.html,109,121,87,69,24
/ja/3.13/tutorial/interpreter.html,108,131,78,79,75
/zh-cn/3.13/whatsnew/3.13.html,106,90,78,76,27
/es/3.13/tutorial/controlflow.html,103,102,86,178,29
/zh-cn/3.13/contents.html,101,119,61,81,18
/3.13/contents.html,100,97,47,19,13
/3.13/download.html,99,77,78,31,88
/3.13/library/,98,101,70,28,34
/ja/3.13/search.html,98,148,18,13,50
/zh-cn/3.13/tutorial/,94,98,56,46,52
/zh-cn/3.13/using/windows.html,92,86,81,59,38
/ja/3.13/tutorial/inputoutput.html,91,106,78,68,53
/3.13/using/cmdline.html,90,77,73,49,31
/zh-cn/3.13/download.html,90,82,81,29,90
/ja/3.13/library/pathlib.html,89,103,82,27,39
/es/3.13/tutorial/venv.html,87,89,95,61,49
/zh-cn/3.13/tutorial/modules.html,87,73,67,173,69
/es/3.13/library/functions.html,86,92,78,110,31
/es/3.13/tutorial/datastructures.html,86,90,85,91,43
/3.13/library/random.html,84,72,87,66,35
/zh-cn/3.13/using/cmdline.html,84,73,46,53,38
/3.13/tutorial/inputoutput.html,83,81,67,118,57
/fr/3.13/tutorial/interpreter.html,83,80,56,80,71
/pt-br/3.13/,83,84,38,11,74
/zh-cn/3.13/tutorial/inputoutput.html,83,84,70,160,56
/3.13/tutorial/classes.html,81,74,61,82,50
/ja/3.13/library/exceptions.html,81,77,72,74,45
/ja/3.13/library/random.html,81,86,89,34,29
/pt-br/3.13/library/index.html,81,89,44,26,39
/pt-br/3.13/tutorial/index.html,81,90,77,92,55
/ja/3.13/tutorial/introduction.html,80,106,79,153,46
/ja/3.13/tutorial/index.html,79,87,65,40,60
/ko/3.13/tutorial/index.html,79,96,53,20,53
/3.13/library/typing.html,77,84,66,48,44
/ja/3.13/library/typing.html,77,77,87,30,30
/ja/3.13/tutorial/appetite.html,76,75,60,93,76
/es/3.13/tutorial/classes.html,75,76,89,249,36
/ja/3.13/library/json.html,73,75,86,37,34
/ja/3.13/library/os.html,73,69,75,22,29
/3.13/library/os.html,72,68,81,41,43
/ja/3.13/tutorial/errors.html,72,86,84,74,43
/ja/3.13/library/csv.html,71,74,90,30,35
/ja/3.13/tutorial/classes.html,70,76,85,67,40
