name,unique_exits,total_exits,exit_rate
/zh-cn/3/tutorial/index.html,334,358,
/zh-cn/3/,333,359,
/zh-cn/3.13/tutorial/index.html,283,285,
/zh-cn/3/library/idle.html,281,282,
/zh-cn/3/library/index.html,231,233,
/zh-cn/3/library/turtle.html,214,224,
/zh-cn/3/using/windows.html,171,173,
/zh-cn/3.13/,162,167,
/zh-cn/3/library/functions.html,134,140,
/zh-cn/3/using/mac.html,128,129,
/zh-cn/3.13/tutorial/controlflow.html,121,127,
/zh-cn/3/tutorial/controlflow.html,119,128,
/zh-cn/3/tutorial/introduction.html,116,122,
/zh-cn/3/tutorial/interpreter.html,114,117,
/zh-cn/3/library/math.html,104,107,
/zh-cn/3.13/library/index.html,96,101,
/zh-cn/3.13/library/functions.html,93,96,
/zh-cn/3.13/library/stdtypes.html,93,101,
/zh-cn/3.13/tutorial/introduction.html,91,97,
/zh-cn/3.13/tutorial/interpreter.html,88,92,
/zh-cn/3.13/using/android.html,88,88,
/zh-cn/3/library/stdtypes.html,87,88,
/zh-cn/3/tutorial/,87,89,
/3/,82,82,
/zh-cn/3/reference/index.html,78,81,
/zh-cn/3.13/tutorial/datastructures.html,75,77,
/zh-cn/3/search.html,74,77,
/zh-cn/3/library/re.html,70,69,
/zh-cn/3.13/library/venv.html,69,70,
/zh-cn/3.13/search.html,64,64,
/zh-cn/3.13/tutorial/classes.html,64,68,
/zh-cn/3/using/index.html,61,61,
/zh-cn/3/tutorial/datastructures.html,58,59,
/zh-cn/3.13/library/idle.html,57,58,
/zh-cn/3.13/using/windows.html,56,57,
/zh-cn/3.13/using/index.html,55,55,
/zh-cn/3.13/index.html,54,54,
/zh-cn/3/tutorial/inputoutput.html,53,53,
/zh-cn/3/download.html,48,48,
/zh-cn/3.13/reference/index.html,47,47,
/zh-cn/3/library/multiprocessing.html,47,49,
/zh-cn/3/installing/index.html,45,45,
/zh-cn/3.13/tutorial/appetite.html,44,45,
/zh-cn/3/tutorial/classes.html,43,47,
/zh-cn/3.14/whatsnew/3.14.html,42,42,
/zh-cn/3.13/whatsnew/3.13.html,41,42,
/zh-cn/3/index.html,41,41,
/zh-cn/3.13/installing/index.html,39,40,
/zh-cn/3/tutorial/appetite.html,39,40,
/zh-cn/3/using/,39,38,
/zh-cn/3.13/library/tkinter.html,38,39,
/zh-cn/3.13/tutorial/,38,38,
/zh-cn/3.13/library/re.html,37,36,
/zh-cn/3.13/using/,37,37,
/zh-cn/3.13/download.html,35,36,
/zh-cn/3/contents.html,33,33,
/zh-cn/3/library/pathlib.html,33,35,
/zh-cn/3/library/tkinter.html,33,34,
/zh-cn/3.12/,32,35,
/zh-cn/3.13/contents.html,32,32,
/zh-cn/3.13/library/turtle.html,32,33,
/zh-cn/3.13/tutorial/modules.html,32,30,
/zh-cn/3/library/,32,34,
/zh-cn/3/howto/regex.html,31,33,
/zh-cn/3/tutorial/modules.html,31,34,
/zh-cn/3.13/reference/datamodel.html,30,36,
/zh-cn/3/glossary.html,30,30,
/zh-cn/3.13/tutorial/inputoutput.html,29,33,
/zh-cn/3.13/using/mac.html,29,29,
/zh-cn/3/library/struct.html,29,30,
/zh-cn/3/reference/expressions.html,29,29,
/zh-cn/3.13/glossary.html,28,28,
/zh-cn/3.13/library/math.html,28,29,
/zh-cn/3.13/library/typing.html,28,29,
/zh-cn/3/library/dataclasses.html,28,28,
/zh-cn/3/whatsnew/3.13.html,28,29,
/zh-cn/3.12/library/index.html,27,29,
/zh-cn/3.13/library/argparse.html,27,28,
/zh-cn/3/reference/lexical_analysis.html,27,28,
/zh-cn/3/library/asyncio.html,26,26,
/zh-cn/3/library/random.html,26,26,
/zh-cn/3/whatsnew/index.html,26,25,
/zh-cn/3.13/library/asyncio-task.html,25,25,
/zh-cn/3.13/using/cmdline.html,25,25,
/zh-cn/3/library/venv.html,25,28,
/3.13/tutorial/index.html,24,25,
/3.13/,23,22,
/zh-cn/3/library/os.html,23,23,
/zh-cn/3.12/tutorial/index.html,22,22,
/zh-cn/3.13/library/logging.html,22,21,
/zh-cn/3.13/reference/expressions.html,22,23,
/zh-cn/3/library/string.html,22,22,
/zh-cn/3/library/subprocess.html,22,23,
/zh-cn/3/reference/compound_stmts.html,21,21,
/zh-cn/3/tutorial/venv.html,21,23,
/3.13/using/windows.html,20,20,
/zh-cn/3/tutorial/errors.html,20,20,
/zh-cn/3/using/cmdline.html,20,20,
/zh-cn/3.12/using/mac.html,19,19,
/zh-cn/3.13/library/json.html,19,19,
