name,visitors
Guangdong,655
Beijing,487
Shanghai,427
Zhejiang,269
Shandong,260
Jiangsu,222
Tokyo,217
California,203
Sichuan,175
Hubei,147
Shaanxi,112
Henan,94
Fujian,91
Hunan,85
Chongqing,73
Tianjin,63
Anhui,61
Hebei,52
Kwai Tsing New Territories,51
Liaoning,47
Taipei,46
Taichung,35
Kowloon City Kowloon,32
Yunnan,30
Jiangxi,28
England,28
Osaka,28
Guizhou,26
Washington,26
Gansu,24
Ontario,23
Shanxi,22
Heilongjiang,18
Tsuen Wan New Territories,18
New South Wales,16
New Taipei,14
Jilin,13
Wong Tai Sin Kowloon,13
New York,12
Selangor,11
Guangxi,10
Seoul,10
Île-de-France,9
Oregon,9
Utah,9
Quebec,8
Inner Mongolia,8
Hesse,8
North Holland,8
Hsinchu County,8
Illinois,8
Chiba,7
Bangkok,7
Kaohsiung,7
Taoyuan,7
Wan Chai Hong Kong Island,6
New Jersey,6
Hainan,5
Xinjiang,5
Central and Western Hong Kong Island,5
Kuala Lumpur,5
Changhua,5
Massachusetts,5
Nevada,5
Texas,5
South Australia,4
Victoria,4
Sai Kung New Territories,4
Karnataka,4
Metro Manila,4
Arizona,4
Georgia,4
North Carolina,4
Virginia,4
Western Australia,3
Zürich,3
Ningxia,3
Lower Saxony,3
North Rhine-Westphalia,3
Cairo,3
Phnom Penh,3
Johor,3
Västra Götaland,3
Maha Sarakham,3
Chiang Mai,3
Florida,3
Australian Capital Territory,2
Queensland,2
Alberta,2
British Columbia,2
Geneva,2
Vaud,2
Baden-Württemberg,2
Pirkanmaa,2
Pays-de-la-Loire,2
Scotland,2
Sham Shui Po Kowloon,2
Sha Tin New Territories,2
Leinster,2
Uttar Pradesh,2
Lombardy,2
Aichi,2
Kochi,2
Fukuoka,2
Incheon,2
Gangwon,2
Luxembourg,2
Auckland,2
Ancash,2
Stockholm,2
Hsinchu,2
Hualien,2
Pingtung,2
Idaho,2
Minnesota,2
Dubai,1
Burgenland,1
Paraná,1
São Paulo,1
Aargau,1
Bavaria,1
Rhineland-Palatinate,1
Saxony,1
Capital Region,1
Madrid Autonomous Community,1
Uusimaa,1
Auvergne-Rhône-Alpes,1
Hauts-de-France,1
Yau Tsim Mong Kowloon,1
Yuen Long New Territories,1
East Java,1
Jharkhand,1
Maharashtra,1
West Bengal,1
Lazio,1
Tochigi,1
Kanagawa,1
Ulsan,1
Almaty,1
Almaty City,1
Sinaloa,1
Perak,1
Sarawak,1
South Holland,1
Lisbon,1
Nizhny Novgorod,1
Novosibirsk,1
Saint Petersburg,1
Makkah,1
Samut Prakan,1
Ankara,1
Istanbul,1
Kansas,1
Ohio,1
Rhode Island,1
Tashkent,1
Bắc Ninh,1
