name,visitors,bounce_rate,visit_duration
Google,2102,78,189
Direct / None,1207,63,343
Bing,214,79,229
Brave,90,79,177
DuckDuckGo,67,84,127
Qwant,66,89,685
Ecosia,64,85,45
schooding.fr,63,26,1531
python.org,53,0,446
openclassrooms.com,43,81,146
chatgpt.com,33,69,94
notebooks.githubusercontent.com,28,65,224
ytrack.learn.ynov.com,16,47,763
Yahoo!,15,79,69
capytale2.ac-paris.fr,11,67,434
easi-training.fr,7,62,281
moodle.caseine.org,7,43,314
chamilo.grenoble-inp.fr,6,83,3
copilot.microsoft.com,6,50,78
madoc.univ-nantes.fr,5,60,21
GitHub,4,67,172
Perplexity,4,67,1
elearning.univ-eiffel.fr,4,100,0
mlang.frama.io,4,100,0
fc.univ-paris1.fr,3,100,0
jupyter.org,3,67,33
kxs.fr,3,100,0
moodle.umontpellier.fr,3,67,4
moodle.unil.ch,3,100,259
python.sdv.u-paris.fr,3,100,0
wiki.python.org,3,67,10
Youtube,2,100,0
codeur-com-blog,2,0,87
cs50.harvard.edu,2,0,1057
davidmercier.fr,2,0,344
fsg-pax-p-jhn01.pax.ulaval.ca,2,67,262
icn-isn-boissy.yj.fr,2,100,0
informatique-lycee.forge.apps.education.fr,2,50,230
jcastello.gitlab.io,2,67,98
learn-technique.helmo.be,2,33,92
learn.lewagon.com,2,100,1130
lyceum.fr,2,50,1303
moodle.lyceestendhal.it,2,100,0
netacad.com,2,0,206
notebook.basthon.fr,2,100,642
overleaf.com,2,100,0
pixees.fr,2,50,4
qwantjunior.com,2,50,6
web.isen-ouest.fr,2,100,0
zestedesavoir.com,2,0,4243
127.0.0.1,1,0,2650
Baidu,1,100,0
Lilo,1,0,599
aura-01.elea.apps.education.fr,1,100,0
blackbox.ai,1,100,0
blog.python.org,1,0,33
cedric.cnam.fr,1,100,0
chat.mistral.ai,1,100,0
cllqcca.sharepoint.com,1,100,0
collegeboreal.brightspace.com,1,100,0
cours.univ-reims.fr,1,0,1726
crosemont.moodle.decclic.qc.ca,1,100,0
cvl-28.elea.apps.education.fr,1,100,0
cvm.moodle.decclic.qc.ca,1,100,0
docs.pytest.org,1,0,2679
docs.pytorch.org,1,0,0
e-formation.uha.fr,1,0,2039
ena.etsmtl.ca,1,0,1524
fr.moonbooks.org,1,0,1976
gstatic.com,1,100,0
hec.ca,1,100,0
intranet.hbtn.io,1,0,0
iplabel.atlassian.net,1,100,0
learn.microsoft.com,1,0,759
magnard.fr,1,100,0
milbe.udemy.com,1,0,0
moodle.bordeaux-inp.fr,1,100,0
moodle.ephec.be,1,100,0
moodle.iedparis8.net,1,100,0
moodle.imt-atlantique.fr,1,100,0
moodle.insa-rouen.fr,1,100,0
moodle.lyceeconnecte.fr,1,100,0
moodle.polymtl.ca,1,100,0
moodle.u-pariscite.fr,1,100,0
moodle.uclouvain.be,1,0,110
moodle.univ-jfc.fr,1,100,0
moodle.univ-lille.fr,1,0,13
moodle.univ-ubs.fr,1,100,0
neoteroi.dev,1,0,1077
nsi.eduzonelab.com,1,100,0
nsi.ostralo.net,1,100,0
packaging.python.org,1,0,41
pandas.pydata.org,1,0,318
pip.pypa.io,1,0,22
python-docs-translations.github.io,1,100,0
python.developpez.com,1,100,0
randstad.udemy.com,1,100,0
rawbank.udemy.com,1,100,0
realpython.com,1,0,22
rolexai.pro.myrolex.com,1,0,29
scikit-learn.org,1,0,0
train.learn.datascientest.com,1,100,0
yellow-search.org,1,100,0
