name,visitors,bounce_rate,visit_duration
Direct / None,1826,70,189
google.com,1576,76,146
es.python.org,142,52,151
bing.com,102,73,198
python.org,71,0,417
search.brave.com,66,72,205
chatgpt.com,21,63,302
duckduckgo.com,18,68,115
translations.python.org,11,36,145
app.aluracursos.com,10,82,28
campus141.unad.edu.co,8,50,107
gemini.google.com,8,86,5
android-app://com.google.android.googlequicksearchbox,7,57,9
skilio.com,6,33,265
aules.edu.gva.es,5,60,343
classroom.google.com,5,100,0
co.search.yahoo.com,5,80,12
mx.search.yahoo.com,5,100,0
arangoya.net,4,100,0
ecosia.org,4,100,0
netacad.com,4,0,300
online.calamoycran.com,4,100,0
react-app-python-runner.vercel.app,4,100,0
wiki.python.org,4,0,1055
wiki.python.org.ar,4,50,18
atenea.upc.edu,3,100,0
aulasvirtuales.unimet.edu.ve,3,100,0
campus110.unad.edu.co,3,100,0
campus142.unad.edu.co,3,67,4
campusvirtual2.ug.edu.ec,3,67,5
educacionadistancia.juntadeandalucia.es,3,100,0
educand.ad,3,100,0
es.search.yahoo.com,3,100,0
google.com.mx,3,100,0
hablemospython.dev,3,33,30
l.threads.com,3,100,0
m.baidu.com,3,100,0
aprendepython.es,2,100,0
ar.search.yahoo.com,2,100,0
canva.com,2,100,0
centros.edu.xunta.gal,2,100,0
claude.ai,2,50,558
colab.research.google.com,2,100,48
context7.com,2,0,983
d2l.ibero.mx,2,100,0
educaciodigital.cat,2,100,19
es.python.org/aprende-python,2,50,27
esami.polito.it,2,0,34770
eva.puce.edu.ec,2,100,0
github.com,2,50,11
google.com.ar,2,100,0
google.com.hk,2,50,6
google.es,2,0,203
r.search.yahoo.com/_ylt=AwrkELZff3hp1gIAekZU04lQ;_ylu=Y29sbwNpcjIEcG9zAzMEdnRpZAMEc2VjA3Ny/RV=2/RE=1770714208/RO=10/RU=https%3a%2f%2fdocs.python.org%2fes%2f3%2ftutorial%2f/RK=2/RS=T2_jVd87WEEO1hx9bWJ9UpoPbSI-,2,0,94
search.yahoo.com,2,50,241
youtube.com,2,100,0
app.blackbox.ai,1,0,1768
app.codesignal.com,1,0,769
aulavirtual.educa.jcyl.es,1,100,0
baidu.com,1,100,0
blog.espol.edu.ec,1,0,11
campus.ingenieria.uner.edu.ar,1,100,0
campus.talendig.com,1,100,0
copilot.cloud.microsoft,1,100,0
copilot.microsoft.com,1,0,0
cs50.harvard.edu,1,0,0
cvdof.ucm.es,1,100,0
docs-python-org.translate.goog,1,100,0
docs.asf.alaska.edu,1,0,204
ead.ucuauhtemoc.edu.mx,1,0,11
edea.juntadeandalucia.es,1,100,0
escuela.pontia.tech,1,100,0
examenes.indoamerica.edu.ec,1,100,0
formacion.intef.es,1,100,0
formacionpermanente.cursosvirtuales.uned.es,1,100,0
forum.arduino.cc,1,0,501
freecodecamp.org/espanol/news/expresiones-lambda-en-python,1,100,0
github.com/ceph/ceph/pull/66467,1,0,488
github.com/mouredev/Hello-Python,1,100,0
google.cl,1,100,0
google.co.uk,1,0,214
google.co.ve,1,100,0
imaster.academy,1,100,0
jupyter.org,1,0,9
jupyterlabnext-2-labs-prod-jupyterlab-us-east-0.labs.cognitiveclass.ai,1,0,1615
mediawiki.org,1,0,80
moodle.citizenscience.eu,1,0,223
moodle.educarex.es,1,100,0
online.itecfp.com,1,100,0
online.keepcoding.io,1,0,4
packaging.python.org/en/latest/tutorials/installing-packages,1,0,163
palermo.blackboard.com,1,100,0
pandas.pydata.org,1,0,4
peps.python.org,1,0,1046
plataforma-beta.coderhouse.com,1,100,0
programaenpython.com,1,100,0
pvm.posgradoupea.edu.bo,1,100,0
python.maateen.me,1,0,168
r.search.yahoo.com/_ylt=AwrNZuf6CXlpS9QkvQHXdAx.;_ylu=Y29sbwNiZjEEcG9zAzEEdnRpZAMEc2VjA3Ny/RV=2/RE=1769568891/RO=10/RU=https%3a%2f%2fdocs.python.org%2fes%2f3%2ftutorial%2fvenv.html/RK=2/RS=Tu8P_aXRzYhLky4vSRnKn3L_MGk-,1,100,0
r.search.yahoo.com/_ylt=AwrNaOJFNXlpMwIAw4x7egx.;_ylu=Y29sbwNiZjEEcG9zAzMEdnRpZAMEc2VjA3Ny/RV=2/RE=1770760774/RO=10/RU=https%3a%2f%2fdocs.python.org%2fes%2f3%2ftutorial%2f/RK=2/RS=_8k.6mJM4p_OZl_mgw8pPVyMbVg-,1,100,0
r.search.yahoo.com/_ylt=Awrip.ejAnhpHgIANMurcgx.;_ylu=Y29sbwNiZjEEcG9zAzEEdnRpZAMEc2VjA3Ny/RV=2/RE=1770682276/RO=10/RU=https%3a%2f%2fdocs.python.org%2fes%2f3%2flibrary%2fre.html/RK=2/RS=5F_XHlcoUFy5TtZeln2iFdN02Tk-,1,100,0
s3.mincyt.gob.ve,1,0,13
statics.teams.cdn.office.net,1,0,1833
victoria-nr.github.io,1,100,0
view.genially.com,1,100,0
view.genially.com/68370d2b26f367b144f4ea22,1,100,0
virtual.unju.edu.ar,1,100,0
wired-7.org,1,100,0
www3.gobiernodecanarias.org,1,100,0
