property,value,visitors,events,percentage
url,(none),3779,6296,99.7
url,https://www.python.org/,58,60,1.5
url,https://tkdocs.com/,10,10,0.3
url,https://github.com/python/cpython/tree/3.13/Lib/idlelib/,5,5,0.1
url,https://pypi.org/,5,5,0.1
url,https://wiki.python.org/moin/BeginnersGuide,5,5,0.1
url,https://www.tcl.tk/man/tcl8.6/TkCmd/contents.htm,5,5,0.1
url,https://www.tkdocs.com/shipman/,4,4,0.1
url,https://github.com/python/cpython/tree/3.13/Lib/tkinter/__init__.py,3,3,0.1
url,https://learning-python.com/about-pp4e.html,3,3,0.1
url,https://en.wikipedia.org/wiki/Fibonacci_sequence,2,2,0.1
url,https://github.com/python/cpython/blob/main/Doc/bugs.rst,2,3,0.1
url,https://github.com/python/cpython/tree/3.13/Lib/copy.py,2,2,0.1
url,https://packaging.python.org/en/latest/tutorials/installing-packages/#ensure-pip-setuptools-and-wheel-are-up-to-date,2,2,0.1
url,https://peps.python.org/pep-0719/,2,2,0.1
url,https://wiki.python.org/moin/PythonBooks,2,2,0.1
url,https://www.amazon.com/Modern-Tkinter-Python-Developers-ebook/dp/B0071QDNLO/,2,2,0.1
url,https://www.python.org/downloads/,2,2,0.1
url,http://json.org/,1,1,0.0
url,https://devguide.python.org/,1,1,0.0
url,https://devguide.python.org/tracker/,1,1,0.0
url,https://en.wikipedia.org/wiki/Cursor_(databases),1,1,0.0
url,https://en.wikipedia.org/wiki/Database_transaction,1,1,0.0
url,https://en.wikipedia.org/wiki/SQL_injection,1,1,0.0
url,https://github.com/python/cpython/blob/main/Doc/library/tkinter.rst,1,3,0.0
url,https://github.com/python/cpython/blob/main/Doc/library/xmlrpc.server.rst,1,1,0.0
url,https://github.com/python/cpython/tree/3.13/Lib/asyncio/coroutines.py,1,1,0.0
url,https://github.com/python/cpython/tree/3.13/Lib/sqlite3/,1,1,0.0
url,https://github.com/python/cpython/tree/3.13/Lib/tkinter/ttk.py,1,1,0.0
url,https://packaging.python.org/installing/#creating-virtual-environments,1,1,0.0
url,https://packaging.python.org/science/,1,1,0.0
url,https://peps.python.org/pep-0305/,1,1,0.0
url,https://peps.python.org/pep-0397/,1,1,0.0
url,https://peps.python.org/pep-0615/,1,1,0.0
url,https://peps.python.org/pep-0636/,1,1,0.0
url,https://peps.python.org/pep-0745/,1,1,0.0
url,https://pkware.cachefly.net/webdocs/casestudies/APPNOTE.TXT,1,1,0.0
url,https://pypi.org/project/mock/,1,1,0.0
url,https://support.apple.com/en-us/102445,1,1,0.0
url,https://translate.google.com/website?sl=en&tl=es&hl=es&client=srp&u=https://wiki.python.org/moin/BeginnersGuide,1,1,0.0
url,https://translate.google.com/website?sl=en&tl=es&hl=es&client=srp&u=https://www.python.org/,1,1,0.0
url,https://wiki.python.org/moin/IntegratedDevelopmentEnvironments,1,1,0.0
url,https://wiki.python.org/moin/PythonEditors,1,1,0.0
url,https://www.amazon.com/exec/obidos/ASIN/020163337X,1,1,0.0
url,https://www.blake2.net/#qa,1,1,0.0
url,https://www.packtpub.com/en-us/product/python-gui-programming-with-tkinter-9781788835886,1,1,0.0
url,https://www.python.org/doc/av/,1,1,0.0
url,https://www.python.org/doc/versions/,1,1,0.0
url,https://www.python.org/downloads/macos/,1,1,0.0
url,https://www.python.org/psf/donations/,1,1,0.0
url,https://www.sqlite.org/,1,1,0.0
url,https://www.tcl.tk/,1,1,0.0
