name,version,visitors
Chrome,136.0,2193
Microsoft Edge,136.0,1088
Firefox,138.0,399
Chrome,135.0,279
Safari,18.4,128
Chrome,134.0,101
Microsoft Edge,135.0,91
Opera,118.0,75
Mobile App,(not set),64
Yandex Browser,25.4,56
Chrome,122.0,54
Firefox,137.0,53
Firefox,128.0,46
Safari,18.5,32
Chrome,131.0,30
Chrome,132.0,29
Smart Lenovo Browser,9.0,29
Chrome,133.0,28
Microsoft Edge,134.0,28
Chrome,109.0,27
Safari,18.3,23
Firefox,136.0,20
Chrome,114.0,16
Safari,17.6,15
Microsoft Edge,133.0,13
Chrome,128.0,12
Chrome,127.0,11
Microsoft Edge,131.0,11
Samsung Browser,28.0,11
Quark,(not set),9
Microsoft Edge,128.0,9
Chrome,130.0,9
Chrome,126.0,8
Chrome,129.0,8
Microsoft Edge,130.0,8
Safari,17.1,8
Yandex Browser,25.2,8
Chrome,86.0,7
Firefox,115.0,6
Chrome,125.0,6
Mobile App,136.0,6
Opera,117.0,5
Opera,119.0,5
Chrome,120.0,5
Chrome,121.0,5
Microsoft Edge,132.0,5
MIUI Browser,14.10,5
Whale Browser,4.31,5
Quark,7.11,5
Chrome,116.0,4
Chrome,117.0,4
Chrome,118.0,4
Chrome,119.0,4
QQ Browser,13.7,4
Firefox,134.0,4
Firefox,135.0,4
Chrome,138.0,4
Safari,15.6,4
Huawei Browser Mobile,16.0,4
SberBrowser,26.0,4
Chrome,102.0,3
Microsoft Edge,105.0,3
Chrome,110.0,3
Chrome,111.0,3
Microsoft Edge,118.0,3
Microsoft Edge,119.0,3
Microsoft Edge,120.0,3
Microsoft Edge,122.0,3
Microsoft Edge,125.0,3
Microsoft Edge,127.0,3
Microsoft Edge,129.0,3
Firefox,132.0,3
Firefox,133.0,3
Firefox,139.0,3
Safari,16.6,3
Safari,17.5,3
Safari,18.0,3
Opera,88.0,3
Firefox,102.0,2
Microsoft Edge,103.0,2
Chrome,103.0,2
Chrome,107.0,2
Firefox,111.0,2
Microsoft Edge,115.0,2
Microsoft Edge,116.0,2
Microsoft Edge,117.0,2
Huawei Browser,12.1,2
Mobile App,120.0,2
Microsoft Edge,126.0,2
Ecosia,129.0,2
Firefox,129.0,2
QQ Browser,13.0,2
Safari,13.1,2
Firefox,131.0,2
Mobile App,135.0,2
Microsoft Edge,137.0,2
Safari,16.0,2
Safari,16.1,2
Safari,16.4,2
Safari,17.3,2
Safari,18.1,2
Safari,18.6,2
MIUI Browser,19.4,2
Sogou Explorer,2,2
Opera Touch,2.9,2
Samsung Browser,24.0,2
Yandex Browser,24.4,2
Yandex Browser,24.7,2
AdBlock Browser,3.7,2
Microsoft Edge,40.15254,2
QtWebEngine,6.9,2
Chrome,92.0,2
Konqueror,(not set),1
Microsoft Edge,100.0,1
Microsoft Edge,102.0,1
Opera,106.0,1
Microsoft Edge,110.0,1
Opera,111.0,1
Microsoft Edge,111.0,1
Chrome,112.0,1
Microsoft Edge,112.0,1
Microsoft Edge,113.0,1
Chrome,115.0,1
Safari,12.1,1
Microsoft Edge,124.0,1
Chrome,124.0,1
Firefox,125.0,1
Mobile App,126.0,1
QQ Browser,13.1,1
QQ Browser,13.5,1
QQ Browser,13.6,1
Avast Secure Browser,134.0,1
Mobile Silk,134.3,1
Firefox,138.1,1
Microsoft Edge,14.14393,1
MIUI Browser,14.32,1
Safari,16.3,1
Safari,17.0,1
Safari,17.11,1
Microsoft Edge,17.17134,1
Safari,17.2,1
Safari,17.4,1
Safari,17.8,1
Microsoft Edge,18.18363,1
Safari,18.2,1
Safari,19.0,1
QQ Browser,19.2,1
Yandex Browser,23.1,1
Yandex Browser,23.5,1
Yandex Browser,24.10,1
Samsung Browser,28.1,1
QtWebEngine,6.8,1
Quark,7.9,1
Chrome,72.0,1
Chrome,81.0,1
Chrome,83.0,1
Chrome,88.0,1
Chrome,91.0,1
Openwave Mobile Browser,94.4,1
Mobile App,97.0,1
Firefox,97.0,1
Chrome,99.0,1
