name,visitors,pageviews,bounce_rate,time_on_page,scroll_depth
/tr/3.14/,18,22,50,8,74
/tr/3/installing/index.html,14,14,91,20,70
/tr/3.15/using/windows.html,12,12,0,18,7
/tr/3/tutorial/index.html,11,17,43,66,54
/tr/3.14/search.html,8,16,0,19,64
/tr/3.14/tutorial/index.html,8,11,0,19,56
/tr/3.14/whatsnew/3.14.html,7,4,0,7,8
/tr/3.14/library/random.html,6,5,0,59,31
/tr/3.14/tutorial/appetite.html,6,6,0,24,75
/tr/3.14/library/math.html,5,5,0,21,27
/tr/3.14/tutorial/interpreter.html,5,5,0,65,92
/tr/3.15/search.html,5,5,0,6,60
/tr/3.13/tutorial/appetite.html,4,2,0,9,66
/tr/3.14/tutorial/,4,3,0,17,46
/tr/3.14/using/windows.html,4,4,0,7,4
/tr/3.15/,4,3,100,8,74
/tr/3/library/functions.html,4,4,100,569,18
/tr/3.12/tutorial/index.html,3,2,100,12667,38
/tr/3.13/,3,2,0,3,75
/tr/3.13/tutorial/index.html,3,3,100,,
/tr/3.14/index.html,3,2,0,4,80
/tr/3.14/library/enum.html,3,3,100,3,28
/tr/3.14/tutorial/introduction.html,3,2,0,6,98
/tr/3/glossary.html,3,3,50,2,100
/tr/3/tutorial/controlflow.html,3,3,100,1,7
/tr/3/tutorial/interpreter.html,3,4,0,17,100
/tr/3/tutorial/introduction.html,3,5,100,210,26
/tr/3.13/copyright.html,2,2,0,2,100
/tr/3.13/index.html,2,2,100,,
/tr/3.13/tutorial/,2,1,0,52,62
/tr/3.14/contents.html,2,2,0,7,0
/tr/3.14/download.html,2,1,0,1,99
/tr/3.14/extending/index.html,2,2,100,16,70
/tr/3.14/library/intro.html,2,2,0,6,19
/tr/3.14/library/operator.html,2,2,0,32,100
/tr/3.14/library/pathlib.html,2,1,0,14,3
/tr/3.14/library/python.html,2,1,0,7,22
/tr/3.14/library/tempfile.html,2,1,0,1,12
/tr/3.14/reference/lexical_analysis.html,2,1,0,7,5
/tr/3.14/tutorial/modules.html,2,1,0,19,48
/tr/3.14/whatsnew/changelog.html,2,2,0,6,0
/tr/3.15/genindex.html,2,2,0,3,100
/tr/3.15/library/tkinter.html,2,1,100,7,6
/tr/3.15/whatsnew/2.6.html,2,1,0,21,5
/tr/3/,2,2,100,8,87
/tr/3/genindex.html,2,2,0,3,100
/tr/3/howto/a-conceptual-overview-of-asyncio.html,2,2,0,17,100
/tr/3/howto/argparse.html,2,2,0,20,100
/tr/3/howto/cporting.html,2,2,0,3,100
/tr/3/howto/curses.html,2,2,0,8,100
/tr/3/howto/descriptor.html,2,2,0,12,100
/tr/3/howto/enum.html,2,2,0,14,100
/tr/3/howto/free-threading-python.html,2,2,0,9,100
/tr/3/howto/functional.html,2,2,0,22,100
/tr/3/howto/gdb_helpers.html,2,2,0,6,100
/tr/3/howto/ipaddress.html,2,2,0,10,100
/tr/3/howto/isolating-extensions.html,2,2,0,14,100
/tr/3/howto/logging.html,2,2,0,19,100
/tr/3/howto/perf_profiling.html,2,2,0,4,100
/tr/3/howto/timerfd.html,2,2,0,4,100
/tr/3/howto/urllib2.html,2,2,0,6,100
/tr/3/library/__main__.html,2,2,0,5,100
/tr/3/library/allos.html,2,2,0,7,100
/tr/3/library/asyncio-dev.html,2,2,0,4,100
/tr/3/library/bdb.html,2,2,0,5,100
/tr/3/library/cmd.html,2,2,0,9,100
/tr/3/library/ctypes.html,2,2,0,33,100
/tr/3/library/datatypes.html,2,2,0,3,100
/tr/3/library/debug.html,2,2,0,7,100
/tr/3/library/email.mime.html,2,2,0,8,100
/tr/3/library/fcntl.html,2,2,0,4,100
/tr/3/library/filecmp.html,2,2,0,4,100
/tr/3/library/filesys.html,2,2,0,3,100
/tr/3/library/glob.html,2,2,0,4,100
/tr/3/library/ipc.html,2,2,0,5,100
/tr/3/library/platform.html,2,2,0,13,100
/tr/3/library/pprint.html,2,2,0,13,100
/tr/3/library/shlex.html,2,2,0,12,100
/tr/3/library/socketserver.html,2,2,0,8,100
/tr/3/library/subprocess.html,2,2,0,23,100
/tr/3/library/time.html,2,2,0,154,24
/tr/3/library/venv.html,2,2,0,8,9
/tr/3/library/zipimport.html,2,2,0,4,100
/tr/3/tutorial/datastructures.html,2,2,100,6,7
/tr/3/tutorial/modules.html,2,1,0,19,14
/tr/3.12/,1,1,0,,
/tr/3.12/library/index.html,1,1,0,,
/tr/3.12/library/tk.html,1,1,100,31,100
/tr/3.12/tutorial/classes.html,1,1,100,144,26
/tr/3.12/tutorial/controlflow.html,1,1,100,,
/tr/3.13/installing/index.html,1,1,0,8,55
/tr/3.13/reference/expressions.html,1,1,0,2,3
/tr/3.13/tutorial/datastructures.html,1,1,100,6,40
/tr/3.13/tutorial/interpreter.html,1,1,100,0,26
/tr/3.13/tutorial/introduction.html,1,1,100,,
/tr/3.13/using/windows.html,1,1,0,6,4
/tr/3.14/extending/extending.html,1,1,0,2,2
/tr/3.14/installing/index.html,1,1,0,5,14
/tr/3.14/library/cmath.html,1,1,0,7,37
/tr/3.14/library/dataclasses.html,1,1,0,42,7
