name,version,visitors
Windows,10,6274
Mac,10.15,1442
GNU/Linux,(not set),251
Android,15,245
Windows,7,137
Android,10,118
iOS,18.6,99
Android,12,80
Android,14,55
iOS,18.5,47
HarmonyOS,(not set),37
Ubuntu,(not set),34
Android,13,33
(not set),(not set),23
Android,11,16
Windows,(not set),10
HarmonyOS,3.0,10
Mac,10.14,9
iOS,18.3,8
Windows,8,8
iOS,18.1,7
HarmonyOS,2.2,7
Windows,8.1,7
Mac,10.13,6
Android,9,6
iOS,13.6,5
iOS,18.4,5
Chrome OS,14541.0,4
iOS,4.3,4
Windows,Server 2003,4
Windows,XP,4
iOS,14.4,3
iOS,14.6,3
iOS,14.7,3
iOS,15.8,3
iOS,16.1,3
iOS,16.2,3
UOS,(not set),2
iOS,11.0,2
Mac,12.6,2
iPadOS,15.7,2
iPadOS,15.8,2
iOS,16.4,2
iOS,16.7,2
Android,5.1,2
Android,6.0,2
Android,8.0,2
Windows,NT,2
Mac,10.11,1
iOS,11.1,1
iOS,11.2,1
iPadOS,15.0,1
iPadOS,15.3,1
iOS,15.5,1
iOS,16.0,1
iOS,16.3,1
iOS,16.5,1
iOS,16.6,1
iPadOS,16.6,1
iOS,17.2,1
iPadOS,17.4,1
iPadOS,17.5,1
iOS,17.5,1
iOS,17.6,1
iOS,18.2,1
Android,8.1,1
Chrome OS,8172.45,1
