name,visitors
Bengaluru,235
New York City,223
Singapore,219
Chennai,205
Mumbai,204
London,187
Tokyo,173
Hyderabad,164
Paris,161
Chicago,157
Frankfurt am Main,151
San Jose,127
Munich,117
Beijing,113
Sydney,111
New Delhi,110
Los Angeles,109
Amsterdam,108
Ashburn,105
Toronto,103
Warsaw,101
Pune,100
Hong Kong,98
Reston,97
Melbourne,88
Madrid,87
Moscow,86
Zürich,81
Berlin,75
Seattle,73
Vienna,72
Ho Chi Minh City,69
Manchester,66
Shanghai,64
Tel Aviv,62
Montréal,62
Guangzhou,59
Taipei,57
São Paulo,57
Milan,56
Istanbul,54
Bangkok,54
Denver,52
Kolkata,50
Boston,50
Atlanta,48
Dublin,47
Budapest,44
Dallas,44
Hamburg,43
Santiago,42
San Francisco,42
Austin,41
Hangzhou,40
Stuttgart,40
Prague,40
Houston,40
Cairo,39
Osaka,39
Cape Town,39
Delhi,38
Shenzhen,38
Brisbane,38
Bogotá,38
Saint Petersburg,37
Helsinki,37
Rome,37
Lima,37
Kyiv,34
Hanoi,34
Stockholm,34
Washington,34
Coimbatore,33
Seoul,33
Ahmedabad,32
Karachi,31
Düsseldorf,31
Philadelphia,31
Auckland,30
Brussels,30
Kuala Lumpur,29
Sunnyvale,29
Tehran,28
Jakarta,28
Accra,28
Copenhagen,28
Oslo,28
Rio de Janeiro,28
Miami,28
Brooklyn,28
Dhaka,27
Jaipur,27
Portland,27
Vancouver,27
Ankara,26
Johannesburg,26
Dubai,25
Sofia,25
Chengdu,25
Lagos,25
Bucharest,24
Cochin,24
N/A,24
Athens,23
Lahore,23
Lucknow,23
Barcelona,23
Santa Clara,23
Boardman,23
Ottawa,23
Xi’an,22
N/A,22
Islamabad,21
Phoenix,21
Riyadh,20
Surat,20
Kathmandu,20
Quezon City,20
Perth,20
Lisbon,20
Noida,20
Jeddah,19
Bhopāl,19
Zhengzhou,19
Medellín,19
Orlando,19
Washington,19
Cambridge,19
Pittsburgh,19
Calgary,19
N/A,19
Gurgaon,18
Marseille,18
Gdańsk,18
Brasília,18
Tallinn,17
Patna,17
Phnom Penh,17
Oxford,17
Birmingham,17
Dresden,17
St. Louis,17
Lviv,16
Belgrade,16
Cambridge,16
Göteborg,16
Rotterdam,16
Lyon,16
Mexico City,16
Baltimore,16
Minneapolis,16
Abu Dhabi,15
Colombo,15
Nagpur,15
Bhubaneshwar,15
Taichung,15
Kraków,15
Fortaleza,15
Charlotte,15
Queens,15
Bristol,14
Utrecht,14
Köln,14
Benito Juarez,14
Columbus,14
Oakland,14
Nairobi,13
Vilnius,13
Minsk,13
Indore,13
Tashkent,13
Wuhan,13
Tianjin,13
Nanning,13
Adelaide,13
Leeds,13
Porto,13
Nürnberg,13
Mannheim,13
Karlsruhe,13
Toulouse,13
Brno,13
Poznań,13
Turin,13
Curitiba,13
Huntsville,13
San Diego,13
Sanaa,12
Kampala,12
Baku,12
Vijayawada,12
Yekaterinburg,12
Almaty,12
Canberra,12
Wellington,12
Nottingham,12
Hannover,12
Freiburg,12
Zagreb,12
Porto Alegre,12
Clarksburg,12
Council Bluffs,12
Detroit,12
Madison,12
Salt Lake City,12
Redmond,12
İzmir,11
Madurai,11
Manila,11
Nanjing,11
N/A,11
Seongnam-si,11
Abuja,11
Edinburgh,11
Coventry,11
Leipzig,11
Nantes,11
Camden Town,11
Belo Horizonte,11
Laurel,11
Cincinnati,11
Albuquerque,11
Mississauga,11
Addis Ababa,10
Riga,10
Dnipro,10
Salem,10
Nashik,10
Gandhinagar,10
Dehra Dūn,10
Chandīgarh,10
Bandung,10
Kaohsiung,10
N/A,10
N/A,10
Incheon,10
Abidjan,10
Bern,10
The Hague,10
Antwerpen,10
Heidelberg,10
Essen,10
Bremen,10
Bratislava,10
Zaragoza,10
Naples,10
Florence,10
Ljubljana,10
Aachen,10
N/A,10
Germantown,10
Arlington,10
Cleveland,10
Irvine,10
Las Vegas,10
Waterloo,10
Rostov-na-Donu,9
Thrissur,9
Da Nang,9
Semarang,9
Petaling Jaya,9
Suwon,9
Ibadan,9
Wandsworth,9
N/A,9
N/A,9
Basel,9
Haarlem,9
Innsbruck,9
Massy,9
N/A,9
Cali,9
Tampa,9
Columbia,9
Raleigh,9
San Antonio,9
Bothell,9
N/A,9
Jerusalem,8
Doha,8
Nizhniy Novgorod,8
Tbilisi,8
Tampere,8
Oulu,8
Rawalpindi,8
Ghāziābād,8
Allahābād,8
Bekasi,8
Tainan,8
Qingdao,8
Huizhou,8
Macau,8
Kinshasa,8
Cotonou,8
Valencia,8
Casablanca,8
City of Westminster,8
Southampton,8
Fulham,8
Didcot,8
