name,unique_entrances,total_entrances,visit_duration
/downloads/,133192,137593,108
/,91675,94602,123
/downloads/windows/,23642,24319,116
/downloads/release/python-3137/,19702,20035,111
/about/gettingstarted/,4480,4565,85
/downloads/macos/,3583,3633,78
/downloads/release/python-3100/,2651,2716,105
/search/,2497,2513,166
/downloads/release/python-3110/,2219,2283,98
/downloads/release/python-3120/,2117,2164,111
/doc/,1939,1972,96
/downloads/release/python-3106/,1732,1806,103
/downloads/release/python-3119/,1339,1383,77
/downloads/release/python-31011/,1040,1086,88
/psf-landing/,1028,1041,131
/downloads/release/python-3135/,1003,1036,86
/downloads/release/python-3130/,933,948,105
/downloads/source/,924,936,126
/downloads/release/python-390/,903,931,151
/downloads/release/python-3133/,777,791,125
/about/,718,728,146
/downloads/release/python-31113/,690,703,171
/shell/,645,664,86
/jobs/,627,641,118
/downloads/release/python-380/,607,617,137
/downloads/release/python-3136/,604,645,108
/getit/,597,609,150
/downloads/release/pymanager-250b13/,562,570,127
/downloads/android/,485,489,109
/download/other/,484,491,109
/downloads/release/python-31211/,456,459,173
/downloads/release/python-31210/,454,467,64
/about/apps/,430,432,111
/community/,429,435,151
/downloads/release/python-3810/,416,436,131
/downloads/release/python-31018/,411,423,188
/downloads/release/python-3124/,388,394,194
/download/pre-releases/,361,362,116
/downloads/release/python-370/,359,366,149
/doc/versions/,324,328,72
/downloads/release/python-3123/,311,317,94
/downloads/release/python-3913/,273,279,156
/download/releases/,262,262,175
/downloads/release/python-3109/,249,255,58
/downloads/release/python-2718/,239,245,109
/downloads/release/python-3132/,231,241,157
/downloads/release/python-3128/,218,224,96
/downloads/release/python-31010/,206,217,93
/download,200,201,94
/events/,193,195,64
/downloads/release/python-31012/,190,192,211
/downloads/release/python-360/,186,190,170
/downloads/release/python-3125/,179,180,79
/downloads/release/python-3127/,173,180,82
/download/releases/2.7/,166,166,74
/downloads/release/python-3118/,162,168,134
/downloads/release/python-3126/,162,167,90
/community/logos/,161,161,43
/doc/essays/blurb/,161,164,83
/downloads/release/python-3129/,161,166,94
/downloads/release/python-3114/,152,153,173
/download/releases/3.0/,151,154,128
/downloads/release/python-31013/,150,154,188
/downloads/release/python-3140rc2/,143,148,104
/downloads/release/python-3923/,139,141,152
/blogs/,138,144,183
/downloads/release/python-3820/,136,136,161
/downloads/release/python-3105/,132,140,90
/downloads/release/python-3116/,131,136,95
/downloads/release/python-31112/,123,124,171
/downloads/release/python-379/,117,121,145
/getit/windows/,114,117,68
/downloads/release/python-31111/,99,104,174
/downloads/release/python-3115/,97,97,178
/downloads/release/python-377/,95,96,139
/downloads/release/python-3134/,92,95,82
/downloads/release/python-3117/,91,93,108
/downloads/release/python-3122/,90,92,141
/downloads/release/python-3111/,88,94,90
/downloads/release/python-3121/,87,87,130
/downloads/release/python-31014/,85,88,258
/downloads/release/python-3131/,84,86,187
/downloads/release/python-31017/,82,82,298
/downloads/release/python-31110/,81,81,177
/success-stories/,81,85,107
/downloads/release/python-368/,80,83,177
/accounts/login/,76,76,172
/downloads/release/python-3108/,71,71,125
/downloads/release/python-386/,71,72,63
/downloads/release/python-382/,70,71,188
/downloads/release/python-31016/,68,69,221
/downloads/release/python-374/,68,68,194
/doc/av/,66,68,198
/downloads/release/python-388/,62,62,159
/downloads/release/python-396/,62,64,144
/community/sigs/current/mobile-sig/,61,61,42
/downloads/release/python-399/,61,61,193
/downloads/release/python-385/,60,61,157
/download/alternatives/,57,57,67
/downloads/release/python-3113/,56,57,60
/psf/donations/,56,59,81
/downloads/release/python-373/,55,57,144
/downloads/release/python-3922/,55,58,152
/downloads/release/python-3112/,54,55,209
/downloads/release/python-3717/,52,52,165
/downloads/release/python-397/,50,53,156
/about/help/,48,49,85
/downloads/release/python-31015/,47,47,175
/downloads/release/python-311/,47,47,146
/downloads/release/python-372/,47,47,125
/downloads/release/,45,46,123
/downloads/release/python-3107/,45,45,53
/psf/membership/,44,44,225
/downloads/release/python-376/,43,44,286
/downloads/release/python-391/,43,43,222
/downloads/release/python-3918/,43,43,252
/success-stories/category/education/,42,42,59
/downloads/release/python-392/,41,42,82
/downloads/release/python-395/,40,41,235
//downloads/,39,39,73
/downloads/release/python-3104/,39,39,110
/doc/sunset-python-2/,38,38,38
/downloads/release/python-272/,38,38,190
/jobs/7921/,38,40,81
/success-stories/category/engineering/,37,38,169
/about/quotes/,36,36,152
/downloads/release/python-3921/,36,36,283
/jobs/7923/,36,36,238
/download/releases/3.1/,35,36,94
/downloads/release/python-3910/,35,36,42
/downloads/release/python-3920/,35,36,89
/downloads/release/python-378/,34,34,80
/download/releases/2.5/msi/,33,33,32
/downloads/release/python-383/,33,33,129
/success-stories/category/business/,33,33,39
/downloads/release/python-381/,32,32,195
/downloads/release/python-340/,31,31,269
/downloads/release/python-3919/,31,32,151
/success-stories/category/arts/,31,32,80
/downloads/release/python-3818/,30,31,135
/events/python-events/,30,31,137
/community/forums/,29,34,144
/downloads/release/python-365/,29,30,88
/downloads/release/python-2714/,28,28,78
/downloads/release/python-363/,28,29,267
/downloads/release/python-387/,28,29,263
/success-stories/category/software-development/,28,28,449
/download/releases/2.0/,27,27,83
/downloads/release/python-3101/,27,27,159
/downloads/release/python-344/,27,27,235
/psf/sponsors/,27,27,61
/doc/essays/comparisons/,26,26,11
/dev/,25,25,128
/downloads/release/python-3819/,24,24,184
/downloads/release/python-3916/,24,25,268
/community/diversity/,23,23,118
/downloads/release/python-311x/,23,24,175
/downloads/release/python-371/,23,23,171
/downloads/release/python-3911/,23,23,102
/downloads/release/python-3912/,23,23,57
/doc/essays/graphs/,22,22,67
/download/mac/tcltk/,22,22,123
/download/releases/2.3/mro/,22,23,7
/downloads/release/python-3103/,22,23,47
/downloads/release/pymanager-250b12/,21,26,16
/downloads/release/python-2716/,21,21,106
/downloads/release/python-3102/,21,22,114
/downloads/release/python-350/,21,21,63
/accounts/signup/,20,21,376
/doc/humor/,20,20,61
/download/releases/2.1.3/notes/,20,20,111
/downloads/release/python-2715/,20,21,83
/downloads/release/python-3815/,20,20,121
/downloads/release/python-310/,19,19,107
/downloads/release/python-389/,19,19,190
/doc/essays/,18,18,270
/downloads/release/python-279/,18,19,108
/downloads/release/python-3615/,18,18,151
/events/python-user-group/2091/,18,19,89
/jobs/7950/,18,18,287
/pythonstandardlibrary.html,18,18,6
/users/far-cry-5-download-crack/,18,18,1
/),17,17,113
/community/workshops/,17,17,100
/downloads/release/python-3917/,17,19,112
/nominations/elections/2025-python-software-foundation-board/nominees/,17,17,8
/downloads/release/python-273/,16,16,135
/downloads/release/python-31114/,16,17,171
/downloads/release/python-398/,16,16,131
/jobs/7946/,16,16,234
/psf/about/,16,16,34
/community/irc/,15,15,154
/download/releases/3.2/,15,15,146
/downloads/release/python-2710/,15,15,171
/downloads/release/python-300/,15,15,102
/downloads/release/python-312/,15,15,129
/downloads/release/python-3510/,15,15,424
/downloads/release/python-352/,15,17,158
/jobs/7948/,15,15,326
/about/success/,14,15,47
/downloads/),14,14,15
/downloads/release/python-3410/,14,14,102
/downloads/release/python-367/,14,14,9
/downloads/release/python-3811/,14,15,50
/community/lists/,13,13,146
/downloads/release/python-201/,13,13,47
/downloads/release/python-270/,13,13,6
/downloads/release/python-330/,13,13,230
/downloads/release/python-343/,13,13,365
/downloads/release/python-38/,13,14,181
/downloads/windows/index.html,13,13,232
/dev/core-mentorship/,12,12,3
/downloads/release/python-2717/,12,12,30
/downloads/release/python-361/,12,12,587
/downloads/release/python-369/,12,12,88
/downloads/release/python-375/,12,17,5
/downloads/release/python-3817/,12,12,50
/events/python-events/1982/,12,12,154
/events/python-user-group/,12,12,118
/success-stories/category/scientific/,12,12,23
/dowloads/,11,11,511
/download/releases/1.6.1/,11,11,423
/downloads/release/python-275/,11,11,136
/downloads/release/python-301/,11,11,304
/downloads/release/python-31212/,11,11,156
/downloads/release/python-353/,11,11,112
/downloads/release/python-364/,11,11,46
/downloads/release/python-3710/,11,11,222
/downloads/release/python-3714/,11,11,311
/downloads/release/python-3715/,11,11,149
/downloads/release/python-3716/,11,11,334
/downloads/release/python-394/,11,11,17
/jobs/7947/,11,11,176
/dev/security/,10,10,10
/downloads.,10,10,30
/downloads/-----------------------------------------------------------------------------------------/,10,10,72
/downloads/release/python-2712/,10,10,183
/downloads/release/python-277/,10,10,92
/downloads/release/python-351/,10,10,190
/downloads/release/python-362/,10,10,124
/downloads/release/python-366/,10,11,80
/events/python-events/2027/,10,10,141
/psf/sponsorship/,10,10,47
/users/Download-Toilet-Ek-Prem-Katha/,10,10,5
/download/releases/2.4/msi/,9,9,82
/downloads/release/python-254/,9,9,25
/downloads/release/python-278/,9,9,166
/downloads/release/python-3140b3/,9,9,7
/downloads/release/python-3816/,9,9,104
/psf/grants/,9,9,12
/dowloads,8,8,94
/downloads/release/python-276/,8,8,169
/events/calendars/,8,8,134
/psf/trademarks/,8,8,68
/psf/volunteer/,8,8,15
/accounts/confirm-email/,7,7,169
/community/microbit/,7,7,116
/dev/buildbot/,7,7,0
/downloads/release/pymanager-250b9/,7,7,12
/downloads/release/python-271/,7,7,21
/downloads/release/python-2713/,7,7,501
/downloads/release/python-3713/,7,7,125
/downloads/release/python-3812/,7,7,57
/downloads/release/python-386rc1/,7,7,388
/jobs/7929/,7,7,645
/jobs/7944/,7,7,0
/jobs/type/back-end/,7,7,97
/psf/donations/python-dev/,7,7,231
/users/Dezzy40/,7,7,62
/doc/Copyright.html,6,6,1
/doc/essays/styleguide/,6,6,0
/downloads/Winsta0/,6,6,0
/downloads/](https://www.python.org/downloads/),6,7,6
/downloads/operating-systems/,6,6,386
/downloads/release/python-266/,6,6,1
/downloads/release/python-2711/,6,7,0
/downloads/release/python-3110rc2/,6,6,42
/downloads/release/python-313/,6,6,50
/downloads/release/python-314/,6,6,14
/downloads/release/python-3140a4/,6,6,0
/downloads/release/python-3140rc1/,6,7,249
/downloads/release/python-335/,6,6,12
/downloads/release/python-3915/,6,6,132
/events/python-user-group/past/,6,6,11
/jobs/location/telecommute/,6,6,45
/psf/newsletter/,6,6,18
/success-stories/category/data-science/,6,6,14
/success-stories/python-on-arm-2025-update/,6,6,15
/success-stories/python-seo-link-analyzer/,6,6,116
/users/Tekken7/,6,6,9
/）,6,6,48
/ downloads/windows/,5,5,65
/about/success/forecastwatch/,5,5,9
/community/awards/,5,5,104
/community/awards/psf-awards/,5,5,54
/community/sigs/current/edu-sig/,5,5,20
/doc/copyright/,5,5,0
/doc/essays/omg-darpa-mcc-position/,5,5,0
/download/releases/1.5/,5,5,4
/download/releases/2.6/,5,5,134
