name,unique_exits,total_exits,exit_rate
/tr/3/installing/index.html,11,11,
/dev/using/windows.html,7,7,
/tr/3.14/,7,7,
/tr/3.15/using/windows.html,6,7,
/tr/3.14/search.html,5,6,
/tr/3.14/tutorial/index.html,4,4,
/tr/3/library/index.html,4,4,
/tr/3/tutorial/index.html,4,4,
/3.15/using/windows.html,3,3,
/3/,3,3,
/tr/3.12/tutorial/datastructures.html,3,3,
/tr/3.13/index.html,3,4,
/tr/3.14/whatsnew/3.14.html,3,3,
/tr/3.15/tutorial/controlflow.html,3,3,
/tr/3/,3,3,
/tr/3/tutorial/appetite.html,3,3,
/tr/3/tutorial/datastructures.html,3,3,
/tr/3/tutorial/introduction.html,3,3,
/3/library/index.html,2,2,
/3/search.html,2,2,
/tr/3.12/tutorial/index.html,2,2,
/tr/3.13/tutorial/introduction.html,2,2,
/tr/3.14/library/string.html,2,2,
/tr/3.14/reference/introduction.html,2,2,
/tr/3.14/using/windows.html,2,2,
/tr/3/library/functions.html,2,2,
/tr/3/tutorial/controlflow.html,2,2,
/tr/3/tutorial/interpreter.html,2,2,
/tr/3/tutorial/modules.html,2,2,
/tr/3/using/windows.html,2,2,
/3.12/tutorial/errors.html,1,1,
/3.13/tutorial/index.html,1,1,
/3.13/using/windows.html,1,1,
/3.14/,1,1,
/3.14/download.html,1,1,
/3.14/library/exceptions.html,1,1,
/3.14/library/tkinter.colorchooser.html,1,1,
/3.14/search.html,1,1,
/3.14/tutorial/index.html,1,1,
/3.14/using/windows.html,1,1,
/3.14/whatsnew/3.14.html,1,1,
/3.15/tutorial/interpreter.html,1,1,
/3.15/whatsnew/3.15.html,1,1,
/3/howto/unicode.html,1,1,
/3/library/math.html,1,1,
/3/library/modulefinder.html,1,1,
/3/library/stdtypes.html,1,1,
/3/library/string.html,1,1,
/3/py-modindex.html,1,1,
/tr/3.12/tutorial/classes.html,1,0,
/tr/3.12/tutorial/modules.html,1,1,
/tr/3.13/library/stdtypes.html,1,1,
/tr/3.13/library/tkinter.html,1,1,
/tr/3.13/tutorial/index.html,1,1,
/tr/3.13/using/windows.html,1,1,
/tr/3.14/download.html,1,1,
/tr/3.14/howto/sorting.html,1,1,
/tr/3.14/index.html,1,1,
/tr/3.14/installing/index.html,1,1,
/tr/3.14/library/collections.html,1,1,
/tr/3.14/library/concurrent.futures.html,1,1,
/tr/3.14/library/distutils.html,1,1,
/tr/3.14/library/index.html,1,1,
/tr/3.14/library/intro.html,1,1,
/tr/3.14/library/numbers.html,1,1,
/tr/3.14/library/socket.html,1,1,
/tr/3.14/library/stdtypes.html,1,1,
/tr/3.14/library/sys.html,1,1,
/tr/3.14/library/tkinter.html,1,1,
/tr/3.14/license.html,1,1,
/tr/3.14/tutorial/interpreter.html,1,1,
/tr/3.14/tutorial/introduction.html,1,1,
/tr/3.14/tutorial/modules.html,1,1,
/tr/3.14/whatsnew/index.html,1,1,
/tr/3.15/index.html,1,1,
/tr/3.15/tutorial/,1,1,
/tr/3.15/tutorial/appetite.html,1,1,
/tr/3.15/tutorial/datastructures.html,1,1,
/tr/3.15/tutorial/interpreter.html,1,1,
/tr/3.15/whatsnew/3.11.html,1,1,
/tr/3/about.html,1,1,
/tr/3/c-api/refcounting.html,1,1,
/tr/3/c-api/sys.html,1,1,
/tr/3/c-api/unicode.html,1,1,
/tr/3/glossary.html,1,1,
/tr/3/howto/argparse-optparse.html,1,1,
/tr/3/library/codecs.html,1,1,
/tr/3/library/concurrent.futures.html,1,1,
/tr/3/library/curses.html,1,1,
/tr/3/library/email.errors.html,1,1,
/tr/3/library/gc.html,1,1,
/tr/3/library/gettext.html,1,1,
/tr/3/library/math.html,1,1,
/tr/3/library/token.html,1,1,
/tr/3/library/xmlrpc.client.html,1,1,
/tr/3/library/xmlrpc.server.html,1,1,
/tr/3/reference/executionmodel.html,1,1,
/tr/3/whatsnew/3.14.html,1,1,
/zh-cn/3.13/library/functions.html,1,1,
/zh-cn/3.15/using/windows.html,1,1,
