name,visitors,bounce_rate,visit_duration
google.com,1704,75,192
Direct / None,671,64,308
bing.com,152,74,153
google.fr,119,76,193
duckduckgo.com,49,76,831
search.brave.com,47,67,245
qwant.com,44,66,740
python.org,37,0,451
ecosia.org,34,88,70
openclassrooms.com,22,78,123
chatgpt.com,16,53,110
capytale2.ac-paris.fr,8,55,748
app.datascientist.fr,7,57,272
fr.search.yahoo.com,7,67,23
learning.esiea.fr,6,55,143
view.genially.com,5,80,6
view.genially.com/66e83a18949607840f23ce62,5,75,214
docs.google.com,3,100,0
google.ca,3,100,0
nb.anaconda.cloud,3,50,10
afpy.org,2,0,91
bing.com/search,2,100,0
cn.bing.com,2,50,197
developpez.net,2,100,191
fastapi.tiangolo.com,2,100,0
github.com,2,100,0
mobiletips.in,2,50,8
pixees.fr,2,100,0
python.lycee.free.fr,2,0,50
sites.google.com,2,50,958
statics.teams.cdn.office.net,2,100,0
udemy.com,2,100,0
wiki.python.org,2,50,418
0511147v.moodle.monbureaunumerique.fr,1,100,0
app.aluracursos.com,1,0,117
boot.dev,1,0,230
ca.search.yahoo.com,1,100,0
cedric.cnam.fr,1,100,0
chat.mistral.ai,1,100,0
chatdemo.c0.cloud-pi-native.com,1,0,72
cs50.harvard.edu,1,0,2093
debian-fr.org,1,100,0
denishulo.developpez.com/tutoriels/python/interface-graphique-tkinter,1,100,0
deusyss.developpez.com/tutoriels/Python/heritage_metaclasse,1,50,150
dev.azure.com,1,0,391
digitalocean.com,1,0,0
docs.builtoncement.com/extensions/argparse,1,0,6673
exegol.readthedocs.io/en/latest/getting-started/install.html,1,0,39
facebook.com,1,100,0
fc.univ-paris1.fr,1,100,0
freecodecamp.org/news/python-for-loop-for-i-in-range-example,1,0,885
fsg-pax-a-jhn01.fsg.ulaval.ca,1,100,0
fsg-pax-p-jhn01.pax.ulaval.ca,1,100,0
gateway.zscalertwo.net,1,100,0
github-am.geo.conti.de,1,0,239
github.com/L-Dev31/Hoshi-Iso-Builder,1,0,132
github.com/python/python-docs-fr,1,0,8
google.ci,1,100,0
google.co.kr,1,0,37
google.co.ma,1,100,0
google.com.hk,1,0,455
google.com.sa,1,100,0
gstatic.com,1,100,0
habr.com/ru/companies/ruvds/articles/901240,1,0,2053
informatique-lycee.forge.apps.education.fr,1,100,0
intranet.hbtn.io,1,0,5069
jhub3.cnam.fr,1,100,0
jupyterlabnext-2-labs-prod-jupyterlab-us-east-0.labs.cognitiveclass.ai,1,0,53
kitt.lewagon.com,1,0,2501
lascientotheque.github.io,1,100,0
m.baidu.com,1,100,0
magnard.fr,1,100,0
math.sciences.univ-nantes.fr,1,100,0
math93.com,1,100,0
moodle.polymtl.ca,1,100,0
moodle.unil.ch,1,100,0
odwebp.svc.ms,1,0,2933
packaging.python.org/en/latest/tutorials/packaging-projects,1,0,260
pandas.pydata.org,1,0,23
peps.python.org,1,0,318
perplexity.ai,1,100,0
pillow.readthedocs.io/en/stable/reference/Image.html,1,0,310
portail.uqar.ca,1,100,0
presearch.com,1,100,0
python.developpez.com/tutoriel/intro-flask-python3,1,100,0
r.search.yahoo.com/_ylt=Awr.rA3a3QdoJQIAtowk24lQ;_ylu=Y29sbwNpcjIEcG9zAzEEdnRpZAMEc2VjA3Ny/RV=2/RE=1746555610/RO=10/RU=https%3a%2f%2fdocs.python.org%2ffr%2f3%2flibrary%2frandom.html/RK=2/RS=TvBx4rq_sJLaV0uXBzUSt88.a68-,1,100,0
realpython.com,1,0,544
recrutements.cri.epita.fr,1,0,45
schooding.fr,1,100,0
scikit-learn.org,1,0,213
stackoverflow.com,1,0,89
youcare.world,1,100,0
youtube.com,1,0,1219
zestedesavoir.com,1,100,0
