name,visitors,pageviews,bounce_rate,time_on_page,scroll_depth
/3/,11709,14267,57,18,74
/3/library/functions.html,5813,6463,78,207,44
/3/library/stdtypes.html,5544,6566,77,275,38
/3/tutorial/index.html,5446,6985,62,42,57
/3/search.html,3738,5518,39,20,48
/3/whatsnew/3.14.html,3637,4090,80,88,21
/3/library/index.html,3340,4181,58,45,40
/3/tutorial/datastructures.html,3106,3447,77,103,45
/3/library/venv.html,2886,3086,91,37,30
/3/tutorial/controlflow.html,2534,2705,78,282,41
/3/tutorial/,2501,3774,69,28,50
/3/library/datetime.html,2133,2459,81,93,38
/3/library/math.html,2063,2272,83,48,35
/3/tutorial/introduction.html,1978,2216,74,159,58
/3/library/random.html,1966,2094,87,52,33
/3/library/idle.html,1962,2211,78,23,32
/3/library/tkinter.html,1962,2274,75,47,31
/3/using/windows.html,1818,1913,78,41,16
/3/library/turtle.html,1737,2074,84,72,31
/3/tutorial/interpreter.html,1671,1772,70,219,76
/3/library/re.html,1568,1758,86,65,36
/3/tutorial/classes.html,1463,1534,83,110,46
/3/library/typing.html,1404,1556,80,48,25
/3/glossary.html,1331,1348,66,69,47
/3/tutorial/appetite.html,1302,1226,49,69,85
/3/tutorial/errors.html,1284,1355,76,68,34
/3/library/string.html,1274,1358,79,53,40
/3/tutorial/inputoutput.html,1263,1517,75,74,46
/3/library/exceptions.html,1192,1281,80,42,45
/3/library/csv.html,1187,1301,87,50,37
/3/library/os.html,1184,1327,75,53,33
/3/library/collections.html,1108,1170,85,83,39
/3/reference/datamodel.html,1093,1213,75,66,46
/3/reference/index.html,1051,1294,48,152,66
/3/tutorial/modules.html,1029,1081,79,91,51
/3/library/pathlib.html,1006,1088,83,57,37
/3/library/itertools.html,975,1075,83,65,31
/3/library/argparse.html,970,1082,83,87,30
/3/py-modindex.html,912,1116,67,31,48
/3/library/sqlite3.html,825,940,85,84,31
/3/library/logging.html,815,921,79,64,34
/3/library/time.html,811,877,83,42,38
/3/library/dataclasses.html,763,831,83,52,32
/3/library/threading.html,751,814,75,75,35
/3/installing/index.html,748,725,75,32,61
/3/library/subprocess.html,748,862,83,59,30
/3/library/json.html,723,803,81,49,34
/3/tutorial/venv.html,712,755,86,35,51
/3/library/heapq.html,703,790,87,109,49
/3/howto/sorting.html,694,751,80,54,35
/3/library/multiprocessing.html,691,820,77,86,30
/3/reference/expressions.html,687,722,81,85,60
/3/contents.html,683,740,50,28,11
/3/library/asyncio.html,681,900,64,88,71
/3/library/sys.html,677,733,75,49,32
/3/reference/lexical_analysis.html,656,712,80,80,49
/zh-cn/3/tutorial/index.html,643,920,50,36,59
/3/index.html,616,704,49,19,77
/3/library/asyncio-task.html,612,682,79,89,37
/3/reference/compound_stmts.html,609,661,68,1156,34
/3/library/unittest.html,607,711,87,231,22
/3/library/socket.html,583,653,78,64,39
/3/library/os.path.html,571,610,76,54,47
/3/library/functools.html,555,615,80,66,42
/3/download.html,545,534,45,26,92
/3/library/profile.html,532,572,96,33,34
/3/library/,509,644,66,48,39
/3/library/enum.html,507,574,84,51,29
/es/3/tutorial/,488,639,60,50,52
/3/using/mac.html,479,525,73,59,49
/3/library/concurrent.futures.html,477,534,78,87,44
/zh-cn/3/,454,572,52,12,78
/3/library/io.html,449,554,69,273,46
/3/using/cmdline.html,449,462,76,36,33
/3/using/index.html,410,492,51,18,72
/3/license.html,393,418,80,32,21
/3/library/pickle.html,387,416,86,47,25
/3/library/hashlib.html,386,448,79,53,29
/3/reference/simple_stmts.html,383,408,66,314,53
/fr/3/tutorial/,375,486,62,45,54
/3/library/struct.html,352,392,85,49,39
/3/using/android.html,331,411,69,36,79
/3/howto/regex.html,328,359,83,104,36
/3/library/shutil.html,322,356,80,131,32
/zh-cn/3/library/index.html,320,405,47,49,51
/3/reference/import.html,318,333,83,44,33
/3/howto/logging.html,316,339,82,72,27
/3/library/operator.html,316,335,81,38,43
/3/library/pdb.html,315,358,86,55,33
/3/library/asyncio-eventloop.html,294,323,74,55,32
/3/library/copy.html,285,318,87,31,68
/3/library/queue.html,284,326,78,47,52
/3/tutorial/floatingpoint.html,282,308,87,68,42
/3/library/xml.etree.elementtree.html,271,314,87,85,28
/3/library/abc.html,269,291,85,46,43
/3/library/intro.html,269,266,48,50,71
/zh-cn/3/library/idle.html,264,287,67,25,30
/3/whatsnew/3.13.html,263,290,80,46,13
/3/library/http.server.html,262,297,84,39,37
/3/library/http.cookies.html,259,278,99,47,29
