property,value,visitors,events,percentage
url,(none),17717,25709,99.5
url,https://bootstrap.pypa.io/get-pip.py,351,388,2.0
url,https://docs.python-guide.org/starting/installation/#installation,192,205,1.1
url,https://www.python.org/,187,198,1.1
url,https://opentechschool.github.io/python-beginners/en/getting_started.html#what-is-python-exactly,111,123,0.6
url,https://docs.python.org/3/library/venv.html,36,40,0.2
url,https://pip.pypa.io/,30,32,0.2
url,https://pip.pypa.io/en/latest/user_guide/#requirements-files,29,31,0.2
url,https://github.com/pypa/pip,23,23,0.1
url,https://peps.python.org/pep-0639/,22,23,0.1
url,https://pypi.org/,22,24,0.1
url,https://docs.python.org/3/tutorial/modules.html#packages,20,22,0.1
url,https://setuptools.pypa.io/en/latest/userguide/miscellaneous.html,19,20,0.1
url,https://spdx.org/licenses/,17,21,0.1
url,https://pip.pypa.io/en/latest/topics/secure-installs/,16,16,0.1
url,https://pypi.org/project/pip/,16,16,0.1
url,https://setuptools.readthedocs.io/en/latest/,14,14,0.1
url,http://doc.devpi.net/latest/,13,13,0.1
url,https://choosealicense.com/,12,13,0.1
url,https://github.com/pypa/sampleproject/blob/db5806e0a3204034c51b1c00dde7d5eb3fa2532e/setup.py,12,13,0.1
url,https://pypi.org/classifiers,12,12,0.1
url,https://www.pypa.io/en/latest/,12,13,0.1
url,https://docs.python.org/3/library/ensurepip.html,11,11,0.1
url,https://pip.pypa.io/en/latest/,11,13,0.1
url,https://github.com/pypa/sampleproject,10,12,0.1
url,https://pypi.org/classifiers/,10,13,0.1
url,https://setuptools.pypa.io/en/latest/userguide/development_mode.html,10,10,0.1
url,https://brew.sh/,9,9,0.1
url,https://pip.pypa.io/en/latest/user_guide/#user-installs,8,8,0.0
url,https://github.com/pypa/setuptools,7,7,0.0
url,https://hatch.pypa.io/latest/,7,8,0.0
url,https://peps.python.org/pep-0518/,7,7,0.0
url,https://pip.pypa.io/en/latest/cli/,7,7,0.0
url,https://setuptools.pypa.io/en/latest/userguide/pyproject_config.html#dynamic-metadata,7,7,0.0
url,https://devpi.net/docs/devpi/devpi/latest/+doc/index.html,6,6,0.0
url,https://github.com/pypa/packaging.python.org,6,6,0.0
url,https://iscinumpy.dev/post/bound-version-constraints/#pinning-the-python-version-is-special,6,6,0.0
url,https://pip.pypa.io/en/latest/cli/pip_install/#pip-install,6,6,0.0
url,https://setuptools.pypa.io/en/latest/userguide/entry_point.html,6,6,0.0
url,https://test.pypi.org/account/register/,6,6,0.0
url,https://test.pypi.org/manage/account/#api-tokens,6,6,0.0
url,https://peps.python.org/pep-0621/#license,5,5,0.0
url,https://pipx.pypa.io/,5,5,0.0
url,https://pyinstaller.readthedocs.io/en/stable/,5,5,0.0
url,https://pypi.org/project/requests/,5,5,0.0
url,https://semver.org/,5,5,0.0
url,https://datatracker.ietf.org/doc/html/rfc2119.html,4,5,0.0
url,https://docs.anaconda.com/anaconda/,4,4,0.0
url,https://github.com/pypa/pipenv,4,4,0.0
url,https://hatch.pypa.io/latest/config/metadata/,4,4,0.0
url,https://pypi.org/project/py2exe/,4,4,0.0
url,https://pypi.org/project/setuptools,4,4,0.0
url,https://python-poetry.org/,4,4,0.0
url,https://test.pypi.org/help/#apitoken,4,4,0.0
url,https://developers.redhat.com/products/softwarecollections/overview,3,3,0.0
url,https://docs.python.org/3/library/http.server.html,3,3,0.0
url,https://github.com/devpi/devpi/issues,3,3,0.0
url,https://github.com/pypa/hatch,3,3,0.0
url,https://github.com/pypa/packaging-problems,3,3,0.0
url,https://github.com/pypa/packaging.python.org/edit/main/source/tutorials/packaging-projects.rst,3,3,0.0
url,https://github.com/pypa/pip/issues/1668,3,3,0.0
url,https://github.com/pypa/pipfile,3,3,0.0
url,https://github.com/pypa/pipx,3,4,0.0
url,https://github.com/pypa/sampleproject/blob/db5806e0a3204034c51b1c00dde7d5eb3fa2532e/setup.cfg,3,3,0.0
url,https://github.com/pypa/trove-classifiers,3,3,0.0
url,https://peps.python.org/pep-0427/,3,3,0.0
url,https://peps.python.org/pep-0508/,3,3,0.0
url,https://peps.python.org/pep-0517/,3,3,0.0
url,https://pip.pypa.io/en/latest/topics/vcs-support/#vcs-support,3,3,0.0
url,https://pip.pypa.io/en/stable/user_guide/#user-installs,3,3,0.0
url,https://scipy.org/install/,3,3,0.0
url,https://setuptools-scm.readthedocs.io/en/latest/,3,3,0.0
url,https://setuptools.pypa.io/en/latest/userguide/index.html,3,3,0.0
url,https://setuptools.pypa.io/en/latest/userguide/pyproject_config.html,3,4,0.0
url,https://spdx.github.io/spdx-spec/v2.2.2/other-licensing-information-detected/,3,3,0.0
url,https://www.python.org/downloads/,3,3,0.0
url,https://backend.pdm-project.org/,2,2,0.0
url,https://bandersnatch.readthedocs.io/,2,2,0.0
url,https://blog.ganssle.io/articles/2021/10/setup-py-deprecated.html,2,2,0.0
url,https://build.pypa.io/en/stable/index.html,2,2,0.0
url,https://conda.io/projects/conda-build/en/latest/user-guide/tutorials/index.html,2,2,0.0
url,https://console.cloud.google.com/bigquery?pli=1&p=bigquery-public-data&d=pypi&t=file_downloads&page=table,2,2,0.0
url,https://copr.fedorainfracloud.org/coprs/pypa/pypa/,2,2,0.0
url,https://docs.python.org/3/library/importlib.metadata.html#module-importlib.metadata,2,2,0.0
url,https://docs.python.org/3/library/pkgutil.html#pkgutil.iter_modules,2,2,0.0
url,https://docs.python.org/3/library/sysconfig.html#sysconfig.get_platform,2,2,0.0
url,https://en.wikipedia.org/wiki/Linux_distribution,2,2,0.0
url,https://flit.pypa.io/en/stable/pyproject_toml.html,2,2,0.0
url,https://github.com/EpicWink/proxpi,2,2,0.0
url,https://github.com/hauntsaninja/nginx_pypi_cache,2,2,0.0
url,https://github.com/jazzband/pip-tools/,2,2,0.0
url,https://github.com/linkedin/shiv#user-content-shiv,2,2,0.0
url,https://github.com/marketplace/actions/pypi-publish,2,2,0.0
url,https://github.com/pypa/build,2,2,0.0
url,https://github.com/pypa/packaging-problems/issues/new?template=packaging_tutorial.yml&title=Trouble+with+the+packaging+tutorial&guide=https://packaging.python.org/tutorials/packaging-projects,2,2,0.0
url,https://github.com/pypa/packaging.python.org/blob/main/source/tutorials/installing-packages.rst?plain=true,2,2,0.0
url,https://github.com/pypa/packaging.python.org/blob/main/source/tutorials/packaging-projects.rst?plain=true,2,2,0.0
url,https://github.com/pypa/packaging.python.org/edit/main/source/tutorials/installing-packages.rst,2,2,0.0
url,https://github.com/pypa/pip/issues,2,2,0.0
url,https://github.com/pypa/sampleproject/tree/main/src/sample,2,2,0.0
url,https://github.com/pypa/twine,2,2,0.0
url,https://github.com/pypa/virtualenv,2,2,0.0
url,https://github.com/python-poetry/poetry,2,2,0.0
url,https://github.com/python/cpython/blob/main/Lib/datetime.py,2,5,0.0
url,https://github.com/python/cpython/blob/main/Modules/_datetimemodule.c,2,2,0.0
url,https://github.com/toml-lang/toml,2,2,0.0
url,https://kivy.org/,2,2,0.0
url,https://numpy.org/,2,3,0.0
url,https://packaging.pypa.io/en/latest/index.html,2,2,0.0
url,https://pandas-gbq.readthedocs.io/en/latest/,2,2,0.0
url,https://peps.python.org/pep-0345/,2,2,0.0
url,https://pip.pypa.io/en/latest/cli/pip_install/#install-no-binary,2,2,0.0
url,https://pipenv.pypa.io/en/latest/index.html,2,3,0.0
url,https://pradyunsg.me/,2,2,0.0
url,https://pypi.org/project/hatch,2,2,0.0
url,https://pypi.org/project/hatchling/,2,2,0.0
url,https://pypi.org/project/pex/,2,2,0.0
url,https://pypi.org/project/zc.buildout,2,2,0.0
url,https://sethmlarson.dev/pep-440,2,2,0.0
url,https://setuptools.pypa.io/,2,2,0.0
url,https://setuptools.pypa.io/en/latest/references/keywords.html,2,2,0.0
url,https://setuptools.readthedocs.io/en/latest/deprecated/easy_install.html#natural-script-launcher,2,2,0.0
url,https://stackoverflow.com/a/14638025,2,2,0.0
url,https://test.pypi.org/,2,2,0.0
url,https://toml.io/,2,2,0.0
url,https://twine.readthedocs.io/en/latest/,2,2,0.0
url,https://twistedmatrix.com/,2,2,0.0
url,https://wheel.readthedocs.io/en/latest/,2,2,0.0
url,https://www.activestate.com/products/python/,2,2,0.0
url,https://www.sphinx-doc.org/en/master/tutorial,2,2,0.0
url,https://0ver.org/,1,1,0.0
url,https://aws.amazon.com/s3/,1,1,0.0
url,https://bitbucket.org/pypa,1,1,0.0
url,https://boltons.readthedocs.io/en/latest/architecture.html,1,1,0.0
url,https://bottlepy.org/docs/dev/tutorial.html,1,1,0.0
url,https://calver.org/,1,1,0.0
url,https://click.palletsprojects.com/,1,1,0.0
url,https://conda.io/projects/conda-build/en/latest/user-guide/tutorials/build-pkgs-skeleton.html,1,1,0.0
url,https://datatracker.ietf.org/doc/html/rfc3986.html,1,5,0.0
url,https://developer.fedoraproject.org/tech/languages/python/python-installation.html,1,1,0.0
url,https://discuss.python.org/c/packaging,1,1,0.0
url,https://docs.github.com/en/actions/deployment/targeting-different-environments/using-environments-for-deployment#deployment-protection-rules,1,1,0.0
url,https://docs.pulpproject.org/pulp_python/,1,1,0.0
url,https://docs.pypi.org/trusted-publishers/,1,1,0.0
url,https://docs.python.org/3/c-api/stable.html,1,1,0.0
url,https://docs.python.org/3/library/importlib.metadata.html,1,1,0.0
url,https://docs.python.org/3/library/importlib.metadata.html#importlib.metadata.EntryPoint,1,1,0.0
url,https://docs.python.org/3/library/importlib.metadata.html#importlib.metadata.entry_points,1,1,0.0
url,https://docs.python.org/3/library/importlib.metadata.html#importlib.metadata.version,1,1,0.0
url,https://docs.python.org/3/library/re.html#re.IGNORECASE,1,1,0.0
url,https://docs.python.org/3/library/runpy.html#module-runpy,1,1,0.0
url,https://docs.python.org/3/library/site.html#index-2,1,1,0.0
url,https://docs.python.org/3/library/ssl.html#module-ssl,1,1,0.0
url,https://docs.python.org/3/library/sys.html#sys.platform,1,1,0.0
url,https://en.wikipedia.org/wiki/Anaconda_(Python_distribution),1,1,0.0
url,https://fedoraproject.org/wiki/EPEL,1,1,0.0
url,https://fedoraproject.org/wiki/Infrastructure/Fedorahosted-retirement,1,1,0.0
url,https://files.pythonhosted.org/packages/eb/45/79be82bdeafcecb9dca474cad4003e32ef8e4a0dec6abbd4145ccb02abe1/sampleproject-1.2.0.tar.gz,1,1,0.0
url,https://flit.pypa.io/en/stable/,1,1,0.0
url,https://fpm.readthedocs.io/en/latest/cli-reference.html#virtualenv,1,1,0.0
url,https://github.com/PyCQA/flake8,1,1,0.0
url,https://github.com/actions/upload-artifact,1,1,0.0
url,https://github.com/conda/constructor,1,1,0.0
url,https://github.com/features/actions,1,1,0.0
url,https://github.com/ofek/pypinfo,1,1,0.0
url,https://github.com/pantsbuild/pex#user-content-pex,1,1,0.0
url,https://github.com/pradyunsg/furo,1,1,0.0
url,https://github.com/pypa/auditwheel,1,2,0.0
url,https://github.com/pypa/bandersnatch,1,1,0.0
url,https://github.com/pypa/packaging.python.org/blob/main/source/discussions/distribution-package-vs-import-package.rst?plain=true,1,1,0.0
url,https://github.com/pypa/packaging.python.org/blob/main/source/guides/index.rst?plain=true,1,1,0.0
url,https://github.com/pypa/packaging.python.org/blob/main/source/guides/installing-using-pip-and-virtual-environments.rst?plain=true,1,1,0.0
url,https://github.com/pypa/packaging.python.org/blob/main/source/guides/writing-pyproject-toml.rst?plain=true,1,1,0.0
url,https://github.com/pypa/packaging.python.org/blob/main/source/overview.rst?plain=true,1,1,0.0
url,https://github.com/pypa/packaging.python.org/blob/main/source/specifications/section-distribution-metadata.rst?plain=true,1,1,0.0
url,https://github.com/pypa/packaging.python.org/edit/main/source/guides/distributing-packages-using-setuptools.rst,1,1,0.0
url,https://github.com/pypa/packaging.python.org/edit/main/source/guides/hosting-your-own-index.rst,1,1,0.0
url,https://github.com/pypa/packaging.python.org/edit/main/source/index.rst,1,1,0.0
url,https://github.com/pypa/packaging.python.org/edit/main/source/news.rst,1,1,0.0
url,https://github.com/pypa/packaging.python.org/edit/main/source/overview.rst,1,1,0.0
url,https://github.com/pypa/packaging.python.org/edit/main/source/specifications/core-metadata.rst,1,1,0.0
url,https://github.com/pypa/packaging.python.org/edit/main/source/tutorials/managing-dependencies.rst,1,2,0.0
url,https://github.com/pypa/pipenv/issues,1,1,0.0
url,https://github.com/pypa/sampleproject/blob/main/LICENSE.txt,1,1,0.0
url,https://github.com/pypa/setuptools/blob/v75.6.0/pyproject.toml,1,1,0.0
url,https://github.com/pypa/warehouse/issues,1,1,0.0
url,https://github.com/pypiserver/pypiserver,1,1,0.0
url,https://github.com/python-poetry/poetry/issues/9670,1,1,0.0
url,https://github.com/python/cpython/issues,1,1,0.0
url,https://github.com/pywharf/pywharf,1,1,0.0
url,https://github.com/tzulberti/Flask-PyPi-Proxy,1,1,0.0
url,https://github.github.com/gfm/,1,1,0.0
url,https://hatch.pypa.io/1.9/version/,1,1,0.0
url,https://mail.python.org/mailman3/lists/distutils-sig.python.org/,1,1,0.0
url,https://mail.python.org/pipermail/distutils-sig/2017-October/031585.html,1,1,0.0
url,https://marcelotduarte.github.io/cx_Freeze/,1,1,0.0
url,https://math-atlas.sourceforge.net/,1,1,0.0
url,https://meson-python.readthedocs.io/en/latest/,1,1,0.0
url,https://micropython.org/,1,1,0.0
url,https://nox.thea.codes/en/latest/index.html,1,1,0.0
url,https://peps.python.org/pep-0314/,1,1,0.0
url,https://peps.python.org/pep-0386/,1,2,0.0
url,https://peps.python.org/pep-0420/,1,1,0.0
url,https://peps.python.org/pep-0426/,1,1,0.0
url,https://peps.python.org/pep-0440/,1,1,0.0
url,https://peps.python.org/pep-0459/,1,1,0.0
url,https://peps.python.org/pep-0621/,1,1,0.0
url,https://peps.python.org/pep-0751/,1,1,0.0
url,https://peps.python.org/pep-0753/,1,1,0.0
url,https://pex.readthedocs.io/en/latest/,1,1,0.0
url,https://pip.pypa.io/en/latest/reference/build-system/pyproject-toml/,1,1,0.0
url,https://pynsist.readthedocs.io/en/latest/index.html,1,2,0.0
url,https://pypackaging-native.github.io/,1,1,0.0
url,https://pypi.org/help/#apitoken,1,1,0.0
url,https://pypi.org/manage/account/publishing/,1,1,0.0
url,https://pypi.org/project/bandersnatch,1,1,0.0
url,https://pypi.org/project/devpi,1,1,0.0
url,https://pypi.org/project/distlib,1,1,0.0
url,https://pypi.org/project/dumb-pypi,1,1,0.0
url,https://pypi.org/project/packaging,1,1,0.0
url,https://pypi.org/project/pipenv,1,1,0.0
url,https://pypi.org/project/poetry-core/,1,1,0.0
url,https://pypi.org/project/pynsist/,1,1,0.0
url,https://pypi.org/project/scikit-build,1,1,0.0
url,https://pypi.org/project/trove-classifiers/,1,1,0.0
url,https://pypi.org/project/uv/,1,1,0.0
url,https://pytest.org/,1,1,0.0
url,https://scientific-python.org/,1,1,0.0
url,https://scikit-build-core.readthedocs.io/en/latest/,1,1,0.0
url,https://server.ethicalads.io/proxy/click/8174/0197ca79-ecdf-7621-bd2b-7fb96f474623/,1,1,0.0
url,https://server.ethicalads.io/proxy/click/8174/0197cb65-8963-7430-9c19-bc8cbb783b6e/,1,1,0.0
url,https://server.ethicalads.io/proxy/click/8174/0197cbb7-8045-7ea2-8295-d04afd16f932/,1,1,0.0
url,https://server.ethicalads.io/proxy/click/8174/0197cbf5-efd2-7c02-ba2a-732a7327db0f/,1,2,0.0
url,https://server.ethicalads.io/proxy/click/8174/0197cd91-9cc3-7532-a547-9ee3a7ef593f/,1,1,0.0
url,https://server.ethicalads.io/proxy/click/8175/0197ca25-c42f-7cb2-a863-8f1ef4610b20/,1,1,0.0
url,https://server.ethicalads.io/proxy/click/8175/0197cab9-3ba8-7780-8823-36938e917db3/,1,1,0.0
url,https://server.ethicalads.io/proxy/click/8176/0197cc19-9bad-7dd0-9ba3-995547ccbd2f/,1,1,0.0
url,https://server.ethicalads.io/proxy/click/8177/0197caba-5f92-7993-a40c-425d44cfcda2/,1,1,0.0
url,https://server.ethicalads.io/proxy/click/8177/0197cb58-dfc2-70c1-9acd-4671320941f5/,1,1,0.0
url,https://server.ethicalads.io/proxy/click/8640/0197ca27-2d28-75f3-880d-a59d78867285/,1,1,0.0
url,https://server.ethicalads.io/proxy/click/8640/0197ca94-bbb5-77c3-8753-f8992778fdcd/,1,1,0.0
url,https://server.ethicalads.io/proxy/click/8640/0197cafe-3f1a-7153-ae79-0cbdda5d2f87/,1,1,0.0
url,https://server.ethicalads.io/proxy/click/8640/0197cc89-f66b-7d13-a595-cf69c8b470ac/,1,1,0.0
url,https://server.ethicalads.io/proxy/click/8642/0197cd58-cf21-78c3-b78d-8f07056a4318/,1,1,0.0
url,https://server.ethicalads.io/proxy/click/8807/0197cc82-b8c0-7d00-8821-ac93c20613d1/,1,1,0.0
url,https://server.ethicalads.io/proxy/click/8819/0197cce9-c4ba-7081-a80c-4040e47d8bff/,1,1,0.0
url,https://server.ethicalads.io/proxy/click/8859/0197cc2c-bd00-74d0-a173-af95a6d44500/,1,1,0.0
url,https://server.ethicalads.io/proxy/click/8861/0197ca13-f512-79e3-86a9-6a78696ac67a/,1,1,0.0
url,https://server.ethicalads.io/proxy/click/8862/0197cd8f-3026-77c3-9fc0-9e1fb857327f/,1,1,0.0
url,https://server.ethicalads.io/proxy/click/8864/0197caa5-d6c9-7cc0-91c7-cc86f12f4cbd/,1,1,0.0
url,https://setuptools-scm.readthedocs.io/,1,1,0.0
url,https://setuptools.pypa.io/en/latest/build_meta.html,1,1,0.0
url,https://setuptools.pypa.io/en/latest/deprecated/commands.html,1,1,0.0
url,https://setuptools.pypa.io/en/latest/deprecated/distutils/setupscript.html#distutils-additional-files,1,1,0.0
url,https://setuptools.pypa.io/en/latest/deprecated/distutils/setupscript.html#distutils-installing-scripts,1,1,0.0
url,https://setuptools.pypa.io/en/latest/userguide/datafiles.html,1,1,0.0
url,https://test.pypi.org/manage/account/publishing/,1,1,0.0
url,https://thomasnyberg.com/what_are_extension_modules.html,1,1,0.0
url,https://translate.google.com/website?sl=en&tl=es&hl=es&client=srp&u=https://bootstrap.pypa.io/get-pip.py,1,3,0.0
url,https://typer.tiangolo.com/,1,1,0.0
url,https://virtualenv.pypa.io/en/stable/index.html,1,1,0.0
url,https://weblate.org/,1,1,0.0
url,https://www.fullstackpython.com/docker.html,1,1,0.0
url,https://www.pypa.io/en/latest/specifications/,1,1,0.0
url,https://www.sphinx-doc.org/en/master/index.html,1,1,0.0
url,https://www.sphinx-doc.org/en/master/usage/restructuredtext/basics.html,1,1,0.0
