name,visitors,pageviews,bounce_rate,time_on_page,scroll_depth
/zh-tw/3/tutorial/index.html,111,175,47,24,58
/zh-tw/3/library/venv.html,47,50,93,26,23
/zh-tw/3/tutorial/interpreter.html,46,47,62,54,74
/zh-tw/3.14/,34,38,44,15,72
/zh-tw/3.15/using/windows.html,32,29,45,14,34
/zh-tw/3/howto/sorting.html,32,36,82,41,44
/zh-tw/3/library/re.html,29,32,92,56,34
/zh-tw/3/tutorial/classes.html,27,29,88,15,16
/zh-tw/3/library/index.html,23,65,65,58,50
/zh-tw/3/library/functions.html,22,21,92,55,43
/zh-tw/3/tutorial/appetite.html,22,22,45,24,100
/zh-tw/3/tutorial/introduction.html,22,27,75,250,67
/zh-tw/3/library/heapq.html,21,23,88,21,38
/zh-tw/3/tutorial/controlflow.html,20,20,100,239,45
/zh-tw/3.14/tutorial/index.html,19,22,40,24,45
/zh-tw/3/library/collections.html,16,15,79,37,41
/zh-tw/3/library/csv.html,15,16,92,34,27
/zh-tw/3/tutorial/inputoutput.html,15,12,100,175,46
/zh-tw/3/library/bisect.html,14,15,85,79,68
/zh-tw/3/library/json.html,14,14,100,57,16
/zh-tw/3/library/pathlib.html,14,14,85,17,13
/zh-tw/3/library/uuid.html,14,14,92,42,32
/zh-tw/3/reference/index.html,14,18,62,13,72
/zh-tw/3.13/tutorial/index.html,13,17,89,15,37
/zh-tw/3/,13,12,40,15,83
/zh-tw/3/library/enum.html,13,14,85,21,24
/zh-tw/3/tutorial/modules.html,13,11,100,68,60
/zh-tw/3/using/windows.html,13,8,0,24,10
/zh-tw/dev/installing/index.html,13,13,100,26,66
/zh-tw/3.14/tutorial/interpreter.html,12,11,67,11,66
/zh-tw/3/tutorial/datastructures.html,12,15,80,58,31
/zh-tw/3/tutorial/errors.html,12,12,67,25,29
/zh-tw/3/tutorial/venv.html,12,18,88,48,59
/zh-tw/dev/library/os.path.html,12,13,92,75,37
/zh-tw/3.14/library/index.html,11,10,50,27,32
/zh-tw/3.14/tutorial/introduction.html,11,10,50,87,29
/zh-tw/3/howto/argparse.html,11,12,92,76,45
/zh-tw/3/library/os.path.html,11,12,67,46,42
/zh-tw/3/library/string.html,11,11,100,72,42
/zh-tw/3/contents.html,10,11,25,8,9
/zh-tw/3/search.html,10,13,17,17,34
/zh-tw/3/using/mac.html,10,10,80,15,37
/zh-tw/3/faq/windows.html,9,8,88,28,69
/zh-tw/3/library/asyncio.html,9,9,67,38,57
/zh-tw/3/library/random.html,9,9,100,13,26
/zh-tw/3/library/typing.html,9,8,80,48,29
/zh-tw/3.14/glossary.html,8,4,0,11,26
/zh-tw/3/glossary.html,8,7,0,17,38
/zh-tw/3/installing/index.html,8,6,100,31,74
/zh-tw/3/tutorial/stdlib.html,8,8,67,9,23
/zh-tw/dev/library/stdtypes.html,8,8,100,356,11
/zh-tw/3.13/library/__main__.html,7,7,86,8,38
/zh-tw/3.14/search.html,7,6,0,12,81
/zh-tw/3/library/concurrent.futures.html,7,8,71,11,54
/zh-tw/3/library/os.html,7,5,50,20,29
/zh-tw/3.14/library/functions.html,6,6,0,39,22
/zh-tw/3.14/library/venv.html,6,6,75,634,39
/zh-tw/3/library/math.html,6,6,100,36,25
/zh-tw/3/library/stdtypes.html,6,21,50,600,63
/zh-tw/3/tutorial/appendix.html,6,6,50,27,99
/zh-tw/dev/library/collections.html,6,5,100,52,34
/zh-tw/dev/whatsnew/3.12.html,6,6,83,6,7
/zh-tw/3.13/,5,5,0,10,68
/zh-tw/3.14/download.html,5,4,100,10,98
/zh-tw/3.14/library/idle.html,5,4,100,55,6
/zh-tw/3.14/library/random.html,5,4,50,21,40
/zh-tw/3.14/reference/index.html,5,5,0,76,80
/zh-tw/3/index.html,5,7,33,9,80
/zh-tw/3/library/exceptions.html,5,6,100,152,43
/zh-tw/3/library/hashlib.html,5,4,100,41,9
/zh-tw/3/library/queue.html,5,5,100,43,42
/zh-tw/3/library/threading.html,5,6,60,7,23
/zh-tw/3/library/time.html,5,5,100,20,30
/zh-tw/3/library/webbrowser.html,5,4,100,80,100
/zh-tw/3/reference/compound_stmts.html,5,3,100,9,22
/zh-tw/3/reference/expressions.html,5,4,0,23,46
/zh-tw/3/reference/lexical_analysis.html,5,6,100,102,31
/zh-tw/3/tutorial/whatnow.html,5,15,100,26,86
/zh-tw/dev/whatsnew/3.13.html,5,5,100,20,2
/zh-tw/3.13/glossary.html,4,4,100,32,16
/zh-tw/3.13/library/asyncio-eventloop.html,4,4,100,36,10
/zh-tw/3.13/tutorial/appetite.html,4,8,0,207,70
/zh-tw/3.13/tutorial/controlflow.html,4,3,100,68,32
/zh-tw/3.14/library/io.html,4,4,100,13,52
/zh-tw/3.14/py-modindex.html,4,5,0,31,57
/zh-tw/3.14/tutorial/appetite.html,4,4,0,16,60
/zh-tw/3.14/tutorial/classes.html,4,3,100,1,71
/zh-tw/3.14/tutorial/datastructures.html,4,3,100,4,94
/zh-tw/3.14/tutorial/modules.html,4,4,50,148,100
/zh-tw/3.15/tutorial/inputoutput.html,4,4,75,7,11
/zh-tw/3/extending/extending.html,4,4,100,58,21
/zh-tw/3/extending/index.html,4,2,0,22,98
/zh-tw/3/howto/sockets.html,4,4,75,38,100
/zh-tw/3/library/ast.html,4,4,100,95,15
/zh-tw/3/library/asyncio-task.html,4,3,100,88,74
/zh-tw/3/library/datetime.html,4,4,100,17,33
/zh-tw/3/library/unittest.html,4,4,75,118,12
/zh-tw/3/reference/datamodel.html,4,5,0,11,72
/zh-tw/3/reference/introduction.html,4,4,0,40,72
/zh-tw/3/tutorial/floatingpoint.html,4,3,0,131,46
