name,visitors
England,5388
California,4800
Île-de-France,2434
New York,2227
Tokyo,2039
Virginia,1960
Maharashtra,1734
Texas,1702
Moscow,1564
Hesse,1396
Ontario,1377
Bavaria,1366
Washington,1343
Karnataka,1295
Tamil Nadu,1251
Illinois,1241
North Rhine-Westphalia,1124
North Holland,1073
São Paulo,1069
Mazovia,1049
Telangāna,1045
Baden-Württemberg,991
Massachusetts,963
Delhi,934
Colorado,923
Guangdong,783
Florida,767
Oregon,720
Georgia,717
New Jersey,698
Madrid Autonomous Community,687
Zürich,645
Quebec,633
Berlin,629
Maryland,617
Lombardy,613
Pennsylvania,599
Uttar Pradesh,584
Beijing,579
Saint Petersburg,569
Ho Chi Minh City,565
Uusimaa,554
Taipei,553
North Carolina,534
Vienna,522
Catalonia,519
Auvergne-Rhône-Alpes,517
British Columbia,516
New South Wales,514
Ohio,511
Stockholm,509
Shanghai,507
Michigan,473
South Holland,466
Seoul,457
Gujarat,447
Istanbul,433
Hanoi,431
Jiangsu,419
Provence-Alpes-Côte-d'Azur,418
Osaka,418
Prague,406
Arizona,402
Kyiv,396
Ciudad de Mexico,387
West Bengal,367
Rio de Janeiro,360
Lower Saxony,360
Flanders,358
Victoria,353
Capital Region,344
Minnesota,342
Leinster,331
Saxony,328
Punjab,326
Buenos Aires Province,322
Madhya Pradesh,319
Brussels,308
Lesser Poland,306
Occitanie,300
Kerala,298
Missouri,289
Cairo,288
Andhra Pradesh,279
Budapest,277
Zhejiang,276
Gyeonggi,276
Lisbon,270
Utah,269
Tel Aviv,265
Lazio,264
Novosibirsk,260
Alberta,258
Minas Gerais,255
Västra Götaland,255
Bangkok,250
Tennessee,250
Kyivshchyna,248
Haryana,245
Jakarta,242
Scotland,239
Indiana,234
Santiago Metropolitan,233
Wisconsin,230
Grand-Est,223
Nouvelle-Aquitaine,222
Kanagawa,221
Lagos,220
Rajasthan,218
Lower Silesia,218
Nairobi County,216
Hauts-de-France,215
Moscow Province,215
Valencian Community,212
Minsk,210
Hamburg,210
Attica,209
North Brabant,206
Shandong,205
Rhineland-Palatinate,202
Western,201
Tashkent,198
New Taipei,196
Ankara,194
Andalusia,193
Silesia,189
Queensland,188
Alabama,188
Iowa,185
Gauteng,179
Sichuan,176
Oslo,175
Lima,175
Bucharest,175
Metro Manila,168
Henan,166
Capital District,166
Connecticut,166
Santa Catarina,165
Hubei,165
Pomerania,165
Province 3,164
Kuala Lumpur,161
South Carolina,161
Brittany,157
Sindh,157
Gelderland,156
Lvivshchyna,155
Sverdlovsk,154
Makkah,154
Antioquia,152
Greater Poland,152
Washington DC,151
Nevada,151
Sofia,150
Bihar,150
Porto,149
Aichi,148
Beograd,148
Vaud,147
Punjab,147
Veneto,147
Baku,145
Utrecht,144
Saitama,142
Tatarstan,141
Rio Grande do Sul,137
Odisha,135
Paraná,134
Almaty City,134
Taoyuan,134
Addis Ababa,132
Dubai,131
Emilia-Romagna,130
Skåne,130
Zagreb,129
Selangor,129
Wales,125
Nizhny Novgorod,125
Wallonia,123
Bishkek,123
Vilnius County,123
Dhaka Division,122
Federal District,122
Pays-de-la-Loire,121
Krasnodar Krai,120
Campania,119
Islamabad,119
Taichung,119
Tbilisi,116
Kansas,115
Kentucky,112
Shaanxi,111
Jharkhand,111
Chiba,111
Samara,111
Riyadh,110
Hormozgan,109
Calabarzon,109
Tuscany,107
Riga,107
Western Australia,105
West Java,104
Greater Accra,103
Amman,103
Centre-Val de Loire,102
Meknès-Tafilalet,102
Bahia,100
Yerevan,99
Schleswig-Holstein,99
Oklahoma,99
Ceará,97
Tunis,97
Auckland,96
Brandenburg,95
New Hampshire,95
Harjumaa,94
Aargau,93
Uttarākhand,93
Kaohsiung,93
Dnipropetrovshchyna,93
Rostov,92
Galicia,91
Basque Country,90
Piedmont,90
Overijssel,89
Pernambuco,88
Fujian,88
Izmir,88
Louisiana,87
Western Cape,87
Łódź,86
Normandie,85
Amazonas,83
Goiás,83
Central Denmark,83
Astana,83
Hsinchu County,83
Hunan,82
Bremen,82
Jalisco,82
Liaoning,81
East Java,81
Oriental,81
Lower Austria,80
New Mexico,80
Bern,78
Bashkortostan,78
Buenos Aires,77
South Moravia,77
Chelyabinsk,77
Tianjin,76
Central Macedonia,75
Mexico State,75
Idaho,74
Abidjan,73
Distrito Nacional,73
Fukuoka,73
Kharkivshchyna,73
Rhode Island,72
Assam,71
Ljubljana,70
Central,69
Flevoland,69
Krasnoyarsk Krai,69
Perm Krai,69
Bratislava,69
Nebraska,69
Canary Islands,68
Hebei,67
San José,66
Pirkanmaa,66
Ibaraki,66
Kyoto,65
Maine,65
Abu Dhabi,64
South Australia,64
Pichincha,64
Lima Region,63
Montevideo,63
Burgundy-Franche-Comté,61
Anhui,60
Valle del Cauca,60
Hokkaido,60
Arkansas,60
Córdoba,59
Voronezh,58
Dakar,58
Nuevo León,57
Federal Capital Territory,57
Central Luzon,57
Central,57
Hawaii,56
Phnom Penh,55
Kowloon City Kowloon,54
Shizuoka,54
Eastern,54
Kwai Tsing New Territories,53
Baghdad,53
Sicily,53
