name,unique_entrances,total_entrances,visit_duration
/es/3.13/tutorial/index.html,186,191,138
/es/3/tutorial/,185,206,192
/es/3.13/library/tkinter.html,127,139,75
/3/,71,71,286
/es/3.13/tutorial/venv.html,62,64,49
/es/3/tutorial/classes.html,57,57,46
/es/3/,52,55,78
/es/3.13/library/index.html,49,52,64
/es/3/tutorial/index.html,45,49,238
/es/3.13/installing/index.html,42,43,102
/es/3.13/tutorial/datastructures.html,39,41,30
/es/3.13/library/stdtypes.html,27,27,134
/es/3.13/tutorial/introduction.html,27,27,156
/es/3.13/library/re.html,26,26,134
/es/3.13/library/idle.html,24,25,30
/es/3.13/tutorial/controlflow.html,24,25,287
/3.13/tutorial/index.html,22,23,376
/es/3.13/library/tk.html,22,22,175
/es/3.13/tutorial/errors.html,22,24,18
/es/3/library/index.html,22,24,40
/es/3/tutorial/datastructures.html,22,25,65
/es/3/library/stdtypes.html,21,23,131
/es/3/tutorial/interpreter.html,21,23,80
/es/3.13/library/functions.html,20,20,117
/es/3/tutorial/introduction.html,20,22,18
/es/3.13/library/venv.html,19,20,9
/es/3.13/tutorial/inputoutput.html,18,18,122
/es/dev/using/windows.html,18,19,119
/es/3.13/library/string.html,17,18,180
/3/tutorial/index.html,16,16,580
/es/3.13/library/turtle.html,16,20,243
/es/3.13/library/datetime.html,15,16,58
/es/3/tutorial/controlflow.html,15,16,13
/es/3.13/glossary.html,14,16,8
/es/3.13/using/windows.html,14,14,14
/es/3/library/functions.html,14,17,7
/es/dev/tutorial/controlflow.html,14,15,170
/3/tutorial/,13,13,582
/es/3.13/howto/sorting.html,13,14,75
/es/3.13/library/random.html,13,13,22
/es/3.13/tutorial/interpreter.html,13,13,0
/es/3.13/tutorial/modules.html,12,13,2
/es/3/faq/windows.html,12,12,0
/es/3.13/library/math.html,11,11,20
/es/3/library/json.html,11,11,170
/3.13/using/windows.html,10,10,564
/es/3.13/howto/logging.html,10,12,90
/es/3.13/library/array.html,10,10,26
/es/3.13/library/collections.html,10,10,1
/es/3/library/tkinter.html,10,10,276
/3/library/stdtypes.html,9,9,1076
/es/3.13/library/sqlite3.html,9,10,0
/es/3.13/tutorial/appetite.html,9,11,297
/es/3/genindex-Símbolos.html,9,9,16
/es/3/howto/regex.html,9,11,0
/es/3/tutorial/appetite.html,9,10,163
/es/3/tutorial/venv.html,9,9,0
/es/3.13/library/__main__.html,8,10,46
/es/3.13/reference/import.html,8,8,218
/es/3/library/argparse.html,8,8,143
/es/3/library/decimal.html,8,8,0
/es/3/library/statistics.html,8,8,4
/es/3/using/windows.html,8,8,74
/3/library/tkinter.html,7,7,485
/3/library/venv.html,7,7,147
/es/3.13/howto/sockets.html,7,7,38
/es/3.13/library/csv.html,7,7,0
/es/3/installing/index.html,7,7,130
/es/3/tutorial/errors.html,7,8,143
/3/library/index.html,6,6,555
/es/3.13/library/shutil.html,6,6,26
/es/3.13/search.html,6,6,515
/es/3/library/csv.html,6,7,78
/es/3/reference/expressions.html,6,6,17
/es/dev/tutorial/,6,6,275
/3/library/functions.html,5,5,437
/es/3.13/library/asyncio-task.html,5,5,5
/es/3.13/library/http.server.html,5,5,294
/es/3.13/library/smtplib.html,5,5,0
/es/3.13/library/subprocess.html,5,5,0
/es/3/download.html,5,8,267
/es/3/library/glob.html,5,5,0
/es/3/library/random.html,5,5,395
/es/3/library/socket.html,5,5,204
/es/3/reference/lexical_analysis.html,5,5,0
/es/3/using/cmdline.html,5,5,0
/3.12/tutorial/index.html,4,4,171
/3.13/tutorial/,4,4,921
/3/library/csv.html,4,4,338
/3/library/random.html,4,4,70
/es/3.12/library/tkinter.html,4,4,96
/es/3.12/tutorial/index.html,4,5,317
/es/3.13/,4,5,55
/es/3.13/howto/unicode.html,4,4,575
/es/3.13/library/socket.html,4,4,42
/es/3.13/library/tkinter.ttk.html,4,4,17
/es/3.13/reference/executionmodel.html,4,4,0
/es/3.13/reference/lexical_analysis.html,4,4,48
/es/3/contents.html,4,4,47
/es/3/library/asyncio.html,4,4,27
/es/3/library/base64.html,4,4,34
/es/3/library/exceptions.html,4,4,0
/es/dev/library/math.html,4,6,15
/es/dev/tutorial/datastructures.html,4,4,0
/3.13/index.html,3,3,30
/3/download.html,3,3,463
/3/library/datetime.html,3,3,780
/3/library/logging.html,3,3,1838
/3/library/re.html,3,4,1248
/3/library/smtplib.html,3,3,426
/3/library/turtle.html,3,3,170
/3/library/unittest.html,3,3,28
/es/3.12/tutorial/interpreter.html,3,3,96
/es/3.13/library/concurrency.html,3,3,54
/es/3.13/library/email.examples.html,3,3,0
/es/3.13/library/os.path.html,3,3,25
/es/3.13/library/profile.html,3,3,0
/es/3.13/library/tracemalloc.html,3,3,1
/es/3.13/using/editors.html,3,3,236
/es/3.14/tutorial/index.html,3,4,606
/es/3/glossary.html,3,3,247
/es/3/howto/logging.html,3,3,1
/es/3/index.html,3,3,9
/es/3/library/datetime.html,3,5,20
/es/3/library/enum.html,3,3,0
/es/3/library/keyword.html,3,3,16
/es/3/library/re.html,3,3,152
/es/3/library/sqlite3.html,3,3,291
/es/3/library/string.html,3,3,3
/es/3/library/sys.html,3,3,235
/es/3/whatsnew/index.html,3,3,553
/es/dev/library/subprocess.html,3,3,0
/3.13/library/typing.html,2,2,2114
/3/index.html,2,2,335
/3/installing/index.html,2,2,228
/3/library/__main__.html,2,2,42
/3/library/dataclasses.html,2,2,1850
/3/library/decimal.html,2,2,766
/3/library/idle.html,2,2,52
/3/library/math.html,2,2,225
/3/library/socket.html,2,2,676
/3/library/string.html,2,2,212
/3/library/tk.html,2,2,860
/3/reference/index.html,2,2,456
/es/3.12/installing/index.html,2,2,19
/es/3.12/library/functions.html,2,2,0
/es/3.12/search.html,2,3,490
/es/3.12/tutorial/introduction.html,2,2,0
/es/3.12/using/configure.html,2,2,12
/es/3.13/contents.html,2,2,588
/es/3.13/howto/curses.html,2,2,0
/es/3.13/library/configparser.html,2,2,0
/es/3.13/library/copy.html,2,2,0
/es/3.13/library/datatypes.html,2,2,0
/es/3.13/library/difflib.html,2,2,0
/es/3.13/library/ensurepip.html,2,2,37
/es/3.13/library/filesys.html,2,2,16
/es/3.13/library/ftplib.html,2,2,22
/es/3.13/library/heapq.html,2,2,0
/es/3.13/library/intro.html,2,2,298
/es/3.13/library/ipc.html,2,2,54
/es/3.13/library/operator.html,2,2,16
/es/3.13/library/os.html,2,3,0
/es/3.13/library/plistlib.html,2,2,0
/es/3.13/library/queue.html,2,2,210
/es/3.13/library/sys.html,2,2,0
/es/3.13/library/time.html,2,2,412
/es/3.13/library/tokenize.html,2,2,0
/es/3.13/library/xml.etree.elementtree.html,2,2,0
/es/3.13/py-modindex.html,2,2,32
/es/3.13/reference/compound_stmts.html,2,2,314
/es/3.13/reference/expressions.html,2,2,22
/es/3.13/reference/index.html,2,2,1449
/es/3.13/tutorial/,2,2,0
/es/3.13/using/index.html,2,2,2
/es/3/faq/gui.html,2,2,26
/es/3/library/email.mime.html,2,2,242
/es/3/library/fileinput.html,2,2,0
/es/3/library/itertools.html,2,2,0
/es/3/library/profile.html,2,2,0
/es/3/library/timeit.html,2,2,0
/es/3/library/tk.html,2,2,139
/es/3/library/turtle.html,2,2,0
/es/3/library/unittest.html,2,2,0
/es/3/library/warnings.html,2,2,0
/es/3/library/webbrowser.html,2,2,0
/es/3/py-modindex.html,2,2,26
/es/3/reference/compound_stmts.html,2,2,0
/es/3/reference/index.html,2,2,196
/es/3/reference/simple_stmts.html,2,2,11
/es/3/using/index.html,2,2,36
/es/dev/library/asyncio-task.html,2,2,0
/es/dev/library/functools.html,2,2,6
/es/dev/library/sqlite3.html,2,2,0
/es/dev/whatsnew/3.11.html,2,2,0
/3.12/howto/sorting.html,1,1,227
/3.12/tutorial/,1,1,16
/3.13/,1,1,169
/3.13/glossary.html,1,1,9
/3.13/library/index.html,1,1,0
/3.13/library/pathlib.html,1,1,0
/3.13/library/random.html,1,1,18
/3.13/library/stdtypes.html,1,1,2001
/3.13/tutorial/appetite.html,1,1,397
/3.13/tutorial/interpreter.html,1,1,10
/3/extending/index.html,1,1,110
/3/howto/curses.html,1,1,8
/3/howto/logging.html,1,1,901
/3/howto/pyporting.html,1,1,166
/3/library/,1,1,183
/3/library/abc.html,1,1,72
/3/library/array.html,1,1,443
/3/library/asyncio-task.html,1,1,1051
/3/library/asyncio.html,1,1,31
/3/library/colorsys.html,1,1,30
/3/library/configparser.html,1,1,419
/3/library/email.html,1,1,0
/3/library/ftplib.html,1,1,991
/3/library/hashlib.html,1,1,160
/3/library/locale.html,1,1,571
/3/library/multiprocessing.html,1,1,78
/3/library/pathlib.html,1,1,81
/3/library/pdb.html,1,1,17
/3/library/pickle.html,1,1,256
/3/library/secrets.html,1,1,503
/3/library/select.html,1,1,32
/3/library/sqlite3.html,1,1,1295
/3/library/textwrap.html,1,1,4
/3/library/typing.html,1,1,18
/3/library/urllib.request.html,1,1,599
/3/library/warnings.html,1,1,0
/3/library/xml.html,1,1,62
/3/license.html,1,1,236
/3/py-modindex.html,1,1,5947
/3/search.html,1,1,26
/3/tutorial/appetite.html,1,1,1595
/3/tutorial/controlflow.html,1,1,17
/3/tutorial/interpreter.html,1,1,317
/3/tutorial/modules.html,1,1,505
/3/using/windows.html,1,1,540
/3/whatsnew/3.13.html,1,1,10
/es/3.12/c-api/memory.html,1,1,0
/es/3.12/contents.html,1,1,0
/es/3.12/glossary.html,1,1,2954
/es/3.12/howto/sockets.html,1,1,0
/es/3.12/library/calendar.html,1,1,0
/es/3.12/library/exceptions.html,1,1,0
/es/3.12/library/http.server.html,1,1,0
/es/3.12/library/random.html,1,1,0
/es/3.12/library/socket.html,1,1,13
/es/3.12/library/spwd.html,1,1,0
/es/3.12/tutorial/controlflow.html,1,1,0
/es/3.12/tutorial/datastructures.html,1,1,365
/es/3.12/tutorial/venv.html,1,1,0
/es/3.12/using/windows.html,1,1,0
/es/3.13/c-api/bytes.html,1,1,0
/es/3.13/c-api/complex.html,1,1,0
/es/3.13/c-api/exceptions.html,1,1,0
/es/3.13/download.html,1,1,133
/es/3.13/faq/design.html,1,1,1068
/es/3.13/faq/installed.html,1,1,0
/es/3.13/howto/argparse.html,1,1,62
/es/3.13/index.html,1,1,12
/es/3.13/library/asyncio-eventloop.html,1,1,0
/es/3.13/library/asyncio-queue.html,1,1,0
/es/3.13/library/calendar.html,1,1,0
/es/3.13/library/concurrent.futures.html,1,1,773
/es/3.13/library/filecmp.html,1,1,0
/es/3.13/library/hmac.html,1,1,0
/es/3.13/library/imaplib.html,1,1,0
/es/3.13/library/importlib.html,1,1,1317
/es/3.13/library/internet.html,1,2,12
/es/3.13/library/logging.config.html,1,1,2
/es/3.13/library/mmap.html,1,1,0
/es/3.13/library/multiprocessing.html,1,1,0
/es/3.13/library/numbers.html,1,1,0
/es/3.13/library/pkgutil.html,1,1,0
/es/3.13/library/pprint.html,1,1,0
/es/3.13/library/select.html,1,1,0
/es/3.13/library/sys_path_init.html,1,1,0
/es/3.13/library/termios.html,1,1,30
/es/3.13/library/timeit.html,1,1,0
/es/3.13/library/tkinter.colorchooser.html,1,1,0
/es/3.13/library/unicodedata.html,1,1,5
/es/3.13/library/urllib.request.html,1,1,0
/es/3.13/library/weakref.html,1,1,0
/es/3.13/library/webbrowser.html,1,1,0
/es/3.13/library/winsound.html,1,1,0
/es/3.13/reference/datamodel.html,1,1,0
/es/3.13/tutorial/classes.html,1,1,0
/es/3.13/tutorial/floatingpoint.html,1,1,0
/es/3.13/tutorial/stdlib2.html,1,1,0
/es/3.13/using/unix.html,1,1,0
/es/3.13/whatsnew/3.13.html,1,1,280
/es/3.13/whatsnew/3.7.html,1,1,0
/es/3.14/reference/datamodel.html,1,1,0
/es/3.14/reference/lexical_analysis.html,1,1,81
/es/3/c-api/exceptions.html,1,1,101
/es/3/c-api/index.html,1,1,0
/es/3/howto/sockets.html,1,1,0
