name,visitors,bounce_rate,visit_duration
google.com,314,78,64
Direct / None,305,52,703
m.baidu.com,57,92,25
bing.com,12,83,230
namu.wiki,9,38,196
chatgpt.com,6,75,180
python.org,6,0,1351
korea-univ.elice.io,5,60,35
codeit.kr,3,100,0
google.co.kr,3,100,0
baidu.com/link,2,100,0
blog.potados.com,2,50,12
"m.baidu.com/from=1014610q/ssid=0/pu=osname@baiduboxapp,vmgdb@0020100228y,csrc@home_box_txt,c3_aid@A00-U3EJQBIAXF7VRLEQXVJSYWSIF7GHWS2E-4TPGEFBO,cen@cuid_cua_cut,sz@1320_480,cfrom@1026859v,cuid@l8SKtga12i0QiHaZgPBguliNva0Ru282g82o8_uPviKXLqqqB,cua@_a-qiyau2fg4NEqpI5me6NN0v8oZu2IB_CvHi4at2iqlC,ctv@2/s",2,100,0
m.baidu.com/from=1019311a/bd_page_type=1/ssid=0/uid=0/pu=usm%401%2Csz%401320_1001%2Cta%40iphone_2_13.0_19_26.2/baiduid=31173845B32CF044B865B42D19C14B35/w=0_10_/t=iphone/l=1/tc,2,100,0
perplexity.ai,2,0,536
velog.io,2,100,0
wikidocs.net,2,100,0
127.0.0.1,1,100,0
acmicpc.net,1,100,0
alpakadurumi.github.io,1,100,0
armin.tistory.com/539,1,100,0
baidu.com,1,100,0
blog.naver.com,1,100,0
blog.naver.com/PostView.naver,1,0,17
clien.net,1,100,0
codeup.kr,1,100,0
d2.naver.com/helloworld/4394645,1,100,0
developers.google.com,1,0,346
discordpy-ko.github.io,1,100,0
dreamhack.io,1,0,0
gemini.google.com,1,100,0
m.baidu.com/from=1000539d/bd_page_type=1/ssid=0/uid=0/pu=sz%401320_2001%2Cta%40iphone_1_12.1_25_12.0%2Cusm%400/baiduid=C379C4FEFD6C39831CA5B9495D540237/w=0_10_/t=iphone/l=1/tc,1,100,0
m.baidu.com/from=1000539d/bd_page_type=1/ssid=0/uid=0/pu=sz%401320_2001%2Cta%40iphone_1_12.1_25_12.0%2Cusm%401/baiduid=40334B4727759B90390571B0CD458E31/w=0_10_/t=iphone/l=1/tc,1,100,0
m.baidu.com/from=1001192y/bd_page_type=1/ssid=0/uid=0/pu=sz%401320_1001%2Cta%40iphone_2_10.0_28_16.0%2Cusm%401/baiduid=8319BF4627F796CE8F43C9E7A4E04613/w=0_10_/t=iphone/l=1/tc,1,100,0
m.baidu.com/from=1001192y/bd_page_type=1/ssid=0/uid=0/pu=sz%401320_1001%2Cta%40iphone_2_9.0_28_16.0%2Cusm%401/baiduid=916332B5DA54033F2577D55DF5EF2AFE/w=0_10_/t=iphone/l=1/tc,1,100,0
m.baidu.com/from=1001192y/bd_page_type=1/ssid=0/uid=0/pu=usm%401%2Csz%401320_1001%2Cta%40iphone_2_10.0_28_16.0/baiduid=CCF8EA9F4FC6E7DBBB633A48FF5FABAE/w=0_10_/t=iphone/l=1/tc,1,100,0
m.baidu.com/from=1001192y/bd_page_type=1/ssid=0/uid=0/pu=usm%401%2Csz%401320_1001%2Cta%40iphone_2_12.0_28_16.0/baiduid=3BAC98EAF097F5D560CF5404CE54F1B7/w=0_10_/t=iphone/l=1/tc,1,100,0
m.baidu.com/from=1001703a/bd_page_type=1/ssid=0/uid=0/pu=usm%400%2Csz%401320_1001%2Cta%40iphone_2_15.0_18_40.10/baiduid=D63B944C4ADB7B6BD3BB07ADCBF429B4/w=0_10_/t=iphone/l=1/tc,1,100,0
m.baidu.com/from=1001703a/bd_page_type=1/ssid=0/uid=0/pu=usm%401%2Csz%401320_1001%2Cta%40iphone_2_15.0_18_40.10/baiduid=F13FEADF8AA3EF8A930AB4E4C4396288/w=0_10_/t=iphone/l=1/tc,1,100,0
m.baidu.com/from=1001703a/bd_page_type=1/ssid=0/uid=0/pu=usm%401%2Csz%401320_1001%2Cta%40iphone_2_9.0_18_20.9/baiduid=DD9254157A0C135F2A7B0199ABDA595D/w=0_10_/t=iphone/l=1/tc,1,100,0
m.baidu.com/from=1013966u/bd_page_type=1/ssid=0/uid=0/pu=usm%401%2Csz%401320_1001%2Cta%40iphone_2_15.0_19_26.2/baiduid=156E4D67DA095057B2B311A31ADDCE94/w=0_10_/t=iphone/l=1/tc,1,100,0
m.baidu.com/from=1013966u/bd_page_type=1/ssid=0/uid=0/pu=usm%401%2Csz%401320_1001%2Cta%40iphone_2_9.0_19_26.2/baiduid=F4CFE42643EDBF2D2122D01F9C4FA96E/w=0_10_/t=iphone/l=1/tc,1,0,36
m.baidu.com/from=1015819s/bd_page_type=1/ssid=0/uid=0/pu=sz%401320_1003%2Cta%40iphone_2_14.0_1_18.0%2Cusm%401/baiduid=58EFCC9BAAB9261020965FEA5CB2299A/w=0_20_/t=iphone/l=1/tc,1,0,503
m.baidu.com/from=1019311a/bd_page_type=1/ssid=0/uid=0/pu=usm%401%2Csz%401320_1001%2Cta%40iphone_2_15.0_19_26.2/baiduid=C51E59BE6DC4619D79139486B5CB6D44/w=0_10_/t=iphone/l=1/tc,1,100,0
m.baidu.com/from=1020761f/bd_page_type=1/ssid=0/uid=0/pu=usm%401%2Csz%401320_1001%2Cta%40iphone_2_10.0_19_26.2/baiduid=C9B4D3B3771B956A32AF2652A6BFE42E/w=0_10_/t=iphone/l=1/tc,1,100,0
m.baidu.com/from=1020761f/bd_page_type=1/ssid=0/uid=0/pu=usm%401%2Csz%401320_1001%2Cta%40iphone_2_13.0_19_25.7/baiduid=C8808F1A4A58FF240173BF8E16A4C443/w=0_10_/t=iphone/l=1/tc,1,100,0
m.baidu.com/from=1020761f/bd_page_type=1/ssid=0/uid=0/pu=usm%401%2Csz%401320_1001%2Cta%40iphone_2_13.0_19_26.1/baiduid=1459411E43BF8A0AD5D5D06191358AAD/w=0_10_/t=iphone/l=1/tc,1,100,0
m.baidu.com/from=1020761f/bd_page_type=1/ssid=0/uid=0/pu=usm%401%2Csz%401320_1001%2Cta%40iphone_2_13.0_19_26.2/baiduid=459B5195017621771431547FD5F57809/w=0_10_/t=iphone/l=1/tc,1,100,0
m.baidu.com/from=1020786m/bd_page_type=1/ssid=0/uid=0/pu=usm%401%2Csz%401320_1001%2Cta%40ins_2_14.0_19_26.1/baiduid=0D38C9362525FB7B196C030A8D07F61C/w=0_10_/t=zbios/l=1/tc,1,100,0
"m.baidu.com/from=1020786u/ssid=0/pu=csrc@home_box_txt,wh@1,c3_aid@A00-AV6C5FQMIRCPJDZUUDX4X7MKX6GAPFKP-B5QWTAJB,sz@1320_480,cuid@guvra_ivvugtaHirg8vKiga2S8gci28R0i-S8_ir2a8Bkv82gfvZMrzaA,osname@baiduboxapp,cen@cuid_cua_cut,ctv@2,vmgdb@0020100228y,cua@_a-qiyau2fg4NEq5I5me6NN0v8zTa2IB_C2H8yaN-iqlC,cfrom@1014610q/s",1,100,0
m.baidu.com/from=1034829p/bd_page_type=1/ssid=0/uid=0/pu=sz%401320_1003%2Cta%40iphone_2_10.0_1_18.0%2Cusm%401/baiduid=2ADA9A584DC939D3A356F895B79AAD3A/w=0_10_/t=iphone/l=1/tc,1,100,0
m.baidu.com/from=2001a/bd_page_type=1/ssid=0/uid=0/pu=usm%401%2Csz%401320_1003%2Cta%40iphone_2_10.0_1_18.0/baiduid=C479D75C3E0451801876C02F9C46DEF8/w=0_10_/t=iphone/l=1/tc,1,100,0
m.blog.naver.com/PostView.naver,1,100,0
pearlluck.tistory.com/468,1,100,0
sdc-james.gitbook.io/onebook/3./3.6./3.6.1.,1,100,0
search.brave.com,1,100,0
soc91.tistory.com/18,1,100,0
stackedit.io,1,100,0
