name,unique_exits,total_exits,exit_rate
/es/3/tutorial/,533,555,
/es/3.13/library/tkinter.html,208,216,
/es/3/tutorial/index.html,120,128,
/es/3/tutorial/introduction.html,120,132,
/es/3/tutorial/classes.html,118,121,
/es/3/tutorial/venv.html,111,116,
/es/3/tutorial/interpreter.html,100,103,
/es/3/tutorial/controlflow.html,96,98,
/es/3/tutorial/appetite.html,93,94,
/es/3.13/tutorial/index.html,91,96,
/es/3.13/tutorial/datastructures.html,89,96,
/es/3/,79,80,
/es/3.13/library/index.html,76,75,
/es/3/tutorial/datastructures.html,75,83,
/es/3.13/library/functions.html,74,77,
/es/3.13/library/idle.html,74,74,
/es/3.13/,72,75,
/3/,70,71,
/es/3.13/tutorial/introduction.html,56,58,
/es/3.13/library/stdtypes.html,54,54,
/es/3.13/search.html,52,53,
/es/3/library/stdtypes.html,52,56,
/es/3.13/library/datetime.html,49,50,
/es/3/library/index.html,48,48,
/es/3.13/installing/index.html,44,45,
/es/3.13/library/re.html,42,43,
/es/3.13/tutorial/controlflow.html,42,43,
/es/3/library/string.html,41,41,
/es/3/library/tkinter.html,37,41,
/es/3/tutorial/errors.html,37,37,
/es/3/tutorial/inputoutput.html,37,42,
/es/3/library/functions.html,33,36,
/es/3.13/tutorial/interpreter.html,32,35,
/es/3/search.html,27,29,
/es/3.13/using/windows.html,26,25,
/es/3.13/glossary.html,25,27,
/es/3.13/tutorial/modules.html,25,25,
/es/3/library/math.html,24,25,
/es/3/library/csv.html,22,22,
/es/3/library/json.html,22,24,
/es/3.13/library/venv.html,21,21,
/es/3.13/tutorial/inputoutput.html,21,21,
/es/3.13/reference/index.html,20,21,
/es/3.13/tutorial/appetite.html,20,21,
/es/3/howto/regex.html,20,20,
/es/3/library/argparse.html,20,22,
/es/3.13/library/array.html,18,19,
/es/3.13/library/math.html,18,18,
/es/3/installing/index.html,18,18,
/es/3.12/tutorial/index.html,17,17,
/es/3.13/library/exceptions.html,17,18,
/es/3.13/reference/import.html,17,18,
/es/3/library/datetime.html,17,17,
/es/3/library/random.html,17,17,
/3/library/functions.html,16,16,
/3/tutorial/index.html,15,15,
/es/3.13/tutorial/,15,15,
/es/3/genindex-Símbolos.html,15,15,
/es/3/glossary.html,15,16,
/es/3/tutorial/modules.html,15,15,
/3/library/tkinter.html,14,14,
/es/3/library/pathlib.html,14,14,
/es/3.13/library/random.html,13,15,
/es/3.13/library/turtle.html,13,13,
/es/3/library/statistics.html,13,13,
/es/3.13/download.html,12,12,
/es/3/library/re.html,12,14,
/es/dev/tutorial/,12,12,
/es/dev/tutorial/controlflow.html,12,13,
/es/3.13/howto/sorting.html,11,11,
/es/3.13/tutorial/errors.html,11,15,
/es/3/contents.html,11,11,
/es/3/library/asyncio.html,11,11,
/es/3/library/pickle.html,11,12,
/es/3/library/shutil.html,11,12,
/3/search.html,10,10,
/es/3.13/reference/compound_stmts.html,10,10,
/es/3.13/tutorial/classes.html,10,11,
/es/3.13/whatsnew/3.13.html,10,10,
/es/3/faq/windows.html,10,10,
/es/3/library/datatypes.html,10,11,
/es/3/reference/compound_stmts.html,10,10,
/es/3/reference/index.html,10,10,
/es/3/using/windows.html,10,10,
/3.13/tutorial/index.html,9,9,
/3/library/idle.html,9,9,
/3/tutorial/controlflow.html,9,9,
/es/3.12/tutorial/classes.html,9,9,
/es/3.13/contents.html,9,9,
/es/3.13/howto/logging.html,9,10,
/es/3.13/howto/unicode.html,9,9,
/es/3.13/library/sys.html,9,9,
/es/3/library/idle.html,9,9,
/3.13/,8,8,
/3.13/using/windows.html,8,8,
/es/3.13/library/abc.html,8,8,
/es/3.13/library/calendar.html,8,8,
/es/3.13/library/subprocess.html,8,8,
/es/3.13/library/tkinter.ttk.html,8,8,
/es/3.13/reference/datamodel.html,8,8,
