name,visitors,bounce_rate,visit_duration
google.com,2012,78,126
Direct / None,1870,68,201
bing.com,156,74,137
python.org,119,0,279
es.python.org,114,48,193
search.brave.com,107,74,147
chatgpt.com,55,76,210
duckduckgo.com,37,76,198
campus110.unad.edu.co,14,71,59
ecosia.org,11,62,224
react-app-python-runner.vercel.app,10,70,679
github.com,9,62,83
copilot.microsoft.com,8,57,78
notebooklm.google.com,8,50,62
savio.utb.edu.co,8,40,2038
escuela.pontia.tech,7,62,186
pregrado.ucundinamarca.edu.co,7,57,21
aprende.uned.ac.cr,6,67,67
classroom.google.com,6,50,193
aulasvirtuales.unimet.edu.ve,5,50,186
aulavirtual33.educa.madrid.org,5,67,6
es.search.yahoo.com,5,40,89
statics.teams.cdn.office.net,5,100,0
udemy.com,5,100,589
wiki.python.org,5,100,7
fpadistancia.edu.xunta.gal,4,60,489
fpvirtualaragon.es,4,75,22
freecodecamp.org,4,80,89
google.cl,4,67,2
labtdss.dcom.upv.es,4,50,37
untref-edd.github.io,4,50,3
aules.edu.gva.es,3,100,0
co.search.yahoo.com,3,67,5
formacion.bancar.org.ar,3,33,73
gemini.google.com,3,100,0
github.com/mouredev/Hello-Python,3,100,0
google.es,3,40,188
m.baidu.com,3,100,0
netacad.com,3,0,398
perplexity.ai,3,100,31
seduca.uaemex.mx,3,67,310
sifo.comillas.edu,3,67,1
skilio.com,3,67,6
ttech2025.github.io,3,100,0
view.genially.com,3,100,0
youtube.com,3,100,736
agora.uned.es,2,50,10
android-app://com.google.android.googlequicksearchbox,2,100,0
aprendepython.es,2,0,526
aulavirtual.iaes.alus.com.ar,2,100,0
class.utp.edu.pe,2,100,0
educacionadistancia.juntadeandalucia.es,2,33,516
eva.puce.edu.ec,2,50,4
fpadistancia.caib.es,2,0,90
google.com.mx,2,100,0
gxjohan.github.io,2,50,134
marianodiaz00.github.io,2,100,0
pit-virtual.uni.edu.pe,2,50,45
search.yahoo.com,2,50,125
sicap.inegi.org.mx,2,50,94
android-app://com.slack,1,100,0
app.aluracursos.com,1,100,0
app.codica.la/courses/python_lists_course/lessons/control-statements/theory_unit,1,100,0
app.kira-learning.com,1,0,1285
app.raindrop.io,1,0,18
ar.search.yahoo.com,1,100,0
aula01.spapps.eafit.edu.co/mod/page/view.php,1,0,859
aulaglobal.uc3m.es,1,0,517
aulavirtual.continental.edu.pe,1,100,0
baidu.com,1,100,0
baidu.com/link,1,100,0
campus.inap.es,1,0,1764
campusvirtual.ull.es,1,100,0
campusvirtual.utdt.edu,1,100,0
cl.search.yahoo.com,1,0,64
claude.ai,1,0,297
cs.upc.edu,1,0,3971
cs50.harvard.edu,1,0,9
d2l.tuvch.ibero.mx,1,100,0
desarrollaria.com,1,100,0
devdocs.io,1,0,3
developer.mozilla.org,1,0,116
dlopezcastellote.dev,1,0,54
eadfp.murciaeduca.es,1,100,0
eafor.com,1,100,0
edube.org/learn/python-essentials-2-esp/m-oacute-dulos-uacute-tiles-3,1,0,101
educaciodigital.cat,1,0,15
ellibrodepython.com,1,0,334
fceqyn.unam.edu.ar,1,0,597
formacionpermanente.cursosvirtuales.uned.es,1,0,298
fundamentos-rw.com.ar,1,100,0
github.com/GoogleChrome/related-website-sets/blob/main/RWS-Submission_Guidelines.md,1,0,96
github.com/midudev/curso-python,1,100,0
github.com/python/cpython,1,0,1234
google.com.ar,1,0,108
google.de,1,100,0
gregoriofer.com,1,0,6
ide-python-lists-control-statementss-9620654.evaluator2-8.hexlet.io,1,100,0
iespabloserrano.aeducar.es,1,0,477
javier-piedracoba.github.io,1,100,0
miaulavirtual.uniminuto.edu/courses/7118/pages/ma-semana-4,1,100,0
moodle.uip.edu.pa,1,0,1042
moodle.unizar.es,1,0,37
moodle.upm.es,1,100,0
mqtecnologias.com,1,100,0
pinboard.opera.com,1,50,2
poe.com,1,0,38
privacywall.org,1,100,0
programaenpython.com,1,0,1462
pydocs.site,1,100,0
sandreke99.medium.com/enviar-mensajes-masivos-y-personalizados-por-whatsapp-con-python-35d4bca85a67,1,100,0
search-dra.dt.dbankcloud.com,1,0,20
site.q10.com,1,100,0
so.com/link,1,100,0
solvam.es,1,100,0
tecno12-18.com,1,100,0
udistritaleduco.sharepoint.com,1,0,35
universite.umh.es,1,100,0
upch.blackboard.com,1,100,0
upgraded-waddle-97g95wx5777g37pjg.github.dev,1,100,0
verbose-goggles-qrrw79wqw69h4v6r.github.dev,1,100,0
vergaracarmona.es,1,0,1056
viewnext.adrformacion.com,1,100,0
wiki.python.org.ar,1,100,0
www3.gobiernodecanarias.org,1,100,0
