name,version,visitors
Chrome,143.0,122
Chrome,126.0,70
Chrome,142.0,64
Microsoft Edge,143.0,46
Opera,124.0,31
Firefox,145.0,17
Firefox,146.0,17
Chrome,139.0,13
Chrome,141.0,6
Safari,18.6,6
Safari,26.1,6
Firefox,128.0,5
Chrome,132.0,5
Microsoft Edge,142.0,5
Chrome,109.0,4
Sogou Explorer,2,4
360 Secure Browser,(not set),3
Chrome,111.0,3
Chrome,138.0,3
Firefox,140.0,3
Chrome,140.0,3
Firefox,144.0,3
Firefox,5.0,3
Microsoft Edge,110.0,2
Microsoft Edge,136.0,2
Microsoft Edge,141.0,2
Firefox,141.0,2
Samsung Browser,29.0,2
Opera,93.0,2
Microsoft Edge,109.0,1
Opera,123.0,1
Opera,125.0,1
Chrome,131.0,1
Firefox,143.0,1
Firefox,145.3,1
Huawei Browser Mobile,15.0,1
Safari,17.3,1
