name,visitors,pageviews,bounce_rate,time_on_page,scroll_depth
/zh-cn/3.13/tutorial/index.html,606,793,53,79,60
/zh-cn/3/,589,716,55,14,76
/zh-cn/3/tutorial/index.html,526,665,60,41,57
/zh-cn/3.13/,483,575,39,15,81
/zh-cn/3/library/index.html,361,456,53,45,48
/zh-cn/3.13/library/index.html,352,491,43,36,48
/zh-cn/3.13/tutorial/interpreter.html,257,275,58,72,81
/zh-cn/3.13/tutorial/controlflow.html,242,218,65,351,55
/zh-cn/3.13/tutorial/introduction.html,241,233,63,159,55
/zh-cn/3.13/library/functions.html,199,186,65,98,50
/zh-cn/3/library/functions.html,199,203,77,83,43
/zh-cn/3/tutorial/controlflow.html,197,206,77,227,47
/zh-cn/3.13/using/index.html,194,240,59,26,78
/zh-cn/3.13/tutorial/appetite.html,179,166,49,74,91
/zh-cn/3.13/index.html,174,226,45,16,83
/zh-cn/3/tutorial/interpreter.html,170,163,74,47,76
/zh-cn/3/tutorial/introduction.html,161,168,70,171,58
/zh-cn/3.13/library/stdtypes.html,147,163,59,150,46
/zh-cn/3.13/reference/index.html,147,163,42,17,78
/zh-cn/3.13/tutorial/datastructures.html,147,145,69,132,62
/zh-cn/3.13/search.html,144,212,30,45,58
/zh-cn/3/using/windows.html,144,146,92,55,38
/zh-cn/3/search.html,125,170,49,44,52
/zh-cn/3/reference/index.html,123,147,49,32,73
/zh-cn/3/library/stdtypes.html,114,112,69,117,43
/zh-cn/3/tutorial/appetite.html,111,99,45,57,86
/zh-cn/3/index.html,110,137,35,17,84
/zh-cn/3.13/tutorial/classes.html,109,109,73,220,60
/zh-cn/3.13/contents.html,108,110,38,19,14
/zh-cn/3/using/mac.html,107,103,75,40,45
/zh-cn/3.13/using/windows.html,106,92,68,52,45
/zh-cn/3/tutorial/,101,131,58,33,61
/zh-cn/3/tutorial/datastructures.html,100,95,74,223,53
/zh-cn/3.13/glossary.html,99,89,68,79,41
/zh-cn/3/library/idle.html,99,101,72,34,31
/zh-cn/3/library/turtle.html,94,102,87,116,30
/zh-cn/3.13/download.html,90,66,80,40,88
/zh-cn/3/library/math.html,88,92,84,101,26
/zh-cn/3.13/using/android.html,86,92,74,30,87
/zh-cn/3.13/using/cmdline.html,86,78,80,35,38
/zh-cn/3/contents.html,85,87,51,20,15
/zh-cn/3/glossary.html,84,83,36,57,43
/zh-cn/3/tutorial/classes.html,83,70,77,116,54
/zh-cn/3.13/reference/datamodel.html,81,87,69,92,42
/zh-cn/3.13/whatsnew/3.13.html,79,83,62,117,29
/zh-cn/3.13/tutorial/inputoutput.html,78,71,70,167,64
/zh-cn/3.13/library/venv.html,69,67,93,43,27
/zh-cn/3.13/tutorial/,69,85,47,26,53
/zh-cn/3.13/tutorial/modules.html,69,58,73,137,64
/zh-cn/3.13/tutorial/errors.html,67,59,81,120,45
/zh-cn/3/installing/index.html,66,61,66,29,62
/zh-cn/3.12/library/index.html,64,87,38,32,38
/zh-cn/3.13/howto/index.html,64,64,27,13,90
/zh-cn/3/tutorial/inputoutput.html,63,53,86,106,49
/zh-cn/3.13/py-modindex.html,60,60,50,14,51
/zh-cn/3.15/,60,70,67,20,83
/zh-cn/3/using/index.html,59,58,57,11,83
/zh-cn/3.13/reference/lexical_analysis.html,56,50,67,126,60
/zh-cn/3/reference/compound_stmts.html,56,53,91,54,36
/zh-cn/3/tutorial/modules.html,56,50,76,178,54
/zh-cn/3/download.html,54,49,79,20,86
/zh-cn/3/library/os.html,54,47,76,63,22
/zh-cn/3.13/installing/index.html,53,50,72,43,67
/zh-cn/3/library/,53,75,61,41,34
/zh-cn/3.13/reference/compound_stmts.html,52,51,56,88,45
/zh-cn/3.13/library/asyncio-task.html,49,45,70,221,49
/zh-cn/3.13/library/datetime.html,49,44,71,97,69
/zh-cn/3.13/library/os.path.html,48,39,82,2653,33
/zh-cn/3.14/whatsnew/3.14.html,48,49,82,155,16
/zh-cn/3.12/,46,57,47,11,76
/zh-cn/3.13/library/asyncio.html,46,57,38,42,86
/zh-cn/3.13/library/tkinter.html,46,55,73,43,52
/zh-cn/3/tutorial/venv.html,44,44,81,88,72
/zh-cn/3.13/library/typing.html,43,43,75,136,28
/zh-cn/3/tutorial/errors.html,42,38,100,93,34
/zh-cn/3.13/using/mac.html,41,37,89,89,46
/zh-cn/3/library/multiprocessing.html,41,42,86,42,30
/zh-cn/3.13/using/unix.html,40,32,70,34,70
/zh-cn/3/library/typing.html,40,39,81,66,35
/zh-cn/3/library/venv.html,40,37,94,55,34
/zh-cn/3.13/library/dataclasses.html,39,37,96,53,23
/zh-cn/3/howto/index.html,39,39,33,13,87
/zh-cn/3/whatsnew/3.13.html,39,33,76,87,29
/zh-cn/3.12/tutorial/index.html,38,66,56,42,77
/zh-cn/3/library/datetime.html,38,28,88,16,31
/zh-cn/3/library/os.path.html,38,36,74,56,57
/zh-cn/3.13/tutorial/venv.html,37,36,60,50,69
/zh-cn/3.13/using/,37,42,50,9,65
/zh-cn/3/reference/datamodel.html,37,31,89,79,40
/zh-cn/3/reference/lexical_analysis.html,37,37,44,69,50
/zh-cn/3.13/tutorial/stdlib.html,36,25,40,92,78
/zh-cn/3.15/tutorial/index.html,36,35,56,25,57
/zh-cn/3/library/asyncio-task.html,36,34,74,243,48
/zh-cn/3/py-modindex.html,36,38,29,17,48
/zh-cn/3.12/library/functions.html,35,38,63,86,55
/zh-cn/3.13/library/os.html,35,36,78,40,38
/zh-cn/3.13/library/math.html,34,30,80,57,53
/zh-cn/3.13/library/multiprocessing.html,34,32,67,205,34
/zh-cn/3.13/tutorial/stdlib2.html,34,28,75,72,64
/zh-cn/3.14/,34,48,47,8,78
