name,visitors,bounce_rate,visit_duration
Direct / None,4974,63,244
google.com,904,80,136
baidu.com/link,842,80,78
cn.bing.com,727,73,106
google.com.hk,181,78,148
python.org,157,0,493
bing.com,139,74,104
m.baidu.com,107,82,50
baidu.com,104,83,91
doubao.com,56,66,104
codecademy.cn,53,48,126
link.zhihu.com,46,64,79
link.csdn.net,27,84,69
chatgpt.com,18,92,123
runoob.com,13,38,574
yuanbao.tencent.com,7,67,103
fastapi.tiangolo.com,6,50,227
codecademy.cn/tutorial/python,5,80,34
m.baidu.com/s,4,100,0
tongyi.com,4,50,98
cnblogs.com,3,100,16
m.sogou.com,3,33,295
ntp.msn.cn,3,67,4
so.com/link,3,67,4
yuque.com,3,33,40
203.15.12.149,2,50,199
52zwbc.com,2,100,0
acwing.com,2,100,0
blog.csdn.net,2,100,0
blog.csdn.net/bother3000/article/details/150262964,2,50,18
cd.xrnm.xyz,2,100,0
chat.baidu.com,2,0,681
claude.ai,2,100,18
courses.gdut.edu.cn,2,100,0
docs.pingcode.com,2,0,470
duckduckgo.com,2,0,332
eclass.puiching.edu.mo,2,100,0
ecosia.org,2,100,0
gemini.google.com,2,50,68
github.com,2,0,112
github.com/python/cpython,2,0,1394
jianshu.com,2,50,346
liaoxuefeng.com,2,100,10
link.juejin.cn,2,0,0
m.baidu.com/from=1001192y/bd_page_type=1/ssid=0/uid=0/pu=usm%400%2Csz%401320_1001%2Cta%40iphone_2_10.0_28_16.0/baiduid=A609293BD7C1F7D4795A4A2969E96BAA/w=0_10_/t=iphone/l=1/tc,2,50,0
m.baidu.com/from=1001192y/bd_page_type=1/ssid=0/uid=0/pu=usm%400%2Csz%401320_1001%2Cta%40iphone_2_12.0_28_12.0/baiduid=3E4C598FD6C93E7A170C942521AE3024/w=0_10_/t=iphone/l=1/tc,2,100,0
m.baidu.com/from=1001703a/bd_page_type=1/ssid=0/uid=0/pu=usm%400%2Csz%401320_1001%2Cta%40iphone_2_9.0_18_10.9/baiduid=B11749B80F96979644538330C7EB8BB1/w=0_10_/t=iphone/l=1/tc,2,50,2
m.baidu.com/from=1013966u/bd_page_type=1/ssid=0/uid=0/pu=usm%400%2Csz%401320_1001%2Cta%40iphone_2_13.0_19_25.9/baiduid=BB4501E1167C80C48A341E777A444D69/w=0_10_/t=iphone/l=1/tc,2,100,0
m.baidu.com/from=1027624n/bd_page_type=1/ssid=0/uid=0/pu=sz%401320_480%2Ccuid%400avXug8j2tYuuBiOgivK8gak2fgf8vaU0OHg8YuIHuKQLqqqB%2Ccua%40_a-qiyauvig-NEq4I5me6NN02I_Uhvh5SGNqA%2Ccut%40_avQ8_uAvu4SuvCyguD0Ck4Lmq5zA%2Cosname%40baiduboxapp%2Cctv%402%2Ccfrom%40757b%2Ccen%40cuid_cua_cut%2Cosbranch%40a2%2Ccsrc%40app_mainbox_txt%2Cta%40iphone_2_15.0_11_19.8%2Cusm%400/baiduid=77F721733D15CB27B372449C5F9C27E8/w=0_10_/t=iphone/l=1/tc,2,0,466
m.baidu.com/from=1086k/bd_page_type=1/ssid=0/uid=0/pu=sz%401320_1002%2Cta%40iphone_2_11.0_2_19.3%2Cusm%400/baiduid=8939474016D12EF5A5ACC4BFCEFDB636/w=0_10_/t=iphone/l=1/tc,2,0,40
m.baidu.com/from=1086k/bd_page_type=1/ssid=0/uid=0/pu=usm%401%2Csz%401320_1002%2Cta%40iphone_2_12.0_2_13.2/baiduid=18545BD830A21EAAD0773281B33A870F/w=0_10_/t=iphone/l=1/tc,2,0,98
m.baidu.com/from=844b/bd_page_type=1/ssid=0/uid=0/pu=usm%400%2Csz%401320_1001%2Cta%40iphone_2_10.0_24_74.0/baiduid=57143B0C9A1C373FD9B24F932DD9C705/w=0_10_/t=iphone/l=1/tc,2,50,148
m.baidu.com/from=844b/bd_page_type=1/ssid=d4ca7a68616e677a6978696f6e673d16/uid=0/pu=usm%400%2Csz%401320_1001%2Cta%40iphone_2_10.0_24_138.0/baiduid=EC9B5FE9D44F1CC26EAB845BB2FC8053/w=0_10_/t=iphone/l=1/tc,2,0,1108
m.so.com/s,2,50,16
n.cn/search/da9a492d83fd43a3bfa64028ce6e6539,2,100,0
pip.pypa.io/en/stable/installation,2,0,450
python.org/doc,2,0,44
python.org/downloads/release/python-3137,2,0,77
tcn9vxx5r1bh.feishu.cn,2,50,982
tongyi.com/qianwen,2,0,2206
wistbean.org,2,33,2
wx.mail.qq.com,2,0,103
yuanbao.tencent.com/chat/naQivTmsDa/cdc630bb-8c39-4a1c-b21a-b3c9a74d68b3,2,0,18
192.168.0.211,1,100,0
52.8.25.33,1,100,0
521pj.cn,1,0,108
52pojie.cn,1,0,12
ai.eaglelab.tcl.com,1,0,13
ai.rcouyi.com,1,0,26
aiagent.zytintra.com,1,100,0
aisearch.sogou.com/link,1,0,44
alidocs.dingtalk.com,1,100,0
allaboutdataanalysis.medium.com/%E6%88%91%E5%B8%B8%E7%94%A8%E7%9A%84%E5%B9%BE%E5%80%8B%E7%B6%93%E5%85%B8python%E6%A8%A1%E7%B5%84-e31382acc46c,1,100,0
aws.amazon.com,1,0,8
bettercoding404.github.io,1,100,0
blog.csdn.net/u013738790/article/details/148474596,1,0,39
blog.csdn.net/weixin_42399800/article/details/143822422,1,100,0
brainmaker.netease.com,1,100,0
byhy.net,1,0,28
bytedance.larkoffice.com,1,0,0
c.biancheng.net,1,0,43
canvas.nus.edu.sg,1,100,0
chat.ai.ksyun.com,1,0,19
chat.bestaistore.com,1,100,0
chat18.aichatos96.com,1,0,107
chirzx.cn,1,100,0
cn.bing.com/search,1,0,79
codemao.yuque.com,1,100,0
codernav.com,1,0,759
college.yingdao.com,1,0,30
confluence.armchina.com,1,100,0
crawlaio.com,1,100,0
datawhalechina.github.io,1,100,0
developer.aliyun.com/redirect,1,0,36
developer.mozilla.org,1,0,27
docs.blender.org,1,0,0
docs.pytorch.org,1,0,0
doubao.com/chat/17324871380026370,1,0,0
doubao.com/chat/17352571072982530,1,100,0
ecoflow.feishu.cn,1,0,4
emt.18.cn,1,100,0
fast-dds.docs.eprosima.com/en/stable/installation/sources/sources_windows.html,1,0,111
github.com/JoeanAmier/TikTokDownloader/blob/master/docs/DouK-Downloader%E6%96%87%E6%A1%A3.md,1,100,0
github.com/JoeanAmier/TikTokDownloader/wiki/Documentation,1,100,0
github.com/huggingface/transformers/blob/main/i18n/README_zh-hans.md,1,0,31
google.com/search,1,0,25
hrtj5vaoew.feishu.cn,1,0,35
huakai.wang,1,100,0
huangz.works,1,100,0
huggingface.co,1,0,203
jb51.net/python/313576ka4.htm,1,0,91
kdocs.cn,1,0,28
linfengnet.com,1,100,0
lixiaolai.com,1,100,0
loongcad.com,1,100,0
ltr-abi.no,1,0,138
m.baidu.com/from=0/bd_page_type=1/ssid=0/uid=0/pu=usm%400%2Csz%401320_1001%2Cta%40iphone_2_7.0_24_62.0/baiduid=E7887391663B4BD68124E0564C4D7601/w=10_10_/t=iphone/l=1/tc,1,100,0
m.baidu.com/from=1001192y/bd_page_type=1/ssid=0/uid=0/pu=usm%400%2Csz%401320_1001%2Cta%40iphone_2_10.0_28_16.0/baiduid=423BA8009FEA20580EEFA37D842A9DA0/w=0_10_/t=iphone/l=1/tc,1,0,147
m.baidu.com/from=1001192y/bd_page_type=1/ssid=0/uid=0/pu=usm%400%2Csz%401320_1001%2Cta%40iphone_2_10.0_28_16.0/baiduid=93A933018B2D27E12ECC4351CF7A1AB5/w=0_10_/t=iphone/l=1/tc,1,0,1
m.baidu.com/from=1001192y/bd_page_type=1/ssid=0/uid=0/pu=usm%400%2Csz%401320_1001%2Cta%40iphone_2_12.0_28_15.0/baiduid=037A30D9910D8DB422E3DE1315AAFD68/w=0_10_/t=iphone/l=1/tc,1,100,0
m.baidu.com/from=1001192y/bd_page_type=1/ssid=0/uid=0/pu=usm%400%2Csz%401320_1001%2Cta%40iphone_2_12.0_28_16.0/baiduid=0DD46A5A7737A02A7664073FCD9EE437/w=0_10_/t=iphone/l=1/tc,1,100,0
m.baidu.com/from=1001192y/bd_page_type=1/ssid=0/uid=0/pu=usm%400%2Csz%401320_1001%2Cta%40iphone_2_12.0_28_16.0/baiduid=47F6D8063CCEC17F72E6350360D4AF39/w=0_10_/t=iphone/l=1/tc,1,100,0
m.baidu.com/from=1001192y/bd_page_type=1/ssid=0/uid=0/pu=usm%400%2Csz%401320_1001%2Cta%40iphone_2_12.0_28_16.0/baiduid=66FED2463D9FDC5C5FB0BC82B267CFB1/w=0_10_/t=iphone/l=1/tc,1,0,0
m.baidu.com/from=1001192y/bd_page_type=1/ssid=0/uid=0/pu=usm%400%2Csz%401320_1001%2Cta%40iphone_2_12.0_28_16.0/baiduid=83AB45D17A71BEF7F584939D23BEA20B/w=0_10_/t=iphone/l=1/tc,1,0,124
m.baidu.com/from=1001192y/bd_page_type=1/ssid=0/uid=0/pu=usm%400%2Csz%401320_1001%2Cta%40iphone_2_12.0_28_16.0/baiduid=DF8D66E6CC6205A0AD4F97AF0A3CADAA/w=0_10_/t=iphone/l=1/tc,1,100,0
m.baidu.com/from=1001192y/bd_page_type=1/ssid=0/uid=0/pu=usm%400%2Csz%401320_1001%2Cta%40iphone_2_12.0_28_16.0/baiduid=F37336E3271D51A1AFFC72AA044B0591/w=0_10_/t=iphone/l=1/tc,1,0,0
m.baidu.com/from=1001192y/bd_page_type=1/ssid=0/uid=0/pu=usm%400%2Csz%401320_1001%2Cta%40iphone_2_12.0_28_16.0/baiduid=F5A5818524A9F61F936C8A02F9F0B5D8/w=0_10_/t=iphone/l=1/tc,1,0,0
m.baidu.com/from=1001192y/bd_page_type=1/ssid=0/uid=0/pu=usm%400%2Csz%401320_220%2Cta%40iphone___24_114.0/baiduid=3D992B4FB28E602356EC56E1C618122E/w=0_10_/t=iphone/l=1/tc,1,0,80
m.baidu.com/from=1001192y/bd_page_type=1/ssid=0/uid=0/pu=usm%400%2Csz%401320_220%2Cta%40iphone___24_114.0/baiduid=8ECA95F632C56DC1B990FAD5C0BFA3E3/w=0_10_/t=iphone/l=1/tc,1,0,19
m.baidu.com/from=1001192y/bd_page_type=1/ssid=0/uid=0/pu=usm%401%2Csz%401320_1001%2Cta%40iphone_2_12.0_28_12.1/baiduid=87C10E2E98FDE645EC44BF58649A125C/w=0_10_/t=iphone/l=1/tc,1,100,0
m.baidu.com/from=1001192y/bd_page_type=1/ssid=0/uid=0/pu=usm%401%2Csz%401320_220%2Cta%40iphone___24_114.0/baiduid=CADDCC929D91F066E123B2B22FC7B85D/w=0_10_/t=iphone/l=1/tc,1,0,0
m.baidu.com/from=1001192y/bd_page_type=1/ssid=0/uid=0/pu=usm%402%2Csz%401320_220%2Cta%40iphone___24_114.0/baiduid=D5FE29105550D4BDB71DABE308B8C797/w=0_10_/t=iphone/l=1/tc,1,100,0
m.baidu.com/from=1001703a/bd_page_type=1/ssid=0/uid=0/pu=usm%400%2Csz%401320_1001%2Cta%40iphone_2_10.0_18_40.7/baiduid=9AE36982705F7F99945D8C8560281BE1/w=0_10_/t=iphone/l=1/tc,1,100,0
m.baidu.com/from=1001703a/bd_page_type=1/ssid=0/uid=0/pu=usm%400%2Csz%401320_1001%2Cta%40iphone_2_12.0_18_40.8/baiduid=44ACAA77CFE8F7FD7D39BE4D3FA9F551/w=0_10_/t=iphone/l=1/tc,1,100,0
m.baidu.com/from=1001703a/bd_page_type=1/ssid=0/uid=0/pu=usm%400%2Csz%401320_1001%2Cta%40iphone_2_15.0_18_40.9/baiduid=5080AF48EC9A78EE02348134DB21D88D/w=0_10_/t=iphone/l=1/tc,1,100,0
m.baidu.com/from=1001703a/bd_page_type=1/ssid=0/uid=0/pu=usm%400%2Csz%401320_1001%2Cta%40iphone_2_15.0_18_40.9/baiduid=50CDB3129D21457B4AB4E6793B2731FA/w=0_10_/t=iphone/l=1/tc,1,100,0
m.baidu.com/from=1012852q/bd_page_type=1/ssid=0/uid=0/pu=usm%400%2Csz%401320_1004%2Cta%40iphone_2_10.0_11_20.0/baiduid=367343F7F1C59D1E8ED8DCD1A341C9E5/w=0_10_/t=iphone/l=1/tc,1,100,0
m.baidu.com/from=1012852q/bd_page_type=1/ssid=0/uid=0/pu=usm%400%2Csz%401320_1004%2Cta%40iphone_2_13.0_11_17.3/baiduid=AE49CCCD7149CB4EDC98BC4C72B202EF/w=0_10_/t=iphone/l=1/tc,1,100,0
m.baidu.com/from=1012852q/bd_page_type=1/ssid=0/uid=0/pu=usm%400%2Csz%401320_1004%2Cta%40iphone_2_13.0_11_17.6/baiduid=24AEF61BFCEB1AB350764A16A2850354/w=0_10_/t=iphone/l=1/tc,1,100,0
m.baidu.com/from=1012852q/bd_page_type=1/ssid=0/uid=0/pu=usm%400%2Csz%401320_1004%2Cta%40iphone_2_14.0_11_17.8/baiduid=453DECE982BFF76F6B550ACC7903F414/w=0_10_/t=iphone/l=1/tc,1,100,0
m.baidu.com/from=1012852q/bd_page_type=1/ssid=0/uid=0/pu=usm%400%2Csz%401320_1004%2Cta%40iphone_2_14.0_11_18.2/baiduid=F511B4DA906FC920F6329BC0E6509B51/w=0_10_/t=iphone/l=1/tc,1,100,0
m.baidu.com/from=1012852q/bd_page_type=1/ssid=0/uid=0/pu=usm%400%2Csz%401320_1004%2Cta%40iphone_2_15.0_11_19.7/baiduid=BF3D2B21377AAB28E343D45DEFFEA93F/w=0_10_/t=iphone/l=1/tc,1,0,377
m.baidu.com/from=1012852q/bd_page_type=1/ssid=0/uid=0/pu=usm%400%2Csz%401320_1004%2Cta%40iphone_2_15.0_11_20.1/baiduid=8632D91568585BF9921AAF490A124E70/w=0_10_/t=iphone/l=1/tc,1,100,0
m.baidu.com/from=1013966u/bd_page_type=1/ssid=0/uid=0/pu=usm%400%2Csz%401320_1001%2Cta%40iphone_2_10.0_19_25.8/baiduid=6E9AA8FDE518AA4DA5885188C7D02490/w=0_10_/t=iphone/l=1/tc,1,0,110
m.baidu.com/from=1013966u/bd_page_type=1/ssid=0/uid=0/pu=usm%400%2Csz%401320_1001%2Cta%40iphone_2_10.0_19_25.9/baiduid=88885A0174647775BDC31EC3D957FF7D/w=20_10_/t=iphone/l=1/tc,1,0,12
m.baidu.com/from=1013966u/bd_page_type=1/ssid=0/uid=0/pu=usm%400%2Csz%401320_1001%2Cta%40iphone_2_11.0_19_25.8/baiduid=B2454DB66C45FAF18B9C16F53B4CA1F7/w=0_10_/t=iphone/l=1/tc,1,100,0
m.baidu.com/from=1013966u/bd_page_type=1/ssid=0/uid=0/pu=usm%400%2Csz%401320_1001%2Cta%40iphone_2_15.0_19_25.8/baiduid=BEF30E7918969B749776B57F9082603F/w=0_10_/t=iphone/l=1/tc,1,100,0
m.baidu.com/from=1015011n/bd_page_type=1/ssid=0/uid=0/pu=usm%400%2Csz%401320_1001%2Cta%40iphone_2_13.0_24_116.0/baiduid=C278ADB64EBDD7F656CE8D0E01154248/w=0_10_/t=iphone/l=1/tc,1,100,0
m.baidu.com/from=1015011n/bd_page_type=1/ssid=0/uid=0/pu=usm%401%2Csz%401320_1001%2Cta%40iphone_2_14.0_24_139.0/baiduid=98E063B0682F255763B5CB5168963BC5/w=0_10_/t=iphone/l=1/tc,1,100,0
m.baidu.com/from=1015819s/bd_page_type=1/ssid=0/uid=0/pu=usm%400%2Csz%401320_1003%2Cta%40iphone_2_15.0_1_17.7/baiduid=E706A2FC0FF3BBA2A4311DE2307517FC/w=0_20_/t=iphone/l=1/tc,1,0,1
m.baidu.com/from=1019311a/bd_page_type=1/ssid=0/uid=0/pu=usm%400%2Csz%401320_1001%2Cta%40iphone_2_14.0_19_25.2/baiduid=032E8975368E840578EABAE474C21D79/w=0_10_/t=iphone/l=1/tc,1,100,0
m.baidu.com/from=1019311v/bd_page_type=1/ssid=0/uid=0/pu=usm%400%2Csz%401320_1001%2Cta%40iphone_2_11.0_19_25.5/baiduid=6667B29C70B9C12E3849B3318039F7B2/w=0_10_/t=iphone/l=1/tc,1,100,0
m.baidu.com/from=1019311v/bd_page_type=1/ssid=0/uid=0/pu=usm%400%2Csz%401320_1001%2Cta%40iphone_2_15.0_19_25.9/baiduid=DE3333B5B3237DC7C796C6FF380476BC/w=0_10_/t=iphone/l=1/tc,1,100,0
m.baidu.com/from=1020681k/bd_page_type=1/ssid=0/uid=0/pu=usm%400%2Csz%401320_1001%2Cta%40iphone_2_15.0_18_40.10/baiduid=4A8C26E1C603390B2E7CDF93006AA05A/w=0_10_/t=iphone/l=1/tc,1,100,0
m.baidu.com/from=1020681k/bd_page_type=1/ssid=0/uid=0/pu=usm%400%2Csz%401320_1001%2Cta%40iphone_2_15.0_18_40.10/baiduid=7644E4B357362A010036CF953008540F/w=0_10_/t=iphone/l=1/tc,1,100,0
m.baidu.com/from=1020681k/bd_page_type=1/ssid=0/uid=0/pu=usm%400%2Csz%401320_1001%2Cta%40iphone_2_15.0_18_40.9/baiduid=0EAF56DB305B7DCBED8AA7EAC8EFFEEF/w=0_10_/t=iphone/l=1/tc,1,100,0
m.baidu.com/from=1020761f/bd_page_type=1/ssid=0/uid=0/pu=usm%400%2Csz%401320_1001%2Cta%40iphone_2_12.0_19_25.9/baiduid=D6299734AA70EB663E688AA9152673E7/w=0_10_/t=iphone/l=1/tc,1,100,0
m.baidu.com/from=1020761f/bd_page_type=1/ssid=0/uid=0/pu=usm%400%2Csz%401320_1001%2Cta%40iphone_2_13.0_19_25.9/baiduid=9D0D4F7BB5011E44B698BA564E60586F/w=0_10_/t=iphone/l=1/tc,1,100,0
m.baidu.com/from=1020761f/bd_page_type=1/ssid=0/uid=0/pu=usm%400%2Csz%401320_1001%2Cta%40iphone_2_15.0_19_25.8/baiduid=33C939904FE8A0FE2B8A9094CA212DA2/w=0_10_/t=iphone/l=1/tc,1,0,9
m.baidu.com/from=1020761f/bd_page_type=1/ssid=0/uid=0/pu=usm%400%2Csz%401320_1001%2Cta%40iphone_2_9.0_19_25.9/baiduid=32329CF8E9A57CCB4988CC6BFD337AFE/w=0_10_/t=iphone/l=1/tc,1,100,0
m.baidu.com/from=1020786m/bd_page_type=1/ssid=0/uid=0/pu=usm%400%2Csz%401320_1001%2Cta%40ins_2_10.0_19_25.8/baiduid=A51DDDA68EF1B1BA7D2C29803A21A3C7/w=0_10_/t=zbios/l=1/tc,1,100,0
m.baidu.com/from=1022282z/bd_page_type=1/ssid=0/uid=0/pu=usm%400%2Csz%401320_1001%2Cta%40iphone_2_15.0_24_131.0/baiduid=93D5A20A94B17266A71BBDAE55F13D62/w=0_10_/t=iphone/l=1/tc,1,100,0
m.baidu.com/from=1022282z/bd_page_type=1/ssid=0/uid=0/pu=usm%401%2Csz%401320_1001%2Cta%40iphone_2_15.0_24_138.0/baiduid=6782D030123BBBB8B1FCD4580C2743E8/w=0_10_/t=iphone/l=1/tc,1,100,0
m.baidu.com/from=1022282z/bd_page_type=1/ssid=0/uid=0/pu=usm%401%2Csz%401320_2001%2Cta%40iphone_1_13.2_25_13.0/baiduid=8A11D3E6BF7ED680ECE8225BB10C8B8F/w=0_10_/t=iphone/l=1/tc,1,0,2
m.baidu.com/from=1023341n/bd_page_type=1/ssid=0/uid=0/pu=usm%401%2Csz%401320_1001%2Cta%40ins_2_13.0_24_90.0/baiduid=AC58CCEBEC9735872E2544C5C10DAE0A/w=0_10_/t=zbios/l=1/tc,1,100,0
m.baidu.com/from=1024043p/bd_page_type=1/ssid=0/uid=0/pu=usm%400%2Csz%401320_220%2Cta%40iphone_5_5.0_28_5.1/baiduid=30A41FB5E37A259BA4746974E3C3452D/w=0_10_/t=iphone/l=1/tc,1,0,52
m.baidu.com/from=1024043p/bd_page_type=1/ssid=0/uid=0/pu=usm%400%2Csz%401320_220%2Cta%40iphone_5_5.1_28_5.1/baiduid=F55166412AECDBD78DF65D1CCEDD9529/w=0_10_/t=iphone/l=1/tc,1,100,0
m.baidu.com/from=1024729a/bd_page_type=1/ssid=0/uid=0/pu=usm%400%2Csz%401320_1004%2Cta%40iphone_2_14.0_34_11.21/baiduid=D16FE8F4EE47B557F1E6C5AB0DC7A5B2/w=0_10_/t=iphone/l=1/tc,1,100,0
m.baidu.com/from=1027661f/bd_page_type=1/ssid=0/uid=0/pu=usm%400%2Csz%401320_1001%2Cta%40iphone_2_15.0_24_131.0/baiduid=6B64E2EEB4BAD76D6EDEF88E533E21BD/w=0_10_/t=iphone/l=1/tc,1,100,0
m.baidu.com/from=1086k/bd_page_type=1/ssid=0/uid=0/pu=usm%400%2Csz%401320_1002%2Cta%40iphone_2_12.0_2_19.3/baiduid=D145B35B93557B70E783F66D2695682B/w=0_10_/t=iphone/l=1/tc,1,100,0
m.baidu.com/from=1086k/bd_page_type=1/ssid=0/uid=0/pu=usm%400%2Csz%401320_1002%2Cta%40iphone_2_15.0_2_16.2/baiduid=F600A8F3EC7304A6124437EBDE164392/w=0_10_/t=iphone/l=1/tc,1,100,0
m.baidu.com/from=1086k/bd_page_type=1/ssid=ceb9b5c7b7e5666c79b437/uid=0/pu=usm%400%2Csz%401320_1002%2Cta%40iphone_2_13.0_2_19.1/baiduid=7A48338A34CBA153E454F2A29481FACF/w=0_10_/t=iphone/l=1/tc,1,0,1
m.baidu.com/from=2001l/bd_page_type=1/ssid=0/uid=0/pu=usm%400%2Csz%401320_220%2Cta%40iphone___1_18.0/baiduid=7C7E31CCA3B2E52CA50D9C37891A2BB2/w=30_10_/t=iphone/l=1/tc,1,0,2
m.baidu.com/from=2001p/bd_page_type=1/ssid=0/uid=0/pu=usm%400%2Csz%401320_1004%2Cta%40iphone_2_12.0_35_7.14/baiduid=395EDC571CD3419A21348108CC850479/w=0_10_/t=iphone/l=1/tc,1,100,0
m.baidu.com/from=844b/bd_page_type=1/ssid=0/uid=0/pu=usm%400%2Csz%401320_1001%2Cta%40iphone_2_12.0_24_83.0/baiduid=BBBAB491186642C2296934B9A02C75C8/w=0_10_/t=iphone/l=1/tc,1,100,0
m.baidu.com/from=844b/bd_page_type=1/ssid=0/uid=0/pu=usm%401%2Csz%401320_1001%2Cta%40iphone_2_10.0_24_131.0/baiduid=7BA873C2A402295A5E073BF7D3059F9A/w=0_10_/t=iphone/l=1/tc,1,100,0
m.so.com,1,100,0
meteordream.github.io,1,100,0
microsoft.github.io,1,0,15
mkb7fyv5xx.feishu.cn,1,0,1827
nav.poetries.top,1,0,16
neetcode.io,1,0,124
notebooks.githubusercontent.com,1,0,70
oi.wiki,1,0,214
one-tab.com,1,0,9
opencsg.com,1,100,0
pan.quark.cn,1,0,942
phind.com,1,0,196
poe.com,1,100,0
pvylxlho4u.feishu.cn,1,100,0
pycodeworld.com,1,100,0
pytest-mock.readthedocs.io/en/latest/usage.html,1,0,419
python.it,1,0,10
python.org/about,1,0,484
python.org/downloads/android,1,0,14
python.org/shell,1,0,236
python.p2hp.com,1,0,681
qlabel.tencent.com/workbench/tasks/1154793834358554624/pack_key/8aa14ebace1f4818e3d1b352fcb87eb1,1,0,74
quark.cn,1,100,0
quark.cn/s/134fgRHGcmNrLGDZd6,1,100,0
quark.cn/s/2JoET6FI13Q3qHwr7G,1,100,0
quark.cn/s/JujwR12Nzv78XVIR7f,1,0,20
quickref.cn,1,100,0
r.search.yahoo.com/_ylt=AwrKFbM__qhoKAIAzIgj4gt.;_ylu=Y29sbwNzZzMEcG9zAzEEdnRpZAMEc2VjA3Ny/RV=2/RE=1757115199/RO=10/RU=https%3a%2f%2fdocs.python.org%2fzh-cn%2f3%2ftutorial%2findex.html/RK=2/RS=KLCEgrChQk8SZeJm_eQgGrS8jQg-,1,100,0
realpython.com,1,0,0
roadmap.sh,1,0,318
root.cern,1,0,32
salon.netease.com,1,0,605
showdoc.hsk99.com.cn,1,0,21
sogou.com/link,1,100,0
space.coze.cn,1,100,0
sspai.com,1,100,0
tutorial.helloflask.com,1,0,174
v2download.com,1,100,0
v2ex.com/t/565363,1,0,126
web.shanbay.com,1,100,0
wenxiaobai.com,1,0,193
wiki.hosecloud.com,1,100,0
wiki.sipeed.com,1,0,0
wm.m.sm.cn/s,1,100,0
wpfx.link,1,0,38
wxxczhqdghln.sealosbja.site,1,100,0
zaaynwx0pa.feishu.cn,1,100,0
zhihu.com/market/pub/119915222/manuscript/1283849971758936064,1,0,366
