name,version,visitors
Windows,10,3592
Windows,XP,883
Mac,10.15,791
Mac,10.13,429
GNU/Linux,(not set),202
Android,10,156
iOS,18.7,78
iOS,18.6,33
Ubuntu,(not set),29
Android,15,28
Android,14,23
Android,12,20
Android,16,18
Chrome OS,14541.0,15
iOS,18.5,15
Android,11,12
Android,9,12
iOS,26.1,11
HarmonyOS,(not set),7
HarmonyOS,3.0,7
Android,13,6
Windows,7,6
iOS,16.1,5
iOS,18.1,5
iOS,18.3,4
iOS,26.2,4
iOS,15.6,3
iOS,17.5,3
iOS,17.6,3
iOS,18.4,3
Windows,8.1,3
Mac,10.11,2
Mac,10.14,2
iOS,17.3,2
iPadOS,17.7,2
HarmonyOS,2.2,2
iOS,5.0,2
Mac,10.12,1
iOS,14.6,1
iOS,15.3,1
iOS,15.4,1
iOS,15.8,1
iPadOS,16.2,1
iOS,16.4,1
iOS,16.6,1
iOS,16.7,1
iOS,17.7,1
iOS,18.2,1
Android,6.0,1
Android,7.1,1
Windows,8,1
