name,visitors
England,77
California,65
Karnataka,45
Moscow,45
Tokyo,43
Tamil Nadu,35
Ontario,34
Guangdong,34
Telangāna,31
New York,30
Beijing,29
North Rhine-Westphalia,28
Shanghai,27
Maharashtra,27
Texas,27
Bavaria,26
Delhi,26
Saint Petersburg,26
Jiangsu,24
Baden-Württemberg,24
Zhejiang,23
Tel Aviv,23
Mazovia,23
Georgia,22
Île-de-France,21
Massachusetts,20
São Paulo,19
Catalonia,18
Washington,18
Hesse,17
Gujarat,17
Lombardy,17
Florida,17
Virginia,17
Henan,16
Kerala,16
Istanbul,16
Sichuan,15
South Holland,15
Victoria,14
Guizhou,14
Cairo,14
North Holland,14
Hubei,13
Madrid Autonomous Community,13
Punjab,13
Riyadh,13
Illinois,13
Minas Gerais,12
Liaoning,12
Uttar Pradesh,12
West Bengal,12
Colorado,12
New Jersey,12
Ohio,12
Quebec,11
Gauteng,11
Shandong,10
Osaka,10
Kuala Lumpur,10
Lagos,10
Lesser Poland,10
Arizona,10
Michigan,10
Minnesota,10
Pennsylvania,10
New South Wales,9
British Columbia,9
Fujian,9
Shaanxi,9
Tianjin,9
Grand-Est,9
Rajasthan,9
Kanagawa,9
Metro Manila,9
Kyiv,9
Lvivshchyna,9
Maryland,9
Tashkent,9
Vienna,8
Queensland,8
Minsk,8
Hebei,8
Lower Saxony,8
Auvergne-Rhône-Alpes,8
Jakarta,8
Bihar,8
Nairobi County,8
Seoul,8
Gyeonggi,8
Buenos Aires Province,7
Alberta,7
Anhui,7
Hunan,7
Uusimaa,7
Leinster,7
Western,7
Taipei,7
Oklahoma,7
Oregon,7
Ceará,6
Paraná,6
Rio de Janeiro,6
Chongqing,6
Yunnan,6
Capital District,6
Guatemala,6
Madhya Pradesh,6
Hormozgan,6
Saitama,6
Lima,6
Greater Poland,6
Rostov,6
Bangkok,6
Kharkivshchyna,6
Missouri,6
North Carolina,6
Tennessee,6
Ho Chi Minh City,6
Dhaka Division,5
Flanders,5
Zürich,5
Abidjan,5
Santiago Metropolitan,5
Jiangxi,5
Shanxi,5
Rhineland-Palatinate,5
Scotland,5
Kwai Tsing New Territories,5
Andhra Pradesh,5
Chiba,5
Aichi,5
Hyogo,5
Mexico State,5
Utrecht,5
Oslo,5
Pomerania,5
Braga,5
Nizhny Novgorod,5
Tatarstan,5
New Taipei,5
Alabama,5
Dubai,4
Brussels,4
Sofia,4
Berlin,4
Saxony,4
Guayas,4
Andalusia,4
Attica,4
Zagreb,4
Chandigarh,4
Haryana,4
Piedmont,4
Tuscany,4
Amman,4
Tochigi,4
Meknès-Tafilalet,4
Ciudad de Mexico,4
Jalisco,4
Nuevo León,4
Rivers,4
Calabarzon,4
Sindh,4
Bucharest,4
Beograd,4
Bashkortostan,4
Novosibirsk,4
Sverdlovsk,4
Makkah,4
Skåne,4
Bratislava,4
Ankara,4
Izmir,4
Dnipropetrovshchyna,4
Connecticut,4
Indiana,4
Abu Dhabi,3
Western Australia,3
Baku,3
Burgas,3
Espírito Santo,3
Basel-Stadt,3
Guangxi,3
Algiers,3
Giza,3
Aragon,3
Occitanie,3
Wales,3
Tbilisi,3
Greater Accra,3
Budapest,3
Jerusalem,3
Central,3
Northern,3
Khuzestan,3
Veneto,3
Emilia-Romagna,3
Lazio,3
Niigata,3
Kyoto,3
Phnom Penh,3
Daegu,3
Incheon,3
Daejeon,3
Al Asimah,3
Astana,3
Riga,3
Tangier-Tétouan,3
Chaouia-Ouardigha,3
Islamabad,3
Lower Silesia,3
Silesia,3
Lisbon,3
Porto,3
Doha,3
Chelyabinsk,3
Perm Krai,3
Eastern,3
Žilina,3
Sousse,3
Dar es Salaam,3
Kyivshchyna,3
Odeshchyna,3
Arkansas,3
Kentucky,3
Utah,3
Yerevan,2
Tyrol,2
Brčko District,2
Wallonia,2
Hauts-Bassins,2
Bahia,2
Goiás,2
Maranhão,2
Pernambuco,2
Santa Catarina,2
Manitoba,2
Nova Scotia,2
Saskatchewan,2
Kinshasa,2
Aargau,2
Geneva,2
Jilin,2
Antioquia,2
Nariño,2
Prague,2
Plzeň,2
Zlín,2
Moravia-Silesia,2
Bremen,2
Mecklenburg-Vorpommern,2
Schleswig-Holstein,2
Thuringia,2
Capital Region,2
Pichincha,2
Harjumaa,2
Qalyubia,2
Castile and León,2
Addis Ababa,2
Burgundy-Franche-Comté,2
Hauts-de-France,2
Pays-de-la-Loire,2
Imereti,2
Central Macedonia,2
Kowloon City Kowloon,2
West Java,2
South Kalimantan,2
Connacht,2
Munster,2
Haifa,2
Jammu and Kashmir,2
Odisha,2
Uttarākhand,2
Baghdad,2
Apulia,2
Hiroshima,2
Bishkek,2
Busan,2
North Chungcheong,2
Almaty City,2
Shymkent,2
Chișinău,2
Podgorica,2
Yangon,2
Sliema,2
Central,2
Hidalgo,2
Federal Capital Territory,2
North Brabant,2
Rogaland,2
Central Luzon,2
Northern Mindanao,2
Kuyavia-Pomerania,2
West Pomerania,2
Setúbal,2
Timiș,2
Altai Krai,2
Astrakhan,2
Belgorod,2
