name,visitors,bounce_rate,visit_duration
Direct / None,19854,67,151
google.com,4260,78,207
python.org,1005,71,291
baidu.com/link,181,77,83
bing.com,110,77,476
m.baidu.com,106,84,64
cn.bing.com,104,68,210
google.com.hk,98,81,170
codecademy.cn,83,55,159
chatgpt.com,46,25,384
baidu.com,37,86,244
duckduckgo.com,25,67,628
search.yahoo.co.jp,25,75,73
search.brave.com,20,100,285
yandex.ru,15,0,532
wiki.python.org,14,0,463
github.com,13,75,99
qiita.com,11,50,900
aules.edu.gva.es,10,36,745
google.co.jp,10,82,82
perplexity.ai,10,62,475
statics.teams.cdn.office.net,10,80,2
classroom.google.com,9,44,199
ecosia.org,9,88,713
python.org/downloads/release/python-3137,9,62,92
educacionadistancia.juntadeandalucia.es,8,50,1884
youtube.com,8,0,381
doubao.com,7,0,155
google.fr,6,67,13
peps.python.org,6,100,186
udemy.com,6,0,366
cs50.harvard.edu,5,0,503
note.nkmk.me,5,100,282
python.github.net.cn,5,0,468
capytale2.ac-paris.fr,4,100,187
chat.baidu.com,4,50,10
codecademy.cn/tutorial/python,4,67,38
devdocs.io,4,50,62
eclass.yuntech.edu.tw,4,0,12
google.co.kr,4,33,395
google.com/search,4,67,6
link.csdn.net,4,0,1707
link.zhihu.com,4,100,590
netacad.com,4,100,4
ntp.msn.cn,4,33,63
pandas.pydata.org,4,0,538
python.it,4,0,247
qwant.com,4,100,1015
android-app://com.google.android.googlequicksearchbox,3,100,0
away.vk.com,3,0,424
copilot.microsoft.com,3,100,1116
docs.pytorch.org,3,0,537
github.com/uvsq-l1-info100/l1-python/blob/main/INSTALL.md,3,100,0
google.it,3,80,106
google.nl,3,50,391
notion.so,3,100,0
plataforma-beta.coderhouse.com,3,100,0
roadmap.sh,3,0,2625
so.com/link,3,0,30
www-python-org.translate.goog,3,100,71
172.31.12.99,2,0,118
android-app://com.reddit.frontpage,2,100,0
app.kira-learning.com,2,0,360
boot.dev,2,0,614
campus.ucp.edu.ar,2,100,0
claude.ai,2,0,704
dev-discuss.pytorch.org,2,0,1354
developer.mozilla.org,2,0,8
docs.aiohttp.org/en/stable/client_reference.html,2,0,652
dodona.be,2,100,0
downloads.ccdc.cam.ac.uk,2,0,40
en.docsdev.local,2,80,0
en.wikipedia.org,2,0,964
gemini.google.com,2,100,8
github.com/jquast/blessed/pull/295,2,0,316
github.com/python/cpython,2,0,1114
github.com/python/cpython/issues/118888,2,100,0
github.com/python/python-docs-pt-br/issues/271,2,100,0
google.com.br,2,100,0
google.com.tw,2,50,590
hatenablog-parts.com,2,100,0
iespabloserrano.aeducar.es,2,0,650
learn.microsoft.com,2,100,236
m.baidu.com/from=1019311v/bd_page_type=1/ssid=0/uid=0/pu=usm%400%2Csz%401320_1001%2Cta%40iphone_2_14.0_19_25.9/baiduid=A8A63729002C3D6CE18FC25D0FF5FF7F/w=0_10_/t=iphone/l=1/tc,2,50,24
m.baidu.com/from=1026372p/bd_page_type=1/ssid=0/uid=0/pu=usm%401%2Csz%401320_1004%2Cta%40iphone_2_10.0_26_7.88/baiduid=91CCB8EA9BA8AA58CD97FFB8BC3AC301/w=10_10_/t=iphone/l=1/tc,2,100,0
m.baidu.com/from=1030335w/bd_page_type=1/ssid=0/uid=0/pu=usm%400%2Csz%401320_220%2Cta%40iphone___24_83.0/baiduid=BBB0401AE5279B67401B88B1CF4622AB/w=0_10_/t=iphone/l=1/tc,2,100,0
mclibre.org,2,0,308
mpi4py.readthedocs.io/en/stable/mpi4py.run.html,2,0,3
notebooks.githubusercontent.com,2,0,25
opencsg.com,2,100,0
pip.pypa.io/en/stable/installation,2,0,976
practicum.yandex.ru,2,0,76
pymupdf.readthedocs.io/en/latest/installation.html,2,0,1496
python.org/doc,2,0,538
savio.utb.edu.co,2,100,0
scikit-learn.org,2,0,119
solid-disco-6956jrj7jjjr3r6gx.github.dev,2,100,0
superfastpython.com,2,0,648
websearch.rakuten.co.jp,2,50,20
wenxiaobai.com,2,0,145
wetab.link,2,50,140
wiki.archlinux.org,2,0,108
ya.ru,2,0,667
0341794r.index-education.net,1,100,0
10.129.80.65,1,100,0
172.28.205.67,1,0,17
aisearch.sogou.com,1,0,140
aisearch.sogou.com/link,1,0,171
alvernia.instructure.com,1,0,76
amuletmc.com,1,0,9
android-app://com.google.android.gm,1,100,0
app.dataquest.io,1,0,468
assets.scormproxy.com,1,0,5
assignments.onenote.com,1,0,3712
atenea.upc.edu,1,100,0
atp.udemy.com,1,0,2
aulavirtual.murciaeduca.es,1,0,19
aws.amazon.com,1,0,459
bbs.csdn.net/topics/619153587,1,0,707
bidianer.com,1,0,104
blackbox.ai,1,0,58
blog.naver.com,1,0,19
bqjzl1v768o.feishu.cn,1,0,3
brightspace.nyu.edu,1,100,0
byhy.net/py/lang/basic/05,1,0,22
campus125.unad.edu.co,1,100,0
campusvirtual.uva.es,1,0,41
canvas.calpoly.edu/courses/162152/pages/course-resources,1,0,11
capgemini.udemy.com,1,0,904
cdn3.gnarususercontent.com.br,1,100,0
centros.edu.xunta.gal,1,0,243
chaba-lab.com,1,0,72
chat.minimaxi.com,1,0,0
chat.mistral.ai,1,0,190
class.utp.edu.pe,1,100,0
cms.unir.net,1,0,355
cnblogs.com,1,0,5
coder.infs.ch,1,0,3436
coderbyte.com,1,100,0
codernav.com,1,0,0
composingprograms.com,1,0,490
crosemont.moodle.decclic.qc.ca,1,0,193
cuiqingcai.com,1,0,0
curobo.org,1,0,2454
cursos.alura.com.br,1,100,0
datacamp.com,1,0,0
davinci.mediatek.inc,1,0,1756
dev.epicgames.com,1,0,134
devops.sdsdev.co.kr,1,100,0
docs.google.com,1,100,0
docs.pytest.org/en/stable/how-to/doctest.html,1,0,11
docs.virustotal.com,1,0,279
dojang.io,1,0,28
dou.ua,1,0,164
dropbox.com,1,0,13
educapermanente.itla.edu.do,1,100,0
eecs485staff.github.io,1,0,10
elearn.epam.com,1,0,80
es.search.yahoo.com,1,0,79
facebook.com,1,100,0
fidget-spinner.github.io,1,100,0
flask.palletsprojects.com/zh-cn/stable/installation,1,0,28
forum.yazbel.com,1,0,49
fr.search.yahoo.com,1,100,0
freecodecamp.org/news/unit-testing-in-python,1,0,80
gisgeography.com,1,0,821
github.com/Matheusleitelima/Python-com-banco-de-dados.md/blob/main/Conectores.MD,1,0,0
github.com/bitranox/pathlib3x/blob/master/README.rst,1,0,344
github.com/grpc/grpc/issues/36117,1,100,0
github.com/mnh-jansson/m18-protocol,1,0,110
github.com/nschloe/tuna,1,0,0
github.com/python/cpython/issues/111301,1,100,0
github.com/python/cpython/issues/135834,1,0,639
github.com/xiaolai/the-python-tutorial-in-other-formats,1,0,23
github.com/yt-dlp/yt-dlp/tree/master,1,0,49
gopher.com/serp,1,0,1453
hitachigroup.okta.com,1,0,17
htourneur.free.fr,1,100,0
hub.docker.com,1,0,8
huggingface.co,1,0,41
id.search.yahoo.com,1,0,46
idealab.alibaba-inc.com,1,0,2085
idealab.alibaba-inc.com/ideaTalk,1,0,4232
ioai.toki.id,1,0,1243
is.muni.cz,1,0,43
jetbrains.com,1,0,6
journal.top-academy.ru,1,100,0
jp.quora.com,1,100,0
juansemarquez.com,1,100,0
jupyter.wu.ac.at,1,100,0
k-won.tistory.com,1,0,694
langchain-ai.github.io,1,0,304
ler.amazon.com.br,1,0,1101
liaoxuefeng.com,1,0,14
lms.stclaircollege.ca,1,0,36
m.baidu.com/from=1001192y/bd_page_type=1/ssid=0/uid=0/pu=usm%400%2Csz%401320_1001%2Cta%40iphone_2_11.0_28_16.0/baiduid=9E83F589B22C414D551C56E08B9A9916/w=0_10_/t=iphone/l=1/tc,1,0,0
m.baidu.com/from=1001192y/bd_page_type=1/ssid=0/uid=0/pu=usm%400%2Csz%401320_1001%2Cta%40iphone_2_12.0_28_16.0/baiduid=036776E5F6AE52E9F8F8A82D3174B202/w=50_10_/t=iphone/l=1/tc,1,0,1
m.baidu.com/from=1001192y/bd_page_type=1/ssid=0/uid=0/pu=usm%400%2Csz%401320_1001%2Cta%40iphone_2_12.0_28_16.0/baiduid=D0A2DDCE79611BE1D6EFB5A1DB243BAA/w=0_10_/t=iphone/l=1/tc,1,100,0
m.baidu.com/from=1001192y/bd_page_type=1/ssid=0/uid=0/pu=usm%401%2Csz%401320_1001%2Cta%40iphone_2_12.0_28_16.0/baiduid=4F7D5C0959751C166B0A8E50072BC7A9/w=0_10_/t=iphone/l=1/tc,1,100,0
m.baidu.com/from=1001192y/bd_page_type=1/ssid=0/uid=0/pu=usm%401%2Csz%401320_1001%2Cta%40iphone_2_12.0_28_16.0/baiduid=FC2489F3939906601991C021E83EB285/w=0_10_/t=iphone/l=1/tc,1,100,0
m.baidu.com/from=1001192y/bd_page_type=1/ssid=0/uid=0/pu=usm%403%2Csz%401320_1001%2Cta%40iphone_2_12.0_28_16.0/baiduid=856F1CA974848E4CF81E94AEA23AC45F/w=0_10_/t=iphone/l=1/tc,1,0,0
m.baidu.com/from=1001192y/bd_page_type=1/ssid=0/uid=0/pu=usm%405%2Csz%401320_220%2Cta%40iphone___24_114.0/baiduid=7890F5CAECB5C491EBDB3A2E7B5DFD33/w=0_10_/t=iphone/l=1/tc,1,0,335
m.baidu.com/from=1001703a/bd_page_type=1/ssid=0/uid=0/pu=sz%401320_1001%2Cta%40iphone_2_13.0_18_40.10%2Cusm%401/baiduid=6C910FE6DFCC93E56B4D6613D428EFEC/w=0_10_/t=iphone/l=1/tc,1,100,0
m.baidu.com/from=1001703a/bd_page_type=1/ssid=0/uid=0/pu=sz%401320_1001%2Cta%40iphone_2_8.1_18_4.7%2Cusm%400/baiduid=CAB08984B591D004D1DE2F732CA8E257/w=0_10_/t=iphone/l=1/tc,1,100,0
m.baidu.com/from=1001703a/bd_page_type=1/ssid=0/uid=0/pu=usm%400%2Csz%401320_1001%2Cta%40iphone_2_11.0_18_40.10/baiduid=7AAB6E1DCC04D119F9DB2AA1FF4177B4/w=0_10_/t=iphone/l=1/tc,1,0,76
m.baidu.com/from=1001703a/bd_page_type=1/ssid=0/uid=0/pu=usm%400%2Csz%401320_1001%2Cta%40iphone_2_14.0_18_40.10/baiduid=0DA097E658EFC2C2F78F4B589C6962C7/w=0_10_/t=iphone/l=1/tc,1,100,0
m.baidu.com/from=1001703a/bd_page_type=1/ssid=0/uid=0/pu=usm%400%2Csz%401320_1001%2Cta%40iphone_2_14.0_18_40.10/baiduid=70F8C413A9A2EFE919B22A8CCD7B2030/w=0_10_/t=iphone/l=1/tc,1,100,0
m.baidu.com/from=1001703a/bd_page_type=1/ssid=0/uid=0/pu=usm%401%2Csz%401320_1001%2Cta%40iphone_2_15.0_18_40.10/baiduid=710E95DEB12209812320AAC2AE6ABB89/w=0_10_/t=iphone/l=1/tc,1,100,0
m.baidu.com/from=1001703a/bd_page_type=1/ssid=0/uid=0/pu=usm%403%2Csz%401320_1001%2Cta%40ins_2_14.0_18_40.10/baiduid=0B42F49AEF5141599867FC218DF64B38/w=0_10_/t=zbios/l=1/tc,1,0,14
m.baidu.com/from=1001703a/bd_page_type=1/ssid=0/uid=0/pu=usm%405%2Csz%401320_220%2Cta%40iphone___18_40.10/baiduid=1CD0EBDBF8B3123B526F978CB53395F5/w=0_10_/t=iphone/l=1/tc,1,0,359
m.baidu.com/from=1009266d/bd_page_type=1/ssid=0/uid=0/pu=usm%403%2Csz%401320_1001%2Cta%40iphone_2_12.0_24_95.0/baiduid=07A200253031B98468CFCC6FAECF7B32/w=0_10_/t=iphone/l=1/tc,1,100,0
m.baidu.com/from=1012852q/bd_page_type=1/ssid=0/uid=0/pu=usm%400%2Csz%401320_1004%2Cta%40iphone_2_15.0_11_19.3/baiduid=0B414B43EB827DC87EE91D4AE6D471F0/w=0_10_/t=iphone/l=1/tc,1,100,0
m.baidu.com/from=1012852q/bd_page_type=1/ssid=0/uid=0/pu=usm%400%2Csz%401320_1004%2Cta%40iphone_2_15.0_11_20.2/baiduid=36BCB8887DE05A3A63BBE4D95636F045/w=0_10_/t=iphone/l=1/tc,1,100,0
m.baidu.com/from=1012852q/bd_page_type=1/ssid=0/uid=0/pu=usm%400%2Csz%401320_1004%2Cta%40iphone_2_15.0_11_20.2/baiduid=99846FD8499E0A19EBEEE732CDA054D6/w=0_10_/t=iphone/l=1/tc,1,0,11
m.baidu.com/from=1012852q/bd_page_type=1/ssid=0/uid=0/pu=usm%400%2Csz%401320_220%2Cta%40iphone___11_20.1/baiduid=E7E40A6CEE2F95859D0AF4A0A6ED1FA6/w=0_10_/t=iphone/l=1/tc,1,0,4
m.baidu.com/from=1012852q/bd_page_type=1/ssid=0/uid=0/pu=usm%401%2Csz%401320_1004%2Cta%40iphone_2_15.0_11_20.1/baiduid=527073210BC7617A1D1670B166907EB0/w=0_10_/t=iphone/l=1/tc,1,100,0
m.baidu.com/from=1012852q/bd_page_type=1/ssid=0/uid=0/pu=usm%402%2Csz%401320_1004%2Cta%40iphone_2_11.0_11_20.1/baiduid=16C75917B736A5B4BC5F031715D1C3E3/w=0_10_/t=iphone/l=1/tc,1,100,0
m.baidu.com/from=1013966u/bd_page_type=1/ssid=0/uid=0/pu=sz%401320_1001%2Cta%40iphone_2_12.0_19_24.4%2Cusm%402/baiduid=6E93DE95C6DA8D6F92401BE3AE8F092D/w=0_10_/t=iphone/l=1/tc,1,100,0
m.baidu.com/from=1013966u/bd_page_type=1/ssid=0/uid=0/pu=sz%401320_1001%2Cta%40iphone_2_9.0_19_26.3%2Cusm%400/baiduid=FD4EF190CD57F4EE1B536647A1C59B86/w=40_10_/t=iphone/l=1/tc,1,100,0
m.baidu.com/from=1013966u/bd_page_type=1/ssid=0/uid=0/pu=usm%400%2Csz%401320_1001%2Cta%40iphone_2_14.0_19_25.8/baiduid=A6BF7882223E2B87F0200F30A23A9E6A/w=0_10_/t=iphone/l=1/tc,1,100,0
m.baidu.com/from=1013966u/bd_page_type=1/ssid=0/uid=0/pu=usm%400%2Csz%401320_1001%2Cta%40iphone_2_14.0_19_26.3/baiduid=2D7F61D50CD3D42E5458B47E41F19988/w=0_10_/t=iphone/l=1/tc,1,100,0
m.baidu.com/from=1013966u/bd_page_type=1/ssid=0/uid=0/pu=usm%400%2Csz%401320_1001%2Cta%40iphone_2_15.0_19_24.2/baiduid=AB4F9553DAB09B5CB3DE6C6006B6324B/w=0_10_/t=iphone/l=1/tc,1,0,7
m.baidu.com/from=1015011i/bd_page_type=1/ssid=0/uid=0/pu=usm%400%2Csz%401320_1001%2Cta%40iphone_2_15.0_24_140.0/baiduid=D481C00066F7719BDD1108BC7DCF524F/w=0_10_/t=iphone/l=1/tc,1,100,0
m.baidu.com/from=1019311a/bd_page_type=1/ssid=0/uid=0/pu=usm%400%2Csz%401320_1001%2Cta%40iphone_2_13.0_19_26.0/baiduid=127ED7242223F7A3560FBCD7B6A1719E/w=0_10_/t=iphone/l=1/tc,1,100,0
m.baidu.com/from=1019311a/bd_page_type=1/ssid=0/uid=0/pu=usm%400%2Csz%401320_1001%2Cta%40iphone_2_15.0_19_26.2/baiduid=50A1B1BEAAC55066AE464FBEE00F7225/w=0_10_/t=iphone/l=1/tc,1,100,0
m.baidu.com/from=1019311v/bd_page_type=1/ssid=0/uid=0/pu=usm%400%2Csz%401320_1001%2Cta%40iphone_2_15.0_19_25.8/baiduid=BE45C0F9A3E38C518E4EE1C520CE6C98/w=0_10_/t=iphone/l=1/tc,1,0,31
m.baidu.com/from=1019311v/bd_page_type=1/ssid=0/uid=0/pu=usm%400%2Csz%401320_1001%2Cta%40iphone_2_15.0_19_26.3/baiduid=2B5F0064FBE5C8AA34DE611434FC94BC/w=0_10_/t=iphone/l=1/tc,1,100,0
m.baidu.com/from=1019311v/bd_page_type=1/ssid=0/uid=0/pu=usm%400%2Csz%401320_1001%2Cta%40iphone_2_15.0_19_26.3/baiduid=5CB14BF1A941C779FF7D5D5467D22553/w=0_10_/t=iphone/l=1/tc,1,100,0
m.baidu.com/from=1019311v/bd_page_type=1/ssid=0/uid=0/pu=usm%400%2Csz%401320_1001%2Cta%40iphone_2_15.0_19_26.3/baiduid=87FA9C6D8281F90357D4127EC27E8BE7/w=0_10_/t=iphone/l=1/tc,1,100,0
m.baidu.com/from=1019311v/bd_page_type=1/ssid=0/uid=0/pu=usm%400%2Csz%401320_1001%2Cta%40iphone_2_15.0_19_26.3/baiduid=926DBA70B3F2B1193E7D41A5A07E88AC/w=0_10_/t=iphone/l=1/tc,1,0,94
m.baidu.com/from=1019311v/bd_page_type=1/ssid=0/uid=0/pu=usm%400%2Csz%401320_1001%2Cta%40iphone_2_15.0_19_26.3/baiduid=C9C5B732C9263BCEECFC1725570CFB54/w=0_10_/t=iphone/l=1/tc,1,100,0
m.baidu.com/from=1019311v/bd_page_type=1/ssid=0/uid=0/pu=usm%400%2Csz%401320_1001%2Cta%40iphone_2_15.0_19_26.3/baiduid=E978903923F5AB761E528E0256140E32/w=0_10_/t=iphone/l=1/tc,1,100,0
m.baidu.com/from=1019311v/bd_page_type=1/ssid=0/uid=0/pu=usm%401%2Csz%401320_1001%2Cta%40iphone_2_15.0_19_26.1/baiduid=25128C6D2608DAD9550F1CE7CC82FB45/w=0_10_/t=iphone/l=1/tc,1,100,0
m.baidu.com/from=1019311v/bd_page_type=1/ssid=0/uid=0/pu=usm%401%2Csz%401320_1001%2Cta%40iphone_2_15.0_19_26.2/baiduid=AA125250CF825080058D0E0E34E54C7E/w=0_10_/t=iphone/l=1/tc,1,100,0
m.baidu.com/from=1019311v/bd_page_type=1/ssid=0/uid=0/pu=usm%402%2Csz%401320_1001%2Cta%40iphone_2_15.0_19_26.3/baiduid=954C33941A60D006E13D8DC7EAF8A6AE/w=0_10_/t=iphone/l=1/tc,1,100,0
m.baidu.com/from=1020761f/bd_page_type=1/ssid=0/uid=0/pu=sz%401320_1001%2Cta%40iphone_2_12.0_19_26.2%2Cusm%400/baiduid=87368EA6351B4E02779AC7276CD53DE5/w=0_10_/t=iphone/l=1/tc,1,100,0
m.baidu.com/from=1020761f/bd_page_type=1/ssid=0/uid=0/pu=sz%401320_1001%2Cta%40iphone_2_9.0_19_14.5%2Cusm%401/baiduid=550718B429A0CF95F164B427276681DD/w=0_10_/t=iphone/l=1/tc,1,100,0
m.baidu.com/from=1020761f/bd_page_type=1/ssid=0/uid=0/pu=usm%400%2Csz%401320_1001%2Cta%40iphone_2_11.0_19_26.0/baiduid=7A68317015DFE9F7A2F081CCD146951A/w=0_10_/t=iphone/l=1/tc,1,100,0
m.baidu.com/from=1020761f/bd_page_type=1/ssid=0/uid=0/pu=usm%403%2Csz%401320_1001%2Cta%40iphone_2_15.0_19_25.3/baiduid=90D9ECE1D74B4D7083AB737B0A9150AB/w=0_10_/t=iphone/l=1/tc,1,100,0
m.baidu.com/from=1020761t/bd_page_type=1/ssid=0/uid=0/pu=usm%401%2Csz%401320_1001%2Cta%40iphone_2_13.0_19_26.1/baiduid=D7CF0465ECE74542181D4738B4612EB7/w=0_10_/t=iphone/l=1/tc,1,0,6
m.baidu.com/from=1020786o/bd_page_type=1/ssid=0/uid=0/pu=sz%401320_1001%2Cta%40iphone_2_13.0_19_26.3%2Cusm%401/baiduid=A4E7FC287D08BD7E27C106D5A91FC3D5/w=0_10_/t=iphone/l=1/tc,1,0,175
m.baidu.com/from=1020786r/bd_page_type=1/ssid=0/uid=0/pu=sz%401320_1001%2Cta%40iphone_2_12.0_19_26.2%2Cusm%400/baiduid=0ADCA1FFCE7EB1D40940733281BDA056/w=10_10_/t=iphone/l=1/tc,1,100,0
m.baidu.com/from=1020786r/bd_page_type=1/ssid=41f5115c/uid=0/pu=usm%400%2Csz%401320_1001%2Cta%40iphone_2_14.0_19_26.3/baiduid=2D7F61D50CD3D42E5458B47E41F19988/w=0_10_/t=iphone/l=1/tc,1,0,710
m.baidu.com/from=1020786s/bd_page_type=1/ssid=0/uid=0/pu=usm%402%2Csz%401320_1001%2Cta%40iphone_2_12.0_19_26.2/baiduid=479104BC61FE2EF26EF6181C7831D9C7/w=0_10_/t=iphone/l=1/tc,1,100,0
m.baidu.com/from=1020786u/bd_page_type=1/ssid=0/uid=0/pu=cen%40cuid_cua_cut%2Cc3_aid%40A00-ZRWF6JP6GRJMNUGTWJS2EWD7LVLYP264-NQXRXXFI%2Csz%401320_480%2Ccuid%40li-3u_azH80saHt3_av_a0uG2a_9uStY_uvPi0iFHu8b9WPg58viP1FuA%2Ccfrom%401014610q%2Ccsrc%40home_box_txt%2Ccua%40_a-qiyauvig4NE64I5me6NN0v8z9u-I4_CvH8yaN-iqlC%2Cosname%40baiduboxapp%2Cctv%402%2Cusm%401%2Cvmgdb%400020100228y/baiduid=95BD1BB20793C36D94D67E8135206C93/w=0_10_/t=zbios/l=1/tc,1,100,0
m.baidu.com/from=1022282z/bd_page_type=1/ssid=0/uid=0/pu=usm%400%2Csz%401320_1001%2Cta%40iphone_2_14.0_24_137.0/baiduid=EFDC9677722C2549942DB1EB19745E29/w=0_10_/t=iphone/l=1/tc,1,100,0
m.baidu.com/from=1024043p/bd_page_type=1/ssid=0/uid=0/pu=usm%400%2Csz%401320_220%2Cta%40iphone_5_5.0_28_5.1/baiduid=80000FBCB5353C6A05AFF788675A6626/w=0_10_/t=iphone/l=1/tc,1,100,0
m.baidu.com/from=1024043p/bd_page_type=1/ssid=0/uid=0/pu=usm%405%2Csz%401320_220%2Cta%40iphone_5_5.0_28_5.1/baiduid=638738F949EE2A5675B6EDF6E8E2855C/w=0_10_/t=iphone/l=1/tc,1,100,0
m.baidu.com/from=1024729a/bd_page_type=1/ssid=0/uid=0/pu=usm%401%2Csz%401320_1004%2Cta%40iphone_2_14.0_34_11.22/baiduid=BA8C60159662D43F3E539CAEC4EBC89D/w=0_10_/t=iphone/l=1/tc,1,100,0
m.baidu.com/from=1026372p/bd_page_type=1/ssid=0/uid=0/pu=sz%401320_1004%2Cta%40iphone_2_15.0_26_7.88%2Cusm%403/baiduid=D5A9E965B9C48F9CB629EE8A188D71D1/w=30_10_/t=iphone/l=1/tc,1,100,0
m.baidu.com/from=1040455c/bd_page_type=1/ssid=0/uid=0/pu=sz%401320_480%2Ccuid%4008SI8gas2ajUu2aN0aHTa_a0v8jSO2icluvni_aQva8ikHMhpuHVPF1aA%2Ccua%40ga2084aL2ig4NE6lI5me6NN0-I_Uh2N5gI2ciAqSC%2Cosname%40baiduboxapp%2Cctv%402%2Ccfrom%401030738b%2Ccen%40cuid_cua%2Cc3_aid%40A00-XA4VOGL3QPTLNZW5RDI7D5G32YJIVVDW-7QIGDEO6%2Ccsrc%40home_box_txt%2Cta%40iphone___31_9.3%2Cusm%402/baiduid=75576787A69EB8D575CA90075FB42056/w=0_10_/t=iphone/l=1/tc,1,100,0
m.baidu.com/from=1052946a/bd_page_type=1/ssid=0/uid=0/pu=usm%402%2Csz%401320_1001%2Cta%40iphone_2_10.0_19_26.2/baiduid=4B4B55FA6D065D79ACD7EDA22C10FD87/w=0_10_/t=iphone/l=1/tc,1,100,0
m.baidu.com/from=844b/bd_page_type=1/ssid=0/uid=0/pu=usm%400%2Csz%401320_1001%2Cta%40iphone_2_14.0_24_107.0/baiduid=F302F53524AB03F447DC8007FA524578/w=0_10_/t=iphone/l=1/tc,1,0,156
m.quark.cn/s,1,100,0
medium.com/@jihoju96/python-literal-eval-%EC%82%AC%EC%9A%A9%ED%95%98%EC%A7%80-%EB%A7%90%EC%9E%90-56f43a1e4f13,1,0,2502
miaulavirtual.uniminuto.edu,1,0,176
missing-semester-cn.github.io,1,0,10
missions.eutika.com,1,100,0
mne.tools,1,0,52
mooc2-ans.chaoxing.com/mooc2-ans/coursedata/stu-datalist,1,100,0
moodle.softexpe.org.br,1,100,0
moodle.uam.es,1,0,703
moodle.uclouvain.be,1,0,0
moodle.upm.es,1,0,761
moodle2526.up.pt,1,0,8
moodlem.cipfp-misericordia.es,1,0,695
mp.weixin.qq.com,1,0,14
msiz07-flask-docs-ja.readthedocs.io/ja/latest/async-await.html,1,0,785
namu.wiki,1,0,11
networkx.org,1,0,12
nikkie-ftnext.hatenablog.com,1,0,1722
notice.chaoxing.com,1,100,0
ntp.msn.com,1,100,0
old.reddit.com/r/Python/comments/1nkq8pt/tstrings_what_will_you_do,1,100,0
omni.top-academy.ru,1,100,0
openclassrooms.com,1,0,0
opencsg.com/models/AIWizards/stable-diffusion-x4-upscaler,1,100,0
opencsg.com/models/AIWizards/stable-diffusion-xl-refiner-1.0,1,0,9
pages.git.hub.vwgroup.com,1,100,0
phinf.ru,1,100,0
portal-kids-1076569765270.us-central1.run.app,1,0,236
practicum.yandex.com,1,0,267
projects.synecta.tech,1,100,0
py-free-threading.github.io,1,100,0
pypi.org,1,0,562
python-control.readthedocs.io/en/stable/examples/python-control_tutorial.html,1,0,65
python.org/about/gettingstarted,1,0,17
python.org/downloads/release/python-3820,1,0,69
python.org/search,1,0,128
python.p2hp.com,1,0,451
pythoncat.top,1,100,0
pythoninsider.blogspot.com,1,0,1480
qkzk.xyz,1,0,0
reddit.com/r/Python/comments/1nkq8pt/tstrings_what_will_you_do,1,100,0
redmine.dev.timesclub.jp,1,100,0
saturncloud.io,1,0,1561
seduca.uaemex.mx,1,0,26
selenium.dev,1,0,3
sfdjp12875.swf.nec.co.jp,1,0,0
sphinx-doc.org,1,0,6
