name,visitors,pageviews,bounce_rate,time_on_page,scroll_depth
/it/3/tutorial/index.html,56,75,64,32,56
/it/3.15/using/windows.html,21,23,100,37,18
/it/3.14/,18,18,80,14,85
/it/3/tutorial/interpreter.html,16,16,0,53,79
/it/3/tutorial/introduction.html,13,13,71,91,51
/it/3/,12,15,60,26,91
/it/3/tutorial/controlflow.html,12,9,75,103,36
/it/3.14/search.html,11,10,50,37,68
/it/3/tutorial/appetite.html,11,10,100,68,92
/it/3/tutorial/inputoutput.html,11,14,60,269,62
/it/3.14/tutorial/index.html,10,10,67,36,44
/it/3/tutorial/datastructures.html,9,9,100,389,54
/it/3.14/tutorial/introduction.html,8,7,83,236,46
/it/3/tutorial/classes.html,7,7,83,172,59
/it/3/tutorial/errors.html,7,7,100,27,36
/it/3.12/tutorial/index.html,6,12,71,140,52
/it/3.13/tutorial/appetite.html,6,6,0,8,86
/it/3/tutorial/modules.html,6,6,75,369,53
/it/3/tutorial/venv.html,6,7,40,34,54
/it/3.12/,5,10,0,22,76
/it/3.13/tutorial/index.html,5,4,33,26,20
/it/3/genindex.html,5,5,100,,
/it/3/index.html,5,5,100,8,30
/it/3/library/sys.html,5,5,100,,
/it/3/search.html,5,4,100,9,75
/it/3.13/tutorial/interpreter.html,4,3,0,40,64
/it/3.14/library/math.html,4,4,50,18,14
/it/3.14/library/os.html,4,5,50,20,3
/it/3.14/tutorial/appetite.html,4,3,100,28,100
/it/3/reference/index.html,4,4,0,7,55
/it/3.12/copyright.html,3,3,100,,
/it/3.13/genindex-_.html,3,2,100,41,100
/it/3.13/tutorial/classes.html,3,2,100,88,56
/it/3.13/tutorial/inputoutput.html,3,2,100,164,53
/it/3.14/genindex.html,3,2,100,2,100
/it/3.14/index.html,3,2,100,6,78
/it/3.14/library/hashlib.html,3,2,0,7,9
/it/3.14/library/index.html,3,3,0,79,44
/it/3.14/library/stdtypes.html,3,3,0,16,46
/it/3.14/library/turtle.html,3,3,0,6,3
/it/3.14/tutorial/,3,2,100,30,35
/it/3.14/tutorial/interpreter.html,3,3,100,200,69
/it/3.14/using/windows.html,3,2,100,11,2
/it/3.14/whatsnew/index.html,3,3,100,36,13
/it/3/c-api/object.html,3,2,100,15,8
/it/3/glossary.html,3,3,100,,
/it/3/library/index.html,3,3,100,,
/it/3/library/math.html,3,3,100,,
/it/3/library/operator.html,3,3,100,,
/it/3/tutorial/appendix.html,3,3,100,5,80
/it/3.12/index.html,2,1,0,53,100
/it/3.12/library/asyncio.html,2,1,100,18,100
/it/3.12/library/exceptions.html,2,2,100,15,8
/it/3.12/library/index.html,2,2,0,11,12
/it/3.12/library/internet.html,2,2,100,,
/it/3.12/library/marshal.html,2,2,100,,
/it/3.12/py-modindex.html,2,2,100,,
/it/3.12/tutorial/interpreter.html,2,1,0,376,41
/it/3.12/whatsnew/3.12.html,2,2,0,282,20
/it/3.13/genindex.html,2,1,0,3,100
/it/3.13/glossary.html,2,1,100,735,2
/it/3.13/library/subprocess.html,2,1,0,16,4
/it/3.13/reference/index.html,2,2,100,4,34
/it/3.13/search.html,2,1,0,56,45
/it/3.13/tutorial/datastructures.html,2,1,0,151,100
/it/3.13/tutorial/errors.html,2,1,0,82,100
/it/3.13/tutorial/introduction.html,2,2,0,94,63
/it/3.13/tutorial/modules.html,2,1,0,194,100
/it/3.13/tutorial/stdlib.html,2,1,0,66,100
/it/3.13/tutorial/stdlib2.html,2,1,0,117,99
/it/3.14/download.html,2,1,0,15,100
/it/3.14/glossary.html,2,1,0,37,72
/it/3.14/library/bisect.html,2,1,0,4,22
/it/3.14/library/configparser.html,2,2,0,1,4
/it/3.14/library/curses.ascii.html,2,1,0,33,100
/it/3.14/library/random.html,2,1,0,76,21
/it/3.14/library/sqlite3.html,2,2,100,3,4
/it/3.14/library/unicodedata.html,2,1,0,184,100
/it/3.14/py-modindex.html,2,2,0,10,32
/it/3.14/reference/index.html,2,2,0,7,33
/it/3.14/tutorial/classes.html,2,2,100,7,90
/it/3.14/tutorial/datastructures.html,2,5,100,3,43
/it/3.14/using/android.html,2,1,0,32,36
/it/3.14/using/cmdline.html,2,1,0,35,70
/it/3.14/using/index.html,2,2,0,7,65
/it/3.14/using/unix.html,2,1,0,15,79
/it/3.15/,2,2,0,14,47
/it/3.15/search.html,2,2,0,8,100
/it/3/c-api/typeobj.html,2,2,100,,
/it/3/howto/sorting.html,2,2,100,,
/it/3/installing/index.html,2,1,0,19,100
/it/3/library/annotationlib.html,2,2,100,,
/it/3/library/binascii.html,2,2,100,7,25
/it/3/library/devmode.html,2,2,100,,
/it/3/library/ftplib.html,2,2,100,,
/it/3/library/functional.html,2,2,100,,
/it/3/library/gzip.html,2,2,100,0,19
/it/3/library/logging.html,2,2,100,9,6
/it/3/library/re.html,2,2,100,,
/it/3/library/socket.html,2,2,100,,
