name,visitors
United States,4938
India,1910
Germany,1305
China,1126
United Kingdom,1037
France,814
Brazil,650
Russian Federation,648
Canada,607
Japan,480
Netherlands,456
Australia,434
Singapore,339
Italy,334
Hong Kong,325
Spain,320
Poland,295
Switzerland,273
South Korea,236
Indonesia,225
Sweden,218
Taiwan,211
Mexico,209
Austria,147
Thailand,147
Belgium,146
Israel,135
Vietnam,132
Ukraine,119
Turkey,118
Finland,114
Argentina,111
Czechia,104
Denmark,100
Norway,97
South Africa,94
Pakistan,90
Malaysia,85
Iran,84
Philippines,83
Portugal,83
Colombia,82
Romania,79
Hungary,75
Nigeria,73
Chile,68
Ireland,67
Egypt,64
Kenya,58
Greece,57
New Zealand,54
United Arab Emirates,49
Saudi Arabia,48
Bangladesh,46
Morocco,43
Peru,41
Slovakia,36
Ecuador,29
Lithuania,29
Ghana,28
Nepal,28
Serbia,28
Bulgaria,27
Kazakhstan,27
Estonia,26
Croatia,25
Algeria,24
Cambodia,24
Sri Lanka,24
Belarus,23
Slovenia,22
Iraq,21
Costa Rica,19
Venezuela,19
Latvia,18
Uzbekistan,17
Tanzania,16
Ethiopia,14
Armenia,13
Bolivia,13
Luxembourg,13
Tunisia,13
Zimbabwe,12
Azerbaijan,11
Cameroon,11
Georgia,11
Macao,11
Dominican Republic,10
Jordan,10
Puerto Rico,10
Uruguay,10
Cyprus,9
Paraguay,9
Guatemala,8
Iceland,8
Senegal,8
Uganda,8
Yemen,8
Angola,7
Bosnia and Herzegovina,7
"Congo, The Democratic Republic of the",7
Cuba,7
Honduras,7
Moldova,7
Madagascar,7
Panama,7
Zambia,7
Lebanon,6
Myanmar,6
Malawi,6
Côte d'Ivoire,5
Laos,5
Montenegro,5
Nicaragua,5
El Salvador,5
Syria,5
Burkina Faso,4
Bahrain,4
Lesotho,4
Qatar,4
Seychelles,4
Barbados,3
Benin,3
Guam,3
Guyana,3
Mauritius,3
Mozambique,3
Rwanda,3
Albania,2
Bahamas,2
Faroe Islands,2
Gabon,2
Gambia,2
Guinea,2
Jamaica,2
Kyrgyzstan,2
Kuwait,2
Mongolia,2
Malta,2
Oman,2
"Palestine, State of",2
Sudan,2
San Marino,2
Somalia,2
Suriname,2
Togo,2
Trinidad and Tobago,2
Antigua and Barbuda,1
Burundi,1
Bermuda,1
Bhutan,1
Curaçao,1
Fiji,1
Grenada,1
Guadeloupe,1
Jersey,1
Libya,1
Papua New Guinea,1
Réunion,1
