name,visitors,pageviews,bounce_rate,time_on_page,scroll_depth
/en/latest/tutorials/installing-packages/,10318,11291,82,46,42
/en/latest/guides/installing-using-pip-and-virtual-environments/,2382,2528,90,62,50
/en/latest/guides/writing-pyproject-toml/,2348,2953,76,52,52
/en/latest/tutorials/packaging-projects/,2310,2372,79,85,58
/en/latest/guides/tool-recommendations/,1322,1408,75,61,62
/en/latest/glossary/,833,805,55,31,60
/en/latest/key_projects/,828,836,50,59,43
/en/latest/,795,858,61,42,81
/en/latest/guides/distributing-packages-using-setuptools/,543,524,75,40,55
/en/latest/overview/,473,421,64,81,51
/en/latest/tutorials/managing-dependencies/,332,302,62,36,71
/en/latest/specifications/pyproject-toml/,295,290,66,33,56
/en/latest/guides/installing-using-linux-tools/,285,265,74,30,78
/en/latest/discussions/src-layout-vs-flat-layout/,262,262,73,58,83
/en/latest/specifications/dependency-specifiers/,262,256,80,45,51
/en/latest/flow/,257,227,49,44,64
/en/latest/tutorials/,252,243,27,6,99
/en/latest/guides/section-install/,248,254,49,9,99
/en/latest/guides/,243,228,37,9,89
/en/latest/specifications/version-specifiers/,240,226,81,80,45
/en/latest/guides/packaging-namespace-packages/,176,166,79,57,62
/en/latest/search/,174,189,45,14,74
/en/latest/guides/section-build-and-publish/,172,184,51,10,100
/en/latest/guides/installing-stand-alone-command-line-tools/,158,137,60,43,70
/en/latest/discussions/versioning/,156,162,75,47,68
/en/latest/guides/creating-command-line-tools/,144,145,75,68,74
/en/latest/specifications/core-metadata/,144,153,69,45,45
/en/latest/guides/hosting-your-own-index/,140,131,78,74,83
/en/latest/guides/modernize-setup-py-project/,137,114,69,54,65
/en/latest/specifications/,135,136,42,21,83
/en/latest/specifications/entry-points/,130,139,87,44,77
/en/latest/discussions/setup-py-deprecated/,126,114,73,44,59
/en/latest/guides/using-testpypi/,110,101,69,33,82
/en/latest/guides/installing-using-virtualenv/,106,107,42,9,100
/en/latest/guides/creating-and-discovering-plugins/,99,101,81,37,71
/en/latest/discussions/package-formats/,92,84,70,46,72
/en/latest/guides/publishing-package-distribution-releases-using-github-actions-ci-cd-workflows/,91,80,82,82,67
/en/latest/specifications/pypirc/,87,105,73,78,81
/en/latest/discussions/install-requires-vs-requirements/,84,87,70,44,85
/en/latest/discussions/pip-vs-easy-install/,74,66,66,36,87
/en/latest/discussions/distribution-package-vs-import-package/,69,61,69,68,82
/en/latest/guides/installing-scientific-packages/,67,67,56,30,73
/en/latest/discussions/,65,53,60,8,99
/en/latest/guides/analyzing-pypi-package-downloads/,63,58,72,33,56
/en/latest/guides/packaging-binary-extensions/,63,60,71,37,60
/en/latest/specifications/dependency-groups/,63,65,88,38,65
/en/latest/specifications/inline-script-metadata/,63,62,88,68,57
/en/latest/discussions/single-source-version/,62,69,54,374,90
/en/latest/specifications/platform-compatibility-tags/,60,60,92,65,50
/en/latest/specifications/binary-distribution-format/,57,54,79,56,41
/en/latest/specifications/name-normalization/,57,49,71,21,93
/en/latest/discussions/deploying-python-applications/,51,50,70,45,83
/en/latest/specifications/pylock-toml/,48,42,80,20,40
/en/latest/specifications/simple-repository-api/,47,51,68,39,37
/en/latest/guides/making-a-pypi-friendly-readme/,43,41,67,22,86
/en/latest/guides/using-manifest-in/,42,39,45,8,100
/en/latest/guides/dropping-older-python-versions/,35,31,75,20,72
/en/latest/guides/index-mirrors-and-caches/,33,38,62,42,92
/en/latest/specifications/section-distribution-metadata/,33,30,25,6,99
/en/latest/specifications/externally-managed-environments/,32,28,96,44,52
/en/latest/specifications/recording-installed-packages/,28,25,79,33,45
/en/latest/guides/licensing-examples-and-user-scenarios/,26,25,80,31,59
/en/latest/specifications/well-known-project-urls/,26,22,60,31,72
/en/latest/specifications/section-installation-metadata/,25,26,100,6,100
/en/latest/specifications/source-distribution-format/,25,22,56,20,76
/en/latest/guides/section-hosting/,21,18,0,5,100
/en/latest/support/,20,19,50,8,98
/en/latest/news/,18,14,50,39,27
/en/latest/specifications/glob-patterns/,16,17,79,84,79
/en/latest/specifications/section-distribution-formats/,16,16,0,3,99
/en/latest/specifications/license-expression/,14,14,67,20,97
/en/latest/contribute/,13,9,0,5,43
/en/latest/guides/single-sourcing-package-version/,11,10,50,0,100
/en/latest/specifications/section-package-indices/,11,10,100,3,100
/en/latest/specifications/section-python-description-formats/,11,7,0,3,100
/en/latest/specifications/section-reproducible-environments/,11,9,0,5,100
/en/latest/specifications/virtual-environments/,11,10,75,28,91
/en/latest/specifications/direct-url/,7,7,100,18,77
/en/latest/specifications/build-details/,6,4,100,21,77
/en/latest/discussions/downstream-packaging/,3,3,0,18,100
/en/latest/specifications/direct-url-data-structure/,3,2,100,16,100
/en/latest/specifications/index-hosted-attestations/,3,3,0,70,73
/en/latest/guides/migrating-to-pypi-org/,2,2,100,2,20
/en/latest/guides/multi-version-installs/,2,2,0,17,100
/en/latest/guides/supporting-multiple-python-versions/,2,3,50,49,66
/en/latest/guides/supporting-windows-using-appveyor/,2,1,0,7,78
/en/latest/shared/build-backend-tabs/,2,1,0,2,100
/en/latest/tutorials/creating-documentation/,2,1,0,2,100
/en/latest/genindex/,1,1,100,,
/en/latest/guides/making-a-pypi-friendly-readme/index.html,1,1,0,,
/en/latest/specifications/build-details/v1.0/,1,1,0,4,10
