name,unique_entrances,total_entrances,visit_duration
/3.12/,434,473,136
/3.12/tutorial/index.html,286,311,176
/3/,275,278,544
/3.12/using/windows.html,216,226,45
/3.12/whatsnew/3.12.html,172,175,93
/3.12/library/functions.html,117,129,142
/3.12/tutorial/,89,89,191
/3.12/library/,84,86,137
/3.12/library/typing.html,81,83,244
/3.12/library/stdtypes.html,78,81,209
/3.12/index.html,76,88,83
/3.12/library/2to3.html,66,71,486
/3.12/library/tkinter.html,45,52,179
/3.12/library/index.html,34,37,84
/3.12/library/random.html,33,34,212
/3.12/search.html,33,40,176
/3.12/library/os.html,31,35,199
/zh-cn/3.12/library/idle.html,30,31,247
/zh-cn/3.12/using/mac.html,30,31,110
/3.12/library/exceptions.html,29,29,18
/3.12/library/telnetlib.html,27,28,352
/3.12/tutorial/controlflow.html,27,33,146
/zh-cn/3.12/,26,31,85
/3.12/library/datetime.html,24,25,118
/zh-cn/3/,23,23,361
/zh-cn/3.12/library/index.html,22,25,167
/3.12/library/pathlib.html,21,21,237
/3.12/tutorial/introduction.html,19,20,1
/zh-cn/3.12/index.html,19,19,288
/zh-cn/3.12/library/functions.html,18,23,855
/3.12/library/math.html,17,19,36
/3.12/library/re.html,17,18,76
/3/tutorial/index.html,17,17,675
/zh-cn/3.12/tutorial/index.html,17,17,772
/zh-cn/3.12/library/multiprocessing.html,16,19,242
/zh-cn/3.12/using/index.html,16,16,80
/3.12/library/itertools.html,15,15,13
/3/library/telnetlib.html,15,15,380
/3/library/typing.html,15,15,765
/es/3.12/tutorial/index.html,15,16,158
/zh-cn/3.12/library/logging.html,15,15,17
/zh-cn/3.12/library/re.html,15,15,33
/zh-cn/3.12/search.html,15,17,86
/3.12/library/os.path.html,14,15,86
/3.12/tutorial/interpreter.html,14,14,84
/3/tutorial/datastructures.html,13,13,699
/ko/3.12/library/codecs.html,13,13,0
/uk/3.12/library/turtle.html,13,15,210
/zh-cn/3.12/download.html,13,13,15
/zh-cn/3.12/library/unittest.html,13,14,453
/3.12/library/logging.html,12,15,394
/3.12/library/turtle.html,12,13,106
/3.12/tutorial/appetite.html,12,15,35
/3.13/tutorial/index.html,12,12,449
/3/library/functions.html,12,13,1882
/zh-cn/3.12/tutorial/controlflow.html,12,16,7
/3.12/download.html,11,11,30
/3.12/library/asyncio.html,11,12,891
/3.12/tutorial/datastructures.html,11,13,158
/3/library/asyncio.html,11,11,1782
/3/library/tkinter.html,11,11,559
/3.12/installing/index.html,10,10,0
/3.12/library/argparse.html,10,10,194
/3.12/library/string.html,10,10,132
/3.12/py-modindex.html,10,14,545
/3.13/,10,10,85
/3.13/using/windows.html,10,10,798
/3/library/idle.html,10,11,558
/3/library/itertools.html,10,10,1249
/ko/3.12/library/stdtypes.html,10,10,43
/zh-cn/3.12/library/heapq.html,10,10,0
/zh-cn/3.12/library/subprocess.html,10,10,97
/zh-cn/3.12/library/typing.html,10,10,7
/zh-cn/3.12/library/venv.html,10,10,0
/3.12/contents.html,9,9,53
/3.12/glossary.html,9,9,112
/3.12/library/socket.html,9,9,44
/3.12/library/time.html,9,9,104
/3.12/tutorial/classes.html,9,14,111
/3/download.html,9,9,307
/3/index.html,9,9,919
/3/library/asyncio-task.html,9,9,1528
/3/library/dataclasses.html,9,9,155
/3/library/logging.html,9,9,1222
/3/library/stdtypes.html,9,9,1641
/3/library/subprocess.html,9,9,545
/3/whatsnew/3.12.html,9,9,897
/zh-cn/3.12/tutorial/classes.html,9,9,2
/3.12/library/csv.html,8,10,28
/3.12/library/pipes.html,8,8,173
/3.12/library/sqlite3.html,8,9,70
/3/library/datetime.html,8,8,486
/3/library/enum.html,8,8,918
/3/library/os.html,8,8,1096
/zh-cn/3.12/library/stdtypes.html,8,8,171
/zh-cn/3.12/library/turtle.html,8,8,26
/zh-cn/3.12/using/,8,8,21
/3.12/library/io.html,7,10,0
/3.12/library/multiprocessing.html,7,8,271
/3/library/,7,7,2385
/3/library/cgi.html,7,7,1217
/3/library/index.html,7,7,1464
/3/library/pathlib.html,7,7,426
/3/library/random.html,7,7,772
/3/library/re.html,7,7,866
/3/library/unittest.html,7,7,476
/ja/3.12/index.html,7,7,4
/zh-cn/3.12/library/asyncio-task.html,7,8,430
/zh-cn/3.12/library/asyncio.html,7,7,444
/zh-cn/3.12/library/pathlib.html,7,7,0
/zh-cn/3.12/library/random.html,7,7,0
/zh-cn/3.12/library/tkinter.html,7,7,802
/zh-cn/3.12/reference/datamodel.html,7,8,0
/zh-cn/3/tutorial/index.html,7,7,1050
/3.12/howto/perf_profiling.html,6,6,10
/3.12/library/asyncio-task.html,6,7,248
/3.12/library/decimal.html,6,6,0
/3.12/library/threading.html,6,6,251
/3.12/library/tkinter.ttk.html,6,7,351
/3.12/library/unittest.html,6,6,116
/3.12/library/venv.html,6,6,605
/3.12/license.html,6,6,0
/3.12/using/index.html,6,6,232
/3.12/whatsnew/index.html,6,6,20
/3.13/index.html,6,6,826
/3/library/audioop.html,6,6,24
/3/library/multiprocessing.html,6,6,1462
/3/library/sqlite3.html,6,6,1230
/3/library/string.html,6,6,291
/3/library/threading.html,6,6,466
/3/search.html,6,6,433
/3/tutorial/classes.html,6,6,500
/fr/3.12/library/stdtypes.html,6,6,539
/zh-cn/3.12/glossary.html,6,6,0
/zh-cn/3.12/howto/argparse.html,6,6,10
/zh-cn/3.12/howto/descriptor.html,6,7,186
/zh-cn/3.12/library/argparse.html,6,6,0
/zh-cn/3.12/library/ctypes.html,6,6,0
/zh-cn/3.12/library/datetime.html,6,6,0
/zh-cn/3.12/library/decimal.html,6,6,0
/zh-cn/3.12/library/traceback.html,6,6,22
/zh-cn/3.12/tutorial/errors.html,6,10,244
/zh-cn/3.12/tutorial/introduction.html,6,6,260
/3.12/bugs.html,5,5,1
/3.12/c-api/index.html,5,5,4
/3.12/howto/index.html,5,5,1
/3.12/library/collections.html,5,6,0
/3.12/library/constants.html,5,5,3
/3.12/library/dataclasses.html,5,5,350
/3.12/library/enum.html,5,5,0
/3.12/library/imp.html,5,5,100
/3.12/library/json.html,5,5,378
/3.12/library/subprocess.html,5,5,7
/3.12/reference/index.html,5,6,0
/3.12/whatsnew/changelog.html,5,12,149
/3/library/csv.html,5,5,113
/3/library/queue.html,5,5,862
/3/library/time.html,5,5,675
/3/library/tomllib.html,5,5,158
/3/library/turtle.html,5,5,1008
/3/library/unittest.mock.html,5,5,994
/3/library/venv.html,5,5,779
/3/library/xml.etree.elementtree.html,5,5,2654
/3/tutorial/,5,5,71
/3/tutorial/errors.html,5,5,4025
/3/tutorial/modules.html,5,5,232
/3/whatsnew/3.13.html,5,5,593
/es/3.12/tutorial/,5,5,0
/ja/3.12/library/os.html,5,6,0
/ja/3/,5,5,877
/zh-cn/3.12/contents.html,5,5,319
/zh-cn/3.12/howto/enum.html,5,5,0
/zh-cn/3.12/library/__main__.html,5,5,0
/zh-cn/3.12/library/dataclasses.html,5,5,0
/zh-cn/3.12/library/gc.html,5,5,0
/zh-cn/3.12/library/math.html,5,5,31
/zh-cn/3.12/library/socket.html,5,5,273
/zh-cn/3.12/library/threading.html,5,5,62
/zh-cn/3.12/tutorial/interpreter.html,5,6,1
/zh-cn/3/library/index.html,5,5,514
/3.12/about.html,4,4,3
/3.12/distributing/index.html,4,4,0
/3.12/extending/index.html,4,4,0
/3.12/genindex.html,4,4,1
/3.12/library/functools.html,4,5,0
/3.12/library/glob.html,4,4,496
/3.12/library/queue.html,4,4,10
/3.12/library/sys.html,4,4,30
/3.12/library/tempfile.html,4,4,58
/3.12/library/unittest.mock.html,4,4,97
/3.12/library/uuid.html,4,4,122
/3.12/reference/compound_stmts.html,4,4,338
/3.13/whatsnew/3.13.html,4,4,2696
/3.14/,4,4,12
/3/howto/unicode.html,4,4,125
/3/library/argparse.html,4,4,3845
/3/library/collections.html,4,4,79
/3/library/math.html,4,4,1599
/3/library/pdb.html,4,4,96
/3/library/pickle.html,4,4,307
/3/library/ssl.html,4,4,376
/3/library/tempfile.html,4,4,1326
/3/library/zipfile.html,4,4,837
/3/reference/index.html,4,4,688
/3/using/windows.html,4,4,372
/ja/3.12/library/codecs.html,4,5,0
/ja/3.12/library/re.html,4,4,8
/ko/3/,4,4,272
/uk/3.12/library/decimal.html,4,4,0
/zh-cn/3.12//whatsnew/3.12.html,4,4,7
/zh-cn/3.12/extending/extending.html,4,4,0
/zh-cn/3.12/howto/regex.html,4,4,0
/zh-cn/3.12/library/asyncio-eventloop.html,4,4,425
/zh-cn/3.12/library/asyncio-runner.html,4,5,42
/zh-cn/3.12/library/collections.html,4,4,305
/zh-cn/3.12/library/pickle.html,4,5,63
/zh-cn/3.12/library/pprint.html,4,4,299
/zh-cn/3.12/library/pydoc.html,4,4,174
/zh-cn/3.12/library/signal.html,4,4,0
/zh-cn/3.12/library/string.html,4,4,66
/zh-cn/3.12/library/tk.html,4,4,0
/zh-cn/3.12/library/tkinter.ttk.html,4,4,175
/zh-cn/3.12/library/winreg.html,4,4,0
/zh-cn/3.12/library/zipfile.html,4,4,0
/zh-cn/3.12/reference/index.html,4,4,20
/zh-cn/3.12/tutorial/appetite.html,4,4,10
/zh-cn/3.12/tutorial/datastructures.html,4,4,1048
/zh-cn/3.12/using/configure.html,4,4,42
/zh-cn/3.12/using/windows.html,4,4,0
/zh-tw/3.12/library/venv.html,4,4,33
/3.12/copyright.html,3,3,0
/3.12/deprecations/index.html,3,3,0
/3.12/faq/index.html,3,3,0
/3.12/howto/logging.html,3,3,100
/3.12/library/abc.html,3,3,194
/3.12/library/asyncio-eventloop.html,3,3,14
/3.12/library/audioop.html,3,3,223
/3.12/library/cgi.html,3,3,205
/3.12/library/collections.abc.html,3,4,419
/3.12/library/configparser.html,3,4,269
/3.12/library/distutils.html,3,4,532
/3.12/library/hashlib.html,3,3,633
/3.12/library/msilib.html,3,3,19
/3.12/library/pickle.html,3,3,0
/3.12/library/shutil.html,3,3,0
/3.12/library/types.html,3,3,37
/3.12/library/xml.etree.elementtree.html,3,3,444
/3.12/reference/datamodel.html,3,3,22
/3.12/reference/lexical_analysis.html,3,3,490
/3.12/tutorial/inputoutput.html,3,3,6
/3.12/tutorial/venv.html,3,4,292
/3/installing/index.html,3,3,1086
/3/library/ast.html,3,3,246
/3/library/asyncio-queue.html,3,3,3771
/3/library/ensurepip.html,3,3,143
/3/library/exceptions.html,3,3,1372
/3/library/http.client.html,3,3,9
/3/library/importlib.html,3,3,1041
/3/library/json.html,3,3,2854
/3/library/socket.html,3,3,1908
/3/library/urllib.parse.html,3,3,904
/3/reference/compound_stmts.html,3,3,83
/3/tutorial/introduction.html,3,3,2610
/3/tutorial/venv.html,3,3,222
/es/3.12/tutorial/classes.html,3,3,0
/es/3.12/tutorial/interpreter.html,3,3,0
/it/3.12/library/functions.html,3,3,0
/ja/3.12/library/sqlite3.html,3,3,0
/ja/3.12/library/threading.html,3,4,2
/ja/3.12/library/tkinter.ttk.html,3,3,0
/ja/3.12/library/typing.html,3,3,4
/ja/3.12/library/venv.html,3,4,0
/ja/3.12/py-modindex.html,3,3,217
/ja/3.12/tutorial/venv.html,3,3,55
/ja/3.13/library/typing.html,3,3,137
/pt-br/3.12/library/tkinter.font.html,3,3,30
/zh-cn/3.12/c-api/buffer.html,3,3,0
/zh-cn/3.12/extending/embedding.html,3,3,0
/zh-cn/3.12/faq/windows.html,3,3,0
/zh-cn/3.12/library/ast.html,3,3,440
/zh-cn/3.12/library/glob.html,3,3,0
/zh-cn/3.12/library/locale.html,3,3,0
/zh-cn/3.12/library/optparse.html,3,3,0
/zh-cn/3.12/library/os.html,3,3,649
/zh-cn/3.12/library/tracemalloc.html,3,6,0
/zh-cn/3.12/library/zlib.html,3,3,0
/zh-cn/3.12/reference/compound_stmts.html,3,3,0
/zh-cn/3.12/tutorial/venv.html,3,3,0
/zh-cn/3.12/whatsnew/3.12.html,3,3,12
/zh-cn/3.13/library/venv.html,3,3,38
/zh-cn/3.13/tutorial/index.html,3,3,1810
/zh-cn/3.13/using/mac.html,3,3,339
/zh-cn/3/download.html,3,3,24
/zh-tw/3.12/library/tk.html,3,3,67
/3.12/library/aifc.html,2,2,0
/3.12/library/array.html,2,2,0
/3.12/library/codecs.html,2,2,214
/3.12/library/contextlib.html,2,2,0
/3.12/library/contextvars.html,2,2,822
/3.12/library/ctypes.html,2,2,0
