name,visitors,pageviews,bounce_rate,time_on_page,scroll_depth
/3.12/,786,1252,66,87,75
/3.12/tutorial/index.html,402,568,67,196,51
/3.12/using/windows.html,281,370,73,253,24
/3.12/whatsnew/3.12.html,254,341,70,197,21
/3.12/search.html,178,361,32,34,49
/3.12/library/functions.html,168,206,75,546,57
/3.12/index.html,149,212,60,123,73
/3.12/library/stdtypes.html,143,179,64,604,46
/3.12/library/index.html,121,173,43,59,43
/3.12/library/typing.html,115,136,69,453,43
/3.12/library/,99,117,55,104,38
/3.12/tutorial/,98,126,53,175,60
/zh-cn/3.12/,83,161,35,36,81
/3.12/library/2to3.html,77,96,69,760,45
/zh-cn/3.12/library/index.html,63,113,52,38,46
/3.12/tutorial/interpreter.html,62,82,79,283,79
/zh-cn/3.12/tutorial/index.html,60,121,53,206,64
/3.12/tutorial/appetite.html,56,66,67,133,85
/3.12/library/os.html,55,72,77,558,45
/3.12/library/tkinter.html,55,91,60,693,50
/3.12/tutorial/controlflow.html,55,75,88,539,46
/zh-cn/3.12/index.html,52,74,58,30,82
/3.12/library/random.html,49,62,65,270,43
/3.12/download.html,47,54,91,108,87
/3.12/tutorial/introduction.html,47,54,85,347,55
/zh-cn/3.12/search.html,47,92,29,56,52
/3.12/glossary.html,46,61,33,67,45
/3.12/installing/index.html,45,48,100,123,74
/3.12/library/exceptions.html,45,51,86,193,44
/3.12/library/pathlib.html,44,57,76,591,58
/3.12/library/telnetlib.html,43,60,68,827,66
/3.12/library/datetime.html,42,50,80,460,30
/3.12/reference/index.html,36,48,100,33,69
/zh-cn/3.12/using/mac.html,36,42,77,338,74
/zh-cn/3.12/download.html,34,52,69,152,90
/3.12/tutorial/datastructures.html,33,42,85,219,45
/zh-cn/3.12/library/stdtypes.html,33,47,62,263,46
/3.12/py-modindex.html,32,52,50,17,55
/zh-cn/3.12/library/functions.html,31,51,57,384,56
/zh-cn/3.12/library/idle.html,31,43,68,1183,33
/3.12/library/asyncio.html,29,41,67,26,77
/3.12/library/itertools.html,29,35,73,522,23
/3.12/library/math.html,28,32,68,152,63
/3.12/contents.html,27,39,67,50,7
/3.12/library/logging.html,27,40,73,783,52
/3.12/reference/datamodel.html,27,33,33,93,43
/3.12/library/re.html,26,31,89,828,49
/zh-cn/3.12/tutorial/controlflow.html,26,34,94,192,38
/3.12/library/asyncio-task.html,24,43,43,371,61
/3.12/library/string.html,24,31,60,220,35
/3.12/using/index.html,23,28,67,46,62
/zh-cn/3.12/contents.html,23,33,20,28,17
/zh-cn/3.12/tutorial/interpreter.html,23,28,83,60,75
/zh-cn/3.12/tutorial/introduction.html,23,27,33,327,63
/zh-cn/3.12/using/index.html,23,36,56,24,66
/3.12/library/dataclasses.html,22,23,60,231,46
/3.12/tutorial/classes.html,22,33,93,649,45
/zh-cn/3.12/library/multiprocessing.html,21,31,79,606,44
/zh-cn/3.12/reference/index.html,21,32,75,32,80
/3.12/library/os.path.html,20,27,67,247,58
/3.12/library/subprocess.html,20,24,80,608,39
/3.12/howto/index.html,19,26,80,15,96
/3.12/library/turtle.html,19,34,54,182,36
/3.12/reference/compound_stmts.html,19,23,75,219,52
/es/3.12/tutorial/index.html,19,32,50,84,66
/3.12/library/argparse.html,18,22,50,262,43
/zh-cn/3.12/library/re.html,18,20,87,386,40
/3.12/library/sqlite3.html,17,25,67,237,42
/zh-cn/3.12/tutorial/appetite.html,17,21,50,12,83
/3.12/library/time.html,16,29,67,772,40
/zh-cn/3.12/glossary.html,16,17,83,17,43
/zh-cn/3.12/library/logging.html,16,19,80,59,27
/zh-cn/3.12/library/random.html,16,16,100,46,45
/zh-cn/3.12/library/typing.html,16,22,80,303,22
/zh-cn/3.12/tutorial/classes.html,16,19,78,199,43
/3.12/genindex.html,15,18,75,9,95
/3.12/library/json.html,15,18,80,721,44
/zh-cn/3.12/library/unittest.html,15,25,64,3171,44
/zh-cn/3.12/whatsnew/3.12.html,15,18,67,51,22
/3.12/library/threading.html,14,14,83,762,44
/3.12/reference/simple_stmts.html,14,18,0,169,74
/zh-cn/3.12/library/asyncio.html,14,19,71,49,85
/zh-cn/3.12/library/venv.html,14,14,100,2,28
/3.12/library/enum.html,13,14,100,1573,62
/3.12/library/io.html,13,16,90,190,32
/3.12/library/sys.html,13,19,75,562,55
/3.12/tutorial/inputoutput.html,13,13,67,424,61
/ko/3.12/library/codecs.html,13,15,85,,3
/uk/3.12/library/turtle.html,13,25,60,810,24
/zh-cn/3.12/library/turtle.html,13,22,75,1118,42
/3.12/library/collections.html,12,12,100,42,34
/3.12/library/multiprocessing.html,12,15,50,653,42
/3.12/library/pickle.html,12,15,100,73,41
/3.12/library/pipes.html,12,14,62,99,78
/3.12/library/queue.html,12,13,75,108,56
/3.12/library/unittest.html,12,16,83,292,32
/3.12/library/venv.html,12,17,50,1826,39
/3.12/tutorial/modules.html,12,13,100,138,40
/3.12/using/cmdline.html,12,12,0,75,29
/3.12/whatsnew/index.html,12,14,17,11,9
