name,unique_entrances,total_entrances,visit_duration
/3/,7440,7730,208
/3/library/venv.html,3754,3917,62
/3/library/functions.html,3423,3665,157
/3/library/stdtypes.html,2870,3100,187
/3/tutorial/index.html,2315,2455,175
/3/tutorial/datastructures.html,2279,2428,160
/3/library/datetime.html,2220,2365,143
/3/tutorial/,1885,1994,148
/3/library/tkinter.html,1846,1959,115
/3/library/turtle.html,1691,1883,157
/3/library/collections.html,1688,1797,108
/3/library/index.html,1508,1626,188
/3/library/random.html,1500,1587,131
/3/library/idle.html,1428,1452,68
/3/library/re.html,1425,1528,180
/3/library/csv.html,1402,1476,141
/3/library/typing.html,1206,1277,127
/3/library/math.html,1184,1254,99
/3/tutorial/classes.html,1106,1146,157
/3/library/itertools.html,1057,1113,121
/3/tutorial/errors.html,1031,1065,123
/3/tutorial/inputoutput.html,957,1000,204
/3/tutorial/controlflow.html,953,1011,190
/3/library/os.html,857,896,193
/3/library/heapq.html,855,911,140
/3/library/argparse.html,776,826,219
/3/howto/sorting.html,745,777,159
/3/library/logging.html,744,784,227
/3/library/json.html,742,767,130
/3/library/sqlite3.html,718,798,129
/3/library/string.html,715,739,120
/3/library/time.html,713,733,147
/3/library/multiprocessing.html,712,776,212
/3/library/exceptions.html,711,738,119
/3/library/subprocess.html,656,689,179
/3/library/dataclasses.html,648,691,177
/3/tutorial/modules.html,642,665,185
/3/library/unittest.html,620,671,138
/3/library/pathlib.html,619,658,127
/3/tutorial/venv.html,617,649,78
/3/tutorial/introduction.html,558,605,169
/3/library/os.path.html,543,561,151
/3/library/threading.html,538,567,226
/3/library/enum.html,533,560,195
/3/using/windows.html,526,538,99
/3/library/asyncio.html,514,539,236
/3/reference/datamodel.html,501,526,185
/ja/3/c-api/import.html,480,486,15
/3/library/asyncio-task.html,479,519,233
/3/library/socket.html,476,516,182
/3/library/functools.html,469,490,119
/3/using/mac.html,466,473,89
/3/search.html,463,541,325
/3/installing/index.html,432,452,89
/3/library/pickle.html,415,440,85
/ja/3/library/codecs.html,414,425,80
/3/py-modindex.html,387,416,158
/3/library/sys.html,381,396,123
/3/library/queue.html,344,355,230
/zh-cn/3/,330,347,181
/3/library/bisect.html,329,338,107
/3/tutorial/interpreter.html,329,360,102
/3/library/struct.html,327,348,182
/3/library/hashlib.html,325,338,108
/3/glossary.html,323,339,210
/3/library/,320,337,164
/3/library/xml.etree.elementtree.html,317,344,179
/3/library/pdb.html,314,328,49
/3/library/concurrent.futures.html,310,339,186
/3/library/copy.html,308,316,46
/zh-cn/3/tutorial/index.html,307,345,384
/3/whatsnew/3.13.html,301,317,101
/3/reference/import.html,299,309,221
/3/howto/logging.html,296,308,150
/3/library/shutil.html,296,308,131
/uk/3/reference/compound_stmts.html,293,299,34
/3/library/unittest.mock.html,287,314,166
/3/library/abc.html,280,286,113
/3/reference/index.html,272,283,326
/3/howto/regex.html,265,280,124
/3/reference/expressions.html,263,281,129
/3/library/io.html,247,262,128
/3/library/http.server.html,244,253,128
/3/using/cmdline.html,239,244,133
/3/library/decimal.html,235,256,116
/3/tutorial/floatingpoint.html,232,243,44
/3/library/pprint.html,229,234,83
/3/reference/lexical_analysis.html,229,242,99
/3/library/operator.html,225,231,88
/3/library/zipfile.html,209,217,165
/3/library/ast.html,207,215,152
/3/index.html,199,223,254
/3/library/__main__.html,198,204,106
/3/library/tkinter.ttk.html,196,213,90
/fr/3/tutorial/,193,198,280
/3/library/configparser.html,190,203,203
/3/library/uuid.html,189,192,135
/3/using/android.html,189,191,81
/3/library/tk.html,186,193,146
/3/library/glob.html,185,189,121
/3/library/ensurepip.html,183,187,101
/3/library/statistics.html,179,191,106
/3/library/tempfile.html,175,187,113
/3/library/asyncio-eventloop.html,172,188,256
/3/library/timeit.html,172,178,77
/3/library/array.html,169,175,130
/3/library/urllib.parse.html,166,175,93
/3/reference/compound_stmts.html,165,175,151
/3/library/contextlib.html,164,169,192
/3/license.html,164,170,108
/3/library/profile.html,155,168,192
/3/library/webbrowser.html,154,196,452
/3/contents.html,151,158,233
/3/library/smtplib.html,146,153,50
/es/3/tutorial/,142,158,270
/3/library/difflib.html,136,145,127
/3/reference/simple_stmts.html,135,140,284
/3/tutorial/appetite.html,133,162,260
/3/download.html,132,136,114
/3/howto/unicode.html,131,135,210
/3/library/base64.html,130,132,175
/3/library/urllib.request.html,128,138,217
/3/library/ctypes.html,126,133,72
/zh-cn/3/library/index.html,125,134,132
/3/extending/extending.html,124,130,238
/3/howto/enum.html,124,125,105
/3/library/ipaddress.html,121,128,87
/3/library/secrets.html,120,122,116
/3/library/importlib.html,119,125,270
/3/library/codecs.html,118,124,104
/zh-cn/3/library/idle.html,116,117,29
/3/library/inspect.html,115,119,258
/3/faq/,113,114,135
/3/library/tkinter.messagebox.html,112,118,140
/3/library/warnings.html,111,113,109
/3/howto/curses.html,109,118,128
/zh-cn/3/library/turtle.html,109,121,63
/3/library/logging.handlers.html,105,115,246
/3/howto/argparse.html,103,105,177
/3/library/traceback.html,98,99,115
/3/using/index.html,95,96,207
/3/library/doctest.html,92,103,114
/3/library/email.examples.html,91,94,179
/3/howto/sockets.html,89,95,210
/3/library/ssl.html,89,98,107
/3/library/urllib.html,89,91,352
/3/library/dialog.html,88,94,157
/3/library/html.parser.html,88,89,163
/3/library/fractions.html,87,92,118
/3/faq/windows.html,86,92,147
/3/library/signal.html,85,88,191
/ja/3/,85,88,261
/3/library/datatypes.html,84,84,152
/3/howto/functional.html,82,87,214
/3/library/gc.html,82,87,172
/3/whatsnew/3.8.html,82,86,115
/3/library/calendar.html,79,80,179
/3/library/textwrap.html,79,81,87
/3/c-api/index.html,76,78,239
/3/library/types.html,74,77,201
/ja/3/tutorial/,72,78,299
/3/howto/logging-cookbook.html,71,80,203
/3/whatsnew/3.12.html,70,71,196
/3/library/asyncio-sync.html,68,68,449
/3/library/fnmatch.html,68,70,126
/3.13/tutorial/index.html,67,67,830
/zh-cn/3/library/venv.html,67,69,99
/3/library/constants.html,66,69,122
/3/c-api/memory.html,65,67,147
/3/library/asyncio-stream.html,65,71,647
/3/library/collections.abc.html,65,73,197
/3/library/http.client.html,65,70,117
/zh-cn/3/library/functions.html,65,68,195
/3/library/filesys.html,64,64,249
/pt-br/3/,64,73,271
/pt-br/3/library/venv.html,64,65,115
/3/using/ios.html,63,65,87
/3/library/ftplib.html,62,64,110
/3/library/pydoc.html,62,63,141
/zh-cn/3/tutorial/,61,68,122
/3/library/multiprocessing.shared_memory.html,60,61,350
/es/3/,60,60,420
/3/library/getpass.html,59,61,49
/3/whatsnew/3.10.html,58,58,91
/uk/3/library/multiprocessing.html,58,61,39
/3/library/gzip.html,57,59,86
/3/extending/embedding.html,55,59,105
/3/library/asyncio-queue.html,55,57,351
/pt-br/3/tutorial/,55,57,193
/3/library/dis.html,54,54,44
/pt-br/3/tutorial/index.html,54,62,264
/3/library/http.html,53,53,45
/3/howto/descriptor.html,52,60,130
/3/library/contextvars.html,51,51,274
/ja/3/library/functions.html,51,52,148
/3/library/curses.html,49,51,159
/3/library/logging.config.html,49,51,158
/3/library/select.html,49,52,589
/es/3/tutorial/index.html,49,52,270
/ja/3/library/stdtypes.html,49,52,225
/zh-cn/3/library/math.html,49,62,175
/zh-cn/3/using/index.html,49,49,53
/3/faq/programming.html,48,52,314
/3/library/asyncio-dev.html,48,51,227
/3/genindex-Symbols.html,47,48,80
/3/installing/,47,49,92
/3/library/cmath.html,47,49,66
/3/library/wave.html,47,50,258
/3/library/zipimport.html,47,48,28
/3/library/socketserver.html,46,50,517
/3/library/winsound.html,46,49,71
/3/using/unix.html,46,50,65
/ja/3/tutorial/index.html,46,48,110
/3/howto/annotations.html,45,46,160
/3/library/tarfile.html,45,46,291
/3/library/tokenize.html,44,45,169
/3/library/zoneinfo.html,44,45,239
/3/howto/free-threading-python.html,43,47,196
/3/library/locale.html,43,43,48
/uk/3/howto/ipaddress.html,43,46,48
/3/faq/general.html,42,44,80
/3/library/zlib.html,42,45,142
/3/library/asyncio-subprocess.html,41,43,196
/3/library/binascii.html,41,41,65
/3/library/imaplib.html,41,44,130
/3/library/mmap.html,41,42,185
/3/whatsnew/3.11.html,41,42,115
/3/whatsnew/index.html,41,43,173
/ja/3/library/index.html,41,46,428
/zh-cn/3/index.html,41,43,199
/3/library/distutils.html,40,40,23
/3/library/tomllib.html,40,41,63
/3/library/sched.html,39,40,103
/3/tutorial/stdlib.html,38,40,448
/es/3/tutorial/datastructures.html,38,44,98
/es/3/tutorial/introduction.html,38,42,124
/zh-tw/3/tutorial/index.html,38,38,138
/3/library/email.html,37,39,249
/3/library/platform.html,37,37,321
/3/library/sys_path_init.html,37,37,215
/3/library/telnetlib.html,37,38,166
/3/library/asyncio-future.html,36,36,176
/3/library/tracemalloc.html,36,40,61
/pt-br/3/library/,36,37,164
/zh-cn/3/reference/index.html,36,36,526
/3/c-api/buffer.html,35,35,238
/3/library/atexit.html,35,36,124
/3/library/importlib.metadata.html,35,35,206
/3/reference/,35,38,147
/ko/3/library/functions.html,35,38,152
/pt-br/3/library/string.html,35,37,294
/3/library/stat.html,34,36,99
/3/library/trace.html,34,34,107
/3/library/cmd.html,33,33,114
/3/reference/grammar.html,33,37,228
/3/howto/urllib2.html,31,35,282
/3/library/filecmp.html,31,32,299
/3/library/site.html,31,31,85
/3/library/unicodedata.html,31,34,138
/3/library/weakref.html,31,34,280
/zh-cn/3/library/,31,34,32
/zh-cn/3/library/re.html,31,32,77
/3/library/readline.html,30,30,227
/zh-cn/3/tutorial/introduction.html,30,33,379
/3/library/hmac.html,29,29,135
/uk/3/library/ipaddress.html,29,29,20
/zh-cn/3/tutorial/controlflow.html,29,30,21
/zh-cn/3/using/windows.html,28,29,85
/zh-tw/3/howto/sorting.html,28,28,1
/3/library/shlex.html,27,29,31
/es/3/library/functions.html,27,28,122
/pl/3/tutorial/datastructures.html,27,27,339
/3.14/whatsnew/3.14.html,26,28,559
/3/library/audioop.html,26,28,122
/3/library/cgi.html,26,26,258
/3/library/colorsys.html,26,26,199
/3/library/shelve.html,26,27,213
/3/reference/introduction.html,26,26,138
/pt-br/3/library/functions.html,26,29,60
/pt-br/3/library/random.html,26,26,87
/zh-tw/3/library/functions.html,26,28,38
/3/c-api/init.html,25,28,201
/3/howto/index.html,25,28,188
/3/library/builtins.html,25,26,80
/3/library/graphlib.html,25,25,43
/3/library/xml.html,25,25,329
/fr/3/library/csv.html,25,26,80
/ko/3/tutorial/index.html,25,26,33
/pl/3/tutorial/index.html,25,29,363
/pt-br/3/library/tkinter.html,25,26,307
/3/library/html.html,24,25,68
/3/reference/executionmodel.html,24,24,24
/pt-br/3/library/stdtypes.html,24,26,175
/uk/3/tutorial/errors.html,24,25,13
/ja/3/library/datetime.html,23,23,165
/zh-cn/3/library/stdtypes.html,23,25,298
/zh-cn/3/using/mac.html,23,25,66
/3/extending/index.html,22,23,82
/3/library/__future__.html,22,22,78
/3/library/gettext.html,22,22,52
