name,unique_entrances,total_entrances,visit_duration
/it/3/tutorial/index.html,22,22,150
/dev/using/windows.html,13,13,175
/3/,11,11,314
/it/3/tutorial/introduction.html,9,10,50
/it/3.15/using/windows.html,7,7,19
/it/3/index.html,7,7,0
/it/3.14/tutorial/index.html,5,5,166
/it/3/tutorial/classes.html,5,5,0
/it/3/genindex.html,4,4,0
/it/3/library/exceptions.html,4,4,0
/it/3/reference/simple_stmts.html,4,4,459
/it/3/tutorial/appetite.html,4,4,190
/it/3/tutorial/venv.html,4,4,418
/3/search.html,3,3,1451
/3/tutorial/datastructures.html,3,3,487
/it/3.14/,3,3,1777
/it/3.14/library/sqlite3.html,3,3,19
/it/3.14/tutorial/introduction.html,3,5,362
/it/3/library/cmath.html,3,3,0
/it/3/library/index.html,3,3,0
/it/3/library/numbers.html,3,3,0
/it/3/reference/executionmodel.html,3,3,0
/it/3/tutorial/datastructures.html,3,3,0
/it/3/tutorial/inputoutput.html,3,3,0
/3.13/tutorial/,2,2,110
/3/howto/free-threading-python.html,2,2,515
/3/library/index.html,2,2,34
/3/tutorial/index.html,2,2,228
/it/3.12/library/sys.html,2,2,0
/it/3.12/whatsnew/3.12.html,2,2,0
/it/3.13/library/random.html,2,2,0
/it/3.13/tutorial/,2,2,177
/it/3.14/library/asyncio-task.html,2,2,0
/it/3.14/library/index.html,2,2,1100
/it/3.14/search.html,2,2,246
/it/3.14/tutorial/controlflow.html,2,4,0
/it/3/,2,2,17
/it/3/c-api/init.html,2,2,0
/it/3/c-api/object.html,2,2,0
/it/3/glossary.html,2,2,0
/it/3/howto/descriptor.html,2,2,0
/it/3/library/__future__.html,2,2,0
/it/3/library/builtins.html,2,2,0
/it/3/library/code.html,2,2,0
/it/3/library/concurrent.interpreters.html,2,2,0
/it/3/library/itertools.html,2,2,0
/it/3/library/runpy.html,2,2,0
/it/3/library/tempfile.html,2,2,0
/it/3/library/urllib.request.html,2,2,0
/it/3/tutorial/controlflow.html,2,2,0
/it/3/tutorial/errors.html,2,2,5
/3.12/library/idle.html,1,1,12
/3.13/search.html,1,1,43
/3.14/,1,1,60
/3/download.html,1,1,670
/3/faq/,1,1,474
/3/howto/pyporting.html,1,1,67
/3/library/,1,1,115
/3/library/cmath.html,1,1,139
/3/library/datetime.html,1,1,93
/3/library/decimal.html,1,1,164
/3/library/intro.html,1,1,100
/3/library/json.html,1,1,252
/3/library/math.html,1,1,27
/3/library/threading.html,1,1,280
/3/library/tkinter.html,1,1,28
/3/py-modindex.html,1,1,71
/3/reference/executionmodel.html,1,1,286
/3/reference/expressions.html,1,1,255
/3/reference/index.html,1,1,467
/dev/search.html,1,1,1304
/el/3.14/library/,1,1,112
/it/3.12/copyright.html,1,1,0
/it/3.12/download.html,1,1,0
/it/3.12/library/__main__.html,1,1,0
/it/3.12/library/builtins.html,1,1,0
/it/3.12/library/compileall.html,1,1,0
/it/3.12/library/os.html,1,1,0
/it/3.12/library/stdtypes.html,1,1,0
/it/3.12/library/types.html,1,1,0
/it/3.12/library/urllib.request.html,1,1,0
/it/3.12/py-modindex.html,1,1,0
/it/3.12/reference/lexical_analysis.html,1,1,0
/it/3.12/tutorial/classes.html,1,1,0
/it/3.12/tutorial/controlflow.html,1,1,0
/it/3.12/tutorial/index.html,1,1,0
/it/3.12/tutorial/introduction.html,1,1,0
/it/3.13/contents.html,1,1,0
/it/3.13/howto/ipaddress.html,1,1,0
/it/3.13/library/functions.html,1,1,0
/it/3.13/library/sys.html,1,1,0
/it/3.13/tutorial/index.html,1,1,21
/it/3.14/download.html,1,1,0
/it/3.14/genindex-Simboli.html,1,1,0
/it/3.14/index.html,1,1,0
/it/3.14/library/csv.html,1,1,0
/it/3.14/library/functions.html,1,1,0
/it/3.14/library/itertools.html,1,1,41
/it/3.14/library/language.html,1,1,0
/it/3.14/library/math.html,1,1,0
/it/3.14/library/stdtypes.html,1,1,1611
/it/3.14/py-modindex.html,1,1,32
/it/3.14/reference/index.html,1,1,0
/it/3.14/reference/introduction.html,1,1,148
/it/3.14/tutorial/,1,1,0
/it/3.14/tutorial/venv.html,1,1,1554
/it/3.15/library/idle.html,1,1,0
/it/3/bugs.html,1,1,0
/it/3/c-api/exceptions.html,1,1,0
/it/3/c-api/number.html,1,1,0
/it/3/c-api/typeobj.html,1,1,0
/it/3/extending/index.html,1,1,0
/it/3/genindex-D.html,1,1,0
/it/3/genindex-N.html,1,1,1286
/it/3/genindex-U.html,1,1,0
/it/3/genindex-_.html,1,1,0
/it/3/howto/free-threading-python.html,1,1,0
/it/3/howto/mro.html,1,1,0
/it/3/howto/sorting.html,1,1,0
/it/3/library/abc.html,1,1,0
/it/3/library/allos.html,1,1,0
/it/3/library/annotationlib.html,1,1,0
/it/3/library/compression.html,1,1,0
/it/3/library/constants.html,1,1,0
/it/3/library/curses.html,1,1,0
/it/3/library/doctest.html,1,1,0
/it/3/library/functions.html,1,1,0
/it/3/library/getopt.html,1,1,0
/it/3/library/gettext.html,1,1,0
/it/3/library/http.html,1,1,0
/it/3/library/inspect.html,1,1,0
/it/3/library/io.html,1,1,0
/it/3/library/linecache.html,1,1,0
/it/3/library/logging.config.html,1,1,0
/it/3/library/logging.handlers.html,1,1,0
/it/3/library/mmap.html,1,1,0
/it/3/library/operator.html,1,1,0
/it/3/library/pathlib.html,1,1,0
/it/3/library/pdb.html,1,1,0
/it/3/library/pkgutil.html,1,1,0
/it/3/library/random.html,1,1,0
/it/3/library/removed.html,1,1,0
/it/3/library/socketserver.html,1,1,0
/it/3/library/string.html,1,1,0
/it/3/library/sys.html,1,1,0
/it/3/library/telnetlib.html,1,1,0
/it/3/library/textwrap.html,1,1,0
/it/3/library/tkinter.colorchooser.html,1,1,0
/it/3/library/tkinter.messagebox.html,1,1,0
/it/3/library/token.html,1,1,0
/it/3/library/traceback.html,1,1,0
/it/3/library/tracemalloc.html,1,1,0
/it/3/library/unittest.mock.html,1,1,0
/it/3/library/urllib.robotparser.html,1,1,0
/it/3/library/uuid.html,1,1,0
/it/3/library/warnings.html,1,1,0
/it/3/library/xmlrpc.server.html,1,1,0
/it/3/reference/compound_stmts.html,1,1,0
/it/3/reference/grammar.html,1,1,0
/it/3/reference/index.html,1,1,0
/it/3/reference/introduction.html,1,1,0
/it/3/search.html,1,1,0
/it/3/tutorial/interpreter.html,1,1,36
/it/3/tutorial/modules.html,1,1,0
/it/3/using/windows.html,1,1,0
/it/3/whatsnew/2.2.html,1,1,0
/it/3/whatsnew/2.4.html,1,1,0
/it/3/whatsnew/3.10.html,1,1,0
/it/3/whatsnew/changelog.html,1,1,0
/tr/3.14/tutorial/index.html,1,1,18
