name,visitors,pageviews,bounce_rate,time_on_page,scroll_depth
/pt-br/latest/tutorials/installing-packages/,20,20,87,28,40
/pt-br/latest/guides/installing-using-pip-and-virtual-environments/,15,17,86,205,62
/pt-br/latest/,5,6,100,31,38
/pt-br/latest/guides/writing-pyproject-toml/,5,5,100,35,82
/pt-br/latest/tutorials/packaging-projects/,5,6,33,15,39
/pt-br/latest/discussions/setup-py-deprecated/,1,1,0,333,100
/pt-br/latest/discussions/single-source-version/,1,1,100,,
/pt-br/latest/discussions/versioning/,1,1,100,12,100
/pt-br/latest/guides/analyzing-pypi-package-downloads/,1,1,100,,
/pt-br/latest/guides/distributing-packages-using-setuptools/,1,1,0,3,13
/pt-br/latest/guides/hosting-your-own-index/,1,1,100,29,99
/pt-br/latest/key_projects/,1,1,0,7,99
/pt-br/latest/overview/,1,1,100,14,19
/pt-br/latest/specifications/,1,1,0,3,54
/pt-br/latest/specifications/binary-distribution-format/,1,1,100,51,6
/pt-br/latest/specifications/core-metadata/,1,1,0,,
/pt-br/latest/specifications/section-distribution-metadata/,1,1,0,11,100
/pt-br/latest/specifications/section-installation-metadata/,1,1,0,4,100
