name,visitors,pageviews,bounce_rate,time_on_page,scroll_depth
/tr/3.13/,23,29,0,11,71
/tr/3/installing/index.html,15,17,73,678,67
/tr/3.13/tutorial/index.html,14,21,25,52,56
/tr/3/tutorial/index.html,13,21,77,9,51
/tr/3.13/tutorial/appetite.html,7,7,0,21,84
/tr/3.13/tutorial/controlflow.html,6,6,100,260,30
/tr/3.13/tutorial/interpreter.html,6,7,0,216,69
/tr/3.13/tutorial/introduction.html,6,12,0,25,62
/tr/3/tutorial/inputoutput.html,6,6,100,,30
/tr/3.13/search.html,5,9,0,14,64
/tr/3.13/tutorial/datastructures.html,5,6,100,24,36
/tr/3.13/library/tkinter.html,4,5,0,29,30
/tr/3/,4,5,0,5,73
/tr/3/tutorial/interpreter.html,4,4,100,4,46
/tr/3.12/tutorial/appendix.html,3,3,0,16,56
/tr/3.12/tutorial/index.html,3,8,0,88,80
/tr/3.13/library/functions.html,3,4,0,22,26
/tr/3.13/library/idle.html,3,5,0,46,29
/tr/3.12/,2,2,0,22,62
/tr/3.12/tutorial/classes.html,2,2,100,,90
/tr/3.13/index.html,2,3,100,12,73
/tr/3.13/library/stdtypes.html,2,4,0,32,35
/tr/3.13/py-modindex.html,2,2,0,8,55
/tr/3.13/tutorial/classes.html,2,2,100,1,17
/tr/3.13/tutorial/modules.html,2,2,100,1,9
/tr/3.13/using/windows.html,2,3,0,22,20
/tr/3/glossary.html,2,3,0,39,8
/tr/3/library/math.html,2,2,100,,55
/tr/3/tutorial/controlflow.html,2,2,0,,54
/tr/3/tutorial/datastructures.html,2,2,0,651,94
/tr/3.12/contents.html,1,2,0,16,7
/tr/3.12/library/index.html,1,2,0,37,61
/tr/3.12/library/urllib.robotparser.html,1,1,0,4,33
/tr/3.12/tutorial/appetite.html,1,1,0,115,100
/tr/3.12/tutorial/controlflow.html,1,1,0,60,78
/tr/3.12/tutorial/introduction.html,1,1,0,,76
/tr/3.13/bugs.html,1,1,0,3,29
/tr/3.13/c-api/intro.html,1,1,0,9,11
/tr/3.13/contents.html,1,2,0,16,2
/tr/3.13/download.html,1,1,0,,100
/tr/3.13/faq/design.html,1,1,0,155,100
/tr/3.13/howto/sorting.html,1,1,0,11,13
/tr/3.13/library/calendar.html,1,3,0,12,43
/tr/3.13/library/index.html,1,2,0,10,99
/tr/3.13/library/logging.html,1,2,0,11,7
/tr/3.13/library/math.html,1,2,0,15,100
/tr/3.13/library/random.html,1,1,0,577,99
/tr/3.13/library/re.html,1,3,100,,24
/tr/3.13/library/reprlib.html,1,1,100,,
/tr/3.13/library/smtplib.html,1,1,100,,100
/tr/3.13/library/string.html,1,1,0,1,
/tr/3.13/library/tkinter.scrolledtext.html,1,2,0,25,100
/tr/3.13/library/turtle.html,1,1,0,5,2
/tr/3.13/reference/compound_stmts.html,1,2,0,7,6
/tr/3.13/reference/lexical_analysis.html,1,1,0,1,
/tr/3.13/tutorial/,1,1,100,,17
/tr/3.13/tutorial/appendix.html,1,1,0,3,38
/tr/3.13/tutorial/errors.html,1,1,0,2,8
/tr/3.13/tutorial/floatingpoint.html,1,1,0,1,15
/tr/3.13/tutorial/inputoutput.html,1,1,0,3,15
/tr/3.13/tutorial/interactive.html,1,1,0,2,96
/tr/3.13/tutorial/stdlib.html,1,1,0,1,15
/tr/3.13/tutorial/stdlib2.html,1,1,0,1,13
/tr/3.13/tutorial/venv.html,1,1,0,2,25
/tr/3.13/tutorial/whatnow.html,1,1,0,1,63
/tr/3.13/using/index.html,1,1,0,,100
/tr/3.13/whatsnew/3.13.html,1,1,0,1,2
/tr/3.14/contents.html,1,1,0,6,1
/tr/3.14/library/math.html,1,0,0,,83
/tr/3.14/tutorial/controlflow.html,1,1,0,4,8
/tr/3.14/tutorial/datastructures.html,1,1,0,14,8
/tr/3.14/tutorial/index.html,1,1,0,54,44
/tr/3.14/tutorial/introduction.html,1,1,0,181,100
/tr/3/genindex-Semboller.html,1,1,100,,22
/tr/3/library/index.html,1,3,0,45,71
/tr/3/library/random.html,1,3,0,743,65
/tr/3/library/stdtypes.html,1,1,0,36,1
/tr/3/library/time.html,1,1,100,,23
/tr/3/library/tk.html,1,1,0,6,100
/tr/3/library/tkinter.html,1,1,0,,
/tr/3/reference/compound_stmts.html,1,1,0,9,72
/tr/3/reference/datamodel.html,1,1,0,,14
/tr/3/search.html,1,1,0,,97
/tr/3/tutorial/,1,1,0,36,100
/tr/3/tutorial/appetite.html,1,1,0,5,100
/tr/3/tutorial/errors.html,1,1,100,,28
/tr/3/tutorial/introduction.html,1,1,0,2,15
/tr/3/tutorial/modules.html,1,1,0,,88
/tr/3/tutorial/stdlib.html,1,1,0,3,41
/tr/3/whatsnew/3.12.html,1,2,0,1229,8
/tr/3/whatsnew/3.13.html,1,1,0,6,20
