property,value,visitors,events,percentage
url,(none),9021,18645,99.6
url,https://www.python.org/,174,190,1.9
url,https://www.python.org/downloads/,54,55,0.6
url,https://github.com/python/cpython/tree/3.14/Lib/idlelib/,38,47,0.4
url,https://apps.microsoft.com/detail/9NQ7512CXL7T,17,17,0.2
url,https://docs.python.org/zh-cn/3.14/archives/python-3.14-docs-html.zip,17,19,0.2
url,https://pypi.org/,15,17,0.2
url,https://docs.python.org/zh-cn/3/archives/python-3.14-docs-html.zip,13,13,0.1
url,https://docs.python.org/zh-cn/3.14/archives/python-3.14-docs-text.zip,11,11,0.1
url,https://github.com/python/cpython/tree/3.14/Lib/idlelib,10,11,0.1
url,https://packaging.python.org/installing/,10,19,0.1
url,https://packaging.python.org/en/latest/tutorials/installing-packages/#ensure-pip-setuptools-and-wheel-are-up-to-date,8,8,0.1
url,https://www.python.org/downloads/macos/,8,9,0.1
url,https://devguide.python.org/documentation/start-documenting/#building-the-documentation,7,7,0.1
url,https://docs.python.org/zh-cn/3/archives/python-3.14-docs-text.zip,7,7,0.1
url,https://docs.python.org/zh-cn/3/archives/python-3.14-docs.epub,7,7,0.1
url,https://docs.python.org/zh-cn/3.15/archives/python-3.15-docs-html.zip,6,6,0.1
url,https://github.com/python/cpython/tree/3.13/Lib/idlelib/,6,8,0.1
url,https://github.com/python/cpython/tree/3.14/Lib/turtle.py,6,6,0.1
url,https://docs.python.org/zh-cn/3.14/archives/python-3.14-docs-html.tar.bz2,5,5,0.1
url,https://docs.python.org/zh-cn/3.14/archives/python-3.14-docs.epub,5,5,0.1
url,https://packaging.python.org/installing/#creating-virtual-environments,5,5,0.1
url,https://tkdocs.com/,5,5,0.1
url,https://www.tkdocs.com/shipman/,5,5,0.1
url,https://docs.python.org/zh-cn/3.13/archives/python-3.13-docs-text.zip,4,4,0.0
url,https://docs.python.org/zh-cn/3.15/archives/python-3.15-docs-text.zip,4,4,0.0
url,https://wiki.python.org/moin/PythonEditors,4,4,0.0
url,https://docs.python.org/zh-cn/3.13/archives/python-3.13-docs-html.zip,3,5,0.0
url,https://packaging.python.org/en/latest/tutorials/packaging-projects/,3,3,0.0
url,https://peps.python.org/pep-0008/,3,3,0.0
url,https://peps.python.org/pep-0636/,3,3,0.0
url,https://wiki.python.org/moin/PythonBooks,3,3,0.0
url,https://briefcase.readthedocs.io/,2,2,0.0
url,https://docs.python.org/zh-cn/3.13/archives/python-3.13-docs-texinfo.zip,2,2,0.0
url,https://docs.python.org/zh-cn/3.14/archives/python-3.14-docs-texinfo.zip,2,2,0.0
url,https://docs.python.org/zh-cn/3.15/archives/python-3.15-docs-texinfo.zip,2,2,0.0
url,https://docs.python.org/zh-cn/3/archives/python-3.14-docs-texinfo.zip,2,2,0.0
url,https://github.com/python/cpython/blob/main/Doc/contents.rst?plain=1,2,2,0.0
url,https://github.com/python/cpython/blob/main/Doc/library/itertools.rst?plain=1,2,2,0.0
url,https://github.com/python/cpython/tree/3.14/Lib/http/client.py,2,2,0.0
url,https://github.com/python/cpython/tree/3.14/Lib/threading.py,2,2,0.0
url,https://github.com/python/cpython/tree/3.14/Lib/urllib/parse.py,2,2,0.0
url,https://github.com/uw-imap/imap,2,2,0.0
url,https://packaging.python.org/,2,2,0.0
url,https://packaging.python.org/en/latest/tutorials/installing-packages/,2,2,0.0
url,https://packaging.python.org/extensions/,2,2,0.0
url,https://peps.python.org/,2,2,0.0
url,https://peps.python.org/pep-0397/,2,2,0.0
url,https://peps.python.org/pep-0745/,2,2,0.0
url,https://peps.python.org/pep-3107/,2,2,0.0
url,https://peps.python.org/pep-3119/,2,2,0.0
url,https://pypi.org/project/tomlkit/,2,2,0.0
url,https://pyscript.net/,2,2,0.0
url,https://setuptools.pypa.io/en/latest/setuptools.html,2,3,0.0
url,https://typing.python.org/en/latest/spec/index.html,2,2,0.0
url,https://typing.python.org/en/latest/spec/typeddict.html#typeddict,2,2,0.0
url,https://www.python.org/doc/versions/,2,2,0.0
url,https://www.unicode.org/versions/Unicode15.0.0/ch04.pdf#G134153,2,3,0.0
url,https://aosabook.org/en/500L/a-web-crawler-with-asyncio-coroutines.html,1,1,0.0
url,https://bugs.python.org/issue?@action=redirect&bpo=12782,1,1,0.0
url,https://buildozer.readthedocs.io/,1,1,0.0
url,https://cibuildwheel.pypa.io/en/stable/platforms/#android,1,1,0.0
url,https://code.activestate.com/recipes/langs/python/,1,1,0.0
url,https://datatracker.ietf.org/doc/html/rfc9562.html#section-5.1,1,1,0.0
url,https://datatracker.ietf.org/doc/html/rfc9562.html#section-5.4,1,1,0.0
url,https://discuss.python.org/t/37075,1,1,0.0
url,https://docs.python.org/zh-cn/3.13/archives/python-3.13-docs-pdf-a4.zip,1,1,0.0
url,https://docs.python.org/zh-cn/3.13/archives/python-3.13-docs.epub,1,1,0.0
url,https://docs.python.org/zh-cn/3.15/archives/python-3.15-docs.epub,1,1,0.0
url,https://en.opensuse.org/Portal:Packaging,1,1,0.0
url,https://en.wikipedia.org/wiki/Bootstrapping_(statistics),1,1,0.0
url,https://en.wikipedia.org/wiki/Extended_Backus%E2%80%93Naur_form,1,2,0.0
url,https://en.wikipedia.org/wiki/Round-robin_scheduling,1,1,0.0
url,https://en.wikipedia.org/wiki/Turtle_(robot),1,1,0.0
url,https://en.wikipedia.org/wiki/Universal_binary,1,1,0.0
url,https://github.com/python/cpython/blob/main/Doc/extending/index.rst?plain=1,1,1,0.0
url,https://github.com/python/cpython/blob/main/Doc/faq/index.rst?plain=1,1,2,0.0
url,https://github.com/python/cpython/blob/main/Doc/library/ctypes.rst?plain=1,1,1,0.0
url,https://github.com/python/cpython/blob/main/Doc/library/functions.rst?plain=1,1,1,0.0
url,https://github.com/python/cpython/blob/main/Doc/library/index.rst?plain=1,1,2,0.0
url,https://github.com/python/cpython/blob/main/Doc/library/intro.rst?plain=1,1,1,0.0
url,https://github.com/python/cpython/blob/main/Doc/library/math.rst?plain=1,1,1,0.0
url,https://github.com/python/cpython/blob/main/Doc/library/os.path.rst,1,1,0.0
url,https://github.com/python/cpython/blob/main/Doc/library/os.rst,1,1,0.0
url,https://github.com/python/cpython/blob/main/Doc/tutorial/controlflow.rst?plain=1,1,1,0.0
url,https://github.com/python/cpython/blob/main/Tools/jit/README.md,1,1,0.0
url,https://github.com/python/cpython/issues,1,1,0.0
url,https://github.com/python/cpython/issues/109218,1,1,0.0
url,https://github.com/python/cpython/issues/123430,1,1,0.0
url,https://github.com/python/cpython/tree/3.13/Android/README.md,1,1,0.0
url,https://github.com/python/cpython/tree/3.13/Android/testbed/app/build.gradle.kts,1,1,0.0
url,https://github.com/python/cpython/tree/3.13/Lib/sqlite3/,1,1,0.0
url,https://github.com/python/cpython/tree/3.13/Lib/turtle.py,1,1,0.0
url,https://github.com/python/cpython/tree/3.14/Lib/code.py,1,1,0.0
url,https://github.com/python/cpython/tree/3.14/Lib/colorsys.py,1,1,0.0
url,https://github.com/python/cpython/tree/3.14/Lib/heapq.py,1,1,0.0
url,https://github.com/python/cpython/tree/3.14/Lib/linecache.py,1,1,0.0
url,https://github.com/python/cpython/tree/3.14/Lib/multiprocessing/shared_memory.py,1,1,0.0
url,https://github.com/python/cpython/tree/3.14/Lib/os.py,1,1,0.0
url,https://github.com/python/cpython/tree/3.14/Lib/random.py,1,1,0.0
url,https://github.com/python/cpython/tree/3.14/Lib/re/,1,1,0.0
url,https://github.com/python/cpython/tree/3.14/Lib/shlex.py,1,1,0.0
url,https://github.com/python/cpython/tree/3.14/Lib/tkinter/__init__.py,1,1,0.0
url,https://github.com/python/cpython/tree/3.14/Lib/tkinter/messagebox.py,1,1,0.0
url,https://github.com/python/cpython/tree/3.14/Lib/types.py,1,2,0.0
url,https://github.com/python/cpython/tree/3.14/Lib/venv/,1,1,0.0
url,https://github.com/python/cpython/tree/3.14/Lib/zipfile/,1,1,0.0
url,https://github.com/python/cpython/tree/3.14/Mac/Resources/app-store-compliance.patch,1,1,0.0
url,https://github.com/python/cpython/tree/main/Lib/calendar.py,1,1,0.0
url,https://github.com/python/cpython/tree/main/Lib/stringprep.py,1,2,0.0
url,https://linux.die.net/man/3/libuuid,1,1,0.0
url,https://manpages.debian.org/flock(2),1,1,0.0
url,https://manpages.debian.org/sched_yield(2),1,1,0.0
url,https://packaging.python.org/science/,1,1,0.0
url,https://peps.python.org/pep-0011/#tier-3,1,1,0.0
url,https://peps.python.org/pep-0420/,1,1,0.0
url,https://peps.python.org/pep-0434/,1,1,0.0
url,https://peps.python.org/pep-0484/,1,1,0.0
url,https://peps.python.org/pep-0492/,1,1,0.0
url,https://peps.python.org/pep-0519/,1,1,0.0
url,https://peps.python.org/pep-0523/,1,1,0.0
url,https://peps.python.org/pep-0526/,1,1,0.0
url,https://peps.python.org/pep-3333/#the-start-response-callable,1,1,0.0
url,https://pypi.org/project/aiosmtpd/,1,1,0.0
url,https://pypi.org/project/pip/,1,1,0.0
url,https://pyvideo.org/,1,1,0.0
url,https://requests.readthedocs.io/en/master/,1,1,0.0
url,https://scipy.org/,1,1,0.0
url,https://support.apple.com/en-us/102445,1,1,0.0
url,https://termux.dev/en/,1,1,0.0
url,https://toml.io/en/,1,1,0.0
url,https://unicode.org/reports/tr18/,1,1,0.0
url,https://webassembly.org/,1,1,0.0
url,https://wiki.python.org/moin/BeginnersGuide,1,1,0.0
url,https://wiki.python.org/moin/IntegratedDevelopmentEnvironments,1,1,0.0
url,https://wiki.python.org/moin/PythonTestingToolsTaxonomy,1,1,0.0
url,https://www.anaconda.com/download/,1,1,0.0
url,https://www.debian.org/doc/manuals/maint-guide/first.en.html,1,1,0.0
url,https://www.freedesktop.org/software/systemd/man/os-release.html,1,1,0.0
url,https://www.jython.org/,1,1,0.0
url,https://www.python.org/downloads/android/,1,1,0.0
url,https://www.python.org/psf/donations/,1,1,0.0
url,https://www.sphinx-doc.org/,1,1,0.0
url,https://www.sqlite.org/flextypegood.html,1,1,0.0
