name,version,visitors
Microsoft Edge,134.0,1452
Chrome,134.0,1075
Mobile App,(not set),196
Chrome,122.0,153
Safari,18.3,140
Firefox,136.0,110
Chrome,133.0,99
UC Browser,17.4,94
Smart Lenovo Browser,9.0,84
Chrome,132.0,71
Microsoft Edge,133.0,57
Chrome,131.0,52
Microsoft Edge,131.0,48
Chrome,109.0,39
Huawei Browser Mobile,16.0,36
Quark,(not set),35
Chrome,128.0,34
Mobile App,114.0,32
Chrome,121.0,32
QQ Browser,6.2,32
Chrome,114.0,29
QQ Browser,13.7,29
Quark,7.9,29
Chrome,86.0,26
Microsoft Edge,127.0,25
Chrome,126.0,24
Safari,18.2,24
Chrome,130.0,23
MIUI Browser,19.2,23
Mobile App,116.0,22
Mobile App,130.0,21
Microsoft Edge,132.0,20
Safari,17.6,20
Mobile App,99.0,18
Chrome,119.0,17
Microsoft Edge,128.0,17
Firefox,128.0,16
Microsoft Edge,130.0,15
Chrome,101.0,14
Chrome,108.0,14
Mobile App,117.0,14
Mobile App,126.0,14
Chrome,127.0,14
Safari,16.6,14
UC Browser,17.3,14
Safari,18.1,14
Sogou Explorer,2,14
Microsoft Edge,113.0,13
Mobile App,134.0,13
Chrome,135.0,13
Chrome,118.0,12
Safari,(not set),11
Microsoft Edge,120.0,11
Microsoft Edge,123.0,11
Chrome,129.0,11
Microsoft Edge,129.0,11
QQ Browser,13.6,11
Mobile App,97.0,11
Microsoft Edge,109.0,10
Chrome,112.0,10
Firefox,115.0,10
Chrome,120.0,10
Microsoft Edge,126.0,10
Mobile App,83.0,10
Chrome,100.0,9
Chrome,111.0,9
Mobile App,120.0,9
Chrome,124.0,9
Mobile App,92.0,9
(not set),(not set),8
Chrome,103.0,8
Microsoft Edge,114.0,8
Huawei Browser,12.1,8
Safari,15.6,8
Microsoft Edge,106.0,7
Chrome,107.0,7
Chrome,116.0,7
Mobile App,118.0,7
Microsoft Edge,122.0,7
Microsoft Edge,124.0,7
Firefox,135.0,7
Safari,18.0,7
Safari,18.4,7
Quark,7.8,7
Microsoft Edge,92.0,7
Mobile App,103.0,6
Chrome,105.0,6
Chrome,125.0,6
Microsoft Edge,135.0,6
MIUI Browser,14.10,6
vivo Browser,23.7,6
Chrome,99.0,6
Microsoft Edge,108.0,5
Microsoft Edge,116.0,5
Microsoft Edge,117.0,5
Microsoft Edge,121.0,5
QQ Browser,13.4,5
Firefox,134.0,5
Chrome,136.0,5
QQ Browser,16.0,5
Safari,16.1,5
Huawei Browser Mobile,5.1,5
Chrome,104.0,4
Microsoft Edge,105.0,4
Mobile App,109.0,4
Chrome,123.0,4
Mobile App,131.0,4
Huawei Browser Mobile,15.0,4
Safari,16.2,4
Safari,17.1,4
Safari,17.3,4
Safari,17.5,4
Chrome,69.0,4
360 Secure Browser,(not set),3
Microsoft Edge,101.0,3
Mobile App,101.0,3
Chrome,102.0,3
Chrome,106.0,3
Microsoft Edge,110.0,3
Microsoft Edge,112.0,3
Firefox,116.0,3
Microsoft Edge,118.0,3
Microsoft Edge,119.0,3
Microsoft Edge,125.0,3
Mobile App,127.0,3
QQ Browser,13.0,3
QQ Browser,13.1,3
QQ Browser,13.3,3
Firefox,137.0,3
Safari,15.4,3
QQ Browser,16.1,3
MIUI Browser,19.1,3
vivo Browser,23.3,3
Yandex Browser,24.12,3
Vivaldi,7.1,3
Mobile App,80.0,3
Mobile App,88.0,3
Mobile App,91.0,3
Chrome,91.0,3
Chrome,97.0,3
Microsoft Edge,98.0,3
Opera,101.0,2
Firefox,102.0,2
Microsoft Edge,103.0,2
Mobile App,104.0,2
Microsoft Edge,111.0,2
Mobile App,111.0,2
Chrome,113.0,2
Opera,116.0,2
Opera,117.0,2
Chrome,118.3,2
QQ Browser,12.6,2
Mobile App,128.0,2
Mobile App,129.0,2
Safari,13.1,2
QQ Browser,13.2,2
QQ Browser,13.5,2
QQ Browser,15.9,2
Safari,16.3,2
UC Browser,17.2,2
Safari,17.4,2
Safari,17.8,2
MIUI Browser,19.0,2
vivo Browser,22.3,2
Samsung Browser,27.1,2
vivo Browser,3.4,2
Firefox,5.0,2
Mobile App,68.0,2
Chrome,78.0,2
Chrome,89.0,2
Chrome,90.0,2
Mobile App,95.0,2
Chrome,96.0,2
Chrome,(not set),1
Microsoft Edge,100.0,1
Microsoft Edge,107.0,1
Opera,107.0,1
Opera,111.0,1
Firefox,114.0,1
Opera,115.0,1
Microsoft Edge,115.0,1
Chrome,117.0,1
Firefox,117.0,1
Firefox,118.0,1
Mobile App,119.0,1
Safari,12.1,1
QQ Browser,12.4,1
Firefox,123.0,1
Chrome,124.61,1
Firefox,127.0,1
Firefox,129.0,1
Firefox,130.0,1
Norton Private Browser,131.0,1
Firefox,132.0,1
Mobile App,133.0,1
Firefox,133.0,1
Chrome,134,1
Firefox,136.2,1
Firefox,138.0,1
Huawei Browser Mobile,14.0,1
MIUI Browser,14.7,1
QQ Browser,15.5,1
QQ Browser,15.8,1
Safari,16,1
Safari,16.0,1
Safari,16.5,1
Safari,17.2,1
Microsoft Edge,18.18363,1
MIUI Browser,18.5,1
MIUI Browser,18.8,1
vivo Browser,20.9,1
vivo Browser,22.5,1
vivo Browser,23.1,1
vivo Browser,23.2,1
vivo Browser,23.6,1
Yandex Browser,23.7,1
vivo Browser,23.8,1
Yandex Browser,25.2,1
115 Browser,26.0,1
Samsung Browser,27.0,1
Kindle Browser,3.0,1
vivo Browser,4.4,1
Chrome,49.0,1
QQ Browser,6.0,1
Quark,6.12,1
Chrome,62.0,1
Quark,7.7,1
Chrome,70.0,1
Chrome,71.0,1
Mobile App,74.0,1
Chrome,75.0,1
Smart Lenovo Browser,8.0,1
Microsoft Edge,88.0,1
QQ Browser,9.6,1
Chrome,92.0,1
Mobile App,96.0,1
Chrome,98.0,1
