name,visitors
China,3690
Singapore,424
Hong Kong,411
United States,161
Japan,130
Taiwan,110
Malaysia,29
Canada,18
Australia,16
Macao,13
United Kingdom,10
Netherlands,8
Germany,7
Russian Federation,6
South Korea,5
Thailand,5
Indonesia,4
Italy,4
Cambodia,4
Mexico,4
India,3
Laos,3
Myanmar,3
United Arab Emirates,2
France,2
Ireland,2
Iraq,2
Sri Lanka,2
Nigeria,2
Pakistan,2
Sweden,2
Vietnam,2
Anonymous VPN Service,1
Bangladesh,1
Brazil,1
Switzerland,1
Czechia,1
Finland,1
Kuwait,1
New Zealand,1
Saudi Arabia,1
Turkey,1
Venezuela,1
