name,unique_entrances,total_entrances,visit_duration
/ja/latest/tutorials/installing-packages/,41,41,67
/ja/latest/guides/installing-using-pip-and-virtual-environments/,34,34,17
/ja/latest/guides/writing-pyproject-toml/,19,19,24
/ja/latest/guides/installing-stand-alone-command-line-tools/,5,5,12
/en/latest/tutorials/installing-packages/,4,4,138
/ja/latest/discussions/setup-py-deprecated/,4,4,0
/ja/latest/discussions/src-layout-vs-flat-layout/,4,4,36
/ja/latest/tutorials/packaging-projects/,4,4,392
/ja/latest/specifications/version-specifiers/,3,3,0
/en/latest/guides/installing-using-pip-and-virtual-environments/,2,2,186
/en/latest/tutorials/managing-dependencies/,2,2,1441
/en/latest/tutorials/packaging-projects/,2,2,613
/ja/latest/guides/packaging-namespace-packages/,2,2,0
/ja/latest/key_projects/,2,2,0
/ja/latest/tutorials/managing-dependencies/,2,2,1338
/en/latest/,1,1,27
/en/latest/guides/writing-pyproject-toml/,1,1,0
/en/latest/overview/,1,1,1439
/en/latest/specifications/pyproject-toml/,1,1,1438
/ja/latest/discussions/deploying-python-applications/,1,1,0
/ja/latest/discussions/install-requires-vs-requirements/,1,1,0
/ja/latest/discussions/package-formats/,1,1,0
/ja/latest/discussions/pip-vs-easy-install/,1,1,344
/ja/latest/guides/analyzing-pypi-package-downloads/,1,1,0
/ja/latest/guides/creating-and-discovering-plugins/,1,1,0
/ja/latest/guides/distributing-packages-using-setuptools/,1,1,0
/ja/latest/guides/installing-using-virtualenv/,1,1,404
/ja/latest/guides/modernize-setup-py-project/,1,1,0
/ja/latest/guides/publishing-package-distribution-releases-using-github-actions-ci-cd-workflows/,1,1,904
/ja/latest/guides/tool-recommendations/,1,1,0
/ja/latest/overview/,1,1,31
/ja/latest/specifications/,1,1,0
/ja/latest/specifications/binary-distribution-format/,1,1,0
/ja/latest/specifications/entry-points/,1,1,0
