name,unique_exits,total_exits,exit_rate
/ja/latest/tutorials/installing-packages/,105,106,
/ja/latest/guides/installing-using-pip-and-virtual-environments/,78,79,
/ja/latest/guides/writing-pyproject-toml/,71,73,
/ja/latest/tutorials/packaging-projects/,12,12,
/ja/latest/key_projects/,11,11,
/ja/latest/discussions/setup-py-deprecated/,9,9,
/ja/latest/specifications/binary-distribution-format/,9,9,
/ja/latest/specifications/dependency-specifiers/,8,8,
/ja/latest/discussions/versioning/,6,6,
/ja/latest/specifications/platform-compatibility-tags/,6,7,
/ja/latest/discussions/distribution-package-vs-import-package/,5,5,
/ja/latest/discussions/src-layout-vs-flat-layout/,5,5,
/ja/latest/,4,4,
/ja/latest/guides/installing-using-linux-tools/,4,4,
/ja/latest/specifications/version-specifiers/,4,4,
/en/latest/tutorials/installing-packages/,3,3,
/ja/latest/guides/hosting-your-own-index/,3,3,
/ja/latest/tutorials/managing-dependencies/,3,3,
/en/latest/specifications/binary-distribution-format/,2,2,
/ja/latest/discussions/install-requires-vs-requirements/,2,2,
/ja/latest/discussions/package-formats/,2,2,
/ja/latest/guides/creating-and-discovering-plugins/,2,2,
/ja/latest/guides/distributing-packages-using-setuptools/,2,2,
/ja/latest/guides/packaging-binary-extensions/,2,3,
/ja/latest/guides/packaging-namespace-packages/,2,2,
/ja/latest/guides/section-install/,2,2,
/ja/latest/overview/,2,2,
/ja/latest/specifications/inline-script-metadata/,2,2,
/ja/latest/specifications/name-normalization/,2,2,
/ja/latest/specifications/pypirc/,2,2,
/ja/latest/specifications/pyproject-toml/,2,2,
/ja/latest/specifications/simple-repository-api/,2,2,
/en/latest/,1,1,
/en/latest/guides/installing-using-pip-and-virtual-environments/,1,1,
/en/latest/guides/writing-pyproject-toml/,1,1,
/en/latest/overview/,1,1,
/en/latest/search/,1,1,
/en/latest/specifications/dependency-groups/,1,1,
/en/latest/specifications/platform-compatibility-tags/,1,1,
/en/latest/specifications/version-specifiers/,1,1,
/ja/latest/guides/creating-command-line-tools/,1,1,
/ja/latest/guides/installing-scientific-packages/,1,1,
/ja/latest/guides/installing-stand-alone-command-line-tools/,1,1,
/ja/latest/guides/section-build-and-publish/,1,1,
/ja/latest/search/,1,1,
/ja/latest/specifications/,1,1,
/ja/latest/specifications/direct-url/,1,1,
/ja/latest/specifications/entry-points/,1,1,
/ja/latest/specifications/externally-managed-environments/,1,1,
/ja/latest/specifications/pylock-toml/,1,1,
/ja/latest/specifications/recording-installed-packages/,1,1,
/ja/latest/specifications/section-reproducible-environments/,1,1,
/ja/latest/support/,1,1,
/pt-br/latest/specifications/binary-distribution-format/,1,1,
