name,visitors
Hyderabad,30
Bengaluru,25
Chennai,19
Moscow,17
Mumbai,17
Singapore,16
Nairobi,12
Paris,11
Shanghai,10
Beijing,10
São Paulo,9
Pune,8
Brussels,8
New York City,8
Cairo,7
Rostov-na-Donu,7
New Delhi,7
Berlin,7
Madrid,7
Lima,7
Toronto,7
Riyadh,6
Helsinki,6
Kyiv,6
Patna,6
Coimbatore,6
Kolkata,6
Kathmandu,6
Tashkent,6
Shenzhen,6
Tokyo,6
Leeds,6
Zürich,6
Southwark,6
Tel Aviv,5
Lviv,5
Warsaw,5
Ludhiāna,5
Delhi,5
Nanchang,5
Kunming,5
Melbourne,5
Accra,5
Stockholm,5
Rome,5
Milan,5
Rio de Janeiro,5
Austin,5
Noida,5
Krasnodar,4
Rājkot,4
Ahmedabad,4
Ho Chi Minh City,4
Bangkok,4
Qingdao,4
Guangzhou,4
Abidjan,4
Frankfurt am Main,4
Dresden,4
Bielefeld,4
Budapest,4
Prague,4
San Jose,4
Dammam,3
Amman,3
Dubai,3
İzmir,3
Saint Petersburg,3
Vilnius,3
Islamabad,3
Vadodara,3
Jaipur,3
Cochin,3
Novosibirsk,3
Nur-Sultan,3
Jakarta,3
Quezon City,3
Wuhan,3
Lanzhou,3
Hefei,3
Hangzhou,3
Chengdu,3
Hong Kong,3
Dakar,3
Casablanca,3
Edinburgh,3
Amsterdam,3
Munich,3
Poznań,3
Kraków,3
Santiago,3
Santiago de Querétaro,3
St. Louis,3
Frisco,3
Chicago,3
Minneapolis,3
The Bronx,3
Markham,3
Vancouver,3
Santo Domingo Este,3
Baghdad,2
Jeddah,2
Tehran,2
Lodwar,2
Kigali,2
Athens,2
Manama,2
Givatayim,2
Nizhniy Novgorod,2
Baku,2
Minsk,2
Dnipro,2
Istanbul,2
Belgrade,2
Johannesburg,2
Durban,2
Lahore,2
Karachi,2
Surat,2
Māpuca,2
Lucknow,2
Gurgaon,2
Dehra Dūn,2
Bhopāl,2
Kostanay,2
Almaty,2
Surabaya,2
Banjarmasin,2
Taichung,2
Zhengzhou,2
Wenzhou,2
Shijiazhuang,2
Linyi,2
Jinan,2
Huizhou,2
Helixi,2
Chongqing,2
Phnom Penh,2
Yokohama,2
Osaka,2
Nagoya,2
Suzhou,2
Perth,2
Tabuse,2
Lisbon,2
Lagos,2
Tunis,2
Oran,2
Valencia,2
Copenhagen,2
Århus,2
Watford,2
Southampton,2
London,2
Aberystwyth,2
Tilburg,2
Vienna,2
Sindelfingen,2
Lüdenscheid,2
Rennes,2
Zielona Góra,2
Gdańsk,2
Recife,2
João Pessoa,2
Buenos Aires,2
Santa Bárbara,2
Colatina,2
Campinas,2
Brasília,2
Belo Horizonte,2
San José,2
Bogotá,2
Cuauhtémoc,2
Jacksonville,2
Baltimore,2
Charlotte,2
Durham,2
Raleigh,2
Philadelphia,2
Houston,2
Stratford,2
Buffalo,2
Milwaukee,2
Phoenix,2
Colton,2
Fremont,2
Los Angeles,2
Denver,2
Provo,2
Seattle,2
North Vancouver,2
Ottawa,2
Nakano,2
Yongin-si,2
N/A,2
Sanaa,1
Najaf,1
Buraydah,1
Medina,1
Larnaca,1
Arusha,1
Kampala,1
Piraeus,1
Doha,1
Ajman City,1
Abu Dhabi,1
Haifa,1
Acre,1
Muğla,1
Erzurum,1
Ankara,1
Addis Ababa,1
Madīnat an Naşr,1
Giza,1
Yoshkar-Ola,1
Ulyanovsk,1
Tambov,1
Taganrog,1
Sochi,1
Smolensk,1
Severodvinsk,1
Pyatigorsk,1
Pskov,1
Murmansk,1
Kireyevsk,1
Kazan,1
Korolev,1
Tallinn,1
Klaipėda,1
Akmenė,1
Yerevan,1
Turku,1
Espoo,1
Popeşti-Leordeni,1
Cluj-Napoca,1
Svitlovodsk,1
Kryvyy Rih,1
Kremenchuk,1
Brovary,1
Balta,1
Szeged,1
Miskolc,1
Mezőkövesd,1
Sofia,1
Zonguldak,1
Samsun,1
Tomaszów Mazowiecki,1
Tarnów,1
Skopje,1
Pristina,1
Harare,1
Lusaka,1
Lubumbashi,1
Lilongwe,1
Saint-Denis,1
Le Tampon,1
Maputo,1
Antananarivo,1
Peshawar,1
Gujranwala,1
Bahawalnagar,1
Sirajganj,1
Chattogram,1
Colombo,1
Visakhapatnam,1
Vijayawada,1
Thiruvananthapuram,1
Thrissur,1
Thāne,1
Sambalpur,1
Ratlām,1
Raebareli,1
Punganūru,1
Pānīpat,1
Nāgercoil,1
Murshidābād,1
Meerut,1
Mathura,1
Malappuram,1
Korba,1
Jammu,1
Indore,1
Ghāziābād,1
Cuddapah,1
Chengannūr,1
Aurangabad,1
Simarā,1
Butwāl,1
Yangon,1
Yuzhnoural’sk,1
Tomsk,1
Kemerovo,1
Abakan,1
Kyzylorda,1
Kara Suu,1
Bishkek,1
Tây Ninh,1
Hanoi,1
Da Nang,1
Doembang Nangbuat,1
