name,unique_entrances,total_entrances,visit_duration
/3/,349,350,265
/3.14/whatsnew/3.14.html,239,250,90
/3.14/using/windows.html,83,87,77
/3.14/tutorial/index.html,76,77,103
/3.14/,62,63,143
/3/library/idle.html,19,19,244
/3/tutorial/index.html,18,18,526
/3/whatsnew/3.13.html,17,17,463
/3.13/tutorial/index.html,16,16,383
/3.14/index.html,14,16,237
/3.14/library/functions.html,14,14,247
/3/tutorial/,14,14,650
/3.13/using/windows.html,12,12,518
/3/index.html,12,12,264
/3.14/tutorial/appetite.html,11,11,162
/3.14/tutorial/controlflow.html,11,13,109
/3.14/tutorial/introduction.html,11,13,170
/zh-cn/3/,11,11,307
/3.14/tutorial/,9,9,514
/3.14/search.html,8,9,114
/3/library/stdtypes.html,8,8,776
/3.13/,7,7,245
/3.13/index.html,7,7,59
/3.14/whatsnew/3.13.html,7,7,134
/3/library/index.html,7,8,949
/zh-cn/3.14/search.html,7,7,2
/zh-cn/3.14/whatsnew/,7,7,44
/3.14/contents.html,6,6,376
/3.14/tutorial/datastructures.html,6,6,278
/3.14/whatsnew/changelog.html,6,7,39
/3/library/functions.html,6,6,920
/3/tutorial/datastructures.html,6,6,421
/3/tutorial/introduction.html,6,6,406
/zh-cn/3.14/tutorial/controlflow.html,6,7,417
/3.13/whatsnew/3.13.html,5,7,158
/3.14/library/asyncio-graph.html,5,5,0
/3.14/py-modindex.html,5,6,4
/3/whatsnew/index.html,5,5,275
/es/3/,5,5,29
/3.12/,4,4,476
/3.14/library/annotationlib.html,4,5,9
/3.14/tutorial/interpreter.html,4,5,0
/3/reference/datamodel.html,4,5,383
/3/search.html,4,6,360
/3/whatsnew/changelog.html,4,4,191
/es/3/tutorial/,4,4,824
/3.14/library/index.html,3,3,0
/3.14/library/stdtypes.html,3,3,3
/3.14/library/turtle.html,3,3,5
/3.14/library/typing.html,3,3,307
/3.14/using/ios.html,3,3,39
/3/library/,3,3,257
/3/library/datetime.html,3,3,1027
/3/library/enum.html,3,3,859
/3/library/math.html,3,3,1097
/3/library/multiprocessing.html,3,3,2196
/3/library/re.html,3,3,269
/3/library/turtle.html,3,3,833
/3/library/typing.html,3,3,1420
/3/reference/lexical_analysis.html,3,3,940
/3/using/windows.html,3,3,361
/dev/,3,3,44
/es/3.14/tutorial/introduction.html,3,4,0
/es/dev/tutorial/controlflow.html,3,3,21
/fr/3/tutorial/,3,3,173
/ja/3.14/,3,3,322
/ja/3.14/tutorial/interpreter.html,3,4,0
/ja/3/,3,3,50
/pt-br/3/,3,3,13
/zh-cn/3.14/library/heapq.html,3,3,0
/zh-cn/3.14/tutorial/interpreter.html,3,4,59
/3.12/index.html,2,2,238
/3.12/tutorial/index.html,2,2,820
/3.12/whatsnew/3.12.html,2,2,1615
/3.13/tutorial/,2,2,172
/3.14/download.html,2,2,0
/3.14/extending/index.html,2,2,0
/3.14/glossary.html,2,2,330
/3.14/howto/enum.html,2,2,54
/3.14/howto/functional.html,2,2,4
/3.14/howto/regex.html,2,2,0
/3.14/library/,2,2,0
/3.14/library/argparse.html,2,2,0
/3.14/library/asyncio-runner.html,2,2,0
/3.14/library/functools.html,2,2,0
/3.14/library/idle.html,2,2,0
/3.14/library/io.html,2,2,2
/3.14/library/random.html,2,2,0
/3.14/library/re.html,2,2,0
/3.14/library/tkinter.html,2,5,0
/3.14/library/unittest.mock.html,2,2,0
/3.14/using/cmdline.html,2,2,0
/3.14/using/mac.html,2,2,0
/3/howto/annotations.html,2,2,179
/3/library/__main__.html,2,2,219
/3/library/argparse.html,2,2,1330
/3/library/glob.html,2,2,1510
/3/library/keyword.html,2,2,648
/3/library/pathlib.html,2,2,216
/3/library/queue.html,2,2,413
/3/library/socket.html,2,2,36
/3/library/string.html,2,2,291
/3/library/tkinter.html,2,2,970
/3/tutorial/classes.html,2,2,48
/3/tutorial/interpreter.html,2,2,2050
/3/whatsnew/3.12.html,2,2,326
/es/3.13/tutorial/index.html,2,2,256
/es/3.14/,2,2,107
/es/3.14/tutorial/index.html,2,5,0
/fr/3.14/,2,3,0
/fr/3.14/tutorial/datastructures.html,2,2,10
/fr/3/,2,2,296
/ja/3.14/library/typing.html,2,2,501
/pt-br/3.14/library/typing.html,2,3,0
/uk/3.14/library/pathlib.html,2,2,0
/zh-cn/3.14/,2,2,4
/zh-cn/3.14/contents.html,2,2,0
/zh-cn/3.14/library/py_compile.html,2,2,0
/zh-cn/3.14/whatsnew/3.13.html,2,2,38
/3.12/c-api/buffer.html,1,1,1490
/3.12/library/2to3.html,1,1,203
/3.13/library/stdtypes.html,1,1,2573
/3.13/search.html,1,1,856
/3.13/tutorial/appendix.html,1,1,212
/3.14/c-api/init_config.html,1,1,0
/3.14/c-api/unicode.html,1,1,0
/3.14/howto/free-threading-python.html,1,1,0
/3.14/howto/unicode.html,1,1,0
/3.14/installing/index.html,1,1,0
/3.14/library/ast.html,1,1,338
/3.14/library/asyncio-eventloop.html,1,1,0
/3.14/library/asyncio.html,1,1,6
/3.14/library/concurrent.futures.html,1,2,0
/3.14/library/configparser.html,1,2,0
/3.14/library/dataclasses.html,1,1,0
/3.14/library/dis.html,1,1,0
/3.14/library/email.html,1,1,0
/3.14/library/functional.html,1,1,4
/3.14/library/glob.html,1,1,0
/3.14/library/intro.html,1,1,52
/3.14/library/json.html,1,1,0
/3.14/library/math.html,1,1,218
/3.14/library/pydoc.html,1,1,0
/3.14/library/socket.html,1,1,376
/3.14/library/time.html,1,1,0
/3.14/library/uuid.html,1,1,2031
/3.14/library/xml.etree.elementtree.html,1,1,0
/3.14/reference/expressions.html,1,1,3
/3.14/reference/introduction.html,1,1,20
/3.14/reference/simple_stmts.html,1,1,1859
/3.14/tutorial/classes.html,1,1,0
/3.14/tutorial/floatingpoint.html,1,1,0
/3.14/tutorial/interactive.html,1,1,0
/3.14/tutorial/modules.html,1,1,93
/3.14/using/,1,1,116
/3.14/using/configure.html,1,1,978
/3.14/whatsnew/3.10.html,1,1,963
/3.14/whatsnew/3.12.html,1,1,2
/3/c-api/index.html,1,1,657
/3/contents.html,1,1,1385
/3/download.html,1,1,157
/3/extending/extending.html,1,1,162
/3/extending/index.html,1,1,191
/3/faq/general.html,1,1,542
/3/faq/windows.html,1,1,997
/3/howto/free-threading-python.html,1,1,228
/3/howto/index.html,1,1,105
/3/howto/logging.html,1,1,821
/3/howto/pyporting.html,1,1,1587
/3/howto/sorting.html,1,1,4
/3/installing/index.html,1,1,7
/3/library/abc.html,1,1,244
/3/library/asyncio-eventloop.html,1,1,6370
/3/library/asyncio-task.html,1,1,692
/3/library/codecs.html,1,1,1451
/3/library/concurrent.futures.html,1,1,135
/3/library/csv.html,1,1,174
/3/library/datatypes.html,1,1,54
/3/library/ipaddress.html,1,1,97
/3/library/json.html,1,1,533
/3/library/logging.html,1,1,334
/3/library/msilib.html,1,1,18
/3/library/os.html,1,1,2008
/3/library/pdb.html,1,1,4
/3/library/pprint.html,1,1,7
/3/library/random.html,1,1,99
/3/library/sched.html,1,1,731
/3/library/secrets.html,1,1,866
/3/library/sqlite3.html,1,1,129
/3/library/subprocess.html,1,1,1296
/3/library/threading.html,1,1,144
/3/library/tkinter.messagebox.html,1,1,109
/3/library/unittest.html,1,1,10
/3/library/urllib.error.html,1,1,91
/3/library/urllib.request.html,1,1,47
/3/library/zipapp.html,1,1,23
/3/license.html,1,1,79
/3/py-modindex.html,1,1,174
/3/reference/grammar.html,1,1,150
/3/reference/import.html,1,1,140
/3/reference/index.html,1,1,1280
/3/tutorial/controlflow.html,1,1,0
/3/whatsnew/,1,1,32
/3/whatsnew/3.0.html,1,1,27
/3/whatsnew/3.10.html,1,1,357
/3/whatsnew/3.8.html,1,1,513
/dev/library/argparse.html,1,1,108
/dev/library/asyncio.html,1,1,279
/dev/library/concurrent.futures.html,1,1,5
/es/3.13/library/test.html,1,1,128
/es/3.13/library/tkinter.html,1,1,561
/es/3.13/tutorial/controlflow.html,1,1,237
/es/3.14/c-api/init.html,1,1,0
/es/3.14/glossary.html,1,1,12
/es/3.14/howto/enum.html,1,1,0
/es/3.14/library/configparser.html,1,1,0
/es/3.14/library/functions.html,1,1,0
/es/3.14/library/random.html,1,1,0
/es/3.14/library/turtle.html,1,1,0
/es/3.14/py-modindex.html,1,1,0
/es/3.14/tutorial/controlflow.html,1,1,0
/es/3.14/tutorial/interpreter.html,1,1,0
/es/3/using/windows.html,1,1,671
/es/dev/library/functools.html,1,1,204
/fr/3.13/reference/import.html,1,1,497
/fr/3.14/howto/enum.html,1,1,895
/fr/3.14/library/email.header.html,1,1,0
/fr/3.14/library/functions.html,1,1,0
/fr/3.14/library/tkinter.ttk.html,1,1,0
/fr/3.14/library/xml.dom.minidom.html,1,1,0
/fr/3.14/reference/lexical_analysis.html,1,1,0
/fr/3.14/tutorial/introduction.html,1,1,0
/fr/3/contents.html,1,1,74
/fr/3/library/csv.html,1,1,1141
/fr/3/library/functions.html,1,1,855
/fr/3/tutorial/datastructures.html,1,1,35
/fr/dev/reference/compound_stmts.html,1,1,11
/ja/3.12/howto/functional.html,1,1,12
/ja/3.13/library/asyncio-runner.html,1,1,292
/ja/3.13/reference/datamodel.html,1,1,7788
/ja/3.13/tutorial/inputoutput.html,1,1,247
/ja/3.14/library/distutils.html,1,1,0
/ja/3.14/library/re.html,1,1,0
/ja/3.14/library/sqlite3.html,1,1,0
/ja/3.14/library/tkinter.messagebox.html,1,1,0
/ja/3.14/library/traceback.html,1,1,0
/ja/3.14/tutorial/appetite.html,1,1,0
/ja/3.14/tutorial/index.html,1,1,0
/ja/3.14/using/windows.html,1,1,0
/ja/3/search.html,1,1,534
/ja/3/tutorial/,1,1,36
/ja/3/tutorial/controlflow.html,1,2,0
/ko/3.13/library/concurrency.html,1,1,71
/ko/3.14/contents.html,1,1,7
/ko/3.14/tutorial/introduction.html,1,1,0
/ko/dev/library/re.html,1,1,14
/pl/3.13/library/stdtypes.html,1,1,82
/pl/3.14/library/sys_path_init.html,1,1,0
/pl/3.14/tutorial/stdlib.html,1,1,0
/pl/3/,1,1,1605
/pt-br/3.14/download.html,1,1,0
/pt-br/3.14/library/cmdline.html,1,1,0
/pt-br/3.14/library/concurrent.futures.html,1,1,0
/pt-br/3.14/library/shelve.html,1,1,0
/pt-br/3.14/tutorial/interpreter.html,1,1,890
/pt-br/3/reference/expressions.html,1,1,1091
/pt-br/3/search.html,1,1,3842
/pt-br/dev/tutorial/datastructures.html,1,1,123
/tr/3.14/genindex-R.html,1,1,0
/uk/3.14/library/configparser.html,1,1,0
/uk/3.14/library/idle.html,1,1,40
/uk/3.14/library/math.html,1,1,0
/uk/3.14/library/uuid.html,1,1,0
/uk/3.14/tutorial/venv.html,1,1,0
/uk/3.14/whatsnew/3.14.html,1,1,0
/uk/3.14/whatsnew/index.html,1,1,0
/zh-cn/3.12/,1,1,27
/zh-cn/3.12/index.html,1,1,263
/zh-cn/3.13/,1,1,286
/zh-cn/3.13/contents.html,1,1,189
/zh-cn/3.13/library/datetime.html,1,1,17
/zh-cn/3.13/library/index.html,1,1,1
/zh-cn/3.13/whatsnew/3.12.html,1,1,161
/zh-cn/3.13/whatsnew/3.13.html,1,1,12
/zh-cn/3.14/howto/logging.html,1,1,0
/zh-cn/3.14/howto/unicode.html,1,1,0
/zh-cn/3.14/library/,1,1,1614
/zh-cn/3.14/library/aifc.html,1,1,17
/zh-cn/3.14/library/collections.abc.html,1,1,5072
/zh-cn/3.14/library/difflib.html,1,1,0
/zh-cn/3.14/library/exceptions.html,1,2,585
/zh-cn/3.14/library/hmac.html,1,1,0
/zh-cn/3.14/library/pyexpat.html,1,1,149
/zh-cn/3.14/library/random.html,1,1,0
/zh-cn/3.14/library/rlcompleter.html,1,1,147
/zh-cn/3.14/library/string.html,1,1,2031
/zh-cn/3.14/library/subprocess.html,1,1,0
/zh-cn/3.14/library/textwrap.html,1,1,488
/zh-cn/3.14/py-modindex.html,1,1,7
/zh-cn/3.14/reference/expressions.html,1,1,0
