name,visitors,bounce_rate,visit_duration
Direct / None,6512,81,121
google.com,1196,81,227
python.org,142,71,364
m.baidu.com,111,91,47
cn.bing.com,90,78,179
codecademy.cn,65,55,55
baidu.com,55,90,5
baidu.com/link,36,68,308
bing.com,34,100,256
duckduckgo.com,12,100,947
chatgpt.com,11,67,193
search.yahoo.co.jp,11,91,52
google.com.hk,8,100,782
codecademy.cn/tutorial/python,6,33,189
search.brave.com,6,0,36
udemy.com,6,100,104
google.co.jp,5,60,46
peps.python.org,5,33,444
doubao.com,4,100,258
netacad.com,4,100,0
wiki.python.org,3,0,2043
clouddocs.huawei.com,2,100,0
edu.upstage.ai,2,0,667
escueladigital3.mendoza.edu.ar,2,100,0
github.com/changyeyu/LLM-RL-Visualized/blob/master/AI-Roadmap(AI%E7%9F%A5%E8%AF%86%E6%9E%B6%E6%9E%84).md,2,100,0
google.es,2,100,0
google.fr,2,100,0
ics.uci.edu,2,50,104
l.meta.ai,2,100,0
m.baidu.com/from=1001192y/bd_page_type=1/ssid=0/uid=0/pu=sz%401320_1001%2Cta%40iphone_2_12.0_28_16.0%2Cusm%401/baiduid=44F4FA55488A1EDC30084089BCE251C1/w=0_10_/t=iphone/l=1/tc,2,0,2
m.baidu.com/from=1015819s/bd_page_type=1/ssid=0/uid=0/pu=sz%401320_1003%2Cta%40iphone_2_14.0_1_18.4%2Cusm%400/baiduid=3E46D675B1BCBCE83D96C43C3BD0A21F/w=0_20_/t=iphone/l=1/tc,2,50,110
m.baidu.com/from=1020761f/bd_page_type=1/ssid=0/uid=0/pu=sz%401320_1001%2Cta%40iphone_2_15.0_19_27.3%2Cusm%401/baiduid=B0C7D35826203C799299593F0EBB64D1/w=0_10_/t=iphone/l=1/tc,2,100,0
m.baidu.com/from=1040570h/bd_page_type=1/ssid=0/uid=0/pu=usm%400%2Csz%401320_1001%2Cta%40iphone_2_13.0_24_116.0/baiduid=D6A2491AF75F273B385C2BBD05DC9B30/w=0_10_/t=iphone/l=1/tc,2,0,8
m.facebook.com,2,50,8
notebooklm.google.com,2,0,1792
onu1.s2.chalmers.se,2,50,274
opencsg.com,2,100,0
perplexity.ai,2,100,0
qiita.com,2,0,1802
tw.search.yahoo.com,2,100,0
yandex.ru,2,0,26
127.0.0.1,1,100,0
52pojie.cn,1,100,0
alr55ydytb.feishu.cn,1,100,0
android-app://com.google.android.googlequicksearchbox,1,100,0
assignments.onenote.com,1,100,0
automatetheboringstuff.com,1,0,40
boot.dev,1,0,779
brightspace.nyu.edu,1,100,0
bytedance.larkoffice.com,1,0,66
cafeinks-blog.com/%e5%85%b7%e4%bd%93%e4%be%8b%e3%81%a7%e3%82%8f%e3%81%8b%e3%82%8b%ef%bc%81python%e6%ad%a3%e8%a6%8f%e8%a1%a8%e7%8f%be%ef%bc%88re%ef%bc%89%e5%85%a5%e9%96%80,1,100,0
cdn.cs50.net,1,0,64
chat.baidu.com,1,0,749
chat.sharedchat.fun,1,0,0
chsyxx.com,1,100,0
classroom.google.com,1,100,0
corninggpt-2000.ais.corning.com,1,100,0
cse.google.com,1,100,0
cursos.alura.com.br,1,100,0
developer.baidu.com/article/detail.html,1,0,0
devguide.python.org/documentation/help-documenting,1,0,169
discuss.python.org,1,100,0
dlc.uit.ac.ma,1,100,0
docs.pydantic.dev,1,0,13
ecosia.org,1,100,0
fmv.com,1,100,0
github.com,1,100,0
github.com/encode/httpx/blob/0.28.0/docs/advanced/ssl.md,1,0,1129
github.com/fastavro/fastavro/issues/480,1,0,116
github.com/kropiak/uwm-wprowadzenie-do-data-science/tree/main/modu%C5%82_6,1,100,0
github.com/plushn/SWE-Arai60/pull/23,1,0,1306
github.com/python/cpython/issues/143284,1,0,17
github.com/yt-dlp/yt-dlp,1,0,63
github.com/zarr-developers/numcodecs/issues/553,1,0,34
google.com/search,1,0,0
ilive.lenovo.com.cn,1,100,0
infoacademy.ro,1,100,0
journal.top-academy.ru,1,100,0
kagi.com,1,0,19
kivy.org,1,0,19
km.woa.com,1,0,1049
kone.gg,1,100,0
l.facebook.com,1,100,0
learn.microsoft.com,1,100,0
link.csdn.net,1,0,31
m.baidu.com/from=1000539d/bd_page_type=1/ssid=0/uid=0/pu=usm%400%2Csz%401320_2001%2Cta%40iphone_1_18.6_25_18.6/baiduid=0192296C7C8B18FEEB85D41A995AF57A/w=0_10_/t=iphone/l=1/tc,1,100,0
m.baidu.com/from=1001192y/bd_page_type=1/ssid=0/uid=0/pu=usm%401%2Csz%401320_1001%2Cta%40iphone_2_10.0_28_16.0/baiduid=C3F9C1008159271ADF4D9F052DB11339/w=0_10_/t=iphone/l=1/tc,1,0,3
m.baidu.com/from=1001703a/bd_page_type=1/ssid=0/uid=0/pu=usm%400%2Csz%401320_1001%2Cta%40iphone_2_11.0_18_40.7/baiduid=8000DD0C55206DD628E0C381A0D5273F/w=0_10_/t=iphone/l=1/tc,1,100,0
m.baidu.com/from=1013966u/bd_page_type=1/ssid=0/uid=0/pu=usm%401%2Csz%401320_1001%2Cta%40iphone_2_10.0_19_23.3/baiduid=CFE38488EBFC66278C09F336E8570BD4/w=0_10_/t=iphone/l=1/tc,1,0,4
m.baidu.com/from=1019311a/bd_page_type=1/ssid=0/uid=0/pu=sz%401320_1001%2Cta%40iphone_2_13.0_19_25.1%2Cusm%401/baiduid=1658A924C14D8F49D1E1779906002594/w=0_10_/t=iphone/l=1/tc,1,100,0
m.baidu.com/from=1020761f/bd_page_type=1/ssid=0/uid=0/pu=usm%401%2Csz%401320_1001%2Cta%40iphone_2_12.0_19_14.5/baiduid=FF957D4B31C37FFB8A8F6574C923B621/w=0_10_/t=iphone/l=1/tc,1,100,0
m.baidu.com/from=1020761f/bd_page_type=1/ssid=0/uid=0/pu=usm%401%2Csz%401320_1001%2Cta%40iphone_2_14.0_19_27.4/baiduid=8C705ED8BD057CE3046BECEFA79C529B/w=0_10_/t=iphone/l=1/tc,1,100,0
m.baidu.com/from=1024043p/bd_page_type=1/ssid=0/uid=0/pu=usm%401%2Csz%401320_220%2Cta%40iphone_5_5.0_28_5.1/baiduid=3C1C66558EC484DEC316EFFC21D3A42F/w=0_10_/t=iphone/l=1/tc,1,100,0
merrin.mdpi.cn,1,100,0
note.nkmk.me,1,100,0
padlet.com,1,100,0
pip.pypa.io/en/stable/installation,1,0,19
pyodide.org/en/stable/usage/api/python-api/webloop.html,1,100,0
pyodide.org/en/stable/usage/downloading-and-deploying.html,1,100,0
python.it,1,100,0
python.p2hp.com,1,0,4
pythonmorsels.com,1,100,0
qianwen.com/chat/bb740dd83c3143f09ac3215710cc1e2e,1,0,1099
qwant.com,1,0,0
rp.netease.com,1,100,0
safe.menlosecurity.com/safeview-auth-server/proxy_auth,1,100,0
scanpy.readthedocs.io/en/latest/api/generated/scanpy.pl.umap.html,1,100,0
scanpy.readthedocs.io/en/stable/generated/scanpy.pl.dotplot.html,1,100,0
se-media.jp,1,0,171
search.yahoo.com,1,0,390
so.com/link,1,0,153
teams.microsoft.com,1,100,0
view.genially.com/68beffb702a3b625ce3a0f58,1,100,0
virtualenv.pypa.io/en/latest,1,0,3
wapbaike.baidu.com,1,100,0
web.telegram.org,1,100,0
ya.ru,1,0,14
youtube.com,1,100,0
yuque.com,1,100,0
