name,unique_exits,total_exits,exit_rate
/fr/3/tutorial/,266,278,
/fr/3/library/tkinter.html,76,78,
/fr/3/library/stdtypes.html,74,93,
/fr/3/library/turtle.html,65,67,
/fr/3/tutorial/datastructures.html,65,67,
/fr/3/tutorial/classes.html,50,51,
/fr/3/library/random.html,43,43,
/fr/3/tutorial/interpreter.html,43,43,
/fr/3/tutorial/introduction.html,43,47,
/fr/3/tutorial/controlflow.html,41,43,
/fr/3.15/using/windows.html,40,40,
/fr/3/tutorial/index.html,38,41,
/fr/3/library/idle.html,37,37,
/3/,34,34,
/fr/3/tutorial/appetite.html,33,33,
/fr/3/library/functions.html,32,34,
/fr/3/tutorial/errors.html,32,32,
/fr/dev/installing/index.html,30,30,
/fr/3/howto/sorting.html,25,25,
/fr/3/library/csv.html,25,25,
/fr/3/library/math.html,25,25,
/fr/3/library/datetime.html,24,24,
/fr/3/tutorial/inputoutput.html,24,27,
/fr/3/,23,23,
/fr/3.14/,22,22,
/fr/3/genindex-Symboles.html,22,22,
/fr/3/howto/regex.html,22,22,
/dev/using/windows.html,19,19,
/fr/3/library/string.html,19,20,
/fr/3/library/json.html,18,18,
/fr/3/tutorial/venv.html,17,18,
/fr/3/search.html,16,17,
/fr/3/glossary.html,15,15,
/fr/3/library/index.html,15,15,
/fr/3.14/tutorial/index.html,14,15,
/fr/3/library/time.html,14,14,
/fr/3.14/search.html,13,14,
/fr/3/library/operator.html,12,12,
/fr/3/reference/import.html,12,13,
/fr/3/reference/simple_stmts.html,12,12,
/fr/3/tutorial/modules.html,12,13,
/fr/3.14/library/functions.html,11,12,
/fr/3.14/library/math.html,11,13,
/fr/3/howto/unicode.html,11,11,
/fr/3/library/statistics.html,11,11,
/fr/3/reference/lexical_analysis.html,11,11,
/fr/3/faq/windows.html,10,11,
/fr/3/library/collections.html,10,10,
/fr/3/using/cmdline.html,10,10,
/fr/3.14/tutorial/controlflow.html,9,9,
/fr/3.14/using/windows.html,9,10,
/fr/3/library/enum.html,9,9,
/fr/3/library/os.html,9,9,
/fr/3/library/sys.html,9,9,
/fr/3/library/tkinter.ttk.html,9,9,
/fr/3.14/tutorial/introduction.html,8,8,
/fr/3/contents.html,8,8,
/fr/3/howto/logging.html,8,8,
/fr/3/installing/index.html,8,8,
/fr/3.14/tutorial/classes.html,7,9,
/fr/3/library/__main__.html,7,7,
/fr/3/using/windows.html,7,7,
/fr/3.13/library/turtle.html,6,6,
/fr/3.13/tutorial/,6,6,
/fr/3.14/library/index.html,6,6,
/fr/3.14/library/tkinter.html,6,6,
/fr/3.14/tutorial/,6,6,
/fr/3/library/zipfile.html,6,6,
/fr/3/reference/index.html,6,6,
/fr/3/using/index.html,6,6,
/3/library/functions.html,5,5,
/3/library/tkinter.html,5,5,
/3/tutorial/index.html,5,5,
/fr/3.12/library/stdtypes.html,5,5,
/fr/3.13/,5,8,
/fr/3.13/library/functions.html,5,5,
/fr/3.13/tutorial/index.html,5,5,
/fr/3.14/library/stdtypes.html,5,4,
/fr/3.14/py-modindex.html,5,6,
/fr/3.14/tutorial/datastructures.html,5,5,
/fr/3/howto/argparse.html,5,5,
/fr/3/howto/sockets.html,5,5,
/fr/3/library/asyncio.html,5,5,
/fr/3/library/filesys.html,5,5,
/fr/3/library/pathlib.html,5,5,
/fr/3/library/pydoc.html,5,6,
/fr/3/reference/expressions.html,5,6,
/3/library/math.html,4,4,
/3/library/tk.html,4,4,
/3/tutorial/datastructures.html,4,4,
/fr/3.14/installing/index.html,4,4,
/fr/3.14/tutorial/interpreter.html,4,4,
/fr/3.14/whatsnew/3.14.html,4,4,
/fr/3/library/exceptions.html,4,4,
/fr/3/library/pprint.html,4,4,
/fr/3/library/re.html,4,5,
/fr/3/library/wave.html,4,4,
/fr/3/tutorial/floatingpoint.html,4,4,
/fr/3/tutorial/stdlib2.html,4,4,
/fr/3/using/mac.html,4,5,
