name,visitors
Île-de-France,910
Auvergne-Rhône-Alpes,179
Provence-Alpes-Côte-d'Azur,145
Occitanie,144
Hauts-de-France,105
Nouvelle-Aquitaine,99
Grand-Est,98
Brittany,79
Pays-de-la-Loire,77
Quebec,73
Abidjan,52
Centre-Val de Loire,52
Normandie,45
Burgundy-Franche-Comté,43
Tunis,39
Wallonia,30
Meknès-Tafilalet,30
Brussels,26
Littoral,21
Vaud,21
Taza-Al Hoceima-Taounate,20
Kinshasa,19
Algiers,18
Oriental,16
Dakar,15
Ontario,14
Geneva,14
Maritime,13
Brazzaville,12
Rabat-Salé-Zemmour-Zaer,12
Zürich,11
Centre,10
Centre,10
Littoral,10
Oran,9
Sétif,8
Estuaire,8
Conakry,8
Niamey,8
Sousse,8
England,7
Flanders,6
Tangier-Tétouan,6
Ben Arous,6
Tlemcen,5
Bern,4
Neuchâtel,4
Blida,4
Constantine,4
Ouest,4
Chaouia-Ouardigha,4
South Holland,4
Moscow,4
Nabeul,4
California,4
New York,4
North Rhine-Westphalia,3
Madrid Autonomous Community,3
Corse,3
Maharashtra,3
Lazio,3
Luxembourg,3
North Holland,3
Lima,3
Kigali,3
Bangkok,3
Minsk,2
Manitoba,2
Haut-Katanga,2
Valais,2
Jiangsu,2
Brandenburg,2
Baden-Württemberg,2
Bavaria,2
Sidi Bel Abbès,2
Khenchela,2
Ghardaïa,2
Cairo,2
Leinster,2
Tel Aviv,2
Liguria,2
Fès-Boulemane,2
Bamako,2
Mexico State,2
Puebla,2
Punjab,2
Ariana,2
Colorado,2
Maryland,2
Michigan,2
Buenos Aires Province,1
Lower Austria,1
Baku,1
Mono,1
Ouémé,1
Lobatse,1
New Brunswick,1
South Kivu,1
Thurgau,1
Hebei,1
Capital District,1
Lower Saxony,1
Saarland,1
Béchar,1
Tizi Ouzou,1
Skikda,1
Annaba,1
Mostaganem,1
Bordj Bou Arréridj,1
Boumerdès,1
Aïn Témouchent,1
Southwest Finland,1
Budapest,1
Delhi,1
Karnataka,1
Uttar Pradesh,1
Lombardy,1
Shizuoka,1
Nairobi County,1
Gharb-Chrarda-Béni Hssen,1
NC-S,1
North Brabant,1
PF-V,1
Kuyavia-Pomerania,1
PM-P,1
Lisbon,1
Vila Real,1
Rostov,1
Smolensk,1
Saint Petersburg,1
Riyadh,1
Eastern,1
Khartoum,1
Skåne,1
Chon Buri,1
Zaghouan,1
Bizerte,1
Gafsa,1
Georgia,1
Indiana,1
Texas,1
Virginia,1
Washington,1
Gauteng,1
