name,visitors,pageviews,bounce_rate,time_on_page,scroll_depth
/es/3.13/tutorial/index.html,544,886,51,122,55
/es/3/tutorial/,317,482,50,132,60
/es/3.13/library/tkinter.html,232,293,75,332,31
/es/3.13/tutorial/datastructures.html,181,232,82,423,41
/es/3.13/tutorial/venv.html,168,198,87,843,58
/es/3.13/tutorial/introduction.html,154,213,75,358,59
/es/3.13/tutorial/interpreter.html,152,211,86,135,69
/es/3.13/library/index.html,143,228,63,159,43
/es/3.13/tutorial/classes.html,138,166,87,558,37
/es/3/tutorial/index.html,134,206,56,172,50
/es/3/,125,181,49,115,77
/es/3.13/,124,168,50,66,75
/es/3.13/tutorial/appetite.html,124,155,61,110,83
/es/3/tutorial/appetite.html,120,141,79,134,88
/es/3.13/installing/index.html,114,124,89,566,63
/es/3.13/library/functions.html,109,151,73,322,34
/es/3/tutorial/interpreter.html,108,148,70,79,78
/es/3.13/tutorial/controlflow.html,106,162,75,370,43
/es/3.13/search.html,87,203,37,105,57
/es/3.13/library/stdtypes.html,83,98,87,322,21
/es/3.13/tutorial/errors.html,81,92,80,296,36
/es/3.13/library/idle.html,77,113,54,301,35
/es/3/tutorial/introduction.html,76,110,68,295,56
/es/3.13/library/datetime.html,75,89,73,294,21
/es/3.13/library/re.html,68,77,75,506,32
/es/3.13/library/random.html,63,77,77,221,27
/es/3/library/index.html,63,87,56,105,44
/es/3/library/stdtypes.html,61,88,67,227,33
/es/3/tutorial/controlflow.html,59,85,65,241,31
/es/3.13/glossary.html,55,64,72,163,43
/es/3.13/tutorial/inputoutput.html,52,63,79,251,42
/es/3.13/library/venv.html,51,54,69,359,38
/es/3/library/json.html,51,63,83,810,19
/es/3.13/library/math.html,50,64,71,277,40
/es/3/library/argparse.html,46,50,69,470,16
/es/3.13/library/csv.html,45,51,84,398,24
/es/3.13/library/tk.html,45,66,45,232,76
/es/dev/tutorial/controlflow.html,45,50,74,249,25
/es/3/glossary.html,44,48,74,265,28
/es/3.13/using/windows.html,43,48,87,392,42
/es/3.13/library/string.html,42,47,71,471,40
/es/3/library/functions.html,41,44,87,273,33
/es/3.13/library/array.html,39,43,84,373,58
/es/3/search.html,39,69,25,93,39
/es/3.13/reference/compound_stmts.html,37,38,81,197,17
/es/3.13/tutorial/modules.html,37,40,68,256,42
/es/3.13/reference/import.html,36,45,50,259,23
/es/3.13/library/tkinter.ttk.html,33,44,77,312,47
/es/3.13/reference/index.html,32,46,29,135,68
/es/3/tutorial/datastructures.html,32,36,81,392,48
/es/3.13/howto/logging.html,30,34,71,457,17
/es/3.13/howto/regex.html,29,30,65,585,36
/es/3.13/index.html,29,69,50,29,79
/es/3/using/cmdline.html,29,33,88,272,39
/es/dev/using/windows.html,29,33,86,143,28
/es/3/library/tkinter.html,27,34,84,,41
/es/3/faq/windows.html,25,32,69,816,63
/es/3.13/contents.html,24,40,38,23,11
/es/3.13/using/editors.html,24,28,69,135,96
/es/3.13/library/turtle.html,23,36,71,754,26
/es/3/genindex-Símbolos.html,23,29,76,48,58
/es/3/tutorial/classes.html,23,30,87,240,42
/es/3.13/howto/sorting.html,22,26,67,469,45
/es/3.13/whatsnew/3.13.html,22,25,100,62,6
/es/3.13/reference/lexical_analysis.html,21,25,88,135,41
/es/3.13/howto/unicode.html,20,20,94,376,36
/es/3.13/library/sys.html,20,21,91,508,11
/es/3/library/statistics.html,20,21,93,551,29
/es/3.13/howto/sockets.html,19,20,88,344,41
/es/3.13/library/collections.html,19,22,73,120,13
/es/3.13/library/intro.html,19,21,50,103,67
/es/3.13/library/pprint.html,19,19,92,15,31
/es/3.13/py-modindex.html,19,27,0,19,36
/es/3.13/reference/executionmodel.html,19,20,86,402,42
/es/3/library/decimal.html,19,20,79,37,7
/es/3.13/download.html,18,25,67,169,92
/es/3.13/library/http.server.html,18,24,60,663,34
/es/3/library/asyncio.html,18,24,47,81,64
/es/3/reference/expressions.html,18,19,67,300,37
/es/3.13/library/__main__.html,17,18,92,615,46
/es/3.13/library/sqlite3.html,17,26,64,1262,23
/es/3.13/tutorial/,17,20,50,28,44
/es/3/library/random.html,17,19,83,262,28
/es/3.13/reference/datamodel.html,16,24,83,124,51
/es/3.13/reference/introduction.html,15,16,0,13,77
/es/3.12/tutorial/index.html,14,22,31,93,69
/es/3.13/library/copy.html,14,14,100,6,65
/es/3.13/library/ftplib.html,14,15,91,61,42
/es/3.13/library/time.html,14,17,100,201,36
/es/3.13/library/xml.etree.elementtree.html,14,17,75,207,16
/es/3.13/tutorial/stdlib.html,14,16,67,197,62
/es/3.14/,14,17,100,11,75
/es/3/installing/index.html,14,18,82,178,50
/es/3/library/base64.html,14,15,86,48,43
/es/3/library/functools.html,14,18,55,213,50
/es/3/tutorial/modules.html,14,15,100,168,56
/es/3/tutorial/stdlib.html,14,15,80,19,59
/es/dev/library/abc.html,14,24,75,616,67
/es/3.13/library/calendar.html,13,14,57,30,32
/es/3.13/library/multiprocessing.html,13,13,75,12,19
