name,visitors,pageviews,bounce_rate,time_on_page,scroll_depth
/tr/3.13/,19,18,33,16,83
/tr/3/tutorial/index.html,18,21,56,21,55
/tr/3.13/tutorial/index.html,15,21,75,15,26
/tr/3/installing/index.html,13,15,75,110,62
/tr/3/,11,11,70,12,69
/tr/3.13/search.html,9,14,0,10,49
/tr/3.13/using/windows.html,9,8,75,10,12
/tr/3.13/tutorial/controlflow.html,8,6,100,11,9
/tr/3.13/library/index.html,6,7,50,12,17
/tr/3.13/tutorial/appetite.html,6,5,100,17,67
/tr/3.13/tutorial/datastructures.html,5,6,50,27,24
/tr/3.13/tutorial/introduction.html,5,4,0,139,55
/tr/3/tutorial/appetite.html,5,4,100,28,69
/tr/3.13/tutorial/interpreter.html,4,3,0,59,100
/tr/3.13/tutorial/,3,3,100,31,36
/tr/3.13/whatsnew/3.13.html,3,4,0,22,9
/tr/3/glossary.html,3,2,100,28,26
/tr/3/library/functions.html,3,3,67,32,26
/tr/3/library/wave.html,3,5,33,107,18
/tr/3/tutorial/controlflow.html,3,2,0,30,16
/tr/3/tutorial/interpreter.html,3,2,0,23,70
/tr/3.12/library/tk.html,2,2,0,4,63
/tr/3.13/contents.html,2,2,100,26,1
/tr/3.13/extending/embedding.html,2,1,0,4,14
/tr/3.13/glossary.html,2,1,0,21,37
/tr/3.13/index.html,2,2,100,8,99
/tr/3.13/library/functions.html,2,4,100,,
/tr/3.13/library/math.html,2,1,0,32,14
/tr/3.13/library/tkinter.html,2,2,0,5,5
/tr/3.14/,2,2,0,11,57
/tr/3.14/search.html,2,11,0,16,100
/tr/3/search.html,2,1,0,18,100
/tr/3/tutorial/errors.html,2,2,100,49,71
/tr/3/tutorial/introduction.html,2,1,0,29,15
/tr/3.12/glossary.html,1,1,100,,
/tr/3.12/installing/index.html,1,1,100,12,100
/tr/3.12/library/tkinter.html,1,1,100,9,33
/tr/3.13/installing/index.html,1,1,0,373,100
/tr/3.13/library/cmd.html,1,1,0,13,14
/tr/3.13/library/heapq.html,1,1,0,,
/tr/3.13/library/idle.html,1,1,100,13,14
/tr/3.13/library/random.html,1,1,0,29,14
/tr/3.13/library/stdtypes.html,1,1,0,154,31
/tr/3.13/library/time.html,1,1,0,11,4
/tr/3.13/library/venv.html,1,1,100,11,23
/tr/3.13/reference/datamodel.html,1,1,0,3,1
/tr/3.13/whatsnew/3.9.html,1,1,0,11,13
/tr/3.15/,1,1,100,4,71
/tr/3.15/contents.html,1,1,0,36,21
/tr/3.15/download.html,1,1,0,6,100
/tr/3.15/whatsnew/3.15.html,1,2,0,1,16
/tr/3/download.html,1,1,100,4,100
/tr/3/library/asyncio.html,1,1,100,,
/tr/3/library/index.html,1,1,0,2,12
/tr/3/library/intro.html,1,1,0,,
/tr/3/library/urllib.html,1,1,0,3,90
/tr/3/library/zlib.html,1,1,100,,
/tr/3/tutorial/classes.html,1,1,100,24,6
/tr/3/tutorial/inputoutput.html,1,1,100,2,7
/tr/3/tutorial/modules.html,1,1,100,,
/tr/3/whatsnew/changelog.html,1,1,0,0,0
