name,visitors
Paris,173
London,170
Frankfurt am Main,163
Munich,149
Singapore,147
Tokyo,138
Amsterdam,124
New York City,118
Chicago,113
Warsaw,107
Los Angeles,106
Madrid,101
Toronto,100
San Jose,96
Moscow,95
Berlin,87
Milan,82
Vienna,81
Istanbul,77
Hong Kong,76
Beijing,75
Zürich,72
Bengaluru,70
Sydney,68
Hanoi,61
São Paulo,60
Prague,59
Reston,59
Melbourne,57
Ashburn,56
Manchester,55
Taipei,52
Dublin,50
Budapest,50
Hyderabad,49
Shanghai,49
Brussels,49
Saint Petersburg,47
Stuttgart,47
Montréal,43
Helsinki,42
Kyiv,41
Ho Chi Minh City,41
Atlanta,41
Tel Aviv,40
Cairo,40
Jakarta,40
Lisbon,40
Stockholm,40
Düsseldorf,40
Denver,40
Mumbai,38
Hamburg,38
Seattle,38
Barcelona,36
San Francisco,35
Guangzhou,34
Rome,34
Bangkok,33
Seoul,33
Vancouver,33
Chennai,32
Oslo,32
Bucharest,31
Bogotá,31
Pune,29
Köln,29
Kraków,29
Athens,28
Johannesburg,28
Chengdu,28
Lagos,28
Copenhagen,28
Wrocław,28
Poznań,28
Rio de Janeiro,27
Portland,27
Ottawa,27
Marseille,26
Pittsburgh,26
Kolkata,25
Santiago,25
Miami,25
Boston,25
N/A,25
Hangzhou,24
Brisbane,24
Porto,24
Bratislava,24
Boardman,24
Belgrade,23
Columbus,23
Nairobi,22
Tunis,22
Dallas,22
Minneapolis,22
Dubai,21
New Delhi,21
Wuhan,21
Rotterdam,21
Nürnberg,21
N/A,21
Ankara,20
Perth,20
Casablanca,20
Cambridge,20
Fortaleza,20
N/A,20
Philadelphia,20
Houston,20
Riyadh,19
Birmingham,19
Austin,19
Brooklyn,19
Sofia,18
Islamabad,18
Taichung,18
Nanjing,18
Auckland,18
Valencia,18
Gent,18
Essen,18
N/A,18
Lima,18
Nizhniy Novgorod,17
Osaka,17
Newcastle upon Tyne,17
Brasília,17
Washington,17
Raleigh,17
San Diego,17
Addis Ababa,16
Kuala Lumpur,16
Shenzhen,16
Haarlem,16
Leipzig,16
Bochum,16
Lyon,16
Baltimore,16
Santa Clara,16
Yerevan,15
Xi’an,15
Łódź,15
Sanaa,14
Minsk,14
Tampere,14
Karachi,14
Colombo,14
Yekaterinburg,14
Manila,14
Southampton,14
Sheffield,14
Oxford,14
Utrecht,14
Mannheim,14
Medellín,14
Redmond,14
Calgary,14
Kampala,13
Krasnodar,13
Lahore,13
Nagpur,13
Ahmedabad,13
Quezon City,13
N/A,13
Lausanne,13
Göteborg,13
Karlsruhe,13
Toulouse,13
Gdańsk,13
Cape Town,13
Mexico City,13
Charlotte,13
Cambridge,13
Phoenix,13
The Dalles,13
Riga,12
Delhi,12
Nur-Sultan,12
Bandung,12
Bern,12
Delft,12
Graz,12
Bonn,12
Zagreb,12
Ljubljana,12
Gustavo Adolfo Madero,12
N/A,12
Salt Lake City,12
Baghdad,11
Tallinn,11
N/A,11
Accra,11
Kensington,11
Edinburgh,11
Barnet,11
Antwerpen,11
Ulm,11
Bologna,11
Camden Town,11
Salvador,11
Goiânia,11
Indianapolis,11
Laurel,11
San Antonio,11
Dammam,10
Amman,10
Abu Dhabi,10
Perm,10
Thessaloníki,10
Bhubaneshwar,10
Surabaya,10
Zhengzhou,10
Adelaide,10
Algiers,10
Leeds,10
Fulham,10
Bristol,10
Bath,10
Würzburg,10
Heidelberg,10
Augsburg,10
Turin,10
Recife,10
Buenos Aires,10
St. Louis,10
Plano,10
Sunnyvale,10
Burnaby,10
Edmonton,10
Mississauga,10
Jeddah,9
Alexandria,9
Espoo,9
Košice,9
Coimbatore,9
Tashkent,9
Almaty,9
Taoyuan,9
Tianjin,9
Lanzhou,9
N/A,9
N/A,9
Wandsworth,9
Slough,9
Nottingham,9
Sundbyberg,9
Eindhoven,9
Bremen,9
Vincennes,9
Brno,9
Aachen,9
Reykjavík,9
Montevideo,9
Santo André,9
Curitiba,9
Belo Horizonte,9
Jacksonville,9
Columbia,9
Columbia,9
Washington,9
Milwaukee,9
Berkeley,9
Davis,9
Çankaya,9
Tehran,8
Petaẖ Tiqwa,8
Bursa,8
Surat,8
Jaipur,8
Krasnoyarsk,8
Christchurch,8
Abuja,8
N/A,8
Milton Keynes,8
Hounslow,8
Cardiff,8
Bradford,8
The Hague,8
Hannover,8
Freiburg,8
Rennes,8
Bordeaux,8
Bilbao,8
Coyoacán,8
Tampa,8
Silver Spring,8
Knoxville,8
Nashville,8
Council Bluffs,8
Oakland,8
Albuquerque,8
Brampton,8
Lambeth,8
N/A,8
N/A,8
Jerusalem,7
İzmir,7
Voronezh,7
Kazan,7
