name,visitors,bounce_rate,visit_duration
google.com,5379,82,72
pypi.org,4043,79,71
Direct / None,3050,71,105
jupyter.org,462,76,87
docs.python.org,350,76,140
bing.com,247,85,118
pip.pypa.io/en/stable,228,67,99
duckduckgo.com,213,82,113
pip.pypa.io/en/stable/installation,152,76,66
search.brave.com,135,74,78
docs.astral.sh,106,78,118
yandex.ru,89,90,16
peps.python.org,76,71,148
ecosia.org,49,83,125
statics.teams.cdn.office.net,46,85,46
ai.google.dev,38,81,58
pip.pypa.io,36,69,102
github.com,28,90,48
test.pypi.org,25,64,99
google.com.hk,23,95,27
pip.pypa.io/en/stable/getting-started,20,79,150
qwant.com,17,100,0
cn.bing.com,16,82,117
pip.pypa.io/en/latest,16,56,105
chatgpt.com,15,75,148
discuss.python.org,14,71,250
huggingface.co,13,100,0
pypa.io/en/latest,13,46,53
devdocs.ms.com,12,93,1
snarky.ca/why-it-took-4-years-to-get-a-lock-files-specification,12,92,0
builtin.com,10,100,0
pip.pypa.io/en/stable/reference/requirement-specifiers,10,30,47
android-app://com.linkedin.android,9,67,40
perplexity.ai,9,67,29
pip.pypa.io/en/latest/installation,9,50,114
link.csdn.net,8,88,2
python-poetry.org,8,100,0
upload.pypi.org,8,67,84
docs.ansible.com,7,86,5
google.fr,7,100,0
moodle.uni-ulm.de,7,29,269
roadmap.sh,7,100,0
youtube.com,7,67,92
github.com/pypa/pip,6,67,403
setuptools.pypa.io/en/latest/userguide/pyproject_config.html,6,67,293
ya.ru,6,100,0
launchpad.net,5,80,38
pip.pypa.io/en/latest/getting-started,5,83,172
pypa.io,5,25,37
python.org,5,80,10
twine.readthedocs.io/en/stable,5,60,100
yandex.ru/search,5,60,128
airflow.apache.org,4,100,0
app.readthedocs.org,4,0,80
confluence.qualcomm.com,4,100,0
github.com/astral-sh/uv/issues/7132,4,100,0
github.com/id8-engineering/python-em511/issues/18,4,56,271
github.com/mkniewallner/migrate-to-uv,4,100,0
google.ch,4,75,114
google.de,4,50,72
google.ie,4,100,0
jfrog.com,4,25,16
linkedin.com,4,100,0
lms.midocean.ae,4,67,2
pixi.sh,4,75,30
pygraphviz.github.io,4,100,0
pypi.com.cn,4,100,0
qiita.com,4,50,63
realpython.com,4,75,4
robotframework.org,4,75,9
scipy.org,4,75,11
search.yahoo.com,4,100,0
blog.miniasp.com,3,100,0
claude.ai,3,67,2
cloud.google.com,3,100,0
doc.qt.io,3,75,466
docs.pypi.org/api/bigquery,3,67,536
docs.pytest.org/en/stable/explanation/goodpractices.html,3,67,288
docs.unity3d.com,3,100,0
freecodecamp.org/news/how-to-create-and-upload-your-first-python-package-to-pypi,3,50,176
gemini.google.com,3,100,0
github.com/GuilleDiazFentanes/AutoClaim-AutoRoll-AutoReact-MudaeBot-2025,3,0,546
github.com/astral-sh/uv/issues/5903,3,100,0
github.com/fpgmaas/cookiecutter-uv,3,100,0
github.com/marrink-lab/vermouth-martinize,3,100,0
github.com/pypa/sampleproject,3,100,0
google.co.in,3,50,67
google.co.uk,3,100,0
google.com.au,3,80,1
google.ru,3,100,0
jupyter.org/install,3,67,2
learn.scientific-python.org,3,67,1
npsg-internal-tools.gitlab-pages.devtools.elements.local,3,100,0
packaging.pypa.io/en/stable/version.html,3,100,0
pip.pypa.io/en/stable/cli/pip_install,3,100,0
pydevtools.com,3,67,2
pypistats.org,3,0,445
safe.menlosecurity.com,3,100,0
search.naver.com,3,100,0
setuptools.pypa.io/en/latest/userguide/quickstart.html,3,67,14
sphinx-doc.org/en/master/usage/installation.html,3,67,36
usnews.atlassian.net,3,75,500
android-app://com.reddit.frontpage,2,100,0
ansible.readthedocs.io/projects/ansible-core/devel/installation_guide/intro_installation.html,2,50,69
athena.alxafrica.com,2,100,0
aubio.org,2,33,305
backend.pdm-project.org,2,50,6
bitbucket.org,2,100,0
build.pypa.io/en/stable,2,50,520
bytedance.larkoffice.com,2,100,0
campusgrado.fi.uba.ar,2,100,0
cc-github.bmwgroup.net,2,100,0
collegelms.southville.edu.ph,2,75,421
confluence.fmr.com,2,100,0
confluence.predictivetechnologies.com,2,50,8
cython.readthedocs.io/en/latest/src/quickstart/build.html,2,50,312
dev.azure.com,2,100,0
developers.google.com,2,100,0
devguide.python.org/documentation/start-documenting,2,50,1
docs.acconeer.com/en/latest/getting_started/setting_up_and_running_et.html,2,50,24
docs.lumi-supercomputer.eu,2,100,0
docs.pex-tool.org,2,50,106
docs.pypi.org/api/index-api,2,100,0
docs.pypi.org/project_metadata,2,0,9
docs.pytest.org/en/latest/explanation/goodpractices.html,2,50,94
docs.pytest.org/en/stable/reference/reference.html,2,100,0
docs.python.org/3.11/installing/index.html,2,50,6
github.com/HEPData/hepdata_lib,2,100,0
github.com/SigmaHQ/cookiecutter-pySigma-backend,2,100,0
github.com/alastairrushworth/free-data-science,2,50,12
github.com/larose/utt/blob/master/docs/PLUGINS.md,2,50,554
github.com/lumenvox/speech-sample-python,2,100,0
github.com/mikechabot/smtp-email-spoofer-py,2,100,0
github.com/robotframework/robotframework/blob/master/INSTALL.rst,2,100,0
github.com/uva-cs3240-f25/team-project-information/blob/main/docs/tech_stack.md,2,100,0
google.at,2,0,984
google.com.br,2,100,0
hatch.pypa.io,2,100,0
help.tableau.com,2,100,0
in.search.yahoo.com,2,100,0
infoworld.com,2,100,0
jetbrains.com,2,100,0
jinja.palletsprojects.com/en/stable/intro,2,100,0
keep.google.com,2,0,0
m.baidu.com/s,2,100,0
moodle.uni-weimar.de,2,100,0
networkx.org,2,100,0
news.ycombinator.com,2,100,0
notion.so,2,100,0
overleaf.com,2,100,0
paramiko.org/installing.html,2,50,376
pip.pypa.io/en/stable/index.html,2,100,0
pipx.pypa.io/stable/installation,2,100,0
population.un.org,2,100,0
privacywall.org,2,100,0
pyarmor.readthedocs.io,2,50,82
pyarmor.readthedocs.io/zh/latest/tutorial/getting-started.html,2,50,30
pyspice.fabrice-salvaire.fr,2,100,0
search.lilo.org,2,50,17
servicedesk.aktion-mensch.de,2,0,0
setuptools.pypa.io/en/latest/userguide/miscellaneous.html,2,100,0
sso.st.com,2,100,0
stackoverflow.com,2,100,0
strandsagents.com,2,100,0
validate-pyproject.readthedocs.io/en/latest/api/validate_pyproject.formats.html,2,100,0
vigilant-carnival-pjrpg5r5jqjf794g.github.dev,2,0,110
wiki.one.int.sap,2,50,564
yandex.by,2,100,0
192.168.1.12,1,100,0
94.aihub.krylov.vip.ebay.com,1,100,0
a594042-a973-3116ed69.bjb1.seetacloud.com,1,100,0
a778954-89db-ffd7da55.westb.seetacloud.com,1,100,0
aiida.readthedocs.io/projects/aiida-core/en/stable/howto/plugins_develop.html,1,100,0
ansible-cmdb.readthedocs.io/en/latest/installation,1,100,0
atc.bmwgroup.net,1,100,0
auc-word-view.officeapps.live.com,1,100,0
betterscientificsoftware.github.io,1,0,0
bing.com/search,1,100,0
bitbucket.cib.echonet,1,100,0
bitbucket.intranet.commerzbank.com,1,100,0
blog.claude.nl,1,100,0
blog.datatraininglab.com/how-to-create-and-publish-your-own-python-package-8e4f3fd70506,1,100,0
blog.uzimihsr.com,1,100,0
booking.atlassian.net,1,100,0
canlidovizfiyatlari.com,1,100,0
cantera.org,1,100,0
capgemini.udemy.com,1,100,0
card-danube-kf-ue1.cloud.capitalone.com,1,100,0
cedt-icg-bitbucket.nam.nsroot.net,1,100,0
chat.baidu.com,1,100,0
chat.qwen.ai/c/5835bffb-b5d0-4b1d-868f-3ac1498fcbe2,1,100,0
chatgpt.app.intern.rossmann.de,1,100,0
citadel.gitlab-pages.jhuapl.edu,1,100,0
clipsai.com,1,100,0
cloudskillsboost.google,1,100,0
cnblogs.com,1,100,0
confluence-eu.sec.samsung.net,1,100,0
confluence.cec.lab.emc.com,1,100,0
confluence.intramundi.com,1,100,0
confluence.nvidia.com,1,0,250
confluence.o3.ru,1,100,0
confluence.prod.aws.jpmchase.net,1,0,138
copilot.microsoft.com,1,100,0
cs50.readthedocs.io/pip,1,100,0
cython.readthedocs.io/en/stable/src/quickstart/build.html,1,100,0
d2l.sfasu.edu,1,100,0
deeplearning-jupyterbook.github.io,1,100,0
dev.mysql.com,1,100,0
developer.internal.siemens.com,1,100,0
developer.tobiipro.com,1,100,0
developers.circle.com,1,100,0
developers.google.cn,1,100,0
devsjc.github.io,1,0,2003
dnmtechs.com,1,100,0
doc.courtbouillon.org,1,100,0
doc.courtbouillon.org/weasyprint/stable/first_steps.html,1,100,0
docai-platform.test.aws.jpmchase.net,1,100,0
docs.arduino.cc,1,100,0
docs.cloudera.com,1,100,0
docs.conda.io/projects/conda-build/en/stable,1,100,0
docs.isaacsim.omniverse.nvidia.com,1,100,0
docs.kedro.org,1,100,0
docs.opensource.microsoft.com,1,100,0
docs.pypi.org,1,0,6
docs.pypi.org/api,1,100,0
docs.pypi.org/api/upload,1,0,227
docs.pytest.org,1,0,213
docs.pytest.org/en/7.1.x/explanation/goodpractices.html,1,100,0
docs.python.org/3.12/installing/index.html,1,100,0
docs.python.org/3.14/installing/index.html,1,100,0
docs.python.org/3/installing/index.html,1,100,0
docs.python.org/zh-cn/3.13/tutorial/venv.html,1,100,0
docs.python.org/zh-cn/3.14/installing,1,100,0
docs.python.org/zh-cn/3/installing/index.html,1,0,23
docs.pytorch.org,1,100,0
docs.renovatebot.com,1,100,0
docs.sqlalchemy.org,1,100,0
docs.zephyrproject.org,1,100,0
dsext001-eu1-215dsi0708-3dswym.3dexperience.3ds.com,1,100,0
dsext001-eu1-215dsi0708-ifwe.3dexperience.3ds.com,1,100,0
ecs-workbench.aliyun.com,1,100,0
engage.bath.ac.uk,1,100,0
engineering.fr24.dev,1,100,0
enneagramcoach.pl,1,100,0
eu-west-1.quicksight.aws.amazon.com,1,100,0
euc-onenote.officeapps.live.com,1,100,0
facedancer.readthedocs.io,1,100,0
flask-wtf.readthedocs.io/en/1.2.x/install,1,100,0
flask.palletsprojects.com,1,100,0
flask.palletsprojects.com/en/stable/cli,1,100,0
flask.palletsprojects.com/en/stable/tutorial/install,1,100,0
forum.derivative.ca,1,100,0
forums.developer.nvidia.com,1,100,0
freecodecamp.org,1,0,73
girder.readthedocs.io/en/stable/plugin-development.html,1,100,0
github.com/AI-Hypercomputer/xpk,1,100,0
github.com/AI-Hypercomputer/xpk/tree/main,1,100,0
github.com/ClaudeCoulombe/FrenchLefffLemmatizer,1,100,0
github.com/DataRootUniversity/ds-fundamentals/blob/master/snake-project/DOC.md,1,100,0
github.com/FredrikM97/py-surepetcare/pull/113,1,100,0
github.com/InfinityDivided/P4-Uasset-Editor-v2,1,100,0
github.com/JSBSim-Team/jsbsim,1,100,0
github.com/LalatenduMohanty/learning-fromager,1,100,0
github.com/OpenDroneMap/PyODM,1,100,0
github.com/RadicalxChange/rxc-voice,1,100,0
github.com/Unity-Technologies/ml-agents/blob/develop/docs/Installation.md,1,100,0
github.com/ahnitz/phy-607-2025/blob/main/class_notes/projects/project2.md,1,100,0
github.com/astral-sh/uv/issues/6302,1,100,0
github.com/astral-sh/uv/issues/7429,1,100,0
github.com/astral-sh/uv/issues/8591,1,0,751
github.com/bennomeier/spinthon,1,100,0
github.com/bokeh/bokeh/issues/14434,1,100,0
github.com/chroma-core/chroma/blob/main/DEVELOP.md,1,100,0
github.com/cmusatyalab/gabriel/tree/master/examples,1,100,0
github.com/fpgmaas/cookiecutter-uv/tree/main,1,0,140
github.com/kienerj/pycdxml,1,100,0
github.com/kylebarron/arro3/tree/pyodide-v0.26.2-arro3-v0.4.0,1,100,0
github.com/muety/pyquadkey2,1,100,0
github.com/murali-group/BEELINE,1,100,0
github.com/nedbat/pkgsample,1,100,0
github.com/pyiron/decisions/pull/16,1,100,0
github.com/pypa/packaging-problems/issues/447,1,0,231
github.com/pypa/packaging-problems/issues/563,1,0,631
github.com/pypa/packaging-problems/issues/564,1,100,0
github.com/pypa/packaging-problems/issues/615,1,100,0
github.com/pypa/pip/issues/12063,1,100,0
github.com/pypa/sampleproject/tree/main,1,0,94
github.com/pypa/setuptools/issues/4971,1,100,0
github.com/pypi/warehouse/issues/17868,1,100,0
github.com/pypi/warehouse/issues/4036,1,100,0
github.com/sepandhaghighi/samila,1,100,0
github.com/sqlalchemy/mako/issues/420,1,100,0
github.com/sunblaze-ucb/rl-generalization,1,100,0
github.com/swyxio/report-env,1,0,448
github.com/tomashanacek/mock-server,1,100,0
github.com/ttomobile/project-template/pull/6,1,100,0
github.com/ucsc-cse-40/HO0,1,100,0
github.com/vlachoudis/bCNC/wiki/Installation,1,100,0
github.com/wechaty/python-wechaty,1,100,0
github.com/zyn3rgy/LdapRelayScan,1,0,204
