name,visitors
Tokyo,127
California,108
England,106
Guangdong,74
Île-de-France,63
New York,56
Virginia,56
Shanghai,53
Beijing,45
Ho Chi Minh City,44
Moscow,41
Hesse,40
Texas,40
North Rhine-Westphalia,39
Tamil Nadu,37
Telangāna,37
Maharashtra,35
Ontario,34
Zhejiang,34
Hanoi,32
Bavaria,31
Karnataka,31
Vienna,29
Delhi,29
North Holland,27
Washington,27
Madrid Autonomous Community,26
Illinois,26
Seoul,25
Mazovia,24
São Paulo,23
Sichuan,22
Jiangsu,21
Tel Aviv,21
Colorado,21
Saint Petersburg,20
Uttar Pradesh,19
Baden-Württemberg,18
Osaka,18
Florida,18
Massachusetts,18
Taipei,17
Kyiv,17
Quebec,16
Shandong,16
Tianjin,16
Hunan,15
New Jersey,15
Henan,14
Budapest,14
Kerala,14
Kanagawa,14
South Holland,14
Flanders,13
Auvergne-Rhône-Alpes,13
Georgia,13
Hubei,12
Shaanxi,12
Saxony,12
Uusimaa,12
Lazio,12
Greater Poland,12
Arizona,12
Berlin,11
Provence-Alpes-Côte-d'Azur,11
Jakarta,11
Lombardy,11
Bishkek,11
Maryland,11
North Carolina,11
Zürich,10
Lower Saxony,10
Catalonia,10
Gujarat,10
Gyeonggi,10
Punjab,10
Stockholm,10
Rio de Janeiro,9
Antioquia,9
Addis Ababa,9
Almaty City,9
Västra Götaland,9
Ohio,9
Pennsylvania,9
Utah,9
Brussels,8
Paraná,8
Hebei,8
Capital Region,8
Leinster,8
Andhra Pradesh,8
Lagos,8
Samara,8
Sverdlovsk,8
Lvivshchyna,8
Minnesota,8
Buenos Aires Province,7
Espírito Santo,7
British Columbia,7
Fujian,7
Prague,7
Cairo,7
Occitanie,7
Pays-de-la-Loire,7
Aichi,7
Lisbon,7
Gauteng,7
Queensland,6
Victoria,6
Rio Grande do Sul,6
Liaoning,6
Zagreb,6
Haryana,6
West Bengal,6
Hormozgan,6
Chiba,6
Phnom Penh,6
Trøndelag,6
Songkhla,6
Kaohsiung,6
Taichung,6
Kharkivshchyna,6
Oklahoma,6
Oregon,6
Tashkent,6
Da Nang,6
New South Wales,5
Minas Gerais,5
Minsk,5
Gansu,5
Capital District,5
Hamburg,5
Emilia-Romagna,5
Saitama,5
Fukuoka,5
Ciudad de Mexico,5
Jalisco,5
North Brabant,5
Lower Silesia,5
Lesser Poland,5
Beograd,5
Khanty-Mansi,5
Saratov,5
Tatarstan,5
Östergötland,5
Ankara,5
Taoyuan,5
Tennessee,5
Bắc Ninh,5
Córdoba,4
Sofia,4
Ceará,4
Federal District,4
Santa Catarina,4
Alberta,4
Bremen,4
Grand-Est,4
Tbilisi,4
Kwai Tsing New Territories,4
Sha Tin New Territories,4
Tsuen Wan New Territories,4
Virovitica-Podravina,4
Northern,4
Piedmont,4
Ibaraki,4
Nairobi County,4
Western,4
Federal Capital Territory,4
Auckland,4
Lima Region,4
Silesia,4
Moscow Province,4
Nizhny Novgorod,4
Tyumen,4
Skåne,4
Tunis,4
Dnipropetrovshchyna,4
Connecticut,4
Washington DC,4
Iowa,4
Indiana,4
Michigan,4
Missouri,4
New Mexico,4
South Carolina,4
Thái Nguyên,4
Dubai,3
Entre Ríos,3
Tyrol,3
South Australia,3
Western Australia,3
Amazonas,3
Bern,3
Geneva,3
Santiago Metropolitan,3
Guizhou,3
Plzeň,3
Rhineland-Palatinate,3
Pichincha,3
Murcia Region,3
Central and Western Hong Kong Island,3
Rajasthan,3
Apulia,3
Kyoto,3
Daejeon,3
Rabat-Salé-Zemmour-Zaer,3
Nuevo León,3
Puebla,3
Kuala Lumpur,3
Muscat,3
Lima,3
Islamabad,3
Sindh,3
Aveiro,3
Chelyabinsk,3
Irkutsk,3
Kurgan,3
Perm Krai,3
Yaroslavl,3
Vinnychchyna,3
Sevastopol,3
Gia Lai,3
Abu Dhabi,2
Sharjah,2
Misiones,2
Centre,2
La Paz,2
Pará,2
Aargau,2
Basel-Stadt,2
St. Gallen,2
Solothurn,2
Zug,2
Abidjan,2
Libertador General Bernardo O'Higgins,2
Anhui,2
Chongqing,2
Jiangxi,2
Yunnan,2
Caldas,2
Santander,2
Limassol,2
Central Bohemia,2
Ústí nad Labem,2
South Moravia,2
Moravia-Silesia,2
Brandenburg,2
Saarland,2
Guayas,2
Harjumaa,2
Andalusia,2
Aragon,2
Castile and León,2
Valencian Community,2
Brittany,2
Hauts-de-France,2
Normandie,2
Northern Ireland,2
Greater Accra,2
Wan Chai Hong Kong Island,2
Kowloon City Kowloon,2
Tolna,2
West Java,2
East Java,2
Central,2
Bihar,2
Odisha,2
Uttarākhand,2
Sulaymaniyah,2
Veneto,2
Tuscany,2
Umbria,2
Hokkaido,2
Miyagi,2
Akita,2
Nagano,2
Shizuoka,2
Mie,2
Hyogo,2
Incheon,2
North Jeolla,2
Luxembourg,2
Veracruz,2
Yucatán,2
Oslo,2
Innlandet,2
Bicol,2
Lublin,2
West Pomerania,2
Cluj,2
Krasnodar Krai,2
Kaliningrad,2
Karelia,2
Novosibirsk,2
Rostov,2
Volgograd,2
Voronezh,2
Zabaykalsky Krai,2
Makkah,2
Jönköping,2
