name,visitors
United States,3052
Germany,1203
China,952
United Kingdom,923
India,861
France,683
Russian Federation,480
Brazil,376
Japan,363
Canada,362
Netherlands,336
Poland,325
Italy,324
Spain,298
Australia,274
Singapore,253
Hong Kong,248
Switzerland,184
Indonesia,182
Sweden,174
South Korea,170
Turkey,166
Taiwan,165
Mexico,146
Austria,134
Vietnam,126
Czechia,120
Finland,109
Belgium,102
Denmark,88
Iran,88
Norway,87
Pakistan,84
Philippines,82
Thailand,82
Ukraine,82
Israel,81
Portugal,79
Argentina,65
Greece,62
Ireland,60
South Africa,60
Egypt,59
Romania,59
Colombia,58
Hungary,58
Malaysia,57
Algeria,48
Chile,46
United Arab Emirates,45
Nigeria,43
Saudi Arabia,40
Morocco,36
Bangladesh,35
Peru,30
Kazakhstan,29
Serbia,28
Slovakia,28
Tunisia,27
Kenya,26
New Zealand,24
Belarus,23
Sri Lanka,23
Croatia,22
Latvia,20
Cyprus,18
Ecuador,17
Bulgaria,16
Uzbekistan,15
Iraq,14
Venezuela,14
Yemen,14
Jordan,13
Slovenia,13
Costa Rica,12
Georgia,12
Lithuania,12
Estonia,11
Cambodia,10
Uganda,10
Ethiopia,9
Ghana,9
Lebanon,9
Luxembourg,9
Madagascar,9
Qatar,9
Dominican Republic,8
Kyrgyzstan,8
Albania,7
Armenia,7
Laos,7
El Salvador,7
Uruguay,7
Benin,6
Moldova,6
Montenegro,6
Nepal,6
Oman,6
Senegal,6
Tanzania,6
Bolivia,5
Côte d'Ivoire,5
Cameroon,5
Honduras,5
Iceland,5
Myanmar,5
Puerto Rico,5
Trinidad and Tobago,5
Azerbaijan,4
Bosnia and Herzegovina,4
"Congo, The Democratic Republic of the",4
Gabon,4
Kuwait,4
Panama,4
Réunion,4
Sierra Leone,4
Zimbabwe,4
Andorra,3
Afghanistan,3
Bhutan,3
Cuba,3
Macao,3
Malta,3
"Palestine, State of",3
Burkina Faso,2
Bahrain,2
Guatemala,2
Guyana,2
Jamaica,2
Liberia,2
Monaco,2
North Macedonia,2
Mongolia,2
Malawi,2
Nicaragua,2
Rwanda,2
Seychelles,2
Sudan,2
Timor-Leste,2
Kosovo,2
Angola,1
Botswana,1
Congo,1
Isle of Man,1
Kiribati,1
Mali,1
Martinique,1
Maldives,1
Mozambique,1
Namibia,1
Niger,1
Saint Pierre and Miquelon,1
Paraguay,1
Syria,1
Eswatini,1
Mayotte,1
Zambia,1
