name,visitors,pageviews,bounce_rate,time_on_page,scroll_depth
/pt-br/3/,133,165,50,14,78
/pt-br/3/tutorial/index.html,106,128,71,70,54
/pt-br/3.13/,102,121,41,20,74
/pt-br/3/library/venv.html,96,102,89,54,34
/pt-br/3/tutorial/,94,130,62,41,60
/pt-br/3.13/library/index.html,89,85,64,49,40
/pt-br/3.13/search.html,85,131,53,44,57
/pt-br/3/tutorial/datastructures.html,66,65,81,47,44
/pt-br/3.13/tutorial/index.html,65,65,67,78,57
/pt-br/3/tutorial/controlflow.html,64,70,80,85,29
/pt-br/3.13/library/tkinter.html,56,63,67,69,36
/pt-br/3/library/stdtypes.html,56,61,91,95,26
/pt-br/3/tutorial/introduction.html,52,53,81,103,55
/pt-br/3/library/functions.html,45,53,85,121,30
/pt-br/3/tutorial/classes.html,42,43,81,113,46
/pt-br/3/tutorial/interpreter.html,42,49,78,40,70
/pt-br/3.13/library/functions.html,38,37,85,55,28
/pt-br/3/library/math.html,37,39,82,40,34
/pt-br/3/search.html,35,43,64,19,40
/pt-br/3/tutorial/appetite.html,35,33,40,95,77
/pt-br/3.13/tutorial/interpreter.html,33,42,100,40,63
/pt-br/3.13/library/random.html,32,26,64,77,35
/pt-br/3/library/string.html,32,32,88,30,38
/pt-br/3/library/index.html,30,31,47,52,42
/pt-br/3/library/random.html,30,30,88,39,52
/pt-br/3/tutorial/errors.html,30,30,88,72,38
/pt-br/dev/library/venv.html,30,31,88,38,45
/pt-br/3.13/library/datetime.html,29,27,88,57,26
/pt-br/3.13/tutorial/introduction.html,27,33,67,107,50
/pt-br/3/using/cmdline.html,25,23,73,137,36
/pt-br/3.13/index.html,24,19,80,16,72
/pt-br/3.13/py-modindex.html,24,23,50,17,30
/pt-br/3/library/os.html,24,22,90,26,13
/pt-br/3.13/library/tk.html,22,27,56,30,62
/pt-br/3.13/tutorial/appetite.html,22,25,40,70,84
/pt-br/3.13/tutorial/controlflow.html,21,24,75,70,40
/pt-br/3/howto/logging.html,21,18,88,135,33
/pt-br/3/using/windows.html,21,21,79,41,38
/pt-br/3.13/library/math.html,20,17,50,55,58
/pt-br/3/library/csv.html,20,22,83,82,37
/pt-br/3/tutorial/inputoutput.html,20,20,83,47,34
/pt-br/3.13/library/stdtypes.html,19,22,55,102,22
/pt-br/3.13/tutorial/datastructures.html,19,21,80,157,35
/pt-br/dev/library/tkinter.html,19,18,71,43,42
/pt-br/3.13/contents.html,18,17,0,23,5
/pt-br/3/glossary.html,17,14,40,119,37
/pt-br/3.13/whatsnew/3.13.html,16,12,100,27,14
/pt-br/3/library/os.path.html,16,13,83,33,53
/pt-br/3.13/library/json.html,15,11,57,41,49
/pt-br/3/library/re.html,15,18,67,63,17
/pt-br/3/tutorial/modules.html,15,15,100,53,41
/pt-br/3.13/library/statistics.html,14,15,92,79,33
/pt-br/3/reference/compound_stmts.html,14,12,67,259,33
/pt-br/3.13/library/intro.html,13,9,0,12,70
/pt-br/3/reference/index.html,13,16,67,27,65
/pt-br/3/whatsnew/3.13.html,13,13,40,154,13
/pt-br/3/library/__main__.html,12,12,91,81,40
/pt-br/3/py-modindex.html,12,11,25,17,46
/pt-br/3.13/download.html,11,9,100,17,89
/pt-br/3.13/glossary.html,11,14,86,116,47
/pt-br/3.13/library/idle.html,11,11,83,11,40
/pt-br/3/genindex.html,11,11,67,8,100
/pt-br/3/index.html,11,10,100,18,89
/pt-br/3.13/library/threading.html,10,12,71,680,56
/pt-br/3.13/faq/windows.html,9,9,88,25,65
/pt-br/3.13/genindex.html,9,7,0,9,100
/pt-br/3.13/reference/compound_stmts.html,9,11,50,101,43
/pt-br/3.13/reference/index.html,9,7,33,20,47
/pt-br/3.13/tutorial/,9,6,80,71,71
/pt-br/3.13/tutorial/modules.html,9,8,0,23,34
/pt-br/3.13/using/windows.html,9,9,75,84,66
/pt-br/3/library/shutil.html,9,8,50,234,37
/pt-br/3/library/tkinter.html,9,10,88,17,23
/pt-br/3/using/index.html,9,10,33,14,63
/pt-br/3/whatsnew/index.html,9,10,57,10,15
/pt-br/dev/faq/general.html,9,11,75,167,52
/pt-br/3/library/,8,10,38,32,59
/pt-br/dev/howto/sorting.html,8,9,88,22,31
/pt-br/3.13/faq/general.html,7,5,0,70,51
/pt-br/3.13/howto/sorting.html,7,7,83,43,47
/pt-br/3.13/library/_thread.html,7,6,0,175,80
/pt-br/3.13/library/time.html,7,8,67,22,14
/pt-br/3.13/tutorial/classes.html,7,6,100,44,49
/pt-br/3.13/tutorial/inputoutput.html,7,9,50,22,20
/pt-br/3.13/using/cmdline.html,7,6,100,205,14
/pt-br/3.13/whatsnew/index.html,7,7,50,3,5
/pt-br/3/contents.html,7,9,50,73,21
/pt-br/3/installing/index.html,7,6,60,46,66
/pt-br/3/library/datetime.html,7,7,100,167,12
/pt-br/dev/reference/import.html,7,7,83,48,15
/pt-br/3.12/tutorial/index.html,6,9,0,55,84
/pt-br/3.12/tutorial/introduction.html,6,5,0,282,50
/pt-br/3.13/installing/index.html,6,5,0,83,48
/pt-br/3.13/library/collections.html,6,5,100,61,16
/pt-br/3.13/library/os.html,6,11,33,27,25
/pt-br/3.13/library/os.path.html,6,5,33,35,32
/pt-br/3.13/library/pathlib.html,6,5,80,38,26
/pt-br/3.13/library/zipfile.html,6,5,100,32,61
/pt-br/3.13/reference/expressions.html,6,5,100,18,97
/pt-br/3/howto/index.html,6,3,50,17,81
