name,version,visitors
Windows,10,1609
Mac,10.15,334
GNU/Linux,(not set),204
Android,10,134
Ubuntu,(not set),58
iOS,18.5,24
Windows,7,17
Android,15,14
Android,12,7
Android,13,5
Windows,8.1,5
Android,9,4
Android,11,3
iOS,12.5,3
Android,14,3
Windows,8,3
HarmonyOS,(not set),2
Chrome OS,14541.0,2
iOS,16.4,2
HarmonyOS,3.0,2
Mac,(not set),1
Windows,(not set),1
Mac,10.14,1
Chrome OS,14695.107,1
iOS,15.6,1
iOS,15.7,1
iOS,16.7,1
iOS,17.6,1
iOS,17.7,1
iOS,18.4,1
Windows,Vista,1
