name,unique_exits,total_exits,exit_rate
/pt-br/3/tutorial/index.html,126,131,
/pt-br/3.15/using/windows.html,73,73,
/pt-br/3/library/venv.html,72,73,
/pt-br/3/library/stdtypes.html,58,63,
/pt-br/3/,56,60,
/pt-br/3/tutorial/datastructures.html,56,59,
/pt-br/3/library/functions.html,39,41,
/pt-br/3/library/index.html,38,39,
/dev/using/windows.html,37,36,
/pt-br/3/tutorial/introduction.html,34,37,
/pt-br/3/library/math.html,33,35,
/pt-br/3/tutorial/,32,34,
/pt-br/3.14/tutorial/index.html,31,32,
/pt-br/3/tutorial/classes.html,31,33,
/pt-br/3/tutorial/controlflow.html,31,31,
/pt-br/3.14/,26,30,
/pt-br/3/library/random.html,25,25,
/pt-br/3/search.html,25,28,
/pt-br/3/tutorial/appetite.html,24,24,
/pt-br/3/library/string.html,23,23,
/pt-br/3/tutorial/interpreter.html,20,20,
/3/,18,18,
/pt-br/3.14/library/random.html,15,15,
/pt-br/3.14/tutorial/controlflow.html,15,15,
/pt-br/3.14/search.html,14,15,
/pt-br/3.14/tutorial/datastructures.html,14,16,
/pt-br/3/faq/windows.html,14,14,
/pt-br/3.14/library/functions.html,13,13,
/pt-br/3/library/os.html,13,14,
/pt-br/3/library/tkinter.html,13,13,
/pt-br/dev/library/venv.html,13,13,
/pt-br/3.14/tutorial/classes.html,12,12,
/pt-br/3.14/tutorial/introduction.html,12,12,
/pt-br/3.14/library/math.html,11,11,
/pt-br/3/library/datetime.html,11,12,
/pt-br/3/library/turtle.html,11,13,
/pt-br/3/using/android.html,11,12,
/pt-br/3/whatsnew/3.14.html,11,14,
/pt-br/3.14/library/index.html,10,10,
/pt-br/3/library/tk.html,10,10,
/pt-br/3.14/library/stdtypes.html,9,10,
/pt-br/3.14/tutorial/,9,9,
/pt-br/3/howto/sorting.html,9,9,
/pt-br/3/library/csv.html,9,9,
/pt-br/3/tutorial/inputoutput.html,9,9,
/pt-br/3.14/library/datetime.html,8,8,
/pt-br/3/glossary.html,8,8,
/pt-br/3/howto/logging.html,8,8,
/pt-br/3/library/re.html,8,9,
/pt-br/3/library/typing.html,8,8,
/pt-br/3/using/cmdline.html,8,8,
/pt-br/dev/library/tkinter.html,8,9,
/pt-br/dev/tutorial/datastructures.html,8,8,
/3/tutorial/index.html,7,7,
/pt-br/3.13/tutorial/index.html,7,7,
/pt-br/3.13/using/ios.html,7,7,
/pt-br/3.14/download.html,7,7,
/pt-br/3.14/reference/index.html,7,7,
/pt-br/3.14/using/windows.html,7,6,
/pt-br/3/library/pathlib.html,7,8,
/pt-br/3/library/time.html,7,10,
/pt-br/3/tutorial/errors.html,7,7,
/pt-br/dev/reference/import.html,7,7,
/3/library/index.html,6,6,
/pt-br/3.13/library/stdtypes.html,6,6,
/pt-br/3.13/tutorial/introduction.html,6,6,
/pt-br/3.14/library/tkinter.html,6,6,
/pt-br/3.14/tutorial/appetite.html,6,6,
/pt-br/3.14/tutorial/interpreter.html,6,6,
/pt-br/3/reference/compound_stmts.html,6,6,
/pt-br/3/reference/index.html,6,7,
/pt-br/3/tutorial/modules.html,6,6,
/pt-br/dev/library/zlib.html,6,6,
/3.14/library/index.html,5,5,
/3/download.html,5,5,
/pt-br/3.15/search.html,5,5,
/pt-br/3/howto/enum.html,5,5,
/pt-br/3/library/exceptions.html,5,5,
/pt-br/3/library/operator.html,5,6,
/pt-br/3/tutorial/stdlib.html,5,5,
/pt-br/dev/howto/logging.html,5,5,
/pt-br/dev/howto/sorting.html,5,5,
/3.14/tutorial/index.html,4,4,
/3/library/functions.html,4,4,
/3/library/os.html,4,5,
/pt-br/3.13/library/functions.html,4,4,
/pt-br/3.13/tutorial/controlflow.html,4,4,
/pt-br/3.14/library/exceptions.html,4,4,
/pt-br/3.14/py-modindex.html,4,4,
/pt-br/3/contents.html,4,4,
/pt-br/3/library/,4,4,
/pt-br/3/library/json.html,4,4,
/pt-br/3/library/locale.html,4,4,
/pt-br/3/library/pydoc.html,4,4,
/pt-br/3/library/subprocess.html,4,4,
/pt-br/3/library/sys_path_init.html,4,4,
/pt-br/3/library/tkinter.ttk.html,4,4,
/pt-br/3/library/unittest.html,4,4,
/pt-br/3/py-modindex.html,4,4,
/pt-br/dev/faq/general.html,4,3,
