name,unique_entrances,total_entrances,visit_duration
/3.13/tutorial/index.html,3742,3860,91
/3.13/using/windows.html,2572,2627,50
/3/,1095,1114,534
/3.13/index.html,722,753,100
/3.13/,704,724,145
/3.13/whatsnew/3.13.html,597,612,75
/3.13/tutorial/,556,575,136
/es/3.13/tutorial/index.html,383,399,176
/3.13/tutorial/appetite.html,257,264,134
/3.13/tutorial/interpreter.html,255,272,201
/zh-cn/3.13/tutorial/index.html,250,263,343
/es/3.13/library/tkinter.html,184,192,53
/zh-cn/3.13/,178,184,351
/ja/3.13/tutorial/,162,168,430
/3/tutorial/index.html,150,150,593
/ja/3.13/library/functions.html,150,165,122
/3.13/search.html,144,157,269
/3.13/tutorial/introduction.html,143,151,209
/ja/3.13/library/datetime.html,137,139,148
/3.13/library/functions.html,136,142,104
/ja/3.13/library/re.html,129,136,96
/3.13/library/index.html,122,128,276
/3.13/library/stdtypes.html,118,123,119
/fr/3.13/tutorial/index.html,117,123,191
/3.13/tutorial/controlflow.html,116,127,80
/zh-cn/3.13/library/index.html,101,104,394
/es/3.13/tutorial/venv.html,100,105,61
/ja/3.13/library/stdtypes.html,95,96,117
/ja/3.13/library/subprocess.html,95,96,59
/ja/3.13/library/index.html,93,95,198
/es/3.13/library/index.html,91,93,113
/es/3.13/tutorial/datastructures.html,91,99,50
/ja/3.13/library/random.html,87,88,150
/pt-br/3.13/tutorial/index.html,86,90,155
/3.13/library/,85,86,82
/ja/3.13/library/logging.html,84,87,66
/zh-cn/3.13/library/venv.html,82,83,145
/ja/3.13/library/json.html,81,84,107
/pt-br/3.13/tutorial/datastructures.html,79,86,94
/zh-cn/3.13/tutorial/controlflow.html,79,82,194
/ja/3.13/library/csv.html,78,81,95
/ja/3.13/library/pathlib.html,78,80,57
/es/3.13/tutorial/classes.html,76,77,46
/3/library/tkinter.html,71,71,476
/es/3.13/,70,73,133
/ko/3.13/tutorial/index.html,66,66,291
/pt-br/3.13/library/venv.html,66,66,19
/es/3.13/library/functions.html,65,72,137
/ja/3.13/library/typing.html,65,65,59
/ja/3.13/library/math.html,64,65,58
/zh-cn/3.13/search.html,63,70,193
/ja/3.13/installing/index.html,62,63,59
/3/library/functions.html,60,60,437
/zh-cn/3.13/library/functions.html,60,64,260
/es/3.13/tutorial/interpreter.html,59,66,295
/zh-cn/3.13/tutorial/introduction.html,59,61,244
/ja/3.13/howto/sorting.html,55,57,33
/3/library/index.html,54,54,725
/es/3.13/installing/index.html,54,56,30
/3/search.html,53,56,634
/pt-br/3.13/library/tkinter.html,52,55,87
/3/tutorial/,51,51,346
/es/3.13/tutorial/introduction.html,51,54,115
/zh-cn/3.13/library/stdtypes.html,51,52,294
/ja/3.13/library/os.path.html,50,52,16
/3.13/library/tkinter.html,49,52,43
/ja/3.13/tutorial/errors.html,49,50,115
/zh-cn/3.13/index.html,49,54,252
/3/library/idle.html,48,49,301
/es/3.13/tutorial/errors.html,48,50,31
/ja/3.13/library/enum.html,48,48,58
/pt-br/3.13/library/math.html,48,51,96
/zh-cn/3.13/tutorial/datastructures.html,48,53,55
/ja/3.13/library/argparse.html,47,50,151
/es/3.13/library/idle.html,46,47,20
/es/3.13/library/stdtypes.html,46,47,170
/ja/3.13/library/exceptions.html,46,49,142
/ja/3.13/tutorial/inputoutput.html,46,46,266
/3.13/library/idle.html,45,45,30
/3.13/library/typing.html,45,45,226
/zh-cn/3.13/using/index.html,45,45,51
/3.13/glossary.html,44,44,235
/es/3.13/library/tk.html,44,46,109
/es/3.13/search.html,42,42,170
/ja/3.13/library/tkinter.html,42,45,28
/ja/3.13/tutorial/index.html,42,46,184
/3/library/stdtypes.html,41,41,554
/ja/3.13/library/venv.html,41,42,66
/zh-cn/3.13/tutorial/interpreter.html,41,44,197
/3.13/library/datetime.html,40,47,116
/es/3.13/tutorial/controlflow.html,40,43,160
/fr/3.13/tutorial/classes.html,40,41,93
/uk/3.13/tutorial/index.html,40,41,123
/ja/3.13/library/socket.html,39,41,60
/ja/3.13/library/sqlite3.html,39,42,98
/pt-br/3.13/library/random.html,39,43,37
/3.13/reference/index.html,38,40,171
/ja/3.13/library/string.html,38,39,114
/ja/3.13/whatsnew/index.html,38,38,170
/zh-cn/3.13/library/asyncio.html,38,38,233
/zh-cn/3.13/tutorial/classes.html,38,39,240
/ja/3.13/library/concurrent.futures.html,37,39,91
/ja/3.13/library/itertools.html,37,37,130
/ja/3.13/tutorial/interpreter.html,37,37,65
/ko/3.13/library/idle.html,37,37,11
/zh-cn/3.13/library/asyncio-task.html,37,38,191
/3.13/using/mac.html,36,37,139
/ja/3.13/library/multiprocessing.html,36,38,285
/ja/3.13/library/time.html,36,36,77
/zh-cn/3.13/tutorial/appetite.html,36,36,225
/zh-tw/3.13/library/venv.html,36,36,43
/3.13/tutorial/datastructures.html,35,38,186
/3/tutorial/datastructures.html,35,35,621
/es/3.13/library/datetime.html,35,36,3
/ja/3.13/tutorial/classes.html,35,37,58
/ja/3.13/using/windows.html,35,35,43
/pt-br/3.13/tutorial/introduction.html,35,36,3
/3.13/library/exceptions.html,34,34,174
/es/3.13/library/re.html,34,35,40
/pt-br/3.13/,34,35,206
/uk/3.13/library/turtle.html,34,34,4
/ja/3.13/library/os.html,33,33,135
/pt-br/3.13/tutorial/classes.html,33,39,96
/zh-cn/3.13/tutorial/modules.html,33,33,137
/es/3.13/glossary.html,32,34,172
/pt-br/3.13/library/functions.html,32,32,217
/3.13/contents.html,31,32,317
/3/library/turtle.html,31,31,655
/3/library/venv.html,31,31,737
/fr/3.13/library/datetime.html,31,31,9
/3.13/library/os.html,30,31,92
/ja/3.13/library/dataclasses.html,30,30,30
/ja/3.13/library/threading.html,30,33,69
/ja/3.13/search.html,30,33,224
/ko/3.13/installing/index.html,30,31,29
/pt-br/3.13/search.html,30,31,387
/zh-tw/3.13/using/mac.html,30,30,150
/3.13/installing/index.html,29,30,31
/3/library/datetime.html,29,30,390
/fr/3.13/search.html,29,32,109
/ja/3.13/library/io.html,29,29,92
/ja/3.13/library/struct.html,29,31,148
/ja/3.13/reference/index.html,29,30,144
/ja/3.13/tutorial/modules.html,29,30,15
/uk/3.13/library/venv.html,29,29,3
/zh-cn/3.13/reference/index.html,29,30,199
/zh-cn/3.13/whatsnew/3.13.html,29,29,395
/zh-cn/3/tutorial/index.html,29,29,688
/3/index.html,28,28,658
/ja/3.13/library/glob.html,28,29,162
/zh-cn/3.13/library/re.html,28,29,171
/zh-cn/3.13/tutorial/errors.html,28,28,277
/zh-cn/3.13/using/mac.html,28,28,94
/3/whatsnew/3.13.html,27,28,388
/es/3.13/tutorial/appetite.html,27,27,589
/ja/3.13/library/asyncio-task.html,27,29,39
/ja/3.13/library/decimal.html,27,32,331
/ja/3.13/library/shutil.html,27,27,174
/zh-cn/3.13/reference/datamodel.html,27,30,452
/3.13/library/random.html,26,26,1
/3.15/,26,26,268
/es/3.13/library/random.html,26,26,149
/ja/3.13/library/__main__.html,26,26,92
/ja/3.13/library/tkinter.ttk.html,26,28,2
/zh-cn/3.13/glossary.html,26,26,372
/zh-cn/3.13/using/android.html,26,27,24
/zh-tw/3.13/howto/sorting.html,26,27,45
/3.13/download.html,25,25,222
/3/library/os.html,25,25,808
/fr/3.13/library/tkinter.html,25,25,33
/ko/3.13/library/turtle.html,25,28,224
/pt-br/3.13/library/index.html,25,26,162
/pt-br/3.13/library/string.html,25,25,39
/es/3.13/library/venv.html,24,25,33
/fr/3.13/tutorial/introduction.html,24,25,136
/ja/3.13/,24,26,552
/ja/3.13/library/unittest.mock.html,24,24,372
/ja/3.13/reference/datamodel.html,24,24,128
/zh-cn/3.13/library/subprocess.html,24,24,39
/zh-cn/3.13/tutorial/,24,24,196
/zh-tw/3.13/library/random.html,24,25,31
/3.13/library/re.html,23,25,12
/3.13/py-modindex.html,23,23,242
/es/3.13/library/csv.html,23,24,116
/es/3.13/library/string.html,23,23,0
/fr/3.13/library/functions.html,23,23,17
/ja/3.13/library/abc.html,23,24,23
/ja/3.13/library/configparser.html,23,24,4
/ja/3.13/library/idle.html,23,23,67
/zh-cn/3/,23,23,613
/3.13/reference/datamodel.html,22,22,26
/3.13/tutorial/classes.html,22,23,397
/3/library/re.html,22,22,547
/ja/3.13/library/base64.html,22,23,120
/ja/3.13/library/queue.html,22,22,89
/ja/3.13/library/tempfile.html,22,25,142
/ja/3.13/library/zipfile.html,22,23,141
/pt-br/3.13/faq/windows.html,22,22,87
/uk/3.13/library/tkinter.html,22,23,9
/zh-cn/3.13/contents.html,22,22,623
/3.13/library/os.path.html,21,21,102
/3.13/tutorial/modules.html,21,22,202
/3/library/asyncio.html,21,21,825
/3/tutorial/modules.html,21,21,445
/fr/3.13/using/windows.html,21,21,87
/ja/3.13/library/ipaddress.html,21,22,142
/ja/3.13/library/urllib.parse.html,21,22,62
/ja/3.13/tutorial/controlflow.html,21,21,72
/ja/3.13/tutorial/introduction.html,21,21,309
/ko/3.13/tutorial/interpreter.html,21,21,280
/zh-cn/3.13/library/csv.html,21,24,2
/zh-cn/3.13/using/,21,21,8
/3.13/tutorial/inputoutput.html,20,20,525
/3/download.html,20,22,340
/3/library/logging.html,20,20,743
/fr/3.13/reference/import.html,20,20,111
/ja/3.13/glossary.html,20,20,157
/ja/3.13/library/functools.html,20,20,0
/ja/3.13/library/logging.handlers.html,20,20,41
/ja/3.13/library/pprint.html,20,21,328
/ja/3.13/tutorial/floatingpoint.html,20,20,0
/zh-cn/3.13/library/typing.html,20,20,69
/zh-cn/3.13/using/windows.html,20,20,40
/es/3.13/howto/regex.html,19,21,57
/fr/3.13/,19,20,137
/ja/3.13/library/asyncio.html,19,19,369
/ja/3.13/library/warnings.html,19,20,69
/pt-br/3.13/library/stdtypes.html,19,19,72
/uk/3.13/installing/index.html,19,19,70
/zh-tw/3.13/tutorial/index.html,19,20,19
/3.13/library/turtle.html,18,20,204
/3/reference/index.html,18,18,543
/3/using/windows.html,18,18,396
/es/3.13/reference/import.html,18,19,51
/es/3.13/tutorial/modules.html,18,18,617
/fr/3.13/tutorial/datastructures.html,18,19,56
/ja/3.13/library/asyncio-eventloop.html,18,19,247
/ja/3.13/library/collections.html,18,18,288
/ja/3.13/library/unittest.html,18,18,125
/ja/3/,18,18,569
/ko/3.13/library/functions.html,18,18,62
/pt-br/3.13/tutorial/interpreter.html,18,18,58
/zh-cn/3.13/library/threading.html,18,19,111
/zh-tw/3.13/tutorial/datastructures.html,18,18,87
/3.13/library/math.html,17,17,391
/3.13/reference/lexical_analysis.html,17,17,162
/3.13/tutorial/appendix.html,17,17,332
/3/library/asyncio-task.html,17,17,987
/3/library/pathlib.html,17,17,379
/3/tutorial/classes.html,17,17,1240
/es/3.13/using/editors.html,17,18,6
/fr/3.13/library/random.html,17,17,13
/fr/3.13/library/stdtypes.html,17,17,328
/fr/3.13/tutorial/interpreter.html,17,17,200
/ja/3.13/library/heapq.html,17,17,62
/ja/3.13/library/pickle.html,17,18,13
/3.13/howto/index.html,16,16,13
/3.13/library/pathlib.html,16,17,314
/3.13/using/cmdline.html,16,16,738
/3.13/using/index.html,16,16,206
/3/installing/index.html,16,16,422
/3/library/csv.html,16,16,698
/3/library/tk.html,16,16,577
/3/tutorial/controlflow.html,16,16,844
/es/3.13/howto/logging.html,16,17,34
/es/3.13/library/tkinter.ttk.html,16,16,107
/es/3.13/tutorial/inputoutput.html,16,16,135
/fr/3.13/library/collections.html,16,16,46
/ja/3.13/library/urllib.request.html,16,16,149
/ja/3.13/tutorial/datastructures.html,16,19,472
/ko/3.13/library/index.html,16,16,36
/ko/3.13/search.html,16,17,184
/pt-br/3.13/library/os.html,16,16,35
/pt-br/3.13/library/tk.html,16,18,468
/pt-br/3.13/tutorial/appetite.html,16,16,166
/pt-br/3.13/tutorial/errors.html,16,17,101
/zh-cn/3.13/installing/index.html,16,16,5
/zh-cn/3.13/library/pdb.html,16,17,546
/zh-cn/3.13/tutorial/inputoutput.html,16,20,4
/zh-cn/3.13/whatsnew/index.html,16,16,6
/zh-tw/3.13/installing/index.html,16,16,50
/3.13/library/logging.html,15,16,411
/3.13/library/string.html,15,15,159
/3/library/argparse.html,15,15,1280
/3/library/math.html,15,15,166
/3/library/multiprocessing.html,15,15,358
/3/library/random.html,15,15,849
/3/reference/datamodel.html,15,15,1610
/es/3.13/library/math.html,15,15,3
/fr/3.13/tutorial/controlflow.html,15,16,163
/fr/3.13/tutorial/errors.html,15,15,90
/ja/3.13/howto/logging.html,15,15,276
/ja/3.13/library/contextlib.html,15,15,38
/ja/3.13/library/http.server.html,15,15,46
/ja/3.13/library/smtplib.html,15,15,190
/ja/3.13/tutorial/appetite.html,15,15,334
/pt-br/3.13/library/datetime.html,15,15,225
/zh-cn/3.13/library/logging.html,15,15,103
/zh-cn/3.13/library/tkinter.html,15,15,21
/zh-cn/3.13/library/turtle.html,15,16,284
