name,version,visitors
Chrome,133.0,42
Chrome,132.0,39
Microsoft Edge,133.0,23
Firefox,135.0,13
Safari,18.3,5
Chrome,131.0,4
Microsoft Edge,132.0,4
Microsoft Edge,131.0,3
Avira Secure Browser,131.0,2
Firefox,134.0,2
Safari,17.6,2
Chrome,106.0,1
Chrome,107.0,1
Opera,116.0,1
Chrome,122.0,1
Chrome,126.0,1
Firefox,128.0,1
Chrome,135.0,1
Safari,14.1,1
Safari,15.6,1
Safari,16.6,1
Safari,17.4,1
Safari,18.1,1
Yandex Browser,25.2,1
Samsung Browser,27.0,1
Smart Lenovo Browser,9.0,1
