name,unique_exits,total_exits,exit_rate
/it/3/tutorial/index.html,12,13,
/it/3.13/tutorial/index.html,9,9,
/it/3/tutorial/datastructures.html,9,9,
/it/3.13/tutorial/introduction.html,6,6,
/it/3.13/library/stdtypes.html,5,5,
/it/3.13/tutorial/classes.html,5,5,
/it/3.13/tutorial/controlflow.html,5,6,
/it/3/tutorial/inputoutput.html,5,5,
/it/3/tutorial/introduction.html,5,5,
/it/3/,4,4,
/it/3.12/tutorial/introduction.html,3,3,
/it/3.13/tutorial/interpreter.html,3,3,
/it/3/tutorial/venv.html,3,3,
/3/,2,2,
/3/search.html,2,2,
/it/3.12/library/functions.html,2,2,
/it/3.12/tutorial/,2,3,
/it/3.12/tutorial/errors.html,2,2,
/it/3.13/index.html,2,2,
/it/3.13/library/json.html,2,2,
/it/3.13/tutorial/,2,2,
/it/3.13/tutorial/datastructures.html,2,2,
/it/3.13/using/cmdline.html,2,2,
/it/3/search.html,2,2,
/it/3/tutorial/modules.html,2,2,
/3.13/,1,1,
/3.13/library/functions.html,1,1,
/3.13/library/idle.html,1,1,
/3.13/library/math.html,1,1,
/3.13/library/tkinter.html,1,1,
/3.13/tutorial/,1,1,
/3.13/tutorial/appendix.html,1,1,
/3/genindex.html,1,1,
/3/library/array.html,1,1,
/3/library/datetime.html,1,1,
/3/library/functions.html,1,1,
/3/library/string.html,1,1,
/3/library/tkinter.html,1,1,
/3/reference/import.html,1,1,
/3/tutorial/,1,1,
/3/tutorial/index.html,1,1,
/3/tutorial/introduction.html,1,1,
/es/3.13/library/functions.html,1,1,
/it/3.12/glossary.html,1,1,
/it/3.12/library/idle.html,1,1,
/it/3.12/library/stdtypes.html,1,1,
/it/3.12/tutorial/controlflow.html,1,1,
/it/3.12/tutorial/index.html,1,1,
/it/3.12/tutorial/modules.html,1,1,
/it/3.13/contents.html,1,1,
/it/3.13/deprecations/index.html,1,1,
/it/3.13/faq/windows.html,1,1,
/it/3.13/glossary.html,1,1,
/it/3.13/installing/index.html,1,1,
/it/3.13/library/,1,1,
/it/3.13/library/__main__.html,1,1,
/it/3.13/library/idle.html,1,1,
/it/3.13/library/index.html,1,1,
/it/3.13/library/os.html,1,1,
/it/3.13/library/queue.html,1,1,
/it/3.13/library/string.html,1,1,
/it/3.13/library/timeit.html,1,1,
/it/3.13/library/tkinter.html,1,1,
/it/3.13/library/venv.html,1,1,
/it/3.13/library/webbrowser.html,1,1,
/it/3.13/library/xml.etree.elementtree.html,1,1,
/it/3.13/search.html,1,1,
/it/3.13/tutorial/appetite.html,1,1,
/it/3.14/library/csv.html,1,1,
/it/3.14/using/index.html,1,1,
/it/3/genindex-I.html,1,1,
/it/3/library/netdata.html,1,1,
/it/3/library/ossaudiodev.html,1,1,
/it/3/library/stdtypes.html,1,1,
/it/3/tutorial/appendix.html,1,1,
/it/3/tutorial/appetite.html,1,1,
/it/3/tutorial/classes.html,1,2,
/it/3/tutorial/controlflow.html,1,1,
/it/3/tutorial/floatingpoint.html,1,1,
/it/3/tutorial/interpreter.html,1,1,
/it/3/using/windows.html,1,1,
/ko/3.13/library/threading.html,1,1,
/zh-cn/3.13/tutorial/,1,1,
/zh-cn/3.13/tutorial/errors.html,1,1,
/zh-cn/3.13/tutorial/interpreter.html,1,1,
