name,visitors,bounce_rate,visit_duration
google.com,421,73,125
Direct / None,397,71,229
bing.com,24,68,182
python.org,17,0,1025
namu.wiki,7,60,144
codeit.kr,4,75,2
codeup.kr,4,100,0
wikidocs.net,4,100,0
chatgpt.com,2,100,116
google.co.kr,2,50,900
m.baidu.com,2,100,0
translations.python.org,2,0,358
velog.io,2,100,0
blog.naver.com/PostView.naver,1,100,0
cafe.naver.com/ca-fe/cafes/25046926/articles/82232,1,0,1579
clien.net/service/board/kin/17320380,1,0,14
cn.bing.com,1,0,180
computer-science-student.tistory.com/221,1,100,0
confluence-mirror.samsungds.net,1,100,0
confluence.samsungds.net,1,100,0
copilot.microsoft.com,1,100,0
docs.pytorch.org,1,0,3378
facebook.com,1,100,0
gemini.google.com,1,100,0
gptx.hf.go.kr,1,50,1
kone.gg,1,100,0
m.clien.net,1,0,12
notion.so,1,0,114
pandas.pydata.org,1,0,0
peps.python.org,1,0,1567
perplexity.ai,1,100,0
quad-drone-lab.co.kr,1,100,0
research.google.com,1,0,37
tech.zinnunkebi.com,1,0,34
tech.zinnunkebi.com/programming-language/python/python-about,1,0,354
tutoreducto.tistory.com/84,1,100,0
wiki.python.org,1,0,0
