name,unique_exits,total_exits,exit_rate
/zh-cn/3/tutorial/index.html,340,355,
/zh-cn/3/library/idle.html,270,271,
/zh-cn/3/,252,264,
/zh-cn/3/library/index.html,184,192,
/zh-cn/3/tutorial/controlflow.html,149,156,
/zh-cn/3/tutorial/introduction.html,132,134,
/zh-cn/3/library/functions.html,129,135,
/zh-cn/3/using/mac.html,129,137,
/zh-cn/3.14/tutorial/index.html,127,127,
/zh-cn/3.15/using/windows.html,122,124,
/zh-cn/3.13/tutorial/index.html,115,115,
/zh-cn/3.13/library/idle.html,110,110,
/zh-cn/3.14/,110,110,
/zh-cn/3/library/turtle.html,110,114,
/zh-cn/3/tutorial/interpreter.html,92,97,
/zh-cn/3.14/tutorial/controlflow.html,83,87,
/zh-cn/3.13/using/android.html,78,78,
/zh-cn/3/tutorial/classes.html,72,74,
/zh-cn/3/library/venv.html,71,73,
/dev/using/windows.html,68,69,
/zh-cn/3.14/library/index.html,67,68,
/zh-cn/3/library/math.html,64,71,
/zh-cn/3/library/stdtypes.html,64,65,
/zh-cn/3/reference/index.html,64,64,
/zh-cn/3.14/library/functions.html,63,66,
/zh-cn/3/library/,62,64,
/zh-cn/3.14/tutorial/introduction.html,59,56,
/zh-cn/3/tutorial/datastructures.html,58,63,
/zh-cn/3.14/library/stdtypes.html,57,59,
/3/,56,56,
/zh-cn/3/using/index.html,54,54,
/zh-cn/3/search.html,53,55,
/zh-cn/3.13/library/functions.html,51,54,
/zh-cn/3.14/whatsnew/3.14.html,51,52,
/zh-cn/3.13/,50,51,
/zh-cn/3/tutorial/,50,53,
/zh-cn/3/tutorial/appetite.html,48,50,
/zh-cn/3.14/tutorial/interpreter.html,43,43,
/zh-cn/3.13/tutorial/controlflow.html,41,42,
/zh-cn/3.14/index.html,41,41,
/zh-cn/3/library/multiprocessing.html,39,41,
/zh-cn/3/library/tkinter.html,39,39,
/zh-cn/3/reference/lexical_analysis.html,39,40,
/zh-cn/3/download.html,38,38,
/zh-cn/3/library/struct.html,38,38,
/zh-cn/3/index.html,37,38,
/zh-cn/3/tutorial/modules.html,37,37,
/zh-cn/3.14/using/windows.html,35,35,
/zh-cn/3.13/installing/index.html,33,33,
/zh-cn/3.14/search.html,33,34,
/zh-cn/3.14/installing/index.html,32,31,
/zh-cn/3/library/unittest.html,32,35,
/zh-cn/3.12/tutorial/index.html,31,31,
/zh-cn/3.13/library/index.html,31,32,
/zh-cn/3.13/tutorial/interpreter.html,31,31,
/zh-cn/3/glossary.html,31,31,
/zh-cn/3/tutorial/inputoutput.html,31,31,
/zh-cn/3/whatsnew/3.14.html,31,31,
/zh-cn/3.14/download.html,30,30,
/zh-cn/3.14/tutorial/,30,33,
/zh-cn/3/library/logging.html,30,30,
/zh-cn/3/using/windows.html,30,30,
/zh-cn/3.14/tutorial/datastructures.html,29,28,
/zh-cn/3/contents.html,29,32,
/zh-cn/3/library/argparse.html,28,28,
/zh-cn/3/reference/datamodel.html,28,28,
/zh-cn/3.13/library/stdtypes.html,27,27,
/zh-cn/3.13/tutorial/datastructures.html,27,27,
/zh-cn/3/library/tk.html,27,27,
/zh-cn/3/library/typing.html,27,27,
/zh-cn/3/reference/compound_stmts.html,27,28,
/zh-cn/3.13/tutorial/introduction.html,26,26,
/zh-cn/3/library/asyncio.html,26,26,
/zh-cn/3/library/pathlib.html,26,26,
/zh-cn/3/library/random.html,26,26,
/zh-cn/3/library/re.html,26,26,
/zh-cn/3.13/using/windows.html,25,25,
/zh-cn/3.14/tutorial/appetite.html,25,24,
/zh-cn/3.12/using/mac.html,24,24,
/zh-cn/3.13/search.html,24,24,
/zh-cn/3.13/using/index.html,23,23,
/zh-cn/3.14/tutorial/classes.html,23,24,
/zh-cn/3/howto/argparse.html,23,24,
/zh-cn/3/library/ast.html,23,26,
/zh-cn/3/library/os.html,23,24,
/zh-cn/3/using/cmdline.html,23,24,
/zh-cn/3.12/,22,24,
/zh-cn/3/library/asyncio-task.html,22,25,
/3/tutorial/index.html,21,21,
/zh-cn/3.12/library/functions.html,21,24,
/zh-cn/3.14/glossary.html,21,21,
/zh-cn/3/howto/regex.html,21,22,
/zh-cn/3/library/dataclasses.html,21,22,
/zh-cn/3/library/threading.html,21,22,
/zh-cn/3.14/library/idle.html,20,20,
/zh-cn/3.14/reference/datamodel.html,20,19,
/zh-cn/3/library/subprocess.html,20,20,
/zh-cn/3.14/tutorial/inputoutput.html,19,19,
/zh-cn/3.14/using/index.html,19,19,
/zh-cn/3/library/datetime.html,19,19,
