name,unique_exits,total_exits,exit_rate
/ko/3.13/library/intro.html,347,346,
/ja/3.13/c-api/capsule.html,120,120,
/ko/3/faq/design.html,72,71,
/ko/3.13/tutorial/index.html,57,57,
/ko/dev/c-api/marshal.html,53,53,
/ko/3.13/library/idle.html,50,50,
/ko/dev/library/turtle.html,43,44,
/ko/3/tutorial/index.html,42,44,
/ko/3.13/installing/index.html,37,37,
/ko/3.13/library/functions.html,31,32,
/ko/3.13/library/turtle.html,29,30,
/ko/3.13/tutorial/errors.html,28,28,
/ko/3.13/library/index.html,27,28,
/ko/3/tutorial/,20,22,
/ko/dev/library/idle.html,19,19,
/ko/3.13/library/math.html,18,18,
/ko/3.13/library/stdtypes.html,17,18,
/ko/3/,17,18,
/ko/3/library/functions.html,17,19,
/ko/3.13/library/argparse.html,16,16,
/ko/3.13/library/random.html,16,17,
/ko/3.13/tutorial/introduction.html,16,15,
/ko/3.13/library/collections.html,15,15,
/ko/3.13/library/re.html,15,17,
/ko/3.13/tutorial/classes.html,15,15,
/ja/3/c-api/import.html,14,14,
/ko/3.12/library/intro.html,14,14,
/ko/3.13/howto/sorting.html,14,14,
/ko/3.13/library/heapq.html,14,14,
/ko/3.12/library/codecs.html,13,13,
/ko/3.13/library/datetime.html,13,14,
/ko/3.13/tutorial/inputoutput.html,13,13,
/ko/3.13/tutorial/interpreter.html,13,13,
/ko/3.13/whatsnew/index.html,13,13,
/ko/3/library/index.html,13,14,
/ko/3.13/tutorial/controlflow.html,12,12,
/ko/3/reference/,12,15,
/3/library/idle.html,11,11,
/ko/3.13/tutorial/datastructures.html,11,11,
/ko/3/library/stdtypes.html,11,12,
/ko/3/tutorial/controlflow.html,11,11,
/ko/3.13/library/multiprocessing.html,10,11,
/ko/3.13/library/json.html,9,9,
/ko/3.13/using/windows.html,9,9,
/ko/3.13/howto/regex.html,8,8,
/ko/3.13/library/itertools.html,8,8,
/ko/3/tutorial/datastructures.html,8,8,
/3.13/using/windows.html,7,7,
/ja/dev/using/editors.html,7,7,
/ko/3.13/library/asyncio-task.html,7,7,
/ko/3.13/library/ctypes.html,7,7,
/ko/3.13/library/pathlib.html,7,7,
/ko/3.13/library/pprint.html,7,7,
/ko/3.13/library/threading.html,7,7,
/ko/3.13/search.html,7,7,
/ko/3/library/uuid.html,7,7,
/3/,6,6,
/ko/3.13/,6,6,
/ko/3.13/library/exceptions.html,6,6,
/ko/3/extending/embedding.html,6,6,
/ko/3/library/configparser.html,6,6,
/ko/3/library/datetime.html,6,6,
/ko/3/library/logging.handlers.html,6,8,
/ko/3/tutorial/introduction.html,6,7,
/uk/dev/whatsnew/3.8.html,6,6,
/3/library/functions.html,5,5,
/3/library/random.html,5,5,
/3/library/turtle.html,5,5,
/ko/3.13/howto/urllib2.html,5,5,
/ko/3.13/library/array.html,5,5,
/ko/3.13/library/pickle.html,5,5,
/ko/3.13/library/string.html,5,5,
/ko/3.13/tutorial/modules.html,5,4,
/ko/3/extending/extending.html,5,5,
/ko/3/library/argparse.html,5,6,
/ko/3/reference/lexical_analysis.html,5,5,
/ko/3/tutorial/interpreter.html,5,7,
/3/library/tempfile.html,4,4,
/ko/3.12/library/typing.html,4,4,
/ko/3.13/glossary.html,4,4,
/ko/3.13/howto/functional.html,4,4,
/ko/3.13/library/asyncio.html,4,4,
/ko/3.13/library/csv.html,4,4,
/ko/3.13/library/difflib.html,4,5,
/ko/3.13/library/shutil.html,4,5,
/ko/3.13/library/subprocess.html,4,5,
/ko/3.13/library/unittest.html,4,5,
/ko/3.13/library/zipfile.html,4,4,
/ko/3.13/whatsnew/3.13.html,4,4,
/ko/3/howto/regex.html,4,4,
/ko/3/library/asyncio-stream.html,4,4,
/ko/3/library/contextlib.html,4,4,
/ko/3/library/struct.html,4,4,
/ko/3/library/threading.html,4,3,
/ko/3/search.html,4,4,
/ko/3/using/windows.html,4,4,
/ko/dev/tutorial/inputoutput.html,4,4,
/3.13/library/functions.html,3,3,
/3.13/tutorial/index.html,3,3,
/3/library/os.html,3,3,
