name,visitors,bounce_rate,visit_duration
Direct / None,458,67,226
google.com,424,74,169
bing.com,49,67,130
search.brave.com,28,76,323
chatgpt.com,22,55,159
python.org,19,0,311
duckduckgo.com,17,50,380
openclassrooms.com,17,61,276
ecosia.org,10,80,8
qwant.com,10,50,263
fr.search.yahoo.com,4,0,481
google.fr,4,83,46
youtube.com,4,100,48
udemy.com,3,100,30
bing.com/search,2,0,16
lricardo.space,2,0,98
math93.com,2,0,281
zestedesavoir.com,2,100,0
blog.python.org,1,0,489
developpez.net,1,100,0
discordpy.readthedocs.io/en/stable/api.html,1,0,64
fsg-pax-a-jhn01.fsg.ulaval.ca,1,50,830
github.com/L-Dev31/Hoshi-Iso-Builder,1,100,0
google.ch,1,100,0
in.search.yahoo.com,1,100,0
informatique-lycee.forge.apps.education.fr,1,100,0
it.search.yahoo.com,1,0,14
jupyter.mehdi-troudi.com,1,0,18
m.baidu.com,1,100,0
perso.ensta-paris.fr,1,100,0
r.search.yahoo.com/_ylt=Awr.rG4354RoAgIAiUIk24lQ;_ylu=Y29sbwNpcjIEcG9zAzIEdnRpZAMEc2VjA3Ny/RV=2/RE=1754750007/RO=10/RU=https%3a%2f%2fdocs.python.org%2ffr%2f3%2flibrary%2ftime.html/RK=2/RS=LtfW2JGneEyqR4cxnNmmxI2flM8-,1,100,0
scikit-learn.org,1,0,39
search.yahoo.com,1,100,0
