name,visitors
Tokyo,726
Osaka,173
Guangdong,169
Île-de-France,110
Seoul,110
California,109
Jiangsu,104
Beijing,102
Shanghai,100
England,95
Kyiv,92
Kanagawa,76
Gyeonggi,75
Saitama,63
Maharashtra,62
Tamil Nadu,62
Chiba,60
Shandong,53
Ho Chi Minh City,52
São Paulo,50
Telangāna,49
Madrid Autonomous Community,48
Taipei,46
Hanoi,46
Zhejiang,45
Karnataka,44
New York,43
Hubei,41
Moscow,41
Aichi,39
Fukuoka,37
Dnipropetrovshchyna,37
Texas,36
Virginia,36
Sichuan,35
Bavaria,35
Hesse,35
Hokkaido,35
Ciudad de Mexico,34
Florida,34
Auvergne-Rhône-Alpes,33
Ontario,30
Henan,30
Liaoning,29
Delhi,29
Kyoto,27
Santiago Metropolitan,26
Fujian,26
North Rhine-Westphalia,26
Shaanxi,25
Baden-Württemberg,25
Ibaraki,24
Mazovia,24
Saint Petersburg,24
New Jersey,24
Catalonia,23
Uttar Pradesh,23
Hyogo,22
Washington,22
Andhra Pradesh,21
Gujarat,21
North Holland,21
Lvivshchyna,21
Odeshchyna,21
Pennsylvania,21
Buenos Aires Province,20
Istanbul,20
Chongqing,19
Tel Aviv,19
Lombardy,19
Georgia,19
Minas Gerais,18
Kyivshchyna,18
Massachusetts,18
Ceará,17
Uusimaa,17
Kharkivshchyna,17
Colorado,17
Illinois,17
New South Wales,16
Provence-Alpes-Côte-d'Azur,16
Stockholm,16
Oregon,16
Paraná,15
Madhya Pradesh,15
Shizuoka,15
Lagos,15
Arizona,15
Da Nang,15
Anhui,14
Hunan,14
Michigan,14
Minsk,13
Haryana,13
Punjab,13
Valencian Community,12
Okinawa,12
Krasnodar Krai,12
New Taipei,12
Taoyuan,12
Hebei,11
Antioquia,11
Pichincha,11
Nouvelle-Aquitaine,11
Kerala,11
Daegu,11
Incheon,11
Daejeon,11
Novosibirsk,11
Ohio,11
Grand-Est,10
Rajasthan,10
Tokushima,10
Western,10
Meknès-Tafilalet,10
Jalisco,10
Bangkok,10
Hsinchu County,10
Taichung,10
Gauteng,10
Capital District,9
Canary Islands,9
Burgundy-Franche-Comté,9
Kwai Tsing New Territories,9
Lesser Poland,9
Pomerania,9
Kaohsiung,9
Maryland,9
Minnesota,9
North Carolina,9
Utah,9
Abidjan,8
Punjab,8
West Bengal,8
Veneto,8
Amman,8
Aomori,8
Nagano,8
Kuala Lumpur,8
Lima Region,8
Łódź,8
Makkah,8
Hsinchu,8
Poltavshchyna,8
Sumshchyna,8
Chernihivshchyna,8
Missouri,8
Phú Thọ,8
Haiphong,8
Santa Fe,7
Brussels,7
Flanders,7
Pernambuco,7
Alberta,7
British Columbia,7
Gansu,7
Guangxi,7
Hamburg,7
Capital Region,7
Andalusia,7
Hauts-de-France,7
Jakarta,7
Gunma,7
Mie,7
Kumamoto,7
Orenburg,7
Sverdlovsk,7
Skåne,7
Ankara,7
Cherkashchyna,7
South Carolina,7
Western Cape,7
Vienna,6
Wallonia,6
Bahia,6
Jiangxi,6
Yunnan,6
Berlin,6
Galicia,6
Basque Country,6
Brittany,6
Normandie,6
Occitanie,6
Pays-de-la-Loire,6
Guatemala,6
Kowloon City Kowloon,6
Jharkhand,6
Uttarākhand,6
Emilia-Romagna,6
Campania,6
Iwate,6
Miyagi,6
Fukushima,6
Niigata,6
Nara,6
Nairobi County,6
Selangor,6
Lima,6
Central Visayas,6
Khyber Pakhtunkhwa,6
Beograd,6
Moscow Province,6
Riyadh,6
Tainan,6
Kirovohradschyna,6
Mykolayivschyna,6
Indiana,6
Oklahoma,6
Tennessee,6
Bắc Giang,6
Western Australia,5
Baku,5
Amazonas,5
Rio Grande do Sul,5
Vaud,5
Zürich,5
Heilongjiang,5
Tianjin,5
Constantine,5
Alexandria,5
Centre-Val de Loire,5
Attica,5
East Java,5
Baghdad,5
Hormozgan,5
Lazio,5
Fukui,5
Gifu,5
Hiroshima,5
Oita,5
Phnom Penh,5
North Gyeongsang,5
South Gyeongsang,5
Beirut,5
Oriental,5
Baja California,5
Mexico State,5
Managua,5
Metro Manila,5
Lisbon,5
Altai Krai,5
Bashkortostan,5
Rostov,5
Changhua,5
Vinnychchyna,5
Volyn,5
Zakarpattia,5
Chernivtsi Oblast,5
Connecticut,5
Delaware,5
Hawaii,5
Iowa,5
Louisiana,5
Nevada,5
Wisconsin,5
Victoria,4
Dhaka Division,4
Paraíba,4
Rio de Janeiro,4
Roraima,4
Bern,4
Guizhou,4
Havana,4
Prague,4
Rhineland-Palatinate,4
Cairo,4
Greater Accra,4
North Sumatra,4
Bihar,4
Odisha,4
Ishikawa,4
Okayama,4
Bishkek,4
Busan,4
North Chungcheong,4
Astana,4
Riga,4
Taza-Al Hoceima-Taounate,4
Nuevo León,4
Federal Capital Territory,4
North Brabant,4
Rogaland,4
Islamabad,4
Sindh,4
Lower Silesia,4
Asunción,4
Vojvodina,4
Khanty-Mansi,4
Nizhny Novgorod,4
Eastern,4
Tunis,4
Ternopilshchyna,4
Khmelnychchyna,4
Central,4
Alabama,4
Montana,4
Tashkent,4
Quảng Nam,4
Amanat Al Asimah,4
Yerevan,3
