name,visitors
Guangdong,298
Jiangsu,214
Shanghai,207
Tokyo,178
Hebei,130
Zhejiang,118
California,72
England,57
Maharashtra,54
Beijing,53
Seoul,50
Kanagawa,49
Kyiv,47
Liaoning,46
Île-de-France,45
Moscow,41
Karnataka,40
Ho Chi Minh City,40
Osaka,39
Fujian,38
São Paulo,35
Chiba,35
Sichuan,31
Bavaria,31
Telangāna,31
Gyeonggi,30
Dnipropetrovshchyna,30
Henan,29
Auvergne-Rhône-Alpes,28
Virginia,28
Saitama,27
Lvivshchyna,27
Istanbul,26
Tamil Nadu,25
Aichi,24
Illinois,24
Hyogo,23
Texas,23
Shandong,22
Shaanxi,21
Delhi,21
Mazovia,21
Florida,21
Hubei,20
New York,20
Zürich,19
Anhui,19
Minas Gerais,17
Baden-Württemberg,17
North Rhine-Westphalia,17
Hokkaido,17
Saint Petersburg,17
Quebec,16
Hunan,16
Provence-Alpes-Côte-d'Azur,16
Lagos,16
Hesse,15
Madrid Autonomous Community,15
Lima,15
British Columbia,14
Ontario,14
Kuala Lumpur,14
Washington,14
Hanoi,14
Rio de Janeiro,13
Occitanie,13
Tel Aviv,13
Uttar Pradesh,13
Fukuoka,13
Georgia,13
Da Nang,13
Buenos Aires Province,12
Wallonia,12
Santiago Metropolitan,12
Catalonia,12
Hauts-de-France,12
Okinawa,12
Alberta,11
Capital District,11
Hamburg,11
Rhineland-Palatinate,11
New Jersey,11
New South Wales,10
Bahia,10
Grand-Est,10
Nouvelle-Aquitaine,10
Meknès-Tafilalet,10
North Holland,10
New Taipei,10
Taipei,10
Odeshchyna,10
Massachusetts,10
Prague,9
Valencian Community,9
Scotland,9
Jharkhand,9
Ciudad de Mexico,9
Jalisco,9
Moscow Province,9
Maryland,9
North Carolina,9
Chongqing,8
Galicia,8
Pays-de-la-Loire,8
Lazio,8
Kyoto,8
Hiroshima,8
Mexico State,8
Lesser Poland,8
Krasnodar Krai,8
Novosibirsk,8
Bangkok,8
Taichung,8
Kharkivshchyna,8
Colorado,8
Michigan,8
Vienna,7
Victoria,7
Flanders,7
Ceará,7
Paraná,7
Vaud,7
Antioquia,7
Lower Saxony,7
Capital Region,7
Gujarat,7
West Bengal,7
Hormozgan,7
Lombardy,7
Amman,7
Ibaraki,7
Niigata,7
Nara,7
Busan,7
Incheon,7
Västra Götaland,7
Kaohsiung,7
Chernivtsi Oblast,7
Missouri,7
Tashkent,7
Brussels,6
Abidjan,6
Andalusia,6
Addis Ababa,6
Uusimaa,6
Attica,6
Kerala,6
Gunma,6
Gharb-Chrarda-Béni Hssen,6
Province 3,6
Metro Manila,6
Punjab,6
Sindh,6
Pomerania,6
Cherkashchyna,6
Mississippi,6
Haiphong,6
Salzburg,5
Pernambuco,5
Nova Scotia,5
Gansu,5
Shanxi,5
Schleswig-Holstein,5
Greater Accra,5
Chandigarh,5
Punjab,5
Rajasthan,5
Miyagi,5
Nagano,5
Okayama,5
Utrecht,5
Panamá,5
Lima Region,5
Islamabad,5
Lower Silesia,5
Silesia,5
Greater Poland,5
Bucharest,5
Iași,5
Rostov,5
Riyadh,5
Ankara,5
Poltavshchyna,5
Connecticut,5
Ohio,5
Pennsylvania,5
Capital,5
Yerevan,4
Lower Austria,4
Western Australia,4
Pará,4
Rondônia,4
Santa Catarina,4
Geneva,4
Centre,4
Jiangxi,4
Tianjin,4
Yunnan,4
Valle del Cauca,4
Saxony,4
Distrito Nacional,4
Alexandria,4
Cairo,4
Giza,4
Ashanti,4
Kwai Tsing New Territories,4
Budapest,4
Csongrád,4
West Java,4
Central,4
Northern,4
Andhra Pradesh,4
Madhya Pradesh,4
Aomori,4
Mie,4
Ehime,4
Nairobi County,4
Ulsan,4
Western,4
Oriental,4
Yangon,4
Guanajuato,4
Sinaloa,4
Selangor,4
Flevoland,4
South Holland,4
Oslo,4
Subcarpathia,4
Beograd,4
Omsk,4
Saratov,4
Dakar,4
Tainan,4
Kyivshchyna,4
Kirovohradschyna,4
Rivnenshchyna,4
Chernihivshchyna,4
Central,4
Minnesota,4
Oregon,4
Utah,4
Dubai,3
Buenos Aires,3
Santa Fe,3
Córdoba,3
Queensland,3
La Paz,3
Paraíba,3
Rio Grande do Norte,3
Rio Grande do Sul,3
Minsk,3
Kinshasa,3
Bío Bío,3
Ñuble,3
Valparaíso,3
Cundinamarca,3
Nicosia,3
Guayas,3
Pichincha,3
Dakahlia,3
Aragon,3
Canary Islands,3
Basque Country,3
Brittany,3
Centre-Val de Loire,3
Normandie,3
Estuaire,3
Jakarta,3
Assam,3
Sicily,3
Sardinia,3
Tochigi,3
Bishkek,3
Phnom Penh,3
Daegu,3
Daejeon,3
South Gyeongsang,3
Riga,3
Tangier-Tétouan,3
Limburg,3
Muscat,3
Prahova,3
Bashkortostan,3
Nizhny Novgorod,3
Chon Buri,3
Hsinchu County,3
Yilan,3
Taoyuan,3
Dar es Salaam,3
Volyn,3
Prykarpattia,3
Crimea,3
Ternopilshchyna,3
Alabama,3
Iowa,3
Nebraska,3
Nevada,3
Oklahoma,3
Montevideo,3
Guárico,3
