name,unique_entrances,total_entrances,visit_duration
/en/latest/tutorials/installing-packages/,6986,7163,57
/en/latest/guides/writing-pyproject-toml/,1509,1560,82
/en/latest/tutorials/packaging-projects/,1334,1382,95
/en/latest/guides/installing-using-pip-and-virtual-environments/,1206,1239,41
/en/latest/guides/tool-recommendations/,1170,1182,51
/en/latest/,524,529,120
/en/latest/specifications/binary-distribution-format/,393,396,61
/en/latest/glossary/,270,275,191
/en/latest/key_projects/,214,216,111
/en/latest/guides/distributing-packages-using-setuptools/,195,197,121
/en/latest/discussions/src-layout-vs-flat-layout/,160,164,144
/en/latest/overview/,153,157,200
/en/latest/specifications/pyproject-toml/,130,133,59
/en/latest/specifications/dependency-specifiers/,117,117,88
/en/latest/guides/section-install/,101,101,36
/en/latest/guides/installing-using-linux-tools/,100,102,62
/en/latest/tutorials/managing-dependencies/,98,100,84
/en/latest/guides/packaging-namespace-packages/,96,97,68
/en/latest/specifications/version-specifiers/,88,91,86
/en/latest/discussions/versioning/,87,87,64
/en/latest/specifications/entry-points/,82,82,34
/en/latest/guides/hosting-your-own-index/,80,82,124
/en/latest/guides/creating-command-line-tools/,78,78,89
/en/latest/tutorials/,54,55,152
/en/latest/flow/,53,54,86
/en/latest/specifications/core-metadata/,52,52,82
/en/latest/guides/,51,52,192
/en/latest/guides/section-build-and-publish/,49,50,257
/en/latest/specifications/,48,48,201
/en/latest/guides/publishing-package-distribution-releases-using-github-actions-ci-cd-workflows/,47,49,72
/en/latest/specifications/pypirc/,45,46,36
/en/latest/specifications/dependency-groups/,44,45,11
/en/latest/specifications/inline-script-metadata/,44,45,129
/en/latest/guides/creating-and-discovering-plugins/,40,41,136
/en/latest/guides/using-testpypi/,39,39,79
/en/latest/search/,37,37,73
/en/latest/discussions/setup-py-deprecated/,36,37,158
/en/latest/specifications/platform-compatibility-tags/,34,37,18
/en/latest/guides/modernize-setup-py-project/,33,34,579
/en/latest/guides/packaging-binary-extensions/,33,33,197
/en/latest/discussions/package-formats/,32,32,37
/en/latest/guides/installing-stand-alone-command-line-tools/,29,29,59
/en/latest/discussions/install-requires-vs-requirements/,28,28,53
/en/latest/guides/installing-using-virtualenv/,28,28,18
/en/latest/guides/analyzing-pypi-package-downloads/,27,28,63
/en/latest/guides/installing-scientific-packages/,26,26,40
/en/latest/specifications/pylock-toml/,26,27,151
/en/latest/specifications/externally-managed-environments/,24,24,0
/en/latest/specifications/simple-repository-api/,23,23,179
/en/latest/guides/licensing-examples-and-user-scenarios/,19,19,224
/en/latest/guides/using-manifest-in/,19,19,2
/en/latest/discussions/deploying-python-applications/,16,16,85
/en/latest/discussions/distribution-package-vs-import-package/,15,16,124
/en/latest/discussions/pip-vs-easy-install/,14,14,68
/en/latest/guides/making-a-pypi-friendly-readme/,14,14,16
/en/latest/specifications/name-normalization/,13,13,4
/en/latest/discussions/single-source-version/,12,12,271
/en/latest/guides/index-mirrors-and-caches/,11,11,198
/en/latest/specifications/recording-installed-packages/,11,11,4
/en/latest/specifications/source-distribution-format/,11,11,645
/en/latest/specifications/glob-patterns/,9,9,0
/en/latest/contribute/,7,7,4
/en/latest/guides/dropping-older-python-versions/,6,6,68
/en/latest/guides/migrating-to-pypi-org/,6,6,3
/en/latest/specifications/license-expression/,5,5,5
/en/latest/specifications/well-known-project-urls/,5,5,176
/en/latest/discussions/,4,4,352
/en/latest/guides/single-sourcing-package-version/,4,4,330
/en/latest/specifications/index-hosted-attestations/,4,4,55
/en/latest/specifications/section-installation-metadata/,4,4,0
/en/latest/specifications/virtual-environments/,4,4,420
/en/latest/discussions/downstream-packaging/,3,3,62
/en/latest/news/,3,3,0
/en/latest/specifications/direct-url-data-structure/,3,3,333
/en/latest/specifications/direct-url/,3,3,113
/en/latest/specifications/section-package-indices/,3,3,18
/pt-br/latest/,3,3,412
/en/latest/guides/section-hosting/,2,2,66
/en/latest/specifications/project-status-markers/,2,2,0
/en/latest/specifications/section-distribution-formats/,2,2,237
/en/latest/specifications/section-distribution-metadata/,2,2,1028
/ja/latest/discussions/pip-vs-easy-install/,2,2,152
/ja/latest/guides/writing-pyproject-toml/,2,2,88
/en/latest//genindex/,1,1,0
/en/latest/genindex/,1,1,0
/en/latest/index.html,1,1,0
/en/latest/specifications/section-reproducible-environments/,1,1,0
/en/latest/support/,1,1,2
/ja/latest/guides/distributing-packages-using-setuptools/,1,1,1665
/ja/latest/guides/installing-using-pip-and-virtual-environments/,1,1,211
/ja/latest/specifications/dependency-specifiers/,1,1,1281
/ja/latest/specifications/platform-compatibility-tags/,1,1,918
/ja/latest/specifications/simple-repository-api/,1,1,250
/ja/latest/specifications/version-specifiers/,1,1,229
/ja/latest/tutorials/installing-packages/,1,1,879
/pt-br/latest/guides/installing-using-pip-and-virtual-environments/,1,1,3
/pt-br/latest/guides/tool-recommendations/,1,1,1
/pt-br/latest/key_projects/,1,1,1181
/pt-br/latest/specifications/version-specifiers/,1,1,4
