name,unique_exits,total_exits,exit_rate
/en/latest/tutorials/installing-packages/,6825,6988,
/en/latest/guides/writing-pyproject-toml/,1420,1466,
/en/latest/tutorials/packaging-projects/,1328,1375,
/en/latest/guides/installing-using-pip-and-virtual-environments/,1227,1261,
/en/latest/guides/tool-recommendations/,1077,1087,
/en/latest/,443,447,
/en/latest/specifications/binary-distribution-format/,410,415,
/en/latest/glossary/,336,334,
/en/latest/key_projects/,331,333,
/en/latest/guides/distributing-packages-using-setuptools/,195,198,
/en/latest/overview/,192,194,
/en/latest/discussions/src-layout-vs-flat-layout/,160,164,
/en/latest/specifications/pyproject-toml/,137,140,
/en/latest/guides/installing-using-linux-tools/,132,133,
/en/latest/specifications/dependency-specifiers/,126,125,
/en/latest/specifications/version-specifiers/,108,110,
/en/latest/guides/packaging-namespace-packages/,104,105,
/en/latest/tutorials/managing-dependencies/,104,105,
/en/latest/guides/section-install/,100,100,
/en/latest/specifications/entry-points/,85,86,
/en/latest/discussions/versioning/,81,82,
/en/latest/guides/creating-command-line-tools/,80,80,
/en/latest/guides/hosting-your-own-index/,75,78,
/en/latest/flow/,69,70,
/en/latest/guides/,58,57,
/en/latest/guides/installing-stand-alone-command-line-tools/,57,57,
/en/latest/search/,56,57,
/en/latest/specifications/dependency-groups/,51,52,
/en/latest/guides/publishing-package-distribution-releases-using-github-actions-ci-cd-workflows/,50,52,
/en/latest/tutorials/,49,49,
/en/latest/specifications/core-metadata/,46,46,
/en/latest/specifications/pypirc/,45,46,
/en/latest/discussions/package-formats/,44,44,
/en/latest/guides/creating-and-discovering-plugins/,44,45,
/en/latest/guides/section-build-and-publish/,43,44,
/en/latest/specifications/inline-script-metadata/,43,44,
/en/latest/guides/using-testpypi/,39,39,
/en/latest/specifications/,39,39,
/en/latest/discussions/setup-py-deprecated/,38,39,
/en/latest/guides/modernize-setup-py-project/,37,37,
/en/latest/guides/installing-scientific-packages/,36,36,
/en/latest/specifications/platform-compatibility-tags/,36,39,
/en/latest/discussions/install-requires-vs-requirements/,29,29,
/en/latest/guides/analyzing-pypi-package-downloads/,29,30,
/en/latest/guides/installing-using-virtualenv/,29,29,
/en/latest/guides/packaging-binary-extensions/,29,29,
/en/latest/specifications/pylock-toml/,27,28,
/en/latest/specifications/externally-managed-environments/,25,25,
/en/latest/specifications/simple-repository-api/,25,25,
/en/latest/discussions/distribution-package-vs-import-package/,24,25,
/en/latest/guides/licensing-examples-and-user-scenarios/,24,25,
/en/latest/discussions/deploying-python-applications/,20,20,
/en/latest/discussions/single-source-version/,20,20,
/en/latest/guides/using-manifest-in/,20,20,
/en/latest/specifications/name-normalization/,18,18,
/en/latest/guides/making-a-pypi-friendly-readme/,16,16,
/en/latest/discussions/pip-vs-easy-install/,13,13,
/en/latest/specifications/source-distribution-format/,12,12,
/en/latest/guides/dropping-older-python-versions/,10,10,
/en/latest/specifications/glob-patterns/,10,10,
/en/latest/specifications/license-expression/,8,8,
/en/latest/specifications/recording-installed-packages/,8,8,
/en/latest/specifications/well-known-project-urls/,8,8,
/en/latest/guides/index-mirrors-and-caches/,7,7,
/en/latest/contribute/,5,5,
/en/latest/discussions/,5,5,
/en/latest/guides/migrating-to-pypi-org/,5,5,
/en/latest/specifications/direct-url-data-structure/,5,5,
/en/latest/news/,4,4,
/en/latest/specifications/section-installation-metadata/,4,4,
/en/latest/guides/section-hosting/,3,3,
/en/latest/specifications/direct-url/,3,3,
/en/latest/specifications/index-hosted-attestations/,3,3,
/en/latest/specifications/section-distribution-metadata/,3,3,
/en/latest/specifications/virtual-environments/,3,2,
/en/latest/discussions/downstream-packaging/,2,2,
/en/latest/guides/single-sourcing-package-version/,2,2,
/en/latest/index.html,2,2,
/en/latest/specifications/project-status-markers/,2,2,
/en/latest/specifications/schemas/,2,2,
/en/latest/specifications/section-distribution-formats/,2,2,
/en/latest/specifications/section-package-indices/,2,2,
/en/latest/support/,2,2,
/en/latest//genindex/,1,1,
/en/latest/genindex/,1,1,
/en/latest/guides/supporting-multiple-python-versions/,1,1,
/en/latest/specifications/section-python-description-formats/,1,1,
/en/latest/specifications/section-reproducible-environments/,1,1,
/ja/latest/discussions/pip-vs-easy-install/,1,1,
/ja/latest/guides/installing-using-pip-and-virtual-environments/,1,1,
/ja/latest/guides/tool-recommendations/,1,1,
/ja/latest/guides/using-testpypi/,1,1,
/ja/latest/guides/writing-pyproject-toml/,1,1,
/ja/latest/specifications/simple-repository-api/,1,1,
/ja/latest/specifications/version-specifiers/,1,1,
/ja/latest/tutorials/installing-packages/,1,1,
/pt-br/latest/,1,1,
/pt-br/latest/glossary/,1,1,
/pt-br/latest/guides/installing-using-pip-and-virtual-environments/,1,1,
/pt-br/latest/guides/writing-pyproject-toml/,1,1,
