name,version,visitors
Chrome,143.0,156
Microsoft Edge,143.0,62
Chrome,142.0,21
Microsoft Edge,142.0,12
Firefox,146.0,10
Safari,18.6,4
Mobile App,(not set),2
Chrome,135.0,2
Firefox,145.0,2
Safari,26.1,2
Safari,26.2,2
Brave,(not set),1
Microsoft Edge,109.0,1
Chrome,111.0,1
Huawei Browser,12.1,1
Chrome,122.0,1
Opera,124.0,1
Chrome,126.0,1
Microsoft Edge,131.0,1
Chrome,132.0,1
Chrome,133.0,1
Chrome,139.0,1
Microsoft Edge,139.0,1
Firefox,140.0,1
Chrome,140.0,1
Microsoft Edge,141.0,1
Firefox,144.0,1
Safari,17.4,1
Safari,17.6,1
Safari,18.4,1
Safari,18.5,1
Safari,26.3,1
