name,visitors,pageviews,bounce_rate,time_on_page,scroll_depth
/ja/latest/tutorials/installing-packages/,83,89,84,51,42
/ja/latest/guides/writing-pyproject-toml/,69,73,88,40,40
/ja/latest/guides/installing-using-pip-and-virtual-environments/,57,59,100,33,48
/ja/latest/tutorials/packaging-projects/,18,20,79,16,34
/ja/latest/discussions/src-layout-vs-flat-layout/,14,16,87,40,95
/ja/latest/guides/distributing-packages-using-setuptools/,9,8,75,2,33
/ja/latest/discussions/setup-py-deprecated/,5,4,75,50,100
/ja/latest/key_projects/,5,4,75,18,32
/ja/latest/,4,5,33,60,63
/ja/latest/guides/packaging-namespace-packages/,4,5,75,9,50
/ja/latest/specifications/dependency-specifiers/,4,4,67,29,35
/ja/latest/specifications/version-specifiers/,4,3,100,70,35
/ja/latest/glossary/,3,3,50,9,32
/ja/latest/guides/modernize-setup-py-project/,3,3,100,17,41
/ja/latest/specifications/core-metadata/,3,5,33,40,16
/ja/latest/discussions/versioning/,2,2,100,,
/ja/latest/guides/creating-and-discovering-plugins/,2,2,100,8,100
/ja/latest/guides/creating-command-line-tools/,2,3,100,,
/ja/latest/guides/dropping-older-python-versions/,2,3,0,35,100
/ja/latest/guides/index-mirrors-and-caches/,2,2,50,36,100
/ja/latest/guides/installing-stand-alone-command-line-tools/,2,3,50,65,100
/ja/latest/guides/installing-using-linux-tools/,2,2,100,,
/ja/latest/guides/packaging-binary-extensions/,2,2,100,1,10
/ja/latest/guides/using-manifest-in/,2,2,0,4,100
/ja/latest/overview/,2,2,0,85,26
/ja/latest/search/,2,2,0,10,56
/ja/latest/specifications/binary-distribution-format/,2,2,100,65,45
/ja/latest/specifications/index-hosted-attestations/,2,2,100,50,75
/ja/latest/specifications/pyproject-toml/,2,2,100,4,35
/ja/latest/specifications/simple-repository-api/,2,2,0,88,8
/ja/latest/tutorials/,2,1,100,1,100
/ja/latest/tutorials/managing-dependencies/,2,2,100,30,100
/ja/latest/discussions/,1,1,0,9,100
/ja/latest/discussions/distribution-package-vs-import-package/,1,1,100,329,99
/ja/latest/discussions/package-formats/,1,1,100,10,67
/ja/latest/flow/,1,1,0,38,100
/ja/latest/guides/,1,1,0,18,100
/ja/latest/guides/hosting-your-own-index/,1,1,100,0,100
/ja/latest/guides/licensing-examples-and-user-scenarios/,1,1,100,27,70
/ja/latest/guides/publishing-package-distribution-releases-using-github-actions-ci-cd-workflows/,1,1,100,,
/ja/latest/guides/using-testpypi/,1,1,100,5,67
/ja/latest/specifications/,1,1,0,,
/ja/latest/specifications/direct-url/,1,1,100,11,100
/ja/latest/specifications/license-expression/,1,1,100,,
/ja/latest/specifications/name-normalization/,1,1,0,,
/ja/latest/specifications/platform-compatibility-tags/,1,1,100,15,34
/ja/latest/specifications/pypirc/,1,1,100,23,100
/ja/latest/specifications/recording-installed-packages/,1,2,0,58,100
