name,visitors,bounce_rate,visit_duration
google.com,986,77,130
Direct / None,713,67,203
bing.com,58,80,51
search.brave.com,42,73,67
openclassrooms.com,35,75,50
python.org,32,0,285
duckduckgo.com,21,55,49
qwant.com,21,95,6
ecosia.org,17,88,27
chatgpt.com,16,85,52
capytale2.ac-paris.fr,11,64,273
fr.search.yahoo.com,10,80,18
google.fr,5,40,27
github.com,4,25,94
martinique.elea.apps.education.fr,4,75,71
moodle.gymnasedebeaulieu.ch,4,100,0
moodle.umontpellier.fr,4,75,11
nohtyprm.github.io,4,100,0
python.sdv.u-paris.fr,4,100,0
aura-73.elea.apps.education.fr,3,100,0
foad.ensicaen.fr,3,33,47
l.instagram.com,3,100,0
moodle.umontpellier.fr/mod/book/view.php,3,67,439
youtube.com,3,100,883
chat.mistral.ai,2,50,58
elearning.univ-eiffel.fr,2,100,0
ena.etsmtl.ca,2,50,3
foucherconnect.fr,2,100,0
fsg-pax-p-jhn01.pax.ulaval.ca,2,50,211
github.com/uvsq-l1-info100/l1-python/blob/main/TD/TD1/TD1_prise_en_main.md,2,100,0
jupyter.org,2,100,0
moodle.lyceestendhal.it,2,100,0
moodle.unige.ch,2,0,549
moodle.univ-lille.fr,2,50,4
notebooks.githubusercontent.com,2,50,1
phys-mod.github.io,2,33,88
pixees.fr,2,100,0
schooding.fr,2,33,1834
search.lilo.org,2,50,10
tapnav.com,2,100,65
wiki.python.org,2,100,0
ytrack.learn.ynov.com,2,100,0
afpy.org,1,0,6
app.datascientist.fr,1,100,0
browniebroke.com,1,0,20
cas.univ-eiffel.fr,1,0,13
copilot.microsoft.com,1,100,0
discordpy.readthedocs.io,1,0,1343
discuss.python.org,1,0,23
docs.google.com,1,0,4
facebook.com,1,100,0
fr.wikipedia.org,1,0,17
francoisbrucker.github.io,1,100,0
gemini.google.com,1,0,20
google.be,1,0,149
google.com.hk,1,0,9
gstatic.com,1,0,23
informatique-lycee.forge.apps.education.fr,1,100,0
kitt.lewagon.com,1,0,510
l.facebook.com,1,100,0
l1-nbgrader.univ-lyon1.fr,1,100,0
learn.lewagon.com,1,100,0
learning.esiea.fr,1,100,0
leshirondellesdunet.com,1,100,0
moodle-lettres-25.sorbonne-universite.fr,1,100,0
moodle-ovh.isep.fr,1,0,208
moodle.bordeaux-inp.fr,1,100,0
moodle.ephec.be,1,0,8
moodle.polymtl.ca,1,100,0
moodle.umontpellier.fr/mod/url/view.php,1,0,13
moodle.unil.ch,1,0,45
moodle.univ-jfc.fr,1,100,0
notebook.basthon.fr,1,100,0
noto.epfl.ch,1,0,28
peps.python.org,1,0,22
perplexity.ai,1,100,0
python-sdv-u--paris-fr.translate.goog,1,100,0
qc.search.yahoo.com,1,0,1795
qwantjunior.com,1,100,0
r.search.yahoo.com/_ylt=AwrFEQ3LfNloL9A7ezMXFwx.;_ylu=Y29sbwNiZjEEcG9zAzIEdnRpZAMEc2VjA3Ny/RV=2/RE=1759112524/RO=10/RU=https%3a%2f%2fdocs.python.org%2ffr%2f3%2ftutorial%2f/RK=2/RS=h8CrdqryaPURl4gdpMT17j2BjI8-,1,100,0
r.search.yahoo.com/_ylt=AwrkOgV.TNloEQIAxLMk24lQ;_ylu=Y29sbwNpcjIEcG9zAzEEdnRpZAMEc2VjA3Ny/RV=2/RE=1760280959/RO=10/RU=https%3a%2f%2fdocs.python.org%2ffr%2f3%2flibrary%2frandom.html/RK=2/RS=PUBxMF5kOm3Ua34gs90_.FabIhY-,1,100,0
sfeir.dev/back/la-magie-des-fonctions-dans-re-sub,1,100,0
toptips.fr,1,0,154
tresfacile.net,1,0,3538
user-kamich22-231358-0.user.lab.sspcloud.fr,1,100,0
zonensi.fr/NSI/Terminale/C01/Intro,1,100,0
