name,unique_entrances,total_entrances,visit_duration
/ja/3/library/codecs.html,405,410,39
/ja/3/,104,113,277
/ja/3.13/tutorial/,96,99,193
/ja/3/tutorial/,86,87,255
/ja/3/tutorial/index.html,70,71,189
/ja/3/library/functions.html,64,65,163
/ja/3.13/library/datetime.html,62,65,143
/ja/3.13/library/functions.html,62,63,291
/ja/3/library/stdtypes.html,56,61,316
/ja/3/library/index.html,55,57,157
/ja/3.13/library/index.html,49,50,87
/ja/3.13/library/stdtypes.html,47,47,53
/ja/3.13/library/random.html,40,42,20
/ja/3.13/library/re.html,40,44,40
/3/,39,40,427
/ja/3/tutorial/datastructures.html,36,36,185
/ja/3.13/library/subprocess.html,34,35,246
/ja/3/c-api/import.html,34,34,1
/ja/3.13/library/typing.html,33,35,156
/ja/3.13/library/pathlib.html,32,34,118
/ja/3.13/library/tkinter.ttk.html,28,28,26
/ja/3.13/tutorial/interpreter.html,27,28,133
/ja/3.13/library/os.path.html,26,26,16
/ja/3.13/tutorial/index.html,26,27,558
/ja/3/tutorial/introduction.html,26,35,174
/ja/3.13/library/logging.html,25,25,131
/ja/3/tutorial/controlflow.html,24,25,61
/ja/3.13/installing/index.html,23,28,53
/ja/3.13/library/tkinter.html,23,23,88
/ja/3/tutorial/interpreter.html,21,21,166
/ja/3.13/library/csv.html,20,22,73
/ja/3.13/library/os.html,20,20,130
/ja/3.13/library/venv.html,20,21,48
/ja/3.13/library/enum.html,19,20,28
/ja/3.13/library/itertools.html,19,19,111
/ja/3.13/library/math.html,19,19,10
/ja/3.13/library/time.html,19,19,89
/ja/3.13/tutorial/inputoutput.html,18,18,20
/ja/3/library/venv.html,18,18,63
/ja/3.13/,17,17,158
/ja/3.13/howto/sorting.html,17,17,4
/ja/3.13/library/asyncio-task.html,17,17,259
/ja/3.13/tutorial/controlflow.html,17,17,237
/ja/3/search.html,17,18,258
/ja/3.13/library/exceptions.html,16,16,111
/ja/3.13/tutorial/errors.html,16,16,4
/ja/3/tutorial/appetite.html,16,16,45
/ja/3.13/library/__main__.html,15,15,10
/ja/3.13/library/dataclasses.html,15,15,0
/ja/3.13/library/string.html,15,15,214
/ja/3.13/library/struct.html,15,16,13
/ja/3.13/tutorial/classes.html,15,15,0
/ja/3.13/whatsnew/index.html,15,15,3
/ja/3/index.html,15,15,299
/ja/3/library/datetime.html,15,16,223
/ja/3/reference/index.html,15,16,66
/ja/3.13/library/concurrent.futures.html,14,14,105
/ja/3.13/reference/datamodel.html,14,14,194
/ja/3.13/reference/index.html,14,14,506
/ja/3.13/search.html,14,16,252
/ja/3.13/tutorial/introduction.html,14,16,288
/ja/3/library/re.html,14,15,52
/ja/3/library/tkinter.html,14,14,113
/ja/3.13/library/argparse.html,13,13,304
/ja/3.13/library/collections.html,13,13,0
/ja/3.13/using/windows.html,13,13,21
/ja/3/reference/compound_stmts.html,13,13,240
/ja/3.13/library/socket.html,12,12,198
/ja/3.13/library/threading.html,12,12,7
/ja/3/library/math.html,12,12,152
/ja/3/library/xml.etree.elementtree.html,12,13,642
/ja/3.13/library/ctypes.html,11,11,0
/ja/3.13/library/idle.html,11,11,18
/ja/3.13/library/io.html,11,11,269
/ja/3.13/library/json.html,11,11,169
/ja/3.13/tutorial/modules.html,11,11,132
/ja/3/library/random.html,11,11,13
/ja/dev/tutorial/errors.html,11,11,11
/ja/3.13/glossary.html,10,10,176
/ja/3.13/library/codecs.html,10,10,3
/ja/3.13/library/signal.html,10,10,106
/ja/3.13/library/sqlite3.html,10,10,0
/ja/3.13/reference/expressions.html,10,10,107
/ja/3/reference/datamodel.html,10,11,94
/ja/3/reference/lexical_analysis.html,10,10,21
/ja/3.13/library/decimal.html,9,9,4
/ja/3.13/library/logging.handlers.html,9,9,118
/ja/3.13/library/shutil.html,9,9,65
/ja/3.13/library/zipfile.html,9,9,13
/ja/3/glossary.html,9,9,12
/ja/3/library/itertools.html,9,9,26
/ja/3/tutorial/modules.html,9,9,187
/ja/3/using/cmdline.html,9,9,47
/3/tutorial/index.html,8,8,212
/ja/3.13/library/array.html,8,9,9
/ja/3.13/library/inspect.html,8,9,0
/ja/3.13/library/unittest.mock.html,8,8,12
/ja/3.13/library/urllib.parse.html,8,8,8
/ja/3.13/library/webbrowser.html,8,8,51
/ja/3.13/tutorial/appetite.html,8,8,292
/ja/3.13/tutorial/floatingpoint.html,8,8,174
/ja/3/library/exceptions.html,8,8,219
/ja/3/library/string.html,8,8,207
/ja/3/library/tk.html,8,8,3
/ja/3/tutorial/classes.html,8,10,140
/ja/3/using/windows.html,8,8,2
/ja/3.13/howto/logging.html,7,7,3
/ja/3.13/library/abc.html,7,7,22
/ja/3.13/library/asyncio.html,7,8,761
/ja/3.13/library/functools.html,7,7,1
/ja/3.13/library/ipaddress.html,7,7,0
/ja/3.13/library/multiprocessing.html,7,7,46
/ja/3.13/library/traceback.html,7,8,53
/ja/3.13/library/turtle.html,7,7,1
/ja/3/library/,7,8,174
/ja/3/library/crypt.html,7,9,2
/ja/3/library/decimal.html,7,7,87
/ja/3/library/os.html,7,7,1
/ja/3/library/pathlib.html,7,7,530
/ja/3/library/typing.html,7,7,502
/ja/3/py-modindex.html,7,7,128
/ja/3/tutorial/inputoutput.html,7,8,357
/ja/3/whatsnew/3.13.html,7,11,240
/ja/3.12/index.html,6,6,84
/ja/3.12/library/functions.html,6,6,391
/ja/3.13/library/asyncio-eventloop.html,6,6,104
/ja/3.13/library/bisect.html,6,7,46
/ja/3.13/library/configparser.html,6,6,209
/ja/3.13/library/dialog.html,6,7,223
/ja/3.13/library/operator.html,6,6,19
/ja/3.13/library/pickle.html,6,6,57
/ja/3.13/library/queue.html,6,6,86
/ja/3.13/library/sys.html,6,6,170
/ja/3.13/library/tempfile.html,6,6,4
/ja/3.13/using/index.html,6,6,1
/ja/3/library/collections.html,6,6,402
/ja/3/library/csv.html,6,6,0
/ja/3/reference/expressions.html,6,6,562
/ja/3/reference/introduction.html,6,6,0
/3.13/tutorial/index.html,5,5,543
/3/whatsnew/3.13.html,5,5,397
/ja/3.12/library/multiprocessing.shared_memory.html,5,5,169
/ja/3.13/library/calendar.html,5,5,0
/ja/3.13/library/heapq.html,5,5,54
/ja/3.13/library/importlib.html,5,5,0
/ja/3.13/library/pdb.html,5,5,305
/ja/3.13/library/statistics.html,5,5,335
/ja/3.13/library/winsound.html,5,5,252
/ja/3.13/reference/executionmodel.html,5,5,18
/ja/3.14/,5,5,6
/ja/3/howto/sorting.html,5,5,44
/ja/3/library/functools.html,5,5,42
/ja/3/library/http.client.html,5,5,4
/ja/3/library/shutil.html,5,5,0
/ja/3/library/turtle.html,5,5,0
/ja/3/reference/simple_stmts.html,5,5,792
/ja/3/tutorial/errors.html,5,5,600
/ja/3.13/c-api/module.html,4,5,377
/ja/3.13/faq/programming.html,4,4,87
/ja/3.13/howto/sockets.html,4,4,0
/ja/3.13/library/contextlib.html,4,4,48
/ja/3.13/library/hashlib.html,4,4,68
/ja/3.13/library/http.cookiejar.html,4,4,0
/ja/3.13/library/pprint.html,4,4,0
/ja/3.13/library/stat.html,4,4,128
/ja/3.13/library/types.html,4,4,44
/ja/3.13/library/unittest.html,4,4,0
/ja/3.13/library/urllib.request.html,4,4,589
/ja/3.13/library/warnings.html,4,4,140
/ja/3.13/reference/import.html,4,5,2
/ja/3.13/whatsnew/3.13.html,4,4,215
/ja/3.14/tutorial/interpreter.html,4,5,0
/ja/3/extending/extending.html,4,4,10
/ja/3/howto/argparse.html,4,4,0
/ja/3/howto/logging.html,4,4,142
/ja/3/installing/index.html,4,5,6
/ja/3/library/asyncio-task.html,4,4,250
/ja/3/library/asyncio.html,4,4,144
/ja/3/library/doctest.html,4,4,0
/ja/3/library/json.html,4,4,1032
/ja/3/library/logging.html,4,4,0
/ja/3/library/multiprocessing.html,4,4,324
/ja/3/library/pickle.html,4,4,0
/ja/3/tutorial/venv.html,4,4,778
/ja/3/whatsnew/3.8.html,4,6,0
/ja/dev/tutorial/stdlib2.html,4,4,0
/3.12/,3,3,122
/3.13/index.html,3,3,114
/3.13/using/windows.html,3,3,229
/3/library/random.html,3,4,10
/3/reference/datamodel.html,3,3,134
/3/reference/index.html,3,3,95
/ja/3.12/,3,3,256
/ja/3.12/library/os.html,3,3,0
/ja/3.13/faq/general.html,3,3,34
/ja/3.13/howto/curses.html,3,3,0
/ja/3.13/howto/regex.html,3,3,0
/ja/3.13/howto/unicode.html,3,3,573
/ja/3.13/index.html,3,4,306
/ja/3.13/library/base64.html,3,3,4
/ja/3.13/library/contextvars.html,3,3,0
/ja/3.13/library/doctest.html,3,3,0
/ja/3.13/library/glob.html,3,3,0
/ja/3.13/library/http.server.html,3,3,0
/ja/3.13/library/logging.config.html,3,3,532
/ja/3.13/library/mailbox.html,3,3,1845
/ja/3.13/library/mmap.html,3,3,31
/ja/3.13/library/modulefinder.html,3,3,0
/ja/3.13/library/smtplib.html,3,3,0
/ja/3.13/library/tokenize.html,3,3,463
/ja/3.13/reference/simple_stmts.html,3,3,6
/ja/3/contents.html,3,3,2932
/ja/3/howto/logging-cookbook.html,3,3,296
/ja/3/howto/regex.html,3,3,0
/ja/3/library/__main__.html,3,3,181
/ja/3/library/argparse.html,3,3,0
/ja/3/library/asyncio-stream.html,3,3,0
/ja/3/library/base64.html,3,3,4
/ja/3/library/collections.abc.html,3,3,1177
/ja/3/library/fractions.html,3,3,0
/ja/3/library/html.parser.html,3,3,0
/ja/3/library/subprocess.html,3,3,0
/ja/3/library/tkinter.scrolledtext.html,3,3,0
/ja/3/library/urllib.request.html,3,3,0
/ja/3/reference/import.html,3,3,0
/ja/3/tutorial/stdlib2.html,3,3,0
/ja/dev/library/multiprocessing.html,3,3,376
/ja/dev/library/pwd.html,3,3,0
/ja/dev/whatsnew/3.13.html,3,3,76
/3.13/,2,2,1052
/3.13/tutorial/,2,2,17
/3.14/whatsnew/3.14.html,2,2,534
/3/library/asyncio-task.html,2,2,0
/3/library/functions.html,2,2,38
/3/library/pathlib.html,2,2,1440
/3/search.html,2,2,718
/3/using/windows.html,2,2,4
/ja/3.12/library/crypt.html,2,2,452
/ja/3.12/library/index.html,2,2,0
/ja/3.12/library/timeit.html,2,2,64
/ja/3.12/library/tomllib.html,2,2,90
/ja/3.12/tutorial/,2,2,30
/ja/3.12/using/windows.html,2,2,0
/ja/3.13/c-api/arg.html,2,2,0
/ja/3.13/c-api/buffer.html,2,2,0
/ja/3.13/c-api/capsule.html,2,2,232
/ja/3.13/faq/installed.html,2,2,0
/ja/3.13/howto/functional.html,2,2,0
/ja/3.13/library/ast.html,2,2,0
/ja/3.13/library/collections.abc.html,2,2,4
/ja/3.13/library/copy.html,2,2,0
/ja/3.13/library/difflib.html,2,2,0
/ja/3.13/library/ensurepip.html,2,2,0
/ja/3.13/library/fcntl.html,2,2,0
/ja/3.13/library/fractions.html,2,2,0
/ja/3.13/library/ftplib.html,2,2,1164
/ja/3.13/library/graphlib.html,2,2,125
/ja/3.13/library/gzip.html,2,2,0
/ja/3.13/library/hmac.html,2,2,0
/ja/3.13/library/http.cookies.html,2,2,0
/ja/3.13/library/http.html,2,2,0
/ja/3.13/library/imaplib.html,2,3,0
/ja/3.13/library/locale.html,2,2,98
/ja/3.13/library/numbers.html,2,2,0
/ja/3.13/library/profile.html,2,2,9
/ja/3.13/library/readline.html,2,2,613
/ja/3.13/library/tarfile.html,2,2,0
/ja/3.13/library/test.html,2,2,182
/ja/3.13/library/timeit.html,2,2,0
/ja/3.13/library/tomllib.html,2,2,0
/ja/3.13/library/tracemalloc.html,2,2,0
/ja/3.13/library/unicodedata.html,2,2,0
/ja/3.13/library/unix.html,2,2,17
/ja/3.13/library/urllib.html,2,2,0
/ja/3.13/library/uuid.html,2,2,0
/ja/3.13/library/winreg.html,2,2,0
/ja/3.13/library/xmlrpc.server.html,2,2,265
/ja/3.13/library/zlib.html,2,2,133
/ja/3.13/tutorial/appendix.html,2,2,386
/ja/3.13/tutorial/datastructures.html,2,2,1631
/ja/3.13/tutorial/venv.html,2,2,0
/ja/3.13/using/cmdline.html,2,2,0
/ja/3.13/using/unix.html,2,2,80
/ja/3.14/tutorial/index.html,2,2,2
/ja/3.14/whatsnew/3.14.html,2,2,156
/ja/3.15/tutorial/index.html,2,4,75
/ja/3.15/tutorial/interpreter.html,2,2,0
/ja/3/extending/embedding.html,2,2,0
/ja/3/faq/design.html,2,2,2
/ja/3/howto/descriptor.html,2,2,122
/ja/3/library/ast.html,2,3,0
/ja/3/library/calendar.html,2,2,0
/ja/3/library/concurrent.futures.html,2,3,0
/ja/3/library/dataclasses.html,2,2,0
/ja/3/library/faulthandler.html,2,2,0
/ja/3/library/html.html,2,2,0
/ja/3/library/importlib.metadata.html,2,2,0
/ja/3/library/io.html,2,2,0
/ja/3/library/secrets.html,2,2,0
/ja/3/library/signal.html,2,2,0
