name,visitors
Milan,19
Rome,16
Delhi,3
Verona,3
Naples,3
Florence,3
Bologna,3
Samara,2
Krasnodar,2
Surabaya,2
Hangzhou,2
Palermo,2
Lugano,2
Venice,2
Turin,2
Perugia,2
Padova,2
Novara,2
Genoa,2
Fermo,2
Brescia,2
São Paulo,2
New York City,2
Alexandria,1
Warsaw,1
New Delhi,1
Kolkata,1
Tashkent,1
Xi’an,1
Changsha,1
Tokyo,1
Conakry,1
Misterbianco,1
Kenitra,1
Zürich,1
Vienna,1
Solingen,1
Köln,1
Spino d'Adda,1
San Pietro di Feletto,1
Reggio nell'Emilia,1
Pontida,1
Pisa,1
Nola,1
Modugno,1
Ginosa,1
Civitavecchia,1
Cazzago San Martino-Calino,1
Castions di Strada,1
Juchitán de Zaragoza,1
Marco Island,1
Cedar Park,1
Oberstammheim,1
Suisio,1
