name,visitors,pageviews,bounce_rate,time_on_page
/es/3.13/tutorial/index.html,413,527,53,134.92460317460316
/es/3/tutorial/,279,357,48,120.52873563218391
/es/3.13/library/tkinter.html,249,333,72,638.0
/es/3.13/tutorial/introduction.html,154,205,74,201.22388059701493
/es/3.13/tutorial/interpreter.html,142,192,86,208.3
/es/3.13/tutorial/venv.html,142,169,90,981.875
/es/3/tutorial/appetite.html,131,150,78,125.54347826086956
/es/3/tutorial/interpreter.html,131,209,67,154.42857142857142
/es/3/tutorial/classes.html,120,144,84,426.5238095238095
/es/3.13/tutorial/appetite.html,111,144,43,136.83168316831683
/es/3.13/,108,134,50,66.67032967032966
/es/3/,107,124,56,47.45614035087719
/es/3/tutorial/index.html,107,140,53,86.92857142857143
/es/3.13/library/index.html,106,134,51,95.79012345679013
/es/3.13/installing/index.html,99,111,88,486.7
/es/3/tutorial/introduction.html,99,133,67,443.70588235294116
/es/3.13/search.html,93,177,54,103.02222222222223
/es/3.13/tutorial/controlflow.html,87,122,90,287.6666666666667
/es/3.13/library/functions.html,84,135,71,423.125
/es/3.13/tutorial/datastructures.html,84,100,79,282.3333333333333
/es/3.13/library/stdtypes.html,68,89,69,286.2
/es/3/tutorial/controlflow.html,67,93,71,263.8076923076923
/es/3.13/library/tk.html,66,77,44,77.32558139534883
/es/3/library/index.html,65,81,57,72.24324324324324
/es/3.13/library/idle.html,63,71,83,193.33333333333334
/es/3.12/tutorial/interpreter.html,51,81,79,982.3333333333334
/es/3.13/library/random.html,51,57,85,418.0
/es/3.13/library/re.html,51,64,74,589.0833333333334
/es/3/library/stdtypes.html,51,69,83,457.5
/es/3.13/tutorial/inputoutput.html,50,57,88,544.3333333333334
/es/3.13/library/datetime.html,49,54,88,273.4
/es/3.13/tutorial/modules.html,44,49,81,245.5
/es/3.13/tutorial/errors.html,43,49,92,378.44444444444446
/es/3/howto/regex.html,41,48,76,372.57142857142856
/es/3/library/json.html,40,43,83,766.2
/es/3/tutorial/datastructures.html,40,54,78,213.57894736842104
/es/3.13/glossary.html,39,46,81,158.65
/es/3.13/library/csv.html,39,43,94,151.0
/es/3/library/functions.html,38,61,74,551.4545454545455
/es/3.13/library/venv.html,36,42,87,255.16666666666666
/es/dev/using/windows.html,36,39,86,901.0
/es/3.13/library/string.html,34,38,67,376.64285714285717
/es/3.13/using/windows.html,33,40,83,205.35714285714286
/es/3.13/library/math.html,32,37,83,590.25
/es/3.13/library/tkinter.ttk.html,31,33,89,100.6
/es/3/search.html,31,50,12,41.6
/es/3.13/howto/logging.html,30,36,82,179.6
/es/3/library/argparse.html,30,32,83,925.4
/es/3/library/tkinter.html,30,40,73,920.8333333333334
/es/dev/tutorial/controlflow.html,30,35,63,624.1111111111111
/es/3.13/reference/import.html,27,31,69,395.0
/es/3.13/contents.html,24,30,0,39.61904761904762
/es/3.13/howto/sorting.html,23,26,70,190.0
/es/3.13/library/array.html,22,22,94,307.5
/es/3.13/library/sqlite3.html,22,26,83,81.4
/es/3.13/tutorial/classes.html,21,22,67,23.0
/es/3/genindex-Símbolos.html,21,24,43,81.84615384615384
/es/3/tutorial/venv.html,21,23,77,187.83333333333334
/es/3.13/reference/executionmodel.html,20,25,88,570.75
/es/3.13/library/__main__.html,19,19,94,199.0
/es/3.13/library/sys.html,19,24,62,545.7777777777778
/es/3.13/reference/compound_stmts.html,19,22,71,111.44444444444444
/es/3/tutorial/modules.html,19,24,86,62.30769230769231
/es/3.13/index.html,18,20,0,9.666666666666666
/es/3.13/py-modindex.html,18,24,0,26.94736842105263
/es/3.13/tutorial/,18,20,100,61.30769230769231
/es/3/library/asyncio.html,18,18,62,75.5
/es/3/library/statistics.html,18,18,100,
/es/3/using/windows.html,18,20,88,236.33333333333334
/es/3.13/library/intro.html,17,19,100,206.69230769230768
/es/3.13/using/editors.html,17,20,80,202.25
/es/3.13/whatsnew/3.13.html,17,21,50,200.23076923076923
/es/3/faq/windows.html,17,18,76,523.6666666666666
/es/3.13/reference/index.html,16,18,50,59.857142857142854
/es/3/glossary.html,16,24,67,559.0
/es/3/library/decimal.html,16,17,92,48.0
/es/3/reference/expressions.html,16,19,62,317.125
/es/3.13/library/smtplib.html,15,15,79,131.66666666666666
/es/3.13/using/cmdline.html,15,19,67,113.66666666666667
/es/3/index.html,15,16,29,22.09090909090909
/es/3/installing/index.html,15,19,85,1097.0
/es/3/library/math.html,15,18,80,1193.5
/es/3/tutorial/stdlib.html,15,16,33,159.55555555555554
/es/3/library/enum.html,14,16,67,82.0
/es/dev/library/math.html,14,15,79,204.5
/es/3.13/library/concurrent.futures.html,13,15,55,292.0
/es/3.13/library/filesys.html,13,14,55,151.71428571428572
/es/3/library/base64.html,13,18,71,772.0
/es/3/tutorial/inputoutput.html,13,13,80,22.25
/es/3/using/cmdline.html,13,13,100,175.0
/es/3.13/howto/unicode.html,12,14,64,741.6666666666666
/es/3.13/library/email.examples.html,12,13,92,629.0
/es/3.13/library/exceptions.html,12,14,0,78.4
/es/3.13/library/pathlib.html,12,14,60,471.25
/es/3.13/library/shutil.html,12,12,89,75.0
/es/3.13/library/turtle.html,12,14,80,432.0
/es/3.13/library/xml.etree.elementtree.html,12,14,91,370.5
/es/3.13/reference/lexical_analysis.html,12,13,100,56.0
/es/3/library/datetime.html,12,14,62,1072.5
/es/3/library/warnings.html,12,12,60,98.75
