name,unique_exits,total_exits,exit_rate
/ko/dev/c-api/marshal.html,135,137,
/ko/3/tutorial/index.html,32,35,
/ko/3/,29,30,
/ko/3.15/using/windows.html,21,22,
/ko/3.13/tutorial/index.html,20,27,
/uk/dev/extending/newtypes_tutorial.html,17,17,
/ko/3.14/search.html,10,10,
/ko/3.12/library/functions.html,9,9,
/ko/3/tutorial/controlflow.html,9,9,
/ko/3/tutorial/datastructures.html,9,9,
/ko/3/tutorial/interpreter.html,9,9,
/dev/using/windows.html,8,8,
/ko/3.14/tutorial/index.html,8,8,
/ko/3/library/functions.html,8,8,
/ko/3/library/venv.html,8,8,
/3/,7,7,
/ko/3.12/library/exceptions.html,7,7,
/ko/3/library/idle.html,7,7,
/ko/3/library/index.html,7,7,
/uk/dev/whatsnew/3.8.html,7,6,
/ko/3.12/library/index.html,6,6,
/ko/3/installing/index.html,6,6,
/ko/3/library/codecs.html,6,6,
/ko/3/library/random.html,6,6,
/ko/3/library/stdtypes.html,6,6,
/ko/3/library/tkinter.html,6,6,
/ko/3/using/windows.html,6,6,
/ko/3.12/bugs.html,5,5,
/ko/3.12/library/asyncio-task.html,5,5,
/ko/3.12/library/socket.html,5,5,
/ko/3/library/json.html,5,5,
/ko/3/library/math.html,5,5,
/ko/3/library/pathlib.html,5,5,
/ko/3/reference/,5,5,
/ko/3/tutorial/introduction.html,5,5,
/ko/dev/library/codecs.html,5,5,
/3/tutorial/,4,4,
/ko/3.12/c-api/perfmaps.html,4,4,
/ko/3.12/copyright.html,4,4,
/ko/3.12/glossary.html,4,4,
/ko/3.12/library/netdata.html,4,4,
/ko/3.12/library/urllib.robotparser.html,4,4,
/ko/3.13/howto/sorting.html,4,4,
/ko/3.13/library/collections.html,4,4,
/ko/3.13/tutorial/introduction.html,4,5,
/ko/3.14/,4,4,
/ko/3.14/library/functions.html,4,4,
/ko/3.14/tutorial/controlflow.html,4,4,
/ko/3.14/tutorial/introduction.html,4,4,
/ko/3/contents.html,4,4,
/ko/3/library/datetime.html,4,4,
/ko/3/library/heapq.html,4,4,
/ko/3/tutorial/appetite.html,4,4,
/ko/dev/library/turtle.html,4,4,
/ko/3.12/library/codecs.html,3,3,
/ko/3.12/library/mailbox.html,3,3,
/ko/3.12/library/urllib.request.html,3,3,
/ko/3.12/library/xml.dom.html,3,3,
/ko/3.12/tutorial/index.html,3,3,
/ko/3.13/c-api/index.html,3,3,
/ko/3.13/installing/index.html,3,3,
/ko/3.13/library/os.html,3,3,
/ko/3.15/library/idle.html,3,3,
/ko/3/glossary.html,3,3,
/ko/3/library/asyncio-task.html,3,3,
/ko/3/library/csv.html,3,3,
/ko/3/library/difflib.html,3,3,
/ko/3/library/queue.html,3,3,
/ko/3/library/re.html,3,3,
/ko/3/library/threading.html,3,3,
/ko/3/reference/import.html,3,3,
/ko/3/search.html,3,3,
/ko/3/tutorial/inputoutput.html,3,3,
/ko/3/whatsnew/3.8.html,3,3,
/3/library/logging.html,2,2,
/3/tutorial/index.html,2,2,
/3/tutorial/introduction.html,2,2,
/ko/3.12/c-api/buffer.html,2,2,
/ko/3.12/c-api/reflection.html,2,2,
/ko/3.12/library/asyncio-eventloop.html,2,2,
/ko/3.12/library/asyncio-subprocess.html,2,2,
/ko/3.12/library/asyncio.html,2,2,
/ko/3.12/library/binary.html,2,2,
/ko/3.12/library/collections.html,2,2,
/ko/3.12/library/constants.html,2,2,
/ko/3.12/library/csv.html,2,2,
/ko/3.12/library/datetime.html,2,2,
/ko/3.12/library/email.parser.html,2,2,
/ko/3.12/library/http.html,2,2,
/ko/3.12/library/ipc.html,2,2,
/ko/3.12/library/mimetypes.html,2,2,
/ko/3.12/library/mmap.html,2,2,
/ko/3.12/library/smtplib.html,2,2,
/ko/3.12/library/sys.html,2,2,
/ko/3.12/library/textwrap.html,2,2,
/ko/3.12/library/unittest.mock-examples.html,2,2,
/ko/3.12/library/urllib.error.html,2,2,
/ko/3.12/library/zlib.html,2,2,
/ko/3.12/reference/compound_stmts.html,2,2,
/ko/3.12/tutorial/classes.html,2,2,
