name,visitors
India,239
United States,231
China,102
Brazil,63
Germany,60
Japan,59
Russian Federation,58
United Kingdom,56
France,37
Poland,29
Spain,26
Pakistan,26
Turkey,24
Ukraine,21
Algeria,19
Mexico,19
Colombia,18
Italy,18
Egypt,17
Indonesia,17
Iran,17
Singapore,17
Bangladesh,16
Netherlands,16
Belgium,15
Canada,14
Saudi Arabia,14
Philippines,12
Morocco,11
Sweden,11
Hong Kong,10
Israel,10
Iraq,10
South Korea,10
Switzerland,9
Czechia,9
Finland,9
Ireland,9
Kenya,9
Bulgaria,8
Denmark,8
Vietnam,8
United Arab Emirates,7
Australia,7
Kazakhstan,7
Nepal,7
Thailand,6
Taiwan,6
South Africa,6
Argentina,5
Ghana,5
Nigeria,5
Armenia,4
Austria,4
Belarus,4
Côte d'Ivoire,4
Ecuador,4
Croatia,4
Kyrgyzstan,4
Malaysia,4
New Zealand,4
Romania,4
Tunisia,4
Dominican Republic,3
Estonia,3
Hungary,3
Latvia,3
Myanmar,3
Norway,3
Portugal,3
Serbia,3
Tajikistan,3
Uzbekistan,3
Anonymous VPN Service,2
Angola,2
Benin,2
Chile,2
Ethiopia,2
Georgia,2
Greece,2
Cambodia,2
Sri Lanka,2
Lithuania,2
Madagascar,2
Uruguay,2
Afghanistan,1
Bosnia and Herzegovina,1
Burkina Faso,1
Burundi,1
"Congo, The Democratic Republic of the",1
Costa Rica,1
Cuba,1
Cyprus,1
Gabon,1
Guinea-Bissau,1
Honduras,1
Jordan,1
Lebanon,1
Luxembourg,1
Moldova,1
Macao,1
Mozambique,1
Peru,1
Qatar,1
Senegal,1
Somalia,1
Tanzania,1
Venezuela,1
