name,unique_entrances,total_entrances,visit_duration
/3/,385,386,267
/3.14/whatsnew/3.14.html,286,296,59
/3.14/tutorial/index.html,91,93,140
/3.14/using/windows.html,77,78,36
/3.14/,74,78,167
/3/whatsnew/3.13.html,21,21,119
/3/tutorial/index.html,20,20,377
/3.14/tutorial/controlflow.html,18,22,198
/3/library/idle.html,15,15,134
/3.13/tutorial/index.html,14,14,392
/3.14/index.html,14,15,123
/zh-cn/3/,13,13,180
/3.14/tutorial/interpreter.html,12,14,185
/3.14/tutorial/introduction.html,11,12,41
/3.13/index.html,10,10,233
/3.14/search.html,10,12,111
/3.14/tutorial/,9,9,94
/3/library/functions.html,9,9,450
/3/library/index.html,9,9,319
/3.13/,8,8,258
/3/tutorial/,8,8,337
/3.12/,7,7,944
/3.14/contents.html,7,7,296
/3.14/library/functions.html,7,7,197
/3/tutorial/controlflow.html,7,7,261
/zh-cn/3.14/,7,7,34
/3.14/library/index.html,6,6,6
/3/index.html,6,6,307
/3.14/installing/index.html,5,8,163
/3.14/library/asyncio-graph.html,5,5,0
/3.14/py-modindex.html,5,5,9
/3.14/tutorial/classes.html,5,5,236
/3/library/asyncio.html,5,5,184
/3/py-modindex.html,5,5,72
/3/tutorial/inputoutput.html,5,5,1336
/3/whatsnew/3.12.html,5,5,241
/3.13/tutorial/,4,4,533
/3.14/download.html,4,4,0
/3.14/library/stdtypes.html,4,4,0
/3.14/tutorial/datastructures.html,4,4,155
/3.14/whatsnew/changelog.html,4,4,1
/3/library/tkinter.html,4,4,55
/3/tutorial/datastructures.html,4,4,262
/pt-br/3/,4,4,258
/zh-cn/3.14/tutorial/index.html,4,4,7
/3.13/using/windows.html,3,3,469
/3.14/c-api/index.html,3,3,8
/3.14/c-api/intro.html,3,3,29
/3.14/genindex.html,3,3,30
/3.14/glossary.html,3,3,2
/3.14/reference/lexical_analysis.html,3,3,7
/3.14/tutorial/appetite.html,3,3,0
/3/download.html,3,3,395
/3/library/functools.html,3,3,404
/3/library/random.html,3,3,2414
/3/library/stdtypes.html,3,3,704
/3/library/turtle.html,3,3,302
/3/library/typing.html,3,3,202
/3/license.html,3,3,431
/3/search.html,3,3,1207
/3/tutorial/classes.html,3,3,641
/dev/,3,3,17
/ja/3/,3,3,14
/zh-cn/3.14/c-api/intro.html,3,3,1174
/3.12/index.html,2,2,260
/3.12/using/windows.html,2,2,994
/3.12/whatsnew/3.12.html,2,2,484
/3.13/whatsnew/3.13.html,2,2,445
/3.14/about.html,2,2,0
/3.14/bugs.html,2,2,0
/3.14/copyright.html,2,2,0
/3.14/deprecations/index.html,2,2,0
/3.14/distributing/index.html,2,2,0
/3.14/extending/index.html,2,2,0
/3.14/faq/index.html,2,2,0
/3.14/howto/index.html,2,2,0
/3.14/library/annotationlib.html,2,2,0
/3.14/library/idle.html,2,2,0
/3.14/library/math.html,2,2,124
/3.14/library/pathlib.html,2,2,239
/3.14/library/string.html,2,2,190
/3.14/library/threading.html,2,2,1
/3.14/library/turtle.html,2,2,0
/3.14/library/typing.html,2,2,352
/3.14/license.html,2,2,0
/3.14/reference/datamodel.html,2,2,0
/3.14/reference/index.html,2,2,0
/3.14/tutorial/venv.html,2,2,258
/3.14/using/index.html,2,2,0
/3.14/using/ios.html,2,2,126
/3.14/using/mac.html,2,2,0
/3.14/whatsnew/,2,2,0
/3.14/whatsnew/3.13.html,2,2,0
/3.14/whatsnew/index.html,2,2,0
/3/faq/,2,2,80
/3/howto/descriptor.html,2,2,870
/3/installing/index.html,2,2,1550
/3/library/copy.html,2,2,879
/3/library/inspect.html,2,2,994
/3/library/intro.html,2,2,190
/3/library/math.html,2,2,1410
/3/library/multiprocessing.html,2,2,374
/3/library/string.html,2,2,1012
/3/library/tk.html,2,2,1046
/3/reference/datamodel.html,2,2,1163
/3/reference/lexical_analysis.html,2,2,703
/3/tutorial/errors.html,2,2,224
/3/using/ios.html,2,2,1207
/3/whatsnew/index.html,2,2,357
/es/3.13/,2,2,6
/es/3.13/tutorial/index.html,2,2,876
/ja/3.13/whatsnew/index.html,2,2,572
/ja/3.14/tutorial/controlflow.html,2,2,0
/ja/3/tutorial/,2,2,117
/pt-br/3.14/tutorial/index.html,2,2,6
/uk/3.14/library/uuid.html,2,2,664
/zh-cn/3.14/library/index.html,2,2,119
/zh-cn/3.14/reference/datamodel.html,2,2,0
/zh-cn/3.14/search.html,2,2,0
/zh-cn/3.14/tutorial/controlflow.html,2,2,22
/zh-cn/3.14/tutorial/datastructures.html,2,2,0
/zh-cn/3.14/tutorial/interpreter.html,2,2,278
/zh-cn/3.14/whatsnew/,2,2,4
/zh-cn/3/library/index.html,2,2,1964
/3.12/contents.html,1,1,652
/3.12/library/asyncio-task.html,1,1,1115
/3.12/tutorial/,1,1,1303
/3.13/library/dis.html,1,1,91
/3.13/library/email.examples.html,1,1,20
/3.13/library/functions.html,1,1,2053
/3.13/library/typing.html,1,1,14
/3.13/whatsnew/changelog.html,1,1,671
/3.14/extending/extending.html,1,1,0
/3.14/howto/argparse.html,1,1,0
/3.14/howto/curses.html,1,1,9
/3.14/howto/descriptor.html,1,1,0
/3.14/howto/functional.html,1,1,1922
/3.14/howto/logging-cookbook.html,1,1,0
/3.14/library/,1,1,0
/3.14/library/ast.html,1,1,0
/3.14/library/asyncio-future.html,1,1,2650
/3.14/library/asyncio-policy.html,1,1,0
/3.14/library/audit_events.html,1,1,2602
/3.14/library/codecs.html,1,1,5148
/3.14/library/concurrent.futures.html,1,1,0
/3.14/library/csv.html,1,1,16
/3.14/library/datetime.html,1,1,0
/3.14/library/difflib.html,1,1,0
/3.14/library/dis.html,1,1,0
/3.14/library/email.parser.html,1,1,8
/3.14/library/ensurepip.html,1,1,128
/3.14/library/exceptions.html,1,1,0
/3.14/library/glob.html,1,1,0
/3.14/library/heapq.html,1,1,0
/3.14/library/importlib.html,1,1,4
/3.14/library/io.html,1,1,0
/3.14/library/logging.html,1,1,0
/3.14/library/mailbox.html,1,1,23
/3.14/library/pickle.html,1,1,201
/3.14/library/pipes.html,1,1,0
/3.14/library/queue.html,1,1,1
/3.14/library/random.html,1,1,0
/3.14/library/symtable.html,1,1,0
/3.14/library/tkinter.font.html,1,1,0
/3.14/library/tkinter.html,1,1,0
/3.14/library/urllib.request.html,1,1,169
/3.14/library/venv.html,1,1,2
/3.14/library/wsgiref.html,1,1,0
/3.14/library/xml.dom.minidom.html,1,1,0
/3.14/library/xml.etree.elementtree.html,1,1,1813
/3.14/reference/compound_stmts.html,1,1,807
/3.14/reference/introduction.html,1,1,30
/3.14/tutorial/floatingpoint.html,1,1,0
/3.14/tutorial/inputoutput.html,1,1,0
/3.14/tutorial/modules.html,1,1,584
/3.14/tutorial/stdlib.html,1,1,0
/3.14/using/cmdline.html,1,1,0
/3.14/whatsnew/3.11.html,1,1,0
/3/bugs.html,1,1,372
/3/c-api/init.html,1,1,10
/3/c-api/utilities.html,1,1,30
/3/contents.html,1,1,25
/3/extending/extending.html,1,1,601
/3/faq/programming.html,1,1,153
/3/genindex.html,1,1,149
/3/howto/annotations.html,1,1,1466
/3/howto/free-threading-python.html,1,1,59
/3/howto/logging-cookbook.html,1,1,1044
/3/howto/pyporting.html,1,1,84
/3/howto/regex.html,1,1,260
/3/library/,1,1,491
/3/library/__main__.html,1,1,1151
/3/library/argparse.html,1,1,704
/3/library/array.html,1,1,2081
/3/library/asyncio-stream.html,1,1,1066
/3/library/asyncio-task.html,1,1,159
/3/library/base64.html,1,1,298
/3/library/cmd.html,1,1,15
/3/library/concurrent.futures.html,1,1,103
/3/library/csv.html,1,1,548
/3/library/ctypes.html,1,1,35
/3/library/curses.html,1,1,131
/3/library/datetime.html,1,1,847
/3/library/difflib.html,1,1,112
/3/library/exceptions.html,1,1,53
/3/library/glob.html,1,1,878
/3/library/importlib.resources.html,1,1,404
/3/library/ipaddress.html,1,1,103
/3/library/itertools.html,1,1,441
/3/library/logging.html,1,1,958
/3/library/msilib.html,1,1,53
/3/library/os.html,1,1,515
/3/library/os.path.html,1,1,1133
/3/library/profile.html,1,1,3065
/3/library/queue.html,1,1,261
/3/library/re.html,1,1,499
/3/library/readline.html,1,1,142
/3/library/sqlite3.html,1,1,80
/3/library/tempfile.html,1,1,4
/3/library/threading.html,1,1,33
/3/library/unittest.html,1,1,22
/3/library/venv.html,1,1,3870
/3/library/xml.etree.elementtree.html,1,1,9
/3/reference/compound_stmts.html,1,1,22
/3/reference/introduction.html,1,1,1510
/3/reference/simple_stmts.html,1,1,32
/3/tutorial/introduction.html,1,1,126
/3/tutorial/stdlib.html,1,1,230
/3/tutorial/venv.html,1,1,28
/3/using/android.html,1,1,377
/3/using/index.html,1,1,414
/3/using/windows.html,1,1,9
/3/whatsnew/2.0.html,1,1,89
/3/whatsnew/3.5.html,1,1,233
/3/whatsnew/changelog.html,1,1,80
/es/3.12/tutorial/appetite.html,1,1,912
/es/3.13/library/dataclasses.html,1,1,1706
/es/3.13/library/sqlite3.html,1,1,87
/es/3.13/library/sys.html,1,1,43
/es/3.14/howto/sorting.html,1,1,0
/es/3.14/howto/unicode.html,1,1,0
/es/3.14/library/configparser.html,1,1,0
/es/3.14/library/doctest.html,1,1,0
/es/3.14/library/index.html,1,1,0
/es/3.14/library/resource.html,1,1,0
/es/3.14/tutorial/,1,1,56
/es/3.14/tutorial/controlflow.html,1,1,0
/es/3.14/tutorial/datastructures.html,1,1,0
/es/3.14/tutorial/index.html,1,1,0
/es/3.14/tutorial/introduction.html,1,1,0
/es/3/,1,1,176
/es/3/library/codecs.html,1,1,165
/es/3/library/json.html,1,1,3
/es/dev/library/tkinter.ttk.html,1,1,131
/es/dev/tutorial/controlflow.html,1,1,77
/fr/3.13/,1,1,1238
/fr/3.13/whatsnew/index.html,1,1,403
/fr/3.14/,1,1,0
/fr/3.14/reference/lexical_analysis.html,1,2,0
/fr/3.14/using/editors.html,1,1,143
/fr/3/extending/index.html,1,1,600
/fr/3/index.html,1,1,12
/fr/3/tutorial/,1,1,883
/fr/dev/reference/compound_stmts.html,1,1,2203
/it/3.14/tutorial/index.html,1,1,0
/ja/3.13/library/configparser.html,1,1,2054
/ja/3.13/library/tkinter.ttk.html,1,1,1530
/ja/3.13/reference/index.html,1,1,6
/ja/3.13/tutorial/classes.html,1,1,14
/ja/3.13/tutorial/interpreter.html,1,1,97
/ja/3.14/,1,1,742
/ja/3.14/faq/library.html,1,1,0
/ja/3.14/library/abc.html,1,1,29
/ja/3.14/library/argparse.html,1,1,3
/ja/3.14/library/codecs.html,1,1,0
/ja/3.14/library/ftplib.html,1,1,160
/ja/3.14/library/index.html,1,1,0
/ja/3.14/library/itertools.html,1,1,0
/ja/3.14/library/sqlite3.html,1,1,0
/ja/3.14/library/tkinter.colorchooser.html,1,1,0
/ja/3.14/tutorial/index.html,1,1,0
/ja/3.14/tutorial/inputoutput.html,1,1,1434
/ja/3.14/tutorial/interpreter.html,1,1,0
/ja/3.14/whatsnew/3.14.html,1,1,32
/ja/3/library/functions.html,1,1,866
/ja/3/library/stat.html,1,1,90
/ja/3/reference/datamodel.html,1,1,296
/ja/3/tutorial/appetite.html,1,1,59
/ja/3/tutorial/index.html,1,1,1032
/ja/3/whatsnew/3.13.html,1,1,171
/ja/dev/library/http.client.html,1,1,14
/ko/3.14/contents.html,1,1,453
/pl/3.14/library/turtle.html,1,1,0
/pl/3/,1,1,158
/pl/3/reference/toplevel_components.html,1,1,861
/pl/dev/library/turtle.html,1,1,191
/pt-br/3.13/library/stdtypes.html,1,1,22
/pt-br/3.14/,1,1,1681
/pt-br/3.14/howto/logging.html,1,1,797
/pt-br/3.14/library/functions.html,1,1,39
