name,unique_exits,total_exits,exit_rate
/it/3/tutorial/index.html,19,20,
/it/3.13/tutorial/index.html,8,8,
/it/3/tutorial/inputoutput.html,7,8,
/it/3/tutorial/introduction.html,7,7,
/it/3.13/tutorial/controlflow.html,6,6,
/it/3.13/tutorial/introduction.html,6,6,
/it/3/tutorial/datastructures.html,6,6,
/it/3/tutorial/modules.html,6,7,
/3/,4,4,
/it/3.12/tutorial/,4,4,
/it/3.13/tutorial/appetite.html,4,4,
/it/3.13/tutorial/interpreter.html,4,4,
/it/3/tutorial/floatingpoint.html,4,4,
/3/tutorial/index.html,3,3,
/it/3.13/,3,3,
/it/3.13/library/sqlite3.html,3,3,
/it/3.13/tutorial/classes.html,3,3,
/it/3/,3,3,
/it/3/library/stdtypes.html,3,3,
/it/3/tutorial/classes.html,3,3,
/3.13/,2,2,
/3/library/tkinter.html,2,2,
/3/tutorial/classes.html,2,2,
/it/3.12/library/functions.html,2,2,
/it/3.12/tutorial/introduction.html,2,3,
/it/3.13/glossary.html,2,2,
/it/3.13/installing/index.html,2,2,
/it/3.13/library/tkinter.html,2,2,
/it/3.13/library/venv.html,2,2,
/it/3.13/search.html,2,2,
/it/3.13/tutorial/,2,2,
/it/3.13/tutorial/datastructures.html,2,3,
/it/3/tutorial/interpreter.html,2,3,
/3.12/,1,1,
/3.13/library/stdtypes.html,1,1,
/3.13/library/threading.html,1,1,
/3.13/library/tkinter.html,1,1,
/3.13/py-modindex.html,1,1,
/3.13/search.html,1,1,
/3.13/tutorial/interpreter.html,1,1,
/3/faq/windows.html,1,0,
/3/howto/curses.html,1,1,
/3/howto/logging-cookbook.html,1,1,
/3/howto/urllib2.html,1,1,
/3/library/asyncio.html,1,1,
/3/library/functions.html,1,1,
/3/library/math.html,1,1,
/3/library/stdtypes.html,1,1,
/3/library/time.html,1,1,
/3/reference/lexical_analysis.html,1,1,
/3/tutorial/interpreter.html,1,1,
/3/using/mac.html,1,1,
/es/3.13/reference/datamodel.html,1,0,
/es/3.13/tutorial/,1,1,
/it/3.12/,1,1,
/it/3.12/genindex-G.html,1,1,
/it/3.12/library/stdtypes.html,1,1,
/it/3.12/tutorial/appetite.html,1,1,
/it/3.13/download.html,1,1,
/it/3.13/index.html,1,1,
/it/3.13/library/csv.html,1,1,
/it/3.13/library/curses.html,1,1,
/it/3.13/library/datetime.html,1,1,
/it/3.13/library/functions.html,1,1,
/it/3.13/library/glob.html,1,1,
/it/3.13/library/idle.html,1,1,
/it/3.13/library/index.html,1,1,
/it/3.13/library/multiprocessing.html,1,1,
/it/3.13/library/stdtypes.html,1,1,
/it/3.13/library/string.html,1,1,
/it/3.13/library/subprocess.html,1,1,
/it/3.13/library/turtle.html,1,1,
/it/3.13/reference/index.html,1,1,
/it/3.13/tutorial/venv.html,1,1,
/it/3.13/using/windows.html,1,1,
/it/3.13/whatsnew/3.13.html,1,1,
/it/3.14/library/csv.html,1,1,
/it/3.14/tutorial/introduction.html,1,1,
/it/3/library/py_compile.html,1,1,
/it/3/library/tomllib.html,1,1,
/it/3/search.html,1,1,
/it/3/tutorial/appetite.html,1,1,
/it/3/tutorial/controlflow.html,1,1,
/ja/3.13/library/copy.html,1,1,
/zh-cn/3.13/glossary.html,1,1,
