name,unique_exits,total_exits,exit_rate
/downloads/,182857,188614,53.2
/,97035,99899,46.6
/downloads/windows/,57320,59035,61.6
/downloads/release/python-3137/,49667,50470,47.5
/about/gettingstarted/,6709,6770,57.3
/downloads/macos/,6234,6322,54.4
/search/,5117,5151,30.2
/doc/,4385,4435,48.9
/downloads/release/python-3100/,2833,2886,62.7
/downloads/release/python-3110/,2799,2856,63.0
/downloads/release/python-3120/,2798,2855,58.2
/downloads/release/python-3119/,2552,2618,69.6
/downloads/source/,2168,2200,42.9
/psf-landing/,2094,2120,31.0
/downloads/release/python-3135/,1804,1837,55.3
/downloads/release/pymanager-250b14/,1740,1754,45.3
/about/,1691,1721,33.9
/downloads/release/python-3106/,1686,1756,73.3
/downloads/release/python-31011/,1681,1720,70.0
/downloads/release/python-31210/,1623,1645,69.1
/downloads/release/python-31113/,1506,1512,28.0
/jobs/,1156,1170,36.5
/downloads/release/python-390/,1131,1145,54.6
/shell/,1120,1144,62.9
/downloads/release/python-3130/,1102,1117,57.2
/downloads/release/python-3136/,1101,1122,50.0
/community/,1045,1052,36.5
/downloads/android/,1040,1058,33.0
/getit/,952,964,55.4
/downloads/release/python-31211/,948,952,28.9
/download/other/,937,947,43.2
/downloads/release/python-31018/,892,897,27.0
/downloads/release/python-3810/,880,893,67.9
/downloads/release/python-3133/,870,895,53.3
/downloads/release/python-380/,837,851,52.7
/about/apps/,824,841,48.0
/downloads/release/python-3913/,651,666,68.4
/downloads/release/python-2718/,596,606,70.7
/downloads/release/python-3129/,550,561,64.6
/download/pre-releases/,525,525,23.7
/downloads/release/python-370/,517,527,52.2
/downloads/release/python-3123/,484,496,59.3
/downloads/release/python-3124/,482,493,54.2
/downloads/release/python-3140rc2/,468,471,43.1
/doc/versions/,456,464,61.4
/downloads/release/python-3128/,443,450,58.4
/downloads/release/python-3126/,412,421,59.5
/downloads/release/python-3923/,402,401,27.4
/downloads/release/python-31010/,392,409,64.4
/downloads/release/python-3127/,391,395,62.1
/downloads/release/python-3820/,382,378,28.7
/blogs/,380,382,34.0
/download/releases/,328,324,17.5
/downloads/release/python-3132/,328,332,53.5
/downloads/release/python-3118/,310,318,59.8
/community/logos/,309,315,53.6
/downloads/release/python-3109/,307,314,68.7
/downloads/release/python-3114/,286,293,56.3
/download/releases/2.7/,276,277,60.1
/downloads/release/python-31112/,265,265,26.3
/downloads/release/python-3125/,263,272,58.7
/downloads/release/python-379/,255,264,56.1
/downloads/release/python-3115/,227,231,63.5
/downloads/release/python-31012/,226,233,30.7
/downloads/release/python-31111/,222,221,28.8
/downloads/release/python-3116/,218,224,65.5
/downloads/release/python-3111/,216,223,66.0
/success-stories/,215,217,30.9
/downloads/release/python-368/,213,216,59.2
/downloads/release/python-360/,198,203,53.8
/downloads/release/python-377/,196,195,40.8
/downloads/release/python-3117/,190,196,65.6
/downloads/release/python-3122/,186,187,50.1
/getit/windows/,183,185,57.6
/doc/essays/blurb/,178,184,77.6
/downloads/release/python-31013/,175,178,29.1
/downloads/release/python-31017/,174,174,22.3
/downloads/release/python-3131/,174,176,47.8
/downloads/release/python-3112/,164,165,52.7
/downloads/release/python-3105/,162,168,68.6
/about/help/,157,161,45.1
/downloads/release/python-385/,157,158,56.6
/downloads/release/python-396/,155,159,63.9
/downloads/release/python-3121/,154,161,51.4
/download,153,153,30.8
/downloads/release/python-3717/,149,148,30.4
/downloads/release/python-374/,149,151,49.3
/download/releases/3.0/,144,146,50.2
/downloads/release/python-3134/,140,142,45.8
/downloads/release/python-3108/,139,140,60.6
/downloads/release/python-386/,134,135,46.9
/events/,134,134,49.3
/downloads/release/python-31110/,132,132,26.1
/downloads/release/python-31016/,125,125,24.6
/downloads/release/python-3104/,124,126,50.8
/accounts/login/,119,122,27.4
/doc/av/,118,121,47.3
/downloads/release/python-3912/,117,120,49.6
/downloads/release/python-3101/,116,124,61.7
/downloads/release/python-3113/,116,120,52.9
