name,visitors
Taipei,274
N/A,119
Taichung,100
Kaohsiung,85
Taoyuan,57
Hsinchu,56
Tainan,38
Zhubei,28
Singapore,27
N/A,18
Beijing,14
Shanghai,13
Miaoli,12
Ho Chi Minh City,11
Hong Kong,11
N/A,9
Chang-hua,9
Shenzhen,9
Guangzhou,8
Tokyo,7
Jiayi Shi,6
Banqiao,5
N/A,5
Pingtung,4
N/A,4
N/A,4
Wuxi,4
Jiaxing,4
Suzhou,4
North Bergen,4
N/A,4
Da Nang,3
N/A,3
N/A,3
Yilan,3
Zhenjiang,3
Dalian,3
N/A,3
Riyadh,2
Bucharest,2
Lozova,2
Haiphong,2
N/A,2
N/A,2
Xinying,2
N/A,2
N/A,2
N/A,2
Hualien City,2
N/A,2
Keelung,2
Wuhan,2
Lianyun,2
Osaka,2
Zürich,2
Frankfurt am Main,2
São Paulo,2
Los Angeles,2
N/A,2
N/A,2
N/A,2
Ajman City,1
Helsinki,1
Port Louis,1
Sialkot,1
Vinh,1
Quảng Ngãi,1
Tiền Hải,1
N/A,1
Bỉm Sơn,1
Makassar,1
N/A,1
N/A,1
N/A,1
N/A,1
N/A,1
N/A,1
N/A,1
N/A,1
N/A,1
Nantou,1
Xindian,1
N/A,1
N/A,1
Kunshan,1
Tangshan,1
Shantou,1
Qingdao,1
Putian,1
Nanyang,1
Nantong,1
Nanjing,1
Nanchang,1
Jinhua,1
Huizhou,1
Yiyang,1
Hangzhou,1
Guiyang,1
Guilin,1
Fuzhou,1
Chongqing,1
Chengdu,1
Wan Chai,1
N/A,1
Sham Shui Po,1
N/A,1
Khabarovsk,1
Melbourne,1
Brisbane,1
Southampton,1
Slough,1
Cannock,1
Shkodër,1
San Miguel del Monte,1
N/A,1
São Lourenço,1
Boston,1
New York City,1
Boardman,1
Seattle,1
N/A,1
Taoyuan City,1
N/A,1
