name,visitors
Chrome,8004
Microsoft Edge,2128
Safari,1000
Firefox,957
Yandex Browser,279
Opera,202
Mobile App,94
Samsung Browser,29
Smart Lenovo Browser,27
QQ Browser,22
Quark,19
Sogou Explorer,16
Huawei Browser Mobile,11
vivo Browser,11
Whale Browser,10
Avast Secure Browser,9
MIUI Browser,9
Brave,8
(not set),6
Ecosia,3
Hi Browser,3
Huawei Browser,3
Phoenix Browser,3
AdBlock Browser,2
Mobile Silk,2
QtWebEngine,2
Sleipnir,2
115 Browser,1
Android Browser,1
Avira Secure Browser,1
Chromium,1
