name,visitors
California,409
England,334
Moscow,185
Tamil Nadu,172
New York,171
Maharashtra,169
Karnataka,165
São Paulo,155
Tokyo,151
Texas,144
Telangāna,130
Guangdong,117
Virginia,106
Ontario,102
Delhi,95
Washington,94
Seoul,93
Colorado,92
Bavaria,89
Beijing,86
Mazovia,86
Île-de-France,83
North Rhine-Westphalia,78
Illinois,78
Hesse,77
Cairo,77
Florida,76
Tel Aviv,75
North Holland,71
Saint Petersburg,70
Shanghai,69
Gyeonggi,69
Massachusetts,68
Istanbul,65
Ho Chi Minh City,65
Punjab,64
New South Wales,63
Baden-Württemberg,63
Lombardy,62
Uttar Pradesh,57
New Jersey,57
Hanoi,57
Stockholm,53
Zhejiang,52
Bangkok,52
Tashkent,51
Victoria,49
Santiago Metropolitan,49
Pennsylvania,48
Buenos Aires Province,47
Quebec,47
Sichuan,47
Lima,47
North Carolina,47
Kyiv,46
Kerala,45
West Bengal,45
Maryland,45
Jiangsu,44
Capital District,44
Catalonia,43
South Holland,43
Uusimaa,42
Jakarta,41
Gujarat,41
Arizona,40
Michigan,39
Shandong,38
Ohio,38
British Columbia,37
Prague,37
Taipei,37
Georgia,37
Berlin,36
Leinster,36
Dhaka Division,35
Minas Gerais,34
Oregon,34
Alberta,33
Saxony,33
Rajasthan,33
Addis Ababa,32
Queensland,31
Henan,31
Madrid Autonomous Community,31
Almaty City,31
Ciudad de Mexico,31
New Taipei,31
Rio de Janeiro,30
Zürich,30
Andhra Pradesh,30
Iowa,30
Madhya Pradesh,29
Krasnodar Krai,29
Lvivshchyna,29
Gauteng,29
Flanders,28
Indiana,28
Antioquia,27
Bihar,27
Vienna,26
Haryana,26
Moscow Province,26
Riyadh,26
Missouri,26
Utah,26
Minsk,25
Hubei,25
Kanagawa,25
Metro Manila,25
Sindh,25
Beograd,25
Ankara,25
Paraná,24
Hormozgan,24
Western,24
Tennessee,24
Dubai,23
West Java,23
Meknès-Tafilalet,23
Lagos,23
Lower Silesia,23
Greater Poland,23
Rostov,23
Shaanxi,22
Lazio,22
Osaka,22
Nairobi County,22
Hunan,21
Lower Saxony,21
Capital Region,21
Budapest,21
Vilnius County,21
Province 3,21
Sofia,20
Rio Grande do Sul,20
Hamburg,20
Scotland,20
Lesser Poland,20
Giza,19
Auvergne-Rhône-Alpes,19
Nouvelle-Aquitaine,19
Central,19
Punjab,19
Mexico State,19
Kuala Lumpur,19
Novosibirsk,19
Fujian,18
Chiba,18
Nuevo León,18
Nizhny Novgorod,18
Sverdlovsk,18
Washington DC,18
Minnesota,18
Liaoning,17
Pichincha,17
Tbilisi,17
Attica,17
Veneto,17
Saitama,17
Aichi,17
Selangor,17
Makkah,17
Western Australia,16
Hebei,16
Amman,16
Jalisco,16
Irkutsk,16
Eastern,16
Tunis,16
Taichung,16
Wisconsin,16
Western Cape,16
Brussels,15
Ceará,15
Anhui,15
San José,15
Valencian Community,15
Haifa,15
Incheon,15
Canterbury,15
Västra Götaland,15
Bursa,15
Alabama,15
Wallonia,14
Pernambuco,14
Santa Catarina,14
Provence-Alpes-Côte-d'Azur,14
Emilia-Romagna,14
Tuscany,14
Riga,14
Islamabad,14
Lisbon,14
Izmir,14
La Paz,13
Central Denmark,13
Greater Accra,13
Uttarākhand,13
Apulia,13
Lima Region,13
Abu Dhabi,12
Goiás,12
Andalusia,12
Grand-Est,12
Kwai Tsing New Territories,12
East Java,12
Odisha,12
Baghdad,12
Silesia,12
Taoyuan,12
South Carolina,12
Schleswig-Holstein,11
Hauts-de-France,11
Guatemala,11
Zagreb,11
Jharkhand,11
Campania,11
Busan,11
Central Luzon,11
Łódź,11
Chuvash,11
Tatarstan,11
Kharkivshchyna,11
Chongqing,10
Galicia,10
Occitanie,10
Wales,10
Tsuen Wan New Territories,10
Piedmont,10
Bishkek,10
South Gyeongsang,10
Astana,10
North Brabant,10
Porto,10
Bashkortostan,10
Chelyabinsk,10
Krasnoyarsk Krai,10
Voronezh,10
Dnipropetrovshchyna,10
Kyivshchyna,10
New Hampshire,10
Córdoba,9
Amazonas,9
Federal District,9
Abidjan,9
Guizhou,9
Jiangxi,9
Tianjin,9
Guayas,9
Asturias,9
Jerusalem,9
Kyoto,9
Hyogo,9
Tangier-Tétouan,9
Utrecht,9
Chon Buri,9
Central,9
Connecticut,9
Tirana County,8
South Australia,8
Bahia,8
Bremen,8
Rhineland-Palatinate,8
Harjumaa,8
Basque Country,8
Brittany,8
Kowloon City Kowloon,8
Chhattīsgarh,8
Fukuoka,8
Ulsan,8
Auckland,8
Khyber Pakhtunkhwa,8
Bucharest,8
Primorsky Krai,8
Zaporizhzhya,8
Idaho,8
Louisiana,8
Nevada,8
Oklahoma,8
Da Nang,8
Amanat Al Asimah,8
Yerevan,7
Santa Fe,7
Lower Austria,7
Baku,7
Espírito Santo,7
Valparaíso,7
Atlántico,7
Thuringia,7
Algiers,7
Normandie,7
Central Java,7
Assam,7
Phnom Penh,7
Taza-Al Hoceima-Taounate,7
Sinaloa,7
Arequipa,7
Pomerania,7
Cluj,7
Altai Krai,7
