name,visitors,bounce_rate,visit_duration
python.org,5436,81,26
Direct / None,3199,83,46
Google,1802,86,32
docs.python.org,567,78,78
Bing,167,88,39
Yandex,120,90,57
chatgpt.com,117,89,44
DuckDuckGo,110,85,28
GitHub,108,81,95
boot.dev,65,97,2
devguide.python.org,65,63,100
Reddit,57,92,12
udemy.com,44,95,3
pypi.org,43,84,33
Brave,41,80,9
netacad.com,38,100,0
python.p2hp.com,38,97,4
discuss.python.org,34,74,173
realpython.com,32,75,176
packaging.python.org,30,65,35
docs.astral.sh,26,77,109
s3.eu-west-1.amazonaws.com,26,86,30
lms.informatics.ru,23,92,94
ru.hexlet.io,21,88,202
cs50.harvard.edu,20,100,0
infoworld.com,20,90,25
cs50.readthedocs.io,16,75,50
Wikipedia,14,64,23
courses.edx.org,13,100,0
wsgi.readthedocs.io,12,83,2
edube.org,11,82,117
qiita.com,11,91,2
codecademy.com,10,80,49
docs.sqlalchemy.org,10,50,67
Baidu,9,89,6
numpydoc.readthedocs.io,9,89,1
openclassrooms.com,9,89,27
pythonzen-pep8-exam.jp,9,67,0
LinkedIn,8,88,2
Twitter,8,100,0
mypy.readthedocs.io,8,88,59
Ecosia,7,100,0
StackOverflow,7,86,20
Yahoo!,7,100,0
link.zhihu.com,7,100,0
medium.com,7,86,82
setuptools.pypa.io,7,71,91
code-basics.com,6,86,0
freecodecamp.org,6,83,42
metanit.com,6,100,0
palletsprojects.com,6,100,0
python-poetry.org,6,67,220
typing-extensions.readthedocs.io,6,0,357
typing.python.org,6,67,12
Hacker News,5,100,0
blog.csdn.net,5,100,0
docs.brew.sh,5,80,2
docs.pytorch.org,5,80,7
flake8rules.com,5,100,0
hackerrank.com,5,80,18
maharatech.gov.eg,5,80,24
moodle-campusvirtualcolombia.s3.amazonaws.com,5,60,24
pip.pypa.io,5,60,328
psycopg.org,5,100,0
uvirtual.usach.cl,5,80,27
Amazon,4,100,0
Facebook,4,100,0
Qwant,4,100,0
asgi.readthedocs.io,4,100,0
cms.unir.net,4,60,18
elearn.epam.com,4,100,0
habr.com,4,100,0
my.sky.pro,4,100,0
notebooks.githubusercontent.com,4,100,0
numpy.org,4,100,0
pep8.org,4,100,0
python-forum.io,4,75,6
rha.ole.redhat.com,4,50,64
Youtube,3,100,0
appacademy.io,3,100,0
bbs.kingbase.com.cn,3,100,0
chat.baidu.com,3,67,178
copilot.microsoft.com,3,100,0
courses.fit.cvut.cz,3,100,0
datacamp.com,3,100,0
docs.ros.org,3,67,57
efundi.nwu.ac.za,3,100,0
fishc.com.cn,3,67,305
go.bsky.app,3,100,0
itnext.io,3,100,0
opennet.ru,3,100,0
pydevtools.com,3,100,0
python.jp,3,100,0
pythoncheatsheet.org,3,100,0
qna.habr.com,3,100,0
shultais.education,3,100,0
Mail.ru,2,100,0
Perplexity,2,100,0
assets.scormproxy.com,2,100,0
bandersnatch.readthedocs.io,2,100,0
black.readthedocs.io,2,100,0
bookstack.cn,2,100,0
canvas.hull.ac.uk,2,100,0
catt.rs,2,50,42
cgi.cse.unsw.edu.au,2,100,0
codeit.kr,2,100,0
coderunbox.com,2,50,2
courses.campus.gov.il,2,100,0
courses.guet.edu.cn,2,100,0
csic.adrformacion.com,2,100,0
csiportal.celebaltech.com,2,50,27
davepeck.org,2,100,0
developer.cisco.com,2,50,2
dicoding.com,2,50,302
dnmtechs.com,2,100,0
doc.qt.io,2,100,0
docs.aiogram.dev,2,100,0
docs.godotengine.org,2,100,0
docs.micropython.org,2,100,0
docs.pytest.org,2,100,0
dx.walmart.com,2,100,0
ellibrodepython.com,2,100,0
excel-ubara.com,2,100,0
forums.raspberrypi.com,2,100,0
google.github.io,2,100,0
habr-com.cdn.ampproject.org,2,0,56
howkteam.com,2,100,0
jinja.palletsprojects.com,2,50,22
learn.microsoft.com,2,100,0
lms.skillfactory.ru,2,100,0
namu.wiki,2,100,0
ontariolearn.desire2learn.com,2,50,570
pullrequest.com,2,100,0
pylint.readthedocs.io,2,100,0
pymysql.readthedocs.io,2,67,27
python-academy.org,2,100,0
python-programming.quantecon.org,2,100,0
pythoncentral.io,2,100,0
pythonguide.rozh2sch.org.ua,2,100,0
renpy.org,2,100,0
sky.pro,2,50,0
snarky.ca,2,50,20
techbeamers.com,2,100,0
tecmty.neolms.com,2,100,0
textual.textualize.io,2,50,204
uop.ucertify.com,2,100,0
urban-university.ru,2,67,105
velog.io,2,100,0
wikidocs.net,2,100,0
10.43.137.23,1,100,0
Gmail,1,0,101
Slack,1,100,0
academy.hackthebox.com,1,100,0
aiopg.readthedocs.io,1,100,0
akshare.akfamily.xyz,1,100,0
alan-turing-institute.github.io,1,100,0
andrewbrookins.com,1,100,0
anndata.readthedocs.io,1,50,2
apollo.inf.upol.cz,1,100,0
app.aluracursos.com,1,100,0
app.masterschool.com,1,0,8
aprendepython.es,1,100,0
arrow.apache.org,1,100,0
attachment.outlook.live.net,1,100,0
aulavirtual.fio.unam.edu.ar,1,100,0
aulavirtual.idfo.com,1,0,36
autotest.how,1,100,0
benhoyt.com,1,0,57
blog-darklang-com.cdn.ampproject.org,1,100,0
blog.kyomind.tw,1,100,0
blog.naver.com,1,100,0
boltons.readthedocs.io,1,0,190
bottlepy.org,1,100,0
br0k3nlab.com,1,100,0
brew.sh,1,0,401
brightspace.hhs.nl,1,100,0
builtin.com,1,100,0
canva.com,1,100,0
chalmersgu-data-structure-courses.github.io,1,100,0
champlain.instructure.com,1,100,0
chat.qwen.ai,1,0,5
chokkan.github.io,1,100,0
cjones-oracle.medium.com,1,100,0
claude.ai,1,100,0
clize.readthedocs.io,1,100,0
codewars.com,1,100,0
colab.google,1,100,0
comp1005.github.io,1,100,0
console.harmony.a2z.com,1,100,0
conteudo.avaeduc.com.br,1,100,0
core-noroff.bravais.com,1,100,0
courses.baobabplatform.org,1,100,0
cran.r-project.org,1,100,0
crosshair.readthedocs.io,1,100,0
dafoster.net,1,100,0
dasarpemrogramanpython.novalagung.com,1,100,0
davidvujic.github.io,1,100,0
deployr.ai,1,100,0
desktop.nclab.com,1,100,0
developer.rhino3d.com,1,100,0
digitology.tech,1,100,0
discussions.edx.org,1,0,372
doc.renpy.cn,1,100,0
docs.gitlab.com,1,100,0
docs.inventree.org,1,100,0
docs.kidger.site,1,100,0
docs.panda3d.org,1,100,0
docs.pipenv.org,1,100,0
docs.pydantic.dev,1,100,0
docs.python-guide.org,1,100,0
docs.ray.io,1,100,0
docs.readthedocs.com,1,0,1
docs.ruby-lang.org,1,100,0
docs.scrapy.org,1,100,0
docs.snowflake.com,1,100,0
docs.telethon.dev,1,100,0
dspace.udemy.com,1,0,862
dublog.net,1,100,0
dzen.ru,1,100,0
ecollege.etbonline.ie,1,100,0
edu.golubnichiy.ru,1,100,0
edu.mipt.ru,1,100,0
edu.qaukraine.online,1,100,0
entrenamiento-frameworks-web-python.readthedocs.io,1,100,0
es.overleaf.com,1,100,0
estudijas.lu.lv,1,100,0
eteamspace.internal.ericsson.com,1,100,0
ethereum.org,1,0,14
feniksdev.com,1,100,0
file.xdclass.net,1,100,0
fmind.medium.com,1,100,0
forum-raspberrypi.de,1,100,0
forum.codewithmosh.com,1,100,0
forum.gamer.com.tw,1,100,0
forums.ankiweb.net,1,100,0
free.appacademy.io,1,100,0
freedium.cfd,1,100,0
geeksforgeeks.org,1,100,0
gramps-project.org,1,100,0
greenbone.github.io,1,100,0
grow.alibaba-inc.com,1,100,0
hatch.pypa.io,1,100,0
hitachigroup.okta.com,1,100,0
honglab.ai,1,0,40
html.it,1,100,0
hugovk.github.io,1,100,0
hydro.ac,1,100,0
imaster.academy,1,100,0
ime.usp.br,1,100,0
incrementors.com,1,100,0
isis.tu-berlin.de,1,100,0
itbaizhan.com,1,100,0
jessica-miles.medium.com,1,100,0
jhub.physnet.uni-hamburg.de,1,100,0
jira.bics-collaboration.homeoffice.gov.uk,1,100,0
kivy.org,1,100,0
kpritech.codetantra.com,1,100,0
kz.hexlet.io,1,100,0
l.workplace.com,1,0,686
learn-ap-southeast-2-prod-fleet01-xythos.content.blackboardcdn.com,1,100,0
learn-us-east-1-prod-fleet02-xythos.content.blackboardcdn.com,1,100,0
learn.rrc.ca,1,100,0
learn.snhu.edu,1,100,0
learnxinyminutes.com,1,100,0
liaoxuefeng.com,1,100,0
lifewithpython.com,1,100,0
link.csdn.net,1,0,520
lixiaolai.com,1,100,0
loguru.readthedocs.io,1,100,0
m.datacamp.com,1,100,0
mameli.docenti.di.unimi.it,1,100,0
materials.itstep.org,1,100,0
maturin.rs,1,100,0
mirekdlugosz.com,1,100,0
mitcommlab.mit.edu,1,100,0
mitiq.readthedocs.io,1,100,0
mkniewallner.github.io,1,100,0
mleue.com,1,0,896
mobilhanem.com,1,100,0
mongodb.com,1,100,0
moodle-campusvirtualmexico.s3.amazonaws.com,1,100,0
moodle.ensinolusofona.pt,1,100,0
mypy-lang.org,1,100,0
neoforged.net,1,100,0
newsletter.piptrends.com,1,100,0
nicholashairs.com,1,0,39
nikkie-ftnext.hatenablog.com,1,100,0
note.nkmk.me,1,100,0
notes.eatonphil.com,1,100,0
notes.kiriha.ru,1,100,0
notion.so,1,100,0
noto.epfl.ch,1,100,0
ntno.github.io,1,100,0
odin.study,1,100,0
okpython.net,1,100,0
online.cs.uwaterloo.ca,1,0,5
online.pcc.edu,1,0,566
opendrift.github.io,1,0,8
openpolytechnic.iqualify.com,1,100,0
overleaf.com,1,100,0
