property,value,visitors,events,percentage
url,(none),1270,11996,99.7
url,https://www.python.org/,20,24,1.6
url,https://github.com/python/cpython/tree/3.14/Lib/idlelib/,12,12,0.9
url,https://www.python.org/downloads/,6,6,0.5
url,https://datatracker.ietf.org/doc/html/rfc3339.html,2,3,0.2
url,https://github.com/python/cpython/tree/3.13/Lib/idlelib/,2,2,0.2
url,https://github.com/python/cpython/tree/main/Lib/idlelib/,2,2,0.2
url,https://packaging.python.org/en/latest/tutorials/installing-packages/#ensure-pip-setuptools-and-wheel-are-up-to-date,2,2,0.2
url,https://peps.python.org/pep-0008/,2,2,0.2
url,https://www.python.org/psf/donations/,2,3,0.2
url,http://ocert.org/advisories/ocert-2011-003.html,1,1,0.1
url,https://apps.microsoft.com/detail/9NQ7512CXL7T,1,1,0.1
url,https://discuss.python.org/c/help/7,1,3,0.1
url,https://en.wikipedia.org/wiki/Billion_laughs,1,1,0.1
url,https://en.wikipedia.org/wiki/Priority_queue,1,1,0.1
url,https://github.com/python/cpython/blob/main/Doc/howto/logging.rst?plain=1,1,1,0.1
url,https://github.com/python/cpython/blob/main/Doc/library/pickle.rst?plain=1,1,1,0.1
url,https://github.com/python/cpython/tree/3.12/Lib/subprocess.py,1,1,0.1
url,https://github.com/python/cpython/tree/3.14/Lib/sqlite3/,1,1,0.1
url,https://github.com/python/cpython/tree/3.14/Lib/turtle.py,1,1,0.1
url,https://github.com/python/cpython/tree/main/Lib/socket.py,1,1,0.1
url,https://github.com/python/cpython/tree/main/Lib/turtle.py,1,1,0.1
url,https://peps.python.org/pep-0007/,1,1,0.1
url,https://peps.python.org/pep-0236/,1,1,0.1
url,https://peps.python.org/pep-0249/,1,1,0.1
url,https://peps.python.org/pep-0292/,1,1,0.1
url,https://peps.python.org/pep-0434/,1,1,0.1
url,https://peps.python.org/pep-0567/,1,1,0.1
url,https://peps.python.org/pep-0649/,1,1,0.1
url,https://peps.python.org/pep-0703/,1,1,0.1
url,https://peps.python.org/pep-0745/,1,1,0.1
url,https://peps.python.org/pep-0749/,1,1,0.1
url,https://pypi.org/,1,1,0.1
url,https://pypi.org/project/tzdata/,1,1,0.1
url,https://www.python.org/doc/versions/,1,1,0.1
url,https://www.sphinx-doc.org/,1,3,0.1
url,https://www.sqlite.org/,1,1,0.1
url,https://www.w3.org/TR/xpath,1,1,0.1
