name,visitors
Seoul,44
N/A,26
Shanghai,24
Suwon,19
Guangzhou,17
Seongnam-si,17
Chengdu,15
Changsha,14
Wuhan,12
N/A,12
Xi’an,11
Jinan,11
Suzhou,11
N/A,11
Zhengzhou,10
Wenzhou,10
Shenzhen,10
Qingdao,10
Goyang-si,10
N/A,8
Incheon,8
Namyangju,8
N/A,8
N/A,8
Shijiazhuang,7
N/A,7
Hwaseong-si,7
Jeonju,7
Ansan-si,7
Harbin,7
N/A,7
Hefei,6
Hangzhou,6
Dongguan,6
N/A,6
Yeoju,6
Daegu,6
N/A,6
Hohhot,6
N/A,6
N/A,6
Wuxi,5
Tianjin,5
Lanzhou,5
Yiwu,5
Beijing,5
N/A,5
N/A,5
N/A,5
N/A,5
Busan,5
Cheongju-si,5
N/A,5
N/A,5
N/A,5
N/A,5
N/A,5
Sejong,5
Xinxiang,4
Wuhu,4
Kunming,4
Handan,4
Daejeon,4
N/A,4
N/A,4
Pohang,4
Jeju City,4
Gwangmyeong,4
Shenyang,4
Changchun,4
N/A,4
Zibo,3
Laixi,3
Nanyang,3
Nanning,3
Kaifeng,3
Baoding,3
N/A,3
N/A,3
N/A,3
Bucheon-si,3
N/A,3
Osan,3
N/A,3
Cheonan,3
Chinju,3
Yeosu,3
Zhongshan,3
N/A,3
N/A,3
N/A,3
Surat,2
Manipal,2
Shangqiu,2
Anyang,2
Weifang,2
Taiyuan,2
Shaoxing,2
Quanzhou,2
Ningbo,2
Luoyang,2
Loudi,2
Linyi,2
Jining,2
Jiangmen,2
Hengshui,2
Guiyang,2
Fuzhou,2
Chongqing,2
Yangp'yŏng,2
Ulsan,2
N/A,2
Asan,2
N/A,2
Gwangju,2
Gunpo,2
Gumi,2
N/A,2
Hongch’ŏn,2
Chuncheon,2
Changwon,2
Newark,2
Ann Arbor,2
New York City,2
Syracuse,2
Chandler,2
Calabasas,2
Irvine,2
Los Angeles,2
N/A,2
N/A,2
N/A,2
N/A,2
Taizhou,2
N/A,2
Dammam,1
Cairo,1
Warsaw,1
Thrissur,1
Bishkek,1
Zunyi,1
Zhoukou,1
Zhenjiang,1
Yinchuan,1
Xiangyang,1
Weihai,1
Chengxiang,1
Shiyan,1
Shahecheng,1
Sanmenxia,1
Pingdingshan,1
Nanjing,1
Nanchang,1
Mianyang,1
Ma’anshan,1
Cixi,1
Huizhou,1
Haikou,1
Ganzhou,1
Fuyang,1
Foshan,1
Dalian,1
Changyi,1
Cangzhou,1
Hong Kong,1
Yangsan,1
N/A,1
Mokpo,1
Gyeongsan-si,1
Gwangju,1
N/A,1
Gunsan,1
N/A,1
Kimhae,1
Gangneung,1
Iksan,1
N/A,1
N/A,1
Chungju,1
N/A,1
N/A,1
Anyang-si,1
Anseong,1
Andong,1
Tokyo,1
Osaka,1
Singapore,1
Xinmin,1
Datong,1
Brisbane,1
Poznań,1
Tampa,1
N/A,1
Amherst,1
Boston,1
North Bergen,1
Prineville,1
Leamington,1
N/A,1
N/A,1
N/A,1
N/A,1
N/A,1
N/A,1
N/A,1
N/A,1
N/A,1
N/A,1
Shengpu,1
N/A,1
N/A,1
N/A,1
N/A,1
N/A,1
