name,visitors,pageviews,bounce_rate,time_on_page,scroll_depth
/ko/dev/c-api/marshal.html,551,531,82,3,37
/ko/3.13/library/intro.html,102,95,79,3,24
/ko/3.13/c-api/bytes.html,61,68,81,3,26
/ko/3.13/tutorial/index.html,51,75,53,30,66
/ko/3/tutorial/index.html,29,42,70,40,56
/ko/3.13/library/functions.html,25,32,64,69,40
/ko/3.13/library/index.html,24,31,50,14,30
/ko/3/,24,38,65,15,75
/ko/3.13/search.html,23,28,69,7,52
/ko/3.13/library/stdtypes.html,20,15,100,139,36
/ko/3.13/tutorial/interpreter.html,19,19,89,100,89
/ko/3.13/tutorial/introduction.html,19,23,60,168,65
/ko/dev/library/marshal.html,19,15,100,5,40
/ko/3.13/library/idle.html,16,20,87,13,16
/ko/3.13/tutorial/controlflow.html,16,19,75,210,38
/ko/3.13/installing/index.html,15,14,92,8,51
/ko/3.13/tutorial/datastructures.html,15,15,80,370,27
/ko/3/library/index.html,15,17,83,12,45
/ko/3.13/,12,11,33,9,79
/ko/3.13/index.html,12,23,67,29,84
/ko/3.13/tutorial/errors.html,12,11,100,62,44
/ko/3/index.html,12,21,0,16,88
/ko/3.13/glossary.html,10,7,0,29,67
/ko/3.13/tutorial/classes.html,10,8,80,24,59
/ko/3/library/functions.html,10,10,100,167,21
/ko/3.13/library/random.html,9,10,75,20,35
/ko/3.13/tutorial/appetite.html,9,7,50,6,84
/ko/3.13/using/windows.html,9,7,100,11,18
/ko/3/tutorial/introduction.html,9,11,71,55,40
/ko/3.13/library/asyncio.html,8,8,88,7,87
/ko/3.13/library/collections.html,8,7,100,18,24
/ko/3.13/library/re.html,8,9,80,28,44
/ko/3.13/c-api/structures.html,7,5,0,3,8
/ko/3.13/download.html,7,6,0,14,74
/ko/3.13/library/exceptions.html,7,7,50,6,59
/ko/3.13/reference/compound_stmts.html,7,4,100,26,26
/ko/3.13/reference/import.html,7,4,100,21,38
/ko/3/search.html,7,11,0,12,57
/ko/3.13/contents.html,6,6,0,25,4
/ko/3.13/library/csv.html,6,5,100,18,33
/ko/3.13/library/heapq.html,6,8,71,67,75
/ko/3.13/library/subprocess.html,6,6,75,28,15
/ko/3.13/reference/index.html,6,8,0,13,68
/ko/3.13/tutorial/inputoutput.html,6,7,0,170,57
/ko/3/glossary.html,6,7,50,79,26
/ko/3/howto/regex.html,6,7,100,2,16
/ko/3/tutorial/,6,8,60,188,32
/ko/3/tutorial/appetite.html,6,6,0,14,82
/ko/3/tutorial/classes.html,6,6,75,97,48
/ko/3/tutorial/interpreter.html,6,13,0,86,97
/ko/3.13/tutorial/,5,5,0,14,39
/ko/3.13/tutorial/modules.html,5,4,0,7,37
/ko/3.13/whatsnew/3.13.html,5,4,0,13,4
/ko/3/tutorial/controlflow.html,5,5,100,50,46
/ko/3/tutorial/stdlib.html,5,4,100,14,92
/ko/3.13/howto/sorting.html,4,4,100,104,38
/ko/3.13/library/asyncio-task.html,4,6,80,,
/ko/3.13/library/math.html,4,4,50,53,52
/ko/3.13/reference/lexical_analysis.html,4,2,0,12,25
/ko/3.13/reference/simple_stmts.html,4,4,100,6,52
/ko/3.13/reference/toplevel_components.html,4,3,100,6,33
/ko/3.13/using/index.html,4,4,100,14,86
/ko/3.13/whatsnew/3.5.html,4,2,0,6,4
/ko/3/library/datetime.html,4,4,100,33,20
/ko/3.13/c-api/unicode.html,3,3,100,21,78
/ko/3.13/howto/regex.html,3,4,0,13,7
/ko/3.13/library/array.html,3,3,100,205,49
/ko/3.13/library/copy.html,3,3,50,91,72
/ko/3.13/library/enum.html,3,2,100,59,41
/ko/3.13/library/fractions.html,3,2,100,4,30
/ko/3.13/library/logging.html,3,3,100,6,31
/ko/3.13/library/os.path.html,3,3,67,701,100
/ko/3.13/library/string.html,3,4,100,19,27
/ko/3.13/library/turtle.html,3,3,0,13,3
/ko/3.13/library/wave.html,3,4,100,13,76
/ko/3.13/reference/executionmodel.html,3,2,0,5,30
/ko/3.13/tutorial/stdlib.html,3,3,0,4,52
/ko/3/genindex.html,3,4,0,6,100
/ko/3/howto/index.html,3,2,100,2,100
/ko/3/library/threading.html,3,2,100,7,7
/ko/3/library/tkinter.html,3,6,50,67,42
/ko/3/py-modindex.html,3,4,0,16,39
/ko/3/reference/,3,3,33,11,100
/ko/3/reference/datamodel.html,3,3,50,43,24
/ko/3/tutorial/datastructures.html,3,2,100,5,27
/ko/3/tutorial/interactive.html,3,4,0,20,100
/ko/3/using/windows.html,3,2,100,13,56
/ko/dev/howto/curses.html,3,3,67,17,57
/ko/dev/library/unittest.html,3,5,75,117,16
/ko/dev/search.html,3,5,0,3,100
/ko/3.12/,2,10,0,29,100
/ko/3.12/c-api/index.html,2,1,0,1,42
/ko/3.12/distributing/index.html,2,1,0,1,100
/ko/3.12/download.html,2,1,0,12,100
/ko/3.12/extending/index.html,2,1,0,2,54
/ko/3.12/genindex.html,2,1,0,1,100
/ko/3.12/index.html,2,8,0,24,100
/ko/3.12/library/index.html,2,1,0,7,100
/ko/3.12/library/termios.html,2,1,0,7,54
/ko/3.12/py-modindex.html,2,1,0,13,58
