name,visitors,pageviews,bounce_rate,time_on_page,scroll_depth
/tr/3.13/tutorial/index.html,26,47,62,72,63
/tr/3.13/,16,16,25,11,68
/tr/3.13/tutorial/interpreter.html,13,15,40,22,62
/tr/3/tutorial/index.html,11,12,67,18,68
/tr/3.13/tutorial/introduction.html,10,11,100,23,67
/tr/3/,10,12,40,3,76
/tr/3/installing/index.html,10,12,80,27,75
/tr/3.13/tutorial/appetite.html,9,11,0,106,77
/tr/3.13/tutorial/controlflow.html,7,6,50,12,40
/tr/3.13/search.html,6,20,0,12,36
/tr/3.13/tutorial/datastructures.html,6,8,33,162,54
/tr/3.13/index.html,4,4,0,11,99
/tr/3.13/library/functions.html,4,5,50,27,31
/tr/3.13/library/stdtypes.html,4,4,0,15,21
/tr/3.13/tutorial/,4,4,50,78,82
/tr/3.13/tutorial/inputoutput.html,4,5,0,53,67
/tr/3.13/tutorial/venv.html,4,4,0,31,68
/tr/3/library/math.html,4,3,100,11,6
/tr/3/tutorial/appendix.html,4,2,100,8,62
/tr/3/tutorial/interpreter.html,4,3,0,71,92
/tr/3.12/installing/index.html,3,3,0,21,77
/tr/3.13/tutorial/classes.html,3,3,0,31,52
/tr/3/tutorial/,3,3,33,1,29
/tr/3/tutorial/appetite.html,3,3,0,63,76
/tr/3/tutorial/datastructures.html,3,3,100,33,19
/tr/3.12/,2,2,0,24,100
/tr/3.13/download.html,2,2,0,36,84
/tr/3.13/glossary.html,2,2,0,4,3
/tr/3.13/installing/index.html,2,1,0,12,42
/tr/3.13/library/random.html,2,1,0,12,17
/tr/3.13/library/tkinter.html,2,1,100,6,5
/tr/3.13/library/urllib.request.html,2,1,0,17,100
/tr/3.13/library/venv.html,2,2,0,23,53
/tr/3.13/tutorial/appendix.html,2,2,0,4,57
/tr/3.13/tutorial/errors.html,2,2,0,4,18
/tr/3.13/tutorial/interactive.html,2,2,0,1,69
/tr/3.13/tutorial/modules.html,2,2,0,66,47
/tr/3.13/tutorial/stdlib.html,2,3,0,25,47
/tr/3.13/tutorial/stdlib2.html,2,3,0,12,23
/tr/3.13/tutorial/whatnow.html,2,2,0,2,66
/tr/3.13/using/cmdline.html,2,1,0,4,4
/tr/3.13/using/index.html,2,2,0,7,100
/tr/3.13/whatsnew/3.13.html,2,2,0,3,2
/tr/3.13/whatsnew/changelog.html,2,2,0,7,0
/tr/3/library/asyncio-task.html,2,2,100,114,89
/tr/3/library/asyncio.html,2,2,100,40,76
/tr/3/library/functions.html,2,2,100,22,6
/tr/3/library/index.html,2,3,0,78,94
/tr/3/library/tk.html,2,2,50,30,98
/tr/3/tutorial/introduction.html,2,1,0,4,18
/tr/3.12/tutorial/index.html,1,1,100,,
/tr/3.13/howto/sorting.html,1,1,0,53,72
/tr/3.13/library/email.examples.html,1,1,100,27,13
/tr/3.13/library/functools.html,1,1,0,21,100
/tr/3.13/library/index.html,1,1,0,20,84
/tr/3.13/library/math.html,1,3,0,14,34
/tr/3.13/tutorial/floatingpoint.html,1,2,0,3,12
/tr/3.13/using/windows.html,1,1,0,12,7
/tr/3.14/,1,1,0,11,48
/tr/3.15/tutorial/appetite.html,1,1,0,24,97
/tr/3.15/tutorial/interpreter.html,1,2,0,14,35
/tr/3/glossary.html,1,1,100,3,3
/tr/3/library/asyncio-eventloop.html,1,1,0,5,2
/tr/3/library/asyncio-queue.html,1,1,0,,
/tr/3/library/asyncio-runner.html,1,1,0,,
/tr/3/library/asyncio-subprocess.html,1,1,0,,
/tr/3/library/asyncio-sync.html,1,1,0,148,50
/tr/3/library/idle.html,1,1,100,,
/tr/3/library/imaplib.html,1,1,0,,
/tr/3/library/os.html,1,1,0,71,79
/tr/3/library/time.html,1,1,100,544,5
/tr/3/library/tkinter.messagebox.html,1,1,0,5,100
/tr/3/library/venv.html,1,1,0,284,100
/tr/3/tutorial/controlflow.html,1,1,100,14,72
/tr/3/tutorial/errors.html,1,1,0,5,96
/tr/3/tutorial/modules.html,1,1,100,125,10
/tr/3/tutorial/venv.html,1,1,100,11,39
/tr/3/whatsnew/3.13.html,1,1,0,,
/tr/3/whatsnew/3.9.html,1,1,100,9,7
