name,visitors,pageviews,bounce_rate,time_on_page,scroll_depth
/it/3/tutorial/index.html,24,32,65,30,64
/it/3.13/,22,23,33,9,74
/it/3.13/tutorial/index.html,21,26,71,66,49
/it/3.13/search.html,19,30,25,9,78
/it/3.13/tutorial/,15,37,67,62,74
/it/3.13/tutorial/introduction.html,12,8,100,146,45
/it/3/tutorial/interpreter.html,12,11,100,52,55
/it/3.13/tutorial/interpreter.html,11,11,100,180,80
/it/3.13/using/windows.html,11,9,33,22,30
/it/3.13/tutorial/appetite.html,10,8,0,89,85
/it/3.13/tutorial/datastructures.html,10,11,0,43,54
/it/3/tutorial/controlflow.html,9,11,100,214,43
/it/3/tutorial/appetite.html,8,7,100,21,60
/it/3.13/index.html,7,6,50,11,80
/it/3/,7,17,60,738,64
/it/3/tutorial/introduction.html,7,8,50,62,22
/it/3.13/tutorial/classes.html,6,8,100,614,100
/it/3.13/tutorial/controlflow.html,6,6,100,67,33
/it/3/tutorial/modules.html,6,6,80,9,33
/it/3/library/functions.html,5,8,83,5,23
/it/3/tutorial/classes.html,5,7,33,44,24
/it/3.13/library/stdtypes.html,4,5,75,31,64
/it/3.13/library/string.html,4,3,0,70,20
/it/3.13/library/venv.html,4,7,50,34,26
/it/3.13/tutorial/stdlib.html,4,3,0,22,70
/it/3/contents.html,4,5,0,16,2
/it/3/library/stdtypes.html,4,4,100,340,57
/it/3/tutorial/datastructures.html,4,4,50,16,9
/it/3/whatsnew/3.13.html,4,3,0,12,24
/it/3.12/tutorial/,3,3,67,,
/it/3.13/library/index.html,3,4,0,12,12
/it/3.13/library/random.html,3,4,100,55,38
/it/3.13/library/time.html,3,3,100,26,36
/it/3.13/tutorial/errors.html,3,2,0,126,24
/it/3.13/whatsnew/3.13.html,3,4,0,16,7
/it/3.15/whatsnew/3.15.html,3,2,0,7,17
/it/3/reference/index.html,3,3,0,8,56
/it/3/tutorial/appendix.html,3,3,100,25,71
/it/3/whatsnew/changelog.html,3,2,0,5,0
/it/3.12/tutorial/classes.html,2,2,0,2,4
/it/3.13/c-api/index.html,2,1,0,16,100
/it/3.13/contents.html,2,2,0,4,0
/it/3.13/genindex.html,2,1,0,12,100
/it/3.13/installing/index.html,2,2,0,28,100
/it/3.13/library/archiving.html,2,2,0,16,100
/it/3.13/library/array.html,2,2,0,16,89
/it/3.13/library/constants.html,2,1,0,12,37
/it/3.13/library/idle.html,2,2,100,8,16
/it/3.13/library/math.html,2,1,0,24,72
/it/3.13/library/os.html,2,1,0,26,100
/it/3.13/library/pprint.html,2,2,0,8,18
/it/3.13/tutorial/floatingpoint.html,2,1,0,82,100
/it/3.13/tutorial/inputoutput.html,2,2,0,6,7
/it/3.13/tutorial/modules.html,2,2,0,16,24
/it/3.13/tutorial/venv.html,2,4,100,94,81
/it/3.13/using/index.html,2,2,0,11,100
/it/3.14/whatsnew/3.14.html,2,2,100,118,11
/it/3/tutorial/errors.html,2,1,0,6,7
/it/3/tutorial/inputoutput.html,2,2,0,6,8
/it/3/whatsnew/index.html,2,2,0,4,5
/it/3.12/tutorial/index.html,1,1,0,3,21
/it/3.12/whatsnew/3.12.html,1,1,0,14,10
/it/3.13/download.html,1,3,100,1,55
/it/3.13/faq/design.html,1,1,100,,
/it/3.13/howto/index.html,1,1,0,,
/it/3.13/howto/logging.html,1,1,0,,
/it/3.13/library/argparse.html,1,2,0,7,8
/it/3.13/library/binary.html,1,1,100,,
/it/3.13/library/csv.html,1,1,0,6,11
/it/3.13/library/dataclasses.html,1,2,0,0,7
/it/3.13/library/functions.html,1,1,100,,
/it/3.13/library/gc.html,1,1,0,11,18
/it/3.13/library/intro.html,1,1,0,6,32
/it/3.13/library/multiprocessing.html,1,1,0,3,1
/it/3.13/library/pathlib.html,1,1,0,,
/it/3.13/library/tk.html,1,1,0,8,17
/it/3.13/library/tkinter.html,1,3,0,176,100
/it/3.13/library/tkinter.ttk.html,1,1,100,,
/it/3.13/library/typing.html,1,1,0,,
/it/3.13/py-modindex.html,1,1,0,5,10
/it/3.13/reference/datamodel.html,1,1,0,,
/it/3.13/tutorial/appendix.html,1,2,0,5,100
/it/3.13/using/cmdline.html,1,1,0,10,22
/it/3.14/,1,1,0,35,100
/it/3.14/library/csv.html,1,1,100,92,100
/it/3.14/using/windows.html,1,1,0,4,2
/it/3.15/tutorial/controlflow.html,1,1,100,2,4
/it/3/download.html,1,1,0,4,65
/it/3/glossary.html,1,1,0,5,3
/it/3/library/index.html,1,1,0,7,9
/it/3/tutorial/floatingpoint.html,1,1,0,18,36
/it/3/tutorial/stdlib.html,1,1,0,,
/it/3/tutorial/venv.html,1,1,100,27,37
/it/3/tutorial/whatnow.html,1,1,100,852,100
