name,visitors
Spain,497
Mexico,425
Colombia,276
China,262
Argentina,248
Peru,148
Chile,116
Ecuador,89
Venezuela,86
United States,75
Bolivia,42
Dominican Republic,37
Singapore,27
Panama,23
Uruguay,23
Paraguay,19
Cuba,16
Costa Rica,14
Brazil,12
Guatemala,12
Nicaragua,12
India,10
Germany,9
El Salvador,8
Honduras,7
France,5
Puerto Rico,4
Vietnam,4
Switzerland,3
Russian Federation,3
Slovenia,3
Aruba,2
Canada,2
Morocco,2
Romania,2
Andorra,1
Bulgaria,1
Italy,1
Kazakhstan,1
Malta,1
Saudi Arabia,1
Syria,1
Turkey,1
Ukraine,1
