name,visitors,bounce_rate,visit_duration
Direct / None,225510,57,132
google.com,156479,53,119
bing.com,38228,54,123
chatgpt.com,37341,62,126
cn.bing.com,17190,50,174
baidu.com/link,6057,50,164
yandex.ru,5420,57,114
search.brave.com,3131,56,115
docs.python.org,2964,56,94
youtube.com,2455,67,98
doubao.com,1856,60,157
duckduckgo.com,1615,53,97
gemini.google.com,1451,60,121
so.com/link,1229,51,194
link.csdn.net,1199,50,151
copilot.microsoft.com,1020,55,137
in.search.yahoo.com,1001,51,158
perplexity.ai,923,61,126
code.visualstudio.com,861,73,96
search.yahoo.com,812,53,147
google.com.hk,809,48,115
claude.ai,742,63,108
yandex.kz,642,56,151
baidu.com,619,58,138
search.naver.com,618,50,141
github.com,552,67,99
statics.teams.cdn.office.net,498,69,102
ya.ru,477,53,153
w3schools.com,469,49,141
android-app://com.google.android.googlequicksearchbox,430,44,89
coccoc.com/search,363,48,130
link.zhihu.com,347,57,138
netacad.com,308,67,145
qiita.com,308,59,131
ecosia.org,295,56,92
pip.pypa.io/en/stable/installation,289,48,142
learn.microsoft.com,229,56,158
id.search.yahoo.com,203,55,129
github.com/AUTOMATIC1111/stable-diffusion-webui,201,80,63
bing.com/search,191,47,147
github.com/cgohlke/win_arm64-wheels,184,76,123
pytorch.org,183,71,102
packaging.python.org/en/latest/tutorials/installing-packages,176,43,166
sogou.com/link,176,51,125
yandex.com.tr,169,62,57
classroom.google.com,162,66,178
pypi.org,158,67,90
peps.python.org,143,51,105
yuanbao.tencent.com,143,59,137
br.search.yahoo.com,130,51,188
m.baidu.com,127,67,63
yandex.ru/search,126,54,103
yandex.by,125,54,127
python.jp,122,39,170
python.uihtm.com,122,58,146
wiki.python.org,116,64,109
qwant.com,113,54,126
liaoxuefeng.com,110,75,121
google.ru,107,52,110
roadmap.sh,107,68,95
blog.naver.com/PostView.naver,104,50,192
fr.search.yahoo.com,102,54,171
freedidi.com,98,83,51
sukkiri.jp/technologies/processors/python/python%E3%81%AE%E3%82%A4%E3%83%B3%E3%82%B9%E3%83%88%E3%83%BC%E3%83%AB%E6%96%B9%E6%B3%95windows%E7%B7%A8.html,95,53,100
m.search.naver.com,94,51,28
chat.baidu.com,93,43,232
python.p2hp.com,93,58,144
vn.search.yahoo.com,91,40,182
google.co.uk,86,61,74
jianshu.com,85,87,22
search.yahoo.co.jp,84,59,130
openclassrooms.com,82,55,137
tongyi.com,82,54,201
github.com/megadose/toutatis,81,58,110
runoob.com,81,79,83
docs.reportlab.com,78,61,149
devguide.python.org/versions,77,69,80
co.search.yahoo.com,73,62,84
online-python.com,71,64,46
mx.search.yahoo.com,68,61,76
t.co,68,100,0
blackbox.ai,67,58,75
pygame.org,67,46,141
realpython.com,67,53,136
udemy.com,67,75,70
yandex.ru/clck/jsredir,65,52,100
blog.pyq.jp,63,24,143
dotiromoook.tistory.com/32,62,37,131
ph.search.yahoo.com,62,56,40
ai.google.dev,61,69,38
discuss.python.org,60,57,161
geeksforgeeks.org,60,60,87
scikit-learn.org,58,66,97
sky.pro,57,56,169
web.telegram.org,56,69,99
datacamp.com,55,67,88
esphome.io,55,44,170
tongyi.com/qianwen,55,46,144
tw.search.yahoo.com,54,45,69
127.0.0.1,48,80,105
docs.platformio.org,47,62,151
uk.search.yahoo.com,45,74,81
chat.mistral.ai,44,67,121
lms.ev.org.br,43,51,104
cnblogs.com,42,49,66
pythonguis.com,42,52,308
ithelp.ithome.com.tw,41,38,170
ntp.msn.cn,41,57,148
savanna.alxafrica.com,41,65,65
cursos.alura.com.br,40,86,54
m.sogou.com,40,64,78
enlacesnintricks.blogspot.com,39,63,44
colab.research.google.com,38,81,112
idle.org.cn,38,46,428
pip.pypa.io,38,45,86
practicum.yandex.ru,38,62,80
python.org.br,38,68,98
pythoncentral.io,38,56,182
tr.search.yahoo.com,38,57,113
weel.co.jp,38,68,67
courses.edx.org,37,85,45
docs.espressif.com,37,56,246
l.facebook.com,37,47,166
ru.wikipedia.org,37,34,169
yandex.uz,37,32,208
en.wikipedia.org,36,35,85
google.co.in,35,46,129
google.fr,35,36,226
mooc1.chaoxing.com/mooc-ans/mooc2/work/dowork,35,43,467
chat.z.ai,34,64,150
google.de,34,62,81
pyfound.blogspot.com,34,60,145
pythononlinecompiler.ru,34,68,15
rivery.io,34,59,22
ursinaengine.org,34,65,123
edu.mipt.ru,33,59,159
es.search.yahoo.com,33,71,194
w3school.com.cn,33,50,338
it.search.yahoo.com,32,61,46
practicum.yandex.ru/blog/kak-ustanovit-python-na-kompyuter,31,31,43
aisearch.sogou.com/link,30,40,276
ca.search.yahoo.com,30,61,80
m.facebook.com,30,53,134
ntp.msn.com,30,73,81
chartist.com.tr,29,52,87
docs.pingcode.com,29,48,267
lms.human.ua,29,62,110
cloud.google.com,28,70,22
pl.search.yahoo.com,28,54,128
tutorial.djangogirls.org,28,69,181
blog.csdn.net/sensen_kiss/article/details/141940274,27,54,195
coderivers.org,27,50,580
github.com/hect0x7/JMComic-Crawler-Python,27,56,195
github.com/spotDL/spotify-downloader/blob/master/docs/installation.md,27,43,114
instaloader.github.io,27,44,165
learn2.open.ac.uk,27,48,95
pe.search.yahoo.com,27,61,60
poe.com,27,55,159
romptn.com/article/5211,27,90,44
a.teleboss.ru,26,42,173
away.vk.com,26,43,254
namu.wiki,26,65,39
nz.ua,26,57,82
sites.google.com,26,71,101
cloud.tencent.com/developer/tools/blog-entry,25,56,139
de.search.yahoo.com,25,70,109
google.co.jp,25,50,27
google.it,25,58,69
soroban.highreso.jp,25,79,75
yutu.cn,25,38,398
cn.bing.com/search,24,58,397
docs.cloud.google.com,24,67,77
skilladd.org/2025/08/26/39.%E9%BB%91%E8%8B%B9%E6%9E%9C%E5%AE%89%E8%A3%85%E9%A3%9F%E7%94%A8%E6%8C%87%E5%8D%97,24,81,44
anker-in.feishu.cn,23,46,283
cocalc.com,23,83,25
endoflife.date,23,52,57
github.com/cgohlke/numpy-mkl-wheels,23,75,99
lmarena.ai,23,43,130
tutorialspoint.com,23,82,14
alice.yandex.ru,22,27,310
digitalocean.com,22,70,27
docs.qq.com,22,83,270
github.com/loxy0dev/RedTiger-Tools,22,50,211
github.com/nrxss/Perfect-Circle,22,73,19
google.com.vn,22,55,16
m.so.com/s,22,50,79
metanit.com,22,60,119
topdev.vn,22,58,201
google.co.kr,21,52,20
ai-kenkyujo.com,20,38,202
cafe.naver.com/ca-fe/cafes/24029166/articles/225186,20,35,158
l.instagram.com,20,62,17
mooc.fi,20,55,30
nexusmods.com,20,65,197
py4e.com,20,48,232
pythonworld.ru/osnovy/skachat-python.html,20,40,81
pyzo.org,20,24,238
teacherjcb.fr,20,85,115
automatetheboringstuff.com,19,70,157
drive2.ru,19,64,156
github.com/xxreflextheone/AI-Aimbot,19,70,45
kagi.com,19,62,10
pythonjobshq.com,19,62,117
randomnerdtutorials.com,19,55,118
teams.wal-mart.com,19,58,106
ima.qq.com,18,39,118
link.juejin.cn,18,53,127
pythongeeks.org,18,50,60
skillbox.ru,18,67,57
amuletmc.com,17,53,151
byui-cse.github.io,17,56,184
chat.chatbot.app,17,42,150
gist.github.com,17,83,89
github.com/CoplayDev/unity-mcp,17,71,166
github.com/baihengaead/wifi-crack-tool,17,76,78
google.com.br,17,56,29
google.es,17,59,134
indiaicpc.in,17,71,126
learn.kodland.org,17,45,342
malaysia.search.yahoo.com,17,61,68
reppu.kamk.fi,17,47,92
sysnettechsolutions.com/en/fix-python-win32api-virtualbox,17,84,18
wiki.revolytics.com,17,71,163
blog.faradars.org,16,59,242
cl.search.yahoo.com,16,88,1
codecademy.com,16,78,24
gammasoft.jp,16,59,113
geek-blogs.com,16,50,410
github.com/Asabeneh/30-Days-Of-Python/blob/master/readme.md,16,25,263
go.bsky.app,16,75,18
google.com.tr,16,56,9
javadrive.jp,16,38,95
learn.uark.edu,16,59,156
m.youtube.com,16,56,83
notebooks.githubusercontent.com,16,82,8
pagekite.net,16,71,49
pythontest.com,16,25,57
rapidseedbox.com/blog/qbittorrent-search-plugins,16,44,124
so.com/s,16,50,43
wikidocs.net,16,50,398
yuque.com,16,81,76
au.search.yahoo.com,15,40,95
cs50.readthedocs.io/python,15,71,131
droidwin.com,15,40,104
edube.org/learn/pe-1/begin-your-python-journey-22,15,65,204
ferdowsi.cloud,15,27,123
freecodecamp.org/news/the-python-handbook,15,47,201
github.com/doncezart/TIBOT,15,62,41
google.com.tw,15,60,59
linkedin.com,15,93,30
s3.eu-west-1.amazonaws.com,15,67,145
velog.io,15,67,393
android-app://com.google.android.gm,14,71,29
app.aluracursos.com,14,93,0
ar.search.yahoo.com,14,67,38
blog.data101.io/318,14,29,126
bytedance.larkoffice.com,14,80,13
canlidovizfiyatlari.com,14,36,273
decrypt.fivecfx.com,14,60,40
doc.courtbouillon.org,14,100,0
facebook.com,14,93,29
github.com/AUTOMATIC1111/stable-diffusion-webui/wiki/Dependencies,14,86,44
github.com/NationalSecurityAgency/ghidra,14,53,86
github.com/guaguastandup/zotero-pdf2zh,14,21,156
legacy.python.org,14,64,56
open.hpi.de,14,57,123
trinket.io,14,86,37
confluence.oraclecorp.com,13,79,23
docs.google.com,13,77,50
docs.streamlit.io,13,62,56
docstring.fr,13,57,64
github.ibm.com,13,54,109
help.aliyun.com/redirect,13,50,40
login.microsoftonline.com,13,50,81
mkdocs.org,13,50,129
moodle.issh.ac.jp,13,44,198
oregoom.com,13,62,112
pandas.pydata.org,13,92,6
search.daum.net/search,13,36,380
sg.search.yahoo.com,13,67,56
stable-diffusion-art.com,13,69,141
timeweb.cloud,13,36,164
asreview.nl,12,92,3
bugs.python.org,12,69,46
codinglap.com,12,58,90
coolprop.org,12,46,106
docs.unity3d.com,12,46,205
google.co.id,12,67,81
google.com.au,12,42,424
google.gr,12,58,55
newsuk1.com,12,42,82
odoo.com,12,75,42
openstax.org,12,100,0
python.digibeatrix.com,12,25,200
sejuku.net,12,31,203
83-229-71-165.cloud-xip.com,11,82,11
agent.minimax.io,11,73,26
aulavirtual.sence.cl,11,73,9
btcrecover.readthedocs.io/en/latest/INSTALL,11,55,156
cgohlke.com,11,55,178
