property,value,visitors,events,percentage
url,(none),6061,12627,99.6
url,https://www.python.org/,142,165,2.3
url,https://github.com/python/cpython/tree/3.13/Lib/idlelib/,26,28,0.4
url,https://docs.python.org/zh-cn/3.13/archives/python-3.13-docs-pdf-a4.zip,25,26,0.4
url,https://www.python.org/downloads/,25,29,0.4
url,https://docs.python.org/zh-cn/3/archives/python-3.13-docs-pdf-a4.zip,18,18,0.3
url,https://www.python.org/downloads/macos/,17,19,0.3
url,https://docs.python.org/zh-cn/3.13/archives/python-3.13-docs-html.zip,13,13,0.2
url,https://docs.python.org/zh-cn/3.13/archives/python-3.13-docs-text.zip,9,10,0.1
url,https://briefcase.readthedocs.io/,5,5,0.1
url,https://github.com/python/cpython/tree/3.13/Lib/turtle.py,5,8,0.1
url,https://cibuildwheel.pypa.io/en/stable/platforms/#android,4,4,0.1
url,https://docs.python.org/zh-cn/3/archives/python-3.13-docs-text.zip,4,4,0.1
url,https://www.python.org/doc/versions/,4,4,0.1
url,https://www.tkdocs.com/shipman/,4,4,0.1
url,https://docs.python.org/zh-cn/3.13/archives/python-3.13-docs-html.tar.bz2,3,4,0.0
url,https://docs.python.org/zh-cn/3.13/archives/python-3.13-docs-pdf-a4.tar.bz2,3,3,0.0
url,https://docs.python.org/zh-cn/3.13/archives/python-3.13-docs.epub,3,3,0.0
url,https://en.wikipedia.org/wiki/Fibonacci_sequence,3,8,0.0
url,https://en.wikipedia.org/wiki/Turtle_(robot),3,8,0.0
url,https://packaging.python.org/en/latest/tutorials/installing-packages/#ensure-pip-setuptools-and-wheel-are-up-to-date,3,4,0.0
url,https://termux.dev/en/,3,3,0.0
url,https://buildozer.readthedocs.io/,2,2,0.0
url,https://devguide.python.org/,2,2,0.0
url,https://docs.python.org/zh-cn/3.13/archives/python-3.13-docs-texinfo.tar.bz2,2,2,0.0
url,https://docs.python.org/zh-cn/3.13/archives/python-3.13-docs-texinfo.zip,2,2,0.0
url,https://docs.python.org/zh-cn/3.13/archives/python-3.13-docs-text.tar.bz2,2,2,0.0
url,https://docs.python.org/zh-cn/3.15/archives/python-3.15-docs-pdf-a4.zip,2,2,0.0
url,https://docs.python.org/zh-cn/3/archives/python-3.13-docs-html.zip,2,2,0.0
url,https://github.com/python/cpython/blob/main/Doc/contents.rst?plain=1,2,2,0.0
url,https://github.com/python/cpython/tree/3.13/Android/testbed/app/src/main/c/main_activity.c,2,2,0.0
url,https://packaging.python.org/extensions/,2,3,0.0
url,https://packaging.python.org/installing/#requirements-for-installing-packages,2,2,0.0
url,https://peps.python.org/pep-0008/,2,2,0.0
url,https://peps.python.org/pep-0649/,2,2,0.0
url,https://peps.python.org/pep-3107/,2,2,0.0
url,https://pypi.org/,2,2,0.0
url,https://tkdocs.com/,2,2,0.0
url,https://wiki.python.org/moin/BeginnersGuide,2,2,0.0
url,https://www.python.org/psf/donations/,2,2,0.0
url,https://core.tcl.tk/tips/doc/trunk/tip/48.md,1,1,0.0
url,https://csrc.nist.gov/pubs/fips/180-4/upd1/final,1,1,0.0
url,https://datatracker.ietf.org/doc/html/rfc1869.html,1,1,0.0
url,https://docs.python.org/zh-cn/3.14/archives/python-3.14-docs-pdf-a4.zip,1,1,0.0
url,https://docs.python.org/zh-cn/3/archives/python-3.13-docs-pdf-a4.tar.bz2,1,1,0.0
url,https://docs.python.org/zh-cn/3/archives/python-3.13-docs.epub,1,1,0.0
url,https://en.wikipedia.org/wiki/Backus%E2%80%93Naur_form,1,1,0.0
url,https://en.wikipedia.org/wiki/Shell_injection#Shell_injection,1,1,0.0
url,https://en.wikipedia.org/wiki/Universal_binary,1,1,0.0
url,https://force-color.org/,1,1,0.0
url,https://gist.github.com/vsajip/4673395,1,1,0.0
url,https://github.com/python/cpython/blob/main/Doc/c-api/bytes.rst?plain=1,1,1,0.0
url,https://github.com/python/cpython/blob/main/Doc/library/calendar.rst?plain=1,1,2,0.0
url,https://github.com/python/cpython/blob/main/Doc/library/functions.rst?plain=1,1,1,0.0
url,https://github.com/python/cpython/blob/main/Doc/library/index.rst?plain=1,1,1,0.0
url,https://github.com/python/cpython/blob/main/Doc/library/lzma.rst?plain=1,1,1,0.0
url,https://github.com/python/cpython/blob/main/Doc/reference/index.rst?plain=1,1,1,0.0
url,https://github.com/python/cpython/blob/main/Doc/tutorial/index.rst?plain=1,1,1,0.0
url,https://github.com/python/cpython/blob/main/Doc/tutorial/interpreter.rst?plain=1,1,1,0.0
url,https://github.com/python/cpython/issues/118767,1,1,0.0
url,https://github.com/python/cpython/issues/125746,1,1,0.0
url,https://github.com/python/cpython/tree/3.13/Android/README.md,1,1,0.0
url,https://github.com/python/cpython/tree/3.13/Android/testbed,1,1,0.0
url,https://github.com/python/cpython/tree/3.13/Grammar/python.gram,1,1,0.0
url,https://github.com/python/cpython/tree/3.13/Lib/asyncio/streams.py,1,1,0.0
url,https://github.com/python/cpython/tree/3.13/Lib/datetime.py,1,3,0.0
url,https://github.com/python/cpython/tree/3.13/Lib/getopt.py,1,1,0.0
url,https://github.com/python/cpython/tree/3.13/Lib/idlelib,1,2,0.0
url,https://github.com/python/cpython/tree/3.13/Lib/tkinter/__init__.py,1,1,0.0
url,https://github.com/python/cpython/tree/3.13/Lib/tkinter/simpledialog.py,1,1,0.0
url,https://github.com/python/cpython/tree/3.13/Lib/types.py,1,1,0.0
url,https://github.com/python/cpython/tree/3.14/Lib/asyncio/runners.py,1,1,0.0
url,https://github.com/python/cpython/tree/main/Android/testbed/app/src/main/java/org/python/testbed/MainActivity.kt,1,1,0.0
url,https://learn.microsoft.com/windows-hardware/drivers/kernel/high-resolution-timers,1,5,0.0
url,https://learn.microsoft.com/windows/msix/desktop/desktop-to-uwp-behind-the-scenes,1,1,0.0
url,https://msdn.microsoft.com/en-us/library/ms686331(v=vs.85).aspx,1,1,0.0
url,https://owasp.org/www-community/attacks/Log_Injection,1,1,0.0
url,https://packaging.python.org/,1,1,0.0
url,https://packaging.python.org/en/latest/tutorials/packaging-projects/,1,1,0.0
url,https://packaging.python.org/installing/#creating-virtual-environments,1,1,0.0
url,https://peps.python.org/pep-0236/,1,1,0.0
url,https://peps.python.org/pep-0397/,1,1,0.0
url,https://peps.python.org/pep-0484/,1,1,0.0
url,https://peps.python.org/pep-0563/,1,1,0.0
url,https://peps.python.org/pep-0636/,1,1,0.0
url,https://peps.python.org/pep-0745/,1,1,0.0
url,https://peps.python.org/pep-3120/,1,1,0.0
url,https://peps.python.org/pep-3147/,1,1,0.0
url,https://peps.python.org/pep-3333/#the-start-response-callable,1,1,0.0
url,https://pkware.cachefly.net/webdocs/casestudies/APPNOTE.TXT,1,1,0.0
url,https://py-free-threading.github.io/installing-cpython/,1,1,0.0
url,https://py-free-threading.github.io/tracking/,1,1,0.0
url,https://pypi.org/project/UniCurses/,1,1,0.0
url,https://support.apple.com/en-us/102445,1,1,0.0
url,https://tiswww.case.edu/php/chet/readline/rltop.html,1,1,0.0
url,https://wiki.python.org/moin/PythonEditors,1,2,0.0
url,https://wiki.tcl-lang.org/37432,1,1,0.0
url,https://www.anaconda.com/download/,1,1,0.0
url,https://www.debian.org/doc/manuals/maint-guide/first.en.html,1,1,0.0
url,https://www.nuget.org/,1,1,0.0
url,https://www.riverbankcomputing.com/static/Docs/pyqtdeploy/,1,1,0.0
url,https://www.sphinx-doc.org/,1,1,0.0
url,https://www.tcl.tk/,1,1,0.0
url,https://www.unicode.org/versions/Unicode15.1.0/ch03.pdf,1,1,0.0
url,https://www.w3.org/TR/xpath,1,1,0.0
