name,version,visitors
Chrome,132.0,136
Firefox,134.0,31
Microsoft Edge,132.0,30
Chrome,131.0,26
Opera,116.0,10
Safari,18.1,9
Safari,18.2,9
Opera,114.0,5
Yandex Browser,24.12,4
Chrome,109.0,3
Opera,115.0,3
Firefox,128.0,3
Chrome,126.0,2
Safari,18.3,2
Samsung Browser,27.0,2
Mobile App,(not set),1
Firefox,115.0,1
Chrome,116.0,1
Chrome,124.0,1
Microsoft Edge,124.0,1
Chrome,129.0,1
Chrome,130.0,1
Firefox,130.0,1
Firefox,131.0,1
Norton Private Browser,131.0,1
Mobile App,131.0,1
Firefox,132.0,1
Safari,16.3,1
Safari,16.5,1
Safari,16.6,1
Opera GX,2.7,1
Chrome,58.0,1
Microsoft Edge,92.0,1
