name,visitors,bounce_rate,visit_duration
Direct / None,1082,62,233
google.com,474,76,248
python.org,125,57,257
pythoninsider.blogspot.com,70,48,167
bing.com,47,72,294
cn.bing.com,23,44,156
duckduckgo.com,23,78,383
baidu.com/link,13,67,56
search.brave.com,11,75,175
chatgpt.com,10,67,166
typing-extensions.readthedocs.io/en/latest,10,90,17
github.com/python/pymanager,7,100,0
yandex.ru,6,50,798
blog.python.org,5,50,238
discuss.python.org,5,60,21
reddit.com,5,60,78
android-app://com.slack,3,100,0
github.com,3,100,0
m.baidu.com,3,100,771
peps.python.org,3,100,29
baidu.com,2,100,0
google.com.hk,2,100,34
guru99.com,2,0,161
openzone.shea.edu.au,2,0,1214
pyo3.rs,2,0,69
tilburgu.testvision.nl,2,0,10242
typing-extensions.readthedocs.io,2,100,0
baike.baidu.com/reference/407313/533aYdO6cr3_z3kATKXfzPijYC-VNd__ueHQVuBzzqIPmGapB4rqWZt88M4r9vhpWgTZt9d4aJsWmKf5FQ,1,0,105
coccoc.com/search,1,0,148
dataseeds-blog.com,1,0,1043
deloittedevelopment.udemy.com,1,0,0
docs.frappe.io/framework/user/en/prerequisites,1,0,47
ecosia.org,1,0,7
emea.search.yahoo.com,1,0,1695
github.com/astropy/astropy/pull/18151,1,100,0
github.com/indygreg/python-zstandard/issues/238,1,100,0
github.com/python-gitlab/python-gitlab/issues/3013,1,100,0
github.com/python/cpython,1,0,319
github.com/python/cpython/issues/130662,1,100,0
github.com/vllm-project/vllm/pull/18964,1,0,72
google.ca,1,0,39
google.co.uk,1,0,140
google.com.tw,1,0,403
google.pl,1,100,0
hubo.hugoboss.com,1,0,32
infoworld.com,1,100,0
it.search.yahoo.com,1,100,0
kwonkai.tistory.com/49,1,0,0
lm.facebook.com,1,0,30
m.baidu.com/from=1012852q/bd_page_type=1/ssid=0/uid=0/pu=sz%401320_2004%2Cta%40iphone_1_13.2_11_19.5%2Cusm%400/baiduid=63057350CBA70E4123C58CB4176DA5E5/w=0_10_/t=iphone/l=1/tc,1,100,0
m.baidu.com/from=1012852q/bd_page_type=1/ssid=0/uid=0/pu=usm%404%2Csz%401320_1004%2Cta%40iphone_2_15.0_11_19.6/baiduid=CA1DBDC413D09D303BCCC39504BF53C3/w=0_10_/t=iphone/l=1/tc,1,100,0
m.baidu.com/from=1055386b/bd_page_type=1/ssid=0/uid=0/pu=sz%401320_1001%2Cta%40iphone_2_10.0_28_16.0%2Cusm%400/baiduid=BA3439E03DFCD4BFEBDF0E85F9738A25/w=0_10_/t=iphone/l=1/tc,1,0,1872
m.baidu.com/from=2001l/bd_page_type=1/ssid=0/uid=0/pu=usm%400%2Csz%401320_220%2Cta%40iphone___1_17.6/baiduid=00ED45B7E5DD344B4F53D1E4B9B84454/w=0_10_/t=iphone/l=1/tc,1,100,0
m.sogou.com,1,0,381
numpy.org,1,0,209
pcschool.com.tw,1,0,263
perplexity.ai,1,100,0
phoronix.com,1,100,0
pl.search.yahoo.com,1,0,0
python.org/downloads,1,0,18
python.p2hp.com,1,0,1657
qwant.com,1,100,0
removal.eventlet.org,1,100,0
search.daum.net/search,1,100,0
t.co,1,100,0
vuws.westernsydney.edu.au,1,0,197
web.telegram.org,1,0,387
wiki.python.org,1,0,2320
youtube.com,1,100,0
