name,visitors
Moscow,223
Bengaluru,168
Singapore,150
Cairo,131
Hyderabad,127
Sydney,112
Chennai,101
Tel Aviv,100
Hanoi,97
Ho Chi Minh City,93
Tokyo,91
Saint Petersburg,84
Hong Kong,83
Frankfurt am Main,82
Amsterdam,81
Mumbai,80
Istanbul,79
Pune,79
Melbourne,77
Warsaw,76
São Paulo,76
Los Angeles,76
Taipei,71
Berlin,70
Kyiv,69
New York City,66
Bangkok,65
New Delhi,64
Beijing,64
San Jose,63
Paris,58
Kolkata,54
Jakarta,54
Shanghai,49
Bogotá,49
Helsinki,47
Munich,46
Prague,46
Chicago,45
Guangzhou,44
London,43
Zürich,43
Madrid,43
Brisbane,42
Stockholm,42
Tashkent,39
Auckland,39
Budapest,38
Toronto,38
Hangzhou,37
Delhi,36
Chengdu,36
N/A,36
Ashburn,35
Yekaterinburg,34
Kuala Lumpur,34
Lima,34
Hamburg,33
Rome,33
Medellín,33
Minsk,31
Novosibirsk,31
Seoul,31
Perth,30
Vienna,30
Milan,30
Nairobi,29
Johannesburg,29
Taichung,28
Shenzhen,28
Washington,28
Dhaka,27
Lucknow,27
Dublin,27
Santiago,27
Athens,26
Karachi,26
Tunis,26
Addis Ababa,25
Tbilisi,25
Yerevan,25
San Francisco,25
Amman,24
Dubai,24
Lahore,23
Rio de Janeiro,23
Brooklyn,23
Colombo,22
Kathmandu,22
Wuhan,22
Barcelona,22
Seattle,22
Baku,21
Vilnius,21
Lagos,20
Phoenix,20
Montréal,20
Coimbatore,19
Zhengzhou,19
Lisbon,19
Wrocław,19
Curitiba,19
Washington,19
Denver,19
Calgary,19
Ankara,18
Giza,18
Belgrade,18
Islamabad,18
Ahmedabad,18
Almaty,18
Osaka,18
Brussels,18
Kraków,18
Cape Town,18
Miami,18
Atlanta,18
Riyadh,17
Tehran,17
Lviv,17
Quezon City,17
Casablanca,17
Philadelphia,17
Queens,17
Petaẖ Tiqwa,16
Alexandria,16
Nizhniy Novgorod,16
N/A,16
Austin,16
Dallas,16
Houston,16
San Antonio,16
N/A,16
Dehra Dūn,15
Krasnoyarsk,15
Bandung,15
Copenhagen,15
Köln,15
Falkenstein,15
Düsseldorf,15
Bratislava,15
Montevideo,15
Minneapolis,15
Santa Clara,15
Noida,15
Rostov-na-Donu,14
Rawalpindi,14
Gurgaon,14
Guwahati,14
Petaling Jaya,14
Accra,14
Katowice,14
Vancouver,14
Odessa,13
Dnipro,13
Nagpur,13
Jaipur,13
Chandīgarh,13
Nur-Sultan,13
Bishkek,13
Da Nang,13
San Salvador,13
Charlotte,13
Jeddah,12
Samara,12
Krasnodar,12
Kazan,12
Tallinn,12
Tianjin,12
N/A,12
Cambridge,12
The Hague,12
Nürnberg,12
Leipzig,12
Poznań,12
Dammam,11
Jerusalem,11
Perm,11
Faisalabad,11
Indore,11
Cochin,11
Bekasi,11
Nanjing,11
Suzhou,11
Algiers,11
Manchester,11
Bristol,11
Stuttgart,11
Karlsruhe,11
Lyon,11
Campinas,11
Brasília,11
Mexico City,11
Sunnyvale,11
Hillsboro,11
Kampala,10
Ramat Gan,10
Voronezh,10
Vijayawada,10
Surat,10
Salem,10
Tyumen,10
Chelyabinsk,10
Changsha,10
Phnom Penh,10
Canberra,10
City of Westminster,10
Utrecht,10
Brno,10
Gdańsk,10
Fortaleza,10
San José,10
Guadalajara,10
Fort Worth,10
Boston,10
Cambridge,10
Salt Lake City,10
Bellevue,10
Sanaa,9
Nicosia,9
Kuwait City,9
Doha,9
Abu Dhabi,9
İzmir,9
Riga,9
Bryansk,9
Braşov,9
Thrissur,9
Omsk,9
Kaohsiung,9
Xi’an,9
Wuxi,9
Qingdao,9
Chongqing,9
Suwon,9
Seongnam-si,9
Vladivostok,9
Adelaide,9
Malmö,9
Göteborg,9
Graz,9
Toulouse,9
Łódź,9
Oslo,9
Santo Domingo,9
Cali,9
Barranquilla,9
La Paz,9
Buffalo,9
San Diego,9
N/A,9
N/A,9
Muscat,8
Yaroslavl,8
Saratov,8
Patna,8
Bhopāl,8
Tomsk,8
Surabaya,8
Bogor,8
Taoyuan,8
Hsinchu,8
Xiamen,8
Yokohama,8
Rabat,8
Oxford,8
Turin,8
N/A,8
Guatemala City,8
Córdoba,8
Raleigh,8
Reston,8
Somerville,8
Portland,8
N/A,8
Manama,7
Antalya,7
Kursk,7
Izhevsk,7
Espoo,7
Vinnytsya,7
Košice,7
Bhubaneshwar,7
Pattaya,7
Tainan,7
Makati City,7
Shijiazhuang,7
Jinan,7
Yiwu,7
N/A,7
Goyang-si,7
Changwon,7
Nagoya,7
Abuja,7
Valencia,7
Tangier,7
Sheffield,7
N/A,7
Fulham,7
Birmingham,7
