name,visitors
Chrome,291307
Microsoft Edge,131333
Safari,25197
Firefox,19051
Opera,8914
Yandex Browser,7611
Mobile App,4051
Smart Lenovo Browser,2352
Quark,1464
Samsung Browser,1254
QQ Browser,982
vivo Browser,498
Huawei Browser Mobile,431
Sogou Explorer,421
MIUI Browser,377
Whale Browser,354
Huawei Browser,202
Avast Secure Browser,198
AVG Secure Browser,92
(not set),74
Brave,73
Chromium,69
UC Browser,47
QtWebEngine,42
Norton Private Browser,33
CCleaner,26
Hi Browser,26
Phoenix Browser,25
SberBrowser,21
Mobile Silk,19
Opera GX,16
Opera Touch,15
UBrowser,15
Ecosia,12
Android Browser,11
JioSphere,11
115 Browser,10
QQ Browser Lite,9
AdBlock Browser,8
Atom,8
Avira Secure Browser,8
Pale Moon,7
360 Secure Browser,6
Iron,5
Oculus Browser,5
Sleipnir,5
Seewo Browser,4
Aloha Browser,3
Chromium GOST,3
Lenovo Browser,3
Meizu Browser,3
UC Browser Turbo,3
Cheetah Browser,2
DuckDuckGo Privacy Browser,2
Konqueror,2
Midori,2
NetFront,2
Oppo Browser,2
REST Client for Ruby,2
Sputnik Browser,2
Yahoo! Japan Browser,2
BlackBerry Browser,1
Coc Coc,1
Lilo,1
Mypal,1
NFS Browser,1
Opera Devices,1
Puffin,1
Qwant Mobile,1
Realme Browser,1
TenFourFox,1
Vivaldi,1
Waterfox,1
