name,unique_entrances,total_entrances,visit_duration
/es/3/tutorial/,437,452,168
/es/3/library/tkinter.html,140,145,61
/es/3/,91,95,138
/dev/using/windows.html,90,92,257
/es/3/library/index.html,87,95,83
/3/,85,86,353
/es/3/tutorial/index.html,79,86,200
/es/3/tutorial/introduction.html,63,65,109
/es/3.15/using/windows.html,61,64,49
/es/3/tutorial/venv.html,60,64,76
/es/3/tutorial/appetite.html,56,61,168
/es/3/tutorial/datastructures.html,53,55,57
/es/3/tutorial/controlflow.html,49,57,157
/es/3/tutorial/interpreter.html,46,46,42
/es/3/tutorial/classes.html,44,45,191
/es/3/installing/index.html,41,41,56
/es/3/library/functions.html,41,42,38
/es/3/library/idle.html,36,36,116
/es/3.13/library/tkinter.html,33,36,153
/es/3.14/,32,32,79
/es/3/tutorial/errors.html,30,30,0
/es/3/library/re.html,27,27,17
/es/3/library/math.html,26,26,105
/es/3.13/library/functions.html,25,26,61
/es/3.14/tutorial/index.html,25,26,57
/es/3/library/datetime.html,24,24,1
/es/3.13/tutorial/index.html,23,25,535
/es/3/library/stdtypes.html,23,23,53
/es/3.14/library/index.html,19,20,222
/es/3/library/argparse.html,19,19,32
/es/3/search.html,19,20,102
/es/3/library/random.html,18,18,132
/es/3.13/library/datetime.html,17,17,29
/es/3/glossary.html,17,18,2
/es/3/library/string.html,17,18,59
/es/3/library/venv.html,17,17,1
/3/tutorial/index.html,16,16,188
/es/3.13/tutorial/datastructures.html,16,16,0
/es/3/library/asyncio.html,16,16,152
/es/3.14/library/functions.html,15,18,136
/es/3.14/search.html,15,15,94
/es/3.13/library/stdtypes.html,14,14,54
/es/3/howto/logging.html,14,14,47
/es/3/howto/sorting.html,14,14,122
/3.14/tutorial/index.html,13,13,534
/es/3.13/library/index.html,13,13,156
/es/3.13/library/tk.html,13,13,207
/es/3.14/library/os.path.html,13,14,8
/es/3/library/json.html,13,13,7
/es/3/library/shutil.html,13,14,115
/es/3/tutorial/inputoutput.html,13,13,40
/es/3.13/tutorial/venv.html,12,14,0
/es/3.14/tutorial/controlflow.html,12,14,7
/es/3/library/sqlite3.html,12,12,62
/es/3.14/tutorial/introduction.html,11,12,136
/3/library/functions.html,10,10,250
/es/3.12/tutorial/index.html,10,10,91
/es/3.14/tutorial/appetite.html,10,10,30
/es/3/library/csv.html,10,10,51
/es/3/library/turtle.html,10,12,134
/es/3/using/windows.html,10,10,3
/es/dev/tutorial/controlflow.html,10,10,2
/es/3.13/contents.html,9,9,0
/es/3.13/library/re.html,9,10,14
/es/3/howto/regex.html,9,10,0
/es/3/using/cmdline.html,9,10,0
/3/library/datetime.html,8,8,371
/3/library/index.html,8,8,886
/3/library/venv.html,8,8,244
/3/search.html,8,8,943
/es/3.13/library/sqlite3.html,8,8,330
/es/3.13/tutorial/inputoutput.html,8,9,0
/es/3.13/tutorial/interpreter.html,8,8,0
/es/3.14/library/stdtypes.html,8,10,236
/es/3/contents.html,8,8,174
/es/3/howto/unicode.html,8,8,139
/es/3/library/tk.html,8,10,177
/es/3/reference/index.html,8,8,167
/es/3/tutorial/modules.html,8,8,0
/3.14/,7,7,412
/3/library/tkinter.html,7,7,533
/es/3.13/,7,7,247
/es/3.13/glossary.html,7,8,452
/es/3.13/library/tkinter.ttk.html,7,7,47
/es/3.13/tutorial/,7,8,31
/es/3.13/tutorial/classes.html,7,7,270
/es/3.14/index.html,7,7,167
/es/3.14/library/random.html,7,8,8
/es/3.14/tutorial/,7,7,240
/es/3.14/tutorial/interpreter.html,7,7,125
/es/3.14/using/windows.html,7,7,10
/es/3/library/http.server.html,7,7,11
/es/3/library/os.html,7,7,41
/es/3/tutorial/stdlib.html,7,7,739
/es/3/using/editors.html,7,7,8
/es/dev/tutorial/,7,8,11
/3/library/random.html,6,6,284
/3/library/stdtypes.html,6,6,240
/3/tutorial/,6,6,736
/es/3.12/tutorial/controlflow.html,6,6,24
/es/3.13/library/array.html,6,6,181
/es/3.13/library/asyncio-task.html,6,6,104
/es/3.13/library/email.examples.html,6,7,0
/es/3.13/library/multiprocessing.html,6,9,231
/es/3.13/reference/datamodel.html,6,6,0
/es/3.13/search.html,6,6,378
/es/3.14/tutorial/datastructures.html,6,6,38
/es/3.14/using/cmdline.html,6,8,380
/es/3/library/base64.html,6,6,140
/es/3/library/decimal.html,6,6,0
/es/3/library/exceptions.html,6,6,159
/es/3/library/filesys.html,6,6,326
/es/3/library/pathlib.html,6,6,128
/es/3/library/pprint.html,6,6,0
/es/3/library/statistics.html,6,7,15
/es/3/library/typing.html,6,7,5
/es/3/reference/compound_stmts.html,6,6,0
/es/3/reference/import.html,6,6,364
/3/library/csv.html,5,5,1085
/3/library/pathlib.html,5,5,455
/es/3.12/tutorial/introduction.html,5,5,0
/es/3.13/index.html,5,5,1
/es/3.13/installing/,5,5,0
/es/3.13/library/csv.html,5,5,151
/es/3.13/library/wave.html,5,5,284
/es/3.13/py-modindex.html,5,5,0
/es/3.13/tutorial/controlflow.html,5,5,197
/es/3.13/tutorial/errors.html,5,5,576
/es/3.14/download.html,5,5,10
/es/3.14/library/re.html,5,5,0
/es/3/howto/sockets.html,5,5,615
/es/3/library/configparser.html,5,5,291
/es/3/library/functools.html,5,5,23
/es/3/library/intro.html,5,5,123
/es/3/library/smtplib.html,5,5,126
/es/3/library/timeit.html,5,5,4
/es/3/library/tkinter.ttk.html,5,5,9
/es/3/library/traceback.html,5,5,118
/es/3/library/unicodedata.html,5,5,5
/3.13/tutorial/,4,4,522
/3.14/tutorial/,4,4,69
/3/genindex.html,4,4,740
/3/library/idle.html,4,4,237
/3/library/multiprocessing.html,4,4,234
/3/library/os.path.html,4,4,733
/3/library/re.html,4,4,321
/3/library/sqlite3.html,4,4,897
/3/tutorial/controlflow.html,4,4,14
/es/3.12/index.html,4,4,0
/es/3.12/library/importlib.metadata.html,4,4,634
/es/3.12/library/typing.html,4,4,4
/es/3.13/library/ast.html,4,4,0
/es/3.13/library/calendar.html,4,4,1
/es/3.13/library/codecs.html,4,4,0
/es/3.13/library/filesys.html,4,4,4
/es/3.13/library/logging.html,4,4,0
/es/3.13/library/operator.html,4,4,0
/es/3.13/library/random.html,4,4,10
/es/3.13/library/smtplib.html,4,4,6
/es/3.13/library/termios.html,4,4,0
/es/3.14/installing/index.html,4,4,0
/es/3.14/library/multiprocessing.html,4,6,2
/es/3.14/library/tkinter.html,4,4,0
/es/3.14/reference/compound_stmts.html,4,5,0
/es/3/faq/windows.html,4,4,159
/es/3/library/array.html,4,4,0
/es/3/library/collections.html,4,4,386
/es/3/library/concurrent.futures.html,4,4,46
/es/3/library/email.examples.html,4,4,0
/es/3/library/enum.html,4,4,78
/es/3/library/multiprocessing.html,4,4,139
/es/3/library/socket.html,4,4,0
/es/3/library/textwrap.html,4,4,189
/es/3/library/warnings.html,4,4,0
/es/3/py-modindex.html,4,4,218
/es/3/reference/lexical_analysis.html,4,4,10
/es/dev/library/threading.html,4,4,0
/es/dev/reference/compound_stmts.html,4,4,20
/3.14/index.html,3,3,375
/3.14/using/windows.html,3,3,47
/3/library/argparse.html,3,3,561
/3/library/concurrent.futures.html,3,3,2171
/3/library/math.html,3,3,15
/3/library/unittest.html,3,3,111
/3/tutorial/datastructures.html,3,3,202
/3/using/index.html,3,3,267
/es/3.12/,3,4,191
/es/3.12/library/tkinter.html,3,3,10
/es/3.12/using/mac.html,3,3,0
/es/3.13/library/__future__.html,3,3,0
/es/3.13/library/filecmp.html,3,3,141
/es/3.13/library/http.server.html,3,3,0
/es/3.13/library/importlib.metadata.html,3,3,307
/es/3.13/library/json.html,3,3,10
/es/3.13/library/math.html,3,3,0
/es/3.13/library/os.html,3,3,0
/es/3.13/library/pathlib.html,3,3,0
/es/3.13/library/platform.html,3,3,0
/es/3.13/library/symtable.html,3,3,0
/es/3.13/library/sysconfig.html,3,3,0
/es/3.13/library/typing.html,3,3,0
/es/3.13/library/zipfile.html,3,3,0
/es/3.13/tutorial/introduction.html,3,3,0
/es/3.13/using/windows.html,3,3,4
/es/3.14/library/os.html,3,4,47
/es/3.14/library/statistics.html,3,4,0
/es/3.14/reference/index.html,3,3,13
/es/3.14/whatsnew/3.14.html,3,3,45
/es/3.15/tutorial/index.html,3,3,45
/es/3/genindex-Símbolos.html,3,3,14
/es/3/howto/curses.html,3,3,6
/es/3/library/__main__.html,3,3,30
/es/3/library/difflib.html,3,3,0
/es/3/library/doctest.html,3,4,2
/es/3/library/fcntl.html,3,3,658
/es/3/library/heapq.html,3,3,0
/es/3/library/persistence.html,3,3,0
/es/3/library/pickle.html,3,3,0
/es/3/library/queue.html,3,3,634
/es/3/library/selectors.html,3,3,12
/es/3/library/sys.html,3,3,310
/es/3/library/text.html,3,3,21
/es/3/library/urllib.html,3,3,1
/es/3/library/urllib.parse.html,3,3,26
/es/3/library/urllib.request.html,3,3,0
/es/3/library/xml.etree.elementtree.html,3,3,0
/es/3/tutorial/appendix.html,3,3,12
/es/3/using/mac.html,3,3,0
/es/dev/howto/sorting.html,3,3,735
/es/dev/library/math.html,3,3,0
/es/dev/reference/datamodel.html,3,3,0
/es/dev/whatsnew/3.0.html,3,3,0
/es/dev/whatsnew/3.11.html,3,3,0
/3.14/reference/expressions.html,2,2,908
/3.14/search.html,2,2,466
/3/library/fnmatch.html,2,2,108
/3/library/glob.html,2,2,802
/3/library/heapq.html,2,2,0
/3/library/http.server.html,2,2,1140
/3/library/json.html,2,2,273
/3/library/statistics.html,2,2,158
/3/library/subprocess.html,2,2,1336
/3/library/sys.html,2,2,1539
/3/library/tempfile.html,2,2,1095
/3/library/turtle.html,2,2,214
/3/license.html,2,2,2247
/3/reference/datamodel.html,2,2,3
/3/tutorial/appetite.html,2,2,37
/3/tutorial/modules.html,2,2,676
/3/using/windows.html,2,2,194
/3/whatsnew/3.0.html,2,2,23
/dev/,2,2,154
/es/3.12/c-api/set.html,2,2,0
/es/3.12/download.html,2,2,0
/es/3.12/installing/index.html,2,2,0
/es/3.12/library/__future__.html,2,2,0
/es/3.12/library/codecs.html,2,2,0
/es/3.12/library/index.html,2,2,10
/es/3.12/library/sqlite3.html,2,2,166
/es/3.12/tutorial/classes.html,2,2,0
/es/3.12/tutorial/venv.html,2,2,0
/es/3.12/whatsnew/3.9.html,2,2,0
/es/3.13/bugs.html,2,2,0
/es/3.13/c-api/buffer.html,2,2,0
/es/3.13/extending/newtypes.html,2,2,0
/es/3.13/faq/installed.html,2,2,0
/es/3.13/genindex-A.html,2,2,0
/es/3.13/howto/curses.html,2,2,18
/es/3.13/howto/regex.html,2,2,566
/es/3.13/library/__main__.html,2,2,0
/es/3.13/library/asyncio-dev.html,2,2,0
/es/3.13/library/asyncio-queue.html,2,2,0
/es/3.13/library/collections.html,2,2,0
/es/3.13/library/concurrency.html,2,2,0
/es/3.13/library/datatypes.html,2,2,0
/es/3.13/library/dbm.html,2,2,0
/es/3.13/library/decimal.html,2,2,0
/es/3.13/library/dis.html,2,2,0
/es/3.13/library/doctest.html,2,2,0
/es/3.13/library/email.message.html,2,2,0
/es/3.13/library/faulthandler.html,2,2,0
/es/3.13/library/inspect.html,2,2,0
/es/3.13/library/ipc.html,2,2,0
/es/3.13/library/msilib.html,2,2,0
/es/3.13/library/os.path.html,2,2,0
/es/3.13/library/pickle.html,2,2,42
/es/3.13/library/resource.html,2,2,0
/es/3.13/library/select.html,2,2,0
/es/3.13/library/signal.html,2,2,0
/es/3.13/library/statistics.html,2,2,0
/es/3.13/library/string.html,2,2,0
/es/3.13/library/stringprep.html,2,2,0
/es/3.13/library/textwrap.html,2,2,0
/es/3.13/library/tkinter.font.html,2,2,0
/es/3.13/library/turtle.html,2,2,0
/es/3.13/library/urllib.request.html,2,2,0
/es/3.13/library/zoneinfo.html,2,2,116
/es/3.13/reference/import.html,2,2,2
/es/3.13/reference/index.html,2,2,3
/es/3.13/tutorial/modules.html,2,2,0
