name,version,visitors
Windows,10,3571
Mac,10.15,963
GNU/Linux,(not set),527
Android,10,155
Ubuntu,(not set),105
iOS,18.4,45
Android,15,17
iOS,18.5,16
Windows,7,13
Android,11,11
Windows,8.1,10
Android,14,9
Android,13,8
iOS,18.1,6
Android,12,5
Chrome OS,14541.0,5
iOS,15.8,5
iOS,18.3,5
HarmonyOS,(not set),4
iOS,13.6,4
iOS,16.0,3
iOS,11.2,2
iOS,16.1,2
iOS,16.6,2
iOS,16.7,2
iOS,17.4,2
iOS,17.5,2
Fire OS,8,2
Android,8.1,2
Android,9,2
Windows,(not set),1
iOS,11.0,1
iOS,13.5,1
iOS,15.4,1
iOS,15.6,1
iOS,18.0,1
iOS,18.2,1
HarmonyOS,2.1,1
HarmonyOS,3.0,1
Fire OS,7,1
