name,version,visitors
Windows,10,2701
Mac,10.15,615
GNU/Linux,(not set),333
Windows,XP,120
Ubuntu,(not set),113
Windows,7,82
Android,10,74
Mac,10.13,61
iOS,18.6,14
iOS,18.7,13
Android,15,11
Android,13,9
Android,12,6
Android,9,6
iOS,26.1,5
Android,11,4
Chrome OS,14541.0,3
Android,(not set),2
(not set),(not set),2
Mac,10.14,2
Android,14,2
Android,16,2
iOS,16.6,2
iOS,18.5,2
iOS,7.0,2
Windows,8.1,2
Mac,10.7,1
iOS,11.0,1
Mac,14.4,1
iOS,16.1,1
iOS,16.7,1
iOS,17.5,1
iOS,26.0,1
Android,5.0,1
