name,visitors,bounce_rate,visit_duration
Direct / None,3335,62,1916
google.com,407,79,458
python.org,136,74,244
bing.com,51,62,172
duckduckgo.com,34,67,203
practicum.yandex.ru,29,83,176
cn.bing.com,27,60,642
statics.teams.cdn.office.net,17,59,196
chatgpt.com,16,64,238
baidu.com/link,14,82,61
peps.python.org,13,62,555
search.brave.com,13,100,658
campus110.unad.edu.co,12,73,259
doubao.com,7,60,683
google.com.hk,6,67,398
yandex.ru,6,0,491
colab.research.google.com,5,60,54
ecosia.org,5,100,61
pypi.org,5,25,54
search.yahoo.co.jp,4,50,294
codecademy.cn,3,0,340
docs.astral.sh,3,67,289
notebooks.githubusercontent.com,3,100,0
anyio.readthedocs.io,2,0,2104
aulavirtual.iesthosicodina.cat,2,100,0
baidu.com,2,100,0
ctp.di.fct.unl.pt,2,100,0
dcm-llm.com,2,50,2
discuss.python.org,2,100,32
gemini.google.com,2,100,720
github.com/karpierz/pkg_about/pull/2,2,0,171
learn.microsoft.com,2,100,0
lms.upjs.sk,2,100,0
m.baidu.com/from=1020761f/bd_page_type=1/ssid=0/uid=0/pu=usm%400%2Csz%401320_1001%2Cta%40iphone_2_9.0_19_27.0/baiduid=A17091C2DD2FD4CB2CD6A8100FB40A15/w=0_10_/t=iphone/l=1/tc,2,0,417
m.baidu.com/s,2,100,0
qwant.com,2,0,628
wiki.python.org,2,0,69
yandex.ru/clck/jsredir,2,0,5740
10.6.0.221,1,100,0
ai.dangbei.com,1,0,21
aiosmtplib.readthedocs.io/en/latest/usage.html,1,100,0
aisearch.sogou.com/link,1,100,0
alm-confluence.systems.uk.hsbc,1,100,0
bugs.launchpad.net,1,100,0
c.biancheng.net,1,0,516
chamilo.univ-grenoble-alpes.fr,1,0,952
code.visualstudio.com,1,0,12
console.basthon.fr,1,0,87
death.andgravity.com,1,0,117
devdocs.io,1,100,0
docassemble.org,1,100,0
docs.pydantic.dev,1,0,926
docs.pytest.org/en/stable/getting-started.html,1,0,1463
docs.weoa.com,1,100,0
e3f88e4547cb4c2bb2e26d7f1ebf9444.enterprise.cc-propeller.cloud,1,0,7
eksamensvedlegg.it.ntnu.no,1,100,0
emdgroup.github.io,1,100,0
facebook.github.io,1,0,108
forum.ansible.com,1,100,0
forums.freebsd.org,1,100,0
git.corp.adobe.com,1,100,0
gitee.com,1,100,0
github.com,1,100,0
github.com/ibarbylev/010825-ptm-Python/blob/master/30__JSON__datetime/theory_03__datetime.md,1,100,0
github.com/jwodder/versioningit/issues/48,1,100,0
github.com/nvbn/thefuck/pull/1415,1,100,0
github.com/scikit-hep/pyhf/issues/2454,1,100,0
github.wdf.sap.corp,1,100,0
habr-com.cdn.ampproject.org/v/s/habr.com/ru/amp/publications/725374,1,0,7
hitachigroup.okta.com,1,0,75
hub.imt-atlantique.fr,1,100,0
ics.uci.edu,1,0,245
in.search.yahoo.com,1,0,0
interactivetextbooks.tudelft.nl,1,100,0
jpc-excel.officeapps.live.com,1,100,0
kagi.com,1,0,249
liberty.ver.mycloud.intrabpce.fr,1,100,0
linkedin.com,1,0,0
login.microsoftonline.com,1,0,38
mathematik.hu-berlin.de,1,0,246
mooc1.chaoxing.com,1,0,9
ntp.msn.cn,1,100,0
orgpad.info,1,100,0
overleaf.com,1,0,234
packaging.python.org/en/latest/key_projects,1,0,37
practicum.yandex.com,1,100,0
practicum.yandex.kz,1,100,0
psicode.org,1,100,0
pucminas.instructure.com/courses/199120/modules/items/4332351,1,0,131
pypdf.readthedocs.io/en/stable/modules/PageObject.html,1,100,0
pypdf.readthedocs.io/en/stable/modules/generic.html,1,0,1729
python.github.net.cn,1,100,0
python.org/downloads/release/python-3122,1,100,0
python.org/downloads/release/python-3128,1,100,0
python.sdv.u-paris.fr,1,100,0
realpython.com,1,100,0
renpy.org,1,0,120
rl.talis.com,1,100,0
sky.pro,1,0,1017
sleipnir.dguelden.loc,1,100,0
sphinx-doc.org/en/master/examples.html,1,0,74
udemy.com,1,0,5
wiki.gao-lab.org,1,100,0
yandex.ru/search,1,0,3
yuque.com,1,0,359
