name,visitors,bounce_rate,visit_duration
Google,2567,77,123
Direct / None,1865,67,215
Bing,175,78,218
es.python.org,122,54,142
python.org,101,0,440
Brave,98,77,151
chatgpt.com,70,70,177
DuckDuckGo,27,52,170
Yahoo!,19,88,6
campus109.unad.edu.co,14,73,145
GitHub,12,91,207
Baidu,11,80,11
skilio.com,9,89,0
campus.unab.edu.ar,8,62,140
hablemospython.dev,8,55,295
wiki.python.org,8,50,129
Microsoft Teams,6,67,5
app.aluracursos.com,6,83,44
copilot.microsoft.com,5,50,7
netacad.com,5,0,91
pensamientocomputacional.dev.ar,5,60,70
react-app-python-runner.vercel.app,5,100,0
udemy.com,5,100,3
aulavirtual.surge.es,4,75,6
campus118.unad.edu.co,4,75,20
pozpcttjqlh07jpzd4xx5g.on.drv.tw,4,25,1330
wiki.python.org.ar,4,67,69
Ecosia,3,100,94
campus.inap.es,3,100,0
ceibal.schoology.com,3,100,0
ellibrodepython.com,3,0,2
escuela.pontia.tech,3,100,0
freecodecamp.org,3,67,407
ttech2025.github.io,3,100,0
Exinfluencer,2,100,14
Gmail,2,50,1374
Perplexity,2,50,4
Reddit,2,100,15
Wikipedia,2,0,392
Youtube,2,100,0
algoritmos1rw.ddns.net,2,50,12
app.certidevs.com,2,100,8
bbbcapacitaciones.chaco.gob.ar,2,100,0
blackbox.ai,2,50,602
campus.exactas.uba.ar,2,100,0
campus110.unad.edu.co,2,100,0
campusonline.ain.es,2,0,10
campusvirtual.uahurtado.cl,2,0,20
cv.utu.edu.uy,2,50,0
developer.mozilla.org,2,0,428
formacion.intef.es,2,50,8
habr.com,2,0,383
ingenia.udea.edu.co,2,100,0
learn.universidadviu.com,2,100,0
moodle-campusvirtualcolombia.s3.amazonaws.com,2,0,664
odoo.com,2,0,4
programaenpython.com,2,100,0
roadmap.sh,2,0,194
360.cn,1,100,0
Qwant,1,0,65
aprendepython.es,1,100,0
aulasvirtuales.santotomas.cl,1,100,0
aulavirtual.upc.edu.pe,1,100,0
aulavirtualic.continental.edu.pe,1,100,0
avanza.educarex.es,1,100,0
campus.frsr.utn.edu.ar,1,0,463
campus.undec.edu.ar,1,100,0
campusgrado.fi.uba.ar,1,100,0
campusvirtual.thebridge.tech,1,0,13
cdn.alumni.education,1,100,0
chat.qwen.ai,1,100,0
cs50.harvard.edu,1,0,977
csic.adrformacion.com,1,100,0
desarrollaria.com,1,0,89
devdocs.io,1,0,0
docs-python-org.translate.goog,1,0,7
ead.ucuauhtemoc.edu.mx,1,0,69
eclap.adrformacion.com,1,100,0
edu.xunta.gal,1,0,74
edube.org,1,0,24
es.python.org.,1,0,139
evapresencial.americana.edu.co,1,0,3017
hackerrank.com,1,0,8
l.meta.ai,1,0,19
learning.ccbp.in,1,0,273
mclibre.org,1,0,67
platzi.com,1,100,0
poe.com,1,100,0
presencial.aulasuniminuto.edu.co,1,100,0
savio.utb.edu.co,1,100,0
seadfcaei.uaem.mx,1,100,0
tecno12-18.com,1,100,0
uniminutovirtual.instructure.com,1,100,0
v3.coderhouse.com,1,0,4
vc-ov4deo.generaciontic.com,1,100,0
view.genially.com,1,100,0
virtualenv.pypa.io,1,0,322
webpackage.schoology.com,1,0,12
