name,visitors
Milan,28
Rome,16
Naples,8
Palermo,6
Genoa,6
Bologna,6
Vicenza,5
Singapore,4
Turin,4
Monza,4
Changsha,3
Brescia,3
Ulan-Ude,2
Mascalucia,2
Aci Catena,2
Naaldwijk,2
N/A,2
Venice,2
Teramo,2
Seriate,2
Sassari,2
San Giuseppe Vesuviano,2
Saluggia,2
Perugia,2
Parma,2
Ottaviano,2
Montelupo Albese,2
Martina Franca,2
Lallio,2
Ferrara,2
Como,2
Bovolone,2
Tirana,2
N/A,2
Tijuana,2
Montréal,2
Gravina di Catania,2
Settingiano,2
Bitola,1
Bishkek,1
Ningbo,1
Guangzhou,1
Fuzhou,1
Dalian,1
Changzhou,1
Baoding,1
Hong Kong,1
Valencia,1
Kenitra,1
Kraków,1
Trieste,1
Seveso,1
Porcia,1
Padova,1
Ospedaletto,1
Montesilvano Marina,1
Meda,1
Limbiate,1
L'Aquila,1
Fermo,1
Castel Volturno,1
Camaiore,1
Brugherio,1
Ancona,1
San Marcellino,1
