name,visitors,pageviews,bounce_rate,time_on_page,scroll_depth
/it/3/tutorial/index.html,54,85,49,34,62
/it/3.15/using/windows.html,28,32,58,36,12
/it/3.14/tutorial/index.html,24,25,40,35,57
/it/3/tutorial/introduction.html,24,20,60,135,71
/it/3/tutorial/inputoutput.html,23,23,88,13,34
/it/3/tutorial/venv.html,22,21,83,47,62
/it/3.14/,21,22,64,13,74
/it/3.14/search.html,17,17,50,13,58
/it/3/tutorial/datastructures.html,17,15,67,86,58
/it/3/tutorial/interpreter.html,16,12,50,74,78
/it/3.14/tutorial/appetite.html,14,17,100,42,90
/it/3.14/tutorial/interpreter.html,13,11,33,78,53
/it/3/tutorial/controlflow.html,13,10,100,247,40
/it/3/tutorial/appetite.html,12,10,50,52,88
/it/3/tutorial/stdlib.html,12,12,60,78,73
/it/3/glossary.html,11,10,100,15,78
/it/3/library/functions.html,11,15,50,77,42
/it/3.14/library/index.html,10,8,0,16,28
/it/3/tutorial/modules.html,10,7,100,61,50
/it/3.13/using/windows.html,9,9,100,6,14
/it/3/,9,11,57,21,96
/it/3.14/library/functions.html,8,11,67,32,57
/it/3/tutorial/appendix.html,8,4,0,27,88
/it/3.14/reference/index.html,7,7,50,17,59
/it/3.14/tutorial/controlflow.html,7,6,100,231,42
/it/3/tutorial/classes.html,7,6,100,46,55
/it/3.14/index.html,6,8,0,12,78
/it/3.14/py-modindex.html,6,7,0,30,82
/it/3.14/tutorial/appendix.html,6,3,0,11,78
/it/3/reference/index.html,6,8,100,16,56
/it/3/tutorial/errors.html,6,4,50,27,68
/it/3/tutorial/stdlib2.html,6,4,0,17,59
/it/3.13/tutorial/classes.html,5,4,100,114,23
/it/3.14/library/stdtypes.html,5,6,50,44,10
/it/3.14/tutorial/introduction.html,5,6,100,385,37
/it/3.14/using/windows.html,5,4,0,18,28
/it/3/library/sys.html,5,4,100,39,100
/it/3/tutorial/floatingpoint.html,5,4,100,50,70
/it/3.13/library/functions.html,4,3,100,67,3
/it/3.13/tutorial/floatingpoint.html,4,2,0,35,29
/it/3.13/tutorial/modules.html,4,3,100,213,68
/it/3.14/tutorial/datastructures.html,4,3,0,6,17
/it/3.14/tutorial/venv.html,4,4,50,9,44
/it/3.15/search.html,4,4,0,11,95
/it/3/library/annotationlib.html,4,4,100,,
/it/3/library/index.html,4,13,100,53,100
/it/3/library/stdtypes.html,4,4,50,115,60
/it/3/search.html,4,9,50,11,36
/it/3.12/tutorial/index.html,3,5,100,7,18
/it/3.12/whatsnew/changelog.html,3,3,100,20,46
/it/3.13/library/exceptions.html,3,2,100,1,3
/it/3.13/library/text.html,3,3,100,1,35
/it/3.13/tutorial/index.html,3,5,0,35,87
/it/3.13/tutorial/interpreter.html,3,5,0,7,29
/it/3.13/tutorial/venv.html,3,2,0,145,58
/it/3.14/download.html,3,2,100,15,90
/it/3.14/glossary.html,3,2,100,9,38
/it/3.14/installing/index.html,3,3,0,52,46
/it/3.14/tutorial/errors.html,3,2,0,19,40
/it/3.14/using/cmdline.html,3,3,0,333,26
/it/3.14/using/index.html,3,2,0,26,97
/it/3.15/using/mac.html,3,3,0,8,52
/it/3/index.html,3,4,50,24,86
/it/3/installing/,3,3,33,57,70
/it/3/library/asyncio.html,3,2,100,1,38
/it/3/library/collections.html,3,2,100,17,52
/it/3/library/pydoc.html,3,2,100,7,73
/it/3/library/time.html,3,2,100,10,53
/it/3/py-modindex.html,3,24,0,148,87
/it/3/reference/simple_stmts.html,3,3,100,2,93
/it/3/tutorial/interactive.html,3,2,0,5,94
/it/3/tutorial/whatnow.html,3,2,0,7,86
/it/3.12/library/collections.html,2,2,100,,
/it/3.12/library/exceptions.html,2,2,100,,
/it/3.12/library/index.html,2,1,0,6,53
/it/3.12/library/shlex.html,2,2,100,,
/it/3.12/library/sys.html,2,2,100,,
/it/3.12/reference/index.html,2,2,100,3,27
/it/3.13/library/constants.html,2,1,0,1,30
/it/3.13/library/index.html,2,1,0,1,7
/it/3.13/library/intro.html,2,1,0,0,20
/it/3.13/reference/compound_stmts.html,2,2,100,0,2
/it/3.13/reference/expressions.html,2,1,0,0,2
/it/3.13/reference/grammar.html,2,1,0,0,4
/it/3.13/reference/index.html,2,2,0,3,25
/it/3.13/tutorial/controlflow.html,2,3,0,594,100
/it/3.13/tutorial/interactive.html,2,1,0,4,53
/it/3.13/tutorial/stdlib.html,2,1,0,49,100
/it/3.13/tutorial/whatnow.html,2,1,0,6,39
/it/3.13/using/cmdline.html,2,1,0,4,3
/it/3.13/using/ios.html,2,1,0,1,8
/it/3.13/using/unix.html,2,1,0,2,16
/it/3.14/contents.html,2,2,100,9,1
/it/3.14/distributing/index.html,2,2,0,3,100
/it/3.14/genindex-L.html,2,2,100,,
/it/3.14/howto/index.html,2,1,0,156,93
/it/3.14/howto/regex.html,2,4,0,92,94
/it/3.14/library/fractions.html,2,1,0,123,36
/it/3.14/library/functional.html,2,2,100,,
/it/3.14/library/importlib.resources.abc.html,2,1,0,15,29
