name,unique_entrances,total_entrances,visit_duration
/pt-br/latest/guides/installing-using-pip-and-virtual-environments/,24,24,0
/pt-br/latest/tutorials/installing-packages/,23,23,33
/en/latest/tutorials/installing-packages/,19,19,218
/en/latest/guides/writing-pyproject-toml/,6,6,176
/pt-br/latest/guides/writing-pyproject-toml/,6,6,33
/en/latest/,5,5,276
/pt-br/latest/,4,4,0
/pt-br/latest/guides/installing-stand-alone-command-line-tools/,4,4,0
/pt-br/latest/overview/,4,5,288
/en/latest/tutorials/packaging-projects/,2,2,0
/pt-br/latest/discussions/deploying-python-applications/,2,2,4
/pt-br/latest/guides/installing-using-linux-tools/,2,2,108
/pt-br/latest/guides/installing-using-virtualenv/,2,2,6
/pt-br/latest/specifications/,2,2,48
/pt-br/latest/specifications/dependency-specifiers/,2,2,0
/pt-br/latest/specifications/pypirc/,2,2,14
/en/latest/guides/installing-using-pip-and-virtual-environments/,1,1,1076
/en/latest/guides/tool-recommendations/,1,1,3902
/en/latest/key_projects/,1,1,438
/en/latest/overview/,1,1,6095
/en/latest/specifications/pyproject-toml/,1,1,0
/ja/latest/tutorials/installing-packages/,1,1,13
/pt-br/latest/discussions/src-layout-vs-flat-layout/,1,1,0
/pt-br/latest/guides/publishing-package-distribution-releases-using-github-actions-ci-cd-workflows/,1,1,0
/pt-br/latest/guides/tool-recommendations/,1,1,0
/pt-br/latest/specifications/core-metadata/,1,1,0
/pt-br/latest/specifications/platform-compatibility-tags/,1,1,0
/pt-br/latest/support/,1,1,2
/pt-br/latest/tutorials/packaging-projects/,1,1,0
