name,unique_exits,total_exits,exit_rate
/pt-br/latest/tutorials/installing-packages/,30,30,
/pt-br/latest/guides/installing-using-pip-and-virtual-environments/,26,26,
/pt-br/latest/guides/writing-pyproject-toml/,9,9,
/en/latest/tutorials/installing-packages/,8,8,
/pt-br/latest/,4,4,
/pt-br/latest/guides/installing-stand-alone-command-line-tools/,4,4,
/en/latest/tutorials/packaging-projects/,3,3,
/pt-br/latest/guides/installing-using-virtualenv/,3,3,
/en/latest/,2,2,
/en/latest/guides/writing-pyproject-toml/,2,2,
/en/latest/overview/,2,2,
/en/latest/specifications/pyproject-toml/,2,2,
/pt-br/latest/discussions/deploying-python-applications/,2,2,
/pt-br/latest/glossary/,2,2,
/pt-br/latest/overview/,2,3,
/pt-br/latest/specifications/dependency-specifiers/,2,3,
/pt-br/latest/tutorials/packaging-projects/,2,2,
/en/latest/flow/,1,1,
/en/latest/guides/installing-scientific-packages/,1,1,
/en/latest/guides/installing-using-pip-and-virtual-environments/,1,0,
/en/latest/guides/tool-recommendations/,1,1,
/en/latest/guides/using-testpypi/,1,1,
/pt-br/latest/discussions/,1,1,
/pt-br/latest/discussions/src-layout-vs-flat-layout/,1,1,
/pt-br/latest/guides/installing-scientific-packages/,1,1,
/pt-br/latest/guides/publishing-package-distribution-releases-using-github-actions-ci-cd-workflows/,1,1,
/pt-br/latest/guides/tool-recommendations/,1,1,
/pt-br/latest/search/,1,1,
/pt-br/latest/specifications/,1,1,
/pt-br/latest/specifications/core-metadata/,1,1,
/pt-br/latest/specifications/platform-compatibility-tags/,1,1,
/pt-br/latest/specifications/pyproject-toml/,1,1,
/pt-br/latest/specifications/section-distribution-metadata/,1,1,
/pt-br/latest/support/,1,1,
