name,visitors
India,112741
United States,54403
China,51821
Russian Federation,19820
Brazil,19606
Japan,16633
Germany,13499
United Kingdom,11841
South Korea,11199
France,11107
Vietnam,11008
Indonesia,9532
Mexico,8708
Singapore,7389
Spain,7334
Pakistan,7189
Hong Kong,7119
Canada,7039
Turkey,6467
Italy,6163
Kazakhstan,5815
Taiwan,5716
Poland,5487
Philippines,5476
Ukraine,5436
Netherlands,5338
Thailand,4448
Iran,4435
Colombia,4210
Australia,4092
Egypt,3769
Saudi Arabia,3701
Bangladesh,3256
Argentina,3041
Nigeria,2943
Malaysia,2835
Uzbekistan,2763
Peru,2541
United Arab Emirates,2440
Sweden,2347
Morocco,2222
South Africa,2084
Kenya,2034
Israel,1964
Nepal,1962
Chile,1896
Algeria,1865
Sri Lanka,1811
Switzerland,1808
Austria,1648
Ghana,1621
Romania,1603
Ecuador,1589
Belgium,1530
Portugal,1505
Czechia,1468
Finland,1451
Tunisia,1304
Norway,1291
Kyrgyzstan,1249
Croatia,1230
Serbia,1211
Hungary,1198
Iraq,1174
Ireland,1156
Greece,1091
Denmark,1047
Jordan,942
Belarus,931
Venezuela,927
Bulgaria,859
Latvia,832
Cambodia,826
New Zealand,763
Azerbaijan,757
Slovakia,731
Dominican Republic,682
Oman,673
Ethiopia,639
Myanmar,614
Guatemala,598
Lithuania,576
Costa Rica,548
Moldova,533
Bolivia,528
El Salvador,528
Lebanon,501
Uganda,492
Qatar,466
"Congo, The Democratic Republic of the",465
Rwanda,459
Tanzania,438
Côte d'Ivoire,429
Cameroon,407
Georgia,403
Mongolia,391
Yemen,357
Estonia,347
Cyprus,336
Slovenia,328
Senegal,321
Zimbabwe,296
Armenia,271
Madagascar,270
Tajikistan,270
Albania,267
Paraguay,262
Uruguay,258
Panama,257
Kuwait,254
"Palestine, State of",247
Honduras,236
Macao,235
Angola,231
Bosnia and Herzegovina,222
Zambia,218
Syria,203
Afghanistan,197
Malawi,194
Togo,187
Sudan,185
Puerto Rico,180
Libya,171
Benin,159
Jamaica,155
Somalia,152
Luxembourg,147
Mozambique,134
Mauritius,133
Burkina Faso,125
Bahrain,119
Cuba,110
Kosovo,110
North Macedonia,109
Seychelles,107
Malta,104
Nicaragua,103
Mali,100
Botswana,97
Congo,92
Réunion,91
Namibia,82
Trinidad and Tobago,78
Iceland,75
Guinea,59
Laos,59
Montenegro,55
Haiti,54
Burundi,53
Gabon,53
Maldives,52
Brunei Darussalam,47
Sierra Leone,47
Mauritania,43
Papua New Guinea,40
Guadeloupe,39
Lesotho,38
Bhutan,37
Niger,36
Barbados,30
Cabo Verde,30
Belize,27
Liechtenstein,27
Chad,27
Eswatini,25
South Sudan,24
Guyana,22
French Polynesia,21
Bahamas,20
Djibouti,19
Suriname,18
Timor-Leste,17
Guam,16
Isle of Man,16
"Virgin Islands, U.S.",16
Martinique,15
Antigua and Barbuda,13
French Guiana,13
Liberia,13
Andorra,12
Cayman Islands,12
Gibraltar,11
Jersey,11
New Caledonia,11
Fiji,9
Gambia,9
Equatorial Guinea,9
Saint Kitts and Nevis,9
Bermuda,8
Grenada,8
Guinea-Bissau,7
Saint Vincent and the Grenadines,7
Curaçao,6
San Marino,6
Mayotte,6
"Virgin Islands, British",5
Aruba,4
Kiribati,4
Monaco,4
Turkmenistan,4
Guernsey,3
Sint Maarten (Dutch part),3
Anguilla,2
American Samoa,2
Dominica,2
Comoros,2
Saint Lucia,2
Montserrat,2
Saint Pierre and Miquelon,2
Sao Tome and Principe,2
Turks and Caicos Islands,2
Cook Islands,1
Eritrea,1
Faroe Islands,1
Greenland,1
Palau,1
