name,version,visitors
Chrome,134.0,624
Microsoft Edge,134.0,330
Chrome,133.0,310
Safari,18.3,97
Firefox,136.0,91
Microsoft Edge,133.0,62
Smart Lenovo Browser,9.0,41
Chrome,132.0,26
Opera,117.0,25
Chrome,131.0,23
Firefox,135.0,22
Chrome,122.0,19
Yandex Browser,25.2,15
Chrome,109.0,13
Firefox,128.0,13
Microsoft Edge,132.0,13
Mobile App,(not set),11
Chrome,127.0,11
Chrome,130.0,11
Safari,17.6,10
Microsoft Edge,131.0,9
Chrome,129.0,8
Chrome,128.0,7
Microsoft Edge,128.0,7
Safari,18.2,7
Chrome,108.0,6
Opera,116.0,6
Microsoft Edge,129.0,6
Mobile App,133.0,6
Chrome,114.0,5
Firefox,115.0,5
Chrome,126.0,5
Firefox,134.0,5
Chrome,86.0,5
Microsoft Edge,92.0,5
Chrome,121.0,4
Chrome,125.0,4
Microsoft Edge,130.0,4
Chrome,135.0,4
Safari,15.6,4
Quark,(not set),3
Microsoft Edge,126.0,3
Microsoft Edge,127.0,3
QQ Browser,13.6,3
Safari,16.6,3
UC Browser,17.4,3
Sogou Explorer,2,3
Yandex Browser,24.12,3
Soul Browser,(not set),2
Chrome,103.0,2
Microsoft Edge,111.0,2
Chrome,120.0,2
Microsoft Edge,122.0,2
Chrome,124.0,2
Firefox,131.0,2
Firefox,132.0,2
Avast Secure Browser,132.0,2
Chrome,136.0,2
Huawei Browser Mobile,16.0,2
Safari,16.1,2
Safari,16.4,2
Safari,17.3,2
Safari,18.4,2
Samsung Browser,27.0,2
Samsung Browser,7.4,2
Steam In-Game Overlay,(not set),1
Safari,(not set),1
Microsoft Edge,100.0,1
Chrome,102.0,1
Mobile App,103.0,1
Chrome,105.0,1
Microsoft Edge,109.0,1
Firefox,111.0,1
Microsoft Edge,113.0,1
Chrome,113.0,1
Microsoft Edge,114.0,1
Firefox,117.0,1
Chrome,118.0,1
Chrome,119.0,1
Microsoft Edge,119.0,1
Microsoft Edge,120.0,1
Chrome,123.0,1
Microsoft Edge,124.0,1
Microsoft Edge,125.0,1
QQ Browser,13.2,1
vivo Browser,13.8,1
Mobile App,130.0,1
Chrome,134,1
Firefox,137.0,1
Firefox,138.0,1
MIUI Browser,14.30,1
QQ Browser,16.0,1
Safari,17.1,1
Safari,17.10,1
Safari,17.5,1
Safari,17.7,1
Safari,18.0,1
Safari,18.1,1
Microsoft Edge,18.18362,1
Microsoft Edge,18.18363,1
MIUI Browser,18.2,1
MIUI Browser,19.1,1
SeaMonkey,2.53,1
Yandex Browser,23.7,1
Whale Browser,4.30,1
Firefox Focus,4.7,1
QtWebEngine,5.15,1
Chrome,51.0,1
Chrome,55.0,1
Firefox,56.0,1
Chrome,56.0,1
Mobile App,62.0,1
Firefox,72.0,1
Chrome,74.0,1
Chrome,81.0,1
Opera,87.0,1
Firefox,88.0,1
Opera,88.0,1
Chrome,95.0,1
Chrome,98.0,1
