name,visitors
Fortaleza,8
São Paulo,6
Campinas,6
Rio de Janeiro,3
Medina,2
Surabaya,2
Taiyuan,2
Bucheon-si,2
Abidjan,2
Maceió,2
Vitória,2
São José dos Campos,2
Mariana,2
Cabo Frio,2
Dammam,1
Pune,1
Chernogorsk,1
Zibo,1
Xi’an,1
Shenzhen,1
Guangzhou,1
N/A,1
Singapore,1
Funchal,1
Batna,1
Recife,1
Natal,1
Juazeiro do Norte,1
João Pessoa,1
Vila Velha,1
Ribeirão Preto,1
Lorena,1
Juiz de Fora,1
Itaguaí,1
N/A,1
Curitiba,1
Campo Largo,1
Brasília,1
Angra dos Reis,1
Mexico City,1
N/A,1
