name,version,visitors
Microsoft Edge,138.0,2571
Chrome,138.0,1680
Chrome,137.0,1487
Microsoft Edge,137.0,253
Mobile App,(not set),204
Safari,18.5,195
Firefox,140.0,180
Chrome,136.0,130
Chrome,132.0,129
Smart Lenovo Browser,9.0,127
UC Browser,17.7,102
Chrome,122.0,86
Chrome,135.0,85
Chrome,129.0,73
Quark,(not set),69
Chrome,128.0,66
Chrome,131.0,65
Chrome,133.0,62
Chrome,109.0,51
Microsoft Edge,136.0,51
Microsoft Edge,131.0,47
Chrome,134.0,46
Chrome,120.0,45
Microsoft Edge,139.0,43
Chrome,126.0,41
Chrome,121.0,39
Quark,7.13,35
Chrome,86.0,34
Microsoft Edge,128.0,33
Firefox,139.0,33
Microsoft Edge,135.0,31
Huawei Browser Mobile,16.0,30
Chrome,119.0,29
Safari,17.6,29
Microsoft Edge,122.0,28
Chrome,114.0,27
Microsoft Edge,126.0,26
Chrome,127.0,26
Chrome,130.0,25
Microsoft Edge,134.0,24
MIUI Browser,19.7,24
Mobile App,97.0,24
Sogou Explorer,2,23
Microsoft Edge,92.0,22
Safari,26.0,21
Microsoft Edge,109.0,19
Chrome,116.0,19
Safari,18.3,19
Safari,(not set),18
Chrome,108.0,18
Chrome,112.0,18
Mobile App,131.0,18
Huawei Browser,12.1,17
Microsoft Edge,132.0,17
Microsoft Edge,117.0,15
Chrome,123.0,15
Chrome,125.0,15
Microsoft Edge,130.0,15
Huawei Browser Mobile,5.1,15
Firefox,115.0,14
Firefox,128.0,14
Chrome,139.0,14
Safari,16.6,14
Safari,17.5,14
Mobile App,114.0,13
Chrome,117.0,13
Chrome,118.0,13
Mobile App,126.0,13
Microsoft Edge,129.0,13
Firefox,135.0,12
Safari,18.4,12
QQ Browser,19.3,12
Chrome,103.0,11
Microsoft Edge,127.0,11
Firefox,136.0,11
QQ Browser,19.2,11
MIUI Browser,19.8,11
Chrome,124.0,10
Microsoft Edge,133.0,10
QQ Browser,6.2,10
Chrome,91.0,10
Chrome,101.0,9
Chrome,107.0,9
Firefox,113.0,9
Chrome,140.0,9
(not set),(not set),8
Mobile App,116.0,8
Microsoft Edge,118.0,8
Microsoft Edge,120.0,8
Mobile App,130.0,8
QQ Browser,19.1,8
Microsoft Edge,100.0,7
Chrome,111.0,7
Microsoft Edge,113.0,7
Chrome,113.0,7
Microsoft Edge,115.0,7
QQ Browser,13.7,7
Firefox,138.0,7
Safari,15.4,7
Safari,16.1,7
Safari,17.13,7
UC Browser,17.4,7
vivo Browser,25.1,7
Chrome,78.0,7
Microsoft Edge,116.0,6
Opera,119.0,6
Microsoft Edge,125.0,6
Safari,14.1,6
MIUI Browser,14.10,6
QQ Browser,19.4,6
vivo Browser,25.2,6
Mobile App,99.0,6
Chrome,102.0,5
Mobile App,104.0,5
Chrome,105.0,5
Microsoft Edge,114.0,5
Microsoft Edge,123.0,5
Safari,16.5,5
Safari,17.2,5
Safari,18.1,5
Safari,18.2,5
Safari,18.6,5
MIUI Browser,19.0,5
MIUI Browser,19.5,5
Chrome,49.0,5
Chrome,95.0,5
Chrome,97.0,5
Mobile App,101.0,4
Mobile App,109.0,4
Microsoft Edge,119.0,4
QQ Browser,12.7,4
QQ Browser,13.6,4
Firefox,130.0,4
Safari,15.6,4
Safari,17.0,4
Safari,17.1,4
UC Browser,17.3,4
UC Browser,17.6,4
Safari,18.0,4
vivo Browser,24.9,4
Chrome,87.0,4
Microsoft Edge,102.0,3
Chrome,104.0,3
Microsoft Edge,108.0,3
Huawei Browser,11.0,3
Chrome,110.0,3
Chrome,115.0,3
Firefox,116.0,3
Mobile App,117.0,3
Mobile App,120.0,3
Microsoft Edge,124.0,3
Mobile App,128.0,3
Mobile App,137.0,3
Firefox,141.0,3
Safari,15.0,3
Safari,16.0,3
Safari,16.3,3
vivo Browser,24.6,3
vivo Browser,25.0,3
Quark,7.12,3
Firefox,70.0,3
Mobile App,83.0,3
Mobile App,92.0,3
Chrome,96.0,3
Chrome,100.0,2
Mobile App,103.0,2
QQ Browser,11.9,2
Opera,114.0,2
Safari,12.1,2
QQ Browser,12.6,2
Microsoft Edge,121.0,2
Mobile App,127.0,2
QQ Browser,13.1,2
QQ Browser,13.3,2
QQ Browser,13.4,2
Firefox,133.0,2
Mobile App,134.0,2
Firefox,134.0,2
Huawei Browser Mobile,14.0,2
Huawei Browser Mobile,15.0,2
Safari,15.1,2
Safari,15.2,2
Safari,17.3,2
MIUI Browser,17.4,2
MIUI Browser,18.1,2
QQ Browser,19.0,2
vivo Browser,24.8,2
vivo Browser,4.9,2
Chrome,51.0,2
Quark,7.14,2
Quark,7.7,2
Mobile App,80.0,2
Firefox,83.0,2
Chrome,85.0,2
Mobile App,87.0,2
Chrome,88.0,2
Chrome,90.0,2
Mobile App,91.0,2
Chrome,92.0,2
Chrome,93.0,2
Chrome,94.0,2
Chrome,98.0,2
Chrome,99.0,2
Chrome,(not set),1
Microsoft Edge,103.0,1
Microsoft Edge,105.0,1
Firefox,106.0,1
Microsoft Edge,106.0,1
Huawei Browser Mobile,11.0,1
QQ Browser,11.5,1
Microsoft Edge,110.0,1
Microsoft Edge,111.0,1
Mobile App,111.0,1
Microsoft Edge,112.0,1
Opera,115.0,1
Opera,116.0,1
QQ Browser,12.3,1
Firefox,124.0,1
Firefox,125.0,1
Firefox,127.0,1
AVG Secure Browser,128.0,1
Mobile App,129.0,1
Safari,13.0,1
Huawei Browser Mobile,13.0,1
QQ Browser,13.2,1
QQ Browser,13.5,1
QQ Browser,13.9,1
CCleaner,131.0,1
Firefox,131.0,1
Mobile App,132.0,1
Mobile App,135.0,1
Iron,135.0,1
Mobile App,136.0,1
Firefox,137.0,1
Safari,15.3,1
MIUI Browser,16.4,1
MIUI Browser,16.9,1
Chrome,17.0,1
UC Browser,17.1,1
UC Browser,17.2,1
UC Browser,17.5,1
MIUI Browser,17.8,1
Microsoft Edge,18.18363,1
MIUI Browser,19.3,1
MIUI Browser,19.6,1
vivo Browser,24.1,1
Yandex Browser,24.6,1
Yandex Browser,25.6,1
115 Browser,26.0,1
Samsung Browser,27.0,1
Firefox,51.0,1
NFS Browser,6.0,1
360 Phone Browser,6.35,1
Chrome,68.0,1
Mobile App,68.0,1
Firefox,68.0,1
Quark,7.11,1
Quark,7.4,1
Chrome,74.0,1
Chrome,77.0,1
Chrome,79.0,1
Chrome,83.0,1
Microsoft Edge,84.0,1
Chrome,89.0,1
Microsoft Edge,90.0,1
Mobile App,90.0,1
