name,visitors,pageviews,bounce_rate,time_on_page,scroll_depth
/ko/3/tutorial/index.html,96,123,55,20,50
/ko/3/library/index.html,81,95,52,49,42
/ko/3/library/idle.html,74,80,76,9,20
/ko/3/library/functions.html,70,66,75,58,26
/ko/3/library/math.html,64,46,89,65,31
/ko/3/library/stdtypes.html,60,54,71,19,14
/ko/3/glossary.html,53,50,67,9,6
/ko/3.12/glossary.html,50,44,0,8,7
/ko/3/library/os.html,50,42,60,12,2
/ko/3.12/library/exceptions.html,49,35,0,6,8
/ko/3/tutorial/controlflow.html,49,41,100,224,33
/ko/3/library/turtle.html,48,40,76,12,12
/ko/3/reference/datamodel.html,48,51,100,7,3
/ko/3.12/reference/datamodel.html,47,42,0,7,6
/ko/3.13/tutorial/index.html,47,61,66,10,56
/ko/3/library/sys.html,46,34,100,6,9
/ko/3/library/threading.html,46,33,100,31,13
/ko/3/library/random.html,45,35,93,11,14
/ko/3.12/library/sys.html,43,40,0,8,5
/ko/3/c-api/typeobj.html,42,32,0,6,2
/ko/3/reference/expressions.html,42,30,33,24,14
/ko/3/tutorial/interpreter.html,41,40,50,33,64
/ko/3/,40,62,46,26,84
/ko/3/library/inspect.html,40,31,100,7,5
/ko/3/library/io.html,40,25,50,9,8
/ko/3/library/exceptions.html,39,27,0,7,8
/ko/3/library/multiprocessing.html,39,30,70,14,9
/ko/3/library/socket.html,39,29,50,7,4
/ko/3/library/subprocess.html,39,32,77,17,17
/ko/3.12/library/functions.html,38,29,0,7,4
/ko/3.14/,38,39,57,15,81
/ko/3/library/asyncio-task.html,38,32,80,109,28
/ko/3/library/os.path.html,38,27,100,6,14
/ko/3.12/library/os.html,37,28,0,10,2
/ko/3/library/xml.etree.elementtree.html,37,26,100,8,7
/ko/3/library/time.html,36,24,75,65,19
/ko/3.12/library/stdtypes.html,35,30,50,8,9
/ko/3/library/tkinter.ttk.html,35,23,100,8,7
/ko/3/library/venv.html,35,29,89,8,15
/ko/3/library/datetime.html,34,23,100,10,12
/ko/3/library/pathlib.html,34,21,100,7,13
/ko/3.12/library/dis.html,33,21,0,8,5
/ko/3/library/collections.html,33,22,75,21,15
/ko/3/library/logging.handlers.html,33,22,83,7,8
/ko/3/reference/lexical_analysis.html,33,25,0,7,10
/ko/3/reference/simple_stmts.html,33,25,100,9,12
/ko/3.12/library/curses.html,32,21,0,7,5
/ko/3.12/reference/expressions.html,32,23,0,8,5
/ko/3/library/ast.html,32,21,100,13,5
/ko/3/library/ssl.html,32,18,0,12,9
/ko/3/library/test.html,32,23,0,10,5
/ko/3/tutorial/appetite.html,32,24,55,97,87
/ko/3.12/library/importlib.html,31,21,0,8,5
/ko/3.12/library/io.html,31,25,0,8,7
/ko/3.12/library/socket.html,31,23,0,10,4
/ko/3.12/library/types.html,31,19,0,3,15
/ko/3.12/using/cmdline.html,31,21,0,7,8
/ko/3/library/codecs.html,31,19,100,7,8
/ko/3/library/http.client.html,31,23,50,13,14
/ko/3/library/importlib.html,31,20,0,6,5
/ko/3/reference/compound_stmts.html,31,24,100,7,4
/ko/3/using/cmdline.html,31,23,67,7,6
/ko/3.12/c-api/object.html,30,20,0,7,15
/ko/3.12/c-api/typeobj.html,30,20,0,9,3
/ko/3.12/library/decimal.html,30,21,0,7,4
/ko/3.12/library/http.server.html,30,18,0,7,14
/ko/3.12/library/pathlib.html,30,19,0,10,5
/ko/3.12/library/sqlite3.html,30,19,0,7,3
/ko/3.12/library/urllib.request.html,30,20,0,10,6
/ko/3.12/reference/lexical_analysis.html,30,21,0,5,9
/ko/3.12/reference/simple_stmts.html,30,22,0,8,10
/ko/3.15/using/windows.html,30,26,43,28,33
/ko/3/c-api/object.html,30,18,0,6,9
/ko/3/library/curses.html,30,20,0,6,5
/ko/3/library/logging.html,30,21,100,32,11
/ko/3/library/types.html,30,21,100,9,17
/ko/3/tutorial/introduction.html,30,31,57,162,56
/ko/3.12/library/tarfile.html,29,16,0,7,6
/ko/3.12/library/typing.html,29,16,0,11,2
/ko/3/library/tarfile.html,29,17,0,6,6
/ko/3/library/typing.html,29,21,100,10,2
/ko/3/library/unittest.html,29,19,100,8,9
/ko/3/library/wsgiref.html,29,19,75,8,12
/ko/3.12/library/subprocess.html,28,20,0,7,5
/ko/3.12/library/tkinter.tix.html,28,19,0,9,17
/ko/3/c-api/unicode.html,28,17,0,9,4
/ko/3/library/http.server.html,28,18,100,9,14
/ko/3/library/json.html,28,21,100,13,17
/ko/3/library/string.html,28,19,100,17,17
/ko/3/tutorial/datastructures.html,28,58,73,88,40
/ko/3.12/c-api/init.html,27,21,0,9,4
/ko/3.12/library/ast.html,27,22,0,8,3
/ko/3.12/library/curses.ascii.html,27,17,0,6,30
/ko/3.12/library/locale.html,27,20,0,7,13
/ko/3.12/library/math.html,27,20,0,7,12
/ko/3.12/library/threading.html,27,19,0,4,7
/ko/3/library/configparser.html,27,19,100,14,10
/ko/3/library/pickle.html,27,19,75,14,10
/ko/3/library/shutil.html,27,17,100,6,9
/ko/3/library/tkinter.html,27,21,50,16,14
