name,visitors,bounce_rate,visit_duration
Direct / None,19372,67,159
python.org,7805,69,121
google.com,5703,74,204
out.reddit.com,827,92,15
l.threads.com,433,94,6
bing.com,276,61,364
tweakers.net,251,65,64
t.co,216,89,47
cn.bing.com,185,50,250
test.python.org,178,54,211
android-app://com.reddit.frontpage,173,81,56
statics.teams.cdn.office.net,169,81,54
duckduckgo.com,149,64,358
search.brave.com,126,72,219
l.workplace.com,105,71,64
opennet.ru,96,71,168
pythoninsider.blogspot.com,92,64,549
peps.python.org,82,72,439
realpython.com,78,89,34
baidu.com/link,76,72,124
substack.com,74,85,21
reddit.com,72,96,11
android-app://com.slack,69,86,36
astral.sh,62,88,17
chatgpt.com,61,64,293
astral.sh/blog/python-3.14,49,81,167
python.org/downloads/release/python-3140,43,51,106
m.facebook.com,42,93,22
abclinuxu.cz,39,88,22
root.cz,36,56,116
discuss.python.org,33,61,499
root.cz/zpravicky/python-3-14-0-prinasi-obarvovani-syntaxe-ve-vyvojovem-prostredi-a-debuggeru,31,93,4
news.ycombinator.com,30,69,390
v2ex.com/t/1163727,26,65,86
pythonmorsels.com,25,58,170
yandex.ru,24,40,566
github.com/python/pymanager,23,50,80
google.com.hk,23,67,161
m.baidu.com,22,79,32
linkedin.com,19,89,126
root.cz/zpravicky/python-3-14-0-prinasi-obarvovani-syntaxe-ve-vyvojovem-prostredi-a-debuggeru/nazory,19,57,41
baidu.com,18,80,83
android-app://com.google.android.googlequicksearchbox,15,100,64
ecosia.org,15,64,112
github.com,15,50,346
go.bsky.app,15,88,72
l.facebook.com,15,75,78
youtube.com,15,53,225
clc.to,14,87,24
lm.facebook.com,14,87,39
android-app://com.linkedin.android,13,86,7
blog.python.org,13,50,109
ithome.com,13,54,214
m.ithome.com,13,92,9
wiki.python.org,13,0,316
devdocs.io,10,90,13
google.ru,9,78,79
link.zhihu.com,9,100,16
python.org/downloads,9,67,297
doubao.com,8,50,586
web.telegram.org,8,88,22
github.com/astral-sh/uv/releases/tag/0.9.0,7,0,281
netacad.com,7,0,348
reddit.com/r/Python/comments/1o0gfp1/python_314_released,7,71,256
simonw.substack.com,7,33,203
linux.do,6,0,110
nscconline.brightspace.com,6,100,0
old.reddit.com,6,80,14
programmez.com,6,71,53
qiita.com,6,100,137
qwant.com,6,0,1988
statics.gov.teams.microsoft.us,6,62,137
facebook.github.io,5,80,16
habr.com,5,40,54
inoreader.com,5,40,11
perplexity.ai,5,0,1306
copilot.microsoft.com,4,100,312
docs.astral.sh,4,50,27
github.com/beeware/Python-Apple-support/blob/main/USAGE.md,4,0,216
moodle.henallux.be,4,0,7468
opennet.me,4,50,22
pip.pypa.io/en/stable/installation,4,0,54
search.yahoo.co.jp,4,50,129
t-strings.help,4,75,235
typing-extensions.readthedocs.io/en/latest/index.html,4,50,906
blog.pyq.jp,3,100,0
br.search.yahoo.com,3,0,43
claude.ai,3,33,1202
cs50.harvard.edu,3,0,1108
edu.hse.ru,3,0,82
github.com/python/cpython,3,0,530
github.com/t-strings/awesome-t-strings,3,33,26
habr-com.cdn.ampproject.org/v/s/habr.com/ru/amp/publications/954442,3,67,16
habr.com/ru/companies/ru_mts/articles/905098,3,50,303
lm.prod.workplace.com,3,50,41
lm.workplace.com,3,100,0
packaging.python.org/en/latest/tutorials/installing-packages,3,0,1350
python-basics-tutorial.readthedocs.io/en/latest/libs/batteries.html,3,20,469
python-docs-translations.github.io,3,0,30
python.github.net.cn,3,0,142
simonwillison.net,3,50,5
theregister.com,3,0,346
typing-extensions.readthedocs.io/en/latest,3,100,0
udemy.com,3,0,357
127.0.0.1,2,100,6
academy.masterschool.com,2,0,2966
android-app://com.radolyn.ayugram,2,100,0
android-app://org.telegram.messenger,2,100,0
app.kira-learning.com,2,0,367
auroraenergy.atlassian.net,2,0,317
blog.changs.co.uk,2,100,0
campusvirtual.uahurtado.cl,2,0,96
capytale2.ac-paris.fr,2,0,1445
classroom.google.com,2,100,868
confluence.vkbintra.de,2,50,60
cursos.alura.com.br,2,0,1046
cusy.io,2,0,89
docs.marimo.io,2,0,562
docs.pytest.org/en/stable/reference/reference.html,2,0,1120
docs.pytorch.org,2,0,90
gemini.google.com,2,0,1130
github.com/amazonlinux/amazon-linux-2023/issues/1014,2,100,0
google.co.in,2,100,0
google.fr,2,100,0
google.it,2,50,60
leontrolski.github.io,2,0,301
lnkd.in,2,50,60
moodle.alabuga.space,2,0,10042
mx.search.yahoo.com,2,0,10
newsblur.com,2,100,0
ntp.msn.cn,2,100,0
old.reddit.com/r/Python/comments/1o0gfp1/python_314_released,2,0,410
olegtalks.ru,2,100,0
openclassrooms.com,2,0,216
pandas.pydata.org,2,0,868
psycopg.org,2,100,0
python.it,2,0,212
python.org/downloads/release/python-3140b1,2,100,0
reddit.com/r/SleepToken,2,100,0
szmoodle.sz-ybbs.ac.at,2,0,696
t.me,2,100,0
threads.com,2,100,0
translate.google.com,2,0,94
typing-extensions.readthedocs.io,2,33,149
vn-z.vn,2,100,0
www-python-org.translate.goog,2,100,2
zestedesavoir.com,2,0,1776
21sc1rsid.pages.forge.hefr.ch,1,0,0
abclinuxu.cz/zpravicky/python-3.14.0,1,100,0
allaboutdataanalysis.medium.com/%E5%B8%B8%E7%94%A8-python-ide%E5%84%AA%E7%BC%BA%E9%BB%9E%E5%B0%8D%E6%AF%94-%E9%99%84%E4%B8%8B%E8%BC%89%E5%9C%B0%E5%9D%80-3d988c0fe87d,1,0,0
android-app://com.google.android.gm,1,100,0
android-app://com.laurencedawson.reddit_sync,1,0,254
android-app://o.o.joey,1,100,0
android-app://org.joinmastodon.android,1,100,0
android-app://org.telegram.plus,1,100,0
aninterestingwebsite.com,1,100,0
app.certidevs.com,1,0,6
atmarkit.itmedia.co.jp/ait/spv/2510/09/news014.html,1,100,0
away.vk.com,1,100,0
baijiahao.baidu.com/s,1,0,8
bazqux.com,1,0,143
bbs.csdn.net/topics/619153587,1,0,221
beta.digg.com,1,100,0
bitbucket.org,1,0,1304
brightdata.es,1,0,26
byhy.net,1,0,13
campus110.unad.edu.co,1,0,33
campusvirtual.unicafam.edu.co,1,0,10
chat.baidu.com,1,0,8
chat.jabber.ru,1,100,0
chat.z.ai,1,0,989
cms.unir.net,1,0,671
code.amazon.com,1,0,90
code.visualstudio.com,1,0,264
codecademy.cn,1,0,511
codecademy.com,1,0,0
coderivers.org,1,0,0
colab.research.google.com,1,0,48
comprog.nattee.net,1,0,1
cruel.org,1,0,18
cted.cybbh.io,1,0,38
davepeck.org,1,0,422
davidmercier.fr,1,0,9
developer.mozilla.org,1,0,1280
developers.google.com,1,0,1311
devguide.python.org,1,0,115
digitalbourgeois.tistory.com,1,0,12
discourse.microchip.com,1,0,252
docs-python-org.translate.goog,1,100,0
docs.pydantic.dev,1,0,478
edestek4.kocaeli.edu.tr,1,0,28
edube.org/learn/pe-2/useful-modules-7,1,0,70
en.wikipedia.org,1,0,485
engage.cloud.microsoft,1,100,0
es.python.org,1,0,421
feedbin.com,1,0,1028
fr.search.yahoo.com,1,0,0
frameworktraining.co.uk/news-insights/truth-behind-30-percent-performance-gains-python-3-14,1,100,0
gateway.zscloud.net,1,0,51
gerrit.googlesource.com,1,0,265
github.com/afonasev/flake8-return/pull/139,1,100,0
github.com/astral-sh/python-build-standalone/issues/646,1,100,0
github.com/astral-sh/uv/releases,1,0,1795
github.com/aws/aws-codebuild-docker-images/issues/794,1,100,0
github.com/beeware/Python-Apple-support/issues/234,1,0,360
github.com/bitcraze/crazyflie-clients-python/blob/master/docs/installation/install.md,1,0,423
github.com/cdeil/python-cli-examples,1,0,113
github.com/eecn/Hyperspectral-Classification,1,0,197
github.com/fastapi/fastapi/discussions/8612,1,0,513
github.com/grpc/grpc/pull/40750,1,100,0
github.com/pydantic/pydantic-extra-types/issues/204,1,100,0
github.com/python/cpython/issues/102405,1,0,3002
github.com/python/cpython/issues/133829,1,100,0
github.com/ruman1990/skolenie/blob/main/pythonI/uvod.md,1,0,9
github.com/squidfunk/mkdocs-material/issues/8446,1,0,520
go-read-mblakele.appspot.com,1,100,0
go.aftvnews.com,1,100,0
google.co.jp,1,0,48
google.co.kr,1,0,2502
google.co.uk,1,100,0
google.sk,1,100,0
habr-com.cdn.ampproject.org/v/s/habr.com/ru/amp/publications/953410,1,100,0
henyahouse.com,1,0,0
hitachigroup.okta.com,1,0,10
hn.algolia.com,1,0,112
hnapp.com,1,100,0
ide-python-basics-logical-operations-9643153.evaluator2-8.hexlet.io,1,0,3261
in.search.yahoo.com,1,0,493
infoworld.com,1,100,0
it.search.yahoo.com,1,100,0
ithome.com/0/887/921.htm,1,100,0
ja.wikipedia.org,1,0,6
joinquant.com/user/58537023264/notebooks/%E6%96%B0%E6%89%8B%E6%8C%87%E5%BC%95.ipynb,1,0,24
kneron.github.io,1,0,0
l.instagram.com,1,100,0
l.messenger.com,1,100,0
learn.lewagon.com,1,0,2135
learn.microsoft.com,1,0,0
link.csdn.net,1,0,2022
login.zscaler.net,1,100,0
m.baidu.com/from=1001192y/bd_page_type=1/ssid=0/uid=0/pu=usm%400%2Csz%401320_1001%2Cta%40iphone_2_11.0_28_16.0/baiduid=24E350E1F502CFEFEB9FCFB6A0F7D5B7/w=0_10_/t=iphone/l=1/tc,1,100,0
m.baidu.com/from=1001192y/bd_page_type=1/ssid=0/uid=0/pu=usm%400%2Csz%401320_1001%2Cta%40iphone_2_12.0_28_14.0/baiduid=BF1DDC135878EB71B777EA51E6A91007/w=0_10_/t=iphone/l=1/tc,1,100,0
m.baidu.com/from=1001192y/bd_page_type=1/ssid=35cfcae9c9fad2bbb8f6e0de6009/uid=0/pu=usm%403%2Csz%401320_1001%2Cta%40iphone_2_10.0_28_16.0/baiduid=61075C8E1502589E25BD564C32C1277B/w=0_10_/t=iphone/l=1/tc,1,100,0
m.baidu.com/from=1001703a/bd_page_type=1/ssid=0/uid=0/pu=usm%400%2Csz%401320_1001%2Cta%40iphone_2_15.0_18_40.10/baiduid=51A366BBBAC00EF15D42B29837DDBA4A/w=0_10_/t=iphone/l=1/tc,1,100,0
m.baidu.com/from=1012852q/bd_page_type=1/ssid=0/uid=0/pu=usm%400%2Csz%401320_1004%2Cta%40iphone_2_10.0_11_11.3/baiduid=BA5F365FD9B9769AC48B550D71605F94/w=0_10_/t=iphone/l=1/tc,1,0,106
m.baidu.com/from=1013966u/bd_page_type=1/ssid=0/uid=0/pu=usm%400%2Csz%401320_1001%2Cta%40iphone_2_13.0_19_19.0/baiduid=E28CC089A5F0016B247E95AE62FBA02A/w=0_10_/t=iphone/l=1/tc,1,0,200
m.baidu.com/from=1015011n/bd_page_type=1/ssid=0/uid=0/pu=usm%400%2Csz%401320_1001%2Cta%40iphone_2_15.0_24_140.0/baiduid=E9A8D65A9918A0A4659171A5CBC56241/w=0_10_/t=iphone/l=1/tc,1,100,0
m.baidu.com/from=1021611r/bd_page_type=1/ssid=0/uid=0/pu=usm%400%2Csz%401320_1001%2Cta%40iphone_2_12.0_24_114.0/baiduid=628FC13F9BDDFF3F873A2B860DFD967E/w=0_10_/t=iphone/l=1/tc,1,100,0
m.baidu.com/from=1022282z/bd_page_type=1/ssid=0/uid=0/pu=usm%400%2Csz%401320_1001%2Cta%40iphone_2_12.0_24_96.0/baiduid=B41581E745AA595BFC084FD5D0AF6BCE/w=0_10_/t=iphone/l=1/tc,1,0,1433
m.baidu.com/from=1022282z/bd_page_type=1/ssid=0/uid=0/pu=usm%400%2Csz%401320_1001%2Cta%40iphone_2_14.0_24_120.0/baiduid=BF0DE62A885EA97DEA4CA16E422AD42F/w=0_10_/t=iphone/l=1/tc,1,100,0
m.baidu.com/from=1024043p/bd_page_type=1/ssid=0/uid=0/pu=usm%400%2Csz%401320_1001%2Cta%40iphone_2_12.0_28_16.0/baiduid=21425841C9493D4D20CC3A00380B01E1/w=0_10_/t=iphone/l=1/tc,1,100,0
m.baidu.com/from=1027661f/bd_page_type=1/ssid=0/uid=0/pu=usm%401%2Csz%401320_1001%2Cta%40iphone_2_13.0_24_131.0/baiduid=99B0E9049C8BE3477BF60611C6070C7B/w=0_10_/t=iphone/l=1/tc,1,100,0
m.baidu.com/from=1269a/bd_page_type=1/ssid=0/uid=0/pu=usm%400%2Csz%401320_1004%2Cta%40iphone_2_11.0_11_15.1/baiduid=78454CF95D36EC6E9CC4C7A8FC6EE045/w=0_10_/t=iphone/l=1/tc,1,100,0
m.keep.naver.com,1,0,547
mail.google.com,1,100,0
mastodon.scot,1,100,0
mastodon.social,1,100,146
mclibre.org,1,0,119
medium.com/@huzaifazahoor654/python-3-14-is-here-5-game-changing-features-you-should-know-0a197bac9708,1,100,0
medium.com/@janek_schleicher/no-jit-compilation-is-not-active-by-default-in-python-3-14-see-19900cffd3b6,1,100,0
modelcontextprotocol.github.io,1,0,411
moodle.fhnw.ch,1,0,1632
moodle.htwg-konstanz.de,1,0,647
networkx.org/documentation/stable,1,0,98
nlp.netlearning.co.jp,1,0,0
nodeseek.com,1,0,4
nodiscard.tistory.com/465,1,100,0
note.nkmk.me,1,0,32
notebook.basthon.fr,1,0,9776
notebooklm.google.com,1,0,514
numpy.org,1,0,1201
online.ase.ro,1,0,1549
opencv.org,1,0,33
opennet.me/opennews/art.shtml,1,100,0
opennet.ru/opennews/art.shtml,1,0,39
os-collab.pages.cloud.statcan.ca,1,0,729
oschina.net,1,100,0
packaging.python.org,1,0,57
packaging.python.org/en/latest/tutorials/packaging-projects,1,0,14
piefed.social,1,100,0
plurk.com,1,100,0
privacywall.org,1,0,671
pro.arcgis.com,1,0,5
py-free-threading.github.io,1,100,0
pydantic.dev,1,0,207
pypi.org,1,100,0
pytest.org/en/7.4.x/how-to/fixtures.html,1,0,166
python-basics-tutorial.readthedocs.io,1,0,1529
python.jp,1,0,45
python.org/doc,1,0,208
python.org/downloads/windows,1,0,59
python.org/search,1,0,19
python.plainenglish.io/python-3-14-adds-no-gil-support-what-it-means-for-real-concurrency-in-2025-105089b453c3,1,100,0
r.search.yahoo.com/_ylt=Awr.rFQMLuZoBQIApeYk24lQ;_ylu=Y29sbwNpcjIEcG9zAzEEdnRpZAMEc2VjA3Ny/RV=2/RE=1761125133/RO=10/RU=https%3a%2f%2fdocs.python.org%2f/RK=2/RS=qct3VqckbDqvluuSd7Wa3E54wWc-,1,0,205
read.amazon.com,1,0,75
read.readwise.io,1,100,0
reddit.com/r/SleepToken/comments/1o0hbnh/python_314_is_out_and_the_release_notes_are_full,1,100,0
reddit.com/r/SleepToken/top,1,100,0
rl.talis.com,1,0,4
roadmap.sh,1,0,469
