name,visitors
England,1474
California,1193
Tokyo,695
Moscow,644
New York,550
Maharashtra,489
Karnataka,452
Île-de-France,445
North Holland,415
Ontario,408
Texas,407
Washington,394
Tamil Nadu,353
Virginia,324
Taipei,318
Illinois,310
Bavaria,307
São Paulo,303
Telangāna,290
Hesse,280
Mazovia,277
Massachusetts,254
North Rhine-Westphalia,249
Delhi,236
Madrid Autonomous Community,235
Guangdong,219
South Holland,212
Florida,209
Saint Petersburg,199
Ho Chi Minh City,192
Berlin,189
Prague,183
Uusimaa,183
Tel Aviv,182
Baden-Württemberg,181
Lombardy,181
Colorado,176
Seoul,173
Istanbul,170
New Jersey,170
Beijing,165
Tashkent,164
Georgia,162
North Carolina,162
New South Wales,161
Pennsylvania,160
Catalonia,157
Quebec,151
Stockholm,146
Kyiv,144
Victoria,142
Punjab,140
Uttar Pradesh,136
Zürich,135
Maryland,135
Shanghai,133
Jakarta,130
Gyeonggi,128
Hanoi,126
West Bengal,124
New Taipei,120
Ohio,120
Osaka,119
Auvergne-Rhône-Alpes,117
Vienna,110
Michigan,109
Jiangsu,108
Zhejiang,108
Taichung,107
Oregon,105
Gujarat,102
Kerala,102
British Columbia,101
Minnesota,101
Flanders,100
Minsk,97
Madhya Pradesh,97
Leinster,96
Henan,93
Brussels,92
Cairo,92
Arizona,92
Capital Region,89
Scotland,87
Gauteng,86
Minas Gerais,84
Hubei,84
Lesser Poland,84
Lisbon,84
Bangkok,84
Shandong,83
Buenos Aires Province,82
Ciudad de Mexico,81
Rio de Janeiro,79
Provence-Alpes-Côte-d'Azur,79
Nairobi County,79
Utrecht,79
Capital District,77
Attica,77
Lagos,75
Metro Manila,75
Kuala Lumpur,74
Beograd,74
Lower Saxony,73
Haryana,72
Tennessee,72
Hamburg,71
Andhra Pradesh,69
Kanagawa,69
North Brabant,69
Lima,69
Rajasthan,68
Oslo,67
Sichuan,66
Andalusia,66
Moscow Province,66
Kaohsiung,66
Almaty City,65
Queensland,64
Western Australia,64
Missouri,64
Gelderland,62
Connecticut,62
Wisconsin,62
Santa Catarina,61
Tbilisi,61
Taoyuan,61
Valencian Community,60
Occitanie,60
Central,59
Sverdlovsk,59
Budapest,58
Saxony,57
Greater Poland,57
Makkah,56
Alberta,55
Lower Silesia,55
Indiana,55
Utah,55
Paraná,54
Bihar,54
Santiago Metropolitan,53
Chiba,53
Novosibirsk,53
Riyadh,53
Dubai,52
Sofia,52
South Moravia,52
Shaanxi,51
Ankara,51
Amman,50
Sindh,50
Tatarstan,50
Antioquia,49
Saitama,49
Vilnius County,49
Riga,48
Punjab,47
Pomerania,47
Rhineland-Palatinate,46
Hsinchu County,46
Bucharest,45
Samara,45
Nizhny Novgorod,44
Rostov,44
Iowa,44
Galicia,43
Pays-de-la-Loire,43
Emilia-Romagna,43
Lazio,43
Nouvelle-Aquitaine,42
West Java,42
Selangor,42
Porto,42
Krasnodar Krai,42
Aichi,41
Meknès-Tafilalet,41
Veneto,40
Bishkek,40
Auckland,40
Dhaka Division,39
Algiers,39
Skåne,39
Lvivshchyna,39
Bratislava,38
Alabama,37
Yerevan,36
Tianjin,36
Grand-Est,36
Mexico State,36
Bashkortostan,36
Washington DC,36
Federal District,35
Hebei,35
Hunan,35
San José,35
Kyoto,35
South Carolina,35
Goiás,34
Vaud,34
Chongqing,34
Limassol,34
Addis Ababa,34
Rio Grande do Sul,33
Zagreb,33
Voronezh,33
Västra Götaland,33
Harjumaa,32
Hauts-de-France,32
Wales,32
Greater Accra,32
East Java,32
Odisha,32
Astana,32
Nevada,32
Piedmont,31
Fukuoka,31
Tainan,31
Kentucky,31
Ishikawa,30
Incheon,30
Western,30
Doha,30
Wallonia,29
Ceará,29
Giza,28
Central Java,28
Hokkaido,28
Province 3,28
Islamabad,28
South Australia,27
Anhui,27
Hormozgan,27
Tuscany,27
Phnom Penh,27
Overijssel,27
Perm Krai,27
San Salvador,27
Fujian,26
Flevoland,26
Silesia,26
New Hampshire,26
Buenos Aires,25
Bahia,25
Liaoning,25
Himachal Pradesh,25
Kaluga,25
Kansas,25
Pernambuco,24
Nova Scotia,24
Gansu,24
Central Denmark,24
Kwai Tsing New Territories,24
Vestland,24
Tunis,24
Central,24
Rhode Island,24
Harare,24
Abu Dhabi,23
Córdoba,23
Bern,23
Brittany,23
Jalisco,23
Chelyabinsk,23
Dnipropetrovshchyna,23
Oklahoma,23
Western Cape,23
Schleswig-Holstein,22
Guayas,22
Campania,22
Eastern,22
Louisiana,22
New Mexico,22
Baku,21
Balearic Islands,21
Hyogo,21
Muscat,21
North Sumatra,20
Chișinău,20
Krasnoyarsk Krai,20
Yaroslavl,20
Izmir,20
Styria,19
Abidjan,19
Pichincha,19
Alexandria,19
Tamaulipas,19
Federal Capital Territory,19
Geneva,18
Distrito Nacional,18
Pirkanmaa,18
Jerusalem,18
Jharkhand,18
Uttarākhand,18
Changhua,18
Vinnychchyna,18
Idaho,18
Amanat Al Asimah,18
Guizhou,17
Nicosia,17
