name,unique_entrances,total_entrances,visit_duration
/zh-cn/3/,663,687,178
/zh-cn/3/tutorial/index.html,616,644,175
/3/,408,410,494
/zh-cn/3.13/,253,264,322
/zh-cn/3.13/tutorial/index.html,253,265,214
/zh-cn/3/library/index.html,240,250,172
/zh-cn/3/tutorial/,199,204,192
/zh-cn/3/library/venv.html,189,192,51
/zh-cn/3/library/turtle.html,143,147,186
/zh-cn/3/library/functions.html,135,140,164
/zh-cn/3/using/index.html,129,130,62
/zh-cn/3/tutorial/controlflow.html,107,110,232
/zh-cn/3/library/multiprocessing.html,93,94,170
/zh-cn/3.13/library/index.html,90,100,291
/zh-cn/3.13/tutorial/controlflow.html,87,94,172
/zh-cn/3/tutorial/interpreter.html,86,89,393
/zh-cn/3/tutorial/introduction.html,86,87,381
/zh-cn/3/reference/index.html,85,92,155
/zh-cn/3/using/windows.html,85,86,19
/zh-cn/3/library/idle.html,81,81,11
/zh-cn/3/search.html,72,81,233
/zh-cn/3.13/search.html,71,77,196
/zh-cn/3.13/tutorial/introduction.html,70,74,252
/zh-cn/3/library/typing.html,64,64,26
/zh-cn/3/tutorial/datastructures.html,64,71,347
/3/tutorial/index.html,63,63,441
/zh-cn/3/index.html,62,65,252
/zh-cn/3/library/math.html,59,75,35
/zh-cn/3/library/stdtypes.html,59,59,171
/zh-cn/3/library/re.html,58,59,3
/zh-cn/3/tutorial/appetite.html,58,58,648
/zh-cn/3.13/library/functions.html,56,59,147
/zh-cn/3/library/asyncio.html,56,56,141
/zh-cn/3/tutorial/classes.html,53,54,288
/zh-cn/3.13/library/stdtypes.html,50,53,671
/zh-cn/3/howto/argparse.html,50,50,94
/zh-cn/3/library/dataclasses.html,50,52,19
/zh-cn/3.13/tutorial/,48,51,270
/zh-cn/3/installing/index.html,48,48,31
/zh-cn/3.12/using/mac.html,47,47,86
/zh-cn/3.13/tutorial/datastructures.html,46,47,252
/zh-cn/3.13/tutorial/interpreter.html,46,47,159
/zh-cn/3/library/tk.html,45,45,139
/zh-cn/3.12/,44,44,233
/zh-cn/3.13/library/asyncio-task.html,44,45,240
/zh-cn/3.13/whatsnew/3.13.html,44,46,436
/zh-cn/3/contents.html,44,44,418
/zh-cn/3/library/argparse.html,44,44,25
/zh-cn/3.13/index.html,41,41,171
/zh-cn/3.13/tutorial/classes.html,40,44,133
/3/tutorial/,39,39,333
/zh-cn/3/glossary.html,38,38,92
/zh-cn/3/library/,38,45,419
/zh-cn/3/library/tkinter.html,38,38,90
/zh-cn/3/library/struct.html,37,39,178
/zh-cn/3/library/logging.html,36,36,56
/zh-cn/3/library/pdb.html,36,36,33
/3.13/,35,36,351
/zh-cn/3.13/tutorial/modules.html,35,36,184
/zh-cn/3/library/unittest.html,35,35,109
/zh-cn/3/using/mac.html,35,35,21
/zh-cn/3/whatsnew/3.13.html,35,38,130
/zh-cn/3/library/subprocess.html,34,35,266
/zh-cn/3.13/glossary.html,33,34,198
/zh-cn/3.13/using/,31,31,16
/zh-cn/3/library/datetime.html,31,33,103
/zh-cn/3/library/string.html,30,31,145
/zh-cn/3/tutorial/inputoutput.html,30,32,696
/zh-cn/3/howto/regex.html,29,30,296
/zh-cn/3.13/tutorial/appetite.html,28,29,511
/zh-cn/3/library/collections.html,28,28,27
/zh-cn/3/library/os.html,28,28,75
/zh-cn/3/whatsnew/index.html,28,28,108
/zh-cn/3.13/tutorial/errors.html,27,27,398
/zh-cn/3/library/pathlib.html,27,29,24
/zh-cn/3/tutorial/errors.html,27,28,266
/zh-cn/3.13/library/unittest.html,26,26,0
/zh-cn/3.14/,26,26,125
/zh-cn/3/tutorial/modules.html,26,26,422
/zh-cn/3.12/library/index.html,25,25,19
/zh-cn/3.13/using/windows.html,25,25,88
/zh-cn/dev/using/mac.html,25,26,62
/zh-cn/3.13/reference/index.html,24,24,143
/zh-cn/3/library/asyncio-task.html,24,25,21
/3/search.html,23,23,416
/zh-cn/3.13/contents.html,23,24,73
/zh-cn/3.13/tutorial/inputoutput.html,23,24,330
/zh-cn/3/library/threading.html,23,25,177
/3/library/index.html,22,22,129
/zh-cn/3.13/reference/datamodel.html,22,22,884
/zh-cn/3.13/using/index.html,22,22,98
/zh-cn/3/download.html,22,22,227
/zh-cn/3/library/csv.html,22,22,67
/zh-cn/3/library/heapq.html,22,22,1
/zh-cn/3/library/random.html,22,22,0
/zh-cn/3.12/library/functions.html,21,21,55
/3/library/functions.html,20,20,648
/zh-cn/3.13/reference/compound_stmts.html,20,20,39
/zh-cn/3/library/pickle.html,20,21,192
/zh-cn/3/py-modindex.html,20,22,102
/3.12/,19,19,318
/zh-cn/3.13/using/mac.html,19,19,31
/zh-cn/3/library/ctypes.html,19,19,22
/3.13/tutorial/index.html,18,18,286
/zh-cn/3.12/index.html,18,19,301
/zh-cn/3.13/using/android.html,18,18,42
/zh-cn/3/extending/extending.html,18,18,267
/zh-cn/3/reference/import.html,18,18,152
/3/library/tkinter.html,17,17,287
/zh-cn/3.12/search.html,17,17,419
/zh-cn/3.12/tutorial/index.html,17,18,268
/zh-cn/3.13/download.html,17,17,164
/zh-cn/3.13/using/cmdline.html,17,17,120
/zh-cn/3/library/ast.html,17,17,0
/zh-cn/3/library/tkinter.ttk.html,17,17,213
/zh-cn/3/reference/datamodel.html,17,17,128
/zh-cn/3.13/library/asyncio.html,16,17,156
/zh-cn/3/library/json.html,16,16,89
/zh-cn/3/reference/expressions.html,16,16,86
/zh-cn/3.13/reference/expressions.html,15,15,1498
/zh-cn/3.13/tutorial/stdlib.html,15,17,608
/zh-cn/3.13/tutorial/venv.html,15,15,5
/zh-cn/3/howto/index.html,15,19,286
/zh-cn/3/library/exceptions.html,15,15,29
/zh-cn/3/library/shutil.html,15,16,24
/zh-cn/3/library/sqlite3.html,15,16,124
/3.14/,14,14,176
/zh-cn/3.13/library/subprocess.html,14,16,1
/zh-cn/3.13/library/turtle.html,14,14,4
/zh-cn/3/library/profile.html,14,14,44
/zh-cn/3/using/cmdline.html,14,14,5
/3.13/using/windows.html,13,13,299
/zh-cn/3.12/whatsnew/3.12.html,13,13,73
/zh-cn/3.13/library/concurrent.futures.html,13,13,1
/zh-cn/3.13/library/exceptions.html,13,14,147
/zh-cn/3.13/library/pathlib.html,13,13,263
/zh-cn/3/howto/functional.html,13,13,45
/zh-cn/3/library/__main__.html,13,13,29
/zh-cn/3/library/difflib.html,13,13,42
/zh-cn/3/library/sys.html,13,13,88
/zh-cn/3/library/time.html,13,15,52
/zh-cn/3/library/traceback.html,13,14,0
/zh-cn/3/using/android.html,13,13,18
/zh-cn/dev/whatsnew/3.13.html,13,13,133
/zh-cn/3.12/library/venv.html,12,12,0
/zh-cn/3.13/installing/index.html,12,12,51
/zh-cn/3.13/library/asyncio-eventloop.html,12,13,147
/zh-cn/3.13/library/multiprocessing.html,12,15,130
/zh-cn/3.13/whatsnew/index.html,12,12,55
/zh-cn/3.14/tutorial/index.html,12,13,433
/zh-cn/3.14/whatsnew/,12,12,146
/zh-cn/3/library/bisect.html,12,12,222
/zh-cn/3/library/configparser.html,12,12,192
/zh-cn/3/library/importlib.html,12,13,0
/zh-cn/3/library/os.path.html,12,13,19
/zh-cn/3/reference/lexical_analysis.html,12,15,676
/3.13/tutorial/,11,11,824
/3/library/asyncio.html,11,12,352
/3/library/logging.html,11,12,156
/3/library/multiprocessing.html,11,11,584
/3/library/pathlib.html,11,11,16
/3/library/venv.html,11,11,227
/zh-cn/3.12/library/asyncio-task.html,11,11,4
/zh-cn/3.13/library/tkinter.ttk.html,11,11,26
/zh-cn/3.13/py-modindex.html,11,12,22
/zh-cn/3.13/whatsnew/3.12.html,11,11,47
/zh-cn/3/howto/enum.html,11,11,233
/zh-cn/3/library/decimal.html,11,12,96
/zh-cn/3/library/ipaddress.html,11,11,57
/zh-cn/3/library/itertools.html,11,13,68
/zh-cn/3/library/multiprocessing.shared_memory.html,11,12,14
/zh-cn/dev/using/ios.html,11,11,69
/3/library/subprocess.html,10,10,568
/zh-cn/3.12/library/__main__.html,10,11,0
/zh-cn/3.12/library/stdtypes.html,10,10,109
/zh-cn/3.13/library/,10,10,1179
/zh-cn/3.13/library/re.html,10,11,209
/zh-cn/3.13/library/tkinter.html,10,10,204
/zh-cn/3.13/library/urllib.parse.html,10,10,75
/zh-cn/3.13/reference/lexical_analysis.html,10,10,682
/zh-cn/3.13/using/ios.html,10,10,168
/zh-cn/3/library/concurrent.futures.html,10,10,770
/zh-cn/3/library/contextvars.html,10,10,369
/zh-cn/3/library/io.html,10,10,102
/zh-cn/3/library/queue.html,10,10,68
/zh-cn/3/library/socket.html,10,10,6
/zh-cn/3/library/tempfile.html,10,10,42
/zh-cn/3/reference/simple_stmts.html,10,10,165
/zh-cn/3/tutorial/stdlib.html,10,10,359
/3/library/concurrent.futures.html,9,9,1038
/3/library/idle.html,9,9,193
/3/library/typing.html,9,10,24
/3/reference/datamodel.html,9,9,33
/zh-cn/3.12/library/multiprocessing.html,9,10,0
/zh-cn/3.12/reference/datamodel.html,9,9,618
/zh-cn/3.12/tutorial/controlflow.html,9,9,13
/zh-cn/3.13/genindex.html,9,9,252
/zh-cn/3.13/library/logging.html,9,9,0
/zh-cn/3.13/library/os.path.html,9,9,21
/zh-cn/3.13/library/tk.html,9,9,459
/zh-cn/3.13/library/xml.etree.elementtree.html,9,9,133
/zh-cn/3/library/asyncio-eventloop.html,9,9,163
/zh-cn/3/library/contextlib.html,9,9,68
/zh-cn/3/library/copy.html,9,9,251
/zh-cn/3/library/http.server.html,9,9,0
/zh-cn/3/library/shlex.html,9,9,0
/zh-cn/3/library/unittest.mock-examples.html,9,9,24
/zh-cn/3/license.html,9,10,1
/3/download.html,8,8,300
/3/library/,8,8,1515
/3/library/collections.html,8,8,769
/3/library/ctypes.html,8,8,481
/3/library/os.html,8,8,602
/3/library/tk.html,8,8,317
/3/tutorial/venv.html,8,8,154
/3/whatsnew/3.13.html,8,8,193
/zh-cn/3.12/download.html,8,8,96
/zh-cn/3.12/reference/index.html,8,9,498
/zh-cn/3.12/using/,8,8,4
/zh-cn/3.13/howto/index.html,8,9,167
/zh-cn/3.13/howto/logging.html,8,8,30
/zh-cn/3.13/library/argparse.html,8,8,0
/zh-cn/3.13/library/collections.html,8,8,0
/zh-cn/3.13/library/sqlite3.html,8,11,0
/zh-cn/3.13/library/struct.html,8,8,377
/zh-cn/3.13/library/typing.html,8,9,2
/zh-cn/3.13/library/venv.html,8,8,15
/zh-cn/3.14/library/index.html,8,8,112
/zh-cn/3.14/tutorial/introduction.html,8,8,0
/zh-cn/3/c-api/index.html,8,9,683
/zh-cn/3/extending/index.html,8,8,97
/zh-cn/3/howto/curses.html,8,9,8
/zh-cn/3/library/enum.html,8,8,408
/zh-cn/3/library/functools.html,8,8,0
/zh-cn/3/library/glob.html,8,8,0
/zh-cn/3/library/gzip.html,8,8,9
/zh-cn/3/library/inspect.html,8,9,396
/zh-cn/3/library/zipfile.html,8,8,312
/zh-cn/3/tutorial/stdlib2.html,8,8,610
/zh-cn/3/tutorial/venv.html,8,8,262
/zh-cn/3/using/unix.html,8,8,70
/zh-cn/3/whatsnew/3.12.html,8,8,156
/zh-cn/dev/library/re.html,8,8,0
/3/index.html,7,8,400
/3/library/asyncio-task.html,7,7,357
/3/library/stdtypes.html,7,7,351
/3/library/unittest.html,7,7,534
/zh-cn/3.12/contents.html,7,7,78
/zh-cn/3.12/library/asyncio-eventloop.html,7,8,0
/zh-cn/3.12/using/unix.html,7,8,34
/zh-cn/3.13/c-api/index.html,7,7,142
/zh-cn/3.13/library/abc.html,7,7,0
/zh-cn/3.13/library/dataclasses.html,7,7,649
/zh-cn/3.13/library/heapq.html,7,7,191
/zh-cn/3.13/library/multiprocessing.shared_memory.html,7,7,104
/zh-cn/3.13/library/string.html,7,7,48
/zh-cn/3.13/library/threading.html,7,8,53
/zh-cn/3.13/library/timeit.html,7,7,0
/zh-cn/3.13/reference/simple_stmts.html,7,7,690
/zh-cn/3.14/library/multiprocessing.shared_memory.html,7,7,0
/zh-cn/3/library/asyncio-runner.html,7,8,4
/zh-cn/3/library/gc.html,7,7,0
/zh-cn/3/library/tomllib.html,7,7,1
/3.13/index.html,6,6,148
/3/library/dataclasses.html,6,6,812
/3/library/heapq.html,6,6,258
/3/library/xml.etree.elementtree.html,6,6,1510
/3/tutorial/appetite.html,6,6,423
/zh-cn/3.12/library/re.html,6,6,0
/zh-cn/3.12/library/threading.html,6,6,4
/zh-cn/3.12/library/typing.html,6,6,76
/zh-cn/3.12/tutorial/appetite.html,6,6,34
/zh-cn/3.12/tutorial/introduction.html,6,6,1
/zh-cn/3.13/howto/argparse.html,6,7,565
/zh-cn/3.13/howto/free-threading-python.html,6,6,52
/zh-cn/3.13/howto/gdb_helpers.html,6,6,48
/zh-cn/3.13/howto/regex.html,6,6,0
/zh-cn/3.13/library/intro.html,6,6,802
/zh-cn/3.13/library/itertools.html,6,7,257
/zh-cn/3.13/library/pickle.html,6,6,3
/zh-cn/3.13/library/shutil.html,6,6,12
/zh-cn/3.13/reference/import.html,6,7,637
/zh-cn/3.13/tutorial/stdlib2.html,6,6,1052
/zh-cn/3.14/tutorial/appetite.html,6,6,21
/zh-cn/3.14/whatsnew/3.14.html,6,6,207
/zh-cn/3/library/codecs.html,6,6,274
/zh-cn/3/library/gettext.html,6,6,662
/zh-cn/3/library/mmap.html,6,6,16
/zh-cn/3/library/signal.html,6,6,3
/zh-cn/3/library/timeit.html,6,6,0
/zh-cn/3/library/uuid.html,6,6,0
/zh-cn/3/using/configure.html,6,6,0
/3/library/functools.html,5,5,1200
/3/library/socket.html,5,5,18
/3/py-modindex.html,5,5,523
/3/reference/index.html,5,5,16
/3/tutorial/errors.html,5,5,346
/3/tutorial/introduction.html,5,5,1783
/zh-cn/3.12/glossary.html,5,5,34
/zh-cn/3.12/howto/logging.html,5,5,65
