name,visitors
Chrome,14652
Microsoft Edge,9299
Firefox,1755
Safari,945
Opera,891
Yandex Browser,408
Smart Lenovo Browser,318
Mobile App,285
Quark,98
QQ Browser,71
Avast Secure Browser,57
MIUI Browser,40
vivo Browser,34
Huawei Browser Mobile,33
Samsung Browser,22
Huawei Browser,17
Whale Browser,17
Sogou Explorer,15
AVG Secure Browser,14
CCleaner,9
UC Browser,9
(not set),8
ALVA,5
Norton Private Browser,5
QtWebEngine,5
Avira Secure Browser,4
Brave,4
360 Secure Browser,3
Chromium,2
Opera Touch,2
Pale Moon,2
SberBrowser,2
Falkon,1
Lenovo Browser,1
LieBaoFast,1
Light,1
Mobile Silk,1
Sleipnir,1
UBrowser,1
