name,unique_exits,total_exits,exit_rate
/pt-br/3/tutorial/index.html,128,135,
/pt-br/3/,97,101,
/pt-br/3/library/venv.html,92,92,
/pt-br/3/library/math.html,70,73,
/pt-br/3/library/stdtypes.html,64,70,
/pt-br/3/library/index.html,62,63,
/pt-br/3.15/using/windows.html,56,57,
/pt-br/3/tutorial/controlflow.html,46,46,
/pt-br/3.14/,38,39,
/3/,34,34,
/pt-br/3/tutorial/classes.html,34,37,
/pt-br/3.14/search.html,33,35,
/pt-br/3/library/functions.html,33,33,
/dev/using/windows.html,29,29,
/pt-br/3/library/tkinter.html,29,30,
/pt-br/3/search.html,27,29,
/pt-br/3/tutorial/interpreter.html,24,25,
/pt-br/3/tutorial/introduction.html,24,24,
/pt-br/dev/library/zlib.html,24,24,
/pt-br/3.13/library/random.html,23,25,
/pt-br/3.14/library/math.html,23,25,
/pt-br/3/library/datetime.html,23,23,
/pt-br/3/tutorial/datastructures.html,23,25,
/pt-br/3/tutorial/appetite.html,22,22,
/pt-br/3.13/library/stdtypes.html,21,24,
/pt-br/3.14/tutorial/index.html,21,22,
/pt-br/3/tutorial/inputoutput.html,21,21,
/pt-br/3/library/os.html,20,22,
/pt-br/3/library/string.html,20,20,
/pt-br/3.14/tutorial/controlflow.html,19,19,
/pt-br/3.14/tutorial/interpreter.html,19,21,
/pt-br/3/library/turtle.html,19,20,
/pt-br/3.13/library/functions.html,16,16,
/pt-br/3.13/library/tkinter.html,16,18,
/pt-br/3.13/tutorial/index.html,16,16,
/pt-br/3/library/__main__.html,16,16,
/pt-br/3/library/exceptions.html,16,16,
/pt-br/3/tutorial/,16,17,
/pt-br/3.14/library/index.html,15,15,
/pt-br/3.14/tutorial/introduction.html,15,15,
/pt-br/3/faq/windows.html,15,15,
/pt-br/3/library/csv.html,15,15,
/pt-br/3/library/random.html,15,15,
/pt-br/dev/tutorial/datastructures.html,15,15,
/pt-br/3.13/tutorial/datastructures.html,14,16,
/pt-br/3/library/,13,13,
/pt-br/dev/library/tkinter.html,12,12,
/pt-br/3.13/library/index.html,11,12,
/pt-br/3.14/library/tkinter.html,11,11,
/pt-br/3.14/tutorial/datastructures.html,11,12,
/pt-br/dev/whatsnew/3.14.html,11,11,
/3/library/index.html,10,10,
/pt-br/3.13/tutorial/interpreter.html,10,11,
/pt-br/3.14/library/functions.html,10,10,
/pt-br/3.14/library/stdtypes.html,10,10,
/pt-br/3.14/tutorial/errors.html,10,11,
/pt-br/3/library/statistics.html,10,10,
/pt-br/3/tutorial/errors.html,10,10,
/pt-br/3/tutorial/modules.html,10,12,
/pt-br/dev/faq/general.html,10,10,
/pt-br/dev/library/venv.html,10,10,
/pt-br/dev/reference/import.html,10,10,
/pt-br/3.13/library/tk.html,9,9,
/pt-br/3.14/download.html,9,9,
/pt-br/3.14/py-modindex.html,9,9,
/pt-br/3/glossary.html,9,9,
/pt-br/3/howto/sorting.html,9,9,
/pt-br/3/library/unittest.html,9,12,
/pt-br/3/whatsnew/3.14.html,9,10,
/3/library/tkinter.html,8,8,
/3/tutorial/index.html,8,8,
/pt-br/3.13/,8,11,
/pt-br/3.13/library/re.html,8,8,
/pt-br/3.13/library/shutil.html,8,8,
/pt-br/3.13/tutorial/controlflow.html,8,8,
/pt-br/3.14/library/datetime.html,8,9,
/pt-br/3.14/tutorial/appetite.html,8,8,
/pt-br/3.14/using/windows.html,8,8,
/pt-br/3.14/whatsnew/3.14.html,8,8,
/pt-br/3/contents.html,8,8,
/pt-br/3/library/dataclasses.html,8,8,
/pt-br/3/library/time.html,8,8,
/pt-br/3.13/library/math.html,7,7,
/pt-br/3.13/library/pydoc.html,7,7,
/pt-br/3.13/tutorial/introduction.html,7,10,
/pt-br/3.14/library/random.html,7,8,
/pt-br/3.14/reference/index.html,7,7,
/pt-br/3.14/tutorial/,7,7,
/pt-br/3/howto/logging.html,7,7,
/pt-br/3/using/android.html,7,7,
/3.14/,6,5,
/3.15/,6,6,
/3/library/functions.html,6,6,
/3/library/venv.html,6,6,
/pt-br/3.13/library/pathlib.html,6,6,
/pt-br/3.14/library/idle.html,6,6,
/pt-br/3/library/filesys.html,6,6,
/pt-br/3/library/json.html,6,6,
/pt-br/3/library/os.path.html,6,6,
/pt-br/3/library/typing.html,6,6,
