name,version,visitors
Chrome,138.0,8594
Microsoft Edge,138.0,3261
Chrome,139.0,2514
Firefox,141.0,1241
Safari,18.5,740
Safari,18.6,458
Microsoft Edge,139.0,331
Yandex Browser,25.6,293
Chrome,137.0,278
Opera,120.0,217
Chrome,109.0,144
Chrome,136.0,137
Firefox,128.0,131
Chrome,135.0,95
Firefox,140.0,94
Safari,26.0,70
Chrome,132.0,69
Chrome,122.0,65
Chrome,131.0,64
Safari,(not set),61
Chrome,134.0,61
Mobile App,(not set),59
Mobile App,138.0,58
Microsoft Edge,137.0,57
Safari,17.6,48
Chrome,129.0,46
Chrome,133.0,44
Chrome,119.0,37
Chrome,117.0,35
Chrome,128.0,33
Microsoft Edge,122.0,32
Firefox,139.0,30
Safari,18.3,30
Firefox,141.1,29
Safari,18.4,29
Samsung Browser,28.0,29
Chrome,130.0,27
Firefox,142.0,27
Safari,16.6,27
Smart Lenovo Browser,9.0,27
Safari,18.1,24
Safari,18.0,23
Quark,(not set),21
Firefox,115.0,20
Firefox,136.0,20
Chrome,116.0,19
Microsoft Edge,136.0,18
Safari,17.5,18
Chrome,126.0,17
Brave,(not set),16
Chrome,140.0,16
Safari,15.6,16
Microsoft Edge,92.0,16
Chrome,114.0,15
Chrome,124.0,13
Chrome,125.0,13
Microsoft Edge,135.0,13
Chrome,118.0,12
Chrome,127.0,12
Microsoft Edge,132.0,12
Whale Browser,4.32,12
Chrome,120.0,11
Microsoft Edge,133.0,11
Firefox,135.0,11
Safari,16.0,11
Safari,18.2,11
Chrome,121.0,10
Microsoft Edge,134.0,10
Yandex Browser,24.10,10
Chrome,86.0,10
Microsoft Edge,100.0,9
Chrome,101.0,9
Firefox,138.0,9
(not set),(not set),8
Microsoft Edge,109.0,8
Microsoft Edge,120.0,8
Microsoft Edge,131.0,8
Safari,17.4,8
SberBrowser,28.0,8
Opera,90.0,8
Chrome,123.0,7
Microsoft Edge,128.0,7
Microsoft Edge,129.0,7
Microsoft Edge,130.0,7
Firefox,134.0,7
Firefox,141,7
Yandex Browser,25.2,7
Chrome,111.0,6
Chrome,112.0,6
Firefox,113.0,6
Avast Secure Browser,138.0,6
Mobile App,139.0,6
Huawei Browser Mobile,16.0,6
QQ Browser,19.5,6
Safari,10.0,5
Microsoft Edge,126.0,5
Mobile App,131.0,5
Firefox,133.0,5
Firefox,137.0,5
Chrome,141.0,5
Safari,17.2,5
QQ Browser,19.4,5
Sogou Explorer,2,5
Yandex Browser,25.4,5
Chrome,91.0,5
Chrome,103.0,4
Chrome,108.0,4
Firefox,109.0,4
Microsoft Edge,123.0,4
CCleaner,138.0,4
Firefox,143.0,4
Safari,17.3,4
QQ Browser,19.2,4
QQ Browser,19.3,4
Yandex Browser,24.7,4
Samsung Browser,25.0,4
QQ Browser,6.2,4
Chrome,105.0,3
Chrome,107.0,3
Microsoft Edge,117.0,3
Opera,118.0,3
Opera,119.0,3
Huawei Browser,12.1,3
Microsoft Edge,121.0,3
Microsoft Edge,124.0,3
Microsoft Edge,127.0,3
Firefox,129.0,3
Safari,14.1,3
Safari,16.2,3
Safari,17.13,3
Safari,17.7,3
UC Browser,17.8,3
Safari,17.8,3
MIUI Browser,20.0,3
Chrome,78.0,3
Opera,95.0,3
Firefox,102.0,2
Mobile App,108.0,2
AVG Secure Browser,109.0,2
QQ Browser,11.9,2
Microsoft Edge,113.0,2
Chrome,115.0,2
Safari,12.1,2
Opera,121.0,2
Ecosia,129.0,2
Mobile App,130.0,2
Microsoft Edge,14.14393,2
Firefox,141.2,2
Safari,15.4,2
Safari,16.5,2
Safari,17.1,2
Safari,17.14,2
Safari,19.0,2
MIUI Browser,19.7,2
MIUI Browser,19.9,2
Opera GX,2.9,2
Yandex Browser,23.7,2
Samsung Browser,24.0,2
Yandex Browser,24.12,2
Yandex Browser,24.4,2
Yandex Browser,24.6,2
vivo Browser,25.5,2
Yandex Browser,25.7,2
Pale Moon,33.2,2
115 Browser,35.26,2
Firefox,45.0,2
Chrome,74.0,2
Firefox,78.0,2
Chrome,83.0,2
Chrome,89.0,2
Chrome,90.0,2
Chrome,94.0,2
Chrome,95.0,2
Microsoft Edge,98.0,2
Mobile App,99.0,2
Microsoft Edge,102.0,1
Chrome,102.0,1
Chrome,104.0,1
Microsoft Edge,105.0,1
Opera,105.0,1
Microsoft Edge,107.0,1
Firefox,107.2,1
Iron,109.0,1
MIUI Browser,11.0,1
Chrome,110.0,1
Microsoft Edge,111.0,1
Chrome,113.0,1
Firefox,114.0,1
Mobile App,114.0,1
Microsoft Edge,115.0,1
Opera,116.0,1
Microsoft Edge,118.0,1
CoolBrowser,118.0,1
Microsoft Edge,119.0,1
QQ Browser,12.5,1
QQ Browser,12.6,1
Chrome,124.61,1
Firefox,125.0,1
Mobile App,126.0,1
Firefox,126.0,1
Thunderbird,128.13,1
Safari,13.1,1
QQ Browser,13.6,1
QQ Browser,13.7,1
Firefox,130.0,1
Firefox,132.0,1
Iron,137.0,1
Firefox,137.2,1
Chrome,138.1,1
Chrome,139,1
Firefox,139.1,1
Microsoft Edge,14.14385,1
vivo Browser,14.4,1
Microsoft Edge,140.0,1
Mobile App,140.0,1
Huawei Browser Mobile,15.0,1
Safari,15.1,1
Safari,15.2,1
Safari,16.1,1
Safari,16.4,1
Safari,17.0,1
Microsoft Edge,18.18362,1
Microsoft Edge,18.18363,1
Microsoft Edge,18.19041,1
SberBrowser,20.0,1
Yandex Browser,23.9,1
vivo Browser,24.3,1
vivo Browser,24.9,1
vivo Browser,25.6,1
Yandex Browser,25.62,1
Yandex Browser,25.67,1
Samsung Browser,26.0,1
JioSphere,3.0,1
Oculus Browser,39.3,1
Whale Browser,4.33,1
Chrome,49.0,1
Firefox,50.0,1
Chrome,53.0,1
Chrome,55.0,1
Firefox,57.0,1
Mobile App,57.0,1
Opera Touch,6.0,1
QtWebEngine,6.6,1
QtWebEngine,6.8,1
QtWebEngine,6.9,1
Safari,60.5,1
Chrome,62.0,1
DuckDuckGo Privacy Browser,7,1
Quark,7.14,1
Mobile App,70.0,1
Chrome,71.0,1
Chrome,75.0,1
Chrome,80.0,1
Chrome,81.0,1
Mobile App,83.0,1
Chrome,84.0,1
Microsoft Edge,84.0,1
Chrome,85.0,1
Chrome,87.0,1
Chrome,88.0,1
Firefox,91.0,1
Chrome,92.0,1
Chrome,93.0,1
Firefox,95.0,1
Chrome,96.0,1
Firefox,98.0,1
Chrome,98.0,1
Chrome,99.0,1
