name,visitors
United States,4162
India,1885
China,1547
Germany,1061
United Kingdom,950
Russian Federation,932
Brazil,670
Japan,549
France,537
Canada,443
Poland,382
Netherlands,325
Hong Kong,311
South Korea,306
Australia,298
Spain,294
Vietnam,261
Italy,240
Singapore,237
Ukraine,224
Mexico,218
Taiwan,203
Colombia,202
Turkey,189
Switzerland,175
Sweden,172
Indonesia,154
Iran,148
Argentina,147
Pakistan,147
Finland,129
Thailand,122
Egypt,114
South Africa,106
Denmark,103
Portugal,101
Austria,99
Belgium,98
Czechia,97
Peru,94
Philippines,93
Ireland,88
Israel,87
Chile,85
Norway,80
Romania,71
Kazakhstan,69
Nigeria,63
Malaysia,60
Bangladesh,58
Morocco,54
Uzbekistan,52
Belarus,51
Hungary,49
United Arab Emirates,48
Kenya,48
Serbia,48
Greece,40
New Zealand,38
Bulgaria,37
Costa Rica,36
Algeria,35
Nepal,33
Ecuador,32
Lithuania,29
Saudi Arabia,29
Georgia,28
Ethiopia,26
Ghana,25
Iraq,25
Estonia,24
Croatia,24
Bolivia,23
Dominican Republic,22
Uruguay,22
Latvia,21
Tunisia,21
Armenia,19
Cyprus,18
Sri Lanka,18
Slovenia,18
Slovakia,18
Jordan,17
Cambodia,17
Venezuela,16
Azerbaijan,13
Myanmar,13
Luxembourg,12
Moldova,12
Cameroon,11
Kyrgyzstan,10
"Palestine, State of",10
Oman,9
Paraguay,9
Albania,8
Libya,8
Guatemala,7
Iceland,7
Madagascar,7
Panama,7
Sudan,7
Côte d'Ivoire,6
Guinea,6
Qatar,6
Tanzania,6
Yemen,6
Bosnia and Herzegovina,5
Burkina Faso,5
Honduras,5
Lebanon,5
Mauritius,5
Senegal,5
Uganda,5
Afghanistan,4
"Congo, The Democratic Republic of the",4
Montenegro,4
Macao,4
Kosovo,4
Angola,3
Bahrain,3
Benin,3
Jamaica,3
Kuwait,3
North Macedonia,3
Mongolia,3
Malta,3
Malawi,3
Seychelles,3
El Salvador,3
Zambia,3
Zimbabwe,3
Andorra,2
Barbados,2
Congo,2
Liberia,2
Mali,2
Mauritania,2
French Polynesia,2
Réunion,2
Rwanda,2
Brunei Darussalam,1
Bhutan,1
Cuba,1
Fiji,1
Faroe Islands,1
French Guiana,1
Guernsey,1
Gibraltar,1
Guadeloupe,1
Guinea-Bissau,1
Haiti,1
Isle of Man,1
Laos,1
Saint Lucia,1
Puerto Rico,1
Somalia,1
South Sudan,1
Syria,1
Togo,1
Tajikistan,1
Timor-Leste,1
"Virgin Islands, U.S.",1
