name,version,visitors
Chrome,142.0,159
Microsoft Edge,142.0,33
Chrome,126.0,14
Firefox,145.0,13
Chrome,141.0,9
Opera,124.0,5
Chrome,138.0,5
Safari,18.6,5
Safari,26.1,4
Safari,26.0,3
Microsoft Edge,128.0,2
Chrome,132.0,2
Chrome,139.0,2
Chrome,140.0,2
Safari,26.4,2
Chrome,111.0,1
Firefox,115.0,1
Opera,122.0,1
Chrome,130.0,1
Chrome,134.0,1
Microsoft Edge,141.0,1
Firefox,144.0,1
Huawei Browser Mobile,16.0,1
Safari,16.1,1
Safari,17.6,1
Safari,18.5,1
Safari,18.7,1
Sogou Explorer,2,1
Yandex Browser,25.8,1
Chrome,62.0,1
Chrome,69.0,1
