name,visitors,bounce_rate,visit_duration
Direct / None,2030,70,232
Google,1983,80,131
Baidu,287,86,17
Bing,197,71,181
qiita.com,152,78,158
note.nkmk.me,83,89,68
Yahoo!,45,69,45
python.org,31,0,887
chatgpt.com,21,67,359
python.jp,15,47,30
GitHub,14,100,19
DuckDuckGo,13,67,246
Microsoft Teams,12,75,133
techacademy.jp,9,60,545
utokyo-ipp.github.io,7,57,205
paiza.jp,5,100,0
Youtube,4,50,216
test.dev.aidemy.jp,4,50,8
tutorials.chainer.org,4,75,3
Reddit,3,0,112
gammasoft.jp,3,100,0
hibiki-press.tech,3,100,0
sejuku.net,3,67,9
Perplexity,2,100,0
Yandex,2,0,306
act-mis-langaccel-web.azurewebsites.net,2,100,0
aisin.aidemy.jp,2,100,0
atcoder.jp,2,100,0
chokkan.github.io,2,100,0
dcm-llm.com,2,100,0
docs.pyq.jp,2,100,0
farmsoft.jp,2,0,454
hitachigroup.okta.com,2,0,434
koko206.hatenablog.com,2,100,0
msiism.jp,2,100,0
nikon.aidemy.jp,2,50,0
nlp.netlearning.co.jp,2,100,0
note.com,2,100,0
python-izm.com,2,50,660
python.ambitious-engineer.com,2,33,1403
school.ctc-g.co.jp,2,0,62
st-grp.aidemy.jp,2,100,0
translations.python.org,2,0,16
1kara-hajimeru.com,1,100,0
Rakuten,1,0,30
acrobat.adobe.com,1,100,0
ai-shift.co.jp,1,0,102
asobod11138.com,1,100,0
brothergroup.atlassian.net,1,100,0
copilot.microsoft.com,1,0,272
diver.diveintocode.jp,1,100,0
excel-ubara.com,1,0,297
free.aidemy.jp,1,100,0
gihyo.jp,1,0,2
grok.com,1,0,178
inetnf.auth,1,100,0
kazuhira-r.hatenablog.com,1,100,0
kccs.aidemy.jp,1,100,0
kjm-kajimagpt.azurewebsites.net,1,100,0
learn.microsoft.com,1,0,1277
lectures.scientific-python.org,1,0,61
login.microsoftonline.com,1,100,0
m.quark.cn,1,100,0
mazda.aidemy.jp,1,100,0
mitani.cs.tsukuba.ac.jp,1,100,0
prisma-cp.paprisma,1,100,0
python-guide.work,1,100,0
qtatsu.hatenablog.com,1,100,0
space.genbacloud.com,1,100,0
sphinx-users.jp,1,100,0
sukkiri.jp,1,100,0
tech.motex.co.jp,1,100,0
tenshoku.mynavi.jp,1,100,0
tohoho-web.com,1,100,0
tool.sony.biz,1,100,0
trap.jp,1,100,0
web.azuresynapse.net,1,0,89
www5.learningpark.jp,1,100,0
