property,value,visitors,events,percentage
url,(none),3199,5388,99.8
url,https://www.python.org/,24,26,0.7
url,https://www.unicode.org/reports/tr44/,4,4,0.1
url,https://www.python.org/downloads/,3,3,0.1
url,https://apps.microsoft.com/detail/9NQ7512CXL7T,2,2,0.1
url,https://github.com/python/cpython/tree/3.14/Lib/codecs.py,2,2,0.1
url,https://pypi.org/,2,2,0.1
url,https://www.unicode.org/Public/16.0.0/ucd/NameAliases.txt,2,2,0.1
url,https://beeware.org/,1,1,0.0
url,https://core.tcl.tk/tips/doc/trunk/tip/48.md,1,1,0.0
url,https://devguide.python.org/,1,1,0.0
url,https://github.com/python/cpython/blob/main/Doc/library/functions.rst?plain=1,1,1,0.0
url,https://github.com/python/cpython/tree/3.13/Lib/asyncio/queues.py,1,1,0.0
url,https://github.com/python/cpython/tree/3.13/Lib/bisect.py,1,1,0.0
url,https://github.com/python/cpython/tree/3.13/Lib/logging/handlers.py,1,1,0.0
url,https://github.com/python/cpython/tree/3.13/Lib/socket.py,1,1,0.0
url,https://github.com/python/cpython/tree/3.13/Lib/string.py,1,1,0.0
url,https://github.com/python/cpython/tree/3.13/Lib/tkinter/ttk.py,1,1,0.0
url,https://github.com/python/cpython/tree/3.14/Lib/datetime.py,1,1,0.0
url,https://github.com/python/cpython/tree/3.14/Lib/functools.py,1,1,0.0
url,https://github.com/python/cpython/tree/3.14/Lib/glob.py,1,2,0.0
url,https://github.com/python/cpython/tree/3.14/Lib/idlelib,1,1,0.0
url,https://github.com/python/cpython/tree/3.14/Lib/idlelib/,1,1,0.0
url,https://github.com/python/cpython/tree/3.14/Lib/logging/handlers.py,1,1,0.0
url,https://github.com/python/cpython/tree/3.14/Lib/numbers.py,1,1,0.0
url,https://github.com/python/cpython/tree/3.14/Lib/os.py,1,1,0.0
url,https://github.com/python/cpython/tree/3.14/Lib/random.py,1,1,0.0
url,https://github.com/python/cpython/tree/3.14/Lib/tkinter/__init__.py,1,1,0.0
url,https://github.com/python/cpython/tree/3.14/Lib/zipfile/,1,1,0.0
url,https://packaging.python.org/,1,1,0.0
url,https://peps.python.org/,1,2,0.0
url,https://peps.python.org/pep-0282/,1,1,0.0
url,https://peps.python.org/pep-0420/,1,1,0.0
url,https://peps.python.org/pep-0572/,1,1,0.0
url,https://peps.python.org/pep-0636/,1,1,0.0
url,https://peps.python.org/pep-0709/,1,1,0.0
url,https://peps.python.org/pep-0719/,1,1,0.0
url,https://termux.dev/en/,1,1,0.0
url,https://tiswww.case.edu/php/chet/readline/rltop.html,1,1,0.0
url,https://tkdocs.com/,1,1,0.0
url,https://toml.io/en/,1,1,0.0
url,https://typing.python.org/en/latest/,1,2,0.0
url,https://typing.python.org/en/latest/guides/unreachable.html,1,1,0.0
url,https://wiki.python.org/moin/PythonBooks,1,1,0.0
url,https://www.unicode.org/,1,1,0.0
url,https://www.unicode.org/Public/16.0.0/ucd/NamedSequences.txt,1,1,0.0
url,https://www.zlib.net/,1,1,0.0
