name,unique_exits,total_exits,exit_rate
/tr/3.15/using/windows.html,16,17,
/tr/3/library/email.charset.html,11,11,
/tr/3/library/email.compat32-message.html,11,11,
/tr/3/library/email.header.html,11,11,
/tr/3/library/unix.html,10,10,
/3/,8,8,
/tr/3/library/email.generator.html,8,8,
/tr/3.14/tutorial/index.html,7,8,
/tr/3/library/email.parser.html,7,7,
/tr/3/library/email.policy.html,7,7,
/tr/3/installing/index.html,6,6,
/tr/3/library/email.errors.html,6,6,
/tr/3/library/py_compile.html,6,6,
/tr/3/library/resource.html,6,6,
/tr/3/library/tty.html,6,6,
/tr/3/reference/compound_stmts.html,6,6,
/dev/using/windows.html,5,5,
/tr/3/glossary.html,5,5,
/tr/3/library/compileall.html,5,5,
/tr/3/library/email.html,5,5,
/tr/3/library/poplib.html,5,5,
/tr/3/tutorial/index.html,5,5,
/tr/3.14/,4,4,
/tr/3/howto/sorting.html,4,4,
/tr/3/library/codecs.html,4,4,
/tr/3/library/runpy.html,4,4,
/tr/3/library/ssl.html,4,4,
/tr/3/library/tabnanny.html,4,4,
/tr/3/tutorial/errors.html,4,5,
/3.14/tutorial/index.html,3,3,
/3/tutorial/index.html,3,3,
/tr/3/,3,3,
/tr/3/library/imaplib.html,3,3,
/tr/3/library/internet.html,3,3,
/tr/3/library/posix.html,3,3,
/tr/3/library/signal.html,3,3,
/tr/3/tutorial/controlflow.html,3,3,
/tr/3/tutorial/inputoutput.html,3,3,
/3/glossary.html,2,2,
/3/library/tkinter.html,2,2,
/tr/3.12/tutorial/classes.html,2,2,
/tr/3.14/py-modindex.html,2,2,
/tr/3.14/search.html,2,2,
/tr/3.14/tutorial/,2,3,
/tr/3.14/tutorial/controlflow.html,2,2,
/tr/3.14/using/windows.html,2,2,
/tr/3/library/datetime.html,2,2,
/tr/3/library/email.encoders.html,2,2,
/tr/3/library/email.message.html,2,2,
/tr/3/library/email.mime.html,2,2,
/tr/3/library/locale.html,2,2,
/tr/3/library/mailbox.html,2,2,
/tr/3/library/socket.html,2,2,
/tr/3/library/stdtypes.html,2,1,
/tr/3/library/timeit.html,2,2,
/tr/3/library/xml.html,2,2,
/zh-cn/3.15/using/windows.html,2,2,
/3.14/library/idle.html,1,1,
/3.14/library/math.html,1,1,
/3.15/,1,1,
/3.15/tutorial/datastructures.html,1,1,
/3/library/idle.html,1,1,
/3/library/lzma.html,1,1,
/3/library/tk.html,1,1,
/3/tutorial/datastructures.html,1,1,
/3/using/windows.html,1,1,
/el/3.14/,1,1,
/es/3.14/howto/sorting.html,1,1,
/fr/3.14/tutorial/index.html,1,1,
/ro/3.13/tutorial/introduction.html,1,1,
/tr/3.12/c-api/utilities.html,1,1,
/tr/3.12/glossary.html,1,1,
/tr/3.12/library/tk.html,1,1,
/tr/3.12/tutorial/index.html,1,1,
/tr/3.13/index.html,1,1,
/tr/3.13/library/idle.html,1,1,
/tr/3.13/tutorial/,1,1,
/tr/3.13/tutorial/appetite.html,1,1,
/tr/3.13/using/cmdline.html,1,1,
/tr/3.14/library/math.html,1,1,
/tr/3.14/tutorial/introduction.html,1,1,
/tr/3.14/using/ios.html,1,1,
/tr/3.14/using/mac.html,1,1,
/tr/3.14/whatsnew/index.html,1,1,
/tr/3.15/installing/index.html,1,1,
/tr/3.15/whatsnew/3.15.html,1,1,
/tr/3/c-api/intro.html,1,1,
/tr/3/download.html,1,1,
/tr/3/extending/building.html,1,1,
/tr/3/genindex-P.html,1,1,
/tr/3/howto/annotations.html,1,1,
/tr/3/howto/argparse.html,1,1,
/tr/3/howto/enum.html,1,1,
/tr/3/howto/gdb_helpers.html,1,1,
/tr/3/howto/regex.html,1,1,
/tr/3/library/abc.html,1,1,
/tr/3/library/builtins.html,1,1,
/tr/3/library/dis.html,1,1,
/tr/3/library/doctest.html,1,1,
/tr/3/library/email.examples.html,1,1,
