name,visitors
Chrome,188806
Microsoft Edge,66683
Safari,16960
Firefox,13823
Opera,7737
Yandex Browser,7299
Mobile App,2775
Smart Lenovo Browser,961
Samsung Browser,924
Quark,684
QQ Browser,672
Whale Browser,373
MIUI Browser,286
Sogou Explorer,279
vivo Browser,270
Avast Secure Browser,247
Huawei Browser Mobile,205
Huawei Browser,131
AVG Secure Browser,62
UC Browser,59
Brave,58
Hi Browser,36
(not set),31
QtWebEngine,31
Norton Private Browser,28
Phoenix Browser,25
CCleaner,23
Opera GX,23
Opera Touch,21
Chromium,17
JioSphere,16
Mobile Silk,15
UBrowser,13
AdBlock Browser,12
Iron,12
Atom,10
Ecosia,9
Sleipnir,9
Avira Secure Browser,7
Pale Moon,6
115 Browser,5
360 Secure Browser,4
Mypal,4
Oppo Browser,4
QQ Browser Lite,4
Sputnik Browser,4
Aloha Browser,3
Android Browser,3
Lenovo Browser,3
Maxthon,3
Raspbian Chromium,3
Realme Browser,3
Cheetah Browser,2
Chromium GOST,2
DuckDuckGo Privacy Browser,2
Falkon,2
Firefox Rocket,2
NetFront,2
Openwave Mobile Browser,2
REST Client for Ruby,2
SeaMonkey,2
Web Explorer,2
Basilisk,1
Craving Explorer,1
Internet Explorer,1
Kindle Browser,1
Oculus Browser,1
Opera Devices,1
Postman Desktop,1
SberBrowser,1
Seewo Browser,1
SiteKiosk,1
Steam In-Game Overlay,1
UC Browser Turbo,1
VibeMate,1
Waterfox,1
Yahoo! Japan Browser,1
