name,visitors,bounce_rate,visit_duration
chatgpt.com,105,63,98
perplexity,17,53,24
assemblyai.com,6,50,140
Securitylab.ru,3,67,359
post_page-----12cbeeee7430---------------------------------------,3,67,2
zalo,3,67,18
enki,2,100,0
google,2,50,612
hackernoon.com,2,50,846
learn-ubuntu,2,50,22
logotypus.com,2,50,38
post_page-----674206b97a7e---------------------------------------,2,100,0
post_page-----ddddbc6f4282---------------------------------------,2,100,0
4dayweek.io,1,100,0
Python,1,100,0
canva,1,0,12
certifriedit.com,1,0,1150
devkoriel,1,100,0
ghost.codersera.com,1,100,0
learnxops.com,1,100,0
nerdschalk.com,1,100,0
post_page-----15de070a9cc6---------------------------------------,1,0,115
softhints-python-linux-pandas,1,100,0
yandex,1,50,0
youragileteam.com,1,0,294
