name,version,visitors
Chrome,135.0,1101
Microsoft Edge,135.0,165
Chrome,134.0,129
Safari,18.3,50
Firefox,137.0,32
(not set),(not set),20
Mobile App,(not set),18
Chrome,131.0,18
Chrome,133.0,16
Chrome,132.0,15
Chrome,122.0,14
Safari,18.4,14
Microsoft Edge,134.0,12
Chrome,128.0,11
Safari,18.1,9
Chrome,126.0,7
Chrome,130.0,7
Safari,18.0,7
Chrome,109.0,6
Opera,117.0,6
Safari,17.6,6
Chrome,125.0,5
Safari,16.6,5
Smart Lenovo Browser,9.0,5
Chrome,116.0,4
Chrome,129.0,4
Microsoft Edge,133.0,4
Firefox,136.0,4
Microsoft Edge,136.0,4
Chrome,110.0,3
Chrome,114.0,3
Chrome,119.0,3
Chrome,121.0,3
Chrome,127.0,3
Firefox,128.0,3
Microsoft Edge,131.0,3
Safari,15.5,3
Safari,18.2,3
Quark,(not set),2
Chrome,104.0,2
Chrome,106.0,2
Microsoft Edge,109.0,2
Chrome,113.0,2
Chrome,124.0,2
Microsoft Edge,125.0,2
Firefox,130.0,2
Microsoft Edge,132.0,2
Firefox,138.0,2
Safari,17.2,2
Safari,17.4,2
Safari,17.7,2
Sogou Explorer,2,2
Samsung Browser,27.0,2
Chrome,102.0,1
Chrome,108.0,1
Microsoft Edge,112.0,1
Opera,114.0,1
Microsoft Edge,114.0,1
Mobile App,114.0,1
Chrome,115.0,1
Microsoft Edge,117.0,1
Chrome,118.0,1
Chrome,120.0,1
Microsoft Edge,122.0,1
Chrome,123.0,1
Microsoft Edge,126.0,1
Microsoft Edge,128.0,1
QQ Browser,13.0,1
QQ Browser,13.5,1
Microsoft Edge,130.0,1
Avast Secure Browser,134.0,1
Mobile App,135.0,1
Firefox,135.0,1
Safari,15.6,1
Safari,16.1,1
Safari,17.0,1
Safari,17.1,1
Safari,17.5,1
Safari,18.5,1
Yandex Browser,25.2,1
Notion,4.8,1
Firefox,5.0,1
QtWebEngine,6.8,1
Chrome,69.0,1
Firefox,81.0,1
Chrome,84.0,1
Firefox,91.0,1
Openwave Mobile Browser,93.4,1
Opera,95.0,1
Mobile App,97.0,1
