name,unique_exits,total_exits,exit_rate
/ja/latest/guides/writing-pyproject-toml/,35,35,
/ja/latest/guides/installing-using-pip-and-virtual-environments/,31,35,
/ja/latest/tutorials/installing-packages/,17,17,
/ja/latest/glossary/,3,3,
/ja/latest/overview/,3,3,
/ja/latest/discussions/setup-py-deprecated/,2,2,
/ja/latest/discussions/src-layout-vs-flat-layout/,2,2,
/ja/latest/guides/packaging-binary-extensions/,2,2,
/ja/latest/specifications/core-metadata/,2,2,
/ja/latest/tutorials/packaging-projects/,2,2,
/en/latest/glossary/,1,1,
/en/latest/guides/tool-recommendations/,1,1,
/en/latest/guides/writing-pyproject-toml/,1,1,
/en/latest/overview/,1,1,
/en/latest/specifications/inline-script-metadata/,1,1,
/ja/latest/,1,1,
/ja/latest/discussions/distribution-package-vs-import-package/,1,1,
/ja/latest/discussions/package-formats/,1,1,
/ja/latest/guides/distributing-packages-using-setuptools/,1,1,
/ja/latest/guides/index-mirrors-and-caches/,1,1,
/ja/latest/guides/multi-version-installs/,1,1,
/ja/latest/guides/packaging-namespace-packages/,1,1,
/ja/latest/guides/using-testpypi/,1,1,
/ja/latest/key_projects/,1,1,
/ja/latest/specifications/,1,1,
/ja/latest/specifications/file-yanking/,1,1,
/ja/latest/specifications/inline-script-metadata/,1,1,
/ja/latest/specifications/platform-compatibility-tags/,1,1,
/ja/latest/specifications/pyproject-toml/,1,1,
/ja/latest/specifications/source-distribution-format/,1,1,
