property,value,visitors,events,percentage
url,(none),3119,4809,99.9
url,https://www.python.org/,35,38,1.1
url,https://github.com/python/cpython/tree/3.13/Lib/idlelib/,5,5,0.2
url,https://www.tkdocs.com/,5,5,0.2
url,https://www.python.org/downloads/,4,4,0.1
url,https://github.com/python/cpython/tree/3.13/Lib/tkinter/__init__.py,3,3,0.1
url,https://github.com/python/cpython/tree/3.13/Lib/unittest/__init__.py,2,2,0.1
url,https://github.com/python/cpython/tree/3.13/Lib/urllib/,2,2,0.1
url,https://www.debian.org/doc/manuals/maint-guide/first.fr.html,2,2,0.1
url,https://www.tcl.tk/,2,2,0.1
url,https://www.tcl.tk/man/tcl8.6/TkCmd/contents.htm,2,2,0.1
url,https://datatracker.ietf.org/doc/html/rfc2396.html,1,1,0.0
url,https://devguide.python.org/documentation/translating/,1,1,0.0
url,https://fr.wikipedia.org/wiki/Codage_des_caract%C3%A8res,1,1,0.0
url,https://github.com/python/cpython/blob/main/Doc/glossary.rst,1,1,0.0
url,https://github.com/python/cpython/blob/main/Doc/library/idle.rst,1,1,0.0
url,https://github.com/python/cpython/blob/main/Doc/library/pprint.rst,1,2,0.0
url,https://github.com/python/cpython/blob/main/Doc/library/tkinter.font.rst,1,1,0.0
url,https://github.com/python/cpython/blob/main/Doc/library/unittest.rst,1,1,0.0
url,https://github.com/python/cpython/tree/3.13/Lib/enum.py,1,1,0.0
url,https://github.com/python/cpython/tree/3.13/Lib/glob.py,1,1,0.0
url,https://github.com/python/cpython/tree/3.13/Lib/idlelib,1,1,0.0
url,https://github.com/python/cpython/tree/3.13/Lib/json/__init__.py,1,1,0.0
url,https://github.com/python/cpython/tree/3.13/Lib/random.py,1,1,0.0
url,https://github.com/python/cpython/tree/3.13/Lib/tempfile.py,1,1,0.0
url,https://github.com/python/cpython/tree/3.13/Lib/turtle.py,1,1,0.0
url,https://learn.microsoft.com/windows/win32/procthread/environment-variables,1,1,0.0
url,https://packaging.python.org/en/latest/tutorials/installing-packages/#ensure-pip-setuptools-and-wheel-are-up-to-date,1,1,0.0
url,https://packaging.python.org/extensions/,1,1,0.0
url,https://packaging.python.org/installing/#requirements-for-installing-packages,1,1,0.0
url,https://packaging.python.org/science/,1,1,0.0
url,https://peps.python.org/,1,1,0.0
url,https://peps.python.org/pep-0305/,1,1,0.0
url,https://peps.python.org/pep-0397/,1,1,0.0
url,https://peps.python.org/pep-0540/,1,1,0.0
url,https://peps.python.org/pep-0634/,1,1,0.0
url,https://pypi.org/,1,1,0.0
url,https://pypi.org/project/PyWin32/,1,1,0.0
url,https://pypi.org/project/regex/,1,1,0.0
url,https://timgolden.me.uk/python/win32_how_do_i.html,1,2,0.0
url,https://tiswww.case.edu/php/chet/readline/rltop.html,1,1,0.0
url,https://tkdocs.com/book.html,1,1,0.0
url,https://wiki.python.org/moin/BeginnersGuide,1,1,0.0
url,https://wiki.python.org/moin/PythonEditors,1,1,0.0
url,https://www.python.org/downloads/macos/,1,2,0.0
url,https://www.python.org/downloads/windows/,1,1,0.0
url,https://www.tkdocs.com/shipman/,1,1,0.0
url,https://www.unicode.org/,1,1,0.0
url,https://www.unicode.org/versions/Unicode15.1.0/ch03.pdf,1,1,0.0
url,https://www.w3.org/TR/xpath,1,1,0.0
