name,visitors
Chrome,302812
Microsoft Edge,133863
Safari,25923
Firefox,21568
Opera,15611
Yandex Browser,8341
Mobile App,4106
Smart Lenovo Browser,1829
Quark,1409
Samsung Browser,1207
QQ Browser,902
Sogou Explorer,450
Whale Browser,421
MIUI Browser,332
vivo Browser,320
Avast Secure Browser,258
Huawei Browser Mobile,241
Huawei Browser,143
AVG Secure Browser,92
(not set),79
Brave,79
Chromium,68
QtWebEngine,56
UC Browser,42
Hi Browser,40
Norton Private Browser,35
CCleaner,24
Opera GX,20
Ecosia,18
Phoenix Browser,17
AdBlock Browser,11
JioSphere,11
Pale Moon,11
QQ Browser Lite,11
SberBrowser,11
Iron,10
Mobile Silk,10
Opera Touch,10
Mypal,8
115 Browser,7
UBrowser,7
360 Secure Browser,5
Aloha Browser,5
Android Browser,5
Coc Coc,4
NetFront,4
Oculus Browser,4
Raspbian Chromium,4
Atom,3
Falkon,3
Internet Explorer,3
Oppo Browser,3
SeaMonkey,3
Steam In-Game Overlay,3
Cheetah Browser,2
Kindle Browser,2
Odin,2
REST Client for Ruby,2
Reeder,2
UC Browser Turbo,2
Wexond,2
Arctic Fox,1
Chromium GOST,1
CoolBrowser,1
Maxthon,1
Meizu Browser,1
NFS Browser,1
Openwave Mobile Browser,1
Python Requests,1
Seewo Browser,1
Sleipnir,1
Vivaldi,1
Waterfox,1
Yahoo! Japan Browser,1
surf,1
