name,unique_entrances,total_entrances,visit_duration
/3/,17,17,313
/dev/using/windows.html,17,17,275
/tr/3/installing/index.html,14,14,0
/tr/3.14/,7,7,30
/tr/3/,7,8,23
/tr/3.15/using/windows.html,6,6,50
/tr/3/glossary.html,6,6,224
/tr/3.14/tutorial/index.html,4,7,6
/3/library/index.html,3,3,617
/3/tutorial/index.html,3,3,22
/tr/3.14/library/stdtypes.html,3,3,0
/3.13/using/windows.html,2,2,484
/3/library/subprocess.html,2,2,2089
/tr/3.14/library/math.html,2,3,0
/tr/3.14/search.html,2,2,1814
/tr/3/tutorial/datastructures.html,2,2,87
/tr/3/tutorial/index.html,2,2,30
/3.13/download.html,1,1,233
/3.13/index.html,1,1,221
/3.14/,1,1,73
/3.14/library/datatypes.html,1,1,182
/3.14/tutorial/index.html,1,1,220
/3.14/using/windows.html,1,1,109
/3.15/,1,1,62
/3/contents.html,1,1,30
/3/download.html,1,1,53
/3/library/datatypes.html,1,1,111
/3/library/functions.html,1,1,0
/3/library/stdtypes.html,1,1,55
/3/library/string.html,1,1,88
/3/library/turtle.html,1,1,25
/3/library/unittest.html,1,1,1549
/3/reference/,1,1,2096
/3/reference/index.html,1,1,23
/3/reference/lexical_analysis.html,1,1,596
/3/tutorial/,1,1,0
/3/tutorial/appetite.html,1,1,32
/3/tutorial/introduction.html,1,1,8865
/3/tutorial/modules.html,1,1,59
/3/tutorial/stdlib.html,1,1,1393
/3/whatsnew/3.14.html,1,1,189
/pl/3.13/library/datetime.html,1,1,132
/ro/3.14/,1,1,57
/tr/3.13/c-api/stable.html,1,1,0
/tr/3.13/installing/,1,1,0
/tr/3.13/tutorial/,1,1,0
/tr/3.14/faq/extending.html,1,1,3
/tr/3.14/library/datetime.html,1,1,0
/tr/3.14/library/functions.html,1,1,0
/tr/3.14/library/logging.handlers.html,1,1,27
/tr/3.14/py-modindex.html,1,1,47
/tr/3.14/tutorial/,1,1,0
/tr/3.14/tutorial/datastructures.html,1,1,0
/tr/3.14/tutorial/modules.html,1,1,0
/tr/3.14/using/windows.html,1,1,56
/tr/3.15/,1,1,0
/tr/3/c-api/init.html,1,1,0
/tr/3/c-api/module.html,1,1,0
/tr/3/c-api/set.html,1,1,0
/tr/3/genindex-H.html,1,1,0
/tr/3/howto/perf_profiling.html,1,1,0
/tr/3/library/argparse.html,1,1,0
/tr/3/library/calendar.html,1,1,0
/tr/3/library/codecs.html,1,1,0
/tr/3/library/contextlib.html,1,1,0
/tr/3/library/functions.html,1,1,0
/tr/3/library/hmac.html,1,1,0
/tr/3/library/importlib.html,1,1,0
/tr/3/library/json.html,1,1,0
/tr/3/library/logging.handlers.html,1,1,0
/tr/3/library/pickle.html,1,1,0
/tr/3/library/py_compile.html,1,1,0
/tr/3/library/resource.html,1,1,0
/tr/3/library/syslog.html,1,1,0
/tr/3/library/unicodedata.html,1,1,0
/tr/3/tutorial/appetite.html,1,1,90
/tr/3/tutorial/classes.html,1,1,0
/tr/3/tutorial/errors.html,1,1,0
/tr/3/tutorial/interpreter.html,1,1,0
/tr/3/tutorial/introduction.html,1,1,0
/tr/3/tutorial/modules.html,1,1,0
/tr/3/tutorial/venv.html,1,1,0
/tr/3/whatsnew/3.0.html,1,1,0
