name,version,visitors
Chrome,136.0,484
Chrome,135.0,169
Microsoft Edge,136.0,110
Safari,18.4,69
Firefox,138.0,35
Mobile App,(not set),15
Microsoft Edge,135.0,12
Safari,18.3,10
Chrome,128.0,9
Chrome,133.0,8
Samsung Browser,28.0,8
Chrome,109.0,6
Safari,18.2,6
Chrome,122.0,5
Chrome,132.0,5
Chrome,134.0,5
Safari,17.5,5
Safari,17.6,5
Firefox,137.0,4
Safari,18.0,4
Opera,118.0,3
Microsoft Edge,133.0,3
Microsoft Edge,134.0,3
Safari,18.1,3
Safari,18.5,3
Samsung Browser,27.0,3
Chrome,108.0,2
Chrome,121.0,2
Chrome,127.0,2
QQ Browser,13.7,2
Safari,17.2,2
Smart Lenovo Browser,9.0,2
Quark,(not set),1
Chrome,100.0,1
Chrome,101.0,1
Microsoft Edge,109.0,1
Mobile App,109.0,1
QQ Browser,11.7,1
Chrome,113.0,1
Chrome,114.0,1
Chrome,120.0,1
Microsoft Edge,122.0,1
Chrome,123.0,1
Chrome,125.0,1
Chrome,126.0,1
Microsoft Edge,127.0,1
Safari,13.1,1
Chrome,131.0,1
Firefox,133.0,1
Firefox,134.0,1
Mobile App,136.0,1
Firefox,139.0,1
Safari,14.1,1
Safari,15.6,1
Safari,16.1,1
Safari,16.4,1
Safari,16.5,1
Safari,16.6,1
Safari,17.3,1
Safari,17.4,1
Safari,17.8,1
Opera,88.0,1
Chrome,90.0,1
Chrome,91.0,1
