name,visitors
Tokyo,551
Singapore,330
Osaka,127
Beijing,124
Taipei,108
Paris,105
Kyiv,103
Shanghai,99
Bengaluru,95
Guangzhou,73
Hong Kong,68
Mumbai,61
Warsaw,59
Ho Chi Minh City,59
Los Angeles,58
Moscow,50
Hyderabad,49
Shenzhen,48
Frankfurt am Main,48
Chennai,47
Madrid,47
Lviv,46
N/A,46
Irvine,45
Taichung,42
Chengdu,42
Lima,42
Munich,41
Nagoya,40
New York City,38
Hangzhou,37
Bogotá,37
Seattle,37
Wuhan,34
Rome,33
New Delhi,32
Santiago,32
Pune,31
Xi’an,31
Qingdao,31
São Paulo,31
Melbourne,30
Zhengzhou,29
London,29
Istanbul,28
Yokohama,28
Amsterdam,28
Vienna,28
Berlin,27
San Jose,27
Nairobi,26
Fuzhou,25
Mexico City,25
Lagos,24
Milan,24
Ashburn,24
Hanoi,23
Kyoto,23
Manchester,23
Tashkent,22
Seoul,22
Sydney,22
Minsk,21
Kolkata,21
Taoyuan,21
Kaohsiung,20
Kraków,20
Medellín,20
Chicago,20
Montréal,20
Changsha,19
Sapporo,19
Zürich,19
Prague,19
Dnipro,18
Tainan,18
Nanjing,18
Toronto,18
N/A,18
Helsinki,17
Odessa,17
Jaipur,17
Jakarta,17
Barcelona,17
Tianjin,16
Jinan,16
Chongqing,16
N/A,16
Suwon,16
Rio de Janeiro,16
Hsinchu,15
N/A,15
Kobe,15
Brussels,15
Lyon,15
Atlanta,15
Brooklyn,15
Sofia,14
Kuala Lumpur,14
Köln,14
Marseille,14
Houston,14
N/A,14
N/A,14
Saint Petersburg,13
Johannesburg,13
Dhaka,13
Novosibirsk,13
Hualien City,13
Auckland,13
Accra,13
Port Harcourt,13
Stockholm,13
Guadalajara,13
Worcester,13
Addis Ababa,12
Bucharest,12
Bangkok,12
Suzhou,12
Quito,12
Miami,12
Queens,12
Québec,12
Athens,11
Tel Aviv,11
Kharkiv,11
Belgrade,11
Coimbatore,11
Yekaterinburg,11
Chelyabinsk,11
Almaty,11
Bandung,11
N/A,11
Kawasaki,11
Kawaguchi,11
Yaoundé,11
Casablanca,11
Heidelberg,11
Hamburg,11
Dublin,11
Budapest,11
Poznań,11
Reston,11
Tehran,10
Krasnodar,10
Karachi,10
Ghāziābād,10
Delhi,10
Perth,10
N/A,10
Narita,10
Brisbane,10
Dakar,10
Copenhagen,10
Toulouse,10
Chodzież,10
Fortaleza,10
N/A,10
Santo Domingo,10
Zapopan,10
Columbus,10
San Diego,10
N/A,10
N/A,10
Sanaa,9
Cairo,9
Białystok,9
Lucknow,9
Hirakata,9
Abidjan,9
Birmingham,9
Haarlem,9
Carquefou,9
Oslo,9
Belo Horizonte,9
Ciudad Nezahualcoyotl,9
Caracas,9
Cali,9
Washington,9
N/A,9
Zaporizhzhya,8
Kryvyy Rih,8
Lublin,8
Islamabad,8
Visakhapatnam,8
Thiruvananthapuram,8
Gurgaon,8
Zhubei,8
Wuxi,8
Nanning,8
Guiyang,8
Dongguan,8
Changzhou,8
Hamamatsu,8
Sendai,8
Lisbon,8
Valencia,8
Düsseldorf,8
Grenoble,8
Wrocław,8
Ljubljana,8
Recife,8
Buenos Aires,8
Curitiba,8
Brasília,8
San José,8
Minneapolis,8
Denver,8
Salt Lake City,8
N/A,8
Sejong,8
Baghdad,7
Dubai,7
Riga,7
Ufa,7
Vinnytsya,7
Ternopil,7
Lahore,7
Bukhara,7
Ahmedabad,7
Kathmandu,7
Kunshan,7
Hefei,7
Dalian,7
Phnom Penh,7
N/A,7
Suita,7
Machida,7
Hiroshima,7
Seongnam-si,7
Luanda,7
Marrakesh,7
Leeds,7
Gent,7
Stuttgart,7
Leipzig,7
Nantes,7
Gdańsk,7
Barranquilla,7
Orlando,7
Dallas,7
Tucson,7
Santa Clara,7
Sunnyvale,7
Calgary,7
N/A,7
N/A,7
Riyadh,6
Jerusalem,6
Ankara,6
Khmelnytskyy,6
Chernivtsi,6
Wieliczka,6
Karnāl,6
Bhubaneshwar,6
Nur-Sultan,6
Semarang,6
Chang-hua,6
Kunming,6
Baoding,6
N/A,6
N/A,6
Incheon,6
Toyohashi,6
Koshigaya,6
N/A,6
Shenyang,6
Douala,6
Málaga,6
Rabat,6
Glasgow,6
Linz,6
Maisons-Alfort,6
Łódź,6
Gdynia,6
N/A,6
Paulista,6
Campina Grande,6
Ribeirão Preto,6
N/A,6
La Paz,6
Santiago de Querétaro,6
Birmingham,6
Gainesville,6
Cumming,6
Indianapolis,6
San Antonio,6
Boston,6
The Dalles,6
Ottawa,6
Odintsovo,5
Cheboksary,5
Zhytomyr,5
Sumy,5
Chernihiv,5
Niepołomice,5
Harare,5
Lusaka,5
Pretoria,5
Antananarivo,5
