name,unique_entrances,total_entrances,visit_duration
/3.13/tutorial/index.html,3845,3962,78
/3.13/using/windows.html,2923,3003,56
/3/,1256,1268,389
/3.13/index.html,758,790,79
/3.13/,736,767,165
/3.13/whatsnew/3.13.html,642,661,59
/3.13/tutorial/,622,635,104
/zh-cn/3.13/tutorial/index.html,297,314,296
/3.13/tutorial/appetite.html,243,253,163
/es/3.13/tutorial/index.html,233,244,102
/zh-cn/3.13/,225,231,281
/3.13/tutorial/interpreter.html,217,231,191
/es/3.13/library/tkinter.html,214,218,129
/ja/3.13/library/functions.html,176,183,101
/3.13/search.html,152,163,295
/3/tutorial/index.html,146,146,631
/3.13/library/functions.html,143,149,51
/3.13/tutorial/controlflow.html,140,161,144
/3.13/tutorial/introduction.html,140,151,248
/ja/3.13/tutorial/,140,146,200
/ja/3.13/library/datetime.html,136,139,119
/es/3.13/tutorial/venv.html,132,137,47
/ja/3.13/library/re.html,132,135,123
/ja/3.13/library/subprocess.html,132,139,157
/pt-br/3.13/tutorial/index.html,131,139,188
/ja/3.13/library/index.html,124,131,174
/3.13/library/index.html,122,130,311
/3.13/library/stdtypes.html,114,122,73
/ja/3.13/library/stdtypes.html,107,108,102
/pt-br/3.13/library/venv.html,106,106,22
/ja/3.13/library/random.html,102,103,41
/zh-cn/3.13/using/index.html,101,101,76
/es/3.13/tutorial/datastructures.html,98,102,131
/es/3.13/library/index.html,96,99,137
/zh-cn/3.13/library/venv.html,94,96,17
/zh-cn/3.13/library/index.html,93,100,270
/uk/3.13/extending/extending.html,92,92,6
/3/library/tkinter.html,91,91,507
/zh-cn/3.13/tutorial/controlflow.html,91,95,310
/ko/3.13/tutorial/index.html,89,92,209
/ja/3.13/library/pathlib.html,88,88,131
/zh-tw/3.13/library/venv.html,84,84,178
/3/library/functions.html,82,82,508
/es/3.13/library/functions.html,79,88,170
/es/3.13/tutorial/classes.html,78,78,46
/ja/3.13/library/csv.html,78,83,152
/zh-cn/3.13/tutorial/interpreter.html,78,81,196
/pt-br/3.13/library/tkinter.html,75,76,188
/3.13/library/,74,74,79
/3/library/index.html,74,74,518
/uk/3.13/library/turtle.html,71,72,73
/ja/3.13/library/json.html,70,73,59
/ja/3.13/library/logging.html,70,77,189
/3/tutorial/,69,70,320
/ja/3.13/library/os.path.html,69,71,23
/uk/3.13/library/tkinter.html,69,71,45
/fr/3.13/tutorial/classes.html,68,69,96
/es/3.13/library/tk.html,67,67,164
/ja/3.13/library/typing.html,67,71,130
/zh-cn/3.13/library/functions.html,67,68,339
/zh-cn/3.13/tutorial/introduction.html,67,69,399
/pt-br/3.13/library/math.html,65,66,92
/es/3.13/installing/index.html,64,67,9
/fr/3.13/tutorial/index.html,64,69,79
/pt-br/3.13/tutorial/datastructures.html,64,67,86
/zh-cn/3.13/search.html,64,69,270
/zh-cn/3.13/tutorial/datastructures.html,63,65,256
/es/3.13/library/idle.html,62,62,43
/fr/3.13/library/tkinter.html,62,63,123
/ko/3.13/library/idle.html,62,63,88
/es/3.13/tutorial/introduction.html,61,67,22
/3/search.html,60,60,341
/es/3.13/,60,62,138
/es/3.13/tutorial/errors.html,60,60,54
/ja/3.13/library/multiprocessing.html,60,63,202
/ja/3.13/library/math.html,59,59,74
/3/library/venv.html,58,58,449
/uk/3.13/library/idle.html,58,58,38
/3.13/library/idle.html,57,59,69
/fr/3.13/library/datetime.html,56,58,55
/3.13/library/typing.html,55,56,220
/3/library/idle.html,55,55,270
/es/3.13/library/stdtypes.html,55,57,176
/ja/3.13/library/venv.html,53,53,73
/ja/3.13/tutorial/classes.html,53,55,153
/zh-cn/3.13/index.html,53,53,252
/3/library/stdtypes.html,52,52,973
/es/3.13/tutorial/interpreter.html,52,54,49
/ja/3.13/library/time.html,52,53,78
/ja/3.13/tutorial/errors.html,52,52,18
/ja/3.13/tutorial/inputoutput.html,52,52,254
/pt-br/3.13/library/random.html,51,53,28
/ja/3.13/library/tkinter.html,50,51,129
/uk/3.13/tutorial/index.html,49,50,84
/zh-cn/3.13/library/stdtypes.html,49,52,286
/ja/3.13/library/exceptions.html,48,48,81
/3.13/library/exceptions.html,47,47,63
/ja/3.13/library/os.html,47,48,155
/zh-cn/3.13/installing/index.html,47,48,136
/zh-tw/3.13/tutorial/index.html,47,48,172
/zh-cn/3.13/tutorial/classes.html,46,48,89
/es/3.13/library/datetime.html,44,44,6
/ja/3.13/library/enum.html,44,45,195
/ja/3.13/library/threading.html,44,44,261
/3.13/reference/datamodel.html,43,44,148
/es/3.13/library/re.html,43,43,3
/es/3.13/search.html,43,44,133
/fr/3.13/library/turtle.html,43,43,132
/ja/3.13/installing/index.html,43,44,46
/ja/3.13/library/argparse.html,43,44,20
/ja/3.13/search.html,43,46,279
/ko/3.13/installing/index.html,43,43,7
/3.13/library/random.html,42,43,65
/fr/3.13/tutorial/datastructures.html,42,43,95
/ja/3.13/howto/sorting.html,42,42,143
/ja/3.13/library/itertools.html,42,45,37
/ja/3.13/tutorial/modules.html,42,46,133
/pt-br/3.13/library/index.html,42,43,251
/zh-tw/3.13/library/random.html,42,42,63
/pt-br/3.13/tutorial/classes.html,41,41,223
/3.13/library/datetime.html,40,41,42
/ja/3.13/tutorial/controlflow.html,40,51,239
/ja/3.13/using/windows.html,40,41,93
/zh-cn/3.13/tutorial/errors.html,40,40,498
/3.13/using/mac.html,39,41,97
/ko/3.13/library/index.html,39,40,139
/3.13/tutorial/datastructures.html,38,39,321
/ja/3.13/library/concurrent.futures.html,38,40,168
/ja/3.13/library/sqlite3.html,38,39,51
/ja/3.13/library/tempfile.html,38,39,97
/pt-br/3.13/library/string.html,38,39,150
/zh-cn/3.13/tutorial/appetite.html,38,40,153
/3.13/glossary.html,37,39,335
/ja/3.13/library/decimal.html,37,37,7
/zh-cn/3.13/library/re.html,37,42,33
/zh-cn/3.13/whatsnew/3.13.html,37,37,236
/3.13/library/os.html,36,36,54
/3.13/tutorial/modules.html,36,38,232
/fr/3.13/tutorial/errors.html,36,36,47
/ja/3.13/library/string.html,36,36,151
/ja/3.13/whatsnew/index.html,36,37,74
/zh-cn/3.13/glossary.html,36,37,277
/3.13/library/tkinter.html,35,39,166
/3/tutorial/datastructures.html,35,35,310
/3/whatsnew/3.13.html,35,35,917
/zh-cn/3.13/tutorial/,35,36,248
/3.13/installing/index.html,34,34,201
/es/3.13/library/random.html,34,34,27
/fr/3.13/library/functions.html,34,35,117
/fr/3.13/library/random.html,34,35,99
/3.13/using/index.html,33,33,195
/fr/3.13/howto/sorting.html,33,34,16
/fr/3.13/library/stdtypes.html,33,33,22
/fr/3.13/reference/import.html,33,34,87
/ja/3.13/library/io.html,33,34,243
/ja/3.13/library/shutil.html,33,34,93
/zh-tw/3.13/tutorial/datastructures.html,33,33,29
/es/3.13/library/venv.html,32,33,61
/es/3.13/tutorial/inputoutput.html,32,34,91
/ja/3.13/tutorial/index.html,32,35,220
/pt-br/3.13/,32,35,223
/zh-cn/3.13/reference/index.html,32,32,526
/zh-cn/3.13/tutorial/inputoutput.html,32,33,194
/3/index.html,31,31,457
/3/tutorial/classes.html,31,32,596
/es/3.13/howto/regex.html,31,38,106
/zh-tw/3.13/howto/sorting.html,31,31,97
/3.13/reference/index.html,30,30,350
/es/3.13/library/string.html,30,31,101
/ja/3.13/library/configparser.html,30,33,55
/ja/3.13/library/dataclasses.html,30,31,19
/ja/3.13/library/glob.html,30,30,13
/ja/3.13/library/struct.html,30,31,109
/ja/3.13/reference/index.html,30,31,144
/pt-br/3.13/library/functions.html,30,32,299
/3.13/library/re.html,29,31,46
/3/library/datetime.html,29,31,295
/ja/3.13/library/__main__.html,29,29,79
/ja/3.13/library/asyncio-task.html,29,33,149
/ja/3.13/library/urllib.parse.html,29,30,17
/pt-br/3.13/tutorial/interpreter.html,29,32,49
/zh-tw/3.13/library/json.html,29,30,25
/3.13/tutorial/inputoutput.html,28,32,156
/es/3.13/howto/logging.html,28,28,119
/ja/3.13/library/unittest.html,28,28,145
/ja/3.13/tutorial/interpreter.html,28,28,220
/ja/3/,28,28,772
/zh-cn/3.13/library/argparse.html,28,29,126
/zh-cn/3.13/library/asyncio-task.html,28,29,57
/zh-cn/3.13/library/dataclasses.html,28,28,76
/zh-cn/3.13/library/typing.html,28,30,351
/zh-cn/3.13/using/mac.html,28,28,69
/zh-cn/3/,28,28,545
/3/library/re.html,27,27,884
/3/library/subprocess.html,27,27,683
/3/library/typing.html,27,27,800
/es/3.13/tutorial/appetite.html,27,27,128
/es/3.13/tutorial/controlflow.html,27,27,44
/fr/3.13/tutorial/modules.html,27,28,161
/ja/3.13/library/zipfile.html,27,29,178
/pt-br/3.13/faq/windows.html,27,29,0
/uk/3.13/library/venv.html,27,27,14
/zh-cn/3.13/contents.html,27,27,166
/3/library/csv.html,26,26,729
/3/library/random.html,26,26,380
/3/library/turtle.html,26,26,1020
/ja/3.13/library/collections.html,26,26,143
/ja/3.13/library/ctypes.html,26,26,175
/ja/3.13/library/pickle.html,26,27,10
/ko/3.13/tutorial/interpreter.html,26,28,135
/pt-br/3.13/tutorial/introduction.html,26,29,256
/zh-cn/3.13/tutorial/modules.html,26,27,901
/zh-tw/3.13/tutorial/classes.html,26,27,239
/3.13/contents.html,25,25,189
/3/using/windows.html,25,25,899
/fr/3.13/search.html,25,25,330
/ja/3.13/library/unittest.mock.html,25,26,123
/ko/3.13/library/functions.html,25,27,33
/ko/3.13/library/turtle.html,25,25,128
/ko/3.13/tutorial/errors.html,25,26,156
/ko/3.13/tutorial/introduction.html,25,25,177
/pt-br/3.13/library/os.html,25,25,141
/zh-cn/3.13/library/asyncio.html,25,25,101
/zh-tw/3.13/tutorial/errors.html,25,25,21
/3/library/logging.html,24,24,374
/fr/3.13/library/idle.html,24,25,27
/ja/3.13/library/abc.html,24,24,37
/ja/3.13/tutorial/introduction.html,24,27,243
/zh-cn/3.13/library/subprocess.html,24,24,5
/3.13/library/turtle.html,23,23,12
/3.13/tutorial/classes.html,23,24,54
/3/tutorial/modules.html,23,23,739
/es/3.13/glossary.html,23,24,91
/es/3.13/library/csv.html,23,23,0
/fr/3.13/library/os.html,23,25,110
/fr/3.13/tutorial/introduction.html,23,23,88
/ja/3.13/library/asyncio.html,23,23,295
/ja/3.13/library/logging.handlers.html,23,23,272
/ja/3.13/reference/datamodel.html,23,26,40
/uk/3.13/library/datetime.html,23,23,82
/uk/3.13/library/re.html,23,23,14
/zh-cn/3.13/whatsnew/index.html,23,23,77
/zh-tw/3.13/installing/index.html,23,25,17
/3/library/math.html,22,22,384
/3/reference/index.html,22,23,647
/3/tutorial/errors.html,22,22,538
/ja/3.13/,22,24,291
/ja/3.13/library/functools.html,22,22,53
/zh-cn/3.13/reference/datamodel.html,22,24,458
/zh-tw/3.13/tutorial/inputoutput.html,22,22,0
/zh-tw/3.13/using/mac.html,22,22,19
/3.13/using/cmdline.html,21,21,142
/3/installing/index.html,21,21,718
/3/tutorial/venv.html,21,22,172
/es/3.13/tutorial/modules.html,21,22,92
/fr/3.13/faq/windows.html,21,21,27
/zh-cn/3.13/library/pdb.html,21,23,54
/zh-cn/3.13/library/tkinter.html,21,23,308
/3/library/asyncio.html,20,21,1002
/3/library/os.html,20,20,495
/3/license.html,20,20,490
/3/reference/datamodel.html,20,20,634
/3/tutorial/controlflow.html,20,20,565
/es/3.13/library/pathlib.html,20,20,226
/es/3.13/reference/index.html,20,21,412
/fr/3.13/library/subprocess.html,20,20,66
/fr/3.13/tutorial/controlflow.html,20,20,146
/ja/3.13/library/operator.html,20,20,41
/pt-br/3.13/tutorial/errors.html,20,21,88
/pt-br/3.13/tutorial/inputoutput.html,20,20,23
/zh-cn/3.13/library/struct.html,20,21,50
/zh-cn/3.13/using/windows.html,20,20,32
/zh-tw/3.13/faq/windows.html,20,21,75
/zh-tw/3.13/library/os.path.html,20,20,11
/3.13/download.html,19,20,22
/3.15/,19,19,1608
/3/download.html,19,20,522
/3/library/argparse.html,19,19,586
/3/library/itertools.html,19,19,390
/3/library/pathlib.html,19,19,454
/3/tutorial/appetite.html,19,19,629
/3/tutorial/interpreter.html,19,19,353
/es/3.13/reference/import.html,19,19,181
/es/3/tutorial/,19,19,510
/fr/3.13/library/time.html,19,19,24
/ja/3.13/glossary.html,19,20,338
/ja/3.13/index.html,19,20,450
/ja/3.13/library/base64.html,19,19,507
/pt-br/3.13/search.html,19,19,9
/uk/3.13/installing/index.html,19,19,24
/zh-cn/3.13/library/csv.html,19,19,120
/zh-cn/3.13/using/android.html,19,19,65
/3.13/library/pathlib.html,18,19,187
/3/library/json.html,18,18,466
/3/library/unittest.html,18,18,316
/ja/3.13/howto/logging.html,18,18,287
/ja/3.13/library/socket.html,18,18,38
/ja/3.13/library/warnings.html,18,18,282
/ja/3.13/reference/expressions.html,18,18,111
/pt-br/3.13/tutorial/appetite.html,18,18,193
