name,version,visitors
Windows,10,9969
Mac,10.15,2739
GNU/Linux,(not set),959
Android,10,708
Ubuntu,(not set),261
iOS,18.6,251
Chrome OS,14541.0,53
Android,15,43
Android,14,30
Windows,7,28
iOS,18.5,25
Android,13,24
iOS,26.0,18
iOS,18.7,16
Android,12,14
Android,11,11
iOS,18.4,6
iOS,15.8,5
Mac,10.13,4
iOS,17.4,4
iOS,18.0,4
Fire OS,7,4
Android,8.1,4
(not set),(not set),3
HarmonyOS,(not set),3
Mac,10.11,3
iOS,16.7,3
Windows,8.1,3
Mac,10.12,2
Mac,10.9,2
iOS,16.3,2
iOS,17.1,2
iOS,17.6,2
iOS,17.7,2
Android,6.0,2
Android,9,2
Raspberry Pi OS,(not set),1
Windows,(not set),1
Mac,10.10,1
iOS,10.3,1
iOS,12.2,1
iOS,15.5,1
Mac,15.6,1
Android,16,1
iOS,16.6,1
iPadOS,16.7,1
iOS,18.1,1
iOS,18.2,1
iOS,18.3,1
iOS,19.0,1
HarmonyOS,3.0,1
PlayStation,4.13,1
Android,4.4,1
Android,7.0,1
Windows,8,1
Android,8.0,1
Windows,XP,1
