name,version,visitors
Chrome,140.0,1243
Microsoft Edge,140.0,408
Firefox,142.0,227
Chrome,139.0,208
Firefox,143.0,205
Firefox,128.0,117
Safari,18.6,102
Chrome,138.0,77
Firefox,140.0,74
Chrome,126.0,45
Safari,26.0,45
Opera,120.0,33
Chrome,137.0,33
Opera,121.0,26
Firefox,115.0,21
Safari,18.5,21
Microsoft Edge,138.0,18
Firefox,139.0,18
Chrome,109.0,16
Chrome,132.0,16
Microsoft Edge,139.0,16
Firefox,136.0,15
Chrome,135.0,14
Chrome,134.0,13
Safari,17.6,13
Safari,16.6,10
Samsung Browser,28.0,10
Firefox,141.0,9
Opera,122.0,8
Firefox,130.0,8
Safari,15.6,8
Safari,18.3,8
Safari,18.7,8
Chrome,131.0,7
Chrome,133.0,7
Safari,17.4,7
Firefox,133.0,6
Avast Secure Browser,139.0,6
Chrome,116.0,5
Chrome,127.0,5
Firefox,127.0,5
Chrome,130.0,5
Firefox,137.0,5
Mobile App,(not set),4
Chrome,122.0,4
Ecosia,129.0,4
Microsoft Edge,141.0,4
Firefox,144.0,4
Safari,17.0,4
Opera,91.0,4
Safari,(not set),3
Firefox,103.0,3
Chrome,114.0,3
Chrome,117.0,3
Chrome,128.0,3
Microsoft Edge,135.0,3
Firefox,135.0,3
Chrome,136.0,3
Microsoft Edge,137.0,3
CCleaner,139.0,3
Mobile App,140.0,3
Safari,17.2,3
Safari,18.1,3
Microsoft Edge,109.0,2
Firefox,113.0,2
Chrome,120.0,2
Chrome,124.0,2
Microsoft Edge,125.0,2
Firefox,126.0,2
Firefox,128.9,2
Firefox,131.0,2
Firefox,134.0,2
Mobile App,138.0,2
Chrome,141.0,2
Firefox,142.1,2
Safari,16.0,2
Safari,16.1,2
Safari,16.3,2
Safari,16.4,2
Safari,17.5,2
Safari,18.0,2
Chrome,80.0,2
(not set),(not set),1
Brave,(not set),1
Lilo,1.2,1
Microsoft Edge,100.0,1
Firefox,101.0,1
Microsoft Edge,105.0,1
Chrome,106.0,1
Microsoft Edge,107.0,1
Chrome,110.0,1
Microsoft Edge,114.0,1
Opera,117.0,1
Firefox,118.0,1
Mobile App,118.0,1
Opera,119.0,1
Microsoft Edge,121.0,1
Firefox,122.0,1
Chrome,125.0,1
Microsoft Edge,126.0,1
Microsoft Edge,131.0,1
Microsoft Edge,133.0,1
Microsoft Edge,136.0,1
Avast Secure Browser,137.0,1
AVG Secure Browser,139.0,1
Norton Private Browser,139.0,1
MIUI Browser,14.22,1
Safari,17.3,1
Phoenix Browser,17.5,1
Safari,17.7,1
Safari,18.4,1
Safari,26.2,1
Safe Exam Browser,3.8,1
Safe Exam Browser,3.9,1
Notion,4.20,1
Mobile App,45.0,1
Opera,49.0,1
Waterfox,56.6,1
Firefox,72.0,1
Chrome,73.0,1
Firefox,88.0,1
Chrome,88.0,1
Opera,88.0,1
Microsoft Edge,92.0,1
