name,visitors,bounce_rate,visit_duration
Direct / None,966,69,3645
google.com,935,79,121
m.baidu.com,191,87,21
note.nkmk.me,46,93,56
qiita.com,45,78,147
bing.com,41,68,371
search.yahoo.co.jp,36,70,180
python.org,18,0,493
baidu.com/link,12,91,1
chatgpt.com,7,100,52
google.co.jp,7,43,26
python.jp,7,56,65
baidu.com,6,83,106
duckduckgo.com,6,80,6
utokyo-ipp.github.io,6,83,25
copilot.microsoft.com,5,0,311
gemini.google.com,5,60,191
chokkan.github.io,4,50,8
teratail.com,4,75,213
atcoder.jp,3,100,0
paiza.jp/works/python3/primer/beginner-python1/4000,3,67,399
python.ambitious-engineer.com,3,100,0
so.m.sm.cn,3,100,0
claude.ai,2,100,0
honda-qct2.aidemy.jp,2,0,153
hypothes.is,2,33,702
kikagaku.co.jp,2,50,124
lms.yandex.ru,2,0,150
m.baidu.com/from=2001c/bd_page_type=1/ssid=cf20bd82/uid=0/pu=sz%401320_1003%2Cta%40iphone_2_12.0_1_18.2%2Cusm%402/baiduid=B21F398D5B5717AF4AB8D68C30D86BD0/w=0_10_/t=iphone/l=1/tc,2,50,2
paiza.jp/works/python/trial/python-trial-1/62000,2,100,0
premium.aidemy.jp,2,100,0
youtube.com,2,100,0
algo-method.com,1,100,0
algo01.mi.u-tokyo.ac.jp,1,100,0
android-app://com.google.android.googlequicksearchbox,1,100,0
classroom.google.com,1,100,0
cn.bing.com,1,0,876
codecademy.cn,1,0,1390
curict.com,1,100,0
dev.classmethod.jp,1,100,0
docs.pyq.jp,1,100,0
ecosia.org,1,100,0
free.aidemy.jp,1,100,0
github.com,1,100,0
github.com/sfermigier/awesome-functional-python,1,0,5
hatenablog-parts.com,1,100,0
kids.yahoo.co.jp,1,100,0
learnhub.atoz.amazon.work,1,0,33
linuxtut.com,1,100,0
m.baidu.com/from=1001192y/bd_page_type=1/ssid=0/uid=0/pu=sz%401320_1001%2Cta%40iphone_2_12.0_28_16.0%2Cusm%403/baiduid=2AE2B4D829916A7F8C1D6A55CD6894DB/w=0_10_/t=iphone/l=1/tc,1,0,0
m.baidu.com/from=1001192y/bd_page_type=1/ssid=0/uid=0/pu=usm%401%2Csz%401320_1001%2Cta%40iphone_2_10.0_28_16.0/baiduid=2C31496C169886E873FCFD4384CADFC7/w=0_10_/t=iphone/l=1/tc,1,100,0
m.baidu.com/from=1001192y/bd_page_type=1/ssid=0/uid=0/pu=usm%401%2Csz%401320_1001%2Cta%40iphone_2_10.0_28_16.0/baiduid=50F312DACDB74C57E8886B0B05E7B85A/w=0_10_/t=iphone/l=1/tc,1,100,0
m.baidu.com/from=1001192y/bd_page_type=1/ssid=0/uid=0/pu=usm%401%2Csz%401320_1001%2Cta%40iphone_2_10.0_28_16.0/baiduid=55990851DA200F7CAACEB5F95355C0D0/w=0_10_/t=iphone/l=1/tc,1,100,0
m.baidu.com/from=1001192y/bd_page_type=1/ssid=0/uid=0/pu=usm%401%2Csz%401320_1001%2Cta%40iphone_2_12.0_28_16.0/baiduid=6BB2CE5EC79662B2371F1EF32F60CFF8/w=0_10_/t=iphone/l=1/tc,1,100,0
m.baidu.com/from=1001192y/bd_page_type=1/ssid=0/uid=0/pu=usm%401%2Csz%401320_220%2Cta%40iphone___24_114.0/baiduid=375466920CFF563CAEE3A57E8BF8BC6F/w=0_10_/t=iphone/l=1/tc,1,0,4
m.baidu.com/from=1001192y/bd_page_type=1/ssid=0/uid=0/pu=usm%401%2Csz%401320_220%2Cta%40iphone___24_114.0/baiduid=C2F738976BE7502280562029A98FFE8D/w=0_10_/t=iphone/l=1/tc,1,0,42
m.baidu.com/from=1001192y/bd_page_type=1/ssid=0/uid=0/pu=usm%402%2Csz%401320_1001%2Cta%40iphone_2_10.0_28_16.0/baiduid=A6508D1AF84B3B52EC32CF594C76A57B/w=0_10_/t=iphone/l=1/tc,1,100,0
m.baidu.com/from=1001703a/bd_page_type=1/ssid=0/uid=0/pu=usm%400%2Csz%401320_1001%2Cta%40iphone_2_10.0_18_40.7/baiduid=C2900BAAFB862A9E24077196F7FE05BC/w=0_10_/t=iphone/l=1/tc,1,100,0
m.baidu.com/from=1001703a/bd_page_type=1/ssid=0/uid=0/pu=usm%401%2Csz%401320_1001%2Cta%40iphone_2_11.0_18_40.10/baiduid=E22090E30D9A9AB02EF800E5B947BCAB/w=10_10_/t=iphone/l=1/tc,1,100,0
m.baidu.com/from=1001703a/bd_page_type=1/ssid=0/uid=0/pu=usm%401%2Csz%401320_1001%2Cta%40iphone_2_12.0_18_40.10/baiduid=49B4D0E1ABA3AE0A1BE89AF76754DFF9/w=0_10_/t=iphone/l=1/tc,1,100,0
m.baidu.com/from=1001703a/bd_page_type=1/ssid=0/uid=0/pu=usm%401%2Csz%401320_1001%2Cta%40iphone_2_12.0_18_40.10/baiduid=DF09FBE2266A79EB1B7DA247E5165A72/w=0_10_/t=iphone/l=1/tc,1,100,0
m.baidu.com/from=1001703a/bd_page_type=1/ssid=0/uid=0/pu=usm%401%2Csz%401320_1001%2Cta%40iphone_2_14.0_18_40.10/baiduid=51E71B0743B02F03AE9F50BE43B2C179/w=0_10_/t=iphone/l=1/tc,1,100,0
m.baidu.com/from=1001703a/bd_page_type=1/ssid=0/uid=0/pu=usm%403%2Csz%401320_1001%2Cta%40ins_2_11.0_18_40.10/baiduid=11998079F9E77918F116A99E1CC58ABC/w=0_10_/t=zbios/l=1/tc,1,100,0
m.baidu.com/from=1001703a/bd_page_type=1/ssid=0/uid=0/pu=usm%403%2Csz%401320_1001%2Cta%40iphone_2_13.0_18_40.10/baiduid=8BB9A0C7303F7B93764193C33B5CE366/w=0_10_/t=iphone/l=1/tc,1,100,0
m.baidu.com/from=1001703a/bd_page_type=1/ssid=0/uid=0/pu=usm%403%2Csz%401320_1001%2Cta%40iphone_2_15.0_18_40.10/baiduid=170203A5E25776AAD66989998AE8627B/w=0_10_/t=iphone/l=1/tc,1,100,0
m.baidu.com/from=1001703a/bd_page_type=1/ssid=0/uid=0/pu=usm%403%2Csz%401320_1001%2Cta%40iphone_2_15.0_18_40.10/baiduid=7CE753B8C49B38797AA21C86741EFFE8/w=0_10_/t=iphone/l=1/tc,1,100,0
m.baidu.com/from=1012852q/bd_page_type=1/ssid=0/uid=0/pu=usm%400%2Csz%401320_1004%2Cta%40iphone_2_10.0_11_12.2/baiduid=622036BECC8A0E5B078CA9961A5D6829/w=0_10_/t=iphone/l=1/tc,1,100,0
m.baidu.com/from=1012852q/bd_page_type=1/ssid=0/uid=0/pu=usm%401%2Csz%401320_1004%2Cta%40iphone_2_14.0_11_19.3/baiduid=1D3E1997DA52858B169626BC8A9224F5/w=0_10_/t=iphone/l=1/tc,1,100,0
m.baidu.com/from=1012852q/bd_page_type=1/ssid=0/uid=0/pu=usm%403%2Csz%401320_1004%2Cta%40iphone_2_14.0_11_18.2/baiduid=5F18ED28FA0A39E77255BD2FF2CFFBCD/w=0_10_/t=iphone/l=1/tc,1,100,0
m.baidu.com/from=1012852z/bd_page_type=1/ssid=0/uid=0/pu=usm%401%2Csz%401320_1004%2Cta%40iphone_2_15.0_11_20.6/baiduid=DD96FF0B263E7A03B50FF7A358B0092C/w=10_10_/t=iphone/l=1/tc,1,100,0
m.baidu.com/from=1013966u/bd_page_type=1/ssid=0/uid=0/pu=usm%400%2Csz%401320_1001%2Cta%40iphone_2_13.0_19_26.9/baiduid=085C39EB0844DDFCCCC841CB113CC49F/w=0_10_/t=iphone/l=1/tc,1,100,0
m.baidu.com/from=1013966u/bd_page_type=1/ssid=0/uid=0/pu=usm%400%2Csz%401320_1001%2Cta%40iphone_2_14.0_19_26.7/baiduid=AA418B5B848EB423F54E308F0922B784/w=0_10_/t=iphone/l=1/tc,1,100,0
m.baidu.com/from=1019311a/bd_page_type=1/ssid=0/uid=0/pu=usm%403%2Csz%401320_1001%2Cta%40iphone_2_15.0_19_23.6/baiduid=15497C92ADA8AABAADCB8B3741613B25/w=0_10_/t=iphone/l=1/tc,1,100,0
m.baidu.com/from=1019311v/bd_page_type=1/ssid=0/uid=0/pu=usm%400%2Csz%401320_1001%2Cta%40iphone_2_15.0_19_26.8/baiduid=B927DA699A328B233B10F4526DD2F9E6/w=0_10_/t=iphone/l=1/tc,1,0,2
m.baidu.com/from=1019311v/bd_page_type=1/ssid=0/uid=0/pu=usm%401%2Csz%401320_1001%2Cta%40iphone_2_14.0_19_22.3/baiduid=49812E583F6385876632F6A485F49121/w=0_10_/t=iphone/l=1/tc,1,100,0
m.baidu.com/from=1019311v/bd_page_type=1/ssid=0/uid=0/pu=usm%401%2Csz%401320_1001%2Cta%40iphone_2_14.0_19_27.0/baiduid=B4537CED861EA28FBAD1268ACB6C059A/w=0_10_/t=iphone/l=1/tc,1,100,0
m.baidu.com/from=1019311v/bd_page_type=1/ssid=0/uid=0/pu=usm%401%2Csz%401320_1001%2Cta%40iphone_2_15.0_19_26.1/baiduid=9E31C05E8742279722E1820696379AD2/w=0_10_/t=iphone/l=1/tc,1,100,0
m.baidu.com/from=1019311v/bd_page_type=1/ssid=0/uid=0/pu=usm%401%2Csz%401320_1001%2Cta%40iphone_2_15.0_19_27.0/baiduid=4A4DB5236695E4537AE348A5F8E0051A/w=10_10_/t=iphone/l=1/tc,1,100,0
m.baidu.com/from=1019311v/bd_page_type=1/ssid=0/uid=0/pu=usm%403%2Csz%401320_1001%2Cta%40iphone_2_15.0_19_23.6/baiduid=1A12502992FB5A0A2D33EEF772370D80/w=0_10_/t=iphone/l=1/tc,1,100,0
m.baidu.com/from=1020761f/bd_page_type=1/ssid=0/uid=0/pu=sz%401320_1001%2Cta%40iphone_2_9.0_19_27.0%2Cusm%403/baiduid=F6679A9EAEC7DDFE41DA2160A2DBEC0D/w=0_10_/t=iphone/l=1/tc,1,100,0
m.baidu.com/from=1020761f/bd_page_type=1/ssid=0/uid=0/pu=usm%400%2Csz%401320_1001%2Cta%40iphone_2_15.0_19_27.0/baiduid=C5930C26B2C3386CAC93BC6459422582/w=0_10_/t=iphone/l=1/tc,1,100,0
m.baidu.com/from=1020761f/bd_page_type=1/ssid=0/uid=0/pu=usm%401%2Csz%401320_1001%2Cta%40iphone_2_10.0_19_26.7/baiduid=ECEA0DA003034222EE62342F775D50DE/w=0_10_/t=iphone/l=1/tc,1,100,0
m.baidu.com/from=1020761f/bd_page_type=1/ssid=0/uid=0/pu=usm%401%2Csz%401320_1001%2Cta%40iphone_2_11.0_19_26.9/baiduid=E8FB82160AA2DF3B9446FB7B63D73E3B/w=0_10_/t=iphone/l=1/tc,1,100,0
m.baidu.com/from=1020761f/bd_page_type=1/ssid=0/uid=0/pu=usm%401%2Csz%401320_1001%2Cta%40iphone_2_13.0_19_26.9/baiduid=FA8C7BD27CE925634AA677961F4D5C86/w=0_10_/t=iphone/l=1/tc,1,100,0
m.baidu.com/from=1020761f/bd_page_type=1/ssid=0/uid=0/pu=usm%401%2Csz%401320_1001%2Cta%40iphone_2_14.0_19_23.9/baiduid=5CBC2C8B3FBFB79B6BB92A982F8E0864/w=0_10_/t=iphone/l=1/tc,1,100,0
"m.baidu.com/from=1021527e/ssid=0/pu=osname@baiduboxapp,ctv@2,cfrom@1029948u,cen@cuid_cua_cut,cua@_a2KiyuC2ig4NE64I5me6NN0v8zTu2I4_C2Hi4a82iqlC,cuid@_aHei_uxHtYOaSuP0P2fiYiPBugzavfj0O25u0uq-i8DkWaCJ920CGaoA,c3_aid@A00-ZOGXNTGDR4QMXUZ7JK6EMG6QLWJE4AX5-OQQ3G3DJ,csrc@home_box_txt,wh@1,sz@1320_480,vmgdb@0020100228y/s",1,100,0
m.baidu.com/from=1027624n/bd_page_type=1/ssid=0/uid=0/pu=cuid%4008SKf08Tv8gZavtYliSkug8tvi_Ci28fY8BQ8Yuq-f8j9DP30N3xPx7QA%2Ccua%40_a2IiyuOBij-NEqlI5me6NN02I_Uhvh53LNqA%2Ccut%40_u2z8_kmQagmiLiDgN2b8yNHmoi5pQqAC%2Cosname%40baiduboxapp%2Cctv%402%2Ccfrom%40757b%2Ccen%40cuid_cua_cut%2Cosbranch%40a2%2Csz%401320_1004%2Cta%40iphone_2_16.0_11_20.6%2Cusm%403/baiduid=6061F6211259720ADA15A75AD13A9520/w=0_10_/t=iphone/l=1/tc,1,100,0
m.baidu.com/from=1034658c/bd_page_type=1/ssid=0/uid=0/pu=c3_aid%40A00-BUZABRCS6UWLS7DJMT5IMCQ7YRB7GEU2-HOF5LPHZ%2Cosbranch%40a2%2Ccsrc%40bdbox_tserch_txt%2Csz%401320_480%2Ccua%40_a-qiyauvigBNE65I5me6NIy2IjcaX8HouvjhSdHNqqqB%2Cctv%402%2Ccen%40cuid_cua_cut%2Ccuid%40guHTa08avu_daHtW_uvm8guvH80TiHa50O-g8lP12i8LkQP3JtHMiQaWA%2Cosname%40baiduboxapp%2Ccfrom%401034658c%2Candrst%400%2Cusm%401%2Cvmgdb%400020100228y/baiduid=7227F7482CF05729E4BBD522E7B1F677/w=0_10_/t=zbios/l=1/tc,1,100,0
m.baidu.com/from=124n/bd_page_type=1/ssid=0/uid=0/pu=usm%400%2Csz%401320_1001%2Cta%40iphone_2_5.1_14_13.2/baiduid=7EC19D2EE068E6F151D85DE53ADD210E/w=10_10_/t=iphone/l=1/tc,1,100,0
m.baidu.com/from=2001a/bd_page_type=1/ssid=0/uid=0/pu=usm%403%2Csz%401320_1003%2Cta%40iphone_2_14.0_1_18.0/baiduid=13224A925AE8250D67D2CB6520D86A16/w=0_10_/t=iphone/l=1/tc,1,100,0
m.baidu.com/from=844b/bd_page_type=1/ssid=0/uid=0/pu=usm%400%2Csz%401320_1001%2Cta%40iphone_2_9.0_24_66.0/baiduid=0CA711033AE7BB64C05E5205C1C97B75/w=0_10_/t=iphone/l=1/tc,1,100,0
m.baidu.com/s,1,100,0
maku77.github.io,1,100,0
manabeat.com,1,100,0
misprochef.com,1,0,33
note.alhinc.jp,1,100,0
ntp.msn.com,1,0,20
online-bootcamp.edu-sec.jp,1,100,0
oreilly.co.jp,1,0,70
otsuma.manaba.jp,1,100,0
paiza.jp/works/python/new-primer/python-new-primer-23/85011,1,100,0
paiza.jp/works/python3/primer/beginner-python1/4005,1,100,0
paiza.jp/works/python3/primer/beginner-python2/4015,1,100,0
perplexity.ai,1,100,0
premium-etest-2024.aidemy.jp,1,100,0
python-hack.net,1,0,804
python-izm.com,1,100,0
rarfile.readthedocs.io/api.html,1,0,0
reference.langchain.com,1,0,43
relief.jp,1,100,0
savanna.alxafrica.com,1,0,68
scsk2022.aidemy.jp,1,100,0
service.smt.docomo.ne.jp,1,100,0
takanory-t116-tstring.jissen-recipe2.pages.dev,1,0,76
techacademy.jp,1,100,0
tohoho-web.com,1,100,0
translations.python.org,1,0,195
webtomoblg.net/web/python3-exam-02,1,100,0
www2.cmds.kobe-u.ac.jp,1,100,0
