name,visitors
Singapore,2084
Bengaluru,2080
New York City,1910
Mumbai,1822
Chennai,1686
London,1676
Moscow,1652
Hyderabad,1636
Paris,1577
Frankfurt am Main,1460
San Jose,1352
Chicago,1350
Warsaw,1275
Munich,1150
Sydney,1135
Amsterdam,1078
Pune,1049
Toronto,1005
New Delhi,1000
Los Angeles,923
Berlin,889
Seattle,889
Melbourne,798
Tokyo,786
São Paulo,772
Vienna,756
Hong Kong,727
Ashburn,721
Zürich,695
Madrid,674
Tel Aviv,623
San Francisco,616
Dublin,605
Saint Petersburg,583
Beijing,583
Reston,581
Kolkata,571
Milan,564
Taipei,558
Prague,551
Shanghai,542
Ho Chi Minh City,514
Manchester,514
Atlanta,499
Guangzhou,491
Istanbul,488
Delhi,483
Montréal,482
Helsinki,476
Denver,465
Bangkok,463
Hanoi,460
Nairobi,433
Bogotá,423
Brisbane,400
Austin,395
Stockholm,383
Brooklyn,359
Kyiv,357
Hamburg,357
Cairo,353
Sunnyvale,353
Budapest,349
Boardman,346
Barcelona,344
Boston,342
Dallas,341
Shenzhen,334
Ahmedabad,333
Auckland,323
Kraków,316
Houston,308
Lisbon,307
Düsseldorf,303
San Diego,298
Rio de Janeiro,291
Santiago,288
Lagos,283
Jaipur,282
Jakarta,280
Portland,278
Vancouver,273
Rome,271
Lahore,266
N/A,265
Kuala Lumpur,260
Johannesburg,255
Coimbatore,254
Philadelphia,250
Bucharest,249
Lima,248
N/A,247
Miami,245
Perth,242
Belgrade,241
Karachi,241
Stuttgart,239
Chengdu,236
Marseille,235
Kathmandu,232
Hangzhou,230
Athens,229
N/A,229
Seoul,224
Cochin,221
Copenhagen,221
Pittsburgh,219
Minneapolis,218
Dubai,216
Lucknow,215
Wrocław,215
Washington,207
Queens,207
Minsk,206
Calgary,205
Sofia,199
Oslo,199
Phoenix,196
Brasília,195
Tashkent,189
Cambridge,188
Gurgaon,186
N/A,186
Ottawa,186
Riyadh,180
Medellín,180
Accra,176
Poznań,174
Bhopāl,173
Köln,173
Santa Clara,173
Tehran,171
Addis Ababa,171
Cambridge,171
Adelaide,168
Columbus,164
Islamabad,163
Novosibirsk,162
Nürnberg,157
Oakland,154
Gdańsk,153
San Antonio,151
Vilnius,150
Mountain View,150
Ankara,148
Yerevan,148
Dhaka,148
Cape Town,148
Cupertino,148
Quezon City,144
Tbilisi,143
Xi’an,143
Colombo,142
Charlotte,142
Brussels,141
Bratislava,141
Curitiba,141
Redmond,141
Taichung,140
Zagreb,140
Wuhan,139
Krasnodar,138
Nanjing,138
Indore,137
Baltimore,137
Rotterdam,135
Buenos Aires,135
Surat,134
Abuja,133
Vijayawada,131
Yekaterinburg,131
Osaka,131
Lyon,131
Dehra Dūn,130
Riga,128
Lviv,128
Canberra,127
Belo Horizonte,127
Jersey City,127
Patna,126
Dresden,125
Brno,125
Göteborg,124
St. Louis,124
Bristol,122
Chandīgarh,121
Wandsworth,121
Karlsruhe,120
Baku,119
Utrecht,119
Casablanca,117
Aachen,117
Camden Town,117
Madurai,116
Christchurch,116
Mexico City,114
Las Vegas,114
Edmonton,114
Turin,113
Nagpur,112
Tallinn,111
Valencia,111
Guwahati,110
Salt Lake City,109
Almaty,108
Nizhniy Novgorod,107
Jerusalem,106
Montevideo,106
Changsha,105
Toulouse,105
Amman,104
N/A,104
Edinburgh,104
Berkeley,104
Noida,104
Porto,103
Salem,101
Barnet,101
Porto Alegre,101
Albuquerque,101
The Hague,100
Hannover,100
Fortaleza,100
Cincinnati,100
Fremont,100
Samara,99
Bhubaneshwar,99
Birmingham,98
Islington,97
Leipzig,97
Irvine,97
Jeddah,96
City of Westminster,96
Slough,96
Kensington,96
Hsinchu,95
Petaling Jaya,94
Southampton,94
Raleigh,94
Ljubljana,93
Lambeth,93
Guiyang,92
Madison,92
Huntsville,91
Durham,91
Mississauga,91
Haarlem,90
Orlando,89
Zhengzhou,88
N/A,88
Fulham,88
Campinas,88
N/A,88
Quito,87
Silver Spring,87
Manila,86
Raipur,85
Phnom Penh,85
Tunis,85
Leeds,85
Glasgow,85
Palo Alto,85
Visakhapatnam,84
Bern,84
Graz,84
Kearny,84
Oxford,83
Darmstadt,83
Guatemala City,83
Nur-Sultan,82
Lausanne,82
Kampala,81
San José,81
The Bronx,81
Kanpur,80
Ann Arbor,80
San Mateo,80
Dnipro,79
Fuzhou,79
Guadalajara,79
Laurel,78
Ufa,77
Tampa,77
Sacramento,77
Burnaby,77
Abidjan,76
Nottingham,76
Coventry,76
Arlington,76
Winnipeg,76
Ghāziābād,75
Faridabad,75
Pretoria,74
Faisalabad,74
Mannheim,74
Delft,73
N/A,73
Rostov-na-Donu,72
Seongnam-si,72
Eindhoven,72
