name,unique_exits,total_exits,exit_rate
/3/,8560,8811,
/3/library/venv.html,7462,7620,
/3/library/functions.html,6218,6471,
/3/library/stdtypes.html,6071,6364,
/3/library/datetime.html,4947,5130,
/3/tutorial/index.html,4614,4770,
/3/library/re.html,3396,3517,
/3/library/typing.html,3230,3310,
/3/tutorial/datastructures.html,3155,3262,
/3/library/tkinter.html,2796,2877,
/3/library/csv.html,2479,2578,
/3/library/argparse.html,2466,2557,
/3/library/logging.html,2463,2544,
/3/tutorial/,2454,2693,
/3/library/index.html,2440,2548,
/3/library/pathlib.html,2370,2458,
/3/library/subprocess.html,2281,2361,
/3/library/idle.html,2148,2191,
/3/library/random.html,2045,2083,
/3/tutorial/controlflow.html,2013,2118,
/3/library/os.html,1916,1976,
/3/search.html,1915,1996,
/3/library/collections.html,1906,1941,
/3/library/turtle.html,1872,2056,
/3/library/exceptions.html,1837,1876,
/3/tutorial/errors.html,1801,1834,
/3/library/multiprocessing.html,1732,1815,
/3/library/dataclasses.html,1722,1767,
/3/tutorial/classes.html,1670,1718,
/3/library/json.html,1566,1598,
/3/library/math.html,1536,1587,
/3/library/itertools.html,1468,1512,
/3/library/unittest.mock.html,1464,1541,
/3/tutorial/introduction.html,1376,1436,
/3/library/asyncio-task.html,1372,1440,
/3/library/unittest.html,1344,1388,
/3/library/os.path.html,1330,1363,
/3/library/enum.html,1305,1332,
/3/library/time.html,1264,1290,
/3/library/sqlite3.html,1257,1321,
/3/tutorial/inputoutput.html,1226,1253,
/3/library/string.html,1223,1251,
/3/tutorial/interpreter.html,1198,1236,
/3/library/threading.html,1171,1215,
/3/library/functools.html,1126,1154,
/3/tutorial/venv.html,1123,1208,
/3/tutorial/modules.html,1096,1121,
/3/using/windows.html,1073,1097,
/3/library/xml.etree.elementtree.html,1046,1108,
/3/library/concurrent.futures.html,1042,1081,
/3/reference/datamodel.html,1026,1045,
/3/library/asyncio.html,1017,1043,
/3/howto/logging.html,986,1006,
/3/glossary.html,968,979,
/3/library/pickle.html,875,895,
/3/installing/index.html,846,860,
/3/library/struct.html,846,880,
/3/whatsnew/3.13.html,829,843,
/3/library/socket.html,805,841,
/3/library/shutil.html,792,803,
/3/library/heapq.html,778,811,
/3/library/tempfile.html,770,790,
/3/library/sys.html,767,774,
/3/howto/sorting.html,728,739,
/3/library/pdb.html,700,716,
/3/tutorial/appetite.html,674,699,
/3/library/abc.html,630,645,
/3/using/mac.html,616,626,
/3/library/urllib.parse.html,606,611,
/3/py-modindex.html,606,626,
/3/reference/expressions.html,606,621,
/3/library/copy.html,598,606,
/3/library/io.html,595,616,
/3/library/hashlib.html,568,587,
/3/library/zipfile.html,539,557,
/3/reference/lexical_analysis.html,531,547,
/3/using/cmdline.html,525,535,
/3/library/configparser.html,523,544,
/3/library/glob.html,520,526,
/3/howto/regex.html,514,527,
/3/library/contextlib.html,505,521,
/3/reference/compound_stmts.html,481,493,
/3/library/pprint.html,479,484,
/3/library/asyncio-eventloop.html,478,487,
/3/reference/import.html,469,478,
/3/library/ast.html,460,472,
/3/library/queue.html,458,468,
/3/reference/index.html,446,453,
/3/library/http.server.html,434,452,
/zh-cn/3/tutorial/index.html,429,446,
/ja/3/library/codecs.html,426,429,
/3/download.html,421,429,
/3/library/uuid.html,421,427,
/3/library/decimal.html,420,430,
/3/howto/argparse.html,419,428,
/3/library/,417,435,
/es/3/tutorial/,414,430,
/3/library/profile.html,404,419,
/3/library/ctypes.html,389,409,
/3/library/difflib.html,389,403,
