name,visitors
Maharashtra,11018
Tamil Nadu,8909
Telangāna,7016
Karnataka,6754
California,6407
England,6095
Delhi,5134
Uttar Pradesh,4308
Guangdong,4306
São Paulo,3958
Ho Chi Minh City,3908
Tokyo,3639
Seoul,3629
Gujarat,3556
Texas,3267
Punjab,3094
Hanoi,2954
Istanbul,2923
Beijing,2666
West Bengal,2638
New York,2526
Shanghai,2454
Gyeonggi,2428
Île-de-France,2385
Moscow,2377
Kerala,2371
Ontario,2276
Virginia,2195
Florida,2014
Andhra Pradesh,1986
Zhejiang,1924
Cairo,1769
Illinois,1754
Shandong,1748
North Rhine-Westphalia,1732
North Holland,1722
Jakarta,1705
Madhya Pradesh,1688
Hesse,1685
Taipei,1679
Jiangsu,1643
Sindh,1551
Haryana,1545
Rajasthan,1507
Washington,1488
Mazovia,1469
Bavaria,1355
Henan,1353
Minas Gerais,1255
Lagos,1249
Tashkent,1245
Province 3,1216
Western,1213
Tel Aviv,1209
Jharkhand,1204
Georgia,1204
New Jersey,1199
Santiago Metropolitan,1191
Sichuan,1170
Rio de Janeiro,1168
Buenos Aires Province,1127
Bangkok,1125
Madrid Autonomous Community,1121
Quebec,1023
Riyadh,1021
Shaanxi,1019
Makkah,1006
Ankara,998
Hubei,972
North Carolina,963
Bihar,956
Baden-Württemberg,952
West Java,919
Nairobi County,919
Pennsylvania,919
New Taipei,911
Kuala Lumpur,910
Saint Petersburg,908
New South Wales,905
Lombardy,901
Ohio,893
Lima,892
Punjab,890
Taichung,852
Ciudad de Mexico,846
Massachusetts,842
Meknès-Tafilalet,825
Capital District,812
Dhaka Division,804
Uusimaa,791
Odisha,790
Metro Manila,777
Catalonia,774
Michigan,773
Dubai,771
Kyiv,769
Islamabad,761
Arizona,751
Auvergne-Rhône-Alpes,738
Oregon,735
Colorado,732
Osaka,725
Paraná,723
Hormozgan,715
East Java,707
Eastern,707
Gauteng,697
Victoria,696
Hunan,688
Selangor,664
Antioquia,663
South Holland,658
Fujian,654
Kanagawa,644
Da Nang,637
Maryland,635
Addis Ababa,616
British Columbia,603
Amman,603
Uttarākhand,582
Santa Catarina,576
Rio Grande do Sul,573
Berlin,571
Andalusia,567
Greater Accra,560
Lower Saxony,556
Provence-Alpes-Côte-d'Azur,553
Lazio,548
Incheon,538
Stockholm,537
Missouri,526
Chhattīsgarh,521
Chongqing,519
Kaohsiung,519
Mexico State,517
Indiana,516
Vienna,515
Ceará,512
Baku,511
Bahia,511
Chandigarh,511
Grand-Est,507
Attica,505
Izmir,503
Hebei,502
Flanders,497
Central,497
Minsk,496
Anhui,493
Utah,489
Moscow Province,478
Alberta,473
Tennessee,473
Oriental,472
Valencian Community,466
Saxony,463
Aichi,463
Occitanie,462
Lima Region,452
Zürich,451
Lisbon,446
Busan,443
Lesser Poland,439
Federal District,434
Taoyuan,430
Minnesota,430
Queensland,427
Prague,425
Tunis,424
Assam,423
Baghdad,419
Hauts-de-France,414
Krasnodar Krai,412
Liaoning,406
Saitama,401
Leinster,400
Goiás,396
Federal Capital Territory,393
Nouvelle-Aquitaine,391
Riga,390
Chiba,381
Bucharest,376
Central,376
Algiers,374
Tianjin,372
Wisconsin,372
Beograd,367
Pernambuco,366
Hamburg,363
Phnom Penh,363
Central Java,362
Calabarzon,358
Silesia,352
Greater Poland,352
Sverdlovsk,352
Kwai Tsing New Territories,350
Novosibirsk,347
Almaty City,346
Pichincha,345
Lower Silesia,344
Brussels,334
Nevada,334
Emilia-Romagna,332
Campania,332
Scotland,331
Taza-Al Hoceima-Taounate,329
Tatarstan,329
Dar es Salaam,325
Giza,320
Astana,320
South Carolina,319
Connecticut,318
Abidjan,317
Iowa,317
Budapest,315
Wallonia,313
Tainan,313
Veneto,311
Kinshasa,309
Alabama,309
Kentucky,305
Jalisco,302
Rhineland-Palatinate,298
Nizhny Novgorod,293
Espírito Santo,292
Daegu,290
Distrito Nacional,286
Abu Dhabi,284
Porto,284
Daejeon,279
Bishkek,272
Hyogo,270
Dnipropetrovshchyna,270
Lvivshchyna,269
Samara,268
Alexandria,266
Pays-de-la-Loire,266
Oklahoma,265
Jammu and Kashmir,264
Himachal Pradesh,262
Khyber Pakhtunkhwa,260
Doha,259
Rostov,258
Haiphong,258
South Chungcheong,254
Buenos Aires,253
Western Cape,252
Auckland,251
Central Luzon,249
Pará,245
Amanat Al Asimah,244
Muscat,242
Bursa,241
Yangon,237
Guayas,233
Pomerania,233
Yogyakarta,230
Sofia,228
Jiangxi,228
Sicily,228
Kansas,228
Western Australia,227
Gansu,227
Hokkaido,226
Central Visayas,225
Brittany,224
Rabat-Salé-Zemmour-Zaer,223
Nuevo León,223
Tuscany,222
South Gyeongsang,222
Chelyabinsk,222
Vilnius County,221
La Paz,220
Piedmont,219
Córdoba,218
Tbilisi,217
Fukuoka,217
Rivers,217
Normandie,216
Amazonas,215
Khorāsān-e Raẕavī,213
Hsinchu County,213
Bashkortostan,211
North Gyeongsang,210
Dakar,210
Capital Region,208
Kigali,208
Luanda,204
Maranhão,204
North Brabant,201
Chișinău,199
Antalya,199
Capital,196
Voronezh,195
Łódź,194
Arkansas,194
Montevideo,194
North Chungcheong,192
Tangier-Tétouan,191
Al Madinah,190
