name,visitors,pageviews,bounce_rate,time_on_page
/ja/3/library/codecs.html,482,582,85,1284.0714285714287
/ja/3/tutorial/,271,361,52,87.18987341772151
/ja/3.13/library/datetime.html,171,209,83,867.8148148148148
/ja/3/,165,236,37,80.40944881889764
/ja/3/library/stdtypes.html,161,208,68,453.0576923076923
/ja/3.13/library/functions.html,153,177,70,299.8936170212766
/ja/3.13/library/stdtypes.html,144,178,67,478.74074074074076
/ja/3/library/functions.html,137,181,79,332.0566037735849
/ja/3.13/library/re.html,136,163,86,703.4285714285714
/ja/3.13/library/subprocess.html,134,184,75,1229.15
/ja/3.13/library/typing.html,119,152,83,545.5714285714286
/ja/3.13/library/logging.html,110,152,73,527.3939393939394
/ja/3/library/index.html,110,168,54,55.01
/ja/3/tutorial/index.html,105,133,55,50.06410256410256
/ja/3.13/library/pathlib.html,104,115,80,696.2941176470588
/ja/3.13/library/index.html,99,139,50,117.48780487804878
/ja/3/tutorial/datastructures.html,98,115,80,212.63636363636363
/ja/3.13/using/windows.html,94,110,81,545.5
/ja/3/tutorial/interpreter.html,90,134,82,178.6315789473684
/ja/3/tutorial/appetite.html,84,99,71,95.5909090909091
/ja/3/library/datetime.html,82,93,81,524.6153846153846
/ja/3.13/library/exceptions.html,81,97,89,318.1818181818182
/ja/3.13/library/json.html,78,89,89,1032.0
/ja/3.13/library/os.path.html,78,83,83,381.4375
/ja/3/tutorial/introduction.html,78,99,80,286.6
/ja/3.13/library/csv.html,72,87,83,938.2
/ja/3.13/library/venv.html,71,79,83,519.9090909090909
/ja/3.13/tutorial/errors.html,70,77,72,392.375
/ja/3/tutorial/controlflow.html,70,101,71,275.6470588235294
/ja/3.13/library/random.html,68,77,81,684.5833333333334
/ja/3.13/search.html,66,106,31,57.355932203389834
/ja/3.13/library/os.html,62,83,60,433.7916666666667
/ja/3.13/library/multiprocessing.html,59,85,67,560.8947368421053
/ja/3.13/library/argparse.html,56,73,65,458.7
/ja/3.13/tutorial/classes.html,56,65,78,504.8181818181818
/ja/3.13/library/enum.html,54,62,81,1035.0
/ja/3.13/,51,61,17,29.058823529411764
/ja/3/library/venv.html,51,58,92,780.0
/ja/3.13/library/socket.html,50,66,69,852.5
/ja/3.13/tutorial/index.html,50,67,39,98.55813953488372
/ja/3.13/tutorial/inputoutput.html,49,55,56,322.4782608695652
/ja/3/c-api/import.html,49,50,92,11.333333333333334
/ja/3.13/library/threading.html,48,58,77,687.875
/ja/3.13/library/time.html,48,57,89,850.5
/ja/3/search.html,48,107,17,116.61111111111111
/ja/3.13/library/io.html,47,55,74,354.3888888888889
/ja/3.13/library/tempfile.html,47,54,81,278.6
/ja/3.13/library/sqlite3.html,46,60,74,729.1666666666666
/ja/3/reference/compound_stmts.html,46,53,87,281.5
/ja/dev/tutorial/errors.html,46,53,80,349.1818181818182
/ja/3.13/howto/logging.html,45,57,63,549.6470588235294
/ja/3.13/library/tkinter.html,44,49,82,695.2857142857143
/ja/3.13/library/struct.html,43,47,84,513.3333333333334
/ja/3.13/library/shutil.html,42,55,80,449.1111111111111
/ja/3/reference/index.html,42,72,37,45.86666666666667
/ja/3.13/library/concurrent.futures.html,41,45,75,441.85714285714283
/ja/3.13/tutorial/interpreter.html,38,45,83,118.26666666666667
/ja/3/library/xml.etree.elementtree.html,38,50,72,849.0
/ja/3.13/library/urllib.request.html,37,45,75,369.3
/ja/3.13/library/itertools.html,36,38,81,601.75
/ja/3/library/tkinter.html,36,39,91,108.5
/ja/3.13/glossary.html,35,41,62,66.52380952380952
/ja/3/library/exceptions.html,35,44,85,252.11111111111111
/ja/3.13/library/glob.html,34,39,79,389.25
/ja/3.13/library/pprint.html,34,35,97,198.0
/ja/3.13/reference/index.html,34,58,43,83.41666666666667
/ja/3/glossary.html,34,40,71,282.95
/ja/3.13/library/logging.handlers.html,33,48,48,481.1666666666667
/ja/3.13/library/unittest.mock.html,32,39,83,333.875
/ja/3.13/reference/datamodel.html,32,35,82,253.77777777777777
/ja/3/using/cmdline.html,32,34,92,465.8333333333333
/ja/3.13/installing/index.html,31,33,96,13.0
/ja/3.13/library/math.html,31,35,86,268.8
/ja/3.13/library/string.html,31,37,74,322.45454545454544
/ja/3/tutorial/modules.html,31,44,40,483.40909090909093
/ja/3/using/windows.html,31,40,74,510.75
/ja/3/index.html,30,43,48,51.80769230769231
/ja/3.13/library/__main__.html,29,33,77,227.0
/ja/3.13/library/asyncio-task.html,29,37,68,359.1333333333333
/ja/3.13/library/base64.html,29,33,88,838.1666666666666
/ja/3.13/library/dataclasses.html,29,35,78,626.5
/ja/3.13/whatsnew/index.html,29,31,73,171.0
/ja/3.13/library/configparser.html,28,35,81,808.25
/ja/3.13/library/pickle.html,28,31,74,328.85714285714283
/ja/3.13/library/urllib.parse.html,28,31,78,522.8
/ja/3.13/library/ctypes.html,27,32,70,384.0
/ja/3.13/library/decimal.html,27,29,89,742.0
/ja/3.13/library/queue.html,27,37,71,459.2
/ja/3.13/library/unittest.html,26,38,58,309.54545454545456
/ja/3/contents.html,26,43,45,105.8695652173913
/ja/3.13/library/asyncio.html,25,32,62,180.5625
/ja/3.13/tutorial/introduction.html,25,28,78,184.66666666666666
/ja/3.13/tutorial/modules.html,25,29,82,148.25
/ja/3/howto/logging.html,25,41,73,247.69230769230768
/ja/3/library/os.html,25,31,72,870.1428571428571
/ja/3/library/re.html,25,26,78,153.0
/ja/3/tutorial/errors.html,25,29,58,250.69230769230768
/ja/3.13/library/collections.html,24,28,71,580.875
/ja/3.13/library/functools.html,24,28,85,888.5
/ja/3/reference/lexical_analysis.html,24,37,86,383.07142857142856
