name,visitors
Taipei,435
N/A,231
Taichung,153
Hsinchu,107
Kaohsiung,82
Taoyuan,60
Tainan,60
Zhongli,33
Zhubei,32
Chang-hua,21
Banqiao,13
Sanchong,12
Daan District,11
Miaoli,11
Hsinchu County,11
Singapore,11
Chiayi County,9
Hong Kong,9
Pingtung,8
Jiayi Shi,8
Pingzhen,7
East District,7
Yunlin,6
Xizhi,6
Beijing,6
Nantou,5
Kowloon City,5
Macau,5
Taoyuan City,5
Taichung City,5
Songshan District,4
Yilan,4
Hualien City,4
Keelung,4
Shanghai,4
Toufen,3
Shoufeng,3
Longtan,3
Kunming,3
Guangzhou,3
Tokyo,3
Hyderabad,2
Yangmei,2
Taitung,2
Beitou,2
Nanzi,2
Guishan District,2
Xitun,2
Xinwu,2
Xindian,2
Xinzhuang,2
Chi-an,2
Bayan Lepas,2
Wuxi,2
Shenzhen,2
Dongguan,2
Chengdu,2
Wan Chai,2
Hung Hom,2
Ha Kwai Chung,2
Edogawa Ku,2
Sydney,2
Ealing,2
Santo Domingo,2
Jordon,2
Oral,1
Kremenchuk,1
Patna,1
New Delhi,1
Gurgaon,1
Nur-Sultan,1
Hanoi,1
Biên Hòa,1
Khlong Luang,1
Douliu,1
Yongkang,1
Yuanlin,1
Yingge,1
Zuoying,1
Zaoqiao,1
Dacun,1
Xinying,1
Daxi,1
Neipu Township,1
Neihu,1
Linkou,1
Fengshan,1
Gangshan,1
Changtanwo,1
Qingdao,1
Nanjing,1
Huizhou,1
Hengshui,1
Hefei,1
Cangzhou,1
Tsuen Wan,1
Yuen Long San Hui,1
Tai Wai,1
Tai Kok Tsui,1
Mong Kok,1
Kwun Tong,1
Taipa,1
Osaka,1
Kampong Loyang,1
Nanzi,1
Perth,1
Sendai,1
Melbourne,1
Ruddington,1
London,1
Köln,1
Łódź,1
São Luís,1
Fort Lauderdale,1
Houston,1
Chicago,1
Spring Grove,1
Tempe,1
San Jose,1
Santa Clara,1
Seattle,1
Toronto,1
Inzai,1
Nisshin,1
Kowloon Bay,1
Sannomaru,1
