name,visitors,bounce_rate,visit_duration
Direct / None,190280,45,172
Google,115281,35,166
Bing,28568,35,187
chatgpt.com,18373,35,233
Yandex,6764,35,182
Brave,2984,36,157
GitHub,2917,48,142
Yahoo!,2537,31,188
Baidu,2531,43,201
Youtube,2331,42,164
docs.python.org,2042,48,113
doubao.com,1476,48,204
DuckDuckGo,1175,40,119
claude.ai,899,40,145
copilot.com,726,38,211
360.cn,506,33,301
code.visualstudio.com,472,47,133
Perplexity,411,36,136
link.csdn.net,310,35,196
Coccoc,267,30,143
Naver,266,33,168
w3schools.com,231,44,145
pip.pypa.io,169,33,267
qianwen.com,164,45,237
quark.cn,157,43,193
qiita.com,142,39,249
note.com,138,42,203
pytorch.org,129,55,118
netacad.com,117,57,110
link.zhihu.com,116,49,141
Ecosia,114,40,142
ai.google.dev,111,58,73
intl.ozabc.com,110,39,66
weel.co.jp,106,49,188
github.gatech.edu,98,60,103
packaging.python.org,95,26,246
pypi.org,95,49,204
roadmap.sh,92,69,36
Sogou,90,52,222
geeksforgeeks.org,87,41,186
Wikipedia,81,33,220
soroban.highreso.jp,78,31,217
blog.naver.com,77,33,245
pythoninsider.blogspot.com,68,38,212
udemy.com,65,55,202
wiki.python.org,65,52,142
lms.ev.org.br,63,52,135
learn.microsoft.com,62,44,97
enlacesnintricks.blogspot.com,60,40,114
liaoxuefeng.com,60,58,155
Facebook,58,55,50
Telegram,56,47,59
Microsoft Teams,55,36,180
lmarena.ai,54,19,240
yuanbao.tencent.com,53,29,265
peps.python.org,52,51,51
esphome.io,51,29,236
runoob.com,51,59,159
python.jp,50,35,91
docs.espressif.com,48,47,32
Qwant,47,47,102
openclassrooms.com,47,54,39
blackbox.ai,45,26,182
devguide.python.org,43,47,150
blog.python.org,42,31,160
courses.edx.org,42,58,46
ursinaengine.org,42,50,92
blog.csdn.net,40,40,205
pygame.org,40,15,237
scikit-learn.org,40,57,108
chat.baidu.com,39,35,260
nexusmods.com,39,72,22
online-python.com,39,51,90
codecademy.com,34,57,108
discuss.python.org,34,36,91
datacamp.com,33,61,101
dotiromoook.tistory.com,33,33,221
realpython.com,33,41,50
sukkiri.jp,32,28,121
web.stanford.edu,32,24,156
dzen.ru,31,55,144
blog.pyq.jp,30,16,395
docs.platformio.org,30,42,101
droidwin.com,30,40,71
pythonworld.ru,30,32,286
docs.wpilib.org,28,62,42
freedidi.com,28,37,315
coderivers.org,27,41,106
pythonguis.com,27,44,82
skilladd.org,27,63,46
Vkontakte,26,27,149
docs.reportlab.com,26,50,99
medium.com,26,42,322
127.0.0.1,25,72,93
romptn.com,25,48,159
cursos.alura.com.br,24,76,86
randomnerdtutorials.com,24,33,116
badcaps.net,23,52,179
metanit.com,23,35,67
natechcel.blogspot.com,23,58,42
srb2.org,23,83,4
m.blog.naver.com,22,32,167
cloud.tencent.com,21,52,245
instaloader.github.io,21,38,104
worthytutors.com,21,48,151
chat.z.ai,20,43,159
cs50.readthedocs.io,20,57,104
drive2.ru,20,25,253
hg6209-ntu.github.io,20,27,287
python.p2hp.com,20,55,40
rivery.io,20,55,67
tutorialspoint.com,20,43,169
LinkedIn,19,52,85
python.org.br,19,65,25
campusuniversidad.sabes.edu.mx,18,50,168
chat.mistral.ai,18,39,106
docs.telethon.dev,18,50,296
edube.org,18,50,395
ithelp.ithome.com.tw,18,47,27
jianshu.com,18,39,200
namu.wiki,18,28,131
producthunt,18,28,163
python.uihtm.com,18,50,568
pythononlinecompiler.ru,18,56,175
Mail.ru,17,47,231
internet-start.net,17,6,242
olympus.mygreatlearning.com,17,59,26
poe.com,17,29,280
py4e.com,17,18,390
yyoossk.blogspot.com,17,35,325
cafe.naver.com,16,38,88
manus.im,16,29,451
pythoncentral.io,16,44,346
Gmail,15,60,110
codelv.com,15,40,106
copilot.microsoft.com,15,60,65
mooc.fi,15,60,123
ntp.msn.cn,15,60,205
rapidseedbox.com,15,60,10
tensorflow.org,15,56,239
w3school.com.cn,15,53,42
code.coze.cn,14,47,104
gall.dcinside.com,14,29,349
s3.eu-west-1.amazonaws.com,14,38,295
space.coze.cn,14,50,239
spotdl.github.io,14,7,248
theforage.com,14,79,20
zalo,14,86,4
Instagram,13,62,20
community.octoprint.org,13,15,89
edu.sirius.online,13,43,355
gradio.app,13,54,22
pythongeeks.org,13,23,123
aisearch.sogou.com,12,42,121
automatetheboringstuff.com,12,38,222
byui-cse.github.io,12,31,398
developer.flipper.net,12,42,32
idle.org.cn,12,75,65
itproger.com,12,64,146
javadrive.jp,12,0,295
learn.kodland.org,12,25,292
portal.itgen.io,12,23,366
skillbox.ru,12,17,552
stable-diffusion-art.com,12,42,394
unknowncheats.me,12,46,496
wikidocs.net,12,31,198
xdaforums.com,12,33,16
chat.chatbot.app,11,58,104
gitee.com,11,64,143
mylearning.suny.edu,11,55,56
stablediffusiontutorials.com,11,73,194
steamcommunity.com,11,64,145
wikiwiki.jp,11,27,75
4pda.to,10,10,50
amuletmc.com,10,60,69
boot.dev,10,30,418
bugs.python.org,10,70,79
challenge.hennge.com,10,80,13
cnblogs.com,10,50,320
gamebanana.com,10,30,25
learn.online-python.com,10,20,322
mindplus.dfrobot.com.cn,10,40,375
newsuk1.com,10,30,87
odoo.com,10,30,297
ootrandomizer.com,10,20,68
programiz.com,10,30,407
source.android.com,10,30,219
test.python.org,10,50,211
wiki.hacks.guide,10,40,17
Twitter,9,22,49
courses.maine.edu,9,30,345
docstring.fr,9,20,178
ggc.view.usg.edu,9,0,1579
guru99.com,9,44,63
hotmart.com,9,33,126
lms.human.ua,9,56,104
oregoom.com,9,50,21
pcschool.com.tw,9,44,102
progpython.ru,9,33,179
programmingforlovers.com,9,78,7
students.masaischool.com,9,40,176
virtualenv.pypa.io,9,78,16
yutu.cn,9,78,24
Reddit,8,62,26
archipelago.gg,8,50,461
camuerp.com,8,30,334
comfyorg.cn,8,62,54
doc.qt.io,8,62,6
edge.edx.org,8,50,62
fullfront.co.jp,8,25,73
jb51.net,8,62,17
legacy.python.org,8,50,51
lms.timedooracademy.com,8,50,10
moodle.ucl.ac.uk,8,50,213
moodle24-26.coastal.edu,8,50,215
pagekite.net,8,62,46
raspberrytips.com,8,25,922
sadtalkerai.com,8,12,29
school.mos.ru,8,50,6
sky.pro,8,25,328
topdev.vn,8,12,268
wiki.ultranx.ru,8,25,29
Daum,7,57,15
alan-cha.github.io,7,43,190
app.deephat.ai,7,43,138
aranzulla.it,7,50,191
belajarpython.com,7,43,50
brightspace.ccc.edu,7,43,110
dola.com,7,38,408
fileadmin.cs.lth.se,7,14,107
foxydog.tistory.com,7,86,2
habr.com,7,57,145
harmash.com,7,50,77
hovatek.com,7,14,144
kagi.com,7,43,4
link.juejin.cn,7,14,303
lms.neu.edu.vn,7,100,0
lumo.proton.me,7,57,46
m.so.com,7,71,63
my.sky.pro,7,12,260
nz.ua,7,14,524
python.digibeatrix.com,7,25,137
revel-ise.pearson.com,7,57,25
safe.search.brave.com,7,57,299
startpage.com,7,57,11
sysnettechsolutions.com,7,29,310
telegra.ph,7,43,71
top-academy.site,7,29,181
upgrad.com,7,62,95
webcourses.ucf.edu,7,29,241
wy.aifengkeji.cn,7,43,106
admin.academy.timedoor.net,6,25,745
ai-kenkyujo.com,6,50,52
avac.ups.edu.ec,6,50,46
catherine-record.tistory.com,6,33,6
cg-kenkyujo.com,6,50,128
cgohlke.com,6,83,12
codingal.com,6,67,54
colearninglounge.com,6,67,60
cursos.tecmilenio.mx,6,17,33
decrypt.dev-core.xyz,6,67,29
developer.mozilla.org,6,50,5
digitalocean.com,6,50,41
docs.craftycontrol.com,6,50,7
docs.kdenlive.org,6,100,0
docs.lime-crm.com,6,88,6
docs.odriverobotics.com,6,33,119
docs.opendronemap.org,6,43,16
docs.streamlit.io,6,50,83
dtf.ru,6,33,84
en.wikibooks.org,6,0,124
eprofessor.azurewebsites.net,6,67,176
hackernoon.com,6,33,658
levelup.gitconnected.com,6,33,690
lms.sci.cmb.ac.lk,6,50,137
microkontroller.ru,6,33,391
microsoft.github.io,6,67,72
miniapps.ai,6,33,62
miralab.co.jp,6,33,280
netology.ru,6,67,72
nltk.org,6,17,168
notebooks.githubusercontent.com,6,17,113
pl.python.org,6,50,6
pythonforege.tilda.ws,6,33,126
q.utoronto.ca,6,83,2
starter-guide.od.pythonic-exam.com,6,50,522
tryhackme.com,6,50,890
wemos.cc,6,67,18
Seznam,5,0,183
a14121-73652431.cluster211.canvas-user-content.com,5,0,396
agent.minimaxi.com,5,60,313
aptechvietnam.com.vn,5,60,38
auto-editor.com,5,20,73
bohr.wlu.ca,5,33,893
btcrecover.readthedocs.io,5,40,1009
canlidovizfiyatlari.com,5,0,305
capella.alma.exlibrisgroup.com,5,80,68
clang.llvm.org,5,80,9
codegenes.net,5,20,361
colstate.view.usg.edu,5,20,990
