name,version,visitors
Chrome,144.0,784
Chrome,145.0,486
Microsoft Edge,145.0,485
Firefox,147.0,267
Chrome,132.0,184
Microsoft Edge,144.0,131
Chrome,131.0,128
Chrome,116.0,121
Chrome,133.0,113
Chrome,111.0,79
Chrome,109.0,73
Chrome,120.0,73
Yandex Browser,25.12,73
Chrome,108.0,72
Chrome,117.0,72
Chrome,103.0,69
Chrome,104.0,68
Chrome,110.0,68
Chrome,124.0,68
Opera,126.0,68
Chrome,106.0,62
Chrome,107.0,61
Chrome,112.0,52
Chrome,105.0,51
Firefox,140.0,50
Safari,26.2,50
Chrome,143.0,46
Chrome,139.0,42
Opera,127.0,40
Microsoft Edge,143.0,30
Safari,26.3,25
Chrome,142.0,19
360 Secure Browser,(not set),16
Firefox,146.0,15
Firefox,5.0,15
Mobile App,(not set),14
Sogou Explorer,2,12
Chrome,138.0,11
Chrome,140.0,11
Chrome,136.0,10
Microsoft Edge,142.0,10
Safari,18.6,9
Chrome,69.0,9
Chrome,122.0,8
SberBrowser,34.0,8
(not set),(not set),7
Chrome,137.0,7
Chrome,141.0,7
Yandex Browser,25.2,7
Quark,(not set),6
Firefox,142.0,6
Safari,17.6,6
Microsoft Edge,140.0,5
Firefox,145.0,5
Microsoft Edge,119.0,4
Chrome,125.0,4
Chrome,135.0,4
Microsoft Edge,141.0,4
SberBrowser,18.0,4
Safari,18.3,4
Safari,18.5,4
vivo Browser,27.9,4
Firefox,128.0,3
Microsoft Edge,138.0,3
Firefox,143.0,3
Mobile App,144.0,3
Safari,26.0,3
Samsung Browser,29.0,3
Smart Lenovo Browser,9.0,3
Chromium,(not set),2
Microsoft Edge,110.0,2
Chrome,114.0,2
Mobile App,114.0,2
Microsoft Edge,122.0,2
Chrome,126.0,2
Chrome,127.0,2
Microsoft Edge,128.0,2
Microsoft Edge,131.0,2
Firefox,136.0,2
Firefox,141.0,2
Norton Private Browser,144.0,2
Mobile App,145.0,2
Chrome,146.0,2
Safari,15.6,2
Safari,16.3,2
Huawei Browser Mobile,17.0,2
Safari,18.4,2
Samsung Browser,25.0,2
Yandex Browser,25.10,2
Safari,26.1,2
Safe Exam Browser,3.10,2
QtWebEngine,5.15,2
Chrome,71.0,2
Chrome,72.0,2
Chrome,86.0,2
Opera,95.0,2
Chrome,99.0,2
Chrome,102.0,1
Iron,109.0,1
Microsoft Edge,113.0,1
Mobile App,117.0,1
Opera,119.0,1
Opera,122.0,1
Opera,125.0,1
Microsoft Edge,126.0,1
Microsoft Edge,129.0,1
Microsoft Edge,133.0,1
Microsoft Edge,134.0,1
Microsoft Edge,135.0,1
Microsoft Edge,136.0,1
Microsoft Edge,137.0,1
Mobile App,138.0,1
Avast Secure Browser,144.0,1
CCleaner,144.0,1
Chrome,147.0,1
Firefox,147.4,1
Firefox,148.0,1
Safari,15.3,1
Safari,16.6,1
Safari,17.3,1
Microsoft Edge,18.18362,1
Safari,18.7,1
MIUI Browser,20.12,1
MIUI Browser,20.9,1
Falkon,24.01,1
Yandex Browser,24.12,1
Yandex Browser,25.6,1
115 Browser,26.0,1
QQ Browser,6.2,1
Safari,60.5,1
Microsoft Edge,92.0,1
