name,visitors
Chrome,9356
Microsoft Edge,2699
Firefox,1564
Safari,937
Opera,239
Yandex Browser,165
Mobile App,71
(not set),36
Smart Lenovo Browser,15
Samsung Browser,13
SberBrowser,12
Quark,11
MIUI Browser,8
UC Browser,8
Sogou Explorer,7
Avast Secure Browser,5
vivo Browser,5
Brave,4
Mobile Silk,3
QtWebEngine,3
Whale Browser,3
AVG Secure Browser,2
Craving Explorer,2
Huawei Browser,2
Huawei Browser Mobile,2
Opera Touch,2
QQ Browser,2
Chromium,1
Iron,1
Konqueror,1
Norton Private Browser,1
Opera GX,1
