property,value,visitors,events,percentage
url,(none),9535,21602,99.6
url,https://www.python.org/,179,197,1.9
url,https://www.python.org/downloads/,62,65,0.6
url,https://docs.python.org/zh-cn/3.14/archives/python-3.14-docs-html.zip,26,29,0.3
url,https://github.com/python/cpython/tree/3.14/Lib/idlelib/,25,31,0.3
url,https://docs.python.org/zh-cn/3/archives/python-3.14-docs-html.zip,22,22,0.2
url,https://apps.microsoft.com/detail/9NQ7512CXL7T,21,21,0.2
url,https://docs.python.org/zh-cn/3.14/archives/python-3.14-docs.epub,15,15,0.2
url,https://docs.python.org/zh-cn/3/archives/python-3.14-docs-text.zip,13,14,0.1
url,https://devguide.python.org/documentation/start-documenting/#building-the-documentation,12,12,0.1
url,https://github.com/python/cpython/tree/3.13/Lib/idlelib/,11,19,0.1
url,https://docs.python.org/zh-cn/3.14/archives/python-3.14-docs-text.zip,9,15,0.1
url,https://www.python.org/downloads/macos/,9,9,0.1
url,https://briefcase.readthedocs.io/,7,7,0.1
url,https://docs.python.org/zh-cn/3.13/archives/python-3.13-docs-pdf-a4.zip,7,7,0.1
url,https://github.com/python/cpython/tree/3.14/Lib/idlelib,7,16,0.1
url,https://pypi.org/,7,9,0.1
url,https://docs.python.org/zh-cn/3.13/archives/python-3.13-docs-html.zip,6,10,0.1
url,https://docs.python.org/zh-cn/3.13/archives/python-3.13-docs-text.zip,6,6,0.1
url,https://www.debian.org/doc/manuals/maint-guide/first.en.html,6,6,0.1
url,https://www.tcl.tk/man/tcl8.6/TkCmd/contents.htm,6,9,0.1
url,https://docs.python.org/zh-cn/3.13/archives/python-3.13-docs.epub,5,5,0.1
url,https://docs.python.org/zh-cn/3.14/archives/python-3.14-docs-texinfo.zip,5,5,0.1
url,https://github.com/python/cpython/tree/3.14/Lib/tkinter/__init__.py,5,7,0.1
url,https://www.python.org/doc/versions/,5,5,0.1
url,https://www.tkdocs.com/shipman/,5,5,0.1
url,https://docs.python.org/zh-cn/3.15/archives/python-3.15-docs-html.zip,4,5,0.0
url,https://packaging.python.org/en/latest/tutorials/packaging-projects/,4,4,0.0
url,https://www.python.org/psf/donations/,4,4,0.0
url,https://docs.python.org/zh-cn/3.13/archives/python-3.13-docs-texinfo.zip,3,3,0.0
url,https://docs.python.org/zh-cn/3/archives/python-3.14-docs-texinfo.zip,3,3,0.0
url,https://docs.python.org/zh-cn/3/archives/python-3.14-docs.epub,3,3,0.0
url,https://github.com/python/cpython/tree/3.14/Lib/turtle.py,3,3,0.0
url,https://packaging.python.org/en/latest/tutorials/installing-packages/#ensure-pip-setuptools-and-wheel-are-up-to-date,3,4,0.0
url,https://packaging.python.org/science/,3,4,0.0
url,https://peps.python.org/pep-0636/,3,4,0.0
url,https://peps.python.org/pep-0745/,3,3,0.0
url,https://tkdocs.com/,3,3,0.0
url,https://wiki.python.org/moin/BeginnersGuide,3,3,0.0
url,https://www.anaconda.com/download/,3,3,0.0
url,https://www.unicode.org/Public/16.0.0/ucd/NameAliases.txt,3,3,0.0
url,https://brew.sh/,2,2,0.0
url,https://cibuildwheel.pypa.io/en/stable/platforms/#android,2,2,0.0
url,https://cython.org/,2,2,0.0
url,https://docs.python.org/zh-cn/3.14/archives/python-3.14-docs-text.tar.bz2,2,2,0.0
url,https://docs.python.org/zh-cn/3.15/archives/python-3.15-docs-texinfo.zip,2,2,0.0
url,https://docs.python.org/zh-cn/3.15/archives/python-3.15-docs-text.zip,2,2,0.0
url,https://docs.python.org/zh-cn/3/archives/python-3.14-docs-html.tar.bz2,2,2,0.0
url,https://en.cppreference.com/w/c/11,2,2,0.0
url,https://en.wikipedia.org/wiki/Turtle_(robot),2,3,0.0
url,https://github.com/python/cpython/blob/main/Doc/contents.rst?plain=1,2,3,0.0
url,https://github.com/python/cpython/blob/main/Doc/library/index.rst?plain=1,2,3,0.0
url,https://github.com/python/cpython/tree/3.13/Android/testbed/app/src/main/c/main_activity.c,2,2,0.0
url,https://github.com/python/cpython/tree/3.13/Lib/tkinter/__init__.py,2,2,0.0
url,https://github.com/python/cpython/tree/3.13/iOS/README.rst,2,3,0.0
url,https://github.com/python/cpython/tree/3.14/Lib/datetime.py,2,3,0.0
url,https://github.com/python/cpython/tree/3.14/Lib/profile.py,2,3,0.0
url,https://github.com/python/cpython/tree/3.14/Lib/unittest/__init__.py,2,2,0.0
url,https://packaging.python.org/,2,2,0.0
url,https://packaging.python.org/installing/,2,2,0.0
url,https://packaging.python.org/installing/#creating-virtual-environments,2,3,0.0
url,https://packaging.python.org/installing/#requirements-for-installing-packages,2,2,0.0
url,https://peps.python.org/pep-0008/,2,2,0.0
url,https://peps.python.org/pep-0420/,2,2,0.0
url,https://peps.python.org/pep-0560/,2,3,0.0
url,https://peps.python.org/pep-0649/,2,2,0.0
url,https://setuptools.pypa.io/en/latest/setuptools.html,2,2,0.0
url,https://wiki.python.org/moin/PythonBooks,2,2,0.0
url,https://wiki.python.org/moin/PythonEditors,2,2,0.0
url,https://wiki.python.org/moin/PythonTestingToolsTaxonomy,2,2,0.0
url,https://www.activestate.com/products/python/,2,3,0.0
url,https://www.youtube.com/watch?v=Xbl7XjFYsN4&list=PLhNSoGM2ik6SIkVGXWBwerucXjgP1rHmB,2,2,0.0
url,http://www.dabeaz.com/coroutines/index.html,1,1,0.0
url,https://assets.enthought.com/downloads/edm/,1,1,0.0
url,https://buildozer.readthedocs.io/,1,1,0.0
url,https://cffi.readthedocs.io/,1,1,0.0
url,https://code.activestate.com/recipes/langs/python/,1,1,0.0
url,https://core.tcl.tk/tips/doc/trunk/tip/48.md,1,1,0.0
url,https://datatracker.ietf.org/doc/html/rfc2109.html,1,1,0.0
url,https://devguide.python.org/,1,1,0.0
url,https://docs.pytest.org/,1,1,0.0
url,https://docs.python.org/zh-cn/3.13/archives/python-3.13-docs-pdf-a4.tar.bz2,1,1,0.0
url,https://docs.python.org/zh-cn/3.14/archives/python-3.14-docs-html.tar.bz2,1,1,0.0
url,https://docs.python.org/zh-cn/3.15/archives/python-3.15-docs-html.tar.bz2,1,1,0.0
url,https://docs.python.org/zh-cn/3.15/archives/python-3.15-docs.epub,1,1,0.0
url,https://docs.python.org/zh-cn/dev/archives/python-3.15-docs-html.zip,1,2,0.0
url,https://en.wikipedia.org/wiki/Fibonacci_sequence,1,2,0.0
url,https://en.wikipedia.org/wiki/Leap_second,1,1,0.0
url,https://en.wikipedia.org/wiki/Outlier,1,1,0.0
url,https://en.wikipedia.org/wiki/Universal_binary,1,1,0.0
url,https://github.com/anordin95/a-conceptual-overview-of-asyncio/tree/main,1,1,0.0
url,https://github.com/pvieito/PythonKit,1,2,0.0
url,https://github.com/python/cpython/blob/main/Doc/bugs.rst?plain=1,1,1,0.0
url,https://github.com/python/cpython/blob/main/Doc/c-api/init_config.rst?plain=1,1,1,0.0
url,https://github.com/python/cpython/blob/main/Doc/library/fcntl.rst?plain=1,1,1,0.0
url,https://github.com/python/cpython/blob/main/Doc/library/idle.rst?plain=1,1,1,0.0
url,https://github.com/python/cpython/blob/main/Doc/library/importlib.rst?plain=1,1,1,0.0
url,https://github.com/python/cpython/blob/main/Doc/library/tokenize.rst?plain=1,1,1,0.0
url,https://github.com/python/cpython/blob/main/Doc/library/webbrowser.rst?plain=1,1,1,0.0
url,https://github.com/python/cpython/blob/main/Doc/tutorial/appetite.rst?plain=1,1,1,0.0
url,https://github.com/python/cpython/blob/main/Doc/tutorial/controlflow.rst?plain=1,1,1,0.0
url,https://github.com/python/cpython/blob/main/Doc/tutorial/introduction.rst?plain=1,1,1,0.0
url,https://github.com/python/cpython/blob/main/Doc/using/unix.rst?plain=1,1,1,0.0
url,https://github.com/python/cpython/blob/main/Doc/whatsnew/3.5.rst?plain=1,1,1,0.0
url,https://github.com/python/cpython/issues/130645,1,1,0.0
url,https://github.com/python/cpython/issues/92332,1,1,0.0
url,https://github.com/python/cpython/tree/3.13/Android/testbed/app/build.gradle.kts,1,1,0.0
url,https://github.com/python/cpython/tree/3.13/Lib/idlelib,1,1,0.0
url,https://github.com/python/cpython/tree/3.13/Lib/random.py,1,2,0.0
url,https://github.com/python/cpython/tree/3.13/Lib/turtle.py,1,1,0.0
url,https://github.com/python/cpython/tree/3.13/Mac/Resources/app-store-compliance.patch,1,1,0.0
url,https://github.com/python/cpython/tree/3.14/Lib/argparse.py,1,1,0.0
url,https://github.com/python/cpython/tree/3.14/Lib/csv.py,1,1,0.0
url,https://github.com/python/cpython/tree/3.14/Lib/decimal.py,1,1,0.0
url,https://github.com/python/cpython/tree/3.14/Lib/ensurepip,1,1,0.0
url,https://github.com/python/cpython/tree/3.14/Lib/gzip.py,1,1,0.0
url,https://github.com/python/cpython/tree/3.14/Lib/mimetypes.py,1,1,0.0
url,https://github.com/python/cpython/tree/3.14/Lib/numbers.py,1,1,0.0
url,https://github.com/python/cpython/tree/3.14/Lib/pydoc.py,1,1,0.0
url,https://github.com/python/cpython/tree/3.14/Lib/string/__init__.py,1,1,0.0
url,https://github.com/python/cpython/tree/3.14/Lib/urllib/,1,1,0.0
url,https://github.com/python/cpython/tree/3.14/Lib/urllib/request.py,1,1,0.0
url,https://github.com/python/cpython/tree/3.14/Lib/webbrowser.py,1,1,0.0
url,https://github.com/python/cpython/tree/3.14/Lib/xml/sax/__init__.py,1,1,0.0
url,https://gvanrossum.github.io/,1,1,0.0
url,https://learn.microsoft.com/windows-server/administration/windows-commands/set_1,1,1,0.0
url,https://learn.microsoft.com/windows-server/administration/windows-commands/setx,1,1,0.0
url,https://learn.microsoft.com/windows/win32/procthread/environment-variables,1,1,0.0
url,https://manpages.debian.org/sched_yield(2),1,1,0.0
url,https://opensource.org/,1,1,0.0
url,https://packaging.python.org/en/latest/tutorials/installing-packages/,1,1,0.0
url,https://packaging.python.org/extensions/,1,1,0.0
url,https://packaging.python.org/guides/installing-using-pip-and-virtual-environments/#create-and-use-virtual-environments,1,1,0.0
url,https://peps.python.org/pep-0484/,1,1,0.0
url,https://peps.python.org/pep-0492/,1,1,0.0
url,https://peps.python.org/pep-0525/,1,1,0.0
url,https://peps.python.org/pep-0557/,1,1,0.0
url,https://peps.python.org/pep-0604/,1,1,0.0
url,https://peps.python.org/pep-0617/,1,1,0.0
url,https://peps.python.org/pep-0693/,1,1,0.0
url,https://peps.python.org/pep-0703/,1,1,0.0
url,https://peps.python.org/pep-0734/,1,1,0.0
url,https://peps.python.org/pep-0749/,1,1,0.0
url,https://peps.python.org/pep-0765/,1,1,0.0
url,https://pyo3.rs/,1,1,0.0
url,https://pypi.org/project/pyobjc/,1,1,0.0
url,https://pypi.org/project/telnetlib3/,1,1,0.0
url,https://pypi.org/project/typer/,1,1,0.0
url,https://sqlite.org/,1,1,0.0
url,https://termux.dev/en/,1,1,0.0
url,https://tiswww.case.edu/php/chet/readline/rltop.html,1,1,0.0
url,https://typing.python.org/en/latest/,1,1,0.0
url,https://wiki.python.org/moin/GuiProgramming,1,1,0.0
url,https://wiki.python.org/moin/IntegratedDevelopmentEnvironments,1,1,0.0
url,https://williambert.online/2011/07/how-to-unit-testing-in-django-with-mocking-and-patching/,1,1,0.0
url,https://winpython.github.io/,1,1,0.0
url,https://www.gnu.org/software/smalltalk/manual-base/html_node/Bag.html,1,1,0.0
url,https://www.jsonrpc.org/,1,1,0.0
url,https://www.python.org/downloads/source/,1,1,0.0
url,https://www.tcl.tk/man/tcl8.6/TkCmd/grid.htm,1,1,0.0
url,https://www.unicode.org/Public/16.0.0/ucd/NamedSequences.txt,1,1,0.0
url,https://www.unicode.org/Public/16.0.0/ucd/PropList.txt,1,1,0.0
url,https://www.zlib.net/,1,1,0.0
url,https://www.zlib.net/manual.html,1,1,0.0
