name,visitors,bounce_rate,visit_duration
Direct / None,2111,70,177
Google,2071,77,149
Bing,165,73,146
es.python.org,143,51,105
Brave,115,84,59
python.org,101,0,360
chatgpt.com,63,78,208
Yahoo!,19,84,45
DuckDuckGo,18,88,94
python-docs-translations.github.io,16,38,176
app.aluracursos.com,14,85,29
GitHub,12,82,30
educacionadistancia.juntadeandalucia.es,12,100,528
Perplexity,11,60,275
netacad.com,10,0,74
react-app-python-runner.vercel.app,10,91,136
Ecosia,9,78,88
campus110.unad.edu.co,9,78,49
copilot.microsoft.com,8,44,273
centros.edu.xunta.gal,7,86,25
aules.edu.gva.es,6,100,0
bbb159.uncoma.edu.ar,6,100,0
freecodecamp.org,5,100,0
skilio.com,5,60,21
Microsoft Teams,4,75,0
educaciodigital.cat,4,57,79
hablemospython.dev,4,25,307
pregrado.ucundinamarca.edu.co,4,75,2
Gmail,3,100,0
Youtube,3,67,1
app.codica.la,3,100,0
aprende.uned.ac.cr,3,100,0
aprendepython.es,3,100,0
aulavirtual.iesthosicodina.cat,3,0,508
campusvirtual.uniovi.es,3,33,68
tecvi2.itmerida.mx,3,80,850
unisabanae-learning.unisabana.edu.co,3,100,0
www3.gobiernodecanarias.org,3,67,19
aulavirtual.iescierva.net,2,100,0
aulavirtual.murciaeduca.es,2,100,0
aulavirtual37.educa.madrid.org,2,33,52
bbbcapacitaciones.chaco.gob.ar,2,100,0
cms.unir.net,2,0,514
dlopezcastellote.dev,2,50,123
escuela.pontia.tech,2,100,0
fpadistancia.edu.xunta.gal,2,50,1
ibmcsr.udemy.com,2,50,650
online.calamoycran.com,2,100,0
plataforma-beta.coderhouse.com,2,0,2
plataforma.itdurango.edu.mx,2,50,10
prisamedia.atlassian.net,2,0,74
symbaloo.com,2,100,0
udemy.com,2,0,107
127.0.0.1,1,0,8017
360.cn,1,100,0
Baidu,1,100,0
Slack,1,100,0
Yandex,1,0,442
app.thepower.education,1,100,0
apunts.institutmontilivi.cat,1,0,1364
atenea.upc.edu,1,0,13
aulas3.uach.mx,1,100,0
aulasvirtuales.unimet.edu.ve,1,100,0
campus.umh.es,1,0,0
campusvirtual.ull.es,1,0,28
chat.qwen.ai,1,100,0
claude.ai,1,100,0
crackstation.net,1,0,205
cvdof.ucm.es,1,0,9
developer.cisco.com,1,0,12
developer.mozilla.org,1,0,0
devguide.python.org,1,0,631
dir.gitbook.io,1,100,0
divergerthinking.atlassian.net,1,0,1443
docs-python-org.translate.goog,1,0,25
educapermanente.itla.edu.do,1,0,16
elearn.epam.com,1,0,23
ellibrodepython.com,1,0,1930
estudiantes.campus.humai.com.ar,1,100,0
euc-word-edit.officeapps.live.com,1,100,0
fastapi.tiangolo.com,1,0,14
favaloro.tucampus.org,1,100,0
flask.palletsprojects.com,1,0,29
formacion.intef.es,1,100,0
formacionpermanente.cursosvirtuales.uned.es,1,0,28
gregoriofer.com,1,100,0
ide-python-lists-stack-9674688.evaluator2-8.hexlet.io,1,100,0
jupyterlabnext-2-labs-prod-jupyterlab-us-east-0.labs.cognitiveclass.ai,1,0,124
l.meta.ai,1,100,0
leonardomarco.com,1,100,0
literate-space-spoon-694v5r6rgw75f54pj.github.dev,1,100,0
mclibre.org,1,0,87
msn.com,1,100,0
notebooks.githubusercontent.com,1,100,0
overleaf.com,1,0,80
pensamientocomputacional.dev.ar,1,100,0
peps.python.org,1,0,11
pinboard.opera.com,1,100,0
pip.pypa.io,1,0,673
pymupdf.readthedocs.io,1,0,46
pythoninsider.blogspot.com,1,0,45
pythonlobby.com,1,0,49
reflex.dev,1,0,2160
suarezdefigueroa.es,1,100,0
tecno12-18.com,1,100,0
ttech2025.github.io,1,100,0
virtual.unju.edu.ar,1,0,10
wearedevelopers.com,1,100,0
wiki.python.org,1,0,1149
wiki.python.org.ar,1,100,0
