name,version,visitors
Chrome,135.0,81
Microsoft Edge,135.0,22
Firefox,137.0,15
Safari,18.3,8
Chrome,134.0,4
Microsoft Edge,135,3
Chrome,132.0,2
Chrome,133.0,2
Safari,18.4,2
Mobile App,(not set),1
Microsoft Edge,105.0,1
Firefox,105.0,1
Chrome,109.0,1
Firefox,115.0,1
Microsoft Edge,116.0,1
Firefox,128.0,1
Chrome,128.0,1
Chrome,130.0,1
Chrome,131.0,1
Microsoft Edge,131.0,1
Avira Secure Browser,133.0,1
Firefox,136.0,1
Firefox,138.0,1
Safari,16.0,1
Safari,17.5,1
Safari,18.1,1
Safari,18.2,1
Yandex Browser,25.2,1
Chrome,51.0,1
