name,visitors
Tokyo,96
Osaka,19
Yokohama,7
N/A,7
Nagoya,6
Kyoto,6
N/A,4
Himeji,4
Toride,4
Narita,4
Sapporo,4
Kokubunji,3
Kawasaki,3
N/A,3
N/A,3
Xi’an,2
Yao,2
N/A,2
N/A,2
N/A,2
Okazaki,2
Ōiso,2
Nishinomiya-hama,2
Nagasaki,2
Mino,2
Machida,2
Kurume,2
Koshigaya,2
Ichinomiya,2
Hiroshima,2
N/A,2
Anan,2
Guayaquil,2
N/A,2
N/A,2
N/A,2
N/A,2
N/A,2
N/A,2
N/A,2
N/A,2
Dnipro,1
Kota,1
Nur-Sultan,1
Guangzhou,1
Beijing,1
Tsu,1
N/A,1
Tokushima,1
Suita,1
Oyama,1
Okayama,1
Ōita,1
Odawara,1
Moriguchi,1
Mishima,1
Matsudo,1
Kumagaya,1
Kobe,1
N/A,1
Kawaguchi,1
Kashiwa,1
Kanazawa,1
Kamakura,1
Kagoshima,1
N/A,1
Hamamatsu,1
Ginowan,1
Fukuroi,1
Ashikaga,1
N/A,1
Singapore,1
Sayama,1
Sendai,1
Ryūgasaki,1
Mito,1
N/A,1
Iwaki,1
Tsukubamirai,1
N/A,1
N/A,1
N/A,1
N/A,1
N/A,1
N/A,1
N/A,1
N/A,1
N/A,1
N/A,1
N/A,1
N/A,1
N/A,1
N/A,1
N/A,1
N/A,1
N/A,1
N/A,1
N/A,1
N/A,1
N/A,1
N/A,1
N/A,1
Yamanashi,1
N/A,1
N/A,1
N/A,1
N/A,1
N/A,1
N/A,1
