name,version,visitors
Windows,10,6497
Mac,10.15,795
GNU/Linux,(not set),407
Android,10,267
Android,15,87
iOS,18.6,83
Ubuntu,(not set),65
Windows,7,58
iOS,18.7,54
Android,14,38
Android,13,28
iOS,26.0,27
Chrome OS,14541.0,26
HarmonyOS,(not set),23
iOS,18.5,17
Android,12,15
HarmonyOS,3.0,13
Windows,8.1,12
Android,11,9
Android,16,8
iOS,18.1,7
iOS,18.3,6
Android,9,6
(not set),(not set),5
iOS,16.7,5
iOS,17.6,4
iOS,15.6,3
iOS,26.1,3
Mac,10.12,2
iOS,13.6,2
Chrome OS,13904.77,2
iOS,14.0,2
iOS,16.1,2
iPadOS,17.4,2
iOS,18.4,2
iOS,4.3,2
Android,8.0,2
Android,8.1,2
Windows,(not set),1
Mac,(not set),1
Windows Mobile,10,1
Mac,10.13,1
Mac,10.14,1
iOS,11.2,1
iOS,12.2,1
iOS,12.5,1
iOS,15.2,1
iOS,16.0,1
iOS,16.3,1
iOS,17.1,1
iOS,17.2,1
iOS,17.5,1
iOS,18.0,1
HarmonyOS,2.2,1
Android,5.1,1
Android,7.1,1
Windows,Server 2003,1
