name,visitors,pageviews,bounce_rate,time_on_page,scroll_depth
/3.13/tutorial/index.html,1258,1627,74,56,43
/3.13/,946,1168,69,27,73
/3.13/using/windows.html,908,1041,74,47,21
/3.13/index.html,406,442,57,26,72
/3.13/tutorial/,356,424,63,43,48
/3.13/whatsnew/3.13.html,265,308,66,51,15
/3.13/tutorial/interpreter.html,216,207,80,63,72
/3.13/search.html,207,301,50,29,44
/3.13/tutorial/appetite.html,186,182,71,58,77
/3.13/library/stdtypes.html,175,209,73,212,39
/3.13/library/functions.html,170,204,80,66,52
/3.13/tutorial/introduction.html,158,149,85,117,60
/zh-cn/3.13/tutorial/index.html,157,191,62,39,56
/3.13/library/index.html,122,140,65,99,33
/3.13/tutorial/controlflow.html,111,133,76,140,39
/3.13/library/,109,136,67,25,34
/zh-cn/3.13/using/android.html,107,132,67,19,87
/zh-cn/3.13/,82,98,45,17,79
/ja/3.13/tutorial/,77,96,54,28,51
/zh-cn/3.13/library/idle.html,73,78,77,36,31
/zh-cn/3.13/library/index.html,63,96,48,50,49
/3.13/reference/index.html,54,55,29,31,65
/es/3.13/library/index.html,51,56,67,41,48
/zh-cn/3.13/library/functions.html,51,55,69,113,34
/3.13/library/idle.html,50,54,90,26,23
/3.13/tutorial/datastructures.html,50,48,70,105,47
/3.13/installing/index.html,49,40,50,15,57
/es/3.13/tutorial/index.html,49,57,84,19,37
/3.13/library/random.html,48,49,85,67,38
/3.13/download.html,45,47,81,68,85
/3.13/py-modindex.html,44,50,42,44,46
/3.13/glossary.html,42,47,82,49,38
/zh-cn/3.13/tutorial/interpreter.html,41,41,69,31,69
/3.13/library/tkinter.html,40,45,80,77,37
/zh-cn/3.13/search.html,39,60,33,17,55
/3.13/library/datetime.html,38,40,87,49,46
/3.13/library/dis.html,38,51,67,90,76
/3.13/library/os.html,38,41,74,224,55
/3.13/library/typing.html,37,42,71,36,38
/3.13/contents.html,35,33,77,21,12
/es/3.13/library/tkinter.html,35,33,72,54,36
/zh-cn/3.13/library/stdtypes.html,35,46,71,98,36
/zh-cn/3.13/tutorial/controlflow.html,35,39,81,47,56
/zh-cn/3.13/index.html,34,38,56,12,81
/zh-cn/3.13/tutorial/datastructures.html,34,36,78,174,56
/zh-cn/3.13/using/index.html,34,36,68,9,87
/zh-cn/3.13/using/windows.html,34,36,81,72,41
/es/3.13/library/functions.html,33,34,77,114,36
/ja/3.13/tutorial/inputoutput.html,33,40,73,57,62
/ja/3.13/library/stdtypes.html,32,31,82,78,22
/ja/3.13/library/re.html,31,34,87,38,34
/zh-cn/3.13/tutorial/introduction.html,31,31,86,74,58
/3.13/using/cmdline.html,30,26,78,58,34
/3.13/using/index.html,30,27,70,14,73
/3.13/library/exceptions.html,29,29,85,25,38
/uk/3.13/extending/extending.html,29,32,90,2,2
/3.13/reference/datamodel.html,28,29,50,52,44
/pt-br/3.13/tutorial/datastructures.html,28,26,90,110,47
/es/3.13/tutorial/datastructures.html,27,31,100,56,25
/ja/3.13/tutorial/interpreter.html,27,31,40,162,72
/pt-br/3.13/tutorial/index.html,27,29,70,39,50
/3.13/library/pathlib.html,26,28,79,38,63
/3.13/library/re.html,26,27,75,76,56
/3.13/library/turtle.html,26,30,70,52,41
/ja/3.13/glossary.html,25,23,83,42,38
/zh-cn/3.13/tutorial/,25,28,74,21,49
/3.13/library/string.html,24,21,70,82,30
/uk/3.13/library/turtle.html,24,33,85,113,40
/3.13/library/collections.html,23,22,71,31,45
/3.13/reference/compound_stmts.html,23,25,60,4829,44
/3.13/tutorial/classes.html,23,30,75,107,31
/es/3.13/library/stdtypes.html,23,23,75,11,32
/ja/3.13/library/datetime.html,23,24,86,27,29
/pt-br/3.13/library/tkinter.html,23,20,80,24,24
/zh-cn/3.13/library/turtle.html,23,26,89,211,32
/zh-cn/3.13/tutorial/appetite.html,23,21,67,12,88
/zh-tw/3.13/tutorial/index.html,23,40,79,64,50
/ja/3.13/library/dataclasses.html,22,21,95,63,32
/ja/3.13/tutorial/introduction.html,22,19,90,276,58
/zh-cn/3.13/download.html,22,16,33,20,85
/es/3.13/search.html,21,28,64,13,52
/es/3.13/tutorial/controlflow.html,21,24,89,88,19
/ja/3.13/library/enum.html,21,20,100,18,18
/ja/3.13/library/functions.html,21,23,57,55,50
/zh-cn/3.13/library/math.html,21,21,73,107,56
/zh-cn/3.13/tutorial/classes.html,21,18,93,124,40
/3.13/library/io.html,20,16,56,59,44
/3.13/reference/lexical_analysis.html,20,17,100,58,33
/es/3.13/tutorial/interpreter.html,20,28,86,93,87
/zh-cn/3.13/installing/index.html,20,19,100,60,73
/zh-cn/3.13/reference/index.html,20,23,50,57,61
/ja/3.13/library/threading.html,19,21,71,76,47
/zh-cn/3.13/library/tkinter.html,19,33,70,131,34
/3.13/genindex.html,18,16,0,6,100
/3.13/tutorial/errors.html,18,16,67,92,49
/fr/3.13/tutorial/classes.html,18,19,81,133,33
/ja/3.13/library/logging.html,18,16,100,53,34
/ja/3.13/tutorial/index.html,18,26,85,59,57
/es/3.13/tutorial/appetite.html,17,17,100,77,80
/ja/3.13/search.html,17,18,67,27,46
