name,unique_exits,total_exits,exit_rate
/tr/3.13/using/windows.html,7,7,
/tr/3/installing/index.html,7,7,
/tr/3.13/tutorial/index.html,6,6,
/3/,5,5,
/tr/3/tutorial/index.html,4,4,
/tr/3.13/,3,3,
/tr/3.13/search.html,3,3,
/tr/3.13/tutorial/appetite.html,3,3,
/tr/3/tutorial/errors.html,3,2,
/3.13/download.html,2,2,
/3.13/search.html,2,2,
/3.13/tutorial/index.html,2,2,
/3.13/using/windows.html,2,2,
/3/library/ensurepip.html,2,2,
/tr/3.13/download.html,2,2,
/tr/3.13/glossary.html,2,2,
/tr/3.13/index.html,2,2,
/tr/3.13/library/stdtypes.html,2,2,
/tr/3.14/whatsnew/3.14.html,2,2,
/tr/3/,2,4,
/tr/3/library/math.html,2,2,
/3.13/library/index.html,1,1,
/3.13/tutorial/,1,1,
/3.13/tutorial/appendix.html,1,1,
/3.13/tutorial/appetite.html,1,1,
/3.13/tutorial/modules.html,1,1,
/3/installing/index.html,1,1,
/3/library/index.html,1,1,
/3/reference/compound_stmts.html,1,1,
/3/tutorial/controlflow.html,1,1,
/pt-br/3.13/library/stdtypes.html,1,1,
/tr/3.12/installing/index.html,1,1,
/tr/3.13/contents.html,1,1,
/tr/3.13/library/math.html,1,1,
/tr/3.13/library/site.html,1,1,
/tr/3.13/library/string.html,1,1,
/tr/3.13/library/threading.html,1,1,
/tr/3.13/reference/grammar.html,1,1,
/tr/3.13/tutorial/,1,1,
/tr/3.13/tutorial/controlflow.html,1,1,
/tr/3.13/tutorial/datastructures.html,1,1,
/tr/3.13/tutorial/introduction.html,1,1,
/tr/3.13/tutorial/modules.html,1,1,
/tr/3.13/whatsnew/3.13.html,1,1,
/tr/3.14/c-api/object.html,1,1,
/tr/3/library/codecs.html,1,1,
/tr/3/library/functions.html,1,1,
/tr/3/search.html,1,1,
/tr/3/tutorial/,1,1,
/tr/3/tutorial/inputoutput.html,1,1,
/tr/3/tutorial/interpreter.html,1,1,
/zh-cn/3.13/using/windows.html,1,1,
