name,version,visitors
Windows,10,783
Mac,10.15,235
Android,10,90
Android,13,51
Android,14,50
iOS,18.5,49
Android,15,34
GNU/Linux,(not set),32
HarmonyOS,3.0,29
Android,12,21
HarmonyOS,(not set),14
Android,11,14
Chrome OS,14541.0,12
HarmonyOS,2.2,9
Android,9,6
iOS,16.7,5
iOS,18.3,5
Android,8.1,4
iOS,15.3,3
iOS,16.1,3
Ubuntu,(not set),2
iOS,15.5,2
iOS,16.6,2
iPadOS,16.7,2
iOS,17.5,2
iOS,17.6,2
iOS,19.0,2
Android,7.0,2
Android,7.1,2
Android,8.0,2
Windows,XP,2
UOS,(not set),1
Mac,(not set),1
(not set),(not set),1
Windows,(not set),1
iOS,13.3,1
iOS,15.4,1
iOS,15.8,1
iOS,16.2,1
iOS,16.3,1
iOS,17.7,1
iOS,18.0,1
iOS,18.1,1
iOS,18.4,1
HarmonyOS,2.1,1
Android,5.1,1
Windows,7,1
