name,visitors
Chrome,13441
Microsoft Edge,5578
Firefox,1797
Safari,995
Opera,924
Yandex Browser,264
Mobile App,239
Avast Secure Browser,46
Samsung Browser,42
Whale Browser,39
Huawei Browser Mobile,26
Quark,26
QQ Browser,19
Smart Lenovo Browser,16
AVG Secure Browser,15
Sogou Explorer,11
360 Secure Browser,9
MIUI Browser,9
vivo Browser,7
(not set),5
CCleaner,5
Norton Private Browser,4
UC Browser,4
Avira Secure Browser,3
Opera Touch,3
115 Browser,2
Huawei Browser,2
Iron,2
Sleipnir,2
AdBlock Browser,1
Android Browser,1
Chromium,1
Falkon,1
Lenovo Browser,1
Mobile Silk,1
Netscape,1
Opera GX,1
Oppo Browser,1
Phoenix Browser,1
SeaMonkey,1
UBrowser,1
