name,visitors,pageviews,bounce_rate,time_on_page,scroll_depth
/ko/3.13/library/intro.html,312,284,89,3,27
/ko/3.13/library/idle.html,57,60,79,6,19
/ko/3.13/installing/index.html,51,50,81,10,42
/ko/3.13/tutorial/index.html,47,72,53,24,63
/ko/3.13/library/index.html,35,49,39,25,44
/ko/3/tutorial/index.html,33,37,68,17,59
/ko/3.13/library/functions.html,27,33,65,53,40
/ko/3.13/search.html,25,44,73,13,63
/ko/3.13/library/turtle.html,20,18,91,21,31
/ko/3.13/tutorial/interpreter.html,18,16,50,43,75
/ko/3/,18,20,58,11,79
/ko/3.13/tutorial/controlflow.html,16,19,38,89,47
/ko/dev/library/turtle.html,16,18,73,20,7
/ko/3.13/library/math.html,15,16,71,45,39
/ko/3.13/tutorial/appetite.html,15,14,100,150,82
/ko/3.13/tutorial/classes.html,13,12,100,64,56
/ko/3.13/library/collections.html,12,13,83,53,39
/ko/dev/library/idle.html,12,15,67,10,28
/ko/3.13/library/asyncio.html,11,14,44,14,68
/ko/3.13/library/json.html,11,10,100,22,41
/ko/3/c-api/intro.html,11,10,100,6,4
/ko/3/library/functions.html,11,10,100,45,66
/ko/3/library/stdtypes.html,11,13,80,3,2
/ko/3.13/,10,11,100,4,72
/ko/3/faq/design.html,10,9,67,11,12
/ko/3.13/library/stdtypes.html,9,15,50,72,47
/ko/3.13/reference/index.html,9,26,33,16,57
/ko/3.13/tutorial/datastructures.html,9,8,100,163,39
/ko/3.13/library/asyncio-task.html,8,8,80,20,38
/ko/3.13/library/random.html,8,8,100,22,38
/ko/3.13/library/re.html,8,8,100,18,25
/ko/3.13/tutorial/introduction.html,8,8,100,309,43
/ko/3.13/tutorial/modules.html,8,9,100,36,80
/ko/3/library/index.html,8,9,71,14,37
/ko/3.13/howto/sorting.html,7,8,71,78,58
/ko/3.13/library/csv.html,7,7,100,62,36
/ko/3.13/library/datetime.html,7,6,60,61,30
/ko/3.13/using/windows.html,7,6,100,23,38
/ko/3.13/whatsnew/3.13.html,7,4,0,6,6
/ko/3.13/whatsnew/index.html,7,8,50,4,10
/ko/3/search.html,7,7,0,4,29
/ko/3/tutorial/appetite.html,7,5,100,6,73
/ko/3.13/contents.html,6,6,0,7,9
/ko/3.13/glossary.html,6,7,33,44,25
/ko/3.13/index.html,6,9,0,7,79
/ko/3.13/library/array.html,6,6,60,28,92
/ko/3.13/library/heapq.html,6,8,80,451,80
/ko/3.13/library/itertools.html,6,6,80,8,36
/ko/3/tutorial/controlflow.html,6,5,100,15,42
/ko/3/tutorial/interpreter.html,6,5,100,13,94
/ko/3/using/windows.html,6,6,100,40,54
/ko/3.13/library/os.html,5,5,33,30,20
/ko/3.13/library/socket.html,5,7,67,9,22
/ko/3.13/tutorial/stdlib.html,5,3,0,20,97
/ko/3/reference/,5,5,80,6,79
/ko/3/tutorial/,5,5,80,9,26
/ko/3/tutorial/introduction.html,5,4,0,22,51
/ko/3.13/library/fractions.html,4,5,100,18,50
/ko/3.13/library/importlib.html,4,2,0,55,36
/ko/3.13/library/pprint.html,4,4,100,19,24
/ko/3.13/library/string.html,4,3,67,33,65
/ko/3.13/library/subprocess.html,4,4,67,14,17
/ko/3.13/tutorial/errors.html,4,4,100,26,58
/ko/3.13/tutorial/floatingpoint.html,4,3,0,35,80
/ko/3/library/idle.html,4,4,75,3,8
/ko/3.12/library/index.html,3,2,0,11,30
/ko/3.12/library/stdtypes.html,3,2,0,5,50
/ko/3.12/search.html,3,3,0,3,44
/ko/3.13/c-api/index.html,3,6,0,19,55
/ko/3.13/c-api/typeobj.html,3,2,100,5,2
/ko/3.13/howto/regex.html,3,3,100,15,71
/ko/3.13/library/http.server.html,3,3,100,18,23
/ko/3.13/library/pdb.html,3,2,100,219,56
/ko/3.13/library/ssl.html,3,3,50,119,9
/ko/3.13/library/threading.html,3,3,100,256,28
/ko/3.13/reference/datamodel.html,3,4,0,103,61
/ko/3.13/reference/expressions.html,3,2,0,86,86
/ko/3.13/reference/introduction.html,3,3,0,4,60
/ko/3.13/tutorial/appendix.html,3,3,0,7,62
/ko/3.13/tutorial/inputoutput.html,3,2,100,7,100
/ko/3/library/,3,3,67,9,17
/ko/3/library/contextlib.html,3,4,67,27,36
/ko/3/library/logging.handlers.html,3,3,100,5,18
/ko/3/library/tokenize.html,3,3,67,15,72
/ko/3/reference/lexical_analysis.html,3,3,100,8,79
/ko/3/tutorial/datastructures.html,3,4,75,16,21
/ko/dev/c-api/marshal.html,3,3,100,1,32
/ko/3.12/faq/library.html,2,1,0,97,55
/ko/3.12/library/constants.html,2,1,0,2,100
/ko/3.12/library/functions.html,2,2,100,3,53
/ko/3.12/library/multiprocessing.shared_memory.html,2,3,100,98,44
/ko/3.12/library/types.html,2,3,0,37,79
/ko/3.12/tutorial/classes.html,2,2,0,12,94
/ko/3.12/tutorial/index.html,2,5,0,32,56
/ko/3.13/bugs.html,2,2,0,3,38
/ko/3.13/c-api/intro.html,2,2,0,61,13
/ko/3.13/c-api/list.html,2,2,0,4,40
/ko/3.13/c-api/long.html,2,1,0,19,100
/ko/3.13/extending/index.html,2,2,0,3,63
/ko/3.13/howto/argparse.html,2,1,0,444,45
