name,visitors
Taipei,245
N/A,159
Taichung,63
Kaohsiung,55
Taoyuan,44
Hsinchu,43
Tainan,41
Zhubei,30
N/A,20
Singapore,18
The Dalles,16
Hong Kong,13
Beijing,11
Ho Chi Minh City,10
N/A,10
Miaoli,8
Guangzhou,8
Chang-hua,6
Shenzhen,6
Shanghai,6
Ashburn,6
Los Angeles,6
N/A,6
Hanoi,5
Banqiao,5
N/A,5
Taoyuan City,5
New Delhi,4
N/A,4
N/A,4
Hualien City,4
N/A,4
Keelung,4
Jiayi Shi,4
N/A,4
Tokyo,4
New York City,4
Haiphong,3
N/A,3
N/A,3
Zhengzhou,3
Qingdao,3
Chengdu,3
North Bergen,3
Izhevsk,2
Johannesburg,2
Hyderabad,2
Gurgaon,2
Tashkent,2
N/A,2
Da Nang,2
Yuanlin,2
N/A,2
Nantou,2
N/A,2
N/A,2
N/A,2
Kuala Lumpur,2
Tianjin,2
Hefei,2
N/A,2
N/A,2
N/A,2
Perth,2
São Paulo,2
Hyattsville,2
Schaumburg,2
Jersey City,2
N/A,2
N/A,2
N/A,2
Addis Ababa,1
Riga,1
Odessa,1
Istanbul,1
Centurion,1
Faisalabad,1
Dhaka,1
Lucknow,1
Almaty,1
Vũng Tàu,1
Thủ Dầu Một,1
Phú Thọ,1
Phan Thiết,1
N/A,1
Taitung,1
N/A,1
N/A,1
N/A,1
N/A,1
N/A,1
N/A,1
Fengshan,1
Yilan,1
Xindian,1
N/A,1
George Town,1
Wuhu,1
Suzhou,1
Shijiazhuang,1
Xishan,1
Kunming,1
Huainan,1
Hangzhou,1
Dongguan,1
Dalian,1
Chongqing,1
Baoding,1
Wong Tai Sin,1
Wan Chai,1
N/A,1
N/A,1
N/A,1
Sydney,1
Brisbane,1
Sidi Bel Abbès,1
Marrakesh,1
Copenhagen,1
Solihull,1
Zürich,1
Stockholm,1
Naaldwijk,1
Linz,1
Wuppertal,1
N/A,1
Montevideo,1
Guarulhos,1
Blumenau,1
Cúcuta,1
Venustiano Carranza,1
Santiago,1
Concepción,1
Towson,1
Frisco,1
Houston,1
Rowland Heights,1
San Jose,1
Orem,1
Seattle,1
Vancouver,1
N/A,1
Inzai,1
N/A,1
N/A,1
N/A,1
