name,visitors
China,4090
India,2135
United States,1710
Japan,1226
Brazil,792
Russian Federation,619
Mexico,497
France,487
South Korea,470
Taiwan,390
Hong Kong,361
Singapore,340
Ukraine,306
Colombia,280
Germany,273
United Kingdom,272
Canada,264
Spain,250
Vietnam,229
Indonesia,195
Italy,195
Philippines,177
Turkey,172
Argentina,171
Pakistan,167
Peru,163
Poland,158
Iran,149
Nigeria,141
Netherlands,137
Australia,133
Saudi Arabia,117
Egypt,116
Bangladesh,107
Chile,103
Kenya,84
Uzbekistan,77
Malaysia,71
South Africa,69
Morocco,65
Thailand,64
United Arab Emirates,62
Venezuela,56
Israel,54
Sweden,53
Switzerland,51
Finland,51
Ecuador,50
Czechia,48
Algeria,47
Ghana,46
Kazakhstan,46
Sri Lanka,40
Belgium,38
Iraq,37
Nepal,37
Hungary,36
Costa Rica,35
Norway,35
Austria,34
Bolivia,34
Guatemala,33
Romania,30
Cambodia,29
Ireland,28
Portugal,27
Tunisia,27
Uruguay,27
Belarus,26
Greece,24
Uganda,24
Dominican Republic,23
Denmark,22
Ethiopia,20
El Salvador,20
Côte d'Ivoire,19
Myanmar,19
Jordan,18
Kuwait,18
Zimbabwe,18
Armenia,17
Panama,17
Angola,16
Nicaragua,16
Tanzania,16
Bulgaria,15
"Congo, The Democratic Republic of the",14
Slovenia,14
Oman,13
Paraguay,13
Qatar,13
Serbia,13
Azerbaijan,12
Kyrgyzstan,12
Lithuania,12
Libya,12
Cameroon,11
Lebanon,11
Afghanistan,10
Jamaica,10
Mongolia,10
Syria,10
Honduras,9
Latvia,9
Puerto Rico,9
Réunion,9
Slovakia,9
Togo,9
Albania,8
Burkina Faso,8
Cuba,8
Cyprus,8
Georgia,8
Mali,8
Zambia,8
Benin,7
Guadeloupe,7
Madagascar,7
North Macedonia,7
New Zealand,7
Estonia,6
Gabon,6
Yemen,6
Bosnia and Herzegovina,5
Barbados,5
Bahrain,5
Croatia,5
Moldova,5
Macao,5
Mauritania,5
"Palestine, State of",5
Rwanda,5
Somalia,5
Mauritius,4
Seychelles,4
South Sudan,4
Chad,4
Botswana,3
Congo,3
Guyana,3
Mozambique,3
Niger,3
Sudan,3
Trinidad and Tobago,3
Belize,2
Curaçao,2
Gambia,2
Equatorial Guinea,2
Haiti,2
Liberia,2
Malta,2
Malawi,2
Senegal,2
Tajikistan,2
Kosovo,2
Brunei Darussalam,1
Grenada,1
Cayman Islands,1
Lesotho,1
Luxembourg,1
Montenegro,1
Martinique,1
New Caledonia,1
French Polynesia,1
Suriname,1
Turks and Caicos Islands,1
Timor-Leste,1
"Virgin Islands, British",1
