name,visitors
Spain,793
Mexico,687
Colombia,461
Argentina,448
Peru,310
Chile,290
Ecuador,102
Venezuela,95
United States,74
Bolivia,69
Costa Rica,63
Dominican Republic,42
Uruguay,27
Guatemala,24
El Salvador,24
Paraguay,23
Cuba,22
Panama,22
Honduras,15
Germany,12
Nicaragua,12
Brazil,9
France,9
Italy,7
India,6
Canada,5
United Kingdom,5
Poland,5
China,4
Ireland,4
Puerto Rico,4
Russian Federation,4
Netherlands,3
Portugal,3
Andorra,2
Australia,2
Switzerland,2
Singapore,2
United Arab Emirates,1
Austria,1
Belarus,1
Curaçao,1
Denmark,1
Egypt,1
Iraq,1
Iceland,1
Japan,1
Morocco,1
Norway,1
Philippines,1
Pakistan,1
Sweden,1
Thailand,1
