name,visitors
Tokyo,2811
Osaka,685
Kanagawa,460
Aichi,256
Chiba,236
Saitama,209
Hyogo,127
Hokkaido,110
Fukuoka,101
Kyoto,89
Hiroshima,81
Jiangsu,77
Ibaraki,68
Shandong,67
Yamagata,60
Nagano,60
Shizuoka,57
Henan,53
Gunma,53
Sichuan,49
Shiga,49
Miyagi,43
Hebei,38
Tochigi,37
Gifu,36
Zhejiang,35
Okayama,33
Niigata,31
Shanghai,30
Ishikawa,28
Nara,28
Hubei,27
Ehime,25
Okinawa,25
Fujian,22
Mie,22
Nagasaki,20
Gansu,19
Fukui,19
Miyazaki,19
Liaoning,18
Shaanxi,18
Anhui,16
Chongqing,15
Guangdong,14
Yamaguchi,14
Kagawa,14
Beijing,13
Kumamoto,13
Oita,13
Kagoshima,13
Iwate,12
Hunan,11
Jiangxi,11
Yunnan,11
Tokushima,11
Tianjin,10
Fukushima,10
Toyama,10
Shimane,10
Tottori,9
Saga,9
Aomori,8
Guizhou,7
Shanxi,7
Akita,7
Yamanashi,7
Colorado,7
Heilongjiang,6
Guangxi,5
Wakayama,5
Ningxia,4
Baden-Württemberg,4
California,4
Victoria,3
Inner Mongolia,3
England,3
Kochi,3
Hanoi,3
Goiás,2
Ústí nad Labem,2
Maharashtra,2
Abruzzo,2
Amman,2
Gyeonggi,2
North Jeolla,2
Yangon,2
South Holland,2
NO-08,2
Taipei,2
Maryland,2
Đồng Nai,2
Hainan,1
Jilin,1
Berlin,1
Mecklenburg-Vorpommern,1
Central Java,1
Karnataka,1
West Bengal,1
North Holland,1
Davao,1
Lisbon,1
Moscow,1
Nizhny Novgorod,1
Stockholm,1
Hawaii,1
New Jersey,1
New York,1
Virginia,1
