name,visitors
Singapore,243
Warsaw,94
Kraków,60
Poznań,28
Wrocław,23
Gdańsk,22
Łódź,12
Szczecin,11
Lublin,10
Puławy,9
Katowice,8
Chodzież,7
Toruń,6
Bytom,6
Rzeszów,5
Rabka-Zdrój,5
Olsztyn,4
Mielec,4
Grodzisk Mazowiecki,4
Gdynia,4
Krasnystaw,3
Częstochowa,3
North Charleston,3
Orël,2
Łapy,2
N/A,2
Białystok,2
Bristol,2
Lausanne,2
Leipzig,2
Kleve,2
Frankfurt am Main,2
Rybnik,2
Ruda Śląska,2
Piła,2
N/A,2
Biały Bór,2
Minsk,1
Liubeshiv,1
Wyszków,1
Tomaszów Mazowiecki,1
Stalowa Wola,1
Skórzec,1
Ożarów Mazowiecki,1
Otwock,1
N/A,1
Mława,1
Michałowice,1
Łomianki,1
Brzesko,1
Surat,1
Tokyo,1
Lisbon,1
Manchester,1
London,1
Kampen,1
Kalkar,1
Żory,1
Zakopane,1
Tychy,1
Szczecinek,1
Strzelce Opolskie,1
Sosnowiec,1
Słupsk,1
Rozprza,1
Radomsko,1
Racibórz,1
Pilica,1
Pabianice,1
Ozimek,1
Mysłowice,1
Milicz,1
Miedźna,1
Lipowa,1
Lipnica Mała,1
Kamieniec Wrocławski,1
Jeleśnia,1
Jarocin,1
Imielin,1
Grudziądz,1
Gliwice,1
Gaszowice,1
Czechowice-Dziedzice,1
Bydgoszcz,1
Brodnica,1
Bolszewo,1
Bielsko-Biala,1
Bielawa,1
Bielany Wrocławskie,1
Barlinek,1
Medford,1
New York City,1
Queens,1
Roseburg,1
The Dalles,1
N/A,1
N/A,1
