name,visitors,pageviews,bounce_rate,time_on_page,scroll_depth
/3/,14710,19599,55,35,74
/3/library/stdtypes.html,7765,8605,79,102,39
/3/library/functions.html,7567,8238,79,215,45
/3/tutorial/index.html,6935,9355,62,448,56
/3/tutorial/,5316,6234,81,21,41
/3/search.html,5169,8168,43,25,47
/3/library/venv.html,4682,4911,92,38,31
/3/library/index.html,4477,5547,61,43,41
/3/tutorial/datastructures.html,4354,4580,80,283,45
/3/library/datetime.html,4222,4626,85,91,39
/3/library/idle.html,3463,4052,77,22,31
/3/tutorial/controlflow.html,3045,3303,81,370,41
/3/library/re.html,2878,3102,85,74,40
/3/library/random.html,2737,2935,85,57,34
/3/library/pathlib.html,2614,2816,83,51,40
/3/library/typing.html,2545,2702,82,68,28
/3/library/tkinter.html,2526,2938,74,84,31
/3/using/windows.html,2466,2623,78,52,16
/3/library/turtle.html,2456,3010,83,84,29
/3/library/math.html,2409,2631,84,51,38
/3/tutorial/introduction.html,2397,2556,76,219,60
/3/library/csv.html,2334,2583,86,156,41
/3/library/argparse.html,2181,2356,84,403,32
/3/library/logging.html,2175,2432,79,181,37
/3/library/os.html,2070,2153,77,60,33
/3/library/exceptions.html,2066,2094,83,114,49
/3/tutorial/classes.html,2056,2104,85,178,44
/3/tutorial/interpreter.html,2031,2251,70,108,77
/3/tutorial/errors.html,1977,2029,84,69,38
/3/library/collections.html,1922,1997,82,631,40
/3/glossary.html,1876,1856,65,53,50
/3/library/dataclasses.html,1875,1969,86,223,34
/3/tutorial/inputoutput.html,1853,1898,80,143,47
/3/library/subprocess.html,1814,2014,83,88,31
/3/whatsnew/3.14.html,1810,1896,71,62,30
/3/library/string.html,1750,1764,77,288,43
/3/tutorial/appetite.html,1593,1490,52,79,85
/3/reference/datamodel.html,1468,1596,74,337,49
/3/library/itertools.html,1463,1525,85,78,31
/3/library/time.html,1442,1500,83,72,39
/3/library/multiprocessing.html,1396,1574,82,91,27
/3/library/json.html,1366,1393,84,54,35
/3/reference/index.html,1324,1787,46,216,64
/3/library/threading.html,1311,1397,77,72,36
/3/tutorial/modules.html,1295,1303,79,110,49
/3/library/asyncio-task.html,1249,1387,80,104,39
/3/library/os.path.html,1179,1191,79,40,48
/3/library/enum.html,1176,1218,84,54,32
/3/library/asyncio.html,1164,1373,69,36,71
/3/library/sqlite3.html,1153,1291,85,171,26
/3/tutorial/venv.html,1144,1168,89,65,54
/3/library/unittest.html,1079,1148,86,75,24
/3/library/functools.html,1062,1106,83,56,41
/3/installing/index.html,959,981,79,52,59
/3/library/unittest.mock.html,956,1093,86,70,34
/3/py-modindex.html,948,1062,70,91,49
/3/library/socket.html,939,1054,79,65,48
/3/reference/expressions.html,939,1041,78,64,56
/3/library/sys.html,917,992,78,70,36
/3/howto/sorting.html,912,959,81,52,37
/3/howto/logging.html,883,919,80,106,40
/3/reference/compound_stmts.html,874,914,73,67,39
/3/library/concurrent.futures.html,860,905,81,85,46
/3/contents.html,847,918,46,27,15
/3/index.html,840,1079,45,17,79
/3/reference/lexical_analysis.html,817,850,78,84,51
/3/library/heapq.html,814,863,87,77,46
/3/library/pickle.html,792,799,91,47,27
/3/library/xml.etree.elementtree.html,786,889,85,83,33
/zh-cn/3/,777,904,58,17,76
/3/library/shutil.html,694,714,84,49,34
/3/library/io.html,689,725,77,557,47
/3/library/struct.html,687,717,86,595,42
/3/using/cmdline.html,674,693,75,61,34
/3/reference/simple_stmts.html,658,662,77,64,55
/zh-cn/3/tutorial/index.html,642,802,56,28,58
/3/library/,603,716,66,54,42
/es/3/tutorial/,598,759,59,56,51
/3/download.html,596,528,51,27,94
/3/library/pdb.html,577,591,89,42,34
/3/howto/regex.html,564,571,84,88,36
/3/reference/import.html,562,613,80,104,36
/3/library/tempfile.html,546,595,83,52,54
/3/using/index.html,546,797,47,46,77
/3/library/contextlib.html,539,550,81,55,29
/3/library/hashlib.html,531,544,83,54,31
/3/library/asyncio-eventloop.html,527,551,74,52,39
/3/using/mac.html,526,546,76,65,48
/3/library/copy.html,515,519,85,42,68
/3/license.html,513,574,81,37,23
/3/library/abc.html,504,513,82,215,50
/3/library/urllib.parse.html,473,508,84,63,43
/3/library/operator.html,467,450,83,39,49
/3/library/decimal.html,453,456,88,74,24
/3/library/queue.html,440,440,80,80,58
/3/library/ast.html,439,452,88,47,33
/3/library/collections.abc.html,432,449,77,47,61
/3/library/glob.html,421,423,88,42,65
/3/howto/argparse.html,410,383,79,182,44
/3/library/logging.handlers.html,407,430,76,59,37
