name,unique_entrances,total_entrances,visit_duration
/3/,8810,9052,139
/3/library/venv.html,3757,3828,42
/3/library/functions.html,3485,3616,113
/3/tutorial/index.html,3358,3502,172
/3/library/stdtypes.html,3112,3297,142
/3/tutorial/datastructures.html,2147,2228,133
/3/tutorial/,2063,2254,89
/3/library/datetime.html,2043,2108,74
/3/library/tkinter.html,1892,1946,78
/3/library/turtle.html,1708,1824,72
/3/library/index.html,1700,1769,158
/3/library/re.html,1447,1504,65
/3/library/random.html,1411,1475,67
/3/search.html,1392,1496,245
/3/library/idle.html,1316,1333,40
/3/library/typing.html,1262,1308,77
/3/library/math.html,1138,1184,71
/3/tutorial/controlflow.html,1092,1149,155
/3/tutorial/classes.html,1076,1122,158
/3/library/csv.html,1035,1077,84
/3/library/collections.html,1034,1061,99
/3/tutorial/errors.html,1014,1033,113
/3/library/unittest.html,942,1012,77
/3/library/itertools.html,834,874,98
/3/library/os.html,812,832,150
/3/library/argparse.html,797,833,108
/3/library/exceptions.html,793,822,80
/3/library/sqlite3.html,775,814,105
/3/tutorial/inputoutput.html,767,781,135
/3/library/dataclasses.html,754,773,102
/3/library/logging.html,744,764,115
/3/library/pathlib.html,710,726,121
/3/library/multiprocessing.html,692,727,100
/3/tutorial/venv.html,683,793,94
/3/tutorial/introduction.html,676,715,149
/3/tutorial/modules.html,674,703,154
/3/library/string.html,648,665,98
/3/library/subprocess.html,647,666,104
/3/library/json.html,639,659,73
/3/library/asyncio.html,623,643,174
/3/library/heapq.html,616,637,83
/3/using/windows.html,598,614,57
/3/library/time.html,573,587,86
/3/library/asyncio-task.html,558,591,131
/3/reference/datamodel.html,551,574,113
/3/library/enum.html,538,550,75
/3/tutorial/interpreter.html,532,557,123
/3/howto/sorting.html,523,532,86
/3/library/threading.html,493,522,188
/3/glossary.html,484,495,225
/3/using/mac.html,473,486,84
/3/library/functools.html,451,458,127
/3/library/os.path.html,445,458,115
/3/installing/index.html,426,436,50
/3/library/socket.html,424,448,151
/3/whatsnew/3.13.html,420,429,134
/3/py-modindex.html,414,429,199
/ja/3/library/codecs.html,405,410,39
/3/library/sys.html,394,407,120
/3/library/pickle.html,382,396,70
/3/tutorial/appetite.html,372,381,316
/3/reference/index.html,368,381,236
/3/library/concurrent.futures.html,340,356,137
/3/library/unittest.mock.html,340,358,72
/3/howto/logging.html,329,338,141
/zh-cn/3/,324,348,226
/3/library/abc.html,315,327,75
/zh-cn/3/tutorial/index.html,313,328,146
/3/library/,304,315,103
/3/reference/expressions.html,302,312,142
/3/library/pdb.html,299,303,25
/3/library/struct.html,283,292,93
/3/library/xml.etree.elementtree.html,281,293,161
/3/contents.html,277,284,241
/3/library/shutil.html,277,286,151
/3/library/copy.html,273,278,70
/3/howto/regex.html,264,272,105
/3/library/http.server.html,264,279,114
/3/library/hashlib.html,263,278,95
/3/library/queue.html,259,263,143
/3/library/io.html,248,258,133
/3/reference/import.html,242,247,69
/3/using/cmdline.html,239,247,168
/3/reference/lexical_analysis.html,235,241,112
/3/library/pprint.html,229,234,86
/3/tutorial/floatingpoint.html,227,233,87
/3/library/operator.html,221,225,143
/3/index.html,219,229,247
/3/library/configparser.html,213,222,103
/3/download.html,212,217,73
/3/library/asyncio-eventloop.html,209,226,157
/3/library/tk.html,209,210,135
/3/library/tempfile.html,208,212,131
/3/using/android.html,208,213,45
/3/reference/compound_stmts.html,207,215,142
/3/library/ctypes.html,193,202,75
/3/library/ast.html,192,200,79
/3/library/urllib.parse.html,191,193,109
/3/library/decimal.html,190,198,107
/3/library/zipfile.html,190,194,79
/3/library/bisect.html,186,187,101
/3/library/contextlib.html,183,189,86
/3/library/ensurepip.html,179,179,39
/3/library/uuid.html,176,179,48
/3/library/glob.html,175,177,72
/3/library/tkinter.ttk.html,175,188,65
/es/3/tutorial/,166,180,154
/3/library/webbrowser.html,161,174,161
/3/library/__main__.html,157,162,70
/3/howto/unicode.html,155,156,99
/3/license.html,150,150,50
/3/reference/simple_stmts.html,149,151,223
/3/library/smtplib.html,148,153,96
/3/library/urllib.request.html,143,144,195
/3/library/array.html,140,146,50
/3/howto/argparse.html,139,146,92
/3/extending/extending.html,137,139,107
/3/library/ipaddress.html,134,138,111
/3/library/timeit.html,131,133,56
/3/using/index.html,131,131,150
/3/library/importlib.html,124,125,305
/3/faq/,123,123,135
/3/library/codecs.html,119,121,140
/3/library/difflib.html,119,122,69
/3/library/traceback.html,115,119,127
/3/library/warnings.html,115,115,125
/3/library/statistics.html,114,119,136
/3/howto/curses.html,109,114,153
/3/library/profile.html,109,111,38
/zh-tw/3/tutorial/index.html,109,116,201
/3/library/collections.abc.html,106,110,177
/3/library/secrets.html,105,107,25
/ja/3/,104,113,277
/3/library/email.examples.html,102,103,106
/3/library/tkinter.messagebox.html,101,102,83
/3/howto/logging-cookbook.html,100,104,152
/es/3/tutorial/index.html,100,105,119
/3/library/doctest.html,99,100,102
/3/library/logging.handlers.html,99,101,200
/3/library/base64.html,98,99,128
/3/library/ssl.html,98,102,102
/3/whatsnew/3.12.html,97,98,136
/zh-cn/3/library/index.html,97,97,285
/3/howto/enum.html,96,101,70
/3/library/types.html,94,99,201
/3/howto/sockets.html,93,96,86
/3/library/html.parser.html,93,98,51
/3/library/inspect.html,93,95,233
/zh-cn/3/library/turtle.html,93,99,80
/3/library/asyncio-queue.html,90,95,126
/3/howto/functional.html,87,87,35
/3/library/calendar.html,87,88,93
/3/library/constants.html,86,88,38
/ja/3/tutorial/,86,87,255
/3/library/asyncio-sync.html,85,89,307
/3/library/dialog.html,85,88,132
/3/c-api/index.html,83,88,195
/3/library/logging.config.html,81,83,343
/3/faq/windows.html,80,81,77
/3/library/signal.html,79,79,47
/zh-cn/3/tutorial/,76,76,203
/3/library/distutils.html,75,76,16
/3/using/ios.html,74,74,7
/3/howto/descriptor.html,73,75,93
/3/library/intro.html,73,75,252
/3/library/urllib.html,73,73,317
/3/library/pydoc.html,72,74,84
/3/faq/general.html,71,73,65
/3/library/asyncio-runner.html,71,71,350
/3/library/datatypes.html,71,71,130
/pt-br/3/,71,75,152
/3/library/asyncio-stream.html,70,72,127
/3/library/zipimport.html,70,71,39
/ja/3/tutorial/index.html,70,71,189
/pt-br/3/tutorial/index.html,70,76,77
/3/library/http.client.html,69,70,167
/3/tutorial/stdlib.html,68,71,330
/fr/3/tutorial/,67,70,66
/3/extending/embedding.html,66,66,117
/3/library/curses.html,66,67,92
/3/library/filesys.html,66,66,256
/3/library/textwrap.html,64,68,72
/ja/3/library/functions.html,64,65,163
/3/library/asyncio-dev.html,62,63,223
/3/library/cmath.html,62,64,41
/zh-cn/3/library/functions.html,62,65,87
/3/faq/programming.html,61,63,103
/3/library/fnmatch.html,60,60,75
/3/library/gc.html,60,62,32
/3/using/unix.html,59,60,201
/ko/3/tutorial/index.html,58,59,303
/3/library/platform.html,57,59,180
/3/library/tomllib.html,57,58,237
/ja/3/library/stdtypes.html,56,61,316
/3/library/socketserver.html,55,57,169
/3/library/zoneinfo.html,55,57,94
/3/whatsnew/3.8.html,55,56,101
/ja/3/library/index.html,55,57,157
/zh-cn/3/library/idle.html,55,55,59
/3.13/tutorial/index.html,53,54,652
/3/library/fractions.html,53,54,107
/3/library/asyncio-future.html,52,53,235
/3/whatsnew/index.html,52,52,148
/zh-cn/3/tutorial/controlflow.html,52,52,129
/zh-cn/3/tutorial/interpreter.html,52,53,113
/3/library/getpass.html,51,54,56
/3/howto/annotations.html,50,52,97
/3/library/http.html,50,51,120
/3/library/tarfile.html,50,52,220
/3/howto/index.html,49,51,182
/3/library/ftplib.html,49,52,167
/3/reference/grammar.html,48,48,90
/es/3/,48,50,285
/3/library/tracemalloc.html,47,49,201
/3/library/zlib.html,47,47,23
/zh-cn/3/tutorial/introduction.html,47,47,193
/3/installing/,46,49,97
/3/library/unicodedata.html,46,46,149
/3/library/wave.html,45,45,37
/3/library/mmap.html,44,45,76
/3/library/site.html,44,47,72
/3/reference/executionmodel.html,44,45,168
/3/reference/introduction.html,44,49,205
/3/library/gzip.html,43,44,89
/zh-cn/3/using/index.html,43,43,20
/3/genindex.html,42,43,280
/3/library/contextvars.html,42,44,173
/3/library/email.html,42,42,155
/3/reference/,41,42,233
/zh-cn/3/library/,41,45,120
/3/c-api/memory.html,40,42,43
/3/library/select.html,40,44,86
/3/whatsnew/3.10.html,40,40,132
/3/library/__future__.html,39,40,104
/3/library/asyncio-subprocess.html,39,40,165
/3/library/atexit.html,39,39,68
/3/library/binascii.html,39,39,97
/3/library/imaplib.html,39,43,4
/es/3/tutorial/datastructures.html,39,39,335
/3/library/cmd.html,38,40,81
/3/library/audioop.html,37,38,15
/3/library/dis.html,37,38,33
/3/howto/urllib2.html,36,37,94
/es/3/library/functions.html,36,39,42
/ja/3/tutorial/datastructures.html,36,36,185
/3/library/unittest.mock-examples.html,35,35,96
/3.13/,34,34,282
/3/library/mimetypes.html,34,39,50
/3/library/readline.html,34,34,46
/3/tutorial/appendix.html,34,34,170
/3/whatsnew/3.11.html,34,34,151
/ja/3/c-api/import.html,34,34,1
/3/c-api/buffer.html,33,33,58
/3/extending/index.html,33,40,78
/3/library/multiprocessing.shared_memory.html,33,35,19
/3/library/xml.html,33,33,99
/zh-cn/3/library/stdtypes.html,33,34,307
/zh-cn/3/using/,33,33,15
/3/library/locale.html,32,32,22
/3/library/stat.html,32,33,59
/3/library/winsound.html,32,35,3
/fr/3/tutorial/datastructures.html,32,33,16
/3/library/gettext.html,31,31,120
/3/library/sched.html,31,32,135
/zh-cn/3/index.html,31,34,186
/zh-cn/3/reference/index.html,31,34,87
/3/c-api/init.html,30,32,39
/3/library/cgi.html,30,30,177
/3/library/weakref.html,30,31,59
/es/3/tutorial/appetite.html,30,31,204
/zh-cn/3/search.html,30,40,462
/es/3/tutorial/introduction.html,29,29,115
/pt-br/3/library/,29,29,13
/zh-cn/3/library/venv.html,29,29,63
/3/tutorial/stdlib2.html,28,28,568
/es/3/tutorial/controlflow.html,28,30,110
/fr/3/tutorial/index.html,28,29,210
/3/howto/free-threading-python.html,27,27,131
/3/library/builtins.html,27,27,226
/3/library/resource.html,27,28,39
/3/library/shlex.html,27,28,58
/3/library/tokenize.html,27,27,42
/zh-cn/3/tutorial/appetite.html,27,27,180
/3.15/,26,26,206
/3/genindex-Symbols.html,26,26,6
/3/library/filecmp.html,26,26,68
/ja/3/tutorial/introduction.html,26,35,174
/3/library/importlib.metadata.html,25,26,1
/3/whatsnew/changelog.html,25,25,28
/es/3/library/tkinter.html,25,27,60
/pt-br/3/library/stdtypes.html,25,27,9
/zh-cn/3/library/math.html,25,31,13
/3/c-api/intro.html,24,24,34
/3/faq/design.html,24,24,140
/3/library/html.html,24,24,192
/3/library/optparse.html,24,24,246
/3/library/py_compile.html,24,24,9
/3/library/telnetlib.html,24,24,108
/es/3/library/stdtypes.html,24,27,147
/ja/3/tutorial/controlflow.html,24,25,61
