name,visitors
California,3798
England,3628
New York,1475
Moscow,1450
Karnataka,1382
Maharashtra,1379
Texas,1254
Ontario,1198
Telangāna,1075
Washington,1053
Tamil Nadu,1011
Victoria,979
Bavaria,893
São Paulo,881
Tokyo,872
Delhi,852
Île-de-France,841
Virginia,789
North Rhine-Westphalia,788
Hesse,755
Florida,719
New South Wales,705
Illinois,697
North Holland,671
Massachusetts,619
New Jersey,615
Baden-Württemberg,600
Uttar Pradesh,575
Mazovia,552
Georgia,514
Saint Petersburg,507
Guangdong,489
Quebec,477
Seoul,464
Pennsylvania,462
Tel Aviv,459
North Carolina,452
British Columbia,440
Berlin,434
Colorado,431
West Bengal,426
Ho Chi Minh City,414
Maryland,409
Beijing,394
Shanghai,384
Buenos Aires Province,374
Madrid Autonomous Community,371
Gujarat,362
Istanbul,358
Punjab,344
Zürich,343
Lombardy,342
Stockholm,340
Oregon,340
Ohio,336
South Holland,323
Taipei,322
Arizona,320
Kerala,316
Vienna,315
Michigan,312
Bangkok,310
Queensland,293
Cairo,293
Jakarta,286
Rio de Janeiro,282
Prague,281
Uusimaa,279
Flanders,277
Rajasthan,269
Lower Saxony,268
Hanoi,264
Gyeonggi,257
Santiago Metropolitan,252
Catalonia,249
Nairobi County,249
Auvergne-Rhône-Alpes,247
Haryana,245
Lesser Poland,235
Province 3,234
Metro Manila,233
Minas Gerais,231
Dhaka Division,228
Madhya Pradesh,228
Kyiv,228
Zhejiang,227
Minnesota,221
Leinster,220
Central,213
Sindh,208
Saxony,207
Bihar,206
Scotland,205
Capital District,199
Ciudad de Mexico,197
Andhra Pradesh,194
Lagos,192
Lima,190
Kuala Lumpur,189
Budapest,188
Alberta,185
Capital Region,185
Western,184
North Brabant,184
Jiangsu,183
Moscow Province,183
Osaka,182
Kanagawa,181
Beograd,181
Connecticut,177
Hamburg,175
Missouri,169
Brussels,168
Utah,168
West Java,166
Minsk,165
Paraná,163
Lazio,162
Rhineland-Palatinate,159
Oslo,159
Tennessee,157
Wisconsin,157
Attica,156
New Taipei,156
Provence-Alpes-Côte-d'Azur,155
Indiana,155
Sichuan,154
Valencian Community,152
Lower Silesia,152
Tashkent,152
Dubai,151
Krasnodar Krai,151
Selangor,148
Ankara,148
Gauteng,147
Hormozgan,146
Occitanie,145
Riyadh,145
Bucharest,143
Santa Catarina,141
Sverdlovsk,140
Auckland,139
Novosibirsk,138
Lisbon,137
Rio Grande do Sul,134
Western Australia,132
Andalusia,131
Mexico State,131
South Australia,127
Grand-Est,126
Odisha,126
Rostov,124
East Java,122
Sofia,120
Addis Ababa,120
Silesia,120
Västra Götaland,119
Shandong,118
Greater Poland,118
Nizhny Novgorod,117
Iowa,117
Bahia,115
Greater Accra,115
Calabarzon,115
Nouvelle-Aquitaine,113
Tbilisi,112
Antioquia,110
Meknès-Tafilalet,110
Alabama,110
Federal District,107
Henan,106
Chiba,106
Punjab,105
Chelyabinsk,105
Hubei,104
Utrecht,103
Makkah,103
Zagreb,102
Amman,102
South Carolina,102
Emilia-Romagna,101
Oklahoma,100
Ceará,98
Hauts-de-France,98
Riga,98
Washington DC,98
Western Cape,98
Bashkortostan,97
Taichung,97
Wallonia,96
Chandigarh,96
Almaty City,95
Aichi,94
Yerevan,90
Pomerania,90
Wales,88
Uttarākhand,88
Assam,87
Jharkhand,87
Saitama,87
Lvivshchyna,87
Piedmont,86
Nevada,86
Jalisco,84
Porto,84
Federal Capital Territory,83
Islamabad,83
Tatarstan,83
Fujian,82
Schleswig-Holstein,82
Doha,82
Pernambuco,81
Gelderland,81
Vilnius County,80
Samara,80
Skåne,80
Pays-de-la-Loire,79
Dnipropetrovshchyna,78
Vaud,77
Shaanxi,77
Kansas,77
Oyo,76
New Mexico,76
Anhui,75
Eastern,72
New Hampshire,72
Haifa,71
Veneto,71
Central Luzon,71
Central,71
Kentucky,71
San José,70
Brandenburg,70
Abu Dhabi,69
Central Denmark,68
Nuevo León,68
Bratislava,68
Goiás,67
Campania,67
Kaohsiung,67
Oriental,65
Giza,64
Brittany,64
Louisiana,64
Basque Country,63
Łódź,63
Krasnoyarsk Krai,63
Kyivshchyna,63
Harjumaa,62
Alexandria,61
Central Java,61
Chhattīsgarh,61
Montevideo,60
Hebei,59
Thuringia,58
Hsinchu County,58
Tuscany,57
Tunis,57
Guatemala,56
Perm Krai,56
Amanat Al Asimah,56
Baku,55
Espírito Santo,55
Abidjan,55
Galicia,55
Yaroslavl,55
South Moravia,54
Distrito Nacional,54
Hunan,53
Pichincha,53
Izmir,53
Odeshchyna,53
Guayas,52
Irkutsk,52
Idaho,52
Centre-Val de Loire,51
Yangon,51
Wellington,51
Kuyavia-Pomerania,51
Voronezh,51
Capital,51
Australian Capital Territory,50
Aargau,50
Tianjin,50
Saxony-Anhalt,50
Canterbury,50
Central Visayas,50
Arkansas,50
Maine,50
Pará,49
Dakar,49
Upper Austria,48
Algiers,48
Fukuoka,48
Tainan,48
Taoyuan,47
Central Macedonia,46
Ljubljana,46
Panamá,45
Volgograd,45
