name,version,visitors
Chrome,135.0,958
Microsoft Edge,135.0,260
Chrome,136.0,127
Opera,118.0,101
Firefox,137.0,66
Firefox,138.0,39
Safari,18.4,30
Chrome,134.0,28
Mobile App,(not set),22
Chrome,109.0,14
Safari,18.3,13
Chrome,131.0,11
Opera,117.0,9
Samsung Browser,27.0,7
Chrome,126.0,6
Chrome,130.0,6
Chrome,122.0,5
Chrome,132.0,5
Safari,17.6,5
Chrome,128.0,4
Safari,15.6,4
Safari,10.0,3
Microsoft Edge,109.0,3
Chrome,117.0,3
Chrome,119.0,3
Chrome,133.0,3
Microsoft Edge,134.0,3
Avast Secure Browser,134.0,3
Firefox,136.0,3
Samsung Browser,28.0,3
Safari,(not set),2
Chrome,114.0,2
Chrome,120.0,2
Chrome,124.0,2
Chrome,127.0,2
Firefox,128.0,2
Norton Private Browser,134.0,2
Mobile App,135.0,2
Firefox,139.0,2
Safari,16.6,2
Safari,17.4,2
Safari,17.5,2
Safari,18.5,2
Chrome,90.0,2
Chrome,102.0,1
Chrome,103.0,1
Avast Secure Browser,109.0,1
Firefox,115.0,1
Microsoft Edge,116.0,1
Chrome,123.0,1
Chrome,125.0,1
Chrome,129.0,1
QQ Browser,13.3,1
Microsoft Edge,131.0,1
Firefox,134.0,1
Firefox,135.0,1
MIUI Browser,14.2,1
Safari,18.0,1
Safari,18.1,1
Safari,18.2,1
Notion,4.10,1
Firefox,52.0,1
Chrome,77.0,1
Mobile App,81.0,1
Opera,89.0,1
Safari,9.0,1
Microsoft Edge,92.0,1
