name,unique_exits,total_exits,exit_rate
/pt-br/3/library/venv.html,83,84,
/pt-br/3/tutorial/index.html,63,63,
/pt-br/3/library/tkinter.html,60,61,
/pt-br/3/library/math.html,53,53,
/pt-br/3/tutorial/,53,53,
/pt-br/3/,51,51,
/pt-br/3/library/functions.html,48,48,
/pt-br/3/library/random.html,47,47,
/pt-br/3/tutorial/controlflow.html,45,49,
/pt-br/3/tutorial/introduction.html,44,49,
/pt-br/3.13/library/math.html,43,44,
/pt-br/3/library/stdtypes.html,43,44,
/pt-br/3/tutorial/datastructures.html,43,44,
/pt-br/3.13/tutorial/index.html,39,44,
/3/,27,26,
/pt-br/dev/library/venv.html,26,26,
/pt-br/3/library/string.html,22,22,
/pt-br/3/tutorial/classes.html,22,22,
/pt-br/3/tutorial/inputoutput.html,22,22,
/pt-br/3.13/,20,20,
/pt-br/3.13/library/functions.html,20,22,
/pt-br/3.13/library/index.html,20,19,
/pt-br/3/tutorial/interpreter.html,20,21,
/pt-br/3.13/library/stdtypes.html,19,18,
/pt-br/3.13/search.html,19,19,
/pt-br/3.13/tutorial/controlflow.html,19,19,
/pt-br/3/library/,19,19,
/pt-br/3.13/tutorial/datastructures.html,18,18,
/pt-br/3/library/tk.html,16,18,
/pt-br/3.13/tutorial/interpreter.html,15,18,
/pt-br/3/search.html,15,15,
/pt-br/3/tutorial/appetite.html,15,16,
/pt-br/dev/library/functions.html,15,15,
/pt-br/3.13/library/random.html,14,14,
/pt-br/3.13/tutorial/introduction.html,13,13,
/pt-br/3/tutorial/errors.html,12,12,
/pt-br/3.13/library/datetime.html,11,13,
/pt-br/3/library/datetime.html,11,11,
/pt-br/3/using/android.html,11,12,
/pt-br/3/using/cmdline.html,11,11,
/pt-br/dev/tutorial/datastructures.html,11,11,
/pt-br/3.13/glossary.html,10,10,
/pt-br/3.13/tutorial/appetite.html,10,10,
/pt-br/3/faq/windows.html,10,10,
/pt-br/3/howto/logging.html,10,10,
/pt-br/3/library/index.html,10,12,
/pt-br/3/library/re.html,10,10,
/pt-br/3/library/statistics.html,10,10,
/pt-br/3/whatsnew/3.13.html,10,11,
/pt-br/3.13/tutorial/classes.html,9,9,
/3/library/venv.html,8,8,
/pt-br/3.13/library/tkinter.html,8,9,
/pt-br/3.13/tutorial/errors.html,8,10,
/pt-br/3/tutorial/modules.html,8,8,
/pt-br/3.13/download.html,7,7,
/pt-br/3.13/library/csv.html,7,8,
/pt-br/3.13/using/windows.html,7,7,
/pt-br/3/howto/sorting.html,7,7,
/pt-br/3/library/os.html,7,9,
/pt-br/3/reference/index.html,7,9,
/pt-br/3/using/mac.html,7,7,
/3/library/index.html,6,6,
/pt-br/3/contents.html,6,6,
/pt-br/3/reference/datamodel.html,6,6,
/pt-br/3/reference/lexical_analysis.html,6,6,
/pt-br/dev/howto/regex.html,6,6,
/3/search.html,5,5,
/pt-br/3.13/contents.html,5,5,
/pt-br/3.13/library/decimal.html,5,5,
/pt-br/3.13/library/json.html,5,5,
/pt-br/3.13/library/string.html,5,7,
/pt-br/3.13/library/time.html,5,5,
/pt-br/3.13/library/turtle.html,5,5,
/pt-br/3.13/tutorial/,5,5,
/pt-br/3/library/__main__.html,5,4,
/pt-br/3/library/getpass.html,5,5,
/pt-br/3/library/json.html,5,5,
/pt-br/3/library/typing.html,5,5,
/pt-br/3/tutorial/venv.html,5,6,
/pt-br/dev/library/unittest.html,5,5,
/pt-br/dev/reference/import.html,5,5,
/3/library/stdtypes.html,4,4,
/3/tutorial/datastructures.html,4,4,
/pt-br/3.13/c-api/index.html,4,4,
/pt-br/3.13/library/bisect.html,4,4,
/pt-br/3.13/library/idle.html,4,4,
/pt-br/3.13/library/statistics.html,4,4,
/pt-br/3.13/tutorial/inputoutput.html,4,4,
/pt-br/3.13/whatsnew/3.13.html,4,4,
/pt-br/3/installing/index.html,4,4,
/pt-br/3/library/itertools.html,4,4,
/pt-br/3/library/pickle.html,4,5,
/pt-br/3/library/sys.html,4,5,
/pt-br/3/library/time.html,4,5,
/pt-br/3/library/unittest.html,4,4,
/pt-br/3/reference/introduction.html,4,4,
/pt-br/dev/library/tkinter.html,4,4,
/pt-br/dev/search.html,4,4,
/3.13/,3,3,
/3.13/library/index.html,3,3,
