name,visitors,pageviews,bounce_rate,time_on_page,scroll_depth
/pt-br/3/tutorial/index.html,105,142,48,48,60
/pt-br/3/,89,104,50,16,70
/pt-br/3/library/venv.html,88,92,89,33,34
/pt-br/3/tutorial/introduction.html,82,82,74,274,61
/pt-br/3.13/,80,88,30,21,75
/pt-br/3/tutorial/,80,109,53,43,54
/pt-br/3/library/tkinter.html,78,82,75,53,37
/pt-br/3.13/tutorial/index.html,77,84,71,33,49
/pt-br/3.13/search.html,66,99,37,20,43
/pt-br/3/tutorial/interpreter.html,66,72,41,90,81
/pt-br/3/library/functions.html,61,58,87,63,28
/pt-br/3/tutorial/controlflow.html,61,65,77,79,32
/pt-br/3/library/math.html,60,65,89,64,42
/pt-br/3/library/stdtypes.html,60,58,78,81,38
/pt-br/3.13/library/math.html,56,53,92,83,57
/pt-br/3/tutorial/datastructures.html,56,57,81,91,41
/pt-br/3/library/random.html,55,57,84,72,34
/pt-br/3.13/library/index.html,53,58,42,33,47
/pt-br/3/tutorial/appetite.html,45,43,36,189,81
/pt-br/3/search.html,39,54,58,16,58
/pt-br/3.13/library/stdtypes.html,36,36,100,127,42
/pt-br/3.13/tutorial/appetite.html,32,25,60,57,86
/pt-br/3.13/tutorial/datastructures.html,32,32,61,90,65
/pt-br/3.13/tutorial/interpreter.html,31,31,89,99,81
/pt-br/3/tutorial/inputoutput.html,31,28,83,115,40
/pt-br/dev/library/venv.html,31,31,85,16,41
/pt-br/3.13/library/functions.html,30,28,80,57,43
/pt-br/3.13/tutorial/introduction.html,30,24,67,181,55
/pt-br/3/library/,30,29,65,20,27
/pt-br/3/library/index.html,28,29,47,78,36
/pt-br/3/library/string.html,28,26,83,28,26
/pt-br/3.13/tutorial/controlflow.html,27,26,100,101,27
/pt-br/3/tutorial/classes.html,25,27,90,129,42
/pt-br/3.13/library/random.html,22,18,88,72,51
/pt-br/3/library/tk.html,22,24,77,23,52
/pt-br/3.13/glossary.html,21,19,83,175,40
/pt-br/3/reference/index.html,20,31,50,35,68
/pt-br/3/whatsnew/3.13.html,20,17,69,56,18
/pt-br/3.13/library/tkinter.html,19,17,40,92,54
/pt-br/dev/library/functions.html,16,16,93,8,20
/pt-br/3.13/whatsnew/3.13.html,15,12,0,109,18
/pt-br/3/reference/introduction.html,15,13,60,39,57
/pt-br/3/tutorial/errors.html,15,15,77,48,45
/pt-br/3/library/datetime.html,14,14,91,100,16
/pt-br/3/tutorial/modules.html,14,13,78,45,46
/pt-br/3/using/android.html,14,15,77,12,79
/pt-br/3/using/cmdline.html,14,14,82,41,17
/pt-br/3/howto/logging.html,13,13,82,164,39
/pt-br/3/library/statistics.html,13,11,89,11,19
/pt-br/3.13/library/csv.html,12,12,56,46,46
/pt-br/3.13/using/windows.html,12,11,100,12,42
/pt-br/dev/tutorial/datastructures.html,12,11,100,107,35
/pt-br/3.13/contents.html,11,9,75,14,4
/pt-br/3.13/reference/index.html,11,8,50,108,59
/pt-br/3.13/tutorial/classes.html,11,9,100,215,23
/pt-br/3.13/tutorial/errors.html,11,14,80,263,40
/pt-br/3/contents.html,11,13,50,20,30
/pt-br/3/library/os.html,11,18,60,47,18
/pt-br/3.13/download.html,10,8,100,18,79
/pt-br/3.13/index.html,10,9,0,9,60
/pt-br/3.13/library/datetime.html,10,14,100,581,75
/pt-br/3.13/library/time.html,10,8,50,25,58
/pt-br/3.13/reference/compound_stmts.html,10,9,100,52,9
/pt-br/3/faq/windows.html,10,10,100,70,56
/pt-br/3/index.html,10,8,0,13,84
/pt-br/3/library/re.html,10,11,86,70,21
/pt-br/3/reference/lexical_analysis.html,10,10,50,75,29
/pt-br/3/whatsnew/index.html,10,11,17,6,18
/pt-br/3.13/library/string.html,9,11,83,71,31
/pt-br/3.13/reference/datamodel.html,9,6,100,69,67
/pt-br/3/library/sys.html,9,8,67,43,23
/pt-br/3/reference/datamodel.html,9,11,75,29,5
/pt-br/dev/reference/import.html,9,8,83,58,38
/pt-br/3.13/library/idle.html,8,8,33,9,6
/pt-br/3.13/tutorial/,8,7,100,8,52
/pt-br/3.13/tutorial/inputoutput.html,8,6,100,87,68
/pt-br/3/glossary.html,8,4,0,99,33
/pt-br/3/library/intro.html,8,5,100,140,45
/pt-br/3/using/mac.html,8,7,57,32,36
/pt-br/dev/library/tkinter.html,8,6,50,83,45
/pt-br/3/download.html,7,5,50,17,84
/pt-br/3/howto/sorting.html,7,7,100,20,45
/pt-br/3/library/__main__.html,7,6,60,215,65
/pt-br/3/library/decimal.html,7,4,0,20,12
/pt-br/3/library/getpass.html,7,7,100,19,88
/pt-br/3/reference/executionmodel.html,7,5,50,10,39
/pt-br/dev/howto/regex.html,7,7,86,144,46
/pt-br/3.13/c-api/index.html,6,6,50,9,56
/pt-br/3.13/library/json.html,6,7,75,56,29
/pt-br/3.13/library/turtle.html,6,6,83,516,21
/pt-br/3.13/library/venv.html,6,10,50,160,57
/pt-br/3.13/reference/simple_stmts.html,6,4,50,9,64
/pt-br/3.14/,6,4,0,10,100
/pt-br/3/installing/index.html,6,5,75,14,50
/pt-br/3/library/exceptions.html,6,6,33,15,62
/pt-br/3/library/fractions.html,6,5,0,201,34
/pt-br/3/library/time.html,6,7,100,13,17
/pt-br/3/reference/compound_stmts.html,6,6,50,314,18
/pt-br/3/using/windows.html,6,5,100,47,63
/pt-br/3.13/library/array.html,5,6,0,8,45
