name,visitors,pageviews,bounce_rate,time_on_page,scroll_depth
/zh-cn/3/,777,904,58,17,76
/zh-cn/3/tutorial/index.html,642,802,56,28,58
/zh-cn/3.14/,518,587,35,18,80
/zh-cn/3.14/tutorial/index.html,407,473,46,40,60
/zh-cn/3.15/using/windows.html,392,358,65,59,27
/zh-cn/3/library/index.html,350,520,55,28,46
/zh-cn/3.14/library/index.html,254,309,44,29,52
/zh-cn/3/tutorial/controlflow.html,233,215,81,186,48
/zh-cn/3/tutorial/interpreter.html,233,225,73,79,84
/zh-cn/3/tutorial/introduction.html,222,225,64,193,60
/zh-cn/3/library/functions.html,213,226,69,76,36
/zh-cn/3/using/index.html,200,206,61,13,79
/zh-cn/3.14/tutorial/controlflow.html,174,169,66,263,43
/zh-cn/3.14/using/windows.html,172,153,62,58,26
/zh-cn/3/tutorial/,168,211,57,40,59
/zh-cn/3/reference/index.html,158,199,45,20,76
/zh-cn/3/tutorial/appetite.html,158,131,37,75,93
/zh-cn/3.14/index.html,156,183,62,11,80
/zh-cn/3/library/stdtypes.html,148,173,78,104,43
/zh-cn/3.14/tutorial/interpreter.html,146,137,43,75,80
/zh-cn/3.13/tutorial/index.html,136,167,60,28,60
/zh-cn/3.14/tutorial/introduction.html,136,129,61,188,60
/zh-cn/3.14/search.html,135,200,38,20,50
/zh-cn/3/search.html,128,198,38,32,58
/zh-cn/3/index.html,125,149,47,12,82
/zh-cn/3/using/windows.html,125,101,76,47,18
/zh-cn/3.14/using/index.html,123,132,45,18,80
/zh-cn/3/library/turtle.html,123,166,80,104,29
/zh-cn/3/using/mac.html,123,126,75,39,51
/zh-cn/3.14/library/functions.html,122,118,60,61,47
/zh-cn/3.14/reference/index.html,120,145,46,45,74
/zh-cn/3.14/tutorial/appetite.html,115,97,47,62,89
/zh-cn/3/using/,113,129,53,14,74
/zh-cn/3.14/library/stdtypes.html,108,104,69,85,40
/zh-cn/3/tutorial/datastructures.html,108,93,80,162,51
/zh-cn/3/glossary.html,104,99,75,40,37
/zh-cn/3.14/tutorial/datastructures.html,100,99,64,166,56
/zh-cn/3/using/cmdline.html,99,91,78,55,32
/zh-cn/3/tutorial/inputoutput.html,98,100,74,178,49
/zh-cn/3/contents.html,95,92,54,30,26
/zh-cn/3.13/,94,108,63,25,77
/zh-cn/3/library/venv.html,92,94,93,50,42
/zh-cn/3/tutorial/classes.html,89,96,81,200,47
/zh-cn/3.14/installing/index.html,88,81,68,48,75
/zh-cn/3.14/tutorial/classes.html,84,82,81,211,55
/zh-cn/3.15/,80,94,30,11,77
/zh-cn/3/library/re.html,76,79,97,77,34
/zh-cn/3.14/tutorial/,72,66,58,26,57
/zh-cn/3.12/tutorial/index.html,71,98,42,57,73
/zh-cn/3.14/whatsnew/3.14.html,68,62,59,64,32
/zh-cn/3.14/glossary.html,67,54,67,58,46
/zh-cn/3/download.html,66,58,46,36,97
/zh-cn/3.14/download.html,65,51,70,22,96
/zh-cn/3.14/contents.html,64,56,24,25,18
/zh-cn/3/installing/index.html,64,57,66,33,67
/zh-cn/3.13/library/index.html,63,75,44,36,54
/zh-cn/3/tutorial/modules.html,62,60,81,199,62
/zh-cn/3/whatsnew/3.14.html,62,58,56,85,26
/zh-cn/3/library/math.html,59,56,93,51,39
/zh-cn/3/library/tkinter.html,59,70,76,76,50
/zh-cn/3.12/,58,64,32,21,80
/zh-cn/3/reference/lexical_analysis.html,56,51,84,135,59
/zh-cn/3.14/reference/datamodel.html,54,58,50,172,52
/zh-cn/3.14/tutorial/modules.html,52,45,73,178,58
/zh-cn/3.14/using/cmdline.html,51,41,58,27,24
/zh-cn/3/howto/index.html,50,46,95,15,97
/zh-cn/3/library/,50,60,71,42,41
/zh-cn/3/tutorial/stdlib.html,50,44,60,110,62
/zh-cn/3.14/howto/index.html,49,44,33,18,89
/zh-cn/3/library/idle.html,49,51,76,153,45
/zh-cn/3/library/random.html,49,54,92,46,32
/zh-cn/3/tutorial/errors.html,48,42,78,208,52
/zh-cn/3.14/py-modindex.html,46,43,25,14,47
/zh-cn/3/reference/introduction.html,46,43,69,38,77
/zh-cn/3/py-modindex.html,45,47,57,15,34
/zh-cn/3.14/reference/compound_stmts.html,44,41,50,40,36
/zh-cn/3/howto/argparse.html,44,42,84,93,44
/zh-cn/3/library/os.html,44,56,70,64,26
/zh-cn/3/library/os.path.html,43,45,93,69,54
/zh-cn/3/library/tk.html,43,54,66,35,68
/zh-cn/3.13/tutorial/interpreter.html,42,42,57,38,86
/zh-cn/3.12/library/index.html,41,59,43,48,47
/zh-cn/3.13/tutorial/introduction.html,41,40,64,152,61
/zh-cn/3.14/library/tkinter.html,40,32,90,92,39
/zh-cn/3/reference/datamodel.html,40,45,79,121,47
/zh-cn/3.14/tutorial/stdlib.html,39,37,56,83,67
/zh-cn/3/library/logging.html,39,40,84,54,31
/zh-cn/3/reference/compound_stmts.html,39,36,69,38,60
/zh-cn/3/library/asyncio.html,38,53,54,72,83
/zh-cn/3/library/collections.html,38,37,88,136,46
/zh-cn/3.13/index.html,37,66,56,19,82
/zh-cn/3/library/exceptions.html,37,37,71,38,65
/zh-cn/3/library/multiprocessing.html,37,45,87,969,32
/zh-cn/3/tutorial/venv.html,37,31,86,40,72
/zh-cn/3/whatsnew/index.html,37,39,68,16,16
/zh-cn/3.14/library/idle.html,36,38,61,33,42
/zh-cn/3/library/argparse.html,36,37,72,69,25
/zh-cn/3/library/string.html,36,41,64,91,49
/zh-cn/3/reference/import.html,36,37,100,85,49
/zh-cn/3/howto/regex.html,35,39,89,82,39
