property,value,visitors,events,percentage
url,(none),1385,2049,99.5
url,https://www.python.org/,15,16,1.1
url,https://github.com/python/cpython/tree/3.13/Lib/idlelib/,7,7,0.5
url,https://github.com/python/cpython/tree/3.13/Lib/random.py,2,2,0.1
url,https://devguide.python.org/,1,1,0.1
url,https://en.wikipedia.org/wiki/Parsing_expression_grammar,1,1,0.1
url,https://en.wikipedia.org/wiki/Round-robin_scheduling,1,1,0.1
url,https://en.wikipedia.org/wiki/Turtle_(robot),1,1,0.1
url,https://github.com/python/cpython/blob/main/Doc/library/json.rst,1,1,0.1
url,https://github.com/python/cpython/blob/main/Doc/library/re.rst,1,1,0.1
url,https://github.com/python/cpython/tree/3.13/Grammar/python.gram,1,1,0.1
url,https://github.com/python/cpython/tree/3.13/Lib/datetime.py,1,1,0.1
url,https://github.com/python/cpython/tree/3.13/Lib/shutil.py,1,1,0.1
url,https://github.com/python/cpython/tree/3.13/Lib/wave.py,1,1,0.1
url,https://ipython.org/,1,1,0.1
url,https://issuetracker.google.com/issues/128554619#comment4,1,1,0.1
url,https://packaging.python.org/en/latest/tutorials/packaging-projects/,1,1,0.1
url,https://peps.python.org/pep-3120/,1,1,0.1
url,https://pyodide.org/,1,1,0.1
url,https://pythonnet.github.io/,1,1,0.1
url,https://termux.dev/en/,1,1,0.1
url,https://wasmtime.dev/,1,1,0.1
url,https://webassembly.org/,1,1,0.1
url,https://wiki.python.org/moin/BeginnersGuide,1,1,0.1
url,https://wiki.python.org/moin/PythonBooks,1,1,0.1
url,https://www.python.org/psf/donations/,1,1,0.1
url,https://www.riverbankcomputing.com/static/Docs/pyqtdeploy/,1,1,0.1
