name,visitors,bounce_rate,visit_duration
Direct / None,496,79,155
Google,456,77,186
Baidu,263,68,42
python.org,10,0,614
Bing,9,67,248
codeit.kr,7,86,1
namu.wiki,3,33,153
chatgpt.com,2,0,532
codeup.kr,2,100,0
wikidocs.net,2,100,0
05-archives.tistory.com,1,0,45
DuckDuckGo,1,0,6
GitHub,1,0,961
Youtube,1,100,0
blockdmask.tistory.com,1,100,0
claude.ai,1,100,0
confluence.samsungds.net,1,0,2757
ddogddog.com,1,100,0
flowdas.com,1,0,434
framework-base-fastapi-docs-basic-prd.api.hcpp01.skhynix.com,1,100,0
inf4all.uni-bayreuth.de,1,0,17
korbillgates.tistory.com,1,0,74
pro.arcgis.com,1,0,160
translations.python.org,1,0,175
