name,version,visitors
Chrome,134.0,96
Chrome,133.0,20
Microsoft Edge,134.0,20
Firefox,136.0,18
Safari,18.3,16
Opera,117.0,7
Chrome,132.0,4
Samsung Browser,27.0,4
Firefox,135.0,3
Firefox,115.0,2
Safari,17.4,2
Safari,18.2,2
Safari,18.4,2
Chrome,109.0,1
Opera,114.0,1
Chrome,116.0,1
Opera,116.0,1
Chrome,126.0,1
Firefox,128.0,1
Microsoft Edge,130.0,1
Chrome,130.0,1
Chrome,131.0,1
Microsoft Edge,131.0,1
Avast Secure Browser,132.0,1
Mobile App,133.0,1
Firefox,136.2,1
Safari,16.3,1
Safari,17.5,1
Safari,17.6,1
Safari,17.8,1
Safari,18.0,1
Yandex Browser,25.2,1
Mobile App,60.0,1
