name,visitors,bounce_rate,visit_duration
google.com,1059,76,114
Direct / None,930,68,195
bing.com,87,77,176
python.org,71,0,377
search.brave.com,42,88,30
chatgpt.com,27,48,396
cursos.alura.com.br,22,77,193
udemy.com,18,86,72
br.search.yahoo.com,15,87,0
duckduckgo.com,12,92,61
aprender3.unb.br,8,67,477
m.baidu.com,7,71,21
presencial.moodle.ufsc.br,7,100,0
web.dio.me,7,75,547
baidu.com,5,100,0
gemini.google.com,5,100,52
netacad.com,4,50,186
pucminas.instructure.com/courses/199119/modules/items/4332332,4,50,3
classroom.google.com,3,100,0
google.com.br,3,100,105
gstatic.com,3,67,1
perplexity.ai,3,0,1287
127.0.0.1,2,100,0
alunos.daxus.com.br,2,100,0
android-app://com.google.android.googlequicksearchbox,2,100,0
cdn.evg.gov.br,2,0,19
confluence.santanderbr.corp,2,100,0
ead.preditiva.ai,2,100,0
graduacao.mackenzie.br,2,50,45
markdownlivepreview.com,2,50,253
on.fiap.com.br,2,50,62
pandas.pydata.org,2,0,952
pucminas.instructure.com/courses/199120/modules/items/4332351,2,100,0
unibf.grupoa.education,2,100,0
alexandria-html-published.platosedu.io,1,100,0
ava.progep.ufes.br,1,100,0
barbaratieko.github.io,1,100,0
conteudo.colaboraread.com.br,1,100,0
copilot.microsoft.com,1,0,74
cs50.harvard.edu,1,0,5122
devdocs.io,1,0,39
docs.google.com,1,100,0
flask.palletsprojects.com/en/stable/tutorial,1,0,758
github.com/Mplimaa/python-no-overloading-sem-sobreposicao/blob/main/README.md,1,0,162
github.com/VictorAmorim94/Entendendo-Pyenv,1,100,0
github.com/mauprogramador/ifms-dev-competition/tree/main,1,0,37
google.pt,1,100,0
m.baidu.com/from=1001703a/bd_page_type=1/ssid=0/uid=0/pu=usm%400%2Csz%401320_220%2Cta%40iphone___18_40.10/baiduid=847B6656116C764FFC49BC8772E04289/w=0_10_/t=iphone/l=1/tc,1,100,0
m.baidu.com/from=1020786r/bd_page_type=1/ssid=0/uid=0/pu=usm%401%2Csz%401320_1001%2Cta%40iphone_2_14.0_19_26.1/baiduid=330C975C29C29BB3C77E99FE1DAD8A36/w=0_10_/t=iphone/l=1/tc,1,100,0
m.baidu.com/from=844b/bd_page_type=1/ssid=0/uid=0/pu=usm%400%2Csz%401320_1001%2Cta%40iphone_2_13.0_24_85.0/baiduid=FA53FB300C76618CE55F616435DE8F46/w=0_10_/t=iphone/l=1/tc,1,100,0
mail.google.com,1,0,12
maratonapython.club.hotmart.com,1,0,869
online.ifmt.edu.br/mod/url/view.php,1,100,0
prairie-heath-fb8.notion.site,1,100,0
pucminas.instructure.com,1,100,0
pucprdigital.grupoa.education,1,0,195
python.org.br,1,100,0
pythonfluente.com,1,100,0
roadmap.sh,1,0,39
search.avastbrowser.com/serp,1,100,0
unisuamgrad.grupoa.education,1,100,0
vitru-digital.web.app,1,100,0
