name,visitors
Chrome,8209
Microsoft Edge,4249
Firefox,1135
Opera,810
Safari,781
Mobile App,261
Yandex Browser,243
Avast Secure Browser,48
Quark,41
QQ Browser,37
Smart Lenovo Browser,29
Samsung Browser,24
Huawei Browser Mobile,17
AVG Secure Browser,16
360 Secure Browser,14
MIUI Browser,13
vivo Browser,13
Whale Browser,11
Sogou Explorer,9
Huawei Browser,7
CCleaner,5
Norton Private Browser,5
Rakuten Web Search,4
115 Browser,3
Mobile Silk,3
(not set),2
Avira Secure Browser,2
Openwave Mobile Browser,2
QtWebEngine,2
UC Browser,2
AdBlock Browser,1
Android Browser,1
Iron,1
Lenovo Browser,1
Opera GX,1
Opera Touch,1
Pale Moon,1
Sleipnir,1
Xvast,1
