name,unique_exits,total_exits,exit_rate
/3.13/using/windows.html,2300,2395,
/3.13/tutorial/index.html,2276,2384,
/3.13/whatsnew/3.13.html,607,630,
/3.13/index.html,510,532,
/3.13/,340,350,
/3.13/tutorial/interpreter.html,312,330,
/3.13/tutorial/,222,234,
/3.13/tutorial/appetite.html,211,217,
/3.13/tutorial/introduction.html,201,215,
/es/3.13/tutorial/index.html,160,165,
/3/,125,124,
/es/3.13/library/tkinter.html,125,134,
/3.13/tutorial/controlflow.html,119,133,
/3.13/library/functions.html,113,120,
/3.13/search.html,99,103,
/zh-cn/3.13/tutorial/index.html,91,94,
/3.13/library/stdtypes.html,85,93,
/ja/3.13/library/datetime.html,70,72,
/zh-cn/3.13/,70,73,
/3.13/installing/index.html,68,68,
/es/3.13/tutorial/introduction.html,66,69,
/zh-cn/3.13/tutorial/introduction.html,66,74,
/ja/3.13/library/functions.html,62,63,
/es/3.13/tutorial/venv.html,58,59,
/3.13/library/index.html,55,59,
/es/3.13/tutorial/datastructures.html,53,58,
/pt-br/3.13/library/math.html,52,55,
/pt-br/3.13/library/venv.html,52,52,
/zh-cn/3.13/tutorial/interpreter.html,50,50,
/zh-cn/3.13/tutorial/controlflow.html,49,54,
/fr/3.13/library/tkinter.html,48,51,
/ja/3.13/using/windows.html,48,50,
/3.13/download.html,47,47,
/ja/3.13/library/stdtypes.html,47,50,
/uk/3.13/library/turtle.html,47,47,
/3.13/tutorial/datastructures.html,46,50,
/pt-br/3.13/tutorial/index.html,45,51,
/zh-cn/3.13/using/windows.html,43,45,
/fr/3.13/tutorial/classes.html,41,42,
/uk/3.13/library/tkinter.html,41,43,
/3.13/glossary.html,40,40,
/es/3.13/installing/index.html,40,40,
/zh-cn/3.13/library/venv.html,39,39,
/es/3.13/tutorial/interpreter.html,38,40,
/ja/3.13/library/re.html,36,38,
/ja/3.13/library/subprocess.html,36,38,
/ja/3.13/library/typing.html,36,37,
/pt-br/3.13/library/random.html,35,37,
/zh-tw/3.13/tutorial/index.html,35,40,
/es/3.13/library/functions.html,34,35,
/es/3.13/library/index.html,34,41,
/es/3.13/library/stdtypes.html,34,36,
/3/library/tkinter.html,32,32,
/zh-cn/3.13/download.html,32,32,
/3.13/using/cmdline.html,31,31,
/3.13/using/mac.html,31,31,
/ja/3.13/library/venv.html,31,31,
/uk/3.13/library/idle.html,31,33,
/zh-cn/3.13/tutorial/classes.html,31,34,
/3/tutorial/index.html,30,31,
/es/3.13/library/random.html,30,33,
/es/3.13/library/datetime.html,29,31,
/fr/3.13/library/turtle.html,29,30,
/ja/3.13/library/random.html,29,31,
/ja/3.13/library/sqlite3.html,29,30,
/3.13/tutorial/modules.html,28,31,
/es/3.13/library/idle.html,28,28,
/pt-br/3.13/tutorial/introduction.html,28,31,
/zh-cn/3.13/library/index.html,28,29,
/zh-cn/3.13/library/stdtypes.html,28,30,
/zh-cn/3.13/whatsnew/3.13.html,28,29,
/es/3.13/tutorial/errors.html,27,27,
/3.13/library/tkinter.html,26,28,
/es/3.13/library/re.html,26,28,
/pt-br/3.13/library/stdtypes.html,26,27,
/zh-cn/3.13/library/functions.html,26,31,
/3.13/library/random.html,25,26,
/es/3.13/tutorial/controlflow.html,25,27,
/ja/3.13/library/os.html,25,26,
/ja/3.13/library/pathlib.html,25,26,
/ja/3.13/library/tkinter.html,25,25,
/ja/3.13/tutorial/errors.html,25,25,
/pt-br/3.13/library/index.html,25,28,
/pt-br/3.13/tutorial/datastructures.html,25,28,
/zh-cn/3.13/tutorial/datastructures.html,25,26,
/3.13/library/,24,25,
/3.13/tutorial/classes.html,24,26,
/fr/3.13/library/random.html,24,25,
/zh-cn/3.13/glossary.html,24,24,
/zh-tw/3.13/library/random.html,24,24,
/3.13/py-modindex.html,23,23,
/3/library/idle.html,23,23,
/es/3.13/search.html,23,23,
/es/3.13/tutorial/inputoutput.html,23,24,
/ja/3.13/library/itertools.html,23,23,
/ja/3.13/library/os.path.html,23,23,
/pt-br/3.13/library/functions.html,23,24,
/pt-br/3.13/library/tkinter.html,23,23,
/es/3.13/glossary.html,22,22,
/ja/3.13/library/index.html,22,22,
