name,version,visitors
Windows,10,6435
Mac,10.15,847
GNU/Linux,(not set),302
Android,10,154
Ubuntu,(not set),62
iOS,18.7,43
Windows,XP,30
Chrome OS,14541.0,24
Android,9,19
iOS,26.2,15
Mac,10.13,13
Android,15,13
Android,16,10
Windows,7,10
Android,14,9
iOS,18.6,7
Windows,8.1,7
Android,12,6
Android,11,5
Android,13,4
HarmonyOS,2.2,4
(not set),(not set),3
iOS,26.3,3
HarmonyOS,3.0,3
HarmonyOS,(not set),2
iOS,18.0,2
Mac,10.14,1
iOS,10.3,1
iOS,12.5,1
Mac,14.4,1
iOS,16.6,1
iOS,17.2,1
iOS,17.6,1
iPadOS,17.7,1
iOS,18.1,1
iOS,18.3,1
iOS,18.5,1
Android,6.0,1
