name,unique_entrances,total_entrances,visit_duration
/3/,16,16,382
/it/3/tutorial/index.html,14,14,276
/it/3/tutorial/inputoutput.html,14,14,130
/it/3.13/tutorial/index.html,8,8,38
/3/tutorial/index.html,7,7,218
/it/3.13/tutorial/controlflow.html,7,7,137
/it/3/tutorial/datastructures.html,7,7,7
/3/library/idle.html,6,6,57
/3/library/index.html,6,6,207
/it/3/library/stdtypes.html,4,4,89
/it/3/tutorial/introduction.html,4,4,0
/3.13/index.html,3,3,650
/3.13/tutorial/,3,3,928
/3/library/,3,3,572
/3/library/tkinter.html,3,3,63
/3/tutorial/,3,3,716
/it/3.13/tutorial/classes.html,3,3,19
/it/3.13/tutorial/datastructures.html,3,3,82
/it/3/tutorial/,3,3,7
/it/3/tutorial/classes.html,3,5,25
/it/3/tutorial/modules.html,3,3,125
/3.13/tutorial/index.html,2,2,369
/3/library/datetime.html,2,2,144
/3/library/stdtypes.html,2,2,843
/it/3.12/library/functions.html,2,2,0
/it/3.12/tutorial/,2,2,28
/it/3.13/glossary.html,2,2,746
/it/3.13/library/index.html,2,2,122
/it/3.13/reference/index.html,2,2,8
/it/3.13/search.html,2,2,212
/it/3/library/functions.html,2,2,0
/it/3/tutorial/interpreter.html,2,2,542
/3.12/glossary.html,1,1,118
/3.12/tutorial/,1,1,651
/3.13/library/graphlib.html,1,1,194
/3.14/tutorial/index.html,1,1,81
/3/download.html,1,1,170
/3/howto/argparse.html,1,1,765
/3/library/__main__.html,1,1,50
/3/library/array.html,1,1,170
/3/library/asyncio-eventloop.html,1,1,8178
/3/library/fnmatch.html,1,1,25
/3/library/ftplib.html,1,1,258
/3/library/importlib.html,1,1,368
/3/library/io.html,1,1,7
/3/library/optparse.html,1,1,131
/3/library/os.html,1,1,168
/3/library/pathlib.html,1,1,7
/3/library/profile.html,1,1,49
/3/library/random.html,1,1,823
/3/library/turtle.html,1,1,1863
/3/library/urllib.request.html,1,1,216
/3/library/venv.html,1,1,2740
/3/license.html,1,1,19
/3/py-modindex.html,1,1,120
/3/tutorial/classes.html,1,1,787
/3/tutorial/datastructures.html,1,1,47
/3/tutorial/introduction.html,1,1,1981
/3/using/mac.html,1,1,77
/fr/3/tutorial/,1,2,8
/it/3.12/,1,1,152
/it/3.12/genindex-G.html,1,1,0
/it/3.12/tutorial/introduction.html,1,1,0
/it/3.13/,1,1,45
/it/3.13/contents.html,1,1,342
/it/3.13/extending/embedding.html,1,1,0
/it/3.13/library/abc.html,1,1,0
/it/3.13/library/math.html,1,1,7
/it/3.13/library/turtle.html,1,1,1412
/it/3.13/library/wsgiref.html,1,1,0
/it/3.13/tutorial/appetite.html,1,1,320
/it/3.13/tutorial/errors.html,1,1,1857
/it/3.13/tutorial/inputoutput.html,1,1,23
/it/3.13/tutorial/modules.html,1,2,2
/it/3.13/whatsnew/index.html,1,1,913
/it/3/,1,2,0
/it/3/tutorial/controlflow.html,1,1,0
/it/3/tutorial/errors.html,1,1,0
/it/3/tutorial/venv.html,1,1,0
/it/3/using/cmdline.html,1,1,0
/ko/3.13/tutorial/index.html,1,1,39
/zh-cn/3/library/functools.html,1,1,12
