name,visitors
Tokyo,322
Singapore,276
Moscow,267
Bengaluru,258
Chennai,233
Frankfurt am Main,219
Paris,214
Hyderabad,208
Mumbai,177
Beijing,174
Warsaw,168
Amsterdam,162
Hong Kong,159
São Paulo,151
Shanghai,145
Guangzhou,140
Munich,140
Ho Chi Minh City,134
Sydney,129
Madrid,121
Hanoi,112
Istanbul,111
Berlin,111
Saint Petersburg,110
Los Angeles,110
Toronto,109
Melbourne,106
Bogotá,105
New Delhi,100
London,98
Pune,90
New York City,89
Milan,88
Tel Aviv,85
Vienna,85
Taipei,84
San Jose,83
Hangzhou,82
Bangkok,81
Helsinki,80
Kyiv,80
Prague,78
Lima,76
Stockholm,74
Zürich,70
Santiago,68
Ashburn,65
Chicago,63
Montréal,62
Chengdu,61
Dublin,61
Jakarta,60
Seoul,60
Osaka,60
Brisbane,60
Rio de Janeiro,60
Shenzhen,59
Seattle,59
Delhi,57
Coimbatore,56
N/A,56
Budapest,54
Nairobi,53
Del Norte,52
Medellín,49
Tashkent,48
Kolkata,47
Johannesburg,46
Kuala Lumpur,46
Wuhan,46
Curitiba,46
Vancouver,46
Stuttgart,45
Barcelona,45
Minsk,44
Lagos,44
Kraków,44
Belgrade,43
Xi’an,42
Lahore,41
Düsseldorf,41
Nanjing,40
Wrocław,40
Brasília,40
Perth,39
Dubai,38
Auckland,38
Brussels,37
N/A,37
Jaipur,36
Zhengzhou,36
Suwon,36
Oslo,35
Riyadh,34
Cairo,34
Lviv,34
Copenhagen,34
Hamburg,33
Ankara,32
N/A,32
Lisbon,32
Athens,31
Karachi,31
N/A,31
Seongnam-si,31
Lucknow,30
Houston,30
Adelaide,29
Patna,28
Tsuen Wan,28
Manchester,28
Belo Horizonte,28
Riga,27
Cochin,27
Almaty,27
Taichung,27
Marseille,27
Zagreb,27
Atlanta,27
San Francisco,27
Rostov-na-Donu,26
Nizhniy Novgorod,26
Dhaka,26
Colombo,26
Tianjin,26
Dallas,26
Washington,26
Calgary,26
Ahmedabad,25
Kathmandu,25
Hwaseong-si,25
Rome,25
Santa Clara,25
Nur-Sultan,24
Casablanca,24
Mexico City,24
Austin,24
Yekaterinburg,23
Fortaleza,23
Córdoba,23
Tehran,22
Surat,22
Chongqing,22
Lyon,22
Baghdad,21
Vilnius,21
Novosibirsk,21
Petaling Jaya,21
N/A,21
Brno,21
La Paz,21
Miami,21
Addis Ababa,20
Krasnodar,20
Cambridge,20
Cape Town,20
Campinas,20
San José,20
Islamabad,19
Gurgaon,19
Qingdao,19
Accra,19
Porto,19
Nürnberg,19
Mannheim,19
Quito,19
San Diego,19
Yerevan,18
Edinburgh,18
Göteborg,18
Köln,18
Karlsruhe,18
Gdańsk,18
Florianópolis,18
Fremont,18
N/A,18
Odessa,17
Sofia,17
Bhopāl,17
Da Nang,17
Kaohsiung,17
Fuzhou,17
Suzhou,17
Canberra,17
Rotterdam,17
Aachen,17
Montevideo,17
Charlotte,17
Queens,17
Portland,17
Jerusalem,16
Kazan,16
Bandung,16
Wuxi,16
Linz,16
Falkenstein,16
Dresden,16
Toulouse,16
Poznań,16
N/A,16
Goiânia,16
San Antonio,16
Boston,16
Brooklyn,16
N/A,16
Tallinn,15
Bucharest,15
Chelyabinsk,15
Quezon City,15
Guiyang,15
Phnom Penh,15
Incheon,15
Nagoya,15
Wandsworth,15
Grenoble,15
Turin,15
N/A,15
Reston,15
Minneapolis,15
N/A,15
N/A,15
Samara,14
Perm,14
Tbilisi,14
Shenyang,14
Łódź,14
Buenos Aires,14
Caracas,14
Guayaquil,14
Cali,14
Panamá,14
Des Moines,14
Phoenix,14
Denver,14
Burnaby,14
Ottawa,14
Visakhapatnam,13
Nagpur,13
Agra,13
Málaga,13
Coventry,13
Clamart,13
Bordeaux,13
Trondheim,13
Sanaa,12
Dammam,12
Yaroslavl,12
Ufa,12
Baku,12
Kharkiv,12
Vijayawada,12
Indore,12
Ghāziābād,12
Bishkek,12
Hefei,12
N/A,12
Kyoto,12
Nottingham,12
Utrecht,12
The Hague,12
Freiburg,12
Bergen,12
Ljubljana,12
La Plata,12
Guatemala City,12
Guadalajara,12
Philadelphia,12
Las Vegas,12
Salt Lake City,12
Noida,12
Giza,11
Dnipro,11
Bursa,11
Pretoria,11
Thiruvananthapuram,11
Salem,11
Chandīgarh,11
Tyumen,11
Pavlodar,11
Taoyuan,11
Kunming,11
Jinan,11
Nishio,11
Valencia,11
Croydon,11
Antwerpen,11
Darmstadt,11
Strasbourg,11
Rennes,11
Blumenau,11
Gustavo Adolfo Madero,11
Barranquilla,11
Trujillo,11
N/A,11
Cambridge,11
Boardman,11
Draper,11
Kitchener,11
Mississauga,11
N/A,11
