name,visitors,bounce_rate,visit_duration
Direct / None,956770,99,8
google.com,2842,86,38
python.org,1210,83,24
docs.python.org,611,78,90
bing.com,296,87,73
duckduckgo.com,185,82,35
devguide.python.org/versions,96,77,39
boot.dev,75,93,16
yandex.ru,73,94,12
search.brave.com,63,82,6
chatgpt.com,61,88,48
github.com,60,86,18
docs.astral.sh,59,81,67
discuss.python.org,58,74,82
pypi.org,50,87,18
netacad.com,41,100,0
statics.teams.cdn.office.net,41,93,7
realpython.com,37,87,43
udemy.com,33,100,0
ecosia.org,29,87,48
practicum.yandex.ru,25,73,192
python.org/downloads,23,87,11
cs50.harvard.edu,21,95,1
kagi.com,21,90,79
moodle.taltech.ee,20,67,251
docs.sqlalchemy.org,14,100,0
numpydoc.readthedocs.io/en/latest/format.html,14,64,19
python-poetry.org,14,86,123
gemini.google.com,12,100,0
packaging.python.org/en/latest/glossary,12,83,8
perplexity.ai,12,92,132
codecademy.com,11,100,0
en.wikipedia.org,11,85,17
qiita.com,11,82,10
cn.bing.com,10,90,39
elearn.epam.com,9,100,0
google.com.hk,9,78,44
google.github.io,9,78,88
pycoders.com,9,70,26
hackerrank.com,8,88,4
metanit.com,8,100,0
news.ycombinator.com,8,100,0
numpy.org,8,100,0
python-academy.org,8,100,0
youtube.com,8,89,22
datacamp.com,7,100,0
devguide.python.org,7,88,9
docs.snowflake.com,7,100,0
link.csdn.net,7,100,0
lwn.net,7,86,1
psycopg.org,7,100,0
bottlepy.org,6,100,0
claude.ai,6,100,0
codeit.kr,6,100,0
pydoc.pages.taltech.ee,6,83,14
pythoninsider.blogspot.com,6,83,1
pythonwheels.com,6,67,26
qwant.com,6,33,351
s3.eu-west-1.amazonaws.com,6,100,0
ya.ru,6,100,0
yandex.by,6,43,31
android-app://com.google.android.googlequicksearchbox,5,100,0
cms.unir.net,5,80,323
cs50.readthedocs.io,5,100,0
dcp.ubs.net,5,100,0
docs.brew.sh,5,80,181
doubao.com,5,60,71
edube.org/learn/pe-1/variables-data-shaped-boxes-21,5,100,0
engdoc.corp.google.com,5,100,0
google.de,5,100,0
in.search.yahoo.com,5,80,2
learn.microsoft.com,5,100,0
notebooks.githubusercontent.com,5,80,1
pythonzen-pep8-exam.com,5,71,6
softserve.academy,5,83,189
til.simonwillison.net,5,60,143
akshare.akfamily.xyz/introduction.html,4,80,182
android-app://com.reddit.frontpage,4,75,32
blog.codacy.com,4,100,0
docs.basedpyright.com,4,50,22
docs.pydantic.dev,4,75,4
freecodecamp.org/news/programming-naming-conventions-explained,4,75,12
g3doc.corp.google.com,4,100,0
github.com/huangsam/ultimate-python,4,100,0
lms.skillfactory.ru,4,100,0
mypy-lang.org,4,75,71
olymp.mega.itmo.ru,4,100,0
openclassrooms.com,4,75,81
packaging.python.org/en/latest/specifications/dependency-specifiers,4,75,12
pep8-ja.readthedocs.io/ja/latest,4,75,3
pep8.org,4,100,0
pydevtools.com,4,75,26
python.jp,4,50,144
stackoverflow.com,4,75,13
typing.python.org/en/latest/guides/libraries.html,4,50,1122
typing.python.org/en/latest/spec/aliases.html,4,100,0
typing.python.org/en/latest/spec/protocol.html,4,100,0
wsgi.readthedocs.io/en/latest/what.html,4,75,670
asgi.readthedocs.io/en/latest/introduction.html,3,33,142
automatetheboringstuff.com,3,100,0
bitecode.dev,3,100,0
code-basics.com,3,100,0
code.s3.yandex.net,3,67,72
commitizen-tools.github.io,3,67,31
copilot.microsoft.com,3,67,44
cs50.readthedocs.io/libraries/cs50/python,3,100,0
dicoding.com,3,67,135
docs.python-guide.org,3,100,0
ellibrodepython.com,3,100,0
euc-onenote.officeapps.live.com,3,100,0
flake8rules.com,3,100,0
forum.uipath.com,3,25,22
github.com/python/cpython,3,100,0
github.com/python/cpython/issues/142965,3,33,12
google.co.uk,3,100,0
habr.com/ru/companies/lamoda/articles/432656,3,100,0
hugovk.dev,3,33,179
m.facebook.com,3,100,0
moodle.jku.at,3,100,0
news.apache.org,3,67,17
python.org/getit,3,100,0
qianwen.com/chat/c86291788bcd499894a9bc0ca77cbc2f,3,67,78
setuptools.pypa.io/en/latest/userguide/package_discovery.html,3,100,0
shultais.education,3,100,0
skywork.ai,3,100,0
typing.python.org,3,0,95
wiki.hsoub.com,3,67,82
wsgi.readthedocs.io,3,100,0
www-codingdojo-com.cdn.ampproject.org/v/s/www.codingdojo.com/blog/python-best-practices/amp,3,100,0
yuanbao.tencent.com,3,100,0
127.0.0.1,2,100,0
android-app://com.linkedin.android,2,100,0
android-app://com.slack,2,100,0
app.asana.com,2,100,0
applifting.io,2,100,0
arrow.apache.org,2,100,0
baidu.com/link,2,100,0
c.biancheng.net,2,100,0
catware-docs.ra-int.com,2,100,0
city.ya.ru,2,100,0
cloud.tencent.com/developer/tools/blog-entry,2,100,0
coccoc.com/search,2,100,0
courses.campus.gov.il,2,100,0
dash.plotly.com,2,100,0
datalot-documentation.readme.io,2,0,33
davinci.mediatek.inc,2,100,0
desktop.nclab.com,2,100,0
docs.panda3d.org,2,100,0
docs.python.org/3.9/whatsnew/3.9.html,2,100,0
docs.pytorch.org,2,50,52
docs.renovatebot.com,2,100,0
docs.sympy.org,2,100,0
dodona.be,2,100,0
edube.org,2,100,0
ensae-reproductibilite.github.io,2,67,0
forelook.com,2,0,689
forums.raspberrypi.com,2,100,0
git.autodesk.com,2,100,0
git.corp.brainchipinc.com,2,50,277
github.com/CumulusNetworks/ifupdown2/pull/279,2,100,0
github.com/GoogleCloudPlatform/cloud-foundation-fabric/tree/master/fast,2,100,0
github.com/RealOrangeOne/django-tasks/pull/215,2,100,0
github.com/benfred/py-spy/issues/750,2,100,0
github.com/gvanrossum/patma,2,100,0
github.com/microsoft/c9-python-getting-started/blob/master/python-for-beginners/04%20-%20String%20variables/README.md,2,100,0
github.com/microsoft/c9-python-getting-started/blob/master/python-for-beginners/06%20-%20Dates/README.md,2,100,0
github.com/mkleehammer/pyodbc/wiki/The-pyodbc-Module,2,0,74
github.com/pypa/setuptools/discussions/4686,2,100,0
github.com/python/typing/discussions/1428,2,0,1358
gitpub.rakuten-it.com,2,67,32
guicommits.com/handling-exceptions-in-python-like-a-pro,2,100,0
habr.com,2,100,0
hatenablog-parts.com,2,50,26
huubs.imente.com,2,0,540
inventwithpython.com,2,100,0
kloud.edukate.ai,2,100,0
learn.escapestudios.ac.uk,2,100,0
letpy.com,2,100,0
linkedin.com,2,100,0
m.search.daum.net/search,2,100,0
maharatech.gov.eg,2,100,0
mail.google.com,2,100,0
medium.com,2,100,0
microsoft.github.io,2,100,0
moodle.studiumdigitale.uni-frankfurt.de,2,100,0
moodle.usherbrooke.ca,2,50,2
my.sky.pro,2,100,0
mypy.readthedocs.io,2,100,0
nicholashairs.com/posts/major-changes-between-python-versions,2,50,466
olympus.mygreatlearning.com,2,100,0
packaging.python.org/en/latest/guides/licensing-examples-and-user-scenarios,2,0,258
packaging.python.org/en/latest/guides/packaging-namespace-packages,2,50,54
packaging.python.org/en/latest/guides/writing-pyproject-toml,2,50,64
packaging.python.org/en/latest/key_projects,2,100,0
packaging.python.org/en/latest/specifications/pylock-toml,2,0,130
packaging.python.org/ja/latest/guides/packaging-namespace-packages,2,100,0
palletsprojects.com,2,100,0
pip.pypa.io/en/latest/topics/dependency-resolution,2,100,0
portail.lyc-la-martiniere-diderot.ac-lyon.fr,2,100,0
practicum.yandex.kz,2,50,438
predev.skillsforall.com,2,100,0
preview.itmedia.co.jp/ait/articles/2512/23/news016.html,2,50,50
python.p2hp.com,2,50,15
python.p2hp.com/downloads,2,0,12
pythonpersian.com/lessons/l13-decorator-generator-and-lambda-with-python-functions.html,2,100,0
reddit.com,2,50,6
ru.hexlet.io/courses/python-basics/lessons/linting/theory_unit,2,100,0
savannah.dev,2,100,0
sberuniversity.online,2,100,0
share200usd.tu-zi.com,2,100,0
stash.barcapint.com,2,100,0
storage.googleapis.com,2,50,518
t.co,2,50,58
test.pypi.org,2,0,308
tomshardware.com/how-to/install-python-modules-raspberry-pi,2,0,1420
twingine.com,2,0,418
typing.python.org/en/latest/spec/annotations.html,2,100,0
typing.python.org/en/latest/spec/distributing.html,2,100,0
typing.python.org/en/latest/spec/generics.html,2,100,0
typing.python.org/en/latest/spec/literal.html,2,100,0
typing.python.org/en/latest/spec/typeddict.html,2,50,161
urban-university.ru,2,100,0
uv.doczh.com,2,100,0
web.stagram.com,2,50,82
web.telegram.org,2,100,0
yandex.com.tr,2,100,0
yandex.ru/clck/jsredir,2,100,0
yandex.ru/search,2,100,0
zetcode.com,2,100,0
abus-kransysteme.atlassian.net,1,100,0
abwiki.acml.com,1,100,0
adfed.saint-gobain.com,1,100,0
adora-xu.com,1,100,0
ai.sovcombank.group,1,0,120
alm-github.systems.uk.hsbc,1,100,0
andrewbrookins.com/technology/pythons-default-hash-algorithm,1,100,0
aoc.winslowjosiah.com,1,100,0
app.clickup.com,1,100,0
attrs.org/en/stable/names.html,1,100,0
awilkins.id.au,1,100,0
baidu.com,1,100,0
barenakedcoder.com,1,100,0
bbgithub.dev.bloomberg.com,1,100,0
betterstack.com,1,100,0
bhavaniravi.com,1,100,0
bitbucket.ibitech.net,1,100,0
bitbucket.lvnl.nl,1,100,0
bitbucketdc-cluster04.jpmchase.net,1,100,0
black.readthedocs.io/en/stable/usage_and_configuration/the_basics.html,1,100,0
blekko.com,1,0,163
blog.codingconfessions.com,1,0,5
blog.ionelmc.ro,1,0,601
blog.jetbrains.com,1,0,49
blog.naver.com/PostView.naver,1,100,0
blog.pypi.org,1,100,0
blog.pythonlibrary.org,1,100,0
blog.stackademic.com,1,100,0
bmo.atlassian.net,1,100,0
boto3.amazonaws.com,1,0,88
brian-candler.medium.com/function-programming-illustrated-in-python-part-4-bc8948ec6433,1,100,0
build.pypa.io/en/stable/differences.html,1,0,286
bytedance.larkoffice.com,1,100,0
campus.datacamp.com/courses/software-engineering-principles-in-python/writing-a-python-module,1,100,0
canvas.hull.ac.uk/courses/73519/modules/items/1152524,1,100,0
canvas.ucdavis.edu/courses/1010897,1,100,0
capgemini.udemy.com,1,100,0
careersatdoordash.com,1,100,0
carpentries-incubator.github.io,1,100,0
cedt-confluence.nam.nsroot.net,1,100,0
chat.gpt-chatbot.ru,1,100,0
chipx86.blog/2025/07/12/a-crash-course-on-python-function-signatures-and-typing,1,100,0
chokkan.github.io,1,0,7
chromium.googlesource.com,1,100,0
cht-wiki.xchristie.nhs.uk,1,100,0
circana.atlassian.net,1,100,0
clusterlabs.org,1,0,3
cnblogs.com,1,100,0
code.amazon.com,1,100,0
codeql.github.com,1,100,0
codingtemple.disco.co,1,100,0
cognizant.udemy.com,1,100,0
colab.google,1,0,21
collaborate.akamai.com,1,100,0
communitiesuk.github.io,1,100,0
compfight.com,1,0,2
confluence.cec.lab.emc.com,1,100,0
confluence.danskenet.net,1,100,0
confluence.ext.net.nokia.com,1,100,0
confluence.itelma.su,1,100,0
confluence.jnj.com,1,100,0
confluence.pkobp.pl,1,100,0
confluence.sberbank.ru,1,100,0
confluence.shopee.io,1,100,0
confluence.xxxlgroup.com,1,100,0
confluenceasd.aimsites.nl,1,100,0
cosmicpython.com,1,100,0
cosmoage.com,1,0,135
courses.baobabplatform.org,1,100,0
crosshair.readthedocs.io/en/latest/kinds_of_contracts.html,1,100,0
cs.utexas.edu,1,100,0
