name,visitors
Singapore,4528
China,728
United States,551
India,375
Russian Federation,261
Germany,219
France,156
Japan,156
United Kingdom,146
Brazil,83
Colombia,83
Switzerland,78
Hong Kong,77
Netherlands,73
South Korea,59
Canada,58
Vietnam,58
Kazakhstan,57
Poland,56
Spain,48
Italy,44
Taiwan,42
Ukraine,37
Sweden,33
Australia,29
Mexico,22
Czechia,19
Austria,18
Belgium,17
Israel,17
Norway,17
Egypt,16
Portugal,15
Turkey,14
South Africa,14
Romania,13
Bangladesh,12
Pakistan,12
United Arab Emirates,11
Finland,11
Ireland,11
Kyrgyzstan,11
Morocco,11
Denmark,10
Algeria,10
Croatia,10
Indonesia,10
Hungary,9
Malaysia,9
Nigeria,9
Peru,9
Argentina,8
Belarus,8
Ghana,8
Greece,8
Iran,8
Serbia,8
Saudi Arabia,8
Thailand,8
Bulgaria,7
Lithuania,7
Tunisia,7
Ecuador,6
Kenya,6
Moldova,6
Uzbekistan,6
Bolivia,5
Cyprus,5
Estonia,5
Philippines,5
Slovakia,5
Chile,4
Lebanon,4
Sri Lanka,4
Nepal,4
New Zealand,4
Azerbaijan,3
Mongolia,3
Paraguay,3
Rwanda,3
Somalia,3
Bahrain,2
Iraq,2
Iceland,2
Latvia,2
Libya,2
Montenegro,2
Myanmar,2
Northern Mariana Islands,2
Mozambique,2
Tanzania,2
Holy See (Vatican City State),2
Afghanistan,1
Benin,1
Congo,1
Cabo Verde,1
Ethiopia,1
Georgia,1
Guinea,1
Guatemala,1
Jersey,1
Jordan,1
Madagascar,1
Mali,1
Namibia,1
Réunion,1
Slovenia,1
Chad,1
Togo,1
Venezuela,1
Zambia,1
