property,value,visitors,events,percentage
url,(none),8573,12740,99.9
url,https://www.python.org/,35,35,0.4
url,https://packaging.python.org/en/latest/tutorials/packaging-projects/,3,3,0.0
url,https://peps.python.org/pep-0397/,3,3,0.0
url,https://wiki.python.org/moin/BeginnersGuide,3,3,0.0
url,https://github.com/python-doc-ja/python-doc-ja/issues,2,2,0.0
url,https://github.com/python/cpython/tree/3.12/Lib/chunk.py,2,2,0.0
url,https://github.com/python/cpython/tree/3.12/Lib/getpass.py,2,2,0.0
url,https://github.com/python/cpython/tree/3.12/Lib/idlelib/,2,2,0.0
url,https://packaging.python.org/installing/#requirements-for-installing-packages,2,5,0.0
url,https://peps.python.org/pep-0693/,2,2,0.0
url,https://typing.python.org/en/latest/spec/index.html,2,2,0.0
url,https://www.tkdocs.com/shipman/,2,2,0.0
url,https://cygwin.com/,1,1,0.0
url,https://devguide.python.org/,1,1,0.0
url,https://en.wikipedia.org/wiki/Transpose,1,1,0.0
url,https://en.wikipedia.org/wiki/Turtle_(robot),1,1,0.0
url,https://github.com/isidentical/teyit,1,1,0.0
url,https://github.com/python/cpython/blob/main/Doc/installing/index.rst,1,1,0.0
url,https://github.com/python/cpython/blob/main/Doc/library/distribution.rst,1,1,0.0
url,https://github.com/python/cpython/blob/main/Doc/tutorial/appetite.rst,1,2,0.0
url,https://github.com/python/cpython/issues/103693,1,1,0.0
url,https://github.com/python/cpython/tree/3.12/Lib/calendar.py,1,1,0.0
url,https://github.com/python/cpython/tree/3.12/Lib/datetime.py,1,1,0.0
url,https://github.com/python/cpython/tree/3.12/Lib/hashlib.py,1,1,0.0
url,https://github.com/python/cpython/tree/3.12/Lib/imghdr.py,1,1,0.0
url,https://github.com/python/cpython/tree/3.12/Lib/logging/__init__.py,1,1,0.0
url,https://github.com/python/cpython/tree/3.12/Lib/mimetypes.py,1,1,0.0
url,https://github.com/python/cpython/tree/3.12/Lib/multiprocessing/,1,1,0.0
url,https://github.com/python/cpython/tree/3.12/Lib/random.py,1,1,0.0
url,https://github.com/python/cpython/tree/3.12/Lib/tkinter/ttk.py,1,1,0.0
url,https://github.com/python/cpython/tree/3.12/Lib/trace.py,1,1,0.0
url,https://github.com/python/cpython/tree/3.12/Lib/webbrowser.py,1,1,0.0
url,https://github.com/python/cpython/tree/3.12/Modules/_xxsubinterpretersmodule.c,1,1,0.0
url,https://importlib-resources.readthedocs.io/en/latest/migration.html,1,1,0.0
url,https://infozip.sourceforge.net/,1,1,0.0
url,https://mypy.readthedocs.io/en/stable/index.html,1,1,0.0
url,https://packaging.python.org/,1,1,0.0
url,https://packaging.python.org/en/latest/tutorials/installing-packages/#ensure-pip-setuptools-and-wheel-are-up-to-date,1,1,0.0
url,https://packaging.python.org/guides/installing-using-pip-and-virtual-environments/#create-and-use-virtual-environments,1,1,0.0
url,https://packaging.python.org/installing/,1,1,0.0
url,https://peps.python.org/pep-0007/,1,1,0.0
url,https://peps.python.org/pep-0008/,1,1,0.0
url,https://peps.python.org/pep-0011/,1,1,0.0
url,https://peps.python.org/pep-0420/,1,1,0.0
url,https://peps.python.org/pep-0492/,1,1,0.0
url,https://peps.python.org/pep-0554/,1,1,0.0
url,https://peps.python.org/pep-0594/#cgi,1,1,0.0
url,https://peps.python.org/pep-0594/#pipes,1,1,0.0
url,https://peps.python.org/pep-0636/,1,1,0.0
url,https://peps.python.org/pep-0649/,1,1,0.0
url,https://peps.python.org/pep-0673/,1,1,0.0
url,https://peps.python.org/pep-0695/,1,1,0.0
url,https://peps.python.org/pep-0698/,1,1,0.0
url,https://pypi.org/,1,1,0.0
url,https://pypi.org/project/pip/,1,1,0.0
url,https://pypi.org/project/tzdata/,1,1,0.0
url,https://setuptools.readthedocs.io/en/latest/pkg_resources.html,1,1,0.0
url,https://wiki.python.org/moin/IntegratedDevelopmentEnvironments,1,1,0.0
url,https://www.python.org/doc/versions/,1,1,0.0
url,https://www.python.org/downloads/macos/,1,1,0.0
url,https://www.python.org/downloads/windows/,1,1,0.0
url,https://www.unicode.org/versions/Unicode15.0.0/ch03.pdf,1,1,0.0
url,https://yaml.org/,1,1,0.0
