name,visitors,pageviews,bounce_rate,time_on_page,scroll_depth
/tr/3.13/,13,13,40,11,82
/tr/3/tutorial/index.html,11,11,89,9,36
/tr/3.13/tutorial/index.html,10,12,67,31,74
/tr/3.13/search.html,7,21,0,25,64
/tr/3.13/tutorial/interpreter.html,7,7,100,28,85
/tr/3.13/using/windows.html,7,6,100,13,55
/tr/3.13/index.html,5,5,0,5,70
/tr/3/installing/index.html,5,5,100,33,74
/tr/3.13/tutorial/introduction.html,4,3,0,90,39
/tr/3/tutorial/appetite.html,4,3,50,4,100
/tr/3.13/library/tkinter.html,3,3,0,16,5
/tr/3.13/tutorial/,3,2,0,39,30
/tr/3.13/tutorial/appetite.html,3,2,0,35,94
/tr/3/,3,3,100,3,100
/tr/3.12/library/tkinter.ttk.html,2,1,0,51,91
/tr/3.12/tutorial/index.html,2,2,100,3,18
/tr/3.13/c-api/intro.html,2,3,0,15,6
/tr/3.13/library/functions.html,2,4,0,122,82
/tr/3.13/library/index.html,2,2,100,3,11
/tr/3.13/library/stdtypes.html,2,4,100,44,49
/tr/3.13/reference/index.html,2,2,0,36,67
/tr/3.13/reference/introduction.html,2,1,0,53,100
/tr/3.13/tutorial/controlflow.html,2,3,0,258,16
/tr/3.13/tutorial/datastructures.html,2,2,0,10,4
/tr/3.13/whatsnew/3.13.html,2,1,0,19,20
/tr/3.15/,2,2,0,6,78
/tr/3.15/library/index.html,2,1,0,8,14
/tr/3.15/using/android.html,2,2,0,54,100
/tr/3.15/using/index.html,2,2,0,17,98
/tr/3.15/using/windows.html,2,1,0,3,2
/tr/3/tutorial/,2,3,0,15,32
/tr/3/tutorial/inputoutput.html,2,2,100,,
/tr/3/tutorial/interpreter.html,2,2,0,6,78
/tr/3.12/bugs.html,1,1,100,11,100
/tr/3.12/library/argparse.html,1,1,0,8,72
/tr/3.12/library/tk.html,1,1,100,21,44
/tr/3.12/tutorial/,1,1,0,,
/tr/3.12/tutorial/classes.html,1,1,100,580,100
/tr/3.13/installing/index.html,1,1,0,10,18
/tr/3.13/library/math.html,1,1,0,14,22
/tr/3.13/library/tk.html,1,1,0,2,39
/tr/3.13/reference/lexical_analysis.html,1,1,0,125,37
/tr/3.13/tutorial/classes.html,1,1,0,8,13
/tr/3.14/howto/sorting.html,1,1,100,37,60
/tr/3.14/tutorial/,1,1,0,5,17
/tr/3.14/tutorial/index.html,1,1,0,5,15
/tr/3.14/using/android.html,1,1,0,8,100
/tr/3.15/c-api/intro.html,1,1,0,13,6
/tr/3/library/ctypes.html,1,1,100,,
/tr/3/library/functions.html,1,1,100,,
/tr/3/library/tk.html,1,1,0,,
/tr/3/tutorial/controlflow.html,1,1,100,,
/tr/3/tutorial/introduction.html,1,1,100,1,8
/tr/3/tutorial/modules.html,1,1,0,14,77
