name,version,visitors
Chrome,135.0,596
Chrome,134.0,82
Microsoft Edge,135.0,79
Safari,18.3,45
Firefox,137.0,28
Safari,18.4,17
Safari,18.1,13
Chrome,131.0,11
Safari,17.6,10
Safari,17.5,9
Chrome,133.0,8
Mobile App,(not set),6
Opera,117.0,5
Chrome,119.0,5
Chrome,132.0,5
Safari,17.1,5
Safari,18.2,5
Samsung Browser,27.0,5
Chrome,128.0,4
Microsoft Edge,134.0,4
Safari,16.6,4
Safari,17.2,4
Chrome,109.0,3
Chrome,126.0,3
Firefox,136.0,3
Safari,15.6,3
Safari,18.0,3
Chrome,129.0,2
Chrome,130.0,2
Safari,17.3,2
Safari,17.7,2
Yandex Browser,25.2,2
Safari,(not set),1
Chrome,104.0,1
Microsoft Edge,109.0,1
Chrome,110.0,1
Chrome,114.0,1
Firefox,115.0,1
Chrome,120.0,1
Chrome,122.0,1
Chrome,123.0,1
Chrome,125.0,1
Microsoft Edge,126.0,1
Microsoft Edge,127.0,1
Chrome,127.0,1
Firefox,128.0,1
UC Browser,13.0,1
Microsoft Edge,133.0,1
Firefox,134.0,1
MIUI Browser,14.32,1
Safari,15.2,1
QQ Browser,16.1,1
Safari,16.1,1
Safari,16.3,1
Safari,16.4,1
Safari,16.5,1
Safari,17.4,1
Opera,44.6,1
Chrome,84.0,1
Chrome,86.0,1
Chrome,94.0,1
