name,visitors
Chrome,7050
Microsoft Edge,3259
Firefox,796
Opera,648
Safari,475
Yandex Browser,199
Mobile App,118
Smart Lenovo Browser,80
Quark,50
vivo Browser,31
MIUI Browser,28
QQ Browser,21
Sogou Explorer,16
Avast Secure Browser,10
Samsung Browser,7
Huawei Browser Mobile,6
(not set),5
Huawei Browser,5
AVG Secure Browser,4
Iron,4
UC Browser,4
Whale Browser,4
Android Browser,3
Brave,3
Sleipnir,3
Avira Secure Browser,2
Ecosia,2
Mypal,2
Norton Private Browser,2
115 Browser,1
AdBlock Browser,1
Cheetah Browser,1
Light,1
Maxthon,1
Mobile Silk,1
Opera Touch,1
Vivaldi,1
