name,visitors,pageviews,bounce_rate,time_on_page,scroll_depth
/3.12/,323,433,60,21,71
/3.12/tutorial/index.html,216,245,70,38,40
/3.12/using/windows.html,157,167,78,49,22
/3.12/whatsnew/3.12.html,142,133,80,46,12
/3.12/library/functions.html,120,126,86,36,54
/3.12/search.html,111,169,49,25,56
/3.12/library/index.html,98,107,39,59,47
/3.12/library/stdtypes.html,88,87,71,1743,36
/3.12/index.html,78,89,56,12,75
/3.12/library/,71,84,55,11,33
/3.12/tutorial/,59,69,53,37,53
/3.12/tutorial/interpreter.html,51,51,89,72,70
/zh-cn/3.12/,37,48,55,39,78
/3.12/tutorial/controlflow.html,36,37,90,133,33
/3.12/library/math.html,35,56,80,165,58
/3.12/tutorial/appetite.html,34,33,62,74,85
/zh-cn/3.12/tutorial/index.html,34,35,60,19,59
/zh-cn/3.12/library/index.html,32,32,54,13,43
/3.12/glossary.html,31,40,69,28,45
/3.12/library/os.html,30,31,69,28,43
/3.12/library/typing.html,30,29,80,19,39
/3.12/reference/datamodel.html,29,27,62,92,46
/3.12/tutorial/introduction.html,29,30,75,46,67
/3.12/reference/index.html,28,24,0,20,61
/3.12/installing/index.html,27,23,78,28,58
/3.12/library/datetime.html,27,27,76,41,38
/3.12/library/asyncio.html,24,32,43,57,90
/zh-cn/3.12/index.html,23,20,71,16,72
/3.12/download.html,22,24,60,18,78
/3.12/library/2to3.html,22,23,95,24,35
/3.12/py-modindex.html,22,37,50,27,46
/3.12/library/random.html,21,20,100,180,42
/3.12/tutorial/datastructures.html,21,18,80,37,49
/3.12/library/tkinter.html,19,17,91,53,29
/zh-cn/3.12/library/stdtypes.html,19,18,89,38,44
/3.12/library/exceptions.html,18,17,92,77,35
/3.12/library/pathlib.html,17,15,90,13,53
/3.12/library/string.html,16,13,43,12,32
/3.12/contents.html,15,15,25,27,4
/3.12/library/asyncio-task.html,15,14,100,144,66
/3.12/library/collections.html,15,13,50,88,43
/zh-cn/3.12/tutorial/interpreter.html,15,17,86,83,82
/3.12/howto/index.html,14,11,100,5,66
/3.12/using/index.html,14,12,50,9,49
/3.12/genindex.html,13,7,0,3,96
/3.12/library/functools.html,13,25,38,60,31
/3.12/library/os.path.html,13,15,64,46,52
/3.12/library/re.html,13,11,88,65,49
/3.12/library/telnetlib.html,13,12,80,17,67
/3.12/tutorial/classes.html,13,10,86,48,41
/3.12/library/itertools.html,12,11,71,40,27
/3.12/library/logging.html,12,13,83,53,44
/3.12/tutorial/inputoutput.html,12,11,75,34,51
/3.12/tutorial/modules.html,12,8,100,197,43
/zh-cn/3.12/search.html,12,13,0,11,55
/zh-cn/3.12/tutorial/appetite.html,12,13,88,24,66
/zh-cn/3.12/tutorial/controlflow.html,12,10,60,132,31
/zh-cn/3.12/using/mac.html,12,11,67,12,52
/zh-cn/3.12/whatsnew/3.12.html,12,11,75,172,20
/3.12/library/socket.html,11,9,67,26,39
/3.12/library/time.html,11,13,60,46,44
/3.12/library/turtle.html,11,15,75,65,62
/es/3.12/tutorial/index.html,11,11,60,20,38
/3.12/library/dataclasses.html,10,20,100,235,44
/3.12/library/json.html,10,9,86,51,46
/3.12/reference/compound_stmts.html,10,16,50,116,43
/3.12/whatsnew/changelog.html,10,10,100,47,0
/fr/3.12/library/stdtypes.html,10,13,88,92,35
/3.12/library/dis.html,9,10,86,103,40
/3.12/reference/introduction.html,9,5,0,20,79
/3.12/reference/lexical_analysis.html,9,7,0,51,58
/3.12/whatsnew/index.html,9,8,100,5,22
/zh-cn/3.12/download.html,9,11,50,34,88
/zh-cn/3.12/tutorial/introduction.html,9,11,100,174,58
/zh-cn/3.12/using/index.html,9,9,75,15,79
/3.12/library/asyncio-eventloop.html,8,6,100,55,27
/3.12/library/audioop.html,8,7,100,14,59
/3.12/library/operator.html,8,7,67,126,76
/3.12/tutorial/errors.html,8,7,75,133,32
/3.12/using/cmdline.html,8,6,100,22,36
/es/3.12/tutorial/classes.html,8,8,71,34,50
/3.12/c-api/index.html,7,6,0,7,46
/3.12/library/asyncio-runner.html,7,6,0,56,72
/3.12/library/asyncio-stream.html,7,5,100,39,34
/3.12/library/csv.html,7,6,100,137,58
/3.12/library/enum.html,7,6,33,2,6
/3.12/library/intro.html,7,7,0,97,79
/3.12/library/multiprocessing.html,7,6,50,10,8
/3.12/library/tkinter.ttk.html,7,8,80,4,4
/zh-cn/3.12/library/multiprocessing.html,7,8,75,140,40
/zh-cn/3.12/library/turtle.html,7,6,100,13,12
/3.12/extending/index.html,6,4,0,10,57
/3.12/library/asyncio-future.html,6,7,0,70,61
/3.12/library/cgi.html,6,6,67,10,15
/3.12/library/decimal.html,6,10,100,61,52
/3.12/library/getpass.html,6,5,50,13,82
/3.12/library/hashlib.html,6,5,100,18,18
/3.12/library/idle.html,6,6,100,9,41
/3.12/library/ipc.html,6,6,0,10,93
/3.12/library/sys.html,6,4,100,9,15
