name,version,visitors
Windows,10,5110
Mac,10.15,1173
GNU/Linux,(not set),581
Android,10,476
iOS,18.6,107
iOS,18.7,107
Ubuntu,(not set),100
Chrome OS,14541.0,38
Android,15,23
Android,16,21
iOS,18.5,21
Windows,7,19
iOS,26.0,15
Android,12,14
iOS,26.1,13
Android,14,11
Android,13,10
Android,11,9
iOS,18.3,6
Windows,8.1,6
Mac,10.13,4
iOS,15.8,4
iOS,26.2,4
HarmonyOS,(not set),3
iOS,10.3,3
iOS,17.5,3
iOS,17.7,3
iOS,18.1,3
Android,7.0,3
Android,9,3
Windows Mobile,10,2
Chrome OS,14816.131,2
iOS,16.7,2
Android,8.1,2
Windows,XP,2
(not set),(not set),1
Windows,(not set),1
Mac,10.11,1
iOS,12.5,1
Mac,13.3,1
iOS,16.0,1
iOS,17.4,1
iOS,17.6,1
iPadOS,17.7,1
iOS,18.2,1
iOS,18.4,1
Windows,8,1
