name,visitors
Tokyo,1438
São Paulo,534
Seoul,477
Taipei,386
Île-de-France,381
Guangdong,343
Osaka,274
California,266
Gyeonggi,262
England,258
Kanagawa,258
Capital District,248
Shanghai,241
Kyiv,231
Beijing,228
Ciudad de Mexico,216
New Taipei,211
Madrid Autonomous Community,198
Santiago Metropolitan,188
Buenos Aires Province,173
Karnataka,167
Maharashtra,149
Zhejiang,147
Taichung,147
Catalonia,142
Antioquia,134
Aichi,133
Washington,133
Auvergne-Rhône-Alpes,128
Chiba,125
Tamil Nadu,124
Saitama,119
Minas Gerais,118
Rio de Janeiro,118
Telangāna,117
Texas,117
Lvivshchyna,113
Sichuan,111
Lima,109
Dnipropetrovshchyna,108
Jiangsu,106
Paraná,105
Shandong,95
Taoyuan,95
Moscow,92
Kaohsiung,87
New York,87
Occitanie,86
Hsinchu County,86
Ho Chi Minh City,83
Florida,82
Ontario,81
Hubei,79
Andalusia,77
Mexico State,72
Fujian,71
Hanoi,71
Virginia,70
Tashkent,70
Henan,63
Nairobi County,63
Valencian Community,62
Bahia,61
Hauts-de-France,61
Lombardy,61
Bavaria,60
Federal District,59
Santa Catarina,58
Rio Grande do Sul,57
Provence-Alpes-Côte-d'Azur,57
Delhi,57
Tochigi,57
Jalisco,57
Punjab,57
Odeshchyna,57
New South Wales,56
Pernambuco,56
Hesse,56
Grand-Est,56
Nuevo León,56
Quebec,55
Hyogo,55
Tainan,55
Ceará,54
Gujarat,54
New Jersey,52
Incheon,51
Lisbon,51
North Rhine-Westphalia,50
Hokkaido,50
Mazovia,50
Fukuoka,48
Kerala,47
Gauteng,47
Buenos Aires,46
Hunan,46
Valle del Cauca,46
Nouvelle-Aquitaine,46
Istanbul,46
Goiás,45
Shaanxi,45
Georgia,45
Pennsylvania,45
Hebei,44
Guatemala,44
Cairo,43
Kyoto,42
Pays-de-la-Loire,41
Kharkivshchyna,41
Baden-Württemberg,40
Kuala Lumpur,40
Pará,39
Busan,39
Veracruz,39
Illinois,39
Victoria,38
San José,38
Saint Petersburg,38
Maryland,38
Meknès-Tafilalet,37
Normandie,36
Ibaraki,36
Kyivshchyna,36
Arizona,36
Colorado,36
Jakarta,35
Uttar Pradesh,35
West Bengal,35
Selangor,35
Metro Manila,35
Poltavshchyna,35
Córdoba,34
Dakar,34
Espírito Santo,33
Brittany,33
Greater Accra,33
Puebla,33
Changhua,33
Massachusetts,33
Alberta,32
Andhra Pradesh,32
Daegu,32
Pichincha,31
Lagos,31
North Holland,31
Ankara,31
North Carolina,31
Capital,31
Guizhou,30
Basque Country,30
Querétaro,30
Sindh,30
Prykarpattia,30
Chongqing,29
Kowloon City Kowloon,29
Gunma,29
Okinawa,29
Baja California,29
Porto,29
Bangkok,29
Vinnychchyna,29
Dhaka Division,28
Amazonas,28
Paraíba,27
Galicia,27
Shizuoka,27
Hiroshima,27
North Chungcheong,27
Guanajuato,27
Berlin,26
Castile and León,26
Kwai Tsing New Territories,26
Calabarzon,26
Michigan,26
Queensland,25
Tianjin,25
Havana,25
Canary Islands,25
Daejeon,25
Almaty City,25
Chihuahua,25
Cherkashchyna,25
Ohio,25
Anhui,24
Madhya Pradesh,24
South Holland,24
Missouri,24
Vienna,23
Wallonia,23
British Columbia,23
Zürich,23
Veneto,23
South Gyeongsang,23
Western,23
Lesser Poland,23
Västra Götaland,23
Tunis,23
La Paz,22
Valparaíso,22
Guayas,22
Centre-Val de Loire,22
Federal Capital Territory,22
Asunción,22
South Carolina,22
Western Cape,22
Brussels,21
Abidjan,21
Liaoning,21
Prague,21
Distrito Nacional,21
West Java,21
Leinster,21
South Chungcheong,21
Panamá,21
Riyadh,21
Ternopilshchyna,21
Baku,20
Budapest,20
Miyagi,20
Phnom Penh,20
Lima Region,20
Hsinchu,20
Zakarpattia,20
Maranhão,19
Jiangxi,19
Saxony,19
Uusimaa,19
East Java,19
Tel Aviv,19
Lazio,19
Oriental,19
Novosibirsk,19
Volyn,19
Santa Fe,18
Rio Grande do Norte,18
Lower Saxony,18
Nagano,18
Auckland,18
Zaporizhzhya,18
Rivnenshchyna,18
Minnesota,18
Montevideo,18
Santa Cruz,17
Bío Bío,17
Nariño,17
Addis Ababa,17
Attica,17
Haryana,17
Shiga,17
Gwangju City,17
Michoacán,17
Sonora,17
Tatarstan,17
Tennessee,17
Utah,17
Wisconsin,17
Santander,16
Hamburg,16
Capital Region,16
Murcia Region,16
Bihar,16
Rajasthan,16
San Salvador,16
Alagoas,15
Sergipe,15
Minsk,15
Vaud,15
Atlántico,15
Bolívar,15
Burgundy-Franche-Comté,15
Tsuen Wan New Territories,15
Zagreb,15
Punjab,15
Hormozgan,15
Emilia-Romagna,15
Ishikawa,15
Okayama,15
Kumamoto,15
Coahuila,15
Muscat,15
Arequipa,15
Islamabad,15
Lower Silesia,15
Stockholm,15
Washington DC,15
Dubai,14
Luanda,14
Western Australia,14
Littoral,14
Mato Grosso do Sul,14
Kinshasa,14
Guangxi,14
Risaralda,14
Aragon,14
Baghdad,14
Campania,14
Aguascalientes,14
Guerrero,14
Oyo,14
Bucharest,14
