name,visitors
Singapore,1678
London,1664
Tokyo,1655
Paris,1651
Moscow,1595
New York City,1513
Frankfurt am Main,1412
Bengaluru,1337
Warsaw,1278
Chicago,1249
Los Angeles,1100
Munich,1057
Mumbai,1027
Amsterdam,1012
Toronto,995
Ashburn,993
San Jose,956
Madrid,796
Hong Kong,783
Hyderabad,771
Chennai,760
Berlin,753
Sydney,743
Seattle,729
New Delhi,720
Ho Chi Minh City,691
Vienna,683
São Paulo,674
Zürich,644
Beijing,635
Shanghai,606
Reston,606
Pune,591
Manchester,562
Prague,541
Tel Aviv,530
Melbourne,523
Helsinki,519
Taipei,516
Denver,513
Montréal,507
Atlanta,504
Saint Petersburg,497
The Dalles,491
San Francisco,470
Dublin,458
Hanoi,456
Stockholm,456
Guangzhou,455
Shenzhen,437
Milan,437
Nairobi,423
Hamburg,396
Budapest,392
Barcelona,383
Boston,372
Brussels,371
Kyiv,369
Osaka,368
Kraków,366
Austin,363
Bangkok,359
Delhi,346
Istanbul,330
Wrocław,327
Brooklyn,322
Rome,313
Kolkata,301
Dallas,298
Houston,298
Rio de Janeiro,297
Jakarta,291
Tashkent,290
Vancouver,289
Lagos,286
Düsseldorf,286
Copenhagen,285
Bucharest,284
Lisbon,284
Almaty,279
N/A,271
Santiago,270
Stuttgart,262
Boardman,251
Portland,249
San Diego,247
Hangzhou,245
Chengdu,242
Bogotá,240
Philadelphia,238
Athens,234
Dubai,233
Riga,233
Marseille,231
Cairo,225
Ottawa,224
N/A,217
Oslo,216
Brisbane,213
Zagreb,212
Columbus,212
Minsk,211
Johannesburg,211
Lima,210
Kuala Lumpur,208
Perth,204
Miami,203
Calgary,197
Köln,196
Sofia,195
Belgrade,195
Pittsburgh,192
Seoul,187
Cambridge,187
Sunnyvale,187
Edmonton,185
City of Westminster,183
Washington,181
Lucknow,180
Auckland,179
Kathmandu,175
Poznań,175
Dresden,174
Phoenix,172
Yekaterinburg,168
Queens,168
Xi’an,165
Nanjing,163
Göteborg,163
N/A,162
Lahore,161
Santa Clara,161
Cochin,159
Islington,159
Minneapolis,159
Colorado Springs,159
Novosibirsk,158
Cambridge,156
Salt Lake City,156
Karachi,155
Toulouse,155
Charlotte,155
Ann Arbor,155
Birmingham,153
Nur-Sultan,150
Bishkek,150
Wuhan,150
Bratislava,148
Gdańsk,147
Taichung,144
Indore,142
Nürnberg,142
Brasília,142
Boryspil,138
Riyadh,137
Mexico City,136
Cupertino,135
Camden Town,134
Accra,133
Patna,132
Gurgaon,131
San Antonio,130
Lviv,129
Ahmedabad,129
Ankara,127
Tallinn,127
Manila,127
Valencia,127
Colombo,123
Turin,123
Cape Town,123
Suzhou,121
Nizhniy Novgorod,120
Łódź,120
Tbilisi,119
Nagpur,119
Vladivostok,117
Adelaide,117
Vilnius,116
Utrecht,116
Karlsruhe,116
Raleigh,116
Orlando,115
Samara,113
Islamabad,113
Leeds,113
Rotterdam,113
Jaipur,112
Bologna,112
Eindhoven,111
Irvine,111
Krasnodar,108
Zhengzhou,108
Noida,108
Abu Dhabi,107
Hsinchu,107
St. Louis,107
Coventry,106
Winnipeg,106
N/A,105
Las Vegas,105
Bristol,104
Addis Ababa,103
Casablanca,103
Edinburgh,103
Santo Domingo,103
Lyon,102
Belo Horizonte,102
Mountain View,102
Dhaka,101
Changsha,101
Qingdao,100
Porto,100
Quito,100
Coimbatore,99
Antwerpen,99
Curitiba,99
Yokohama,98
Leipzig,98
Tianjin,97
Thrissur,96
Brno,96
Espoo,95
Ljubljana,95
Kanpur,94
Wuxi,94
Oakland,94
Medellín,93
Durham,93
North Bergen,93
Bhubaneshwar,92
Baku,91
Quezon City,91
Hannover,91
Dehra Dūn,90
Southampton,90
Benito Juarez,90
Orem,90
Bhopāl,89
Lausanne,89
Redmond,89
Oxford,88
Québec,88
Hefei,87
Nagoya,87
Yerevan,86
Wandsworth,86
Glasgow,86
Naaldwijk,86
Rennes,86
Petaẖ Tiqwa,85
Kazan,85
The Hague,85
Indianapolis,85
Sacramento,85
Thiruvananthapuram,84
Jeddah,83
Solna,83
Doha,82
Phnom Penh,82
Heidelberg,82
Fortaleza,82
San José,82
Jersey City,82
Taoyuan,81
Nottingham,81
Mannheim,81
Ufa,80
Kaohsiung,80
Kyoto,80
Krasnoyarsk,78
Caracas,78
Guadalajara,77
Provo,77
Graz,76
Petaling Jaya,75
Chongqing,75
Bonn,75
Nashville,75
Dnipro,74
Surabaya,74
Strasbourg,74
Trondheim,74
Aachen,74
Mississauga,74
Kensington,73
Delft,73
Jacksonville,73
Tampa,73
Baltimore,72
Waterloo,72
Malmö,71
Bremen,71
Montpellier,71
Fremont,71
Fulham,70
Subang Jaya,70
Baghdad,69
Kharkiv,69
Chelyabinsk,69
