name,visitors
Chrome,14003
Microsoft Edge,9143
Firefox,1801
Opera,981
Safari,945
Yandex Browser,374
Mobile App,303
Smart Lenovo Browser,298
Quark,125
QQ Browser,57
Avast Secure Browser,55
MIUI Browser,53
Huawei Browser Mobile,30
vivo Browser,24
Samsung Browser,22
Whale Browser,21
AVG Secure Browser,19
UC Browser,17
Sogou Explorer,16
(not set),13
Huawei Browser,8
CCleaner,7
Norton Private Browser,6
Brave,5
360 Secure Browser,3
Chromium,3
Opera GX,3
AOL Desktop,2
Avira Secure Browser,2
Mobile Silk,2
Pale Moon,2
QtWebEngine,2
115 Browser,1
Android Browser,1
Cheetah Browser,1
Ecosia,1
QQ Browser Lite,1
Rakuten Web Search,1
SberBrowser,1
UBrowser,1
