name,unique_entrances,total_entrances,visit_duration
/3/,33,33,302
/it/3/tutorial/index.html,17,18,455
/it/3.13/tutorial/index.html,16,18,467
/it/3/tutorial/inputoutput.html,8,8,68
/it/3/tutorial/modules.html,8,9,157
/it/3.14/contents.html,7,7,106
/3/tutorial/index.html,6,6,656
/it/3.13/tutorial/controlflow.html,6,6,326
/it/3.13/whatsnew/3.13.html,6,6,147
/it/3/library/functions.html,6,7,24
/3/library/index.html,5,5,442
/3.13/,4,4,237
/3/library/,4,4,88
/it/3.13/,4,4,3
/it/3/,4,4,32
/3.13/tutorial/,3,3,117
/3.13/tutorial/index.html,3,3,168
/3/library/stdtypes.html,3,3,38
/3/library/subprocess.html,3,3,481
/it/3.13/library/index.html,3,3,22
/it/3.13/tutorial/classes.html,3,4,0
/it/3.13/tutorial/datastructures.html,3,3,0
/it/3.14/whatsnew/3.14.html,3,3,270
/it/3.15/whatsnew/3.15.html,3,3,19
/it/3/tutorial/appetite.html,3,3,303
/it/3/tutorial/classes.html,3,3,16
/3/download.html,2,2,172
/3/library/zipfile.html,2,2,271
/it/3.12/tutorial/,2,2,247
/it/3.13/library/stdtypes.html,2,2,0
/it/3.13/tutorial/appetite.html,2,2,594
/it/3.13/tutorial/introduction.html,2,2,31
/it/3.13/using/windows.html,2,2,0
/it/3.14/using/windows.html,2,2,0
/it/3/search.html,2,2,9
/it/3/tutorial/interpreter.html,2,2,483
/3.12/,1,1,8
/3.12/library/intro.html,1,1,246
/3.13/reference/index.html,1,1,1553
/3.13/search.html,1,1,10
/3.13/whatsnew/3.13.html,1,1,75
/3.14/whatsnew/3.14.html,1,1,36
/3/c-api/set.html,1,1,1750
/3/contents.html,1,1,37
/3/index.html,1,1,6
/3/library/abc.html,1,1,1686
/3/library/asyncio-stream.html,1,1,492
/3/library/asyncio.html,1,1,830
/3/library/idle.html,1,1,279
/3/library/stat.html,1,1,30
/3/library/string.html,1,1,90
/3/library/tempfile.html,1,1,476
/3/library/tkinter.html,1,1,41
/3/library/typing.html,1,1,763
/3/tutorial/inputoutput.html,1,1,174
/3/tutorial/interpreter.html,1,1,42
/3/whatsnew/3.12.html,1,1,554
/es/3.13/,1,1,69
/fr/3.13/library/,1,1,462
/it/3.12/c-api/long.html,1,1,0
/it/3.12/contents.html,1,1,26
/it/3.12/library/cgi.html,1,1,0
/it/3.12/library/operator.html,1,1,0
/it/3.12/search.html,1,1,450
/it/3.12/tutorial/errors.html,1,1,0
/it/3.12/tutorial/index.html,1,1,0
/it/3.12/tutorial/inputoutput.html,1,1,1886
/it/3.12/tutorial/interpreter.html,1,1,0
/it/3.12/whatsnew/3.8.html,1,1,0
/it/3.13/c-api/set.html,1,1,14
/it/3.13/contents.html,1,1,92
/it/3.13/download.html,1,1,1643
/it/3.13/genindex-T.html,1,1,0
/it/3.13/glossary.html,1,1,0
/it/3.13/library/,1,1,38
/it/3.13/library/__main__.html,1,1,0
/it/3.13/library/idle.html,1,1,0
/it/3.13/library/importlib.html,1,1,0
/it/3.13/library/operator.html,1,1,0
/it/3.13/library/random.html,1,1,2507
/it/3.13/library/sqlite3.html,1,1,14
/it/3.13/library/subprocess.html,1,1,12
/it/3.13/library/tarfile.html,1,1,0
/it/3.13/library/tkinter.ttk.html,1,1,1188
/it/3.13/library/venv.html,1,1,0
/it/3.13/library/windows.html,1,1,0
/it/3.13/py-modindex.html,1,1,31
/it/3.13/reference/compound_stmts.html,1,1,1061
/it/3.13/reference/datamodel.html,1,1,0
/it/3.13/reference/toplevel_components.html,1,2,0
/it/3.13/search.html,1,1,715
/it/3.13/tutorial/,1,1,0
/it/3.13/tutorial/interpreter.html,1,1,580
/it/3.13/tutorial/stdlib2.html,1,2,0
/it/3.13/using/cmdline.html,1,1,0
/it/3.13/using/editors.html,1,1,0
/it/3.13/whatsnew/3.11.html,1,1,0
/it/3.13/whatsnew/3.12.html,1,1,0
/it/3.14/library/multiprocessing.html,1,1,0
/it/3.14/tutorial/errors.html,1,1,0
/it/3.15/whatsnew/2.7.html,1,1,0
/it/3/contents.html,1,1,2764
/it/3/index.html,1,1,97
/it/3/installing/index.html,1,1,409
/it/3/library/allos.html,1,1,0
/it/3/library/cgitb.html,1,1,0
/it/3/library/constants.html,1,1,0
/it/3/library/crypto.html,1,1,15
/it/3/library/functools.html,1,1,0
/it/3/library/index.html,1,2,7
/it/3/library/json.html,1,1,0
/it/3/library/plistlib.html,1,1,16
/it/3/library/pty.html,1,1,0
/it/3/library/secrets.html,1,1,686
/it/3/library/sqlite3.html,1,1,0
/it/3/library/stdtypes.html,1,1,0
/it/3/reference/datamodel.html,1,1,60
/it/3/tutorial/datastructures.html,1,1,0
/it/3/tutorial/floatingpoint.html,1,1,0
/it/3/tutorial/stdlib.html,1,1,0
/it/3/whatsnew/index.html,1,1,701
/pl/3.13/library/concurrency.html,1,1,582
/zh-cn/3.13/library/os.html,1,1,190
/zh-tw/3.13/,1,1,41
/zh-tw/3.13/library/socket.html,1,1,54
