property,value,visitors,events,percentage
url,(none),1313,2435,99.6
url,https://www.python.org/,27,28,2.0
url,https://www.python.org/downloads/,6,6,0.5
url,https://github.com/python/cpython/tree/3.13/Lib/idlelib/,4,4,0.3
url,https://apps.microsoft.com/detail/9NQ7512CXL7T,2,2,0.2
url,https://peps.python.org/pep-0745/,2,2,0.2
url,https://cwe.mitre.org/data/definitions/257.html,1,1,0.1
url,https://datatracker.ietf.org/doc/html/rfc9562.html#section-5.4,1,1,0.1
url,https://devguide.python.org/documentation/start-documenting/#building-the-documentation,1,1,0.1
url,https://en.wikipedia.org/wiki/Turtle_(robot),1,1,0.1
url,https://github.com/python/cpython/blob/main/Doc/library/collections.rst?plain=1,1,1,0.1
url,https://github.com/python/cpython/blob/main/Doc/library/os.rst?plain=1,1,1,0.1
url,https://github.com/python/cpython/blob/main/Doc/library/re.rst?plain=1,1,1,0.1
url,https://github.com/python/cpython/blob/main/Doc/library/signal.rst?plain=1,1,1,0.1
url,https://github.com/python/cpython/blob/main/Doc/library/subprocess.rst?plain=1,1,1,0.1
url,https://github.com/python/cpython/blob/main/Doc/library/sys.rst?plain=1,1,1,0.1
url,https://github.com/python/cpython/blob/main/Doc/library/tempfile.rst?plain=1,1,1,0.1
url,https://github.com/python/cpython/blob/main/Doc/tutorial/datastructures.rst?plain=1,1,1,0.1
url,https://github.com/python/cpython/tree/3.13/Lib/copy.py,1,1,0.1
url,https://github.com/python/cpython/tree/3.13/Lib/inspect.py,1,1,0.1
url,https://github.com/python/cpython/tree/3.13/Lib/tarfile.py,1,1,0.1
url,https://github.com/python/cpython/tree/3.14/Lib/idlelib/,1,1,0.1
url,https://github.com/python/cpython/tree/3.14/Lib/urllib/,1,1,0.1
url,https://github.com/python/cpython/tree/main/Lib/idlelib/,1,1,0.1
url,https://github.com/python/cpython/tree/main/Lib/tkinter/ttk.py,1,1,0.1
url,https://github.com/python/cpython/tree/main/Lib/turtle.py,1,1,0.1
url,https://github.com/python/pythoncapi-compat/,1,1,0.1
url,https://manpages.debian.org/open(2),1,1,0.1
url,https://packaging.python.org/installing/,1,1,0.1
url,https://peps.python.org/pep-0428/,1,1,0.1
url,https://peps.python.org/pep-0696/,1,1,0.1
url,https://pypi.org/,1,1,0.1
url,https://tkdocs.com/,1,1,0.1
url,https://wiki.python.org/moin/PythonBooks,1,1,0.1
url,https://wiki.tcl-lang.org/37432,1,1,0.1
url,https://www.tcl.tk/,1,1,0.1
url,https://www.unicode.org/reports/tr44/tr44-30.html#General_Category_Values,1,1,0.1
