name,visitors
Seoul,394
Gyeonggi,298
Busan,44
Incheon,44
South Gyeongsang,33
Daejeon,31
Daegu,28
Gwangju City,25
South Chungcheong,25
North Chungcheong,23
North Gyeongsang,23
Gangwon,18
Hebei,16
Tokyo,16
North Jeolla,9
Ulsan,7
South Jeolla,6
Hanoi,5
Jeju,4
Sejong,4
California,4
Osaka,3
Henan,2
Zhejiang,2
Telangāna,2
Kanagawa,2
Aichi,2
Kuala Lumpur,2
Tver,2
New York,2
South Carolina,2
Namangan,2
Tashkent,2
Ontario,1
Beijing,1
Guangdong,1
Jiangsu,1
Sichuan,1
Bavaria,1
England,1
Scotland,1
Kyoto,1
Georgia,1
New Jersey,1
Pennsylvania,1
Texas,1
