name,visitors
India,86261
United States,58921
China,43522
Brazil,17728
Japan,13203
Russian Federation,12661
South Korea,10369
Germany,10325
Indonesia,9807
Vietnam,7503
Pakistan,7243
France,7225
Mexico,7092
United Kingdom,6163
Canada,5748
Hong Kong,5696
Colombia,5607
Turkey,5510
Thailand,4715
Philippines,4490
Australia,4487
Taiwan,4410
Argentina,4285
Italy,4238
Netherlands,4133
Singapore,4092
Spain,3990
Egypt,3864
Iran,3836
Poland,3632
Peru,3264
Bangladesh,3062
Nigeria,3012
Malaysia,2948
Chile,2814
Ukraine,2687
Saudi Arabia,2474
Norway,2134
Sweden,2103
United Arab Emirates,2057
South Africa,1996
Switzerland,1751
Morocco,1590
Israel,1577
Uzbekistan,1317
Kazakhstan,1294
Romania,1247
Finland,1230
Nepal,1226
Algeria,1225
Kenya,1206
Belgium,1172
Sri Lanka,1159
Ecuador,1157
Czechia,1106
Portugal,1089
Iraq,1086
Austria,1078
Denmark,936
Hungary,848
Greece,830
Ireland,785
Tunisia,773
Bolivia,746
Ghana,745
New Zealand,724
Belarus,687
Venezuela,627
Uganda,590
Cambodia,561
Costa Rica,543
Bulgaria,521
Myanmar,518
Serbia,514
Jordan,512
Ethiopia,502
Azerbaijan,491
Guatemala,490
Dominican Republic,456
Slovakia,404
Yemen,381
Lithuania,379
Panama,364
Côte d'Ivoire,351
Oman,321
Latvia,318
El Salvador,317
Cameroon,310
Lebanon,310
Paraguay,305
Tanzania,304
Georgia,301
Qatar,292
Croatia,281
Honduras,265
Senegal,260
Kuwait,253
Zimbabwe,246
Estonia,244
"Congo, The Democratic Republic of the",229
"Palestine, State of",229
Slovenia,226
Angola,225
Afghanistan,222
Moldova,222
Armenia,220
Mongolia,214
Kyrgyzstan,213
Madagascar,209
Bhutan,206
Macao,195
Rwanda,194
Uruguay,191
Puerto Rico,186
Zambia,176
Nicaragua,173
Mauritius,170
Libya,167
Cyprus,159
Syria,159
Benin,149
Mozambique,148
Luxembourg,144
Bahrain,133
Tajikistan,133
Togo,129
Burkina Faso,123
Bosnia and Herzegovina,119
Somalia,116
Sudan,114
North Macedonia,111
Malawi,107
Seychelles,106
Albania,105
Iceland,97
Jamaica,96
Kosovo,95
Réunion,86
Malta,80
Cuba,77
Guinea,74
Laos,74
Papua New Guinea,71
Namibia,70
Botswana,67
Trinidad and Tobago,66
Mali,60
Niger,56
Montenegro,55
Maldives,54
Mauritania,52
South Sudan,46
Gabon,45
Congo,43
Brunei Darussalam,41
Haiti,39
Sierra Leone,36
Fiji,33
Guadeloupe,33
Chad,31
Burundi,28
Liberia,26
Eswatini,26
Belize,22
Martinique,22
Andorra,19
Cabo Verde,19
New Caledonia,19
Liechtenstein,18
Bahamas,17
Lesotho,16
Timor-Leste,15
French Polynesia,14
Suriname,14
Barbados,13
Guyana,12
Djibouti,11
Curaçao,10
Monaco,10
Gambia,9
Cayman Islands,9
Sint Maarten (Dutch part),9
"Virgin Islands, U.S.",9
Mayotte,9
Aruba,8
Equatorial Guinea,8
Central African Republic,7
Gibraltar,7
Guam,7
Bermuda,6
Jersey,6
Saint Lucia,6
"Virgin Islands, British",6
French Guiana,5
Antigua and Barbuda,4
Åland Islands,4
Faroe Islands,4
Guinea-Bissau,4
Northern Mariana Islands,4
Vanuatu,4
American Samoa,3
"Micronesia, Federated States of",3
Grenada,3
Guernsey,3
Isle of Man,3
Saint Pierre and Miquelon,3
Solomon Islands,3
Sao Tome and Principe,3
Turks and Caicos Islands,3
Tonga,3
Samoa,3
Dominica,2
Greenland,2
Kiribati,2
Nauru,2
San Marino,2
Holy See (Vatican City State),2
Saint Vincent and the Grenadines,2
Anguilla,1
Saint Kitts and Nevis,1
Turkmenistan,1
