property,value,visitors,events,percentage
url,(none),448505,932408,99.7
url,https://psfmember.org/civicrm/contribute/transact?reset=1&id=2,6984,8669,1.6
url,https://docs.python.org/,4912,5330,1.1
url,https://github.com/python/cpython/issues/137583,3335,3543,0.7
url,https://pypi.org/,2540,2724,0.6
url,https://wiki.python.org/moin/BeginnersGuide,2136,2308,0.5
url,https://docs.python.org/3/,1495,1642,0.3
url,http://docs.python.org/3/,1197,1266,0.3
url,https://peps.python.org/pep-0719/,1130,1173,0.3
url,http://wiki.python.org/moin/BeginnersGuide/Download,815,861,0.2
url,http://wiki.python.org/moin/BeginnersGuide/NonProgrammers,778,829,0.2
url,https://peps.python.org/pep-0745/,667,710,0.1
url,https://wiki.python.org/moin/PythonBooks,485,522,0.1
url,https://apps.microsoft.com/detail/9NQ7512CXL7T,479,502,0.1
url,https://devguide.python.org/,379,398,0.1
url,http://wiki.python.org/moin/BeginnersGuide/Programmers,343,351,0.1
url,https://pythoninsider.blogspot.com/2025/08/python-3140rc2-and-3137-are-go.html,322,360,0.1
url,https://pyfound.blogspot.com/2025/08/the-2024-python-developer-survey.html,260,282,0.1
url,https://devguide.python.org/versions/#versions,246,259,0.1
url,http://brochure.getpython.info/,228,260,0.1
url,https://peps.python.org/pep-0664/,204,210,0.0
url,https://docs.python.org/3/license.html,201,224,0.0
url,https://docs.python.org/3/tutorial/index.html,194,198,0.0
url,https://peps.python.org/pep-0693/,183,191,0.0
url,http://wiki.python.org/moin/IntroductoryBooks,178,189,0.0
url,https://docs.python.org/release/3.11.13/whatsnew/changelog.html#python-3-11-13,162,179,0.0
url,https://docs.python.org/3.13/,146,147,0.0
url,https://jobs.python.org/,145,146,0.0
url,http://www.activestate.com/activepython/,144,149,0.0
url,https://docs.python.org/release/3.13.7/,142,148,0.0
url,http://wiki.python.org/moin/IntegratedDevelopmentEnvironments,138,148,0.0
url,https://docs.python.org/3/library/index.html,138,147,0.0
url,https://docs.python.org/3/tutorial/controlflow.html#defining-functions,134,139,0.0
url,http://wiki.python.org/moin/BeginnersGuide/Examples,126,136,0.0
url,https://docs.python.org/release/3.12.11/whatsnew/changelog.html#python-3-12-11,123,127,0.0
url,https://peps.python.org/pep-0619/,121,126,0.0
url,https://peps.python.org/,117,131,0.0
url,https://docs.python.org/3.13/whatsnew/3.13.html#a-better-interactive-interpreter,111,124,0.0
url,https://docs.python.org/faq/,111,122,0.0
url,https://docs.python.org/3/using/android.html,109,122,0.0
url,https://docs.python.org/release/3.10.18/whatsnew/changelog.html,105,109,0.0
url,http://wiki.python.org/moin/Languages,101,105,0.0
url,https://github.com/python/cpython/issues,100,103,0.0
url,https://gitlab.com/python-devs/ci-images,95,97,0.0
url,https://github.com/python/cpython/issues/135034,93,94,0.0
url,https://wiki.python.org/moin/BeginnersGuide/Programmers,90,96,0.0
url,http://www.djangoproject.com/,79,85,0.0
url,http://docs.python.org/,76,77,0.0
url,https://www.linkedin.com/company/python-software-foundation/,75,81,0.0
url,https://blog.python.org/,72,79,0.0
url,https://docs.python.org/3.13/whatsnew/3.13.html,71,72,0.0
url,https://briefcase.readthedocs.io/,70,72,0.0
url,http://wiki.python.org/moin/PythonEditors,68,69,0.0
url,https://docs.python.org/release/3.13.6/whatsnew/changelog.html#python-3-13-6,61,64,0.0
url,https://status.python.org/,61,69,0.0
url,https://docs.python.org/3/reference/index.html,56,60,0.0
url,http://docs.python.org/3/faq/,55,56,0.0
url,https://wiki.python.org/moin/,55,55,0.0
url,https://docs.python.org/3/tutorial/,54,58,0.0
url,https://docs.python.org/3/tutorial/introduction.html#lists,51,54,0.0
url,http://omz-software.com/pythonista/index.html,50,58,0.0
url,https://wiki.python.org/moin/PythonPeriodicals,50,51,0.0
url,https://peps.python.org/pep-0738/,49,51,0.0
url,http://packaging.python.org/,47,47,0.0
url,https://s3.dualstack.us-east-2.amazonaws.com/pythondotorg-assets/media/files/python-logo-only.svg,47,56,0.0
url,https://wiki.python.org/moin/BeginnersGuide/NonProgrammers,47,48,0.0
url,https://pyfound.blogspot.com/2025/08/announcing-python-software-foundation.html,46,46,0.0
url,https://python-forum.io/,43,44,0.0
url,https://docs.python.org/3/using/index.html,42,42,0.0
url,https://docs.python.org/3/whatsnew/3.13.html,42,42,0.0
url,http://pypi.org/,41,42,0.0
url,https://docs.python.org/release/3.8.20/whatsnew/changelog.html,41,41,0.0
url,https://pyfound.blogspot.com/2025/08/unmasking-phantom-dependencies-with.html,40,57,0.0
url,https://pyto.app/,40,44,0.0
url,http://docs.python.org/3/tutorial/,39,39,0.0
url,http://pandas.pydata.org/,38,41,0.0
url,http://pypi.python.org/pypi?%3Aaction=index,37,37,0.0
url,http://buildbot.net/,36,38,0.0
url,https://docs.python.org/release/3.9.23/whatsnew/changelog.html,36,40,0.0
url,https://github.com/python/pymanager,35,36,0.0
url,http://pyfound.blogspot.com/,34,34,0.0
url,http://www.pylonsproject.org/,34,35,0.0
url,https://docs.python.org/3.12/whatsnew/3.12.html,34,36,0.0
url,https://docs.python.org/dev/using/windows.html,34,35,0.0
url,https://buildozer.readthedocs.io/,32,34,0.0
url,https://docs.python.org/release/3.13.5/whatsnew/changelog.html#python-3-13-5,32,33,0.0
url,https://docs.python.org/3/download.html,31,31,0.0
url,http://wiki.python.org/moin/WebProgramming,30,34,0.0
url,https://docs.python.org/3.14/whatsnew/3.14.html#whatsnew314-pep779,30,32,0.0
url,https://docs.python.org/3/tutorial/controlflow.html,30,30,0.0
url,https://github.com/beeware/Python-Apple-support,30,32,0.0
url,https://s3.dualstack.us-east-2.amazonaws.com/pythondotorg-assets/media/community/logos/python-logo-only.png,30,37,0.0
url,http://us.pycon.org/,27,28,0.0
url,https://docs.python.org/devguide/#contributing,27,28,0.0
url,https://docs.python.org/release/3.10.12/whatsnew/changelog.html#python-3-10-12-final,27,28,0.0
url,https://wiki.python.org/moin/PythonEventsCalendar#Submitting_an_Event,27,27,0.0
url,http://pycon.blogspot.com/,26,27,0.0
url,https://docs.python.org/release/3.11.12/whatsnew/changelog.html#python-3-11-12,26,27,0.0
url,https://github.com/python/cpython/issues/135151,25,29,0.0
url,https://peps.python.org/pep-0696/,25,28,0.0
url,https://peps.python.org/pep-0730/,25,27,0.0
url,https://peps.python.org/pep-0594/,24,24,0.0
url,https://pyfound.blogspot.com/2025/08/announcing-psf-board-candidates-for-2025.html,24,25,0.0
url,http://wiki.python.org/moin/TkInter,23,24,0.0
url,https://docs.python.org/3.13/whatsnew/3.13.html#an-experimental-just-in-time-jit-compiler,23,23,0.0
url,https://docs.python.org/release/3.12.10/whatsnew/changelog.html#python-3-12-10,23,23,0.0
url,http://ipython.org/,22,22,0.0
url,https://docs.python.org/3.13/whatsnew/3.13.html#whatsnew313-free-threaded-cpython,21,21,0.0
url,https://docs.python.org/3/howto/index.html,21,21,0.0
url,https://docs.python.org/release/3.10.17/whatsnew/changelog.html,21,22,0.0
url,https://docs.python.org/release/3.8.10/whatsnew/changelog.html,21,23,0.0
url,https://peps.python.org/pep-0742/,21,23,0.0
url,http://docs.python.org/3/tutorial/introduction.html#using-python-as-a-calculator,20,20,0.0
url,http://planetpython.org/,20,20,0.0
url,https://mail.python.org/mailman/listinfo/python-dev,20,21,0.0
url,https://docs.python.org/3.12/,19,19,0.0
url,https://docs.python.org/release/3.11.11/whatsnew/changelog.html#python-3-11-11,19,21,0.0
url,https://github.com/python/cpython/issues/123678,19,20,0.0
url,http://code.activestate.com/recipes/langs/python/,18,18,0.0
url,http://flask.pocoo.org/,18,18,0.0
url,https://docs.python.org/3/c-api/index.html,18,18,0.0
url,https://docs.python.org/dev/,18,19,0.0
url,https://pypy.org/,18,20,0.0
url,https://docs.python.org/3.13/whatsnew/3.13.html#defined-mutation-semantics-for-locals,17,17,0.0
url,https://docs.python.org/release/3.10.16/whatsnew/changelog.html,17,17,0.0
url,http://docs.python.org/library/markup,16,19,0.0
url,https://docs.python.org/3.7/using/windows.html#embedded-distribution,16,17,0.0
url,https://docs.python.org/3/search.html,16,17,0.0
url,https://docs.python.org/release/3.10.13/whatsnew/changelog.html#python-3-10-13-final,16,16,0.0
url,https://docs.python.org/release/3.10.14/whatsnew/changelog.html,16,16,0.0
url,https://docs.python.org/release/3.11.9/whatsnew/changelog.html#python-3-11-9,16,16,0.0
url,http://docs.python.org/3/library/,15,15,0.0
url,http://legacy.python.org/download/releases/binaries-1.1/,15,18,0.0
url,https://docs.python.org/3.11/,15,16,0.0
url,https://docs.python.org/release/3.7.17/whatsnew/changelog.html#changelog,15,15,0.0
url,https://docs.python.org/release/3.9.22/whatsnew/changelog.html,15,15,0.0
url,https://fosstodon.org/@ThePSF,15,16,0.0
url,https://pythoninsider.blogspot.com/2025/08/python-3136-is-now-available.html,15,15,0.0
url,http://docs.python.org/3/reference/,14,15,0.0
url,https://2025.pycon.gr/en/,14,15,0.0
url,https://docs.python.org/3.12/whatsnew/3.12.html#pep-701-syntactic-formalization-of-f-strings,14,15,0.0
url,https://wiki.python.org/moin/PythonConferences,14,14,0.0
url,http://hg.python.org/cpython/raw-file/v2.0.1/Misc/NEWS,13,13,0.0
url,https://docs.python.org/release/3.10.0/whatsnew/changelog.html#python-3-10-0-final,13,14,0.0
url,https://docs.python.org/release/3.10.15/whatsnew/changelog.html,13,13,0.0
url,https://docs.python.org/release/3.13.4/whatsnew/changelog.html#python-3-13-4,13,13,0.0
url,https://docs.python.org/release/3.9.18/whatsnew/changelog.html#changelog,13,13,0.0
url,https://github.com/python/pythondotorg/issues,13,15,0.0
url,https://podcasters.spotify.com/pod/show/corepy,13,13,0.0
url,https://twitter.com/ThePSF,13,13,0.0
url,https://wiki.python.org/moin/BeginnersGuide/Download,13,13,0.0
url,https://docs.python.org/3.8/using/windows.html#embedded-distribution,12,13,0.0
url,https://docs.python.org/3/glossary.html,12,13,0.0
url,https://docs.python.org/release/3.11.10/whatsnew/changelog.html#python-3-11-10,12,13,0.0
url,https://github.com/pvieito/PythonKit,12,12,0.0
url,https://github.com/python/cpython/issues/103142,12,14,0.0
url,https://github.com/python/cpython/issues/106883,12,12,0.0
url,https://pyvideo.org/,12,12,0.0
url,https://www.openstack.org/,12,12,0.0
url,http://legacy.python.org/download/releases/binaries-1.3/,11,11,0.0
url,http://www.scipy.org/,11,11,0.0
url,http://www.wxpython.org/,11,11,0.0
url,https://devguide.python.org/versions/,11,11,0.0
url,https://docs.python.org/3/py-modindex.html,11,11,0.0
url,https://docs.python.org/release/3.12.8/whatsnew/changelog.html#python-3-12-8,11,11,0.0
url,https://hg.python.org/cpython/raw-file/15c95b7d81dc/Misc/NEWS,11,11,0.0
url,https://www.meetup.com/pythonswfl/,11,11,0.0
url,http://www.riverbankcomputing.co.uk/software/pyqt/intro,10,10,0.0
url,https://discuss.python.org/,10,11,0.0
url,https://docs.python.org/3.14/whatsnew/3.14.html,10,10,0.0
url,https://docs.python.org/3.7/,10,10,0.0
url,https://docs.python.org/release/3.10.11/whatsnew/changelog.html#python-3-10-11-final,10,10,0.0
url,https://docs.python.org/release/3.12.4/whatsnew/changelog.html#python-3-12-4,10,10,0.0
url,https://github.com/sponsors/python,10,10,0.0
url,https://pythondiscord.com/,10,11,0.0
url,http://bottlepy.org/,9,9,0.0
url,http://docs.python.org/3/download.html,9,10,0.0
url,https://docs.python.org/3/license.html#terms-and-conditions-for-accessing-or-otherwise-using-python,9,9,0.0
url,https://docs.python.org/release/1.4/,9,11,0.0
url,https://docs.python.org/release/3.12.3/whatsnew/changelog.html#python-3-12-2,9,11,0.0
url,https://docs.python.org/release/3.12.7/whatsnew/changelog.html#python-3-12-7,9,9,0.0
url,https://docs.python.org/release/3.12.9/whatsnew/changelog.html#python-3-12-9,9,9,0.0
url,https://docs.python.org/release/3.13.6/,9,9,0.0
url,https://docs.python.org/release/3.8.11/whatsnew/changelog.html#changelog,9,9,0.0
url,https://docs.python.org/release/3.8.18/whatsnew/changelog.html#changelog,9,9,0.0
url,https://github.com/advisories/GHSA-79wf-qgrg-2p6c,9,9,0.0
url,https://wiki.gnome.org/Projects/PyGObject,9,9,0.0
url,https://wiki.python.org/moin/BeginnersGuide/Examples,9,9,0.0
url,https://www.linkedin.com/jobs/view/4283338997/,9,9,0.0
url,https://www.odoo.com/,9,9,0.0
url,http://bugs.python.org/,8,9,0.0
url,http://legacy.python.org/download/releases/binaries-1.2/,8,9,0.0
url,http://roundup.sourceforge.net/,8,11,0.0
url,http://www.web2py.com/,8,8,0.0
url,https://apply.workable.com/lyst/j/73ED30CCAC/,8,8,0.0
url,https://bugs.python.org/issue38605,8,9,0.0
url,https://docs.python.org/3.13/whatsnew/3.13.html#other-language-changes,8,8,0.0
url,https://docs.python.org/3.7/whatsnew/changelog.html#python-3-7-7-final,8,8,0.0
url,https://docs.python.org/3.8/whatsnew/changelog.html#python-3-8-0-final,8,8,0.0
url,https://docs.python.org/3.9/,8,8,0.0
url,https://docs.python.org/3/extending/index.html,8,8,0.0
url,https://docs.python.org/license.html,8,8,0.0
url,https://docs.python.org/release/3.12.0/,8,8,0.0
url,https://docs.python.org/release/3.12.0/whatsnew/changelog.html#python-3-12-0,8,9,0.0
url,https://docs.python.org/release/3.12.5/whatsnew/changelog.html#python-3-12-5,8,8,0.0
url,https://docs.python.org/release/3.13.2/whatsnew/changelog.html#python-3-13-2,8,8,0.0
url,https://docs.python.org/release/3.13.5/,8,8,0.0
url,https://jobs.gem.com/basalt-health/am9icG9zdDosoW_EwBHo7FvaBjAMJL1X,8,9,0.0
url,https://www.pycon.ke/,8,8,0.0
url,https://www.rocketsoftware.com/products/rocket-open-source,8,8,0.0
url,http://docs.python.org/release/3.9.16/whatsnew/changelog.html,7,7,0.0
url,http://mcsp.wartburg.edu/zelle/python/,7,10,0.0
url,http://tornadoweb.org/,7,7,0.0
url,http://www.ansible.com/,7,8,0.0
url,https://ats.rippling.com/anaconda/jobs/7a138dd3-6b3d-461b-a6f7-f59d4641d7bb,7,7,0.0
url,https://bugs.python.org/,7,7,0.0
url,https://docs.python.org/3.12/whatsnew/3.12.html#pep-695-type-parameter-syntax,7,7,0.0
url,https://docs.python.org/3.13/whatsnew/3.13.html#new-deprecations,7,7,0.0
url,https://docs.python.org/release/3.10.6/whatsnew/changelog.html#python-3-10-6-final,7,7,0.0
url,https://docs.python.org/release/3.11.0/whatsnew/changelog.html#python-3-11-0-final,7,7,0.0
url,https://docs.python.org/release/3.12.10/,7,8,0.0
url,https://docs.python.org/release/3.9.20/whatsnew/changelog.html,7,7,0.0
url,https://github.com/python/cpython/issues/,7,8,0.0
url,https://github.com/python/cpython/issues/126623,7,7,0.0
url,https://github.com/python/cpython/issues/133767,7,7,0.0
url,https://libera.chat/,7,7,0.0
url,https://peps.python.org/pep-0702,7,11,0.0
url,https://psfmember.org/python-software-foundation-supporting-member-2/,7,7,0.0
url,https://python.org/,7,7,0.0
url,https://saltproject.io/,7,7,0.0
url,https://us.pycon.org/,7,7,0.0
url,https://www.anaconda.com/download,7,8,0.0
url,http://docs.python.org/library/email,6,6,0.0
url,http://docs.python.org/release/3.8.15/whatsnew/changelog.html,6,6,0.0
url,http://hg.python.org/cpython/raw-file/v2.7/Misc/NEWS,6,6,0.0
url,http://legacy.python.org/download/releases/src/,6,6,0.0
url,http://wiki.python.org/moin/NumericAndScientific,6,7,0.0
url,https://algorithmspath.com/assessments/743fd894-02fe-4c5f-946b-1efdf233ff28/start,6,7,0.0
url,https://buildbot.python.org/,6,6,0.0
url,https://devguide.python.org/triage/issue-tracker/,6,6,0.0
url,https://docs.python.org/3.12/howto/perf_profiling.html,6,8,0.0
url,https://docs.python.org/3.13/whatsnew/3.13.html#improved-error-messages,6,6,0.0
url,https://docs.python.org/3.7/whatsnew/3.7.html,6,6,0.0
url,https://docs.python.org/3/faq/index.html,6,6,0.0
url,https://docs.python.org/3/howto/pyporting.html,6,6,0.0
url,https://docs.python.org/release/3.10.18/,6,8,0.0
url,https://docs.python.org/release/3.12.11/,6,6,0.0
url,https://docs.python.org/release/3.13.0/whatsnew/changelog.html#python-3-13-0,6,6,0.0
url,https://docs.python.org/release/3.9.0/whatsnew/changelog.html#changelog,6,6,0.0
url,https://github.com/python/cpython/issues/131809,6,6,0.0
url,https://oxidian.notion.site/Senior-Python-Developer-24373a11c3cc80319b17c750f759c19d,6,7,0.0
url,https://peps.python.org/pep-0011/#tier-2,6,6,0.0
url,https://peps.python.org/pep-0701/,6,6,0.0
url,https://peps.python.org/pep-0705/,6,6,0.0
url,https://psfmember.org/civicrm/contribute/transact?reset=1&id=25,6,6,0.0
url,https://raw.githubusercontent.com/python/cpython/c2f86d86e6c8f5fd1ef602128b537a48f3f5c063/Misc/NEWS.d/2.7.17rc1.rst,6,6,0.0
url,https://www.linkedin.com/groups/25827/,6,7,0.0
url,http://legacy.python.org/download/releases/binaries-1.5/,5,5,0.0
url,http://pypi.python.org/pypi,5,5,0.0
url,http://www.openbookproject.net/thinkcs/python/english2e/,5,6,0.0
url,http://www.scons.org/,5,5,0.0
url,https://dearpygui.readthedocs.io/en/latest/,5,5,0.0
url,https://docs.python.org/3.12/whatsnew/3.12.html#pep-669-low-impact-monitoring-for-cpython,5,5,0.0
url,https://docs.python.org/3.13/whatsnew/3.13.html#dbm,5,5,0.0
url,https://docs.python.org/3.6/whatsnew/changelog.html#python-3-6-8-final,5,5,0.0
url,https://docs.python.org/release/3.10.10/whatsnew/changelog.html#python-3-10-10-final,5,5,0.0
url,https://docs.python.org/release/3.13.1/whatsnew/changelog.html#python-3-13-1,5,5,0.0
url,https://docs.python.org/release/3.13.3/whatsnew/changelog.html#python-3-13-3,5,5,0.0
url,https://docs.python.org/release/3.7.10/whatsnew/changelog.html#changelog,5,5,0.0
url,https://docs.python.org/release/3.9.13/whatsnew/changelog.html,5,5,0.0
url,https://docs.python.org/release/3.9.7/whatsnew/changelog.html#changelog,5,5,0.0
url,https://github.com/faster-cpython/,5,5,0.0
url,https://github.com/pypa/pip/issues/12901,5,6,0.0
url,https://github.com/python/cpython/issues/108310,5,5,0.0
url,https://github.com/python/cpython/issues/109858,5,5,0.0
url,https://grnh.se/snbccu3m1us,5,6,0.0
url,https://kivy.org/,5,5,0.0
url,https://peps.python.org/pep-0011/#no-longer-supported-platforms,5,5,0.0
url,https://pl.pycon.org/2025/,5,5,0.0
url,https://psfmember.org/civicrm/contribute/transact/?reset=1&id=39,5,5,0.0
url,https://pypodcats.live/,5,6,0.0
url,https://wiki.python.org/moin/LocalUserGroups,5,5,0.0
url,https://wiki.qt.io/PySide,5,5,0.0
url,https://winpython.github.io/,5,9,0.0
url,https://www.arm.com/,5,5,0.0
url,https://www.ibm.com/support/pages/aix-toolbox-open-source-software-get-started,5,6,0.0
url,https://www.meetup.com/pyladiesams/events/310249357,5,6,0.0
url,https://www.opensource.org/,5,5,0.0
url,https://www.pythonanywhere.com/,5,5,0.0
url,http://buildbot.sourceforge.net/,4,4,0.0
url,http://docs.python.org/library/json.html,4,4,0.0
url,http://docs.python.org/release/3.8.16/whatsnew/changelog.html,4,4,0.0
url,http://docs.python.org/release/3.8.17/whatsnew/changelog.html,4,4,0.0
url,http://docs.python.org/release/3.9.15/whatsnew/changelog.html,4,4,0.0
url,http://kivy.org/,4,4,0.0
url,http://www.pythonware.com/products/pil/index.htm,4,4,0.0
url,http://www.tryton.org/,4,4,0.0
url,https://2025.pycon.jp/,4,4,0.0
url,https://2025.pythonbrasil.org.br/,4,4,0.0
url,https://blog.python.org/feeds/posts/default?alt=rss,4,6,0.0
