name,unique_exits,total_exits,exit_rate
/downloads/,182389,189045,54.4
/,89880,92201,46.9
/downloads/windows/,52631,54318,61.0
/downloads/release/python-3137/,47552,48377,48.0
/downloads/macos/,7163,7281,53.2
/about/gettingstarted/,6994,7091,57.6
/search/,4959,5014,31.3
/doc/,4547,4636,51.0
/downloads/release/python-3110/,2834,2914,63.7
/downloads/release/python-3100/,2755,2837,63.1
/downloads/release/python-3120/,2703,2769,56.2
/downloads/release/python-3119/,2692,2771,70.5
/downloads/source/,2326,2368,44.2
/psf-landing/,1875,1883,28.7
/downloads/release/python-3135/,1814,1868,59.9
/downloads/release/pymanager-250b13/,1812,1824,44.2
/downloads/release/python-3106/,1795,1870,73.7
/downloads/release/python-31210/,1750,1787,69.1
/downloads/release/python-31011/,1685,1738,68.8
/downloads/release/python-31113/,1444,1461,26.1
/about/,1406,1431,32.1
/downloads/release/python-3136/,1369,1415,55.8
/jobs/,1173,1188,37.8
/downloads/release/python-3130/,1077,1101,59.9
/downloads/release/python-390/,1039,1058,56.1
/downloads/release/python-31211/,1028,1036,28.8
/community/,998,1014,38.4
/downloads/android/,964,973,31.9
/downloads/release/python-31018/,884,889,27.3
/shell/,883,912,69.4
/download/other/,871,876,40.5
/downloads/release/python-3810/,845,870,66.1
/downloads/release/python-3133/,826,847,52.3
/about/apps/,776,789,44.0
/doc/versions/,722,729,64.9
/downloads/release/python-3913/,709,731,68.5
/getit/,696,701,57.6
/downloads/release/python-2718/,687,705,73.1
/downloads/release/python-31010/,605,624,62.3
/downloads/release/python-380/,595,602,51.4
/downloads/release/python-3123/,581,587,54.6
/downloads/release/python-3124/,543,548,57.7
/downloads/release/python-3129/,510,519,68.8
/downloads/release/python-3140rc2/,488,493,42.5
/download/pre-releases/,471,472,23.4
/downloads/release/python-3128/,412,416,63.5
/downloads/release/python-370/,405,408,56.1
/downloads/release/python-3923/,386,388,27.3
/downloads/release/python-3132/,385,397,55.5
/downloads/release/python-3126/,376,386,64.5
/download/releases/,369,368,19.3
/downloads/release/python-3127/,368,370,68.5
/blogs/,364,373,39.6
/downloads/release/python-3122/,352,355,61.8
/downloads/release/python-3125/,334,342,59.2
/downloads/release/python-3109/,323,333,68.0
/downloads/release/python-3118/,314,322,66.3
/downloads/release/python-3820/,314,317,28.1
/downloads/release/python-3112/,294,298,61.6
/downloads/release/python-3114/,277,281,45.4
/events/,275,278,57.6
/community/logos/,271,274,52.1
/downloads/release/python-379/,269,272,59.0
/doc/essays/blurb/,260,267,79.2
/getit/windows/,239,244,58.1
/downloads/release/python-31112/,217,220,21.3
/download/releases/2.7/,208,212,51.6
/success-stories/,205,207,34.4
/downloads/release/python-31012/,199,202,31.3
/downloads/release/python-3115/,198,212,56.7
/downloads/release/python-3117/,198,201,65.3
/downloads/release/python-3131/,194,202,57.5
/downloads/release/python-31013/,191,195,34.1
/downloads/release/python-31111/,190,190,25.2
/downloads/release/python-360/,190,199,53.6
/downloads/release/python-368/,189,190,57.8
/downloads/release/python-396/,187,194,68.3
/downloads/release/python-3116/,182,185,62.3
/downloads/release/python-3105/,180,183,64.7
/downloads/release/python-31017/,170,171,26.2
/downloads/release/python-3134/,169,173,50.6
/downloads/release/python-377/,169,170,47.6
/downloads/release/python-31110/,162,162,29.9
/downloads/release/python-3111/,155,159,56.6
/download,143,143,33.7
/downloads/release/python-3121/,141,141,55.1
/downloads/release/python-399/,139,139,65.6
/downloads/release/python-3910/,138,140,68.0
/downloads/release/python-3717/,134,135,29.5
/downloads/release/python-383/,133,136,52.1
/downloads/release/python-3113/,130,131,54.4
/download/releases/3.0/,128,129,54.9
/about/help/,127,127,42.3
/downloads/release/python-3108/,127,127,64.1
/doc/av/,124,124,45.8
/accounts/login/,121,121,27.1
/downloads/release/python-386/,121,126,48.8
/downloads/release/python-31014/,117,119,27.0
/download/alternatives/,114,118,47.6
/downloads/release/python-31016/,113,114,23.5
