name,visitors,bounce_rate,visit_duration
sty_search:s_none:cid_117714809:gid_5535966308:pid_54187282208:aid_16807763345:crid_0:rid_54187282208:p_1:pty_premium:mty_:mkw_:dty_desktop:cgcid_0:rn_Москва:rid_213,3,33,66
sty_search:s_yandex.ru:cid_117714809:gid_5535966308:pid_54187282208:aid_16807763345:crid_0:rid_54187282208:p_1:pty_dynamic_places:mty_:mkw_:dty_desktop:cgcid_0:rn_Острогожск:rid_10679,3,33,49
1100271401-PACKT250824004,2,100,0
inline-mention,2,100,0
sty_search:s_none:cid_117714809:gid_5535966308:pid_54187282208:aid_16807763345:crid_0:rid_54187282208:p_1:pty_premium:mty_:mkw_:dty_desktop:cgcid_0:rn_Самара:rid_51,2,0,2
sty_search:s_none:cid_117714809:gid_5535966308:pid_54187282208:aid_16807763345:crid_0:rid_54187282208:p_1:pty_premium:mty_:mkw_:dty_desktop:cgcid_0:rn_Санкт-Петербург:rid_2,2,50,1
sty_search:s_none:cid_117714809:gid_5535966308:pid_54187282208:aid_16807763345:crid_0:rid_54187282208:p_2:pty_premium:mty_:mkw_:dty_desktop:cgcid_0:rn_Мильково:rid_101277,2,50,22
sty_search:s_none:cid_117714809:gid_5535966308:pid_54187282208:aid_16807763345:crid_0:rid_54187282208:p_2:pty_premium:mty_:mkw_:dty_desktop:cgcid_0:rn_Новосибирск:rid_65,2,0,599
sty_search:s_none:cid_117714809:gid_5535966308:pid_54187282208:aid_16807763345:crid_0:rid_54187282208:p_2:pty_premium:mty_:mkw_:dty_desktop:cgcid_0:rn_Октябрьский:rid_20235,2,100,0
sty_search:s_none:cid_118128484:gid_5541029357:kw_Как установить Python:pid_55128848450:aid_16844097883:crid_0:rid_55128848450:p_1:pty_premium:mty_syn:mkw_:dty_mobile:cgcid_0:rn_Санкт-Петербург:rid_2,2,50,68
sty_search:s_yandex.ru:cid_117714809:gid_5535966308:pid_54187282208:aid_16807763345:crid_0:rid_54187282208:p_1:pty_dynamic_places:mty_:mkw_:dty_desktop:cgcid_0:rn_Санкт-Петербург:rid_2,2,100,0
sty_search:s_yandex.ru:cid_117714809:gid_5535966308:pid_54187282208:aid_16807763345:crid_0:rid_54187282208:p_2:pty_dynamic_places:mty_:mkw_:dty_desktop:cgcid_0:rn_Якутск:rid_74,2,50,8
1100038958-PACKT250824004,1,0,214
1100238283-PACKT250824004,1,100,0
1100240360-PACKT250824004,1,100,0
1100338472-PACKT250824004,1,100,0
1100411976-PACKT250824004,1,100,0
1100576727-PACKT250824004,1,100,0
1101285954-PACKT250824004,1,0,11
1101372921-PACKT250824004,1,100,0
1101408729-PACKT250824004,1,100,0
1101916931-PACKT250824004,1,100,0
1101978164-PACKT250824004,1,100,0
sty_search:s_none:cid_117714809:gid_5535966308:pid_54187282208:aid_16807763345:crid_0:rid_54187282208:p_1:pty_premium:mty_:mkw_:dty_desktop:cgcid_0:rn_Елизово:rid_11396,1,100,0
sty_search:s_none:cid_117714809:gid_5535966308:pid_54187282208:aid_16807763345:crid_0:rid_54187282208:p_1:pty_premium:mty_:mkw_:dty_desktop:cgcid_0:rn_Ливны:rid_10769,1,0,10
sty_search:s_none:cid_117714809:gid_5535966308:pid_54187282208:aid_16807763345:crid_0:rid_54187282208:p_1:pty_premium:mty_:mkw_:dty_desktop:cgcid_0:rn_Улан-Удэ:rid_198,1,0,29
sty_search:s_none:cid_117714809:gid_5535966308:pid_54187282208:aid_16807763345:crid_0:rid_54187282208:p_2:pty_premium:mty_:mkw_:dty_desktop:cgcid_0:rn_Брянск:rid_191,1,0,11
sty_search:s_none:cid_117714809:gid_5535966308:pid_54187282208:aid_16807763345:crid_0:rid_54187282208:p_2:pty_premium:mty_:mkw_:dty_desktop:cgcid_0:rn_Мелеуз:rid_20715,1,0,76
sty_search:s_none:cid_117714809:gid_5535966308:pid_54187282208:aid_16807763345:crid_0:rid_54187282208:p_2:pty_premium:mty_:mkw_:dty_desktop:cgcid_0:rn_Пролетарский:rid_110297,1,0,69
sty_search:s_none:cid_117714809:gid_5535966308:pid_54187282208:aid_16807763345:crid_0:rid_54187282208:p_2:pty_premium:mty_:mkw_:dty_desktop:cgcid_0:rn_Самара:rid_51,1,100,0
sty_search:s_none:cid_117714809:gid_5535966308:pid_54187282208:aid_16807763345:crid_0:rid_54187282208:p_2:pty_premium:mty_:mkw_:dty_desktop:cgcid_0:rn_Сунтар:rid_21135,1,0,5
sty_search:s_none:cid_117714809:gid_5535966308:pid_54187282208:aid_16807763345:crid_0:rid_54187282208:p_2:pty_premium:mty_:mkw_:dty_desktop:cgcid_0:rn_Ульяновск:rid_195,1,100,0
sty_search:s_none:cid_117714809:gid_5535966308:pid_54187282208:aid_16807763345:crid_0:rid_54187282208:p_5:pty_premium:mty_:mkw_:dty_desktop:cgcid_0:rn_Моздок:rid_11022,1,100,0
sty_search:s_yandex.ru:cid_117714809:gid_5535966308:pid_54187282208:aid_16807763345:crid_0:rid_54187282208:p_1:pty_dynamic_places:mty_:mkw_:dty_desktop:cgcid_0:rn_Уфа:rid_172,1,100,0
sty_search:s_yandex.ru:cid_117714809:gid_5535966308:pid_54187282208:aid_16807763345:crid_0:rid_54187282208:p_1:pty_other:mty_:mkw_:dty_desktop:cgcid_0:rn_Санкт-Петербург:rid_2,1,0,126
sty_search:s_yandex.ru:cid_117714809:gid_5535966308:pid_54187282208:aid_16807763345:crid_0:rid_54187282208:p_2:pty_dynamic_places:mty_:mkw_:dty_desktop:cgcid_0:rn_Мытищи:rid_10740,1,0,1366
sty_search:s_yandex.ru:cid_117714809:gid_5535966308:pid_54187282208:aid_16807763345:crid_0:rid_54187282208:p_3:pty_dynamic_places:mty_:mkw_:dty_desktop:cgcid_0:rn_Нижний Новгород:rid_47,1,0,75
sty_search:s_yandex.ru:cid_117714809:gid_5535966308:pid_54187282208:aid_16807763345:crid_0:rid_54187282208:p_4:pty_dynamic_places:mty_:mkw_:dty_desktop:cgcid_0:rn_Ульяновск:rid_195,1,0,13
sty_search:s_yandex.ru:cid_118128484:gid_5541029357:kw_---autotargeting:pid_54289097479:aid_16844097883:crid_0:rid_54289097479:p_2:pty_dynamic_places:mty_:mkw_:dty_desktop:cgcid_0:rn_Санкт-Петербург:rid_2,1,0,11
