name,unique_exits,total_exits,exit_rate
/downloads/,148193,153828,42.5
/,87340,90806,43.6
/downloads/windows/,70174,72748,55.9
/downloads/release/pymanager-252/,44705,45688,53.6
/downloads/release/python-3142/,44201,44921,37.4
/downloads/macos/,6441,6557,56.3
/about/gettingstarted/,5983,6068,57.2
/downloads/release/python-31212/,5502,5578,27.7
/downloads/release/python-31114/,4650,4749,27.2
/downloads/release/python-3119/,4301,4405,40.7
/downloads/release/python-31311/,4301,4372,38.9
/search/,4212,4255,25.2
/doc/,4132,4208,46.7
/downloads/release/python-31019/,3698,3746,27.5
/downloads/release/python-3120/,3471,3540,36.7
/downloads/release/python-3150a3/,3055,3086,30.4
/downloads/release/python-3110/,2761,2810,36.5
/downloads/release/python-3100/,2553,2604,39.4
/downloads/release/python-31011/,2499,2560,45.6
/psf/donations/,2265,2298,23.9
/downloads/release/python-3106/,1981,2075,49.3
/downloads/source/,1956,2005,41.6
/psf-landing/,1793,1807,25.5
/downloads/release/python-31210/,1703,1734,44.8
/about/,1473,1494,26.0
/downloads/release/python-3130/,1437,1465,39.2
/downloads/release/python-3140/,1322,1344,44.1
/downloads/release/python-31013/,1105,1115,25.3
/jobs/,1007,1025,34.4
/shell/,1003,1053,62.9
/downloads/release/python-3925/,1000,1011,29.4
/downloads/android/,938,961,36.7
/community/,823,829,30.8
/download/other/,822,832,41.4
/downloads/release/python-3810/,793,803,44.8
/about/apps/,778,792,47.2
/downloads/release/python-3128/,774,788,38.3
/downloads/release/python-390/,764,781,37.2
/downloads/release/python-3135/,688,706,38.3
/downloads/release/python-380/,613,628,37.1
/downloads/release/python-3913/,575,587,47.9
/downloads/release/python-2718/,505,515,80.5
/blogs/,431,439,32.4
/downloads/release/python-3123/,428,439,40.8
/downloads/release/python-3137/,427,449,56.3
/downloads/release/python-3129/,410,414,38.7
/doc/versions/,390,396,53.9
/downloads/release/python-3820/,390,392,31.1
/downloads/release/python-370/,383,390,39.4
/downloads/release/python-3133/,377,384,41.0
/downloads/release/python-3127/,369,376,42.6
/downloads/release/python-3124/,368,374,36.1
/downloads/release/python-3118/,364,366,39.4
/downloads/release/python-3139/,357,366,48.2
/downloads/release/python-3121/,343,353,42.8
/downloads/release/python-3109/,296,296,45.7
/downloads/release/python-3117/,293,297,46.4
/getit/,293,297,51.7
/community/logos/,289,290,57.8
/downloads/release/python-31010/,267,273,38.4
/downloads/release/python-3141/,254,255,31.3
/downloads/release/pymanager-250/,249,257,75.8
/downloads/release/python-3114/,245,251,37.3
/download/releases/,233,233,17.0
/downloads/release/python-3132/,228,234,43.6
/downloads/release/python-379/,220,226,44.1
/doc/essays/blurb/,211,212,79.1
/download/releases/2.7/,210,212,56.5
/accounts/login/,204,210,26.3
/downloads/release/python-3131/,203,210,39.5
/downloads/release/python-31310/,202,205,26.6
/downloads/release/python-3122/,201,204,39.0
/events/,198,211,36.3
/downloads/release/python-3126/,193,194,44.0
/downloads/release/python-3125/,191,197,47.5
/downloads/release/python-3717/,181,180,26.3
/downloads/release/python-3105/,180,183,49.3
/downloads/release/python-31012/,179,180,26.9
/success-stories/,168,166,21.8
/downloads/release/python-3115/,162,169,45.6
/downloads/release/python-3116/,161,166,39.9
/downloads/release/python-31211/,158,160,21.6
/downloads/release/python-3111/,150,155,31.2
/about/help/,144,143,49.3
/downloads/release/python-31111/,143,145,21.9
/downloads/release/python-360/,140,143,38.4
/downloads/release/python-3112/,136,137,43.8
/downloads/release/python-368/,136,137,47.4
/downloads/release/python-31110/,132,132,25.0
/downloads/release/python-3108/,122,126,49.6
/downloads/release/python-31113/,122,122,21.0
/success-stories/category/education/,120,122,36.6
/downloads/release/python-3113/,119,121,44.0
/download,115,116,29.7
/events/python-events/,115,115,43.6
/downloads/release/python-3104/,113,113,47.9
/downloads/release/python-312/,110,116,33.9
/download/releases/3.0/,109,110,42.1
/doc/av/,102,101,44.1
/downloads/release/python-31014/,102,103,26.9
