name,visitors,bounce_rate,visit_duration
copilot.com,848,35,241
chatgpt.com,764,43,184
perplexity,21,33,76
yandex,19,37,195
zalo,19,67,88
online-directory,17,41,365
itdo.com,15,38,40
Securitylab.ru,10,20,223
site,10,50,198
vaidik.in,10,40,1
en.blog.mantiks.io,9,33,331
post_page-----c346a005f420---------------------------------------,6,43,33
polygon.io,4,75,0
hackernoon.com,3,67,14
producthunt,3,100,0
stackshare.io,3,33,76
superoutlier.tech,3,67,173
tyoma.io,3,100,0
ya,3,0,105
bambooweekly.com,2,100,0
blog.tericcabrel.com,2,50,32
enki,2,100,0
learn-ubuntu,2,50,1
newsdegeek.com,2,100,0
post_page-----0e5f2bbc8682---------------------------------------,2,100,0
telegram,2,50,3
www.8kmm.com,2,100,0
36kdh.com,1,100,0
NotANumber,1,0,17
Python,1,0,755
alessandro-belli,1,100,0
bitto.jp,1,100,0
blog.michivonah.ch,1,100,0
colearninglounge.com,1,100,0
devkoriel,1,100,0
devnewsletter.com,1,100,0
elbrusboot.camp,1,100,0
ethicalads-placement,1,100,0
g-winney,1,100,0
https://githubhelp.com,1,100,0
ig,1,100,0
leanpub.com,1,100,0
newsletter.codinggrace.com,1,100,0
niepan.org,1,100,0
noviello.it,1,100,0
nullzero.co.uk,1,100,0
post_page-----12cbeeee7430---------------------------------------,1,100,0
post_page-----51df2fec83aa---------------------------------------,1,0,75
post_page-----674206b97a7e---------------------------------------,1,0,17
post_page-----b030d96bcbd0---------------------------------------,1,100,0
producttalk.org,1,0,2
thomasardal.com,1,100,0
www.aifire.co,1,100,0
www.jobsearchhack.com,1,0,39
www.pythonweekly.com,1,100,0
