property,value,visitors,events,percentage
url,(none),111,181,100.0
url,https://docs.python-guide.org/starting/installation/#installation,4,7,3.6
url,https://bootstrap.pypa.io/get-pip.py,3,3,2.7
url,https://www.python.org/,2,3,1.8
url,https://github.com/pypa/packaging.python.org/pull/647,1,1,0.9
url,https://github.github.com/gfm/,1,1,0.9
url,https://opentechschool.github.io/python-beginners/en/getting_started.html#what-is-python-exactly,1,2,0.9
url,https://pypi.org/project/py2exe/,1,1,0.9
url,https://www.python.org/downloads/,1,1,0.9
