name,visitors
United States,4540
India,2302
China,1977
Germany,1263
United Kingdom,1141
Russian Federation,1111
Japan,897
Brazil,696
France,689
Hong Kong,506
South Korea,494
Canada,485
Netherlands,395
Spain,390
Poland,381
Singapore,371
Australia,353
Taiwan,324
Vietnam,277
Mexico,273
Italy,245
Ukraine,242
Switzerland,219
Israel,214
Indonesia,198
Colombia,185
Turkey,179
Sweden,173
Pakistan,155
Thailand,144
Austria,143
Czechia,143
Iran,140
Argentina,132
Egypt,130
Belgium,123
Portugal,112
South Africa,112
Finland,108
Philippines,108
Peru,103
Chile,98
Ireland,89
Hungary,85
Nigeria,76
Romania,73
Uzbekistan,70
Malaysia,68
Saudi Arabia,63
Norway,61
Greece,59
Kenya,58
Ecuador,57
Kazakhstan,57
Bangladesh,55
Morocco,55
United Arab Emirates,53
Denmark,52
Nepal,48
Belarus,45
Bulgaria,44
Lithuania,43
Algeria,42
Sri Lanka,36
Ghana,34
Slovakia,34
New Zealand,33
Panama,33
Iraq,28
Ethiopia,27
Croatia,25
Georgia,24
Serbia,24
Armenia,22
Estonia,22
Tunisia,22
Dominican Republic,21
Latvia,20
Venezuela,20
Moldova,18
Costa Rica,17
Cyprus,17
Jordan,17
Cambodia,17
Myanmar,17
Bolivia,15
Kyrgyzstan,15
Luxembourg,15
Qatar,13
Mongolia,12
Côte d'Ivoire,11
Puerto Rico,11
Lebanon,10
Madagascar,10
Slovenia,10
Bosnia and Herzegovina,9
Guatemala,9
North Macedonia,9
Oman,9
El Salvador,9
Uganda,9
Uruguay,9
Senegal,8
Yemen,8
Azerbaijan,7
"Congo, The Democratic Republic of the",7
Zimbabwe,7
Albania,6
Angola,6
Cameroon,6
Iceland,6
Mauritius,6
Guadeloupe,5
Montenegro,5
Paraguay,5
Rwanda,5
Suriname,5
Tanzania,5
Congo,4
Kuwait,4
Malta,4
Afghanistan,3
Bahrain,3
Benin,3
Laos,3
Libya,3
Mali,3
Martinique,3
"Palestine, State of",3
Togo,3
Trinidad and Tobago,3
Tuvalu,3
Burkina Faso,2
Burundi,2
Cuba,2
Guinea,2
Honduras,2
Isle of Man,2
Jamaica,2
Macao,2
Malawi,2
Namibia,2
Réunion,2
Sierra Leone,2
Chad,2
Kosovo,2
Zambia,2
Åland Islands,1
Bhutan,1
Botswana,1
Cabo Verde,1
Guernsey,1
Guam,1
Jersey,1
Liberia,1
Mozambique,1
Niger,1
Seychelles,1
Sudan,1
South Sudan,1
Syria,1
Turkmenistan,1
