name,version,visitors
Chrome,139.0,3257
Chrome,138.0,1238
Microsoft Edge,139.0,920
Firefox,141.0,599
Safari,18.6,342
Safari,18.5,129
Microsoft Edge,138.0,103
Opera,120.0,100
Firefox,128.0,84
Chrome,137.0,81
Yandex Browser,25.6,68
Chrome,135.0,56
Mobile App,(not set),53
Chrome,136.0,44
Chrome,132.0,36
Safari,26.0,35
Chrome,131.0,28
Chrome,134.0,22
Chrome,129.0,21
Firefox,140.0,21
Samsung Browser,28.0,21
Chrome,109.0,20
Chrome,122.0,20
Firefox,115.0,19
Safari,15.6,19
Safari,17.6,19
Safari,18.4,19
Chrome,140.0,18
Safari,16.6,18
Quark,(not set),17
Safari,17.5,15
Firefox,142.0,14
Chrome,127.0,12
Chrome,128.0,12
Safari,18.3,12
Chrome,130.0,11
(not set),(not set),10
Microsoft Edge,140.0,10
Chrome,133.0,9
Firefox,136.0,9
Safari,17.4,9
Microsoft Edge,137.0,8
Firefox,139.0,8
Smart Lenovo Browser,9.0,8
Chrome,126.0,7
Firefox,137.0,7
Mobile App,138.0,7
Mobile App,139.0,7
Safari,18.2,7
Yandex Browser,25.8,7
Mobile App,97.0,7
Chrome,116.0,6
Chrome,124.0,6
Microsoft Edge,127.0,6
Firefox,141.2,6
Safari,18.1,6
MIUI Browser,20.1,6
Chrome,87.0,6
Brave,(not set),5
Chrome,101.0,5
Microsoft Edge,109.0,5
Chrome,112.0,5
Firefox,135.0,5
Safari,14.1,5
Safari,16.5,5
Safari,17.3,5
Yandex Browser,25.2,5
Chrome,117.0,4
Chrome,125.0,4
Microsoft Edge,131.0,4
Microsoft Edge,135.0,4
Avast Secure Browser,138.0,4
Huawei Browser Mobile,16.0,4
Safari,17.1,4
Safari,18.0,4
Mobile App,83.0,4
Opera,90.0,4
Firefox,109.0,3
Chrome,119.0,3
Opera,119.0,3
Microsoft Edge,122.0,3
Microsoft Edge,130.0,3
Huawei Browser Mobile,15.0,3
Safari,16.0,3
Safari,16.1,3
Sogou Explorer,2,3
Yandex Browser,24.10,3
Yandex Browser,25.4,3
vivo Browser,25.7,3
QtWebEngine,6.9,3
Chrome,86.0,3
Chrome,103.0,2
Chrome,108.0,2
Safari,11.1,2
Chrome,111.0,2
Chrome,114.0,2
Chrome,115.0,2
Firefox,116.0,2
Safari,12.1,2
Chrome,120.0,2
Chrome,121.0,2
Chrome,123.0,2
Microsoft Edge,126.0,2
UC Browser,13.4,2
Mobile App,130.0,2
AVG Secure Browser,131.0,2
Microsoft Edge,132.0,2
Microsoft Edge,134.0,2
Firefox,134.0,2
Microsoft Edge,136.0,2
MIUI Browser,14.39,2
vivo Browser,14.6,2
UC Browser,14.8,2
Chrome,141.0,2
Firefox,141.1,2
Safari,16.2,2
Safari,17.2,2
UC Browser,18.0,2
QQ Browser,19.2,2
QQ Browser,19.5,2
MIUI Browser,20.0,2
vivo Browser,25.2,2
vivo Browser,25.8,2
Opera Touch,5.5,2
Chrome,79.0,2
Chrome,91.0,2
Chrome,93.0,2
Chrome,97.0,2
Chrome,102.0,1
Chrome,106.0,1
Chrome,107.0,1
Mobile App,109.0,1
Firefox,117.0,1
Microsoft Edge,117.0,1
Opera,118.0,1
Microsoft Edge,119.0,1
Huawei Browser Mobile,12.1,1
Huawei Browser,12.1,1
Microsoft Edge,120.0,1
Microsoft Edge,121.0,1
Microsoft Edge,124.0,1
Firefox,125.0,1
Firefox,132.0,1
Mobile App,133.0,1
Microsoft Edge,133.0,1
Avast Secure Browser,134.0,1
Mobile App,135.0,1
Chromium,135.0,1
Mobile App,136.0,1
AVG Secure Browser,137.0,1
CCleaner,138.0,1
Firefox,14.0,1
MIUI Browser,14.18,1
vivo Browser,14.3,1
Firefox,143.0,1
Safari,15.3,1
Safari,16.3,1
Safari,17.13,1
Safari,17.14,1
MIUI Browser,17.4,1
Microsoft Edge,18.17763,1
Microsoft Edge,18.18362,1
Safari,19.0,1
Samsung Browser,19.0,1
Yandex Browser,22.11,1
Yandex Browser,23.5,1
Yandex Browser,23.9,1
vivo Browser,24.3,1
vivo Browser,25.0,1
Yandex Browser,25.61,1
Yandex Browser,25.67,1
Yandex Browser,25.7,1
Mobile App,44.0,1
Chrome,63.0,1
Quark,7.9,1
Firefox,70.0,1
Chrome,73.0,1
Chrome,77.0,1
Opera,79.0,1
Chrome,80.0,1
Chrome,88.0,1
Firefox,88.0,1
Opera,89.0,1
Microsoft Edge,90.0,1
Mobile App,91.0,1
Microsoft Edge,92.0,1
Chrome,92.0,1
Chrome,95.0,1
Mobile App,95.0,1
Chrome,99.0,1
Firefox,99.0,1
