name,visitors
Singapore,29
Bengaluru,16
Guangzhou,15
Hyderabad,13
Tulsa,12
Tashkent,10
Ho Chi Minh City,10
Pune,9
Taipei,8
Bogotá,8
Istanbul,7
New Delhi,7
Shanghai,7
Beijing,7
Moscow,6
Hanoi,6
Nanjing,6
Berlin,6
Kyiv,5
Warsaw,5
Chennai,5
Kolkata,5
Mumbai,5
Novosibirsk,5
Cangzhou,5
Tokyo,5
Brisbane,5
Tel Aviv,4
Saint Petersburg,4
Lahore,4
Ahmedabad,4
Shenzhen,4
Chengdu,4
Dakar,4
São Paulo,4
Lyndhurst,4
Jeddah,3
Nairobi,3
Ankara,3
Baku,3
Helsinki,3
Dhaka,3
Jaipur,3
Gurgaon,3
Delhi,3
Coimbatore,3
Quezon City,3
Zhengzhou,3
Tianjin,3
Ningbo,3
Nanchang,3
Lanzhou,3
Suzhou,3
Greenwich,3
Vienna,3
Frankfurt am Main,3
Santo Domingo,3
Mexico City,3
Lima,3
Indianapolis,3
Chicago,3
New York City,3
Tehran,2
Amman,2
Athens,2
Dubai,2
İzmir,2
Addis Ababa,2
Cairo,2
Giza,2
Nizhniy Novgorod,2
Tallinn,2
Minsk,2
Johannesburg,2
Visakhapatnam,2
Kanpur,2
Jalandhar,2
Dehra Dūn,2
Kathmandu,2
Phan Thiết,2
Surabaya,2
Jakarta,2
Kaohsiung,2
Makati City,2
Xi’an,2
Qujing,2
Jinan,2
Hengshui,2
Foshan,2
Chongqing,2
Hong Kong,2
Yongsan-gu,2
Yeongdeungpo-gu,2
Goyang-si,2
Anyang-si,2
Auckland,2
Abidjan,2
Ibadan,2
Copenhagen,2
Zürich,2
Enschede,2
Hannover,2
Asnières-sur-Seine,2
Prague,2
Recife,2
Marabá,2
Rio de Janeiro,2
Curitiba,2
San Salvador,2
Guatemala City,2
La Paz,2
Santiago de Querétaro,2
Navojoa,2
Washington,2
Brunswick,2
Chester,2
Summerville,2
Los Angeles,2
Seattle,2
Toronto,2
Baghdad,1
As Sulaymānīyah,1
Najaf,1
Dammam,1
Tabriz,1
Shiraz,1
Nicosia,1
Limassol,1
Kampala,1
Ramallah,1
Muscat,1
Doha,1
Ras Al Khaimah City,1
Rishon LeẔiyyon,1
Ramat Gan,1
Petaẖ Tiqwa,1
Herzliya,1
Konya,1
Kayseri,1
Eskişehir,1
Ţanţā,1
Hihyā,1
Asyūţ,1
Ismailia,1
Isfahan,1
Voronezh,1
Ufa,1
Neftekamsk,1
Krasnodar,1
Kazan,1
Kaliningrad,1
Karagandy,1
Chisinau,1
Vitebsk,1
Bucharest,1
Vinnytsya,1
Odessa,1
Novhorod-Siverskyi,1
Lviv,1
Kamyanske,1
Bila Tserkva,1
Berehove,1
Košice,1
Kavála,1
Güngören,1
Lubumbashi,1
Port Elizabeth,1
Fourways,1
Durban,1
Maputo,1
Taunsa,1
Karachi,1
Islamabad,1
Ullāpāra,1
Samarkand,1
Colombo,1
Vijayawada,1
Vadodara,1
Surat,1
Sivakasi,1
Salem,1
Rājkot,1
Patna,1
Nellore,1
Mysore,1
Lucknow,1
Kāraikkudi,1
Indore,1
Faridabad,1
Cuddalore,1
Cherupulasshēri,1
Chandīgarh,1
Bhopāl,1
Aurangabad,1
Āsansol,1
Akola,1
Omsk,1
Almaty,1
Da Nang,1
Udon Thani,1
Bangkok,1
Pontianak,1
Depok,1
Bandung,1
Taichung,1
Neihu,1
Imus,1
Cebu City,1
Cagayan de Oro,1
Bacoor,1
Kota Kinabalu,1
Malacca,1
Yunfu,1
Heyuan,1
Xingtai,1
Xiangtan,1
Wuxi,1
Weifang,1
Taiyuan,1
Quanzhou,1
Haimen,1
Liaocheng,1
Lianyun,1
Hangzhou,1
Fuzhou,1
Dongguan,1
Changsha,1
Ha Kwai Chung,1
Yeonggwang-gun,1
Eunpyeong-gu,1
Ulju-gun,1
Dongjak-gu,1
Suwon,1
Bucheon-si,1
Pohang,1
Gangnam-gu,1
Incheon,1
Shizuoka,1
Nishinomiya-hama,1
Nagoya,1
Moriyachō,1
Ibaraki,1
Ashiya,1
Kampong Loyang,1
Irkutsk,1
Shenyang,1
Datong,1
Melbourne,1
Launceston,1
Canberra,1
Douala,1
Brazzaville,1
Mem Martins,1
Lagos,1
Lomé,1
Sétif,1
El Hadjira,1
Aïn Defla,1
Valencia,1
Palma,1
Las Palmas de Gran Canaria,1
Castelló de la Plana,1
Badajoz,1
Alicante,1
Catanzaro,1
Rabat,1
Meknès,1
Vanløse,1
Kolding,1
Wolverhampton,1
City of Westminster,1
Swindon,1
St Helens,1
Radlett,1
Nottingham,1
Norwich,1
Newport,1
Mitcham,1
Luton,1
Lewisham,1
Leeds,1
Kensington,1
Islington,1
Dunstable,1
Dietikon,1
Sundbyberg,1
Linköping,1
Helsingborg,1
Utrecht,1
Nieuwleusen,1
Neede,1
Naaldwijk,1
Linschoten,1
Leeuwarden,1
Hengelo,1
Amsterdam,1
Wavre,1
Ostend,1
Andenne,1
Stuttgart,1
