name,version,visitors
Chrome,142.0,1525
Microsoft Edge,142.0,550
Firefox,145.0,495
Chrome,141.0,279
Firefox,140.0,169
Opera,123.0,156
Chrome,126.0,122
Firefox,144.0,99
Safari,18.6,92
Microsoft Edge,141.0,79
Chrome,140.0,74
Firefox,128.0,71
Safari,26.1,70
Chrome,125.0,59
Safari,26.0,58
Chrome,138.0,44
Microsoft Edge,140.0,29
Chrome,139.0,27
Chrome,137.0,23
Safari,18.5,23
Firefox,115.0,20
Firefox,143.0,16
Chrome,109.0,15
Samsung Browser,29.0,15
Safari,17.6,14
Chrome,134.0,13
Firefox,136.0,11
Chrome,136.0,11
Safari,18.7,11
Mobile App,(not set),10
Chrome,132.0,8
Safari,15.6,8
Chrome,131.0,7
Microsoft Edge,138.0,7
Firefox,141.0,7
Firefox,146.0,7
Safari,16.6,7
Chrome,112.0,6
Chrome,128.0,6
Ecosia,141.0,6
Mobile App,141.0,6
Firefox,142.0,6
Safari,17.5,6
Samsung Browser,28.0,6
Firefox,91.0,6
Chrome,122.0,5
Opera,124.0,5
Chrome,133.0,5
Chrome,135.0,5
Firefox,139.0,5
Firefox,117.0,4
Microsoft Edge,131.0,4
Firefox,131.0,4
Firefox,135.0,4
Microsoft Edge,92.0,4
Ecosia,11.4,3
Chrome,120.0,3
Chrome,121.0,3
Opera,122.0,3
Chrome,123.0,3
Firefox,127.0,3
Microsoft Edge,130.0,3
Chrome,130.0,3
Microsoft Edge,132.0,3
Firefox,138.0,3
AVG Secure Browser,141.0,3
Safari,16.1,3
Safari,16.2,3
Chrome,95.0,3
(not set),(not set),2
Safari,(not set),2
Chrome,102,2
Firefox,113.0,2
Opera,117.0,2
Chrome,124.0,2
Firefox,126.0,2
Safari,13.1,2
Firefox,132.0,2
Microsoft Edge,139.0,2
Avast Secure Browser,141.0,2
Norton Private Browser,141.0,2
Chrome,143.0,2
Safari,17.2,2
Safari,17.4,2
Microsoft Edge,18.18362,2
Safari,18.2,2
Safari,18.4,2
Yandex Browser,25.10,2
Yandex Browser,25.8,2
Firefox,60.0,2
Opera,85.0,2
Brave,(not set),1
Chromium,(not set),1
Konqueror,(not set),1
Microsoft Edge,100.0,1
Firefox,102.0,1
Firefox,103.0,1
Firefox,105.0,1
Microsoft Edge,106.0,1
Chrome,106.0,1
Firefox,106.0,1
Chrome,107.0,1
Chrome,110.0,1
Microsoft Edge,112.0,1
Chrome,114.0,1
Firefox,115.10,1
Chrome,117.0,1
Firefox,119.0,1
Chrome,119.0,1
Microsoft Edge,125.0,1
Microsoft Edge,126.0,1
Chrome,127.0,1
Chrome,129.0,1
Firefox,130.0,1
Firefox,133.0,1
Microsoft Edge,133.0,1
CCleaner,142.0,1
AVG Secure Browser,142.0,1
Firefox,147.0,1
Safari,15.1,1
Safari,16.0,1
Safari,17.1,1
Safari,17.3,1
Safari,18.1,1
Safari,18.3,1
Phoenix Browser,19.5,1
Phoenix Browser,19.8,1
Samsung Browser,25.0,1
Opera GX,3.0,1
Firefox,47.0,1
Firefox,58.0,1
Chrome,74.0,1
Firefox,78.0,1
Chrome,86.0,1
Smart Lenovo Browser,9.0,1
