name,visitors,pageviews,bounce_rate,time_on_page,scroll_depth
/fr/3/tutorial/,483,636,63,38,52
/fr/3/tutorial/datastructures.html,205,228,78,78,33
/fr/3/library/random.html,185,187,88,45,28
/fr/3/library/stdtypes.html,161,244,68,78,17
/fr/3/library/tkinter.html,150,149,74,69,24
/fr/3/tutorial/introduction.html,150,167,74,115,51
/fr/3/tutorial/classes.html,144,147,82,104,42
/fr/3/tutorial/interpreter.html,136,146,67,107,75
/fr/3/library/turtle.html,133,148,79,55,19
/fr/3/library/functions.html,126,142,74,24,24
/fr/3/tutorial/appetite.html,126,118,26,59,87
/fr/3/library/csv.html,119,121,78,47,28
/fr/3/tutorial/controlflow.html,119,120,75,122,33
/fr/3/library/idle.html,106,119,65,37,30
/fr/3/library/os.html,104,130,68,20,7
/fr/3/library/datetime.html,103,98,87,60,18
/fr/3/tutorial/inputoutput.html,96,101,77,120,49
/fr/3/howto/sorting.html,95,100,80,83,37
/fr/3/tutorial/errors.html,91,88,79,62,37
/fr/3.14/,86,90,46,14,73
/fr/3/search.html,85,152,41,19,44
/fr/3/library/math.html,81,80,73,44,16
/fr/3/library/string.html,81,73,82,42,30
/fr/3/glossary.html,79,119,86,14,10
/fr/3/howto/regex.html,79,77,79,96,31
/fr/3/library/re.html,77,73,77,38,24
/fr/3/library/json.html,76,71,96,31,18
/fr/3/library/time.html,75,71,87,27,19
/fr/3/library/enum.html,67,60,89,22,20
/fr/3/,65,68,43,35,79
/fr/3/library/subprocess.html,65,64,81,54,17
/fr/3/tutorial/venv.html,65,68,87,32,62
/fr/3/library/sys.html,64,95,50,18,5
/fr/dev/installing/index.html,63,61,96,42,62
/fr/3/library/exceptions.html,62,87,50,16,11
/fr/3/using/cmdline.html,62,60,88,17,9
/fr/3/library/collections.html,61,63,67,67,21
/fr/3.14/search.html,60,99,33,39,54
/fr/3.15/using/windows.html,60,59,68,46,32
/fr/3/library/statistics.html,59,51,90,19,15
/fr/3/reference/datamodel.html,59,93,0,17,4
/fr/3.14/tutorial/index.html,57,58,79,91,56
/fr/3/using/windows.html,57,48,77,38,10
/fr/3/library/pathlib.html,56,49,93,28,10
/fr/3/library/tkinter.ttk.html,53,44,90,25,19
/fr/3/reference/simple_stmts.html,53,54,79,35,22
/fr/3/tutorial/modules.html,53,44,82,179,51
/fr/3/library/os.path.html,50,43,100,15,15
/fr/3/library/typing.html,50,49,100,47,4
/fr/3/library/multiprocessing.html,49,47,89,21,6
/fr/3/tutorial/index.html,49,55,59,43,51
/fr/3/library/ssl.html,48,41,0,15,6
/fr/3/reference/compound_stmts.html,48,51,75,16,7
/fr/3/reference/expressions.html,48,53,100,12,6
/fr/3/c-api/typeobj.html,47,53,0,14,2
/fr/3/library/operator.html,47,44,77,13,19
/fr/3/library/glob.html,46,40,81,24,56
/fr/3/library/ipaddress.html,46,36,75,28,19
/fr/3/library/zipfile.html,46,42,67,13,8
/fr/3/library/dis.html,45,46,0,13,4
/fr/3/library/http.client.html,45,36,50,16,15
/fr/3/library/doctest.html,44,34,100,14,4
/fr/3/library/io.html,44,39,0,13,6
/fr/3/library/pdb.html,44,37,100,14,10
/fr/3/library/sqlite3.html,44,37,100,26,9
/fr/3/library/threading.html,44,32,100,11,8
/fr/3/reference/lexical_analysis.html,44,37,71,13,11
/fr/3/library/__main__.html,43,37,93,25,38
/fr/3/library/ast.html,43,38,0,13,3
/fr/3/library/pickle.html,43,35,80,18,8
/fr/3/library/queue.html,43,33,78,55,39
/fr/3/library/unittest.html,43,39,83,49,5
/fr/3/library/argparse.html,42,32,100,16,7
/fr/3/library/ctypes.html,42,38,88,17,12
/fr/3/library/curses.html,42,37,100,11,6
/fr/3/library/urllib.request.html,42,39,0,16,6
/fr/3/c-api/init.html,41,41,0,12,3
/fr/3/c-api/object.html,41,35,0,12,8
/fr/3/library/inspect.html,41,37,50,12,4
/fr/3/library/tarfile.html,41,33,75,18,7
/fr/3/library/uuid.html,41,34,100,75,23
/fr/3/library/calendar.html,40,31,60,17,18
/fr/3/library/decimal.html,40,34,67,14,7
/fr/3/library/importlib.html,40,40,100,13,4
/fr/3/library/socket.html,40,35,100,15,3
/fr/3/library/asyncio-eventloop.html,38,32,100,13,4
/fr/3/library/asyncio-task.html,38,31,80,3744,6
/fr/3/library/http.server.html,38,30,0,13,11
/fr/3/library/locale.html,38,28,100,12,12
/fr/3/using/configure.html,38,32,0,10,6
/fr/3/library/configparser.html,37,26,100,15,13
/fr/3/library/ftplib.html,37,26,0,11,13
/fr/3/library/types.html,37,31,0,14,13
/fr/3.13/tutorial/classes.html,36,38,77,136,33
/fr/3/library/logging.handlers.html,36,31,100,35,6
/fr/3/library/xml.dom.html,36,29,100,11,8
/fr/3/reference/import.html,36,29,92,14,17
/fr/3/c-api/structures.html,35,27,0,12,8
/fr/3/genindex-Symboles.html,35,37,70,22,50
/fr/3/library/base64.html,35,26,100,10,24
