property,value,visitors,events,percentage
url,(none),1344,2386,99.8
url,https://www.python.org/,28,30,2.1
url,https://www.zlib.net/,8,9,0.6
url,https://www.python.org/downloads/,7,7,0.5
url,https://devguide.python.org/documentation/start-documenting/#building-the-documentation,3,3,0.2
url,https://apps.microsoft.com/detail/9NQ7512CXL7T,2,2,0.1
url,https://docs.python.org/pt-br/3.14/archives/python-3.14-docs-text.zip,2,2,0.1
url,https://docs.python.org/pt-br/3/archives/python-3.14-docs-html.zip,2,2,0.1
url,https://github.com/python/cpython/tree/3.14/Lib/random.py,2,2,0.1
url,https://cffi.readthedocs.io/,1,1,0.1
url,https://cython.org/,1,1,0.1
url,https://docs.python.org/pt-br/3/archives/python-3.14-docs-html.tar.bz2,1,1,0.1
url,https://docs.python.org/pt-br/3/archives/python-3.14-docs-texinfo.zip,1,1,0.1
url,https://docs.python.org/pt-br/3/archives/python-3.14-docs.epub,1,1,0.1
url,https://github.com/python/cpython/blob/main/Doc/library/index.rst?plain=1,1,1,0.1
url,https://github.com/python/cpython/blob/main/Doc/using/windows.rst?plain=1,1,1,0.1
url,https://github.com/python/cpython/issues,1,1,0.1
url,https://github.com/python/cpython/tree/3.14/Lib/asyncio/streams.py,1,1,0.1
url,https://github.com/python/cpython/tree/3.14/Lib/pydoc.py,1,1,0.1
url,https://github.com/python/cpython/tree/main/Lib/tkinter/messagebox.py,1,1,0.1
url,https://github.com/wjakob/nanobind,1,1,0.1
url,https://hpyproject.org/,1,1,0.1
url,https://learn.microsoft.com/cpp/mfc/mfc-desktop-applications,1,1,0.1
url,https://numba.pydata.org/,1,1,0.1
url,https://packaging.python.org/guides/packaging-binary-extensions/,1,1,0.1
url,https://peps.python.org/pep-0008/,1,1,0.1
url,https://peps.python.org/pep-0485/,1,1,0.1
url,https://peps.python.org/pep-0489/,1,1,0.1
url,https://peps.python.org/pep-0498/,1,1,0.1
url,https://peps.python.org/pep-0719/,1,1,0.1
url,https://pybind11.readthedocs.io/,1,1,0.1
url,https://pyo3.rs/,1,1,0.1
url,https://wiki.python.org/moin/BeginnersGuide,1,1,0.1
url,https://www.debian.org/doc/manuals/maint-guide/first.en.html,1,1,0.1
url,https://www.swig.org/,1,1,0.1
url,https://www.tcl.tk/,1,1,0.1
url,https://www.tcl.tk/man/tcl8.6/TkCmd/contents.htm,1,1,0.1
url,https://www.tkdocs.com/shipman/',1,1,0.1
url,https://www.zlib.net/manual.html,1,1,0.1
