name,unique_exits,total_exits,exit_rate
/pt-br/3/library/stdtypes.html,64,67,
/pt-br/3/tutorial/index.html,63,65,
/pt-br/3/library/venv.html,44,44,
/pt-br/3.15/using/windows.html,43,46,
/pt-br/dev/library/zlib.html,39,40,
/pt-br/3/,37,41,
/pt-br/3/library/index.html,31,34,
/pt-br/3/library/math.html,28,30,
/pt-br/3.14/tutorial/index.html,26,28,
/pt-br/3/library/random.html,25,26,
/dev/using/windows.html,24,25,
/pt-br/3/tutorial/controlflow.html,22,24,
/pt-br/3.14/,20,20,
/pt-br/3/tutorial/introduction.html,20,20,
/3/,19,19,
/pt-br/3/library/functions.html,18,18,
/pt-br/dev/tutorial/datastructures.html,16,16,
/pt-br/3.13/tutorial/index.html,15,15,
/pt-br/3/library/tkinter.html,15,15,
/pt-br/3/library/string.html,14,14,
/pt-br/3.14/search.html,12,13,
/pt-br/3.14/tutorial/introduction.html,11,11,
/pt-br/3/search.html,11,11,
/pt-br/3/tutorial/classes.html,11,11,
/pt-br/3.13/,10,12,
/pt-br/3.13/library/stdtypes.html,10,11,
/pt-br/3.14/library/index.html,10,11,
/pt-br/3/faq/windows.html,10,10,
/pt-br/3/library/turtle.html,10,10,
/pt-br/3/tutorial/,10,10,
/pt-br/3/tutorial/datastructures.html,10,10,
/pt-br/3/tutorial/interpreter.html,10,10,
/pt-br/dev/library/venv.html,10,10,
/pt-br/3/library/re.html,9,9,
/pt-br/3/tutorial/appetite.html,9,9,
/pt-br/3.13/library/index.html,8,10,
/pt-br/3.13/tutorial/datastructures.html,8,10,
/pt-br/3/library/__main__.html,8,8,
/pt-br/3/library/datetime.html,8,8,
/pt-br/3/library/os.html,8,8,
/pt-br/3/tutorial/errors.html,8,8,
/pt-br/3/tutorial/modules.html,8,9,
/pt-br/3.14/library/random.html,7,7,
/pt-br/3.14/tutorial/controlflow.html,7,7,
/pt-br/3/reference/compound_stmts.html,7,7,
/pt-br/3/using/cmdline.html,7,7,
/pt-br/3.13/library/functions.html,6,6,
/pt-br/3.13/library/tkinter.html,6,7,
/pt-br/3.14/library/functions.html,6,6,
/pt-br/3.14/library/tkinter.html,6,6,
/pt-br/3.14/tutorial/datastructures.html,6,7,
/pt-br/3.14/tutorial/interpreter.html,6,6,
/pt-br/3.14/whatsnew/3.14.html,6,6,
/pt-br/3.15/search.html,6,6,
/pt-br/3/library/csv.html,6,7,
/pt-br/3/library/time.html,6,6,
/3.14/,5,5,
/3.14/tutorial/index.html,5,5,
/pt-br/3.13/tutorial/controlflow.html,5,5,
/pt-br/3.14/library/idle.html,5,5,
/pt-br/3.14/library/math.html,5,5,
/pt-br/3/library/dataclasses.html,5,5,
/pt-br/3/library/decimal.html,5,6,
/pt-br/3/library/exceptions.html,5,5,
/pt-br/3/tutorial/inputoutput.html,5,5,
/pt-br/3/using/android.html,5,5,
/3.13/,4,4,
/3/library/math.html,4,4,
/3/library/tkinter.html,4,4,
/pt-br/3.13/tutorial/venv.html,4,4,
/pt-br/3.14/glossary.html,4,4,
/pt-br/3.15/whatsnew/3.15.html,4,4,
/pt-br/3/contents.html,4,4,
/pt-br/3/download.html,4,5,
/pt-br/3/library/,4,4,
/pt-br/3/library/argparse.html,4,4,
/pt-br/3/library/datatypes.html,4,4,
/pt-br/3/library/intro.html,4,4,
/pt-br/3/library/shutil.html,4,4,
/pt-br/3/library/statistics.html,4,4,
/pt-br/3/library/tk.html,4,4,
/pt-br/3/library/typing.html,4,5,
/pt-br/3/reference/index.html,4,4,
/pt-br/3/using/configure.html,4,4,
/pt-br/3/whatsnew/3.13.html,4,5,
/3.14/library/tkinter.html,3,3,
/3/library/decimal.html,3,3,
/3/library/functions.html,3,3,
/3/library/index.html,3,3,
/3/library/random.html,3,3,
/3/library/stdtypes.html,3,3,
/3/tutorial/index.html,3,3,
/pt-br/3.13/library/dataclasses.html,3,3,
/pt-br/3.13/library/math.html,3,3,
/pt-br/3.13/search.html,3,5,
/pt-br/3.13/tutorial/appetite.html,3,3,
/pt-br/3.13/tutorial/classes.html,3,3,
/pt-br/3.13/tutorial/introduction.html,3,3,
/pt-br/3.13/tutorial/modules.html,3,3,
/pt-br/3.14/library/os.html,3,3,
