name,visitors,bounce_rate,visit_duration
Direct / None,653,74,165
google.com,453,75,124
python.org,40,0,236
bing.com,31,73,149
search.brave.com,30,67,154
cursos.alura.com.br,21,86,128
baidu.com,20,67,11
m.baidu.com,18,89,14
udemy.com,18,95,90
br.search.yahoo.com,11,73,329
chatgpt.com,11,100,94
duckduckgo.com,6,80,327
hub.asimov.academy,4,100,0
gstatic.com,3,67,452
netacad.com,3,100,0
android-app://com.google.android.googlequicksearchbox,2,50,0
baidu.com/link,2,100,0
conteudo.colaboraread.com.br,2,0,475
copilot.microsoft.com,2,0,233
gemini.google.com,2,0,581
gist.github.com,2,100,0
google.com.br,2,100,0
m.baidu.com/from=1013966u/bd_page_type=1/ssid=0/uid=0/pu=usm%401%2Csz%401320_1001%2Cta%40iphone_2_16.0_19_26.7/baiduid=097688C14487EC09393F3397DD6A059C/w=0_10_/t=iphone/l=1/tc,2,0,6
materialdigital.unicesumar.edu.br,2,100,0
moodle.ufrgs.br,2,0,802
prairie-heath-fb8.notion.site,2,100,0
presencial.moodle.ufsc.br,2,50,328
python-docs-translations.github.io,2,50,8
ava.sesisenai.org.br,1,100,0
canva.com,1,100,0
cdn.evg.gov.br,1,0,63
censupeg.grupoa.education,1,100,0
classroom.google.com,1,100,0
codaqui.dev,1,0,47
devguide.python.org/documentation/translations/translating,1,100,0
ecosia.org,1,100,0
ethicalhacker.com.br,1,100,0
github.com/GAM-team/GAM/wiki/Users-Gmail-Messages-Threads,1,0,385
m.baidu.com/from=1040455c/bd_page_type=1/ssid=0/uid=0/pu=sz%401320_480%2Ccuid%40gu2Xu_awS8lza2uJ08Sd8guI2i0aa2iIla228g8Uv88RkHhxpaHVCb6uA%2Ccua%40_a2SiyaO2ig4NE6lI5me6NN0-I_Uh2NpgI2EtAq6C%2Cosname%40baiduboxapp%2Cctv%402%2Ccfrom%401030738b%2Ccen%40cuid_cua%2Cc3_aid%40A00-KETHTOW5LVZ3XHSQDWJKYOKTRDJC6HXR-JI4RNWOH%2Ccsrc%40app_mainbox_txt%2Cta%40iphone___31_9.5%2Cusm%400/baiduid=4EE5EE1BD7ECA752626188E994B6400A/w=0_10_/t=iphone/l=1/tc,1,100,0
moodle.aehn.net,1,100,0
on.fiap.com.br,1,100,0
pucminas.instructure.com/courses/230808/modules/items/4964536,1,100,0
sphinx-doc.org/en/master,1,0,1197
t.co,1,0,146
wiki.python.org,1,0,196
