name,version,visitors
Chrome,134.0,663
Microsoft Edge,134.0,138
Mobile App,133.0,95
Chrome,133.0,83
Opera,117.0,81
Firefox,136.0,72
Safari,18.3,31
Mobile App,134.0,27
Chrome,132.0,18
Mobile App,(not set),10
Firefox,128.0,10
Chrome,131.0,10
Microsoft Edge,133.0,7
Chrome,109.0,6
Opera,116.0,6
Samsung Browser,27.0,6
Chrome,122.0,4
Chrome,128.0,3
Microsoft Edge,132.0,3
Chrome,103.0,2
Chrome,120.0,2
Chrome,123.0,2
Chrome,124.0,2
Chrome,129.0,2
Microsoft Edge,130.0,2
Mobile App,132.0,2
Firefox,135.0,2
Safari,16.3,2
Safari,16.6,2
Safari,17.4,2
Safari,17.6,2
Chrome,100.0,1
Chrome,101.0,1
Firefox,104.0,1
Microsoft Edge,113.0,1
Firefox,115.0,1
Chrome,116.0,1
Chrome,117.0,1
Chrome,125.0,1
Chrome,126.0,1
Firefox,127.0,1
Chrome,127.0,1
MIUI Browser,13.29,1
Chrome,130.0,1
Microsoft Edge,131.0,1
Avast Secure Browser,132.0,1
Firefox,133.0,1
Chrome,135.0,1
Firefox,137.0,1
Safari,15.5,1
Safari,15.6,1
Safari,17.10,1
Safari,18.1,1
Safari,18.4,1
Opera GX,2.7,1
Yandex Browser,25.2,1
Chrome,78.0,1
Firefox,86.0,1
Opera,87.0,1
Microsoft Edge,89.0,1
Firefox,97.0,1
