name,visitors,pageviews,bounce_rate,time_on_page,scroll_depth
/3.14/tutorial/index.html,1704,1877,68,38,47
/3.14/using/windows.html,1516,1737,70,210,13
/3.14/,1225,1416,54,17,78
/3.14/index.html,472,477,51,19,72
/3.14/tutorial/,443,509,61,37,56
/3.14/whatsnew/3.14.html,395,377,71,31,14
/zh-cn/3.14/,365,429,34,16,81
/3.14/tutorial/interpreter.html,289,288,80,72,73
/3.14/search.html,284,373,40,20,48
/3.14/library/index.html,270,324,47,42,46
/3.14/tutorial/appetite.html,254,223,54,72,83
/zh-cn/3.14/tutorial/index.html,251,337,39,37,62
/3.14/tutorial/introduction.html,214,199,70,174,61
/3.14/library/functions.html,187,175,83,43,49
/zh-cn/3.14/library/index.html,186,265,26,44,52
/3.14/library/stdtypes.html,162,166,82,3014,39
/3.14/tutorial/controlflow.html,162,152,81,133,38
/3.14/reference/index.html,121,127,52,26,73
/zh-cn/3.14/index.html,115,136,50,19,80
/zh-cn/3.14/tutorial/interpreter.html,111,107,42,121,82
/zh-cn/3.14/tutorial/introduction.html,109,115,71,174,64
/zh-cn/3.14/using/index.html,104,102,50,13,78
/zh-cn/3.14/tutorial/controlflow.html,103,110,78,219,45
/zh-cn/3.14/using/windows.html,101,89,60,58,26
/zh-cn/3.14/tutorial/appetite.html,97,82,35,67,94
/3.14/installing/index.html,90,73,72,37,63
/zh-cn/3.14/reference/index.html,88,97,30,21,73
/es/3.14/tutorial/index.html,86,103,64,60,54
/zh-cn/3.14/search.html,85,146,33,19,57
/3.14/using/index.html,84,74,33,44,77
/es/3.14/,78,77,57,16,73
/3.14/tutorial/datastructures.html,77,74,68,42,50
/zh-cn/3.14/library/functions.html,77,90,68,57,50
/pt-br/3.14/,76,80,48,13,73
/3.14/glossary.html,72,96,50,98,45
/zh-cn/3.14/whatsnew/3.14.html,72,68,60,79,27
/3.14/download.html,71,53,33,27,96
/3.14/contents.html,70,77,31,18,9
/zh-cn/3.14/library/stdtypes.html,65,63,62,85,51
/fr/3.14/,63,61,50,19,73
/zh-cn/3.14/contents.html,55,56,32,64,25
/3.14/library/,53,57,65,35,26
/zh-cn/3.14/glossary.html,52,53,36,64,45
/3.14/py-modindex.html,51,53,100,26,58
/zh-cn/3.14/installing/index.html,51,43,63,208,73
/3.14/library/idle.html,50,49,77,53,17
/zh-cn/3.14/reference/datamodel.html,48,80,53,287,49
/zh-cn/3.14/tutorial/datastructures.html,47,45,73,210,41
/zh-cn/3.14/download.html,46,50,56,49,97
/3.14/genindex.html,45,49,25,5,100
/zh-cn/3.14/tutorial/classes.html,44,45,92,95,54
/es/3.14/search.html,43,58,8,29,54
/3.14/using/cmdline.html,41,34,62,107,21
/3.14/library/random.html,40,35,76,23,33
/3.14/tutorial/modules.html,40,37,69,81,50
/3.14/using/mac.html,40,41,69,61,50
/ja/3.14/library/i18n.html,40,44,86,2,78
/pt-br/3.14/tutorial/index.html,40,59,67,69,52
/3.14/tutorial/classes.html,39,39,67,113,49
/es/3.14/tutorial/introduction.html,39,40,71,220,55
/3.14/library/os.html,38,33,71,70,51
/es/3.14/tutorial/controlflow.html,38,55,73,193,24
/zh-cn/3.14/reference/compound_stmts.html,38,40,80,45,51
/zh-cn/3.14/using/cmdline.html,38,31,75,44,36
/3.14/reference/compound_stmts.html,37,33,69,54,36
/3.14/reference/datamodel.html,37,32,80,221,42
/zh-cn/3.14/tutorial/,37,30,73,24,57
/3.14/library/turtle.html,36,32,84,87,40
/es/3.14/tutorial/interpreter.html,36,36,86,39,78
/zh-cn/3.14/reference/lexical_analysis.html,36,48,50,344,56
/pt-br/3.14/library/index.html,35,39,25,27,32
/3.14/reference/lexical_analysis.html,34,33,78,139,48
/3.14/howto/index.html,32,35,50,24,85
/es/3.14/library/stdtypes.html,31,33,53,38,39
/es/3.14/tutorial/appetite.html,30,25,71,66,82
/3.14/library/pathlib.html,29,34,84,137,45
/3.14/reference/expressions.html,29,24,50,45,55
/3.14/reference/introduction.html,28,27,67,24,60
/3.14/library/math.html,27,21,92,49,50
/3.14/tutorial/appendix.html,27,24,25,26,53
/pt-br/3.14/search.html,27,46,43,28,76
/zh-cn/3.14/library/idle.html,27,29,80,60,48
/zh-cn/3.14/py-modindex.html,27,33,0,19,37
/zh-cn/3.14/tutorial/inputoutput.html,27,21,60,66,43
/zh-cn/3.14/reference/expressions.html,26,31,80,54,60
/3.14/c-api/index.html,25,19,0,73,56
/3.14/tutorial/errors.html,25,23,100,77,28
/3.14/tutorial/venv.html,25,22,75,46,47
/zh-cn/3.14/howto/index.html,25,27,0,15,91
/3.14/library/datetime.html,24,24,94,46,33
/3.14/library/re.html,24,19,71,155,47
/3.14/library/tkinter.html,24,23,73,50,45
/3.14/library/typing.html,24,22,79,40,46
/es/3.14/library/index.html,24,27,60,20,43
/fr/3.14/search.html,24,27,40,16,52
/fr/3.14/tutorial/index.html,24,29,75,57,52
/ja/3.14/,24,31,50,18,72
/3.14/tutorial/stdlib.html,23,33,100,55,47
/pt-br/3.14/library/functions.html,23,28,64,481,47
/zh-cn/3.14/using/android.html,23,25,43,31,92
