name,version,visitors
Windows,10,23155
Mac,10.15,2526
GNU/Linux,(not set),882
Android,10,657
iOS,18.6,290
Ubuntu,(not set),209
Chrome OS,14541.0,112
Android,15,108
Windows,7,71
Android,12,59
Android,13,55
iOS,18.5,46
iOS,18.7,45
Android,14,44
iOS,26.0,39
Android,11,29
Windows,8.1,29
HarmonyOS,(not set),19
iOS,18.1,15
iOS,18.3,15
HarmonyOS,3.0,14
Android,9,12
HarmonyOS,2.2,8
iOS,16.7,7
iOS,17.6,7
(not set),(not set),6
iOS,17.2,5
iOS,18.0,5
Mac,10.11,4
iOS,15.2,4
iOS,15.3,4
iOS,15.6,4
iOS,16.1,4
iOS,17.0,4
Mac,10.12,3
Mac,10.13,3
Android,16,3
iOS,16.3,3
iOS,17.3,3
iOS,17.5,3
iOS,17.7,3
iOS,18.4,3
Android,6.0,3
Windows,Server 2003,3
Chrome OS,13597.84,2
iOS,16.2,2
iOS,16.6,2
iOS,18.2,2
iOS,19.0,2
Mac,(not set),1
Windows,(not set),1
Mac,10.14,1
iOS,13.6,1
iOS,14.0,1
iOS,14.1,1
iOS,14.3,1
iOS,14.4,1
Chrome OS,14816.131,1
iOS,15.8,1
iPadOS,16.6,1
iPadOS,16.7,1
iPadOS,17.7,1
Android,4.3,1
Android TV,5.0,1
Android,5.1,1
Fire OS,7,1
Windows,8,1
Android,8.0,1
Android,8.1,1
