name,visitors,bounce_rate,visit_duration
Direct / None,6381,87,109
Google,390,79,561
python.org,151,75,256
Bing,104,73,305
Baidu,34,76,61
DuckDuckGo,34,50,536
Yandex,27,86,236
chatgpt.com,25,63,224
GitHub,16,80,272
peps.python.org,9,75,8
Yahoo!,5,75,203
codecademy.cn,5,0,356
Microsoft Teams,4,50,177
Qwant,4,100,2003
tilburgu.testvision.nl,4,0,8477
Brave,3,0,692
Ecosia,3,0,35
realpython.com,3,100,123
wiki.python.org,3,0,1695
confluence.intranet.commerzbank.com,2,33,49
cs50.harvard.edu,2,0,22
docs.astral.sh,2,100,0
doubao.com,2,0,352
kagi.com,2,0,18
lms-m41.mie-u.ac.jp,2,50,4
pucminas.instructure.com,2,100,0
tanelpoder.com,2,100,0
yuanbao.tencent.com,2,0,1100
10.20.63.2,1,0,1769
127.0.0.1,1,0,7111
192.168.2.102,1,100,0
6700ac99f218428eb8e42192578582c4.enterprise.cc-propeller.cloud,1,100,0
academiadeprogramadores.blogspot.com,1,100,0
ai8py.com,1,100,0
amd.atlassian.net,1,100,0
aules.edu.gva.es,1,100,0
basis.python-cursus.nl,1,100,0
campus110.unad.edu.co,1,100,0
chat.baidu.com,1,100,0
chat.genai-itsd.hitachi.co.jp,1,100,0
cnblogs.com,1,0,162
confluence.devops.jlr-apps.com,1,0,35
context7.com,1,100,0
curly-garbanzo-6xj76ggx7qjhrv5r.github.dev,1,100,0
devdocs.io,1,100,0
discuss.python.org,1,0,917
docs.ros.org,1,0,10
edube.org,1,0,11
fjoq6z1q9f.feishu.cn,1,0,0
ghe.corp.yahoo.co.jp,1,100,0
github.azc.ext.hp.com,1,100,0
honeywell.atlassian.net,1,0,1241
inf.fu-berlin.de,1,0,602
kitt.lewagon.com,1,100,0
link.csdn.net,1,0,281
link.juejin.cn,1,100,0
link.zhihu.com,1,100,0
lrps.wgu.edu,1,100,0
mostlypython.substack.com,1,100,0
new.eiropasskola.lv,1,100,0
note.nkmk.me,1,0,40
organic-adventure-4px9477pp9j2j9rp.github.dev,1,100,0
overleaf.com,1,100,0
pip.pypa.io,1,0,14
products.orangeqs.info,1,0,29
psicode.org,1,100,0
pybook.rocks,1,0,18
pylint.readthedocs.io,1,0,0
pypdf.readthedocs.io,1,0,71
pypi.org,1,100,0
python-type-challenges.zeabur.app,1,0,2170
qiita.com,1,0,20
quark.cn,1,100,0
roadmap.sh,1,0,4
safe1.dbswiso.prd,1,100,0
tech-doc.cn,1,0,318
translations.python.org,1,0,544
udemy.com,1,0,1753
umd-dit.atlassian.net,1,100,0
voiceanalytics.izo.es,1,100,0
wesmckinney.com,1,0,1977
yuque.com,1,0,1287
