name,version,visitors
Microsoft Edge,143.0,3044
Chrome,143.0,2494
Chrome,132.0,350
Mobile App,(not set),298
Chrome,139.0,267
Sogou Explorer,2,227
Chrome,69.0,220
Firefox,146.0,209
Chrome,142.0,201
Chrome,135.0,128
Quark,(not set),123
Smart Lenovo Browser,9.0,89
Chrome,111.0,86
Chrome,109.0,85
Chrome,131.0,84
Chrome,138.0,81
Microsoft Edge,142.0,76
Chrome,137.0,73
Chrome,116.0,71
Chrome,141.0,70
360 Secure Browser,(not set),67
Chrome,133.0,66
Chrome,122.0,65
Chrome,140.0,60
Chrome,108.0,56
UC Browser,18.4,55
Safari,18.6,51
Safari,26.1,51
Safari,26.2,50
Huawei Browser Mobile,16.0,48
Microsoft Edge,141.0,45
Chrome,117.0,43
Firefox,5.0,41
Chrome,121.0,40
Chrome,107.0,38
Chrome,124.0,36
Chrome,86.0,34
Chrome,128.0,32
Chrome,134.0,32
QQ Browser,6.2,32
Microsoft Edge,128.0,31
Microsoft Edge,135.0,30
Quark,10.2,29
QQ Browser,20.0,29
MIUI Browser,20.9,29
Chrome,120.0,27
Microsoft Edge,140.0,27
Chrome,104.0,26
Chrome,106.0,25
Microsoft Edge,138.0,25
Microsoft Edge,139.0,25
Microsoft Edge,144.0,25
Chrome,114.0,23
Chrome,91.0,23
Microsoft Edge,92.0,22
Safari,(not set),21
Chrome,103.0,21
Chrome,112.0,21
Microsoft Edge,122.0,21
Chrome,126.0,21
Chrome,127.0,21
Chrome,110.0,20
vivo Browser,27.6,20
Chrome,125.0,18
Chrome,130.0,18
Microsoft Edge,133.0,18
Microsoft Edge,131.0,17
Microsoft Edge,137.0,17
Chrome,119.0,16
Safari,26.0,16
Microsoft Edge,134.0,15
Chrome,145.0,15
Mobile App,97.0,15
Chrome,105.0,14
Microsoft Edge,127.0,14
Chrome,129.0,14
Microsoft Edge,132.0,14
Microsoft Edge,136.0,14
Firefox,140.0,14
Chrome,102.0,13
Chrome,144.0,13
Chrome,101.0,12
Microsoft Edge,129.0,12
Microsoft Edge,130.0,12
QQ Browser,19.7,12
Mobile App,114.0,11
Chrome,136.0,11
Safari,16.6,11
Safari,18.7,11
Microsoft Edge,114.0,10
Microsoft Edge,118.0,10
Safari,18.5,10
Microsoft Edge,109.0,9
Huawei Browser,12.1,9
Safari,17.5,9
Microsoft Edge,113.0,8
Chrome,123.0,8
Opera,125.0,8
QQ Browser,13.5,8
Safari,15.6,8
QQ Browser,19.9,8
Chrome,99.0,8
Microsoft Edge,106.0,7
Firefox,115.0,7
Mobile App,116.0,7
Microsoft Edge,120.0,7
Microsoft Edge,124.0,7
Microsoft Edge,126.0,7
Safari,18.3,7
MIUI Browser,20.10,7
vivo Browser,27.4,7
(not set),(not set),6
Microsoft Edge,100.0,6
Microsoft Edge,115.0,6
Firefox,136.0,6
vivo Browser,27.5,6
Chrome,87.0,6
Chrome,93.0,6
Microsoft Edge,104.0,5
Microsoft Edge,117.0,5
Microsoft Edge,121.0,5
Microsoft Edge,123.0,5
Firefox,128.0,5
MIUI Browser,14.10,5
Firefox,145.0,5
Safari,17.0,5
UC Browser,18.1,5
Safari,26.3,5
vivo Browser,27.3,5
Chrome,92.0,5
Chrome,94.0,5
Microsoft Edge,105.0,4
Microsoft Edge,107.0,4
Microsoft Edge,111.0,4
Microsoft Edge,116.0,4
Mobile App,131.0,4
Mobile App,134.0,4
Mobile App,137.0,4
Mobile App,142.0,4
Firefox,147.0,4
Safari,17.6,4
Safari,18.1,4
UC Browser,18.2,4
QQ Browser,21.0,4
Samsung Browser,29.1,4
Chrome,79.0,4
Chrome,89.0,4
Android Browser,(not set),3
Mobile App,100.0,3
Microsoft Edge,108.0,3
Microsoft Edge,110.0,3
Microsoft Edge,112.0,3
Chrome,115.0,3
Chrome,118.0,3
Microsoft Edge,119.0,3
QQ Browser,13.0,3
Safari,13.1,3
Firefox,139.0,3
Huawei Browser Mobile,14.0,3
MIUI Browser,14.1,3
MIUI Browser,14.2,3
Firefox,144.0,3
Safari,15.5,3
Safari,16.2,3
Safari,17.3,3
Microsoft Edge,18.17763,3
Microsoft Edge,18.19041,3
QQ Browser,19.6,3
MIUI Browser,20.0,3
MIUI Browser,20.8,3
Samsung Browser,29.0,3
QQ Browser,3.6,3
Quark,7.15,3
Chrome,78.0,3
Chrome,85.0,3
Chrome,90.0,3
Chrome,95.0,3
Chrome,96.0,3
Chrome,97.0,3
Safari,10.0,2
Quark,10.1,2
Chrome,100.0,2
Opera,101.0,2
Microsoft Edge,103.0,2
Mobile App,103.0,2
Chrome,113.0,2
Opera,114.0,2
Firefox,116.0,2
Firefox,117.0,2
Huawei Browser,12.0,2
Safari,12.1,2
Opera,124.0,2
Mobile App,126.0,2
Firefox,127.0,2
Firefox,129.0,2
QQ Browser,13.2,2
QQ Browser,13.3,2
QQ Browser,13.4,2
QQ Browser,13.6,2
Firefox,133.0,2
Mobile App,138.0,2
QQ Browser,14.6,2
Mobile App,143.0,2
Safari,16.1,2
Safari,16.4,2
Safari,16.5,2
UC Browser,17.5,2
vivo Browser,18.7,2
MIUI Browser,19.7,2
Lenovo Browser,2.2,2
MIUI Browser,20.2,2
MIUI Browser,20.5,2
Safari,26.4,2
vivo Browser,26.5,2
115 Browser,35.27,2
Safari,5.1,2
vivo Browser,5.2,2
Quark,6.10,2
UBrowser,6.2,2
QtWebEngine,6.5,2
Chrome,73.0,2
Chrome,75.0,2
Chrome,80.0,2
Mobile App,83.0,2
Mobile App,92.0,2
Chrome,98.0,2
Quark,10.0,1
Microsoft Edge,101.0,1
Mobile App,101.0,1
Microsoft Edge,102.0,1
Chrome,103.1,1
Mobile App,109.0,1
Firefox,109.0,1
Huawei Browser Mobile,11.0,1
Safari,11.0,1
Huawei Browser Mobile,11.1,1
QQ Browser,11.3,1
Opera,110.0,1
Mobile App,111.0,1
Firefox,114.0,1
Opera,115.0,1
Firefox,118.0,1
Opera,12.140,1
QQ Browser,12.5,1
Meizu Browser,12.8,1
Meizu Browser,12.9,1
Mobile App,121.0,1
Chrome,121.15,1
Chrome,124.61,1
Microsoft Edge,125.0,1
Mobile App,129.0,1
QQ Browser,13.1,1
Avast Secure Browser,131.0,1
Microsoft Edge,131.99,1
Firefox,134.0,1
Safari,14.1,1
Firefox,142.0,1
Firefox,143.0,1
Microsoft Edge,145.0,1
Huawei Browser Mobile,15.0,1
Safari,15.3,1
Safari,16.0,1
MIUI Browser,16.0,1
Safari,16.3,1
Chrome,17.0,1
Safari,17.4,1
UC Browser,17.8,1
Safari,18.0,1
Safari,18.2,1
Safari,18.4,1
MIUI Browser,18.6,1
QQ Browser,19.2,1
QQ Browser,19.8,1
Lenovo Browser,2.1,1
vivo Browser,23.1,1
Yandex Browser,25.12,1
Yandex Browser,25.2,1
vivo Browser,25.5,1
115 Browser,35.3,1
Quark,4.6,1
Firefox,40,1
Firefox,47.0,1
Huawei Browser Mobile,5.1,1
QtWebEngine,6.8,1
Quark,7.10,1
Quark,7.13,1
Quark,7.16,1
Quark,7.17,1
Firefox,71.0,1
Chrome,83.0,1
Chrome,84.0,1
Mobile App,84.0,1
QQ Browser,9.7,1
Opera,95.0,1
Microsoft Edge,98.0,1
