name,unique_exits,total_exits,exit_rate
/fr/3/tutorial/,135,138,
/fr/3.13/library/tkinter.html,44,46,
/fr/3.13/tutorial/index.html,33,34,
/fr/3.13/tutorial/classes.html,27,32,
/fr/3/tutorial/datastructures.html,27,28,
/fr/3/library/csv.html,24,24,
/fr/3/tutorial/inputoutput.html,24,26,
/fr/3.13/library/stdtypes.html,23,24,
/fr/3/tutorial/controlflow.html,23,25,
/fr/3.13/library/random.html,22,22,
/fr/3.13/library/turtle.html,22,25,
/fr/3.13/tutorial/datastructures.html,22,24,
/fr/3.13/library/functions.html,21,23,
/fr/dev/installing/index.html,21,21,
/fr/3/howto/regex.html,19,20,
/fr/3/tutorial/interpreter.html,19,20,
/fr/3.13/library/datetime.html,18,18,
/fr/3/library/stdtypes.html,18,23,
/fr/3.13/howto/sorting.html,17,17,
/fr/3/genindex-Symboles.html,17,16,
/3/,16,16,
/fr/3.13/tutorial/introduction.html,16,16,
/fr/3/tutorial/venv.html,16,16,
/fr/3/,15,16,
/fr/3/library/string.html,14,14,
/fr/3/library/turtle.html,14,15,
/fr/3/tutorial/appetite.html,14,15,
/fr/3.13/tutorial/controlflow.html,13,13,
/fr/3.13/tutorial/errors.html,13,13,
/fr/3/library/__main__.html,13,12,
/fr/3/library/json.html,13,13,
/fr/3/tutorial/introduction.html,13,13,
/fr/3.13/library/math.html,12,12,
/fr/3/library/random.html,12,12,
/fr/3/library/statistics.html,12,12,
/fr/3.13/howto/sockets.html,11,11,
/fr/3.13/library/base64.html,11,11,
/fr/3.13/library/collections.html,10,10,
/fr/3.13/library/os.html,10,10,
/fr/3/library/functions.html,10,10,
/fr/3.13/library/operator.html,9,9,
/fr/3.13/reference/import.html,9,9,
/fr/3.13/search.html,9,9,
/fr/3/library/sys.html,9,9,
/fr/3/tutorial/classes.html,9,9,
/fr/3/using/cmdline.html,9,9,
/fr/3.13/,8,10,
/fr/3.13/library/idle.html,8,8,
/fr/3.13/tutorial/appetite.html,8,8,
/fr/3.13/tutorial/interpreter.html,8,9,
/fr/3/glossary.html,8,8,
/fr/3/library/enum.html,8,8,
/fr/3.13/library/time.html,7,7,
/fr/3.13/library/tkinter.ttk.html,7,7,
/fr/3.13/tutorial/modules.html,7,7,
/fr/3.13/using/editors.html,7,7,
/fr/3.13/using/windows.html,7,7,
/fr/3/library/math.html,7,7,
/fr/3/library/multiprocessing.html,7,9,
/fr/3/library/tk.html,7,7,
/fr/3/tutorial/index.html,7,7,
/fr/3/using/windows.html,7,7,
/3/library/tkinter.html,6,6,
/fr/3/library/glob.html,6,6,
/fr/3/library/threading.html,6,6,
/fr/dev/library/xml.etree.elementtree.html,6,6,
/3/library/tkinter.ttk.html,5,5,
/3/library/typing.html,5,4,
/fr/3.13/faq/windows.html,5,4,
/fr/3.13/howto/unicode.html,5,5,
/fr/3.13/library/tk.html,5,4,
/fr/3.13/reference/compound_stmts.html,5,5,
/fr/3/extending/extending.html,5,5,
/fr/3/library/datetime.html,5,5,
/fr/3/library/exceptions.html,5,5,
/fr/3/library/re.html,5,6,
/fr/3/library/time.html,5,5,
/fr/3/tutorial/errors.html,5,5,
/fr/3/tutorial/floatingpoint.html,5,5,
/fr/3/tutorial/modules.html,5,4,
/fr/dev/library/functions.html,5,5,
/fr/dev/reference/compound_stmts.html,5,5,
/3/library/idle.html,4,4,
/3/library/math.html,4,4,
/3/tutorial/controlflow.html,4,4,
/3/tutorial/index.html,4,3,
/fr/3.12/library/stdtypes.html,4,4,
/fr/3.13/c-api/index.html,4,4,
/fr/3.13/download.html,4,4,
/fr/3.13/installing/index.html,4,4,
/fr/3.13/library/asyncio.html,4,4,
/fr/3.13/library/tkinter.font.html,4,4,
/fr/3.13/using/unix.html,4,4,
/fr/3.13/whatsnew/3.13.html,4,4,
/fr/3/howto/logging.html,4,4,
/fr/3/howto/sorting.html,4,4,
/fr/3/library/idle.html,4,4,
/fr/3/library/index.html,4,6,
/fr/3/library/queue.html,4,4,
/fr/3/library/zipfile.html,4,4,
