name,visitors
Chrome,5876
Microsoft Edge,2408
Opera,762
Firefox,737
Safari,518
Mobile App,371
Yandex Browser,147
Smart Lenovo Browser,124
Quark,71
vivo Browser,53
MIUI Browser,39
Huawei Browser Mobile,29
QQ Browser,29
Samsung Browser,22
Whale Browser,17
Avast Secure Browser,16
UC Browser,12
Huawei Browser,9
Norton Private Browser,7
Sogou Explorer,7
(not set),3
AVG Secure Browser,3
Android Browser,2
Brave,2
CCleaner,2
Pale Moon,2
Avira Secure Browser,1
Chromium,1
DuckDuckGo Privacy Browser,1
Falkon,1
Iron,1
Mobile Silk,1
Oppo Browser,1
Yahoo! Japan Browser,1
