name,unique_exits,total_exits,exit_rate
/ja/3.13/c-api/capsule.html,894,900,
/ja/3/library/codecs.html,360,368,
/ja/3/bugs.html,231,232,
/ja/3/,147,150,
/ja/3.13/tutorial/,137,145,
/ko/dev/c-api/marshal.html,127,127,
/ja/3.13/library/re.html,125,130,
/ja/3.13/library/functions.html,123,127,
/ja/3/library/stdtypes.html,101,103,
/ja/3.13/library/datetime.html,94,96,
/ja/3/library/functions.html,90,97,
/ja/3.13/library/index.html,84,86,
/ja/3/tutorial/,83,88,
/ja/3.13/library/subprocess.html,71,71,
/ja/3.13/library/stdtypes.html,69,74,
/ja/3/library/index.html,68,69,
/ja/3/c-api/import.html,67,67,
/ja/3/tutorial/index.html,67,76,
/ja/3.13/library/random.html,65,67,
/ja/3.13/library/logging.html,61,64,
/ja/3.13/library/csv.html,59,60,
/ja/3.13/library/typing.html,58,60,
/ja/3.13/library/os.html,53,54,
/ja/3.13/library/pathlib.html,53,54,
/ja/3.13/library/argparse.html,52,59,
/ja/3/tutorial/datastructures.html,52,54,
/ja/3.13/tutorial/inputoutput.html,47,48,
/ja/3.13/library/enum.html,43,45,
/ja/3.13/library/exceptions.html,43,43,
/ja/3.13/tutorial/controlflow.html,43,45,
/ja/3/tutorial/controlflow.html,43,51,
/ja/3.13/library/multiprocessing.html,42,45,
/ja/3.13/tutorial/interpreter.html,42,44,
/ja/3/library/venv.html,42,42,
/ja/3/tutorial/introduction.html,41,45,
/ja/3.13/library/json.html,39,41,
/ja/3/library/xml.etree.elementtree.html,39,46,
/ja/3/library/datetime.html,38,39,
/ja/3.13/library/os.path.html,36,36,
/ja/3.13/library/struct.html,35,35,
/ja/3/search.html,35,39,
/ja/3.13/howto/sorting.html,34,34,
/ja/3.13/tutorial/introduction.html,34,34,
/ja/3.13/library/time.html,33,33,
/ja/3.13/library/venv.html,33,33,
/ja/3/tutorial/interpreter.html,33,33,
/ja/3.13/library/threading.html,31,32,
/ja/3.13/tutorial/errors.html,31,31,
/ko/3.13/library/intro.html,31,31,
/ja/3.13/library/itertools.html,30,32,
/ja/3.13/library/sqlite3.html,29,30,
/ja/3.13/tutorial/index.html,29,29,
/ja/3.13/library/dataclasses.html,28,30,
/ja/3.13/library/tkinter.html,28,28,
/ja/3.13/tutorial/classes.html,28,29,
/ja/3.13/library/tempfile.html,27,30,
/ja/3.13/reference/index.html,27,27,
/ja/3/tutorial/appetite.html,27,29,
/ja/3.13/library/concurrent.futures.html,26,28,
/ja/3.13/library/socket.html,26,26,
/ja/3.13/library/urllib.parse.html,25,26,
/ja/3.13/search.html,25,24,
/ja/3.13/glossary.html,23,26,
/ja/3.13/library/urllib.request.html,23,23,
/ja/3/library/re.html,23,24,
/ja/3.13/library/pickle.html,22,23,
/ja/3.13/library/string.html,22,22,
/ja/3.13/library/math.html,21,21,
/ja/3.13/tutorial/modules.html,21,21,
/ja/3/library/os.html,21,22,
/ja/3/reference/index.html,21,22,
/ja/3/using/windows.html,21,21,
/ja/3.13/library/shutil.html,20,20,
/ja/3/library/exceptions.html,20,20,
/ja/3/library/math.html,20,21,
/ja/3.13/using/windows.html,19,19,
/ja/3/library/random.html,19,21,
/ja/3/reference/datamodel.html,19,21,
/ja/3/using/cmdline.html,19,19,
/ja/3.13/library/asyncio-task.html,18,19,
/ja/3.13/library/configparser.html,18,18,
/ja/3.13/library/ctypes.html,18,18,
/ja/3.13/library/http.server.html,18,19,
/ja/3.13/library/io.html,18,19,
/ja/3.13/library/ssl.html,18,19,
/ja/3/tutorial/classes.html,18,19,
/ja/3/tutorial/modules.html,18,19,
/ja/3.13/,17,17,
/ja/3.13/library/decimal.html,17,17,
/ja/3.13/library/functools.html,17,17,
/ja/3.13/reference/expressions.html,17,17,
/3/,16,16,
/ja/3.13/library/collections.html,16,17,
/ja/3.13/library/logging.handlers.html,16,17,
/ja/3/license.html,16,17,
/ja/3.13/library/difflib.html,15,15,
/ja/3.13/reference/datamodel.html,15,17,
/ja/3/library/logging.html,15,15,
/ja/3/reference/lexical_analysis.html,15,15,
/ja/3.13/whatsnew/index.html,14,14,
