name,visitors
Tokyo,1629
Kanagawa,366
Osaka,310
Aichi,179
Chiba,159
Saitama,158
Hyogo,88
Tochigi,67
Kyoto,63
Fukuoka,63
Hokkaido,62
Guangdong,56
Shandong,52
Sichuan,50
Ibaraki,48
Shizuoka,47
Hebei,41
Miyagi,38
Okinawa,38
Henan,36
Jiangsu,36
Gunma,34
Hiroshima,34
Shanghai,32
Zhejiang,30
Fujian,26
Nagano,25
Shiga,24
Niigata,20
Ishikawa,19
Mie,19
Anhui,17
Liaoning,16
Yunnan,16
Kochi,16
Okayama,15
Gifu,14
Shaanxi,13
Nara,13
Jiangxi,12
Tianjin,12
Kumamoto,12
Kagoshima,12
Guangxi,11
Fukushima,11
Shimane,11
Beijing,10
Chongqing,10
Tokushima,10
Guizhou,9
Yamanashi,9
Wakayama,9
Ehime,9
Gansu,8
Hunan,8
Xinjiang,8
Yamaguchi,8
Miyazaki,7
Shanxi,6
Fukui,6
Nagasaki,6
Jilin,5
Inner Mongolia,5
Iwate,5
Yamagata,5
Saga,5
Hubei,4
Heilongjiang,4
Toyama,4
Tottori,4
Kagawa,4
Oita,4
Dubai,3
Aomori,3
Akita,3
California,3
Washington,3
Da Nang,3
Ningxia,2
Rajasthan,2
Taichung,2
Maryland,2
New South Wales,1
Queensland,1
Catalonia,1
Addis Ababa,1
Île-de-France,1
England,1
Tbilisi,1
Bihar,1
Kerala,1
West Bengal,1
Emilia-Romagna,1
Lazio,1
Seoul,1
Incheon,1
Selangor,1
Canterbury,1
Central Luzon,1
Beograd,1
Moscow,1
Novosibirsk,1
Västra Götaland,1
Kaohsiung,1
Taipei,1
Kyiv,1
Alabama,1
Florida,1
Massachusetts,1
Michigan,1
Pennsylvania,1
Tennessee,1
Hanoi,1
Ho Chi Minh City,1
