name,unique_exits,total_exits,exit_rate
/ko/dev/c-api/marshal.html,88,88,
/ko/3.13/c-api/memory.html,32,32,
/ko/3.13/tutorial/index.html,21,21,
/ko/dev/using/index.html,19,19,
/ko/3/tutorial/index.html,13,13,
/ko/3.13/library/idle.html,10,10,
/ko/3/library/heapq.html,9,13,
/ko/3.13/howto/sorting.html,8,8,
/ko/3/,8,9,
/ko/3/library/index.html,8,8,
/ko/3.13/library/stdtypes.html,7,8,
/ko/3.13/installing/index.html,6,6,
/ko/3.13/library/functions.html,6,6,
/ko/3/tutorial/,6,8,
/ko/3/tutorial/interpreter.html,6,6,
/ko/3.13/,5,5,
/ko/3.13/tutorial/controlflow.html,5,6,
/ko/3.13/tutorial/datastructures.html,5,5,
/ko/3.13/tutorial/interpreter.html,5,5,
/3.13/tutorial/index.html,4,3,
/ko/3.13/library/collections.html,4,4,
/ko/3.13/library/struct.html,4,4,
/ko/3.13/tutorial/appetite.html,4,4,
/ko/3.13/tutorial/introduction.html,4,4,
/ko/3/reference/index.html,4,4,
/ko/3/search.html,4,4,
/ko/3/tutorial/appetite.html,4,4,
/ko/3/tutorial/introduction.html,4,4,
/ko/3/using/windows.html,4,4,
/3.13/,3,3,
/3/,3,3,
/ko/3.12/tutorial/introduction.html,3,4,
/ko/3.12/whatsnew/3.12.html,3,3,
/ko/3.13/library/index.html,3,3,
/ko/3.13/library/random.html,3,3,
/ko/3.13/library/re.html,3,3,
/ko/3.13/py-modindex.html,3,3,
/ko/3.13/search.html,3,4,
/ko/3/c-api/intro.html,3,3,
/ko/3/extending/extending.html,3,3,
/ko/3/library/datetime.html,3,3,
/ko/3/library/math.html,3,3,
/ko/3/library/re.html,3,3,
/ko/3/library/stdtypes.html,3,3,
/ko/3/tutorial/classes.html,3,3,
/ko/3/tutorial/controlflow.html,3,3,
/ko/3/whatsnew/index.html,3,3,
/3.13/library/heapq.html,2,2,
/3.13/library/stdtypes.html,2,2,
/3.13/search.html,2,2,
/3/library/random.html,2,2,
/3/library/typing.html,2,2,
/ja/3.13/tutorial/index.html,2,2,
/ko/3.12/library/typing.html,2,2,
/ko/3.13/glossary.html,2,2,
/ko/3.13/library/array.html,2,2,
/ko/3.13/library/asyncio-task.html,2,2,
/ko/3.13/library/asyncio.html,2,3,
/ko/3.13/library/http.server.html,2,2,
/ko/3.13/library/itertools.html,2,2,
/ko/3.13/library/logging.config.html,2,2,
/ko/3.13/library/math.html,2,2,
/ko/3.13/library/multiprocessing.html,2,2,
/ko/3.13/library/pathlib.html,2,2,
/ko/3.13/library/pprint.html,2,2,
/ko/3.13/library/subprocess.html,2,2,
/ko/3.13/library/time.html,2,2,
/ko/3.13/library/venv.html,2,2,
/ko/3.13/library/zlib.html,2,2,
/ko/3.13/tutorial/errors.html,2,2,
/ko/3.13/using/cmdline.html,2,2,
/ko/3.14/search.html,2,2,
/ko/3.15/library/idle.html,2,2,
/ko/3/library/functions.html,2,2,
/ko/3/library/json.html,2,2,
/ko/3/library/mmap.html,2,2,
/ko/3/reference/,2,2,
/ko/dev/bugs.html,2,2,
/ko/dev/library/idle.html,2,2,
/3.12/library/functions.html,1,1,
/3.12/search.html,1,1,
/3.13/faq/design.html,1,1,
/3.13/faq/index.html,1,1,
/3.13/index.html,1,1,
/3.13/installing/index.html,1,1,
/3.13/library/idle.html,1,1,
/3.13/library/json.html,1,1,
/3.13/library/os.html,1,1,
/3.13/library/tkinter.html,1,1,
/3.13/library/turtle.html,1,1,
/3.13/tutorial/appetite.html,1,1,
/3.13/tutorial/classes.html,1,1,
/3.13/tutorial/datastructures.html,1,1,
/3.14/whatsnew/3.14.html,1,1,
/3/library/datetime.html,1,1,
/3/library/functions.html,1,1,
/3/library/heapq.html,1,1,
/3/library/intro.html,1,1,
/3/library/profile.html,1,0,
/3/library/re.html,1,1,
