name,unique_exits,total_exits,exit_rate
/3.12/,346,358,
/3.12/tutorial/index.html,173,182,
/3.12/using/windows.html,166,171,
/3.12/whatsnew/3.12.html,127,132,
/3.12/library/stdtypes.html,100,102,
/3.12/library/functions.html,79,85,
/3.12/search.html,56,62,
/3.12/library/index.html,55,56,
/3.12/tutorial/,53,54,
/3.12/library/,46,46,
/3.12/library/typing.html,45,45,
/3/,43,42,
/3.12/index.html,40,39,
/3.12/library/datetime.html,39,40,
/3.12/library/os.html,36,38,
/3.12/tutorial/interpreter.html,33,34,
/es/3.12/tutorial/index.html,32,32,
/3.12/library/logging.html,30,31,
/3.12/tutorial/introduction.html,29,28,
/es/3.12/tutorial/classes.html,29,30,
/3.12/library/exceptions.html,24,24,
/3.12/library/pathlib.html,24,24,
/3.12/library/enum.html,23,24,
/3.12/library/subprocess.html,23,23,
/3.12/tutorial/controlflow.html,23,25,
/3.12/tutorial/datastructures.html,20,21,
/3.12/tutorial/appetite.html,19,18,
/3.12/library/tkinter.html,18,18,
/zh-cn/3.12/tutorial/index.html,18,19,
/zh-cn/3.12/tutorial/inputoutput.html,18,19,
/3.12/library/argparse.html,17,18,
/3.12/library/os.path.html,17,17,
/3.12/reference/datamodel.html,17,19,
/3.12/library/re.html,16,16,
/3.12/reference/index.html,16,17,
/3.14/,16,17,
/3.12/library/itertools.html,15,15,
/3.12/library/threading.html,15,15,
/3.12/library/time.html,15,15,
/dev/using/windows.html,15,15,
/ko/3.12/library/stdtypes.html,15,19,
/zh-cn/3.12/,14,15,
/3.12/library/configparser.html,13,13,
/3.12/library/random.html,13,13,
/3.12/library/shutil.html,13,13,
/3/search.html,13,13,
/zh-cn/3.12/library/index.html,13,13,
/3.12/download.html,12,12,
/3.12/reference/compound_stmts.html,12,12,
/zh-cn/3.12/tutorial/controlflow.html,12,12,
/3.12/howto/logging-cookbook.html,11,11,
/3.12/library/csv.html,11,11,
/3.12/library/io.html,11,12,
/3.12/library/math.html,11,11,
/3.12/library/string.html,11,12,
/3.12/tutorial/venv.html,11,11,
/3.12/library/asyncio-task.html,10,10,
/3.12/library/asyncio.html,10,10,
/3.12/library/collections.html,10,10,
/3.12/library/dataclasses.html,10,10,
/3/library/stdtypes.html,10,10,
/ja/3.12/search.html,10,12,
/ja/3.12/whatsnew/3.12.html,10,10,
/3.12/library/asyncio-eventloop.html,9,9,
/3.12/library/unittest.mock.html,9,9,
/3.12/library/venv.html,9,11,
/3.12/license.html,9,9,
/3.12/tutorial/classes.html,9,11,
/3.12/tutorial/inputoutput.html,9,9,
/3.13/,9,9,
/3/library/index.html,9,9,
/zh-cn/3.12/download.html,9,9,
/zh-cn/3.12/search.html,9,9,
/zh-cn/3.12/using/windows.html,9,10,
/3.12/glossary.html,8,8,
/3.12/installing/index.html,8,10,
/3.12/library/array.html,8,8,
/3.12/library/cgi.html,8,12,
/3.12/library/collections.abc.html,8,8,
/3.12/library/inspect.html,8,8,
/3.12/library/json.html,8,8,
/3.12/library/multiprocessing.html,8,8,
/3.12/library/sqlite3.html,8,8,
/3.12/library/sys.html,8,8,
/3.12/library/textwrap.html,8,8,
/3.12/py-modindex.html,8,8,
/3.12/using/cmdline.html,8,8,
/3.12/whatsnew/changelog.html,8,11,
/fr/3.12/library/stdtypes.html,8,8,
/ja/3.12/library/index.html,8,9,
/ko/3.12/library/index.html,8,8,
/zh-cn/3.12/library/idle.html,8,8,
/3.12/library/base64.html,7,7,
/3.12/library/decimal.html,7,7,
/3.12/library/unittest.html,7,8,
/3.12/tutorial/errors.html,7,7,
/3.12/tutorial/modules.html,7,6,
/3/library/typing.html,7,7,
/zh-cn/3.12/library/functions.html,7,7,
/3.12/contents.html,6,8,
