name,unique_entrances,total_entrances,visit_duration
/ja/3/library/codecs.html,417,426,29
/ja/3/tutorial/,162,168,225
/ja/3/,115,121,160
/ja/3/c-api/import.html,85,86,4
/ja/3.13/library/functions.html,64,68,138
/ja/3.13/library/datetime.html,61,64,125
/ja/3.13/using/windows.html,56,57,26
/ja/3.13/library/re.html,54,56,92
/ja/3/library/functions.html,53,58,158
/ja/3/tutorial/index.html,45,49,109
/ja/3/library/stdtypes.html,44,47,146
/ja/3.13/library/index.html,43,47,126
/ja/3/tutorial/datastructures.html,43,45,123
/ja/3.13/library/typing.html,41,42,148
/ja/3.13/library/venv.html,40,42,91
/ja/3.13/library/subprocess.html,36,37,385
/3/,34,34,405
/ja/3.13/library/stdtypes.html,33,34,215
/ja/3.13/library/tkinter.html,33,33,203
/ja/3/library/index.html,33,41,136
/ja/3/library/tkinter.html,33,34,69
/ja/3.13/library/multiprocessing.html,27,28,153
/ja/3.13/library/random.html,27,28,5
/ja/3/library/venv.html,26,27,4
/ja/3.13/library/sqlite3.html,25,28,147
/ja/3.13/library/itertools.html,24,24,150
/ja/3/library/datetime.html,24,25,76
/ja/3.13/tutorial/classes.html,23,23,138
/ja/3.13/library/json.html,22,22,38
/ja/3/tutorial/introduction.html,22,22,154
/ja/3.13/library/time.html,21,21,115
/ja/3.13/library/csv.html,20,21,21
/ja/3.13/library/logging.html,20,20,198
/ja/3.13/library/os.html,20,20,57
/ja/3.13/tutorial/errors.html,20,24,102
/ja/3/tutorial/controlflow.html,20,21,162
/ja/3.13/library/math.html,19,20,3
/ja/3.13/library/pathlib.html,19,19,150
/ja/3.13/tutorial/interpreter.html,19,19,161
/ja/3/using/windows.html,19,20,54
/ja/3.13/tutorial/index.html,18,21,551
/ja/3.13/library/os.path.html,17,17,71
/ja/3.13/tutorial/floatingpoint.html,16,17,33
/ja/3.13/installing/index.html,15,16,43
/ja/3.13/library/exceptions.html,15,15,197
/ja/3.13/library/shutil.html,15,15,220
/ja/3.13/library/socket.html,15,17,368
/ja/3.13/whatsnew/index.html,15,15,85
/ja/3/library/re.html,15,17,139
/ja/3/tutorial/modules.html,15,16,186
/ja/3.13/howto/logging.html,14,14,146
/ja/3.13/library/enum.html,14,14,191
/ja/3.13/library/threading.html,14,14,334
/ja/3.13/reference/index.html,14,16,162
/ja/3.13/library/argparse.html,13,13,97
/ja/3.13/library/concurrent.futures.html,13,14,63
/ja/3.13/tutorial/inputoutput.html,13,13,85
/ja/3.13/tutorial/modules.html,13,14,401
/ja/3/library/string.html,13,13,14
/ja/3.13/library/abc.html,12,12,189
/ja/3.13/library/asyncio.html,12,12,58
/ja/3.13/library/decimal.html,12,13,0
/ja/3.13/library/string.html,12,12,312
/ja/3/index.html,12,12,279
/ja/3/reference/compound_stmts.html,12,12,162
/ja/3/tutorial/interpreter.html,12,12,182
/ja/3/using/cmdline.html,12,12,323
/ja/3.13/library/asyncio-task.html,11,12,178
/ja/3.13/library/heapq.html,11,14,316
/ja/3.13/library/operator.html,11,11,96
/ja/3.13/library/pprint.html,11,11,0
/ja/3.13/library/queue.html,11,12,514
/ja/3.13/library/struct.html,11,12,462
/ja/3.13/library/urllib.request.html,11,13,39
/ja/3.13/library/warnings.html,11,11,31
/ja/3/reference/index.html,11,12,229
/ja/dev/tutorial/errors.html,11,12,16
/ja/3.13/howto/sorting.html,10,10,147
/ja/3.13/library/collections.html,10,10,1
/ja/3.13/library/unittest.html,10,10,84
/ja/3.13/tutorial/controlflow.html,10,11,63
/ja/3/library/,10,11,147
/ja/3/library/math.html,10,10,179
/ja/3/search.html,10,11,179
/ja/3.13/c-api/set.html,9,9,163
/ja/3.13/library/ctypes.html,9,9,86
/ja/3.13/library/glob.html,9,9,0
/ja/3.13/library/idle.html,9,9,161
/ja/3.13/library/io.html,9,9,45
/ja/3.13/library/pickle.html,9,11,113
/ja/3.13/library/tkinter.ttk.html,9,10,176
/ja/3/glossary.html,9,16,448
/ja/3/library/itertools.html,9,9,0
/ja/3/library/sys.html,9,9,11
/ja/3/library/xml.etree.elementtree.html,9,11,198
/ja/3/tutorial/appetite.html,9,10,20
/ja/3/tutorial/errors.html,9,10,105
/ja/3/tutorial/inputoutput.html,9,9,532
/ja/3.13/library/asyncio-eventloop.html,8,9,111
/ja/3.13/library/pdb.html,8,8,214
/ja/3.13/library/signal.html,8,8,358
/ja/3.13/library/sys.html,8,8,85
/ja/3.13/library/tempfile.html,8,8,126
/ja/3.13/library/turtle.html,8,8,19
/ja/3.13/reference/datamodel.html,8,8,299
/ja/3/library/json.html,8,8,210
/ja/3/reference/introduction.html,8,8,18
/ja/3.12/library/codecs.html,7,7,315
/ja/3.13/,7,7,140
/ja/3.13/library/configparser.html,7,7,0
/ja/3.13/library/logging.handlers.html,7,8,80
/ja/3.13/reference/expressions.html,7,7,410
/ja/3.13/tutorial/introduction.html,7,9,164
/ja/3/library/os.html,7,7,0
/ja/3/library/typing.html,7,7,405
/ja/3/reference/datamodel.html,7,7,41
/ja/3/reference/lexical_analysis.html,7,7,0
/3.13/tutorial/index.html,6,6,493
/3/tutorial/index.html,6,6,1164
/ja/3.13/howto/unicode.html,6,7,242
/ja/3.13/library/__main__.html,6,6,46
/ja/3.13/library/base64.html,6,7,104
/ja/3.13/library/dataclasses.html,6,6,5
/ja/3/extending/embedding.html,6,6,0
/ja/3/library/http.client.html,6,6,65
/3/library/re.html,5,5,464
/ja/3.13/howto/argparse.html,5,5,409
/ja/3.13/howto/curses.html,5,5,238
/ja/3.13/library/ast.html,5,5,596
/ja/3.13/library/curses.html,5,5,10
/ja/3.13/library/functools.html,5,5,111
/ja/3.13/library/http.cookiejar.html,5,5,138
/ja/3.13/library/http.server.html,5,5,482
/ja/3.13/library/importlib.html,5,6,5
/ja/3.13/library/traceback.html,5,5,0
/ja/3.13/library/urllib.parse.html,5,5,47
/ja/3.13/library/zipfile.html,5,5,136
/ja/3.13/search.html,5,6,195
/ja/3/contents.html,5,5,183
/ja/3/howto/logging.html,5,7,13
/ja/3/library/csv.html,5,5,146
/ja/3/library/html.parser.html,5,5,0
/ja/3/library/pathlib.html,5,5,248
/ja/3/library/pdb.html,5,5,0
/ja/3/library/random.html,5,5,0
/ja/3/reference/expressions.html,5,5,76
/ja/3/tutorial/classes.html,5,5,59
/ja/3/tutorial/floatingpoint.html,5,7,5
/ja/3.12/library/venv.html,4,4,37
/ja/3.13/glossary.html,4,4,17
/ja/3.13/library/asyncio-queue.html,4,5,203
/ja/3.13/library/binascii.html,4,4,0
/ja/3.13/library/bisect.html,4,4,26
/ja/3.13/library/inspect.html,4,4,908
/ja/3.13/library/ipaddress.html,4,6,33
/ja/3.13/library/logging.config.html,4,4,40
/ja/3.13/library/sched.html,4,4,4
/ja/3.13/library/stat.html,4,4,6
/ja/3.13/library/statistics.html,4,4,0
/ja/3.13/library/textwrap.html,4,4,0
/ja/3.13/library/uuid.html,4,4,98
/ja/3.13/library/winsound.html,4,5,58
/ja/3/howto/regex.html,4,4,753
/ja/3/library/asyncio-eventloop.html,4,4,109
/ja/3/library/asyncio.html,4,4,254
/ja/3/library/exceptions.html,4,4,8
/ja/3/library/multiprocessing.html,4,5,0
/ja/3/library/os.path.html,4,4,1
/ja/3/library/sqlite3.html,4,4,370
/ja/3/library/subprocess.html,4,4,49
/ja/3/library/tkinter.ttk.html,4,4,0
/ja/3/library/turtle.html,4,4,0
/ja/3/library/unittest.html,4,5,66
/ja/3/library/zoneinfo.html,4,4,36
/ja/3/py-modindex.html,4,4,67
/ja/3/tutorial/stdlib.html,4,5,590
/3/library/functions.html,3,3,415
/3/library/tempfile.html,3,3,583
/3/library/tkinter.html,3,3,31
/3/library/typing.html,3,3,719
/ja/3.12/library/index.html,3,3,9
/ja/3.12/library/typing.html,3,3,513
/ja/3.12/tutorial/datastructures.html,3,3,207
/ja/3.13/library/array.html,3,3,234
/ja/3.13/library/asyncio-protocol.html,3,3,0
/ja/3.13/library/asyncio-sync.html,3,4,0
/ja/3.13/library/contextlib.html,3,3,58
/ja/3.13/library/copy.html,3,3,0
/ja/3.13/library/datatypes.html,3,3,1
/ja/3.13/library/difflib.html,3,3,55
/ja/3.13/library/ensurepip.html,3,3,8
/ja/3.13/library/ftplib.html,3,3,616
/ja/3.13/library/hashlib.html,3,3,438
/ja/3.13/library/locale.html,3,4,0
/ja/3.13/library/profile.html,3,4,0
/ja/3.13/library/smtplib.html,3,3,0
/ja/3.13/library/tarfile.html,3,3,0
/ja/3.13/library/unittest.mock.html,3,3,0
/ja/3.13/library/urllib.error.html,3,3,68
/ja/3.13/library/urllib.html,3,4,106
/ja/3.13/library/wsgiref.html,3,3,395
/ja/3.14/index.html,3,3,68
/ja/3/howto/argparse.html,3,5,56
/ja/3/library/decimal.html,3,3,54
/ja/3/library/functools.html,3,3,0
/ja/3/library/idle.html,3,3,170
/ja/3/reference/simple_stmts.html,3,3,87
/ja/dev/library/pwd.html,3,3,0
/3.13/whatsnew/3.13.html,2,2,12
/3/library/,2,2,844
/3/library/csv.html,2,2,1230
/3/library/datetime.html,2,2,1214
/3/library/stdtypes.html,2,2,524
/3/library/sys.html,2,2,28
/3/library/unittest.html,2,2,8
/3/library/venv.html,2,2,142
/3/search.html,2,2,1554
/3/tutorial/errors.html,2,2,819
/ja/3.12/,2,2,155
/ja/3.12/library/asyncio-task.html,2,2,1843
/ja/3.12/library/datetime.html,2,2,0
/ja/3.12/library/os.html,2,2,102
/ja/3.12/library/sys_path_init.html,2,2,0
/ja/3.12/library/textwrap.html,2,2,243
/ja/3.13/c-api/memory.html,2,2,0
/ja/3.13/c-api/module.html,2,2,0
/ja/3.13/contents.html,2,2,29
/ja/3.13/faq/installed.html,2,2,0
/ja/3.13/faq/programming.html,2,2,0
/ja/3.13/howto/enum.html,2,2,496
/ja/3.13/howto/regex.html,2,2,0
/ja/3.13/howto/sockets.html,2,2,276
/ja/3.13/index.html,2,2,1360
/ja/3.13/library/__future__.html,2,2,0
/ja/3.13/library/asyncio-subprocess.html,2,2,1386
/ja/3.13/library/bz2.html,2,2,0
/ja/3.13/library/calendar.html,2,2,2
/ja/3.13/library/cmd.html,2,2,0
/ja/3.13/library/codecs.html,2,2,157
/ja/3.13/library/collections.abc.html,2,3,752
/ja/3.13/library/filecmp.html,2,2,0
/ja/3.13/library/fractions.html,2,2,88
/ja/3.13/library/getpass.html,2,2,0
/ja/3.13/library/gzip.html,2,2,499
/ja/3.13/library/html.html,2,2,0
/ja/3.13/library/http.html,2,2,0
/ja/3.13/library/modulefinder.html,2,2,192
/ja/3.13/library/socketserver.html,2,2,0
/ja/3.13/library/ssl.html,2,2,380
/ja/3.13/library/tk.html,2,4,19
/ja/3.13/library/tomllib.html,2,2,168
/ja/3.13/library/trace.html,2,2,440
/ja/3.13/library/types.html,2,2,210
/ja/3.13/library/wave.html,2,2,0
/ja/3.13/reference/import.html,2,2,0
/ja/3.13/reference/lexical_analysis.html,2,4,65
/ja/3.13/reference/simple_stmts.html,2,2,355
/ja/3.13/tutorial/,2,2,190
/ja/3.13/tutorial/interactive.html,2,2,0
/ja/3.13/tutorial/venv.html,2,2,0
/ja/3.13/using/unix.html,2,2,0
/ja/3.14/library/tkinter.ttk.html,2,2,0
/ja/3/c-api/arg.html,2,2,223
/ja/3/c-api/dict.html,2,2,297
/ja/3/c-api/memoryview.html,2,2,474
/ja/3/download.html,2,2,0
/ja/3/extending/extending.html,2,2,0
/ja/3/howto/sockets.html,2,2,0
/ja/3/library/__main__.html,2,2,28
/ja/3/library/asyncio-llapi-index.html,2,4,388
/ja/3/library/asyncio-sync.html,2,2,0
/ja/3/library/asyncio-task.html,2,2,196
/ja/3/library/collections.html,2,2,455
/ja/3/library/configparser.html,2,3,0
/ja/3/library/contextvars.html,2,2,0
/ja/3/library/doctest.html,2,2,0
/ja/3/library/profile.html,2,3,477
/ja/3/library/reprlib.html,2,2,0
/ja/3/library/shutil.html,2,2,5
/ja/3/library/site.html,2,3,67
/ja/3/library/ssl.html,2,2,0
/ja/3/library/statistics.html,2,2,0
/ja/3/library/struct.html,2,2,0
/ja/3/library/tk.html,2,2,22
/ja/3/library/urllib.request.html,2,2,16
/ja/3/library/zipfile.html,2,2,2
/ja/3/reference/import.html,2,2,44
/ja/3/tutorial/stdlib2.html,2,2,536
/ja/3/tutorial/venv.html,2,2,466
/ja/dev/library/hashlib.html,2,2,12
/ja/dev/library/multiprocessing.html,2,2,0
/ja/dev/library/pathlib.html,2,2,1172
/ja/dev/library/tomllib.html,2,2,0
/3.12/library/importlib.html,1,1,368
/3.12/reference/datamodel.html,1,1,107
/3.13/index.html,1,1,37
/3.13/library/subprocess.html,1,1,22
/3.13/tutorial/interpreter.html,1,1,1792
/3.13/using/windows.html,1,1,75
/3.14/whatsnew/3.14.html,1,1,702
