name,visitors
United States,4307
India,2330
China,1706
Germany,1188
United Kingdom,1022
Russian Federation,948
Japan,791
Brazil,780
France,607
Australia,433
South Korea,424
Canada,417
Hong Kong,397
Netherlands,386
Poland,375
Singapore,360
Mexico,331
Spain,305
Vietnam,293
Taiwan,243
Colombia,232
Italy,217
Switzerland,215
Turkey,204
Ukraine,201
Sweden,198
Israel,189
Indonesia,174
Iran,159
Argentina,152
Pakistan,149
Egypt,143
Philippines,138
Czechia,130
Austria,127
Thailand,122
Finland,120
Norway,115
Peru,113
Chile,112
Belgium,110
Ireland,95
South Africa,92
Malaysia,85
Denmark,83
Nigeria,81
Romania,81
Bangladesh,74
Kazakhstan,66
Portugal,62
United Arab Emirates,55
Bulgaria,53
Saudi Arabia,52
New Zealand,50
Belarus,49
Kenya,47
Ecuador,42
Sri Lanka,42
Ethiopia,41
Greece,40
Hungary,40
Lithuania,39
Morocco,33
Armenia,32
Algeria,30
Iraq,29
Latvia,29
Bolivia,28
Serbia,28
Slovakia,28
Georgia,27
Uzbekistan,27
Croatia,26
Ghana,25
Yemen,23
Nepal,22
Tunisia,21
Costa Rica,20
Estonia,20
Jordan,20
Slovenia,18
Uganda,15
Cyprus,14
Dominican Republic,14
Cambodia,14
Venezuela,14
Benin,13
Guatemala,11
Iceland,11
Moldova,11
Bahrain,10
Luxembourg,10
Panama,10
Uruguay,10
Côte d'Ivoire,9
Macao,9
El Salvador,9
Azerbaijan,8
"Congo, The Democratic Republic of the",8
Kuwait,8
Tanzania,8
Angola,7
Cameroon,7
Honduras,7
Myanmar,7
Mongolia,7
Paraguay,7
Rwanda,7
Kyrgyzstan,6
Lebanon,6
Malta,6
"Palestine, State of",6
Qatar,6
Senegal,6
Togo,6
Jamaica,5
Madagascar,5
Oman,5
Seychelles,5
Chad,5
Libya,4
North Macedonia,4
Mauritania,4
Mauritius,4
Mozambique,4
Syria,4
Tajikistan,4
Andorra,3
Albania,3
Bosnia and Herzegovina,3
Barbados,3
Bhutan,3
Cuba,3
Malawi,3
Trinidad and Tobago,3
Afghanistan,2
Bahamas,2
Guadeloupe,2
Haiti,2
Liberia,2
Lesotho,2
Maldives,2
Niger,2
Nicaragua,2
French Polynesia,2
Puerto Rico,2
Réunion,2
Sudan,2
Kosovo,2
Zambia,2
Åland Islands,1
Burkina Faso,1
Botswana,1
Congo,1
Dominica,1
Faroe Islands,1
Gambia,1
Guam,1
Guyana,1
Cayman Islands,1
Monaco,1
Montenegro,1
Martinique,1
Papua New Guinea,1
Sierra Leone,1
Somalia,1
Zimbabwe,1
