name,version,visitors
Windows,10,11727
Mac,10.15,3539
GNU/Linux,(not set),1293
Android,10,662
Ubuntu,(not set),400
iOS,18.5,292
Chrome OS,14541.0,44
Android,14,34
Android,13,33
Android,15,31
Windows,7,29
Android,11,21
Android,12,21
iOS,18.3,15
HarmonyOS,(not set),13
iOS,19.0,13
iOS,18.4,12
iOS,17.6,8
iOS,18.6,8
iOS,16.6,6
iOS,17.5,6
iOS,15.8,5
iOS,18.1,5
Android,9,4
Mac,10.14,3
Fire OS,7,3
Windows,(not set),2
(not set),(not set),2
Mac,10.12,2
iOS,15.7,2
iOS,16.1,2
iPadOS,16.1,2
iOS,16.3,2
iOS,16.7,2
iOS,17.7,2
iOS,18.0,2
Android,8.0,2
Raspberry Pi OS,(not set),1
Mac,10.11,1
Mac,11.14,1
iOS,12.5,1
Mac,13.3,1
Chrome OS,13402.0,1
Chrome OS,13597.84,1
iOS,14.0,1
iOS,17.3,1
iPadOS,17.7,1
iOS,18.2,1
KaiOS,2.5,1
Android,6.0,1
Android,7.1,1
Windows,8,1
Windows,8.1,1
Windows,XP,1
