name,visitors
Tokyo,2160
Osaka,486
Kanagawa,330
Saitama,177
Aichi,162
Chiba,138
Hyogo,84
Kyoto,79
Hokkaido,74
Fukuoka,72
Zhejiang,56
Guangdong,49
Shizuoka,46
Hiroshima,39
Miyagi,36
Ibaraki,29
Ishikawa,29
Shandong,23
Niigata,21
Tokushima,21
Nagano,18
Gunma,17
Nara,17
Okayama,17
Shiga,16
Yamagata,15
Nagasaki,15
Okinawa,15
Henan,14
Jiangsu,13
Sichuan,12
Shanghai,12
Toyama,12
Beijing,11
Mie,11
Kumamoto,11
Hubei,10
Tochigi,10
Oita,10
Fukushima,9
Shaanxi,8
Ehime,8
Kagoshima,8
Hebei,7
Liaoning,7
Aomori,7
Akita,7
Gifu,7
Kagawa,7
Miyazaki,7
Guizhou,6
Hainan,6
Hunan,6
Iwate,6
Yamaguchi,6
Fukui,5
Wakayama,5
Chongqing,4
Gansu,4
Tianjin,4
Tottori,4
California,4
Hanoi,4
Anhui,3
Fujian,3
Guangxi,3
Heilongjiang,3
Yunnan,3
Île-de-France,3
England,3
Yamanashi,3
Shimane,3
Saga,3
Taipei,3
Kansas,3
São Paulo,2
Jilin,2
Shanxi,2
Xinjiang,2
Madhya Pradesh,2
Tamil Nadu,2
Amman,2
North Chungcheong,2
South Gyeongsang,2
Pingtung,2
Colorado,2
New Jersey,2
New South Wales,1
Flanders,1
Alberta,1
Santiago Metropolitan,1
Jiangxi,1
Inner Mongolia,1
Baden-Württemberg,1
Hesse,1
Nouvelle-Aquitaine,1
Uttar Pradesh,1
West Bengal,1
Lombardy,1
Kochi,1
Seoul,1
Province 3,1
Ancash,1
Primorsky Krai,1
Kigali,1
Södermanland,1
Östergötland,1
Istanbul,1
Idaho,1
Indiana,1
Massachusetts,1
New York,1
Oregon,1
Virginia,1
Tashkent,1
Thái Nguyên,1
