name,visitors
Hong Kong,141
Tokyo,128
Singapore,106
Guangzhou,76
Paris,51
Beijing,48
Los Angeles,46
New York City,45
Bengaluru,41
Shanghai,40
Moscow,39
Hyderabad,36
London,31
Munich,31
Frankfurt am Main,31
San Jose,31
Mumbai,28
Chennai,25
Taipei,25
Xi’an,23
São Paulo,23
Toronto,23
Shenzhen,21
Saint Petersburg,20
Bangkok,20
Osaka,20
Amsterdam,20
Hangzhou,19
Chicago,19
Kyiv,18
Jakarta,18
Seattle,18
Pune,17
New Delhi,17
Chengdu,17
N/A,15
Iwakuni,14
Sydney,14
Berlin,14
Ashburn,14
Warsaw,13
Guiyang,13
Madrid,13
Dallas,13
Helsinki,12
Kuala Lumpur,12
Zhengzhou,12
Vienna,12
Dresden,12
Kolkata,11
Taichung,11
Wuhan,11
Nagoya,11
Brisbane,11
Rio de Janeiro,11
Bogotá,11
Atlanta,11
N/A,11
Vadodara,10
Delhi,10
Tashkent,10
Hanoi,10
Nanjing,10
Kraków,10
Milan,10
Austin,10
Dnipro,9
Xiamen,9
N/A,9
Zürich,9
Köln,9
Hamburg,9
Reston,9
Boardman,9
Tel Aviv,8
Tbilisi,8
Lviv,8
Lahore,8
Almaty,8
Taoyuan,8
Seoul,8
N/A,8
Brussels,8
Stuttgart,8
Prague,8
Managua,8
Denver,8
Montréal,8
Jerusalem,7
Cairo,7
Belgrade,7
Johannesburg,7
Patna,7
Ho Chi Minh City,7
Changsha,7
Melbourne,7
Budapest,7
Guadalajara,7
Santa Clara,7
Edmonton,7
Nairobi,6
Samara,6
Minsk,6
Istanbul,6
Vijayawada,6
Coimbatore,6
Kathmandu,6
Kaohsiung,6
Manila,6
Qingdao,6
Dalian,6
Suwon,6
Lagos,6
Southampton,6
Cambridge,6
Stockholm,6
Brno,6
Cape Town,6
La Paz,6
Lima,6
Tijuana,6
St. Louis,6
Minneapolis,6
Matsubushi,6
Dubai,5
Shillong,5
Nagpur,5
Ahmedabad,5
Novosibirsk,5
Nur-Sultan,5
Kuala Selangor,5
Pudong,5
Lanzhou,5
Dongguan,5
Auckland,5
Lisbon,5
Karlsruhe,5
Hannover,5
Dublin,5
Meudon,5
Łódź,5
Olathe,5
Madison,5
Oakland,5
San Diego,5
Calgary,5
Noida,5
Kuwait City,4
Vilnius,4
Dhaka,4
Colombo,4
Salem,4
Ranchi,4
Jaipur,4
Chandīgarh,4
Bhopāl,4
Chelyabinsk,4
Bishkek,4
Hsinchu,4
Taiyuan,4
Nanning,4
Chongqing,4
Kumamoto,4
Suzhou,4
Christchurch,4
Accra,4
Port Harcourt,4
Abuja,4
Valencia,4
City of Westminster,4
Sheffield,4
Manchester,4
Almere Stad,4
Düsseldorf,4
Marseille,4
Lyon,4
A Coruña,4
Barcelona,4
Rome,4
Garupá,4
Concordia,4
Havana,4
Guayaquil,4
Medellín,4
Panamá,4
José de San Martín,4
Manhattan,4
Baltimore,4
Silver Spring,4
Charlotte,4
Council Bluffs,4
Cambridge,4
The Bronx,4
Ithaca,4
Cleveland,4
Royersford,4
Hawthorne,4
San Francisco,4
Salt Lake City,4
Jeddah,3
Tehran,3
Ankara,3
Orenburg,3
Krasnodar,3
Ternopil,3
Odessa,3
Kropyvnytskyy,3
Sofia,3
Lilongwe,3
Pretoria,3
Thāne,3
Raipur,3
Lucknow,3
Gadhinglaj,3
Cochin,3
Yekaterinburg,3
Da Nang,3
Depok,3
Nantou,3
Wuhu,3
Nanchang,3
Liaocheng,3
Kunming,3
Jinan,3
Foshan,3
Atsugi,3
Kyoto,3
Hiroshima,3
Hirakata,3
N/A,3
Seongnam-si,3
Perth,3
Canberra,3
Abidjan,3
Kongens Lyngby,3
N/A,3
Reading,3
Middlesbrough,3
Maidstone,3
Edinburgh,3
Basel,3
Olofström,3
Göteborg,3
Porto,3
Linz,3
Nürnberg,3
Memmingen,3
Leipzig,3
Kiel,3
Freiburg,3
Szczecin,3
Trondheim,3
Oslo,3
Turin,3
Padova,3
Podgorica,3
N/A,3
Recife,3
Lanús,3
Curitiba,3
Campinas,3
Blumenau,3
Santo Domingo,3
Naucalpan de Juárez,3
Mexico City,3
N/A,3
Santiago,3
Santiago de Querétaro,3
Fort Lauderdale,3
Woodstock,3
Columbia,3
Boston,3
Fresno,3
Santa Rosa,3
Colorado Springs,3
Henderson,3
Boulder,3
N/A,3
Québec,3
Taoyuan City,3
N/A,3
N/A,3
Baghdad,2
Buraydah,2
Riyadh,2
Athens,2
Modi‘in Makkabbim Re‘ut,2
Doha,2
Rishon LeẔiyyon,2
N/A,2
Alexandria,2
Voronezh,2
Volgograd,2
Ulyanovsk,2
Ufa,2
Tambov,2
Sergiyev Posad,2
Leninogorsk,2
Khimki,2
Korolev,2
