name,visitors,bounce_rate,visit_duration
Direct / None,3161,68,230
Google,1097,84,344
python.org,160,67,393
Bing,112,73,347
peps.python.org,50,75,95
DuckDuckGo,41,45,230
Yandex,34,85,75
GitHub,30,92,101
Baidu,28,94,177
chatgpt.com,11,100,554
Microsoft Teams,10,78,198
Brave,7,100,904
uamvirtual.uam.edu.ni,7,71,127
pypi.org,6,100,519
Qwant,4,0,7533
courses.cscc.edu,4,71,747
Yahoo!,3,0,46
chat.greatsimplex.com,3,0,477
devdocs.io,3,67,2
Ecosia,2,0,1442
bugs.mysql.com,2,0,452
doubao.com,2,0,306
link.zhihu.com,2,0,84
notion.so,2,0,14
pages.git.hub.vwgroup.com,2,50,9
qiita.com,2,100,974
realpython.com,2,100,0
sapalomera.cat,2,100,0
scikit-learn.org,2,0,697
sturdy-xylophone-97xqq65jj79pfx7q4.github.dev,2,100,0
Reddit,1,0,6
Slack,1,100,0
Wikipedia,1,100,0
ask.csdn.net,1,0,6
autocode.epam.com,1,0,1235
avciencias.unanleon.edu.ni,1,100,0
bitbucket.astrolab.space,1,100,0
brightwhiz.com,1,0,24
campus110.unad.edu.co,1,100,0
canvas.cornell.edu,1,33,584
circuit.cisco.com,1,100,0
cnblogs.com,1,0,155
coderivers.org,1,0,165
copilot.cloud.microsoft,1,0,142
copilot.microsoft.com,1,100,0
cubids.readthedocs.io,1,100,0
discuss.python.org,1,0,699
docs.astral.sh,1,0,1604
docs.pydantic.dev,1,0,306
docs.ray.io,1,0,1564
docs.zephyrproject.org,1,0,547
enghub.gs.com,1,100,0
eshift.ktalk.ru,1,100,0
furydocs.io,1,100,0
hcnf2013rhuh.feishu.cn,1,100,0
j-parc.jp,1,0,0
jetpunk.com,1,100,0
jsdokken.com,1,0,0
jupyter-proxy.eberly.cmu.edu,1,100,0
kivy.org,1,0,2000
link.csdn.net,1,0,496
m365.cloud.microsoft,1,100,0
motor.readthedocs.io,1,0,118
mowgli.jmc.ac.il,1,0,229
mypy.readthedocs.io,1,0,0
ntp.msn.cn,1,100,0
numpy.org,1,0,15487
orgpad.info,1,100,0
pan.quark.cn,1,100,0
pandas.pydata.org,1,0,1267
pip.pypa.io,1,0,129
prairie-heath-fb8.notion.site,1,0,488
presearch.com,1,100,0
pyodide.org,1,100,0
python-type-challenges.zeabur.app,1,0,2648
saumyakmukherjee.com,1,0,9
tongyi.com,1,0,15
udemy.com,1,100,0
wiki.python.org,1,0,1115
www-bairesdev-com.translate.goog,1,0,3317
