name,visitors,bounce_rate,visit_duration
Google,708,84,71
Direct / None,670,85,109
Bing,47,75,105
Baidu,22,67,148
steam.oxxostudio.tw,12,58,132
python.org,11,0,215
Perplexity,7,88,26
chatgpt.com,6,80,13
Yahoo!,4,75,14
ithelp.ithome.com.tw,3,100,0
hiskio.com,2,100,0
poe.com,2,0,234
realnewbie.com,2,100,0
translations.python.org,2,0,98
ftumrmgwmrco.labs.coursera.org,1,0,377
medium.com,1,100,0
programmingtrading.blogspot.com,1,100,0
quark.cn,1,0,21
safe.menlosecurity.com,1,100,0
wehelp.tw,1,100,0
