name,visitors,bounce_rate,visit_duration
chatgpt.com,355,71,152
perplexity,14,71,22
enki,6,67,249
Exinfluencer,4,100,0
devopscube.com,4,75,6
zalo,4,100,0
codernav.com,3,33,255
substack,2,100,0
adwords,1,100,0
blog.teclado.com,1,100,0
mostlypython.com,1,0,55
nicholashairs.com,1,0,211
pbadeer,1,100,0
post_page-----2cdbaffd973f---------------------------------------,1,100,0
post_page-----79d9648b3772---------------------------------------,1,100,0
post_page-----c8cf336a98bc---------------------------------------,1,100,0
post_page-----f8143c5ee70---------------------------------------,1,100,0
the new stack,1,100,0
trap.jp,1,100,0
www.bidianer.com,1,100,0
yandexsmartcamera,1,100,0
zzppjj.top,1,100,0
