name,visitors,pageviews,bounce_rate,time_on_page,scroll_depth
/zh-cn/3/tutorial/index.html,684,877,55,32,60
/zh-cn/3/,552,669,50,14,80
/zh-cn/3.14/,476,580,37,19,80
/zh-cn/3.14/tutorial/index.html,429,538,47,36,64
/zh-cn/3/library/index.html,398,494,57,44,45
/zh-cn/3.15/using/windows.html,305,285,67,57,32
/zh-cn/3/tutorial/controlflow.html,251,256,69,283,50
/zh-cn/3/tutorial/interpreter.html,244,239,61,64,82
/zh-cn/3.14/library/index.html,238,334,28,48,54
/zh-cn/3/library/idle.html,225,242,74,31,34
/zh-cn/3/tutorial/introduction.html,222,205,77,172,62
/zh-cn/3/library/functions.html,183,199,75,68,35
/zh-cn/3.13/tutorial/index.html,174,238,56,66,50
/zh-cn/3.14/tutorial/introduction.html,173,176,60,161,67
/zh-cn/3/reference/index.html,173,242,46,24,71
/zh-cn/3.14/tutorial/controlflow.html,172,170,66,282,52
/zh-cn/3.14/index.html,162,188,46,18,79
/zh-cn/3/index.html,161,188,31,13,80
/zh-cn/3.14/tutorial/interpreter.html,155,143,58,88,82
/zh-cn/3/tutorial/datastructures.html,147,143,57,210,57
/zh-cn/3/library/stdtypes.html,144,146,81,144,42
/zh-cn/3/tutorial/appetite.html,139,126,40,60,90
/zh-cn/3/using/index.html,135,147,68,12,77
/zh-cn/3/library/turtle.html,130,180,86,136,32
/zh-cn/3.14/reference/index.html,129,136,42,27,74
/zh-cn/3.14/tutorial/appetite.html,118,99,45,77,88
/zh-cn/3/tutorial/classes.html,117,118,85,173,56
/zh-cn/3.14/library/functions.html,113,116,71,93,38
/zh-cn/3/contents.html,109,103,41,42,16
/zh-cn/3.14/search.html,108,153,39,37,100
/zh-cn/3/search.html,107,116,61,75,100
/zh-cn/3/library/,104,123,67,159,50
/zh-cn/3.13/,101,118,49,12,79
/zh-cn/3.14/library/stdtypes.html,98,114,68,73,46
/zh-cn/3/tutorial/,98,120,60,33,54
/zh-cn/3/tutorial/modules.html,98,97,76,166,58
/zh-cn/3/library/venv.html,95,91,88,44,34
/zh-cn/3/glossary.html,92,92,69,64,45
/zh-cn/3.14/contents.html,91,82,26,24,20
/zh-cn/3.12/,88,103,70,21,84
/zh-cn/3.14/glossary.html,88,74,58,59,50
/zh-cn/3.14/tutorial/datastructures.html,86,77,76,116,62
/zh-cn/3.14/whatsnew/3.14.html,86,85,70,171,29
/zh-cn/3/tutorial/inputoutput.html,83,75,71,170,56
/zh-cn/3.14/py-modindex.html,77,75,44,27,49
/zh-cn/3/using/windows.html,77,67,75,28,21
/zh-cn/3.14/installing/index.html,76,59,44,58,68
/zh-cn/3/reference/datamodel.html,73,74,71,114,60
/zh-cn/3/library/tkinter.html,70,74,80,76,48
/zh-cn/3/whatsnew/3.14.html,70,65,81,115,25
/zh-cn/3/library/math.html,69,74,87,33,34
/zh-cn/3/using/mac.html,66,66,80,79,41
/zh-cn/3/library/multiprocessing.html,65,67,84,86,33
/zh-cn/3.13/library/index.html,64,84,27,34,55
/zh-cn/3/using/,64,74,49,16,82
/zh-cn/3/library/re.html,63,73,76,96,34
/zh-cn/3.14/download.html,62,58,50,32,94
/zh-cn/3/download.html,59,52,66,32,96
/zh-cn/3/tutorial/errors.html,59,60,72,76,42
/zh-cn/3/reference/lexical_analysis.html,58,61,75,74,52
/zh-cn/3.13/tutorial/interpreter.html,57,59,48,68,85
/zh-cn/3.14/tutorial/inputoutput.html,57,45,83,189,60
/zh-cn/3.14/tutorial/,56,54,58,51,62
/zh-cn/3.14/using/windows.html,56,50,64,130,23
/zh-cn/3/library/asyncio.html,56,74,61,40,85
/zh-cn/3.15/,55,65,38,17,85
/zh-cn/3/library/logging.html,55,53,82,108,40
/zh-cn/3.14/tutorial/classes.html,54,48,67,156,55
/zh-cn/3.14/using/index.html,52,55,44,15,86
/zh-cn/3/using/cmdline.html,52,51,84,42,34
/zh-cn/3.14/howto/index.html,51,52,33,27,92
/zh-cn/3.14/tutorial/stdlib.html,49,47,50,73,65
/zh-cn/3/installing/index.html,49,49,72,53,68
/zh-cn/3/library/os.html,49,45,91,96,25
/zh-cn/3/tutorial/stdlib.html,49,41,67,87,63
/zh-cn/3/library/asyncio-task.html,48,52,85,99,35
/zh-cn/3/py-modindex.html,48,45,56,25,45
/zh-cn/3/library/threading.html,47,55,65,138,50
/zh-cn/3.13/tutorial/controlflow.html,46,56,61,97,36
/zh-cn/3.13/library/functions.html,45,42,62,106,25
/zh-cn/3.14/library/idle.html,45,45,80,28,49
/zh-cn/3.14/reference/datamodel.html,45,44,67,94,52
/zh-cn/3.14/tutorial/modules.html,45,38,79,177,66
/zh-cn/3.15/tutorial/index.html,45,54,42,32,68
/zh-cn/3/library/random.html,45,47,95,38,38
/zh-cn/3.12/tutorial/index.html,44,53,60,56,62
/zh-cn/3/library/dataclasses.html,43,42,91,40,45
/zh-cn/3/reference/expressions.html,42,42,68,43,61
/zh-cn/3/howto/index.html,40,43,50,14,91
/zh-cn/3/library/tk.html,39,51,52,45,59
/zh-cn/3/library/typing.html,39,36,73,43,14
/zh-cn/3.12/library/index.html,38,46,32,33,40
/zh-cn/3.14/genindex.html,38,38,33,5,96
/zh-cn/3/howto/enum.html,38,40,89,113,27
/zh-cn/3/library/collections.html,38,32,83,38,31
/zh-cn/3.13/tutorial/appetite.html,37,38,25,46,95
/zh-cn/3.13/tutorial/introduction.html,37,37,89,94,60
/zh-cn/3/library/argparse.html,37,36,93,159,28
/zh-cn/3/library/pathlib.html,37,37,81,80,43
/zh-cn/3/reference/simple_stmts.html,37,42,67,195,52
