name,unique_entrances,total_entrances,visit_duration
/es/3/tutorial/,523,543,167
/es/3.13/library/tkinter.html,203,215,92
/3/,153,154,411
/es/3.13/tutorial/index.html,106,115,77
/es/3.13/library/index.html,105,112,32
/es/3.13/tutorial/venv.html,94,96,32
/es/3.13/tutorial/classes.html,93,96,79
/es/3/tutorial/appetite.html,83,86,300
/es/3/tutorial/index.html,79,87,155
/es/3/tutorial/interpreter.html,77,79,218
/es/3/,66,70,121
/es/3.13/library/functions.html,62,69,49
/es/3/library/stdtypes.html,60,66,80
/es/3/tutorial/introduction.html,60,63,124
/es/3.13/tutorial/datastructures.html,59,61,65
/es/3/tutorial/controlflow.html,58,60,79
/es/3.13/library/idle.html,57,58,97
/es/3.13/,51,51,197
/es/3.13/tutorial/errors.html,44,45,28
/es/3.13/tutorial/introduction.html,44,46,295
/es/3.13/tutorial/interpreter.html,38,38,13
/es/3.13/library/re.html,35,35,55
/es/3/library/index.html,34,38,137
/es/3/tutorial/datastructures.html,33,35,121
/3.13/tutorial/index.html,32,32,189
/es/3.13/installing/index.html,31,31,48
/es/3.13/tutorial/controlflow.html,31,35,62
/es/3/library/tkinter.html,27,30,64
/3/tutorial/index.html,25,25,519
/es/3.13/tutorial/modules.html,25,26,243
/es/3/library/venv.html,25,26,46
/es/3.12/tutorial/interpreter.html,24,24,36
/es/3.13/library/stdtypes.html,22,23,33
/es/3.13/search.html,22,23,315
/es/3.13/tutorial/appetite.html,21,22,31
/es/3/library/functions.html,20,20,91
/es/dev/tutorial/controlflow.html,20,21,59
/es/3.13/library/datetime.html,19,19,6
/es/3.13/glossary.html,18,19,21
/es/3.13/library/string.html,18,19,119
/es/3/search.html,18,19,104
/es/3.13/howto/regex.html,17,19,66
/es/3/library/random.html,17,17,10
/3/library/functions.html,16,16,232
/es/3/library/argparse.html,16,18,22
/es/3.13/library/venv.html,15,15,120
/es/3/library/json.html,15,15,37
/es/3/tutorial/classes.html,15,15,130
/es/3.12/tutorial/classes.html,14,14,3
/es/3.13/library/array.html,14,14,54
/es/3.13/library/math.html,14,15,1
/es/3.13/using/windows.html,14,14,113
/3.13/using/windows.html,13,13,197
/es/3.13/library/subprocess.html,13,13,55
/es/3.13/reference/import.html,13,13,13
/es/3.13/tutorial/inputoutput.html,13,14,147
/es/3/library/string.html,13,13,4
/es/3/tutorial/modules.html,13,14,9
/es/dev/tutorial/,13,13,61
/es/3.13/library/__main__.html,12,12,67
/es/3.13/library/tk.html,12,12,127
/es/3.13/using/editors.html,12,12,62
/es/3/glossary.html,12,12,93
/es/3/library/asyncio.html,12,12,239
/es/3/tutorial/venv.html,12,13,35
/es/3.13/library/csv.html,11,13,2
/es/3.13/library/multiprocessing.html,11,12,0
/es/3.13/library/random.html,11,11,0
/es/3/reference/index.html,11,11,456
/es/3/reference/lexical_analysis.html,11,11,177
/es/3/whatsnew/index.html,11,12,67
/3/library/tkinter.html,10,10,70
/es/3.13/howto/logging.html,10,13,0
/es/3.13/howto/sorting.html,10,10,114
/es/3.13/tutorial/,10,10,50
/es/3/using/cmdline.html,10,10,94
/es/3/genindex-Símbolos.html,9,9,0
/es/3/library/urllib.parse.html,9,9,0
/es/3/tutorial/inputoutput.html,9,9,43
/3/library/index.html,8,8,385
/es/3.13/library/smtplib.html,8,8,84
/es/3.13/reference/compound_stmts.html,8,8,0
/es/3/contents.html,8,8,130
/es/3/installing/index.html,8,9,0
/es/3/reference/compound_stmts.html,8,8,0
/es/3/tutorial/errors.html,8,9,51
/es/dev/using/windows.html,8,8,32
/3/reference/index.html,7,7,666
/es/3.13/library/pdb.html,7,8,8
/es/3/library/base64.html,7,8,1
/es/3/library/decimal.html,7,9,0
/es/3/whatsnew/3.13.html,7,7,17
/3.15/,6,6,312
/3/library/socket.html,6,6,449
/3/search.html,6,6,654
/3/tutorial/classes.html,6,6,451
/es/3.12/library/tk.html,6,6,76
/es/3.13/howto/unicode.html,6,6,1
/es/3.13/library/collections.html,6,6,0
/es/3.13/library/turtle.html,6,6,18
/es/3.13/library/typing.html,6,6,0
/es/3/faq/windows.html,6,6,0
/es/3/howto/logging.html,6,6,421
/es/3/howto/regex.html,6,6,3
/es/3/library/,6,6,31
/es/3/library/idle.html,6,6,3
/es/3/library/os.html,6,7,146
/es/dev/library/tkinter.ttk.html,6,6,124
/3.13/,5,5,698
/3.13/index.html,5,5,396
/3/installing/index.html,5,5,424
/3/library/datetime.html,5,5,485
/3/library/idle.html,5,5,112
/3/library/turtle.html,5,5,1292
/es/3.12/tutorial/index.html,5,5,0
/es/3.13/library/abc.html,5,5,0
/es/3.13/library/calendar.html,5,5,135
/es/3.13/library/concurrent.futures.html,5,5,2
/es/3.13/library/copy.html,5,5,1
/es/3.13/library/http.server.html,5,5,0
/es/3.13/library/pickle.html,5,5,0
/es/3.13/library/sqlite3.html,5,5,362
/es/3.13/library/time.html,5,5,0
/es/3/howto/argparse.html,5,5,0
/es/3/index.html,5,5,5
/es/3/library/csv.html,5,5,73
/es/3/library/itertools.html,5,6,0
/es/3/library/pathlib.html,5,6,0
/es/3/library/statistics.html,5,5,4
/es/3/library/textwrap.html,5,5,29
/es/3/reference/expressions.html,5,5,0
/es/3/tutorial/appendix.html,5,5,558
/es/3/tutorial/stdlib.html,5,6,292
/es/3/using/windows.html,5,5,50
/3/library/,4,4,438
/3/library/concurrent.futures.html,4,4,753
/3/library/logging.html,4,4,54
/3/library/math.html,4,4,276
/3/library/sqlite3.html,4,4,1189
/3/library/tk.html,4,4,803
/3/library/venv.html,4,4,982
/3/tutorial/,4,4,12
/3/tutorial/introduction.html,4,4,75
/es/3.12/tutorial/controlflow.html,4,5,0
/es/3.13/contents.html,4,4,196
/es/3.13/howto/argparse.html,4,4,4
/es/3.13/index.html,4,5,19
/es/3.13/library/logging.html,4,4,5
/es/3.13/library/pprint.html,4,4,6
/es/3.13/library/pydoc.html,4,4,37
/es/3.13/library/shutil.html,4,5,1
/es/3.13/library/tkinter.ttk.html,4,4,0
/es/3.13/library/tokenize.html,4,4,0
/es/3.13/library/urllib.html,4,4,10
/es/3.13/library/xml.etree.elementtree.html,4,8,576
/es/3.13/reference/executionmodel.html,4,4,198
/es/3.13/reference/lexical_analysis.html,4,4,1440
/es/3.13/whatsnew/3.13.html,4,4,223
/es/3/library/datatypes.html,4,4,811
/es/3/library/math.html,4,4,0
/es/3/library/pickle.html,4,4,0
/es/3/library/tarfile.html,4,4,78
/es/3/library/time.html,4,4,19
/es/3/library/unittest.mock.html,4,4,0
/es/3/whatsnew/3.4.html,4,4,2
/es/dev/library/threading.html,4,4,3
/es/dev/whatsnew/3.14.html,4,4,0
/3.12/index.html,3,3,2133
/3.13/library/typing.html,3,3,32
/3.13/tutorial/,3,3,249
/3.13/tutorial/appetite.html,3,3,206
/3.13/whatsnew/3.13.html,3,3,1673
/3/library/os.html,3,3,645
/3/library/pathlib.html,3,3,32
/3/library/stdtypes.html,3,3,911
/3/tutorial/controlflow.html,3,3,594
/3/tutorial/datastructures.html,3,3,807
/dev/using/windows.html,3,3,16
/es/3.12/library/idle.html,3,3,0
/es/3.12/tutorial/venv.html,3,3,0
/es/3.13/download.html,3,3,10
/es/3.13/howto/curses.html,3,3,505
/es/3.13/howto/ipaddress.html,3,3,0
/es/3.13/howto/sockets.html,3,3,1116
/es/3.13/library/asyncio-task.html,3,3,0
/es/3.13/library/codecs.html,3,3,14
/es/3.13/library/filesys.html,3,3,17
/es/3.13/library/os.html,3,3,0
/es/3.13/library/pathlib.html,3,4,16
/es/3.13/library/threading.html,3,3,6
/es/3.13/reference/datamodel.html,3,3,513
/es/3.13/reference/index.html,3,3,6
/es/3.13/reference/introduction.html,3,3,918
/es/3.13/using/unix.html,3,3,44
/es/3.15/whatsnew/3.15.html,3,4,600
/es/3/download.html,3,3,151
/es/3/library/collections.html,3,3,201
/es/3/library/dataclasses.html,3,3,2
/es/3/library/exceptions.html,3,3,0
/es/3/library/functools.html,3,3,22
/es/3/library/multiprocessing.html,3,3,0
/es/3/library/tk.html,3,3,0
/es/3/library/warnings.html,3,3,0
/es/3/library/xml.dom.minidom.html,3,3,80
/es/3/py-modindex.html,3,3,539
/es/3/reference/introduction.html,3,3,2
/es/3/using/mac.html,3,3,0
/es/3/whatsnew/changelog.html,3,3,177
/es/dev/library/abc.html,3,3,0
/es/dev/library/zlib.html,3,3,3
/es/dev/tutorial/appetite.html,3,3,62
/3.12/library/curses.html,2,2,117
/3.13/library/venv.html,2,2,2409
/3/contents.html,2,2,300
/3/faq/,2,2,978
/3/library/argparse.html,2,2,78
/3/library/asyncio.html,2,2,567
/3/library/calendar.html,2,2,28
/3/library/ensurepip.html,2,2,538
/3/library/json.html,2,2,66
/3/library/re.html,2,2,0
/3/library/textwrap.html,2,2,2
/3/library/urllib.parse.html,2,2,877
/3/license.html,2,2,684
/3/py-modindex.html,2,2,159
/3/tutorial/appetite.html,2,2,410
/3/tutorial/interpreter.html,2,2,402
/3/tutorial/venv.html,2,2,1921
/3/using/index.html,2,2,306
/3/using/mac.html,2,2,982
/es/3.12/installing/,2,2,0
/es/3.12/library/abc.html,2,2,0
/es/3.12/library/math.html,2,2,0
/es/3.13/bugs.html,2,2,220
/es/3.13/c-api/dict.html,2,2,34
/es/3.13/faq/library.html,2,2,0
/es/3.13/genindex.html,2,2,2
/es/3.13/library/,2,2,128
/es/3.13/library/asyncio-subprocess.html,2,2,19
/es/3.13/library/constants.html,2,2,232
/es/3.13/library/crypto.html,2,2,0
/es/3.13/library/datatypes.html,2,2,38
/es/3.13/library/devmode.html,2,2,39
/es/3.13/library/dialog.html,2,2,13
/es/3.13/library/email.html,2,2,0
/es/3.13/library/exceptions.html,2,2,98
/es/3.13/library/hashlib.html,2,2,62
/es/3.13/library/imaplib.html,2,2,0
/es/3.13/library/itertools.html,2,3,9
/es/3.13/library/operator.html,2,2,0
/es/3.13/library/os.path.html,2,2,0
/es/3.13/library/profile.html,2,2,0
/es/3.13/library/secrets.html,2,2,0
/es/3.13/library/shelve.html,2,2,0
/es/3.13/library/struct.html,2,2,1283
/es/3.13/library/sys.html,2,2,396
/es/3.13/library/termios.html,2,2,8
/es/3.13/library/text.html,2,2,152
/es/3.13/library/urllib.parse.html,2,2,142
/es/3.13/library/urllib.request.html,2,2,2
/es/3.13/library/winsound.html,2,2,0
/es/3.13/library/xml.html,2,2,1078
/es/3.13/library/xml.sax.handler.html,2,2,34
/es/3.13/library/zipfile.html,2,2,0
/es/3.13/library/zlib.html,2,2,0
/es/3.13/py-modindex.html,2,4,2
/es/3.13/tutorial/appendix.html,2,2,2
/es/3.13/tutorial/stdlib.html,2,2,0
/es/3.13/using/cmdline.html,2,2,270
/es/3.13/whatsnew/changelog.html,2,2,438
/es/3.14/library/compression.zstd.html,2,2,0
/es/3.15/contents.html,2,2,372
/es/3.15/library/csv.html,2,2,0
/es/3.15/library/time.html,2,2,0
/es/3.15/tutorial/classes.html,2,2,0
/es/3.15/tutorial/introduction.html,2,2,6
/es/3/howto/a-conceptual-overview-of-asyncio.html,2,2,0
/es/3/library/atexit.html,2,2,0
/es/3/library/cgi.html,2,2,0
/es/3/library/cmath.html,2,3,0
/es/3/library/datetime.html,2,2,0
/es/3/library/http.server.html,2,2,0
/es/3/library/locale.html,2,2,0
/es/3/library/numeric.html,2,2,2
/es/3/library/operator.html,2,2,0
/es/3/library/os.path.html,2,2,0
/es/3/library/persistence.html,2,2,0
/es/3/library/platform.html,2,2,0
/es/3/library/queue.html,2,2,3
/es/3/library/socket.html,2,2,0
/es/3/library/sqlite3.html,2,2,0
/es/3/library/threading.html,2,2,30
/es/3/library/xml.etree.elementtree.html,2,2,0
/es/3/library/xmlrpc.server.html,2,2,0
/es/3/license.html,2,2,0
/es/3/reference/,2,2,0
/es/3/reference/import.html,2,2,9
/es/3/using/editors.html,2,2,0
/es/3/whatsnew/3.3.html,2,2,0
/es/3/whatsnew/3.7.html,2,2,0
