name,visitors
São Paulo,359
Rio de Janeiro,126
Brasília,104
Curitiba,68
Belo Horizonte,63
Fortaleza,61
Salvador,43
Recife,40
Campinas,36
Porto Alegre,31
Natal,29
Goiânia,29
Campo Grande,27
Belém,26
Teresina,24
Santo André,24
João Pessoa,23
São José dos Campos,23
Florianópolis,22
Manaus,21
Lisbon,19
Sao Paulo,18
Vila Velha,17
São Carlos,15
Ribeirão Preto,15
Osasco,15
Uberlândia,14
São Bernardo do Campo,14
São Luís,13
Niterói,13
Jundiaí,13
Vitória,12
Sorocaba,12
Guarulhos,12
Duque de Caxias,12
Luanda,11
Maceió,11
Montes Claros,11
Campina Grande,10
Aracaju,10
Porto,9
Contagem,9
São José do Rio Preto,8
Mogi das Cruzes,8
Londrina,8
Juiz de Fora,8
Caxias do Sul,8
Blumenau,8
Esperança,7
São José,7
Praia Grande,7
Novo Hamburgo,7
Indaiatuba,7
Feira de Santana,7
Paulista,6
Pelotas,6
Nova Lima,6
Hortolândia,6
Diadema,6
Cuiabá,6
Aparecida de Goiânia,6
Viçosa,5
São Gonçalo,5
Santos,5
Rondonópolis,5
Rio Grande,5
Piracicaba,5
Marília,5
Franca,5
Dois Irmãos,5
Criciúma,5
Cotia,5
Chapecó,5
Catanduva,5
Cascavel,5
Canoas,5
Bauru,5
Porto Velho,5
Boa Vista,5
Amadora,4
Viseu,4
Praia,4
Maracanaú,4
Imperatriz,4
Uberaba,4
Serra,4
Presidente Prudente,4
Mauá,4
Maricá,4
Joinville,4
Jandira,4
Itatiba,4
Franco da Rocha,4
Carapicuíba,4
Betim,4
Balneário Camboriú,4
Americana,4
Jaboatão dos Guararapes,4
São João dos Patos,3
Santarém,3
Petrolina,3
Parnamirim,3
Currais Novos,3
Caxias,3
Volta Redonda,3
Vinhedo,3
Várzea Paulista,3
Três Lagoas,3
Toledo,3
Taubaté,3
Suzano,3
Sumaré,3
Saquarema,3
São Vicente,3
São José do Alegre,3
Santa Maria,3
Piracema,3
Petrópolis,3
Paranavaí,3
Ourinhos,3
Nova Iguaçu,3
Maringá,3
Mandaguari,3
Macaé,3
Lajeado,3
Jaraguá do Sul,3
Itaperuna,3
Itajaí,3
Ipatinga,3
Guaratinguetá,3
Foz do Iguaçu,3
Embu,3
Carazinho,3
Camaçari,3
Cabo Frio,3
Bragança Paulista,3
Birigui,3
Bariri,3
Araras,3
Araraquara,3
Amparo,3
Alegrete,3
Palmas,3
Nova Mutum,3
Zhengzhou,2
Hangzhou,2
Ermesinde,2
Coimbra,2
Aveiro,2
Tabuleiro do Norte,2
Parnaíba,2
Palmeira dos Índios,2
Olinda,2
Iguatu,2
Condado,2
Castelo do Piauí,2
Canindé,2
Cajazeiras,2
Caicó,2
Ananindeua,2
Vitória da Conquista,2
Viamão,2
Umuarama,2
Tatuí,2
Seropédica,2
Senhor do Bonfim,2
Sapiranga,2
São Mateus,2
São Lourenço,2
São Leopoldo,2
São José dos Pinhais,2
São João de Meriti,2
São Caetano do Sul,2
Santaluz,2
Santa Cruz do Sul,2
Santa Bárbara d'Oeste,2
Rio do Sul,2
Rio das Ostras,2
Poços de Caldas,2
Patrocínio,2
Ouro Branco,2
Nova Friburgo,2
Montenegro,2
Mangaratiba,2
Linhares,2
Lençóis Paulista,2
Lavras,2
Lages,2
Jaú,2
Jacareí,2
Ituiutaba,2
Itaquaquecetuba,2
Itapemirim,2
Itajubá,2
Itabuna,2
Itabira,2
Ilhéus,2
Guarapuava,2
Governador Valadares,2
General Salgado,2
Dourados,2
Divino,2
Diamantina,2
Catu,2
Caraguatatuba,2
Cantagalo,2
Cambé,2
Caçapava,2
Brusque,2
Bento Gonçalves,2
Belford Roxo,2
Barueri,2
Barreiras,2
Arantina,2
Anápolis,2
Almirante Tamandaré,2
Alfenas,2
Rio Branco,2
Cujubim,2
Fazenda Rio Grande,2
Balsas,2
Comodoro,2
N/A,2
Petaẖ Tiqwa,1
Manisa,1
İzmir,1
Pemba,1
Maputo,1
Beira,1
Dhaka,1
Chennai,1
Ahmedabad,1
Linëvo,1
Bogor,1
Shenzhen,1
Guangzhou,1
Chongqing,1
Atsugi,1
Hohhot,1
Sacavém,1
Portimão,1
Óbidos,1
Figueiró dos Vinhos,1
Faro,1
Corroios,1
Colares,1
Cartaxo,1
Amora,1
Almada,1
Valencia,1
Welwyn Garden City,1
Zürich,1
Vila Real,1
Vila Nova de Gaia,1
Vila Nova de Famalicão,1
Viana do Castelo,1
Nelas,1
Maia,1
Bragança,1
Braga,1
Bairro,1
Stolberg,1
Dublin,1
Kraków,1
Torrelodones,1
A Coruña,1
Rovellasca,1
Rome,1
Zagreb,1
Menongue,1
Vitória de Santo Antão,1
Tangará,1
Sousa,1
São Rafael,1
São Lourenço da Mata,1
Santana do Ipanema,1
Santa Inês,1
Santa Cruz do Capibaribe,1
Salgueiro,1
Russas,1
Reriutaba,1
Quixadá,1
Queimadas,1
Piripiri,1
Pindoretama,1
Passo de Camaragibe,1
Paragominas,1
Paracuru,1
Pacajus,1
Olho d'Água das Flores,1
Nova Russas,1
Mossoró,1
Marechal Deodoro,1
Marabá,1
Limoeiro do Norte,1
Juazeiro do Norte,1
Jacaraú,1
Itabaiana,1
Igarassu,1
Horizonte,1
