property,value,visitors,events,percentage
url,(none),15624,23202,99.5
url,https://bootstrap.pypa.io/get-pip.py,258,300,1.6
url,https://docs.python-guide.org/starting/installation/#installation,195,204,1.2
url,https://www.python.org/,171,175,1.1
url,https://opentechschool.github.io/python-beginners/en/getting_started.html#what-is-python-exactly,77,82,0.5
url,https://docs.python.org/3/library/venv.html,32,33,0.2
url,https://pip.pypa.io/,30,30,0.2
url,https://pypi.org/,30,32,0.2
url,https://pip.pypa.io/en/latest/user_guide/#requirements-files,27,28,0.2
url,https://setuptools.pypa.io/en/latest/userguide/miscellaneous.html,22,22,0.1
url,https://pypi.org/project/pip/,20,20,0.1
url,https://docs.python.org/3/tutorial/modules.html#packages,17,19,0.1
url,https://test.pypi.org/manage/account/#api-tokens,17,21,0.1
url,https://peps.python.org/pep-0639/,16,17,0.1
url,https://pip.pypa.io/en/latest/topics/secure-installs/,16,16,0.1
url,https://spdx.org/licenses/,16,17,0.1
url,https://github.com/pypa/pip,13,14,0.1
url,https://setuptools.readthedocs.io/en/latest/,13,13,0.1
url,https://pip.pypa.io/en/latest/,12,12,0.1
url,https://setuptools.pypa.io/en/latest/userguide/development_mode.html,12,14,0.1
url,https://test.pypi.org/account/register/,11,11,0.1
url,http://doc.devpi.net/latest/,10,10,0.1
url,https://docs.python.org/3/library/ensurepip.html,10,10,0.1
url,https://github.com/pypa/pipfile,10,11,0.1
url,https://github.com/pypa/sampleproject,10,12,0.1
url,https://github.com/pypa/sampleproject/blob/db5806e0a3204034c51b1c00dde7d5eb3fa2532e/setup.py,10,10,0.1
url,https://hatch.pypa.io/latest/,9,10,0.1
url,https://github.com/pypa/packaging.python.org/blob/main/source/tutorials/installing-packages.rst?plain=true,8,9,0.1
url,https://pip.pypa.io/en/latest/user_guide/#user-installs,8,8,0.1
url,https://pypi.org/classifiers,8,8,0.1
url,https://test.pypi.org/help/#apitoken,8,8,0.1
url,https://iscinumpy.dev/post/bound-version-constraints/#pinning-the-python-version-is-special,7,7,0.0
url,https://peps.python.org/pep-0508/,7,14,0.0
url,https://setuptools.pypa.io/en/latest/userguide/entry_point.html,7,7,0.0
url,https://setuptools.pypa.io/en/latest/userguide/pyproject_config.html#dynamic-metadata,7,7,0.0
url,https://virtualenv.pypa.io/en/stable/index.html,7,8,0.0
url,https://console.cloud.google.com/bigquery,6,7,0.0
url,https://docs.anaconda.com/anaconda/,6,6,0.0
url,https://github.com/pypa/packaging-problems,6,6,0.0
url,https://github.com/pypa/packaging.python.org/edit/main/source/tutorials/installing-packages.rst,6,7,0.0
url,https://peps.python.org/pep-0518/,6,6,0.0
url,https://datatracker.ietf.org/doc/html/rfc2119.html,5,5,0.0
url,https://github.com/pypa/packaging.python.org,5,5,0.0
url,https://github.com/pypa/packaging.python.org/blob/main/source/tutorials/packaging-projects.rst?plain=true,5,5,0.0
url,https://github.com/pypa/sampleproject/blob/db5806e0a3204034c51b1c00dde7d5eb3fa2532e/setup.cfg,5,5,0.0
url,https://pypi.org/project/pipx/,5,5,0.0
url,https://cloud.google.com/bigquery,4,4,0.0
url,https://docs.astral.sh/uv/,4,5,0.0
url,https://pip.pypa.io/en/latest/cli/,4,4,0.0
url,https://pip.pypa.io/en/latest/topics/vcs-support/#vcs-support,4,4,0.0
url,https://pipx.pypa.io/,4,4,0.0
url,https://pypi.org/classifiers/,4,4,0.0
url,https://pypi.org/manage/account/publishing/,4,4,0.0
url,https://pypi.org/project/setuptools,4,4,0.0
url,https://setuptools.pypa.io/en/latest/build_meta.html,4,4,0.0
url,https://www.pypa.io/en/latest/,4,4,0.0
url,https://www.python.org/downloads/,4,4,0.0
url,https://bandersnatch.readthedocs.io/,3,3,0.0
url,https://brew.sh/,3,3,0.0
url,https://build.pypa.io/en/stable/index.html,3,3,0.0
url,https://choosealicense.com/,3,3,0.0
url,https://console.cloud.google.com/bigquery?p=bigquery-public-data&d=pypi&page=dataset,3,3,0.0
url,https://devpi.net/docs/devpi/devpi/latest/+doc/index.html,3,3,0.0
url,https://docs.python.org/3/library/site.html#index-2,3,3,0.0
url,https://github.com/pypa/hatch,3,3,0.0
url,https://github.com/pypa/packaging-problems/issues/new?template=packaging_tutorial.yml&title=Trouble+with+the+packaging+tutorial&guide=https://packaging.python.org/tutorials/packaging-projects,3,3,0.0
url,https://github.com/pypa/packaging.python.org/edit/main/source/index.rst,3,3,0.0
url,https://github.com/pypa/setuptools,3,3,0.0
url,https://github.com/pypiserver/pypiserver,3,3,0.0
url,https://peps.python.org/pep-0420/,3,3,0.0
url,https://peps.python.org/pep-0517/,3,4,0.0
url,https://pipenv.pypa.io/en/latest/index.html,3,3,0.0
url,https://pypi.org/project/hatch,3,3,0.0
url,https://pypi.org/project/hatchling/,3,4,0.0
url,https://setuptools.pypa.io/en/latest/userguide/datafiles.html,3,3,0.0
url,https://setuptools.pypa.io/en/latest/userguide/miscellaneous.html#using-manifest-in,3,3,0.0
url,https://setuptools.pypa.io/en/latest/userguide/pyproject_config.html,3,3,0.0
url,https://test.pypi.org/,3,3,0.0
url,https://toml.io/,3,3,0.0
url,https://blog.ganssle.io/articles/2021/10/setup-py-deprecated.html,2,2,0.0
url,https://developers.redhat.com/products/softwarecollections/overview,2,2,0.0
url,https://docs.microsoft.com/en-us/windows/win32/shell/user-environment-variables?redirectedfrom=MSDN,2,2,0.0
url,https://docs.pypi.org/trusted-publishers/,2,2,0.0
url,https://docs.python.org/3/library/sysconfig.html#sysconfig.get_platform,2,2,0.0
url,https://flit.pypa.io/en/stable/,2,2,0.0
url,https://github.com/jazzband/pip-tools,2,2,0.0
url,https://github.com/pypa/packaging.python.org/blob/main/source/guides/index.rst?plain=true,2,3,0.0
url,https://github.com/pypa/packaging.python.org/blob/main/source/guides/installing-using-pip-and-virtual-environments.rst?plain=true,2,2,0.0
url,https://github.com/pypa/packaging.python.org/blob/main/source/index.rst?plain=true,2,2,0.0
url,https://github.com/pypa/packaging.python.org/edit/main/source/guides/installing-using-pip-and-virtual-environments.rst,2,2,0.0
url,https://github.com/pypa/pip/issues,2,2,0.0
url,https://github.com/python-poetry/poetry,2,2,0.0
url,https://github.com/sclorg,2,3,0.0
url,https://hatch.pypa.io/1.9/version/,2,2,0.0
url,https://hatch.pypa.io/latest/config/metadata/,2,2,0.0
url,https://numpy.org/,2,2,0.0
url,https://packaging.pypa.io/en/latest/index.html,2,2,0.0
url,https://peps.python.org/pep-0427/,2,2,0.0
url,https://peps.python.org/pep-0751/,2,3,0.0
url,https://pip.pypa.io/en/latest/cli/pip_install/#install-no-binary,2,2,0.0
url,https://pip.pypa.io/en/latest/cli/pip_install/#pip-install,2,2,0.0
url,https://pip.pypa.io/en/latest/reference/build-system/pyproject-toml/,2,2,0.0
url,https://pip.pypa.io/en/stable/user_guide/#user-installs,2,2,0.0
url,https://pypi.org/project/keyring/,2,2,0.0
url,https://pypi.org/project/pip,2,2,0.0
url,https://pypi.org/project/pip-tools/,2,2,0.0
url,https://pypi.org/project/pipenv,2,2,0.0
url,https://pypi.org/project/poetry-core/,2,2,0.0
url,https://pypi.org/project/py2exe/,2,2,0.0
url,https://pypy.org/,2,2,0.0
url,https://python-poetry.org/,2,2,0.0
url,https://scipy.org/install/#macos,2,2,0.0
url,https://setuptools.pypa.io/,2,2,0.0
url,https://stackoverflow.com/a/14638025,2,2,0.0
url,https://thomasnyberg.com/cpp_extension_modules.html,2,2,0.0
url,https://twine.readthedocs.io/en/latest/,2,2,0.0
url,https://typer.tiangolo.com/,2,2,0.0
url,https://www.fullstackpython.com/docker.html,2,2,0.0
url,https://appimage.org/,1,1,0.0
url,https://aws.amazon.com/s3/,1,1,0.0
url,https://brython.info/,1,1,0.0
url,https://click.palletsprojects.com/,1,1,0.0
url,https://console.developers.google.com/apis/library/bigquery-json.googleapis.com,1,1,0.0
url,https://copr.fedorainfracloud.org/coprs/pypa/pypa/,1,1,0.0
url,https://developer.mozilla.org/en-US/docs/Web/HTTP/Content_negotiation,1,1,0.0
url,https://docs.anaconda.com/miniconda/,1,1,0.0
url,https://docs.github.com/en/get-started/writing-on-github/getting-started-with-writing-and-formatting-on-github/basic-writing-and-formatting-syntax,1,1,0.0
url,https://docs.pulpproject.org/pulp_python/,1,1,0.0
url,https://docs.python-guide.org/starting/installation/,1,1,0.0
url,https://docs.python.org/3/library/argparse.html#module-argparse,1,1,0.0
url,https://docs.python.org/3/library/importlib.html,1,1,0.0
url,https://docs.python.org/3/library/importlib.metadata.html,1,1,0.0
url,https://docs.python.org/3/library/pkgutil.html#pkgutil.iter_modules,1,1,0.0
url,https://docs.python.org/3/reference/lexical_analysis.html#identifiers,1,1,0.0
url,https://docutils.sourceforge.io/docs/ref/rst/directives.html,1,1,0.0
url,https://en.wikipedia.org/wiki/Linux_distribution,1,1,0.0
url,https://en.wikipedia.org/wiki/Platform_as_a_service,1,1,0.0
url,https://files.pythonhosted.org/packages/eb/45/79be82bdeafcecb9dca474cad4003e32ef8e4a0dec6abbd4145ccb02abe1/sampleproject-1.2.0.tar.gz,1,1,0.0
url,https://flask-pypi-proxy.readthedocs.io/,1,1,0.0
url,https://flexx.readthedocs.io/en/latest/,1,1,0.0
url,https://flit.pypa.io/en/stable/pyproject_toml.html,1,1,0.0
url,https://github.com/actions/download-artifact,1,1,0.0
url,https://github.com/chriskuehl/dumb-pypi,1,1,0.0
url,https://github.com/conda/constructor,1,1,0.0
url,https://github.com/devpi/devpi/issues,1,1,0.0
url,https://github.com/linkedin/shiv#user-content-shiv,1,1,0.0
url,https://github.com/marketplace/actions/pypi-publish,1,1,0.0
url,https://github.com/pdm-project/pdm,1,1,0.0
url,https://github.com/pdm-project/pdm/,1,1,0.0
url,https://github.com/pypa/bandersnatch,1,1,0.0
url,https://github.com/pypa/distlib,1,1,0.0
url,https://github.com/pypa/linehaul-cloud-function/,1,1,0.0
url,https://github.com/pypa/packaging,1,1,0.0
url,https://github.com/pypa/packaging.python.org/,1,1,0.0
url,https://github.com/pypa/packaging.python.org/blob/main/source/discussions/versioning.rst?plain=true,1,1,0.0
url,https://github.com/pypa/packaging.python.org/blob/main/source/flow.rst?plain=true,1,1,0.0
url,https://github.com/pypa/packaging.python.org/blob/main/source/guides/hosting-your-own-index.rst?plain=true,1,1,0.0
url,https://github.com/pypa/packaging.python.org/blob/main/source/guides/installing-using-virtualenv.rst?plain=true,1,1,0.0
url,https://github.com/pypa/packaging.python.org/blob/main/source/guides/packaging-binary-extensions.rst?plain=true,1,1,0.0
url,https://github.com/pypa/packaging.python.org/blob/main/source/guides/writing-pyproject-toml.rst?plain=true,1,1,0.0
url,https://github.com/pypa/packaging.python.org/blob/main/source/key_projects.rst?plain=true,1,1,0.0
url,https://github.com/pypa/packaging.python.org/blob/main/source/overview.rst?plain=true,1,1,0.0
url,https://github.com/pypa/packaging.python.org/blob/main/source/specifications/externally-managed-environments.rst?plain=true,1,1,0.0
url,https://github.com/pypa/packaging.python.org/edit/main/source/discussions/deploying-python-applications.rst,1,1,0.0
url,https://github.com/pypa/packaging.python.org/edit/main/source/glossary.rst,1,1,0.0
url,https://github.com/pypa/packaging.python.org/edit/main/source/guides/installing-scientific-packages.rst,1,1,0.0
url,https://github.com/pypa/packaging.python.org/edit/main/source/guides/publishing-package-distribution-releases-using-github-actions-ci-cd-workflows.rst,1,1,0.0
url,https://github.com/pypa/packaging.python.org/edit/main/source/guides/writing-pyproject-toml.rst,1,1,0.0
url,https://github.com/pypa/packaging.python.org/edit/main/source/key_projects.rst,1,1,0.0
url,https://github.com/pypa/packaging.python.org/edit/main/source/specifications/dependency-groups.rst,1,1,0.0
url,https://github.com/pypa/pip/issues/1668,1,1,0.0
url,https://github.com/pypa/pipenv,1,1,0.0
url,https://github.com/pypa/readme_renderer,1,1,0.0
url,https://github.com/pypa/sample-namespace-packages/tree/master/native,1,1,0.0
url,https://github.com/pypa/setuptools/issues,1,1,0.0
url,https://github.com/pypa/warehouse,1,1,0.0
url,https://github.com/pypa/warehouse/issues,1,1,0.0
url,https://github.com/python/cpython/blob/main/Lib/functools.py,1,1,0.0
url,https://github.com/python/mypy,1,1,0.0
url,https://github.com/thoth-station/micropipenv,1,1,0.0
url,https://github.com/toml-lang/toml,1,1,0.0
url,https://github.com/uranusjr/simpleindex,1,1,0.0
url,https://hosted.weblate.org/projects/pypa/packaging-python-org/,1,2,0.0
url,https://httpd.apache.org/,1,1,0.0
url,https://ius.io/usage#parallel-installable-packages,1,1,0.0
url,https://kivy.org/,1,1,0.0
url,https://mail.python.org/pipermail/distutils-sig/2013-May/020855.html,1,1,0.0
url,https://meson-python.readthedocs.io/en/latest/,1,1,0.0
url,https://pdm-project.org/latest/reference/pep621/,1,1,0.0
url,https://pdm.fming.dev/,1,1,0.0
url,https://peps.python.org/pep-0386/,1,1,0.0
url,https://peps.python.org/pep-0459/,1,1,0.0
url,https://peps.python.org/pep-0599/,1,1,0.0
url,https://peps.python.org/pep-0621/,1,1,0.0
url,https://peps.python.org/pep-0621/#license,1,1,0.0
url,https://peps.python.org/pep-0685/,1,1,0.0
url,https://peps.python.org/pep-0735/,1,1,0.0
url,https://peps.python.org/pep-0770/,1,1,0.0
url,https://py2app.readthedocs.io/en/latest/,1,1,0.0
url,https://pybee.org/,1,1,0.0
url,https://pyinstaller.readthedocs.io/en/stable/,1,1,0.0
url,https://pypi.org/help/#apitoken,1,1,0.0
url,https://pypi.org/manage/account/#api-tokens,1,1,0.0
url,https://pypi.org/project/Flask/,1,1,0.0
url,https://pypi.org/project/bandersnatch,1,1,0.0
url,https://pypi.org/project/build,1,1,0.0
url,https://pypi.org/project/lxml/,1,1,0.0
url,https://pypi.org/project/pdm,1,1,0.0
url,https://pypi.org/project/requests/,1,1,0.0
url,https://pypi.org/project/simpleindex/,1,1,0.0
url,https://scikit-build.readthedocs.io/en/latest/,1,1,0.0
url,https://semver.org/,1,1,0.0
url,https://server.ethicalads.io/proxy/click/8174/01989a04-2564-73d0-9fb2-303339269a2a/,1,1,0.0
url,https://server.ethicalads.io/proxy/click/8174/0198a451-b412-7882-b3f4-960316a81693/,1,1,0.0
url,https://server.ethicalads.io/proxy/click/8174/0198a4b9-2e9e-76e3-b1a6-7b39d3464ee2/,1,1,0.0
url,https://server.ethicalads.io/proxy/click/8175/0198a2ea-10df-75b1-a7ae-2f9f9db22fc9/,1,1,0.0
url,https://server.ethicalads.io/proxy/click/8175/0198a2ec-e6de-7912-b47d-8765c7694ed9/,1,1,0.0
url,https://server.ethicalads.io/proxy/click/8176/0198a203-5853-70e1-aa19-17437b0a50d5/,1,1,0.0
url,https://server.ethicalads.io/proxy/click/9025/0198a303-6432-7f80-85ea-7bd972b0564d/,1,1,0.0
url,https://server.ethicalads.io/proxy/click/9027/0198a3bd-69a7-74d1-95f5-a00bdbe9b6dc/,1,1,0.0
url,https://server.ethicalads.io/proxy/click/9028/0198a505-f781-7d81-8c3b-17b5178fd994/,1,1,0.0
url,https://server.ethicalads.io/proxy/click/9071/0198a102-19c8-7633-bbc3-d3040cb538c6/,1,1,0.0
url,https://server.ethicalads.io/proxy/click/9071/0198a2ed-ef00-74c0-afd9-5ab2f889c573/,1,1,0.0
url,https://server.ethicalads.io/proxy/click/9074/0198a212-05ee-7ff0-b272-625e01f9d6c5/,1,1,0.0
url,https://server.ethicalads.io/proxy/click/9121/0198a2ed-4ec1-7980-bd73-e2e60148d78c/,1,1,0.0
url,https://setuptools-scm.readthedocs.io/en/latest/,1,1,0.0
url,https://setuptools.pypa.io/en/latest/deprecated/commands.html,1,1,0.0
url,https://setuptools.pypa.io/en/latest/deprecated/distutils/setupscript.html#distutils-additional-files,1,1,0.0
url,https://setuptools.pypa.io/en/latest/userguide/index.html,1,1,0.0
url,https://setuptools.pypa.io/en/latest/userguide/package_discovery.html#src-layout,1,1,0.0
url,https://setuptools.readthedocs.io/en/latest/deprecated/easy_install.html#natural-script-launcher,1,1,0.0
url,https://setuptools.readthedocs.io/en/latest/pkg_resources.html#namespace-package-support,1,1,0.0
url,https://spdx.github.io/spdx-spec/v2.2.2/SPDX-license-expressions/,1,1,0.0
url,https://test.pypi.org/manage/account/publishing/,1,1,0.0
url,https://thomasnyberg.com/what_are_extension_modules.html,1,1,0.0
url,https://tox.wiki/en/latest/index.html,1,1,0.0
url,https://translate.google.com/website?sl=en&tl=ar&hl=ar&client=sge&u=https://pip.pypa.io/en/latest/user_guide/%23user-installs,1,1,0.0
url,https://visualstudio.microsoft.com/downloads/,1,1,0.0
url,https://wheel.readthedocs.io/en/latest/,1,1,0.0
url,https://www.ethicalads.io/advertisers/topics/devops/?ref=ea-text,1,1,0.0
url,https://www.youtube.com/watch?v=iLVNWfPWAC8,1,1,0.0
