name,visitors,bounce_rate,visit_duration
Google,5708,81,72
pypi.org,4359,80,65
Direct / None,3143,71,107
jupyter.org,513,80,37
pip.pypa.io,435,76,59
docs.python.org,355,71,115
Bing,252,85,30
DuckDuckGo,207,73,113
GitHub,142,86,91
Brave,120,82,42
docs.astral.sh,115,83,59
peps.python.org,105,73,67
Yandex,63,91,6
Microsoft Teams,40,76,54
huggingface.co,38,88,13
Hacker News,34,83,14
chatgpt.com,30,78,99
test.pypi.org,27,83,96
Ecosia,24,84,129
setuptools.pypa.io,24,80,59
discuss.python.org,20,76,143
ai.google.dev,19,84,17
pypi.com.cn,15,86,59
Perplexity,13,77,126
Yahoo!,13,77,126
docs.pypi.org,12,83,7
roadmap.sh,11,73,41
Youtube,9,90,14
devdocs.ms.com,9,70,29
docs.pytest.org,9,100,0
realpython.com,9,50,88
Qwant,8,75,231
dev.azure.com,8,88,8
docs.ansible.com,8,88,1
pypa.io,8,44,276
python-poetry.org,8,100,0
bytedance.larkoffice.com,7,67,78
scipy.org,7,57,349
builtin.com,6,57,213
link.csdn.net,6,100,0
packaging.pypa.io,6,60,193
pixi.sh,6,83,2
twine.readthedocs.io,6,50,461
udemy.com,6,67,447
flask.palletsprojects.com,5,80,3
pipx.pypa.io,5,60,10
pydevtools.com,5,100,0
python.org,5,80,1
Reddit,4,100,0
clickhouse.com,4,67,19
cs50.readthedocs.io,4,100,0
docs.zephyrproject.org,4,100,0
unity-technologies.github.io,4,75,47
validate-pyproject.readthedocs.io,4,100,0
docs.pytorch.org,3,100,0
link.zhihu.com,3,100,0
packaging-python-org.translate.goog,3,67,225
post_page-----20f57197aa1c---------------------------------------,3,100,0
pyarmor.readthedocs.io,3,75,4
qiita.com,3,33,21
robotframework.org,3,100,0
ankitagupta1003.github.io,2,100,0
ansible-cmdb.readthedocs.io,2,100,0
bitbucket.org,2,100,0
blog.csdn.net,2,100,0
cantera.org,2,100,0
confluence,2,100,0
copilot.microsoft.com,2,50,178
cython.readthedocs.io,2,100,0
datahub.berkeley.edu,2,100,0
developer.docs.protegrity.com,2,100,0
docs.blender.org,2,100,0
docs.conda.io,2,50,18
docs.isaacsim.omniverse.nvidia.com,2,100,0
docs.lumi-supercomputer.eu,2,100,0
fpgmaas.github.io,2,50,55
freedium.cfd,2,67,294
gall.dcinside.com,2,100,0
github.boozallencsn.com,2,100,0
habr.com,2,100,0
help.tableau.com,2,100,0
jcheng.org,2,0,427
jetbrains.com.cn,2,100,0
jira2.workday.com,2,67,399
launchpad.net,2,100,0
learn.microsoft.com,2,100,0
lightspeed,2,100,0
lixx.org,2,0,59
login.microsoftonline.com,2,100,0
maktabkhooneh.org,2,50,174
medium.com,2,100,0
pybind11.readthedocs.io,2,0,772
pygraphviz.github.io,2,100,0
pyopensci.org,2,100,0
seungriyou.github.io,2,50,18
statics.gov.teams.microsoft.us,2,100,0
upload.pypi.org,2,50,26
uv.doczh.com,2,50,13
virtual-campus.csod.com,2,100,0
www2.microstrategy.com,2,100,0
501c1bde1db34eb9-dot-us-central1.notebooks.googleusercontent.com,1,100,0
Gmail,1,100,0
InfoSpace,1,100,0
Naver,1,100,0
StackOverflow,1,100,0
Telegram,1,100,0
a237505-bec2-b6606334.cqa1.seetacloud.com,1,100,0
ai.azure.com,1,100,0
amd.atlassian.net,1,100,0
ansible.readthedocs.io,1,100,0
api.kanerai.com,1,100,0
app.readthedocs.org,1,100,0
auto.gluon.ai,1,100,0
bachert.info,1,100,0
bitbucket.alior.pl,1,100,0
bitbucketdc-cluster07.jpmchase.net,1,100,0
blog.51cto.com,1,100,0
blog.ephorie.de,1,100,0
blueorange.com.ar,1,100,0
caas.open-webui.godaddy.com,1,100,0
careerfoundry.com,1,100,0
cartography-cncf.github.io,1,100,0
cdm1prepwebf03.azurewebsites.net,1,100,0
cedt-gct-bitbucket.nam.nsroot.net,1,100,0
claude.ai,1,0,169
cloudskillsboost.google,1,100,0
cmd2.readthedocs.io,1,100,0
coderivers.org,1,0,1
confluence.astrazeneca.com,1,100,0
confluence.bny.net,1,100,0
confluence.dell.com,1,100,0
confluence.fmr.com,1,100,0
confluence.garmin.com,1,100,0
confluence.rmd.ray.com,1,100,0
console.his.huawei.com,1,100,0
contentsquare.atlassian.net,1,100,0
copyrocket.ai,1,0,237
dataplatform.cloud.ibm.com,1,0,15
dev.mysql.com,1,100,0
devdocs.io,1,100,0
developer.bsi-software.com,1,100,0
dnmtechs.com,1,100,0
doc.courtbouillon.org,1,100,0
doc.qt.io,1,100,0
docs-ansible-com.translate.goog,1,0,391
docs-python-org.translate.goog,1,100,0
docs.canva.tech,1,100,0
docs.cloudera.com,1,100,0
docs.determined.ai,1,100,0
docs.keysight.com,1,100,0
docs.monai.io,1,100,0
docs.pygeoapi.io,1,100,0
docs.renovatebot.com,1,100,0
docs.sqlalchemy.org,1,100,0
docs.vantage6.ai,1,100,0
docutils.sourceforge.io,1,100,0
doubao.com,1,0,136
ds-finetuning-kixt.notebook.us-west-2.sagemaker.aws,1,100,0
ekipedia.ekinops.com,1,100,0
enterprise-confluence.onefiserv.net,1,100,0
eureka.bank.swissquote.ch,1,100,0
exceptionfactory.com,1,100,0
fastapidozero.dunossauro.com,1,100,0
finance-ganges-kf-ue1.cloud.capitalone.com,1,0,648
gaphor.org,1,100,0
genai.jnj.com,1,100,0
gerrit.marine.garmin.com,1,100,0
github-wiki-see.page,1,100,0
github.amd.com,1,100,0
github.cloud.capitalone.com,1,100,0
greenteapress.com,1,100,0
grok.com,1,100,0
hackerweb.app,1,100,0
hr.okta-emea.com,1,100,0
hub.displaycal.net,1,100,0
iconectados.sharepoint.com,1,100,0
idbs-hub.atlassian.net,1,100,0
igraph.org,1,100,0
infoworld.com,1,100,0
innovationspace.ansys.com,1,100,0
jetbrains.com,1,100,0
jfrog.com,1,100,0
jianshu.com,1,100,0
jinja.palletsprojects.com,1,100,0
jira.arm.com,1,100,0
jira3.ms.com,1,100,0
jive.ms.com,1,100,0
joss.readthedocs.io,1,100,0
jupyterhub-ml.samokat.ru,1,100,0
kitmaker.gitlab-master-pages.nvidia.com,1,100,0
linkedin.github.io,1,100,0
matextract.pub,1,100,0
mathieularose.com,1,100,0
nddmedtech.visualstudio.com,1,100,0
notion.so,1,100,0
nzmath.sourceforge.io,1,100,0
omniverse-docs.s3-website-us-east-1.amazonaws.com,1,100,0
opensource.guide,1,100,0
opus.nci.org.au,1,100,0
os-collab.pages.cloud.statcan.ca,1,100,0
pages.github.tools.sap,1,0,20
pages.vic.verkor.com,1,100,0
philipkiely.com,1,0,103
post_page-----2eb2a27523a3--------------------------------,1,100,0
product.hubteam.com,1,100,0
psif-docs.ews.gic.ericsson.se,1,100,0
pygments.org,1,100,0
pynguin.readthedocs.io,1,100,0
pypi-org.translate.goog,1,100,0
python-forum.io,1,100,0
python-guide-pt-br.readthedocs.io,1,0,94
python-markdown.github.io,1,0,1
python.plainenglish.io,1,100,0
pythonwheels.com,1,0,37
quarto.org,1,100,0
rd.pages.innovatrics.net,1,100,0
region-9.autodl.pro,1,100,0
reviewboard.org,1,100,0
rimestechnologies.atlassian.net,1,100,0
runebook.dev,1,0,25
rushhour.fmr.com,1,100,0
sdk.meltano.com,1,100,0
search.gaming-house.net,1,100,0
search.voicecommandsearcher.com,1,100,0
sky.pro,1,100,0
smartweb.myergon.local,1,100,0
sms.icp.infineon.com,1,100,0
spotify.github.io,1,100,0
stjohn.github.io,1,0,40
studio.genai.cba,1,100,0
tess.pareto.io,1,100,0
third-bit.com,1,100,0
towardsdev.com,1,100,0
trivy.dev,1,100,0
tutti.prod.bloomberg.com,1,100,0
university.moldex3d.cloud,1,0,18
wbarillon.medium.com,1,0,104
wheelnext.dev,1,100,0
wiki.at.sky,1,100,0
wiki.corp.adobe.com,1,100,0
wiki.itgit.oneadr.net,1,100,0
wiki.ms.com,1,100,0
wikidocs.net,1,100,0
yuque.antfin.com,1,100,0
