name,unique_entrances,total_entrances,visit_duration
/ko/dev/c-api/marshal.html,208,208,26
/ja/3.13/c-api/capsule.html,170,170,60
/ko/3.13/tutorial/index.html,55,55,84
/ko/3.13/library/index.html,47,55,252
/ko/3/tutorial/index.html,36,37,344
/3/,30,30,146
/ko/3.13/installing/index.html,30,30,21
/ko/3.13/c-api/bytes.html,26,26,0
/ko/3/,25,29,459
/ko/3.13/library/idle.html,17,18,36
/ko/3.13/library/pathlib.html,15,15,114
/ko/3.13/library/random.html,15,15,59
/ko/3.13/library/threading.html,15,15,46
/ko/3.13/tutorial/interpreter.html,14,15,0
/ko/dev/library/turtle.html,14,14,11
/ko/3.13/howto/sorting.html,13,13,12
/ko/3.13/library/functions.html,13,17,116
/ko/3.13/library/subprocess.html,13,13,74
/ko/3.13/library/asyncio.html,12,12,20
/ko/3.13/library/collections.html,12,12,0
/ko/dev/library/idle.html,12,12,45
/3/tutorial/index.html,11,11,639
/ko/3.13/howto/regex.html,11,11,45
/ko/3.13/search.html,11,11,283
/ko/3.13/tutorial/errors.html,10,11,32
/ko/3.13/library/asyncio-task.html,9,10,0
/ko/3/library/index.html,9,9,22
/ko/3.13/library/multiprocessing.html,8,8,150
/ko/3.13/tutorial/classes.html,8,9,749
/ko/3.13/tutorial/datastructures.html,8,8,151
/ko/3.13/whatsnew/index.html,8,8,1
/ko/3/library/tempfile.html,8,8,1339
/ko/3.13/library/json.html,7,7,0
/ko/3.13/library/sys.html,7,7,814
/ko/3.13/library/turtle.html,7,7,30
/ko/3.13/library/xml.etree.elementtree.html,7,8,0
/ko/3.13/tutorial/modules.html,7,7,57
/ko/3/howto/regex.html,7,8,2
/ko/3/library/functions.html,7,9,344
/ko/3/tutorial/appetite.html,7,7,958
/ko/3/tutorial/datastructures.html,7,7,26
/3/library/functions.html,6,6,267
/ko/3.13/,6,6,15
/ko/3.13/glossary.html,6,6,191
/ko/3.13/library/abc.html,6,6,338
/ko/3.13/library/concurrent.futures.html,6,6,5
/ko/3.13/library/datetime.html,6,6,209
/ko/3.13/library/exceptions.html,6,6,0
/ko/3.13/library/intro.html,6,6,6
/ko/3.13/library/itertools.html,6,6,244
/ko/3.13/library/pickle.html,6,6,20
/ko/3.13/library/shutil.html,6,6,0
/ko/3.13/library/stdtypes.html,6,6,15
/ko/3/tutorial/,6,7,28
/ko/3/tutorial/introduction.html,6,6,56
/ko/3.13/howto/sockets.html,5,5,7
/ko/3.13/library/array.html,5,5,0
/ko/3.13/library/math.html,5,5,0
/ko/3.13/library/profile.html,5,5,2
/ko/3.13/library/re.html,5,5,352
/ko/3.13/library/urllib.parse.html,5,5,0
/ko/3.13/library/zipfile.html,5,5,453
/ko/3.13/tutorial/appetite.html,5,6,38
/ko/3.13/tutorial/controlflow.html,5,5,56
/ko/3/glossary.html,5,5,0
/ko/3/library/contextlib.html,5,5,0
/ko/3/library/uuid.html,5,5,277
/ko/3/search.html,5,9,1167
/3.13/using/windows.html,4,4,18
/3/reference/index.html,4,4,2010
/3/tutorial/,4,4,828
/ko/3.13/howto/index.html,4,4,20
/ko/3.13/index.html,4,4,222
/ko/3.13/library/ast.html,4,4,75
/ko/3.13/library/csv.html,4,4,232
/ko/3.13/library/heapq.html,4,4,6
/ko/3.13/library/html.parser.html,4,4,0
/ko/3.13/library/pdb.html,4,4,0
/ko/3.13/library/pprint.html,4,4,1648
/ko/3.13/library/warnings.html,4,4,6
/ko/3.13/reference/index.html,4,4,12
/ko/3.13/tutorial/inputoutput.html,4,4,229
/ko/3.13/using/windows.html,4,4,34
/ko/3/reference/,4,4,7
/3.13/index.html,3,3,1809
/3.13/tutorial/,3,3,350
/3.13/tutorial/index.html,3,3,44
/3/library/index.html,3,4,5950
/3/library/pathlib.html,3,3,1099
/3/library/socket.html,3,3,808
/3/library/turtle.html,3,3,31
/3/library/typing.html,3,3,2306
/ko/3.13/howto/functional.html,3,3,0
/ko/3.13/library/__future__.html,3,3,22
/ko/3.13/library/glob.html,3,3,0
/ko/3.13/library/importlib.html,3,3,0
/ko/3.13/library/inspect.html,3,3,22
/ko/3.13/library/logging.html,3,3,0
/ko/3.13/library/os.html,3,3,0
/ko/3.13/library/struct.html,3,3,1398
/ko/3.13/library/tkinter.ttk.html,3,3,0
/ko/3.13/library/unittest.html,3,3,0
/ko/3.13/tutorial/,3,3,4
/ko/3.13/tutorial/introduction.html,3,3,2
/ko/3.13/whatsnew/3.8.html,3,3,0
/ko/3/c-api/intro.html,3,3,0
/ko/3/library/,3,3,0
/ko/3/library/datetime.html,3,3,0
/ko/3/library/math.html,3,4,0
/ko/3/library/socketserver.html,3,3,103
/ko/3/library/stdtypes.html,3,3,14
/ko/3/library/xml.etree.elementtree.html,3,3,0
/ko/3/reference/lexical_analysis.html,3,3,149
/ko/3/tutorial/controlflow.html,3,3,872
/ko/3/tutorial/interpreter.html,3,3,869
/ko/3/using/windows.html,3,3,0
/ko/dev/library/asyncio-task.html,3,3,0
/ko/dev/library/marshal.html,3,3,2
/ko/dev/library/tkinter.ttk.html,3,3,0
/3.15/search.html,2,2,630
/3/index.html,2,2,519
/3/library/datetime.html,2,2,43
/3/library/json.html,2,2,1902
/3/library/random.html,2,2,280
/3/library/stdtypes.html,2,2,880
/3/search.html,2,2,476
/3/tutorial/controlflow.html,2,2,114
/3/tutorial/introduction.html,2,2,2386
/ja/3.13/c-api/stable.html,2,2,10
/ja/3.13/extending/extending.html,2,2,20
/ko/3.12/faq/design.html,2,2,0
/ko/3.12/library/dataclasses.html,2,2,0
/ko/3.12/tutorial/venv.html,2,2,0
/ko/3.13/c-api/dict.html,2,2,124
/ko/3.13/c-api/index.html,2,2,0
/ko/3.13/howto/logging.html,2,2,0
/ko/3.13/library/argparse.html,2,4,0
/ko/3.13/library/builtins.html,2,2,0
/ko/3.13/library/copy.html,2,2,0
/ko/3.13/library/dialog.html,2,2,38
/ko/3.13/library/difflib.html,2,2,190
/ko/3.13/library/doctest.html,2,2,887
/ko/3.13/library/getopt.html,2,2,0
/ko/3.13/library/gzip.html,2,2,0
/ko/3.13/library/http.client.html,2,2,6
/ko/3.13/library/io.html,2,2,0
/ko/3.13/library/os.path.html,2,2,0
/ko/3.13/library/runpy.html,2,2,0
/ko/3.13/library/smtplib.html,2,2,0
/ko/3.13/library/unicodedata.html,2,4,0
/ko/3.13/library/weakref.html,2,2,138
/ko/3.13/using/cmdline.html,2,2,10
/ko/3.13/using/index.html,2,2,10
/ko/3.13/whatsnew/3.5.html,2,2,0
/ko/3/contents.html,2,2,2
/ko/3/extending/embedding.html,2,2,0
/ko/3/index.html,2,2,311
/ko/3/library/asyncio-eventloop.html,2,2,0
/ko/3/library/asyncio-sync.html,2,2,0
/ko/3/library/asyncio-task.html,2,2,0
/ko/3/library/asyncio.html,2,2,14
/ko/3/library/collections.html,2,2,749
/ko/3/library/configparser.html,2,2,0
/ko/3/library/string.html,2,2,0
/ko/3/library/tokenize.html,2,2,0
/ko/3/library/webbrowser.html,2,2,2
/ko/3/reference/index.html,2,2,0
/ko/dev/howto/curses.html,2,2,0
/ko/dev/library/asyncio-eventloop.html,2,2,360
/ko/dev/library/codecs.html,2,2,0
/ko/dev/reference/expressions.html,2,2,38
/3.13/library/math.html,1,1,1254
/3.13/library/sqlite3.html,1,1,0
/3.13/reference/index.html,1,1,36
/3.13/whatsnew/3.13.html,1,1,47
/3.15/,1,1,167
/3/c-api/init.html,1,1,707
/3/faq/windows.html,1,1,1418
/3/glossary.html,1,1,516
/3/howto/functional.html,1,1,0
/3/library/asyncio-task.html,1,1,0
/3/library/bisect.html,1,1,2593
/3/library/difflib.html,1,1,0
/3/library/email.examples.html,1,1,162
/3/library/idle.html,1,1,0
/3/library/inspect.html,1,1,2599
/3/library/math.html,1,1,22
/3/library/sqlite3.html,1,1,0
/3/library/string.html,1,1,106
/3/library/struct.html,1,1,2160
/3/library/timeit.html,1,1,0
/3/library/tkinter.html,1,1,19
/3/library/venv.html,1,1,0
/3/license.html,1,1,82
/3/py-modindex.html,1,1,4
/3/reference/lexical_analysis.html,1,1,0
/3/tutorial/appetite.html,1,1,53
/3/tutorial/errors.html,1,1,385
/3/tutorial/inputoutput.html,1,1,1060
/3/using/windows.html,1,1,1029
/3/whatsnew/3.0.html,1,1,0
/3/whatsnew/3.13.html,1,1,69
/3/whatsnew/index.html,1,1,29
/es/3.13/library/string.html,1,1,83
/it/3.13/tutorial/index.html,1,1,399
/ja/3.13/,1,1,0
/ja/3.13/c-api/structures.html,1,1,177
/ja/3.13/copyright.html,1,1,528
/ko/3.12/,1,1,61
/ko/3.12/genindex-S.html,1,1,0
/ko/3.12/howto/perf_profiling.html,1,1,982
/ko/3.12/installing/index.html,1,1,0
/ko/3.12/library/asyncio.html,1,1,0
/ko/3.12/library/codecs.html,1,1,0
/ko/3.12/library/functional.html,1,1,0
/ko/3.12/library/mailbox.html,1,1,0
/ko/3.12/library/stdtypes.html,1,1,0
/ko/3.12/library/subprocess.html,1,1,0
/ko/3.12/library/sys.html,1,1,1357
/ko/3.12/library/typing.html,1,1,0
/ko/3.12/tutorial/classes.html,1,1,0
/ko/3.12/using/windows.html,1,1,0
/ko/3.12/whatsnew/3.12.html,1,1,0
/ko/3.13/c-api/arg.html,1,1,0
/ko/3.13/c-api/init.html,1,1,0
/ko/3.13/howto/logging-cookbook.html,1,1,0
/ko/3.13/library/asyncio-dev.html,1,1,0
/ko/3.13/library/asyncio-eventloop.html,1,1,0
/ko/3.13/library/asyncio-exceptions.html,1,1,0
/ko/3.13/library/asyncio-future.html,1,1,0
/ko/3.13/library/asyncio-runner.html,1,1,130
/ko/3.13/library/atexit.html,1,1,0
/ko/3.13/library/binascii.html,1,1,0
/ko/3.13/library/calendar.html,1,1,0
/ko/3.13/library/concurrency.html,1,1,0
/ko/3.13/library/ctypes.html,1,1,0
/ko/3.13/library/email.parser.html,1,1,0
/ko/3.13/library/ensurepip.html,1,1,0
/ko/3.13/library/ftplib.html,1,1,0
/ko/3.13/library/functools.html,1,1,0
/ko/3.13/library/hmac.html,1,1,0
/ko/3.13/library/http.server.html,1,1,27
/ko/3.13/library/linecache.html,1,1,0
/ko/3.13/library/locale.html,1,1,0
/ko/3.13/library/logging.handlers.html,1,1,0
/ko/3.13/library/mimetypes.html,1,1,0
/ko/3.13/library/mmap.html,1,1,0
/ko/3.13/library/numbers.html,1,1,7
/ko/3.13/library/numeric.html,1,1,0
/ko/3.13/library/platform.html,1,1,0
/ko/3.13/library/pty.html,1,1,0
/ko/3.13/library/secrets.html,1,1,0
/ko/3.13/library/select.html,1,1,0
/ko/3.13/library/shlex.html,1,2,0
/ko/3.13/library/signal.html,1,1,0
/ko/3.13/library/sqlite3.html,1,1,0
/ko/3.13/library/ssl.html,1,1,0
/ko/3.13/library/statistics.html,1,1,0
/ko/3.13/library/string.html,1,1,0
/ko/3.13/library/time.html,1,1,0
/ko/3.13/library/timeit.html,1,1,0
/ko/3.13/library/tkinter.html,1,1,0
/ko/3.13/library/venv.html,1,1,0
/ko/3.13/library/winreg.html,1,1,0
/ko/3.13/library/xml.sax.handler.html,1,1,0
/ko/3.13/library/zlib.html,1,1,0
/ko/3.13/library/zoneinfo.html,1,1,0
/ko/3.13/reference/compound_stmts.html,1,1,247
/ko/3.13/reference/datamodel.html,1,1,0
/ko/3.13/reference/introduction.html,1,1,0
/ko/3.13/tutorial/stdlib.html,1,1,49
/ko/3.13/tutorial/venv.html,1,1,663
/ko/3.13/using/editors.html,1,1,2692
/ko/3.13/whatsnew/3.13.html,1,1,1917
/ko/3.13/whatsnew/3.7.html,1,1,0
/ko/3.14/library/site.html,1,1,0
/ko/3.14/tutorial/controlflow.html,1,1,0
/ko/3.14/tutorial/index.html,1,1,2
/ko/3.15/reference/index.html,1,1,0
/ko/3.15/tutorial/index.html,1,1,0
/ko/3/c-api/conversion.html,1,1,0
/ko/3/c-api/mapping.html,1,1,0
/ko/3/c-api/memoryview.html,1,1,0
/ko/3/c-api/type.html,1,1,0
/ko/3/c-api/utilities.html,1,1,3
/ko/3/deprecations/index.html,1,1,0
/ko/3/extending/extending.html,1,1,0
/ko/3/faq/gui.html,1,1,0
/ko/3/howto/a-conceptual-overview-of-asyncio.html,1,1,0
/ko/3/howto/descriptor.html,1,1,0
/ko/3/howto/index.html,1,1,0
/ko/3/howto/logging-cookbook.html,1,1,0
/ko/3/howto/unicode.html,1,1,0
/ko/3/howto/urllib2.html,1,1,0
/ko/3/library/asyncio-stream.html,1,1,0
/ko/3/library/asyncio-subprocess.html,1,1,1205
/ko/3/library/cmdline.html,1,1,0
/ko/3/library/compileall.html,1,1,0
/ko/3/library/concurrent.futures.html,1,1,0
/ko/3/library/decimal.html,1,1,0
