name,visitors
Singapore,65
Tokyo,50
Hong Kong,30
Paris,26
Guangzhou,24
Beijing,23
New York City,22
Frankfurt am Main,21
London,19
Hyderabad,18
Los Angeles,18
Tel Aviv,16
San Jose,16
Helsinki,15
Chicago,15
Moscow,14
Bengaluru,14
Shenzhen,13
Nanjing,13
Taipei,12
Amsterdam,12
Vienna,12
Prague,12
Mumbai,11
Fuzhou,11
Kraków,11
Oslo,11
Montréal,11
Xi’an,10
Shanghai,10
Stuttgart,10
Berlin,10
Madrid,10
São Paulo,10
Phoenix,10
Toronto,10
Wuhan,9
Chengdu,9
Copenhagen,9
Tehran,8
Nairobi,8
Dongguan,8
N/A,8
Munich,8
New Delhi,7
Lanzhou,7
Zürich,7
Dublin,7
Seattle,7
Warsaw,6
Pune,6
Delhi,6
Kuala Lumpur,6
Tianjin,6
Osaka,6
Milan,6
Mexico City,6
Charlotte,6
Ashburn,6
Brooklyn,6
San Francisco,6
Portland,6
Kolkata,5
Ho Chi Minh City,5
Da Nang,5
Chongqing,5
Changsha,5
Seoul,5
Düsseldorf,5
Poznań,5
Dallas,5
Reston,5
Cleveland,5
Oakland,5
Edmonton,5
N/A,5
Abu Dhabi,4
Kyiv,4
Rawalpindi,4
Lucknow,4
Guwahati,4
Wuhu,4
Hangzhou,4
Suwon,4
Suzhou,4
Sydney,4
Basel,4
Stockholm,4
Coimbra,4
Karlsruhe,4
Hamburg,4
Luxembourg,4
Lyon,4
Budapest,4
Camden Town,4
Santo André,4
Marília,4
Cali,4
Santiago,4
Huntsville,4
Washington,4
Elkridge,4
Philadelphia,4
Austin,4
Houston,4
Washington,4
Lynn,4
Hillsboro,4
Ottawa,4
N/A,4
Athens,3
Yaroslavl,3
Tallinn,3
Bucharest,3
Odessa,3
Lviv,3
Sofia,3
Lahore,3
Thāne,3
Chennai,3
Hanoi,3
Bangkok,3
Zhengzhou,3
Luoyang,3
Kunming,3
Jinan,3
Atsugi,3
Yokohama,3
Kyoto,3
Kawasaki,3
Melbourne,3
Ibadan,3
Waterlooville,3
Plymouth,3
Croydon,3
Fribourg,3
Göteborg,3
Rotterdam,3
Münster,3
Mannheim,3
Falkenstein,3
Dresden,3
Dreieich,3
Courbevoie,3
Bratislava,3
Barcelona,3
Naples,3
Bologna,3
Rio de Janeiro,3
Gustavo Adolfo Madero,3
Benito Juarez,3
Columbus,3
McKinney,3
Cambridge,3
The Bronx,3
San Mateo,3
Sunnyvale,3
Boardman,3
The Dalles,3
Kent,3
Calgary,3
Vancouver,3
Taizhou,3
N/A,3
N/A,3
N/A,2
Piraeus,2
Malatya,2
İzmir,2
Aydın,2
Cairo,2
Saransk,2
Samara,2
Perm,2
Penza,2
Nizhniy Novgorod,2
Krasnodar,2
Kazan,2
Aksay,2
Tbilisi,2
Batumi,2
Yerevan,2
Ceadîr-Lunga,2
Minsk,2
Vantaa,2
Ternopil,2
Thessaloníki,2
Istanbul,2
Pruszków,2
Harare,2
Johannesburg,2
Durban,2
Gujrat,2
Dhaka,2
Visakhapatnam,2
Vadodara,2
Ludhiāna,2
Hamīrpur,2
Aurangabad,2
Barnaul,2
Nur-Sultan,2
Surabaya,2
Magelang,2
Jakarta,2
Chang-hua,2
Quezon City,2
Bacolod City,2
Zibo,2
Anyang,2
Yuncheng,2
Quanzhou,2
Ningbo,2
Nanning,2
Langfang,2
Baoding,2
N/A,2
Phnom Penh,2
Utsunomiya,2
Okayama,2
Nishio,2
Nagareyama,2
Fukuoka,2
Shenyang,2
Chiba,2
Asahikawa,2
Almada,2
Accra,2
Lagos,2
N'Djamena,2
Ksar Hellal,2
Boufarik,2
Algiers,2
Valencia,2
Palma,2
Wokingham,2
Woking,2
Manchester,2
Royal Leamington Spa,2
Hook,2
Edinburgh,2
Cardiff,2
Cambridge,2
Spreitenbach,2
Langenbruck,2
Bulle,2
Bern,2
Alpnach,2
Malmö,2
Jönköping,2
Falun,2
Porto,2
Westerhoven,2
Wassenaar,2
Veendam,2
Utrecht,2
Naaldwijk,2
Limmen,2
Enschede,2
Delft,2
Bruchem,2
Innsbruck,2
Gent,2
Wesseling,2
Ruderting,2
Ratingen,2
Leverkusen,2
Langenfeld,2
Kiel,2
Hannover,2
Hamm,2
Erlangen,2
Böblingen,2
Baunatal,2
Esch-sur-Alzette,2
Toulouse,2
Strasbourg,2
Saint-Priest,2
Rueil-Malmaison,2
Pantin,2
Orange,2
Montpellier,2
Meaux,2
Draguignan,2
Bordeaux,2
Vaduz,2
Pilsen,2
Nezvěstice,2
Wrocław,2
Legnica,2
Katowice,2
Gdańsk,2
Bielsko-Biala,2
Terrassa,2
Avilés,2
Stokmarknes,2
Rome,2
Genoa,2
Aachen,2
Maceió,2
Ananindeua,2
