name,unique_entrances,total_entrances,visit_duration
/pl/3/contents.html,18,18,0
/pl/3/library/email.errors.html,12,12,0
/pl/3/library/email.html,12,12,0
/pl/3/library/constants.html,10,10,0
/pl/3/tutorial/index.html,10,11,59
/pl/3.12/tutorial/controlflow.html,9,9,6
/pl/3/library/os.html,9,9,0
/pl/3.12/tutorial/classes.html,7,7,3
/pl/3/library/email.contentmanager.html,7,7,0
/pl/3/library/smtplib.html,7,7,0
/pl/3/library/stdtypes.html,7,7,0
/dev/using/windows.html,6,6,360
/pl/3/,6,6,278
/pl/3/library/email.charset.html,6,6,0
/pl/3/library/email.policy.html,6,6,0
/pl/3/tutorial/venv.html,6,6,0
/pl/3/library/email.mime.html,5,5,0
/pl/3/library/email.parser.html,5,5,0
/pl/3.15/using/windows.html,4,4,20
/pl/3/library/ast.html,4,4,0
/pl/3/library/crypto.html,4,4,0
/pl/3/library/datetime.html,4,4,0
/pl/3/library/email.compat32-message.html,4,4,0
/pl/3/library/email.encoders.html,4,4,0
/pl/3/library/poplib.html,4,4,0
/pl/3/library/re.html,4,4,0
/pl/3/tutorial/controlflow.html,4,4,18
/pl/3/tutorial/datastructures.html,4,4,0
/3/tutorial/index.html,3,3,247
/pl/3.12/tutorial/appendix.html,3,3,9
/pl/3.12/tutorial/stdlib2.html,3,3,14
/pl/3/c-api/exceptions.html,3,3,0
/pl/3/c-api/init.html,3,3,0
/pl/3/c-api/typeobj.html,3,3,0
/pl/3/extending/extending.html,3,3,0
/pl/3/library/dis.html,3,3,0
/pl/3/library/email.header.html,3,3,0
/pl/3/library/email.utils.html,3,3,0
/pl/3/library/faulthandler.html,3,3,0
/pl/3/library/internet.html,3,3,0
/pl/3/library/multiprocessing.html,3,3,0
/pl/3/library/pathlib.html,3,3,0
/pl/3/library/pprint.html,3,3,0
/pl/3/library/pyclbr.html,3,3,0
/pl/3/library/sysconfig.html,3,3,0
/pl/3/library/tarfile.html,3,3,0
/pl/3/reference/datamodel.html,3,3,0
/3/,2,2,288
/3/library/collections.html,2,2,580
/pl/3.12/glossary.html,2,2,0
/pl/3.12/library/asyncio-eventloop.html,2,2,0
/pl/3.12/library/datatypes.html,2,2,0
/pl/3.12/library/text.html,2,2,0
/pl/3.12/reference/datamodel.html,2,2,0
/pl/3.12/tutorial/inputoutput.html,2,2,18
/pl/3.12/tutorial/interpreter.html,2,2,0
/pl/3.13/library/cmdline.html,2,2,430
/pl/3.13/tutorial/index.html,2,2,10
/pl/3.14/library/tkinter.html,2,2,0
/pl/3/c-api/coro.html,2,2,0
/pl/3/c-api/set.html,2,2,0
/pl/3/c-api/tuple.html,2,2,0
/pl/3/howto/timerfd.html,2,2,0
/pl/3/library/array.html,2,2,8
/pl/3/library/asyncio-runner.html,2,2,0
/pl/3/library/bdb.html,2,2,0
/pl/3/library/custominterp.html,2,2,0
/pl/3/library/email.examples.html,2,2,0
/pl/3/library/email.generator.html,2,2,0
/pl/3/library/email.iterators.html,2,2,0
/pl/3/library/email.message.html,2,2,0
/pl/3/library/grp.html,2,2,0
/pl/3/library/gzip.html,2,2,0
/pl/3/library/hashlib.html,2,2,0
/pl/3/library/importlib.html,2,2,0
/pl/3/library/index.html,2,2,0
/pl/3/library/logging.html,2,2,0
/pl/3/library/persistence.html,2,2,0
/pl/3/library/profile.html,2,2,0
/pl/3/library/random.html,2,2,24
/pl/3/library/rlcompleter.html,2,2,0
/pl/3/library/secrets.html,2,2,0
/pl/3/library/ssl.html,2,2,0
/pl/3/library/tabnanny.html,2,2,0
/pl/3/library/textwrap.html,2,2,0
/pl/3/library/typing.html,2,2,0
/pl/3/reference/expressions.html,2,2,0
/pl/3/tutorial/classes.html,2,2,0
/pl/3/tutorial/modules.html,2,2,0
/pl/dev/search.html,2,2,0
/pl/dev/tutorial/classes.html,2,3,0
/3.12/library/dis.html,1,1,7
/3.12/whatsnew/3.12.html,1,1,101
/3.13/library/heapq.html,1,1,72
/3/bugs.html,1,1,429
/3/contents.html,1,1,49
/3/library/audioop.html,1,1,9
/3/library/datatypes.html,1,1,683
/3/library/dis.html,1,1,14
/3/library/math.html,1,1,25
/3/library/stdtypes.html,1,1,1
/3/whatsnew/3.14.html,1,1,161
/ko/3.14/download.html,1,1,950
/pl/3.12/c-api/codec.html,1,1,0
/pl/3.12/c-api/veryhigh.html,1,1,0
/pl/3.12/contents.html,1,1,0
/pl/3.12/genindex-P.html,1,1,0
/pl/3.12/howto/cporting.html,1,1,0
/pl/3.12/howto/curses.html,1,1,0
/pl/3.12/howto/index.html,1,1,0
/pl/3.12/howto/ipaddress.html,1,1,0
/pl/3.12/howto/logging.html,1,1,0
/pl/3.12/howto/mro.html,1,1,0
/pl/3.12/howto/sorting.html,1,1,0
/pl/3.12/howto/urllib2.html,1,1,0
/pl/3.12/installing/index.html,1,1,0
/pl/3.12/library/__main__.html,1,1,0
/pl/3.12/library/asyncio-policy.html,1,1,0
/pl/3.12/library/asyncio-queue.html,1,1,0
/pl/3.12/library/asyncio-task.html,1,1,0
/pl/3.12/library/binary.html,1,1,0
/pl/3.12/library/bisect.html,1,1,0
/pl/3.12/library/builtins.html,1,1,0
/pl/3.12/library/calendar.html,1,1,0
/pl/3.12/library/code.html,1,1,0
/pl/3.12/library/codeop.html,1,1,0
/pl/3.12/library/copyreg.html,1,1,0
/pl/3.12/library/heapq.html,1,1,0
/pl/3.12/library/intro.html,1,1,723
/pl/3.12/library/numeric.html,1,1,0
/pl/3.12/library/os.path.html,1,1,0
/pl/3.12/library/reprlib.html,1,1,0
/pl/3.12/library/tkinter.font.html,1,1,0
/pl/3.12/library/tkinter.html,1,1,0
/pl/3.12/library/weakref.html,1,1,0
/pl/3.12/tutorial/index.html,1,1,3
/pl/3.12/tutorial/introduction.html,1,1,0
/pl/3.12/using/index.html,1,1,0
/pl/3.12/using/mac.html,1,1,0
/pl/3.12/using/windows.html,1,1,0
/pl/3.13/,1,1,0
/pl/3.13/c-api/memory.html,1,1,0
/pl/3.13/library/collections.html,1,1,0
/pl/3.13/library/typing.html,1,1,372
/pl/3.13/tutorial/introduction.html,1,1,0
/pl/3.13/tutorial/stdlib.html,1,1,4
/pl/3.14/,1,1,0
/pl/3.14/library/fileinput.html,1,1,0
/pl/3.14/library/turtle.html,1,1,0
/pl/3.14/library/typing.html,1,1,0
/pl/3.14/tutorial/controlflow.html,1,1,57
/pl/3.15/,1,1,74
/pl/3.15/download.html,1,1,0
/pl/3.15/index.html,1,1,0
/pl/3.15/library/decimal.html,1,1,0
/pl/3.15/library/index.html,1,1,1049
/pl/3.15/tutorial/inputoutput.html,1,1,0
/pl/3.15/using/index.html,1,1,88
/pl/3.15/whatsnew/3.14.html,1,1,8
/pl/3/c-api/contextvars.html,1,1,0
/pl/3/c-api/dict.html,1,1,0
/pl/3/c-api/frame.html,1,1,0
/pl/3/c-api/gen.html,1,1,0
/pl/3/c-api/import.html,1,1,0
/pl/3/c-api/init_config.html,1,1,0
/pl/3/c-api/method.html,1,1,0
/pl/3/c-api/none.html,1,1,0
/pl/3/c-api/time.html,1,1,30
/pl/3/c-api/typehints.html,1,1,0
/pl/3/c-api/unicode.html,1,1,0
/pl/3/copyright.html,1,1,0
/pl/3/extending/windows.html,1,1,0
/pl/3/faq/installed.html,1,1,0
/pl/3/faq/windows.html,1,1,0
/pl/3/genindex-G.html,1,1,0
/pl/3/genindex-_.html,1,1,0
/pl/3/glossary.html,1,1,0
/pl/3/howto/annotations.html,1,1,0
/pl/3/howto/index.html,1,1,0
/pl/3/index.html,1,1,0
/pl/3/library/__main__.html,1,1,0
/pl/3/library/annotationlib.html,1,1,0
/pl/3/library/archiving.html,1,1,0
/pl/3/library/asyncio-eventloop.html,1,1,0
/pl/3/library/asyncio-exceptions.html,1,1,0
/pl/3/library/asyncio-policy.html,1,1,0
/pl/3/library/asyncio-subprocess.html,1,1,0
/pl/3/library/asyncio-task.html,1,1,0
/pl/3/library/bz2.html,1,1,0
/pl/3/library/cgi.html,1,1,0
/pl/3/library/cmd.html,1,1,0
/pl/3/library/code.html,1,1,0
/pl/3/library/codecs.html,1,1,0
/pl/3/library/collections.abc.html,1,1,0
/pl/3/library/compression.zstd.html,1,1,0
/pl/3/library/contextlib.html,1,1,0
/pl/3/library/ctypes.html,1,1,0
/pl/3/library/curses.html,1,1,0
/pl/3/library/dataclasses.html,1,1,0
/pl/3/library/devmode.html,1,1,0
/pl/3/library/difflib.html,1,1,0
/pl/3/library/email.headerregistry.html,1,1,0
/pl/3/library/exceptions.html,1,1,0
/pl/3/library/filecmp.html,1,1,0
/pl/3/library/filesys.html,1,1,0
/pl/3/library/fnmatch.html,1,1,0
/pl/3/library/fractions.html,1,1,0
/pl/3/library/getopt.html,1,1,0
/pl/3/library/glob.html,1,1,0
/pl/3/library/graphlib.html,1,1,0
/pl/3/library/heapq.html,1,1,0
/pl/3/library/hmac.html,1,1,0
/pl/3/library/http.client.html,1,1,0
/pl/3/library/http.cookiejar.html,1,1,0
/pl/3/library/http.html,1,1,0
/pl/3/library/importlib.metadata.html,1,1,0
/pl/3/library/ipc.html,1,1,0
/pl/3/library/mailbox.html,1,1,0
/pl/3/library/marshal.html,1,1,0
/pl/3/library/mimetypes.html,1,1,0
/pl/3/library/pdb.html,1,1,0
/pl/3/library/posix.html,1,1,0
/pl/3/library/python.html,1,1,0
/pl/3/library/readline.html,1,1,0
/pl/3/library/select.html,1,1,0
/pl/3/library/shlex.html,1,1,0
/pl/3/library/shutil.html,1,1,0
/pl/3/library/socket.html,1,1,0
/pl/3/library/socketserver.html,1,1,0
/pl/3/library/stringprep.html,1,1,0
/pl/3/library/struct.html,1,1,0
/pl/3/library/subprocess.html,1,1,0
/pl/3/library/tempfile.html,1,1,0
/pl/3/library/time.html,1,1,0
/pl/3/library/traceback.html,1,1,0
/pl/3/library/tracemalloc.html,1,1,0
/pl/3/library/tty.html,1,1,0
/pl/3/library/turtle.html,1,1,0
/pl/3/library/unix.html,1,1,0
/pl/3/library/webbrowser.html,1,1,0
/pl/3/library/windows.html,1,1,0
/pl/3/library/winsound.html,1,1,0
/pl/3/library/zlib.html,1,1,0
/pl/3/library/zoneinfo.html,1,1,0
/pl/3/reference/import.html,1,1,0
/pl/3/reference/index.html,1,1,21
/pl/3/reference/introduction.html,1,1,0
/pl/3/reference/lexical_analysis.html,1,1,0
/pl/3/search.html,1,1,0
/pl/3/tutorial/,1,1,0
/pl/3/tutorial/appetite.html,1,1,0
/pl/3/tutorial/interpreter.html,1,1,0
/pl/3/using/index.html,1,1,15
/pl/3/using/unix.html,1,1,578
/pl/3/whatsnew/3.0.html,1,1,0
/pl/3/whatsnew/3.10.html,1,1,0
/pl/3/whatsnew/3.12.html,1,1,0
/pl/3/whatsnew/3.13.html,1,1,0
/pl/3/whatsnew/3.5.html,1,1,0
/pl/dev/c-api/sequence.html,1,1,0
/pl/dev/faq/design.html,1,1,0
/pl/dev/genindex-O.html,1,1,0
/pl/dev/library/argparse.html,1,1,0
/pl/dev/library/asyncio-future.html,1,1,0
/pl/dev/library/asyncio-policy.html,1,1,0
/pl/dev/library/asyncio-subprocess.html,1,1,0
/pl/dev/library/audit_events.html,1,1,0
/pl/dev/library/binascii.html,1,1,0
/pl/dev/library/constants.html,1,1,0
/pl/dev/library/copyreg.html,1,1,0
/pl/dev/library/curses.panel.html,1,1,0
/pl/dev/library/fcntl.html,1,1,0
/pl/dev/library/frameworks.html,1,1,0
/pl/dev/library/functions.html,1,1,0
/pl/dev/library/graphlib.html,1,1,0
/pl/dev/library/heapq.html,1,1,0
/pl/dev/library/imp.html,1,1,0
/pl/dev/library/io.html,1,1,0
/pl/dev/library/logging.handlers.html,1,1,0
/pl/dev/library/multiprocessing.html,1,1,0
/pl/dev/library/platform.html,1,1,0
/pl/dev/library/pstats.html,1,1,0
/pl/dev/library/rlcompleter.html,1,1,0
/pl/dev/library/socket.html,1,1,0
/pl/dev/library/sqlite3.html,1,1,0
/pl/dev/library/syslog.html,1,1,0
/pl/dev/library/tempfile.html,1,1,0
/pl/dev/library/tkinter.colorchooser.html,1,1,0
/pl/dev/library/turtle.html,1,1,0
/pl/dev/library/urllib.html,1,1,0
/pl/dev/library/urllib.parse.html,1,1,0
/pl/dev/library/venv.html,1,1,0
/pl/dev/library/warnings.html,1,1,0
/pl/dev/library/xml.sax.utils.html,1,1,0
/pl/dev/reference/executionmodel.html,1,1,0
/pl/dev/tutorial/modules.html,1,1,0
/pl/dev/using/mac.html,1,1,0
/pl/dev/whatsnew/2.2.html,1,1,0
/pl/dev/whatsnew/3.12.html,1,1,0
/pl/dev/whatsnew/3.14.html,1,1,0
