name,visitors
Moscow,2295
Singapore,1911
New York City,1900
Paris,1856
Bengaluru,1802
London,1603
Frankfurt am Main,1596
Tokyo,1537
San Jose,1410
Mumbai,1401
Chicago,1382
Amsterdam,1321
Chennai,1319
Hyderabad,1290
Warsaw,1241
Toronto,1218
Sydney,1094
Munich,1041
Los Angeles,993
São Paulo,913
Melbourne,874
Berlin,813
New Delhi,802
Seattle,802
Stockholm,797
Madrid,766
Pune,706
Ashburn,695
Hong Kong,682
Vienna,664
Milan,658
Zürich,648
Taipei,620
Atlanta,620
Montréal,620
Helsinki,611
Dublin,596
Tel Aviv,592
Saint Petersburg,567
Delhi,565
Beijing,560
San Francisco,559
Ho Chi Minh City,557
Manchester,541
Kyiv,523
Reston,522
Guangzhou,516
Prague,512
Shanghai,501
Budapest,487
Boston,464
Austin,458
Bogotá,454
Bangkok,451
Barcelona,440
Kolkata,436
Istanbul,426
Hanoi,414
Denver,413
Rio de Janeiro,408
Copenhagen,394
Brisbane,386
Oslo,370
Lima,363
Santiago,359
Brussels,358
Brooklyn,349
Lisbon,345
Vancouver,345
Osaka,342
Nairobi,339
Lagos,337
Cairo,336
Houston,331
Hamburg,317
Medellín,312
Philadelphia,311
San Diego,310
Marseille,309
Göteborg,303
Rome,291
Ahmedabad,287
N/A,286
Seoul,285
Dubai,278
Miami,277
Jakarta,274
Pittsburgh,274
Lahore,267
Stuttgart,267
Cambridge,266
Kraków,262
Auckland,261
Dallas,261
Athens,259
Düsseldorf,254
Boardman,254
Ottawa,254
Washington,248
Brasília,247
Minneapolis,245
Bucharest,244
Calgary,244
Shenzhen,239
Kuala Lumpur,238
Columbus,231
Portland,231
Belgrade,230
Minsk,225
Ann Arbor,224
N/A,221
Phoenix,220
Karachi,219
Queens,216
Perth,215
Riyadh,214
Berkeley,214
Hangzhou,213
Wrocław,212
Charlotte,212
Lausanne,211
Cambridge,210
Coimbatore,209
Lyon,209
Tashkent,207
Lucknow,203
Jaipur,202
Boryspil,200
Tallinn,197
Rotterdam,196
Bhopāl,191
Sunnyvale,190
Chengdu,187
Taichung,186
Quezon City,183
N/A,181
Johannesburg,180
Köln,180
Edmonton,177
Cochin,176
Provo,176
Madison,175
Belo Horizonte,174
Gurgaon,172
Santa Clara,172
N/A,167
Accra,165
Baltimore,165
Tehran,162
Poznań,162
Riga,161
Guwahati,161
Salt Lake City,161
Raleigh,160
Vilnius,159
Dhaka,159
Novosibirsk,159
Delft,159
Eindhoven,158
St. Louis,151
Jeddah,150
Krasnodar,148
Tbilisi,148
Yekaterinburg,147
Almaty,147
Noida,146
Lviv,145
Toulouse,143
Cape Town,143
San Antonio,142
Mexico City,141
Storrs,138
Porto,137
Oakland,136
Ankara,134
Zagreb,133
Orlando,133
Curitiba,132
Nanjing,131
Utrecht,131
Islamabad,130
Xi’an,130
Valencia,130
Wandsworth,130
Birmingham,130
The Hague,130
Nürnberg,130
West Lafayette,129
Nizhniy Novgorod,128
Yerevan,127
Wuhan,127
Indianapolis,127
Patna,126
Gdańsk,126
Glasgow,124
Brno,124
Montevideo,124
Amman,122
Indore,122
Hsinchu,122
Trondheim,122
Buenos Aires,122
Porto Alegre,122
Rochester,122
Sofia,121
Malmö,121
Ithaca,121
Samara,120
Colombo,120
Fairfax,120
Buffalo,119
Edinburgh,118
Turin,118
Jersey City,117
Grenoble,116
Kaohsiung,115
Adelaide,115
Mountain View,115
Espoo,113
Dresden,112
Bratislava,112
Karlsruhe,110
Redmond,110
N/A,109
Fortaleza,109
Cupertino,109
Lund,108
Charlottesville,108
Surat,107
Kathmandu,107
Nur-Sultan,107
Durham,107
Manila,106
Hannover,106
College Station,106
Fulham,105
Baku,104
Camden Town,104
Guadalajara,103
Las Vegas,103
Mississauga,103
Nagpur,102
Bristol,102
Aachen,102
Slough,101
Nantes,101
Casablanca,100
Urbana,100
Albuquerque,100
Rostov-na-Donu,99
San José,99
Fremont,99
Waterloo,99
Bhubaneshwar,98
City of Westminster,98
Bonn,98
Tucson,98
Bozeman,98
Tartu,97
Leipzig,97
Abu Dhabi,96
Addis Ababa,96
Dnipro,96
Chelyabinsk,96
Christchurch,95
Abuja,95
Haarlem,95
Zhengzhou,94
Naaldwijk,94
Enschede,94
Bremen,94
N/A,94
Lambeth,94
Quito,93
Ranchi,92
Croydon,92
Bishkek,91
Antwerpen,91
Winnipeg,91
Islington,90
Seongnam-si,89
Meerut,88
N/A,88
Ljubljana,88
Campinas,88
Washington,88
Boulder,87
Tampa,86
Nashville,86
Mannheim,85
Palo Alto,85
Oxford,84
Cali,84
Turku,83
Barnet,83
Recife,83
Kansas City,83
Kampala,82
Graz,82
Milwaukee,82
