name,visitors,pageviews,bounce_rate,time_on_page,scroll_depth
/3/,17775,21884,56,22,75
/3/library/stdtypes.html,9715,10980,78,201,38
/3/library/functions.html,9585,10606,79,464,44
/3/tutorial/index.html,8503,10504,61,50,56
/3/library/venv.html,6334,6723,91,38,31
/3/search.html,6117,8889,37,21,47
/3/library/index.html,5320,6355,61,104,40
/3/library/datetime.html,5317,5904,85,104,40
/3/tutorial/datastructures.html,5209,5464,79,140,46
/3/tutorial/controlflow.html,3862,4109,79,219,39
/3/library/re.html,3788,4122,85,88,41
/3/library/math.html,3627,4006,84,291,38
/3/library/typing.html,3562,3789,81,39,29
/3/library/idle.html,3488,4003,79,29,29
/3/tutorial/,3240,4359,68,33,51
/3/library/tkinter.html,3153,3495,77,53,31
/3/library/turtle.html,3109,4008,82,106,32
/3/library/random.html,3103,3301,84,87,33
/3/tutorial/introduction.html,3014,3155,75,201,59
/3/library/argparse.html,2974,3167,83,73,31
/3/library/pathlib.html,2948,3396,80,562,42
/3/library/logging.html,2817,3065,80,59,38
/3/library/csv.html,2730,3024,87,80,41
/3/tutorial/interpreter.html,2559,2595,71,199,74
/3/library/os.html,2550,2830,75,53,34
/3/tutorial/errors.html,2531,2551,80,57,38
/3/library/exceptions.html,2466,2618,82,148,48
/3/library/subprocess.html,2409,2724,82,69,29
/3/tutorial/classes.html,2339,2325,84,124,44
/3/glossary.html,2307,2363,64,203,50
/3/tutorial/inputoutput.html,2264,2335,75,64,47
/3/library/collections.html,2227,2353,85,84,40
/3/library/dataclasses.html,2182,2300,85,51,34
/3/library/string.html,2112,2127,76,57,45
/3/tutorial/appetite.html,2000,1810,50,73,85
/3/library/multiprocessing.html,1906,2138,79,361,29
/3/library/itertools.html,1870,1983,85,97,33
/3/reference/datamodel.html,1779,1757,73,81,51
/3/library/asyncio-task.html,1747,1845,80,200,39
/3/tutorial/modules.html,1712,1677,80,118,49
/3/library/time.html,1681,1801,81,48,38
/3/library/json.html,1649,1694,85,289,33
/3/whatsnew/3.13.html,1629,1575,68,58,16
/3/reference/index.html,1625,1925,48,58,67
/3/library/os.path.html,1604,1703,80,62,48
/3/library/threading.html,1576,1629,81,76,40
/3/library/asyncio.html,1537,1802,63,35,75
/3/library/enum.html,1524,1580,85,48,34
/3/library/unittest.mock.html,1461,1704,84,317,35
/3/library/functools.html,1447,1480,84,71,41
/3/library/unittest.html,1425,1535,86,69,25
/3/using/windows.html,1393,1530,83,68,40
/3/library/sqlite3.html,1306,1504,83,79,26
/3/installing/index.html,1298,1200,79,60,60
/3/py-modindex.html,1254,1421,65,42,50
/3/tutorial/venv.html,1235,1281,88,44,55
/3/library/concurrent.futures.html,1228,1304,82,63,49
/3/reference/lexical_analysis.html,1199,1177,81,410,60
/3/reference/compound_stmts.html,1165,1168,70,275,36
/3/howto/sorting.html,1152,1193,81,49,43
/3/library/heapq.html,1150,1234,85,51,52
/3/contents.html,1147,1276,47,71,14
/3/reference/expressions.html,1124,1159,79,115,63
/3/library/socket.html,1067,1223,81,67,44
/3/howto/logging.html,1066,1109,80,95,40
/3/library/sys.html,1064,1123,74,36,36
/3/library/xml.etree.elementtree.html,1034,1177,81,100,34
/3/library/shutil.html,999,1108,83,35,35
/3/index.html,973,1068,45,17,77
/3/library/struct.html,951,1001,86,327,44
/3/using/cmdline.html,914,981,78,53,37
/3/library/io.html,878,970,74,57,49
/3/library/pickle.html,876,893,84,53,26
/3/using/mac.html,854,865,77,60,48
/3/library/tempfile.html,812,917,80,51,50
/3/download.html,792,705,49,21,82
/3/library/,783,868,66,51,38
/zh-cn/3/tutorial/index.html,747,952,53,31,58
/3/reference/simple_stmts.html,737,747,75,374,53
/es/3/tutorial/,737,1004,62,51,55
/3/library/asyncio-eventloop.html,734,814,74,60,40
/3/library/pdb.html,691,701,90,33,37
/3/reference/import.html,686,700,80,67,37
/3/howto/regex.html,681,674,85,111,38
/3/library/abc.html,673,686,86,55,47
/3/library/contextlib.html,668,679,79,778,27
/3/library/copy.html,667,670,85,55,69
/3/library/urllib.parse.html,652,697,83,47,46
/3/using/index.html,647,721,41,21,76
/zh-cn/3/,624,747,46,16,78
/3/library/hashlib.html,617,665,81,56,32
/3/library/queue.html,614,662,81,64,59
/3/library/zipfile.html,585,645,78,57,39
/3/library/operator.html,576,563,84,42,49
/3/library/configparser.html,574,604,84,1560,32
/3/license.html,567,611,76,28,24
/3/library/pprint.html,558,550,91,33,38
/3/library/decimal.html,548,563,85,95,22
/3/library/glob.html,544,564,82,44,61
/3/library/ast.html,536,557,86,47,36
