name,visitors
Tokyo,1322
Osaka,297
Singapore,232
Beijing,198
Guangzhou,197
Shanghai,191
Bogotá,191
Kyiv,188
Hong Kong,187
Hyderabad,169
Bengaluru,159
Taipei,149
Santiago,135
Madrid,134
Lima,128
Mumbai,126
Seoul,120
Pune,101
Moscow,98
Yokohama,96
Ho Chi Minh City,94
Nagoya,94
Los Angeles,94
Chennai,93
Medellín,93
Chengdu,92
São Paulo,88
Shenzhen,85
Hangzhou,81
Paris,80
N/A,77
Istanbul,75
Taichung,72
N/A,64
Mexico City,64
Hanoi,61
Xi’an,61
Kolkata,60
Nanjing,59
Cairo,58
Wuhan,56
Delhi,53
Jakarta,53
Dnipro,52
N/A,50
Kharkiv,49
N/A,49
Nairobi,47
Odessa,47
Kyoto,45
New York City,43
Tashkent,42
Sapporo,42
Seattle,42
Saint Petersburg,41
New Delhi,41
Chicago,41
Suwon,40
Kuala Lumpur,39
N/A,39
Seongnam-si,37
Buenos Aires,37
Zhengzhou,35
Qingdao,35
Amsterdam,35
Kaohsiung,34
London,34
Quito,34
Toronto,34
Lviv,33
Johannesburg,33
Tianjin,33
Guiyang,33
Berlin,33
Barcelona,33
Sydney,32
Rio de Janeiro,32
Dubai,31
Hsinchu,31
Wuxi,31
Suzhou,31
Tunis,31
Guatemala City,31
San Jose,31
N/A,31
Tel Aviv,30
Hefei,30
Changsha,30
Casablanca,30
Chongqing,29
Fukuoka,29
Riyadh,28
Warsaw,28
Dhaka,28
N/A,28
Baku,27
Vinnytsya,27
Lucknow,27
Coimbatore,27
Bhopāl,27
Almaty,27
Fuzhou,27
Kawasaki,27
Melbourne,27
Accra,27
Lagos,27
Cape Town,27
Brasília,27
San José,27
Ahmedabad,26
Dublin,26
Caracas,26
San Salvador,25
Karachi,24
Incheon,24
Cali,24
La Paz,24
Guadalajara,24
Atlanta,24
N/A,24
Lahore,23
Jaipur,23
Bishkek,23
Jinan,23
Frankfurt am Main,23
Montevideo,23
Dongguan,22
Rome,22
Santa Cruz de la Sierra,22
Houston,22
Minsk,21
Cherkasy,21
Patna,21
Taoyuan,21
N/A,21
N/A,21
Santo Domingo,21
Dallas,21
Ashburn,21
Kawaguchi,20
N/A,20
Stockholm,20
Córdoba,20
N/A,20
Kryvyy Rih,19
Colombo,19
Dehra Dūn,19
Petaling Jaya,19
N/A,19
Ōtsu,19
N/A,19
Panamá,19
Miami,19
Hiroshima,18
Lisbon,18
Marseille,18
Milan,18
Guayaquil,18
Zapopan,18
Denver,18
N/A,18
N/A,18
Muscat,17
Ankara,17
N/A,17
Munich,17
Bangkok,16
Okayama,16
Kanazawa,16
Brisbane,16
Vienna,16
Rennes,16
Phoenix,16
N/A,16
Addis Ababa,15
Zaporizhzhya,15
Islamabad,15
Ranchi,15
Gurgaon,15
Quezon City,15
Ningbo,15
Gumi,15
Abidjan,15
Abuja,15
Tangier,15
Marrakesh,15
Lyon,15
Prague,15
Calgary,15
Montréal,15
N/A,15
Krasnodar,14
Sumy,14
Dalian,14
Cheongju-si,14
Suita,14
Kobe,14
Shenyang,14
Dakar,14
Málaga,14
Zürich,14
Campinas,14
Cartagena,14
Piura,14
San Antonio,14
Vancouver,14
N/A,14
Sanaa,13
Jeddah,13
Jerusalem,13
Giza,13
Belgrade,13
Lusaka,13
Surat,13
Chandīgarh,13
Tainan,13
Nanchang,13
Phnom Penh,13
Busan,13
N/A,13
Goyang-si,13
Nishinomiya-hama,13
Niigata,13
Matsudo,13
N/A,13
Viña del Mar,13
N/A,13
Tbilisi,12
Chernihiv,12
Sofia,12
Vijayawada,12
Mangalore,12
Bhubaneshwar,12
Agra,12
Shijiazhuang,12
N/A,12
N/A,12
Hachiōji,12
Chiba,12
Brussels,12
Zagreb,12
Recife,12
João Pessoa,12
Asunción,12
Curitiba,12
Belo Horizonte,12
Gustavo Adolfo Madero,12
Bucaramanga,12
Cochabamba,12
Portland,12
Tehran,11
Kampala,11
Doha,11
Helsinki,11
Poltava,11
Pretoria,11
Nagpur,11
Cochin,11
Kathmandu,11
Bandung,11
N/A,11
Wenzhou,11
Kunming,11
N/A,11
Nagano,11
Fujisawa,11
Auckland,11
Kinshasa,11
Hamburg,11
Salvador,11
Iztapalapa,11
Tijuana,11
Santiago de Querétaro,11
Monterrey,11
St. Louis,11
Queens,11
San Diego,11
Santa Clara,11
N/A,11
N/A,11
N/A,11
Amman,10
Abu Dhabi,10
İzmir,10
Chelyabinsk,10
Nur-Sultan,10
Taiyuan,10
N/A,10
N/A,10
Bucheon-si,10
Nagasaki,10
Matsumoto,10
N/A,10
Namyangju,10
Perth,10
Christchurch,10
Ibadan,10
Toulouse,10
Zaragoza,10
Azcapotzalco,10
