name,version,visitors
Chrome,138.0,246
Mobile App,(not set),100
Chrome,139.0,88
Microsoft Edge,139.0,26
Safari,18.5,25
Safari,18.6,19
Firefox,141.0,16
Mobile App,97.0,15
Chrome,87.0,13
Microsoft Edge,138.0,12
Huawei Browser Mobile,16.0,10
Samsung Browser,28.0,10
Quark,7.14,9
Chrome,137.0,8
UC Browser,17.8,8
Safari,15.6,7
Chrome,136.0,5
Chrome,109.0,4
Chrome,125.0,4
vivo Browser,25.7,4
Whale Browser,4.33,4
vivo Browser,25.5,3
Whale Browser,4.32,3
Android Browser,(not set),2
(not set),(not set),2
Safari,(not set),2
Chrome,112.0,2
Chrome,127.0,2
Firefox,128.0,2
Chrome,134.0,2
Microsoft Edge,137.0,2
UC Browser,17.5,2
Safari,18.3,2
vivo Browser,25.4,2
vivo Browser,25.6,2
Safari,26.0,2
Opera,90.0,2
Chrome,98.0,2
Cheetah Browser,(not set),1
Microsoft Edge,107.0,1
Chrome,114.0,1
Opera,120.0,1
Microsoft Edge,121.0,1
Chrome,122.0,1
QQ Browser,13.3,1
Microsoft Edge,131.0,1
Chrome,131.0,1
Microsoft Edge,133.0,1
Firefox,134.0,1
Mobile App,135.0,1
Chrome,135.0,1
Mobile App,138.0,1
Firefox,142.0,1
Safari,16.0,1
Safari,17.5,1
MIUI Browser,19.9,1
MIUI Browser,20.0,1
vivo Browser,20.5,1
vivo Browser,23.6,1
vivo Browser,25.2,1
vivo Browser,25.3,1
Whale Browser,4.31,1
Huawei Browser Mobile,5.1,1
Quark,5.9,1
Quark,7.13,1
Chrome,92.0,1
Chrome,96.0,1
