name,unique_exits,total_exits,exit_rate
/it/3/tutorial/index.html,12,13,
/it/3.13/tutorial/introduction.html,9,8,
/it/3.13/,7,6,
/it/3.13/library/stdtypes.html,6,6,
/it/3.13/tutorial/index.html,6,6,
/it/3.13/tutorial/interpreter.html,6,6,
/it/3.13/tutorial/modules.html,6,6,
/it/3.13/tutorial/classes.html,4,4,
/it/3.13/tutorial/errors.html,4,4,
/it/3/tutorial/controlflow.html,4,5,
/it/3/tutorial/datastructures.html,4,3,
/3.13/tutorial/appetite.html,3,3,
/it/3.12/tutorial/,3,4,
/it/3.13/contents.html,3,3,
/it/3.13/search.html,3,3,
/it/3/,3,3,
/it/3/tutorial/introduction.html,3,3,
/3/search.html,2,2,
/3/tutorial/datastructures.html,2,1,
/it/3.13/library/ftplib.html,2,2,
/it/3.13/library/index.html,2,2,
/it/3.13/library/multiprocessing.html,2,2,
/it/3.13/library/xml.etree.elementtree.html,2,2,
/it/3.13/tutorial/,2,2,
/it/3.13/tutorial/appetite.html,2,2,
/it/3.13/tutorial/controlflow.html,2,2,
/it/3.13/tutorial/floatingpoint.html,2,2,
/it/3.13/tutorial/inputoutput.html,2,2,
/it/3.13/tutorial/venv.html,2,2,
/it/3/library/stdtypes.html,2,2,
/it/3/tutorial/classes.html,2,2,
/it/3/tutorial/modules.html,2,2,
/zh-cn/3.12/using/,2,2,
/zh-cn/3.13/library/collections.html,2,2,
/zh-cn/3.13/tutorial/errors.html,2,2,
/3.13/copyright.html,1,1,
/3.13/index.html,1,1,
/3.13/library/argparse.html,1,1,
/3.13/library/functions.html,1,1,
/3.13/library/heapq.html,1,1,
/3.13/tutorial/,1,1,
/3.13/tutorial/datastructures.html,1,1,
/3.13/tutorial/interpreter.html,1,1,
/3.13/tutorial/venv.html,1,1,
/3.13/using/android.html,1,1,
/3.14/whatsnew/3.14.html,1,1,
/3.15/distributing/index.html,1,1,
/3/,1,1,
/3/library/array.html,1,1,
/3/library/builtins.html,1,1,
/3/library/datetime.html,1,1,
/3/library/random.html,1,1,
/3/library/stdtypes.html,1,1,
/3/library/string.html,1,1,
/3/library/time.html,1,1,
/3/tutorial/,1,0,
/3/tutorial/appetite.html,1,1,
/3/tutorial/controlflow.html,1,1,
/3/tutorial/inputoutput.html,1,1,
/3/tutorial/interpreter.html,1,1,
/3/tutorial/introduction.html,1,1,
/3/tutorial/venv.html,1,1,
/es/3.13/search.html,1,1,
/es/3.14/bugs.html,1,1,
/es/3.14/copyright.html,1,1,
/it/3.12/genindex-all.html,1,1,
/it/3.12/library/asyncio-eventloop.html,1,1,
/it/3.12/reference/expressions.html,1,1,
/it/3.12/tutorial/classes.html,1,1,
/it/3.12/tutorial/controlflow.html,1,1,
/it/3.13/distributing/index.html,1,1,
/it/3.13/download.html,1,1,
/it/3.13/faq/programming.html,1,1,
/it/3.13/genindex-L.html,1,1,
/it/3.13/genindex-all.html,1,1,
/it/3.13/genindex.html,1,1,
/it/3.13/index.html,1,1,
/it/3.13/installing/index.html,1,1,
/it/3.13/library/argparse.html,1,1,
/it/3.13/library/functions.html,1,1,
/it/3.13/library/idle.html,1,1,
/it/3.13/library/intro.html,1,1,
/it/3.13/library/math.html,1,1,
/it/3.13/library/python.html,1,1,
/it/3.13/library/random.html,1,1,
/it/3.13/library/statistics.html,1,1,
/it/3.13/library/string.html,1,1,
/it/3.13/library/sys.html,1,1,
/it/3.13/library/venv.html,1,1,
/it/3.13/reference/,1,1,
/it/3.13/reference/compound_stmts.html,1,1,
/it/3.13/reference/grammar.html,1,1,
/it/3.13/reference/index.html,1,1,
/it/3.13/reference/introduction.html,1,1,
/it/3.13/reference/lexical_analysis.html,1,1,
/it/3.13/tutorial/datastructures.html,1,1,
/it/3.13/tutorial/stdlib2.html,1,1,
/it/3.13/using/android.html,1,1,
/it/3.13/using/cmdline.html,1,1,
/it/3.13/whatsnew/3.13.html,1,1,
