property,value,visitors,events,percentage
url,(none),3199,5136,99.8
url,https://www.python.org/,28,30,0.9
url,https://www.python.org/downloads/,9,9,0.3
url,https://github.com/python/cpython/tree/3.14/Lib/tkinter/__init__.py,5,5,0.2
url,https://www.tkdocs.com/,4,4,0.1
url,https://apps.microsoft.com/detail/9NQ7512CXL7T,3,3,0.1
url,https://github.com/python/cpython/tree/3.14/Lib/idlelib/,3,3,0.1
url,https://pypi.org/,3,3,0.1
url,https://www.tkdocs.com/shipman/,3,3,0.1
url,https://docs.python.org/fr/3.14/archives/python-3.14-docs-html.zip,2,2,0.1
url,https://docs.python.org/fr/3/archives/python-3.14-docs-html.zip,2,2,0.1
url,https://en.wikipedia.org/wiki/Turtle_(robot),2,2,0.1
url,https://github.com/python/cpython/tree/3.14/Lib/fnmatch.py,2,2,0.1
url,https://peps.python.org/pep-0305/,2,2,0.1
url,https://wiki.python.org/moin/PythonEditors,2,2,0.1
url,https://www.packtpub.com/en-us/product/python-gui-programming-with-tkinter-9781788835886,2,2,0.1
url,http://www.libexpat.org/,1,1,0.0
url,http://www.saxproject.org/,1,1,0.0
url,https://dateutil.readthedocs.io/en/stable/,1,1,0.0
url,https://devguide.python.org/,1,1,0.0
url,https://devguide.python.org/documentation/start-documenting/#building-the-documentation,1,1,0.0
url,https://docs.python.org/fr/3.13/archives/python-3.13-docs-html.zip,1,1,0.0
url,https://fr.wikipedia.org/wiki/Curryfication,1,1,0.0
url,https://fr.wikipedia.org/wiki/Suite_de_Fibonacci,1,1,0.0
url,https://github.com/python/cpython/blob/main/Doc/using/windows.rst?plain=1,1,1,0.0
url,https://github.com/python/cpython/tree/3.12/Lib/xml/etree/ElementTree.py,1,1,0.0
url,https://github.com/python/cpython/tree/3.14/Lib/datetime.py,1,1,0.0
url,https://github.com/python/cpython/tree/3.14/Lib/idlelib,1,1,0.0
url,https://github.com/python/cpython/tree/3.14/Lib/lzma.py,1,1,0.0
url,https://github.com/python/cpython/tree/3.14/Lib/random.py,1,1,0.0
url,https://github.com/python/cpython/tree/3.14/Lib/re/,1,1,0.0
url,https://github.com/python/cpython/tree/3.14/Lib/sqlite3/,1,1,0.0
url,https://github.com/python/cpython/tree/3.14/Lib/tkinter/colorchooser.py,1,1,0.0
url,https://github.com/python/cpython/tree/3.14/Lib/tkinter/ttk.py,1,1,0.0
url,https://github.com/python/cpython/tree/3.14/Lib/unittest/__init__.py,1,1,0.0
url,https://github.com/python/cpython/tree/main/Lib/subprocess.py,1,1,0.0
url,https://github.com/python/cpython/tree/main/Lib/tkinter/colorchooser.py,1,1,0.0
url,https://github.com/python/python-docs-fr/blob/3.14/library/intro.po?plain=1,1,1,0.0
url,https://github.com/python/python-docs-fr/blob/3.15/using/windows.po?plain=1,1,2,0.0
url,https://peps.python.org/,1,1,0.0
url,https://peps.python.org/pep-0405/,1,1,0.0
url,https://peps.python.org/pep-0649/,1,1,0.0
url,https://peps.python.org/pep-0814/,1,1,0.0
url,https://wiki.python.org/moin/IntegratedDevelopmentEnvironments,1,1,0.0
url,https://www.tcl.tk/,1,1,0.0
url,https://www.unicode.org/,1,1,0.0
url,https://www.w3.org/TR/2006/REC-xml11-20060816/#NT-EncodingDecl,1,1,0.0
