name,version,visitors
Windows,10,2075
Mac,10.15,420
GNU/Linux,(not set),260
Android,10,181
Ubuntu,(not set),98
iOS,18.7,87
Chrome OS,14541.0,13
iOS,18.6,12
iOS,26.2,12
Android,13,4
iOS,16.3,3
iOS,18.1,3
Windows,7,3
Android,12,2
Android,14,2
Android,15,2
iOS,15.8,2
iPadOS,16.7,2
iOS,17.7,2
iOS,26.1,2
iOS,26.3,2
Android,7.1,2
Android,8.0,2
Windows,8.1,2
Windows,XP,2
(not set),(not set),1
Mac,10.14,1
iOS,16.1,1
iOS,16.6,1
iOS,16.7,1
iOS,17.5,1
iOS,18.0,1
iOS,18.2,1
iOS,18.3,1
iOS,18.4,1
iOS,18.5,1
