name,visitors,bounce_rate,visit_duration
google.com,1442,80,186
Direct / None,1235,71,210
bing.com,125,69,147
search.brave.com,71,75,224
moodle.utoulouse.fr,48,58,526
qwant.com,47,64,906
python.org,46,0,642
ecosia.org,35,82,28
duckduckgo.com,33,85,15
openclassrooms.com,31,90,14
google.fr,18,76,261
fr.search.yahoo.com,14,77,385
chatgpt.com,11,75,3
moodle.unil.ch,11,36,436
translations.python.org,7,29,1486
fsg-pax-p-jhn01.pax.ulaval.ca,6,71,154
reddit.com,5,0,373
thomaspietrzak.com,5,100,0
schooding.fr,4,75,7
capytale2.ac-paris.fr,3,50,79
developpez.net,3,67,1223
google.be,3,50,128
wiki.python.org,3,0,171
127.0.0.1,2,33,2361
cedric.cnam.fr,2,100,0
foad-moodle.ensai.fr,2,50,16
in.search.yahoo.com,2,100,0
jupyterhub-25.capsule.upmc.fr,2,50,286
learn.lewagon.com,2,100,0
m.baidu.com,2,100,0
moodle.univ-artois.fr,2,100,0
perplexity.ai,2,67,574
perso.liris.cnrs.fr,2,67,2
python.guillod.org,2,100,0
search.lilo.org,2,100,0
statics.teams.cdn.office.net,2,50,11
udemy.com,2,50,37
alivecode.ca,1,100,0
apprendslinfo.fr,1,100,0
campusnumerique.auf.org,1,0,66
cavlfo.apprentissageelectroniqueontario.ca,1,100,0
chat.mistral.ai,1,100,0
classroom.google.com,1,100,0
claude.ai,1,0,28
confluence.desjardins.com,1,0,591
cvm.moodle.decclic.qc.ca,1,100,0
desktop.arcgis.com,1,0,22
docs.xarray.dev/en/stable/generated/xarray.Dataset.resample.html,1,0,1707
ecampus.paris-saclay.fr,1,0,39
ecolerobots.com,1,100,0
formation.force-n.sn,1,100,0
fr.wikipedia.org,1,0,60
github.com,1,100,0
github.com/ColineUVSQ/l1-python-in200A/blob/main/INSTALL.md,1,100,0
github.com/dginhac/polytech-dijon-archi/blob/main/td/assembleur/td0.md,1,100,0
github.com/python/python-docs-fr,1,0,181
glassus.github.io,1,100,0
google.ca,1,100,0
ibm.com,1,0,9
it-connect.fr,1,0,11
jhub3.cnam.fr,1,0,170
jupyter.chabas.net,1,100,0
learnthings.fr,1,0,519
linuxclg.com,1,100,0
liora.io,1,0,44
moodle.univ-lille.fr,1,0,31
numpy.org,1,0,3707
pro.arcgis.com,1,0,0
python.sdv.u-paris.fr,1,100,0
realpython.com,1,0,0
roadmap.sh,1,0,87
s3.cri.epita.fr,1,0,83
seenovatecom.sharepoint.com,1,100,0
skywork.ai,1,100,0
snt.ababsurdo.fr,1,100,0
train.learn.datascientest.com,1,100,0
translate.google.com,1,0,177
unil.login.eduid.ch,1,100,0
untrusted-python.vercel.app,1,0,1581
youtube.com,1,100,0
zestedesavoir.com,1,0,260
