name,visitors
China,4866
Japan,3279
India,2801
United States,2101
Brazil,1275
France,927
Taiwan,856
South Korea,717
Hong Kong,678
Mexico,515
Russian Federation,462
Germany,437
Singapore,417
Colombia,404
Spain,365
Ukraine,360
United Kingdom,314
Argentina,254
Canada,245
Italy,242
Indonesia,218
Peru,217
Vietnam,202
Australia,198
Pakistan,192
Turkey,177
Chile,175
Poland,157
Iran,143
Nigeria,128
Netherlands,128
Philippines,120
Egypt,117
Morocco,106
South Africa,106
Saudi Arabia,93
Bangladesh,90
Kenya,89
Malaysia,88
Switzerland,83
Thailand,82
Venezuela,81
Algeria,71
Ecuador,70
Uzbekistan,68
Portugal,65
Czechia,57
Nepal,56
Sri Lanka,55
Ireland,54
Romania,54
Côte d'Ivoire,53
Austria,52
Dominican Republic,49
Belgium,45
Ethiopia,44
Guatemala,43
Israel,42
Bolivia,40
Ghana,40
El Salvador,40
Sweden,37
Costa Rica,36
Tunisia,36
Belarus,32
Finland,32
Greece,32
Iraq,31
Benin,30
Tanzania,28
Uruguay,28
Denmark,27
Hungary,27
Kazakhstan,27
New Zealand,27
United Arab Emirates,26
Cameroon,26
Panama,26
Azerbaijan,25
Jordan,24
Yemen,24
Uganda,23
"Congo, The Democratic Republic of the",21
Bulgaria,20
Paraguay,20
Madagascar,19
Norway,19
Honduras,18
Lithuania,18
Kyrgyzstan,17
Myanmar,17
Slovakia,17
Rwanda,16
Cambodia,14
Latvia,14
Senegal,14
Libya,13
Croatia,12
Lebanon,12
Serbia,11
Zimbabwe,11
Armenia,10
Guinea,10
"Palestine, State of",10
Togo,10
Trinidad and Tobago,10
Angola,9
Georgia,9
Macao,9
Malawi,9
Mozambique,9
Namibia,9
Nicaragua,9
Tajikistan,9
Puerto Rico,8
Bhutan,7
Cuba,7
Estonia,7
Kuwait,7
Laos,7
Mongolia,7
Qatar,7
Zambia,7
Botswana,6
Gabon,6
Mali,6
Seychelles,6
Slovenia,6
Syria,6
Albania,5
Burkina Faso,5
Cyprus,5
North Macedonia,5
Mauritania,5
Oman,5
South Sudan,5
Chad,5
Jamaica,4
Moldova,4
Mauritius,4
Réunion,4
Iceland,3
Martinique,3
Malta,3
Bosnia and Herzegovina,2
Bahrain,2
Congo,2
French Guiana,2
Haiti,2
Comoros,2
Liberia,2
Maldives,2
Niger,2
French Polynesia,2
Kosovo,2
Afghanistan,1
Burundi,1
Bahamas,1
Cabo Verde,1
Faroe Islands,1
Equatorial Guinea,1
Guyana,1
Jersey,1
Luxembourg,1
Montenegro,1
Marshall Islands,1
New Caledonia,1
Papua New Guinea,1
Sudan,1
Sierra Leone,1
Suriname,1
Tonga,1
