name,version,visitors
Windows,10,318954
Mac,10.15,32165
Android,10,18943
GNU/Linux,(not set),5798
iOS,18.4,3892
Chrome OS,14541.0,2591
Windows,7,2336
Ubuntu,(not set),1541
iOS,18.5,1447
iOS,18.3,978
Android,14,799
Android,15,602
Android,13,601
Android,12,489
Android,11,398
iOS,18.1,294
Windows,8.1,283
iOS,17.6,222
iOS,16.7,212
iOS,18.0,197
iOS,18.2,179
iOS,17.5,162
iOS,15.8,137
HarmonyOS,(not set),118
Android,8.1,113
Android,9,112
Chrome OS,14816.131,91
iOS,17.7,80
iOS,16.6,60
iOS,17.3,55
Windows,8,54
iOS,16.1,51
Mac,10.13,49
iOS,17.4,48
Mac,10.12,38
iOS,16.0,30
iPadOS,17.6,29
iOS,16.3,27
iOS,17.2,26
Windows,Server 2003,26
iOS,12.5,25
Android,8.0,25
Mac,10.14,24
iOS,16.2,23
iOS,17.1,23
(not set),(not set),21
Chrome OS,14092.77,19
iOS,16.5,19
Android,6.0,19
Windows,XP,19
iOS,15.6,17
HarmonyOS,3.0,17
Android,7.1,17
iOS,14.4,16
iPadOS,16.7,15
iOS,17.0,15
iPadOS,17.7,15
Fire OS,7,13
iOS,10.3,12
Windows,NT,12
Windows,Vista,12
iPadOS,15.8,10
iPadOS,17.5,10
Mac,10.11,9
iOS,15.7,8
iOS,16.4,8
UOS,(not set),7
iOS,15.3,7
iOS,15.4,7
iOS,15.5,7
Tizen,5.5,7
Fire OS,8,7
Android,(not set),6
Mac,(not set),6
iPadOS,17.1,6
Raspberry Pi OS,(not set),5
Mac,10.10,5
Mac,10.16,5
iOS,15.1,5
iPadOS,16.3,5
Chrome OS,14989.107,4
iPadOS,16.1,4
iPadOS,16.4,4
KaiOS,2.5,4
Android,7.0,4
RedOS,(not set),3
Windows,(not set),3
Fedora,(not set),3
Mac,11.0,3
iOS,12.1,3
Chrome OS,12105.100,3
iOS,13.6,3
iPadOS,15.5,3
Android,16,3
iPadOS,16.2,3
PlayStation,5.11,3
Android TV,(not set),2
Fuchsia,(not set),2
Mac,10.7,2
Mac,10.8,2
iOS,11.0,2
Mac,12.2,2
iOS,12.4,2
Mac,12.6,2
Chrome OS,12239.92,2
Chrome OS,13099.110,2
Chrome OS,13099.85,2
Mac,14.3,2
Mac,14.4,2
iOS,14.8,2
iOS,15.0,2
iPadOS,16.5,2
iPadOS,17.4,2
HarmonyOS,2.1,2
HarmonyOS,2.2,2
PlayStation,4.11,2
PlayStation,4.12,2
iOS,4.3,2
Fire OS,5,2
Android,5.1,2
PICO OS,5.12,2
Fire OS,6,2
Tizen,6.0,2
Tizen,8.0,2
Debian,(not set),1
Mac,10.4,1
Mac,10.9,1
Chrome OS,10323.67,1
Android TV,11,1
Mac,11.7,1
iOS,12.3,1
Chrome OS,12371.89,1
Mac,13.2,1
iOS,13.2,1
Mac,13.3,1
Mac,13.4,1
Chrome OS,13597.84,1
Chrome OS,13904.97,1
Android TV,14,1
iOS,14.0,1
iOS,14.1,1
Mac,14.5,1
Mac,14.7,1
iPadOS,14.8,1
Chrome OS,14469.41,1
Chrome OS,14526.57,1
Chrome OS,14909.100,1
iOS,15.2,1
Mac,15.4,1
iPadOS,16.6,1
iPadOS,17.2,1
Android,4.2,1
iOS,7.0,1
Tizen,7.0,1
