name,visitors,bounce_rate,visit_duration
Direct / None,165269,58,134
Google,125890,58,104
Bing,35012,58,122
chatgpt.com,34956,64,116
Yandex,5875,59,112
Baidu,5802,51,155
GitHub,3071,70,87
Yahoo!,2475,60,119
Brave,2305,60,97
Youtube,2057,68,101
docs.python.org,1977,52,90
link.csdn.net,1376,52,151
DuckDuckGo,1331,58,89
360.cn,921,45,259
doubao.com,853,61,160
code.visualstudio.com,792,81,59
Naver,638,51,148
w3schools.com,526,53,118
link.zhihu.com,523,48,159
python.p2hp.com,517,63,113
copilot.microsoft.com,509,62,110
qiita.com,403,53,140
Microsoft Teams,375,77,66
pip.pypa.io,287,50,132
claude.ai,250,67,63
learn.microsoft.com,231,61,116
Perplexity,219,62,74
packaging.python.org,205,44,150
chat.qwen.ai,203,61,163
Sogou,202,61,139
Ecosia,194,63,60
Coccoc,188,50,119
pytorch.org,180,63,116
netacad.com,176,80,82
blog.csdn.net,167,49,171
Reddit,163,64,72
python.jp,162,43,104
wiki.python.org,157,65,108
yuanbao.tencent.com,151,53,146
pypi.org,150,71,75
peps.python.org,135,42,81
sukkiri.jp,133,37,152
liaoxuefeng.com,131,65,155
roadmap.sh,131,71,48
blog.naver.com,127,63,124
ai.google.dev,117,63,126
Qwant,108,60,98
Wikipedia,94,42,107
chat.baidu.com,94,49,195
docs.pingcode.com,91,43,137
runoob.com,86,64,128
online-python.com,85,71,37
jianshu.com,79,73,71
realpython.com,77,54,106
udemy.com,75,79,44
dotiromoook.tistory.com,72,31,203
medium.com,70,60,121
pygame.org,69,40,124
pythonguis.com,65,54,174
datacamp.com,63,69,77
tongyi.com,62,64,110
blackbox.ai,61,65,111
jetbrains.com,61,70,103
naver.com,61,48,80
quark.cn,61,55,123
sky.pro,61,37,113
Facebook,60,77,65
devguide.python.org,57,64,106
geeksforgeeks.org,57,72,41
scikit-learn.org,57,61,58
soroban.highreso.jp,57,74,163
lms.ev.org.br,56,78,157
Telegram,54,75,82
discuss.python.org,53,36,200
kodekloud.com,52,85,26
openclassrooms.com,52,66,155
Vkontakte,51,67,75
cnblogs.com,50,63,124
docs.espressif.com,48,81,78
python.org.br,47,58,125
docs.platformio.org,44,56,95
randomnerdtutorials.com,44,86,27
savanna.alxafrica.com,44,77,70
pythoncentral.io,43,47,40
pythoninsider.blogspot.com,42,70,35
ursinaengine.org,42,76,39
courses.edx.org,41,76,40
cloud.tencent.com,39,41,203
cs50.readthedocs.io,39,39,84
pythontest.com,39,20,151
poe.com,37,58,251
127.0.0.1,36,75,156
esphome.io,35,63,61
freecodecamp.org,34,71,102
edube.org,33,85,9
enlacesnintricks.blogspot.com,33,79,119
blog.pyq.jp,32,38,87
m.so.com,32,39,154
romptn.com,32,78,81
ithelp.ithome.com.tw,31,61,74
amuletmc.com,30,48,61
gradio.app,30,77,177
freedidi.com,29,83,74
digitalocean.com,28,43,239
javadrive.jp,28,32,151
LinkedIn,27,81,22
auto-editor.com,27,52,197
pythonorg.cn,27,59,129
wenxiaobai.com,27,74,90
ai-kenkyujo.com,26,41,126
chat.mistral.ai,26,65,81
m.blog.naver.com,26,50,169
spotdl.readthedocs.io,26,50,40
sysnettechsolutions.com,26,85,47
tutorialspoint.com,26,73,193
codecademy.com,25,76,54
cursos.alura.com.br,25,80,82
docs.streamlit.io,24,72,143
m365.cloud.microsoft,24,58,121
rivery.io,24,54,91
automatetheboringstuff.com,23,64,126
link.juejin.cn,23,61,166
skillbox.ru,23,52,282
wenku.csdn.net,22,55,138
Mail.ru,21,76,38
drive2.ru,21,67,19
inf.tgl.net.ru,21,68,175
metanit.com,21,52,53
dzen.ru,20,65,147
music21.org,20,85,12
namu.wiki,20,50,28
odoo.com,20,48,23
patreon.com,20,60,77
pcschool.com.tw,20,40,135
pythononlinecompiler.ru,20,70,15
pythonworld.ru,20,55,104
wikidocs.net,20,35,62
Twitter,19,68,4
heytech.tistory.com,19,20,368
dataquest.io,18,61,113
edge.edx.org,18,83,9
gammasoft.jp,18,61,57
instaloader.github.io,18,58,158
py4e.com,18,56,229
tensorflow.org,18,56,144
timeweb.cloud,18,58,53
w3school.com.cn,18,61,146
cainiaojc.com,17,59,354
cgohlke.com,17,61,194
ecovacs.feishu.cn,17,39,110
rutube.ru,17,61,78
worthytutors.com,17,41,319
xdaforums.com,17,59,26
yr7ywq.smartapps.baidu.com,17,71,130
bot.n.cn,16,69,61
notebooks.githubusercontent.com,16,47,118
pythongeeks.org,16,62,270
source.android.com,16,41,176
weel.co.jp,16,71,70
Instagram,15,67,78
badcaps.net,15,73,169
gapgpt.app,15,60,31
pythonjobshq.com,15,62,27
doc.courtbouillon.org,14,93,1
gamebanana.com,14,64,142
hovatek.com,14,64,56
internet-start.net,14,14,202
lms.skillfactory.ru,14,93,139
migra.pl,14,71,97
post_page-----e16b7382624a---------------------------------------,14,86,8
app.aluracursos.com,13,79,193
docs.opencv.org,13,85,4
docs.reportlab.com,13,69,273
docs.telethon.dev,13,69,175
habr.com,13,85,6
learn.kodland.org,13,93,1
miralab.co.jp,13,54,175
mkdocs.org,13,46,114
n.cn,13,57,68
nltk.org,13,60,164
ntp.msn.cn,13,54,135
ootrandomizer.com,13,85,67
pymanual.github.io,13,69,5
yuque.com,13,46,159
4pda.to,12,92,1
codeup.kr,12,100,0
docs.edgeimpulse.com,12,62,48
gall.dcinside.com,12,92,65
help.aliyun.com,12,50,180
login.microsoftonline.com,12,50,268
note.youdao.com,12,42,149
portablepython.com,12,75,244
quantrimang.com,12,58,369
theforage.com,12,83,2
trinket.io,12,100,0
tutorial.djangogirls.org,12,42,287
unknowncheats.me,12,58,63
artemis.tum.de,11,55,224
blog.python.org,11,27,536
brunch.co.kr,11,73,14
canva.com,11,58,112
chat.siemens.com,11,64,47
coding-is-fun.tistory.com,11,73,20
docstring.fr,11,58,86
ead.ipog.edu.br,11,91,7
legacy.python.org,11,45,173
mql5.com,11,64,123
pandas.pydata.org,11,82,4
python-lernen.de,11,55,13
pythonhelp.ru,11,55,43
s3.eu-west-1.amazonaws.com,11,73,219
stickpng.com,11,64,20
swig.org,11,91,0
tryhackme.com,11,100,0
wikiwiki.jp,11,45,89
aisearch.sogou.com,10,60,270
aranzulla.it,10,90,0
belajarpython.com,10,60,17
blog.51cto.com,10,50,79
cocalc.com,10,80,58
copilot.cloud.microsoft,10,64,18
dataandanalytics.int.thomsonreuters.com,10,60,148
deanza.instructure.com,10,55,383
docs.opendronemap.org,10,82,14
droidwin.com,10,45,98
formulae.brew.sh,10,70,6
github.gatech.edu,10,90,3
idealab.alibaba-inc.com,10,60,43
my.sky.pro,10,40,152
python.digibeatrix.com,10,50,212
pyzo.org,10,50,14
virtualenv.pypa.io,10,70,43
zalo,10,67,10
Daum,9,33,336
boot.dev,9,89,5
chat.lab.epam.com,9,78,19
codelv.com,9,78,198
csc.edu.vn,9,44,26
docs.qq.com,9,89,4
flex-link.co.kr,9,67,4
his.huawei.com,9,22,83
in.accenture.com,9,89,5
intelligrow.feishu.cn,9,33,306
kivy.org,9,44,137
matplotlib.org,9,56,475
microsoft.github.io,9,89,4
nineyad9.tistory.com,9,89,121
oai.azure.com,9,50,107
oryoy.com,9,33,371
psx-place.com,9,67,12
python-izm.com,9,60,349
rswm-ju.tistory.com,9,33,53
sejuku.net,9,22,132
stablediffusiontutorials.com,9,78,15
unogeeks.com,9,22,299
b.optima-osvita.org,8,60,58
blog.data101.io,8,75,112
bugs.python.org,8,75,168
bytedance.larkoffice.com,8,88,43
campus.ulead.ac.cr,8,75,3
chat.chatbotapp.ai,8,62,112
community.octoprint.org,8,50,106
dd223.codetantra.com,8,62,62
developer.mozilla.org,8,38,591
doc.qt.io,8,38,663
docutils.sourceforge.io,8,56,95
edu.sirius.online,8,62,185
frida.re,8,38,448
jessehouwing.net,8,62,86
kikagaku.co.jp,8,25,519
kkaneko.jp,8,25,653
klv.co.jp,8,38,213
magazine.code-college.jp,8,50,40
overleaf.com,8,88,24
platform.openai.com,8,62,52
portal.api.traino.cat,8,25,124
programiz.com,8,62,180
redis.io,8,100,0
sadtalkerai.com,8,62,64
saturncloud.io,8,88,3
shrddr.github.io,8,12,60
steam.oxxostudio.tw,8,75,81
swift.org,8,62,62
tutorpython.com,8,12,82
wiki.ith.intel.com,8,62,88
yyoossk.blogspot.com,8,50,162
Gmail,7,71,12
app.wellkid.online,7,43,129
asreview.nl,7,71,113
bigdown.tistory.com,7,86,0
brian0111.com,7,57,14
c.biancheng.net,7,38,892
challenge.hennge.com,7,100,0
citco.atlassian.net,7,43,269
cnpython.com,7,43,286
developer.cisco.com,7,86,6
doc.clickup.com,7,86,121
docs.spyder-ide.org,7,57,79
eyq.eyfabric.ey.com,7,75,367
frcon.cvg.utn.edu.ar,7,100,0
