name,visitors,pageviews,bounce_rate,time_on_page,scroll_depth
/pl/3/tutorial/datastructures.html,57,72,83,79,44
/pl/3/tutorial/index.html,22,33,40,68,59
/pl/dev/library/turtle.html,20,28,61,102,30
/pl/3/tutorial/errors.html,15,17,73,40,38
/pl/3/tutorial/modules.html,15,17,100,33,30
/pl/3/tutorial/venv.html,14,18,71,34,64
/pl/3/tutorial/controlflow.html,13,20,100,276,45
/pl/dev/tutorial/classes.html,13,13,100,51,43
/pl/3/tutorial/introduction.html,9,10,100,287,55
/pl/3.13/tutorial/index.html,8,15,0,68,53
/pl/3/,8,18,0,27,82
/pl/3/tutorial/inputoutput.html,8,11,100,26,64
/pl/3/installing/index.html,7,7,100,38,67
/pl/3.13/tutorial/introduction.html,6,9,100,198,40
/pl/dev/library/functions.html,6,6,100,140,12
/pl/3/library/index.html,5,11,67,126,53
/pl/3/reference/index.html,5,7,0,111,94
/pl/3/tutorial/appetite.html,5,6,67,642,90
/pl/3/tutorial/classes.html,5,5,80,35,57
/pl/3.13/,4,4,100,15,94
/pl/3.13/index.html,4,5,0,13,78
/pl/3.13/tutorial/controlflow.html,4,5,67,321,10
/pl/3.13/tutorial/interpreter.html,4,4,100,30,48
/pl/3/contents.html,4,4,100,53,21
/pl/dev/tutorial/inputoutput.html,4,6,67,106,100
/pl/3.13/library/index.html,3,5,0,14,16
/pl/3.13/library/stdtypes.html,3,3,100,13,15
/pl/3.13/search.html,3,6,0,15,77
/pl/3.13/tutorial/,3,5,50,66,49
/pl/3.13/tutorial/appetite.html,3,3,0,191,91
/pl/3.13/whatsnew/3.13.html,3,3,0,106,27
/pl/3/glossary.html,3,5,0,97,60
/pl/3/library/functions.html,3,3,100,306,30
/pl/3/library/stdtypes.html,3,5,0,56,42
/pl/3/reference/introduction.html,3,3,0,23,98
/pl/3/tutorial/interpreter.html,3,6,100,227,78
/pl/3/tutorial/stdlib.html,3,4,0,9,85
/pl/3/using/index.html,3,4,100,24,98
/pl/3.13/c-api/index.html,2,3,0,23,98
/pl/3.13/library/functions.html,2,2,100,617,44
/pl/3.13/library/typing.html,2,5,0,61,8
/pl/3.13/license.html,2,3,100,76,52
/pl/3.13/tutorial/appendix.html,2,3,0,6,68
/pl/3.13/tutorial/classes.html,2,2,0,12,100
/pl/3.13/tutorial/datastructures.html,2,2,0,2,6
/pl/3.13/tutorial/errors.html,2,2,100,13,14
/pl/3.13/using/windows.html,2,2,0,15,34
/pl/3/extending/extending.html,2,3,67,66,5
/pl/3/index.html,2,2,0,32,86
/pl/3/library/array.html,2,2,100,68,100
/pl/3/reference/lexical_analysis.html,2,2,0,44,60
/pl/3/search.html,2,2,0,4,100
/pl/3/tutorial/,2,10,0,98,99
/pl/3/tutorial/appendix.html,2,2,100,561,65
/pl/3/tutorial/floatingpoint.html,2,2,100,11,36
/pl/3/using/windows.html,2,2,0,93,62
/pl/dev/tutorial/floatingpoint.html,2,2,100,40,90
/pl/3.12/,1,3,0,45,99
/pl/3.12/c-api/init_config.html,1,1,100,,
/pl/3.12/installing/index.html,1,1,0,2,12
/pl/3.12/library/array.html,1,1,0,11,21
/pl/3.12/library/logging.handlers.html,1,1,100,,
/pl/3.12/library/telnetlib.html,1,1,100,1,17
/pl/3.12/tutorial/index.html,1,1,100,82,21
/pl/3.12/tutorial/introduction.html,1,3,50,,
/pl/3.12/using/index.html,1,1,0,9,100
/pl/3.13/bugs.html,1,8,0,144,100
/pl/3.13/c-api/apiabiversion.html,1,1,0,26,95
/pl/3.13/c-api/hash.html,1,1,0,16,100
/pl/3.13/c-api/intro.html,1,1,0,39,13
/pl/3.13/c-api/monitoring.html,1,1,0,,
/pl/3.13/contents.html,1,1,0,4,1
/pl/3.13/copyright.html,1,1,0,21,100
/pl/3.13/download.html,1,1,0,8,100
/pl/3.13/faq/,1,1,0,8,99
/pl/3.13/glossary.html,1,0,0,12,4
/pl/3.13/howto/argparse.html,1,1,0,15,13
/pl/3.13/howto/functional.html,1,1,0,6,3
/pl/3.13/howto/sorting.html,1,1,0,13,16
/pl/3.13/library/,1,1,0,14,11
/pl/3.13/library/ast.html,1,1,0,12,81
/pl/3.13/library/dataclasses.html,1,2,0,6,4
/pl/3.13/library/datetime.html,1,2,0,4,1
/pl/3.13/library/decimal.html,1,1,0,12,17
/pl/3.13/library/fractions.html,1,1,0,7,27
/pl/3.13/library/hashlib.html,1,1,100,94,69
/pl/3.13/library/idle.html,1,1,0,7,3
/pl/3.13/library/logging.html,1,1,100,,
/pl/3.13/library/math.html,1,2,0,8,7
/pl/3.13/library/os.html,1,1,0,5,1
/pl/3.13/library/select.html,1,1,0,27,35
/pl/3.13/library/socket.html,1,5,0,127,16
/pl/3.13/library/tkinter.html,1,2,0,19,46
/pl/3.13/library/traceback.html,1,1,0,13,12
/pl/3.13/library/turtle.html,1,1,0,258,81
/pl/3.13/library/venv.html,1,1,0,38,63
/pl/3.13/library/wave.html,1,1,0,22,35
/pl/3.13/library/webbrowser.html,1,1,0,33,23
/pl/3.13/reference/datamodel.html,1,2,0,29,43
/pl/3.13/reference/index.html,1,3,0,44,100
