name,version,visitors
Chrome,134.0,945
Chrome,135.0,493
Microsoft Edge,135.0,217
Opera,117.0,112
Firefox,137.0,96
Microsoft Edge,134.0,90
Firefox,136.0,36
Mobile App,(not set),34
Chrome,133.0,22
Safari,18.3,22
Firefox,128.0,16
Chrome,109.0,14
Chrome,132.0,14
Chrome,131.0,13
Samsung Browser,27.0,13
Chrome,119.0,9
Chrome,122.0,9
(not set),(not set),6
Chrome,126.0,6
Chrome,128.0,6
Safari,18.4,6
Chrome,127.0,5
Firefox,133.0,5
Avast Secure Browser,133.0,5
Firefox,134.0,5
Firefox,135.0,5
Chrome,116.0,4
Chrome,120.0,4
Chrome,130.0,4
Firefox,115.0,3
Chrome,124.0,3
Chrome,129.0,3
Microsoft Edge,133.0,3
Safari,16.6,3
Safari,18.1,3
Safari,18.2,3
Android Browser,(not set),2
Chrome,103.0,2
Chrome,121.0,2
Firefox,129.0,2
Firefox,130.0,2
Firefox,132.0,2
AVG Secure Browser,133.0,2
Firefox,138.0,2
Chrome,94.0,2
Opera,95.0,2
Chrome,100.0,1
Chrome,107.0,1
Microsoft Edge,109.0,1
Chrome,111.0,1
Opera,113.0,1
Opera,116.0,1
Chrome,117.0,1
Chrome,118.0,1
Firefox,121.0,1
Chrome,123.0,1
Microsoft Edge,126.0,1
Firefox,127.0,1
Mobile App,129.0,1
Mobile App,130.0,1
Microsoft Edge,130.0,1
Avast Secure Browser,131.0,1
Microsoft Edge,132.0,1
Mobile App,134.0,1
Microsoft Edge,136.0,1
Chrome,136.0,1
Chrome,137.0,1
MIUI Browser,14.2,1
MIUI Browser,14.32,1
Safari,17.4,1
Safari,17.5,1
Safari,17.6,1
AdBlock Browser,3.7,1
Opera,84.0,1
Opera,88.0,1
Firefox,91.0,1
Chrome,97.0,1
Mobile App,97.0,1
