name,visitors
Madrid,223
Lima,114
Barcelona,95
Medellín,89
Santiago,83
Bogotá,78
Valencia,57
Quito,53
Mexico City,41
Shanghai,40
Benito Juarez,40
Shenzhen,38
Caracas,38
N/A,37
Buenos Aires,36
Santo Domingo,31
Málaga,29
Singapore,27
Wuxi,26
Gustavo Adolfo Madero,24
Havana,24
San Salvador,24
Guayaquil,23
Guadalajara,22
Cali,18
Barranquilla,18
Zaragoza,17
Puebla,16
La Paz,16
Alicante,15
San José,15
Córdoba,15
Asunción,14
Sevilla,13
Murcia,13
Valladolid,13
La Plata,13
Montevideo,13
Tlalpan,13
N/A,13
Santiago de Querétaro,13
N/A,13
Santiago de Compostela,12
Arequipa,12
León de los Aldama,12
Hermosillo,12
Zhenjiang,11
Dalian,11
Palma,11
Vigo,11
Bilbao,11
Toluca,11
Cancún,11
Cuauhtémoc,11
Rosario,11
Granada,10
Leganés,10
Tizayuca,10
Managua,10
San Bernardo,10
Concepción,10
Vic,9
N/A,9
Guatemala City,9
Huancayo,9
Zapopan,9
Córdoba,8
Terrassa,8
N/A,8
Panamá,8
Miguel Hidalgo,8
N/A,8
N/A,8
Hangzhou,7
Pamplona,7
A Coruña,7
Alcorcón,7
N/A,7
Álvaro Obregón,7
N/A,7
Pasto,7
Paraná,7
San Luis Potosí,7
Monterrey,7
Los Angeles,7
Guangzhou,6
Vilagarcía de Arousa,6
Guadalajara,6
Alcalá de Henares,6
São Paulo,6
Cuernavaca,6
Valencia,6
Maracaibo,6
Cuenca,6
Valledupar,6
Cartagena,6
Punta Arenas,6
Cochabamba,6
Tijuana,6
San Nicolás de los Garza,6
San Juan de Sabinas,6
Miami,6
N/A,6
Hanoi,5
Jinhua,5
Tsuen Wan,5
La Laguna,5
Las Palmas de Gran Canaria,5
Elche,5
Badajoz,5
Dublin,5
Ponferrada,5
Huesca,5
Resistencia,5
Mar del Plata,5
Nuevo Laredo,5
Mérida,5
Xalapa de Enríquez,5
Iztapalapa,5
Ecatepec de Morelos,5
Azcapotzalco,5
Santo Domingo de los Colorados,5
Envigado,5
Bahía Blanca,5
N/A,5
Santa Cruz de la Sierra,5
Cusco,5
Culiacán,5
Aguascalientes,5
Wuhan,4
Beijing,4
Jaén,4
Gasteiz / Vitoria,4
Sabadell,4
Parla,4
Mejorada del Campo,4
Gijón,4
Getafe,4
Quilmes,4
Lanús,4
Santiago de los Caballeros,4
Santa Cruz Xoxocotlán,4
San Juan del Río,4
Reynosa,4
Oaxaca,4
Comalcalco,4
Ciudad Victoria,4
Ciudad Madero,4
N/A,4
Portoviejo,4
Soacha,4
Floridablanca,4
Bello,4
Chiclayo,4
Salta,4
Mendoza,4
Chivilcoy,4
Puente Alto,4
Zamora,4
Tepic,4
Pesquería,4
Morelia,4
Mexicali,4
Chihuahua,4
Santo Domingo Este,4
Bengaluru,3
Dongyang,3
Nantong,3
Lanxi,3
Jiangmen,3
Fuzhou,3
Utrera,3
Navalmoral de la Mata,3
Fuengirola,3
Écija,3
Castelló de la Plana,3
Burjassot,3
Amsterdam,3
Luxembourg,3
Viladecans,3
Valdemoro,3
Tarragona,3
Pinto,3
Oviedo,3
Ourense,3
Lliçà d'Amunt,3
León,3
Collado-Villalba,3
Betanzos,3
Badalona,3
Zárate,3
San Justo,3
N/A,3
Lomas de Zamora,3
Caseros,3
N/A,3
Veracruz,3
Tlalnepantla,3
Texcoco de Mora,3
Tecámac,3
Naucalpan de Juárez,3
Tegucigalpa,3
Mérida,3
La Guaira,3
Tunja,3
Santa Marta,3
Neiva,3
Manizales,3
N/A,3
Chía,3
Trujillo,3
Venustiano Carranza,3
Santa Fe,3
San Salvador de Jujuy,3
Cipolletti,3
Viña del Mar,3
Quillota,3
Providencia,3
N/A,3
N/A,3
Antofagasta,3
Torreón,3
Tepatitlán de Morelos,3
Navojoa,3
Mazatlán,3
Ciudad Obregón,3
Dolores Hidalgo Cuna de la Independencia Nacional,3
New Smyrna Beach,3
Ashburn,3
North Bergen,3
Montréal,3
N/A,3
Avellaneda,3
N/A,3
José C. Paz,3
Dammam,2
Nairobi,2
Osh,2
Da Nang,2
Tainan,2
Yangzhou,2
Suzhou,2
Qingdao,2
Nanjing,2
Wan Chai,2
N/A,2
Hong Kong,2
Tokyo,2
Ulan Bator,2
Brisbane,2
Torrent,2
Toledo,2
Telde,2
Sueca,2
San Vicent del Raspeig,2
Pedreguer,2
Montoro,2
N/A,2
Manacor,2
La Roda,2
Xàtiva,2
Ibiza,2
Huelva,2
Güimar,2
Granadilla de Abona,2
Fortuna,2
Barbate,2
Aspe,2
Armilla,2
Alzira,2
Cagliari,2
Agadir,2
Leipzig,2
Livry-Gargan,2
Andorra la Vella,2
Prague,2
Villaviciosa de Odón,2
Torrelodones,2
Torrejón de la Calzada,2
Torrejón de Ardoz,2
N/A,2
Santa Perpètua de Mogoda,2
Santander,2
San Sebastián de los Reyes,2
San Agustín del Guadalix,2
Salamanca,2
Rubí,2
Ribaforada,2
Palafrugell,2
Lugo,2
Logroño,2
Gavà,2
Fuensalida,2
Fuenlabrada,2
Coslada,2
Castelldefels,2
Boadilla del Monte,2
Ávila,2
Arteixo,2
Arroyomolinos,2
