name,version,visitors
Chrome,140.0,171
Microsoft Edge,140.0,67
Firefox,143.0,18
Chrome,139.0,15
Chrome,134.0,9
Safari,18.6,9
Chrome,128.0,5
Chrome,135.0,3
Microsoft Edge,136.0,3
Microsoft Edge,138.0,3
Chrome,138.0,3
Microsoft Edge,139.0,3
Chrome,126.0,2
Chrome,131.0,2
Chrome,136.0,2
Chrome,137.0,2
Safari,18.3,2
Safari,26.0,2
Firefox,109.0,1
Chrome,120.0,1
Microsoft Edge,122.0,1
Microsoft Edge,124.0,1
Chrome,132.0,1
Microsoft Edge,133.0,1
Iron,137.0,1
Safari,14.1,1
Chrome,141.0,1
Firefox,141.0,1
Firefox,142.0,1
Yandex Browser,23.3,1
Samsung Browser,28.0,1
Sleipnir,3.7,1
