name,visitors
Tokyo,108
Osaka,21
Nagoya,8
Sapporo,8
Kyoto,4
N/A,4
Yokohama,3
N/A,3
Nishinomiya-hama,3
Kanazawa,3
Singapore,3
N/A,3
Guangzhou,2
Akashi,2
Musashino,2
Kurume,2
Koga,2
N/A,2
Hirakata,2
Fukuyama,2
Fukuoka,2
N/A,2
N/A,2
N/A,2
Narita,2
Asahikawa,2
Zürich,2
Arlington Heights,2
Higashiyamato,2
N/A,2
N/A,2
N/A,2
N/A,2
Omdurman,1
Nantong,1
Hong Kong,1
Yokosuka,1
Sakai,1
Okazaki,1
Okayama,1
Ōbu,1
Nishio,1
Naha,1
Nagaoka,1
N/A,1
Kumamoto,1
Komoro,1
Kobe,1
Kawasaki,1
Kawaguchi,1
Kanuma,1
Ikoma,1
Ichinomiya,1
N/A,1
N/A,1
Higashi-ōsaka,1
Hamamatsu,1
Gifu-shi,1
N/A,1
N/A,1
Anan,1
Sayama,1
Yonezawa,1
Yamagata,1
Fukushima,1
Otaru,1
Milan,1
Puebla,1
Boardman,1
N/A,1
N/A,1
N/A,1
N/A,1
N/A,1
N/A,1
N/A,1
N/A,1
N/A,1
N/A,1
N/A,1
N/A,1
N/A,1
N/A,1
N/A,1
N/A,1
N/A,1
N/A,1
Ichikawa-minami,1
N/A,1
N/A,1
N/A,1
N/A,1
N/A,1
N/A,1
N/A,1
