name,visitors
Tokyo,1689
Osaka,429
Kanagawa,317
Chiba,157
Aichi,150
Saitama,135
Fukuoka,77
Hokkaido,60
Hyogo,60
Hebei,54
Kyoto,54
Shizuoka,40
Shandong,39
Ibaraki,39
Sichuan,38
Hiroshima,28
Tochigi,24
Henan,23
Niigata,23
Guangdong,22
Miyagi,21
Tokushima,19
Gunma,18
Nagano,17
Fukushima,16
Zhejiang,15
Kumamoto,15
Beijing,14
Jiangsu,14
Gifu,13
Okayama,13
Kochi,13
Mie,12
Shiga,12
Okinawa,12
Shanghai,11
Yamagata,11
Toyama,11
Ishikawa,11
Ehime,11
California,11
Nara,10
Oita,10
Iwate,9
Fukui,9
Wakayama,9
Shimane,9
New South Wales,8
Hubei,8
Shaanxi,8
Fujian,7
Miyazaki,7
Anhui,6
Guizhou,6
Aomori,6
Akita,6
Yamaguchi,6
Kagoshima,6
Gansu,5
Liaoning,5
Yamanashi,5
Kagawa,5
Nagasaki,5
Georgia,4
New York,4
Chongqing,3
Guangxi,3
Hunan,3
Jilin,3
Shanxi,3
Tianjin,3
Yunnan,3
England,3
Tottori,3
Saga,3
Seoul,3
Santa Fe,2
British Columbia,2
Quebec,2
Hainan,2
Xinjiang,2
Saxony,2
Delhi,2
Karnataka,2
Telangāna,2
Uttar Pradesh,2
Piedmont,2
Lazio,2
Wellington,2
Khmelnychchyna,2
Da Nang,2
Ho Chi Minh City,2
Queensland,1
São Paulo,1
Geneva,1
Santiago Metropolitan,1
Heilongjiang,1
Jiangxi,1
Île-de-France,1
Provence-Alpes-Côte-d'Azur,1
Wales,1
Kowloon City Kowloon,1
Jakarta,1
Yogyakarta,1
Tamil Nadu,1
Baghdad,1
Lombardy,1
Gyeonggi,1
Almaty City,1
Yangon,1
Kayin,1
Metro Manila,1
Mazovia,1
Novosibirsk,1
Saint Petersburg,1
Chiang Mai,1
Taipei,1
Washington DC,1
Iowa,1
Michigan,1
New Jersey,1
Oregon,1
Hanoi,1
Haiphong,1
