name,visitors,bounce_rate,visit_duration
Direct / None,2852,56,262
Bing,857,67,167
Google,570,73,202
Baidu,302,74,105
python.org,148,0,578
link.zhihu.com,44,37,205
link.csdn.net,21,63,43
chatgpt.com,19,35,719
doubao.com,17,11,249
python.p2hp.com,15,0,986
360.cn,14,62,279
yuanbao.tencent.com,14,50,221
runoob.com,11,45,412
quark.cn,10,57,259
codemao.yuque.com,8,67,127
m.so.com,8,22,19
ntp.msn.cn,7,17,215
baike.baidu.com,6,83,103
Shenma,5,80,140
c.biancheng.net,5,60,19
GitHub,4,50,204
developer.aliyun.com,4,33,376
idealab.alibaba-inc.com,4,25,20
oi-wiki.org,4,25,495
Sogou,3,0,5
aidoczh.com,3,33,59
chat.baidu.com,3,0,30
cs50.harvard.edu,3,0,33
liaoxuefeng.com,3,0,86
momodel.cn,3,33,352
n.cn,3,0,166
scikit-learn.org,3,0,30
uestc.feishu.cn,3,75,98
acwing.com,2,0,534
blog.csdn.net,2,50,175
bot.n.cn,2,0,544
byhy.net,2,0,82
cnblogs.com,2,0,68
dida100.com,2,100,0
docs.qq.com,2,50,6
mooc1.chaoxing.com,2,0,80
nowcoder.com,2,0,28
static.edusercontent.com,2,0,46
sxnd.alphacoding.cn,2,50,0
web.shanbay.com,2,100,0
wenxiaobai.com,2,0,20
104.224.188.233,1,0,104
1590j10o96.iok.la,1,100,0
192.168.1.200,1,0,8
48276svc1.vnc.educoder.net,1,0,1588
52zwbc.com,1,100,0
7f6d2i.smartapps.baidu.com,1,100,0
DuckDuckGo,1,0,243
Yahoo!,1,100,0
Youtube,1,0,41
app.dataquest.io,1,0,1264
bohrium.dp.tech,1,0,20
bpython-interpreter.org,1,0,26
c.xiumi.us,1,100,0
cc01.plusai.io,1,0,562
chat.qwen.ai,1,100,0
claude.ai,1,0,328
confluence.armchina.com,1,100,0
deepvip.scialyze.com,1,0,42
devdocs.io,1,0,6
dshubenok.github.io,1,0,29
edu.py2fun.com,1,100,0
educoder.net,1,0,10
elearn.waikato.ac.nz,1,0,375
es.python.org,1,0,158
fastapi.tiangolo.com,1,100,0
gaeaudit.info.qihoo.net,1,100,0
geoip2.readthedocs.io,1,0,1073
ima.qq.com,1,100,0
jianshu.com,1,100,0
johndanielraines.medium.com,1,0,21
jupyter-server.readthedocs.io,1,0,57
kivy.org,1,0,242
larkcommunity.feishu.cn,1,0,11
learnku.com,1,100,0
learnpython.org,1,0,30
lidihuo.com,1,0,421
link.juejin.cn,1,100,0
linkwarden.lab.aibuwan.top,1,100,0
lixiaolai.com,1,0,14
llxy.alphacoding.cn,1,0,1591
m.quark.cn,1,100,0
mo.zju.edu.cn,1,100,0
mp.weixin.qq.com,1,100,0
mx.barco.com,1,0,1243
nativeapp.toutiao.com,1,0,381
nemo2011.github.io,1,100,0
networkx.org,1,0,5
notebooks.githubusercontent.com,1,0,45
oi-wiki.com,1,0,311
packaging.python.org,1,0,33
pkuschool.yuque.com,1,100,0
poe.com,1,100,0
post_page-----c58b43d06dd4---------------------------------------,1,0,2296
py24.fr.to,1,0,140
pythonchallenge.com,1,0,898
pythonide.cscjapp.cn,1,100,0
pytk.net,1,0,2422
r00qdo82l1q.feishu.cn,1,100,0
roadmap.sh,1,0,3
static.oschina.net,1,0,5
sxgxy.alphacoding.cn,1,0,104
teams.microsoftonline.cn,1,100,0
time.geekbang.com,1,0,14
tongyi.aliyun.com,1,50,125
utmhikari.top,1,100,0
v2ex.com,1,0,8
vimsky.com,1,0,1573
volcengine.com,1,0,728
yuque.com,1,100,0
zhihu.com,1,0,91
