name,visitors,bounce_rate,visit_duration
Direct / None,17894,66,168
google.com,8836,80,166
m.baidu.com,1132,71,20
python.org,960,69,259
baidu.com/link,247,82,81
google.com.hk,215,81,115
bing.com,155,76,445
cn.bing.com,103,79,199
google.co.jp,103,75,98
codecademy.cn,94,43,216
search.yahoo.co.jp,73,74,117
chatgpt.com,49,78,702
baidu.com,45,85,38
classroom.google.com,35,20,1949
duckduckgo.com,35,100,805
google.fr,31,92,73
doubao.com,23,67,293
codecademy.cn/tutorial/python,20,50,34
link.h5.xiaoeknow.com,20,80,8
qiita.com,19,100,1123
statics.teams.cdn.office.net,19,72,83
ecosia.org,18,87,61
search.brave.com,17,0,1193
atstudy.com,16,53,93
m.baidu.com/s,16,71,11
python.p2hp.com,12,0,790
wiki.python.org,12,0,572
cs50.harvard.edu,11,0,597
google.com.tw,10,82,144
python.it,10,57,860
netacad.com,9,100,393
note.nkmk.me,9,0,187
peps.python.org,9,71,336
reddit.com,9,33,366
yandex.ru,9,100,127
127.0.0.1,8,50,5398
google.co.kr,8,83,92
google.com.br,7,57,77
link.csdn.net,7,0,843
perplexity.ai,7,75,777
devdocs.io,6,67,3
link.zhihu.com,6,0,183
youtube.com,6,50,148
discuss.python.org,5,100,191
google.com.ua,5,100,0
qwant.com,5,0,4672
udemy.com,5,0,547
github.com,4,100,0
google.com.mx,4,33,225
lms-wc.el.kanazawa-u.ac.jp,4,50,394
python.jp,4,0,3170
pythoninsider.blogspot.com,4,0,1074
cnblogs.com,3,100,18
google.es,3,67,388
wikidocs.net,3,0,1259
yuanbao.tencent.com,3,0,776
121.89.210.151,2,100,0
android-app://com.google.android.googlequicksearchbox,2,100,0
appp0dihtcj6069.xet-pc.citv.cn,2,100,0
baidu.com/s,2,100,0
biopython.org,2,0,1394
chat.baidu.com,2,0,44
claude.ai,2,0,416
de.search.yahoo.com,2,0,5584
docs.pydantic.dev,2,0,780
es.python.org,2,0,2242
github.com/python/pymanager/blob/main/.github/ISSUE_TEMPLATE/ask-a-question.md,2,0,704
google.it,2,100,17
heise.de,2,100,1220
help.aliyun.com/redirect,2,0,28
instagram.com,2,100,0
intranet.hbtn.io,2,0,105
kdocs.cn,2,0,50
link.h5.xiaoeknow.com/p/t/free/v1/account-platform/account-center/outerLinkIntercept/common,2,100,0
login.microsoftonline.com,2,100,0
m.baidu.com/from=1001192y/bd_page_type=1/ssid=0/uid=0/pu=usm%400%2Csz%401320_1001%2Cta%40iphone_2_11.0_28_16.0/baiduid=5702ED1A825D9CE71BAC823ABD6DEFCB/w=0_10_/t=iphone/l=1/tc,2,50,2
m.baidu.com/from=1001192y/bd_page_type=1/ssid=0/uid=0/pu=usm%400%2Csz%401320_1001%2Cta%40iphone_2_11.0_28_16.0/baiduid=816F34AF11DA16F3CF0D64BFCC0A4FB9/w=0_10_/t=iphone/l=1/tc,2,50,16
m.baidu.com/from=1001192y/bd_page_type=1/ssid=0/uid=0/pu=usm%400%2Csz%401320_1001%2Cta%40iphone_2_12.0_28_16.0/baiduid=AADD7A4D30B2FBF5D3CF2508C7535F88/w=0_10_/t=iphone/l=1/tc,2,0,68
m.baidu.com/from=1001703a/bd_page_type=1/ssid=0/uid=0/pu=usm%400%2Csz%401320_1001%2Cta%40iphone_2_14.0_18_40.9/baiduid=9574E9E651A99BC69BC8ADC3F2493D33/w=0_10_/t=iphone/l=1/tc,2,100,0
m.baidu.com/from=1012852q/bd_page_type=1/ssid=0/uid=0/pu=sz%401320_1004%2Cta%40iphone_2_10.0_11_19.5%2Cusm%400/baiduid=097BA85993FA76791E2B5E05C1E61ED7/w=0_10_/t=iphone/l=1/tc,2,50,6
m.baidu.com/from=1012852q/bd_page_type=1/ssid=0/uid=0/pu=sz%401320_1004%2Cta%40iphone_2_14.0_11_19.5%2Cusm%400/baiduid=035ED1F8164B7CAC427CA20D8A28B4B4/w=0_10_/t=iphone/l=1/tc,2,50,6
m.baidu.com/from=1012852q/bd_page_type=1/ssid=0/uid=0/pu=usm%400%2Csz%401320_1004%2Cta%40iphone_2_14.0_11_19.6/baiduid=5BDF3BD9D39E3AC6332A8D1E896053E0/w=0_10_/t=iphone/l=1/tc,2,100,0
m.baidu.com/from=1012852q/bd_page_type=1/ssid=0/uid=0/pu=usm%400%2Csz%401320_1004%2Cta%40iphone_2_14.0_11_19.6/baiduid=5D952BA1D4139850443F4693A363438C/w=0_10_/t=iphone/l=1/tc,2,0,82
m.baidu.com/from=1019311a/bd_page_type=1/ssid=0/uid=0/pu=sz%401320_1001%2Cta%40iphone_2_14.0_19_24.9%2Cusm%400/baiduid=1BCDDB1E15F3D66E20FFE551C1EE8909/w=0_10_/t=iphone/l=1/tc,2,100,18
m.baidu.com/from=1019311v/bd_page_type=1/ssid=0/uid=0/pu=sz%401320_1001%2Cta%40iphone_2_9.0_19_16.7%2Cusm%400/baiduid=35147A7C63E7A3549300407A074B8F82/w=0_10_/t=iphone/l=1/tc,2,0,697
m.baidu.com/from=1019311v/bd_page_type=1/ssid=0/uid=0/pu=sz%401320_1001%2Cta%40iphone_2__24_123.0%2Cusm%400/baiduid=5F62157FB1C5404B15DBB3CA3DE11CAA/w=0_10_/t=iphone/l=1/tc,2,100,0
m.baidu.com/from=1020761f/bd_page_type=1/ssid=0/uid=0/pu=sz%401320_1001%2Cta%40iphone_2_13.0_19_24.5%2Cusm%400/baiduid=E7CA22E0FAA6D0324C79BA0658DC1B9E/w=0_10_/t=iphone/l=1/tc,2,0,777
m.baidu.com/from=1026250u/ssid=0/pu=cuid%40l8SpuliTviYU82aKju2p8jOq2ugziSfqjavHugaN2u8GkvMx0fLjMHtwA%2Ccfrom%401026250u%2Ccua%40ga2084aL2ig4NE6lI5me6NN0v8zZa-I4_C2Hi4aa2iqlC%2Csz%401320_480%2Ccsrc%40bdbox_tserch_txt%2Cvmgdb%400020100228y%2Cosname%40baiduboxapp%2Ccen%40cuid_cua_cut%2Cc3_aid%40A00-3A6L6GB7NAPSBQPFXC4FV62RAVDBJWMR-HAULRBFD%2Cctv%402/s,2,0,6
m.baidu.com/from=1026859x/bd_page_type=1/ssid=0/uid=0/pu=osname%40baiduboxapp%2Cctv%402%2Cc3_aid%40A00-LOSNRMNPE6V4PTNQN6JXQP6GVJWZJCV6-564GPTSA%2Cosbranch%40a2%2Csz%401320_480%2Candrst%402%2Ccsrc%40home_box_txt%2Cvmgdb%400020100228y%2Ccuid%40liHTu0aYvu0kaH81la24ala_Saja8vi6laSBiliOS8KrLqqqB%2Ccua%40_avLC_anvi46ywoUfpw1zyaBsiYyh2Il_uL5i3LqA%2Ccen%40cuid_cua_cut%2Ccfrom%401026859x%2Cusm%400%2Cta%40zbios_2_9.0_24_70.0/baiduid=5B374605D73DFF46B1491A787B3A5EB1/w=0_10_/t=zbios/l=1/tc,2,100,0
m.baidu.com/from=1027661f/bd_page_type=1/ssid=0/uid=0/pu=sz%401320_1003%2Cta%40iphone_2_9.0_1_17.7%2Cusm%400/baiduid=BEA4F71B6473F41912D1FCE80CB3F4EE/w=0_10_/t=iphone/l=1/tc,2,100,0
moodle.polito.it,2,0,65
oi-wiki.org,2,0,468
pandas.pydata.org,2,0,682
pyo3.rs,2,100,16
python.org/psf-landing,2,0,138
python1991.cn,2,0,853
roadmap.sh,2,0,87
scalelite.deu.edu.tr,2,100,0
search.fenrir-inc.com,2,50,16
so.com/link,2,0,91
teratail.com,2,0,0
translate.google.com,2,100,0
vscode.github.net.cn,2,0,1516
ya.ru,2,0,141
3.1.7.1,1,0,1102
acortar.link,1,100,0
agi.cxmt.com,1,0,310
amplify.fixstars.com,1,0,0
anumqv.ap-beijing.cloudstudio.work,1,0,208
app.dstewart.ca,1,0,949
aprende.uned.ac.cr,1,0,344
ashooter.github.io,1,0,18
askpython.com,1,0,476
aws.amazon.com,1,0,38
ayatalog.hatenablog.jp,1,0,0
bbbcapacitaciones.chaco.gob.ar,1,100,0
bigwhaleking.tistory.com/35,1,0,13
blog.51cto.com/transfer,1,0,127
blog.glyph.im,1,100,0
blog.python.org,1,100,0
br.search.yahoo.com,1,0,135
bugzilla.redhat.com,1,100,0
byhy.net,1,0,20
bytedance.larkoffice.com,1,0,133
campus118.unad.edu.co,1,0,59
campusdigital.unipe.edu.ar,1,100,0
campusiesrfa.com,1,100,0
chaeeunsong.tistory.com/74,1,0,368
chat.qwen.ai/c/6a3fcf1f-0afd-484b-890b-c81a1a09f6e7,1,100,0
chat.qwen.ai/c/95d257cd-5012-431c-aedb-c96f5a9815f1,1,0,16
chat.rdg-genai.crl.hitachi.co.jp,1,0,0
cloud.tencent.com/developer/tools/blog-entry,1,0,167
code.visualstudio.com,1,0,700
codedex.io,1,0,3711
codevace.com/vscode-py-launch-json,1,100,0
colab.research.google.com,1,100,0
community.viktor.ai,1,100,0
confluence.exail.com,1,0,183
console.bce.baidu.com/smart-term,1,100,0
copilot.microsoft.com,1,100,0
courses.edx.org,1,0,79
cp.swift.sa.edu.au,1,0,279
cse.google.com,1,100,0
cursos.alura.com.br,1,0,2187
cython.readthedocs.io/en/latest/src/userguide/freethreading.html,1,0,82
developers.google.com,1,0,93
doc.qt.io,1,0,0
docs.circuitpython.org/en/latest/shared-bindings/socketpool/index.html,1,0,1493
docs.python-guide.org,1,0,24
docs.pytorch.org,1,0,2
docs.scrapy.org/en/latest/intro/tutorial.html,1,0,5
docstring.fr,1,0,88
edube.org/learn/pe-1/section-summary-72,1,0,63
ellibrodepython.com,1,0,2329
en.wikipedia.org,1,0,0
enterprise-confluence.aexp.com,1,0,46
evaitsep.activemoodle.com,1,100,0
exercism.org,1,0,45
expansion.mx,1,100,0
flask.palletsprojects.com/es/stable/tutorial,1,0,137
fr.search.yahoo.com,1,0,79
freecodecamp.org/espanol/news/guia-de-funciones-de-python-con-ejemplos,1,0,618
github.com/Egor1Go/-Python,1,0,7
github.com/RobEin/ANTLR4-parser-for-Python-3.13,1,100,0
github.com/kliment/Printrun,1,0,0
github.com/micropython/micropython-lib,1,0,24
github.com/n8n-io/n8n-docs,1,0,36
github.com/phlucasfr/my-python-journey,1,0,12
github.com/python/cpython,1,0,176
github.com/rictom/cnpj_consulta,1,0,4
github.com/scipy/scipy/issues/8828,1,0,258
github.com/spesmilo/electrumx/commit/8571ea2294a2ef63e8f30d026a063b3d51064cab,1,100,0
github.com/vinta/awesome-python,1,0,136
github.com/zxcalc/pyzx/issues/204,1,100,0
go.aftvnews.com,1,50,6
go.startexam.com,1,100,0
google.cl,1,100,0
google.co.in,1,0,381
google.co.th,1,0,2114
google.co.uk,1,0,0
google.com.ar,1,100,0
google.ru,1,0,1526
grok.com,1,0,0
haggis.readthedocs.io/en/stable/api.html,1,0,1286
hitachigroup.okta.com,1,100,0
hk.search.yahoo.com,1,0,210
ibm-learning.udemy.com,1,0,825
ide-python-basics-deterministic-9281179.evaluator2-8.hexlet.io,1,0,1597
ide-python-basics-signature-9281470.evaluator5-8.hexlet.io,1,0,1159
idealab.alibaba-inc.com/ideaTalk,1,0,566
in.search.yahoo.com,1,0,372
ipython.readthedocs.io/en/8.26.0/api/generated/IPython.display.html,1,0,361
iwiki.woa.com,1,0,38
jh-bk.tistory.com/40,1,0,342
jobcode.jp,1,100,0
jupyter-cloud.gwdg.de,1,100,0
jupyterhub.dsa.missouri.edu,1,0,83
kamiki.blog,1,0,238
ki.keyence.co.jp,1,100,0
kkb-production.jupyter-proxy.kaggle.net,1,0,20
ko.wikipedia.org,1,0,0
kor1.samsung.net,1,0,143
langcore.feishu.cn,1,0,17
m.baidu.com/from=0/bd_page_type=1/ssid=0/uid=0/pu=usm%400%2Csz%401320_1001%2Cta%40iphone_2_11.0_19_8.5/baiduid=680EE32B602D19C995DD86049670C600/w=0_10_/t=iphone/l=1/tc,1,100,0
m.baidu.com/from=0/bd_page_type=1/ssid=0/uid=0/pu=usm%400%2Csz%401320_1001%2Cta%40iphone_2_13.0_18_40.9/baiduid=AEA49A5369FC359176C7C4792ADFD460/w=0_10_/t=iphone/l=1/tc,1,100,0
m.baidu.com/from=0/bd_page_type=1/ssid=0/uid=0/pu=vmgdb%400020100228y%2Csz%401320_1004%2Cusm%400/baiduid=D54DA5DA5D83602E8ECEBFBBB108F96F/w=0_10_/t=zbios/l=1/tc,1,100,0
m.baidu.com/from=1000539d/bd_page_type=1/ssid=0/uid=0/pu=usm%400%2Csz%401320_2001%2Cta%40iphone_1_12.5_25_12.1/baiduid=CB148B3CE7AA0A222C981CA8F8088DDE/w=0_10_/t=iphone/l=1/tc,1,100,0
m.baidu.com/from=1001192y/bd_page_type=1/ssid=0/uid=0/pu=sz%401320_1001%2Cta%40iphone_2_10.0_28_12.1%2Cusm%400/baiduid=58369B9F6B2D1E95E0B9C5BA3405BB51/w=0_10_/t=iphone/l=1/tc,1,0,4
m.baidu.com/from=1001192y/bd_page_type=1/ssid=0/uid=0/pu=sz%401320_1001%2Cta%40iphone_2_10.0_28_16.0%2Cusm%400/baiduid=090660EA5E757A5E1F809EE359281BB5/w=0_10_/t=iphone/l=1/tc,1,100,0
m.baidu.com/from=1001192y/bd_page_type=1/ssid=0/uid=0/pu=sz%401320_1001%2Cta%40iphone_2_10.0_28_16.0%2Cusm%400/baiduid=6B050366DB9AF059752ED7D49D888ADB/w=0_10_/t=iphone/l=1/tc,1,0,1
m.baidu.com/from=1001192y/bd_page_type=1/ssid=0/uid=0/pu=sz%401320_1001%2Cta%40iphone_2_10.0_28_16.0%2Cusm%400/baiduid=D2563E3C914379B004BFEDF667926141/w=0_10_/t=iphone/l=1/tc,1,100,0
m.baidu.com/from=1001192y/bd_page_type=1/ssid=0/uid=0/pu=sz%401320_1001%2Cta%40iphone_2_11.0_28_13.0%2Cusm%400/baiduid=7696472CC913ADAAD006728A6135929C/w=0_10_/t=iphone/l=1/tc,1,100,0
m.baidu.com/from=1001192y/bd_page_type=1/ssid=0/uid=0/pu=sz%401320_1001%2Cta%40iphone_2_12.0_28_16.0%2Cusm%400/baiduid=275C3AB376488F180F9FAE603619C283/w=0_10_/t=iphone/l=1/tc,1,0,209
m.baidu.com/from=1001192y/bd_page_type=1/ssid=0/uid=0/pu=sz%401320_1001%2Cta%40iphone_2_12.0_28_16.0%2Cusm%400/baiduid=6A506BDCC9629DAB96C6C7A5D2C88794/w=0_10_/t=iphone/l=1/tc,1,100,0
m.baidu.com/from=1001192y/bd_page_type=1/ssid=0/uid=0/pu=sz%401320_1001%2Cta%40iphone_2_12.0_28_16.0%2Cusm%400/baiduid=7B391A6ACFBA573BB21128738ED5911B/w=0_10_/t=iphone/l=1/tc,1,0,0
m.baidu.com/from=1001192y/bd_page_type=1/ssid=0/uid=0/pu=sz%401320_1001%2Cta%40iphone_2_12.0_28_16.0%2Cusm%400/baiduid=AAEE72533EB1D2DB83B32DFCB392E959/w=0_10_/t=iphone/l=1/tc,1,100,0
m.baidu.com/from=1001192y/bd_page_type=1/ssid=0/uid=0/pu=sz%401320_1001%2Cta%40iphone_2_12.0_28_16.0%2Cusm%400/baiduid=B3185155CE971964B4075D08B6A9F405/w=0_10_/t=iphone/l=1/tc,1,100,0
m.baidu.com/from=1001192y/bd_page_type=1/ssid=0/uid=0/pu=sz%401320_1001%2Cta%40iphone_2_12.0_28_16.0%2Cusm%400/baiduid=CADF8B63A6E953D6FD636E20248B1288/w=0_10_/t=iphone/l=1/tc,1,0,54
m.baidu.com/from=1001192y/bd_page_type=1/ssid=0/uid=0/pu=sz%401320_1001%2Cta%40iphone_2_12.0_28_16.0%2Cusm%400/baiduid=D0178E1A9ECFB1C3FB69ED199F8AAD38/w=0_10_/t=iphone/l=1/tc,1,0,0
m.baidu.com/from=1001192y/bd_page_type=1/ssid=0/uid=0/pu=sz%401320_1001%2Cta%40iphone_2_9.0_28_16.0%2Cusm%400/baiduid=7E6947BA2029C63AE27CA8D06C262829/w=0_10_/t=iphone/l=1/tc,1,0,29
m.baidu.com/from=1001192y/bd_page_type=1/ssid=0/uid=0/pu=sz%401320_220%2Cta%40iphone___24_114.0%2Cusm%400/baiduid=5A46A2272A1C1A5CDAE6CBBFA94B77D3/w=0_10_/t=iphone/l=1/tc,1,100,0
m.baidu.com/from=1001192y/bd_page_type=1/ssid=0/uid=0/pu=usm%400%2Csz%401320_1001%2Cta%40iphone_2_10.0_28_15.0/baiduid=BF4CE0C5528D9AA2EB2B2C973ED3C11C/w=0_10_/t=iphone/l=1/tc,1,0,20
m.baidu.com/from=1001192y/bd_page_type=1/ssid=0/uid=0/pu=usm%400%2Csz%401320_1001%2Cta%40iphone_2_10.0_28_16.0/baiduid=093A536E3E5AFE9F6D5096EDA95D5058/w=0_10_/t=iphone/l=1/tc,1,0,4
m.baidu.com/from=1001192y/bd_page_type=1/ssid=0/uid=0/pu=usm%400%2Csz%401320_1001%2Cta%40iphone_2_10.0_28_16.0/baiduid=2DB264811DAF386CF7FC50532A264DE9/w=0_10_/t=iphone/l=1/tc,1,100,0
m.baidu.com/from=1001192y/bd_page_type=1/ssid=0/uid=0/pu=usm%400%2Csz%401320_1001%2Cta%40iphone_2_10.0_28_16.0/baiduid=474D052835CF65021C144E5E5EA2B4E0/w=0_10_/t=iphone/l=1/tc,1,0,14
m.baidu.com/from=1001192y/bd_page_type=1/ssid=0/uid=0/pu=usm%400%2Csz%401320_1001%2Cta%40iphone_2_10.0_28_16.0/baiduid=587EFE85FB43346B03F42B899DD29967/w=0_10_/t=iphone/l=1/tc,1,0,9
m.baidu.com/from=1001192y/bd_page_type=1/ssid=0/uid=0/pu=usm%400%2Csz%401320_1001%2Cta%40iphone_2_10.0_28_16.0/baiduid=59030408889060EF9C8AD76739103E88/w=0_10_/t=iphone/l=1/tc,1,0,120
m.baidu.com/from=1001192y/bd_page_type=1/ssid=0/uid=0/pu=usm%400%2Csz%401320_1001%2Cta%40iphone_2_10.0_28_16.0/baiduid=B5EB70B1D542D305C5E6B72E18F28B26/w=0_10_/t=iphone/l=1/tc,1,0,2
m.baidu.com/from=1001192y/bd_page_type=1/ssid=0/uid=0/pu=usm%400%2Csz%401320_1001%2Cta%40iphone_2_10.0_28_16.0/baiduid=D917071583EA36F3600370C68F336714/w=0_10_/t=iphone/l=1/tc,1,100,0
m.baidu.com/from=1001192y/bd_page_type=1/ssid=0/uid=0/pu=usm%400%2Csz%401320_1001%2Cta%40iphone_2_10.0_28_16.0/baiduid=ED54D42CD709F6CB516C4B2F82B19DB8/w=0_10_/t=iphone/l=1/tc,1,100,0
m.baidu.com/from=1001192y/bd_page_type=1/ssid=0/uid=0/pu=usm%400%2Csz%401320_1001%2Cta%40iphone_2_10.0_28_16.0/baiduid=EE409E96E8E72493AC320A195F21C9D5/w=0_10_/t=iphone/l=1/tc,1,0,16
m.baidu.com/from=1001192y/bd_page_type=1/ssid=0/uid=0/pu=usm%400%2Csz%401320_1001%2Cta%40iphone_2_12.0_28_16.0/baiduid=0AD4C9428871B77E8B03210CE9F32E47/w=0_10_/t=iphone/l=1/tc,1,0,8
m.baidu.com/from=1001192y/bd_page_type=1/ssid=0/uid=0/pu=usm%400%2Csz%401320_1001%2Cta%40iphone_2_12.0_28_16.0/baiduid=19127B8A076FC2451562B40B3CD83118/w=0_10_/t=iphone/l=1/tc,1,100,0
m.baidu.com/from=1001192y/bd_page_type=1/ssid=0/uid=0/pu=usm%400%2Csz%401320_1001%2Cta%40iphone_2_12.0_28_16.0/baiduid=409A874F2A29FC01D8F77BDC3AFF70A2/w=0_10_/t=iphone/l=1/tc,1,0,1
m.baidu.com/from=1001192y/bd_page_type=1/ssid=0/uid=0/pu=usm%400%2Csz%401320_1001%2Cta%40iphone_2_12.0_28_16.0/baiduid=4B0AEF8033F2F040E053EE21520385DA/w=0_10_/t=iphone/l=1/tc,1,0,21
m.baidu.com/from=1001192y/bd_page_type=1/ssid=0/uid=0/pu=usm%400%2Csz%401320_1001%2Cta%40iphone_2_12.0_28_16.0/baiduid=6664EC434F5F2D57A4EF6D995447E475/w=0_10_/t=iphone/l=1/tc,1,100,0
m.baidu.com/from=1001192y/bd_page_type=1/ssid=0/uid=0/pu=usm%400%2Csz%401320_1001%2Cta%40iphone_2_12.0_28_16.0/baiduid=68EFC6121BC9B0C89A8B7A3065B95134/w=0_10_/t=iphone/l=1/tc,1,0,5
m.baidu.com/from=1001192y/bd_page_type=1/ssid=0/uid=0/pu=usm%400%2Csz%401320_1001%2Cta%40iphone_2_12.0_28_16.0/baiduid=843706A3F601CA2AA880FEDD00A5C5B2/w=0_10_/t=iphone/l=1/tc,1,0,0
m.baidu.com/from=1001192y/bd_page_type=1/ssid=0/uid=0/pu=usm%400%2Csz%401320_1001%2Cta%40iphone_2_12.0_28_16.0/baiduid=9B08A8424FA81666D7FC5226F0C7DDF9/w=0_10_/t=iphone/l=1/tc,1,0,1180
m.baidu.com/from=1001192y/bd_page_type=1/ssid=0/uid=0/pu=usm%400%2Csz%401320_1001%2Cta%40iphone_2_12.0_28_16.0/baiduid=9C804B69FC375CA9A429BEE238010267/w=0_10_/t=iphone/l=1/tc,1,0,0
m.baidu.com/from=1001192y/bd_page_type=1/ssid=0/uid=0/pu=usm%400%2Csz%401320_1001%2Cta%40iphone_2_12.0_28_16.0/baiduid=A874755713D73B5940116E3BFFCA1974/w=0_10_/t=iphone/l=1/tc,1,100,0
m.baidu.com/from=1001192y/bd_page_type=1/ssid=0/uid=0/pu=usm%400%2Csz%401320_1001%2Cta%40iphone_2_12.0_28_16.0/baiduid=AB5CA4F0DFDBEC13D3553BFFED48ABFC/w=0_10_/t=iphone/l=1/tc,1,100,0
m.baidu.com/from=1001192y/bd_page_type=1/ssid=0/uid=0/pu=usm%400%2Csz%401320_1001%2Cta%40iphone_2_12.0_28_16.0/baiduid=D125E1656F49385B620DDA75F7690B14/w=0_10_/t=iphone/l=1/tc,1,0,1
m.baidu.com/from=1001192y/bd_page_type=1/ssid=0/uid=0/pu=usm%400%2Csz%401320_1001%2Cta%40iphone_2_12.0_28_16.0/baiduid=E414D572FCEA04DA8D26712AF7C0AC06/w=0_10_/t=iphone/l=1/tc,1,100,0
m.baidu.com/from=1001192y/bd_page_type=1/ssid=0/uid=0/pu=usm%401%2Csz%401320_1001%2Cta%40iphone_2_12.0_28_16.0/baiduid=7593B131BB6A5753B32339A23443DD3F/w=0_10_/t=iphone/l=1/tc,1,100,0
m.baidu.com/from=1001192y/bd_page_type=1/ssid=0/uid=0/pu=usm%401%2Csz%401320_1001%2Cta%40iphone_2_12.0_28_16.0/baiduid=C79C9951601139C13362A7E9754431DC/w=0_10_/t=iphone/l=1/tc,1,100,0
m.baidu.com/from=1001192y/bd_page_type=1/ssid=0/uid=0/pu=usm%401%2Csz%401320_1001%2Cta%40iphone_2_12.0_28_16.0/baiduid=CA4E8BAC208F3C3A70D6454EDD69251D/w=0_10_/t=iphone/l=1/tc,1,100,0
m.baidu.com/from=1001703a/bd_page_type=1/ssid=0/uid=0/pu=sz%401320_1001%2Cta%40iphone_2_11.0_18_40.9%2Cusm%400/baiduid=110BABF4D1168106C769CB657396DC66/w=0_10_/t=iphone/l=1/tc,1,100,0
m.baidu.com/from=1001703a/bd_page_type=1/ssid=0/uid=0/pu=sz%401320_1001%2Cta%40iphone_2_15.0_18_40.9%2Cusm%400/baiduid=9948F7DAB5116131F4A8C82627F002CD/w=0_10_/t=iphone/l=1/tc,1,100,0
m.baidu.com/from=1001703a/bd_page_type=1/ssid=0/uid=0/pu=sz%401320_1001%2Cta%40iphone_2_15.0_18_40.9%2Cusm%400/baiduid=AEA306184F0B07746201314B063AA183/w=10_10_/t=iphone/l=1/tc,1,100,0
m.baidu.com/from=1001703a/bd_page_type=1/ssid=0/uid=0/pu=sz%401320_1001%2Cta%40iphone_2_15.0_18_40.9%2Cusm%400/baiduid=FD41FB34C7853F2097B31F2136AF8F7E/w=0_10_/t=iphone/l=1/tc,1,0,3
m.baidu.com/from=1001703a/bd_page_type=1/ssid=0/uid=0/pu=sz%401320_1001%2Cta%40iphone_2_9.0_18_20.5%2Cusm%400/baiduid=792AF6089C2F20CF4986A8FE77BC584A/w=0_10_/t=iphone/l=1/tc,1,100,0
m.baidu.com/from=1001703a/bd_page_type=1/ssid=0/uid=0/pu=sz%401320_220%2Cta%40iphone___18_40.9%2Cusm%400/baiduid=4E4E2DB2ED7324FEED2530745CE6ECE8/w=0_10_/t=iphone/l=1/tc,1,100,0
m.baidu.com/from=1001703a/bd_page_type=1/ssid=0/uid=0/pu=sz%401320_480%2Ccuid%40l8HI808JHugS8Hi6l8vZulOL2il_uHah0u2jigagviik93PvA%2Ccua%40_a-qiyuO2fg4NE6lI5me6NN02I_Uhvh0SLqqA%2Ccut%40Jt3e8_ujLigjNviT4t1HR8qEC%2Cosname%40baiduboxapp%2Cctv%402%2Ccfrom%40757b%2Ccen%40cuid_cua_cut%2Cosbranch%40a2%2Ccsrc%40app_mainbox_txt%2Cta%40iphone_2_15.0_18_40.9%2Cusm%400/baiduid=40DB94B42904278EA60B3E03B237EEFF/w=0_10_/t=iphone/l=1/tc,1,0,26
m.baidu.com/from=1001703a/bd_page_type=1/ssid=0/uid=0/pu=usm%400%2Csz%401320_1001%2Cta%40iphone_2_11.0_18_40.7/baiduid=57613A530284886A2664DB83427D08A3/w=0_10_/t=iphone/l=1/tc,1,100,0
m.baidu.com/from=1001703a/bd_page_type=1/ssid=0/uid=0/pu=usm%400%2Csz%401320_1001%2Cta%40iphone_2_11.0_18_40.7/baiduid=78CB32DBEFB4A610EC0C9E8863B8D500/w=0_10_/t=iphone/l=1/tc,1,0,66
m.baidu.com/from=1001703a/bd_page_type=1/ssid=0/uid=0/pu=usm%400%2Csz%401320_1001%2Cta%40iphone_2_11.0_18_40.9/baiduid=110BABF4D1168106C769CB657396DC66/w=0_10_/t=iphone/l=1/tc,1,100,0
m.baidu.com/from=1001703a/bd_page_type=1/ssid=0/uid=0/pu=usm%400%2Csz%401320_1001%2Cta%40iphone_2_11.0_18_40.9/baiduid=6B1D09E3AB51F8467B74137845076AC4/w=0_10_/t=iphone/l=1/tc,1,100,0
m.baidu.com/from=1001703a/bd_page_type=1/ssid=0/uid=0/pu=usm%400%2Csz%401320_1001%2Cta%40iphone_2_12.0_18_40.9/baiduid=C3AD6E3EA98CBF92B52AE725AEDB989B/w=0_10_/t=iphone/l=1/tc,1,50,4
m.baidu.com/from=1001703a/bd_page_type=1/ssid=0/uid=0/pu=usm%400%2Csz%401320_1001%2Cta%40iphone_2_13.0_18_40.8/baiduid=75EBA38DD421714E8A3274766B59C875/w=0_10_/t=iphone/l=1/tc,1,0,48
m.baidu.com/from=1001703a/bd_page_type=1/ssid=0/uid=0/pu=usm%400%2Csz%401320_1001%2Cta%40iphone_2_13.0_18_40.9/baiduid=3B7FD439378D7E81B9907CABA730230B/w=0_10_/t=iphone/l=1/tc,1,0,22
m.baidu.com/from=1001703a/bd_page_type=1/ssid=0/uid=0/pu=usm%400%2Csz%401320_1001%2Cta%40iphone_2_15.0_18_40.9/baiduid=32DE9B3E0F47332E960E0B38CFC36920/w=0_10_/t=iphone/l=1/tc,1,0,30
m.baidu.com/from=1001703a/bd_page_type=1/ssid=0/uid=0/pu=usm%400%2Csz%401320_1001%2Cta%40iphone_2_15.0_18_40.9/baiduid=882B4432FAEFEEB193A192F4D7170697/w=0_10_/t=iphone/l=1/tc,1,100,0
m.baidu.com/from=1001703a/bd_page_type=1/ssid=0/uid=0/pu=usm%400%2Csz%401320_1001%2Cta%40iphone_2_4.3_18_4.3/baiduid=BE6ED1F5476D8E5908C925557F961301/w=0_10_/t=iphone/l=1/tc,1,100,0
m.baidu.com/from=1001703a/bd_page_type=1/ssid=0/uid=0/pu=usm%400%2Csz%401320_1001%2Cta%40iphone_2_8.1_18_4.7/baiduid=A5C58F69757D63527BA04803FEF08E60/w=0_10_/t=iphone/l=1/tc,1,100,0
m.baidu.com/from=1001703a/bd_page_type=1/ssid=0/uid=0/pu=usm%400%2Csz%401320_220%2Cta%40iphone___18_10.8/baiduid=AD4475FD9251DB25640047BC0EDF540A/w=0_10_/t=iphone/l=1/tc,1,100,0
m.baidu.com/from=1001703a/bd_page_type=1/ssid=0/uid=0/pu=usm%402%2Csz%401320_1001%2Cta%40iphone_2_15.0_18_40.9/baiduid=EA89F1EB4AD79205EF9A28E99FE9D469/w=0_10_/t=iphone/l=1/tc,1,100,0
m.baidu.com/from=1001703y/bd_page_type=1/ssid=0/uid=0/pu=sz%401320_1001%2Cta%40iphone_2_14.0_18_40.9%2Cusm%400/baiduid=6F63F1524458026AD906F98930936546/w=0_10_/t=iphone/l=1/tc,1,100,0
m.baidu.com/from=1001703y/bd_page_type=1/ssid=0/uid=0/pu=usm%400%2Csz%401320_1001%2Cta%40iphone_2_13.0_18_40.9/baiduid=4BF240E28B29CA71F53254C0D04366FC/w=0_10_/t=iphone/l=1/tc,1,100,0
m.baidu.com/from=1012018a/bd_page_type=1/ssid=0/uid=0/pu=sz%401320_1003%2Cta%40iphone_2_14.0_1_17.5%2Cusm%400/baiduid=A01C47A67B0225F05A88226C5E53C144/w=0_20_/t=iphone/l=1/tc,1,100,0
m.baidu.com/from=1012852q/bd_page_type=1/ssid=0/uid=0/pu=sz%401320_1004%2Cta%40iphone_2_12.0_11_19.1%2Cusm%400/baiduid=3285D73EDD26E889FF349EEE57C58422/w=0_10_/t=iphone/l=1/tc,1,0,5
m.baidu.com/from=1012852q/bd_page_type=1/ssid=0/uid=0/pu=sz%401320_1004%2Cta%40iphone_2_12.0_11_19.6%2Cusm%400/baiduid=00F5CEA1D1FEAC70A61C5CAF1A71F83F/w=0_10_/t=iphone/l=1/tc,1,100,0
m.baidu.com/from=1012852q/bd_page_type=1/ssid=0/uid=0/pu=sz%401320_1004%2Cta%40iphone_2_13.0_11_19.3%2Cusm%400/baiduid=0A8B7C3C12C744B7DA6679E7D2118E71/w=0_10_/t=iphone/l=1/tc,1,100,0
m.baidu.com/from=1012852q/bd_page_type=1/ssid=0/uid=0/pu=sz%401320_1004%2Cta%40iphone_2_13.0_11_19.5%2Cusm%400/baiduid=2292877A6E7A20A037CA8BECEDFB6B4A/w=0_10_/t=iphone/l=1/tc,1,100,0
m.baidu.com/from=1012852q/bd_page_type=1/ssid=0/uid=0/pu=sz%401320_1004%2Cta%40iphone_2_14.0_11_18.2%2Cusm%400/baiduid=1AD0F0E8A5C7EC96AC49865FAC82053C/w=0_10_/t=iphone/l=1/tc,1,100,0
m.baidu.com/from=1012852q/bd_page_type=1/ssid=0/uid=0/pu=sz%401320_1004%2Cta%40iphone_2_15.0_11_19.5%2Cusm%400/baiduid=786D85A977CC61244F32EACA9E2E0425/w=20_10_/t=iphone/l=1/tc,1,100,0
m.baidu.com/from=1012852q/bd_page_type=1/ssid=0/uid=0/pu=sz%401320_1004%2Cta%40iphone_2_15.0_11_19.6%2Cusm%400/baiduid=B35DB688748411E33D20CE6C616DCC5E/w=0_10_/t=iphone/l=1/tc,1,100,0
m.baidu.com/from=1012852q/bd_page_type=1/ssid=0/uid=0/pu=sz%401320_220%2Cta%40iphone___11_19.3%2Cusm%400/baiduid=95C35686F805D2578924A49B223DD628/w=0_10_/t=iphone/l=1/tc,1,0,11
m.baidu.com/from=1012852q/bd_page_type=1/ssid=0/uid=0/pu=sz%401320_220%2Cta%40iphone___11_19.6%2Cusm%400/baiduid=E3B64B9B16C1B09F33998F46262C9288/w=0_10_/t=iphone/l=1/tc,1,0,8
m.baidu.com/from=1012852q/bd_page_type=1/ssid=0/uid=0/pu=usm%400%2Csz%401320_1004%2Cta%40iphone_2_10.0_11_15.5/baiduid=B129E4F40655E510DB81DD8146C4672C/w=0_10_/t=iphone/l=1/tc,1,0,35
m.baidu.com/from=1012852q/bd_page_type=1/ssid=0/uid=0/pu=usm%400%2Csz%401320_1004%2Cta%40iphone_2_12.0_11_19.5/baiduid=165CD3A337F55A51E8DB2FA6C5A722F5/w=0_10_/t=iphone/l=1/tc,1,100,0
m.baidu.com/from=1012852q/bd_page_type=1/ssid=0/uid=0/pu=usm%400%2Csz%401320_1004%2Cta%40iphone_2_12.0_11_19.6/baiduid=6AF1C5D17F78D1B9ACF19989CBCDE7C6/w=0_10_/t=iphone/l=1/tc,1,100,0
m.baidu.com/from=1012852q/bd_page_type=1/ssid=0/uid=0/pu=usm%400%2Csz%401320_1004%2Cta%40iphone_2_13.0_11_19.6/baiduid=9C55A586EB4E48C052C178774698975C/w=0_10_/t=iphone/l=1/tc,1,100,0
m.baidu.com/from=1012852q/bd_page_type=1/ssid=0/uid=0/pu=usm%400%2Csz%401320_1004%2Cta%40iphone_2_14.0_11_19.6/baiduid=6D82CD2D821F6D5B88362CA326AC8991/w=0_10_/t=iphone/l=1/tc,1,100,0
m.baidu.com/from=1012852q/bd_page_type=1/ssid=0/uid=0/pu=usm%400%2Csz%401320_1004%2Cta%40iphone_2_14.0_11_19.6/baiduid=794A2B818BAFFDE50B2B892465288BC6/w=0_10_/t=iphone/l=1/tc,1,0,152
m.baidu.com/from=1012852q/bd_page_type=1/ssid=0/uid=0/pu=usm%400%2Csz%401320_1004%2Cta%40iphone_2_14.0_11_19.6/baiduid=9B15F1F4C09206C1A6C864E780131876/w=0_10_/t=iphone/l=1/tc,1,100,0
m.baidu.com/from=1012852q/bd_page_type=1/ssid=0/uid=0/pu=usm%400%2Csz%401320_1004%2Cta%40iphone_2_15.0_11_19.3/baiduid=C97C5D50BB2EEAC708550366D8E77FFD/w=0_10_/t=iphone/l=1/tc,1,100,0
m.baidu.com/from=1012852q/bd_page_type=1/ssid=0/uid=0/pu=usm%400%2Csz%401320_1004%2Cta%40iphone_2_15.0_11_19.5/baiduid=3AFA388BE08B4D1029564A2688DDE0BE/w=0_10_/t=iphone/l=1/tc,1,0,281
m.baidu.com/from=1012852q/bd_page_type=1/ssid=0/uid=0/pu=usm%400%2Csz%401320_1004%2Cta%40iphone_2_15.0_11_19.6/baiduid=027362AC4ACCD468A63D54BFD0B19F36/w=0_10_/t=iphone/l=1/tc,1,100,0
m.baidu.com/from=1012852q/bd_page_type=1/ssid=0/uid=0/pu=usm%400%2Csz%401320_1004%2Cta%40iphone_2_15.0_11_19.6/baiduid=E3F05BB0E7134F33841C393C0FA4A74A/w=0_10_/t=iphone/l=1/tc,1,0,3
m.baidu.com/from=1012852q/bd_page_type=1/ssid=0/uid=0/pu=usm%400%2Csz%401320_1004%2Cta%40iphone_2_15.0_11_19.7/baiduid=C5C798FFEC0DD2FEFDD8D869E71339DC/w=0_10_/t=iphone/l=1/tc,1,0,24
m.baidu.com/from=1012852q/bd_page_type=1/ssid=0/uid=0/pu=usm%400%2Csz%401320_220%2Cta%40iphone___11_18.3/baiduid=3E34150F5A8A6F9FF608353683D4777C/w=0_10_/t=iphone/l=1/tc,1,0,11
m.baidu.com/from=1012852v/bd_page_type=1/ssid=0/uid=0/pu=sz%401320_1004%2Cta%40iphone_2_13.0_11_18.1%2Cusm%400/baiduid=7742428288390C27E65E2E96F0DF3A52/w=0_10_/t=iphone/l=1/tc,1,100,0
m.baidu.com/from=1013672b/bd_page_type=1/ssid=0/uid=0/pu=sz%401320_1004%2Cta%40iphone_2_10.0_11_17.7%2Cusm%400/baiduid=E524580DFB0BBA4B69D70C6F757695C3/w=0_10_/t=iphone/l=1/tc,1,100,0
m.baidu.com/from=1013672b/bd_page_type=1/ssid=0/uid=0/pu=sz%401320_1004%2Cta%40iphone_2_6.0_11_14.4%2Cusm%400/baiduid=E62CB23A8FD2EA3616E027596E8F38B6/w=0_10_/t=iphone/l=1/tc,1,0,33
m.baidu.com/from=1013672b/bd_page_type=1/ssid=0/uid=0/pu=usm%400%2Csz%401320_1004%2Cta%40iphone_2_10.0_11_19.0/baiduid=7352809F1F35A9E0D47C67A69E951DCE/w=0_10_/t=iphone/l=1/tc,1,100,0
m.baidu.com/from=1013672b/bd_page_type=1/ssid=0/uid=0/pu=usm%400%2Csz%401320_1004%2Cta%40iphone_2_15.0_11_19.5/baiduid=F93AC25B804FD30FEC42D7117F4933C7/w=0_10_/t=iphone/l=1/tc,1,100,0
m.baidu.com/from=1013672g/bd_page_type=1/ssid=0/uid=0/pu=sz%401320_1004%2Cta%40iphone_2_15.0_11_19.5%2Cusm%400/baiduid=FA1AA9E63AC9B2FEA8C4EF690E3FFCFE/w=0_10_/t=iphone/l=1/tc,1,100,0
m.baidu.com/from=1013672g/bd_page_type=1/ssid=0/uid=0/pu=usm%403%2Csz%401320_1004%2Cta%40iphone_2_15.0_11_19.6/baiduid=F5BADE626A659704669E65603F24C3F2/w=0_10_/t=iphone/l=1/tc,1,100,0
m.baidu.com/from=1013966u/bd_page_type=1/ssid=0/uid=0/pu=sz%401320_1001%2Cta%40iphone_2_10.0_19_23.9%2Cusm%400/baiduid=EC0254AEC7DC30D2F121D2002FA2B927/w=0_10_/t=iphone/l=1/tc,1,100,0
