name,visitors
Tokyo,287
England,207
California,202
Guangdong,194
Maharashtra,183
São Paulo,164
Tamil Nadu,151
Beijing,146
Île-de-France,131
Karnataka,126
Shanghai,119
Texas,119
Ho Chi Minh City,117
Telangāna,113
Ontario,97
Hanoi,95
Jiangsu,91
Delhi,89
North Rhine-Westphalia,84
Zhejiang,81
Seoul,81
Istanbul,79
Hesse,73
Bavaria,70
Virginia,68
New York,67
Moscow,66
Gyeonggi,64
Taipei,63
Sichuan,62
Uttar Pradesh,62
Mazovia,61
Buenos Aires Province,55
Gujarat,55
Georgia,54
Washington,54
Florida,53
Illinois,52
Henan,51
Osaka,51
Baden-Württemberg,47
Madrid Autonomous Community,47
Rio de Janeiro,46
Gauteng,46
Shandong,45
Cairo,45
Hunan,44
Madhya Pradesh,44
Pennsylvania,44
Minas Gerais,43
Auvergne-Rhône-Alpes,42
Ciudad de Mexico,42
Nairobi County,41
Punjab,41
Lagos,40
Makkah,40
West Bengal,39
Shaanxi,38
Quebec,37
North Holland,37
Saint Petersburg,36
Tianjin,35
Riyadh,35
Kanagawa,33
Catalonia,32
Jakarta,32
New Jersey,31
Baku,30
Santiago Metropolitan,30
Chongqing,30
Lima,30
Colorado,29
Massachusetts,28
New South Wales,27
Attica,27
Tel Aviv,27
Andhra Pradesh,27
Sindh,27
New Taipei,27
Indiana,27
Occitanie,26
Provence-Alpes-Côte-d'Azur,26
Province 3,26
Maryland,26
Flanders,25
Hubei,25
Michigan,25
Addis Ababa,24
Rajasthan,24
Fujian,23
Lombardy,23
Mexico State,23
Ankara,23
North Carolina,23
Abidjan,22
Anhui,22
Andalusia,22
Grand-Est,22
Greater Accra,22
Bihar,22
Silesia,22
Stockholm,22
Taichung,22
Oregon,22
Pernambuco,21
Paraná,21
Berlin,21
Hauts-de-France,21
West Java,21
Dubai,20
Capital District,20
Hormozgan,20
Meknès-Tafilalet,20
Beograd,20
Arizona,20
Minnesota,20
Da Nang,20
Victoria,19
Ceará,19
Santa Catarina,19
Lazio,19
Amman,19
Saitama,19
South Holland,19
Bucharest,19
Dakar,19
Taoyuan,19
Dnipropetrovshchyna,19
Ohio,19
Espírito Santo,18
Zürich,18
Kwai Tsing New Territories,18
Punjab,18
Jalisco,18
Federal District,17
Minsk,17
Alberta,17
Hebei,17
Liaoning,17
Haryana,17
Kerala,17
Chiba,17
Kuala Lumpur,17
Lesser Poland,17
Tashkent,17
Lower Saxony,16
Rhineland-Palatinate,16
Islamabad,16
Lisbon,16
Bangkok,16
Prague,15
Capital Region,15
Odisha,15
Piedmont,15
Moscow Province,15
Eastern,15
Lvivshchyna,15
Washington DC,15
Haiphong,15
Bahia,14
Goiás,14
Budapest,14
East Java,14
Leinster,14
Aichi,14
Okayama,14
Western,14
Oslo,14
Tatarstan,14
Kyiv,14
Missouri,14
British Columbia,13
Khuzestan,13
Campania,13
Nuevo León,13
Changhua,13
Central,13
Córdoba,12
Brussels,12
Sofia,12
Amazonas,12
Uusimaa,12
Pest,12
Astana,12
Almaty City,12
Novosibirsk,12
Sverdlovsk,12
Dar es Salaam,12
Iowa,12
Rhode Island,12
Tennessee,12
Dhaka Division,11
Pará,11
Vaud,11
Galicia,11
Normandie,11
Tbilisi,11
Aguascalientes,11
Guerrero,11
Selangor,11
Federal Capital Territory,11
Calabarzon,11
Tunis,11
Bursa,11
Izmir,11
Wallonia,10
Algiers,10
Pichincha,10
Nouvelle-Aquitaine,10
Kowloon City Kowloon,10
Uttarākhand,10
Tuscany,10
Mie,10
Fukuoka,10
Bamako,10
Metro Manila,10
Porto,10
Orenburg,10
Rostov,10
Västra Götaland,10
Kocaeli,10
Hsinchu,10
Connecticut,10
South Australia,9
Mato Grosso do Sul,9
Yunnan,9
Saxony,9
Giza,9
Murcia Region,9
Burgundy-Franche-Comté,9
Chhattīsgarh,9
Chandigarh,9
Bishkek,9
Incheon,9
Rabat-Salé-Zemmour-Zaer,9
Guanajuato,9
Auckland,9
Muscat,9
Kansas,9
New Mexico,9
Wisconsin,9
Vienna,8
Littoral,8
Rio Grande do Norte,8
Rio Grande do Sul,8
Valencian Community,8
Pays-de-la-Loire,8
Jharkhand,8
Baghdad,8
Khorāsān-e Raẕavī,8
Tangier-Tétouan,8
Michoacán,8
Puebla,8
Lower Silesia,8
Krasnodar Krai,8
Nizhny Novgorod,8
Dushanbe,8
Kharkivshchyna,8
Idaho,8
Louisiana,8
South Carolina,8
Utah,8
Capital,8
Western Cape,8
New Brunswick,7
Centre,7
Littoral,7
Jiangxi,7
Shanxi,7
San José,7
Brandenburg,7
Hamburg,7
Central Denmark,7
Distrito Nacional,7
Guayas,7
Port Said,7
Brittany,7
Scotland,7
Conakry,7
Emilia-Romagna,7
Nagano,7
Hyogo,7
Phnom Penh,7
North Chungcheong,7
Oriental,7
Morelos,7
Gelderland,7
North Brabant,7
Greater Poland,7
Asunción,7
Volgograd,7
Kigali,7
Maritime,7
Hsinchu County,7
Kaohsiung,7
Poltavshchyna,7
Alabama,7
Nevada,7
Harare,7
Yerevan,6
