name,visitors,bounce_rate,visit_duration
Direct / None,4890,61,277
Google,1250,81,157
Bing,1217,72,127
Baidu,1019,80,72
python.org,158,0,368
codecademy.cn,98,56,118
link.zhihu.com,59,46,195
link.csdn.net,34,71,181
doubao.com,24,50,273
chatgpt.com,19,75,163
mooc1-2.chaoxing.com,16,94,1
Shenma,15,87,1
python.p2hp.com,15,0,462
360.cn,11,60,90
GitHub,11,80,9
tongyi.com,7,33,263
yuque.com,7,71,33
blog.csdn.net,6,60,62
yuanbao.tencent.com,6,100,467
sxgxy.alphacoding.cn,5,50,310
wenxiaobai.com,5,33,1202
DuckDuckGo,4,33,96
cnblogs.com,4,75,32
fastapi.tiangolo.com,4,100,0
runoob.com,4,50,87
acwing.com,3,100,0
biiii.com,3,67,17
c.biancheng.net,3,67,13
chat.baidu.com,3,50,2450
docs.micropython.org,3,0,980
link.h5.xiaoeknow.com,3,100,0
oi-wiki.org,3,33,678
Ecosia,2,100,0
Perplexity,2,100,0
baike.baidu.com,2,50,440
cn.pythonlikeyoumeanit.com,2,0,34
confluence.51baiwang.com,2,100,0
dida100.com,2,0,1592
edu.py2fun.com,2,100,0
jcnwdyg5i740.feishu.cn,2,0,890
link.juejin.cn,2,50,617
lixiaolai.com,2,0,292
nemo2011.github.io,2,100,0
panda.baidu-int.com,2,100,0
pro.arcgis.com,2,0,2738
roadmap.sh,2,0,4
web.shanbay.com,2,100,0
wiki.python.org,2,0,0
10.32.52.103,1,100,0
3ms.huawei.com,1,100,0
Reddit,1,0,868
Sogou,1,0,0
Yahoo!,1,100,0
Yandex,1,100,0
ask.csdn.net,1,100,0
ata.atatech.org,1,100,0
bot.n.cn,1,0,189
bugfree.cc,1,100,0
byhy.net,1,0,20
bytedance.larkoffice.com,1,100,0
catlgpt.catl.com,1,0,46
ccn88sf688vt.feishu.cn,1,100,0
chat.appexnetworks.com,1,100,0
chat.lyxf.club,1,100,0
codemao.yuque.com,1,100,0
confluence.armchina.com,1,100,0
continue,1,0,0
docs.popo.netease.com,1,100,0
docs.pydantic.dev,1,0,2262
docs.scenic-lang.org,1,0,816
docs.vllm.ai,1,0,1020
downloads.ccdc.cam.ac.uk,1,0,107
gitee.com,1,100,0
hello-ctf.com,1,0,182
hellowac.github.io,1,0,1250
help.aliyun.com,1,100,0
hz.haokeyouxuanedu.com,1,0,9
idealab.alibaba-inc.com,1,100,0
jetbrains.com,1,0,0
joinquant.com,1,0,912
langchain-ai.github.io,1,0,0
leopard-x.memofun.net,1,0,1564
liaoxuefeng.com,1,0,34
link.w3cschool.cn,1,0,547
m.so.com,1,100,0
moodle.upm.es,1,0,10
myapollo.com.tw,1,0,27
nightly.renpy.org,1,0,0
ntp.msn.cn,1,0,207
packaging.python.org,1,0,0
pandas.pydata.org,1,0,1383
peps.python.org,1,0,1264
pip.pypa.io,1,0,68
pypi.org,1,0,6
pypypy.cn,1,0,43
python.byted.org,1,100,0
python.github.net.cn,1,0,2100
python1989.com,1,100,0
realpython.com,1,0,4645
setuptools.pypa.io,1,0,2623
showmeai.tech,1,100,0
sm.cn,1,100,0
space.coze.cn,1,0,38
steam.oxxostudio.tw,1,0,1006
tianqi.gitcode.com,1,0,430
tutorial.helloflask.com,1,100,0
udemy.com,1,0,29
weiyinfu.cn,1,0,1
wz.anoms.top,1,100,0
yatd7336au.feishu.cn,1,100,0
ying.baichuan-ai.com,1,100,0
yuque.antfin.com,1,100,0
yxgqqam66cl.feishu.cn,1,100,0
z0yrmerhgi8.feishu.cn,1,100,0
z2blog.com,1,100,0
zhihu.com,1,100,0
zw2bclj54yh.feishu.cn,1,0,17
