name,visitors
Singapore,536
Ashburn,209
London,201
New York City,194
Frankfurt am Main,153
Tokyo,144
Moscow,143
Amsterdam,138
Los Angeles,131
Warsaw,127
Paris,124
Bengaluru,117
Denver,112
Chennai,111
Mumbai,109
Chicago,107
Madrid,104
Hyderabad,97
San Jose,94
Colorado Springs,89
Beijing,84
Berlin,84
Toronto,83
Munich,80
Seattle,77
Melbourne,75
São Paulo,71
Saint Petersburg,69
Atlanta,69
Ho Chi Minh City,68
Sydney,68
Reston,68
Dallas,65
Hanoi,64
Vienna,63
Shanghai,58
Hong Kong,57
Tel Aviv,55
Helsinki,55
San Francisco,54
Pune,53
Kyiv,52
Zürich,51
New Delhi,50
Taipei,47
Bogotá,47
Boston,47
Dublin,46
Austin,45
Prague,44
Stockholm,43
Montréal,42
Manchester,39
Budapest,39
Cairo,36
Delhi,36
Boardman,36
Tashkent,34
Guangzhou,32
Brussels,32
Stuttgart,32
Milan,32
Perth,31
Rio de Janeiro,31
Culiacán,31
Vancouver,31
Copenhagen,30
Oslo,30
Minsk,29
Istanbul,29
Brisbane,29
Lagos,29
Brooklyn,28
Johannesburg,27
Bangkok,27
Hangzhou,27
Düsseldorf,27
Bucharest,26
Shenzhen,26
Hamburg,26
Miami,26
Baltimore,26
Seoul,25
Sofia,24
Belgrade,24
Cape Town,24
Columbus,24
Philadelphia,24
Addis Ababa,23
Barcelona,23
Council Bluffs,23
Orem,23
Kolkata,22
Ahmedabad,22
Auckland,22
Cambridge,22
Portland,22
Nairobi,21
Tbilisi,21
Osaka,21
Göteborg,21
Kraków,21
Rome,21
Washington,21
San Diego,21
Riga,20
Köln,20
Marseille,20
Ankara,19
Jakarta,19
Lisbon,19
Rotterdam,19
Santiago,19
San Antonio,19
Calgary,19
Ottawa,19
Lahore,18
Islington,18
Poznań,18
Cambridge,18
Samara,17
Jaipur,17
Novosibirsk,17
Almaty,17
Kuala Lumpur,17
Nanjing,17
Houston,17
Noida,17
Dubai,16
Lviv,16
Yekaterinburg,16
Xi’an,16
Birmingham,16
Eindhoven,16
Brasília,16
Minneapolis,16
Queens,16
Fort Collins,16
Athens,15
Vilnius,15
Cochin,15
Nürnberg,15
Wrocław,15
Gdańsk,15
Curitiba,15
Mexico City,15
San Salvador,15
Medellín,15
Lima,15
Phoenix,15
Oakland,15
Nizhniy Novgorod,14
Gurgaon,14
Coimbatore,14
Casablanca,14
City of Westminster,14
Bristol,14
Getafe,14
Charlottesville,14
Rochester,14
Santa Clara,14
Edmonton,14
Winnipeg,14
N/A,14
Riyadh,13
Amman,13
Chengdu,13
Edinburgh,13
Porto,13
Heidelberg,13
Bratislava,13
Belo Horizonte,13
Santo Domingo,13
Gainesville,13
Orlando,13
Krasnodar,12
Baku,12
Bishkek,12
Regensburg,12
Lyon,12
Zagreb,12
San José,12
Fremont,12
The Dalles,12
Kazan,11
Tallinn,11
Yerevan,11
Changzhou,11
Suwon,11
Accra,11
Valencia,11
Reading,11
Groningen,11
Ormes,11
Fortaleza,11
Ann Arbor,11
Saint Paul,11
Madison,11
Kampala,10
Karachi,10
Dhaka,10
Indore,10
Tomsk,10
Da Nang,10
Adelaide,10
Utrecht,10
Karlsruhe,10
Essen,10
Dresden,10
Córdoba,10
Fairfax,10
Piscataway,10
N/A,10
Rostov-na-Donu,9
Cluj-Napoca,9
Pretoria,9
Taichung,9
Kaohsiung,9
N/A,9
N/A,9
Vladivostok,9
Croydon,9
Coventry,9
Cardiff,9
Naaldwijk,9
Mannheim,9
Dortmund,9
Trondheim,9
Camden Town,9
Florianópolis,9
Caracas,9
Severn,9
Silver Spring,9
Charlotte,9
Alexandria,9
Wyoming,9
Albuquerque,9
Salt Lake City,9
Dammam,8
Yaroslavl,8
Kharkiv,8
Xiamen,8
Kimhae,8
Yokohama,8
Seongnam-si,8
Kongens Lyngby,8
Slough,8
Leeds,8
Basel,8
Paderborn,8
Heilbronn,8
Luxembourg,8
Rennes,8
Turin,8
Goiânia,8
Huntsville,8
Indianapolis,8
Raleigh,8
Pittsburgh,8
Sunnyvale,8
Redmond,8
Markham,8
Benito Juárez,8
N/A,8
Rishon LeẔiyyon,7
Voronezh,7
Volgograd,7
Chisinau,7
Odessa,7
Dnipro,7
Patna,7
Lucknow,7
Nur-Sultan,7
Quezon City,7
Dalian,7
Chongqing,7
Suzhou,7
Abidjan,7
Port Harcourt,7
Algiers,7
Ciudad Real,7
Marrakesh,7
Southampton,7
Oxford,7
Newcastle upon Tyne,7
Kensington,7
Hounslow,7
Brent,7
Linz,7
Mainz,7
Hannover,7
Augsburg,7
Brno,7
Zaragoza,7
Naples,7
Florence,7
Bologna,7
Ljubljana,7
Guatapé,7
Kansas City,7
