name,visitors,pageviews,bounce_rate,time_on_page,scroll_depth
/tr/3/,11,11,55,7,89
/tr/3.13/tutorial/controlflow.html,10,7,50,37,39
/tr/3.13/tutorial/introduction.html,9,7,0,34,60
/tr/3.13/tutorial/index.html,8,7,0,26,60
/tr/3/installing/index.html,8,9,62,29,70
/tr/3/tutorial/index.html,8,7,50,15,75
/tr/3.13/,7,7,0,8,70
/tr/3.13/index.html,7,6,100,10,81
/tr/3.13/using/windows.html,7,7,100,69,48
/tr/3.13/search.html,5,9,50,15,16
/tr/3.13/tutorial/appetite.html,5,4,0,32,54
/tr/3.13/tutorial/interpreter.html,5,5,0,27,86
/tr/3.13/library/intro.html,4,3,0,16,48
/tr/3.13/tutorial/,3,7,0,65,80
/tr/3.13/tutorial/classes.html,3,3,50,2,100
/tr/3.13/library/asyncio-runner.html,2,1,0,26,24
/tr/3.13/library/base64.html,2,2,0,30,26
/tr/3.13/library/cmd.html,2,1,0,6,12
/tr/3.13/library/functions.html,2,2,0,41,85
/tr/3.13/library/index.html,2,2,0,23,58
/tr/3.13/library/pdb.html,2,1,0,5,72
/tr/3.13/library/random.html,2,1,100,147,66
/tr/3.13/library/stdtypes.html,2,1,0,25,12
/tr/3.13/library/tty.html,2,1,0,23,44
/tr/3.13/tutorial/errors.html,2,1,0,4,6
/tr/3.14/,2,1,0,4,54
/tr/3.15/,2,2,100,6,54
/tr/3/reference/compound_stmts.html,2,1,0,3,9
/tr/3/tutorial/controlflow.html,2,3,0,60,85
/tr/3/tutorial/inputoutput.html,2,2,100,166,78
/tr/3/tutorial/modules.html,2,2,50,19,53
/tr/3/tutorial/venv.html,2,1,100,11,28
/tr/3.12/,1,1,0,,
/tr/3.13/howto/index.html,1,1,0,15,100
/tr/3.13/library/curses.html,1,3,0,62,70
/tr/3.13/library/idle.html,1,1,0,35,100
/tr/3.13/library/multiprocessing.html,1,1,0,5,2
/tr/3.13/using/cmdline.html,1,1,100,,
/tr/3.13/using/mac.html,1,2,0,5,6
/tr/3.15/whatsnew/3.15.html,1,1,0,5,16
/tr/3/glossary.html,1,1,100,26,66
/tr/3/tutorial/interpreter.html,1,1,0,22,90
