name,unique_exits,total_exits,exit_rate
/pt-br/3.13/tutorial/index.html,113,114,
/pt-br/3.13/library/venv.html,68,68,
/pt-br/3/tutorial/index.html,68,69,
/pt-br/3/,63,63,
/pt-br/3.13/tutorial/datastructures.html,59,61,
/pt-br/3.13/,57,60,
/pt-br/3.13/search.html,53,54,
/pt-br/3.13/library/math.html,51,51,
/pt-br/3.13/library/functions.html,49,52,
/pt-br/3/library/stdtypes.html,49,51,
/3/,39,38,
/pt-br/3.13/library/random.html,39,40,
/pt-br/dev/library/zlib.html,39,39,
/pt-br/3.13/library/stdtypes.html,34,37,
/pt-br/3.13/tutorial/introduction.html,34,34,
/pt-br/3.13/library/tkinter.html,32,36,
/pt-br/3.13/library/string.html,31,31,
/pt-br/3.13/library/index.html,30,30,
/pt-br/3.13/tutorial/classes.html,29,29,
/pt-br/3.13/tutorial/controlflow.html,26,29,
/pt-br/3/library/,26,26,
/pt-br/3/library/functions.html,26,30,
/pt-br/3/tutorial/introduction.html,26,28,
/pt-br/3.13/tutorial/modules.html,25,26,
/pt-br/3/tutorial/controlflow.html,25,26,
/pt-br/3/tutorial/,24,24,
/pt-br/3.13/tutorial/interpreter.html,22,23,
/pt-br/3/library/math.html,19,19,
/pt-br/3.13/library/datetime.html,17,17,
/pt-br/3/library/venv.html,16,16,
/pt-br/3/search.html,16,19,
/pt-br/3.13/library/os.html,15,15,
/pt-br/3/library/index.html,15,15,
/pt-br/3/tutorial/datastructures.html,15,17,
/pt-br/dev/library/venv.html,15,15,
/pt-br/3.13/library/re.html,13,13,
/pt-br/3.13/tutorial/appetite.html,13,13,
/pt-br/dev/howto/sorting.html,13,13,
/pt-br/3.13/library/os.path.html,12,12,
/pt-br/3/tutorial/inputoutput.html,12,13,
/pt-br/3.13/library/__main__.html,11,11,
/pt-br/3.13/library/tk.html,11,11,
/pt-br/3.13/library/turtle.html,11,11,
/pt-br/3/library/random.html,11,12,
/pt-br/3/tutorial/interpreter.html,11,11,
/pt-br/3/using/cmdline.html,11,11,
/pt-br/dev/howto/regex.html,11,12,
/pt-br/dev/library/tkinter.html,11,11,
/3/library/tkinter.html,10,10,
/pt-br/3.13/tutorial/errors.html,10,11,
/pt-br/3/reference/index.html,10,9,
/pt-br/3.13/library/idle.html,9,9,
/pt-br/3/tutorial/classes.html,9,9,
/pt-br/3.13/index.html,8,8,
/pt-br/3.13/library/statistics.html,8,8,
/pt-br/3.13/library/sys.html,8,8,
/pt-br/3.13/using/windows.html,8,8,
/pt-br/3/whatsnew/3.13.html,8,8,
/pt-br/3.13/glossary.html,7,7,
/pt-br/3.13/reference/index.html,7,7,
/pt-br/3.13/tutorial/,7,7,
/pt-br/3/library/csv.html,7,7,
/pt-br/3/library/os.html,7,7,
/pt-br/3/library/tkinter.html,7,8,
/pt-br/dev/library/unittest.html,7,7,
/pt-br/3.13/c-api/index.html,6,6,
/pt-br/3.13/howto/logging.html,6,6,
/pt-br/3.13/howto/sockets.html,6,7,
/pt-br/3.13/library/pathlib.html,6,6,
/pt-br/3.13/tutorial/inputoutput.html,6,6,
/pt-br/3.13/tutorial/venv.html,6,6,
/pt-br/3/tutorial/appetite.html,6,6,
/pt-br/3/using/android.html,6,6,
/pt-br/dev/tutorial/datastructures.html,6,6,
/3.13/tutorial/index.html,5,5,
/3/library/functions.html,5,5,
/3/library/idle.html,5,5,
/3/library/random.html,5,5,
/3/tutorial/index.html,5,5,
/pt-br/3.13/contents.html,5,5,
/pt-br/3.13/faq/windows.html,5,5,
/pt-br/3.13/py-modindex.html,5,5,
/pt-br/3.13/reference/compound_stmts.html,5,5,
/pt-br/3.13/whatsnew/index.html,5,5,
/pt-br/3/contents.html,5,5,
/pt-br/3/library/string.html,5,5,
/pt-br/3/library/time.html,5,5,
/pt-br/dev/library/subprocess.html,5,6,
/pt-br/dev/using/windows.html,5,5,
/3/library/string.html,4,4,
/3/search.html,4,4,
/3/tutorial/controlflow.html,4,4,
/3/tutorial/datastructures.html,4,4,
/pt-br/3.13/genindex.html,4,4,
/pt-br/3.13/howto/sorting.html,4,5,
/pt-br/3.13/library/array.html,4,4,
/pt-br/3.13/library/asyncio.html,4,5,
/pt-br/3.13/library/logging.html,4,4,
/pt-br/3.13/library/time.html,4,4,
/pt-br/3.13/whatsnew/3.13.html,4,4,
