name,unique_entrances,total_entrances,visit_duration
/en/latest/tutorials/installing-packages/,9467,9642,58
/en/latest/guides/installing-using-pip-and-virtual-environments/,2321,2385,43
/en/latest/guides/writing-pyproject-toml/,1733,1787,103
/en/latest/tutorials/packaging-projects/,1626,1666,95
/en/latest/guides/tool-recommendations/,1116,1123,74
/en/latest/,625,634,106
/en/latest/guides/distributing-packages-using-setuptools/,337,339,178
/en/latest/glossary/,261,261,150
/en/latest/key_projects/,226,227,152
/en/latest/specifications/pyproject-toml/,203,208,134
/en/latest/discussions/src-layout-vs-flat-layout/,169,174,103
/en/latest/overview/,166,168,136
/en/latest/guides/installing-using-linux-tools/,147,150,49
/en/latest/specifications/dependency-specifiers/,135,136,89
/en/latest/specifications/version-specifiers/,122,125,68
/en/latest/specifications/core-metadata/,119,125,260
/en/latest/tutorials/managing-dependencies/,119,119,124
/en/latest/guides/packaging-namespace-packages/,110,114,197
/en/latest/specifications/entry-points/,110,113,122
/en/latest/guides/hosting-your-own-index/,108,110,178
/en/latest/discussions/versioning/,75,75,31
/en/latest/guides/section-build-and-publish/,74,74,101
/en/latest/discussions/setup-py-deprecated/,72,74,172
/en/latest/guides/modernize-setup-py-project/,71,73,158
/en/latest/guides/creating-command-line-tools/,70,71,157
/en/latest/flow/,66,66,175
/en/latest/specifications/pypirc/,61,64,117
/en/latest/guides/,59,60,172
/en/latest/guides/section-install/,58,58,97
/en/latest/specifications/inline-script-metadata/,58,60,103
/en/latest/tutorials/,58,58,272
/en/latest/guides/publishing-package-distribution-releases-using-github-actions-ci-cd-workflows/,55,60,167
/en/latest/guides/creating-and-discovering-plugins/,53,53,126
/en/latest/discussions/package-formats/,52,54,28
/en/latest/guides/using-testpypi/,47,48,38
/en/latest/guides/installing-stand-alone-command-line-tools/,44,45,153
/en/latest/discussions/install-requires-vs-requirements/,43,43,118
/en/latest/specifications/dependency-groups/,43,47,93
/en/latest/specifications/platform-compatibility-tags/,43,44,168
/en/latest/specifications/,41,41,22
/en/latest/search/,40,40,64
/en/latest/guides/installing-scientific-packages/,37,37,71
/en/latest/guides/using-manifest-in/,36,37,70
/en/latest/guides/analyzing-pypi-package-downloads/,32,35,90
/en/latest/specifications/binary-distribution-format/,31,31,67
/en/latest/guides/installing-using-virtualenv/,29,29,72
/en/latest/guides/licensing-examples-and-user-scenarios/,29,29,194
/en/latest/specifications/name-normalization/,29,29,122
/en/latest/guides/packaging-binary-extensions/,28,28,175
/en/latest/discussions/pip-vs-easy-install/,26,27,38
/en/latest/guides/making-a-pypi-friendly-readme/,26,26,192
/en/latest/specifications/simple-repository-api/,23,23,78
/en/latest/discussions/deploying-python-applications/,21,21,10
/en/latest/guides/index-mirrors-and-caches/,21,21,71
/en/latest/specifications/externally-managed-environments/,21,21,23
/en/latest/discussions/single-source-version/,17,19,172
/en/latest/specifications/pylock-toml/,14,14,69
/en/latest/specifications/recording-installed-packages/,13,13,4
/en/latest/discussions/distribution-package-vs-import-package/,11,11,63
/en/latest/guides/dropping-older-python-versions/,11,11,27
/en/latest/guides/single-sourcing-package-version/,11,11,39
/en/latest/specifications/license-expression/,10,10,3
/en/latest/discussions/,8,8,12
/en/latest/specifications/well-known-project-urls/,8,8,163
/en/latest/specifications/glob-patterns/,7,7,0
/en/latest/specifications/virtual-environments/,6,6,6
/en/latest/contribute/,5,5,0
/en/latest/guides/migrating-to-pypi-org/,4,4,0
/en/latest/specifications/section-distribution-formats/,4,4,626
/en/latest/specifications/section-distribution-metadata/,4,4,10
/en/latest/news/,3,3,106
/en/latest/specifications/direct-url/,3,3,40
/en/latest/specifications/section-installation-metadata/,3,3,37
/en/latest/specifications/section-package-indices/,3,3,6
/en/latest/specifications/source-distribution-format/,3,3,0
/en/latest/support/,3,3,2
/ja/latest/guides/installing-using-pip-and-virtual-environments/,3,3,494
/ja/latest/guides/writing-pyproject-toml/,3,3,23
/en/latest/discussions/downstream-packaging/,2,2,0
/en/latest/guides/section-hosting/,2,2,158
/en/latest/guides/supporting-multiple-python-versions/,2,2,0
/en/latest/guides/making-a-pypi-friendly-readme/index.html,1,1,0
/en/latest/specifications/direct-url-data-structure/,1,1,19
/en/latest/specifications/index-hosted-attestations/,1,1,0
/en/latest/specifications/section-python-description-formats/,1,1,0
/ja/latest/discussions/pip-vs-easy-install/,1,1,272
/ja/latest/discussions/setup-py-deprecated/,1,1,0
/ja/latest/guides/packaging-namespace-packages/,1,1,38
/ja/latest/tutorials/installing-packages/,1,1,30
/ja/latest/tutorials/packaging-projects/,1,1,15
/pt-br/latest/guides/packaging-binary-extensions/,1,1,195
/pt-br/latest/guides/writing-pyproject-toml/,1,1,230
/pt-br/latest/tutorials/installing-packages/,1,1,0
