name,version,visitors
Microsoft Edge,140.0,1569
Chrome,140.0,854
Chrome,139.0,448
Mobile App,(not set),196
Microsoft Edge,139.0,185
Safari,18.6,138
Firefox,142.0,131
Chrome,138.0,107
Smart Lenovo Browser,9.0,104
UC Browser,18.0,77
Chrome,132.0,74
Chrome,135.0,63
Quark,(not set),60
Chrome,126.0,45
Chrome,134.0,45
Chrome,122.0,37
Microsoft Edge,138.0,36
Chrome,137.0,35
Huawei Browser Mobile,16.0,35
Safari,18.5,31
Chrome,109.0,26
Chrome,119.0,24
Microsoft Edge,131.0,24
Microsoft Edge,137.0,23
Mobile App,114.0,20
QQ Browser,19.6,20
Chrome,128.0,19
Chrome,129.0,19
Chrome,131.0,18
Chrome,114.0,17
Safari,16.6,17
Safari,17.6,17
Sogou Explorer,2,17
Chrome,133.0,16
UC Browser,17.8,16
Microsoft Edge,122.0,15
Microsoft Edge,126.0,15
Microsoft Edge,132.0,15
Safari,26.0,15
Chrome,86.0,15
Chrome,121.0,13
Chrome,130.0,12
MIUI Browser,20.2,12
Safari,(not set),11
Chrome,103.0,11
Chrome,112.0,11
Microsoft Edge,133.0,11
Microsoft Edge,136.0,11
Safari,18.3,11
Mobile App,97.0,11
Chrome,120.0,10
Microsoft Edge,123.0,10
Mobile App,131.0,10
Microsoft Edge,134.0,10
Chrome,136.0,10
Chrome,101.0,9
Chrome,124.0,9
Chrome,125.0,9
Mobile App,126.0,9
Firefox,128.0,9
Quark,7.15,9
Chrome,117.0,8
Microsoft Edge,130.0,8
Microsoft Edge,135.0,8
Microsoft Edge,141.0,8
Safari,18.1,8
Microsoft Edge,92.0,8
Microsoft Edge,127.0,7
Chrome,127.0,7
Chrome,142.0,7
Safari,15.6,7
Safari,16.3,7
Safari,17.14,7
QQ Browser,19.4,7
Chrome,91.0,7
Microsoft Edge,112.0,6
Microsoft Edge,128.0,6
Mobile App,128.0,6
Microsoft Edge,129.0,6
MIUI Browser,14.10,6
Safari,18.2,6
vivo Browser,26.0,6
Huawei Browser Mobile,5.1,6
Mobile App,99.0,6
Chrome,100.0,5
Chrome,104.0,5
Chrome,107.0,5
Opera,120.0,5
Safari,13.1,5
Mobile App,130.0,5
Mobile App,139.0,5
Chrome,141.0,5
Firefox,141.0,5
Safari,16.2,5
Safari,17.8,5
UC Browser,18.1,5
Safari,18.4,5
MIUI Browser,20.1,5
vivo Browser,25.5,5
vivo Browser,26.2,5
Mobile App,92.0,5
Chrome,97.0,5
Mobile App,109.0,4
Microsoft Edge,111.0,4
Microsoft Edge,116.0,4
Huawei Browser,12.1,4
Safari,12.1,4
Chrome,123.0,4
Mobile App,133.0,4
Mobile App,134.0,4
MIUI Browser,14.1,4
Safari,15.4,4
Safari,16.1,4
vivo Browser,25.9,4
vivo Browser,26.1,4
Samsung Browser,28.0,4
Quark,7.13,4
Quark,7.16,4
(not set),(not set),3
QQ Browser Lite,1.4,3
Microsoft Edge,100.0,3
Mobile App,103.0,3
Chrome,108.0,3
Microsoft Edge,109.0,3
Safari,11.0,3
Huawei Browser Mobile,11.1,3
Microsoft Edge,110.0,3
Chrome,113.0,3
Firefox,115.0,3
Mobile App,116.0,3
Microsoft Edge,118.0,3
MIUI Browser,12.2,3
Firefox,125.0,3
QQ Browser,13.6,3
MIUI Browser,14.7,3
Firefox,143.0,3
Huawei Browser Mobile,15.0,3
Safari,16.0,3
Safari,18.0,3
QQ Browser,19.2,3
MIUI Browser,20.0,3
vivo Browser,25.8,3
vivo Browser,26.3,3
QQ Browser,6.2,3
Quark,7.9,3
Mobile App,91.0,3
Android Browser,(not set),2
Huawei Browser Mobile,10.0,2
Chrome,102.0,2
Microsoft Edge,103.0,2
Microsoft Edge,107.0,2
Huawei Browser Mobile,11.0,2
QQ Browser,11.2,2
Chrome,110.0,2
Chrome,111.0,2
Firefox,113.0,2
Microsoft Edge,113.0,2
Microsoft Edge,114.0,2
Microsoft Edge,115.0,2
Chrome,115.0,2
Microsoft Edge,117.0,2
Chrome,118.0,2
Microsoft Edge,119.0,2
Microsoft Edge,120.0,2
Chrome,121,2
Microsoft Edge,121.0,2
QQ Browser,13.3,2
QQ Browser,13.5,2
Firefox,138.0,2
MIUI Browser,14.2,2
MIUI Browser,14.9,2
Firefox,140.0,2
Safari,15.1,2
Safari,15.3,2
Safari,16.4,2
Safari,16.5,2
Safari,17.2,2
UC Browser,17.3,2
Safari,17.4,2
Microsoft Edge,18.18363,2
MIUI Browser,18.2,2
QQ Browser,19.3,2
MIUI Browser,19.6,2
Chrome,62.0,2
Chrome,80.0,2
Chrome,83.0,2
Mobile App,83.0,2
Chrome,85.0,2
Chrome,87.0,2
Opera,90.0,2
Opera,91.0,2
Chrome,92.0,2
Chrome,95.0,2
Chrome,96.0,2
Chrome,98.0,2
Firefox,102.0,1
Microsoft Edge,105.0,1
Chrome,105.0,1
Microsoft Edge,106.0,1
Chrome,106.0,1
Firefox,107.0,1
Microsoft Edge,108.0,1
Safari,11.1,1
MIUI Browser,11.4,1
Firefox,116.0,1
Chrome,116.0,1
Mobile App,117.0,1
Firefox,118.0,1
Mobile App,119.0,1
QQ Browser,12.2,1
Meizu Browser,12.5,1
Mobile App,120.0,1
Microsoft Edge,124.0,1
Microsoft Edge,125.0,1
Mobile App,129.0,1
QQ Browser,13.0,1
QQ Browser,13.1,1
QQ Browser,13.2,1
QQ Browser,13.4,1
Firefox,131.0,1
Firefox,135.0,1
Firefox,136.0,1
Firefox,137.0,1
Huawei Browser Mobile,14.0,1
Microsoft Edge,140,1
Firefox,144.0,1
MIUI Browser,16.0,1
vivo Browser,16.7,1
Safari,17.0,1
Safari,17.1,1
UC Browser,17.5,1
Safari,17.5,1
UC Browser,17.6,1
UC Browser,17.7,1
Safari,18.7,1
MIUI Browser,19.3,1
QQ Browser,19.5,1
MIUI Browser,19.7,1
MIUI Browser,19.8,1
vivo Browser,25.1,1
vivo Browser,25.4,1
115 Browser,35.2,1
Chrome,43.0,1
Firefox,5.0,1
Chrome,55.0,1
QQ Browser,6.0,1
UBrowser,6.2,1
QtWebEngine,6.5,1
QtWebEngine,6.8,1
Chrome,60.0,1
Quark,7.14,1
Firefox,79.0,1
Chrome,88.0,1
Chrome,89.0,1
Chrome,90.0,1
Firefox,91.0,1
Chrome,94.0,1
Microsoft Edge,97.0,1
Chrome,99.0,1
