property,value,visitors,events,percentage
url,(none),437777,933907,99.7
url,https://psfmember.org/civicrm/contribute/transact?reset=1&id=2,5473,6492,1.2
url,https://docs.python.org/,4564,4934,1.0
url,https://pypi.org/,2569,2777,0.6
url,https://wiki.python.org/moin/BeginnersGuide,2055,2178,0.5
url,https://us.pycon.org/2025/about/pycon/,1910,2006,0.4
url,https://docs.python.org/3/,1433,1540,0.3
url,https://peps.python.org/pep-0719/,1221,1271,0.3
url,http://docs.python.org/3/,1141,1222,0.3
url,https://pythoninsider.blogspot.com/2025/05/python-3140-beta-1-is-here.html,921,997,0.2
url,http://wiki.python.org/moin/BeginnersGuide/Download,704,733,0.2
url,https://peps.python.org/pep-0745/,669,682,0.2
url,http://wiki.python.org/moin/BeginnersGuide/NonProgrammers,658,681,0.1
url,https://docs.python.org/release/3.9.22/whatsnew/changelog.html,549,568,0.1
url,https://wiki.python.org/moin/PythonBooks,440,476,0.1
url,https://devguide.python.org/,427,462,0.1
url,http://wiki.python.org/moin/BeginnersGuide/Programmers,330,341,0.1
url,https://docs.python.org/release/3.11.12/whatsnew/changelog.html#python-3-11-12,285,299,0.1
url,https://peps.python.org/pep-0664/,225,234,0.1
url,https://docs.python.org/3/license.html,224,236,0.1
url,https://github.com/python/cpython/issues/131809,220,224,0.1
url,https://docs.python.org/3/tutorial/index.html,216,231,0.0
url,https://devguide.python.org/versions/#versions,206,214,0.0
url,http://brochure.getpython.info/,193,224,0.0
url,http://wiki.python.org/moin/IntroductoryBooks,192,195,0.0
url,https://docs.python.org/release/3.13.3/whatsnew/changelog.html#python-3-13-3,191,202,0.0
url,https://docs.python.org/3.13/whatsnew/3.13.html#a-better-interactive-interpreter,190,198,0.0
url,https://docs.python.org/release/3.10.17/whatsnew/changelog.html,190,197,0.0
url,http://www.activestate.com/activepython/,184,191,0.0
url,https://briefcase.readthedocs.io/,176,184,0.0
url,https://docs.python.org/release/3.13.3/,174,178,0.0
url,http://wiki.python.org/moin/BeginnersGuide/Examples,161,168,0.0
url,http://wiki.python.org/moin/IntegratedDevelopmentEnvironments,151,161,0.0
url,https://docs.python.org/3/library/index.html,149,161,0.0
url,https://docs.python.org/3.13/,148,148,0.0
url,https://github.com/python/cpython/issues/106883,142,146,0.0
url,https://docs.python.org/3/tutorial/controlflow.html#defining-functions,134,139,0.0
url,https://peps.python.org/pep-0619/,127,131,0.0
url,https://docs.python.org/faq/,116,119,0.0
url,https://buildozer.readthedocs.io/,113,115,0.0
url,https://jobs.python.org/,111,115,0.0
url,http://wiki.python.org/moin/Languages,101,110,0.0
url,https://gitlab.com/python-devs/ci-images,100,107,0.0
url,https://peps.python.org/,99,100,0.0
url,https://pyfound.blogspot.com/2025/05/announcing-python-software-foundation.html,98,107,0.0
url,https://github.com/python/cpython/issues,92,104,0.0
url,https://blog.python.org/,87,93,0.0
url,https://peps.python.org/pep-0693/,83,87,0.0
url,https://wiki.python.org/moin/BeginnersGuide/Programmers,82,86,0.0
url,http://www.djangoproject.com/,81,83,0.0
url,https://docs.python.org/release/3.12.10/whatsnew/changelog.html#python-3-12-10,81,84,0.0
url,http://docs.python.org/,79,80,0.0
url,https://docs.python.org/3.13/whatsnew/3.13.html,79,83,0.0
url,http://wiki.python.org/moin/PythonEditors,78,79,0.0
url,https://docs.python.org/release/3.10.13/whatsnew/changelog.html#python-3-10-13-final,71,75,0.0
url,https://status.python.org/,68,75,0.0
url,https://docs.python.org/3/tutorial/,66,66,0.0
url,https://wiki.python.org/moin/,58,59,0.0
url,https://docs.python.org/3/tutorial/introduction.html#lists,56,57,0.0
url,https://docs.python.org/release/3.10.16/whatsnew/changelog.html,56,58,0.0
url,https://docs.python.org/3/reference/index.html,55,62,0.0
url,https://docs.python.org/release/3.11.11/whatsnew/changelog.html#python-3-11-11,54,57,0.0
url,http://docs.python.org/3/tutorial/,53,56,0.0
url,https://s3.dualstack.us-east-2.amazonaws.com/pythondotorg-assets/media/community/logos/python-logo-only.png,53,66,0.0
url,http://omz-software.com/pythonista/index.html,52,53,0.0
url,https://www.linkedin.com/company/python-software-foundation/,51,54,0.0
url,http://docs.python.org/3/faq/,47,50,0.0
url,http://packaging.python.org/,47,48,0.0
url,https://docs.python.org/release/3.8.20/whatsnew/changelog.html,45,46,0.0
url,https://wiki.python.org/moin/BeginnersGuide/NonProgrammers,43,46,0.0
url,https://wiki.python.org/moin/PythonPeriodicals,43,47,0.0
url,https://pypy.org/,40,63,0.0
url,http://pandas.pydata.org/,39,41,0.0
url,http://pyfound.blogspot.com/,38,44,0.0
url,https://docs.python.org/3/whatsnew/3.13.html,37,37,0.0
url,https://us.pycon.org/,37,37,0.0
url,http://buildbot.net/,36,37,0.0
url,https://docs.python.org/release/3.10.12/whatsnew/changelog.html#python-3-10-12-final,36,38,0.0
url,https://s3.dualstack.us-east-2.amazonaws.com/pythondotorg-assets/media/files/python-logo-only.svg,36,48,0.0
url,https://peps.python.org/pep-0738/,34,34,0.0
url,https://docs.python.org/3/tutorial/controlflow.html,32,32,0.0
url,https://docs.python.org/3/using/index.html,32,33,0.0
url,https://github.com/python/cpython/issues/126623,31,32,0.0
url,http://pypi.org/,30,30,0.0
url,http://wiki.python.org/moin/TkInter,30,34,0.0
url,https://docs.python.org/3.14/whatsnew/3.14.html#whatsnew314-pep649,30,31,0.0
url,https://docs.python.org/3.7/using/windows.html#embedded-distribution,30,30,0.0
url,https://docs.python.org/dev/,30,31,0.0
url,http://pycon.blogspot.com/,29,32,0.0
url,https://docs.python.org/3.12/whatsnew/3.12.html,29,29,0.0
url,https://docs.python.org/devguide/#contributing,29,29,0.0
url,https://pyto.app/,29,29,0.0
url,http://docs.python.org/3/tutorial/introduction.html#using-python-as-a-calculator,28,30,0.0
url,https://github.com/python/cpython/issues/131261,28,29,0.0
url,https://termux.dev/en/,28,29,0.0
url,https://docs.python.org/3.8/using/windows.html#embedded-distribution,27,28,0.0
url,https://docs.python.org/release/3.12.10/,27,27,0.0
url,http://pypi.python.org/pypi?%3Aaction=index,26,26,0.0
url,http://www.pylonsproject.org/,26,26,0.0
url,http://ipython.org/,25,26,0.0
url,http://us.pycon.org/,25,29,0.0
url,https://docs.python.org/3/howto/index.html,25,25,0.0
url,https://peps.python.org/pep-0742/,25,26,0.0
url,https://chaquo.com/chaquopy,24,30,0.0
url,https://docs.python.org/3.12/whatsnew/3.12.html#pep-701-syntactic-formalization-of-f-strings,24,25,0.0
url,https://docs.python.org/release/3.10.15/whatsnew/changelog.html,24,25,0.0
url,https://pyfound.blogspot.com/2025/05/a-thank-you-to-oregon-state-university.html,24,25,0.0
url,https://wiki.python.org/moin/BeginnersGuide/Download,24,26,0.0
url,http://code.activestate.com/recipes/langs/python/,23,23,0.0
url,http://planetpython.org/,23,24,0.0
url,https://docs.python.org/release/3.11.10/whatsnew/changelog.html#python-3-11-10,23,23,0.0
url,https://docs.python.org/3.13/whatsnew/3.13.html#whatsnew313-free-threaded-cpython,22,24,0.0
url,https://github.com/python/cpython/issues/103142,22,26,0.0
url,https://peps.python.org/pep-0730/,22,22,0.0
url,https://docs.python.org/3/download.html,21,21,0.0
url,https://docs.python.org/release/3.9.21/whatsnew/changelog.html,21,21,0.0
url,https://peps.python.org/pep-0696/,21,21,0.0
url,https://pyfound.blogspot.com/2025/04/congrats-loren.html,21,21,0.0
url,https://twitter.com/ThePSF,21,23,0.0
url,https://www.promptemr.com/careers?ashby_jid=c59731ef-bdab-4e1c-80ad-d28abea1bf1b,21,22,0.0
url,http://docs.python.org/library/markup,20,20,0.0
url,http://www.scipy.org/,20,20,0.0
url,https://apps.microsoft.com/detail/9NQ7512CXL7T,20,20,0.0
url,https://docs.python.org/release/3.8.11/whatsnew/changelog.html#changelog,20,20,0.0
url,https://github.com/python/cpython/issues/108310,20,20,0.0
url,https://pyfound.blogspot.com/2025/04/2025-psf-board-election-schedule-change.html,20,20,0.0
url,https://python-forum.io/,20,22,0.0
url,https://docs.python.org/release/3.12.9/whatsnew/changelog.html#python-3-12-9,19,20,0.0
url,https://docs.python.org/release/3.13.0/,19,19,0.0
url,https://docs.python.org/release/3.7.17/whatsnew/changelog.html#changelog,19,19,0.0
url,https://mail.python.org/mailman/listinfo/python-dev,19,19,0.0
url,https://www.riverbankcomputing.com/static/Docs/pyqtdeploy/,18,18,0.0
url,http://flask.pocoo.org/,17,17,0.0
url,https://docs.python.org/release/3.13.2/whatsnew/changelog.html#python-3-13-2,17,18,0.0
url,https://github.com/beeware/Python-Apple-support,17,18,0.0
url,https://github.com/python/cpython/issues/123678,17,18,0.0
url,https://pyvideo.org/,17,17,0.0
url,https://wiki.python.org/moin/PythonEventsCalendar#Submitting_an_Event,17,17,0.0
url,http://www.web2py.com/,16,18,0.0
url,https://docs.python.org/release/3.11.9/whatsnew/changelog.html#python-3-11-9,16,16,0.0
url,https://docs.python.org/release/3.8.19/whatsnew/changelog.html,16,16,0.0
url,https://docs.python.org/release/3.9.18/whatsnew/changelog.html#changelog,16,16,0.0
url,http://www.wxpython.org/,15,16,0.0
url,https://docs.python.org/3.13/whatsnew/3.13.html#defined-mutation-semantics-for-locals,15,18,0.0
url,https://docs.python.org/release/3.13.2/,15,16,0.0
url,https://github.com/advisories/GHSA-79wf-qgrg-2p6c,15,16,0.0
url,https://github.com/python/cpython/issues/119511,15,19,0.0
url,http://legacy.python.org/download/releases/binaries-1.1/,14,16,0.0
url,https://devguide.python.org/triage/issue-tracker/,14,14,0.0
url,https://docs.python.org/3.11/,14,14,0.0
url,https://docs.python.org/3.12/,14,14,0.0
url,https://docs.python.org/3.13/whatsnew/3.13.html#improved-error-messages,14,17,0.0
url,https://docs.python.org/3/search.html,14,14,0.0
url,https://docs.python.org/release/3.10.11/whatsnew/changelog.html#python-3-10-11-final,14,15,0.0
url,https://docs.python.org/release/3.12.0/,14,14,0.0
url,https://docs.python.org/release/3.9.20/whatsnew/changelog.html,14,14,0.0
url,https://peps.python.org/pep-0594/,14,15,0.0
url,https://wiki.python.org/moin/PythonConferences,14,14,0.0
url,http://docs.python.org/3/library/,13,13,0.0
url,https://docs.python.org/3/glossary.html,13,13,0.0
url,https://docs.python.org/3/license.html#terms-and-conditions-for-accessing-or-otherwise-using-python,13,14,0.0
url,https://docs.python.org/release/3.10.0/whatsnew/changelog.html#python-3-10-0-final,13,14,0.0
url,https://docs.python.org/release/3.10.14/whatsnew/changelog.html,13,14,0.0
url,https://docs.python.org/release/3.8.10/whatsnew/changelog.html,13,15,0.0
url,https://discuss.python.org/,12,12,0.0
url,https://docs.python.org/license.html,12,13,0.0
url,https://docs.python.org/release/3.11.12/,12,13,0.0
url,https://github.com/python/pythondotorg/issues,12,13,0.0
url,https://piterpy.com/en/,12,14,0.0
url,https://wiki.python.org/moin/BeginnersGuide/Examples,12,12,0.0
url,https://work.mercor.com/jobs/list_AAABlg0_QgOG3Cc3xyZLGYAg,12,15,0.0
url,http://pypi.python.org/pypi,11,11,0.0
url,https://docs.python.org/3.7/,11,11,0.0
url,https://docs.python.org/3/c-api/index.html,11,11,0.0
url,https://docs.python.org/release/3.9.0/whatsnew/changelog.html#changelog,11,11,0.0
url,https://fosstodon.org/@ThePSF,11,12,0.0
url,https://pythondiscord.com/,11,12,0.0
url,http://lmorillas.github.io/python_events/,10,10,0.0
url,http://www.riverbankcomputing.co.uk/software/pyqt/intro,10,11,0.0
url,https://docs.python.org/3.10/,10,10,0.0
url,https://docs.python.org/3.14/whatsnew/3.14.html,10,10,0.0
url,https://mail.python.org/archives/list/python-dev@python.org/thread/CLVXXPQ2T2LQ5MP2Y53VVQFCXYWQJHKZ/,10,10,0.0
url,https://podcasters.spotify.com/pod/show/corepy,10,10,0.0
url,https://www.domainsbot.com/jobs/,10,10,0.0
url,https://www.linkedin.com/groups/25827/,10,10,0.0
url,https://www.openstack.org/,10,10,0.0
url,http://legacy.python.org/download/releases/src/,9,9,0.0
url,http://wiki.python.org/moin/WebProgramming,9,9,0.0
url,http://www.openbookproject.net/thinkcs/python/english2e/,9,11,0.0
url,https://bugs.python.org/,9,12,0.0
url,https://devguide.python.org/versions/,9,9,0.0
url,https://docs.python.org/3.13/whatsnew/3.13.html#an-experimental-just-in-time-jit-compiler,9,9,0.0
url,https://docs.python.org/3.9/,9,10,0.0
url,https://docs.python.org/release/3.11.0/whatsnew/changelog.html#python-3-11-0-final,9,10,0.0
url,https://docs.python.org/release/3.12.3/whatsnew/changelog.html#python-3-12-2,9,9,0.0
url,https://docs.python.org/release/3.13.0/whatsnew/changelog.html#python-3-13-0,9,9,0.0
url,https://github.com/sponsors/python,9,9,0.0
url,https://pycon.ie/,9,9,0.0
url,http://www.ansible.com/,8,8,0.0
url,https://docs.python.org/3.13/whatsnew/3.13.html#new-deprecations,8,8,0.0
url,https://docs.python.org/3.8/whatsnew/changelog.html#python-3-8-0-final,8,8,0.0
url,https://docs.python.org/3/extending/index.html,8,8,0.0
url,https://docs.python.org/release/3.10.17/,8,11,0.0
url,https://docs.python.org/release/3.10.6/whatsnew/changelog.html#python-3-10-6-final,8,8,0.0
url,https://docs.python.org/release/3.12.6/whatsnew/changelog.html#python-3-12-6,8,9,0.0
url,https://docs.python.org/release/3.13.1/whatsnew/changelog.html#python-3-13-1,8,8,0.0
url,https://docs.python.org/release/3.8.2/whatsnew/changelog.html#python-3-8-2-final,8,8,0.0
url,https://events.linuxfoundation.org/jupytercon/,8,8,0.0
url,https://github.com/pvieito/PythonKit,8,9,0.0
url,https://paytree.pontahr.com/listings/backend-python-developer-django-drf-b82bae3e,8,8,0.0
url,https://wiki.qt.io/PySide,8,8,0.0
url,https://www.odoo.com/,8,9,0.0
url,https://www.opensource.org/,8,8,0.0
url,http://mcsp.wartburg.edu/zelle/python/,7,8,0.0
url,http://scipy.org/,7,8,0.0
url,http://www.pythonweekly.com/,7,7,0.0
url,http://www.tryton.org/,7,7,0.0
url,https://dearpygui.readthedocs.io/en/latest/,7,8,0.0
url,https://docs.python.org/3.12/howto/perf_profiling.html,7,8,0.0
url,https://docs.python.org/3.13/whatsnew/3.13.html#removed-modules-and-apis,7,7,0.0
url,https://docs.python.org/3.14/,7,7,0.0
url,https://docs.python.org/3.6/using/windows.html#embedded-distribution,7,8,0.0
url,https://docs.python.org/3.7/whatsnew/3.7.html,7,7,0.0
url,https://docs.python.org/3.8/,7,7,0.0
url,https://docs.python.org/release/1.4/,7,7,0.0
url,https://docs.python.org/release/3.11.8/whatsnew/changelog.html#python-3-11-8,7,7,0.0
url,https://docs.python.org/release/3.12.9/,7,7,0.0
url,https://docs.python.org/release/3.7.16/whatsnew/changelog.html#changelog,7,7,0.0
url,https://docs.python.org/release/3.8.12/whatsnew/changelog.html#changelog,7,7,0.0
url,https://ep2025.europython.eu/,7,8,0.0
url,https://github.com/python/cpython/issues/109858,7,7,0.0
url,https://pyfound.blogspot.com/2025/04/psf-grants-program-2024-transparency.html,7,8,0.0
url,https://wiki.gnome.org/Projects/PyGObject,7,7,0.0
url,https://www.pycon.org/,7,7,0.0
url,http://bottlepy.org/,6,6,0.0
url,http://docs.python.org/release/3.8.17/whatsnew/changelog.html,6,7,0.0
url,http://hg.python.org/cpython/raw-file/v2.0.1/Misc/NEWS,6,7,0.0
url,http://legacy.python.org/download/releases/binaries-1.3/,6,6,0.0
url,https://docs.python.org/3.12/whatsnew/3.12.html#pep-688-making-the-buffer-protocol-accessible-in-python,6,6,0.0
url,https://docs.python.org/3.13/whatsnew/3.13.html#other-language-changes,6,6,0.0
url,https://docs.python.org/3.6/,6,6,0.0
url,https://docs.python.org/3/py-modindex.html,6,6,0.0
url,https://docs.python.org/release/3.11.1/whatsnew/changelog.html#python-3-11-1,6,6,0.0
url,https://docs.python.org/release/3.11.11/,6,7,0.0
url,https://docs.python.org/release/3.11.5/whatsnew/changelog.html#python-3-11-5,6,7,0.0
url,https://docs.python.org/release/3.12.0/whatsnew/changelog.html#python-3-12-0,6,6,0.0
url,https://docs.python.org/release/3.12.7/whatsnew/changelog.html#python-3-12-7,6,6,0.0
url,https://docs.python.org/release/3.6.15/whatsnew/3.6.html#notable-changes-in-python-3-6-15,6,6,0.0
url,https://docs.python.org/release/3.7.8/whatsnew/changelog.html#changelog,6,6,0.0
url,https://docs.python.org/release/3.7.9/whatsnew/changelog.html#changelog,6,6,0.0
url,https://docs.python.org/release/3.8.18/whatsnew/changelog.html#changelog,6,6,0.0
url,https://docs.python.org/release/3.8.3/whatsnew/changelog.html#changelog,6,6,0.0
url,https://docs.python.org/release/3.8.5/whatsnew/changelog.html#changelog,6,7,0.0
url,https://flaskcon.com/2025/,6,6,0.0
url,https://github.com/advisories/GHSA-4hvh-m426-wv8w,6,8,0.0
url,https://hg.python.org/cpython/raw-file/15c95b7d81dc/Misc/NEWS,6,6,0.0
url,https://peps.python.org/pep-0011/#tier-2,6,6,0.0
url,https://psfmember.org/user-information/,6,6,0.0
url,https://pypi.python.org/,6,6,0.0
url,https://www.eventbrite.co.uk/e/python-live-statistical-types-for-pandas-dataframes-and-friends-tickets-380247780347,6,6,0.0
url,https://www.meetup.com/pythonnz-online/events/302440401/,6,7,0.0
url,https://www.rocketsoftware.com/products/rocket-open-source,6,6,0.0
url,http://docs.python.org/library/json.html,5,6,0.0
url,http://docs.python.org/release/3.8.15/whatsnew/changelog.html,5,6,0.0
url,http://docs.python.org/release/3.9.16/whatsnew/changelog.html,5,5,0.0
url,http://pragprog.com/book/gwpy2/practical-programming,5,5,0.0
url,http://wiki.python.org/moin/LocalUserGroups,5,6,0.0
url,https://2025.pyconuk.org/,5,6,0.0
url,https://bugs.python.org/issue38605,5,5,0.0
url,https://djangogirls.org/pt-br/caxiasdosul/,5,5,0.0
url,https://docs.python.org/3.14/whatsnew/3.14.html#whatsnew314-jit-compiler,5,5,0.0
url,https://docs.python.org/3.14/whatsnew/3.14.html#whatsnew314-pep750,5,5,0.0
url,https://docs.python.org/3.6/whatsnew/3.6.html,5,5,0.0
url,https://docs.python.org/3.7/whatsnew/changelog.html#python-3-7-3-final,5,5,0.0
url,https://docs.python.org/3.7/whatsnew/changelog.html#python-3-7-4-final,5,6,0.0
url,https://docs.python.org/release/3.10.2/whatsnew/changelog.html#python-3-10-2-final,5,6,0.0
url,https://docs.python.org/release/3.10.4/whatsnew/changelog.html#python-3-10-4-final,5,5,0.0
url,https://docs.python.org/release/3.11.4/whatsnew/changelog.html#python-3-11-4,5,5,0.0
url,https://docs.python.org/release/3.11.9/,5,5,0.0
url,https://docs.python.org/release/3.13.1/,5,5,0.0
url,https://docs.python.org/release/3.6.15/whatsnew/changelog.html#changelog,5,5,0.0
url,https://docs.python.org/release/3.9.5/whatsnew/changelog.html,5,11,0.0
url,https://github.com/faster-cpython/,5,6,0.0
url,https://github.com/microsoft/mimalloc,5,5,0.0
url,https://github.com/python/cpython/issues/121284,5,6,0.0
url,https://micropython.org/,5,5,0.0
url,https://peps.python.org/pep-0701/,5,5,0.0
url,https://peps.python.org/pep-0705/,5,5,0.0
url,https://psfmember.org/python-software-foundation-supporting-member-2/,5,5,0.0
url,https://pygrunn.org/,5,5,0.0
url,https://raw.githubusercontent.com/python/cpython/c2f86d86e6c8f5fd1ef602128b537a48f3f5c063/Misc/NEWS.d/2.7.17rc1.rst,5,5,0.0
url,https://raw.githubusercontent.com/python/cpython/v2.7.16/Misc/NEWS.d/2.7.16.rst,5,5,0.0
url,https://saltproject.io/,5,5,0.0
url,https://www.ibm.com/support/pages/aix-toolbox-open-source-software-downloads-alpha,5,5,0.0
url,https://xon.sh/,5,5,0.0
url,http://bugs.python.org/,4,5,0.0
url,http://docs.python.org/release/3.8.16/whatsnew/changelog.html,4,4,0.0
url,http://trac.edgewall.org/,4,4,0.0
url,http://wiki.python.org/moin/NumericAndScientific,4,5,0.0
url,http://youtube.com/,4,4,0.0
