name,unique_entrances,total_entrances,visit_duration
/pt-br/latest/tutorials/installing-packages/,17,18,12
/pt-br/latest/guides/installing-using-pip-and-virtual-environments/,12,12,21
/en/latest/tutorials/installing-packages/,8,8,176
/pt-br/latest/tutorials/packaging-projects/,3,3,12
/en/latest/specifications/binary-distribution-format/,2,2,26
/en/latest/tutorials/packaging-projects/,2,2,514
/pt-br/latest/guides/writing-pyproject-toml/,2,2,0
/en/latest/guides/hosting-your-own-index/,1,1,46
/en/latest/guides/tool-recommendations/,1,1,0
/en/latest/guides/writing-pyproject-toml/,1,1,9
/ja/latest/guides/tool-recommendations/,1,1,147
/pt-br/latest/discussions/deploying-python-applications/,1,1,0
/pt-br/latest/discussions/single-source-version/,1,1,0
/pt-br/latest/guides/creating-command-line-tools/,1,1,0
/pt-br/latest/guides/distributing-packages-using-setuptools/,1,1,0
/pt-br/latest/guides/hosting-your-own-index/,1,1,0
/pt-br/latest/guides/installing-using-linux-tools/,1,1,0
/pt-br/latest/guides/making-a-pypi-friendly-readme/,1,1,0
/pt-br/latest/guides/section-hosting/,1,1,0
/pt-br/latest/guides/using-testpypi/,1,1,0
/pt-br/latest/overview/,1,1,0
/pt-br/latest/specifications/binary-distribution-format/,1,1,23
/pt-br/latest/specifications/section-installation-metadata/,1,1,0
/pt-br/latest/specifications/version-specifiers/,1,1,0
/pt-br/latest/tutorials/,1,1,0
