name,visitors
Paris,297
Abidjan,53
Toulouse,50
Marseille,42
Dakar,31
Brussels,26
Lyon,24
Antananarivo,23
Tunis,20
Yaoundé,18
Brazzaville,17
Cotonou,15
Nantes,14
Kinshasa,13
Lomé,13
Casablanca,13
Clermont-Ferrand,13
Montréal,13
Bamako,12
Lausanne,12
Frankfurt am Main,12
Grenoble,12
Ouagadougou,11
Lille,11
Bordeaux,11
Douala,10
Genève,10
Villeurbanne,10
Rennes,9
Orléans,9
Annecy,9
Aix-en-Provence,8
Marrakesh,7
Zürich,7
Montpellier,7
Courbevoie,7
Angers,7
Tangier,6
Amsterdam,6
Saint-Denis,6
Massy,6
Créteil,6
Béziers,6
Singapore,5
Libreville,5
N'Djamena,5
Villeneuve,5
Luxembourg,5
Tours,5
Strasbourg,5
N/A,5
Pau,5
Nice,5
Le Havre,5
Le Châtelet-en-Brie,5
Dijon,5
Colombes,5
Papeete,5
Québec,5
Conakry,4
Tizi Ouzou,4
Algiers,4
Liège,4
Versailles,4
Saint-Nazaire,4
Rueil-Malmaison,4
Rezé,4
Poitiers,4
Mulhouse,4
Montbrison,4
Melun,4
Lillebonne,4
Laval,4
Ganges,4
Fréjus,4
Évry,4
Caen,4
Aureilhan,4
Argenteuil,4
Antibes,4
Miami,4
Trois-Rivières,4
Saint-André,3
Sousse,3
Meknès,3
Agadir,3
Mons,3
Genappe,3
Yerres,3
Vitrolles,3
Vichy,3
Vaulx-en-Velin,3
Vannes,3
Toulon,3
Saint-Priest,3
Reims,3
Rambouillet,3
Perpignan,3
Pantin,3
Orgères,3
Neuilly-sur-Seine,3
Mantes-la-Jolie,3
Limoges,3
La Rochelle,3
La Madeleine,3
Istres,3
Houilles,3
Gap,3
Concarneau,3
Ciboure,3
Choisy-le-Roi,3
Châtenay-Malabry,3
Châteaubourg,3
Brest,3
Bourg-Saint-Andéol,3
Boulogne-Billancourt,3
Belfort,3
Bailly,3
Antony,3
Anglet,3
Port-au-Prince,3
Toronto,3
Bria,2
N/A,2
Mamoudzou,2
Saint-Paul,2
Saint-Denis,2
Una,2
Mumbai,2
Samarinda,2
Osaka,2
Sydney,2
Melbourne,2
Bobo-Dioulasso,2
Abomey-Calavi,2
Mouila,2
Mayumba,2
Tlemcen,2
Blida,2
Annaba,2
Fès,2
Copenhagen,2
Vevey,2
Meyrin,2
Utrecht,2
Uccle,2
Namur,2
Evere,2
Écaussinnes-d'Enghien,2
Köln,2
Wisches,2
Wambrechies,2
Viry-Châtillon,2
Vincennes,2
Villeneuve-Saint-Georges,2
Vénissieux,2
N/A,2
Tréal,2
Trappes,2
Thonon-les-Bains,2
Thionville,2
Taverny,2
Sotteville-lès-Rouen,2
Serris,2
Sceaux,2
Salon-de-Provence,2
Saint-Nom-la-Bretêche,2
N/A,2
Saint-Germain-en-Laye,2
Saint-Georges-de-Noisné,2
Saint-Gély-du-Fesc,2
Saint-Étienne,2
Saintes,2
Sainte-Luce-sur-Loire,2
Saint-Brieuc,2
Sain-Bel,2
Royan,2
Rouen,2
Questembert,2
Pontarmé,2
Pertuis,2
Périgueux,2
Paimpol,2
Noisy-le-Sec,2
Niort,2
Nîmes,2
Nilvange,2
Nancy,2
Morienval,2
Montfavet,2
Montereau-Fault-Yonne,2
Metz,2
Mennetou-sur-Cher,2
Marigny,2
Louviers,2
Loudéac,2
Lormont,2
Longwy,2
L'Île-Bouchard,2
Libourne,2
Les Mureaux,2
Le Plessis-Robinson,2
Le Mans,2
La Garenne-Colombes,2
Jouy-en-Josas,2
Ivry-sur-Seine,2
Illkirch-Graffenstaden,2
Hérouville-Saint-Clair,2
Gouesnou,2
Giraumont,2
Genas,2
Gagny,2
Faverolles-sur-Cher,2
Faulquemont,2
Étauliers,2
Ermont,2
Épinay-sous-Sénart,2
Draveil,2
Dabo,2
Croix,2
Commelle,2
Colombelles,2
Colmar,2
Clichy-sous-Bois,2
Clamart,2
Chartres,2
Champigny-sur-Marne,2
Cergy,2
Cenon,2
Castres,2
Carvin,2
Cannes,2
Cambrai,2
Bron,2
Brétigny-sur-Orge,2
Bourges,2
Blanquefort,2
Bessèges,2
Beaulieu-sur-Layon,2
Bagnols-sur-Cèze,2
Madrid,2
Barcelona,2
Olbia,2
São João de Meriti,2
Belo Horizonte,2
Tijuana,2
Dallas,2
New York City,2
Kanata,2
Villeneuve-d'Ascq,2
Bourgoin-Jallieu,2
Mohali,2
N/A,2
Kampala,1
Ankara,1
Cairo,1
N/A,1
Vilnius,1
Bucharest,1
Istanbul,1
Moroni,1
Lubumbashi,1
Port Louis,1
Toamasina,1
Raipur,1
New Delhi,1
Delhi,1
Omsk,1
Bangkok,1
Surabaya,1
Taipei,1
Zhengzhou,1
Shanghai,1
Guangzhou,1
Beijing,1
Hong Kong,1
Chinch'ŏn,1
N/A,1
Nouméa,1
N/A,1
Djambala,1
Lisbon,1
Grand-Bassam,1
Accra,1
Tenkodogo,1
Nouakchott,1
Porto-Novo,1
Kandi,1
Niamey,1
Sfax,1
Radès,1
Manouba,1
Ben Arous,1
Ariana,1
N/A,1
N/A,1
Oran,1
N/A,1
Constantine,1
Akbou,1
