name,version,visitors
Windows,10,464659
Mac,10.15,45266
Android,10,24173
GNU/Linux,(not set),7532
Chrome OS,14541.0,4439
iOS,18.7,3650
iOS,26.2,1970
Windows,7,1839
Ubuntu,(not set),1535
iOS,18.6,1033
Mac,10.13,941
Android,15,646
Android,12,496
Android,13,461
Android,16,455
iOS,18.5,450
Android,14,376
Windows,8.1,329
Android,11,322
iOS,16.7,214
Windows,XP,200
iOS,18.3,169
iOS,26.1,153
Android,9,132
iOS,17.6,130
iOS,26.3,124
Chrome OS,14816.131,117
iOS,18.1,111
Android,8.1,102
iOS,26.0,100
iOS,15.8,96
iOS,18.4,86
HarmonyOS,(not set),85
Windows,8,54
Mac,10.12,50
iOS,17.5,49
iOS,18.2,47
Android,6.0,47
Mac,10.14,41
(not set),(not set),38
iOS,18.0,36
iOS,17.4,34
Mac,10.11,29
iOS,17.1,29
Chrome OS,14092.77,25
iOS,16.1,24
iOS,14.8,23
Windows,Server 2003,23
iOS,14.5,21
iOS,17.3,20
HarmonyOS,3.0,20
Fire OS,8,19
iOS,12.5,18
iOS,15.0,18
iOS,14.3,17
iOS,16.6,17
iOS,17.0,17
iOS,17.7,17
Android,5.1,17
iOS,15.1,16
iPadOS,17.7,16
Windows,(not set),14
HarmonyOS,2.2,14
Fire OS,7,14
Android,7.1,13
iOS,16.3,12
Android,8.0,12
iOS,15.6,11
iPadOS,15.8,11
iPadOS,16.3,11
iPadOS,16.7,11
iOS,16.0,10
Android,7.0,10
Android,(not set),9
Mac,10.9,9
Chrome OS,12239.92,9
iOS,16.2,9
Mac,10.10,8
iOS,16.5,8
iOS,10.3,7
Mac,(not set),6
iOS,17.2,6
Android,4.4,6
Windows,Vista,6
iOS,15.4,5
iOS,16.4,5
iPadOS,17.6,5
PlayStation,5.12,5
iOS,13.2,4
Chrome OS,13597.84,4
iOS,19.0,4
PlayStation,4.13,4
iOS,4.3,4
Tizen,9.0,4
Fedora,(not set),3
Mac,10.16,3
Mac,10.8,3
iOS,14.0,3
iOS,14.6,3
Chrome OS,14695.107,3
Chrome OS,14989.107,3
iOS,15.5,3
iOS,15.7,3
iPadOS,17.4,3
iPadOS,17.5,3
Debian,(not set),2
iOS,(not set),2
Mac,10.3,2
Android TV,11,2
iOS,11.0,2
Android,11.1,2
Android,12.1,2
iOS,12.2,2
Chrome OS,12105.100,2
Chrome OS,12371.89,2
Mac,13.2,2
iOS,13.4,2
Chrome OS,13904.97,2
Ubuntu,14.04,2
Mac,14.7,2
iPadOS,14.8,2
Chrome OS,14388.61,2
Chrome OS,14588.123,2
iOS,15.2,2
Mac,15.6,2
iPadOS,16.1,2
iPadOS,16.5,2
iPadOS,17.3,2
Android,4.0,2
Fire OS,5,2
Tizen,5.0,2
Windows,NT,2
Fire OS,(not set),1
Raspberry Pi OS,(not set),1
UOS,(not set),1
BlackBerry OS,10.0,1
Android,11.0,1
iOS,13.0,1
iPadOS,13.7,1
Chrome OS,13099.85,1
Mac,14.0,1
iOS,14.2,1
iOS,14.7,1
Chrome OS,14816.17,1
Chrome OS,14989.85,1
Mac,15.0,1
iOS,15.3,1
iPadOS,16.6,1
iPadOS,17.0,1
KaiOS,2.5,1
Android,5.0,1
Fire OS,6,1
Tizen,6.5,1
Tizen,7.0,1
Android TV,9,1
iOS,9.0,1
