name,visitors,pageviews,bounce_rate,time_on_page,scroll_depth
/pt-br/latest/tutorials/installing-packages/,24,26,80,29,39
/pt-br/latest/guides/installing-using-pip-and-virtual-environments/,11,12,88,33,49
/pt-br/latest/,5,6,0,10,50
/pt-br/latest/guides/writing-pyproject-toml/,4,4,50,39,56
/pt-br/latest/tutorials/packaging-projects/,4,5,100,26,38
/pt-br/latest/discussions/setup-py-deprecated/,3,1,100,,
/pt-br/latest/guides/,3,3,100,,
/pt-br/latest/overview/,3,3,100,,
/pt-br/latest/discussions/package-formats/,2,2,100,,
/pt-br/latest/glossary/,2,1,0,15,90
/pt-br/latest/guides/distributing-packages-using-setuptools/,2,2,100,10,21
/pt-br/latest/guides/tool-recommendations/,2,2,0,6,27
/pt-br/latest/specifications/platform-compatibility-tags/,2,2,100,7,62
/pt-br/latest/tutorials/managing-dependencies/,2,2,0,,
/pt-br/latest/guides/creating-and-discovering-plugins/,1,1,100,72,100
/pt-br/latest/guides/hosting-your-own-index/,1,1,100,,
/pt-br/latest/guides/installing-scientific-packages/,1,1,0,5,19
/pt-br/latest/guides/installing-stand-alone-command-line-tools/,1,1,0,3,23
/pt-br/latest/guides/installing-using-linux-tools/,1,1,100,15,100
/pt-br/latest/guides/packaging-binary-extensions/,1,2,0,14,71
/pt-br/latest/guides/packaging-namespace-packages/,1,1,100,2,100
/pt-br/latest/key_projects/,1,1,0,,
/pt-br/latest/specifications/recording-installed-packages/,1,1,100,,
/pt-br/latest/specifications/section-reproducible-environments/,1,1,100,,
/pt-br/latest/specifications/version-specifiers/,1,1,0,1,4
/pt-br/latest/tutorials/,1,1,0,3,100
