name,visitors,bounce_rate,visit_duration
google.com,1439,80,175
Direct / None,757,64,301
bing.com,146,79,183
search.brave.com,67,77,262
google.fr,51,69,376
chatgpt.com,41,46,407
qwant.com,38,59,1405
duckduckgo.com,37,65,464
ecosia.org,35,79,52
python.org,35,0,207
openclassrooms.com,34,88,65
fr.search.yahoo.com,8,86,19
moodle.unil.ch,4,25,165
statics.teams.cdn.office.net,4,100,0
bing.com/search,3,67,2
perplexity.ai,3,33,14
realpython.com,3,0,66
udemy.com,3,100,0
developpez.net,2,50,260
fsg-pax-p-jhn01.pax.ulaval.ca,2,50,491
google.ru,2,0,16
python.sdv.u-paris.fr,2,100,0
walibi.com.fr,2,50,14
wiki.python.org,2,100,0
127.0.0.1,1,0,58
baidu.com,1,100,0
baidu.com/link,1,100,0
breakintoai.fr,1,100,0
cn.bing.com,1,100,0
codecademy-enterprise.percipio.com,1,0,2386
copilot.microsoft.com,1,100,0
cours.daeu-sonate.fr,1,100,0
discuss.afpy.org,1,100,0
docs.scrapy.org/en/latest/intro/tutorial.html,1,0,0
ensip.gitlab.io,1,0,33
forum.arduino.cc,1,100,0
foucherconnect.fr,1,100,0
gstatic.com,1,100,0
help.agi.com,1,0,900
learn.eslsca-paris.com,1,100,0
m.baidu.com,1,100,0
m.baidu.com/from=1001192y/bd_page_type=1/ssid=0/uid=0/pu=usm%401%2Csz%401320_1001%2Cta%40iphone_2_10.0_28_16.0/baiduid=37D70C2567371194EE213B848816D1FF/w=0_10_/t=iphone/l=1/tc,1,0,0
m.baidu.com/from=1019311v/bd_page_type=1/ssid=0/uid=0/pu=usm%400%2Csz%401320_1001%2Cta%40iphone_2_15.0_19_24.9/baiduid=1A591C57EA4CDF7813E9373F368F9B10/w=0_10_/t=iphone/l=1/tc,1,100,0
math93.com,1,100,0
matplotlib.org,1,0,219
mycourses.ieseg.fr,1,100,0
openvibe.inria.fr,1,100,0
python.sdv.univ-paris-diderot.fr,1,100,0
rfidiot.org,1,0,451
schooding.fr,1,100,0
search.lilo.org,1,67,206
sites.google.com,1,100,0
sphinx-doc.org/en/master,1,0,0
unil.login.eduid.ch,1,0,28
youcare.world,1,100,0
youtube.com,1,100,0
zdnet.fr,1,0,141
