name,visitors,bounce_rate,visit_duration
Direct / None,3734,70,213
google.com,613,78,407
python.org,209,79,234
bing.com,76,76,336
peps.python.org,62,87,174
bth.inspera.no,58,46,122
classroom.google.com,50,28,1162
duckduckgo.com,46,67,416
campus110.unad.edu.co,43,77,47
practicum.yandex.ru,36,92,110
baidu.com/link,25,81,326
google.com.hk,24,88,690
cn.bing.com,18,80,174
chatgpt.com,14,67,31
github.com/python/peps/blob/main/peps/pep-0693.rst,9,75,24
yandex.ru,8,50,120
android-app://com.google.android.gm,7,14,42
search.brave.com,7,100,45
github.com,6,80,12
qiita.com,6,100,477
statics.teams.cdn.office.net,6,100,0
doubao.com,5,86,54
qwant.com,5,0,1846
search.yahoo.com,5,60,187
colab.research.google.com,4,75,196
ecosia.org,4,0,934
pypi.org,4,100,35
wiki.python.org,4,0,1016
baidu.com,3,100,0
google.fr,3,0,1107
kagi.com,3,100,339
mail.google.com,3,0,522
practicum.yandex.com,3,67,2
psicode.org,3,100,0
tuwel.tuwien.ac.at,3,33,711
cloud.google.com,2,100,0
code-campus.at,2,50,26
confluence.samsungds.net,2,50,1558
es.search.yahoo.com,2,0,654
gemini.google.com,2,100,1508
github.com/growexx/public_documents/blob/maindev/README.md,2,0,10133
google.com.tw,2,100,0
jira.purestorage.com,2,100,0
k2.skema.edu,2,100,0
kitt.lewagon.com,2,67,491
lrps.wgu.edu,2,100,0
m.baidu.com/from=1001703a/bd_page_type=1/ssid=0/uid=0/pu=usm%402%2Csz%401320_1001%2Cta%40iphone_2_12.0_18_40.10/baiduid=472849E57F375432F6757BF452B21433/w=0_10_/t=iphone/l=1/tc,2,0,486
m.baidu.com/from=1015011n/bd_page_type=1/ssid=0/uid=0/pu=usm%403%2Csz%401320_1001%2Cta%40iphone_2_16.0_24_137.0/baiduid=89D62BBE59B31FBA4CF000474F3E6802/w=0_10_/t=iphone/l=1/tc,2,0,190
mooc1.chaoxing.com/ananas/modules/zt/hyperlink/index-pc.html,2,100,0
noai.duckduckgo.com,2,100,0
notebooks.githubusercontent.com,2,100,0
opstike-an1c.srv.ygles-test.com,2,0,27
pypdf.readthedocs.io/en/stable/modules/PdfReader.html,2,100,0
search.yahoo.co.jp,2,100,77
udemy.com,2,0,402
weirenwu.baidu.com,2,0,958
yuque.com,2,100,0
10.133.132.33,1,100,0
118.202.207.180,1,100,0
advanced.python.training.aubrune.eu,1,100,0
aiacademy.jp,1,0,14
android-app://com.google.android.googlequicksearchbox,1,100,0
app.raindrop.io,1,100,0
aulavirtual.iesthosicodina.cat,1,100,0
aws.amazon.com,1,100,0
chat.baidu.com,1,0,1855
codecademy.cn,1,0,52
confluence.endava.com,1,100,0
confluence.zvq.me,1,100,0
cs.cornell.edu,1,100,0
devdocs.io,1,100,0
dive.cs.cityu.edu.hk,1,100,0
do1.dr-chuck.com,1,0,8
docs.astral.sh,1,100,0
docs.mikealmel.ooo,1,0,211
docs.pytest.org/en/stable/reference/reference.html,1,0,2459
enghub.gs.com/happy-path/python/docs/concepts/python-versions,1,100,0
fdasrsf-python.readthedocs.io/en/latest/time_warping.html,1,100,0
formacionpermanente.cursosvirtuales.uned.es,1,100,0
github.com/devopshq/artifactory/issues/430,1,100,0
github.com/orimarselasirg/VSCodeAndPythonStart/blob/main/README_Instalacion_Python_Ubuntu.md,1,0,1107
github.com/pdfarranger/pdfarranger/issues/989,1,100,0
github.com/ru-python-beginners/faq,1,0,30
github.com/scikit-hep/pyhf/issues/2454,1,100,0
github.com/zdai399/python,1,100,0
google.com.au,1,0,2013
google.ru,1,0,512
groups.google.com,1,100,0
habr.com/ru/companies/wunderfund/articles/700474,1,0,17
in.search.yahoo.com,1,0,24
inflab.jaas.datalab.tuwien.ac.at,1,0,3290
internalfb.com,1,100,0
jira.hq.bc,1,100,0
jupyter.org,1,0,184
jupyterhub-25.capsule.upmc.fr,1,0,256
l.facebook.com,1,100,0
link.csdn.net,1,0,27
link.juejin.cn,1,100,0
m.baidu.com,1,100,0
malaysia.search.yahoo.com,1,100,0
mastergroosha.github.io,1,0,51
me.sap.com,1,0,488
moodle.tum.de,1,100,0
ncc1.clients.dur.ac.uk,1,100,0
news.ycombinator.com,1,100,0
nypc.github.io,1,100,0
old.reddit.com/r/learnpython/comments/1l5wtps/uuid_v7_package,1,0,2311
powerpoint.officeapps.live.com,1,100,0
pucminas.instructure.com/courses/230808/modules/items/4964536,1,100,0
pyinstaller.org/en/stable/man/pyinstaller.html,1,0,803
pyo3.rs,1,0,136
pypdf.readthedocs.io/en/6.1.2/modules/PdfReader.html,1,0,0
pypdf.readthedocs.io/en/latest/modules/PageRange.html,1,100,0
pypdf.readthedocs.io/en/latest/modules/PdfReader.html,1,100,0
python-docs-theme-previews.readthedocs.io/en/latest,1,0,4
python-httpx.org,1,0,2
pyzmq.readthedocs.io,1,0,5147
qa.np-0000222.npause1.bakerhughes.com,1,100,0
realpython.com,1,100,0
reddit.com,1,0,1817
renpy.org/doc/html/changelog.html,1,0,8
ros2-tutorial.readthedocs.io/en/latest/service_servers_and_clients.html,1,100,0
runoob.com,1,0,1481
safe.menlosecurity.com,1,100,0
tool.sony.biz,1,0,276
uk.search.yahoo.com,1,100,0
weblab.tudelft.nl,1,0,68
youtube.com,1,0,4696
yuanbao.tencent.com,1,0,34
