name,version,visitors
Windows,10,23880
Mac,10.15,2659
GNU/Linux,(not set),877
Android,10,783
iOS,18.6,324
Android,15,265
Android,13,161
Android,14,157
Ubuntu,(not set),148
iOS,18.5,108
Android,12,106
HarmonyOS,3.0,102
Windows,7,99
Android,11,79
HarmonyOS,2.2,71
Chrome OS,14541.0,66
HarmonyOS,(not set),49
iOS,18.3,24
Android,9,21
Windows,8.1,17
iOS,18.1,16
Android,8.1,16
Chrome OS,14816.131,15
iOS,18.4,15
(not set),(not set),14
iOS,16.7,10
HarmonyOS,2.1,9
Android,6.0,9
Android,8.0,9
Windows,XP,9
iOS,15.6,7
iOS,17.3,7
iPadOS,17.7,7
Windows,Server 2003,7
iOS,17.6,6
iOS,16.1,5
iOS,17.2,5
iOS,18.2,5
Android,5.1,5
Windows,(not set),4
iOS,11.2,4
iOS,15.8,4
Android,16,3
iOS,17.4,3
iOS,18.0,3
iOS,26.0,3
Android,7.0,3
Mac,(not set),2
CentOS,(not set),2
UOS,(not set),2
Mac,10.13,2
Mac,10.14,2
iOS,13.6,2
iOS,15.5,2
iPadOS,15.6,2
iOS,16.3,2
iPadOS,16.7,2
iOS,17.7,2
Windows,8,2
Fire OS,8,2
FreeBSD,(not set),1
Mac,10.11,1
Mac,10.16,1
iOS,11.0,1
iOS,12.4,1
Android,13.0,1
iOS,14.2,1
iOS,14.4,1
Mac,14.6,1
Mac,14.7,1
iOS,14.8,1
iPadOS,15.3,1
iPadOS,15.7,1
iPadOS,15.8,1
iOS,16.0,1
iOS,16.2,1
iOS,16.4,1
iOS,16.5,1
iOS,17.5,1
Fire OS,7,1
Windows,Vista,1
