property,value,visitors,events,percentage
url,(none),94287,173279,99.8
url,https://www.python.org/,873,929,0.9
url,https://github.com/python/cpython/tree/3.14/Lib/idlelib/,203,240,0.2
url,https://www.python.org/downloads/,191,196,0.2
url,https://tkdocs.com/,119,131,0.1
url,https://docs.python.org/3/archives/python-3.14-docs-html.zip,106,109,0.1
url,https://wiki.python.org/moin/BeginnersGuide,79,84,0.1
url,https://docs.python.org/3/archives/python-3.14-docs-text.zip,67,73,0.1
url,https://apps.microsoft.com/detail/9NQ7512CXL7T,63,66,0.1
url,https://www.tkdocs.com/shipman/,61,67,0.1
url,https://pypi.org/,57,61,0.1
url,https://docs.python.org/3/archives/python-3.14-docs.epub,55,61,0.1
url,https://github.com/python/cpython/tree/3.14/Lib/tkinter/__init__.py,55,60,0.1
url,https://www.tcl.tk/man/tcl8.6/TkCmd/contents.htm,44,52,0.0
url,https://github.com/python/cpython/tree/3.14/Lib/turtle.py,40,43,0.0
url,https://mypy.readthedocs.io/en/stable/cheat_sheet_py3.html,36,38,0.0
url,https://peps.python.org/pep-0745/,35,36,0.0
url,https://packaging.python.org/en/latest/tutorials/packaging-projects/,33,35,0.0
url,https://www.python.org/doc/versions/,29,30,0.0
url,https://devguide.python.org/documentation/start-documenting/#building-the-documentation,25,26,0.0
url,https://docs.python.org/3/archives/python-3.14-docs-html.tar.bz2,23,26,0.0
url,https://peps.python.org/,23,23,0.0
url,https://www.python.org/downloads/macos/,23,24,0.0
url,https://packaging.python.org/guides/installing-using-pip-and-virtual-environments/#create-and-use-virtual-environments,22,22,0.0
url,https://docs.python.org/3/archives/python-3.14-docs-texinfo.zip,21,21,0.0
url,https://devguide.python.org/,19,19,0.0
url,https://en.wikipedia.org/wiki/Turtle_(robot),19,20,0.0
url,https://github.com/python/cpython/tree/3.14/Lib/idlelib,19,21,0.0
url,https://github.com/python/cpython/tree/3.14/Lib/random.py,19,20,0.0
url,https://packaging.python.org/en/latest/tutorials/installing-packages/#ensure-pip-setuptools-and-wheel-are-up-to-date,19,19,0.0
url,https://briefcase.readthedocs.io/,18,22,0.0
url,https://www.python.org/downloads/android/,18,19,0.0
url,https://docs.python.org/3/archives/python-3.14-docs-texinfo.tar.bz2,16,16,0.0
url,https://wiki.python.org/moin/PythonBooks,16,18,0.0
url,https://www.packtpub.com/en-us/product/python-gui-programming-with-tkinter-9781788835886,16,16,0.0
url,https://github.com/python/cpython/tree/3.14/Lib/venv/,15,16,0.0
url,https://packaging.python.org/,15,15,0.0
url,https://packaging.python.org/extensions/,15,17,0.0
url,https://peps.python.org/pep-0703/,15,16,0.0
url,https://termux.dev/en/,15,16,0.0
url,https://github.com/python/cpython/tree/3.14/Lib/datetime.py,13,13,0.0
url,https://packaging.python.org/installing/#creating-virtual-environments,13,14,0.0
url,https://peps.python.org/pep-0492/,13,14,0.0
url,https://docs.python.org/3/archives/python-3.14-docs-text.tar.bz2,12,12,0.0
url,https://github.com/python/cpython/tree/3.14/Lib/http/server.py,12,12,0.0
url,https://peps.python.org/pep-0636/,12,13,0.0
url,https://www.tcl.tk/,12,13,0.0
url,https://cibuildwheel.pypa.io/en/stable/platforms/#android,11,11,0.0
url,https://github.com/python/cpython/tree/3.14/Lib/pathlib/,11,11,0.0
url,https://packaging.python.org/science/,11,11,0.0
url,https://pypi.org/project/DateType/,11,11,0.0
url,https://learning-python.com/about-pp4e.html,10,10,0.0
url,https://www.youtube.com/watch?v=Xbl7XjFYsN4&list=PLhNSoGM2ik6SIkVGXWBwerucXjgP1rHmB,10,11,0.0
url,https://github.com/python/cpython/tree/3.14/Lib/sqlite3/,9,10,0.0
url,https://github.com/python/cpython/tree/3.14/Lib/webbrowser.py,9,9,0.0
url,https://peps.python.org/pep-0484/,9,9,0.0
url,https://peps.python.org/pep-0526/,9,9,0.0
url,https://peps.python.org/pep-0649/,9,9,0.0
url,https://www.sphinx-doc.org/,9,12,0.0
url,https://buildozer.readthedocs.io/,8,8,0.0
url,https://github.com/python/cpython/tree/3.14/Lib/dataclasses.py,8,8,0.0
url,https://github.com/python/cpython/tree/3.14/Lib/heapq.py,8,9,0.0
url,https://github.com/python/cpython/tree/3.14/Lib/multiprocessing/,8,8,0.0
url,https://github.com/python/cpython/tree/3.14/Lib/socket.py,8,8,0.0
url,https://github.com/python/cpython/tree/3.14/Lib/string.py,8,9,0.0
url,https://peps.python.org/pep-0343/,8,8,0.0
url,https://peps.python.org/pep-0594/,8,9,0.0
url,https://tiswww.case.edu/php/chet/readline/rltop.html,8,8,0.0
url,https://www.debian.org/doc/manuals/maint-guide/first.en.html,8,8,0.0
url,https://www.sqlite.org/,8,8,0.0
url,https://dateutil.readthedocs.io/en/stable/,7,7,0.0
url,https://docs.python.org/zh-cn/3/archives/python-3.14-docs-text.zip,7,7,0.0
url,https://docs.python.org/zh-cn/3/archives/python-3.14-docs.epub,7,8,0.0
url,https://github.com/python/cpython/tree/3.14/Lib/argparse.py,7,8,0.0
url,https://github.com/python/cpython/tree/3.14/Lib/calendar.py,7,9,0.0
url,https://github.com/python/cpython/tree/3.14/Lib/os.py,7,7,0.0
url,https://github.com/python/cpython/tree/3.14/Lib/re/,7,7,0.0
url,https://packaging.python.org/installing/,7,8,0.0
url,https://packaging.python.org/installing/#requirements-for-installing-packages,7,17,0.0
url,https://peps.python.org/pep-0634/,7,7,0.0
url,https://tkdocs.com/book.html,7,9,0.0
url,https://wiki.tcl-lang.org/37432,7,8,0.0
url,https://www.cwi.nl/,7,11,0.0
url,https://www.python.org/psf/donations/,7,7,0.0
url,https://www.unicode.org/versions/Unicode16.0.0/core-spec/chapter-3/#G33992,7,7,0.0
url,https://www.w3schools.com/sql/,7,7,0.0
url,https://aosabook.org/en/500L/a-web-crawler-with-asyncio-coroutines.html,6,6,0.0
url,https://docs.python.org/zh-cn/3/archives/python-3.14-docs-html.zip,6,7,0.0
url,https://github.com/python/cpython/tree/3.14/Lib/copy.py,6,6,0.0
url,https://github.com/python/cpython/tree/3.14/Lib/csv.py,6,6,0.0
url,https://github.com/python/cpython/tree/3.14/Lib/logging/__init__.py,6,6,0.0
url,https://github.com/python/cpython/tree/3.14/Lib/typing.py,6,6,0.0
url,https://peps.python.org/pep-0305/,6,6,0.0
url,https://peps.python.org/pep-0632/#migration-advice,6,6,0.0
url,https://www.python.org/psf/,6,7,0.0
url,https://www.riverbankcomputing.com/static/Docs/pyqtdeploy/,6,6,0.0
url,https://en.wikipedia.org/wiki/Cursor_(databases),5,7,0.0
url,https://en.wikipedia.org/wiki/Timsort,5,5,0.0
url,https://github.com/python/cpython/tree/3.14/Android/README.md,5,8,0.0
url,https://github.com/python/cpython/tree/3.14/Android/testbed,5,8,0.0
url,https://github.com/python/cpython/tree/3.14/Lib/functools.py,5,6,0.0
url,https://github.com/python/cpython/tree/3.14/Lib/hashlib.py,5,5,0.0
url,https://github.com/python/cpython/tree/3.14/Lib/json/__init__.py,5,5,0.0
url,https://github.com/python/cpython/tree/3.14/Lib/subprocess.py,5,5,0.0
url,https://invisible-island.net/ncurses/ncurses-intro.html,5,5,0.0
url,https://opensource.org/,5,5,0.0
url,https://peps.python.org/pep-0749/,5,5,0.0
url,https://peps.python.org/pep-3107/,5,5,0.0
url,https://py-free-threading.github.io/tracking/,5,5,0.0
url,https://pypi.org/project/tomlkit/,5,6,0.0
url,https://requests.readthedocs.io/en/latest/,5,5,0.0
url,https://requests.readthedocs.io/en/master/,5,5,0.0
url,https://toml.io/en/,5,5,0.0
url,https://www.python.org/downloads/source/,5,5,0.0
url,https://www.tkdocs.com/,5,5,0.0
url,http://www.math.sci.hiroshima-u.ac.jp/~m-mat/MT/MT2002/emt19937ar.html,4,4,0.0
url,https://cython.org/,4,4,0.0
url,https://datatracker.ietf.org/doc/html/rfc4180.html,4,4,0.0
url,https://datatracker.ietf.org/doc/html/rfc4648.html,4,5,0.0
url,https://devguide.python.org/documentation/help-documenting/,4,5,0.0
url,https://en.wikipedia.org/wiki/Cartesian_product,4,4,0.0
url,https://en.wikipedia.org/wiki/Thread_(computing),4,4,0.0
url,https://en.wikipedia.org/wiki/Universal_binary,4,4,0.0
url,https://github.com/anordin95/a-conceptual-overview-of-asyncio/tree/main,4,4,0.0
url,https://github.com/python/cpython/blob/main/Doc/tutorial/index.rst?plain=1,4,4,0.0
url,https://github.com/python/cpython/tree/3.14/Lib/collections/__init__.py,4,5,0.0
url,https://github.com/python/cpython/tree/3.14/Lib/secrets.py,4,4,0.0
url,https://github.com/python/cpython/tree/3.14/Lib/tkinter/font.py,4,4,0.0
url,https://github.com/python/cpython/tree/3.14/Lib/urllib/,4,4,0.0
url,https://github.com/python/cpython/tree/3.14/Lib/urllib/parse.py,4,6,0.0
url,https://github.com/python/cpython/tree/3.14/Lib/zipfile/,4,4,0.0
url,https://github.com/python/python-docs-theme,4,4,0.0
url,https://json.org/,4,4,0.0
url,https://mypy.readthedocs.io/en/stable/index.html,4,4,0.0
url,https://peps.python.org/pep-0008/,4,4,0.0
url,https://peps.python.org/pep-0249/,4,4,0.0
url,https://peps.python.org/pep-0324/,4,4,0.0
url,https://peps.python.org/pep-0342/,4,4,0.0
url,https://peps.python.org/pep-0405/,4,4,0.0
url,https://peps.python.org/pep-0612/,4,5,0.0
url,https://pypi.org/project/legacy-cgi/,4,4,0.0
url,https://pypi.org/project/regex/,4,4,0.0
url,https://pypi.org/project/tomli-w/,4,4,0.0
url,https://setuptools.pypa.io/en/latest/setuptools.html,4,4,0.0
url,https://typing.python.org/en/latest/,4,4,0.0
url,https://webassembly.org/,4,4,0.0
url,https://www.jython.org/,4,4,0.0
url,https://www.unicode.org/,4,5,0.0
url,https://yaml.org/,4,4,0.0
url,https://beeware.org/,3,3,0.0
url,https://brew.sh/,3,3,0.0
url,https://chaquo.com/chaquopy,3,3,0.0
url,https://core.tcl.tk/tips/doc/trunk/tip/48.md,3,3,0.0
url,https://datatracker.ietf.org/doc/html/rfc9562.html,3,3,0.0
url,https://en.wikipedia.org/wiki/Billion_laughs,3,3,0.0
url,https://en.wikipedia.org/wiki/Memoization,3,3,0.0
url,https://github.com/python/cpython/tree/3.14/Android/testbed/app/src/main/java/org/python/testbed/MainActivity.kt,3,3,0.0
url,https://github.com/python/cpython/tree/3.14/Grammar/python.gram,3,4,0.0
url,https://github.com/python/cpython/tree/3.14/Lib/asyncio/events.py,3,3,0.0
url,https://github.com/python/cpython/tree/3.14/Lib/base64.py,3,3,0.0
url,https://github.com/python/cpython/tree/3.14/Lib/email/__init__.py,3,3,0.0
url,https://github.com/python/cpython/tree/3.14/Lib/ensurepip,3,3,0.0
url,https://github.com/python/cpython/tree/3.14/Lib/enum.py,3,3,0.0
url,https://github.com/python/cpython/tree/3.14/Lib/html/__init__.py,3,3,0.0
url,https://github.com/python/cpython/tree/3.14/Lib/site.py,3,3,0.0
url,https://github.com/python/cpython/tree/3.14/Lib/socketserver.py,3,3,0.0
url,https://github.com/python/cpython/tree/3.14/Lib/threading.py,3,3,0.0
url,https://github.com/python/cpython/tree/3.14/Lib/unittest/__init__.py,3,3,0.0
url,https://github.com/python/cpython/tree/3.14/Lib/xml/etree/ElementTree.py,3,3,0.0
url,https://kivy.org/,3,3,0.0
url,https://learn.microsoft.com/en-us/windows/win32/intl/locale-names,3,4,0.0
url,https://numpy.org/,3,3,0.0
url,https://peps.python.org/pep-0434/,3,3,0.0
url,https://peps.python.org/pep-0498/,3,3,0.0
url,https://peps.python.org/pep-0557/,3,3,0.0
url,https://peps.python.org/pep-0572/,3,3,0.0
url,https://peps.python.org/pep-0695/,3,3,0.0
url,https://peps.python.org/pep-0744/,3,3,0.0
url,https://peps.python.org/pep-0750/,3,3,0.0
url,https://peps.python.org/pep-3149/,3,3,0.0
url,https://peps.python.org/pep-3155/,3,3,0.0
url,https://pkware.cachefly.net/webdocs/casestudies/APPNOTE.TXT,3,3,0.0
url,https://py-free-threading.github.io/installing-cpython/,3,3,0.0
url,https://pypi.org/project/UniCurses/,3,3,0.0
url,https://pypi.org/project/pip/,3,3,0.0
url,https://pypi.org/project/telnetlib3/,3,3,0.0
url,https://typing.python.org/en/latest/spec/index.html,3,3,0.0
url,https://wiki.python.org/moin/GuiProgramming,3,4,0.0
url,https://www.jsonrpc.org/,3,3,0.0
url,https://www.sqlite.org/schematab.html,3,4,0.0
url,https://www.unicode.org/reports/tr44/tr44-34.html#General_Category_Values,3,3,0.0
url,https://www.w3.org/TR/xpath,3,3,0.0
url,https://cffi.readthedocs.io/,2,2,0.0
url,https://cwe.mitre.org/data/definitions/257.html,2,2,0.0
url,https://datatracker.ietf.org/doc/html/rfc2821.html,2,2,0.0
url,https://datatracker.ietf.org/doc/html/rfc9562.html#section-5.5,2,2,0.0
url,https://devguide.python.org/documentation/translating/,2,2,0.0
url,https://devguide.python.org/getting-started/setup-building/#install-dependencies,2,3,0.0
url,https://devguide.python.org/setup/,2,2,0.0
url,https://docs.python.org/tr/3/archives/python-3.14-docs-html.zip,2,2,0.0
url,https://emscripten.org/docs/porting/networking.html,2,2,0.0
url,https://en.opensuse.org/Portal:Packaging,2,2,0.0
url,https://en.wikipedia.org/wiki/C11_(C_standard_revision)#Optional_features,2,2,0.0
url,https://en.wikipedia.org/wiki/Database_transaction,2,3,0.0
url,https://en.wikipedia.org/wiki/Error_function,2,2,0.0
url,https://en.wikipedia.org/wiki/Gamma_function,2,2,0.0
url,https://en.wikipedia.org/wiki/IEEE_754,2,2,0.0
url,https://en.wikipedia.org/wiki/SQL_injection,2,2,0.0
url,https://en.wikipedia.org/wiki/Walrus#/media/File:Pacific_Walrus_-_Bull_(8247646168).jpg,2,2,0.0
url,https://en.wikipedia.org/wiki/XML_namespace,2,2,0.0
url,https://facebook.github.io/zstd/doc/api_manual_latest.html,2,2,0.0
url,https://github.com/python/cpython/blob/main/Doc/bugs.rst?plain=1,2,2,0.0
url,https://github.com/python/cpython/blob/main/Doc/contents.rst?plain=1,2,2,0.0
url,https://github.com/python/cpython/blob/main/Doc/glossary.rst?plain=1,2,2,0.0
url,https://github.com/python/cpython/blob/main/Doc/library/functions.rst?plain=1,2,2,0.0
url,https://github.com/python/cpython/blob/main/Doc/library/idle.rst?plain=1,2,4,0.0
url,https://github.com/python/cpython/blob/main/Doc/library/index.rst?plain=1,2,2,0.0
url,https://github.com/python/cpython/blob/main/Doc/reference/simple_stmts.rst?plain=1,2,2,0.0
url,https://github.com/python/cpython/blob/main/Doc/tutorial/errors.rst?plain=1,2,2,0.0
url,https://github.com/python/cpython/blob/main/Doc/tutorial/inputoutput.rst?plain=1,2,2,0.0
url,https://github.com/python/cpython/blob/main/Doc/tutorial/modules.rst?plain=1,2,2,0.0
url,https://github.com/python/cpython/blob/main/Doc/tutorial/stdlib.rst?plain=1,2,2,0.0
url,https://github.com/python/cpython/issues/119180,2,2,0.0
url,https://github.com/python/cpython/tree/3.14/Android/testbed/app/build.gradle.kts,2,4,0.0
url,https://github.com/python/cpython/tree/3.14/Lib/ast.py,2,2,0.0
url,https://github.com/python/cpython/tree/3.14/Lib/asyncio/base_events.py,2,2,0.0
url,https://github.com/python/cpython/tree/3.14/Lib/asyncio/coroutines.py,2,2,0.0
url,https://github.com/python/cpython/tree/3.14/Lib/bisect.py,2,2,0.0
url,https://github.com/python/cpython/tree/3.14/Lib/cmd.py,2,2,0.0
url,https://github.com/python/cpython/tree/3.14/Lib/compression/zstd/__init__.py,2,2,0.0
url,https://github.com/python/cpython/tree/3.14/Lib/ctypes,2,2,0.0
url,https://github.com/python/cpython/tree/3.14/Lib/decimal.py,2,2,0.0
url,https://github.com/python/cpython/tree/3.14/Lib/difflib.py,2,2,0.0
url,https://github.com/python/cpython/tree/3.14/Lib/email/utils.py,2,2,0.0
url,https://github.com/python/cpython/tree/3.14/Lib/ftplib.py,2,2,0.0
url,https://github.com/python/cpython/tree/3.14/Lib/glob.py,2,2,0.0
url,https://github.com/python/cpython/tree/3.14/Lib/ipaddress.py,2,2,0.0
url,https://github.com/python/cpython/tree/3.14/Lib/logging/handlers.py,2,2,0.0
url,https://github.com/python/cpython/tree/3.14/Lib/numbers.py,2,2,0.0
url,https://github.com/python/cpython/tree/3.14/Lib/pdb.py,2,2,0.0
url,https://github.com/python/cpython/tree/3.14/Lib/tempfile.py,2,2,0.0
url,https://github.com/python/cpython/tree/3.14/Lib/tkinter/messagebox.py,2,2,0.0
url,https://github.com/python/cpython/tree/3.14/Lib/tkinter/simpledialog.py,2,2,0.0
url,https://github.com/python/cpython/tree/3.14/Lib/tomllib,2,2,0.0
url,https://github.com/python/cpython/tree/3.14/Lib/wave.py,2,2,0.0
url,https://github.com/python/cpython/tree/3.14/Lib/zipapp.py,2,2,0.0
url,https://grantjenks.com/docs/sortedcollections/,2,2,0.0
url,https://linux.die.net/man/3/ncurses,2,2,0.0
url,https://manpages.debian.org/fcntl(2),2,2,0.0
url,https://manpages.debian.org/recv(2),2,2,0.0
url,https://manpages.debian.org/termios(3),2,2,0.0
url,https://mathworld.wolfram.com/BinomialDistribution.html,2,2,0.0
url,https://packaging.python.org/en/latest/tutorials/installing-packages/,2,2,0.0
url,https://peps.python.org/pep-0001/,2,2,0.0
url,https://peps.python.org/pep-0007/,2,2,0.0
url,https://peps.python.org/pep-0227/,2,2,0.0
url,https://peps.python.org/pep-0236/,2,2,0.0
url,https://peps.python.org/pep-0238/,2,2,0.0
url,https://peps.python.org/pep-0292/,2,2,0.0
url,https://peps.python.org/pep-0362/,2,2,0.0
url,https://peps.python.org/pep-0428/,2,2,0.0
url,https://peps.python.org/pep-0443/,2,2,0.0
url,https://peps.python.org/pep-0453/,2,2,0.0
url,https://peps.python.org/pep-0489/,2,2,0.0
url,https://peps.python.org/pep-0506/,2,2,0.0
url,https://peps.python.org/pep-0525/,2,3,0.0
url,https://peps.python.org/pep-0563/,2,2,0.0
url,https://peps.python.org/pep-0567/,2,2,0.0
url,https://peps.python.org/pep-0570/,2,2,0.0
url,https://peps.python.org/pep-0574/,2,2,0.0
url,https://peps.python.org/pep-0585/,2,2,0.0
url,https://peps.python.org/pep-0646/,2,2,0.0
url,https://peps.python.org/pep-0667/,2,2,0.0
url,https://peps.python.org/pep-0768/,2,2,0.0
url,https://peps.python.org/pep-3141/,2,2,0.0
url,https://pypi.org/project/filetype/,2,2,0.0
url,https://pypi.org/project/more-itertools/,2,2,0.0
url,https://pypi.org/project/py2app/,2,2,0.0
url,https://pyvideo.org/,2,2,0.0
url,https://scipy.org/,2,2,0.0
url,https://sqlite.org/inmemorydb.html,2,2,0.0
url,https://typing.python.org/en/latest/guides/unreachable.html,2,2,0.0
url,https://wiki.python.org/moin/GuiProgramming#Cross-Platform_Frameworks,2,2,0.0
url,https://wiki.python.org/moin/IntegratedDevelopmentEnvironments,2,2,0.0
url,https://wiki.python.org/moin/PythonEditors,2,2,0.0
url,https://www.amazon.com/exec/obidos/ASIN/032133633X,2,2,0.0
url,https://www.anaconda.com/download/,2,2,0.0
url,https://www.britannica.com/science/permutation,2,2,0.0
url,https://www.open-std.org/jtc1/sc22/wg14/www/docs/n1256.pdf,2,2,0.0
url,https://www.python.org/doc/av/,2,2,0.0
url,https://www.sqlite.org/uri.html,2,2,0.0
url,https://www.tcl.tk/man/tcl8.6/TkCmd/ttk_button.htm,2,2,0.0
url,https://www.unicode.org/reports/tr15/#Norm_Forms,2,2,0.0
url,https://www.unicode.org/versions/Unicode16.0.0/core-spec/chapter-4/#G91002,2,2,0.0
url,https://www.zlib.net/,2,2,0.0
url,https://agileabstractions.com/,1,1,0.0
url,https://bpython-interpreter.org/,1,1,0.0
url,https://bugs.python.org/issue?@action=redirect&bpo=8844,1,1,0.0
url,https://codahale.com/a-lesson-in-timing-attacks/,1,1,0.0
url,https://code.activestate.com/recipes/576642-persistent-dict-with-multiple-standard-file-format/,1,1,0.0
