property,value,visitors,events,percentage
url,(none),181117,315119,99.8
url,https://www.python.org/,1224,1323,0.7
url,https://github.com/python/cpython/tree/3.14/Lib/idlelib/,311,355,0.2
url,https://www.python.org/downloads/,262,277,0.1
url,https://tkdocs.com/,153,160,0.1
url,https://docs.python.org/3/archives/python-3.14-docs-html.zip,121,127,0.1
url,https://github.com/python/cpython/tree/3.14/Lib/tkinter/__init__.py,118,137,0.1
url,https://wiki.python.org/moin/BeginnersGuide,108,113,0.1
url,https://apps.microsoft.com/detail/9NQ7512CXL7T,89,99,0.0
url,https://www.tcl.tk/man/tcl8.6/TkCmd/contents.htm,88,93,0.0
url,https://mypy.readthedocs.io/en/stable/cheat_sheet_py3.html,83,85,0.0
url,https://docs.python.org/3/archives/python-3.14-docs-text.zip,75,82,0.0
url,https://pypi.org/,75,76,0.0
url,https://www.tkdocs.com/shipman/,75,79,0.0
url,https://github.com/python/cpython/tree/3.14/Lib/turtle.py,69,76,0.0
url,https://docs.python.org/3/archives/python-3.14-docs.epub,64,67,0.0
url,https://github.com/python/cpython/tree/3.14/Lib/random.py,49,49,0.0
url,https://packaging.python.org/en/latest/tutorials/packaging-projects/,48,49,0.0
url,https://packaging.python.org/guides/installing-using-pip-and-virtual-environments/#create-and-use-virtual-environments,44,44,0.0
url,https://www.python.org/downloads/macos/,33,33,0.0
url,https://devguide.python.org/documentation/start-documenting/#building-the-documentation,32,33,0.0
url,https://www.python.org/doc/versions/,32,34,0.0
url,https://devguide.python.org/,31,31,0.0
url,https://packaging.python.org/,31,33,0.0
url,https://github.com/python/cpython/tree/3.14/Lib/datetime.py,30,33,0.0
url,https://github.com/python/cpython/tree/3.14/Lib/idlelib,30,40,0.0
url,https://peps.python.org/,29,29,0.0
url,https://peps.python.org/pep-0703/,29,31,0.0
url,https://github.com/python/cpython/tree/3.14/Lib/sqlite3/,27,31,0.0
url,https://peps.python.org/pep-0745/,27,27,0.0
url,https://docs.python.org/3/archives/python-3.14-docs-texinfo.zip,26,30,0.0
url,https://wiki.python.org/moin/PythonBooks,25,27,0.0
url,https://en.wikipedia.org/wiki/Turtle_(robot),24,24,0.0
url,https://peps.python.org/pep-0649/,24,27,0.0
url,https://pypi.org/project/telnetlib3/,24,24,0.0
url,https://github.com/python/cpython/tree/3.14/Lib/venv/,23,26,0.0
url,https://www.packtpub.com/en-us/product/python-gui-programming-with-tkinter-9781788835886,22,25,0.0
url,https://packaging.python.org/en/latest/tutorials/installing-packages/#ensure-pip-setuptools-and-wheel-are-up-to-date,21,21,0.0
url,https://requests.readthedocs.io/en/master/,21,22,0.0
url,https://www.tcl.tk/,20,21,0.0
url,https://github.com/python/cpython/tree/3.14/Lib/os.py,19,20,0.0
url,https://briefcase.readthedocs.io/,18,19,0.0
url,https://peps.python.org/pep-0749/,18,21,0.0
url,https://datatracker.ietf.org/doc/html/rfc9562.html#section-5.4,17,18,0.0
url,https://github.com/python/cpython/tree/3.14/Lib/copy.py,17,17,0.0
url,https://github.com/python/cpython/tree/3.14/Lib/heapq.py,17,20,0.0
url,https://peps.python.org/pep-0484/,17,17,0.0
url,https://github.com/python/cpython/tree/3.14/Lib/webbrowser.py,16,16,0.0
url,https://peps.python.org/pep-0526/,16,17,0.0
url,https://www.unicode.org/versions/Unicode16.0.0/core-spec/chapter-3/#G33992,16,17,0.0
url,https://docs.python.org/3/archives/python-3.14-docs-html.tar.bz2,15,15,0.0
url,https://packaging.python.org/installing/,15,27,0.0
url,https://peps.python.org/pep-0636/,15,16,0.0
url,https://pypi.org/project/tzdata/,15,16,0.0
url,https://tkdocs.com/book.html,15,18,0.0
url,https://www.youtube.com/watch?v=Xbl7XjFYsN4&list=PLhNSoGM2ik6SIkVGXWBwerucXjgP1rHmB,15,15,0.0
url,https://manpages.debian.org/recv(2),14,15,0.0
url,https://packaging.python.org/installing/#requirements-for-installing-packages,14,16,0.0
url,https://peps.python.org/pep-0563/,14,14,0.0
url,https://pypi.org/project/DateType/,14,14,0.0
url,https://requests.readthedocs.io/en/latest/,14,14,0.0
url,https://www.sphinx-doc.org/,14,15,0.0
url,https://www.sqlite.org/,14,15,0.0
url,https://brew.sh/,13,13,0.0
url,https://dateutil.readthedocs.io/en/stable/,13,13,0.0
url,https://en.wikipedia.org/wiki/Memoization,13,13,0.0
url,https://github.com/python/cpython/tree/3.14/Lib/re/,13,15,0.0
url,https://termux.dev/en/,13,13,0.0
url,https://www.debian.org/doc/manuals/maint-guide/first.en.html,13,13,0.0
url,https://discuss.python.org/t/37075,12,12,0.0
url,https://docs.python.org/3/archives/python-3.14-docs-text.tar.bz2,12,13,0.0
url,https://docs.python.org/zh-cn/3/archives/python-3.14-docs-html.zip,12,12,0.0
url,https://github.com/anordin95/a-conceptual-overview-of-asyncio/tree/main,12,12,0.0
url,https://github.com/python/cpython/tree/3.14/Lib/csv.py,12,14,0.0
url,https://github.com/python/cpython/tree/3.14/Lib/logging/__init__.py,12,13,0.0
url,https://github.com/python/cpython/tree/3.14/Lib/typing.py,12,12,0.0
url,https://peps.python.org/pep-0492/,12,12,0.0
url,https://peps.python.org/pep-0557/,12,12,0.0
url,https://peps.python.org/pep-0632/#migration-advice,12,12,0.0
url,https://peps.python.org/pep-3119/,12,12,0.0
url,https://www.python.org/downloads/android/,12,12,0.0
url,https://www.python.org/psf/donations/,12,12,0.0
url,https://datatracker.ietf.org/doc/html/rfc9562.html,11,11,0.0
url,https://github.com/python/cpython/tree/3.14/Lib/collections/__init__.py,11,11,0.0
url,https://github.com/python/cpython/tree/3.14/Lib/pickle.py,11,12,0.0
url,https://github.com/python/cpython/tree/3.14/Lib/socket.py,11,12,0.0
url,https://github.com/python/cpython/tree/3.14/Lib/unittest/__init__.py,11,12,0.0
url,https://opensource.org/,11,11,0.0
url,https://packaging.python.org/installing/#creating-virtual-environments,11,11,0.0
url,https://www.anaconda.com/download/,11,11,0.0
url,https://core.tcl.tk/tips/doc/trunk/tip/48.md,10,11,0.0
url,https://en.wikipedia.org/wiki/Cursor_(databases),10,10,0.0
url,https://github.com/python/cpython/tree/3.14/Lib/argparse.py,10,10,0.0
url,https://github.com/python/cpython/tree/3.14/Lib/difflib.py,10,12,0.0
url,https://github.com/python/cpython/tree/3.14/Lib/functools.py,10,10,0.0
url,https://github.com/python/cpython/tree/3.14/Lib/pathlib/,10,10,0.0
url,https://github.com/python/cpython/tree/3.14/Lib/urllib/parse.py,10,10,0.0
url,https://numpy.org/,10,11,0.0
url,https://packaging.python.org/science/,10,14,0.0
url,https://peps.python.org/pep-0585/,10,11,0.0
url,https://peps.python.org/pep-0594/,10,12,0.0
url,https://peps.python.org/pep-0615/,10,10,0.0
url,https://en.wikipedia.org/wiki/Cartesian_product,9,10,0.0
url,https://github.com/python/cpython/tree/3.14/Lib/dataclasses.py,9,9,0.0
url,https://github.com/python/cpython/tree/3.14/Lib/hashlib.py,9,10,0.0
url,https://github.com/python/cpython/tree/3.14/Lib/pprint.py,9,9,0.0
url,https://github.com/python/cpython/tree/3.14/Lib/string.py,9,9,0.0
url,https://github.com/python/cpython/tree/3.14/Lib/urllib/,9,9,0.0
url,https://github.com/python/cpython/tree/3.14/Lib/xml/etree/ElementTree.py,9,10,0.0
url,https://pypi.org/project/legacy-cgi/,9,9,0.0
url,https://github.com/python/cpython/tree/3.14/Grammar/python.gram,8,8,0.0
url,https://github.com/python/cpython/tree/3.14/Lib/asyncio/,8,9,0.0
url,https://github.com/python/cpython/tree/3.14/Lib/calendar.py,8,9,0.0
url,https://github.com/python/cpython/tree/3.14/Lib/http/server.py,8,8,0.0
url,https://github.com/python/cpython/tree/3.14/Lib/json/__init__.py,8,9,0.0
url,https://github.com/python/cpython/tree/3.14/Lib/logging/handlers.py,8,9,0.0
url,https://github.com/python/cpython/tree/3.14/Lib/shutil.py,8,8,0.0
url,https://github.com/python/cpython/tree/3.14/Lib/subprocess.py,8,8,0.0
url,https://github.com/python/cpython/tree/3.14/Lib/tkinter/messagebox.py,8,8,0.0
url,https://github.com/python/cpython/tree/3.14/Lib/tkinter/simpledialog.py,8,9,0.0
url,https://json.org/,8,8,0.0
url,https://peps.python.org/pep-0008/,8,10,0.0
url,https://peps.python.org/pep-0695/,8,8,0.0
url,https://pypi.org/project/regex/,8,8,0.0
url,https://toml.io/en/,8,8,0.0
url,https://typing.python.org/en/latest/spec/index.html,8,8,0.0
url,https://cibuildwheel.pypa.io/en/stable/platforms/#android,7,7,0.0
url,https://docs.python.org/zh-cn/3/archives/python-3.14-docs-text.zip,7,8,0.0
url,https://en.wikipedia.org/wiki/Leap_second,7,12,0.0
url,https://github.com/python/cpython/blob/main/Doc/tutorial/index.rst?plain=1,7,7,0.0
url,https://github.com/python/cpython/issues,7,8,0.0
url,https://github.com/python/cpython/issues/139810,7,8,0.0
url,https://github.com/python/cpython/tree/3.14/Lib/ctypes,7,7,0.0
url,https://github.com/python/cpython/tree/3.14/Lib/mimetypes.py,7,7,0.0
url,https://github.com/python/cpython/tree/3.14/Lib/operator.py,7,7,0.0
url,https://github.com/python/cpython/tree/3.14/Lib/pdb.py,7,7,0.0
url,https://github.com/python/cpython/tree/3.14/Lib/pydoc.py,7,7,0.0
url,https://github.com/python/cpython/tree/3.14/Lib/smtplib.py,7,12,0.0
url,https://github.com/python/cpython/tree/3.14/Lib/tomllib,7,7,0.0
url,https://github.com/python/cpython/tree/3.14/Lib/zipfile/,7,7,0.0
url,https://packaging.python.org/en/latest/glossary/#term-Distribution-Package,7,7,0.0
url,https://peps.python.org/pep-0249/,7,7,0.0
url,https://peps.python.org/pep-0305/,7,7,0.0
url,https://peps.python.org/pep-0343/,7,7,0.0
url,https://peps.python.org/pep-0634/,7,7,0.0
url,https://peps.python.org/pep-3101/,7,7,0.0
url,https://typing.python.org/en/latest/,7,8,0.0
url,https://wiki.python.org/moin/GuiProgramming,7,8,0.0
url,https://wiki.python.org/moin/IntegratedDevelopmentEnvironments,7,7,0.0
url,https://www.sqlite.org/schematab.html,7,7,0.0
url,https://www.zlib.net/,7,7,0.0
url,https://buildozer.readthedocs.io/,6,6,0.0
url,https://datatracker.ietf.org/doc/html/rfc4648.html,6,6,0.0
url,https://devguide.python.org/documentation/help-documenting/,6,6,0.0
url,https://docs.python.org/3/archives/python-3.14-docs-texinfo.tar.bz2,6,6,0.0
url,https://en.wikipedia.org/wiki/Error_function,6,6,0.0
url,https://en.wikipedia.org/wiki/Gamma_function,6,6,0.0
url,https://en.wikipedia.org/wiki/Priority_queue,6,6,0.0
url,https://github.com/python/cpython/blob/main/Doc/library/index.rst?plain=1,6,6,0.0
url,https://github.com/python/cpython/tree/3.14/Lib/contextlib.py,6,7,0.0
url,https://github.com/python/cpython/tree/3.14/Lib/numbers.py,6,6,0.0
url,https://peps.python.org/pep-0420/,6,6,0.0
url,https://peps.python.org/pep-0567/,6,6,0.0
url,https://peps.python.org/pep-0612/,6,6,0.0
url,https://peps.python.org/pep-0734/,6,6,0.0
url,https://peps.python.org/pep-0768/,6,6,0.0
url,https://peps.python.org/pep-0779/,6,6,0.0
url,https://py-free-threading.github.io/installing-cpython/,6,6,0.0
url,https://sqlite.org/inmemorydb.html,6,6,0.0
url,https://tiswww.case.edu/php/chet/readline/rltop.html,6,6,0.0
url,https://wiki.python.org/moin/PythonEditors,6,6,0.0
url,https://www.python.org/doc/av/,6,6,0.0
url,https://www.riverbankcomputing.com/static/Docs/pyqtdeploy/,6,6,0.0
url,https://www.sqlite.org/flextypegood.html,6,6,0.0
url,https://www.unicode.org/,6,8,0.0
url,https://en.wikipedia.org/wiki/Database_transaction,5,5,0.0
url,https://en.wikipedia.org/wiki/Thread_(computing),5,5,0.0
url,https://github.com/python/cpython/tree/3.14/Lib/asyncio/runners.py,5,5,0.0
url,https://github.com/python/cpython/tree/3.14/Lib/configparser.py,5,5,0.0
url,https://github.com/python/cpython/tree/3.14/Lib/enum.py,5,5,0.0
url,https://github.com/python/cpython/tree/3.14/Lib/glob.py,5,6,0.0
url,https://github.com/python/cpython/tree/3.14/Lib/io.py,5,6,0.0
url,https://github.com/python/cpython/tree/3.14/Lib/multiprocessing/,5,5,0.0
url,https://github.com/python/cpython/tree/3.14/Lib/socketserver.py,5,5,0.0
url,https://github.com/python/cpython/tree/3.14/Lib/threading.py,5,5,0.0
url,https://github.com/python/cpython/tree/3.14/Lib/urllib/request.py,5,5,0.0
url,https://jvns.ca/blog/2023/01/13/examples-of-floating-point-problems/,5,5,0.0
url,https://learning-python.com/about-pp4e.html,5,5,0.0
url,https://peps.python.org/pep-0572/,5,5,0.0
url,https://peps.python.org/pep-0632/,5,5,0.0
url,https://peps.python.org/pep-0692/,5,5,0.0
url,https://pypi.org/project/tomli-w/,5,5,0.0
url,https://pypi.org/project/tomlkit/,5,6,0.0
url,https://webassembly.org/,5,5,0.0
url,https://www.w3schools.com/sql/,5,5,0.0
url,https://chaquo.com/chaquopy,4,4,0.0
url,https://cython.org/,4,4,0.0
url,https://datatracker.ietf.org/doc/html/rfc9110.html,4,4,0.0
url,https://en.wikipedia.org/wiki/Fibonacci_sequence,4,4,0.0
url,https://en.wikipedia.org/wiki/Lexical_analysis,4,4,0.0
url,https://en.wikipedia.org/wiki/SQL_injection,4,4,0.0
url,https://github.com/python/cpython/blob/main/Doc/tutorial/appetite.rst?plain=1,4,4,0.0
url,https://github.com/python/cpython/tree/3.14/Android/README.md,4,4,0.0
url,https://github.com/python/cpython/tree/3.14/Android/testbed,4,6,0.0
url,https://github.com/python/cpython/tree/3.14/Lib/asyncio/coroutines.py,4,4,0.0
url,https://github.com/python/cpython/tree/3.14/Lib/asyncio/streams.py,4,4,0.0
url,https://github.com/python/cpython/tree/3.14/Lib/base64.py,4,4,0.0
url,https://github.com/python/cpython/tree/3.14/Lib/codecs.py,4,4,0.0
url,https://github.com/python/cpython/tree/3.14/Lib/encodings/aliases.py,4,5,0.0
url,https://github.com/python/cpython/tree/3.14/Lib/ftplib.py,4,4,0.0
url,https://github.com/python/cpython/tree/3.14/Lib/http/client.py,4,5,0.0
url,https://github.com/python/cpython/tree/3.14/Lib/queue.py,4,4,0.0
url,https://github.com/python/cpython/tree/3.14/Lib/statistics.py,4,4,0.0
url,https://github.com/python/cpython/tree/3.14/Lib/tkinter/colorchooser.py,4,4,0.0
url,https://github.com/python/cpython/tree/3.14/Lib/tkinter/commondialog.py,4,5,0.0
url,https://github.com/python/cpython/tree/3.14/Lib/tkinter/ttk.py,4,4,0.0
url,https://github.com/python/cpython/tree/3.14/Lib/types.py,4,4,0.0
url,https://github.com/python/cpython/tree/3.14/Lib/xml/,4,4,0.0
url,https://github.com/python/cpython/tree/3.14/Lib/zoneinfo,4,4,0.0
url,https://github.com/python/python-docs-theme,4,7,0.0
url,https://importlib-metadata.readthedocs.io/,4,4,0.0
url,https://manpages.debian.org/flock(2),4,4,0.0
url,https://peps.python.org/pep-0011/#tier-3,4,4,0.0
url,https://peps.python.org/pep-0308/,4,4,0.0
url,https://peps.python.org/pep-0387/,4,4,0.0
url,https://peps.python.org/pep-0453/,4,4,0.0
url,https://peps.python.org/pep-0659/,4,4,0.0
url,https://peps.python.org/pep-0719/,4,4,0.0
url,https://peps.python.org/pep-3141/,4,4,0.0
url,https://pypi.org/project/pip/,4,4,0.0
url,https://scipy.org/,4,4,0.0
url,https://wiki.python.org/moin/PythonTestingToolsTaxonomy,4,4,0.0
url,https://wiki.tcl-lang.org/37432,4,4,0.0
url,https://www.britannica.com/science/permutation,4,5,0.0
url,https://www.cwi.nl/,4,4,0.0
url,https://www.sqlite.org/uri.html,4,4,0.0
url,https://www.unicode.org/Public/16.0.0/ucd/NameAliases.txt,4,6,0.0
url,https://www.unicode.org/reports/tr44/,4,5,0.0
url,https://www.youtube.com/watch?v=eN1eZtjLEnU,4,4,0.0
url,http://www.indowsway.com/floatingpoint.htm,3,3,0.0
url,https://aosabook.org/en/500L/a-web-crawler-with-asyncio-coroutines.html,3,3,0.0
url,https://code.activestate.com/recipes/langs/python/,3,3,0.0
url,https://datatracker.ietf.org/doc/html/rfc4180.html,3,3,0.0
url,https://discuss.python.org/c/documentation/26,3,3,0.0
url,https://docs.pytest.org/,3,3,0.0
url,https://docs.python.org/es/3/archives/python-3.14-docs-text.zip,3,3,0.0
url,https://docs.python.org/pt-br/3/archives/python-3.14-docs-html.zip,3,4,0.0
url,https://docs.python.org/zh-cn/3/archives/python-3.14-docs.epub,3,3,0.0
url,https://en.wikipedia.org/wiki/ANSI_escape_code,3,3,0.0
url,https://en.wikipedia.org/wiki/Extended_Backus%E2%80%93Naur_form,3,4,0.0
url,https://en.wikipedia.org/wiki/Hyperbolic_functions,3,3,0.0
url,https://en.wikipedia.org/wiki/IEEE_754,3,3,0.0
url,https://en.wikipedia.org/wiki/Walrus#/media/File:Pacific_Walrus_-_Bull_(8247646168).jpg,3,3,0.0
url,https://github.com/pypa,3,3,0.0
url,https://github.com/python/cpython/blob/main/Doc/bugs.rst?plain=1,3,3,0.0
url,https://github.com/python/cpython/blob/main/Doc/library/functions.rst?plain=1,3,3,0.0
url,https://github.com/python/cpython/blob/main/Doc/library/idle.rst?plain=1,3,3,0.0
url,https://github.com/python/cpython/blob/main/Doc/library/math.rst?plain=1,3,3,0.0
url,https://github.com/python/cpython/blob/main/Doc/library/socket.rst?plain=1,3,4,0.0
url,https://github.com/python/cpython/blob/main/Doc/tutorial/datastructures.rst?plain=1,3,3,0.0
url,https://github.com/python/cpython/blob/main/Doc/tutorial/introduction.rst?plain=1,3,3,0.0
url,https://github.com/python/cpython/issues/108362,3,3,0.0
url,https://github.com/python/cpython/issues/84559,3,3,0.0
url,https://github.com/python/cpython/tree/3.14/Android/testbed/app/build.gradle.kts,3,3,0.0
url,https://github.com/python/cpython/tree/3.14/Android/testbed/app/src/main/java/org/python/testbed/MainActivity.kt,3,3,0.0
url,https://github.com/python/cpython/tree/3.14/Lib/__future__.py,3,3,0.0
url,https://github.com/python/cpython/tree/3.14/Lib/_collections_abc.py,3,3,0.0
url,https://github.com/python/cpython/tree/3.14/Lib/ast.py,3,3,0.0
url,https://github.com/python/cpython/tree/3.14/Lib/asyncio/queues.py,3,3,0.0
url,https://github.com/python/cpython/tree/3.14/Lib/bisect.py,3,3,0.0
url,https://github.com/python/cpython/tree/3.14/Lib/cmd.py,3,3,0.0
url,https://github.com/python/cpython/tree/3.14/Lib/dbm/sqlite3.py,3,3,0.0
url,https://github.com/python/cpython/tree/3.14/Lib/decimal.py,3,4,0.0
url,https://github.com/python/cpython/tree/3.14/Lib/email/mime/,3,3,0.0
url,https://github.com/python/cpython/tree/3.14/Lib/email/parser.py,3,3,0.0
url,https://github.com/python/cpython/tree/3.14/Lib/getpass.py,3,3,0.0
url,https://github.com/python/cpython/tree/3.14/Lib/html/__init__.py,3,3,0.0
url,https://github.com/python/cpython/tree/3.14/Lib/html/parser.py,3,5,0.0
url,https://github.com/python/cpython/tree/3.14/Lib/ipaddress.py,3,3,0.0
url,https://github.com/python/cpython/tree/3.14/Lib/struct.py,3,3,0.0
url,https://github.com/python/cpython/tree/3.14/Lib/tkinter/filedialog.py,3,3,0.0
url,https://github.com/python/cpython/tree/3.14/Lib/warnings.py,3,3,0.0
url,https://github.com/python/cpython/tree/3.14/Lib/wave.py,3,3,0.0
url,https://grantjenks.com/docs/sortedcollections/,3,3,0.0
url,https://greentreesnakes.readthedocs.io/,3,3,0.0
url,https://kivy.org/,3,3,0.0
url,https://manpages.debian.org/setsockopt(2),3,3,0.0
url,https://packaging.python.org/extensions/,3,3,0.0
url,https://peps.python.org/pep-0236/,3,3,0.0
url,https://peps.python.org/pep-0238/,3,3,0.0
url,https://peps.python.org/pep-0328/,3,4,0.0
url,https://peps.python.org/pep-0529/,3,3,0.0
url,https://peps.python.org/pep-0574/,3,4,0.0
url,https://peps.python.org/pep-0593/,3,3,0.0
url,https://peps.python.org/pep-0604/,3,3,0.0
url,https://peps.python.org/pep-0646/,3,3,0.0
url,https://peps.python.org/pep-0750/,3,3,0.0
url,https://peps.python.org/pep-3107/,3,3,0.0
url,https://peps.python.org/pep-3132/,3,3,0.0
url,https://py-free-threading.github.io/tracking/,3,3,0.0
