property,value,visitors,events,percentage
url,(none),8034,11665,99.5
url,https://bootstrap.pypa.io/get-pip.py,140,167,1.7
url,https://www.python.org/,112,128,1.4
url,https://docs.python-guide.org/starting/installation/#installation,79,88,1.0
url,https://opentechschool.github.io/python-beginners/en/getting_started.html#what-is-python-exactly,33,34,0.4
url,https://docs.python.org/3/library/venv.html,13,13,0.2
url,https://pip.pypa.io/,12,13,0.1
url,https://pypi.org/project/pip/,12,12,0.1
url,https://pip.pypa.io/en/latest/user_guide/#requirements-files,11,11,0.1
url,https://pypi.org/,10,14,0.1
url,https://docs.python.org/3/tutorial/modules.html#packages,9,9,0.1
url,https://github.com/pypa/pip,9,9,0.1
url,https://peps.python.org/pep-0639/,9,10,0.1
url,https://pip.pypa.io/en/latest/topics/secure-installs/,9,9,0.1
url,https://test.pypi.org/account/register/,8,9,0.1
url,https://github.com/pypa/packaging.python.org,7,7,0.1
url,https://pip.pypa.io/en/latest/,7,7,0.1
url,https://pip.pypa.io/en/latest/user_guide/#user-installs,6,6,0.1
url,https://setuptools.pypa.io/en/latest/userguide/miscellaneous.html,6,7,0.1
url,https://github.com/pypa/packaging-problems,5,5,0.1
url,https://github.com/pypa/packaging.python.org/blob/main/source/tutorials/installing-packages.rst?plain=true,5,7,0.1
url,https://pypi.org/classifiers/,5,5,0.1
url,https://www.pypa.io/en/latest/,5,5,0.1
url,https://www.python.org/downloads/,5,6,0.1
url,https://brew.sh/,4,4,0.0
url,https://github.com/pypa/packaging-problems/issues/new?template=packaging_tutorial.yml&title=Trouble+with+the+packaging+tutorial&guide=https://packaging.python.org/tutorials/packaging-projects,4,4,0.0
url,https://github.com/pypa/packaging.python.org/blob/main/source/index.rst?plain=true,4,6,0.0
url,https://github.com/pypa/packaging.python.org/edit/main/source/tutorials/installing-packages.rst,4,6,0.0
url,https://github.com/pypa/setuptools,4,4,0.0
url,https://hatch.pypa.io/latest/,4,4,0.0
url,https://peps.python.org/pep-0420/,4,4,0.0
url,https://pipx.pypa.io/,4,4,0.0
url,https://pypi.org/classifiers,4,5,0.0
url,https://setuptools.readthedocs.io/en/latest/,4,4,0.0
url,https://virtualenv.pypa.io/en/stable/index.html,4,4,0.0
url,https://choosealicense.com/,3,3,0.0
url,https://docs.anaconda.com/anaconda/,3,4,0.0
url,https://docs.python.org/3/library/sysconfig.html#installation-paths,3,3,0.0
url,https://github.com/pypa/pipenv,3,3,0.0
url,https://github.com/pypa/pipfile,3,3,0.0
url,https://github.com/pypa/sampleproject,3,3,0.0
url,https://github.com/python/mypy,3,3,0.0
url,https://iscinumpy.dev/post/bound-version-constraints/#pinning-the-python-version-is-special,3,3,0.0
url,https://pypi.org/project/py2exe/,3,3,0.0
url,https://setuptools.pypa.io/en/latest/userguide/development_mode.html,3,3,0.0
url,https://test.pypi.org/manage/account/#api-tokens,3,3,0.0
url,https://wheel.readthedocs.io/en/latest/,3,4,0.0
url,http://doc.devpi.net/latest/,2,2,0.0
url,https://docs.astral.sh/uv/,2,2,0.0
url,https://docs.python.org/3/library/ensurepip.html,2,2,0.0
url,https://docs.python.org/3/library/venv.html#venv-explanation,2,2,0.0
url,https://en.wikipedia.org/wiki/Linux_distribution,2,2,0.0
url,https://github.com/pypa,2,2,0.0
url,https://github.com/pypa/linehaul-cloud-function/,2,2,0.0
url,https://github.com/pypa/packaging.python.org/edit/main/source/index.rst,2,2,0.0
url,https://github.com/pypa/pip/issues,2,2,0.0
url,https://github.com/pypa/pip/issues/1668,2,2,0.0
url,https://github.com/pypa/sampleproject/blob/db5806e0a3204034c51b1c00dde7d5eb3fa2532e/setup.cfg,2,2,0.0
url,https://github.com/pypa/sampleproject/blob/db5806e0a3204034c51b1c00dde7d5eb3fa2532e/setup.py,2,2,0.0
url,https://github.com/pypa/trove-classifiers/issues,2,2,0.0
url,https://marcelotduarte.github.io/cx_Freeze/,2,2,0.0
url,https://peps.python.org/pep-0518/,2,2,0.0
url,https://peps.python.org/pep-0723/,2,2,0.0
url,https://pip.pypa.io/en/latest/cli/,2,2,0.0
url,https://pip.pypa.io/en/latest/cli/pip_install/#pip-install,2,5,0.0
url,https://pip.pypa.io/en/stable/user_guide/#user-installs,2,2,0.0
url,https://pypi.org/manage/account/publishing/,2,3,0.0
url,https://pypi.org/project/flask-talisman,2,2,0.0
url,https://pypi.org/project/setuptools,2,2,0.0
url,https://pypi.org/project/wheel,2,2,0.0
url,https://scientific-python.org/,2,2,0.0
url,https://setuptools.pypa.io/en/latest/userguide/datafiles.html,2,2,0.0
url,https://setuptools.pypa.io/en/latest/userguide/package_discovery.html#src-layout,2,2,0.0
url,https://setuptools.pypa.io/en/latest/userguide/pyproject_config.html,2,2,0.0
url,https://test.pypi.org/,2,2,0.0
url,https://bandersnatch.readthedocs.io/,1,1,0.0
url,https://choosealicense.com/licenses/mit/,1,1,0.0
url,https://cloud.google.com/blog/products/data-analytics/query-without-a-credit-card-introducing-bigquery-sandbox,1,1,0.0
url,https://console.cloud.google.com/bigquery?p=bigquery-public-data&d=pypi&page=dataset,1,1,0.0
url,https://datatracker.ietf.org/doc/html/rfc2119.html,1,1,0.0
url,https://datatracker.ietf.org/doc/html/rfc8089.html,1,1,0.0
url,https://devpi.net/docs/devpi/devpi/latest/+doc/index.html,1,1,0.0
url,https://dh-virtualenv.readthedocs.io/en/latest/tutorial.html,1,1,0.0
url,https://discuss.python.org/c/packaging,1,1,0.0
url,https://docs.conda.io/en/latest/index.html,1,1,0.0
url,https://docs.fedoraproject.org/en-US/epel/getting-started/,1,1,0.0
url,https://docs.microsoft.com/en-us/windows/win32/shell/user-environment-variables?redirectedfrom=MSDN,1,1,0.0
url,https://docs.python-guide.org/dev/virtualenvs/,1,1,0.0
url,https://docs.python.org/3/library/http.server.html,1,1,0.0
url,https://docs.python.org/3/library/pkgutil.html#pkgutil.iter_modules,1,1,0.0
url,https://docutils.sourceforge.io/docs/ref/rst/directives.html,1,1,0.0
url,https://files.pythonhosted.org/packages/eb/45/79be82bdeafcecb9dca474cad4003e32ef8e4a0dec6abbd4145ccb02abe1/sampleproject-1.2.0.tar.gz,1,1,0.0
url,https://flit.readthedocs.io/en/latest/,1,1,0.0
url,https://git-scm.com/,1,1,0.0
url,https://github.com/Carreau,1,1,0.0
url,https://github.com/PyCQA/flake8,1,1,0.0
url,https://github.com/cython/cython/wiki/AutoPxd,1,1,0.0
url,https://github.com/devpi/devpi/issues,1,1,0.0
url,https://github.com/jazzband/pip-tools,1,1,0.0
url,https://github.com/pantsbuild/pex#user-content-pex,1,1,0.0
url,https://github.com/pdm-project/pdm,1,1,0.0
url,https://github.com/psf/black,1,1,0.0
url,https://github.com/pypa/bandersnatch,1,1,0.0
url,https://github.com/pypa/flit/issues,1,1,0.0
url,https://github.com/pypa/hatch,1,1,0.0
url,https://github.com/pypa/packaging-problems/issues/new?template=general_issue.yml,1,1,0.0
url,https://github.com/pypa/packaging.python.org/blob/main/source/glossary.rst?plain=true,1,1,0.0
url,https://github.com/pypa/packaging.python.org/blob/main/source/guides/distributing-packages-using-setuptools.rst?plain=true,1,1,0.0
url,https://github.com/pypa/packaging.python.org/blob/main/source/guides/tool-recommendations.rst?plain=true,1,1,0.0
url,https://github.com/pypa/packaging.python.org/blob/main/source/overview.rst?plain=true,1,1,0.0
url,https://github.com/pypa/packaging.python.org/edit/main/source/glossary.rst,1,1,0.0
url,https://github.com/pypa/packaging.python.org/edit/main/source/guides/analyzing-pypi-package-downloads.rst,1,1,0.0
url,https://github.com/pypa/packaging.python.org/edit/main/source/guides/tool-recommendations.rst,1,2,0.0
url,https://github.com/pypa/packaging.python.org/edit/main/source/guides/writing-pyproject-toml.rst,1,1,0.0
url,https://github.com/pypa/packaging.python.org/edit/main/source/overview.rst,1,1,0.0
url,https://github.com/pypa/packaging.python.org/edit/main/source/specifications/version-specifiers.rst,1,1,0.0
url,https://github.com/pypa/packaging.python.org/edit/main/source/tutorials/packaging-projects.rst,1,1,0.0
url,https://github.com/pypa/pipenv/issues,1,1,0.0
url,https://github.com/pypa/sample-namespace-packages/tree/master/native,1,1,0.0
url,https://github.com/pypa/trove-classifiers,1,1,0.0
url,https://github.com/pypa/wheel/issues,1,1,0.0
url,https://github.com/pypiserver/pypiserver,1,1,0.0
url,https://github.com/python-poetry/poetry,1,1,0.0
url,https://github.com/stevearc/pypicloud,1,1,0.0
url,https://hatch.pypa.io/1.9/version/,1,1,0.0
url,https://hosted.weblate.org/projects/pypa/packaging-python-org/,1,1,0.0
url,https://kivy.org/,1,1,0.0
url,https://mail.python.org/pipermail/distutils-sig/2017-October/031585.html,1,2,0.0
url,https://packaging.pypa.io/en/latest/index.html,1,1,0.0
url,https://pandas-gbq.readthedocs.io/en/latest/,1,1,0.0
url,https://pandas.pydata.org/,1,1,0.0
url,https://pdm.fming.dev/,1,1,0.0
url,https://peps.python.org/pep-0427/,1,1,0.0
url,https://peps.python.org/pep-0508/,1,1,0.0
url,https://peps.python.org/pep-0621/#license,1,1,0.0
url,https://peps.python.org/pep-0721/,1,1,0.0
url,https://peps.python.org/pep-0735/,1,1,0.0
url,https://pip.pypa.io/en/latest/cli/pip_install/#install-no-binary,1,1,0.0
url,https://pip.pypa.io/en/latest/topics/vcs-support/#vcs-support,1,1,0.0
url,https://pyinstaller.readthedocs.io/en/stable/,1,1,0.0
url,https://pypi.org/help/#apitoken,1,1,0.0
url,https://pypi.org/help/#project-size-limit,1,1,0.0
url,https://pypi.org/project/devpi,1,1,0.0
url,https://pypi.org/project/hatchling/,1,1,0.0
url,https://pypi.org/project/numpy,1,1,0.0
url,https://pypi.org/project/pipx/,1,1,0.0
url,https://pypi.org/project/pynsist,1,1,0.0
url,https://pypi.org/project/readme-renderer/,1,1,0.0
url,https://pypi.org/project/trove-classifiers/,1,1,0.0
url,https://python-poetry.org/,1,1,0.0
url,https://reuse.software/,1,1,0.0
url,https://scikit-build.readthedocs.io/en/latest/,1,1,0.0
url,https://scipy.org/install/,1,1,0.0
url,https://scipy.org/install/#macos,1,1,0.0
url,https://server.ethicalads.io/proxy/click/8174/019b4e25-6fd6-7bb0-b7ab-c925ff3935a2/,1,1,0.0
url,https://server.ethicalads.io/proxy/click/8174/019b4fc7-5a86-79c0-a147-3bea9288da73/,1,1,0.0
url,https://server.ethicalads.io/proxy/click/8176/019b4f20-4d15-7cc1-8602-79aff18d620c/,1,1,0.0
url,https://server.ethicalads.io/proxy/click/9505/019b50fd-ace4-7ad2-9d51-6aaae6bde25b/,1,1,0.0
url,https://server.ethicalads.io/proxy/click/9507/019b51da-05e9-7220-a28d-1fd0ddc1ad54/,1,1,0.0
url,https://server.ethicalads.io/proxy/click/9508/019b505e-c414-70a2-b36c-428a2dadac37/,1,1,0.0
url,https://server.ethicalads.io/proxy/click/9610/019b4f31-4cec-7751-b04a-a394aa756b08/,1,1,0.0
url,https://server.ethicalads.io/proxy/click/9725/019b4efb-76c8-7a90-be26-457b09be3007/,1,1,0.0
url,https://server.ethicalads.io/proxy/click/9757/019b4db1-dd3e-77f3-91b8-6529ffed0f6e/,1,1,0.0
url,https://server.ethicalads.io/proxy/click/9758/019b52c7-b8d0-79a1-9f80-b53dee72b754/,1,1,0.0
url,https://server.ethicalads.io/proxy/click/9759/019b4e7a-0cb5-71e0-b2e7-88a5c38b5ee3/,1,1,0.0
url,https://server.ethicalads.io/proxy/click/9775/019b4f5e-b2c0-7eb1-9c2a-0abb185752f8/,1,1,0.0
url,https://server.ethicalads.io/proxy/click/9776/019b5011-dd53-74c2-adef-a2c53e7a8137/,1,1,0.0
url,https://server.ethicalads.io/proxy/click/9776/019b517f-3950-7492-ba25-02961fd3a5b4/,1,1,0.0
url,https://server.ethicalads.io/proxy/click/9833/019b4f46-91eb-72e3-8696-97f9bdc52ae5/,1,1,0.0
url,https://setuptools.pypa.io/en/latest/deprecated/distutils/setupscript.html#distutils-additional-files,1,1,0.0
url,https://setuptools.pypa.io/en/latest/index.html,1,1,0.0
url,https://setuptools.pypa.io/en/latest/userguide/index.html,1,1,0.0
url,https://setuptools.pypa.io/en/latest/userguide/miscellaneous.html#using-manifest-in,1,1,0.0
url,https://setuptools.pypa.io/en/latest/userguide/pyproject_config.html#dynamic-metadata,1,1,0.0
url,https://setuptools.readthedocs.io/en/latest/deprecated/easy_install.html#natural-script-launcher,1,1,0.0
url,https://spack.readthedocs.io/en/latest/index.html,1,1,0.0
url,https://spdx.github.io/spdx-spec/v2.2.2/SPDX-license-expressions/,1,1,0.0
url,https://spdx.org/licenses/,1,1,0.0
url,https://test.pypi.org/manage/account/publishing/,1,2,0.0
url,https://toml.io/,1,1,0.0
url,https://tox.wiki/en/latest/index.html,1,1,0.0
url,https://twistedmatrix.com/,1,1,0.0
url,https://www.fullstackpython.com/docker.html,1,1,0.0
url,https://www.google.com/search?channel=fs&q=static+vs+dynamic+linking,1,1,0.0
url,https://www.sphinx-doc.org/,1,1,0.0
