name,visitors,bounce_rate,visit_duration
pypi.org,2920,80,57
Google,1997,83,60
Direct / None,1775,73,86
jupyter.org,331,75,40
pip.pypa.io,235,71,103
docs.python.org,207,65,116
Bing,140,82,217
Yandex,105,86,61
DuckDuckGo,73,74,201
Brave,59,84,72
GitHub,58,82,79
docs.astral.sh,44,82,92
peps.python.org,33,67,8
ai.google.dev,30,81,59
test.pypi.org,16,81,16
setuptools.pypa.io,9,75,533
Microsoft Teams,8,75,53
discuss.python.org,8,88,4
huggingface.co,8,100,0
Youtube,7,100,0
chatgpt.com,7,71,245
docs.pypi.org,7,86,18
link.csdn.net,6,67,6
pypi.com.cn,6,100,0
qiita.com,6,67,9
uv.doczh.com,6,83,35
Ecosia,5,80,129
Yahoo!,5,75,10
flask.palletsprojects.com,5,60,500
kagi.com,5,100,0
pypa.io,5,40,11
realpython.com,5,100,0
launchpad.net,4,33,98
link.gitcode.com,4,100,0
pydevtools.com,4,75,8
spoc.buaa.edu.cn,4,100,0
warehouse.pypa.io,4,50,82
Perplexity,3,100,0
auto.gluon.ai,3,67,4
builtin.com,3,100,0
devdocs.ms.com,3,100,0
roadmap.sh,3,67,308
twine.readthedocs.io,3,33,465
Qwant,2,50,100
airflow.apache.org,2,100,0
campus.seastecnico.com,2,100,0
claude.ai,2,100,0
cython.readthedocs.io,2,100,0
forum.sublimetext.com,2,100,0
jinja.palletsprojects.com,2,33,13
jordan-wright.com,2,0,1216
medium.com,2,100,0
pixi.prefix.dev,2,100,0
pyarmor.readthedocs.io,2,50,6
python.org,2,50,30
pythonwheels.com,2,100,0
robotframework.org,2,100,0
rules-python.readthedocs.io,2,100,0
scipy.org,2,50,13
upload.pypi.org,2,100,0
uv.oaix.tech,2,100,0
Baidu,1,100,0
Coccoc,1,100,0
Hacker News,1,100,0
Reddit,1,100,0
aaltoscicomp.github.io,1,100,0
airlock.corp.goog,1,100,0
blog.csdn.net,1,100,0
build.pypa.io,1,0,75
bytedance.larkoffice.com,1,100,0
camlingroup.atlassian.net,1,100,0
community.developers.lseg.com,1,100,0
conf01.birentech.com,1,100,0
confluence.barcapint.com,1,100,0
cookiecutter-data-science.drivendata.org,1,0,48
deepthoughtdocs.flinders.edu.au,1,100,0
degreed.com,1,100,0
desktop.postman.com,1,0,5
dev.azure.com,1,100,0
develop.ampf.com,1,100,0
developer.pix4d.com,1,100,0
devops.oci.oraclecorp.com,1,100,0
discuss.frappe.io,1,100,0
doc.qt.io,1,100,0
doc.sensorsdata.cn,1,100,0
docs.ansible.com,1,100,0
docs.conda.io,1,100,0
docs.nvidia.com,1,100,0
docs.renovatebot.com,1,100,0
docs.srv.ms.com.cn,1,100,0
dt.mi.com,1,100,0
fastapidozero.dunossauro.com,1,100,0
fishros.com,1,100,0
flake8.pycqa.org,1,100,0
forum.fok.nl,1,100,0
forums.developer.nvidia.com,1,100,0
fprime.jpl.nasa.gov,1,100,0
gams.com,1,100,0
gateway.zscloud.net,1,0,707
github.cloud.capitalone.com,1,100,0
github.wellsfargo.com,1,100,0
greenteapress.com,1,100,0
hatch.pypa.io,1,100,0
haxmas.hackclub.com,1,100,0
help.aliyun.com,1,100,0
https://githubhelp.com,1,100,0
idealab.alibaba-inc.com,1,0,29
intellij-support.jetbrains.com,1,0,122
iwiki.woa.com,1,100,0
jacobtomlinson.dev,1,100,0
jcheng.org,1,0,623
learn.ibm.com,1,100,0
learn.nucamp.co,1,100,0
learnai.engineering,1,100,0
link.zhihu.com,1,0,154
moodle.usherbrooke.ca,1,100,0
naucse.python.cz,1,0,64
netbox.nwie.net,1,100,0
nipyapi.readthedocs.io,1,100,0
nox.thea.codes,1,100,0
opensource.guide,1,0,25
packaging-python-org.translate.goog,1,100,0
packaging.pypa.io,1,100,0
pip-pypa-io.translate.goog,1,100,0
pipx.pypa.io,1,100,0
playbooks.omsf.io,1,0,120
py.imagej.net,1,100,0
pygraphviz.github.io,1,100,0
pyodide.org,1,100,0
pyrcl.readthedocs.io,1,0,5
qutebrowser.org,1,100,0
raoyi.net,1,100,0
roast.readthedocs.io,1,100,0
rocketcea.readthedocs.io,1,100,0
rudderstack.com,1,100,0
saml.ms.com,1,100,0
selenium.dev,1,0,168
solara.dev,1,0,28
solvit.space,1,0,22
sonatype.atlassian.net,1,100,0
sphinx-doc.org,1,100,0
static.ouster.dev,1,100,0
strider.humana.com,1,100,0
tds.s-anand.net,1,100,0
teclado.com,1,100,0
tooling-dsd.prd.digital.gbm.cloud.uk.hsbc,1,100,0
tu-delft-dcc.github.io,1,0,648
tutti.prod.bloomberg.com,1,100,0
ucgithub.exlservice.com,1,100,0
udemy.com,1,0,218
util00.null0.internal,1,0,162
validate-pyproject.readthedocs.io,1,100,0
wbarillon.medium.com,1,0,19
wiki.archlinux.org,1,100,0
