name,visitors,bounce_rate,visit_duration
google.com,5486,82,66
pypi.org,3949,78,76
Direct / None,3025,70,116
jupyter.org,603,77,44
docs.python.org,323,78,59
bing.com,228,86,44
pip.pypa.io/en/stable,216,68,71
duckduckgo.com,187,70,154
pip.pypa.io/en/stable/installation,142,83,54
docs.astral.sh,114,80,63
yandex.ru,101,83,82
ai.google.dev,94,78,65
search.brave.com,91,85,18
peps.python.org,74,67,133
ecosia.org,69,84,56
statics.teams.cdn.office.net,45,82,177
pip.pypa.io,40,72,26
test.pypi.org,35,63,160
google.com.hk,27,96,3
chatgpt.com,24,67,159
github.com,24,83,157
youtube.com,16,94,6
discuss.python.org,15,79,20
python-poetry.org,15,86,113
pip.pypa.io/en/stable/cli/pip_install,13,54,324
cn.bing.com,12,92,2
kagi.com,12,73,19
perplexity.ai,12,91,0
pip.pypa.io/en/latest,11,80,11
pypa.io/en/latest,11,22,255
realpython.com,10,75,168
roadmap.sh,10,100,0
warehouse.pypa.io,10,100,0
google.fr,9,78,44
huggingface.co,9,78,51
pip.pypa.io/en/stable/reference/requirement-specifiers,9,44,262
docs.ansible.com/projects/ansible/latest/installation_guide/intro_installation.html,8,56,17
google.co.uk,8,71,84
yandex.ru/search,8,50,69
builtin.com,7,43,21
flask.palletsprojects.com/en/stable/tutorial/install,7,86,1
pip.pypa.io/en/stable/getting-started,7,86,18
athena.alxafrica.com,6,100,0
devdocs.ms.com,6,50,1068
gemini.google.com,6,50,19
jinja.palletsprojects.com/en/stable/intro,6,100,0
link.csdn.net,6,60,8
pip.pypa.io/en/latest/installation,6,60,20
scipy.org,6,33,146
developers.google.com,5,100,0
google.de,5,60,126
packaging.pypa.io/en/stable/version.html,5,80,27
pip.pypa.io/en/stable/index.html,5,60,48
pypi.com.cn,5,100,0
fog.ccsf.edu,4,75,158
github.com/astral-sh/uv/issues/7132,4,100,0
github.com/fpgmaas/cookiecutter-uv,4,100,0
github.com/pypa/pip,4,50,58
github.com/python-poetry/poetry/issues/273,4,50,382
in.search.yahoo.com,4,75,2
launchpad.net,4,100,0
pixi.sh,4,75,58
pygraphviz.github.io,4,100,0
qwant.com,4,100,0
robotframework.org,4,75,378
search.yahoo.com,4,75,485
statics.gov.teams.microsoft.us,4,100,0
uv.doczh.com,4,100,0
airflow.apache.org,3,67,8
baidu.com/link,3,67,21
betterscientificsoftware.github.io,3,100,0
clipsai.com,3,100,0
docs.cloud.google.com,3,100,0
docs.pypi.org/project_metadata,3,100,0
docs.zephyrproject.org,3,67,37
github.com/astral-sh/uv/issues/6302,3,75,4
github.com/lin-shuyu/VAE-LSTM-for-anomaly-detection,3,67,1
github.com/pypi/warehouse/issues/17868,3,67,509
gurukul.sasken.com,3,67,2
jfrog.com,3,67,99
link.gitcode.com,3,50,31
pipx.pypa.io/stable/installation,3,100,0
planner.cloud.microsoft,3,100,0
pydevtools.com,3,100,0
rushhour.fmr.com,3,33,262
setuptools.pypa.io,3,67,13
setuptools.pypa.io/en/latest/userguide/pyproject_config.html,3,67,135
stackoverflow.com,3,67,68
strandsagents.com,3,100,0
uw25f.ees220002.projects.jetstream-cloud.org,3,50,11
ya.ru,3,100,0
127.0.0.1,2,100,0
17lands.com,2,0,326
adalove.inteli.edu.br,2,100,0
app.readthedocs.org,2,0,98
blog.csdn.net/acktomas/article/details/117926803,2,100,0
blog.inedo.com,2,0,502
bytedance.larkoffice.com,2,100,0
cdm1prepwebf03.azurewebsites.net,2,0,1252
claude.ai,2,0,142
cloud.google.com,2,100,0
coccoc.com/search,2,100,0
confluence.sys.cigna.com,2,100,0
copilot.microsoft.com,2,50,838
cython.readthedocs.io/en/latest/src/quickstart/build.html,2,100,0
dev.azure.com,2,100,0
devguide.python.org/documentation/start-documenting,2,50,0
docs.conda.io/projects/conda-build/en/stable,2,100,0
docs.csnzoo.com,2,100,0
docs.isaacsim.omniverse.nvidia.com,2,100,0
docs.lumi-supercomputer.eu,2,100,0
docs.pex-tool.org,2,50,763
docs.pypi.org,2,50,19
docs.pytest.org/en/stable/explanation/goodpractices.html,2,50,18
docs.renovatebot.com,2,50,15
docs.xarray.dev/en/latest/internals/how-to-add-new-backend.html,2,0,372
drake.mit.edu,2,100,0
facebook.com,2,100,0
fastapidozero.dunossauro.com,2,100,0
forums.raspberrypi.com,2,50,175
git.hub.vwgroup.com,2,100,0
github.com/SeleniumHQ/selenium,2,100,0
github.com/amchecker/amcheck,2,100,0
github.com/amzn/pecos,2,50,6
github.com/astral-sh/uv/issues/6298,2,50,5
github.com/labforge/sdk-demos/tree/master,2,100,0
github.com/mkniewallner/migrate-to-uv,2,100,0
github.com/navdeep-G/samplemod/pull/41,2,100,0
github.com/pypa/gh-action-pypi-publish,2,50,9
github.com/pypa/packaging-problems/issues/386,2,100,0
github.com/robotframework/robotframework/blob/master/INSTALL.rst,2,100,0
google.ca,2,100,0
google.co.in,2,0,68
google.co.nz,2,100,0
google.it,2,100,0
google.ru,2,100,0
hatch.pypa.io,2,50,14
hpc.pages.boeing.com,2,100,0
hyperexponential.gitlab.io,2,0,40
moodle.sasky.fi,2,100,0
moodle.usherbrooke.ca,2,100,0
notion.so,2,100,0
omniverse-docs.s3-website-us-east-1.amazonaws.com,2,100,0
opendronemap.org,2,100,0
opensource.guide,2,100,0
packaging-python-org.translate.goog,2,50,4
pip.pypa.io/en/latest/cli/pip_install,2,50,413
pip.pypa.io/en/latest/getting-started,2,100,0
pip.pypa.io/en/stable/user_guide,2,100,0
portal.uet.vnu.edu.vn/courses/3595/pages/cai-dat-python-conda-notebook,2,50,76
pypa.io/en/latest/specifications,2,0,653
pypistats.org,2,0,116
pythonwheels.com,2,0,156
qianwen.com/chat/b6bab90dafe149749c9c70c8cb8ce041,2,100,0
qiita.com,2,100,0
questglobal.udemy.com,2,100,0
r.search.yahoo.com/_ylt=Awrx.7qxNyVpydsDxglr1gt.;_ylu=Y29sbwNzZzMEcG9zAzEEdnRpZAMEc2VjA3Ny/RV=2/RE=1764075570/RO=10/RU=https%3a%2f%2fpackaging.python.org%2fguides%2finstalling-using-pip-and-virtual-environments%2f/RK=2/RS=CLnNVhUeWGXEv0NZX0rAC_iAM8c-,2,100,0
researchcomputing.readthedocs.io/en/latest/material/part4/notebook.html,2,100,0
rules-python.readthedocs.io/en/0.32.0/api/entry_points/py_console_script_binary.html,2,100,0
scikit-build-core.readthedocs.io/en/latest/guide/getting_started.html,2,100,0
search.naver.com,2,100,0
tutti.prod.bloomberg.com,2,100,0
udemy.com,2,50,102
upload.pypi.org,2,100,0
uv.oaix.tech,2,100,0
validate-pyproject.readthedocs.io/en/latest/api/validate_pyproject.formats.html,2,50,163
vctl.pl,2,100,0
yandex.by,2,100,0
346c1aeda18aa034-dot-us-central1.notebooks.googleusercontent.com,1,100,0
aalto-electric-drives.github.io,1,100,0
abnamroclearing.atlassian.net,1,100,0
ai.google.dev/gemini-api/docs/quickstart,1,100,0
aiida.net,1,100,0
android-app://com.google.android.gm,1,0,706
android-app://com.google.android.googlequicksearchbox,1,100,0
ar.search.yahoo.com,1,100,0
atl1.lab.vts-i.com,1,100,0
automated-wbr-callouts-bedrock.notebook.us-east-1.sagemaker.aws,1,100,0
avslab.github.io,1,100,0
baeldung.com,1,100,0
bic-berkeley.github.io,1,100,0
blog.csdn.net/PolarisRisingWar/article/details/123180118,1,100,0
build.pypa.io,1,100,0
cloud.tencent.com,1,100,0
cmd2.readthedocs.io/en/latest/features/packaging,1,100,0
codecademy.com,1,100,0
commbank.atlassian.net,1,100,0
community.deeplearning.ai,1,100,0
community.sonatype.com,1,100,0
confluence,1,100,0
confluence.broadband.harmonicinc.com,1,100,0
confluence.sqpc.sqrpnt.com,1,0,1399
confluence.teslamotors.com,1,100,0
courses.edx.org,1,100,0
cyclopts.readthedocs.io/en/latest/packaging.html,1,100,0
data-impact-vn.github.io,1,50,341
degreed.com,1,100,0
developer.atlassian.com,1,100,0
devsjc.github.io,1,0,644
digitalocean.com,1,0,9
discourse.getdbt.com,1,100,0
doc.courtbouillon.org,1,100,0
doc.courtbouillon.org/weasyprint/stable/first_steps.html,1,100,0
doc.qt.io,1,100,0
docs.blender.org,1,100,0
docs.cython.org/en/latest/src/quickstart/build.html,1,100,0
docs.dataplatform.ovh.net,1,100,0
docs.keysight.com,1,100,0
docs.pylonsproject.org/projects/pyramid/en/latest/quick_tutorial/package.html,1,100,0
docs.pypi.org/project-management/yanking,1,0,791
docs.pytest.org/en/7.1.x/explanation/goodpractices.html,1,100,0
docs.pytest.org/en/latest/explanation/goodpractices.html,1,0,1212
docs.pytest.org/en/latest/reference/reference.html,1,100,0
docs.pytest.org/en/stable/how-to/writing_plugins.html,1,100,0
docs.python-guide.org,1,0,55
docs.python.org/3/installing/index.html,1,0,10
docs.python.org/zh-cn/3.12/installing/index.html,1,100,0
docs.pytorch.org,1,100,0
docs.qq.com,1,100,0
docs.unity3d.com,1,100,0
dwave-meta-doc.readthedocs.io/en/latest/overview/install.html,1,100,0
enghub.gs.com/happy-path/python/docs/tutorials/publishing-packages,1,100,0
esri.com,1,100,0
everest.github.io,1,100,0
fishros.com,1,0,10
flask-wtf.readthedocs.io/en/1.2.x/install,1,100,0
flask.palletsprojects.com/zh-cn/stable/tutorial/install,1,0,335
forum.prusa3d.com,1,100,0
fr.search.yahoo.com,1,100,0
freecodecamp.org,1,100,0
fuyao-v3.xiaopeng.link,1,100,0
gecgithub01.walmart.com,1,100,0
geek-blogs.com,1,0,252
gitbookcpp.llfc.club,1,100,0
github-am.int.automotive-wan.com,1,100,0
github-com.translate.goog,1,100,0
github.cloud.capitalone.com,1,100,0
github.com/ClaudeCoulombe/FrenchLefffLemmatizer,1,100,0
github.com/EndstoneMC/python-example-plugin,1,100,0
github.com/FalkTannhaeuser/python-onvif-zeep/issues/13,1,100,0
github.com/JSBSim-Team/jsbsim,1,100,0
github.com/ROCm/TheRock/blob/main/RELEASES.md,1,100,0
github.com/ZuinigeRijder/hyundai_kia_connect_monitor,1,100,0
github.com/adbar/courlan,1,0,339
github.com/andrewssobral/bgslibrary/issues/226,1,100,0
github.com/astral-sh/uv/issues/11718,1,100,0
github.com/astral-sh/uv/issues/5903,1,100,0
github.com/astral-sh/uv/issues/6575,1,100,0
github.com/automorphis/Cogstruction,1,100,0
github.com/bokeh/bokeh/issues/14434,1,100,0
github.com/c17hawke/oneNeuron-pkg,1,100,0
github.com/cleder/vercheck,1,0,42
github.com/equinor/ert/commit/79d967558556bd3753eaa136af7fbcec1ca8712e,1,100,0
github.com/hukkin/tomli,1,100,0
github.com/humphd/topics-in-open-source-2025/wiki/lab-9,1,100,0
github.com/jazzband/pip-tools/issues/2239,1,100,0
github.com/kmhmubin/Face-Recognition-Attendance-System,1,0,141
github.com/llvm/llvm-project/pull/169461,1,100,0
github.com/nedbat/pkgsample,1,0,389
github.com/numpy/numpy/blob/main/INSTALL.rst,1,100,0
github.com/open3e/open3e,1,0,928
github.com/openai/whisper/pull/2435,1,100,0
github.com/openxla/xla/blob/main/docs/pjrt/pjrt_integration.md,1,0,38
github.com/openzim/_python-bootstrap/issues/54,1,100,0
github.com/oracle/oci-python-sdk,1,100,0
github.com/oracle/oci-python-sdk/tree/master,1,100,0
github.com/oskvr37/tiddl/tree/v3.1.3,1,100,0
github.com/oss-review-toolkit/ort/issues/3537,1,100,0
github.com/pypa/packaging-problems/issues/564,1,100,0
github.com/pypa/packaging.python.org/issues/643,1,100,0
github.com/pypa/packaging/issues/701,1,0,2
github.com/pypa/pip/issues/12030,1,0,1
github.com/pypa/pip/issues/7265,1,100,0
github.com/pypa/setuptools/discussions/4197,1,0,21
github.com/pypa/setuptools/discussions/4619,1,100,0
github.com/pytorch/extension-ffi/issues/6,1,100,0
github.com/ros2/ros2/issues/1738,1,100,0
github.com/sidhomj/DeepTCR/tree/master,1,100,0
github.com/tableau/connected-apps-jwt-samples/tree/main/python,1,100,0
github.com/vlachoudis/bCNC/wiki/Installation,1,100,0
github.com/wimglenn/johnnydep,1,100,0
github.ibm.com,1,100,0
globalconfluence.daiwa.global,1,100,0
google.be,1,100,0
google.ch,1,100,0
google.co.th,1,100,0
google.com.au,1,100,0
google.com/search,1,100,0
google.dk,1,0,211
google.es,1,100,0
habr.com/ru/companies/otus/articles/444204,1,100,0
hugovk.github.io,1,100,0
ia2vr.gitlabpages.inria.fr,1,100,0
innovationspace.ansys.com,1,100,0
intel.com,1,0,178
it.search.yahoo.com,1,100,0
iwiki.woa.com,1,100,0
jacobtomlinson.dev,1,100,0
jira.ew01.ent03.res,1,100,0
jira.sqpc.sqrpnt.com,1,100,0
