name,visitors
France,2309
Belgium,73
Canada,57
Singapore,57
Morocco,56
Côte d'Ivoire,45
Switzerland,42
Madagascar,30
Algeria,29
Benin,27
Cameroon,26
"Congo, The Democratic Republic of the",25
China,25
Tunisia,23
Germany,17
Réunion,17
Senegal,16
United States,15
Togo,13
Congo,12
United Kingdom,12
Italy,9
New Caledonia,9
Russian Federation,9
Netherlands,7
Spain,6
French Guiana,6
Guinea,6
Guadeloupe,6
India,6
Mexico,6
Burkina Faso,5
Haiti,5
Brazil,4
Colombia,4
Guatemala,4
Luxembourg,4
Martinique,4
Saudi Arabia,4
Ireland,3
Japan,3
Mali,3
Peru,3
Poland,3
Chad,3
Angola,2
Czechia,2
Hong Kong,2
Kenya,2
South Korea,2
Niger,2
Portugal,2
Qatar,2
Vietnam,2
United Arab Emirates,1
Australia,1
Burundi,1
Bhutan,1
Belarus,1
Chile,1
Cyprus,1
Denmark,1
Ecuador,1
Ethiopia,1
Gabon,1
Greece,1
Indonesia,1
Israel,1
Comoros,1
Mauritius,1
Nepal,1
French Polynesia,1
Philippines,1
Romania,1
Rwanda,1
Venezuela,1
Mayotte,1
South Africa,1
