property,value,visitors,events,percentage
url,(none),3084,4594,99.8
url,https://www.python.org/,26,26,0.8
url,https://www.debian.org/doc/manuals/maint-guide/first.fr.html,4,4,0.1
url,https://github.com/python/cpython/tree/3.13/Lib/pathlib/,3,3,0.1
url,https://github.com/python/cpython/tree/3.13/Lib/tkinter/__init__.py,3,4,0.1
url,https://pypi.org/,3,3,0.1
url,https://en.wikipedia.org/wiki/Turtle_(robot),2,3,0.1
url,https://github.com/python/cpython/tree/3.13/Lib/idlelib/,2,2,0.1
url,https://wiki.python.org/moin/BeginnersGuide,2,2,0.1
url,https://www.tcl.tk/man/tcl8.6/TkCmd/contents.htm,2,2,0.1
url,https://cx-freeze.readthedocs.io/en/latest/,1,1,0.0
url,https://devguide.python.org/setup/#get-the-source-code,1,2,0.0
url,https://github.com/python/cpython/tree/3.13/Lib/asyncio/protocols.py,1,1,0.0
url,https://github.com/python/cpython/tree/3.13/Lib/calendar.py,1,1,0.0
url,https://github.com/python/cpython/tree/3.13/Lib/concurrent/futures/thread.py,1,1,0.0
url,https://github.com/python/cpython/tree/3.13/Lib/datetime.py,1,1,0.0
url,https://github.com/python/cpython/tree/3.13/Lib/heapq.py,1,1,0.0
url,https://github.com/python/cpython/tree/3.13/Lib/queue.py,1,1,0.0
url,https://github.com/python/cpython/tree/3.13/Lib/re/,1,1,0.0
url,https://github.com/python/cpython/tree/3.13/Lib/threading.py,1,1,0.0
url,https://github.com/python/cpython/tree/3.13/Lib/tkinter/simpledialog.py,1,1,0.0
url,https://learn.microsoft.com/windows-hardware/drivers/kernel/high-resolution-timers,1,1,0.0
url,https://mail.python.org/mailman/listinfo/python-list,1,1,0.0
url,https://packaging.python.org/en/latest/tutorials/packaging-projects/,1,1,0.0
url,https://packaging.python.org/installing/,1,1,0.0
url,https://packaging.python.org/science/,1,1,0.0
url,https://peps.python.org/pep-0397/,1,1,0.0
url,https://peps.python.org/pep-0636/,1,1,0.0
url,https://pypi.org/project/Urwid/,1,1,0.0
url,https://tiswww.case.edu/php/chet/readline/rltop.html,1,1,0.0
url,https://tktable.sourceforge.net/tile/tile-tcl2004.pdf,1,1,0.0
url,https://wiki.python.org/moin/GuiProgramming#Cross-Platform_Frameworks,1,1,0.0
url,https://wiki.python.org/moin/GuiProgramming#Platform-specific_Frameworks,1,1,0.0
url,https://www.python.org/doc/av/,1,1,0.0
url,https://www.python.org/downloads/source/,1,1,0.0
