name,version,visitors
Chrome,132.0,7219
Microsoft Edge,132.0,4203
Chrome,131.0,4201
Firefox,134.0,1323
Opera,116.0,587
Microsoft Edge,131.0,473
Safari,18.2,299
Yandex Browser,24.12,282
Safari,18.1,245
Firefox,128.0,198
Chrome,122.0,155
Safari,17.6,142
Mobile App,(not set),141
Chrome,130.0,137
Opera,115.0,133
Opera,114.0,108
Microsoft Edge,130.0,103
Chrome,109.0,102
Firefox,133.0,96
Chrome,128.0,61
Chrome,129.0,60
Chrome,126.0,55
Safari,18.3,50
Mobile App,131.0,46
Avast Secure Browser,131.0,41
Safari,18.0,39
Safari,17.5,35
Firefox,115.0,34
Chrome,127.0,33
Microsoft Edge,133.0,30
Safari,16.6,29
Samsung Browser,27.0,25
Microsoft Edge,129.0,23
Safari,15.6,23
Microsoft Edge,92.0,22
Chrome,119.0,20
Microsoft Edge,122.0,20
Firefox,132.0,20
Quark,(not set),19
Chrome,125.0,19
Firefox,129.0,19
Firefox,131.0,19
Chrome,120.0,18
Chrome,121.0,18
Microsoft Edge,128.0,18
AVG Secure Browser,131.0,18
Chrome,134.0,18
Firefox,135.0,17
Chrome,123.0,16
Microsoft Edge,127.0,16
360 Secure Browser,(not set),15
Chrome,124.0,15
Chrome,114.0,14
Chrome,118.0,14
Mobile App,132.0,14
Microsoft Edge,126.0,13
Safari,17.4,13
Smart Lenovo Browser,9.0,12
Microsoft Edge,100.0,11
Chrome,112.0,11
Firefox,130.0,11
Safari,17.3,11
Chrome,116.0,10
Microsoft Edge,124.0,10
Safari,17.1,10
Yandex Browser,24.10,10
Mobile App,99.0,10
Microsoft Edge,120.0,9
CCleaner,131.0,9
Safari,16.1,9
Safari,16.3,9
MIUI Browser,19.0,9
Whale Browser,4.29,9
Safari,(not set),8
Firefox,102.0,8
Opera,113.0,8
Firefox,127.0,8
Microsoft Edge,18.18362,8
Microsoft Edge,18.18363,8
Opera,95.0,8
Firefox,113.0,7
Firefox,122.0,7
Microsoft Edge,125.0,7
Norton Private Browser,131.0,7
Huawei Browser Mobile,15.0,7
Safari,17.8,7
Mobile App,97.0,7
Microsoft Edge,114.0,6
Microsoft Edge,123.0,6
Firefox,125.0,6
Firefox,126.0,6
Safari,13.1,6
Chrome,133.0,6
Chrome,86.0,6
Chrome,108.0,5
Chrome,115.0,5
Microsoft Edge,116.0,5
Chrome,117.0,5
Safari,17.2,5
Opera GX,2.7,5
Chrome,87.0,5
Opera,87.0,5
Microsoft Edge,89.0,5
Chrome,98.0,5
Chrome,105.0,4
Microsoft Edge,108.0,4
Microsoft Edge,109.0,4
Microsoft Edge,113.0,4
Microsoft Edge,119.0,4
Huawei Browser,12.1,4
MIUI Browser,14.10,4
Safari,16.0,4
Safari,16.5,4
Microsoft Edge,18.19041,4
vivo Browser,23.1,4
Quark,7.7,4
Chrome,79.0,4
Firefox,110.0,3
Microsoft Edge,112.0,3
Microsoft Edge,118.0,3
Mobile App,126.0,3
Microsoft Edge,134.0,3
Firefox,134.1,3
Safari,14.0,3
Safari,14.1,3
Safari,17.0,3
Microsoft Edge,17.17134,3
Safari,17.7,3
Microsoft Edge,18.17763,3
Sogou Explorer,2,3
Firefox,78.0,3
Chrome,90.0,3
Chrome,91.0,3
Chrome,95.0,3
(not set),(not set),2
Opera,102.0,2
Chrome,103.0,2
Microsoft Edge,105.0,2
Chrome,107.0,2
Opera,109.0,2
Microsoft Edge,111.0,2
Chrome,111.0,2
Chrome,113.0,2
Mobile App,116.0,2
Microsoft Edge,117.0,2
Firefox,117.0,2
Mobile App,117.0,2
Firefox,119.0,2
Firefox,121.0,2
Firefox,123.0,2
Microsoft Edge,13.10586,2
QQ Browser,13.5,2
Avast Secure Browser,130.0,2
Avira Secure Browser,131.0,2
QQ Browser,15.9,2
Microsoft Edge,16.16299,2
Safari,16.4,2
UC Browser,17.3,2
Safari,17.9,2
Yandex Browser,24.7,2
Mobile App,64.0,2
Chrome,71.0,2
Chrome,80.0,2
Chrome,83.0,2
Opera,84.0,2
Chrome,85.0,2
Opera,86.0,2
Firefox,88.0,2
Chrome,88.0,2
Chrome,89.0,2
Microsoft Edge,90.0,2
Chrome,92.0,2
Firefox,96.0,2
Chrome,100.3,1
Chrome,101.0,1
Chrome,102.0,1
Mobile App,104.0,1
Firefox,104.0,1
Microsoft Edge,104.0,1
Firefox,107.0,1
Avast Secure Browser,109.0,1
Mobile App,109.0,1
Opera,110.0,1
Microsoft Edge,110.0,1
Opera,112.0,1
Firefox,112.0,1
Firefox,114.0,1
Mobile App,114.0,1
Firefox,116.0,1
Mobile App,119.0,1
Safari,12.1,1
QQ Browser,12.7,1
Firefox,120.0,1
Microsoft Edge,121.0,1
Firefox,124.0,1
Iron,129.0,1
Mobile App,129.0,1
QQ Browser,13.3,1
QQ Browser,13.4,1
Mobile App,130.0,1
Chrome,132,1
Mobile App,133.0,1
Firefox,134,1
Firefox,136.0,1
Microsoft Edge,14.14393,1
Safari,15.1,1
Microsoft Edge,15.15063,1
Safari,15.3,1
Safari,15.5,1
Samsung Browser,17.0,1
Safari,18.100000,1
Microsoft Edge,18.19043,1
Safari,18.4,1
MIUI Browser,18.7,1
Yandex Browser,22.5,1
Yandex Browser,23.11,1
Yandex Browser,23.7,1
Yandex Browser,24.4,1
Samsung Browser,26.0,1
Pale Moon,28.15,1
Samsung Browser,3.0,1
Whale Browser,3.24,1
Sleipnir,3.8,1
Puffin,5.2,1
Firefox,52.0,1
Mobile App,52.0,1
Firefox,54.0,1
QQ Browser,6.2,1
Seznam Browser,6.24,1
QtWebEngine,6.7,1
QtWebEngine,6.8,1
Chrome,62.0,1
Chrome,69.2,1
Mobile App,70.0,1
Firefox,72.0,1
Chrome,72.0,1
Chrome,74.0,1
Mobile App,81.0,1
Firefox,82.0,1
Mobile App,83.0,1
Firefox,84.0,1
Firefox,85.0,1
Chromium GOST,87.0,1
Firefox,87.0,1
Firefox,91.0,1
Firefox,92.0,1
Firefox,93.0,1
Openwave Mobile Browser,93.4,1
Opera,98.0,1
Firefox,98.0,1
Microsoft Edge,99.0,1
Chrome,99.0,1
