name,visitors
São Paulo,739
Rio de Janeiro,190
Minas Gerais,165
Paraná,134
Rio Grande do Sul,100
Santa Catarina,86
Pernambuco,80
Ceará,72
Federal District,72
Goiás,61
Bahia,59
Espírito Santo,44
Paraíba,44
Pará,42
Lisbon,40
Amazonas,39
Alagoas,26
Maranhão,25
Porto,21
Mato Grosso,20
Rio Grande do Norte,20
Piauí,17
Sergipe,15
Braga,15
Mato Grosso do Sul,13
Luanda,12
Rondônia,12
Acre,8
Roraima,7
Leiria,7
Aveiro,6
Tocantins,5
Setúbal,5
Maputo,4
Viseu,4
Amapá,3
Coimbra,3
Vila Real,3
Vaud,2
Beijing,2
England,2
Lazio,2
Castelo Branco,2
Faro,2
Portalegre,2
Santarém,2
Massachusetts,2
Vienna,1
Flanders,1
Santiago Metropolitan,1
Hubei,1
Antioquia,1
Huila,1
Baden-Württemberg,1
Catalonia,1
Madrid Autonomous Community,1
East Java,1
Telangāna,1
Shizuoka,1
Mexico State,1
Nampula,1
Sofala,1
Province 5,1
Auckland,1
Beja,1
Guarda,1
Västra Götaland,1
Dili,1
California,1
Florida,1
Georgia,1
