name,unique_entrances,total_entrances,visit_duration
/3/,8936,9136,149
/3/library/venv.html,4563,4649,47
/3/library/functions.html,3975,4123,118
/3/library/stdtypes.html,3571,3737,139
/3/tutorial/index.html,3245,3376,166
/3/tutorial/datastructures.html,2309,2384,109
/3/library/datetime.html,2289,2373,75
/3/library/tkinter.html,2187,2236,87
/3/tutorial/,2141,2360,99
/3/library/index.html,1900,1991,174
/3/library/turtle.html,1779,1909,103
/3/library/re.html,1723,1804,101
/3/library/idle.html,1710,1729,51
/3/library/random.html,1703,1750,71
/3/library/typing.html,1532,1575,93
/3/search.html,1432,1531,233
/3/library/csv.html,1369,1422,98
/3/library/collections.html,1365,1407,81
/3/library/math.html,1227,1276,98
/3/tutorial/controlflow.html,1156,1218,139
/3/tutorial/classes.html,1060,1098,109
/3/tutorial/errors.html,1030,1058,67
/3/library/itertools.html,1008,1048,84
/3/library/argparse.html,966,1007,99
/3/library/logging.html,904,943,123
/3/library/os.html,899,935,186
/3/library/sqlite3.html,880,927,138
/3/library/exceptions.html,878,900,102
/3/tutorial/inputoutput.html,870,894,102
/3/library/multiprocessing.html,820,875,116
/3/library/subprocess.html,810,834,87
/3/library/pathlib.html,809,833,144
/3/library/dataclasses.html,784,812,114
/3/library/string.html,765,778,100
/3/library/heapq.html,743,763,70
/3/library/time.html,726,738,91
/3/library/json.html,719,731,116
/3/tutorial/modules.html,713,736,134
/3/library/asyncio.html,680,701,112
/3/tutorial/introduction.html,680,704,193
/3/using/windows.html,669,677,65
/3/library/unittest.html,655,681,74
/3/howto/sorting.html,644,659,80
/3/library/enum.html,633,649,89
/3/tutorial/venv.html,627,639,58
/3/library/asyncio-task.html,621,640,164
/3/tutorial/interpreter.html,609,630,186
/3/library/threading.html,605,624,190
/3/reference/datamodel.html,578,604,148
/3/using/mac.html,545,552,55
/3/library/functools.html,539,554,89
/3/library/socket.html,538,560,99
/3/installing/index.html,531,545,47
/3/glossary.html,523,542,153
/3/library/os.path.html,500,511,118
/3/library/pickle.html,475,486,64
/3/library/sys.html,455,463,133
/3/whatsnew/3.13.html,450,459,161
/3/py-modindex.html,449,480,114
/3/library/struct.html,394,404,127
/3/reference/index.html,390,398,208
/3/library/unittest.mock.html,386,419,84
/3/library/concurrent.futures.html,383,399,82
/3/howto/logging.html,377,391,149
/3/library/xml.etree.elementtree.html,375,397,191
/3/tutorial/appetite.html,374,382,310
/3/library/,364,378,191
/3/library/copy.html,362,369,42
/zh-cn/3/tutorial/index.html,342,354,144
/es/3/tutorial/,340,353,149
/zh-cn/3/,337,347,178
/3/library/shutil.html,332,341,144
/3/reference/expressions.html,316,329,103
/3/reference/import.html,304,309,100
/3/library/hashlib.html,301,311,95
/3/library/http.server.html,296,302,83
/3/library/queue.html,296,303,107
/3/reference/lexical_analysis.html,290,299,154
/3/howto/regex.html,288,308,116
/3/library/pdb.html,286,296,74
/3/library/io.html,276,282,125
/3/library/tk.html,276,280,144
/3/reference/compound_stmts.html,275,283,108
/3/library/abc.html,269,275,97
/3/using/cmdline.html,266,272,131
/3/library/pprint.html,258,260,23
/3/library/tempfile.html,256,262,116
/3/tutorial/floatingpoint.html,249,258,90
/3/index.html,247,257,268
/fr/3/tutorial/,246,252,114
/3/download.html,244,246,92
/3/contents.html,241,245,198
/3/library/zipfile.html,241,249,99
/3/library/operator.html,239,243,135
/3/library/asyncio-eventloop.html,234,242,129
/3/using/android.html,227,232,91
/3/library/tkinter.ttk.html,223,232,104
/3/library/bisect.html,221,226,79
/3/library/decimal.html,217,225,63
/3/library/ast.html,213,218,83
/3/library/contextlib.html,211,219,152
/3/library/configparser.html,209,217,83
/3/library/uuid.html,206,211,71
/3/library/urllib.parse.html,205,208,135
/3/library/array.html,199,201,93
/3/license.html,197,199,66
/3/library/glob.html,192,194,118
/3/library/__main__.html,191,192,116
/3/howto/argparse.html,182,187,111
/3/library/smtplib.html,181,186,93
/3/library/timeit.html,180,184,95
/3/library/ctypes.html,179,186,130
/3/library/urllib.request.html,174,178,204
/3/extending/extending.html,166,172,82
/3/library/ensurepip.html,166,168,53
/3/library/profile.html,166,177,79
/3/library/ipaddress.html,164,172,56
/3/reference/simple_stmts.html,162,166,213
/3/library/warnings.html,158,161,91
/3/howto/unicode.html,155,157,54
/3/using/index.html,148,149,161
/3/library/difflib.html,144,150,37
/3/library/codecs.html,141,147,121
/3/library/tkinter.messagebox.html,140,143,55
/3/library/collections.abc.html,137,141,131
/3/library/webbrowser.html,135,140,71
/3/library/importlib.html,134,137,198
/zh-cn/3/library/index.html,134,146,202
/3/howto/sockets.html,128,131,150
/3/library/base64.html,127,135,134
/3/library/ssl.html,125,129,85
/3/library/statistics.html,125,129,74
/3/howto/curses.html,122,125,163
/3/howto/enum.html,122,124,123
/3/library/email.examples.html,121,124,81
/3/library/logging.handlers.html,121,124,122
/3/faq/,117,117,171
/3/library/inspect.html,116,119,119
/3/library/urllib.html,113,113,183
/3/library/traceback.html,110,114,51
/3/library/calendar.html,109,115,90
/3/faq/windows.html,108,111,58
/uk/3/library/ipaddress.html,108,109,34
/3/library/secrets.html,107,111,120
/3/library/asyncio-sync.html,105,107,187
/3/library/html.parser.html,102,102,87
/3/howto/logging-cookbook.html,101,112,162
/3/howto/descriptor.html,100,107,168
/3/library/constants.html,99,99,230
/es/3/tutorial/index.html,98,101,187
/3/library/asyncio-queue.html,97,97,189
/3/library/signal.html,96,98,109
/3/reference/grammar.html,96,97,25
/3/whatsnew/3.12.html,93,93,62
/zh-cn/3/library/turtle.html,93,95,176
/3/library/dialog.html,92,92,106
/3/howto/functional.html,91,95,103
/3/library/textwrap.html,90,93,63
/3/using/ios.html,90,90,36
/ja/3/library/tkinter.ttk.html,90,90,1
/3/library/curses.html,89,95,56
/3/library/http.client.html,87,95,149
/zh-cn/3/tutorial/,87,87,195
/3/using/unix.html,86,88,59
/3/c-api/index.html,85,86,368
/3/library/doctest.html,85,86,50
/3/library/gc.html,83,86,16
/zh-cn/3/library/functions.html,82,84,156
/3/library/logging.config.html,81,82,194
/3/library/datatypes.html,80,80,341
/3/library/tomllib.html,77,79,72
/3.13/,75,75,513
/3/faq/general.html,73,73,126
/3/library/asyncio-stream.html,73,75,259
/3/library/wave.html,73,77,60
/3/library/fnmatch.html,72,72,132
/3/reference/introduction.html,72,77,188
/3/library/fractions.html,71,74,102
/3/library/http.html,70,72,93
/3/library/socketserver.html,70,72,103
/3/tutorial/stdlib.html,70,70,342
/ja/3/,70,72,267
/pt-br/3/tutorial/index.html,70,74,447
/3.13/tutorial/index.html,68,68,413
/3/library/getpass.html,68,70,53
/3/library/types.html,67,68,142
/es/3/,67,69,112
/uk/3/howto/ipaddress.html,67,68,15
/3/howto/index.html,66,72,340
/3/library/dis.html,66,67,69
/3/library/filesys.html,66,68,214
/3/library/imaplib.html,66,70,189
/3/library/pydoc.html,66,66,178
/zh-cn/3/library/venv.html,66,69,8
/ja/3/library/functions.html,64,66,149
/pt-br/3/,64,75,105
/3/library/cmath.html,63,64,206
/3/library/tarfile.html,63,65,89
/pt-br/3/tutorial/,63,64,198
/3/c-api/memory.html,62,66,200
/3/library/zoneinfo.html,62,64,69
/zh-tw/3/tutorial/index.html,61,66,75
/3/library/asyncio-runner.html,60,61,264
/3/library/ftplib.html,60,62,178
/3/library/gzip.html,60,63,108
/ja/3/tutorial/index.html,60,63,207
/3/extending/embedding.html,59,62,71
/pt-br/3/library/venv.html,59,62,34
/3/whatsnew/index.html,58,58,84
/3/library/intro.html,57,58,166
/3/library/zipimport.html,57,57,16
/3/whatsnew/3.8.html,57,58,74
/3/library/unicodedata.html,56,56,43
/ja/3/library/index.html,55,55,392
/ja/3/library/stdtypes.html,55,56,198
/ja/3/tutorial/,54,59,92
/zh-tw/3/tutorial/,54,54,92
/3/library/asyncio-future.html,53,54,130
/3/library/cmd.html,53,57,136
/3/library/zlib.html,53,54,41
/pt-br/3/library/tkinter.html,53,54,157
/3/howto/annotations.html,52,53,38
/3/library/asyncio-dev.html,52,57,94
/3/whatsnew/3.10.html,52,52,78
/es/3/tutorial/appetite.html,52,52,135
/3/reference/,51,53,240
/3/library/multiprocessing.shared_memory.html,50,51,127
/3/whatsnew/3.11.html,50,52,172
/zh-cn/3/using/index.html,50,50,49
/3/library/atexit.html,49,51,71
/3/library/distutils.html,49,50,96
/3.14/,48,49,368
/3/library/asyncio-subprocess.html,48,50,201
/3/library/binascii.html,48,48,80
/3/library/shlex.html,48,49,31
/3/library/site.html,47,47,41
/3/faq/programming.html,46,48,294
/3/library/cgi.html,46,46,276
/3/library/contextvars.html,46,47,106
/3/library/mmap.html,46,47,63
/es/3/tutorial/introduction.html,46,48,50
/ja/3/reference/introduction.html,46,46,0
/3/genindex.html,44,44,469
/3/library/select.html,43,43,108
/3/library/tokenize.html,42,43,116
/3/library/winsound.html,42,42,76
/3/tutorial/stdlib2.html,42,44,266
/3/library/__future__.html,41,41,90
/3/library/mimetypes.html,41,42,31
/pt-br/3/library/stdtypes.html,41,43,100
/zh-cn/3/tutorial/interpreter.html,41,41,197
/3/library/email.html,40,41,309
/3/library/tracemalloc.html,40,41,63
/zh-cn/3/search.html,40,45,421
/zh-cn/3/tutorial/controlflow.html,40,41,224
/3/library/locale.html,39,39,48
/3/library/telnetlib.html,39,40,81
/3/library/unittest.mock-examples.html,39,39,189
/3/reference/executionmodel.html,39,39,214
/es/3/tutorial/interpreter.html,39,45,275
/zh-cn/3/library/idle.html,39,39,18
/zh-cn/3/library/math.html,39,49,234
/3/library/platform.html,38,38,112
/es/3/tutorial/controlflow.html,38,39,200
/3/extending/index.html,37,37,137
/3/howto/urllib2.html,37,38,241
/3/tutorial/appendix.html,37,37,181
/3/library/weakref.html,36,39,66
/zh-cn/3/reference/index.html,36,39,116
/3/library/lzma.html,35,36,34
/3/library/readline.html,35,36,228
/3/library/sched.html,35,37,65
/es/3/library/stdtypes.html,35,37,0
/zh-tw/3/howto/sorting.html,35,36,5
/3/library/hmac.html,33,33,148
/pt-br/3/library/functions.html,33,33,36
/3/genindex-Symbols.html,32,32,57
/3/library/concurrency.html,32,33,210
/3/library/fileinput.html,32,32,242
/3/library/numeric.html,32,32,222
/3/library/stat.html,32,33,125
/3/library/xml.html,32,32,349
/pl/3/tutorial/index.html,32,32,162
/pt-br/3/library/string.html,32,33,76
/pt-br/3/tutorial/controlflow.html,32,32,70
/3/library/fcntl.html,31,31,88
/3/library/numbers.html,31,31,217
/3/library/sys_path_init.html,31,31,149
/pt-br/3/library/math.html,31,31,218
/pt-br/3/tutorial/classes.html,31,31,130
/3.13/using/windows.html,30,30,1010
/3/library/gettext.html,30,30,231
/es/3/library/index.html,30,30,66
/pt-br/3/library/random.html,30,30,54
/3/library/colorsys.html,29,29,170
/3/library/html.html,29,29,125
/3/library/shelve.html,29,31,59
/3/using/configure.html,29,29,165
/es/3/tutorial/datastructures.html,29,30,39
/pt-br/3/tutorial/datastructures.html,29,30,83
