name,visitors,pageviews,bounce_rate,time_on_page,scroll_depth
/ja/latest/tutorials/installing-packages/,121,124,82,240,41
/ja/latest/guides/installing-using-pip-and-virtual-environments/,87,91,94,61,53
/ja/latest/guides/writing-pyproject-toml/,53,53,91,34,43
/ja/latest/tutorials/packaging-projects/,26,27,73,85,45
/ja/latest/discussions/setup-py-deprecated/,9,9,67,21,45
/ja/latest/glossary/,8,6,50,8,63
/ja/latest/guides/distributing-packages-using-setuptools/,8,11,40,89,54
/ja/latest/discussions/src-layout-vs-flat-layout/,7,7,71,133,88
/ja/latest/tutorials/managing-dependencies/,7,6,100,139,89
/ja/latest/flow/,6,4,0,21,74
/ja/latest/guides/,5,4,0,5,80
/ja/latest/guides/modernize-setup-py-project/,5,5,75,219,32
/ja/latest/guides/packaging-namespace-packages/,5,5,80,56,76
/ja/latest/overview/,5,4,0,9,13
/ja/latest/search/,5,4,0,2,67
/ja/latest/specifications/pyproject-toml/,5,5,100,9,78
/ja/latest/discussions/,4,3,0,5,94
/ja/latest/guides/publishing-package-distribution-releases-using-github-actions-ci-cd-workflows/,4,4,100,16,42
/ja/latest/specifications/binary-distribution-format/,4,4,100,11,20
/ja/latest/tutorials/,4,4,0,11,98
/ja/latest/,3,4,0,5,52
/ja/latest/discussions/install-requires-vs-requirements/,3,2,100,10,98
/ja/latest/guides/installing-stand-alone-command-line-tools/,3,3,100,31,46
/ja/latest/guides/tool-recommendations/,3,4,0,5,84
/ja/latest/key_projects/,3,3,0,10,53
/ja/latest/specifications/core-metadata/,3,7,33,71,50
/ja/latest/specifications/license-expression/,3,4,0,26,100
/ja/latest/contribute/,2,6,0,27,62
/ja/latest/discussions/package-formats/,2,2,100,1,24
/ja/latest/discussions/versioning/,2,2,100,5,17
/ja/latest/guides/installing-using-linux-tools/,2,2,50,4,31
/ja/latest/specifications/,2,2,0,2,55
/ja/latest/specifications/dependency-specifiers/,2,3,50,39,67
/ja/latest/specifications/name-normalization/,2,1,100,4,93
/ja/latest/specifications/section-distribution-metadata/,2,3,0,5,96
/ja/latest/specifications/version-specifiers/,2,2,100,12,23
/ja/latest/discussions/deploying-python-applications/,1,1,100,,
/ja/latest/discussions/distribution-package-vs-import-package/,1,1,0,30,100
/ja/latest/guides/installing-using-virtualenv/,1,1,100,2,100
/ja/latest/guides/migrating-to-pypi-org/,1,1,0,,
/ja/latest/guides/section-install/,1,1,0,3,95
/ja/latest/guides/using-manifest-in/,1,2,0,5,100
/ja/latest/specifications/direct-url/,1,1,100,8,100
/ja/latest/specifications/externally-managed-environments/,1,1,100,,
/ja/latest/specifications/inline-script-metadata/,1,1,100,10,22
/ja/latest/specifications/recording-installed-packages/,1,1,100,13,25
/ja/latest/specifications/virtual-environments/,1,1,100,37,79
