name,visitors,bounce_rate,visit_duration
Direct / None,2992,68,239
Google,744,84,356
python.org,149,78,221
Bing,99,79,285
peps.python.org,50,78,24
Yandex,39,87,236
DuckDuckGo,28,50,910
Baidu,24,67,71
edimension.sutd.edu.sg,22,0,4302
GitHub,19,88,65
pit-virtual.uni.edu.pe,12,77,26
Microsoft Teams,11,82,118
chatgpt.com,9,60,470
Yahoo!,7,60,159
Ecosia,6,0,1340
Qwant,6,100,850
Brave,5,0,32
campus110.unad.edu.co,4,67,180
link.zhihu.com,4,75,119
login.microsoftonline.com,3,100,8
lrps.wgu.edu,3,100,0
moodle.gymnasedebeaulieu.ch,3,0,1713
pypdf.readthedocs.io,3,100,0
pypi.org,3,100,11
python.sdv.u-paris.fr,3,100,0
qiita.com,3,50,297
Slack,2,100,0
bitbucket.org,2,50,156
campus109.unad.edu.co,2,100,0
codecademy.cn,2,0,109
doubao.com,2,0,166
hitachigroup.okta.com,2,100,0
jacychu.medium.com,2,100,0
km.woa.com,2,100,0
learn.zybooks.com,2,100,0
lmsexpertasuacoursera.unad.edu.co,2,50,48
networkx.org,2,0,604
pythonspeed.com,2,100,0
realpython.com,2,100,33
redmine.swemel.grp,2,50,40
udemy.com,2,100,0
127.0.0.1,1,0,2071
Facebook,1,100,0
Perplexity,1,100,0
StackOverflow,1,0,26
Wikipedia,1,0,60
agora.uned.es,1,0,5
aiosmtplib.readthedocs.io,1,0,459
betterstack.com,1,0,0
blog.csdn.net,1,0,0
blog.pyq.jp,1,0,132
bytedance.larkoffice.com,1,0,679
chat.baidu.com,1,0,0
chat.deepseek.com,1,0,43
clouddragon.huawei.com,1,100,0
cnblogs.com,1,0,16
courses.grainger.illinois.edu,1,100,0
dev.napatech.com,1,100,0
devdocs.io,1,100,0
discuss.python.org,1,0,1545
dnmtechs.com,1,0,0
docs.pydantic.dev,1,0,565
erlabpy.readthedocs.io,1,100,0
es.python.org,1,0,805
faculty.otterbein.edu,1,100,0
freekb.net,1,100,0
ithelp.ithome.com.tw,1,0,595
iwiki.woa.com,1,0,152
jre-training.com,1,0,586
kitt.lewagon.com,1,100,0
langchain-ai.github.io,1,0,6173
learn.microsoft.com,1,0,49
legendary-giggle-x5rw6rx79g47h64jx.github.dev,1,100,0
link.csdn.net,1,0,62
linuxvox.com,1,0,79
mdu.inspera.com,1,0,10659
me.sap.com,1,100,0
medium.com,1,0,6
metanit.com,1,0,35
my.tbank.ru,1,0,91
note.nkmk.me,1,0,906
notion.so,1,0,26
ntp.msn.cn,1,100,0
petermcconnell.com,1,100,0
pl.python.org,1,0,107
pucminas.instructure.com,1,100,0
pymongo.readthedocs.io,1,0,54
python-forum.io,1,100,0
python.github.net.cn,1,0,0
python.jp,1,0,181
quality-analysis.thalesdigital.io,1,100,0
rp.netease.com,1,0,2530
scikit-learn.org,1,0,27
wenxiaobai.com,1,0,47
wiki.python.org,1,0,0
