name,visitors,pageviews,bounce_rate,time_on_page,scroll_depth
/downloads/,251643,344783,64,38,26
/,152802,189197,51,52,43
/downloads/windows/,86641,98394,56,75,13
/downloads/release/python-3133/,80025,84010,63,43,74
/downloads/release/python-3922/,22710,23091,39,38,74
/search/,12140,16536,41,24,54
/downloads/macos/,11922,13887,53,27,14
/downloads/release/python-31112/,10898,11922,33,68,79
/about/gettingstarted/,10692,10897,60,31,60
/doc/,8111,8840,43,21,51
/downloads/release/python-3100/,7446,8063,66,37,77
/downloads/release/python-31210/,6781,6060,75,34,79
/downloads/release/python-3110/,6518,6942,66,42,76
/downloads/release/python-31017/,5971,6423,35,35,80
/downloads/source/,5886,5896,56,26,15
/psf-landing/,5412,5967,35,12,41
/downloads/release/python-3120/,4397,4643,58,26,71
/about/,4135,4172,44,18,43
/downloads/release/python-3132/,3770,3632,62,31,65
/downloads/release/python-3119/,3737,3580,74,37,79
/downloads/release/python-31011/,3245,3177,74,36,82
/download/other/,3038,2940,47,27,66
/downloads/release/python-390/,2808,2971,60,37,75
/jobs/,2689,2734,54,27,31
/downloads/release/python-31111/,2686,2566,37,27,79
/community/,2660,2606,53,20,47
/downloads/release/python-3130/,2538,2593,64,32,64
/downloads/release/python-3140b1/,2249,1873,56,24,67
/downloads/release/python-3106/,2242,2559,77,27,80
/downloads/release/python-3820/,2223,2278,38,40,79
/download/pre-releases/,2162,2040,34,11,71
/downloads/release/python-31016/,2160,1988,33,28,79
/download/releases/,2084,1805,26,11,76
/downloads/release/python-380/,2025,2141,58,41,71
/about/apps/,1817,1784,55,39,54
/downloads/release/python-3810/,1732,1687,73,48,78
/downloads/release/python-3109/,1731,1833,71,33,80
/downloads/release/python-3129/,1683,1498,76,33,77
/doc/versions/,1635,1699,72,21,28
/downloads/release/python-31013/,1573,1930,33,30,80
/downloads/release/python-3913/,1424,1391,71,34,78
/downloads/release/python-3123/,1415,1431,67,34,74
/downloads/release/python-31110/,1353,1352,32,27,78
/downloads/release/python-31015/,1315,1184,35,25,79
/downloads/release/python-370/,1138,1207,57,40,68
/downloads/release/python-2718/,1094,1100,77,36,72
/downloads/release/python-3124/,1056,1039,61,29,69
/downloads/release/python-31012/,988,1145,38,35,79
/downloads/release/python-3921/,977,875,45,29,78
/blogs/,970,980,52,15,56
/downloads/release/python-31010/,964,920,70,29,79
/downloads/release/python-31014/,964,862,33,27,79
/downloads/release/python-3128/,957,891,77,35,76
/downloads/release/python-3118/,945,912,72,29,78
/shell/,935,1052,72,43,38
/getit/,907,950,54,69,29
/downloads/release/python-3114/,857,850,61,30,71
/downloads/release/python-3717/,763,784,41,36,76
/downloads/release/python-379/,724,738,63,41,74
/downloads/release/python-3920/,699,602,48,24,79
/success-stories/,643,588,61,16,34
/community/logos/,626,802,77,17,61
/downloads/release/python-3127/,558,575,74,41,78
/downloads/release/python-3131/,539,539,68,66,72
/downloads/release/python-3125/,530,492,62,30,69
/downloads/release/python-360/,520,537,57,47,68
/events/,500,487,56,25,25
/downloads/release/python-3819/,490,427,44,26,77
/downloads/release/python-3126/,475,439,68,34,75
/downloads/release/python-368/,466,489,65,39,73
/download/releases/2.7/,465,500,67,26,64
/downloads/release/python-3116/,464,449,74,30,77
/downloads/release/python-3919/,457,378,37,20,77
/downloads/release/python-3111/,420,416,67,25,75
/downloads/release/python-3122/,407,383,80,32,75
/downloads/release/python-3918/,406,369,47,31,77
/downloads/release/python-3117/,401,399,76,37,82
/downloads/release/python-3115/,396,373,77,35,79
/about/help/,382,345,56,20,53
/downloads/release/,361,353,22,17,73
/downloads/release/python-3818/,350,309,48,27,76
/downloads/release/python-3112/,348,338,73,36,77
/download,342,359,40,11,66
/downloads/release/python-3105/,331,361,76,37,82
/downloads/release/python-3121/,324,312,58,32,73
/downloads/release/python-377/,320,444,53,68,66
/doc/essays/blurb/,309,331,75,43,61
/download/alternatives/,307,293,51,38,63
/accounts/login/,292,387,44,23,54
/doc/av/,281,245,49,35,42
/downloads/release/python-3817/,272,224,39,27,79
/getit/windows/,271,267,53,32,11
/download/releases/3.0/,267,276,57,16,52
/downloads/release/python-3113/,263,267,66,34,74
/downloads/release/python-3816/,257,220,55,37,76
/psf/donations/,257,241,56,18,47
/downloads/release/python-3107/,253,207,80,30,79
/downloads/release/python-373/,253,257,58,70,79
/downloads/release/python-382/,251,274,58,36,72
/downloads/release/python-396/,248,258,73,29,77
