name,visitors
Mazovia,115
Lesser Poland,44
Greater Poland,37
Silesia,27
Pomerania,22
Lower Silesia,20
Łódź,18
Kuyavia-Pomerania,13
Subcarpathia,11
West Pomerania,10
Lublin,7
Podlachia,6
Lubusz,5
England,4
Opole,4
São Paulo,3
Holy Cross,3
Moscow,3
Prague,2
Brest,1
Minsk,1
San José,1
Brandenburg,1
Lower Saxony,1
Saxony,1
Päijät-Häme,1
Auvergne-Rhône-Alpes,1
Nouvelle-Aquitaine,1
Telangāna,1
Capital,1
Osaka,1
Seoul,1
NC-S,1
Friesland,1
North Brabant,1
Oslo,1
Warmia-Masuria,1
Khabarovsk Krai,1
Saint Petersburg,1
Istanbul,1
Sevastopol,1
Virginia,1
