name,version,visitors
Windows,10,3051
Mac,10.15,721
GNU/Linux,(not set),267
Android,10,108
Ubuntu,(not set),87
Android,14,51
iOS,18.3,45
Android,12,27
Android,13,22
Android,15,20
Windows,7,14
Android,11,7
Chrome OS,14541.0,6
iOS,15.0,4
HarmonyOS,2.2,4
HarmonyOS,3.0,4
iOS,17.5,3
iOS,17.7,3
HarmonyOS,(not set),2
iOS,16.5,2
iOS,16.7,2
iPadOS,17.7,2
iOS,18.1,2
iOS,18.2,2
iOS,18.4,2
Windows,8,2
Fire OS,8,2
Windows,8.1,2
Android,9,2
FreeBSD,(not set),1
Windows,(not set),1
Mac,10.11,1
Mac,10.13,1
Mac,10.14,1
iOS,15.5,1
iPadOS,15.8,1
iOS,16.1,1
iOS,16.6,1
iPadOS,17.3,1
iOS,17.4,1
iOS,17.6,1
iOS,18.0,1
Android,8.1,1
Windows,XP,1
