name,unique_exits,total_exits,exit_rate
/downloads/,141249,145376,47.3
/,78645,80646,46.2
/downloads/windows/,50379,51875,58.3
/downloads/release/python-3140/,31581,32031,45.5
/downloads/release/python-3139/,7145,7293,51.2
/downloads/release/python-3925/,4852,4859,29.5
/downloads/macos/,4671,4729,51.6
/about/gettingstarted/,4548,4634,54.2
/search/,4188,4216,29.5
/downloads/release/pymanager-250/,4093,4127,49.8
/doc/,3059,3109,46.5
/downloads/release/python-3120/,2877,2948,56.8
/downloads/release/python-3110/,2833,2906,61.6
/downloads/release/python-3119/,2584,2645,69.0
/downloads/release/python-3100/,2230,2296,62.7
/psf-landing/,1795,1810,29.1
/downloads/release/python-31011/,1697,1756,69.1
/downloads/release/python-3106/,1540,1602,74.3
/downloads/source/,1454,1475,37.5
/downloads/release/python-31114/,1241,1244,23.8
/downloads/release/python-3135/,1228,1248,50.0
/downloads/release/python-31212/,1214,1205,24.2
/downloads/release/python-3130/,1181,1204,56.5
/shell/,1156,1164,65.4
/about/,1099,1121,28.3
/downloads/android/,1063,1069,38.2
/jobs/,953,961,36.2
/downloads/release/python-31210/,925,951,69.2
/community/,850,859,36.3
/downloads/release/python-3137/,850,889,62.1
/download/other/,708,709,40.6
/downloads/release/python-3126/,701,716,60.1
/downloads/release/python-31019/,698,704,24.4
/downloads/release/python-390/,684,697,52.4
/getit/,682,694,53.0
/downloads/release/python-3127/,650,669,62.5
/downloads/release/python-3810/,613,632,60.9
/downloads/release/python-380/,609,619,50.2
/about/apps/,559,564,42.6
/download/pre-releases/,541,541,21.0
/downloads/release/python-3150a1/,519,521,44.2
/downloads/release/python-3124/,451,450,48.5
/downloads/release/python-370/,377,381,50.3
/blogs/,363,372,35.2
/downloads/release/python-3913/,362,372,66.9
/downloads/release/python-3118/,359,366,64.8
/downloads/release/python-3123/,337,341,53.0
/downloads/release/python-3138/,303,308,58.2
/downloads/release/python-3133/,298,306,52.2
/downloads/release/python-3128/,295,301,59.6
/downloads/release/python-2718/,268,274,67.8
/downloads/release/python-3129/,237,239,59.6
/downloads/release/python-3132/,232,234,60.9
/downloads/release/python-31010/,230,235,61.0
/download/releases/,224,221,17.5
/success-stories/,215,216,34.1
/downloads/release/python-3109/,214,221,69.3
/downloads/release/python-31211/,213,216,25.4
/doc/versions/,211,217,54.8
/downloads/release/python-31113/,205,210,24.4
/downloads/release/python-3116/,204,212,64.8
/community/logos/,200,202,49.5
/getit/windows/,196,199,52.0
/downloads/release/python-3114/,184,191,58.6
/downloads/release/python-3136/,177,179,55.8
/downloads/release/python-379/,171,177,58.8
/downloads/release/python-3117/,167,178,55.6
/downloads/release/python-31012/,164,166,30.3
/downloads/release/python-3131/,162,164,54.3
/download/releases/2.7/,156,158,62.0
/doc/essays/blurb/,149,152,76.8
/downloads/release/python-3115/,149,153,58.2
/downloads/release/python-360/,149,151,52.1
/downloads/release/python-31018/,143,144,26.7
/downloads/release/python-3105/,143,150,64.9
/downloads/release/python-3111/,141,146,52.0
/downloads/release/python-3121/,141,141,51.3
/downloads/release/python-3125/,138,145,58.9
/downloads/release/python-3122/,134,139,50.4
/about/help/,132,132,45.5
/downloads/release/python-3820/,129,128,29.4
/events/,128,127,53.6
/downloads/release/python-31013/,121,123,24.5
/downloads/release/python-3134/,121,128,58.2
/downloads/release/python-386/,120,123,53.9
/doc/av/,116,118,51.1
/downloads/release/python-377/,112,115,39.7
/downloads/release/python-31110/,111,112,25.4
/downloads/release/python-368/,110,111,53.6
/accounts/login/,109,108,19.0
/downloads/release/python-31111/,103,102,23.5
/psf/donations/,101,103,46.6
/downloads/release/python-385/,99,99,50.0
/success-stories/category/education/,99,101,42.1
/download,98,97,33.1
/download/releases/3.0/,97,98,47.1
/downloads/release/python-3108/,95,96,65.8
/downloads/release/python-3924/,93,93,21.6
/events/python-user-group/1834/,92,92,81.4
/downloads/release/python-31112/,91,91,22.1
