name,visitors,pageviews,bounce_rate,time_on_page,scroll_depth
/3.14/whatsnew/3.14.html,418,488,70,87,22
/3.14/,280,276,43,9,73
/3.14/using/windows.html,105,107,80,51,10
/3.14/tutorial/index.html,104,105,56,25,52
/3.14/index.html,42,41,68,25,71
/3.14/library/index.html,29,39,38,20,45
/3.14/search.html,28,40,17,22,78
/zh-cn/3.14/whatsnew/3.14.html,27,25,83,53,26
/3.14/whatsnew/changelog.html,23,23,88,253,2
/3.14/whatsnew/3.13.html,21,25,45,42,4
/3.14/tutorial/interpreter.html,19,19,25,105,84
/zh-cn/3.14/,18,14,25,10,77
/3.14/download.html,17,13,75,150,78
/3.14/tutorial/appetite.html,16,14,67,24,82
/zh-cn/3.14/tutorial/index.html,16,17,83,27,81
/3.14/tutorial/controlflow.html,15,12,71,235,35
/3.14/library/uuid.html,14,15,70,171,61
/3.14/tutorial/,14,14,45,9,39
/zh-cn/3.14/library/index.html,14,20,67,35,56
/3.14/library/stdtypes.html,13,9,60,33,23
/3.14/contents.html,12,14,40,124,2
/3.14/library/functions.html,12,10,50,88,43
/3.14/py-modindex.html,11,12,0,23,62
/3.14/tutorial/introduction.html,11,10,50,42,56
/3.14/glossary.html,10,6,100,15,55
/3.14/using/index.html,10,8,50,21,75
/3.14/whatsnew/index.html,10,7,0,6,7
/zh-cn/3.14/tutorial/introduction.html,10,12,80,140,80
/3.14/installing/index.html,9,6,100,14,49
/3.14/reference/compound_stmts.html,9,6,50,49,23
/3.14/library/asyncio-stream.html,8,7,100,2,12
/zh-cn/3.14/index.html,8,7,50,5,82
/3.14/library/idle.html,7,5,100,8,32
/3.14/library/pdb.html,7,5,100,117,14
/3.14/library/sys.html,7,6,100,54,59
/3.14/reference/index.html,7,6,33,15,70
/zh-cn/3.14/download.html,7,6,100,19,88
/zh-cn/3.14/tutorial/controlflow.html,7,7,100,149,25
/zh-cn/3.14/tutorial/datastructures.html,7,5,0,54,10
/3.14/genindex-X.html,6,4,100,1,40
/3.14/howto/index.html,6,5,0,6,81
/3.14/library/compression.zstd.html,6,6,80,5,14
/3.14/library/functools.html,6,5,50,41,52
/3.14/library/mailbox.html,6,4,67,1,5
/3.14/library/turtle.html,6,5,33,16,12
/3.14/tutorial/venv.html,6,6,67,26,30
/zh-cn/3.14/library/stdtypes.html,6,5,100,24,52
/zh-cn/3.14/tutorial/classes.html,6,5,0,8,7
/zh-cn/3.14/whatsnew/,6,8,50,17,31
/3.14/howto/annotations.html,5,4,50,33,73
/3.14/library/calendar.html,5,4,0,21,58
/3.14/library/os.html,5,4,0,57,21
/3.14/library/re.html,5,4,100,5,28
/3.14/library/trace.html,5,3,0,2,27
/3.14/library/venv.html,5,5,100,16,10
/ja/3.14/tutorial/interpreter.html,5,7,50,126,89
/zh-cn/3.14/whatsnew/3.13.html,5,4,50,8,6
/3.14/genindex-L.html,4,3,33,1,17
/3.14/library/contextvars.html,4,3,100,28,73
/3.14/library/datetime.html,4,4,0,19,54
/3.14/library/dis.html,4,4,100,34,61
/3.14/library/json.html,4,4,100,41,69
/3.14/library/math.html,4,3,100,4,34
/3.14/library/typing.html,4,3,0,115,81
/3.14/reference/lexical_analysis.html,4,7,50,28,100
/3.14/tutorial/classes.html,4,2,100,25,21
/3.14/tutorial/datastructures.html,4,4,100,2,6
/ja/3.14/tutorial/introduction.html,4,3,100,8,8
/pt-br/3.14/tutorial/venv.html,4,3,100,3,42
/zh-cn/3.14/contents.html,4,4,75,16,3
/zh-cn/3.14/tutorial/inputoutput.html,4,3,0,15,8
/zh-tw/3.14/library/index.html,4,2,0,15,16
/3.14/c-api/index.html,3,2,100,8,65
/3.14/c-api/init_config.html,3,3,0,19,5
/3.14/extending/embedding.html,3,2,100,2,16
/3.14/faq/index.html,3,2,0,0,100
/3.14/genindex.html,3,3,0,4,100
/3.14/howto/remote_debugging.html,3,2,50,9,8
/3.14/library/annotationlib.html,3,3,100,44,53
/3.14/library/asyncio-task.html,3,6,0,8,10
/3.14/library/difflib.html,3,2,100,9,13
/3.14/library/intro.html,3,2,0,145,100
/3.14/library/site.html,3,2,0,2,23
/3.14/library/sqlite3.html,3,2,100,3,2
/3.14/library/symtable.html,3,2,0,104,73
/3.14/library/tabnanny.html,3,2,0,2,62
/3.14/library/tkinter.html,3,3,0,19,7
/3.14/library/tkinter.scrolledtext.html,3,2,100,2,75
/3.14/library/tty.html,3,2,100,2,52
/3.14/library/zipfile.html,3,2,0,2,8
/3.14/tutorial/errors.html,3,2,0,11,53
/3.14/tutorial/stdlib.html,3,2,0,18,15
/3.14/using/cmdline.html,3,2,0,12,8
/3.14/using/configure.html,3,2,100,5,32
/ja/3.14/library/uuid.html,3,6,100,14,49
/zh-cn/3.14/c-api/index.html,3,2,0,7,66
/zh-cn/3.14/tutorial/errors.html,3,3,0,2,6
/zh-cn/3.14/tutorial/interpreter.html,3,4,50,75,100
/zh-cn/3.14/tutorial/modules.html,3,3,0,4,7
/3.14/c-api/gcsupport.html,2,2,100,,
