name,visitors
Île-de-France,1036
Auvergne-Rhône-Alpes,311
Provence-Alpes-Côte-d'Azur,175
Hauts-de-France,174
Occitanie,167
Nouvelle-Aquitaine,150
Grand-Est,137
Pays-de-la-Loire,115
Quebec,76
Brittany,73
Normandie,70
Centre-Val de Loire,65
Dakar,49
Abidjan,47
Burgundy-Franche-Comté,47
Meknès-Tafilalet,45
Wallonia,39
Brussels,38
Kinshasa,34
Tunis,33
Vaud,22
Oriental,20
Centre,16
Centre,12
Littoral,12
Bamako,12
Estuaire,11
Taza-Al Hoceima-Taounate,11
Algiers,10
Maritime,10
Zürich,9
Littoral,9
Ouest,8
Rabat-Salé-Zemmour-Zaer,8
Ontario,7
Hesse,7
Djibouti,7
England,7
Conakry,7
Flanders,6
Brazzaville,6
Fribourg,6
Tangier-Tétouan,6
Chaouia-Ouardigha,6
South Holland,6
Oran,5
Fès-Boulemane,5
Sousse,5
Geneva,4
Bavaria,4
Maharashtra,4
Gharb-Chrarda-Béni Hssen,4
PF-V,4
Bucharest,4
Ariana,4
Andorra la Vella,3
Capital District,3
Chlef,3
Tlemcen,3
Tizi Ouzou,3
Madrid Autonomous Community,3
Lombardy,3
Niamey,3
North Holland,3
Punjab,3
Lisbon,3
Istanbul,3
Massachusetts,3
São Paulo,2
Alberta,2
Haut-Katanga,2
Sangha,2
Lucerne,2
Neuchâtel,2
Santiago Metropolitan,2
Sichuan,2
San José,2
Hamburg,2
Batna,2
Sidi Bel Abbès,2
Constantine,2
Médéa,2
Boumerdès,2
Catalonia,2
Navarra Chartered Community,2
Pirkanmaa,2
East Kalimantan,2
Central,2
Hormozgan,2
Tokyo,2
Nairobi County,2
Luxembourg,2
Auckland,2
Muscat,2
Silesia,2
Moscow,2
Monastir,2
Arizona,2
Illinois,2
Virginia,2
Ho Chi Minh City,2
Salta,1
Santa Fe,1
Hauts-Bassins,1
Sofia,1
Alibori,1
Pernambuco,1
Paraná,1
Santa Catarina,1
British Columbia,1
Bern,1
Basel-Stadt,1
Valais,1
Jiangsu,1
Shandong,1
Zhejiang,1
Brandenburg,1
Berlin,1
Baden-Württemberg,1
Bremen,1
North Rhine-Westphalia,1
Rhineland-Palatinate,1
Schleswig-Holstein,1
Mostaganem,1
Mascara,1
Pichincha,1
Corse,1
Tbilisi,1
Greater Accra,1
Boké Region,1
Nord-Est,1
West Kalimantan,1
Leinster,1
Tamil Nadu,1
West Bengal,1
Lazio,1
Campania,1
Phnom Penh,1
Tahoua,1
North Brabant,1
Utrecht,1
Lublin,1
Mazovia,1
PM-P,1
Tomsk,1
Ulyanovsk,1
Kigali,1
Al Madinah,1
Eastern,1
Örebro,1
Ljubljana,1
Trnava,1
Bangkok,1
Nakhon Pathom,1
Ben Arous,1
Nabeul,1
Bizerte,1
Béja,1
Kef,1
Mahdia,1
Alabama,1
California,1
Florida,1
Indiana,1
New Jersey,1
Oregon,1
Haiphong,1
