name,visitors,pageviews,bounce_rate,time_on_page,scroll_depth
/ko/dev/c-api/marshal.html,134,138,91,3,45
/ko/3.13/tutorial/index.html,40,66,51,22,65
/ko/3/,36,47,60,50,77
/ko/3/tutorial/index.html,34,52,59,25,70
/ko/3.14/whatsnew/3.14.html,33,33,73,45,20
/ko/3.14/whatsnew/index.html,31,35,56,8,15
/ko/3.13/library/index.html,28,49,52,25,40
/ko/3.13/library/stdtypes.html,26,35,46,41,45
/ko/3.13/search.html,23,56,9,9,55
/ko/3.15/using/windows.html,22,23,67,12,22
/ko/3.13/library/functions.html,21,22,82,22,41
/ko/3.13/tutorial/interpreter.html,21,32,80,50,65
/ko/3.13/tutorial/controlflow.html,20,20,92,167,55
/ko/3.13/tutorial/introduction.html,16,16,25,175,57
/ko/3.13/c-api/memory.html,15,14,85,2,9
/ko/3.14/,15,19,0,7,76
/ko/dev/using/index.html,15,14,92,2,49
/ko/3.13/library/idle.html,13,14,85,9,35
/ko/3.13/installing/index.html,12,9,88,39,83
/ko/3.13/reference/index.html,12,15,20,7,68
/ko/dev/library/idle.html,12,11,89,8,14
/ko/3.13/howto/sorting.html,11,14,82,48,48
/ko/3.13/library/itertools.html,11,13,80,93,35
/ko/3/tutorial/appetite.html,11,9,25,10,99
/ko/3.14/library/functions.html,10,7,50,12,39
/ko/3/tutorial/interpreter.html,10,10,33,21,84
/ko/3.14/using/windows.html,9,7,67,4,3
/ko/3.13/index.html,8,10,0,10,94
/ko/3.13/library/math.html,8,7,83,15,26
/ko/3.13/tutorial/appetite.html,8,7,50,47,99
/ko/3.13/tutorial/datastructures.html,8,8,50,106,64
/ko/3.14/search.html,8,13,0,14,84
/ko/3.14/tutorial/index.html,8,8,33,27,38
/ko/3/search.html,8,8,50,4,30
/ko/3/tutorial/controlflow.html,8,12,67,80,62
/ko/3/tutorial/inputoutput.html,8,7,83,8,36
/ko/3/tutorial/introduction.html,8,12,100,67,58
/ko/3.13/library/asyncio-task.html,7,7,86,11,33
/ko/3.13/library/turtle.html,7,9,83,46,22
/ko/3.13/reference/datamodel.html,7,7,100,153,52
/ko/3/library/heapq.html,7,6,100,42,53
/ko/3/library/index.html,7,12,100,10,36
/ko/3.13/library/random.html,6,6,100,19,26
/ko/3.13/tutorial/classes.html,6,7,75,9,69
/ko/3.14/library/re.html,6,7,33,19,31
/ko/3/index.html,6,25,0,17,82
/ko/3/library/random.html,6,7,60,13,43
/ko/dev/library/marshal.html,6,5,100,7,73
/ko/3.13/glossary.html,5,7,100,29,49
/ko/3.13/library/struct.html,5,6,80,22,52
/ko/3.13/reference/expressions.html,5,3,0,40,44
/ko/3.13/tutorial/errors.html,5,5,75,14,30
/ko/3.14/py-modindex.html,5,3,0,20,40
/ko/3.14/tutorial/interpreter.html,5,4,100,23,70
/ko/3/library/codecs.html,5,4,100,5,3
/ko/3/library/collections.html,5,4,100,24,24
/ko/3/library/functions.html,5,7,100,36,8
/ko/3/library/stdtypes.html,5,6,0,39,72
/ko/3/library/string.html,5,6,0,25,67
/ko/3/tutorial/,5,10,80,9,52
/ko/3/using/windows.html,5,5,80,2,4
/ko/3.12/whatsnew/3.12.html,4,4,67,12,5
/ko/3.13/library/io.html,4,3,100,11,63
/ko/3.13/library/string.html,4,4,0,147,32
/ko/3.13/library/sys_path_init.html,4,3,0,20,98
/ko/3.13/reference/introduction.html,4,4,0,17,100
/ko/3.13/reference/simple_stmts.html,4,4,0,22,49
/ko/3.13/tutorial/inputoutput.html,4,3,100,1302,82
/ko/3.13/tutorial/modules.html,4,4,100,899,76
/ko/3.13/using/windows.html,4,2,100,11,63
/ko/3.13/whatsnew/3.13.html,4,3,0,9,24
/ko/3.14/contents.html,4,2,100,11,4
/ko/3.14/library/string.html,4,2,0,16,44
/ko/3.14/reference/index.html,4,3,0,14,59
/ko/3.14/tutorial/controlflow.html,4,3,0,66,81
/ko/3.14/tutorial/inputoutput.html,4,3,0,4,13
/ko/3/installing/index.html,4,4,50,13,54
/ko/3/reference/,4,4,100,5,66
/ko/3/tutorial/classes.html,4,4,67,25,46
/ko/3/whatsnew/index.html,4,6,50,14,19
/ko/3.12/library/intro.html,3,2,50,3,66
/ko/3.13/contents.html,3,4,0,38,34
/ko/3.13/extending/index.html,3,2,0,2,80
/ko/3.13/howto/regex.html,3,3,100,46,37
/ko/3.13/library/array.html,3,2,100,13,59
/ko/3.13/library/collections.html,3,3,0,23,41
/ko/3.13/library/copy.html,3,3,100,9,67
/ko/3.13/library/csv.html,3,3,100,330,66
/ko/3.13/library/functools.html,3,3,100,6,59
/ko/3.13/library/html.parser.html,3,3,100,23,26
/ko/3.13/library/http.server.html,3,2,100,45,41
/ko/3.13/library/importlib.html,3,3,50,25,64
/ko/3.13/library/multiprocessing.html,3,2,100,133,31
/ko/3.13/library/venv.html,3,4,67,24,26
/ko/3.13/tutorial/stdlib.html,3,4,50,10,62
/ko/3.13/tutorial/whatnow.html,3,2,0,6,98
/ko/3.14/download.html,3,2,0,5,100
/ko/3.14/index.html,3,3,0,8,87
/ko/3.14/library/idle.html,3,3,100,14,8
/ko/3.14/library/index.html,3,3,0,4,39
