name,visitors,bounce_rate,visit_duration
python.org,8107,80,28
Direct / None,5687,83,49
Google,3971,86,47
docs.python.org,1170,82,60
Bing,399,90,26
DuckDuckGo,264,84,40
GitHub,231,86,24
chatgpt.com,190,85,39
Yandex,159,88,56
devguide.python.org,156,71,40
Brave,102,89,31
pypi.org,102,85,67
discuss.python.org,74,76,104
docs.astral.sh,68,90,21
netacad.com,56,90,14
boot.dev,55,95,14
Microsoft Teams,52,96,5
packaging.python.org,52,68,257
realpython.com,47,96,17
Reddit,43,79,87
udemy.com,38,87,47
typing.python.org,28,96,1
Ecosia,26,89,17
openclassrooms.com,26,65,86
python-poetry.org,26,82,96
codecademy.com,22,91,134
docs.sqlalchemy.org,21,81,105
experiencia21.tec.mx,19,100,0
cs50.readthedocs.io,18,100,0
edube.org,17,100,0
cs50.harvard.edu,16,100,0
flake8rules.com,16,88,4
habr.com,15,80,144
Yahoo!,14,86,25
mypy.readthedocs.io,14,93,5
pip.pypa.io,14,93,39
setuptools.pypa.io,14,64,262
metanit.com,13,92,9
node-server.online,13,86,95
psycopg.org,13,100,0
copilot.microsoft.com,12,83,98
Qwant,11,100,0
elearn.epam.com,11,83,60
medium.com,11,100,0
qiita.com,11,91,3
Facebook,10,80,11
link.zhihu.com,10,90,5
moodle2.ntust.edu.tw,10,70,336
ru.hexlet.io,10,80,131
wsgi.readthedocs.io,10,80,164
Perplexity,9,100,0
numpydoc.readthedocs.io,9,78,284
pymysql.readthedocs.io,9,100,0
StackOverflow,8,100,0
Wikipedia,8,75,28
cms.unir.net,8,100,0
freecodecamp.org,8,100,0
namu.wiki,8,75,6
numpy.org,8,100,0
palletsprojects.com,8,78,160
app.perusall.com,7,57,12
assets.scormproxy.com,7,86,3
docs.snowflake.com,7,100,0
lms.skillfactory.ru,7,100,0
moodle.taltech.ee,7,100,0
pep8.org,7,100,0
s3.eu-west-1.amazonaws.com,7,88,99
Youtube,6,83,110
aulaglobal.uc3m.es,6,86,195
canvas.hull.ac.uk,6,88,217
code-basics.com,6,89,37
fishc.com.cn,6,100,0
google.github.io,6,67,11
hackerrank.com,6,100,0
hatch.pypa.io,6,83,18
learn.microsoft.com,6,100,0
mbanklms.csod.com,6,83,141
pep8-ja.readthedocs.io,6,50,448
proproprogs.ru,6,67,241
pylint.readthedocs.io,6,100,0
python-academy.org,6,100,0
pythonzen-pep8-exam.com,6,67,198
typing-extensions.readthedocs.io,6,67,5
wsgi.tutorial.codepoint.net,6,100,0
Amazon,5,100,0
Gmail,5,100,0
LinkedIn,5,80,1
Telegram,5,80,68
docs.pydantic.dev,5,40,13
en.wikibooks.org,5,100,0
oembeditslearning.com,5,100,0
pycoders.com,5,100,0
python.p2hp.com,5,80,204
Baidu,4,100,0
academy.hackthebox.com,4,100,0
bbgithub.dev.bloomberg.com,4,75,1
china-testing.github.io,4,75,60
claude.ai,4,100,0
courses.edx.org,4,100,0
datacamp.com,4,100,0
docs.python-guide.org,4,75,9
docs.renovatebot.com,4,100,0
mypy-lang.org,4,100,0
notebooks.githubusercontent.com,4,75,3
okt.inf.szte.hu,4,100,0
olympus.mygreatlearning.com,4,100,0
pyo3.rs,4,60,54
pythonbytes.fm,4,75,36
pythoniluminado.netlify.app,4,100,0
pythoninsider.blogspot.com,4,100,0
softserve.academy,4,83,0
uottawa.brightspace.com,4,100,0
www-p4ml-f25-1700b1.pages.oit.duke.edu,4,100,0
astral.sh,3,33,94
bottlepy.org,3,100,0
brightspace.au.dk,3,100,0
code.courses-watspeed.uwaterloo.ca,3,100,0
cowlicks.website,3,75,155
docs.marimo.io,3,67,8
docs.ros.org,3,100,0
durhamcollege.desire2learn.com,3,100,0
florimond.dev,3,100,0
iq.vntu.edu.ua,3,100,0
lms-kpitacademy.kpit.com,3,100,0
maport.intranet.uk-erlangen.de,3,100,0
moodle.bzz.ch,3,100,0
osgeo.cn,3,33,130
platform.techsmart.codes,3,67,9
purdueglobal.brightspace.com,3,100,0
python-programming.quantecon.org,3,67,20
python.github.net.cn,3,67,3
testcontainers-python.readthedocs.io,3,100,0
turing.docebosaas.com,3,100,0
tutti.prod.bloomberg.com,3,100,0
uneex.org,3,100,0
vns.lpnu.ua,3,67,12
webc-i.com,3,100,0
yuanbao.tencent.com,3,100,0
103.203.175.90,2,100,0
Hacker News,2,100,0
Twitter,2,100,0
academy.cs.cmu.edu,2,100,0
ai.pydantic.dev,2,100,0
akshare.akfamily.xyz,2,100,0
aluracursos.com,2,100,0
ansible.readthedocs.io,2,100,0
attrs.org,2,100,0
best-practice-and-impact.github.io,2,100,0
beta.stoopinbox.com,2,100,0
bitbucket.org,2,100,0
black.readthedocs.io,2,100,0
brinckerhoff.org,2,100,0
bury-thomas.medium.com,2,50,523
champlain.instructure.com,2,100,0
chat.baidu.com,2,100,0
confluence.ext.net.nokia.com,2,50,429
confluence.samsungds.net,2,100,0
confluence.teslamotors.com,2,100,0
confluencewikiprod.intra.infineon.com,2,100,0
cosmicpython.com,2,100,0
courses.campus.gov.il,2,100,0
curriculum.wethinkco.de,2,100,0
cursos.alura.com.br,2,100,0
cython.readthedocs.io,2,100,0
davepeck.org,2,100,0
devdocs.io,2,50,846
dicoding.com,2,100,0
doc.qt.io,2,100,0
docs.brew.sh,2,100,0
docs.gitlab.com,2,100,0
docs.godotengine.org,2,100,0
docs.rapids.ai,2,100,0
docs.readthedocs.com,2,100,0
docs.scala-lang.org,2,0,1068
doubao.com,2,100,0
duckdb.org,2,50,144
ellibrodepython.com,2,100,0
endler.dev,2,100,0
excel-ubara.com,2,0,138
excel.officeapps.live.com,2,50,10
forum.pasja-informatyki.pl,2,100,0
fstring.help,2,100,0
futurelearn.com,2,100,0
info.mitre.org,2,100,0
internalfb.com,2,100,0
isearch.com,2,50,16
jhu.instructure.com,2,100,0
jupyter.digitalskillsbern.ch,2,100,0
kennesaw.view.usg.edu,2,50,14
kennethreitz.org,2,100,0
learn.codeinstitute.net,2,50,718
learn.ucu.edu.ua,2,100,0
learn.ul.ie,2,100,0
learnxinyminutes.com,2,100,0
lloydsbanking.sharepoint.com,2,50,120
login.microsoftonline.com,2,100,0
mathworks.atlassian.net,2,0,14
matthung0807.blogspot.com,2,50,6
mkleehammer.github.io,2,50,22
moodle.innopolis.university,2,100,0
moodle.midlands.tus.ie,2,100,0
mswiki.morningstar.com,2,100,0
nextilearn.dsv.su.se,2,100,0
note.nkmk.me,2,100,0
notion.so,2,100,0
nu-msr.github.io,2,100,0
nwciowa.blackboard.com,2,100,0
packaging.pypa.io,2,50,164
pptsearch365.com,2,50,122
pydevtools.com,2,100,0
pydoc.pages.taltech.ee,2,0,1209
pyfound.blogspot.com,2,0,12
pygrametl.org,2,100,0
python-patterns.guide,2,100,0
python.pages.doc.ic.ac.uk,2,100,0
python3.info,2,100,0
qna.habr.com,2,100,0
rednafi.com,2,50,8
renpy.org,2,100,0
rl.talis.com,2,100,0
santander-learning.csod.com,2,100,0
se.rit.edu,2,100,0
skillbox.ru,2,100,0
sphinx-doc.org,2,100,0
study-the-web.web.fh-kufstein.ac.at,2,0,82
tox.wiki,2,50,723
tzdata.readthedocs.io,2,100,0
ukc-word-edit.officeapps.live.com,2,100,0
0xdf.gitlab.io,1,100,0
127.0.0.1,1,100,0
360.cn,1,0,451
4programmers.net,1,100,0
InfoSpace,1,100,0
Naver,1,100,0
Quora,1,100,0
Seznam Mail,1,100,0
Technorati,1,100,0
Teoma,1,0,112
aax.amazon-adsystem.com,1,0,0
albertyw.com,1,100,0
alembic.sqlalchemy.org,1,100,0
alm-github.systems.uk.hsbc,1,100,0
alpopkes.com,1,100,0
alunos.daxus.com.br,1,100,0
alura.com.br,1,100,0
alwaysintreble.github.io,1,100,0
amp.gevernova.net,1,100,0
amritasai.codetantra.com,1,100,0
anpyshl1.ipd.be.alcatel-lucent.com,1,100,0
aparat.com,1,0,392
app.certidevs.com,1,100,0
app.masterschool.com,1,100,0
app.quantic.edu,1,100,0
appbrewery.com,1,100,0
arrow.apache.org,1,100,0
arxiv.org,1,100,0
asgi.readthedocs.io,1,100,0
assignments.onenote.com,1,100,0
atc.bmwgroup.net,1,100,0
aules.edu.gva.es,1,100,0
basic-python.readthedocs.io,1,100,0
bc-function-sw-gerrit.volvocars.biz,1,100,0
behjoo.com,1,0,279
benhoyt.com,1,100,0
bgyqc3x739ffyvys.canva-hosted-embed.com,1,100,0
bhptechsi.atlassian.net,1,100,0
bitbucket-de.asml.com,1,100,0
bitbucket.critical.pt,1,100,0
bitbucket.nl.flowtraders.local,1,0,46
blackboard.northmetrotafe.wa.edu.au,1,100,0
blog.51cto.com,1,0,155
blog.changs.co.uk,1,100,0
blog.codacy.com,1,100,0
blog.edward-li.com,1,100,0
blog.jp.square-enix.com,1,100,0
blog.knownsec.com,1,100,0
blog.pypi.org,1,0,248
blog.python.org,1,100,0
bookdown.org,1,100,0
boto3.amazonaws.com,1,100,0
brightspace.tudelft.nl,1,100,0
brightspace.universiteitleiden.nl,1,100,0
buintegration.atlassian.net,1,100,0
bytedance.larkoffice.com,1,100,0
campusvirtual.ub.edu,1,100,0
canvas.letovo.ru,1,100,0
caravel.homeschoolconnections.com,1,100,0
carpentries-incubator.github.io,1,100,0
cbhs-group.atlassian.net,1,100,0
cedt-icg-bitbucket.nam.nsroot.net,1,100,0
cflin.com,1,100,0
cgi.cse.unsw.edu.au,1,100,0
chat.qwen.ai,1,100,0
chatgpt-pro.gz4399.com,1,100,0
choi-geonu.medium.com,1,100,0
christian-schou.dk,1,100,0
cibuildwheel.pypa.io,1,100,0
cisco-sbg.atlassian.net,1,100,0
cishk.schoology.com,1,100,0
clarkucatalog.instructure.com,1,100,0
