name,visitors,pageviews,bounce_rate,time_on_page,scroll_depth
/3.14/whatsnew/3.14.html,460,550,66,133,18
/3.14/,214,231,28,7,73
/3.14/tutorial/index.html,100,108,60,22,41
/3.14/using/windows.html,85,92,63,19,9
/3.14/using/mac.html,37,38,88,69,58
/3.14/search.html,29,29,50,8,63
/3.14/library/index.html,27,26,25,16,38
/3.14/tutorial/,27,31,73,25,45
/zh-cn/3.14/whatsnew/3.14.html,26,26,57,371,28
/3.14/contents.html,23,30,20,22,27
/3.14/tutorial/interpreter.html,21,16,60,84,85
/3.14/whatsnew/changelog.html,21,19,50,64,1
/3.14/index.html,20,21,60,9,76
/3.14/library/concurrent.interpreters.html,19,16,83,120,60
/3.14/whatsnew/3.13.html,17,16,12,17,6
/zh-cn/3.14/tutorial/index.html,17,15,67,18,62
/3.14/installing/index.html,16,14,100,26,59
/3.14/reference/index.html,14,14,0,15,75
/zh-cn/3.14/,13,15,56,9,82
/3.14/download.html,12,13,0,5,87
/3.14/library/multiprocessing.html,12,10,100,83,45
/3.14/reference/compound_stmts.html,12,12,100,128,27
/3.14/whatsnew/index.html,12,11,50,5,44
/3.14/reference/lexical_analysis.html,11,11,50,106,75
/3.14/tutorial/appetite.html,11,9,67,251,82
/zh-cn/3.14/library/index.html,10,10,60,8,23
/3.14/howto/index.html,9,12,0,6,81
/3.14/library/compression.zstd.html,9,8,100,12,26
/3.14/library/functions.html,9,8,67,64,52
/3.14/library/string.templatelib.html,9,9,50,78,54
/3.14/library/uuid.html,9,9,100,36,72
/3.14/py-modindex.html,9,8,0,14,80
/zh-cn/3.14/reference/index.html,9,14,25,17,46
/3.14/genindex.html,8,9,0,4,99
/3.14/license.html,8,9,100,7,52
/3.14/tutorial/controlflow.html,8,7,75,49,20
/3.14/library/exceptions.html,7,5,0,109,40
/3.14/library/stdtypes.html,7,6,0,59,71
/3.14/reference/expressions.html,7,7,100,5,2
/3.14/using/cmdline.html,7,7,100,8,25
/zh-cn/3.14/using/mac.html,7,6,83,29,59
/3.14/copyright.html,6,8,0,4,96
/3.14/glossary.html,6,7,100,13,59
/3.14/howto/descriptor.html,6,5,100,379,9
/3.14/howto/isolating-extensions.html,6,8,50,530,49
/3.14/library/asyncio.html,6,7,0,5,33
/3.14/library/pathlib.html,6,5,0,23,27
/3.14/tutorial/datastructures.html,6,7,100,19,47
/pt-br/3.14/,6,5,67,12,88
/zh-cn/3.14/library/functions.html,6,8,88,35,32
/3.14/bugs.html,5,7,0,4,64
/3.14/c-api/index.html,5,7,0,5,68
/3.14/distributing/index.html,5,7,0,4,100
/3.14/faq/index.html,5,7,100,3,98
/3.14/howto/a-conceptual-overview-of-asyncio.html,5,5,0,212,43
/3.14/library/calendar.html,5,4,100,6,57
/3.14/library/datetime.html,5,5,100,12,48
/3.14/library/functools.html,5,5,0,655,67
/3.14/library/typing.html,5,5,100,45,35
/3.14/reference/simple_stmts.html,5,7,0,6,52
/3.14/tutorial/modules.html,5,4,100,148,47
/3.14/using/index.html,5,7,0,4,69
/zh-cn/3.14/contents.html,5,4,50,90,22
/zh-cn/3.14/index.html,5,5,50,13,63
/zh-cn/3.14/tutorial/interpreter.html,5,5,50,78,94
/3.14/library/__main__.html,4,4,100,2,10
/3.14/library/asyncio-task.html,4,4,0,5,29
/3.14/library/contextvars.html,4,3,0,2,20
/3.14/library/decimal.html,4,4,0,43,20
/3.14/library/heapq.html,4,3,0,402,39
/3.14/library/tkinter.html,4,3,100,16,31
/3.14/library/tomllib.html,4,4,0,16,34
/3.14/library/venv.html,4,4,100,2,4
/3.14/reference/grammar.html,4,6,100,2,3
/3.14/using/editors.html,4,4,0,4,82
/pt-br/3.14/tutorial/controlflow.html,4,2,0,30,30
/pt-br/3.14/tutorial/index.html,4,5,0,19,80
/zh-cn/3.14/download.html,4,2,0,7,95
/zh-cn/3.14/library/concurrent.interpreters.html,4,5,0,17,80
/zh-cn/3.14/using/windows.html,4,4,100,3,8
/zh-cn/3.14/whatsnew/,4,5,50,4,15
/3.14/about.html,3,4,0,4,94
/3.14/c-api/import.html,3,4,0,6,14
/3.14/c-api/object.html,3,4,100,18,8
/3.14/deprecations/index.html,3,4,0,6,76
/3.14/extending/index.html,3,4,0,4,82
/3.14/howto/free-threading-python.html,3,3,50,28,74
/3.14/library/asyncio-graph.html,3,4,0,5,22
/3.14/library/asyncio-sync.html,3,3,0,2,8
/3.14/library/concurrent.futures.html,3,5,0,95,70
/3.14/library/csv.html,3,3,0,17,25
/3.14/library/dis.html,3,3,100,17,48
/3.14/library/fractions.html,3,3,100,2,12
/3.14/library/idle.html,3,3,50,6,10
/3.14/library/json.html,3,3,100,2,5
/3.14/library/pprint.html,3,3,0,2,8
/3.14/library/profile.html,3,3,100,11,6
/3.14/library/tarfile.html,3,2,0,157,85
/3.14/library/text.html,3,3,100,3,36
/3.14/library/threading.html,3,4,0,22,22
