name,visitors,pageviews,bounce_rate,time_on_page
/zh-cn/3/,767,1141,46,34.26730769230769
/zh-cn/3/tutorial/index.html,581,891,52,58.68260038240918
/zh-cn/3.13/,218,303,54,40.96536796536797
/zh-cn/3/tutorial/interpreter.html,209,296,72,141.1125
/zh-cn/3.13/tutorial/index.html,206,293,53,94.06557377049181
/zh-cn/3/tutorial/appetite.html,166,185,36,113.27941176470588
/zh-cn/3/library/index.html,155,221,54,42.936619718309856
/zh-cn/3/tutorial/,135,203,54,92.26923076923077
/zh-cn/3/tutorial/introduction.html,105,144,50,196.39705882352942
/zh-cn/3.13/library/index.html,103,149,41,48.12149532710281
/zh-cn/3/tutorial/controlflow.html,93,129,76,245.69642857142858
/zh-cn/3/library/functions.html,86,118,67,258.75
/zh-cn/3/reference/index.html,78,119,40,51.52272727272727
/zh-cn/3.13/tutorial/interpreter.html,75,99,85,201.6818181818182
/zh-cn/3.13/tutorial/appetite.html,74,90,38,147.984126984127
/zh-cn/3/installing/index.html,66,79,80,80.925
/zh-cn/3.13/tutorial/controlflow.html,65,85,45,290.81081081081084
/zh-cn/3/glossary.html,64,90,25,78.07575757575758
/zh-cn/3.13/tutorial/introduction.html,63,77,67,286.8333333333333
/zh-cn/3/using/index.html,59,77,48,29.88235294117647
/zh-cn/3.13/glossary.html,58,74,61,152.70212765957447
/zh-cn/3.13/index.html,57,80,21,55.95652173913044
/zh-cn/3/tutorial/datastructures.html,55,71,76,161.7
/zh-cn/3.13/reference/index.html,54,83,0,53.791666666666664
/zh-cn/3.13/whatsnew/3.13.html,51,61,78,98.12
/zh-cn/3/whatsnew/3.13.html,50,59,75,84.70588235294117
/zh-cn/3.13/search.html,49,122,0,74.953125
/zh-cn/3/search.html,49,97,25,82.94444444444444
/zh-cn/3.13/library/functions.html,48,67,67,233.28125
/zh-cn/3/index.html,48,80,62,30.25925925925926
/zh-cn/3.13/tutorial/,47,82,80,99.96551724137932
/zh-cn/3/using/windows.html,47,57,90,280.3157894736842
/zh-cn/3.12/tutorial/index.html,46,60,22,78.33333333333333
/zh-cn/3/library/turtle.html,46,59,79,856.5
/zh-cn/3/contents.html,45,56,75,23.0
/zh-cn/3.12/,44,57,16,44.5
/zh-cn/3.13/tutorial/classes.html,44,64,71,260.6666666666667
/zh-cn/3/download.html,43,50,75,173.16666666666666
/zh-cn/3.13/library/stdtypes.html,37,77,43,214.3125
/zh-cn/3.12/library/index.html,36,58,27,39.98
/zh-cn/3/library/math.html,36,56,79,87.0
/zh-cn/3.13/contents.html,35,50,44,86.41176470588235
/zh-cn/3/library/stdtypes.html,34,46,62,223.35
/zh-cn/3.13/download.html,33,38,100,220.52631578947367
/zh-cn/3.13/using/index.html,33,39,53,28.08
/zh-cn/3/tutorial/classes.html,32,41,73,243.94444444444446
/zh-cn/3.13/tutorial/datastructures.html,31,43,88,255.375
/zh-cn/3/howto/index.html,31,39,100,16.314285714285713
/zh-cn/3/library/,29,36,70,54.81818181818182
/zh-cn/3.13/tutorial/modules.html,28,30,67,80.38095238095238
/zh-cn/3/library/venv.html,28,30,93,839.5
/zh-cn/3.13/using/windows.html,27,41,50,468.92857142857144
/zh-cn/3.13/installing/index.html,26,28,50,120.46666666666667
/zh-cn/3.13/library/venv.html,26,26,95,534.3333333333334
/zh-cn/3/reference/lexical_analysis.html,26,30,50,118.5625
/zh-cn/3.13/reference/datamodel.html,25,38,100,286.1904761904762
/zh-cn/3.13/using/android.html,25,27,81,510.0
/zh-cn/3/library/multiprocessing.html,25,27,88,1210.6666666666667
/zh-cn/3.13/howto/index.html,24,30,0,32.80769230769231
/zh-cn/3/reference/compound_stmts.html,24,37,57,160.43478260869566
/zh-cn/3/using/cmdline.html,24,28,25,71.6875
/zh-cn/3.13/tutorial/errors.html,23,26,88,147.61111111111111
/zh-cn/3.13/tutorial/inputoutput.html,23,30,50,102.0
/zh-cn/3/tutorial/modules.html,23,29,50,152.2
/zh-cn/3/library/re.html,22,27,100,272.375
/zh-cn/3.12/index.html,21,29,33,16.636363636363637
/zh-cn/3/py-modindex.html,21,24,100,35.11764705882353
/zh-cn/3/reference/simple_stmts.html,21,29,50,122.63636363636364
/zh-cn/3.14/,20,25,0,26.05263157894737
/zh-cn/3/reference/expressions.html,20,23,100,167.72727272727272
/zh-cn/3/tutorial/inputoutput.html,20,26,83,85.75
/zh-cn/3.12/using/index.html,19,21,40,117.16666666666667
/zh-cn/3.13/library/tkinter.html,19,24,86,260.5
/zh-cn/3.13/using/cmdline.html,19,25,0,129.76923076923077
/zh-cn/3.13/using/mac.html,19,20,89,185.66666666666666
/zh-cn/3.14/tutorial/index.html,19,33,33,70.78260869565217
/zh-cn/3/library/os.html,19,24,89,206.8
/zh-cn/3.12/tutorial/interpreter.html,18,24,100,65.6923076923077
/zh-cn/3.13/library/re.html,18,23,62,334.6
/zh-cn/3.13/py-modindex.html,18,25,100,26.65
/zh-cn/3/tutorial/stdlib.html,18,19,43,174.91666666666666
/zh-cn/3/whatsnew/index.html,17,21,56,22.615384615384617
/zh-cn/dev/using/mac.html,17,17,94,257.0
/zh-cn/3.12/library/functions.html,16,16,100,221.8
/zh-cn/3.12/tutorial/appetite.html,16,18,0,17.3125
/zh-cn/3.12/tutorial/controlflow.html,16,22,71,533.7142857142857
/zh-cn/3.13/reference/lexical_analysis.html,16,18,0,237.23076923076923
/zh-cn/3.13/tutorial/venv.html,16,20,50,195.23076923076923
/zh-cn/3.13/c-api/index.html,15,20,0,16.5625
/zh-cn/3.13/reference/expressions.html,15,17,67,390.55555555555554
/zh-cn/3/c-api/index.html,15,15,0,52.09090909090909
/zh-cn/3/library/random.html,15,16,80,127.33333333333333
/zh-cn/3/library/tk.html,15,17,31,67.7
/zh-cn/3/library/typing.html,15,17,69,449.2
/zh-cn/3/tutorial/appendix.html,15,18,0,35.90909090909091
/zh-cn/3.12/using/windows.html,14,15,67,512.3333333333334
/zh-cn/3.13/library/asyncio.html,14,16,80,110.25
/zh-cn/3/extending/index.html,14,15,0,13.266666666666667
/zh-cn/3/library/idle.html,14,16,90,71.5
/zh-cn/3/using/mac.html,14,16,100,62.5
