name,visitors,pageviews,bounce_rate,time_on_page
/pt-br/3.13/tutorial/index.html,142,231,49,107.1842105263158
/pt-br/3/,124,172,39,59.19191919191919
/pt-br/3.13/library/index.html,115,180,58,120.66666666666667
/pt-br/3.13/library/venv.html,101,118,91,1654.7142857142858
/pt-br/3.13/library/math.html,100,116,85,588.48
/pt-br/3/tutorial/index.html,85,134,50,62.44871794871795
/pt-br/3.13/library/random.html,79,106,76,563.3888888888889
/pt-br/3.13/library/functions.html,74,117,60,669.0
/pt-br/3.13/search.html,73,149,56,43.76190476190476
/pt-br/3.13/,69,113,100,50.95652173913044
/pt-br/3.13/tutorial/datastructures.html,62,76,71,222.91304347826087
/pt-br/3.13/tutorial/introduction.html,62,75,81,422.4166666666667
/pt-br/3.13/tutorial/interpreter.html,52,70,81,96.0
/pt-br/3.13/library/turtle.html,48,70,65,678.7272727272727
/pt-br/3.13/tutorial/classes.html,48,56,80,799.7692307692307
/pt-br/3.13/tutorial/inputoutput.html,48,57,60,624.0909090909091
/pt-br/3/tutorial/controlflow.html,47,69,59,460.44
/pt-br/3.13/tutorial/appetite.html,46,61,70,136.46341463414635
/pt-br/dev/library/venv.html,45,53,67,119.63636363636364
/pt-br/3.13/library/string.html,44,54,83,714.4545454545455
/pt-br/3.13/tutorial/errors.html,41,43,69,151.25
/pt-br/3/library/stdtypes.html,41,51,91,190.375
/pt-br/3.13/library/stdtypes.html,38,63,86,117.45454545454545
/pt-br/3/tutorial/introduction.html,35,47,82,140.47619047619048
/pt-br/3.13/library/csv.html,34,45,67,449.125
/pt-br/3.13/faq/windows.html,33,34,75,427.57142857142856
/pt-br/3.13/library/tkinter.html,33,39,85,1611.0
/pt-br/3.13/tutorial/controlflow.html,33,43,64,768.4705882352941
/pt-br/3/library/datetime.html,33,39,77,277.2857142857143
/pt-br/3.13/glossary.html,29,31,85,150.92857142857142
/pt-br/3/library/index.html,29,49,53,170.95833333333334
/pt-br/3/search.html,29,50,100,103.06666666666666
/pt-br/3.13/howto/logging.html,26,29,53,405.8
/pt-br/3.13/library/collections.html,26,31,67,335.0
/pt-br/3.13/using/mac.html,24,27,53,406.0
/pt-br/3.13/using/windows.html,24,26,71,445.75
/pt-br/3/tutorial/datastructures.html,24,32,79,226.0
/pt-br/dev/howto/sorting.html,24,31,68,616.6666666666666
/pt-br/dev/tutorial/datastructures.html,23,24,100,
/pt-br/3.13/library/operator.html,22,28,50,287.1
/pt-br/3.13/library/re.html,22,26,62,632.4285714285714
/pt-br/3/library/functions.html,22,27,71,85.42857142857143
/pt-br/3/tutorial/,22,38,50,128.5909090909091
/pt-br/3/tutorial/appetite.html,22,25,0,244.8095238095238
/pt-br/3.13/library/os.html,21,27,81,244.75
/pt-br/3/library/unittest.html,21,24,71,274.2
/pt-br/3/using/android.html,21,27,47,98.71428571428571
/pt-br/3.13/library/__main__.html,18,25,53,797.0
/pt-br/3.13/tutorial/modules.html,18,20,88,181.875
/pt-br/3/tutorial/interpreter.html,18,26,67,309.0769230769231
/pt-br/3.13/library/tk.html,17,33,20,49.05263157894737
/pt-br/3.13/library/array.html,16,21,75,64.54545454545455
/pt-br/3.13/reference/index.html,16,19,67,157.85714285714286
/pt-br/3.13/library/intro.html,15,20,75,67.64285714285714
/pt-br/3.13/library/json.html,15,17,40,297.57142857142856
/pt-br/3/library/math.html,15,21,64,906.25
/pt-br/3/whatsnew/3.13.html,15,18,40,146.875
/pt-br/dev/reference/import.html,14,16,62,548.0
/pt-br/3.13/library/datetime.html,13,21,50,96.3
/pt-br/3.13/library/os.path.html,13,14,83,60.0
/pt-br/3.13/library/statistics.html,13,15,91,482.5
/pt-br/3.13/library/time.html,13,18,38,388.0
/pt-br/3.13/contents.html,12,20,67,117.18181818181819
/pt-br/3.13/howto/sorting.html,12,12,67,111.2
/pt-br/3.13/library/warnings.html,12,13,83,95.75
/pt-br/3.13/reference/expressions.html,12,16,60,221.5
/pt-br/3/library/random.html,12,17,75,655.4
/pt-br/3/library/venv.html,12,14,92,298.5
/pt-br/3/reference/index.html,12,22,0,13.4
/pt-br/3.13/index.html,11,13,100,13.75
/pt-br/3/glossary.html,11,16,67,193.7
/pt-br/3/tutorial/venv.html,11,12,86,69.0
/pt-br/3/using/cmdline.html,11,12,43,137.0
/pt-br/dev/howto/logging.html,11,13,64,291.5
/pt-br/3.13/library/dataclasses.html,10,10,78,176.33333333333334
/pt-br/3.13/py-modindex.html,10,16,0,178.84615384615384
/pt-br/3.13/whatsnew/3.13.html,10,15,50,125.0
/pt-br/3/contents.html,10,8,100,11.6
/pt-br/3/library/argparse.html,10,12,67,107.0
/pt-br/3/tutorial/classes.html,10,10,100,126.5
/pt-br/dev/library/heapq.html,10,12,50,919.0
/pt-br/dev/library/stdtypes.html,10,12,67,885.3333333333334
/pt-br/dev/using/ios.html,10,11,88,1345.0
/pt-br/3.13/installing/index.html,9,10,86,532.0
/pt-br/3.13/library/exceptions.html,9,10,67,9.666666666666666
/pt-br/3.13/library/pathlib.html,9,13,75,466.5
/pt-br/3.13/library/sys.html,9,11,80,251.4
/pt-br/3.13/library/zipfile.html,9,10,67,886.0
/pt-br/3.13/reference/compound_stmts.html,9,13,0,128.28571428571428
/pt-br/3.13/reference/datamodel.html,9,14,60,396.5
/pt-br/3/library/exceptions.html,9,9,86,79.0
/pt-br/dev/howto/regex.html,9,9,86,0.0
/pt-br/3.13/library/decimal.html,8,8,50,161.66666666666666
/pt-br/3.13/library/idle.html,8,18,0,30.90909090909091
/pt-br/3.13/library/logging.html,8,9,50,583.3333333333334
/pt-br/3.13/library/tkinter.ttk.html,8,12,0,73.75
/pt-br/3.13/tutorial/venv.html,8,10,100,269.5
/pt-br/3.13/using/editors.html,8,8,100,8.333333333333334
/pt-br/3.13/using/index.html,8,11,100,11.25
/pt-br/dev/howto/sockets.html,8,11,50,1142.5
