name,unique_exits,total_exits,exit_rate
/pt-br/dev/library/zlib.html,99,99,
/pt-br/3.13/tutorial/index.html,68,70,
/pt-br/3/tutorial/index.html,49,56,
/pt-br/3/library/stdtypes.html,43,48,
/pt-br/3/tutorial/,40,42,
/pt-br/3.13/library/venv.html,38,38,
/pt-br/3/library/,36,37,
/pt-br/3/,35,39,
/pt-br/3.13/search.html,28,30,
/3/,24,23,
/pt-br/3.13/,23,24,
/pt-br/3/tutorial/controlflow.html,23,24,
/pt-br/3.13/library/functions.html,22,22,
/pt-br/3.13/tutorial/introduction.html,22,23,
/pt-br/3.13/library/math.html,21,21,
/pt-br/3.13/library/stdtypes.html,20,24,
/pt-br/3/tutorial/interpreter.html,20,20,
/pt-br/3/search.html,19,18,
/pt-br/3/library/functions.html,18,18,
/pt-br/3/library/math.html,15,14,
/pt-br/3/tutorial/classes.html,15,15,
/pt-br/3/tutorial/introduction.html,15,15,
/pt-br/3.13/library/random.html,14,14,
/pt-br/3.13/library/tkinter.html,14,14,
/pt-br/3.13/tutorial/interpreter.html,14,15,
/pt-br/3/library/string.html,14,14,
/pt-br/3.13/library/turtle.html,13,13,
/pt-br/3/library/random.html,12,12,
/pt-br/3/tutorial/datastructures.html,12,13,
/pt-br/3.13/library/index.html,11,11,
/pt-br/3.13/tutorial/classes.html,11,12,
/pt-br/3.13/tutorial/controlflow.html,11,11,
/pt-br/3/library/datetime.html,10,10,
/pt-br/3/library/index.html,10,10,
/pt-br/3/tutorial/appetite.html,10,10,
/pt-br/3/tutorial/inputoutput.html,10,11,
/pt-br/dev/tutorial/datastructures.html,10,10,
/pt-br/3.13/library/datetime.html,9,9,
/pt-br/3.13/tutorial/inputoutput.html,9,9,
/pt-br/3/library/os.html,9,10,
/pt-br/dev/library/venv.html,9,9,
/pt-br/3.13/tutorial/modules.html,8,8,
/pt-br/3/library/tkinter.html,8,8,
/pt-br/3/tutorial/errors.html,8,9,
/pt-br/3/using/android.html,8,8,
/pt-br/3.13/tutorial/appetite.html,7,8,
/pt-br/3.13/using/windows.html,7,7,
/pt-br/3/tutorial/modules.html,7,7,
/3.13/using/windows.html,6,6,
/3/library/functions.html,6,6,
/pt-br/3.13/index.html,6,6,
/pt-br/3.13/tutorial/,6,7,
/pt-br/3.13/tutorial/datastructures.html,6,8,
/pt-br/3/library/csv.html,6,6,
/pt-br/3/library/time.html,6,6,
/pt-br/3/using/windows.html,6,6,
/pt-br/dev/howto/sorting.html,6,6,
/3/library/index.html,5,5,
/3/tutorial/index.html,5,5,
/pt-br/3.13/library/__main__.html,5,5,
/pt-br/3.13/library/tk.html,5,5,
/pt-br/3.13/reference/expressions.html,5,5,
/pt-br/3.13/using/cmdline.html,5,5,
/pt-br/3.15/,5,6,
/pt-br/3/howto/logging.html,5,6,
/pt-br/3/library/intro.html,5,5,
/pt-br/3/reference/lexical_analysis.html,5,5,
/pt-br/dev/faq/general.html,5,5,
/3.15/,4,4,
/3/download.html,4,4,
/3/library/tkinter.html,4,3,
/pt-br/3.13/installing/index.html,4,4,
/pt-br/3.13/library/os.html,4,3,
/pt-br/3.13/library/sys.html,4,4,
/pt-br/3.13/reference/lexical_analysis.html,4,4,
/pt-br/3/glossary.html,4,4,
/pt-br/3/library/re.html,4,5,
/pt-br/3/library/tk.html,4,4,
/pt-br/3/library/venv.html,4,4,
/pt-br/3/reference/index.html,4,4,
/pt-br/dev/howto/regex.html,4,5,
/3/library/sqlite3.html,3,4,
/3/license.html,3,3,
/3/reference/expressions.html,3,3,
/3/search.html,3,3,
/pt-br/3.13/c-api/dict.html,3,3,
/pt-br/3.13/glossary.html,3,3,
/pt-br/3.13/howto/sockets.html,3,3,
/pt-br/3.13/library/,3,3,
/pt-br/3.13/library/idle.html,3,4,
/pt-br/3.13/library/pathlib.html,3,3,
/pt-br/3.13/library/pprint.html,3,3,
/pt-br/3.13/py-modindex.html,3,3,
/pt-br/3.13/reference/compound_stmts.html,3,3,
/pt-br/3.13/reference/datamodel.html,3,3,
/pt-br/3.13/reference/index.html,3,3,
/pt-br/3.13/tutorial/errors.html,3,3,
/pt-br/3.13/whatsnew/3.13.html,3,3,
/pt-br/3/contents.html,3,3,
/pt-br/3/library/operator.html,3,5,
