name,unique_exits,total_exits,exit_rate
/pt-br/latest/tutorials/installing-packages/,5,5,
/pt-br/latest/tutorials/packaging-projects/,5,5,
/en/latest/tutorials/installing-packages/,4,4,
/en/latest/,3,3,
/pt-br/latest/guides/installing-using-pip-and-virtual-environments/,3,3,
/en/latest/tutorials/packaging-projects/,2,2,
/pt-br/latest/overview/,2,2,
/en/latest/key_projects/,1,1,
/en/latest/specifications/binary-distribution-format/,1,1,
/en/latest/tutorials/,1,1,
/pt-br/latest/,1,1,
/pt-br/latest/glossary/,1,1,
