name,version,visitors
Chrome,138.0,3084
Chrome,139.0,1350
Microsoft Edge,138.0,603
Firefox,141.0,559
Microsoft Edge,139.0,402
Safari,18.5,213
Safari,18.6,193
Opera,120.0,110
Chrome,137.0,110
Yandex Browser,25.6,75
Mobile App,(not set),69
Firefox,128.0,61
Chrome,136.0,56
Chrome,109.0,52
Chrome,135.0,52
Firefox,140.0,33
Chrome,130.0,26
Chrome,134.0,22
Safari,17.6,22
Safari,18.3,22
Samsung Browser,28.0,22
Chrome,117.0,21
Chrome,122.0,19
Chrome,132.0,19
Safari,26.0,19
Mobile App,138.0,18
Chrome,131.0,17
Safari,15.6,16
Safari,18.4,16
Firefox,136.0,15
Safari,18.1,14
Firefox,115.0,13
Chrome,133.0,13
Microsoft Edge,135.0,13
Chrome,116.0,12
Safari,16.6,12
Opera,119.0,11
Chrome,129.0,11
Microsoft Edge,122.0,10
Chrome,128.0,10
Chrome,140.0,10
(not set),(not set),9
Microsoft Edge,134.0,9
Microsoft Edge,136.0,9
Microsoft Edge,137.0,9
Firefox,137.0,9
Firefox,139.0,9
Chrome,141.0,9
Safari,17.5,9
Smart Lenovo Browser,9.0,9
Brave,(not set),8
Chrome,120.0,8
Chrome,121.0,8
Firefox,138.0,8
Firefox,142.0,8
Huawei Browser Mobile,16.0,8
Safari,17.4,8
Quark,(not set),7
Microsoft Edge,131.0,7
Microsoft Edge,133.0,7
Opera,90.0,7
Mobile App,97.0,7
Chrome,114.0,6
Chrome,119.0,6
Chrome,126.0,6
Chrome,127.0,6
Chrome,124.0,5
Firefox,130.0,5
Firefox,131.0,5
Firefox,134.0,5
Safari,17.3,5
Safari,18.0,5
Chrome,103.0,4
Chrome,118.0,4
Firefox,129.0,4
AVG Secure Browser,138.0,4
Safari,16.0,4
Safari,17.13,4
Safari,17.14,4
Safari,18.2,4
Yandex Browser,24.10,4
Chrome,87.0,4
Chrome,93.0,4
Safari,12.1,3
Firefox,133.0,3
Firefox,135.0,3
Mobile App,137.0,3
Microsoft Edge,18.18363,3
vivo Browser,24.9,3
vivo Browser,25.6,3
Yandex Browser,25.62,3
Whale Browser,4.32,3
Quark,7.13,3
Quark,7.14,3
Chrome,101.0,2
Microsoft Edge,109.0,2
Firefox,113.0,2
Microsoft Edge,114.0,2
Firefox,116.0,2
Microsoft Edge,120.0,2
Mobile App,121.0,2
Opera,121.0,2
Chrome,123.0,2
Microsoft Edge,124.0,2
Microsoft Edge,126.0,2
Microsoft Edge,127.0,2
AVG Secure Browser,137.0,2
Firefox,137.2,2
Mobile App,139.0,2
Mobile App,140.0,2
Firefox,141.1,2
Firefox,141.2,2
Safari,16.3,2
vivo Browser,18.0,2
QQ Browser,19.2,2
Sogou Explorer,2,2
vivo Browser,25.7,2
Yandex Browser,25.7,2
Whale Browser,4.33,2
Aloha Browser,4.7,2
Chrome,48.0,2
Opera Touch,6.0,2
QtWebEngine,6.8,2
Safari,60.5,2
Firefox,65.0,2
Chrome,70.0,2
Chrome,71.0,2
Opera,76.1,2
Chrome,86.0,2
Microsoft Edge,92.0,2
Chrome,97.0,2
Firefox,99.0,2
Safari,(not set),1
Chrome,100.0,1
Mobile App,101.0,1
Chrome,105.0,1
Chrome,107.0,1
Chrome,108.0,1
Microsoft Edge,108.0,1
Mobile Silk,108.18,1
Firefox,109.0,1
Microsoft Edge,110.0,1
Microsoft Edge,111.0,1
Microsoft Edge,112.0,1
Opera,114.0,1
Mobile App,114.0,1
Chrome,115.0,1
Microsoft Edge,117.0,1
Firefox,117.0,1
UC Browser,12.12,1
Firefox,121.0,1
Firefox,122.0,1
Chrome,125.0,1
Microsoft Edge,128.0,1
QQ Browser,13.5,1
Iron,131.0,1
Mobile App,131.0,1
Microsoft Edge,132.0,1
Avira Secure Browser,137.0,1
Avira Secure Browser,138.0,1
MIUI Browser,14.10,1
Firefox,141,1
Firefox,141.5,1
Huawei Browser Mobile,15.0,1
Safari,15.2,1
Safari,16.1,1
Safari,16.2,1
Safari,16.4,1
Safari,17.1,1
Safari,17.10,1
UC Browser,17.7,1
Safari,17.8,1
Microsoft Edge,18.17763,1
MIUI Browser,19.2,1
QQ Browser,19.3,1
QQ Browser,19.4,1
Yandex Browser,22.11,1
Yandex Browser,22.9,1
Yandex Browser,23.1,1
Yandex Browser,23.3,1
Yandex Browser,23.5,1
Yandex Browser,24.1,1
Yandex Browser,25.2,1
vivo Browser,25.2,1
vivo Browser,25.3,1
Yandex Browser,25.8,1
Samsung Browser,26.0,1
AdBlock Browser,3.7,1
Microsoft Edge,40.15254,1
DuckDuckGo Privacy Browser,5,1
Chrome,53.0,1
Chrome,69.0,1
Mobile App,77.0,1
Chrome,79.0,1
Mobile Silk,80.4,1
Mobile App,87.0,1
Chrome,89.0,1
Microsoft Edge,90.0,1
Chrome,91.0,1
Firefox,92.0,1
Chrome,92.0,1
Chrome,95.0,1
Opera,95.0,1
Chrome,96.0,1
