name,visitors,bounce_rate,visit_duration
pypi.org,2717,78,63
google.com,2175,81,73
Direct / None,1559,71,112
jupyter.org,282,84,37
docs.python.org,165,72,82
pip.pypa.io/en/stable,148,70,43
pip.pypa.io/en/stable/installation,102,75,44
duckduckgo.com,78,82,138
search.brave.com,72,81,87
bing.com,69,83,63
docs.astral.sh,68,73,123
yandex.ru,35,94,3
pip.pypa.io,29,69,54
peps.python.org,27,43,200
ai.google.dev,23,65,48
github.com,16,81,7
huggingface.co,16,82,107
chatgpt.com,15,75,92
cn.bing.com,14,80,155
pip.pypa.io/en/latest,14,71,10
ecosia.org,12,92,2
pypi.com.cn,10,70,156
google.com.hk,8,78,314
pip.pypa.io/en/stable/getting-started,7,100,0
qiita.com,7,14,69
roadmap.sh,7,100,0
test.pypi.org,7,29,129
discuss.python.org,6,83,422
pip.pypa.io/en/stable/reference/requirement-specifiers,6,50,86
flask.palletsprojects.com/en/stable/tutorial/install,5,80,125
realpython.com,5,67,198
google.co.uk,4,75,22
link.csdn.net,4,100,0
statics.teams.cdn.office.net,4,100,0
youtube.com,4,75,25
app.readthedocs.org,3,33,21
build.pypa.io/en/stable,3,33,17
cs50.readthedocs.io/pip,3,100,0
cython.readthedocs.io/en/latest/src/quickstart/build.html,3,67,5
docs.ansible.com,3,100,0
docs.conda.io/projects/conda-build/en/stable,3,50,3
docs.pytest.org/en/stable/explanation/goodpractices.html,3,100,0
flask.palletsprojects.com,3,100,0
github.com/astral-sh/uv/issues/5903,3,67,84
github.com/astral-sh/uv/issues/6302,3,100,0
github.com/pypa/pip,3,0,280
pip.pypa.io/en/stable/cli/pip_install,3,100,0
pypa.io/en/latest,3,100,0
python-poetry.org,3,67,37
scipy.org,3,100,0
udemy.com,3,33,1474
upload.pypi.org,3,50,47
airflow.apache.org,2,100,0
builtin.com,2,100,0
copilot.microsoft.com,2,50,453
developers.google.com,2,100,0
docs.pypi.org/project_metadata,2,50,17
docs.python.org/3/installing/index.html,2,100,0
docs.pytorch.org,2,100,0
fastapidozero.dunossauro.com,2,100,0
fprime.jpl.nasa.gov,2,100,0
gall.dcinside.com/mgallery/board/view,2,100,0
github.com/vlachoudis/bCNC/wiki/Installation,2,100,0
github.discoverfinancial.com,2,50,220
google.de,2,100,0
hub.displaycal.net,2,100,0
jinja.palletsprojects.com/en/stable/intro,2,50,234
jive.ms.com,2,100,0
jupyter.org/install,2,100,0
learn.microsoft.com,2,100,0
learn.scientific-python.org,2,100,0
link.zhihu.com,2,100,0
maktabkhooneh.org,2,50,51
opensource.guide,2,100,0
packaging-python-org.translate.goog,2,100,0
pip.pypa.io/en/latest/installation,2,100,0
pip.pypa.io/en/latest/user_guide,2,100,0
pip.pypa.io/en/stable/user_guide,2,50,404
pydevtools.com,2,100,0
pygraphviz.github.io,2,100,0
qutebrowser.org,2,100,0
search.entertainmentheute.de,2,50,42
translate.google.com,2,0,114
uv.doczh.com,2,50,4
32a20588.isolation.zscaler.com,1,100,0
3ms.huawei.com,1,100,0
aidoczh.com,1,100,0
android-app://com.reddit.frontpage,1,100,0
apex.exchange,1,0,132
aubio.org,1,100,0
bing.com/search,1,100,0
blog.pypi.org/posts/2025-08-07-wheel-archive-confusion-attacks,1,0,34
bytedance.larkoffice.com,1,0,29
cantera.org,1,100,0
claude.ai,1,0,671
cloudsmith.io/~mmdrza/repos/appuninstaller/upload,1,0,145
coccoc.com/search,1,0,18
coderivers.org,1,0,29
courses.edx.org,1,100,0
cpython-previews--137598.org.readthedocs.build/en/137598/installing/index.html,1,0,5
devdocs.ms.com,1,0,0
devguide.python.org/documentation/start-documenting,1,100,0
docs.acconeer.com/en/latest/getting_started/setting_up_and_running_et.html,1,0,1967
docs.google.com,1,100,0
docs.kedro.org/en/1.0.0/tutorials/settings,1,100,0
docs.pypi.org,1,100,0
docs.pypi.org/api/bigquery,1,0,14
docs.pytest.org/en/7.1.x/explanation/goodpractices.html,1,0,1045
docs.pytest.org/en/stable/how-to/writing_plugins.html,1,100,0
docs.python.org/3.11/installing/index.html,1,0,144
docs.python.org/zh-cn/3.9/installing,1,100,0
espanol.search.yahoo.com,1,100,0
freecodecamp.org/news/how-to-create-and-upload-your-first-python-package-to-pypi,1,0,46
github.com/AyanMemon296/Python-venv-Guide,1,100,0
github.com/ClipsAI/clipsai,1,0,10
github.com/Nasdaq/data-link-python,1,100,0
github.com/PatrickL546/Hydrax-Abyss.to-DownloadHelper-Python/tree/master,1,100,0
github.com/Unity-Technologies/ml-agents/blob/develop/docs/Installation.md,1,100,0
github.com/apple/turicreate,1,100,0
github.com/astral-sh/uv/issues/11787,1,100,0
github.com/astral-sh/uv/issues/15009,1,100,0
github.com/astral-sh/uv/issues/6298,1,100,0
github.com/astral-sh/uv/issues/7132,1,100,0
github.com/dbarnett/python-helloworld,1,0,27
github.com/espressif/esptool/issues/181,1,100,0
github.com/fontforge/fontforge/issues/4377,1,100,0
github.com/fpgmaas/cookiecutter-uv,1,100,0
github.com/kennethreitz/setup.py,1,100,0
github.com/lapets/millerrabin,1,100,0
github.com/moojink/transformers-openvla-oft,1,100,0
github.com/nelsond/prologix-gpib-ethernet/issues/11,1,100,0
github.com/openscilab/dmeta,1,100,0
github.com/pypa/packaging-problems/issues/969,1,0,42
github.com/pypa/pip/issues/12938,1,100,0
github.com/python-wheel-build/fromager,1,100,0
github.com/pytorch/pytorch/issues/122468,1,100,0
github.com/rednaga/APKiD,1,100,0
github.com/sccn/eegprep/tree/develop,1,100,0
github.com/semgrep/mcp,1,100,0
github.com/und-dream-lab/rawkee,1,0,35
github.com/vladbxb/prospecting_rblx,1,100,0
github.com/xavierskip/dns-observe,1,100,0
github.com/yngvem/python-project-structure,1,0,17
google.co.nz,1,100,0
google.co.th,1,100,0
google.com.ph,1,100,0
google.es,1,100,0
google.fi,1,0,150
google.pt,1,0,373
google.ru,1,100,0
greenteapress.com,1,100,0
hatch.pypa.io,1,0,1536
in.search.yahoo.com,1,100,0
innovirtuoso.com,1,0,71
intel.com,1,100,0
iwiki.woa.com,1,100,0
jetbrains.com,1,100,0
jinja.palletsprojects.com,1,0,12
jupyter-org.translate.goog,1,0,294
jupyter.yellowday.day,1,100,0
launchpad.net,1,100,0
learn-anything.xyz,1,100,0
livebook.manning.com,1,100,0
maestro.dhs.gov,1,100,0
mcallara.github.io,1,100,0
medium.com/@rajamahesharavapalli/typical-python-application-folder-structure-01ee59eac49c,1,100,0
note.qidong.name,1,0,185
opengeosys.org,1,0,20
packaging.pypa.io,1,0,0
packaging.pypa.io/en/latest/metadata.html,1,0,14
pclub.in,1,100,0
perplexity.ai,1,100,0
pip-pypa-io.translate.goog,1,0,9
pip.pypa.io/en/latest/cli/pip_install,1,0,50
pip.pypa.io/en/stable/index.html,1,100,0
pip.pypa.io/en/stable/reference/installation-report,1,0,132
pipx.pypa.io/latest/installation,1,100,0
pipx.pypa.io/stable,1,100,0
pixi.sh,1,100,0
products.documentprocessing.com,1,100,0
pygments.org,1,0,29
pyopensci.org,1,100,0
pypa.io,1,0,6
pypi-org.translate.goog,1,0,30
pypi-org.translate.goog/project/cryptocode,1,100,0
pypi.org/project/jmcomic,1,100,0
python-markdown.github.io,1,100,0
python.igraph.org/en/latest/install.html,1,100,0
python.org,1,100,0
python.p2hp.com/doc/index.html,1,0,120
pythonpersian.com/lessons/l03-create-and-run-a-python-project.html,1,100,0
sahilchachra.medium.com,1,100,0
search.gaming-house.net/serp,1,100,0
search.yahoo.com,1,100,0
setuptools.pypa.io,1,0,783
setuptools.pypa.io/en/latest/references/keywords.html,1,100,0
setuptools.pypa.io/en/latest/userguide/quickstart.html,1,100,0
snir-orlanczyk.medium.com/fastapi-project-in-vscode-7fa3e6fccdb2,1,100,0
solara.dev,1,100,0
stackoverflow.com,1,100,0
statnice.screedy.com,1,100,0
suche.t-online.de,1,100,0
tarantool.io/en/doc/latest/tooling/tt_cli,1,100,0
textattack.readthedocs.io/en/master/0_get_started/installation.html,1,100,0
twine.readthedocs.io/en/stable,1,100,0
uk.search.yahoo.com,1,100,0
unitedcloud.atlassian.net,1,0,516
wap.yandex.com,1,100,0
web.telegram.org,1,0,1103
wiki.archlinuxcn.org,1,100,0
xfinder.pro,1,0,28
yandex.by,1,100,0
yandex.com.tr,1,100,0
yandex.kz,1,0,36
