name,visitors
China,7044
Hong Kong,1081
Singapore,890
United States,528
Japan,403
Taiwan,145
Canada,52
United Kingdom,41
Australia,40
Germany,34
Malaysia,28
France,23
South Korea,23
Macao,15
Thailand,10
India,9
Spain,8
Ireland,7
Cambodia,7
Netherlands,6
Indonesia,5
Italy,4
Seychelles,4
United Arab Emirates,2
Finland,2
Greece,2
Mauritania,2
Mexico,2
Philippines,2
Russian Federation,2
Sweden,2
Belgium,1
Brazil,1
Hungary,1
Luxembourg,1
Nigeria,1
New Zealand,1
Saudi Arabia,1
Slovakia,1
Turkey,1
Ukraine,1
Vietnam,1
