name,visitors,bounce_rate,visit_duration
Direct / None,7229,70,220
cn.bing.com,1473,72,110
baidu.com/link,817,73,70
google.com,690,77,107
bing.com,223,72,105
python.org,215,0,379
google.com.hk,178,73,179
baidu.com,89,78,92
m.baidu.com,85,80,42
codecademy.cn,84,58,187
doubao.com,78,45,268
link.zhihu.com,31,52,137
chatgpt.com,26,45,652
chat.baidu.com,22,36,276
link.csdn.net,18,86,50
wapbaike.baidu.com,12,100,0
so.com/link,11,70,191
runoob.com,10,67,125
translations.python.org,10,30,91
gemini.google.com,6,25,205
wiki.python.org,6,0,668
2025yuan.pythonanywhere.com,5,0,315
codecademy.cn/tutorial/python,5,83,10
yuque.com,5,40,957
c.biancheng.net,4,75,4
cn.bing.com/search,4,100,0
liaoxuefeng.com,4,100,238
ntp.msn.cn,4,100,0
opencsg.com,4,75,61
acwing.com,3,100,0
claude.ai,3,0,126
mooc1.chaoxing.com/mooc-ans/knowledge/cards,3,67,337
oi-wiki.org,3,67,253
3ms.huawei.com,2,33,459
8kmm.com,2,100,0
bytedance.larkoffice.com,2,100,0
doubao.com/chat/35751719392654082,2,0,120
doubao.com/chat/35802272562601218,2,0,522
github.com/Nemo2011/bilibili-api,2,50,6
idealab.alibaba-inc.com,2,40,4021
jianshu.com,2,0,96
longportapp.github.io,2,0,86
luminaedu.com,2,0,14
m.baidu.com/from=0/bd_page_type=1/ssid=0/uid=0/pu=usm%401%2Csz%401320_1004%2Cvmgdb%400020100228y/baiduid=7D69273E8B3828A5451B9FCB510A862F/w=0_10_/t=zbios/l=1/tc,2,50,4
m.baidu.com/from=1001192y/bd_page_type=1/ssid=0/uid=0/pu=usm%400%2Csz%401320_1001%2Cta%40iphone_2_11.0_28_16.0/baiduid=15FFB3B5196A82120D20C57906CB76F9/w=0_10_/t=iphone/l=1/tc,2,50,0
m.baidu.com/from=1001703a/bd_page_type=1/ssid=0/uid=0/pu=usm%401%2Csz%401320_1001%2Cta%40iphone_2_10.0_18_40.10/baiduid=81C44DDBDE280836CCC87093BC23B1E2/w=0_10_/t=iphone/l=1/tc,2,0,358
m.baidu.com/from=1012180a/bd_page_type=1/ssid=0/uid=0/pu=sz%401320_1001%2Cta%40iphone_2_9.0_19_25.6%2Cusm%400/baiduid=BDC2F8D351151AC27DC0D8C68912F5B3/w=0_20_/t=iphone/l=1/tc,2,100,0
m.baidu.com/from=1012852q/bd_page_type=1/ssid=0/uid=0/pu=usm%401%2Csz%401320_1004%2Cta%40iphone_2_13.0_11_20.10/baiduid=B9C222B53A29F81750AAAD15B117438B/w=0_10_/t=iphone/l=1/tc,2,100,0
m.baidu.com/from=1015011n/bd_page_type=1/ssid=0/uid=0/pu=usm%400%2Csz%401320_1001%2Cta%40iphone_2_11.0_24_97.0/baiduid=DE97511D68E8FAE5BF93BA471EA2CF70/w=0_10_/t=iphone/l=1/tc,2,0,136
m.baidu.com/from=1022282z/bd_page_type=1/ssid=0/uid=0/pu=usm%400%2Csz%401320_1001%2Cta%40iphone_2_16.0_24_138.0/baiduid=4240CBA766064A99E65B897E64966172/w=0_10_/t=iphone/l=1/tc,2,0,68
m.baidu.com/from=1022282z/bd_page_type=1/ssid=0/uid=0/pu=usm%402%2Csz%401320_1001%2Cta%40iphone_2_15.0_24_127.0/baiduid=D0FC7DFB382F63439ADE6195228937F2/w=0_10_/t=iphone/l=1/tc,2,100,0
m.baidu.com/from=1024043p/bd_page_type=1/ssid=0/uid=0/pu=usm%401%2Csz%401320_220%2Cta%40iphone_5_6.0_28_5.1/baiduid=C055B34492A694EBC676B2439A8FA5BA/w=0_10_/t=iphone/l=1/tc,2,100,0
m.baidu.com/from=1040455c/bd_page_type=1/ssid=0/uid=0/pu=sz%401320_480%2Ccuid%40_uSPigu1S80cPvfzgu2ii_uSva_TaSahjaBoi_aN2i8ykQa3_93CM_taA%2Ccua%40gu2QiyaO-ijyNE6lI5me6NI0-IYUh2IlgN2UiAq6C%2Cosname%40baiduboxapp%2Cctv%402%2Ccfrom%401030738b%2Ccen%40cuid_cua%2Cc3_aid%40A00-MH63FHVZEZGPC7SSWYFOG6SOUTD57WHH-N4FYCGNY%2Ccsrc%40osts%2Cta%40iphone___31_8.8%2Cusm%400/baiduid=26EA044C56DA4DFD95629E8A86FA1025/w=0_10_/t=iphone/l=1/tc,2,100,0
momodel.cn/hub_api/user/O86ySD6NDXqmlHScXgiaQPltHhYQUFkldxqwoAYjALuD822MhsXzpG1DO3Fal3pvuw%3D%3D/notebooks/01%20%E5%81%9A%E8%AE%A1%E7%AE%97/1.0%20%E8%AF%B4%E5%9C%A8%E8%AF%BE%E5%89%8D.ipynb,2,0,12
perplexity.ai,2,0,317
python.org/downloads/release/python-3142,2,0,284
quark.cn/s/GfD4FvU23WaJzpOmkG,2,0,22
quark.cn/s/HPh22kLepd9mc3LfYa,2,100,0
quark.sm.cn,2,100,0
sass-node2.chatshare.biz,2,0,10
space.coze.cn,2,50,62
statics.teams.cdn.office.net,2,50,1805
tutorial.helloflask.com,2,100,0
wangchujiang.com,2,50,463
10.35.100.3/ac_portal/20240126003208/pc.html,1,100,0
10.50.73.238,1,0,1583
172.17.106.232,1,0,33
172.26.11.155,1,0,1166
192.168.0.34,1,100,0
192.168.131.202,1,100,0
7.236.164.74,1,0,5
a864860-b723-16a0aa67.westc.gpuhub.com,1,0,0
aliyuque.antfin.com,1,100,0
ask.csdn.net/questions/7808598,1,100,0
ata.atatech.org/articles/11020454071,1,100,0
blog.csdn.net/2301_81900494/article/details/137107466,1,0,198
blog.csdn.net/2511_92947047/article/details/150225060,1,0,11
blog.csdn.net/weixin_42018258/article/details/97896146,1,100,0
blog.csdn.net/weixin_42399800/article/details/143822422,1,100,0
blog.iyatt.com,1,0,9
canwdev.github.io,1,100,0
chat.ai-service.global.fujitsu.com,1,0,39
chat.deepseek.com/a/chat/s/385c9759-d0a8-4c47-bed1-eb96e28ae4f7,1,0,3066
chatopens.chat,1,100,0
classroom.google.com,1,0,532
cnblogs.com,1,100,0
code.coze.cn,1,0,155
codecademy.com,1,0,8
codernav.com,1,0,2031
copilot.microsoft.com,1,100,0
cs50.harvard.edu,1,0,2741
dash0.com,1,0,354
developer.aliyun.com/redirect,1,100,0
developers.google.com,1,0,567
doc.yonyoucloud.com/doc/wiki/project/python-language-reference/import.html,1,0,166
docs.mcdreforged.com/zh-cn/latest/quick_start/install.html,1,100,0
docs.python.org,1,100,0
docs.qq.com,1,0,377
doubao.com/chat/35531045614389506,1,100,0
doubao.com/chat/35751295944542466,1,0,22
doubao.com/chat/35759788491815170,1,100,0
doubao.com/chat/35762850317059586,1,0,807
doubao.com/chat/35825635348423938,1,100,0
duckduckgo.com,1,100,0
ecosia.org,1,100,0
fastapi.tiangolo.com,1,100,0
flask.palletsprojects.com/zh-cn/stable/tutorial,1,0,65
fntermx.howlet.fnos.net,1,0,0
github.com,1,0,698
github.com/ContinuumIO/anaconda-issues/issues/6401,1,0,138
github.com/JoeanAmier/TikTokDownloader/wiki/Documentation,1,100,0
github.com/benmoran56/esper,1,0,0
github.com/exercism/python/blob/main/docs/ABOUT.md,1,0,40
github.com/googleapis/python-aiplatform/issues/2834,1,0,9
github.com/python/pymanager,1,0,7
github.com/python/python-docs-zh-cn/issues/399,1,100,0
github.com/thebjorn/pydeps/issues/221,1,0,28
github.com/xorbitsai/inference/issues/2618,1,100,0
idealab.alibaba-inc.com/ideaTalk,1,0,55
il6pr702sp.feishu.cn,1,0,7
innotron.feishu.cn,1,0,173
kivy.org/doc/stable/gettingstarted/intro.html,1,0,17
km.netease.com,1,100,0
km.vivo.xyz,1,100,0
learnku.com,1,0,65
link.gitcode.com,1,100,0
link.juejin.cn,1,100,0
link.w3cschool.cn,1,0,13
m.baidu.com/from=0/bd_page_type=1/ssid=0/uid=0/pu=usm%400%2Csz%401320_1004%2Cta%40iphone_2_10.0_33_142.0/baiduid=3EA0CC45BB5DAB8F58F9B8B0E4C6FF76/w=0_10_/t=iphone/l=1/tc,1,0,3347
m.baidu.com/from=1001192y/bd_page_type=1/ssid=0/uid=0/pu=sz%401320_1001%2Cta%40iphone_2_10.0_28_16.0%2Cusm%401/baiduid=A72BC25A366290380F5D980C5B50A32B/w=0_10_/t=iphone/l=1/tc,1,0,1
m.baidu.com/from=1001192y/bd_page_type=1/ssid=0/uid=0/pu=sz%401320_1001%2Cta%40iphone_2_12.0_28_16.0%2Cusm%401/baiduid=1DF3FDC1132AD7C5033C7D892B9CC92C/w=0_10_/t=iphone/l=1/tc,1,100,0
m.baidu.com/from=1001192y/bd_page_type=1/ssid=0/uid=0/pu=sz%401320_1001%2Cta%40iphone_2_12.0_28_16.0%2Cusm%401/baiduid=70778B6E95039D03A3D6FA6505A2225C/w=0_10_/t=iphone/l=1/tc,1,100,0
m.baidu.com/from=1001192y/bd_page_type=1/ssid=0/uid=0/pu=sz%401320_1001%2Cta%40iphone_2_12.0_28_16.0%2Cusm%401/baiduid=7FF69B9C976B9B425B42C5E95F52337C/w=0_10_/t=iphone/l=1/tc,1,100,0
m.baidu.com/from=1001192y/bd_page_type=1/ssid=0/uid=0/pu=sz%401320_1001%2Cta%40iphone_2_12.0_28_16.0%2Cusm%401/baiduid=DF3BD8296B7192929D65AB4168D85F49/w=0_10_/t=iphone/l=1/tc,1,100,0
m.baidu.com/from=1001192y/bd_page_type=1/ssid=0/uid=0/pu=usm%400%2Csz%401320_1001%2Cta%40iphone_2_10.0_28_16.0/baiduid=FC0FE7197CA4AAD81D8020C382376A3C/w=0_10_/t=iphone/l=1/tc,1,100,0
m.baidu.com/from=1001192y/bd_page_type=1/ssid=0/uid=0/pu=usm%400%2Csz%401320_1001%2Cta%40iphone_2_12.0_28_16.0/baiduid=2C175CBB13452BDECF91850CD1274490/w=0_10_/t=iphone/l=1/tc,1,100,0
m.baidu.com/from=1001192y/bd_page_type=1/ssid=0/uid=0/pu=usm%400%2Csz%401320_1001%2Cta%40iphone_2_12.0_28_16.0/baiduid=F346D0016F3F6567FAEB77D9843AA816/w=0_10_/t=iphone/l=1/tc,1,0,1
m.baidu.com/from=1001192y/bd_page_type=1/ssid=0/uid=0/pu=usm%401%2Csz%401320_1001%2Cta%40iphone_2_12.0_28_16.0/baiduid=09B0AC75648B85331352C96AA1736D80/w=0_10_/t=iphone/l=1/tc,1,100,0
m.baidu.com/from=1001192y/bd_page_type=1/ssid=0/uid=0/pu=usm%401%2Csz%401320_1001%2Cta%40iphone_2_12.0_28_16.0/baiduid=9F8BA58AF5B651C74037716EB177EAB8/w=0_10_/t=iphone/l=1/tc,1,0,1
m.baidu.com/from=1001192y/bd_page_type=1/ssid=0/uid=0/pu=usm%401%2Csz%401320_1001%2Cta%40iphone_2_9.0_28_16.0/baiduid=8ACFFAB4433AA6B804C6CF7D6AB650DE/w=0_10_/t=iphone/l=1/tc,1,0,1
m.baidu.com/from=1001192y/bd_page_type=1/ssid=0/uid=0/pu=usm%401%2Csz%401320_1001%2Cta%40iphone_2_9.0_28_16.0/baiduid=D1BF26E9372B7E7DFA2261CBFE015FDD/w=0_10_/t=iphone/l=1/tc,1,100,0
m.baidu.com/from=1001192y/bd_page_type=1/ssid=0/uid=0/pu=usm%402%2Csz%401320_1001%2Cta%40iphone_2_12.0_28_16.0/baiduid=4B394D847744E43D7B621E4269FF46CA/w=0_10_/t=iphone/l=1/tc,1,0,0
m.baidu.com/from=1001192y/bd_page_type=1/ssid=0/uid=0/pu=usm%402%2Csz%401320_220%2Cta%40iphone___24_114.0/baiduid=54897817AA007931427C4DC5D1F577CA/w=0_10_/t=iphone/l=1/tc,1,0,317
m.baidu.com/from=1001192y/bd_page_type=1/ssid=0/uid=0/pu=usm%404%2Csz%401320_1001%2Cta%40iphone_2_12.0_28_16.0/baiduid=9BE99A964526EFC4C49610EE61DDA687/w=0_10_/t=iphone/l=1/tc,1,0,1
m.baidu.com/from=1001703a/bd_page_type=1/ssid=0/uid=0/pu=sz%401320_1001%2Cta%40iphone_2_15.0_18_40.10%2Cusm%401/baiduid=ADDBC6D1D4BD601270FB5D96FAEDA61B/w=0_10_/t=iphone/l=1/tc,1,100,0
m.baidu.com/from=1001703a/bd_page_type=1/ssid=0/uid=0/pu=usm%401%2Csz%401320_1001%2Cta%40ins_2_16.0_18_40.10/baiduid=5354E6B7F14E967D5848B4818BD5C220/w=0_10_/t=zbios/l=1/tc,1,100,0
m.baidu.com/from=1001703a/bd_page_type=1/ssid=0/uid=0/pu=usm%401%2Csz%401320_1001%2Cta%40iphone_2_11.0_18_40.10/baiduid=1EA225E1AFA79444CCEF86DDEA0A8DCA/w=0_10_/t=iphone/l=1/tc,1,100,0
m.baidu.com/from=1001703a/bd_page_type=1/ssid=0/uid=0/pu=usm%401%2Csz%401320_1001%2Cta%40iphone_2_11.0_18_40.10/baiduid=45D89EA3718AEF558F30C4A691E2BE11/w=0_10_/t=iphone/l=1/tc,1,100,0
m.baidu.com/from=1001703a/bd_page_type=1/ssid=0/uid=0/pu=usm%401%2Csz%401320_1001%2Cta%40iphone_2_12.0_18_40.10/baiduid=FA1FA05DE0E6FCDC0F0CA8B865582256/w=0_10_/t=iphone/l=1/tc,1,100,0
m.baidu.com/from=1001703a/bd_page_type=1/ssid=0/uid=0/pu=usm%401%2Csz%401320_1001%2Cta%40iphone_2_15.0_18_40.10/baiduid=92338484EE4101BCEA0CC8104CB4C649/w=0_10_/t=iphone/l=1/tc,1,100,0
m.baidu.com/from=1001703a/bd_page_type=1/ssid=0/uid=0/pu=usm%401%2Csz%401320_220%2Cta%40iphone___18_40.10/baiduid=D027F43C41930115FEA3805BF5606D7D/w=0_10_/t=iphone/l=1/tc,1,100,0
m.baidu.com/from=1012180a/bd_page_type=1/ssid=0/uid=0/pu=usm%401%2Csz%401320_1001%2Cta%40iphone_2_14.0_19_27.6/baiduid=9BD7841DEC39BC75F93DF2F55F2B7FCC/w=0_20_/t=iphone/l=1/tc,1,100,0
m.baidu.com/from=1012852q/bd_page_type=1/ssid=0/uid=0/pu=sz%401320_1004%2Cta%40iphone_2_16.0_11_20.10%2Cusm%401/baiduid=4973C64A815AA7B2AF44912CD1FA3940/w=0_10_/t=iphone/l=1/tc,1,100,0
m.baidu.com/from=1012852q/bd_page_type=1/ssid=0/uid=0/pu=usm%401%2Csz%401320_1004%2Cta%40iphone_2_16.0_11_20.2/baiduid=084DC5CB8396AADA3FD7BEB8A3F84E21/w=0_10_/t=iphone/l=1/tc,1,100,0
m.baidu.com/from=1012852q/bd_page_type=1/ssid=0/uid=0/pu=usm%403%2Csz%401320_1004%2Cta%40iphone_2_13.0_11_20.1/baiduid=CAC95C7D05A7874654E8ACC7DFE2EAD4/w=0_10_/t=iphone/l=1/tc,1,0,4
m.baidu.com/from=1013672g/bd_page_type=1/ssid=0/uid=0/pu=usm%401%2Csz%401320_1004%2Cta%40iphone_2_12.0_11_20.9/baiduid=3CF2F1F541ADB6F8612EDB7CBF376961/w=0_10_/t=iphone/l=1/tc,1,100,0
m.baidu.com/from=1013672g/bd_page_type=1/ssid=0/uid=0/pu=usm%401%2Csz%401320_1004%2Cta%40iphone_2_16.0_11_20.9/baiduid=8723E977927EE295B725D6B71D26472A/w=0_10_/t=iphone/l=1/tc,1,100,0
m.baidu.com/from=1013966u/bd_page_type=1/ssid=0/uid=0/pu=sz%401320_1001%2Cta%40iphone_2_15.0_19_27.7%2Cusm%401/baiduid=E0CC75EFC1CFB5816A3F45C807C076B4/w=0_10_/t=iphone/l=1/tc,1,100,0
m.baidu.com/from=1013966u/bd_page_type=1/ssid=0/uid=0/pu=sz%401320_1001%2Cta%40iphone_2_16.0_19_27.4%2Cusm%401/baiduid=A8DB87C0B25521641C25FE13DC24D4AB/w=0_10_/t=iphone/l=1/tc,1,100,0
m.baidu.com/from=1013966u/bd_page_type=1/ssid=0/uid=0/pu=usm%400%2Csz%401320_1001%2Cta%40iphone_2_13.0_19_27.6/baiduid=82CE39B7DA2568F7BE6AE366722868EE/w=0_10_/t=iphone/l=1/tc,1,100,0
m.baidu.com/from=1013966u/bd_page_type=1/ssid=0/uid=0/pu=usm%400%2Csz%401320_1001%2Cta%40iphone_2_14.0_19_27.4/baiduid=7D97CE7E0BE40F26E76002F12EE47E39/w=0_10_/t=iphone/l=1/tc,1,100,0
m.baidu.com/from=1013966u/bd_page_type=1/ssid=0/uid=0/pu=usm%400%2Csz%401320_1001%2Cta%40iphone_2_15.0_19_27.4/baiduid=CF3A004352ECD4ED1E1255484B69FFBB/w=0_10_/t=iphone/l=1/tc,1,0,287
m.baidu.com/from=1013966u/bd_page_type=1/ssid=0/uid=0/pu=usm%401%2Csz%401320_1001%2Cta%40iphone_2_14.0_19_27.4/baiduid=B2F5243FD7DDB341ED59F09146CC2C8A/w=0_10_/t=iphone/l=1/tc,1,100,0
m.baidu.com/from=1013966u/bd_page_type=1/ssid=0/uid=0/pu=usm%401%2Csz%401320_1001%2Cta%40iphone_2_14.0_19_27.4/baiduid=DADC5B38B190FB3A32D929B0EECA184F/w=0_10_/t=iphone/l=1/tc,1,100,0
m.baidu.com/from=1013966u/bd_page_type=1/ssid=0/uid=0/pu=usm%401%2Csz%401320_1001%2Cta%40iphone_2_14.0_19_27.6/baiduid=006F446E15FBC0227D810B470287E6A5/w=0_10_/t=iphone/l=1/tc,1,100,0
m.baidu.com/from=1013966u/bd_page_type=1/ssid=0/uid=0/pu=usm%401%2Csz%401320_1001%2Cta%40iphone_2_15.0_19_27.7/baiduid=45983549E62E9C50192ECFCA86F26EB8/w=0_10_/t=iphone/l=1/tc,1,100,0
m.baidu.com/from=1015998x/bd_page_type=1/ssid=0/uid=0/pu=usm%401%2Csz%401320_1001%2Cta%40iphone_2_10.0_19_27.4/baiduid=8EC3D446940C863CC32A31D57B5E0177/w=0_20_/t=iphone/l=1/tc,1,100,0
m.baidu.com/from=1016095t/bd_page_type=1/ssid=0/uid=0/pu=usm%401%2Csz%401320_1001%2Cta%40iphone_2_15.0_24_100.0/baiduid=A6B19707ADB780734F21A77AD7BE33D9/w=0_20_/t=iphone/l=1/tc,1,100,0
m.baidu.com/from=1019311v/bd_page_type=1/ssid=0/uid=0/pu=sz%401320_1001%2Cta%40iphone_2_14.0_19_27.6%2Cusm%401/baiduid=3A322D6D7ADBA8F37F1474C4EF04687C/w=0_10_/t=iphone/l=1/tc,1,100,0
m.baidu.com/from=1019311v/bd_page_type=1/ssid=0/uid=0/pu=sz%401320_1001%2Cta%40iphone_2_16.0_19_27.6%2Cusm%401/baiduid=118650660CB4BC4C7A3D9E31161A17E3/w=0_10_/t=iphone/l=1/tc,1,100,0
m.baidu.com/from=1019311v/bd_page_type=1/ssid=0/uid=0/pu=usm%400%2Csz%401320_1001%2Cta%40iphone_2_11.0_19_27.6/baiduid=EE38E0751D4D31CDDA962708C756D35C/w=20_10_/t=iphone/l=1/tc,1,100,0
m.baidu.com/from=1019311v/bd_page_type=1/ssid=0/uid=0/pu=usm%401%2Csz%401320_1001%2Cta%40iphone_2_10.0_19_10.1/baiduid=1D939E5DD02F15D6449C3C30AE88B3C2/w=0_10_/t=iphone/l=1/tc,1,100,0
m.baidu.com/from=1019311v/bd_page_type=1/ssid=0/uid=0/pu=usm%401%2Csz%401320_1001%2Cta%40iphone_2_15.0_19_27.6/baiduid=67DA92399DDA9FFBD5F35355516CC774/w=0_10_/t=iphone/l=1/tc,1,100,0
m.baidu.com/from=1019311v/bd_page_type=1/ssid=0/uid=0/pu=usm%401%2Csz%401320_1001%2Cta%40iphone_2_15.0_19_27.6/baiduid=8B8057799E563F657407B62DBDD81B23/w=0_10_/t=iphone/l=1/tc,1,0,16
m.baidu.com/from=1019311v/bd_page_type=1/ssid=0/uid=0/pu=usm%401%2Csz%401320_1001%2Cta%40iphone_2_7.1_19_5.5/baiduid=85841F53B7A269360B7A40AC2924B3FA/w=0_10_/t=iphone/l=1/tc,1,100,0
m.baidu.com/from=1020761f/bd_page_type=1/ssid=0/uid=0/pu=sz%401320_1001%2Cta%40iphone_2_8.1_19_17.2%2Cusm%401/baiduid=F3416EB5238E12B8CD1F3D7D17896842/w=0_10_/t=iphone/l=1/tc,1,100,0
m.baidu.com/from=1020761t/bd_page_type=1/ssid=0/uid=0/pu=usm%401%2Csz%401320_1001%2Cta%40iphone_2_13.0_19_27.6/baiduid=3BAE67D229244732EBB10B98349EB73B/w=0_10_/t=iphone/l=1/tc,1,100,0
m.baidu.com/from=1020779b/bd_page_type=1/ssid=0/uid=0/pu=sz%401320_480%2Ccfrom%401014610q%2Ccen%40cuid_cua_cut%2Ccsrc%40home_box_txt%2Cc3_aid%40A00-MQG3JBGTQH7CUSDJHJ6AGSMA2EFXP4DX-DYC5TLXZ%2Ccuid%40gPHCi_8aH8gVO-ilgu2b8giSv8jmiSiO_uHTiYPW2iKoLqqqB%2Ccua%40_a-qiyau2ig-NEq4I5me6NN0v8zZa2Iy_C2H8yaN-iqlC%2Cosname%40baiduboxapp%2Cctv%402%2Cusm%401%2Cvmgdb%400020100228y/baiduid=7D69273E8B3828A5451B9FCB510A862F/w=0_10_/t=zbios/l=1/tc,1,0,11
m.baidu.com/from=1022282z/bd_page_type=1/ssid=0/uid=0/pu=usm%401%2Csz%401320_1001%2Cta%40iphone_2_16.0_24_137.0/baiduid=6A154E9B3C51084F890D618B2B36317B/w=0_10_/t=iphone/l=1/tc,1,100,0
m.baidu.com/from=1022282z/bd_page_type=1/ssid=0/uid=0/pu=usm%402%2Csz%401320_1001%2Cta%40iphone_2_10.0_24_83.0/baiduid=0E897746A974A5440FA6F9E29697EA00/w=0_10_/t=iphone/l=1/tc,1,100,0
m.baidu.com/from=1022282z/bd_page_type=1/ssid=0/uid=0/pu=usm%403%2Csz%401320_1001%2Cta%40iphone_2_12.0_24_114.0/baiduid=095ECE4636A940EB1BDF930B41F1B586/w=0_10_/t=iphone/l=1/tc,1,100,0
m.baidu.com/from=1024043p/bd_page_type=1/ssid=0/uid=0/pu=sz%401320_220%2Cta%40iphone_5_6.0_28_5.1%2Cusm%402/baiduid=93900DCEC9B6C82BEFF623FDBFEC974C/w=0_10_/t=iphone/l=1/tc,1,0,457
m.baidu.com/from=1024043p/bd_page_type=1/ssid=0/uid=0/pu=usm%400%2Csz%401320_220%2Cta%40iphone_5_6.0_28_5.1/baiduid=0CD624C3781C25AE64F099080F75B94A/w=0_10_/t=iphone/l=1/tc,1,100,0
m.baidu.com/from=1024043p/bd_page_type=1/ssid=0/uid=0/pu=usm%401%2Csz%401320_220%2Cta%40iphone_5_6.0_28_5.1/baiduid=4E5FB71286D422D41476369EC1B7EE05/w=0_10_/t=iphone/l=1/tc,1,100,0
m.baidu.com/from=1024043p/bd_page_type=1/ssid=0/uid=0/pu=usm%401%2Csz%401320_220%2Cta%40iphone_5_6.0_28_5.1/baiduid=5F6008AE4B9F4198901E20F43486DA7C/w=0_10_/t=iphone/l=1/tc,1,100,0
m.baidu.com/from=1026372p/bd_page_type=1/ssid=0/uid=0/pu=usm%403%2Csz%401320_1004%2Cta%40iphone_2_12.0_26_7.95/baiduid=C6E7DB05DE9E8B12CFFB759D8F809951/w=20_10_/t=iphone/l=1/tc,1,100,0
m.baidu.com/from=1027624n/bd_page_type=1/ssid=0/uid=0/pu=sz%401320_480%2Ccuid%400uvAfluY2a_ePvaFgu2Fu_uIB80lP2uX_uSHi_u4vu8R9v8v5kWNhQMQA%2Ccua%40_a2SiyuCvigBNE64I5me6NN02I_Uhvh5SdoqA%2Ccut%40gu2Q8_9LWil5iLiWgN2b8yNHmoi5pQqAC%2Cosname%40baiduboxapp%2Cctv%402%2Ccfrom%40757b%2Ccen%40cuid_cua_cut%2Cosbranch%40a2%2Ccsrc%40app_mainbox_txt%2Cta%40iphone_2_16.0_11_20.9%2Cusm%401/baiduid=DFA1B029021BDE4BEB83CE262A1C2C03/w=0_10_/t=iphone/l=1/tc,1,100,0
m.baidu.com/from=1027624n/bd_page_type=1/ssid=0/uid=0/pu=sz%401320_480%2Ccuid%40_aHE8_8T28_PPvie_i2hi0a4v8l7u-iN_aS7aYuFSiKoLqqqB%2Ccua%40_a-qiyuO2igBNE6lI5me6NN02I_Uhvh5SGNqA%2Ccut%405JeqigN0v84QuvCB4pAj6kfuA%2Cosname%40baiduboxapp%2Cctv%402%2Ccfrom%40757b%2Ccen%40cuid_cua_cut%2Cosbranch%40a2%2Ccsrc%40app_mainbox_txt%2Cta%40iphone_2_13.0_11_20.9%2Cusm%400/baiduid=4769BD055264CF132CB8512ACCE053D6/w=30_10_/t=iphone/l=1/tc,1,100,0
m.baidu.com/from=1027624n/bd_page_type=1/ssid=0/uid=0/pu=sz%401320_480%2Ccuid%40lavki0OqB80kuv8U0ivvaguEBajA8HuVjOSNaYikS88j9QMxyuW78hxOA%2Ccua%40_a2SiyuC2ig4NE64I5me6NN02I_Uhvh5SdoqA%2Ccut%40gu2Q8_9LWil5iLiWgN2F8yN6moi5pQqAC%2Cosname%40baiduboxapp%2Cctv%402%2Ccfrom%40757b%2Ccen%40cuid_cua_cut%2Cosbranch%40a2%2Ccsrc%40app_mainbox_txt%2Cta%40iphone_2_14.0_11_20.10%2Cusm%401/baiduid=05B9744D77D6A789DC8FB81BF5251610/w=0_10_/t=iphone/l=1/tc,1,100,0
m.baidu.com/from=1030335w/bd_page_type=1/ssid=0/uid=0/pu=usm%401%2Csz%401320_1001%2Cta%40iphone_2_15.0_24_131.0/baiduid=6A25604127344C95F02FD61B3626F628/w=0_10_/t=iphone/l=1/tc,1,100,0
m.baidu.com/from=1040455c/bd_page_type=1/ssid=0/uid=0/pu=sz%401320_480%2Ccuid%40_aS98_uc2tYiaS8H0uBg8_ahHu0h8SuZ0uB3i0axS88yk1ap4iQYa0HuA%2Ccua%40_a2Si4uq-igBNE6lI5me6NN0-I_Uh2N4gI2EtAq6C%2Cosname%40baiduboxapp%2Cctv%402%2Ccfrom%401030738b%2Ccen%40cuid_cua%2Cc3_aid%40A00-5SOWWMSRC2STP4E3G4ZQNUMEJLYATJID-LZY3AQAL%2Ccsrc%40app_mainbox_txt%2Cta%40iphone___31_9.7%2Cusm%401/baiduid=875AF14960D769DFDA3E3D23F72B79F4/w=0_10_/t=iphone/l=1/tc,1,100,0
m.baidu.com/from=1040455c/bd_page_type=1/ssid=0/uid=0/pu=sz%401320_480%2Ccuid%40guBW8lu_SugO8HaGgaSCalaHvi_xuSiog82Yuluv2i889vMvgtLEMw6aA%2Ccua%40_a2SiyaO2ig4NE6lI5me6NN0-I_Uh2I4gI2EtAq6C%2Cosname%40baiduboxapp%2Cctv%402%2Ccfrom%401030738b%2Ccen%40cuid_cua%2Cc3_aid%40A00-TIUQSGLI5MGCBTYIUKOXIKJSJ6GM2X5I-CF7DD6Q5%2Ccsrc%40bdbox_tserch_txt%2Cta%40iphone___31_9.6%2Cusm%401/baiduid=96AF30BB9B25852D647F8BC7535E9266/w=0_10_/t=iphone/l=1/tc,1,100,0
m.baidu.com/from=1051923a/bd_page_type=1/ssid=0/uid=0/pu=usm%401%2Csz%401320_1001%2Cta%40iphone_2_11.0_24_83.0/baiduid=8B2CF8E95D229E4BB29601F295EB804A/w=0_10_/t=iphone/l=1/tc,1,100,0
m.baidu.com/from=1057810a/bd_page_type=1/ssid=0/uid=0/pu=sz%401320_1001%2Cta%40iphone_2_12.0_24_116.0%2Cusm%401/baiduid=DA1A272D442875EB655924E17E3827F8/w=0_10_/t=iphone/l=1/tc,1,100,0
m.baidu.com/from=1057810a/bd_page_type=1/ssid=0/uid=0/pu=sz%401320_1001%2Cta%40iphone_2_15.0_24_116.0%2Cusm%401/baiduid=6339C2D1585E181BC7C4FFF74557C1E1/w=0_10_/t=iphone/l=1/tc,1,100,0
m.baidu.com/from=1057810a/bd_page_type=1/ssid=0/uid=0/pu=usm%401%2Csz%401320_1001%2Cta%40iphone_2_10.0_24_116.0/baiduid=64F848A8E3E2779CF9C6D86088BF0C17/w=0_10_/t=iphone/l=1/tc,1,100,0
m.baidu.com/from=1057810a/bd_page_type=1/ssid=0/uid=0/pu=usm%401%2Csz%401320_1001%2Cta%40iphone_2_13.0_24_116.0/baiduid=DE66C718EB436E2B2E0F54926143AD23/w=0_10_/t=iphone/l=1/tc,1,100,0
m.baidu.com/from=1057810a/bd_page_type=1/ssid=0/uid=0/pu=usm%402%2Csz%401320_1001%2Cta%40iphone_2_14.0_24_116.0/baiduid=A2368DBAE2653B96391DC50C7F333BF0/w=0_10_/t=iphone/l=1/tc,1,100,0
m.baidu.com/from=1057810a/bd_page_type=1/ssid=0/uid=0/pu=usm%402%2Csz%401320_1001%2Cta%40iphone_2_16.0_24_116.0/baiduid=D1BDEC4BD8CAE0B3E2ECA6366EC82905/w=0_10_/t=iphone/l=1/tc,1,100,0
m.baidu.com/from=1057810a/bd_page_type=1/ssid=0/uid=0/pu=usm%403%2Csz%401320_1001%2Cta%40iphone_2_14.0_24_116.0/baiduid=F3AB365705CA6A013796EC6190515C70/w=0_10_/t=iphone/l=1/tc,1,100,0
m.baidu.com/from=1086k/bd_page_type=1/ssid=0/uid=0/pu=usm%400%2Csz%401320_1002%2Cta%40iphone_2_16.0_2_19.7/baiduid=95D42C8EAEE9A313A7623D99FD4BCEFC/w=0_10_/t=iphone/l=1/tc,1,100,0
m.baidu.com/from=1086k/bd_page_type=1/ssid=0/uid=0/pu=usm%400%2Csz%401320_1002%2Cta%40iphone_2_16.0_2_19.8/baiduid=F0DF659E33EE8B1961F9FC9E953FAD86/w=0_10_/t=iphone/l=1/tc,1,0,588
m.baidu.com/from=2001a/bd_page_type=1/ssid=0/uid=0/pu=usm%400%2Csz%401320_1003%2Cta%40iphone_2_12.0_1_17.7/baiduid=E50A252A55CD61543C8B7CAA11C8975D/w=0_10_/t=iphone/l=1/tc,1,0,4
m.baidu.com/from=2001a/bd_page_type=1/ssid=0/uid=0/pu=usm%400%2Csz%401320_1003%2Cta%40iphone_2_15.0_1_18.4/baiduid=573836F924F12E74FB87D45132126A35/w=0_10_/t=iphone/l=1/tc,1,0,66
m.baidu.com/from=2001p/bd_page_type=1/ssid=0/uid=0/pu=usm%402%2Csz%401320_1004%2Cta%40iphone_2_15.0_35_7.5/baiduid=B52D89F72F02EB7518298FB0507FE5A1/w=0_10_/t=iphone/l=1/tc,1,100,0
m.baidu.com/from=844b/bd_page_type=1/ssid=0/uid=0/pu=sz%401320_1004%2Cta%40iphone_2_10.0_33_143.0%2Cusm%401/baiduid=FBEA11464470A5799EE9A821FD3A8570/w=0_10_/t=iphone/l=1/tc,1,0,1367
m.baidu.com/from=844b/bd_page_type=1/ssid=0/uid=0/pu=usm%400%2Csz%401320_1003%2Cta%40iphone_2_16.0_1_17.2/baiduid=2A06C5D7B5FFA2868A229ACB4793144F/w=0_10_/t=iphone/l=1/tc,1,0,0
m.baidu.com/from=844b/bd_page_type=1/ssid=0/uid=0/pu=usm%401%2Csz%401320_1001%2Cta%40iphone_2_14.0_18_40.10/baiduid=7F4AD89361DA0AD1EBD8AE430DF8F753/w=0_10_/t=iphone/l=1/tc,1,100,0
m.baidu.com/from=844b/bd_page_type=1/ssid=0/uid=0/pu=usm%402%2Csz%401320_1003%2Cta%40iphone_2_16.0_1_17.2/baiduid=2A06C5D7B5FFA2868A229ACB4793144F/w=0_10_/t=iphone/l=1/tc,1,0,1
m.baidu.com/from=844b/bd_page_type=1/ssid=c6c26a6f6b65725f796f75724f3f/uid=0/pu=usm%402%2Csz%401320_1001%2Cta%40iphone_2_10.0_24_138.0/baiduid=C14822A485F12FEE11F20AFC8D0985EF/w=0_10_/t=iphone/l=1/tc,1,100,0
m.sogou.com/web/searchList.jsp,1,100,0
moma.corp.google.com,1,0,604
momodel.cn,1,100,0
mooc1.chaoxing.com/ananas/modules/zt/hyperlink/index-pc.html,1,100,0
mooc1.chaoxing.com/knowledge/cards,1,100,0
mooc2-ans.chaoxing.com/mooc2-ans/coursedata/stu-datalist,1,100,0
nav.17lai.site,1,0,54
numpy.org,1,0,64
onebox.huawei.com,1,100,0
peps.python.org,1,0,192
pip.pypa.io/en/stable/installation,1,0,471
python.github.net.cn,1,0,6
python.org/downloads/release/pymanager-252,1,0,258
python.org/psf-landing,1,0,4304
python.org/psf/donations,1,0,121
python.p2hp.com,1,0,1102
python.uihtm.com,1,0,868
qianwen.com/quarkchat/04m73n38j5tsjk3m1ip0jxgycb815ahr,1,100,0
qianwen.com/quarkchat/slq4mlwl9ougiggwfiv8olg8685acpau,1,0,35
quark.cn/s/225QAyh9uFk6Rrei30,1,100,0
quark.cn/s/2CKXsQNV235NpIdjXL,1,100,0
quark.cn/s/5TUpngc22YkmQGMjNt,1,0,5
quark.cn/s/6LaJu5221bmhtvXdPq,1,0,2310
quark.cn/s/76GwvWX1X22WjSmHqT,1,0,1542
quark.cn/s/7KOAJJw21yb3SS6Y6b,1,100,0
quark.cn/s/9cDEVR21wumWpmvtVZ,1,100,0
quark.cn/s/A9UXDJAzV21znJhCmM,1,0,17
quark.cn/s/AQ23Fiyrx7T5reXzh7,1,0,2077
quark.cn/s/Acbx23YOxq5ZIpjSaZ,1,0,28
quark.cn/s/CNYpf121zuetbozyr1,1,0,22
quark.cn/s/FKj22pKNOLFEVDNCoP,1,0,23
quark.cn/s/G2G023OlavfrYiOUZh,1,0,20
quark.cn/s/JMkH23KnRgrTQybvvK,1,100,0
quark.cn/s/JWFkRw232PApElcxJv,1,100,0
reddit.com,1,0,3048
root.cern,1,0,16
search.yahoo.co.jp,1,0,0
search.yahoo.com,1,100,0
sogou.com/link,1,100,0
sohu.com/a/409669365_642571,1,0,54
tensorflow.google.cn,1,0,0
v2ex.com/t/565363,1,0,3
wap.yandex.com,1,100,0
web.shanbay.com,1,100,0
web.shanbay.com/codetime-study/home/app/study-process/xsldl,1,100,0
wiznote-desktop,1,0,3
wpfx.link,1,0,58
www2.bing.com,1,100,14
www4.bing.com,1,100,0
xinbaoku.com,1,100,0
xinsheng.huawei.com,1,100,0
xruigpt.geely.com,1,100,0
yandex.com,1,100,0
yuanbao.tencent.com,1,100,0
yuanbao.tencent.com/chat/naQivTmsDa/7ee49142-3b8f-4a1c-a393-04ac66f968a0,1,0,228
yuque.com/python-21189040/hlcprr/al5d17,1,0,281
zhidao.baidu.com/question/1716225288551270660.html,1,100,0
