name,visitors,bounce_rate,visit_duration
Direct / None,4067,87,98
google.com,191,89,458
python.org,89,64,350
bing.com,36,68,542
cn.bing.com,25,69,25
practicum.yandex.ru,12,93,2
baidu.com/link,11,83,158
duckduckgo.com,9,67,217
peps.python.org,8,100,0
search.brave.com,6,0,219
yandex.ru,6,100,446
chatgpt.com,5,0,505
ecosia.org,4,100,49
codecademy.cn,3,0,21
statics.teams.cdn.office.net,3,100,0
baidu.com,2,0,560
blog.51cto.com,2,100,0
blog.python.org,2,0,376
claude.ai,2,100,7
colab.research.google.com,2,50,2
docs.cloud.google.com,2,100,0
doubao.com,2,0,154
geek-blogs.com,2,50,8
kkb-production.jupyter-proxy.kaggle.net,2,100,0
lrps.wgu.edu,2,100,0
m.baidu.com/from=1034829p/bd_page_type=1/ssid=0/uid=0/pu=usm%401%2Csz%401320_1003%2Cta%40iphone_2_14.0_1_17.8/baiduid=C749ADABC0C0B63161B62FD71D177116/w=20_10_/t=iphone/l=1/tc,2,100,0
practicum.yandex.com,2,100,0
pucminas.instructure.com/courses/199119/modules/items/4332332,2,100,0
search.yahoo.co.jp,2,0,18
search.yahoo.com,2,100,0
192.168.0.51,1,100,0
android-app://com.google.android.googlequicksearchbox,1,100,0
campus110.unad.edu.co,1,100,0
campus141.unad.edu.co,1,100,0
chat.oracle.com,1,0,11
cloud.google.com,1,100,0
cnblogs.com,1,100,0
confluence.intranet.commerzbank.com,1,100,0
confluence.samsungds.net,1,100,0
daniweb.com,1,100,0
demesinfer.readthedocs.io,1,100,0
devdocs.io,1,0,34
discuss.python.org,1,100,0
docs.astral.sh,1,0,12
docs.vultr.com,1,0,67
eadcursosgratuitos.mackenzie.br,1,100,0
expediagroup.atlassian.net,1,100,0
github.com/astral-sh/ruff/issues/2914,1,100,0
github.com/jwodder/versioningit/issues/48,1,0,584
github.com/python/cpython/blob/main/Doc/README.rst,1,0,795
github.com/python/cpython/issues/135834,1,0,1396
github.com/twisted/twisted/issues/12229,1,100,0
google.co.jp,1,50,784
google.com.hk,1,100,0
kdocs.cn,1,100,0
l.facebook.com,1,0,1338
m.baidu.com,1,100,0
m.baidu.com/from=844b/bd_page_type=1/ssid=0/uid=0/pu=usm%400%2Csz%401320_1003%2Cta%40iphone_2_13.0_1_18.4/baiduid=5140534D9352F0341AEDB5E06E2F559F/w=0_10_/t=iphone/l=1/tc,1,100,0
networkx.org,1,0,14
notebooklm.google.com,1,100,0
pandas-ta.dev,1,100,0
pucminas.instructure.com/courses/199120/modules/items/4332351,1,0,9
pucminas.instructure.com/courses/230808/modules/items/4964536,1,100,0
pypdf.readthedocs.io/en/stable/modules/DocumentInformation.html,1,100,0
python.org/downloads/release/python-3124,1,100,0
pytutorial-it.readthedocs.io/it/python3.12/whatnow.html,1,100,0
realpython.com,1,0,831
rweiozwintla.labs.coursera.org,1,0,903
sonarcloud.io,1,100,0
sso.st.com,1,100,0
stem.elearning.unipd.it,1,0,23
translations.python.org,1,0,438
udemy.com,1,0,249
uk.search.yahoo.com,1,0,350
