name,unique_entrances,total_entrances,visit_duration
/pl/3/tutorial/datastructures.html,29,29,32
/pl/3/tutorial/index.html,20,22,307
/pl/3/tutorial/controlflow.html,10,11,56
/pl/3/tutorial/inputoutput.html,8,8,18
/pl/3/tutorial/modules.html,8,8,234
/3/,7,7,406
/pl/3/installing/index.html,7,7,276
/pl/dev/tutorial/classes.html,6,6,0
/pl/dev/tutorial/inputoutput.html,6,6,0
/3/tutorial/index.html,5,5,1242
/pl/3/,5,5,162
/pl/3/tutorial/classes.html,5,6,336
/pl/3/extending/extending.html,4,4,0
/pl/3/library/array.html,4,4,650
/pl/3/tutorial/venv.html,4,4,2
/3/library/idle.html,3,3,169
/pl/3.13/,3,3,67
/pl/3/library/index.html,3,3,16
/pl/dev/tutorial/datastructures.html,3,3,0
/3.13/tutorial/index.html,2,2,138
/3/tutorial/classes.html,2,2,998
/pl/3.12/tutorial/introduction.html,2,2,0
/pl/3.13/search.html,2,2,0
/pl/3.13/tutorial/classes.html,2,2,6
/pl/3/library/functions.html,2,3,588
/pl/3/tutorial/,2,2,400
/pl/3/tutorial/errors.html,2,2,0
/pl/3/tutorial/interpreter.html,2,2,0
/pl/3/tutorial/introduction.html,2,2,0
/pl/dev/library/turtle.html,2,2,4
/3.13/using/windows.html,1,1,108
/3/library/exceptions.html,1,1,73
/3/library/functions.html,1,1,0
/3/library/index.html,1,1,74
/3/library/os.html,1,1,504
/3/library/platform.html,1,1,671
/3/library/random.html,1,1,282
/3/library/re.html,1,1,109
/3/library/select.html,1,1,612
/3/library/stdtypes.html,1,1,16
/3/library/sys.html,1,1,562
/3/library/turtle.html,1,1,19
/3/library/wave.html,1,1,905
/3/tutorial/,1,1,32
/3/tutorial/appetite.html,1,1,78
/3/tutorial/datastructures.html,1,1,48
/3/tutorial/inputoutput.html,1,1,369
/3/tutorial/introduction.html,1,1,45
/3/whatsnew/3.13.html,1,1,35
/pl/3.12/tutorial/interpreter.html,1,1,0
/pl/3.13/contents.html,1,1,509
/pl/3.13/library/functions.html,1,1,0
/pl/3.13/tutorial/controlflow.html,1,1,133
/pl/3.13/tutorial/errors.html,1,1,0
/pl/3.13/tutorial/index.html,1,1,1460
/pl/3.14/whatsnew/3.14.html,1,1,0
/pl/3/c-api/sys.html,1,1,1800
/pl/3/index.html,1,1,332
/pl/3/library/stdtypes.html,1,1,8
/pl/3/library/sys.html,1,1,720
/pl/3/tutorial/floatingpoint.html,1,1,0
/pl/3/tutorial/whatnow.html,1,1,0
/pl/3/using/index.html,1,1,12
/pl/dev/howto/regex.html,1,1,0
/pl/dev/library/functions.html,1,1,0
/pl/dev/tutorial/floatingpoint.html,1,1,0
