name,version,visitors
Chrome,140.0,3604
Chrome,139.0,1068
Microsoft Edge,140.0,1038
Firefox,142.0,577
Safari,18.6,467
Chrome,138.0,238
Microsoft Edge,139.0,116
Yandex Browser,25.8,106
Firefox,128.0,84
Chrome,137.0,53
Opera,121.0,52
Opera,120.0,49
Chrome,135.0,47
Mobile App,(not set),42
Chrome,136.0,42
Chrome,132.0,40
Safari,18.5,38
Safari,26.0,37
Chrome,109.0,29
Chrome,134.0,29
Chrome,131.0,27
Samsung Browser,28.0,27
Safari,17.6,25
Firefox,141.0,24
Safari,18.3,23
Firefox,115.0,20
Safari,18.4,17
Quark,(not set),16
Microsoft Edge,122.0,16
Firefox,140.0,16
Safari,15.6,16
(not set),(not set),15
Chrome,122.0,15
Chrome,130.0,15
Safari,16.6,15
Chrome,127.0,14
Microsoft Edge,141.0,13
Brave,(not set),11
Safari,17.4,11
Safari,18.1,11
Chrome,126.0,10
Microsoft Edge,138.0,10
Smart Lenovo Browser,9.0,10
Firefox,136.0,9
Chrome,121.0,8
Chrome,129.0,8
Mobile App,139.0,8
Chrome,141.0,8
QQ Browser,19.6,8
Opera,91.0,8
Chrome,128.0,7
Chrome,133.0,7
Firefox,142.1,7
Chrome,116.0,6
Chrome,119.0,6
Chrome,123.0,6
Chrome,124.0,6
Microsoft Edge,126.0,6
Firefox,134.0,6
Firefox,143.0,6
Safari,17.5,6
Safari,60.5,6
Opera,122.0,5
Chrome,125.0,5
Firefox,129.0,5
Microsoft Edge,136.0,5
Safari,17.0,5
Safari,17.1,5
Yandex Browser,24.10,5
Microsoft Edge,92.0,5
Chrome,108.0,4
Firefox,127.0,4
Microsoft Edge,131.0,4
Firefox,132.0,4
Microsoft Edge,137.0,4
Firefox,138.0,4
Firefox,139.0,4
Safari,14.1,4
Chrome,142.0,4
Safari,15.1,4
Safari,15.4,4
Quark,7.15,4
Quark,7.16,4
Mobile App,76.0,4
Chrome,101.0,3
Chrome,105.0,3
Chrome,114.0,3
Chrome,120.0,3
Firefox,125.0,3
Firefox,126.0,3
Microsoft Edge,133.0,3
Microsoft Edge,135.0,3
Firefox,137.0,3
Avast Secure Browser,139.0,3
MIUI Browser,14.41,3
Huawei Browser Mobile,16.0,3
Safari,18.2,3
Yandex Browser,25.6,3
Yandex Browser,25.84,3
vivo Browser,26.2,3
Opera,95.0,3
Microsoft Edge,100.0,2
Firefox,111.0,2
Chrome,111.0,2
Microsoft Edge,117.0,2
Chrome,118.0,2
Microsoft Edge,119.0,2
Microsoft Edge,128.0,2
Microsoft Edge,129.0,2
Safari,13.1,2
Firefox,130.0,2
Firefox,131.0,2
Firefox,133.0,2
AVG Secure Browser,139.0,2
vivo Browser,14.6,2
Mobile App,140.0,2
Safari,16.2,2
Safari,16.4,2
Safari,17.14,2
Safari,19.0,2
QQ Browser,19.2,2
QQ Browser,19.4,2
QQ Browser,19.5,2
MIUI Browser,20.2,2
Yandex Browser,25.2,2
Yandex Browser,25.4,2
JioSphere,5.0,2
Raindrop.io,5.6,2
QtWebEngine,6.8,2
Chrome,70.0,2
Chrome,74.0,2
Firefox,78.0,2
Firefox,88.0,2
Opera,90.0,2
Mobile App,97.0,2
MIUI Browser,10.9,1
Chrome,100.0,1
Microsoft Edge,101.0,1
Chrome,109.1,1
Internet Explorer,11.0,1
Safari,11.0,1
Opera,110.0,1
Chrome,112.0,1
Firefox,113.0,1
Microsoft Edge,113.0,1
Firefox,116.0,1
Chrome,117.0,1
Opera,118.0,1
Firefox,118.0,1
Opera,119.0,1
Safari,12.0,1
Huawei Browser,12.1,1
Firefox,124.0,1
Mobile App,127.0,1
Microsoft Edge,127.0,1
QQ Browser,13.3,1
Mobile App,131.0,1
Microsoft Edge,132.0,1
Microsoft Edge,134.0,1
Firefox,135.0,1
Norton Private Browser,139.0,1
CCleaner,139.0,1
Avira Secure Browser,139.0,1
Safari,14.0,1
Firefox,144.0,1
Safari,16.5,1
Safari,16.7,1
Safari,17.13,1
Safari,17.3,1
Safari,17.7,1
Safari,18.0,1
Microsoft Edge,18.19041,1
Sogou Explorer,2,1
Hi Browser,2.23,1
Yandex Browser,20.12,1
vivo Browser,20.5,1
Yandex Browser,22.11,1
vivo Browser,25.8,1
Yandex Browser,25.80,1
Yandex Browser,25.82,1
vivo Browser,25.9,1
Whale Browser,3.9,1
SberBrowser,31.0,1
115 Browser,35.26,1
Mobile App,51.0,1
Cyberfox,52.0,1
Mobile App,57.0,1
QQ Browser,6.2,1
Safari,8.0,1
Chrome,83.0,1
Chrome,84.0,1
Chrome,86.0,1
Chrome,90.0,1
Firefox,91.0,1
Mobile App,91.0,1
Firefox,93.0,1
Chrome,94.0,1
Chrome,95.0,1
Chrome,98.0,1
Mobile App,98.0,1
Firefox,99.0,1
