name,unique_entrances,total_entrances,visit_duration
/en/latest/tutorials/installing-packages/,4371,4460,67
/en/latest/guides/tool-recommendations/,730,739,45
/en/latest/tutorials/packaging-projects/,670,692,116
/en/latest/guides/installing-using-pip-and-virtual-environments/,579,601,38
/en/latest/guides/writing-pyproject-toml/,512,542,68
/en/latest/,313,322,134
/en/latest/glossary/,113,115,124
/en/latest/key_projects/,97,99,170
/en/latest/overview/,81,85,137
/en/latest/specifications/dependency-specifiers/,75,77,46
/en/latest/guides/distributing-packages-using-setuptools/,66,67,259
/en/latest/guides/installing-using-linux-tools/,60,61,143
/en/latest/tutorials/managing-dependencies/,57,58,181
/en/latest/specifications/pyproject-toml/,44,44,10
/en/latest/discussions/src-layout-vs-flat-layout/,36,37,102
/en/latest/guides/creating-command-line-tools/,35,35,200
/en/latest/guides/section-install/,33,33,132
/en/latest/specifications/entry-points/,32,33,65
/en/latest/flow/,28,30,277
/en/latest/tutorials/,28,29,45
/en/latest/guides/packaging-namespace-packages/,27,29,111
/en/latest/specifications/version-specifiers/,27,28,25
/en/latest/guides/creating-and-discovering-plugins/,25,26,134
/en/latest/guides/,21,21,29
/en/latest/guides/installing-using-virtualenv/,21,22,68
/en/latest/specifications/dependency-groups/,20,20,131
/en/latest/specifications/inline-script-metadata/,20,21,24
/en/latest/guides/installing-scientific-packages/,19,19,38
/en/latest/guides/section-build-and-publish/,19,19,163
/en/latest/discussions/versioning/,17,17,131
/en/latest/specifications/binary-distribution-format/,17,17,43
/en/latest/discussions/setup-py-deprecated/,16,17,18
/en/latest/guides/installing-stand-alone-command-line-tools/,15,16,99
/en/latest/guides/publishing-package-distribution-releases-using-github-actions-ci-cd-workflows/,15,15,84
/en/latest/specifications/core-metadata/,15,15,337
/en/latest/guides/modernize-setup-py-project/,14,14,28
/en/latest/search/,14,14,160
/en/latest/specifications/,13,13,66
/en/latest/guides/analyzing-pypi-package-downloads/,12,12,91
/en/latest/guides/packaging-binary-extensions/,12,12,320
/en/latest/specifications/externally-managed-environments/,11,11,8
/en/latest/specifications/platform-compatibility-tags/,11,11,55
/en/latest/specifications/pypirc/,11,11,152
/en/latest/discussions/package-formats/,10,10,0
/en/latest/guides/hosting-your-own-index/,10,10,58
/en/latest/discussions/deploying-python-applications/,9,11,13
/en/latest/guides/licensing-examples-and-user-scenarios/,9,9,0
/en/latest/guides/using-testpypi/,9,9,11
/en/latest/specifications/name-normalization/,9,9,9
/en/latest/specifications/simple-repository-api/,9,9,70
/en/latest/guides/using-manifest-in/,8,8,168
/en/latest/guides/making-a-pypi-friendly-readme/,7,7,1
/en/latest/specifications/pylock-toml/,7,8,307
/en/latest/discussions/install-requires-vs-requirements/,6,6,0
/en/latest/discussions/single-source-version/,6,6,276
/en/latest/contribute/,5,5,7
/en/latest/guides/index-mirrors-and-caches/,5,5,0
/en/latest/discussions/distribution-package-vs-import-package/,4,4,4
/en/latest/guides/dropping-older-python-versions/,4,4,843
/en/latest/discussions/pip-vs-easy-install/,3,3,2
/en/latest/specifications/recording-installed-packages/,3,4,0
/en/latest/news/,2,2,0
/en/latest/specifications/glob-patterns/,2,2,0
/en/latest/specifications/section-distribution-metadata/,2,2,14
/en/latest/specifications/virtual-environments/,2,2,2
/pt-br/latest/tutorials/installing-packages/,2,2,116
/en/latest/discussions/,1,1,0
/en/latest/discussions/downstream-packaging/,1,1,0
/en/latest/guides/migrating-to-pypi-org/,1,1,0
/en/latest/specifications/file-yanking/,1,1,0
/en/latest/specifications/index-hosted-attestations/,1,1,0
/en/latest/specifications/project-status-markers/,1,1,2263
/en/latest/specifications/schemas/,1,1,113
/en/latest/specifications/section-distribution-formats/,1,1,2
/en/latest/specifications/section-installation-metadata/,1,1,0
/en/latest/specifications/section-package-indices/,1,1,0
/en/latest/specifications/section-python-description-formats/,1,1,0
/en/latest/specifications/section-reproducible-environments/,1,1,1373
/en/latest/specifications/source-distribution-format/,1,1,0
/en/latest/support/,1,1,56
/en/latest/tutorials/index.html,1,1,0
/ja/latest/tutorials/packaging-projects/,1,1,26
/pt-br/latest/guides/installing-using-pip-and-virtual-environments/,1,1,1071
/pt-br/latest/guides/writing-pyproject-toml/,1,1,3
