name,visitors,bounce_rate,visit_duration
pypi.org,3030,77,73
google.com,2187,83,63
Direct / None,1676,72,113
jupyter.org,451,80,42
docs.python.org,213,71,101
pip.pypa.io/en/stable,129,72,70
pip.pypa.io/en/stable/installation,97,75,48
search.brave.com,86,85,71
duckduckgo.com,73,84,37
ai.google.dev,58,84,32
yandex.ru,49,86,28
docs.astral.sh,46,70,150
pip.pypa.io,42,71,31
bing.com,36,86,62
peps.python.org,30,62,90
huggingface.co,23,83,15
test.pypi.org,16,82,194
ecosia.org,12,83,60
chatgpt.com,11,82,357
github.com,10,80,66
pip.pypa.io/en/latest/installation,8,86,24
cn.bing.com,7,71,30
python-poetry.org,7,57,17
roadmap.sh,7,86,3
youtube.com,7,100,0
pip.pypa.io/en/stable/getting-started,6,67,228
realpython.com,6,100,0
developers.google.com,5,100,0
pip.pypa.io/en/latest,5,100,0
android-app://com.google.android.googlequicksearchbox,4,100,0
discuss.python.org,4,75,19
docs.python.org/ja/3.11/distributing/index.html,4,100,0
github.com/PatrickL546/Hydrax-Abyss.to-DownloadHelper-Python,4,100,0
google.com.hk,4,100,0
perplexity.ai,4,50,8
pip.pypa.io/en/stable/index.html,4,75,8
upload.pypi.org,4,25,1100
ya.ru,4,100,0
clipsai.com,3,75,19
github.com/huggingface/transformers/blob/main/i18n/README_zh-hans.md,3,100,0
github.com/pypa/pip,3,67,5
github.com/vlachoudis/bCNC/wiki/Installation,3,100,0
learn.scientific-python.org,3,100,0
moodle.usherbrooke.ca,3,100,0
pixi.sh,3,100,0
pygraphviz.github.io,3,100,0
pypa.io/en/latest,3,33,16
pypi.com.cn,3,67,3
setuptools.pypa.io,3,33,377
127.0.0.1,2,100,0
airflow.apache.org,2,100,0
build.pypa.io/en/stable,2,50,424
ci.mines-stetienne.fr,2,0,548
claude.ai,2,100,0
codelabs.developers.google.com,2,0,34
colab.research.google.com,2,100,0
cython.readthedocs.io,2,50,41
digitology.tech,2,100,0
doc.courtbouillon.org,2,100,0
docs.pypi.org,2,50,140
docs.pypi.org/api/index-api,2,100,0
docs.pytorch.org,2,100,0
docs.streamlit.io,2,100,0
docs.unity3d.com,2,100,0
faq-etu.unicaen.fr,2,100,0
fishros.com,2,100,0
flask.palletsprojects.com/en/stable/tutorial/install,2,100,0
gemini.google.com,2,0,300
github.com/ROCm/TheRock/blob/main/RELEASES.md,2,100,0
github.com/astral-sh/uv/issues/5903,2,100,0
github.com/astral-sh/uv/issues/6302,2,100,0
github.com/kmhmubin/Face-Recognition-Attendance-System,2,50,172
github.com/python-poetry/poetry-plugin-bundle,2,100,0
gmm-image-quality.readthedocs.io/en/latest/installation.html,2,67,23
google.com.tw,2,0,46
google.ru,2,100,0
id.web.gs.com,2,50,5
in.search.yahoo.com,2,100,0
jcheng.org,2,100,0
l.threads.com,2,100,0
launchpad.net,2,67,417
link.csdn.net,2,50,90
lms.foxminded.ua,2,100,0
pip.pypa.io/en/stable/reference/requirement-specifiers,2,50,280
pybind11.readthedocs.io/en/stable/compiling.html,2,100,0
python.plainenglish.io,2,100,0
quarto.org,2,50,337
qwant.com,2,50,304
reddit.com,2,100,0
scipy.org,2,100,0
search.yahoo.com,2,100,0
twine.readthedocs.io,2,100,0
udemy.com,2,100,0
103.90.227.249,1,100,0
ai.google.dev/gemini-api/docs/quickstart,1,100,0
ansible-pylibssh.readthedocs.io/en/latest/installation_guide,1,100,0
app.readthedocs.org,1,100,0
biogeme.epfl.ch,1,100,0
blog.bswlife.site,1,100,0
blog.csdn.net/weixin_42139375/article/details/82711201,1,100,0
blog.naver.com/PostView.naver,1,100,0
blog.pypi.org,1,0,2263
blogs.oracle.com,1,100,0
canva.com,1,0,279
chat.baidu.com,1,100,0
chatgpt-inside.mathworks.com,1,100,0
cloud.google.com,1,100,0
coccoc.com/search,1,100,0
cython.readthedocs.io/en/latest/src/quickstart/build.html,1,100,0
devdocs.io,1,0,19
devguide.python.org/documentation/start-documenting,1,100,0
docs.ansible.com,1,0,5
docs.blender.org,1,100,0
docs.conda.io/projects/conda-build/en/stable,1,100,0
docs.constructor.tech,1,100,0
docs.genymotion.com,1,100,0
docs.lammps.org,1,100,0
docs.openstack.org,1,100,0
docs.pypi.org/project_metadata,1,0,102
docs.pytest.org/en/stable/explanation/goodpractices.html,1,100,0
docs.python.org/3.13/installing/index.html,1,100,0
docs.python.org/3/distributing/index.html,1,0,2
docs.python.org/zh-cn/3/installing/index.html,1,0,22
eodag.readthedocs.io/en/stable/plugins.html,1,100,0
example-sphinx-basic.readthedocs.io/en/stable,1,0,73
facebook.com,1,100,0
flask.palletsprojects.com,1,0,254
flask.palletsprojects.com/zh-cn/stable/tutorial/install,1,0,458
forum.sublimetext.com,1,100,0
forums.developer.nvidia.com,1,100,0
fr.search.yahoo.com,1,100,0
github.com/ClipsAI/clipsai,1,100,0
github.com/JSBSim-Team/jsbsim/tree/Linux,1,100,0
github.com/Lattyware/unrpa,1,100,0
github.com/Mord3rca/gamma-launcher,1,100,0
github.com/SeleniumHQ/selenium,1,100,0
github.com/Unity-Technologies/ml-agents/blob/release_22/docs/Installation.md,1,100,0
github.com/astral-sh/uv/issues/12046,1,0,28
github.com/astral-sh/uv/issues/6298,1,100,0
github.com/audreyfeldroy/cookiecutter-pypackage,1,100,0
github.com/boris-42/profimp/issues/28,1,100,0
github.com/cocktailpeanut/transformers,1,100,0
github.com/ethanfurman/dbf/pull/63,1,100,0
github.com/fpgmaas/cookiecutter-uv,1,100,0
github.com/fpgmaas/cookiecutter-uv/tree/main,1,100,0
github.com/googleapis/release-please/issues/510,1,100,0
github.com/jazzband/pip-tools,1,0,64
github.com/jimu-gh/Kashi,1,0,77
github.com/marcellusmontilla/gcp_notifier,1,100,0
github.com/netbox-community/netbox-plugin-tutorial/blob/main/tutorial/step01-initial-setup.md,1,100,0
github.com/numpy/numpy/blob/main/INSTALL.rst,1,100,0
github.com/omnetpp/opp_env/blob/main/INSTALL.md,1,100,0
github.com/pypa/pip/issues/11457,1,100,0
github.com/pypa/pip/issues/6334,1,100,0
github.com/pypa/sampleproject/tree/main,1,100,0
github.com/pytorch/extension-ffi/issues/6,1,100,0
github.com/silx-kit/pyFAI,1,100,0
github.com/sqlalchemy/alembic/issues/625,1,100,0
github.com/stefmolin/Hands-On-Data-Analysis-with-Pandas-2nd-edition,1,0,335
github.com/xmunoz/rubberband/pull/3,1,100,0
google.be,1,100,0
google.com.ar,1,100,0
google.com.au,1,100,0
google.it,1,100,0
innovationspace.ansys.com,1,100,0
intel.com,1,0,5
intermod.pro,1,100,0
it.search.yahoo.com,1,100,0
jfrog.com,1,100,0
jinja.palletsprojects.com/en/stable/intro,1,100,0
joss.readthedocs.io/en/latest/review_criteria.html,1,100,0
kylebarron.dev,1,100,0
learn.xamk.fi,1,100,0
link.zhihu.com,1,100,0
lms.merionet.ru,1,100,0
marcura.atlassian.net,1,0,83
masterinfo.emi.u-bordeaux.fr,1,100,0
medium.com/@blackary/publishing-a-python-package-from-github-to-pypi-in-2024-a6fb8635d45d,1,100,0
medium.com/analytics-vidhya/explicit-understanding-of-python-package-building-structuring-4ac7054c0749,1,100,0
mirror.chromaso.net,1,100,0
moodle.simmons.edu,1,100,0
mp.csdn.net,1,100,0
mujoco.readthedocs.io/en/2.3.7/python.html,1,100,0
naver.com,1,100,0
noai.duckduckgo.com,1,100,0
nox.thea.codes/en/stable/tutorial.html,1,0,93
ofek.dev,1,100,0
openflexure-microscope-software.readthedocs.io/en/stable/extensions/introduction.html,1,100,0
opensource.guide,1,100,0
packaging-python-org.translate.goog,1,0,1618
packaging.pypa.io,1,100,0
packaging.pypa.io/en/stable/requirements.html,1,0,234
packaging.pypa.io/en/stable/version.html,1,100,0
paddlepaddle.org.cn,1,100,0
paramiko.org/installing.html,1,100,0
pip-pypa-io.translate.goog,1,100,0
pip-tools.readthedocs.io/en/latest,1,100,0
pip.pypa.io/en/latest/getting-started,1,100,0
pip.pypa.io/en/stable/cli/pip_install,1,100,0
pip.pypa.io/en/stable/user_guide,1,100,0
pipx.pypa.io/stable/installation,1,100,0
positron.posit.co,1,100,0
pro.arcgis.com,1,100,0
pycode.ru,1,0,33
pydevtools.com,1,100,0
pyloong.github.io,1,100,0
pyodide.org/en/stable/usage/faq.html,1,100,0
pyscaffold.org,1,100,0
python.plainenglish.io/supercharging-python-development-with-oh-my-zsh-on-you-mac-6b0dca709334,1,100,0
python.stockindicators.dev,1,100,0
pythonchik.ru,1,100,0
qiita.com,1,0,15
scholastic.atlassian.net,1,100,0
seangoedecke.com,1,100,0
search.naver.com,1,100,0
setuptools.pypa.io/en/latest/userguide/package_discovery.html,1,100,0
setuptools.pypa.io/en/latest/userguide/quickstart.html,1,100,0
shell.cloud.google.com,1,100,0
skillbox.ru,1,100,0
sky.pro/wiki/python/kak-ustranit-oshibku-ustanovki-scipy-na-python-cherez-pip,1,100,0
solara.dev,1,100,0
sphinxcontrib-bibtex.readthedocs.io/en/2.4.1/usage.html,1,100,0
sphinxcontrib-bibtex.readthedocs.io/en/latest/usage.html,1,100,0
static.ouster.dev,1,0,461
statics.teams.cdn.office.net,1,100,0
tech-summary.readthedocs.io/en/latest/python_publish_package.html,1,0,2129
translate.google.com,1,0,127
tutti.prod.bloomberg.com,1,100,0
twine.readthedocs.io/en/stable,1,100,0
twine.readthedocs.io/en/stable/contributing.html,1,100,0
twine.readthedocs.io/en/stable/index.html,1,0,180
ukc-word-view.officeapps.live.com,1,100,0
validate-pyproject.readthedocs.io/en/latest/api/validate_pyproject.formats.html,1,0,120
weewx.com,1,0,1312
wiki-rossilab01.tnw.tudelft.nl,1,100,0
wiki.archlinux.org/title/Python,1,100,0
wiki.bmc.com,1,100,0
wiki.python.org,1,100,0
yandex.by,1,0,151
yandex.com,1,100,0
