name,visitors
Moscow,236
Tokyo,227
New York City,223
Bengaluru,210
Hyderabad,200
Singapore,187
London,179
Paris,173
Frankfurt am Main,164
Amsterdam,160
Los Angeles,160
Mumbai,158
Chennai,144
San Jose,137
Hong Kong,136
Warsaw,135
Chicago,132
Beijing,130
Munich,124
Ho Chi Minh City,114
Sydney,113
São Paulo,113
Berlin,112
Toronto,112
Seattle,104
Shanghai,101
Ashburn,100
New Delhi,91
Guangzhou,90
Madrid,90
Saint Petersburg,87
Hanoi,83
Milan,83
San Francisco,83
Pune,82
Bogotá,81
Reston,77
Taipei,76
Helsinki,75
Prague,71
Kyiv,70
Melbourne,70
Vienna,67
Delhi,65
Zürich,65
Montréal,63
Bangkok,57
Dublin,57
Lima,57
Shenzhen,53
Rio de Janeiro,52
Denver,50
Vancouver,49
Istanbul,48
Hangzhou,48
Manchester,46
Stuttgart,46
Osaka,44
Tel Aviv,42
Jakarta,42
Atlanta,42
N/A,42
Nairobi,40
Chengdu,39
Barcelona,39
Addis Ababa,38
Tashkent,38
Lisbon,38
Oslo,38
Santiago,38
Portland,37
Brussels,36
Kathmandu,35
Medellín,35
Cairo,34
Taichung,34
Rome,34
Minsk,33
Yekaterinburg,33
Novosibirsk,33
Johannesburg,32
Kolkata,32
San Diego,32
Noida,32
Cochin,31
Brisbane,31
Auckland,31
Lagos,31
Stockholm,31
Budapest,31
Kraków,31
Houston,31
Brooklyn,31
Boardman,31
Vilnius,30
Yerevan,30
Belgrade,30
Ahmedabad,30
Austin,30
Wuhan,29
Seoul,29
Miami,29
Nanjing,28
Rotterdam,28
Rostov-na-Donu,27
Lucknow,27
Copenhagen,27
Washington,27
Dallas,27
Phoenix,27
Nizhniy Novgorod,26
Mexico City,26
Patna,25
Poznań,25
Cape Town,25
Boston,25
Krasnodar,24
Tbilisi,24
N/A,24
Santa Clara,24
Jaipur,23
Cambridge,23
Hamburg,23
Belo Horizonte,23
Calgary,23
Colombo,22
Coimbatore,22
Bhopāl,22
Brasília,22
Queens,22
Athens,21
Lviv,21
Sofia,21
Indore,21
Almaty,21
City of Westminster,21
Düsseldorf,21
Gdańsk,20
Curitiba,20
Quito,20
Philadelphia,20
Zhengzhou,19
Birmingham,19
Minneapolis,19
Tehran,18
Casablanca,18
Marseille,18
Durham,18
Del Norte,18
Bhubaneshwar,17
Chelyabinsk,17
Changsha,17
Perth,17
Accra,17
Wrocław,17
Salvador,17
Las Vegas,17
Redmond,17
N/A,17
Kaohsiung,16
Slough,16
Nürnberg,16
St. Louis,16
Charlotte,16
Lambeth,16
Riga,15
Manila,15
Chongqing,15
N/A,15
Wandsworth,15
The Hague,15
Dresden,15
Buenos Aires,15
Porto Alegre,15
Dubai,14
Omsk,14
Xi’an,14
Leeds,14
Croydon,14
Bologna,14
N/A,14
Columbia,14
Columbus,14
Sunnyvale,14
Tallinn,13
Adelaide,13
Kumasi,13
Genève,13
Köln,13
Bratislava,13
Zagreb,13
San José,13
Washington,13
Abu Dhabi,12
Ufa,12
Samara,12
Baku,12
Kharkiv,12
Gurgaon,12
Dehra Dūn,12
Quezon City,12
Xiamen,12
Tianjin,12
N/A,12
Suwon,12
Yokohama,12
Suzhou,12
Oxford,12
Antwerpen,12
Mannheim,12
Rennes,12
Lyon,12
Turin,12
Camden Town,12
Recife,12
Fortaleza,12
Campinas,12
La Paz,12
Cambridge,12
Fremont,12
Mountain View,12
Bellevue,12
Québec,12
Yaroslavl,11
Voronezh,11
Bucharest,11
Odessa,11
Islamabad,11
Dhaka,11
Thrissur,11
Barnaul,11
Bandung,11
Chang-hua,11
Phnom Penh,11
N/A,11
Abuja,11
Valencia,11
Kingston upon Hull,11
Hounslow,11
Lausanne,11
Leuven,11
Brno,11
Katowice,11
Santo Domingo,11
Caracas,11
Guadalajara,11
Fort Worth,11
San Antonio,11
Fairfax,11
Irvine,11
Sanaa,10
Riyadh,10
Jerusalem,10
Doha,10
Kazan,10
Lahore,10
Karachi,10
Vadodara,10
Ludhiāna,10
Tainan,10
N/A,10
Kuala Lumpur,10
Shijiazhuang,10
Qingdao,10
Edinburgh,10
Bristol,10
Delft,10
Essen,10
Vélizy-Villacoublay,10
Ribeirão Preto,10
Cali,10
Baltimore,10
Cary,10
Plano,10
The Bronx,10
Pittsburgh,10
Ottawa,10
Chisinau,9
Cluj-Napoca,9
Dnipro,9
Pretoria,9
Durban,9
Vijayawada,9
Salem,9
Chandīgarh,9
Da Nang,9
Hsinchu,9
Hefei,9
Fuzhou,9
Tsuen Wan,9
Seongnam-si,9
Sevilla,9
Milton Keynes,9
N/A,9
Gloucester,9
Utrecht,9
Liège,9
Leipzig,9
Bordeaux,9
Puebla,9
