name,unique_exits,total_exits,exit_rate
/3.12/,196,202,
/3.12/tutorial/index.html,158,167,
/3.12/using/windows.html,132,135,
/3.12/whatsnew/3.12.html,96,97,
/3.12/library/functions.html,82,84,
/3.12/library/stdtypes.html,76,80,
/3.12/tutorial/,36,37,
/3.12/library/index.html,31,32,
/3.12/library/,30,30,
/3.12/library/typing.html,30,40,
/3/,29,29,
/3.12/search.html,28,29,
/3.12/tutorial/introduction.html,26,28,
/zh-cn/3.12/tutorial/index.html,26,27,
/3.12/index.html,24,26,
/3.12/library/datetime.html,24,25,
/3.12/library/tkinter.html,24,25,
/3.12/library/random.html,23,27,
/3.12/library/2to3.html,21,21,
/3.12/tutorial/interpreter.html,19,19,
/3.12/tutorial/controlflow.html,18,19,
/zh-cn/3.12/library/index.html,17,17,
/zh-cn/3.12/using/mac.html,17,17,
/3.12/tutorial/appetite.html,14,15,
/3.12/contents.html,13,19,
/3.12/library/turtle.html,13,13,
/zh-cn/3.12/library/functions.html,13,13,
/3.12/library/exceptions.html,12,13,
/3.12/library/pathlib.html,12,12,
/3.12/reference/datamodel.html,12,12,
/3.12/download.html,11,11,
/3.12/glossary.html,11,12,
/3.12/library/asyncio-task.html,11,11,
/3.12/library/math.html,11,11,
/3.12/library/os.path.html,11,12,
/3.12/library/telnetlib.html,11,11,
/es/3.12/tutorial/index.html,11,9,
/3.12/library/json.html,10,10,
/3.12/library/os.html,10,10,
/3.12/library/re.html,10,11,
/zh-cn/3.12/library/heapq.html,10,10,
/3.13/,9,9,
/zh-cn/3.12/library/stdtypes.html,9,9,
/zh-cn/3.12/reference/datamodel.html,9,11,
/zh-cn/3.12/tutorial/controlflow.html,9,9,
/3.12/installing/index.html,8,8,
/3.12/reference/index.html,8,8,
/es/3.12/tutorial/classes.html,8,8,
/3.12/library/logging.html,7,8,
/3.12/library/multiprocessing.html,7,7,
/3.12/library/queue.html,7,7,
/3.12/tutorial/datastructures.html,7,8,
/ja/3.12/library/codecs.html,7,7,
/zh-cn/3.12/,7,7,
/zh-cn/3.12/index.html,7,7,
/zh-cn/3.12/tutorial/inputoutput.html,7,8,
/3.12/library/io.html,6,6,
/3.12/license.html,6,6,
/3.12/reference/lexical_analysis.html,6,6,
/3/library/stdtypes.html,6,5,
/3/whatsnew/3.12.html,6,6,
/zh-cn/3.12/download.html,6,6,
/3.12/library/asyncio.html,5,5,
/3.12/library/collections.abc.html,5,6,
/3.12/library/enum.html,5,5,
/3.12/library/idle.html,5,5,
/3.12/library/itertools.html,5,5,
/3.12/library/shutil.html,5,4,
/3.12/reference/simple_stmts.html,5,5,
/3.12/tutorial/modules.html,5,14,
/3.13/using/windows.html,5,5,
/3/library/collections.html,5,5,
/3/library/functions.html,5,5,
/3/tutorial/controlflow.html,5,5,
/es/3.12/tutorial/interpreter.html,5,5,
/es/3.12/tutorial/introduction.html,5,5,
/zh-cn/3.12/library/sqlite3.html,5,5,
/zh-cn/3.12/reference/index.html,5,5,
/zh-cn/3.12/tutorial/introduction.html,5,5,
/zh-cn/3.12/using/,5,5,
/zh-tw/3.12/using/mac.html,5,5,
/3.12/library/string.html,4,4,
/3.12/library/struct.html,4,4,
/3.12/library/sys.html,4,4,
/3.12/library/time.html,4,4,
/3.12/library/tkinter.ttk.html,4,6,
/3.12/reference/compound_stmts.html,4,4,
/3.12/using/index.html,4,4,
/3.13/library/stdtypes.html,4,4,
/3.13/search.html,4,4,
/3/library/asyncio-task.html,4,4,
/3/library/index.html,4,4,
/3/library/multiprocessing.html,4,4,
/3/library/random.html,4,4,
/3/whatsnew/3.13.html,4,4,
/zh-cn/3.12/library/asyncio-task.html,4,6,
/zh-cn/3.12/library/logging.html,4,4,
/zh-cn/3.12/library/tk.html,4,4,
/zh-cn/3.12/library/turtle.html,4,4,
/zh-cn/3.12/py-modindex.html,4,4,
