name,visitors
Istanbul,33
Hebei,22
Ankara,22
Izmir,12
Baku,7
Henan,7
Adana,6
Kocaeli,4
Samsun,3
Beijing,2
Guangdong,2
Hunan,2
Jiangsu,2
Shaanxi,2
Seoul,2
Samara,2
Eskişehir,2
Hatay,2
Tashkent,2
Ho Chi Minh City,2
São Paulo,1
Ontario,1
Anhui,1
Hubei,1
Heilongjiang,1
Jilin,1
Liaoning,1
Shandong,1
Tianjin,1
Zhejiang,1
Baden-Württemberg,1
Hesse,1
Auvergne-Rhône-Alpes,1
Veneto,1
Groningen,1
North Holland,1
Saint Petersburg,1
Antalya,1
Aydın,1
Bursa,1
Denizli,1
Diyarbakır,1
Erzincan,1
Kayseri,1
Konya,1
Muğla,1
Niğde,1
Van,1
Michigan,1
Hanoi,1
