property,value,visitors,events,percentage
url,(none),163011,287513,99.8
url,https://www.python.org/,1093,1175,0.7
url,https://github.com/python/cpython/tree/3.14/Lib/idlelib/,292,348,0.2
url,https://www.python.org/downloads/,239,249,0.1
url,https://tkdocs.com/,146,154,0.1
url,https://docs.python.org/3/archives/python-3.14-docs-html.zip,126,133,0.1
url,https://github.com/python/cpython/tree/3.14/Lib/tkinter/__init__.py,97,110,0.1
url,https://docs.python.org/3/archives/python-3.14-docs-text.zip,93,102,0.1
url,https://wiki.python.org/moin/BeginnersGuide,91,96,0.1
url,https://mypy.readthedocs.io/en/stable/cheat_sheet_py3.html,84,89,0.1
url,https://apps.microsoft.com/detail/9NQ7512CXL7T,78,84,0.0
url,https://pypi.org/,74,79,0.0
url,https://github.com/python/cpython/tree/3.14/Lib/idlelib,64,72,0.0
url,https://www.tkdocs.com/shipman/,64,69,0.0
url,https://github.com/python/cpython/tree/3.14/Lib/turtle.py,48,55,0.0
url,https://docs.python.org/3/archives/python-3.14-docs.epub,46,50,0.0
url,https://www.tcl.tk/man/tcl8.6/TkCmd/contents.htm,42,45,0.0
url,https://www.python.org/doc/versions/,39,39,0.0
url,https://packaging.python.org/guides/installing-using-pip-and-virtual-environments/#create-and-use-virtual-environments,37,38,0.0
url,https://github.com/python/cpython/tree/3.14/Lib/venv/,32,33,0.0
url,https://github.com/python/cpython/tree/3.14/Lib/random.py,30,34,0.0
url,https://www.python.org/downloads/macos/,30,32,0.0
url,https://devguide.python.org/documentation/start-documenting/#building-the-documentation,28,28,0.0
url,https://packaging.python.org/en/latest/tutorials/packaging-projects/,28,28,0.0
url,https://docs.python.org/3/archives/python-3.14-docs-texinfo.zip,26,28,0.0
url,https://docs.python.org/3/archives/python-3.14-docs-html.tar.bz2,25,25,0.0
url,https://github.com/python/cpython/tree/3.14/Lib/datetime.py,25,26,0.0
url,https://devguide.python.org/,23,23,0.0
url,https://docs.python.org/zh-cn/3/archives/python-3.14-docs-html.zip,23,26,0.0
url,https://packaging.python.org/en/latest/tutorials/installing-packages/#ensure-pip-setuptools-and-wheel-are-up-to-date,23,23,0.0
url,https://wiki.python.org/moin/PythonBooks,23,23,0.0
url,https://packaging.python.org/,22,22,0.0
url,https://peps.python.org/,22,22,0.0
url,https://briefcase.readthedocs.io/,21,24,0.0
url,https://en.wikipedia.org/wiki/Memoization,21,21,0.0
url,https://peps.python.org/pep-0636/,21,23,0.0
url,https://peps.python.org/pep-0703/,21,22,0.0
url,https://www.packtpub.com/en-us/product/python-gui-programming-with-tkinter-9781788835886,21,21,0.0
url,https://pypi.org/project/telnetlib3/,19,19,0.0
url,https://docs.python.org/3/archives/python-3.14-docs-text.tar.bz2,18,20,0.0
url,https://github.com/python/cpython/tree/3.14/Lib/logging/__init__.py,18,18,0.0
url,https://packaging.python.org/installing/#creating-virtual-environments,18,19,0.0
url,https://packaging.python.org/installing/#requirements-for-installing-packages,18,26,0.0
url,https://peps.python.org/pep-0745/,18,18,0.0
url,https://requests.readthedocs.io/en/master/,18,18,0.0
url,https://www.sqlite.org/,16,16,0.0
url,https://docs.python.org/zh-cn/3/archives/python-3.14-docs-text.zip,15,17,0.0
url,https://github.com/python/cpython/tree/3.14/Lib/heapq.py,15,20,0.0
url,https://github.com/python/cpython/tree/3.14/Lib/os.py,15,16,0.0
url,https://manpages.debian.org/recv(2),15,17,0.0
url,https://peps.python.org/pep-0484/,15,15,0.0
url,https://peps.python.org/pep-0594/,15,15,0.0
url,https://github.com/python/cpython/tree/3.14/Lib/csv.py,14,15,0.0
url,https://github.com/python/cpython/tree/3.14/Lib/functools.py,14,15,0.0
url,https://github.com/python/cpython/tree/3.14/Lib/json/__init__.py,14,15,0.0
url,https://packaging.python.org/science/,14,18,0.0
url,https://peps.python.org/pep-0557/,14,14,0.0
url,https://peps.python.org/pep-0649/,14,15,0.0
url,https://docs.python.org/3/archives/python-3.14-docs-texinfo.tar.bz2,13,13,0.0
url,https://github.com/anordin95/a-conceptual-overview-of-asyncio/tree/main,13,13,0.0
url,https://www.python.org/psf/donations/,13,13,0.0
url,https://www.tcl.tk/,13,13,0.0
url,https://dateutil.readthedocs.io/en/stable/,12,12,0.0
url,https://en.wikipedia.org/wiki/Turtle_(robot),12,13,0.0
url,https://peps.python.org/pep-0632/#migration-advice,12,12,0.0
url,https://termux.dev/en/,12,12,0.0
url,https://www.youtube.com/watch?v=Xbl7XjFYsN4&list=PLhNSoGM2ik6SIkVGXWBwerucXjgP1rHmB,12,12,0.0
url,https://github.com/python/cpython/tree/3.14/Lib/collections/__init__.py,11,11,0.0
url,https://github.com/python/cpython/tree/3.14/Lib/enum.py,11,11,0.0
url,https://github.com/python/cpython/tree/3.14/Lib/pathlib/,11,11,0.0
url,https://peps.python.org/pep-0305/,11,11,0.0
url,https://peps.python.org/pep-0420/,11,11,0.0
url,https://peps.python.org/pep-0526/,11,11,0.0
url,https://github.com/python/cpython/tree/3.14/Lib/graphlib.py,10,11,0.0
url,https://github.com/python/cpython/tree/3.14/Lib/hashlib.py,10,10,0.0
url,https://github.com/python/cpython/tree/3.14/Lib/sqlite3/,10,10,0.0
url,https://github.com/python/cpython/tree/3.14/Lib/tkinter/scrolledtext.py,10,12,0.0
url,https://en.wikipedia.org/wiki/Cursor_(databases),9,10,0.0
url,https://github.com/python/cpython/tree/3.14/Lib/re/,9,9,0.0
url,https://github.com/python/cpython/tree/3.14/Lib/urllib/,9,10,0.0
url,https://github.com/python/cpython/tree/3.14/Lib/webbrowser.py,9,9,0.0
url,https://github.com/python/cpython/tree/3.14/Lib/xml/etree/ElementTree.py,9,10,0.0
url,https://github.com/python/cpython/tree/3.14/Lib/zipfile/,9,9,0.0
url,https://packaging.python.org/extensions/,9,10,0.0
url,https://peps.python.org/pep-0734/,9,9,0.0
url,https://peps.python.org/pep-3107/,9,9,0.0
url,https://toml.io/en/,9,9,0.0
url,https://typing.python.org/en/latest/spec/index.html,9,9,0.0
url,https://wiki.python.org/moin/PythonEditors,9,9,0.0
url,https://www.debian.org/doc/manuals/maint-guide/first.en.html,9,9,0.0
url,https://brew.sh/,8,8,0.0
url,https://chaquo.com/chaquopy,8,8,0.0
url,https://discuss.python.org/t/84319/123,8,8,0.0
url,https://github.com/python/cpython/tree/3.14/Lib/argparse.py,8,8,0.0
url,https://github.com/python/cpython/tree/3.14/Lib/dataclasses.py,8,8,0.0
url,https://github.com/python/cpython/tree/3.14/Lib/string/__init__.py,8,8,0.0
url,https://github.com/python/cpython/tree/3.14/Lib/subprocess.py,8,9,0.0
url,https://github.com/python/cpython/tree/3.14/Lib/typing.py,8,8,0.0
url,https://peps.python.org/pep-0008/,8,9,0.0
url,https://peps.python.org/pep-0249/,8,8,0.0
url,https://peps.python.org/pep-0779/,8,8,0.0
url,https://pypi.org/project/tomlkit/,8,8,0.0
url,https://requests.readthedocs.io/en/latest/,8,8,0.0
url,https://tkdocs.com/book.html,8,8,0.0
url,https://www.riverbankcomputing.com/static/Docs/pyqtdeploy/,8,8,0.0
url,https://datatracker.ietf.org/doc/html/rfc9562.html,7,7,0.0
url,https://github.com/python/cpython/tree/3.14/Lib/glob.py,7,7,0.0
url,https://github.com/python/cpython/tree/3.14/Lib/http/server.py,7,7,0.0
url,https://github.com/python/cpython/tree/3.14/Lib/queue.py,7,7,0.0
url,https://github.com/python/cpython/tree/3.14/Lib/struct.py,7,7,0.0
url,https://github.com/python/cpython/tree/3.14/Lib/threading.py,7,7,0.0
url,https://github.com/python/cpython/tree/3.14/Lib/tkinter/messagebox.py,7,8,0.0
url,https://github.com/python/cpython/tree/3.14/Lib/tomllib,7,8,0.0
url,https://packaging.python.org/installing/,7,7,0.0
url,https://peps.python.org/pep-0387/,7,8,0.0
url,https://peps.python.org/pep-0492/,7,7,0.0
url,https://peps.python.org/pep-0585/,7,7,0.0
url,https://peps.python.org/pep-0749/,7,8,0.0
url,https://peps.python.org/pep-3119/,7,7,0.0
url,https://pypi.org/project/regex/,7,7,0.0
url,https://sqlite.org/,7,7,0.0
url,https://www.python.org/downloads/android/,7,8,0.0
url,https://www.unicode.org/,7,7,0.0
url,https://www.unicode.org/versions/Unicode16.0.0/core-spec/chapter-3/#G33992,7,7,0.0
url,https://buildozer.readthedocs.io/,6,6,0.0
url,https://datatracker.ietf.org/doc/html/rfc5322.html,6,6,0.0
url,https://datatracker.ietf.org/doc/html/rfc9562.html#section-5.4,6,7,0.0
url,https://devguide.python.org/documentation/help-documenting/,6,7,0.0
url,https://en.wikipedia.org/wiki/Cache_replacement_policies#Least_Recently_Used_(LRU),6,6,0.0
url,https://en.wikipedia.org/wiki/Extended_Backus%E2%80%93Naur_form,6,7,0.0
url,https://en.wikipedia.org/wiki/Fibonacci_sequence,6,6,0.0
url,https://en.wikipedia.org/wiki/Leap_second,6,6,0.0
url,https://en.wikipedia.org/wiki/Priority_queue,6,7,0.0
url,https://github.com/python/cpython/blob/main/Doc/library/functions.rst?plain=1,6,6,0.0
url,https://github.com/python/cpython/tree/3.14/Grammar/python.gram,6,7,0.0
url,https://github.com/python/cpython/tree/3.14/Lib/calendar.py,6,6,0.0
url,https://github.com/python/cpython/tree/3.14/Lib/configparser.py,6,6,0.0
url,https://github.com/python/cpython/tree/3.14/Lib/difflib.py,6,6,0.0
url,https://github.com/python/cpython/tree/3.14/Lib/ensurepip,6,6,0.0
url,https://github.com/python/cpython/tree/3.14/Lib/multiprocessing/,6,7,0.0
url,https://github.com/python/cpython/tree/3.14/Lib/pickle.py,6,7,0.0
url,https://learning-python.com/about-pp4e.html,6,6,0.0
url,https://manpages.debian.org/setsockopt(2),6,6,0.0
url,https://opensource.org/,6,7,0.0
url,https://peps.python.org/pep-0405/,6,6,0.0
url,https://peps.python.org/pep-0428/,6,6,0.0
url,https://peps.python.org/pep-0567/,6,6,0.0
url,https://peps.python.org/pep-0750/,6,6,0.0
url,https://pypi.org/project/DateType/,6,6,0.0
url,https://pypi.org/project/legacy-cgi/,6,6,0.0
url,https://pypi.org/project/tzdata/,6,6,0.0
url,https://tiswww.case.edu/php/chet/readline/rltop.html,6,8,0.0
url,https://webassembly.org/,6,6,0.0
url,https://wiki.python.org/moin/GuiProgramming,6,6,0.0
url,https://www.python.org/psf/,6,6,0.0
url,https://www.sphinx-doc.org/,6,6,0.0
url,https://www.w3schools.com/sql/,6,6,0.0
url,https://www.zlib.net/,6,6,0.0
url,https://cibuildwheel.pypa.io/en/stable/platforms/#android,5,5,0.0
url,https://discuss.python.org/t/37075,5,5,0.0
url,https://docs.pytest.org/,5,5,0.0
url,https://en.wikipedia.org/wiki/Arity,5,5,0.0
url,https://github.com/python/cpython/blob/3.14/InternalDocs/garbage_collector.md,5,5,0.0
url,https://github.com/python/cpython/blob/main/Doc/library/index.rst?plain=1,5,5,0.0
url,https://github.com/python/cpython/tree/3.14/Lib/asyncio/,5,5,0.0
url,https://github.com/python/cpython/tree/3.14/Lib/bisect.py,5,7,0.0
url,https://github.com/python/cpython/tree/3.14/Lib/inspect.py,5,5,0.0
url,https://github.com/python/cpython/tree/3.14/Lib/ipaddress.py,5,5,0.0
url,https://github.com/python/cpython/tree/3.14/Lib/logging/handlers.py,5,6,0.0
url,https://github.com/python/cpython/tree/3.14/Lib/secrets.py,5,5,0.0
url,https://github.com/python/cpython/tree/3.14/Lib/smtplib.py,5,5,0.0
url,https://github.com/python/cpython/tree/3.14/Lib/tkinter/commondialog.py,5,5,0.0
url,https://github.com/python/cpython/tree/3.14/Lib/urllib/parse.py,5,5,0.0
url,https://kivy.org/,5,6,0.0
url,https://peps.python.org/pep-0544/,5,5,0.0
url,https://peps.python.org/pep-0563/,5,5,0.0
url,https://peps.python.org/pep-0572/,5,5,0.0
url,https://peps.python.org/pep-3147/,5,5,0.0
url,https://pypi.org/project/filetype/,5,5,0.0
url,https://pypi.org/project/tomli-w/,5,7,0.0
url,https://rhettinger.wordpress.com/2011/05/26/super-considered-super/,5,5,0.0
url,https://wiki.python.org/moin/IntegratedDevelopmentEnvironments,5,5,0.0
url,https://www.cwi.nl/,5,5,0.0
url,https://www.python.org/doc/av/,5,5,0.0
url,https://www.tkdocs.com/,5,5,0.0
url,https://core.tcl.tk/tips/doc/trunk/tip/48.md,4,4,0.0
url,https://datatracker.ietf.org/doc/html/rfc2104.html,4,4,0.0
url,https://datatracker.ietf.org/doc/html/rfc9110.html,4,4,0.0
url,https://docs.python.org/zh-cn/3/archives/python-3.14-docs.epub,4,4,0.0
url,https://en.wikipedia.org/wiki/Cartesian_product,4,4,0.0
url,https://en.wikipedia.org/wiki/Cryptographic_hash_function#Attacks_on_cryptographic_hash_algorithms,4,4,0.0
url,https://github.com/python/cpython/blob/main/Doc/library/collections.rst?plain=1,4,4,0.0
url,https://github.com/python/cpython/blob/main/Doc/library/tkinter.rst?plain=1,4,5,0.0
url,https://github.com/python/cpython/blob/main/Doc/tutorial/index.rst?plain=1,4,4,0.0
url,https://github.com/python/cpython/tree/3.14/Lib/asyncio/coroutines.py,4,4,0.0
url,https://github.com/python/cpython/tree/3.14/Lib/asyncio/runners.py,4,5,0.0
url,https://github.com/python/cpython/tree/3.14/Lib/base64.py,4,4,0.0
url,https://github.com/python/cpython/tree/3.14/Lib/colorsys.py,4,4,0.0
url,https://github.com/python/cpython/tree/3.14/Lib/curses,4,4,0.0
url,https://github.com/python/cpython/tree/3.14/Lib/getpass.py,4,4,0.0
url,https://github.com/python/cpython/tree/3.14/Lib/html/__init__.py,4,4,0.0
url,https://github.com/python/cpython/tree/3.14/Lib/http/__init__.py,4,4,0.0
url,https://github.com/python/cpython/tree/3.14/Lib/importlib/__init__.py,4,5,0.0
url,https://github.com/python/cpython/tree/3.14/Lib/shutil.py,4,4,0.0
url,https://github.com/python/cpython/tree/3.14/Lib/site.py,4,5,0.0
url,https://github.com/python/cpython/tree/3.14/Lib/socket.py,4,4,0.0
url,https://github.com/python/cpython/tree/3.14/Lib/statistics.py,4,4,0.0
url,https://github.com/python/cpython/tree/3.14/Lib/tempfile.py,4,4,0.0
url,https://github.com/python/cpython/tree/3.14/Lib/unittest/__init__.py,4,4,0.0
url,https://github.com/python/cpython/tree/3.14/Lib/uuid.py,4,4,0.0
url,https://github.com/python/cpython/tree/3.14/Lib/xml/,4,4,0.0
url,https://github.com/python/cpython/tree/3.14/Lib/zoneinfo,4,5,0.0
url,https://github.com/python/cpython/tree/3.14/Objects/exceptions.c,4,4,0.0
url,https://mail.python.org/mailman3/lists/core-mentorship.python.org/,4,4,0.0
url,https://manpages.debian.org/alarm(2),4,5,0.0
url,https://mypy.readthedocs.io/en/stable/index.html,4,4,0.0
url,https://numpy.org/,4,4,0.0
url,https://packaging.python.org/en/latest/tutorials/installing-packages/,4,4,0.0
url,https://peps.python.org/pep-0237/,4,4,0.0
url,https://peps.python.org/pep-0255/,4,4,0.0
url,https://peps.python.org/pep-0308/,4,4,0.0
url,https://peps.python.org/pep-0328/,4,4,0.0
url,https://peps.python.org/pep-0343/,4,4,0.0
url,https://peps.python.org/pep-0434/,4,4,0.0
url,https://peps.python.org/pep-0448/,4,4,0.0
url,https://peps.python.org/pep-0475/,4,4,0.0
url,https://peps.python.org/pep-0565/,4,4,0.0
url,https://peps.python.org/pep-0584/,4,4,0.0
url,https://peps.python.org/pep-0612/,4,4,0.0
url,https://peps.python.org/pep-0634/,4,4,0.0
url,https://peps.python.org/pep-0695/,4,4,0.0
url,https://peps.python.org/pep-0696/,4,4,0.0
url,https://peps.python.org/pep-0719/,4,5,0.0
url,https://peps.python.org/pep-3101/,4,4,0.0
url,https://peps.python.org/pep-3134/,4,4,0.0
url,https://pkware.cachefly.net/webdocs/casestudies/APPNOTE.TXT,4,4,0.0
url,https://py-free-threading.github.io/installing-cpython/,4,4,0.0
url,https://pypi.org/project/pip/,4,5,0.0
url,https://setuptools.pypa.io/en/latest/setuptools.html,4,5,0.0
url,https://typing.python.org/en/latest/,4,5,0.0
url,https://www.cnri.reston.va.us/,4,4,0.0
url,https://www.python.org/downloads/source/,4,4,0.0
url,https://www.sqlite.org/uri.html,4,4,0.0
url,https://www.unicode.org/reports/tr44/tr44-34.html#General_Category_Values,4,4,0.0
url,https://xkcd.com/936/,4,4,0.0
url,https://aosabook.org/en/500L/a-web-crawler-with-asyncio-coroutines.html,3,3,0.0
url,https://cffi.readthedocs.io/,3,3,0.0
url,https://datatracker.ietf.org/doc/html/rfc822.html,3,3,0.0
url,https://emscripten.org/,3,3,0.0
url,https://en.cppreference.com/w/c/11,3,3,0.0
url,https://en.opensuse.org/Portal:Packaging,3,3,0.0
url,https://en.wikipedia.org/wiki/Gamma_function,3,3,0.0
url,https://en.wikipedia.org/wiki/Thread_(computing),3,3,0.0
url,https://github.com/pypa,3,3,0.0
url,https://github.com/python/cpython/blob/main/Doc/bugs.rst?plain=1,3,3,0.0
url,https://github.com/python/cpython/blob/main/Doc/contents.rst?plain=1,3,3,0.0
url,https://github.com/python/cpython/blob/main/Doc/tutorial/introduction.rst?plain=1,3,3,0.0
url,https://github.com/python/cpython/issues,3,4,0.0
url,https://github.com/python/cpython/tree/3.14/Android/testbed/app/build.gradle.kts,3,3,0.0
url,https://github.com/python/cpython/tree/3.14/Lib/abc.py,3,3,0.0
url,https://github.com/python/cpython/tree/3.14/Lib/ast.py,3,3,0.0
url,https://github.com/python/cpython/tree/3.14/Lib/decimal.py,3,3,0.0
url,https://github.com/python/cpython/tree/3.14/Lib/ftplib.py,3,3,0.0
url,https://github.com/python/cpython/tree/3.14/Lib/io.py,3,3,0.0
url,https://github.com/python/cpython/tree/3.14/Lib/mimetypes.py,3,3,0.0
url,https://github.com/python/cpython/tree/3.14/Lib/ntpath.py,3,3,0.0
url,https://github.com/python/cpython/tree/3.14/Lib/socketserver.py,3,14,0.0
url,https://github.com/python/cpython/tree/3.14/Lib/ssl.py,3,3,0.0
url,https://github.com/python/cpython/tree/3.14/Lib/tarfile.py,3,3,0.0
url,https://github.com/python/cpython/tree/3.14/Lib/textwrap.py,3,3,0.0
url,https://github.com/python/cpython/tree/3.14/Lib/urllib/request.py,3,3,0.0
url,https://github.com/python/cpython/tree/3.14/Lib/zipapp.py,3,3,0.0
url,https://gvanrossum.github.io/,3,3,0.0
url,https://ir.cwi.nl/pub/18204,3,3,0.0
url,https://manpages.debian.org/open(2),3,3,0.0
url,https://peps.python.org/pep-0011/#tier-3,3,3,0.0
url,https://peps.python.org/pep-0302/,3,3,0.0
url,https://peps.python.org/pep-0453/,3,3,0.0
url,https://peps.python.org/pep-0578/,3,3,0.0
url,https://peps.python.org/pep-0632/,3,6,0.0
url,https://peps.python.org/pep-0744/,3,3,0.0
url,https://peps.python.org/pep-0758/,3,3,0.0
url,https://peps.python.org/pep-0768/,3,3,0.0
url,https://peps.python.org/pep-3104/,3,3,0.0
url,https://pyo3.rs/,3,3,0.0
url,https://pypi.org/project/more-itertools/,3,3,0.0
url,https://pypi.org/project/puremagic/,3,3,0.0
url,https://pypi.org/project/python-magic/,3,3,0.0
url,https://python-pillow.org/,3,3,0.0
url,https://scipy.org/,3,3,0.0
url,https://security.stackexchange.com/questions/3959/recommended-of-iterations-when-using-pbkdf2-sha256/,3,3,0.0
url,https://speleotrove.com/decimal/decarith.html,3,3,0.0
url,https://tauday.com/,3,3,0.0
url,https://udrepper.livejournal.com/20407.html,3,3,0.0
url,https://wiki.tcl-lang.org/37432,3,3,0.0
url,https://www.britannica.com/science/permutation,3,3,0.0
url,https://www.cambridgeincolour.com/tutorials/color-spaces.htm,3,3,0.0
url,https://www.python.org/doc/essays/packages/,3,3,0.0
url,https://www.sqlite.org/lang_transaction.html#implicit_versus_explicit_transactions,3,3,0.0
url,https://www.sqlite.org/schematab.html,3,3,0.0
