name,visitors,bounce_rate,visit_duration
Google,2621,79,119
Direct / None,1854,69,190
Bing,164,78,124
es.python.org,136,49,194
python.org,98,0,263
chatgpt.com,81,61,356
Brave,77,87,18
app.aluracursos.com,27,85,172
DuckDuckGo,20,90,119
Yahoo!,19,87,325
Baidu,15,88,13
assignments.onenote.com,11,55,78
GitHub,10,80,7
campus109.unad.edu.co,9,70,8
ecursos.claseejecutiva.cl,9,100,0
aulavirtual.uaa.mx,8,18,559
netacad.com,6,0,432
wiki.python.org,5,0,254
csic.adrformacion.com,4,75,4
edu.xunta.gal,4,75,42
presencial.aulasuniminuto.edu.co,4,100,0
skilio.com,4,75,25
udemy.com,4,100,20
Microsoft Teams,3,100,0
Youtube,3,100,474
aulavirtual.surge.es,3,75,20
campusvirtual.duoc.cl,3,100,0
campusvirtual2.ug.edu.ec,3,0,605
devdocs.io,3,0,521
educa.centrogeo.edu.mx,3,67,27
educacionadistancia.juntadeandalucia.es,3,67,14
freecodecamp.org,3,100,0
hablemospython.dev,3,75,45
moodle.riwi.io,3,100,0
react-app-python-runner.vercel.app,3,100,0
upeaposgrado.info,3,100,0
view.genially.com,3,100,0
virtual.ugr.edu.ar,3,100,0
wiki.python.org.ar,3,33,74
Ecosia,2,67,19
app.conquerblocks.com,2,100,0
aulavirtual.murciaeduca.es,2,50,660
aules.edu.gva.es,2,50,12
boot.dev,2,0,32
campusvirtual.ufro.cl,2,0,126
campusvirtual.univalle.edu.co,2,100,0
copilot.microsoft.com,2,100,0
docs-python-org.translate.goog,2,50,1257
educapermanente.itla.edu.do,2,75,136
jupyter-ep.uoclabs.uoc.es,2,50,278
palermo.blackboard.com,2,50,84
127.0.0.1,1,100,0
LinkedIn,1,100,0
Perplexity,1,100,0
Telegram,1,100,0
anahuaconline.brightspace.com,1,100,0
aprendepython.es,1,100,0
atenea.upc.edu,1,100,0
aulavirtual.fio.unam.edu.ar,1,100,0
bbb.elearning-total.com,1,100,0
blog.narf.ssji.net,1,0,122
campus.fg.ull.es,1,0,68
campus.sdomingog.org,1,50,124
campus.ues.edu.sv,1,100,0
campusdigital.unipe.edu.ar,1,100,0
campusgrado.fi.uba.ar,1,100,0
campusvirtual.uclm.es,1,0,277
canva.com,1,0,7
cdn.cs50.net,1,0,72
cfe.schoology.com,1,100,0
cms.unir.net,1,0,909
codewars.com,1,0,15
colegio-bourbaki.com,1,100,0
cs20.ca,1,0,107
cs50.harvard.edu,1,0,6215
cursos.utnba.centrodeelearning.com,1,0,133
cvdof.ucm.es,1,0,92
datacamp.com,1,0,0
desarrollaria.com,1,0,402
ellibrodepython.com,1,0,2191
escuela.pontia.tech,1,100,0
fastapi.tiangolo.com,1,0,6
formacion.intef.es,1,100,0
fpvirtualaragon.es,1,100,0
humble-space-guide-r4wqx9x4p5wgh5p5p.github.dev,1,0,0
info.unlp.edu.ar,1,0,76
iutaplc.com,1,100,0
juntadeandalucia.es,1,50,4
l.meta.ai,1,0,74
mudle.mondragon.edu,1,100,0
object-oriented-python.github.io,1,0,88
online.keepcoding.io,1,0,10
personales.unican.es,1,100,0
pip.pypa.io,1,0,97
presearch.com,1,100,0
produccionentalzagoes.s3.eu-west-1.amazonaws.com,1,100,0
programaenpython.com,1,0,166
subscription.packtpub.com,1,0,1692
talkai.info,1,0,355
ttech2025.github.io,1,100,0
u-cursos.cl,1,100,0
ubaxxicampusvirtual.uba.ar,1,100,0
ucema.edu.ar,1,100,0
upbvirtual.net,1,100,0
