name,unique_exits,total_exits,exit_rate
/3/,8387,8724,
/3/library/venv.html,6311,6526,
/3/library/functions.html,6235,6606,
/3/library/stdtypes.html,6020,6477,
/3/library/datetime.html,4805,5052,
/3/tutorial/index.html,4281,4519,
/3/library/re.html,3314,3481,
/3/library/typing.html,3178,3329,
/3/tutorial/datastructures.html,3084,3233,
/3/library/tkinter.html,2675,2796,
/3/library/idle.html,2591,2657,
/3/library/csv.html,2552,2714,
/3/library/logging.html,2494,2627,
/3/tutorial/,2474,2831,
/3/library/argparse.html,2455,2596,
/3/library/index.html,2283,2386,
/3/library/subprocess.html,2219,2351,
/3/library/collections.html,2176,2265,
/3/library/pathlib.html,2164,2275,
/3/library/random.html,2041,2150,
/3/tutorial/controlflow.html,2029,2170,
/3/search.html,1966,2060,
/3/library/turtle.html,1938,2139,
/3/library/os.html,1912,2000,
/3/library/dataclasses.html,1869,1948,
/3/library/exceptions.html,1843,1919,
/3/tutorial/errors.html,1825,1888,
/3/library/multiprocessing.html,1608,1767,
/3/tutorial/classes.html,1577,1654,
/3/library/math.html,1563,1612,
/3/library/itertools.html,1505,1575,
/3/library/json.html,1474,1533,
/3/library/asyncio-task.html,1447,1543,
/3/library/unittest.html,1420,1496,
/3/tutorial/introduction.html,1391,1477,
/3/library/unittest.mock.html,1387,1502,
/3/library/string.html,1285,1319,
/3/library/time.html,1267,1328,
/3/library/os.path.html,1262,1296,
/3/library/enum.html,1260,1317,
/3/tutorial/inputoutput.html,1237,1292,
/3/library/threading.html,1220,1268,
/3/library/sqlite3.html,1209,1314,
/3/library/concurrent.futures.html,1137,1212,
/3/library/functools.html,1133,1173,
/3/tutorial/modules.html,1128,1168,
/3/tutorial/interpreter.html,1107,1155,
/3/library/asyncio.html,1036,1070,
/3/using/windows.html,1004,1042,
/3/glossary.html,986,1006,
/3/reference/datamodel.html,985,1031,
/3/tutorial/venv.html,973,1007,
/3/library/xml.etree.elementtree.html,961,1040,
/3/howto/logging.html,957,996,
/3/library/socket.html,908,973,
/3/library/pickle.html,893,916,
/3/whatsnew/3.13.html,864,879,
/3/library/shutil.html,840,869,
/3/installing/index.html,830,855,
/3/library/tempfile.html,756,786,
/3/library/struct.html,747,795,
/3/library/heapq.html,707,742,
/3/library/sys.html,690,714,
/3/library/pdb.html,680,704,
/3/howto/sorting.html,667,692,
/3/library/io.html,646,669,
/3/library/urllib.parse.html,614,640,
/3/library/configparser.html,590,613,
/3/py-modindex.html,590,625,
/3/using/mac.html,580,600,
/3/library/abc.html,577,598,
/3/tutorial/appetite.html,576,605,
/3/library/copy.html,566,571,
/3/library/hashlib.html,552,566,
/3/reference/expressions.html,537,554,
/3/library/zipfile.html,507,534,
/3/library/asyncio-eventloop.html,506,523,
/3/library/glob.html,503,515,
/3/using/cmdline.html,477,489,
/3/reference/import.html,476,493,
/3/reference/index.html,476,495,
/3/howto/regex.html,472,482,
/3/reference/lexical_analysis.html,460,479,
/3/reference/compound_stmts.html,456,479,
/3/library/contextlib.html,452,470,
/zh-cn/3/tutorial/index.html,450,470,
/3/library/http.server.html,449,465,
/3/library/pprint.html,434,453,
/3/library/profile.html,426,445,
/ja/3/library/codecs.html,426,439,
/3/library/ast.html,422,433,
/es/3/tutorial/,419,450,
/3/library/uuid.html,415,433,
/3/library/decimal.html,411,434,
/3/library/queue.html,402,414,
/3/howto/argparse.html,399,422,
/3/license.html,379,387,
/3/library/ctypes.html,376,399,
/3/library/smtplib.html,376,389,
/3/howto/enum.html,367,377,
