name,version,visitors
Chrome,134.0,1377
Firefox,136.0,427
Microsoft Edge,134.0,411
Firefox,128.0,137
Safari,18.3,134
Chrome,133.0,78
Mobile App,134.0,72
Opera,117.0,50
Chrome,131.0,29
Firefox,135.0,27
Chrome,132.0,20
Chrome,109.0,19
Firefox,115.0,18
Safari,18.1,18
Microsoft Edge,133.0,17
Samsung Browser,27.0,15
Safari,18.0,14
Chrome,126.0,13
Firefox,134.0,13
Safari,16.6,13
Safari,17.6,13
Chrome,130.0,12
Microsoft Edge,131.0,12
Mobile App,(not set),11
Chrome,128.0,11
Chrome,129.0,11
Microsoft Edge,132.0,11
Safari,15.6,10
Chrome,122.0,8
Safari,18.2,8
Chrome,127.0,6
Microsoft Edge,130.0,6
Safari,18.4,6
Avast Secure Browser,133.0,5
Firefox,137.0,5
Safari,17.5,5
Chrome,114.0,4
Opera,116.0,4
Firefox,127.0,4
Firefox,132.0,4
Firefox,136.3,4
Safari,17.10,4
Safari,17.2,4
Safari,17.4,4
Firefox,102.0,3
Chrome,123.0,3
Chrome,124.0,3
Microsoft Edge,128.0,3
Firefox,131.0,3
Safari,14.1,3
Safari,17.8,3
Opera GX,2.6,3
Samsung Browser,26.0,3
Chrome,94.0,3
(not set),(not set),2
Chrome,105.0,2
Microsoft Edge,108.0,2
Chrome,111.0,2
Microsoft Edge,116.0,2
Chrome,117.0,2
Chrome,119.0,2
Chrome,121.0,2
Chrome,125.0,2
Firefox,129.0,2
Firefox,130.0,2
CCleaner,130.0,2
CCleaner,133.0,2
Chrome,135.0,2
Safari,15.2,2
Safari,16.5,2
Safari,17.0,2
Firefox,52.0,2
Firefox,78.0,2
Opera,88.0,2
Ecosia,10.6,1
Opera,106.0,1
Chrome,107.0,1
Firefox,109.0,1
Microsoft Edge,112.0,1
Opera,113.0,1
Firefox,113.0,1
Firefox,114.0,1
Microsoft Edge,114.0,1
Firefox,116.0,1
Microsoft Edge,117.0,1
Firefox,117.0,1
Microsoft Edge,118.0,1
Firefox,118.0,1
Chrome,120.0,1
Microsoft Edge,120.0,1
Microsoft Edge,123.0,1
Microsoft Edge,126.0,1
Firefox,126.0,1
Firefox,128.6,1
Microsoft Edge,129.0,1
Ecosia,129.0,1
AVG Secure Browser,130.0,1
Mobile App,132.0,1
Avast Secure Browser,132.0,1
Firefox,133.0,1
MIUI Browser,14.29,1
Safari,16.0,1
Safari,16.1,1
Safari,16.3,1
Safari,16.4,1
Safari,17.1,1
Safari,17.7,1
Safari,17.9,1
Phoenix Browser,17.9,1
Microsoft Edge,18.19041,1
Opera GX,2.7,1
Kindle Browser,3.0,1
Opera Touch,4.4,1
Chrome,80.0,1
Chrome,90.0,1
Firefox,91.0,1
Microsoft Edge,92.0,1
Openwave Mobile Browser,93.4,1
Opera,95.0,1
Firefox,95.0,1
Firefox,99.0,1
