name,visitors
England,720
California,593
Île-de-France,345
Texas,304
Maharashtra,256
Hesse,249
New York,219
Ontario,216
Virginia,213
Tamil Nadu,208
Karnataka,189
Bavaria,176
Illinois,176
São Paulo,174
North Holland,152
North Rhine-Westphalia,146
Lombardy,145
Baden-Württemberg,142
Washington,125
Madrid Autonomous Community,124
Zürich,122
Tokyo,118
Massachusetts,115
Georgia,110
Delhi,109
Mazovia,109
New Jersey,109
Colorado,107
New South Wales,102
Maryland,101
Florida,99
Telangāna,98
Moscow,98
Quebec,92
Berlin,88
Vienna,86
Beijing,81
Uusimaa,80
Pennsylvania,78
Victoria,75
Catalonia,75
Shanghai,73
South Holland,72
Stockholm,72
Arizona,71
North Carolina,71
Auvergne-Rhône-Alpes,70
Seoul,70
Guangdong,69
Oregon,67
Leinster,65
Capital Region,64
Bangkok,63
Ho Chi Minh City,61
Ohio,59
Istanbul,55
Michigan,55
Lazio,54
Prague,51
Taipei,51
Provence-Alpes-Côte-d'Azur,50
Gyeonggi,49
British Columbia,48
Zhejiang,46
Rio de Janeiro,45
Capital District,45
Jakarta,45
Missouri,45
Punjab,44
Indiana,44
Kerala,43
Uttar Pradesh,43
Gauteng,43
Kyiv,42
Hanoi,41
Buenos Aires Province,40
Brussels,40
Lower Saxony,40
North Brabant,40
Utrecht,40
Lisbon,40
Queensland,39
Saxony,39
Gujarat,39
Ciudad de Mexico,39
Västra Götaland,39
Tennessee,39
Scotland,38
Jiangsu,37
Hamburg,36
Saint Petersburg,36
Wisconsin,36
West Bengal,35
Cairo,34
Utah,34
Alberta,33
West Java,33
Metro Manila,33
Flanders,31
Shandong,31
Minnesota,31
Paraná,30
Santiago Metropolitan,30
Rhineland-Palatinate,30
Budapest,30
Oslo,30
Lesser Poland,30
Occitanie,29
Lima,28
Dubai,27
Western Australia,27
Valencian Community,26
Kuala Lumpur,26
Iowa,26
Western Cape,26
Minas Gerais,25
Vaud,25
Antioquia,25
Brittany,25
Hauts-de-France,24
Pays-de-la-Loire,24
Andhra Pradesh,24
Emilia-Romagna,24
Gelderland,24
Bucharest,24
Skåne,24
Connecticut,24
Sofia,23
Haryana,23
Washington DC,23
New Mexico,23
Nouvelle-Aquitaine,22
Nairobi County,22
Lagos,22
Ankara,22
Alabama,22
Oklahoma,22
Ceará,21
Sichuan,21
Shaanxi,21
Andalusia,21
Grand-Est,21
Selangor,21
Beograd,21
Attica,20
Tel Aviv,20
Rajasthan,20
Tuscany,20
Kanagawa,20
Arkansas,20
South Carolina,20
Rio Grande do Sul,19
Santa Catarina,19
Hubei,19
South Moravia,19
Veneto,19
Nuevo León,19
Overijssel,19
Taichung,19
Galicia,18
Trøndelag,18
Rhode Island,18
Minsk,17
Henan,17
Greater Accra,17
Bihar,17
Madhya Pradesh,17
Western,17
Auckland,17
Central Luzon,17
Makkah,17
New Taipei,17
Bahia,16
Federal District,16
Kwai Tsing New Territories,16
Vilnius County,16
Greater Poland,16
Kansas,16
Tashkent,16
Bern,15
Schleswig-Holstein,15
Harjumaa,15
Basque Country,15
Zagreb,15
Osaka,15
Riga,15
Meknès-Tafilalet,15
Sindh,15
Pomerania,15
Silesia,15
Kentucky,15
New Hampshire,15
Upper Austria,14
South Australia,14
Central Denmark,14
Jharkhand,14
Campania,14
Lower Silesia,14
Krasnodar Krai,14
Taoyuan,14
Aargau,13
Liaoning,13
East Java,13
Piedmont,13
Jalisco,13
Central Visayas,13
Novosibirsk,13
Sverdlovsk,13
Riyadh,13
Wallonia,12
Paraíba,12
Pest,12
Chandigarh,12
Chiba,12
Almaty City,12
Mexico State,12
Porto,12
Samara,12
Central,12
Idaho,12
Amanat Al Asimah,12
Chongqing,11
Yunnan,11
Wales,11
Yogyakarta,11
Central,11
Baghdad,11
Incheon,11
Querétaro,11
Oyo,11
Flevoland,11
Calabarzon,11
Islamabad,11
Bratislava,11
Nevada,11
Yerevan,10
Styria,10
Australian Capital Territory,10
Amazonas,10
Nova Scotia,10
Geneva,10
Fujian,10
Hebei,10
Tianjin,10
San José,10
Brandenburg,10
Giza,10
Castile and León,10
Addis Ababa,10
Central Java,10
Munster,10
Assam,10
Puebla,10
Hsinchu,10
Tainan,10
Louisiana,10
Mato Grosso,9
Basel-Stadt,9
Abidjan,9
Bremen,9
Odisha,9
Busan,9
Luxembourg,9
Northern Mindanao,9
Moscow Province,9
Östergötland,9
Tunis,9
Izmir,9
Kaohsiung,9
Dar es Salaam,9
Lvivshchyna,9
Buenos Aires,8
Baku,8
Alagoas,8
Piauí,8
Manitoba,8
Havana,8
Plzeň,8
Canary Islands,8
Southwest Finland,8
Normandie,8
Central Macedonia,8
Punjab,8
Aichi,8
Oriental,8
Yangon,8
Federal Capital Territory,8
Kuyavia-Pomerania,8
Cluj,8
Antalya,8
Hsinchu County,8
Maine,8
Montevideo,8
KwaZulu-Natal,8
Abu Dhabi,7
Luanda,7
Cochabamba,7
Espírito Santo,7
Nicosia,7
Central Bohemia,7
