name,version,visitors
Windows,10,1526
GNU/Linux,(not set),160
Android,10,140
Mac,10.15,65
iOS,18.6,32
Ubuntu,(not set),23
Android,15,8
iOS,18.5,8
Windows,7,8
iOS,18.3,7
Mac,10.11,6
Chrome OS,14541.0,6
iOS,18.7,6
Android,13,3
iOS,15.8,3
iOS,16.2,3
iOS,17.5,3
iOS,13.6,2
Android,14,2
iOS,16.0,2
iOS,16.7,2
iOS,26.0,2
HarmonyOS,3.0,2
Tizen,6.5,2
Fire OS,7,2
Windows,8.1,2
Android,9.1,2
Android,(not set),1
Android,11,1
Android,12,1
iOS,14.6,1
Chrome OS,14092.77,1
Chrome OS,14816.131,1
iOS,17.3,1
iPadOS,17.7,1
iOS,17.7,1
iOS,18.1,1
