name,unique_entrances,total_entrances,visit_duration
/zh-cn/3/,405,429,142
/zh-cn/3/tutorial/index.html,325,338,135
/3/,267,273,462
/zh-cn/3.13/tutorial/index.html,185,192,240
/zh-cn/3.13/,160,163,207
/zh-cn/3/library/turtle.html,143,148,137
/zh-cn/3/library/index.html,137,139,163
/zh-cn/3/library/functions.html,113,122,130
/zh-cn/3/tutorial/,91,91,27
/zh-cn/3/library/idle.html,89,91,51
/zh-cn/3/library/venv.html,87,95,21
/zh-cn/3.13/library/index.html,65,69,319
/zh-cn/3/reference/index.html,56,57,93
/zh-cn/3/search.html,56,62,320
/zh-cn/3.13/tutorial/controlflow.html,55,59,77
/zh-cn/3.13/library/functions.html,54,54,165
/zh-cn/3/tutorial/controlflow.html,53,53,152
/zh-cn/3/tutorial/interpreter.html,48,48,56
/zh-cn/3.13/tutorial/introduction.html,46,49,214
/zh-cn/3/library/math.html,45,53,31
/zh-cn/3/tutorial/classes.html,45,53,56
/3/tutorial/index.html,44,44,491
/zh-cn/3.13/search.html,42,48,122
/zh-cn/3/using/index.html,41,42,30
/zh-cn/3.13/tutorial/interpreter.html,37,37,222
/zh-cn/3/library/,36,37,89
/zh-cn/3/library/typing.html,36,36,129
/zh-cn/3/index.html,35,36,230
/zh-cn/3/contents.html,34,36,287
/zh-cn/3/library/multiprocessing.html,34,36,124
/zh-cn/3/tutorial/introduction.html,34,34,185
/zh-cn/3.13/tutorial/datastructures.html,32,36,697
/zh-cn/3/library/stdtypes.html,32,34,107
/zh-cn/3.12/using/mac.html,30,30,37
/zh-cn/3.13/index.html,29,35,292
/zh-cn/3.13/library/stdtypes.html,29,32,467
/zh-cn/3.13/tutorial/appetite.html,29,29,292
/zh-cn/3.13/using/index.html,29,29,222
/zh-cn/3/using/mac.html,29,29,5
/zh-cn/3/tutorial/appetite.html,28,28,175
/zh-cn/3/library/argparse.html,26,28,41
/zh-cn/3/library/asyncio.html,26,30,226
/zh-cn/3/tutorial/datastructures.html,26,28,74
/3.13/tutorial/index.html,24,24,335
/zh-cn/3.12/,24,25,242
/zh-cn/3.13/tutorial/classes.html,24,26,1
/3.13/,23,23,303
/zh-cn/3/glossary.html,23,23,277
/zh-cn/3/library/csv.html,23,23,206
/zh-cn/3/library/tkinter.html,23,24,83
/3/tutorial/,22,22,477
/zh-cn/3.13/using/android.html,22,23,29
/zh-cn/3/using/,22,22,63
/zh-cn/3.12/index.html,21,21,178
/zh-cn/3.13/tutorial/modules.html,21,21,438
/zh-cn/3/installing/index.html,21,21,99
/zh-cn/3/library/re.html,21,21,54
/3/library/index.html,20,20,438
/zh-cn/3/download.html,20,21,3
/zh-cn/3/library/pdb.html,20,20,134
/zh-cn/3.13/tutorial/,19,20,262
/zh-cn/3.13/whatsnew/3.13.html,19,19,399
/zh-cn/3/library/dataclasses.html,19,19,24
/zh-cn/3/library/collections.html,18,18,115
/zh-cn/3/library/os.html,18,19,4
/zh-cn/3/library/random.html,18,19,65
/zh-cn/3/tutorial/inputoutput.html,18,19,147
/zh-cn/3/library/struct.html,17,17,0
/zh-cn/3/whatsnew/3.13.html,17,17,53
/zh-cn/3.13/library/tkinter.html,16,19,539
/zh-cn/3.13/reference/index.html,16,18,1313
/zh-cn/3.13/tutorial/errors.html,16,17,86
/zh-cn/3.13/tutorial/stdlib.html,16,20,53
/zh-cn/3.13/using/windows.html,16,16,169
/zh-cn/3/library/logging.html,16,17,0
/zh-cn/3/library/tk.html,16,18,47
/zh-cn/3.12/library/index.html,15,16,200
/zh-cn/3/library/ctypes.html,15,15,211
/zh-cn/3/reference/lexical_analysis.html,15,16,43
/3.15/,14,15,85
/zh-cn/3.13/contents.html,14,16,192
/zh-cn/3.13/tutorial/inputoutput.html,14,16,410
/zh-cn/3/howto/argparse.html,14,15,18
/zh-cn/3/library/datetime.html,14,15,213
/zh-cn/3/library/subprocess.html,14,14,0
/zh-cn/3/tutorial/modules.html,14,14,136
/zh-cn/3/using/windows.html,14,15,51
/3/library/tkinter.html,13,13,486
/zh-cn/3/library/pathlib.html,13,14,123
/zh-cn/3/reference/datamodel.html,13,16,106
/3.12/,12,12,388
/zh-cn/3.12/tutorial/index.html,12,12,658
/zh-cn/3.13/glossary.html,12,12,184
/zh-cn/3.13/installing/index.html,12,13,132
/zh-cn/3.13/library/turtle.html,12,12,0
/zh-cn/3/library/tkinter.ttk.html,12,13,23
/zh-cn/3/py-modindex.html,12,12,194
/zh-cn/3/reference/expressions.html,12,12,198
/zh-cn/3/tutorial/errors.html,12,13,28
/zh-cn/3/tutorial/stdlib.html,12,16,23
/zh-cn/dev/whatsnew/3.13.html,12,12,45
/zh-cn/3.13/library/venv.html,11,11,0
/zh-cn/3.14/,11,11,414
/zh-cn/3.14/tutorial/index.html,11,11,583
/zh-cn/3/library/time.html,11,12,101
/3/library/functions.html,10,10,68
/zh-cn/3.13/library/contextlib.html,10,10,0
/zh-cn/3.13/library/threading.html,10,12,36
/zh-cn/3.13/reference/datamodel.html,10,11,897
/zh-cn/3.13/tutorial/venv.html,10,10,5
/zh-cn/3/library/json.html,10,10,304
/zh-cn/3/library/string.html,10,10,525
/3/index.html,9,9,685
/zh-cn/3.12/library/asyncio-task.html,9,9,66
/zh-cn/3.12/library/functions.html,9,9,21
/zh-cn/3.13/download.html,9,10,266
/zh-cn/3.13/library/array.html,9,9,7
/zh-cn/3.13/library/asyncio-task.html,9,9,208
/zh-cn/3.13/library/re.html,9,9,96
/zh-cn/3.13/library/typing.html,9,9,531
/zh-cn/3.13/reference/lexical_analysis.html,9,10,1071
/zh-cn/3/extending/extending.html,9,9,25
/zh-cn/3/howto/regex.html,9,9,44
/zh-cn/3/library/asyncio-task.html,9,10,261
/zh-cn/3/library/copy.html,9,9,265
/zh-cn/3/library/intro.html,9,9,412
/zh-cn/3/library/unittest.html,9,9,0
/zh-cn/3/reference/compound_stmts.html,9,9,226
/3.13/tutorial/,8,9,275
/3.13/using/windows.html,8,8,471
/3/search.html,8,8,83
/zh-cn/3.12/library/stdtypes.html,8,8,893
/zh-cn/3.13/library/,8,13,204
/zh-cn/3.13/library/itertools.html,8,8,332
/zh-cn/3.13/library/math.html,8,8,0
/zh-cn/3.13/using/ios.html,8,8,0
/zh-cn/3/library/ast.html,8,8,1
/zh-cn/3/library/sqlite3.html,8,8,1
/3/reference/index.html,7,7,184
/3/tutorial/controlflow.html,7,7,1120
/zh-cn/3.12/library/,7,8,119
/zh-cn/3.12/reference/index.html,7,7,104
/zh-cn/3.12/search.html,7,8,26
/zh-cn/3.13/library/abc.html,7,7,197
/zh-cn/3.13/library/profile.html,7,7,0
/zh-cn/3.13/library/tk.html,7,7,69
/zh-cn/3.13/library/urllib.parse.html,7,7,0
/zh-cn/3.13/py-modindex.html,7,11,848
/zh-cn/3.13/using/cmdline.html,7,7,54
/zh-cn/3.13/whatsnew/3.12.html,7,7,14
/zh-cn/3/library/decimal.html,7,7,128
/zh-cn/3/library/functools.html,7,7,36
/zh-cn/3/library/heapq.html,7,8,54
/zh-cn/3/library/io.html,7,7,0
/zh-cn/3/library/os.path.html,7,7,169
/zh-cn/3/library/threading.html,7,7,68
/zh-cn/dev/using/ios.html,7,7,0
/3.13/index.html,6,6,227
/3/download.html,6,6,385
/3/library/stdtypes.html,6,6,736
/3/tutorial/appetite.html,6,6,561
/3/tutorial/interpreter.html,6,7,895
/zh-cn/3.12/library/heapq.html,6,6,163
/zh-cn/3.12/library/multiprocessing.html,6,6,0
/zh-cn/3.12/library/pprint.html,6,6,0
/zh-cn/3.12/library/turtle.html,6,6,187
/zh-cn/3.12/library/typing.html,6,6,0
/zh-cn/3.12/tutorial/introduction.html,6,6,0
/zh-cn/3.13/library/asyncio.html,6,7,24
/zh-cn/3.13/library/intro.html,6,6,471
/zh-cn/3.13/library/pathlib.html,6,6,673
/zh-cn/3.13/library/unittest.html,6,9,53
/zh-cn/3.13/using/mac.html,6,6,16
/zh-cn/3.15/,6,6,617
/zh-cn/3/c-api/index.html,6,6,324
/zh-cn/3/library/asyncio-runner.html,6,6,1
/zh-cn/3/library/dis.html,6,6,430
/zh-cn/3/library/exceptions.html,6,6,3
/zh-cn/3/library/http.server.html,6,6,0
/zh-cn/3/library/itertools.html,6,6,0
/zh-cn/3/library/multiprocessing.shared_memory.html,6,7,36
/zh-cn/3/library/pickle.html,6,6,0
/zh-cn/3/library/socket.html,6,6,0
/zh-cn/3/library/sys.html,6,6,9
/zh-cn/3/library/unittest.mock-examples.html,6,6,42
/zh-cn/3/reference/,6,6,220
/zh-cn/3/reference/import.html,6,6,174
/zh-cn/3/reference/introduction.html,6,6,50
/zh-cn/3/whatsnew/3.12.html,6,6,27
/3.14/,5,5,185
/3/library/pathlib.html,5,5,137
/3/py-modindex.html,5,5,482
/3/reference/datamodel.html,5,5,1073
/zh-cn/3.12/library/venv.html,5,5,0
/zh-cn/3.12/tutorial/controlflow.html,5,5,0
/zh-cn/3.13/library/__main__.html,5,5,75
/zh-cn/3.13/library/asyncio-eventloop.html,5,5,173
/zh-cn/3.13/library/http.server.html,5,5,475
/zh-cn/3.13/library/multiprocessing.html,5,5,28
/zh-cn/3.13/reference/expressions.html,5,6,324
/zh-cn/3.13/reference/simple_stmts.html,5,5,35
/zh-cn/3.15/glossary.html,5,5,263
/zh-cn/3/howto/enum.html,5,5,0
/zh-cn/3/library/abc.html,5,5,1
/zh-cn/3/library/asyncio-eventloop.html,5,5,112
/zh-cn/3/library/enum.html,5,5,18
/zh-cn/3/library/queue.html,5,5,25
/zh-cn/3/library/shutil.html,5,5,8
/zh-cn/3/library/warnings.html,5,5,0
/zh-cn/3/reference/simple_stmts.html,5,6,3
/zh-cn/3/using/unix.html,5,5,15
/zh-cn/3/whatsnew/index.html,5,5,1
/3/installing/index.html,4,4,1109
/3/library/collections.html,4,4,75
/3/library/multiprocessing.html,4,4,326
/3/library/re.html,4,4,124
/3/library/sqlite3.html,4,4,222
/3/library/turtle.html,4,4,416
/3/using/cmdline.html,4,4,208
/zh-cn/3.12/library/__main__.html,4,4,0
/zh-cn/3.12/library/asyncio-eventloop.html,4,4,971
/zh-cn/3.12/library/asyncio.html,4,6,254
/zh-cn/3.12/using/,4,4,0
/zh-cn/3.13/c-api/index.html,4,4,809
/zh-cn/3.13/extending/index.html,4,4,636
/zh-cn/3.13/library/collections.html,4,4,487
/zh-cn/3.13/library/datetime.html,4,4,45
/zh-cn/3.13/library/functools.html,4,4,2
/zh-cn/3.13/library/heapq.html,4,4,415
/zh-cn/3.13/library/logging.handlers.html,4,4,16
/zh-cn/3.13/library/logging.html,4,4,332
/zh-cn/3.13/library/socket.html,4,5,516
/zh-cn/3.13/library/sqlite3.html,4,4,16
/zh-cn/3.13/library/string.html,4,4,420
/zh-cn/3.13/library/subprocess.html,4,4,0
/zh-cn/3.13/library/urllib.html,4,4,223
/zh-cn/3.13/library/xml.etree.elementtree.html,4,4,112
/zh-cn/3.13/reference/import.html,4,4,6
/zh-cn/3.14/library/functions.html,4,4,362
/zh-cn/3.14/whatsnew/,4,4,0
/zh-cn/3.14/whatsnew/3.14.html,4,4,0
/zh-cn/3.15/whatsnew/3.12.html,4,4,2
/zh-cn/3/extending/index.html,4,4,8
/zh-cn/3/howto/annotations.html,4,5,0
/zh-cn/3/howto/curses.html,4,4,0
/zh-cn/3/library/constants.html,4,4,16
/zh-cn/3/library/contextvars.html,4,4,52
/zh-cn/3/library/hashlib.html,4,4,0
/zh-cn/3/library/ipaddress.html,4,4,0
/zh-cn/3/library/secrets.html,4,4,0
/zh-cn/3/library/tracemalloc.html,4,5,96
/zh-cn/3/library/webbrowser.html,4,4,0
/zh-cn/3/library/zipfile.html,4,4,16
/zh-cn/3/tutorial/floatingpoint.html,4,4,134
/zh-cn/3/using/cmdline.html,4,4,0
/zh-cn/dev/using/cmdline.html,4,4,0
/3.12/library/functions.html,3,3,1167
/3.14/tutorial/index.html,3,3,21
/3/library/argparse.html,3,3,1657
/3/library/asyncio-task.html,3,4,9
/3/library/concurrent.futures.html,3,3,700
/3/library/contextlib.html,3,3,0
/3/library/dataclasses.html,3,3,386
/3/library/heapq.html,3,3,14
/3/library/idle.html,3,3,21
/3/library/json.html,3,3,194
/3/library/struct.html,3,3,2
/3/library/subprocess.html,3,3,37
/3/library/typing.html,3,3,891
/3/library/unittest.html,3,3,261
/3/library/venv.html,3,3,384
/3/license.html,3,3,18
/3/tutorial/venv.html,3,3,69
/3/using/mac.html,3,3,686
/3/whatsnew/3.13.html,3,3,858
/dev/,3,3,614
/zh-cn/3.12/faq/windows.html,3,3,0
/zh-cn/3.12/library/argparse.html,3,3,0
/zh-cn/3.12/library/os.html,3,3,0
/zh-cn/3.12/library/queue.html,3,3,0
/zh-cn/3.12/library/sqlite3.html,3,3,0
/zh-cn/3.12/py-modindex.html,3,3,1
/zh-cn/3.12/reference/datamodel.html,3,3,162
/zh-cn/3.12/reference/import.html,3,3,528
/zh-cn/3.12/tutorial/classes.html,3,4,0
/zh-cn/3.12/tutorial/modules.html,3,4,42
/zh-cn/3.12/using/index.html,3,3,0
/zh-cn/3.13/c-api/exceptions.html,3,3,0
/zh-cn/3.13/faq/index.html,3,3,582
/zh-cn/3.13/howto/curses.html,3,3,0
/zh-cn/3.13/howto/free-threading-python.html,3,3,283
/zh-cn/3.13/howto/gdb_helpers.html,3,3,0
/zh-cn/3.13/howto/index.html,3,4,378
/zh-cn/3.13/howto/sorting.html,3,3,1
/zh-cn/3.13/installing/,3,3,45
/zh-cn/3.13/library/bisect.html,3,3,0
/zh-cn/3.13/library/codecs.html,3,3,0
/zh-cn/3.13/library/concurrent.futures.html,3,3,0
/zh-cn/3.13/library/csv.html,3,3,4
/zh-cn/3.13/library/ctypes.html,3,3,59
