name,visitors,bounce_rate,visit_duration
google.com,3934,80,130
Direct / None,2368,64,251
m.baidu.com,739,88,25
google.co.jp,299,82,132
bing.com,288,70,210
qiita.com,254,82,140
note.nkmk.me,233,83,116
search.yahoo.co.jp,76,84,42
baidu.com/link,53,94,3
chatgpt.com,43,48,248
docs.google.com,42,25,519
python.org,39,100,835
utokyo-ipp.github.io,31,81,126
moocs.iniad.org,28,0,822
python.jp,26,59,139
duckduckgo.com,22,67,177
statics.teams.cdn.office.net,14,64,770
github.com,9,70,164
perplexity.ai,9,78,118
python-izm.com,9,89,2
m.baidu.com/s,8,100,7
classroom.google.com,7,62,6
els.akita-u.ac.jp,7,29,3003
gemini.google.com,7,71,95
baidu.com,6,83,61
aix-knowledge.azurewebsites.net,5,25,97
atcoder.jp,5,60,56
nikkie-ftnext.hatenablog.com,5,80,16
school.ctc-g.co.jp,5,100,0
youtube.com,5,80,11
aiacademy.jp,4,100,0
atmarkit.itmedia.co.jp/ait/articles/2505/20/news036.html,4,100,0
lms.ynu.ac.jp,4,50,811
pyex.srbrnote.work,4,75,101
teratail.com,4,75,27
aisin.aidemy.jp,3,67,352
asahi-kasei.aidemy.jp,3,67,3
atmarkit.itmedia.co.jp,3,67,537
cc.kyoto-su.ac.jp,3,100,0
copilot.microsoft.com,3,0,22
hatenablog-parts.com,3,67,3
hitachigroup.okta.com,3,67,400
ja.wikipedia.org,3,25,16
junkisagawa.github.io,3,33,10
maku77.github.io,3,100,0
mdcs5.cc.yamaguchi-u.ac.jp,3,100,0
techacademy.jp,3,33,805
tlms.tsc.u-tokai.ac.jp,3,100,0
tutorials.chainer.org,3,67,30
uc2.h2np.net,3,33,671
119.245.144.236,2,0,856
atmarkit.itmedia.co.jp/ait/articles/2104/06/news022.html,2,50,804
atmarkit.itmedia.co.jp/ait/spv/2505/20/news036.html,2,100,0
cdn.d-library.jp,2,100,0
chat.ai-service.global.fujitsu.com,2,100,0
chokkan.github.io,2,100,0
cruel.org,2,0,33
curict.com,2,100,0
dev.classmethod.jp,2,100,0
excel-ubara.com,2,100,0
fujifilm.aidemy.jp,2,100,0
hibiki-press.tech/python/time-perf-counter/4595,2,100,0
hnsvzz9a.nabtesco.local,2,100,0
jpc-word-edit.officeapps.live.com,2,100,0
kirara-code.net,2,50,498
lms-wc.el.kanazawa-u.ac.jp,2,100,0
login.microsoftonline.com,2,100,0
m.baidu.com/from=1001192y/bd_page_type=1/ssid=0/uid=0/pu=usm%400%2Csz%401320_1001%2Cta%40iphone_2_10.0_28_16.0/baiduid=82E259B31B9141B1735189F985E19CE3/w=0_10_/t=iphone/l=1/tc,2,100,0
m.baidu.com/from=1001703a/bd_page_type=1/ssid=0/uid=0/pu=sz%401320_1001%2Cta%40iphone_2_15.0_18_40.9%2Cusm%400/baiduid=4A66DFFE8AB586CEB95BFA1DFA1C2CDB/w=0_10_/t=iphone/l=1/tc,2,100,0
m.baidu.com/from=1001703a/bd_page_type=1/ssid=0/uid=0/pu=usm%402%2Csz%401320_1001%2Cta%40iphone_2_15.0_18_40.9/baiduid=70B00F4E7568FE1D4D5773E3689EFB87/w=0_10_/t=iphone/l=1/tc,2,100,0
m.baidu.com/from=1012852q/bd_page_type=1/ssid=0/uid=0/pu=usm%400%2Csz%401320_1004%2Cta%40iphone_2_13.0_11_19.5/baiduid=3B99CF8809D33FBA846919D0BB2058EF/w=0_10_/t=iphone/l=1/tc,2,100,0
m.baidu.com/from=1015819s/bd_page_type=1/ssid=0/uid=0/pu=usm%400%2Csz%401320_1001%2Cta%40iphone_2_8.0_28_16.0/baiduid=6C37983C678FDD92E7A6C2F6CFD30AE0/w=0_20_/t=iphone/l=1/tc,2,100,0
m.baidu.com/from=1020761f/bd_page_type=1/ssid=0/uid=0/pu=usm%402%2Csz%401320_1001%2Cta%40iphone_2_14.0_19_24.5/baiduid=09AC647D80B1B50A2820543670DFF677/w=0_10_/t=iphone/l=1/tc,2,100,0
m.baidu.com/from=1020786r/bd_page_type=1/ssid=0/uid=0/pu=sz%401320_1001%2Cta%40iphone_2_15.0_19_24.4%2Cusm%400/baiduid=D08F144FA7145E59077B99E642802408/w=0_10_/t=iphone/l=1/tc,2,50,38
m.baidu.com/from=1021611a/bd_page_type=1/ssid=0/uid=0/pu=usm%400%2Csz%401320_1001%2Cta%40iphone_2_8.1_28_/baiduid=FFA84FFACE683BAF5FB8A8F666724EA3/w=0_10_/t=iphone/l=1/tc,2,100,0
m.baidu.com/from=1034658a/bd_page_type=1/ssid=0/uid=0/pu=sz%401320_480%2Ccuid%40Y82-ilaqBfgf8Hu-gO2j8_u-vi_xuHiT08v0aYa-Hi8Yk2Pxg8H98E0wA%2Ccua%40_a2SiyaR2ig-NE6pI5me6NN0-I_Uh2IlgN278Sq6C%2Cosname%40baiduboxapp%2Cctv%402%2Ccfrom%401030738b%2Ccen%40cuid_cua%2Cc3_aid%40A00-3YKD5WMF3ICJDCLH5QWHM2HE7ECSJKNG-TXPSI6MX%2Ccsrc%40app_mainbox_txt%2Cta%40iphone___31_9.0%2Cusm%400/baiduid=BB0BD0D1F02BC8F0347EAF305DC704E3/w=0_10_/t=iphone/l=1/tc,2,100,0
m.baidu.com/from=2001a/bd_page_type=1/ssid=0/uid=0/pu=sz%401320_1003%2Cta%40iphone_2_15.0_1_17.6%2Cusm%400/baiduid=E2BC2C272E1FA7EFE207A0445F8845D1/w=0_10_/t=iphone/l=1/tc,2,100,0
moromisenpy.com,2,0,12
notion.so,2,100,0
paiza.jp/works/python/new-primer/python-new-primer-23/85012,2,50,1432
paiza.jp/works/python/trial/python-trial-1/62000,2,50,36
powerpoint.officeapps.live.com,2,100,0
pxai.is.jp.panasonic.com,2,50,452
python.ambitious-engineer.com,2,100,0
sejuku.net,2,50,107
tech-joho.info,2,50,6
vsv-amethyst.skygroup.local,2,80,218
websearch.rakuten.co.jp,2,50,258
10.180.88.132,1,100,0
10.180.88.74,1,100,0
10.53.240.17,1,100,0
10.53.240.81,1,100,0
127.0.0.1,1,0,211
1kara-hajimeru.com,1,100,0
aichat3.alpha.co.jp,1,100,0
algo-method.com,1,100,0
amanotk.github.io,1,100,0
analytics-note.xyz,1,100,0
android-app://com.google.android.googlequicksearchbox,1,0,1202
android-app://com.reddit.frontpage,1,0,0
app-backend-revoopenai-sub.azurewebsites.net,1,0,6
artisoc-cloud.kke.co.jp,1,100,0
atmarkit.itmedia.co.jp/ait/articles/1907/12/news019.html,1,100,0
atmarkit.itmedia.co.jp/ait/articles/1910/01/news020.html,1,33,46
atmarkit.itmedia.co.jp/ait/articles/1911/26/news018.html,1,0,209
atmarkit.itmedia.co.jp/ait/articles/2111/09/news015.html,1,100,0
atmarkit.itmedia.co.jp/ait/articles/2111/24/news019.html,1,100,0
atmarkit.itmedia.co.jp/ait/articles/2411/08/news038.html,1,0,125
blog.mtb-production.info,1,0,1118
blog.pyq.jp,1,100,0
blog.serverworks.co.jp,1,0,146
boukenki.info,1,100,0
c-nakamura.r.chuo-u.ac.jp,1,100,0
canon.aidemy.jp,1,100,0
chat.gpt-dnp.jp,1,0,52
chikakot.r.chuo-u.ac.jp,1,100,0
cle.osaka-u.ac.jp,1,100,0
code-graffiti.com/logging-config-in-python,1,0,55
codecamp.jp,1,100,0
copilot.cloud.microsoft,1,0,8
crammedia.com,1,100,0
crystal-method.com,1,100,0
cs.kwansei.ac.jp,1,100,0
cs50.harvard.edu,1,0,1830
developer.mozilla.org,1,0,261
digipla.qh.toyota.co.jp,1,100,0
diy-programming.site/mercari/scraping,1,100,0
docs.astral.sh,1,0,1775
docs.pyq.jp,1,0,1629
docs.pytest.org/en/stable/reference/reference.html,1,0,530
docs.snowflake.com,1,0,43
dynalist.io,1,100,0
ecosia.org,1,100,0
engineer-life.dev/python-desktop-app,1,100,0
etcloud.atlassian.net,1,0,700
excel.officeapps.live.com,1,100,0
fujitsu.udemy.com,1,100,0
gammasoft.jp,1,0,32
ghe.j1net.local,1,0,714
gihyo.jp,1,0,13
github.com/aws-samples/siem-on-amazon-opensearch-service/blob/main/docs/configure_siem.md,1,0,25
github.com/fastapi/fastapi/discussions/8612,1,0,0
github.com/rinost081/LeetCode/pull/12,1,0,1103
github.com/rinost081/LeetCode/pull/13/files,1,0,0
google.github.io,1,0,11
hibiki-press.tech,1,100,0
hibiki-press.tech/python/join/582,1,100,0
hibiki-press.tech/python/upper_lower_etc/584,1,100,0
hiwave.aidemy.jp,1,0,506
honda-reskill.aidemy.jp,1,100,0
i3-systems.atlassian.net,1,100,0
inetnf.auth,1,100,0
isc.meiji.ac.jp,1,0,25
jeis2.aidemy.jp,1,100,0
jobcode.jp,1,100,0
js2iiu.com/2025/03/04/python-asyncio,1,100,0
jupyter.org,1,0,15
kawats1.hatenablog.com,1,100,0
kccs.aidemy.jp,1,100,0
kids.yahoo.co.jp,1,100,0
kirinholdings2.aidemy.jp,1,100,0
kkai.info,1,0,221
kokufu.blogspot.com,1,0,0
laplace-daemon.com/create-virtualenv-by-venv,1,100,0
learn.miraiweb.co.jp,1,100,0
lecture.ecc.u-tokyo.ac.jp,1,100,0
leo0523.hatenablog.com,1,100,0
linus-mk.hatenablog.com,1,100,0
lms.ealps.shinshu-u.ac.jp,1,100,0
log.dot-co.co.jp,1,100,0
m.baidu.com/from=0/bd_page_type=1/ssid=0/uid=0/pu=sz%401320_1001%2Cta%40iphone_2_13.0_19_24.6%2Cusm%400/baiduid=A20FCA44FE414D07FA39E1D95CAD27DD/w=0_10_/t=iphone/l=1/tc,1,100,0
m.baidu.com/from=0/bd_page_type=1/ssid=0/uid=0/pu=usm%400%2Csz%401320_1001%2Cta%40iphone_2_10.0_29_134.0/baiduid=0F57DB0C54E044407DCC2FB839F57D18/w=0_10_/t=iphone/l=1/tc,1,100,0
m.baidu.com/from=0/bd_page_type=1/ssid=0/uid=0/pu=usm%400%2Csz%401320_1004%2Cta%40iphone_2_7.1_34_11.22/baiduid=0B9A5A47DFCECB660197AEAB503DF842/w=0_10_/t=iphone/l=1/tc,1,100,0
m.baidu.com/from=0/bd_page_type=1/ssid=0/uid=0/pu=usm%400%2Csz%401320_1004%2Cvmgdb%400020100228y/baiduid=07352FD44B7572F7C1ACE6268864BACE/w=0_10_/t=zbios/l=1/tc,1,0,10
m.baidu.com/from=1000953f/bd_page_type=1/ssid=0/uid=0/pu=sz%40224_220%2Cta%40iphone_2_8.0_28_16.0%2Cusm%400/baiduid=B75359005B2BF6513AEC3B5AF66BDB7B/w=0_10_/t=iphone/l=1/tc,1,100,0
m.baidu.com/from=1001192y/bd_page_type=1/ssid=0/uid=0/pu=sz%401320_1001%2Cta%40iphone_2_10.0_28_12.1%2Cusm%400/baiduid=904E5633A25F9B3C629B9E3E79496BC8/w=0_10_/t=iphone/l=1/tc,1,100,0
m.baidu.com/from=1001192y/bd_page_type=1/ssid=0/uid=0/pu=sz%401320_1001%2Cta%40iphone_2_10.0_28_15.0%2Cusm%400/baiduid=2777B1AAD69E6A642EA2C67B155634E5/w=0_10_/t=iphone/l=1/tc,1,100,0
m.baidu.com/from=1001192y/bd_page_type=1/ssid=0/uid=0/pu=sz%401320_1001%2Cta%40iphone_2_10.0_28_15.0%2Cusm%400/baiduid=A716723EE86A157FD24395A80381084B/w=0_10_/t=iphone/l=1/tc,1,100,0
m.baidu.com/from=1001192y/bd_page_type=1/ssid=0/uid=0/pu=sz%401320_1001%2Cta%40iphone_2_10.0_28_16.0%2Cusm%400/baiduid=11FDE090FFA139FE85D623B482D469FD/w=0_10_/t=iphone/l=1/tc,1,100,0
m.baidu.com/from=1001192y/bd_page_type=1/ssid=0/uid=0/pu=sz%401320_1001%2Cta%40iphone_2_10.0_28_16.0%2Cusm%400/baiduid=2C40551D06434E7E9FD826CA866560D3/w=0_10_/t=iphone/l=1/tc,1,0,0
m.baidu.com/from=1001192y/bd_page_type=1/ssid=0/uid=0/pu=sz%401320_1001%2Cta%40iphone_2_10.0_28_16.0%2Cusm%400/baiduid=5535869497B54A6D100A7A64261C4574/w=0_10_/t=iphone/l=1/tc,1,0,0
m.baidu.com/from=1001192y/bd_page_type=1/ssid=0/uid=0/pu=sz%401320_1001%2Cta%40iphone_2_10.0_28_16.0%2Cusm%400/baiduid=6A1707F881A63E2B96D924397A7A006C/w=0_10_/t=iphone/l=1/tc,1,100,0
m.baidu.com/from=1001192y/bd_page_type=1/ssid=0/uid=0/pu=sz%401320_1001%2Cta%40iphone_2_10.0_28_16.0%2Cusm%400/baiduid=BFC903A039985B8BDC7C9AE3F236F32D/w=0_10_/t=iphone/l=1/tc,1,0,0
m.baidu.com/from=1001192y/bd_page_type=1/ssid=0/uid=0/pu=sz%401320_1001%2Cta%40iphone_2_11.0_28_16.0%2Cusm%400/baiduid=1DF321ADA60ED2DC16EEDA3CC3EAEA4E/w=0_10_/t=iphone/l=1/tc,1,100,0
m.baidu.com/from=1001192y/bd_page_type=1/ssid=0/uid=0/pu=sz%401320_1001%2Cta%40iphone_2_12.0_28_16.0%2Cusm%400/baiduid=21AA7F916759EFABA392230FB3EF319E/w=0_10_/t=iphone/l=1/tc,1,0,1
m.baidu.com/from=1001192y/bd_page_type=1/ssid=0/uid=0/pu=sz%401320_1001%2Cta%40iphone_2_12.0_28_16.0%2Cusm%400/baiduid=3831C921C16141A834E2AD6B391ADDB5/w=0_10_/t=iphone/l=1/tc,1,100,0
m.baidu.com/from=1001192y/bd_page_type=1/ssid=0/uid=0/pu=sz%401320_1001%2Cta%40iphone_2_12.0_28_16.0%2Cusm%400/baiduid=4F42F075D55AD1E83E2A2ED12851B814/w=0_10_/t=iphone/l=1/tc,1,0,8
m.baidu.com/from=1001192y/bd_page_type=1/ssid=0/uid=0/pu=sz%401320_1001%2Cta%40iphone_2_12.0_28_16.0%2Cusm%400/baiduid=E49BAB73B464D7B19E1E8FF93A462E73/w=0_10_/t=iphone/l=1/tc,1,0,0
m.baidu.com/from=1001192y/bd_page_type=1/ssid=0/uid=0/pu=sz%401320_1001%2Cta%40iphone_2_9.0_28_16.0%2Cusm%400/baiduid=5105EAD9EA26C47A81FE5EBC3B65468B/w=0_10_/t=iphone/l=1/tc,1,0,2
m.baidu.com/from=1001192y/bd_page_type=1/ssid=0/uid=0/pu=usm%400%2Csz%401320_1001%2Cta%40iphone_2_10.0_28_16.0/baiduid=47DAC8E304BB7D402E43993A57F150E0/w=0_10_/t=iphone/l=1/tc,1,0,1
m.baidu.com/from=1001192y/bd_page_type=1/ssid=0/uid=0/pu=usm%400%2Csz%401320_1001%2Cta%40iphone_2_10.0_28_16.0/baiduid=61280CB5364BB825DE58583B79B13E38/w=0_10_/t=iphone/l=1/tc,1,0,1
m.baidu.com/from=1001192y/bd_page_type=1/ssid=0/uid=0/pu=usm%400%2Csz%401320_1001%2Cta%40iphone_2_10.0_28_16.0/baiduid=7A6066BD24D13BB31621AF79D2C9E8F8/w=0_10_/t=iphone/l=1/tc,1,0,27
m.baidu.com/from=1001192y/bd_page_type=1/ssid=0/uid=0/pu=usm%400%2Csz%401320_1001%2Cta%40iphone_2_10.0_28_16.0/baiduid=9528572AC1821E73A6D897A1E695E025/w=0_10_/t=iphone/l=1/tc,1,0,9
m.baidu.com/from=1001192y/bd_page_type=1/ssid=0/uid=0/pu=usm%400%2Csz%401320_1001%2Cta%40iphone_2_10.0_28_16.0/baiduid=B861271BE6BCE17F374DC49B9BE6AB83/w=0_10_/t=iphone/l=1/tc,1,0,0
m.baidu.com/from=1001192y/bd_page_type=1/ssid=0/uid=0/pu=usm%400%2Csz%401320_1001%2Cta%40iphone_2_11.0_28_16.0/baiduid=3AE3B1C6DFEA5909664E73350010339F/w=0_10_/t=iphone/l=1/tc,1,100,0
m.baidu.com/from=1001192y/bd_page_type=1/ssid=0/uid=0/pu=usm%400%2Csz%401320_1001%2Cta%40iphone_2_11.0_28_16.0/baiduid=D6C2522E3151F5A85627F32E9E51D860/w=0_10_/t=iphone/l=1/tc,1,100,0
m.baidu.com/from=1001192y/bd_page_type=1/ssid=0/uid=0/pu=usm%400%2Csz%401320_1001%2Cta%40iphone_2_12.0_28_16.0/baiduid=3137BE22D85B416E4C54FCBAC4F9EC7F/w=0_10_/t=iphone/l=1/tc,1,0,4
m.baidu.com/from=1001192y/bd_page_type=1/ssid=0/uid=0/pu=usm%400%2Csz%401320_1001%2Cta%40iphone_2_12.0_28_16.0/baiduid=56FBCC302F224F3C96F1C71485FB5366/w=0_10_/t=iphone/l=1/tc,1,100,0
m.baidu.com/from=1001192y/bd_page_type=1/ssid=0/uid=0/pu=usm%400%2Csz%401320_1001%2Cta%40iphone_2_12.0_28_16.0/baiduid=76DF593F1F7E512EE32789EDE25CCB13/w=0_10_/t=iphone/l=1/tc,1,0,4
m.baidu.com/from=1001192y/bd_page_type=1/ssid=0/uid=0/pu=usm%400%2Csz%401320_1001%2Cta%40iphone_2_12.0_28_16.0/baiduid=9AD7DA738A44776D386B3923C4835E88/w=0_10_/t=iphone/l=1/tc,1,100,0
m.baidu.com/from=1001192y/bd_page_type=1/ssid=0/uid=0/pu=usm%400%2Csz%401320_1001%2Cta%40iphone_2_12.0_28_16.0/baiduid=9E2BA9F51F4031FF817BB5EECC811402/w=0_10_/t=iphone/l=1/tc,1,100,0
m.baidu.com/from=1001192y/bd_page_type=1/ssid=0/uid=0/pu=usm%400%2Csz%401320_1001%2Cta%40iphone_2_12.0_28_16.0/baiduid=AD0BB2A71B041A1ACEC5110D24E202BF/w=0_10_/t=iphone/l=1/tc,1,100,0
m.baidu.com/from=1001192y/bd_page_type=1/ssid=0/uid=0/pu=usm%400%2Csz%401320_1001%2Cta%40iphone_2_12.0_28_16.0/baiduid=B71AC1D0380FA01812E2A6083A4B2569/w=0_10_/t=iphone/l=1/tc,1,100,0
m.baidu.com/from=1001192y/bd_page_type=1/ssid=0/uid=0/pu=usm%400%2Csz%401320_1001%2Cta%40iphone_2_12.0_28_16.0/baiduid=BA53DE8AB9B14FA17FD9A85CA6E8CCE3/w=0_10_/t=iphone/l=1/tc,1,100,0
m.baidu.com/from=1001192y/bd_page_type=1/ssid=0/uid=0/pu=usm%400%2Csz%401320_1001%2Cta%40iphone_2_12.0_28_16.0/baiduid=D091DCE1B1069B3D469EFFC2666876DE/w=0_10_/t=iphone/l=1/tc,1,0,7
m.baidu.com/from=1001192y/bd_page_type=1/ssid=0/uid=0/pu=usm%400%2Csz%401320_1001%2Cta%40iphone_2_12.0_28_16.0/baiduid=D38EB1FF575033E185201479D8DC1540/w=0_10_/t=iphone/l=1/tc,1,100,0
m.baidu.com/from=1001192y/bd_page_type=1/ssid=0/uid=0/pu=usm%400%2Csz%401320_1001%2Cta%40iphone_2_12.0_28_16.0/baiduid=D46989246BA15450AAC87C9CFE547009/w=0_10_/t=iphone/l=1/tc,1,100,0
m.baidu.com/from=1001192y/bd_page_type=1/ssid=0/uid=0/pu=usm%400%2Csz%401320_1001%2Cta%40iphone_2_12.0_28_16.0/baiduid=D533836B7949F435DD368C2ABCBBE25D/w=0_10_/t=iphone/l=1/tc,1,0,1
m.baidu.com/from=1001192y/bd_page_type=1/ssid=0/uid=0/pu=usm%400%2Csz%401320_1001%2Cta%40iphone_2_12.0_28_16.0/baiduid=D87826BEA69230CCA1CDA8B3983A267D/w=0_10_/t=iphone/l=1/tc,1,0,17
m.baidu.com/from=1001192y/bd_page_type=1/ssid=0/uid=0/pu=usm%400%2Csz%401320_1001%2Cta%40iphone_2_12.0_28_16.0/baiduid=F8DD32C8D11FDFDE378280879F32A382/w=0_10_/t=iphone/l=1/tc,1,0,0
m.baidu.com/from=1001192y/bd_page_type=1/ssid=0/uid=0/pu=usm%400%2Csz%401320_1001%2Cta%40iphone_2_8.0_28_16.0/baiduid=BFA2586F3F5F182128FF781E5D2CB43C/w=0_10_/t=iphone/l=1/tc,1,100,0
m.baidu.com/from=1001192y/bd_page_type=1/ssid=0/uid=0/pu=usm%400%2Csz%401320_1001%2Cta%40iphone_2_9.0_28_16.0/baiduid=426BAA00BAAEF7BD4D0D87FBC092B2F5/w=0_10_/t=iphone/l=1/tc,1,100,0
m.baidu.com/from=1001192y/bd_page_type=1/ssid=0/uid=0/pu=usm%400%2Csz%401320_220%2Cta%40iphone___24_114.0/baiduid=6616B0A0AC57246089B5792BFAA1DBD7/w=0_10_/t=iphone/l=1/tc,1,100,0
m.baidu.com/from=1001703a/bd_page_type=1/ssid=0/uid=0/pu=sz%401320_1001%2Cta%40iphone_2_12.0_18_40.9%2Cusm%400/baiduid=42F38976ACEE5BC4B7ABF79A30718686/w=0_10_/t=iphone/l=1/tc,1,100,0
m.baidu.com/from=1001703a/bd_page_type=1/ssid=0/uid=0/pu=sz%401320_1001%2Cta%40iphone_2_12.0_18_40.9%2Cusm%400/baiduid=87B1A20F49A0DEC1CAE268EF7C63A41F/w=0_10_/t=iphone/l=1/tc,1,100,0
m.baidu.com/from=1001703a/bd_page_type=1/ssid=0/uid=0/pu=sz%401320_1001%2Cta%40iphone_2_13.0_18_40.9%2Cusm%400/baiduid=0E3FD7D6D4D3BE8187782144D68F412C/w=0_10_/t=iphone/l=1/tc,1,100,0
m.baidu.com/from=1001703a/bd_page_type=1/ssid=0/uid=0/pu=sz%401320_1001%2Cta%40iphone_2_13.0_18_40.9%2Cusm%400/baiduid=ABDA1AAD4ACB767DE2FB46B950DD5041/w=0_10_/t=iphone/l=1/tc,1,100,0
m.baidu.com/from=1001703a/bd_page_type=1/ssid=0/uid=0/pu=sz%401320_1001%2Cta%40iphone_2_14.0_18_40.9%2Cusm%400/baiduid=6178E1F2BC3E06CA8F5B9C89B85CFF17/w=0_10_/t=iphone/l=1/tc,1,100,0
m.baidu.com/from=1001703a/bd_page_type=1/ssid=0/uid=0/pu=sz%401320_1001%2Cta%40iphone_2_14.0_18_40.9%2Cusm%400/baiduid=DF41EB85B4729BD61CBE00CBE4DDDA4D/w=0_10_/t=iphone/l=1/tc,1,100,0
m.baidu.com/from=1001703a/bd_page_type=1/ssid=0/uid=0/pu=sz%401320_1001%2Cta%40iphone_2_14.0_18_40.9%2Cusm%400/baiduid=E21653DF9B11F33A8D29D02263D287EF/w=0_10_/t=iphone/l=1/tc,1,100,0
m.baidu.com/from=1001703a/bd_page_type=1/ssid=0/uid=0/pu=sz%401320_1001%2Cta%40iphone_2_9.0_18_10.9%2Cusm%400/baiduid=FED612406E235FAF888F8D7A9D1B1F71/w=0_10_/t=iphone/l=1/tc,1,100,0
m.baidu.com/from=1001703a/bd_page_type=1/ssid=0/uid=0/pu=sz%401320_480%2Ccuid%40_a-oaluRv80PPHax0u2w8_arv8_Ka2u7luS6uluYv88dk2MtyfLDu0GOA%2Ccua%40_avLC_an2i4qywoUfpw1z4aLXizpuL8bxLqqC%2Ccut%40J83JP_ujL8gjN2iS4t1HR8qEC%2Cosname%40baiduboxapp%2Cctv%402%2Ccfrom%40757b%2Ccen%40cuid_cua_cut%2Cosbranch%40a2%2Ccsrc%40app_mainbox_txt%2Cta%40iphone_2_11.0_18_40.9%2Cusm%400/baiduid=95853CAE862EBE74533F6CFC4AA9FD86/w=0_10_/t=iphone/l=1/tc,1,100,0
m.baidu.com/from=1001703a/bd_page_type=1/ssid=0/uid=0/pu=sz%401320_480%2Ccuid%40l8HI808JHugS8Hi6l8vZulOL2il_uHah0u2jigagviik93PvA%2Ccua%40_a-qiyuOvijyNE6lI5me6NN02I_Uhvh0SdNqA%2Ccut%40piS_P_ujL8gjNv8Q4t1HR8qEC%2Cosname%40baiduboxapp%2Cctv%402%2Ccfrom%40757b%2Ccen%40cuid_cua_cut%2Cosbranch%40a2%2Ccsrc%40app_mainbox_txt%2Cta%40iphone_2_12.0_18_40.9%2Cusm%400/baiduid=D784C020393DFE40A7148B82D9243DC0/w=0_10_/t=iphone/l=1/tc,1,100,0
m.baidu.com/from=1001703a/bd_page_type=1/ssid=0/uid=0/pu=usm%400%2Csz%401320_1001%2Cta%40iphone_2_10.0_18_40.7/baiduid=14EA2B8E00B6A301332A14D333BB0DF2/w=0_10_/t=iphone/l=1/tc,1,100,0
m.baidu.com/from=1001703a/bd_page_type=1/ssid=0/uid=0/pu=usm%400%2Csz%401320_1001%2Cta%40iphone_2_10.0_18_40.9/baiduid=7968DCF6CCE95C31699E418BD9A22FBB/w=0_10_/t=iphone/l=1/tc,1,100,0
m.baidu.com/from=1001703a/bd_page_type=1/ssid=0/uid=0/pu=usm%400%2Csz%401320_1001%2Cta%40iphone_2_11.0_18_40.9/baiduid=1751817B8E7B77507CBD5D638F83A6E9/w=0_10_/t=iphone/l=1/tc,1,100,0
m.baidu.com/from=1001703a/bd_page_type=1/ssid=0/uid=0/pu=usm%400%2Csz%401320_1001%2Cta%40iphone_2_11.0_18_40.9/baiduid=BA6CA6F46326FF391794A84A867AAF6A/w=0_10_/t=iphone/l=1/tc,1,100,0
m.baidu.com/from=1001703a/bd_page_type=1/ssid=0/uid=0/pu=usm%400%2Csz%401320_1001%2Cta%40iphone_2_14.0_18_40.8/baiduid=45E77360CC611D466CB574605E7EBF62/w=0_10_/t=iphone/l=1/tc,1,100,0
m.baidu.com/from=1001703a/bd_page_type=1/ssid=0/uid=0/pu=usm%400%2Csz%401320_1001%2Cta%40iphone_2_14.0_18_40.8/baiduid=474DC28E41178AEA1F3500C0380903DB/w=0_10_/t=iphone/l=1/tc,1,100,0
m.baidu.com/from=1001703a/bd_page_type=1/ssid=0/uid=0/pu=usm%400%2Csz%401320_1001%2Cta%40iphone_2_14.0_18_40.9/baiduid=331EE5B9CD90C86BD89B9198C92A72DC/w=0_10_/t=iphone/l=1/tc,1,100,0
m.baidu.com/from=1001703a/bd_page_type=1/ssid=0/uid=0/pu=usm%400%2Csz%401320_1001%2Cta%40iphone_2_14.0_18_40.9/baiduid=A493DF9E7C61B59FC263811702164F41/w=0_10_/t=iphone/l=1/tc,1,100,0
m.baidu.com/from=1001703a/bd_page_type=1/ssid=0/uid=0/pu=usm%400%2Csz%401320_1001%2Cta%40iphone_2_14.0_18_40.9/baiduid=F74118FA154E6F791045765246CF2683/w=0_10_/t=iphone/l=1/tc,1,100,0
m.baidu.com/from=1001703a/bd_page_type=1/ssid=0/uid=0/pu=usm%400%2Csz%401320_1001%2Cta%40iphone_2_15.0_18_40.9/baiduid=3FC7CFB5813B68C9EEA92192974D0257/w=0_10_/t=iphone/l=1/tc,1,100,0
m.baidu.com/from=1001703a/bd_page_type=1/ssid=0/uid=0/pu=usm%400%2Csz%401320_1001%2Cta%40iphone_2_15.0_18_40.9/baiduid=86016B5BE32136C7A130557C26BAEA69/w=0_10_/t=iphone/l=1/tc,1,100,0
m.baidu.com/from=1001703a/bd_page_type=1/ssid=0/uid=0/pu=usm%400%2Csz%401320_1001%2Cta%40iphone_2_15.0_18_40.9/baiduid=8D51395183ABBB618C4726407E83EE93/w=0_10_/t=iphone/l=1/tc,1,100,0
m.baidu.com/from=1001703a/bd_page_type=1/ssid=0/uid=0/pu=usm%400%2Csz%401320_1001%2Cta%40iphone_2_6.0_18_10.7/baiduid=9F43941C152724777E944D9E3C9F8DFE/w=0_10_/t=iphone/l=1/tc,1,100,0
m.baidu.com/from=1001703a/bd_page_type=1/ssid=0/uid=0/pu=usm%402%2Csz%401320_1001%2Cta%40iphone_2_12.0_18_40.9/baiduid=42F38976ACEE5BC4B7ABF79A30718686/w=0_10_/t=iphone/l=1/tc,1,0,0
m.baidu.com/from=1001703a/bd_page_type=1/ssid=0/uid=0/pu=usm%406%2Csz%401320_1001%2Cta%40iphone_2_10.0_18_40.9/baiduid=88E242FFE7D88EBD58EA361CCAC1D4C7/w=0_10_/t=iphone/l=1/tc,1,100,0
m.baidu.com/from=1001703y/bd_page_type=1/ssid=0/uid=0/pu=usm%400%2Csz%401320_1001%2Cta%40iphone_2_12.0_18_40.9/baiduid=879743E6FE6245E17996CBC18CF600F0/w=0_10_/t=iphone/l=1/tc,1,0,34
m.baidu.com/from=1001703y/bd_page_type=1/ssid=0/uid=0/pu=usm%400%2Csz%401320_1001%2Cta%40iphone_2_8.1_18_4.7/baiduid=3528E3F6B04E7DA99D348FC05C4967CA/w=0_10_/t=iphone/l=1/tc,1,0,4
m.baidu.com/from=1001703y/bd_page_type=1/ssid=0/uid=0/pu=usm%400%2Csz%401320_1001%2Cta%40iphone_2_8.1_18_4.7/baiduid=54C94049A5D7C7FCC02D19335C2FF083/w=0_10_/t=iphone/l=1/tc,1,100,0
m.baidu.com/from=1012852q/bd_page_type=1/ssid=0/uid=0/pu=sz%401320_1004%2Cta%40iphone_2_10.0_11_12.7%2Cusm%400/baiduid=94D3D86699FF92EE5564F4B70C70953C/w=0_10_/t=iphone/l=1/tc,1,100,0
m.baidu.com/from=1012852q/bd_page_type=1/ssid=0/uid=0/pu=sz%401320_1004%2Cta%40iphone_2_10.0_11_19.5%2Cusm%400/baiduid=6B657CD579077A19EE8285F4BB8140F3/w=0_10_/t=iphone/l=1/tc,1,100,0
m.baidu.com/from=1012852q/bd_page_type=1/ssid=0/uid=0/pu=sz%401320_1004%2Cta%40iphone_2_11.0_11_19.5%2Cusm%400/baiduid=33525354D7BCA751EC4F1592A7E1DA6A/w=0_10_/t=iphone/l=1/tc,1,100,0
m.baidu.com/from=1012852q/bd_page_type=1/ssid=0/uid=0/pu=sz%401320_1004%2Cta%40iphone_2_12.0_11_19.1%2Cusm%400/baiduid=19EE9BCAD224A933596409E6F7E9A847/w=0_10_/t=iphone/l=1/tc,1,100,0
m.baidu.com/from=1012852q/bd_page_type=1/ssid=0/uid=0/pu=sz%401320_1004%2Cta%40iphone_2_13.0_11_17.6%2Cusm%400/baiduid=8500D4EAF31E9B21569C8B2AEAF38D0F/w=0_10_/t=iphone/l=1/tc,1,100,0
m.baidu.com/from=1012852q/bd_page_type=1/ssid=0/uid=0/pu=sz%401320_1004%2Cta%40iphone_2_13.0_11_19.0%2Cusm%400/baiduid=C47A265D8738D128842B49FBC10D0858/w=0_10_/t=iphone/l=1/tc,1,100,0
m.baidu.com/from=1012852q/bd_page_type=1/ssid=0/uid=0/pu=sz%401320_1004%2Cta%40iphone_2_13.0_11_19.0%2Cusm%405/baiduid=2C2E1730E15C92E686B9096D0E5BD4A4/w=0_10_/t=iphone/l=1/tc,1,100,0
m.baidu.com/from=1012852q/bd_page_type=1/ssid=0/uid=0/pu=sz%401320_1004%2Cta%40iphone_2_13.0_11_19.4%2Cusm%400/baiduid=753A278D812FB292A582DC60CAD2B9DB/w=0_10_/t=iphone/l=1/tc,1,100,0
m.baidu.com/from=1012852q/bd_page_type=1/ssid=0/uid=0/pu=sz%401320_1004%2Cta%40iphone_2_13.0_11_19.4%2Cusm%400/baiduid=F22534C314E55D546D1BFC31DC61294F/w=0_10_/t=iphone/l=1/tc,1,100,0
m.baidu.com/from=1012852q/bd_page_type=1/ssid=0/uid=0/pu=sz%401320_1004%2Cta%40iphone_2_14.0_11_18.2%2Cusm%400/baiduid=14454D4F044B12F2D5311949AC384EE8/w=0_10_/t=iphone/l=1/tc,1,100,0
m.baidu.com/from=1012852q/bd_page_type=1/ssid=0/uid=0/pu=sz%401320_1004%2Cta%40iphone_2_14.0_11_19.4%2Cusm%400/baiduid=44047BF70691914CB770D52EE1EBA5E0/w=0_10_/t=iphone/l=1/tc,1,100,0
m.baidu.com/from=1012852q/bd_page_type=1/ssid=0/uid=0/pu=sz%401320_1004%2Cta%40iphone_2_15.0_11_19.2%2Cusm%400/baiduid=1718DFD4389876D96281AC22D5DE07BE/w=0_10_/t=iphone/l=1/tc,1,100,0
m.baidu.com/from=1012852q/bd_page_type=1/ssid=0/uid=0/pu=sz%401320_1004%2Cta%40iphone_2_15.0_11_19.4%2Cusm%400/baiduid=2752C134F2F6290A92486859B107285B/w=0_10_/t=iphone/l=1/tc,1,100,0
m.baidu.com/from=1012852q/bd_page_type=1/ssid=0/uid=0/pu=sz%401320_1004%2Cta%40iphone_2_15.0_11_19.4%2Cusm%400/baiduid=40A36E20903C7124C07B099EA6D92F75/w=0_10_/t=iphone/l=1/tc,1,100,0
m.baidu.com/from=1012852q/bd_page_type=1/ssid=0/uid=0/pu=sz%401320_1004%2Cta%40iphone_2_15.0_11_19.4%2Cusm%400/baiduid=6820D76E9CFC7595FBEC394317DCB6B4/w=0_10_/t=iphone/l=1/tc,1,100,0
m.baidu.com/from=1012852q/bd_page_type=1/ssid=0/uid=0/pu=sz%401320_1004%2Cta%40iphone_2_9.0_11_11.0%2Cusm%400/baiduid=AB9406843BDED2FEE2CC0EE1D4A01907/w=0_10_/t=iphone/l=1/tc,1,100,0
m.baidu.com/from=1012852q/bd_page_type=1/ssid=0/uid=0/pu=sz%401320_220%2Cta%40iphone___11_18.4%2Cusm%400/baiduid=F4676D50A94AAFE66007C543C997E30D/w=0_10_/t=iphone/l=1/tc,1,100,0
m.baidu.com/from=1012852q/bd_page_type=1/ssid=0/uid=0/pu=usm%400%2Csz%401320_1004%2Cta%40iphone_2_10.0_11_16.7/baiduid=DE686C9963ED31D80BD2505A8E43E4D1/w=0_10_/t=iphone/l=1/tc,1,100,0
m.baidu.com/from=1012852q/bd_page_type=1/ssid=0/uid=0/pu=usm%400%2Csz%401320_1004%2Cta%40iphone_2_10.0_11_19.5/baiduid=A6BB28E7F08EA80E34C4AC04CDC1BBC8/w=0_10_/t=iphone/l=1/tc,1,100,0
m.baidu.com/from=1012852q/bd_page_type=1/ssid=0/uid=0/pu=usm%400%2Csz%401320_1004%2Cta%40iphone_2_11.0_11_19.4/baiduid=24932EA60C946C500A091FC3FCBAC5E7/w=0_10_/t=iphone/l=1/tc,1,100,0
m.baidu.com/from=1012852q/bd_page_type=1/ssid=0/uid=0/pu=usm%400%2Csz%401320_1004%2Cta%40iphone_2_12.0_11_19.4/baiduid=7CC89098E814D1B02E368F2E14680721/w=0_10_/t=iphone/l=1/tc,1,0,360
m.baidu.com/from=1012852q/bd_page_type=1/ssid=0/uid=0/pu=usm%400%2Csz%401320_1004%2Cta%40iphone_2_13.0_11_19.5/baiduid=45AD92425F6A2B9D6397B24EAF22427D/w=0_10_/t=iphone/l=1/tc,1,100,0
m.baidu.com/from=1012852q/bd_page_type=1/ssid=0/uid=0/pu=usm%400%2Csz%401320_1004%2Cta%40iphone_2_13.0_11_19.5/baiduid=CCD2D32EFBDECBD93AD34A24BF646D2C/w=0_10_/t=iphone/l=1/tc,1,100,0
m.baidu.com/from=1012852q/bd_page_type=1/ssid=0/uid=0/pu=usm%400%2Csz%401320_1004%2Cta%40iphone_2_14.0_11_19.4/baiduid=E8F1C76F0B6B83FA5D1C5884062F5E14/w=0_10_/t=iphone/l=1/tc,1,100,0
m.baidu.com/from=1012852q/bd_page_type=1/ssid=0/uid=0/pu=usm%400%2Csz%401320_1004%2Cta%40iphone_2_14.0_11_19.5/baiduid=9B0EE8F7457132A7237C99BDC0A387F5/w=0_10_/t=iphone/l=1/tc,1,100,0
m.baidu.com/from=1012852q/bd_page_type=1/ssid=0/uid=0/pu=usm%400%2Csz%401320_1004%2Cta%40iphone_2_15.0_11_19.2/baiduid=F508F5EE097EA6469D3813B3D712CE9F/w=0_10_/t=iphone/l=1/tc,1,100,0
m.baidu.com/from=1012852q/bd_page_type=1/ssid=0/uid=0/pu=usm%400%2Csz%401320_1004%2Cta%40iphone_2_15.0_11_19.4/baiduid=45926B9AB84D8FEECC972D8B7D8FD8B3/w=0_10_/t=iphone/l=1/tc,1,100,0
m.baidu.com/from=1012852q/bd_page_type=1/ssid=0/uid=0/pu=usm%400%2Csz%401320_1004%2Cta%40iphone_2_15.0_11_19.4/baiduid=D1962E53BBEBC130D01ABFB50166B6AF/w=0_10_/t=iphone/l=1/tc,1,100,0
m.baidu.com/from=1012852q/bd_page_type=1/ssid=0/uid=0/pu=usm%400%2Csz%401320_1004%2Cta%40iphone_2_15.0_11_19.5/baiduid=1F5F5CD098894BB96A42521FB90AEC41/w=0_10_/t=iphone/l=1/tc,1,100,0
m.baidu.com/from=1012852q/bd_page_type=1/ssid=0/uid=0/pu=usm%400%2Csz%401320_1004%2Cta%40iphone_2_15.0_11_19.5/baiduid=33CA23A4A8E92BC4018BEF8FED33B463/w=40_10_/t=iphone/l=1/tc,1,100,0
m.baidu.com/from=1012852q/bd_page_type=1/ssid=0/uid=0/pu=usm%401%2Csz%401320_1004%2Cta%40iphone_2_15.0_11_19.4/baiduid=F10E639F79B0A842017EE0EC1E701269/w=0_10_/t=iphone/l=1/tc,1,100,0
m.baidu.com/from=1012852q/bd_page_type=1/ssid=0/uid=0/pu=usm%402%2Csz%401320_1004%2Cta%40iphone_2_14.0_11_19.4/baiduid=CA1233D48AA773632BDCA22DC35106BE/w=0_10_/t=iphone/l=1/tc,1,100,0
m.baidu.com/from=1012852y/bd_page_type=1/ssid=0/uid=0/pu=sz%401320_1004%2Cta%40iphone_2_8.1_11_10.4%2Cusm%400/baiduid=C7D3E51C565C60BA28F1CC65185EC7E5/w=0_10_/t=iphone/l=1/tc,1,100,0
m.baidu.com/from=1013672b/bd_page_type=1/ssid=0/uid=0/pu=sz%401320_1004%2Cta%40iphone_2_13.0_11_19.5%2Cusm%400/baiduid=76D9B22BFF2672FCC37E45D1F32802EA/w=0_10_/t=iphone/l=1/tc,1,100,0
m.baidu.com/from=1013672b/bd_page_type=1/ssid=0/uid=0/pu=sz%401320_1004%2Cta%40iphone_2_15.0_11_19.5%2Cusm%400/baiduid=D676FDEB84588076D1F7254C9A30F54A/w=0_10_/t=iphone/l=1/tc,1,0,8
m.baidu.com/from=1013672g/bd_page_type=1/ssid=0/uid=0/pu=usm%400%2Csz%401320_1004%2Cta%40iphone_2_13.0_11_17.6/baiduid=7FF02CF6AF34545E28DDDCC5E5F0356D/w=0_10_/t=iphone/l=1/tc,1,100,0
m.baidu.com/from=1013672g/bd_page_type=1/ssid=0/uid=0/pu=usm%400%2Csz%401320_1004%2Cta%40iphone_2_14.0_11_19.4/baiduid=9E468BA21A2D3D805D4B198BC7375588/w=0_10_/t=iphone/l=1/tc,1,100,0
m.baidu.com/from=1013672g/bd_page_type=1/ssid=0/uid=0/pu=usm%400%2Csz%401320_1004%2Cta%40iphone_2_14.0_11_19.5/baiduid=7EEEB0075B9655483C9B43DF328B1C79/w=0_10_/t=iphone/l=1/tc,1,100,0
m.baidu.com/from=1013672g/bd_page_type=1/ssid=0/uid=0/pu=usm%400%2Csz%401320_1004%2Cta%40iphone_2_15.0_11_19.4/baiduid=EF5B5B490CED0B29349EA06CECF334A2/w=0_10_/t=iphone/l=1/tc,1,100,0
m.baidu.com/from=1013966u/bd_page_type=1/ssid=0/uid=0/pu=sz%401320_1001%2Cta%40iphone_2_10.0_19_24.4%2Cusm%400/baiduid=22A008C9F34A2D81E53CD73F4E0A3CAC/w=0_10_/t=iphone/l=1/tc,1,100,0
m.baidu.com/from=1013966u/bd_page_type=1/ssid=0/uid=0/pu=sz%401320_1001%2Cta%40iphone_2_11.0_19_24.4%2Cusm%400/baiduid=0A0D4AC9B63AA91D05FE3566F32C386A/w=0_10_/t=iphone/l=1/tc,1,100,0
m.baidu.com/from=1013966u/bd_page_type=1/ssid=0/uid=0/pu=sz%401320_1001%2Cta%40iphone_2_12.0_19_24.3%2Cusm%400/baiduid=55E2F866AFAB23C25CD757CAAD9C4ACD/w=0_10_/t=iphone/l=1/tc,1,100,0
m.baidu.com/from=1013966u/bd_page_type=1/ssid=0/uid=0/pu=sz%401320_1001%2Cta%40iphone_2_13.0_19_16.9%2Cusm%400/baiduid=CDDE4DE3D22A35575EC088BF25D42931/w=0_10_/t=iphone/l=1/tc,1,100,0
m.baidu.com/from=1013966u/bd_page_type=1/ssid=0/uid=0/pu=sz%401320_1001%2Cta%40iphone_2_13.0_19_24.5%2Cusm%400/baiduid=30607E9DDCB9F2194EB94F129F21A818/w=0_10_/t=iphone/l=1/tc,1,100,0
m.baidu.com/from=1013966u/bd_page_type=1/ssid=0/uid=0/pu=sz%401320_1001%2Cta%40iphone_2_13.0_19_24.5%2Cusm%400/baiduid=4A6A2865053F3AAB23622639D02DC869/w=0_10_/t=iphone/l=1/tc,1,100,0
m.baidu.com/from=1013966u/bd_page_type=1/ssid=0/uid=0/pu=sz%401320_1001%2Cta%40iphone_2_13.0_19_24.6%2Cusm%400/baiduid=80E57775C73FB9CEDCFCE222AC3C4734/w=0_10_/t=iphone/l=1/tc,1,100,0
m.baidu.com/from=1013966u/bd_page_type=1/ssid=0/uid=0/pu=sz%401320_1001%2Cta%40iphone_2_14.0_19_24.5%2Cusm%400/baiduid=0C3D827C483B8E9E0B19E7750B4C4C87/w=0_10_/t=iphone/l=1/tc,1,100,0
m.baidu.com/from=1013966u/bd_page_type=1/ssid=0/uid=0/pu=usm%400%2Csz%401320_1001%2Cta%40iphone_2_10.0_19_23.9/baiduid=4D47579E205FF5D2AEA9CD7735D32DE4/w=0_10_/t=iphone/l=1/tc,1,100,0
m.baidu.com/from=1013966u/bd_page_type=1/ssid=0/uid=0/pu=usm%400%2Csz%401320_1001%2Cta%40iphone_2_11.0_19_24.4/baiduid=23F6D3C1C5A3A41A8D503DA870B0F964/w=0_10_/t=iphone/l=1/tc,1,100,0
m.baidu.com/from=1013966u/bd_page_type=1/ssid=0/uid=0/pu=usm%400%2Csz%401320_1001%2Cta%40iphone_2_13.0_19_24.2/baiduid=C30A2FDD3D66F1F5BD6DAE5EDE6E8391/w=0_10_/t=iphone/l=1/tc,1,100,0
m.baidu.com/from=1013966u/bd_page_type=1/ssid=0/uid=0/pu=usm%400%2Csz%401320_1001%2Cta%40iphone_2_13.0_19_24.5/baiduid=1EE4569312F3084EE8447E87BDACBD5A/w=0_10_/t=iphone/l=1/tc,1,100,0
m.baidu.com/from=1013966u/bd_page_type=1/ssid=0/uid=0/pu=usm%400%2Csz%401320_1001%2Cta%40iphone_2_13.0_19_24.5/baiduid=3B2CFA1DE655DDFB3D4E7AE16C6C4B40/w=0_10_/t=iphone/l=1/tc,1,0,409
m.baidu.com/from=1013966u/bd_page_type=1/ssid=0/uid=0/pu=usm%400%2Csz%401320_1001%2Cta%40iphone_2_13.0_19_24.5/baiduid=92D445268C2BBBBD7D17A5EA7CA46F2B/w=0_10_/t=iphone/l=1/tc,1,100,0
m.baidu.com/from=1013966u/bd_page_type=1/ssid=0/uid=0/pu=usm%400%2Csz%401320_1001%2Cta%40iphone_2_13.0_19_24.5/baiduid=A579B538064DD12AF6A49B7388362293/w=0_10_/t=iphone/l=1/tc,1,100,0
m.baidu.com/from=1013966u/bd_page_type=1/ssid=0/uid=0/pu=usm%400%2Csz%401320_1001%2Cta%40iphone_2_14.0_19_24.5/baiduid=0FD2049741E22FCD1BF1EB82336E7D9D/w=0_10_/t=iphone/l=1/tc,1,100,0
m.baidu.com/from=1013966u/bd_page_type=1/ssid=0/uid=0/pu=usm%400%2Csz%401320_1001%2Cta%40iphone_2_14.0_19_24.5/baiduid=45007FAFF7167A2F5A482B3CDE3C32AA/w=0_10_/t=iphone/l=1/tc,1,100,0
m.baidu.com/from=1013966u/bd_page_type=1/ssid=0/uid=0/pu=usm%400%2Csz%401320_1001%2Cta%40iphone_2_9.0_19_24.1/baiduid=1CB3669193D958DF6961012CFC6FDEF7/w=0_10_/t=iphone/l=1/tc,1,100,0
m.baidu.com/from=1015011p/bd_page_type=1/ssid=0/uid=0/pu=sz%401320_1001%2Cta%40iphone_2_15.0_24_130.0%2Cusm%400/baiduid=2EBAD187BD01B0666D5A31EAF020CEDD/w=0_10_/t=iphone/l=1/tc,1,0,4
m.baidu.com/from=1015469s/bd_page_type=1/ssid=0/uid=0/pu=usm%400%2Csz%401320_1001%2Cta%40iphone_2_10.0_24_129.0/baiduid=244EC7AF513CF6DA76214BD4FE89BB6D/w=0_20_/t=iphone/l=1/tc,1,100,0
