name,unique_entrances,total_entrances,visit_duration
/3/,15,15,405
/tr/3/tutorial/index.html,9,9,95
/tr/3/,6,6,228
/3/tutorial/index.html,4,4,175
/3.13/tutorial/index.html,3,3,1587
/3.13/using/windows.html,3,3,25
/tr/3.13/,3,3,11
/tr/3.13/search.html,3,3,5
/tr/3.13/tutorial/interpreter.html,3,3,11
/tr/3/installing/index.html,3,3,0
/tr/3/library/asyncio.html,3,3,33
/3.13/tutorial/,2,3,381
/tr/3.13/library/math.html,2,2,830
/tr/3.13/using/windows.html,2,2,0
/tr/3/tutorial/appetite.html,2,2,1568
/tr/3/tutorial/controlflow.html,2,2,24
/tr/3/tutorial/inputoutput.html,2,2,0
/3.12/,1,1,96
/3.13/tutorial/classes.html,1,1,70
/3.13/tutorial/errors.html,1,1,56
/3.15/library/fnmatch.html,1,1,87
/3/glossary.html,1,1,49
/3/howto/index.html,1,1,2329
/3/index.html,1,1,1935
/3/installing/index.html,1,1,117
/3/library/asyncio.html,1,1,545
/3/library/math.html,1,1,0
/3/library/sys.html,1,1,1160
/3/tutorial/,1,1,1314
/3/tutorial/appetite.html,1,1,255
/3/tutorial/classes.html,1,1,910
/3/tutorial/datastructures.html,1,1,29
/3/using/android.html,1,1,109
/3/whatsnew/3.13.html,1,1,26
/el/3.13/installing/index.html,1,1,59
/ja/3.13/tutorial/classes.html,1,1,377
/pt-br/3.13/,1,1,1031
/tr/3.12/library/exceptions.html,1,1,0
/tr/3.12/tutorial/controlflow.html,1,1,0
/tr/3.13/download.html,1,1,0
/tr/3.13/index.html,1,1,113
/tr/3.13/library/logging.config.html,1,1,22
/tr/3.13/library/sys.html,1,1,0
/tr/3.13/tutorial/appetite.html,1,1,30
/tr/3.13/tutorial/controlflow.html,1,1,0
/tr/3.13/tutorial/datastructures.html,1,1,4
/tr/3.13/tutorial/index.html,1,1,0
/tr/3.13/using/android.html,1,1,53
/tr/3.13/using/cmdline.html,1,1,0
/tr/3.14/library/annotationlib.html,1,1,0
/tr/3.15/,1,1,0
/tr/3.15/tutorial/controlflow.html,1,1,7
/tr/3/contents.html,1,1,119
/tr/3/glossary.html,1,1,0
/tr/3/library/copy.html,1,1,1132
/tr/3/library/html.parser.html,1,1,0
/tr/3/library/index.html,1,1,145
/tr/3/tutorial/interpreter.html,1,1,89
/tr/3/whatsnew/3.13.html,1,1,1154
/tr/3/whatsnew/3.8.html,1,1,0
