name,version,visitors
Windows,10,3674
Mac,10.15,776
GNU/Linux,(not set),336
Android,10,123
Ubuntu,(not set),92
iOS,18.3,64
Android,14,17
Android,12,16
Windows,7,11
Android,13,10
Chrome OS,14541.0,7
iOS,18.1,7
Android,15,6
Android,11,4
Android,9,4
iOS,17.4,3
iOS,17.6,3
iOS,17.7,3
HarmonyOS,3.0,3
HarmonyOS,(not set),2
iOS,14.6,2
iOS,15.0,2
iOS,16.3,2
iOS,18.4,2
Android,4.0,2
Windows,8.1,2
iOS,15.6,1
iOS,15.8,1
iOS,16.1,1
iPadOS,16.2,1
iOS,16.5,1
iOS,16.6,1
iOS,16.7,1
iOS,17.5,1
HarmonyOS,2.2,1
Android,8.0,1
Windows,Server 2003,1
Windows,XP,1
