name,visitors
Singapore,36
Guangzhou,28
Chennai,21
Beijing,18
Hyderabad,15
Moscow,14
Tashkent,14
Shanghai,14
Tokyo,14
Hong Kong,13
Nairobi,11
Warsaw,11
Mumbai,11
Wuhan,11
Nanjing,11
Melbourne,10
Tunis,10
Berlin,10
Los Angeles,10
Riyadh,9
Patna,9
Taipei,9
Qingdao,9
Hangzhou,9
São Paulo,9
Baghdad,8
Helsinki,8
Delhi,8
Bengaluru,8
Ho Chi Minh City,8
Dublin,8
Barranquilla,8
Rostov-na-Donu,7
Vilnius,7
Kyiv,7
Istanbul,7
Johannesburg,7
Dhaka,7
Hanoi,7
Xi’an,7
Toronto,7
Tel Aviv,6
Colombo,6
Pune,6
Kathmandu,6
Shenzhen,6
Chengdu,6
Frankfurt am Main,6
Ankara,5
Isfahan,5
Karachi,5
New Delhi,5
Lucknow,5
Indore,5
Kolkata,5
Wuxi,5
Kunming,5
Chongqing,5
Sydney,5
Algiers,5
Marrakesh,5
Göteborg,5
Amsterdam,5
Stuttgart,5
Nürnberg,5
Paris,5
Prague,5
Rome,5
Rio de Janeiro,5
Campinas,5
Jeddah,4
Medina,4
Amman,4
Addis Ababa,4
Ismailia,4
Saint Petersburg,4
Yerevan,4
Nagpur,4
Ghāziābād,4
Bhubaneshwar,4
Bhopāl,4
Nur-Sultan,4
Bangkok,4
Jakarta,4
Kuala Lumpur,4
Tianjin,4
Linyi,4
Fuzhou,4
Suzhou,4
Brisbane,4
Oxford,4
Stockholm,4
Vienna,4
Brussels,4
N/A,4
Goiânia,4
Bogotá,4
Chicago,4
Newark,4
New York City,4
Chandler,4
Fremont,4
Los Gatos,4
San Jose,4
Noida,4
Mecca,3
Cairo,3
Giza,3
Samara,3
Khmelnytskyy,3
Belgrade,3
Lahore,3
Siliguri,3
Dehra Dūn,3
Anantapur,3
Allahābād,3
Omsk,3
Chelyabinsk,3
N/A,3
Zhengzhou,3
Shijiazhuang,3
Nanning,3
Dongguan,3
Changsha,3
Seoul,3
Goyang-si,3
Changwon,3
Anyang-si,3
Takamatsu,3
Onitsha,3
Utrecht,3
Eschweiler,3
Toulouse,3
Strasbourg,3
Bratislava,3
Brno,3
Kraków,3
Madrid,3
Barcelona,3
Campodoro,3
Maldonado,3
Sorocaba,3
Guarulhos,3
Campo Grande,3
Brasília,3
Belo Horizonte,3
San José,3
Medellín,3
Cali,3
Indianapolis,3
Biloxi,3
Burke,3
Mississauga,3
Montréal,3
N/A,3
Tehran,2
Kigali,2
Beirut,2
Doha,2
Afula,2
Gaziantep,2
Antakya,2
Sohag,2
N/A,2
Yoshkar-Ola,2
Yaroslavl,2
Krasnodar,2
Baku,2
Oral,2
Tbilisi,2
Chisinau,2
Baranovichi,2
Târgu-Mureş,2
Odessa,2
Kharkiv,2
Chernivtsi,2
Alexandroupoli,2
Maltepe,2
Józefów,2
Tzaneen,2
Durban,2
N/A,2
Thiruvananthapuram,2
Sahāranpur,2
Raipur,2
Kanpur,2
Jamshedpur,2
Gurgaon,2
Erode,2
Chandīgarh,2
Shymkent,2
Sóc Trăng,2
Da Nang,2
Bandar Lampung,2
Tangerang,2
Purwokerto,2
N/A,2
Taoyuan,2
Yilan,2
N/A,2
Quezon City,2
Makati City,2
Yantai,2
Weitang,2
Jinjiang,2
Luoyang,2
Jiangmen,2
Hefei,2
Foshan,2
Yiwu,2
Changzhou,2
Wan Chai,2
N/A,2
Macau,2
N/A,2
Incheon,2
Yokohama,2
Toyama,2
Ōtsu,2
Okazaki,2
Nishinomiya-hama,2
Kobe,2
Kawasaki,2
Kakamigahara,2
Fukui-shi,2
Harbin,2
Sapporo,2
Gold Coast,2
Douala,2
Luanda,2
Accra,2
Ouagadougou,2
Lomé,2
Libreville,2
N/A,2
Kongens Lyngby,2
Redhill,2
Reading,2
Nottingham,2
Market Drayton,2
Leicester,2
Fulham,2
Zürich,2
Sankt Gallen,2
La Tour-de-Trême,2
Dietikon,2
Sundbyberg,2
Helsingborg,2
Guimarães,2
Kerkrade,2
Seth,2
Mannheim,2
Konstanz,2
Karlsruhe,2
Hattersheim,2
Hannover,2
Hamburg,2
Grafenau,2
Goslar,2
Duisburg,2
Bochum,2
Saint-Martin-d'Hères,2
Mérignac,2
Castanet-Tolosan,2
Budapest,2
Hradištko,2
Galapagar,2
Alcalá de Henares,2
Osimo,2
Novara,2
Nola,2
Milan,2
Genoa,2
Bari,2
Ljubljana,2
Buenos Aires,2
Montevideo,2
Taboão da Serra,2
São José dos Campos,2
Santo André,2
Porto Alegre,2
Osasco,2
Nova Iguaçu,2
Mauá,2
Jandira,2
Ibirubá,2
Guariba,2
N/A,2
Araras,2
Aracaju,2
Reynosa,2
Heroica Matamoros,2
Córdoba,2
Ciudad Nezahualcoyotl,2
Ipís,2
Quito,2
Soacha,2
Pasto,2
Cartagena,2
Armenia,2
