name,unique_entrances,total_entrances,visit_duration
/3.14/whatsnew/3.14.html,385,391,145
/3.14/using/windows.html,166,167,81
/3.14/tutorial/index.html,122,124,41
/3/,101,101,399
/3.14/,52,53,215
/3.14/index.html,31,32,50
/3.15/,15,15,823
/3/whatsnew/3.13.html,15,15,586
/3.14/search.html,14,14,606
/3.14/whatsnew/changelog.html,14,15,34
/3.14/tutorial/,12,12,172
/zh-cn/3.14/,11,12,374
/3.14/howto/free-threading-extensions.html,9,9,0
/3.14/library/logging.html,9,10,0
/3.14/tutorial/appetite.html,9,9,54
/3.13/,7,7,109
/3.13/using/windows.html,7,7,485
/3.13/whatsnew/3.13.html,7,7,65
/3.14/tutorial/interpreter.html,7,7,34
/3.14/tutorial/introduction.html,7,8,12
/3.14/library/functions.html,6,6,2
/3.14/library/index.html,6,7,2
/3/index.html,6,6,1163
/zh-cn/3.14/tutorial/index.html,6,6,74
/3.12/,5,5,41
/3.14/installing/index.html,5,5,26
/3.14/library/typing.html,5,5,16
/3.14/reference/datamodel.html,5,5,59
/3.15/whatsnew/3.15.html,5,5,944
/3/howto/free-threading-python.html,5,5,496
/zh-cn/3.14/index.html,5,5,189
/zh-cn/3.14/whatsnew/,5,5,3
/zh-cn/3/,5,5,104
/3.13/index.html,4,4,209
/3.14/download.html,4,4,1
/3.14/reference/compound_stmts.html,4,4,35
/3.14/tutorial/controlflow.html,4,4,0
/3/search.html,4,4,1866
/3/tutorial/index.html,4,4,241
/zh-cn/3.13/,4,4,547
/zh-cn/3.14/library/functions.html,4,4,10
/zh-cn/3.14/library/index.html,4,4,1
/zh-cn/3.14/library/stdtypes.html,4,4,0
/zh-cn/3.14/whatsnew/3.14.html,4,4,104
/3.13/tutorial/index.html,3,3,56
/3.14/library/asyncio-eventloop.html,3,3,0
/3.14/library/concurrent.futures.html,3,3,656
/3.14/library/multiprocessing.html,3,3,514
/3.14/library/string.html,3,3,0
/3.14/library/struct.html,3,3,0
/3.14/library/uuid.html,3,3,0
/3.14/reference/grammar.html,3,5,0
/3.14/tutorial/classes.html,3,3,413
/3.14/tutorial/datastructures.html,3,3,0
/3.14/using/configure.html,3,3,12
/3.15/whatsnew/3.14.html,3,3,178
/3/library/functions.html,3,3,225
/3/library/index.html,3,3,477
/3/library/typing.html,3,3,228
/3/whatsnew/index.html,3,3,1156
/ja/3.14/library/ctypes.html,3,3,7
/ja/3.14/tutorial/interpreter.html,3,4,176
/ja/3.14/tutorial/introduction.html,3,3,234
/ja/3/,3,3,62
/zh-cn/3.14/contents.html,3,3,328
/zh-cn/3.14/tutorial/classes.html,3,3,126
/zh-cn/3.14/tutorial/controlflow.html,3,3,801
/zh-cn/3.14/tutorial/introduction.html,3,3,119
/zh-cn/3.14/using/windows.html,3,3,0
/zh-cn/3.14/whatsnew/3.12.html,3,3,0
/3.12/whatsnew/3.12.html,2,2,384
/3.14/c-api/structures.html,2,2,0
/3.14/glossary.html,2,2,0
/3.14/library/heapq.html,2,2,36
/3.14/library/pdb.html,2,2,0
/3.14/library/stdtypes.html,2,2,0
/3.14/library/turtle.html,2,2,0
/3.14/license.html,2,2,2
/3.14/reference/index.html,2,2,10
/3.14/reference/lexical_analysis.html,2,7,1
/3.14/whatsnew/index.html,2,2,25
/3/library/asyncio.html,2,2,488
/3/library/idle.html,2,2,252
/3/library/stdtypes.html,2,2,449
/3/library/tkinter.html,2,2,189
/3/library/uuid.html,2,2,264
/3/py-modindex.html,2,2,450
/3/reference/index.html,2,2,3087
/es/3.13/library/math.html,2,2,163
/es/3.14/tutorial/controlflow.html,2,2,38
/es/3.14/tutorial/index.html,2,2,98
/fr/3.14/library/unittest.html,2,2,0
/it/3.14/whatsnew/3.14.html,2,2,586
/ja/3/library/functions.html,2,2,796
/ko/3.14/library/sys.html,2,2,0
/ko/3.14/tutorial/index.html,2,4,93
/ko/dev/c-api/marshal.html,2,2,701
/pt-br/3.14/tutorial/introduction.html,2,2,0
/pt-br/3.14/whatsnew/3.14.html,2,2,0
/uk/3.14/tutorial/controlflow.html,2,2,3
/zh-cn/3.12/tutorial/index.html,2,2,719
/zh-cn/3.14/download.html,2,2,0
/zh-cn/3.14/library/time.html,2,2,0
/zh-cn/3.14/reference/index.html,2,2,506
/zh-cn/3.14/tutorial/datastructures.html,2,2,0
/zh-cn/3.14/tutorial/interpreter.html,2,2,0
/zh-tw/3/tutorial/index.html,2,2,312
/3.12/library/constants.html,1,1,0
/3.12/whatsnew/changelog.html,1,1,0
/3.13/glossary.html,1,1,167
/3.13/library/,1,1,6
/3.13/library/uuid.html,1,1,32
/3.13/tutorial/,1,1,602
/3.13/tutorial/appetite.html,1,1,63
/3.13/using/index.html,1,1,383
/3.13/whatsnew/changelog.html,1,1,51
/3.13/whatsnew/index.html,1,1,309
/3.14/about.html,1,1,0
/3.14/bugs.html,1,1,0
/3.14/c-api/apiabiversion.html,1,1,11
/3.14/c-api/capsule.html,1,1,0
/3.14/c-api/index.html,1,1,0
/3.14/c-api/memory.html,1,1,0
/3.14/contents.html,1,1,0
/3.14/copyright.html,1,1,0
/3.14/deprecations/index.html,1,1,0
/3.14/distributing/index.html,1,1,0
/3.14/extending/embedding.html,1,1,0
/3.14/extending/index.html,1,1,0
/3.14/faq/index.html,1,1,0
/3.14/faq/windows.html,1,1,0
/3.14/genindex.html,1,1,0
/3.14/howto/free-threading-python.html,1,1,0
/3.14/howto/index.html,1,1,0
/3.14/library/array.html,1,1,0
/3.14/library/ast.html,1,1,192
/3.14/library/asyncio-graph.html,1,1,0
/3.14/library/constants.html,1,1,0
/3.14/library/datatypes.html,1,1,0
/3.14/library/datetime.html,1,1,1411
/3.14/library/difflib.html,1,1,0
/3.14/library/dis.html,1,1,0
/3.14/library/exceptions.html,1,1,0
/3.14/library/http.server.html,1,1,0
/3.14/library/intro.html,1,1,0
/3.14/library/json.html,1,1,0
/3.14/library/mimetypes.html,1,1,0
/3.14/library/pickle.html,1,1,0
/3.14/library/queue.html,1,1,0
/3.14/library/re.html,1,1,0
/3.14/library/shutil.html,1,1,0
/3.14/library/sqlite3.html,1,1,0
/3.14/library/sys.monitoring.html,1,1,1160
/3.14/library/threading.html,1,1,0
/3.14/library/tkinter.html,1,1,0
/3.14/library/types.html,1,1,0
/3.14/library/zoneinfo.html,1,1,1786
/3.14/py-modindex.html,1,1,0
/3.14/reference/executionmodel.html,1,1,117
/3.14/tutorial/errors.html,1,1,0
/3.14/tutorial/inputoutput.html,1,1,0
/3.14/tutorial/modules.html,1,1,0
/3.14/tutorial/stdlib.html,1,1,0
/3.14/tutorial/stdlib2.html,1,1,0
/3.14/using/index.html,1,1,0
/3.14/using/mac.html,1,1,0
/3.14/whatsnew/3.12.html,1,1,9
/3.14/whatsnew/3.13.html,1,1,3
/3.14/whatsnew/3.8.html,1,1,0
/3.15/library/,1,1,7
/3.15/library/heapq.html,1,1,1222
/3.15/library/typing.html,1,1,3138
/3.15/whatsnew/3.10.html,1,1,865
/3/c-api/init.html,1,1,1504
/3/contents.html,1,1,519
/3/distributing/index.html,1,1,95
/3/faq/,1,1,95
/3/faq/programming.html,1,1,1159
/3/howto/pyporting.html,1,1,194
/3/installing/index.html,1,1,8
/3/library/__future__.html,1,1,127
/3/library/argparse.html,1,1,1170
/3/library/ast.html,1,1,182
/3/library/atexit.html,1,1,15
/3/library/collections.html,1,1,0
/3/library/datetime.html,1,1,334
/3/library/exceptions.html,1,1,24
/3/library/functools.html,1,1,1305
/3/library/logging.html,1,1,22
/3/library/markup.html,1,1,399
/3/library/math.html,1,1,799
/3/library/os.html,1,1,189
/3/library/pdb.html,1,1,1413
/3/library/re.html,1,1,64
/3/library/sqlite3.html,1,1,513
/3/library/string.html,1,1,63
/3/library/sys.monitoring.html,1,1,173
/3/library/sys_path_init.html,1,1,634
/3/library/tkinter.ttk.html,1,1,562
/3/library/turtle.html,1,1,3225
/3/library/unittest.mock.html,1,1,1446
/3/library/urllib.html,1,1,1393
/3/library/urllib.request.html,1,1,1402
/3/library/venv.html,1,1,181
/3/reference/compound_stmts.html,1,1,732
/3/tutorial/appendix.html,1,1,61
/3/tutorial/appetite.html,1,1,198
/3/tutorial/controlflow.html,1,1,225
/3/tutorial/errors.html,1,1,131
/3/tutorial/interpreter.html,1,1,1199
/3/tutorial/introduction.html,1,1,864
/3/tutorial/modules.html,1,1,149
/3/using/windows.html,1,1,0
/3/whatsnew/3.12.html,1,1,117
/3/whatsnew/changelog.html,1,1,344
/dev/,1,1,7
/dev/using/windows.html,1,1,243
/es/3.13/index.html,1,1,2154
/es/3.13/library/html.parser.html,1,1,367
/es/3.13/search.html,1,1,338
/es/3.14/library/cgi.html,1,1,0
/es/3.14/library/contextlib.html,1,1,0
/es/3.14/library/csv.html,1,1,0
/es/3.14/library/dialog.html,1,1,0
/es/3.14/tutorial/appetite.html,1,1,109
/es/3/,1,1,24
/fr/3.14/library/math.html,1,1,0
/fr/3.14/library/tkinter.ttk.html,1,1,62
/fr/3.14/using/,1,1,63
/fr/3.14/whatsnew/,1,1,100
/fr/3.14/whatsnew/3.14.html,1,1,0
/fr/3.15/,1,1,309
/fr/3/tutorial/,1,1,216
/it/3.14/tutorial/errors.html,1,1,0
/it/3.15/using/windows.html,1,1,0
/ja/3.13/library/threading.html,1,1,846
/ja/3.13/library/tkinter.html,1,1,43
/ja/3.14/,1,1,14
/ja/3.14/c-api/none.html,1,1,0
/ja/3.14/contents.html,1,1,26
/ja/3.14/installing/index.html,1,1,4
/ja/3.14/library/functions.html,1,1,0
/ja/3.14/library/index.html,1,1,0
/ja/3.14/library/itertools.html,1,1,0
/ja/3.14/library/math.html,1,1,9
/ja/3.14/library/uu.html,1,1,0
/ja/3.14/reference/executionmodel.html,1,1,0
/ja/3.14/tutorial/,1,1,0
/ja/3.14/tutorial/index.html,1,1,0
/ja/3.14/whatsnew/index.html,1,1,0
/ja/3.15/library/tkinter.html,1,1,37
/ko/3.13/library/index.html,1,1,1040
/ko/3.13/library/os.html,1,1,1107
/ko/3.14/library/marshal.html,1,1,1
/ko/3.14/using/windows.html,1,1,55
/ko/3.14/whatsnew/3.5.html,1,1,0
/ko/3/whatsnew/3.4.html,1,1,7610
/ko/dev/library/marshal.html,1,1,31
/pl/3.14/tutorial/introduction.html,1,1,51
/pt-br/3.13/,1,1,156
/pt-br/3.13/c-api/intro.html,1,1,1
/pt-br/3.14/bugs.html,1,1,11
/pt-br/3.14/search.html,1,1,327
/pt-br/3.14/whatsnew/index.html,1,1,5
/pt-br/3/,1,1,18
/pt-br/3/library/stdtypes.html,1,1,34
/pt-br/3/whatsnew/index.html,1,1,9
/pt-br/dev/library/heapq.html,1,1,59
/tr/3.14/howto/sorting.html,1,1,0
/tr/3.14/tutorial/introduction.html,1,1,0
/tr/3.15/library/functools.html,1,1,57
/uk/3.14/reference/compound_stmts.html,1,1,1234
/zh-cn/3.12/index.html,1,1,482
/zh-cn/3.12/library/ensurepip.html,1,1,544
/zh-cn/3.13/library/asyncio.html,1,1,447
/zh-cn/3.13/search.html,1,1,141
/zh-cn/3.13/whatsnew/3.13.html,1,1,161
/zh-cn/3.14/c-api/index.html,1,1,0
/zh-cn/3.14/c-api/structures.html,1,1,907
/zh-cn/3.14/c-api/typeobj.html,1,1,0
/zh-cn/3.14/deprecations/index.html,1,1,1324
/zh-cn/3.14/extending/embedding.html,1,1,0
/zh-cn/3.14/howto/annotations.html,1,1,166
/zh-cn/3.14/installing/index.html,1,1,0
/zh-cn/3.14/library/,1,1,0
/zh-cn/3.14/library/array.html,1,4,0
/zh-cn/3.14/library/concurrent.futures.html,1,1,0
/zh-cn/3.14/library/csv.html,1,1,0
/zh-cn/3.14/library/difflib.html,1,1,0
/zh-cn/3.14/library/dis.html,1,1,0
/zh-cn/3.14/library/imghdr.html,1,1,0
/zh-cn/3.14/library/locale.html,1,1,0
/zh-cn/3.14/library/math.html,1,1,0
/zh-cn/3.14/library/multiprocessing.shared_memory.html,1,1,0
/zh-cn/3.14/library/pty.html,1,1,0
/zh-cn/3.14/library/pydoc.html,1,1,56
/zh-cn/3.14/library/random.html,1,1,1
/zh-cn/3.14/library/resource.html,1,1,0
/zh-cn/3.14/library/tracemalloc.html,1,1,0
/zh-cn/3.14/library/turtle.html,1,1,0
