name,visitors,bounce_rate,visit_duration
chatgpt.com,253,67,166
perplexity,16,86,54
Exinfluencer,7,100,0
enki,5,100,0
hackernoon.com,5,100,0
rss,4,100,0
devopscube.com,3,100,0
zalo,3,100,0
blog.streamlit.io,2,100,0
chaosgenius.io,1,100,0
costapiy.com,1,100,0
devbytes,1,100,0
drip,1,0,0
mostlypython.com,1,0,41
nolongerset.com,1,100,0
noviello.it,1,100,0
onelharrison.com,1,100,0
post_page-----3d988c0fe87d---------------------------------------,1,100,0
post_page-----48f8bc6077f7---------------------------------------,1,100,0
post_page-----629d8adbe787---------------------------------------,1,100,0
seandeaton.com,1,100,0
substack,1,100,0
