name,unique_exits,total_exits,exit_rate
/zh-cn/3/tutorial/index.html,325,333,
/zh-cn/3/,258,274,
/zh-cn/3.13/tutorial/index.html,201,204,
/zh-cn/3/library/turtle.html,143,147,
/zh-cn/3.13/,125,127,
/zh-cn/3/library/index.html,122,125,
/zh-cn/3/library/idle.html,105,106,
/zh-cn/3/library/functions.html,90,93,
/zh-cn/3/tutorial/,83,84,
/zh-cn/3/tutorial/introduction.html,76,82,
/zh-cn/3/tutorial/interpreter.html,69,69,
/zh-cn/3.13/tutorial/controlflow.html,66,73,
/zh-cn/3/tutorial/controlflow.html,64,68,
/zh-cn/3.13/library/index.html,59,61,
/zh-cn/3.13/tutorial/interpreter.html,56,56,
/3/,54,55,
/zh-cn/3.13/tutorial/introduction.html,50,52,
/zh-cn/3.13/library/functions.html,45,45,
/zh-cn/3.13/library/venv.html,45,46,
/zh-cn/3/using/mac.html,45,46,
/zh-cn/3/library/math.html,44,47,
/zh-cn/3/library/venv.html,40,40,
/zh-cn/3/reference/index.html,40,41,
/zh-cn/3.13/search.html,39,41,
/zh-cn/3/library/,39,39,
/zh-cn/3.13/tutorial/datastructures.html,38,39,
/zh-cn/3.13/library/stdtypes.html,37,38,
/zh-cn/3.13/tutorial/appetite.html,36,36,
/zh-cn/3.13/using/android.html,34,34,
/zh-cn/3/library/multiprocessing.html,34,34,
/zh-cn/3/search.html,34,36,
/zh-cn/3.13/download.html,33,34,
/zh-cn/3.13/tutorial/classes.html,33,35,
/zh-cn/3.13/reference/index.html,32,36,
/zh-cn/3.13/using/index.html,32,32,
/zh-cn/3.13/using/windows.html,32,32,
/zh-cn/3/tutorial/datastructures.html,32,32,
/zh-cn/3.12/using/mac.html,31,31,
/zh-cn/3.13/index.html,31,32,
/zh-cn/3/library/tkinter.html,31,32,
/zh-cn/3/tutorial/appetite.html,31,31,
/zh-cn/3/tutorial/inputoutput.html,31,31,
/zh-cn/3/using/index.html,31,30,
/zh-cn/3.13/tutorial/,30,31,
/zh-cn/3/index.html,27,31,
/zh-cn/3.13/glossary.html,26,28,
/zh-cn/3/library/stdtypes.html,26,25,
/zh-cn/3.13/installing/index.html,25,26,
/zh-cn/3/download.html,25,25,
/zh-cn/3/using/windows.html,25,26,
/zh-cn/3/library/tk.html,24,24,
/zh-cn/3/tutorial/modules.html,24,24,
/zh-cn/3.13/tutorial/modules.html,22,22,
/zh-cn/3.12/library/index.html,21,24,
/zh-cn/3.13/library/tkinter.html,20,20,
/zh-cn/3.13/whatsnew/3.13.html,20,22,
/zh-cn/3/howto/regex.html,20,22,
/zh-cn/3/installing/index.html,20,20,
/zh-cn/3/tutorial/venv.html,20,20,
/zh-cn/3/whatsnew/3.13.html,20,20,
/zh-cn/3.13/library/turtle.html,19,19,
/zh-cn/3/contents.html,18,20,
/zh-cn/3/tutorial/classes.html,18,18,
/zh-cn/3.12/,17,17,
/zh-cn/3.13/tutorial/inputoutput.html,17,17,
/zh-cn/3/glossary.html,17,18,
/zh-cn/3/library/re.html,17,17,
/zh-cn/3/using/cmdline.html,17,17,
/zh-cn/3.12/library/stdtypes.html,16,17,
/zh-cn/3.13/library/sqlite3.html,16,17,
/zh-cn/3.13/contents.html,15,15,
/zh-cn/3.13/library/idle.html,15,15,
/zh-cn/3.13/library/typing.html,15,15,
/zh-cn/3.13/using/cmdline.html,15,15,
/zh-cn/3.13/using/mac.html,15,15,
/zh-cn/3/library/random.html,15,15,
/zh-cn/3/py-modindex.html,15,16,
/zh-cn/3/reference/lexical_analysis.html,15,16,
/3.13/,14,14,
/zh-cn/3.13/library/pdb.html,14,14,
/zh-cn/3.13/reference/datamodel.html,14,14,
/zh-cn/3.13/reference/lexical_analysis.html,14,15,
/zh-cn/3.13/tutorial/errors.html,14,14,
/zh-cn/3.13/library/asyncio-task.html,13,14,
/zh-cn/3.13/library/http.server.html,13,13,
/zh-cn/3.13/library/re.html,13,13,
/zh-cn/3.13/library/subprocess.html,13,13,
/zh-cn/3.13/tutorial/venv.html,13,15,
/zh-cn/3.13/using/,13,13,
/zh-cn/3/library/argparse.html,13,14,
/zh-cn/3/library/tkinter.ttk.html,13,13,
/zh-cn/3/library/typing.html,13,13,
/zh-cn/3/using/,13,13,
/3.15/,12,12,
/zh-cn/3.13/library/struct.html,12,12,
/zh-cn/3.13/reference/import.html,12,14,
/3.13/tutorial/index.html,11,10,
/3/tutorial/index.html,11,11,
/zh-cn/3.13/library/math.html,11,11,
/zh-cn/3.13/library/os.path.html,11,11,
