name,visitors,pageviews,bounce_rate,time_on_page,scroll_depth
/it/3/tutorial/index.html,28,37,24,49,53
/it/3.13/tutorial/index.html,17,17,60,49,55
/it/3/tutorial/interpreter.html,14,12,25,51,69
/it/3/tutorial/appetite.html,13,10,75,60,78
/it/3.13/tutorial/interpreter.html,12,12,100,70,86
/it/3.13/,10,9,100,21,60
/it/3.13/tutorial/modules.html,10,8,71,452,54
/it/3.13/tutorial/introduction.html,9,9,67,310,73
/it/3.13/search.html,8,8,100,12,72
/it/3.13/tutorial/datastructures.html,8,10,100,12,48
/it/3/tutorial/introduction.html,8,5,0,117,52
/it/3.13/contents.html,7,6,100,18,21
/it/3/tutorial/inputoutput.html,7,6,67,18,48
/it/3/tutorial/controlflow.html,6,6,50,31,30
/it/3.13/library/functions.html,5,8,100,26,43
/it/3.13/tutorial/appetite.html,5,4,0,20,89
/it/3/tutorial/classes.html,5,5,75,23,34
/it/3/tutorial/modules.html,5,3,50,32,65
/it/3.12/tutorial/,4,5,0,41,55
/it/3.13/using/windows.html,4,5,0,154,52
/it/3/tutorial/stdlib.html,4,2,0,47,84
/it/3.12/library/glob.html,3,3,100,12,66
/it/3.13/howto/regex.html,3,4,0,13,18
/it/3.13/library/stdtypes.html,3,2,0,85,30
/it/3.13/library/venv.html,3,3,100,38,57
/it/3.13/py-modindex.html,3,3,100,7,30
/it/3.13/tutorial/classes.html,3,3,100,2042,60
/it/3.13/tutorial/controlflow.html,3,3,100,46,31
/it/3.13/tutorial/stdlib.html,3,4,50,172,69
/it/3.15/search.html,3,2,100,6,100
/it/3.12/library/stdtypes.html,2,1,0,26,51
/it/3.12/library/string.html,2,1,100,63,28
/it/3.12/tutorial/controlflow.html,2,2,100,6,4
/it/3.12/tutorial/interpreter.html,2,2,0,151,80
/it/3.13/c-api/index.html,2,2,0,7,22
/it/3.13/glossary.html,2,1,0,23,12
/it/3.13/howto/a-conceptual-overview-of-asyncio.html,2,1,0,11,37
/it/3.13/howto/index.html,2,1,0,9,71
/it/3.13/index.html,2,2,100,1,50
/it/3.13/library/argparse.html,2,2,100,19,6
/it/3.13/library/csv.html,2,6,0,140,46
/it/3.13/library/exceptions.html,2,1,0,238,100
/it/3.13/library/intro.html,2,2,0,10,100
/it/3.13/library/math.html,2,2,0,16,5
/it/3.13/library/random.html,2,1,100,7,15
/it/3.13/library/tkinter.html,2,2,100,82,34
/it/3.13/reference/compound_stmts.html,2,3,0,28,2
/it/3.13/reference/index.html,2,2,100,24,36
/it/3.13/tutorial/errors.html,2,1,0,121,65
/it/3.13/using/cmdline.html,2,2,100,177,58
/it/3.14/library/math.html,2,1,100,93,76
/it/3.14/whatsnew/3.14.html,2,2,50,2,1
/it/3.15/library/glob.html,2,1,100,3,26
/it/3/faq/programming.html,2,1,0,14,26
/it/3/index.html,2,2,0,6,84
/it/3/library/functions.html,2,2,0,104,47
/it/3/library/stdtypes.html,2,2,0,260,25
/it/3/reference/datamodel.html,2,2,0,190,21
/it/3/tutorial/datastructures.html,2,2,0,25,58
/it/3.12/contents.html,1,1,0,3,0
/it/3.12/search.html,1,1,0,8,21
/it/3.12/tutorial/appetite.html,1,1,0,7,100
/it/3.12/tutorial/introduction.html,1,1,0,47,100
/it/3.12/whatsnew/3.12.html,1,1,0,13,2
/it/3.13/genindex.html,1,1,0,11,100
/it/3.13/library/asyncio-task.html,1,1,100,13,3
/it/3.13/library/codecs.html,1,1,0,1,2
/it/3.13/library/datetime.html,1,1,100,,
/it/3.13/library/glob.html,1,1,0,8,26
/it/3.13/library/http.server.html,1,1,0,,
/it/3.13/library/idle.html,1,1,0,35,63
/it/3.13/library/os.html,1,1,0,,
/it/3.13/library/readline.html,1,1,0,9,11
/it/3.13/tutorial/,1,1,0,23,88
/it/3.13/tutorial/appendix.html,1,1,0,12,63
/it/3.13/tutorial/inputoutput.html,1,1,0,4,9
/it/3.13/using/index.html,1,1,0,24,64
/it/3.13/using/ios.html,1,1,0,14,54
/it/3.14/tutorial/venv.html,1,1,100,,
/it/3.15/using/windows.html,1,2,0,37,3
/it/3.15/whatsnew/3.15.html,1,2,0,65,81
/it/3/c-api/datetime.html,1,1,100,,
/it/3/distributing/index.html,1,1,100,,
/it/3/extending/embedding.html,1,1,0,74,100
/it/3/glossary.html,1,1,0,21,72
/it/3/reference/lexical_analysis.html,1,2,0,39,100
/it/3/tutorial/errors.html,1,1,0,7,5
