name,visitors,pageviews,bounce_rate,time_on_page,scroll_depth
/3.12/,568,935,58,96,76
/3.12/tutorial/index.html,321,442,66,104,49
/3.12/using/windows.html,210,276,75,228,26
/3.12/whatsnew/3.12.html,197,249,72,296,21
/3.12/search.html,135,268,27,62,52
/3.12/index.html,124,179,54,60,75
/3.12/library/functions.html,124,151,81,301,52
/3.12/library/index.html,111,184,44,48,44
/3.12/library/stdtypes.html,102,127,84,309,48
/3.12/tutorial/,95,140,59,137,55
/3.12/library/,76,98,50,134,38
/3.12/library/2to3.html,76,89,80,428,43
/3.12/library/typing.html,75,101,65,414,44
/3.12/tutorial/interpreter.html,62,87,91,265,80
/3.12/tutorial/appetite.html,56,62,45,72,87
/3.12/tutorial/controlflow.html,53,72,82,437,45
/3.12/library/datetime.html,52,62,95,466,42
/3.12/tutorial/introduction.html,52,74,63,541,64
/3.12/library/os.html,42,58,73,551,47
/zh-cn/3.12/,42,72,32,49,81
/3.12/reference/index.html,40,65,80,87,64
/3.12/library/exceptions.html,39,48,88,227,46
/3.12/library/tkinter.html,39,46,83,304,42
/3.12/glossary.html,36,54,60,72,43
/3.12/library/pathlib.html,35,44,65,455,65
/3.12/download.html,34,49,67,108,88
/3.12/reference/datamodel.html,33,39,69,361,53
/zh-cn/3.12/library/index.html,33,52,38,94,45
/3.12/installing/index.html,32,39,100,35,71
/3.12/library/random.html,30,40,62,212,38
/3.12/tutorial/datastructures.html,30,41,77,301,47
/zh-cn/3.12/tutorial/index.html,30,53,62,44,59
/ja/3.12/library/codecs.html,29,33,77,195,3
/3.12/library/asyncio.html,28,44,56,14,76
/3.12/library/logging.html,28,36,78,422,48
/3.12/contents.html,27,34,43,17,7
/3.12/library/itertools.html,27,31,55,270,25
/3.12/py-modindex.html,27,47,17,68,56
/zh-cn/3.12/using/mac.html,27,32,82,136,73
/3.12/library/os.path.html,25,26,91,355,62
/3.12/library/telnetlib.html,24,29,90,435,63
/3.12/library/threading.html,24,31,67,304,42
/es/3.12/tutorial/index.html,21,23,60,36,60
/3.12/using/index.html,20,37,100,21,75
/3.12/library/multiprocessing.html,19,20,50,628,35
/3.12/library/subprocess.html,19,24,50,780,42
/3.12/library/venv.html,19,19,100,120,35
/zh-cn/3.12/index.html,19,35,18,158,83
/3.12/library/re.html,18,21,75,326,41
/3.12/library/string.html,18,22,33,294,44
/3.12/library/concurrent.futures.html,17,21,100,358,41
/3.12/reference/compound_stmts.html,17,21,60,19,47
/3.12/library/asyncio-task.html,16,23,75,469,50
/3.12/reference/lexical_analysis.html,16,19,100,375,70
/3.12/tutorial/inputoutput.html,16,20,0,53,60
/es/3.12/tutorial/interpreter.html,16,25,67,330,76
/zh-cn/3.12/search.html,16,23,50,28,56
/3.12/library/argparse.html,15,17,78,267,38
/3.12/library/collections.html,15,17,67,48,45
/3.12/library/dataclasses.html,15,17,71,801,36
/3.12/reference/expressions.html,15,15,100,521,60
/uk/3.12/library/turtle.html,15,16,75,337,21
/zh-cn/3.12/library/stdtypes.html,15,16,100,1647,41
/3.12/library/socket.html,14,16,83,242,61
/3.12/tutorial/modules.html,14,18,75,136,49
/3.12/using/cmdline.html,14,18,50,177,47
/zh-cn/3.12/library/functions.html,14,15,86,70,52
/3.12/genindex.html,13,18,50,63,100
/3.12/library/asyncio-eventloop.html,13,19,33,160,42
/3.12/library/csv.html,13,15,40,496,56
/3.12/library/importlib.html,13,15,50,240,42
/3.12/library/math.html,13,17,75,184,67
/ja/3.12/index.html,13,14,36,5,75
/zh-cn/3.12/reference/index.html,13,19,67,14,68
/3.12/library/configparser.html,12,15,75,137,37
/3.12/library/idle.html,12,20,80,84,37
/3.12/library/time.html,12,16,70,569,57
/3.12/reference/simple_stmts.html,11,13,0,348,67
/3.12/tutorial/classes.html,11,16,86,203,52
/3.12/tutorial/stdlib.html,11,17,67,526,52
/ko/3.12/library/codecs.html,11,12,90,,4
/zh-cn/3.12/using/index.html,11,12,83,12,60
/3.12/library/collections.abc.html,10,12,67,12,63
/3.12/library/enum.html,10,12,33,703,55
/3.12/library/functools.html,10,12,100,416,50
/3.12/library/json.html,10,13,57,599,42
/3.12/library/sys.html,10,12,67,21,49
/3.12/library/tempfile.html,10,11,67,145,59
/3.12/library/turtle.html,10,16,83,834,61
/3.12/tutorial/venv.html,10,14,100,89,53
/ja/3.12/search.html,10,22,0,22,60
/zh-cn/3.12/contents.html,10,15,75,70,22
/zh-cn/3.12/tutorial/datastructures.html,10,11,100,348,54
/zh-cn/3.12/tutorial/interpreter.html,10,10,50,22,79
/3.12/library/audioop.html,9,11,75,900,50
/3.12/library/io.html,9,10,100,590,64
/3.12/library/sqlite3.html,9,9,100,,46
/3.12/library/tkinter.ttk.html,9,14,62,2787,63
/3.12/library/unittest.html,9,10,100,4,22
/3.12/using/mac.html,9,10,67,86,70
