name,visitors,bounce_rate,visit_duration
Direct / None,1139,64,1635
Google,940,76,109
Bing,50,67,289
Brave,34,79,116
DuckDuckGo,34,63,180
python.org,32,0,374
openclassrooms.com,25,77,75
Ecosia,21,95,0
Qwant,17,76,65
chatgpt.com,9,57,25
Yahoo!,8,88,12
perso.liris.cnrs.fr,6,57,91
app.pix.fr,5,100,0
translations.python.org,4,25,1162
Baidu,3,100,72
Youtube,3,67,34
apprendslinfo.fr,3,0,44
fsg-pax-p-jhn01.pax.ulaval.ca,3,100,0
pages.isfa.fr,3,0,1122
Perplexity,2,50,30
capytale2.ac-paris.fr,2,50,904
chat.mistral.ai,2,100,0
cvtic.unilim.fr,2,50,14
hub.gesis.mybinder.org,2,67,510
nohtyprm.github.io,2,100,0
udemy.com,2,0,35
wiki.python.org,2,100,242
0670078w.moodle.monbureaunumerique.fr,1,100,0
0920134w.index-education.net,1,100,0
app-learninglab.inria.fr,1,100,0
blogger.com,1,100,0
celene.univ-orleans.fr,1,100,0
chatgptfrancais.org,1,0,19
cs50.harvard.edu,1,0,2990
developpez.net,1,0,694
foad.ensicaen.fr,1,100,0
gerrit.googlesource.com,1,0,106
info-nf.com,1,100,0
iris.univ-tlse2.fr,1,100,0
learning.ecole-it.com,1,100,0
lms.fun-mooc.fr,1,100,0
mathag.free.fr,1,0,93
moodle.iedparis8.net,1,100,0
moodle.u-pariscite.fr,1,100,0
moodle.umontpellier.fr,1,100,0
moodle.univ-lille.fr,1,100,0
moodle.univ-smb.fr,1,0,646
notebook.basthon.fr,1,0,63
nsirenoir.fr,1,100,0
petalsearch.com,1,0,75
pixees.fr,1,100,0
pypi.org,1,0,15
sfeir.dev,1,100,0
