name,version,visitors
Microsoft Edge,143.0,2389
Chrome,143.0,1693
Chrome,142.0,788
Mobile App,(not set),255
Microsoft Edge,142.0,233
Chrome,139.0,224
Chrome,132.0,194
Firefox,146.0,153
Chrome,126.0,139
Chrome,141.0,121
Chrome,138.0,119
Quark,(not set),118
Smart Lenovo Browser,9.0,107
Chrome,135.0,98
Chrome,122.0,80
Safari,26.1,76
Chrome,140.0,65
Chrome,137.0,62
Safari,18.6,56
UC Browser,18.3,55
Chrome,117.0,53
Chrome,109.0,52
Sogou Explorer,2,49
Microsoft Edge,140.0,46
Microsoft Edge,141.0,46
Chrome,131.0,40
Chrome,121.0,37
Firefox,145.0,37
Chrome,69.0,36
Chrome,86.0,36
Chrome,128.0,33
360 Secure Browser,(not set),31
Chrome,120.0,31
Safari,26.2,30
Quark,10.1,29
Chrome,134.0,28
Chrome,111.0,26
Chrome,114.0,26
Chrome,133.0,26
Microsoft Edge,139.0,26
MIUI Browser,20.8,26
Chrome,108.0,24
Microsoft Edge,122.0,24
Microsoft Edge,128.0,24
Chrome,129.0,23
QQ Browser,19.9,22
Firefox,5.0,21
Chrome,124.0,20
Safari,17.6,20
Chrome,112.0,19
Chrome,123.0,19
Microsoft Edge,138.0,19
Chrome,91.0,19
Chrome,83.0,18
Chrome,127.0,17
Chrome,125.0,16
Microsoft Edge,131.0,16
Chrome,130.0,14
Huawei Browser Mobile,16.0,14
Safari,18.5,14
QQ Browser,19.8,14
Chrome,101.0,13
Chrome,119.0,13
Huawei Browser,12.1,13
Microsoft Edge,135.0,13
Safari,18.7,13
Safari,(not set),12
Microsoft Edge,114.0,12
Microsoft Edge,133.0,12
Microsoft Edge,136.0,12
Chrome,136.0,12
Microsoft Edge,92.0,12
(not set),(not set),11
Chrome,107.0,11
Mobile App,114.0,11
Microsoft Edge,127.0,11
Firefox,140.0,11
QQ Browser,6.2,11
Microsoft Edge,100.0,10
Chrome,102.0,10
Microsoft Edge,109.0,10
Microsoft Edge,134.0,10
Mobile App,142.0,10
Chrome,145.0,10
Microsoft Edge,130.0,9
Mobile App,131.0,9
UC Browser,18.2,9
QQ Browser,19.7,9
vivo Browser,27.3,9
Chrome,100.0,8
Chrome,103.0,8
Microsoft Edge,107.0,8
Microsoft Edge,116.0,8
Chrome,116.0,8
Microsoft Edge,129.0,8
Safari,16.6,8
Safari,17.5,8
Safari,26.0,8
Mobile App,100.0,7
Mobile App,134.0,7
Microsoft Edge,137.0,7
Huawei Browser Mobile,5.1,7
Mobile App,97.0,7
Microsoft Edge,106.0,6
Microsoft Edge,108.0,6
Firefox,115.0,6
Microsoft Edge,126.0,6
Microsoft Edge,132.0,6
Firefox,136.0,6
Mobile App,137.0,6
Microsoft Edge,144.0,6
Safari,15.6,6
Safari,18.3,6
Chrome,94.0,6
Chrome,97.0,6
Safari,11.0,5
Chrome,110.0,5
Microsoft Edge,117.0,5
Chrome,118.0,5
Microsoft Edge,118.0,5
Microsoft Edge,121.0,5
Microsoft Edge,124.0,5
Safari,18.1,5
Microsoft Edge,18.18363,5
Chrome,99.0,5
Microsoft Edge,112.0,4
Chrome,113.0,4
Chrome,115.0,4
Opera,116.0,4
Microsoft Edge,119.0,4
Mobile App,120.0,4
Opera,124.0,4
Microsoft Edge,125.0,4
Firefox,144.0,4
Safari,16.1,4
Safari,16.5,4
Safari,17.0,4
QQ Browser,19.5,4
vivo Browser,26.8,4
Quark,7.8,4
Chrome,78.0,4
Microsoft Edge,84.0,4
Chrome,93.0,4
Quark,10.0,3
Chrome,104.0,3
Microsoft Edge,115.0,3
Firefox,117.0,3
Firefox,126.0,3
Mobile App,126.0,3
QQ Browser,13.5,3
Firefox,135.0,3
Mobile App,138.0,3
Safari,14.1,3
Chrome,144.0,3
Firefox,147.0,3
Safari,15.3,3
Microsoft Edge,18.19041,3
Safari,18.4,3
QQ Browser,19.6,3
MIUI Browser,20.1,3
MIUI Browser,20.2,3
MIUI Browser,20.7,3
vivo Browser,27.2,3
Quark,6.9,3
Mobile App,83.0,3
Chrome,85.0,3
Chrome,90.0,3
Chrome,95.0,3
Android Browser,(not set),2
Firefox,102.0,2
Opera,102.0,2
Microsoft Edge,103.0,2
Chrome,105.0,2
Firefox,106.0,2
Chrome,106.0,2
Mobile App,109.0,2
Huawei Browser,11.0,2
Microsoft Edge,110.0,2
Opera,110.0,2
Microsoft Edge,111.0,2
Microsoft Edge,113.0,2
Firefox,116.0,2
Meizu Browser,12.3,2
QQ Browser,12.7,2
Meizu Browser,12.8,2
Microsoft Edge,123.0,2
Firefox,124.0,2
Opera,125.0,2
Safari,13.1,2
QQ Browser,13.3,2
QQ Browser,13.4,2
Norton Private Browser,131.0,2
Firefox,137.0,2
Safari,14.0,2
Huawei Browser Mobile,14.0,2
MIUI Browser,14.10,2
Chrome,143,2
Safari,15.2,2
Safari,15.5,2
Safari,16.0,2
Safari,16.2,2
Safari,16.3,2
Safari,17.1,2
UC Browser,17.3,2
Safari,17.4,2
UC Browser,17.4,2
UC Browser,18.1,2
MIUI Browser,20.6,2
Yandex Browser,25.10,2
QQ Browser,3.4,2
Chrome,57.0,2
Quark,6.3,2
Firefox,62.0,2
Quark,7.15,2
Quark,7.17,2
Chrome,79.0,2
Chrome,80.0,2
Chrome,87.0,2
Chrome,89.0,2
Mobile App,92.0,2
Chrome,96.0,2
Firefox,(not set),1
Chrome,1.3,1
Microsoft Edge,101.0,1
Opera,101.0,1
Microsoft Edge,102.0,1
Chrome,103.1,1
Microsoft Edge,105.0,1
QQ Browser,11.2,1
Opera,115.0,1
Opera,118.0,1
Chrome,118.3,1
QQ Browser,12.2,1
Microsoft Edge,120.0,1
Mobile App,121.0,1
Iron,125.0,1
Firefox,127.0,1
Mobile App,128.0,1
QQ Browser,13.1,1
MIUI Browser,13.6,1
QQ Browser,13.6,1
QQ Browser,13.7,1
Firefox,130.0,1
MIUI Browser,14.1,1
MIUI Browser,14.41,1
Firefox,141.0,1
Microsoft Edge,143,1
Safari,15.1,1
Safari,15.4,1
QQ Browser,15.5,1
Safari,16.4,1
Safari,17.3,1
UC Browser,17.6,1
Safari,17.7,1
UC Browser,17.8,1
Safari,17.8,1
Safari,18.0,1
Safari,18.2,1
vivo Browser,18.7,1
QQ Browser,19.0,1
MIUI Browser,19.8,1
MIUI Browser,19.9,1
MIUI Browser,20.0,1
MIUI Browser,20.4,1
vivo Browser,25.8,1
vivo Browser,26.5,1
vivo Browser,26.9,1
vivo Browser,27.0,1
vivo Browser,27.1,1
Samsung Browser,29.1,1
115 Browser,35.2,1
115 Browser,36.0,1
Quark,4.6,1
Chrome,56.0,1
Vivaldi,7.1,1
Quark,7.13,1
Quark,7.4,1
Quark,7.9,1
Mobile App,74.0,1
Chrome,76.0,1
Opera,95.0,1
Chrome,98.0,1
Microsoft Edge,98.0,1
