name,visitors,bounce_rate,visit_duration
google.com,400,77,99
Direct / None,195,62,276
google.com.tw,25,66,235
python.org,8,0,399
tw.search.yahoo.com,8,43,131
yz.m.sm.cn/s,8,75,4
chatgpt.com,7,67,148
steam.oxxostudio.tw,7,86,18
baidu.com/link,5,80,3
bing.com,4,100,116
yandex.ru,4,0,819
m.baidu.com,2,50,430
wiki.python.org,2,0,1443
boot.dev,1,0,424
cn.bing.com,1,0,1116
cs50.harvard.edu,1,0,294
demura.net/robot/ros2/20803.html,1,0,44
google.at,1,100,0
google.co.jp,1,100,0
google.com.hk,1,100,0
ithelp.ithome.com.tw,1,100,0
m.sogou.com,1,100,0
so.com/link,1,0,922
wehelp.tw,1,0,1111
wm.m.sm.cn/s,1,100,0
ya.ru,1,0,33
