name,visitors,bounce_rate,visit_duration
sty_search:s_none:cid_118128484:gid_5541029357:kw_---autotargeting:pid_54289097479:aid_16844097883:crid_0:rid_54289097479:p_1:pty_premium:mty_:mkw_:dty_desktop:cgcid_0:rn_Казань:rid_43,2,50,5
sty_search:s_none:cid_118128484:gid_5541029357:kw_Как установить питон:pid_55128848451:aid_16844097883:crid_0:rid_55128848451:p_1:pty_premium:mty_syn:mkw_:dty_desktop:cgcid_0:rn_Мурино:rid_118936,2,50,46
sty_search:s_none:cid_118128484:gid_5541029357:kw_скачать python:pid_55129022894:aid_16844097883:crid_0:rid_55129022894:p_1:pty_premium:mty_:mkw_:dty_desktop:cgcid_0:rn_Тутаев:rid_21154,2,50,2
sty_search:s_none:cid_118128484:gid_5541029357:kw_скачать python:pid_55129022894:aid_16844097883:crid_0:rid_55129022894:p_1:pty_premium:mty_:mkw_:dty_desktop:cgcid_0:rn_Тюмень:rid_55,2,0,96
sty_search:s_yandex.ru:cid_118128484:gid_5541029357:kw_:pid_54289117297:aid_16844097883:crid_0:rid_54289117297:p_1:pty_dynamic_places:mty_syn:mkw_:dty_desktop:cgcid_0:rn_Москва:rid_213,2,0,33
sty_search:s_yandex.ru:cid_118128484:gid_5541029357:kw_:pid_54289117297:aid_16844097883:crid_0:rid_54289117297:p_1:pty_dynamic_places:mty_syn:mkw_:dty_desktop:cgcid_0:rn_Пятигорск:rid_11067,2,0,60
000026UJ,1,100,0
secure.livechatinc.com,1,0,13
sty_search:s_none:cid_117714809:gid_5535966308:kw_---autotargeting:pid_54187282208:aid_16807763345:crid_0:rid_54187282208:p_1:pty_premium:mty_:mkw_:dty_desktop:cgcid_0:rn_Москва:rid_213,1,0,35
sty_search:s_none:cid_117714809:gid_5535966308:kw_---autotargeting:pid_54187282208:aid_16807763345:crid_0:rid_54187282208:p_1:pty_premium:mty_:mkw_:dty_desktop:cgcid_0:rn_Санкт-Петербург:rid_2,1,100,0
sty_search:s_none:cid_117714809:gid_5535966308:kw_---autotargeting:pid_54187282208:aid_16807763345:crid_0:rid_54187282208:p_1:pty_premium:mty_:mkw_:dty_desktop:cgcid_0:rn_Сосногорск:rid_10943,1,100,0
sty_search:s_none:cid_117714809:gid_5535966308:kw_---autotargeting:pid_54187282208:aid_16807763345:crid_0:rid_54187282208:p_1:pty_premium:mty_:mkw_:dty_desktop:cgcid_0:rn_Тюмень:rid_55,1,0,61
sty_search:s_none:cid_118128484:gid_5541029357:kw_---autotargeting:pid_54289097479:aid_16844097883:crid_0:rid_54289097479:p_1:pty_premium:mty_:mkw_:dty_desktop:cgcid_0:rn_Бийск:rid_975,1,0,14
sty_search:s_none:cid_118128484:gid_5541029357:kw_---autotargeting:pid_54289097479:aid_16844097883:crid_0:rid_54289097479:p_1:pty_premium:mty_:mkw_:dty_desktop:cgcid_0:rn_Москва:rid_213,1,100,0
sty_search:s_none:cid_118128484:gid_5541029357:kw_---autotargeting:pid_54289097479:aid_16844097883:crid_0:rid_54289097479:p_1:pty_premium:mty_:mkw_:dty_desktop:cgcid_0:rn_Новочеркасск:rid_238,1,100,0
sty_search:s_none:cid_118128484:gid_5541029357:kw_---autotargeting:pid_54289097479:aid_16844097883:crid_0:rid_54289097479:p_1:pty_premium:mty_:mkw_:dty_desktop:cgcid_0:rn_Пенза:rid_49,1,0,25
sty_search:s_none:cid_118128484:gid_5541029357:kw_---autotargeting:pid_54289097479:aid_16844097883:crid_0:rid_54289097479:p_1:pty_premium:mty_:mkw_:dty_desktop:cgcid_0:rn_Ростов-на-Дону:rid_39,1,0,66
sty_search:s_none:cid_118128484:gid_5541029357:kw_---autotargeting:pid_54289097479:aid_16844097883:crid_0:rid_54289097479:p_1:pty_premium:mty_:mkw_:dty_desktop:cgcid_0:rn_Самара:rid_51,1,100,0
sty_search:s_none:cid_118128484:gid_5541029357:kw_---autotargeting:pid_54289097479:aid_16844097883:crid_0:rid_54289097479:p_1:pty_premium:mty_:mkw_:dty_desktop:cgcid_0:rn_Санкт-Петербург:rid_2,1,100,0
sty_search:s_none:cid_118128484:gid_5541029357:kw_---autotargeting:pid_54289097479:aid_16844097883:crid_0:rid_54289097479:p_1:pty_premium:mty_:mkw_:dty_desktop:cgcid_0:rn_Сочи:rid_239,1,0,75
sty_search:s_none:cid_118128484:gid_5541029357:kw_---autotargeting:pid_54289097479:aid_16844097883:crid_0:rid_54289097479:p_2:pty_premium:mty_:mkw_:dty_desktop:cgcid_0:rn_Екатеринбург:rid_54,1,100,0
sty_search:s_none:cid_118128484:gid_5541029357:kw_скачать python:pid_55129022894:aid_16844097883:crid_0:rid_55129022894:p_1:pty_premium:mty_:mkw_:dty_desktop:cgcid_0:rn_Пермь:rid_50,1,100,0
sty_search:s_none:cid_118128484:gid_5541029357:kw_скачать python:pid_55129022894:aid_16844097883:crid_0:rid_55129022894:p_1:pty_premium:mty_:mkw_:dty_desktop:cgcid_0:rn_Ростов-на-Дону:rid_39,1,0,34
sty_search:s_none:cid_118128484:gid_5541029357:kw_скачать python:pid_55129022894:aid_16844097883:crid_0:rid_55129022894:p_1:pty_premium:mty_:mkw_:dty_desktop:cgcid_0:rn_Сортавала:rid_10937,1,100,0
sty_search:s_none:cid_118128484:gid_5541029357:kw_скачать python:pid_55129022894:aid_16844097883:crid_0:rid_55129022894:p_1:pty_premium:mty_:mkw_:dty_desktop:cgcid_0:rn_Сыктывкар:rid_19,1,0,18
sty_search:s_none:cid_118128484:gid_5541029357:kw_скачать python:pid_55129022894:aid_16844097883:crid_0:rid_55129022894:p_2:pty_premium:mty_:mkw_:dty_desktop:cgcid_0:rn_Ярославль:rid_16,1,0,12
sty_search:s_yandex.ru:cid_117714809:gid_5535966308:kw_---autotargeting:pid_54187282208:aid_16807763345:crid_0:rid_54187282208:p_1:pty_dynamic_places:mty_:mkw_:dty_desktop:cgcid_0:rn_Йошкар-Ола:rid_41,1,100,0
sty_search:s_yandex.ru:cid_117714809:gid_5535966308:kw_---autotargeting:pid_54187282208:aid_16807763345:crid_0:rid_54187282208:p_1:pty_other:mty_:mkw_:dty_desktop:cgcid_0:rn_Санкт-Петербург:rid_2,1,100,0
sty_search:s_yandex.ru:cid_117714809:gid_5535966308:kw_:pid_54187396397:aid_16807763345:crid_0:rid_54187396397:p_1:pty_dynamic_places:mty_syn:mkw_:dty_desktop:cgcid_0:rn_Волоколамск:rid_10721,1,100,0
sty_search:s_yandex.ru:cid_117714809:gid_5535966308:kw_:pid_54187396397:aid_16807763345:crid_0:rid_54187396397:p_1:pty_dynamic_places:mty_syn:mkw_:dty_desktop:cgcid_0:rn_Новый Уренгой:rid_11230,1,0,198
sty_search:s_yandex.ru:cid_117714809:gid_5535966308:kw_:pid_54187396405:aid_16807763345:crid_0:rid_54187396405:p_2:pty_dynamic_places:mty_syn:mkw_:dty_desktop:cgcid_0:rn_Йошкар-Ола:rid_41,1,0,24
sty_search:s_yandex.ru:cid_117714809:gid_5535966308:kw_Установка интерпретатора Python:pid_54187396405:aid_16807763345:crid_0:rid_54187396405:p_1:pty_other:mty_syn:mkw_:dty_desktop:cgcid_0:rn_Москва:rid_213,1,0,138
sty_search:s_yandex.ru:cid_118128484:gid_5541029357:kw_---autotargeting:pid_54289097479:aid_16844097883:crid_0:rid_54289097479:p_2:pty_dynamic_places:mty_:mkw_:dty_desktop:cgcid_0:rn_Сургут:rid_973,1,100,0
sty_search:s_yandex.ru:cid_118128484:gid_5541029357:kw_:pid_55128848450:aid_16844097883:crid_0:rid_55128848450:p_1:pty_dynamic_places:mty_syn:mkw_:dty_desktop:cgcid_0:rn_Екатеринбург:rid_54,1,0,4
sty_search:s_yandex.ru:cid_118128484:gid_5541029357:kw_:pid_55128848451:aid_16844097883:crid_0:rid_55128848451:p_1:pty_dynamic_places:mty_syn:mkw_:dty_desktop:cgcid_0:rn_Старая Купавна:rid_21656,1,0,12
