name,unique_exits,total_exits,exit_rate
/ja/3/library/codecs.html,285,288,
/ja/3/tutorial/,98,104,
/ja/3/library/functions.html,62,63,
/ja/3/,52,68,
/ja/3/library/index.html,52,55,
/ja/3/py-modindex.html,44,44,
/ja/3/library/stdtypes.html,38,39,
/ja/3.14/py-modindex.html,35,35,
/ja/3.13/py-modindex.html,34,34,
/ja/3/library/idle.html,31,31,
/ja/3/reference/introduction.html,28,28,
/ja/3/tutorial/controlflow.html,27,28,
/ja/3/tutorial/introduction.html,26,28,
/ja/3/library/typing.html,25,25,
/ja/3/library/venv.html,25,25,
/ja/3.15/using/windows.html,23,23,
/ja/3/tutorial/interpreter.html,23,25,
/ja/3/tutorial/index.html,22,22,
/ja/3.13/library/pickle.html,21,21,
/ja/3/library/tkinter.html,21,22,
/ja/3/tutorial/datastructures.html,21,21,
/ja/3/library/math.html,20,20,
/ja/3/library/marshal.html,19,19,
/ja/3/library/pathlib.html,19,19,
/ja/3/tutorial/appetite.html,19,19,
/ja/3.13/library/copy.html,18,18,
/ja/3.13/library/copyreg.html,18,18,
/ja/3.13/library/heapq.html,18,18,
/ja/3/library/grp.html,18,18,
/ja/3.13/library/functions.html,17,18,
/ja/3/library/random.html,17,17,
/ja/3/library/subprocess.html,17,17,
/ja/3.13/library/csv.html,16,16,
/ja/3.13/library/datetime.html,16,16,
/ja/3.13/library/typing.html,16,16,
/ja/3/howto/sorting.html,16,18,
/ja/3/library/exceptions.html,16,17,
/ja/3/library/winreg.html,16,16,
/ja/3.14/library/time.html,15,15,
/ja/3/library/re.html,15,16,
/ja/3.13/library/dataclasses.html,14,15,
/ja/3.13/tutorial/index.html,14,20,
/ja/3/search.html,14,16,
/ja/3.13/library/sqlite3.html,13,13,
/ja/3.13/library/stdtypes.html,13,14,
/ja/3.14/library/pathlib.html,13,13,
/ja/3/library/csv.html,13,13,
/dev/using/windows.html,12,11,
/ja/3.13/library/cmath.html,12,12,
/ja/3.13/library/enum.html,12,12,
/ja/3.13/library/logging.html,12,12,
/ja/3.13/library/unicodedata.html,12,12,
/ja/3/library/datetime.html,12,12,
/ja/3/library/heapq.html,12,12,
/ja/3/library/linecache.html,12,12,
/ja/3/library/os.html,12,12,
/ja/3.13/library/multiprocessing.html,11,12,
/ja/3.13/library/re.html,11,11,
/ja/3.13/library/tokenize.html,11,11,
/ja/3.13/reference/lexical_analysis.html,11,11,
/ja/3.14/,11,12,
/ja/3.14/library/datetime.html,11,11,
/ja/3.14/tutorial/index.html,11,11,
/ja/3/library/,11,12,
/ja/3/library/argparse.html,11,11,
/ja/3/library/functools.html,11,11,
/ja/3/reference/compound_stmts.html,11,11,
/ja/3/tutorial/classes.html,11,12,
/ja/3/tutorial/venv.html,11,11,
/ja/3.13/library/pty.html,10,10,
/ja/3.13/tutorial/classes.html,10,10,
/ja/3/reference/index.html,10,10,
/ja/3.12/library/functions.html,9,9,
/ja/3.13/library/collections.abc.html,9,9,
/ja/3.13/library/random.html,9,10,
/ja/3.13/library/spwd.html,9,9,
/ja/3.13/library/urllib.error.html,9,9,
/ja/3.14/library/ast.html,9,9,
/ja/3/glossary.html,9,9,
/ja/3/library/collections.html,9,9,
/ja/3/tutorial/errors.html,9,9,
/ja/3/tutorial/stdlib.html,9,11,
/ja/3.13/library/crypt.html,8,8,
/ja/3.13/library/ctypes.html,8,8,
/ja/3.13/library/os.html,8,8,
/ja/3.13/library/struct.html,8,8,
/ja/3.13/library/zipapp.html,8,8,
/ja/3.13/reference/executionmodel.html,8,8,
/ja/3.14/library/concurrent.interpreters.html,8,8,
/ja/3/library/json.html,8,8,
/ja/3/using/cmdline.html,8,8,
/ja/3.12/contents.html,7,7,
/ja/3.13/library/contextlib.html,7,8,
/ja/3.13/library/dis.html,7,7,
/ja/3.13/library/pathlib.html,7,8,
/ja/3.13/library/queue.html,7,7,
/ja/3.13/library/string.html,7,6,
/ja/3.13/library/xmlrpc.html,7,7,
/ja/3.13/reference/datamodel.html,7,10,
/ja/3.14/library/curses.html,7,7,
