name,version,visitors
Windows,10,1240
Mac,10.15,634
Android,10,212
GNU/Linux,(not set),184
iOS,18.6,123
Windows,7,48
Ubuntu,(not set),23
iOS,18.5,22
Android,15,20
Chrome OS,14541.0,14
Android,16,9
(not set),(not set),7
Android,13,7
Android,14,5
iOS,18.3,4
Android,11,2
iOS,15.8,2
iOS,16.1,2
iOS,17.6,2
iOS,17.7,2
Mac,10.13,1
Mac,10.14,1
Android,12,1
iOS,15.5,1
iOS,16.3,1
iOS,16.4,1
iOS,16.7,1
iOS,17.5,1
iOS,18.1,1
iOS,18.2,1
iOS,18.4,1
iOS,26.0,1
Android,9,1
Windows,Server 2003,1
Windows,XP,1
