name,visitors
England,8652
California,5334
Île-de-France,3265
New York,2543
Tokyo,2357
Moscow,2305
Hesse,2145
Virginia,2124
Ontario,2112
Bavaria,2101
Texas,2025
Maharashtra,1946
North Rhine-Westphalia,1793
Karnataka,1690
Tamil Nadu,1625
Mazovia,1513
São Paulo,1497
Washington,1488
North Holland,1473
Illinois,1463
Massachusetts,1259
Baden-Württemberg,1227
Telangāna,1147
Madrid Autonomous Community,1108
Quebec,1059
Zürich,1053
Florida,906
New South Wales,905
Delhi,896
Berlin,867
Lombardy,857
Stockholm,834
Uusimaa,823
Georgia,814
Pennsylvania,808
Oregon,793
New Jersey,785
Guangdong,783
South Holland,773
Colorado,761
Ho Chi Minh City,754
Maryland,748
Tel Aviv,734
British Columbia,722
Catalonia,707
Seoul,702
Auvergne-Rhône-Alpes,701
Vienna,690
Saint Petersburg,675
Prague,651
North Carolina,630
Victoria,611
Beijing,606
Ohio,602
Ciudad de Mexico,589
Taipei,571
Flanders,558
Leinster,544
Michigan,544
Hanoi,532
Istanbul,515
Lesser Poland,505
Capital Region,488
Uttar Pradesh,486
Kyiv,473
Osaka,471
Alberta,468
Provence-Alpes-Côte-d'Azur,463
Lower Saxony,459
Rio de Janeiro,457
Saxony,453
Brussels,448
Arizona,445
Lisbon,439
Budapest,435
Scotland,421
Shanghai,415
West Bengal,408
Buenos Aires Province,405
Santiago Metropolitan,404
Hamburg,404
Gyeonggi,400
Gujarat,392
Minas Gerais,379
Utah,371
Minnesota,368
Occitanie,367
Metro Manila,357
Lazio,352
Lower Silesia,349
Cairo,346
Kerala,346
Punjab,342
Gauteng,331
Capital District,328
Lagos,323
Tennessee,321
Bucharest,318
Wisconsin,316
Rhineland-Palatinate,314
Kanagawa,314
Oslo,309
Utrecht,308
Jakarta,304
Västra Götaland,304
Valencian Community,301
Nairobi County,299
Andalusia,298
Grand-Est,298
New Taipei,297
Indiana,294
Missouri,294
Queensland,292
Nouvelle-Aquitaine,290
Bangkok,287
Attica,286
Madhya Pradesh,286
Hauts-de-France,283
Greater Poland,269
Brittany,268
Antioquia,262
Lima,260
Sofia,257
Zhejiang,251
Tashkent,248
North Brabant,247
Moscow Province,247
Pays-de-la-Loire,245
Province 3,241
Vaud,239
Jiangsu,238
Paraná,232
Emilia-Romagna,231
Central,229
Andhra Pradesh,227
Haryana,221
Veneto,218
Minsk,214
Ankara,212
Beograd,211
Wales,209
Calabarzon,209
Federal District,206
Auckland,206
Dubai,205
Pomerania,205
Sindh,202
Porto,202
Shandong,201
Iowa,201
South Moravia,200
Almaty City,198
Connecticut,198
Piedmont,196
South Carolina,196
Silesia,195
Wallonia,194
Rajasthan,193
Riga,193
Rio Grande do Sul,191
Tatarstan,189
Riyadh,186
Alabama,186
Zagreb,183
Sichuan,182
Kuala Lumpur,181
Washington DC,181
Skåne,178
Primorsky Krai,177
Taichung,177
Sverdlovsk,176
Hormozgan,174
Mexico State,174
Gelderland,174
Krasnodar Krai,174
Kyivshchyna,174
Ceará,173
Bratislava,173
Santa Catarina,171
Western,169
Novosibirsk,168
Lvivshchyna,167
Jalisco,164
Western Cape,161
Central Denmark,158
Meknès-Tafilalet,157
Tbilisi,155
West Java,155
Vilnius County,155
Normandie,153
Nizhny Novgorod,153
Western Australia,152
Pernambuco,152
Nevada,152
Shaanxi,150
Bahia,148
Saitama,148
Aichi,147
Galicia,145
Chiba,144
Schleswig-Holstein,143
Kansas,143
Hubei,141
Aargau,140
Islamabad,140
Addis Ababa,139
Bihar,138
Cluj,137
Makkah,137
Henan,135
Greater Accra,135
Centre-Val de Loire,131
Nuevo León,131
Styria,129
South Australia,129
Harjumaa,129
Łódź,129
Samara,129
Bern,127
Dhaka Division,126
Tuscany,126
Rostov,125
Thuringia,124
Bremen,123
Dnipropetrovshchyna,122
Baku,120
Kentucky,118
Oklahoma,118
Selangor,117
Ljubljana,117
Yerevan,114
Hsinchu County,113
Basque Country,112
Louisiana,112
Campania,111
New Mexico,111
Punjab,110
Taoyuan,110
Bishkek,108
New Hampshire,108
Geneva,107
Pichincha,106
Goiás,105
Bashkortostan,105
Izmir,104
Astana,103
Trøndelag,103
San José,101
Tunis,100
Amazonas,99
Southern Denmark,99
Distrito Nacional,99
Idaho,99
East Java,98
Amman,98
Paraíba,97
Uttarākhand,97
Kwai Tsing New Territories,96
Chelyabinsk,96
Federal Capital Territory,95
Arkansas,95
Buenos Aires,94
Central Luzon,94
Fujian,93
Brandenburg,93
Kaohsiung,93
Central Visayas,92
Doha,92
Overijssel,91
Canary Islands,90
Tianjin,89
Jerusalem,88
Hokkaido,87
Hyogo,87
Rhode Island,86
Chongqing,85
Burgundy-Franche-Comté,84
Upper Austria,83
Krasnoyarsk Krai,83
Manitoba,82
Abu Dhabi,81
Kharkivshchyna,81
Jharkhand,80
Odisha,80
Central Macedonia,79
Dakar,79
Nebraska,79
Saarland,78
Luxembourg,78
Perm Krai,78
Lower Austria,76
Maine,76
Da Nang,76
Pirkanmaa,74
Incheon,74
Australian Capital Territory,73
Pest,73
Busan,73
La Paz,72
Hunan,72
