name,version,visitors
Chrome,136.0,4008
Microsoft Edge,136.0,1478
Mobile App,(not set),792
Firefox,138.0,344
Safari,18.4,242
Chrome,135.0,237
Safari,18.5,134
Microsoft Edge,135.0,108
Chrome,137.0,99
Chrome,134.0,89
Huawei Browser Mobile,16.0,60
Microsoft Edge,134.0,53
Mobile App,97.0,52
Safari,18.3,47
Firefox,128.0,41
Safari,17.6,34
vivo Browser,24.5,30
Chrome,133.0,29
Chrome,132.0,28
Chrome,131.0,24
Chrome,112.0,23
vivo Browser,24.6,22
Microsoft Edge,131.0,19
Safari,16.6,18
MIUI Browser,19.5,18
Chrome,130.0,16
vivo Browser,24.4,15
Microsoft Edge,133.0,14
Firefox,137.0,14
Chrome,122.0,13
Chrome,126.0,13
Safari,18.1,13
Safari,17.5,11
UC Browser,17.6,11
vivo Browser,24.3,11
Firefox,94.0,11
Firefox,136.0,10
Safari,18.2,10
Microsoft Edge,126.0,9
Chrome,128.0,9
Microsoft Edge,132.0,9
Chrome,109.0,8
Firefox,115.0,8
Safari,18.0,8
Chrome,121.0,7
Chrome,123.0,7
Microsoft Edge,124.0,7
Chrome,127.0,7
Mobile Silk,134.4,7
Firefox,139.0,7
Safari,17.4,7
Chrome,119.0,6
Firefox,130.0,6
Safari,15.6,6
Safari,(not set),5
Opera,118.0,5
Chrome,124.0,5
Microsoft Edge,130.0,5
Chrome,138.0,5
Safari,16.3,5
Safari,16.4,5
vivo Browser,20.5,5
vivo Browser,24.2,5
Quark,7.11,5
Chrome,79.0,5
Microsoft Edge,113.0,4
Microsoft Edge,125.0,4
Safari,16.5,4
Safari,17.3,4
Sleipnir,4.8,4
Rakuten Web Search,6.114,4
Firefox,113.0,3
Microsoft Edge,116.0,3
Microsoft Edge,122.0,3
Firefox,133.0,3
Iron,133.0,3
Huawei Browser Mobile,14.0,3
Huawei Browser Mobile,15.0,3
Safari,16.0,3
Safari,17.11,3
Safari,17.7,3
MIUI Browser,19.0,3
MIUI Browser,19.4,3
vivo Browser,23.3,3
vivo Browser,24.0,3
Microsoft Edge,100.0,2
Microsoft Edge,102.0,2
Chrome,104.0,2
Chrome,113.0,2
Mobile App,114.0,2
Microsoft Edge,114.0,2
Chrome,116.0,2
Huawei Browser Mobile,12.1,2
MIUI Browser,12.2,2
Microsoft Edge,120.0,2
Chrome,120.0,2
Microsoft Edge,127.0,2
Microsoft Edge,128.0,2
Mobile App,129.0,2
Chrome,129.0,2
Microsoft Edge,129.0,2
Chrome,134,2
Firefox,135.0,2
Microsoft Edge,137.0,2
Safari,16.2,2
Safari,17.1,2
vivo Browser,18.7,2
vivo Browser,23.1,2
vivo Browser,23.2,2
vivo Browser,23.4,2
vivo Browser,23.8,2
Samsung Browser,28.0,2
Sleipnir,3.7,2
Notion,4.11,2
Chrome,69.0,2
Chrome,85.0,2
Microsoft Edge,89.0,2
Microsoft Edge,92.0,2
Firefox,98.0,2
Quark,(not set),1
Steam In-Game Overlay,(not set),1
Android Browser,(not set),1
Chrome,100.0,1
Chrome,101.0,1
Firefox,103.0,1
Mobile App,103.0,1
Chrome,103.0,1
Chrome,105.0,1
Microsoft Edge,107.0,1
Chrome,108.0,1
Safari,11.0,1
Huawei Browser Mobile,11.0,1
Meizu Browser,11.24,1
Chrome,114.0,1
Chrome,115.0,1
Mobile App,116.0,1
Chrome,117.0,1
Chrome,118.0,1
Microsoft Edge,119.0,1
Huawei Browser Mobile,12.0,1
Safari,12.1,1
MIUI Browser,12.7,1
Opera,12.99,1
Mobile App,120.0,1
Microsoft Edge,121.0,1
Opera,121.0,1
Microsoft Edge,123.0,1
Chrome,125.0,1
Safari,13.1,1
QQ Browser,13.3,1
vivo Browser,13.7,1
Mobile App,130.0,1
Firefox,132.0,1
Norton Private Browser,134.0,1
Firefox,136.3,1
Safari,14.0,1
MIUI Browser,14.6,1
MIUI Browser,14.9,1
Safari,15.3,1
Safari,15.5,1
MIUI Browser,16.1,1
UC Browser,16.2,1
Safari,17.0,1
vivo Browser,17.1,1
Safari,17.2,1
UC Browser,17.4,1
MIUI Browser,17.7,1
Safari,17.8,1
Safari,18.6,1
MIUI Browser,18.8,1
QQ Browser,19.0,1
MIUI Browser,19.1,1
MIUI Browser,19.2,1
vivo Browser,21.8,1
vivo Browser,22.7,1
vivo Browser,22.9,1
Samsung Browser,28.1,1
Firefox,52.0,1
Waterfox,56.3,1
Sleipnir,6.5,1
Quark,6.9,1
Chrome,71.0,1
Firefox,79.0,1
vivo Browser,8.5,1
Chrome,81.0,1
Mobile App,81.0,1
Chrome,86.0,1
Chrome,87.0,1
Chrome,88.0,1
Smart Lenovo Browser,9.0,1
Mobile App,90.0,1
Firefox,91.0,1
Chrome,95.0,1
Microsoft Edge,97.0,1
Chrome,97.0,1
Chrome,98.0,1
Microsoft Edge,99.0,1
Firefox,99.0,1
