name,visitors
Tokyo,2021
Osaka,461
Nagoya,181
Yokohama,167
Kyoto,88
N/A,69
N/A,68
N/A,67
Sapporo,60
Chengdu,52
Kanazawa,49
Kawaguchi,44
Ōtsu,42
N/A,41
Guangzhou,40
N/A,39
Shanghai,34
Kashiwa,34
Hiroshima,34
Suita,33
Kawasaki,33
N/A,33
Kobe,31
N/A,29
N/A,29
N/A,28
N/A,27
Zhengzhou,26
Yonezawa,26
Sendai,26
Jinan,25
N/A,25
Chiba,24
Fukuoka,23
Fujisawa,23
N/A,23
Shenzhen,22
Kasukabe,22
Hangzhou,21
Okayama,21
Nishinomiya-hama,20
Hamamatsu,20
N/A,19
N/A,19
Kunming,18
Beijing,18
N/A,18
Ikoma,18
Wuhan,17
Matsudo,17
Machida,17
Gifu-shi,17
N/A,17
Matsuyama,17
N/A,17
N/A,15
Musashino,15
N/A,15
Hachiōji,15
N/A,15
N/A,15
N/A,15
Nanjing,14
Sakai,14
Niigata,14
Kawagoe,14
Itami,14
N/A,14
Qingdao,13
Toyota,13
Ichinomiya,13
N/A,13
N/A,13
N/A,13
Nanyang,12
Yūki,12
Utsunomiya,12
Toyohashi,12
Nishio,12
Chigasaki,12
Changsha,11
Shizuoka,11
Nagareyama,11
Nagaoka,11
N/A,11
Kagoshima,11
Narita,11
Xi’an,10
Toyama,10
Tokushima,10
Okazaki,10
Maebashi,10
Kumamoto,10
N/A,10
N/A,10
Washington,10
N/A,10
N/A,10
N/A,10
N/A,10
Tianjin,9
Taiyuan,9
Guiyang,9
N/A,9
N/A,9
Mino,9
Kitakyushu,9
N/A,9
Singapore,9
Changchun,9
Ichihara,9
N/A,9
N/A,9
Neyagawa,9
N/A,9
N/A,9
N/A,9
N/A,9
N/A,9
Lanzhou,8
Chongqing,8
Yokosuka,8
Takamatsu,8
Nagano,8
Miyazaki,8
N/A,8
Koshigaya,8
Wakayama,8
Akita,8
Saitama,8
N/A,8
Xiamen,7
Hefei,7
N/A,7
Tanashichō,7
Sano,7
Kokubunji,7
Kamakura,7
Ibaraki,7
Hirakata,7
Himeji,7
Amagasaki,7
N/A,7
N/A,7
N/A,7
Weifang,6
Quanzhou,6
Ningbo,6
N/A,6
Numazu,6
Moriguchi,6
Kisarazu,6
Isesaki,6
Suzhou,6
Shenyang,6
Yamagata,6
Fukushima,6
N/A,6
N/A,6
N/A,6
N/A,6
N/A,6
N/A,6
N/A,6
N/A,6
N/A,6
N/A,6
N/A,6
N/A,6
N/A,6
N/A,6
N/A,6
N/A,6
N/A,6
N/A,6
Zibo,5
Wuxi,5
Wenzhou,5
Shaoxing,5
Sanming,5
Dalian,5
Baoding,5
N/A,5
Yokkaichi,5
Tokorozawa,5
Nishi-Tokyo-shi,5
Tajimi,5
Ōita,5
Ōbu,5
Nago,5
Matsumoto,5
Kurume,5
Kurashiki,5
Iwata,5
Hikone,5
Higashi-ōsaka,5
N/A,5
Ashikaga,5
Ageoshimo,5
Mito,5
Hakodate,5
Higashiyamato,5
Taizhou,5
N/A,5
N/A,5
N/A,5
N/A,5
N/A,5
N/A,5
N/A,5
N/A,5
N/A,5
N/A,5
N/A,5
N/A,5
N/A,5
N/A,5
Pune,4
Ürümqi,4
Zhoukou,4
Xinxiang,4
Shijiazhuang,4
Jining,4
Akashi,4
Urayasu,4
Tsu,4
N/A,4
Takatsuki,4
Takasaki,4
Takarazuka,4
Shiki,4
Oyama,4
Ōgaki,4
Nagasaki,4
N/A,4
Kasugai,4
Iwakuni,4
Hiratsuka,4
N/A,4
Fujioka,4
N/A,4
Harbin,4
Ryūgasaki,4
Morioka,4
Mooka,4
Ichinoseki,4
Abiko,4
Obihiro,4
Akishima,4
Towada,4
N/A,4
Shengpu,4
N/A,4
N/A,4
N/A,4
N/A,4
N/A,4
N/A,4
N/A,4
N/A,4
N/A,4
N/A,4
N/A,4
N/A,4
N/A,4
N/A,4
N/A,4
N/A,4
N/A,4
N/A,4
Fukaya,4
Narashino,4
N/A,4
N/A,4
N/A,4
N/A,4
Yangon,3
Taipei,3
Yuncheng,3
Xianyang,3
Tangshan,3
Nanchang,3
Luoyang,3
Jiaxing,3
Fuzhou,3
Foshan,3
Dongguan,3
Dezhou,3
N/A,3
Atsugi,3
Zushi,3
Yao,3
Tondabayashichō,3
N/A,3
N/A,3
Seto,3
Sasebo,3
Saga,3
Ōta,3
Obama,3
