name,visitors
China,806
United States,290
India,213
Russian Federation,203
Hong Kong,164
Singapore,138
Japan,85
United Kingdom,81
Germany,69
Brazil,66
Spain,49
Taiwan,43
Canada,42
Poland,41
France,40
South Korea,34
Vietnam,34
Ukraine,31
Australia,27
Netherlands,26
Italy,23
Turkey,21
Finland,20
Indonesia,18
Algeria,17
Iran,17
Colombia,16
Peru,16
Belgium,15
Mexico,15
Pakistan,15
Austria,13
Morocco,13
Nigeria,13
Philippines,13
Portugal,13
Bangladesh,12
Switzerland,12
Czechia,12
Uzbekistan,12
Sweden,11
Uruguay,10
Kazakhstan,9
South Africa,9
Serbia,8
Argentina,7
Egypt,7
Ethiopia,7
Tunisia,7
Israel,6
Norway,6
Belarus,5
Jordan,5
Kenya,5
Slovakia,5
Azerbaijan,4
Cyprus,4
Greece,4
Hungary,4
Ireland,4
Iraq,4
Lithuania,4
Malaysia,4
Nepal,4
Romania,4
Saudi Arabia,4
Thailand,4
Angola,3
Chile,3
Denmark,3
Georgia,3
Croatia,3
Kyrgyzstan,3
Sri Lanka,3
Mozambique,3
Armenia,2
Bulgaria,2
"Congo, The Democratic Republic of the",2
Dominican Republic,2
Ghana,2
Guatemala,2
Honduras,2
Cambodia,2
Kuwait,2
Madagascar,2
Namibia,2
New Zealand,2
Qatar,2
Slovenia,2
Togo,2
Uganda,2
Kosovo,2
United Arab Emirates,1
Albania,1
Burkina Faso,1
Cameroon,1
Costa Rica,1
Ecuador,1
Estonia,1
Lebanon,1
Latvia,1
Mongolia,1
Malawi,1
Puerto Rico,1
Réunion,1
Rwanda,1
Yemen,1
Zimbabwe,1
