name,visitors
Guangdong,77
England,61
California,59
Moscow,56
Shanghai,54
Beijing,50
Tokyo,40
Maharashtra,35
Tamil Nadu,34
Henan,29
São Paulo,27
Jiangsu,27
Shandong,25
Karnataka,25
New York,25
Zhejiang,24
Ontario,19
Sichuan,18
Mazovia,18
Telangāna,16
Ho Chi Minh City,16
Kerala,15
Saint Petersburg,15
Hesse,14
Île-de-France,14
Hanoi,14
Baden-Württemberg,13
Uusimaa,13
Moscow Province,13
Quebec,12
Chongqing,12
Catalonia,12
Taipei,12
New South Wales,11
Hubei,11
Prague,11
Bavaria,11
North Rhine-Westphalia,11
Delhi,11
North Holland,11
Texas,11
Tashkent,11
Flanders,10
Fujian,10
Shaanxi,10
Madrid Autonomous Community,10
Wales,10
Uttar Pradesh,10
West Bengal,10
Istanbul,10
Florida,10
Illinois,10
Virginia,10
Vienna,9
Anhui,9
Hunan,9
Gyeonggi,9
Lima,9
Oregon,9
Washington,9
South Australia,8
Kwai Tsing New Territories,8
Osaka,8
Beograd,8
New Jersey,8
Ohio,8
Buenos Aires Province,7
Gansu,7
Tianjin,7
Scotland,7
Seoul,7
Lesser Poland,7
Lisbon,7
Nizhny Novgorod,7
Stockholm,7
New Taipei,7
Connecticut,7
Montevideo,7
Minas Gerais,6
British Columbia,6
Kowloon City Kowloon,6
Tel Aviv,6
Lazio,6
Punjab,6
Tainan,6
Colorado,6
Michigan,6
Utah,6
Dhaka Division,5
Rio Grande do Sul,5
Berlin,5
Lower Saxony,5
Addis Ababa,5
Nouvelle-Aquitaine,5
Madhya Pradesh,5
Amman,5
Kanagawa,5
Metro Manila,5
Sindh,5
Lower Silesia,5
Krasnodar Krai,5
Sverdlovsk,5
Lvivshchyna,5
Maryland,5
Minnesota,5
Missouri,5
Pennsylvania,5
Gauteng,5
Queensland,4
Victoria,4
Baku,4
Brussels,4
Bahia,4
Federal District,4
Santa Catarina,4
Manitoba,4
Vaud,4
Capital District,4
Hamburg,4
Valencian Community,4
Normandie,4
Provence-Alpes-Côte-d'Azur,4
West Java,4
Leinster,4
Andhra Pradesh,4
Rajasthan,4
Lombardy,4
Campania,4
Incheon,4
Vilnius County,4
Tangier-Tétouan,4
Ciudad de Mexico,4
Puebla,4
Central Visayas,4
Pomerania,4
Porto,4
Bashkortostan,4
Rostov,4
Tula,4
Tyumen,4
Udmurt,4
Voronezh,4
Bratislava,4
Ankara,4
Vinnychchyna,4
Kyiv,4
Alabama,4
Arkansas,4
Georgia,4
Nevada,4
Wisconsin,4
Western Cape,4
Pernambuco,3
Rio de Janeiro,3
Minsk,3
Zürich,3
Guangxi,3
Guizhou,3
Valle del Cauca,3
Capital Region,3
Batna,3
Cairo,3
Basque Country,3
Burgundy-Franche-Comté,3
Hauts-de-France,3
Occitanie,3
Budapest,3
Haryana,3
Punjab,3
Uttarākhand,3
Erbil,3
Hormozgan,3
Tuscany,3
Nairobi County,3
North Jeolla,3
Astana,3
Almaty City,3
Oriental,3
South Holland,3
Oslo,3
Province 3,3
Junín,3
Greater Poland,3
Bucharest,3
Altai Krai,3
Irkutsk,3
Kursk,3
Krasnoyarsk Krai,3
Volyn,3
Arizona,3
Indiana,3
Maine,3
Yerevan,2
Cabinda,2
Tyrol,2
Sofia,2
Goiás,2
Paraíba,2
Vitebsk,2
Haut-Katanga,2
Aargau,2
Santiago Metropolitan,2
Hebei,2
Jilin,2
Shanxi,2
Yunnan,2
Cundinamarca,2
Limassol,2
Saxony,2
Distrito Nacional,2
Blida,2
Tlemcen,2
Constantine,2
Giza,2
Andalusia,2
Cantabria,2
Galicia,2
Balearic Islands,2
La Rioja,2
Auvergne-Rhône-Alpes,2
Tbilisi,2
Ashanti,2
Central Macedonia,2
Guatemala,2
Wan Chai Hong Kong Island,2
Cortés,2
Zagreb,2
North Sumatra,2
Bihar,2
Chhattīsgarh,2
Gujarat,2
Veneto,2
Emilia-Romagna,2
Hokkaido,2
Miyagi,2
Saitama,2
Chiba,2
Aichi,2
Okayama,2
Talas,2
Busan,2
Gwangju City,2
South Chungcheong,2
South Gyeongsang,2
Hawalli,2
Almaty,2
Western,2
Durango,2
Kuala Lumpur,2
Maputo,2
Federal Capital Territory,2
Lagos,2
Limburg,2
North Brabant,2
Utrecht,2
Trøndelag,2
Wellington,2
Lima Region,2
Calabarzon,2
Doha,2
Adygea,2
Chelyabinsk,2
Kemerovo,2
Orenburg,2
Primorsky Krai,2
Samara,2
Smolensk,2
Vologda,2
Yaroslavl,2
Riyadh,2
Västra Götaland,2
Maritime,2
Tunis,2
Sousse,2
Izmir,2
Zonguldak,2
Hsinchu,2
Kaohsiung,2
Taoyuan,2
Taichung,2
Odeshchyna,2
Ternopilshchyna,2
Cherkashchyna,2
Central,2
Delaware,2
Kansas,2
Kentucky,2
North Carolina,2
Oklahoma,2
Rhode Island,2
South Carolina,2
Río Negro,2
Dubai,1
Tirana County,1
Luanda,1
Styria,1
Rajshahi Division,1
Wallonia,1
Centre,1
Amazonas,1
