name,visitors,pageviews,bounce_rate,time_on_page,scroll_depth
/es/3.13/tutorial/index.html,461,633,61,42,53
/es/3/tutorial/,219,273,61,41,55
/es/3.13/library/tkinter.html,197,230,74,78,36
/es/3.13/tutorial/appetite.html,156,155,62,59,80
/es/3.13/tutorial/interpreter.html,152,182,76,67,74
/es/3.13/tutorial/introduction.html,143,157,72,160,56
/es/3/tutorial/index.html,141,165,71,64,53
/es/3.13/,132,148,51,23,73
/es/3.13/library/index.html,127,174,57,41,39
/es/3.13/search.html,119,210,59,30,56
/es/3.13/tutorial/controlflow.html,119,141,74,147,32
/es/3.13/library/functions.html,115,127,80,69,41
/es/3.13/tutorial/datastructures.html,110,113,81,130,42
/es/3.13/tutorial/venv.html,108,112,95,34,55
/es/3.13/tutorial/classes.html,98,105,79,81,34
/es/3/tutorial/appetite.html,91,85,56,94,88
/es/3/tutorial/interpreter.html,81,81,77,83,68
/es/3.13/library/stdtypes.html,73,73,82,105,32
/es/3/tutorial/introduction.html,73,82,74,234,52
/es/3.13/tutorial/errors.html,63,64,93,48,34
/es/3/library/index.html,62,78,49,67,36
/es/3/library/functions.html,55,64,92,53,31
/es/3/library/stdtypes.html,55,62,85,530,30
/es/3.13/installing/index.html,54,52,89,30,69
/es/3.13/library/tk.html,53,70,49,31,60
/es/3.13/library/idle.html,51,60,68,17,26
/es/dev/library/zlib.html,50,58,86,7,27
/es/3/,49,63,59,13,77
/es/3.13/glossary.html,47,54,60,58,41
/es/3.13/tutorial/modules.html,47,49,86,38,36
/es/3/tutorial/datastructures.html,47,53,91,35,52
/es/3/tutorial/controlflow.html,42,54,76,119,38
/es/3.13/library/datetime.html,40,41,89,30,18
/es/3.13/contents.html,39,62,62,33,8
/es/3.13/library/re.html,38,46,83,44,38
/es/3.13/whatsnew/3.13.html,36,46,50,43,19
/es/3.13/howto/logging.html,34,33,86,50,32
/es/3.13/library/string.html,34,36,72,62,27
/es/3.13/reference/index.html,32,34,75,532,64
/es/3/library/json.html,32,32,93,43,37
/es/3.13/tutorial/inputoutput.html,31,26,88,57,62
/es/3/search.html,31,47,60,28,54
/es/3/tutorial/classes.html,29,32,90,70,31
/es/3.13/library/venv.html,28,26,79,89,29
/es/3.13/using/editors.html,28,28,79,16,97
/es/3/library/random.html,28,28,64,40,14
/es/3.13/library/math.html,27,40,53,98,31
/es/3/library/argparse.html,27,27,96,66,27
/es/3.13/genindex.html,26,28,75,9,100
/es/3.13/index.html,26,33,0,15,74
/es/3.13/library/random.html,26,30,100,53,27
/es/3.13/library/tkinter.ttk.html,26,27,87,71,45
/es/3.13/tutorial/,24,25,60,31,46
/es/3.13/using/windows.html,24,25,62,56,52
/es/3/library/tkinter.html,24,28,83,34,28
/es/3.13/download.html,23,21,100,23,79
/es/3.12/library/tk.html,22,25,80,20,51
/es/3.13/library/array.html,22,22,94,40,62
/es/3/tutorial/errors.html,22,26,94,83,33
/es/3/library/exceptions.html,21,24,80,27,23
/es/dev/tutorial/controlflow.html,21,21,100,96,38
/es/3/library/time.html,19,16,67,16,20
/es/3.13/library/csv.html,18,22,65,81,47
/es/3.13/reference/import.html,18,19,81,28,25
/es/3/tutorial/inputoutput.html,18,19,69,89,34
/es/3.13/howto/regex.html,17,30,84,445,39
/es/3/glossary.html,17,14,80,22,18
/es/3/installing/index.html,17,16,93,15,53
/es/3/library/functools.html,17,18,89,7,44
/es/3.12/tutorial/index.html,16,17,82,12,50
/es/3.13/howto/sorting.html,16,17,93,70,52
/es/3/library/asyncio.html,16,17,79,19,67
/es/3/using/cmdline.html,16,16,85,47,20
/es/3.13/library/subprocess.html,15,13,90,51,26
/es/3/genindex-Símbolos.html,15,16,71,56,59
/es/3/reference/expressions.html,15,15,73,41,30
/es/3.13/library/collections.html,14,13,92,62,40
/es/3.13/library/sqlite3.html,14,12,100,31,8
/es/3.13/reference/datamodel.html,14,11,33,57,47
/es/3/contents.html,14,13,67,26,5
/es/3/library/datetime.html,14,14,93,22,14
/es/3/tutorial/venv.html,14,14,91,9,32
/es/3.13/library/asyncio-task.html,13,11,90,73,22
/es/3.13/library/os.html,13,10,0,85,3
/es/3.13/library/pickle.html,13,13,78,17,10
/es/3.13/py-modindex.html,13,14,100,19,19
/es/3.13/tutorial/appendix.html,13,11,67,54,75
/es/3.13/whatsnew/index.html,13,21,33,27,32
/es/3/library/statistics.html,13,11,88,17,18
/es/3.13/library/time.html,12,9,80,34,28
/es/3.13/reference/executionmodel.html,12,11,75,87,67
/es/3/library/math.html,12,11,89,55,50
/es/3.13/library/__main__.html,11,11,62,15,37
/es/3.13/library/exceptions.html,11,9,71,92,54
/es/3.13/library/typing.html,11,12,80,17,8
/es/3.13/using/cmdline.html,11,17,50,171,55
/es/3/library/base64.html,11,12,60,32,50
/es/3/tutorial/modules.html,11,12,100,39,43
/es/3.12/,10,8,100,9,74
/es/3.13/library/,10,11,0,34,50
