name,visitors
Chrome,4423
Microsoft Edge,1113
Firefox,784
Safari,539
Opera,207
Yandex Browser,139
Mobile App,69
(not set),35
Quark,20
Samsung Browser,17
Brave,15
MIUI Browser,14
vivo Browser,14
UC Browser,5
Huawei Browser Mobile,3
Norton Private Browser,3
QQ Browser,3
SberBrowser,3
115 Browser,2
Avast Secure Browser,2
Ecosia,2
QtWebEngine,2
Smart Lenovo Browser,2
Sogou Explorer,2
Whale Browser,2
AVG Secure Browser,1
Android Browser,1
Basilisk,1
Hi Browser,1
Iron,1
Opera GX,1
