name,visitors,bounce_rate,visit_duration
Direct / None,80,62,263
google.com,76,79,160
bing.com,17,89,177
google.pl,6,71,3
duckduckgo.com,4,0,716
python.org,4,0,102
pl.search.yahoo.com,3,100,0
chatgpt.com,2,0,1452
android-app://com.google.android.googlequicksearchbox,1,100,0
euc-onenote.officeapps.live.com,1,0,1429
github.com/projecthorus/radiosonde_auto_rx/wiki,1,0,72
google.com.ua,1,0,82
kampus.umcs.pl,1,100,0
kursyinformatyczne.net,1,100,0
m.baidu.com,1,100,0
pl.python.org,1,100,0
pythontutor.ru,1,0,189
search.brave.com,1,100,0
upel.agh.edu.pl,1,100,0
