name,version,visitors
Chrome,143.0,570
Chrome,132.0,499
Microsoft Edge,143.0,404
Chrome,144.0,166
Firefox,147.0,86
Chrome,139.0,67
Opera,125.0,64
Yandex Browser,25.12,54
Firefox,146.0,50
Chrome,142.0,38
Microsoft Edge,144.0,33
Mobile App,(not set),24
Microsoft Edge,142.0,22
Safari,26.2,20
Chrome,111.0,15
Opera,126.0,13
Safari,18.6,13
Sogou Explorer,2,13
Chrome,135.0,12
Smart Lenovo Browser,9.0,12
Chrome,116.0,11
Firefox,140.0,11
360 Secure Browser,(not set),10
Chrome,141.0,10
Chrome,109.0,9
Firefox,5.0,9
Chrome,131.0,8
Chrome,138.0,8
Microsoft Edge,138.0,8
Chrome,140.0,8
Microsoft Edge,141.0,7
Chrome,69.0,7
Chrome,112.0,6
Chrome,122.0,6
Chrome,128.0,6
Chrome,145.0,6
Firefox,145.0,6
Safari,26.1,6
Chrome,107.0,5
Chrome,108.0,5
Chrome,117.0,5
Microsoft Edge,131.0,5
Microsoft Edge,139.0,5
QQ Browser,6.2,5
Brave,(not set),4
Chrome,103.0,4
Chrome,104.0,4
Chrome,124.0,4
Chrome,133.0,4
Chrome,134.0,4
Microsoft Edge,136.0,4
Chrome,137.0,4
AVG Secure Browser,143.0,4
(not set),(not set),3
Chrome,120.0,3
Chrome,127.0,3
Mobile App,143.0,3
Safari,18.4,3
Safari,18.5,3
QQ Browser,20.0,3
Yandex Browser,25.2,3
Safari,26.0,3
Quark,(not set),2
Konqueror,(not set),2
Chrome,105.0,2
Chrome,106.0,2
Microsoft Edge,107.0,2
Microsoft Edge,109.0,2
Chrome,110.0,2
Firefox,115.0,2
Meizu Browser,12.8,2
Microsoft Edge,122.0,2
Opera,122.0,2
Chrome,123.0,2
Opera,123.0,2
Opera,124.0,2
Chrome,126.0,2
Microsoft Edge,128.0,2
Microsoft Edge,135.0,2
Microsoft Edge,140.0,2
Avast Secure Browser,143.0,2
Norton Private Browser,143.0,2
Safari,15.8,2
Safari,18.7,2
MIUI Browser,20.10,2
Yandex Browser,25.4,2
Quark,7.8,2
Chrome,86.0,2
Mobile App,91.0,2
Microsoft Edge,92.0,2
Opera,94.0,2
Mobile App,97.0,2
Safari,(not set),1
Safari,10.0,1
Safari,10.1,1
Chrome,101.0,1
QQ Browser,11.3,1
Microsoft Edge,115.0,1
Mobile App,116.0,1
Opera,116.0,1
Chrome,121.0,1
Chrome,125.0,1
Firefox,125.0,1
Microsoft Edge,126.0,1
Microsoft Edge,127.0,1
Firefox,128.0,1
Chrome,129.0,1
QQ Browser,13.0,1
QQ Browser,13.3,1
Avast Secure Browser,131.0,1
Firefox,133.0,1
Microsoft Edge,133.0,1
Chrome,136.0,1
Firefox,137.0,1
MIUI Browser,14.10,1
Firefox,141.0,1
Firefox,142.0,1
Firefox,143,1
Microsoft Edge,145.0,1
Firefox,149.0,1
Huawei Browser Mobile,16.0,1
Safari,16.4,1
Safari,16.6,1
Safari,17.1,1
Safari,17.2,1
Safari,17.6,1
Safari,18.3,1
Chrome,19.77,1
SeaMonkey,2.53,1
MIUI Browser,20.9,1
Yandex Browser,25.10,1
Whale Browser,4.35,1
QtWebEngine,6.10,1
Microsoft Edge,85.0,1
Chrome,94.0,1
