name,version,visitors
Windows,10,17689
Mac,10.15,4386
GNU/Linux,(not set),1425
Android,10,683
iOS,18.5,411
Ubuntu,(not set),296
Windows,7,112
Chrome OS,14541.0,48
Android,15,33
Android,12,32
Android,14,29
iOS,18.3,17
iOS,18.4,16
Android,13,15
iOS,17.6,15
iOS,19.0,14
Windows,8.1,14
Android,11,13
iOS,18.6,13
iOS,18.1,11
iOS,16.7,8
iOS,17.5,7
iOS,18.0,6
Android,9,6
iOS,18.2,5
Mac,13.3,4
iOS,15.4,4
(not set),(not set),3
iOS,12.5,3
iOS,15.8,3
iPadOS,17.7,3
iOS,26.0,3
Android,6.0,3
Android,8.0,3
Windows Mobile,10,2
iOS,10.3,2
iOS,14.0,2
iPadOS,16.4,2
iOS,16.6,2
iOS,17.1,2
iOS,17.2,2
iOS,17.7,2
KaiOS,2.5,2
Android,7.0,2
Windows,Server 2003,2
Windows,XP,2
Fedora,(not set),1
Mac,10.11,1
Mac,10.13,1
Mac,10.14,1
Mac,11.0,1
iOS,11.2,1
Chrome OS,13904.97,1
iOS,15.5,1
Android,16,1
iOS,16.1,1
iOS,16.2,1
iOS,16.3,1
iOS,17.0,1
iOS,17.3,1
iOS,17.4,1
iPadOS,17.6,1
HarmonyOS,3.0,1
PlayStation,4.12,1
iOS,7.0,1
Android,7.1,1
Windows,8,1
Android,8.1,1
