name,version,visitors
Chrome,132.0,1242
Microsoft Edge,132.0,1112
Chrome,133.0,687
Microsoft Edge,133.0,665
Chrome,131.0,390
Chrome,122.0,232
Firefox,135.0,144
Safari,18.3,140
Microsoft Edge,131.0,122
Mobile App,(not set),111
UC Browser,17.3,109
Chrome,121.0,66
Chrome,127.0,56
Safari,18.1,55
Chrome,129.0,51
Chrome,109.0,47
Mobile App,114.0,45
Microsoft Edge,128.0,45
Safari,17.6,43
Microsoft Edge,127.0,42
Chrome,130.0,42
Mobile App,99.0,41
Chrome,128.0,40
Quark,(not set),39
Chrome,86.0,39
Microsoft Edge,130.0,38
Mobile App,116.0,36
Quark,7.7,36
Mobile App,130.0,34
Smart Lenovo Browser,9.0,34
Safari,18.2,31
Microsoft Edge,129.0,29
Chrome,126.0,28
Mobile App,126.0,27
Chrome,114.0,25
QQ Browser,13.5,25
Huawei Browser Mobile,15.0,25
Sogou Explorer,2,24
Firefox,134.0,23
Chrome,125.0,21
Firefox,128.0,21
Mobile App,117.0,20
Chrome,120.0,20
Microsoft Edge,126.0,20
MIUI Browser,19.0,19
Safari,16.6,18
Chrome,119.0,17
Safari,17.5,17
Firefox,115.0,16
Chrome,116.0,16
Mobile App,118.0,16
Chrome,123.0,16
Huawei Browser,12.1,15
Safari,18.0,15
Chrome,117.0,14
Microsoft Edge,120.0,14
Chrome,75.0,14
Mobile App,83.0,14
Mobile App,97.0,14
Chrome,101.0,13
Chrome,108.0,13
Chrome,118.0,13
Microsoft Edge,122.0,13
Safari,(not set),12
Mobile App,120.0,12
Chrome,124.0,12
Mobile App,129.0,12
Safari,16.5,12
(not set),(not set),11
Chrome,112.0,11
Microsoft Edge,125.0,11
Safari,16.3,11
Microsoft Edge,123.0,10
QQ Browser,6.2,10
Chrome,77.0,10
Mobile App,92.0,10
Chrome,135.0,9
Mobile App,103.0,8
Microsoft Edge,117.0,8
Mobile App,131.0,8
Mobile App,132.0,8
vivo Browser,23.2,8
Chrome,76.0,8
Firefox,116.0,7
Opera,116.0,7
Microsoft Edge,121.0,7
Microsoft Edge,124.0,7
Firefox,131.0,7
Microsoft Edge,134.0,7
Safari,16.0,7
vivo Browser,23.1,7
Chrome,78.0,7
Chrome,107.0,6
Microsoft Edge,109.0,6
Chrome,110.0,6
Microsoft Edge,113.0,6
Microsoft Edge,118.0,6
Firefox,133.0,6
Safari,16.1,6
Safari,17.4,6
Chrome,79.0,6
Microsoft Edge,100.0,5
Mobile App,101.0,5
Microsoft Edge,114.0,5
Safari,13.1,5
Safari,15.4,5
Safari,15.6,5
Safari,16.4,5
Safari,17.1,5
Samsung Browser,27.1,5
Huawei Browser Mobile,5.1,5
Chrome,87.0,5
Chrome,94.0,5
Chrome,95.0,5
Microsoft Edge,101.0,4
Firefox,102.0,4
Chrome,106.0,4
Microsoft Edge,111.0,4
Chrome,113.0,4
Huawei Browser Mobile,12.1,4
Mobile App,123.0,4
QQ Browser,13.4,4
Chrome,134.0,4
Firefox,136.0,4
Safari,15.0,4
QQ Browser,15.9,4
Safari,17.8,4
Chrome,74.0,4
Mobile App,95.0,4
Mobile App,96.0,4
Opera,101.0,3
Chrome,102.0,3
Opera,102.0,3
Mobile App,104.0,3
Microsoft Edge,108.0,3
Mobile App,111.0,3
Firefox,117.0,3
Firefox,118.0,3
Mobile App,128.0,3
Samsung Browser,16.0,3
Safari,17.0,3
Safari,17.2,3
MIUI Browser,18.3,3
MIUI Browser,18.8,3
vivo Browser,23.0,3
Samsung Browser,26.1,3
Quark,7.4,3
Mobile App,77.0,3
Chrome,90.0,3
Microsoft Edge,92.0,3
Chrome,96.0,3
Chrome,97.0,3
Chrome,99.0,3
Chrome,104.0,2
Microsoft Edge,105.0,2
Huawei Browser Mobile,11.0,2
Firefox,113.0,2
Microsoft Edge,115.0,2
Mobile App,119.0,2
Microsoft Edge,119.0,2
Mobile App,124.0,2
Firefox,124.0,2
Firefox,125.0,2
Firefox,126.0,2
Firefox,130.0,2
Safari,14.1,2
Safari,15.1,2
Safari,15.3,2
Safari,15.5,2
Safari,16.2,2
UC Browser,16.5,2
UC Browser,17.2,2
Safari,17.3,2
MIUI Browser,18.9,2
Yandex Browser,23.7,2
Yandex Browser,25.2,2
Samsung Browser,27.0,2
Chrome,69.0,2
Chrome,80.0,2
Chrome,83.0,2
Mobile App,87.0,2
Mobile App,88.0,2
Chrome,91.0,2
Mobile App,91.0,2
Chrome,93.0,2
Chrome,98.0,2
Xvast,1.3,1
Safari,10.0,1
Chrome,100.0,1
Mobile App,102.0,1
Chrome,103.0,1
Firefox,103.0,1
Microsoft Edge,104.0,1
Chrome,105.0,1
Microsoft Edge,106.0,1
Microsoft Edge,107.0,1
Chrome,109.1,1
QQ Browser,11.7,1
Microsoft Edge,112.0,1
Firefox,114.0,1
QQ Browser,12.5,1
Firefox,121.0,1
Mobile App,127.0,1
Firefox,129.0,1
QQ Browser,13.2,1
QQ Browser,13.6,1
CCleaner,131.0,1
Microsoft Edge,132,1
Mobile App,133.0,1
Firefox,137.0,1
Huawei Browser Mobile,14.0,1
Safari,14.0,1
Safari,15.2,1
Huawei Browser Mobile,16.0,1
UC Browser,16.1,1
UC Browser,16.3,1
MIUI Browser,16.9,1
UC Browser,17.1,1
Safari,17.10,1
Safari,17.7,1
Microsoft Edge,18.19041,1
MIUI Browser,18.2,1
MIUI Browser,18.6,1
SberBrowser,21.0,1
vivo Browser,22.4,1
Yandex Browser,24.12,1
Kindle Browser,3.0,1
Safari,4.0,1
Huawei Browser Mobile,5.0,1
Chrome,55.0,1
Chrome,68.0,1
Quark,7.0,1
Quark,7.8,1
Mobile App,70.0,1
Chrome,81.0,1
Mobile App,81.0,1
Chrome,84.0,1
Microsoft Edge,87.0,1
Chrome,92.0,1
Firefox,96.0,1
Firefox,97.0,1
Microsoft Edge,98.0,1
Opera,98.0,1
