name,visitors,bounce_rate,visit_duration
google.com,1873,80,149
Direct / None,1371,74,229
bing.com,184,82,179
duckduckgo.com,62,82,86
search.brave.com,57,76,150
python.org,47,0,492
qwant.com,46,72,768
ecosia.org,36,97,22
openclassrooms.com,29,89,62
chatgpt.com,17,70,176
google.fr,16,69,247
capytale2.ac-paris.fr,13,86,166
fr.search.yahoo.com,13,92,2
0570098x.moodle.monbureaunumerique.fr,7,29,717
translations.python.org,7,67,498
fsg-pax-p-jhn01.pax.ulaval.ca,5,83,28
copilot.microsoft.com,4,75,36
moodle.epf.fr,4,50,4
chat.mistral.ai,3,33,7
francoisbrucker.github.io,3,100,0
statics.teams.cdn.office.net,3,100,373
24jdpp.forge.apps.education.fr,2,50,150
app.pix.fr,2,100,0
apprendslinfo.fr,2,50,8
cedric.cnam.fr,2,50,388
ecampus-vert.unicaen.fr,2,100,0
formation.force-n.sn,2,33,184
m.baidu.com,2,100,0
madoc.univ-nantes.fr,2,50,312
moodle.polymtl.ca,2,100,0
moodle.unil.ch,2,0,1770
perplexity.ai,2,100,0
perso.liris.cnrs.fr,2,100,0
realpython.com,2,0,458
sites.google.com,2,100,0
wiki.python.org,2,0,476
youtube.com,2,100,0
afpy.org,1,0,1498
akkodisacademy-int.udemy.com,1,100,0
android-app://com.google.android.googlequicksearchbox,1,0,127
app.kira-learning.com,1,0,3297
arche.univ-lorraine.fr,1,100,0
baidu.com/link,1,100,0
claude.ai,1,100,0
cloud.3dissue.net,1,0,61
console.basthon.fr,1,0,55
deusyss.developpez.com,1,0,602
deusyss.developpez.com/tutoriels/Python/python-en-bref,1,100,0
developpez.com,1,0,854
developpez.net,1,100,0
edube.org/learn/pe-2/section-summary-89,1,0,70
fastapi.tiangolo.com,1,100,0
fi.search.yahoo.com,1,100,0
forum.alsacreations.com,1,100,0
foucherconnect.fr,1,100,0
gemini.google.com,1,100,0
google.com.hk,1,0,14
google.de,1,100,0
hec.ca,1,100,0
html.duckduckgo.com,1,100,0
jupyter.chabas.net,1,100,0
jupyter.org,1,100,0
kagi.com,1,100,0
lms.univ-cotedazur.fr,1,100,0
mail.google.com,1,100,0
moodle.enise.fr,1,100,0
moodle.u-pariscite.fr,1,100,0
moodle.univ-lille.fr,1,100,0
moodle.univ-lyon2.fr,1,100,0
moodle.uqat.ca,1,100,0
new.contest.yandex.ru,1,0,1165
pages.isfa.fr,1,100,0
qwantjunior.com,1,0,13
r.search.yahoo.com/_ylt=AwrIfsc4KTlpUAIAZx9jAQx.;_ylu=Y29sbwNpcjIEcG9zAzEEdnRpZAMEc2VjA3Ny/RV=2/RE=1766563385/RO=10/RU=https%3a%2f%2fdocs.python.org%2ffr%2f3%2freference%2fimport.html/RK=2/RS=8JzoZT0ACsjJFPm5ucJMeQ2PzTI-,1,100,0
r.search.yahoo.com/_ylt=AwrLAGIvzDhpHwIAVcck24lQ;_ylu=Y29sbwNpcjIEcG9zAzIEdnRpZAMEc2VjA3Ny/RV=2/RE=1766539567/RO=10/RU=https%3a%2f%2fdocs.python.org%2ffr%2f3%2fusing%2feditors.html/RK=2/RS=ZkYzm4PODqrqo6H.7SyD_YjIdd4-,1,100,0
ressources.studi.fr,1,0,150
roadmap.sh,1,0,155
safe.search.brave.com,1,0,501
search.yahoo.com,1,100,0
stat4decision.com,1,100,0
swisscows.com,1,0,39
udemy.com,1,100,0
unil.login.eduid.ch,1,0,2524
userpages.fu-berlin.de/digga,1,0,399
yandex.ru,1,100,0
