name,visitors,pageviews,bounce_rate,time_on_page,scroll_depth
/ko/3/tutorial/index.html,223,273,75,9,39
/ko/dev/c-api/marshal.html,64,65,97,3,45
/ko/3.13/c-api/bytes.html,36,45,85,3,26
/ko/3.13/tutorial/index.html,36,44,55,55,57
/ko/3/library/functions.html,34,34,82,7,9
/ko/3/tutorial/appetite.html,29,24,40,23,86
/ko/3/,27,51,33,13,81
/ko/3.13/library/functions.html,22,24,100,27,42
/ko/3.13/,21,17,62,8,89
/ko/3/tutorial/interpreter.html,20,26,50,33,84
/ko/3/tutorial/controlflow.html,18,23,78,54,49
/ko/3.13/installing/index.html,17,18,94,10,55
/ko/3.13/library/stdtypes.html,17,18,75,98,42
/ko/3.13/tutorial/interpreter.html,17,20,80,48,88
/ko/3.13/search.html,16,21,33,47,46
/ko/3.13/howto/sorting.html,14,16,69,28,44
/ko/3.13/tutorial/introduction.html,13,12,100,91,48
/ko/3.13/library/index.html,12,26,57,22,44
/ko/3/library/index.html,12,19,71,15,34
/ko/3.13/tutorial/appetite.html,11,10,50,29,92
/ko/dev/tutorial/inputoutput.html,11,11,83,4,11
/ko/3/c-api/intro.html,10,11,90,4,10
/ko/3/tutorial/introduction.html,10,26,50,68,69
/ko/3.13/reference/datamodel.html,9,8,75,373,36
/ko/3.13/tutorial/errors.html,9,9,100,18,28
/ko/3.12/using/index.html,8,8,88,5,58
/ko/3.13/glossary.html,8,8,50,34,42
/ko/3.13/tutorial/controlflow.html,8,7,100,73,52
/ko/3.13/tutorial/modules.html,8,6,100,389,61
/ko/3.13/using/windows.html,8,6,100,36,46
/ko/3.13/library/idle.html,7,8,71,10,36
/ko/3.13/library/math.html,7,6,100,297,32
/ko/3/tutorial/stdlib.html,7,6,100,13,65
/ko/3.13/contents.html,6,8,0,64,59
/ko/3.13/index.html,6,16,50,8,87
/ko/3.13/library/collections.html,6,6,60,55,25
/ko/3.13/library/heapq.html,6,8,75,291,72
/ko/3.13/library/re.html,6,10,100,97,41
/ko/3/reference/index.html,6,12,0,11,64
/ko/3/reference/introduction.html,6,5,0,10,83
/ko/3/tutorial/,6,6,60,193,88
/ko/3.13/c-api/stable.html,5,5,0,4,8
/ko/3.13/library/exceptions.html,5,5,67,2,64
/ko/3.13/reference/index.html,5,6,0,151,86
/ko/3.13/tutorial/,5,6,0,8,22
/ko/3.13/whatsnew/index.html,5,5,75,9,7
/ko/3/reference/lexical_analysis.html,5,3,100,28,31
/ko/3/tutorial/datastructures.html,5,9,0,22,63
/ko/dev/using/index.html,5,6,80,2,58
/ko/3.13/library/datetime.html,4,4,100,22,23
/ko/3.13/library/html.parser.html,4,5,75,233,52
/ko/3.13/library/json.html,4,6,50,11,9
/ko/3.13/library/pickle.html,4,4,100,1094,28
/ko/3.13/library/random.html,4,5,50,2,6
/ko/3.13/tutorial/datastructures.html,4,4,75,2,8
/ko/3.13/whatsnew/3.13.html,4,5,0,143,44
/ko/3/contents.html,4,4,100,7,3
/ko/3/library/stdtypes.html,4,4,100,198,46
/ko/3/tutorial/modules.html,4,3,0,60,62
/ko/3/tutorial/venv.html,4,3,0,12,40
/ko/3/using/windows.html,4,3,100,17,43
/ko/dev/library/idle.html,4,4,100,10,50
/ko/3.13/c-api/structures.html,3,4,0,3,7
/ko/3.13/extending/index.html,3,2,0,3,66
/ko/3.13/library/asyncio-task.html,3,3,100,1,5
/ko/3.13/library/constants.html,3,3,0,7,81
/ko/3.13/library/errno.html,3,3,100,5,27
/ko/3.13/library/getpass.html,3,5,100,21,100
/ko/3.13/library/itertools.html,3,3,100,40,49
/ko/3.13/library/keyword.html,3,3,50,13,100
/ko/3.13/library/turtle.html,3,3,50,19,40
/ko/3.13/library/unittest.html,3,3,0,166,39
/ko/3.13/reference/lexical_analysis.html,3,5,0,563,84
/ko/3.13/tutorial/classes.html,3,3,100,116,68
/ko/3.13/using/cmdline.html,3,2,0,7,45
/ko/3.15/library/index.html,3,9,0,40,87
/ko/3/index.html,3,3,50,13,100
/ko/3/installing/index.html,3,2,0,8,62
/ko/3/library/unittest.mock-examples.html,3,3,100,,
/ko/3/tutorial/classes.html,3,3,100,157,62
/ko/3/tutorial/inputoutput.html,3,3,0,50,81
/ko/3.13/bugs.html,2,1,0,1,36
/ko/3.13/c-api/index.html,2,3,0,16,73
/ko/3.13/download.html,2,2,0,6,100
/ko/3.13/extending/newtypes.html,2,1,0,2,9
/ko/3.13/extending/newtypes_tutorial.html,2,1,0,2,4
/ko/3.13/faq/gui.html,2,2,0,7,100
/ko/3.13/howto/regex.html,2,3,100,65,40
/ko/3.13/library/abc.html,2,2,0,81,100
/ko/3.13/library/bisect.html,2,1,100,85,43
/ko/3.13/library/builtins.html,2,5,0,8,100
/ko/3.13/library/calendar.html,2,2,100,62,31
/ko/3.13/library/datatypes.html,2,2,0,5,33
/ko/3.13/library/getopt.html,2,2,100,13,71
/ko/3.13/library/importlib.html,2,1,0,2,6
/ko/3.13/library/inspect.html,2,2,100,0,20
/ko/3.13/library/intro.html,2,1,0,209,52
/ko/3.13/library/multiprocessing.html,2,2,100,7,70
/ko/3.13/library/pathlib.html,2,1,0,7,2
/ko/3.13/library/site.html,2,2,50,9,91
