name,version,visitors
Windows,10,3118
Android,10,374
Mac,10.15,275
GNU/Linux,(not set),207
iOS,18.3,86
Ubuntu,(not set),78
Android,13,19
Chrome OS,14541.0,18
Android,14,15
Android,11,11
iOS,18.4,9
Windows,7,8
Android,12,7
iOS,18.1,6
Android,15,4
iOS,16.7,4
iOS,17.6,3
Mac,10.13,2
iOS,16.1,2
iOS,16.3,2
iOS,17.7,2
iOS,18.0,2
Fire OS,7,2
Mac,10.11,1
Chrome OS,14816.131,1
iPadOS,16.1,1
iOS,17.0,1
iOS,17.1,1
iOS,17.4,1
iOS,17.5,1
Android,7.1,1
Android,8.0,1
Android,8.1,1
Windows,Vista,1
