name,unique_entrances,total_entrances,visit_duration
/pl/3/tutorial/index.html,12,12,186
/3/,7,8,471
/pl/3/tutorial/datastructures.html,7,7,8
/3/tutorial/,5,5,374
/pl/3/tutorial/venv.html,4,5,0
/3/library/functions.html,3,3,48
/pl/3/tutorial/errors.html,3,4,96
/3/library/turtle.html,2,2,126
/pl/3.13/tutorial/index.html,2,3,294
/pl/3.13/tutorial/interpreter.html,2,2,213
/pl/3/installing/index.html,2,2,0
/pl/3/tutorial/controlflow.html,2,4,0
/pl/3/tutorial/modules.html,2,2,807
/3.13/tutorial/,1,1,265
/3.13/tutorial/index.html,1,1,0
/3/library/constants.html,1,1,305
/3/library/index.html,1,1,256
/3/library/pathlib.html,1,1,118
/3/library/random.html,1,1,398
/3/library/re.html,1,1,736
/3/library/statistics.html,1,1,92
/3/library/textwrap.html,1,1,64
/3/library/urllib.html,1,1,162
/3/library/zipimport.html,1,1,410
/3/py-modindex.html,1,1,349
/3/tutorial/floatingpoint.html,1,1,85
/pl/3.12/tutorial/inputoutput.html,1,1,3964
/pl/3.12/tutorial/introduction.html,1,2,0
/pl/3.13/library/functions.html,1,2,0
/pl/3.13/reference/lexical_analysis.html,1,2,424
/pl/3.13/tutorial/appetite.html,1,2,48
/pl/3.13/tutorial/introduction.html,1,1,1713
/pl/3.13/using/mac.html,1,1,0
/pl/3/genindex.html,1,1,0
/pl/3/index.html,1,1,2904
/pl/3/library/index.html,1,1,294
/pl/3/library/text.html,1,1,0
/pl/3/library/warnings.html,1,1,518
/pl/3/reference/expressions.html,1,1,0
/pl/3/reference/grammar.html,1,1,7584
/pl/3/tutorial/,1,1,0
/pl/3/tutorial/classes.html,1,1,0
/pl/3/tutorial/floatingpoint.html,1,1,0
/pl/3/tutorial/whatnow.html,1,1,0
/pl/dev/c-api/complex.html,1,1,0
/pl/dev/howto/sockets.html,1,1,393
/pl/dev/library/tkinter.html,1,1,0
/pl/dev/library/turtle.html,1,1,0
/pl/dev/tutorial/classes.html,1,1,1121
/pl/dev/tutorial/controlflow.html,1,1,0
/pl/dev/tutorial/inputoutput.html,1,1,0
