name,visitors,bounce_rate,visit_duration
Google,1381,77,137
Direct / None,853,64,275
Bing,106,76,216
python.org,65,0,380
Brave,39,87,82
chatgpt.com,29,60,250
cursos.alura.com.br,28,85,38
Baidu,16,81,1
moodle.profmiguel.com,14,12,1659
udemy.com,13,100,0
DuckDuckGo,7,57,186
Yahoo!,7,50,122
educacaoprofissional.educacao.sp.gov.br,6,33,962
gstatic.com,6,83,1
netacad.com,6,80,208
conteudo.colaboraread.com.br,4,50,116
web.dio.me,4,100,0
cimatecead.senaicimatec.com.br,3,100,0
developer.microsoft.com,3,67,2
medium.com,3,33,223
moodle.unipampa.edu.br,3,67,15
Perplexity,2,50,51
certificando.com.br,2,100,0
mediacdns3.ulife.com.br,2,100,0
pythoninsider.blogspot.com,2,0,146
selenium-python.readthedocs.io,2,0,24
techguide.sh,2,50,170
trilhaaprendizagem.uniasselvi.com.br,2,100,0
127.0.0.1,1,0,4138
GitHub,1,100,0
Reddit,1,0,639
alunos.empowerdata.com.br,1,100,0
alura.com.br,1,0,3
aprender3.unb.br,1,100,0
ava.educamundo.com.br,1,100,0
ava.sesisenai.org.br,1,0,590
ava2.ead.ufscar.br,1,0,9
ava3.cefor.ifes.edu.br,1,0,1435
canva.com,1,100,0
chat.qwen.ai,1,0,11
confluence.santanderbr.corp,1,100,0
copilot.microsoft.com,1,0,69
dvcirilo-ifrn.github.io,1,100,0
eadcate.prefeitura.sp.gov.br,1,100,0
fastapidozero.dunossauro.com,1,100,0
guj.com.br,1,100,0
henriqueajnb.github.io,1,100,0
hypermarcas.sharepoint.com,1,0,861
portaleduca.com.br,1,0,1155
portalhashtag.com,1,0,1376
pucpr.instructure.com,1,0,8
pucrs-ie-assets-prod.edtech.com.br,1,100,0
pythonfluente.com,1,0,32
roadmap.sh,1,0,5
uceff.grupoa.education,1,0,397
uricer.grupoa.education,1,100,0
