name,visitors
England,1101
California,801
New York,417
Île-de-France,380
Maharashtra,370
Virginia,354
Tokyo,345
Texas,301
Hesse,289
Moscow,284
Tamil Nadu,280
Ontario,268
Karnataka,259
Bavaria,255
Mazovia,229
Illinois,226
North Holland,224
North Rhine-Westphalia,220
Madrid Autonomous Community,220
São Paulo,219
Washington,217
Telangāna,179
Baden-Württemberg,177
Massachusetts,164
Catalonia,149
Florida,147
New Jersey,140
Oregon,136
Ho Chi Minh City,131
Berlin,122
Delhi,122
Saint Petersburg,119
Victoria,118
Quebec,118
Georgia,117
Zürich,114
Stockholm,114
Vienna,113
New South Wales,112
Colorado,112
Hanoi,111
Lombardy,110
Istanbul,108
Uusimaa,104
South Holland,100
Lisbon,97
Leinster,96
British Columbia,94
Jakarta,93
Maryland,93
North Carolina,93
Pennsylvania,93
Minas Gerais,89
Guangdong,87
Beijing,85
Prague,84
Uttar Pradesh,84
Osaka,84
Kyiv,83
Michigan,82
Cairo,81
Rio de Janeiro,79
Andalusia,78
Punjab,77
Lesser Poland,77
Buenos Aires Province,74
Iowa,74
Ciudad de Mexico,72
Flanders,71
Bangkok,71
Budapest,70
Alberta,69
Kerala,69
Capital Region,67
North Brabant,65
Capital District,64
Paraná,63
Lima,63
Ohio,63
Valencian Community,62
Santiago Metropolitan,61
Arizona,61
Tel Aviv,60
Seoul,60
South Carolina,59
Hamburg,58
Scotland,58
Auvergne-Rhône-Alpes,57
West Bengal,56
Lower Saxony,55
Gujarat,55
Shanghai,54
Lazio,54
Brussels,53
Zhejiang,53
Antioquia,53
Tashkent,53
Provence-Alpes-Côte-d'Azur,51
Attica,49
Oslo,48
Missouri,48
Gauteng,48
Taipei,47
Nairobi County,46
Lagos,46
Metro Manila,46
Kanagawa,45
Utah,45
Kuala Lumpur,44
Minnesota,44
Haryana,43
Grand-Est,42
Porto,42
Wisconsin,42
Santa Catarina,41
Wales,41
Jiangsu,40
Madhya Pradesh,40
Moscow Province,40
Queensland,39
Hormozgan,39
Utrecht,39
Lvivshchyna,39
Auckland,38
Lower Silesia,38
Krasnodar Krai,38
Västra Götaland,38
Rio Grande do Sul,37
Harjumaa,37
Rhineland-Palatinate,36
Sofia,35
Minsk,35
West Java,35
Rajasthan,35
Riyadh,35
Makkah,35
Skåne,35
Tennessee,35
Saxony,34
Łódź,34
Rostov,34
Kansas,34
Almaty City,33
Nevada,33
Galicia,32
Gyeonggi,32
Silesia,32
Washington DC,32
Dubai,31
Pichincha,31
Emilia-Romagna,31
Western,31
Indiana,31
Federal District,30
South Moravia,30
Occitanie,30
Bucharest,30
Beograd,30
Western Australia,29
Vaud,29
Amman,29
Vilnius County,29
Greater Poland,29
Sverdlovsk,29
Piedmont,28
Aichi,28
New Taipei,28
Taichung,28
Shandong,27
Brittany,27
East Java,27
Selangor,27
Calabarzon,27
Tatarstan,27
Ankara,27
Addis Ababa,26
Nouvelle-Aquitaine,26
Pays-de-la-Loire,26
Andhra Pradesh,26
Punjab,26
Goiás,25
Hubei,25
Chiba,25
Gelderland,25
Nizhny Novgorod,25
Novosibirsk,25
Connecticut,25
Western Cape,25
Hauts-de-France,24
Mexico State,24
Samara,24
Amazonas,23
Ceará,23
Sichuan,23
Veneto,23
Islamabad,23
Alabama,23
Central Java,22
Campania,22
Pomerania,22
Chelyabinsk,22
Wallonia,21
Henan,21
Central Denmark,21
Algiers,21
Castile and León,21
Greater Accra,21
Jalisco,21
Canary Islands,20
Central,20
Sindh,20
Bashkortostan,20
Yerevan,19
San José,19
Phnom Penh,19
Riga,19
Setúbal,19
Tunis,19
Baku,18
Dhaka Division,18
La Paz,18
Rio Grande do Norte,18
Hebei,18
Guayas,18
Zagreb,18
Bishkek,18
Meknès-Tafilalet,18
Taoyuan,18
Kharkivshchyna,18
Louisiana,18
Oklahoma,18
Córdoba,17
Styria,17
Basel-Stadt,17
Sicily,17
Central Luzon,17
Doha,17
Bratislava,17
Abu Dhabi,16
Upper Austria,16
Alagoas,16
Basque Country,16
Busan,16
Province 3,16
Krasnoyarsk Krai,16
Eastern,16
Buenos Aires,15
Jharkhand,15
Saitama,15
Astana,15
Federal Capital Territory,15
Kentucky,15
New Mexico,15
Bahia,14
Pernambuco,14
Castile-La Mancha,14
Balearic Islands,14
Kwai Tsing New Territories,14
Pest,14
South Sulawesi,14
Munster,14
Tuscany,14
Flevoland,14
Östergötland,14
Ljubljana,14
Dnipropetrovshchyna,14
Da Nang,14
South Australia,13
Paraíba,13
Bern,13
Murcia Region,13
Tbilisi,13
Kyoto,13
NO-02,13
Cluj,13
Irkutsk,13
Chon Buri,13
Shaanxi,12
Schleswig-Holstein,12
Thuringia,12
Distrito Nacional,12
Aragon,12
Chandigarh,12
Kaunas County,12
Chișinău,12
Veracruz,12
Iași,12
Saratov,12
Vladimir,12
Bursa,12
Montevideo,12
Capital,12
Lower Austria,11
Manitoba,11
Lucerne,11
Bremen,11
Mecklenburg-Vorpommern,11
Saarland,11
Giza,11
Central Macedonia,11
