name,visitors,bounce_rate,visit_duration
chatgpt.com,199,65,103
yandex,74,39,102
perplexity,30,55,100
hackernoon.com,17,65,115
zalo,13,77,45
learn-ubuntu,10,40,134
devkoriel,9,67,77
post_page-----5eaa7dc636cf---------------------------------------,8,62,192
Securitylab.ru,6,67,231
python,6,67,139
ya,6,67,130
post_page-----e16b7382624a---------------------------------------,3,100,0
WebDevPro Newsletter-PACKT250725007,2,100,0
edgehub,2,50,42
empty-space,2,50,46
ethicalads-placement,2,100,0
hs_email,2,100,0
laconsole.dev,2,100,0
nerdschalk.com,2,50,614
post_page-----12cbeeee7430---------------------------------------,2,50,11
youragileteam.com,2,100,0
Django_Newsletter_289,1,100,0
Exinfluencer,1,100,0
adwords,1,100,0
ardhptr21.space,1,100,0
assemblyai.com,1,100,0
codesphere.ghost.io,1,0,563
evemilano.com,1,0,35
logotypus.com,1,100,0
mikrotikusers.com,1,100,0
mostlypython.com,1,0,592
post_page-----3ad2d773834c---------------------------------------,1,100,0
post_page-----51df2fec83aa---------------------------------------,1,100,0
post_page-----b030d96bcbd0---------------------------------------,1,0,13
post_page-----ddddbc6f4282---------------------------------------,1,0,15
site,1,100,0
stackshare,1,100,0
unityflow.dev,1,100,0
vegastack.com,1,0,124
