name,version,visitors
Chrome,134.0,886
Microsoft Edge,134.0,148
Mobile App,(not set),115
Chrome,133.0,52
Safari,18.3,47
Firefox,136.0,26
Whale Browser,4.30,24
Chrome,131.0,16
Chrome,132.0,14
Samsung Browser,27.0,12
Mobile App,97.0,11
Huawei Browser Mobile,16.0,7
Chrome,109.0,5
Microsoft Edge,131.0,5
Mobile App,134.0,5
Chrome,123.0,4
Microsoft Edge,130.0,4
Microsoft Edge,133.0,4
Safari,18.0,4
vivo Browser,23.8,4
Opera,117.0,3
Chrome,122.0,3
Firefox,135.0,3
Safari,17.6,3
Safari,18.1,3
Chrome,97.0,3
Safari,(not set),2
Microsoft Edge,122.0,2
Chrome,127.0,2
Chrome,128.0,2
Chrome,129.0,2
Firefox,136.3,2
Safari,16.6,2
Safari,17.1,2
vivo Browser,23.4,2
vivo Browser,23.6,2
Whale Browser,3.28,2
(not set),(not set),1
Chrome,100.0,1
Mobile App,103.0,1
Chrome,108.0,1
Meizu Browser,11.21,1
Chrome,111.0,1
Chrome,112.0,1
Microsoft Edge,119.0,1
Chrome,119.0,1
Chrome,120.0,1
Microsoft Edge,123.0,1
Microsoft Edge,124.0,1
Chrome,126.0,1
Microsoft Edge,127.0,1
Microsoft Edge,128.0,1
Microsoft Edge,129.0,1
Firefox,130.0,1
Chrome,130.0,1
Microsoft Edge,132.0,1
Iron,133.0,1
Firefox,133.0,1
Chrome,135.0,1
Chrome,136.0,1
Firefox,137.0,1
Huawei Browser Mobile,14.0,1
Safari,15.6,1
Safari,16.5,1
Safari,17.10,1
Safari,17.5,1
vivo Browser,23.3,1
vivo Browser,23.5,1
vivo Browser,23.7,1
Whale Browser,3.14,1
Whale Browser,3.7,1
Mobile App,68.0,1
Chrome,69.0,1
Mobile App,83.0,1
Microsoft Edge,85.0,1
Chrome,91.0,1
Chrome,98.0,1
