name,version,visitors
Chrome,142.0,2029
Microsoft Edge,142.0,510
Opera,124.0,204
Firefox,145.0,192
Chrome,143.0,126
Chrome,141.0,49
Safari,26.1,47
Chrome,138.0,31
Safari,18.6,28
Chrome,140.0,27
Chrome,126.0,23
Chrome,139.0,20
Firefox,140.0,15
Chrome,109.0,14
Chrome,133.0,12
Chrome,136.0,12
Safari,26.0,10
Mobile App,(not set),9
Chrome,134.0,9
360 Secure Browser,(not set),8
Chrome,132.0,8
Chrome,137.0,8
Firefox,141.0,8
Microsoft Edge,141.0,8
Samsung Browser,29.0,8
Microsoft Edge,140.0,7
Mobile App,142.0,7
Safari,18.7,7
Chrome,111.0,6
Firefox,115.0,5
Chrome,122.0,5
Chrome,123.0,5
Chrome,128.0,5
Safari,17.6,5
Safari,18.5,5
Chrome,69.0,5
Chrome,125.0,4
Firefox,128.0,4
Microsoft Edge,138.0,4
Firefox,144.0,4
Firefox,146.0,4
Safari,16.6,4
Sogou Explorer,2,4
Yandex Browser,25.10,4
Firefox,5.0,4
Chrome,114.0,3
Chrome,118.0,3
Opera,123.0,3
Chrome,131.0,3
Firefox,135.0,3
Firefox,136.0,3
Microsoft Edge,137.0,3
Avast Secure Browser,142.0,3
Firefox,143.0,3
Safari,15.6,3
Safari,17.5,3
Safari,18.3,3
Safari,18.4,3
Safari,26.2,3
Microsoft Edge,92.0,3
Chrome,106.0,2
Microsoft Edge,114.0,2
Chrome,120.0,2
Chrome,127.0,2
Chrome,129.0,2
Microsoft Edge,143.0,2
Firefox,147.0,2
Safari,16.1,2
Chrome,87.0,2
Android Browser,(not set),1
(not set),(not set),1
Microsoft Edge,103.0,1
Chrome,105.0,1
Microsoft Edge,107.0,1
Microsoft Edge,109.0,1
Chrome,115.0,1
Chrome,116.0,1
Mobile App,117.0,1
Opera,122.0,1
Firefox,124.0,1
Firefox,127.0,1
Microsoft Edge,129.0,1
Microsoft Edge,131.0,1
Firefox,131.0,1
Microsoft Edge,132.0,1
Firefox,134.0,1
Chrome,135.0,1
Microsoft Edge,135.0,1
Firefox,137.0,1
Firefox,139.0,1
Microsoft Edge,139.0,1
Chrome,142,1
Ecosia,142.0,1
CCleaner,142.0,1
Chrome,144.0,1
Firefox,145.1,1
Huawei Browser Mobile,16.0,1
Safari,16.3,1
Safari,17.4,1
MIUI Browser,20.7,1
vivo Browser,27.1,1
Samsung Browser,28.0,1
Firefox,52.0,1
Chrome,56.0,1
Chrome,83.0,1
Chrome,85.0,1
Chrome,86.0,1
Chrome,91.0,1
Opera,95.0,1
Opera,96.0,1
Chrome,97.0,1
Chrome,99.0,1
