name,visitors,bounce_rate,visit_duration
google.com,1541,79,110
Direct / None,1531,69,155
bing.com,144,78,108
es.python.org,87,60,231
python.org,84,0,345
search.brave.com,71,82,171
duckduckgo.com,25,74,258
chatgpt.com,24,74,54
translations.python.org,19,55,146
gemini.google.com,14,69,80
agora.uned.es,12,100,226
app.aluracursos.com,12,85,3
campus110.unad.edu.co,12,69,187
github.com/mouredev/Hello-Python,7,50,133
educacionadistancia.juntadeandalucia.es,6,67,296
anahuaconline.brightspace.com,5,83,39
ar.search.yahoo.com,5,67,112
ecosia.org,5,100,0
mx.search.yahoo.com,5,80,1
aulasciclos2526.castillalamancha.es,4,50,161
ecursos.claseejecutiva.cl,4,43,31
google.es,4,80,132
netacad.com,4,0,95
perplexity.ai,4,100,0
wiki.python.org,4,0,144
campus.educantabria.es,3,100,0
classroom.google.com,3,100,0
copilot.microsoft.com,3,33,201
facebook.com,3,100,0
lcms.iebschool.com,3,67,19
roadmap.sh,3,0,535
skilio.com,3,67,2
udla.brightspace.com,3,100,0
www3.gobiernodecanarias.org,3,67,13
aep26.ulpgc.es,2,100,0
aprendepython.es,2,100,0
auladigital.sence.cl,2,50,110
aulavirtual.murciaeduca.es,2,50,197
aulavirtual33.educa.madrid.org,2,50,98
campus.mitic.gov.py,2,0,62
campusvirtual.mexico.unir.net,2,50,4
canva.com,2,100,24
cms.unir.net,2,0,18
cs50.harvard.edu,2,0,9
docs.google.com,2,100,0
educapermanente.itla.edu.do,2,67,146
formacion.bancar.org.ar,2,0,51
freecodecamp.org/espanol/news/secuencias-de-escape-en-python,2,100,0
github.com,2,100,0
github.com/midudev/curso-python/blob/main/README.md,2,50,4
google.com.ar,2,100,0
interactivechaos.com,2,100,0
medium.com,2,0,174
meet.energizavirtual.cl,2,100,0
moodle2.cutonala.udg.mx,2,0,503
online.calamoycran.com,2,100,0
pe.search.yahoo.com,2,33,443
react-app-python-runner.vercel.app,2,100,0
tecnicosalesiano.esemtia.net,2,100,0
127.0.0.1,1,100,0
academia.universityclass.org,1,100,0
anderfernandez.com,1,0,30
android-app://com.google.android.googlequicksearchbox,1,0,715
appimage-builder.readthedocs.io/en/latest/examples/pyqt.html,1,100,0
aulaglobal.uc3m.es,1,0,26
aulas.iacc.cl,1,100,0
aulavirtual3.educa.madrid.org,1,100,0
baidu.com,1,100,0
bit.learn.ada-school.org,1,100,0
byui-cse.github.io,1,0,1354
calendar.google.com,1,100,0
campusvirtual.uniovi.es,1,0,792
centros.edu.xunta.gal,1,100,0
cl.search.yahoo.com,1,100,0
cn.bing.com,1,100,0
co.search.yahoo.com,1,100,0
colegio-bourbaki.com,1,100,0
dashboard.e2f.ai,1,100,0
docs-python-org.translate.goog,1,0,9
docs.pydantic.dev,1,0,293
edea.juntadeandalucia.es,1,100,0
edube.org/learn/python-essentials-2-esp/empleado-m-oacute-dulos,1,0,0
educa.centrogeo.edu.mx,1,0,14
educaciodigital.cat,1,100,0
egela.ehu.eus,1,100,0
es.python.org/aprende-python,1,0,36
es.search.yahoo.com,1,100,0
es.wikipedia.org,1,0,416
escuela.pontia.tech,1,0,120
evapreg.ister.edu.ec,1,100,0
freecodecamp.org,1,100,0
freecodecamp.org/espanol/news/valores-truthy-y-falsy-en-python,1,100,0
github.com/midudev/curso-python,1,100,0
google.com.mx,1,100,0
hablemospython.dev,1,0,11
huggingface.co,1,0,1769
iedib.net,1,100,0
leer.amazon.com.mx,1,100,0
lms.uis.edu.co,1,100,0
m.baidu.com/from=1001192y/bd_page_type=1/ssid=0/uid=0/pu=usm%401%2Csz%401320_1001%2Cta%40iphone_2_12.0_28_16.0/baiduid=5A12DD357A701B70B9CD4085160B96C0/w=0_10_/t=iphone/l=1/tc,1,100,0
m.baidu.com/from=1001192y/bd_page_type=1/ssid=0/uid=0/pu=usm%401%2Csz%401320_220%2Cta%40iphone___24_114.0/baiduid=EE6E5D2574F796AB23E06987D06EED83/w=0_10_/t=iphone/l=1/tc,1,100,0
m.baidu.com/from=1001703a/bd_page_type=1/ssid=0/uid=0/pu=usm%401%2Csz%401320_1001%2Cta%40iphone_2_15.0_18_40.10/baiduid=D5AC9066EF92E40943CD4B60A79221D8/w=0_10_/t=iphone/l=1/tc,1,100,0
m.baidu.com/from=1013672g/bd_page_type=1/ssid=0/uid=0/pu=usm%401%2Csz%401320_1004%2Cta%40iphone_2_15.0_11_20.7/baiduid=E63345CB339BFB184B6A94483491B9C0/w=0_10_/t=iphone/l=1/tc,1,100,0
m.baidu.com/from=1019311v/bd_page_type=1/ssid=0/uid=0/pu=usm%401%2Csz%401320_1001%2Cta%40iphone_2_16.0_19_27.1/baiduid=903910D4BA898189D3C424752A3E10A7/w=0_10_/t=iphone/l=1/tc,1,100,0
numpy.org,1,0,171
pip.pypa.io/en/stable/installation,1,0,55
pip.pypa.io/en/stable/topics/configuration,1,0,52
plataforma.itdurango.edu.mx,1,0,24
sites.google.com,1,0,831
statics.teams.cdn.office.net,1,100,0
udemy.com,1,100,0
unisabanae-learning.unisabana.edu.co,1,100,0
victoria-nr.github.io,1,100,0
view.genially.com/682cfe4d80054e0d2927faa4,1,100,0
yandex.ru,1,0,36
youtube.com,1,100,0
