name,visitors
Mexico,600
Spain,578
Colombia,397
Argentina,242
Peru,220
Chile,153
Venezuela,75
Ecuador,64
Costa Rica,56
Bolivia,52
United States,45
Dominican Republic,30
Guatemala,23
Cuba,18
Honduras,16
Nicaragua,16
El Salvador,13
Panama,12
Paraguay,10
Singapore,10
Netherlands,9
China,8
India,8
Uruguay,7
Brazil,6
Switzerland,5
Canada,4
Japan,4
Portugal,4
Germany,3
Iceland,3
Italy,3
Belgium,2
Algeria,2
Finland,2
France,2
Mauritania,2
Puerto Rico,2
Andorra,1
United Arab Emirates,1
Belize,1
Ethiopia,1
United Kingdom,1
Kenya,1
Madagascar,1
Norway,1
Saudi Arabia,1
Sweden,1
Tunisia,1
Turkey,1
