name,visitors,bounce_rate,visit_duration
Direct / None,1734,84,143
google.com,877,76,148
m.baidu.com,199,87,33
bing.com,84,74,122
qiita.com,43,74,126
note.nkmk.me,36,97,85
search.yahoo.co.jp,35,89,23
baidu.com/link,20,95,0
chatgpt.com,15,60,133
duckduckgo.com,15,75,97
python.org,15,0,495
baidu.com,14,86,10
utokyo-ipp.github.io,11,40,48
python.jp,10,70,24
gemini.google.com,9,40,192
google.co.jp,7,75,29
youtube.com,4,0,38
github.com,3,100,0
search.brave.com,3,50,19
atcoder.jp,2,50,292
chokkan.github.io,2,100,0
claude.ai,2,33,1301
dig.codechrysalis.io,2,100,0
google.com/search,2,100,0
m.baidu.com/from=1001192y/bd_page_type=1/ssid=0/uid=0/pu=usm%400%2Csz%401320_1001%2Cta%40iphone_2_10.0_28_16.0/baiduid=97AFAF3860E0947FF4E04B53F0AC0338/w=0_10_/t=iphone/l=1/tc,2,0,2
m.baidu.com/from=1001192y/bd_page_type=1/ssid=0/uid=0/pu=usm%400%2Csz%401320_1001%2Cta%40iphone_2_12.0_28_16.0/baiduid=7CBCCA8A6960D98CBCF130FB9D5DE753/w=0_10_/t=iphone/l=1/tc,2,50,108
m.baidu.com/from=1001703a/bd_page_type=1/ssid=0/uid=0/pu=usm%401%2Csz%401320_1001%2Cta%40iphone_2_15.0_18_40.10/baiduid=5A2CD92554192AB7BEDF4F562ADBB725/w=0_10_/t=iphone/l=1/tc,2,100,0
m.baidu.com/from=1013966u/bd_page_type=1/ssid=0/uid=0/pu=usm%401%2Csz%401320_1001%2Cta%40iphone_2_10.0_19_27.5/baiduid=DC372B8F454E67E5D2FC65B1C0676CC9/w=0_10_/t=iphone/l=1/tc,2,100,0
m.baidu.com/from=1020761f/bd_page_type=1/ssid=0/uid=0/pu=usm%401%2Csz%401320_1001%2Cta%40iphone_2_13.0_19_27.4/baiduid=DE2C9AD2D450F73F55EA8B1AF42A7D9E/w=0_10_/t=iphone/l=1/tc,2,100,0
m.baidu.com/from=1040455c/bd_page_type=1/ssid=0/uid=0/pu=sz%401320_480%2Ccuid%40_u-qfl8dvf0CavuSlOSuugaL28g5u-if_ivVu_aoHi8L9DPvliSDP_FmA%2Ccua%40_avLCgun2i4SywoUfpw1z4PLXizVaX8U4a2eiqqHB%2Cosname%40baiduboxapp%2Cctv%402%2Ccfrom%401030738b%2Ccen%40cuid_cua%2Cc3_aid%40A00-MXRR5FUPMIL7D2UZNFWJNQEGZSXCVFXQ-6GCSXQOL%2Ccsrc%40bdbox_tserch_txt%2Cta%40iphone___31_9.6%2Cusm%401/baiduid=AB5F8819C4BC59D568D3694DEC00F408/w=0_10_/t=iphone/l=1/tc,2,0,572
m.baidu.com/from=1052946b/bd_page_type=1/ssid=0/uid=0/pu=usm%401%2Csz%401320_1001%2Cta%40iphone_2_15.0_19_27.5/baiduid=64A6E5123F67DF6463D2DCBADF02D935/w=0_10_/t=iphone/l=1/tc,2,50,14
notebooklm.google.com,2,0,1792
paiza.jp/works/python3/primer/beginner-python4/4035/2,2,100,0
sejuku.net,2,50,31
stdio.h.kyoto-u.ac.jp,2,50,110
techacademy.jp,2,100,0
a.msip.securewg.jp,1,0,9
aiacademy.jp,1,100,0
android-app://com.google.android.googlequicksearchbox,1,0,183
assignments.onenote.com,1,100,0
blog.pyq.jp,1,100,0
cafeinks-blog.com/%e5%85%b7%e4%bd%93%e4%be%8b%e3%81%a7%e3%82%8f%e3%81%8b%e3%82%8b%ef%bc%81python%e6%ad%a3%e8%a6%8f%e8%a1%a8%e7%8f%be%ef%bc%88re%ef%bc%89%e5%85%a5%e9%96%80,1,100,0
cn.bing.com,1,0,1205
copilot.microsoft.com,1,100,0
cse.google.com,1,100,0
curict.com,1,100,0
dataseeds-blog.com,1,100,0
developer.mozilla.org,1,0,1091
developers.google.com,1,0,15
deviceplus.jp,1,100,0
diver.diveintocode.jp,1,100,0
doc.renpy.cn,1,0,125
docs.pyq.jp,1,100,0
excel-ubara.com,1,100,0
fmv.com,1,100,0
gihyo.jp,1,100,0
github.com/plushn/SWE-Arai60/pull/23,1,50,653
github.com/selfteaching/the-craft-of-selfteaching/blob/master/markdown/Part.1.B.why.start.from.learning.coding.md,1,0,545
github.com/yt-dlp/yt-dlp,1,0,63
google.com.hk,1,0,1875
gw.hlc.co.jp,1,100,0
ie.u-ryukyu.ac.jp,1,100,0
isc.meiji.ac.jp,1,0,1203
learn.microsoft.com,1,0,55
m.baidu.com/from=1001192y/bd_page_type=1/ssid=0/uid=0/pu=usm%400%2Csz%401320_1001%2Cta%40iphone_2_12.0_28_16.0/baiduid=95798BC9763BF4E1E6C879E0D5B5C241/w=0_10_/t=iphone/l=1/tc,1,0,1
m.baidu.com/from=1001192y/bd_page_type=1/ssid=0/uid=0/pu=usm%401%2Csz%401320_1001%2Cta%40iphone_2_12.0_28_16.0/baiduid=47D1BFD5B668B7B2A62E3C9198419DE9/w=0_10_/t=iphone/l=1/tc,1,0,0
m.baidu.com/from=1001703a/bd_page_type=1/ssid=0/uid=0/pu=sz%401320_1001%2Cta%40iphone_2_12.0_18_40.10%2Cusm%402/baiduid=0F519ABF01AE3CB52627BD46F9320B04/w=0_10_/t=iphone/l=1/tc,1,100,0
m.baidu.com/from=1001703a/bd_page_type=1/ssid=0/uid=0/pu=usm%400%2Csz%401320_1001%2Cta%40iphone_2_14.0_18_40.10/baiduid=589AEFD10D9042805B486D9B90C11622/w=0_10_/t=iphone/l=1/tc,1,100,0
m.baidu.com/from=1001703a/bd_page_type=1/ssid=0/uid=0/pu=usm%400%2Csz%401320_1001%2Cta%40iphone_2_15.0_18_40.10/baiduid=B6EE7FD8597C7D24221DBF58A4D09BCC/w=0_10_/t=iphone/l=1/tc,1,100,0
m.baidu.com/from=1001703a/bd_page_type=1/ssid=0/uid=0/pu=usm%400%2Csz%401320_1001%2Cta%40iphone_2_7.1_18_10.8/baiduid=48095C5B3CADB99168FA35D5332C0534/w=0_10_/t=iphone/l=1/tc,1,100,0
m.baidu.com/from=1001703a/bd_page_type=1/ssid=0/uid=0/pu=usm%400%2Csz%401320_220%2Cta%40iphone___18_40.10/baiduid=2C16C673FBCF348DA8D8F4E1EBBB1E6C/w=0_10_/t=iphone/l=1/tc,1,100,0
m.baidu.com/from=1012852q/bd_page_type=1/ssid=0/uid=0/pu=sz%401320_1004%2Cta%40iphone_2_8.1_11_11.0%2Cusm%400/baiduid=DEA592EFFDB89DEAAD5D25C38D6F11DF/w=0_10_/t=iphone/l=1/tc,1,100,0
m.baidu.com/from=1012852q/bd_page_type=1/ssid=0/uid=0/pu=usm%401%2Csz%401320_1004%2Cta%40iphone_2_15.0_11_20.8/baiduid=B12E2A1869DD2116757E70C1D96E9410/w=0_10_/t=iphone/l=1/tc,1,100,0
m.baidu.com/from=1013715j/bd_page_type=1/ssid=0/uid=0/pu=sz%401320_480%2Ccuid%40g82La0uUvig3ivaNjuHRigaNvi__u28ylaSCi0udv8KXLH5OB%2Ccua%40_a-qi4uq-igBNE6lI5me6NIy2I_UCvC5SdNqA%2Ccut%40pfsIuYaS2iyjaXiDouD58gNXxoku5FqJj1MLB%2Cosname%40baiduboxapp%2Cctv%402%2Ccfrom%401013715j%2Ccen%40cuid_cua_cut%2Ccsrc%40widget_transbox_txt%2Cusm%401%2Cvmgdb%400020100228y/baiduid=3BEED09902F2059E7F5E1D2581713591/w=0_10_/t=zbios/l=1/tc,1,0,6
m.baidu.com/from=1013966u/bd_page_type=1/ssid=0/uid=0/pu=usm%401%2Csz%401320_1001%2Cta%40iphone_2_13.0_19_27.5/baiduid=382511F10D6EF68E34749E3C6C73AE1E/w=0_10_/t=iphone/l=1/tc,1,100,0
m.baidu.com/from=1013966u/bd_page_type=1/ssid=0/uid=0/pu=usm%401%2Csz%401320_1001%2Cta%40iphone_2_15.0_19_27.5/baiduid=B0A93702A8AAB591EF94E679B07E950A/w=0_10_/t=iphone/l=1/tc,1,100,0
m.baidu.com/from=1019311v/bd_page_type=1/ssid=0/uid=0/pu=usm%400%2Csz%401320_1001%2Cta%40iphone_2_15.0_19_27.5/baiduid=7C697E324E08DFCE8D4FD492D18CBBA7/w=0_10_/t=iphone/l=1/tc,1,100,0
m.baidu.com/from=1019311v/bd_page_type=1/ssid=0/uid=0/pu=usm%401%2Csz%401320_1001%2Cta%40iphone_2_15.0_19_27.5/baiduid=63B3E8086EE32325BA977592F5D78E3A/w=0_10_/t=iphone/l=1/tc,1,100,0
m.baidu.com/from=1019311v/bd_page_type=1/ssid=0/uid=0/pu=usm%401%2Csz%401320_1001%2Cta%40iphone_2_6.0_19_5.6/baiduid=63AFB2DFD5072A823BAF1A77586E5271/w=0_10_/t=iphone/l=1/tc,1,100,0
m.baidu.com/from=1020681l/bd_page_type=1/ssid=0/uid=0/pu=usm%401%2Csz%401320_1001%2Cta%40iphone_2_15.0_18_40.9/baiduid=F133F01AA25C6DFE23799468E3666C1E/w=0_10_/t=iphone/l=1/tc,1,100,0
m.baidu.com/from=1020761f/bd_page_type=1/ssid=0/uid=0/pu=usm%400%2Csz%401320_1001%2Cta%40iphone_2_13.0_19_27.5/baiduid=0EF417CF9F09C9593C1627A7EDDB2220/w=0_10_/t=iphone/l=1/tc,1,100,0
m.baidu.com/from=1020761f/bd_page_type=1/ssid=0/uid=0/pu=usm%401%2Csz%401320_1001%2Cta%40iphone_2_14.0_19_27.4/baiduid=8C705ED8BD057CE3046BECEFA79C529B/w=0_10_/t=iphone/l=1/tc,1,100,0
m.baidu.com/from=1020761f/bd_page_type=1/ssid=0/uid=0/pu=usm%401%2Csz%401320_1001%2Cta%40iphone_2_8.1_19_27.5/baiduid=04037EB7AB8DE0A90D809C8993ECD219/w=0_10_/t=iphone/l=1/tc,1,100,0
m.baidu.com/from=1023539h/bd_page_type=1/ssid=0/uid=0/pu=usm%402%2Csz%401320_1001%2Cta%40iphone_2_15.0_24_97.0/baiduid=9B2D48C14C940050459BEE0899775A6F/w=0_10_/t=iphone/l=1/tc,1,100,0
m.baidu.com/from=1027624n/bd_page_type=1/ssid=0/uid=0/pu=sz%401320_480%2Ccuid%400uBWuga92ugDavaS082Da_8vvtl4av8Wla-q8_uP-88UkWMFruSKhb_uA%2Ccua%40_a2Ii4au2ig4NE6lI5me6NN02I_Uhvh5QdpqA%2Ccut%40_u26809LW8l7iLiWgN2b8yNHmoi5pQqAC%2Cosname%40baiduboxapp%2Cctv%402%2Ccfrom%40757b%2Ccen%40cuid_cua_cut%2Cosbranch%40a2%2Ccsrc%40app_mainbox_txt%2Cta%40iphone_2_16.0_11_20.7%2Cusm%401/baiduid=C99B651371C85EDA18D4E5DF2E849E23/w=0_10_/t=iphone/l=1/tc,1,0,752
m.baidu.com/from=1040989f/bd_page_type=1/ssid=0/uid=0/pu=csrc%40home_box_txt%2Ccua%40_avLCgunvf4qywoUfpw1z4uQ2NgVPX81oavjhGQHNqqqB%2Ccen%40cuid_cua_cut%2Cosname%40baiduboxapp%2Cctv%402%2Ccfrom%401040989f%2Cc3_aid%40A00-TIXP2XMSLMWXFGUJ33WK7V7FGN7OGME5-LLN43C2Z%2Csz%401320_480%2Ccuid%40_uHPtguhHi0baSt1082VilOjvf0jaHun_Ovp8YuVHf8jk1a20k3ICV0mA%2Cusm%401%2Cvmgdb%400020100228y/baiduid=C7316B8A76407E2FD3F30E0B499E9955/w=0_10_/t=zbios/l=1/tc,1,100,0
m.baidu.com/from=844b/bd_page_type=1/ssid=0/uid=0/pu=usm%400%2Csz%401320_1003%2Cta%40iphone_2_12.0_1_18.1/baiduid=DFC297C1C26A3B7DCF64B1377DB5F732/w=10_10_/t=iphone/l=1/tc,1,100,0
m.baidu.com/s,1,100,0
micropython-docs-ja.readthedocs.io/ja/latest/reference/index.html,1,100,0
ntp.msn.com,1,100,0
paiza.hatenablog.com/entry/2017/03/27/%E3%80%90%E4%B8%80%E8%A6%A7%E4%BB%98%E3%81%8D%E3%80%91%E5%88%9D%E5%BF%83%E8%80%85%E3%81%AF%E6%84%8F%E5%A4%96%E3%81%A8%E7%9F%A5%E3%82%89%E3%81%AA%E3%81%84%EF%BC%9F%E4%BE%BF%E5%88%A9%E3%81%AA%E9%96%A2,1,100,0
paiza.jp,1,100,0
paiza.jp/works/python3/primer/beginner-python1/4005,1,100,0
paiza.jp/works/python3/primer/beginner-python1/4005/1,1,100,0
paiza.jp/works/python3/primer/beginner-python10/7603,1,0,13
paiza.jp/works/python3/primer/beginner-python2/4015,1,100,0
paiza.jp/works/python3/primer/beginner-python4/4035,1,100,0
pip.pypa.io/en/stable/installation,1,0,18
premium.aidemy.jp,1,100,0
pythonrev.blogspot.com,1,100,0
quwechan.com,1,0,21
screenjp.udemy.com,1,0,57
scsk2022.aidemy.jp,1,100,0
se-media.jp,1,0,171
service.smt.docomo.ne.jp,1,0,16
so.m.sm.cn,1,100,0
sphinx-doc.org/ja/master/index.html,1,0,58
sweetsearch.com,1,100,0
tech-lab.sios.jp,1,100,0
teratail.com,1,100,0
web.tohoku.ac.jp,1,0,25
