name,visitors
Tokyo,275
Yokohama,75
Osaka,74
Singapore,49
Kyoto,41
N/A,37
Nagoya,30
Hiroshima,24
Kobe,22
Fukuoka,17
Kawasaki,16
Kawaguchi,15
Sapporo,14
Fujisawa,13
Sendai,13
N/A,13
N/A,12
N/A,12
Suita,11
Shizuoka,11
Ōita,11
Kashiwa,11
N/A,11
Guangzhou,10
Utsunomiya,10
Toyota,10
N/A,10
Nishinomiya-hama,10
Koshigaya,10
N/A,10
Hachiōji,10
Ibaraki,9
Hamamatsu,9
Matsuyama,9
Nagano,8
Matsudo,8
Kokubunji,8
Yachiyo,8
Takatsuki,7
Sakai,7
Machida,7
Chiba,7
Shenzhen,6
Shanghai,6
Chengdu,6
Beijing,6
Niigata,6
Nagasaki,6
Kumamoto,6
Kawagoe,6
Hino,6
Gifu-shi,6
Shenyang,6
Fukushima,6
N/A,6
N/A,6
Tenri,5
Musashino,5
Hirakata,5
Himeji,5
Higashi-ōsaka,5
Ashikaga,5
Ageoshimo,5
N/A,5
N/A,5
N/A,5
N/A,5
N/A,5
Akashi,4
Urayasu,4
Tsu,4
Toyohashi,4
Shiki,4
Seto,4
Ōgaki,4
Naha,4
N/A,4
Matsumoto,4
N/A,4
Kitakyushu,4
Fuji,4
Chigasaki,4
Amagasaki,4
Hasuda,4
Asaka,4
Kōriyama,4
Akita,4
Neyagawa,4
N/A,4
N/A,4
N/A,4
N/A,4
N/A,4
N/A,4
Wuhu,3
Wuhan,3
Weifang,3
Nantong,3
Nanjing,3
Chongqing,3
Changsha,3
Zama,3
Uji,3
N/A,3
Nishi-Tokyo-shi,3
Takasaki,3
N/A,3
Saga,3
Oyama,3
Ōtsu,3
Okayama,3
Nagareyama,3
Moriguchi,3
Kurashiki,3
Komaki,3
Kanazawa,3
Kagoshima,3
N/A,3
Ichinomiya,3
N/A,3
N/A,3
Wakayama,3
Yamagata,3
Akishima,3
Niiza,3
N/A,3
N/A,3
N/A,3
N/A,3
N/A,3
N/A,3
N/A,3
N/A,3
N/A,3
N/A,3
N/A,3
N/A,3
N/A,3
N/A,3
N/A,3
N/A,3
Erode,2
Agra,2
Jakarta,2
Zhengzhou,2
Xi’an,2
Wenzhou,2
Taiyuan,2
Nanning,2
Jingmen,2
Hangzhou,2
Dongguan,2
Atsugi,2
Yonago,2
Yashio,2
Yamaguchi,2
N/A,2
N/A,2
N/A,2
N/A,2
Tanashichō,2
Takamatsu,2
Tajimi,2
N/A,2
Sakado,2
Odawara,2
Miyazaki,2
Mino,2
Mihara,2
Masuda,2
Kusatsu,2
Kochi,2
Kasaoka,2
Kamakura,2
N/A,2
Gamagōri,2
Fukuyama,2
Fukui-shi,2
N/A,2
N/A,2
Chiryū,2
Okinawa,2
N/A,2
Ushiku,2
N/A,2
Ishinomaki,2
Hitachi,2
Tomakomai,2
Obihiro,2
N/A,2
Chitose,2
Asahikawa,2
Brisbane,2
Zürich,2
Viersen,2
Frankfurt am Main,2
Ashburn,2
Torrance,2
Kamisu,2
Tama,2
Minokamo,2
Higashimurayama,2
N/A,2
N/A,2
N/A,2
N/A,2
N/A,2
N/A,2
N/A,2
N/A,2
N/A,2
N/A,2
N/A,2
N/A,2
N/A,2
N/A,2
N/A,2
N/A,2
N/A,2
N/A,2
N/A,2
N/A,2
N/A,2
N/A,2
N/A,2
N/A,2
N/A,2
N/A,2
N/A,2
N/A,2
N/A,2
Echizen,2
N/A,2
N/A,2
N/A,2
N/A,2
N/A,2
N/A,2
N/A,2
N/A,2
N/A,2
Kampala,1
Moscow,1
Peshawar,1
Chennai,1
Bengaluru,1
Hanoi,1
N/A,1
Davao,1
Zibo,1
Anyang,1
Yichun,1
Xinxiang,1
Xiamen,1
Wuxi,1
Tianjin,1
Taizhou,1
Shanwei,1
Qingdao,1
Putian,1
Nanyang,1
Luoyang,1
Lanzhou,1
Langfang,1
Jining,1
Jinhua,1
Jiaxing,1
Hengshui,1
Changzhi,1
Haikou,1
Yiwu,1
Changzhou,1
Anshun,1
Hong Kong,1
Yokosuka,1
Yokkaichi,1
Tsuyama,1
Toyama,1
Tokushima,1
N/A,1
Tamana,1
Tamamura,1
Takarazuka,1
Suwa,1
N/A,1
Sasebo,1
N/A,1
Okazaki,1
Nonoichi,1
N/A,1
N/A,1
N/A,1
Maebashi,1
Kurume,1
Kumagaya,1
Kisarazu,1
N/A,1
N/A,1
Kawanishi,1
Kasugai,1
