name,visitors
Chrome,183041
Microsoft Edge,64523
Safari,13999
Firefox,11626
Opera,6032
Yandex Browser,4032
Mobile App,2502
Smart Lenovo Browser,948
Quark,905
Samsung Browser,801
QQ Browser,669
Sogou Explorer,347
vivo Browser,308
MIUI Browser,283
Huawei Browser Mobile,272
Whale Browser,262
Avast Secure Browser,152
Huawei Browser,135
AVG Secure Browser,71
Brave,61
UC Browser,61
(not set),33
QtWebEngine,30
CCleaner,29
Norton Private Browser,28
JioSphere,26
Hi Browser,24
Mobile Silk,24
Phoenix Browser,24
Opera GX,22
Opera Touch,16
Iron,14
Chromium,13
115 Browser,7
AdBlock Browser,7
UBrowser,7
Atom,6
NetFront,6
Pale Moon,6
Aloha Browser,5
Android Browser,5
Oculus Browser,5
Avira Secure Browser,4
Ecosia,4
Internet Explorer,4
Kindle Browser,4
Openwave Mobile Browser,4
QQ Browser Lite,4
Sleipnir,4
AOL Desktop,3
Cheetah Browser,3
DuckDuckGo Privacy Browser,3
Mypal,3
QupZilla,3
Arctic Fox,2
Mail Master,2
Odin,2
Oppo Browser,2
REST Client for Ruby,2
Realme Browser,2
SeaMonkey,2
mailapp,2
EUI Browser,1
Falkon,1
Maxthon,1
Meizu Browser,1
Opera Devices,1
Steam In-Game Overlay,1
UC Browser Turbo,1
Vivaldi,1
surf,1
