name,visitors,bounce_rate,visit_duration
sty_search:s_none:cid_117714809:gid_5535966308:pid_54187282208:aid_16807763345:crid_0:rid_54187282208:p_1:pty_premium:mty_:mkw_:dty_desktop:cgcid_0:rn_Москва:rid_213,7,50,14
sty_search:s_none:cid_117714809:gid_5535966308:pid_54187282208:aid_16807763345:crid_0:rid_54187282208:p_1:pty_premium:mty_:mkw_:dty_desktop:cgcid_0:rn_Боровской сельсовет:rid_184219,2,50,33
sty_search:s_none:cid_117714809:gid_5535966308:pid_54187282208:aid_16807763345:crid_0:rid_54187282208:p_1:pty_premium:mty_:mkw_:dty_desktop:cgcid_0:rn_Нижний Новгород:rid_47,2,50,544
sty_search:s_none:cid_117714809:gid_5535966308:pid_54187282208:aid_16807763345:crid_0:rid_54187282208:p_1:pty_premium:mty_:mkw_:dty_desktop:cgcid_0:rn_Санкт-Петербург:rid_2,2,0,104
sty_search:s_none:cid_117714809:gid_5535966308:pid_54520454542:aid_16807763345:crid_0:rid_54520454542:p_1:pty_premium:mty_syn:mkw_:dty_desktop:cgcid_0:rn_Городской округ Люберцы:rid_98594,2,50,12
sty_search:s_none:cid_118128484:gid_5541029357:pid_55129022894:aid_16844097883:crid_0:rid_55129022894:p_1:pty_premium:mty_syn:mkw_:dty_desktop:cgcid_0:rn_Королёв:rid_20728,2,50,664
Um roadmap para dominar Python (e transformar sua carreira),1,100,0
sty_search:s_none:cid_117714809:gid_5535966308:pid_54187282208:aid_16807763345:crid_0:rid_54187282208:p_1:pty_premium:mty_:mkw_:dty_desktop:cgcid_0:rn_Астрахань:rid_37,1,100,0
sty_search:s_none:cid_117714809:gid_5535966308:pid_54187282208:aid_16807763345:crid_0:rid_54187282208:p_1:pty_premium:mty_:mkw_:dty_desktop:cgcid_0:rn_Колпинский район:rid_20293,1,0,293
sty_search:s_none:cid_117714809:gid_5535966308:pid_54187282208:aid_16807763345:crid_0:rid_54187282208:p_2:pty_other:mty_:mkw_:dty_desktop:cgcid_0:rn_Москва:rid_213,1,100,0
sty_search:s_none:cid_117714809:gid_5535966308:pid_54187282208:aid_16807763345:crid_0:rid_54187282208:p_2:pty_premium:mty_:mkw_:dty_desktop:cgcid_0:rn_Королёв:rid_20728,1,0,273
sty_search:s_none:cid_117714809:gid_5535966308:pid_54187282208:aid_16807763345:crid_0:rid_54187282208:p_2:pty_premium:mty_:mkw_:dty_desktop:cgcid_0:rn_Москва:rid_213,1,100,0
sty_search:s_none:cid_117714809:gid_5535966308:pid_54187396395:aid_16807763345:crid_0:rid_54187396395:p_1:pty_premium:mty_:mkw_:dty_desktop:cgcid_0:rn_Санкт-Петербург:rid_2,1,100,0
sty_search:s_none:cid_118128484:gid_5541029357:pid_55129022894:aid_16844097883:crid_0:rid_55129022894:p_1:pty_premium:mty_:mkw_:dty_desktop:cgcid_0:rn_Барнаул:rid_197,1,0,13
sty_search:s_none:cid_118128484:gid_5541029357:pid_55129022894:aid_16844097883:crid_0:rid_55129022894:p_1:pty_premium:mty_:mkw_:dty_desktop:cgcid_0:rn_Хотьково:rid_21645,1,0,22
sty_search:s_yandex.ru:cid_117714809:gid_5535966308:pid_54187282208:aid_16807763345:crid_0:rid_54187282208:p_1:pty_dynamic_places:mty_:mkw_:dty_desktop:cgcid_0:rn_Красноярск:rid_62,1,0,31
sty_search:s_yandex.ru:cid_117714809:gid_5535966308:pid_54187282208:aid_16807763345:crid_0:rid_54187282208:p_1:pty_dynamic_places:mty_:mkw_:dty_desktop:cgcid_0:rn_Москва и Московская область:rid_1,1,0,43
sty_search:s_yandex.ru:cid_117714809:gid_5535966308:pid_54187282208:aid_16807763345:crid_0:rid_54187282208:p_1:pty_other:mty_:mkw_:dty_desktop:cgcid_0:rn_Приозерский район:rid_98631,1,0,6
sty_search:s_yandex.ru:cid_117714809:gid_5535966308:pid_54187282208:aid_16807763345:crid_0:rid_54187282208:p_2:pty_dynamic_places:mty_:mkw_:dty_desktop:cgcid_0:rn_Свердловская область:rid_11162,1,100,0
