name,unique_entrances,total_entrances,visit_duration
/ja/latest/guides/installing-using-pip-and-virtual-environments/,81,83,107
/ja/latest/tutorials/installing-packages/,70,71,57
/ja/latest/guides/writing-pyproject-toml/,49,52,67
/ja/latest/discussions/setup-py-deprecated/,14,16,119
/ja/latest/discussions/versioning/,13,13,62
/ja/latest/tutorials/packaging-projects/,13,13,29
/ja/latest/discussions/src-layout-vs-flat-layout/,11,11,57
/en/latest/tutorials/installing-packages/,8,8,285
/ja/latest/guides/distributing-packages-using-setuptools/,7,7,206
/en/latest/guides/writing-pyproject-toml/,5,5,166
/ja/latest/specifications/version-specifiers/,5,5,36
/en/latest/tutorials/packaging-projects/,4,4,1224
/ja/latest/key_projects/,4,4,108
/ja/latest/specifications/platform-compatibility-tags/,4,5,131
/ja/latest/flow/,3,3,0
/ja/latest/glossary/,3,3,9
/ja/latest/guides/packaging-namespace-packages/,3,3,7
/ja/latest/specifications/direct-url/,3,3,97
/ja/latest/specifications/pyproject-toml/,3,3,164
/en/latest/specifications/dependency-specifiers/,2,2,272
/en/latest/specifications/inline-script-metadata/,2,2,2243
/ja/latest/,2,2,44
/ja/latest/discussions/package-formats/,2,2,0
/ja/latest/guides/analyzing-pypi-package-downloads/,2,2,0
/ja/latest/guides/installing-stand-alone-command-line-tools/,2,2,18
/ja/latest/guides/section-build-and-publish/,2,2,0
/ja/latest/overview/,2,2,12
/ja/latest/specifications/binary-distribution-format/,2,2,0
/ja/latest/specifications/entry-points/,2,2,72
/en/latest/,1,1,20
/en/latest/discussions/install-requires-vs-requirements/,1,1,18
/en/latest/discussions/src-layout-vs-flat-layout/,1,1,0
/en/latest/glossary/,1,1,107
/en/latest/guides/installing-scientific-packages/,1,1,79
/en/latest/overview/,1,1,41
/en/latest/specifications/entry-points/,1,1,1626
/ja/latest/discussions/install-requires-vs-requirements/,1,1,6
/ja/latest/discussions/pip-vs-easy-install/,1,1,0
/ja/latest/guides/,1,1,545
/ja/latest/guides/creating-command-line-tools/,1,1,0
/ja/latest/guides/installing-scientific-packages/,1,1,0
/ja/latest/guides/making-a-pypi-friendly-readme/,1,1,0
/ja/latest/guides/modernize-setup-py-project/,1,1,2984
/ja/latest/guides/section-install/,1,1,5
/ja/latest/guides/tool-recommendations/,1,1,0
/ja/latest/guides/using-manifest-in/,1,1,0
/ja/latest/specifications/,1,1,115
/ja/latest/specifications/dependency-specifiers/,1,1,0
/ja/latest/specifications/externally-managed-environments/,1,1,0
/ja/latest/specifications/license-expression/,1,1,0
/ja/latest/specifications/pypirc/,1,1,268
/ja/latest/specifications/recording-installed-packages/,1,1,0
/ja/latest/specifications/section-distribution-metadata/,1,1,83
/ja/latest/tutorials/managing-dependencies/,1,1,0
/pt-br/latest/tutorials/installing-packages/,1,1,28
