name,unique_entrances,total_entrances,visit_duration
/en/latest/tutorials/installing-packages/,7008,7186,62
/en/latest/guides/writing-pyproject-toml/,1560,1606,87
/en/latest/tutorials/packaging-projects/,1236,1271,94
/en/latest/guides/installing-using-pip-and-virtual-environments/,1153,1171,39
/en/latest/guides/tool-recommendations/,942,955,62
/en/latest/,538,550,114
/en/latest/specifications/binary-distribution-format/,402,406,53
/en/latest/glossary/,227,230,161
/en/latest/key_projects/,193,199,149
/en/latest/guides/distributing-packages-using-setuptools/,191,195,214
/en/latest/discussions/src-layout-vs-flat-layout/,172,194,87
/en/latest/overview/,138,144,312
/en/latest/specifications/dependency-specifiers/,121,124,65
/en/latest/specifications/pyproject-toml/,114,119,159
/en/latest/specifications/version-specifiers/,103,104,58
/en/latest/discussions/versioning/,99,99,147
/en/latest/guides/section-install/,99,99,78
/en/latest/guides/packaging-namespace-packages/,91,95,139
/en/latest/tutorials/managing-dependencies/,90,91,139
/en/latest/guides/installing-using-linux-tools/,88,88,68
/en/latest/specifications/entry-points/,83,87,102
/en/latest/guides/creating-command-line-tools/,73,74,88
/en/latest/guides/hosting-your-own-index/,64,67,233
/en/latest/flow/,55,55,41
/en/latest/guides/,55,56,267
/en/latest/tutorials/,55,55,108
/en/latest/specifications/inline-script-metadata/,53,53,16
/en/latest/specifications/core-metadata/,51,59,112
/en/latest/guides/installing-stand-alone-command-line-tools/,49,50,164
/en/latest/specifications/pypirc/,46,47,51
/en/latest/guides/modernize-setup-py-project/,43,43,135
/en/latest/specifications/dependency-groups/,43,44,176
/en/latest/discussions/setup-py-deprecated/,42,44,73
/en/latest/specifications/,41,42,203
/en/latest/guides/section-build-and-publish/,40,40,126
/en/latest/guides/creating-and-discovering-plugins/,37,38,91
/en/latest/discussions/deploying-python-applications/,35,35,206
/en/latest/guides/installing-using-virtualenv/,35,36,212
/en/latest/guides/publishing-package-distribution-releases-using-github-actions-ci-cd-workflows/,34,34,49
/en/latest/guides/using-testpypi/,33,33,296
/en/latest/search/,33,33,70
/en/latest/guides/analyzing-pypi-package-downloads/,30,30,99
/en/latest/specifications/pylock-toml/,30,31,62
/en/latest/guides/licensing-examples-and-user-scenarios/,28,29,37
/en/latest/discussions/package-formats/,27,28,4
/en/latest/guides/packaging-binary-extensions/,27,28,10
/en/latest/specifications/platform-compatibility-tags/,26,26,31
/en/latest/specifications/simple-repository-api/,26,26,37
/en/latest/discussions/single-source-version/,23,23,274
/en/latest/guides/installing-scientific-packages/,22,22,31
/en/latest/discussions/install-requires-vs-requirements/,21,21,177
/en/latest/guides/using-manifest-in/,21,21,158
/en/latest/specifications/externally-managed-environments/,19,19,0
/en/latest/specifications/name-normalization/,18,19,234
/en/latest/discussions/pip-vs-easy-install/,17,17,85
/en/latest/discussions/distribution-package-vs-import-package/,16,16,21
/en/latest/guides/making-a-pypi-friendly-readme/,15,16,9
/en/latest/specifications/recording-installed-packages/,11,11,276
/en/latest/guides/dropping-older-python-versions/,9,9,76
/en/latest/guides/migrating-to-pypi-org/,8,9,17
/en/latest/discussions/,7,7,83
/en/latest/guides/index-mirrors-and-caches/,7,7,98
/en/latest/specifications/source-distribution-format/,7,8,5
/en/latest/specifications/well-known-project-urls/,7,7,269
/en/latest/contribute/,6,6,6
/en/latest/guides/single-sourcing-package-version/,6,6,0
/en/latest/specifications/section-distribution-metadata/,6,6,296
/en/latest/specifications/license-expression/,5,6,24
/en/latest/news/,4,4,0
/ja/latest/guides/writing-pyproject-toml/,4,4,916
/en/latest/specifications/direct-url-data-structure/,3,3,0
/en/latest/specifications/project-status-markers/,3,3,0
/en/latest/support/,3,3,28
/en/latest/guides/section-hosting/,2,2,10
/en/latest/specifications/direct-url/,2,2,1399
/en/latest/specifications/glob-patterns/,2,2,18
/en/latest/specifications/section-distribution-formats/,2,2,128
/en/latest/specifications/virtual-environments/,2,2,0
/ja/latest/tutorials/installing-packages/,2,2,221
/,1,1,519
/en/latest/genindex/,1,1,0
/en/latest/guides/multi-version-installs/,1,1,0
/en/latest/specifications/build-details/v1.0/,1,1,0
/en/latest/specifications/file-yanking/,1,1,0
/en/latest/specifications/index-hosted-attestations/,1,1,0
/en/latest/specifications/schemas/,1,1,0
/en/latest/specifications/section-installation-metadata/,1,1,464
/en/latest/specifications/section-package-indices/,1,1,0
/en/latest/specifications/section-python-description-formats/,1,1,19
/en/latest/specifications/section-reproducible-environments/,1,1,19
/en/latest/tutorials/creating-documentation/,1,1,43
/ja/latest/guides/packaging-namespace-packages/,1,1,271
/ja/latest/guides/section-build-and-publish/,1,1,2912
/ja/latest/specifications/,1,1,751
/ja/latest/specifications/pyproject-toml/,1,1,296
/ja/latest/tutorials/packaging-projects/,1,1,722
/pt-br/latest/guides/creating-command-line-tools/,1,1,317
/pt-br/latest/guides/installing-scientific-packages/,1,1,1
/pt-br/latest/guides/installing-using-pip-and-virtual-environments/,1,1,198
/pt-br/latest/tutorials/installing-packages/,1,1,4
/tutorials/installing-packages/,1,1,722
