name,unique_exits,total_exits,exit_rate
/ko/dev/c-api/marshal.html,547,548,
/ko/3.13/library/intro.html,131,131,
/ko/3.13/tutorial/index.html,50,53,
/ko/3/tutorial/index.html,40,42,
/ja/3.13/c-api/capsule.html,30,30,
/ko/dev/tutorial/inputoutput.html,26,26,
/ko/3/,25,27,
/ko/3.13/installing/index.html,23,23,
/ko/3.13/library/index.html,23,24,
/ko/3.13/library/functions.html,22,22,
/ko/3.13/tutorial/controlflow.html,17,20,
/uk/dev/extending/newtypes_tutorial.html,17,17,
/ko/3.13/tutorial/errors.html,16,16,
/ko/3.13/library/idle.html,14,15,
/ko/3.13/tutorial/interpreter.html,14,14,
/ko/3/tutorial/introduction.html,14,14,
/ja/3/c-api/import.html,13,13,
/ko/3.13/tutorial/classes.html,13,13,
/ko/dev/bugs.html,13,13,
/ko/3.13/howto/regex.html,12,12,
/ko/3/tutorial/,12,12,
/ko/dev/using/index.html,12,12,
/ja/3.13/copyright.html,11,11,
/ko/3.13/library/collections.html,11,12,
/ko/3.13/search.html,11,12,
/ko/3.13/tutorial/introduction.html,11,11,
/ko/3/library/index.html,11,12,
/ko/3.13/library/math.html,10,10,
/ko/3.13/howto/sorting.html,9,9,
/ko/3.13/library/asyncio-task.html,9,10,
/ko/3.13/library/re.html,9,9,
/ko/3.13/library/threading.html,9,9,
/ko/3/library/stdtypes.html,9,9,
/ko/dev/library/marshal.html,9,9,
/3/,8,8,
/ko/3.13/library/argparse.html,8,8,
/ko/3.13/library/asyncio.html,8,8,
/ko/3.13/library/os.path.html,8,8,
/ko/3.13/library/stdtypes.html,8,8,
/ko/3.13/library/subprocess.html,8,8,
/ko/3.13/tutorial/datastructures.html,8,8,
/ko/3/library/logging.handlers.html,8,9,
/ko/3/tutorial/appetite.html,8,8,
/ko/3.13/library/multiprocessing.html,7,7,
/ko/3.13/library/struct.html,7,7,
/ko/3.13/reference/datamodel.html,7,7,
/ko/3.13/tutorial/appetite.html,7,7,
/ko/3.13/whatsnew/index.html,7,7,
/ko/3/library/datetime.html,7,7,
/ko/3/library/functions.html,7,7,
/ko/3/tutorial/controlflow.html,7,7,
/ko/3/tutorial/interpreter.html,7,7,
/ko/3.13/library/heapq.html,6,7,
/ko/3.13/library/html.parser.html,6,6,
/ko/3.13/library/pickle.html,6,6,
/ko/3.13/library/venv.html,6,6,
/ko/3.13/using/windows.html,6,6,
/ko/3/library/configparser.html,6,6,
/ko/3/library/tempfile.html,6,6,
/ko/3/search.html,6,6,
/3/library/typing.html,5,5,
/ko/3.12/using/index.html,5,5,
/ko/3.13/library/concurrent.futures.html,5,5,
/ko/3.13/library/random.html,5,5,
/ko/3.13/library/xml.etree.elementtree.html,5,5,
/ko/3.13/reference/lexical_analysis.html,5,5,
/ko/3.13/tutorial/modules.html,5,5,
/ko/3/library/contextlib.html,5,5,
/3/library/urllib.request.html,4,4,
/ko/3.13/library/csv.html,4,4,
/ko/3.13/library/errno.html,4,4,
/ko/3.13/library/ipaddress.html,4,4,
/ko/3.13/library/json.html,4,4,
/ko/3.13/library/shutil.html,4,4,
/ko/3.13/tutorial/inputoutput.html,4,4,
/ko/3.13/whatsnew/3.13.html,4,4,
/ko/3/c-api/intro.html,4,4,
/ko/3/library/uuid.html,4,4,
/ko/3/using/windows.html,4,5,
/3.13/tutorial/classes.html,3,3,
/3.13/tutorial/index.html,3,3,
/3/library/logging.html,3,3,
/3/tutorial/index.html,3,3,
/ko/3.13/c-api/index.html,3,3,
/ko/3.13/glossary.html,3,3,
/ko/3.13/howto/ipaddress.html,3,3,
/ko/3.13/index.html,3,3,
/ko/3.13/library/contextvars.html,3,3,
/ko/3.13/library/difflib.html,3,3,
/ko/3.13/library/gzip.html,3,3,
/ko/3.13/library/itertools.html,3,4,
/ko/3.13/library/logging.html,3,3,
/ko/3.13/library/os.html,3,3,
/ko/3.13/library/pathlib.html,3,3,
/ko/3.13/library/pprint.html,3,3,
/ko/3.13/library/tkinter.ttk.html,3,3,
/ko/3.13/library/turtle.html,3,3,
/ko/3.13/library/unicodedata.html,3,3,
/ko/3.13/library/warnings.html,3,3,
/ko/3.13/library/zoneinfo.html,3,3,
