name,visitors,bounce_rate,visit_duration
Google,1158,79,150
Direct / None,363,71,301
python.org,27,0,495
Bing,25,69,516
steam.oxxostudio.tw,16,41,442
Baidu,12,70,34
chatgpt.com,11,38,556
Yahoo!,3,33,57
finlab.tw,3,50,90
ithelp.ithome.com.tw,3,50,187
realnewbie.com,3,75,24
python.p2hp.com,2,0,1257
GitHub,1,0,12320
Microsoft Teams,1,0,6
Perplexity,1,0,13
Twitter,1,100,0
Wikipedia,1,0,37
alincode.github.io,1,0,1072
blog.louie.lu,1,0,149
byhy.net,1,0,1633
chat.baidu.com,1,0,515
chat18.aichatos.xyz,1,0,1028
desktop.arcgis.com,1,0,184
doubao.com,1,0,53
leetcode.com,1,0,1302
link.csdn.net,1,0,573
matplotlib.org,1,0,1349
medium.com,1,0,701
moodle.gymnase-morges.ch,1,0,488
notion.so,1,100,0
prod.uhrs.playmsn.com,1,0,1
pyserial.readthedocs.io,1,0,313
ss.chatleft.com,1,0,1639
tw.alphacamp.co,1,0,6
ummoodle.um.edu.mo,1,0,12
vocus.cc,1,0,2
wiki.python.org,1,0,43
yr7ywq.smartapps.baidu.com,1,0,70
