name,version,visitors
Chrome,144.0,1139
Mobile App,(not set),432
Microsoft Edge,144.0,303
Chrome,132.0,276
Safari,26.2,150
Chrome,143.0,133
Firefox,147.0,128
Safari,18.6,41
Sogou Explorer,2,24
Chrome,139.0,22
Chrome,111.0,20
Firefox,140.0,17
Chrome,142.0,17
Microsoft Edge,143.0,17
Safari,26.1,16
Safari,18.7,14
Firefox,5.0,14
Mobile App,97.0,14
Huawei Browser Mobile,16.0,13
Chrome,69.0,13
Chrome,145.0,12
vivo Browser,27.9,11
Chrome,131.0,10
Firefox,146.0,9
Chrome,109.0,8
Safari,(not set),7
Chrome,107.0,7
Chrome,110.0,7
Chrome,120.0,7
Chrome,133.0,7
(not set),(not set),6
360 Secure Browser,(not set),6
Brave,(not set),6
Chrome,106.0,6
Mobile App,116.0,6
Chrome,138.0,6
Chrome,105.0,5
Chrome,108.0,5
Chrome,117.0,5
Opera,126.0,5
Chrome,141.0,5
Chrome,112.0,4
Chrome,116.0,4
Chrome,136.0,4
Mobile Silk,138.11,4
Microsoft Edge,142.0,4
Safari,15.6,4
Safari,16.3,4
Safari,16.6,4
Safari,18.3,4
MIUI Browser,20.10,4
MIUI Browser,20.11,4
Safari,26.0,4
Safari,26.4,4
QQ Browser,6.2,4
Chrome,103.0,3
Safari,18.2,3
Safari,18.5,3
Samsung Browser,29.0,3
Chrome,104.0,2
Mobile Silk,108.18,2
MIUI Browser,11.0,2
Firefox,115.0,2
Chrome,118.0,2
Microsoft Edge,122.0,2
Chrome,128.0,2
Firefox,128.0,2
Chrome,130.0,2
Chrome,135.0,2
Microsoft Edge,137.0,2
Microsoft Edge,141.0,2
Avast Secure Browser,143.0,2
Firefox,143.0,2
Microsoft Edge,145.0,2
Microsoft Edge,146.0,2
Huawei Browser Mobile,15.0,2
Safari,15.7,2
Safari,16.1,2
Safari,17.6,2
Safari,18.4,2
MIUI Browser,20.8,2
Mypal,28.9,2
Samsung Browser,29.1,2
Huawei Browser Mobile,5.1,2
Android Browser,(not set),1
MIUI Browser,1.0,1
Quark,10.2,1
Quark,10.4,1
vivo Browser,10.8,1
Microsoft Edge,107.0,1
Chrome,115.0,1
Chrome,119.0,1
Chrome,123.0,1
Chrome,124.0,1
Opera,125.0,1
Mobile App,126.0,1
Chrome,126.0,1
Safari,13.1,1
QQ Browser,13.3,1
Microsoft Edge,134.0,1
Firefox,137.0,1
Chrome,140.0,1
Mobile Silk,142.7,1
Norton Private Browser,143.0,1
Firefox,148.0,1
Safari,15.4,1
Safari,16.0,1
Safari,17.3,1
Safari,17.4,1
Safari,17.5,1
MIUI Browser,17.6,1
UC Browser,17.7,1
UC Browser,18.4,1
UC Browser,18.5,1
vivo Browser,19.1,1
QQ Browser,26,1
vivo Browser,27.1,1
vivo Browser,27.8,1
Sleipnir,6.5,1
Chrome,78.0,1
Firefox,79.0,1
vivo Browser,8.5,1
Chrome,97.0,1
Chrome,99.0,1
