property,value,visitors,events,percentage
url,(none),11710,23233,99.6
url,https://www.python.org/,216,266,1.8
url,https://www.python.org/downloads/,110,120,0.9
url,https://github.com/python/cpython/tree/3.14/Lib/idlelib/,38,58,0.3
url,https://apps.microsoft.com/detail/9NQ7512CXL7T,33,38,0.3
url,https://docs.python.org/zh-cn/3.14/archives/python-3.14-docs-html.zip,23,23,0.2
url,https://pypi.org/,23,29,0.2
url,https://docs.python.org/zh-cn/3/archives/python-3.14-docs-html.zip,17,18,0.1
url,https://www.python.org/downloads/macos/,14,14,0.1
url,https://docs.python.org/zh-cn/3.14/archives/python-3.14-docs.epub,13,13,0.1
url,https://docs.python.org/zh-cn/3.14/archives/python-3.14-docs-text.zip,12,12,0.1
url,https://devguide.python.org/documentation/start-documenting/#building-the-documentation,10,10,0.1
url,https://docs.python.org/zh-cn/3.13/archives/python-3.13-docs-html.zip,10,10,0.1
url,https://github.com/python/cpython/tree/3.14/Lib/idlelib,7,8,0.1
url,https://docs.python.org/zh-cn/3.15/archives/python-3.15-docs.epub,5,5,0.0
url,https://docs.python.org/zh-cn/3/archives/python-3.14-docs-text.zip,5,5,0.0
url,https://github.com/python/cpython/tree/3.14/Lib/turtle.py,5,6,0.0
url,https://tkdocs.com/,5,5,0.0
url,https://docs.python.org/zh-cn/3.14/archives/python-3.14-docs-html.tar.bz2,4,4,0.0
url,https://docs.python.org/zh-cn/3.14/archives/python-3.14-docs-texinfo.zip,4,4,0.0
url,https://docs.python.org/zh-cn/3/archives/python-3.14-docs.epub,4,4,0.0
url,https://packaging.python.org/,4,5,0.0
url,https://packaging.python.org/en/latest/tutorials/installing-packages/#ensure-pip-setuptools-and-wheel-are-up-to-date,4,8,0.0
url,https://packaging.python.org/en/latest/tutorials/packaging-projects/,4,4,0.0
url,https://pypi.org/project/telnetlib3/,4,4,0.0
url,https://www.debian.org/doc/manuals/maint-guide/first.en.html,4,5,0.0
url,https://www.python.org/doc/versions/,4,4,0.0
url,https://www.python.org/psf/donations/,4,4,0.0
url,https://www.tcl.tk/man/tcl8.6/TkCmd/contents.htm,4,4,0.0
url,https://briefcase.readthedocs.io/,3,3,0.0
url,https://docs.python.org/zh-cn/3.13/archives/python-3.13-docs-text.zip,3,3,0.0
url,https://docs.python.org/zh-cn/3.15/archives/python-3.15-docs-text.zip,3,3,0.0
url,https://github.com/anordin95/a-conceptual-overview-of-asyncio/tree/main,3,3,0.0
url,https://github.com/python/cpython/tree/3.14/Lib/tkinter/__init__.py,3,3,0.0
url,https://packaging.python.org/science/,3,3,0.0
url,https://peps.python.org/pep-0008/,3,3,0.0
url,https://peps.python.org/pep-0749/,3,3,0.0
url,https://wiki.python.org/moin/BeginnersGuide,3,3,0.0
url,https://wiki.python.org/moin/IntegratedDevelopmentEnvironments,3,3,0.0
url,https://www.python.org/downloads/android/,3,3,0.0
url,https://www.tkdocs.com/shipman/,3,4,0.0
url,https://cibuildwheel.pypa.io/en/stable/platforms/#android,2,2,0.0
url,https://core.tcl.tk/tips/doc/trunk/tip/48.md,2,2,0.0
url,https://docs.python.org/zh-cn/3.13/archives/python-3.13-docs.epub,2,2,0.0
url,https://docs.python.org/zh-cn/3.14/archives/python-3.14-docs-texinfo.tar.bz2,2,2,0.0
url,https://docs.python.org/zh-cn/3.14/archives/python-3.14-docs-text.tar.bz2,2,2,0.0
url,https://docs.python.org/zh-cn/3/archives/python-3.14-docs-texinfo.zip,2,2,0.0
url,https://github.com/python/cpython/blob/main/Doc/library/smtplib.rst?plain=1,2,2,0.0
url,https://github.com/python/cpython/issues/103998,2,2,0.0
url,https://github.com/python/cpython/tree/3.13/Android/README.md,2,2,0.0
url,https://github.com/python/cpython/tree/3.14/Lib/random.py,2,2,0.0
url,https://github.com/python/cpython/tree/main/Lib/bisect.py,2,3,0.0
url,https://github.com/python/cpython/tree/main/Lib/enum.py,2,3,0.0
url,https://json.org/,2,3,0.0
url,https://packaging.python.org/installing/#creating-virtual-environments,2,3,0.0
url,https://packaging.python.org/installing/#requirements-for-installing-packages,2,3,0.0
url,https://peps.python.org/,2,2,0.0
url,https://peps.python.org/pep-0434/,2,2,0.0
url,https://peps.python.org/pep-0745/,2,2,0.0
url,https://pythonnet.github.io/,2,2,0.0
url,https://tktable.sourceforge.net/tile/doc/converting.txt,2,2,0.0
url,https://www.cambridgeincolour.com/tutorials/color-spaces.htm,2,3,0.0
url,https://www.jython.org/,2,2,0.0
url,https://www.sphinx-doc.org/,2,2,0.0
url,https://aosabook.org/en/500L/a-web-crawler-with-asyncio-coroutines.html,1,1,0.0
url,https://brew.sh/,1,1,0.0
url,https://bugs.python.org/issue?@action=redirect&bpo=37207,1,1,0.0
url,https://code.activestate.com/recipes/langs/python/,1,1,0.0
url,https://datatracker.ietf.org/doc/html/rfc4180.html,1,1,0.0
url,https://datatracker.ietf.org/doc/html/rfc4627.html,1,1,0.0
url,https://datatracker.ietf.org/doc/html/rfc7159.html,1,3,0.0
url,https://datatracker.ietf.org/doc/html/rfc821.html,1,1,0.0
url,https://datatracker.ietf.org/doc/html/rfc9562.html,1,1,0.0
url,https://datatracker.ietf.org/doc/html/rfc9562.html#section-5.1,1,1,0.0
url,https://devguide.python.org/,1,1,0.0
url,https://devguide.python.org/setup/#get-the-source-code,1,1,0.0
url,https://docs.pytest.org/,1,1,0.0
url,https://docs.python.org/zh-cn/3.13/archives/python-3.13-docs-html.tar.bz2,1,1,0.0
url,https://docs.python.org/zh-cn/3.13/archives/python-3.13-docs-pdf-a4.tar.bz2,1,1,0.0
url,https://docs.python.org/zh-cn/3.13/archives/python-3.13-docs-pdf-a4.zip,1,1,0.0
url,https://docs.python.org/zh-cn/3.13/archives/python-3.13-docs-texinfo.tar.bz2,1,1,0.0
url,https://docs.python.org/zh-cn/3.13/archives/python-3.13-docs-texinfo.zip,1,1,0.0
url,https://docs.python.org/zh-cn/3.13/archives/python-3.13-docs-text.tar.bz2,1,1,0.0
url,https://docs.python.org/zh-cn/3.15/archives/python-3.15-docs-html.zip,1,1,0.0
url,https://docs.python.org/zh-cn/3.15/archives/python-3.15-docs-texinfo.zip,1,1,0.0
url,https://docs.python.org/zh-cn/3.15/archives/python-3.15-docs-text.tar.bz2,1,1,0.0
url,https://docs.python.org/zh-cn/3/archives/python-3.14-docs-html.tar.bz2,1,1,0.0
url,https://docs.python.org/zh-cn/dev/archives/python-3.15-docs-html.zip,1,1,0.0
url,https://en.cppreference.com/w/c/11,1,1,0.0
url,https://en.wikipedia.org/wiki/Backus%E2%80%93Naur_form,1,1,0.0
url,https://en.wikipedia.org/wiki/Coordinated_Universal_Time,1,1,0.0
url,https://en.wikipedia.org/wiki/Extended_Backus%E2%80%93Naur_form,1,1,0.0
url,https://en.wikipedia.org/wiki/Fibonacci_sequence,1,1,0.0
url,https://en.wikipedia.org/wiki/Functional_programming,1,1,0.0
url,https://en.wikipedia.org/wiki/Lexical_analysis,1,1,0.0
url,https://en.wikipedia.org/wiki/Parsing_expression_grammar,1,1,0.0
url,https://en.wikipedia.org/wiki/Turtle_(robot),1,1,0.0
url,https://github.com/python/cpython/blob/main/Doc/bugs.rst?plain=1,1,1,0.0
url,https://github.com/python/cpython/blob/main/Doc/installing/index.rst?plain=1,1,1,0.0
url,https://github.com/python/cpython/blob/main/Doc/library/functions.rst,1,1,0.0
url,https://github.com/python/cpython/blob/main/Doc/library/gzip.rst?plain=1,1,2,0.0
url,https://github.com/python/cpython/blob/main/Doc/library/time.rst?plain=1,1,1,0.0
url,https://github.com/python/cpython/blob/main/Doc/tutorial/index.rst?plain=1,1,1,0.0
url,https://github.com/python/cpython/issues/103082,1,1,0.0
url,https://github.com/python/cpython/issues/103636,1,1,0.0
url,https://github.com/python/cpython/issues/133382,1,1,0.0
url,https://github.com/python/cpython/issues/69639,1,1,0.0
url,https://github.com/python/cpython/issues/91555,1,1,0.0
url,https://github.com/python/cpython/tree/3.12/Lib/asyncio/coroutines.py,1,1,0.0
url,https://github.com/python/cpython/tree/3.13/Android/testbed/app/src/main/c/main_activity.c,1,1,0.0
url,https://github.com/python/cpython/tree/3.13/Lib/csv.py,1,1,0.0
url,https://github.com/python/cpython/tree/3.13/Lib/random.py,1,1,0.0
url,https://github.com/python/cpython/tree/3.14/Android/testbed/app/src/main/java/org/python/testbed/MainActivity.kt,1,1,0.0
url,https://github.com/python/cpython/tree/3.14/Lib/argparse.py,1,1,0.0
url,https://github.com/python/cpython/tree/3.14/Lib/colorsys.py,1,1,0.0
url,https://github.com/python/cpython/tree/3.14/Lib/csv.py,1,1,0.0
url,https://github.com/python/cpython/tree/3.14/Lib/difflib.py,1,1,0.0
url,https://github.com/python/cpython/tree/3.14/Lib/logging/handlers.py,1,1,0.0
url,https://github.com/python/cpython/tree/3.14/Lib/operator.py,1,1,0.0
url,https://github.com/python/cpython/tree/3.14/Lib/platform.py,1,1,0.0
url,https://github.com/python/cpython/tree/3.14/Lib/pydoc.py,1,1,0.0
url,https://github.com/python/cpython/tree/3.14/Lib/re/,1,1,0.0
url,https://github.com/python/cpython/tree/3.14/Lib/site.py,1,1,0.0
url,https://github.com/python/cpython/tree/3.14/Lib/smtplib.py,1,1,0.0
url,https://github.com/python/cpython/tree/3.14/Lib/socket.py,1,1,0.0
url,https://github.com/python/cpython/tree/3.14/Lib/threading.py,1,1,0.0
url,https://github.com/python/cpython/tree/3.14/Lib/tkinter/dnd.py,1,1,0.0
url,https://github.com/python/cpython/tree/3.14/Lib/tkinter/ttk.py,1,1,0.0
url,https://github.com/python/cpython/tree/3.14/Lib/unittest/__init__.py,1,1,0.0
url,https://github.com/python/cpython/tree/3.14/Lib/webbrowser.py,1,1,0.0
url,https://github.com/python/cpython/tree/3.14/Objects/exceptions.c,1,1,0.0
url,https://github.com/python/cpython/tree/3.14/README.rst,1,1,0.0
url,https://github.com/python/cpython/tree/main/Android/testbed,1,1,0.0
url,https://github.com/python/cpython/tree/main/Lib/http/client.py,1,1,0.0
url,https://github.com/python/cpython/tree/main/Lib/idlelib/,1,1,0.0
url,https://github.com/python/cpython/tree/main/Lib/struct.py,1,1,0.0
url,https://github.com/python/python-docs-zh-CN/blob/3.14/bugs.po?plain=1,1,1,0.0
url,https://github.com/python/python-docs-zh-CN/blob/3.14/contents.po?plain=1,1,1,0.0
url,https://github.com/python/python-docs-zh-CN/blob/3.14/distributing/index.po?plain=1,1,1,0.0
url,https://github.com/python/python-docs-zh-CN/blob/3.14/glossary.po?plain=1,1,1,0.0
url,https://github.com/python/python-docs-zh-CN/blob/3.14/installing/index.po?plain=1,1,1,0.0
url,https://github.com/python/python-docs-zh-CN/blob/3.14/library/socket.po?plain=1,1,1,0.0
url,https://gvanrossum.github.io/,1,1,0.0
url,https://ironpython.net/,1,1,0.0
url,https://learn.microsoft.com/cpp/mfc/mfc-desktop-applications,1,1,0.0
url,https://manpages.debian.org/bind(3tk)%20%E7%9A%84%E6%89%8B%E5%86%8C%E9%A1%B5%E5%92%8C%20John%20Outsterhout%20%E7%9A%84%E4%B9%A6%EF%BC%8C:title-reference:%60Tcl%20and%20the%20Tk%20Toolkit%20(2nd%20edition),1,1,0.0
url,https://manpages.debian.org/pthread_getcpuclockid(3),1,1,0.0
url,https://nuitka.net/,1,1,0.0
url,https://opensource.org/,1,1,0.0
url,https://packaging.python.org/en/latest/tutorials/installing-packages/,1,1,0.0
url,https://packaging.python.org/installing/,1,1,0.0
url,https://peps.python.org/pep-0011/#tier-3,1,1,0.0
url,https://peps.python.org/pep-0324/,1,1,0.0
url,https://peps.python.org/pep-0397/,1,1,0.0
url,https://peps.python.org/pep-0488/,1,1,0.0
url,https://peps.python.org/pep-0590/,1,1,0.0
url,https://peps.python.org/pep-0636/,1,1,0.0
url,https://peps.python.org/pep-0649/,1,1,0.0
url,https://peps.python.org/pep-0672/,1,1,0.0
url,https://peps.python.org/pep-0703/,1,1,0.0
url,https://peps.python.org/pep-0734/,1,1,0.0
url,https://peps.python.org/pep-0750/,1,1,0.0
url,https://peps.python.org/pep-3105/,1,1,0.0
url,https://peps.python.org/pep-3131/,1,1,0.0
url,https://peps.python.org/pep-3147/,1,1,0.0
url,https://poynton.ca/ColorFAQ.html,1,1,0.0
url,https://pypi.org/project/click/,1,1,0.0
url,https://pypi.org/project/regex/,1,1,0.0
url,https://pypi.org/project/tzdata/,1,1,0.0
url,https://pypy.org/,1,1,0.0
url,https://riverbankcomputing.com/software/pyqt/,1,1,0.0
url,https://termux.dev/en/,1,1,0.0
url,https://tiswww.case.edu/php/chet/readline/rltop.html,1,1,0.0
url,https://toml.io/en/,1,1,0.0
url,https://typing.python.org/en/latest/spec/index.html,1,1,0.0
url,https://wiki.python.org/moin/GuiProgramming,1,1,0.0
url,https://wiki.python.org/moin/PythonBooks,1,1,0.0
url,https://wiki.python.org/moin/PythonEditors,1,1,0.0
url,https://wiki.python.org/moin/PythonTestingToolsTaxonomy,1,1,0.0
url,https://wiki.qt.io/Qt_for_Python,1,1,0.0
url,https://wsgi.readthedocs.io/,1,1,0.0
url,https://www.barebones.com/products/bbedit/index.html,1,1,0.0
url,https://www.riverbankcomputing.com/static/Docs/pyqtdeploy/,1,1,0.0
url,https://www.tcl.tk/,1,1,0.0
url,https://www.unicode.org/,1,1,0.0
url,https://www.unicode.org/versions/Unicode16.0.0/core-spec/chapter-4/#G91002,1,1,0.0
url,https://www.youtube.com/watch?v=Xbl7XjFYsN4&list=PLhNSoGM2ik6SIkVGXWBwerucXjgP1rHmB,1,1,0.0
