name,unique_exits,total_exits,exit_rate
/zh-cn/3/tutorial/index.html,475,486,
/zh-cn/3/,316,323,
/zh-cn/3.15/using/windows.html,230,234,
/zh-cn/3/library/idle.html,229,231,
/zh-cn/3/library/index.html,186,193,
/zh-cn/3.14/tutorial/index.html,180,189,
/zh-cn/3/using/index.html,174,178,
/zh-cn/3/tutorial/controlflow.html,171,174,
/zh-cn/3.14/,170,175,
/zh-cn/3/tutorial/interpreter.html,161,162,
/zh-cn/3/using/mac.html,154,158,
/zh-cn/3/tutorial/introduction.html,144,149,
/zh-cn/3/library/venv.html,136,138,
/dev/using/windows.html,122,123,
/zh-cn/3/using/windows.html,121,124,
/zh-cn/3/library/turtle.html,115,120,
/zh-cn/3/library/functions.html,108,114,
/zh-cn/3/using/,104,105,
/zh-cn/3.14/library/index.html,100,109,
/zh-cn/3/library/re.html,92,95,
/zh-cn/3/tutorial/classes.html,90,91,
/zh-cn/3/tutorial/,88,90,
/3/,86,86,
/zh-cn/3/tutorial/datastructures.html,83,88,
/zh-cn/3.14/tutorial/controlflow.html,82,87,
/zh-cn/3.13/tutorial/index.html,81,83,
/zh-cn/3/library/stdtypes.html,79,83,
/zh-cn/3/library/random.html,76,78,
/zh-cn/3.14/tutorial/introduction.html,74,80,
/zh-cn/3/library/tkinter.html,74,75,
/zh-cn/3/using/cmdline.html,70,71,
/zh-cn/3/tutorial/appetite.html,69,69,
/zh-cn/3/library/tk.html,66,66,
/zh-cn/3.14/library/stdtypes.html,64,70,
/zh-cn/3/reference/index.html,64,64,
/zh-cn/3/library/math.html,56,56,
/zh-cn/3/contents.html,53,53,
/zh-cn/3.14/tutorial/interpreter.html,52,54,
/zh-cn/3/search.html,52,52,
/zh-cn/3.14/search.html,51,53,
/zh-cn/3.14/whatsnew/3.14.html,51,56,
/zh-cn/3/glossary.html,50,50,
/zh-cn/3/tutorial/modules.html,49,52,
/zh-cn/3/tutorial/inputoutput.html,48,50,
/zh-cn/3.14/library/functions.html,47,48,
/zh-cn/3.14/library/idle.html,46,47,
/zh-cn/3/library/multiprocessing.html,46,47,
/zh-cn/3/library/,43,43,
/zh-cn/3/library/os.html,42,42,
/zh-cn/3/reference/lexical_analysis.html,42,43,
/zh-cn/3.14/installing/index.html,40,40,
/zh-cn/3.14/tutorial/datastructures.html,40,42,
/zh-cn/3/index.html,40,40,
/zh-cn/3.14/contents.html,39,40,
/zh-cn/3.14/tutorial/classes.html,39,42,
/zh-cn/3.14/tutorial/modules.html,39,40,
/zh-cn/3/library/typing.html,38,39,
/zh-cn/3.14/using/windows.html,37,39,
/zh-cn/3/library/datetime.html,37,38,
/zh-cn/3.14/download.html,36,36,
/zh-cn/3/library/asyncio-task.html,36,38,
/zh-cn/3/library/logging.html,36,36,
/zh-cn/3/library/struct.html,36,36,
/zh-cn/3/library/tkinter.ttk.html,36,38,
/zh-cn/3/whatsnew/3.14.html,36,37,
/zh-cn/3/library/subprocess.html,35,35,
/zh-cn/3.14/tutorial/appetite.html,34,34,
/zh-cn/3/installing/index.html,34,35,
/zh-cn/3.13/library/index.html,33,34,
/zh-cn/3/library/asyncio.html,33,33,
/zh-cn/3.14/index.html,31,31,
/zh-cn/3/library/argparse.html,31,31,
/zh-cn/3/library/itertools.html,31,31,
/zh-cn/3/library/threading.html,31,32,
/zh-cn/3/download.html,30,30,
/zh-cn/3/howto/argparse.html,30,30,
/zh-cn/3/library/collections.html,29,29,
/zh-cn/3/tutorial/errors.html,29,30,
/zh-cn/3/library/unittest.html,28,29,
/zh-cn/3.12/contents.html,27,27,
/zh-cn/3.13/,27,28,
/zh-cn/3.12/,26,26,
/zh-cn/3.14/glossary.html,26,26,
/zh-cn/3/howto/regex.html,26,27,
/zh-cn/3.14/tutorial/,25,25,
/zh-cn/3.14/tutorial/inputoutput.html,25,27,
/zh-cn/3/library/time.html,25,25,
/zh-cn/3/py-modindex.html,25,25,
/zh-cn/3/tutorial/venv.html,25,25,
/zh-cn/3.14/library/multiprocessing.html,24,26,
/zh-cn/3.14/reference/index.html,24,24,
/zh-cn/3/reference/introduction.html,24,24,
/zh-cn/3.14/using/index.html,23,23,
/zh-cn/3/library/dataclasses.html,23,23,
/zh-cn/3.13/library/stdtypes.html,22,24,
/zh-cn/3/library/pathlib.html,22,22,
/zh-cn/3/using/unix.html,22,22,
/zh-cn/3/library/csv.html,21,21,
/zh-cn/3/library/traceback.html,21,21,
/3.14/,20,20,
