name,visitors,pageviews,bounce_rate,time_on_page,scroll_depth
/ko/dev/c-api/marshal.html,98,102,79,4,47
/ko/3/tutorial/index.html,48,74,53,43,56
/ko/3/,36,41,61,10,79
/ko/3/c-api/intro.html,30,32,87,4,8
/ko/3.15/using/windows.html,26,32,58,24,27
/ko/3/library/index.html,21,26,59,23,47
/ko/3/tutorial/interpreter.html,19,24,67,24,79
/ko/3/library/functions.html,14,13,78,23,34
/ko/3/library/stdtypes.html,14,14,100,23,34
/ko/3/tutorial/introduction.html,14,19,83,78,49
/ko/3/installing/index.html,13,15,67,21,53
/ko/3/search.html,13,11,75,4,33
/ko/3/tutorial/appetite.html,13,12,25,29,96
/ko/3/tutorial/controlflow.html,13,15,60,94,66
/ko/dev/tutorial/inputoutput.html,13,12,71,2,16
/ko/3.14/tutorial/index.html,12,16,71,40,83
/ko/3.14/,11,11,33,21,79
/ko/3.14/reference/compound_stmts.html,11,12,91,21,64
/ko/3.13/c-api/intro.html,10,9,89,37,50
/ko/3.15/library/hmac.html,9,5,0,17,70
/ko/3/index.html,9,9,100,3,70
/ko/3/library/math.html,9,12,86,15,27
/ko/3/contents.html,8,8,100,33,8
/ko/3/library/asyncio.html,8,22,20,112,89
/ko/3/library/codecs.html,8,8,100,3,4
/ko/3/library/exceptions.html,8,8,83,39,36
/ko/3/library/logging.html,8,8,71,32,51
/ko/dev/library/turtle.html,8,9,88,35,34
/ko/3.15/search.html,7,6,0,9,68
/ko/3/library/asyncio-task.html,7,16,0,244,41
/ko/3/library/collections.html,7,7,100,43,49
/ko/3/reference/compound_stmts.html,7,6,100,15,47
/ko/dev/using/mac.html,7,6,67,13,10
/ko/3.12/library/hmac.html,6,6,100,15,41
/ko/3.13/library/stdtypes.html,6,6,0,97,43
/ko/3.14/library/functions.html,6,4,100,59,17
/ko/3.14/using/mac.html,6,5,0,6,16
/ko/3/library/random.html,6,7,100,32,17
/ko/3/library/socket.html,6,6,100,10,22
/ko/3/reference/,6,5,100,3,37
/ko/3/using/windows.html,6,13,78,3,8
/ko/3.12/library/codecs.html,5,5,100,,
/ko/3.12/library/index.html,5,6,100,146,66
/ko/3.13/library/hmac.html,5,4,0,2,67
/ko/3.13/tutorial/introduction.html,5,8,100,71,38
/ko/3.13/using/mac.html,5,6,0,7,13
/ko/3.14/tutorial/interpreter.html,5,3,0,11,84
/ko/3/copyright.html,5,5,100,14,56
/ko/3/library/turtle.html,5,5,50,73,32
/ko/3/library/venv.html,5,5,100,4,26
/ko/3/py-modindex.html,5,4,50,7,37
/ko/3/tutorial/datastructures.html,5,5,100,387,100
/ko/3/tutorial/inputoutput.html,5,6,100,341,86
/ko/3/using/cmdline.html,5,5,67,3,33
/ko/dev/library/hmac.html,5,4,0,6,51
/ko/3.12/c-api/typeobj.html,4,4,100,,
/ko/3.12/using/mac.html,4,6,0,7,31
/ko/3.13/tutorial/datastructures.html,4,4,100,392,63
/ko/3.14/installing/index.html,4,5,0,46,57
/ko/3.14/tutorial/appetite.html,4,3,0,40,84
/ko/3.15/library/array.html,4,3,0,3,22
/ko/3/extending/extending.html,4,4,75,3,4
/ko/3/glossary.html,4,6,33,135,32
/ko/3/howto/a-conceptual-overview-of-asyncio.html,4,3,0,2,10
/ko/3/howto/sorting.html,4,4,100,20,18
/ko/3/library/asyncio-eventloop.html,4,3,50,14,10
/ko/3/library/ctypes.html,4,4,100,3,97
/ko/3/library/html.parser.html,4,3,100,74,41
/ko/3/library/json.html,4,3,100,15,52
/ko/3/tutorial/classes.html,4,3,100,34,37
/ko/dev/bugs.html,4,4,100,1,39
/ko/dev/c-api/exceptions.html,4,2,0,7,40
/ko/3.12/library/stdtypes.html,3,2,100,183,20
/ko/3.13/contents.html,3,3,100,14,1
/ko/3.13/reference/expressions.html,3,2,0,55,44
/ko/3.13/tutorial/controlflow.html,3,8,50,126,39
/ko/3.14/library/os.html,3,3,100,3,1
/ko/3.14/library/stdtypes.html,3,2,0,22,9
/ko/3.14/tutorial/,3,3,0,14,53
/ko/3/download.html,3,3,100,17,100
/ko/3/library/idle.html,3,2,50,10,37
/ko/3/library/sys.html,3,3,100,24,40
/ko/3/library/xmlrpc.server.html,3,3,100,,
/ko/3/tutorial/errors.html,3,2,100,7,38
/ko/3/tutorial/modules.html,3,3,0,51,51
/ko/3/tutorial/stdlib.html,3,2,0,9,58
/ko/3/whatsnew/3.14.html,3,3,100,41,1
/ko/dev/library/collections.html,3,2,100,6,20
/ko/dev/library/exceptions.html,3,5,50,5,16
/ko/dev/library/pickle.html,3,4,100,6,21
/ko/3.12/,2,1,0,20,99
/ko/3.12/bugs.html,2,2,100,,
/ko/3.12/library/exceptions.html,2,2,100,,
/ko/3.12/library/functools.html,2,2,100,,
/ko/3.12/library/internet.html,2,2,100,0,25
/ko/3.12/library/math.html,2,1,0,16,99
/ko/3.12/library/sys.html,2,2,100,,
/ko/3.12/reference/compound_stmts.html,2,2,100,,
/ko/3.12/search.html,2,1,0,7,11
/ko/3.12/tutorial/errors.html,2,2,100,30,88
