name,unique_exits,total_exits,exit_rate
/3/,5767,5909,
/3/library/functions.html,3509,3716,
/3/library/stdtypes.html,3277,3500,
/3/tutorial/index.html,3180,3297,
/3/library/venv.html,2799,2854,
/3/tutorial/datastructures.html,1843,1925,
/3/library/idle.html,1738,1762,
/3/tutorial/,1716,1809,
/3/library/tkinter.html,1610,1668,
/3/library/datetime.html,1550,1599,
/3/library/index.html,1487,1543,
/3/library/turtle.html,1360,1453,
/3/tutorial/controlflow.html,1316,1389,
/3/library/random.html,1293,1343,
/3/library/re.html,1226,1291,
/3/search.html,1173,1207,
/3/library/math.html,1107,1173,
/3/tutorial/introduction.html,994,1041,
/3/library/collections.html,976,1016,
/3/library/typing.html,945,976,
/3/library/csv.html,881,914,
/3/tutorial/classes.html,851,880,
/3/tutorial/errors.html,744,764,
/3/tutorial/interpreter.html,736,760,
/3/library/os.html,732,758,
/3/library/exceptions.html,700,732,
/3/library/sqlite3.html,680,708,
/3/tutorial/inputoutput.html,666,680,
/3/library/argparse.html,645,672,
/3/library/string.html,608,636,
/3/library/logging.html,605,628,
/3/library/itertools.html,602,621,
/3/library/pathlib.html,569,582,
/ja/3/library/codecs.html,568,574,
/3/tutorial/modules.html,565,587,
/3/reference/datamodel.html,554,588,
/3/library/dataclasses.html,545,566,
/3/library/subprocess.html,545,572,
/3/library/multiprocessing.html,536,568,
/3/library/time.html,534,547,
/3/library/json.html,531,546,
/3/library/heapq.html,525,548,
/3/glossary.html,519,540,
/3/tutorial/venv.html,508,529,
/3/using/windows.html,483,497,
/3/library/asyncio-task.html,480,500,
/3/library/threading.html,476,497,
/3/py-modindex.html,449,464,
/3/library/asyncio.html,410,427,
/3/whatsnew/3.13.html,409,416,
/3/using/mac.html,403,407,
/3/installing/index.html,398,399,
/3/tutorial/appetite.html,396,400,
/3/library/os.path.html,383,394,
/3/library/enum.html,376,381,
/3/library/socket.html,374,400,
/3/howto/sorting.html,368,376,
/3/library/unittest.html,365,373,
/zh-cn/3/tutorial/index.html,354,363,
/3/library/pickle.html,336,344,
/3/library/sys.html,332,342,
/3/library/functools.html,327,334,
/3/reference/index.html,318,319,
/3/reference/expressions.html,306,307,
/3/howto/logging.html,286,294,
/3/download.html,272,278,
/3/library/concurrent.futures.html,251,264,
/3/reference/lexical_analysis.html,250,261,
/3/library/,247,267,
/3/library/hashlib.html,242,255,
/3/reference/compound_stmts.html,241,254,
/3/library/io.html,240,260,
/3/library/struct.html,237,246,
/3/library/xml.etree.elementtree.html,235,251,
/3/tutorial/floatingpoint.html,227,231,
/3/howto/regex.html,220,230,
/3/using/cmdline.html,215,219,
/zh-cn/3/,215,229,
/3/library/pdb.html,207,210,
/3/library/shutil.html,201,211,
/3/library/unittest.mock.html,200,206,
/3/license.html,200,202,
/3/library/http.server.html,197,208,
/3/library/copy.html,196,195,
/3/reference/import.html,191,193,
/3/contents.html,185,196,
/3/library/abc.html,185,184,
/3/index.html,182,181,
/3/library/queue.html,173,180,
/3/reference/simple_stmts.html,169,177,
/3/library/pprint.html,168,174,
/3/library/tkinter.ttk.html,168,183,
/3/library/asyncio-eventloop.html,165,167,
/3/library/bisect.html,165,171,
/3/library/uuid.html,164,167,
/3/library/tk.html,162,167,
/3/library/contextlib.html,160,165,
/3/library/operator.html,160,168,
/3/library/decimal.html,159,167,
/3/library/urllib.parse.html,157,160,
