name,visitors,pageviews,bounce_rate,time_on_page,scroll_depth
/en/latest/tutorials/installing-packages/,7135,7794,81,48,42
/en/latest/guides/writing-pyproject-toml/,1635,1750,81,51,51
/en/latest/tutorials/packaging-projects/,1536,1592,80,76,56
/en/latest/guides/installing-using-pip-and-virtual-environments/,1229,1289,91,46,49
/en/latest/guides/tool-recommendations/,1141,1226,75,28,62
/en/latest/,623,662,60,28,81
/en/latest/glossary/,596,572,54,45,58
/en/latest/key_projects/,570,523,52,32,42
/en/latest/specifications/binary-distribution-format/,489,491,85,22,36
/en/latest/overview/,362,318,70,83,51
/en/latest/guides/distributing-packages-using-setuptools/,328,317,71,126,55
/en/latest/guides/section-install/,241,237,47,12,99
/en/latest/discussions/src-layout-vs-flat-layout/,210,230,82,54,84
/en/latest/specifications/dependency-specifiers/,199,208,85,28,45
/en/latest/tutorials/,198,196,29,5,99
/en/latest/guides/installing-using-linux-tools/,196,172,70,29,77
/en/latest/guides/,193,177,42,12,89
/en/latest/specifications/version-specifiers/,193,183,88,72,47
/en/latest/tutorials/managing-dependencies/,184,170,54,53,70
/en/latest/specifications/pyproject-toml/,179,169,70,28,53
/en/latest/flow/,174,163,51,51,69
/en/latest/guides/creating-command-line-tools/,123,114,90,52,70
/en/latest/discussions/versioning/,122,120,81,36,63
/en/latest/search/,121,126,50,14,75
/en/latest/guides/packaging-namespace-packages/,119,113,83,83,61
/en/latest/guides/section-build-and-publish/,111,116,38,8,99
/en/latest/guides/installing-stand-alone-command-line-tools/,105,90,55,28,71
/en/latest/specifications/entry-points/,101,105,80,30,67
/en/latest/specifications/,96,95,53,10,84
/en/latest/specifications/core-metadata/,94,97,65,28,37
/en/latest/guides/hosting-your-own-index/,93,102,64,38,86
/en/latest/guides/modernize-setup-py-project/,84,74,67,60,63
/en/latest/guides/installing-using-virtualenv/,82,82,68,9,99
/en/latest/specifications/inline-script-metadata/,67,72,85,48,63
/en/latest/discussions/package-formats/,62,57,82,77,69
/en/latest/specifications/dependency-groups/,62,60,83,90,66
/en/latest/guides/creating-and-discovering-plugins/,59,62,95,70,73
/en/latest/guides/using-testpypi/,54,51,57,18,85
/en/latest/discussions/setup-py-deprecated/,52,46,77,29,70
/en/latest/discussions/install-requires-vs-requirements/,51,52,78,15,86
/en/latest/guides/packaging-binary-extensions/,51,49,79,19,52
/en/latest/specifications/simple-repository-api/,50,49,82,144,32
/en/latest/discussions/pip-vs-easy-install/,48,43,75,24,94
/en/latest/specifications/pypirc/,48,50,84,35,75
/en/latest/guides/analyzing-pypi-package-downloads/,47,47,70,27,49
/en/latest/guides/installing-scientific-packages/,47,47,86,19,85
/en/latest/discussions/distribution-package-vs-import-package/,46,45,70,33,76
/en/latest/guides/publishing-package-distribution-releases-using-github-actions-ci-cd-workflows/,46,44,78,104,73
/en/latest/specifications/platform-compatibility-tags/,46,52,70,46,49
/en/latest/discussions/single-source-version/,45,39,47,43,93
/en/latest/discussions/deploying-python-applications/,43,43,82,32,86
/en/latest/specifications/name-normalization/,40,36,74,25,95
/en/latest/specifications/pylock-toml/,37,44,70,51,54
/en/latest/guides/making-a-pypi-friendly-readme/,36,32,73,11,82
/en/latest/guides/licensing-examples-and-user-scenarios/,34,30,89,32,58
/en/latest/discussions/,33,26,67,6,98
/en/latest/specifications/source-distribution-format/,33,26,80,21,63
/en/latest/specifications/recording-installed-packages/,26,25,77,24,61
/en/latest/specifications/externally-managed-environments/,23,23,86,57,57
/en/latest/specifications/section-distribution-metadata/,23,22,100,6,98
/en/latest/guides/dropping-older-python-versions/,22,23,50,28,73
/en/latest/guides/section-hosting/,20,16,20,6,100
/en/latest/specifications/section-installation-metadata/,20,23,60,7,98
/en/latest/guides/index-mirrors-and-caches/,18,21,42,123,92
/en/latest/guides/using-manifest-in/,18,19,56,5,100
/en/latest/specifications/index-hosted-attestations/,15,15,77,17,35
/en/latest/support/,14,12,50,7,99
/en/latest/specifications/virtual-environments/,12,13,50,82,92
/en/latest/specifications/schemas/,11,15,0,9,97
/en/latest/specifications/section-package-indices/,11,13,50,7,99
/en/latest/guides/single-sourcing-package-version/,10,10,30,1,100
/en/latest/specifications/glob-patterns/,10,10,100,31,90
/en/latest/specifications/section-distribution-formats/,10,8,0,3,97
/en/latest/news/,9,9,75,5,30
/en/latest/contribute/,8,8,50,6,57
/en/latest/specifications/file-yanking/,7,5,100,7,43
/en/latest/specifications/license-expression/,7,5,50,29,100
/en/latest/specifications/section-python-description-formats/,6,8,0,10,97
/en/latest/specifications/direct-url-data-structure/,5,3,100,42,74
/en/latest/specifications/well-known-project-urls/,5,5,100,4,84
/en/latest/discussions/downstream-packaging/,4,4,0,12,73
/en/latest/genindex/,3,3,67,3,60
/en/latest/guides/migrating-to-pypi-org/,3,3,100,8,100
/en/latest/specifications/build-details/,3,4,0,78,91
/en/latest/specifications/direct-url/,3,3,100,15,89
/en/latest/specifications/section-reproducible-environments/,3,3,0,2,94
/en/latest/guides/supporting-multiple-python-versions/,2,3,50,7,27
/en/latest/specifications/build-details/v1.0/,2,1,0,20,46
/en/latest/guides/multi-version-installs/,1,1,100,1,100
/en/latest/specifications/project-status-markers/,1,1,100,2,100
