property,value,visitors,events,percentage
url,(none),1425,2248,99.9
url,https://www.python.org/,13,14,0.9
url,https://www.python.org/downloads/,3,3,0.2
url,https://github.com/python/cpython/tree/3.14/Lib/idlelib/,2,2,0.1
url,https://setuptools.pypa.io/en/latest/setuptools.html,2,2,0.1
url,https://apps.microsoft.com/detail/9NQ7512CXL7T,1,1,0.1
url,https://datatracker.ietf.org/doc/html/rfc2104.html,1,1,0.1
url,https://docs.python.org/ko/3.14/archives/python-3.14-docs-html.zip,1,1,0.1
url,https://docs.python.org/ko/3/archives/python-3.14-docs-text.zip,1,1,0.1
url,https://docs.python.org/ko/3/archives/python-3.14-docs.epub,1,1,0.1
url,https://en.wikipedia.org/wiki/Half-precision_floating-point_format,1,1,0.1
url,https://flufli18n.readthedocs.io/en/latest/,1,1,0.1
url,https://github.com/python/cpython/blob/main/Doc/library/functions.rst?plain=1,1,1,0.1
url,https://github.com/python/cpython/blob/main/Doc/using/windows.rst?plain=1,1,1,0.1
url,https://github.com/python/cpython/tree/3.12/Lib/idlelib/,1,1,0.1
url,https://github.com/python/cpython/tree/3.13/Lib/random.py,1,1,0.1
url,https://github.com/python/cpython/tree/3.13/Lib/struct.py,1,1,0.1
url,https://github.com/python/cpython/tree/3.14/Lib/functools.py,1,1,0.1
url,https://github.com/python/cpython/tree/3.14/Lib/reprlib.py,1,1,0.1
url,https://manpages.debian.org/locale(5),1,1,0.1
url,https://packaging.python.org/en/latest/tutorials/packaging-projects/,1,1,0.1
url,https://packaging.python.org/installing/,1,1,0.1
url,https://pypi.org/,1,1,0.1
url,https://wiki.python.org/moin/PythonEditors,1,1,0.1
url,https://www.tkdocs.com/shipman/,1,1,0.1
