name,unique_entrances,total_entrances,visit_duration
/es/3/tutorial/,501,528,265
/es/3.13/library/tkinter.html,155,163,81
/3/,134,135,454
/es/3.13/tutorial/venv.html,98,98,96
/es/3/tutorial/index.html,85,88,327
/es/3/,80,85,448
/es/3.13/tutorial/datastructures.html,76,79,254
/es/3.13/tutorial/classes.html,71,73,126
/es/3.13/installing/index.html,64,65,72
/es/3.13/tutorial/index.html,58,61,215
/es/3.13/library/index.html,56,57,201
/es/3.13/library/functions.html,55,58,130
/es/dev/tutorial/controlflow.html,54,58,108
/es/3.13/library/re.html,46,49,114
/es/3/library/functions.html,46,50,256
/es/3/library/stdtypes.html,46,56,239
/es/3.13/tutorial/errors.html,45,48,89
/es/dev/library/zlib.html,40,40,21
/es/3/library/math.html,38,41,355
/es/3.13/tutorial/introduction.html,35,37,111
/es/3.13/library/datetime.html,34,38,124
/es/3/library/json.html,33,34,4
/es/3/tutorial/interpreter.html,32,38,157
/3.13/tutorial/index.html,31,33,672
/es/3.13/library/idle.html,31,31,56
/es/3/tutorial/introduction.html,30,34,167
/es/3.13/library/tk.html,27,27,135
/es/3/tutorial/controlflow.html,25,26,55
/es/3.13/library/random.html,23,23,158
/es/3.13/tutorial/controlflow.html,23,26,110
/es/3.13/howto/logging.html,22,22,193
/es/3.13/reference/import.html,22,22,10
/3/library/functions.html,21,21,604
/3/tutorial/index.html,21,21,488
/es/3.13/tutorial/modules.html,21,22,269
/es/3/tutorial/datastructures.html,21,21,260
/es/3.12/tutorial/index.html,20,21,48
/es/3.13/tutorial/interpreter.html,20,21,115
/es/3/genindex-Símbolos.html,20,21,78
/es/3.12/tutorial/classes.html,19,19,53
/es/3.13/library/stdtypes.html,19,22,159
/es/3.13/library/sys.html,19,23,72
/es/3/library/index.html,19,20,349
/es/3.13/tutorial/appetite.html,18,20,141
/es/3/tutorial/classes.html,18,19,414
/es/3.13/library/string.html,16,16,57
/es/3.13/library/venv.html,16,16,250
/es/3.13/using/windows.html,16,17,47
/es/3/installing/index.html,16,17,232
/es/3/library/argparse.html,16,17,217
/es/3/library/random.html,16,16,403
/3/library/venv.html,15,15,488
/es/3.13/library/math.html,15,17,155
/es/3/library/asyncio.html,15,16,259
/es/3.13/,14,15,195
/es/3.13/search.html,14,17,725
/es/3/glossary.html,14,15,27
/es/3/tutorial/errors.html,14,14,149
/es/3.13/howto/regex.html,13,13,267
/es/3.13/library/shutil.html,13,14,43
/es/3.13/reference/compound_stmts.html,13,13,119
/es/3.13/tutorial/inputoutput.html,13,13,429
/es/3/faq/windows.html,13,13,74
/es/dev/using/windows.html,13,13,149
/es/3.13/library/__main__.html,12,12,83
/es/3.13/library/array.html,12,12,8
/es/3/library/base64.html,12,13,64
/es/3/tutorial/appetite.html,12,12,29
/3.13/using/windows.html,11,11,109
/3/library/tkinter.html,11,11,475
/es/3.13/library/tkinter.ttk.html,11,11,746
/es/3.13/tutorial/,11,14,5
/es/3/tutorial/venv.html,11,11,202
/3/library/math.html,10,10,405
/3/tutorial/datastructures.html,10,10,930
/es/3.13/howto/sorting.html,10,10,80
/es/3.13/library/csv.html,10,10,306
/es/3/library/decimal.html,10,10,63
/es/3/library/tkinter.html,10,10,55
/es/3/reference/expressions.html,10,10,2
/es/3/using/cmdline.html,10,11,538
/es/3.13/library/email.examples.html,9,10,10
/es/3.13/library/smtplib.html,9,10,59
/es/3/library/unittest.html,9,9,187
/3/library/random.html,8,8,374
/es/3/library/functools.html,8,8,86
/es/3/using/windows.html,8,8,68
/es/dev/tutorial/datastructures.html,8,8,0
/3/library/idle.html,7,7,184
/3/library/index.html,7,7,427
/3/tutorial/,7,7,369
/es/3.13/library/ftplib.html,7,7,0
/es/3/library/re.html,7,9,1
/es/dev/library/tkinter.ttk.html,7,9,524
/3/library/subprocess.html,6,6,487
/3/tutorial/errors.html,6,6,1509
/es/3.12/tutorial/interpreter.html,6,7,28
/es/3.13/howto/curses.html,6,10,93
/es/3.13/library/http.server.html,6,6,0
/es/3.13/library/pprint.html,6,6,0
/es/3.13/library/queue.html,6,6,0
/es/3/library/csv.html,6,6,0
/es/3/library/enum.html,6,8,0
/es/3/library/idle.html,6,6,28
/es/3/library/statistics.html,6,7,11
/es/3/search.html,6,7,327
/es/3/tutorial/inputoutput.html,6,6,6
/es/dev/library/math.html,6,6,97
/3/library/os.html,5,5,1638
/3/library/re.html,5,5,176
/3/library/stdtypes.html,5,5,937
/3/tutorial/classes.html,5,5,492
/es/3.13/howto/sockets.html,5,5,950
/es/3.13/library/asyncio-task.html,5,5,72
/es/3.13/library/collections.html,5,5,233
/es/3.13/library/imaplib.html,5,5,389
/es/3.13/library/pickle.html,5,5,5
/es/3.13/library/xml.etree.elementtree.html,5,5,0
/es/3.13/reference/index.html,5,5,133
/es/3/contents.html,5,6,261
/es/3/library/datetime.html,5,5,94
/es/3/library/typing.html,5,5,574
/es/3/reference/lexical_analysis.html,5,5,676
/es/dev/tutorial/,5,5,57
/3.13/tutorial/,4,4,486
/3.13/whatsnew/3.13.html,4,4,238
/3/library/datetime.html,4,4,1636
/3/library/shutil.html,4,4,372
/3/library/smtplib.html,4,4,699
/3/library/tk.html,4,4,304
/3/library/typing.html,4,4,192
/es/3.13/glossary.html,4,4,296
/es/3.13/library/concurrent.futures.html,4,4,11
/es/3.13/library/filesys.html,4,4,110
/es/3.13/library/os.path.html,4,4,21
/es/3.13/library/pathlib.html,4,4,54
/es/3.13/library/sqlite3.html,4,4,0
/es/3.13/library/turtle.html,4,4,3
/es/3.13/reference/executionmodel.html,4,4,0
/es/3.13/using/unix.html,4,4,5
/es/3.14/tutorial/index.html,4,5,7
/es/3/library/inspect.html,4,4,441
/es/3/library/warnings.html,4,4,132
/es/3/reference/compound_stmts.html,4,4,76
/es/3/reference/import.html,4,4,0
/es/3/tutorial/appendix.html,4,4,92
/es/3/using/mac.html,4,5,0
/es/dev/library/venv.html,4,4,0
/3.13/,3,3,216
/3.13/index.html,3,3,575
/3/library/asyncio.html,3,3,130
/3/library/csv.html,3,3,199
/3/library/enum.html,3,3,12
/3/library/os.path.html,3,3,756
/3/library/socket.html,3,3,234
/3/library/sqlite3.html,3,3,198
/3/library/time.html,3,3,56
/3/library/urllib.parse.html,3,3,34
/3/library/webbrowser.html,3,3,801
/3/tutorial/controlflow.html,3,3,1494
/3/tutorial/inputoutput.html,3,3,767
/3/tutorial/modules.html,3,3,189
/es/3.12/library/datetime.html,3,3,179
/es/3.13/howto/unicode.html,3,3,20
/es/3.13/library/bisect.html,3,3,204
/es/3.13/library/copy.html,3,3,0
/es/3.13/library/dialog.html,3,3,148
/es/3.13/library/operator.html,3,3,0
/es/3.13/library/subprocess.html,3,3,0
/es/3.13/library/time.html,3,3,0
/es/3.13/library/winsound.html,3,3,0
/es/3.13/tutorial/stdlib.html,3,3,308
/es/3.13/using/editors.html,3,3,28
/es/3/index.html,3,3,0
/es/3/library/atexit.html,3,3,11
/es/3/library/pathlib.html,3,3,0
/es/3/library/textwrap.html,3,3,3
/es/3/library/xml.dom.minidom.html,3,4,0
/es/3/reference/index.html,3,3,287
/es/3/tutorial/modules.html,3,4,0
/es/dev/library/abc.html,3,3,344
/es/dev/library/binascii.html,3,3,539
/es/dev/library/threading.html,3,3,1234
/3.12/,2,2,263
/3.13/library/csv.html,2,2,66
/3.13/library/typing.html,2,2,2221
/3/howto/logging.html,2,2,1622
/3/howto/sorting.html,2,2,2241
/3/library/__main__.html,2,2,1948
/3/library/argparse.html,2,2,270
/3/library/asyncio-task.html,2,2,1535
/3/library/calendar.html,2,3,18
/3/library/collections.html,2,2,632
/3/library/json.html,2,2,857
/3/library/logging.html,2,2,1926
/3/library/pathlib.html,2,2,32
/3/library/textwrap.html,2,2,1575
/3/library/turtle.html,2,2,19
/3/library/unittest.html,2,2,239
/3/reference/index.html,2,2,861
/3/tutorial/venv.html,2,2,536
/3/using/windows.html,2,2,657
/es/3.12/tutorial/errors.html,2,2,103
/es/3.12/tutorial/venv.html,2,2,0
/es/3.12/using/windows.html,2,2,961
/es/3.13/faq/general.html,2,2,1342
/es/3.13/faq/installed.html,2,2,200
/es/3.13/genindex.html,2,2,0
/es/3.13/library/asyncio-eventloop.html,2,2,0
/es/3.13/library/concurrency.html,2,2,104
/es/3.13/library/doctest.html,2,2,0
/es/3.13/library/exceptions.html,2,2,0
/es/3.13/library/fractions.html,2,2,74
/es/3.13/library/hashlib.html,2,2,0
/es/3.13/library/locale.html,2,2,74
/es/3.13/library/logging.html,2,2,510
/es/3.13/library/os.html,2,2,0
/es/3.13/library/pdb.html,2,2,0
/es/3.13/library/profile.html,2,2,0
/es/3.13/library/test.html,2,2,0
/es/3.13/library/text.html,2,2,3006
/es/3.13/library/tracemalloc.html,2,2,1
/es/3.13/library/unicodedata.html,2,2,0
/es/3.13/library/unittest.html,2,2,0
/es/3.13/library/urllib.html,2,2,14
/es/3.13/library/uuid.html,2,2,0
/es/3.13/library/webbrowser.html,2,2,92
/es/3.13/library/zipfile.html,2,2,0
/es/3.13/py-modindex.html,2,2,68
/es/3.13/reference/,2,2,0
/es/3.13/reference/datamodel.html,2,3,0
/es/3.13/reference/simple_stmts.html,2,3,11
/es/3.13/whatsnew/3.13.html,2,3,0
/es/3/extending/embedding.html,2,2,0
/es/3/extending/newtypes_tutorial.html,2,2,0
/es/3/howto/unicode.html,2,2,0
/es/3/library/datatypes.html,2,2,1414
/es/3/library/gettext.html,2,3,266
/es/3/library/importlib.metadata.html,2,3,0
/es/3/library/importlib.resources.html,2,2,0
/es/3/library/itertools.html,2,3,0
/es/3/library/py_compile.html,2,2,0
/es/3/library/pydoc.html,2,2,28
/es/3/library/sqlite3.html,2,2,0
/es/3/library/tk.html,2,2,0
/es/3/library/urllib.parse.html,2,2,0
/es/3/library/venv.html,2,2,488
/es/3/reference/datamodel.html,2,4,1843
/es/3/whatsnew/index.html,2,2,0
/es/dev/library/asyncio-task.html,2,2,0
/es/dev/library/multiprocessing.html,2,2,0
/es/dev/library/string.html,2,2,0
/es/dev/tutorial/index.html,2,2,0
/es/dev/using/cmdline.html,2,2,0
/es/dev/whatsnew/3.14.html,2,2,141
/3.13/library/inspect.html,1,1,606
/3.13/library/math.html,1,1,4981
/3.13/library/stdtypes.html,1,1,762
/3.13/library/struct.html,1,1,10
/3.13/library/tkinter.html,1,1,8
/3.13/tutorial/datastructures.html,1,1,24
/3.14/,1,1,16
/3.14/howto/annotations.html,1,1,76
/3.14/library/index.html,1,1,179
/3.14/library/pickle.html,1,1,4052
/3.14/tutorial/index.html,1,1,123
/3/c-api/bool.html,1,1,323
/3/contents.html,1,1,85
/3/download.html,1,1,179
/3/faq/,1,1,6
/3/howto/enum.html,1,1,1427
/3/howto/perf_profiling.html,1,1,1245
/3/howto/unicode.html,1,1,583
/3/index.html,1,1,402
/3/library/asyncio-future.html,1,1,42
/3/library/cmdline.html,1,1,28
/3/library/codecs.html,1,1,79
/3/library/concurrent.futures.html,1,1,106
/3/library/configparser.html,1,1,805
/3/library/contextlib.html,1,1,710
/3/library/copy.html,1,1,37
/3/library/curses.html,1,1,530
/3/library/dialog.html,1,1,1283
/3/library/difflib.html,1,1,0
/3/library/exceptions.html,1,1,63
/3/library/fcntl.html,1,1,102
/3/library/functools.html,1,1,650
/3/library/glob.html,1,1,163
/3/library/hashlib.html,1,1,68
/3/library/http.client.html,1,1,263
/3/library/http.server.html,1,1,1711
/3/library/io.html,1,1,65
/3/library/ipaddress.html,1,1,33
/3/library/logging.config.html,1,1,89
/3/library/mimetypes.html,1,1,111
/3/library/multiprocessing.html,1,1,1103
/3/library/operator.html,1,1,28
/3/library/optparse.html,1,1,159
/3/library/pdb.html,1,1,802
/3/library/pickle.html,1,1,178
