name,unique_entrances,total_entrances,visit_duration
/3.13/tutorial/index.html,4260,4385,70
/3.13/using/windows.html,2761,2827,54
/ja/3.13/c-api/capsule.html,1787,1808,13
/3/,1032,1043,410
/3.13/index.html,789,826,92
/3.13/tutorial/,629,645,134
/3.13/,627,647,112
/3.13/whatsnew/3.13.html,540,549,86
/zh-cn/3.13/tutorial/index.html,312,333,318
/3.13/tutorial/appetite.html,285,296,132
/3.13/tutorial/interpreter.html,244,258,156
/zh-cn/3.13/,155,159,332
/3.13/search.html,150,160,283
/es/3.13/library/tkinter.html,150,155,54
/3.13/tutorial/introduction.html,148,158,255
/3.13/library/functions.html,135,135,62
/3.13/tutorial/controlflow.html,134,140,105
/ko/3.13/c-api/bytes.html,129,129,13
/zh-tw/3.13/tutorial/index.html,127,133,125
/3.13/library/stdtypes.html,121,131,144
/3.13/library/index.html,120,129,237
/ja/3.13/tutorial/,120,121,281
/3/tutorial/index.html,113,114,444
/fr/3.13/tutorial/index.html,112,116,85
/zh-cn/3.13/tutorial/controlflow.html,102,108,316
/pt-br/3.13/tutorial/index.html,99,101,169
/ja/3.13/library/re.html,96,98,63
/zh-cn/3.13/using/index.html,93,93,79
/zh-cn/3.13/library/index.html,91,99,243
/3.13/library/,85,86,75
/es/3.13/tutorial/index.html,75,79,129
/pt-br/3.13/,71,74,315
/pt-br/3.13/library/venv.html,71,71,49
/zh-cn/3.13/library/venv.html,70,70,67
/3/library/tkinter.html,68,69,372
/ja/3.13/library/functions.html,68,72,198
/zh-cn/3.13/tutorial/introduction.html,68,70,305
/es/3.13/library/index.html,65,66,47
/es/3.13/tutorial/datastructures.html,65,67,85
/es/3.13/tutorial/venv.html,63,63,58
/ja/3.13/library/subprocess.html,62,64,49
/3/library/functions.html,60,60,612
/3/tutorial/,60,60,453
/zh-cn/3.13/library/functions.html,60,62,342
/zh-cn/3.13/search.html,60,68,219
/ja/3.13/library/datetime.html,59,60,35
/pt-br/3.13/tutorial/datastructures.html,59,62,274
/zh-cn/3.13/tutorial/datastructures.html,57,58,109
/3.13/library/idle.html,56,57,17
/zh-cn/3.13/tutorial/interpreter.html,56,60,241
/ja/3.13/library/logging.html,55,59,144
/es/3.13/tutorial/classes.html,54,55,22
/es/3.13/library/functions.html,52,60,97
/es/3.13/library/idle.html,52,53,117
/ja/3.13/library/index.html,52,56,150
/zh-tw/3.13/library/venv.html,51,51,86
/3.13/library/typing.html,50,50,90
/pt-br/3.13/library/math.html,50,52,43
/zh-cn/3.13/library/stdtypes.html,50,53,266
/es/3.13/tutorial/introduction.html,49,51,116
/3/search.html,47,47,392
/ja/3.13/library/pathlib.html,47,47,125
/zh-cn/3.13/tutorial/appetite.html,46,47,490
/ja/3.13/library/argparse.html,44,46,137
/ja/3.13/library/random.html,44,45,82
/3/library/index.html,43,44,585
/es/3.13/library/re.html,43,46,91
/3.13/glossary.html,42,45,310
/3.13/library/datetime.html,42,42,22
/ja/3.13/library/enum.html,42,44,55
/zh-cn/3.13/tutorial/classes.html,42,43,156
/zh-cn/3.13/using/android.html,42,42,92
/3.13/library/os.html,41,44,56
/zh-cn/3.13/index.html,41,41,374
/ja/3.13/library/csv.html,40,42,109
/ja/3.13/library/json.html,40,43,10
/ja/3.13/library/stdtypes.html,40,41,181
/zh-cn/3.13/contents.html,40,40,431
/3.13/installing/index.html,39,44,85
/3.13/library/tkinter.html,39,42,125
/es/3.13/,38,38,125
/ja/3.13/library/typing.html,38,39,99
/uk/3.13/extending/extending.html,38,38,1
/3.13/tutorial/datastructures.html,37,40,94
/es/3.13/installing/index.html,37,38,5
/ja/3.13/library/multiprocessing.html,37,39,80
/es/3.13/tutorial/interpreter.html,36,39,120
/zh-cn/3.13/tutorial/,36,36,175
/3.13/reference/index.html,33,35,196
/3/library/idle.html,33,33,295
/pt-br/3.13/library/functions.html,33,34,46
/pt-br/3.13/library/index.html,33,33,395
/uk/3.13/tutorial/index.html,33,37,66
/zh-cn/3.13/whatsnew/3.13.html,33,33,298
/3.13/tutorial/classes.html,32,32,104
/pt-br/3.13/library/random.html,32,33,1
/pt-br/3.13/library/string.html,32,32,73
/pt-br/3.13/search.html,32,34,192
/zh-cn/3.13/glossary.html,32,36,444
/zh-cn/3.13/library/asyncio-task.html,32,32,84
/zh-cn/3.13/library/re.html,32,34,87
/zh-cn/3.13/using/windows.html,32,33,64
/zh-tw/3.13/tutorial/controlflow.html,32,33,402
/es/3.13/tutorial/errors.html,31,33,35
/zh-cn/3.13/library/asyncio.html,31,31,241
/zh-cn/3.13/reference/datamodel.html,31,32,303
/zh-tw/3.13/howto/sorting.html,31,31,27
/3.13/library/exceptions.html,30,30,1
/3.15/,30,30,643
/ja/3.13/library/itertools.html,30,32,143
/ja/3.13/tutorial/inputoutput.html,30,32,54
/zh-tw/3.13/library/random.html,30,32,19
/pt-br/3.13/tutorial/classes.html,29,29,7
/zh-cn/3.13/reference/index.html,29,29,401
/3.13/tutorial/modules.html,28,28,203
/3/library/math.html,28,28,500
/ja/3.13/howto/sorting.html,28,30,65
/zh-cn/3.13/tutorial/inputoutput.html,28,30,217
/3/tutorial/datastructures.html,27,27,541
/es/3.13/library/stdtypes.html,27,28,32
/ja/3.13/tutorial/errors.html,27,27,86
/zh-cn/3.13/tutorial/modules.html,27,27,500
/3/library/stdtypes.html,26,27,341
/fr/3.13/tutorial/datastructures.html,26,27,21
/zh-tw/3.13/using/mac.html,26,26,17
/3.13/library/random.html,25,25,3
/es/3.13/search.html,25,25,61
/ja/3.13/library/concurrent.futures.html,25,26,123
/ja/3.13/tutorial/index.html,25,26,474
/ko/3.13/tutorial/index.html,25,26,33
/3.13/download.html,24,25,50
/3.13/using/index.html,24,24,100
/fr/3.13/library/tkinter.html,24,25,311
/ja/3.13/library/os.path.html,24,24,14
/ja/3.13/library/sqlite3.html,24,25,150
/ja/3.13/library/venv.html,24,24,0
/ja/3.13/tutorial/controlflow.html,24,27,495
/zh-cn/3.13/tutorial/errors.html,24,26,212
/zh-cn/3/,24,24,259
/3.13/library/re.html,23,26,111
/3/library/venv.html,23,23,393
/pt-br/3.13/library/tkinter.html,23,26,100
/zh-cn/3.13/installing/index.html,23,23,38
/zh-tw/3.13/library/json.html,23,23,178
/3/download.html,22,22,412
/ja/3.13/,22,23,287
/ja/3.13/library/os.html,22,22,422
/ja/3.13/library/tkinter.html,22,24,203
/pt-br/3.13/tutorial/modules.html,22,23,72
/zh-cn/3.13/library/pdb.html,22,22,42
/3/reference/index.html,21,21,141
/es/3.13/tutorial/modules.html,21,21,176
/ja/3.13/library/dataclasses.html,21,21,189
/ja/3.13/library/tempfile.html,21,21,126
/ja/3.13/tutorial/modules.html,21,21,507
/pt-br/3.13/tutorial/controlflow.html,21,27,532
/pt-br/3.13/tutorial/interpreter.html,21,22,227
/zh-cn/3.13/library/csv.html,21,21,91
/zh-cn/3.13/library/typing.html,21,21,266
/zh-cn/3.13/using/mac.html,21,21,156
/zh-tw/3.13/tutorial/datastructures.html,21,21,234
/3.13/library/pathlib.html,20,20,230
/3.13/tutorial/errors.html,20,23,331
/3/library/datetime.html,20,21,329
/fr/3.13/,20,20,619
/ja/3.13/library/math.html,20,20,72
/ja/3.13/tutorial/interpreter.html,20,20,261
/pt-br/3.13/library/stdtypes.html,20,23,220
/3.13/contents.html,19,19,57
/3.13/using/cmdline.html,19,19,149
/3/library/re.html,19,20,548
/es/3.13/tutorial/appetite.html,19,20,82
/es/3.13/tutorial/controlflow.html,19,20,134
/ja/3.13/extending/extending.html,19,19,27
/ja/3.13/search.html,19,19,389
/pt-br/3.13/tutorial/introduction.html,19,19,78
/zh-cn/3.13/library/argparse.html,19,19,160
/zh-cn/3.13/library/dataclasses.html,19,19,0
/zh-cn/3.13/library/random.html,19,21,55
/zh-tw/3.13/library/collections.html,19,19,3
/zh-tw/3.13/library/os.path.html,19,19,123
/3.13/library/math.html,18,21,150
/3.13/whatsnew/changelog.html,18,18,40
/3/tutorial/introduction.html,18,18,673
/fr/3.13/tutorial/interpreter.html,18,19,2
/ja/3.13/library/exceptions.html,18,19,240
/pt-br/3.13/library/tk.html,18,19,127
/zh-cn/3.13/library/tkinter.html,18,18,390
/zh-cn/3.13/library/unittest.html,18,18,122
/zh-cn/3.13/reference/compound_stmts.html,18,18,394
/zh-cn/3.13/using/cmdline.html,18,18,195
/zh-cn/3.13/whatsnew/index.html,18,18,183
/zh-tw/3.13/library/functions.html,18,19,56
/zh-tw/3.13/library/heapq.html,18,18,18
/3/library/asyncio.html,17,17,453
/3/library/turtle.html,17,17,711
/3/library/typing.html,17,17,866
/3/tutorial/controlflow.html,17,17,701
/3/whatsnew/3.13.html,17,17,610
/ja/3.13/library/io.html,17,17,83
/ja/3.13/library/logging.handlers.html,17,18,72
/ja/3.13/library/unittest.mock.html,17,17,111
/zh-cn/3.13/library/os.html,17,17,703
/zh-cn/3.13/library/struct.html,17,21,164
/zh-tw/3.13/tutorial/introduction.html,17,19,15
/3.13/library/turtle.html,16,16,142
/3.13/reference/datamodel.html,16,16,233
/3.13/using/mac.html,16,17,17
/3/index.html,16,16,609
/dev/using/windows.html,16,16,406
/ja/3.13/library/asyncio.html,16,17,353
/ja/3.13/library/shutil.html,16,16,161
/ja/3.13/library/string.html,16,17,76
/ja/3.13/tutorial/appetite.html,16,16,40
/ja/3/,16,16,859
/zh-cn/3.13/library/logging.html,16,16,62
/zh-tw/3.13/library/enum.html,16,16,126
/zh-tw/3.13/tutorial/errors.html,16,16,1
/3.13/tutorial/inputoutput.html,15,16,733
/3/library/,15,15,442
/3/library/json.html,15,15,870
/3/library/logging.html,15,15,389
/es/3.13/library/string.html,15,15,1
/es/3.13/library/venv.html,15,15,83
/es/3.13/tutorial/inputoutput.html,15,15,139
/es/3/tutorial/,15,15,2150
/ja/3.13/library/time.html,15,15,126
/ja/3.13/reference/datamodel.html,15,15,342
/ja/3.13/tutorial/introduction.html,15,17,537
/ko/3.13/library/functions.html,15,16,51
/uk/3.13/library/re.html,15,15,22
/zh-tw/3.13/tutorial/interpreter.html,15,15,6
/3.13/library/collections.html,14,15,98
/3.13/library/os.path.html,14,14,0
/3.13/library/time.html,14,15,69
/es/3.13/glossary.html,14,14,73
/es/3.13/howto/sorting.html,14,16,45
/es/3.13/library/tk.html,14,14,99
/fr/3.13/tutorial/introduction.html,14,15,262
/ja/3.13/library/codecs.html,14,14,0
/ja/3.13/library/traceback.html,14,15,46
/ja/3.13/library/urllib.parse.html,14,14,145
/pt-br/3/,14,14,787
/uk/3.13/library/tkinter.html,14,17,97
/zh-cn/3.13/library/threading.html,14,14,3
/zh-tw/3.13/library/csv.html,14,14,0
/3.12/,13,13,557
/3.13/py-modindex.html,13,14,10
/3.13/tutorial/venv.html,13,13,40
/3/library/subprocess.html,13,13,433
/es/3.13/howto/regex.html,13,13,112
/es/3.13/using/windows.html,13,13,5
/fr/3.13/tutorial/controlflow.html,13,13,195
/ja/3.13/library/decimal.html,13,13,0
/ja/3.13/library/threading.html,13,13,78
/ja/3.13/library/unittest.html,13,13,83
/ja/3.13/reference/index.html,13,13,85
/ko/3.13/installing/index.html,13,13,84
/pt-br/3.13/library/os.html,13,13,1
/pt-br/3.13/library/re.html,13,13,143
/zh-cn/3.13/download.html,13,14,40
/zh-cn/3.13/library/json.html,13,14,180
/zh-cn/3.13/library/math.html,13,13,15
/zh-cn/3.13/library/multiprocessing.html,13,13,5
/zh-cn/3.13/library/pathlib.html,13,13,409
/zh-cn/3.13/library/tk.html,13,13,165
/3.13/library/asyncio.html,12,15,172
/3.13/library/json.html,12,12,45
/3.13/library/string.html,12,12,213
/3.13/tutorial/appendix.html,12,12,42
/3/library/pathlib.html,12,12,424
/3/library/random.html,12,12,1216
/3/license.html,12,12,366
/3/tutorial/inputoutput.html,12,13,610
/es/3.13/using/editors.html,12,13,5
/fr/3.13/tutorial/classes.html,12,12,143
/ja/3.13/glossary.html,12,13,724
/ja/3.13/installing/index.html,12,12,31
/ja/3.13/library/__main__.html,12,12,170
/ja/3.13/library/asyncio-task.html,12,13,142
/ja/3.13/library/http.server.html,12,13,0
/ja/3.13/library/pprint.html,12,12,17
/ja/3.13/library/warnings.html,12,13,27
/zh-cn/3.13/c-api/intro.html,12,12,215
/zh-cn/3.13/library/ast.html,12,14,74
/zh-cn/3.13/reference/expressions.html,12,12,49
/zh-cn/3.13/tutorial/stdlib.html,12,13,247
/zh-cn/3.13/tutorial/stdlib2.html,12,12,45
/zh-tw/3.13/faq/windows.html,12,12,2
/zh-tw/3.13/library/pathlib.html,12,13,117
/zh-tw/3.13/tutorial/appetite.html,12,12,239
/3.13/library/subprocess.html,11,11,361
/3.13/reference/introduction.html,11,13,333
/3/library/argparse.html,11,11,485
/3/reference/datamodel.html,11,11,452
/3/tutorial/modules.html,11,11,752
/es/3.13/index.html,11,12,140
/es/3.13/library/datetime.html,11,11,21
/ja/3.13/library/turtle.html,11,13,143
/ja/3.13/reference/import.html,11,11,3
