name,visitors
Bengaluru,271
New York City,249
Paris,224
Chicago,215
London,201
Singapore,198
Chennai,187
Mumbai,177
Tokyo,171
Hyderabad,169
Frankfurt am Main,140
Amsterdam,132
San Jose,132
Munich,130
Ashburn,127
Sydney,123
Los Angeles,116
Toronto,114
Beijing,109
São Paulo,105
Pune,104
Melbourne,101
Moscow,100
Seattle,95
New Delhi,88
Warsaw,87
Berlin,85
Vienna,84
Reston,79
Madrid,78
Hong Kong,75
Bangkok,70
Shanghai,68
Ho Chi Minh City,67
Atlanta,65
San Francisco,65
Istanbul,63
Manchester,63
Zürich,63
Stockholm,63
Milan,62
Jakarta,56
Denver,55
Taipei,54
Helsinki,53
Brisbane,52
Kolkata,50
Oslo,48
Ahmedabad,47
Guangzhou,47
Rio de Janeiro,46
Austin,46
Boardman,44
Delhi,42
Nairobi,40
Seoul,40
Kyiv,39
Copenhagen,39
Hanoi,38
Budapest,38
Hamburg,37
Bogotá,37
Lima,37
Boston,37
Montréal,37
Prague,36
Tel Aviv,35
Rome,35
Ankara,34
Brussels,34
Houston,34
Johannesburg,33
Miami,33
Dallas,33
N/A,33
Shenzhen,32
Stuttgart,32
Santiago,32
Minneapolis,32
Riyadh,31
Saint Petersburg,31
Dublin,31
Calgary,31
Osaka,30
San Diego,30
Athens,29
Lahore,29
Cochin,29
Kuala Lumpur,29
Chengdu,29
Düsseldorf,29
Mexico City,29
Brooklyn,29
Auckland,28
Marseille,28
Philadelphia,28
Vancouver,28
Dubai,27
Cairo,27
Coimbatore,27
Perth,27
Karachi,26
Washington,26
Sunnyvale,26
Lisbon,25
Karlsruhe,25
Cambridge,25
Phoenix,25
Portland,25
Bucharest,24
Brasília,24
Minsk,23
Lagos,23
Göteborg,23
Nagpur,22
Wrocław,22
San Antonio,22
Köln,21
Cape Town,21
N/A,21
The Hague,20
Naaldwijk,20
Dhaka,19
Bhopāl,19
N/A,19
Santa Clara,19
Lucknow,18
Xi’an,18
Poznań,18
Aachen,18
Columbus,18
Pittsburgh,18
Cupertino,18
Jaipur,17
Accra,17
Utrecht,17
Dresden,17
Gdańsk,17
Barcelona,17
Trondheim,17
Columbia,17
Nizhniy Novgorod,16
Sofia,16
Surat,16
Gurgaon,16
Leipzig,16
N/A,16
Jersey City,16
Las Vegas,16
Jeddah,15
Kampala,15
Pretoria,15
Novosibirsk,15
Hangzhou,15
Chongqing,15
Phnom Penh,15
Adelaide,15
Slough,15
Rotterdam,15
Eindhoven,15
Bremen,15
Toulouse,15
Mississauga,15
Ottawa,15
Yerevan,14
Belgrade,14
Bandung,14
Quezon City,14
Nagoya,14
Glasgow,14
Darmstadt,14
Montevideo,14
Belo Horizonte,14
San Salvador,14
Queens,14
Edmonton,14
Patna,13
Kaohsiung,13
Oxford,13
Nürnberg,13
Lyon,13
Cary,13
Durham,13
Sacramento,13
Colorado Springs,13
Salt Lake City,13
Lviv,12
Vadodara,12
Dehra Dūn,12
Kathmandu,12
Taichung,12
Leeds,12
Cambridge,12
Montpellier,12
Kraków,12
Katowice,12
Baltimore,12
Oakland,12
Noida,12
Addis Ababa,11
Hsinchu,11
Nanjing,11
Casablanca,11
Kensington,11
Genève,11
Göttingen,11
Naples,11
San José,11
Medellín,11
Ciudad Apodaca,11
St. Louis,11
Charlotte,11
Raleigh,11
Alexandria,11
N/A,11
Nicosia,10
Amman,10
Vilnius,10
Lusaka,10
Colombo,10
Meerut,10
Kanpur,10
Manila,10
Wuhan,10
Southampton,10
Bristol,10
Almere Stad,10
Münster,10
Bratislava,10
Zagreb,10
Puebla,10
Quito,10
Santiago de Querétaro,10
León de los Aldama,10
Orlando,10
Kansas City,10
Detroit,10
Pasadena,10
Redmond,10
Burnaby,10
Baghdad,9
Dammam,9
Petaẖ Tiqwa,9
Haifa,9
Voronezh,9
Samara,9
Tbilisi,9
Visakhapatnam,9
Vijayawada,9
Indore,9
Chandīgarh,9
Yekaterinburg,9
Petaling Jaya,9
Changsha,9
Abidjan,9
Abuja,9
Nottingham,9
Liverpool,9
Fulham,9
Edinburgh,9
Mannheim,9
Heidelberg,9
Nantes,9
Brest,9
Curitiba,9
Guatemala City,9
Panamá,9
Córdoba,9
Manassas,9
Lincoln,9
Buffalo,9
Providence,9
Fremont,9
N/A,9
İzmir,8
Ufa,8
Baku,8
Espoo,8
Islamabad,8
Thrissur,8
Almaty,8
Tianjin,8
N/A,8
Suzhou,8
Seongnam-si,8
Ibadan,8
Rabat,8
Reading,8
N/A,8
N/A,8
Malmö,8
Porto,8
Delft,8
Antwerpen,8
Brno,8
Bilbao,8
Buenos Aires,8
Asunción,8
Zapopan,8
Gainesville,8
