name,unique_entrances,total_entrances,visit_duration
/pt-br/3/tutorial/index.html,90,96,197
/pt-br/3/,78,83,168
/3/,66,66,591
/pt-br/3/library/venv.html,56,56,27
/dev/using/windows.html,47,47,341
/pt-br/3/library/stdtypes.html,44,48,84
/pt-br/3/library/math.html,31,35,341
/pt-br/3.15/using/windows.html,29,34,121
/pt-br/3/library/functions.html,28,29,59
/pt-br/3/library/index.html,26,27,211
/pt-br/3/tutorial/controlflow.html,23,24,235
/pt-br/3/library/random.html,21,21,48
/pt-br/3/tutorial/classes.html,20,20,71
/pt-br/3/library/tkinter.html,19,19,180
/pt-br/3/tutorial/inputoutput.html,19,19,183
/pt-br/3.14/tutorial/index.html,15,15,316
/pt-br/3/library/string.html,15,15,9
/pt-br/3/tutorial/errors.html,14,14,0
/pt-br/3/tutorial/introduction.html,14,15,358
/pt-br/3/search.html,13,13,224
/pt-br/3/tutorial/appetite.html,13,13,231
/pt-br/dev/library/zlib.html,13,13,9
/pt-br/3.14/,12,12,205
/pt-br/3/tutorial/datastructures.html,12,13,15
/pt-br/dev/tutorial/datastructures.html,12,12,0
/pt-br/3/faq/windows.html,11,11,0
/pt-br/3.13/library/index.html,10,10,2
/pt-br/3.13/tutorial/index.html,10,10,11
/pt-br/3.14/search.html,10,12,308
/3/library/tkinter.html,9,9,148
/3/tutorial/index.html,9,9,1040
/pt-br/3.13/library/tkinter.html,9,10,9
/pt-br/3/tutorial/,9,9,95
/pt-br/3/tutorial/modules.html,9,9,0
/pt-br/dev/whatsnew/3.14.html,9,9,143
/pt-br/3.13/,8,9,214
/pt-br/3.13/library/stdtypes.html,8,9,4
/pt-br/3.13/search.html,8,9,0
/pt-br/3.14/library/index.html,8,9,155
/pt-br/3.14/tutorial/introduction.html,8,10,589
/pt-br/3/library/csv.html,8,8,399
/pt-br/3/library/turtle.html,8,8,4
/pt-br/3/tutorial/interpreter.html,8,8,5
/3.14/tutorial/index.html,7,7,722
/3/library/math.html,7,7,998
/pt-br/3.13/library/functions.html,7,7,0
/pt-br/3.14/library/functions.html,7,7,244
/pt-br/3.14/library/stdtypes.html,7,7,0
/pt-br/3.14/tutorial/interpreter.html,7,7,68
/pt-br/3/library/,7,7,2
/pt-br/3/library/datetime.html,7,7,0
/pt-br/3/library/re.html,7,7,184
/3.14/,6,6,43
/3/library/datetime.html,6,6,234
/3/library/idle.html,6,6,22
/3/library/index.html,6,6,1495
/3/search.html,6,6,757
/pt-br/3.13/tutorial/datastructures.html,6,9,0
/pt-br/3.14/tutorial/datastructures.html,6,6,551
/pt-br/3/library/os.html,6,6,0
/pt-br/3/reference/grammar.html,6,9,35
/pt-br/3/using/android.html,6,6,7
/3/library/functions.html,5,5,236
/3/tutorial/controlflow.html,5,5,624
/pt-br/3.13/library/math.html,5,6,27
/pt-br/3.14/library/tkinter.html,5,5,0
/pt-br/3.14/tutorial/controlflow.html,5,7,358
/pt-br/3/contents.html,5,5,42
/pt-br/3/library/statistics.html,5,5,0
/pt-br/3/using/cmdline.html,5,5,116
/pt-br/dev/faq/general.html,5,5,23
/pt-br/dev/howto/sorting.html,5,5,0
/3.13/,4,4,976
/pt-br/3.14/library/math.html,4,4,0
/pt-br/3/library/__main__.html,4,4,28
/pt-br/3/library/datatypes.html,4,4,0
/pt-br/3/library/exceptions.html,4,4,0
/pt-br/3/library/filesys.html,4,4,0
/pt-br/3/library/tk.html,4,4,80
/pt-br/3/library/typing.html,4,8,0
/pt-br/3/reference/index.html,4,4,86
/pt-br/3/reference/introduction.html,4,4,89
/pt-br/3/whatsnew/3.13.html,4,9,0
/pt-br/dev/library/venv.html,4,5,0
/3.15/,3,3,372
/3/library/codecs.html,3,3,3
/3/library/venv.html,3,3,198
/3/reference/index.html,3,3,1635
/3/tutorial/,3,3,616
/3/tutorial/datastructures.html,3,3,459
/3/using/index.html,3,3,1121
/pt-br/3.12/howto/regex.html,3,3,0
/pt-br/3.13/tutorial/appetite.html,3,4,0
/pt-br/3.13/tutorial/classes.html,3,3,0
/pt-br/3.13/tutorial/controlflow.html,3,3,0
/pt-br/3.13/tutorial/interpreter.html,3,3,0
/pt-br/3.13/whatsnew/3.7.html,3,3,0
/pt-br/3.14/using/windows.html,3,3,97
/pt-br/3/installing/index.html,3,3,0
/pt-br/3/library/keyword.html,3,3,1
/pt-br/3/library/pydoc.html,3,3,377
/pt-br/3/py-modindex.html,3,4,10
/pt-br/3/reference/lexical_analysis.html,3,3,0
/pt-br/3/tutorial/venv.html,3,3,0
/pt-br/3/using/mac.html,3,3,0
/pt-br/dev/library/heapq.html,3,3,0
/pt-br/dev/reference/import.html,3,3,0
/3.13/using/windows.html,2,2,1058
/3/library/os.html,2,2,1168
/3/library/random.html,2,2,42
/3/library/re.html,2,2,13
/3/library/sqlite3.html,2,2,186
/3/library/time.html,2,2,46
/3/reference/compound_stmts.html,2,2,106
/pt-br/3.12/tutorial/classes.html,2,2,0
/pt-br/3.12/tutorial/controlflow.html,2,2,0
/pt-br/3.12/tutorial/introduction.html,2,2,0
/pt-br/3.13/c-api/memory.html,2,2,0
/pt-br/3.13/library/crypto.html,2,2,0
/pt-br/3.13/library/functools.html,2,2,0
/pt-br/3.13/library/gettext.html,2,2,0
/pt-br/3.13/library/hashlib.html,2,2,0
/pt-br/3.13/library/random.html,2,2,12
/pt-br/3.13/tutorial/introduction.html,2,2,322
/pt-br/3.13/tutorial/modules.html,2,2,0
/pt-br/3.13/whatsnew/3.13.html,2,2,0
/pt-br/3.14/contents.html,2,2,132
/pt-br/3.14/glossary.html,2,2,654
/pt-br/3.14/library/datetime.html,2,2,0
/pt-br/3.14/library/decimal.html,2,2,3538
/pt-br/3.14/library/idle.html,2,2,243
/pt-br/3.14/library/sqlite3.html,2,2,42
/pt-br/3.14/library/time.html,2,2,0
/pt-br/3.14/library/tkinter.ttk.html,2,2,0
/pt-br/3.14/py-modindex.html,2,3,0
/pt-br/3.14/reference/datamodel.html,2,2,0
/pt-br/3.14/reference/simple_stmts.html,2,2,0
/pt-br/3.14/tutorial/appetite.html,2,2,15
/pt-br/3.14/whatsnew/3.14.html,2,2,0
/pt-br/3.15/whatsnew/3.15.html,2,2,400
/pt-br/3/c-api/index.html,2,2,64
/pt-br/3/glossary.html,2,2,338
/pt-br/3/howto/logging.html,2,2,218
/pt-br/3/index.html,2,2,12
/pt-br/3/library/array.html,2,2,0
/pt-br/3/library/compression.zstd.html,2,2,0
/pt-br/3/library/dataclasses.html,2,2,0
/pt-br/3/library/shutil.html,2,2,0
/pt-br/3/library/subprocess.html,2,2,0
/pt-br/3/library/time.html,2,2,0
/pt-br/3/library/tkinter.font.html,2,2,0
/pt-br/3/reference/datamodel.html,2,2,112
/pt-br/3/reference/expressions.html,2,2,106
/pt-br/3/tutorial/stdlib2.html,2,3,360
/pt-br/3/whatsnew/3.14.html,2,2,39
/pt-br/dev/reference/datamodel.html,2,2,54
/pt-br/dev/search.html,2,2,80
/3.13/tutorial/,1,1,1050
/3.13/tutorial/appetite.html,1,1,150
/3.14/library/functions.html,1,1,1
/3.14/library/index.html,1,1,626
/3.14/tutorial/appetite.html,1,1,1846
/3.14/tutorial/datastructures.html,1,1,324
/3.14/using/windows.html,1,1,39
/3.14/whatsnew/3.14.html,1,1,30
/3/c-api/file.html,1,1,79
/3/contents.html,1,1,42
/3/download.html,1,1,129
/3/faq/general.html,1,1,1667
/3/genindex.html,1,1,43
/3/howto/a-conceptual-overview-of-asyncio.html,1,1,77
/3/installing/index.html,1,1,37
/3/library/abc.html,1,1,7
/3/library/asyncio.html,1,1,153
/3/library/cmath.html,1,1,174
/3/library/csv.html,1,2,376
/3/library/email.examples.html,1,1,246
/3/library/http.client.html,1,1,37
/3/library/itertools.html,1,1,19
/3/library/operator.html,1,1,836
/3/library/pathlib.html,1,1,402
/3/library/stdtypes.html,1,1,170
/3/library/string.html,1,1,0
/3/library/subprocess.html,1,1,287
/3/library/sys.html,1,1,40
/3/library/threading.html,1,1,62
/3/library/turtle.html,1,1,6571
/3/library/unicodedata.html,1,1,0
/3/library/winsound.html,1,1,101
/3/reference/lexical_analysis.html,1,1,0
/3/tutorial/classes.html,1,1,1142
/3/tutorial/errors.html,1,1,519
/3/tutorial/interpreter.html,1,1,649
/3/tutorial/introduction.html,1,1,8
/3/using/cmdline.html,1,1,1042
/3/whatsnew/3.14.html,1,1,23
/dev/search.html,1,1,832
/es/3.14/library/math.html,1,1,250
/ja/3/library/index.html,1,1,1858
/pt-br/3.12/,1,1,297
/pt-br/3.12/download.html,1,1,0
/pt-br/3.12/library/functions.html,1,1,0
/pt-br/3.12/library/pathlib.html,1,1,0
/pt-br/3.12/tutorial/errors.html,1,1,57
/pt-br/3.12/using/index.html,1,1,50
/pt-br/3.13/c-api/intro.html,1,1,0
/pt-br/3.13/deprecations/pending-removal-in-3.16.html,1,1,0
/pt-br/3.13/download.html,1,1,11
/pt-br/3.13/genindex-V.html,1,1,0
/pt-br/3.13/howto/curses.html,1,1,0
/pt-br/3.13/index.html,1,1,0
/pt-br/3.13/library/constants.html,1,1,0
/pt-br/3.13/library/dialog.html,1,2,0
/pt-br/3.13/library/ensurepip.html,1,1,1851
/pt-br/3.13/library/http.server.html,1,1,0
/pt-br/3.13/library/internet.html,1,1,322
/pt-br/3.13/library/ipc.html,1,1,0
/pt-br/3.13/library/mailbox.html,1,1,0
/pt-br/3.13/library/mimetypes.html,1,1,0
/pt-br/3.13/library/numeric.html,1,1,0
/pt-br/3.13/library/pathlib.html,1,1,0
/pt-br/3.13/library/pdb.html,1,1,0
/pt-br/3.13/library/pty.html,1,1,0
/pt-br/3.13/library/re.html,1,1,1332
/pt-br/3.13/library/tk.html,1,1,0
/pt-br/3.13/library/turtle.html,1,1,0
/pt-br/3.13/library/venv.html,1,1,0
/pt-br/3.13/library/winsound.html,1,1,13
/pt-br/3.13/reference/index.html,1,1,0
/pt-br/3.13/reference/lexical_analysis.html,1,1,0
/pt-br/3.13/tutorial/errors.html,1,1,0
/pt-br/3.13/using/configure.html,1,1,88
/pt-br/3.13/using/ios.html,1,1,0
/pt-br/3.13/using/unix.html,1,1,0
/pt-br/3.14/c-api/file.html,1,1,0
/pt-br/3.14/index.html,1,1,386
/pt-br/3.14/installing/index.html,1,1,991
/pt-br/3.14/library/calendar.html,1,1,15
/pt-br/3.14/library/cmath.html,1,1,0
/pt-br/3.14/library/colorsys.html,1,1,0
/pt-br/3.14/library/functools.html,1,1,0
/pt-br/3.14/library/heapq.html,1,1,0
/pt-br/3.14/library/intro.html,1,1,0
/pt-br/3.14/library/io.html,1,1,296
/pt-br/3.14/library/json.html,1,1,0
/pt-br/3.14/library/numbers.html,1,1,0
/pt-br/3.14/library/os.html,1,1,363
/pt-br/3.14/library/os.path.html,1,2,0
/pt-br/3.14/library/runpy.html,1,2,0
/pt-br/3.14/library/struct.html,1,1,0
/pt-br/3.14/library/zipimport.html,1,1,0
/pt-br/3.14/reference/compound_stmts.html,1,1,283
/pt-br/3.14/reference/index.html,1,2,15
/pt-br/3.14/reference/introduction.html,1,1,711
/pt-br/3.14/reference/lexical_analysis.html,1,2,0
/pt-br/3.14/tutorial/,1,1,576
/pt-br/3.14/tutorial/modules.html,1,1,0
/pt-br/3.14/using/cmdline.html,1,1,304
/pt-br/3.14/using/index.html,1,1,57
/pt-br/3.14/using/unix.html,1,1,300
/pt-br/3.15/about.html,1,1,0
/pt-br/3.15/genindex.html,1,1,10
/pt-br/3.15/index.html,1,1,90
/pt-br/3.15/library/__main__.html,1,1,57
/pt-br/3.15/library/binascii.html,1,1,0
/pt-br/3.15/library/decimal.html,1,1,0
/pt-br/3.15/library/gettext.html,1,1,768
/pt-br/3.15/library/uuid.html,1,1,0
/pt-br/3.15/tutorial/index.html,1,1,0
/pt-br/3.15/whatsnew/3.12.html,1,1,0
/pt-br/3/c-api/set.html,1,1,0
/pt-br/3/library/argparse.html,1,1,0
/pt-br/3/library/asyncio-protocol.html,1,1,0
/pt-br/3/library/audit_events.html,1,1,0
/pt-br/3/library/calendar.html,1,1,0
/pt-br/3/library/codecs.html,1,1,0
/pt-br/3/library/constants.html,1,1,0
/pt-br/3/library/crypto.html,1,1,0
/pt-br/3/library/devmode.html,1,1,0
/pt-br/3/library/email.html,1,1,0
/pt-br/3/library/getpass.html,1,1,0
/pt-br/3/library/glob.html,1,1,0
/pt-br/3/library/intro.html,1,1,102
/pt-br/3/library/itertools.html,1,1,0
/pt-br/3/library/json.html,1,1,0
/pt-br/3/library/language.html,1,1,0
/pt-br/3/library/numeric.html,1,1,373
/pt-br/3/library/operator.html,1,1,0
/pt-br/3/library/os.path.html,1,1,0
/pt-br/3/library/pathlib.html,1,1,0
/pt-br/3/library/py_compile.html,1,1,0
/pt-br/3/library/readline.html,1,1,0
/pt-br/3/library/secrets.html,1,1,0
/pt-br/3/library/tkinter.ttk.html,1,1,3
/pt-br/3/library/trace.html,1,1,36
/pt-br/3/library/types.html,1,1,0
/pt-br/3/library/urllib.parse.html,1,1,0
/pt-br/3/library/xml.html,1,1,1289
/pt-br/3/library/zipfile.html,1,1,3
/pt-br/3/reference/compound_stmts.html,1,1,0
