name,version,visitors
Windows,10,1010
Mac,10.15,262
Android,10,93
Android,14,66
Android,15,51
iOS,18.4,45
GNU/Linux,(not set),42
Android,13,42
HarmonyOS,2.2,38
Android,12,29
HarmonyOS,3.0,28
Android,11,23
HarmonyOS,(not set),21
iOS,18.3,11
Android,9,11
Ubuntu,(not set),6
Chrome OS,14541.0,6
Android,8.1,6
iOS,17.6,4
iOS,17.5,3
Android,7.1,3
(not set),(not set),2
iOS,15.5,2
iOS,16.7,2
iOS,18.1,2
HarmonyOS,2.1,2
Windows,7,2
Mac,12.4,1
iOS,13.6,1
iOS,16.2,1
iOS,16.3,1
iOS,16.6,1
iOS,17.1,1
iOS,17.2,1
iOS,17.3,1
iPadOS,17.5,1
iOS,18.2,1
Android,5.1,1
Android,6.0,1
Android,8.0,1
Windows,Server 2003,1
