name,visitors
Brazil,365798
United States,123664
India,93232
Argentina,42118
Indonesia,22276
Mexico,18020
Vietnam,16808
Malaysia,16742
Ecuador,15970
Russian Federation,13164
Philippines,13073
Bangladesh,11934
Colombia,11690
Turkey,10941
Peru,8375
South Africa,7902
Chile,7611
China,7435
France,7278
Paraguay,6154
Nepal,5697
Ukraine,5521
Spain,5326
Poland,4369
Uruguay,4107
Pakistan,3813
Venezuela,3800
Morocco,3761
Italy,3635
Algeria,3620
Thailand,3582
United Arab Emirates,3483
Egypt,3263
Saudi Arabia,2848
Dominican Republic,2717
Iraq,2080
Tunisia,1906
Netherlands,1891
Portugal,1842
Romania,1573
Belarus,1529
Trinidad and Tobago,1511
Japan,1490
Greece,1463
Cambodia,1427
Taiwan,1373
Hungary,1340
Uzbekistan,1243
Kuwait,1236
Belgium,1190
New Zealand,1148
Senegal,1100
Czechia,1070
Barbados,1056
Ireland,1036
Jordan,1030
Sweden,1000
Albania,985
Serbia,983
Kenya,981
Honduras,960
Jamaica,949
Singapore,919
Bulgaria,891
Guatemala,889
Costa Rica,823
Bahrain,789
Sri Lanka,774
Norway,770
Slovakia,747
Brunei Darussalam,718
El Salvador,698
Oman,692
Denmark,690
Switzerland,668
Finland,658
Panama,615
Qatar,606
Lebanon,582
Moldova,573
Bosnia and Herzegovina,569
Hong Kong,569
Lithuania,563
Georgia,549
Kosovo,544
Germany,519
Armenia,490
Croatia,490
Latvia,486
Mongolia,472
Bolivia,452
Myanmar,432
United Kingdom,419
"Palestine, State of",413
Ghana,400
Kazakhstan,389
Nicaragua,363
North Macedonia,348
Bahamas,344
Puerto Rico,322
Azerbaijan,296
Slovenia,289
Libya,278
Estonia,277
Laos,268
Cyprus,259
Côte d'Ivoire,257
Burkina Faso,255
Guyana,249
Iran,242
Australia,228
Kyrgyzstan,211
Mauritius,204
Canada,202
Nigeria,190
Belize,177
Israel,169
Maldives,162
Malta,159
Ethiopia,157
Angola,149
Tanzania,149
South Korea,148
Suriname,136
Uganda,136
Grenada,131
Botswana,123
Fiji,123
Haiti,100
Zimbabwe,92
Cayman Islands,90
Montenegro,86
Somalia,86
Iceland,84
Saint Lucia,81
Gabon,80
Saint Vincent and the Grenadines,80
Luxembourg,77
Togo,68
Guadeloupe,64
Mozambique,62
Syria,61
Congo,54
Madagascar,50
Réunion,50
Bermuda,46
Macao,46
Mauritania,46
Curaçao,45
Antigua and Barbuda,43
Tajikistan,43
"Virgin Islands, U.S.",42
Austria,41
Yemen,41
Namibia,38
Zambia,37
Saint Kitts and Nevis,36
Martinique,36
Cabo Verde,35
Mali,32
Jersey,31
French Guiana,28
Sint Maarten (Dutch part),27
Bhutan,25
"Virgin Islands, British",24
Isle of Man,23
Lesotho,23
New Caledonia,23
Rwanda,20
Timor-Leste,20
"Congo, The Democratic Republic of the",19
Eswatini,19
Cameroon,18
Guinea,18
Afghanistan,16
Aruba,15
Andorra,14
Dominica,13
Greenland,12
Turks and Caicos Islands,12
Faroe Islands,11
Guam,11
Benin,9
Djibouti,9
Guernsey,9
Gibraltar,9
Anguilla,8
Gambia,8
Guinea-Bissau,8
Papua New Guinea,8
Vanuatu,8
"Bonaire, Sint Eustatius and Saba",6
Monaco,6
Solomon Islands,6
Liberia,5
Saint Martin (French part),5
Malawi,5
Cuba,4
Sierra Leone,4
South Sudan,4
Seychelles,3
Sudan,3
American Samoa,2
Åland Islands,2
Burundi,2
Liechtenstein,2
Northern Mariana Islands,2
Saint Pierre and Miquelon,2
Palau,2
Sao Tome and Principe,2
Central African Republic,1
Cook Islands,1
Montserrat,1
Niger,1
French Polynesia,1
San Marino,1
Tonga,1
