name,unique_exits,total_exits,exit_rate
/it/3/tutorial/index.html,41,44,
/it/3.14/tutorial/index.html,15,16,
/it/3/tutorial/inputoutput.html,14,14,
/it/3/tutorial/datastructures.html,13,13,
/it/3/tutorial/classes.html,11,12,
/it/3.15/using/windows.html,10,12,
/it/3/tutorial/introduction.html,9,9,
/it/3.14/,8,8,
/it/3/,8,10,
/3/,7,8,
/it/3.14/tutorial/introduction.html,7,8,
/it/3/tutorial/interpreter.html,7,7,
/it/3/tutorial/venv.html,7,7,
/it/3.14/library/stdtypes.html,6,6,
/it/3.14/search.html,6,6,
/it/3.14/tutorial/controlflow.html,6,7,
/dev/using/windows.html,5,6,
/it/3/library/functions.html,5,7,
/3.14/tutorial/index.html,4,4,
/it/3/tutorial/appetite.html,4,3,
/it/3/tutorial/errors.html,4,4,
/3.14/using/windows.html,3,3,
/3/tutorial/index.html,3,3,
/it/3.12/whatsnew/changelog.html,3,3,
/it/3.13/library/functions.html,3,3,
/it/3.13/tutorial/index.html,3,3,
/it/3.13/using/windows.html,3,3,
/it/3.14/index.html,3,3,
/it/3.14/tutorial/,3,3,
/it/3.14/using/windows.html,3,3,
/it/3/search.html,3,3,
/it/3/tutorial/modules.html,3,3,
/it/3/tutorial/stdlib.html,3,3,
/3/search.html,2,2,
/dev/library/exceptions.html,2,2,
/it/3.12/,2,2,
/it/3.12/library/__main__.html,2,2,
/it/3.12/library/decimal.html,2,2,
/it/3.12/library/functions.html,2,2,
/it/3.12/library/internet.html,2,2,
/it/3.12/library/os.html,2,2,
/it/3.12/library/profile.html,2,2,
/it/3.12/library/urllib.robotparser.html,2,2,
/it/3.12/tutorial/index.html,2,7,
/it/3.14/contents.html,2,2,
/it/3.14/download.html,2,2,
/it/3.14/glossary.html,2,2,
/it/3.14/howto/a-conceptual-overview-of-asyncio.html,2,2,
/it/3.14/library/tkinter.html,2,3,
/it/3.14/reference/index.html,2,2,
/it/3.14/tutorial/interpreter.html,2,3,
/it/3.14/tutorial/venv.html,2,2,
/it/3.15/whatsnew/3.15.html,2,2,
/it/3/contents.html,2,2,
/it/3/library/concurrent.interpreters.html,2,2,
/it/3/library/inspect.html,2,2,
/it/3/library/logging.config.html,2,2,
/it/3/library/logging.html,2,2,
/it/3/library/site.html,2,2,
/it/3/library/smtplib.html,2,2,
/it/3/library/stdtypes.html,2,2,
/it/3/library/sys.html,2,2,
/it/3/library/tk.html,2,2,
/it/3/library/typing.html,2,2,
/it/3/reference/compound_stmts.html,2,2,
/it/3/reference/executionmodel.html,2,2,
/it/3/reference/simple_stmts.html,2,2,
/it/3/tutorial/controlflow.html,2,2,
/zh-cn/3.13/search.html,2,2,
/3.12/tutorial/controlflow.html,1,1,
/3.14/contents.html,1,1,
/3.14/library/asyncio-task.html,1,1,
/3.14/tutorial/,1,1,
/3.14/tutorial/datastructures.html,1,1,
/3.14/using/cmdline.html,1,1,
/3.14/using/index.html,1,1,
/3.14/whatsnew/3.14.html,1,1,
/3.15/reference/index.html,1,1,
/3/contents.html,1,1,
/3/library/ipaddress.html,1,1,
/3/library/os.html,1,1,
/3/library/python.html,1,1,
/3/library/random.html,1,1,
/3/library/string.html,1,1,
/3/library/sys_path_init.html,1,1,
/3/library/typing.html,1,1,
/3/reference/datamodel.html,1,1,
/3/tutorial/,1,1,
/3/tutorial/classes.html,1,1,
/dev/library/site.html,1,0,
/dev/tutorial/venv.html,1,0,
/es/3.14/library/index.html,1,1,
/es/3.14/library/tkinter.html,1,1,
/fr/3/tutorial/,1,1,
/it/3.12/download.html,1,1,
/it/3.12/library/argparse.html,1,1,
/it/3.12/library/bz2.html,1,1,
/it/3.12/library/collections.html,1,1,
/it/3.12/library/copyreg.html,1,1,
/it/3.12/library/dataclasses.html,1,1,
