name,visitors
India,65886
China,47269
United States,45295
Brazil,18275
Russian Federation,17694
Japan,15467
Germany,12110
South Korea,11302
United Kingdom,9822
France,8818
Mexico,7238
Hong Kong,6650
Vietnam,6318
Indonesia,5840
Canada,5612
Taiwan,5416
Spain,5056
Italy,4915
Colombia,4806
Turkey,4516
Poland,4483
Netherlands,4443
Pakistan,4421
Thailand,4404
Australia,4128
Singapore,4065
Argentina,3392
Peru,3252
Ukraine,3053
Philippines,2876
Iran,2611
Malaysia,2251
Chile,2243
Bangladesh,2192
Nigeria,2113
Egypt,2019
Israel,1904
South Africa,1839
Morocco,1779
Switzerland,1748
Sweden,1670
Kenya,1634
Ecuador,1519
Nepal,1495
Sri Lanka,1407
Belgium,1395
Kazakhstan,1357
Portugal,1349
Czechia,1346
Austria,1294
Saudi Arabia,1286
Romania,1285
Uzbekistan,1165
United Arab Emirates,1110
Finland,1074
Ghana,1034
Norway,970
Hungary,969
Algeria,892
Serbia,883
Greece,836
Ireland,824
Iraq,810
Bolivia,739
Venezuela,730
New Zealand,729
Costa Rica,694
Bulgaria,675
Belarus,657
Denmark,623
Ethiopia,606
Guatemala,585
Slovakia,564
Dominican Republic,550
Croatia,519
Lithuania,516
"Congo, The Democratic Republic of the",515
Myanmar,513
Cambodia,491
Tunisia,490
Azerbaijan,471
Uganda,429
Latvia,392
Uruguay,374
Georgia,336
Zimbabwe,323
Tanzania,313
Armenia,304
Jordan,288
Lebanon,287
Angola,281
Cameroon,277
El Salvador,270
Panama,268
Madagascar,265
Paraguay,255
Moldova,239
Slovenia,229
Seychelles,226
Côte d'Ivoire,222
Kyrgyzstan,221
Honduras,214
Bhutan,208
Estonia,206
Kuwait,180
Zambia,177
Mongolia,176
Qatar,175
Senegal,175
Cyprus,172
Luxembourg,164
Nicaragua,162
Oman,159
Mozambique,156
Benin,146
Macao,146
Bosnia and Herzegovina,144
Cuba,143
Afghanistan,140
Yemen,128
Mauritius,125
Albania,123
Puerto Rico,120
Rwanda,117
Syria,115
"Palestine, State of",107
Tajikistan,103
Laos,99
Malawi,95
Burkina Faso,92
North Macedonia,90
Libya,89
Togo,87
Congo,84
Somalia,78
Botswana,76
Jamaica,76
Réunion,76
Kosovo,75
Bahrain,72
Malta,71
Trinidad and Tobago,67
Sudan,64
Namibia,60
Montenegro,57
Iceland,54
Gabon,52
Mali,44
Burundi,43
Mauritania,43
Haiti,36
Guinea,35
Maldives,35
Papua New Guinea,35
Eswatini,34
Liberia,31
New Caledonia,28
Guyana,27
Guadeloupe,26
Brunei Darussalam,25
Cabo Verde,25
Martinique,25
Sierra Leone,23
Fiji,21
Guam,20
Liechtenstein,20
Lesotho,20
South Sudan,20
Suriname,19
Gambia,18
Bahamas,17
Jersey,15
Niger,15
French Guiana,14
Barbados,13
Saint Lucia,13
French Polynesia,13
Belize,12
Curaçao,12
Djibouti,12
Andorra,11
Guernsey,11
Timor-Leste,11
Grenada,8
Monaco,8
Vanuatu,8
Faroe Islands,7
Sao Tome and Principe,7
Aruba,6
Bermuda,6
Turks and Caicos Islands,6
Gibraltar,5
Isle of Man,5
Saint Vincent and the Grenadines,5
"Micronesia, Federated States of",4
Comoros,4
Cayman Islands,4
Tonga,4
Holy See (Vatican City State),4
"Virgin Islands, U.S.",4
Mayotte,4
Åland Islands,3
Cook Islands,3
Dominica,3
Eritrea,3
Guinea-Bissau,3
Saint Martin (French part),3
"Virgin Islands, British",3
Antigua and Barbuda,2
Antarctica,2
Greenland,2
Chad,2
Turkmenistan,2
"Bonaire, Sint Eustatius and Saba",1
Equatorial Guinea,1
Saint Kitts and Nevis,1
Northern Mariana Islands,1
Montserrat,1
Palau,1
San Marino,1
Sint Maarten (Dutch part),1
Samoa,1
