name,visitors
Chrome,52709
Safari,9849
Microsoft Edge,9690
Firefox,8535
Yandex Browser,2302
Mobile App,2284
(not set),1676
Opera,1155
Samsung Browser,328
vivo Browser,234
UC Browser,227
Quark,157
Huawei Browser Mobile,145
MIUI Browser,96
QQ Browser,78
Smart Lenovo Browser,66
Avast Secure Browser,42
QtWebEngine,27
Whale Browser,23
AVG Secure Browser,15
Norton Private Browser,14
Sogou Explorer,14
Mobile Silk,13
Ecosia,10
Opera Touch,10
AdBlock Browser,9
Huawei Browser,9
Opera GX,9
Android Browser,8
Hi Browser,6
Chromium,4
Falkon,4
Iron,4
JioSphere,4
Pale Moon,4
360 Secure Browser,3
Atom,3
CCleaner,3
CoolBrowser,3
NetFront,3
Phoenix Browser,3
SberBrowser,3
SeaMonkey,3
115 Browser,2
Aloha Browser,2
Avira Secure Browser,2
DuckDuckGo Privacy Browser,2
Kindle Browser,2
Nokia Browser,2
Notion,2
Openwave Mobile Browser,2
Sleipnir,2
Soul Browser,2
Tizen Browser,2
Yahoo! Japan Browser,2
Chromium GOST,1
Coc Coc,1
Firefox Rocket,1
Meizu Browser,1
Opera Devices,1
Oppo Browser,1
Puffin,1
Raspbian Chromium,1
mailapp,1
