name,unique_exits,total_exits,exit_rate
/ko/dev/c-api/marshal.html,627,629,
/ko/3.13/library/intro.html,156,156,
/ja/3.13/c-api/capsule.html,84,84,
/ko/3.13/tutorial/index.html,59,64,
/ko/dev/using/index.html,40,40,
/ko/3/tutorial/index.html,36,36,
/ko/3/,29,31,
/ko/3.13/installing/index.html,28,29,
/ko/3.13/library/idle.html,24,24,
/3/,20,20,
/ko/3.13/library/index.html,20,20,
/ko/3.13/tutorial/classes.html,18,18,
/ko/3.13/tutorial/introduction.html,18,18,
/ko/3.12/using/index.html,16,17,
/ko/3.13/library/csv.html,16,16,
/ko/3.13/tutorial/errors.html,16,17,
/ko/3.13/library/asyncio.html,14,14,
/ko/3.13/tutorial/controlflow.html,14,15,
/ko/dev/bugs.html,14,14,
/ko/3.13/tutorial/interpreter.html,13,13,
/ko/3.13/library/functions.html,12,12,
/ko/3.13/whatsnew/index.html,12,12,
/ko/3/library/stdtypes.html,12,12,
/ko/3.13/tutorial/inputoutput.html,11,11,
/ko/3/tutorial/controlflow.html,11,11,
/uk/dev/extending/newtypes_tutorial.html,11,11,
/ko/3.13/howto/regex.html,10,10,
/ko/3.13/library/stdtypes.html,10,12,
/ko/3/using/windows.html,10,10,
/ja/3/c-api/import.html,9,9,
/ko/3.13/library/math.html,9,9,
/ko/3.13/library/pprint.html,9,9,
/ko/dev/tutorial/inputoutput.html,9,9,
/ko/3.13/,8,8,
/ko/3.13/howto/sorting.html,8,8,
/ko/3.13/library/itertools.html,8,8,
/ko/3.13/library/os.path.html,8,8,
/ko/3.13/library/re.html,8,8,
/ko/3/tutorial/,8,9,
/ko/dev/library/marshal.html,8,8,
/ko/3.13/library/html.parser.html,7,7,
/ko/3.13/library/subprocess.html,7,7,
/ko/3.13/library/threading.html,7,7,
/ko/3.13/tutorial/datastructures.html,7,7,
/ko/3/library/functions.html,7,7,
/ko/3/tutorial/appetite.html,7,7,
/ko/3.13/howto/index.html,6,6,
/ko/3.13/library/array.html,6,6,
/ko/3.13/library/asyncio-task.html,6,6,
/ko/3.13/library/turtle.html,6,6,
/ko/3.13/using/windows.html,6,6,
/ko/3/library/logging.handlers.html,6,7,
/ko/3/reference/,6,6,
/ko/3/tutorial/datastructures.html,6,6,
/ko/3/tutorial/interpreter.html,6,6,
/ko/3/tutorial/introduction.html,6,6,
/3/library/functions.html,5,5,
/ko/3.13/howto/functional.html,5,5,
/ko/3.13/library/datetime.html,5,5,
/ko/3.13/library/difflib.html,5,5,
/ko/3.13/library/ipaddress.html,5,5,
/ko/3.13/library/json.html,5,6,
/ko/3.13/library/pathlib.html,5,5,
/ko/3.13/library/pickle.html,5,5,
/ko/3.13/library/struct.html,5,5,
/ko/3.13/library/urllib.parse.html,5,5,
/ko/3.13/search.html,5,5,
/ko/3.13/tutorial/modules.html,5,5,
/ko/3/library/configparser.html,5,6,
/ko/3/library/exceptions.html,5,5,
/ko/3/library/index.html,5,5,
/ko/3/library/tempfile.html,5,5,
/ko/dev/library/turtle.html,5,5,
/ko/3.13/library/abc.html,4,4,
/ko/3.13/library/argparse.html,4,4,
/ko/3.13/library/collections.html,4,4,
/ko/3.13/library/contextvars.html,4,4,
/ko/3.13/library/heapq.html,4,4,
/ko/3.13/library/inspect.html,4,4,
/ko/3.13/library/multiprocessing.html,4,4,
/ko/3.13/library/time.html,4,4,
/ko/3.13/tutorial/appetite.html,4,4,
/ko/3.15/,4,4,
/ko/3.15/howto/mro.html,4,4,
/ko/3/search.html,4,4,
/3.13/,3,3,
/3.13/tutorial/index.html,3,3,
/3/library/argparse.html,3,3,
/3/library/ipaddress.html,3,3,
/3/library/typing.html,3,3,
/3/tutorial/index.html,3,3,
/ja/3/library/mmap.html,3,3,
/ko/3.12/tutorial/controlflow.html,3,3,
/ko/3.13/c-api/index.html,3,3,
/ko/3.13/download.html,3,3,
/ko/3.13/glossary.html,3,3,
/ko/3.13/howto/ipaddress.html,3,3,
/ko/3.13/howto/sockets.html,3,3,
/ko/3.13/library/asyncio-eventloop.html,3,4,
/ko/3.13/library/calendar.html,3,3,
