name,visitors
Chrome,8352
Microsoft Edge,4306
Firefox,1110
Safari,797
Opera,771
Mobile App,300
Yandex Browser,228
Avast Secure Browser,38
Samsung Browser,37
QQ Browser,35
Quark,35
AVG Secure Browser,29
Smart Lenovo Browser,26
Whale Browser,17
Huawei Browser Mobile,16
360 Secure Browser,14
Huawei Browser,12
MIUI Browser,10
Norton Private Browser,8
Sogou Explorer,7
vivo Browser,4
(not set),3
Mobile Silk,3
AdBlock Browser,2
Avira Secure Browser,2
CCleaner,2
UC Browser,2
Android Browser,1
DuckDuckGo Privacy Browser,1
Ecosia,1
Hi Browser,1
JioSphere,1
NetFront,1
Notion,1
Openwave Mobile Browser,1
Pale Moon,1
Phoenix Browser,1
QtWebEngine,1
Sleipnir,1
