name,unique_exits,total_exits,exit_rate
/3.13/tutorial/index.html,2345,2496,
/3.13/using/windows.html,2300,2402,
/3.13/whatsnew/3.13.html,568,591,
/3.13/index.html,535,563,
/3.13/,360,385,
/3.13/tutorial/interpreter.html,338,355,
/3.13/tutorial/,243,258,
/3.13/tutorial/appetite.html,215,233,
/es/3.13/tutorial/index.html,182,192,
/3.13/tutorial/introduction.html,180,200,
/3.13/library/functions.html,120,121,
/es/3.13/library/tkinter.html,116,122,
/3.13/tutorial/controlflow.html,110,128,
/3/,107,107,
/3.13/library/stdtypes.html,94,97,
/3.13/search.html,91,95,
/zh-cn/3.13/tutorial/index.html,89,93,
/zh-cn/3.13/,81,84,
/uk/3.13/library/idle.html,73,72,
/3.13/installing/index.html,71,72,
/pt-br/3.13/tutorial/classes.html,71,74,
/uk/3.13/library/turtle.html,68,75,
/es/3.13/tutorial/venv.html,67,76,
/ja/3.13/library/functions.html,64,71,
/ja/3.13/library/datetime.html,59,60,
/3.13/library/index.html,55,61,
/uk/3.13/library/tkinter.html,55,55,
/3.13/tutorial/datastructures.html,53,56,
/es/3.13/tutorial/introduction.html,51,51,
/pt-br/3.13/library/venv.html,51,56,
/zh-tw/3.13/tutorial/index.html,51,55,
/fr/3.13/library/tkinter.html,50,51,
/zh-cn/3.13/tutorial/introduction.html,50,61,
/3.13/download.html,48,51,
/3.13/glossary.html,48,50,
/ja/3.13/library/re.html,47,48,
/es/3.13/tutorial/datastructures.html,46,52,
/es/3.13/tutorial/interpreter.html,46,48,
/zh-cn/3.13/using/windows.html,45,46,
/3.13/library/tkinter.html,44,47,
/zh-cn/3.13/tutorial/interpreter.html,44,43,
/es/3.13/library/index.html,43,53,
/ja/3.13/library/venv.html,43,45,
/ja/3.13/library/subprocess.html,42,44,
/zh-cn/3.13/tutorial/controlflow.html,41,41,
/ja/3.13/library/typing.html,38,39,
/pt-br/3.13/library/math.html,38,40,
/es/3.13/tutorial/inputoutput.html,36,36,
/ja/3.13/library/stdtypes.html,36,38,
/pt-br/3.13/tutorial/index.html,36,39,
/es/3.13/installing/index.html,35,34,
/pt-br/3.13/tutorial/introduction.html,35,39,
/zh-cn/3.13/library/venv.html,35,37,
/3.13/library/random.html,34,34,
/fr/3.13/tutorial/classes.html,34,34,
/ja/3.13/library/index.html,34,34,
/ja/3.13/library/json.html,34,35,
/zh-cn/3.13/tutorial/datastructures.html,34,36,
/3.13/using/mac.html,33,36,
/fr/3.13/library/turtle.html,33,34,
/zh-cn/3.13/download.html,33,33,
/zh-cn/3.13/whatsnew/3.13.html,33,35,
/es/3.13/library/stdtypes.html,32,34,
/es/3.13/tutorial/controlflow.html,32,36,
/3.13/tutorial/appendix.html,30,30,
/3/library/tkinter.html,30,30,
/ja/3.13/using/windows.html,30,30,
/zh-cn/3.13/library/functions.html,30,33,
/zh-tw/3.13/installing/index.html,30,31,
/3/library/idle.html,29,29,
/zh-cn/3.13/library/stdtypes.html,29,32,
/3.13/library/,28,29,
/es/3.13/tutorial/appetite.html,28,28,
/uk/3.13/tutorial/index.html,28,32,
/3.13/tutorial/modules.html,27,29,
/3.13/using/cmdline.html,27,27,
/es/3.13/library/random.html,27,27,
/es/3.13/tutorial/errors.html,27,30,
/ja/3.13/library/itertools.html,27,27,
/ja/3.13/library/random.html,27,28,
/ja/3.13/tutorial/classes.html,27,29,
/3.13/library/turtle.html,26,29,
/3.13/library/typing.html,26,28,
/es/3.13/search.html,26,28,
/ja/3.13/library/pathlib.html,26,28,
/zh-cn/3.13/installing/index.html,26,26,
/3.13/reference/index.html,25,30,
/ja/3.13/library/logging.html,25,26,
/pt-br/3.13/tutorial/datastructures.html,25,28,
/3/library/functions.html,24,24,
/fr/3.13/library/datetime.html,24,25,
/fr/3.13/using/windows.html,24,24,
/ja/3.13/library/os.path.html,24,24,
/ja/3.13/tutorial/errors.html,24,26,
/ja/3.13/tutorial/interpreter.html,24,25,
/uk/3.13/installing/index.html,24,24,
/zh-tw/3.13/library/random.html,24,26,
/es/3.13/library/datetime.html,23,25,
/es/3.13/library/idle.html,23,23,
/ja/3.13/library/threading.html,23,23,
