property,value,visitors,events,percentage
url,(none),2671,4483,99.8
url,https://www.python.org/,20,21,0.7
url,https://github.com/python/cpython/tree/3.12/Lib/urllib/,2,2,0.1
url,https://manpages.debian.org/recv(2),2,2,0.1
url,https://packaging.python.org/en/latest/tutorials/packaging-projects/,2,2,0.1
url,https://tiswww.case.edu/php/chet/readline/rltop.html,2,2,0.1
url,https://www.tkdocs.com/shipman/,2,2,0.1
url,https://devguide.python.org/,1,1,0.0
url,https://devguide.python.org/documentation/help-documenting/,1,1,0.0
url,https://github.com/python/cpython/blob/main/Doc/tutorial/datastructures.rst,1,1,0.0
url,https://github.com/python/cpython/issues/124111,1,1,0.0
url,https://github.com/python/cpython/tree/3.12/Lib/idlelib/,1,1,0.0
url,https://github.com/python/cpython/tree/3.12/Lib/os.py,1,1,0.0
url,https://github.com/python/cpython/tree/3.12/Lib/sqlite3/,1,1,0.0
url,https://packaging.python.org/,1,1,0.0
url,https://packaging.python.org/en/latest/tutorials/installing-packages/,1,1,0.0
url,https://packaging.python.org/extensions/,1,1,0.0
url,https://peps.python.org/pep-0397/,1,1,0.0
url,https://peps.python.org/pep-0434/,1,1,0.0
url,https://peps.python.org/pep-0594/#audioop,1,1,0.0
url,https://peps.python.org/pep-0594/#cgi,1,1,0.0
url,https://pypi.org/,1,1,0.0
url,https://pypi.org/project/pyserial/,1,1,0.0
url,https://tix.sourceforge.net/,1,1,0.0
url,https://tix.sourceforge.net/dist/current/man/html/TixCmd/tixButtonBox.htm,1,1,0.0
url,https://tkdocs.com/,1,1,0.0
url,https://wiki.python.org/moin/GuiProgramming,1,1,0.0
url,https://www.python.org/doc/versions/,1,1,0.0
url,https://www.tcl.tk/man/tcl8.6/TkCmd/contents.htm,1,1,0.0
