name,unique_exits,total_exits,exit_rate
/3.13/tutorial/index.html,937,1030,
/3.13/,750,778,
/3.13/using/windows.html,707,764,
/3.13/tutorial/,266,281,
/3.13/index.html,234,257,
/3.13/whatsnew/3.13.html,190,204,
/zh-cn/3.13/tutorial/index.html,182,188,
/3.13/library/functions.html,161,169,
/3.13/tutorial/introduction.html,115,123,
/es/3.13/library/tkinter.html,112,116,
/3.13/library/stdtypes.html,111,119,
/3.13/tutorial/interpreter.html,110,119,
/zh-cn/3.13/library/idle.html,109,109,
/zh-cn/3.13/using/android.html,100,101,
/3.13/tutorial/appetite.html,99,108,
/3/,94,96,
/3.13/library/,84,85,
/3.13/library/index.html,83,85,
/3.13/search.html,79,82,
/3.13/tutorial/controlflow.html,79,80,
/zh-cn/3.13/tutorial/controlflow.html,77,84,
/ja/3.13/tutorial/,68,67,
/zh-cn/3.13/library/venv.html,60,61,
/zh-cn/3.13/library/index.html,59,61,
/zh-cn/3.13/,57,59,
/zh-cn/3.13/tutorial/interpreter.html,57,58,
/uk/3.13/extending/extending.html,56,57,
/es/3.13/library/index.html,55,56,
/zh-cn/3.13/library/stdtypes.html,53,56,
/zh-cn/3.13/tutorial/introduction.html,51,53,
/es/3.13/tutorial/datastructures.html,50,53,
/zh-cn/3.13/using/index.html,49,49,
/3.13/library/tkinter.html,48,49,
/ko/3.13/tutorial/index.html,46,46,
/zh-cn/3.13/library/re.html,46,46,
/es/3.13/library/functions.html,44,47,
/fr/3.13/library/tkinter.html,44,44,
/zh-cn/3.13/using/mac.html,42,42,
/3.13/library/idle.html,41,41,
/zh-tw/3.13/tutorial/index.html,41,41,
/zh-cn/3.13/tutorial/datastructures.html,40,41,
/zh-cn/3.13/search.html,39,40,
/uk/3.13/howto/regex.html,38,38,
/es/3.13/library/idle.html,37,37,
/es/3.13/tutorial/venv.html,37,37,
/zh-cn/3.13/library/math.html,37,39,
/3.13/library/random.html,36,37,
/3.13/library/turtle.html,35,39,
/3.13/library/typing.html,35,35,
/dev/using/windows.html,35,35,
/pt-br/3.13/tutorial/index.html,35,35,
/zh-cn/3.13/whatsnew/3.13.html,35,36,
/3.13/library/datetime.html,33,34,
/es/3.13/tutorial/index.html,33,40,
/zh-cn/3.13/library/functions.html,33,32,
/zh-cn/3.13/download.html,32,32,
/3.13/library/math.html,31,32,
/fr/3.13/tutorial/classes.html,31,31,
/pt-br/3.13/library/tkinter.html,31,35,
/zh-cn/3.13/installing/index.html,31,32,
/3.13/installing/index.html,30,31,
/uk/3.13/reference/lexical_analysis.html,30,30,
/zh-cn/3.13/tutorial/classes.html,30,34,
/3.13/library/pathlib.html,29,30,
/fr/3.13/library/turtle.html,29,29,
/ja/3.13/c-api/capsule.html,29,29,
/ja/3.13/library/stdtypes.html,29,28,
/3.13/glossary.html,28,29,
/ja/3.13/library/datetime.html,28,30,
/pt-br/3.13/library/index.html,28,32,
/3.13/tutorial/datastructures.html,27,30,
/ja/3.13/library/sqlite3.html,27,27,
/ja/3.13/library/itertools.html,26,28,
/ja/3.13/library/typing.html,26,27,
/ko/3.13/library/random.html,26,27,
/3.13/py-modindex.html,25,26,
/es/3.13/installing/index.html,25,26,
/ja/3.13/library/random.html,25,25,
/ja/3.13/library/tkinter.html,25,25,
/ja/3.13/tutorial/controlflow.html,25,26,
/zh-cn/3.13/using/windows.html,25,25,
/3.13/library/os.html,24,25,
/fr/3.13/library/idle.html,24,24,
/ja/3.13/howto/sorting.html,24,25,
/zh-tw/3.13/library/random.html,24,24,
/ja/3.13/bugs.html,23,23,
/ko/3.13/library/idle.html,23,24,
/zh-cn/3.13/index.html,23,24,
/zh-cn/3.13/tutorial/,23,23,
/3/library/tkinter.html,22,22,
/fr/3.13/library/functions.html,22,22,
/ja/3.13/library/re.html,22,23,
/pt-br/3.13/library/functions.html,22,25,
/uk/3.13/library/idle.html,22,22,
/zh-cn/3.13/glossary.html,22,21,
/zh-cn/3.13/library/asyncio-task.html,22,22,
/es/3.13/tutorial/introduction.html,21,23,
/ja/3.13/library/argparse.html,21,21,
/pt-br/3.13/tutorial/introduction.html,21,23,
/zh-tw/3.13/howto/sorting.html,21,23,
