name,visitors,bounce_rate,visit_duration
link39,4,75,0
link_in_bio,3,100,0
sty_search:s_none:cid_117714809:gid_5535966308:kw_---autotargeting:pid_54187282208:aid_16807763345:crid_0:rid_54187282208:p_1:pty_premium:mty_:mkw_:dty_desktop:cgcid_0:rn_Самара:rid_51,2,50,18
sty_search:s_none:cid_118128484:gid_5541029357:kw_---autotargeting:pid_54289097479:aid_16844097883:crid_0:rid_54289097479:p_1:pty_premium:mty_:mkw_:dty_desktop:cgcid_0:rn_Самара:rid_51,2,0,14
link30,1,100,0
sty_context:s_mo.tsargrad.tv:cid_118128484:gid_5541029357:kw_---autotargeting:pid_54289097479:aid_16844097883:crid_0:rid_54289097479:p_0:pty_none:mty_:mkw_:dty_desktop:cgcid_0:rn_Владимир:rid_192,1,0,25
sty_search:s_none:cid_117714809:gid_5535966308:kw_---autotargeting:pid_54187282208:aid_16807763345:crid_0:rid_54187282208:p_1:pty_premium:mty_:mkw_:dty_desktop:cgcid_0:rn_Астрахань:rid_37,1,0,2147
sty_search:s_none:cid_117714809:gid_5535966308:kw_---autotargeting:pid_54187282208:aid_16807763345:crid_0:rid_54187282208:p_1:pty_premium:mty_:mkw_:dty_desktop:cgcid_0:rn_Всеволожск:rid_10865,1,100,0
sty_search:s_none:cid_117714809:gid_5535966308:kw_---autotargeting:pid_54187282208:aid_16807763345:crid_0:rid_54187282208:p_1:pty_premium:mty_:mkw_:dty_desktop:cgcid_0:rn_Нефтекамск:rid_11114,1,100,0
sty_search:s_none:cid_117714809:gid_5535966308:kw_---autotargeting:pid_54187282208:aid_16807763345:crid_0:rid_54187282208:p_1:pty_premium:mty_:mkw_:dty_desktop:cgcid_0:rn_Новосибирск:rid_65,1,100,0
sty_search:s_none:cid_117714809:gid_5535966308:kw_---autotargeting:pid_54187282208:aid_16807763345:crid_0:rid_54187282208:p_1:pty_premium:mty_:mkw_:dty_desktop:cgcid_0:rn_Парголово:rid_120612,1,0,526
sty_search:s_none:cid_117714809:gid_5535966308:kw_---autotargeting:pid_54187282208:aid_16807763345:crid_0:rid_54187282208:p_2:pty_other:mty_:mkw_:dty_desktop:cgcid_0:rn_Двуречки:rid_117793,1,0,1075
sty_search:s_none:cid_117714809:gid_5535966308:kw_как установить pip для python:pid_54187396402:aid_16807763345:crid_0:rid_54187396402:p_1:pty_premium:mty_syn:mkw_:dty_desktop:cgcid_0:rn_Калуга:rid_6,1,0,28
sty_search:s_none:cid_118128484:gid_5541029357:kw_---autotargeting:pid_54289097479:aid_16844097883:crid_0:rid_54289097479:p_1:pty_premium:mty_:mkw_:dty_desktop:cgcid_0:rn_Каменск-Уральский:rid_11164,1,0,84
sty_search:s_none:cid_118128484:gid_5541029357:kw_---autotargeting:pid_54289097479:aid_16844097883:crid_0:rid_54289097479:p_1:pty_premium:mty_:mkw_:dty_desktop:cgcid_0:rn_Первомайский:rid_119484,1,0,80
sty_search:s_none:cid_118128484:gid_5541029357:kw_---autotargeting:pid_54289097479:aid_16844097883:crid_0:rid_54289097479:p_1:pty_premium:mty_:mkw_:dty_desktop:cgcid_0:rn_Сельское поселение Среднее Аверкино:rid_172039,1,0,1090
sty_search:s_yandex.ru:cid_117714809:gid_5535966308:kw_---autotargeting:pid_54187282208:aid_16807763345:crid_0:rid_54187282208:p_2:pty_dynamic_places:mty_:mkw_:dty_desktop:cgcid_0:rn_Россия:rid_225,1,0,26
