name,visitors,bounce_rate,visit_duration
Direct / None,1541,76,176
Google,980,73,148
es.python.org,108,59,148
Bing,82,66,130
python.org,62,0,363
Brave,57,79,114
chatgpt.com,23,60,543
DuckDuckGo,21,95,71
translations.python.org,19,37,122
GitHub,17,50,166
aulasvirtuales.unimet.edu.ve,17,72,298
ecursos.claseejecutiva.cl,10,70,61
Yahoo!,9,88,40
Baidu,8,88,0
skilio.com,6,50,13
view.genially.com,6,86,205
netacad.com,5,0,50
LinkedIn,4,75,35
app.aluracursos.com,4,100,0
hablemospython.dev,4,25,275
auladigital.sence.cl,3,75,216
campus110.unad.edu.co,3,33,439
wiki.python.org.ar,3,75,184
Perplexity,2,100,0
cs50.harvard.edu,2,0,729
notebooks.githubusercontent.com,2,100,0
wiki.python.org,2,0,1286
Ecosia,1,100,0
academia-x.com,1,0,0
agora.uned.es,1,100,0
aprendepython.es,1,0,1436
aulavirtual.educa.jcyl.es,1,100,0
aulavirtual.tecnocampus.cat,1,100,0
aules.edu.gva.es,1,100,0
automatetheboringstuff.com,1,0,14
boot.dev,1,0,102
campusvirtualisaeuniversidad.net,1,0,1387
centros.edu.xunta.gal,1,100,0
claude.ai,1,0,1902
copilot.com,1,100,0
cvdof.ucm.es,1,0,0
devguide.python.org,1,0,493
educacionadistancia.juntadeandalucia.es,1,100,0
ellibrodepython.com,1,0,0
escueladigital3.mendoza.edu.ar,1,100,0
eva.ube.edu.ec,1,0,2
examenes.indoamerica.edu.ec,1,0,44
freecodecamp.org,1,100,0
fundamentos-rw.com.ar,1,100,0
gerrit.googlesource.com,1,0,230
nanotutoriales.com,1,0,668
packaging.python.org,1,0,19
pit-virtual.uni.edu.pe,1,100,0
pro.arcgis.com,1,0,5
realpython.com,1,0,435
sigma.mincyt.gob.ve,1,100,0
softtek.udemy.com,1,0,1478
startpage.com,1,0,313
tutorialesprogramacionya.com,1,0,107
udemy.com,1,0,386
you.com,1,100,0
