name,version,visitors
Chrome,137.0,964
Microsoft Edge,137.0,490
Firefox,139.0,172
Chrome,136.0,92
Safari,18.5,77
Opera,119.0,67
Yandex Browser,25.4,41
Chrome,132.0,33
Microsoft Edge,136.0,32
Chrome,125.0,26
Chrome,135.0,21
Firefox,128.0,19
Smart Lenovo Browser,9.0,16
Chrome,122.0,15
Chrome,109.0,12
Chrome,134.0,12
Microsoft Edge,135.0,12
Microsoft Edge,133.0,11
Safari,18.3,11
Firefox,136.0,10
Chrome,131.0,9
Quark,(not set),8
Chrome,133.0,8
Chrome,128.0,7
Microsoft Edge,134.0,7
Sogou Explorer,2,7
Mobile App,(not set),6
Huawei Browser,12.1,6
Chrome,130.0,6
Firefox,134.0,6
Firefox,138.0,6
Safari,18.4,6
Chrome,101.0,5
Chrome,121.0,5
Chrome,129.0,5
Firefox,137.0,5
Firefox,140.0,5
Safari,17.6,5
Safari,19.0,5
Microsoft Edge,92.0,5
Chrome,114.0,4
Firefox,133.0,4
Safari,16.6,4
QQ Browser,19.2,4
Samsung Browser,28.0,4
Microsoft Edge,118.0,3
Chrome,120.0,3
Chrome,124.0,3
Chrome,127.0,3
Microsoft Edge,128.0,3
Microsoft Edge,131.0,3
Mobile App,137.0,3
Chrome,138.0,3
Huawei Browser Mobile,16.0,3
Chrome,86.0,3
Chrome,113.0,2
Microsoft Edge,114.0,2
Chrome,115.0,2
Chrome,116.0,2
Opera,118.0,2
Microsoft Edge,122.0,2
Chrome,123.0,2
Microsoft Edge,126.0,2
Chrome,126.0,2
Microsoft Edge,132.0,2
Firefox,135.0,2
Mobile App,136.0,2
Firefox,139.1,2
Safari,15.6,2
Safari,17.3,2
Safari,17.4,2
Safari,17.5,2
UC Browser,17.6,2
Safari,18.1,2
Yandex Browser,23.9,2
Falkon,24.01,2
vivo Browser,24.9,2
Huawei Browser Mobile,5.1,2
Quark,7.11,2
Quark,7.12,2
Quark,7.13,2
Opera,89.0,2
Chrome,100.0,1
Chrome,103.0,1
Opera,107.0,1
Chrome,108.0,1
Firefox,115.0,1
Microsoft Edge,116.0,1
Mobile App,116.0,1
Chrome,117.0,1
Chrome,118.0,1
Chrome,119.0,1
Microsoft Edge,120.0,1
Microsoft Edge,123.0,1
Microsoft Edge,125.0,1
Microsoft Edge,127.0,1
Microsoft Edge,130.0,1
Firefox,131.0,1
Avast Secure Browser,137.0,1
Microsoft Edge,138.0,1
MIUI Browser,14.10,1
MIUI Browser,14.35,1
Safari,16.0,1
Safari,16.1,1
Safari,18.0,1
Microsoft Edge,18.18363,1
Yandex Browser,24.7,1
Chrome,55.0,1
Microsoft Edge,84.0,1
Firefox,91.0,1
Chrome,94.0,1
Opera,95.0,1
Chrome,99.0,1
