name,visitors,bounce_rate,visit_duration
Direct / None,1757,71,185
Google,368,83,204
python.org,105,70,195
Bing,41,77,242
peps.python.org,24,64,182
Yandex,17,86,188
Baidu,16,100,11
DuckDuckGo,10,50,1412
GitHub,9,100,3
Brave,5,0,225
moodle.utfpr.edu.br,5,40,80
lms.robotdreams.cc,4,67,2
Reddit,3,100,34
doubao.com,3,67,25
ntp.msn.cn,3,100,0
pypi.org,2,100,323
qna.habr.com,2,0,22
360.cn,1,0,399
Ecosia,1,100,0
Yahoo!,1,0,549
Youtube,1,0,29
aiosmtplib.readthedocs.io,1,100,0
bugs.mysql.com,1,100,0
campus109.unad.edu.co,1,0,127
cf-courses-data.static.labs.skills.network,1,100,0
chatgpt.com,1,0,5402
codecademy.cn,1,0,69
discuss.python.org,1,0,2588
docs.astral.sh,1,0,255
docs.gunicorn.org,1,0,11
docs.scrapy.org,1,0,901
eshift.ktalk.ru,1,100,0
fornax.bytedance.net,1,0,917
gest.pm.netease.com,1,100,0
gitee.com,1,0,60
jupyterlite.github.io,1,100,0
link.csdn.net,1,100,0
medium.com,1,0,32
nextilearn.dsv.su.se,1,0,13
nju-sicp.bitbucket.io,1,0,3472
pucminas.instructure.com,1,100,0
pyodide.org,1,100,0
pysal.org,1,100,0
python.sdv.u-paris.fr,1,100,0
pythonguis.com,1,0,1906
scribd.com,1,100,0
udemy.com,1,0,1
wiki.python.org,1,0,124
yuanbao.tencent.com,1,100,0
zh-google-styleguide.readthedocs.io,1,0,1157
