property,value,visitors,events,percentage
url,(none),186033,301699,99.9
url,https://www.python.org/,1186,1305,0.6
url,https://github.com/python/cpython/tree/3.13/Lib/idlelib/,201,220,0.1
url,https://tkdocs.com/,182,192,0.1
url,https://mypy.readthedocs.io/en/stable/cheat_sheet_py3.html,108,112,0.1
url,https://github.com/python/cpython/tree/3.13/Lib/tkinter/__init__.py,103,113,0.1
url,https://wiki.python.org/moin/BeginnersGuide,99,101,0.1
url,https://www.tkdocs.com/shipman/,89,94,0.0
url,https://www.python.org/downloads/,77,79,0.0
url,https://packaging.python.org/guides/installing-using-pip-and-virtual-environments/#create-and-use-virtual-environments,76,77,0.0
url,https://pypi.org/,74,75,0.0
url,https://www.tcl.tk/man/tcl8.6/TkCmd/contents.htm,64,67,0.0
url,https://www.python.org/downloads/macos/,63,65,0.0
url,https://packaging.python.org/en/latest/tutorials/packaging-projects/,53,55,0.0
url,https://peps.python.org/pep-0397/,42,42,0.0
url,https://www.python.org/doc/versions/,40,40,0.0
url,https://github.com/python/cpython/tree/3.13/Lib/random.py,38,41,0.0
url,https://github.com/python/cpython/tree/3.13/Lib/turtle.py,36,38,0.0
url,https://www.sphinx-doc.org/,33,33,0.0
url,https://github.com/python/cpython/tree/3.13/Lib/sqlite3/,27,30,0.0
url,https://briefcase.readthedocs.io/,26,27,0.0
url,https://github.com/python/cpython/tree/3.13/Lib/venv/,26,27,0.0
url,https://packaging.python.org/en/latest/tutorials/installing-packages/#ensure-pip-setuptools-and-wheel-are-up-to-date,26,27,0.0
url,https://peps.python.org/pep-0636/,26,26,0.0
url,https://github.com/python/cpython/tree/3.13/Lib/csv.py,25,25,0.0
url,https://github.com/python/cpython/tree/3.13/Lib/idlelib,25,26,0.0
url,https://www.sqlite.org/,25,26,0.0
url,https://github.com/python/cpython/tree/3.13/Lib/datetime.py,24,27,0.0
url,https://github.com/python/cpython/tree/3.13/Lib/http/server.py,24,26,0.0
url,https://peps.python.org/pep-0703/,24,24,0.0
url,https://pypi.org/project/telnetlib3/,24,29,0.0
url,https://github.com/python/cpython/tree/3.13/Lib/os.py,23,24,0.0
url,https://packaging.python.org/,23,24,0.0
url,https://www.tcl.tk/,23,23,0.0
url,https://devguide.python.org/,22,22,0.0
url,https://peps.python.org/pep-0719/,22,23,0.0
url,https://wiki.python.org/moin/PythonBooks,22,23,0.0
url,https://en.wikipedia.org/wiki/Turtle_(robot),21,22,0.0
url,https://packaging.python.org/installing/#creating-virtual-environments,21,21,0.0
url,https://github.com/python/cpython/tree/3.13/Lib/re/,20,20,0.0
url,https://peps.python.org/pep-0563/,20,20,0.0
url,https://peps.python.org/pep-0632/#migration-advice,20,22,0.0
url,https://typing.python.org/en/latest/,19,20,0.0
url,https://peps.python.org/pep-3119/,18,18,0.0
url,https://pypi.org/project/DateType/,18,18,0.0
url,https://requests.readthedocs.io/en/master/,18,20,0.0
url,https://github.com/python/cpython/tree/3.13/Lib/logging/__init__.py,17,18,0.0
url,https://packaging.python.org/installing/#requirements-for-installing-packages,17,21,0.0
url,https://tkdocs.com/book.html,17,18,0.0
url,https://github.com/python/cpython/tree/3.13/Lib/subprocess.py,16,18,0.0
url,https://peps.python.org/pep-0594/,16,19,0.0
url,https://www.packtpub.com/en-us/product/python-gui-programming-with-tkinter-9781788835886,16,16,0.0
url,https://buildozer.readthedocs.io/,15,15,0.0
url,https://github.com/python/cpython/tree/3.13/Lib/heapq.py,15,16,0.0
url,https://www.python.org/psf/donations/,15,15,0.0
url,https://github.com/python/cpython/tree/3.13/Lib/argparse.py,14,14,0.0
url,https://github.com/python/cpython/tree/3.13/Lib/multiprocessing/,14,15,0.0
url,https://github.com/python/cpython/tree/3.13/Lib/pathlib/,14,14,0.0
url,https://github.com/python/cpython/tree/3.13/Lib/socket.py,14,15,0.0
url,https://github.com/python/cpython/tree/3.13/Lib/xml/etree/ElementTree.py,14,14,0.0
url,https://peps.python.org/,14,14,0.0
url,https://peps.python.org/pep-0008/,14,14,0.0
url,https://brew.sh/,13,14,0.0
url,https://dateutil.readthedocs.io/en/stable/,13,14,0.0
url,https://docs.pytest.org/,13,16,0.0
url,https://en.wikipedia.org/wiki/Memoization,13,13,0.0
url,https://github.com/python/cpython/tree/3.13/Lib/typing.py,13,14,0.0
url,https://github.com/python/cpython/tree/3.13/Lib/webbrowser.py,13,14,0.0
url,https://peps.python.org/pep-0011/,13,13,0.0
url,https://peps.python.org/pep-0492/,13,13,0.0
url,https://peps.python.org/pep-0585/,13,13,0.0
url,https://www.unicode.org/versions/Unicode15.1.0/ch03.pdf,13,14,0.0
url,https://github.com/python/cpython/tree/3.13/Lib/asyncio/coroutines.py,12,12,0.0
url,https://github.com/python/cpython/tree/3.13/Lib/functools.py,12,12,0.0
url,https://github.com/python/cpython/tree/3.13/Lib/string.py,12,12,0.0
url,https://github.com/python/cpython/tree/3.13/Lib/urllib/request.py,12,12,0.0
url,https://peps.python.org/pep-0484/,12,14,0.0
url,https://pypi.org/project/Exscript/,12,12,0.0
url,https://www.debian.org/doc/manuals/maint-guide/first.en.html,12,12,0.0
url,https://datatracker.ietf.org/doc/html/rfc4122.html,11,12,0.0
url,https://devguide.python.org/documentation/help-documenting/,11,11,0.0
url,https://github.com/python/cpython/tree/3.13/Lib/concurrent/futures/thread.py,11,11,0.0
url,https://github.com/python/cpython/tree/3.13/Lib/urllib/,11,11,0.0
url,https://manpages.debian.org/recv(2),11,11,0.0
url,https://packaging.python.org/en/latest/tutorials/installing-packages/,11,12,0.0
url,https://peps.python.org/pep-0634/,11,11,0.0
url,https://requests.readthedocs.io/en/latest/,11,11,0.0
url,https://wiki.python.org/moin/GuiProgramming,11,11,0.0
url,https://www.anaconda.com/download/,11,17,0.0
url,https://en.wikipedia.org/wiki/Leap_second,10,10,0.0
url,https://peps.python.org/pep-0302/,10,10,0.0
url,https://peps.python.org/pep-0305/,10,10,0.0
url,https://peps.python.org/pep-0405/,10,10,0.0
url,https://peps.python.org/pep-0557/,10,11,0.0
url,https://rhettinger.wordpress.com/2011/05/26/super-considered-super/,10,10,0.0
url,https://tiswww.case.edu/php/chet/readline/rltop.html,10,11,0.0
url,https://www.cwi.nl/,10,10,0.0
url,https://en.wikipedia.org/wiki/Cursor_(databases),9,9,0.0
url,https://github.com/python/cpython/tree/3.13/Lib/copy.py,9,11,0.0
url,https://github.com/python/cpython/tree/3.13/Lib/json/__init__.py,9,11,0.0
url,https://github.com/python/cpython/tree/3.13/Lib/pickle.py,9,10,0.0
url,https://github.com/python/cpython/tree/3.13/Lib/smtplib.py,9,9,0.0
url,https://github.com/python/cpython/tree/3.13/Lib/threading.py,9,9,0.0
url,https://github.com/python/cpython/tree/3.13/Lib/tkinter/ttk.py,9,13,0.0
url,https://github.com/python/cpython/tree/3.13/Lib/urllib/parse.py,9,9,0.0
url,https://packaging.python.org/extensions/,9,10,0.0
url,https://packaging.python.org/science/,9,10,0.0
url,https://peps.python.org/pep-0612/,9,9,0.0
url,https://pypi.org/project/legacy-cgi/,9,10,0.0
url,https://pypi.org/project/regex/,9,9,0.0
url,https://pypi.org/project/tomli-w/,9,10,0.0
url,https://pypi.org/project/tomlkit/,9,9,0.0
url,https://termux.dev/en/,9,9,0.0
url,https://gist.github.com/vsajip/4673395,8,9,0.0
url,https://github.com/python/cpython/blob/main/Doc/library/index.rst,8,8,0.0
url,https://github.com/python/cpython/blob/main/Doc/tutorial/index.rst,8,8,0.0
url,https://github.com/python/cpython/tree/3.13/Android/README.md,8,9,0.0
url,https://github.com/python/cpython/tree/3.13/Lib/ensurepip,8,10,0.0
url,https://github.com/python/cpython/tree/3.13/Lib/logging/handlers.py,8,9,0.0
url,https://github.com/python/cpython/tree/3.13/Lib/shutil.py,8,9,0.0
url,https://github.com/python/cpython/tree/3.13/Lib/zipfile/,8,9,0.0
url,https://manpages.debian.org/setsockopt(2),8,9,0.0
url,https://peps.python.org/pep-0695/,8,9,0.0
url,https://pypi.org/project/defusedxml/,8,8,0.0
url,https://pypi.org/project/pip/,8,8,0.0
url,https://pypi.org/project/tzdata/,8,8,0.0
url,https://www.python.org/psf/,8,8,0.0
url,https://www.w3.org/TR/xpath,8,8,0.0
url,https://bugs.python.org/issue?@action=redirect&bpo=12782,7,7,0.0
url,https://datatracker.ietf.org/doc/html/rfc4180.html,7,7,0.0
url,https://en.wikipedia.org/wiki/Cartesian_product,7,7,0.0
url,https://en.wikipedia.org/wiki/Priority_queue,7,7,0.0
url,https://github.com/python/cpython/tree/3.13/Lib/codecs.py,7,7,0.0
url,https://github.com/python/cpython/tree/3.13/Lib/collections/__init__.py,7,8,0.0
url,https://github.com/python/cpython/tree/3.13/Lib/importlib/__init__.py,7,9,0.0
url,https://json.org/,7,7,0.0
url,https://numpy.org/,7,7,0.0
url,https://opensource.org/,7,8,0.0
url,https://peps.python.org/pep-0387/,7,7,0.0
url,https://peps.python.org/pep-0420/,7,7,0.0
url,https://peps.python.org/pep-0428/,7,7,0.0
url,https://peps.python.org/pep-0526/,7,8,0.0
url,https://toml.io/en/,7,7,0.0
url,https://www.amazon.com/exec/obidos/ASIN/032133633X,7,8,0.0
url,https://chaquo.com/chaquopy,6,6,0.0
url,https://core.tcl.tk/tips/doc/trunk/tip/48.md,6,7,0.0
url,https://datatracker.ietf.org/doc/html/rfc7159.html,6,6,0.0
url,https://en.wikipedia.org/wiki/Timsort,6,6,0.0
url,https://github.com/python/cpython/blob/main/Doc/library/tkinter.rst,6,7,0.0
url,https://github.com/python/cpython/tree/3.13/Lib/dataclasses.py,6,6,0.0
url,https://github.com/python/cpython/tree/3.13/Lib/hashlib.py,6,6,0.0
url,https://github.com/python/cpython/tree/3.13/Lib/importlib/metadata/__init__.py,6,6,0.0
url,https://github.com/python/cpython/tree/3.13/Lib/secrets.py,6,6,0.0
url,https://github.com/python/cpython/tree/3.13/Lib/site.py,6,6,0.0
url,https://github.com/python/cpython/tree/3.13/Lib/tempfile.py,6,6,0.0
url,https://github.com/python/cpython/tree/3.13/Lib/tkinter/messagebox.py,6,7,0.0
url,https://github.com/python/cpython/tree/3.13/Lib/uuid.py,6,6,0.0
url,https://peps.python.org/pep-0308/,6,6,0.0
url,https://peps.python.org/pep-0324/,6,6,0.0
url,https://peps.python.org/pep-0342/,6,6,0.0
url,https://peps.python.org/pep-0567/,6,6,0.0
url,https://pypi.org/project/filetype/,6,6,0.0
url,https://scipy.org/,6,6,0.0
url,https://webassembly.org/,6,6,0.0
url,https://www.sqlite.org/schematab.html,6,6,0.0
url,https://www.zlib.net/,6,6,0.0
url,https://code.activestate.com/recipes/577504-compute-memory-footprint-of-an-object-and-its-cont/,5,5,0.0
url,https://datatracker.ietf.org/doc/html/rfc822.html,5,6,0.0
url,https://en.wikipedia.org/wiki/Cryptographic_hash_function#Attacks_on_cryptographic_hash_algorithms,5,6,0.0
url,https://github.com/python/cpython/tree/3.13/Lib/base64.py,5,5,0.0
url,https://github.com/python/cpython/tree/3.13/Lib/bisect.py,5,5,0.0
url,https://github.com/python/cpython/tree/3.13/Lib/difflib.py,5,5,0.0
url,https://github.com/python/cpython/tree/3.13/Lib/enum.py,5,5,0.0
url,https://github.com/python/cpython/tree/3.13/Lib/html/__init__.py,5,5,0.0
url,https://github.com/python/cpython/tree/3.13/Lib/pdb.py,5,5,0.0
url,https://github.com/python/cpython/tree/3.13/Lib/queue.py,5,5,0.0
url,https://github.com/python/cpython/tree/3.13/Lib/socketserver.py,5,6,0.0
url,https://github.com/python/cpython/tree/3.13/Lib/statistics.py,5,5,0.0
url,https://github.com/python/cpython/tree/3.13/Lib/xml/,5,5,0.0
url,https://infozip.sourceforge.net/,5,5,0.0
url,https://manpages.debian.org/bind(3tk),5,5,0.0
url,https://manpages.debian.org/fcntl(2),5,6,0.0
url,https://manpages.debian.org/strftime(3),5,5,0.0
url,https://packaging.python.org/installing/,5,7,0.0
url,https://peps.python.org/pep-0001/,5,5,0.0
url,https://peps.python.org/pep-0249/,5,5,0.0
url,https://peps.python.org/pep-0343/,5,5,0.0
url,https://peps.python.org/pep-0615/,5,5,0.0
url,https://peps.python.org/pep-3131/,5,6,0.0
url,https://peps.python.org/pep-3148/,5,5,0.0
url,https://peps.python.org/pep-3151/,5,5,0.0
url,https://pyscript.net/,5,6,0.0
url,https://wiki.python.org/moin/PythonEditors,5,5,0.0
url,https://www.sqlite.org/flextypegood.html,5,5,0.0
url,https://www.unicode.org/,5,7,0.0
url,https://www.w3schools.com/sql/,5,5,0.0
url,https://code.activestate.com/recipes/langs/python/,4,4,0.0
url,https://datatracker.ietf.org/doc/html/rfc3986.html,4,4,0.0
url,https://en.wikipedia.org/wiki/Fibonacci_sequence,4,4,0.0
url,https://en.wikipedia.org/wiki/Universal_binary,4,5,0.0
url,https://github.com/python/cpython/blob/main/Doc/tutorial/datastructures.rst,4,4,0.0
url,https://github.com/python/cpython/blob/main/Doc/tutorial/introduction.rst,4,4,0.0
url,https://github.com/python/cpython/blob/main/Doc/tutorial/modules.rst,4,4,0.0
url,https://github.com/python/cpython/issues,4,4,0.0
url,https://github.com/python/cpython/tree/3.13/Android/testbed/app/src/main/c/main_activity.c,4,4,0.0
url,https://github.com/python/cpython/tree/3.13/Lib/ast.py,4,4,0.0
url,https://github.com/python/cpython/tree/3.13/Lib/asyncio/events.py,4,4,0.0
url,https://github.com/python/cpython/tree/3.13/Lib/asyncio/streams.py,4,4,0.0
url,https://github.com/python/cpython/tree/3.13/Lib/calendar.py,4,4,0.0
url,https://github.com/python/cpython/tree/3.13/Lib/dbm/sqlite3.py,4,4,0.0
url,https://github.com/python/cpython/tree/3.13/Lib/io.py,4,4,0.0
url,https://github.com/python/cpython/tree/3.13/Lib/pydoc.py,4,4,0.0
url,https://github.com/python/cpython/tree/3.13/Lib/ssl.py,4,4,0.0
url,https://github.com/python/cpython/tree/3.13/Lib/tkinter/filedialog.py,4,4,0.0
url,https://github.com/python/cpython/tree/3.13/Lib/tomllib,4,4,0.0
url,https://github.com/python/cpython/tree/3.13/Lib/unittest/mock.py,4,4,0.0
url,https://github.com/python/cpython/tree/3.13/Lib/wave.py,4,5,0.0
url,https://github.com/python/cpython/tree/3.13/Lib/zipimport.py,4,4,0.0
url,https://go.microsoft.com/fwlink/?LinkID=135170,4,5,0.0
url,https://learning-python.com/about-pp4e.html,4,4,0.0
url,https://mypy.readthedocs.io/en/stable/index.html,4,4,0.0
url,https://packaging.python.org/en/latest/glossary/#term-Distribution-Package,4,4,0.0
url,https://packaging.python.org/en/latest/specifications/core-metadata/#core-metadata,4,4,0.0
url,https://peps.python.org/pep-0007/,4,4,0.0
url,https://peps.python.org/pep-0238/,4,4,0.0
url,https://peps.python.org/pep-0366/,4,4,0.0
url,https://peps.python.org/pep-0498/,4,4,0.0
url,https://peps.python.org/pep-0544/,4,4,0.0
url,https://peps.python.org/pep-0572/,4,4,0.0
url,https://peps.python.org/pep-0632/,4,4,0.0
url,https://peps.python.org/pep-0692/,4,4,0.0
url,https://peps.python.org/pep-3101/,4,5,0.0
url,https://peps.python.org/pep-3141/,4,4,0.0
url,https://portingguide.readthedocs.io/,4,4,0.0
url,https://pypi.org/project/typing_extensions/,4,4,0.0
url,https://rfc.zeromq.org/spec/32/,4,4,0.0
url,https://setuptools.readthedocs.io/en/latest/setuptools.html,4,4,0.0
url,https://support.apple.com/en-us/102445,4,4,0.0
url,https://support.apple.com/en-us/HT201732,4,4,0.0
url,https://typing.python.org/en/latest/spec/index.html,4,4,0.0
url,https://web.archive.org/web/20150315073817/http://www.xprogramming.com/testfram.htm,4,4,0.0
url,https://www.python.org/doc/av/,4,4,0.0
url,https://www.riverbankcomputing.com/static/Docs/pyqtdeploy/,4,4,0.0
url,https://www.w3.org/TR/xml-names/#defaulting,4,4,0.0
url,https://yaml.org/,4,7,0.0
url,http://python3porting.com/cextensions.html,3,4,0.0
url,http://www.zlib.net/manual.html,3,3,0.0
url,https://bugs.python.org/issue?@action=redirect&bpo=31546,3,3,0.0
url,https://bugs.python.org/issue?@action=redirect&bpo=42378,3,3,0.0
url,https://cffi.readthedocs.io/,3,3,0.0
url,https://coverage.readthedocs.io/,3,3,0.0
url,https://datatracker.ietf.org/doc/html/rfc2396.html,3,3,0.0
url,https://datatracker.ietf.org/doc/html/rfc2822.html,3,3,0.0
url,https://datatracker.ietf.org/doc/html/rfc5322.html,3,3,0.0
url,https://datatracker.ietf.org/doc/html/rfc9110.html,3,3,0.0
url,https://discuss.python.org/t/33555,3,3,0.0
url,https://en.wikipedia.org/wiki/Gamma_function,3,3,0.0
url,https://en.wikipedia.org/wiki/JavaScript,3,3,0.0
url,https://en.wikipedia.org/wiki/Thread_(computing),3,3,0.0
url,https://en.wikipedia.org/wiki/Unix_time,3,3,0.0
url,https://en.wikipedia.org/wiki/Walrus#/media/File:Pacific_Walrus_-_Bull_(8247646168).jpg,3,3,0.0
url,https://github.com/python/cpython/blob/main/Doc/bugs.rst,3,3,0.0
url,https://github.com/python/cpython/blob/main/Doc/library/functions.rst,3,3,0.0
url,https://github.com/python/cpython/blob/main/Doc/tutorial/interpreter.rst,3,3,0.0
url,https://github.com/python/cpython/tree/3.13/Grammar/python.gram,3,3,0.0
url,https://github.com/python/cpython/tree/3.13/Lib/_collections_abc.py,3,4,0.0
url,https://github.com/python/cpython/tree/3.13/Lib/abc.py,3,3,0.0
url,https://github.com/python/cpython/tree/3.13/Lib/asyncio/futures.py,3,3,0.0
url,https://github.com/python/cpython/tree/3.13/Lib/asyncio/subprocess.py,3,3,0.0
url,https://github.com/python/cpython/tree/3.13/Lib/cmd.py,3,4,0.0
url,https://github.com/python/cpython/tree/3.13/Lib/configparser.py,3,3,0.0
url,https://github.com/python/cpython/tree/3.13/Lib/decimal.py,3,3,0.0
url,https://github.com/python/cpython/tree/3.13/Lib/fnmatch.py,3,3,0.0
url,https://github.com/python/cpython/tree/3.13/Lib/ftplib.py,3,4,0.0
url,https://github.com/python/cpython/tree/3.13/Lib/glob.py,3,3,0.0
url,https://github.com/python/cpython/tree/3.13/Lib/graphlib.py,3,4,0.0
url,https://github.com/python/cpython/tree/3.13/Lib/gzip.py,3,3,0.0
url,https://github.com/python/cpython/tree/3.13/Lib/http/__init__.py,3,3,0.0
url,https://github.com/python/cpython/tree/3.13/Lib/imaplib.py,3,4,0.0
url,https://github.com/python/cpython/tree/3.13/Lib/importlib/resources/__init__.py,3,3,0.0
url,https://github.com/python/cpython/tree/3.13/Lib/logging/config.py,3,3,0.0
url,https://github.com/python/cpython/tree/3.13/Lib/pkgutil.py,3,4,0.0
url,https://github.com/python/cpython/tree/3.13/Lib/shlex.py,3,3,0.0
url,https://github.com/python/cpython/tree/3.13/Lib/unittest/__init__.py,3,3,0.0
url,https://github.com/python/cpython/tree/3.13/Lib/warnings.py,3,3,0.0
url,https://github.com/python/cpython/tree/3.13/Lib/zoneinfo,3,3,0.0
url,https://github.com/python/cpython/tree/3.13/Objects/exceptions.c,3,3,0.0
url,https://github.com/python/python-docs-theme,3,3,0.0
url,https://gvanrossum.github.io/,3,3,0.0
url,https://importlib-metadata.readthedocs.io/en/latest/api.html#importlib_metadata.PackageMetadata,3,3,0.0
url,https://jvns.ca/blog/2023/01/13/examples-of-floating-point-problems/,3,3,0.0
url,https://manpages.debian.org/alarm(2),3,4,0.0
url,https://manpages.debian.org/dlopen(3),3,3,0.0
url,https://peps.python.org/pep-0011/#tier-3,3,3,0.0
url,https://peps.python.org/pep-0292/,3,3,0.0
url,https://peps.python.org/pep-0328/,3,3,0.0
url,https://peps.python.org/pep-0453/,3,3,0.0
url,https://peps.python.org/pep-0485/,3,3,0.0
url,https://peps.python.org/pep-0565/,3,3,0.0
url,https://peps.python.org/pep-0578/,3,3,0.0
