name,visitors
Maharashtra,8724
Tamil Nadu,8439
Karnataka,7570
Telangāna,6965
Tokyo,6300
England,6034
São Paulo,6001
California,5719
Delhi,5091
Guangdong,4704
Seoul,4580
Uttar Pradesh,4082
Île-de-France,3433
Gyeonggi,3255
Moscow,2866
Beijing,2827
West Bengal,2800
Ontario,2765
Istanbul,2762
Punjab,2668
Texas,2664
Shanghai,2661
Ho Chi Minh City,2453
Gujarat,2391
Hesse,2385
North Rhine-Westphalia,2353
Hanoi,2228
Bavaria,2109
Jiangsu,2076
Kerala,1992
Capital District,1977
Jakarta,1976
New York,1971
North Holland,1869
Buenos Aires Province,1848
Bangkok,1842
Florida,1832
Santiago Metropolitan,1758
Madrid Autonomous Community,1756
Lima,1756
New South Wales,1719
Shandong,1714
Zhejiang,1695
Virginia,1667
Lombardy,1663
Andhra Pradesh,1644
Mazovia,1621
Madhya Pradesh,1600
Taipei,1600
Rio de Janeiro,1597
Minas Gerais,1578
Sichuan,1575
Bihar,1494
Nairobi County,1457
Western,1457
Rajasthan,1422
Haryana,1398
Osaka,1355
Metro Manila,1349
Tashkent,1335
Baden-Württemberg,1334
Ciudad de Mexico,1325
Paraná,1324
Victoria,1315
West Java,1288
Quebec,1262
Dhaka Division,1245
Sindh,1221
Saint Petersburg,1193
Henan,1186
Illinois,1163
Washington,1161
Cairo,1156
Dubai,1139
Riyadh,1128
Gauteng,1119
Catalonia,1102
Antioquia,1097
Tel Aviv,1090
Province 3,1082
Georgia,1055
Kuala Lumpur,1027
Hubei,1016
Lagos,1010
Kyiv,987
Shaanxi,975
New Jersey,967
Stockholm,890
New Taipei,868
Berlin,865
Selangor,863
Rio Grande do Sul,856
Ankara,856
Santa Catarina,847
North Carolina,846
Lazio,841
East Java,827
Kanagawa,822
Fujian,806
South Holland,804
British Columbia,794
Punjab,788
Vienna,786
Auvergne-Rhône-Alpes,782
Mexico State,780
Leinster,753
Hunan,734
Iowa,732
Zürich,729
Queensland,714
Makkah,705
Pennsylvania,703
Odisha,702
Uusimaa,701
Taichung,691
Massachusetts,687
Ohio,683
Colorado,680
Flanders,673
Lower Saxony,672
Incheon,672
Andalusia,654
Arizona,654
Meknès-Tafilalet,649
Prague,635
Hormozgan,628
Jharkhand,623
Provence-Alpes-Côte-d'Azur,621
Pernambuco,617
Lisbon,617
Federal District,616
Silesia,616
Oregon,614
Beograd,608
Bahia,606
Saxony,606
Islamabad,606
Ceará,603
Chandigarh,589
Greater Accra,586
Pichincha,585
Bucharest,585
Valencian Community,583
Attica,582
Jalisco,577
Michigan,558
Uttarākhand,557
Baku,555
Occitanie,554
Addis Ababa,546
Guatemala,541
Maryland,540
Budapest,535
Chongqing,529
Capital Region,529
Almaty City,523
Alberta,521
Busan,517
Calabarzon,510
Auckland,508
Tianjin,501
Krasnodar Krai,501
Aichi,499
Nuevo León,499
Anhui,497
Amman,489
Brussels,488
Saitama,484
Chiba,481
Hauts-de-France,477
Lesser Poland,477
Taoyuan,468
Goiás,465
Izmir,460
Minsk,455
Hebei,453
Central Java,450
Greater Poland,438
Phnom Penh,435
Buenos Aires,433
Nouvelle-Aquitaine,433
Kaohsiung,432
Veneto,431
South Gyeongsang,431
Novosibirsk,428
Guayas,426
Emilia-Romagna,425
Moscow Province,422
Assam,418
Abu Dhabi,416
Grand-Est,415
Western Cape,413
Campania,410
Doha,410
Dnipropetrovshchyna,410
Rhineland-Palatinate,409
Liaoning,406
Valle del Cauca,406
Federal Capital Territory,398
Daegu,389
San José,388
Baghdad,386
Scotland,384
Västra Götaland,383
Amazonas,381
Córdoba,380
Espírito Santo,379
Sverdlovsk,379
Lower Silesia,375
Rostov,374
Tennessee,374
Hamburg,373
Central,366
Eastern,366
Porto,365
Lima Region,359
Missouri,354
Oyo,351
Tunis,351
Chhattīsgarh,346
Oriental,343
Western Australia,341
Oslo,341
Utah,339
Jiangxi,336
Astana,336
Central,336
Chelyabinsk,333
Banten,331
Lvivshchyna,331
Giza,328
Fukuoka,328
Pará,327
South Chungcheong,327
Minnesota,327
Tatarstan,325
Zagreb,323
North Chungcheong,323
Daejeon,319
La Paz,316
Pays-de-la-Loire,316
Wallonia,313
Indiana,313
Nizhny Novgorod,311
Riga,310
Central Luzon,310
Paraíba,307
Kwai Tsing New Territories,306
Abidjan,300
Guizhou,300
Panamá,295
Odeshchyna,288
Tuscany,285
Distrito Nacional,284
Yunnan,279
North Brabant,279
San Salvador,277
Algiers,276
Utrecht,275
Amanat Al Asimah,275
Central Visayas,274
Samara,274
Sofia,273
Gwangju City,273
Muscat,273
Pomerania,268
Piedmont,267
Hokkaido,267
Normandie,264
Chișinău,264
Veracruz,264
Himachal Pradesh,263
Tainan,263
Hyogo,260
Querétaro,260
Nevada,259
Da Nang,258
South Australia,257
Bashkortostan,257
Puebla,254
Montevideo,254
La Libertad,252
South Carolina,251
Bishkek,249
North Gyeongsang,249
Connecticut,245
Schleswig-Holstein,244
Bursa,244
Jerusalem,241
Vilnius County,239
Capital,239
Guanajuato,232
Santa Fe,231
Łódź,229
Hsinchu County,226
Kyoto,225
Harare,224
Chon Buri,223
Galicia,222
Kharkivshchyna,222
