name,visitors
France,1846
Singapore,245
Morocco,131
Canada,103
Tunisia,80
Belgium,69
Switzerland,64
Algeria,64
Senegal,53
Côte d'Ivoire,50
Cameroon,36
Benin,28
"Congo, The Democratic Republic of the",24
Madagascar,24
Burkina Faso,22
China,21
United States,21
Togo,15
Réunion,14
Germany,13
Congo,12
Gabon,10
Italy,10
Netherlands,8
Ecuador,7
Haiti,6
India,6
New Caledonia,6
Martinique,5
Bulgaria,4
Spain,4
Guadeloupe,4
Luxembourg,4
Niger,4
Brazil,3
Colombia,3
Egypt,3
United Kingdom,3
Guinea,3
Indonesia,3
Japan,3
Mali,3
Mexico,3
Russian Federation,3
Uzbekistan,3
Austria,2
Finland,2
Mauritius,2
Portugal,2
Romania,2
Ukraine,2
Ghana,1
Hong Kong,1
Israel,1
Iraq,1
Comoros,1
Kazakhstan,1
Monaco,1
Mauritania,1
Malaysia,1
Norway,1
Philippines,1
Poland,1
Rwanda,1
Sudan,1
Sweden,1
Thailand,1
Turkey,1
Uruguay,1
Vanuatu,1
South Africa,1
