name,visitors
China,4056
Japan,4022
India,2451
United States,1522
France,947
Taiwan,903
Brazil,880
South Korea,743
Hong Kong,695
Mexico,569
Spain,474
Colombia,422
Russian Federation,419
Germany,417
Ukraine,361
United Kingdom,355
Argentina,337
Singapore,331
Canada,282
Peru,251
Indonesia,212
Pakistan,187
Chile,184
Vietnam,180
Italy,179
Poland,177
Turkey,172
Australia,166
Netherlands,145
Bangladesh,131
Nigeria,127
Iran,121
Thailand,113
Philippines,110
Malaysia,106
South Africa,106
Ecuador,102
Egypt,98
Morocco,88
Switzerland,75
Sweden,74
Belgium,71
Ghana,71
Portugal,71
Romania,65
Kenya,64
Dominican Republic,60
Venezuela,60
Costa Rica,50
Finland,50
Nepal,49
Austria,48
Algeria,48
Bolivia,47
Greece,47
Côte d'Ivoire,46
Saudi Arabia,45
Ireland,44
Guatemala,43
Israel,40
Kazakhstan,39
El Salvador,39
Sri Lanka,37
New Zealand,37
Uzbekistan,37
United Arab Emirates,36
Denmark,35
Iraq,34
Tunisia,33
Cambodia,32
Czechia,30
Hungary,30
Ethiopia,28
Cameroon,27
Norway,27
Paraguay,26
"Congo, The Democratic Republic of the",22
Serbia,21
Slovakia,21
Azerbaijan,20
Senegal,20
Tanzania,20
Madagascar,19
Bulgaria,18
Georgia,18
Panama,17
Belarus,15
Honduras,15
Moldova,15
Estonia,13
Nicaragua,13
Uganda,13
Uruguay,13
Angola,12
Burkina Faso,12
Benin,12
Myanmar,12
Rwanda,12
Armenia,11
Lithuania,11
Congo,10
Jordan,10
Malawi,10
Cuba,9
Croatia,9
"Palestine, State of",9
Afghanistan,8
Gabon,8
Togo,8
Zambia,8
Lebanon,7
Macao,7
Slovenia,7
Zimbabwe,7
Sudan,6
Yemen,6
Haiti,5
Jamaica,5
Kyrgyzstan,5
Luxembourg,5
Libya,5
Mali,5
Mozambique,5
Somalia,5
Tajikistan,5
Albania,4
Bosnia and Herzegovina,4
Cyprus,4
Equatorial Guinea,4
North Macedonia,4
Mongolia,4
Oman,4
Réunion,4
Seychelles,4
Sierra Leone,4
Guinea,3
Guadeloupe,3
Kuwait,3
Lesotho,3
Mauritania,3
Puerto Rico,3
Qatar,3
Syria,3
Chad,3
Trinidad and Tobago,3
Botswana,2
Comoros,2
Saint Lucia,2
Liberia,2
Latvia,2
Malta,2
Mauritius,2
Maldives,2
Namibia,2
French Polynesia,2
Suriname,2
Eswatini,2
Belize,1
Guyana,1
Iceland,1
Cayman Islands,1
Laos,1
Montenegro,1
Martinique,1
South Sudan,1
Saint Vincent and the Grenadines,1
