name,unique_entrances,total_entrances,visit_duration
/3.13/tutorial/index.html,3657,3783,78
/3.13/using/windows.html,2750,2801,57
/3/,1030,1037,386
/ja/3.13/c-api/capsule.html,788,792,11
/3.13/index.html,752,767,86
/3.13/,688,703,123
/3.13/tutorial/,521,546,169
/3.13/whatsnew/3.13.html,453,463,99
/zh-cn/3.13/tutorial/index.html,311,326,282
/es/3.13/tutorial/index.html,294,304,178
/3.13/tutorial/appetite.html,276,280,160
/3.13/tutorial/interpreter.html,217,227,127
/ja/3.13/tutorial/,180,194,490
/zh-cn/3.13/,173,176,219
/es/3.13/library/tkinter.html,163,168,74
/fr/3.13/tutorial/index.html,149,152,187
/3.13/library/functions.html,139,143,83
/3.13/search.html,127,137,171
/3.13/tutorial/introduction.html,125,135,66
/ja/3.13/library/functions.html,122,123,240
/ja/3.13/library/datetime.html,114,117,60
/3/tutorial/index.html,113,114,586
/3.13/library/index.html,109,115,311
/ja/3.13/library/re.html,108,114,47
/3.13/library/stdtypes.html,103,111,157
/ja/3.13/library/index.html,103,107,261
/zh-cn/3.13/library/index.html,101,108,283
/ja/3.13/library/subprocess.html,97,103,71
/zh-cn/3.13/using/index.html,96,97,38
/zh-tw/3.13/tutorial/index.html,94,98,165
/3.13/tutorial/controlflow.html,93,111,172
/zh-cn/3.13/library/venv.html,92,93,34
/3.13/library/,90,93,70
/ja/3.13/library/logging.html,90,94,80
/ja/3.13/library/csv.html,88,89,103
/zh-cn/3.13/tutorial/controlflow.html,87,91,122
/es/3.13/library/index.html,79,81,196
/ja/3.13/library/pathlib.html,77,80,151
/ja/3.13/library/stdtypes.html,74,76,123
/zh-cn/3.13/library/functions.html,73,74,83
/zh-cn/3.13/tutorial/interpreter.html,69,69,266
/zh-cn/3.13/search.html,67,70,310
/es/3.13/tutorial/datastructures.html,66,69,120
/zh-cn/3.13/tutorial/introduction.html,66,66,64
/3/library/tkinter.html,64,64,388
/zh-cn/3.13/library/stdtypes.html,64,68,226
/3/tutorial/,63,64,695
/es/3.13/library/functions.html,63,69,95
/3/library/functions.html,58,59,570
/es/3.13/tutorial/venv.html,57,58,23
/zh-tw/3.13/library/venv.html,57,58,22
/ja/3.13/library/argparse.html,55,57,105
/ja/3.13/library/multiprocessing.html,55,58,37
/ja/3.13/library/random.html,55,55,46
/ko/3.13/tutorial/index.html,55,56,160
/pt-br/3.13/library/index.html,55,56,137
/ja/3.13/tutorial/errors.html,54,56,178
/ja/3.13/library/typing.html,53,55,247
/zh-cn/3.13/installing/index.html,52,53,165
/3/library/index.html,51,51,704
/es/3.13/tutorial/introduction.html,51,56,127
/ja/3.13/library/enum.html,51,52,192
/zh-cn/3.13/tutorial/datastructures.html,49,51,423
/3.13/library/idle.html,48,49,33
/fr/3.13/tutorial/datastructures.html,48,55,148
/es/3.13/tutorial/interpreter.html,47,48,120
/ja/3.13/library/exceptions.html,47,48,55
/es/3.13/,46,47,109
/ja/3.13/library/os.path.html,45,45,131
/ja/3.13/tutorial/controlflow.html,45,45,399
/zh-cn/3.13/tutorial/appetite.html,45,45,244
/zh-cn/3.13/index.html,44,45,434
/3/library/idle.html,43,43,441
/es/3.13/tutorial/appetite.html,43,45,202
/ja/3.13/tutorial/inputoutput.html,43,43,169
/3.13/glossary.html,42,43,327
/es/3.13/library/re.html,41,43,65
/ja/3.13/library/json.html,41,41,1
/es/3.13/tutorial/classes.html,40,40,174
/fr/3.13/tutorial/classes.html,40,40,26
/ja/3.13/library/os.html,40,42,91
/3.13/library/tkinter.html,39,41,111
/ja/3.13/library/codecs.html,38,38,89
/ja/3.13/library/sqlite3.html,37,38,116
/3.13/library/exceptions.html,36,36,92
/3.13/library/random.html,36,36,173
/ja/3.13/tutorial/index.html,36,38,76
/uk/3.13/extending/extending.html,36,36,10
/zh-cn/3.13/glossary.html,36,36,251
/zh-cn/3.13/reference/index.html,36,36,454
/zh-cn/3.13/tutorial/,36,36,197
/3.15/,35,35,332
/ja/3.13/library/itertools.html,35,35,158
/ja/3.13/library/threading.html,35,38,155
/zh-cn/3.13/tutorial/classes.html,35,36,907
/3.13/tutorial/datastructures.html,34,37,11
/3/tutorial/datastructures.html,34,37,1064
/fr/3.13/library/datetime.html,34,35,62
/ja/3.13/library/shutil.html,34,34,37
/ja/3.13/tutorial/interpreter.html,34,37,260
/3.13/reference/index.html,33,33,390
/ja/3.13/library/time.html,33,36,59
/ja/3.13/library/unittest.mock.html,33,36,30
/pt-br/3.13/library/functions.html,33,33,32
/3.13/library/typing.html,32,32,15
/3/search.html,32,32,441
/es/3.13/tutorial/controlflow.html,32,32,194
/ja/3.13/tutorial/classes.html,32,32,105
/ko/3.13/installing/index.html,32,32,22
/es/3.13/library/idle.html,31,31,12
/ja/3.13/library/math.html,31,32,109
/3.13/installing/index.html,30,30,117
/ja/3.13/installing/index.html,30,30,99
/3/library/stdtypes.html,29,29,585
/es/3.13/installing/index.html,29,29,58
/ja/3.13/library/venv.html,29,31,7
/uk/3.13/library/tkinter.html,29,29,73
/zh-cn/3.13/contents.html,29,30,381
/zh-cn/3.13/library/asyncio.html,29,30,387
/3.13/library/datetime.html,28,28,127
/3.13/using/mac.html,28,29,122
/ja/3.13/library/urllib.request.html,28,32,338
/ja/3.13/search.html,28,28,196
/ja/3.13/tutorial/introduction.html,28,30,749
/zh-cn/3.13/tutorial/modules.html,28,33,153
/zh-cn/3.13/using/android.html,28,28,58
/3/library/venv.html,27,28,418
/es/3.13/tutorial/errors.html,27,30,58
/fr/3.13/library/tkinter.html,27,28,149
/ja/3.13/library/asyncio.html,27,28,346
/uk/3.13/tutorial/index.html,27,29,79
/3/index.html,26,26,617
/es/3.13/search.html,26,28,270
/ja/3.13/library/glob.html,26,27,53
/ja/3.13/library/tkinter.html,26,28,274
/ja/3.13/using/windows.html,26,26,0
/uk/3.13/tutorial/floatingpoint.html,26,26,9
/zh-tw/3.13/tutorial/classes.html,26,26,170
/ja/3.13/library/io.html,25,25,77
/zh-cn/3.13/library/asyncio-task.html,25,26,125
/zh-cn/3.13/library/csv.html,25,25,51
/zh-cn/3.13/tutorial/inputoutput.html,25,26,844
/zh-cn/3.13/tutorial/venv.html,25,26,4
/zh-cn/3/,25,25,637
/3/library/os.html,24,24,397
/3/whatsnew/3.13.html,24,24,824
/ja/3.13/howto/sorting.html,24,24,267
/ja/3.13/library/configparser.html,24,25,158
/ja/3.13/library/ctypes.html,24,25,23
/ja/3.13/library/urllib.parse.html,24,24,219
/ja/3.13/tutorial/appetite.html,24,24,650
/zh-cn/3.13/tutorial/errors.html,24,24,6
/zh-cn/3.13/using/mac.html,24,24,89
/3.13/library/turtle.html,23,25,239
/3.13/tutorial/modules.html,23,24,215
/es/3.13/library/datetime.html,23,24,97
/ja/3.13/,23,26,446
/ja/3.13/library/dataclasses.html,23,23,116
/ja/3.13/library/string.html,23,23,47
/ja/3.13/library/tempfile.html,23,24,237
/zh-cn/3.13/library/re.html,23,23,80
/3/library/typing.html,22,22,765
/fr/3.13/tutorial/introduction.html,22,22,70
/ja/3.13/library/socket.html,22,23,38
/ja/3.13/library/zipfile.html,22,23,73
/ja/3.13/reference/datamodel.html,22,22,1000
/ko/3.13/library/index.html,22,23,288
/3/download.html,21,21,292
/3/library/datetime.html,21,21,695
/es/3.13/library/stdtypes.html,21,26,113
/es/3.13/library/tk.html,21,21,328
/fr/3.13/library/stdtypes.html,21,21,72
/ja/3.13/library/pickle.html,21,21,176
/ja/3.13/library/unittest.html,21,22,0
/pt-br/3.13/,21,21,63
/zh-cn/3.13/library/typing.html,21,23,226
/zh-cn/3.13/using/cmdline.html,21,21,163
/3.13/using/cmdline.html,20,20,204
/3/library/asyncio.html,20,20,639
/3/library/csv.html,20,20,544
/3/tutorial/modules.html,20,20,878
/es/3.13/glossary.html,20,20,81
/es/3.13/library/random.html,20,20,419
/fr/3.13/tutorial/errors.html,20,20,11
/fr/3.13/tutorial/interpreter.html,20,20,229
/zh-cn/3.13/library/pdb.html,20,20,94
/zh-cn/3.13/using/,20,20,19
/zh-tw/3.13/howto/sorting.html,20,20,3
/zh-tw/3.13/tutorial/interpreter.html,20,22,153
/3.13/library/os.html,19,21,72
/3.13/tutorial/classes.html,19,19,122
/3.13/using/index.html,19,19,153
/3/library/turtle.html,19,19,405
/ja/3.13/library/struct.html,19,20,169
/ja/3.13/reference/index.html,19,20,712
/pt-br/3.13/tutorial/index.html,19,19,10
/zh-tw/3.13/tutorial/datastructures.html,19,21,146
/3/library/random.html,18,19,1037
/3/tutorial/classes.html,18,18,1204
/fr/3.13/tutorial/controlflow.html,18,18,95
/ja/3.13/library/asyncio-task.html,18,18,127
/pt-br/3.13/library/stdtypes.html,18,18,166
/pt-br/3.13/library/tkinter.html,18,18,9
/uk/3.13/library/re.html,18,18,8
/zh-cn/3.13/reference/datamodel.html,18,18,770
/zh-tw/3.13/library/collections.html,18,19,94
/zh-tw/3.13/library/json.html,18,19,113
/zh-tw/3.13/library/random.html,18,19,0
/zh-tw/3.13/tutorial/controlflow.html,18,19,72
/3.13/download.html,17,18,0
/3/library/itertools.html,17,17,1764
/fr/3.13/,17,18,419
/fr/3.13/reference/import.html,17,17,141
/ko/3.13/library/idle.html,17,17,4
/uk/3.13/howto/unicode.html,17,17,68
/zh-cn/3.13/library/string.html,17,17,63
/zh-tw/3.13/installing/index.html,17,17,129
/zh-tw/3.13/library/csv.html,17,17,88
/3.13/py-modindex.html,16,16,71
/3.13/tutorial/appendix.html,16,16,107
/3/library/argparse.html,16,16,608
/3/library/re.html,16,16,320
/fr/3.13/library/pathlib.html,16,18,106
/fr/3.13/search.html,16,17,170
/fr/3.13/using/windows.html,16,16,12
/ja/3.13/index.html,16,16,304
/ja/3.13/library/concurrent.futures.html,16,17,65
/ja/3.13/library/decimal.html,16,16,1
/ja/3.13/library/pdb.html,16,17,113
/ja/3.13/library/warnings.html,16,16,0
/ja/3.13/using/configure.html,16,16,6
/ko/3.13/library/functions.html,16,16,821
/zh-cn/3.13/library/argparse.html,16,16,106
/zh-cn/3.13/library/multiprocessing.html,16,16,443
/zh-cn/3.13/library/subprocess.html,16,16,203
/zh-tw/3.13/library/functions.html,16,16,10
/zh-tw/3.13/tutorial/errors.html,16,17,35
/zh-tw/3.13/tutorial/inputoutput.html,16,16,130
/3.13/reference/datamodel.html,15,15,410
/3/library/dataclasses.html,15,15,707
/3/library/multiprocessing.html,15,15,200
/3/library/sqlite3.html,15,15,628
/3/reference/index.html,15,15,829
/3/tutorial/controlflow.html,15,15,96
/es/3.13/tutorial/modules.html,15,15,3
/fr/3.13/library/os.html,15,15,24
/fr/3.13/tutorial/appetite.html,15,15,415
/ja/3.13/library/abc.html,15,15,193
/ja/3.13/library/contextlib.html,15,15,343
/ja/3.13/library/functools.html,15,15,0
/ja/3.13/library/idle.html,15,16,0
/ja/3.13/library/ipaddress.html,15,16,3
/ja/3/,15,15,828
/pt-br/3.13/library/datetime.html,15,16,135
/zh-cn/3.13/library/tkinter.html,15,16,78
/zh-cn/3.13/library/unittest.html,15,15,102
/zh-cn/3.13/reference/expressions.html,15,16,1130
/zh-cn/3.13/reference/lexical_analysis.html,15,17,454
/zh-cn/3.13/using/windows.html,15,15,1
/3.13/library/collections.html,14,19,161
/3.13/library/os.path.html,14,15,178
/3.13/library/threading.html,14,14,21
/3.13/tutorial/inputoutput.html,14,14,1223
/3.14/,14,14,508
/3/library/unittest.html,14,14,530
/es/3.13/library/csv.html,14,14,106
/ja/3.13/howto/logging.html,14,14,93
/ja/3.13/library/__main__.html,14,14,0
/ja/3.13/library/queue.html,14,14,124
/ja/3.13/whatsnew/index.html,14,16,639
/ko/3.13/tutorial/interpreter.html,14,14,65
/pt-br/3.13/search.html,14,16,292
/zh-cn/3.13/download.html,14,15,8
/zh-cn/3.13/library/,14,14,218
/zh-tw/3.13/library/pathlib.html,14,14,16
/zh-tw/3.13/library/typing.html,14,14,168
/3.13/contents.html,13,13,23
/3.13/reference/lexical_analysis.html,13,13,306
/3.13/tutorial/stdlib.html,13,13,230
/3/library/unittest.mock.html,13,13,526
/3/using/windows.html,13,13,288
/es/3.13/library/tkinter.ttk.html,13,13,15
/es/3.13/tutorial/inputoutput.html,13,13,94
/es/3.13/using/windows.html,13,13,143
/fr/3.13/howto/sorting.html,13,13,13
/fr/3.13/library/re.html,13,13,168
/ja/3.13/library/base64.html,13,14,22
/ja/3.13/library/http.server.html,13,13,290
/ja/3.13/tutorial/floatingpoint.html,13,14,17
/ko/3.13/library/pathlib.html,13,13,4
/ko/3.13/library/re.html,13,13,30
/zh-cn/3.13/library/pathlib.html,13,13,162
/zh-cn/3.13/library/tk.html,13,13,20
/zh-cn/3.13/whatsnew/3.13.html,13,13,98
/zh-cn/3.13/whatsnew/index.html,13,13,78
/zh-tw/3.13/library/os.path.html,13,13,3
/3.13/license.html,12,12,38
/3/contents.html,12,12,292
/3/faq/,12,12,339
/3/library/math.html,12,12,360
