name,visitors,bounce_rate,visit_duration
Direct / None,14344,65,181
Google,6714,80,154
python.org,998,70,363
Baidu,925,90,27
Bing,179,62,342
Yahoo!,105,78,119
chatgpt.com,49,67,354
codecademy.cn,48,57,63
DuckDuckGo,20,0,1004
qiita.com,19,100,858
GitHub,16,75,123
Brave,13,0,196
Ecosia,13,67,345
Yandex,11,0,344
python.p2hp.com,11,0,522
wiki.python.org,10,0,1008
note.nkmk.me,7,0,1128
blog.glyph.im,6,50,74
netacad.com,6,67,35
Perplexity,5,80,290
doubao.com,5,0,822
Reddit,4,100,74
cursos.alura.com.br,4,0,1172
devdocs.io,4,100,0
link.zhihu.com,4,100,435
networkx.org,4,0,79
packaging.python.org,4,0,38
peps.python.org,4,100,10
udemy.com,4,0,309
Microsoft Teams,3,100,0
Rakuten,3,100,0
cs50.harvard.edu,3,0,40
ics.uci.edu,3,100,0
oreilly.co.jp,3,0,1172
pytest-mock.readthedocs.io,3,0,558
roadmap.sh,3,0,108
utokyo-ipp.github.io,3,0,158
Facebook,2,100,0
Twitter,2,50,2
Wikipedia,2,0,35
app.certidevs.com,2,0,24
app.nit.school,2,100,0
avesis.yildiz.edu.tr,2,0,200
cglearning.udemy.com,2,0,0
content.ap-southeast-1.content-service.brightspace.com,2,100,0
cython.readthedocs.io,2,100,0
dailydev,2,50,38
discuss.python.org,2,0,390
flask.palletsprojects.com,2,0,712
forums.linuxmint.com,2,100,0
hackerrank.com,2,0,12
link.csdn.net,2,0,364
mightytechy.com,2,50,11
namu.wiki,2,0,1481
nicholashairs.com,2,100,0
pip.pypa.io,2,0,136
pyjson5.readthedocs.io,2,0,820
service.smt.docomo.ne.jp,2,100,0
test.python.org,2,100,0
vision.maximumtest.ru,2,100,0
wenxiaobai.com,2,33,185
wiki.freecad.org,2,0,106
127.0.0.1,1,0,3
192.168.1.133,1,0,15
360.cn,1,0,64
Daum,1,100,0
Youtube,1,0,1591
ametice.univ-amu.fr,1,0,7
app-basic-aibicpfu-eastus.azurewebsites.net,1,0,0
azechi-n.hatenadiary.com,1,0,261
belajarpython.com,1,0,70
blackboard.esiee.fr,1,0,5
blackbox.ai,1,0,56
blog.truestar.co.jp,1,0,2046
bytedance.larkoffice.com,1,0,56
byui-cse.github.io,1,0,4334
campus109.unad.edu.co,1,100,0
campusvirtual.univalle.edu.co,1,0,26
cdn.evg.gov.br,1,0,26
chat.qwen.ai,1,0,51
cms.unir.net,1,0,26
codspeed.io,1,100,0
conf.msl.titech.ac.jp,1,100,0
confluence.ecmwf.int,1,0,35
copilot.microsoft.com,1,0,9
datacamp.com,1,0,1194
delftstack.com,1,0,1233
dev-jy.tistory.com,1,0,3212
dgscience-hs.goorm.io,1,0,0
docs.aiohttp.org,1,0,940
docs.cinetpay.com,1,0,57
docs.micropython.org,1,0,1185
docs.runmyprocess.com,1,0,0
docs.sqlfluff.com,1,0,259
dtahem3uxhftkrnx-8888.container.x-gpu.com,1,0,8
edocrates.edogawa-u.ac.jp,1,0,2897
ellibrodepython.com,1,0,514
epochconverter.com,1,0,274
es.python.org,1,0,110
fastapi.tiangolo.com,1,0,0
flashfiletool.com,1,100,0
forum.codewithmosh.com,1,0,14
ghe.corp.yahoo.co.jp,1,0,1515
ghe.j1net.local,1,0,16
gitcode.com,1,100,0
google.github.io,1,0,0
hobbylife.tistory.com,1,0,0
home.kingsoft.jp,1,100,0
hz.haokeyouxuanedu.com,1,0,22
ide-run.goorm.io,1,0,23
idealab.alibaba-inc.com,1,0,18
intel.udemy.com,1,0,0
interactivechaos.com,1,0,0
jhub3.cnam.fr,1,0,22
kafues511.jp,1,0,764
kivy.org,1,0,805
kwonkai.tistory.com,1,0,152
learn.agiclass.cn,1,100,0
learning-pytest.readthedocs.io,1,0,0
learnxinyminutes.com,1,0,25
leer.amazon.es,1,0,1360
lifewithpython.com,1,0,2654
link.juejin.cn,1,0,853
m365.cloud.microsoft,1,0,7
mastergroosha.github.io,1,0,131
medium.com,1,0,1283
miraiserver.ne.jp,1,0,15
mv1.mediacionvirtual.ucr.ac.cr,1,100,0
mxzh50iakiqje6cn.os.x-gpu.com,1,0,1067
nainaistar.hatenablog.com,1,0,1657
nikkie-ftnext.hatenablog.com,1,0,6278
nlp.gluon.ai,1,0,1117
notebooks.githubusercontent.com,1,100,0
ntp.msn.cn,1,0,16
numpy.org,1,0,263
office54.net,1,0,370
online.keepcoding.io,1,0,226
open-verify.cc,1,0,13
openclassrooms.com,1,0,93
overleaf.com,1,100,0
pandas.pydata.org,1,0,186
pro.arcgis.com,1,0,169
py-free-threading.github.io,1,0,514
pygame.org,1,0,604
pymupdf.readthedocs.io,1,0,89
python-beginner.blog,1,0,519
python.it,1,0,331
pythoninsider.blogspot.com,1,0,0
realpython.com,1,0,1664
runebook.dev,1,100,0
source.android.com,1,0,109
sphinx-doc.org,1,0,26
suntory-wellness.atlassian.net,1,100,0
talentotech2.com.co,1,0,248
techblog.asahi-net.co.jp,1,0,704
telefonicatech.com,1,0,526
tianchi.aliyun.com,1,0,228
tornadoweb.org,1,0,1333
tronclass.ntou.edu.tw,1,0,44
tutti.prod.bloomberg.com,1,0,6
typing.python.org,1,0,108
unil.login.eduid.ch,1,100,0
usc-word-edit.officeapps.live.com,1,100,0
viniciuscrn.github.io,1,0,85
visualgo.net,1,0,2023
ysryuu.tistory.com,1,0,84
yuque.com,1,0,6
zestedesavoir.com,1,0,254
zhipu-ai.feishu.cn,1,100,0
