name,visitors,bounce_rate,visit_duration
sty_search:s_none:cid_117714809:gid_5535966308:kw_---autotargeting:pid_54187282208:aid_16807763345:crid_0:rid_54187282208:p_1:pty_premium:mty_:mkw_:dty_desktop:cgcid_0:rn_Бердск:rid_11314,2,50,6
sty_search:s_none:cid_117714809:gid_5535966308:kw_---autotargeting:pid_54187282208:aid_16807763345:crid_0:rid_54187282208:p_1:pty_premium:mty_:mkw_:dty_desktop:cgcid_0:rn_Москва:rid_213,2,0,48
sty_search:s_none:cid_117714809:gid_5535966308:kw_---autotargeting:pid_54187282208:aid_16807763345:crid_0:rid_54187282208:p_1:pty_premium:mty_:mkw_:dty_desktop:cgcid_0:rn_Ростов-на-Дону:rid_39,2,0,114
sty_search:s_none:cid_117714809:gid_5535966308:kw_---autotargeting:pid_54187282208:aid_16807763345:crid_0:rid_54187282208:p_1:pty_premium:mty_:mkw_:dty_desktop:cgcid_0:rn_Щёлково:rid_10765,2,0,824
sty_search:s_none:cid_118128484:gid_5541029357:kw_---autotargeting:pid_54289097479:aid_16844097883:crid_0:rid_54289097479:p_1:pty_premium:mty_:mkw_:dty_desktop:cgcid_0:rn_Липецк:rid_9,2,75,2
sty_search:s_none:cid_118128484:gid_5541029357:kw_скачать python:pid_55129022894:aid_16844097883:crid_0:rid_55129022894:p_1:pty_premium:mty_:mkw_:dty_desktop:cgcid_0:rn_Семигорский:rid_210638,2,50,73
sty_search:s_none:cid_118128484:gid_5541029357:kw_скачать python:pid_55129022894:aid_16844097883:crid_0:rid_55129022894:p_1:pty_premium:mty_:mkw_:dty_desktop:cgcid_0:rn_Ульяновск:rid_195,2,0,1440
sty_search:s_none:cid_117714809:gid_5535966308:kw_---autotargeting:pid_54187282208:aid_16807763345:crid_0:rid_54187282208:p_1:pty_premium:mty_:mkw_:dty_desktop:cgcid_0:rn_Барнаул:rid_197,1,0,61
sty_search:s_none:cid_117714809:gid_5535966308:kw_---autotargeting:pid_54187282208:aid_16807763345:crid_0:rid_54187282208:p_1:pty_premium:mty_:mkw_:dty_desktop:cgcid_0:rn_Нижнекамск:rid_11127,1,0,617
sty_search:s_none:cid_118128484:gid_5541029357:kw_---autotargeting:pid_54289097479:aid_16844097883:crid_0:rid_54289097479:p_1:pty_premium:mty_:mkw_:dty_desktop:cgcid_0:rn_Горбунковское сельское поселение:rid_166359,1,0,4
sty_search:s_none:cid_118128484:gid_5541029357:kw_---autotargeting:pid_54289097479:aid_16844097883:crid_0:rid_54289097479:p_1:pty_premium:mty_:mkw_:dty_desktop:cgcid_0:rn_Ижевск:rid_44,1,0,6
sty_search:s_none:cid_118128484:gid_5541029357:kw_---autotargeting:pid_54289097479:aid_16844097883:crid_0:rid_54289097479:p_1:pty_premium:mty_:mkw_:dty_desktop:cgcid_0:rn_Новосибирск:rid_65,1,100,0
sty_search:s_none:cid_118128484:gid_5541029357:kw_---autotargeting:pid_54289097479:aid_16844097883:crid_0:rid_54289097479:p_1:pty_premium:mty_:mkw_:dty_desktop:cgcid_0:rn_Очёр:rid_20247,1,0,12
sty_search:s_none:cid_118128484:gid_5541029357:kw_скачать python:pid_55129022894:aid_16844097883:crid_0:rid_55129022894:p_1:pty_premium:mty_:mkw_:dty_desktop:cgcid_0:rn_Калининград:rid_22,1,0,132
sty_search:s_none:cid_118128484:gid_5541029357:kw_скачать python:pid_55129022894:aid_16844097883:crid_0:rid_55129022894:p_1:pty_premium:mty_:mkw_:dty_desktop:cgcid_0:rn_Липецк:rid_9,1,100,0
sty_search:s_none:cid_118128484:gid_5541029357:kw_скачать python:pid_55129022894:aid_16844097883:crid_0:rid_55129022894:p_1:pty_premium:mty_:mkw_:dty_desktop:cgcid_0:rn_Мытищи:rid_10740,1,100,0
sty_search:s_none:cid_118128484:gid_5541029357:kw_скачать python:pid_55129022894:aid_16844097883:crid_0:rid_55129022894:p_1:pty_premium:mty_:mkw_:dty_desktop:cgcid_0:rn_Псков:rid_25,1,100,0
sty_search:s_none:cid_118128484:gid_5541029357:kw_скачать python:pid_55129022894:aid_16844097883:crid_0:rid_55129022894:p_1:pty_premium:mty_:mkw_:dty_desktop:cgcid_0:rn_Сургут:rid_120104,1,0,65
sty_search:s_none:cid_118128484:gid_5541029357:kw_скачать python:pid_55129022894:aid_16844097883:crid_0:rid_55129022894:p_1:pty_premium:mty_:mkw_:dty_desktop:cgcid_0:rn_Уфа:rid_172,1,100,0
sty_search:s_yandex.ru:cid_118128484:gid_5541029357:kw_---autotargeting:pid_54289097479:aid_16844097883:crid_0:rid_54289097479:p_1:pty_dynamic_places:mty_:mkw_:dty_desktop:cgcid_0:rn_Пермь:rid_50,1,0,402
sty_search:s_yandex.ru:cid_118128484:gid_5541029357:kw_---autotargeting:pid_54289097479:aid_16844097883:crid_0:rid_54289097479:p_1:pty_dynamic_places:mty_:mkw_:dty_desktop:cgcid_0:rn_Санкт-Петербург:rid_2,1,100,0
sty_search:s_yandex.ru:cid_118128484:gid_5541029357:kw_---autotargeting:pid_54289097479:aid_16844097883:crid_0:rid_54289097479:p_1:pty_dynamic_places:mty_:mkw_:dty_mobile:cgcid_0:rn_Санкт-Петербург:rid_2,1,100,0
