name,unique_exits,total_exits,exit_rate
/downloads/,110556,114106,44.4
/,60403,62243,42.6
/downloads/windows/,42919,44243,55.3
/downloads/release/pymanager-252/,36079,36905,56.7
/downloads/release/python-3143/,29944,30252,38.7
/downloads/release/python-31312/,5518,5572,36.9
/about/gettingstarted/,4104,4168,44.6
/downloads/macos/,3955,4007,54.1
/downloads/release/python-31212/,3801,3838,28.2
/search/,3340,3352,25.1
/downloads/release/python-31114/,3290,3323,27.7
/downloads/release/python-3119/,3144,3210,43.0
/doc/,2872,2903,41.7
/downloads/release/python-31011/,2741,2810,44.5
/downloads/release/python-3150a6/,2676,2684,32.5
/downloads/release/python-3120/,2475,2511,37.7
/downloads/release/python-31019/,2458,2493,27.3
/psf/donations/,2142,2162,21.8
/downloads/release/python-3110/,2111,2149,37.0
/downloads/release/python-3106/,1915,2038,50.4
/downloads/release/python-3100/,1854,1882,39.9
/psf-landing/,1601,1611,26.9
/downloads/source/,1226,1243,38.3
/downloads/release/python-31210/,1175,1190,46.6
/about/,1078,1109,26.3
/downloads/android/,1043,1056,40.9
/shell/,836,858,67.9
/downloads/release/python-3142/,833,864,47.3
/downloads/release/python-3130/,818,828,40.6
/downloads/release/python-3140/,788,798,41.1
/jobs/,778,791,34.2
/downloads/release/python-3128/,765,783,40.4
/community/,692,700,32.3
/download/other/,648,662,44.5
/downloads/release/python-3925/,585,582,32.0
/about/apps/,563,567,42.4
/downloads/release/python-3810/,512,531,46.6
/downloads/release/python-390/,469,474,39.4
/downloads/release/python-3129/,423,430,39.0
/downloads/release/python-380/,416,423,38.6
/accounts/login/,370,377,32.6
/downloads/release/python-3118/,357,365,42.0
/downloads/release/python-3135/,327,332,41.3
/downloads/release/python-370/,318,317,41.8
/downloads/release/python-31013/,312,313,29.0
/blogs/,310,326,36.9
/downloads/release/python-3913/,303,307,47.8
/community/logos/,267,271,60.1
/downloads/release/python-3127/,261,267,43.5
/downloads/release/python-3820/,248,249,32.9
/downloads/release/python-3133/,232,238,48.0
/doc/versions/,220,226,52.7
/downloads/release/python-31311/,219,226,43.6
/downloads/release/python-2718/,216,218,77.3
/downloads/release/python-3114/,211,214,41.2
/downloads/release/python-3124/,207,208,33.3
/downloads/release/python-3123/,186,190,40.0
/downloads/release/python-31010/,172,176,43.2
/success-stories/,167,169,30.3
/downloads/release/python-3111/,161,164,38.6
/downloads/release/python-3122/,155,157,39.6
/download/releases/,150,149,18.8
/downloads/release/python-3137/,150,160,53.3
/downloads/release/python-3132/,148,152,38.1
/events/,140,148,36.4
/downloads/release/python-3139/,139,138,49.3
/getit/,138,138,53.9
/downloads/release/python-3109/,136,140,42.7
/downloads/release/python-379/,133,134,47.5
/downloads/release/python-3105/,129,134,47.9
/downloads/release/python-3717/,128,125,31.6
/downloads/release/python-3116/,125,129,41.3
/downloads/release/python-3117/,118,121,40.6
/doc/av/,117,119,45.6
/downloads/release/python-3112/,115,114,44.7
/accounts/signup/,114,115,30.7
/doc/essays/blurb/,112,114,79.2
/downloads/release/python-3126/,112,115,39.9
/success-stories/category/education/,111,112,39.4
/downloads/release/pymanager-250/,110,116,80.0
/downloads/release/python-31111/,107,112,27.7
/downloads/release/python-3121/,106,107,37.5
/downloads/release/python-31012/,104,104,28.3
/downloads/release/python-3131/,104,109,40.2
/psf/newsletter/,103,107,67.7
/downloads/release/python-311/,102,108,43.2
/download/alternatives/,101,100,53.2
/downloads/release/python-3113/,100,101,39.6
/download,99,99,27.4
/downloads/release/python-31110/,98,99,24.8
/downloads/release/python-3125/,98,100,43.9
/events/python-user-group/,98,98,64.5
/downloads/release/python-31211/,95,95,24.7
/download/releases/2.7/,94,95,62.5
/downloads/release/python-31310/,94,93,34.6
/about/help/,93,96,35.2
/downloads/release/python-3115/,93,99,38.5
/events/python-user-group/past/,90,92,63.4
/success-stories/category/business/,89,89,48.9
/psf/membership/,87,87,27.5
