name,visitors
Chrome,91269
Microsoft Edge,23947
Firefox,15896
Safari,10460
Opera,2848
Yandex Browser,2723
Mobile App,1244
Samsung Browser,357
360 Secure Browser,211
Sogou Explorer,193
Quark,161
Smart Lenovo Browser,120
SberBrowser,116
(not set),108
UC Browser,99
MIUI Browser,88
QQ Browser,84
vivo Browser,81
Huawei Browser Mobile,80
Brave,78
Chromium,60
Whale Browser,42
Avast Secure Browser,33
QtWebEngine,24
Ecosia,22
Opera GX,13
Opera Touch,12
Pale Moon,10
Mobile Silk,9
Norton Private Browser,9
AVG Secure Browser,8
CCleaner,8
Hi Browser,8
Android Browser,7
Huawei Browser,7
AdBlock Browser,6
Falkon,4
Iron,4
JioSphere,4
Kindle Browser,4
Notion,4
UC Browser Turbo,4
Steam In-Game Overlay,3
115 Browser,2
Avira Secure Browser,2
Konqueror,2
Oppo Browser,2
Phoenix Browser,2
SeaMonkey,2
Sleipnir,2
Atom,1
Chromium GOST,1
Edge WebView,1
Firefox Focus,1
Lilo,1
Meizu Browser,1
Mint Browser,1
Oculus Browser,1
Qutebrowser,1
Qwant Mobile,1
Vivaldi,1
Waterfox,1
t-online.de Browser,1
