property,value,visitors,events,percentage
url,(none),80714,136727,99.8
url,https://www.python.org/,736,783,0.9
url,https://github.com/python/cpython/tree/3.14/Lib/idlelib/,181,206,0.2
url,https://www.python.org/downloads/,153,162,0.2
url,https://tkdocs.com/,91,98,0.1
url,https://apps.microsoft.com/detail/9NQ7512CXL7T,74,79,0.1
url,https://docs.python.org/3/archives/python-3.14-docs-html.zip,74,78,0.1
url,https://wiki.python.org/moin/BeginnersGuide,74,77,0.1
url,https://docs.python.org/3/archives/python-3.14-docs.epub,62,68,0.1
url,https://docs.python.org/3/archives/python-3.14-docs-text.zip,59,59,0.1
url,https://pypi.org/,58,58,0.1
url,https://github.com/python/cpython/tree/3.14/Lib/tkinter/__init__.py,53,58,0.1
url,https://github.com/python/cpython/tree/3.14/Lib/idlelib,51,58,0.1
url,https://www.tcl.tk/man/tcl8.6/TkCmd/contents.htm,39,45,0.0
url,https://www.tkdocs.com/shipman/,35,36,0.0
url,https://packaging.python.org/en/latest/tutorials/packaging-projects/,33,38,0.0
url,https://mypy.readthedocs.io/en/stable/cheat_sheet_py3.html,29,29,0.0
url,https://www.python.org/doc/versions/,28,32,0.0
url,https://github.com/python/cpython/tree/3.14/Lib/turtle.py,27,29,0.0
url,https://devguide.python.org/documentation/start-documenting/#building-the-documentation,24,33,0.0
url,https://github.com/python/cpython/tree/3.14/Lib/random.py,22,25,0.0
url,https://devguide.python.org/,21,22,0.0
url,https://packaging.python.org/guides/installing-using-pip-and-virtual-environments/#create-and-use-virtual-environments,19,20,0.0
url,https://www.sqlite.org/,18,18,0.0
url,https://packaging.python.org/en/latest/tutorials/installing-packages/#ensure-pip-setuptools-and-wheel-are-up-to-date,17,19,0.0
url,https://briefcase.readthedocs.io/,16,16,0.0
url,https://wiki.python.org/moin/PythonBooks,16,17,0.0
url,https://docs.python.org/3/archives/python-3.14-docs-texinfo.zip,15,16,0.0
url,https://peps.python.org/,14,15,0.0
url,https://peps.python.org/pep-0745/,14,15,0.0
url,https://github.com/python/cpython/tree/3.14/Lib/datetime.py,13,13,0.0
url,https://github.com/python/cpython/tree/3.14/Lib/venv/,13,13,0.0
url,https://www.python.org/downloads/macos/,13,14,0.0
url,https://www.tcl.tk/,13,15,0.0
url,https://docs.python.org/3/archives/python-3.14-docs-html.tar.bz2,12,13,0.0
url,https://github.com/python/cpython/tree/3.14/Lib/heapq.py,12,13,0.0
url,https://packaging.python.org/,12,12,0.0
url,https://www.packtpub.com/en-us/product/python-gui-programming-with-tkinter-9781788835886,12,13,0.0
url,https://buildozer.readthedocs.io/,11,11,0.0
url,https://docs.python.org/zh-cn/3/archives/python-3.14-docs-html.zip,11,12,0.0
url,https://peps.python.org/pep-0636/,11,11,0.0
url,https://peps.python.org/pep-0779/,11,11,0.0
url,https://www.debian.org/doc/manuals/maint-guide/first.en.html,11,11,0.0
url,https://github.com/python/cpython/tree/3.14/Lib/sqlite3/,10,10,0.0
url,https://peps.python.org/pep-0649/,10,10,0.0
url,https://peps.python.org/pep-0703/,10,10,0.0
url,https://peps.python.org/pep-0434/,9,9,0.0
url,https://dateutil.readthedocs.io/en/stable/,8,8,0.0
url,https://github.com/python/cpython/tree/3.14/Lib/os.py,8,8,0.0
url,https://packaging.python.org/installing/,8,9,0.0
url,https://termux.dev/en/,8,9,0.0
url,https://core.tcl.tk/tips/doc/trunk/tip/48.md,7,7,0.0
url,https://en.wikipedia.org/wiki/Fibonacci_sequence,7,8,0.0
url,https://packaging.python.org/science/,7,7,0.0
url,https://peps.python.org/pep-0405/,7,7,0.0
url,https://peps.python.org/pep-0492/,7,7,0.0
url,https://peps.python.org/pep-3119/,7,8,0.0
url,https://tkdocs.com/book.html,7,7,0.0
url,https://wiki.python.org/moin/IntegratedDevelopmentEnvironments,7,7,0.0
url,https://www.python.org/downloads/android/,7,7,0.0
url,https://www.unicode.org/versions/Unicode16.0.0/core-spec/chapter-3/#G33992,7,7,0.0
url,https://www.w3schools.com/sql/,7,7,0.0
url,https://chaquo.com/chaquopy,6,6,0.0
url,https://discuss.python.org/t/84319/123,6,6,0.0
url,https://docs.python.org/3/archives/python-3.14-docs-text.tar.bz2,6,7,0.0
url,https://en.wikipedia.org/wiki/Turtle_(robot),6,6,0.0
url,https://github.com/python/cpython/blob/main/Doc/tutorial/index.rst?plain=1,6,6,0.0
url,https://github.com/python/cpython/tree/3.14/Android/testbed,6,6,0.0
url,https://github.com/python/cpython/tree/3.14/Lib/re/,6,6,0.0
url,https://github.com/python/cpython/tree/3.14/Lib/urllib/,6,7,0.0
url,https://github.com/python/cpython/tree/3.14/Lib/webbrowser.py,6,6,0.0
url,https://opensource.org/,6,6,0.0
url,https://packaging.python.org/extensions/,6,12,0.0
url,https://peps.python.org/pep-0484/,6,7,0.0
url,https://peps.python.org/pep-0557/,6,6,0.0
url,https://pypi.org/project/telnetlib3/,6,6,0.0
url,https://webassembly.org/,6,8,0.0
url,https://wiki.python.org/moin/PythonEditors,6,6,0.0
url,https://www.python.org/psf/donations/,6,7,0.0
url,https://www.zlib.net/,6,6,0.0
url,https://cibuildwheel.pypa.io/en/stable/platforms/#android,5,5,0.0
url,https://docs.python.org/3/archives/python-3.14-docs-texinfo.tar.bz2,5,5,0.0
url,https://en.wikipedia.org/wiki/Extended_Backus%E2%80%93Naur_form,5,6,0.0
url,https://en.wikipedia.org/wiki/Parsing_expression_grammar,5,5,0.0
url,https://github.com/python/cpython/tree/3.14/Lib/ensurepip,5,5,0.0
url,https://github.com/python/cpython/tree/3.14/Lib/http/server.py,5,5,0.0
url,https://github.com/python/cpython/tree/3.14/Lib/ipaddress.py,5,6,0.0
url,https://github.com/python/cpython/tree/3.14/Lib/pathlib/,5,5,0.0
url,https://github.com/python/cpython/tree/3.14/Lib/socket.py,5,5,0.0
url,https://packaging.python.org/installing/#creating-virtual-environments,5,6,0.0
url,https://peps.python.org/pep-0008/,5,6,0.0
url,https://peps.python.org/pep-0594/,5,5,0.0
url,https://requests.readthedocs.io/en/master/,5,6,0.0
url,https://www.cwi.nl/,5,5,0.0
url,https://www.riverbankcomputing.com/static/Docs/pyqtdeploy/,5,5,0.0
url,https://brew.sh/,4,4,0.0
url,https://discuss.python.org/t/37075,4,4,0.0
url,https://docs.python.org/zh-cn/3/archives/python-3.14-docs-text.zip,4,4,0.0
url,https://emscripten.org/,4,4,0.0
url,https://github.com/anordin95/a-conceptual-overview-of-asyncio/tree/main,4,4,0.0
url,https://github.com/python/cpython/tree/3.14/Lib/functools.py,4,4,0.0
url,https://github.com/python/cpython/tree/3.14/Lib/glob.py,4,4,0.0
url,https://github.com/python/cpython/tree/3.14/Lib/hashlib.py,4,4,0.0
url,https://github.com/python/cpython/tree/3.14/Lib/operator.py,4,6,0.0
url,https://github.com/python/cpython/tree/3.14/Lib/pickle.py,4,4,0.0
url,https://github.com/python/cpython/tree/3.14/Lib/shutil.py,4,4,0.0
url,https://github.com/python/cpython/tree/3.14/Lib/zipfile/,4,4,0.0
url,https://manpages.debian.org/recv(2),4,4,0.0
url,https://packaging.python.org/installing/#requirements-for-installing-packages,4,4,0.0
url,https://peps.python.org/pep-0526/,4,4,0.0
url,https://peps.python.org/pep-0544/,4,4,0.0
url,https://peps.python.org/pep-0585/,4,4,0.0
url,https://peps.python.org/pep-0695/,4,4,0.0
url,https://peps.python.org/pep-0734/,4,4,0.0
url,https://peps.python.org/pep-0749/,4,4,0.0
url,https://peps.python.org/pep-0750/,4,4,0.0
url,https://peps.python.org/pep-3149/,4,4,0.0
url,https://pypi.org/project/aiosmtpd/,4,4,0.0
url,https://setuptools.pypa.io/en/latest/setuptools.html,4,4,0.0
url,https://typing.python.org/en/latest/spec/index.html,4,4,0.0
url,https://www.cnri.reston.va.us/,4,4,0.0
url,https://www.sqlite.org/schematab.html,4,4,0.0
url,https://www.unicode.org/reports/tr44/tr44-34.html#General_Category_Values,4,4,0.0
url,https://www.youtube.com/watch?v=Xbl7XjFYsN4&list=PLhNSoGM2ik6SIkVGXWBwerucXjgP1rHmB,4,5,0.0
url,https://datatracker.ietf.org/doc/html/rfc9562.html#section-5.4,3,4,0.0
url,https://docs.python.org/zh-cn/3/archives/python-3.14-docs-html.tar.bz2,3,4,0.0
url,https://docs.python.org/zh-cn/3/archives/python-3.14-docs.epub,3,3,0.0
url,https://en.wikipedia.org/wiki/Database_transaction,3,3,0.0
url,https://github.com/python/cpython/blob/main/Doc/library/functions.rst?plain=1,3,3,0.0
url,https://github.com/python/cpython/tree/3.14/Lib/argparse.py,3,3,0.0
url,https://github.com/python/cpython/tree/3.14/Lib/asyncio/coroutines.py,3,3,0.0
url,https://github.com/python/cpython/tree/3.14/Lib/base64.py,3,3,0.0
url,https://github.com/python/cpython/tree/3.14/Lib/bisect.py,3,4,0.0
url,https://github.com/python/cpython/tree/3.14/Lib/codecs.py,3,4,0.0
url,https://github.com/python/cpython/tree/3.14/Lib/collections/__init__.py,3,3,0.0
url,https://github.com/python/cpython/tree/3.14/Lib/copy.py,3,3,0.0
url,https://github.com/python/cpython/tree/3.14/Lib/curses,3,4,0.0
url,https://github.com/python/cpython/tree/3.14/Lib/dataclasses.py,3,3,0.0
url,https://github.com/python/cpython/tree/3.14/Lib/importlib/__init__.py,3,3,0.0
url,https://github.com/python/cpython/tree/3.14/Lib/io.py,3,3,0.0
url,https://github.com/python/cpython/tree/3.14/Lib/ntpath.py,3,3,0.0
url,https://github.com/python/cpython/tree/3.14/Lib/pydoc.py,3,3,0.0
url,https://github.com/python/cpython/tree/3.14/Lib/string/__init__.py,3,3,0.0
url,https://github.com/python/cpython/tree/3.14/Lib/tkinter/colorchooser.py,3,3,0.0
url,https://github.com/python/cpython/tree/3.14/Lib/typing.py,3,3,0.0
url,https://github.com/python/cpython/tree/3.14/Lib/unittest/__init__.py,3,3,0.0
url,https://github.com/python/cpython/tree/3.14/Lib/xml/etree/ElementTree.py,3,3,0.0
url,https://learning-python.com/about-pp4e.html,3,3,0.0
url,https://more-itertools.readthedocs.io/en/stable/api.html#more_itertools.before_and_after,3,3,0.0
url,https://peps.python.org/pep-0238/,3,3,0.0
url,https://peps.python.org/pep-0255/,3,4,0.0
url,https://peps.python.org/pep-0370/,3,3,0.0
url,https://peps.python.org/pep-0632/#migration-advice,3,3,0.0
url,https://peps.python.org/pep-0634/,3,3,0.0
url,https://py-free-threading.github.io/installing-cpython/,3,3,0.0
url,https://pypi.org/project/Exscript/,3,3,0.0
url,https://pypi.org/project/UniCurses/,3,5,0.0
url,https://pypi.org/project/legacy-cgi/,3,4,0.0
url,https://pypi.org/project/regex/,3,3,0.0
url,https://pypi.org/project/tzdata/,3,3,0.0
url,https://sqlite.org/inmemorydb.html,3,3,0.0
url,https://support.apple.com/en-us/HT201732,3,3,0.0
url,https://wasi.dev/,3,3,0.0
url,https://wiki.python.org/moin/GuiProgramming,3,3,0.0
url,https://www.anaconda.com/download/,3,3,0.0
url,https://www.britannica.com/science/permutation,3,3,0.0
url,https://www.bytereef.org/mpdecimal/doc/libmpdec/,3,3,0.0
url,https://www.jython.org/,3,4,0.0
url,https://www.python.org/doc/av/,3,3,0.0
url,https://www.python.org/psf/,3,3,0.0
url,https://www.sphinx-doc.org/,3,3,0.0
url,https://www.wide.ad.jp/,3,3,0.0
url,http://www.math.sci.hiroshima-u.ac.jp/~m-mat/MT/MT2002/emt19937ar.html,2,2,0.0
url,https://aosabook.org/en/500L/a-web-crawler-with-asyncio-coroutines.html,2,2,0.0
url,https://code.activestate.com/recipes/langs/python/,2,2,0.0
url,https://csrc.nist.gov/pubs/fips/202/final,2,2,0.0
url,https://datatracker.ietf.org/doc/html/rfc3986.html,2,2,0.0
url,https://datatracker.ietf.org/doc/html/rfc4648.html,2,2,0.0
url,https://docs.python.org/fr/3/archives/python-3.14-docs-html.zip,2,2,0.0
url,https://docs.python.org/pt-br/3/archives/python-3.14-docs-text.zip,2,2,0.0
url,https://en.wikipedia.org/wiki/Cartesian_product,2,2,0.0
url,https://en.wikipedia.org/wiki/Cursor_(databases),2,2,0.0
url,https://en.wikipedia.org/wiki/Gamma_function,2,2,0.0
url,https://en.wikipedia.org/wiki/Leap_second,2,2,0.0
url,https://en.wikipedia.org/wiki/Memoization,2,2,0.0
url,https://en.wikipedia.org/wiki/Shell_injection#Shell_injection,2,3,0.0
url,https://en.wikipedia.org/wiki/Transpose,2,2,0.0
url,https://en.wikipedia.org/wiki/Walrus#/media/File:Pacific_Walrus_-_Bull_(8247646168).jpg,2,2,0.0
url,https://gist.github.com/vsajip/4673395,2,2,0.0
url,https://github.com/python/cpython/blob/main/Doc/c-api/index.rst?plain=1,2,2,0.0
url,https://github.com/python/cpython/blob/main/Doc/contents.rst?plain=1,2,2,0.0
url,https://github.com/python/cpython/blob/main/Doc/glossary.rst?plain=1,2,2,0.0
url,https://github.com/python/cpython/blob/main/Doc/library/constants.rst?plain=1,2,2,0.0
url,https://github.com/python/cpython/blob/main/Doc/library/index.rst?plain=1,2,2,0.0
url,https://github.com/python/cpython/blob/main/Doc/library/random.rst?plain=1,2,2,0.0
url,https://github.com/python/cpython/blob/main/Doc/tutorial/controlflow.rst?plain=1,2,3,0.0
url,https://github.com/python/cpython/issues,2,2,0.0
url,https://github.com/python/cpython/issues/132449,2,2,0.0
url,https://github.com/python/cpython/issues?q=is%3Aissue+is%3Aopen+label%3Adocs,2,2,0.0
url,https://github.com/python/cpython/tree/3.14/Android/testbed/app/src/main/c/main_activity.c,2,2,0.0
url,https://github.com/python/cpython/tree/3.14/Grammar/python.gram,2,2,0.0
url,https://github.com/python/cpython/tree/3.14/Lib/asyncio/base_events.py,2,2,0.0
url,https://github.com/python/cpython/tree/3.14/Lib/asyncio/events.py,2,2,0.0
url,https://github.com/python/cpython/tree/3.14/Lib/asyncio/exceptions.py,2,2,0.0
url,https://github.com/python/cpython/tree/3.14/Lib/asyncio/streams.py,2,2,0.0
url,https://github.com/python/cpython/tree/3.14/Lib/calendar.py,2,2,0.0
url,https://github.com/python/cpython/tree/3.14/Lib/colorsys.py,2,2,0.0
url,https://github.com/python/cpython/tree/3.14/Lib/concurrent/futures/thread.py,2,2,0.0
url,https://github.com/python/cpython/tree/3.14/Lib/csv.py,2,2,0.0
url,https://github.com/python/cpython/tree/3.14/Lib/difflib.py,2,2,0.0
url,https://github.com/python/cpython/tree/3.14/Lib/genericpath.py,2,4,0.0
url,https://github.com/python/cpython/tree/3.14/Lib/getpass.py,2,4,0.0
url,https://github.com/python/cpython/tree/3.14/Lib/keyword.py,2,2,0.0
url,https://github.com/python/cpython/tree/3.14/Lib/multiprocessing/,2,2,0.0
url,https://github.com/python/cpython/tree/3.14/Lib/pdb.py,2,2,0.0
url,https://github.com/python/cpython/tree/3.14/Lib/platform.py,2,2,0.0
url,https://github.com/python/cpython/tree/3.14/Lib/smtplib.py,2,2,0.0
url,https://github.com/python/cpython/tree/3.14/Lib/threading.py,2,2,0.0
url,https://github.com/python/cpython/tree/3.14/Lib/timeit.py,2,2,0.0
url,https://github.com/python/cpython/tree/3.14/Lib/tkinter/filedialog.py,2,2,0.0
url,https://github.com/python/cpython/tree/3.14/Lib/tkinter/messagebox.py,2,3,0.0
url,https://github.com/python/cpython/tree/3.14/Lib/tkinter/scrolledtext.py,2,4,0.0
url,https://github.com/python/cpython/tree/3.14/Lib/tkinter/ttk.py,2,2,0.0
url,https://github.com/python/cpython/tree/3.14/Lib/traceback.py,2,2,0.0
url,https://github.com/python/cpython/tree/3.14/Lib/urllib/parse.py,2,2,0.0
url,https://github.com/python/cpython/tree/3.14/Lib/urllib/request.py,2,2,0.0
url,https://github.com/python/cpython/tree/3.14/README.rst,2,3,0.0
url,https://gvanrossum.github.io/,2,2,0.0
url,https://json.org/,2,2,0.0
url,https://numpy.org/,2,3,0.0
url,https://packaging.python.org/en/latest/tutorials/installing-packages/,2,2,0.0
url,https://peps.python.org/pep-0302/,2,2,0.0
url,https://peps.python.org/pep-0305/,2,2,0.0
url,https://peps.python.org/pep-0324/,2,2,0.0
url,https://peps.python.org/pep-0342/,2,2,0.0
url,https://peps.python.org/pep-0393/,2,2,0.0
url,https://peps.python.org/pep-0453/,2,2,0.0
url,https://peps.python.org/pep-0479/,2,2,0.0
url,https://peps.python.org/pep-0485/,2,2,0.0
url,https://peps.python.org/pep-0563/,2,2,0.0
url,https://peps.python.org/pep-0567/,2,2,0.0
url,https://peps.python.org/pep-0584/,2,2,0.0
url,https://peps.python.org/pep-0591/,2,2,0.0
url,https://peps.python.org/pep-0593/,2,2,0.0
url,https://peps.python.org/pep-0612/,2,2,0.0
url,https://peps.python.org/pep-0615/,2,2,0.0
url,https://peps.python.org/pep-0673/,2,2,0.0
url,https://peps.python.org/pep-3101/,2,2,0.0
url,https://peps.python.org/pep-3134/,2,2,0.0
url,https://peps.python.org/pep-3333/,2,2,0.0
url,https://pkware.cachefly.net/webdocs/casestudies/APPNOTE.TXT,2,2,0.0
url,https://poynton.ca/ColorFAQ.html,2,2,0.0
url,https://pubs.opengroup.org/onlinepubs/009695399/basedefs/xbd_chap04.html#tag_04_11,2,2,0.0
url,https://pypi.org/project/DateType/,2,2,0.0
url,https://pypi.org/project/Urwid/,2,2,0.0
url,https://pypi.org/project/bcrypt/,2,2,0.0
url,https://pypi.org/project/pip/,2,2,0.0
url,https://pypi.org/project/py2app/,2,2,0.0
url,https://pypi.org/project/tomlkit/,2,2,0.0
url,https://python.domainunion.de/downloads/,2,2,0.0
url,https://scipy.org/,2,2,0.0
url,https://sqlite.org/,2,2,0.0
url,https://support.apple.com/en-us/102445,2,2,0.0
url,https://translate.google.com/website?sl=auto&tl=ar&hl=ar_SA&u=https://www.python.org/,2,2,0.0
url,https://typing.python.org/en/latest/,2,2,0.0
url,https://www.python.org/about/success,2,2,0.0
url,https://www.python.org/downloads/source/,2,2,0.0
url,https://www.sqlite.org/flextypegood.html,2,2,0.0
url,https://www.tkdocs.com/,2,2,0.0
url,https://www.unicode.org/,2,2,0.0
url,https://www.unicode.org/Public/16.0.0/ucd/NameAliases.txt,2,2,0.0
url,https://www.unicode.org/versions/Unicode16.0.0/core-spec/chapter-4/#G91002,2,2,0.0
url,http://ocert.org/advisories/ocert-2011-003.html,1,1,0.0
url,http://www.libexpat.org/,1,1,0.0
url,https://beeware.org/,1,1,0.0
url,https://bugs.python.org/issue?@action=redirect&bpo=33671,1,1,0.0
url,https://bugs.python.org/issue?@action=redirect&bpo=36623,1,1,0.0
url,https://bugs.python.org/issue?@action=redirect&bpo=39259,1,1,0.0
url,https://bugs.python.org/issue?@action=redirect&bpo=39877,1,1,0.0
url,https://cffi.readthedocs.io/,1,1,0.0
url,https://codahale.com/a-lesson-in-timing-attacks/,1,1,0.0
url,https://code.activestate.com/recipes/393090-binary-floating-point-summation-accurate-to-full-p/,1,1,0.0
url,https://code.activestate.com/recipes/576707-long-period-random-number-generator/,1,1,0.0
url,https://code.activestate.com/recipes/577504-compute-memory-footprint-of-an-object-and-its-cont/,1,1,0.0
url,https://cwe.mitre.org/data/definitions/257.html,1,1,0.0
url,https://cx-freeze.readthedocs.io/en/latest/,1,1,0.0
url,https://cython.org/,1,1,0.0
url,https://datatracker.ietf.org/doc/html/rfc1123.html,1,1,0.0
url,https://datatracker.ietf.org/doc/html/rfc1521.html,1,1,0.0
url,https://datatracker.ietf.org/doc/html/rfc1808.html,1,1,0.0
url,https://datatracker.ietf.org/doc/html/rfc2045.html,1,1,0.0
url,https://datatracker.ietf.org/doc/html/rfc2047.html,1,1,0.0
url,https://datatracker.ietf.org/doc/html/rfc3056.html,1,1,0.0
url,https://datatracker.ietf.org/doc/html/rfc3454.html,1,1,0.0
url,https://datatracker.ietf.org/doc/html/rfc4180.html,1,1,0.0
url,https://datatracker.ietf.org/doc/html/rfc5246.html,1,1,0.0
url,https://datatracker.ietf.org/doc/html/rfc5280.html,1,2,0.0
url,https://datatracker.ietf.org/doc/html/rfc7693.html,1,1,0.0
url,https://datatracker.ietf.org/doc/html/rfc9562.html,1,1,0.0
url,https://datatracker.ietf.org/doc/html/rfc9562.html#section-5.6,1,1,0.0
