name,visitors
Île-de-France,1048
Auvergne-Rhône-Alpes,274
Nouvelle-Aquitaine,179
Occitanie,167
Hauts-de-France,147
Grand-Est,140
Provence-Alpes-Côte-d'Azur,132
Pays-de-la-Loire,130
Brittany,88
Centre-Val de Loire,73
Quebec,72
Normandie,66
Abidjan,54
Wallonia,51
Dakar,48
Tunis,45
Burgundy-Franche-Comté,44
Brussels,39
Oriental,32
Meknès-Tafilalet,32
Vaud,22
Centre,18
Littoral,15
Geneva,15
Centre,14
Taza-Al Hoceima-Taounate,13
Maritime,13
Rabat-Salé-Zemmour-Zaer,12
Ouémé,11
Kinshasa,11
California,10
Algiers,9
Estuaire,8
Bamako,8
Ariana,7
Flanders,6
England,6
South Holland,6
Nabeul,6
Ontario,5
Brazzaville,5
Zürich,5
Hesse,5
Sétif,5
Constantine,5
Madrid Autonomous Community,5
Ouest,5
North Holland,5
Mazovia,5
Gitega,4
Littoral,4
Capital District,4
Catalonia,4
Valencian Community,4
Conakry,4
Chaouia-Ouardigha,4
Sousse,4
Monastir,4
Alibori,3
Mono,3
Haut-Katanga,3
North Rhine-Westphalia,3
Oran,3
Lombardy,3
Gharb-Chrarda-Béni Hssen,3
Florida,3
Hauts-Bassins,2
Bern,2
Fribourg,2
Graubünden,2
St. Gallen,2
Valais,2
Antofagasta,2
Bavaria,2
Saxony,2
Laghouat,2
Béjaïa,2
M'Sila,2
Cairo,2
Ngounié,2
Kwai Tsing New Territories,2
Nord-Est,2
East Kalimantan,2
Maharashtra,2
Veneto,2
Kanagawa,2
Gyeonggi,2
Selangor,2
Bragança,2
Lisbon,2
Ben Arous,2
Zaghouan,2
Bizerte,2
New Jersey,2
Virginia,2
Buenos Aires Province,1
Vienna,1
New South Wales,1
Sofia,1
Alberta,1
North Kivu,1
Aargau,1
Beijing,1
Chongqing,1
Guangdong,1
Henan,1
Sichuan,1
Tianjin,1
Zhejiang,1
San José,1
Havana,1
Hamburg,1
Djibouti,1
Distrito Nacional,1
Chlef,1
Blida,1
Tébessa,1
Tiaret,1
Skikda,1
Mostaganem,1
Ouargla,1
Tissemsilt,1
Pichincha,1
Beheira,1
Gharbia,1
Corse,1
Attica,1
Tel Aviv,1
Madhya Pradesh,1
Tokyo,1
Nairobi County,1
Grande Comore,1
Seoul,1
Luxembourg,1
Riga,1
Tangier-Tétouan,1
Ciudad de Mexico,1
Jalisco,1
Kuala Lumpur,1
NC-S,1
Lagos,1
Oslo,1
PF-V,1
Metro Manila,1
Bicol,1
Calabarzon,1
Pomerania,1
Moscow,1
Yaroslavl,1
Eastern,1
Halland,1
Matam,1
Kara,1
Phuket,1
Manouba,1
Kef,1
Kairouan,1
Mahdia,1
Gafsa,1
San Juan-Laventille,1
Taipei,1
Colorado,1
Iowa,1
New York,1
South Carolina,1
Texas,1
Tashkent,1
Gauteng,1
