name,visitors
Istanbul,29
İzmir,8
Ankara,7
Singapore,7
Baku,5
Elazığ,3
N/A,3
Bursa,3
The Dalles,3
Nicosia,2
Manisa,2
Konya,2
Kayseri,2
Antalya,2
Odessa,2
Samsun,2
Hyderabad,2
Beijing,2
Perth,2
Fulham,2
Vienna,2
Mosbach,2
Berlin,2
Jouy-en-Josas,2
New York City,2
Çankaya,2
Amman,1
Kayapınar,1
Kahramanmaraş,1
Selçuklu,1
Gaziantep,1
Eskişehir,1
Diyarbakır,1
Oral,1
Tokat,1
Tekirdağ,1
Çorum,1
Almaty,1
Hanoi,1
Shenzhen,1
Shanghai,1
Luoyang,1
Dalian,1
Suzhou,1
Copenhagen,1
Watford,1
Leeds,1
Zoetermeer,1
Frankfurt am Main,1
Council Bluffs,1
Chicago,1
Denver,1
