name,visitors
Taipei,466
N/A,177
Taichung,124
Hsinchu,103
Kaohsiung,92
Taoyuan,48
Tainan,46
Zhongli,34
Zhubei,22
Hsinchu County,21
Chang-hua,18
Banqiao,14
Taoyuan City,13
Daan District,7
Sanchong,7
Neihu,7
Jinshan District,7
Guangzhou,7
Pingtung,6
Jiayi Shi,6
Yunlin,5
Miaoli,5
Jian Township,5
Hangzhou,5
Singapore,5
Linkou,4
Yilan,4
Hualien City,4
Xindian,4
Xizhi,4
Keelung,4
Shanghai,4
Hong Kong,4
Bade,3
Nantou,3
Hengchun,3
Zhengzhou,3
Wuhan,3
Macau,3
San Jose,3
Jeddah,2
Yongkang,2
Yuanlin,2
Toufen,2
Taitung,2
Beitou,2
Luzhou,2
Xinzhuang,2
Chiayi County,2
Bayan Lepas,2
Xi’an,2
Qingdao,2
Dalian,2
Changsha,2
Beijing,2
Baoding,2
New York City,2
Los Altos,2
Los Angeles,2
Pingzhen,2
East District,2
Nanqu,2
Taichung City,2
Riyadh,1
Medina,1
Kharkiv,1
Chiang Mai,1
Surat,1
Chennai,1
Hyderabad,1
Coimbatore,1
Tashkent,1
Almaty,1
Surabaya,1
Yangmei,1
Wenshan,1
Xinying,1
Shulin,1
Shoufeng,1
Sanxia,1
Puli,1
Nangang,1
Fengshan,1
Xitun,1
Kinmen County,1
Honghe,1
Xiamen,1
Wenzhou,1
Shijiazhuang,1
Shenzhen,1
Sanya,1
Nanning,1
Lanzhou,1
Jining,1
Jinan,1
Huizhou,1
Hefei,1
Guiyang,1
Chaohu,1
Tsim Sha Tsui,1
Tai Wai,1
Shek Kip Mei,1
Sham Tseng,1
San Po Kong,1
North Point,1
Ma On Shan Tsuen,1
Kowloon Tong,1
Kowloon City,1
Ha Kwai Chung,1
Yokohama,1
Tokyo,1
Shimada,1
Kobe,1
Harbin,1
Chifeng,1
Auckland,1
Algiers,1
Manchester,1
Kensington,1
Zuchwil,1
Harmelen,1
Berlin,1
Tarragona,1
Naples,1
Uberlândia,1
Miranda,1
Durham,1
Lafayette,1
Irvine,1
Santa Clara,1
Brampton,1
Mississauga,1
Oakville,1
Anping,1
Kowloon Bay,1
Kitazawa,1
Vaddangi,1
