name,unique_entrances,total_entrances,visit_duration
/ja/3/library/codecs.html,237,239,13
/ja/3/tutorial/,178,193,168
/ja/3/library/index.html,138,142,126
/ja/3/,100,110,285
/ja/3/c-api/import.html,85,85,13
/ja/3/library/stdtypes.html,53,58,114
/ja/3/library/functions.html,47,49,137
/ja/3/tutorial/controlflow.html,41,43,189
/ja/3/library/re.html,38,40,77
/ja/3/reference/introduction.html,36,36,9
/ja/3/library/tkinter.html,32,32,48
/ja/3/library/math.html,30,31,40
/ja/3.13/library/datetime.html,29,29,4
/ja/3/tutorial/index.html,29,31,104
/ja/3.13/library/functions.html,27,29,323
/ja/3/library/pathlib.html,26,27,86
/dev/using/windows.html,25,25,321
/ja/3/tutorial/interpreter.html,25,26,150
/ja/dev/library/unicodedata.html,25,25,0
/ja/3/library/argparse.html,24,27,29
/3/,23,24,512
/ja/3/tutorial/datastructures.html,23,23,311
/ja/3/search.html,22,23,319
/ja/3/tutorial/introduction.html,22,26,19
/ja/3/reference/index.html,21,21,311
/ja/3/tutorial/appetite.html,21,22,274
/ja/dev/library/uuid.html,21,21,0
/ja/3.13/library/logging.html,20,21,345
/ja/3.15/using/windows.html,20,21,167
/ja/3/library/datetime.html,20,20,0
/ja/3/library/venv.html,20,21,27
/ja/3/library/csv.html,19,20,182
/ja/3/library/hashlib.html,19,20,16
/ja/3/library/random.html,19,19,11
/ja/3/reference/datamodel.html,18,19,93
/ja/3.14/tutorial/index.html,17,17,178
/ja/3/library/json.html,17,17,0
/ja/3/tutorial/modules.html,17,18,272
/ja/3.13/library/index.html,16,17,1
/ja/3.13/library/random.html,16,16,0
/ja/3/tutorial/classes.html,16,16,155
/ja/3.13/library/re.html,15,15,1
/ja/3.13/library/stdtypes.html,15,15,122
/ja/3.14/library/i18n.html,15,15,0
/ja/3/library/string.html,15,15,238
/ja/3.13/library/io.html,14,14,578
/ja/3/howto/sorting.html,14,14,6
/ja/3/library/itertools.html,14,14,75
/ja/3/library/multiprocessing.html,14,14,159
/ja/3/using/ios.html,14,15,0
/ja/3.13/tutorial/index.html,13,14,93
/ja/3.14/,13,18,74
/ja/3/index.html,13,13,30
/ja/3/installing/index.html,13,13,1
/ja/3/library/asyncio.html,13,13,273
/ja/3/library/enum.html,13,13,208
/ja/3/library/typing.html,13,13,0
/ko/dev/c-api/marshal.html,13,13,157
/ja/3.13/glossary.html,12,13,750
/ja/3.14/library/uuid.html,12,12,0
/ja/3/library/,12,15,21
/ja/3/library/base64.html,12,12,0
/ja/3/library/logging.html,12,12,209
/ja/3.13/library/csv.html,11,11,1
/ja/3/library/os.html,11,11,243
/ja/3/library/sqlite3.html,11,11,38
/ja/3/library/time.html,11,11,5
/ja/3/library/xml.etree.elementtree.html,11,11,13
/ja/3/library/turtle.html,10,10,111
/ja/3.12/download.html,9,9,59
/ja/3.13/library/dataclasses.html,9,9,3
/ja/3.13/library/sys.html,9,9,1
/ja/3.13/library/threading.html,9,9,0
/ja/3.13/tutorial/classes.html,9,9,1
/ja/3/library/os.path.html,9,9,0
/ja/3/tutorial/errors.html,9,9,241
/ja/3.13/c-api/capsule.html,8,8,2
/ja/3.13/howto/sorting.html,8,8,390
/ja/3.13/library/logging.handlers.html,8,9,0
/ja/3.13/library/sqlite3.html,8,8,167
/ja/3.13/library/subprocess.html,8,8,0
/ja/3.13/library/venv.html,8,8,1
/ja/3.14/library/functions.html,8,9,227
/ja/3/bugs.html,8,8,19
/ja/3/glossary.html,8,8,122
/ja/3/library/exceptions.html,8,8,235
/ja/3/library/idle.html,8,8,8
/ja/3/library/threading.html,8,8,66
/ja/dev/howto/unicode.html,8,8,0
/ja/dev/library/hashlib.html,8,8,0
/ja/3.13/,7,7,404
/ja/3.13/library/json.html,7,7,0
/ja/3.13/library/pathlib.html,7,7,2
/ja/3.13/library/shutil.html,7,7,55
/ja/3.13/library/warnings.html,7,7,0
/ja/3.13/tutorial/,7,8,230
/ja/3.13/tutorial/controlflow.html,7,7,0
/ja/3.13/tutorial/errors.html,7,7,14
/ja/3.13/tutorial/inputoutput.html,7,8,55
/ja/3/extending/extending.html,7,7,0
/ja/3/howto/argparse.html,7,7,0
/ja/3/library/bisect.html,7,7,10
/ja/3/library/collections.html,7,7,123
/ja/3/library/copy.html,7,7,0
/ja/3/tutorial/inputoutput.html,7,7,21
/ja/dev/deprecations/index.html,7,7,0
/ja/3.13/index.html,6,6,227
/ja/3.13/library/argparse.html,6,6,316
/ja/3.13/library/concurrent.futures.html,6,6,0
/ja/3.13/library/exceptions.html,6,6,0
/ja/3.13/library/gettext.html,6,6,0
/ja/3.13/library/html.html,6,6,0
/ja/3.13/library/os.path.html,6,7,330
/ja/3.13/library/tempfile.html,6,6,14
/ja/3.13/library/tkinter.ttk.html,6,6,20
/ja/3.13/library/unicodedata.html,6,6,0
/ja/3.13/library/unittest.html,6,6,110
/ja/3.13/library/urllib.parse.html,6,6,5
/ja/3.13/tutorial/introduction.html,6,6,120
/ja/3.14/library/index.html,6,6,7
/ja/3/contents.html,6,6,507
/ja/3/library/ast.html,6,6,49
/ja/3/library/decimal.html,6,6,36
/ja/3/library/heapq.html,6,6,47
/ja/3/library/html.parser.html,6,6,809
/ja/3/library/queue.html,6,6,0
/ja/3/library/secrets.html,6,7,0
/ja/dev/genindex.html,6,6,0
/ja/3.12/index.html,5,5,1373
/ja/3.13/library/bisect.html,5,5,0
/ja/3.13/library/contextvars.html,5,5,162
/ja/3.13/library/functools.html,5,5,0
/ja/3.13/library/modules.html,5,5,0
/ja/3.13/library/queue.html,5,5,21
/ja/3.13/library/shelve.html,5,5,0
/ja/3.13/library/tkinter.html,5,5,2
/ja/3.13/library/zipfile.html,5,5,0
/ja/3.13/reference/expressions.html,5,5,0
/ja/3.13/reference/index.html,5,5,95
/ja/3.13/reference/lexical_analysis.html,5,5,0
/ja/3.14/tutorial/classes.html,5,5,0
/ja/3/howto/logging-cookbook.html,5,5,670
/ja/3/howto/regex.html,5,5,0
/ja/3/library/calendar.html,5,5,0
/ja/3/library/ctypes.html,5,5,0
/ja/3/library/email.generator.html,5,5,100
/ja/3/library/functools.html,5,5,0
/ja/3/library/glob.html,5,5,36
/ja/3/library/pprint.html,5,5,0
/ja/3/library/sys.html,5,5,1
/ja/3/library/unittest.html,5,5,1
/ja/3/using/android.html,5,5,0
/ja/dev/library/mmap.html,5,7,218
/3/tutorial/index.html,4,4,408
/ja/3.12/library/multiprocessing.shared_memory.html,4,5,401
/ja/3.12/using/windows.html,4,4,0
/ja/3.13/howto/enum.html,4,4,0
/ja/3.13/howto/sockets.html,4,4,0
/ja/3.13/library/__main__.html,4,4,0
/ja/3.13/library/ast.html,4,4,0
/ja/3.13/library/asyncio-task.html,4,4,0
/ja/3.13/library/code.html,4,4,0
/ja/3.13/library/configparser.html,4,5,304
/ja/3.13/library/difflib.html,4,5,118
/ja/3.13/library/doctest.html,4,4,0
/ja/3.13/library/hashlib.html,4,4,0
/ja/3.13/library/operator.html,4,4,0
/ja/3.13/library/tokenize.html,4,4,0
/ja/3.13/library/typing.html,4,4,0
/ja/3.13/reference/compound_stmts.html,4,4,38
/ja/3.13/reference/import.html,4,4,0
/ja/3.13/search.html,4,4,1221
/ja/3.13/using/windows.html,4,4,0
/ja/3.14/library/secrets.html,4,4,236
/ja/3.14/tutorial/,4,4,744
/ja/3.14/tutorial/controlflow.html,4,5,0
/ja/3.14/tutorial/introduction.html,4,4,85
/ja/3/c-api/dict.html,4,4,454
/ja/3/howto/enum.html,4,4,7
/ja/3/howto/logging.html,4,4,100
/ja/3/library/asyncio-task.html,4,4,162
/ja/3/library/curses.html,4,4,94
/ja/3/library/doctest.html,4,4,31
/ja/3/library/ftplib.html,4,4,0
/ja/3/library/intro.html,4,4,142
/ja/3/library/ipaddress.html,4,4,31
/ja/3/library/operator.html,4,4,0
/ja/3/library/shutil.html,4,4,415
/ja/3/library/subprocess.html,4,4,0
/ja/3/library/text.html,4,4,0
/ja/3/library/urllib.request.html,4,4,40
/ja/3/py-modindex.html,4,4,23
/ja/3/tutorial/stdlib.html,4,4,0
/ja/3/using/windows.html,4,4,40
/uk/dev/whatsnew/3.8.html,4,4,43
/ja/3.12/library/urllib.request.html,3,3,63
/ja/3.12/py-modindex.html,3,3,65
/ja/3.12/reference/index.html,3,3,182
/ja/3.13/extending/index.html,3,3,0
/ja/3.13/genindex.html,3,3,192
/ja/3.13/howto/logging.html,3,3,0
/ja/3.13/howto/unicode.html,3,3,491
/ja/3.13/library/asyncio-subprocess.html,3,3,195
/ja/3.13/library/codecs.html,3,3,0
/ja/3.13/library/contextlib.html,3,3,1
/ja/3.13/library/ctypes.html,3,3,2
/ja/3.13/library/dialog.html,3,3,0
/ja/3.13/library/email.header.html,3,3,0
/ja/3.13/library/fractions.html,3,3,0
/ja/3.13/library/ftplib.html,3,3,0
/ja/3.13/library/hmac.html,3,3,339
/ja/3.13/library/html.entities.html,3,3,0
/ja/3.13/library/http.cookiejar.html,3,3,0
/ja/3.13/library/http.html,3,3,0
/ja/3.13/library/modulefinder.html,3,3,0
/ja/3.13/library/multiprocessing.html,3,3,0
/ja/3.13/library/platform.html,3,3,572
/ja/3.13/library/string.html,3,3,0
/ja/3.13/library/sys_path_init.html,3,3,0
/ja/3.13/library/sysconfig.html,3,3,0
/ja/3.13/library/unittest.mock.html,3,3,0
/ja/3.13/library/unix.html,3,3,0
/ja/3.13/library/urllib.error.html,3,3,0
/ja/3.13/library/wsgiref.html,3,3,0
/ja/3.13/library/xml.dom.pulldom.html,3,3,0
/ja/3.13/library/zlib.html,3,3,422
/ja/3.13/reference/grammar.html,3,3,163
/ja/3.13/tutorial/appetite.html,3,3,733
/ja/3.14/index.html,3,4,860
/ja/3.14/library/tkinter.ttk.html,3,3,261
/ja/3.14/reference/index.html,3,3,9
/ja/3.14/tutorial/interpreter.html,3,3,126
/ja/3.14/tutorial/stdlib.html,3,3,322
/ja/3.14/using/windows.html,3,3,0
/ja/3/download.html,3,3,67
/ja/3/faq/installed.html,3,3,0
/ja/3/howto/sockets.html,3,3,80
/ja/3/library/cmath.html,3,3,0
/ja/3/library/concurrent.futures.html,3,3,3
/ja/3/library/configparser.html,3,3,0
/ja/3/library/difflib.html,3,3,68
/ja/3/library/inspect.html,3,3,0
/ja/3/library/io.html,3,3,0
/ja/3/library/removed.html,3,3,0
/ja/3/library/socket.html,3,3,1146
/ja/3/library/tempfile.html,3,3,0
/ja/3/library/tk.html,3,3,88
/ja/3/library/trace.html,3,3,207
/ja/3/library/traceback.html,3,3,6
/ja/3/library/wave.html,3,3,901
/ja/3/library/webbrowser.html,3,3,0
/ja/3/reference/compound_stmts.html,3,3,3
/ja/3/reference/expressions.html,3,3,234
/ja/3/reference/lexical_analysis.html,3,4,0
/ja/3/tutorial/venv.html,3,3,0
/ja/3/whatsnew/3.11.html,3,10,348
/ja/3/whatsnew/index.html,3,3,254
/ja/dev/genindex-E.html,3,3,0
/ja/dev/library/tkinter.html,3,3,18
/3.13/,2,2,20
/3.14/,2,2,88
/3/index.html,2,2,591
/3/library/dataclasses.html,2,2,28
/3/library/multiprocessing.shared_memory.html,2,2,720
/3/library/typing.html,2,3,559
/3/py-modindex.html,2,2,323
/3/tutorial/,2,2,556
/3/whatsnew/3.14.html,2,2,1306
/ja/3.12/genindex-D.html,2,2,0
/ja/3.12/genindex-F.html,2,2,0
/ja/3.12/genindex-_.html,2,2,0
/ja/3.12/howto/curses.html,2,2,0
/ja/3.12/installing/index.html,2,2,850
/ja/3.12/library/email.compat32-message.html,2,2,0
/ja/3.12/library/inspect.html,2,2,0
/ja/3.12/library/logging.handlers.html,2,2,0
/ja/3.12/library/tkinter.ttk.html,2,2,114
/ja/3.12/library/xml.dom.html,2,2,0
/ja/3.12/reference/executionmodel.html,2,2,0
/ja/3.12/reference/lexical_analysis.html,2,2,0
/ja/3.12/tutorial/appetite.html,2,2,0
/ja/3.12/tutorial/classes.html,2,2,0
/ja/3.12/tutorial/index.html,2,2,0
/ja/3.12/tutorial/stdlib.html,2,2,0
/ja/3.12/whatsnew/3.12.html,2,2,432
/ja/3.12/whatsnew/3.9.html,2,2,0
/ja/3.12/whatsnew/index.html,2,2,0
/ja/3.13/bugs.html,2,2,0
/ja/3.13/c-api/arg.html,2,4,12
/ja/3.13/c-api/buffer.html,2,2,0
/ja/3.13/c-api/cell.html,2,2,0
/ja/3.13/c-api/structures.html,2,2,0
/ja/3.13/extending/extending.html,2,2,40
/ja/3.13/genindex-all.html,2,2,0
/ja/3.13/genindex-環.html,2,2,538
/ja/3.13/library/asyncio-eventloop.html,2,2,0
/ja/3.13/library/asyncio-queue.html,2,2,0
/ja/3.13/library/asyncio-sync.html,2,2,0
/ja/3.13/library/audit_events.html,2,2,0
/ja/3.13/library/binary.html,2,2,0
