name,visitors
Chrome,52990
Microsoft Edge,10265
Safari,9186
Firefox,8015
Mobile App,1716
Yandex Browser,1701
Opera,1216
Samsung Browser,277
UC Browser,189
vivo Browser,144
Huawei Browser Mobile,138
MIUI Browser,107
Quark,92
Smart Lenovo Browser,86
QQ Browser,84
Brave,69
(not set),54
Avast Secure Browser,36
Whale Browser,27
SberBrowser,25
QtWebEngine,22
Sogou Explorer,20
Opera GX,13
Opera Touch,13
Huawei Browser,12
Ecosia,10
Norton Private Browser,10
AVG Secure Browser,9
Mobile Silk,9
AdBlock Browser,8
Chromium,7
Pale Moon,5
Android Browser,4
JioSphere,4
Notion,4
Oculus Browser,4
Aloha Browser,3
Avira Secure Browser,3
Iron,3
360 Secure Browser,2
DuckDuckGo Privacy Browser,2
Phoenix Browser,2
Qwant Mobile,2
Soul Browser,2
115 Browser,1
Basilisk,1
CCleaner,1
Falkon,1
Hi Browser,1
Kindle Browser,1
Lenovo Browser,1
Light,1
Meizu Browser,1
Oppo Browser,1
Raspbian Chromium,1
SeaMonkey,1
Sogou Mobile Browser,1
Tizen Browser,1
UBrowser,1
Yahoo! Japan Browser,1
YouCare,1
