name,visitors
California,3309
England,3229
Maharashtra,1683
Karnataka,1471
Texas,1259
Tamil Nadu,1202
New York,1189
Moscow,1161
Telangāna,1064
Ontario,1016
Delhi,899
Tel Aviv,898
Île-de-France,865
São Paulo,851
Washington,833
Bavaria,766
Tokyo,758
North Rhine-Westphalia,709
Virginia,661
Florida,631
North Holland,627
Hesse,622
Uttar Pradesh,620
New South Wales,617
Illinois,615
Guangdong,593
West Bengal,578
New Jersey,576
Massachusetts,563
Mazovia,523
Baden-Württemberg,495
Victoria,464
Kerala,412
Maryland,411
Pennsylvania,409
Colorado,403
Georgia,401
Saint Petersburg,400
Ho Chi Minh City,391
North Carolina,389
Gujarat,388
Shanghai,381
Berlin,380
Punjab,370
Beijing,369
Quebec,358
British Columbia,353
Lombardy,332
Istanbul,330
Madrid Autonomous Community,324
Cairo,318
Rajasthan,308
Buenos Aires Province,307
Bangkok,307
Zürich,306
Central,297
Oregon,296
Metro Manila,294
Seoul,293
Rio de Janeiro,284
Vienna,276
Taipei,272
Zhejiang,271
South Holland,269
Stockholm,259
Ohio,256
Jiangsu,254
Jakarta,254
Kyiv,245
Michigan,245
Prague,244
Lower Saxony,241
Catalonia,232
Minas Gerais,231
Flanders,227
Madhya Pradesh,227
Nairobi County,226
Province 3,226
Queensland,225
Bihar,223
Arizona,222
Uusimaa,221
Minnesota,221
Ciudad de Mexico,220
Hanoi,220
Auckland,219
Santiago Metropolitan,214
Sichuan,213
Leinster,207
Gyeonggi,207
Moscow Province,207
Alberta,200
Scotland,199
Haryana,197
Gauteng,197
Attica,195
Budapest,190
Shandong,187
Missouri,186
Dhaka Division,185
Andhra Pradesh,180
Auvergne-Rhône-Alpes,178
Western,175
Kuala Lumpur,174
Lazio,173
Indiana,171
Sindh,170
Lesser Poland,167
Saxony,165
Lima,161
Krasnodar Krai,160
Lagos,158
Riyadh,152
Punjab,151
Kanagawa,149
Osaka,149
Capital District,146
Paraná,145
Hubei,144
Dubai,143
Hamburg,142
Capital Region,142
Greater Poland,140
Bucharest,139
Utah,139
Western Australia,136
Jerusalem,136
Tennessee,136
Wisconsin,136
Beograd,135
Minsk,134
Rhineland-Palatinate,133
Greater Accra,129
Iowa,129
New Taipei,128
Shaanxi,126
Odisha,124
Connecticut,122
Santa Catarina,120
Sverdlovsk,120
Tashkent,118
Provence-Alpes-Côte-d'Azur,117
Selangor,117
Lisbon,116
Andalusia,114
Rio Grande do Sul,113
Wales,113
Oslo,112
Henan,111
Occitanie,111
Novosibirsk,111
Federal District,109
Nizhny Novgorod,109
West Java,108
Brussels,107
Uttarākhand,107
Lower Silesia,107
Ankara,107
Utrecht,106
South Carolina,105
Valencian Community,104
Kansas,104
Emilia-Romagna,103
Rostov,101
Antioquia,100
Addis Ababa,100
Assam,100
Silesia,100
Makkah,100
Western Cape,100
Ceará,99
Washington DC,99
North Brabant,98
Sofia,96
Amman,96
Nevada,95
Hunan,94
Hauts-de-France,93
East Java,93
Saitama,93
Porto,93
Riga,92
Taichung,92
Fujian,91
Hormozgan,91
Mexico State,91
Alabama,91
Veneto,90
Lvivshchyna,90
Chiba,89
Schleswig-Holstein,88
Tbilisi,88
Bashkortostan,88
Meknès-Tafilalet,87
South Australia,86
Wallonia,86
Nouvelle-Aquitaine,84
Pernambuco,83
Aichi,83
Samara,83
Västra Götaland,83
Baku,82
Haifa,82
Calabarzon,80
Bahia,79
South Moravia,79
Jalisco,79
Campania,78
Łódź,78
Piedmont,77
Chelyabinsk,77
Anhui,76
Vilnius County,76
Voronezh,76
Taoyuan,76
Islamabad,74
Kentucky,74
Abu Dhabi,72
Grand-Est,72
Chandigarh,72
New Mexico,71
Oklahoma,71
Arkansas,70
Louisiana,70
Yerevan,69
Central Java,69
Jharkhand,69
Almaty City,69
Federal Capital Territory,69
Brittany,68
Eastern,68
Skåne,67
Vaud,64
Gelderland,64
Pomerania,64
Tatarstan,64
San José,63
Oriental,62
Dnipropetrovshchyna,62
Oyo,61
Hebei,60
Alexandria,60
Incheon,58
Central Denmark,57
Galicia,57
Tuscany,57
Córdoba,56
Aargau,56
Zagreb,56
Hokkaido,56
Bratislava,56
Montevideo,56
Tianjin,55
Phnom Penh,55
Nuevo León,55
Australian Capital Territory,54
Goiás,53
Tunis,53
Guangxi,52
Giza,52
Pays-de-la-Loire,52
New Hampshire,52
Central Macedonia,50
Brandenburg,49
Harjumaa,49
Pichincha,48
Fukuoka,48
Yaroslavl,48
Thuringia,47
Doha,47
Jiangxi,46
Normandie,46
Saratov,46
Volgograd,46
Odeshchyna,46
Central,46
Baghdad,45
Baja California,45
Hsinchu County,45
Distrito Nacional,44
Northern Ireland,44
Kyoto,44
Busan,44
Buenos Aires,43
Algiers,43
Southern,43
Guanajuato,43
Central Luzon,43
Liaoning,42
Chhattīsgarh,42
Rabat-Salé-Zemmour-Zaer,42
Puebla,42
Panamá,42
Chongqing,41
Wellington,41
Kaohsiung,41
Santa Fe,40
Espírito Santo,40
Querétaro,40
Canterbury,40
