name,unique_entrances,total_entrances,visit_duration
/pt-br/3/,91,93,347
/pt-br/3/tutorial/index.html,76,80,269
/3/,74,75,846
/pt-br/3/library/venv.html,66,66,58
/pt-br/3/library/tkinter.html,59,61,83
/pt-br/3/library/functions.html,45,49,277
/pt-br/3/tutorial/,37,37,360
/pt-br/3/library/stdtypes.html,31,31,191
/pt-br/3/tutorial/datastructures.html,31,34,106
/pt-br/3.13/library/math.html,30,31,129
/pt-br/3/tutorial/controlflow.html,29,32,59
/pt-br/3.13/tutorial/index.html,26,27,144
/pt-br/3/library/math.html,26,26,105
/pt-br/3/library/random.html,25,25,58
/pt-br/3/tutorial/inputoutput.html,25,25,36
/pt-br/3.13/library/index.html,23,25,447
/pt-br/3/library/,23,23,42
/pt-br/3/tutorial/classes.html,23,23,43
/pt-br/3.13/,22,22,479
/pt-br/3.13/library/functions.html,22,26,55
/pt-br/3/library/string.html,21,21,17
/pt-br/dev/library/venv.html,21,21,9
/pt-br/3/tutorial/appetite.html,19,19,439
/pt-br/3/tutorial/errors.html,19,19,1
/pt-br/3/tutorial/interpreter.html,18,19,9
/pt-br/3.13/search.html,14,14,43
/pt-br/3.13/tutorial/introduction.html,14,16,85
/pt-br/3/library/statistics.html,14,14,0
/pt-br/3/tutorial/introduction.html,14,14,72
/pt-br/3/search.html,13,14,400
/pt-br/3.13/tutorial/datastructures.html,12,13,149
/pt-br/3/faq/windows.html,12,12,3
/pt-br/3/tutorial/modules.html,12,12,121
/3/library/venv.html,11,11,148
/pt-br/3.13/library/random.html,11,14,472
/pt-br/3/library/tk.html,11,12,379
/pt-br/3/using/cmdline.html,11,11,6
/3.13/tutorial/index.html,10,10,303
/pt-br/3.13/library/turtle.html,10,10,12
/pt-br/3/library/__main__.html,10,10,40
/pt-br/3.13/tutorial/controlflow.html,9,9,30
/pt-br/3.13/tutorial/interpreter.html,9,9,10
/pt-br/3/library/datetime.html,9,11,0
/pt-br/3/library/index.html,9,9,78
/pt-br/dev/howto/sorting.html,9,10,35
/pt-br/dev/library/functions.html,9,9,174
/3/library/turtle.html,8,8,874
/3/tutorial/index.html,7,7,204
/pt-br/3/howto/logging.html,7,8,34
/pt-br/3/howto/sorting.html,7,7,249
/pt-br/3/library/exceptions.html,7,7,2
/pt-br/3/using/windows.html,7,8,170
/3/library/functions.html,6,6,1058
/3/library/index.html,6,6,1175
/3/search.html,6,6,474
/pt-br/3.13/tutorial/classes.html,6,6,0
/pt-br/3/glossary.html,6,6,95
/pt-br/3/library/json.html,6,6,0
/pt-br/3/library/os.html,6,6,0
/pt-br/dev/reference/import.html,6,6,8
/pt-br/dev/tutorial/datastructures.html,6,6,220
/3/library/tkinter.html,5,5,202
/pt-br/3.13/library/csv.html,5,5,19
/pt-br/3.13/library/stdtypes.html,5,9,672
/pt-br/3.13/library/venv.html,5,5,88
/pt-br/3/contents.html,5,5,58
/pt-br/3/library/copy.html,5,5,0
/pt-br/3/library/shutil.html,5,5,31
/pt-br/3/library/turtle.html,5,5,149
/pt-br/3/py-modindex.html,5,6,50
/pt-br/3/reference/datamodel.html,5,5,405
/pt-br/3/reference/index.html,5,5,129
/pt-br/3/whatsnew/index.html,5,5,18
/3.13/,4,4,376
/3.13/tutorial/,4,4,355
/3.13/using/windows.html,4,4,36
/3/library/math.html,4,4,2078
/pt-br/3.13/faq/windows.html,4,4,47
/pt-br/3.13/glossary.html,4,4,0
/pt-br/3.13/howto/sorting.html,4,4,0
/pt-br/3.13/installing/index.html,4,4,0
/pt-br/3.13/library/datetime.html,4,7,0
/pt-br/3.13/library/exceptions.html,4,4,0
/pt-br/3.13/py-modindex.html,4,4,32
/pt-br/3.13/tutorial/,4,4,10
/pt-br/3.13/tutorial/errors.html,4,4,0
/pt-br/3/library/re.html,4,4,160
/pt-br/3/library/subprocess.html,4,4,0
/pt-br/3/library/unittest.html,4,4,0
/pt-br/3/using/android.html,4,5,7
/pt-br/3/using/mac.html,4,4,0
/pt-br/3/whatsnew/3.13.html,4,4,0
/3/library/functools.html,3,3,7
/3/library/logging.html,3,3,340
/3/tutorial/inputoutput.html,3,3,890
/pt-br/3.13/library/intro.html,3,3,1645
/pt-br/3.13/library/logging.html,3,4,2400
/pt-br/3.13/library/statistics.html,3,3,0
/pt-br/3.13/tutorial/inputoutput.html,3,3,26
/pt-br/3/faq/general.html,3,5,22
/pt-br/3/library/asyncio.html,3,3,65
/pt-br/3/library/sys.html,3,3,0
/pt-br/3/library/typing.html,3,3,145
/pt-br/3/library/zipfile.html,3,3,596
/pt-br/3/reference/introduction.html,3,3,60
/pt-br/3/tutorial/stdlib2.html,3,3,0
/pt-br/3/tutorial/venv.html,3,3,0
/3.13/library/index.html,2,2,1048
/3/c-api/memory.html,2,2,2260
/3/library/__main__.html,2,2,138
/3/library/datetime.html,2,2,195
/3/library/idle.html,2,2,20
/3/library/json.html,2,2,798
/3/library/os.html,2,2,4184
/3/library/queue.html,2,2,2001
/3/library/random.html,2,2,4
/3/library/stdtypes.html,2,2,492
/3/reference/index.html,2,2,144
/pt-br/3.12/search.html,2,2,570
/pt-br/3.13/extending/index.html,2,2,1
/pt-br/3.13/howto/functional.html,2,2,0
/pt-br/3.13/library/idle.html,2,2,0
/pt-br/3.13/library/numeric.html,2,2,2
/pt-br/3.13/library/os.html,2,2,1096
/pt-br/3.13/library/time.html,2,2,278
/pt-br/3.13/library/tkinter.html,2,2,0
/pt-br/3.13/library/unittest.mock-examples.html,2,3,0
/pt-br/3.13/reference/index.html,2,2,38
/pt-br/3.13/tutorial/appetite.html,2,2,16
/pt-br/3.13/tutorial/modules.html,2,2,0
/pt-br/3.13/using/windows.html,2,2,0
/pt-br/3.13/whatsnew/3.13.html,2,2,39
/pt-br/3.14/tutorial/introduction.html,2,2,0
/pt-br/3.14/whatsnew/3.14.html,2,2,58
/pt-br/3/c-api/bool.html,2,2,0
/pt-br/3/howto/functional.html,2,2,0
/pt-br/3/howto/regex.html,2,2,0
/pt-br/3/index.html,2,2,24
/pt-br/3/library/abc.html,2,2,0
/pt-br/3/library/dataclasses.html,2,2,4
/pt-br/3/library/glob.html,2,2,0
/pt-br/3/library/http.html,2,2,0
/pt-br/3/library/intro.html,2,2,5948
/pt-br/3/library/language.html,2,2,0
/pt-br/3/library/numeric.html,2,2,0
/pt-br/3/library/pdb.html,2,2,0
/pt-br/3/library/pickle.html,2,2,34
/pt-br/3/library/threading.html,2,2,0
/pt-br/3/library/warnings.html,2,2,0
/pt-br/3/reference/expressions.html,2,2,58
/pt-br/3/reference/lexical_analysis.html,2,2,0
/pt-br/3/tutorial/floatingpoint.html,2,2,79
/pt-br/3/using/index.html,2,2,0
/pt-br/dev/contents.html,2,3,0
/pt-br/dev/faq/general.html,2,2,0
/pt-br/dev/howto/curses.html,2,2,128
/pt-br/dev/howto/regex.html,2,2,2774
/pt-br/dev/howto/sockets.html,2,2,274
/pt-br/dev/library/calendar.html,2,2,0
/pt-br/dev/library/doctest.html,2,2,0
/pt-br/dev/library/ipaddress.html,2,2,0
/pt-br/dev/library/statistics.html,2,2,0
/pt-br/dev/library/subprocess.html,2,2,0
/pt-br/dev/library/tkinter.html,2,3,3
/pt-br/dev/whatsnew/3.13.html,2,2,0
/3.12/library/index.html,1,1,3000
/3.12/library/tkinter.html,1,1,1444
/3.13/download.html,1,1,10
/3.13/genindex.html,1,1,295
/3.13/index.html,1,1,404
/3.13/tutorial/appetite.html,1,1,16
/3.13/tutorial/introduction.html,1,1,91
/3.14/library/tkinter.html,1,1,2089
/3/extending/newtypes.html,1,1,2482
/3/extending/newtypes_tutorial.html,1,1,2613
/3/faq/,1,1,2728
/3/glossary.html,1,1,15
/3/howto/curses.html,1,1,589
/3/installing/index.html,1,1,0
/3/library/asyncio-dev.html,1,1,267
/3/library/collections.html,1,1,6073
/3/library/concurrent.futures.html,1,1,1700
/3/library/dataclasses.html,1,1,3
/3/library/dialog.html,1,1,62
/3/library/difflib.html,1,1,73
/3/library/exceptions.html,1,1,738
/3/library/http.server.html,1,1,284
/3/library/importlib.html,1,1,0
/3/library/itertools.html,1,1,3867
/3/library/pathlib.html,1,1,636
/3/library/posix.html,1,1,872
/3/library/pprint.html,1,1,0
/3/library/secrets.html,1,1,0
/3/library/site.html,1,1,247
/3/library/string.html,1,1,548
/3/library/time.html,1,1,13
/3/library/tk.html,1,1,0
/3/library/tkinter.messagebox.html,1,1,563
/3/library/tkinter.ttk.html,1,1,804
/3/library/unicodedata.html,1,1,22
/3/library/unittest.html,1,1,38
/3/library/unittest.mock-examples.html,1,1,67
/3/library/urllib.html,1,1,653
/3/library/urllib.request.html,1,1,349
/3/library/webbrowser.html,1,1,380
/3/library/xmlrpc.server.html,1,1,20
/3/reference/compound_stmts.html,1,1,4837
/3/reference/lexical_analysis.html,1,1,557
/3/tutorial/,1,1,395
/3/tutorial/appetite.html,1,1,303
/3/tutorial/classes.html,1,1,974
/3/tutorial/controlflow.html,1,1,1304
/3/tutorial/datastructures.html,1,1,6
/3/tutorial/errors.html,1,1,20
/3/tutorial/introduction.html,1,1,112
/3/using/index.html,1,1,1011
/3/using/windows.html,1,1,16
/3/whatsnew/3.13.html,1,1,854
/fr/3.13/tutorial/index.html,1,1,92
/pt-br/3.12/howto/regex.html,1,1,0
/pt-br/3.12/library/array.html,1,1,2635
/pt-br/3.12/library/datetime.html,1,1,0
/pt-br/3.12/library/shutil.html,1,1,0
/pt-br/3.12/library/tkinter.html,1,1,0
/pt-br/3.12/tutorial/controlflow.html,1,1,77
/pt-br/3.12/tutorial/index.html,1,1,24
/pt-br/3.12/using/windows.html,1,1,0
/pt-br/3.13/c-api/memory.html,1,1,1943
/pt-br/3.13/contents.html,1,1,108
/pt-br/3.13/faq/general.html,1,1,1124
/pt-br/3.13/howto/logging-cookbook.html,1,1,297
/pt-br/3.13/howto/sockets.html,1,1,0
/pt-br/3.13/library/,1,1,4
/pt-br/3.13/library/__main__.html,1,1,431
/pt-br/3.13/library/argparse.html,1,1,0
/pt-br/3.13/library/array.html,1,1,0
/pt-br/3.13/library/asyncio-queue.html,1,1,0
/pt-br/3.13/library/bisect.html,1,1,0
/pt-br/3.13/library/compileall.html,1,1,138
/pt-br/3.13/library/copy.html,1,1,0
/pt-br/3.13/library/decimal.html,1,1,0
/pt-br/3.13/library/functools.html,1,1,142
/pt-br/3.13/library/http.server.html,1,1,1402
/pt-br/3.13/library/internet.html,1,1,0
/pt-br/3.13/library/operator.html,1,1,0
/pt-br/3.13/library/os.path.html,1,1,0
/pt-br/3.13/library/pathlib.html,1,1,2
/pt-br/3.13/library/sched.html,1,1,35
/pt-br/3.13/library/string.html,1,1,0
/pt-br/3.13/library/tk.html,1,1,6
/pt-br/3.13/library/tkinter.messagebox.html,1,1,0
/pt-br/3.13/library/unicodedata.html,1,1,5
/pt-br/3.13/library/unittest.html,1,1,0
/pt-br/3.13/library/unittest.mock.html,1,1,0
/pt-br/3.13/library/urllib.html,1,1,332
/pt-br/3.13/library/urllib.parse.html,1,1,165
/pt-br/3.13/library/wave.html,1,1,0
/pt-br/3.13/library/xml.sax.handler.html,1,1,0
/pt-br/3.13/library/zipfile.html,1,1,0
/pt-br/3.13/library/zipimport.html,1,1,8060
/pt-br/3.13/reference/executionmodel.html,1,1,0
/pt-br/3.13/reference/expressions.html,1,1,0
/pt-br/3.13/reference/lexical_analysis.html,1,1,0
/pt-br/3.13/tutorial/venv.html,1,2,0
/pt-br/3.13/using/cmdline.html,1,1,0
/pt-br/3.13/using/index.html,1,1,0
/pt-br/3.13/whatsnew/3.4.html,1,1,0
/pt-br/3.14/library/constants.html,1,1,0
/pt-br/3.14/library/functions.html,1,1,4
/pt-br/3.14/library/math.html,1,1,0
/pt-br/3.14/library/typing.html,1,1,0
/pt-br/3.14/tutorial/interpreter.html,1,1,0
/pt-br/3.15/library/index.html,1,1,176
/pt-br/3.15/tutorial/index.html,1,1,73
/pt-br/3.15/whatsnew/3.11.html,1,1,24
/pt-br/3/c-api/buffer.html,1,1,64
/pt-br/3/c-api/function.html,1,1,0
/pt-br/3/c-api/index.html,1,1,17
/pt-br/3/c-api/none.html,1,1,0
/pt-br/3/faq/index.html,1,1,0
/pt-br/3/genindex-A.html,1,1,0
/pt-br/3/genindex.html,1,1,0
/pt-br/3/howto/argparse.html,1,1,0
/pt-br/3/howto/enum.html,1,1,0
/pt-br/3/howto/sockets.html,1,1,0
/pt-br/3/installing/index.html,1,1,0
/pt-br/3/library/argparse.html,1,1,0
/pt-br/3/library/array.html,1,1,0
/pt-br/3/library/asyncio-stream.html,1,1,140
/pt-br/3/library/cmdline.html,1,1,0
/pt-br/3/library/contextvars.html,1,1,1029
/pt-br/3/library/crypto.html,1,1,0
/pt-br/3/library/ctypes.html,1,1,12
/pt-br/3/library/email.mime.html,1,1,0
/pt-br/3/library/filesys.html,1,1,0
/pt-br/3/library/html.html,1,1,18
/pt-br/3/library/http.server.html,1,1,0
/pt-br/3/library/internet.html,1,1,0
/pt-br/3/library/itertools.html,1,1,3689
/pt-br/3/library/keyword.html,1,1,0
