name,visitors
London,180
Paris,166
New York City,163
Singapore,132
Frankfurt am Main,132
Chennai,129
Bengaluru,122
Los Angeles,121
Mumbai,115
Hyderabad,110
Tokyo,110
Moscow,108
Munich,108
Amsterdam,107
Ashburn,106
Toronto,99
San Jose,91
Chicago,87
Sydney,84
Beijing,78
Berlin,76
Madrid,73
Zürich,71
Hong Kong,70
Denver,66
Warsaw,65
Pune,65
São Paulo,63
Atlanta,63
Seattle,55
Vienna,53
Milan,53
Manchester,52
Helsinki,51
Colorado Springs,51
Stockholm,50
Istanbul,49
New Delhi,49
Melbourne,49
Reston,48
Shenzhen,47
Montréal,47
San Francisco,45
Prague,43
Tel Aviv,41
Kolkata,40
Budapest,40
Rome,40
Boston,39
Bangkok,38
Taipei,38
Houston,38
Saint Petersburg,37
Austin,36
Delhi,35
Guangzhou,35
Dublin,35
Jakarta,34
Shanghai,34
Cairo,31
Hanoi,31
Stuttgart,31
Oslo,31
Nairobi,30
Düsseldorf,30
Ho Chi Minh City,29
Brussels,28
Köln,28
Barcelona,28
Vancouver,28
Hamburg,27
Columbus,27
Dallas,27
Hangzhou,26
Copenhagen,26
Marseille,26
Brisbane,25
Bogotá,25
Rio de Janeiro,24
Santiago,24
Belgrade,23
Perth,23
Miami,22
Johannesburg,21
Cambridge,21
Zagreb,21
Brooklyn,21
Santa Clara,21
Bucharest,20
Kuala Lumpur,20
Göteborg,20
Kyiv,19
Lagos,19
Philadelphia,19
San Diego,19
Calgary,19
Riyadh,18
Dubai,18
Jaipur,18
Gurgaon,18
Phnom Penh,18
Osaka,18
Poznań,18
Kraków,18
St. Louis,18
Portland,18
Athens,17
City of Westminster,17
Turin,17
Curitiba,17
Las Vegas,17
Boardman,17
Tehran,16
Lahore,16
Vadodara,16
Seoul,16
Lisbon,16
Toulouse,16
Riga,15
Coimbatore,15
Ahmedabad,15
Chengdu,15
Casablanca,15
Leipzig,15
Lyon,15
Bratislava,15
Ottawa,15
Vilnius,14
Patna,14
Manila,14
Birmingham,14
Rotterdam,14
Bologna,14
Orlando,14
Ankara,13
Minsk,13
Colombo,13
Auckland,13
Edinburgh,13
Nürnberg,13
Karlsruhe,13
Wrocław,13
Brasília,13
Severn,13
Cambridge,13
Minneapolis,13
Pittsburgh,13
Dhaka,12
Salem,12
Bhubaneshwar,12
Tashkent,12
Almaty,12
Marrakesh,12
Islington,12
Porto,12
Utrecht,12
Heidelberg,12
Bremen,12
Recife,12
Porto Alegre,12
Campinas,12
San Antonio,12
Salt Lake City,12
Noida,12
N/A,12
Alexandria,11
Bandung,11
Taichung,11
Quezon City,11
Algiers,11
Lausanne,11
Bern,11
Oldenburg,11
Mexico City,11
Washington,11
Baltimore,11
Edmonton,11
Dammam,10
Addis Ababa,10
Tallinn,10
Karachi,10
Surat,10
Nagpur,10
Yekaterinburg,10
Taoyuan,10
Nanjing,10
Dakar,10
Hannover,10
Havana,10
Raleigh,10
Jeddah,9
Ufa,9
Rostov-na-Donu,9
Rzeszów,9
Ranchi,9
Indore,9
Guwahati,9
Cochin,9
Kathmandu,9
Bekasi,9
Tainan,9
Xi’an,9
Wuhan,9
N/A,9
Slough,9
Glasgow,9
Basel,9
Delft,9
Dresden,9
Villeurbanne,9
Gdańsk,9
Cincinnati,9
Alexandria,9
Washington,9
Council Bluffs,9
Omaha,9
Queens,9
Phoenix,9
Irvine,9
N/A,9
Doha,8
Abu Dhabi,8
İzmir,8
Yerevan,8
Sofia,8
Pātan,8
N/A,8
Adelaide,8
Tunis,8
Oxford,8
Cardiff,8
Bristol,8
Belfast,8
Mannheim,8
Falkenstein,8
Montpellier,8
Lille,8
Brno,8
Cape Town,8
Buenos Aires,8
Medellín,8
Indianapolis,8
New Orleans,8
Kansas City,8
Des Moines,8
Fanwood,8
Madison,8
Chandler,8
Sunnyvale,8
Surrey,8
Yaroslavl,7
Tbilisi,7
Vijayawada,7
Chelyabinsk,7
Zhengzhou,7
N/A,7
Cheongju-si,7
Anyang-si,7
Accra,7
Odense,7
Århus,7
Leicester,7
Croydon,7
Stein am Rhein,7
Solna,7
Lund,7
The Hague,7
Groningen,7
Antwerpen,7
Potsdam,7
Göppingen,7
Dortmund,7
Darmstadt,7
Bonn,7
Dijon,7
Asnières-sur-Seine,7
Trondheim,7
Fortaleza,7
Guayaquil,7
Manaus,7
Huntsville,7
Tampa,7
Columbia,7
Fort Worth,7
Richardson,7
Urbana,7
Amherst,7
Worcester,7
Ann Arbor,7
Milwaukee,7
Redmond,7
Mississauga,7
Benito Juárez,7
N/A,7
Jerusalem,6
Kazan,6
Kaluga,6
Izhevsk,6
Dnipro,6
Thessaloníki,6
