name,visitors,bounce_rate,visit_duration
Direct / None,1130,67,188
Google,523,68,434
python.org,187,53,257
Bing,54,45,242
pythoninsider.blogspot.com,35,64,82
Baidu,31,76,273
chatgpt.com,24,0,474
GitHub,13,27,464
DuckDuckGo,11,14,77
Yandex,10,100,390
codecademy.cn,6,0,138
Reddit,4,0,816
Shenma,4,100,0
Yahoo!,4,50,430
Microsoft Teams,3,100,533
cs50.harvard.edu,3,0,1935
doubao.com,3,0,122
Ecosia,2,0,80
Twitter,2,100,0
docs.qq.com,2,100,0
link.csdn.net,2,0,380
peps.python.org,2,100,0
python.p2hp.com,2,0,80
wiki.python.org,2,0,818
LinkedIn,1,0,349
Qwant,1,0,2063
Youtube,1,0,1
bbgithub.dev.bloomberg.com,1,100,0
blog.python.org,1,100,0
blog.reverberate.org,1,100,0
bsc-iitm.github.io,1,0,1261
canvas.auckland.ac.nz,1,0,21
chat.baidu.com,1,0,34
chat.unillm.top,1,0,270
codecademy.com,1,0,82
confluence.ecmwf.int,1,0,1296
confluence.sie.sony.com,1,0,1054
devguide.python.org,1,0,637
docs.pydantic.dev,1,0,1035
ecursos.claseejecutiva.cl,1,0,1796
edube.org,1,0,274
excel-ubara.com,1,0,388
flask.palletsprojects.com,1,0,198
gpt.zeaho.online,1,0,10
jira.xpaas.lenovo.com,1,0,1661
link.zhihu.com,1,0,7
momodel.cn,1,0,39
ntp.msn.cn,1,0,167
on.fiap.com.br,1,0,63
openclassrooms.com,1,0,152
packaging.python.org,1,0,23
phoronix.com,1,0,62
planetscale.com,1,100,0
pytest-mock.readthedocs.io,1,0,1653
python-izm.com,1,0,672
realpython.com,1,0,386
roadmap.sh,1,0,931
runoob.com,1,0,6
sacet.codetantra.com,1,0,39
wiki.python.org.ar,1,0,324
yuanbao.tencent.com,1,100,0
