name,visitors
Singapore,108
Hong Kong,41
Tokyo,31
Beijing,30
Guangzhou,27
Moscow,21
Shanghai,21
Chennai,19
Bengaluru,18
Shenzhen,18
Hyderabad,16
Mumbai,15
Hangzhou,14
Chengdu,13
Taipei,12
Frankfurt am Main,12
Hanoi,11
Changsha,10
Los Angeles,10
Saint Petersburg,9
Zhengzhou,9
Xi’an,9
Qingdao,9
Rome,9
New York City,9
Seattle,9
Wuhan,8
Jinan,8
Sydney,8
Lagos,8
Nairobi,7
Tel Aviv,7
Ho Chi Minh City,7
Brisbane,7
Amsterdam,7
Madrid,7
São Paulo,7
Cairo,6
Islamabad,6
Delhi,6
Bishkek,6
Taichung,6
San Jose,6
Denver,6
Tehran,5
Istanbul,5
Belgrade,5
Lahore,5
Cochin,5
Yekaterinburg,5
Novosibirsk,5
Wuhu,5
Nanjing,5
Suzhou,5
London,5
Zürich,5
Leipzig,5
Asunción,5
Bogotá,5
San Antonio,5
Chicago,5
Boston,5
Sanaa,4
Amman,4
Athens,4
Ankara,4
Addis Ababa,4
Minsk,4
Kamyanske,4
New Delhi,4
Negapatam,4
Tashkent,4
Nur-Sultan,4
Xiamen,4
Quanzhou,4
N/A,4
Ōtsu,4
Accra,4
Stockholm,4
Vienna,4
Munich,4
Berlin,4
Prague,4
Wrocław,4
Niterói,4
Uruapan,4
Dallas,4
Ankeny,4
Calgary,4
Vancouver,4
Mohali,4
N/A,4
Ashgabat,3
Ufa,3
Nizhniy Novgorod,3
Iaşi,3
Kyiv,3
Dnipro,3
Warsaw,3
Dhaka,3
Visakhapatnam,3
Salem,3
Pune,3
Mangalore,3
Ludhiāna,3
Jaipur,3
Kolkata,3
Bhopāl,3
Surabaya,3
Jakarta,3
N/A,3
Wenzhou,3
Nanyang,3
Nanchang,3
Huizhou,3
Hefei,3
Guiyang,3
Dongguan,3
Chongqing,3
Suwon,3
Seoul,3
Cheongju-si,3
Osaka,3
Harbin,3
Canberra,3
Rabat,3
City of Westminster,3
Peterborough,3
Manchester,3
Paris,3
Nanterre,3
Crépy-en-Valois,3
Cali,3
Santiago,3
Lima,3
Wichita,3
Ashburn,3
Brooklyn,3
Santa Clara,3
Las Vegas,3
Portland,3
Salt Lake City,3
Vancouver,3
N/A,3
Mogadishu,2
Basrah,2
Jeddah,2
Smolensk,2
Perm,2
Noginsk,2
Kaliningrad,2
Helsinki,2
Topoloveni,2
Bucharest,2
Vyshhorod,2
Rivne,2
Odessa,2
Mykolayiv,2
Kharkiv,2
Chernihiv,2
Sofia,2
Lusaka,2
Mbabane,2
Johannesburg,2
Peliyagoda,2
Colombo,2
Sambalpur,2
Roorkee,2
Kollam,2
Nellore,2
Nagpur,2
Madurai,2
Lucknow,2
Jalandhar,2
Gurgaon,2
Bhīlwāra,2
Ahmedabad,2
Agra,2
Pokhara,2
Kathmandu,2
Omsk,2
Shymkent,2
Kokshetau,2
Long Xuyên,2
Tainan,2
Chang-hua,2
Imus,2
Cebu City,2
Calamba,2
Johor Bahru,2
Kuala Lumpur,2
Sanmenxia,2
Jieyang,2
Ningbo,2
Jiaxing,2
Handan,2
Dalian,2
Yiwu,2
Changzhou,2
N/A,2
Phnom Penh,2
Chuncheon,2
Yokohama,2
N/A,2
Nagoya,2
Datong,2
Port Moresby,2
Auckland,2
Tripoli,2
Luanda,2
Tunis,2
Algiers,2
Palma del Río,2
York,2
Warrington,2
Southampton,2
Milton Keynes,2
Lowestoft,2
Hounslow,2
Congleton,2
Brighouse,2
Aylesbury,2
Suhr,2
Genève,2
Göteborg,2
Trofa,2
Zwolle,2
Namur,2
Eupen,2
Brugge,2
Wolfsburg,2
Stuttgart,2
Steinen,2
Siegburg,2
Pressath,2
Ludwigshafen am Rhein,2
Kiel,2
Gernsheim,2
Dublin,2
Brétigny-sur-Orge,2
Budapest,2
České Budějovice,2
Włocławek,2
Szczecin,2
Reus,2
Irun,2
Igualada,2
Oslo,2
Monfalcone,2
Šid,2
Aachen,2
Campina Grande,2
Buenos Aires,2
Villarrica,2
Montevideo,2
Taboão da Serra,2
Santo André,2
Mogi das Cruzes,2
Janaúba,2
Curitiba,2
Campinas,2
Cabo Frio,2
Emiliano Zapata,2
Apizaco,2
Heredia,2
Boa Vista,2
Panamá,2
Benito Juarez,2
N/A,2
Ayacucho,2
Monterrey,2
Ensenada,2
Chihuahua,2
Dothan,2
Clearwater,2
Miami,2
Sarasota,2
Wimauma,2
LaGrange,2
Carmel,2
Bethesda,2
Lanham,2
Rockville,2
Greenwood,2
Clayton,2
Pennsauken,2
Dayton,2
Oklahoma City,2
League City,2
Front Royal,2
N/A,2
Springfield,2
Woodbridge,2
Champaign,2
Worcester,2
Saint Clair Shores,2
Kasson,2
Nebraska City,2
Omaha,2
The Bronx,2
