name,unique_exits,total_exits,exit_rate
/es/3/tutorial/,479,530,
/es/3.13/library/tkinter.html,155,162,
/es/3/tutorial/index.html,132,143,
/es/3/tutorial/introduction.html,127,140,
/es/3/tutorial/interpreter.html,99,105,
/es/3.13/tutorial/index.html,95,103,
/es/3/tutorial/controlflow.html,89,98,
/es/3.13/library/index.html,81,92,
/es/3.13/tutorial/datastructures.html,80,84,
/es/3.13/tutorial/venv.html,76,76,
/es/3.13/library/functions.html,75,82,
/es/3.13/library/idle.html,63,67,
/es/3.13/tutorial/classes.html,63,64,
/es/3.13/tutorial/introduction.html,59,70,
/es/3/tutorial/appetite.html,59,63,
/es/3.13/library/stdtypes.html,57,62,
/es/3.13/,54,55,
/3/,50,50,
/es/3.13/search.html,45,49,
/es/3/tutorial/datastructures.html,45,50,
/es/3.13/installing/index.html,44,44,
/es/3/library/stdtypes.html,44,49,
/es/3.13/library/re.html,43,46,
/es/3.13/library/string.html,41,40,
/es/3.13/tutorial/errors.html,41,41,
/es/3/,40,41,
/es/3/library/index.html,40,47,
/es/3.13/tutorial/controlflow.html,35,37,
/es/3.13/tutorial/interpreter.html,35,41,
/es/3/tutorial/classes.html,33,33,
/es/3.13/tutorial/appetite.html,32,33,
/es/3/library/functions.html,32,33,
/es/3.13/library/venv.html,31,31,
/es/3/howto/regex.html,26,27,
/es/3/library/tkinter.html,22,24,
/es/3.13/tutorial/modules.html,20,21,
/es/3/search.html,20,25,
/es/3.13/library/datetime.html,19,19,
/es/3.13/howto/regex.html,18,19,
/es/3/library/argparse.html,18,19,
/es/3.13/library/math.html,17,20,
/es/3.13/tutorial/inputoutput.html,17,17,
/es/3/installing/index.html,17,17,
/es/dev/tutorial/,17,21,
/es/3/tutorial/inputoutput.html,16,17,
/3/tutorial/index.html,15,16,
/es/3.13/howto/sorting.html,15,16,
/es/3.13/library/array.html,15,15,
/es/3.13/library/tk.html,15,16,
/es/3/library/json.html,15,16,
/es/3.13/glossary.html,14,15,
/es/3.13/tutorial/,14,15,
/es/3/library/math.html,14,14,
/es/dev/tutorial/controlflow.html,14,15,
/es/3.13/contents.html,13,13,
/es/3.13/library/shutil.html,13,14,
/es/3.13/using/windows.html,13,13,
/es/3.13/howto/logging.html,12,12,
/es/3.13/index.html,12,12,
/es/3.13/library/csv.html,12,13,
/es/3.13/library/random.html,12,12,
/es/3.13/reference/index.html,12,12,
/es/3/glossary.html,12,14,
/es/3.13/library/__main__.html,11,11,
/es/3.13/reference/compound_stmts.html,11,12,
/es/3/library/datetime.html,11,11,
/es/3/reference/compound_stmts.html,11,11,
/es/3/reference/lexical_analysis.html,11,11,
/es/3/tutorial/modules.html,11,11,
/es/3.13/using/editors.html,10,10,
/es/3/contents.html,10,9,
/es/3/library/random.html,10,10,
/es/3/tutorial/errors.html,10,10,
/3.13/tutorial/index.html,9,7,
/3/library/tkinter.html,9,9,
/es/3.13/library/turtle.html,9,9,
/es/3.13/library/zipfile.html,9,9,
/es/3/library/exceptions.html,9,11,
/es/3/library/venv.html,9,9,
/es/3.13/library/filesys.html,8,8,
/es/3.13/library/smtplib.html,8,8,
/es/3.13/library/typing.html,8,8,
/es/3/library/csv.html,8,8,
/es/3/library/re.html,8,9,
/es/3/library/unittest.html,8,9,
/es/3/reference/datamodel.html,8,8,
/3/library/idle.html,7,7,
/3/search.html,7,7,
/3/tutorial/datastructures.html,7,7,
/es/3.13/library/asyncio-task.html,7,7,
/es/3.13/library/sys.html,7,7,
/es/3.13/library/time.html,7,7,
/es/3.13/reference/import.html,7,7,
/es/3.13/reference/lexical_analysis.html,7,8,
/es/3.13/whatsnew/3.13.html,7,7,
/es/3/library/pathlib.html,7,8,
/es/3/library/statistics.html,7,7,
/es/3/library/tk.html,7,8,
/es/3/reference/expressions.html,7,7,
/es/3/tutorial/venv.html,7,8,
