name,unique_entrances,total_entrances,visit_duration
/ja/latest/tutorials/installing-packages/,43,47,73
/ja/latest/guides/installing-using-pip-and-virtual-environments/,35,35,41
/ja/latest/guides/writing-pyproject-toml/,22,22,55
/ja/latest/guides/installing-using-linux-tools/,7,7,165
/ja/latest/tutorials/packaging-projects/,7,7,196
/en/latest/guides/writing-pyproject-toml/,2,2,360
/en/latest/tutorials/installing-packages/,2,2,175
/ja/latest/guides/installing-stand-alone-command-line-tools/,2,2,0
/ja/latest/key_projects/,2,2,112
/ja/latest/tutorials/managing-dependencies/,2,2,0
/en/latest/glossary/,1,1,1706
/en/latest/guides/modernize-setup-py-project/,1,1,0
/en/latest/tutorials/packaging-projects/,1,1,162
/ja/latest/discussions/distribution-package-vs-import-package/,1,1,73
/ja/latest/discussions/pip-vs-easy-install/,1,1,0
/ja/latest/discussions/setup-py-deprecated/,1,1,0
/ja/latest/discussions/src-layout-vs-flat-layout/,1,1,0
/ja/latest/glossary/,1,1,214
/ja/latest/guides/modernize-setup-py-project/,1,1,0
/ja/latest/guides/multi-version-installs/,1,1,0
/ja/latest/guides/packaging-binary-extensions/,1,1,0
/ja/latest/guides/packaging-namespace-packages/,1,1,0
/ja/latest/guides/publishing-package-distribution-releases-using-github-actions-ci-cd-workflows/,1,1,0
/ja/latest/guides/tool-recommendations/,1,1,103
/ja/latest/overview/,1,1,0
/ja/latest/specifications/binary-distribution-format/,1,1,0
/ja/latest/specifications/dependency-specifiers/,1,1,0
/ja/latest/specifications/direct-url/,1,1,0
/ja/latest/specifications/externally-managed-environments/,1,1,0
/ja/latest/specifications/pyproject-toml/,1,1,0
/ja/latest/specifications/recording-installed-packages/,1,1,0
/ja/latest/specifications/version-specifiers/,1,1,0
/ja/latest/specifications/virtual-environments/,1,1,643
