name,visitors
Taipei,229
New Taipei,167
Taichung,100
Taoyuan,70
Kaohsiung,64
Hsinchu County,63
Tainan,40
Miaoli,19
Changhua,13
Yunlin,10
Hsinchu,9
Chiayi,6
Hualien,5
Keelung,5
Shanghai,4
Yilan,4
Nantou,4
Guangdong,3
England,3
Tokyo,3
Kanagawa,3
Pingtung,3
Taitung,3
São Paulo,2
Anhui,2
Beijing,2
Shandong,2
Kowloon City Kowloon,2
Sha Tin New Territories,2
Tsuen Wan New Territories,2
California,2
Colorado,2
South Australia,1
British Columbia,1
Ontario,1
Quebec,1
Chongqing,1
Guizhou,1
Hebei,1
Jiangsu,1
Jiangxi,1
Sichuan,1
Zhejiang,1
Île-de-France,1
Yau Tsim Mong Kowloon,1
Sai Kung New Territories,1
Central Java,1
Uttar Pradesh,1
Seoul,1
Rabat-Salé-Zemmour-Zaer,1
Perak,1
Chiayi County,1
Illinois,1
Ohio,1
