name,version,visitors
Chrome,144.0,1201
Microsoft Edge,144.0,733
Chrome,132.0,310
Firefox,147.0,261
Chrome,143.0,242
Opera,126.0,132
Chrome,139.0,104
Yandex Browser,25.12,69
Chrome,142.0,66
Mobile App,(not set),62
Microsoft Edge,143.0,62
Safari,26.2,58
Firefox,140.0,42
Firefox,146.0,28
Microsoft Edge,142.0,22
Chrome,122.0,20
Chrome,140.0,20
Firefox,5.0,20
360 Secure Browser,(not set),19
Chrome,141.0,19
Safari,18.6,19
Chrome,111.0,16
Chrome,116.0,16
Quark,(not set),15
Chrome,131.0,12
Chrome,133.0,12
Chrome,136.0,12
Smart Lenovo Browser,9.0,12
Chrome,108.0,11
Chrome,69.0,11
Chrome,125.0,10
SberBrowser,34.0,10
Chrome,109.0,8
Opera,125.0,8
Microsoft Edge,138.0,8
Sogou Explorer,2,8
Safari,26.1,8
Chrome,103.0,7
Chrome,106.0,7
Chrome,135.0,7
Chrome,138.0,7
Microsoft Edge,141.0,7
Chrome,105.0,6
Chrome,117.0,6
Firefox,144.0,6
QQ Browser,19.8,6
Chrome,127.0,5
Chrome,128.0,5
Microsoft Edge,131.0,5
Chrome,137.0,5
Chrome,145.0,5
Microsoft Edge,145.0,5
Firefox,148.0,5
Yandex Browser,25.2,5
Microsoft Edge,92.0,5
Chromium,(not set),4
Chrome,104.0,4
Chrome,110.0,4
Firefox,115.0,4
Chrome,120.0,4
Microsoft Edge,124.0,4
Chrome,129.0,4
Chrome,130.0,4
Microsoft Edge,136.0,4
Microsoft Edge,139.0,4
Microsoft Edge,140.0,4
Firefox,145.0,4
Huawei Browser Mobile,16.0,4
Safari,17.6,4
QQ Browser,21.0,4
Yandex Browser,24.12,4
Safari,26.3,4
Samsung Browser,29.0,4
(not set),(not set),3
Chrome,112.0,3
Microsoft Edge,126.0,3
Chrome,134.0,3
Firefox,135.0,3
Firefox,139.0,3
Safari,15.6,3
Safari,18.3,3
MIUI Browser,20.11,3
Yandex Browser,25.10,3
Yandex Browser,25.8,3
Safari,26.0,3
Quark,10.3,2
Microsoft Edge,106.0,2
Chrome,107.0,2
Microsoft Edge,107.0,2
Safari,11.1,2
Microsoft Edge,111.0,2
Microsoft Edge,113.0,2
Microsoft Edge,114.0,2
Microsoft Edge,116.0,2
Chrome,126.0,2
Firefox,134.0,2
Microsoft Edge,137.0,2
Firefox,141.0,2
Firefox,143.0,2
Samsung Browser,17.0,2
Safari,17.4,2
Safari,18.0,2
Safari,18.1,2
Microsoft Edge,18.18362,2
Safari,18.5,2
SberBrowser,21.0,2
vivo Browser,27.7,2
Samsung Browser,28.1,2
Pale Moon,33.9,2
QQ Browser,6.2,2
Chrome,71.0,2
Chrome,79.0,2
Chrome,86.0,2
Chrome,90.0,2
Chrome,96.0,2
Quark,10.2,1
Microsoft Edge,100.0,1
Firefox,102.0,1
Chrome,115.0,1
Mobile App,116.0,1
Chrome,118.0,1
Huawei Browser,12.1,1
Chrome,121.0,1
Microsoft Edge,122.0,1
Chrome,123.0,1
Opera,123.0,1
Chrome,124.0,1
Microsoft Edge,125.0,1
Microsoft Edge,127.0,1
Microsoft Edge,129.0,1
Microsoft Edge,135.0,1
Firefox,137.0,1
Avast Secure Browser,142.0,1
Mobile App,144.0,1
Safari,16.6,1
Safari,17.5,1
MIUI Browser,17.6,1
Safari,18.2,1
Safari,18.7,1
QQ Browser,19.9,1
QQ Browser,20.1,1
Yandex Browser,22.11,1
Yandex Browser,24.10,1
Yandex Browser,25.6,1
vivo Browser,27.6,1
vivo Browser,27.8,1
Whale Browser,4.35,1
Chrome,83.0,1
Microsoft Edge,85.0,1
Chrome,85.0,1
Mobile App,97.0,1
