name,version,visitors
Chrome,143.0,6606
Microsoft Edge,143.0,2239
Chrome,144.0,709
Firefox,146.0,651
Chrome,139.0,599
Firefox,147.0,393
Chrome,142.0,372
Safari,26.2,335
Opera,125.0,256
Yandex Browser,25.12,180
Firefox,140.0,160
Safari,18.6,154
Safari,26.1,153
Microsoft Edge,142.0,119
Chrome,117.0,100
Chrome,135.0,95
Chrome,132.0,93
Chrome,140.0,92
Chrome,138.0,85
Mobile App,(not set),77
Chrome,141.0,69
Microsoft Edge,122.0,49
Safari,18.5,43
Firefox,145.0,42
Chrome,131.0,39
Safari,26.0,37
Chrome,109.0,35
Chrome,133.0,33
Chrome,136.0,32
Chrome,124.0,31
Chrome,137.0,28
Chrome,116.0,27
Opera,126.0,26
Chrome,126.0,26
Chrome,122.0,24
Chrome,134.0,24
Safari,17.6,23
Yandex Browser,25.10,23
Quark,(not set),22
Firefox,128.0,21
Smart Lenovo Browser,9.0,21
Safari,18.7,19
Safari,26.3,19
Chrome,128.0,17
Microsoft Edge,141.0,17
Safari,18.3,17
SberBrowser,33.0,17
Chrome,108.0,16
Firefox,115.0,15
Chrome,125.0,15
Chrome,111.0,14
Samsung Browser,29.0,14
Chrome,120.0,13
Chrome,130.0,13
Microsoft Edge,140.0,13
Firefox,148.0,13
Safari,18.1,13
Sogou Explorer,2,13
(not set),(not set),12
Firefox,146.1,12
Safari,16.6,12
Chrome,91.0,12
Chrome,112.0,11
Chrome,118.0,11
Firefox,141.0,11
Firefox,144.0,11
Firefox,143.0,10
Safari,15.6,10
Brave,(not set),9
Chrome,103.0,9
Firefox,109.0,9
Chrome,121.0,9
Microsoft Edge,138.0,9
Safari,17.5,9
Safari,18.2,9
Yandex Browser,25.8,9
Safari,10.0,8
Chrome,110.0,8
Firefox,136.0,8
Microsoft Edge,144.0,8
Chrome,145.0,8
Safari,17.1,8
Chrome,105.0,7
Chrome,107.0,7
Opera,124.0,7
Chrome,127.0,7
Mobile App,143.0,7
Safari,17.4,7
Safari,18.4,7
QQ Browser,20.0,7
Firefox,5.0,7
Chrome,104.0,6
Chrome,106.0,6
Opera,123.0,6
Chrome,123.0,6
Firefox,125.0,6
Microsoft Edge,135.0,6
Firefox,142.0,6
Huawei Browser Mobile,16.0,6
Safari,17.3,6
Microsoft Edge,109.0,5
Chrome,129.0,5
Safari,17.2,5
UC Browser,18.3,5
Yandex Browser,25.2,5
Chrome,86.0,5
Opera,94.0,5
Chromium,(not set),4
Chrome,102.0,4
Chrome,114.0,4
Chrome,119.0,4
Microsoft Edge,128.0,4
Firefox,137.0,4
Yandex Browser,24.10,4
Whale Browser,4.35,4
Chrome,48.0,4
Chrome,69.0,4
Chrome,73.0,4
Chrome,87.0,4
Safari,(not set),3
Quark,10.0,3
Chrome,101.0,3
Microsoft Edge,111.0,3
Microsoft Edge,118.0,3
Microsoft Edge,120.0,3
Microsoft Edge,130.0,3
Microsoft Edge,131.0,3
Firefox,138.0,3
MIUI Browser,14.10,3
Firefox,143,3
Avast Secure Browser,143.0,3
Safari,17.0,3
Safari,17.8,3
vivo Browser,24.4,3
Yandex Browser,25.6,3
Mobile App,97.0,3
360 Secure Browser,(not set),2
Microsoft Edge,113.0,2
Firefox,113.0,2
Microsoft Edge,116.0,2
Safari,12.1,2
Microsoft Edge,123.0,2
Microsoft Edge,125.0,2
Firefox,126.0,2
Microsoft Edge,129.0,2
Microsoft Edge,133.0,2
Firefox,134.0,2
Microsoft Edge,134.0,2
Microsoft Edge,137.0,2
Microsoft Edge,139.0,2
Firefox,139.0,2
Norton Private Browser,143.0,2
AVG Secure Browser,143.0,2
Mobile App,144.0,2
Firefox,144.3,2
Chrome,146.0,2
Safari,15.2,2
Safari,15.4,2
Safari,16.1,2
Safari,16.5,2
Safari,18.0,2
MIUI Browser,19.3,2
Yandex Browser,24.1,2
QQ Browser,26,2
vivo Browser,27.6,2
SberBrowser,32.0,2
Microsoft Edge,92.0,2
Opera,93.0,2
Chrome,93.0,2
Chrome,99.0,2
Microsoft Edge,100.0,1
Chrome,100.0,1
Microsoft Edge,101.0,1
Mobile App,104.0,1
Microsoft Edge,106.0,1
Microsoft Edge,107.0,1
Iron,109.0,1
Microsoft Edge,110.0,1
Microsoft Edge,112.0,1
Microsoft Edge,114.0,1
Microsoft Edge,115.0,1
Opera,115.0,1
Chrome,115.0,1
Microsoft Edge,117.0,1
Firefox,119.0,1
Microsoft Edge,121.0,1
Firefox,122.0,1
Microsoft Edge,124.0,1
Microsoft Edge,127.0,1
QQ Browser,13.0,1
QQ Browser,13.3,1
QQ Browser,13.4,1
QQ Browser,13.5,1
Firefox,130.0,1
Microsoft Edge,132.0,1
Iron,135.0,1
Chrome,136,1
Microsoft Edge,136.0,1
MIUI Browser,14.49,1
AVG Secure Browser,142.0,1
Chrome,143,1
Microsoft Edge,145.0,1
vivo Browser,15.2,1
Safari,15.3,1
Safari,16.0,1
Safari,16.4,1
Safari,17.14,1
QQ Browser,19.6,1
QQ Browser,19.8,1
MIUI Browser,20.5,1
Yandex Browser,23.7,1
Yandex Browser,24.6,1
Yandex Browser,24.7,1
Yandex Browser,25.4,1
Yandex Browser,25.80,1
Samsung Browser,28.0,1
Opera GX,3.1,1
SberBrowser,30.0,1
Firefox,52.0,1
Mobile App,57.0,1
Chrome,59.0,1
QQ Browser,6.2,1
Opera Touch,6.3,1
Safari,60.5,1
Maxthon,7.4,1
Raspbian Chromium,78.0,1
Firefox,78.0,1
Mobile App,79.0,1
Mobile Silk,80.4,1
Chrome,83.0,1
Chrome,85.0,1
Chrome,89.0,1
Chrome,90.0,1
Mobile App,91.0,1
Chrome,98.0,1
