name,visitors
China,779
United States,648
Russian Federation,285
Japan,281
India,268
Germany,222
United Kingdom,194
Hong Kong,182
Singapore,174
France,151
Spain,94
Brazil,93
Poland,86
Taiwan,83
Italy,73
Netherlands,70
South Korea,66
Vietnam,60
Canada,58
Ukraine,51
Colombia,43
Sweden,41
Austria,36
Belgium,31
Israel,29
Turkey,29
Indonesia,28
Czechia,26
Switzerland,25
Australia,24
Chile,22
Finland,22
Philippines,22
Mexico,21
Romania,21
Peru,20
Pakistan,19
Argentina,16
Kazakhstan,16
Norway,15
Uzbekistan,15
Egypt,14
Iran,14
Morocco,14
Belarus,13
Hungary,13
Kenya,13
Bangladesh,12
Bulgaria,12
Nigeria,12
Serbia,12
Slovenia,12
Denmark,11
Malaysia,10
United Arab Emirates,9
Greece,9
Portugal,9
Georgia,8
Ethiopia,7
New Zealand,7
South Africa,7
Algeria,6
Jordan,6
Sri Lanka,6
Moldova,6
Saudi Arabia,6
Thailand,6
Tunisia,6
"Congo, The Democratic Republic of the",5
Ecuador,5
Croatia,5
Kyrgyzstan,5
Puerto Rico,5
Seychelles,5
Cyprus,4
Ghana,4
Cambodia,4
Madagascar,4
Slovakia,4
Zimbabwe,4
Albania,3
Benin,3
Bolivia,3
Costa Rica,3
Iraq,3
Lebanon,3
Tanzania,3
Venezuela,3
Bahrain,2
Dominican Republic,2
Guatemala,2
Honduras,2
Ireland,2
Iceland,2
Kuwait,2
Lithuania,2
Myanmar,2
Maldives,2
French Polynesia,2
Sudan,2
El Salvador,2
Uruguay,2
Andorra,1
Armenia,1
Burkina Faso,1
Côte d'Ivoire,1
Cuba,1
Estonia,1
French Guiana,1
Libya,1
Montenegro,1
Mali,1
Mongolia,1
Mauritania,1
Mauritius,1
Nicaragua,1
Panama,1
Paraguay,1
Trinidad and Tobago,1
Uganda,1
Yemen,1
Zambia,1
