name,visitors,pageviews,bounce_rate,time_on_page,scroll_depth
/3.12/,739,948,62,19,76
/3.12/tutorial/index.html,395,453,72,45,48
/3.12/using/windows.html,315,382,73,33,20
/3.12/whatsnew/3.12.html,292,318,78,36,14
/3.12/search.html,267,411,37,34,51
/3.12/library/functions.html,221,249,78,163,46
/3.12/library/stdtypes.html,208,236,83,91,40
/3.12/library/index.html,167,223,42,43,40
/3.12/index.html,144,152,58,13,74
/3.12/library/typing.html,106,106,69,37,47
/3.12/tutorial/,102,123,63,44,50
/3.12/library/,91,100,64,10,40
/3.12/library/datetime.html,83,80,91,88,42
/3.12/tutorial/introduction.html,77,80,72,140,60
/3.12/tutorial/controlflow.html,74,77,82,140,45
/3.12/tutorial/appetite.html,71,68,58,41,87
/3.12/library/2to3.html,69,71,90,92,48
/3.12/tutorial/interpreter.html,69,79,56,56,74
/3.12/glossary.html,65,68,47,79,48
/zh-cn/3.12/,65,82,41,20,79
/3.12/library/exceptions.html,60,66,78,30,44
/3.12/library/os.html,58,74,69,124,44
/3.12/reference/index.html,58,74,10,133,69
/zh-cn/3.12/tutorial/index.html,55,78,44,24,67
/3.12/library/pathlib.html,53,58,78,54,57
/3.12/reference/datamodel.html,52,50,75,48,47
/zh-cn/3.12/library/index.html,52,82,47,29,50
/3.12/library/string.html,51,54,81,85,40
/3.12/library/logging.html,44,51,48,182,56
/3.12/library/re.html,43,40,95,156,47
/3.12/installing/index.html,42,38,80,12,65
/3.12/library/random.html,41,40,79,56,40
/3.12/library/telnetlib.html,39,41,72,2515,80
/3.12/library/tkinter.html,39,45,62,73,38
/3.12/download.html,37,40,62,43,83
/3.12/reference/compound_stmts.html,36,35,56,498,45
/3.12/library/asyncio-task.html,35,41,77,858,53
/3.12/contents.html,34,35,67,17,8
/3.12/library/functools.html,34,35,71,93,38
/zh-cn/3.12/library/stdtypes.html,34,37,75,102,56
/3.12/py-modindex.html,33,42,56,38,57
/3.12/library/itertools.html,32,33,80,63,38
/3.12/library/os.path.html,32,38,52,56,47
/3.12/library/math.html,31,41,80,47,45
/3.12/library/subprocess.html,31,31,79,55,42
/3.12/tutorial/inputoutput.html,31,29,100,74,63
/3.12/tutorial/datastructures.html,30,33,62,64,54
/3.12/library/asyncio.html,29,34,61,16,71
/3.12/reference/lexical_analysis.html,29,25,60,162,63
/3.12/library/json.html,27,27,81,35,39
/3.12/tutorial/modules.html,27,19,67,319,54
/3.12/library/collections.html,25,28,73,71,35
/zh-cn/3.12/search.html,25,33,38,17,46
/3.12/library/io.html,24,24,77,703,67
/3.12/reference/simple_stmts.html,24,30,50,546,61
/3.12/using/index.html,24,24,25,11,55
/3.12/library/venv.html,23,21,89,18,33
/zh-cn/3.12/tutorial/controlflow.html,23,32,30,764,53
/3.12/library/csv.html,22,23,62,53,48
/3.12/library/enum.html,22,22,77,39,53
/3.12/tutorial/classes.html,22,26,88,318,52
/zh-cn/3.12/library/asyncio-task.html,22,19,64,257,31
/3.12/library/collections.abc.html,21,21,83,29,56
/3.12/library/concurrent.futures.html,21,21,50,33,48
/3.12/library/multiprocessing.html,21,22,100,62,39
/3.12/reference/expressions.html,21,19,0,119,57
/zh-cn/3.12/library/functions.html,21,18,56,22,34
/3.12/library/dataclasses.html,20,19,90,200,34
/zh-cn/3.12/reference/index.html,20,20,29,10,74
/zh-cn/3.12/tutorial/datastructures.html,20,23,78,223,69
/3.12/library/argparse.html,19,20,85,32,29
/3.12/tutorial/venv.html,19,15,67,131,61
/ja/3.12/library/index.html,19,24,40,17,31
/zh-cn/3.12/library/asyncio.html,19,26,57,29,77
/3.12/library/constants.html,18,21,83,18,82
/es/3.12/tutorial/index.html,18,21,76,41,67
/ja/3.12/,18,24,56,17,80
/zh-cn/3.12/download.html,18,17,43,15,89
/zh-cn/3.12/whatsnew/3.12.html,18,18,83,82,18
/zh-cn/3.12/library/logging.html,17,18,88,115,41
/zh-cn/3.12/using/mac.html,17,17,85,40,66
/3.12/genindex.html,16,18,0,6,100
/3.12/library/logging.handlers.html,16,20,80,426,51
/3.12/library/sqlite3.html,16,14,92,102,47
/3.12/library/unittest.mock.html,16,23,86,66,38
/3.12/reference/import.html,16,19,50,90,56
/zh-cn/3.12/index.html,16,19,40,7,76
/zh-cn/3.12/library/multiprocessing.html,16,18,94,24,25
/3.12/howto/index.html,15,13,100,13,90
/3.12/library/turtle.html,15,14,100,64,30
/zh-cn/3.12/tutorial/interpreter.html,15,14,100,94,78
/3.12/tutorial/errors.html,14,14,50,54,53
/3.12/whatsnew/changelog.html,14,14,86,34,1
/zh-cn/3.12/library/heapq.html,14,12,90,22,60
/3.12/library/abc.html,13,13,67,39,70
/3.12/library/crypt.html,13,14,100,16,63
/3.12/library/hashlib.html,13,11,78,37,35
/3.12/library/intro.html,13,22,75,11,71
/3.12/library/shutil.html,13,13,25,267,30
/3.12/library/threading.html,13,13,83,127,56
