name,version,visitors
Windows,10,3330
Mac,10.15,870
GNU/Linux,(not set),223
Android,10,204
Windows,XP,71
Ubuntu,(not set),48
iOS,18.7,38
Mac,10.13,33
Android,15,29
Android,13,27
iOS,26.2,24
Android,14,23
Android,16,22
Chrome OS,14541.0,19
Android,12,17
Android,9,17
Android,11,12
iOS,18.6,12
HarmonyOS,(not set),11
HarmonyOS,3.0,11
Windows,7,9
Android,7.1,4
Windows,8.1,4
(not set),(not set),3
iOS,15.8,3
Mac,14.1,2
iOS,17.2,2
iOS,18.0,2
iOS,18.5,2
Android,8.1,2
Mac,10.14,1
iOS,12.5,1
iOS,13.6,1
iPadOS,14.4,1
iOS,15.0,1
iPadOS,15.8,1
iOS,16.6,1
iOS,17.3,1
iOS,17.4,1
iOS,18.1,1
iOS,18.2,1
iOS,18.3,1
HarmonyOS,2.2,1
iOS,26.0,1
iOS,26.1,1
CyanogenMod,7,1
Fire OS,8,1
Windows,8,1
Windows,Server 2003,1
