name,version,visitors
Chrome,140.0,1141
Firefox,142.0,489
Chrome,139.0,450
Microsoft Edge,140.0,427
Firefox,128.0,226
Safari,18.6,157
Chrome,138.0,108
Chrome,126.0,71
Microsoft Edge,139.0,65
Chrome,137.0,54
Firefox,140.0,45
Safari,18.5,44
Firefox,136.0,31
Microsoft Edge,138.0,30
Opera,120.0,26
Opera,121.0,26
Firefox,143.0,26
Chrome,136.0,21
Firefox,139.0,20
Chrome,109.0,19
Chrome,131.0,19
Safari,26.0,19
Firefox,115.0,16
Chrome,134.0,16
Safari,16.6,16
Mobile App,(not set),15
Firefox,141.0,15
Chrome,135.0,14
Safari,18.3,13
Safari,15.6,11
Samsung Browser,28.0,11
Chrome,122.0,10
Firefox,138.0,10
Safari,18.1,10
Chrome,128.0,8
Chrome,130.0,8
Mobile App,140.0,8
Safari,17.6,8
Safari,18.4,8
Chrome,116.0,7
Chrome,124.0,6
Chrome,132.0,6
Chrome,133.0,6
Firefox,134.0,6
Firefox,135.0,6
Safari,17.4,6
Chrome,120.0,5
Chrome,127.0,5
Firefox,102.0,4
Firefox,127.0,4
Ecosia,129.0,4
Microsoft Edge,134.0,4
Microsoft Edge,135.0,4
Microsoft Edge,137.0,4
Safari,16.0,4
Safari,17.2,4
Safari,17.5,4
Safari,18.0,4
Chrome,103.0,3
Chrome,106.0,3
Chrome,121.0,3
Firefox,128.9,3
Chrome,129.0,3
Firefox,133.0,3
Avast Secure Browser,139.0,3
Safari,14.1,3
Microsoft Edge,18.18363,3
Firefox,101.0,2
Microsoft Edge,109.0,2
Chrome,111.0,2
Firefox,120.0,2
Microsoft Edge,124.0,2
Chrome,125.0,2
Firefox,126.0,2
Firefox,129.0,2
Microsoft Edge,130.0,2
Firefox,132.0,2
Microsoft Edge,136.0,2
Mobile App,139.0,2
Huawei Browser Mobile,16.0,2
Safari,16.1,2
Samsung Browser,16.2,2
Safari,16.3,2
Safari,17.0,2
Safari,17.3,2
Safari,18.2,2
Firefox,78.0,2
Chrome,93.0,2
Chrome,94.0,2
Firefox,95.0,2
Chrome,96.0,2
Chrome,97.0,2
Brave,(not set),1
Android Browser,(not set),1
Safari,10.0,1
Chrome,100.0,1
Chrome,101.0,1
Firefox,103.0,1
Chrome,107.0,1
Safari,11.0,1
Firefox,111.0,1
Chrome,113.0,1
Firefox,113.0,1
Microsoft Edge,114.0,1
Chrome,115.0,1
Microsoft Edge,115.0,1
Microsoft Edge,116.0,1
Chrome,117.0,1
Microsoft Edge,117.0,1
Firefox,117.0,1
Firefox,118.0,1
Chrome,119.0,1
Safari,12.1,1
Firefox,121.0,1
Opera,122.0,1
Microsoft Edge,122.0,1
Chrome,123.0,1
Firefox,125.0,1
Firefox,128.10,1
Firefox,130.0,1
Firefox,131.0,1
Microsoft Edge,131.0,1
Microsoft Edge,133.0,1
Firefox,137.0,1
CCleaner,139.0,1
AVG Secure Browser,139.0,1
Safari,14.0,1
MIUI Browser,14.41,1
Microsoft Edge,141.0,1
Safari,15.4,1
Microsoft Edge,16.16299,1
Safari,16.4,1
Safari,17.1,1
Safari,17.7,1
UC Browser,18.0,1
Samsung Browser,26.0,1
Safe Exam Browser,3.9,1
Qwant Mobile,4.2,1
Chrome,49.0,1
Samsung Browser,5.2,1
Quark,7.11,1
Quark,7.15,1
Chrome,84.0,1
Mobile App,86.0,1
Smart Lenovo Browser,9.0,1
Opera,90.1,1
Opera,91.0,1
Chrome,95.0,1
Firefox,99.0,1
