name,version,visitors
Chrome,144.0,491
Mobile App,(not set),285
Chrome,132.0,132
Microsoft Edge,144.0,96
Chrome,145.0,36
Huawei Browser Mobile,16.0,32
Safari,26.2,25
Chrome,143.0,19
Chrome,139.0,18
Firefox,147.0,18
Whale Browser,4.35,18
Mobile App,97.0,16
vivo Browser,28.0,11
Chrome,111.0,9
Chrome,140.0,9
Chrome,142.0,9
360 Secure Browser,(not set),8
Samsung Browser,29.0,6
Chrome,135.0,5
Chrome,141.0,5
Huawei Browser Mobile,17.0,5
Sogou Explorer,2,5
Safari,26.1,5
vivo Browser,27.9,5
Microsoft Edge,142.0,4
Mobile App,144.0,4
UC Browser,18.5,4
Safari,18.6,4
vivo Browser,27.6,4
Firefox,5.0,4
QQ Browser,6.2,4
Mobile App,116.0,3
Chrome,133.0,3
Chrome,137.0,3
MIUI Browser,20.12,3
MIUI Browser,20.2,3
vivo Browser,27.1,3
Samsung Browser,28.0,3
Chrome,69.0,3
Safari,(not set),2
Microsoft Edge,112.0,2
Chrome,112.0,2
Chrome,117.0,2
Mobile App,120.0,2
Microsoft Edge,126.0,2
Chrome,138.0,2
Microsoft Edge,143.0,2
Avast Secure Browser,143.0,2
Firefox,147.3,2
Safari,15.6,2
UC Browser,18.1,2
UC Browser,18.4,2
QQ Browser,20.1,2
vivo Browser,27.8,2
Whale Browser,4.34,2
(not set),(not set),1
Brave,(not set),1
Quark,10.3,1
vivo Browser,10.9,1
Mobile App,101.0,1
Chrome,105.0,1
Chrome,108.0,1
Chrome,109.0,1
Opera,115.0,1
Firefox,118.0,1
Huawei Browser Mobile,12.1,1
Chrome,125.0,1
Opera,127.0,1
Firefox,128.0,1
Chrome,128.0,1
Chrome,129.0,1
Chrome,131.0,1
Mobile App,133.0,1
Chrome,134.0,1
Microsoft Edge,134.0,1
Chrome,136.0,1
Microsoft Edge,138.0,1
Microsoft Edge,139.0,1
Firefox,139.0,1
MIUI Browser,14.10,1
Microsoft Edge,141.0,1
Microsoft Edge,145.0,1
UC Browser,15.5,1
Safari,16.6,1
Safari,17.14,1
MIUI Browser,17.4,1
Safari,17.5,1
UC Browser,17.7,1
Safari,18.2,1
MIUI Browser,20.11,1
MIUI Browser,20.7,1
Samsung Browser,21.0,1
Yandex Browser,25.12,1
vivo Browser,25.9,1
Safari,26.3,1
vivo Browser,27.2,1
Huawei Browser Mobile,5.1,1
Mobile App,76.0,1
Smart Lenovo Browser,9.0,1
Mobile App,90.0,1
Mobile App,99.0,1
