name,visitors
United States,34128
India,13225
United Kingdom,9946
Germany,9627
Russian Federation,9502
China,8548
France,7218
Japan,4406
Canada,4206
Brazil,4169
Poland,3558
Spain,3319
Netherlands,3317
Italy,2996
Singapore,2283
Australia,2193
Sweden,2186
Mexico,1975
Switzerland,1863
Hong Kong,1852
South Korea,1615
Ukraine,1329
Belgium,1277
Finland,1256
Vietnam,1249
Turkey,1207
Indonesia,1194
Austria,1166
Czechia,1066
Portugal,1010
Pakistan,947
Colombia,897
Philippines,831
Norway,805
Denmark,799
Ireland,749
Iran,702
Romania,690
Taiwan,683
Hungary,671
Nigeria,589
Argentina,553
Egypt,543
Malaysia,540
Greece,515
Thailand,497
Israel,494
Peru,481
South Africa,477
Bangladesh,452
Chile,448
Morocco,436
Bulgaria,370
Kazakhstan,365
United Arab Emirates,352
Kenya,329
Saudi Arabia,328
Slovakia,322
Serbia,314
Belarus,309
Uzbekistan,308
New Zealand,294
Algeria,286
Estonia,246
Nepal,237
Lithuania,227
Tunisia,204
Latvia,194
Sri Lanka,193
Croatia,189
Ecuador,186
Ghana,173
Costa Rica,170
Georgia,164
Ethiopia,163
Venezuela,162
Iraq,161
Slovenia,160
Azerbaijan,156
Luxembourg,146
Cyprus,145
Armenia,118
Dominican Republic,118
Uruguay,108
Cambodia,105
Kyrgyzstan,104
Moldova,97
Cameroon,94
Bolivia,93
Jordan,85
Uganda,77
Guatemala,72
Puerto Rico,72
Myanmar,70
Côte d'Ivoire,64
Panama,63
Lebanon,58
Yemen,56
El Salvador,54
Albania,52
Qatar,51
Iceland,48
Macao,47
Madagascar,46
Tanzania,45
Mongolia,43
Oman,43
Paraguay,43
Rwanda,42
Zimbabwe,42
Bosnia and Herzegovina,41
"Congo, The Democratic Republic of the",40
Senegal,39
Angola,37
Kuwait,37
Nicaragua,36
Honduras,35
Zambia,35
Bhutan,33
Benin,31
Mauritius,30
Syria,30
Seychelles,29
Jamaica,28
Cuba,27
Togo,27
Bahrain,23
Botswana,23
Malta,23
Réunion,23
"Palestine, State of",21
Kosovo,21
North Macedonia,19
Libya,18
Montenegro,18
Tajikistan,18
Trinidad and Tobago,18
Burkina Faso,17
Cabo Verde,17
Mozambique,17
Afghanistan,15
Sudan,15
Laos,14
Malawi,14
Congo,13
Mali,13
Niger,13
Somalia,12
Martinique,10
Sierra Leone,10
Brunei Darussalam,9
Guinea,9
Haiti,9
Mauritania,7
New Caledonia,7
Bahamas,6
Liechtenstein,6
Andorra,5
Burundi,5
Gambia,5
Isle of Man,5
Liberia,5
Monaco,5
Namibia,5
Curaçao,4
Guadeloupe,4
Guyana,4
Lesotho,4
Maldives,4
Antigua and Barbuda,3
Barbados,3
Bermuda,3
French Guiana,3
Cayman Islands,3
French Polynesia,3
Suriname,3
Saint Vincent and the Grenadines,3
Fiji,2
Gabon,2
Grenada,2
Guinea-Bissau,2
Saint Lucia,2
Northern Mariana Islands,2
San Marino,2
Eswatini,2
"Virgin Islands, British",2
Aruba,1
Åland Islands,1
Belize,1
Eritrea,1
Falkland Islands (Malvinas),1
Faroe Islands,1
Guernsey,1
Gibraltar,1
Greenland,1
Papua New Guinea,1
South Sudan,1
Sao Tome and Principe,1
Chad,1
