name,visitors,bounce_rate,visit_duration
google.com,70098,80,107
Direct / None,56045,70,171
python.org,7728,58,156
bing.com,5575,78,113
duckduckgo.com,4047,79,111
yandex.ru,3335,79,58
search.brave.com,2059,80,95
cn.bing.com,1614,70,136
chatgpt.com,1306,70,154
boot.dev,934,78,133
cs50.harvard.edu,873,71,239
pythoninsider.blogspot.com,575,60,109
ecosia.org,510,79,127
udemy.com,463,89,54
android-app://com.google.android.googlequicksearchbox,451,88,33
baidu.com/link,441,73,115
google.com.hk,369,79,128
pandas.pydata.org,313,83,111
discuss.python.org,299,74,100
realpython.com,267,79,134
github.com,264,80,68
ya.ru,252,85,154
statics.teams.cdn.office.net,236,84,52
netacad.com,220,91,20
practicum.yandex.ru,209,80,86
roadmap.sh,192,82,126
colab.research.google.com,188,49,414
qwant.com,184,73,209
m.baidu.com,183,84,33
wiki.python.org,175,53,211
qiita.com,166,82,131
code.visualstudio.com,160,79,82
pip.pypa.io/en/stable/installation,144,74,80
note.nkmk.me,136,86,82
docs.pydantic.dev,116,87,63
docs.pytorch.org,109,90,37
news.ycombinator.com,109,94,69
es.python.org,108,58,148
doubao.com,102,52,182
yandex.ru/search,102,88,70
numpy.org,100,81,72
search.yahoo.com,100,78,219
peps.python.org,99,77,68
baidu.com,96,62,186
codecademy.com,96,88,58
youtube.com,95,78,72
google.co.uk,87,79,108
mooc1.chaoxing.com/ananas/modules/zt/hyperlink/index-pc.html,87,48,126
perplexity.ai,83,87,27
pensieve.co,81,58,132
pypi.org,80,85,54
yandex.by,77,86,20
pytest-mock.readthedocs.io/en/latest/usage.html,74,76,130
scikit-learn.org,73,76,39
rakhim.exotext.com,72,93,10
fastapi.tiangolo.com,68,84,52
in.search.yahoo.com,68,87,51
code.amazon.com,67,88,12
pygame.org,67,83,98
google.ru,66,79,114
openclassrooms.com,66,83,20
gemini.google.com,62,67,283
hackerrank.com,61,71,1018
link.zhihu.com,61,67,118
yandex.kz,61,90,24
notebooks.githubusercontent.com,56,81,42
google.fr,55,81,76
link.csdn.net,55,65,231
github.com/yt-dlp/yt-dlp,53,83,48
learn.microsoft.com,53,81,48
python-docs-translations.github.io,51,37,519
app.kira-learning.com,49,88,42
cursos.alura.com.br,49,84,50
reddit.com,48,73,90
lms.yandex.ru,47,88,10
copilot.microsoft.com,46,74,109
langchain-ai.github.io,46,96,34
itgkhub.apps.stack.it.ntnu.no,45,73,159
blog.python.org,44,66,220
access.ifi.uzh.ch,43,53,138
kivy.org,43,72,45
moodle.nottingham.ac.uk,43,51,285
stackoverflow.com,43,81,129
airflow.apache.org,42,93,47
developers.google.com,42,86,54
networkx.org,40,78,12
codedex.io,39,85,44
engdoc.corp.google.com,39,82,139
odoo.com,38,95,1
en.wikipedia.org,36,78,67
google.de,36,75,164
learn.zybooks.com,36,87,15
moodle.polymtl.ca,36,76,241
proxy.vocareum.com,36,84,98
savanna.alxafrica.com,36,90,64
classroom.google.com,34,81,274
claude.ai,33,71,211
developer.mozilla.org,33,53,203
moodle2526.up.pt,33,81,77
theforage.com,33,66,67
aprender3.unb.br,32,55,591
lms.skillfactory.ru,32,90,19
so.com/link,32,81,157
docs.astral.sh,30,86,70
yossarian.net,30,80,13
git.arts.ac.uk,29,72,189
github.com/astral-sh/uv/releases,29,79,108
linkedin.com,29,90,24
127.0.0.1,28,88,226
capytale2.ac-paris.fr,27,72,284
l.facebook.com,27,90,26
mne.tools,27,93,2
g3doc.corp.google.com,26,85,108
cueods.github.io,25,88,39
docs.ansible.com,25,92,93
utokyo-ipp.github.io,25,72,74
arena.neoekonomi.com,24,67,16
elearn.epam.com,24,79,64
m.facebook.com,24,92,2
packaging.python.org/en/latest/tutorials/installing-packages,24,79,70
qna.habr.com,24,92,2
mdl.hs-duesseldorf.de,23,42,505
search.yahoo.co.jp,23,65,86
theregister.com,23,77,51
courses.edx.org,22,77,25
edimension.sutd.edu.sg,22,93,13
leetcode.com,22,86,70
s3.eu-west-1.amazonaws.com,22,59,9
test.python.org,22,57,717
cs.upc.edu,21,64,131
fr.search.yahoo.com,21,71,254
liaoxuefeng.com,21,76,153
packaging.python.org/en/latest/tutorials/packaging-projects,21,86,16
android-app://com.reddit.frontpage,20,73,95
blackboard.le.ac.uk,20,95,26
blog.pythonlibrary.org,20,50,152
docs.google.com,20,82,43
moodle.unizar.es,20,65,39
runoob.com,20,41,248
edube.org,19,100,0
github.com/bellmann-engineering/python-basic-to-advanced/blob/main/files-data-and-oop/files-data-and-oop.md,19,60,638
python.it,19,56,133
coderivers.org,18,76,17
sphinx-doc.org/en/master,18,89,1
ytrack.learn.ynov.com,18,94,0
android-app://com.linkedin.android,17,82,158
gstatic.com,17,95,0
it.caolu.xin,17,100,0
pip.pypa.io,17,94,1
python.jp,17,56,37
athena.alxafrica.com,16,100,0
aulavirtual.urjc.es,16,69,295
crackstation.net,16,75,55
tutoria.ualg.pt,16,37,501
yandex.com,16,94,145
android-app://com.slack,15,73,42
bing.com/search,15,80,18
docs.pytest.org/en/stable/reference/reference.html,15,93,60
huggingface.co,15,93,21
jupyter.kent.ac.uk,15,93,2
moodle.tlu.ee,15,47,2016
object-oriented-python.github.io,15,93,26
skillbox.ru,15,88,58
uk.search.yahoo.com,15,88,15
upgrad.com,15,100,0
us.prairielearn.com,15,53,335
yandex.com.tr,15,73,14
yuanbao.tencent.com,15,79,80
172.17.106.232,14,43,274
br.search.yahoo.com,14,86,90
cn.bing.com/search,14,77,32
cs396-stevens.github.io,14,80,24
github.com/tree-sitter/tree-sitter-python,14,57,15
google.com.au,14,71,185
intranet.hbtn.io,14,81,146
login.microsoftonline.com,14,54,293
pro.arcgis.com,14,53,131
schooding.fr,14,44,111
statics.gov.teams.microsoft.us,14,92,1
substack.com,14,79,2
ai.pydantic.dev,13,85,208
id.search.yahoo.com,13,62,19
jupyter.ost.ch,13,63,477
learn.lewagon.com,13,92,6
lms.apu.ac.jp,13,69,268
m.baidu.com/s,13,100,0
moodle.cc.sophia.ac.jp,13,31,1318
python-forum.io,13,85,55
python.org/psf-landing,13,69,102
robotframework.org,13,64,265
srmrmp.codetantra.com,13,85,78
strftime.org,13,100,0
superfastpython.com,13,92,14
app.dataquest.io,12,58,281
docs.pola.rs,12,100,0
github.com/ladaapp/lada,12,92,113
mail.google.com,12,100,0
modules.lancaster.ac.uk,12,54,51
py4e.com,12,73,101
safe.menlosecurity.com,12,85,107
search.lilo.org,12,100,0
sites.google.com,12,83,48
vscode.dev,12,75,12
algo01.mi.u-tokyo.ac.jp,11,82,275
app.certidevs.com,11,85,146
bitcamp.ge,11,71,91
cnblogs.com,11,55,37
datacamp.com,11,73,443
digitalocean.com,11,73,23
edube.org/learn/pe-2/using-modules-9,11,73,8
flask.palletsprojects.com,11,91,0
google.ca,11,82,14
google.github.io,11,91,1
ida.liu.se,11,73,102
learn.nvidia.com,11,82,206
mastergroosha.github.io,11,83,259
open.uom.lk,11,100,0
packaging.python.org,11,93,1
pwn.college,11,91,2
pytest-mock.readthedocs.io,11,55,149
python.github.net.cn,11,50,322
sky.pro,11,100,0
tongyi.com,11,55,289
app.aluracursos.com,10,80,110
byui-cse.github.io,10,73,352
c.biancheng.net,10,90,93
cantera.org,10,80,4
chat.baidu.com,10,70,16
codecademy-enterprise.percipio.com,10,91,4
critique.corp.google.com,10,100,0
docs.pytest.org/en/stable/how-to/capture-warnings.html,10,100,0
fnil.gitbook.io/computer-network/shi-yan/lab-3socket-bian-cheng,10,100,0
home-assistant.io/docs/configuration/templating,10,82,18
jupyter.org,10,70,298
learnpython.org,10,80,118
loguru.readthedocs.io/en/stable/api/logger.html,10,70,151
moodle.unige.ch,10,64,48
ntp.msn.com,10,67,655
overleaf.com,10,70,22
python.org/downloads,10,80,66
python.org/downloads/release/python-3140,10,50,268
pythonmorsels.com,10,73,203
runestone.academy,10,55,453
w3.cs.jmu.edu,10,90,122
yandex.uz,10,91,1
bitarrow.eplang.jp,9,78,7
byhy.net,9,78,6
cloud.google.com,9,56,151
courses.campus.gov.il,9,78,162
death.andgravity.com,9,100,0
discordpy.readthedocs.io,9,89,81
flask.palletsprojects.com/en/stable/api,9,78,13
isaac-sim.github.io,9,78,168
lab.ssafy.com,9,67,81
medium.com,9,78,5
onlinecourses.nptel.ac.in,9,100,0
openstax.org,9,60,220
packaging.python.org/en/latest/guides/tool-recommendations,9,56,9
perso.esiee.fr,9,78,102
portal.e-yantra.org,9,100,0
pyformat.info,9,89,168
universityofmanitoba.desire2learn.com,9,89,0
w3schools.com,9,100,0
web.dio.me,9,75,37
arstechnica.com,8,62,27
campusvirtual.unicafam.edu.co,8,75,110
code.s3.yandex.net,8,88,1
cs.uni.edu,8,100,0
docs.aiohttp.org/en/stable/client_reference.html,8,88,15
docs.ros.org,8,100,0
docs.sqlalchemy.org,8,100,0
edube.org/learn/pe-1/section-summary-72,8,100,0
flask.palletsprojects.com/en/stable/tutorial,8,100,0
google.ch,8,100,0
hitachigroup.okta.com,8,50,26
hub.comp-teach.qmul.ac.uk,8,88,34
jinja.palletsprojects.com/en/stable/templates,8,88,2
l.workplace.com,8,88,389
microsoft.github.io,8,88,2
mooshak.dcc.fc.up.pt,8,88,3
nb.anaconda.com,8,88,27
programiz.com,8,75,8
python.pages.doc.ic.ac.uk,8,100,0
pythoncheatsheet.org,8,100,0
savio.utb.edu.co,8,89,28
t.co,8,100,70
training.olicyber.it,8,88,80
uneex.ru,8,56,1024
wentworth.brightspace.com,8,67,105
ycopin.pages.in2p3.fr,8,62,145
algo-method.com,7,29,328
amuletmc.com,7,86,2
app.codesignal.com,7,86,1
cocalc.com,7,100,0
confluence.ecmwf.int,7,100,0
cs61a.org,7,43,23
discuss.streamlit.io,7,71,63
docs.pytest.org/en/stable/how-to/logging.html,7,86,21
docs.scrapy.org/en/latest/intro/install.html,7,86,1
docs.snowflake.com,7,100,0
