name,visitors,pageviews,bounce_rate,time_on_page,scroll_depth
/downloads/,250808,337466,66,71,26
/,167330,211785,51,42,43
/downloads/release/python-3137/,89729,100399,59,58,72
/downloads/windows/,83775,88565,70,71,12
/search/,12438,16155,41,120,55
/downloads/macos/,11545,12829,62,29,15
/about/gettingstarted/,11344,11548,58,107,60
/doc/,8424,9382,43,21,49
/psf-landing/,6219,6966,38,12,41
/downloads/source/,5110,5233,56,28,13
/downloads/release/python-31113/,5045,5557,33,31,81
/about/,4757,4873,46,19,44
/downloads/release/pymanager-250b15/,4662,3911,53,28,66
/downloads/release/python-3110/,4482,4725,65,32,75
/downloads/release/python-3120/,4465,4769,62,28,72
/downloads/release/python-3100/,4439,4742,66,30,75
/downloads/release/python-3135/,3980,4021,58,34,64
/downloads/release/python-3119/,3906,3824,74,32,79
/downloads/release/python-31211/,3293,3400,39,33,80
/jobs/,3104,3274,54,24,29
/downloads/release/python-31018/,3071,3193,39,34,81
/community/,2905,2870,58,28,46
/downloads/release/python-31210/,2666,2405,75,37,78
/downloads/android/,2588,3106,44,437,52
/download/pre-releases/,2354,2230,33,15,70
/download/other/,2327,2268,54,27,65
/downloads/release/python-31011/,2241,2251,73,31,81
/downloads/release/python-3136/,2053,1801,63,29,73
/downloads/release/python-390/,1937,2141,57,48,72
/downloads/release/python-3130/,1909,1909,65,36,65
/downloads/release/python-3140rc3/,1909,2724,45,26,53
/about/apps/,1895,1804,55,29,53
/download/releases/,1878,1644,26,12,77
/downloads/release/python-3106/,1873,2174,79,36,80
/downloads/release/python-380/,1390,1440,56,44,69
/downloads/release/python-3923/,1290,1275,36,30,79
/blogs/,1252,1275,52,19,56
/shell/,1194,1385,71,49,39
/downloads/release/python-3810/,1161,1179,71,47,77
/downloads/release/python-3820/,1157,1161,38,31,77
/getit/,1035,1134,60,51,29
/downloads/release/python-31112/,992,872,31,21,79
/downloads/release/python-3913/,950,970,70,52,77
/doc/versions/,883,860,68,26,27
/downloads/release/python-3129/,859,806,74,36,79
/success-stories/,856,780,57,18,36
/downloads/release/python-3124/,852,900,60,38,70
/downloads/release/python-3133/,800,781,74,35,70
/downloads/release/python-3123/,799,816,67,34,72
/downloads/release/python-2718/,754,764,77,42,72
/downloads/release/python-370/,752,792,54,39,65
/downloads/release/python-31017/,743,684,35,27,77
/downloads/release/python-31111/,726,690,42,25,77
/downloads/release/python-3128/,700,651,74,30,74
/downloads/release/python-3127/,677,652,75,33,76
/downloads/release/python-3126/,648,658,66,90,75
/downloads/release/python-31012/,620,795,38,37,80
/downloads/release/python-31010/,609,621,69,59,79
/downloads/release/python-31013/,536,560,37,25,80
/downloads/release/python-3922/,523,452,30,29,76
/downloads/release/python-3132/,518,519,68,26,72
/downloads/release/python-3114/,484,498,62,35,76
/downloads/release/python-31016/,464,405,40,25,80
/downloads/release/python-3109/,457,438,73,32,80
/downloads/release/python-31110/,457,429,37,22,80
/downloads/release/python-379/,456,488,59,45,73
/downloads/release/python-3717/,455,451,30,43,74
/download/releases/2.7/,431,443,60,36,64
/community/logos/,422,613,60,22,59
/downloads/release/python-31015/,422,390,52,24,81
/accounts/login/,416,591,45,28,54
/downloads/release/python-3118/,416,408,76,37,79
/download,395,403,36,14,68
/about/help/,369,360,50,73,51
/downloads/release/python-31014/,354,348,40,24,80
/downloads/release/python-3131/,351,396,68,37,74
/downloads/release/python-3115/,347,348,74,42,80
/downloads/release/python-3117/,346,321,76,29,78
/events/,342,308,67,39,29
/downloads/release/python-3111/,341,349,73,25,78
/downloads/release/python-3122/,338,340,70,36,77
/downloads/release/python-3116/,336,319,79,32,79
/downloads/release/python-3125/,326,321,66,42,76
/psf/donations/,325,306,63,11,42
/doc/av/,321,300,62,26,44
/getit/windows/,315,303,59,31,9
/downloads/release/python-360/,314,339,55,43,67
/psf/membership/,309,289,35,16,57
/download/releases/3.0/,304,294,56,20,55
/success-stories/category/education/,304,310,51,18,65
/downloads/release/python-368/,292,318,69,36,73
/download/alternatives/,289,240,54,32,66
/downloads/release/python-3921/,288,246,54,19,78
/downloads/release/python-377/,285,300,53,49,71
/downloads/release/python-386/,285,273,53,47,74
/downloads/release/python-3918/,272,282,41,34,79
/downloads/release/python-3134/,269,248,67,36,75
/downloads/release/python-3920/,268,265,41,30,82
/success-stories/category/business/,268,255,60,18,61
/downloads/release/python-3121/,261,253,69,54,76
