property,value,visitors,events,percentage
url,(none),25806,33338,99.4
url,https://www.python.org/,254,268,1.0
url,https://github.com/python/peps/blob/main/peps/pep-0619.rst,176,188,0.7
url,https://github.com/python/peps/blob/main/peps/pep-0664.rst,157,168,0.6
url,https://github.com/python/peps/blob/main/peps/pep-0719.rst,121,134,0.5
url,https://github.com/python/peps/blob/main/peps/pep-0596.rst,86,91,0.3
url,https://github.com/python/peps/blob/main/peps/pep-0693.rst,81,84,0.3
url,https://github.com/python/peps/blob/main/peps/pep-0745.rst,76,78,0.3
url,https://docs.python.org/3.12/whatsnew/3.12.html,29,30,0.1
url,https://github.com/python/peps/blob/main/peps/pep-0569.rst,26,27,0.1
url,https://packaging.python.org/en/latest/specifications/,26,27,0.1
url,https://packaging.python.org/en/latest/specifications/version-specifiers/#version-specifiers,23,23,0.1
url,https://typing.python.org/en/latest/spec/typeddict.html#typeddict,20,20,0.1
url,https://packaging.python.org/en/latest/specifications/pylock-toml/#pylock-toml-spec,19,20,0.1
url,https://typing.python.org/en/latest/spec/class-compat.html#override,17,17,0.1
url,https://github.com/python/peps/blob/main/peps/pep-0008.rst,16,16,0.1
url,https://typing.python.org/en/latest/spec/directives.html#deprecated,16,16,0.1
url,https://packaging.python.org/en/latest/specifications/dependency-specifiers/#dependency-specifiers,14,14,0.1
url,https://discuss.python.org/t/pep-596-python-3-9-release-schedule-doubling-the-release-cadence/1828,13,14,0.1
url,https://packaging.python.org/en/latest/specifications/pyproject-toml/#pyproject-toml-spec,13,13,0.1
url,https://mail.python.org/pipermail/python-dev/2012-June/120505.html,12,13,0.0
url,https://typing.python.org/en/latest/spec/generics.html#self,11,11,0.0
url,https://docs.python.org/3/library/stdtypes.html#types-union,10,10,0.0
url,https://github.com/python/peps/blob/main/peps/pep-0020.rst,10,10,0.0
url,https://groups.google.com/d/msg/comp.lang.python/B_VxeTBClM0/L8W9KlsiriUJ,10,10,0.0
url,https://packaging.python.org/en/latest/specifications/inline-script-metadata/#inline-script-metadata,10,10,0.0
url,https://github.com/python/peps/blob/main/peps/pep-0602.rst,9,9,0.0
url,https://github.com/python/peps/commits/main/peps/pep-0664.rst,9,9,0.0
url,https://typing.python.org/en/latest/spec/protocol.html#protocols,9,10,0.0
url,https://packaging.python.org/en/latest/specifications/binary-distribution-format/#binary-distribution-format,8,8,0.0
url,https://packaging.python.org/en/latest/specifications/externally-managed-environments/#externally-managed-environments,8,8,0.0
url,https://typing.python.org/en/latest/spec/,8,9,0.0
url,https://docs.python.org/3/library/stdtypes.html#types-genericalias,7,8,0.0
url,https://docs.python.org/3/library/typing.html#typing.Self,7,7,0.0
url,https://docs.python.org/3/reference/compound_stmts.html#match,7,7,0.0
url,https://packaging.python.org/en/latest/specifications/core-metadata/#core-metadata,7,7,0.0
url,https://typing.python.org/en/latest/spec/generics.html#typevartuple,7,8,0.0
url,https://www.pypa.io/en/latest/specifications/#handling-fixes-and-other-minor-updates,7,7,0.0
url,http://barry.warsaw.us/software/STYLEGUIDE.txt,6,6,0.0
url,https://docs.python.org/3.13/library/warnings.html#warnings.deprecated,6,6,0.0
url,https://docs.python.org/3/reference/simple_stmts.html#annassign,6,6,0.0
url,https://docs.python.org/3/using/ios.html#using-ios,6,6,0.0
url,https://packaging.python.org/en/latest/specifications/dependency-groups/#dependency-groups,6,6,0.0
url,https://typing.python.org/en/latest/spec/callables.html#unpack-kwargs,6,6,0.0
url,https://docs.djangoproject.com/en/5.1/ref/utils/#django.utils.html.format_html,5,5,0.0
url,https://docs.python.org/3/library/typing.html#typing.TypedDict,5,5,0.0
url,https://github.com/python/peps/blob/main/peps/pep-0249.rst,5,5,0.0
url,https://github.com/python/peps/blob/main/peps/pep-0790.rst,5,5,0.0
url,https://mail.python.org/pipermail/python-dev/2006-February/060793.html,5,5,0.0
url,https://mail.python.org/pipermail/python-dev/2018-July/154601.html,5,5,0.0
url,https://typing.python.org/en/latest/spec/distributing.html#packaging-typed-libraries,5,5,0.0
url,https://discuss.python.org/t/pep-690-lazy-imports-again/19661/26,4,4,0.0
url,https://docs.python.org/3.11/whatsnew/3.11.html#faster-cpython,4,4,0.0
url,https://docs.python.org/3/using/android.html#using-android,4,4,0.0
url,https://github.com/python/peps,4,4,0.0
url,https://github.com/python/peps/blob/main/peps/pep-0402.rst,4,8,0.0
url,https://github.com/python/peps/commits/main/peps/pep-0008.rst,4,5,0.0
url,https://github.com/python/peps/commits/main/peps/pep-0619.rst,4,4,0.0
url,https://github.com/python/peps/commits/main/peps/pep-0719.rst,4,4,0.0
url,https://mail.python.org/archives/list/python-dev@python.org/thread/BO2TQHSXWL2RJMINWQQRBF5LANDDJNHH/,4,4,0.0
url,https://mail.python.org/archives/list/python-dev@python.org/thread/KE7OS4PZASZMFTW2FP2MWZU5R4Q2QZKU/,4,4,0.0
url,https://packaging.python.org/en/latest/discussions/versioning/#runtime-version-access,4,4,0.0
url,https://typing.python.org/en/latest/spec/narrowing.html#typeguard,4,4,0.0
url,http://linux.die.net/man/2/execve,3,3,0.0
url,http://mail.zope.org/pipermail/zope3-dev/2002-December/004251.html,3,4,0.0
url,https://bugs.python.org/issue526840,3,3,0.0
url,https://discuss.python.org/c/ideas/,3,4,0.0
url,https://discuss.python.org/t/92548,3,3,0.0
url,https://discuss.python.org/t/pep-661-sentinel-values/9126,3,3,0.0
url,https://discuss.python.org/t/pep-696-type-defaults-for-typevarlikes/22569/34,3,3,0.0
url,https://docs.python.org/3/library/typing.html#typing.override,3,3,0.0
url,https://docs.python.org/3/reference/simple_stmts.html#type,3,3,0.0
url,https://github.com/python/peps/blob/main/peps/pep-0007.rst,3,3,0.0
url,https://github.com/python/peps/blob/main/peps/pep-0257.rst,3,4,0.0
url,https://github.com/python/peps/blob/main/peps/pep-0263.rst,3,3,0.0
url,https://github.com/python/peps/blob/main/peps/pep-0397.rst,3,3,0.0
url,https://github.com/python/peps/blob/main/peps/pep-0478.rst,3,4,0.0
url,https://github.com/python/peps/blob/main/peps/pep-0505.rst,3,3,0.0
url,https://github.com/python/peps/commits/main/peps/pep-0693.rst,3,3,0.0
url,https://github.com/python/peps/commits/main/peps/pep-0745.rst,3,3,0.0
url,https://github.com/python/typeshed,3,3,0.0
url,https://mail.python.org/archives/list/python-committers@python.org/message/SQC2FTLFV5A7DV7RCEAR2I2IKJKGK7W3,3,3,0.0
url,https://mail.python.org/archives/list/python-dev@python.org/,3,3,0.0
url,https://mail.python.org/archives/list/python-dev@python.org/thread/VQKDIZLZ6HF2MLTNCUFURK2IFTXVQEYA/,3,3,0.0
url,https://mail.python.org/mailman/listinfo/doc-sig,3,3,0.0
url,https://pypi.org/project/telnetlib3/,3,3,0.0
url,https://typing.python.org/en/latest/spec/literal.html#literalstring,3,5,0.0
url,https://typing.python.org/en/latest/spec/meta.html,3,3,0.0
url,https://typing.python.org/en/latest/spec/narrowing.html#typeis,3,3,0.0
url,https://www.artima.com/weblogs/viewpost.jsp?thread=85551,3,3,0.0
url,http://docs.python.org/library/warnings.html,2,2,0.0
url,http://docutils.sourceforge.net/docs/dev/rst/problems.html#section-structure-via-indentation,2,2,0.0
url,http://docutils.sourceforge.net/docs/ref/rst/restructuredtext.html,2,2,0.0
url,http://mypy-lang.org/,2,3,0.0
url,http://www.wikipedia.com/wiki/Camel_case,2,2,0.0
url,https://bitbucket.org/vinay.sajip/pylauncher,2,3,0.0
url,https://devguide.python.org/devcycle/#end-of-life-branches,2,2,0.0
url,https://discuss.python.org/t/13508,2,2,0.0
url,https://discuss.python.org/t/22606,2,2,0.0
url,https://discuss.python.org/t/32566,2,2,0.0
url,https://discuss.python.org/t/pep-602-annual-release-cycle-for-python/2296/,2,2,0.0
url,https://discuss.python.org/t/pep-621-round-3/5472,2,2,0.0
url,https://discuss.python.org/t/pep-703-making-the-global-interpreter-lock-optional-in-cpython-acceptance/37075,2,2,0.0
url,https://discuss.python.org/t/pep-738-adding-android-as-a-supported-platform/40975,2,2,0.0
url,https://discuss.python.org/t/pep-738-adding-android-as-a-supported-platform/40975/23,2,2,0.0
url,https://docs.python.org/3.13/library/typing.html#typing.TypeIs,2,2,0.0
url,https://docs.python.org/3/library/exceptions.html#lib-exception-groups,2,2,0.0
url,https://docs.python.org/3/library/importlib.html#importlib.util.LazyLoader,2,2,0.0
url,https://docs.python.org/3/library/stdtypes.html#printf-style-string-formatting,2,2,0.0
url,https://docs.python.org/3/library/typing.html#typing.Protocol,2,2,0.0
url,https://docs.python.org/3/library/typing.html#typing.TypeGuard,2,2,0.0
url,https://docs.python.org/3/reference/compound_stmts.html#except-star,2,2,0.0
url,https://docs.python.org/3/reference/datamodel.html#customizing-module-attribute-access,2,2,0.0
url,https://docs.python.org/3/reference/datamodel.html#object.__class_getitem__,2,2,0.0
url,https://docs.python.org/3/tutorial/errors.html#tut-exception-groups,2,2,0.0
url,https://en.wikipedia.org/wiki/Structural_type_system,2,2,0.0
url,https://facebook.github.io/zstd/,2,2,0.0
url,https://facebook.github.io/zstd/#references,2,2,0.0
url,https://github.com/emmatyping/stub-package,2,2,0.0
url,https://github.com/pypa/pypi-support/issues/new?labels=PEP+541&template=pep541-request.yml&title=PEP+541+Request%3A+PROJECT_NAME,2,2,0.0
url,https://github.com/python/peps/blob/main/peps/pep-0448.rst,2,3,0.0
url,https://github.com/python/peps/blob/main/peps/pep-0537.rst,2,2,0.0
url,https://github.com/python/peps/blob/main/peps/pep-0623.rst,2,2,0.0
url,https://github.com/python/peps/blob/main/peps/pep-0636.rst,2,2,0.0
url,https://github.com/python/peps/blob/main/peps/pep-0657.rst,2,2,0.0
url,https://github.com/python/peps/blob/main/peps/pep-0791.rst,2,2,0.0
url,https://github.com/python/peps/blob/main/peps/pep-3113.rst,2,2,0.0
url,https://github.com/python/peps/blob/main/peps/pep-3152.rst,2,2,0.0
url,https://github.com/python/peps/blob/main/peps/pep-3333.rst,2,2,0.0
url,https://github.com/python/peps/commits/main/peps/pep-0596.rst,2,2,0.0
url,https://mail.python.org/archives/list/distutils-sig@python.org/,2,3,0.0
url,https://mail.python.org/pipermail/python-3000/2007-July/008663.html,2,2,0.0
url,https://mail.python.org/pipermail/python-committers/2018-July/005664.html,2,2,0.0
url,https://mail.python.org/pipermail/python-dev/2015-February/138564.html,2,3,0.0
url,https://mail.python.org/pipermail/python-dev/2016-September/146282.html,2,2,0.0
url,https://packaging.python.org/en/latest/discussions/single-source-version/#single-source-version,2,2,0.0
url,https://packaging.python.org/specifications/core-metadata/,2,2,0.0
url,https://pypi.org/project/Exscript/,2,2,0.0
url,https://spdx.github.io/spdx-spec/v2.2.2/SPDX-license-expressions/,2,3,0.0
url,https://toml.io/,2,2,0.0
url,https://typing.python.org/en/latest/spec/dataclasses.html#dataclass-transform,2,2,0.0
url,https://typing.python.org/en/latest/spec/qualifiers.html#annotated,2,2,0.0
url,https://typing.python.org/en/latest/spec/typeddict.html#required-notrequired,2,2,0.0
url,http://docs.python.org/3/extending/extending.html#keyword-parameters-for-extension-functions,1,1,0.0
url,http://docs.python.org/library/stdtypes.html#string-formatting-operations,1,1,0.0
url,http://docutils.sourceforge.net/docs/ref/rst/directives.html,1,1,0.0
url,http://docutils.sourceforge.net/docs/ref/rst/introduction.html,1,1,0.0
url,http://docutils.sourceforge.net/docs/user/rst/quickref.html,1,1,0.0
url,http://docutils.sourceforge.net/docs/user/rst/quickstart.html,1,1,0.0
url,http://docutils.sourceforge.net/rst.html,1,1,0.0
url,http://groups.google.com/group/comp.lang.python/browse_thread/thread/c44c769a72ca69fa/,1,1,0.0
url,http://hg.python.org/features/pep-420,1,1,0.0
url,http://ironpython.net/,1,1,0.0
url,http://java.sun.com/j2se/1.4/docs/guide/util/logging/,1,4,0.0
url,http://pypi.python.org/pypi/pathlib/,1,1,0.0
url,http://pypy.org/,1,1,0.0
url,http://qinsb.blogspot.com.au/2011/03/unladen-swallow-retrospective.html,1,1,0.0
url,http://svn.python.org/projects/python/branches/pep-0384/Tools/scripts/abitype.py,1,1,0.0
url,http://wphomes.soic.indiana.edu/jsiek/what-is-gradual-typing/,1,1,0.0
url,http://www.amk.ca/diary/archives/cat_python.html#003255,1,1,0.0
url,http://www.cpan.org/,1,1,0.0
url,http://www.joelonsoftware.com/articles/fog0000000069.html,1,1,0.0
url,http://www.martinaspeli.net/articles/the-naming-of-things-package-names-and-namespaces,1,1,0.0
url,http://www.open-std.org/jtc1/sc22/wg21/docs/papers/2013/n3499.html,1,1,0.0
url,http://www.python.org/doc/essays/ppt/python10/py10keynote.pdf,1,1,0.0
url,http://www.python.org/moin/PythonDecorators,1,1,0.0
url,http://www.python.org/sigs/doc-sig/,1,1,0.0
url,http://www.python.org/topics/database/,1,1,0.0
url,http://www.tiobe.com/index.php/content/paperinfo/tpci/index.html,1,2,0.0
url,http://yaml.org/,1,1,0.0
url,http://zanata.org/,1,1,0.0
url,https://alpinelinux.org/,1,1,0.0
url,https://bitbucket.org/vinay.sajip/pylauncher/src/tip/Doc/launcher.rst,1,1,0.0
url,https://blog.phylum.io/a-pypi-typosquatting-campaign-post-mortem/,1,1,0.0
url,https://blog.pypi.org/posts/2023-04-23-introducing-pypi-organizations/,1,1,0.0
url,https://bugs.python.org/issue1429601,1,1,0.0
url,https://bugs.python.org/issue31784,1,1,0.0
url,https://bugs.python.org/issue40059,1,1,0.0
url,https://chaquo.com/chaquopy/,1,1,0.0
url,https://cloud.google.com/products/compute,1,1,0.0
url,https://datatracker.ietf.org/doc/html/rfc2822.html,1,1,0.0
url,https://devguide.python.org/devcycle/,1,1,0.0
url,https://devguide.python.org/developers/,1,1,0.0
url,https://devguide.python.org/development-tools/clinic/,1,1,0.0
url,https://discuss.python.org/,1,1,0.0
url,https://discuss.python.org/c/packaging/,1,1,0.0
url,https://discuss.python.org/c/peps/,1,1,0.0
url,https://discuss.python.org/c/typing/,1,1,0.0
url,https://discuss.python.org/t/10302,1,1,0.0
url,https://discuss.python.org/t/13508/22,1,1,0.0
url,https://discuss.python.org/t/19583/42,1,1,0.0
url,https://discuss.python.org/t/22042,1,1,0.0
url,https://discuss.python.org/t/24179/72,1,1,0.0
url,https://discuss.python.org/t/26127/86,1,2,0.0
url,https://discuss.python.org/t/28457/,1,1,0.0
url,https://discuss.python.org/t/31888,1,1,0.0
url,https://discuss.python.org/t/43432/222,1,2,0.0
url,https://discuss.python.org/t/53020,1,1,0.0
url,https://discuss.python.org/t/71594,1,1,0.0
url,https://discuss.python.org/t/71594/130,1,1,0.0
url,https://discuss.python.org/t/77293,1,1,0.0
url,https://discuss.python.org/t/77293/150,1,1,0.0
url,https://discuss.python.org/t/91269,1,1,0.0
url,https://discuss.python.org/t/91337/35,1,1,0.0
url,https://discuss.python.org/t/accepting-pep-654-exception-groups-and-except/10813/9,1,1,0.0
url,https://discuss.python.org/t/expanding-readonly-to-normal-classes-protocols/67359,1,1,0.0
url,https://discuss.python.org/t/pep-2026-calendar-versioning-for-python/55782,1,1,0.0
url,https://discuss.python.org/t/pep-2026-calendar-versioning-for-python/55782/126,1,1,0.0
url,https://discuss.python.org/t/pep-458-secure-pypi-downloads-with-package-signing/2648/115,1,1,0.0
url,https://discuss.python.org/t/pep-582-python-local-packages-directory/963/430,1,1,0.0
url,https://discuss.python.org/t/pep-600-future-manylinux-platform-tags-for-portable-linux-built-distributions/2414/27,1,1,0.0
url,https://discuss.python.org/t/pep-602-annual-release-cycle-for-python/2296/79?u=ambv,1,1,0.0
url,https://discuss.python.org/t/pep-685-comparison-of-extra-names-for-optional-distribution-dependencies/14141/55,1,1,0.0
url,https://discuss.python.org/t/pep-690-lazy-imports/15474,1,1,0.0
url,https://discuss.python.org/t/pep-696-type-defaults-for-typevarlikes/22569,1,1,0.0
url,https://discuss.python.org/t/pep-698-a-typing-override-decorator/20839/11,1,1,0.0
url,https://discuss.python.org/t/pep-701-syntactic-formalization-of-f-strings/22046,1,1,0.0
url,https://discuss.python.org/t/pep-701-syntactic-formalization-of-f-strings/22046/119,1,1,0.0
url,https://discuss.python.org/t/pep-709-inlined-comprehensions/24240,1,1,0.0
url,https://discuss.python.org/t/pep-710-recording-the-provenance-of-installed-packages/25428,1,1,0.0
url,https://discuss.python.org/t/pep-728-typeddict-with-typed-extra-items/45443,1,1,0.0
url,https://discuss.python.org/t/pep-734-multiple-interpreters-in-the-stdlib/41147,1,1,0.0
url,https://discuss.python.org/t/pep-736-keyword-argument-shorthand-final-draft/58504,1,1,0.0
url,https://discuss.python.org/t/pep-744-jit-compilation/50756,1,1,0.0
url,https://discuss.python.org/t/pep-787-safer-subprocess-usage-using-t-strings/88311,1,1,0.0
url,https://discuss.python.org/t/pep730-adding-ios-as-a-supported-platform/35854,1,1,0.0
url,https://discuss.python.org/t/steering-council-nomination-mariatta-2025-term/71950,1,1,0.0
url,https://dl.acm.org/doi/10.1145/3485513,1,1,0.0
url,https://dl.acm.org/doi/abs/10.1145/3243176.3243195,1,1,0.0
url,https://docs.python.org/3.1/library/marshal.html,1,1,0.0
url,https://docs.python.org/3.10/reference/grammar.html,1,1,0.0
url,https://docs.python.org/3.11/c-api/stable.html#stable-application-binary-interface,1,1,0.0
url,https://docs.python.org/3.13/library/typing.html#typing.ReadOnly,1,1,0.0
url,https://docs.python.org/3.13/reference/compound_stmts.html#type-params,1,1,0.0
url,https://docs.python.org/3.14/library/cmath.html#module-cmath,1,1,0.0
url,https://docs.python.org/3.14/library/math.html#math.isqrt,1,1,0.0
url,https://docs.python.org/3.14/library/math.html#number-theoretic-functions,1,1,0.0
url,https://docs.python.org/3.14/library/statistics.html#module-statistics,1,1,0.0
url,https://docs.python.org/3/c-api/buffer.html#bufferobjects,1,1,0.0
url,https://docs.python.org/3/c-api/init.html#sub-interpreter-support,1,1,0.0
url,https://docs.python.org/3/c-api/stable.html#stable,1,1,0.0
url,https://docs.python.org/3/glossary.html#term-soft-deprecated,1,1,0.0
url,https://docs.python.org/3/library/sys.monitoring.html#module-sys.monitoring,1,1,0.0
url,https://docs.python.org/3/library/typing.html#module-typing,1,1,0.0
url,https://docs.python.org/3/library/typing.html#typing.ClassVar,1,1,0.0
url,https://docs.python.org/3/library/typing.html#typing.Required,1,1,0.0
url,https://docs.python.org/3/library/typing.html#typing.TypeAlias,1,1,0.0
url,https://docs.python.org/3/library/typing.html#typing.TypeVarTuple,1,1,0.0
url,https://docs.python.org/3/library/typing.html#typing.final,1,1,0.0
url,https://docs.python.org/3/library/warnings.html#module-warnings,1,1,0.0
url,https://docs.python.org/3/library/zoneinfo.html#module-zoneinfo,1,2,0.0
url,https://docs.python.org/3/reference/executionmodel.html#annotation-scopes,1,1,0.0
url,https://docs.python.org/3/reference/grammar.html#full-grammar-specification,1,1,0.0
url,https://docs.python.org/3/whatsnew/3.11.html#whatsnew311-pep659,1,1,0.0
url,https://docutils.sourceforge.io/,1,1,0.0
url,https://dose3d.fis.agh.edu.pl/en/projekt-dose-3d-z-programu-team-net-fnp-eng/,1,1,0.0
url,https://en.wikipedia.org/wiki/C11_%28C_standard_revision%29#Optional_features,1,1,0.0
url,https://en.wikipedia.org/wiki/Fibonacci_sequence,1,1,0.0
url,https://en.wikipedia.org/wiki/IPython#Grants_and_awards,1,1,0.0
url,https://en.wikipedia.org/wiki/Monomorphization,1,1,0.0
url,https://en.wikipedia.org/wiki/Reification_(computer_science),1,1,0.0
url,https://github.com/Rapptz/discord.py,1,1,0.0
url,https://github.com/Rogdham/pyzstd,1,1,0.0
url,https://github.com/Rosuav/cpython/tree/assignment-expressions,1,1,0.0
url,https://github.com/RustPython/RustPython,1,1,0.0
url,https://github.com/capi-workgroup/problems/issues/,1,1,0.0
url,https://github.com/colesbury/nogil,1,1,0.0
url,https://github.com/davepeck/pep750-examples/,1,1,0.0
url,https://github.com/facebook/pyre-check/blob/f4d3f676d17b2e59c4c55d09dfa3caead8ec2e7c/pyre_extensions/__init__.py#L95/,1,1,0.0
url,https://github.com/gvanrossum/patma/tree/master/examples,1,1,0.0
url,https://github.com/ilevkivskyi/cpython/pull/3/files,1,1,0.0
url,https://github.com/microsoft/pyjion,1,1,0.0
url,https://github.com/pypa/pip/issues/10636,1,1,0.0
url,https://github.com/pypa/setuptools/issues/417,1,1,0.0
url,https://github.com/pypi/warehouse/pull/17691,1,1,0.0
url,https://github.com/python/cpython/actions/workflows/build.yml?query=branch%3Amain+is%3Acompleted,1,1,0.0
url,https://github.com/python/cpython/blob/main/Python/bytecodes.c,1,1,0.0
url,https://github.com/python/cpython/blob/main/Python/specialize.c,1,1,0.0
url,https://github.com/python/cpython/blob/main/Tools/jit/README.md,1,1,0.0
url,https://github.com/python/cpython/issues,1,2,0.0
url,https://github.com/python/cpython/issues/120950,1,1,0.0
url,https://github.com/python/cpython/issues/43535,1,1,0.0
url,https://github.com/python/cpython/issues/81276,1,1,0.0
url,https://github.com/python/cpython/issues/81313,1,1,0.0
url,https://github.com/python/cpython/labels/deferred-blocker,1,1,0.0
url,https://github.com/python/cpython/labels/release-blocker,1,1,0.0
url,https://github.com/python/cpython/pull/133909,1,1,0.0
url,https://github.com/python/cpython/pull/3480,1,1,0.0
url,https://github.com/python/mypy/issues/3062,1,1,0.0
url,https://github.com/python/mypy/issues/9773,1,1,0.0
url,https://github.com/python/mypy/pull/18889,1,3,0.0
url,https://github.com/python/peps/,1,1,0.0
url,https://github.com/python/peps/blob/main/peps/pep-0001.rst,1,1,0.0
url,https://github.com/python/peps/blob/main/peps/pep-0010.rst,1,1,0.0
url,https://github.com/python/peps/blob/main/peps/pep-0011.rst,1,1,0.0
url,https://github.com/python/peps/blob/main/peps/pep-0218.rst,1,1,0.0
url,https://github.com/python/peps/blob/main/peps/pep-0237.rst,1,1,0.0
url,https://github.com/python/peps/blob/main/peps/pep-0285.rst,1,1,0.0
url,https://github.com/python/peps/blob/main/peps/pep-0287.rst,1,1,0.0
url,https://github.com/python/peps/blob/main/peps/pep-0373.rst,1,1,0.0
