name,visitors
Shenzhen,82
Singapore,78
Shanghai,73
Beijing,33
Moscow,26
Hong Kong,24
Hangzhou,18
Bengaluru,16
Ho Chi Minh City,15
Guangzhou,15
Istanbul,14
Wuxi,14
Los Angeles,14
Saint Petersburg,13
Hanoi,13
Ashburn,13
New Delhi,12
Taipei,12
Zhenjiang,12
Amsterdam,11
Hyderabad,10
Mumbai,10
Chengdu,10
Nanjing,9
Dalian,9
Suzhou,9
Pune,8
Hefei,8
Frankfurt am Main,8
Lima,8
San Francisco,8
Cairo,7
Chennai,7
Zhengzhou,7
Lianyun,7
Huzhou,7
Tokyo,7
Paris,7
Tel Aviv,6
Minsk,6
Kyiv,6
Jakarta,6
Jiangmen,6
Hamburg,6
Berlin,6
Milan,6
Manhattan,6
New York City,6
San Diego,6
Helsinki,5
Delhi,5
Kathmandu,5
Tashkent,5
Bishkek,5
Taichung,5
Kuala Lumpur,5
Wuhu,5
Wuhan,5
Suzhou,5
Ningbo,5
Fuzhou,5
Changsha,5
N/A,5
Lausanne,5
Prague,5
Madrid,5
São Paulo,5
Caracas,5
Bogotá,5
San Jose,5
Seattle,5
Nairobi,4
Petaẖ Tiqwa,4
Nizhniy Novgorod,4
Colombo,4
Novosibirsk,4
Hsinchu,4
Xi’an,4
Nantong,4
Lanzhou,4
Jinhua,4
Jingjiang,4
Jiaxing,4
Chongqing,4
N/A,4
Yokohama,4
Toyota,4
Nagoya,4
Mafra,4
Algiers,4
Córdoba,4
Rabat,4
's-Hertogenbosch,4
Köln,4
Budapest,4
Poznań,4
Rio de Janeiro,4
N/A,4
Mashhad,3
Amman,3
Samara,3
Rostov-na-Donu,3
Tbilisi,3
Chisinau,3
Brest,3
Islamabad,3
Jaipur,3
Coimbatore,3
Yekaterinburg,3
Haiphong,3
Calamba,3
Shantou,3
Qingdao,3
Haikou,3
Foshan,3
Ōmachi,3
Tripoli,3
Luanda,3
Lagos,3
London,3
Stockholm,3
Düsseldorf,3
Dublin,3
Szczecin,3
Naples,3
Cape Town,3
Mexico City,3
Porto Velho,3
Medellín,3
Fort Worth,3
Chicago,3
Brooklyn,3
Phoenix,3
Denver,3
Toronto,3
Noida,3
Shengpu,3
Riyadh,2
Dammam,2
Kigali,2
Chalkída,2
Abu Dhabi,2
Haifa,2
Ankara,2
Addis Ababa,2
N/A,2
N/A,2
Saratov,2
Murmansk,2
Bogorodsk,2
Baku,2
Uzhgorod,2
Odessa,2
Lviv,2
Luhansk,2
Kharkiv,2
Sofia,2
Bursa,2
Warsaw,2
Siedlce,2
Nowy Sącz,2
Belgrade,2
Bologoye-4,2
Johannesburg,2
Rawalpindi,2
Lahore,2
Medan,2
Visakhapatnam,2
Udaipur,2
Thiruvananthapuram,2
Ranchi,2
Raipur,2
Patna,2
Pānīpat,2
Nagpur,2
Malappuram,2
Lucknow,2
Indore,2
Bhopāl,2
Novoaltaysk,2
Chelyabinsk,2
Almaty,2
N/A,2
Bỉm Sơn,2
Biên Hòa,2
Rayong,2
Bangkok,2
Kaohsiung,2
Johor Bahru,2
George Town,2
Xiamen,2
Wenzhou,2
Weinan,2
Tongling,2
Tianjin,2
Suqian,2
Shijiazhuang,2
Quanzhou,2
Luoyang,2
Jinan,2
Cixi,2
Dongguan,2
Baoding,2
Tsuen Wan,2
Phnom Penh,2
Anyang-si,2
Atsugi,2
Osaka,2
N/A,2
N/A,2
Irkutsk,2
Perth,2
Sapporo,2
Sydney,2
Geelong,2
Brisbane,2
Auckland,2
Accra,2
Port Harcourt,2
Lomé,2
Cotonou,2
Tunis,2
Mila,2
Gáldar,2
Tangier,2
N/A,2
Glasgow,2
Coventry,2
Cheltenham,2
Barnet,2
Ammanford,2
Paudorf,2
Antwerpen,2
Wismar,2
Trossingen,2
Sankt Augustin,2
Munich,2
Lustadt,2
Ludwigshafen am Rhein,2
Koblenz,2
Großenlüder,2
Gießen,2
Essen,2
Donauwörth,2
Toulouse,2
Senlis,2
Saint-Brieuc,2
Marseille,2
Hagondange,2
Łódź,2
Kraków,2
Sand,2
Drammen,2
Pula,2
La Plata,2
Uberlândia,2
Tietê,2
Sumaré,2
Porto Alegre,2
Ituiutaba,2
Guanhães,2
Florianópolis,2
Camaçari,2
Belo Horizonte,2
Aracaju,2
Maracay,2
Venustiano Carranza,2
Córdoba,2
Opelika,2
Melbourne,2
Niceville,2
Satellite Beach,2
Stockbridge,2
Luling,2
Morehead City,2
Winston-Salem,2
Cincinnati,2
Columbus,2
Springboro,2
Noble,2
Tulsa,2
Oak Ridge,2
Austin,2
Katy,2
Lake Jackson,2
Arlington,2
Manassas,2
McLean,2
Reston,2
Council Bluffs,2
Mechanicsville,2
Minneapolis,2
Saint Joseph,2
Lincoln,2
Princeton,2
Somerset,2
Long Beach,2
Germantown,2
Bridgeport,2
Chandler,2
