name,version,visitors
Chrome,135.0,3069
Microsoft Edge,135.0,484
Firefox,137.0,254
Opera,118.0,121
Chrome,134.0,93
Safari,18.4,90
Safari,18.3,69
Chrome,109.0,42
Opera,117.0,28
Chrome,136.0,28
Chrome,131.0,27
Chrome,133.0,26
Chrome,122.0,25
Firefox,128.0,25
Firefox,138.0,23
Mobile App,(not set),16
Chrome,132.0,16
Microsoft Edge,134.0,14
Firefox,136.0,14
Chrome,129.0,11
Chrome,128.0,9
Chrome,130.0,9
Firefox,135.0,9
Samsung Browser,28.0,9
Firefox,115.0,8
Chrome,124.0,7
Safari,17.6,7
Safari,18.1,7
Safari,18.2,7
Chrome,119.0,5
Chrome,120.0,5
Microsoft Edge,133.0,5
Avast Secure Browser,134.0,5
Safari,15.6,5
Chrome,103.0,4
Chrome,116.0,4
Chrome,125.0,4
Firefox,134.0,4
Safari,18.0,4
Chrome,115.0,3
Chrome,123.0,3
Chrome,126.0,3
Chrome,127.0,3
Microsoft Edge,131.0,3
Microsoft Edge,136.0,3
Safari,16.4,3
Microsoft Edge,92.0,3
Chrome,106.0,2
Chrome,107.0,2
Firefox,113.0,2
Chrome,121.0,2
AVG Secure Browser,134.0,2
Chrome,137.0,2
Safari,16.6,2
Safari,17.4,2
Opera GX,2.7,2
(not set),(not set),1
Safari,(not set),1
Microsoft Edge,100.0,1
Firefox,102.0,1
Microsoft Edge,107.0,1
Microsoft Edge,109.0,1
Safari,11.0,1
Huawei Browser Mobile,11.0,1
Chrome,110.0,1
Chrome,113.0,1
Chrome,114.0,1
Firefox,117.0,1
Chrome,117.0,1
Firefox,118.0,1
Microsoft Edge,119.0,1
Safari,12.1,1
Microsoft Edge,120.0,1
Microsoft Edge,122.0,1
Microsoft Edge,123.0,1
Microsoft Edge,124.0,1
Firefox,126.0,1
Microsoft Edge,126.0,1
Microsoft Edge,127.0,1
Firefox,130.0,1
Microsoft Edge,130.0,1
Firefox,131.0,1
Firefox,133.0,1
CCleaner,134.0,1
Norton Private Browser,134.0,1
Mobile App,135.0,1
Firefox,137.2,1
Firefox,139.0,1
MIUI Browser,14.32,1
Safari,16.0,1
Safari,16.2,1
Safari,16.3,1
Safari,17.1,1
Safari,17.11,1
Safari,17.5,1
Safari,17.8,1
Yandex Browser,25.2,1
Samsung Browser,26.0,1
Kindle Browser,3.0,1
Opera Touch,5.5,1
Chrome,60.0,1
Chrome,69.0,1
Chrome,72.0,1
Chrome,79.0,1
Samsung Browser,8.0,1
Mobile App,83.0,1
Opera,89.0,1
Opera,90.1,1
Chrome,95.0,1
Chrome,98.0,1
