name,visitors
Chrome,866215
Microsoft Edge,1112
Safari,774
Firefox,721
Quark,230
Yandex Browser,178
Opera,161
UC Browser,112
Mobile App,77
(not set),20
Samsung Browser,14
Smart Lenovo Browser,14
Brave,12
SberBrowser,10
QQ Browser,9
Sogou Explorer,8
MIUI Browser,6
Huawei Browser Mobile,5
AVG Secure Browser,4
360 Secure Browser,3
Norton Private Browser,3
QtWebEngine,2
Chromium,1
Ecosia,1
Huawei Browser,1
Kindle Browser,1
Mobile Silk,1
Notion,1
Oculus Browser,1
Opera GX,1
Raspbian Chromium,1
Steam In-Game Overlay,1
