name,unique_entrances,total_entrances,visit_duration
/ja/latest/tutorials/installing-packages/,104,106,140
/ja/latest/guides/installing-using-pip-and-virtual-environments/,89,92,4
/ja/latest/guides/writing-pyproject-toml/,44,44,37
/ja/latest/tutorials/packaging-projects/,17,17,29
/ja/latest/discussions/setup-py-deprecated/,15,15,187
/en/latest/tutorials/installing-packages/,12,12,942
/ja/latest/,6,6,744
/en/latest/tutorials/packaging-projects/,5,5,1922
/ja/latest/guides/distributing-packages-using-setuptools/,5,5,0
/ja/latest/guides/modernize-setup-py-project/,5,5,62
/ja/latest/guides/installing-using-linux-tools/,4,4,5
/ja/latest/overview/,4,4,1254
/ja/latest/tutorials/managing-dependencies/,4,4,635
/en/latest/guides/writing-pyproject-toml/,3,3,1602
/ja/latest/discussions/src-layout-vs-flat-layout/,3,3,0
/ja/latest/guides/index-mirrors-and-caches/,3,3,587
/ja/latest/guides/installing-stand-alone-command-line-tools/,3,3,0
/ja/latest/key_projects/,3,3,487
/ja/latest/specifications/,3,3,10
/ja/latest/specifications/binary-distribution-format/,3,3,65
/ja/latest/specifications/platform-compatibility-tags/,3,3,1097
/en/latest/guides/packaging-binary-extensions/,2,2,49
/en/latest/overview/,2,2,3393
/ja/latest/discussions/deploying-python-applications/,2,2,0
/ja/latest/discussions/package-formats/,2,2,0
/ja/latest/discussions/pip-vs-easy-install/,2,2,0
/ja/latest/discussions/versioning/,2,2,0
/ja/latest/flow/,2,2,40
/ja/latest/guides/packaging-namespace-packages/,2,2,0
/ja/latest/guides/tool-recommendations/,2,2,0
/ja/latest/specifications/entry-points/,2,2,0
/ja/latest/specifications/recording-installed-packages/,2,2,0
/en/latest/,1,1,2597
/en/latest/guides/distributing-packages-using-setuptools/,1,1,111
/en/latest/guides/installing-using-pip-and-virtual-environments/,1,1,564
/en/latest/guides/tool-recommendations/,1,1,25
/en/latest/key_projects/,1,1,59
/en/latest/specifications/platform-compatibility-tags/,1,1,1920
/en/latest/specifications/pypirc/,1,1,706
/ja/latest/discussions/distribution-package-vs-import-package/,1,1,0
/ja/latest/discussions/install-requires-vs-requirements/,1,1,0
/ja/latest/glossary/,1,1,13
/ja/latest/guides/migrating-to-pypi-org/,1,1,2
/ja/latest/guides/publishing-package-distribution-releases-using-github-actions-ci-cd-workflows/,1,1,0
/ja/latest/guides/using-manifest-in/,1,1,0
/ja/latest/specifications/core-metadata/,1,1,0
/ja/latest/specifications/externally-managed-environments/,1,1,0
/ja/latest/specifications/license-expression/,1,1,0
/ja/latest/specifications/name-normalization/,1,1,0
/ja/latest/specifications/version-specifiers/,1,1,0
/pt-br/latest/tutorials/installing-packages/,1,1,214
/pt-br/latest/tutorials/packaging-projects/,1,1,204
