name,visitors
Bengaluru,2124
New York City,1965
London,1926
Singapore,1883
Paris,1864
Hyderabad,1698
Moscow,1640
Mumbai,1629
Chennai,1509
San Jose,1461
Tokyo,1391
Chicago,1383
Frankfurt am Main,1335
Amsterdam,1184
Warsaw,1119
Sydney,1085
Munich,1058
Toronto,1019
Los Angeles,981
Berlin,963
Pune,900
Seattle,857
São Paulo,829
Madrid,822
Ashburn,820
Melbourne,794
New Delhi,790
Zürich,756
Tel Aviv,703
Beijing,693
Reston,669
Saint Petersburg,662
Vienna,653
Hong Kong,638
Milan,625
Taipei,610
Montréal,579
San Francisco,566
Helsinki,564
Shanghai,562
Dublin,559
Stockholm,555
Atlanta,538
Ho Chi Minh City,529
Bangkok,519
Manchester,515
Prague,497
Kolkata,489
Guangzhou,484
Denver,463
Bogotá,431
Delhi,408
Kyiv,399
Hanoi,396
Austin,390
Barcelona,384
Istanbul,382
Budapest,378
Dallas,371
Jakarta,369
Rome,366
Vancouver,357
Hamburg,353
Brussels,344
Rio de Janeiro,343
Brooklyn,343
Nairobi,342
Santiago,339
Boardman,337
Boston,336
Oslo,335
Brisbane,331
Osaka,328
Copenhagen,314
Sunnyvale,300
Ahmedabad,296
Chengdu,296
Düsseldorf,295
Kraków,294
Dubai,290
Houston,290
Shenzhen,286
San Diego,284
Lahore,278
Athens,274
Lagos,274
Cairo,268
Auckland,267
Portland,264
Lisbon,263
Coimbatore,262
N/A,261
Kuala Lumpur,259
Göteborg,255
N/A,248
Washington,245
Belgrade,244
Jaipur,239
Stuttgart,237
Marseille,236
Lima,236
Wrocław,230
Miami,228
Queens,223
Johannesburg,218
Bucharest,217
Minsk,211
Philadelphia,210
Cupertino,209
Lyon,205
Mountain View,205
Karachi,204
Phoenix,204
Lucknow,200
Brasília,200
Calgary,199
Kathmandu,198
N/A,198
Perth,197
N/A,196
Cochin,195
Minneapolis,193
Ottawa,191
Adelaide,190
Cambridge,190
Sofia,189
Patna,189
Hangzhou,188
Köln,186
Cambridge,185
Seoul,184
Tashkent,182
Medellín,182
Bhopāl,176
St. Louis,174
Pittsburgh,174
Oakland,173
Rotterdam,172
Poznań,168
Nagpur,163
Vilnius,162
Cape Town,161
Charlotte,160
Santa Clara,160
Colombo,158
Addis Ababa,157
Dhaka,155
Novosibirsk,155
Riga,152
Tbilisi,152
Riyadh,151
Karlsruhe,151
Brno,150
Jerusalem,149
Yerevan,149
Dresden,149
San Antonio,149
Columbus,147
Gurgaon,142
Turin,142
Xi’an,141
Lambeth,137
Camden Town,136
Noida,135
Curitiba,133
Mexico City,133
Toulouse,131
Vijayawada,130
Surat,130
Taichung,130
Nanjing,130
Ankara,128
Islamabad,128
Utrecht,128
Krasnodar,127
Yekaterinburg,127
Lviv,121
Redmond,121
Lausanne,120
Jersey City,120
Wuhan,119
Nürnberg,119
Edmonton,119
Edinburgh,117
Accra,116
Valencia,116
Quezon City,115
Bristol,115
Las Vegas,115
Glasgow,114
Vadodara,113
Genève,113
Belo Horizonte,113
Rostov-na-Donu,112
Oxford,112
Canberra,111
Birmingham,111
Eindhoven,111
Baltimore,111
Fremont,111
Bologna,110
Bhubaneshwar,109
N/A,109
Hannover,109
Chandīgarh,108
Leipzig,108
Bratislava,108
Aachen,108
Manila,107
Wandsworth,107
Kensington,107
Almaty,106
Abuja,105
Salt Lake City,105
Baku,104
Tallinn,103
Gdańsk,103
Ljubljana,103
Islington,102
Buenos Aires,102
Bandung,101
Mississauga,101
Kaohsiung,100
Hsinchu,100
Samara,99
Orlando,99
Columbia,99
Raleigh,99
Casablanca,97
Naples,97
City of Westminster,96
Jeddah,95
Nagoya,95
Bremen,95
Guadalajara,94
Bellevue,94
Huntsville,93
Madison,92
Sapporo,91
Barnet,91
Voronezh,90
Indore,90
Fortaleza,90
San José,90
Changsha,89
Łódź,89
Montevideo,89
Campinas,89
Doha,88
Abu Dhabi,88
Yaroslavl,88
The Bronx,88
Irvine,88
Albuquerque,88
Nur-Sultan,87
Fulham,87
Naaldwijk,87
Burnaby,86
Suzhou,85
Slough,85
Zagreb,85
Berkeley,85
Rishon LeẔiyyon,84
Salem,84
N/A,84
Bern,84
Quito,84
Winnipeg,84
Petaẖ Tiqwa,83
The Hague,83
Ufa,81
Rennes,81
Durham,81
Québec,81
Nizhniy Novgorod,80
Yokohama,80
Sheffield,80
Heidelberg,80
Southampton,79
N/A,79
Bonn,79
N/A,78
Kitchener,78
Dehra Dūn,77
Nashville,77
Fort Worth,77
Chongqing,76
Darmstadt,76
Nantes,76
Kazan,75
Graz,75
Porto Alegre,75
Christchurch,74
Nottingham,74
Porto,74
Haarlem,74
Essen,74
Washington,74
Pretoria,73
Hounslow,73
