name,visitors
India,70814
China,69252
United States,43292
Russian Federation,17974
Brazil,15673
Japan,13279
Indonesia,12511
South Korea,11140
Germany,10907
United Kingdom,10608
France,10507
Vietnam,9310
Mexico,9100
Pakistan,8246
Spain,6958
Turkey,6670
Italy,6430
Canada,6150
Taiwan,6034
Hong Kong,5755
Colombia,5165
Philippines,4927
Netherlands,4403
Singapore,4192
Poland,4178
Australia,3834
Iran,3641
Ukraine,3332
Thailand,3289
Peru,3220
Malaysia,3151
Egypt,3064
Argentina,3059
Bangladesh,2775
Saudi Arabia,2679
Uzbekistan,2600
United Arab Emirates,2485
Nigeria,2480
Kazakhstan,2282
Chile,2150
Belgium,2067
Portugal,2054
Morocco,2003
Switzerland,1993
Sweden,1958
Kenya,1933
Czechia,1672
Sri Lanka,1430
Austria,1404
Ecuador,1326
South Africa,1307
Algeria,1296
Hungary,1190
Ireland,1177
Greece,1156
Finland,1147
Romania,1140
Tunisia,1137
Norway,1005
Israel,994
Iraq,978
Jordan,916
Nepal,881
Ghana,783
Denmark,772
Belarus,761
Slovakia,752
Bolivia,629
Kyrgyzstan,615
Azerbaijan,609
Venezuela,609
Bulgaria,567
Serbia,564
New Zealand,517
Costa Rica,499
Dominican Republic,493
Uganda,483
Ethiopia,476
El Salvador,472
Oman,471
Qatar,461
Rwanda,441
Guatemala,425
Mongolia,411
Latvia,409
Lithuania,403
Côte d'Ivoire,397
Yemen,390
Cambodia,388
Lebanon,386
Croatia,383
Georgia,373
Myanmar,371
Cameroon,321
Kuwait,321
Zimbabwe,290
Slovenia,278
Estonia,252
Tanzania,247
Uruguay,246
Panama,245
Armenia,244
Madagascar,238
Paraguay,234
Moldova,232
Bahrain,230
Senegal,226
Tajikistan,220
"Palestine, State of",218
"Congo, The Democratic Republic of the",214
Cyprus,214
Angola,203
Honduras,199
Zambia,194
Puerto Rico,164
Afghanistan,163
Bhutan,158
Syria,152
Sudan,149
Albania,147
Luxembourg,147
Libya,145
Burkina Faso,139
Nicaragua,132
Mauritius,131
Bosnia and Herzegovina,128
Somalia,128
Togo,117
Cuba,111
Benin,110
Malawi,109
Kosovo,102
Mozambique,101
Réunion,96
Jamaica,94
Seychelles,93
Laos,86
North Macedonia,81
Malta,78
Macao,71
Congo,69
Mali,69
Namibia,69
Djibouti,60
Iceland,59
Trinidad and Tobago,57
Niger,56
Botswana,55
Gabon,55
Guinea,50
Brunei Darussalam,44
Montenegro,42
Sierra Leone,42
Haiti,39
Mauritania,36
Burundi,35
Maldives,34
Papua New Guinea,32
Fiji,31
Gambia,26
Guyana,25
French Polynesia,25
Suriname,25
Cabo Verde,24
Guadeloupe,23
Liberia,22
South Sudan,21
Eswatini,19
Liechtenstein,18
Martinique,18
Lesotho,17
Chad,17
Andorra,15
New Caledonia,15
Timor-Leste,15
Bahamas,13
Mayotte,13
Belize,11
French Guiana,11
Barbados,10
Isle of Man,10
Turks and Caicos Islands,10
Cayman Islands,9
Saint Vincent and the Grenadines,9
Curaçao,8
Solomon Islands,8
Tonga,8
Turkmenistan,7
Antigua and Barbuda,6
Åland Islands,6
Eritrea,6
Jersey,6
"Virgin Islands, U.S.",6
Saint Lucia,5
Anguilla,4
Aruba,4
Central African Republic,4
"Virgin Islands, British",4
Vanuatu,4
Faroe Islands,3
Grenada,3
Gibraltar,3
Saint Kitts and Nevis,3
Monaco,3
Saint Martin (French part),3
Samoa,3
American Samoa,2
Equatorial Guinea,2
Guam,2
Northern Mariana Islands,2
Saint Pierre and Miquelon,2
Sao Tome and Principe,2
Bermuda,1
"Bonaire, Sint Eustatius and Saba",1
Cook Islands,1
Guernsey,1
Greenland,1
Guinea-Bissau,1
Kiribati,1
Comoros,1
