name,visitors
Bogotá,316
Madrid,249
Santiago,174
Medellín,169
Lima,134
Barcelona,114
Buenos Aires,93
Buenos Aires,63
Mexico City,62
Málaga,47
Caracas,44
Cali,43
Córdoba,43
Guatemala City,37
Quito,37
San José,36
Santa Cruz de la Sierra,33
Valencia,32
San Salvador,32
Santo Domingo,30
Guayaquil,28
Barranquilla,27
La Paz,25
Gustavo Adolfo Madero,24
Havana,23
Asunción,22
Sevilla,20
A Coruña,19
Managua,19
Cochabamba,19
Arequipa,19
Pereira,18
Rosario,18
Guadalajara,18
Zaragoza,17
La Plata,17
Bucaramanga,17
Panamá,17
Santiago de Querétaro,17
Palma,16
Granada,16
Montevideo,16
Concepción,16
Puebla,14
Alicante,13
Bilbao,13
Quilpué,13
San Nicolás de los Garza,13
Pasto,12
Murcia,11
Getafe,11
Santiago de los Caballeros,11
Tegucigalpa,11
Maracaibo,11
Monterrey,11
Córdoba,10
Santiago de Compostela,10
Donostia / San Sebastián,10
Alcalá de Henares,10
Cúcuta,10
Benito Juarez,10
Lima,10
Valladolid,9
San Miguel de Tucumán,9
Santo Domingo Este,9
Salamanca,8
Veracruz,8
Tlalpan,8
Tlalnepantla,8
Cartagena,8
Chihuahua,8
Vigo,7
San Sebastián de los Reyes,7
Sant Cugat del Vallès,7
Villa Ballester,7
Quilmes,7
Concepción del Uruguay,7
Tuxtla,7
Naucalpan de Juárez,7
Mérida,7
Cuauhtémoc,7
Ciudad Juárez,7
Jerez de la Frontera,6
Cartagena,6
Rivas-Vaciamadrid,6
Barakaldo,6
Oviedo,6
Ourense,6
León,6
Leganés,6
Alcobendas,6
Olivos,6
Lomas de Zamora,6
Ituzaingó,6
Isidro Casanova,6
Heredia,6
Barquisimeto,6
Armenia,6
Piura,6
Salta,6
Mendoza,6
Viña del Mar,6
Torreón,6
Tijuana,6
Ensenada,6
Celaya,6
Aguascalientes,6
Torrent,5
Toledo,5
La Laguna,5
Molina de Segura,5
Marbella,5
Tarragona,5
Palencia,5
Burgos,5
Badalona,5
San Isidro,5
Resistencia,5
Ramos Mejía,5
Monte Grande,5
Mar del Plata,5
Lanús,5
Corrientes,5
Berazategui,5
Ciudad del Este,5
Cuautitlán Izcalli,5
Xalapa de Enríquez,5
Santa Marta,5
Ibagué,5
Chiclayo,5
Venustiano Carranza,5
La Rioja,5
Temuco,5
Talca,5
Rancagua,5
Zapopan,5
Tlaquepaque,5
León de los Aldama,5
Ciudad Apodaca,5
Centro,5
Adrogué,5
Benito Juárez,5
Las Palmas de Gran Canaria,4
Dos Hermanas,4
Armilla,4
Amsterdam,4
Valdemoro,4
Terrassa,4
Sabadell,4
Pontevedra,4
Pilar,4
Glew,4
Almirante Brown,4
Rio de Janeiro,4
Texcoco de Mora,4
Cuernavaca,4
Ciudad Nezahualcoyotl,4
Acapulco de Juárez,4
Cartago,4
Alajuela,4
Ibarra,4
Chía,4
Trujillo,4
Chilecito,4
La Serena,4
Cusco,4
Morelia,4
Villa Adelina,4
San Miguel,4
San Carlos de Bariloche,4
Jakarta,3
Lisbon,3
Saucedilla,3
Palos de la Frontera,3
Ocaña,3
Montilla,3
Jaén,3
Castelló de la Plana,3
Almería,3
Albacete,3
Brussels,3
Frankfurt am Main,3
Villaviciosa de Odón,3
Torrejón de Ardoz,3
Reus,3
Mollet del Vallès,3
Majadahonda,3
Logroño,3
Illescas,3
L'Hospitalet de Llobregat,3
Gijón,3
Colmenar Viejo,3
Vicente López,3
Oberá,3
General Rodríguez,3
José María Ezeiza,3
Claypole,3
Caseros,3
Burzaco,3
Guernica,3
Álvaro Obregón,3
Santa Cruz Xoxocotlán,3
Reynosa,3
Oaxaca,3
Coyoacán,3
Coacalco,3
Chilpancingo,3
Ciudad López Mateos,3
Maracay,3
Ciudad Guayana,3
Manta,3
Loja,3
Hacienda Ibarra,3
Cuenca,3
Villavicencio,3
Tunja,3
Palmira,3
Departamento de Cundinamarca,3
Miguel Hidalgo,3
Sarmiento,3
Santa Fe,3
San Luis,3
Río Cuarto,3
Neuquén,3
Maipú,3
Curicó,3
San Juan de Lurigancho,3
Ixtapa-Zihuatanejo,3
La Paz,3
Nogales,3
Fresnillo,3
Culiacán,3
Ciudad Obregón,3
Avellaneda,3
Moreno,3
Solidaridad,3
Zapotlán el Grande,3
Puebla,3
Vilnius,2
Bengaluru,2
Singapore,2
Melbourne,2
Telde,2
San Pedro del Pinatar,2
Roldán,2
Petra,2
Orihuela,2
Mairena del Aljarafe,2
Lucena,2
Huétor Vega,2
Estepona,2
El Puerto de Mazarrón,2
El Ejido,2
Elche,2
Corbera,2
Ciudad Real,2
Carmona,2
Cáceres,2
Burriana,2
Arcos de la Frontera,2
Archena,2
Algeciras,2
Alfafar,2
Adeje,2
Zürich,2
Paris,2
Gasteiz / Vitoria,2
Vilobí del Penedès,2
Torrelavega,2
Santander,2
Sant Joan Despí,2
Sant Celoni,2
Rubí,2
Roda de Barà,2
Reinosa,2
Parla,2
Oleiros,2
Móstoles,2
Manlleu,2
Las Rozas de Madrid,2
Girona,2
Gavà,2
Fuenlabrada,2
El Prat de Llobregat,2
Ferrol,2
Coslada,2
Cornellà de Llobregat,2
Ciutadella,2
Binaced,2
Banyoles,2
Arce,2
Aranjuez,2
Aranda de Duero,2
Alcorcón,2
Rome,2
Tigre,2
Reconquista,2
Posadas,2
Longchamps,2
General Pacheco,2
