name,visitors,pageviews,bounce_rate,time_on_page,scroll_depth
/pl/3/tutorial/datastructures.html,56,75,80,865,47
/pl/dev/library/turtle.html,36,53,68,855,21
/pl/3/tutorial/index.html,34,71,36,125,57
/pl/3/tutorial/controlflow.html,21,29,77,225,31
/pl/3/tutorial/introduction.html,19,25,93,17,45
/pl/3/tutorial/errors.html,15,19,80,361,40
/pl/3.13/tutorial/index.html,14,16,100,16,49
/pl/3/tutorial/modules.html,13,14,91,336,42
/pl/dev/tutorial/classes.html,13,14,77,1216,49
/pl/3/tutorial/appetite.html,11,11,100,84,73
/pl/3.13/,10,14,0,106,79
/pl/3/tutorial/inputoutput.html,10,11,75,94,45
/pl/dev/tutorial/inputoutput.html,10,10,88,1162,30
/pl/3/tutorial/interpreter.html,9,10,100,16,63
/pl/3/library/index.html,8,10,100,4,37
/pl/3/glossary.html,7,7,0,18,41
/pl/3/tutorial/floatingpoint.html,7,10,86,838,52
/pl/3.13/tutorial/datastructures.html,6,13,50,438,34
/pl/3/,6,7,33,95,81
/pl/3/tutorial/,6,6,60,14,49
/pl/3/tutorial/venv.html,6,6,100,3,62
/pl/3/installing/index.html,5,6,40,180,58
/pl/3/reference/index.html,5,7,0,189,66
/pl/3.13/library/idle.html,4,4,0,85,6
/pl/3/contents.html,4,7,33,15,2
/pl/3/library/exceptions.html,4,5,0,46,45
/pl/3/tutorial/classes.html,4,4,100,27,50
/pl/3.13/index.html,3,3,100,8,74
/pl/3.13/library/functions.html,3,3,0,353,29
/pl/3.13/library/index.html,3,4,0,30,18
/pl/3.13/library/tkinter.html,3,4,0,10,9
/pl/3.13/search.html,3,5,0,24,48
/pl/3.13/tutorial/,3,3,100,9,22
/pl/3.13/tutorial/errors.html,3,4,100,4,50
/pl/3.13/whatsnew/3.13.html,3,3,0,2,6
/pl/3/library/functions.html,3,3,100,149,4
/pl/3/reference/compound_stmts.html,3,3,100,0,19
/pl/3/whatsnew/3.13.html,3,5,0,682,35
/pl/dev/library/functions.html,3,4,67,96,63
/pl/dev/tutorial/floatingpoint.html,3,3,100,,33
/pl/3.12/index.html,2,2,0,4,59
/pl/3.12/installing/index.html,2,2,100,,70
/pl/3.13/library/stdtypes.html,2,2,0,6,22
/pl/3.13/library/string.html,2,2,0,48,7
/pl/3.13/tutorial/appetite.html,2,3,0,2,46
/pl/3.13/tutorial/introduction.html,2,2,100,,80
/pl/3.14/library/turtle.html,2,4,50,,2
/pl/3.14/tutorial/index.html,2,6,0,9,100
/pl/3/genindex.html,2,2,0,3,100
/pl/3/index.html,2,2,100,8,100
/pl/3/library/array.html,2,2,0,780,96
/pl/3/library/math.html,2,2,100,,16
/pl/3/reference/datamodel.html,2,6,0,264,56
/pl/3/tutorial/appendix.html,2,2,0,2,
/pl/3/tutorial/stdlib.html,2,2,0,2,54
/pl/3/using/index.html,2,2,100,,90
/pl/3/using/windows.html,2,2,100,,4
/pl/3/whatsnew/3.12.html,2,2,0,16,13
/pl/dev/library/stdtypes.html,2,2,100,,1
/pl/dev/tutorial/datastructures.html,2,2,0,8,56
/pl/dev/tutorial/venv.html,2,2,100,,24
/pl/3.12/,1,1,0,63,55
/pl/3.12/library/cmath.html,1,1,0,6,35
/pl/3.12/library/idle.html,1,2,0,,100
/pl/3.12/library/index.html,1,6,0,16,56
/pl/3.12/library/math.html,1,1,0,2,8
/pl/3.12/library/numbers.html,1,1,0,5,31
/pl/3.12/library/random.html,1,2,0,19,24
/pl/3.12/library/stdtypes.html,1,1,0,9,98
/pl/3.12/library/string.html,1,1,0,,10
/pl/3.12/tutorial/index.html,1,1,0,14,42
/pl/3.13/about.html,1,1,0,19,100
/pl/3.13/c-api/buffer.html,1,1,0,15,92
/pl/3.13/contents.html,1,1,0,27,50
/pl/3.13/glossary.html,1,1,0,12,4
/pl/3.13/howto/index.html,1,1,0,,100
/pl/3.13/howto/mro.html,1,2,0,42,58
/pl/3.13/library/asyncio-dev.html,1,1,0,16,100
/pl/3.13/library/constants.html,1,2,0,14,68
/pl/3.13/library/email.generator.html,1,1,0,7,100
/pl/3.13/library/exceptions.html,1,2,0,14,5
/pl/3.13/library/intro.html,1,1,0,,100
/pl/3.13/library/math.html,1,2,0,2,6
/pl/3.13/library/random.html,1,2,0,,6
/pl/3.13/library/socket.html,1,2,0,,3
/pl/3.13/library/time.html,1,2,0,18,40
/pl/3.13/library/tk.html,1,1,0,7,49
/pl/3.13/library/turtle.html,1,1,0,,67
/pl/3.13/library/venv.html,1,1,0,2,6
/pl/3.13/license.html,1,1,0,,7
/pl/3.13/reference/index.html,1,1,0,11,37
/pl/3.13/reference/lexical_analysis.html,1,1,0,,100
/pl/3.13/tutorial/classes.html,1,1,100,,64
/pl/3.13/tutorial/controlflow.html,1,1,100,,45
/pl/3.13/tutorial/inputoutput.html,1,1,0,91,92
/pl/3.13/using/cmdline.html,1,1,0,88,100
/pl/3.13/using/windows.html,1,1,100,,
/pl/3.14/extending/index.html,1,1,0,,100
/pl/3.14/index.html,1,2,0,43,72
/pl/3.14/tutorial/appetite.html,1,1,0,2,48
