name,visitors
Mazovia,91
Lesser Poland,32
Greater Poland,32
Silesia,30
Lower Silesia,16
Łódź,15
Pomerania,10
Kuyavia-Pomerania,9
Lublin,7
Hesse,3
Subcarpathia,3
Podlachia,3
West Pomerania,3
Hamburg,2
England,2
Lubusz,2
Opole,2
Holy Cross,2
Warmia-Masuria,2
Dnipropetrovshchyna,2
Ceará,1
Rondônia,1
Sichuan,1
Shanghai,1
Prague,1
Bavaria,1
Andhra Pradesh,1
Osaka,1
Seoul,1
Astana,1
North Holland,1
South Holland,1
Canterbury,1
Khabarovsk Krai,1
Moscow Province,1
Moscow,1
Novosibirsk,1
Dushanbe,1
Vinnychchyna,1
