name,version,visitors
Chrome,139.0,154104
Microsoft Edge,139.0,56711
Chrome,138.0,13992
Firefox,142.0,8645
Safari,18.6,7785
Opera,120.0,5945
Chrome,109.0,4454
Yandex Browser,25.8,3377
Safari,18.5,3113
Chrome,137.0,2824
Microsoft Edge,138.0,2179
Chrome,132.0,2129
Mobile App,(not set),1874
Chrome,136.0,1515
Chrome,135.0,1508
Chrome,131.0,1036
Chrome,122.0,965
Samsung Browser,28.0,958
Firefox,141.0,802
Safari,17.6,770
Chrome,134.0,763
Microsoft Edge,92.0,721
Firefox,128.0,699
Smart Lenovo Browser,9.0,693
Safari,18.3,653
Chrome,133.0,629
Opera,121.0,603
Quark,(not set),594
Firefox,115.0,550
Microsoft Edge,122.0,550
Safari,26.0,522
Chrome,140.0,515
Microsoft Edge,137.0,498
Chrome,128.0,479
Safari,16.6,472
Chrome,126.0,439
Safari,18.4,425
Mobile App,139.0,411
Microsoft Edge,140.0,396
Microsoft Edge,136.0,383
Safari,15.6,382
Chrome,86.0,375
Chrome,129.0,371
Chrome,127.0,369
Chrome,130.0,357
Yandex Browser,25.6,337
QQ Browser,19.5,331
Microsoft Edge,131.0,310
Safari,17.5,287
Microsoft Edge,135.0,283
Chrome,116.0,267
Chrome,120.0,265
Sogou Explorer,2,264
Chrome,125.0,261
Microsoft Edge,134.0,258
Firefox,140.0,241
Chrome,114.0,229
Safari,18.2,229
Safari,18.1,222
Chrome,119.0,221
Whale Browser,4.33,219
Chrome,124.0,216
Chrome,121.0,212
Chrome,103.0,198
Microsoft Edge,109.0,192
Chrome,108.0,187
Microsoft Edge,133.0,183
Huawei Browser Mobile,16.0,182
Safari,18.0,179
Chrome,123.0,178
Chrome,141.0,175
Microsoft Edge,100.0,168
Avast Secure Browser,139.0,157
Yandex Browser,24.10,155
Safari,17.4,147
Chrome,117.0,139
Microsoft Edge,130.0,130
Microsoft Edge,128.0,128
Microsoft Edge,127.0,125
Microsoft Edge,132.0,114
Firefox,143.0,113
Firefox,139.0,112
Microsoft Edge,126.0,110
vivo Browser,14.5,110
Firefox,136.0,105
Firefox,134.0,104
Safari,17.3,100
Chrome,87.0,94
Chrome,101.0,93
Microsoft Edge,129.0,91
Safari,17.2,89
Opera,95.0,87
Chrome,118.0,81
Huawei Browser,12.1,81
Firefox,137.0,81
Microsoft Edge,18.18362,81
Microsoft Edge,123.0,80
Opera,91.0,80
Firefox,138.0,77
Safari,14.1,73
Huawei Browser Mobile,15.0,71
Chrome,107.0,69
Microsoft Edge,120.0,68
Chrome,106.0,66
Safari,16.1,66
Chrome,91.0,65
MIUI Browser,14.40,64
Safari,17.1,64
Chrome,112.0,63
MIUI Browser,20.1,63
Microsoft Edge,124.0,62
Mobile App,97.0,61
Firefox,127.0,60
Chrome,99.0,60
Safari,(not set),59
Brave,(not set),57
AVG Secure Browser,139.0,56
Safari,16.5,56
Chrome,80.0,56
Microsoft Edge,114.0,55
vivo Browser,26.0,54
Safari,16.3,53
Yandex Browser,25.4,53
Chrome,113.0,52
Opera,119.0,52
Chrome,97.0,52
Safari,13.1,51
Chrome,111.0,50
Mobile App,114.0,50
Microsoft Edge,125.0,49
vivo Browser,25.9,49
Microsoft Edge,18.18363,48
QQ Browser,19.3,48
Yandex Browser,25.2,48
Samsung Browser,27.0,48
Chrome,78.0,48
Microsoft Edge,116.0,47
Microsoft Edge,118.0,47
Microsoft Edge,17.17134,47
Chrome,102.0,46
Chrome,110.0,46
QQ Browser,19.4,46
Chrome,115.0,45
Chrome,94.0,45
Safari,16.4,44
Safari,17.0,44
Firefox,135.0,43
Chrome,92.0,43
Chrome,96.0,42
Microsoft Edge,113.0,41
Mobile App,138.0,41
Chrome,95.0,41
Microsoft Edge,107.0,40
Mobile App,109.0,38
Microsoft Edge,121.0,38
Microsoft Edge,18.19041,38
Chrome,74.0,38
Chrome,83.0,38
Microsoft Edge,89.0,37
Microsoft Edge,90.0,37
Chrome,104.0,36
Chrome,79.0,36
Chrome,93.0,36
Mobile App,131.0,35
Norton Private Browser,139.0,35
Chrome,81.0,35
Chrome,105.0,33
vivo Browser,14.6,33
QQ Browser,19.6,32
Yandex Browser,25.81,32
Microsoft Edge,115.0,31
Safari,12.1,31
Safari,17.14,31
Safari,17.7,31
Quark,7.15,31
(not set),(not set),30
Chrome,98.0,30
Firefox,130.0,28
MIUI Browser,14.10,28
Samsung Browser,25.0,28
Samsung Browser,26.0,28
Microsoft Edge,119.0,27
Microsoft Edge,141.0,27
Microsoft Edge,18.17763,27
Safari,16.2,26
Chrome,71.0,26
Chrome,84.0,26
Microsoft Edge,111.0,25
Firefox,113.0,25
Huawei Browser Mobile,5.1,25
Firefox,131.0,24
Microsoft Edge,16.16299,24
Chrome,63.0,24
Chrome,75.0,24
Chrome,70.0,23
Microsoft Edge,112.0,22
Microsoft Edge,117.0,22
Safari,14.0,22
Yandex Browser,25.80,22
QtWebEngine,6.9,22
Microsoft Edge,86.0,22
Opera,90.0,22
Safari,11.1,21
Firefox,129.0,21
CCleaner,139.0,21
Safari,15.4,21
Safari,16.0,21
Chrome,69.0,21
Microsoft Edge,84.0,21
Opera,94.0,21
Firefox,133.0,20
Chrome,49.0,20
Chrome,77.0,20
Chrome,89.0,20
Firefox,144.0,19
QQ Browser,19.2,19
Chrome,85.0,19
Chrome,90.0,19
Safari,15.5,18
Opera GX,2.9,18
MIUI Browser,20.2,18
Chrome,62.0,18
Opera,118.0,17
Chrome,139,17
MIUI Browser,14.22,17
vivo Browser,25.8,17
Samsung Browser,7.4,17
Firefox,116.0,16
Samsung Browser,23.0,16
Chrome,88.0,16
Microsoft Edge,14.14393,15
Safari,15.1,15
Chrome,56.0,15
Quark,7.14,15
Mobile App,83.0,15
Microsoft Edge,106.0,14
Mobile Silk,138.4,14
JioSphere,5.0,14
QQ Browser,6.2,14
Microsoft Edge,108.0,13
Firefox,125.0,13
Firefox,132.0,13
Safari,17.8,13
MIUI Browser,20.0,13
Samsung Browser,24.0,13
Yandex Browser,24.6,13
Chromium,(not set),12
Safari,10.0,12
Firefox,102.0,12
Yandex Browser,24.7,12
Chrome,76.0,12
Opera,79.0,12
Microsoft Edge,98.0,12
Android Browser,(not set),11
vivo Browser,13.3,11
QQ Browser,13.7,11
vivo Browser,14.4,11
Phoenix Browser,19.2,11
Hi Browser,2.25,11
Firefox,78.0,11
vivo Browser,10.8,10
Firefox,110.0,10
Firefox,114.0,10
QQ Browser,13.3,10
Mobile App,130.0,10
Safari,19.0,10
Yandex Browser,24.1,10
vivo Browser,25.5,10
Yandex Browser,25.61,10
UBrowser,6.2,10
Chrome,65.0,10
Mobile App,99.0,10
Chrome,100.0,9
Mobile App,101.0,9
Microsoft Edge,101.0,9
Mobile App,126.0,9
vivo Browser,13.9,9
Hi Browser,2.24,9
vivo Browser,25.2,9
vivo Browser,25.6,9
QtWebEngine,6.8,9
Quark,7.13,9
Chrome,72.0,9
Firefox,88.0,9
Firefox,109.0,8
Mobile App,116.0,8
Firefox,121.0,8
Ecosia,129.0,8
AdBlock Browser,133.0,8
Mobile App,133.0,8
MIUI Browser,14.39,8
UC Browser,18.0,8
Samsung Browser,22.0,8
vivo Browser,23.6,8
Yandex Browser,25.3,8
115 Browser,36.0,8
Whale Browser,4.32,8
Chrome,48.0,8
Firefox,52.0,8
Firefox,72.0,8
