name,visitors
Bengaluru,6080
Hyderabad,4549
Chennai,4297
New Delhi,4066
Pune,3037
Mumbai,2759
Kolkata,2585
Delhi,2499
Singapore,1966
Guangzhou,1885
Ho Chi Minh City,1879
Shanghai,1775
Tokyo,1673
Istanbul,1613
Cairo,1603
Moscow,1560
Beijing,1560
Hanoi,1482
Lucknow,1448
Lahore,1439
Bangkok,1422
Lima,1342
Jaipur,1323
Ahmedabad,1319
São Paulo,1302
Bhopāl,1268
Hong Kong,1256
Coimbatore,1203
Los Angeles,1197
Bogotá,1160
Karachi,1082
Jakarta,1048
Patna,996
Chengdu,976
Lagos,949
Tashkent,941
Riyadh,889
Amsterdam,872
Sydney,849
Colombo,846
Shenzhen,831
Warsaw,798
Nairobi,797
Dhaka,783
Kathmandu,778
Hangzhou,778
Kuala Lumpur,766
Frankfurt am Main,765
Taipei,764
Melbourne,761
Medellín,749
Tehran,735
Cochin,728
Dehra Dūn,726
Wuhan,712
Dubai,701
Saint Petersburg,698
Quezon City,654
Zhengzhou,646
Kanpur,640
Bhubaneshwar,631
Santiago,628
New York City,628
Xi’an,620
Paris,619
Toronto,606
Indore,598
Nanjing,592
Nagpur,578
Jeddah,575
Islamabad,553
Rio de Janeiro,539
Agra,528
Gurgaon,527
Chandīgarh,524
Chicago,504
Ankara,498
Kyiv,495
Meerut,495
Changsha,488
Tel Aviv,478
Salem,477
Guwahati,475
Surat,468
Milan,451
Faisalabad,448
San Jose,447
Ranchi,446
Helsinki,443
Madrid,443
Montréal,443
Johannesburg,426
Raipur,426
London,425
Amman,419
Dublin,413
Ghāziābād,412
Berlin,412
Seoul,411
Abuja,411
Jinan,409
Accra,407
Phnom Penh,402
Noida,395
Prague,394
Madurai,387
N/A,386
Baghdad,384
Surabaya,381
Houston,377
Sanaa,371
Baku,363
Manila,360
Vijayawada,355
Atlanta,355
Casablanca,354
Visakhapatnam,353
N/A,351
Dammam,347
Vienna,347
Athens,346
Rome,345
Seattle,344
Mangalore,341
Osaka,336
Stockholm,334
Brasília,333
Krasnodar,329
Minsk,328
Guatemala City,327
Taichung,322
Addis Ababa,318
Allahābād,310
Ashburn,306
Tianjin,305
Miami,304
Kampala,299
Ludhiāna,295
Bandung,295
Qingdao,292
Tunis,291
Phoenix,291
Giza,290
Brisbane,290
Dallas,290
Rawalpindi,289
Budapest,288
Abu Dhabi,282
Jalandhar,282
Doha,279
Belgrade,278
Varanasi,274
Cali,268
Guiyang,267
Almaty,265
Suzhou,263
La Paz,259
Suwon,257
Depok,256
San José,251
Alexandria,245
İzmir,241
Thrissur,240
Abidjan,239
Chongqing,238
Belo Horizonte,238
Wuhu,234
Fortaleza,234
Curitiba,234
Vadodara,233
Zürich,233
Bishkek,232
Hefei,232
Bucharest,229
Lanzhou,229
Sharjah,223
Cape Town,220
Quito,220
Solāpur,219
Ibadan,219
Kuwait City,218
Cebu City,218
Hamburg,217
Davao,216
Thiruvananthapuram,213
Yekaterinburg,212
Perth,211
Austin,211
Calgary,211
Nur-Sultan,210
Mohali,208
Novosibirsk,207
Nürnberg,207
Barcelona,207
Auckland,204
Sofia,203
Karnāl,203
Manchester,203
Da Nang,202
Naaldwijk,202
N/A,201
Faridabad,199
Lisbon,198
Tbilisi,196
Munich,196
Kunming,195
Seongnam-si,194
Gujranwala,193
Rājkot,193
Jodhpur,193
Haarlem,193
San Diego,192
Ningbo,190
Mexico City,190
Guayaquil,190
Harare,189
Santo Domingo,188
Kaohsiung,187
Oslo,186
Montevideo,185
N/A,184
Nashik,183
Brussels,182
Wenzhou,181
Dakar,181
Brooklyn,181
Denver,181
Shijiazhuang,180
Chelyabinsk,179
Yangon,177
Makassar,176
Salvador,176
Buenos Aires,174
Barranquilla,172
Puebla,170
Rostov-na-Donu,169
Jabalpur,168
Yokohama,168
Wrocław,167
Campinas,166
Las Vegas,166
Petaling Jaya,165
Fuzhou,164
Samara,163
Santa Clara,163
Charlotte,161
Durgapur,160
Aurangabad,160
Philadelphia,160
Nagoya,159
Dar es Salaam,158
Riga,158
Dongguan,158
San Salvador,158
San Antonio,158
Multan,157
Amritsar,156
Lusaka,155
Kraków,155
Porto Alegre,154
Queens,154
Vancouver,154
Poznań,153
N/A,153
Minneapolis,152
Jamshedpur,151
Gustavo Adolfo Madero,151
Panamá,151
Luanda,150
Muscat,149
Ufa,149
Sonīpat,149
Haridwar,149
Adelaide,149
Medan,147
Kozhikode,147
Shimla,146
Recife,146
San Francisco,146
Makati City,145
Cagayan de Oro,144
Wuxi,144
Incheon,144
Nizhniy Novgorod,143
Córdoba,143
Guadalajara,142
Arequipa,141
Bursa,139
Kazan,138
Yerevan,138
N/A,138
Marrakesh,137
Naples,137
Orlando,137
Düsseldorf,136
Udaipur,135
Chisinau,134
Hsinchu,134
Falkenstein,134
Salt Lake City,134
