name,visitors
Singapore,219
Moscow,218
Beijing,216
Bengaluru,215
Chennai,208
London,205
New York City,199
Tokyo,193
Hyderabad,179
Mumbai,166
Amsterdam,157
Frankfurt am Main,157
Warsaw,137
Paris,136
Chicago,128
San Jose,128
Ho Chi Minh City,127
Pune,126
Madrid,121
Hong Kong,119
Los Angeles,118
Guangzhou,113
São Paulo,98
Hanoi,96
New Delhi,94
Munich,94
Shanghai,90
Saint Petersburg,89
Sydney,87
Ashburn,87
Toronto,87
Seattle,86
Taipei,79
Berlin,75
Kyiv,70
Melbourne,67
Shenzhen,65
Zürich,64
Prague,64
Milan,62
Bogotá,62
Minsk,61
Montréal,61
Vienna,60
Denver,60
Bangkok,59
Lima,57
Atlanta,57
Istanbul,56
Chengdu,56
Tashkent,55
Manchester,54
Helsinki,53
Kolkata,53
Stockholm,52
Ahmedabad,50
Zhengzhou,50
Hangzhou,50
San Francisco,50
Tel Aviv,49
Vancouver,48
Delhi,47
Dublin,46
Medellín,46
Cairo,45
Xi’an,45
Reston,45
Coimbatore,44
Budapest,44
Lviv,43
Novosibirsk,43
Osaka,43
Rome,43
Rio de Janeiro,43
Santiago,41
Boardman,41
Oslo,40
Lisbon,39
Boston,39
Lagos,38
Barcelona,38
Nairobi,36
Düsseldorf,36
Karachi,35
Chongqing,35
Seoul,35
Stuttgart,35
Athens,34
Austin,34
Dallas,34
Jakarta,33
Nanjing,33
Perth,33
Miami,33
Phoenix,33
Bucharest,32
Taichung,31
Brisbane,31
Hamburg,31
Brasília,30
Samara,29
Bhopāl,29
Wuhan,29
Kraków,29
Houston,29
San Diego,29
Fort Collins,29
Jaipur,28
Almaty,28
Mexico City,28
Krasnodar,26
Johannesburg,26
Copenhagen,26
Göteborg,26
Brussels,26
Oakland,26
Lahore,25
Marseille,25
Curitiba,25
Brooklyn,25
Portland,25
Riyadh,24
Cochin,24
Chelyabinsk,24
Changsha,24
Jersey City,24
N/A,24
Jeddah,23
Yekaterinburg,23
Kuala Lumpur,23
Qingdao,23
Accra,23
The Hague,23
N/A,23
Belo Horizonte,23
Tallinn,22
Birmingham,22
Haarlem,22
Cambridge,22
Pittsburgh,22
Santa Clara,22
Calgary,22
Dnipro,21
Belgrade,21
Patna,21
Tianjin,21
N/A,21
N/A,21
St. Louis,21
Washington,21
Edmonton,21
Islamabad,20
Colombo,20
Lucknow,20
Rotterdam,20
Nürnberg,20
Zagreb,20
Las Vegas,20
Riga,19
Vilnius,19
Croydon,19
Santo Domingo,19
Sunnyvale,19
Dubai,18
Nizhniy Novgorod,18
Cluj-Napoca,18
Sofia,18
Ankara,17
Tbilisi,17
Yerevan,17
Gurgaon,17
Surabaya,17
Fuzhou,17
Suwon,17
City of Westminster,17
Philadelphia,17
Queens,17
Noida,17
Voronezh,16
Chisinau,16
Mangalore,16
Madurai,16
Jinan,16
Porto,16
Köln,16
Gdańsk,16
Quito,16
Odessa,15
Dhaka,15
Vijayawada,15
Cambridge,15
Antwerpen,15
Wrocław,15
Cape Town,15
Washington,15
San Antonio,15
Berkeley,15
Salt Lake City,15
Ottawa,15
Québec,15
Tehran,14
Amman,14
İzmir,14
Rostov-na-Donu,14
Chandīgarh,14
Quezon City,14
Valencia,14
Slough,14
Mannheim,14
Lyon,14
Fortaleza,14
Montevideo,14
Charlotte,14
Dehra Dūn,13
Bhubaneshwar,13
Phnom Penh,13
Seongnam-si,13
Adelaide,13
Islington,13
Utrecht,13
Bratislava,13
Brno,13
Cúcuta,13
La Paz,13
Raleigh,13
Columbus,13
Lambeth,13
Ufa,12
Espoo,12
Faisalabad,12
Surat,12
Nagpur,12
Indore,12
Bandung,12
Cebu City,12
Suzhou,12
Hounslow,12
Cardiff,12
Bristol,12
Luxembourg,12
Rennes,12
Poznań,12
Camden Town,12
João Pessoa,12
Guayaquil,12
Baltimore,12
Richmond,12
Minneapolis,12
The Dalles,12
Victoria,12
Winnipeg,12
N/A,12
Dammam,11
Limassol,11
Giza,11
Yaroslavl,11
Baku,11
Salem,11
Guwahati,11
Kaohsiung,11
Hefei,11
Guiyang,11
Changzhou,11
N/A,11
Abuja,11
Tunis,11
Oxford,11
Essen,11
Katowice,11
Benito Juarez,11
Tampa,11
Indianapolis,11
Council Bluffs,11
Ann Arbor,11
Redwood City,11
Mississauga,11
Oshawa,11
Harringay,11
N/A,11
Volgograd,10
Thrissur,10
Kozhikode,10
Barnaul,10
Nur-Sultan,10
Depok,10
Taoyuan,10
Wuhu,10
Shijiazhuang,10
Nanchang,10
N/A,10
Frederiksberg,10
Edinburgh,10
Naaldwijk,10
Linz,10
Falkenstein,10
Trondheim,10
Bergen,10
Turin,10
Bologna,10
Campinas,10
