name,version,visitors
Chrome,125.0,1035170
Chrome,143.0,4337
Microsoft Edge,143.0,1142
Chrome,139.0,922
Firefox,146.0,610
Chrome,142.0,330
UC Browser,18.4,236
Quark,10.2,233
Safari,26.2,204
Opera,125.0,189
Safari,26.1,173
Safari,18.6,144
Yandex Browser,25.12,119
Chrome,117.0,79
Firefox,140.0,74
Microsoft Edge,142.0,72
Chrome,141.0,55
Quark,10.1,48
Chrome,140.0,48
Mobile App,(not set),47
Firefox,145.0,40
Chrome,132.0,37
Chrome,138.0,33
Chrome,109.0,28
Chrome,135.0,28
Safari,18.5,27
Chrome,122.0,23
Safari,26.0,22
Chrome,134.0,20
Chrome,131.0,18
Microsoft Edge,144.0,18
Firefox,147.0,18
Safari,18.7,18
Samsung Browser,29.0,18
Chrome,136.0,17
Chrome,137.0,17
Safari,17.6,16
Safari,26.3,16
Chrome,124.0,14
(not set),(not set),13
Chrome,116.0,13
Firefox,146.1,13
UC Browser,18.2,13
Opera,124.0,12
Safari,18.3,12
UC Browser,18.3,12
Microsoft Edge,122.0,11
Chrome,144.0,11
Firefox,144.0,11
Firefox,128.0,10
Yandex Browser,25.10,10
Quark,10.0,9
Firefox,115.0,9
Firefox,136.0,9
Chrome,111.0,8
Chrome,112.0,8
Chrome,133.0,8
Microsoft Edge,139.0,8
Chrome,145.0,8
Chrome,123.0,7
Opera,123.0,7
Chrome,126.0,7
Chrome,130.0,7
Firefox,143.0,7
AVG Secure Browser,143.0,7
Safari,15.6,7
Quark,7.15,7
Smart Lenovo Browser,9.0,7
Chrome,108.0,6
Firefox,109.0,6
Chrome,110.0,6
Microsoft Edge,141.0,6
Safari,16.6,6
Safari,18.1,6
Safari,18.4,6
Quark,7.16,6
360 Secure Browser,(not set),5
Chrome,103.0,5
Firefox,137.0,5
Firefox,142.0,5
Mobile App,143.0,5
Safari,17.5,5
Whale Browser,4.35,5
Chrome,104.0,4
Chrome,119.0,4
Chrome,120.0,4
Chrome,127.0,4
Chrome,128.0,4
Firefox,133.0,4
Microsoft Edge,133.0,4
Microsoft Edge,138.0,4
Safari,17.4,4
Quark,7.14,4
Quark,7.8,4
Quark,(not set),3
Brave,(not set),3
Safari,10.0,3
Chrome,105.0,3
Chrome,106.0,3
Chrome,107.0,3
Microsoft Edge,109.0,3
Chrome,114.0,3
Microsoft Edge,117.0,3
Safari,12.1,3
Firefox,122.0,3
Chrome,129.0,3
Microsoft Edge,137.0,3
Microsoft Edge,140.0,3
Firefox,141.0,3
Huawei Browser Mobile,16.0,3
UC Browser,17.7,3
Sogou Explorer,2,3
Yandex Browser,23.9,3
Safari,26.4,3
vivo Browser,27.6,3
Firefox,5.0,3
Chrome,59.0,3
Safari,60.5,3
Chrome,69.0,3
Chrome,77.0,3
Chrome,86.0,3
Microsoft Edge,92.0,3
Safari,(not set),2
Microsoft Edge,100.0,2
Chrome,101.0,2
Microsoft Edge,107.0,2
Firefox,113.0,2
Microsoft Edge,113.0,2
Opera,118.0,2
Firefox,125.0,2
Safari,13.1,2
Firefox,138.0,2
Mobile App,140.0,2
Norton Private Browser,142.0,2
Avast Secure Browser,143.0,2
Samsung Browser,17.0,2
Safari,17.1,2
UC Browser,17.8,2
UC Browser,18.0,2
Safari,18.0,2
UC Browser,18.1,2
QQ Browser,19.7,2
Hi Browser,2.25,2
QQ Browser,20.0,2
MIUI Browser,20.9,2
Yandex Browser,24.10,2
Yandex Browser,24.6,2
Yandex Browser,25.4,2
Yandex Browser,25.6,2
vivo Browser,27.5,2
Whale Browser,3.20,2
Mobile App,66.0,2
Quark,7.7,2
Mobile App,91.0,2
Chrome,97.0,2
Steam In-Game Overlay,(not set),1
Android Browser,(not set),1
Microsoft Edge,102.0,1
Microsoft Edge,108.0,1
Firefox,110.0,1
Microsoft Edge,111.0,1
Chrome,113.0,1
Microsoft Edge,114.0,1
UC Browser,12.12,1
Chrome,121.0,1
Mobile App,122.0,1
Opera,126.0,1
Microsoft Edge,127.0,1
Firefox,127.0,1
QQ Browser,13.1,1
Microsoft Edge,130.0,1
Firefox,130.0,1
Microsoft Edge,131.0,1
Microsoft Edge,132.0,1
Firefox,134.0,1
Microsoft Edge,136.0,1
Firefox,139.0,1
Safari,14.1,1
MIUI Browser,14.48,1
Mobile App,142.0,1
Norton Private Browser,143.0,1
vivo Browser,15.0,1
UC Browser,15.0,1
vivo Browser,15.1,1
Safari,15.2,1
vivo Browser,15.2,1
Safari,15.3,1
Safari,15.5,1
Safari,16.3,1
Safari,17.14,1
UC Browser,17.3,1
UC Browser,17.4,1
Safari,17.9,1
Microsoft Edge,18.18363,1
QQ Browser,19.4,1
QQ Browser,19.6,1
MIUI Browser,20.2,1
vivo Browser,22.1,1
Yandex Browser,22.7,1
Yandex Browser,24.4,1
Yandex Browser,25.122,1
vivo Browser,26.1,1
Aloha Browser,4.5,1
Firefox,44.0,1
QtWebEngine,6.10,1
Quark,6.11,1
Quark,6.12,1
Notion,6.3,1
QtWebEngine,6.7,1
Vivaldi,7.1,1
Quark,7.10,1
Quark,7.11,1
Quark,7.12,1
Quark,7.13,1
Quark,7.17,1
Opera,73.2,1
Chrome,81.0,1
Microsoft Edge,84.0,1
Chrome,89.0,1
Chrome,93.0,1
Opera,95.0,1
Chrome,96.0,1
Mobile App,97.0,1
Opera,97.1,1
Chrome,98.0,1
Chrome,99.0,1
