property,value,visitors,events,percentage
url,(none),1045680,1161027,100.0
url,https://www.python.org/,60,63,0.0
url,https://github.com/python/peps/blob/main/peps/pep-0619.rst,18,19,0.0
url,https://packaging.python.org/en/latest/specifications/,16,16,0.0
url,https://github.com/python/peps/blob/main/peps/pep-0664.rst,13,13,0.0
url,https://github.com/python/peps/blob/main/peps/pep-0790.rst,10,10,0.0
url,https://docs.python.org/3.12/whatsnew/3.12.html,9,9,0.0
url,https://groups.google.com/d/msg/comp.lang.python/B_VxeTBClM0/L8W9KlsiriUJ,9,10,0.0
url,https://github.com/python/peps/blob/main/peps/pep-0693.rst,7,7,0.0
url,https://github.com/python/peps,6,6,0.0
url,https://github.com/python/peps/blob/main/peps/pep-0008.rst?plain=1,6,7,0.0
url,https://github.com/python/peps/blob/main/peps/pep-0745.rst,6,8,0.0
url,https://packaging.python.org/en/latest/specifications/version-specifiers/#version-specifiers,6,6,0.0
url,https://typing.python.org/en/latest/spec/directives.html#deprecated,6,6,0.0
url,https://github.com/python/peps/blob/main/peps/pep-0790.rst?plain=1,5,5,0.0
url,https://docs.python.org/3.14/library/string.templatelib.html#template-strings,4,4,0.0
url,https://github.com/python/peps/blob/main/peps/pep-0020.rst,4,4,0.0
url,https://github.com/python/peps/blob/main/peps/pep-0745.rst?plain=1,4,5,0.0
url,https://mail.python.org/archives/list/python-dev@python.org/,4,4,0.0
url,https://packaging.python.org/en/latest/specifications/pylock-toml/#pylock-toml-spec,4,4,0.0
url,https://packaging.python.org/en/latest/specifications/pyproject-toml/#pyproject-toml-spec,4,4,0.0
url,https://typing.python.org/en/latest/spec/distributing.html#packaging-typed-libraries,4,4,0.0
url,https://www.youtube.com/watch?v=FByM0r-VOLc,4,4,0.0
url,https://docs.python.org/3/library/stdtypes.html#types-genericalias,3,3,0.0
url,https://docs.python.org/3/library/zoneinfo.html#module-zoneinfo,3,3,0.0
url,https://docs.python.org/3/reference/simple_stmts.html#annassign,3,3,0.0
url,https://github.com/python/peps/blob/main/peps/pep-0664.rst?plain=1,3,3,0.0
url,https://mail.python.org/pipermail/python-dev/2004-August/046711.html,3,3,0.0
url,https://mail.python.org/pipermail/python-dev/2013-March/125003.html,3,3,0.0
url,https://packaging.python.org/en/latest/specifications/dependency-groups/#dependency-groups,3,3,0.0
url,https://typing.python.org/en/latest/spec/,3,3,0.0
url,https://typing.python.org/en/latest/spec/narrowing.html#typeguard,3,3,0.0
url,https://typing.python.org/en/latest/spec/typeddict.html#typeddict,3,3,0.0
url,http://alobbs.com/post/54503240599/close-and-eintr,2,2,0.0
url,http://barry.warsaw.us/software/STYLEGUIDE.txt,2,2,0.0
url,http://docs.python.org/3/library/functions.html#func-range,2,2,0.0
url,http://docs.python.org/library/warnings.html,2,2,0.0
url,http://linux.die.net/man/2/execve,2,2,0.0
url,http://www.python.org/topics/database/,2,2,0.0
url,https://devguide.python.org/developers/,2,2,0.0
url,https://discuss.python.org/t/24179,2,2,0.0
url,https://dl.acm.org/doi/10.1145/800055.802037,2,2,0.0
url,https://docs.python.org/3.15/library/math.integer.html,2,2,0.0
url,https://docs.python.org/3/library/typing.html#typing.ParamSpec,2,2,0.0
url,https://docs.python.org/3/library/typing.html#typing.Protocol,2,2,0.0
url,https://docs.python.org/3/library/typing.html#typing.override,2,2,0.0
url,https://docs.python.org/3/reference/compound_stmts.html#match,2,2,0.0
url,https://docs.python.org/3/reference/datamodel.html#object.__class_getitem__,2,2,0.0
url,https://docs.python.org/3/tutorial/errors.html#tut-exception-groups,2,2,0.0
url,https://docutils.sourceforge.io/,2,2,0.0
url,https://en.wikipedia.org/wiki/Don%27t_repeat_yourself,2,2,0.0
url,https://github.com/python/peps/,2,2,0.0
url,https://github.com/python/peps/blob/main/peps/pep-0008.rst,2,3,0.0
url,https://github.com/python/peps/blob/main/peps/pep-0011.rst,2,2,0.0
url,https://github.com/python/peps/blob/main/peps/pep-0249.rst,2,2,0.0
url,https://github.com/python/peps/blob/main/peps/pep-0305.rst?plain=1,2,2,0.0
url,https://github.com/python/peps/blob/main/peps/pep-0397.rst?plain=1,2,2,0.0
url,https://github.com/python/peps/blob/main/peps/pep-0596.rst,2,2,0.0
url,https://github.com/python/peps/blob/main/peps/pep-0708.rst,2,6,0.0
url,https://github.com/python/peps/commits/main/peps/pep-0020.rst,2,2,0.0
url,https://github.com/python/peps/commits/main/peps/pep-0387.rst,2,2,0.0
url,https://mail.python.org/archives/list/python-dev@python.org/message/JBYXQH3NV3YBF7P2HLHB5CD6V3GVTY55/,2,3,0.0
url,https://mail.python.org/pipermail/python-3000/2007-July/008663.html,2,2,0.0
url,https://mail.python.org/pipermail/python-dev/2010-September/103408.html,2,2,0.0
url,https://mail.python.org/pipermail/python-dev/2012-May/119651.html,2,2,0.0
url,https://mail.python.org/pipermail/python-dev/2018-July/154601.html,2,2,0.0
url,https://packaging.python.org/en/latest/specifications/binary-distribution-format/#the-dist-info-sboms-directory,2,2,0.0
url,https://packaging.python.org/en/latest/specifications/dependency-specifiers/#dependency-specifiers,2,2,0.0
url,https://packaging.python.org/en/latest/specifications/externally-managed-environments/#externally-managed-environments,2,2,0.0
url,https://pypi.org/project/telnetlib3/,2,2,0.0
url,https://typing.python.org/en/latest/spec/class-compat.html#override,2,2,0.0
url,https://typing.python.org/en/latest/spec/dataclasses.html#dataclass-transform,2,2,0.0
url,https://typing.python.org/en/latest/spec/generics.html#self,2,2,0.0
url,https://typing.python.org/en/latest/spec/generics.html#typevartuple,2,3,0.0
url,https://www.pypa.io/en/latest/specifications/#handling-fixes-and-other-minor-updates,2,2,0.0
url,https://www.pypa.io/en/latest/specifications/#specification-update-process,2,3,0.0
url,https://www.starvoting.org/multi_winner,2,2,0.0
url,https://www.tiobe.com/tiobe-index/,2,2,0.0
url,http://bugs.python.org/issue23491,1,1,0.0
url,http://bugs.python.org/issue753733,1,1,0.0
url,http://bugs.python.org/issue9867,1,1,0.0
url,http://discuss.python.org/t/accepting-pep-654-exception-groups-and-except/10813,1,1,0.0
url,http://docs.hhvm.com/manual/en/hack.async.php,1,1,0.0
url,http://docs.python.org/library/stdtypes.html#string-formatting-operations,1,1,0.0
url,http://docutils.sourceforge.net/docs/user/rst/quickstart.html,1,1,0.0
url,http://docutils.sourceforge.net/rst.html,1,1,0.0
url,http://lists.sourceforge.net/lists/listinfo/python-iterators,1,1,0.0
url,http://lwn.net/Articles/576478/,1,1,0.0
url,http://web.archive.org/web/20070730120117/http://oakwinter.com/code/typecheck/,1,1,0.0
url,http://www.cpan.org/,1,1,0.0
url,http://www.gnu.org/software/libc/manual/html_node/Opening-and-Closing-Files.html,1,1,0.0
url,http://www.joelonsoftware.com/articles/fog0000000069.html,1,1,0.0
url,http://www.open-std.org/jtc1/sc22/wg21/docs/papers/2013/n3722.pdf,1,1,0.0
url,http://www.pythonlabs.com/,1,1,0.0
url,http://www.tcl.tk/cgi-bin/tct/tip/28.html,1,1,0.0
url,https://arxiv.org/pdf/1207.0443.pdf,1,1,0.0
url,https://bugs.python.org/issue43466,1,1,0.0
url,https://datatracker.ietf.org/doc/html/rfc2119.html,1,1,0.0
url,https://datatracker.ietf.org/doc/html/rfc2822.html,1,1,0.0
url,https://devguide.python.org/,1,1,0.0
url,https://discuss.python.org/t/104027,1,1,0.0
url,https://discuss.python.org/t/104131,1,1,0.0
url,https://discuss.python.org/t/104150,1,1,0.0
url,https://discuss.python.org/t/19583/42,1,1,0.0
url,https://discuss.python.org/t/32566,1,1,0.0
url,https://discuss.python.org/t/76308,1,1,0.0
url,https://discuss.python.org/t/84319,1,1,0.0
url,https://discuss.python.org/t/formalize-the-concept-of-soft-deprecation-dont-schedule-removal-in-pep-387-backwards-compatibility-policy/27957,1,1,0.0
url,https://discuss.python.org/t/pep-2026-calendar-versioning-for-python/55782/126,1,1,0.0
url,https://discuss.python.org/t/pep-602-annual-release-cycle-for-python/2296/,1,3,0.0
url,https://discuss.python.org/t/pep-728-typeddict-with-typed-extra-items/45443/159,1,1,0.0
url,https://discuss.python.org/t/pep-736-keyword-argument-shorthand-final-draft/58504,1,1,0.0
url,https://discuss.python.org/t/pep-749-implementing-pep-649/54974/66,1,1,0.0
url,https://discuss.python.org/t/pep-768-safe-external-debugger-interface-for-cpython/73969/57,1,1,0.0
url,https://discuss.python.org/t/pep-799-a-dedicated-profilers-package-for-organizing-python-profiling-tool/100898,1,2,0.0
url,https://discuss.python.org/t/steering-council-nomination-pablo-galindo-salgado-2021-term/5720,1,1,0.0
url,https://discuss.python.org/t/using-exceptiongroup-at-anthropic-experience-report/20888,1,1,0.0
url,https://docs.pypi.org/attestations/,1,1,0.0
url,https://docs.python.org/3.11/library/dataclasses.html,1,1,0.0
url,https://docs.python.org/3.12/library/crypt.html#module-crypt,1,1,0.0
url,https://docs.python.org/3.13/glossary.html#term-optimized-scope,1,1,0.0
url,https://docs.python.org/3.9/library/distutils.html,1,1,0.0
url,https://docs.python.org/3/c-api/call.html#vectorcall,1,1,0.0
url,https://docs.python.org/3/howto/index.html,1,1,0.0
url,https://docs.python.org/3/library/compression.zstd.html#module-compression.zstd,1,1,0.0
url,https://docs.python.org/3/library/concurrent.interpreters.html#module-concurrent.interpreters,1,1,0.0
url,https://docs.python.org/3/library/configparser.html#module-configparser,1,1,0.0
url,https://docs.python.org/3/library/importlib.html#importlib.util.LazyLoader,1,1,0.0
url,https://docs.python.org/3/library/stdtypes.html#types-union,1,1,0.0
url,https://docs.python.org/3/library/typing.html#typing.NotRequired,1,1,0.0
url,https://docs.python.org/3/reference/datamodel.html#async-iterators,1,1,0.0
url,https://docs.python.org/3/reference/datamodel.html#customizing-module-attribute-access,1,1,0.0
url,https://docs.python.org/3/reference/datamodel.html#python-buffer-protocol,1,1,0.0
url,https://docs.python.org/3/reference/grammar.html#full-grammar-specification,1,2,0.0
url,https://docs.python.org/3/reference/simple_stmts.html#type,1,1,0.0
url,https://docs.python.org/3/tutorial/errors.html#exception-chaining,1,1,0.0
url,https://docs.python.org/3/using/ios.html#using-ios,1,1,0.0
url,https://docs.python.org/3/whatsnew/3.11.html#whatsnew311-pep659,1,1,0.0
url,https://docs.python.org/using/windows.html,1,1,0.0
url,https://en.wikipedia.org/wiki/Hygienic_macro,1,1,0.0
url,https://github.com/1st1/cpython/tree/async_gen,1,1,0.0
url,https://github.com/LazyImportsCabal/cpython/tree/lazy,1,1,0.0
url,https://github.com/Python-Markdown/markdown,1,1,0.0
url,https://github.com/Rapptz/discord.py,1,1,0.0
url,https://github.com/astral-sh/uv,1,1,0.0
url,https://github.com/ericvsmith/dataclasses,1,1,0.0
url,https://github.com/package-url/purl-spec/,1,1,0.0
url,https://github.com/psf/sboms-for-python-packages/tree/main/benchmark,1,1,0.0
url,https://github.com/pypa/pypi-support/issues,1,1,0.0
url,https://github.com/pypa/pypi-support/issues/new?labels=PEP+541&template=pep541-request.yml&title=PEP+541+Request%3A+PROJECT_NAME,1,1,0.0
url,https://github.com/python/cpython/actions/workflows/build.yml?query=branch%3Amain+is%3Acompleted,1,1,0.0
url,https://github.com/python/cpython/blob/main/Python/ceval.c,1,1,0.0
url,https://github.com/python/cpython/issues/115802,1,1,0.0
url,https://github.com/python/cpython/issues/76269,1,1,0.0
url,https://github.com/python/cpython/pull/5027,1,1,0.0
url,https://github.com/python/peps/blob/main/peps/pep-0001.rst,1,1,0.0
url,https://github.com/python/peps/blob/main/peps/pep-0007.rst?plain=1,1,1,0.0
url,https://github.com/python/peps/blob/main/peps/pep-0009.rst?plain=1,1,1,0.0
url,https://github.com/python/peps/blob/main/peps/pep-0012.rst,1,1,0.0
url,https://github.com/python/peps/blob/main/peps/pep-0020.rst?plain=1,1,1,0.0
url,https://github.com/python/peps/blob/main/peps/pep-0236.rst,1,1,0.0
url,https://github.com/python/peps/blob/main/peps/pep-0249.rst?plain=1,1,2,0.0
url,https://github.com/python/peps/blob/main/peps/pep-0257.rst,1,1,0.0
url,https://github.com/python/peps/blob/main/peps/pep-0257.rst?plain=1,1,1,0.0
url,https://github.com/python/peps/blob/main/peps/pep-0370.rst,1,1,0.0
url,https://github.com/python/peps/blob/main/peps/pep-0479.rst,1,1,0.0
url,https://github.com/python/peps/blob/main/peps/pep-0517.rst?plain=1,1,1,0.0
url,https://github.com/python/peps/blob/main/peps/pep-0529.rst,1,1,0.0
url,https://github.com/python/peps/blob/main/peps/pep-0541.rst,1,1,0.0
url,https://github.com/python/peps/blob/main/peps/pep-0585.rst?plain=1,1,2,0.0
url,https://github.com/python/peps/blob/main/peps/pep-0602.rst,1,1,0.0
url,https://github.com/python/peps/blob/main/peps/pep-0609.rst,1,1,0.0
url,https://github.com/python/peps/blob/main/peps/pep-0619.rst?plain=1,1,1,0.0
url,https://github.com/python/peps/blob/main/peps/pep-0636.rst?plain=1,1,1,0.0
url,https://github.com/python/peps/blob/main/peps/pep-0638.rst,1,1,0.0
url,https://github.com/python/peps/blob/main/peps/pep-0693.rst?plain=1,1,1,0.0
url,https://github.com/python/peps/blob/main/peps/pep-0708.rst?plain=1,1,1,0.0
url,https://github.com/python/peps/blob/main/peps/pep-0719.rst?plain=1,1,1,0.0
url,https://github.com/python/peps/blob/main/peps/pep-0720.rst?plain=1,1,1,0.0
url,https://github.com/python/peps/blob/main/peps/pep-0723.rst,1,1,0.0
url,https://github.com/python/peps/blob/main/peps/pep-0744.rst?plain=1,1,1,0.0
url,https://github.com/python/peps/blob/main/peps/pep-0779.rst,1,2,0.0
url,https://github.com/python/peps/blob/main/peps/pep-0798.rst,1,1,0.0
url,https://github.com/python/peps/blob/main/peps/pep-0799.rst,1,1,0.0
url,https://github.com/python/peps/blob/main/peps/pep-0801.rst,1,2,0.0
url,https://github.com/python/peps/blob/main/peps/pep-0816.rst?plain=1,1,1,0.0
url,https://github.com/python/peps/commits/main/peps/pep-0257.rst,1,1,0.0
url,https://github.com/python/peps/commits/main/peps/pep-0370.rst,1,1,0.0
url,https://github.com/python/peps/commits/main/peps/pep-0569.rst,1,1,0.0
url,https://github.com/python/peps/commits/main/peps/pep-0619.rst,1,1,0.0
url,https://github.com/python/peps/commits/main/peps/pep-0660.rst,1,1,0.0
url,https://github.com/python/peps/commits/main/peps/pep-0708.rst,1,2,0.0
url,https://github.com/python/peps/commits/main/peps/pep-0790.rst,1,1,0.0
url,https://github.com/python/voters/,1,1,0.0
url,https://github.com/takluyver/flit,1,3,0.0
url,https://github.com/tjguk/scandir,1,1,0.0
url,https://github.com/toml-lang/toml,1,1,0.0
url,https://hg.python.org/benchmarks,1,1,0.0
url,https://hg.python.org/lookup/00991aa5fdb5,1,1,0.0
url,https://mail.python.org/archives/list/distutils-sig@python.org/,1,1,0.0
url,https://mail.python.org/archives/list/python-committers@python.org/message/SQC2FTLFV5A7DV7RCEAR2I2IKJKGK7W3,1,1,0.0
url,https://mail.python.org/archives/list/python-dev@python.org/thread/U4C4XHNRC4SHS3TPZWCTY4SN4QU3TT6V/,1,1,0.0
url,https://mail.python.org/archives/list/python-dev@python.org/thread/YAZQHFUCYEYIX5MIG6LFJLCVQ5ORVUM6/,1,1,0.0
url,https://mail.python.org/mailman/listinfo/web-sig,1,1,0.0
url,https://mail.python.org/pipermail/distutils-sig/2013-May/020848.html,1,1,0.0
url,https://mail.python.org/pipermail/python-committers/2018-July/005664.html,1,1,0.0
url,https://mail.python.org/pipermail/python-dev/2003-January/032492.html,1,1,0.0
url,https://mail.python.org/pipermail/python-dev/2004-August/author.html,1,1,0.0
url,https://mail.python.org/pipermail/python-dev/2005-September/056846.html,1,1,0.0
url,https://mail.python.org/pipermail/python-dev/2006-April/064632.html,1,1,0.0
url,https://mail.python.org/pipermail/python-dev/2011-June/112010.html,1,1,0.0
url,https://mail.python.org/pipermail/python-dev/2012-January/115962.html,1,1,0.0
url,https://mail.python.org/pipermail/python-dev/2012-June/120505.html,1,1,0.0
url,https://mail.python.org/pipermail/python-dev/2015-May/139844.html,1,1,0.0
url,https://mail.python.org/pipermail/python-dev/2016-May/144646.html,1,1,0.0
url,https://mail.python.org/pipermail/python-dev/2016-September/146277.html,1,1,0.0
url,https://mail.python.org/pipermail/python-dev/2017-December/151042.html,1,1,0.0
url,https://mail.python.org/pipermail/python-ideas/2009-April/004163.html,1,1,0.0
url,https://packaging.python.org/en/latest/specifications/binary-distribution-format/#binary-distribution-format,1,1,0.0
url,https://packaging.python.org/en/latest/specifications/core-metadata/#core-metadata,1,1,0.0
url,https://packaging.python.org/en/latest/specifications/simple-repository-api/#simple-repository-api,1,1,0.0
url,https://packaging.python.org/guides/analyzing-pypi-package-downloads/,1,2,0.0
url,https://packaging.python.org/specifications/core-metadata/,1,1,0.0
url,https://packaging.python.org/specifications/core-metadata/#license,1,1,0.0
url,https://packaging.python.org/specifications/entry-points/,1,1,0.0
url,https://pdos.csail.mit.edu/~baford/packrat/thesis/,1,1,0.0
url,https://pypi.org/policy/terms-of-use/,1,1,0.0
url,https://pypi.org/project/bandersnatch/,1,1,0.0
url,https://pypi.python.org/serverkey,1,1,0.0
url,https://sethmlarson.dev/security-developer-in-residence-weekly-report-18,1,1,0.0
url,https://sethmlarson.dev/visualizing-the-python-package-sbom-data-flow,1,1,0.0
url,https://setuptools.readthedocs.io/en/latest/deprecated/easy_install.html,1,1,0.0
url,https://spdx.dev/ids/,1,1,0.0
url,https://spdx.org/licenses/OPUBL-1.0.html,1,1,0.0
url,https://svn.python.org/packages/trunk/pypi/tools/verify.py,1,1,0.0
url,https://typing.python.org/,1,2,0.0
url,https://typing.python.org/en/latest/spec/aliases.html#type-aliases,1,1,0.0
url,https://typing.python.org/en/latest/spec/annotations.html#type-expression,1,1,0.0
url,https://typing.python.org/en/latest/spec/callables.html#unpack-kwargs,1,1,0.0
url,https://typing.python.org/en/latest/spec/generics.html#paramspec,1,1,0.0
url,https://typing.python.org/en/latest/spec/generics.html#type-parameter-defaults,1,1,0.0
url,https://typing.python.org/en/latest/spec/literal.html#literalstring,1,1,0.0
url,https://typing.python.org/en/latest/spec/narrowing.html#typeis,1,1,0.0
url,https://typing.python.org/en/latest/spec/protocol.html#protocols,1,1,0.0
url,https://typing.python.org/en/latest/spec/qualifiers.html#annotated,1,1,0.0
url,https://vorpus.org/blog/notes-on-structured-concurrency-or-go-statement-considered-harmful/,1,1,0.0
url,https://wasi.dev/,1,1,0.0
url,https://www.pypa.io/,1,1,0.0
url,https://www.python.org/psf-landing/,1,1,0.0
url,https://www.starvoting.org/,1,1,0.0
url,https://youtu.be/HxSHIpEQRjs,1,1,0.0
