name,visitors,bounce_rate,visit_duration
Direct / None,232,85,250
google.com,121,69,126
python.org,7,0,282
news.ycombinator.com,6,100,0
bing.com,5,100,0
duckduckgo.com,3,100,0
google.pl,2,50,2454
pl.search.yahoo.com,2,100,0
search.brave.com,2,100,0
claude.ai,1,0,795
fuw.edu.pl,1,0,49
github.com,1,0,136
m.baidu.com,1,100,0
mi-global.miraeasset.com,1,100,0
pl.python.org,1,100,0
practicum.yandex.com,1,0,171
pw20we.cs.put.poznan.pl,1,0,0
upel.agh.edu.pl,1,100,0
wiki.python.org,1,0,298
yandex.ru,1,0,68
