name,unique_entrances,total_entrances,visit_duration
/downloads/,175008,185934,160
/,145034,152859,148
/downloads/windows/,40909,42650,122
/downloads/release/python-3140/,28350,28949,155
/downloads/release/pymanager-250/,16012,16417,142
/downloads/release/python-3110/,5535,5763,167
/downloads/release/python-3120/,5272,5476,167
/downloads/release/python-3100/,5069,5295,190
/downloads/macos/,4763,4883,82
/about/gettingstarted/,4301,4447,83
/search/,3806,3869,202
/downloads/release/python-3139/,3618,3689,148
/downloads/release/python-31212/,3092,3139,226
/downloads/release/python-31011/,2679,2814,160
/downloads/release/python-3119/,2639,2755,144
/doc/,2612,2688,103
/downloads/release/python-3150a2/,2250,2269,170
/downloads/release/python-3130/,2132,2185,162
/downloads/release/python-31114/,2088,2136,223
/downloads/release/python-31019/,1629,1656,245
/downloads/release/python-3135/,1478,1509,158
/downloads/release/python-3106/,1451,1539,137
/downloads/release/python-390/,1343,1390,200
/psf-landing/,1299,1321,123
/downloads/source/,1274,1307,123
/getit/,1155,1179,181
/downloads/release/python-380/,1109,1150,196
/downloads/release/python-3925/,893,914,176
/about/,889,916,157
/downloads/release/python-3137/,816,857,166
/shell/,757,796,109
/downloads/release/python-31210/,755,777,154
/downloads/release/python-3810/,718,758,155
/jobs/,683,709,119
/downloads/android/,637,665,125
/downloads/release/python-370/,615,633,224
/community/,574,577,115
/download/other/,549,561,96
/about/apps/,514,526,111
/downloads/release/python-2718/,481,495,73
/downloads/release/python-3127/,479,497,142
/downloads/release/python-3913/,478,489,147
/downloads/release/python-3126/,463,485,178
/downloads/release/python-3124/,456,461,159
/downloads/release/python-3123/,437,453,163
/download/releases/,414,414,251
/downloads/release/python-3118/,328,342,216
/downloads/release/python-3128/,325,342,190
/doc/versions/,320,336,77
/downloads/release/python-31012/,319,332,268
/downloads/release/python-3109/,305,321,96
/downloads/release/python-3133/,305,312,184
/downloads/release/python-31010/,304,322,165
/download/releases/2.7/,292,300,121
/blogs/,259,267,100
/downloads/release/python-31013/,257,267,310
/downloads/release/python-3129/,255,273,146
/downloads/release/python-360/,246,250,173
/download,241,242,300
/downloads/release/python-379/,239,251,167
/downloads/release/python-3117/,235,247,150
/community/logos/,232,238,55
/downloads/release/python-3122/,221,228,196
/downloads/release/python-3132/,221,233,156
/downloads/release/python-3116/,219,230,136
/downloads/release/python-3114/,209,219,126
/getit/windows/,203,205,139
/doc/essays/blurb/,176,182,83
/downloads/release/python-3125/,170,175,125
/downloads/release/python-31113/,167,169,288
/downloads/release/python-31110/,163,169,254
/downloads/release/python-3115/,160,166,176
/downloads/release/python-374/,154,163,231
/downloads/release/python-3131/,149,155,150
/downloads/release/python-3136/,147,152,106
/downloads/release/python-377/,146,149,164
/downloads/release/python-3820/,146,148,243
/downloads/release/python-3121/,145,147,212
/downloads/release/python-368/,145,154,181
/downloads/release/python-3105/,141,151,144
/downloads/release/python-385/,141,142,108
/downloads/release/python-31111/,133,137,234
/success-stories/,128,132,114
/downloads/release/python-3111/,127,133,84
/download/releases/3.0/,126,131,126
/downloads/release/python-31211/,126,130,288
/downloads/release/,117,117,241
/download/pre-releases/,116,118,160
/downloads/release/python-3112/,115,117,163
/downloads/release/python-3138/,110,111,59
/downloads/release/python-386/,107,113,180
/downloads/release/python-3104/,106,114,85
/downloads/release/python-31014/,101,105,195
/downloads/release/python-3918/,100,104,309
/downloads/release/python-3717/,95,96,182
/downloads/release/python-3108/,91,101,119
/events/,90,90,112
/downloads/release/python-396/,84,86,169
/success-stories/category/education/,83,84,120
/downloads/release/python-311/,81,84,220
/downloads/release/python-397/,78,82,229
/accounts/login/,76,77,187
/downloads/release/python-381/,76,76,156
/downloads/release/python-31112/,75,76,228
/downloads/release/python-399/,75,78,122
/downloads/release/python-382/,74,75,184
/downloads/release/python-31018/,73,74,200
/about/help/,72,73,89
/doc/av/,71,72,94
/downloads/release/python-272/,71,72,79
/downloads/release/python-3910/,71,74,81
/downloads/release/python-3113/,70,71,123
/downloads/release/python-3134/,69,74,148
/downloads/release/python-391/,66,66,148
/downloads/release/python-392/,66,69,98
/events/python-events/,66,67,90
/download/mac/tcltk/,65,67,62
/community/forums/,64,65,8
/downloads/release/python-3919/,63,64,222
/downloads/release/python-3107/,62,63,152
/downloads/release/python-383/,62,64,92
/success-stories/category/engineering/,62,64,98
/downloads/release/python-3102/,61,64,275
/success-stories/category/business/,61,62,92
/download/alternatives/,59,61,187
/downloads/release/python-3101/,59,60,131
/downloads/release/python-365/,59,59,104
/psf/membership/,59,59,83
/downloads/release/python-340/,58,62,191
/success-stories/category/arts/,58,58,118
/downloads/release/python-388/,57,62,166
/downloads/release/python-372/,56,57,162
/downloads/release/python-373/,56,58,117
/downloads/release/python-395/,55,58,51
/doc/essays/,54,56,158
/downloads/release/python-350/,53,54,151
/downloads/release/python-2716/,52,54,137
/community/diversity/,50,50,78
/psf/sponsors/,50,50,41
/downloads/release/python-3912/,48,52,115
/psf/donations/,48,49,163
/downloads/release/python-2710/,47,49,151
/community/irc/,46,46,42
/downloads.,46,46,191
/downloads/release/python-31015/,45,46,373
/downloads/release/python-387/,45,45,133
/downloads/release/python-3911/,45,46,190
/downloads/release/python-3922/,45,45,130
//downloads/,44,44,172
/downloads/release/python-311x/,44,46,254
/success-stories/category/software-development/,44,44,89
/community/workshops/,42,42,15
/downloads/release/python-389/,42,42,171
/downloads/release/python-31016/,41,44,366
/doc/essays/graphs/,40,40,1
/about/quotes/,39,39,31
/dev/,39,41,65
/download/releases/3.1/,39,40,219
/downloads/release/python-3615/,38,38,210
/community/lists/,37,39,72
/downloads/release/python-3818/,37,38,145
/downloads/release/python-3916/,36,36,138
/downloads/release/python-31017/,35,35,169
/events/python-user-group/past/,35,36,121
/downloads/release/python-300/,34,37,115
/downloads/release/python-344/,34,34,139
/downloads/release/python-375/,34,36,88
/events/python-events/past/,34,34,87
/success-stories/category/government/,34,36,4
/community/sigs/,33,33,65
/success-stories/category/scientific/,33,33,24
/download/releases/2.3/mro/,32,33,58
/download/releases/2.5/msi/,32,32,210
/downloads/release/python-2714/,32,34,70
/downloads/release/python-2715/,32,33,17
/psf/get-involved/,32,33,31
/downloads/release/python-310/,31,33,329
/downloads/release/python-312/,31,32,106
/downloads/release/python-378/,31,32,137
/doc/sunset-python-2/,30,30,64
/downloads/release/python-2713/,30,30,125
/downloads/release/python-376/,30,30,146
/downloads/release/python-3924/,30,31,316
/psf/newsletter/,30,30,35
/downloads/release/python-270/,29,33,115
/downloads/release/python-3150a1/,29,31,61
/events/python-user-group/,29,29,51
/download/releases/2.0/,28,30,121
/downloads/release/python-398/,28,28,177
/community/sigs/current/mobile-sig/,27,27,83
/downloads/release/python-3103/,27,28,107
/downloads/release/python-3710/,27,27,254
/downloads/release/python-3915/,27,32,906
/downloads [출처] 파이썬 python 설치 및 다운로드 방법|작성자 웃후,25,25,208
/downloads/release/python-352/,25,25,103
/downloads/release/python-3923/,25,25,129
/psf/about/,25,25,27
/downloads/release/python-363/,24,24,93
/downloads/release/python-364/,24,24,290
/psf/,24,25,3
/psf/community-stories/,24,24,0
/downloads/release/python-330/,23,23,160
/downloads/release/python-3819/,23,23,231
/psf/annual-report/2021/,23,23,0
/about/success/,22,24,12
/doc/av,22,22,0
/events/python-user-group/2103/,22,22,30
/dev/security/,21,22,72
/downloads/release/python-371/,21,22,241
/downloads/release/python-3811/,21,22,254
/downloads/release/python-3921/,21,21,426
/community/awards,20,20,0
/downloads/release/python-279/,20,20,125
/downloads/release/python-314/,20,20,337
/downloads/release/python-3410/,20,21,211
/downloads/release/python-362/,20,20,32
/jobs/8005/,20,20,91
/downloads/),19,19,104
/downloads/release/python-271/,19,20,57
/downloads/release/python-275/,19,19,81
/downloads/release/python-351/,19,19,258
/downloads/release/python-3815/,19,19,208
/downloads/release/python-313/,18,19,269
/downloads/release/python-367/,18,18,242
/psf/sponsorship/,18,19,59
/doc/essays/comparisons/,17,20,0
/downloads/release/python-3140a1/,17,17,178
/downloads/release/python-343/,17,18,428
/downloads/release/python-3816/,17,17,490
/sponsors/application/,17,17,302
/downloads/release/python-273/,16,16,150
/downloads/release/python-278/,16,16,174
/downloads/release/python-3510/,16,16,151
/dowloads/,15,15,248
/downloads/release/python-2712/,15,16,136
/downloads/release/python-276/,15,15,126
/downloads/release/python-354/,15,15,170
/downloads/release/python-3812/,15,15,93
/downloads/release/python-3900/,15,15,173
/downloads/release/python-3920/,15,15,91
/downloads/release/python-394/,15,15,54
/accounts/signup/,14,14,593
/doc/humor/,14,14,0
/downloads/release/python-2711/,14,15,126
/downloads/release/python-277/,14,14,116
/downloads/release/python-369/,14,14,317
/downloads/release/python-384/,14,14,453
/jobs/type/back-end/,14,14,29
/psf/membership-faq/,14,14,408
/community/microbit/,13,13,43
/download/releases/3.2/,13,14,44
/downloads/release/python-266/,13,13,31
/downloads/release/python-3713/,13,13,264
/downloads/release/python-3716/,13,13,186
/downloads/release/python-38/,13,13,14
/downloads/release/python-3817/,13,14,227
/success-stories/python-on-arm-2025-update/,13,13,108
/download/releases/2.6/,12,12,161
/downloads/release/python-366/,12,12,424
/ftp,12,12,47
/dev/core-mentorship/,11,11,170
/download/).,11,11,0
/downloads/metadata/sigstore/,11,11,22
/downloads/release/pymanager-250b15/,11,11,0
/downloads/release/python-301/,11,11,141
/downloads/release/python-312x/,11,11,450
/downloads/release/python-3140rc2/,11,12,29
/downloads/release/python-361/,11,11,287
/downloads/release/python-3711/,11,13,210
/downloads/release/python/,11,11,417
/events/python-events/2102/,11,11,38
/success-stories/building-a-dependency-graph-of-our-python-codebase/,11,11,4
/users/Dezzy40/,11,11,9
/accounts/confirm-email/,10,10,156
/download/releases/2.5/,10,10,676
/downloads/release/python-201/,10,10,139
/downloads/release/python-310x/,10,10,109
/downloads/release/python-3120rc2/,10,10,4
/downloads/release/python-3140rc1/,10,10,27
/jobs/8002/,10,10,55
/psf/grants/,10,10,18
/success-stories/python-seo-link-analyzer/,10,10,14
/users/Tekken7/,10,10,8
/ downloads/windows/,9,9,869
/),9,9,55
/download/releases/2.2/descrintro/,9,9,0
/download/releases/2.4/msi/,9,9,156
/download/releases/early/,9,9,105
/downloads/release/python-253/,9,10,439
/downloads/release/python-315/,9,9,181
/downloads/release/python-353/,9,10,132
/downloads/release/python-3712/,9,9,708
/psf/donations/python-dev/,9,10,10
/にアクセスする,9,9,451
/doc/essays/cp4e/,8,8,2
/dowloads,8,8,822
/downloads/release/python-2717/,8,8,0
/downloads/release/python-31116/,8,8,66
/downloads/release/python-3814/,8,8,125
/downloads/release/python-3914/,8,9,246
