name,visitors,bounce_rate,visit_duration
Direct / None,213291,53,155
Google,147214,50,141
Bing,48845,49,164
chatgpt.com,25737,52,166
Yandex,7348,50,139
Baidu,6396,47,178
Brave,2901,52,131
GitHub,2890,61,114
Yahoo!,2821,48,161
docs.python.org,2620,57,91
doubao.com,2412,59,168
Youtube,2054,61,117
DuckDuckGo,1394,50,110
360.cn,1205,48,241
link.csdn.net,1152,48,168
copilot.microsoft.com,913,52,176
Naver,770,46,160
claude.ai,769,56,140
Perplexity,752,56,151
code.visualstudio.com,723,68,110
Microsoft Teams,466,64,116
Coccoc,401,44,162
w3schools.com,341,52,107
qiita.com,299,55,129
pip.pypa.io,280,44,140
link.zhihu.com,261,52,175
ai.google.dev,259,70,56
qianwen.com,253,54,197
Ecosia,234,58,121
learn.microsoft.com,207,66,76
yuanbao.tencent.com,207,47,242
Sogou,180,52,245
netacad.com,170,59,138
packaging.python.org,157,44,255
blog.csdn.net,155,46,189
in.accenture.com,153,50,228
pytorch.org,138,67,101
liaoxuefeng.com,128,67,99
quark.cn,126,47,179
roadmap.sh,122,67,96
pypi.org,118,64,93
chat.baidu.com,116,46,167
Wikipedia,115,44,208
python.github.net.cn,112,92,39
blog.naver.com,105,45,131
Qwant,100,50,77
peps.python.org,99,63,34
devguide.python.org,96,61,79
python.jp,96,32,99
Facebook,95,71,31
wiki.python.org,92,60,80
jianshu.com,89,76,51
geeksforgeeks.org,86,56,73
freedidi.com,83,54,184
sukkiri.jp,83,41,166
runoob.com,79,74,92
dotiromoook.tistory.com,76,25,225
blog.pyq.jp,73,27,149
pygame.org,73,44,267
udemy.com,69,81,102
Telegram,66,53,207
cnblogs.com,61,36,203
courses.edx.org,59,76,104
pythonguis.com,59,58,60
realpython.com,56,56,59
medium.com,51,59,30
datacamp.com,50,51,231
esphome.io,49,41,167
openclassrooms.com,49,59,109
m.blog.naver.com,47,40,119
discuss.python.org,46,66,69
ntp.msn.cn,45,69,82
online-python.com,44,69,57
scikit-learn.org,44,51,57
docs.platformio.org,43,41,120
lmarena.ai,42,47,200
chat.z.ai,40,53,132
edu.mipt.ru,40,41,273
docs.reportlab.com,39,74,67
dzen.ru,38,66,106
lms.ev.org.br,38,68,87
coderivers.org,37,61,122
pythonworld.ru,37,40,145
amuletmc.com,36,51,60
blackbox.ai,36,58,231
lms.nodai.ac.jp,36,38,443
python.org.br,36,56,138
idle.org.cn,35,54,175
docs.pingcode.com,34,56,233
127.0.0.1,32,94,16
chat.mistral.ai,32,62,98
cursos.alura.com.br,32,67,43
pythoncentral.io,32,50,93
soroban.highreso.jp,32,70,131
w3school.com.cn,32,76,39
ai-kenkyujo.com,31,42,71
ithelp.ithome.com.tw,31,48,117
rivery.io,31,56,107
chat.qwen.ai,30,50,85
cloud.tencent.com,30,43,199
weel.co.jp,30,71,162
gradio.app,29,50,149
namu.wiki,29,40,154
Vkontakte,28,53,210
enlacesnintricks.blogspot.com,28,77,101
docs.espressif.com,26,55,119
javadrive.jp,26,23,166
geek-blogs.com,25,40,199
freecodecamp.org,24,46,199
pythononlinecompiler.ru,24,67,101
aisearch.sogou.com,23,61,129
edube.org,23,88,72
gamebanana.com,23,65,45
Instagram,22,86,7
doc.courtbouillon.org,22,95,1
python.p2hp.com,22,26,249
4pda.to,21,64,68
digitalocean.com,21,55,147
hv.instructure.com,21,52,108
skilladd.org,21,62,106
topdev.vn,21,52,12
ursinaengine.org,21,52,41
itisfuture.in.ua,20,38,315
m.so.com,20,55,86
metanit.com,20,65,113
mooc.fi,20,26,107
xdaforums.com,20,50,258
badcaps.net,19,53,261
canva.com,19,77,46
codecademy.com,19,74,149
cs50.readthedocs.io,19,55,266
randomnerdtutorials.com,19,68,40
droidwin.com,18,50,104
gall.dcinside.com,18,28,123
inven.co.kr,18,100,0
pythonjobshq.com,18,53,90
tutorialspoint.com,18,83,113
typing.python.org,18,22,18
docs.isaacsim.omniverse.nvidia.com,17,71,28
docstring.fr,17,47,176
mindplus.dfrobot.com.cn,17,65,250
nexusmods.com,17,76,23
pcschool.com.tw,17,50,69
poe.com,17,47,341
rapidseedbox.com,17,71,38
timeweb.cloud,17,55,166
tutorial.djangogirls.org,17,44,536
yutu.cn,17,50,331
Daum,16,44,73
Mail.ru,16,67,57
py4e.com,16,69,67
pythontest.com,16,44,120
wikiwiki.jp,16,19,220
auto-editor.com,15,60,61
chat.chatbot.app,15,40,232
confluence.oraclecorp.com,15,60,61
learn.srmonline.in,15,100,0
mkdocs.org,15,47,123
replit.com,15,60,154
romptn.com,15,80,74
safe.menlosecurity.com,15,41,200
automatetheboringstuff.com,14,79,148
bytedance.larkoffice.com,14,73,17
docs.streamlit.io,14,71,99
instaloader.github.io,14,31,199
kagi.com,14,60,9
odoo.com,14,60,46
sejuku.net,14,13,48
skillbox.ru,14,36,317
spotdl.github.io,14,33,133
yuque.com,14,62,68
Reddit,13,85,12
belajarpython.com,13,46,71
blog.python.org,13,54,204
codeup.kr,13,43,55
gammasoft.jp,13,69,114
migra.pl,13,62,124
patreon.com,13,79,84
space.coze.cn,13,36,624
Gmail,12,69,36
LinkedIn,12,75,14
blog.data101.io,12,17,373
challenge.hennge.com,12,58,378
developer.aliyun.com,12,33,424
doc.qt.io,12,67,95
endoflife.date,12,67,25
jpc-excel.officeapps.live.com,12,50,37
lms.human.ua,12,38,550
login.microsoftonline.com,12,42,82
moodle.iugaza.edu.ps,12,67,342
n.cn,12,58,136
newsuk1.com,12,58,207
oregoom.com,12,58,20
pagekite.net,12,62,79
s3.eu-west-1.amazonaws.com,12,83,15
steamcommunity.com,12,36,182
teams.wal-mart.com,12,67,7
tongyi.com,12,50,164
wenxiaobai.com,12,58,410
bugs.python.org,11,79,36
docs.opencv.org,11,50,321
formulae.brew.sh,11,36,17
habr.com,11,82,44
ima.qq.com,11,50,217
jb51.net,11,55,56
lms.skillfactory.ru,11,21,632
pythontutorials.net,11,45,157
pyzo.org,11,50,393
scdsb.elearningontario.ca,11,73,28
tapnav.com,11,91,9
asreview.nl,10,40,373
blog.faradars.org,10,50,161
community.octoprint.org,10,50,608
idealab.alibaba-inc.com,10,60,31
internet-start.net,10,30,163
itproger.com,10,50,52
kaishi.ac.jp,10,60,182
learn.online-python.com,10,40,516
link.juejin.cn,10,70,18
pandas.pydata.org,10,60,90
progpython.ru,10,40,393
redis.io,10,100,0
source.android.com,10,30,80
sysnettechsolutions.com,10,92,3
trinket.io,10,100,0
visawiki.trusted.visa.com,10,70,3
vocus.cc,10,90,2
zalo,10,80,3
Securitylab.ru,9,44,506
boot.dev,9,100,0
brunch.co.kr,9,89,18
btcrecover.readthedocs.io,9,78,10
cafe.naver.com,9,78,5
codelv.com,9,56,303
csc.edu.vn,9,67,87
decrypt.fivecfx.com,9,56,213
euc-powerpoint.officeapps.live.com,9,56,79
euc-word-view.officeapps.live.com,9,60,548
gitee.com,9,33,56
help.aliyun.com,9,44,477
it-connect.fr,9,56,38
kj.scholar.work,9,60,20
legacy.python.org,9,67,76
natechcel.blogspot.com,9,67,39
notebooks.githubusercontent.com,9,64,171
privacywall.org,9,67,44
publish.obsidian.md,9,45,59
pythongeeks.org,9,44,76
quantrimang.com,9,33,382
tryhackme.com,9,78,6
tutorpython.com,9,33,412
usc-word-edit.officeapps.live.com,9,73,104
wiki.corp.adobe.com,9,29,429
wikidocs.net,9,33,112
96hb.tistory.com,8,38,156
Twitter,8,78,2
agent.minimax.io,8,67,236
app.deephat.ai,8,56,246
app.innerai.com,8,88,18
civitai.com,8,25,100
cocalc.com,8,88,10
dash.plotly.com,8,33,122
developer.mozilla.org,8,44,27
docs.opendronemap.org,8,88,2
docs.telethon.dev,8,25,182
drive2.ru,8,25,201
euc-word-edit.officeapps.live.com,8,88,10
exsight.id,8,25,403
kaiwu-sdk-docs.qboson.com,8,38,780
manus.im,8,38,171
mooc1.chaoxing.com,8,50,145
tensorflow.org,8,62,178
view.genially.com,8,90,2
wiki.opizontas.org,8,50,51
worthytutors.com,8,75,44
yr7ywq.smartapps.baidu.com,8,25,231
60.250.226.17,7,71,139
Lilo,7,100,0
app.chatartpro.com,7,38,263
aranzulla.it,7,71,4
brian0111.com,7,57,25
chat.oracle.com,7,57,164
dataquest.io,7,71,264
do.hiik.ru,7,50,248
docs.qq.com,7,43,317
docs.zephyrproject.org,7,71,195
edu.ge.ch,7,88,2
edu.livedigital.space,7,43,18
elearn.epam.com,7,71,15
eu.chat.pwc.com,7,71,77
hovatek.com,7,43,33
iflow.skhynix.com,7,29,730
ipv6.rs,7,62,12
kkaneko.jp,7,0,221
kone.gg,7,50,52
letsdefend.io,7,71,289
link.w3cschool.cn,7,57,95
moodle.alaqsa.edu.ps,7,57,42
mql5.com,7,88,6
nltk.org,7,62,267
