name,visitors
Istanbul,37
Singapore,11
Ankara,9
Baku,7
Hamburg,5
Frankfurt am Main,5
Los Angeles,5
İzmir,4
Gaziantep,4
Bursa,4
Selçuklu,3
Antalya,3
Zhengzhou,3
Menemen,2
Manisa,2
Konya,2
Kyiv,2
Tekirdağ,2
N/A,2
Kars,2
Edirne,2
Hyderabad,2
Tashkent,2
Amsterdam,2
Landshut,2
Braunschweig,2
Berlin,2
Milan,2
Washington,2
New York City,2
Athens,1
Mersin,1
Meram,1
Malatya,1
Kayseri,1
Denizli,1
Afyonkarahisar,1
Khirdalan,1
Çanakkale,1
Adapazarı,1
Lahore,1
Dushanbe,1
Chelyabinsk,1
Nur-Sultan,1
Bishkek,1
Ho Chi Minh City,1
Haiphong,1
Xi’an,1
Xiamen,1
Weifang,1
Shijiazhuang,1
Shanghai,1
Quanzhou,1
Guang’an,1
Nanjing,1
Hangzhou,1
Beijing,1
Baoding,1
Yokohama,1
Suzhou,1
Brazzaville,1
Lisbon,1
Alfreton,1
Vienna,1
Leuven,1
Lüdenscheid,1
Toronto,1
Beylikdüzü,1
Jinzhong,1
