name,unique_entrances,total_entrances,visit_duration
/3.12/,367,398,208
/3.12/tutorial/index.html,261,274,50
/3.12/whatsnew/3.12.html,218,219,30
/3.12/using/windows.html,197,200,46
/3/,187,195,635
/3.12/library/functions.html,121,123,69
/3.12/library/stdtypes.html,115,124,99
/3.12/tutorial/,90,94,133
/3.12/library/,85,86,53
/3.12/search.html,85,95,389
/3.12/index.html,66,69,82
/3.12/library/index.html,66,72,147
/3.12/library/datetime.html,51,53,82
/3.12/library/typing.html,49,49,125
/3.12/library/2to3.html,48,49,14
/3.12/library/os.html,44,45,66
/es/3.12/tutorial/index.html,38,38,24
/3.12/library/tkinter.html,34,36,108
/3.12/tutorial/controlflow.html,33,42,156
/3.12/tutorial/introduction.html,33,35,308
/zh-cn/3.12/,29,29,252
/3.12/library/exceptions.html,28,28,71
/3.12/tutorial/appetite.html,27,27,464
/3.12/library/pathlib.html,26,27,78
/3.12/library/re.html,25,27,42
/zh-cn/3.12/tutorial/index.html,25,26,230
/zh-cn/3.12/using/mac.html,23,23,15
/3.12/reference/datamodel.html,21,23,161
/3.12/library/string.html,20,22,109
/3.12/library/threading.html,20,20,382
/3.12/library/subprocess.html,19,19,57
/3.12/py-modindex.html,19,22,134
/3.13/,19,21,279
/3.12/library/asyncio.html,17,18,40
/3.12/library/itertools.html,17,18,1
/3.12/tutorial/datastructures.html,17,18,163
/3.12/tutorial/interpreter.html,17,17,116
/3.14/,17,18,240
/3.12/library/asyncio-task.html,16,16,30
/3/library/random.html,16,16,538
/dev/using/windows.html,16,16,948
/zh-cn/3.12/library/index.html,16,16,440
/3.12/library/math.html,15,15,193
/3.12/library/random.html,15,15,295
/3/library/typing.html,15,15,263
/3.12/library/functools.html,14,14,138
/3.12/library/io.html,14,14,236
/3.12/library/logging.html,14,14,4
/3/library/datetime.html,14,14,1688
/3/library/index.html,14,14,836
/3.12/download.html,13,13,20
/3.12/library/multiprocessing.html,13,17,141
/3.12/library/os.path.html,13,13,17
/3.12/library/telnetlib.html,13,13,23
/3/library/functions.html,13,13,762
/3.12/library/argparse.html,12,13,318
/3.12/library/collections.html,12,12,14
/3/library/stdtypes.html,12,14,432
/es/3.12/tutorial/interpreter.html,12,13,362
/zh-cn/3.12/using/index.html,12,12,99
/3.12/library/json.html,11,11,582
/3.12/reference/index.html,11,11,348
/3/search.html,11,11,810
/3/whatsnew/3.12.html,11,11,290
/3.12/glossary.html,10,10,70
/3.12/library/concurrent.futures.html,10,10,200
/3.12/library/csv.html,10,10,1
/3.12/library/dataclasses.html,10,10,187
/3.12/library/hashlib.html,10,11,4
/3.12/library/time.html,10,10,1
/3.12/library/unittest.html,10,10,102
/3/library/asyncio-task.html,10,10,595
/3/library/asyncio.html,10,10,548
/zh-cn/3.12/index.html,10,10,149
/zh-cn/3.12/library/stdtypes.html,10,10,27
/zh-cn/3.12/whatsnew/3.12.html,10,10,85
/zh-cn/3/,10,10,454
/3.12/contents.html,9,9,400
/3.12/installing/index.html,9,9,49
/3.12/library/turtle.html,9,11,454
/3.12/whatsnew/changelog.html,9,13,0
/3/library/subprocess.html,9,10,898
/zh-cn/3.12/tutorial/controlflow.html,9,9,520
/3.12/library/sqlite3.html,8,11,75
/3.12/library/venv.html,8,8,183
/3.12/tutorial/classes.html,8,8,762
/3/library/dataclasses.html,8,8,430
/3/library/itertools.html,8,8,256
/3/library/pathlib.html,8,8,485
/3/reference/index.html,8,8,396
/3/tutorial/datastructures.html,8,8,1638
/zh-cn/3.12/library/multiprocessing.html,8,8,233
/zh-cn/3.12/search.html,8,10,212
/3.12/library/ctypes.html,7,7,0
/3.12/library/xml.etree.elementtree.html,7,7,221
/3.12/reference/lexical_analysis.html,7,7,337
/3/download.html,7,7,557
/3/library/venv.html,7,7,122
/3/py-modindex.html,7,7,914
/3/tutorial/controlflow.html,7,7,282
/ja/3.12/,7,7,1863
/ja/3.12/installing/index.html,7,7,59
/zh-cn/3.12/library/tempfile.html,7,7,0
/zh-cn/3.12/library/turtle.html,7,7,6
/3.12/library/dis.html,6,8,0
/3.12/library/enum.html,6,6,5
/3.12/library/logging.handlers.html,6,6,544
/3.12/library/struct.html,6,7,120
/3.12/library/sys.html,6,6,51
/3.12/library/tempfile.html,6,6,1
/3.12/library/uuid.html,6,6,219
/3.12/reference/compound_stmts.html,6,7,21
/3.12/reference/import.html,6,6,25
/3.12/tutorial/floatingpoint.html,6,6,509
/3/glossary.html,6,6,235
/3/library/concurrent.futures.html,6,6,1787
/3/library/csv.html,6,7,776
/3/library/hashlib.html,6,6,55
/3/library/os.path.html,6,6,109
/3/library/re.html,6,6,2314
/3/tutorial/index.html,6,6,903
/3/using/windows.html,6,6,722
/3/whatsnew/3.14.html,6,6,813
/fr/3.12/library/stdtypes.html,6,6,0
/ja/3.12/index.html,6,6,42
/pt-br/3.12/,6,7,46
/zh-cn/3.12/library/idle.html,6,6,0
/zh-cn/3.14/,6,6,355
/zh-tw/3.12/using/mac.html,6,6,12
/3.12/library/abc.html,5,5,0
/3.12/library/base64.html,5,5,102
/3.12/library/importlib.resources.html,5,5,145
/3.12/library/intro.html,5,5,521
/3.12/library/tkinter.ttk.html,5,5,56
/3.12/library/zipfile.html,5,6,1
/3.12/reference/simple_stmts.html,5,5,47
/3.12/tutorial/modules.html,5,6,1
/3.12/whatsnew/3.10.html,5,5,0
/3.15/,5,8,445
/3/contents.html,5,5,237
/3/index.html,5,5,32
/3/library/argparse.html,5,5,644
/3/library/audioop.html,5,5,674
/3/library/enum.html,5,5,2171
/3/library/exceptions.html,5,5,896
/3/library/functools.html,5,5,127
/3/library/json.html,5,5,3
/3/library/multiprocessing.html,5,5,365
/3/library/telnetlib.html,5,5,49
/3/library/tkinter.html,5,5,208
/3/tutorial/errors.html,5,5,192
/ja/3.12/library/threading.html,5,5,20
/ja/3.12/whatsnew/index.html,5,5,97
/zh-cn/3.12/glossary.html,5,5,500
/zh-cn/3.12/library/collections.html,5,5,0
/zh-cn/3.12/library/heapq.html,5,5,0
/zh-cn/3.12/library/pathlib.html,5,5,227
/zh-cn/3.12/library/typing.html,5,5,0
/zh-cn/3.12/tutorial/errors.html,5,5,5
/zh-cn/3.12/tutorial/interpreter.html,5,5,138
/zh-cn/3.12/tutorial/introduction.html,5,5,323
/zh-tw/3.12/installing/index.html,5,5,61
/3.12/library/calendar.html,4,4,209
/3.12/library/doctest.html,4,4,0
/3.12/library/gzip.html,4,5,0
/3.12/library/idle.html,4,4,0
/3.12/library/socket.html,4,4,109
/3.12/library/ssl.html,4,4,0
/3.12/library/sysconfig.html,4,4,0
/3.12/library/tarfile.html,4,4,27
/3.12/library/unittest.mock.html,4,4,6
/3.12/tutorial/errors.html,4,4,199
/3.12/tutorial/inputoutput.html,4,4,0
/3.12/tutorial/venv.html,4,4,0
/3.14/index.html,4,4,544
/3.14/tutorial/index.html,4,4,480
/3.14/using/windows.html,4,4,1230
/3/installing/index.html,4,4,408
/3/library/asyncio-sync.html,4,4,1083
/3/library/crypt.html,4,4,562
/3/library/idle.html,4,4,278
/3/library/importlib.html,4,4,194
/3/library/math.html,4,4,10
/3/library/os.html,4,4,3113
/3/library/queue.html,4,4,319
/3/library/socket.html,4,4,1081
/3/library/string.html,4,4,587
/3/library/threading.html,4,4,124
/3/library/turtle.html,4,4,1345
/3/library/unittest.mock.html,4,4,243
/3/library/uuid.html,4,4,169
/3/library/warnings.html,4,4,502
/3/tutorial/classes.html,4,4,396
/3/tutorial/inputoutput.html,4,4,193
/3/tutorial/introduction.html,4,4,638
/ja/3.12/library/os.html,4,4,453
/ja/3/,4,4,118
/zh-cn/3.12/download.html,4,4,0
/zh-cn/3.12/installing/index.html,4,4,0
/zh-cn/3.12/library/ctypes.html,4,4,384
/zh-cn/3.12/library/functions.html,4,4,0
/zh-cn/3.12/library/logging.html,4,4,277
/zh-cn/3.12/library/multiprocessing.shared_memory.html,4,4,6
/zh-cn/3.12/library/re.html,4,4,14
/zh-cn/3.12/library/socket.html,4,4,0
/zh-cn/3.12/library/threading.html,4,4,66
/zh-cn/3.12/tutorial/classes.html,4,4,236
/zh-cn/3.12/using/,4,4,4
/zh-cn/3.12/using/unix.html,4,4,59
/zh-cn/3/tutorial/index.html,4,4,1110
/3.12/howto/enum.html,3,4,535
/3.12/howto/perf_profiling.html,3,3,499
/3.12/library/ast.html,3,3,0
/3.12/library/asyncio-runner.html,3,3,1638
/3.12/library/asyncio-sync.html,3,3,2
/3.12/library/cgi.html,3,3,53
/3.12/library/codecs.html,3,3,0
/3.12/library/curses.ascii.html,3,3,0
/3.12/library/gc.html,3,3,18
/3.12/library/http.html,3,3,0
/3.12/library/logging.config.html,3,3,3537
/3.12/library/statistics.html,3,3,0
/3.12/library/traceback.html,3,3,0
/3.12/library/types.html,3,3,89
/3.12/library/warnings.html,3,3,0
/3.12/library/wsgiref.html,3,3,0
/3.12/license.html,3,3,0
/3.12/using/cmdline.html,3,3,1
/3.12/using/index.html,3,3,1
/3.12/using/unix.html,3,3,3
/3.13/index.html,3,3,427
/3.13/search.html,3,3,6
/3.13/whatsnew/3.13.html,3,3,294
/3.14/whatsnew/3.14.html,3,3,808
/3/howto/logging.html,3,3,647
/3/library/abc.html,3,3,94
/3/library/asyncio-eventloop.html,3,3,857
/3/library/cgi.html,3,3,2
/3/library/collections.html,3,3,394
/3/library/difflib.html,3,3,264
/3/library/getpass.html,3,3,133
/3/library/logging.html,3,3,318
/3/library/struct.html,3,3,60
/3/library/tempfile.html,3,3,75
/3/library/types.html,3,3,1206
/3/library/unittest.html,3,3,1588
/3/library/xml.etree.elementtree.html,3,3,205
/3/license.html,3,3,501
/3/tutorial/,3,3,13
/3/tutorial/modules.html,3,3,1232
/es/3.12/download.html,3,3,0
/es/3.12/tutorial/controlflow.html,3,3,1
/fr/3.12/library/calendar.html,3,3,0
/it/3.12/tutorial/,3,3,20
/ja/3.12/glossary.html,3,3,10
/ja/3.12/library/asyncio.html,3,3,19
/ja/3.12/library/index.html,3,3,1028
/ja/3.12/library/typing.html,3,3,192
/ja/3.12/reference/import.html,3,3,0
/ja/3.12/using/windows.html,3,3,56
/ja/3/search.html,3,3,467
/pt-br/3.12/howto/regex.html,3,3,38
/pt-br/3.12/tutorial/index.html,3,3,225
/zh-cn/3.12/contents.html,3,3,32
/zh-cn/3.12/library/_thread.html,3,3,0
/zh-cn/3.12/library/asyncio-eventloop.html,3,3,483
/zh-cn/3.12/library/asyncio.html,3,3,0
/zh-cn/3.12/library/gc.html,3,3,0
/zh-cn/3.12/library/sqlite3.html,3,3,384
/zh-cn/3.12/library/tkinter.html,3,3,0
/zh-cn/3.12/library/tracemalloc.html,3,3,0
/zh-cn/3.12/reference/datamodel.html,3,3,102
/zh-cn/3.12/tutorial/modules.html,3,3,1
/zh-tw/3.12/library/asyncio.html,3,3,0
/3.12/c-api/init.html,2,2,1812
/3.12/c-api/memory.html,2,2,0
/3.12/extending/extending.html,2,4,0
/3.12/howto/logging.html,2,3,0
/3.12/library/array.html,2,2,68
/3.12/library/asyncio-eventloop.html,2,2,200
/3.12/library/asyncio-future.html,2,2,0
/3.12/library/asyncio-stream.html,2,2,11
/3.12/library/binascii.html,2,2,324
/3.12/library/builtins.html,2,2,0
/3.12/library/cmd.html,2,2,788
/3.12/library/constants.html,2,2,0
/3.12/library/contextlib.html,2,2,0
/3.12/library/contextvars.html,2,2,15
/3.12/library/crypt.html,2,2,0
/3.12/library/curses.html,2,2,138
/3.12/library/decimal.html,2,2,0
/3.12/library/email.examples.html,2,2,0
/3.12/library/email.html,2,3,315
/3.12/library/getpass.html,2,2,2
/3.12/library/imaplib.html,2,2,0
/3.12/library/importlib.metadata.html,2,2,0
/3.12/library/inspect.html,2,2,1
/3.12/library/locale.html,2,2,0
/3.12/library/mmap.html,2,2,512
/3.12/library/queue.html,2,2,1
