name,unique_exits,total_exits,exit_rate
/3.12/,352,376,
/3.12/tutorial/index.html,250,262,
/3.12/whatsnew/3.12.html,223,225,
/3.12/using/windows.html,207,210,
/3.12/library/stdtypes.html,160,169,
/3.12/library/functions.html,148,152,
/3.12/search.html,103,109,
/3.12/library/,62,63,
/3.12/tutorial/,61,64,
/3.12/library/datetime.html,58,60,
/3.12/library/index.html,57,62,
/3.12/index.html,56,57,
/3.12/library/typing.html,51,51,
/3.12/library/2to3.html,49,51,
/3.12/library/os.html,48,49,
/3.12/tutorial/introduction.html,47,51,
/3.12/tutorial/controlflow.html,44,53,
/3/,44,44,
/3.12/library/re.html,34,36,
/3.12/library/tkinter.html,34,36,
/es/3.12/tutorial/index.html,33,33,
/3.12/tutorial/interpreter.html,32,32,
/3.12/library/exceptions.html,31,31,
/3.12/library/pathlib.html,31,31,
/zh-cn/3.12/tutorial/index.html,30,31,
/3.12/library/subprocess.html,29,30,
/3.12/tutorial/appetite.html,25,26,
/zh-cn/3.12/using/mac.html,25,25,
/3.12/reference/datamodel.html,24,26,
/3.12/library/string.html,23,25,
/3.12/library/itertools.html,22,23,
/3.12/py-modindex.html,22,24,
/zh-cn/3.12/,22,21,
/3.12/download.html,21,21,
/3.12/library/asyncio-task.html,21,21,
/3.12/library/dataclasses.html,20,20,
/3.12/library/logging.html,20,21,
/3.12/library/threading.html,19,18,
/zh-cn/3.12/library/index.html,19,19,
/3.12/library/asyncio.html,18,18,
/3.12/library/os.path.html,18,18,
/3.12/reference/index.html,18,17,
/3.12/library/multiprocessing.html,17,21,
/3.12/library/argparse.html,16,17,
/3.12/library/math.html,16,16,
/3.12/reference/compound_stmts.html,16,17,
/3.12/library/functools.html,15,15,
/3.12/library/io.html,15,15,
/3.12/library/random.html,15,14,
/3.12/library/telnetlib.html,15,15,
/3.12/tutorial/datastructures.html,15,16,
/3.12/glossary.html,14,13,
/3.12/library/json.html,14,14,
/zh-cn/3.12/library/stdtypes.html,14,14,
/3.12/installing/index.html,13,13,
/3.12/library/collections.html,13,14,
/es/3.12/tutorial/interpreter.html,13,13,
/3.12/library/csv.html,12,12,
/3.12/library/venv.html,12,12,
/3.12/whatsnew/changelog.html,12,16,
/3.14/,12,12,
/3/library/functions.html,12,12,
/zh-cn/3.12/tutorial/controlflow.html,12,13,
/3.12/library/time.html,11,11,
/3.12/library/turtle.html,11,13,
/3.12/reference/lexical_analysis.html,11,11,
/3.12/tutorial/errors.html,11,11,
/3.13/,11,13,
/3/library/stdtypes.html,11,11,
/3.12/library/enum.html,10,10,
/3.12/library/importlib.resources.html,10,10,
/3.12/library/sys.html,10,10,
/3.12/library/unittest.html,10,10,
/3.12/tutorial/inputoutput.html,10,10,
/3.12/using/cmdline.html,10,10,
/3/library/datetime.html,10,10,
/3/library/index.html,10,11,
/3.12/contents.html,9,9,
/3.12/library/ctypes.html,9,9,
/3.12/library/hashlib.html,9,10,
/3.12/library/queue.html,9,9,
/3.12/library/xml.etree.elementtree.html,9,9,
/3.15/,9,9,
/3/tutorial/datastructures.html,9,8,
/3/tutorial/index.html,9,9,
/zh-cn/3.12/library/functions.html,9,9,
/zh-cn/3.12/library/multiprocessing.html,9,9,
/zh-cn/3.12/whatsnew/3.12.html,9,9,
/3.12/library/concurrent.futures.html,8,8,
/3.12/library/dis.html,8,10,
/dev/using/windows.html,8,7,
/fr/3.12/library/stdtypes.html,8,8,
/ja/3.12/installing/index.html,8,8,
/zh-cn/3.12/download.html,8,8,
/zh-cn/3.12/library/tempfile.html,8,8,
/zh-cn/3.12/tutorial/introduction.html,8,9,
/zh-cn/3.12/using/index.html,8,8,
/3.12/library/idle.html,7,7,
/3.12/library/socket.html,7,7,
/3.12/library/sqlite3.html,7,10,
