name,visitors
Singapore,30
Tokyo,27
Bengaluru,19
Guangzhou,16
Hyderabad,15
Beijing,14
Moscow,12
Los Angeles,12
Jakarta,11
Hangzhou,11
Chennai,10
Kolkata,10
Ho Chi Minh City,10
Shanghai,10
Nanjing,10
Tel Aviv,9
Pune,9
Delhi,9
Amsterdam,9
Saint Petersburg,8
New Delhi,8
Bangkok,8
Taipei,8
Sydney,8
Cairo,7
Mumbai,7
Vienna,7
Istanbul,6
Warsaw,6
Dhaka,6
Wuhan,6
Frankfurt am Main,6
Berlin,6
Helsinki,5
Shenzhen,5
Hefei,5
Chengdu,5
Seoul,5
Paris,5
Prague,5
Milan,5
São Paulo,5
Dallas,5
Chicago,5
Jeddah,4
Kazan,4
Kyiv,4
Colombo,4
Kathmandu,4
Hanoi,4
Qingdao,4
Chongqing,4
Dublin,4
Curitiba,4
San Jose,4
Seattle,4
South Tangerang,4
N/A,4
Nairobi,3
Doha,3
Dubai,3
Ashdod,3
Alexandria,3
Samara,3
Yerevan,3
Minsk,3
Lviv,3
Faisalabad,3
Shimla,3
Lucknow,3
Indore,3
Tashkent,3
Taichung,3
Zhengzhou,3
Nanchang,3
Kunming,3
Changsha,3
Hong Kong,3
Yokohama,3
Shenyang,3
Melbourne,3
Lisbon,3
Accra,3
Manchester,3
Toulouse,3
Budapest,3
Kraków,3
Rome,3
Rio de Janeiro,3
Lima,3
Brooklyn,3
Sister Bay,3
San Francisco,3
Portland,3
Burnaby,3
Montréal,3
Toronto,3
Mecca,2
Riyadh,2
Kigali,2
Kampala,2
Muscat,2
Ufa,2
Nizhniy Novgorod,2
Krasnodar,2
Groznyy,2
Batumi,2
Durban,2
Islamabad,2
Surat,2
Shillong,2
Ranchi,2
Patna,2
Jaipur,2
Guwahati,2
Durgapur,2
Cochin,2
Bhopāl,2
Āsansol,2
Ahmedabad,2
Agra,2
N/A,2
Chang-hua,2
Petaling Jaya,2
Zhongxiang,2
Changzhou,2
Macau,2
Suwon,2
Anyang-si,2
Osaka,2
N/A,2
Ulan Bator,2
Perth,2
Adelaide,2
Brisbane,2
Auckland,2
Lagos,2
Sousse,2
Oran,2
Casablanca,2
London,2
Cambridge,2
Bradford,2
Uppsala,2
Göteborg,2
Leiden,2
Nürnberg,2
Eppelheim,2
Toulon,2
Rennes,2
Orly,2
Marseille,2
Lyon,2
Cholet,2
Győr,2
Toruń,2
Łódź,2
Madrid,2
Oslo,2
Treviso,2
Reggio nell'Emilia,2
Maribor,2
Natal,2
Niterói,2
Joinville,2
Brasília,2
Puebla,2
Bogotá,2
Panamá,2
Washington,2
Miami,2
Columbus,2
Philadelphia,2
Austin,2
Houston,2
Burke,2
New York City,2
Rochester,2
Cleveland,2
Phoenix,2
San Diego,2
Denver,2
Zhongshan,2
N/A,2
N/A,2
Mogadishu,1
Bosaso,1
Beledweyne,1
Mosul,1
Al Ḩillah,1
N/A,1
Medina,1
Tehran,1
Dar es Salaam,1
Amman,1
Ioánnina,1
Agrínio,1
Gaza,1
Jerusalem,1
Kuwait City,1
Şalālah,1
Rishon LeẔiyyon,1
Ramat Gan,1
Haifa,1
Hadera,1
Givatayim,1
Bat Yam,1
Reyhanlı,1
Kayseri,1
Antalya,1
Ţanţā,1
Qinā,1
N/A,1
Munūf,1
N/A,1
Al Manşūrah,1
Giza,1
Isfahan,1
Bujumbura,1
Riga,1
Jelgava,1
Yoshkar-Ola,1
Vyborg,1
Tula,1
Tolyatti,1
Protvino,1
Pargolovo,1
Novorossiysk,1
Makhachkala,1
Kalininskaya,1
Gatchina,1
Baku,1
Tallinn,1
Vilnius,1
Kaunas,1
Kutaisi,1
N/A,1
Hrodna,1
Vantaa,1
Tampere,1
Jyväskylä,1
Bucharest,1
Vasylkiv,1
Dnipro,1
Szarvas,1
Košice,1
Plovdiv,1
Bursa,1
N/A,1
Belgrade,1
Harare,1
Lusaka,1
Lilongwe,1
Potchefstroom,1
Mahikeng,1
Rawalpindi,1
Lahore,1
Karachi,1
N/A,1
Samarkand,1
Negombo,1
N/A,1
Vijayawada,1
Varanasi,1
Thiruvananthapuram,1
Thrissur,1
Thāne,1
Sivakasi,1
Shimoga,1
Siliguri,1
Rājkot,1
Pathanāmthitta,1
Pālghāt,1
Nagpur,1
Meerut,1
Manipal,1
Lālganj,1
Kozhikode,1
Kashipur,1
N/A,1
Jaunpur,1
Imphāl,1
N/A,1
Guntur,1
Godda,1
Ghāziābād,1
Gangānagar,1
Dehra Dūn,1
Coimbatore,1
Chandīgarh,1
Bhubaneshwar,1
N/A,1
Amrāvati,1
Pābna,1
Novosibirsk,1
Pavlodar,1
Nur-Sultan,1
Almaty,1
Ürümqi,1
Thanh Hóa,1
