name,visitors,pageviews,bounce_rate,time_on_page,scroll_depth
/ja/latest/tutorials/installing-packages/,143,156,82,44,40
/ja/latest/guides/installing-using-pip-and-virtual-environments/,85,90,93,38,57
/ja/latest/guides/writing-pyproject-toml/,59,60,84,24,43
/ja/latest/tutorials/packaging-projects/,35,39,92,129,48
/ja/latest/glossary/,15,19,43,29,65
/ja/latest/key_projects/,14,12,56,39,22
/ja/latest/discussions/setup-py-deprecated/,13,14,58,164,78
/ja/latest/guides/distributing-packages-using-setuptools/,12,12,71,30,34
/ja/latest/guides/installing-using-linux-tools/,12,12,78,34,80
/ja/latest/discussions/src-layout-vs-flat-layout/,9,7,100,113,89
/ja/latest/discussions/versioning/,9,8,80,25,73
/ja/latest/specifications/platform-compatibility-tags/,9,11,78,18,35
/ja/latest/discussions/pip-vs-easy-install/,8,7,83,30,95
/ja/latest/specifications/binary-distribution-format/,8,8,86,25,54
/ja/latest/specifications/pyproject-toml/,8,9,33,38,62
/ja/latest/flow/,7,7,100,23,69
/ja/latest/guides/tool-recommendations/,7,8,0,61,93
/ja/latest/specifications/dependency-specifiers/,7,10,33,48,76
/ja/latest/specifications/version-specifiers/,7,8,100,89,56
/ja/latest/guides/creating-and-discovering-plugins/,6,5,100,200,86
/ja/latest/,4,5,60,11,79
/ja/latest/discussions/,4,3,0,11,100
/ja/latest/guides/,4,4,0,14,94
/ja/latest/guides/index-mirrors-and-caches/,4,5,67,17,100
/ja/latest/guides/packaging-namespace-packages/,4,4,100,77,67
/ja/latest/guides/using-manifest-in/,4,4,75,6,100
/ja/latest/discussions/install-requires-vs-requirements/,3,2,100,48,100
/ja/latest/guides/analyzing-pypi-package-downloads/,3,3,67,47,94
/ja/latest/guides/installing-stand-alone-command-line-tools/,3,3,100,41,100
/ja/latest/guides/modernize-setup-py-project/,3,3,100,96,63
/ja/latest/guides/using-testpypi/,3,2,100,24,100
/ja/latest/overview/,3,3,100,33,53
/ja/latest/specifications/direct-url/,3,3,100,14,94
/ja/latest/discussions/deploying-python-applications/,2,1,0,15,100
/ja/latest/guides/installing-scientific-packages/,2,1,0,9,100
/ja/latest/guides/installing-using-virtualenv/,2,1,0,4,100
/ja/latest/guides/migrating-to-pypi-org/,2,2,100,23,100
/ja/latest/guides/packaging-binary-extensions/,2,1,0,30,100
/ja/latest/guides/publishing-package-distribution-releases-using-github-actions-ci-cd-workflows/,2,1,100,18,100
/ja/latest/guides/section-build-and-publish/,2,2,0,6,100
/ja/latest/guides/section-install/,2,2,0,6,100
/ja/latest/news/,2,2,0,9,15
/ja/latest/specifications/recording-installed-packages/,2,2,100,35,100
/ja/latest/tutorials/managing-dependencies/,2,2,50,81,30
/ja/latest/discussions/distribution-package-vs-import-package/,1,1,100,,
/ja/latest/discussions/package-formats/,1,1,100,3,24
/ja/latest/guides/creating-command-line-tools/,1,1,0,39,100
/ja/latest/guides/dropping-older-python-versions/,1,1,0,6,100
/ja/latest/guides/hosting-your-own-index/,1,1,0,35,100
/ja/latest/guides/section-hosting/,1,1,0,,
/ja/latest/specifications/entry-points/,1,1,100,,
/ja/latest/specifications/simple-repository-api/,1,1,100,20,29
/ja/latest/specifications/source-distribution-format/,1,1,0,14,100
/ja/latest/tutorials/,1,1,0,6,100
