name,version,visitors
Windows,10,370150
Mac,10.15,40311
Android,10,22076
GNU/Linux,(not set),6843
iOS,18.6,5936
Chrome OS,14541.0,3903
Windows,7,3087
Ubuntu,(not set),1661
Android,15,1269
iOS,18.5,1083
iOS,26.0,789
iOS,18.7,580
Android,14,572
Android,13,570
Android,12,534
Android,11,359
iOS,18.3,321
Windows,8.1,275
iOS,16.7,234
iOS,17.6,211
iOS,18.4,197
iOS,18.1,172
iOS,15.8,166
Chrome OS,14816.131,136
HarmonyOS,(not set),129
iOS,17.5,119
(not set),(not set),108
Android,8.1,104
iOS,18.0,101
Android,9,100
iOS,18.2,88
Mac,10.13,68
Windows,8,66
iOS,17.4,64
Android,16,54
Android,6.0,45
Windows,XP,45
Mac,10.12,43
iOS,17.7,42
Mac,10.14,39
iOS,16.0,37
iOS,17.3,37
iOS,16.6,34
Windows,NT,33
iOS,15.6,32
iOS,16.1,32
iPadOS,17.7,30
Windows,Server 2003,26
iOS,26.1,25
Android,5.1,24
iOS,17.2,23
Mac,10.11,22
iOS,16.2,22
iOS,16.3,22
Android,8.0,21
iOS,15.7,20
iOS,17.1,20
iOS,17.0,19
iOS,12.5,18
iPadOS,16.7,18
iPadOS,17.6,17
Fire OS,7,17
iOS,16.5,16
iPadOS,15.8,14
Chrome OS,14092.77,13
HarmonyOS,3.0,13
Android,7.0,13
Android,7.1,13
iOS,11.0,12
iOS,15.4,12
Mac,10.10,11
iOS,16.4,11
Windows,(not set),10
iOS,14.4,10
iPadOS,17.5,10
Android,(not set),8
Mac,10.9,8
Android,5.0,8
iPadOS,15.6,7
iPadOS,16.6,7
iPadOS,17.4,7
iOS,19.0,7
HarmonyOS,2.2,7
Android,4.4,7
UOS,(not set),6
Android TV,12,6
iOS,14.0,6
Windows,Vista,6
iPadOS,16.3,5
iPadOS,16.5,5
iOS,10.3,4
Mac,14.6,4
Chrome OS,14989.107,4
iPadOS,15.7,4
Mac,13.3,3
Chrome OS,13904.97,3
iPadOS,14.8,3
Chrome OS,14588.123,3
Chrome OS,14816.64,3
Android,4.1,3
Tizen,5.0,3
Fire OS,8,3
Chrome OS,(not set),2
Mac,(not set),2
Mac,10.8,2
iOS,12.2,2
iOS,12.4,2
Chrome OS,12105.100,2
Chrome OS,12239.92,2
Chrome OS,12371.89,2
Android,13.1,2
iOS,13.2,2
Chrome OS,13099.110,2
Android TV,14,2
Mac,14.1,2
iOS,14.7,2
iOS,15.0,2
iOS,15.1,2
iPadOS,15.5,2
iPadOS,16.2,2
iPadOS,17.2,2
PlayStation,4.13,2
Android,4.3,2
Symbian OS Series 60,5.0,2
iOS,5.0,2
iOS,5.1,2
iOS,6.0,2
iOS,9.2,2
RedOS,(not set),1
Fuchsia,(not set),1
Fedora,(not set),1
Ubuntu,10.10,1
Mac,10.6,1
Mac,10.7,1
Android,11.0,1
iOS,12.0,1
iOS,12.1,1
Mac,12.2,1
Chrome OS,12739.94,1
iOS,13.5,1
Chrome OS,13816.55,1
Mac,14.3,1
Mac,14.4,1
Chrome OS,14092.9,1
iOS,15.2,1
Mac,15.6,1
iPadOS,17.0,1
iPadOS,17.1,1
iPadOS,17.3,1
HarmonyOS,2.1,1
Mac,26.0,1
PlayStation,4.12,1
Android,4.2,1
iOS,4.3,1
Android TV,8.0,1
Android,9.0,1
iOS,9.3,1
Nintendo,Switch,1
