name,visitors,bounce_rate,visit_duration
chatgpt.com,954,69,113
zalo,83,51,70
perplexity,46,41,124
yandex,30,39,228
logotypus.com,26,54,18
Securitylab.ru,7,71,19
hackernoon.com,7,43,33
itdo.com,4,50,11
python,4,25,28
crypto-robot.com,3,33,584
ethicalads-placement,3,67,11
ghost.codersera.com,3,33,53
idcsharp.com,3,33,36
post_page-----12cbeeee7430---------------------------------------,3,33,503
substack,3,33,7
ai.rncz.net,2,100,0
blog.tericcabrel.com,2,100,0
direct,2,100,0
leanpub.com,2,100,0
learn-ubuntu,2,50,20
post_page-----e16b7382624a---------------------------------------,2,50,27
thedataschool.co.uk,2,100,0
attirer.io,1,100,0
blog,1,100,0
blog.cybersader.com,1,100,0
codesphere.ghost.io,1,100,0
datagrads.com,1,100,0
devkoriel,1,100,0
en.blog.mantiks.io,1,100,0
homepage,1,0,26
kungfutech.edu.vn,1,0,424
marketsplash.com,1,100,0
mostlypython.com,1,100,0
openai,1,100,0
pg3.io,1,100,0
polygon.io,1,0,18
post_page-----3f069260ebda---------------------------------------,1,0,8
producthunt,1,0,91
sangkon.com,1,100,0
site,1,100,0
todobi.com,1,100,0
unityflow.dev,1,0,4
ya,1,100,0
