name,version,visitors
Chrome,142.0,2633
Microsoft Edge,142.0,1558
Opera,123.0,359
Firefox,145.0,356
Chrome,141.0,109
Chrome,126.0,101
Safari,26.1,97
Safari,18.6,87
Chrome,132.0,85
Chrome,125.0,79
Smart Lenovo Browser,9.0,74
Mobile App,(not set),67
Yandex Browser,25.10,64
Yandex Browser,25.8,56
Chrome,140.0,40
Firefox,140.0,39
Microsoft Edge,141.0,37
Chrome,139.0,35
Chrome,109.0,31
Chrome,138.0,28
Chrome,111.0,27
Chrome,122.0,27
Quark,(not set),25
Opera,124.0,25
Sogou Explorer,2,25
Chrome,69.0,23
Firefox,144.0,22
Chrome,143.0,20
Firefox,5.0,19
360 Secure Browser,(not set),18
Safari,18.5,18
Opera,122.0,16
Chrome,131.0,15
Microsoft Edge,140.0,14
Safari,26.0,14
Microsoft Edge,138.0,13
Avast Secure Browser,142.0,13
MIUI Browser,20.6,13
Huawei Browser Mobile,16.0,12
Safari,17.6,11
Chrome,130.0,10
Chrome,135.0,10
Safari,15.6,10
Chrome,86.0,10
Mobile App,97.0,10
Firefox,143.0,9
Microsoft Edge,109.0,8
Chrome,114.0,8
Chrome,128.0,8
Microsoft Edge,135.0,8
Chrome,137.0,8
Safari,18.3,8
Safari,18.4,8
Firefox,115.0,7
Microsoft Edge,131.0,7
Chrome,133.0,7
Chrome,134.0,7
QQ Browser,19.8,7
QQ Browser,6.2,7
Microsoft Edge,92.0,7
Quark,10.0,6
Chrome,116.0,6
Microsoft Edge,139.0,6
Safari,18.2,6
Chrome,117.0,5
Chrome,121.0,5
Microsoft Edge,122.0,5
Chrome,129.0,5
Microsoft Edge,130.0,5
Chrome,136.0,5
Mobile App,142.0,5
Microsoft Edge,18.18363,5
Safari,18.7,5
vivo Browser,26.5,5
Samsung Browser,29.0,5
Opera,95.0,5
Chrome,99.0,5
Microsoft Edge,116.0,4
Chrome,120.0,4
Opera,120.0,4
Microsoft Edge,120.0,4
Chrome,127.0,4
Microsoft Edge,127.0,4
Microsoft Edge,128.0,4
QQ Browser,13.5,4
Microsoft Edge,143.0,4
Chrome,144.0,4
Safari,15.0,4
UC Browser,18.2,4
QQ Browser,19.7,4
Safari,26.2,4
vivo Browser,27.0,4
Chrome,101.0,3
Microsoft Edge,114.0,3
Chrome,119.0,3
Microsoft Edge,132.0,3
Firefox,146.0,3
Safari,16.6,3
Safari,17.2,3
UC Browser,17.6,3
Safari,18.0,3
Whale Browser,4.34,3
Huawei Browser Mobile,5.1,3
Quark,7.16,3
(not set),(not set),2
Brave,(not set),2
Chrome,100.0,2
Chrome,103.0,2
Chrome,106.0,2
Microsoft Edge,106.0,2
Chrome,107.0,2
Microsoft Edge,110.0,2
Opera,114.0,2
Mobile App,114.0,2
Microsoft Edge,117.0,2
Chrome,118.0,2
Opera,118.0,2
Meizu Browser,12.7,2
Microsoft Edge,121.0,2
Microsoft Edge,126.0,2
QQ Browser,13.6,2
Mobile App,133.0,2
Microsoft Edge,133.0,2
Firefox,135.0,2
Microsoft Edge,136.0,2
Firefox,137.0,2
MIUI Browser,14.22,2
Firefox,141.0,2
Firefox,142.0,2
Norton Private Browser,142.0,2
Firefox,143.2,2
Safari,16.3,2
Safari,17.14,2
Safari,17.4,2
Safari,17.5,2
MIUI Browser,17.7,2
Microsoft Edge,18.18362,2
MIUI Browser,20.2,2
MIUI Browser,20.4,2
Yandex Browser,24.10,2
Yandex Browser,25.6,2
vivo Browser,26.2,2
vivo Browser,26.7,2
vivo Browser,26.9,2
Firefox,68.0,2
Chrome,77.0,2
Mobile App,83.0,2
Microsoft Edge,85.0,2
Microsoft Edge,89.0,2
Safari,(not set),1
Chrome,1.3,1
Safari,10.0,1
Microsoft Edge,100.0,1
Firefox,101.0,1
Microsoft Edge,102.0,1
Firefox,102.0,1
Microsoft Edge,103.0,1
Chrome,104.0,1
Microsoft Edge,105.0,1
Firefox,106.0,1
Microsoft Edge,107.0,1
Chrome,108.0,1
Firefox,109.0,1
Opera,111.0,1
Chrome,115.0,1
Opera,116.0,1
Microsoft Edge,118.0,1
Firefox,118.0,1
Opera,119.0,1
Microsoft Edge,119.0,1
Huawei Browser,12.1,1
Chrome,123.0,1
Chrome,124.0,1
Microsoft Edge,124.0,1
Opera,125.0,1
Firefox,127.0,1
QQ Browser,13.0,1
QQ Browser,13.1,1
QQ Browser,13.2,1
Firefox,131.0,1
Firefox,133.0,1
Firefox,134.0,1
Microsoft Edge,134.0,1
Firefox,136.0,1
Microsoft Edge,137.0,1
Firefox,139.0,1
Samsung Browser,14.0,1
MIUI Browser,14.1,1
Safari,14.1,1
MIUI Browser,14.10,1
Mobile App,141.0,1
Firefox,143,1
Microsoft Edge,144.0,1
Firefox,147.0,1
Safari,16.1,1
Safari,16.4,1
Chrome,17.0,1
Safari,17.1,1
Microsoft Edge,17.17134,1
Safari,17.3,1
UC Browser,17.3,1
QQ Browser,19.6,1
SeaMonkey,2.53,1
MIUI Browser,20.0,1
115 Browser,26.0,1
vivo Browser,26.8,1
Samsung Browser,27.1,1
Chrome,49.0,1
Opera Touch,6.1,1
Chrome,65.0,1
Quark,7.15,1
Chrome,71.0,1
Chrome,79.0,1
Chrome,85.0,1
Microsoft Edge,86.0,1
Chrome,90.0,1
Chrome,91.0,1
Opera,92.0,1
Chrome,96.0,1
Chrome,98.0,1
