property,value,visitors,events,percentage
url,(none),2637,7212,99.8
url,https://www.python.org/,37,45,1.4
url,https://peps.python.org/pep-0693/,5,6,0.2
url,https://github.com/python/cpython/tree/3.12/Lib/idlelib/,3,3,0.1
url,https://packaging.python.org/science/,3,4,0.1
url,https://github.com/python/cpython/tree/3.12/Lib/tkinter/__init__.py,2,2,0.1
url,https://pypi.org/,2,2,0.1
url,https://tkdocs.com/,2,2,0.1
url,https://www.hashcollision.org/hkn/python/idle_intro/index.html,2,2,0.1
url,https://www.python.org/doc/versions/,2,2,0.1
url,https://www.python.org/downloads/macos/,2,2,0.1
url,https://emscripten.org/,1,1,0.0
url,https://en.wikipedia.org/wiki/Priority_queue,1,1,0.0
url,https://github.com/python/cpython/tree/3.12/Lib/heapq.py,1,1,0.0
url,https://github.com/python/cpython/tree/3.12/Lib/keyword.py,1,1,0.0
url,https://github.com/python/cpython/tree/3.12/Lib/msilib/__init__.py,1,1,0.0
url,https://github.com/python/cpython/tree/3.12/Lib/pdb.py,1,1,0.0
url,https://github.com/python/cpython/tree/3.12/Lib/random.py,1,1,0.0
url,https://github.com/python/cpython/tree/3.12/Lib/string.py,1,1,0.0
url,https://msdn.microsoft.com/en-us/library/bb432265.aspx,1,1,0.0
url,https://packaging.python.org/,1,1,0.0
url,https://packaging.python.org/en/latest/tutorials/installing-packages/#ensure-pip-setuptools-and-wheel-are-up-to-date,1,1,0.0
url,https://packaging.python.org/en/latest/tutorials/packaging-projects/,1,1,0.0
url,https://packaging.python.org/installing/#requirements-for-installing-packages,1,1,0.0
url,https://peps.python.org/,1,1,0.0
url,https://peps.python.org/pep-0255/,1,1,0.0
url,https://peps.python.org/pep-0484/,1,2,0.0
url,https://peps.python.org/pep-0492/,1,1,0.0
url,https://peps.python.org/pep-0514/,1,1,0.0
url,https://peps.python.org/pep-0586/,1,1,0.0
url,https://wiki.python.org/moin/PythonBooks,1,1,0.0
url,https://www.activestate.com/products/python/,1,1,0.0
url,https://www.debian.org/doc/manuals/maint-guide/first.en.html,1,1,0.0
url,https://www.pypa.io/,1,1,0.0
url,https://www.python.org/downloads/windows/,1,1,0.0
url,https://www.tkdocs.com/shipman/,1,1,0.0
