property,value,visitors,events,percentage
url,(none),4652,8153,99.7
url,https://www.python.org/,68,75,1.5
url,https://github.com/python/cpython/tree/3.13/Lib/idlelib/,14,14,0.3
url,https://tkdocs.com/,13,13,0.3
url,https://pypi.org/,8,8,0.2
url,https://github.com/python/cpython/tree/3.13/Lib/tkinter/__init__.py,7,7,0.2
url,https://www.tkdocs.com/shipman/,4,4,0.1
url,https://github.com/python/cpython/tree/3.13/Lib/http/server.py,3,4,0.1
url,https://peps.python.org/pep-0397/,3,3,0.1
url,https://wiki.python.org/moin/BeginnersGuide,3,3,0.1
url,https://www.packtpub.com/en-us/product/python-gui-programming-with-tkinter-9781788835886,3,3,0.1
url,https://github.com/python/cpython/tree/3.13/Lib/doctest.py,2,2,0.0
url,https://github.com/python/cpython/tree/3.13/Lib/idlelib,2,2,0.0
url,https://github.com/python/cpython/tree/3.13/Lib/random.py,2,3,0.0
url,https://packaging.python.org/en/latest/tutorials/installing-packages/#ensure-pip-setuptools-and-wheel-are-up-to-date,2,2,0.0
url,https://tiswww.case.edu/php/chet/readline/rltop.html,2,2,0.0
url,https://www.tcl.tk/man/tcl8.6/TkCmd/contents.htm,2,2,0.0
url,https://briefcase.readthedocs.io/,1,1,0.0
url,https://cygwin.com/,1,1,0.0
url,https://cygwin.com/packages/summary/python3.html,1,1,0.0
url,https://datatracker.ietf.org/doc/html/rfc2045.html,1,1,0.0
url,https://docs.python.org/es/3.13/archives/python-3.13-docs-pdf-a4.zip,1,1,0.0
url,https://docs.python.org/es/3/archives/python-3.13-docs-pdf-a4.zip,1,1,0.0
url,https://en.wikipedia.org/wiki/Database_transaction,1,1,0.0
url,https://en.wikipedia.org/wiki/NaN#Floating_point,1,1,0.0
url,https://en.wikipedia.org/wiki/Timsort,1,1,0.0
url,https://eric-ide.python-projects.org/,1,1,0.0
url,https://es.wikipedia.org/wiki/Monty_Python,1,1,0.0
url,https://github.com/python/cpython/blob/main/Doc/glossary.rst?plain=1,1,1,0.0
url,https://github.com/python/cpython/tree/3.13/Lib/collections/__init__.py,1,1,0.0
url,https://github.com/python/cpython/tree/3.13/Lib/copy.py,1,1,0.0
url,https://github.com/python/cpython/tree/3.13/Lib/logging/__init__.py,1,1,0.0
url,https://github.com/python/cpython/tree/3.13/Lib/multiprocessing/shared_memory.py,1,1,0.0
url,https://github.com/python/cpython/tree/3.13/Lib/socket.py,1,1,0.0
url,https://github.com/python/cpython/tree/3.13/Lib/textwrap.py,1,1,0.0
url,https://github.com/python/cpython/tree/3.13/Lib/turtle.py,1,1,0.0
url,https://github.com/python/cpython/tree/3.13/Lib/webbrowser.py,1,1,0.0
url,https://github.com/rocky/python3-trepan/,1,2,0.0
url,https://manpages.debian.org/options(3),1,1,0.0
url,https://msdn.microsoft.com/en-us/library/ms724884%28v=VS.85%29.aspx,1,1,0.0
url,https://packaging.python.org/installing/,1,1,0.0
url,https://packaging.python.org/installing/#requirements-for-installing-packages,1,1,0.0
url,https://packaging.python.org/science/,1,1,0.0
url,https://peps.python.org/,1,1,0.0
url,https://peps.python.org/pep-0353/,1,1,0.0
url,https://peps.python.org/pep-0387/,1,1,0.0
url,https://peps.python.org/pep-0393/,1,1,0.0
url,https://peps.python.org/pep-0719/,1,1,0.0
url,https://pkware.cachefly.net/webdocs/casestudies/APPNOTE.TXT,1,1,0.0
url,https://pythonce.sourceforge.net/,1,1,0.0
url,https://pythonnet.github.io/,1,1,0.0
url,https://requests.readthedocs.io/en/master/,1,1,0.0
url,https://wiki.python.org/moin/IntegratedDevelopmentEnvironments,1,1,0.0
url,https://wiki.python.org/moin/PythonBooks,1,1,0.0
url,https://wiki.python.org/moin/PythonEditors,1,1,0.0
url,https://www.tcl.tk/man/tcl8.6/TkCmd/ttk_button.htm,1,1,0.0
