name,visitors,pageviews,bounce_rate,time_on_page,scroll_depth
/3.13/tutorial/index.html,5466,6001,69,48,47
/3.13/using/windows.html,3926,4559,73,48,25
/ja/3.13/c-api/capsule.html,1651,1765,82,5,36
/3.13/,1637,2052,51,24,77
/3.13/index.html,1577,1557,62,22,72
/3.13/whatsnew/3.13.html,940,908,74,41,13
/3.13/tutorial/interpreter.html,895,791,73,67,73
/3.13/tutorial/appetite.html,819,714,53,60,85
/3.13/tutorial/,784,865,59,43,54
/zh-cn/3.13/tutorial/index.html,616,754,56,47,64
/zh-cn/3.13/,576,705,41,21,82
/3.13/tutorial/introduction.html,483,429,77,963,53
/3.13/search.html,476,610,45,24,56
/3.13/library/index.html,451,455,55,31,39
/es/3.13/tutorial/index.html,423,517,62,52,53
/ko/3.13/library/intro.html,388,360,90,3,27
/3.13/tutorial/controlflow.html,364,353,71,245,39
/3.13/library/functions.html,320,324,83,74,49
/zh-cn/3.13/library/index.html,307,436,42,39,50
/3.13/library/stdtypes.html,272,283,78,102,42
/zh-cn/3.13/tutorial/controlflow.html,247,240,68,207,52
/es/3.13/library/tkinter.html,243,251,74,65,41
/zh-cn/3.13/tutorial/interpreter.html,226,227,60,73,80
/zh-cn/3.13/tutorial/introduction.html,214,192,73,153,63
/3.13/installing/index.html,203,162,66,33,64
/ja/3.13/library/functions.html,200,221,82,32,43
/ja/3.13/library/datetime.html,192,202,89,68,26
/zh-cn/3.13/library/functions.html,192,202,73,87,43
/ja/3.13/library/index.html,183,297,54,34,47
/fr/3.13/tutorial/index.html,176,242,57,35,57
/zh-cn/3.13/index.html,172,195,40,17,79
/es/3.13/,170,179,46,13,76
/zh-cn/3.13/tutorial/appetite.html,170,152,56,58,94
/zh-cn/3.13/search.html,169,264,37,41,57
/ja/3.13/tutorial/,162,205,56,33,56
/3.13/reference/index.html,157,155,56,28,62
/3.13/glossary.html,156,160,56,96,43
/ja/3.13/library/stdtypes.html,156,162,82,30,33
/pt-br/3.13/tutorial/index.html,151,200,55,28,54
/ja/3.13/library/re.html,143,142,89,43,37
/zh-cn/3.13/library/stdtypes.html,143,141,70,98,42
/3.13/using/index.html,142,149,36,18,72
/es/3.13/library/index.html,139,178,70,75,41
/es/3.13/tutorial/interpreter.html,139,150,65,60,73
/es/3.13/search.html,135,224,58,30,54
/3.13/tutorial/datastructures.html,133,140,63,111,50
/zh-cn/3.13/tutorial/datastructures.html,131,112,62,197,58
/3.13/tutorial/modules.html,121,113,65,125,66
/es/3.13/tutorial/appetite.html,121,113,68,91,82
/ja/3.13/library/json.html,121,126,84,66,32
/3.13/download.html,120,103,73,21,87
/3.13/using/cmdline.html,120,111,73,74,38
/ja/3.13/library/subprocess.html,119,129,81,36,27
/zh-cn/3.13/library/venv.html,118,115,93,54,39
/zh-cn/3.13/reference/index.html,118,142,35,23,77
/pt-br/3.13/,115,122,34,17,76
/zh-cn/3.13/download.html,113,99,63,52,91
/zh-cn/3.13/using/index.html,113,123,68,21,78
/3.13/contents.html,112,109,39,23,9
/3.13/py-modindex.html,111,98,72,24,44
/ja/3.13/library/logging.html,109,114,85,58,36
/zh-cn/3.13/glossary.html,108,96,59,101,39
/zh-cn/3.13/tutorial/classes.html,108,103,70,179,56
/es/3.13/tutorial/introduction.html,107,112,67,248,53
/zh-cn/3.13/contents.html,107,125,35,38,16
/es/3.13/library/functions.html,106,109,84,98,33
/es/3.13/tutorial/datastructures.html,106,108,81,102,35
/es/3.13/tutorial/venv.html,104,104,92,27,49
/zh-tw/3.13/tutorial/index.html,104,147,56,86,55
/ja/3.13/library/typing.html,103,105,84,13,18
/ko/3.13/tutorial/index.html,103,134,47,46,49
/zh-cn/3.13/whatsnew/3.13.html,103,90,70,77,18
/ja/3.13/tutorial/index.html,99,116,54,48,58
/3.13/library/,98,114,58,12,34
/ja/3.13/library/exceptions.html,96,86,85,36,49
/ja/3.13/library/pathlib.html,96,100,82,49,39
/ja/3.13/search.html,94,162,14,29,53
/ja/3.13/tutorial/interpreter.html,94,105,60,83,76
/es/3.13/tutorial/controlflow.html,93,100,78,162,29
/ja/3.13/library/random.html,93,95,91,40,30
/es/3.13/tutorial/classes.html,91,90,82,95,37
/3.13/library/typing.html,90,90,78,23,45
/3.13/library/tkinter.html,88,94,75,55,43
/ja/3.13/library/csv.html,88,94,90,49,45
/zh-cn/3.13/tutorial/modules.html,88,78,58,253,64
/pt-br/3.13/library/venv.html,87,84,91,38,35
/ja/3.13/,85,91,43,10,72
/pt-br/3.13/search.html,84,136,43,26,63
/es/3.13/library/stdtypes.html,83,91,84,75,27
/pt-br/3.13/library/tkinter.html,83,93,73,96,41
/3.13/tutorial/classes.html,82,85,62,201,49
/fr/3.13/tutorial/classes.html,82,83,89,144,47
/fr/3.13/tutorial/interpreter.html,82,80,55,58,83
/pt-br/3.13/tutorial/datastructures.html,82,79,81,87,41
/ja/3.13/library/os.html,81,84,77,20,29
/fr/3.13/search.html,80,134,62,33,60
/fr/3.13/tutorial/introduction.html,80,91,85,182,55
/pt-br/3.13/tutorial/interpreter.html,79,94,78,70,77
/zh-cn/3.13/reference/datamodel.html,78,75,83,163,46
/ja/3.13/library/enum.html,77,79,83,79,26
