name,unique_exits,total_exits,exit_rate
/3.13/tutorial/index.html,2492,2592,
/3.13/using/windows.html,2426,2522,
/3.13/index.html,568,589,
/3.13/whatsnew/3.13.html,568,573,
/3.13/,497,508,
/3.13/tutorial/interpreter.html,385,405,
/3.13/tutorial/,334,350,
/es/3.13/tutorial/index.html,324,345,
/3/,228,225,
/3.13/tutorial/introduction.html,209,214,
/3.13/tutorial/appetite.html,204,210,
/zh-cn/3.13/tutorial/index.html,191,201,
/es/3.13/library/tkinter.html,170,177,
/3.13/library/functions.html,148,152,
/es/3.13/tutorial/venv.html,146,151,
/zh-cn/3.13/,145,152,
/3.13/tutorial/controlflow.html,138,150,
/zh-tw/3.13/tutorial/index.html,134,138,
/zh-cn/3.13/tutorial/controlflow.html,127,132,
/3.13/library/stdtypes.html,117,124,
/ja/3.13/library/functions.html,109,110,
/es/3.13/tutorial/classes.html,105,112,
/uk/3.13/library/turtle.html,101,106,
/pt-br/3.13/library/math.html,100,101,
/3.13/search.html,97,103,
/ja/3.13/library/re.html,96,101,
/zh-cn/3.13/library/venv.html,95,97,
/zh-cn/3.13/tutorial/introduction.html,95,99,
/es/3.13/tutorial/datastructures.html,93,95,
/es/3.13/installing/index.html,90,98,
/pt-br/3.13/tutorial/index.html,90,92,
/es/3.13/tutorial/introduction.html,85,89,
/ja/3.13/library/datetime.html,83,85,
/fr/3.13/library/tkinter.html,82,85,
/ja/3.13/library/stdtypes.html,80,82,
/pt-br/3.13/library/venv.html,80,83,
/zh-cn/3.13/tutorial/interpreter.html,80,82,
/3.13/library/index.html,78,85,
/uk/3.13/library/tkinter.html,73,75,
/es/3.13/library/functions.html,72,78,
/es/3.13/library/index.html,72,78,
/es/3.13/tutorial/interpreter.html,71,75,
/3.13/installing/index.html,69,70,
/ja/3.13/library/index.html,69,71,
/ja/3.13/library/logging.html,69,74,
/ja/3.13/library/subprocess.html,69,76,
/ja/3.13/library/typing.html,68,73,
/ko/3.13/library/idle.html,68,69,
/zh-cn/3.13/library/index.html,67,66,
/zh-cn/3.13/library/functions.html,66,67,
/es/3.13/library/datetime.html,62,64,
/es/3.13/tutorial/controlflow.html,62,69,
/fr/3.13/tutorial/datastructures.html,62,66,
/ja/3.13/library/os.path.html,62,66,
/ja/3.13/tutorial/index.html,62,67,
/zh-tw/3.13/installing/index.html,62,63,
/zh-tw/3.13/library/venv.html,62,65,
/pt-br/3.13/library/functions.html,61,66,
/uk/3.13/library/idle.html,61,64,
/fr/3.13/tutorial/classes.html,60,61,
/ja/3.13/library/csv.html,59,61,
/ko/3.13/tutorial/index.html,59,60,
/es/3.13/library/idle.html,58,61,
/fr/3.13/howto/sorting.html,58,58,
/zh-cn/3.13/library/stdtypes.html,56,60,
/pt-br/3.13/library/random.html,55,60,
/es/3.13/library/re.html,54,56,
/es/3.13/library/stdtypes.html,54,57,
/ja/3.13/library/json.html,54,54,
/zh-cn/3.13/tutorial/classes.html,54,54,
/zh-cn/3.13/tutorial/datastructures.html,54,57,
/pt-br/3.13/library/index.html,53,55,
/uk/3.13/tutorial/index.html,53,53,
/es/3.13/tutorial/errors.html,52,55,
/fr/3.13/library/random.html,52,53,
/ja/3.13/library/pathlib.html,51,55,
/3.13/tutorial/datastructures.html,50,61,
/pt-br/3.13/tutorial/datastructures.html,50,53,
/3/library/idle.html,49,48,
/pt-br/3.13/library/string.html,48,48,
/zh-tw/3.13/library/random.html,48,49,
/fr/3.13/library/functions.html,47,48,
/ja/3.13/library/random.html,47,48,
/zh-cn/3.13/library/turtle.html,47,51,
/zh-cn/3.13/using/windows.html,47,47,
/es/3.13/library/math.html,46,48,
/zh-cn/3.13/tutorial/modules.html,46,49,
/zh-cn/3.13/whatsnew/3.13.html,46,46,
/fr/3.13/library/datetime.html,45,45,
/3/library/tkinter.html,44,42,
/ja/3.13/library/venv.html,43,43,
/ja/3.13/tutorial/errors.html,43,45,
/pt-br/3.13/tutorial/introduction.html,43,43,
/zh-tw/3.13/tutorial/classes.html,43,43,
/3/library/functions.html,42,41,
/ja/3.13/library/exceptions.html,42,43,
/pt-br/3.13/tutorial/classes.html,42,41,
/zh-tw/3.13/howto/sorting.html,42,45,
/3.13/glossary.html,41,48,
/es/3.13/library/tk.html,41,40,
