name,version,visitors
Windows,10,18524
Mac,10.15,2408
Android,10,957
GNU/Linux,(not set),784
iOS,18.3,350
Android,14,248
Ubuntu,(not set),242
Android,12,160
Android,13,160
Android,15,80
Chrome OS,14541.0,68
Android,11,66
Windows,7,53
iOS,18.1,45
iOS,17.6,23
HarmonyOS,(not set),20
Windows,8.1,19
iOS,18.2,17
iOS,18.0,16
iOS,17.5,14
iOS,18.4,12
iOS,16.7,11
iOS,17.7,9
HarmonyOS,3.0,9
Android,8.1,9
Android,9,9
iOS,16.1,7
HarmonyOS,2.2,7
Mac,10.13,6
iOS,17.4,6
Mac,10.14,5
iOS,15.8,5
iOS,16.6,5
iOS,16.0,4
Windows,8,4
Android,8.0,4
Windows,(not set),3
(not set),(not set),3
Chrome OS,14816.131,3
iOS,16.3,3
iPadOS,17.7,3
Windows,Server 2003,3
Mac,10.12,2
iOS,15.4,2
iOS,15.6,2
iOS,16.2,2
iOS,16.4,2
iOS,16.5,2
iOS,17.0,2
iOS,17.3,2
iPadOS,17.4,2
iPadOS,17.6,2
Android,4.2,2
Fire OS,7,2
Android,7.1,2
FreeBSD,(not set),1
UOS,(not set),1
iOS,10.3,1
Mac,10.9,1
Chrome OS,12239.92,1
iOS,13.6,1
iPadOS,14.8,1
iPadOS,16.6,1
iOS,17.1,1
iPadOS,17.1,1
iOS,17.2,1
HarmonyOS,2.1,1
Android,6.0,1
Windows,XP,1
