property,value,visitors,events,percentage
url,(none),447513,969890,99.7
url,https://psfmember.org/civicrm/contribute/transact?reset=1&id=2,5739,7101,1.3
url,https://docs.python.org/,4482,4827,1.0
url,https://pypi.org/,2453,2659,0.5
url,https://wiki.python.org/moin/BeginnersGuide,2151,2298,0.5
url,https://us.pycon.org/2025/about/pycon/,1907,2009,0.4
url,https://docs.python.org/3/,1440,1528,0.3
url,https://peps.python.org/pep-0719/,1322,1379,0.3
url,http://docs.python.org/3/,1183,1256,0.3
url,http://wiki.python.org/moin/BeginnersGuide/Download,791,834,0.2
url,https://peps.python.org/pep-0745/,682,706,0.2
url,http://wiki.python.org/moin/BeginnersGuide/NonProgrammers,661,702,0.1
url,https://pythoninsider.blogspot.com/2025/04/python-3140a7-3133-31210-31112-31017.html,605,734,0.1
url,https://docs.python.org/release/3.9.22/whatsnew/changelog.html,584,607,0.1
url,https://wiki.python.org/moin/PythonBooks,467,497,0.1
url,https://devguide.python.org/,415,424,0.1
url,http://wiki.python.org/moin/BeginnersGuide/Programmers,333,344,0.1
url,https://docs.python.org/release/3.11.12/whatsnew/changelog.html#python-3-11-12,311,322,0.1
url,https://peps.python.org/pep-0664/,269,277,0.1
url,https://docs.python.org/release/3.13.3/whatsnew/changelog.html#python-3-13-3,229,231,0.1
url,https://docs.python.org/3/license.html,215,236,0.0
url,https://github.com/python/cpython/issues/131809,215,224,0.0
url,http://brochure.getpython.info/,211,231,0.0
url,https://docs.python.org/3/tutorial/index.html,209,220,0.0
url,http://wiki.python.org/moin/IntroductoryBooks,206,213,0.0
url,https://docs.python.org/release/3.10.17/whatsnew/changelog.html,200,208,0.0
url,http://www.activestate.com/activepython/,198,209,0.0
url,https://devguide.python.org/versions/#versions,196,200,0.0
url,https://docs.python.org/3.13/whatsnew/3.13.html#a-better-interactive-interpreter,175,178,0.0
url,https://docs.python.org/release/3.13.3/,172,179,0.0
url,https://docs.python.org/3/tutorial/controlflow.html#defining-functions,162,168,0.0
url,https://peps.python.org/pep-0619/,158,165,0.0
url,http://wiki.python.org/moin/IntegratedDevelopmentEnvironments,157,163,0.0
url,https://docs.python.org/3/library/index.html,152,166,0.0
url,https://pyfound.blogspot.com/2025/04/psf-grants-program-2024-transparency.html,149,169,0.0
url,https://github.com/python/cpython/issues/106883,146,151,0.0
url,http://wiki.python.org/moin/BeginnersGuide/Examples,144,149,0.0
url,http://omz-software.com/pythonista/index.html,140,150,0.0
url,https://docs.python.org/3.13/,130,131,0.0
url,https://peps.python.org/,126,132,0.0
url,https://docs.python.org/faq/,123,127,0.0
url,http://wiki.python.org/moin/Languages,118,123,0.0
url,https://peps.python.org/pep-0693/,117,119,0.0
url,https://jobs.python.org/,103,104,0.0
url,https://blog.python.org/,95,100,0.0
url,https://gitlab.com/python-devs/ci-images,92,100,0.0
url,https://pythoninsider.blogspot.com/2025/03/python-3140-alpha-6-is-out.html,86,117,0.0
url,https://docs.python.org/3.13/whatsnew/3.13.html,82,86,0.0
url,https://docs.python.org/release/3.12.10/whatsnew/changelog.html#python-3-12-10,82,82,0.0
url,https://github.com/python/cpython/issues,77,78,0.0
url,http://www.djangoproject.com/,76,76,0.0
url,http://wiki.python.org/moin/PythonEditors,74,77,0.0
url,https://wiki.python.org/moin/BeginnersGuide/Programmers,74,74,0.0
url,https://docs.python.org/release/3.11.11/whatsnew/changelog.html#python-3-11-11,69,73,0.0
url,https://briefcase.readthedocs.io/,65,71,0.0
url,http://docs.python.org/,64,65,0.0
url,https://docs.python.org/3/reference/index.html,64,67,0.0
url,https://status.python.org/,64,67,0.0
url,https://docs.python.org/release/3.8.20/whatsnew/changelog.html,62,71,0.0
url,http://docs.python.org/3/faq/,58,58,0.0
url,https://wiki.python.org/moin/,58,61,0.0
url,https://wiki.python.org/moin/PythonPeriodicals,58,59,0.0
url,https://docs.python.org/3/tutorial/,56,56,0.0
url,https://docs.python.org/release/3.10.13/whatsnew/changelog.html#python-3-10-13-final,56,56,0.0
url,https://docs.python.org/3/whatsnew/3.13.html,55,58,0.0
url,http://docs.python.org/3/tutorial/,54,58,0.0
url,http://packaging.python.org/,53,53,0.0
url,https://www.linkedin.com/company/python-software-foundation/,53,59,0.0
url,https://docs.python.org/release/3.10.16/whatsnew/changelog.html,52,55,0.0
url,https://peps.python.org/pep-0738/,51,58,0.0
url,https://pyto.app/,49,50,0.0
url,https://djangogirls.org/en/ho/,48,49,0.0
url,https://pypy.org/,43,52,0.0
url,https://s3.dualstack.us-east-2.amazonaws.com/pythondotorg-assets/media/community/logos/python-logo-only.png,43,55,0.0
url,https://docs.python.org/3/tutorial/introduction.html#lists,42,42,0.0
url,https://wiki.python.org/moin/BeginnersGuide/NonProgrammers,42,42,0.0
url,https://mailchi.mp/python/python-software-foundation-july-2024-newsletter-19878179,41,48,0.0
url,https://s3.dualstack.us-east-2.amazonaws.com/pythondotorg-assets/media/files/python-logo-only.svg,41,52,0.0
url,http://pyfound.blogspot.com/,36,39,0.0
url,https://docs.python.org/3.8/using/windows.html#embedded-distribution,36,36,0.0
url,http://pypi.org/,34,34,0.0
url,https://docs.python.org/3/using/index.html,33,35,0.0
url,http://us.pycon.org/,32,38,0.0
url,http://www.pylonsproject.org/,32,35,0.0
url,https://docs.python.org/3/tutorial/controlflow.html,32,32,0.0
url,https://docs.python.org/release/3.12.10/,32,33,0.0
url,http://pandas.pydata.org/,31,31,0.0
url,https://docs.python.org/devguide/#contributing,30,37,0.0
url,https://github.com/python/cpython/issues/131261,30,32,0.0
url,http://flask.pocoo.org/,29,30,0.0
url,http://wiki.python.org/moin/TkInter,29,32,0.0
url,https://2025.pycon.de/,29,30,0.0
url,http://buildbot.net/,28,29,0.0
url,https://docs.python.org/dev/,28,30,0.0
url,http://pypi.python.org/pypi?%3Aaction=index,27,28,0.0
url,https://docs.python.org/3.12/whatsnew/3.12.html,27,27,0.0
url,https://docs.python.org/3.12/whatsnew/3.12.html#pep-701-syntactic-formalization-of-f-strings,27,27,0.0
url,https://docs.python.org/release/3.9.21/whatsnew/changelog.html,27,27,0.0
url,https://buildozer.readthedocs.io/,26,27,0.0
url,https://docs.python.org/3.13/whatsnew/3.13.html#an-experimental-just-in-time-jit-compiler,25,27,0.0
url,https://docs.python.org/release/3.11.9/whatsnew/changelog.html#python-3-11-9,25,25,0.0
url,https://peps.python.org/pep-0730/,25,25,0.0
url,https://docs.python.org/3.7/using/windows.html#embedded-distribution,24,25,0.0
url,https://docs.python.org/3/download.html,24,24,0.0
url,https://docs.python.org/3/howto/index.html,24,25,0.0
url,https://docs.python.org/3/license.html#terms-and-conditions-for-accessing-or-otherwise-using-python,24,26,0.0
url,https://docs.python.org/release/3.10.0/whatsnew/changelog.html#python-3-10-0-final,24,25,0.0
url,http://docs.python.org/library/markup,23,24,0.0
url,https://docs.python.org/3.12/,23,23,0.0
url,https://docs.python.org/release/3.11.10/whatsnew/changelog.html#python-3-11-10,23,23,0.0
url,https://github.com/python/cpython/issues/126623,23,23,0.0
url,http://docs.python.org/3/tutorial/introduction.html#using-python-as-a-calculator,22,23,0.0
url,http://planetpython.org/,22,27,0.0
url,https://github.com/python/cpython/issues/108310,22,24,0.0
url,https://termux.dev/en/,22,24,0.0
url,https://docs.python.org/3.13/whatsnew/3.13.html#whatsnew313-free-threaded-cpython,21,23,0.0
url,https://docs.python.org/release/3.10.11/whatsnew/changelog.html#python-3-10-11-final,21,22,0.0
url,https://python-forum.io/,21,21,0.0
url,http://www.scipy.org/,20,20,0.0
url,https://docs.python.org/release/3.13.2/whatsnew/changelog.html#python-3-13-2,20,20,0.0
url,https://docs.python.org/release/3.8.10/whatsnew/changelog.html,20,20,0.0
url,https://github.com/advisories/GHSA-79wf-qgrg-2p6c,20,21,0.0
url,https://peps.python.org/pep-0696/,20,20,0.0
url,https://peps.python.org/pep-0742/,20,20,0.0
url,http://docs.python.org/3/library/,19,20,0.0
url,https://discuss.python.org/,19,21,0.0
url,https://docs.python.org/release/3.10.14/whatsnew/changelog.html,19,19,0.0
url,https://github.com/python/cpython/issues/123678,19,19,0.0
url,https://us.pycon.org/,19,21,0.0
url,https://wiki.python.org/moin/BeginnersGuide/Download,19,19,0.0
url,https://wiki.python.org/moin/PythonEventsCalendar#Submitting_an_Event,19,19,0.0
url,http://code.activestate.com/recipes/langs/python/,18,18,0.0
url,http://ipython.org/,18,20,0.0
url,https://docs.python.org/3.14/whatsnew/3.14.html#whatsnew314-pep649,18,18,0.0
url,https://docs.python.org/3/c-api/index.html,18,21,0.0
url,https://docs.python.org/release/3.10.15/whatsnew/changelog.html,18,19,0.0
url,https://docs.python.org/release/3.7.17/whatsnew/changelog.html#changelog,18,18,0.0
url,https://peps.python.org/pep-0594/,18,18,0.0
url,http://pycon.blogspot.com/,17,17,0.0
url,http://www.wxpython.org/,17,17,0.0
url,https://devguide.python.org/versions/,17,17,0.0
url,https://docs.python.org/3.12/whatsnew/3.12.html#pep-695-type-parameter-syntax,17,17,0.0
url,https://docs.python.org/release/3.12.9/whatsnew/changelog.html#python-3-12-9,17,18,0.0
url,https://pyvideo.org/,17,19,0.0
url,https://twitter.com/ThePSF,17,17,0.0
url,https://www.riverbankcomputing.com/static/Docs/pyqtdeploy/,17,18,0.0
url,http://wiki.python.org/moin/WebProgramming,16,18,0.0
url,http://www.ansible.com/,16,17,0.0
url,https://docs.python.org/3.11/,16,16,0.0
url,https://docs.python.org/3.13/whatsnew/3.13.html#defined-mutation-semantics-for-locals,16,17,0.0
url,https://docs.python.org/3.7/whatsnew/3.7.html,16,17,0.0
url,https://docs.python.org/3/search.html,16,16,0.0
url,http://bottlepy.org/,15,15,0.0
url,http://pypi.python.org/pypi,15,16,0.0
url,https://docs.python.org/release/3.10.12/whatsnew/changelog.html#python-3-10-12-final,15,16,0.0
url,https://docs.python.org/release/3.9.18/whatsnew/changelog.html#changelog,15,15,0.0
url,https://fosstodon.org/@ThePSF,15,15,0.0
url,https://mail.python.org/mailman/listinfo/python-dev,15,15,0.0
url,https://pyfound.blogspot.com/2025/03/dsa-thomas-wouters.html,15,17,0.0
url,https://chaquo.com/chaquopy,14,15,0.0
url,https://docs.python.org/3/py-modindex.html,14,14,0.0
url,https://docs.python.org/release/3.10.6/whatsnew/changelog.html#python-3-10-6-final,14,14,0.0
url,https://docs.python.org/release/3.13.2/,14,14,0.0
url,http://legacy.python.org/download/releases/binaries-1.1/,13,15,0.0
url,http://tornadoweb.org/,13,13,0.0
url,https://docs.python.org/release/3.9.0/whatsnew/changelog.html#changelog,13,13,0.0
url,https://docs.python.org/release/3.9.20/whatsnew/changelog.html,13,13,0.0
url,https://wiki.gnome.org/Projects/PyGObject,13,14,0.0
url,http://lmorillas.github.io/python_events/,12,12,0.0
url,http://www.openbookproject.net/thinkcs/python/english2e/,12,12,0.0
url,https://bugs.python.org/,12,13,0.0
url,https://docs.python.org/3.13/whatsnew/3.13.html#improved-error-messages,12,12,0.0
url,https://docs.python.org/3/glossary.html,12,12,0.0
url,https://github.com/python/cpython/issues/105704,12,13,0.0
url,https://github.com/python/cpython/issues/119511,12,12,0.0
url,https://github.com/python/pythondotorg/issues,12,13,0.0
url,http://hg.python.org/cpython/raw-file/v2.0.1/Misc/NEWS,11,12,0.0
url,http://www.riverbankcomputing.co.uk/software/pyqt/intro,11,11,0.0
url,https://docs.python.org/3.12/whatsnew/3.12.html#pep-669-low-impact-monitoring-for-cpython,11,11,0.0
url,https://docs.python.org/3.9/,11,11,0.0
url,https://docs.python.org/release/3.11.12/,11,11,0.0
url,https://docs.python.org/release/3.13.0/,11,11,0.0
url,https://docs.python.org/release/3.8.19/whatsnew/changelog.html,11,11,0.0
url,https://github.com/python/cpython/blob/2.7/Misc/NEWS.d/2.7.15rc1.rst,11,13,0.0
url,https://www.ibm.com/support/pages/aix-toolbox-open-source-software-downloads-alpha,11,12,0.0
url,https://docs.python.org/3.13/whatsnew/3.13.html#new-deprecations,10,11,0.0
url,https://docs.python.org/release/1.4/,10,10,0.0
url,https://docs.python.org/release/3.12.8/whatsnew/changelog.html#python-3-12-8,10,10,0.0
url,https://docs.python.org/release/3.8.18/whatsnew/changelog.html#changelog,10,10,0.0
url,https://github.com/python/cpython/issues/103142,10,10,0.0
url,https://peps.python.org/pep-0701/,10,10,0.0
url,https://podcasters.spotify.com/pod/show/corepy,10,10,0.0
url,https://pycamp.es/,10,10,0.0
url,https://pythondiscord.com/,10,11,0.0
url,https://www.anaconda.com/download,10,11,0.0
url,https://www.meetup.com/michigan-python/events/305384919,10,10,0.0
url,https://www.odoo.com/,10,10,0.0
url,http://docs.python.org/release/3.8.15/whatsnew/changelog.html,9,9,0.0
url,http://docs.python.org/release/3.8.17/whatsnew/changelog.html,9,9,0.0
url,http://docs.python.org/release/3.9.15/whatsnew/changelog.html,9,9,0.0
url,https://docs.python.org/3.10/,9,9,0.0
url,https://docs.python.org/3.12/whatsnew/3.12.html#pep-688-making-the-buffer-protocol-accessible-in-python,9,9,0.0
url,https://docs.python.org/3.13/whatsnew/3.13.html#other-language-changes,9,9,0.0
url,https://docs.python.org/3.14/,9,10,0.0
url,https://docs.python.org/3.14/whatsnew/3.14.html,9,10,0.0
url,https://docs.python.org/3.7/,9,9,0.0
url,https://docs.python.org/3.7/whatsnew/changelog.html#python-3-7-0-final,9,10,0.0
url,https://docs.python.org/3/extending/index.html,9,9,0.0
url,https://docs.python.org/release/3.13.0/whatsnew/changelog.html#python-3-13-0,9,9,0.0
url,https://peps.python.org/pep-0011/#no-longer-supported-platforms,9,9,0.0
url,https://peps.python.org/pep-0011/#tier-2,9,9,0.0
url,https://peps.python.org/pep-0705/,9,9,0.0
url,https://talkpython.fm/,9,12,0.0
url,https://www.rocketsoftware.com/products/rocket-open-source,9,10,0.0
url,http://docs.python.org/3/reference/,8,8,0.0
url,http://www.tryton.org/,8,8,0.0
url,https://devguide.python.org/triage/issue-tracker/,8,8,0.0
url,https://docs.python.org/3.13/whatsnew/3.13.html#dbm,8,8,0.0
url,https://docs.python.org/3.8/,8,10,0.0
url,https://docs.python.org/release/3.10.17/,8,8,0.0
url,https://docs.python.org/release/3.10.9/whatsnew/changelog.html#python-3-10-9-final,8,10,0.0
url,https://docs.python.org/release/3.12.0/,8,10,0.0
url,https://docs.python.org/release/3.12.9/,8,8,0.0
url,https://docs.python.org/release/3.7.9/whatsnew/changelog.html#changelog,8,8,0.0
url,https://docs.python.org/release/3.8.11/whatsnew/changelog.html#changelog,8,8,0.0
url,https://docs.python.org/release/3.8.7/whatsnew/changelog.html,8,8,0.0
url,https://hg.python.org/cpython/raw-file/15c95b7d81dc/Misc/NEWS,8,8,0.0
url,https://policies.python.org/python.org/Privacy-Notice/,8,8,0.0
url,https://pyodide.org/,8,10,0.0
url,https://summalinguae.com/,8,8,0.0
url,https://work.mercor.com/jobs/list_AAABlg0_QgOG3Cc3xyZLGYAg,8,8,0.0
url,https://www.linkedin.com/groups/25827/,8,10,0.0
url,https://www.scalablepath.com/view-position/hak3WW6N/senior-data-analyst-with-healthcare-experience?pt[]=24&utm_medium=referral&utm_source=python.org&utm_campaign=data-analyst-python-org,8,9,0.0
url,http://mcsp.wartburg.edu/zelle/python/,7,7,0.0
url,http://roundup.sourceforge.net/,7,7,0.0
url,http://www.pygtk.org/,7,7,0.0
url,http://www.web2py.com/,7,7,0.0
url,https://dearpygui.readthedocs.io/en/latest/,7,7,0.0
url,https://docs.python.org/3.6/,7,7,0.0
url,https://docs.python.org/3.7/whatsnew/changelog.html#python-3-7-7-final,7,8,0.0
url,https://docs.python.org/3.8/whatsnew/changelog.html#python-3-8-0-final,7,8,0.0
url,https://docs.python.org/release/3.10.0/,7,7,0.0
url,https://docs.python.org/release/3.11.0/whatsnew/changelog.html#python-3-11-0-final,7,7,0.0
url,https://docs.python.org/release/3.12.0/whatsnew/changelog.html#python-3-12-0,7,7,0.0
url,https://docs.python.org/release/3.12.4/whatsnew/changelog.html#python-3-12-4,7,7,0.0
url,https://docs.python.org/release/3.6.15/whatsnew/3.6.html#notable-changes-in-python-3-6-15,7,7,0.0
url,https://github.com/python/cpython/issues/,7,7,0.0
url,https://github.com/python/cpython/issues/115399,7,7,0.0
url,https://kivy.org/,7,7,0.0
url,https://pydata.org/paris2025,7,7,0.0
url,http://bugs.python.org/,6,6,0.0
url,http://docs.python.org/library/email,6,6,0.0
url,http://docs.python.org/release/3.8.16/whatsnew/changelog.html,6,6,0.0
url,http://hg.python.org/cpython/raw-file/v2.7.8/Misc/NEWS,6,10,0.0
url,http://scipy.org/,6,6,0.0
url,http://trac.edgewall.org/,6,6,0.0
url,http://www.pythonweekly.com/,6,7,0.0
url,https://2025.pyconuk.org/,6,6,0.0
url,https://bomcareers.nga.net.au/,6,6,0.0
url,https://bugs.python.org/issue38605,6,6,0.0
url,https://docs.python.org/3.10/whatsnew/changelog.html#changelog,6,6,0.0
url,https://docs.python.org/3.11/whatsnew/3.11.html#faster-cpython,6,6,0.0
url,https://docs.python.org/3.13/whatsnew/3.13.html#removed-modules-and-apis,6,6,0.0
url,https://docs.python.org/3.7/whatsnew/changelog.html#python-3-7-4-final,6,6,0.0
url,https://docs.python.org/release/3.10.10/whatsnew/changelog.html#python-3-10-10-final,6,6,0.0
url,https://docs.python.org/release/3.10.4/whatsnew/changelog.html#python-3-10-4-final,6,6,0.0
url,https://docs.python.org/release/3.11.7/whatsnew/changelog.html#python-3-11-7,6,6,0.0
url,https://docs.python.org/release/3.12.1/whatsnew/changelog.html#python-3-12-1,6,6,0.0
url,https://docs.python.org/release/3.12.3/,6,6,0.0
url,https://docs.python.org/release/3.7.16/whatsnew/changelog.html#changelog,6,7,0.0
url,https://docs.python.org/release/3.9.13/whatsnew/changelog.html,6,6,0.0
url,https://github.com/sponsors/python,6,7,0.0
url,https://mail.python.org/archives/list/python-dev@python.org/thread/CLVXXPQ2T2LQ5MP2Y53VVQFCXYWQJHKZ/,6,7,0.0
url,https://mail.python.org/mailman/listinfo/mobile-sig/,6,7,0.0
url,https://micropython.org/,6,6,0.0
url,https://pyscript.net/,6,6,0.0
url,https://saltproject.io/,6,6,0.0
url,https://wiki.python.org/moin/BeginnersGuide/Examples,6,6,0.0
url,https://wiki.python.org/moin/PythonConferences,6,6,0.0
url,https://wiki.qt.io/PySide,6,6,0.0
url,https://www.ibm.com/support/pages/aix-toolbox-open-source-software-get-started,6,7,0.0
url,https://www.jython.org/,6,6,0.0
url,https://www.openstack.org/,6,6,0.0
url,https://www.pythonanywhere.com/,6,6,0.0
url,http://ibm.biz/ibmi-rpms,5,5,0.0
url,http://legacy.python.org/download/releases/binaries-1.3/,5,5,0.0
url,https://algorithmspath.com/assessments/6b304427-7405-477f-9a37-2bb208a4e7b9/start,5,5,0.0
url,https://docs.python.org/3.12/whatsnew/3.12.html#removed,5,5,0.0
url,https://docs.python.org/3.14/whatsnew/3.14.html#deprecated,5,5,0.0
url,https://docs.python.org/3.6/whatsnew/3.6.html,5,7,0.0
url,https://docs.python.org/3/howto/pyporting.html,5,5,0.0
url,https://docs.python.org/license.html,5,5,0.0
url,https://docs.python.org/release/3.10.5/whatsnew/changelog.html#python-3-10-5-final,5,5,0.0
url,https://docs.python.org/release/3.11.8/whatsnew/changelog.html#python-3-11-8,5,5,0.0
url,https://docs.python.org/release/3.12.3/whatsnew/changelog.html#python-3-12-2,5,5,0.0
url,https://docs.python.org/release/3.12.7/whatsnew/changelog.html#python-3-12-7,5,5,0.0
url,https://docs.python.org/release/3.6.15/whatsnew/changelog.html#changelog,5,6,0.0
url,https://docs.python.org/release/3.8.13/whatsnew/changelog.html,5,5,0.0
url,https://docs.python.org/release/3.8.2/whatsnew/changelog.html#python-3-8-2-final,5,5,0.0
url,https://docs.python.org/release/3.8.5/whatsnew/changelog.html#changelog,5,5,0.0
