name,visitors,bounce_rate,visit_duration
Direct / None,189151,58,135
Google,142709,58,111
Bing,42118,58,125
chatgpt.com,37123,65,119
Baidu,6945,49,157
Yandex,6740,61,107
GitHub,3382,70,104
Yahoo!,2842,58,127
Youtube,2375,69,97
docs.python.org,2321,53,79
Brave,2282,61,101
link.csdn.net,1835,49,146
DuckDuckGo,1497,56,102
code.visualstudio.com,995,79,73
360.cn,984,49,207
doubao.com,965,64,125
Naver,782,51,119
python.p2hp.com,548,68,112
w3schools.com,482,49,76
Microsoft Teams,427,71,111
link.zhihu.com,415,58,125
qiita.com,414,49,122
pip.pypa.io,342,47,143
claude.ai,305,68,102
Coccoc,304,54,166
packaging.python.org,297,43,123
yuanbao.tencent.com,278,58,182
learn.microsoft.com,270,61,118
Sogou,262,51,115
blog.csdn.net,251,55,107
Ecosia,246,60,88
netacad.com,222,75,107
Perplexity,220,59,161
sukkiri.jp,219,40,134
wiki.python.org,212,65,142
Reddit,211,69,76
nexusmods.com,203,80,70
python.jp,195,36,181
chat.qwen.ai,185,51,159
pypi.org,174,65,60
peps.python.org,157,46,97
liaoxuefeng.com,148,60,105
docs.pingcode.com,140,40,218
pytorch.org,135,62,104
chat.baidu.com,132,45,263
roadmap.sh,131,73,30
blog.naver.com,128,69,85
blackbox.ai,116,65,213
medium.com,108,62,54
scikit-learn.org,105,67,112
jianshu.com,104,67,104
realpython.com,104,48,132
online-python.com,103,65,84
dotiromoook.tistory.com,102,42,132
Qwant,100,63,143
Vkontakte,100,78,37
pythoncentral.io,99,47,131
runoob.com,97,62,68
Wikipedia,91,52,93
udemy.com,91,72,81
Telegram,90,79,103
LinkedIn,88,77,34
Facebook,87,84,93
python.org.br,83,70,139
poe.com,80,73,65
discuss.python.org,79,50,222
datacamp.com,74,64,73
jetbrains.com,73,74,63
soroban.highreso.jp,73,73,89
devguide.python.org,72,56,78
kodekloud.com,72,62,89
pygame.org,72,39,192
naver.com,69,39,25
courses.cu.skillsnetwork.site,68,85,139
lms.ev.org.br,68,75,165
sky.pro,67,53,123
tongyi.com,67,64,106
geeksforgeeks.org,66,80,82
nyplms.polite.edu.sg,66,67,230
quark.cn,65,42,191
openclassrooms.com,64,80,96
Twitter,62,94,23
pythonguis.com,59,50,70
cnblogs.com,58,50,161
dzen.ru,57,84,17
rutube.ru,55,89,59
Odnoklassniki,52,100,0
ai.google.dev,52,62,42
byui-cse.github.io,49,69,132
pythoninsider.blogspot.com,49,56,145
blog.pyq.jp,47,30,264
freedidi.com,46,70,45
pythontest.com,45,18,116
edube.org,44,82,41
cursos.alura.com.br,43,81,35
wenxiaobai.com,42,65,84
Instagram,41,90,1
enlacesnintricks.blogspot.com,41,76,101
bot.n.cn,40,54,506
manavi.dwc.doshisha.ac.jp,40,44,180
digitalocean.com,39,38,263
docs.espressif.com,39,72,86
freecodecamp.org,39,54,61
chat.mistral.ai,38,58,198
ithelp.ithome.com.tw,37,49,92
spotdl.readthedocs.io,36,44,81
weel.co.jp,36,75,149
courses.edx.org,35,77,33
gradio.app,35,71,20
pythonorg.cn,35,57,287
TikTok,34,100,0
javadrive.jp,34,21,174
app.aluracursos.com,32,91,10
codecademy.com,32,59,187
romptn.com,32,76,67
ursinaengine.org,32,69,170
m.blog.naver.com,31,39,199
amuletmc.com,30,63,52
esphome.io,30,87,65
gamebanana.com,30,63,146
ai-kenkyujo.com,29,48,126
docs.platformio.org,29,79,74
tutorial.djangogirls.org,29,52,176
asreview.nl,28,71,141
m.so.com,28,64,35
Gmail,27,52,61
brunch.co.kr,27,64,307
mooc.fi,27,74,99
Mail.ru,26,58,142
doc.courtbouillon.org,26,100,0
legacy.python.org,26,50,108
pythononlinecompiler.ru,26,65,196
tutorialspoint.com,26,54,208
wikidocs.net,26,41,109
127.0.0.1,25,78,18
pcschool.com.tw,25,52,321
skillbox.ru,25,64,229
learn2.open.ac.uk,24,58,149
m.rutube.ru,24,100,0
metanit.com,24,54,62
moodle.rwth-aachen.de,24,81,129
dataquest.io,23,65,47
music21.org,23,67,118
agixt-coin.infy.uk,22,100,0
codingforentrepreneurs.com,22,59,109
gammasoft.jp,22,59,82
l.messenger.com,22,78,52
wenku.csdn.net,22,68,73
chat.chatbotapp.ai,21,52,44
py4e.com,21,77,20
sysnettechsolutions.com,21,76,141
w3school.com.cn,21,52,119
automatetheboringstuff.com,20,40,145
docs.streamlit.io,20,60,107
fenix.isa.ulisboa.pt,20,36,461
link.juejin.cn,20,55,192
auto-editor.com,19,68,93
cgohlke.com,19,68,266
cs50.readthedocs.io,19,58,80
jb51.net,19,37,216
drive2.ru,18,72,51
gapgpt.app,18,50,563
instaloader.github.io,18,61,161
namu.wiki,18,33,14
pythonjobshq.com,18,65,11
randomnerdtutorials.com,18,56,48
rswm-ju.tistory.com,18,22,171
timeweb.cloud,18,39,111
4pda.to,17,82,17
docs.zephyrproject.org,17,65,53
migra.pl,17,88,19
portablepython.com,17,65,16
tryhackme.com,17,82,47
zalo,17,47,127
cdigital.cun.edu.co,16,100,0
gitee.com,16,56,218
nltk.org,16,62,23
python-lernen.de,16,25,253
robotframework.org,16,100,0
telegra.ph,16,56,141
tensorflow.org,16,69,15
doc.aldebaran.com,15,60,28
docs.edgeimpulse.com,15,33,185
github.ibm.com,15,53,157
pandas.pydata.org,15,80,60
virtualenv.pypa.io,15,80,84
xdaforums.com,15,67,27
csc.edu.vn,14,36,199
heytech.tistory.com,14,36,116
lms.skillfactory.ru,14,79,16
miralab.co.jp,14,71,118
saturncloud.io,14,43,39
talentotech2.com.co,14,86,28
velog.io,14,67,70
view.genially.com,14,50,285
confluence.fmr.com,13,77,151
docs.reportlab.com,13,62,150
docstring.fr,13,46,248
droidwin.com,13,46,131
endoflife.date,13,77,27
frida.re,13,46,161
gall.dcinside.com,13,69,152
gsm6.com,13,77,56
idealab.alibaba-inc.com,13,62,24
klv.co.jp,13,23,299
login.microsoftonline.com,13,85,193
matplotlib.org,13,62,89
microsoft.github.io,13,79,3
odoo.com,13,79,4
programiz.com,13,54,150
pythonworld.ru,13,31,155
aranzulla.it,12,54,147
badcaps.net,12,75,107
blog.data101.io,12,31,135
blog.python.org,12,58,61
coda.io,12,67,208
darkflux.top,12,67,14
docs.telethon.dev,12,50,175
enterprise-confluence.aexp.com,12,67,238
formulae.brew.sh,12,17,184
kivy.org,12,33,112
ootrandomizer.com,12,83,114
open.feishu.cn,12,62,411
raspberrytips.com,12,42,209
source.android.com,12,42,45
waytoagi.feishu.cn,12,42,184
Daum,11,55,116
bugs.python.org,11,55,44
bytedance.larkoffice.com,11,100,0
cloud.tencent.com,11,45,105
developer.mozilla.org,11,55,563
doc.clickup.com,11,73,62
futurelearn.com,11,45,89
mightytechy.com,11,73,8
n.cn,11,45,94
notebooks.githubusercontent.com,11,45,179
platform.openai.com,11,38,184
python.digibeatrix.com,11,27,223
pythongeeks.org,11,45,60
quantrimang.com,11,64,253
redis.io,11,100,0
spectrum20.tistory.com,11,73,26
unogeeks.com,11,27,278
wiki.ith.intel.com,11,64,140
civitai.com,10,90,57
codelv.com,10,90,43
docs.opencv.org,10,50,427
graduationplease.tistory.com,10,90,3
gymn14.schools.by,10,46,212
harmash.com,10,60,59
his.huawei.com,10,20,283
ibilms.ibusiness.institute,10,50,213
itproger.com,10,70,4
mkdocs.org,10,60,50
mobiletips.in,10,60,23
note.youdao.com,10,42,120
ntp.msn.cn,10,90,34
pagekite.net,10,60,16
programmingwithjim.wordpress.com,10,40,207
vocus.cc,10,70,94
w3cschool.cn,10,40,219
yr7ywq.smartapps.baidu.com,10,50,197
bitbucket.org,9,67,35
blog.51cto.com,9,60,183
campus.ucsfvirtual.edu.ar,9,50,449
campusvirtual.duoc.cl,9,60,322
chat.chaton.ai,9,70,178
clang.llvm.org,9,67,431
confluence.oraclecorp.com,9,78,2
docs.python-guide.org,9,22,46
docs.vultr.com,9,67,12
edu.livedigital.space,9,56,240
faridfgx.github.io,9,89,7
gen-studio.app.intuit.com,9,30,199
help.aliyun.com,9,78,3
itnetwork.cz,9,67,4
kotablog.pro,9,40,19
mql5.com,9,22,62
obsproject.com,9,89,67
pydev.org,9,44,114
pythonlinks.python.jp,9,78,79
replit.com,9,67,7
space.coze.cn,9,56,146
typing.python.org,9,33,17
webclass.kusa.ac.jp,9,67,71
wikiwiki.jp,9,33,262
www2.np.edu.sg,9,89,0
wy.aifengkeji.cn,9,67,40
academy.zenva.com,8,75,7
assignments.onenote.com,8,88,96
belajarpython.com,8,38,358
blog.devgenius.io,8,56,113
blog.tericcabrel.com,8,88,27
canva.com,8,75,11
chat.zalo.me,8,70,15
cloud.siliconflow.cn,8,50,101
coding-is-fun.tistory.com,8,50,358
community.octoprint.org,8,38,40
confluence.ext.net.nokia.com,8,100,0
docs.opendronemap.org,8,56,46
