name,version,visitors
Windows,10,5180
Mac,10.15,1189
iOS,18.5,223
Android,10,220
GNU/Linux,(not set),147
iOS,18.4,108
Chrome OS,14541.0,38
Ubuntu,(not set),36
Android,15,36
iOS,18.3,32
Android,12,31
Android,14,22
Android,13,19
iOS,17.6,19
Windows,7,17
Android,11,12
iOS,17.5,8
iOS,18.1,8
HarmonyOS,3.0,8
iOS,15.1,6
iOS,15.8,6
iOS,16.7,6
iPadOS,15.8,5
iOS,16.1,5
iOS,16.3,5
iOS,17.4,4
iOS,18.2,4
HarmonyOS,2.2,4
iOS,13.6,3
iOS,16.4,3
iOS,17.7,3
Android,9,3
(not set),(not set),2
HarmonyOS,(not set),2
iOS,16.2,2
iOS,16.5,2
iOS,16.6,2
iPadOS,17.5,2
iPadOS,17.6,2
iOS,18.0,2
Android,7.1,2
Android,8.0,2
Android,8.1,2
Mac,10.14,1
iOS,10.3,1
iOS,11.0,1
iOS,12.4,1
iOS,14.4,1
iOS,14.6,1
iOS,15.4,1
iPadOS,15.6,1
iOS,15.6,1
iOS,17.0,1
iOS,17.2,1
iOS,4.3,1
Android,7.0,1
Fire OS,8,1
Windows,8.1,1
Windows,XP,1
