name,visitors
Seoul,468
Gyeonggi,260
Incheon,51
Busan,30
Daegu,30
Daejeon,27
South Gyeongsang,21
North Gyeongsang,16
Shandong,14
Ulsan,13
South Chungcheong,12
Gwangju City,11
North Chungcheong,10
Beijing,8
Sejong,8
Hebei,6
Gangwon,6
North Jeolla,6
Guangdong,5
Henan,5
Anhui,3
Jiangsu,3
England,3
South Jeolla,3
Jeju,3
Upper Austria,2
Ontario,2
Shaanxi,2
Zhejiang,2
Uusimaa,2
Scotland,2
Tel Aviv,2
Kanagawa,2
Eastern,2
Ohio,2
New South Wales,1
South Australia,1
Chongqing,1
Guizhou,1
Hubei,1
Heilongjiang,1
Liaoning,1
Inner Mongolia,1
Sichuan,1
Shanghai,1
Shanxi,1
Tianjin,1
Baden-Württemberg,1
Hauts-de-France,1
Aomori,1
Tokyo,1
North Brabant,1
Greater Poland,1
Stockholm,1
Georgia,1
Iowa,1
Illinois,1
Michigan,1
Oregon,1
