property,value,visitors,events,percentage
url,(none),1232,2162,99.9
url,https://www.python.org/,18,19,1.5
url,https://github.com/python/cpython/tree/3.14/Lib/idlelib/,5,7,0.4
url,https://www.python.org/downloads/,3,3,0.2
url,https://apps.microsoft.com/detail/9NQ7512CXL7T,1,1,0.1
url,https://datatracker.ietf.org/doc/html/rfc9562.html#section-5.1,1,1,0.1
url,https://github.com/python/cpython/tree/3.14/Grammar/python.gram,1,1,0.1
url,https://github.com/python/cpython/tree/3.14/Lib/heapq.py,1,1,0.1
url,https://github.com/python/cpython/tree/3.14/Lib/keyword.py,1,1,0.1
url,https://github.com/python/cpython/tree/3.14/Lib/threading.py,1,1,0.1
url,https://github.com/python/cpython/tree/3.14/Lib/tkinter/__init__.py,1,1,0.1
url,https://github.com/python/cpython/tree/3.14/Lib/turtle.py,1,1,0.1
url,https://github.com/python/cpython/tree/main/Lib/codecs.py,1,1,0.1
url,https://github.com/python/cpython/tree/main/Lib/idlelib/,1,1,0.1
url,https://packaging.python.org/installing/,1,1,0.1
url,https://peps.python.org/pep-0008/,1,1,0.1
url,https://peps.python.org/pep-0011/#tier-3,1,2,0.1
url,https://pypi.org/,1,1,0.1
url,https://pypi.org/project/filetype/,1,1,0.1
url,https://pypi.org/project/puremagic/,1,1,0.1
url,https://pypi.org/project/python-magic/,1,1,0.1
url,https://requests.readthedocs.io/en/latest/,1,1,0.1
url,https://www.python.org/doc/versions/,1,1,0.1
