property,value,visitors,events,percentage
url,(none),2164,6508,99.6
url,https://www.python.org/,32,32,1.5
url,https://www.python.org/downloads/,9,10,0.4
url,https://github.com/python/cpython/tree/3.14/Lib/idlelib/,3,3,0.1
url,https://packaging.python.org/en/latest/tutorials/packaging-projects/,3,3,0.1
url,https://apps.microsoft.com/detail/9NQ7512CXL7T,2,2,0.1
url,https://docs.python.org/fr/3.14/archives/python-3.14-docs-html.zip,2,2,0.1
url,https://github.com/python/cpython/tree/3.14/Lib/idlelib,2,2,0.1
url,https://peps.python.org/pep-0008/,2,3,0.1
url,https://peps.python.org/pep-0636/,2,7,0.1
url,https://peps.python.org/pep-0745/,2,2,0.1
url,https://www.tcl.tk/man/tcl8.6/TkCmd/contents.htm,2,2,0.1
url,https://www.tkdocs.com/,2,2,0.1
url,https://bugs.python.org/issue?@action=redirect&bpo=47152,1,1,0.0
url,https://devguide.python.org/documentation/start-documenting/#building-the-documentation,1,1,0.0
url,https://docs.python.org/fr/3.14/archives/python-3.14-docs-text.zip,1,1,0.0
url,https://docs.python.org/fr/3/archives/python-3.14-docs-html.zip,1,1,0.0
url,https://docs.python.org/fr/3/archives/python-3.14-docs-texinfo.zip,1,1,0.0
url,https://docs.python.org/fr/3/archives/python-3.14-docs-text.zip,1,1,0.0
url,https://en.wikipedia.org/wiki/Turtle_(robot),1,1,0.0
url,https://github.com/python/cpython/blob/main/Doc/copyright.rst?plain=1,1,1,0.0
url,https://github.com/python/cpython/blob/main/Doc/tutorial/appetite.rst?plain=1,1,1,0.0
url,https://github.com/python/cpython/blob/main/Doc/tutorial/datastructures.rst?plain=1,1,1,0.0
url,https://github.com/python/cpython/blob/main/Doc/tutorial/index.rst?plain=1,1,1,0.0
url,https://github.com/python/cpython/issues/139810,1,1,0.0
url,https://github.com/python/cpython/tree/3.13/Lib/abc.py,1,1,0.0
url,https://github.com/python/cpython/tree/3.14/Lib/pickle.py,1,1,0.0
url,https://github.com/python/cpython/tree/3.14/Lib/random.py,1,1,0.0
url,https://github.com/python/cpython/tree/3.14/Lib/tkinter/__init__.py,1,1,0.0
url,https://ironpython.net/,1,1,0.0
url,https://packaging.python.org/en/latest/tutorials/installing-packages/#ensure-pip-setuptools-and-wheel-are-up-to-date,1,1,0.0
url,https://packaging.python.org/science/,1,1,0.0
url,https://peps.python.org/pep-0305/,1,1,0.0
url,https://peps.python.org/pep-0397/,1,1,0.0
url,https://pypi.org/,1,1,0.0
url,https://pypi.org/project/tomli-w/,1,1,0.0
url,https://pypy.org/,1,1,0.0
url,https://tkdocs.com/book.html,1,1,0.0
url,https://web.archive.org/web/20150315073817/http://www.xprogramming.com/testfram.htm,1,1,0.0
url,https://wiki.python.org/moin/BeginnersGuide,1,1,0.0
url,https://www.anaconda.com/download/,1,1,0.0
url,https://www.packtpub.com/en-us/product/python-gui-programming-with-tkinter-9781788835886,1,1,0.0
url,https://www.python.org/doc/versions/,1,1,0.0
url,https://www.python.org/downloads/macos/,1,1,0.0
url,https://www.python.org/psf/donations/,1,1,0.0
