name,visitors,pageviews,bounce_rate,time_on_page,scroll_depth
/fr/3/tutorial/,323,428,60,26,54
/fr/3/tutorial/interpreter.html,112,117,53,75,78
/fr/3/tutorial/datastructures.html,98,108,75,105,38
/fr/3/tutorial/introduction.html,93,98,70,171,59
/fr/3/library/random.html,82,72,96,56,31
/fr/3/library/stdtypes.html,80,93,74,57,9
/fr/3/tutorial/appetite.html,80,72,38,70,88
/fr/3.14/,73,76,17,31,71
/fr/3/library/turtle.html,73,74,66,30,15
/fr/3/library/functions.html,71,66,71,45,26
/fr/3/library/tkinter.html,70,72,75,20,17
/fr/3/tutorial/controlflow.html,70,74,77,133,43
/fr/3.15/using/windows.html,68,63,55,56,26
/fr/3/library/math.html,61,58,86,38,21
/fr/3/library/idle.html,55,58,52,14,25
/fr/3/tutorial/classes.html,49,46,87,146,49
/fr/3/,47,53,50,19,75
/fr/3/search.html,47,78,30,16,54
/fr/3/tutorial/index.html,46,85,59,31,56
/fr/3/glossary.html,45,37,86,7,11
/fr/3/library/sys.html,44,34,67,8,4
/fr/3/tutorial/modules.html,44,38,88,94,48
/fr/3/library/os.html,42,37,67,14,7
/fr/3/howto/sorting.html,40,38,93,32,38
/fr/3/library/string.html,40,31,92,22,28
/fr/3/tutorial/inputoutput.html,40,34,74,53,39
/fr/3.14/search.html,38,53,20,29,51
/fr/3.14/tutorial/index.html,38,50,84,167,54
/fr/3/library/exceptions.html,37,27,100,13,14
/fr/3/library/http.client.html,36,25,0,6,11
/fr/3/reference/expressions.html,36,23,100,13,13
/fr/3/reference/simple_stmts.html,36,25,40,36,25
/fr/3/using/cmdline.html,35,24,40,15,16
/fr/3/library/csv.html,34,30,81,33,22
/fr/3/library/datetime.html,34,31,90,24,10
/fr/3/library/statistics.html,33,24,91,29,15
/fr/3/library/enum.html,31,24,78,31,21
/fr/3/library/pathlib.html,31,23,67,8,9
/fr/3/library/re.html,31,28,62,66,22
/fr/3/library/socket.html,31,22,100,7,3
/fr/3/library/time.html,31,25,71,31,17
/fr/3/reference/datamodel.html,31,23,67,34,11
/fr/3/library/multiprocessing.html,30,18,100,21,2
/fr/3/library/io.html,29,23,0,7,6
/fr/3/tutorial/errors.html,29,25,95,48,42
/fr/3/library/calendar.html,28,18,100,6,22
/fr/3/library/decimal.html,28,19,0,9,4
/fr/3/library/queue.html,28,17,100,12,22
/fr/3/library/mailbox.html,27,17,0,8,5
/fr/3/c-api/typeobj.html,26,16,0,6,2
/fr/3/library/http.cookies.html,26,16,0,10,21
/fr/3/library/index.html,26,41,54,46,52
/fr/3/library/json.html,26,24,91,16,21
/fr/3/library/os.path.html,26,17,0,10,15
/fr/3/library/wsgiref.html,26,16,0,7,8
/fr/3/reference/compound_stmts.html,26,19,100,13,10
/fr/3/using/windows.html,26,21,86,36,28
/fr/3.14/tutorial/interpreter.html,25,22,71,84,82
/fr/3/c-api/object.html,25,16,0,7,8
/fr/3/library/constants.html,25,19,0,7,46
/fr/3/library/doctest.html,25,15,0,5,4
/fr/3/library/inspect.html,25,18,0,5,4
/fr/3/library/struct.html,25,17,0,10,13
/fr/3/library/threading.html,25,17,0,6,5
/fr/3/library/xml.etree.elementtree.html,25,17,0,8,5
/fr/3/library/cmath.html,24,13,100,11,29
/fr/3/library/compression.zstd.html,24,14,0,6,8
/fr/3/library/typing.html,24,15,0,9,2
/fr/3/reference/import.html,24,21,75,25,30
/fr/3/reference/lexical_analysis.html,24,18,100,82,15
/fr/3/tutorial/appendix.html,24,21,33,22,63
/fr/dev/installing/index.html,24,26,88,37,61
/fr/3/installing/index.html,23,19,70,32,52
/fr/3/library/curses.html,23,17,0,31,16
/fr/3/library/http.server.html,23,17,0,7,11
/fr/3/library/imaplib.html,23,14,100,7,11
/fr/3/library/mmap.html,23,14,0,7,16
/fr/3/library/operator.html,23,17,75,17,22
/fr/3/library/unittest.html,23,18,50,12,4
/fr/3/c-api/init.html,22,13,0,6,3
/fr/3/library/ast.html,22,15,67,13,5
/fr/3/library/logging.html,22,12,0,7,5
/fr/3/library/pickle.html,22,14,50,9,6
/fr/3/library/selectors.html,22,12,0,9,22
/fr/3/library/xml.dom.minidom.html,22,12,0,10,18
/fr/3/library/zipfile.html,22,11,0,7,7
/fr/3/contents.html,21,23,50,21,8
/fr/3/library/email.message.html,21,14,100,4,9
/fr/3/library/ipaddress.html,21,13,100,5,6
/fr/3/library/poplib.html,21,11,0,6,24
/fr/3/library/pyexpat.html,21,13,0,9,8
/fr/3/library/shlex.html,21,13,0,10,16
/fr/3/library/shutil.html,21,13,0,11,14
/fr/3/tutorial/venv.html,21,21,94,14,64
/fr/3/c-api/exceptions.html,20,13,0,8,5
/fr/3/c-api/tuple.html,20,10,0,8,23
/fr/3/howto/sockets.html,20,21,57,193,54
/fr/3/library/importlib.html,20,14,0,6,4
/fr/3/library/socketserver.html,20,12,0,6,10
/fr/3/library/tarfile.html,20,11,0,7,5
