name,visitors,pageviews,bounce_rate,time_on_page,scroll_depth
/es/3/tutorial/,647,821,59,41,54
/es/3/tutorial/interpreter.html,253,239,73,76,72
/es/3/tutorial/appetite.html,212,187,52,77,88
/es/3/tutorial/introduction.html,191,177,81,191,58
/es/3.15/using/windows.html,163,143,79,30,29
/es/3/tutorial/index.html,137,167,73,24,47
/es/3/library/tkinter.html,131,143,77,110,25
/es/3.14/,127,129,44,16,75
/es/3/tutorial/controlflow.html,118,124,73,194,42
/es/3/tutorial/datastructures.html,118,115,82,76,38
/es/3/,113,125,59,16,80
/es/3.14/tutorial/index.html,99,105,65,39,53
/es/3/library/index.html,89,95,70,38,44
/es/3/library/idle.html,70,76,76,22,23
/es/3/library/functions.html,65,74,60,161,39
/es/3/tutorial/venv.html,64,70,90,84,53
/es/3/library/stdtypes.html,56,63,76,91,23
/es/3/search.html,55,71,48,18,41
/es/3.14/search.html,52,78,50,17,41
/es/3/tutorial/classes.html,52,50,88,129,52
/es/3.14/tutorial/appetite.html,47,39,64,49,76
/es/3.14/tutorial/interpreter.html,47,39,92,96,65
/es/3/tutorial/modules.html,45,42,85,41,49
/es/3/glossary.html,44,40,71,30,38
/es/3.14/tutorial/controlflow.html,41,37,69,140,43
/es/3/tutorial/inputoutput.html,41,42,78,34,51
/es/3.14/tutorial/introduction.html,39,40,69,90,44
/es/3/tutorial/errors.html,38,40,83,29,44
/es/3.14/library/index.html,36,32,60,128,44
/es/3.14/library/stdtypes.html,36,34,50,116,37
/es/3/library/random.html,34,32,92,75,38
/es/3.14/library/functions.html,33,32,83,70,31
/es/3/library/math.html,33,41,79,99,33
/es/3.13/library/tkinter.html,32,33,92,124,43
/es/3.14/tutorial/,31,31,62,27,39
/es/3.13/tutorial/index.html,30,33,82,14,36
/es/3/library/argparse.html,30,30,82,63,39
/es/3/contents.html,28,25,58,15,13
/es/3/installing/index.html,28,29,91,42,63
/es/3/library/re.html,28,26,84,128,46
/es/3/tutorial/appendix.html,27,25,33,16,86
/es/3/library/venv.html,26,26,100,105,24
/es/3/library/json.html,25,22,69,73,18
/es/3.14/tutorial/datastructures.html,23,21,78,104,44
/es/3/tutorial/stdlib.html,22,18,60,110,74
/es/3.14/whatsnew/3.14.html,21,23,60,20,5
/es/3/library/datetime.html,21,19,100,31,38
/es/3/using/cmdline.html,21,23,75,105,45
/es/3.13/library/functions.html,20,19,93,45,34
/es/3.13/tutorial/inputoutput.html,20,20,87,35,23
/es/3.14/reference/index.html,20,16,0,223,61
/es/3/reference/index.html,20,18,56,73,56
/es/3.13/tutorial/datastructures.html,19,20,73,82,39
/es/3/library/string.html,19,20,88,53,19
/es/3/using/windows.html,19,17,82,15,21
/es/3.13/tutorial/venv.html,18,18,100,36,55
/es/3.13/library/re.html,17,19,79,14,18
/es/3.14/using/windows.html,17,15,67,80,21
/es/3.15/search.html,17,19,33,17,88
/es/3/library/csv.html,17,19,87,48,39
/es/3/library/shutil.html,17,20,86,105,32
/es/3/tutorial/stdlib2.html,17,17,100,22,70
/es/3.14/index.html,16,14,67,14,65
/es/3/library/exceptions.html,16,19,80,16,39
/es/3/library/pathlib.html,16,14,100,81,16
/es/3/library/statistics.html,16,15,100,22,30
/es/3.13/library/index.html,15,40,70,26,28
/es/3.13/library/stdtypes.html,15,15,78,81,28
/es/3.14/py-modindex.html,15,15,0,16,44
/es/3/howto/regex.html,15,17,93,61,28
/es/3/whatsnew/3.14.html,15,13,75,53,20
/es/3.13/library/datetime.html,14,15,92,11,6
/es/3.13/tutorial/interpreter.html,14,14,89,74,66
/es/3.13/tutorial/introduction.html,14,13,64,110,52
/es/3.14/library/datetime.html,14,14,100,228,22
/es/3.13/library/tk.html,13,13,75,30,48
/es/3.13/tutorial/controlflow.html,13,15,100,677,49
/es/3.14/contents.html,13,15,100,19,3
/es/3/reference/import.html,13,13,100,35,34
/es/3.14/glossary.html,12,12,100,26,27
/es/3.14/reference/compound_stmts.html,12,10,100,127,37
/es/3/library/base64.html,12,11,89,99,42
/es/3/reference/compound_stmts.html,12,15,71,45,6
/es/3.13/library/idle.html,11,13,60,36,36
/es/3.13/tutorial/classes.html,11,13,78,73,36
/es/3/index.html,11,11,50,9,70
/es/3/library/datatypes.html,11,10,67,133,56
/es/3/whatsnew/index.html,11,10,83,4,7
/es/dev/tutorial/controlflow.html,11,13,90,185,45
/es/3.13/index.html,10,18,71,314,65
/es/3.13/search.html,10,15,100,13,66
/es/3.14/reference/expressions.html,10,7,0,82,34
/es/3.14/using/index.html,10,12,62,24,69
/es/3/library/urllib.parse.html,10,10,75,136,40
/es/3.12/tutorial/controlflow.html,9,9,80,25,62
/es/3.12/tutorial/index.html,9,10,88,142,40
/es/3.13/,9,11,86,3,71
/es/3.13/tutorial/modules.html,9,9,100,261,86
/es/3.13/using/windows.html,9,9,71,159,47
/es/3.14/library/turtle.html,9,12,100,312,44
