name,visitors
United States,445
China,332
India,151
Germany,93
Japan,88
Singapore,88
United Kingdom,77
Brazil,63
Hong Kong,58
France,57
Russian Federation,56
Canada,40
Australia,33
Ireland,32
South Korea,32
Poland,28
Sweden,28
Spain,27
Netherlands,27
Italy,25
Vietnam,25
Switzerland,21
Colombia,21
Taiwan,20
Belgium,18
Norway,18
Mexico,17
Ukraine,17
Czechia,15
Finland,15
Indonesia,12
Israel,12
Portugal,12
Argentina,11
Iran,11
Thailand,11
Nigeria,10
Pakistan,9
Philippines,8
Austria,7
Georgia,7
Turkey,7
Chile,6
Estonia,6
South Africa,6
Bulgaria,5
Denmark,5
Hungary,5
United Arab Emirates,4
Kazakhstan,4
Malaysia,4
Serbia,4
Belarus,3
Côte d'Ivoire,3
Cuba,3
Egypt,3
Guatemala,3
Kenya,3
Luxembourg,3
Mongolia,3
Malta,3
New Zealand,3
Rwanda,3
Slovakia,3
Uzbekistan,3
Armenia,2
Bolivia,2
Algeria,2
Guinea,2
Greece,2
Iceland,2
Mozambique,2
Yemen,2
Angola,1
Bangladesh,1
Burkina Faso,1
Bahamas,1
Dominican Republic,1
Ethiopia,1
Jamaica,1
Lithuania,1
Latvia,1
Malawi,1
Peru,1
Saudi Arabia,1
Slovenia,1
Senegal,1
El Salvador,1
Uruguay,1
Venezuela,1
Zimbabwe,1
