name,visitors
Tokyo,849
Kanagawa,271
Osaka,163
Shandong,137
Guangdong,129
Chiba,104
Saitama,99
Aichi,93
Zhejiang,87
Fukuoka,80
Sichuan,79
Jiangsu,74
Henan,71
Hyogo,62
Hebei,60
Shanghai,48
Kyoto,47
Shaanxi,46
Hiroshima,45
Hokkaido,42
Anhui,38
Ibaraki,37
Tianjin,36
Liaoning,31
Beijing,29
Guangxi,29
Hunan,28
Fujian,27
Hubei,27
Guizhou,23
Shizuoka,23
Jilin,22
Miyagi,22
Gansu,21
Heilongjiang,19
Yunnan,19
Niigata,19
Nagano,19
Chongqing,18
Shiga,17
Tochigi,16
Shanxi,15
Xinjiang,15
Gunma,15
Kumamoto,14
Nagasaki,13
Ishikawa,12
Yamanashi,12
Kagoshima,11
Fukui,10
Gifu,10
Mie,10
Kagawa,10
Oita,10
Okinawa,10
Ehime,9
Fukushima,8
Nara,8
Jiangxi,7
Inner Mongolia,7
California,7
Toyama,6
Wakayama,6
Okayama,6
Yamaguchi,6
Iwate,5
Akita,5
Yamagata,5
Tokushima,5
Hainan,4
Aomori,4
Maharashtra,3
Tottori,3
Kochi,3
Yangon,3
North Rhine-Westphalia,2
England,2
Shimane,2
Miyazaki,2
Silesia,2
Bangkok,2
Taipei,2
Salta,1
Ningxia,1
Berlin,1
Hesse,1
Auvergne-Rhône-Alpes,1
Seoul,1
Gyeonggi,1
Ebonyi,1
South Holland,1
Panamá,1
Metro Manila,1
Perm Krai,1
Dar es Salaam,1
Colorado,1
Hanoi,1
