name,visitors
Chrome,5984
Microsoft Edge,1106
Safari,681
Firefox,648
Opera,239
Yandex Browser,173
Mobile App,82
Smart Lenovo Browser,18
Samsung Browser,15
Quark,13
QQ Browser,11
(not set),9
Sogou Explorer,8
360 Secure Browser,5
Avast Secure Browser,5
Brave,5
Whale Browser,5
Norton Private Browser,4
115 Browser,3
Ecosia,3
Huawei Browser Mobile,3
Kindle Browser,3
vivo Browser,3
Falkon,2
MIUI Browser,2
Internet Explorer,1
Mobile Silk,1
Opera Touch,1
QtWebEngine,1
Steam In-Game Overlay,1
