name,unique_entrances,total_entrances,visit_duration
/3/,12119,12464,159
/3/library/venv.html,6467,6605,39
/3/library/functions.html,5905,6131,118
/3/library/stdtypes.html,5400,5685,135
/3/library/datetime.html,4644,4824,85
/3/tutorial/index.html,4636,4802,177
/3/library/re.html,3219,3349,91
/3/tutorial/datastructures.html,3183,3312,118
/3/library/typing.html,3147,3250,99
/3/tutorial/,2901,3124,132
/3/library/index.html,2690,2812,169
/3/library/logging.html,2600,2682,133
/3/library/idle.html,2563,2610,42
/3/library/tkinter.html,2544,2623,71
/3/library/argparse.html,2463,2545,122
/3/library/csv.html,2439,2528,85
/3/library/pathlib.html,2168,2233,110
/3/search.html,2041,2175,249
/3/library/turtle.html,2022,2206,109
/3/library/random.html,2021,2076,64
/3/library/subprocess.html,1991,2095,121
/3/library/dataclasses.html,1941,1998,102
/3/library/exceptions.html,1844,1902,82
/3/tutorial/errors.html,1843,1887,93
/3/tutorial/controlflow.html,1762,1861,147
/3/library/os.html,1730,1771,126
/3/library/collections.html,1606,1646,109
/3/library/multiprocessing.html,1594,1685,172
/3/library/math.html,1514,1566,82
/3/tutorial/classes.html,1506,1573,128
/3/library/itertools.html,1470,1530,94
/3/library/unittest.mock.html,1436,1522,131
/3/library/json.html,1403,1439,92
/3/tutorial/inputoutput.html,1317,1354,118
/3/library/unittest.html,1297,1343,93
/3/library/asyncio-task.html,1277,1329,132
/3/library/asyncio.html,1259,1299,169
/3/library/enum.html,1243,1276,130
/3/library/threading.html,1225,1258,156
/3/library/time.html,1185,1211,88
/3/library/functools.html,1172,1199,119
/3/library/string.html,1154,1178,113
/3/library/os.path.html,1116,1141,121
/3/tutorial/modules.html,1114,1140,121
/3/library/sqlite3.html,1112,1152,83
/3/tutorial/introduction.html,1088,1156,207
/3/library/concurrent.futures.html,1017,1059,116
/3/library/xml.etree.elementtree.html,975,1045,119
/3/tutorial/venv.html,973,989,60
/3/using/windows.html,900,918,70
/3/library/socket.html,881,931,158
/3/howto/logging.html,872,900,147
/3/reference/datamodel.html,832,861,149
/3/tutorial/interpreter.html,816,843,171
/3/library/pickle.html,815,841,61
/3/glossary.html,801,821,228
/3/howto/sorting.html,787,804,98
/3/library/heapq.html,776,802,74
/3/library/struct.html,744,774,104
/3/library/shutil.html,737,757,81
/3/library/tempfile.html,711,730,98
/3/installing/index.html,707,714,54
/3/whatsnew/3.13.html,706,721,151
/3/reference/expressions.html,702,716,103
/3/library/pdb.html,701,716,73
/3/library/sys.html,698,716,136
/3/py-modindex.html,631,659,109
/3/using/mac.html,631,640,80
/3/library/urllib.parse.html,616,633,81
/3/tutorial/appetite.html,602,617,259
/3/library/hashlib.html,578,595,115
/3/library/io.html,577,590,160
/3/library/abc.html,575,586,87
/es/3/tutorial/,564,590,156
/3/library/contextlib.html,546,552,136
/3/library/configparser.html,545,567,138
/3/library/zipfile.html,545,563,141
/3/library/copy.html,533,538,103
/3/howto/regex.html,531,553,93
/3/reference/index.html,526,544,206
/zh-cn/3/,505,526,177
/3/library/glob.html,497,505,129
/3/library/asyncio-eventloop.html,471,483,227
/3/reference/import.html,469,478,62
/3/library/,468,500,140
/3/library/pprint.html,460,465,82
/3/using/cmdline.html,457,462,117
/zh-cn/3/tutorial/index.html,456,478,213
/3/library/queue.html,445,464,137
/3/library/http.server.html,440,451,104
/3/contents.html,411,430,336
/3/library/operator.html,406,413,102
/3/library/profile.html,396,417,115
/3/library/ast.html,385,394,89
/3/library/smtplib.html,384,400,79
/3/reference/compound_stmts.html,384,398,163
/3/library/ctypes.html,372,384,158
/3/library/uuid.html,372,378,99
/3/tutorial/floatingpoint.html,363,371,54
/3/library/logging.handlers.html,343,353,147
/3/library/decimal.html,342,351,50
/3/reference/lexical_analysis.html,332,341,118
/3/library/difflib.html,329,339,62
/3/library/importlib.html,321,330,183
/3/library/codecs.html,320,327,109
/3/library/warnings.html,316,326,83
/3/license.html,316,319,52
/3/library/collections.abc.html,314,326,139
/3/index.html,308,323,249
/3/download.html,295,297,96
/3/library/traceback.html,294,297,114
/3/howto/argparse.html,293,301,127
/3/library/ssl.html,291,303,152
/3/howto/enum.html,289,296,119
/3/library/ensurepip.html,277,280,39
/ja/3/library/codecs.html,277,282,22
/3/reference/simple_stmts.html,270,272,123
/3/library/urllib.request.html,261,264,160
/3/library/timeit.html,255,262,70
/3/library/base64.html,254,256,84
/3/howto/logging-cookbook.html,253,262,180
/3/library/ipaddress.html,252,262,112
/3/library/bisect.html,240,251,68
/3/library/webbrowser.html,237,241,188
/3/library/inspect.html,233,241,176
/3/library/__main__.html,232,236,126
/zh-cn/3/library/index.html,231,247,220
/3/library/tkinter.ttk.html,227,237,87
/3/whatsnew/3.12.html,225,228,85
/3/library/secrets.html,212,217,69
/3/library/array.html,207,212,102
/3/howto/unicode.html,203,209,141
/3/using/index.html,201,202,174
/3/library/tk.html,200,210,70
/3/library/types.html,198,201,160
/3/library/contextvars.html,197,204,63
/3/library/logging.config.html,196,205,181
/3/using/android.html,195,197,54
/3/library/email.examples.html,190,192,95
/3/library/textwrap.html,190,194,70
/3/library/asyncio-sync.html,187,198,144
/3/library/html.parser.html,185,191,82
/3/library/urllib.html,185,187,135
/3/faq/,183,186,87
/3/library/statistics.html,183,189,85
/3/extending/extending.html,179,186,162
/3/library/gc.html,179,185,112
/3/library/zoneinfo.html,177,179,183
/3/library/asyncio-queue.html,173,182,131
/3/library/tomllib.html,173,178,201
/3/library/constants.html,164,164,115
/3/library/signal.html,161,162,223
/3/library/tarfile.html,161,168,99
/3/library/dialog.html,158,160,164
/3/library/http.client.html,157,160,53
/3/library/calendar.html,149,152,76
/3/library/tkinter.messagebox.html,148,150,153
/3/library/gzip.html,144,145,131
/3/howto/curses.html,142,146,134
/fr/3/tutorial/,142,145,140
/3/c-api/index.html,141,144,371
/pt-br/3/,140,141,185
/es/3/tutorial/index.html,135,141,176
/3/library/http.html,130,132,100
/zh-cn/3/tutorial/,130,134,187
/3/library/fnmatch.html,128,129,34
/3/library/pydoc.html,128,133,119
/uk/3/reference/compound_stmts.html,128,129,19
/3/howto/a-conceptual-overview-of-asyncio.html,127,134,260
/ja/3/,127,144,197
/3/faq/windows.html,125,126,66
/3/library/asyncio-stream.html,125,128,193
/3/howto/sockets.html,124,127,128
/3/library/doctest.html,124,126,124
/3/library/shlex.html,122,124,105
/3/library/filesys.html,121,123,163
/3/library/asyncio-future.html,120,121,247
/3/library/getpass.html,118,119,90
/zh-cn/3/using/mac.html,116,117,50
/3/library/importlib.resources.html,114,118,196
/3/howto/descriptor.html,113,116,50
/3/library/ftplib.html,112,118,60
/3/whatsnew/3.8.html,112,113,50
/zh-cn/3/library/functions.html,112,117,176
/3/library/datatypes.html,109,112,85
/3/library/curses.html,107,109,58
/3/library/multiprocessing.shared_memory.html,106,110,234
/3/library/tracemalloc.html,106,108,137
/3/library/zlib.html,106,109,135
/3/faq/programming.html,103,113,108
/3/library/distutils.html,102,102,63
/3/library/unittest.mock-examples.html,101,101,189
/3/library/asyncio-runner.html,100,102,128
/3/using/unix.html,100,100,70
/pt-br/3/tutorial/index.html,100,111,131
/3/library/mimetypes.html,99,102,87
/3/library/__future__.html,98,98,147
/3/tutorial/stdlib.html,98,98,420
/3/library/asyncio-subprocess.html,96,98,253
/3/library/importlib.metadata.html,96,99,95
/3/whatsnew/3.11.html,96,125,414
/ko/3/tutorial/index.html,96,99,73
/3.13/tutorial/index.html,94,94,601
/3/howto/functional.html,93,96,174
/3/faq/general.html,92,95,47
/3/library/atexit.html,92,94,76
/3/library/socketserver.html,91,96,254
/3/whatsnew/index.html,90,96,226
/zh-cn/3/library/turtle.html,90,94,180
/3.13/,89,89,450
/3/library/intro.html,89,93,257
/3/whatsnew/3.10.html,89,89,153
/3/library/site.html,88,89,77
/es/3/tutorial/introduction.html,87,91,89
/ja/3.13/c-api/capsule.html,85,85,66
/3/howto/free-threading-python.html,84,86,45
/3/howto/annotations.html,83,84,31
/3/library/imaplib.html,83,86,203
/3/whatsnew/changelog.html,83,87,72
/zh-cn/3/tutorial/introduction.html,83,88,273
/3/library/stat.html,82,85,247
/3/c-api/memory.html,81,83,80
/zh-cn/3/tutorial/controlflow.html,81,87,184
/3/library/select.html,80,82,84
/3/library/asyncio-dev.html,78,81,170
/3/howto/index.html,76,81,328
/3/library/filecmp.html,76,79,51
/zh-cn/3/library/math.html,76,81,82
/3/library/mmap.html,74,79,51
/3/library/unicodedata.html,74,76,108
/3/library/fractions.html,73,73,110
/3/extending/embedding.html,72,74,40
/3/library/cmath.html,72,72,48
/3/library/weakref.html,72,72,163
/3/using/ios.html,72,73,27
/3/library/zipimport.html,71,71,106
/ja/3/library/functions.html,71,77,84
/3/library/binascii.html,70,71,86
/3/library/xml.html,70,70,138
/3/library/platform.html,69,70,115
/3/library/optparse.html,68,69,237
/3/c-api/init.html,66,66,379
/3/library/cmd.html,66,72,173
/ja/3/c-api/import.html,66,66,17
/uk/3/tutorial/errors.html,66,67,7
/3/library/locale.html,65,67,76
/3/library/py_compile.html,65,65,57
/3/library/email.mime.html,64,66,125
/3/library/sched.html,64,68,80
/zh-cn/3/library/idle.html,64,65,26
/3/library/sys_path_init.html,63,64,321
/3/reference/grammar.html,63,66,92
/es/3/tutorial/appetite.html,63,64,230
/ja/3/tutorial/,62,69,213
/3/tutorial/stdlib2.html,61,67,100
/3/library/concurrency.html,60,60,246
/3/reference/introduction.html,60,61,487
/zh-cn/3/tutorial/inputoutput.html,59,60,226
/3/library/email.html,58,60,174
/3/howto/mro.html,57,58,54
/3/library/dis.html,57,62,167
/3/library/wave.html,57,59,29
/zh-cn/3/library/multiprocessing.html,57,60,103
/zh-cn/3/reference/index.html,57,58,219
/zh-cn/3/tutorial/interpreter.html,57,58,162
/ja/3/tutorial/index.html,56,61,176
/zh-tw/3/tutorial/index.html,56,60,58
/es/3/tutorial/controlflow.html,55,67,25
/3/genindex-Symbols.html,54,56,110
/3/library/fcntl.html,54,54,40
/3/library/hmac.html,54,54,103
/3/reference/,54,55,378
/3/library/html.html,53,53,51
/3/using/configure.html,53,53,110
/3/c-api/arg.html,52,56,427
/3/c-api/intro.html,52,53,175
/zh-cn/3/tutorial/appetite.html,52,55,161
/3/library/telnetlib.html,51,51,79
/es/3/tutorial/interpreter.html,51,51,178
/zh-cn/3/using/windows.html,51,51,68
/zh-cn/3/library/stdtypes.html,50,53,140
/3/library/email.parser.html,49,49,317
/3/c-api/buffer.html,48,50,182
/3/library/trace.html,48,48,41
/3/library/zipapp.html,48,49,49
/es/3/tutorial/datastructures.html,48,50,272
/zh-cn/3/search.html,48,49,129
/3/extending/index.html,47,48,246
/3/library/winsound.html,47,48,18
/3/whatsnew/3.9.html,47,50,183
/ja/3/library/stdtypes.html,47,48,57
/3.13/using/windows.html,46,46,731
/3.14/whatsnew/3.14.html,46,46,920
/3/library/email.message.html,46,47,158
/3/library/gettext.html,46,49,67
/3/library/shelve.html,46,48,49
/zh-cn/3/tutorial/datastructures.html,46,51,144
/es/3/,45,52,278
/zh-cn/3/index.html,45,47,449
/zh-cn/3/installing/index.html,45,45,42
