name,visitors,bounce_rate,visit_duration
Direct / None,4844,87,50
Google,3372,87,41
python.org,1395,84,21
docs.python.org,799,77,54
Bing,331,90,32
DuckDuckGo,202,80,58
GitHub,189,85,26
Yandex,139,92,35
devguide.python.org,122,72,87
Brave,99,93,7
boot.dev,90,95,4
Reddit,68,87,35
chatgpt.com,65,70,102
docs.astral.sh,60,85,109
discuss.python.org,58,76,102
pypi.org,47,98,5
efundi.nwu.ac.za,41,85,308
Microsoft Teams,40,95,5
udemy.com,39,98,0
packaging.python.org,34,65,76
netacad.com,30,100,0
typing.python.org,29,83,64
realpython.com,28,90,66
Ecosia,26,93,57
codecademy.com,26,100,0
LinkedIn,21,95,2
pythoninsider.blogspot.com,21,86,26
cs50.harvard.edu,15,93,3
openclassrooms.com,15,73,41
s3.eu-west-1.amazonaws.com,15,80,101
docs.sqlalchemy.org,13,93,53
numpydoc.readthedocs.io,13,77,63
Yahoo!,12,92,18
claude.ai,12,58,74
cs50.readthedocs.io,12,100,0
setuptools.pypa.io,12,75,4
psycopg.org,11,91,22
qiita.com,11,91,1
kagi.com,10,80,130
edube.org,9,100,0
habr.com,8,100,0
learn.snhu.edu,8,100,0
pip.pypa.io,8,88,139
Qwant,7,100,0
lms-kpitacademy.kpit.com,7,57,10
maharatech.gov.eg,7,100,0
python-academy.org,7,100,0
softserve.academy,7,80,4
static.plataforma.grupoa.education,7,57,3
utnfravirtual.org.ar,7,86,1
Perplexity,6,50,44
automatetheboringstuff.com,6,83,7
docs.renovatebot.com,6,100,0
elearn.epam.com,6,100,0
elearning.unideb.hu,6,83,139
google.github.io,6,83,118
mypy.readthedocs.io,6,100,0
Amazon,5,100,0
Slack,5,100,0
Wikipedia,5,80,1
aulaglobal.uc3m.es,5,100,0
bitbucket.org,5,60,443
coursemology.org,5,100,0
cs.rit.edu,5,60,321
docs.pydantic.dev,5,80,89
medium.com,5,100,0
metanit.com,5,100,0
notebooks.githubusercontent.com,5,100,0
numpy.org,5,60,153
palletsprojects.com,5,100,0
Facebook,4,100,0
StackOverflow,4,100,0
Youtube,4,75,2
bits.logic.inc,4,75,10
cms.unir.net,4,75,18
courses.baobabplatform.org,4,75,76
developer.cisco.com,4,100,0
docs.brew.sh,4,50,113
dodona.be,4,100,0
exam.sanand.workers.dev,4,100,0
fishc.com.cn,4,100,0
freecodecamp.org,4,75,21
kennesaw.view.usg.edu,4,100,0
pydevtools.com,4,100,0
pymysql.readthedocs.io,4,75,28
python-poetry.org,4,75,3
ru.hexlet.io,4,100,0
softwareengineering.stackexchange.com,4,100,0
typing-extensions.readthedocs.io,4,25,92
wiki.cambricon.com,4,0,496
Hacker News,3,100,0
aedt.docs.pyansys.com,3,100,0
antonio-one.dev,3,100,0
app.masterschool.com,3,100,0
aprendepython.es,3,100,0
boto3.amazonaws.com,3,100,0
chromium.googlesource.com,3,33,71
cursos.alura.com.br,3,100,0
dataquest.io,3,33,51
docs.aiogram.dev,3,100,0
flake8rules.com,3,100,0
forums.raspberrypi.com,3,100,0
hackerrank.com,3,100,0
inventwithpython.com,3,67,4
learn.microsoft.com,3,100,0
notion.so,3,67,2
pdoc3.github.io,3,100,0
pep8-ja.readthedocs.io,3,0,1290
pylint.readthedocs.io,3,100,0
pythonic-exam.com,3,100,0
pythonwheels.com,3,100,0
pythonzen-pep8-exam.com,3,67,11
qianwen.com,3,100,0
snarky.ca,3,67,6
sphinx-doc.org,3,100,0
stashblue.ms.com,3,100,0
studentlogin.coloradotech.edu,3,100,0
ucilnica.fmf.uni-lj.si,3,67,7
wsgi.readthedocs.io,3,100,0
192.168.0.73,2,100,0
Baidu,2,100,0
Gmail,2,100,0
alembic.sqlalchemy.org,2,50,4
asgi.readthedocs.io,2,100,0
astral.sh,2,50,53
bbgithub.dev.bloomberg.com,2,100,0
benhoyt.com,2,33,508
bitbucket.cib.echonet,2,100,0
blog.nilenso.com,2,50,38
bottlepy.org,2,100,0
c.biancheng.net,2,100,0
code-basics.com,2,100,0
codeit.kr,2,50,3
confluence.deere.com,2,100,0
copilot.com,2,100,0
courses.edx.org,2,100,0
cython.readthedocs.io,2,100,0
dagster.io,2,100,0
docs.pex-tool.org,2,100,0
docs.pytest.org,2,100,0
docs.python-guide.org,2,100,0
docs.snowflake.com,2,100,0
docs.yoctoproject.org,2,100,0
docutils.sourceforge.io,2,0,54
doubao.com,2,100,0
dust.int.automotive-wan.com,2,100,0
ellibrodepython.com,2,100,0
emgithub.com,2,100,0
forums.ankiweb.net,2,100,0
galaxy-iuc-standards.readthedocs.io,2,100,0
galileo-sptcol.online,2,100,0
hatch.pypa.io,2,100,0
help.sonatype.com,2,100,0
howkteam.vn,2,100,0
hugovk.dev,2,50,146
hydro.ac,2,50,37
ilkerarslan.github.io,2,50,2
jhancock-us.atlassian.net,2,100,0
jupyterhub.wm.edu,2,100,0
link.csdn.net,2,100,0
link.segmentfault.com,2,100,0
lms.skillfactory.ru,2,100,0
mentor.khai.edu,2,100,0
microsoft.github.io,2,50,2
moodle.chisholm.edu.au,2,100,0
moodle.sou.edu,2,100,0
moodle.taltech.ee,2,50,8
netology-university.bitbucket.io,2,100,0
nicholashairs.com,2,100,0
note.nkmk.me,2,50,22
oembeditslearning.com,2,100,0
ofs-772ac04ac155ab4927d0d80f0b0a9ef4.read.overdrive.com,2,50,110
openwebinars.net,2,0,47
pixi.prefix.dev,2,100,0
pycoders.com,2,100,0
python3.info,2,100,0
pythonexercises.rozh2sch.org.ua,2,100,0
qubika.atlassian.net,2,100,0
reflexaerospace.atlassian.net,2,100,0
renpy.org,2,100,0
rol.redhat.com,2,33,680
server0.vtraining.net,2,100,0
skillbox.ru,2,100,0
storage.googleapis.com,2,100,0
strickland1.org,2,50,3
tlzprod.dut.ac.za,2,100,0
tss.co.ua,2,100,0
turingtaco.com,2,100,0
uvirtual.udemedellin.edu.co,2,100,0
webinstall.dev,2,100,0
wiki.ms.com,2,50,6
wiki.python.org,2,50,0
wiki.tools.nykredit.it,2,33,70
10.166.176.9,1,100,0
127.0.0.1,1,100,0
Django_Newsletter_243,1,100,0
Naver,1,100,0
Twitter,1,100,0
Vkontakte,1,100,0
a10649-1182006.cluster201.canvas-user-content.com,1,100,0
adsharma.github.io,1,100,0
aeturrell.github.io,1,100,0
ai8py.com,1,100,0
albertyw.com,1,100,0
alkira-vic.compass.education,1,100,0
alm-confluence.systems.uk.hsbc,1,100,0
alm-github.systems.uk.hsbc,1,100,0
altx.co.jp,1,0,69
alysivji.com,1,100,0
android-app://org.joinmastodon.android,1,100,0
anteagroup.sharepoint.com,1,100,0
apollo.inf.upol.cz,1,100,0
app.codica.la,1,100,0
app.dataquest.io,1,100,0
app.datawars.io,1,100,0
app.pathstream.com,1,100,0
assets.scormproxy.com,1,100,0
atc.bmwgroup.net,1,100,0
athena.jpmchase.net,1,100,0
atlasus-ai.atlassian.net,1,100,0
attrs.org,1,100,0
aula-virtual.unav.edu,1,100,0
automaticaddison.com,1,100,0
away.vk.ru,1,100,0
basque.devcamp.com,1,100,0
bazel.build,1,100,0
bitbucket-mut.mycloud.intrabpce.fr,1,100,0
bitbucket-vs.esg-gmbh.de,1,100,0
bitbucket.optoss.net,1,100,0
bitbucket.tc.lenovo.com,1,0,4
black.readthedocs.io,1,0,19
blog.claudiojolowicz.com,1,100,0
blog.frankel.ch,1,100,0
blog.glyph.im,1,100,0
blog.gtank.cc,1,0,1
blog.jp.square-enix.com,1,100,0
blog.naver.com,1,100,0
blog.python.org,1,0,237
blu3r4y.github.io,1,100,0
blyce.atlassian.net,1,100,0
books.googleusercontent.com,1,100,0
brightspace.algonquincollege.com,1,100,0
bugs.python.org,1,100,0
c.1440.space,1,100,0
c.yadro.com,1,100,0
calculist.blogspot.com,1,100,0
campusvirtual.uclm.es,1,100,0
canva.com,1,100,0
canvas.harvard.edu,1,100,0
canvas.hull.ac.uk,1,0,569
canvas.oregonstate.edu,1,100,0
canvas.ucdavis.edu,1,100,0
canvas.umn.edu,1,100,0
canvas.uw.edu,1,100,0
cc-github.bmwgroup.net,1,100,0
cgi.cse.unsw.edu.au,1,100,0
cglearning.udemy.com,1,100,0
chat.dzbank.vrnet,1,0,0
chatbot.microchip.com,1,100,0
chatbot.sqpc.sqrpnt.com,1,100,0
circuit.cisco.com,1,100,0
clvlabs.github.io,1,100,0
code.djangoproject.com,1,100,0
code.paychex.com,1,100,0
codecademy-enterprise.percipio.com,1,100,0
codecademy-eu.percipio.com,1,100,0
codewars.com,1,100,0
codingtemple.disco.co,1,100,0
commitizen-tools.github.io,1,100,0
community.denodo.com,1,100,0
confluence.airbus.corp,1,100,0
confluence.belastingdienst.nl,1,100,0
confluence.cern.ch,1,100,0
confluence.ci.duke-energy.app,1,100,0
confluence.ea.com,1,0,400
confluence.fmr.com,1,100,0
confluence.intranet.commerzbank.com,1,100,0
confluence.intranet.db.com,1,100,0
confluence.prod.aws.jpmchase.net,1,100,0
confluence.schwab.com,1,100,0
confluence.webapp.sdst.sbaintern.de,1,50,428
confluence.wellsfargo.net,1,100,0
confluence.work.gs.com,1,100,0
confluencewikiprod.intra.infineon.com,1,0,84
connect.raspberrypi.com,1,100,0
context7.com,1,100,0
continental-tires.udemy.com,1,100,0
conventions.kraken.guide,1,0,15
copier.readthedocs.io,1,100,0
copilot.microsoft.com,1,100,0
courses.campus.gov.il,1,100,0
courses.funix.edu.vn,1,100,0
courses.openedu.urfu.ru,1,100,0
cratedb.com,1,100,0
crowdstrike.com,1,100,0
cs.princeton.edu,1,0,468
cs.toronto.edu,1,100,0
cs210-spring-am.cs.rutgers.edu,1,100,0
csound.com,1,100,0
curiousefficiency.org,1,100,0
