property,value,visitors,events,percentage
url,(none),9212,19901,99.7
url,https://www.python.org/,187,206,2.0
url,https://github.com/python/cpython/tree/3.13/Lib/idlelib/,17,21,0.2
url,https://pypi.org/,14,16,0.2
url,https://github.com/python/cpython/tree/3.13/Lib/turtle.py,13,18,0.1
url,https://www.tkdocs.com/shipman/,10,12,0.1
url,https://tkdocs.com/,9,9,0.1
url,https://www.python.org/downloads/,9,9,0.1
url,https://github.com/python/cpython/tree/3.13/Lib/tkinter/__init__.py,7,8,0.1
url,https://packaging.python.org/,7,7,0.1
url,https://en.wikipedia.org/wiki/Turtle_(robot),5,6,0.1
url,https://www.tcl.tk/man/tcl8.6/TkCmd/contents.htm,5,6,0.1
url,https://peps.python.org/pep-0008/,4,4,0.0
url,https://www.python.org/downloads/macos/,4,5,0.0
url,https://briefcase.readthedocs.io/,3,3,0.0
url,https://chaquo.com/chaquopy,3,4,0.0
url,https://github.com/pvieito/PythonKit,3,3,0.0
url,https://packaging.python.org/extensions/,3,3,0.0
url,https://packaging.python.org/installing/#creating-virtual-environments,3,4,0.0
url,https://peps.python.org/,3,3,0.0
url,https://peps.python.org/pep-0397/,3,4,0.0
url,https://cython.org/,2,2,0.0
url,https://devguide.python.org/,2,2,0.0
url,https://gist.github.com/vsajip/4673395,2,2,0.0
url,https://github.com/python/cpython/blob/main/Doc/tutorial/index.rst,2,3,0.0
url,https://packaging.python.org/en/latest/tutorials/installing-packages/#ensure-pip-setuptools-and-wheel-are-up-to-date,2,2,0.0
url,https://packaging.python.org/en/latest/tutorials/packaging-projects/,2,2,0.0
url,https://peps.python.org/pep-0420/,2,2,0.0
url,https://pypi.org/project/regex/,2,2,0.0
url,https://rhettinger.wordpress.com/2011/05/26/super-considered-super/,2,2,0.0
url,https://wiki.python.org/moin/GuiProgramming,2,2,0.0
url,https://wiki.python.org/moin/IntegratedDevelopmentEnvironments,2,2,0.0
url,https://wiki.python.org/moin/PythonEditors,2,2,0.0
url,https://www.python.org/doc/versions/,2,2,0.0
url,https://beeware.org/,1,2,0.0
url,https://devguide.python.org/documentation/help-documenting/,1,1,0.0
url,https://en.wikipedia.org/wiki/Error_function,1,1,0.0
url,https://en.wikipedia.org/wiki/Fibonacci_sequence,1,2,0.0
url,https://en.wikipedia.org/wiki/Path_(computing)#UNC,1,1,0.0
url,https://en.wikipedia.org/wiki/Timsort,1,1,0.0
url,https://en.wikipedia.org/wiki/Transpose,1,1,0.0
url,https://en.wikipedia.org/wiki/Universal_binary,1,1,0.0
url,https://en.wikipedia.org/wiki/XML_namespace,1,2,0.0
url,https://github.com/python/cpython/blob/main/Doc/library/asyncio.rst,1,1,0.0
url,https://github.com/python/cpython/blob/main/Doc/library/tkinter.rst,1,1,0.0
url,https://github.com/python/cpython/blob/main/Doc/reference/index.rst,1,1,0.0
url,https://github.com/python/cpython/blob/main/Doc/tutorial/classes.rst,1,1,0.0
url,https://github.com/python/cpython/blob/main/Doc/tutorial/datastructures.rst,1,1,0.0
url,https://github.com/python/cpython/blob/main/Doc/tutorial/interpreter.rst,1,1,0.0
url,https://github.com/python/cpython/issues/107944,1,1,0.0
url,https://github.com/python/cpython/issues/112936,1,1,0.0
url,https://github.com/python/cpython/issues/133823,1,1,0.0
url,https://github.com/python/cpython/tree/3.13/Lib/codeop.py,1,1,0.0
url,https://github.com/python/cpython/tree/3.13/Lib/enum.py,1,1,0.0
url,https://github.com/python/cpython/tree/3.13/Lib/genericpath.py,1,1,0.0
url,https://github.com/python/cpython/tree/3.13/Lib/html/__init__.py,1,1,0.0
url,https://github.com/python/cpython/tree/3.13/Lib/idlelib,1,2,0.0
url,https://github.com/python/cpython/tree/3.13/Lib/io.py,1,1,0.0
url,https://github.com/python/cpython/tree/3.13/Lib/logging/config.py,1,1,0.0
url,https://github.com/python/cpython/tree/3.13/Lib/os.py,1,1,0.0
url,https://github.com/python/cpython/tree/3.13/Lib/pathlib/,1,1,0.0
url,https://github.com/python/cpython/tree/3.13/Lib/secrets.py,1,1,0.0
url,https://github.com/python/cpython/tree/3.13/Lib/statistics.py,1,1,0.0
url,https://github.com/python/cpython/tree/3.13/Lib/struct.py,1,1,0.0
url,https://github.com/python/cpython/tree/3.13/Lib/test/test_generators.py,1,1,0.0
url,https://github.com/python/cpython/tree/3.13/Lib/tkinter/scrolledtext.py,1,1,0.0
url,https://github.com/python/cpython/tree/3.13/Lib/typing.py,1,2,0.0
url,https://github.com/python/cpython/tree/3.13/Lib/unittest/__init__.py,1,1,0.0
url,https://github.com/python/cpython/tree/3.13/Mac/Resources/app-store-compliance.patch,1,1,0.0
url,https://github.com/python/cpython/tree/3.14/Lib/asyncio/runners.py,1,1,0.0
url,https://github.com/python/cpython/tree/3.14/Lib/codeop.py,1,2,0.0
url,https://github.com/python/cpython/tree/main/Lib/importlib/resources/__init__.py,1,1,0.0
url,https://github.com/python/cpython/tree/main/Mac/Resources/app-store-compliance.patch,1,1,0.0
url,https://github.com/python/cpython/tree/main/iOS/README.rst,1,1,0.0
url,https://gvanrossum.github.io/,1,1,0.0
url,https://ipython.org/,1,1,0.0
url,https://kivy.org/,1,2,0.0
url,https://linux.die.net/man/3/ncurses,1,1,0.0
url,https://manpages.debian.org/alarm(2),1,1,0.0
url,https://manpages.debian.org/bind(3tk)%20%E7%9A%84%E6%89%8B%E5%86%8C%E9%A1%B5%E5%92%8C%20John%20Outsterhout%20%E7%9A%84%E4%B9%A6%EF%BC%8C:title-reference:%60Tcl%20and%20the%20Tk%20Toolkit%20(2nd%20edition),1,1,0.0
url,https://manpages.debian.org/options(3),1,1,0.0
url,https://mathworld.wolfram.com/BinomialDistribution.html,1,1,0.0
url,https://mypy.readthedocs.io/en/stable/index.html,1,1,0.0
url,https://opensource.org/,1,1,0.0
url,https://packaging.python.org/en/latest/tutorials/installing-packages/,1,1,0.0
url,https://packaging.python.org/guides/installing-using-pip-and-virtual-environments/#create-and-use-virtual-environments,1,1,0.0
url,https://packaging.python.org/installing/,1,1,0.0
url,https://packaging.python.org/science/,1,1,0.0
url,https://peps.python.org/pep-0011/#tier-3,1,1,0.0
url,https://peps.python.org/pep-0249/,1,1,0.0
url,https://peps.python.org/pep-0318/,1,1,0.0
url,https://peps.python.org/pep-0492/,1,1,0.0
url,https://peps.python.org/pep-0540/,1,1,0.0
url,https://peps.python.org/pep-0567/,1,1,0.0
url,https://peps.python.org/pep-0594/,1,1,0.0
url,https://peps.python.org/pep-0613/,1,1,0.0
url,https://peps.python.org/pep-0719/,1,1,0.0
url,https://peps.python.org/pep-0749/,1,1,0.0
url,https://peps.python.org/pep-0750/,1,1,0.0
url,https://peps.python.org/pep-3131/,1,1,0.0
url,https://pypi.org/project/UniCurses/,1,1,0.0
url,https://pypi.org/project/Urwid/,1,1,0.0
url,https://pypi.org/project/audioop-lts/,1,2,0.0
url,https://pypi.org/project/telnetlib3/,1,2,0.0
url,https://pythonnet.github.io/,1,1,0.0
url,https://pyvideo.org/,1,1,0.0
url,https://requests.readthedocs.io/en/master/,1,1,0.0
url,https://setuptools.readthedocs.io/en/latest/setuptools.html,1,1,0.0
url,https://sqlite.org/compile.html#threadsafe,1,4,0.0
url,https://wiki.python.org/moin/PythonBooks,1,1,0.0
url,https://wiki.python.org/moin/PythonSpeed/PerformanceTips,1,1,0.0
url,https://www.amazon.com/exec/obidos/ASIN/032133633X,1,1,0.0
url,https://www.nuget.org/packages/python-freethreaded,1,1,0.0
url,https://www.nuget.org/packages/pythonx86-freethreaded,1,1,0.0
url,https://www.unicode.org/Public/15.1.0/ucd/NameAliases.txt,1,1,0.0
url,https://www.unicode.org/history/,1,1,0.0
