name,version,visitors
Chrome,138.0,673
Microsoft Edge,138.0,248
Firefox,141.0,204
Chrome,139.0,172
Safari,18.5,59
Firefox,128.0,46
Safari,18.6,32
Chrome,137.0,27
Opera,120.0,25
Microsoft Edge,139.0,18
Firefox,140.0,18
Firefox,136.0,15
Safari,17.6,11
Chrome,109.0,10
Safari,15.6,10
Mobile App,138.0,8
Chrome,130.0,7
Chrome,136.0,7
Firefox,115.0,5
Firefox,138.0,5
Samsung Browser,28.0,5
Mobile App,(not set),4
Opera,119.0,4
Chrome,126.0,4
Avast Secure Browser,138.0,4
Firefox,139.0,4
Safari,18.3,4
Samsung Browser,26.0,4
Chrome,119.0,3
Chrome,122.0,3
Chrome,129.0,3
Firefox,133.0,3
Microsoft Edge,134.0,3
Chrome,134.0,3
Chrome,135.0,3
Firefox,135.0,3
Firefox,142.0,3
Safari,16.6,3
Safari,17.13,3
Opera,90.0,3
Chrome,102.0,2
Chrome,103.0,2
Firefox,117.0,2
Firefox,120.0,2
Microsoft Edge,130.0,2
Chrome,131.0,2
Chrome,132.0,2
Chrome,133.0,2
Microsoft Edge,135.0,2
Microsoft Edge,136.0,2
Microsoft Edge,137.0,2
Firefox,141.1,2
Safari,17.5,2
Safari,17.7,2
Microsoft Edge,84.0,2
(not set),(not set),1
Firefox,100.0,1
Ecosia,11.2,1
Chrome,111.0,1
Firefox,113.0,1
Mobile App,114.0,1
Chrome,115.0,1
Chrome,123.0,1
Chrome,125.0,1
Chrome,128.0,1
Firefox,128.10,1
Firefox,128.9,1
QQ Browser,13.1,1
Microsoft Edge,132.0,1
Safari,14.1,1
Safari,16.0,1
Safari,17.4,1
Safari,18.0,1
Safari,18.1,1
Phoenix Browser,18.2,1
Safari,18.4,1
Safari,19.0,1
vivo Browser,23.0,1
Safari,26.0,1
Opera Touch,6.0,1
Safari,60.5,1
Chrome,69.0,1
Chrome,81.0,1
Opera,87.0,1
Chrome,95.0,1
Opera,95.0,1
Mobile App,97.0,1
