name,visitors
France,1217
Morocco,54
Belgium,43
Canada,40
Côte d'Ivoire,34
Switzerland,27
Tunisia,26
Madagascar,25
Algeria,22
Benin,21
Cameroon,21
Senegal,21
United States,18
Germany,16
"Congo, The Democratic Republic of the",12
Burkina Faso,11
Congo,10
India,9
Togo,8
Spain,7
Chad,7
Gabon,6
Guinea,6
Japan,6
Brazil,5
China,5
Netherlands,5
Singapore,4
United Kingdom,3
Haiti,3
Mali,3
Mauritania,3
Réunion,3
Finland,2
Ireland,2
Luxembourg,2
New Caledonia,2
Nepal,2
Turkey,2
South Africa,2
Australia,1
Burundi,1
Djibouti,1
French Guiana,1
Ghana,1
Guatemala,1
Hong Kong,1
Indonesia,1
Italy,1
Mexico,1
Malaysia,1
Poland,1
Saint Pierre and Miquelon,1
Russian Federation,1
Sweden,1
Thailand,1
