name,visitors,bounce_rate,visit_duration
google.com,851,80,186
Direct / None,618,63,260
bing.com,63,71,224
duckduckgo.com,33,67,284
search.brave.com,31,79,145
openclassrooms.com,27,77,135
qwant.com,26,75,149
chatgpt.com,25,88,13
python.org,16,0,376
ecosia.org,12,75,7
google.fr,10,90,25
wiki.python.org,3,33,54
bitbucket.org,2,100,0
cs50.harvard.edu,2,0,58
fr.search.yahoo.com,2,100,0
fsg-pax-p-jhn01.pax.ulaval.ca,2,100,0
learn.lewagon.com,2,100,0
m.baidu.com,2,100,0
moodle2023.u-paris.fr,2,0,15
search.lilo.org,2,100,72
youtube.com,2,100,0
afpy.org,1,0,171
baidu.com/link,1,0,6
blog.flozz.fr,1,0,7
chanterie37.fr,1,100,0
courspython.com,1,0,10
cyberini.com,1,100,0
developpez.net,1,100,0
fastapi.tiangolo.com,1,100,0
ferney-nsi.gitlab.io,1,100,0
fsg-pax-a-jhn01.fsg.ulaval.ca,1,100,0
gateway.zscalertwo.net,1,0,0
google.ci,1,100,0
google.com.hk,1,100,0
google.com/search,1,100,0
home-assistant.io,1,0,1074
huggingface.co,1,0,1062
kivy.org,1,0,408
kxs.fr,1,100,0
l.facebook.com,1,100,0
linkedin.com,1,100,0
mail.google.com,1,100,0
nohtyprm.github.io,1,100,0
pandas.pydata.org,1,0,618
perso.univ-lyon1.fr,1,100,0
python.org/downloads,1,0,44
r.search.yahoo.com/_ylt=Awr.glbQ8JVo7wEAfL8k24lQ;_ylu=Y29sbwNpcjIEcG9zAzEEdnRpZAMEc2VjA3Ny/RV=2/RE=1755866577/RO=10/RU=https%3a%2f%2fdocs.python.org%2ffr%2f3%2flibrary%2frandom.html/RK=2/RS=InK4_aqEuhMD_fNd90ggX9ETNgk-,1,100,0
r.search.yahoo.com/_ylt=AwrO6bvXB5ZoQLALBgoPxQt.;_ylu=Y29sbwNncTEEcG9zAzIEdnRpZAMEc2VjA3Ny/RV=2/RE=1754691671/RO=10/RU=https%3a%2f%2fdocs.python.org%2ffr%2f3%2ftutorial%2f/RK=2/RS=1G34ZQUNXMS7qzNUoK4s4eRhA3I-,1,100,0
zestedesavoir.com,1,100,0
