name,version,visitors
Chrome,144.0,148
Chrome,132.0,99
Microsoft Edge,144.0,37
Firefox,147.0,20
Chrome,69.0,11
Opera,126.0,10
Chrome,145.0,9
Safari,26.2,8
Chrome,143.0,7
Firefox,146.0,7
Firefox,140.0,4
Chrome,141.0,4
Firefox,78.0,4
Chrome,117.0,3
Chrome,142.0,3
Firefox,105.0,2
Chrome,109.0,2
Chrome,138.0,2
Firefox,141.0,2
AVG Secure Browser,143.0,2
Chrome,144,2
Safari,17.6,2
Safari,17.8,2
Safari,18.5,2
Safari,18.7,2
Safari,26.0,2
(not set),(not set),1
Mobile App,(not set),1
Chrome,103.0,1
Chrome,105.0,1
Chrome,111.0,1
Chrome,112.0,1
Chrome,131.0,1
Chrome,133.0,1
Firefox,138.0,1
Chrome,139.0,1
Microsoft Edge,143.0,1
Safari,17.14,1
Safari,18.0,1
Samsung Browser,29.0,1
Opera,94.0,1
