name,unique_exits,total_exits,exit_rate
/it/3/tutorial/index.html,27,28,
/it/3.14/tutorial/introduction.html,11,16,
/it/3/tutorial/datastructures.html,11,11,
/it/3/tutorial/inputoutput.html,11,13,
/3/,8,8,
/it/3.14/,8,8,
/it/3.14/tutorial/controlflow.html,8,9,
/it/3.15/using/windows.html,8,8,
/it/3/tutorial/classes.html,8,8,
/it/3.14/library/stdtypes.html,7,7,
/it/3.14/tutorial/index.html,7,7,
/it/3/,7,7,
/it/3.12/tutorial/index.html,6,8,
/it/3/tutorial/venv.html,6,6,
/it/3/bugs.html,5,5,
/it/3/search.html,5,5,
/3.14/tutorial/index.html,4,4,
/it/3.14/search.html,4,4,
/it/3.14/tutorial/interpreter.html,4,4,
/it/3.14/tutorial/venv.html,4,4,
/it/3/library/functions.html,4,4,
/it/3/library/sys.html,4,4,
/it/3/tutorial/introduction.html,4,5,
/3/library/tkinter.html,3,3,
/3/search.html,3,3,
/3/tutorial/index.html,3,3,
/it/3.14/index.html,3,3,
/it/3.14/library/index.html,3,3,
/it/3.14/py-modindex.html,3,3,
/it/3.14/reference/lexical_analysis.html,3,3,
/it/3.14/tutorial/appetite.html,3,3,
/it/3/glossary.html,3,3,
/it/3/index.html,3,3,
/it/3/library/index.html,3,3,
/it/3/library/inspect.html,3,3,
/it/3/library/site.html,3,3,
/it/3/tutorial/errors.html,3,3,
/it/3/tutorial/interpreter.html,3,3,
/it/3/tutorial/modules.html,3,3,
/3.14/,2,2,
/3/library/,2,2,
/3/library/index.html,2,2,
/it/3.12/py-modindex.html,2,2,
/it/3.12/whatsnew/changelog.html,2,2,
/it/3.13/glossary.html,2,2,
/it/3.13/library/functions.html,2,2,
/it/3.13/library/random.html,2,2,
/it/3.13/tutorial/introduction.html,2,2,
/it/3.14/library/,2,2,
/it/3.14/library/functions.html,2,2,
/it/3.14/library/math.html,2,2,
/it/3.14/library/sqlite3.html,2,2,
/it/3.14/tutorial/datastructures.html,2,2,
/it/3.14/using/windows.html,2,2,
/it/3/c-api/index.html,2,2,
/it/3/c-api/init.html,2,2,
/it/3/howto/mro.html,2,2,
/it/3/library/gc.html,2,2,
/it/3/library/json.html,2,2,
/it/3/library/math.html,2,2,
/it/3/library/string.html,2,2,
/it/3/library/tkinter.font.html,2,2,
/it/3/library/tkinter.messagebox.html,2,2,
/it/3/library/traceback.html,2,2,
/it/3/library/unittest.mock-examples.html,2,2,
/it/3/library/wave.html,2,2,
/it/3/reference/executionmodel.html,2,2,
/it/3/reference/index.html,2,2,
/it/3/reference/simple_stmts.html,2,2,
/it/3/reference/toplevel_components.html,2,2,
/it/3/tutorial/appetite.html,2,2,
/it/3/tutorial/controlflow.html,2,2,
/it/3/tutorial/stdlib.html,2,2,
/3.12/,1,1,
/3.13/library/ast.html,1,1,
/3.14/library/functions.html,1,1,
/3.14/library/time.html,1,1,
/3.14/reference/index.html,1,1,
/3.14/using/editors.html,1,1,
/3.14/using/mac.html,1,1,
/3.15/library/argparse.html,1,1,
/3.15/using/unix.html,1,1,
/3/c-api/buffer.html,1,1,
/3/c-api/capsule.html,1,1,
/3/installing/index.html,1,1,
/3/library/csv.html,1,1,
/3/library/functions.html,1,1,
/3/library/json.html,1,1,
/3/library/os.html,1,1,
/3/library/pickle.html,1,1,
/3/library/sys.html,1,1,
/3/library/tkinter.ttk.html,1,1,
/3/library/turtle.html,1,1,
/3/library/typing.html,1,1,
/3/library/venv.html,1,1,
/3/library/xml.etree.elementtree.html,1,1,
/3/py-modindex.html,1,1,
/3/reference/index.html,1,1,
/3/tutorial/appetite.html,1,1,
/3/tutorial/controlflow.html,1,1,
