name,visitors
Istanbul,28
İzmir,9
Ankara,8
Baku,6
Adana,4
Bishkek,3
Mersin,2
Malatya,2
Denizli,2
Saratov,2
Köseköy,2
Bursa,2
Singapore,2
Tunis,2
Solingen,2
Neustadt,2
Hamm,2
Hamburg,2
Frankfurt am Main,2
Berlin,2
Luxembourg,2
Nantes,2
Fortaleza,2
Uşak,1
Manisa,1
Kadirli,1
Isparta,1
Selçuklu,1
Gaziantep,1
Karagandy,1
Tokat,1
Tekirdağ,1
Pendik,1
Kastamonu,1
Gebze,1
Jizzax,1
Hong Kong,1
Stockholm,1
Amsterdam,1
Stuttgart,1
Münster,1
Kronach,1
Paris,1
Marseille,1
Macau,1
