name,visitors
Singapore,148
Hong Kong,90
Tokyo,52
Guangzhou,37
Beijing,36
Shanghai,33
Shenzhen,29
Los Angeles,29
Frankfurt am Main,27
Hyderabad,26
Mumbai,23
Bengaluru,22
Chicago,21
Moscow,20
New York City,19
New Delhi,18
Sydney,18
Taipei,17
London,16
Amsterdam,16
San Jose,16
Seattle,16
São Paulo,15
Paris,14
Kyiv,13
Chennai,13
Hangzhou,13
Osaka,13
Zhengzhou,12
Ashburn,12
Helsinki,11
Kaohsiung,11
Chengdu,11
Melbourne,11
Atlanta,11
N/A,11
Xi’an,10
Nanjing,10
Adelaide,10
Brussels,10
Munich,10
Pune,9
Kolkata,9
Tashkent,9
Ho Chi Minh City,9
Taichung,9
Kuala Lumpur,9
Wuhan,9
Suzhou,9
Manchester,9
Budapest,9
Prague,9
Bogotá,9
Montréal,9
Nairobi,8
Bangkok,8
Jinan,8
Guiyang,8
Lagos,8
Zürich,8
Hamburg,8
Düsseldorf,8
Reston,8
Krasnodar,7
Yerevan,7
Sofia,7
Karachi,7
Qingdao,7
Nanchang,7
Yokohama,7
Copenhagen,7
Stockholm,7
Köln,7
San Francisco,7
Santa Clara,7
Portland,7
Saint Petersburg,6
Warsaw,6
Belgrade,6
Lahore,6
Dhaka,6
Nürnberg,6
N/A,6
Raleigh,6
Bedford,6
Minneapolis,6
Denver,6
Minsk,5
Tampere,5
Istanbul,5
Lucknow,5
Indore,5
Quezon City,5
Nanyang,5
Huizhou,5
N/A,5
Vienna,5
Dublin,5
Oslo,5
Milan,5
Santiago,5
Dallas,5
Houston,5
Jersey City,5
Boardman,5
Nizhniy Novgorod,4
Lviv,4
Chernihiv,4
Adapazarı,4
Colombo,4
Vijayawada,4
Surat,4
Patna,4
Nagpur,4
Kanpur,4
Delhi,4
Agra,4
Yekaterinburg,4
Hanoi,4
Chongqing,4
N/A,4
Kawaguchi,4
Ulan Bator,4
Brisbane,4
City of Westminster,4
Hinckley,4
Fulham,4
Dunfermline,4
Haarlem,4
Stuttgart,4
Leipzig,4
Cape Town,4
Recife,4
Maceió,4
Rio de Janeiro,4
Belo Horizonte,4
Caracas,4
Chihuahua,4
Miami,4
Orlando,4
Ankeny,4
Toronto,4
N/A,4
Limassol,3
Cairo,3
Alexandria,3
Yaroslavl,3
Samara,3
Kazan,3
Kathmandu,3
Verkhnyaya Pyshma,3
Tyumen,3
Nur-Sultan,3
Palembang,3
Jakarta,3
N/A,3
Hsinchu,3
Tianjin,3
Shijiazhuang,3
Ningbo,3
Nanning,3
Luoyang,3
Kunming,3
Dongguan,3
N/A,3
Seoul,3
Kamakura,3
N/A,3
N/A,3
Changchun,3
N/A,3
Hamilton,3
Accra,3
Southampton,3
Slough,3
N/A,3
Barnet,3
The Hague,3
Würzburg,3
Offenbach,3
Berlin,3
Toulouse,3
Le Cannet,3
Bordeaux,3
Asnières-sur-Seine,3
Sopron,3
Poznań,3
Colmenar Viejo,3
Zagreb,3
N/A,3
Salvador,3
Curitiba,3
Cuenca,3
Lima,3
Santiago de Querétaro,3
Guadalajara,3
Washington,3
Louisville,3
Greenwood,3
New Haven,3
Cambridge,3
Grand Blanc,3
Lansing,3
Rochester,3
Mountain View,3
Sunnyvale,3
Eugene,3
Salt Lake City,3
Québec,3
N/A,3
N/A,3
Sanaa,2
As Sulaymānīyah,2
Tabriz,2
Tel Aviv,2
Addis Ababa,2
Ufa,2
Syktyvkar,2
Rostov-na-Donu,2
Perm,2
Oktyabr’sk,2
Kursk,2
Jõgeva,2
Vantaa,2
Vyshhorod,2
Kharkiv,2
Hayvoron,2
Kamyanske,2
Andrushivka,2
Düzce,2
Bursa,2
Płońsk,2
Białystok,2
Blantyre,2
Islamabad,2
Samarkand,2
Dushanbe,2
Thrissur,2
N/A,2
Meerut,2
Mangalore,2
Kottayam,2
Karnāl,2
Jaipur,2
Omsk,2
Ürümqi,2
Thái Bình,2
Tây Ninh,2
Khon Kaen,2
Denpasar,2
Bantul,2
Zhubei,2
Cebu City,2
Calapan,2
Calamba,2
Johor Bahru,2
Xiamen,2
Taizhou,2
Taiyuan,2
Shaoxing,2
Jiangmen,2
Hefei,2
Foshan,2
Dali,2
Wan Chai,2
N/A,2
N/A,2
Ulsan,2
N/A,2
N/A,2
Nagareyama,2
N/A,2
Matsue,2
Kobe,2
Amagasaki,2
N/A,2
Datong,2
Perth,2
Chiba,2
Auckland,2
Luanda,2
Lisbon,2
Cotonou,2
Freetown,2
Niamey,2
Tunis,2
Granada,2
Reggio Calabria,2
Sevenoaks,2
St Albans,2
Portsmouth,2
Oxford,2
N/A,2
Kingston upon Hull,2
Glasgow,2
Fareham,2
Derby,2
Cleator Moor,2
Camberley,2
Yverdon-les-Bains,2
