name,unique_exits,total_exits,exit_rate
/pt-br/latest/tutorials/installing-packages/,13,13,
/pt-br/latest/guides/installing-using-pip-and-virtual-environments/,11,11,
/en/latest/tutorials/installing-packages/,6,6,
/pt-br/latest/tutorials/packaging-projects/,5,5,
/pt-br/latest/,3,3,
/pt-br/latest/guides/writing-pyproject-toml/,3,3,
/en/latest/tutorials/packaging-projects/,2,2,
/ja/latest/tutorials/installing-packages/,2,2,
/pt-br/latest/glossary/,2,2,
/pt-br/latest/guides/installing-using-virtualenv/,2,2,
/pt-br/latest/overview/,2,2,
/en/latest/,1,1,
/en/latest/flow/,1,1,
/en/latest/glossary/,1,1,
/en/latest/guides/writing-pyproject-toml/,1,1,
/en/latest/specifications/core-metadata/,1,1,
/ja/latest/,1,1,
/pt-br/latest/discussions/src-layout-vs-flat-layout/,1,1,
/pt-br/latest/guides/,1,1,
/pt-br/latest/guides/distributing-packages-using-setuptools/,1,1,
/pt-br/latest/guides/installing-using-linux-tools/,1,1,
/pt-br/latest/guides/publishing-package-distribution-releases-using-github-actions-ci-cd-workflows/,1,1,
/pt-br/latest/specifications/core-metadata/,1,1,
/pt-br/latest/specifications/direct-url-data-structure/,1,1,
/pt-br/latest/specifications/pypirc/,1,1,
/pt-br/latest/specifications/version-specifiers/,1,1,
/pt-br/latest/tutorials/,1,1,
