name,unique_exits,total_exits,exit_rate
/ko/dev/c-api/marshal.html,436,437,
/ko/3.13/tutorial/index.html,70,71,
/ja/3.13/c-api/capsule.html,69,70,
/ko/3/tutorial/index.html,52,53,
/ko/3.13/c-api/bytes.html,43,43,
/ko/3.13/library/idle.html,37,37,
/ko/3.13/library/index.html,35,35,
/ko/3.13/installing/index.html,29,29,
/ko/3.13/tutorial/introduction.html,25,26,
/ja/3/c-api/import.html,20,20,
/ko/3.13/library/intro.html,20,20,
/ko/3.13/tutorial/interpreter.html,19,21,
/ko/3/,19,26,
/ko/3.13/library/stdtypes.html,17,18,
/ko/3.13/tutorial/controlflow.html,17,19,
/ko/3.13/using/windows.html,17,18,
/ko/3.13/howto/sorting.html,16,16,
/ko/3.13/library/functions.html,16,16,
/ko/3.13/,14,15,
/ko/3.13/library/asyncio.html,13,13,
/ko/3.13/library/random.html,13,13,
/ko/3.13/tutorial/classes.html,12,12,
/ko/3.13/tutorial/datastructures.html,12,12,
/ko/3.13/tutorial/errors.html,12,12,
/ko/3/library/functions.html,12,12,
/ko/dev/library/idle.html,12,12,
/3/,11,11,
/ko/3.13/library/subprocess.html,11,11,
/ko/3.13/library/re.html,10,10,
/ko/3.13/library/threading.html,10,10,
/ko/3.13/library/venv.html,9,9,
/ko/3/library/tempfile.html,9,10,
/ko/3/tutorial/introduction.html,9,12,
/ko/3.13/library/logging.html,8,7,
/ko/3.13/tutorial/modules.html,8,9,
/ko/3/library/index.html,8,8,
/ko/3/tutorial/appetite.html,8,8,
/ko/3.13/howto/regex.html,7,7,
/ko/3.13/library/collections.html,7,7,
/ko/3.13/library/datetime.html,7,7,
/ko/3.13/library/heapq.html,7,7,
/ko/3.13/library/time.html,7,6,
/ko/3.13/search.html,7,7,
/ko/3/library/datetime.html,7,7,
/ko/3/tutorial/,7,7,
/ko/dev/library/turtle.html,7,7,
/3.13/tutorial/index.html,6,6,
/ko/3.13/library/asyncio-task.html,6,6,
/ko/3.13/library/json.html,6,6,
/ko/3.13/library/os.path.html,6,6,
/ko/3.13/library/pathlib.html,6,6,
/ko/3.13/library/shutil.html,6,7,
/ko/3.13/library/struct.html,6,6,
/ko/3.13/reference/index.html,6,6,
/ko/3/library/contextlib.html,6,6,
/ko/3/tutorial/controlflow.html,6,6,
/3/installing/index.html,5,5,
/ko/3.13/library/concurrent.futures.html,5,5,
/ko/3.13/library/exceptions.html,5,5,
/ko/3.13/library/math.html,5,5,
/ko/3.13/tutorial/inputoutput.html,5,5,
/ko/3/library/configparser.html,5,5,
/ko/3/library/hashlib.html,5,5,
/3/search.html,4,4,
/ko/3.13/contents.html,4,4,
/ko/3.13/glossary.html,4,4,
/ko/3.13/library/array.html,4,4,
/ko/3.13/library/ast.html,4,4,
/ko/3.13/library/html.parser.html,4,4,
/ko/3.13/library/http.server.html,4,4,
/ko/3.13/library/multiprocessing.html,4,3,
/ko/3.13/library/os.html,4,4,
/ko/3.13/library/pickle.html,4,4,
/ko/3.13/library/sys.html,4,4,
/ko/3.13/library/turtle.html,4,4,
/ko/3.13/library/xml.etree.elementtree.html,4,4,
/ko/3.13/tutorial/appetite.html,4,4,
/ko/3/library/logging.handlers.html,4,4,
/ko/3/library/os.html,4,4,
/ko/3/tutorial/interpreter.html,4,4,
/ko/dev/library/marshal.html,4,4,
/3/library/typing.html,3,3,
/ko/3.12/installing/index.html,3,3,
/ko/3.13/howto/logging.html,3,3,
/ko/3.13/library/,3,3,
/ko/3.13/library/constants.html,3,3,
/ko/3.13/library/contextvars.html,3,3,
/ko/3.13/library/csv.html,3,3,
/ko/3.13/library/ctypes.html,3,3,
/ko/3.13/library/difflib.html,3,4,
/ko/3.13/library/functools.html,3,3,
/ko/3.13/library/inspect.html,3,3,
/ko/3.13/library/itertools.html,3,3,
/ko/3.13/library/logging.config.html,3,3,
/ko/3.13/library/numbers.html,3,3,
/ko/3.13/library/pprint.html,3,3,
/ko/3.13/library/runpy.html,3,3,
/ko/3.13/library/select.html,3,3,
/ko/3.13/library/smtplib.html,3,3,
/ko/3.13/library/tkinter.ttk.html,3,3,
