name,unique_entrances,total_entrances,visit_duration
/ja/3.13/c-api/capsule.html,1674,1684,10
/ja/3/library/codecs.html,437,440,24
/ja/3/,88,99,419
/ja/3.13/tutorial/,86,88,178
/ja/3/tutorial/,53,57,293
/ja/3/library/functions.html,50,52,60
/ja/3.13/library/functions.html,42,46,119
/ja/3.13/library/re.html,41,43,77
/ja/3/tutorial/index.html,37,38,264
/ja/3/library/stdtypes.html,35,36,182
/ja/3/library/index.html,34,36,31
/ja/3.13/library/index.html,33,34,174
/ja/3.13/library/pathlib.html,31,34,183
/ja/3.13/library/stdtypes.html,29,32,273
/ja/3.13/library/subprocess.html,27,27,343
/3/,26,28,315
/ja/3.13/library/sqlite3.html,26,27,50
/ja/3.13/tutorial/index.html,26,28,66
/ja/3.13/library/random.html,25,28,89
/ja/3.13/search.html,25,32,574
/ja/3.13/library/datetime.html,24,24,129
/ja/3.13/library/itertools.html,23,24,119
/ja/3.13/library/typing.html,22,22,144
/ja/3.13/library/multiprocessing.html,21,22,630
/ja/3.13/library/csv.html,20,20,1
/ja/3/reference/index.html,20,21,22
/ja/3.13/library/enum.html,19,19,33
/ja/3.13/library/logging.html,19,19,38
/ja/3.13/library/time.html,19,19,172
/ja/3/library/datetime.html,18,18,0
/ja/3/reference/introduction.html,18,18,0
/ja/3/tutorial/appetite.html,18,18,172
/ja/3.13/library/math.html,17,17,4
/ja/3.13/tutorial/inputoutput.html,16,17,0
/ja/3/index.html,16,16,47
/ja/3/search.html,16,17,803
/ja/3/tutorial/controlflow.html,16,21,169
/ja/3/tutorial/datastructures.html,16,17,248
/ja/3.13/library/decimal.html,15,15,40
/ja/3.13/library/os.html,15,15,23
/ja/3.13/library/string.html,15,16,165
/ja/3/library/math.html,15,15,101
/ja/3/tutorial/interpreter.html,15,15,31
/ja/3.13/tutorial/controlflow.html,14,14,66
/ja/3.13/tutorial/interpreter.html,14,15,161
/ja/3/c-api/import.html,14,14,16
/ja/3.13/howto/sorting.html,13,13,1
/ja/3.13/library/argparse.html,13,13,147
/ja/3.13/library/bisect.html,13,13,5
/ja/3.13/library/socket.html,13,13,186
/ja/3/library/venv.html,13,13,64
/ja/3.13/library/codecs.html,12,12,55
/ja/3.13/library/configparser.html,12,12,0
/ja/3.13/library/json.html,12,12,54
/ja/3.13/reference/index.html,12,12,430
/ja/3/library/xml.etree.elementtree.html,12,12,52
/ja/3/tutorial/classes.html,12,12,753
/ja/3/tutorial/introduction.html,12,12,0
/ja/3.13/library/dataclasses.html,11,11,0
/ja/3.13/tutorial/classes.html,11,11,0
/ja/3.13/tutorial/errors.html,11,11,66
/ja/3/using/cmdline.html,11,11,65
/ja/3.13/c-api/stable.html,10,10,2
/ja/3.13/library/asyncio-task.html,10,10,142
/ko/3/tutorial/index.html,10,10,162
/ja/3.13/,9,10,114
/ja/3.13/c-api/structures.html,9,9,19
/ja/3.13/library/exceptions.html,9,9,3
/ja/3.13/library/logging.handlers.html,9,10,69
/ja/3.13/library/struct.html,9,9,6
/ja/3.13/tutorial/introduction.html,9,11,566
/ja/3/library/random.html,9,9,0
/ja/3/tutorial/modules.html,9,9,27
/ja/3.13/howto/logging.html,8,8,376
/ja/3.13/index.html,8,10,1051
/ja/3.13/library/queue.html,8,8,250
/ja/3.13/library/tempfile.html,8,10,204
/ja/3.13/library/threading.html,8,8,250
/ja/3.13/tutorial/appetite.html,8,8,234
/ja/3.13/tutorial/floatingpoint.html,8,8,79
/ja/3.13/using/windows.html,8,8,308
/ja/3/library/,8,8,27
/ja/3/library/json.html,8,8,1
/ja/3/library/os.html,8,8,38
/ja/3.13/library/concurrent.futures.html,7,8,0
/ja/3.13/library/functools.html,7,7,33
/ja/3.13/library/io.html,7,7,93
/ja/3.13/library/os.path.html,7,7,136
/ja/3.13/library/urllib.parse.html,7,7,203
/ja/3.13/library/urllib.request.html,7,7,24
/ja/3.13/library/venv.html,7,7,0
/ja/3.13/library/zipfile.html,7,7,260
/ja/3.13/tutorial/modules.html,7,7,116
/ja/3/glossary.html,7,7,242
/ja/3/library/sys.html,7,7,0
/ja/3/reference/compound_stmts.html,7,7,418
/ja/3.12/library/codecs.html,6,6,0
/ja/3.13/installing/index.html,6,6,11
/ja/3.13/library/abc.html,6,6,0
/ja/3.13/library/ctypes.html,6,6,0
/ja/3.13/library/fractions.html,6,6,0
/ja/3.13/library/heapq.html,6,6,121
/ja/3.13/library/idle.html,6,6,677
/ja/3.13/library/shutil.html,6,6,518
/ja/3.13/library/tkinter.html,6,6,265
/ja/3.13/library/tkinter.ttk.html,6,6,136
/ja/3/library/multiprocessing.html,6,6,370
/ja/3/library/pathlib.html,6,6,0
/ja/3/whatsnew/3.13.html,6,6,17
/3.13/tutorial/index.html,5,5,487
/3/tutorial/index.html,5,5,287
/ja/3.13/contents.html,5,5,5
/ja/3.13/extending/extending.html,5,5,21
/ja/3.13/library/__main__.html,5,5,331
/ja/3.13/library/asyncio.html,5,6,17
/ja/3.13/library/base64.html,5,5,5
/ja/3.13/library/collections.html,5,5,7
/ja/3.13/library/contextlib.html,5,5,112
/ja/3.13/library/glob.html,5,5,359
/ja/3.13/library/pickle.html,5,5,16
/ja/3.13/library/turtle.html,5,5,607
/ja/3.13/library/uuid.html,5,5,72
/ja/3.13/reference/import.html,5,5,39
/ja/3.13/whatsnew/index.html,5,5,12
/ja/3.14/tutorial/interpreter.html,5,5,6
/ja/3/contents.html,5,5,47
/ja/3/download.html,5,5,84
/ja/3/howto/regex.html,5,5,671
/ja/3/library/itertools.html,5,5,0
/ja/3/library/re.html,5,7,8
/ja/3/library/struct.html,5,5,0
/ja/3/library/tkinter.ttk.html,5,5,0
/ja/3/library/typing.html,5,5,3
/ja/3/reference/datamodel.html,5,5,0
/ja/3/reference/lexical_analysis.html,5,5,6
/ja/3/tutorial/errors.html,5,5,4
/ja/3/tutorial/inputoutput.html,5,6,119
/3/library/tkinter.html,4,4,622
/ja/3.12/library/index.html,4,4,6
/ja/3.12/tutorial/datastructures.html,4,4,0
/ja/3.13/faq/programming.html,4,4,0
/ja/3.13/howto/unicode.html,4,4,80
/ja/3.13/library/array.html,4,5,254
/ja/3.13/library/ast.html,4,4,0
/ja/3.13/library/asyncio-api-index.html,4,4,1256
/ja/3.13/library/asyncio-eventloop.html,4,4,3
/ja/3.13/library/contextvars.html,4,4,131
/ja/3.13/library/dialog.html,4,4,455
/ja/3.13/library/smtplib.html,4,4,20
/ja/3.13/library/unittest.html,4,4,424
/ja/3.13/library/unittest.mock.html,4,4,516
/ja/3.13/reference/datamodel.html,4,4,0
/ja/3.13/tutorial/datastructures.html,4,8,3
/ja/3/library/asyncio.html,4,4,62
/ja/3/library/html.parser.html,4,4,0
/ja/3/library/secrets.html,4,4,0
/ja/3/library/string.html,4,4,9
/ja/3/library/tkinter.html,4,4,8
/ja/3/library/turtle.html,4,4,1
/ja/3/reference/simple_stmts.html,4,4,277
/ja/dev/library/enum.html,4,4,13
/ja/dev/tutorial/errors.html,4,4,0
/ja/3.13/glossary.html,3,3,6
/ja/3.13/library/calendar.html,3,4,52
/ja/3.13/library/collections.abc.html,3,3,32
/ja/3.13/library/copy.html,3,3,0
/ja/3.13/library/ensurepip.html,3,3,6
/ja/3.13/library/gzip.html,3,3,0
/ja/3.13/library/http.server.html,3,3,0
/ja/3.13/library/importlib.html,3,3,0
/ja/3.13/library/inspect.html,3,3,93
/ja/3.13/library/pdb.html,3,3,0
/ja/3.13/library/pprint.html,3,3,0
/ja/3.13/library/shlex.html,3,3,251
/ja/3.13/library/signal.html,3,3,0
/ja/3.13/library/sys.html,3,3,0
/ja/3.13/reference/compound_stmts.html,3,3,72
/ja/3.13/reference/expressions.html,3,3,0
/ja/3.13/using/configure.html,3,3,0
/ja/3.14/tutorial/,3,6,0
/ja/3/bugs.html,3,3,3
/ja/3/c-api/bytes.html,3,3,17
/ja/3/extending/extending.html,3,3,0
/ja/3/faq/general.html,3,3,0
/ja/3/howto/logging.html,3,3,118
/ja/3/installing/index.html,3,3,17
/ja/3/library/collections.html,3,3,0
/ja/3/library/constants.html,3,6,0
/ja/3/library/exceptions.html,3,3,0
/ja/3/library/fractions.html,3,3,0
/ja/3/library/logging.html,3,3,0
/ja/dev/library/http.server.html,3,3,0
/ja/dev/library/unicodedata.html,3,3,8
/3.12/,2,2,234
/3/download.html,2,2,0
/3/library/functions.html,2,2,681
/3/library/index.html,2,2,42
/3/library/math.html,2,2,158
/3/library/random.html,2,2,35
/3/library/subprocess.html,2,2,614
/3/tutorial/controlflow.html,2,2,160
/ja/3.12/faq/library.html,2,2,0
/ja/3.12/library/re.html,2,2,0
/ja/3.12/tutorial/stdlib2.html,2,2,0
/ja/3.13/c-api/init.html,2,2,0
/ja/3.13/c-api/long.html,2,2,1243
/ja/3.13/faq/general.html,2,2,7
/ja/3.13/howto/argparse.html,2,2,416
/ja/3.13/howto/index.html,2,2,732
/ja/3.13/howto/urllib2.html,2,2,0
/ja/3.13/library/binascii.html,2,2,0
/ja/3.13/library/cmath.html,2,2,123
/ja/3.13/library/cmd.html,2,2,0
/ja/3.13/library/difflib.html,2,2,0
/ja/3.13/library/dis.html,2,2,0
/ja/3.13/library/ftplib.html,2,2,0
/ja/3.13/library/hashlib.html,2,2,0
/ja/3.13/library/mmap.html,2,2,0
/ja/3.13/library/operator.html,2,2,0
/ja/3.13/library/py_compile.html,2,2,0
/ja/3.13/library/timeit.html,2,2,0
/ja/3.13/library/tk.html,2,2,68
/ja/3.13/library/traceback.html,2,2,0
/ja/3.13/library/tracemalloc.html,2,3,127
/ja/3.13/library/unicodedata.html,2,2,0
/ja/3.13/library/urllib.html,2,2,0
/ja/3.13/library/warnings.html,2,2,0
/ja/3.13/library/wave.html,2,3,0
/ja/3.13/reference/executionmodel.html,2,2,36
/ja/3.13/tutorial/appendix.html,2,2,444
/ja/3.13/tutorial/interactive.html,2,2,726
/ja/3.13/whatsnew/3.8.html,2,2,25
/ja/3/c-api/dict.html,2,2,210
/ja/3/faq/index.html,2,2,20
/ja/3/howto/logging-cookbook.html,2,2,0
/ja/3/howto/sorting.html,2,2,0
/ja/3/library/argparse.html,2,2,0
/ja/3/library/asyncio-runner.html,2,2,0
/ja/3/library/asyncio-stream.html,2,2,28
/ja/3/library/base64.html,2,2,0
/ja/3/library/bisect.html,2,2,132
/ja/3/library/decimal.html,2,2,0
/ja/3/library/http.client.html,2,2,0
/ja/3/library/mmap.html,2,2,0
/ja/3/library/threading.html,2,2,0
/ja/3/library/time.html,2,2,0
/ja/3/library/tkinter.scrolledtext.html,2,2,0
/ja/3/library/unittest.html,2,4,591
/ja/3/library/winsound.html,2,2,0
/ja/3/library/zipfile.html,2,2,0
/ja/3/py-modindex.html,2,2,26
/ja/3/reference/expressions.html,2,2,0
/ja/3/tutorial/venv.html,2,2,0
/ja/dev/library/socket.html,2,2,0
/ja/dev/tutorial/stdlib2.html,2,2,0
/ko/3.13/c-api/bytes.html,2,2,71
/3.12/tutorial/stdlib.html,1,1,901
/3.13/index.html,1,1,157
/3.13/library/sys.html,1,1,2685
/3.13/library/threading.html,1,1,1538
/3.13/tutorial/datastructures.html,1,2,82
/3.15/,1,1,5155
/3/genindex-_.html,1,1,1446
/3/howto/index.html,1,1,12
/3/howto/unicode.html,1,1,423
/3/library/argparse.html,1,1,4836
/3/library/asyncio.html,1,1,1117
/3/library/exceptions.html,1,1,1144
/3/library/fractions.html,1,1,0
/3/library/ipc.html,1,1,1397
/3/library/multiprocessing.html,1,2,21
/3/library/pathlib.html,1,1,344
/3/library/termios.html,1,1,564
/3/library/typing.html,1,1,2222
/3/library/unittest.html,1,1,1197
/3/library/unittest.mock.html,1,1,1
/3/library/uuid.html,1,1,15
/3/library/venv.html,1,1,883
/3/search.html,1,1,836
/3/tutorial/,1,1,18
/3/tutorial/errors.html,1,1,0
/3/using/cmdline.html,1,1,464
/3/using/index.html,1,1,3
/3/using/windows.html,1,1,224
/3/whatsnew/index.html,1,1,6
/fr/3.13/,1,1,2075
/ja/3.12/,1,1,35
/ja/3.12/c-api/allocation.html,1,1,1015
/ja/3.12/c-api/descriptor.html,1,1,0
/ja/3.12/c-api/refcounting.html,1,1,0
/ja/3.12/c-api/tuple.html,1,1,0
/ja/3.12/c-api/typeobj.html,1,1,0
/ja/3.12/contents.html,1,1,0
/ja/3.12/faq/general.html,1,1,0
/ja/3.12/faq/programming.html,1,1,0
/ja/3.12/faq/windows.html,1,1,0
/ja/3.12/glossary.html,1,1,0
/ja/3.12/library/cgi.html,1,1,0
/ja/3.12/library/chunk.html,1,1,0
/ja/3.12/library/collections.html,1,1,0
