name,visitors,bounce_rate,visit_duration
Direct / None,1952,70,225
google.com,399,85,302
python.org,103,67,336
bing.com,24,73,224
cn.bing.com,23,78,300
google.com.hk,23,80,133
duckduckgo.com,18,50,472
practicum.yandex.ru,15,94,0
baidu.com/link,14,70,270
chatgpt.com,12,50,613
peps.python.org,12,100,0
search.brave.com,9,0,218
m.baidu.com,5,100,52
baidu.com,4,100,284
moodle.utfpr.edu.br,4,100,0
courses.cscc.edu,3,33,593
google.co.jp,3,100,0
yandex.ru,3,0,315
android-app://com.linkedin.android,2,100,0
bupt-hpc.feishu.cn,2,100,0
campus118.unad.edu.co,2,100,0
cnblogs.com,2,100,0
discuss.python.org,2,100,380
jupyter.org,2,100,0
link.csdn.net,2,100,250
android-app://com.reddit.frontpage,1,100,0
baidu.com/s,1,100,0
bugs.mysql.com,1,100,0
cafe.naver.com/ca-fe/cafes/31425752/articles/20,1,100,0
cdn.cs50.net,1,0,1052
copilot.microsoft.com,1,100,0
devguide.python.org/documentation/help-documenting,1,0,0
devguide.python.org/getting-started/setup-building,1,0,16
docs.qq.com,1,100,0
edube.org,1,0,35
enauczanie.pg.edu.pl,1,0,296
eos2git.cec.lab.emc.com,1,0,2994
es.python.org,1,0,623
gemini.google.com,1,0,657
github.com/GoogleChrome/related-website-sets/blob/main/RWS-Submission_Guidelines.md,1,0,559
github.com/scikit-hep/pyhf/issues/2454,1,0,418
github.com/supersaiyanmode/PyWebOSTV/issues/108,1,100,0
github.com/vinta/awesome-python,1,0,0
google.com.tw,1,100,0
google.ru,1,100,0
idafchev.github.io,1,0,26
khashtamov.com,1,0,4
kitt.lewagon.com,1,100,0
link.zhihu.com,1,100,0
m.baidu.com/from=1001192y/bd_page_type=1/ssid=0/uid=0/pu=usm%400%2Csz%401320_1001%2Cta%40iphone_2_12.0_28_16.0/baiduid=E70E08C1026E783C593B9B592BDA1244/w=0_10_/t=iphone/l=1/tc,1,0,0
m.baidu.com/from=1012852q/bd_page_type=1/ssid=0/uid=0/pu=usm%400%2Csz%401320_1004%2Cta%40iphone_2_10.0_11_17.4/baiduid=8978593698CC82E15D6003ECD62B4A5F/w=0_10_/t=iphone/l=1/tc,1,0,560
m.baidu.com/from=1012852q/bd_page_type=1/ssid=0/uid=0/pu=usm%407%2Csz%401320_1004%2Cta%40iphone_2_13.0_11_19.5/baiduid=7D745DE9A8874E0D47854F6453DDBD84/w=0_10_/t=iphone/l=1/tc,1,0,717
m.baidu.com/from=1013672g/bd_page_type=1/ssid=0/uid=0/pu=usm%401%2Csz%401320_1004%2Cta%40iphone_2_13.0_11_19.6/baiduid=07E6FB92AAE9510860514BADC34D8207/w=20_10_/t=iphone/l=1/tc,1,100,0
m.baidu.com/from=1019311a/bd_page_type=1/ssid=0/uid=0/pu=usm%403%2Csz%401320_1001%2Cta%40iphone_2__24_123.0/baiduid=A916037664CCA5866FA90766196CB681/w=10_10_/t=iphone/l=1/tc,1,100,0
m.baidu.com/from=1019311a/bd_page_type=1/ssid=0/uid=0/pu=usm%404%2Csz%401320_1001%2Cta%40iphone_2__24_123.0/baiduid=A916037664CCA5866FA90766196CB681/w=20_10_/t=iphone/l=1/tc,1,100,0
networkx.org,1,0,6
numpy.org,1,0,24
orgpad.info,1,100,0
pandas.pydata.org,1,0,0
pypdf.readthedocs.io/en/stable/modules/PageRange.html,1,100,0
pypdf.readthedocs.io/en/stable/modules/RectangleObject.html,1,100,0
python.org/downloads/release/python-3120,1,100,0
python.org/downloads/release/python-3121,1,100,0
python.p2hp.com/doc/index.html,1,0,0
python.sdv.u-paris.fr,1,100,0
qiita.com,1,0,456
qwant.com,1,0,42
r.search.yahoo.com/_ylt=AwrNZuzC7URoIAIArTrz6Qt.;_ylu=Y29sbwNiZjEEcG9zAzEEdnRpZAMEc2VjA3Ny/RV=2/RE=1750557378/RO=10/RU=https%3a%2f%2fdocs.python.org%2fpt-br%2f3%2finstalling%2findex.html/RK=2/RS=oqd3mBokrGpRveCW0QZOppNg.2I-,1,0,0
realpython.com,1,0,228
shultais.education,1,100,0
wiki.python.org,1,0,428
ya.ru,1,0,395
