name,unique_entrances,total_entrances,visit_duration
/3.12/,231,243,104
/3.12/tutorial/index.html,164,176,167
/3.12/using/windows.html,124,135,27
/3.12/whatsnew/3.12.html,121,123,32
/3/,111,114,593
/3.12/library/functions.html,89,95,87
/3.12/library/stdtypes.html,66,70,67
/3.12/tutorial/,48,49,145
/3.12/index.html,41,42,67
/3.12/library/,41,41,53
/3.12/library/2to3.html,32,32,15
/3.12/search.html,32,34,305
/3.12/library/typing.html,29,29,37
/3.12/library/index.html,24,27,6575
/3.12/tutorial/controlflow.html,24,32,4
/3.12/tutorial/introduction.html,24,27,10
/3.12/library/datetime.html,23,24,17
/3.12/tutorial/datastructures.html,23,23,10
/zh-cn/3.12/tutorial/index.html,21,21,290
/3.12/tutorial/interpreter.html,20,21,694
/3/search.html,19,19,2606
/3.12/library/os.html,18,18,295
/3.12/library/tkinter.html,17,18,256
/3.12/tutorial/appetite.html,17,17,172
/3/tutorial/,17,17,3306
/dev/using/windows.html,16,16,317
/3.12/reference/datamodel.html,15,15,265
/3/tutorial/index.html,15,15,1853
/3/library/index.html,14,14,1586
/3.12/library/dis.html,12,12,598
/3.12/library/exceptions.html,11,11,56
/3.12/library/itertools.html,10,11,1
/3.12/py-modindex.html,10,10,266
/3.12/reference/index.html,10,10,421
/3.12/library/math.html,9,11,404
/3.12/library/random.html,9,9,141
/3.12/library/re.html,9,10,99
/3/library/functions.html,9,9,2488
/zh-cn/3.12/,9,9,7
/zh-cn/3.12/library/index.html,9,10,10
/zh-cn/3.12/using/mac.html,9,9,43
/3.12/library/csv.html,8,9,61
/3.12/library/io.html,8,8,193
/3.12/library/os.path.html,8,8,13
/3/library/heapq.html,8,8,421
/es/3.12/tutorial/index.html,8,8,10
/zh-cn/3.12/library/stdtypes.html,8,8,98
/3.12/library/turtle.html,7,8,0
/3.12/tutorial/classes.html,7,7,0
/3.12/using/cmdline.html,7,7,81
/3/library/stdtypes.html,7,7,1428
/3/library/typing.html,7,7,999
/zh-cn/3.12/tutorial/datastructures.html,7,7,627
/3.12/installing/index.html,6,7,61
/3.12/library/argparse.html,6,6,25538
/3.12/library/sqlite3.html,6,6,2
/3.12/library/string.html,6,6,26372
/3.12/library/telnetlib.html,6,6,58
/3.12/library/time.html,6,6,262
/3.12/library/tkinter.ttk.html,6,6,322
/3/library/dis.html,6,6,850
/es/3.12/,6,8,59
/ja/3.12/library/index.html,6,6,67
/zh-cn/3.12/library/functions.html,6,6,580
/zh-cn/3.12/library/turtle.html,6,7,90
/zh-cn/3.12/reference/index.html,6,6,233
/3.12/library/cgi.html,5,5,65
/3.12/library/concurrent.futures.html,5,5,0
/3.12/library/functools.html,5,5,166
/3.12/library/json.html,5,5,0
/3.12/library/logging.html,5,5,419
/3.12/library/multiprocessing.html,5,5,0
/3.12/library/sys.html,5,5,99
/3.12/library/xml.etree.elementtree.html,5,5,767
/3.12/tutorial/modules.html,5,5,4
/3.12/using/index.html,5,5,48
/3.13/,5,5,302
/3.15/,5,5,87
/ja/3.12/index.html,5,7,9
/zh-cn/3.12/library/heapq.html,5,6,0
/3.12/contents.html,4,4,35
/3.12/download.html,4,4,38
/3.12/glossary.html,4,4,7
/3.12/library/asyncio-queue.html,4,4,839
/3.12/library/asyncio-task.html,4,4,38153
/3.12/library/asyncio.html,4,4,270
/3.12/library/calendar.html,4,4,0
/3.12/library/intro.html,4,4,149
/3.12/library/pathlib.html,4,4,0
/3.12/library/queue.html,4,4,323
/3.12/library/statistics.html,4,4,38274
/3.12/library/venv.html,4,4,38261
/3.12/library/zipfile.html,4,4,0
/3.14/,4,4,63
/3/library/,4,4,2709
/3/library/idle.html,4,4,90
/3/library/re.html,4,4,1533
/3/library/string.html,4,4,2104
/3/library/venv.html,4,4,396
/3/py-modindex.html,4,4,470
/3/tutorial/errors.html,4,4,420
/es/3.12/tutorial/controlflow.html,4,4,0
/it/3.12/library/functions.html,4,4,0
/ja/3.12/,4,5,416
/ja/3.12/c-api/buffer.html,4,5,2
/zh-cn/3.12/reference/introduction.html,4,4,174
/zh-tw/3.12/howto/argparse.html,4,4,0
/3.12/howto/logging-cookbook.html,3,3,0
/3.12/howto/perf_profiling.html,3,3,4
/3.12/library/asyncio-stream.html,3,3,1137
/3.12/library/enum.html,3,3,53276
/3.12/library/heapq.html,3,3,0
/3.12/library/http.client.html,3,3,262
/3.12/library/importlib.html,3,3,530
/3.12/library/numbers.html,3,3,80
/3.12/library/ssl.html,3,3,64
/3.12/library/subprocess.html,3,3,668
/3.12/reference/introduction.html,3,3,0
/3.12/tutorial/inputoutput.html,3,3,2
/3.12/using/configure.html,3,3,2
/3.14/whatsnew/3.14.html,3,3,343
/3/contents.html,3,3,187
/3/glossary.html,3,3,51600
/3/index.html,3,3,9
/3/library/audioop.html,3,3,235
/3/library/collections.html,3,3,615
/3/library/datetime.html,3,3,406
/3/library/enum.html,3,3,10
/3/tutorial/appetite.html,3,3,4811
/3/tutorial/controlflow.html,3,3,162
/es/3.12/tutorial/errors.html,3,3,0
/fr/3.12/library/tkinter.ttk.html,3,3,0
/ja/3.12/library/stdtypes.html,3,3,0
/pt-br/3.12/howto/regex.html,3,3,0
/zh-cn/3.12/c-api/init.html,3,3,16
/zh-cn/3.12/library/idle.html,3,3,0
/zh-cn/3.12/library/sqlite3.html,3,3,0
/zh-cn/3.12/library/tkinter.html,3,3,85
/zh-cn/3.12/tutorial/interpreter.html,3,3,0
/zh-cn/3.12/using/cmdline.html,3,3,0
/zh-cn/3.12/using/index.html,3,3,0
/zh-cn/3/,3,3,80
/zh-tw/3.12/installing/index.html,3,3,0
/zh-tw/3.12/using/mac.html,3,3,5
//3.12/library/unittest.html,2,2,0
/3.12/genindex.html,2,2,510
/3.12/howto/logging.html,2,2,103
/3.12/library/aifc.html,2,2,6
/3.12/library/array.html,2,2,0
/3.12/library/asyncio-eventloop.html,2,2,0
/3.12/library/codecs.html,2,2,0
/3.12/library/collections.abc.html,2,2,522
/3.12/library/collections.html,2,2,0
/3.12/library/contextlib.html,2,2,0
/3.12/library/crypt.html,2,2,0
/3.12/library/decimal.html,2,2,0
/3.12/library/doctest.html,2,2,1
/3.12/library/email.mime.html,2,2,650
/3.12/library/glob.html,2,2,0
/3.12/library/idle.html,2,2,0
/3.12/library/importlib.resources.html,2,2,0
/3.12/library/shutil.html,2,2,0
/3.12/library/socket.html,2,2,36
/3.12/library/threading.html,2,2,0
/3.12/library/types.html,2,2,77
/3.12/library/unittest.html,2,2,0
/3.12/library/urllib.parse.html,2,2,0
/3.12/library/uuid.html,2,2,0
/3.12/library/xml.html,2,2,140
/3.12/reference/compound_stmts.html,2,2,79923
/3.12/reference/expressions.html,2,2,890
/3.12/reference/import.html,2,2,0
/3.12/reference/simple_stmts.html,2,2,296
/3.12/tutorial/errors.html,2,2,3
/3.12/tutorial/interactive.html,2,2,0
/3.13/reference/index.html,2,2,11
/3.13/tutorial/index.html,2,2,113
/3.14/index.html,2,2,2
/3.14/library/dis.html,2,2,2
/3.14/using/windows.html,2,2,44
/3.15/library/csv.html,2,2,76310
/3/c-api/code.html,2,2,76320
/3/genindex-V.html,2,2,76228
/3/howto/logging.html,2,2,554
/3/library/argparse.html,2,2,59
/3/library/asyncio-eventloop.html,2,2,22
/3/library/asyncio.html,2,2,1336
/3/library/csv.html,2,2,200
/3/library/io.html,2,2,77570
/3/library/itertools.html,2,2,595
/3/library/logging.html,2,2,1274
/3/library/multiprocessing.html,2,2,164
/3/library/os.html,2,2,50
/3/library/pathlib.html,2,2,398
/3/library/smtplib.html,2,2,3
/3/library/subprocess.html,2,2,132
/3/library/telnetlib.html,2,2,52
/3/library/turtle.html,2,2,1314
/3/library/types.html,2,2,79880
/3/library/urllib.parse.html,2,2,245
/3/library/winsound.html,2,2,238
/3/library/xml.etree.elementtree.html,2,2,926
/3/reference/datamodel.html,2,3,10
/3/reference/import.html,2,2,45
/3/tutorial/classes.html,2,2,72
/3/tutorial/datastructures.html,2,2,1934
/3/tutorial/inputoutput.html,2,2,1152
/3/tutorial/introduction.html,2,2,3557
/es/3.12/extending/embedding.html,2,2,0
/es/3/genindex-Símbolos.html,2,2,1453
/fr/3.12/,2,2,0
/fr/3.12/library/stdtypes.html,2,2,0
/fr/3.12/reference/lexical_analysis.html,2,3,0
/ja/3.12/library/multiprocessing.html,2,2,40
/ja/3.12/library/multiprocessing.shared_memory.html,2,2,0
/ja/3.12/library/re.html,2,2,0
/ja/3.12/using/windows.html,2,2,282
/ja/3/,2,2,810
/tr/3.12/tutorial/classes.html,2,2,0
/uk/3/library/functions.html,2,2,227
/zh-cn/3.12//whatsnew/3.12.html,2,2,0
/zh-cn/3.12/contents.html,2,2,42
/zh-cn/3.12/glossary.html,2,2,1355
/zh-cn/3.12/howto/regex.html,2,2,0
/zh-cn/3.12/howto/unicode.html,2,2,28
/zh-cn/3.12/library/2to3.html,2,2,0
/zh-cn/3.12/library/argparse.html,2,2,14
/zh-cn/3.12/library/asyncio-eventloop.html,2,2,0
/zh-cn/3.12/library/asyncio-protocol.html,2,2,0
/zh-cn/3.12/library/itertools.html,2,2,0
/zh-cn/3.12/library/logging.config.html,2,2,122
/zh-cn/3.12/library/venv.html,2,2,0
/zh-cn/3.12/py-modindex.html,2,2,432
/zh-cn/3.12/reference/compound_stmts.html,2,2,0
/zh-cn/3.12/reference/datamodel.html,2,2,19
/zh-cn/3.12/reference/import.html,2,2,104
/zh-cn/3.12/search.html,2,2,584
/zh-cn/3.12/tutorial/controlflow.html,2,2,0
/zh-cn/3.12/tutorial/errors.html,2,2,0
/zh-cn/3.12/tutorial/introduction.html,2,3,0
/zh-cn/3.12/tutorial/modules.html,2,2,204
/zh-cn/3.12/whatsnew/3.12.html,2,2,0
/zh-cn/3.14/,2,2,92
/zh-cn/3.14/whatsnew/,2,2,550
/zh-cn/3/library/idle.html,2,2,738
/zh-cn/3/library/tk.html,2,2,157
/zh-cn/3/search.html,2,2,42
/zh-cn/3/tutorial/index.html,2,2,696
/zh-cn/3/using/index.html,2,2,10
/zh-tw/3.12/library/operator.html,2,2,0
/3.12/c-api/index.html,1,1,0
/3.12/c-api/set.html,1,1,0
/3.12/c-api/structures.html,1,1,159825
/3.12/distributing/index.html,1,1,24
/3.12/faq/general.html,1,1,8753
/3.12/genindex-N.html,1,1,0
/3.12/genindex-V.html,1,1,0
/3.12/genindex-W.html,1,1,3
/3.12/genindex-all.html,1,1,0
/3.12/howto/argparse.html,1,1,0
/3.12/howto/index.html,1,1,0
/3.12/howto/sorting.html,1,1,0
/3.12/library/abc.html,1,1,0
/3.12/library/asyncio-dev.html,1,1,0
/3.12/library/asyncio-future.html,1,1,35
/3.12/library/audioop.html,1,1,0
/3.12/library/bdb.html,1,1,159915
/3.12/library/binascii.html,1,1,159640
/3.12/library/configparser.html,1,1,0
/3.12/library/constants.html,1,1,45
/3.12/library/contextvars.html,1,1,32
/3.12/library/copy.html,1,1,0
/3.12/library/crypto.html,1,1,125
/3.12/library/ctypes.html,1,1,0
/3.12/library/curses.html,1,1,0
/3.12/library/difflib.html,1,1,0
/3.12/library/distutils.html,1,1,0
/3.12/library/email.compat32-message.html,1,1,160540
/3.12/library/email.message.html,1,1,0
/3.12/library/errno.html,1,1,0
/3.12/library/filecmp.html,1,1,0
/3.12/library/functional.html,1,1,257
/3.12/library/gc.html,1,1,0
/3.12/library/hmac.html,1,1,1167
/3.12/library/http.server.html,1,1,0
/3.12/library/imaplib.html,1,1,0
/3.12/library/imp.html,1,1,0
/3.12/library/importlib.metadata.html,1,1,51
/3.12/library/inspect.html,1,1,0
/3.12/library/logging.config.html,1,1,0
/3.12/library/logging.handlers.html,1,1,0
/3.12/library/msvcrt.html,1,1,152428
/3.12/library/multiprocessing.shared_memory.html,1,1,0
/3.12/library/nntplib.html,1,1,0
/3.12/library/pickle.html,1,1,188
/3.12/library/profile.html,1,1,551
/3.12/library/select.html,1,1,159220
/3.12/library/selectors.html,1,1,159700
/3.12/library/shelve.html,1,1,1786
/3.12/library/socketserver.html,1,1,0
