property,value,visitors,events,percentage
url,(none),4432,6877,99.8
url,https://www.python.org/,51,53,1.1
url,https://www.python.org/downloads/,13,13,0.3
url,https://packaging.python.org/en/latest/tutorials/installing-packages/#ensure-pip-setuptools-and-wheel-are-up-to-date,5,5,0.1
url,https://docs.python.org/fr/3.14/archives/python-3.14-docs-text.zip,4,4,0.1
url,https://docs.python.org/fr/3/archives/python-3.14-docs-html.zip,4,4,0.1
url,https://docs.python.org/fr/3.14/archives/python-3.14-docs.epub,3,4,0.1
url,https://docs.python.org/fr/3/archives/python-3.14-docs.epub,3,3,0.1
url,https://github.com/python/cpython/tree/3.14/Lib/tkinter/__init__.py,3,3,0.1
url,https://packaging.python.org/,3,3,0.1
url,https://packaging.python.org/installing/#requirements-for-installing-packages,3,3,0.1
url,https://www.tkdocs.com/,3,3,0.1
url,https://docs.python.org/fr/3.14/archives/python-3.14-docs-html.zip,2,2,0.0
url,https://docs.python.org/fr/3.14/archives/python-3.14-docs-texinfo.tar.bz2,2,3,0.0
url,https://docs.python.org/fr/3.14/archives/python-3.14-docs-texinfo.zip,2,2,0.0
url,https://github.com/python/cpython/tree/3.14/Lib/csv.py,2,2,0.0
url,https://github.com/python/cpython/tree/3.14/Lib/idlelib/,2,2,0.0
url,https://github.com/python/cpython/tree/3.14/Lib/turtle.py,2,2,0.0
url,https://manpages.debian.org/getsockopt(2),2,2,0.0
url,https://packaging.python.org/en/latest/tutorials/packaging-projects/,2,2,0.0
url,https://wiki.python.org/moin/BeginnersGuide,2,2,0.0
url,https://www.python.org/downloads/macos/,2,2,0.0
url,https://apps.microsoft.com/detail/9NQ7512CXL7T,1,1,0.0
url,https://brew.sh/,1,1,0.0
url,https://dateutil.readthedocs.io/en/stable/,1,1,0.0
url,https://devguide.python.org/documentation/start-documenting/#building-the-documentation,1,1,0.0
url,https://docs.pytest.org/,1,1,0.0
url,https://docs.python.org/fr/3.14/archives/python-3.14-docs-html.tar.bz2,1,1,0.0
url,https://docs.python.org/fr/3/archives/python-3.14-docs-text.zip,1,1,0.0
url,https://fr.wikipedia.org/wiki/Suite_de_Fibonacci,1,1,0.0
url,https://github.com/python/cpython/blob/main/Doc/contents.rst?plain=1,1,1,0.0
url,https://github.com/python/cpython/blob/main/Doc/glossary.rst?plain=1,1,1,0.0
url,https://github.com/python/cpython/tree/3.14/Lib/base64.py,1,1,0.0
url,https://github.com/python/cpython/tree/3.14/Lib/copy.py,1,1,0.0
url,https://github.com/python/cpython/tree/3.14/Lib/http/server.py,1,1,0.0
url,https://github.com/python/cpython/tree/3.14/Lib/ipaddress.py,1,2,0.0
url,https://github.com/python/cpython/tree/3.14/Lib/json/__init__.py,1,1,0.0
url,https://github.com/python/cpython/tree/3.14/Lib/pdb.py,1,1,0.0
url,https://github.com/python/cpython/tree/3.14/Lib/random.py,1,1,0.0
url,https://github.com/python/cpython/tree/3.14/Lib/string.py,1,1,0.0
url,https://github.com/python/cpython/tree/main/Lib/idlelib/,1,1,0.0
url,https://peps.python.org/pep-0008/,1,1,0.0
url,https://peps.python.org/pep-0489/,1,1,0.0
url,https://peps.python.org/pep-3105/,1,1,0.0
url,https://peps.python.org/pep-3149/,1,1,0.0
url,https://pypi.org/,1,1,0.0
url,https://pypi.org/project/DateType/,1,1,0.0
url,https://wiki.python.org/moin/IntegratedDevelopmentEnvironments,1,1,0.0
url,https://wiki.python.org/moin/PythonEditors,1,1,0.0
url,https://www.debian.org/doc/manuals/maint-guide/first.fr.html,1,1,0.0
url,https://www.joelonsoftware.com/2003/10/08/the-absolute-minimum-every-software-developer-absolutely-positively-must-know-about-unicode-and-character-sets-no-excuses/,1,1,0.0
url,https://www.tcl.tk/man/tcl8.6/TkCmd/contents.htm,1,1,0.0
url,https://www.tcl.tk/man/tcl8.6/TkCmd/ttk_button.htm,1,1,0.0
url,https://www.tkdocs.com/shipman/,1,1,0.0
url,https://www.unicode.org/Public/16.0.0/ucd/NameAliases.txt,1,1,0.0
url,https://www.unicode.org/versions/Unicode16.0.0/core-spec/chapter-4/#G91002,1,1,0.0
