name,visitors,pageviews,bounce_rate,time_on_page,scroll_depth
/fr/3/tutorial/,534,665,62,37,56
/fr/3/library/stdtypes.html,243,388,70,84,12
/fr/3/tutorial/datastructures.html,204,223,81,75,29
/fr/3/library/random.html,170,176,90,38,31
/fr/3/tutorial/classes.html,146,151,90,50,32
/fr/3/tutorial/interpreter.html,145,135,54,56,73
/fr/3/tutorial/appetite.html,144,128,42,66,91
/fr/3.14/,124,131,31,16,75
/fr/3/library/tkinter.html,124,136,75,50,22
/fr/3/tutorial/introduction.html,121,126,76,174,54
/fr/3/search.html,115,159,45,17,45
/fr/3/library/csv.html,113,124,82,66,41
/fr/3/library/turtle.html,106,115,83,58,23
/fr/3/tutorial/controlflow.html,105,108,81,163,34
/fr/3/library/functions.html,100,101,82,46,43
/fr/3/howto/sorting.html,97,101,87,50,33
/fr/3/tutorial/errors.html,88,89,83,70,36
/fr/3/library/datetime.html,83,85,87,54,23
/fr/3/tutorial/index.html,82,91,64,55,59
/fr/3/,80,100,49,25,77
/fr/dev/installing/index.html,78,84,78,37,58
/fr/3.14/search.html,72,156,33,79,53
/fr/3.14/tutorial/index.html,71,86,40,91,63
/fr/3/tutorial/venv.html,71,72,85,41,61
/fr/3.15/using/windows.html,68,57,85,24,26
/fr/3/library/idle.html,66,68,73,12,28
/fr/3/tutorial/inputoutput.html,58,60,79,35,37
/fr/3/howto/regex.html,56,56,91,49,29
/fr/3/library/json.html,55,56,82,50,28
/fr/3/library/math.html,54,59,91,57,37
/fr/3/library/time.html,53,48,79,49,32
/fr/3/using/windows.html,51,49,87,30,18
/fr/3/library/string.html,47,47,73,105,37
/fr/3.14/tutorial/introduction.html,40,35,57,123,74
/fr/3/library/os.html,39,42,74,75,15
/fr/3/genindex-Symboles.html,37,41,74,18,27
/fr/3/library/__main__.html,35,33,81,66,53
/fr/3/library/enum.html,35,35,76,18,24
/fr/3/reference/import.html,35,35,89,17,26
/fr/3/tutorial/modules.html,35,34,82,15,31
/fr/3.14/tutorial/controlflow.html,33,30,75,211,37
/fr/3/library/sys.html,33,31,82,72,35
/fr/3.14/library/functions.html,32,37,62,27,36
/fr/3.14/library/stdtypes.html,29,29,50,71,37
/fr/3/library/base64.html,29,29,87,44,52
/fr/3/library/index.html,29,41,74,315,41
/fr/3.14/tutorial/appetite.html,27,20,50,181,88
/fr/3/howto/sockets.html,27,26,67,61,59
/fr/3/library/pathlib.html,27,25,88,50,30
/fr/3/library/subprocess.html,27,25,67,91,35
/fr/3/reference/simple_stmts.html,27,26,79,59,30
/fr/3/library/re.html,26,24,69,2167,33
/fr/3.14/tutorial/interpreter.html,25,28,57,114,81
/fr/3/using/cmdline.html,25,26,100,43,25
/fr/3.14/library/index.html,24,21,43,32,41
/fr/3.13/tutorial/index.html,23,22,85,47,49
/fr/3.14/library/turtle.html,22,23,60,130,32
/fr/3/library/exceptions.html,22,22,93,19,50
/fr/3/library/operator.html,22,24,89,37,39
/fr/3.14/tutorial/modules.html,21,14,80,115,60
/fr/3/glossary.html,21,21,40,43,34
/fr/3/library/statistics.html,21,21,88,27,24
/fr/3.13/library/functions.html,20,24,72,28,42
/fr/3/installing/index.html,20,21,87,43,60
/fr/3/tutorial/stdlib.html,20,19,86,28,57
/fr/3/faq/windows.html,19,19,94,45,51
/fr/3/library/asyncio.html,19,18,73,63,78
/fr/3/library/copy.html,19,20,82,17,56
/fr/3.14/tutorial/datastructures.html,18,16,100,114,35
/fr/3.13/,17,17,67,18,74
/fr/3.13/library/turtle.html,17,20,80,577,34
/fr/3.14/download.html,17,13,40,24,97
/fr/3/index.html,17,17,50,8,69
/fr/3/library/collections.html,17,21,73,30,31
/fr/3/library/glob.html,17,17,81,25,66
/fr/3/library/tkinter.ttk.html,17,17,92,29,37
/fr/3/howto/unicode.html,16,19,73,57,39
/fr/3/py-modindex.html,16,19,67,19,52
/fr/3/contents.html,15,15,40,21,10
/fr/3/using/mac.html,15,17,67,39,54
/fr/3.14/index.html,14,16,0,12,73
/fr/3.14/library/tkinter.html,14,12,57,151,48
/fr/3.14/whatsnew/3.14.html,14,12,25,15,20
/fr/3/howto/argparse.html,14,13,67,72,37
/fr/3/library/decimal.html,14,12,75,64,32
/fr/3/reference/expressions.html,14,11,71,30,36
/fr/3/tutorial/appendix.html,14,13,33,162,59
/fr/3/using/index.html,14,14,64,15,74
/fr/3.14/glossary.html,13,15,0,14,51
/fr/3.14/library/random.html,13,18,33,137,60
/fr/3/library/dataclasses.html,13,15,92,76,32
/fr/3/library/filesys.html,13,11,60,39,86
/fr/3/library/timeit.html,13,17,69,61,72
/fr/3/reference/index.html,13,14,40,8,53
/fr/3/reference/lexical_analysis.html,13,15,100,37,46
/fr/3/tutorial/stdlib2.html,13,12,80,20,55
/fr/3/whatsnew/3.14.html,13,13,17,153,33
/fr/3.13/tutorial/controlflow.html,12,15,100,390,26
/fr/3/library/pprint.html,12,12,73,36,46
/fr/3/library/unittest.html,12,11,100,26,23
