name,visitors,pageviews,bounce_rate,time_on_page,scroll_depth
/fr/3.13/tutorial/index.html,192,254,56,64,54
/fr/3.13/tutorial/introduction.html,59,59,86,154,68
/fr/3.13/tutorial/interpreter.html,58,60,78,72,77
/fr/3/tutorial/,58,70,71,62,49
/fr/3.13/tutorial/datastructures.html,56,53,78,61,32
/fr/3/library/csv.html,54,58,82,113,41
/fr/3/tutorial/datastructures.html,52,58,84,115,47
/fr/3.13/tutorial/appetite.html,51,44,40,36,82
/fr/3.13/,47,60,48,54,80
/fr/3/tutorial/index.html,46,63,63,131,47
/fr/3.13/search.html,45,64,9,18,43
/fr/3.13/tutorial/controlflow.html,44,48,74,264,44
/fr/3.13/library/functions.html,42,40,75,55,33
/fr/dev/installing/index.html,41,40,85,72,62
/fr/3.13/tutorial/classes.html,39,38,84,649,44
/fr/3/,39,54,44,23,79
/fr/3.13/library/tkinter.html,37,36,76,56,30
/fr/3/tutorial/introduction.html,36,47,74,135,58
/fr/3/howto/regex.html,35,46,69,51,43
/fr/3.13/using/windows.html,32,34,63,83,34
/fr/3/library/functions.html,31,29,78,132,52
/fr/3/library/enum.html,30,41,65,43,27
/fr/3/library/json.html,29,30,84,31,25
/fr/3/tutorial/interpreter.html,29,32,73,116,68
/fr/3/tutorial/errors.html,28,29,82,274,39
/fr/3.13/library/stdtypes.html,24,25,73,75,15
/fr/3/library/__main__.html,24,25,91,20,49
/fr/3.13/library/datetime.html,23,26,56,30,31
/fr/3/library/index.html,23,37,69,102,49
/fr/3/tutorial/controlflow.html,23,27,67,124,21
/fr/3.13/tutorial/errors.html,22,20,71,76,40
/fr/3.13/tutorial/modules.html,22,18,100,223,59
/fr/3/tutorial/appetite.html,22,26,58,54,84
/fr/3/tutorial/inputoutput.html,21,20,100,147,34
/fr/3/tutorial/venv.html,21,22,95,24,66
/fr/3.13/library/pathlib.html,19,20,73,84,23
/fr/3.13/index.html,18,17,0,13,80
/fr/3/library/string.html,17,20,62,151,21
/fr/3.13/library/os.html,16,16,91,64,30
/fr/3.13/library/tkinter.ttk.html,15,18,79,64,20
/fr/3/library/stdtypes.html,15,17,50,83,30
/fr/3/tutorial/classes.html,15,15,80,239,39
/fr/3.13/library/idle.html,14,13,92,60,36
/fr/3.13/library/re.html,14,15,89,58,16
/fr/3.13/library/turtle.html,14,30,50,84,44
/fr/3.13/reference/import.html,14,14,75,15,20
/fr/3.13/glossary.html,13,13,83,118,37
/fr/3.13/library/index.html,13,20,0,40,40
/fr/3.13/library/random.html,12,13,86,176,24
/fr/3/howto/logging.html,12,12,90,44,22
/fr/3/library/glob.html,12,12,88,49,70
/fr/3.13/howto/argparse.html,11,10,75,139,51
/fr/3.13/reference/index.html,11,19,50,39,53
/fr/3.13/tutorial/inputoutput.html,11,11,75,292,67
/fr/3/search.html,11,17,50,19,68
/fr/3.13/contents.html,10,11,0,17,38
/fr/3/library/threading.html,10,10,78,89,40
/fr/3/tutorial/modules.html,10,12,100,52,54
/fr/3.13/library/dialog.html,9,13,50,23,64
/fr/3.13/library/operator.html,9,9,88,2,28
/fr/3/library/random.html,9,9,60,142,38
/fr/3.13/howto/sorting.html,8,9,86,154,57
/fr/3.13/installing/index.html,8,8,50,22,57
/fr/3.13/library/asyncio.html,8,6,80,15,66
/fr/3.13/reference/compound_stmts.html,8,10,75,71,19
/fr/3.13/tutorial/venv.html,8,7,0,1518,48
/fr/3/library/exceptions.html,8,8,75,62,50
/fr/3/library/queue.html,8,6,80,37,46
/fr/3/library/statistics.html,8,8,71,130,16
/fr/3/library/sys.html,8,10,57,121,22
/fr/3/using/mac.html,8,8,75,24,40
/fr/3/using/windows.html,8,8,100,49,36
/fr/3.13/download.html,7,5,0,33,83
/fr/3.13/faq/windows.html,7,7,100,43,59
/fr/3.13/genindex-Symboles.html,7,7,71,39,65
/fr/3.13/library/abc.html,7,6,33,49,83
/fr/3.13/library/base64.html,7,7,100,63,36
/fr/3.13/library/filesys.html,7,9,50,83,70
/fr/3.13/library/hashlib.html,7,6,80,6,8
/fr/3.13/library/math.html,7,10,83,151,30
/fr/3.13/library/subprocess.html,7,5,100,17,35
/fr/3.13/library/time.html,7,6,100,11,24
/fr/3.13/library/timeit.html,7,6,100,182,44
/fr/3.13/tutorial/stdlib.html,7,10,0,981,100
/fr/3/contents.html,7,7,50,68,18
/fr/3/library/datetime.html,7,8,80,23,51
/fr/3/library/os.html,7,8,50,441,29
/fr/3/using/cmdline.html,7,6,100,14,16
/fr/3/whatsnew/3.13.html,7,7,50,358,35
/fr/dev/reference/compound_stmts.html,7,6,67,53,35
/fr/3.13/howto/unicode.html,6,7,60,3,11
/fr/3.13/library/urllib.html,6,5,25,9,100
/fr/3.13/py-modindex.html,6,6,0,16,39
/fr/3.13/tutorial/appendix.html,6,5,0,27,86
/fr/3/installing/index.html,6,6,100,40,47
/fr/3/library/math.html,6,5,100,41,45
/fr/3/library/multiprocessing.html,6,7,67,80,22
/fr/3/library/pathlib.html,6,5,100,30,46
/fr/3/library/re.html,6,8,0,43,28
/fr/3.13/library/calendar.html,5,7,50,284,70
