name,visitors,bounce_rate,visit_duration
google.com,872,77,172
Direct / None,584,62,359
bing.com,71,82,174
openclassrooms.com,44,81,166
search.brave.com,40,75,104
duckduckgo.com,31,74,255
qwant.com,27,69,703
python.org,26,0,455
chatgpt.com,23,65,71
ecosia.org,11,80,92
google.fr,9,83,70
wiki.python.org,5,40,380
afpy.org,3,0,515
collegemv.omnivox.ca,3,100,0
fr.search.yahoo.com,2,100,74
linkedin.com,2,100,0
m.baidu.com,2,100,0
sites.google.com,2,50,10
bing.com/search,1,100,0
collegemv-estd.omnivox.ca,1,100,0
datascientest.com,1,100,0
developpez.net,1,100,0
dmerej.info,1,100,0
facebook.com,1,100,0
fr.wikipedia.org,1,100,0
inseefrlab.github.io,1,100,0
l.facebook.com,1,100,0
numpy.org,1,0,46
packaging.python.org/en/latest/guides/tool-recommendations,1,0,0
realpython.com,1,0,1499
search.lilo.org,1,100,0
statics.teams.cdn.office.net,1,100,0
youtube.com,1,100,0
