name,unique_exits,total_exits,exit_rate
/pl/3/tutorial/datastructures.html,53,57,
/pl/3/tutorial/index.html,35,35,
/pl/dev/library/turtle.html,25,27,
/pl/3/tutorial/controlflow.html,16,22,
/pl/3/tutorial/introduction.html,12,11,
/pl/dev/tutorial/classes.html,12,12,
/pl/3/installing/index.html,9,10,
/pl/3/tutorial/modules.html,9,9,
/pl/3/tutorial/inputoutput.html,8,10,
/pl/3/,7,6,
/pl/3/tutorial/errors.html,7,7,
/pl/dev/tutorial/inputoutput.html,7,7,
/pl/3/library/array.html,6,6,
/pl/3/tutorial/interpreter.html,6,6,
/pl/3/tutorial/venv.html,6,6,
/pl/3/tutorial/appetite.html,5,8,
/3/,4,3,
/pl/3.13/library/functions.html,4,5,
/3/library/stdtypes.html,3,3,
/3/tutorial/datastructures.html,3,2,
/pl/3/search.html,3,3,
/pl/3/tutorial/classes.html,3,3,
/pl/dev/tutorial/controlflow.html,3,3,
/pl/dev/tutorial/datastructures.html,3,3,
/3.13/,2,2,
/3.13/tutorial/introduction.html,2,2,
/3/howto/sorting.html,2,1,
/3/library/exceptions.html,2,2,
/pl/3.12/tutorial/introduction.html,2,3,
/pl/3.13/tutorial/datastructures.html,2,2,
/pl/3.13/tutorial/index.html,2,2,
/pl/3.13/tutorial/introduction.html,2,2,
/pl/3/c-api/index.html,2,2,
/pl/3/contents.html,2,2,
/pl/3/extending/extending.html,2,2,
/pl/3/reference/index.html,2,2,
/pl/3/tutorial/,2,2,
/pl/3/tutorial/stdlib2.html,2,2,
/pl/dev/tutorial/floatingpoint.html,2,2,
/3.12/tutorial/inputoutput.html,1,1,
/3.13/extending/embedding.html,1,1,
/3.13/index.html,1,1,
/3.13/library/asyncio.html,1,1,
/3.13/library/collections.html,1,1,
/3.13/library/datetime.html,1,1,
/3.13/library/http.server.html,1,1,
/3.13/library/re.html,1,1,
/3.13/py-modindex.html,1,1,
/3.13/reference/introduction.html,1,1,
/3.13/tutorial/classes.html,1,1,
/3.13/tutorial/inputoutput.html,1,1,
/3.13/tutorial/venv.html,1,1,
/3.13/using/cmdline.html,1,1,
/3.13/using/windows.html,1,1,
/3.14/,1,1,
/3/c-api/capsule.html,1,0,
/3/c-api/index.html,1,1,
/3/c-api/intro.html,1,1,
/3/howto/logging.html,1,1,
/3/installing/index.html,1,1,
/3/library/asyncio-sync.html,1,1,
/3/library/contextlib.html,1,1,
/3/library/csv.html,1,1,
/3/library/datetime.html,1,1,
/3/library/glob.html,1,1,
/3/library/idle.html,1,1,
/3/library/index.html,1,1,
/3/library/pickle.html,1,1,
/3/library/profile.html,1,1,
/3/library/site.html,1,1,
/3/library/socket.html,1,1,
/3/library/string.html,1,1,
/3/library/sys.html,1,1,
/3/library/tk.html,1,1,
/3/library/turtle.html,1,1,
/3/library/xml.etree.elementtree.html,1,1,
/3/reference/compound_stmts.html,1,1,
/3/search.html,1,1,
/3/tutorial/,1,1,
/3/tutorial/controlflow.html,1,1,
/3/tutorial/errors.html,1,1,
/3/tutorial/index.html,1,1,
/3/tutorial/inputoutput.html,1,1,
/3/tutorial/modules.html,1,1,
/3/whatsnew/3.13.html,1,1,
/ko/3.13/,1,1,
/pl/3.12/,1,1,
/pl/3.12/installing/index.html,1,1,
/pl/3.12/library/functions.html,1,1,
/pl/3.12/library/stat.html,1,1,
/pl/3.12/tutorial/inputoutput.html,1,1,
/pl/3.12/whatsnew/3.12.html,1,1,
/pl/3.13/,1,1,
/pl/3.13/download.html,1,1,
/pl/3.13/glossary.html,1,1,
/pl/3.13/index.html,1,1,
/pl/3.13/library/csv.html,1,1,
/pl/3.13/library/itertools.html,1,1,
/pl/3.13/library/multiprocessing.html,1,1,
/pl/3.13/library/sched.html,1,1,
