name,visitors
Mexico,539
Spain,517
Colombia,372
Argentina,232
Peru,194
Chile,146
Ecuador,89
Venezuela,84
Singapore,65
United States,57
Dominican Republic,37
Bolivia,32
China,32
Costa Rica,26
Uruguay,20
Cuba,18
Guatemala,18
Nicaragua,14
Honduras,12
Panama,10
El Salvador,10
Germany,9
Brazil,7
Paraguay,6
Vietnam,6
Switzerland,3
France,3
India,3
Iran,3
Russian Federation,3
Australia,2
United Kingdom,2
Italy,2
Kenya,2
South Korea,2
Puerto Rico,2
Sweden,2
Bosnia and Herzegovina,1
Bangladesh,1
Côte d'Ivoire,1
Gibraltar,1
Indonesia,1
Jamaica,1
Japan,1
Kazakhstan,1
Moldova,1
Netherlands,1
Nepal,1
Poland,1
Slovenia,1
