name,visitors
Chrome,18238
Microsoft Edge,8293
Firefox,2345
Safari,1274
Mobile App,1021
Opera,903
Yandex Browser,285
vivo Browser,114
Smart Lenovo Browser,103
Quark,89
Avast Secure Browser,66
QQ Browser,61
Samsung Browser,58
Huawei Browser Mobile,54
MIUI Browser,54
Whale Browser,32
UC Browser,25
Sogou Explorer,13
AVG Secure Browser,9
Android Browser,6
Opera Touch,6
Huawei Browser,5
Norton Private Browser,5
(not set),4
Iron,4
Avira Secure Browser,3
CCleaner,3
Opera GX,3
360 Secure Browser,2
Chromium,2
Lenovo Browser,2
Meizu Browser,2
Mobile Silk,2
SberBrowser,2
115 Browser,1
Atom,1
Coc Coc,1
EUI Browser,1
Oppo Browser,1
Sleipnir,1
Soul Browser,1
t-online.de Browser,1
tararia,1
