name,visitors,pageviews,bounce_rate,time_on_page,scroll_depth
/3.13/tutorial/index.html,5567,6188,66,44,48
/3.13/using/windows.html,4080,4603,76,37,24
/3.13/,1847,2281,53,22,77
/3.13/index.html,1595,1575,58,24,72
/3.13/whatsnew/3.13.html,1213,1190,72,38,13
/3.13/tutorial/interpreter.html,1129,1086,73,129,69
/3.13/tutorial/appetite.html,1011,901,52,84,87
/ja/3.13/c-api/capsule.html,896,940,76,5,36
/3.13/tutorial/,831,926,58,39,55
/zh-cn/3.13/,616,757,38,19,79
/zh-cn/3.13/tutorial/index.html,600,765,52,37,63
/es/3.13/tutorial/index.html,596,704,60,51,50
/3.13/tutorial/introduction.html,589,550,73,145,55
/3.13/search.html,527,690,49,24,55
/3.13/library/index.html,521,569,46,44,41
/3.13/tutorial/controlflow.html,414,417,77,195,43
/3.13/library/functions.html,360,369,73,60,50
/zh-cn/3.13/library/index.html,355,561,37,36,50
/es/3.13/library/tkinter.html,337,362,72,82,32
/3.13/library/stdtypes.html,318,322,74,85,37
/ja/3.13/library/functions.html,286,280,78,46,45
/zh-cn/3.13/tutorial/controlflow.html,284,274,72,205,48
/zh-cn/3.13/tutorial/introduction.html,254,248,64,191,55
/ja/3.13/library/index.html,251,312,61,36,47
/zh-cn/3.13/tutorial/interpreter.html,247,258,53,105,83
/3.13/installing/index.html,232,188,64,37,63
/3.13/reference/index.html,222,244,49,77,66
/es/3.13/,220,243,30,15,76
/ja/3.13/tutorial/index.html,218,302,52,34,57
/ja/3.13/library/datetime.html,216,242,85,42,27
/ja/3.13/library/stdtypes.html,212,231,75,64,30
/es/3.13/library/index.html,204,230,59,30,38
/zh-cn/3.13/search.html,195,260,25,30,56
/3.13/glossary.html,191,166,43,128,37
/es/3.13/tutorial/interpreter.html,191,189,66,89,72
/3.13/tutorial/datastructures.html,183,171,55,137,52
/zh-cn/3.13/tutorial/appetite.html,180,154,45,102,89
/es/3.13/tutorial/datastructures.html,176,181,86,83,36
/zh-cn/3.13/library/stdtypes.html,176,217,72,103,44
/es/3.13/tutorial/introduction.html,173,178,80,181,54
/es/3.13/tutorial/venv.html,171,184,90,51,54
/zh-cn/3.13/library/functions.html,170,183,66,116,45
/3.13/using/index.html,165,178,33,32,77
/es/3.13/search.html,159,233,37,24,53
/zh-cn/3.13/tutorial/datastructures.html,159,155,52,144,56
/zh-cn/3.13/index.html,158,188,43,17,79
/ja/3.13/library/re.html,151,154,90,57,33
/ja/3.13/search.html,144,268,24,28,58
/es/3.13/tutorial/appetite.html,142,125,45,95,86
/pt-br/3.13/tutorial/index.html,141,178,45,84,56
/ja/3.13/tutorial/interpreter.html,137,144,68,78,70
/zh-cn/3.13/glossary.html,137,143,53,69,39
/uk/3.13/library/tkinter.html,135,152,79,67,27
/uk/3.13/library/turtle.html,135,141,88,31,16
/zh-cn/3.13/contents.html,135,155,19,37,22
/zh-cn/3.13/reference/index.html,133,153,45,37,75
/3.13/contents.html,132,127,45,16,14
/3.13/py-modindex.html,132,131,43,28,48
/ja/3.13/library/pathlib.html,131,127,89,44,46
/ja/3.13/library/random.html,129,128,87,46,36
/ja/3.13/library/logging.html,128,139,80,35,37
/fr/3.13/tutorial/index.html,126,134,62,30,47
/es/3.13/library/functions.html,125,131,86,79,37
/3.13/tutorial/modules.html,124,128,59,90,48
/zh-cn/3.13/using/index.html,124,130,54,10,75
/es/3.13/tutorial/controlflow.html,122,124,77,116,34
/pt-br/3.13/,122,128,49,14,74
/3.13/download.html,119,104,64,23,82
/3.13/using/cmdline.html,118,103,75,43,38
/ja/3.13/library/subprocess.html,115,123,88,32,22
/es/3.13/tutorial/classes.html,114,124,89,163,36
/es/3.13/library/stdtypes.html,113,118,77,80,24
/ja/3.13/installing/index.html,113,187,75,83,61
/3.13/tutorial/appendix.html,112,101,73,36,74
/3.13/tutorial/inputoutput.html,112,104,65,117,59
/3.13/library/,111,119,72,15,35
/uk/3.13/library/idle.html,109,130,73,15,25
/3.13/tutorial/classes.html,108,97,64,172,62
/ja/3.13/library/math.html,105,119,80,42,42
/pt-br/3.13/search.html,104,166,43,20,61
/zh-cn/3.13/tutorial/modules.html,104,90,65,193,65
/zh-cn/3.13/tutorial/classes.html,103,98,79,170,54
/ja/3.13/library/exceptions.html,99,103,88,37,42
/ja/3.13/library/json.html,99,99,87,59,27
/ko/3.13/tutorial/index.html,99,125,52,22,55
/zh-cn/3.13/tutorial/,98,100,32,33,51
/3.13/genindex.html,96,86,64,7,99
/uk/3.13/tutorial/index.html,96,127,68,16,57
/ja/3.13/library/argparse.html,94,97,88,69,31
/3.13/library/tkinter.html,92,107,79,132,37
/es/3.13/tutorial/errors.html,92,93,83,98,43
/ja/3.13/tutorial/controlflow.html,92,119,71,161,36
/es/3.13/library/idle.html,91,95,72,31,33
/ja/3.13/library/typing.html,91,89,84,35,22
/ja/3.13/library/tkinter.html,90,104,70,73,36
/3.13/tutorial/stdlib.html,89,73,53,80,62
/zh-cn/3.13/using/windows.html,89,76,75,57,40
/zh-cn/3.13/whatsnew/3.13.html,89,95,57,85,30
/3.13/using/mac.html,88,86,66,1106,55
/es/3.13/library/tk.html,87,85,62,46,56
