name,version,visitors
Chrome,136.0,2185
Microsoft Edge,136.0,1100
Firefox,138.0,391
Chrome,135.0,250
Safari,18.4,109
Microsoft Edge,135.0,97
Opera,118.0,86
Chrome,134.0,83
Yandex Browser,25.4,74
Mobile App,(not set),71
Firefox,128.0,53
Chrome,131.0,43
Chrome,122.0,38
Smart Lenovo Browser,9.0,36
Chrome,133.0,32
Safari,18.5,29
Microsoft Edge,134.0,28
Chrome,132.0,24
Chrome,109.0,23
Chrome,130.0,19
Firefox,135.0,19
Chrome,126.0,17
Chrome,129.0,16
Safari,17.6,16
Chrome,128.0,15
Chrome,92.0,15
Firefox,136.0,14
Quark,(not set),13
Chrome,121.0,13
Microsoft Edge,131.0,13
Safari,18.3,11
Yandex Browser,25.2,10
Chrome,114.0,9
Opera,119.0,9
Chrome,125.0,9
Microsoft Edge,127.0,9
Firefox,137.0,9
Microsoft Edge,132.0,8
Samsung Browser,28.0,8
Chrome,86.0,8
Chrome,127.0,7
Firefox,134.0,6
Avast Secure Browser,134.0,6
Chrome,138.0,6
Safari,18.0,6
Microsoft Edge,116.0,5
Chrome,117.0,5
Chrome,119.0,5
Chrome,120.0,5
Microsoft Edge,133.0,5
Safari,16.6,5
Safari,17.1,5
Safari,18.2,5
SberBrowser,26.0,5
Mobile App,83.0,5
Chrome,101.0,4
Firefox,115.0,4
Chrome,116.0,4
Chrome,118.0,4
Microsoft Edge,122.0,4
Chrome,124.0,4
Microsoft Edge,124.0,4
Firefox,129.0,4
Microsoft Edge,130.0,4
Avira Secure Browser,134.0,4
Mobile App,136.0,4
Microsoft Edge,137.0,4
Safari,18.1,4
Yandex Browser,24.10,4
Chrome,95.0,4
(not set),(not set),3
Chrome,100.0,3
Microsoft Edge,107.0,3
Chrome,107.0,3
Chrome,108.0,3
Chrome,110.0,3
Chrome,111.0,3
Safari,12.1,3
Microsoft Edge,128.0,3
Firefox,133.0,3
Firefox,139.0,3
Safari,15.6,3
Safari,17.5,3
Microsoft Edge,18.18362,3
MIUI Browser,19.4,3
Quark,7.11,3
Chrome,91.0,3
Safari,(not set),2
Microsoft Edge,100.0,2
Microsoft Edge,109.0,2
Microsoft Edge,113.0,2
Firefox,114.0,2
Firefox,124.0,2
Microsoft Edge,125.0,2
Microsoft Edge,129.0,2
Safari,13.1,2
QQ Browser,13.5,2
QQ Browser,13.7,2
Firefox,132.0,2
Chrome,137.0,2
MIUI Browser,14.10,2
Safari,17.3,2
Safari,17.4,2
MIUI Browser,19.0,2
QQ Browser,19.1,2
MIUI Browser,19.5,2
vivo Browser,22.9,2
vivo Browser,24.4,2
Yandex Browser,24.7,2
Yandex Browser,25.43,2
Chrome,63.0,2
Mobile App,97.0,2
Chromium,(not set),1
Safari,10.0,1
Chrome,103.0,1
Mobile App,103.0,1
Chrome,103.1,1
Microsoft Edge,104.0,1
Chrome,106.0,1
QQ Browser,11.5,1
Microsoft Edge,111.0,1
Firefox,111.0,1
Chrome,112.0,1
Microsoft Edge,112.0,1
Chrome,113.0,1
Microsoft Edge,114.0,1
Chrome,115.0,1
Microsoft Edge,115.0,1
Firefox,116.0,1
Opera,117.0,1
Microsoft Edge,117.0,1
Firefox,117.0,1
Microsoft Edge,118.0,1
MIUI Browser,12.7,1
Microsoft Edge,121.0,1
Microsoft Edge,123.0,1
Chrome,123.0,1
Firefox,126.0,1
Firefox,126.1,1
Firefox,127.0,1
QQ Browser,13.3,1
vivo Browser,13.3,1
Avast Secure Browser,130.0,1
Mobile App,130.0,1
Avast Secure Browser,131.0,1
Firefox,138.1,1
Firefox,140.0,1
Huawei Browser Mobile,15.0,1
Safari,15.1,1
Safari,15.5,1
Huawei Browser Mobile,16.0,1
Safari,16.1,1
Safari,16.3,1
Safari,17.0,1
Safari,17.2,1
MIUI Browser,17.6,1
Safari,19.0,1
Sogou Explorer,2,1
Yandex Browser,23.11,1
Yandex Browser,23.7,1
vivo Browser,24.3,1
vivo Browser,24.6,1
Atom,26.0,1
Samsung Browser,26.0,1
Samsung Browser,28.1,1
Whale Browser,3.27,1
115 Browser,35.2,1
Whale Browser,4.30,1
QQ Browser,6.0,1
QtWebEngine,6.9,1
Safari,60.5,1
Microsoft Edge,89.0,1
Mobile App,91.0,1
Opera,94.0,1
Opera,95.0,1
Chrome,97.0,1
Microsoft Edge,98.0,1
