name,visitors
Brazil,358446
United States,121038
India,95067
Argentina,43042
Indonesia,22924
Mexico,17899
Malaysia,17381
Ecuador,16142
Vietnam,15843
Colombia,12599
Bangladesh,12335
Russian Federation,12289
Philippines,11658
China,8812
Peru,8017
Chile,7243
Turkey,6274
South Africa,6242
Paraguay,5759
France,5696
Nepal,5294
Ukraine,5254
Spain,4498
Uruguay,4014
Pakistan,3886
Morocco,3628
Venezuela,3494
Thailand,3476
Italy,3164
Poland,3127
Algeria,2968
United Arab Emirates,2835
Dominican Republic,2832
Saudi Arabia,2613
Egypt,2586
Japan,2190
Iraq,1941
Netherlands,1914
Tunisia,1710
Trinidad and Tobago,1684
Taiwan,1627
Germany,1540
Portugal,1383
Cambodia,1269
United Kingdom,1238
Uzbekistan,1223
New Zealand,1205
Greece,1187
Belarus,1180
Romania,1149
Kuwait,1123
Singapore,1096
Guatemala,1052
Barbados,1019
Senegal,972
Hong Kong,958
Honduras,948
Jordan,940
Ireland,934
Kenya,909
Belgium,901
Albania,897
Czechia,885
Costa Rica,842
Jamaica,779
Hungary,769
El Salvador,718
Bahrain,717
Serbia,713
Panama,711
Bulgaria,684
Sweden,684
Ethiopia,668
Brunei Darussalam,661
Slovakia,638
Switzerland,619
Oman,610
South Korea,588
Denmark,560
Norway,554
Kazakhstan,547
Kosovo,546
Bolivia,544
Canada,534
Mongolia,524
Qatar,524
Sri Lanka,505
Bosnia and Herzegovina,487
Lebanon,472
Finland,448
Georgia,444
Lithuania,437
Moldova,431
Côte d'Ivoire,427
Armenia,426
Latvia,407
Ghana,389
Croatia,382
Bahamas,353
"Palestine, State of",342
Iran,335
Puerto Rico,335
Australia,334
Myanmar,331
North Macedonia,311
Nicaragua,291
Libya,264
Burkina Faso,251
Kyrgyzstan,246
Cyprus,240
Israel,236
Nigeria,235
Guyana,228
Slovenia,212
Laos,202
Estonia,200
Mauritius,191
Belize,183
Austria,182
Maldives,152
Tanzania,150
Malta,144
Suriname,139
Uganda,131
Grenada,125
Azerbaijan,114
Fiji,104
Botswana,101
Angola,88
Haiti,85
Montenegro,83
Zimbabwe,81
Cayman Islands,80
Saint Lucia,79
Somalia,76
Mauritania,74
Saint Vincent and the Grenadines,73
Mozambique,70
Iceland,65
Gabon,63
Luxembourg,55
Syria,54
Togo,54
Guadeloupe,53
Macao,52
Martinique,50
Bermuda,43
Saint Kitts and Nevis,43
"Virgin Islands, U.S.",43
Antigua and Barbuda,42
Curaçao,42
Yemen,39
Tajikistan,38
Sint Maarten (Dutch part),37
Afghanistan,34
Jersey,33
Cameroon,31
Cabo Verde,31
Mali,29
Rwanda,29
Madagascar,28
Bhutan,26
French Guiana,26
Congo,24
Réunion,24
Zambia,23
Timor-Leste,21
Namibia,20
"Virgin Islands, British",20
"Congo, The Democratic Republic of the",19
Isle of Man,19
Aruba,17
Gibraltar,17
Dominica,16
Benin,14
Guam,14
New Caledonia,14
Malawi,13
Turks and Caicos Islands,13
Faroe Islands,12
Guinea,12
Liberia,12
Gambia,11
Andorra,9
Seychelles,9
Eswatini,9
Anguilla,8
Guinea-Bissau,8
Papua New Guinea,8
"Bonaire, Sint Eustatius and Saba",7
Sudan,7
Cuba,6
Lesotho,6
Saint Martin (French part),5
South Sudan,5
Guernsey,4
Burundi,3
Djibouti,3
Greenland,3
French Polynesia,3
Solomon Islands,3
Chad,3
Åland Islands,2
"Micronesia, Federated States of",2
Liechtenstein,2
Monaco,2
Sierra Leone,2
San Marino,2
Sao Tome and Principe,2
Vanuatu,2
American Samoa,1
Equatorial Guinea,1
Comoros,1
Niger,1
