name,visitors,bounce_rate,visit_duration
Direct / None,1404,66,203
Google,582,68,344
python.org,185,78,454
pythoninsider.blogspot.com,59,65,89
Bing,54,56,293
Reddit,49,69,51
DuckDuckGo,19,79,626
GitHub,17,54,337
Baidu,11,67,165
peps.python.org,10,62,26
Yandex,9,0,540
typing-extensions.readthedocs.io,9,78,68
chatgpt.com,6,100,505
Brave,5,100,22
discuss.python.org,4,25,108
qiita.com,4,100,1375
blog.python.org,3,100,0
python.p2hp.com,3,0,2445
LinkedIn,2,100,0
Qwant,2,0,628
networkx.org,2,0,40
test5.d3blj6n9bv8xdu.amplifyapp.com,2,0,1545
10.113.20.191,1,100,0
Ecosia,1,100,0
Microsoft Teams,1,100,0
cdn.evg.gov.br,1,0,822
chat.qwen.ai,1,100,0
confluence.dss.ext.national.com.au,1,100,0
docs.celeryq.dev,1,0,0
doubao.com,1,0,254
educacioncontinua.uc.cl,1,0,12
gateway.zscloud.net,1,0,78
infoworld.com,1,100,0
moodle.haw-hamburg.de,1,0,17
programmez.com,1,100,0
publickey1.jp,1,0,1046
py-free-threading.github.io,1,0,1343
realpython.com,1,0,68
utcc.utoronto.ca,1,0,196
v2ex.com,1,100,0
w.ketangpai.com,1,100,0
websockets.readthedocs.io,1,0,2330
yuanbao.tencent.com,1,0,0
