name,unique_exits,total_exits,exit_rate
/ja/3/tutorial/,233,239,
/ja/3/library/codecs.html,193,198,
/ja/3/library/functions.html,152,153,
/ja/3/library/index.html,127,126,
/ja/3/,123,130,
/ja/3/library/stdtypes.html,112,113,
/ja/3/library/random.html,89,92,
/ja/3/library/re.html,89,90,
/ja/3.13/library/datetime.html,87,89,
/ja/3/tutorial/controlflow.html,69,73,
/ja/3/tutorial/interpreter.html,67,69,
/ja/3/tutorial/introduction.html,65,65,
/ja/3/library/pathlib.html,64,65,
/ja/3/tutorial/index.html,59,59,
/ja/3/library/subprocess.html,58,62,
/ja/3.13/library/re.html,55,57,
/ja/3/library/math.html,50,51,
/ja/3/library/datetime.html,49,50,
/ja/3/tutorial/datastructures.html,48,49,
/ja/3/library/exceptions.html,47,48,
/ja/3/library/venv.html,46,46,
/ja/3/library/argparse.html,45,47,
/ja/3/py-modindex.html,44,44,
/ja/3/reference/introduction.html,44,45,
/ja/3/library/enum.html,43,43,
/ja/3/search.html,42,42,
/ja/3.13/library/csv.html,40,40,
/ja/3/library/tkinter.html,40,40,
/ja/3/tutorial/classes.html,40,43,
/ja/3.13/library/logging.html,39,41,
/ja/3/library/json.html,39,39,
/ja/3/tutorial/appetite.html,39,43,
/ja/3/tutorial/modules.html,39,39,
/ja/3/library/csv.html,38,39,
/ja/3/library/itertools.html,38,40,
/ja/3.13/library/os.html,34,35,
/ja/3/library/idle.html,34,34,
/ja/3/library/typing.html,34,34,
/ja/3.13/library/pathlib.html,32,32,
/ja/3.13/library/copy.html,30,30,
/ja/3/library/winreg.html,29,29,
/ja/3/library/xml.etree.elementtree.html,29,31,
/ja/3.13/library/stdtypes.html,28,27,
/ja/3.13/py-modindex.html,28,28,
/ja/3/library/logging.html,28,28,
/ja/3/library/os.html,28,28,
/ja/3.13/library/copyreg.html,27,27,
/ja/3.13/library/itertools.html,27,29,
/ja/3.13/library/typing.html,27,27,
/ja/3.13/library/zipfile.html,27,27,
/ja/3.14/,26,27,
/ja/3.14/tutorial/index.html,26,27,
/ja/3/library/sqlite3.html,26,28,
/ja/3.13/library/subprocess.html,25,25,
/ja/3/reference/index.html,25,25,
/ja/3.13/library/dataclasses.html,24,24,
/ja/3.15/using/windows.html,24,24,
/ja/3.13/library/exceptions.html,23,23,
/ja/3/reference/datamodel.html,23,28,
/ja/3.13/library/pickle.html,22,23,
/ja/3.13/library/struct.html,22,24,
/ja/3/installing/index.html,22,22,
/ja/3/library/time.html,22,23,
/ja/3/using/windows.html,22,23,
/ja/3.13/library/functions.html,21,22,
/ja/3/library/unittest.html,21,23,
/ja/3/tutorial/errors.html,21,21,
/dev/using/windows.html,20,20,
/ja/3.13/library/collections.abc.html,20,19,
/ja/3.13/library/os.path.html,20,19,
/ja/3.13/library/random.html,20,22,
/ja/3/library/linecache.html,20,20,
/ja/3.13/library/string.html,19,20,
/ja/3.13/tutorial/index.html,19,19,
/ja/3.13/tutorial/inputoutput.html,19,20,
/ja/3.14/library/index.html,19,19,
/ja/3/tutorial/inputoutput.html,19,21,
/ja/3/tutorial/venv.html,19,19,
/ja/dev/library/pwd.html,19,19,
/ja/3.13/library/queue.html,18,19,
/ja/3/howto/argparse.html,18,18,
/ja/3/library/asyncio.html,18,20,
/ja/3/library/functools.html,18,18,
/ja/3/library/os.path.html,18,18,
/ja/3/reference/compound_stmts.html,18,17,
/ja/3.13/library/shutil.html,17,18,
/ja/3/library/configparser.html,17,17,
/ja/3/library/io.html,17,19,
/ja/3/library/threading.html,17,18,
/ja/3/reference/lexical_analysis.html,17,17,
/ja/3.13/howto/sorting.html,16,16,
/ja/3.13/library/argparse.html,16,16,
/ja/3.13/library/decimal.html,16,17,
/ja/3.13/library/ipaddress.html,16,19,
/ja/3.13/library/math.html,16,17,
/ja/3.13/library/multiprocessing.html,16,16,
/ja/3/library/string.html,16,15,
/ja/3/library/sys.html,16,16,
/ja/3/library/urllib.request.html,16,16,
/ja/3/using/ios.html,16,16,
