name,version,visitors
Chrome,136.0,187
Microsoft Edge,136.0,55
Firefox,138.0,43
Opera,118.0,12
Safari,18.4,9
Safari,18.5,7
Chrome,134.0,4
Chrome,135.0,4
Mobile App,(not set),3
Chrome,109.0,3
Firefox,128.0,3
Chrome,137.0,3
Brave,(not set),2
Samsung Browser,11.0,2
Microsoft Edge,128.0,2
Firefox,132.0,2
Microsoft Edge,134.0,2
Microsoft Edge,135.0,2
Firefox,136.0,2
Safari,17.5,2
Safari,17.6,2
Yandex Browser,25.4,2
Opera,79.0,2
Chrome,107.0,1
Firefox,115.0,1
Chrome,116.0,1
Chrome,121.0,1
Firefox,122.0,1
Chrome,126.0,1
Chrome,129.0,1
Firefox,129.0,1
Microsoft Edge,130.0,1
Firefox,130.0,1
Chrome,131.0,1
Firefox,131.0,1
Chrome,132.0,1
Firefox,134.0,1
Firefox,137.0,1
Safari,15.4,1
Safari,16.1,1
Microsoft Edge,84.0,1
Opera,95.0,1
