name,visitors
Maharashtra,7642
Tamil Nadu,5925
England,4830
California,4828
Karnataka,4785
Telangāna,4368
Delhi,4154
Uttar Pradesh,3910
Guangdong,3431
Istanbul,3097
Ho Chi Minh City,2913
Tokyo,2769
Punjab,2765
São Paulo,2540
Gujarat,2475
West Bengal,2452
Hanoi,2398
Texas,2307
Seoul,2276
Moscow,2251
New York,1861
Beijing,1858
Île-de-France,1784
Shanghai,1756
Gyeonggi,1751
Cairo,1739
Ontario,1712
Zhejiang,1635
North Holland,1528
Riyadh,1507
Florida,1505
Madhya Pradesh,1490
North Rhine-Westphalia,1489
Hesse,1478
Kerala,1477
Shandong,1419
Jiangsu,1378
Andhra Pradesh,1288
Bavaria,1278
Rajasthan,1278
Jakarta,1256
Haryana,1231
Tashkent,1214
Sindh,1180
Virginia,1178
Mazovia,1169
Makkah,1164
Tel Aviv,1161
Western,1149
Province 3,1117
Illinois,1105
Jharkhand,1099
Saint Petersburg,1089
Henan,1054
Lagos,990
Washington,967
New Jersey,963
Taipei,960
Sichuan,944
Eastern,936
Ankara,922
Bihar,908
Georgia,907
Bangkok,902
Hormozgan,894
Baden-Württemberg,883
New South Wales,822
Meknès-Tafilalet,818
Nairobi County,797
Dhaka Division,796
Hubei,782
West Java,780
Madrid Autonomous Community,779
Minas Gerais,768
Quebec,762
Lombardy,753
Osaka,743
Pennsylvania,733
Punjab,729
Santiago Metropolitan,727
Buenos Aires Province,724
Ohio,720
Shaanxi,690
Rio de Janeiro,687
North Carolina,682
Odisha,681
Kuala Lumpur,669
Catalonia,663
Lima,655
New Taipei,653
Arizona,649
Gauteng,646
Auvergne-Rhône-Alpes,637
Michigan,632
South Holland,618
Amman,604
Da Nang,599
Metro Manila,594
Massachusetts,590
Addis Ababa,582
Uttarākhand,581
Kanagawa,580
Islamabad,573
Hunan,569
British Columbia,545
Berlin,545
Uusimaa,544
Dubai,537
Victoria,537
East Java,537
Moscow Province,536
Lower Saxony,535
Kyiv,534
Ciudad de Mexico,533
Oriental,513
Minsk,503
Saxony,503
Baku,501
Colorado,497
Selangor,488
Grand-Est,487
Baghdad,481
Oregon,479
Taichung,476
Fujian,474
Phnom Penh,465
Paraná,464
Central,461
Izmir,460
Hebei,459
Provence-Alpes-Côte-d'Azur,458
Assam,446
Andalusia,445
Krasnodar Krai,443
Maryland,443
Tennessee,442
Greater Accra,437
Rio Grande do Sul,427
Capital District,426
Stockholm,424
Anhui,410
Vienna,408
Sverdlovsk,401
Lesser Poland,399
Alberta,398
Valencian Community,398
Flanders,396
Greater Poland,393
Lazio,391
Zürich,388
Missouri,388
Leinster,383
Taza-Al Hoceima-Taounate,381
Tunis,381
Chhattīsgarh,380
Antioquia,378
Kaohsiung,378
Incheon,377
Santa Catarina,374
Alexandria,374
Occitanie,374
Chongqing,373
Hauts-de-France,373
Algiers,372
Prague,366
Aichi,365
Attica,363
Ceará,359
Minnesota,353
Chiba,348
Chandigarh,345
Calabarzon,345
Bucharest,344
Queensland,343
Giza,342
Bahia,341
Nouvelle-Aquitaine,341
Rabat-Salé-Zemmour-Zaer,341
Mexico State,341
Utah,331
Taoyuan,329
Novosibirsk,328
Pernambuco,326
Tatarstan,326
Indiana,326
Federal Capital Territory,325
Tianjin,324
Nizhny Novgorod,323
Silesia,322
Saitama,319
Lisbon,316
Hamburg,313
Samara,310
Almaty City,309
Central,306
Budapest,305
Campania,304
Riga,302
Goiás,301
Scotland,296
Kwai Tsing New Territories,292
Federal District,286
Beograd,285
Central Java,283
Veneto,283
Wisconsin,280
Pomerania,278
Wallonia,277
Dnipropetrovshchyna,276
Liaoning,275
Busan,272
Rhineland-Palatinate,269
Abu Dhabi,266
Bursa,266
Muscat,265
Amanat Al Asimah,263
Lower Silesia,258
Nevada,258
Jammu and Kashmir,255
Dar es Salaam,255
Lima Region,253
Bashkortostan,252
Rostov,252
Haiphong,252
Brussels,250
Jalisco,247
Lvivshchyna,245
Tangier-Tétouan,244
Pays-de-la-Loire,242
Khyber Pakhtunkhwa,242
Alabama,242
Hyogo,241
Chelyabinsk,240
Pichincha,237
Distrito Nacional,235
Western Australia,230
Western Cape,230
Astana,229
Rivers,228
Bishkek,226
Emilia-Romagna,225
Antalya,225
Doha,224
Kentucky,224
Connecticut,222
Al Madinah,221
Khorāsān-e Raẕavī,219
Himachal Pradesh,216
Chaouia-Ouardigha,215
Jiangxi,213
Abidjan,211
Brittany,210
Capital Region,209
Kinshasa,208
South Carolina,208
Auckland,205
Central Visayas,205
Dakar,205
Pará,202
Guayas,200
Iowa,200
Tbilisi,199
Hokkaido,197
Sofia,195
South Gyeongsang,195
Porto,195
Capital,193
South Chungcheong,191
Wales,189
Nuevo León,189
Västra Götaland,189
Oklahoma,189
Louisiana,187
Normandie,185
Tripoli,185
Lusaka,182
Piedmont,179
Daegu,178
North Chungcheong,178
Mersin,178
Jerusalem,176
Oslo,174
Kigali,174
Voronezh,173
Schleswig-Holstein,171
Vilnius County,171
Central Luzon,171
Fukuoka,170
Yangon,170
Tainan,170
Harjumaa,164
Sicily,164
Centre-Val de Loire,163
North Brabant,162
Centre,161
San José,161
Brandenburg,161
Burgundy-Franche-Comté,161
Luanda,160
Espírito Santo,160
