name,visitors,bounce_rate,visit_duration
Direct / None,231221,50,156
google.com,151237,40,148
bing.com,36578,39,159
chatgpt.com,25892,42,187
cn.bing.com,7224,45,196
yandex.ru,5780,38,163
gemini.google.com,4098,42,157
baidu.com/link,3331,44,172
search.brave.com,3153,42,140
docs.python.org,2601,50,113
doubao.com,2128,55,172
youtube.com,2106,46,139
duckduckgo.com,1424,44,104
in.search.yahoo.com,1171,28,218
copilot.microsoft.com,1020,41,189
claude.ai,892,41,126
search.yahoo.com,865,33,216
google.com.hk,805,37,112
code.visualstudio.com,796,45,118
link.csdn.net,733,44,158
so.com/link,652,43,248
coccoc.com/search,615,37,238
perplexity.ai,576,43,127
github.com,541,53,134
search.naver.com,524,34,159
baidu.com,522,51,132
statics.teams.cdn.office.net,512,52,146
ya.ru,488,40,220
intl.ozabc.com,476,46,60
android-app://com.google.android.googlequicksearchbox,395,41,78
yandex.kz,357,40,186
w3schools.com,330,49,143
qiita.com,323,46,126
ecosia.org,253,47,80
pip.pypa.io/en/stable/installation,237,42,131
bing.com/search,228,37,184
github.com/AUTOMATIC1111/stable-diffusion-webui,225,44,173
link.zhihu.com,204,56,90
yandex.com.tr,204,43,143
learn.microsoft.com,202,46,118
pythoninsider.blogspot.com,189,51,169
netacad.com,183,39,183
yandex.ru/search,179,45,104
yandex.by,155,40,114
ai.google.dev,150,60,66
classroom.google.com,144,48,313
pytorch.org,144,60,168
packaging.python.org/en/latest/tutorials/installing-packages,143,35,150
vn.search.yahoo.com,130,36,206
yuanbao.tencent.com,130,53,172
github.com/cgohlke/win_arm64-wheels,128,72,131
liaoxuefeng.com,124,75,86
roadmap.sh,123,62,87
pypi.org,117,69,61
python.jp,114,35,138
search.yahoo.co.jp,114,45,180
id.search.yahoo.com,113,35,201
google.ru,111,38,112
chat.baidu.com,102,48,220
qwant.com,102,38,111
blog.naver.com/PostView.naver,100,26,228
br.search.yahoo.com,93,41,129
wiki.python.org,92,49,70
geeksforgeeks.org,85,37,164
google.co.uk,81,62,82
sogou.com/link,79,44,262
peps.python.org,76,53,72
realpython.com,75,52,89
yandex.uz,75,43,227
fr.search.yahoo.com,74,27,194
yandex.ru/clck/jsredir,73,31,233
m.baidu.com,72,58,55
freedidi.com,70,47,166
runoob.com,70,76,72
jianshu.com,67,84,85
web.telegram.org,66,43,225
pygame.org,65,23,240
udemy.com,62,57,85
ph.search.yahoo.com,61,44,76
discuss.python.org,60,57,139
in.accenture.com,60,42,148
teams.wal-mart.com,56,39,105
m.search.naver.com,55,54,95
online-python.com,55,62,108
blog.pyq.jp,53,23,154
courses.edx.org,53,61,100
scikit-learn.org,53,71,262
blog.python.org,52,42,120
devguide.python.org/versions,51,59,159
uk.search.yahoo.com,51,31,122
openclassrooms.com,50,34,275
soroban.highreso.jp,50,50,168
lms.ev.org.br,48,39,373
sukkiri.jp/technologies/processors/python/python%E3%81%AE%E3%82%A4%E3%83%B3%E3%82%B9%E3%83%88%E3%83%BC%E3%83%AB%E6%96%B9%E6%B3%95windows%E7%B7%A8.html,48,42,215
so.com/s,47,60,91
enlacesnintricks.blogspot.com,46,50,120
dotiromoook.tistory.com/32,45,20,219
esphome.io,44,33,398
b.optima-osvita.org,43,45,284
mx.search.yahoo.com,43,42,61
datacamp.com,42,33,326
weel.co.jp,42,79,62
chat.z.ai,41,44,110
tr.search.yahoo.com,39,40,128
alice.yandex.ru,38,38,173
away.vk.com,37,41,138
lmarena.ai,37,44,70
pythonguis.com,37,49,197
cnblogs.com,36,33,80
google.fr,36,56,35
practicum.yandex.ru,36,32,137
chat.mistral.ai,35,54,93
docs.platformio.org,35,26,101
droidwin.com,35,34,224
wikidocs.net,35,37,289
ithelp.ithome.com.tw,34,24,253
pip.pypa.io,34,38,130
university.zerocoder.ru,34,45,91
cursos.alura.com.br,33,79,105
google.de,33,39,152
l.facebook.com,33,64,93
tw.search.yahoo.com,33,39,169
google.co.jp,32,39,79
amuletmc.com,31,45,64
app.blackbox.ai,31,52,198
google.co.in,31,42,54
ursinaengine.org,31,48,119
docs.cloud.google.com,30,87,11
aulaposgrado.unemi.edu.ec,29,43,337
es.search.yahoo.com,29,38,275
github.com/megadose/toutatis,29,62,11
google.com.vn,29,43,115
ru.wikipedia.org,29,55,140
de.search.yahoo.com,28,31,195
google.co.kr,28,29,175
it.search.yahoo.com,28,30,62
metanit.com,28,32,436
pythononlinecompiler.ru,28,79,83
docs.espressif.com,27,25,223
docs.reportlab.com,27,59,89
donate.python.org,27,44,177
w3school.com.cn,27,67,170
blog.csdn.net/sensen_kiss/article/details/141940274,26,35,100
co.search.yahoo.com,26,52,186
en.wikipedia.org,26,35,46
namu.wiki,26,38,52
ntp.msn.com,26,46,198
pythonworld.ru/osnovy/skachat-python.html,25,28,75
geek-blogs.com,24,58,83
learn.kodland.org,24,67,120
pl.search.yahoo.com,24,25,127
practicum.yandex.ru/blog/kak-ustanovit-python-na-kompyuter,24,21,237
python.org.br,24,25,212
skilladd.org/2025/08/26/39.%E9%BB%91%E8%8B%B9%E6%9E%9C%E5%AE%89%E8%A3%85%E9%A3%9F%E7%94%A8%E6%8C%87%E5%8D%97,24,36,123
127.0.0.1,23,78,156
coderivers.org,23,54,127
drive2.ru,23,33,161
jpc-excel.officeapps.live.com,23,35,179
m.facebook.com,23,79,13
zep.us,23,48,74
automatetheboringstuff.com,22,50,300
cn.bing.com/search,22,45,49
gradio.app,22,50,154
pe.search.yahoo.com,22,59,20
asreview.nl,21,29,454
city.ya.ru,21,100,0
doc.courtbouillon.org,21,76,42
malaysia.search.yahoo.com,21,52,87
pcschool.com.tw,21,24,182
poe.com,21,50,138
python.p2hp.com,21,76,78
4pda.to,20,55,66
a.teleboss.ru,20,59,94
brightspace.utrgv.edu,20,25,473
ca.search.yahoo.com,20,55,332
colab.research.google.com,20,60,42
google.com.tr,20,38,120
google.com.tw,20,40,66
py4e.com,20,52,154
ya.ru/search,20,20,168
intl.ozabc.com/page/31.html,19,58,15
kagi.com,19,60,20
lms.astanait.edu.kz,19,45,283
mooc.fi,19,58,108
randomnerdtutorials.com,19,32,515
cloud.tencent.com/developer/tools/blog-entry,18,22,118
digitalocean.com,18,67,7
docstring.fr,18,37,406
edube.org/learn/pe-1/begin-your-python-journey-22,18,67,77
l.instagram.com,18,61,23
python.github.net.cn,18,53,184
romptn.com/article/5211,18,94,36
skillbox.ru,18,42,153
spotdl.github.io,18,22,166
sysnettechsolutions.com/en/fix-python-win32api-virtualbox,18,17,205
badcaps.net,17,28,386
blog.pkkis.com,17,61,288
docs.qq.com,17,44,165
github.com/CoplayDev/unity-mcp,17,41,33
github.com/cgohlke/numpy-mkl-wheels,17,76,61
instaloader.github.io,17,61,80
ntp.msn.cn,17,88,112
s3.eu-west-1.amazonaws.com,17,0,188
sites.google.com,17,83,130
tutorialspoint.com,17,65,106
codecademy.com,16,56,10
cs50.readthedocs.io/python,16,53,81
docs.pingcode.com,16,25,94
gamebanana.com,16,65,63
javadrive.jp,16,12,240
t.co,16,69,17
tutorial.djangogirls.org,16,31,458
ai-kenkyujo.com,15,31,1205
codelv.com,15,40,124
docs.streamlit.io,15,67,13
dzen.ru,15,73,67
gall.dcinside.com/mgallery/board/view,15,53,60
link.juejin.cn,15,60,314
m.sogou.com,15,60,32
mail.ru,15,73,44
notebooks.githubusercontent.com,15,50,144
robotframework.org,15,67,146
canlidovizfiyatlari.com,14,20,556
classroom14.mynaparrot.es,14,73,19
github.com/baihengaead/wifi-crack-tool,14,64,26
github.com/nrxss/Perfect-Circle,14,53,140
github.com/spotDL/spotify-downloader/blob/master/docs/installation.md,14,7,233
internet-start.net,14,36,188
manus.im,14,36,180
nexusmods.com,14,50,19
python.digibeatrix.com,14,57,39
rivery.io,14,50,75
topdev.vn,14,21,89
worthytutors.com,14,14,374
codegenes.net,13,46,56
csc.edu.vn,13,50,23
docs.google.com,13,59,313
docs.python.org/dev/using/windows.html,13,54,131
learn.online-python.com,13,43,67
newsuk1.com,13,15,388
oembeditslearning.com,13,25,103
qianwen.com,13,54,73
sejuku.net,13,31,45
sidekick.deloitte.com,13,15,809
stablediffusiontutorials.com,13,57,86
tkdocs.com,13,23,115
blog.data101.io/318,12,33,155
bugs.python.org,12,62,177
forest.watch.impress.co.jp/library/software/python,12,58,15
github.com/platzi/python-fundamentos/blob/master/instalaciones-necesarias.md,12,50,37
login.microsoftonline.com,12,58,42
m.blog.naver.com/math717/223984322849,12,25,73
pagekite.net,12,8,343
pages.github.cadence.com,12,50,70
timeweb.cloud,12,62,196
vocus.cc,12,42,86
aisearch.sogou.com/link,11,64,48
boot.dev,11,100,0
bytedance.larkoffice.com,11,45,168
chat.chatbot.app,11,55,35
cl.search.yahoo.com,11,50,254
docs.lime-crm.com,11,77,17
github.com/CPScript/Kitty-Tools,11,36,119
github.com/Denishnc/b0mb3r,11,18,198
github.com/Kiny-Kiny/Kiny-Painel,11,45,210
github.com/pygame/pygame,11,55,451
google.com.au,11,55,9
google.es,11,55,37
idle.org.cn,11,45,341
itisfuture.in.ua,11,27,433
legacy.python.org,11,64,194
m.youtube.com,11,36,66
melgitgai-bw12002ze.megcloud.melco.co.jp,11,64,109
mkdocs.org,11,55,12
nltk.org,11,18,99
odoo.com,11,55,42
openstax.org,11,91,5
pythonjobshq.com,11,73,14
pythontest.com,11,18,132
spectrum20.tistory.com/entry/python-Visual-Studio-Code%EC%97%90%EC%84%9C-Python-%EC%8B%9C%EC%9E%91%ED%95%98%EA%B8%B0-%EA%B0%80%EC%83%81%ED%99%98%EA%B2%BD,11,55,195
steamcommunity.com,11,36,30
tapnav.com,11,91,8
bitbucket.org,10,27,293
blog.csdn.net/m0_62283350/article/details/155357425,10,70,73
btcrecover.readthedocs.io/en/latest/INSTALL,10,55,360
cafe.naver.com/ca-fe/cafes/12789486/articles/8978200,10,60,24
developer.flipper.net,10,30,182
docs.opencv.org,10,90,2
docs.opendronemap.org,10,70,17
endoflife.date,10,67,155
github.com/Asabeneh/30-Days-Of-Python/blob/master/readme.md,10,30,114
github.com/Nerogar/OneTrainer,10,50,186
github.com/doncezart/TIBOT,10,50,79
github.com/megadose/holehe,10,60,242
google.ca,10,50,35
google.com.br,10,50,50
letsdefend.io,10,20,23
lms.skillfactory.ru,10,27,112
mail.google.com,10,40,227
moodle.telt.unsw.edu.au,10,40,346
