name,visitors
China,6262
Hong Kong,895
Singapore,393
Japan,334
United States,298
Taiwan,218
Australia,38
Germany,34
United Kingdom,32
Malaysia,28
Canada,27
South Korea,21
Macao,17
Netherlands,12
Russian Federation,8
New Zealand,7
Spain,6
Vietnam,6
France,5
Belgium,4
Finland,4
Cambodia,4
Mexico,4
Sweden,4
Thailand,4
Anonymous VPN Service,3
Bosnia and Herzegovina,3
Indonesia,3
Italy,3
Saudi Arabia,3
Switzerland,2
Luxembourg,2
Mauritius,2
Philippines,2
Romania,2
Ukraine,2
United Arab Emirates,1
Bangladesh,1
Bolivia,1
Brazil,1
Belarus,1
Czechia,1
Greece,1
Ireland,1
India,1
Kazakhstan,1
Lithuania,1
Morocco,1
Mongolia,1
Norway,1
Peru,1
Portugal,1
Seychelles,1
Turkey,1
Venezuela,1
