name,visitors
Milan,55
Rome,38
Bologna,13
Turin,11
Naples,10
Palermo,8
Brescia,6
Venice,4
Padova,4
Florence,4
Cagliari,3
Modena,3
Fragagnano,3
Bari,3
Hanoi,2
Jakarta,2
Yokohama,2
Misterbianco,2
Custonaci,2
Capo d'Orlando,2
Guildford,2
Neuchâtel,2
Vienna,2
Lübeck,2
Sassari,2
Sansepolcro,2
Rubano,2
Rezzato,2
Perugia,2
Paderno Franciacorta,2
Otranto,2
Nova Milanese,2
Montottone,2
Monte San Vito,2
Martina Franca,2
Lucca,2
Genoa,2
Esine,2
Cesena,2
Caianello,2
Benevento,2
Albuzzano,2
Teófilo Otoni,2
Toronto,2
Alzate Brianza,2
N/A,2
Saint Petersburg,1
Moscow,1
Cheboksary,1
Bengaluru,1
Tashkent,1
Bekasi,1
Hsinchu,1
Xi’an,1
Jining,1
Beijing,1
Valencia,1
Ragusa,1
Mogoro,1
Catania,1
Aragona,1
Kenitra,1
Tigery,1
Poitiers,1
Clermont-Ferrand,1
Trondheim,1
Oslo,1
Zocca,1
Zandobbio,1
Udine,1
Trieste,1
Treviso,1
San Martino Buon Albergo,1
San Benedetto del Tronto,1
Rivignano,1
Rimini,1
Reggio nell'Emilia,1
Prato,1
Pinerolo,1
N/A,1
Ospitaletto,1
Novara,1
Muggiò,1
Montecarlo,1
Molfetta,1
Massa,1
Marostica,1
Latina,1
Jesi,1
Forlì,1
Ferrara,1
Faenza,1
Empoli,1
Corridonia,1
Comun Nuovo,1
Cologno Monzese,1
Cesa,1
Castelfidardo,1
Casalpusterlengo,1
Buonconvento,1
Bra,1
Belluno,1
Ancona,1
Altopascio,1
Affi,1
Ljubljana,1
Mareno di Piave,1
Miguel Hidalgo,1
Dripping Springs,1
N/A,1
Caronno Pertusella,1
Orta di Atella,1
Masate,1
Berkel en Rodenrijs,1
Lases,1
