name,unique_exits,total_exits,exit_rate
/fr/3/tutorial/,248,253,
/fr/3/library/csv.html,116,124,
/fr/3/library/json.html,89,89,
/fr/3.13/tutorial/classes.html,88,90,
/fr/3.13/library/tkinter.html,80,81,
/fr/3.13/library/turtle.html,69,70,
/fr/3.13/tutorial/index.html,69,73,
/fr/3/tutorial/datastructures.html,67,68,
/fr/3.13/library/datetime.html,63,65,
/fr/3.13/library/random.html,61,62,
/fr/3/tutorial/venv.html,56,56,
/fr/3.13/tutorial/datastructures.html,54,54,
/fr/dev/installing/index.html,54,54,
/fr/3/howto/regex.html,52,55,
/fr/3/library/enum.html,45,45,
/fr/3.13/library/stdtypes.html,44,45,
/fr/3.13/library/functions.html,43,43,
/fr/3/library/random.html,42,46,
/fr/3.13/tutorial/errors.html,40,40,
/fr/3.13/tutorial/introduction.html,40,43,
/fr/3/library/string.html,39,39,
/fr/3/tutorial/controlflow.html,39,42,
/fr/3/library/__main__.html,38,38,
/fr/3/library/statistics.html,38,38,
/fr/3/tutorial/inputoutput.html,36,36,
/fr/3/tutorial/introduction.html,36,38,
/fr/3.13/search.html,35,35,
/fr/3/library/stdtypes.html,35,35,
/fr/3.13/howto/sorting.html,34,34,
/fr/3/howto/logging.html,34,35,
/fr/3/,32,34,
/fr/3.13/library/subprocess.html,31,32,
/fr/3.13/tutorial/controlflow.html,31,33,
/fr/3/library/functions.html,30,31,
/fr/3/using/cmdline.html,30,34,
/fr/3.13/library/operator.html,28,29,
/fr/3.13/library/pathlib.html,28,28,
/fr/3/genindex-Symboles.html,27,27,
/fr/3/tutorial/appetite.html,27,27,
/fr/3/tutorial/interpreter.html,27,28,
/fr/3.13/using/windows.html,26,26,
/fr/3/search.html,26,25,
/fr/3.13/,25,25,
/fr/3.13/library/time.html,25,26,
/fr/3.13/reference/import.html,25,25,
/fr/3/library/sys.html,25,25,
/fr/3/tutorial/index.html,25,26,
/3/,24,24,
/fr/3.13/tutorial/interpreter.html,24,24,
/fr/3.13/library/idle.html,23,23,
/fr/3/library/glob.html,23,23,
/fr/3.13/library/os.html,22,24,
/fr/3.13/howto/sockets.html,21,22,
/fr/3/tutorial/classes.html,21,21,
/fr/3/tutorial/errors.html,21,21,
/fr/3/library/os.html,20,20,
/3/library/functions.html,19,19,
/fr/3.13/library/math.html,19,19,
/fr/3.13/tutorial/modules.html,18,18,
/fr/dev/reference/compound_stmts.html,18,18,
/fr/3/library/exceptions.html,17,17,
/fr/3/library/venv.html,17,17,
/fr/3/tutorial/modules.html,17,18,
/fr/3.13/library/tkinter.ttk.html,16,16,
/fr/3/library/multiprocessing.html,16,15,
/3/library/stdtypes.html,15,15,
/fr/3.13/library/collections.html,15,15,
/fr/3/howto/sorting.html,15,16,
/3/library/tkinter.html,14,14,
/fr/3.13/faq/windows.html,14,14,
/fr/3.13/library/hashlib.html,14,18,
/fr/3.13/library/pprint.html,14,14,
/fr/3/library/index.html,14,14,
/fr/3/library/threading.html,14,14,
/fr/3/using/index.html,14,14,
/fr/3.13/library/copy.html,13,13,
/fr/3.13/library/re.html,13,13,
/fr/3.13/using/unix.html,13,13,
/fr/3/library/datetime.html,13,13,
/fr/3/library/re.html,13,13,
/fr/3/library/tkinter.html,13,13,
/3/library/subprocess.html,12,12,
/fr/3/glossary.html,12,13,
/fr/3/installing/index.html,12,13,
/fr/dev/library/xml.etree.elementtree.html,12,12,
/3/tutorial/datastructures.html,11,11,
/fr/3.13/howto/unicode.html,11,11,
/fr/3/library/math.html,11,11,
/fr/3/library/queue.html,11,11,
/fr/dev/tutorial/datastructures.html,11,11,
/3/library/logging.html,10,10,
/fr/3.13/glossary.html,10,10,
/fr/3.13/library/abc.html,10,10,
/fr/3.13/reference/simple_stmts.html,10,11,
/3/library/csv.html,9,9,
/3/library/typing.html,9,9,
/fr/3.13/library/asyncio.html,9,9,
/fr/3.13/library/base64.html,9,9,
/fr/3.13/library/tk.html,9,9,
/fr/3.13/tutorial/appetite.html,9,9,
