property,value,visitors,events,percentage
url,(none),171535,288047,99.8
url,https://www.python.org/,1121,1221,0.7
url,https://github.com/python/cpython/tree/3.14/Lib/idlelib/,264,300,0.2
url,https://www.python.org/downloads/,257,264,0.1
url,https://tkdocs.com/,133,139,0.1
url,https://docs.python.org/3/archives/python-3.14-docs-html.zip,129,133,0.1
url,https://wiki.python.org/moin/BeginnersGuide,105,106,0.1
url,https://github.com/python/cpython/tree/3.14/Lib/tkinter/__init__.py,102,109,0.1
url,https://pypi.org/,84,92,0.0
url,https://mypy.readthedocs.io/en/stable/cheat_sheet_py3.html,74,75,0.0
url,https://www.tcl.tk/man/tcl8.6/TkCmd/contents.htm,72,77,0.0
url,https://docs.python.org/3/archives/python-3.14-docs-text.zip,68,70,0.0
url,https://github.com/python/cpython/tree/3.14/Lib/idlelib,65,78,0.0
url,https://www.tkdocs.com/shipman/,65,67,0.0
url,https://apps.microsoft.com/detail/9NQ7512CXL7T,56,59,0.0
url,https://docs.python.org/3/archives/python-3.14-docs.epub,56,60,0.0
url,https://github.com/python/cpython/tree/3.14/Lib/turtle.py,46,53,0.0
url,https://devguide.python.org/,41,41,0.0
url,https://packaging.python.org/guides/installing-using-pip-and-virtual-environments/#create-and-use-virtual-environments,40,43,0.0
url,https://github.com/python/cpython/tree/3.14/Lib/random.py,37,41,0.0
url,https://www.python.org/downloads/macos/,36,39,0.0
url,https://github.com/python/cpython/tree/3.14/Lib/venv/,34,36,0.0
url,https://devguide.python.org/documentation/start-documenting/#building-the-documentation,33,38,0.0
url,https://www.python.org/doc/versions/,30,30,0.0
url,https://github.com/python/cpython/tree/3.14/Lib/heapq.py,28,31,0.0
url,https://packaging.python.org/en/latest/tutorials/packaging-projects/,28,28,0.0
url,https://briefcase.readthedocs.io/,26,28,0.0
url,https://www.sqlite.org/,25,25,0.0
url,https://docs.python.org/3/archives/python-3.14-docs-html.tar.bz2,24,25,0.0
url,https://docs.python.org/3/archives/python-3.14-docs-texinfo.zip,24,37,0.0
url,https://peps.python.org/,24,29,0.0
url,https://packaging.python.org/,23,24,0.0
url,https://github.com/python/cpython/tree/3.14/Lib/sqlite3/,22,23,0.0
url,https://peps.python.org/pep-0649/,22,23,0.0
url,https://peps.python.org/pep-0745/,22,24,0.0
url,https://github.com/python/cpython/tree/3.14/Lib/datetime.py,21,23,0.0
url,https://peps.python.org/pep-0703/,20,20,0.0
url,https://buildozer.readthedocs.io/,18,19,0.0
url,https://peps.python.org/pep-0636/,18,18,0.0
url,https://www.packtpub.com/en-us/product/python-gui-programming-with-tkinter-9781788835886,18,18,0.0
url,https://requests.readthedocs.io/en/master/,17,17,0.0
url,https://www.tcl.tk/,17,19,0.0
url,https://dateutil.readthedocs.io/en/stable/,16,17,0.0
url,https://en.wikipedia.org/wiki/Turtle_(robot),16,16,0.0
url,https://peps.python.org/pep-0749/,16,18,0.0
url,https://peps.python.org/pep-0779/,15,15,0.0
url,https://termux.dev/en/,15,15,0.0
url,https://wiki.python.org/moin/PythonBooks,15,15,0.0
url,https://www.unicode.org/versions/Unicode16.0.0/core-spec/chapter-3/#G33992,15,17,0.0
url,https://chaquo.com/chaquopy,14,16,0.0
url,https://docs.python.org/zh-cn/3/archives/python-3.14-docs-html.zip,14,15,0.0
url,https://github.com/python/cpython/tree/3.14/Lib/csv.py,14,14,0.0
url,https://github.com/python/cpython/tree/3.14/Lib/typing.py,14,15,0.0
url,https://github.com/python/cpython/tree/3.14/Lib/urllib/,14,14,0.0
url,https://typing.python.org/en/latest/spec/index.html,14,14,0.0
url,https://www.cnri.reston.va.us/,14,15,0.0
url,https://www.sphinx-doc.org/,14,15,0.0
url,https://docs.python.org/3/archives/python-3.14-docs-text.tar.bz2,13,14,0.0
url,https://github.com/python/cpython/tree/3.14/Lib/http/server.py,13,13,0.0
url,https://github.com/python/cpython/tree/3.14/Lib/re/,13,13,0.0
url,https://github.com/python/cpython/tree/3.14/Lib/xml/etree/ElementTree.py,13,13,0.0
url,https://packaging.python.org/en/latest/tutorials/installing-packages/#ensure-pip-setuptools-and-wheel-are-up-to-date,13,13,0.0
url,https://en.wikipedia.org/wiki/Error_function,12,13,0.0
url,https://en.wikipedia.org/wiki/Fibonacci_sequence,12,12,0.0
url,https://packaging.python.org/en/latest/tutorials/installing-packages/,12,13,0.0
url,https://pypi.org/project/DateType/,12,12,0.0
url,https://requests.readthedocs.io/en/latest/,12,12,0.0
url,https://github.com/python/cpython/blob/main/Doc/tutorial/index.rst?plain=1,11,11,0.0
url,https://peps.python.org/pep-0305/,11,11,0.0
url,https://peps.python.org/pep-0420/,11,11,0.0
url,https://peps.python.org/pep-0526/,11,11,0.0
url,https://peps.python.org/pep-0695/,11,11,0.0
url,https://www.riverbankcomputing.com/static/Docs/pyqtdeploy/,11,13,0.0
url,https://github.com/python/cpython/tree/3.14/Lib/copy.py,10,10,0.0
url,https://github.com/python/cpython/tree/3.14/Lib/queue.py,10,11,0.0
url,https://manpages.debian.org/recv(2),10,10,0.0
url,https://peps.python.org/pep-0008/,10,12,0.0
url,https://peps.python.org/pep-0585/,10,10,0.0
url,https://peps.python.org/pep-0632/#migration-advice,10,10,0.0
url,https://pkware.cachefly.net/webdocs/casestudies/APPNOTE.TXT,10,11,0.0
url,https://sqlite.org/,10,10,0.0
url,https://www.python.org/psf/donations/,10,10,0.0
url,https://brew.sh/,9,9,0.0
url,https://core.tcl.tk/tips/doc/trunk/tip/48.md,9,9,0.0
url,https://github.com/python/cpython/tree/3.14/Lib/asyncio/coroutines.py,9,10,0.0
url,https://github.com/python/cpython/tree/3.14/Lib/bisect.py,9,9,0.0
url,https://github.com/python/cpython/tree/3.14/Lib/collections/__init__.py,9,9,0.0
url,https://github.com/python/cpython/tree/3.14/Lib/dataclasses.py,9,9,0.0
url,https://github.com/python/cpython/tree/3.14/Lib/functools.py,9,9,0.0
url,https://github.com/python/cpython/tree/3.14/Lib/logging/__init__.py,9,10,0.0
url,https://github.com/python/cpython/tree/3.14/Lib/multiprocessing/,9,10,0.0
url,https://github.com/python/cpython/tree/3.14/Lib/os.py,9,10,0.0
url,https://github.com/python/cpython/tree/3.14/Lib/socket.py,9,10,0.0
url,https://github.com/python/cpython/tree/3.14/Lib/unittest/__init__.py,9,9,0.0
url,https://numpy.org/,9,10,0.0
url,https://peps.python.org/pep-0434/,9,9,0.0
url,https://peps.python.org/pep-0484/,9,9,0.0
url,https://peps.python.org/pep-0557/,9,9,0.0
url,https://peps.python.org/pep-3119/,9,9,0.0
url,https://pypi.org/project/tomlkit/,9,12,0.0
url,https://tkdocs.com/book.html,9,9,0.0
url,https://www.youtube.com/watch?v=Xbl7XjFYsN4&list=PLhNSoGM2ik6SIkVGXWBwerucXjgP1rHmB,9,10,0.0
url,https://datatracker.ietf.org/doc/html/rfc9562.html#section-5.4,8,9,0.0
url,https://discuss.python.org/t/37075,8,8,0.0
url,https://discuss.python.org/t/84319/123,8,8,0.0
url,https://en.wikipedia.org/wiki/Cartesian_product,8,10,0.0
url,https://en.wikipedia.org/wiki/Gamma_function,8,8,0.0
url,https://github.com/python/cpython/tree/3.14/Lib/hashlib.py,8,8,0.0
url,https://github.com/python/cpython/tree/3.14/Lib/pathlib/,8,8,0.0
url,https://github.com/python/cpython/tree/3.14/Lib/subprocess.py,8,8,0.0
url,https://learning-python.com/about-pp4e.html,8,8,0.0
url,https://packaging.python.org/installing/#creating-virtual-environments,8,8,0.0
url,https://peps.python.org/pep-0302/,8,8,0.0
url,https://toml.io/en/,8,10,0.0
url,https://typing.python.org/en/latest/,8,9,0.0
url,https://docs.python.org/3/archives/python-3.14-docs-texinfo.tar.bz2,7,8,0.0
url,https://docs.python.org/zh-cn/3/archives/python-3.14-docs.epub,7,7,0.0
url,https://en.wikipedia.org/wiki/Leap_second,7,7,0.0
url,https://en.wikipedia.org/wiki/Memoization,7,7,0.0
url,https://github.com/python/cpython/tree/3.14/Lib/cmd.py,7,9,0.0
url,https://github.com/python/cpython/tree/3.14/Lib/difflib.py,7,8,0.0
url,https://github.com/python/cpython/tree/3.14/Lib/ensurepip,7,8,0.0
url,https://github.com/python/cpython/tree/3.14/Lib/glob.py,7,7,0.0
url,https://github.com/python/cpython/tree/3.14/Lib/smtplib.py,7,7,0.0
url,https://github.com/python/cpython/tree/3.14/Lib/webbrowser.py,7,7,0.0
url,https://github.com/python/cpython/tree/3.14/Lib/zipfile/,7,7,0.0
url,https://opensource.org/,7,7,0.0
url,https://packaging.python.org/installing/,7,7,0.0
url,https://peps.python.org/pep-0387/,7,7,0.0
url,https://peps.python.org/pep-0428/,7,7,0.0
url,https://peps.python.org/pep-0572/,7,7,0.0
url,https://pypi.org/project/regex/,7,7,0.0
url,https://pypi.org/project/telnetlib3/,7,7,0.0
url,https://pypi.org/project/tzdata/,7,7,0.0
url,https://tiswww.case.edu/php/chet/readline/rltop.html,7,8,0.0
url,https://www.britannica.com/science/permutation,7,7,0.0
url,https://www.python.org/doc/av/,7,7,0.0
url,https://www.python.org/downloads/android/,7,7,0.0
url,https://www.unicode.org/,7,7,0.0
url,https://docs.python.org/zh-cn/3/archives/python-3.14-docs-text.zip,6,7,0.0
url,https://en.wikipedia.org/wiki/Cursor_(databases),6,6,0.0
url,https://en.wikipedia.org/wiki/XML_namespace,6,6,0.0
url,https://github.com/anordin95/a-conceptual-overview-of-asyncio/tree/main,6,6,0.0
url,https://github.com/python/cpython/tree/3.14/Android/testbed,6,6,0.0
url,https://github.com/python/cpython/tree/3.14/Lib/argparse.py,6,6,0.0
url,https://github.com/python/cpython/tree/3.14/Lib/decimal.py,6,6,0.0
url,https://github.com/python/cpython/tree/3.14/Lib/json/__init__.py,6,7,0.0
url,https://github.com/python/cpython/tree/3.14/Lib/urllib/request.py,6,7,0.0
url,https://grantjenks.com/docs/sortedcollections/,6,6,0.0
url,https://packaging.python.org/extensions/,6,7,0.0
url,https://packaging.python.org/installing/#requirements-for-installing-packages,6,6,0.0
url,https://peps.python.org/pep-0492/,6,6,0.0
url,https://peps.python.org/pep-0612/,6,6,0.0
url,https://pypi.org/project/tomli-w/,6,6,0.0
url,https://www.cwi.nl/,6,9,0.0
url,https://www.debian.org/doc/manuals/maint-guide/first.en.html,6,6,0.0
url,https://www.unicode.org/reports/tr44/tr44-34.html#General_Category_Values,6,6,0.0
url,https://www.w3schools.com/sql/,6,6,0.0
url,https://github.com/python/cpython/blob/main/Doc/contents.rst?plain=1,5,5,0.0
url,https://github.com/python/cpython/blob/main/Doc/library/functions.rst?plain=1,5,5,0.0
url,https://github.com/python/cpython/tree/3.14/Lib/configparser.py,5,5,0.0
url,https://github.com/python/cpython/tree/3.14/Lib/enum.py,5,5,0.0
url,https://github.com/python/cpython/tree/3.14/Lib/html/parser.py,5,6,0.0
url,https://github.com/python/cpython/tree/3.14/Lib/io.py,5,5,0.0
url,https://github.com/python/cpython/tree/3.14/Lib/ipaddress.py,5,6,0.0
url,https://github.com/python/cpython/tree/3.14/Lib/secrets.py,5,6,0.0
url,https://github.com/python/cpython/tree/3.14/Lib/shutil.py,5,5,0.0
url,https://github.com/python/cpython/tree/3.14/Lib/threading.py,5,5,0.0
url,https://manpages.debian.org/getsockopt(2),5,5,0.0
url,https://manpages.debian.org/setsockopt(2),5,7,0.0
url,https://manpages.debian.org/strftime(3),5,5,0.0
url,https://packaging.python.org/science/,5,5,0.0
url,https://peps.python.org/pep-0249/,5,5,0.0
url,https://peps.python.org/pep-0324/,5,5,0.0
url,https://peps.python.org/pep-0405/,5,5,0.0
url,https://peps.python.org/pep-0498/,5,5,0.0
url,https://peps.python.org/pep-0563/,5,8,0.0
url,https://peps.python.org/pep-0594/,5,6,0.0
url,https://peps.python.org/pep-0696/,5,5,0.0
url,https://pypi.org/project/more-itertools/,5,5,0.0
url,https://pypi.org/project/pip/,5,5,0.0
url,https://setuptools.pypa.io/en/latest/setuptools.html,5,6,0.0
url,https://webassembly.org/,5,5,0.0
url,https://wiki.python.org/moin/GuiProgramming,5,5,0.0
url,https://wiki.python.org/moin/IntegratedDevelopmentEnvironments,5,5,0.0
url,https://www.jython.org/,5,5,0.0
url,https://www.zlib.net/,5,5,0.0
url,https://cibuildwheel.pypa.io/en/stable/platforms/#android,4,4,0.0
url,https://code.activestate.com/recipes/577504-compute-memory-footprint-of-an-object-and-its-cont/,4,4,0.0
url,https://cython.org/,4,7,0.0
url,https://datatracker.ietf.org/doc/html/rfc4648.html,4,5,0.0
url,https://datatracker.ietf.org/doc/html/rfc821.html,4,4,0.0
url,https://datatracker.ietf.org/doc/html/rfc9110.html,4,4,0.0
url,https://datatracker.ietf.org/doc/html/rfc9562.html#section-5.7,4,4,0.0
url,https://docs.pytest.org/,4,4,0.0
url,https://en.wikipedia.org/wiki/Timsort,4,4,0.0
url,https://github.com/python/cpython/tree/3.14/Android/testbed/app/src/main/c/main_activity.c,4,5,0.0
url,https://github.com/python/cpython/tree/3.14/Grammar/python.gram,4,4,0.0
url,https://github.com/python/cpython/tree/3.14/Lib/base64.py,4,4,0.0
url,https://github.com/python/cpython/tree/3.14/Lib/http/client.py,4,4,0.0
url,https://github.com/python/cpython/tree/3.14/Lib/ntpath.py,4,4,0.0
url,https://github.com/python/cpython/tree/3.14/Lib/operator.py,4,4,0.0
url,https://github.com/python/cpython/tree/3.14/Lib/shlex.py,4,5,0.0
url,https://github.com/python/cpython/tree/3.14/Lib/site.py,4,4,0.0
url,https://github.com/python/cpython/tree/3.14/Lib/ssl.py,4,4,0.0
url,https://github.com/python/cpython/tree/3.14/Lib/tkinter/messagebox.py,4,4,0.0
url,https://github.com/python/cpython/tree/3.14/Lib/tomllib,4,5,0.0
url,https://github.com/python/cpython/tree/3.14/Lib/urllib/parse.py,4,4,0.0
url,https://github.com/python/cpython/tree/3.14/Lib/wave.py,4,4,0.0
url,https://jvns.ca/blog/2023/01/13/examples-of-floating-point-problems/,4,4,0.0
url,https://manpages.debian.org/alarm(2),4,5,0.0
url,https://manpages.debian.org/flock(2),4,4,0.0
url,https://numba.pydata.org/,4,4,0.0
url,https://peps.python.org/pep-0255/,4,4,0.0
url,https://peps.python.org/pep-0506/,4,4,0.0
url,https://peps.python.org/pep-0567/,4,4,0.0
url,https://peps.python.org/pep-0644/,4,4,0.0
url,https://peps.python.org/pep-0734/,4,4,0.0
url,https://peps.python.org/pep-0750/,4,4,0.0
url,https://peps.python.org/pep-3141/,4,4,0.0
url,https://peps.python.org/pep-3147/,4,4,0.0
url,https://py-free-threading.github.io/installing-cpython/,4,4,0.0
url,https://pypi.org/project/legacy-cgi/,4,4,0.0
url,https://rhettinger.wordpress.com/2011/05/26/super-considered-super/,4,4,0.0
url,https://wiki.python.org/moin/PythonEditors,4,4,0.0
url,https://www.anaconda.com/download/,4,4,0.0
url,https://www.iana.org/assignments/iana-ipv4-special-registry/iana-ipv4-special-registry.xhtml,4,4,0.0
url,https://www.python.org/psf/,4,4,0.0
url,https://www.sqlite.org/c3ref/c_dbconfig_defensive.html,4,4,0.0
url,https://www.sqlite.org/schematab.html,4,4,0.0
url,https://www.tkdocs.com/,4,4,0.0
url,https://www.w3.org/TR/xpath,4,5,0.0
url,https://aosabook.org/en/500L/a-web-crawler-with-asyncio-coroutines.html,3,3,0.0
url,https://bpython-interpreter.org/,3,3,0.0
url,https://cwe.mitre.org/data/definitions/257.html,3,3,0.0
url,https://datatracker.ietf.org/doc/html/rfc5322.html,3,3,0.0
url,https://datatracker.ietf.org/doc/html/rfc9562.html,3,4,0.0
url,https://devguide.python.org/documentation/help-documenting/,3,3,0.0
url,https://docs.python.org/es/3/archives/python-3.14-docs-html.zip,3,3,0.0
url,https://docs.python.org/zh-cn/3/archives/python-3.14-docs-texinfo.zip,3,3,0.0
url,https://en.wikipedia.org/wiki/Cache_replacement_policies#Least_Recently_Used_(LRU),3,3,0.0
url,https://en.wikipedia.org/wiki/Coordinated_Universal_Time,3,3,0.0
url,https://en.wikipedia.org/wiki/Database_transaction,3,3,0.0
url,https://en.wikipedia.org/wiki/Extended_Backus%E2%80%93Naur_form,3,3,0.0
url,https://en.wikipedia.org/wiki/Lexical_analysis,3,3,0.0
url,https://en.wikipedia.org/wiki/Parsing_expression_grammar,3,3,0.0
url,https://en.wikipedia.org/wiki/Universal_binary,3,4,0.0
url,https://en.wikipedia.org/wiki/Walrus#/media/File:Pacific_Walrus_-_Bull_(8247646168).jpg,3,3,0.0
url,https://github.com/libexpat/libexpat,3,3,0.0
url,https://github.com/python/cpython/blob/main/Doc/library/dataclasses.rst?plain=1,3,4,0.0
url,https://github.com/python/cpython/blob/main/Doc/library/itertools.rst?plain=1,3,3,0.0
url,https://github.com/python/cpython/blob/main/Doc/tutorial/appetite.rst?plain=1,3,3,0.0
url,https://github.com/python/cpython/issues?q=is%3Aissue+is%3Aopen+label%3Adocs,3,3,0.0
url,https://github.com/python/cpython/tree/3.14/Lib/asyncio/locks.py,3,3,0.0
url,https://github.com/python/cpython/tree/3.14/Lib/asyncio/runners.py,3,3,0.0
url,https://github.com/python/cpython/tree/3.14/Lib/asyncio/streams.py,3,3,0.0
url,https://github.com/python/cpython/tree/3.14/Lib/codecs.py,3,3,0.0
url,https://github.com/python/cpython/tree/3.14/Lib/concurrent/futures/thread.py,3,3,0.0
url,https://github.com/python/cpython/tree/3.14/Lib/ctypes,3,3,0.0
url,https://github.com/python/cpython/tree/3.14/Lib/genericpath.py,3,3,0.0
url,https://github.com/python/cpython/tree/3.14/Lib/getpass.py,3,3,0.0
url,https://github.com/python/cpython/tree/3.14/Lib/html/__init__.py,3,3,0.0
url,https://github.com/python/cpython/tree/3.14/Lib/mimetypes.py,3,3,0.0
url,https://github.com/python/cpython/tree/3.14/Lib/pprint.py,3,3,0.0
url,https://github.com/python/cpython/tree/3.14/Lib/statistics.py,3,4,0.0
url,https://github.com/python/cpython/tree/3.14/Lib/tempfile.py,3,3,0.0
url,https://github.com/python/cpython/tree/3.14/Lib/tkinter/ttk.py,3,3,0.0
url,https://github.com/python/cpython/tree/3.14/Lib/urllib/robotparser.py,3,3,0.0
url,https://github.com/python/cpython/tree/3.14/Lib/zipimport.py,3,3,0.0
url,https://github.com/python/cpython/tree/3.14/Lib/zoneinfo,3,3,0.0
url,https://invisible-island.net/ncurses/ncurses-intro.html,3,3,0.0
url,https://msdn.microsoft.com/en-us/library/ms724878%28v=VS.85%29.aspx,3,3,0.0
url,https://msdn.microsoft.com/en-us/library/z0kc8e3z.aspx,3,3,0.0
url,https://numpy.org/doc/stable/user/basics.indexing.html#slicing-and-striding,3,3,0.0
url,https://packaging.python.org/en/latest/glossary/#term-Distribution-Package,3,3,0.0
url,https://peps.python.org/pep-0308/,3,3,0.0
url,https://peps.python.org/pep-0453/,3,3,0.0
url,https://peps.python.org/pep-0479/,3,3,0.0
url,https://peps.python.org/pep-0519/,3,3,0.0
url,https://peps.python.org/pep-0615/,3,3,0.0
url,https://peps.python.org/pep-0692/,3,3,0.0
url,https://peps.python.org/pep-0744/,3,3,0.0
url,https://peps.python.org/pep-0765/,3,3,0.0
url,https://peps.python.org/pep-3107/,3,3,0.0
url,https://poynton.ca/ColorFAQ.html,3,3,0.0
url,https://pybind11.readthedocs.io/,3,3,0.0
url,https://pypi.org/project/Exscript/,3,3,0.0
url,https://pypi.org/project/aiosmtpd/,3,3,0.0
url,https://pypi.org/project/typing_extensions/,3,4,0.0
url,https://www.iana.org/assignments/media-types/media-types.xhtml,3,3,0.0
url,https://www.python.org/downloads/source/,3,3,0.0
url,https://www.tcl-lang.org/,3,3,0.0
url,https://www.unicode.org/iso15924/,3,4,0.0
url,https://www.unicode.org/reports/tr44/tr44-34.html#Canonical_Combining_Class_Values,3,5,0.0
url,http://www.indowsway.com/floatingpoint.htm,2,2,0.0
url,http://www.robotstxt.org/orig.html,2,2,0.0
url,http://www.saxproject.org/,2,3,0.0
url,https://bugs.python.org/issue?@action=redirect&bpo=33725,2,2,0.0
url,https://codahale.com/a-lesson-in-timing-attacks/,2,2,0.0
url,https://code.activestate.com/recipes/393090-binary-floating-point-summation-accurate-to-full-p/,2,2,0.0
