name,visitors,bounce_rate,visit_duration
Direct / None,17764,66,193
google.com,9722,80,162
python.org,1021,62,317
m.baidu.com,514,91,19
google.com.hk,230,83,139
google.co.jp,221,81,122
bing.com,153,95,548
baidu.com/link,143,87,135
cn.bing.com,108,73,215
search.yahoo.co.jp,85,86,52
codecademy.cn,81,52,191
google.fr,51,66,176
chatgpt.com,45,83,314
duckduckgo.com,29,0,812
search.brave.com,26,100,735
baidu.com,24,86,51
ecosia.org,24,85,172
google.com.tw,22,86,67
note.nkmk.me,22,0,729
python.p2hp.com,22,0,628
qiita.com,20,50,763
statics.teams.cdn.office.net,19,89,22
github.com,16,69,248
netacad.com,16,50,121
wiki.python.org,14,0,666
yandex.ru,14,0,254
doubao.com,13,0,129
google.co.kr,13,92,107
google.es,12,83,45
codecademy.cn/tutorial/python,11,91,1
peps.python.org,11,100,349
qwant.com,9,0,1515
reddit.com,9,60,195
classroom.google.com,8,83,62
google.com.mx,8,88,18
m.baidu.com/s,8,75,76
gemini.google.com,7,0,160
google.com.br,7,71,11
python.it,7,40,121
udemy.com,7,0,578
link.csdn.net,6,0,87
perplexity.ai,6,80,2
yuanbao.tencent.com,6,0,518
android-app://com.google.android.googlequicksearchbox,5,100,0
copilot.microsoft.com,5,100,65
es.python.org,5,0,121
google.com.co,5,80,6
linkedin.com,5,100,0
m.facebook.com,5,0,168
python.org/downloads/release/python-3134,5,75,76
youtube.com,5,100,272
blog.glyph.im,4,100,0
colab.research.google.com,4,50,356
devdocs.io,4,75,57
google.ca,4,33,304
google.com.ua,4,100,0
kivy.org,4,0,18
lms-wc.el.kanazawa-u.ac.jp,4,50,1085
cdn.evg.gov.br,3,0,330
cnblogs.com,3,0,19
cs50.harvard.edu,3,0,3014
cursos.alura.com.br,3,0,949
google.cl,3,50,69
hitachigroup.okta.com,3,33,730
ics.uci.edu,3,100,0
learn.microsoft.com,3,0,1339
liaoxuefeng.com,3,0,19
link.zhihu.com,3,0,149
moodle.daiichi-koudai.ac.jp,3,0,4500
nttcom.atlassian.net,3,67,128
roadmap.sh,3,0,324
so.com/link,3,0,34
ai.rcouyi.com,2,0,1165
android-app://com.google.android.gm,2,0,173
attrs.org/en/stable/api.html,2,0,568
bbbcapacitaciones.chaco.gob.ar,2,0,18
business.algo-method.com,2,0,1216
bytedance.larkoffice.com,2,100,0
cloud.tencent.com/developer/tools/blog-entry,2,0,42
cms.unir.net,2,0,40
codecademy-enterprise.percipio.com,2,0,418
compassuol.udemy.com,2,0,1432
courses.cs.washington.edu,2,100,0
developers.google.com,2,0,3573
digitalocean.com,2,0,127
fastapi.tiangolo.com,2,0,806
geometry.docs.pyansys.com,2,100,0
ghe.corp.yahoo.co.jp,2,100,0
github.com/antlr/grammars-v4/tree/master/python/python3_13,2,100,0
github.com/python/cpython/issues/118888,2,100,0
github.com/rust-lang/libs-team/issues/598,2,100,0
google.be,2,100,690
google.ch,2,0,122
google.co.in,2,0,256
google.com.ar,2,100,0
google.com.pe,2,50,46
google.it,2,100,0
huggingface.co,2,0,292
m.baidu.com/from=1001192y/bd_page_type=1/ssid=0/uid=0/pu=usm%400%2Csz%401320_1001%2Cta%40iphone_2_10.0_28_16.0/baiduid=A962FC2C7B420706A37076C4AB13B74E/w=20_10_/t=iphone/l=1/tc,2,50,0
m.baidu.com/from=1001703a/bd_page_type=1/ssid=0/uid=0/pu=usm%400%2Csz%401320_220%2Cta%40iphone___18_40.9/baiduid=C44A4E14146F098E368EBCF93F134741/w=0_10_/t=iphone/l=1/tc,2,100,0
m.baidu.com/from=1013966u/bd_page_type=1/ssid=0/uid=0/pu=usm%400%2Csz%401320_1001%2Cta%40iphone_2_9.0_19_24.7/baiduid=9964D354E64E0ACABA69EC9C0DCC7810/w=0_10_/t=iphone/l=1/tc,2,100,0
m.baidu.com/from=1086k/bd_page_type=1/ssid=0/uid=0/pu=sz%401320_1002%2Cta%40iphone_2_12.0_2_19.0%2Cusm%400/baiduid=99EB579D4DA6B15E54A5BDAEF1510631/w=0_10_/t=iphone/l=1/tc,2,100,0
mclibre.org,2,0,82
mx.search.yahoo.com,2,0,302
my.uopeople.edu,2,50,235
notebooklm.google.com,2,0,1924
ntp.msn.cn,2,50,1524
ntp.msn.com,2,100,0
numpy.org,2,0,637
packaging.python.org/ja/latest/guides/packaging-binary-extensions,2,0,1701
pip.pypa.io/en/stable/installation,2,0,208
pyodide.org,2,50,14
pytest-mock.readthedocs.io/en/latest/usage.html,2,0,318
python.jp,2,0,174
qr.cz,2,100,0
search.yahoo.com,2,0,1008
terakoya.sejuku.net,2,0,32
tongyi.com/qianwen,2,0,184
utokyo-ipp.github.io,2,0,226
101.201.72.229,1,0,0
127.0.0.1,1,0,3823
6cd854b8-9737-4141-a74b-95f20097a0cc-00-6u5lvqkb27ko.kirk.replit.dev,1,0,0
agent.teleai.com.cn,1,0,27
ai-kaifa.com,1,0,45
ai.chatopens.vip,1,0,6
algoritmos1rw.ddns.net,1,0,0
alura.com.br,1,0,1265
aoc.just2good.co.uk,1,0,28
app.aluracursos.com,1,0,3111
app.innerai.com,1,0,193
ashortday.tistory.com/41,1,0,1678
askmany.cn,1,100,0
assets.scormproxy.com,1,0,20
astral.sh/blog/ruff-v0.10.0,1,0,836
ava3.cefor.ifes.edu.br,1,0,100
away.vk.com,1,100,0
awesomedataengineering.com,1,0,9
aws.amazon.com,1,100,0
baidu.com/baidu,1,0,43
baidu.com/s,1,0,0
baike.baidu.com/reference/407313/533aYdO6cr3_z3kATKXfzPijYC-VNd__ueHQVuBzzqIPmGapB4rqWZt88M4r9vhpWgTZt9d4aJsWmKf5FQ,1,0,54
blog.changs.co.uk,1,0,515
blog.csdn.net/Candyz7/article/details/140738730,1,0,0
blog.csdn.net/JeremiahMohammed/article/details/147502694,1,0,194
blog.csdn.net/weixin_39278265/article/details/115203933,1,0,11
boesherzgoebel.de,1,0,16
campus118.unad.edu.co,1,0,348
campusvirtual.unah.edu.hn,1,100,0
canva.com,1,100,0
chat.chaton.ai,1,0,105
chat.dinootoo.ai.orange,1,0,378
chat.imsy.cc,1,0,0
chat.qwen.ai/c/2086467b-8ac8-4472-b793-d1ad6ce218ad,1,100,0
chat.qwen.ai/c/fa77f1ad-a508-4d56-88f7-b03a1cd168f7,1,100,0
chat18.aichatosrg.com,1,0,4
claude.ai,1,0,0
code-basics.com,1,0,17
code.reshero.top,1,0,0
codecademy.com,1,0,705
cohlzhtweb.feishu.cn,1,100,0
community.viktor.ai,1,0,0
confluence.oraclecorp.com,1,100,0
console.his.huawei.com,1,0,0
conteudo.colaboraread.com.br,1,0,2626
coordon.lexsi.com,1,0,152
cse.google.com,1,0,123
cupi2-ip.github.io,1,0,55
cython.readthedocs.io/en/latest/src/userguide/freethreading.html,1,0,120
digitalbourgeois.tistory.com/781,1,0,11
discordpy.readthedocs.io/ja/stable/faq.html,1,0,189
discuss.python.org,1,0,2266
doc.scalingo.com,1,100,0
docs-python-org.translate.goog,1,0,7
docs.openmv.io,1,0,52
docs.pingcode.com,1,0,88
docs.pydantic.dev,1,0,20
docs.pyq.jp,1,0,1297
docs.python-telegram-bot.org/en/v22.0/telegram.bot.html,1,0,15
docs.pytorch.org,1,0,1863
docs.scrapy.org/en/latest/intro/install.html,1,0,116
doubao.com/chat/8023008822652162,1,0,0
ds0n.cc.yamaguchi-u.ac.jp,1,0,1231
dsw-gateway-cn-hangzhou.data.aliyun.com,1,0,908
dtici.udemy.com,1,0,14
ead.ifms.edu.br,1,100,0
edube.org/learn/python-essentials-2-esp/m-oacute-dulos-uacute-tiles-3,1,0,392
engineering.nifty.co.jp,1,0,0
ensta-blog.com/python/base64,1,0,109
es.search.yahoo.com,1,0,541
escueladigital3.mendoza.edu.ar,1,100,0
facebook.com,1,100,0
fionaslow-amadeusorlando.codio.io,1,0,249
forums.linuxmint.com,1,100,0
gihyo.jp,1,100,0
github.com/JuliaLang/julia/issues/58383,1,0,70
github.com/danifus/pyzipper,1,0,1119
github.com/marialarsson/tsugite,1,0,462
github.com/python/cpython,1,0,930
github.com/python/cpython/issues/109221,1,100,0
github.com/python/cpython/tree/3.13,1,100,0
github.com/python/python-docs-pt-br/tree/3.13,1,0,50
github.com/tornadoweb/tornado/issues/3440,1,0,177
github.com/vinta/awesome-python,1,0,815
go.startexam.com,1,100,0
google.by,1,0,120
google.cg,1,100,0
google.co.uk,1,0,1466
google.co.ve,1,100,0
google.com.do,1,100,0
google.de,1,100,0
google.mu,1,100,0
google.ru,1,0,738
he-arc.github.io,1,0,369
infinite-erp.co.id,1,0,0
interactivechaos.com,1,0,1728
iteration-utilities.readthedocs.io/en/latest/index.html,1,100,0
ithelp.ithome.com.tw,1,0,30
journal.top-academy.ru,1,100,0
jupyterhub.readthedocs.io/en/latest/reference/event-logging.html,1,0,1653
khashtamov.com/ru/python-requests,1,0,0
l.facebook.com,1,0,163
leetcode.com,1,0,245
lernplattform.bildungskarenz-digital.at,1,0,83
link.juejin.cn,1,0,48
linkandnotemanager.pages.dev,1,100,0
lixiaolai.com,1,0,1
lm.facebook.com,1,0,703
login.microsoftonline.com,1,100,0
loguru.readthedocs.io/en/stable/resources/migration.html,1,0,1472
m.baidu.com/from=0/bd_page_type=1/ssid=0/uid=0/pu=sz%401320_1004%2Cvmgdb%400020100228y%2Cusm%400/baiduid=9726BF8B4EF07E46B8D200FECA7C1E8A/w=0_10_/t=zbios/l=1/tc,1,100,0
m.baidu.com/from=0/bd_page_type=1/ssid=0/uid=0/pu=sz%401320_220%2Cta%40iphone___1_16.5%2Cusm%400/baiduid=4E2E8C44B08DCF5DA38CA283F11EDB1A/w=0_10_/t=iphone/l=1/tc,1,100,0
m.baidu.com/from=0/bd_page_type=1/ssid=0/uid=0/pu=usm%401%2Csz%401320_1001%2Cta%40iphone_2_14.0_29_128.0/baiduid=F11615F78532958F6C49644B7C7EE4B6/w=0_10_/t=iphone/l=1/tc,1,0,251
m.baidu.com/from=0/bd_page_type=1/ssid=0/uid=0/pu=vmgdb%400020100228y%2Csz%401320_1004%2Cusm%401/baiduid=444D0ABDBC4ED5203C9F426F3D8C44D9/w=0_10_/t=zbios/l=1/tc,1,100,0
m.baidu.com/from=1001192y/bd_page_type=1/ssid=0/uid=0/pu=sz%401320_1001%2Cta%40iphone_2_10.0_28_16.0%2Cusm%400/baiduid=4C661E48351E23ECC8CECDB34CE61517/w=0_10_/t=iphone/l=1/tc,1,0,26
m.baidu.com/from=1001192y/bd_page_type=1/ssid=0/uid=0/pu=sz%401320_1001%2Cta%40iphone_2_10.0_28_16.0%2Cusm%400/baiduid=7E4DA7C6F10671E381622793896A463F/w=0_10_/t=iphone/l=1/tc,1,0,0
m.baidu.com/from=1001192y/bd_page_type=1/ssid=0/uid=0/pu=sz%401320_1001%2Cta%40iphone_2_10.0_28_16.0%2Cusm%400/baiduid=94CC3FFE10E9A620DEF07BF0EB126550/w=0_10_/t=iphone/l=1/tc,1,100,0
m.baidu.com/from=1001192y/bd_page_type=1/ssid=0/uid=0/pu=sz%401320_1001%2Cta%40iphone_2_12.0_28_16.0%2Cusm%400/baiduid=1866AFAAD34AEE8C4678763F2A76AFC9/w=10_10_/t=iphone/l=1/tc,1,100,0
m.baidu.com/from=1001192y/bd_page_type=1/ssid=0/uid=0/pu=sz%401320_1001%2Cta%40iphone_2_12.0_28_16.0%2Cusm%400/baiduid=2753F25E9C53DA11D4A4C8361C9B3A82/w=0_10_/t=iphone/l=1/tc,1,100,0
m.baidu.com/from=1001192y/bd_page_type=1/ssid=0/uid=0/pu=sz%401320_1001%2Cta%40iphone_2_12.0_28_16.0%2Cusm%400/baiduid=4A6A3811431E4ACD87F0BFB05CDA2B72/w=30_10_/t=iphone/l=1/tc,1,100,0
m.baidu.com/from=1001192y/bd_page_type=1/ssid=0/uid=0/pu=sz%401320_1001%2Cta%40iphone_2_12.0_28_16.0%2Cusm%400/baiduid=5260A548E72D58F8A18F1E19201ECE1B/w=10_10_/t=iphone/l=1/tc,1,100,0
m.baidu.com/from=1001192y/bd_page_type=1/ssid=0/uid=0/pu=sz%401320_1001%2Cta%40iphone_2_12.0_28_16.0%2Cusm%400/baiduid=627CF13F2684F5EA75126E8C6CC36D24/w=30_10_/t=iphone/l=1/tc,1,100,0
m.baidu.com/from=1001192y/bd_page_type=1/ssid=0/uid=0/pu=sz%401320_1001%2Cta%40iphone_2_12.0_28_16.0%2Cusm%400/baiduid=9AC55EFB86F0DF79C1D13789DBE494E6/w=30_10_/t=iphone/l=1/tc,1,0,477
m.baidu.com/from=1001192y/bd_page_type=1/ssid=0/uid=0/pu=sz%401320_1001%2Cta%40iphone_2_12.0_28_16.0%2Cusm%400/baiduid=B993E7EFCAC32B089819A60F48C79AF1/w=0_10_/t=iphone/l=1/tc,1,100,0
m.baidu.com/from=1001192y/bd_page_type=1/ssid=0/uid=0/pu=sz%401320_1001%2Cta%40iphone_2_12.0_28_16.0%2Cusm%400/baiduid=C88CFFBC6CA19E272331DF25CBCA9CF0/w=10_10_/t=iphone/l=1/tc,1,100,0
m.baidu.com/from=1001192y/bd_page_type=1/ssid=0/uid=0/pu=sz%401320_1001%2Cta%40iphone_2_12.0_28_16.0%2Cusm%400/baiduid=CFE837EE261FFE6F18FDEB204E096557/w=0_10_/t=iphone/l=1/tc,1,0,3
m.baidu.com/from=1001192y/bd_page_type=1/ssid=0/uid=0/pu=sz%401320_1001%2Cta%40iphone_2_12.0_28_16.0%2Cusm%400/baiduid=D8AED2E72DBC6E9A460D1B3F2D395074/w=0_10_/t=iphone/l=1/tc,1,0,0
m.baidu.com/from=1001192y/bd_page_type=1/ssid=0/uid=0/pu=usm%400%2Csz%401320_1001%2Cta%40iphone_2_10.0_28_12.1/baiduid=F88226BEC6CAE20379E6EBDE606807BB/w=0_10_/t=iphone/l=1/tc,1,100,0
m.baidu.com/from=1001192y/bd_page_type=1/ssid=0/uid=0/pu=usm%400%2Csz%401320_1001%2Cta%40iphone_2_10.0_28_16.0/baiduid=126581FBB63487FF949D4B12CEA4AA6C/w=0_10_/t=iphone/l=1/tc,1,100,0
m.baidu.com/from=1001192y/bd_page_type=1/ssid=0/uid=0/pu=usm%400%2Csz%401320_1001%2Cta%40iphone_2_12.0_28_16.0/baiduid=18FCF822593767F2843CB70A767A1408/w=0_10_/t=iphone/l=1/tc,1,0,1
m.baidu.com/from=1001192y/bd_page_type=1/ssid=0/uid=0/pu=usm%400%2Csz%401320_1001%2Cta%40iphone_2_12.0_28_16.0/baiduid=793E4EBD7D037DA3A466F88CE9252F59/w=0_10_/t=iphone/l=1/tc,1,0,301
m.baidu.com/from=1001192y/bd_page_type=1/ssid=0/uid=0/pu=usm%400%2Csz%401320_1001%2Cta%40iphone_2_12.0_28_16.0/baiduid=7D0A9CFB7942E0C75692E5B2B85CED1B/w=0_10_/t=iphone/l=1/tc,1,100,0
m.baidu.com/from=1001192y/bd_page_type=1/ssid=0/uid=0/pu=usm%400%2Csz%401320_1001%2Cta%40iphone_2_12.0_28_16.0/baiduid=A136EC7736F07500A53F0F88917DA232/w=20_10_/t=iphone/l=1/tc,1,100,0
m.baidu.com/from=1001192y/bd_page_type=1/ssid=0/uid=0/pu=usm%400%2Csz%401320_1001%2Cta%40iphone_2_12.0_28_16.0/baiduid=BB2A25ACD3DC43EF1644AFF3825D5EB5/w=0_10_/t=iphone/l=1/tc,1,100,0
m.baidu.com/from=1001192y/bd_page_type=1/ssid=0/uid=0/pu=usm%400%2Csz%401320_1001%2Cta%40iphone_2_8.0_28_16.0/baiduid=B293DCD2B4F8E56C9653DD030D32448D/w=10_10_/t=iphone/l=1/tc,1,100,0
m.baidu.com/from=1001192y/bd_page_type=1/ssid=0/uid=0/pu=usm%400%2Csz%401320_220%2Cta%40iphone___24_114.0/baiduid=DABCBAF07F86527C1407A4B3903E7E09/w=0_10_/t=iphone/l=1/tc,1,0,1
m.baidu.com/from=1001703a/bd_page_type=1/ssid=0/uid=0/pu=sz%401320_1001%2Cta%40iphone_2_12.0_18_40.8%2Cusm%400/baiduid=4D4C15C149030ECC6B86AE1247B0E2FD/w=0_10_/t=iphone/l=1/tc,1,100,0
m.baidu.com/from=1001703a/bd_page_type=1/ssid=0/uid=0/pu=sz%401320_1001%2Cta%40iphone_2_12.0_18_40.9%2Cusm%400/baiduid=288727C4F759E0C7F76F91C4C6D02F32/w=0_10_/t=iphone/l=1/tc,1,100,0
m.baidu.com/from=1001703a/bd_page_type=1/ssid=0/uid=0/pu=sz%401320_1001%2Cta%40iphone_2_13.0_18_40.9%2Cusm%400/baiduid=D0264C9BC28165E35C09D933FC4CB6C9/w=0_10_/t=iphone/l=1/tc,1,100,0
m.baidu.com/from=1001703a/bd_page_type=1/ssid=0/uid=0/pu=sz%401320_1001%2Cta%40iphone_2_15.0_18_40.9%2Cusm%400/baiduid=01D21B0F44883F7B6AD02777EF5CB72F/w=0_10_/t=iphone/l=1/tc,1,100,0
m.baidu.com/from=1001703a/bd_page_type=1/ssid=0/uid=0/pu=sz%401320_1001%2Cta%40iphone_2_15.0_18_40.9%2Cusm%400/baiduid=B6CE6BBF2288C2EDDB6EE41F2CEE8701/w=0_10_/t=iphone/l=1/tc,1,100,0
m.baidu.com/from=1001703a/bd_page_type=1/ssid=0/uid=0/pu=sz%401320_1001%2Cta%40iphone_2_8.1_18_4.7%2Cusm%400/baiduid=3C34789141289F3A12DF3E847B503095/w=10_10_/t=iphone/l=1/tc,1,100,0
m.baidu.com/from=1001703a/bd_page_type=1/ssid=0/uid=0/pu=sz%401320_1001%2Cta%40iphone_2_8.1_18_4.7%2Cusm%400/baiduid=5EB98EB0F39F8477EC2611AF23733392/w=0_10_/t=iphone/l=1/tc,1,100,0
m.baidu.com/from=1001703a/bd_page_type=1/ssid=0/uid=0/pu=usm%400%2Csz%401320_1001%2Cta%40iphone_2_10.0_18_40.9/baiduid=FD66C270D92994BCF2538D031227A61C/w=0_10_/t=iphone/l=1/tc,1,100,0
m.baidu.com/from=1001703a/bd_page_type=1/ssid=0/uid=0/pu=usm%400%2Csz%401320_1001%2Cta%40iphone_2_12.0_18_40.9/baiduid=05D31C9D81908A008560F2B1F84D406E/w=0_10_/t=iphone/l=1/tc,1,100,0
m.baidu.com/from=1001703a/bd_page_type=1/ssid=0/uid=0/pu=usm%400%2Csz%401320_1001%2Cta%40iphone_2_13.0_18_40.8/baiduid=D238284B14A70F92F95C4D17F0F3C609/w=0_10_/t=iphone/l=1/tc,1,100,0
m.baidu.com/from=1001703a/bd_page_type=1/ssid=0/uid=0/pu=usm%400%2Csz%401320_1001%2Cta%40iphone_2_13.0_18_40.8/baiduid=F56433F90AC521EDCF179B05BB23291B/w=0_10_/t=iphone/l=1/tc,1,0,18
m.baidu.com/from=1001703a/bd_page_type=1/ssid=0/uid=0/pu=usm%400%2Csz%401320_1001%2Cta%40iphone_2_13.0_18_40.9/baiduid=DB5F8D65053B5EBDA07A81602DCAB37E/w=0_10_/t=iphone/l=1/tc,1,100,0
m.baidu.com/from=1001703a/bd_page_type=1/ssid=0/uid=0/pu=usm%400%2Csz%401320_1001%2Cta%40iphone_2_14.0_18_40.9/baiduid=397980245286F51D4A05E9715B33F43B/w=0_10_/t=iphone/l=1/tc,1,0,20
m.baidu.com/from=1001703a/bd_page_type=1/ssid=0/uid=0/pu=usm%400%2Csz%401320_1001%2Cta%40iphone_2_15.0_18_40.9/baiduid=1EDEDE2324357DF944BBA27F19F2CF9E/w=0_10_/t=iphone/l=1/tc,1,0,60
m.baidu.com/from=1001703a/bd_page_type=1/ssid=0/uid=0/pu=usm%400%2Csz%401320_1001%2Cta%40iphone_2_15.0_18_40.9/baiduid=76F639926DE0F9B2C90327BF800519A1/w=0_10_/t=iphone/l=1/tc,1,100,0
m.baidu.com/from=1001703a/bd_page_type=1/ssid=0/uid=0/pu=usm%402%2Csz%401320_220%2Cta%40iphone___18_40.9/baiduid=06E5D80985939D2410FB925FCA8D8DA0/w=0_10_/t=iphone/l=1/tc,1,100,0
m.baidu.com/from=1012852q/bd_page_type=1/ssid=0/uid=0/pu=sz%401320_1004%2Cta%40iphone_2_11.0_11_18.3%2Cusm%400/baiduid=54D372946CFDEAC4C7B9F095BFD4D543/w=0_10_/t=iphone/l=1/tc,1,100,0
m.baidu.com/from=1012852q/bd_page_type=1/ssid=0/uid=0/pu=sz%401320_1004%2Cta%40iphone_2_13.0_11_19.2%2Cusm%400/baiduid=68F3D625E2EE09929146D9276FF1D6B6/w=0_10_/t=iphone/l=1/tc,1,0,5
m.baidu.com/from=1012852q/bd_page_type=1/ssid=0/uid=0/pu=sz%401320_1004%2Cta%40iphone_2_14.0_11_19.5%2Cusm%400/baiduid=2635D583C380E16EDFFED55C04E3F295/w=10_10_/t=iphone/l=1/tc,1,100,0
m.baidu.com/from=1012852q/bd_page_type=1/ssid=0/uid=0/pu=sz%401320_1004%2Cta%40iphone_2_14.0_11_19.5%2Cusm%400/baiduid=2F31296E3B04DFC8922A928B9CC3B641/w=0_10_/t=iphone/l=1/tc,1,100,0
m.baidu.com/from=1012852q/bd_page_type=1/ssid=0/uid=0/pu=sz%401320_1004%2Cta%40iphone_2_15.0_11_19.5%2Cusm%400/baiduid=CEB21328B82BF3F003EBEF013A634552/w=0_10_/t=iphone/l=1/tc,1,100,0
m.baidu.com/from=1012852q/bd_page_type=1/ssid=0/uid=0/pu=usm%400%2Csz%401320_1004%2Cta%40iphone_2_12.0_11_19.6/baiduid=4ED7DD6D9CA50E629601B5949039A9B9/w=0_10_/t=iphone/l=1/tc,1,100,0
m.baidu.com/from=1012852q/bd_page_type=1/ssid=0/uid=0/pu=usm%400%2Csz%401320_1004%2Cta%40iphone_2_13.0_11_19.5/baiduid=21FCDC8E54E4DC0B2E866C46A35AE5F5/w=0_10_/t=iphone/l=1/tc,1,100,0
m.baidu.com/from=1012852q/bd_page_type=1/ssid=0/uid=0/pu=usm%400%2Csz%401320_1004%2Cta%40iphone_2_14.0_11_19.4/baiduid=529048EBCAA198B69050F3C7A63DC714/w=0_10_/t=iphone/l=1/tc,1,100,0
m.baidu.com/from=1012852q/bd_page_type=1/ssid=0/uid=0/pu=usm%401%2Csz%401320_1004%2Cta%40iphone_2_13.0_11_19.5/baiduid=69D05105FA3A9C217848A0B7B18351C1/w=0_10_/t=iphone/l=1/tc,1,0,20
m.baidu.com/from=1013672b/bd_page_type=1/ssid=0/uid=0/pu=sz%401320_1004%2Cta%40iphone_2_11.0_11_19.5%2Cusm%400/baiduid=EAFAB5B177938C13F026EDE94FFD4A4E/w=0_10_/t=iphone/l=1/tc,1,100,0
m.baidu.com/from=1013672g/bd_page_type=1/ssid=0/uid=0/pu=usm%400%2Csz%401320_1004%2Cta%40iphone_2_10.0_11_19.4/baiduid=25A77DFDCF27795A3E93D28824DB755A/w=0_10_/t=iphone/l=1/tc,1,100,0
m.baidu.com/from=1013966u/bd_page_type=1/ssid=0/uid=0/pu=sz%401320_1001%2Cta%40iphone_2_13.0_19_22.7%2Cusm%400/baiduid=5A52C1598395346C03A08708057A171C/w=0_10_/t=iphone/l=1/tc,1,100,0
m.baidu.com/from=1013966u/bd_page_type=1/ssid=0/uid=0/pu=sz%401320_1001%2Cta%40iphone_2_13.0_19_24.7%2Cusm%400/baiduid=EC9C34C3F3533747AE1D540F4DCC858B/w=0_10_/t=iphone/l=1/tc,1,100,0
m.baidu.com/from=1013966u/bd_page_type=1/ssid=0/uid=0/pu=usm%400%2Csz%401320_1001%2Cta%40iphone_2_10.0_19_24.5/baiduid=2C963341E72551111633321E18F487AB/w=0_10_/t=iphone/l=1/tc,1,100,0
m.baidu.com/from=1013966u/bd_page_type=1/ssid=0/uid=0/pu=usm%400%2Csz%401320_1001%2Cta%40iphone_2_13.0_19_24.5/baiduid=85C9181480AD5132CEF5F127953886F1/w=0_10_/t=iphone/l=1/tc,1,100,0
m.baidu.com/from=1013966u/bd_page_type=1/ssid=0/uid=0/pu=usm%400%2Csz%401320_1001%2Cta%40iphone_2_13.0_19_24.6/baiduid=9743310BE13D30B084FA8AE8949EC3A3/w=0_10_/t=iphone/l=1/tc,1,100,0
m.baidu.com/from=1013966u/bd_page_type=1/ssid=0/uid=0/pu=usm%400%2Csz%401320_1001%2Cta%40iphone_2_13.0_19_24.6/baiduid=FA3F6A6DB7706AF21260B7CB4F90407F/w=0_10_/t=iphone/l=1/tc,1,100,0
m.baidu.com/from=1013966u/bd_page_type=1/ssid=0/uid=0/pu=usm%400%2Csz%401320_1001%2Cta%40iphone_2_14.0_19_24.6/baiduid=623EA19AB01F92618FCAAE688B0CDAF6/w=0_10_/t=iphone/l=1/tc,1,100,0
m.baidu.com/from=1013966u/bd_page_type=1/ssid=0/uid=0/pu=usm%400%2Csz%401320_1001%2Cta%40iphone_2_14.0_19_24.6/baiduid=BD1DC179D544487C8E8E3C8250BFA3A1/w=0_10_/t=iphone/l=1/tc,1,100,0
m.baidu.com/from=1013966u/bd_page_type=1/ssid=0/uid=0/pu=usm%400%2Csz%401320_1001%2Cta%40iphone_2_15.0_19_24.7/baiduid=0E62D263D312FB1ADE8D145B728FDFEC/w=0_10_/t=iphone/l=1/tc,1,0,3
m.baidu.com/from=1013966u/bd_page_type=1/ssid=0/uid=0/pu=usm%400%2Csz%401320_1001%2Cta%40iphone_2_8.1_19_24.7/baiduid=1AEAA388920479E7C290DD8DAD68B6E5/w=0_10_/t=iphone/l=1/tc,1,100,0
m.baidu.com/from=1015011p/bd_page_type=1/ssid=0/uid=0/pu=sz%401320_1001%2Cta%40iphone_2_11.0_24_83.0%2Cusm%400/baiduid=250B5A5701A545A8869A74F264A75756/w=0_10_/t=iphone/l=1/tc,1,100,0
m.baidu.com/from=1015011p/bd_page_type=1/ssid=0/uid=0/pu=usm%400%2Csz%401320_1001%2Cta%40iphone_2_13.0_24_103.0/baiduid=AB6B65E860D08A041A680948810F6236/w=0_10_/t=iphone/l=1/tc,1,0,9
m.baidu.com/from=1016095t/bd_page_type=1/ssid=0/uid=0/pu=sz%401320_1001%2Cta%40iphone_2_13.0_24_135.0%2Cusm%400/baiduid=6DEB296D3C5C9C4591D6E67C6E32F6AF/w=0_20_/t=iphone/l=1/tc,1,100,0
m.baidu.com/from=1019311a/bd_page_type=1/ssid=0/uid=0/pu=sz%401320_1001%2Cta%40iphone_2_14.0_19_24.6%2Cusm%400/baiduid=54F01DD49AC7C23DB2E748AAE98D1901/w=0_10_/t=iphone/l=1/tc,1,100,0
m.baidu.com/from=1019311a/bd_page_type=1/ssid=0/uid=0/pu=usm%400%2Csz%401320_1001%2Cta%40iphone_2_10.0_19_24.7/baiduid=61D95BF64275BD9C93205E88E8AD62F5/w=30_10_/t=iphone/l=1/tc,1,100,0
m.baidu.com/from=1019311a/bd_page_type=1/ssid=0/uid=0/pu=usm%400%2Csz%401320_1001%2Cta%40iphone_2_13.0_19_14.5/baiduid=BB79CED867711D9559E46B3648846F78/w=0_10_/t=iphone/l=1/tc,1,0,616
m.baidu.com/from=1019311a/bd_page_type=1/ssid=0/uid=0/pu=usm%400%2Csz%401320_1001%2Cta%40iphone_2_9.0_19_24.7/baiduid=A2C8B82BB3259F1D9FFB437E65F593B8/w=0_10_/t=iphone/l=1/tc,1,0,31
m.baidu.com/from=1019311v/bd_page_type=1/ssid=0/uid=0/pu=sz%401320_1001%2Cta%40iphone_2_14.0_19_24.6%2Cusm%400/baiduid=A1D6E30ED0F7D6F33C5985F0BFD5D7CA/w=10_10_/t=iphone/l=1/tc,1,100,0
