name,version,visitors
Windows,10,2113
Mac,10.15,705
Android,10,280
iOS,18.4,231
Android,12,151
Android,14,125
GNU/Linux,(not set),112
Android,15,103
Android,13,85
iOS,18.3,66
Android,11,59
Ubuntu,(not set),24
HarmonyOS,(not set),23
Android,9,23
Chrome OS,14541.0,21
HarmonyOS,3.0,17
iOS,17.6,12
Windows,7,12
iOS,15.8,9
iOS,17.5,9
iOS,18.2,9
Android,8.1,9
iOS,18.1,8
iOS,16.7,7
Fire OS,8,6
Android,8.0,6
HarmonyOS,2.2,5
Mac,10.14,4
iOS,18.0,4
Windows,Server 2003,4
(not set),(not set),3
iOS,12.5,3
iOS,16.1,3
iOS,16.4,3
iOS,15.6,2
iPadOS,15.8,2
iOS,17.0,2
iOS,17.4,2
iOS,17.7,2
iOS,18.5,2
Fire OS,7,2
Android,7.1,2
Windows,XP,2
iOS,13.2,1
iOS,13.6,1
iPadOS,14.7,1
iOS,14.8,1
iPadOS,15.6,1
iOS,15.7,1
iOS,16.2,1
iOS,16.3,1
iPadOS,16.3,1
iOS,16.6,1
iOS,17.3,1
iPadOS,17.5,1
iPadOS,17.7,1
iOS,4.3,1
Android,7.0,1
Windows,8.1,1
