name,visitors,bounce_rate,visit_duration
Google,431,84,70
Direct / None,295,71,83
Bing,14,75,29
Baidu,11,60,10
Yahoo!,7,50,37
python.org,7,0,301
steam.oxxostudio.tw,7,86,1
finlab.tw,3,100,0
GitHub,2,0,1436
chatgpt.com,2,50,21
DuckDuckGo,1,100,0
ithelp.ithome.com.tw,1,100,0
kirin.idv.tw,1,100,0
peps.python.org,1,0,256
post_page-----3d988c0fe87d---------------------------------------,1,0,647
python-docs-translations.github.io,1,100,0
python.p2hp.com,1,0,378
realnewbie.com,1,100,0
tinymurky.medium.com,1,0,91
tw.alphacamp.co,1,0,0
wiki.python.org,1,0,185
