name,visitors
São Paulo,29925
Rio de Janeiro,12626
Mumbai,7120
Brasília,7029
Belo Horizonte,6564
Kuala Lumpur,6541
Curitiba,6156
Ho Chi Minh City,5809
Pune,5456
Hanoi,5292
Porto Alegre,5262
New Delhi,5115
Quito,4755
Bengaluru,4663
Kolkata,4554
Lima,4390
Guayaquil,4368
Delhi,4311
Jakarta,4260
Salvador,4113
Campinas,3942
Guarulhos,3858
Montevideo,3163
Hyderabad,3075
Ribeirão Preto,3027
Jaipur,3007
Asunción,2983
Ahmedabad,2937
Dhaka,2884
Lucknow,2789
Kathmandu,2690
Santo André,2609
Fortaleza,2596
Ashburn,2592
Goiânia,2539
N/A,2503
Moscow,2471
Sorocaba,2387
Caxias do Sul,2368
Santiago,2253
Kanpur,2167
Istanbul,2164
Bogotá,2121
Medellín,2097
Ludhiāna,2062
Bauru,2017
Osasco,1941
Cape Town,1917
Johannesburg,1916
Petaling Jaya,1906
Kota Kinabalu,1769
Duque de Caxias,1746
Juiz de Fora,1707
Volta Redonda,1702
Joinville,1688
São Bernardo do Campo,1667
Recife,1653
Patna,1651
Meerut,1651
São Gonçalo,1645
Quezon City,1608
Vadodara,1553
Manaus,1550
São José dos Campos,1546
Praia Grande,1541
Surat,1536
Buenos Aires,1534
Chicago,1531
Blumenau,1518
Nova Iguaçu,1515
Uberlândia,1502
Houston,1501
Santo Domingo,1496
Bandung,1461
Bangkok,1458
Maceió,1436
Chennai,1379
Saint Petersburg,1371
Nagpur,1369
Chandīgarh,1315
Guwahati,1287
Dubai,1275
Canoas,1275
Dehra Dūn,1266
Contagem,1253
Aracaju,1251
Rājkot,1244
Cairo,1239
Belford Roxo,1209
Piracicaba,1205
Hortolândia,1195
Jundiaí,1192
Pelotas,1191
Patiāla,1189
Campos dos Goytacazes,1179
São José do Rio Preto,1171
Montes Claros,1156
Mauá,1156
Itaquaquecetuba,1152
Itajaí,1149
Novo Hamburgo,1147
Atlanta,1143
Phoenix,1132
Carapicuíba,1126
Bhubaneshwar,1112
Casablanca,1104
Bridgetown,1097
Indore,1096
N/A,1092
Ourinhos,1091
Manila,1088
Santa Maria,1086
Philadelphia,1082
Noida,1080
Natal,1074
Caracas,1072
Gurgaon,1065
Petrópolis,1065
Sumaré,1063
Cabo Frio,1056
Rio Grande,1053
Taubaté,1051
São Vicente,1048
Surabaya,1043
Niterói,1043
La Plata,1041
Betim,1034
Los Angeles,1032
Indaiatuba,1026
Minsk,1010
N/A,1009
Bhopāl,998
Kyiv,991
Lanús,989
Bragança Paulista,987
Ipatinga,979
Franca,977
Riyadh,973
Limeira,969
Dallas,966
Brooklyn,957
São José dos Pinhais,955
Mexico City,951
Phnom Penh,940
Dakar,940
Viamão,938
Mogi das Cruzes,937
Aurangabad,935
Americana,927
Ghāziābād,915
Passo Fundo,905
Quilmes,904
Las Vegas,899
Amman,898
Marília,889
Singapore,880
Florianópolis,874
Taboão da Serra,867
Córdoba,867
Tunis,866
Cali,856
Camaçari,853
Diadema,848
Londrina,842
Miami,841
Maldonado,839
Belém,828
Cotia,823
Teresina,820
Cuiabá,819
Gravataí,817
Guarujá,809
Warsaw,807
Feira de Santana,807
Nova Friburgo,806
Florencio Varela,805
Jacksonville,802
São Leopoldo,801
Jeddah,796
Baghdad,795
João Pessoa,786
Maringá,781
N/A,780
San Antonio,769
New York City,762
Campo Grande,760
Nashik,755
Karachi,749
Vitória,743
Araraquara,743
Aparecida de Goiânia,739
N/A,736
Colombo,736
Anápolis,731
Rosario,731
Ribeirão das Neves,726
Denver,721
Uberaba,720
Rio das Ostras,717
Bandar Seri Begawan,715
Lomas de Zamora,715
Nairobi,711
Campina Grande,705
Santa Luzia,701
Ponta Grossa,700
Jamshedpur,695
Suzano,692
Santos,690
Barranquilla,689
Auckland,687
Ciudad del Este,687
Da Nang,678
Panamá,677
Resistencia,674
Serra,669
Divinópolis,664
San Miguel de Tucumán,664
San Salvador,662
Barueri,660
Caraguatatuba,659
Durban,658
Vila Velha,656
Araçatuba,653
Guadalajara,653
Detroit,653
Medan,647
Salto,647
Tashkent,645
N/A,645
Indianapolis,644
Davao,637
Lençóis Paulista,636
Chapecó,634
Queens,634
Vitória da Conquista,633
Berazategui,630
Teresópolis,628
Yogyakarta,626
Macaé,623
N/A,623
Maricá,616
Gustavo Adolfo Madero,613
Orlando,611
Athens,602
N/A,600
Abu Dhabi,598
Sete Lagoas,598
Ankara,597
San José,597
Kuwait City,595
Registro,595
Poços de Caldas,594
Governador Valadares,594
Kingston,592
The Bronx,589
N/A,587
Dublin,586
São Carlos,584
Varginha,581
Pouso Alegre,580
Bekasi,578
N/A,578
Catanduva,576
Karnāl,573
Palhoça,573
Ipoh,572
Cuenca,569
Algiers,568
Lahore,563
Criciúma,559
N/A,557
Petrolina,557
São João de Meriti,557
Imperatriz,556
Jacareí,554
Madrid,553
José C. Paz,553
Seattle,551
Jodhpur,550
José María Ezeiza,550
Ituzaingó,549
Charlotte,548
Atibaia,545
Jaboatão dos Guararapes,545
Nanjing,540
N/A,536
Chaguanas,536
Sharjah,534
N/A,529
Doha,528
Amparo,528
Santa Bárbara d'Oeste,525
San Diego,525
Johor Bahru,524
Angra dos Reis,519
Francisco Morato,516
Islamabad,515
Tirana,514
Itanhaém,513
Milwaukee,509
