name,visitors,bounce_rate,visit_duration
Direct / None,903690,98,11
python.org,9035,79,27
google.com,1732,85,57
docs.python.org,645,79,39
bing.com,164,90,38
devguide.python.org/versions,119,74,52
duckduckgo.com,118,81,47
python.org/downloads,85,71,45
yandex.ru,81,92,10
search.brave.com,68,95,21
chatgpt.com,66,83,157
boot.dev,57,92,18
practicum.yandex.ru,47,90,22
netacad.com,46,96,25
discuss.python.org,45,81,63
github.com,38,87,25
realpython.com,38,88,140
t.co,30,87,45
docs.astral.sh,28,93,65
pypi.org,28,100,0
udemy.com,25,100,0
cn.bing.com,24,83,60
webcms3.cse.unsw.edu.au,21,88,272
cs50.harvard.edu,20,100,0
s3.eu-west-1.amazonaws.com,19,95,87
news.ycombinator.com,15,88,9
packaging.python.org/en/latest/glossary,15,67,68
codecademy.com,14,100,0
google.com.hk,12,100,0
devguide.python.org,11,64,22
elearn.epam.com,10,90,0
maharatech.gov.eg,10,90,1
openclassrooms.com,10,90,1
kagi.com,9,78,134
numpydoc.readthedocs.io,9,67,3
ya.ru,9,100,0
docs.sqlalchemy.org,8,75,20
pythonzen-pep8-exam.com,8,88,19
statics.teams.cdn.office.net,8,100,0
android-app://com.reddit.frontpage,7,100,0
claude.ai,7,57,87
dicoding.com,7,100,0
fishc.com.cn,7,100,0
hackerrank.com,7,100,0
cms.unir.net,6,75,20
cs50.readthedocs.io,6,100,0
cs50.readthedocs.io/style/c,6,67,42
ecosia.org,6,83,125
gemini.google.com,6,100,0
lms.yandex.ru,6,100,0
palletsprojects.com,6,83,1
python.org/getit,6,100,0
website-f-25-1cbe32.pages.oit.duke.edu,6,100,0
doubao.com,5,100,0
en.wikipedia.org,5,40,13
kubef.github.io,5,100,0
linkedin.com,5,100,0
packaging.python.org/en/latest/key_projects,5,40,18
py.mit.edu,5,100,0
python-programming.quantecon.org,5,100,0
qiita.com,5,100,0
youtube.com,5,100,0
alt-61d42c1e6231a.blackboard.com,4,100,0
city.ya.ru,4,75,4
codeit.kr,4,75,44
ida.dk,4,100,0
jupyter2.ifn.ing.tu-bs.de,4,100,0
link.csdn.net,4,100,0
lwn.net,4,80,56
my.sky.pro,4,100,0
namu.wiki,4,100,0
numpy.org,4,100,0
numpydoc.readthedocs.io/en/latest/format.html,4,100,0
perplexity.ai,4,100,0
psycopg.org,4,100,0
pycoders.com,4,25,395
pydevtools.com,4,100,0
python-academy.org,4,100,0
python-poetry.org,4,100,0
xiaobot.net,4,60,241
akshare.akfamily.xyz/introduction.html,3,67,1
apollo.inf.upol.cz,3,100,0
asgi.readthedocs.io/en/latest/introduction.html,3,100,0
classroom.google.com,3,67,8
docs.pytorch.org,3,100,0
forums.raspberrypi.com,3,100,0
freecodecamp.org/news/python-code-examples-sample-script-coding-tutorial-for-beginners,3,100,0
github.com/Jaolmos/python314-threading-benchmarks,3,100,0
learn.snhu.edu,3,100,0
metanit.com,3,33,8
moodle.studiumdigitale.uni-frankfurt.de,3,67,2
mypy.readthedocs.io,3,100,0
notebooks.githubusercontent.com,3,100,0
olympus.mygreatlearning.com,3,100,0
packaging.python.org,3,33,29
pep8-ja.readthedocs.io/ja/latest,3,100,0
pip.pypa.io/en/stable/reference/requirement-specifiers,3,67,121
renpy.org,3,100,0
search.yahoo.com,3,100,0
softserve.academy,3,100,0
sphinx-doc.org/en/master/usage/configuration.html,3,67,677
typing.python.org/en/latest/spec/aliases.html,3,100,0
wsgi.readthedocs.io,3,100,0
yandex.by,3,100,0
alembic.sqlalchemy.org,2,100,0
android-app://com.linkedin.android,2,100,0
app.certidevs.com,2,100,0
baidu.com/link,2,100,0
canvas.duke.edu/courses/63290/assignments/288156,2,50,1041
ccpgames.atlassian.net,2,100,0
code-basics.com,2,100,0
copilot.microsoft.com,2,100,0
courses.fit.cvut.cz,2,100,0
cs50.readthedocs.io/python,2,100,0
datacamp.com,2,100,0
developers.google.com,2,100,0
directdevops.blog,2,100,0
docomo-common.atlassian.net,2,100,0
docs.brew.sh,2,100,0
docs.godotengine.org/en/stable/tutorials/scripting/gdscript/gdscript_styleguide.html,2,100,0
docs.micropython.org,2,100,0
docs.python.org/3.13/using/windows.html,2,50,6
docs.python.org/3.14/whatsnew/3.14.html,2,100,0
docs.ros.org,2,100,0
docutils.sourceforge.io,2,0,1543
edu.qaukraine.online,2,100,0
edube.org,2,100,0
edube.org/learn/pcpp1-python-enhancement-proposals-peps/pep-1-pep-purpose-and-guidelines-1,2,50,0
edube.org/learn/pe-2/section-summary-105,2,100,0
education.yandex.ru,2,100,0
elearn.university.epam.com,2,100,0
elpythonista.com,2,50,6
endoflife.date,2,50,16
engdoc.corp.google.com,2,100,0
freecodecamp.org,2,100,0
futurelearn.com,2,100,0
galicae.github.io,2,50,70
getcracked.io,2,100,0
gist.github.com,2,33,64
github-pages.ucl.ac.uk,2,100,0
github.com/FrankSansC/acast_dl,2,0,6
github.com/Kristories/awesome-guidelines,2,100,0
github.com/KubEF/slidev-prezentations/blob/main/preza-python-9/slides.md,2,100,0
github.com/MeanderingProgrammer/py-requirements.nvim/issues/16,2,100,0
github.com/bebo-dot-dev/m3u-epg-editor,2,100,0
github.com/jhale/scientific-python/blob/master/homework/homework.md,2,100,0
github.com/kennethreitz/pep8.org,2,100,0
github.com/microsoft/pyright/issues/607,2,100,0
github.com/python-attrs/attrs/issues/795,2,100,0
github.com/python-poetry/poetry/issues/3332,2,100,0
github.com/python/pymanager,2,100,0
github.com/xulek/PyVNCServer,2,100,0
github.ebay.com,2,100,0
google.com.au,2,100,0
google.de,2,100,0
google.ru,2,100,0
ignite.apache.org,2,50,12
isaaccomputerscience.org,2,100,0
jhub.physnet.uni-hamburg.de,2,100,0
johnoraw-education.gitbook.io/iac/python-for-cloud-scripters/2.-documentation/file-headers,2,100,0
kennesaw.view.usg.edu,2,100,0
km.netease.com,2,50,30
learn.bu.edu,2,100,0
learn.codeinstitute.net,2,100,0
learn.lincoln.ac.nz,2,100,0
link.zhihu.com,2,100,0
loguru.readthedocs.io/en/stable/api/type_hints.html,2,100,0
moodle-campusvirtualmexico.s3.amazonaws.com,2,100,0
moodle.ffhs.ch,2,100,0
moodle.fhwn.ac.at,2,50,116
mycourses.csp.edu,2,100,0
mypy.readthedocs.io/en/stable,2,100,0
nicholashairs.com/posts/major-changes-between-python-versions,2,0,250
ole.bris.ac.uk,2,100,0
open.hpi.de,2,100,0
openpolytechnic.iqualify.com,2,100,0
packaging.python.org/en/latest/guides/writing-pyproject-toml,2,100,0
packaging.python.org/en/latest/specifications/inline-script-metadata,2,100,0
packaging.python.org/en/latest/specifications/source-distribution-format,2,100,0
packaging.python.org/en/latest/tutorials/packaging-projects,2,100,0
pages.github.ubc.ca,2,100,0
pdm-project.org/latest,2,50,293
prezi.com,2,0,14
proproprogs.ru,2,100,0
python.pages.doc.ic.ac.uk,2,100,0
pythoncheatsheet.org,2,100,0
pythonexercises.rozh2sch.org.ua,2,100,0
pythontutorials.net,2,100,0
ru.hexlet.io/courses/python-basics/lessons/linting/theory_unit,2,100,0
rubystyle.guide,2,0,272
snarky.ca/how-the-heck-does-async-await-work-in-python-3-5,2,100,0
surister.dev,2,50,6
tongyi.com/qianwen,2,100,0
tproger.ru/articles/python-typing,2,100,0
trainings.internshala.com,2,50,0
typing.python.org/en/latest/spec/protocol.html,2,100,0
typing.python.org/en/latest/spec/typeddict.html,2,100,0
wsgi.readthedocs.io/en/latest/what.html,2,100,0
xebia.com,2,100,0
yandex.com.tr,2,100,0
yuanbao.woa.com,2,0,117
0.0.0.0,1,100,0
20.229.192.119,1,0,1504
74.48.108.118,1,100,0
abitab.udemy.com,1,100,0
academy.hackthebox.com,1,100,0
access.redhat.com,1,100,0
adora-xu.com,1,100,0
ai-academy.ru,1,100,0
alt-5a1f6a34a2e8d.blackboard.com,1,100,0
alura.com.br,1,100,0
android-app://com.google.android.gm,1,100,0
android-app://com.google.android.googlequicksearchbox,1,100,0
android-app://com.slack,1,0,228
android-app://ir.eitaa.messenger,1,100,0
answeroverflow.com,1,100,0
anywidget.dev,1,100,0
assets.scormproxy.com,1,100,0
atmarkit.itmedia.co.jp/ait/articles/1905/28/news017_3.html,1,100,0
au.search.yahoo.com,1,0,111
aulaglobal.uc3m.es,1,0,298
aulavirtual.juntadeandalucia.es,1,100,0
avanza.educarex.es,1,100,0
aws.amazon.com,1,100,0
bandit.readthedocs.io/en/latest/config.html,1,100,0
beartype.readthedocs.io/en/latest/api_roar,1,100,0
best-practice-and-impact.github.io,1,100,0
betterstack.com,1,100,0
bhavaniravi.com,1,100,0
blog.codingconfessions.com,1,100,0
blog.jetbrains.com,1,100,0
blog.modelcontextprotocol.io,1,100,0
books.googleusercontent.com,1,100,0
boto3.amazonaws.com,1,100,0
brightspace.au.dk,1,100,0
build.pypa.io/en/stable/differences.html,1,100,0
ca.search.yahoo.com,1,100,0
campus-informatorio.chaco.gob.ar,1,100,0
campus.bejob.com,1,100,0
canvas.uw.edu/courses/1836500/pages/module-6-packages-and-packaging,1,0,1771
cedt-confluence.nam.nsroot.net,1,100,0
cgi.cse.unsw.edu.au,1,100,0
chat.horizon.auto,1,100,0
chat.oracle.com,1,100,0
chat.qwen.ai/c/07502844-d158-46a1-8143-5874fd88e60f,1,100,0
chat.qwen.ai/c/5dc6b021-8c7e-46d8-ae29-344773a677f9,1,100,0
chat.z.ai,1,100,0
chokkan.github.io,1,100,0
cibuildwheel.pypa.io/en/stable/options,1,100,0
co.search.yahoo.com,1,100,0
coda.io,1,100,0
code.amazon.com,1,100,0
coderivers.org,1,100,0
colab.google,1,100,0
commitizen-tools.github.io,1,100,0
comp1005.github.io,1,100,0
confluence.barcapint.com,1,0,436
confluence.ciena.com,1,0,1763
conforce.readthedocs.io/en/latest/CONTRIBUTING.html,1,100,0
cookiecutter-data-science.drivendata.org,1,100,0
courses.campus.gov.il,1,100,0
courses.maine.edu,1,100,0
courseware.boson.com,1,100,0
crosshair.readthedocs.io/en/latest/cover.html,1,100,0
cs50.readthedocs.io/cs50/cli,1,100,0
cs50.readthedocs.io/cs50/codespace,1,100,0
cs50.readthedocs.io/cs50/server,1,100,0
cs50.readthedocs.io/libraries/cs50/python,1,100,0
cs50.readthedocs.io/submit50,1,100,0
cs50.readthedocs.io/themes/jekyll,1,100,0
cursos.alura.com.br,1,100,0
cython.readthedocs.io/en/stable/src/userguide/memoryviews.html,1,0,75
cython.readthedocs.io/en/stable/src/userguide/special_methods.html,1,100,0
devclass.com,1,0,216
developer.rhino3d.com/guides/rhinopython/python-statements,1,100,0
devguide.python.org/developer-workflow/development-cycle/index.html,1,0,73
di.ics.upjs.sk,1,100,0
digitalocean.com,1,100,0
digitology.tech,1,100,0
directai.blog,1,100,0
discordpy.readthedocs.io/en/stable/ext/commands/commands.html,1,100,0
dk.search.yahoo.com,1,100,0
dkucharc.github.io,1,100,0
doc.courtbouillon.org,1,100,0
doc.pypy.org/en/latest/faq.html,1,100,0
docs.aiogram.dev/en/v3.22.0,1,100,0
docs.aiohttp.org/en/stable/glossary.html,1,100,0
docs.ansible.com/projects/ansible/latest/collections/ansible/builtin/version_test.html,1,100,0
docs.astropy.org,1,100,0
docs.blender.org,1,100,0
docs.conda.io/projects/conda-build/en/stable/resources/package-spec.html,1,100,0
docs.dotcomltd.ru,1,100,0
docs.google.com,1,100,0
docs.marimo.io,1,100,0
docs.mcdreforged.com/zh-cn/latest/quick_start/install.html,1,100,0
docs.pydantic.dev,1,0,7
docs.pylonsproject.org/projects/webob/en/stable/reference.html,1,100,0
docs.python-requests.org/projects/cn/zh-cn/latest/user/intro.html,1,100,0
docs.python.org/3.10/whatsnew/3.10.html,1,100,0
docs.python.org/3/whatsnew/3.14.html,1,100,0
