name,visitors,bounce_rate,visit_duration
Direct / None,250043,45,164
Google,168680,38,165
Bing,44047,38,171
chatgpt.com,28494,37,200
Yandex,8549,38,168
Yahoo!,3923,30,215
Brave,3812,38,151
GitHub,3141,49,139
docs.python.org,2613,50,113
Youtube,2425,43,146
claude.ai,1863,42,131
DuckDuckGo,1620,40,115
Baidu,1005,50,167
copilot.com,989,40,183
code.visualstudio.com,862,50,104
Microsoft Teams,769,47,175
doubao.com,536,48,209
Perplexity,447,41,137
w3schools.com,385,47,129
in.accenture.com,335,43,136
netacad.com,278,48,163
qiita.com,275,34,192
Naver,272,31,155
Ecosia,271,31,140
pip.pypa.io,234,39,174
packaging.python.org,197,33,216
360.cn,173,31,336
Reddit,171,52,80
learn.microsoft.com,166,46,123
pypi.org,154,62,191
geeksforgeeks.org,124,28,220
note.com,113,40,194
Qwant,109,41,234
Wikipedia,108,44,190
pytorch.org,103,60,113
roadmap.sh,100,64,38
link.csdn.net,93,39,169
devguide.python.org,92,62,100
udemy.com,92,49,200
peps.python.org,85,48,77
Telegram,83,45,264
Facebook,80,59,119
canlidovizfiyatlari.com,80,33,219
python.jp,80,38,93
Coccoc,72,34,148
blog.pyq.jp,72,26,318
openclassrooms.com,69,37,166
blog.naver.com,63,39,174
qianwen.com,63,55,142
blog.europython.eu,61,100,0
ieu.blackboard.com,60,40,209
lms.lausd.net,60,73,133
realpython.com,60,52,154
nextgeeker.com,59,25,236
chat.z.ai,58,42,222
docs.platformio.org,57,38,66
lms.ev.org.br,57,55,249
ai.google.dev,56,55,90
wiki.python.org,55,55,174
docs.reportlab.com,53,55,84
enlacesnintricks.blogspot.com,53,38,60
weel.co.jp,53,54,116
pygame.org,51,25,241
link.zhihu.com,49,45,110
notebooks.githubusercontent.com,49,57,109
online-python.com,49,55,55
Sogou,48,58,100
pythoncentral.io,48,46,132
app.blackbox.ai,47,44,118
elearning.unimib.it,47,43,107
quark.cn,46,57,177
ursinaengine.org,46,50,67
discuss.python.org,45,41,179
sukkiri.jp,45,33,175
chat.mistral.ai,44,44,93
scikit-learn.org,44,73,161
soroban.highreso.jp,44,61,103
Vkontakte,41,40,64
coderivers.org,41,63,78
esphome.io,41,30,356
cursos.alura.com.br,40,78,36
efundi.nwu.ac.za,40,55,177
freedidi.com,39,48,39
pythongeeks.org,38,31,218
intl.ozabc.com,36,61,50
medium.com,36,53,163
substack.com,35,64,25
docs.espressif.com,34,60,27
duck.ai,34,26,146
lec.inf.ethz.ch,34,60,156
pythonguis.com,32,55,81
digitalocean.com,31,61,84
gradio.app,31,53,137
liaoxuefeng.com,31,58,138
edube.org,30,50,106
Gmail,29,45,168
automatetheboringstuff.com,29,34,185
courses.edx.org,29,68,14
pythonworld.ru,29,28,68
blog.python.org,28,14,223
dzen.ru,27,33,137
pythoninsider.blogspot.com,27,59,165
spotdl.github.io,27,14,550
datacamp.com,26,46,355
pythonjobshq.com,26,62,57
codecademy.com,25,48,132
skillbox.ru,25,52,198
steamcommunity.com,25,36,194
127.0.0.1,24,71,28
bit-bbb-5.mob-edu.ru,24,21,208
d2l.lambtoncollege.ca,24,43,173
gall.dcinside.com,24,27,409
kagi.com,24,62,29
knowledge.ni.com,24,62,72
login.microsoftonline.com,23,52,21
asreview.nl,22,36,238
py4e.com,22,64,53
tutorialspoint.com,22,41,203
Instagram,21,67,88
instaloader.github.io,21,43,258
chat.chaton.ai,20,40,76
euc-word-edit.officeapps.live.com,20,46,66
manus.im,20,45,102
mispricedassets.substack.com,20,50,20
moodle-app2.let.ethz.ch,20,10,383
python.org.br,20,48,195
srb2.org,20,75,9
metanit.com,19,25,154
stemlearn.sun.ac.za,19,21,209
codelv.com,18,26,256
freecodecamp.org,18,44,98
internet-start.net,18,17,442
namu.wiki,18,17,346
blog.csdn.net,17,50,162
campusvirtual.univalle.edu.co,17,29,313
droidwin.com,17,12,217
learn.kodland.org,17,41,86
nexusmods.com,17,39,121
rivery.io,17,47,11
usc-word-edit.officeapps.live.com,17,47,38
xdaforums.com,17,35,170
cms.unir.net,16,25,178
courses.bwsix.edly.io,16,25,173
lms.sdmdigital.id,16,29,238
poe.com,16,41,74
s3.eu-west-1.amazonaws.com,16,50,200
scapy.readthedocs.io,16,62,210
typing.python.org,16,38,18
badcaps.net,15,73,11
canvas.inspirededucationschools.com,15,47,153
endoflife.date,15,60,50
hackernoon.com,15,73,74
itproger.com,15,20,79
oregoom.com,15,33,140
pythononlinecompiler.ru,15,60,44
pyzo.org,15,33,48
runoob.com,15,47,87
ufora.ugent.be,15,53,38
word-edit.officeapps.live.com,15,53,163
4pda.to,14,43,100
bitbucket.org,14,36,449
boot.dev,14,79,20
chat.baidu.com,14,60,148
codeberg.org,14,43,82
cs50.readthedocs.io,14,43,39
edu.livedigital.space,14,44,53
elearn.epam.com,14,73,270
learning.ccbp.in,14,21,318
mooc.fi,14,40,256
raspberrytips.com,14,20,103
brightspace.nyu.edu,13,62,199
docs.lime-crm.com,13,73,15
javadrive.jp,13,15,175
mkdocs.org,13,31,486
securitylab.ru,13,31,62
tkdocs.com,13,57,89
tutorial.djangogirls.org,13,54,185
confluence.oraclecorp.com,12,58,113
drive2.ru,12,25,81
gammasoft.jp,12,58,30
jianshu.com,12,75,148
legacy.python.org,12,33,201
python.uihtm.com,12,58,212
randomnerdtutorials.com,12,67,167
syntx.ai,12,8,302
telegra.ph,12,62,51
ai-kenkyujo.com,11,45,29
amuletmc.com,11,45,96
github.ibm.com,11,18,286
habr.com,11,45,90
hovatek.com,11,18,199
inf.u-szeged.hu,11,36,200
lms.vsb.cz,11,73,264
megahack.download,11,27,16
microsoft.sharepoint.com,11,55,51
mongodb.com,11,55,102
programiz.com,11,36,115
python.p2hp.com,11,55,163
revel-ise.pearson.com,11,17,102
safe.menlosecurity.com,11,36,320
session.vedantu.com,11,46,450
startpage.com,11,45,61
tlzprod.dut.ac.za,11,42,195
LinkedIn,10,64,22
Twitter,10,50,121
bb.imperial.ac.uk,10,80,105
blackboard.esiee.fr,10,15,387
btcrecover.readthedocs.io,10,10,308
bugs.python.org,10,75,153
chat.ai-service.global.fujitsu.com,10,43,687
cloud.tencent.com,10,30,241
dlearning.spu.ac.th,10,0,211
docs.streamlit.io,10,20,354
dosparaplus.com,10,30,379
euc-word-view.officeapps.live.com,10,55,21
kivy.org,10,30,251
m.blog.naver.com,10,40,90
moodle.eoppimispalvelut.fi,10,20,478
moodle2526.up.pt,10,70,35
online.smc.edu,10,40,192
privacywall.org,10,60,47
pruffme.com,10,80,176
sejuku.net,10,30,504
site,10,36,214
theforage.com,10,91,3
trinket.io,10,90,2
Daum,9,33,127
Mail.ru,9,67,242
bd.devsinc.com,9,89,8
chat.lab.epam.com,9,30,278
cnblogs.com,9,33,667
community.octoprint.org,9,11,227
copilot.microsoft.com,9,60,20
enterprise-confluence.aexp.com,9,44,545
forchangesz.feishu.cn,9,44,74
gamebanana.com,9,36,44
itisfuture.in.ua,9,11,177
jpc-excel.officeapps.live.com,9,33,227
luteorg.github.io,9,22,66
melgitgai-bw12002ze.megcloud.melco.co.jp,9,33,60
moodle.fhgr.ch,9,11,987
natwest.atlassian.net,9,9,242
ootrandomizer.com,9,67,22
progpython.ru,9,44,273
pyserial.readthedocs.io,9,67,52
shtpt.getcourse.ru,9,56,172
studium25.usal.es,9,44,16
tensorflow.org,9,78,12
tutorialsteacher.com,9,22,513
yuanbao.tencent.com,9,44,167
7daysofpython.com,8,62,9
amethyst.accenture.com,8,50,11
blast.hk,8,38,34
confluence.fmr.com,8,50,4
dataquest.io,8,25,47
doc.aldebaran.com,8,88,1
docs.astronvim.com,8,88,29
docstring.fr,8,38,160
ecollege.etbonline.ie,8,50,40
eu.chat.pwc.com,8,67,3
frida.re,8,75,20
gateway.zscalertwo.net,8,33,46
gsm6.com,8,50,6
guru99.com,8,12,395
hotmart.com,8,38,235
itacademypvt.clickmeeting.com,8,50,264
klv.co.jp,8,12,244
learn.arm.com,8,50,66
lstol.bilimgo.biz,8,11,876
migra.pl,8,67,23
natechcel.blogspot.com,8,38,10
nltk.org,8,75,12
odoo.com,8,25,419
openstax.org,8,50,422
pagekite.net,8,75,7
pl.python.org,8,25,20
psx-place.com,8,38,215
rapidseedbox.com,8,38,21
remontka.pro,8,75,8
source.android.com,8,50,44
stable-diffusion-art.com,8,12,52
starter-guide.od.pythonic-exam.com,8,38,75
wiki.hacks.guide,8,50,14
app.emergent.sh,7,25,77
brian0111.com,7,14,429
campus141.unad.edu.co,7,71,595
challenge.hennge.com,7,88,30
cisco.sharepoint.com,7,57,2
codeup.kr,7,56,224
confluence.rakuten-it.com,7,44,436
coolprop.org,7,29,963
devdocs.io,7,86,41
doc.qt.io,7,57,257
docs.python-guide.org,7,14,612
docs.qq.com,7,29,91
docs.zephyrproject.org,7,57,443
ethuto.cut.ac.za,7,38,18
ferdowsi.cloud,7,43,97
fsf.org,7,43,180
ipv6.rs,7,0,443
