name,version,visitors
Microsoft Edge,134.0,1319
Chrome,134.0,1068
Safari,18.3,162
Mobile App,(not set),122
Chrome,122.0,105
Firefox,136.0,104
UC Browser,17.4,90
Smart Lenovo Browser,9.0,79
Chrome,133.0,67
Microsoft Edge,133.0,48
Chrome,132.0,43
Chrome,131.0,42
Chrome,119.0,41
Huawei Browser Mobile,16.0,36
Quark,(not set),35
Microsoft Edge,131.0,30
Safari,(not set),28
Microsoft Edge,128.0,28
Chrome,109.0,27
Mobile App,114.0,27
Chrome,126.0,27
Chrome,86.0,25
Chrome,135.0,24
Chrome,128.0,21
Quark,7.9,21
Microsoft Edge,127.0,20
Mobile App,130.0,19
Chrome,121.0,18
QQ Browser,6.2,18
Microsoft Edge,126.0,17
QQ Browser,13.7,17
Chrome,108.0,16
Chrome,116.0,16
Chrome,127.0,16
Mobile App,99.0,16
Safari,17.6,15
Safari,18.2,15
Sogou Explorer,2,14
Chrome,114.0,13
Microsoft Edge,129.0,13
Microsoft Edge,132.0,13
Huawei Browser,12.1,12
Mobile App,126.0,12
Chrome,130.0,12
Mobile App,134.0,12
Chrome,136.0,12
Safari,17.5,12
Chrome,129.0,11
Safari,15.6,11
Mobile App,97.0,11
Chrome,118.0,10
Chrome,120.0,10
Safari,16.6,10
Microsoft Edge,130.0,9
MIUI Browser,19.2,9
Chrome,112.0,8
Microsoft Edge,114.0,8
Microsoft Edge,122.0,8
Chrome,123.0,8
Microsoft Edge,124.0,8
Chrome,125.0,8
Safari,18.0,8
Safari,18.1,8
Mobile App,103.0,7
Safari,16.3,7
Mobile App,92.0,7
Microsoft Edge,112.0,6
Mobile App,117.0,6
Microsoft Edge,123.0,6
Firefox,128.0,6
Firefox,135.0,6
Chrome,101.0,5
Chrome,102.0,5
Microsoft Edge,116.0,5
Microsoft Edge,117.0,5
Microsoft Edge,120.0,5
Huawei Browser Mobile,15.0,5
Quark,7.8,5
Chrome,90.0,5
Mobile App,109.0,4
Microsoft Edge,109.0,4
Microsoft Edge,111.0,4
Chrome,113.0,4
Mobile App,116.0,4
Firefox,116.0,4
Microsoft Edge,121.0,4
Chrome,124.0,4
Firefox,134.0,4
Microsoft Edge,135.0,4
Safari,15.3,4
QQ Browser,16.1,4
Safari,16.5,4
Safari,17.3,4
Safari,17.4,4
Chrome,65.0,4
Mobile App,83.0,4
(not set),(not set),3
Chrome,100.0,3
Chrome,107.0,3
Microsoft Edge,113.0,3
Firefox,115.0,3
Chrome,117.0,3
Microsoft Edge,125.0,3
QQ Browser,13.6,3
Microsoft Edge,136.0,3
Safari,14.0,3
Safari,16.2,3
Safari,17.1,3
UC Browser,17.2,3
UC Browser,17.3,3
MIUI Browser,18.8,3
vivo Browser,23.9,3
Yandex Browser,25.2,3
Samsung Browser,27.1,3
Chrome,83.0,3
Chrome,92.0,3
Microsoft Edge,92.0,3
Chrome,103.0,2
Meizu Browser,11.22,2
Chrome,110.0,2
Chrome,111.0,2
Opera,114.0,2
Opera,115.0,2
Opera,117.0,2
Mobile App,118.0,2
Microsoft Edge,119.0,2
Mobile App,120.0,2
Mobile App,127.0,2
Mobile App,129.0,2
QQ Browser,13.0,2
QQ Browser,13.3,2
QQ Browser,13.4,2
QQ Browser,13.5,2
Safari,14.1,2
MIUI Browser,14.10,2
Safari,15.4,2
QQ Browser,15.9,2
Safari,16.1,2
Safari,16.4,2
Safari,17.7,2
MIUI Browser,19.3,2
Yandex Browser,23.7,2
vivo Browser,23.8,2
Samsung Browser,26.1,2
Quark,6.9,2
Quark,7.2,2
Quark,7.3,2
Chrome,78.0,2
Chrome,96.0,2
Chrome,97.0,2
Chrome,98.0,2
Firefox,98.0,2
Safari,10.0,1
Mobile App,101.0,1
Microsoft Edge,103.0,1
Mobile App,104.0,1
Microsoft Edge,104.0,1
Chrome,104.0,1
Chrome,105.0,1
Microsoft Edge,105.0,1
Microsoft Edge,106.0,1
Iron,109.0,1
Safari,11.0,1
Opera,110.0,1
Microsoft Edge,115.0,1
Mobile App,115.0,1
Firefox,118.0,1
Huawei Browser Mobile,12.1,1
QQ Browser,12.1,1
Chrome,124.61,1
Firefox,129.0,1
Safari,13.0,1
QQ Browser,13.1,1
Safari,13.1,1
vivo Browser,13.9,1
Firefox,130.0,1
Mobile App,131.0,1
Mobile App,132.0,1
Firefox,133.0,1
CCleaner,133.0,1
Firefox,137.0,1
QQ Browser,16.0,1
Safari,16.0,1
MIUI Browser,16.9,1
Safari,17.10,1
Safari,17.2,1
Safari,17.8,1
Safari,18.4,1
MIUI Browser,19.0,1
MIUI Browser,19.1,1
Chrome,19.77,1
MIUI Browser,2.1,1
Lenovo Browser,2.2,1
Opera GX,2.7,1
vivo Browser,23.0,1
vivo Browser,23.2,1
vivo Browser,23.6,1
vivo Browser,23.7,1
Yandex Browser,24.4,1
115 Browser,26.0,1
vivo Browser,4.4,1
Chrome,47.0,1
Firefox,5.0,1
Chrome,59.0,1
NFS Browser,6.0,1
Quark,6.10,1
Quark,6.8,1
Mobile App,66.0,1
Chrome,69.0,1
Smart Lenovo Browser,7.0,1
Quark,7.0,1
Mobile App,77.0,1
Chrome,79.0,1
Chrome,80.0,1
Opera,88.0,1
Mobile App,91.0,1
Mobile App,94.0,1
Chrome,95.0,1
Mobile App,96.0,1
Chrome,99.0,1
