name,version,visitors
Windows,10,2931
Mac,10.15,600
Android,10,120
iOS,18.3,116
Android,15,110
Android,12,98
GNU/Linux,(not set),90
Android,14,80
Windows,7,48
Android,13,46
HarmonyOS,(not set),36
Ubuntu,(not set),16
Android,11,15
iOS,18.2,13
Windows,Server 2003,11
iOS,18.0,10
iOS,17.6,9
iOS,18.1,9
HarmonyOS,3.0,8
Android,9,6
Chrome OS,14541.0,4
iOS,17.1,4
Windows,8.1,4
Windows,(not set),3
iOS,15.0,3
iOS,15.7,3
iOS,16.6,3
iOS,17.4,3
iOS,17.5,3
iOS,17.7,3
iOS,18.4,3
Mac,10.14,2
iOS,16.0,2
iOS,16.1,2
iOS,16.3,2
iOS,16.7,2
iOS,17.3,2
HarmonyOS,2.1,2
iOS,4.3,2
Mac,(not set),1
Mac,10.12,1
iOS,10.3,1
iOS,11.2,1
Mac,13.3,1
iOS,13.5,1
Mac,14.0,1
iOS,14.3,1
Mac,14.7,1
iOS,15.4,1
iPadOS,15.5,1
iOS,15.5,1
iPadOS,15.7,1
iPadOS,15.8,1
iOS,16.2,1
iPadOS,16.3,1
iOS,16.5,1
iPadOS,16.5,1
iPadOS,16.6,1
iOS,17.2,1
iPadOS,17.7,1
HarmonyOS,2.2,1
Android,7.0,1
Android,7.1,1
Windows,8,1
Android,8.0,1
Android,8.1,1
Windows,XP,1
