name,visitors,pageviews,bounce_rate,time_on_page,scroll_depth
/tr/3.15/using/windows.html,24,27,44,29,22
/tr/3.14/,19,19,38,8,69
/tr/3.14/search.html,11,9,0,8,84
/tr/3.14/tutorial/index.html,10,11,40,16,44
/tr/3/bugs.html,9,8,100,6,37
/tr/3/installing/index.html,8,6,80,27,87
/tr/3/library/codecs.html,8,8,100,1,2
/tr/3.14/tutorial/controlflow.html,7,8,100,49,39
/tr/3/contents.html,7,7,100,,
/tr/3/genindex.html,7,7,100,,
/tr/3/py-modindex.html,7,7,100,,
/tr/3/tutorial/index.html,7,8,67,16,43
/tr/3/library/exceptions.html,6,6,83,,
/tr/3.14/library/functions.html,5,4,0,9,22
/tr/3.14/using/windows.html,5,6,100,92,34
/tr/3/copyright.html,5,5,100,,
/tr/3/library/time.html,5,5,100,9,7
/tr/3.14/tutorial/appetite.html,4,3,0,87,67
/tr/3/library/io.html,4,4,100,,
/tr/3.14/tutorial/introduction.html,3,3,0,621,100
/tr/3.15/search.html,3,5,0,10,100
/tr/3/glossary.html,3,3,100,,
/tr/3/library/token.html,3,3,100,,
/tr/3/using/cmdline.html,3,3,100,,
/tr/3.12/installing/index.html,2,2,100,,
/tr/3.12/tutorial/interpreter.html,2,1,0,16,100
/tr/3.13/library/cgi.html,2,2,100,13,100
/tr/3.14/download.html,2,2,0,4,89
/tr/3.14/glossary.html,2,1,0,14,5
/tr/3.14/library/codecs.html,2,3,0,78,100
/tr/3.14/library/math.html,2,1,0,47,58
/tr/3.14/library/random.html,2,1,0,37,21
/tr/3.14/tutorial/classes.html,2,1,100,61,100
/tr/3.14/tutorial/inputoutput.html,2,2,0,3,63
/tr/3.14/tutorial/interpreter.html,2,1,0,226,99
/tr/3.14/whatsnew/3.14.html,2,2,0,12,18
/tr/3/c-api/object.html,2,2,100,,
/tr/3/library/calendar.html,2,2,100,,
/tr/3/library/cmath.html,2,2,100,,
/tr/3/library/collections.html,2,2,100,,
/tr/3/library/dataclasses.html,2,2,100,,
/tr/3/library/importlib.html,2,2,100,,
/tr/3/library/importlib.resources.html,2,2,100,,
/tr/3/library/locale.html,2,2,100,,
/tr/3/library/sys.html,2,2,100,,
/tr/3/reference/compound_stmts.html,2,2,100,,
/tr/3/tutorial/appetite.html,2,4,0,13,44
/tr/3/tutorial/controlflow.html,2,2,100,,
/tr/3/tutorial/errors.html,2,2,100,16,12
/tr/3/tutorial/interpreter.html,2,1,100,69,100
/tr/3.13/index.html,1,1,100,,
/tr/3.13/library/idle.html,1,1,0,,
/tr/3.13/library/index.html,1,1,100,11,97
/tr/3.13/tutorial/index.html,1,1,100,5,100
/tr/3.14/library/index.html,1,1,0,3,11
/tr/3.14/library/json.html,1,2,0,88,100
/tr/3.14/library/os.html,1,1,0,4,6
/tr/3.14/library/stdtypes.html,1,1,0,,
/tr/3.14/library/tkinter.html,1,1,100,,
/tr/3.14/library/turtle.html,1,1,0,26,33
/tr/3.14/library/venv.html,1,1,0,18,100
/tr/3.14/tutorial/,1,1,0,,
/tr/3.15/contents.html,1,1,0,1,1
/tr/3.15/library/profile.html,1,1,100,,
/tr/3.15/whatsnew/3.15.html,1,1,0,2,3
/tr/3/,1,1,100,,
/tr/3/c-api/init.html,1,1,100,,
/tr/3/c-api/stable.html,1,1,100,,
/tr/3/c-api/typeobj.html,1,1,100,,
/tr/3/deprecations/index.html,1,1,100,6,10
/tr/3/genindex-A.html,1,1,100,,
/tr/3/genindex-B.html,1,1,100,,
/tr/3/genindex-Y.html,1,1,100,,
/tr/3/howto/index.html,1,1,100,,
/tr/3/howto/logging-cookbook.html,1,1,100,13,2
/tr/3/library/__future__.html,1,1,100,0,37
/tr/3/library/_thread.html,1,1,100,,
/tr/3/library/aifc.html,1,1,100,,
/tr/3/library/allos.html,1,1,100,,
/tr/3/library/ast.html,1,1,100,,
/tr/3/library/atexit.html,1,1,100,,
/tr/3/library/binary.html,1,1,100,,
/tr/3/library/cgi.html,1,1,100,,
/tr/3/library/compression.html,1,1,100,9,56
/tr/3/library/concurrent.futures.html,1,1,100,,
/tr/3/library/concurrent.interpreters.html,1,1,100,,
/tr/3/library/contextvars.html,1,1,100,,
/tr/3/library/datetime.html,1,1,100,,
/tr/3/library/dbm.html,1,1,100,,
/tr/3/library/doctest.html,1,1,100,,
/tr/3/library/email.encoders.html,1,1,100,,
/tr/3/library/errno.html,1,1,100,,
/tr/3/library/filecmp.html,1,1,100,0,26
/tr/3/library/functions.html,1,1,100,9,2
/tr/3/library/ipc.html,1,1,100,,
/tr/3/library/lzma.html,1,1,100,,
/tr/3/library/marshal.html,1,1,100,,
/tr/3/library/numbers.html,1,1,100,2,27
/tr/3/library/numeric.html,1,1,100,,
/tr/3/library/optparse.html,1,1,100,,
