name,unique_exits,total_exits,exit_rate
/tr/3/tutorial/index.html,5,5,
/tr/3.13/tutorial/controlflow.html,4,4,
/tr/3.13/tutorial/index.html,4,6,
/tr/3/,4,4,
/tr/3.13/,3,3,
/tr/3.13/library/index.html,3,3,
/3/library/datetime.html,2,2,
/3/tutorial/controlflow.html,2,2,
/tr/3.13/library/stdtypes.html,2,2,
/tr/3.13/library/tkinter.html,2,2,
/tr/3.13/tutorial/interpreter.html,2,2,
/tr/3/installing/index.html,2,2,
/tr/3/tutorial/appetite.html,2,2,
/tr/3/tutorial/inputoutput.html,2,2,
/tr/3/tutorial/interpreter.html,2,2,
/tr/3/tutorial/modules.html,2,3,
/3.13/index.html,1,1,
/3.13/library/asyncio-task.html,1,1,
/3.13/library/tkinter.html,1,1,
/3.13/tutorial/,1,1,
/3.13/tutorial/errors.html,1,1,
/3.13/tutorial/interpreter.html,1,1,
/3.13/tutorial/introduction.html,1,1,
/3.13/using/windows.html,1,1,
/3.15/,1,1,
/3.15/tutorial/index.html,1,1,
/3/library/functions.html,1,1,
/3/search.html,1,1,
/3/tutorial/,1,1,
/3/tutorial/appetite.html,1,1,
/pt-br/3.13/reference/index.html,1,1,
/tr/3.12/tutorial/controlflow.html,1,1,
/tr/3.13/extending/extending.html,1,1,
/tr/3.13/extending/index.html,1,1,
/tr/3.13/library/fractions.html,1,1,
/tr/3.13/library/functions.html,1,1,
/tr/3.13/library/os.html,1,1,
/tr/3.13/library/removed.html,1,1,
/tr/3.13/library/string.html,1,1,
/tr/3.13/library/superseded.html,1,1,
/tr/3.13/search.html,1,1,
/tr/3.13/tutorial/,1,1,
/tr/3.13/tutorial/datastructures.html,1,1,
/tr/3.13/using/cmdline.html,1,1,
/tr/3.15/library/dbm.html,1,1,
/tr/3.15/library/shelve.html,1,1,
/tr/3.15/tutorial/appetite.html,1,1,
/tr/3.15/tutorial/interpreter.html,1,1,
/tr/3/faq/extending.html,1,1,
/tr/3/glossary.html,1,1,
/tr/3/library/http.server.html,1,1,
/tr/3/library/secrets.html,1,1,
/tr/3/library/signal.html,1,1,
/tr/3/library/stdtypes.html,1,1,
/tr/3/tutorial/controlflow.html,1,1,
/tr/3/tutorial/errors.html,1,1,
/tr/3/tutorial/floatingpoint.html,1,1,
/tr/3/tutorial/introduction.html,1,1,
/zh-cn/3.13/glossary.html,1,1,
/zh-cn/3.13/tutorial/appetite.html,1,1,
/zh-cn/3.14/tutorial/index.html,1,1,
/zh-tw/3.13/c-api/index.html,1,1,
