name,visitors
Chrome,4659
Microsoft Edge,1749
Firefox,625
Opera,296
Safari,289
Yandex Browser,91
Mobile App,82
Sogou Explorer,53
360 Secure Browser,42
Smart Lenovo Browser,41
Quark,27
QQ Browser,20
MIUI Browser,9
Whale Browser,7
vivo Browser,7
(not set),6
Huawei Browser Mobile,5
Avast Secure Browser,3
Huawei Browser,3
Samsung Browser,3
Brave,2
CCleaner,2
Opera Touch,2
Safe Exam Browser,2
SberBrowser,2
115 Browser,1
AVG Secure Browser,1
Android Browser,1
Internet Explorer,1
Phoenix Browser,1
UC Browser,1
