name,unique_entrances,total_entrances,visit_duration
/3.13/,722,762,120
/3.13/tutorial/index.html,434,456,80
/3.13/tutorial/,290,303,165
/3.13/using/windows.html,266,290,69
/3/,249,250,705
/3.13/index.html,130,134,53
/3.13/whatsnew/3.13.html,126,127,121
/zh-cn/3.13/tutorial/index.html,121,128,75
/3.13/library/functions.html,101,102,90
/3.13/library/stdtypes.html,89,93,56
/3.13/library/,84,86,73
/uk/3.13/library/idle.html,76,76,38
/3.13/tutorial/interpreter.html,72,75,93
/3.13/search.html,70,85,209
/3.13/tutorial/appetite.html,70,76,122
/3.13/library/index.html,66,71,292
/3.13/tutorial/introduction.html,57,61,351
/3.13/tutorial/controlflow.html,56,63,192
/ko/3.13/tutorial/index.html,46,51,227
/3.13/library/datetime.html,43,47,56
/3.13/library/typing.html,39,41,133
/3.13/library/idle.html,35,37,66
/zh-cn/3.13/,35,35,211
/uk/3.13/tutorial/index.html,34,35,126
/dev/using/windows.html,33,33,648
/uk/3.13/library/tkinter.html,33,33,190
/ja/3.13/library/datetime.html,32,34,123
/3.13/library/pathlib.html,30,31,106
/zh-cn/3.13/tutorial/controlflow.html,29,32,567
/zh-cn/3.13/whatsnew/3.13.html,29,29,38
/es/3.13/library/tkinter.html,28,33,1
/es/3.13/tutorial/index.html,28,30,39
/zh-cn/3.13/library/index.html,27,28,156
/zh-cn/3.13/reference/datamodel.html,27,27,23
/3.13/library/tkinter.html,26,26,110
/es/3.13/tutorial/datastructures.html,26,26,119
/zh-cn/3.13/using/index.html,24,24,84
/3.13/library/math.html,22,23,70
/3.13/library/os.html,22,23,215
/ja/3.13/tutorial/index.html,21,22,336
/zh-cn/3.13/tutorial/interpreter.html,21,23,175
/3.13/library/exceptions.html,20,20,65
/3.14/,20,20,154
/ko/3.13/installing/index.html,20,20,0
/uk/3.13/extending/extending.html,20,20,0
/zh-cn/3.13/library/stdtypes.html,20,22,2
/3.13/glossary.html,19,24,65
/fr/3.13/tutorial/classes.html,19,19,219
/ja/3.13/library/logging.html,19,19,0
/zh-cn/3.13/library/functions.html,19,19,360
/zh-cn/3.13/tutorial/appetite.html,19,19,456
/3/library/idle.html,18,18,877
/3/tutorial/index.html,18,18,871
/3.13/library/os.path.html,17,18,62
/fr/3.13/tutorial/datastructures.html,17,17,4
/ja/3.13/tutorial/,17,18,326
/zh-cn/3.13/search.html,17,17,178
/zh-cn/3.13/tutorial/,17,20,125
/3.13/contents.html,16,16,121
/3.13/library/argparse.html,16,16,242
/3/library/functions.html,16,16,515
/3/library/stdtypes.html,16,16,1503
/es/3.13/library/functions.html,16,17,25
/zh-cn/3.13/library/email.contentmanager.html,16,16,0
/zh-cn/3.13/library/email.html,16,16,0
/3.13/library/collections.html,15,15,279
/3.13/tutorial/datastructures.html,15,17,352
/3/search.html,15,15,2391
/es/3.13/library/index.html,15,15,104
/fr/3.13/using/unix.html,15,15,0
/ja/3.13/library/stdtypes.html,15,15,2
/zh-cn/3.13/installing/index.html,15,15,6
/3.13/library/random.html,14,14,1
/3.13/library/subprocess.html,14,14,34
/es/3.13/tutorial/venv.html,14,15,3
/fr/3.13/tutorial/errors.html,14,14,97
/ja/3.13/library/csv.html,14,14,168
/ja/3.13/tutorial/inputoutput.html,14,15,393
/zh-cn/3.13/c-api/utilities.html,14,14,0
/zh-cn/3.13/tutorial/introduction.html,14,15,359
/zh-cn/3/,14,14,245
/3.13/reference/index.html,13,13,942
/3/library/datetime.html,13,13,541
/3/library/typing.html,13,13,674
/ja/3.13/library/functions.html,13,14,49
/ja/3.13/library/itertools.html,13,13,8
/ja/3.13/search.html,13,14,205
/3.13/library/csv.html,12,13,118
/3.13/library/itertools.html,12,14,115
/3.13/library/logging.html,12,13,30
/3.15/,12,12,408
/3/library/index.html,12,12,382
/es/3.13/library/tk.html,12,12,99
/ja/3.13/library/os.html,12,14,171
/ja/3.13/library/struct.html,12,12,81
/ja/3.13/library/subprocess.html,12,12,52
/uk/3.13/installing/index.html,12,12,109
/zh-cn/3.13/library/xml.etree.elementtree.html,12,12,0
/zh-cn/3.13/using/android.html,12,12,1
/3.13/installing/index.html,11,11,36
/3.13/library/dataclasses.html,11,11,101
/3.13/library/email.utils.html,11,11,0
/3/library/turtle.html,11,11,614
/es/3.13/tutorial/interpreter.html,11,11,0
/fr/3.13/howto/sorting.html,11,11,17
/fr/3.13/library/tkinter.html,11,11,222
/fr/3.13/reference/import.html,11,11,90
/ja/3.13/library/index.html,11,11,248
/ja/3.13/library/string.html,11,11,98
/ja/3.13/tutorial/classes.html,11,12,123
/uk/3.13/tutorial/introduction.html,11,11,1
/zh-cn/3.13/index.html,11,11,111
/3.13/library/re.html,10,10,0
/3.13/library/shutil.html,10,11,133
/3.13/library/unittest.html,10,10,110
/3.13/tutorial/classes.html,10,14,7
/3/whatsnew/3.14.html,10,10,1191
/es/3.13/tutorial/classes.html,10,10,0
/es/3.13/tutorial/errors.html,10,10,0
/fr/3.13/tutorial/introduction.html,10,10,0
/ja/3.13/howto/sorting.html,10,10,317
/ja/3.13/library/copyreg.html,10,10,0
/ja/3.13/library/exceptions.html,10,10,46
/ja/3.13/library/multiprocessing.html,10,11,70
/uk/3.13/tutorial/interpreter.html,10,10,0
/zh-cn/3.13/tutorial/datastructures.html,10,12,255
/zh-cn/3.13/using/windows.html,10,10,0
/3.12/,9,9,387
/3.13/download.html,9,9,253
/3.13/library/concurrent.futures.html,9,9,7
/3.13/library/multiprocessing.html,9,9,0
/3.13/library/turtle.html,9,9,14
/3.13/py-modindex.html,9,10,138
/3.13/tutorial/inputoutput.html,9,10,206
/3/library/asyncio.html,9,9,1051
/3/library/venv.html,9,9,806
/es/3.13/howto/logging.html,9,10,13
/es/3.13/library/idle.html,9,9,0
/es/3.13/tutorial/inputoutput.html,9,10,0
/fr/3.13/faq/windows.html,9,9,0
/ja/3.13/library/argparse.html,9,9,0
/ja/3.13/library/concurrent.futures.html,9,10,5
/ja/3.13/library/decimal.html,9,9,237
/ja/3.13/library/pathlib.html,9,9,47
/ja/3.13/library/sqlite3.html,9,9,51
/ja/3.13/library/zipfile.html,9,9,1
/uk/3.13/library/datetime.html,9,9,21
/uk/3.13/library/turtle.html,9,10,7
/zh-cn/3.13/glossary.html,9,9,110
/zh-cn/3.13/library/asyncio-task.html,9,10,116
/zh-cn/3.13/library/inspect.html,9,9,0
/zh-cn/3.13/using/ios.html,9,9,7
/zh-cn/3.13/whatsnew/3.12.html,9,9,0
/3.13/library/asyncio.html,8,8,290
/3.13/library/collections.abc.html,8,8,348
/3.13/library/threading.html,8,8,0
/3.13/reference/datamodel.html,8,8,269
/3.13/whatsnew/changelog.html,8,8,44
/3/library/logging.html,8,8,393
/3/library/math.html,8,8,2567
/3/tutorial/,8,8,248
/3/tutorial/datastructures.html,8,9,796
/es/3.13/library/re.html,8,8,0
/es/3.13/library/stdtypes.html,8,8,1
/es/3.13/tutorial/introduction.html,8,9,5
/fr/3.13/library/stdtypes.html,8,9,22
/fr/3.13/tutorial/index.html,8,8,172
/ja/3.13/,8,8,21
/ja/3.13/library/unittest.mock.html,8,8,121
/ja/3.13/reference/index.html,8,8,547
/ja/3.13/tutorial/interpreter.html,8,8,722
/ja/3.13/using/windows.html,8,8,0
/pt-br/3.13/tutorial/index.html,8,10,209
/uk/3.13/library/csv.html,8,8,0
/zh-cn/3.13/c-api/method.html,8,8,0
/zh-cn/3.13/reference/index.html,8,8,400
/zh-cn/3.14/,8,8,124
/3.13/library/calendar.html,7,7,0
/3.13/library/socket.html,7,7,85
/3/library/pathlib.html,7,7,152
/3/library/tkinter.html,7,7,1384
/3/using/windows.html,7,7,841
/3/whatsnew/3.13.html,7,7,368
/es/3.13/installing/,7,7,0
/es/3.13/tutorial/controlflow.html,7,8,0
/fr/3.13/library/datetime.html,7,7,57
/fr/3.13/library/math.html,7,7,0
/fr/3.13/library/os.html,7,7,96
/ja/3.13/library/copy.html,7,7,86
/ja/3.13/library/os.path.html,7,7,8
/ja/3.13/library/typing.html,7,7,0
/ja/3.13/library/urllib.parse.html,7,8,108
/ja/3.13/tutorial/controlflow.html,7,7,0
/ko/3.13/library/re.html,7,7,0
/ko/3.13/library/stdtypes.html,7,7,1
/ko/3.13/library/subprocess.html,7,7,0
/ko/3.13/library/turtle.html,7,8,2
/ko/3.13/tutorial/controlflow.html,7,7,0
/uk/3.13/library/collections.html,7,8,0
/zh-cn/3.13/c-api/reflection.html,7,7,0
/zh-cn/3.13/contents.html,7,7,622
/zh-tw/3.13/library/urllib.request.html,7,7,0
/zh-tw/3.13/whatsnew/3.13.html,7,7,6
/3.13/library/asyncio-task.html,6,7,4
/3.13/library/importlib.html,6,6,0
/3.13/library/json.html,6,6,0
/3.13/library/string.html,6,6,1
/3.13/library/uuid.html,6,6,7
/3.13/library/warnings.html,6,6,0
/3.13/reference/simple_stmts.html,6,6,9
/3.13/tutorial/appendix.html,6,6,0
/3.13/tutorial/modules.html,6,6,442
/3.13/tutorial/venv.html,6,6,57
/3.13/using/cmdline.html,6,6,0
/3.13/using/mac.html,6,6,33
/3.14/using/windows.html,6,6,462
/3/contents.html,6,6,920
/3/download.html,6,6,206
/3/index.html,6,6,681
/3/library/dataclasses.html,6,6,369
/3/library/socket.html,6,6,264
/3/library/ssl.html,6,6,254
/3/whatsnew/changelog.html,6,6,510
/es/3.13/glossary.html,6,7,0
/fr/3.13/library/filesys.html,6,6,555
/fr/3.13/library/operator.html,6,6,89
/fr/3.13/search.html,6,6,12
/ja/3.13/library/ctypes.html,6,6,0
/ja/3.13/library/curses.html,6,6,0
/ja/3.13/library/http.server.html,6,6,132
/ja/3.13/library/io.html,6,6,328
/ja/3.13/library/math.html,6,6,0
/ja/3.13/library/queue.html,6,6,33
/ja/3.13/library/random.html,6,6,0
/ja/3.13/library/shutil.html,6,6,4
/ja/3.13/library/time.html,6,6,15
/ja/3.13/py-modindex.html,6,6,18
/ja/3.13/reference/import.html,6,6,9
/ja/3.13/tutorial/errors.html,6,6,213
/ko/3.13/library/datetime.html,6,6,0
/ko/3.13/tutorial/errors.html,6,6,0
/ko/3.13/tutorial/interpreter.html,6,6,146
/uk/3.13/library/functions.html,6,6,460
/uk/3.13/library/venv.html,6,6,0
/uk/3/library/idle.html,6,6,458
/zh-cn/3.13/howto/enum.html,6,6,0
/zh-cn/3.13/library/ast.html,6,6,103
/zh-cn/3.13/library/asyncio-eventloop.html,6,6,0
/zh-cn/3.13/library/datetime.html,6,8,14
/zh-cn/3.13/library/sndhdr.html,6,6,0
/zh-cn/3.13/library/tkinter.html,6,6,128
/zh-tw/3.13/contents.html,6,6,0
/3.12/whatsnew/3.12.html,5,5,478
/3.13/faq/index.html,5,5,55
/3.13/genindex.html,5,5,80
/3.13/howto/index.html,5,5,93
/3.13/library/contextvars.html,5,5,339
/3.13/library/enum.html,5,5,41
/3.13/library/functools.html,5,5,108
/3.13/library/queue.html,5,5,41
/3.13/library/sqlite3.html,5,8,42
/3.13/library/struct.html,5,5,196
/3.13/library/sys.html,5,5,245
/3.13/library/time.html,5,5,0
/3.13/reference/lexical_analysis.html,5,6,938
/3.13/tutorial/errors.html,5,5,1129
/3.14/whatsnew/3.14.html,5,5,742
/3/library/asyncio-task.html,5,5,1345
/3/library/functools.html,5,5,810
/3/library/itertools.html,5,5,4219
/3/library/json.html,5,5,951
/3/library/re.html,5,5,171
/3/library/string.html,5,5,2823
/3/library/unittest.html,5,5,1355
/3/reference/datamodel.html,5,5,620
/3/reference/index.html,5,5,1025
/3/tutorial/controlflow.html,5,5,224
/es/3.13/library/array.html,5,5,0
/es/3.13/using/windows.html,5,5,3
/es/3/tutorial/,5,5,852
/fr/3.13/library/functions.html,5,5,0
/fr/3.13/library/pathlib.html,5,5,2
/fr/3.13/library/turtle.html,5,5,0
/fr/3.13/reference/simple_stmts.html,5,5,56
/it/3.13/tutorial/interpreter.html,5,5,438
/ja/3.13/index.html,5,5,163
/ja/3.13/library/contextlib.html,5,5,20
/ja/3.13/library/dataclasses.html,5,5,629
/ja/3.13/library/heapq.html,5,6,0
/ja/3.13/library/importlib.html,5,5,91
/ja/3.13/library/operator.html,5,5,95
/ja/3.13/library/pickle.html,5,5,1
/ja/3.13/library/threading.html,5,5,0
/ja/3.13/library/tkinter.ttk.html,5,5,29
/ja/3.13/tutorial/appetite.html,5,5,108
/ja/3.13/tutorial/modules.html,5,5,5
/ja/3/tutorial/,5,5,916
/ko/3.13/using/unix.html,5,6,1406
/pt-br/3.13/,5,5,101
/pt-br/3.13/library/index.html,5,5,50
