name,unique_entrances,total_entrances,visit_duration
/ko/3.13/library/intro.html,1224,1232,22
/ko/dev/c-api/marshal.html,119,120,19
/ko/3.13/library/idle.html,37,37,57
/ko/3.13/tutorial/index.html,35,37,53
/ko/3/tutorial/index.html,35,35,167
/ko/3.13/installing/index.html,33,33,0
/ko/3/,28,31,92
/3/,25,25,767
/ko/3.13/library/turtle.html,18,19,65
/ko/3.13/library/functions.html,17,17,94
/ko/3.13/library/index.html,15,15,28
/ko/3.13/reference/index.html,12,13,383
/ko/3.13/tutorial/interpreter.html,12,12,8
/ko/dev/library/turtle.html,10,10,6
/ko/3.13/whatsnew/index.html,9,9,28
/ko/3.13/library/heapq.html,8,8,0
/ko/3.13/library/itertools.html,8,11,665
/ko/3.13/search.html,8,10,835
/ko/3.13/tutorial/inputoutput.html,8,8,0
/ko/3/search.html,8,10,68
/ko/3.13/library/re.html,7,7,516
/ko/3.13/library/subprocess.html,7,7,114
/ko/3/tutorial/,7,7,290
/ko/3.13/library/random.html,6,6,99
/ko/3/using/windows.html,6,6,0
/3/library/functions.html,5,5,413
/ko/3.13/,5,5,223
/ko/3.13/tutorial/datastructures.html,5,5,45
/ko/3.13/tutorial/errors.html,5,5,0
/ko/3/library/functions.html,5,5,0
/ko/3/library/math.html,5,5,319
/ko/3/library/venv.html,5,5,298
/ko/3/reference/,5,5,1
/ko/3/tutorial/interpreter.html,5,6,43
/3/download.html,4,4,99
/ko/3.13/howto/unicode.html,4,4,0
/ko/3.13/library/math.html,4,4,21
/ko/3.13/library/stdtypes.html,4,4,0
/ko/3.13/library/time.html,4,4,254
/ko/3.13/using/windows.html,4,4,0
/ko/3/library/codecs.html,4,4,2
/ko/3/library/index.html,4,4,20
/3/library/random.html,3,3,68
/3/library/re.html,3,3,380
/3/library/turtle.html,3,3,388
/3/reference/index.html,3,3,20
/ko/3.12/library/functions.html,3,3,0
/ko/3.12/tutorial/index.html,3,3,2009
/ko/3.13/download.html,3,3,0
/ko/3.13/howto/logging.html,3,4,448
/ko/3.13/howto/sorting.html,3,3,0
/ko/3.13/library/asyncio.html,3,3,1
/ko/3.13/library/copy.html,3,3,0
/ko/3.13/library/multiprocessing.html,3,3,68
/ko/3.13/library/pathlib.html,3,3,0
/ko/3.13/reference/lexical_analysis.html,3,3,255
/ko/3.13/tutorial/introduction.html,3,3,0
/ko/3.13/tutorial/modules.html,3,3,0
/ko/3.13/whatsnew/3.13.html,3,3,84
/ko/3/library/datetime.html,3,3,0
/ko/3/library/uuid.html,3,3,0
/ko/dev/library/idle.html,3,3,0
/3.13/tutorial/index.html,2,2,23
/3/library/,2,2,246
/3/library/hashlib.html,2,2,4
/3/library/pickle.html,2,2,6
/3/py-modindex.html,2,2,1518
/3/tutorial/,2,2,20
/ja/3.13/copyright.html,2,2,204
/ko/3.12/library/index.html,2,2,1859
/ko/3.12/reference/index.html,2,2,338
/ko/3.12/using/windows.html,2,2,0
/ko/3.13/library/codecs.html,2,2,0
/ko/3.13/library/csv.html,2,2,0
/ko/3.13/library/datetime.html,2,2,3
/ko/3.13/library/dialog.html,2,2,0
/ko/3.13/library/functools.html,2,3,1231
/ko/3.13/library/getpass.html,2,2,0
/ko/3.13/library/http.server.html,2,2,0
/ko/3.13/library/io.html,2,2,0
/ko/3.13/library/pprint.html,2,2,0
/ko/3.13/library/queue.html,2,2,441
/ko/3.13/library/readline.html,2,2,0
/ko/3.13/library/runpy.html,2,2,0
/ko/3.13/library/string.html,2,2,22
/ko/3.13/library/threading.html,2,2,0
/ko/3.13/library/timeit.html,2,2,26
/ko/3.13/library/tkinter.ttk.html,2,3,0
/ko/3.13/library/urllib.request.html,2,2,3
/ko/3.13/library/venv.html,2,2,0
/ko/3.13/license.html,2,2,0
/ko/3.13/tutorial/appetite.html,2,2,0
/ko/3.13/tutorial/controlflow.html,2,2,0
/ko/3.13/tutorial/floatingpoint.html,2,2,1318
/ko/3.13/tutorial/stdlib.html,2,2,0
/ko/3.13/using/index.html,2,2,18
/ko/3.14/tutorial/index.html,2,7,287
/ko/3/c-api/memory.html,2,2,12
/ko/3/extending/embedding.html,2,2,1763
/ko/3/extending/index.html,2,2,0
/ko/3/glossary.html,2,2,268
/ko/3/library/heapq.html,2,2,142
/ko/3/library/tokenize.html,2,2,0
/ko/3/reference/lexical_analysis.html,2,2,0
/ko/3/tutorial/appetite.html,2,2,0
/ko/3/tutorial/controlflow.html,2,2,615
/ko/dev/library/json.html,2,2,0
/ko/dev/library/marshal.html,2,2,12
/ko/dev/library/pkgutil.html,2,2,0
/3.13/,1,1,165
/3.13/genindex.html,1,1,5957
/3.13/py-modindex.html,1,1,6149
/3.15/,1,1,1
/3/contents.html,1,1,6
/3/distributing/index.html,1,1,71
/3/extending/extending.html,1,1,194
/3/glossary.html,1,1,851
/3/howto/regex.html,1,1,0
/3/library/asyncio-api-index.html,1,1,55
/3/library/cgi.html,1,1,1858
/3/library/copy.html,1,1,326
/3/library/datetime.html,1,1,0
/3/library/heapq.html,1,1,9
/3/library/index.html,1,1,841
/3/library/itertools.html,1,1,271
/3/library/logging.html,1,1,11
/3/library/queue.html,1,1,5
/3/library/stdtypes.html,1,1,1553
/3/library/string.html,1,1,0
/3/library/time.html,1,1,43
/3/library/typing.html,1,1,734
/3/library/urllib.parse.html,1,1,3
/3/library/urllib.request.html,1,1,0
/3/library/venv.html,1,1,22
/3/library/warnings.html,1,1,6
/3/tutorial/classes.html,1,1,61
/3/tutorial/floatingpoint.html,1,1,0
/3/tutorial/index.html,1,1,5
/3/using/windows.html,1,1,113
/fr/3.13/tutorial/index.html,1,1,92
/ja/3/reference/introduction.html,1,1,117
/ko/3.12/,1,1,101
/ko/3.12/genindex-D.html,1,1,0
/ko/3.12/glossary.html,1,1,0
/ko/3.12/howto/unicode.html,1,1,0
/ko/3.12/index.html,1,1,20
/ko/3.12/installing/index.html,1,1,0
/ko/3.12/library/codecs.html,1,1,0
/ko/3.12/library/datetime.html,1,1,57
/ko/3.12/library/filesys.html,1,1,0
/ko/3.12/library/glob.html,1,1,0
/ko/3.12/library/idle.html,1,1,6
/ko/3.12/library/intro.html,1,1,0
/ko/3.12/library/typing.html,1,1,0
/ko/3.12/reference/expressions.html,1,1,1610
/ko/3.12/tutorial/classes.html,1,1,1687
/ko/3.12/tutorial/inputoutput.html,1,1,221
/ko/3.13/c-api/intro.html,1,1,0
/ko/3.13/extending/embedding.html,1,1,3
/ko/3.13/glossary.html,1,1,3320
/ko/3.13/howto/urllib2.html,1,1,912
/ko/3.13/library/,1,1,303
/ko/3.13/library/argparse.html,1,1,0
/ko/3.13/library/array.html,1,1,0
/ko/3.13/library/asyncio-eventloop.html,1,1,52
/ko/3.13/library/code.html,1,1,0
/ko/3.13/library/collections.html,1,1,0
/ko/3.13/library/concurrent.futures.html,1,1,0
/ko/3.13/library/dbm.html,1,1,41
/ko/3.13/library/decimal.html,1,1,3
/ko/3.13/library/enum.html,1,1,0
/ko/3.13/library/exceptions.html,1,1,0
/ko/3.13/library/filecmp.html,1,1,0
/ko/3.13/library/getopt.html,1,1,539
/ko/3.13/library/graphlib.html,1,1,0
/ko/3.13/library/gzip.html,1,1,0
/ko/3.13/library/json.html,1,1,0
/ko/3.13/library/logging.config.html,1,1,0
/ko/3.13/library/logging.html,1,1,614
/ko/3.13/library/mmap.html,1,1,0
/ko/3.13/library/operator.html,1,1,0
/ko/3.13/library/pickle.html,1,1,0
/ko/3.13/library/shutil.html,1,1,0
/ko/3.13/library/socket.html,1,1,17
/ko/3.13/library/sqlite3.html,1,1,0
/ko/3.13/library/statistics.html,1,2,0
/ko/3.13/library/struct.html,1,1,0
/ko/3.13/library/unicodedata.html,1,1,1145
/ko/3.13/library/wave.html,1,1,0
/ko/3.13/library/weakref.html,1,1,0
/ko/3.13/library/winreg.html,1,1,0
/ko/3.13/library/winsound.html,1,1,0
/ko/3.13/library/zipfile.html,1,1,11
/ko/3.13/library/zlib.html,1,1,1118
/ko/3.13/library/zoneinfo.html,1,1,0
/ko/3.13/py-modindex.html,1,1,2915
/ko/3.13/reference/datamodel.html,1,1,0
/ko/3.13/reference/grammar.html,1,1,0
/ko/3.13/reference/simple_stmts.html,1,1,0
/ko/3.13/tutorial/,1,1,30
/ko/3.13/tutorial/classes.html,1,1,0
/ko/3.13/using/cmdline.html,1,1,0
/ko/3.13/using/unix.html,1,1,29
/ko/3.13/whatsnew/3.6.html,1,1,0
/ko/3.14/,1,1,0
/ko/3.14/download.html,1,1,0
/ko/3.14/using/windows.html,1,1,0
/ko/3/c-api/gcsupport.html,1,1,13
/ko/3/c-api/memoryview.html,1,1,0
/ko/3/c-api/module.html,1,1,0
/ko/3/c-api/refcounting.html,1,1,0
/ko/3/c-api/typeobj.html,1,1,0
/ko/3/extending/extending.html,1,1,0
/ko/3/extending/newtypes.html,1,1,0
/ko/3/extending/windows.html,1,1,0
/ko/3/howto/index.html,1,1,12
/ko/3/howto/logging-cookbook.html,1,1,0
/ko/3/howto/logging.html,1,1,0
/ko/3/howto/regex.html,1,1,0
/ko/3/installing/index.html,1,1,0
/ko/3/library/,1,1,28
/ko/3/library/asyncio-eventloop.html,1,1,0
/ko/3/library/asyncio-stream.html,1,1,16
/ko/3/library/binary.html,1,2,26
/ko/3/library/collections.html,1,1,1045
/ko/3/library/contextlib.html,1,1,0
/ko/3/library/exceptions.html,1,1,0
/ko/3/library/logging.handlers.html,1,1,0
/ko/3/library/logging.html,1,1,6
/ko/3/library/os.html,1,1,0
/ko/3/library/pathlib.html,1,1,0
/ko/3/library/pdb.html,1,1,0
/ko/3/library/pickle.html,1,1,0
/ko/3/library/statistics.html,1,1,0
/ko/3/library/stdtypes.html,1,1,0
/ko/3/library/tempfile.html,1,1,0
/ko/3/library/threading.html,1,1,0
/ko/3/library/unittest.html,1,1,0
/ko/3/library/wave.html,1,1,0
/ko/3/library/zipfile.html,1,1,0
/ko/3/reference/compound_stmts.html,1,1,0
/ko/3/reference/index.html,1,1,0
/ko/3/reference/simple_stmts.html,1,1,4
/ko/3/tutorial/classes.html,1,1,0
/ko/3/tutorial/errors.html,1,1,0
/ko/3/tutorial/introduction.html,1,1,27
/ko/3/tutorial/modules.html,1,1,23
/ko/3/tutorial/stdlib.html,1,1,0
/ko/3/using/cmdline.html,1,1,0
/ko/3/using/index.html,1,1,15
/ko/dev/c-api/arg.html,1,1,0
/ko/dev/c-api/intro.html,1,1,0
/ko/dev/c-api/module.html,1,1,0
/ko/dev/extending/extending.html,1,1,0
/ko/dev/library/datetime.html,1,1,0
/ko/dev/library/dialog.html,1,1,0
/ko/dev/library/functions.html,1,1,0
/ko/dev/library/pdb.html,1,1,0
/ko/dev/library/profile.html,1,1,0
/ko/dev/library/statistics.html,1,1,5
/ko/dev/library/venv.html,1,1,0
/ko/dev/py-modindex.html,1,1,0
/zh-cn/3.13/,1,1,43
/zh-cn/3.13/tutorial/modules.html,1,1,2092
/zh-tw/3.13/,1,1,35
