name,visitors
Seoul,254
Gyeonggi,169
Shandong,123
Guangdong,86
Zhejiang,66
Henan,62
Jiangsu,55
Shanghai,45
Hebei,42
Sichuan,41
Busan,33
Beijing,32
Anhui,26
Shaanxi,25
Liaoning,24
Daejeon,21
Fujian,20
Incheon,20
South Chungcheong,16
Daegu,15
South Gyeongsang,15
Shanxi,13
Gwangju City,13
Yunnan,12
Gansu,11
Hubei,11
Hunan,11
Gangwon,11
North Chungcheong,10
Guizhou,9
Jiangxi,9
Inner Mongolia,9
Chongqing,8
Tianjin,8
North Gyeongsang,7
Jilin,6
Jeju,6
Ningxia,5
Sejong,5
Heilongjiang,4
North Jeolla,4
South Jeolla,4
Guangxi,3
Ulsan,3
Dhaka Division,2
Hainan,2
Xinjiang,2
Bavaria,2
Kuala Lumpur,2
Kyiv,2
California,2
Ontario,1
Hesse,1
North Rhine-Westphalia,1
England,1
Tokyo,1
Western,1
Yaroslavl,1
Bursa,1
New York,1
Tashkent,1
Ho Chi Minh City,1
