name,unique_entrances,total_entrances,visit_duration
/zh-tw/3/tutorial/index.html,113,121,123
/zh-tw/3/library/venv.html,71,72,48
/dev/using/windows.html,28,29,486
/zh-tw/3/library/re.html,25,25,10
/zh-tw/dev/installing/index.html,25,27,74
/zh-tw/3/howto/sorting.html,23,23,158
/zh-tw/3/tutorial/interpreter.html,21,23,58
/zh-tw/3/howto/argparse.html,20,21,13
/zh-tw/3/library/functions.html,20,21,16
/zh-tw/3/library/index.html,20,20,144
/zh-tw/3/tutorial/datastructures.html,20,22,42
/3/,19,19,952
/zh-tw/3/library/heapq.html,17,17,31
/zh-tw/3/tutorial/controlflow.html,17,18,17
/zh-tw/3/library/csv.html,16,16,0
/zh-tw/3/library/pathlib.html,16,17,218
/zh-tw/3/using/mac.html,16,16,29
/zh-tw/3/tutorial/inputoutput.html,15,15,130
/zh-tw/3.15/using/windows.html,14,14,186
/zh-tw/3/tutorial/classes.html,14,14,312
/zh-tw/3/tutorial/introduction.html,14,14,230
/zh-tw/3/library/json.html,13,13,4
/zh-tw/3/tutorial/venv.html,13,14,134
/zh-tw/dev/library/os.path.html,13,16,60
/zh-tw/3/faq/windows.html,12,12,28
/zh-tw/3/library/collections.html,12,12,7
/zh-tw/3/library/os.path.html,12,12,3
/zh-tw/3/library/random.html,12,12,0
/zh-tw/3/library/unittest.html,11,11,170
/zh-tw/3.13/tutorial/index.html,10,10,5
/zh-tw/3.14/,10,10,53
/zh-tw/3/library/io.html,10,10,0
/zh-tw/3/tutorial/modules.html,10,10,826
/zh-tw/3/library/enum.html,9,9,11
/zh-tw/3/tutorial/appetite.html,9,9,161
/zh-tw/3/tutorial/errors.html,9,9,0
/zh-tw/3/howto/sockets.html,8,9,0
/zh-tw/3/library/ast.html,8,8,133
/zh-tw/3/library/tempfile.html,8,8,692
/zh-tw/3/library/typing.html,8,8,13
/zh-tw/3/library/array.html,7,7,0
/zh-tw/3.13/library/__main__.html,6,6,0
/zh-tw/3/library/abc.html,6,6,0
/zh-tw/3/library/concurrent.futures.html,6,6,0
/zh-tw/3/library/copy.html,6,6,0
/zh-tw/3/library/queue.html,6,6,158
/zh-tw/3/library/time.html,6,6,0
/zh-tw/3/reference/index.html,6,9,58
/zh-tw/3.13/tutorial/controlflow.html,5,5,0
/zh-tw/3.13/tutorial/introduction.html,5,13,330
/zh-tw/3/,5,5,105
/zh-tw/3/library/asyncio.html,5,5,0
/zh-tw/3/library/functools.html,5,5,0
/zh-tw/3/library/glob.html,5,5,0
/zh-tw/3/library/threading.html,5,5,0
/zh-tw/dev/library/venv.html,5,5,0
/zh-tw/dev/whatsnew/3.12.html,5,5,18
/zh-tw/3.13/library/os.path.html,4,4,0
/zh-tw/3.13/tutorial/classes.html,4,4,82
/zh-tw/3.13/whatsnew/3.13.html,4,4,0
/zh-tw/3/contents.html,4,4,231
/zh-tw/3/faq/general.html,4,4,32
/zh-tw/3/installing/index.html,4,4,242
/zh-tw/3/library/base64.html,4,4,274
/zh-tw/3/library/bisect.html,4,5,149
/zh-tw/3/library/itertools.html,4,4,11
/zh-tw/3/library/math.html,4,4,98
/zh-tw/3/library/pickle.html,4,5,0
/zh-tw/3/library/stdtypes.html,4,4,3
/zh-tw/3/library/string.html,4,4,0
/zh-tw/3/library/tkinter.html,4,4,74
/zh-tw/3/library/unittest.mock-examples.html,4,4,0
/zh-tw/3/reference/import.html,4,4,134
/zh-tw/dev/library/csv.html,4,4,0
/3/tutorial/modules.html,3,3,733
/zh-tw/3.13/c-api/conversion.html,3,3,0
/zh-tw/3.13/tutorial/,3,3,9
/zh-tw/3.13/tutorial/modules.html,3,3,392
/zh-tw/3.14/library/stdtypes.html,3,3,788
/zh-tw/3.14/library/turtle.html,3,3,11
/zh-tw/3.14/tutorial/datastructures.html,3,3,35
/zh-tw/3.14/using/android.html,3,3,32
/zh-tw/3/library/__main__.html,3,3,493
/zh-tw/3/library/archiving.html,3,3,7
/zh-tw/3/library/cmath.html,3,3,0
/zh-tw/3/library/datetime.html,3,5,0
/zh-tw/3/library/distutils.html,3,3,0
/zh-tw/3/library/html.parser.html,3,3,0
/zh-tw/3/library/operator.html,3,3,0
/zh-tw/3/library/sched.html,3,3,0
/zh-tw/3/library/secrets.html,3,3,0
/zh-tw/3/library/telnetlib.html,3,3,431
/zh-tw/3/library/trace.html,3,3,0
/zh-tw/3/library/uuid.html,3,3,338
/zh-tw/3/tutorial/,3,3,78
/zh-tw/3/tutorial/floatingpoint.html,3,3,0
/zh-tw/dev/library/math.html,3,3,0
/zh-tw/dev/library/typing.html,3,3,0
/3.14/,2,2,46
/3.15/,2,2,656
/3/contents.html,2,2,248
/3/library/ctypes.html,2,2,1118
/3/library/datetime.html,2,2,4
/3/library/pdb.html,2,2,72
/3/library/re.html,2,2,2272
/3/library/stdtypes.html,2,2,3
/3/library/tkinter.html,2,2,535
/3/library/typing.html,2,2,2638
/3/library/venv.html,2,2,3
/3/license.html,2,2,888
/3/py-modindex.html,2,2,30
/3/tutorial/classes.html,2,2,940
/3/tutorial/index.html,2,2,1846
/3/tutorial/inputoutput.html,2,2,179
/3/whatsnew/3.14.html,2,2,331
/zh-tw/3.12/howto/argparse.html,2,2,0
/zh-tw/3.12/library/asyncio.html,2,2,0
/zh-tw/3.12/search.html,2,2,61
/zh-tw/3.12/tutorial/index.html,2,2,0
/zh-tw/3.12/tutorial/interpreter.html,2,2,4
/zh-tw/3.12/tutorial/introduction.html,2,2,0
/zh-tw/3.13/c-api/complex.html,2,2,0
/zh-tw/3.13/library/functions.html,2,2,0
/zh-tw/3.13/library/html.parser.html,2,2,24
/zh-tw/3.13/library/math.html,2,2,0
/zh-tw/3.13/library/sqlite3.html,2,2,1066
/zh-tw/3.13/library/venv.html,2,2,0
/zh-tw/3.13/tutorial/datastructures.html,2,3,15
/zh-tw/3.13/tutorial/inputoutput.html,2,2,0
/zh-tw/3.13/whatsnew/3.11.html,2,2,0
/zh-tw/3.14/library/base64.html,2,2,0
/zh-tw/3.14/library/functions.html,2,2,4
/zh-tw/3.14/library/idle.html,2,2,37
/zh-tw/3.14/library/smtplib.html,2,2,0
/zh-tw/3.14/reference/datamodel.html,2,2,57
/zh-tw/3.14/search.html,2,2,0
/zh-tw/3.14/tutorial/controlflow.html,2,2,0
/zh-tw/3.14/tutorial/index.html,2,2,133
/zh-tw/3.14/tutorial/inputoutput.html,2,2,0
/zh-tw/3.14/tutorial/interpreter.html,2,2,0
/zh-tw/3.14/tutorial/modules.html,2,3,9
/zh-tw/3.15/index.html,2,2,0
/zh-tw/3.15/tutorial/index.html,2,2,6
/zh-tw/3.15/tutorial/inputoutput.html,2,2,0
/zh-tw/3.15/using/configure.html,2,2,0
/zh-tw/3/extending/extending.html,2,2,0
/zh-tw/3/glossary.html,2,2,0
/zh-tw/3/index.html,2,2,169
/zh-tw/3/library/asyncio-eventloop.html,2,2,0
/zh-tw/3/library/cmd.html,2,2,0
/zh-tw/3/library/devmode.html,2,2,0
/zh-tw/3/library/gc.html,2,2,0
/zh-tw/3/library/intro.html,2,3,0
/zh-tw/3/library/multiprocessing.shared_memory.html,2,2,0
/zh-tw/3/library/signal.html,2,2,0
/zh-tw/3/library/ssl.html,2,2,0
/zh-tw/3/library/subprocess.html,2,2,0
/zh-tw/3/library/timeit.html,2,2,0
/zh-tw/3/library/tk.html,2,2,0
/zh-tw/3/library/tkinter.messagebox.html,2,2,571
/zh-tw/3/library/urllib.html,2,2,3
/zh-tw/3/library/wave.html,2,2,0
/zh-tw/3/library/winsound.html,2,2,0
/zh-tw/3/library/zlib.html,2,2,0
/zh-tw/3/library/zoneinfo.html,2,2,0
/zh-tw/3/reference/compound_stmts.html,2,2,146
/zh-tw/3/reference/grammar.html,2,2,0
/zh-tw/3/reference/simple_stmts.html,2,2,4567
/zh-tw/3/tutorial/appendix.html,2,2,2
/zh-tw/3/using/configure.html,2,2,61
/zh-tw/3/whatsnew/3.11.html,2,2,0
/zh-tw/3/whatsnew/index.html,2,2,218
/zh-tw/dev/library/array.html,2,2,1182
/zh-tw/dev/library/ast.html,2,2,0
/zh-tw/dev/library/email.headerregistry.html,2,2,0
/zh-tw/dev/library/mmap.html,2,2,970
/zh-tw/dev/library/subprocess.html,2,2,0
/zh-tw/dev/using/configure.html,2,2,0
/3.12/,1,1,203
/3.13/library/index.html,1,1,30
/3.13/tutorial/,1,1,123
/3.14/library/functions.html,1,1,1641
/3.14/library/socket.html,1,1,18
/3.14/library/stdtypes.html,1,1,2326
/3.14/search.html,1,1,1908
/3.14/tutorial/appetite.html,1,1,720
/3.14/using/windows.html,1,1,6
/3/faq/general.html,1,1,0
/3/glossary.html,1,1,0
/3/howto/regex.html,1,1,397
/3/installing/index.html,1,1,350
/3/library/asyncio-task.html,1,1,3505
/3/library/collections.abc.html,1,1,2344
/3/library/concurrent.futures.html,1,1,0
/3/library/contextlib.html,1,1,0
/3/library/ensurepip.html,1,1,1
/3/library/functions.html,1,1,2
/3/library/http.client.html,1,1,5
/3/library/idle.html,1,1,764
/3/library/index.html,1,1,446
/3/library/multiprocessing.html,1,1,53
/3/library/pathlib.html,1,1,20
/3/library/profile.html,1,1,1138
/3/library/queue.html,1,1,2910
/3/library/random.html,1,1,213
/3/library/smtplib.html,1,1,1368
/3/library/threading.html,1,1,541
/3/reference/index.html,1,1,253
/3/reference/simple_stmts.html,1,1,3135
/3/tutorial/appetite.html,1,1,1567
/3/tutorial/controlflow.html,1,1,220
/3/using/windows.html,1,1,626
/3/whatsnew/2.0.html,1,1,1073
/3/whatsnew/3.11.html,1,1,402
/es/3.14/,1,1,33
/ja/3/library/math.html,1,1,0
/ko/dev/whatsnew/2.7.html,1,1,40
/uk/3/c-api/type.html,1,1,48
/uk/3/using/unix.html,1,1,193
/zh-cn/3.12/using/,1,1,628
/zh-cn/3.12/whatsnew/3.0.html,1,1,38
/zh-cn/3.13/library/smtplib.html,1,1,159
/zh-cn/3.13/tutorial/index.html,1,1,104
/zh-cn/3.13/whatsnew/3.13.html,1,1,12
/zh-cn/3.14/library/turtle.html,1,1,13
/zh-cn/3/library/argparse.html,1,1,0
/zh-cn/3/library/decimal.html,1,1,1803
/zh-cn/3/library/idle.html,1,1,36
/zh-cn/3/library/struct.html,1,1,9
/zh-cn/3/library/threading.html,1,1,0
/zh-cn/3/library/turtle.html,1,1,1059
/zh-cn/3/tutorial/appetite.html,1,1,5
/zh-cn/dev/whatsnew/3.5.html,1,1,651
/zh-tw/3.12/,1,1,116
/zh-tw/3.12/c-api/cell.html,1,1,0
/zh-tw/3.12/c-api/concrete.html,1,1,0
/zh-tw/3.12/c-api/descriptor.html,1,1,0
/zh-tw/3.12/c-api/file.html,1,1,0
/zh-tw/3.12/c-api/import.html,1,1,0
/zh-tw/3.12/c-api/index.html,1,1,0
/zh-tw/3.12/c-api/list.html,1,1,0
/zh-tw/3.12/c-api/long.html,1,1,0
/zh-tw/3.12/download.html,1,1,0
/zh-tw/3.12/index.html,1,1,0
/zh-tw/3.12/library/__main__.html,1,1,0
/zh-tw/3.12/library/ast.html,1,1,0
/zh-tw/3.12/library/asyncio-queue.html,1,1,0
/zh-tw/3.12/library/bz2.html,1,1,0
/zh-tw/3.12/library/http.client.html,1,1,0
/zh-tw/3.12/library/pathlib.html,1,1,0
/zh-tw/3.12/library/smtplib.html,1,1,56
/zh-tw/3.12/library/sqlite3.html,1,1,0
/zh-tw/3.12/library/subprocess.html,1,1,0
/zh-tw/3.12/library/sys.html,1,1,0
/zh-tw/3.12/library/tempfile.html,1,1,0
/zh-tw/3.12/library/tkinter.ttk.html,1,1,0
/zh-tw/3.12/library/venv.html,1,1,0
/zh-tw/3.12/py-modindex.html,1,1,0
/zh-tw/3.12/reference/index.html,1,1,0
/zh-tw/3.12/tutorial/appetite.html,1,1,0
/zh-tw/3.12/tutorial/stdlib2.html,1,1,0
/zh-tw/3.12/using/windows.html,1,1,0
/zh-tw/3.13/,1,1,0
/zh-tw/3.13/c-api/index.html,1,1,0
/zh-tw/3.13/c-api/number.html,1,1,0
/zh-tw/3.13/c-api/typeobj.html,1,1,0
/zh-tw/3.13/c-api/weakref.html,1,1,0
/zh-tw/3.13/faq/programming.html,1,1,0
/zh-tw/3.13/genindex-C.html,1,1,0
/zh-tw/3.13/index.html,1,1,48
/zh-tw/3.13/library/asyncio-exceptions.html,1,1,0
/zh-tw/3.13/library/bisect.html,1,1,4
/zh-tw/3.13/library/cgi.html,1,1,0
/zh-tw/3.13/library/cmath.html,1,1,0
/zh-tw/3.13/library/collections.html,1,1,0
/zh-tw/3.13/library/compileall.html,1,1,0
/zh-tw/3.13/library/ftplib.html,1,1,0
/zh-tw/3.13/library/hashlib.html,1,1,0
/zh-tw/3.13/library/heapq.html,1,1,0
/zh-tw/3.13/library/hmac.html,1,1,0
/zh-tw/3.13/library/msvcrt.html,1,1,0
/zh-tw/3.13/library/multiprocessing.shared_memory.html,1,1,0
/zh-tw/3.13/library/optparse.html,1,1,0
/zh-tw/3.13/library/string.html,1,1,0
/zh-tw/3.13/library/tkinter.font.html,1,1,0
/zh-tw/3.13/library/traceback.html,1,1,0
/zh-tw/3.13/library/unittest.mock-examples.html,1,1,0
/zh-tw/3.13/library/unittest.mock.html,1,1,0
/zh-tw/3.13/library/urllib.request.html,1,1,1097
/zh-tw/3.13/library/xml.sax.handler.html,1,1,0
/zh-tw/3.13/tutorial/appetite.html,1,1,0
/zh-tw/3.13/tutorial/interpreter.html,1,1,0
/zh-tw/3.13/tutorial/stdlib.html,1,1,0
/zh-tw/3.13/whatsnew/3.12.html,1,1,0
/zh-tw/3.13/whatsnew/3.3.html,1,1,0
/zh-tw/3.14/c-api/exceptions.html,1,1,0
/zh-tw/3.14/c-api/typeobj.html,1,1,0
/zh-tw/3.14/extending/embedding.html,1,1,11
/zh-tw/3.14/glossary.html,1,1,0
/zh-tw/3.14/howto/unicode.html,1,1,0
