name,unique_exits,total_exits,exit_rate
/ja/3/library/functions.html,205,213,
/ja/3/,168,176,
/ja/3/library/index.html,166,171,
/ja/3.13/tutorial/,125,127,
/ja/3/library/stdtypes.html,119,125,
/ja/3.13/library/re.html,117,119,
/ja/3/tutorial/index.html,115,121,
/ja/3/tutorial/,103,111,
/ja/3/library/pathlib.html,84,88,
/ja/3/reference/introduction.html,81,82,
/ja/3.13/library/datetime.html,79,79,
/ja/3.13/library/subprocess.html,79,82,
/ja/3.13/library/stdtypes.html,78,78,
/ja/3/library/math.html,76,76,
/ja/3/library/datetime.html,72,74,
/ja/3.13/library/logging.html,70,72,
/ja/3/tutorial/introduction.html,68,69,
/ja/3.13/library/random.html,66,66,
/ja/3/tutorial/controlflow.html,63,67,
/ja/3/tutorial/interpreter.html,63,69,
/ja/3/tutorial/datastructures.html,62,63,
/ja/3.13/library/typing.html,61,61,
/ja/3.13/library/csv.html,58,59,
/ja/3.13/library/exceptions.html,55,55,
/ja/3.13/library/argparse.html,53,53,
/ja/3.13/library/multiprocessing.html,49,54,
/ja/3.13/library/json.html,47,47,
/ja/3.13/howto/sorting.html,46,46,
/ja/3/bugs.html,45,45,
/ja/3/library/os.html,43,45,
/ja/3.13/tutorial/controlflow.html,42,45,
/ja/3/tutorial/classes.html,41,43,
/ja/3.13/library/enum.html,40,40,
/ja/3.13/library/socket.html,40,40,
/ja/3.13/tutorial/errors.html,40,41,
/ja/3/tutorial/appetite.html,40,40,
/ja/3.13/library/os.path.html,38,40,
/ja/3/library/venv.html,38,38,
/ja/3/search.html,36,38,
/ja/3.13/tutorial/interpreter.html,35,37,
/ja/3.13/tutorial/introduction.html,34,36,
/ja/3.13/library/math.html,33,35,
/ja/3.13/c-api/capsule.html,32,32,
/ja/3.13/tutorial/inputoutput.html,32,33,
/ja/3.13/library/threading.html,30,31,
/ja/3.13/library/dataclasses.html,29,29,
/ja/3.13/library/tempfile.html,28,28,
/ja/3.13/library/tkinter.html,28,29,
/ja/3.13/library/venv.html,28,28,
/ja/3/using/windows.html,28,28,
/ja/3.13/library/decimal.html,27,27,
/ja/3.13/library/functions.html,27,28,
/ja/3.13/library/itertools.html,27,27,
/ja/3.13/library/sqlite3.html,27,27,
/ja/3/library/functools.html,26,26,
/ja/3.13/library/index.html,25,28,
/ja/3/library/random.html,25,26,
/ja/3.13/installing/index.html,24,25,
/ja/3.13/library/urllib.parse.html,24,25,
/ja/3/library/sys.html,24,24,
/ja/3/tutorial/modules.html,24,24,
/ja/3.13/library/concurrent.futures.html,23,23,
/ja/3.13/library/struct.html,23,25,
/ja/3.13/tutorial/index.html,23,28,
/ja/3.13/using/windows.html,23,23,
/ja/3/howto/argparse.html,23,24,
/ja/3.13/library/io.html,22,23,
/ja/3.13/library/shutil.html,22,25,
/ja/3.13/library/string.html,22,22,
/ja/3.13/library/zipfile.html,21,22,
/ja/3.14/,21,21,
/ja/3.14/whatsnew/3.14.html,21,21,
/ja/3/library/re.html,21,22,
/ja/3/library/xml.etree.elementtree.html,21,23,
/ja/3.13/library/__main__.html,20,21,
/ja/3.13/library/queue.html,20,22,
/ja/3.13/library/unittest.html,20,21,
/ja/3.13/library/unittest.mock.html,20,20,
/ja/3/library/exceptions.html,20,20,
/ja/3/reference/index.html,20,21,
/dev/using/windows.html,19,19,
/ja/3.13/library/asyncio.html,19,19,
/ja/3.13/library/logging.handlers.html,19,20,
/ja/3.13/reference/index.html,19,21,
/ja/3.13/search.html,19,19,
/ja/3.14/search.html,19,19,
/ja/3.15/using/windows.html,19,19,
/ja/3/index.html,19,19,
/ja/3/library/csv.html,19,19,
/ja/3/library/http.client.html,19,19,
/ja/3.13/library/codecs.html,18,18,
/ja/3.13/library/idle.html,18,18,
/ja/3.13/tutorial/appetite.html,18,18,
/ja/3/reference/expressions.html,18,18,
/ja/3/tutorial/inputoutput.html,18,18,
/ja/3.13/library/configparser.html,17,17,
/ja/3.13/library/glob.html,17,17,
/ja/3.13/library/operator.html,17,17,
/ja/3.14/library/index.html,17,18,
/ja/3.14/using/windows.html,17,17,
