name,visitors
Paris,507
Singapore,92
Marseille,87
Lyon,76
Toulouse,65
Montréal,44
Lille,43
Montpellier,38
Antananarivo,37
Abidjan,37
Rennes,37
Nantes,34
Fontaine-Notre-Dame,33
Gif-sur-Yvette,28
Tunis,27
Kinshasa,22
Grenoble,22
Brussels,21
Les Matelles,21
Bagneux,21
Bordeaux,20
Dakar,18
Reims,17
Moreuil,17
Latillé,17
Villeurbanne,16
Tours,16
Strasbourg,16
Cotonou,15
Nancy,15
Caen,15
Dijon,13
Cergy,13
Casablanca,12
Molsheim,12
Argenteuil,12
Québec,12
Lausanne,11
Compiègne,11
Angers,11
Algiers,10
Poitiers,10
Montreuil,10
Le Mans,10
Eybens,10
Évry,10
Clermont-Ferrand,10
Villeneuve-d'Ascq,10
Nouméa,9
Niamey,9
Vandœuvre-lès-Nancy,9
Valence,9
Trélazé,9
Metz,9
Annecy,9
N/A,8
Port Louis,8
Nice,8
Nanterre,8
Goussainville,8
Asnières-sur-Seine,8
Achères,8
Ottawa,8
Saint-Paul,7
Yaoundé,7
Conakry,7
Mostaganem,7
Marrakesh,7
Liège,7
Versailles,7
Saint-Denis,7
Rezé,7
Montrouge,7
Guyancourt,7
Colombes,7
Aulnay-sous-Bois,7
Aubervilliers,7
Ouagadougou,6
Bamako,6
Meknès,6
Villaz,6
Vénissieux,6
Rouen,6
Clamart,6
Charenton-le-Pont,6
Quatre Bornes,5
Lomé,5
Tangier,5
Frankfurt am Main,5
Vallauris,5
Saint-Méloir-des-Ondes,5
Saint-Mandé,5
Rueil-Malmaison,5
Roubaix,5
Pessac,5
Palaiseau,5
Noisy-le-Grand,5
Massy,5
Groslay,5
Fillinges,5
Craponne,5
Bois-d'Arcy,5
Antony,5
Port-au-Prince,5
Trois-Rivières,5
Dubai,4
Saint-Denis,4
N/A,4
Douala,4
Lisbon,4
Mopti,4
Nabeul,4
Neuchâtel,4
Amsterdam,4
Vitry-sur-Seine,4
Valenciennes,4
Talence,4
Saint-Germain-en-Laye,4
Pantin,4
Mitry-Mory,4
Limoges,4
Levallois-Perret,4
Les Mureaux,4
Fontenay-sous-Bois,4
Créteil,4
Cholet,4
Brest,4
Bourg-en-Bresse,4
Boulogne-Billancourt,4
Besançon,4
Bayonne,4
Avignon,4
Attignat,4
Aix-les-Bains,4
Fort-de-France,4
Papeete,4
Laval,4
Val-de-Reuil,4
Helsinki,3
Porto-Novo,3
Lokossa,3
Bizerte,3
El Jadid,3
Beni Mellal,3
London,3
Courcelles,3
Villemomble,3
Vannes,3
Trappes,3
Tarbes,3
Suresnes,3
Sucy-en-Brie,3
Sevran,3
Saint-Sébastien-sur-Loire,3
Saint-Pryvé-Saint-Mesmin,3
Saint-Martin-Lacaussade,3
Saint-Just-Saint-Rambert,3
Sainte-Marie-aux-Mines,3
Rodez,3
Ramonville-Saint-Agne,3
Pontivy,3
Pau,3
Obernai,3
Nîmes,3
Neuilly-sur-Seine,3
Muret,3
Meudon,3
Mérignac,3
Melun,3
Martigues,3
Manduel,3
Macau,3
Lormont,3
Lorient,3
Livry-Gargan,3
Le Plessis-Robinson,3
Le Crest,3
La Seyne-sur-Mer,3
La Rochelle,3
Jacou,3
Issy-les-Moulineaux,3
Gières,3
Gaillac,3
Franconville,3
Fleury-Mérogis,3
Férolles-Attilly,3
Écueillé,3
Creil,3
Conflans-Sainte-Honorine,3
Châteaubourg,3
Chartres,3
Cachan,3
Brunoy,3
Breuillet,3
Brétigny-sur-Orge,3
Bondy,3
Biscarrosse,3
Athis-Mons,3
Agonac,3
Madrid,3
Schoelcher,3
Greater Sudbury,3
Longueuil,3
Matane,3
Kigali,2
Goma,2
Kampala,2
Lubumbashi,2
Saint-André,2
Namyangju,2
Brazzaville,2
Accra,2
Kandi,2
Libreville,2
Mongo,2
Radès,2
Mateur,2
N/A,2
Ben Arous,2
Sétif,2
Oran,2
Batna,2
Temara,2
Rabat,2
N/A,2
Berrechid,2
Sliema,2
N/A,2
Zürich,2
Vevey,2
Sitten,2
Schlieren,2
Lugano,2
La Chaux-de-Fonds,2
Soest,2
Namur,2
Huy,2
Forest,2
Fleurus,2
Ciney,2
Ludwigsburg,2
Luxembourg,2
Vittel,2
Vitrolles,2
Viry-Châtillon,2
Vinon-sur-Verdon,2
Villejuif,2
Verneuil-sur-Seine,2
Vendôme,2
Vanves,2
Uzès,2
Uchaud,2
Thonon-les-Bains,2
Seyssins,2
Savennières,2
Sallanches,2
Saint-Saulve,2
Saint-Priest-en-Jarez,2
Saint-Nom-la-Bretêche,2
Saint-Médard-en-Jalles,2
Saint-Martin-d'Hères,2
Saint-Malo,2
Saint-Lô,2
Saint-Leu-la-Forêt,2
Saint-Laurent-du-Var,2
Saint-Laurent-du-Pont,2
Saint-Hilaire-de-Riez,2
Saint-Étienne,2
Saintes,2
Saint-Chamond,2
Saint-Arnoult-en-Yvelines,2
Saclay,2
Royan,2
Pourcieux,2
Pontarlier,2
Ploeren,2
Plélo,2
Plaisance-du-Touch,2
Persan,2
Orsay,2
Orléans,2
Olivet,2
Montmagny,2
Montivilliers,2
Mondeville,2
Menton,2
Maule,2
Martillac,2
N/A,2
Marignane,2
Marguerittes,2
Luxeuil-les-Bains,2
Loperhet,2
Lons-le-Saunier,2
N/A,2
Limeil-Brévannes,2
Lillebonne,2
Les Molières,2
Le Poiré-sur-Vie,2
Le Perreux-sur-Marne,2
