name,visitors,bounce_rate,visit_duration
Direct / None,5536,60,270
Google,1845,80,148
Bing,1535,73,116
Baidu,914,80,72
python.org,171,0,563
codecademy.cn,93,49,120
link.zhihu.com,72,58,120
link.csdn.net,38,82,83
chatgpt.com,24,45,175
doubao.com,24,29,323
python.p2hp.com,23,0,263
360.cn,14,77,301
yuanbao.tencent.com,14,80,189
Shenma,13,92,1
GitHub,10,67,315
chat.baidu.com,10,20,516
blog.csdn.net,9,88,148
runoob.com,9,56,300
pkuschool.yuque.com,8,89,133
cnblogs.com,5,80,6
tongyi.com,5,100,0
DuckDuckGo,4,100,3
c.biancheng.net,4,75,112
docs.pingcode.com,4,0,300
fastapi.tiangolo.com,4,67,3
mosoteach.cn,4,100,0
yuque.com,4,20,851
acwing.com,3,50,451
baike.baidu.com,3,67,981
cloud.tencent.com,3,0,13
codemao.yuque.com,3,33,86
codernav.com,3,67,98
csdiy.wiki,3,33,26
liaoxuefeng.com,3,0,157
m.runoob.com,3,100,0
mooc2-ans.chaoxing.com,3,100,0
ntp.msn.cn,3,0,1196
numpy.org,3,0,227
oi-wiki.org,3,75,58
oiwiki.org,3,100,0
sxnd.alphacoding.cn,3,100,0
Sogou,2,50,1
aisearch.qq.com,2,0,204
blog.kdyzm.cn,2,50,722
bookstack.cn,2,0,714
bytedance.larkoffice.com,2,100,0
chat.qwen.ai,2,100,0
developer.aliyun.com,2,50,168
dormousehole.readthedocs.io,2,0,28
edu.py2fun.com,2,100,0
flask.palletsprojects.com,2,0,144
lixiaolai.com,2,0,26
notebooks.githubusercontent.com,2,100,0
oceanhero.today,2,50,170
pyloong.github.io,2,100,0
r00qdo82l1q.feishu.cn,2,50,227
roadmap.sh,2,0,1436
search.luxirty.com,2,50,4
shimo.im,2,100,0
space.coze.cn,2,50,11
sphinx-doc.org,2,0,0
sxgxy.alphacoding.cn,2,0,352
tutorial.helloflask.com,2,100,0
web.shanbay.com,2,50,6
wenxiaobai.com,2,0,18
xiaomi.f.mioffice.cn,2,80,3
10.11.2.115,1,0,2231
100.119.254.161,1,100,0
110.42.63.51,1,0,12
118.190.16.33,1,100,0
41782svc1.vnc.educoder.net,1,0,41
45306svc1.vnc.educoder.net,1,100,0
45531svc1.vnc.educoder.net,1,100,0
52zwbc.com,1,0,7
53702svc1.vnc.educoder.net,1,100,0
54537svc1.vnc.educoder.net,1,0,20
7-0.cc,1,100,0
LinkedIn,1,100,0
StackOverflow,1,0,6699
Twitter,1,100,0
Yahoo!,1,100,0
Yandex,1,0,56
ask.csdn.net,1,100,0
baijiahao.baidu.com,1,0,47
bailian.console.aliyun.com,1,100,0
bgithub.xyz,1,0,18
bidianer.com,1,0,306
brightspace.algonquincollege.com,1,0,683
byhy.net,1,0,638
c2.bytzdev.xyz,1,0,255
cd.xrnm.xyz,1,100,0
chat.chehejia.com,1,0,26
chat.openai.rnd.huawei.com,1,0,97
chat.siemens.com,1,0,104
chat.wencangai.cn,1,100,0
codegpt.huya.info,1,0,3516
columbus.wistron.com,1,100,0
confluence.rccchina.com,1,100,0
copilot.microsoft.com,1,100,0
cuiqingcai.com,1,0,592
d0enmtn99k3.feishu.cn,1,100,0
devguide.python.org,1,0,443
doc.quectel.com,1,100,0
docs.mcdreforged.com,1,100,0
docs.pydantic.dev,1,0,780
docs.pytest.org,1,0,43
docs.qq.com,1,100,0
docs.scrapy.org,1,0,20
docs.sympy.org,1,0,1517
evaluation.woa.com,1,0,3121
gitee.com,1,0,4057
gpt.cktech.co.nz,1,100,0
heeee.com,1,100,0
hellowac.github.io,1,100,0
iwiki.woa.com,1,100,0
jianshu.com,1,0,13
learnku.com,1,100,0
leetcode.cn,1,0,34
luogu.com.cn,1,100,0
m.so.com,1,100,0
microsoft.github.io,1,100,0
mooc1.chaoxing.com,1,0,7
mpbeta.csdn.net,1,100,0
n.cn,1,0,30
note.nkmk.me,1,0,0
note.youdao.com,1,100,0
nowcoder.com,1,100,0
oai.geely.com,1,0,22
opencsg.com,1,100,0
panda.baidu-int.com,1,100,0
pj4w2l1pwuq.sg.larksuite.com,1,0,38
poe.com,1,100,0
pytest-mock.readthedocs.io,1,0,1733
qiita.com,1,0,21
qlpg36b6ki.feishu.cn,1,0,192
realpython.com,1,0,0
sammchardy.github.io,1,0,703
showmeai.tech,1,0,380
so.toutiao.com,1,0,8
static.oschina.net,1,0,21
structlog.org,1,0,626
szfilehelper.weixin.qq.com,1,0,112
t6ixa9nyl6.jiandaoyun.com,1,100,0
time.geekbang.org,1,100,0
typing-extensions.readthedocs.io,1,0,19
umich.instructure.com,1,0,132
v2download.com,1,100,0
vcny195fbfxd.feishu.cn,1,100,0
wiki.python.org,1,0,3264
wlhmbop707.feishu.cn,1,0,1342
x.zeekrlife.com,1,100,0
xiaokang2022.github.io,1,0,103
yequanrui.inhuawei.com,1,100,0
yuque.antfin.com,1,100,0
zxbs.itmc.cn,1,0,22
