name,visitors
Tokyo,91
Osaka,15
Yokohama,10
Nagasaki,5
Kobe,5
Sapporo,5
Nagoya,4
N/A,4
Sendai,4
Yokosuka,3
N/A,3
Kyoto,3
N/A,3
Chiba,3
N/A,3
N/A,3
Riyadh,2
Toyohashi,2
Saku,2
Miyazaki,2
Honjō,2
Higashi-ōsaka,2
N/A,2
Anan,2
Niiza,2
N/A,2
N/A,2
N/A,2
N/A,2
N/A,2
N/A,2
Vyborg,1
Tashkent,1
Hanoi,1
Taipei,1
Yilan,1
Akashi,1
Yūki,1
N/A,1
Takasaki,1
Takarazuka,1
N/A,1
N/A,1
Ōbu,1
Nishio,1
Niigata,1
Nagano,1
Musashino,1
Mishima,1
Mino,1
Maebashi,1
N/A,1
N/A,1
Kawagoe,1
Fukuoka,1
N/A,1
N/A,1
Singapore,1
Asaka,1
Narita,1
N/A,1
Ouagadougou,1
Andújar,1
Homosassa,1
Edison,1
Lambeth,1
N/A,1
Akishima,1
N/A,1
Inzai,1
N/A,1
N/A,1
N/A,1
N/A,1
N/A,1
N/A,1
N/A,1
N/A,1
N/A,1
N/A,1
N/A,1
N/A,1
N/A,1
N/A,1
N/A,1
