property,value,visitors,events,percentage
url,(none),6839,10036,99.5
url,https://bootstrap.pypa.io/get-pip.py,142,160,2.1
url,https://www.python.org/,99,101,1.4
url,https://docs.python-guide.org/starting/installation/#installation,75,75,1.1
url,https://opentechschool.github.io/python-beginners/en/getting_started.html#what-is-python-exactly,39,42,0.6
url,https://docs.python.org/3/library/venv.html,18,19,0.3
url,https://github.com/pypa/pip,14,15,0.2
url,https://pypi.org/,14,14,0.2
url,https://pip.pypa.io/en/latest/topics/secure-installs/,10,10,0.1
url,https://www.pypa.io/en/latest/,10,12,0.1
url,https://pip.pypa.io/en/latest/user_guide/#requirements-files,9,12,0.1
url,https://pypi.org/project/pip/,9,9,0.1
url,https://pip.pypa.io/en/latest/,8,9,0.1
url,https://spdx.org/licenses/,8,9,0.1
url,https://test.pypi.org/account/register/,7,8,0.1
url,https://peps.python.org/pep-0518/,6,7,0.1
url,https://pip.pypa.io/,6,6,0.1
url,https://docs.python.org/3/library/ensurepip.html,5,6,0.1
url,https://github.com/pypa/packaging.python.org/edit/main/source/tutorials/installing-packages.rst,5,6,0.1
url,https://pip.pypa.io/en/latest/user_guide/#user-installs,5,5,0.1
url,https://pip.pypa.io/en/stable/user_guide/#user-installs,5,5,0.1
url,https://pypi.org/classifiers,5,5,0.1
url,https://pypi.org/classifiers/,5,5,0.1
url,https://github.com/pypa/packaging-problems/issues/new?template=packaging_tutorial.yml&title=Trouble+with+the+packaging+tutorial&guide=https://packaging.python.org/tutorials/packaging-projects,4,4,0.1
url,https://github.com/pypa/packaging.python.org/blob/main/source/tutorials/installing-packages.rst?plain=true,4,10,0.1
url,https://github.com/pypa/pip/issues/1668,4,4,0.1
url,https://setuptools.pypa.io/en/latest/userguide/development_mode.html,4,4,0.1
url,https://docs.python.org/3/library/sysconfig.html#installation-paths,3,3,0.0
url,https://github.com/pradyunsg/furo,3,3,0.0
url,https://github.com/pypa/packaging-problems,3,4,0.0
url,https://github.com/pypa/pipenv,3,3,0.0
url,https://peps.python.org/pep-0427/,3,3,0.0
url,https://peps.python.org/pep-0621/,3,5,0.0
url,https://peps.python.org/pep-0639/,3,3,0.0
url,https://pip.pypa.io/en/latest/cli/pip_install/#pip-install,3,3,0.0
url,https://pypi.org/project/hatchling/,3,3,0.0
url,https://setuptools.readthedocs.io/en/latest/,3,3,0.0
url,https://toml.io/,3,3,0.0
url,https://virtualenv.pypa.io/en/stable/index.html,3,3,0.0
url,https://www.python.org/downloads/,3,9,0.0
url,https://www.sphinx-doc.org/,3,4,0.0
url,https://aws.amazon.com/s3/,2,3,0.0
url,https://brew.sh/,2,2,0.0
url,https://choosealicense.com/,2,2,0.0
url,https://datatracker.ietf.org/doc/html/rfc2119.html,2,3,0.0
url,https://docs.python.org/3/library/sys.html#sys.path,2,2,0.0
url,https://docs.python.org/3/tutorial/modules.html#packages,2,2,0.0
url,https://flit.pypa.io/en/stable/,2,2,0.0
url,https://github.com/jazzband/pip-tools/,2,2,0.0
url,https://github.com/pypa,2,2,0.0
url,https://github.com/pypa/hatch,2,2,0.0
url,https://github.com/pypa/packaging.python.org/edit/main/source/overview.rst,2,2,0.0
url,https://github.com/pypa/setuptools,2,2,0.0
url,https://github.com/pypa/setuptools/issues,2,2,0.0
url,https://github.com/pypa/trove-classifiers/issues,2,2,0.0
url,https://github.com/python/mypy,2,2,0.0
url,https://hatch.pypa.io/1.9/version/,2,2,0.0
url,https://hatch.pypa.io/latest/,2,2,0.0
url,https://mail.python.org/mailman3/lists/distutils-sig.python.org/,2,2,0.0
url,https://pipx.pypa.io/,2,2,0.0
url,https://pypi.org/project/ninja,2,5,0.0
url,https://pypi.org/project/pipenv,2,3,0.0
url,https://pypi.org/project/requests/,2,3,0.0
url,https://scientific-python.org/,2,2,0.0
url,https://setuptools.pypa.io/en/latest/userguide/pyproject_config.html#dynamic-metadata,2,2,0.0
url,https://www.pypa.io/en/latest/specifications/,2,2,0.0
url,https://www.youtube.com/watch?v=iLVNWfPWAC8,2,2,0.0
url,http://doc.devpi.net/latest/,1,1,0.0
url,http://numba.pydata.org/,1,1,0.0
url,https://backend.pdm-project.org/,1,1,0.0
url,https://bandersnatch.readthedocs.io/,1,1,0.0
url,https://bitbucket.org/pypa,1,2,0.0
url,https://choosealicense.com/licenses/,1,1,0.0
url,https://cloud.google.com/bigquery,1,1,0.0
url,https://conda.io/projects/conda-build/en/latest/user-guide/tutorials/index.html,1,1,0.0
url,https://console.cloud.google.com/bigquery?p=bigquery-public-data&d=pypi&page=dataset,1,1,0.0
url,https://developers.redhat.com/products/softwarecollections/overview,1,1,0.0
url,https://devpi.net/docs/devpi/devpi/latest/+doc/index.html,1,1,0.0
url,https://discuss.python.org/c/packaging,1,1,0.0
url,https://docs.anaconda.com/anaconda/,1,1,0.0
url,https://docs.astral.sh/uv/,1,1,0.0
url,https://docs.microsoft.com/en-us/windows/win32/shell/user-environment-variables?redirectedfrom=MSDN,1,1,0.0
url,https://docs.python-guide.org/dev/virtualenvs/,1,1,0.0
url,https://docs.python.org/3/extending/extending.html,1,1,0.0
url,https://docs.python.org/3/library/glob.html#module-glob,1,1,0.0
url,https://docs.python.org/3/library/http.server.html,1,2,0.0
url,https://docs.python.org/3/library/venv.html#venv-explanation,1,2,0.0
url,https://en.wikipedia.org/wiki/Linux_distribution,1,1,0.0
url,https://files.pythonhosted.org/packages/21/e9/2743311822e71c0756394b6c5ab15cb64ca66c78c6c6a5cd872c9ed33154/sampleproject_doubleyoung18-1.3.0-py2.py3-none-any.whl,1,1,0.0
url,https://files.pythonhosted.org/packages/56/0a/178e8bbb585ec5b13af42dae48b1d7425d6575b3ff9b02e5ec475e38e1d6/sampleproject_nomura-1.2.0-py2.py3-none-any.whl,1,1,0.0
url,https://files.pythonhosted.org/packages/63/88/3200eeaf22571f18d2c41e288862502e33365ccbdc12b892db23f51f8e70/sampleproject_nomura-1.2.0.tar.gz,1,1,0.0
url,https://files.pythonhosted.org/packages/6f/5b/2f3fe94e1c02816fe23c7ceee5292fb186912929e1972eee7fb729fa27af/sampleproject-1.3.1.tar.gz,1,1,0.0
url,https://files.pythonhosted.org/packages/eb/45/79be82bdeafcecb9dca474cad4003e32ef8e4a0dec6abbd4145ccb02abe1/sampleproject-1.2.0.tar.gz,1,1,0.0
url,https://github.com/buildout/buildout/,1,1,0.0
url,https://github.com/david-a-wheeler/spdx-tutorial,1,4,0.0
url,https://github.com/jazzband/pip-tools,1,1,0.0
url,https://github.com/pdm-project/pdm,1,1,0.0
url,https://github.com/pypa/cibuildwheel,1,1,0.0
url,https://github.com/pypa/linehaul-cloud-function/,1,1,0.0
url,https://github.com/pypa/packaging,1,1,0.0
url,https://github.com/pypa/packaging.python.org,1,1,0.0
url,https://github.com/pypa/packaging.python.org/blob/main/source/guides/index.rst?plain=true,1,1,0.0
url,https://github.com/pypa/packaging.python.org/blob/main/source/guides/installing-using-pip-and-virtual-environments.rst?plain=true,1,1,0.0
url,https://github.com/pypa/packaging.python.org/blob/main/source/index.rst?plain=true,1,1,0.0
url,https://github.com/pypa/packaging.python.org/blob/main/source/overview.rst?plain=true,1,1,0.0
url,https://github.com/pypa/packaging.python.org/blob/main/source/tutorials/packaging-projects.rst?plain=true,1,1,0.0
url,https://github.com/pypa/packaging.python.org/edit/main/source/contribute.rst,1,1,0.0
url,https://github.com/pypa/packaging.python.org/edit/main/source/guides/installing-using-virtualenv.rst,1,1,0.0
url,https://github.com/pypa/packaging.python.org/edit/main/source/tutorials/managing-dependencies.rst,1,1,0.0
url,https://github.com/pypa/packaging.python.org/edit/main/source/tutorials/packaging-projects.rst,1,1,0.0
url,https://github.com/pypa/packaging.python.org/pull/606,1,1,0.0
url,https://github.com/pypa/pip/issues,1,1,0.0
url,https://github.com/pypa/pipfile,1,1,0.0
url,https://github.com/pypa/sample-namespace-packages/tree/master/pkg_resources,1,1,0.0
url,https://github.com/pypa/sampleproject/blob/db5806e0a3204034c51b1c00dde7d5eb3fa2532e/setup.py,1,1,0.0
url,https://github.com/pypa/virtualenv,1,1,0.0
url,https://github.com/pypa/wheel,1,1,0.0
url,https://github.com/pypiserver/pypiserver,1,1,0.0
url,https://github.com/python-poetry/poetry,1,1,0.0
url,https://github.com/python/cpython/issues,1,1,0.0
url,https://github.com/pywharf/pywharf,1,1,0.0
url,https://github.com/sclorg,1,1,0.0
url,https://github.com/spack/spack,1,1,0.0
url,https://github.com/uranusjr/simpleindex,1,1,0.0
url,https://ius.io/setup,1,1,0.0
url,https://json-schema.org/,1,1,0.0
url,https://math-atlas.sourceforge.net/,1,1,0.0
url,https://pandas.pydata.org/,1,1,0.0
url,https://peps.python.org/pep-0301/,1,1,0.0
url,https://peps.python.org/pep-0345/,1,1,0.0
url,https://peps.python.org/pep-0420/,1,1,0.0
url,https://peps.python.org/pep-0723/,1,1,0.0
url,https://peps.python.org/pep-0751/,1,1,0.0
url,https://pip.pypa.io/en/latest/cli/,1,1,0.0
url,https://pip.pypa.io/en/latest/topics/vcs-support/#vcs-support,1,1,0.0
url,https://pyinstaller.readthedocs.io/en/stable/,1,1,0.0
url,https://pynsist.readthedocs.io/en/latest/index.html,1,1,0.0
url,https://pypi.org/help/#apitoken,1,1,0.0
url,https://pypi.org/manage/account/#api-tokens,1,1,0.0
url,https://pypi.org/project/attrs,1,1,0.0
url,https://pypi.org/project/pip,1,1,0.0
url,https://pypi.org/project/pip/23.3.1/#files,1,1,0.0
url,https://pypi.org/project/pipx/,1,1,0.0
url,https://pypi.org/project/py2app/,1,1,0.0
url,https://pypi.org/project/py2exe/,1,1,0.0
url,https://pypi.org/project/setuptools,1,2,0.0
url,https://pypi.org/project/trove-classifiers/,1,1,0.0
url,https://pytest.org/,1,1,0.0
url,https://scipy.org/install/#macos,1,1,0.0
url,https://semver.org/,1,1,0.0
url,https://server.ethicalads.io/proxy/click/8173/019b3b8a-5a3a-7750-9e59-59ab68566a19/,1,1,0.0
url,https://server.ethicalads.io/proxy/click/9725/019b3bb6-15aa-7283-8624-8ca3dd26e86e/,1,1,0.0
url,https://server.ethicalads.io/proxy/click/9725/019b3c06-afc7-7730-a7b5-2b6f02035df5/,1,1,0.0
url,https://server.ethicalads.io/proxy/click/9726/019b3ba8-294e-7fb3-a4be-a20efbf8cacd/,1,1,0.0
url,https://server.ethicalads.io/proxy/click/9726/019b3be8-8e65-74b1-967f-4aed75df38a9/,1,1,0.0
url,https://server.ethicalads.io/proxy/click/9737/019b39d9-2b44-73a0-ab85-a86e3a66f7d5/,1,1,0.0
url,https://server.ethicalads.io/proxy/click/9737/019b3a4d-acb0-78a0-ac32-1799f4f82712/,1,1,0.0
url,https://server.ethicalads.io/proxy/click/9738/019b3912-9e52-79f3-9bd9-0ffdffc30961/,1,1,0.0
url,https://server.ethicalads.io/proxy/click/9738/019b3924-fa76-7cb1-80fe-e3951c572136/,1,1,0.0
url,https://server.ethicalads.io/proxy/click/9738/019b3975-d426-76e2-859d-79dfdac47c92/,1,1,0.0
url,https://server.ethicalads.io/proxy/click/9738/019b3b43-9377-7940-9f55-dc0bd07632b2/,1,1,0.0
url,https://server.ethicalads.io/proxy/click/9757/019b3c55-463d-7f52-9a6a-f84870356cc5/,1,1,0.0
url,https://server.ethicalads.io/proxy/click/9758/019b3cad-66f0-7c81-9aa5-0aac7511af3d/,1,1,0.0
url,https://server.ethicalads.io/proxy/click/9775/019b3a3c-d904-7213-b97c-389c9f35f91a/,1,1,0.0
url,https://server.ethicalads.io/proxy/click/9775/019b3a48-41ad-7830-a8a8-42607fe5d8d2/,1,2,0.0
url,https://server.ethicalads.io/proxy/click/9775/019b3bda-dd0a-7a72-9ae0-5db7a73a96d1/,1,1,0.0
url,https://server.ethicalads.io/proxy/click/9776/019b3c1e-fd0e-7243-bfc0-24091464f083/,1,1,0.0
url,https://setuptools.pypa.io/,1,1,0.0
url,https://setuptools.pypa.io/en/latest/userguide/miscellaneous.html,1,1,0.0
url,https://setuptools.readthedocs.io/en/latest/deprecated/easy_install.html#natural-script-launcher,1,1,0.0
url,https://test.pypi.org/help/#apitoken,1,1,0.0
url,https://test.pypi.org/manage/account/#api-tokens,1,1,0.0
url,https://translate.google.com/website?sl=en&tl=vi&hl=vi&client=srp&u=https://bootstrap.pypa.io/get-pip.py,1,1,0.0
url,https://twine.readthedocs.io/en/latest/,1,1,0.0
url,https://web.archive.org/web/20190403064038/https://www.paypal-engineering.com/2016/09/07/python-packaging-at-paypal/,1,1,0.0
url,https://www.google.com/search?channel=fs&q=static+vs+dynamic+linking,1,1,0.0
url,https://www.sphinx-doc.org/en/master/,1,1,0.0
url,https://www.sphinx-doc.org/en/master/usage/restructuredtext/basics.html,1,1,0.0
