name,visitors,bounce_rate,visit_duration
Google,1461,73,204
Direct / None,649,68,360
Bing,123,71,250
python.org,55,0,486
cursos.alura.com.br,31,83,165
chatgpt.com,22,69,306
Baidu,18,95,0
Yahoo!,11,91,101
presencial.moodle.ufsc.br,8,67,94
web.dio.me,8,88,11
DuckDuckGo,7,86,33
gstatic.com,7,78,152
udemy.com,7,71,710
cimatecead.senaicimatec.com.br,4,80,138
pucminas.instructure.com,4,100,0
pythonfluente.com,4,100,0
confluence.santanderbr.corp,3,100,0
pandas.pydata.org,3,0,1305
portalvirtual.unisc.br,3,0,693
Reddit,2,0,374
hub.asimov.academy,2,50,63
medium.com,2,50,8
notion.so,2,67,121
on.fiap.com.br,2,100,0
techguide.sh,2,100,0
Brave,1,100,0
Ecosia,1,0,763
GitHub,1,100,0
Microsoft Teams,1,100,0
Yandex,1,0,1797
app.aluracursos.com,1,100,0
app.betrybe.com,1,0,1924
aulas.descomplica.com.br,1,0,240
ava.pr1.uerj.br,1,0,89
ava3.cefor.ifes.edu.br,1,100,0
boot.dev,1,0,1442
brc-word-edit.officeapps.live.com,1,0,3654
campusvirtual.ufla.br,1,100,0
cdn.evg.gov.br,1,0,458
cdn3.gnarususercontent.com.br,1,100,0
conteudo.avaeduc.com.br,1,0,41
conteudo.colaboraread.com.br,1,0,261
cs50.harvard.edu,1,0,19
discuss.python.org,1,0,672
docs.scipy.org,1,0,1587
ead06.proj.ufsm.br,1,100,0
escolavainaweb-com.gitbook.io,1,0,454
heltonmaia.com,1,0,147
hotmart.com,1,100,0
iwiki.woa.com,1,0,13
lms.ev.org.br,1,100,0
membros.devaprender.com,1,100,0
metropolitanasp.grupoa.education,1,100,0
moodle.hto.ifsp.edu.br,1,100,0
moodle.unipampa.edu.br,1,0,5
poe.com,1,0,110
presencial.ifgoiano.edu.br,1,0,52
pucpr.instructure.com,1,50,208
pyformat.info,1,0,655
pymupdf.readthedocs.io,1,0,292
senacsp.blackboard.com,1,0,8
unibb.alura.com.br,1,50,6
unibf.grupoa.education,1,100,0
unicarioca.grupoa.education,1,100,0
virtualenv.pypa.io,1,0,39
