name,unique_exits,total_exits,exit_rate
/3/,5223,5548,
/3/library/stdtypes.html,3212,3454,
/3/library/functions.html,3203,3410,
/3/tutorial/index.html,2606,2713,
/3/library/venv.html,2056,2110,
/3/library/datetime.html,1983,2074,
/3/tutorial/datastructures.html,1779,1879,
/3/library/idle.html,1626,1678,
/3/library/index.html,1477,1573,
/3/tutorial/,1321,1470,
/3/search.html,1316,1397,
/3/tutorial/controlflow.html,1267,1346,
/3/library/tkinter.html,1234,1291,
/3/using/windows.html,1226,1251,
/3/library/re.html,1185,1250,
/3/library/random.html,1114,1168,
/3/library/typing.html,1082,1123,
/3/library/turtle.html,1070,1201,
/3/tutorial/introduction.html,934,993,
/3/library/pathlib.html,906,946,
/3/tutorial/classes.html,859,904,
/3/library/math.html,856,907,
/3/tutorial/errors.html,832,856,
/3/library/os.html,800,823,
/3/library/logging.html,797,837,
/3/library/csv.html,790,830,
/3/library/argparse.html,772,807,
/3/library/subprocess.html,767,801,
/3/tutorial/inputoutput.html,763,796,
/3/library/collections.html,762,796,
/3/whatsnew/3.14.html,720,751,
/3/library/exceptions.html,719,761,
/3/library/dataclasses.html,709,739,
/3/library/string.html,630,649,
/3/library/itertools.html,602,625,
/3/library/time.html,599,619,
/3/tutorial/interpreter.html,596,607,
/3/reference/datamodel.html,595,619,
/3/library/sqlite3.html,576,617,
/3/library/multiprocessing.html,565,604,
/3/tutorial/venv.html,533,547,
/3/library/json.html,507,524,
/3/tutorial/modules.html,497,515,
/3/glossary.html,493,505,
/3/library/asyncio-task.html,440,462,
/3/library/functools.html,432,453,
/3/library/asyncio.html,431,443,
/3/library/enum.html,429,444,
/3/library/threading.html,420,436,
/3/library/heapq.html,398,418,
/3/library/unittest.html,391,415,
/3/py-modindex.html,387,412,
/3/library/os.path.html,385,398,
/3/library/socket.html,367,392,
/zh-cn/3/tutorial/index.html,366,391,
/3/library/concurrent.futures.html,358,373,
/3/tutorial/appetite.html,356,361,
/3/howto/sorting.html,348,360,
/3/installing/index.html,337,341,
/3/library/sys.html,335,341,
/3/library/unittest.mock.html,314,340,
/3/reference/lexical_analysis.html,310,326,
/3/library/xml.etree.elementtree.html,294,309,
/3/reference/expressions.html,287,294,
/3/reference/index.html,287,291,
/3/library/pickle.html,268,269,
/3/reference/compound_stmts.html,267,275,
/3/library/shutil.html,257,272,
/zh-cn/3/,254,265,
/3/library/hashlib.html,250,265,
/3/download.html,248,252,
/dev/using/windows.html,243,242,
/ja/3/library/codecs.html,242,251,
/3/using/mac.html,241,250,
/3/howto/regex.html,237,248,
/3/library/io.html,235,246,
/3/library/struct.html,232,249,
/3/howto/logging.html,231,240,
/3/library/,230,240,
/3/contents.html,224,233,
/3/using/cmdline.html,215,218,
/3/library/pdb.html,206,211,
/3/library/tempfile.html,198,212,
/3/library/abc.html,193,204,
/3/license.html,187,197,
/3/library/operator.html,184,187,
/es/3/tutorial/,178,188,
/3/library/asyncio-eventloop.html,177,182,
/3/library/http.server.html,176,183,
/3/reference/import.html,176,175,
/3/index.html,175,176,
/3/library/ast.html,173,184,
/3/library/queue.html,173,177,
/3/library/copy.html,171,171,
/3/reference/simple_stmts.html,171,179,
/3/library/urllib.request.html,167,169,
/zh-cn/3/library/index.html,166,168,
/3/library/configparser.html,165,176,
/3/library/contextlib.html,164,166,
/3/library/decimal.html,162,170,
