name,visitors,bounce_rate,visit_duration
chatgpt.com,153,72,162
copilot.com,16,62,86
Exinfluencer,14,100,0
perplexity,13,92,8
openai,7,100,0
devopscube.com,6,100,0
enki,4,100,0
allthings.how,2,100,0
clubhouse,2,50,38
keypuncher.net,2,100,0
Securitylab.ru,1,0,1165
Two Sigma Ventures job board,1,100,0
aaronjgrossman.com,1,100,0
arnondora.in.th,1,100,0
articles.mergify.com,1,100,0
blog.danlew.net,1,100,0
blog.pantsbuild.org,1,100,0
blog.streamlit.io,1,100,0
blog.teclado.com,1,100,0
devbytes,1,100,0
engineered-mind.com,1,100,0
ericapisani.dev,1,100,0
gorfou.fr,1,100,0
hackernoon.com,1,100,0
handbook.nerevu.com,1,100,0
ig_text_post_permalink,1,100,0
jasonrbriggs.com,1,100,0
kubernet.dev,1,100,0
ld246.com,1,100,0
notdefined.tech,1,100,0
panty.run,1,100,0
partner_nvidia,1,100,0
post_page-,1,100,0
post_page-----0a673265cf04---------------------------------------,1,0,9
practical-engineer.ai,1,100,0
rss,1,100,0
testingpai.com,1,100,0
thegraynode.io,1,100,0
xieboke.net,1,100,0
