name,version,visitors
Windows,10,579
Mac,10.15,169
Android,10,61
GNU/Linux,(not set),31
iOS,18.6,21
Android,15,11
Android,14,10
Android,11,8
HarmonyOS,3.0,8
Android,13,7
Android,12,5
HarmonyOS,2.2,5
HarmonyOS,(not set),4
Chrome OS,14541.0,4
iOS,18.7,4
Ubuntu,(not set),3
Windows,7,3
iOS,17.6,2
iOS,18.5,2
iOS,26.0,2
Mac,(not set),1
(not set),(not set),1
Windows,(not set),1
iOS,15.3,1
iOS,17.3,1
iOS,18.3,1
HarmonyOS,2.1,1
Android,6.0,1
Android,8.0,1
Windows,8.1,1
Android,9,1
