name,visitors
Singapore,53
Guangzhou,43
Beijing,42
Shanghai,37
Moscow,31
Tokyo,28
Bengaluru,27
Hong Kong,25
Chengdu,22
Hangzhou,21
Warsaw,17
Mumbai,15
Nanjing,13
Tel Aviv,12
Taipei,12
Xi’an,12
Changsha,12
Pune,11
Hyderabad,11
Shenzhen,11
Saint Petersburg,10
Zhengzhou,10
Kolkata,9
Ho Chi Minh City,9
Hanoi,9
Taichung,9
Hefei,9
Sydney,9
Toronto,9
Kyiv,8
Chennai,8
Wuxi,8
Ha Kwai Chung,8
São Paulo,8
Bogotá,8
Nairobi,7
Chongqing,7
Osaka,7
Munich,7
Kraków,7
Los Angeles,7
Dhaka,6
Delhi,6
Jakarta,6
Kunming,6
Guiyang,6
Seoul,6
Suzhou,6
Auckland,6
Amsterdam,6
Berlin,6
Washington,6
Seattle,6
Montréal,6
Bucharest,5
Almaty,5
Qingdao,5
Dongguan,5
Accra,5
Frankfurt am Main,5
Lima,5
New York City,5
Petaẖ Tiqwa,4
Petrozavodsk,4
Nizhniy Novgorod,4
Minsk,4
Bhopāl,4
Nur-Sultan,4
Xiamen,4
Tianjin,4
Ningbo,4
Jinan,4
Fuzhou,4
Deyang,4
Phnom Penh,4
Yokohama,4
Melbourne,4
Brisbane,4
Tunis,4
Copenhagen,4
Zürich,4
Prague,4
Rome,4
Guatemala City,4
Santiago,4
Philadelphia,4
Chicago,4
Athens,3
Dubai,3
Haifa,3
Volgograd,3
Vladimir,3
Ufa,3
Krasnodar,3
Vilnius,3
Helsinki,3
Kryvyy Rih,3
Lublin,3
Lahore,3
Vadodara,3
Thrissur,3
Kathmandu,3
Yekaterinburg,3
Chelyabinsk,3
Tashkent,3
Bangkok,3
Hsinchu,3
Zhoukou,3
Zibo,3
Shijiazhuang,3
Nanning,3
Nanchang,3
Linyi,3
Huzhou,3
Macau,3
Gangnam-gu,3
Shenyang,3
Changchun,3
Lydney,3
London,3
Dublin,3
Toulouse,3
Brno,3
Łódź,3
Katowice,3
Gdańsk,3
Barcelona,3
Turin,3
Montevideo,3
Curitiba,3
Belo Horizonte,3
Medellín,3
La Paz,3
Greensboro,3
Markham,3
Zhongshan,3
Riyadh,2
Amman,2
Ramat Gan,2
Adana,2
Riga,2
Yaroslavl,2
Tula,2
Kursk,2
Kirov,2
Ivanovo,2
Tbilisi,2
Yerevan,2
Ternopil,2
Odessa,2
Lviv,2
Chernivtsi,2
Sofia,2
Istanbul,2
Pretoria,2
Chattogram,2
Medan,2
New Delhi,2
Ludhiāna,2
Lucknow,2
Ghāziābād,2
Guwahati,2
Coimbatore,2
Cochin,2
Novosibirsk,2
Pemalang,2
Kaohsiung,2
Keelung,2
Quezon City,2
Makati City,2
Johor Bahru,2
Petaling Jaya,2
Kuala Lumpur,2
Yangzhou,2
Wenzhou,2
Putian,2
Laibin,2
Jiaxing,2
Huizhou,2
Cangzhou,2
Baoding,2
Tsuen Wan,2
Kowloon City,2
Suwon,2
Gimpo-si,2
Incheon,2
Hachiōji,2
Matsuyama,2
Irkutsk,2
Sendai,2
Christchurch,2
Dakar,2
Brazzaville,2
Ibadan,2
Sousse,2
Valencia,2
Rødovre,2
Liverpool,2
Birmingham,2
Göteborg,2
Rotterdam,2
Purmerend,2
Stuttgart,2
Herne,2
Dortmund,2
Bruchsal,2
Braunschweig,2
Strasbourg,2
Poissy,2
Paris,2
Le Mans,2
Bussy-Saint-Georges,2
Bordeaux,2
Bratislava,2
Třebíč,2
Wrocław,2
Poznań,2
Oslo,2
Milan,2
Albino,2
Maribor,2
Ananindeua,2
Buenos Aires,2
Taboão da Serra,2
Matozinhos,2
Florianópolis,2
Brasília,2
Bauru,2
Gustavo Adolfo Madero,2
San Salvador,2
Managua,2
Quito,2
Guayaquil,2
Montería,2
Panamá,2
Tacna,2
Monterrey,2
Chihuahua,2
Fort Lauderdale,2
Jacksonville,2
Miami,2
Stone Mountain,2
Manhattan,2
Gaithersburg,2
Greenville,2
Knoxville,2
Austin,2
Denton,2
Houston,2
Rowlett,2
Morton Grove,2
Boston,2
Minneapolis,2
Brooklyn,2
Huntington,2
Cleveland,2
Dublin,2
Hayward,2
Oakland,2
Sacramento,2
San Jose,2
Sunnyvale,2
Denver,2
Boulder,2
Beaverton,2
Draper,2
Olympia,2
Richland,2
Brampton,2
Cambridge,2
London,2
Mississauga,2
Québec,2
Central,2
Songpa-gu,2
Taizhou,2
Nilüfer,2
N/A,2
Baghdad,1
Basrah,1
Tehran,1
Dar es Salaam,1
Kampala,1
Piraeus,1
Jerusalem,1
Kuwait City,1
Manama,1
Rishon LeẔiyyon,1
Ramat HaSharon,1
Pardés H̱anna Karkur,1
Ness Ziona,1
H̱olon,1
Herzliya,1
Bet Shemesh,1
Be’er Ya‘aqov,1
Ashdod,1
Mersin,1
Eskişehir,1
Ankara,1
Ţanţā,1
