name,visitors
Guangdong,68
Tokyo,48
Beijing,43
California,41
Shanghai,38
Zhejiang,38
Moscow,35
Jiangsu,34
England,32
Ontario,29
Karnataka,28
Maharashtra,27
Sichuan,26
Shandong,26
São Paulo,20
Texas,20
Mazovia,19
Île-de-France,18
Washington,18
Tel Aviv,17
Seoul,17
Florida,15
New York,15
Henan,14
Bavaria,14
Illinois,14
Hunan,13
Shaanxi,13
Ohio,13
Baden-Württemberg,12
Taipei,12
Tamil Nadu,11
Telangāna,11
Gyeonggi,11
New South Wales,10
Fujian,10
Hesse,10
West Bengal,10
Osaka,10
North Holland,10
Lesser Poland,10
Silesia,10
Saint Petersburg,10
Pennsylvania,10
Quebec,9
Anhui,9
Hebei,9
Kwai Tsing New Territories,9
Kanagawa,9
Taichung,9
New Jersey,9
Hanoi,9
Ho Chi Minh City,9
Capital District,8
Lower Saxony,8
Delhi,8
Kerala,8
Kyiv,8
Minas Gerais,7
Chongqing,7
Guizhou,7
Central,7
Uttar Pradesh,7
Nairobi County,7
Michigan,7
North Carolina,7
Virginia,7
Dhaka Division,6
Zürich,6
Guangxi,6
Yunnan,6
Berlin,6
North Rhine-Westphalia,6
Capital Region,6
Catalonia,6
Uusimaa,6
Occitanie,6
Jakarta,6
Gujarat,6
Auckland,6
Bucharest,6
Moscow Province,6
Colorado,6
Washington DC,6
Massachusetts,6
Minnesota,6
Utah,6
Buenos Aires Province,5
Paraná,5
Rio de Janeiro,5
Santiago Metropolitan,5
Jiangxi,5
Liaoning,5
South Moravia,5
Madrid Autonomous Community,5
Greater Accra,5
Madhya Pradesh,5
Almaty City,5
South Holland,5
Lima,5
Metro Manila,5
Pomerania,5
Nizhny Novgorod,5
Georgia,5
Maryland,5
Oregon,5
Tennessee,5
Queensland,4
Victoria,4
Santa Catarina,4
Minsk,4
British Columbia,4
Tianjin,4
Prague,4
Andalusia,4
Pays-de-la-Loire,4
Attica,4
Guatemala,4
Haifa,4
Piedmont,4
Lombardy,4
Lazio,4
Phnom Penh,4
Astana,4
Nuevo León,4
Greater Poland,4
Krasnodar Krai,4
Karelia,4
Tunis,4
Dnipropetrovshchyna,4
Lvivshchyna,4
Indiana,4
Missouri,4
Wisconsin,4
Dubai,3
Flanders,3
Wallonia,3
La Paz,3
Rio Grande do Sul,3
Jilin,3
Shanxi,3
Antioquia,3
Valencian Community,3
Grand-Est,3
Central Java,3
Leinster,3
Chiba,3
Ehime,3
Daegu,3
Incheon,3
Vilnius County,3
Chihuahua,3
Province 3,3
Punjab,3
Lublin,3
Łódź,3
Bashkortostan,3
Chelyabinsk,3
Sverdlovsk,3
Volgograd,3
Vladimir,3
Västra Götaland,3
Bangkok,3
Bursa,3
Hsinchu County,3
Arizona,3
Louisiana,3
Montevideo,3
Tashkent,3
Gauteng,3
Yerevan,2
Chittagong Division,2
Sofia,2
Federal District,2
Pará,2
Alberta,2
Brazzaville,2
Córdoba,2
Cundinamarca,2
Valle del Cauca,2
Ústí nad Labem,2
Kraj Vysočina,2
Rhineland-Palatinate,2
Guayas,2
Pichincha,2
Auvergne-Rhône-Alpes,2
Nouvelle-Aquitaine,2
Tbilisi,2
Central and Western Hong Kong Island,2
Kowloon City Kowloon,2
Tsuen Wan New Territories,2
West Java,2
North Sumatra,2
Jerusalem,2
Assam,2
Punjab,2
Rajasthan,2
Hormozgan,2
Emilia-Romagna,2
Campania,2
Amman,2
Miyagi,2
Ibaraki,2
Niigata,2
Fukuoka,2
Riga,2
Ciudad de Mexico,2
Johor,2
Selangor,2
Kuala Lumpur,2
Lagos,2
Oyo,2
Managua,2
North Brabant,2
Utrecht,2
Oslo,2
Canterbury,2
Panamá,2
Tacna,2
Lower Silesia,2
Subcarpathia,2
Lisbon,2
Irkutsk,2
Ivanovo,2
Kirov,2
Kursk,2
Novosibirsk,2
Tatarstan,2
Tula,2
Yaroslavl,2
Riyadh,2
Stockholm,2
Maribor,2
Bratislava,2
Dakar,2
San Salvador,2
Pathum Thani,2
Sousse,2
Adana,2
Ankara,2
Istanbul,2
Keelung,2
Kaohsiung,2
New Taipei,2
Odeshchyna,2
Ternopilshchyna,2
Chernivtsi Oblast,2
Alabama,2
Connecticut,2
Kansas,2
Kentucky,2
Nevada,2
South Carolina,2
West Virginia,2
Luanda,1
Buenos Aires,1
La Rioja,1
Neuquén,1
Córdoba,1
Vienna,1
Australian Capital Territory,1
South Australia,1
Western Australia,1
Dobrich,1
Capital,1
Amazonas,1
Bahia,1
Ceará,1
Mato Grosso,1
Piauí,1
Tocantins,1
Brest,1
Manitoba,1
Nova Scotia,1
Kinshasa,1
Aargau,1
Bern,1
Basel-Stadt,1
Ticino,1
Vaud,1
Arica y Parinacota,1
Bío Bío,1
Valparaíso,1
Centre,1
Littoral,1
Hubei,1
Xinjiang,1
Caldas,1
Huila,1
Nariño,1
Risaralda,1
Santander,1
Tolima,1
Central Bohemia,1
South Bohemia,1
Bremen,1
Hamburg,1
Mecklenburg-Vorpommern,1
Schleswig-Holstein,1
Saxony,1
