property,value,visitors,events,percentage
url,(none),323,444,100.0
url,https://bootstrap.pypa.io/get-pip.py,6,6,1.9
url,https://www.python.org/,4,4,1.2
url,https://opentechschool.github.io/python-beginners/en/getting_started.html#what-is-python-exactly,1,1,0.3
url,https://peps.python.org/pep-0508/,1,1,0.3
url,https://peps.python.org/pep-0518/,1,1,0.3
url,https://peps.python.org/pep-0621/,1,1,0.3
url,https://pip.pypa.io/en/latest/,1,1,0.3
url,https://pip.pypa.io/en/latest/cli/pip_install/#install-no-binary,1,1,0.3
url,https://setuptools.pypa.io/en/latest/userguide/index.html,1,2,0.3
