name,visitors
São Paulo,28064
Rio de Janeiro,12887
Mumbai,7267
Belo Horizonte,6169
Kuala Lumpur,6026
Brasília,6005
Curitiba,5840
Ho Chi Minh City,5835
New Delhi,5792
Hanoi,5731
Kolkata,5401
Guayaquil,5336
Quito,5284
Bengaluru,5205
Porto Alegre,5121
Delhi,4762
Pune,4736
Jakarta,4497
Salvador,4115
Lima,4047
Campinas,4043
Ashburn,3828
Guarulhos,3728
Jaipur,3444
Istanbul,3312
Hyderabad,3230
Lucknow,3162
Ribeirão Preto,3021
Montevideo,2711
Fortaleza,2558
Ahmedabad,2519
Goiânia,2503
Asunción,2472
Johannesburg,2442
Kathmandu,2428
Dhaka,2381
Kanpur,2370
Santo André,2357
Bogotá,2313
Caxias do Sul,2272
São Bernardo do Campo,2254
Chandīgarh,2220
N/A,2192
Sorocaba,2094
Osasco,2067
Santiago,1992
Kota Kinabalu,1941
Cape Town,1894
Moscow,1889
Recife,1810
Duque de Caxias,1809
Bandung,1764
Dehra Dūn,1763
Nova Iguaçu,1750
Ludhiāna,1740
Quezon City,1706
Chennai,1693
Petaling Jaya,1666
Joinville,1643
Bauru,1629
Juiz de Fora,1625
Vadodara,1606
Uberlândia,1596
Chicago,1557
São Gonçalo,1556
Surat,1546
Volta Redonda,1533
Maceió,1525
Houston,1520
Bangkok,1493
Santo Domingo,1437
São José dos Campos,1426
Blumenau,1369
Rājkot,1355
São José do Rio Preto,1352
Dubai,1346
Carapicuíba,1335
Nagpur,1325
Campos dos Goytacazes,1315
Guwahati,1299
Medellín,1291
Manila,1277
Belford Roxo,1260
Itaquaquecetuba,1233
Pelotas,1218
Bhubaneshwar,1217
Patna,1210
Florianópolis,1207
Karachi,1198
Hortolândia,1198
Aracaju,1195
Contagem,1186
Piracicaba,1185
Sumaré,1171
Kyiv,1164
Limeira,1164
N/A,1163
Itajaí,1161
Cairo,1157
Casablanca,1142
Praia Grande,1131
Caracas,1129
Petrópolis,1123
Indore,1122
Buenos Aires,1122
Mauá,1122
Cabo Frio,1122
Manaus,1121
Canoas,1120
Tashkent,1110
Niterói,1106
Ghāziābād,1104
Saint Petersburg,1089
Franca,1082
Montes Claros,1079
Philadelphia,1064
Ciudad del Este,1059
Bhopāl,1038
Jundiaí,1027
Viamão,1025
Dakar,1024
Betim,1008
Phoenix,992
Surabaya,989
Brooklyn,989
Ipatinga,984
Atlanta,978
Los Angeles,970
Singapore,966
Camaçari,964
Rio Grande,963
Santa Maria,961
Miami,953
Ankara,951
Riyadh,950
Mogi das Cruzes,943
Passo Fundo,942
Bridgetown,941
La Plata,938
Taubaté,937
Natal,935
Las Vegas,928
Taboão da Serra,921
Kingston,921
Lanús,914
Lahore,912
New York City,910
N/A,909
Santos,904
Indaiatuba,903
Dallas,893
Warsaw,884
Phnom Penh,884
Suzano,883
Gravataí,883
Bragança Paulista,879
Córdoba,869
Nashik,864
Diadema,861
Baghdad,860
Novo Hamburgo,843
Aurangabad,834
Nova Friburgo,828
Londrina,826
Cali,825
Kuwait City,824
N/A,818
Jacksonville,816
Marília,812
Nairobi,805
Feira de Santana,804
Tunis,799
São Vicente,792
Teresina,789
Sete Lagoas,785
N/A,784
João Pessoa,782
Maringá,776
Guarujá,776
Maldonado,773
Minsk,772
Mohali,771
Jeddah,770
Gurgaon,761
Belém,761
Cochin,758
Quilmes,758
Dublin,756
Cotia,756
Ponta Grossa,753
Aparecida de Goiânia,748
Cuiabá,746
Vitória,741
Uberaba,740
San Antonio,738
Davao,736
Bandar Seri Begawan,726
Vitória da Conquista,722
Anápolis,721
São Leopoldo,714
Ourinhos,713
Serra,709
Santa Luzia,709
Jodhpur,708
Campo Grande,704
N/A,704
Vila Velha,697
Madrid,685
N/A,683
Rosario,681
Chapecó,678
São José dos Pinhais,676
Maricá,674
Nanjing,672
Campina Grande,672
Florencio Varela,672
Kuching,665
Panamá,665
Auckland,658
Lomas de Zamora,657
Abu Dhabi,653
Resistencia,653
Washington,653
Catanduva,643
Cuenca,638
Yogyakarta,636
Durban,634
São João de Meriti,631
Araraquara,627
Johor Bahru,624
Da Nang,623
Rio das Ostras,621
Macaé,621
İzmir,620
N/A,620
San Salvador,620
Imperatriz,618
Colombo,617
Barranquilla,615
Queens,615
Pouso Alegre,614
Tirana,613
San Miguel de Tucumán,613
Criciúma,610
Caraguatatuba,610
N/A,609
The Bronx,608
Registro,606
Poços de Caldas,606
Denver,604
Paris,603
Palhoça,602
Barueri,601
Francisco Morato,597
Amritsar,595
Seattle,595
Gustavo Adolfo Madero,582
Indianapolis,582
Araçatuba,580
Americana,577
Karnāl,576
Caruaru,571
N/A,571
Noida,569
Guadalajara,566
José María Ezeiza,561
Ribeirão das Neves,561
Belgrade,558
Santiago de los Caballeros,556
Chaguanas,552
Doha,543
Varginha,543
Divinópolis,542
Angra dos Reis,541
Medan,539
Itu,539
São Luís,533
Sharjah,532
Petrolina,530
Charlotte,526
Lençóis Paulista,524
Amman,522
San José,520
José C. Paz,519
Islamabad,518
Ipoh,516
Mar del Plata,516
Cebu City,513
Atibaia,510
Teresópolis,506
Orlando,505
São Carlos,504
Mérida,503
Milwaukee,503
Semarang,498
Cachoeiro de Itapemirim,498
Guatemala City,498
Fort Worth,498
Athens,497
St. Louis,495
