name,unique_exits,total_exits,exit_rate
/3.12/,280,296,
/3.12/tutorial/index.html,192,201,
/3.12/whatsnew/3.12.html,142,142,
/3.12/using/windows.html,136,139,
/3.12/library/functions.html,115,126,
/3.12/library/stdtypes.html,109,113,
/3.12/library/typing.html,81,81,
/3.12/search.html,80,84,
/3.12/library/2to3.html,73,76,
/3.12/index.html,64,65,
/3.12/library/datetime.html,58,61,
/3.12/library/,51,51,
/3/,51,50,
/3.12/tutorial/,48,49,
/3.12/library/index.html,47,50,
/3.12/tutorial/interpreter.html,41,49,
/3.12/tutorial/introduction.html,36,40,
/3.12/library/tkinter.html,35,37,
/zh-cn/3.12/using/mac.html,35,35,
/3.12/library/exceptions.html,34,34,
/3.12/tutorial/controlflow.html,33,40,
/3.12/library/re.html,31,32,
/3.12/download.html,30,30,
/3.12/library/subprocess.html,29,30,
/3.12/library/os.html,27,28,
/3.12/library/telnetlib.html,27,26,
/zh-cn/3.12/tutorial/index.html,27,27,
/3.12/library/pathlib.html,25,25,
/zh-cn/3.12/,25,25,
/3.12/tutorial/appetite.html,24,27,
/3.12/library/os.path.html,22,22,
/zh-cn/3.12/library/stdtypes.html,22,23,
/3.12/tutorial/datastructures.html,21,24,
/3.13/,20,19,
/zh-cn/3.12/library/ctypes.html,19,25,
/zh-cn/3.12/library/index.html,19,19,
/3.12/library/argparse.html,18,18,
/3.12/library/tempfile.html,18,18,
/3.12/installing/index.html,17,17,
/3.12/library/random.html,17,17,
/3.12/tutorial/modules.html,17,25,
/3.12/library/collections.html,16,16,
/3.12/library/logging.html,16,16,
/3/library/typing.html,16,16,
/zh-cn/3.12/index.html,16,16,
/zh-cn/3.12/library/functions.html,16,18,
/3.12/glossary.html,15,15,
/3.12/library/itertools.html,15,15,
/3.12/library/unittest.html,15,16,
/3.12/py-modindex.html,15,14,
/3.12/reference/index.html,15,16,
/3.12/library/asyncio.html,14,15,
/3.12/library/idle.html,14,14,
/3.12/library/multiprocessing.html,14,15,
/3.12/library/time.html,14,15,
/zh-cn/3.12/library/asyncio.html,14,14,
/zh-cn/3.12/library/multiprocessing.html,14,15,
/zh-cn/3.12/library/pathlib.html,14,14,
/zh-cn/3.12/library/re.html,14,14,
/3.12/library/sqlite3.html,13,13,
/3.12/library/turtle.html,13,14,
/3.12/tutorial/classes.html,13,13,
/zh-cn/3.12/library/heapq.html,13,14,
/3.12/library/enum.html,12,13,
/3.12/library/queue.html,12,12,
/3.12/reference/datamodel.html,12,12,
/3.12/library/abc.html,11,12,
/3.12/library/io.html,11,10,
/3.12/library/json.html,11,11,
/3.12/tutorial/inputoutput.html,11,12,
/3/library/stdtypes.html,11,9,
/zh-cn/3.12/library/__main__.html,11,11,
/zh-cn/3.12/library/datetime.html,11,12,
/zh-cn/3.12/library/typing.html,11,11,
/zh-cn/3.12/search.html,11,14,
/3.12/library/functools.html,10,9,
/3.12/library/math.html,10,10,
/ja/3.12/library/codecs.html,10,10,
/ko/3.12/using/index.html,10,10,
/3.12/contents.html,9,9,
/3.12/howto/perf_profiling.html,9,9,
/3.12/library/asyncio-task.html,9,9,
/3.12/library/concurrent.futures.html,9,9,
/3.12/library/csv.html,9,9,
/3.12/library/threading.html,9,9,
/3.12/using/cmdline.html,9,9,
/3.12/whatsnew/changelog.html,9,13,
/3/library/index.html,9,9,
/3/tutorial/datastructures.html,9,8,
/zh-cn/3.12/library/venv.html,9,9,
/zh-cn/3.12/tutorial/classes.html,9,10,
/zh-cn/3.12/using/,9,9,
/zh-cn/3.12/whatsnew/3.12.html,9,9,
/3.12/library/urllib.parse.html,8,10,
/3/tutorial/index.html,8,8,
/zh-cn/3.12/contents.html,8,8,
/zh-cn/3.12/library/collections.html,8,8,
/zh-cn/3.12/reference/index.html,8,8,
/zh-cn/3.12/tutorial/interpreter.html,8,10,
/3.12/library/asyncio-queue.html,7,7,
