name,visitors
United States,1384
India,726
Germany,509
China,483
United Kingdom,390
Russian Federation,342
France,295
Canada,204
Brazil,193
Poland,185
Italy,166
Australia,140
Netherlands,136
Japan,130
Spain,117
Hong Kong,116
Israel,101
Singapore,100
Indonesia,88
Turkey,87
South Korea,82
Vietnam,80
Saudi Arabia,77
Iran,76
Ukraine,75
Sweden,72
Philippines,71
Switzerland,69
Pakistan,68
Austria,63
Mexico,62
Egypt,56
Belgium,54
Thailand,52
Portugal,51
Taiwan,48
Czechia,46
South Africa,46
Denmark,45
Algeria,40
Romania,40
Hungary,39
Finland,38
Morocco,38
Malaysia,36
Argentina,35
Bangladesh,31
Colombia,30
Greece,30
United Arab Emirates,29
Ireland,28
Norway,28
Chile,25
Sri Lanka,24
Nigeria,24
Tunisia,24
Kenya,21
New Zealand,20
Bulgaria,19
Belarus,19
Nepal,19
Peru,19
Ethiopia,18
Croatia,17
Serbia,16
Ghana,15
Estonia,14
Armenia,12
Jordan,12
Cambodia,12
Slovenia,12
Slovakia,12
Libya,11
Uzbekistan,11
Costa Rica,9
Iraq,9
Uganda,9
Cuba,8
Dominican Republic,8
Kazakhstan,8
Lithuania,8
Latvia,8
Oman,8
Luxembourg,6
Myanmar,6
Mongolia,6
Tanzania,6
Venezuela,6
Yemen,6
Guatemala,5
Macao,5
Mozambique,5
Azerbaijan,4
Bolivia,4
Cyprus,4
Ecuador,4
Kuwait,4
Moldova,4
Botswana,3
Côte d'Ivoire,3
Georgia,3
Qatar,3
Réunion,3
Sudan,3
Somalia,3
Uruguay,3
Afghanistan,2
Albania,2
Angola,2
Burkina Faso,2
"Congo, The Democratic Republic of the",2
Cameroon,2
Gabon,2
Guinea,2
Guadeloupe,2
Laos,2
Montenegro,2
Madagascar,2
Malta,2
Mauritius,2
Papua New Guinea,2
Puerto Rico,2
Paraguay,2
Rwanda,2
Senegal,2
Syria,2
Tajikistan,2
Trinidad and Tobago,2
Kosovo,2
Bahrain,1
Congo,1
Fiji,1
Honduras,1
Iceland,1
Jersey,1
Kyrgyzstan,1
Liechtenstein,1
Lesotho,1
Mali,1
Maldives,1
Malawi,1
Niger,1
Panama,1
Seychelles,1
South Sudan,1
Timor-Leste,1
Zambia,1
