name,unique_exits,total_exits,exit_rate
/en/latest/tutorials/installing-packages/,3654,3732,
/en/latest/guides/tool-recommendations/,677,683,
/en/latest/tutorials/packaging-projects/,639,662,
/en/latest/guides/writing-pyproject-toml/,606,628,
/en/latest/guides/installing-using-pip-and-virtual-environments/,534,550,
/en/latest/,271,275,
/en/latest/specifications/binary-distribution-format/,180,182,
/en/latest/key_projects/,172,180,
/en/latest/glossary/,170,170,
/en/latest/overview/,88,91,
/en/latest/guides/distributing-packages-using-setuptools/,81,83,
/en/latest/guides/installing-using-linux-tools/,73,73,
/en/latest/specifications/dependency-specifiers/,63,68,
/en/latest/discussions/src-layout-vs-flat-layout/,56,58,
/en/latest/guides/section-install/,55,55,
/en/latest/tutorials/managing-dependencies/,46,48,
/en/latest/specifications/version-specifiers/,45,46,
/en/latest/specifications/entry-points/,41,42,
/en/latest/specifications/pyproject-toml/,41,44,
/en/latest/guides/packaging-namespace-packages/,40,40,
/en/latest/guides/,37,37,
/en/latest/guides/creating-command-line-tools/,36,40,
/en/latest/flow/,29,32,
/en/latest/guides/installing-stand-alone-command-line-tools/,29,30,
/en/latest/tutorials/,28,28,
/en/latest/specifications/inline-script-metadata/,27,27,
/en/latest/guides/installing-scientific-packages/,24,24,
/en/latest/guides/hosting-your-own-index/,22,22,
/en/latest/guides/packaging-binary-extensions/,20,20,
/en/latest/specifications/core-metadata/,20,20,
/en/latest/specifications/,18,19,
/en/latest/guides/section-build-and-publish/,17,17,
/en/latest/search/,17,17,
/en/latest/guides/analyzing-pypi-package-downloads/,16,16,
/en/latest/guides/creating-and-discovering-plugins/,16,16,
/en/latest/guides/publishing-package-distribution-releases-using-github-actions-ci-cd-workflows/,14,14,
/en/latest/discussions/versioning/,13,13,
/en/latest/specifications/pypirc/,13,13,
/en/latest/discussions/deploying-python-applications/,12,11,
/en/latest/discussions/pip-vs-easy-install/,11,11,
/en/latest/discussions/setup-py-deprecated/,11,11,
/en/latest/guides/installing-using-virtualenv/,11,11,
/en/latest/guides/migrating-to-pypi-org/,11,11,
/en/latest/specifications/dependency-groups/,11,11,
/en/latest/guides/modernize-setup-py-project/,10,10,
/en/latest/guides/using-testpypi/,10,10,
/en/latest/discussions/package-formats/,9,10,
/en/latest/guides/licensing-examples-and-user-scenarios/,9,9,
/en/latest/news/,8,8,
/en/latest/discussions/distribution-package-vs-import-package/,7,7,
/en/latest/discussions/single-source-version/,7,7,
/en/latest/specifications/recording-installed-packages/,7,7,
/en/latest/guides/index-mirrors-and-caches/,6,6,
/en/latest/guides/making-a-pypi-friendly-readme/,6,6,
/en/latest/specifications/externally-managed-environments/,6,7,
/en/latest/specifications/section-distribution-metadata/,6,6,
/en/latest/specifications/simple-repository-api/,6,6,
/en/latest/specifications/source-distribution-format/,6,7,
/en/latest/discussions/install-requires-vs-requirements/,5,5,
/en/latest/specifications/glob-patterns/,5,5,
/en/latest/specifications/pylock-toml/,5,5,
/en/latest/discussions/,4,4,
/en/latest/guides/using-manifest-in/,4,4,
/en/latest/specifications/well-known-project-urls/,4,4,
/en/latest/specifications/name-normalization/,3,3,
/en/latest/specifications/section-installation-metadata/,3,3,
/ja/latest/tutorials/installing-packages/,3,3,
/pt-br/latest/tutorials/installing-packages/,3,3,
/en/latest/contribute/,2,2,
/en/latest/discussions/downstream-packaging/,2,2,
/en/latest/specifications/direct-url/,2,2,
/en/latest/specifications/license-expression/,2,2,
/en/latest/guides/dropping-older-python-versions/,1,1,
/en/latest/guides/section-hosting/,1,1,
/en/latest/specifications/build-details/v1.0/,1,1,
/en/latest/specifications/platform-compatibility-tags/,1,1,
/en/latest/specifications/section-distribution-formats/,1,1,
/en/latest/specifications/section-package-indices/,1,1,
/en/latest/specifications/section-python-description-formats/,1,1,
/en/latest/specifications/virtual-environments/,1,1,
/en/latest/support/,1,1,
/ja/latest/guides/analyzing-pypi-package-downloads/,1,1,
/ja/latest/guides/installing-using-linux-tools/,1,1,
/ja/latest/guides/writing-pyproject-toml/,1,1,
/ja/latest/specifications/direct-url/,1,1,
/pt-br/latest/discussions/package-formats/,1,1,
/pt-br/latest/glossary/,1,1,
/pt-br/latest/guides/,1,1,
