name,version,visitors
Windows,10,3727
Mac,10.15,753
Android,15,215
Android,10,152
GNU/Linux,(not set),109
Windows,7,82
iOS,18.7,53
Android,14,50
Android,13,49
iOS,18.6,46
Android,12,45
Android,16,39
HarmonyOS,(not set),26
Android,11,23
(not set),(not set),19
Android,9,19
iOS,26.0,15
Windows,Server 2003,13
Ubuntu,(not set),10
iOS,18.5,10
HarmonyOS,2.2,6
Windows,8.1,6
iOS,17.6,5
iOS,18.3,5
HarmonyOS,3.0,5
Android,8.1,5
iOS,16.6,4
Mac,10.13,3
Mac,10.14,3
iOS,13.6,3
iOS,16.1,3
iOS,18.1,3
iOS,18.4,3
iOS,4.3,3
iOS,15.2,2
iOS,16.0,2
iOS,16.3,2
iPadOS,16.6,2
iOS,16.7,2
iOS,17.4,2
iOS,17.5,2
Android,4.4,2
Android,6.0,2
UOS,(not set),1
Android,12.0,1
iOS,12.4,1
iOS,12.5,1
Android,14.0,1
iOS,14.4,1
Chrome OS,14541.0,1
Android,15.0,1
iOS,15.4,1
iPadOS,15.8,1
iOS,18.2,1
Android,5.0,1
Android,8.0,1
Windows,NT,1
Windows,XP,1
