name,visitors
Chrome,59690
Microsoft Edge,10957
Safari,8605
Firefox,8585
Opera,2627
Yandex Browser,2039
Mobile App,1658
Samsung Browser,357
Sogou Explorer,249
360 Secure Browser,242
Quark,121
vivo Browser,106
(not set),102
QQ Browser,101
Smart Lenovo Browser,93
UC Browser,85
MIUI Browser,83
Brave,81
Huawei Browser Mobile,74
Avast Secure Browser,31
Ecosia,27
QtWebEngine,25
Whale Browser,22
Opera Touch,15
SberBrowser,15
Chromium,13
Opera GX,12
AVG Secure Browser,11
Kindle Browser,9
Mobile Silk,9
Norton Private Browser,9
Android Browser,7
JioSphere,7
Phoenix Browser,7
CCleaner,6
Huawei Browser,6
Iron,4
Notion,4
SeaMonkey,4
Avira Secure Browser,3
DuckDuckGo Privacy Browser,3
115 Browser,2
Aloha Browser,2
Falkon,2
Meizu Browser,2
Qwant Mobile,2
Atom,1
Coc Coc,1
Hi Browser,1
Maxthon,1
Oculus Browser,1
Openwave Mobile Browser,1
Sleipnir,1
