name,unique_entrances,total_entrances,visit_duration
/3/,10054,10497,149
/3/library/functions.html,3993,4232,131
/3/library/stdtypes.html,3530,3757,139
/3/tutorial/index.html,3395,3568,166
/3/library/venv.html,2239,2300,42
/3/tutorial/datastructures.html,2184,2281,108
/3/tutorial/,2061,2246,99
/3/library/index.html,1954,2088,170
/3/library/idle.html,1938,1972,49
/3/search.html,1837,1956,190
/3/library/datetime.html,1806,1875,86
/3/library/turtle.html,1534,1639,87
/3/library/random.html,1463,1517,85
/3/library/math.html,1379,1424,67
/3/tutorial/controlflow.html,1367,1435,134
/3/using/windows.html,1348,1375,67
/3/library/tkinter.html,1314,1347,82
/3/library/re.html,1142,1207,86
/3/library/collections.html,921,951,72
/3/tutorial/classes.html,914,964,133
/3/tutorial/inputoutput.html,907,930,124
/3/library/csv.html,904,941,96
/3/library/typing.html,894,922,95
/3/tutorial/errors.html,875,900,108
/3/library/pathlib.html,872,895,96
/3/tutorial/introduction.html,818,876,165
/3/library/string.html,749,772,120
/3/library/argparse.html,744,773,157
/3/library/exceptions.html,697,725,101
/3/whatsnew/3.14.html,686,696,128
/3/library/itertools.html,683,718,103
/3/library/os.html,681,714,117
/3/library/dataclasses.html,647,669,80
/3/library/sqlite3.html,641,682,92
/3/library/heapq.html,636,651,82
/3/library/logging.html,596,618,138
/3/reference/datamodel.html,563,587,140
/3/tutorial/modules.html,563,587,163
/3/howto/sorting.html,547,558,73
/3/tutorial/interpreter.html,535,566,151
/3/library/time.html,532,553,74
/3/tutorial/venv.html,506,517,64
/3/library/subprocess.html,497,513,103
/3/library/socket.html,491,513,167
/3/library/json.html,486,507,108
/3/glossary.html,478,495,192
/3/library/asyncio.html,447,459,216
/3/library/threading.html,446,463,113
/3/library/multiprocessing.html,430,445,134
/3/py-modindex.html,424,443,145
/3/tutorial/appetite.html,414,438,259
/3/library/asyncio-task.html,409,424,153
/3/library/unittest.html,397,404,78
/3/reference/index.html,395,404,279
/3/installing/index.html,389,391,66
/3/library/enum.html,382,389,80
/3/library/functools.html,372,385,68
/3/reference/lexical_analysis.html,349,369,121
/es/3/tutorial/,346,366,124
/zh-cn/3/,345,358,156
/3/reference/expressions.html,344,364,126
/3/library/os.path.html,338,343,121
/3/library/,336,348,174
/3/library/sys.html,332,339,168
/3/library/pickle.html,303,311,79
/dev/using/windows.html,298,300,574
/zh-cn/3/tutorial/index.html,291,301,254
/3/using/mac.html,276,282,96
/fr/3/tutorial/,269,280,175
/3/library/concurrent.futures.html,258,270,87
/3/contents.html,257,264,163
/3/license.html,249,253,59
/3/index.html,248,259,233
/3/download.html,238,242,141
/ja/3/library/codecs.html,237,239,13
/3/howto/logging.html,230,233,131
/3/library/copy.html,227,228,51
/3/tutorial/floatingpoint.html,226,233,29
/3/reference/compound_stmts.html,221,238,144
/3/library/io.html,220,229,191
/3/library/decimal.html,216,220,87
/3/reference/import.html,216,222,162
/3/library/struct.html,215,231,55
/3/library/hashlib.html,211,216,125
/3/library/bisect.html,210,220,81
/3/howto/regex.html,209,222,125
/3/library/http.server.html,206,213,116
/3/library/array.html,205,210,99
/3/library/xml.etree.elementtree.html,204,207,58
/3/library/operator.html,198,202,110
/3/library/abc.html,189,190,101
/3/library/shutil.html,184,188,146
/3/library/unittest.mock.html,180,184,69
/ja/3/tutorial/,178,193,168
/3/reference/simple_stmts.html,175,183,139
/3/library/ast.html,173,181,49
/3/using/cmdline.html,171,171,110
/3/library/queue.html,166,177,138
/3/library/contextlib.html,164,171,105
/3/library/pdb.html,164,164,60
/3/library/asyncio-eventloop.html,160,164,112
/3/faq/,157,157,75
/3/using/android.html,155,157,54
/3/library/tkinter.ttk.html,153,162,80
/3/library/pprint.html,152,156,97
/3/library/statistics.html,149,158,74
/3/library/tempfile.html,146,151,93
/3/library/uuid.html,145,150,44
/3/using/index.html,142,143,158
/3/library/urllib.parse.html,141,145,88
/3/library/__main__.html,140,141,139
/3/howto/unicode.html,138,139,75
/ja/3/library/index.html,138,142,126
/3/library/ensurepip.html,137,140,48
/3/library/ctypes.html,136,141,53
/zh-cn/3/library/index.html,130,133,178
/3/library/codecs.html,126,130,33
/3/library/ipaddress.html,123,124,196
/3/library/glob.html,121,123,82
/3/howto/argparse.html,119,125,69
/3/library/zipfile.html,119,122,128
/3/library/collections.abc.html,118,124,153
/3/library/webbrowser.html,118,140,852
/3/library/configparser.html,113,116,138
/3/library/base64.html,110,112,178
/3/library/intro.html,109,109,180
/3/library/smtplib.html,108,111,35
/3/library/urllib.request.html,108,110,126
/3/library/logging.handlers.html,107,110,106
/3/library/http.client.html,105,108,84
/3/library/profile.html,104,106,74
/zh-cn/3/using/index.html,103,103,84
/3/howto/curses.html,100,105,116
/ja/3/,100,110,285
/3/library/curses.html,99,104,52
/3/howto/a-conceptual-overview-of-asyncio.html,97,107,154
/3/library/importlib.html,96,97,190
/3/library/timeit.html,93,95,44
/3/extending/extending.html,92,99,70
/3/library/constants.html,91,91,108
/pt-br/3/,89,98,240
/3/howto/sockets.html,87,91,135
/3/library/calendar.html,87,91,81
/pt-br/3/tutorial/index.html,87,93,136
/zh-cn/3/library/random.html,86,86,10
/ja/3/c-api/import.html,85,85,13
/3/library/difflib.html,84,85,49
/3/library/secrets.html,83,85,21
/3/library/tk.html,83,86,157
/zh-cn/3/library/turtle.html,82,83,117
/3/library/types.html,81,85,143
/zh-cn/3/tutorial/,81,84,292
/3/howto/functional.html,80,81,46
/3/library/filesys.html,79,81,165
/3/reference/executionmodel.html,79,87,180
/zh-cn/3/library/functions.html,79,82,124
/3/howto/index.html,78,80,211
/3/library/ssl.html,78,85,99
/es/3/tutorial/index.html,78,82,281
/3/library/zipimport.html,77,78,69
/3/library/datatypes.html,76,78,168
/3/library/signal.html,76,78,59
/3/whatsnew/3.13.html,76,76,64
/3/c-api/index.html,75,77,159
/3/howto/logging-cookbook.html,74,75,72
/zh-cn/3/using/mac.html,74,76,70
/3/faq/general.html,73,74,140
/3/howto/descriptor.html,72,76,44
/3/library/traceback.html,72,75,119
/3/library/inspect.html,71,73,125
/3/library/doctest.html,69,71,28
/3/library/warnings.html,69,70,72
/3/library/textwrap.html,68,71,129
/3/reference/introduction.html,68,70,121
/3/library/http.html,67,68,50
/3/library/zoneinfo.html,67,68,84
/3.14/,66,66,551
/zh-cn/3/library/,65,65,57
/3/library/urllib.html,64,65,170
/3/howto/free-threading-python.html,63,63,103
/3/library/fractions.html,63,65,81
/3/faq/windows.html,62,63,119
/zh-cn/3/library/idle.html,62,62,59
/zh-cn/3/tutorial/interpreter.html,62,62,391
/3/howto/enum.html,61,64,53
/3/library/tomllib.html,61,65,51
/3/library/zlib.html,61,62,144
/3/tutorial/stdlib.html,61,64,281
/3/using/ios.html,61,62,30
/zh-cn/3/using/,60,60,12
/3/library/asyncio-queue.html,59,63,177
/3/whatsnew/3.12.html,59,61,54
/es/3/library/tkinter.html,59,61,184
/3/library/gc.html,58,58,127
/zh-cn/3/tutorial/controlflow.html,58,59,91
/3/extending/embedding.html,57,60,110
/3/library/asyncio-stream.html,57,65,159
/zh-cn/3/library/tkinter.html,57,57,89
/3/library/email.examples.html,56,57,4
/3/using/configure.html,56,58,188
/fr/3/tutorial/datastructures.html,56,66,124
/zh-cn/3/library/venv.html,56,58,71
/3/library/tkinter.messagebox.html,55,58,118
/3/whatsnew/index.html,55,55,57
/ko/3/,55,63,121
/3/library/tarfile.html,54,57,139
/3/whatsnew/3.8.html,54,59,26
/zh-cn/3/library/stdtypes.html,54,58,110
/3/library/dialog.html,53,55,74
/3/library/logging.config.html,53,53,108
/ja/3/library/stdtypes.html,53,58,114
/es/3/tutorial/appetite.html,52,53,166
/3/faq/programming.html,51,52,459
/3/library/html.parser.html,51,52,129
/3/library/__future__.html,50,51,28
/3/library/asyncio-sync.html,50,56,71
/3/library/cmath.html,50,51,112
/3/library/imaplib.html,50,52,66
/es/3/tutorial/introduction.html,50,53,40
/3/library/distutils.html,49,49,11
/zh-tw/3/tutorial/index.html,49,50,121
/3/library/dis.html,48,49,182
/3/library/sched.html,48,48,79
/3/library/socketserver.html,48,49,377
/es/3/library/index.html,48,49,144
/3/library/contextvars.html,47,47,28
/ja/3/library/functions.html,47,49,137
/fr/3/library/tkinter.html,46,46,68
/zh-cn/3/tutorial/inputoutput.html,46,46,110
/es/3/,45,46,404
/zh-cn/3/library/re.html,45,46,194
/3/c-api/memory.html,44,46,138
/3/library/site.html,44,45,161
/3/reference/,44,45,89
/3/reference/grammar.html,43,45,207
/3/using/unix.html,43,45,11
/3/whatsnew/3.11.html,43,43,6922
/fr/3/tutorial/classes.html,43,43,83
/3/library/getpass.html,42,42,65
/uk/3/tutorial/index.html,42,45,73
/3/library/wave.html,41,43,100
/3/using/editors.html,41,41,92
/fr/3/,41,42,131
/ja/3/tutorial/controlflow.html,41,43,189
/zh-cn/3/reference/index.html,41,42,136
/3/library/select.html,40,40,133
/es/3/tutorial/datastructures.html,40,44,164
/ko/3/tutorial/index.html,40,41,58
/zh-cn/3/library/math.html,40,42,238
/3/bugs.html,39,39,27
/3/genindex.html,39,39,362
/3/library/binascii.html,39,41,93
/3/library/importlib.metadata.html,39,40,1
/3/library/mmap.html,39,41,88
/3/library/pydoc.html,39,40,63
/zh-cn/3/library/tkinter.ttk.html,39,40,39
/3/library/unicodedata.html,38,39,146
/ja/3/library/re.html,38,40,77
/3.15/,37,37,274
/3/library/fnmatch.html,37,38,51
/es/3/tutorial/interpreter.html,37,37,130
/zh-cn/3/contents.html,37,37,142
/zh-cn/3/tutorial/appetite.html,37,37,231
/3/library/builtins.html,36,36,191
/3/library/fileinput.html,36,36,110
/3/library/winsound.html,36,36,60
/fr/3/library/turtle.html,36,39,75
/ja/3/reference/introduction.html,36,36,9
/3/library/asyncio-future.html,35,36,111
/3/tutorial/stdlib2.html,35,36,214
/pl/3/tutorial/index.html,35,41,78
/pt-br/3/library/index.html,35,36,110
/3/library/numbers.html,34,36,495
/zh-cn/3/tutorial/introduction.html,34,36,838
/3/library/asyncio-runner.html,33,35,242
/3/library/compression.zstd.html,33,34,21
/3/library/gettext.html,33,33,76
/3/library/graphlib.html,33,33,263
/3/tutorial/appendix.html,33,35,108
/3/genindex-Symbols.html,32,34,185
/3/library/asyncio-subprocess.html,32,33,89
/3/library/mimetypes.html,32,33,94
/3/library/stat.html,32,32,109
/fr/3/library/idle.html,32,32,7
/fr/3/tutorial/controlflow.html,32,32,229
/ja/3/library/tkinter.html,32,32,48
/pt-br/3/library/math.html,32,32,59
/3/library/bz2.html,31,31,103
/3/library/email.html,31,32,40
/es/3/tutorial/controlflow.html,31,35,199
/fr/3/tutorial/interpreter.html,31,31,168
/uk/3/library/idle.html,31,31,73
/zh-cn/3/reference/,31,31,7
/3/extending/index.html,30,30,354
/3/library/shelve.html,30,30,27
/3/library/trace.html,30,30,56
/es/3/tutorial/venv.html,30,30,14
/ja/3/library/math.html,30,31,40
/pt-br/3/library/stdtypes.html,30,32,47
/zh-cn/3/index.html,30,30,168
