name,visitors,pageviews,bounce_rate,time_on_page,scroll_depth
/3/,11597,14484,57,20,74
/3/library/functions.html,5550,6326,79,120,45
/3/library/stdtypes.html,5393,6154,77,104,38
/3/tutorial/index.html,5339,6867,62,42,58
/3/search.html,3818,5872,50,70,48
/3/library/index.html,3235,4187,62,38,41
/3/tutorial/datastructures.html,2994,3192,79,102,44
/3/library/venv.html,2395,2578,90,39,32
/3/tutorial/controlflow.html,2360,2491,79,423,40
/3/tutorial/,2334,3016,72,40,49
/3/library/datetime.html,2104,2370,83,74,41
/3/library/idle.html,2103,2346,79,22,33
/3/tutorial/introduction.html,1856,1900,76,162,60
/3/library/random.html,1805,1907,85,64,32
/3/library/turtle.html,1687,2058,84,87,30
/3/library/math.html,1661,1756,87,45,36
/3/using/windows.html,1640,1659,80,36,16
/3/tutorial/interpreter.html,1583,1660,70,110,76
/3/library/tkinter.html,1557,1733,76,48,30
/3/library/re.html,1371,1463,87,103,37
/3/tutorial/classes.html,1333,1412,81,126,47
/3/whatsnew/3.14.html,1299,1298,66,51,30
/3/tutorial/inputoutput.html,1295,1354,79,88,47
/3/tutorial/appetite.html,1255,1110,50,67,86
/3/glossary.html,1238,1251,67,52,47
/3/library/collections.html,1214,1220,86,106,42
/3/library/string.html,1159,1182,77,51,42
/3/tutorial/errors.html,1152,1197,79,68,35
/3/library/pathlib.html,1132,1190,83,68,40
/3/library/typing.html,1103,1162,80,46,24
/3/library/csv.html,1054,1165,85,110,42
/3/library/exceptions.html,1027,1059,82,40,45
/3/reference/datamodel.html,1015,1105,73,217,47
/3/library/os.html,1006,1050,77,57,33
/3/reference/index.html,990,1223,47,62,68
/3/library/argparse.html,885,941,82,72,31
/3/tutorial/modules.html,865,876,76,113,50
/3/library/itertools.html,847,922,82,351,31
/3/py-modindex.html,776,882,67,33,50
/3/library/dataclasses.html,752,779,84,49,31
/3/library/sqlite3.html,742,858,82,68,29
/3/library/logging.html,734,817,79,61,36
/3/installing/index.html,720,658,73,33,60
/3/library/time.html,711,756,82,57,40
/3/library/heapq.html,701,752,86,49,46
/3/howto/sorting.html,685,709,80,50,38
/3/reference/lexical_analysis.html,683,689,80,94,49
/3/contents.html,663,680,60,28,12
/3/tutorial/venv.html,646,674,86,56,55
/3/library/subprocess.html,629,667,83,59,31
/3/library/json.html,611,638,85,64,33
/3/library/socket.html,597,666,75,75,44
/3/library/asyncio.html,588,707,68,29,70
/3/library/threading.html,587,623,78,75,33
/3/reference/compound_stmts.html,584,609,76,76,36
/3/index.html,578,678,49,18,77
/3/reference/expressions.html,566,589,79,73,61
/3/download.html,552,491,47,28,94
/3/library/asyncio-task.html,549,596,81,100,40
/3/library/sys.html,541,550,78,37,35
/3/library/multiprocessing.html,538,587,79,177,26
/3/library/os.path.html,501,505,75,52,49
/3/library/functools.html,487,514,85,59,43
/3/library/unittest.html,467,496,87,119,21
/3/library/,450,582,69,47,39
/3/library/enum.html,450,464,85,60,28
/zh-cn/3/tutorial/index.html,429,547,56,70,60
/zh-cn/3/,416,499,58,12,77
/es/3/tutorial/,403,568,59,35,56
/3/library/io.html,370,389,71,55,48
/3/reference/simple_stmts.html,364,360,79,35,50
/3/library/pickle.html,361,382,86,54,28
/3/using/cmdline.html,356,334,82,542,37
/3/using/index.html,351,366,50,22,77
/3/library/concurrent.futures.html,337,367,84,51,44
/3/license.html,334,345,84,30,20
/3/using/mac.html,328,337,74,75,47
/3/reference/import.html,323,349,79,93,33
/3/howto/logging.html,322,319,79,96,36
/fr/3/tutorial/,315,417,59,32,49
/3/library/intro.html,312,291,61,47,71
/3/library/copy.html,309,294,87,36,67
/3/library/array.html,294,293,81,43,64
/3/library/decimal.html,289,282,87,81,20
/3/howto/index.html,288,353,48,39,85
/3/tutorial/floatingpoint.html,286,302,92,82,51
/3/library/hashlib.html,280,290,82,41,30
/3/library/operator.html,272,280,79,57,51
/3/howto/regex.html,267,275,86,77,35
/3/library/shutil.html,267,272,77,50,38
/3/library/struct.html,255,270,89,56,43
/3/library/asyncio-eventloop.html,254,271,77,57,38
/3/library/xml.etree.elementtree.html,249,257,85,83,31
/3/library/bisect.html,246,265,88,48,47
/3/library/http.server.html,241,260,81,59,44
/ja/3/library/codecs.html,241,266,91,3,6
/3/library/abc.html,237,239,76,33,46
/3/library/ast.html,229,238,86,53,33
/3/library/constants.html,229,201,73,36,74
/3/tutorial/stdlib.html,222,218,62,52,58
