name,version,visitors
Windows,10,13048
Mac,10.15,2232
GNU/Linux,(not set),812
Android,10,610
iOS,18.6,207
Ubuntu,(not set),184
Android,15,173
Windows,7,100
iOS,18.7,88
Chrome OS,14541.0,73
Android,14,53
Android,13,46
iOS,26.0,44
Android,12,43
iOS,18.5,28
Android,11,25
HarmonyOS,3.0,21
HarmonyOS,(not set),17
iOS,18.3,15
Android,16,14
Windows,8.1,13
(not set),(not set),10
HarmonyOS,2.2,8
Android,9,8
iOS,15.8,7
iOS,17.6,7
iOS,18.4,7
Windows,(not set),6
Mac,10.14,6
iOS,18.1,6
iOS,18.2,6
Windows,8,5
Android,8.1,4
iOS,15.4,3
iOS,15.6,3
iOS,16.0,3
iOS,17.0,3
iOS,26.1,3
iOS,11.0,2
iOS,16.3,2
iOS,16.7,2
iOS,17.4,2
iOS,17.5,2
KaiOS,3.1,2
iOS,4.3,2
Android,5.1,2
Mac,10.13,1
iOS,11.2,1
Mac,11.4,1
Mac,12.1,1
iOS,12.5,1
iOS,13.6,1
iOS,14.0,1
iOS,14.4,1
iOS,14.6,1
iOS,15.0,1
iOS,16.2,1
iPadOS,16.3,1
iOS,16.6,1
iOS,17.1,1
iOS,17.2,1
iPadOS,17.5,1
iPadOS,17.6,1
iOS,18.0,1
HarmonyOS,2.1,1
Android,6.0,1
Android,8.0,1
Windows,Vista,1
