name,visitors,bounce_rate,visit_duration
Google,652,82,125
Direct / None,441,74,193
Baidu,32,78,75
Bing,23,44,195
python.org,15,0,125
steam.oxxostudio.tw,11,50,40
Yahoo!,4,50,338
chatgpt.com,3,67,0
Yandex,2,0,72
claude.ai,2,50,14
127.0.0.1,1,100,0
Ecosia,1,0,1619
Perplexity,1,0,700
Youtube,1,0,663
android-app://jp.naver.line.android,1,100,0
cs50.harvard.edu,1,0,0
doubao.com,1,0,2576
finlab.tw,1,100,0
ipython.readthedocs.io,1,0,647
ithelp.ithome.com.tw,1,0,454
lccnet.com.tw,1,100,0
link.zhihu.com,1,0,12
