name,unique_entrances,total_entrances,visit_duration
/en/latest/tutorials/installing-packages/,7834,8025,60
/en/latest/guides/writing-pyproject-toml/,1682,1776,110
/en/latest/guides/installing-using-pip-and-virtual-environments/,1599,1639,52
/en/latest/tutorials/packaging-projects/,1455,1505,107
/en/latest/guides/tool-recommendations/,983,996,49
/en/latest/,544,550,110
/en/latest/glossary/,240,245,119
/en/latest/guides/distributing-packages-using-setuptools/,240,246,164
/en/latest/key_projects/,211,214,140
/en/latest/discussions/src-layout-vs-flat-layout/,172,179,50
/en/latest/specifications/pyproject-toml/,149,150,158
/en/latest/overview/,147,150,136
/en/latest/specifications/dependency-specifiers/,134,137,68
/en/latest/guides/installing-using-linux-tools/,111,114,55
/en/latest/guides/hosting-your-own-index/,110,112,88
/en/latest/specifications/version-specifiers/,104,107,50
/en/latest/tutorials/managing-dependencies/,94,95,139
/en/latest/guides/packaging-namespace-packages/,86,90,119
/en/latest/discussions/versioning/,84,85,52
/en/latest/specifications/entry-points/,75,77,76
/en/latest/guides/creating-command-line-tools/,68,69,128
/en/latest/guides/section-install/,66,66,148
/en/latest/specifications/core-metadata/,65,68,112
/en/latest/specifications/inline-script-metadata/,57,58,131
/en/latest/specifications/pypirc/,55,56,56
/en/latest/flow/,54,57,247
/en/latest/guides/,53,54,296
/en/latest/guides/modernize-setup-py-project/,50,56,320
/en/latest/tutorials/,45,45,130
/en/latest/guides/creating-and-discovering-plugins/,44,47,83
/en/latest/guides/publishing-package-distribution-releases-using-github-actions-ci-cd-workflows/,44,44,135
/en/latest/search/,43,44,53
/en/latest/guides/section-build-and-publish/,40,40,306
/en/latest/specifications/platform-compatibility-tags/,39,40,44
/en/latest/guides/using-testpypi/,38,38,116
/en/latest/guides/using-manifest-in/,37,37,33
/en/latest/specifications/dependency-groups/,37,37,128
/en/latest/discussions/setup-py-deprecated/,36,37,180
/en/latest/guides/installing-stand-alone-command-line-tools/,34,35,126
/en/latest/guides/installing-using-virtualenv/,33,33,65
/en/latest/specifications/binary-distribution-format/,33,34,16
/en/latest/discussions/package-formats/,32,33,121
/en/latest/discussions/install-requires-vs-requirements/,30,30,40
/en/latest/guides/analyzing-pypi-package-downloads/,30,30,27
/en/latest/specifications/,29,29,118
/en/latest/guides/making-a-pypi-friendly-readme/,27,27,31
/en/latest/guides/packaging-binary-extensions/,25,26,101
/en/latest/specifications/pylock-toml/,25,27,70
/en/latest/guides/index-mirrors-and-caches/,24,24,75
/en/latest/guides/installing-scientific-packages/,24,24,220
/en/latest/guides/licensing-examples-and-user-scenarios/,23,23,57
/en/latest/specifications/externally-managed-environments/,23,24,6
/en/latest/discussions/deploying-python-applications/,21,21,45
/en/latest/discussions/pip-vs-easy-install/,21,21,24
/en/latest/discussions/single-source-version/,20,20,54
/en/latest/specifications/name-normalization/,14,14,132
/en/latest/discussions/distribution-package-vs-import-package/,12,12,62
/en/latest/specifications/simple-repository-api/,12,12,210
/en/latest/specifications/glob-patterns/,8,8,0
/en/latest/specifications/license-expression/,8,8,46
/en/latest/specifications/recording-installed-packages/,7,7,11
/en/latest/specifications/well-known-project-urls/,7,8,170
/en/latest/discussions/,6,6,91
/en/latest/guides/dropping-older-python-versions/,6,6,257
/en/latest/guides/single-sourcing-package-version/,5,5,0
/en/latest/specifications/virtual-environments/,5,5,0
/en/latest/guides/migrating-to-pypi-org/,4,4,0
/en/latest/guides/supporting-multiple-python-versions/,4,4,8
/en/latest/specifications/source-distribution-format/,4,4,19
/pt-br/latest/tutorials/installing-packages/,4,4,67
/en/latest/contribute/,3,3,335
/en/latest/guides/section-hosting/,3,3,398
/en/latest/news/,3,3,0
/en/latest/specifications/section-distribution-metadata/,3,3,195
/en/latest/support/,3,3,1
/ja/latest/guides/writing-pyproject-toml/,3,3,330
/ja/latest/tutorials/installing-packages/,3,3,0
/pt-br/latest/guides/installing-using-pip-and-virtual-environments/,3,3,409
/en/latest/specifications/section-installation-metadata/,2,2,0
/en/latest/specifications/section-package-indices/,2,2,394
/ja/latest/discussions/src-layout-vs-flat-layout/,2,2,54
/ja/latest/specifications/dependency-specifiers/,2,2,177
/en/latest/discussions/downstream-packaging/,1,1,0
/en/latest/specifications/build-details/v1.0/,1,1,35
/en/latest/specifications/section-distribution-formats/,1,1,1
/en/latest/specifications/section-reproducible-environments/,1,1,0
/en/latest/tutorials/creating-documentation/,1,1,0
/ja/latest/,1,1,181
/ja/latest/discussions/install-requires-vs-requirements/,1,1,10
/ja/latest/discussions/setup-py-deprecated/,1,1,718
/ja/latest/discussions/versioning/,1,1,751
/ja/latest/guides/installing-using-linux-tools/,1,1,78
/ja/latest/guides/installing-using-pip-and-virtual-environments/,1,1,153
/ja/latest/specifications/binary-distribution-format/,1,1,1700
/ja/latest/specifications/entry-points/,1,1,8
/ja/latest/specifications/externally-managed-environments/,1,1,15
/ja/latest/specifications/pyproject-toml/,1,1,156
/ja/latest/tutorials/packaging-projects/,1,1,232
/tutorials/installing-packages/,1,1,154
