name,version,visitors
Chrome,144.0,3032
Microsoft Edge,145.0,1588
Chrome,145.0,1356
Microsoft Edge,144.0,1062
Firefox,147.0,584
Chrome,132.0,397
Opera,126.0,223
Opera,127.0,212
Safari,26.2,153
Yandex Browser,25.12,145
Chrome,143.0,124
Microsoft Edge,143.0,83
Chrome,139.0,73
Safari,26.3,72
Firefox,140.0,61
Mobile App,(not set),53
Safari,18.6,52
Chrome,142.0,45
Chrome,109.0,43
Chrome,131.0,43
Microsoft Edge,142.0,43
Chrome,116.0,39
Chrome,111.0,35
360 Secure Browser,(not set),31
Chrome,140.0,30
Chrome,133.0,28
Chrome,122.0,24
Chrome,138.0,22
Chrome,69.0,22
Microsoft Edge,140.0,21
Chrome,117.0,20
Firefox,146.0,19
Chrome,103.0,18
Chrome,106.0,18
Chrome,120.0,18
Chrome,112.0,17
Chrome,135.0,15
Microsoft Edge,92.0,15
Quark,(not set),14
Safari,18.5,14
Sogou Explorer,2,14
Chrome,108.0,13
Chrome,124.0,13
Safari,17.6,13
Smart Lenovo Browser,9.0,13
Chrome,105.0,12
Chrome,107.0,12
Chrome,141.0,12
Microsoft Edge,141.0,11
AVG Secure Browser,144.0,11
Chrome,146.0,11
Safari,18.7,11
Safari,26.0,11
Chrome,104.0,10
Chrome,110.0,10
Safari,16.6,10
Firefox,5.0,10
Chrome,128.0,9
Avast Secure Browser,144.0,9
Firefox,102.0,8
Chrome,136.0,8
Microsoft Edge,139.0,8
Safari,17.5,8
Microsoft Edge,18.17763,8
Huawei Browser,12.1,7
Chrome,137.0,7
Firefox,142.0,7
Firefox,145.0,7
Firefox,148.0,7
Huawei Browser Mobile,17.0,7
Safari,26.1,7
Safari,(not set),6
Chrome,101.0,6
Chrome,130.0,6
Microsoft Edge,134.0,6
Firefox,143.0,6
Safari,15.6,6
Microsoft Edge,18.18362,6
Safari,18.3,6
(not set),(not set),5
Microsoft Edge,122.0,5
Chrome,125.0,5
Microsoft Edge,131.0,5
Microsoft Edge,133.0,5
Chrome,134.0,5
Norton Private Browser,144.0,5
Chrome,114.0,4
Microsoft Edge,120.0,4
Chrome,121.0,4
Opera,122.0,4
Microsoft Edge,126.0,4
Microsoft Edge,136.0,4
Huawei Browser Mobile,16.0,4
Safari,16.3,4
Safari,17.4,4
Safari,18.0,4
QQ Browser,20.1,4
Brave,(not set),3
Chrome,102.0,3
Chrome,126.0,3
Microsoft Edge,127.0,3
Microsoft Edge,135.0,3
Microsoft Edge,137.0,3
Microsoft Edge,138.0,3
Microsoft Edge,16.16299,3
Safari,16.4,3
Safari,18.4,3
Yandex Browser,24.10,3
Yandex Browser,25.10,3
Yandex Browser,25.8,3
Samsung Browser,29.0,3
QQ Browser,6.2,3
Quark,10.4,2
Quark,10.5,2
Microsoft Edge,100.0,2
Firefox,101.0,2
Opera,103.0,2
Mobile App,104.0,2
Firefox,109.0,2
Ecosia,11.6,2
Microsoft Edge,114.0,2
Mobile App,114.0,2
Firefox,115.0,2
Firefox,116.0,2
Mobile App,116.0,2
Chrome,119.0,2
Microsoft Edge,121.0,2
Chrome,127.0,2
Microsoft Edge,128.0,2
Mobile App,131.0,2
Firefox,132.0,2
Firefox,133.0,2
Firefox,135.0,2
Firefox,137.0,2
Microsoft Edge,14.14393,2
Firefox,141.0,2
Firefox,143,2
Chrome,144,2
Firefox,144.0,2
Microsoft Edge,146.0,2
Chrome,147.0,2
Firefox,147.4,2
Microsoft Edge,15.15063,2
Safari,15.5,2
Safari,16.5,2
Safari,17.0,2
Safari,17.1,2
Microsoft Edge,17.17134,2
Safari,18.1,2
Microsoft Edge,18.18363,2
MIUI Browser,19.0,2
QQ Browser,19.4,2
Hi Browser,2.25,2
vivo Browser,23.5,2
Atom,26.0,2
vivo Browser,28.1,2
Samsung Browser,29.1,2
Pale Moon,34.0,2
Whale Browser,4.35,2
Safari,60.5,2
Aloha Browser,7.11,2
Quark,7.17,2
Chrome,81.0,2
Chrome,86.0,2
Chrome,87.0,2
Chrome,89.0,2
Chrome,90.0,2
Chrome,91.0,2
Opera,95.0,2
Chromium,(not set),1
Safari,10.0,1
Microsoft Edge,103.0,1
Microsoft Edge,107.0,1
Microsoft Edge,112.0,1
Chrome,118.0,1
Safari,12.1,1
Opera,120.0,1
Chrome,123.0,1
Microsoft Edge,125.0,1
Opera,125.0,1
Firefox,128.0,1
Microsoft Edge,129.0,1
QQ Browser,13.0,1
Microsoft Edge,130.0,1
Safari,14.1,1
MIUI Browser,14.10,1
Mobile Silk,142.7,1
CCleaner,143.0,1
Mobile App,144.0,1
Chrome,145,1
Safari,17.14,1
Safari,17.3,1
Microsoft Edge,18.19041,1
UC Browser,18.5,1
MIUI Browser,20.11,1
Yandex Browser,24.1,1
Yandex Browser,25.2,1
Samsung Browser,28.0,1
Firefox,81.0,1
Microsoft Edge,84.0,1
Mobile App,97.0,1
Opera,97.1,1
Chrome,98.0,1
