name,unique_exits,total_exits,exit_rate
/3.14/using/windows.html,1228,1251,
/3.14/tutorial/index.html,1052,1091,
/3.14/,567,585,
/3.14/tutorial/,355,361,
/3/,282,278,
/3.14/whatsnew/3.14.html,272,282,
/3.14/index.html,234,237,
/3.14/tutorial/interpreter.html,174,179,
/dev/using/windows.html,174,173,
/3.14/tutorial/introduction.html,167,175,
/3.14/search.html,144,148,
/3.14/library/functions.html,134,135,
/3.14/tutorial/controlflow.html,133,143,
/3.14/library/stdtypes.html,129,132,
/3.14/tutorial/appetite.html,121,124,
/3.14/library/index.html,109,115,
/3.14/using/mac.html,67,68,
/zh-cn/3.14/tutorial/index.html,67,72,
/3.14/tutorial/datastructures.html,64,67,
/3.14/library/,57,62,
/3.14/installing/index.html,52,55,
/3/tutorial/index.html,49,49,
/zh-cn/3.14/,46,46,
/es/3.14/tutorial/index.html,45,49,
/3.14/library/typing.html,40,42,
/es/3.14/,40,41,
/3.14/download.html,36,36,
/3.14/library/datetime.html,36,37,
/fr/3.14/,35,36,
/3.14/library/math.html,32,33,
/3.14/reference/index.html,32,32,
/es/3.14/library/functions.html,32,35,
/3.15/,31,31,
/3/library/stdtypes.html,31,27,
/3/search.html,31,31,
/3.14/library/idle.html,30,30,
/3.14/library/tkinter.html,30,30,
/3.14/py-modindex.html,30,29,
/3.14/tutorial/modules.html,30,32,
/3/using/windows.html,30,30,
/3.14/glossary.html,29,33,
/3.14/tutorial/classes.html,29,30,
/pt-br/3.14/,29,29,
/zh-cn/3.14/library/index.html,29,30,
/es/3.14/tutorial/introduction.html,25,26,
/3.14/library/random.html,24,25,
/es/3.14/tutorial/interpreter.html,24,24,
/zh-cn/3.14/index.html,24,25,
/zh-cn/3.14/library/idle.html,24,24,
/3.14/library/collections.html,23,29,
/3.14/reference/lexical_analysis.html,23,25,
/3/library/functions.html,23,23,
/3/library/index.html,23,23,
/es/3.14/search.html,23,21,
/3.14/library/re.html,22,22,
/zh-cn/3.14/tutorial/introduction.html,22,22,
/3.14/library/exceptions.html,21,23,
/3.14/tutorial/inputoutput.html,21,23,
/ja/3.14/tutorial/index.html,21,22,
/3.14/reference/datamodel.html,20,21,
/ja/3.14/,20,22,
/3.14/library/os.html,19,18,
/es/3.14/library/index.html,19,18,
/pt-br/3.14/search.html,19,20,
/pt-br/3.14/tutorial/index.html,19,19,
/zh-cn/3.14/tutorial/interpreter.html,19,19,
/3.13/,18,18,
/3.14/reference/compound_stmts.html,18,20,
/3/whatsnew/3.14.html,18,18,
/es/3.14/library/stdtypes.html,18,18,
/fr/3.14/search.html,18,20,
/zh-cn/3.14/library/functions.html,18,19,
/3.14/contents.html,17,18,
/3.14/library/itertools.html,17,17,
/3.14/library/string.html,17,17,
/3.14/reference/expressions.html,17,17,
/3.14/tutorial/venv.html,17,17,
/3/library/idle.html,17,17,
/3/tutorial/controlflow.html,17,17,
/ja/3.14/tutorial/interpreter.html,17,17,
/pt-br/3.14/library/stdtypes.html,17,19,
/zh-cn/3.14/search.html,17,19,
/3.14/library/turtle.html,16,17,
/fr/3.14/tutorial/index.html,16,17,
/zh-cn/3.14/library/stdtypes.html,16,16,
/zh-cn/3.14/tutorial/datastructures.html,16,18,
/zh-cn/3.14/using/android.html,16,16,
/3.14/library/multiprocessing.html,15,17,
/3.14/using/cmdline.html,15,17,
/es/3.14/tutorial/appetite.html,15,16,
/3.14/library/pathlib.html,14,14,
/3.14/using/index.html,14,14,
/3/download.html,14,13,
/3/tutorial/,14,13,
/es/3.14/tutorial/controlflow.html,14,15,
/ja/3.14/library/index.html,14,17,
/pt-br/3.14/library/functions.html,14,14,
/pt-br/3.14/tutorial/controlflow.html,14,15,
/pt-br/3.14/tutorial/introduction.html,14,15,
/zh-cn/3.14/using/index.html,14,14,
