name,visitors,bounce_rate,visit_duration
Google,867,83,111
Direct / None,593,80,189
Baidu,32,89,141
Bing,21,71,384
python.org,15,0,205
steam.oxxostudio.tw,12,92,33
chatgpt.com,7,67,1032
Perplexity,3,33,225
127.0.0.1,2,100,0
Yahoo!,2,50,119
GitHub,1,0,648
Yandex,1,0,190
confluence.garmin.com,1,0,106
cs50.harvard.edu,1,0,117
csulb.instructure.com,1,0,938
fchart.github.io,1,0,83
henyahouse.com,1,100,0
ithelp.ithome.com.tw,1,100,0
jacychu.medium.com,1,0,2705
nb.anaconda.com,1,100,0
realnewbie.com,1,0,105
realpython.com,1,0,0
remarkable-twist-f4b.notion.site,1,100,0
