name,visitors
Spain,1097
Mexico,935
Colombia,845
Argentina,646
Chile,378
Peru,374
Ecuador,140
Venezuela,133
United States,85
Bolivia,81
Uruguay,67
Costa Rica,64
Guatemala,59
Dominican Republic,42
Paraguay,42
El Salvador,34
Germany,30
Nicaragua,30
Cuba,29
Panama,25
China,19
Brazil,17
Honduras,15
Netherlands,12
India,11
Italy,11
Puerto Rico,11
Canada,8
France,8
United Kingdom,8
Russian Federation,8
Portugal,6
United Arab Emirates,5
Switzerland,5
Equatorial Guinea,4
Australia,3
Hong Kong,3
Poland,3
Singapore,3
Vietnam,3
Estonia,2
Ireland,2
Japan,2
South Korea,2
Saudi Arabia,2
Belgium,1
Ghana,1
Croatia,1
Hungary,1
Morocco,1
Nepal,1
New Zealand,1
Romania,1
Somalia,1
Turkey,1
