name,unique_exits,total_exits,exit_rate
/3.13/tutorial/index.html,4417,4580,
/3.13/using/windows.html,3738,3881,
/3.13/index.html,1014,1047,
/ja/3.13/c-api/capsule.html,993,1012,
/3.13/,838,867,
/3.13/whatsnew/3.13.html,690,706,
/3.13/tutorial/,578,598,
/3.13/tutorial/interpreter.html,516,534,
/3.13/tutorial/appetite.html,393,407,
/3/,374,371,
/zh-cn/3.13/tutorial/index.html,305,312,
/3.13/tutorial/introduction.html,280,294,
/3.13/search.html,249,257,
/3.13/library/functions.html,222,229,
/3.13/tutorial/controlflow.html,208,216,
/es/3.13/library/tkinter.html,174,185,
/zh-cn/3.13/,167,174,
/3.13/library/index.html,158,161,
/3.13/library/stdtypes.html,157,169,
/zh-cn/3.13/tutorial/controlflow.html,156,173,
/ja/3.13/library/re.html,127,131,
/zh-cn/3.13/library/index.html,126,129,
/zh-cn/3.13/library/functions.html,114,121,
/es/3.13/tutorial/index.html,113,114,
/ja/3.13/library/functions.html,110,111,
/ja/3.13/tutorial/,109,113,
/zh-cn/3.13/using/index.html,108,109,
/es/3.13/library/functions.html,103,112,
/ja/3.13/library/datetime.html,103,105,
/ja/3.13/library/logging.html,99,105,
/zh-cn/3.13/library/venv.html,95,95,
/zh-cn/3.13/tutorial/introduction.html,94,97,
/3.13/installing/index.html,92,99,
/zh-tw/3.13/tutorial/index.html,89,90,
/es/3.13/library/index.html,88,91,
/es/3.13/tutorial/venv.html,84,88,
/zh-cn/3.13/library/stdtypes.html,82,85,
/es/3.13/tutorial/datastructures.html,78,80,
/zh-cn/3.13/tutorial/interpreter.html,78,77,
/3.13/library/,77,80,
/es/3.13/library/idle.html,77,80,
/pt-br/3.13/library/venv.html,77,80,
/fr/3.13/tutorial/index.html,76,78,
/ja/3.13/library/stdtypes.html,75,76,
/ja/3.13/library/subprocess.html,74,80,
/pt-br/3.13/tutorial/index.html,74,76,
/zh-cn/3.13/tutorial/datastructures.html,74,76,
/ja/3.13/library/tkinter.html,72,74,
/zh-cn/3.13/using/android.html,72,73,
/3/tutorial/index.html,69,68,
/es/3.13/tutorial/introduction.html,68,69,
/es/3.13/tutorial/classes.html,66,68,
/3.13/library/idle.html,64,66,
/3.13/library/datetime.html,63,67,
/3.13/library/typing.html,62,64,
/ja/3.13/library/pathlib.html,62,65,
/3.13/tutorial/datastructures.html,61,64,
/ja/3.13/library/typing.html,61,62,
/es/3.13/search.html,60,62,
/ja/3.13/library/json.html,60,61,
/es/3.13/,59,59,
/ja/3.13/library/index.html,58,58,
/ja/3.13/library/csv.html,57,61,
/3/library/idle.html,56,55,
/ko/3.13/tutorial/index.html,56,62,
/es/3.13/tutorial/interpreter.html,55,57,
/ja/3.13/library/argparse.html,55,58,
/pt-br/3.13/library/math.html,55,61,
/pt-br/3.13/tutorial/datastructures.html,55,59,
/3.13/download.html,54,58,
/3.13/tutorial/modules.html,54,57,
/zh-cn/3.13/using/windows.html,51,52,
/ja/3.13/library/random.html,50,51,
/pt-br/3.13/library/functions.html,50,51,
/zh-tw/3.13/library/venv.html,50,50,
/zh-cn/3.13/search.html,49,51,
/3.13/glossary.html,48,49,
/3.13/reference/index.html,47,50,
/zh-cn/3.13/tutorial/classes.html,47,48,
/ja/3.13/library/multiprocessing.html,46,50,
/3.13/library/exceptions.html,45,46,
/es/3.13/library/re.html,45,48,
/pt-br/3.13/library/index.html,45,47,
/zh-cn/3.13/tutorial/,45,46,
/3.13/tutorial/classes.html,44,45,
/3/library/tkinter.html,44,44,
/es/3.13/tutorial/appetite.html,44,50,
/ja/3.13/library/exceptions.html,44,45,
/zh-cn/3.13/download.html,44,45,
/zh-cn/3.13/index.html,44,44,
/3.13/library/os.html,43,47,
/es/3.13/tutorial/controlflow.html,43,49,
/ja/3.13/library/enum.html,43,43,
/uk/3.13/tutorial/index.html,43,46,
/3.13/library/random.html,42,43,
/3.13/using/index.html,42,42,
/es/3.13/library/stdtypes.html,42,44,
/ja/3.13/library/os.path.html,42,43,
/zh-cn/3.13/reference/datamodel.html,42,41,
/zh-cn/3.13/tutorial/appetite.html,42,41,
