name,visitors,bounce_rate,visit_duration
Direct / None,19494,66,170
Google,7485,80,147
Baidu,1387,84,39
python.org,1131,67,277
Bing,296,81,396
chatgpt.com,73,67,317
Yahoo!,64,84,153
codecademy.cn,64,57,174
qiita.com,64,96,129
DuckDuckGo,29,100,493
GitHub,25,80,298
campus110.unad.edu.co,23,58,173
Brave,22,0,268
Yandex,22,100,822
netacad.com,21,88,237
wiki.python.org,13,0,475
Microsoft Teams,12,91,4
doubao.com,11,67,61
Ecosia,10,67,303
link.zhihu.com,8,0,211
note.nkmk.me,8,100,1066
edimension.sutd.edu.sg,7,0,5214
peps.python.org,7,100,100
python.p2hp.com,7,0,770
127.0.0.1,6,100,1482
rouhani.folk.ntnu.no,6,0,1304
udemy.com,6,0,74
Qwant,5,100,454
ntp.msn.cn,5,50,352
Youtube,4,0,595
code.visualstudio.com,4,0,1300
discuss.python.org,4,0,575
openclassrooms.com,4,0,466
Perplexity,3,0,34
chat.baidu.com,3,100,81
cs50.harvard.edu,3,0,2737
docs.paperless-ngx.com,3,100,0
packaging.python.org,3,0,1119
tongyi.com,3,0,454
yuque.com,3,33,1120
10.9.17.205,2,0,499
Instagram,2,50,36
bitbucket.global.renesas.com,2,100,0
blog.changs.co.uk,2,0,1891
blog.csdn.net,2,50,555
bytedance.larkoffice.com,2,100,340
cdn.evg.gov.br,2,0,1644
claude.ai,2,0,742
collegemv.omnivox.ca,2,100,0
copilot.microsoft.com,2,0,154
cursos.alura.com.br,2,0,245
dashboard.twitch.tv,2,100,0
developer.mozilla.org,2,0,1116
docs.pyq.jp,2,0,708
docs.qq.com,2,0,34
dristanta-silwal.github.io,2,100,0
es.python.org,2,0,1372
hellowac.github.io,2,0,1605
hitachigroup.okta.com,2,100,0
i3-systems.atlassian.net,2,100,0
liaoxuefeng.com,2,0,26
link.csdn.net,2,100,54
metanit.com,2,0,18
mycourses.cccs.edu,2,100,0
numpy.org,2,0,40
pandas.pydata.org,2,0,68
pip.pypa.io,2,0,29
pts.measureup.com,2,100,0
pymupdf.readthedocs.io,2,0,6
python.it,2,100,729
python.jp,2,0,4006
pythoninsider.blogspot.com,2,0,187
salib.readthedocs.io,2,50,416
utokyo-ipp.github.io,2,0,2091
wesmckinney.com,2,0,10
yuanbao.tencent.com,2,0,34
Amazon,1,100,0
Daum,1,100,0
Facebook,1,100,0
Shenma,1,100,0
Slack,1,0,401
academia-x.com,1,0,77
adfs-prd.nomura.com,1,100,0
aichat.dahuatech.com,1,0,1731
airflow.apache.org,1,0,131
alunos.daxus.com.br,1,0,30
app.codica.la,1,100,0
askbosch.ai.bosch.com,1,0,2134
atmarkit.itmedia.co.jp,1,100,0
basedoc2.echologos.com,1,100,0
bbs.csdn.net,1,0,2765
bigasia.atlassian.net,1,100,0
blog.pyq.jp,1,0,132
bytedance.feishu.cn,1,100,0
canva.com,1,100,0
chat.deepseek.com,1,0,43
chiphell.com,1,0,47
cloud.tencent.com,1,0,89
cms.unir.net,1,0,114
codecademy-enterprise.percipio.com,1,0,0
codedex.io,1,0,316
codeforces.com,1,100,0
context7.com,1,0,0
cupi2-ip.github.io,1,0,60
datascience.pythonlab.app,1,0,0
deap.readthedocs.io,1,0,785
denishulo.developpez.com,1,0,256
dev-jy.tistory.com,1,0,257
devdocs.io,1,100,0
devmate.huawei.com,1,0,200
dingiiot.com,1,0,2492
doc.scenari.software,1,100,0
docs-python-org.translate.goog,1,0,54
docs.astral.sh,1,0,7
docs.litestar.dev,1,0,7
docs.pytorch.org,1,0,64
docs.scrapy.org,1,0,13
docs.vllm.ai,1,0,0
edube.org,1,0,0
egallic.fr,1,0,312
ellibrodepython.com,1,0,66
eva.fcien.udelar.edu.uy,1,0,243
fastapi.tiangolo.com,1,0,100
flask.palletsprojects.com,1,0,134
freecodecamp.org,1,0,3017
gateway.zscalertwo.net,1,100,0
github.sec.samsung.net,1,100,0
github.sie.sony.com,1,0,1053
google.github.io,1,0,19
hatch.pypa.io,1,0,0
iac-docs-data-test.k8s.zytintra.com,1,100,0
ide-python-basics-logical-operations-9469102.evaluator3-8.hexlet.io,1,0,29
intranet.oreilly.com,1,0,1
ischatgpt.ad.infosys.com,1,0,913
ithelp.ithome.com.tw,1,0,0
iwiki.woa.com,1,0,152
jigsaw.minhabiblioteca.com.br,1,0,11
jira.mercedes-benz.io,1,100,0
kivy.org,1,0,0
learn.profession.ai,1,0,29
learn.zybooks.com,1,0,60
leetcode.cn,1,0,7
lmarena.ai,1,0,3735
login.microsoftonline.com,1,0,90
mcnt08snynom.feishu.cn,1,0,29
medium.com,1,0,7
michyo.pink,1,0,1135
microsoft.github.io,1,0,0
mlds.unal.edu.co,1,0,68
moodle.computaex.es,1,100,0
moodle.gymnasedebeaulieu.ch,1,0,744
moodle.hansenberg.dk,1,0,0
moodle.utfpr.edu.br,1,100,0
my.tbank.ru,1,0,91
myapollo.com.tw,1,0,1
nb-1390536682952575744.nb.ap-shanghai.ti.tencentcs.com,1,0,655
networkx.org,1,0,0
nikkie-ftnext.hatenablog.com,1,0,2280
notebooks.githubusercontent.com,1,100,0
odoo.com,1,0,1801
opencsg.com,1,100,0
opencv.org,1,0,47
optics.ansys.com,1,0,1744
otyqejod.manus.space,1,0,243
plataforma-beta.coderhouse.com,1,100,0
pvylxlho4u.feishu.cn,1,100,0
py-free-threading.github.io,1,100,0
pygame.org,1,0,15
pyodide.org,1,100,0
pypi.org,1,0,78
python-forum.io,1,0,0
python.github.net.cn,1,0,228
python3-cookbook.readthedocs.io,1,0,1444
q2developer.com,1,100,0
react-app-python-runner.vercel.app,1,0,85
refseek.com,1,100,0
rogueliketutorials.com,1,0,0
rop-stg.nioint.com,1,0,2822
rp.netease.com,1,0,2530
saemexico.brightspace.com,1,100,0
safe.menlosecurity.com,1,100,0
scikit-learn.org,1,0,447
smccd.instructure.com,1,0,287
sqlpey.com,1,0,0
t4cbyng2e7.feishu.cn,1,0,119
tcsglobal.udemy.com,1,0,0
tutti.prod.bloomberg.com,1,0,1
universidadean.genially.com,1,100,0
virtual.tdea.edu.co,1,100,0
websockets.readthedocs.io,1,0,165
wenxiaobai.com,1,0,47
wiki.ittc.ku.edu,1,0,282
wikidocs.net,1,0,575
www-python-org.translate.goog,1,0,65
x42-docs-prod.ms.com,1,0,0
xiaomi.f.mioffice.cn,1,100,0
yuanbao.woa.com,1,0,10
