name,visitors
Mazovia,97
Lesser Poland,37
Lower Silesia,33
Greater Poland,32
Silesia,26
Pomerania,15
Kuyavia-Pomerania,11
Lubusz,10
Subcarpathia,9
Lublin,8
Łódź,8
Holy Cross,6
West Pomerania,5
North Rhine-Westphalia,3
England,3
North Holland,3
Shanghai,2
Hesse,2
Astana,2
Orenburg,2
Dnipropetrovshchyna,2
Buenos Aires Province,1
Brussels,1
São Paulo,1
Abidjan,1
Jiangsu,1
Liaoning,1
Prague,1
Mecklenburg-Vorpommern,1
Capital Region,1
Kwai Tsing New Territories,1
Budapest,1
Ciudad de Mexico,1
Vestland,1
Warmia-Masuria,1
Nizhny Novgorod,1
Västra Götaland,1
Zakarpattia,1
Kyiv,1
