name,visitors
São Paulo,742
Rio de Janeiro,195
Minas Gerais,189
Paraná,127
Rio Grande do Sul,99
Bahia,97
Ceará,94
Santa Catarina,89
Federal District,79
Pernambuco,67
Goiás,52
Espírito Santo,38
Pará,38
Maranhão,36
Amazonas,33
Rio Grande do Norte,30
Paraíba,28
Mato Grosso do Sul,27
Alagoas,26
Lisbon,26
Luanda,24
Piauí,24
Mato Grosso,17
Porto,17
Sergipe,16
Rondônia,10
Tocantins,10
Coimbra,10
Maputo,6
Braga,5
Castelo Branco,5
Roraima,4
Beijing,4
North Holland,4
Aveiro,4
Viana do Castelo,4
Azores,4
Amapá,3
Guangdong,3
South Holland,3
Setúbal,3
California,3
Ontario,2
Zhejiang,2
Berlin,2
Galicia,2
Madrid Autonomous Community,2
England,2
Lazio,2
Aichi,2
Luxembourg,2
Sofala,2
Faro,2
Florida,2
Virginia,2
Durrës County,1
Cabinda,1
Aargau,1
Anhui,1
Chongqing,1
Henan,1
Hunan,1
Jiangsu,1
Shaanxi,1
Yunnan,1
Cundinamarca,1
Praia,1
Catalonia,1
East Java,1
Jakarta,1
Leinster,1
Osaka,1
Hyogo,1
Ciudad de Mexico,1
San Luis Potosí,1
Khomas,1
Mazovia,1
Leiria,1
Santarém,1
Samara,1
Phitsanulok,1
