name,unique_entrances,total_entrances,visit_duration
/pt-br/3/,120,127,243
/pt-br/3/library/venv.html,119,125,55
/3/,96,97,685
/pt-br/3.13/tutorial/index.html,75,89,181
/pt-br/3/tutorial/index.html,70,75,217
/pt-br/3.13/library/index.html,61,64,128
/pt-br/3.13/library/math.html,60,60,120
/pt-br/3/library/string.html,55,56,62
/pt-br/3/tutorial/classes.html,46,49,60
/pt-br/3.13/library/functions.html,40,43,136
/pt-br/3.13/tutorial/datastructures.html,39,43,414
/pt-br/3/faq/windows.html,33,33,15
/pt-br/3/library/tkinter.html,32,32,123
/pt-br/3/library/random.html,30,32,423
/pt-br/3/tutorial/introduction.html,30,30,186
/pt-br/3/library/stdtypes.html,29,32,541
/pt-br/3.13/tutorial/inputoutput.html,28,29,37
/pt-br/3/library/functions.html,27,29,579
/pt-br/3/library/os.html,26,27,129
/pt-br/3/tutorial/controlflow.html,25,25,77
/3/library/tkinter.html,24,24,670
/pt-br/3/library/tk.html,23,24,252
/pt-br/dev/library/venv.html,23,23,28
/pt-br/3/library/datetime.html,21,22,205
/pt-br/3/tutorial/modules.html,21,22,163
/pt-br/3/library/math.html,20,25,229
/pt-br/3/tutorial/,19,19,191
/pt-br/3/tutorial/datastructures.html,17,17,114
/pt-br/3/tutorial/errors.html,17,18,216
/pt-br/dev/library/re.html,17,21,88
/pt-br/3/using/android.html,16,16,22
/pt-br/3.13/library/turtle.html,14,14,55
/pt-br/3.13/tutorial/controlflow.html,14,18,158
/pt-br/3.13/library/stdtypes.html,13,16,440
/pt-br/3.13/tutorial/introduction.html,13,15,67
/pt-br/3/tutorial/interpreter.html,13,13,86
/3.13/tutorial/index.html,12,13,432
/pt-br/3.13/,12,13,237
/pt-br/3.13/library/csv.html,12,12,134
/pt-br/3.13/library/statistics.html,12,12,14
/pt-br/dev/howto/logging.html,12,12,288
/pt-br/dev/tutorial/datastructures.html,12,12,2
/3/library/venv.html,11,11,155
/pt-br/dev/howto/sorting.html,11,11,15
/pt-br/3.13/glossary.html,10,13,259
/pt-br/3.13/library/__main__.html,10,10,14
/pt-br/3.13/library/random.html,10,12,393
/pt-br/3.13/tutorial/interpreter.html,10,11,62
/pt-br/3/library/,10,10,120
/pt-br/3/using/windows.html,10,10,82
/pt-br/dev/reference/import.html,10,10,182
/3/library/functions.html,9,9,702
/pt-br/3.13/library/tkinter.html,9,9,31
/pt-br/3.13/tutorial/classes.html,9,9,153
/pt-br/3/using/cmdline.html,9,10,16
/pt-br/dev/library/math.html,9,9,67
/3/library/re.html,8,9,406
/3/tutorial/datastructures.html,8,8,752
/pt-br/3.13/reference/index.html,8,10,1049
/pt-br/3/library/index.html,8,8,5
/pt-br/3/using/mac.html,8,9,41
/pt-br/dev/howto/regex.html,8,8,0
/3/library/index.html,7,8,1032
/3/tutorial/index.html,7,7,432
/pt-br/3.13/howto/sorting.html,7,7,38
/pt-br/3.13/library/os.path.html,7,7,8
/pt-br/3.13/tutorial/,7,8,85
/pt-br/3.13/using/windows.html,7,7,77
/3/library/os.html,6,6,278
/3/library/random.html,6,6,435
/pt-br/3.13/library/venv.html,6,7,0
/pt-br/3/library/collections.html,6,6,476
/3.13/using/windows.html,5,5,779
/3/library/subprocess.html,5,5,393
/pt-br/3.13/contents.html,5,7,31
/pt-br/3.13/library/copy.html,5,5,0
/pt-br/3.13/library/filesys.html,5,5,124
/pt-br/3.13/library/operator.html,5,5,374
/pt-br/3.13/library/string.html,5,5,5
/pt-br/3.13/search.html,5,6,11
/pt-br/3/installing/index.html,5,5,138
/pt-br/3/library/shutil.html,5,5,247
/pt-br/3/search.html,5,5,572
/pt-br/3/whatsnew/3.13.html,5,5,159
/pt-br/dev/library/decimal.html,5,5,287
/pt-br/dev/library/statistics.html,5,6,3
/3/library/sqlite3.html,4,4,307
/3/library/stdtypes.html,4,4,614
/3/library/time.html,4,5,310
/3/tutorial/,4,4,1656
/3/tutorial/errors.html,4,4,665
/pt-br/3.13/library/array.html,4,4,6
/pt-br/3.13/library/time.html,4,4,11
/pt-br/3.13/tutorial/appetite.html,4,5,223
/pt-br/3.13/tutorial/errors.html,4,5,44
/pt-br/3/glossary.html,4,4,169
/pt-br/3/library/asyncio.html,4,4,562
/pt-br/3/library/dataclasses.html,4,4,329
/pt-br/3/library/glob.html,4,4,5
/pt-br/3/library/pdb.html,4,4,326
/pt-br/3/library/re.html,4,4,52
/pt-br/3/library/sys.html,4,4,108
/pt-br/3/reference/introduction.html,4,4,6
/pt-br/3/tutorial/appetite.html,4,5,296
/pt-br/dev/library/string.html,4,4,0
/pt-br/dev/library/types.html,4,4,0
/3.13/tutorial/,3,3,1131
/3/download.html,3,3,2883
/3/library/dataclasses.html,3,3,2599
/3/library/datetime.html,3,3,80
/3/library/idle.html,3,3,263
/3/library/math.html,3,3,354
/3/library/multiprocessing.html,3,3,2119
/3/library/os.path.html,3,3,92
/3/library/string.html,3,3,432
/3/tutorial/classes.html,3,3,40
/pt-br/3.12/library/tkinter.font.html,3,3,0
/pt-br/3.13/c-api/index.html,3,3,46
/pt-br/3.13/library/asyncio-queue.html,3,3,421
/pt-br/3.13/library/exceptions.html,3,3,0
/pt-br/3.13/library/pickle.html,3,3,36
/pt-br/3.13/reference/expressions.html,3,3,0
/pt-br/3.13/tutorial/modules.html,3,3,0
/pt-br/3/library/colorsys.html,3,3,0
/pt-br/3/library/datatypes.html,3,3,55
/pt-br/3/library/exceptions.html,3,3,1513
/pt-br/3/library/json.html,3,4,0
/pt-br/3/library/statistics.html,3,3,0
/pt-br/3/library/subprocess.html,3,3,37
/pt-br/3/py-modindex.html,3,3,844
/pt-br/3/tutorial/inputoutput.html,3,3,0
/pt-br/3/tutorial/venv.html,3,3,0
/pt-br/3/whatsnew/index.html,3,3,11
/pt-br/dev/faq/general.html,3,3,0
/pt-br/dev/library/unittest.html,3,3,872
/pt-br/dev/library/warnings.html,3,3,348
/pt-br/dev/reference/simple_stmts.html,3,3,163
/3.13/,2,2,84
/3.13/index.html,2,2,274
/3/howto/sorting.html,2,2,652
/3/library/collections.html,2,2,478
/3/library/csv.html,2,2,170
/3/library/importlib.html,2,2,101
/3/library/json.html,2,2,670
/3/library/logging.html,2,2,222
/3/library/pathlib.html,2,2,44
/3/library/sys.html,2,2,610
/3/library/tk.html,2,2,1028
/3/library/turtle.html,2,2,27
/3/library/unittest.html,2,2,56
/3/library/xml.etree.elementtree.html,2,2,328
/3/py-modindex.html,2,2,4434
/3/search.html,2,2,1642
/3/tutorial/introduction.html,2,2,92
/3/tutorial/venv.html,2,2,3
/pt-br/3.12/howto/annotations.html,2,2,0
/pt-br/3.12/tutorial/index.html,2,2,1236
/pt-br/3.13/c-api/set.html,2,2,0
/pt-br/3.13/howto/functional.html,2,2,0
/pt-br/3.13/library/,2,3,28
/pt-br/3.13/library/bisect.html,2,2,0
/pt-br/3.13/library/colorsys.html,2,2,0
/pt-br/3.13/library/configparser.html,2,2,0
/pt-br/3.13/library/decimal.html,2,2,3
/pt-br/3.13/library/getpass.html,2,2,90
/pt-br/3.13/library/mimetypes.html,2,2,1300
/pt-br/3.13/library/pathlib.html,2,3,9
/pt-br/3.13/library/persistence.html,2,2,10
/pt-br/3.13/tutorial/appendix.html,2,2,2
/pt-br/3.13/tutorial/venv.html,2,2,0
/pt-br/3.13/using/ios.html,2,2,0
/pt-br/3.13/using/unix.html,2,2,0
/pt-br/3.13/whatsnew/3.12.html,2,2,0
/pt-br/3/c-api/utilities.html,2,2,44
/pt-br/3/faq/general.html,2,2,8
/pt-br/3/howto/curses.html,2,2,111
/pt-br/3/howto/regex.html,2,2,0
/pt-br/3/howto/sorting.html,2,2,0
/pt-br/3/library/csv.html,2,2,0
/pt-br/3/library/getopt.html,2,2,0
/pt-br/3/library/pydoc.html,2,2,0
/pt-br/3/library/unittest.html,2,2,0
/pt-br/3/library/zipfile.html,2,2,4
/pt-br/3/reference/compound_stmts.html,2,2,12
/pt-br/3/reference/executionmodel.html,2,2,0
/pt-br/3/reference/expressions.html,2,2,0
/pt-br/3/tutorial/floatingpoint.html,2,2,62
/pt-br/3/using/editors.html,2,2,0
/pt-br/dev/library/datatypes.html,2,2,119
/pt-br/dev/library/heapq.html,2,3,0
/pt-br/dev/library/ipaddress.html,2,2,0
/pt-br/dev/library/pathlib.html,2,3,0
/pt-br/dev/library/pickle.html,2,2,0
/pt-br/dev/library/test.html,2,2,0
/pt-br/dev/library/time.html,2,2,0
/pt-br/dev/library/tokenize.html,2,2,0
/pt-br/dev/reference/datamodel.html,2,2,0
/pt-br/dev/using/ios.html,2,2,0
/pt-br/dev/whatsnew/3.11.html,2,2,24
/3.12/library/stdtypes.html,1,1,5986
/3.13/library/venv.html,1,1,20
/3.13/tutorial/controlflow.html,1,1,1147
/3.14/library/asyncio-stream.html,1,1,6
/3.14/whatsnew/3.14.html,1,1,136
/3/c-api/dict.html,1,1,112
/3/c-api/index.html,1,1,1375
/3/glossary.html,1,1,102
/3/howto/functional.html,1,1,1859
/3/howto/regex.html,1,1,2
/3/howto/unicode.html,1,1,1880
/3/library/abc.html,1,1,1844
/3/library/argparse.html,1,1,16
/3/library/asyncio-dev.html,1,1,359
/3/library/asyncio-task.html,1,1,4
/3/library/asyncio.html,1,1,176
/3/library/concurrent.futures.html,1,1,14
/3/library/configparser.html,1,1,3465
/3/library/constants.html,1,1,286
/3/library/ctypes.html,1,1,147
/3/library/decimal.html,1,1,164
/3/library/email.examples.html,1,1,74
/3/library/email.mime.html,1,1,415
/3/library/errno.html,1,1,241
/3/library/exceptions.html,1,1,660
/3/library/glob.html,1,1,298
/3/library/heapq.html,1,1,81
/3/library/hmac.html,1,1,1402
/3/library/http.client.html,1,1,158
/3/library/http.cookies.html,1,1,672
/3/library/ipaddress.html,1,1,22
/3/library/itertools.html,1,1,21
/3/library/logging.config.html,1,1,1498
/3/library/operator.html,1,1,315
/3/library/pdb.html,1,1,3
/3/library/pickle.html,1,1,19
/3/library/runpy.html,1,1,88
/3/library/shutil.html,1,1,1325
/3/library/tempfile.html,1,1,1900
/3/library/threading.html,1,1,70
/3/library/tkinter.ttk.html,1,1,279
/3/library/typing.html,1,1,1392
/3/library/unittest.mock.html,1,1,443
/3/library/webbrowser.html,1,1,7
/3/library/winsound.html,1,1,1848
/3/library/zipfile.html,1,1,72
/3/license.html,1,1,0
/3/reference/import.html,1,1,543
/3/reference/index.html,1,1,23
/3/tutorial/controlflow.html,1,1,113
/3/tutorial/floatingpoint.html,1,1,436
/3/tutorial/interpreter.html,1,1,26
/3/tutorial/modules.html,1,1,439
/3/using/cmdline.html,1,1,121
/3/using/windows.html,1,1,64
/3/whatsnew/3.13.html,1,1,435
/dev/tutorial/index.html,1,1,1080
/es/3.13/tutorial/index.html,1,1,682
/pt-br/3.12/,1,1,10
/pt-br/3.12/howto/regex.html,1,1,0
/pt-br/3.12/library/array.html,1,1,0
/pt-br/3.12/library/importlib.html,1,1,0
/pt-br/3.12/library/index.html,1,1,0
/pt-br/3.12/using/index.html,1,1,64
/pt-br/3.12/using/windows.html,1,1,63
/pt-br/3.13/c-api/tuple.html,1,1,0
/pt-br/3.13/howto/logging.html,1,1,0
/pt-br/3.13/howto/sockets.html,1,1,0
/pt-br/3.13/index.html,1,2,17
/pt-br/3.13/installing/index.html,1,1,0
/pt-br/3.13/library/argparse.html,1,1,441
/pt-br/3.13/library/ast.html,1,2,0
/pt-br/3.13/library/asyncio-task.html,1,1,0
/pt-br/3.13/library/asyncio.html,1,2,0
/pt-br/3.13/library/cmath.html,1,1,57
/pt-br/3.13/library/collections.html,1,1,0
/pt-br/3.13/library/compileall.html,1,1,0
/pt-br/3.13/library/datatypes.html,1,1,200
/pt-br/3.13/library/datetime.html,1,1,0
/pt-br/3.13/library/gc.html,1,1,0
/pt-br/3.13/library/http.client.html,1,1,0
/pt-br/3.13/library/json.html,1,1,25
/pt-br/3.13/library/keyword.html,1,1,16
/pt-br/3.13/library/py_compile.html,1,1,0
/pt-br/3.13/library/subprocess.html,1,1,174
/pt-br/3.13/library/threading.html,1,1,1577
/pt-br/3.13/library/tk.html,1,1,70
/pt-br/3.13/library/trace.html,1,1,0
/pt-br/3.13/library/urllib.html,1,1,0
/pt-br/3.13/library/warnings.html,1,1,0
/pt-br/3.13/library/xml.html,1,3,0
/pt-br/3.13/py-modindex.html,1,1,0
/pt-br/3.13/reference/datamodel.html,1,3,0
/pt-br/3.13/reference/import.html,1,1,0
/pt-br/3.13/reference/lexical_analysis.html,1,1,0
/pt-br/3.13/whatsnew/3.13.html,1,1,0
/pt-br/3.13/whatsnew/changelog.html,1,1,0
/pt-br/3.13/whatsnew/index.html,1,1,458
/pt-br/3.14/howto/sorting.html,1,1,0
/pt-br/3.14/library/functions.html,1,1,0
/pt-br/3.14/library/stdtypes.html,1,1,0
