name,visitors,bounce_rate,visit_duration
Google,85464,77,127
Direct / None,45433,68,148
Bing,7580,73,121
python.org,4946,51,153
Yandex,4139,77,105
DuckDuckGo,3637,71,169
chatgpt.com,1096,60,133
Baidu,880,77,75
GitHub,760,79,116
cs50.harvard.edu,654,62,269
udemy.com,530,84,65
boot.dev,517,69,228
Reddit,488,77,79
pandas.pydata.org,442,83,96
Yahoo!,414,74,133
Ecosia,397,77,92
matplotlib.org,255,83,57
note.nkmk.me,255,79,97
qiita.com,251,76,141
wiki.python.org,239,59,227
realpython.com,236,71,183
pip.pypa.io,211,70,96
Microsoft Teams,206,80,72
discuss.python.org,186,86,45
code.visualstudio.com,184,74,75
codecademy.com,148,80,71
roadmap.sh,146,77,93
es.python.org,141,47,190
Qwant,140,66,290
numpy.org,132,77,71
pytest-mock.readthedocs.io,132,58,260
Brave,118,79,161
Youtube,112,77,90
proxy.vocareum.com,111,71,330
netacad.com,109,93,20
packaging.python.org,105,74,149
docs.pydantic.dev,102,70,196
pytorch.org,100,84,56
StackOverflow,94,71,273
airflow.apache.org,83,92,20
learn.microsoft.com,80,87,112
pygame.org,78,89,41
doubao.com,75,49,148
blockpy.cis.udel.edu,71,48,96
link.zhihu.com,70,62,123
peps.python.org,70,76,131
scikit-learn.org,70,69,86
link.csdn.net,69,68,95
pypi.org,64,82,165
fastapi.tiangolo.com,61,79,237
medium.com,61,71,103
flask.palletsprojects.com,57,65,153
docs.pytest.org,56,75,78
code-basics.com,53,72,120
learn.zybooks.com,52,81,61
python.p2hp.com,51,38,162
courses.edx.org,50,80,46
ctps.io,50,29,692
kivy.org,49,67,260
tripleten.com,49,83,60
quark.cn,47,85,49
learn.nvidia.com,45,76,27
odoo.com,45,75,234
cursos.alura.com.br,44,80,71
openclassrooms.com,44,76,130
networkx.org,43,69,110
freecodecamp.org,40,88,47
habr.com,40,72,108
digitalocean.com,37,76,104
sphinx-doc.org,37,68,97
Wikipedia,36,78,34
docs.ansible.com,36,97,10
my.uopeople.edu,36,78,56
sky.pro,36,89,45
superfastpython.com,35,64,182
LinkedIn,34,81,9
edube.org,34,75,58
francoisbrucker.github.io,33,45,545
notebooks.githubusercontent.com,33,65,287
datahub.berkeley.edu,32,88,31
gstatic.com,32,78,33
ru.hexlet.io,32,82,197
360.cn,30,77,32
intranet.hbtn.io,30,53,161
python.jp,30,41,248
qna.habr.com,29,90,89
hackerrank.com,28,79,7
Amazon,27,89,0
byui-cse.github.io,27,65,142
discordpy.readthedocs.io,27,75,84
discuss.streamlit.io,27,78,124
robotframework.org,27,70,135
docs.scrapy.org,26,54,127
huggingface.co,26,69,195
docs.astral.sh,25,81,96
lms.skillfactory.ru,25,61,111
home-assistant.io,24,73,200
jupyter.crc.pitt.edu,23,74,164
learn.bu.edu,23,70,151
mne.tools,23,83,89
python-forum.io,23,78,114
Facebook,22,62,204
data8.datahub.berkeley.edu,22,95,0
python.it,22,73,66
intranet.alxswe.com,21,57,849
leetcode.com,21,86,68
127.0.0.1,20,69,203
Shenma,20,70,9
blog.csdn.net,20,80,26
docs.python-telegram-bot.org,20,95,4
elearn.epam.com,20,77,43
mypy.readthedocs.io,19,58,195
w3schools.com,19,100,0
cvdof.ucm.es,18,21,202
datacamp.com,18,72,94
microsoft.github.io,18,79,238
pyserial.readthedocs.io,18,78,108
websockets.readthedocs.io,18,68,247
developer.mozilla.org,17,65,71
docs.pola.rs,17,94,32
lms.aiffel.io,17,84,292
pro.arcgis.com,17,50,35
runoob.com,17,24,248
wikidocs.net,17,94,1
docs.sqlalchemy.org,16,75,104
ges2.galileo.edu,16,81,58
learning.anaconda.cloud,16,56,96
tongyi.aliyun.com,16,56,136
upgrad.com,16,94,21
Gmail,15,73,11
docs.aiohttp.org,15,62,81
mastergroosha.github.io,15,73,33
pillow.readthedocs.io,15,80,175
virtualenv.pypa.io,15,73,116
app.dataquest.io,14,53,333
forums.raspberrypi.com,14,100,0
mcs.utm.utoronto.ca,14,86,118
pyinstaller.org,14,86,132
utokyo-ipp.github.io,14,69,85
Perplexity,13,46,144
amuletmc.com,13,69,46
goto.webex.com,13,23,133
jinja.palletsprojects.com,13,79,100
orgpad.info,13,53,292
pltw.read.inkling.com,13,77,38
aiogram.dev,12,67,62
chat.qwenlm.ai,12,50,125
docs.circuitpython.org,12,83,3
kalasalingam.codetantra.com,12,79,190
learn.upgrad.com,12,92,26
liaoxuefeng.com,12,79,5
piazza.com,12,100,0
skillbox.ru,12,75,355
velog.io,12,67,201
cloud.siliconflow.cn,11,45,99
cnblogs.com,11,73,412
confluence.ecmwf.int,11,73,190
enki,11,83,7
optuna.readthedocs.io,11,73,13
programiz.com,11,64,255
pwn.college,11,92,148
pymupdf.readthedocs.io,11,82,103
pythoncheatsheet.org,11,36,98
pythonlikeyoumeanit.com,11,75,41
reflex.dev,11,73,130
skilio.com,11,73,97
urllib3.readthedocs.io,11,83,111
xlsxwriter.readthedocs.io,11,92,46
Coccoc,10,70,206
Quora,10,90,18
Sogou,10,90,254
Twitter,10,90,1
byhy.net,10,67,245
code.s3.yandex.net,10,100,0
courses.campus.gov.il,10,75,211
cython.readthedocs.io,10,80,8
docs.xarray.dev,10,90,162
epochconverter.com,10,91,46
notion.so,10,64,8
open.uom.lk,10,90,6
psu.instructure.com,10,64,140
python-can.readthedocs.io,10,80,10
Lilo,9,56,374
clickup.up.ac.za,9,73,95
coursys.sfu.ca,9,70,175
cse2.csproject.org,9,100,0
docs.gunicorn.org,9,56,39
gale.udemy.com,9,100,0
learn.lewagon.com,9,100,0
learning.ccbp.in,9,44,56
paiza.jp,9,67,162
pre-commit.com,9,78,109
pyformat.info,9,56,525
pyneng.readthedocs.io,9,89,1
pythonguis.com,9,56,109
source.android.com,9,44,100
statsmodels.org,9,89,1
steam.oxxostudio.tw,9,50,195
theforage.com,9,56,290
training.olicyber.it,9,90,19
typing.readthedocs.io,9,67,67
arrow.apache.org,8,88,130
bitbucket.org,8,80,135
browncsci1430.github.io,8,75,54
builtin.com,8,50,132
cms-pcrs.utsc.utoronto.ca,8,56,488
community.genai.works,8,88,428
docs.astropy.org,8,100,0
docs.databricks.com,8,88,175
docs.ray.io,8,75,32
docs.telethon.dev,8,100,0
docs.vllm.ai,8,88,80
gradio.app,8,88,99
login.microsoftonline.com,8,75,13
moodle-campusvirtualcolombia.s3.amazonaws.com,8,44,199
netology.ru,8,100,0
pvlib-python.readthedocs.io,8,88,195
py4e.com,8,78,236
pythonmorsels.com,8,62,13
scanpy.readthedocs.io,8,89,80
selenium-python.readthedocs.io,8,62,137
structlog.org,8,78,411
vlegalwaymayo.atu.ie,8,56,341
werkzeug.palletsprojects.com,8,62,148
wkapakos.info,8,75,127
Slack,7,86,1
Telegram,7,88,10
anyio.readthedocs.io,7,71,6
app.kira-learning.com,7,50,329
bugs.python.org,7,86,6
c.biancheng.net,7,88,4
capytale2.ac-paris.fr,7,50,485
cheatsheetseries.owasp.org,7,100,0
claude.ai,7,71,0
codecademy-enterprise.percipio.com,7,44,301
codedex.io,7,62,20
cse2.chickenkiller.com,7,100,0
cse2.mine.bz,7,100,0
cse2.serverpit.com,7,100,0
devguide.python.org,7,29,271
dlsu.instructure.com,7,71,26
docs.jax.dev,7,86,0
docs.python-guide.org,7,86,5
elasticsearch-py.readthedocs.io,7,86,1
ellibrodepython.com,7,71,313
forum.djangoproject.com,7,71,6
kiet.codetantra.com,7,100,0
l.workplace.com,7,57,307
learnpython.org,7,71,56
lightning.ai,7,86,86
namu.wiki,7,86,21
nhairs.github.io,7,56,660
opensearch-project.github.io,7,86,9
pythontutor.ru,7,100,0
pytorch-geometric.readthedocs.io,7,71,159
safe.menlosecurity.com,7,50,231
scikit-image.org,7,86,1
statics.gov.teams.microsoft.us,7,100,0
strawberry.rocks,7,100,0
strftime.org,7,86,204
teamtreehouse.com,7,71,274
techradar.com,7,86,433
teratail.com,7,86,181
tw.alphacamp.co,7,56,44
urban-university.ru,7,86,67
us.prairielearn.com,7,86,2
wiki.freecad.org,7,100,0
acwing.com,6,67,6
baike.baidu.com,6,17,141
beej.us,6,67,46
betterstack.com,6,57,144
blackbox.ai,6,57,53
cdn.evg.gov.br,6,71,335
cognizant.udemy.com,6,83,96
crm-new.attractor-school.com,6,83,1
cryptography.io,6,50,418
cs.montana.edu,6,67,140
dice.com,6,67,10
dlo.mijnhva.nl,6,83,93
docs.celeryq.dev,6,60,315
docs.conan.io,6,83,38
docs.frappe.io,6,100,0
docs.snowflake.com,6,100,0
gsbrodal.github.io,6,83,54
guru99.com,6,100,0
hatenablog-parts.com,6,86,61
help.zapier.com,6,100,0
hyperskill.org,6,75,27
introcomp.mit.edu,6,83,2
kkb-production.jupyter-proxy.kaggle.net,6,86,83
lms2.psu.ac.th,6,83,2
loguru.readthedocs.io,6,86,1
marshmallow.readthedocs.io,6,67,345
metanit.com,6,83,66
myapollo.com.tw,6,71,17
mycourses.ieseg.fr,6,29,225
oi-wiki.org,6,33,272
plotly.com,6,100,0
poe.com,6,83,241
pygmt.org,6,100,0
