name,visitors,pageviews,bounce_rate,time_on_page,scroll_depth
/3/,13470,18860,45,82,76
/3/library/venv.html,9513,10939,86,910,35
/3/library/functions.html,8544,10960,73,362,46
/3/library/stdtypes.html,8273,11099,73,489,39
/3/library/datetime.html,6700,8482,79,764,39
/3/tutorial/index.html,6495,10363,56,98,59
/3/tutorial/datastructures.html,4761,5834,72,392,47
/3/library/re.html,4712,5704,79,791,39
/3/library/typing.html,4319,5347,77,574,27
/3/search.html,4267,9130,23,45,47
/3/library/index.html,4265,6956,53,87,43
/3/library/csv.html,3945,4869,82,1120,42
/3/library/tkinter.html,3586,4920,74,518,33
/3/library/argparse.html,3385,4128,75,694,32
/3/library/logging.html,3316,4152,73,543,37
/3/library/random.html,3194,3796,81,679,34
/3/library/idle.html,3168,4260,75,607,31
/3/tutorial/errors.html,3120,3743,77,413,40
/3/library/turtle.html,3080,4610,77,1250,29
/3/library/pathlib.html,2957,3743,74,650,45
/3/tutorial/controlflow.html,2830,3663,73,407,43
/3/library/subprocess.html,2766,3601,74,854,33
/3/library/collections.html,2720,3184,78,510,39
/3/library/os.html,2720,3454,69,380,36
/3/tutorial/classes.html,2654,3055,80,483,45
/3/library/exceptions.html,2614,3188,76,381,50
/3/library/math.html,2515,3026,81,441,37
/3/tutorial/,2488,3445,63,133,55
/3/library/multiprocessing.html,2479,3376,71,675,28
/3/library/dataclasses.html,2442,2933,77,682,37
/3/tutorial/inputoutput.html,2242,2634,71,275,48
/3/library/itertools.html,2217,2740,79,656,34
/3/library/unittest.html,2145,2666,78,864,25
/3/glossary.html,2052,2663,66,159,54
/3/library/time.html,2016,2376,78,411,41
/3/library/unittest.mock.html,1996,2816,74,1132,37
/3/tutorial/introduction.html,1994,2678,75,330,59
/3/library/json.html,1986,2265,80,629,35
/3/tutorial/modules.html,1969,2312,75,377,53
/3/tutorial/interpreter.html,1949,2621,77,174,76
/3/library/string.html,1917,2297,73,287,47
/3/library/os.path.html,1903,2246,74,401,53
/3/library/asyncio-task.html,1887,2505,72,561,39
/3/library/enum.html,1873,2216,76,571,35
/3/library/threading.html,1718,2193,71,492,43
/3/library/sqlite3.html,1697,2188,80,941,24
/3/tutorial/venv.html,1671,1907,86,432,56
/3/reference/datamodel.html,1619,2010,70,317,50
/3/library/functools.html,1588,1901,78,594,44
/3/library/xml.etree.elementtree.html,1563,2139,76,1162,34
/3/installing/index.html,1519,1726,84,304,64
/3/library/concurrent.futures.html,1501,1897,75,624,50
/3/library/asyncio.html,1490,2005,61,151,77
/3/howto/logging.html,1482,1748,73,455,37
/3/using/windows.html,1453,1816,79,660,40
/3/whatsnew/3.13.html,1437,1775,68,175,17
/3/howto/sorting.html,1417,1614,76,400,43
/3/tutorial/appetite.html,1347,1580,70,102,89
/3/library/pickle.html,1320,1558,82,613,25
/3/library/socket.html,1256,1661,71,604,44
/3/library/sys.html,1191,1415,74,326,36
/3/library/heapq.html,1186,1426,80,823,52
/3/library/shutil.html,1146,1355,74,604,37
/3/library/struct.html,1107,1345,78,721,46
/3/library/io.html,1086,1390,71,466,46
/3/reference/index.html,1044,1662,44,53,69
/3/library/pdb.html,1016,1146,87,712,37
/3/using/mac.html,993,1179,79,498,49
/3/using/cmdline.html,981,1175,76,278,36
/3/py-modindex.html,938,1411,61,127,52
/3/library/tempfile.html,902,1169,72,777,55
/zh-cn/3/,887,1356,41,52,79
/3/library/abc.html,885,1025,80,521,46
/3/howto/regex.html,882,990,79,452,33
/3/reference/import.html,855,974,75,320,39
/3/library/copy.html,852,934,87,527,71
/zh-cn/3/tutorial/index.html,851,1463,51,72,62
/3/library/urllib.parse.html,817,1017,77,667,45
/3/library/hashlib.html,801,1003,76,747,33
/3/index.html,799,1257,42,49,78
/3/reference/expressions.html,797,967,73,222,63
/3/reference/compound_stmts.html,794,1029,67,231,39
/3/library/queue.html,791,960,73,416,60
/3/reference/lexical_analysis.html,775,948,76,308,60
/3/library/zipfile.html,773,956,78,656,38
/3/contents.html,765,1068,41,59,14
/3/library/asyncio-eventloop.html,760,1015,64,416,36
/3/library/glob.html,757,844,80,409,62
/3/library/configparser.html,739,887,79,692,31
/3/library/pprint.html,738,812,86,681,40
/3/library/contextlib.html,629,760,69,462,30
/3/library/operator.html,629,720,78,377,48
/3/library/decimal.html,616,699,86,619,19
/3/howto/argparse.html,610,689,75,610,42
/3/library/smtplib.html,600,777,74,618,47
/3/library/,592,810,59,113,47
/3/library/http.server.html,584,747,76,585,51
/3/library/uuid.html,584,678,83,737,61
/3/reference/simple_stmts.html,578,717,62,210,58
/3/library/timeit.html,573,662,78,665,49
