name,visitors,bounce_rate,visit_duration
Direct / None,397,80,114
google.com,388,78,117
bing.com,16,76,12
python.org,10,0,226
baidu.com/link,8,43,588
google.com.hk,3,100,0
ithelp.ithome.com.tw,3,83,512
steam.oxxostudio.tw,3,75,116
tw.search.yahoo.com,3,100,0
cn.bing.com,2,0,349
oryoy.com,2,0,346
realnewbie.com,2,50,640
baidu.com,1,100,0
bytedance.larkoffice.com,1,100,0
duckduckgo.com,1,100,0
google.com.tw,1,100,0
hk.search.yahoo.com,1,100,0
ilearn.fcu.edu.tw,1,100,0
lms.alphastar.academy,1,0,2422
m.baidu.com/from=1027624n/bd_page_type=1/ssid=0/uid=0/pu=usm%401%2Csz%401320_1004%2Cta%40iphone_2_13.0_11_20.8/baiduid=67C755DB4036318A75482A89F76119F3/w=0_10_/t=iphone/l=1/tc,1,100,0
m.baidu.com/from=1028735b/bd_page_type=1/ssid=0/uid=0/pu=usm%400%2Csz%401320_1001%2Cta%40iphone_2__24_123.0/baiduid=4DCA0A43E01EEC05E531F434CD44ABB9/w=0_10_/t=iphone/l=1/tc,1,100,0
ono.tp.edu.tw,1,100,0
perplexity.ai,1,100,0
udemy.com,1,0,19
yuanbao.tencent.com,1,100,0
