name,visitors
Tokyo,1949
Osaka,401
Kanagawa,318
Shandong,168
Aichi,151
Chiba,137
Saitama,135
Guangdong,120
Hyogo,107
Henan,102
Sichuan,99
Fukuoka,89
Zhejiang,82
Hokkaido,81
Jiangsu,79
Hebei,71
Kyoto,69
Beijing,54
Ibaraki,52
Anhui,47
Shanghai,47
Hubei,41
Shaanxi,37
Shizuoka,34
Hunan,30
Gunma,30
Miyagi,28
Hiroshima,27
Liaoning,25
Tianjin,20
Nagano,20
Ehime,20
Shanxi,19
Shiga,18
Okinawa,18
Jilin,16
Gansu,15
Heilongjiang,15
Tochigi,15
Nara,15
Chongqing,14
Guizhou,14
Mie,14
Kumamoto,14
Niigata,13
Kagoshima,13
Ishikawa,12
Fujian,11
Inner Mongolia,11
Yunnan,11
Tokushima,11
Kagawa,11
Oita,11
Iwate,10
Gifu,10
Okayama,9
Yamaguchi,9
Nagasaki,9
Shimane,8
Guangxi,7
Toyama,7
Yamanashi,7
Wakayama,7
Tottori,7
Jiangxi,6
Ningxia,6
Yamagata,5
Fukushima,5
California,5
New South Wales,4
Miyazaki,4
Minas Gerais,3
Akita,3
Kochi,3
Bavaria,2
England,2
Aomori,2
Kuala Lumpur,2
Punjab,2
Moscow,2
Taipei,2
Utah,2
Victoria,1
British Columbia,1
Ontario,1
Lower Saxony,1
Central Java,1
Andhra Pradesh,1
Karnataka,1
Telangāna,1
Fukui,1
Saga,1
Phnom Penh,1
Seoul,1
Maputo,1
Auckland,1
Morobe,1
Rostov,1
Eastern,1
New Taipei,1
Dar es Salaam,1
Iowa,1
Oregon,1
Tashkent,1
Capital,1
Ho Chi Minh City,1
