name,visitors,bounce_rate,visit_duration
Google,5037,81,78
pypi.org,3783,78,78
Direct / None,2782,70,125
jupyter.org,448,77,60
pip.pypa.io,406,71,53
docs.python.org,307,76,81
Bing,246,81,93
DuckDuckGo,172,77,157
Brave,120,83,52
docs.astral.sh,119,78,37
GitHub,116,83,71
peps.python.org,83,70,205
Yandex,78,91,15
ai.google.dev,48,70,111
Ecosia,41,88,64
chatgpt.com,35,77,156
Microsoft Teams,33,94,24
discuss.python.org,28,79,88
test.pypi.org,19,72,200
Youtube,17,53,94
docs.pypi.org,15,60,148
Perplexity,13,69,94
setuptools.pypa.io,12,58,233
pypa.io,11,55,28
roadmap.sh,10,80,179
huggingface.co,9,100,0
docs.pytest.org,8,88,84
flask.palletsprojects.com,8,50,196
scipy.org,8,75,22
twine.readthedocs.io,8,50,375
Qwant,7,86,3
athena.alxafrica.com,7,83,8
infoworld.com,7,57,65
realpython.com,7,71,11
Yahoo!,6,83,3
blackboard.massbay.edu,6,50,115
builtin.com,6,86,1
devdocs.ms.com,6,88,4
link.csdn.net,6,67,9
docs.ansible.com,5,100,0
horizon.bankofamerica.com,5,80,2
pixi.sh,5,80,131
airflow.apache.org,4,100,0
docs.pytorch.org,4,50,48
maktabkhooneh.org,4,75,2
packaging.pypa.io,4,100,0
pypi.com.cn,4,100,0
python-poetry.org,4,75,10
qiita.com,4,40,196
upload.pypi.org,4,75,2
warehouse.pypa.io,4,100,0
Twitter,3,100,0
cantera.org,3,33,149
claude.ai,3,100,0
confluence.metro.ad.selinc.com,3,67,4
docs.zephyrproject.org,3,33,95
freecodecamp.org,3,75,425
hatch.pypa.io,3,100,0
medium.com,3,100,0
python.plainenglish.io,3,100,0
robotframework.org,3,100,0
rushhour.fmr.com,3,100,0
uv.doczh.com,3,67,145
Baidu,2,100,0
Coccoc,2,100,0
Slack,2,50,2
Startpagina,2,100,0
astral.sh,2,100,0
auto.gluon.ai,2,100,0
biogeme.epfl.ch,2,100,0
bitbucket.org,2,50,6
build.pypa.io,2,100,0
confluence.borgwarner.com,2,100,0
cython.readthedocs.io,2,0,1228
developer.pix4d.com,2,100,0
doc.qt.io,2,100,0
docs.cython.org,2,100,0
docs.lumi-supercomputer.eu,2,50,46
enghub.gs.com,2,67,195
habr.com,2,100,0
jfrog.com,2,50,0
jinja.palletsprojects.com,2,50,373
jive.ms.com,2,100,0
karupoimou.hatenablog.com,2,50,4
kennethenevoldsen.github.io,2,100,0
kitmaker.gitlab-master-pages.nvidia.com,2,75,8
launchpad.net,2,100,0
login.microsoftonline.com,2,50,10
mesonbuild.com,2,100,0
mkdocstrings.github.io,2,100,0
nclcpd.instructure.com,2,100,0
object-oriented-python.github.io,2,100,0
opendronemap.org,2,0,19
opensource.guide,2,100,0
otp-documentation-portal.pages.ocado.tech,2,100,0
packaging-python-org.translate.goog,2,100,0
pyarmor.readthedocs.io,2,100,0
pygraphviz.github.io,2,100,0
pyodide.org,2,0,638
python-markdown.github.io,2,100,0
quarto.org,2,100,0
rseichter.github.io,2,100,0
solara.dev,2,100,0
static.ouster.dev,2,100,0
udemy.com,2,100,0
unity-technologies.github.io,2,100,0
validate-pyproject.readthedocs.io,2,50,568
wiki.landisgyr.net,2,100,0
wiki.ms.com,2,100,0
100.64.0.135,1,100,0
32a10588.isolation.zscaler.com,1,100,0
360.cn,1,100,0
42.uz,1,100,0
Amazon,1,100,0
LinkedIn,1,100,0
Reddit,1,0,908
StackOverflow,1,100,0
amber-feng-test.notebook.cn-northwest-1.sagemaker.com.cn,1,100,0
app.readthedocs.org,1,0,22
bitbucket.sw.nxp.com,1,100,0
bitbucket.veritionfund.cloud,1,100,0
blog.datatraininglab.com,1,0,2
blueprints.launchpad.net,1,100,0
bskinn.github.io,1,0,188
bytedance.larkoffice.com,1,100,0
calorine.materialsmodeling.org,1,100,0
cedt-icg-bitbucket.nam.nsroot.net,1,100,0
chat.factset.io,1,100,0
ci.mines-stetienne.fr,1,0,68
cloud.apple.com,1,100,0
codebeamer.ev.minebea.local,1,100,0
cola1muc.toptica.com,1,100,0
confluence.aimotive.com,1,100,0
confluence.cec.lab.emc.com,1,100,0
confluence.partners.org,1,100,0
confluence.sberbank.ru,1,100,0
confluencewikiprod.intra.infineon.com,1,0,1406
cowi.sharepoint.com,1,100,0
cpf,1,100,0
dev.mysql.com,1,100,0
developer.bsi-software.com,1,0,4
developer.docs.protegrity.com,1,100,0
developer.rhino3d.com,1,100,0
developer.tobiipro.com,1,100,0
developercommunity.visualstudio.com,1,100,0
devguide.python.org,1,100,0
devsjc.github.io,1,100,0
discuss.d2l.ai,1,100,0
discuss.streamlit.io,1,0,167
docs.axiros.com,1,100,0
docs.pex-tool.org,1,0,9
docs.python-guide.org,1,100,0
docs.reask.earth,1,100,0
docs.snowflake.com,1,100,0
docs.spectromicroscopy.com,1,100,0
docs.sqlalchemy.org,1,100,0
docs.unity3d.com,1,100,0
docutils.sourceforge.io,1,0,1432
doubao.com,1,100,0
dsext001-eu1-215dsi0708-ifwe.3dexperience.3ds.com,1,100,0
dt-cluster.easyalgo.jd.com,1,100,0
ecs-workbench.aliyun.com,1,100,0
emdgroup.github.io,1,100,0
enneagramcoach.pl,1,0,21
everest.github.io,1,100,0
faq-etu.unicaen.fr,1,100,0
fast-oad.readthedocs.io,1,100,0
fishros.com,1,0,562
flask-wtf.readthedocs.io,1,100,0
fprime.jpl.nasa.gov,1,100,0
gateway.zscloud.net,1,100,0
gecgithub01.walmart.com,1,100,0
github.aexp.com,1,100,0
github.corp.ebay.com,1,100,0
hce-cloud.s3docs.optum.com,1,100,0
hellowac.github.io,1,100,0
help.tableau.com,1,100,0
hps.docs.pyansys.com,1,100,0
icet.materialsmodeling.org,1,100,0
jeanslack.github.io,1,100,0
jupyter-org.translate.goog,1,100,0
jvns.ca,1,100,0
knowledge.alteryx.com,1,100,0
larus.atlassian.net,1,0,33
learn.scientific-python.org,1,100,0
lms-kpitacademy.kpit.com,1,100,0
lms.foxminded.ua,1,100,0
macquarie.atlassian.net,1,100,0
mongodb.com,1,100,0
nhsdigital.github.io,1,100,0
numpy.org,1,100,0
os-collab.pages.cloud.statcan.ca,1,0,59
p1f48rdu9kp.feishu.cn,1,100,0
p3651.pages.uk.cambridgeconsultants.com,1,100,0
pace-docs.azurewebsites.net,1,100,0
pcdshub.github.io,1,100,0
pdm-project.org,1,100,0
philipkiely.com,1,0,14
playbooks.omsf.io,1,100,0
pluginlib.readthedocs.io,1,100,0
population.un.org,1,100,0
ppc-word-edit.officeapps.live.com,1,0,230
prefix-dev.github.io,1,100,0
pybind11.readthedocs.io,1,100,0
pydevtools.com,1,100,0
pyopensci.org,1,0,712
pyspice.fabrice-salvaire.fr,1,100,0
python.org,1,100,0
qupynt-docs.emea.qrt.cloud,1,100,0
rbcgithub.fg.rbc.com,1,100,0
ril.celsiusnarhwal.dev,1,100,0
rockwellautomation.atlassian.net,1,100,0
rules-python.readthedocs.io,1,100,0
s-conf001p,1,100,0
safe.menlosecurity.com,1,100,0
scipion-em.github.io,1,100,0
skype.visualstudio.com,1,100,0
snir-orlanczyk.medium.com,1,100,0
solvit.space,1,100,0
sphinx-doc.org,1,100,0
sso.st.com,1,50,264
statics.gov.teams.microsoft.us,1,100,0
statics.teams.cdn.office.net.mcas.ms,1,100,0
strandsagents.com,1,0,18
tesco.atlassian.net,1,100,0
thomas-guettler.de,1,100,0
todisco.de,1,100,0
tutti.prod.bloomberg.com,1,100,0
tvscientific.atlassian.net,1,100,0
typing.python.org,1,100,0
ukc-onenote.officeapps.live.com,1,100,0
vle.cam.ac.uk,1,100,0
widdowquinn.github.io,1,100,0
wiki.archlinux.org,1,100,0
wink.com,1,100,0
www2.microstrategy.com,1,100,0
xebia.com,1,0,30
xlaunch-emm-execution-analytics-shared-1b6773018e61df3bf52f6c31.pages.qrt.cloud,1,100,0
