name,unique_entrances,total_entrances,visit_duration
/3/,14232,14792,150
/3/library/functions.html,6938,7327,119
/3/library/stdtypes.html,6016,6428,131
/3/library/venv.html,5677,5878,43
/3/tutorial/index.html,4998,5224,154
/3/library/datetime.html,4754,4987,88
/3/tutorial/datastructures.html,3829,4028,118
/3/library/re.html,3263,3442,75
/3/library/math.html,3168,3358,91
/3/library/index.html,2980,3150,187
/3/library/typing.html,2953,3066,100
/3/library/turtle.html,2800,3032,120
/3/library/tkinter.html,2716,2858,86
/3/library/random.html,2709,2820,82
/3/library/idle.html,2667,2745,48
/3/tutorial/,2631,2985,114
/3/search.html,2513,2736,243
/3/library/csv.html,2470,2611,100
/3/library/argparse.html,2405,2563,115
/3/library/logging.html,2405,2536,117
/3/library/subprocess.html,2221,2347,116
/3/library/pathlib.html,2179,2275,121
/3/tutorial/errors.html,2040,2100,132
/3/tutorial/controlflow.html,2030,2142,140
/3/library/dataclasses.html,1779,1849,94
/3/library/os.html,1749,1822,140
/3/library/exceptions.html,1734,1805,88
/3/library/collections.html,1732,1812,94
/3/tutorial/classes.html,1689,1757,115
/3/tutorial/inputoutput.html,1632,1713,126
/3/library/itertools.html,1527,1616,107
/3/library/multiprocessing.html,1508,1633,142
/3/library/json.html,1479,1536,90
/3/library/time.html,1461,1516,100
/3/library/string.html,1452,1504,113
/3/library/unittest.mock.html,1284,1405,133
/3/library/unittest.html,1276,1335,89
/3/library/asyncio-task.html,1210,1282,123
/3/library/threading.html,1182,1238,136
/3/library/sqlite3.html,1168,1256,102
/3/tutorial/introduction.html,1163,1244,152
/3/library/enum.html,1147,1188,122
/3/library/asyncio.html,1089,1139,195
/3/library/os.path.html,1084,1122,92
/3/tutorial/modules.html,1076,1112,119
/3/library/functools.html,1052,1091,135
/3/reference/datamodel.html,1046,1097,161
/3/library/concurrent.futures.html,942,984,101
/3/using/windows.html,941,975,90
/3/howto/sorting.html,932,963,77
/3/tutorial/venv.html,914,954,52
/3/glossary.html,913,937,205
/3/library/socket.html,913,973,157
/3/library/xml.etree.elementtree.html,892,945,100
/3/tutorial/interpreter.html,825,852,134
/3/library/heapq.html,824,852,58
/3/library/struct.html,795,846,98
/3/library/pickle.html,784,809,70
/es/3/tutorial/,772,814,187
/3/howto/logging.html,726,745,154
/3/library/shutil.html,715,744,154
/3/whatsnew/3.13.html,705,734,82
/3/library/pdb.html,694,707,46
/3/library/sys.html,691,722,130
/3/library/tempfile.html,675,711,148
/3/py-modindex.html,650,693,100
/3/installing/index.html,648,661,53
/3/howto/regex.html,619,645,90
/3/library/abc.html,598,622,129
/3/library/io.html,596,612,119
/3/reference/expressions.html,593,615,112
/3/tutorial/appetite.html,593,605,213
/3/reference/index.html,577,591,196
/3/library/,550,575,173
/3/using/mac.html,550,565,56
/3/library/urllib.parse.html,543,563,104
/3/library/hashlib.html,527,553,142
/3/reference/lexical_analysis.html,521,546,118
/3/library/contextlib.html,513,536,116
/zh-cn/3/,510,543,178
/3/library/configparser.html,493,509,104
/3/library/decimal.html,472,491,94
/3/library/zipfile.html,469,499,134
/3/using/cmdline.html,464,477,91
/3/reference/import.html,463,476,122
/3/library/copy.html,455,469,72
/3/library/glob.html,451,464,76
/3/library/pprint.html,445,455,80
/3/library/queue.html,436,460,134
/3/reference/compound_stmts.html,431,447,152
/3/index.html,428,450,239
/3/library/operator.html,424,435,112
/3/library/http.server.html,419,441,71
/3/library/uuid.html,417,432,42
/3/tutorial/floatingpoint.html,412,427,67
/zh-cn/3/tutorial/index.html,411,438,325
/fr/3/tutorial/,400,423,162
/3/contents.html,399,420,299
/3/license.html,386,401,50
/3/library/difflib.html,374,384,71
/3/library/asyncio-eventloop.html,373,393,201
/3/library/ast.html,371,389,83
/3/library/ctypes.html,347,371,84
/3/library/importlib.html,332,346,149
/3/download.html,328,337,172
/3/library/ipaddress.html,327,341,89
/3/library/profile.html,315,331,122
/3/reference/simple_stmts.html,305,311,150
/3/using/android.html,301,314,56
/3/library/urllib.request.html,300,310,90
/3/library/codecs.html,297,305,54
/3/library/timeit.html,296,305,74
/3/library/bisect.html,295,313,85
/3/library/collections.abc.html,295,303,95
/zh-cn/3/library/idle.html,292,294,59
/3/library/logging.handlers.html,291,302,191
/3/library/ssl.html,283,299,104
/3/library/smtplib.html,282,292,92
/3/library/array.html,276,292,58
/3/library/statistics.html,271,279,49
/3/howto/argparse.html,269,274,159
/3/library/base64.html,268,274,83
/3/library/traceback.html,259,267,58
/3/library/warnings.html,258,272,42
/zh-cn/3/library/index.html,258,267,218
/3/howto/logging-cookbook.html,253,261,129
/3/library/inspect.html,249,253,136
/3/library/__main__.html,248,255,126
/3/using/index.html,241,246,138
/3/library/ensurepip.html,238,246,80
/3/howto/unicode.html,237,243,63
/3/library/tkinter.ttk.html,235,245,139
/3/howto/enum.html,223,230,139
/zh-cn/3/library/turtle.html,213,221,107
/3/library/tk.html,212,220,130
/3/library/webbrowser.html,211,222,107
/es/3/library/tkinter.html,206,215,40
/3/library/secrets.html,205,215,81
/3/howto/sockets.html,200,209,145
/3/extending/extending.html,198,206,159
/ja/3/,198,221,268
/3/library/zoneinfo.html,192,198,53
/3/faq/,190,195,90
/3/library/urllib.html,188,190,179
/3/library/email.examples.html,186,190,131
/3/library/logging.config.html,184,194,195
/3/library/tarfile.html,183,189,190
/3/library/textwrap.html,182,186,48
/fr/3/tutorial/datastructures.html,182,191,441
/3/library/asyncio-sync.html,180,190,128
/3/library/gc.html,175,190,95
/3/library/dialog.html,173,178,103
/3/c-api/index.html,168,177,227
/3/library/contextvars.html,165,172,114
/3/library/signal.html,159,169,114
/es/3/tutorial/datastructures.html,159,179,131
/3/library/constants.html,158,158,37
/zh-cn/3/using/windows.html,158,160,34
/3/library/tomllib.html,157,166,64
/3/whatsnew/3.12.html,157,160,156
/3/library/calendar.html,152,158,143
/3/library/getpass.html,151,154,19
/3/library/fnmatch.html,150,155,37
/3/library/pydoc.html,150,151,79
/3/library/tkinter.messagebox.html,147,152,96
/3/library/types.html,145,150,94
/3/library/fractions.html,140,142,49
/3/library/gzip.html,139,144,152
/ja/3/bugs.html,137,140,14
/3/library/asyncio-queue.html,136,141,231
/es/3/tutorial/index.html,135,149,102
/3/library/doctest.html,134,138,78
/3/library/ftplib.html,134,144,154
/3/faq/windows.html,131,137,66
/fr/3/tutorial/classes.html,131,133,165
/3/library/http.client.html,130,133,86
/ja/3/library/index.html,130,132,134
/zh-cn/3/using/mac.html,130,131,39
/3/howto/curses.html,129,140,101
/ja/3/reference/introduction.html,129,134,3
/3/howto/a-conceptual-overview-of-asyncio.html,127,131,223
/es/3/library/index.html,125,132,212
/3/library/html.parser.html,124,126,115
/zh-cn/3/tutorial/,124,128,236
/3/howto/descriptor.html,122,127,232
/3/library/intro.html,122,127,141
/3/library/asyncio-stream.html,121,130,234
/3/library/http.html,121,124,33
/3/library/datatypes.html,119,123,96
/3/library/filesys.html,119,121,169
/3/whatsnew/3.8.html,117,118,81
/3/library/cmath.html,116,121,51
/fr/3/library/stdtypes.html,116,130,205
/3/library/tracemalloc.html,115,122,99
/3/tutorial/stdlib.html,115,133,220
/ja/3/library/re.html,113,116,113
/zh-cn/3/library/functions.html,112,118,125
/3/library/asyncio-future.html,110,113,73
/ja/3/library/logging.html,110,114,124
/3/library/__future__.html,109,110,78
/3/whatsnew/3.11.html,109,126,97
/es/3/tutorial/interpreter.html,109,118,85
/pt-br/3/,109,114,203
/3/whatsnew/index.html,108,110,132
/3/faq/programming.html,107,110,98
/3/library/shlex.html,106,109,104
/3.13/tutorial/index.html,105,108,478
/3/library/zlib.html,104,107,59
/ja/3/library/stdtypes.html,104,108,29
/3/whatsnew/3.10.html,103,104,121
/zh-cn/3/library/math.html,102,106,49
/3/using/ios.html,101,104,55
/es/3/tutorial/venv.html,101,104,34
/ja/3/tutorial/,101,113,336
/es/3/,100,103,252
/pt-br/3/tutorial/index.html,98,104,199
/3/c-api/memory.html,96,101,167
/3/library/asyncio-runner.html,96,98,273
/3/library/asyncio-subprocess.html,96,100,179
/es/3/tutorial/appetite.html,96,98,156
/zh-cn/3/reference/index.html,96,96,82
/3/howto/functional.html,95,97,135
/es/3/tutorial/introduction.html,95,105,175
/3/extending/embedding.html,94,97,168
/3/howto/index.html,94,97,361
/3/library/unicodedata.html,94,98,119
/zh-cn/3/tutorial/interpreter.html,94,98,138
/3/library/wave.html,93,98,98
/3/faq/general.html,92,95,70
/3/library/socketserver.html,91,98,92
/3/reference/grammar.html,91,101,83
/3/library/importlib.resources.html,89,90,145
/3/library/imaplib.html,88,99,208
/3.13/,87,88,356
/3/library/curses.html,87,93,104
/3/library/mimetypes.html,87,89,62
/3/reference/introduction.html,87,91,234
/es/3/tutorial/classes.html,87,93,98
/fr/3/tutorial/introduction.html,87,89,502
/3/howto/annotations.html,86,88,141
/3/library/zipimport.html,86,86,10
/3/whatsnew/changelog.html,86,87,62
/fr/3/library/random.html,86,86,251
/3/howto/free-threading-python.html,84,85,114
/fr/3/howto/sorting.html,84,87,213
/fr/3/library/tkinter.html,84,87,91
/zh-cn/3/tutorial/controlflow.html,84,92,179
/ja/3/library/functions.html,83,91,172
/3/library/multiprocessing.shared_memory.html,82,85,251
/3/library/weakref.html,82,84,78
/3/library/asyncio-dev.html,81,82,136
/3/library/distutils.html,81,84,64
/3/library/unittest.mock-examples.html,81,81,10
/pt-br/3/tutorial/datastructures.html,81,84,52
/3/using/unix.html,80,81,69
/3/library/binascii.html,78,81,115
/3/library/importlib.metadata.html,78,80,79
/3/library/xml.html,78,79,123
/es/3/installing/index.html,77,82,102
/3/library/email.html,76,79,90
/ja/3/library/subprocess.html,76,80,138
/3/library/site.html,75,77,201
/3/library/stat.html,75,75,167
/ja/3/library/csv.html,73,74,52
/zh-cn/3/search.html,71,76,178
/3.14/whatsnew/3.14.html,70,71,351
/es/3/tutorial/controlflow.html,70,74,181
/ja/3/library/typing.html,70,74,82
/3/library/cmd.html,69,72,137
/3/library/html.html,69,69,34
/3/genindex-Symbols.html,68,69,55
/3/library/atexit.html,68,69,49
/fr/3/tutorial/controlflow.html,68,79,169
/3/library/dis.html,67,68,38
/3/library/py_compile.html,66,67,96
/pt-br/3/library/stdtypes.html,66,73,122
/zh-cn/3/library/re.html,66,66,120
/3/library/mmap.html,64,64,61
/3/reference/,64,66,246
/pt-br/3/library/,64,73,200
/zh-cn/3/using/index.html,64,64,55
/3/library/telnetlib.html,62,64,88
/ja/3/library/venv.html,61,62,77
/zh-cn/3/library/stdtypes.html,61,61,228
/3/genindex.html,60,60,360
/fr/3/library/functions.html,60,62,215
/fr/3/library/idle.html,60,60,38
/ja/3/tutorial/index.html,60,65,262
/zh-cn/3/using/,60,60,160
/3/library/select.html,59,63,147
/3/library/tokenize.html,59,59,140
/zh-cn/3/tutorial/introduction.html,59,63,311
/3.15/,58,58,316
/3/library/email.mime.html,57,61,90
/3/c-api/init.html,56,62,250
/3/installing/,56,57,109
/es/3/tutorial/errors.html,56,57,223
/3/library/optparse.html,55,58,149
/fr/3/tutorial/venv.html,55,56,145
/3/library/cgi.html,54,55,64
