property,value,visitors,events,percentage
url,(none),1298,1911,99.8
url,https://www.python.org/,15,15,1.2
url,https://apps.microsoft.com/detail/9NQ7512CXL7T,2,2,0.2
url,https://docs.python.org/zh-tw/3/archives/python-3.14-docs-html.zip,2,2,0.2
url,https://github.com/python/cpython/tree/3.14/Lib/venv/,2,2,0.2
url,https://packaging.python.org/installing/#requirements-for-installing-packages,2,2,0.2
url,https://pypi.org/,2,2,0.2
url,https://www.python.org/downloads/,2,2,0.2
url,https://buildozer.readthedocs.io/,1,1,0.1
url,https://devguide.python.org/documentation/start-documenting/#building-the-documentation,1,1,0.1
url,https://docs.python.org/zh-tw/3/archives/python-3.14-docs-text.zip,1,1,0.1
url,https://github.com/python/cpython/tree/3.14/Lib/bisect.py,1,1,0.1
url,https://manpages.debian.org/strftime(3),1,1,0.1
url,https://packaging.python.org/en/latest/tutorials/packaging-projects/,1,1,0.1
url,https://packaging.python.org/science/,1,1,0.1
url,https://peps.python.org/pep-0008/,1,1,0.1
url,https://peps.python.org/pep-0387/,1,1,0.1
url,https://perf.wiki.kernel.org/,1,1,0.1
url,https://www.activestate.com/products/python/,1,1,0.1
url,https://www.python.org/downloads/macos/,1,1,0.1
url,https://www.riverbankcomputing.com/static/Docs/pyqtdeploy/,1,1,0.1
