name,unique_entrances,total_entrances,visit_duration
/zh-tw/3/tutorial/index.html,74,80,157
/zh-tw/3/library/venv.html,44,44,5
/zh-tw/3/library/re.html,42,42,25
/zh-tw/3/howto/sorting.html,30,30,63
/dev/using/windows.html,28,28,168
/3/,25,26,311
/zh-tw/3.14/library/io.html,25,25,86
/zh-tw/3/library/random.html,24,24,0
/zh-tw/3/library/uuid.html,24,24,0
/zh-tw/3/library/idle.html,23,23,70
/zh-tw/3/howto/argparse.html,19,19,4
/zh-tw/3/library/index.html,19,19,75
/zh-tw/3/library/collections.html,18,19,12
/zh-tw/3/tutorial/classes.html,18,19,1
/zh-tw/dev/installing/index.html,18,18,133
/zh-tw/3/library/pathlib.html,17,17,39
/zh-tw/3/tutorial/controlflow.html,17,17,113
/zh-tw/3/tutorial/interpreter.html,17,20,18
/zh-tw/3/tutorial/venv.html,17,18,0
/zh-tw/3/using/mac.html,15,15,11
/zh-tw/3/library/bisect.html,14,15,5
/zh-tw/3/library/concurrent.futures.html,14,16,149
/zh-tw/3/library/functions.html,14,14,146
/zh-tw/3/tutorial/introduction.html,14,15,11
/zh-tw/3/library/csv.html,13,14,7
/zh-tw/3.13/library/__main__.html,11,11,20
/zh-tw/3/faq/windows.html,11,11,3
/zh-tw/3/library/heapq.html,11,11,102
/zh-tw/3/library/stdtypes.html,11,11,595
/zh-tw/3/tutorial/datastructures.html,11,12,651
/zh-tw/3/tutorial/inputoutput.html,11,11,298
/zh-tw/3/library/queue.html,10,11,0
/zh-tw/3/reference/index.html,10,11,3
/zh-tw/3/tutorial/modules.html,10,10,0
/zh-tw/3.15/using/windows.html,9,9,4
/zh-tw/3/library/string.html,9,9,188
/zh-tw/3/tutorial/errors.html,9,10,999
/zh-tw/dev/library/os.path.html,9,9,0
/zh-tw/3/,8,9,99
/zh-tw/3/library/time.html,8,8,5
/zh-tw/3/library/typing.html,8,8,0
/zh-tw/3/tutorial/,8,8,208
/zh-tw/dev/library/venv.html,8,8,20
/zh-tw/3/library/json.html,7,7,0
/zh-tw/3/library/math.html,7,7,32
/zh-tw/3/library/os.path.html,7,7,2
/zh-tw/3.13/tutorial/index.html,6,6,12
/zh-tw/3.14/tutorial/index.html,6,6,348
/zh-tw/3/library/enum.html,6,6,0
/zh-tw/3/library/functools.html,6,6,26
/zh-tw/3/library/glob.html,6,6,241
/zh-tw/3.14/,5,5,325
/zh-tw/3/contents.html,5,5,35
/zh-tw/3/glossary.html,5,5,418
/zh-tw/3/library/hashlib.html,5,5,76
/zh-tw/3/library/tempfile.html,5,5,0
/zh-tw/3/library/unittest.html,5,5,0
/zh-tw/3/library/unittest.mock.html,5,5,0
/zh-tw/3/search.html,5,5,28
/zh-tw/3/tutorial/appetite.html,5,5,77
/zh-tw/3/tutorial/floatingpoint.html,5,5,0
/zh-tw/dev/whatsnew/3.13.html,5,5,1
/3/tutorial/index.html,4,4,656
/zh-tw/3.13/tutorial/,4,4,294
/zh-tw/3.13/tutorial/classes.html,4,6,3
/zh-tw/3/download.html,4,4,11
/zh-tw/3/howto/sockets.html,4,4,284
/zh-tw/3/installing/index.html,4,4,245
/zh-tw/3/library/abc.html,4,4,0
/zh-tw/3/library/asyncio.html,4,5,213
/zh-tw/3/library/base64.html,4,4,0
/zh-tw/3/reference/import.html,4,4,0
/zh-tw/3/using/android.html,4,4,184
/zh-tw/dev/library/stdtypes.html,4,4,2
/zh-tw/dev/library/tomllib.html,4,4,102
/3/library/functions.html,3,3,14
/zh-tw/3.12/tutorial/,3,3,34
/zh-tw/3.12/using/windows.html,3,3,0
/zh-tw/3.13/library/functions.html,3,3,15
/zh-tw/3.13/library/tkinter.messagebox.html,3,3,0
/zh-tw/3.13/tutorial/controlflow.html,3,4,0
/zh-tw/3.13/tutorial/datastructures.html,3,3,2
/zh-tw/3.13/tutorial/modules.html,3,3,0
/zh-tw/3.13/whatsnew/3.12.html,3,3,0
/zh-tw/3.14/library/unittest.html,3,3,0
/zh-tw/3.14/tutorial/controlflow.html,3,3,8
/zh-tw/3/library/ast.html,3,3,0
/zh-tw/3/library/copy.html,3,3,0
/zh-tw/3/library/datetime.html,3,3,307
/zh-tw/3/library/html.parser.html,3,3,0
/zh-tw/3/library/itertools.html,3,3,20
/zh-tw/3/library/operator.html,3,3,143
/zh-tw/3/library/threading.html,3,3,0
/zh-tw/3/library/unittest.mock-examples.html,3,3,55
/zh-tw/3/library/zlib.html,3,3,0
/zh-tw/3/tutorial/stdlib.html,3,3,458
/zh-tw/dev/library/re.html,3,3,0
/zh-tw/dev/library/threading.html,3,3,0
/zh-tw/dev/library/typing.html,3,3,119
/zh-tw/dev/library/uuid.html,3,3,0
/zh-tw/dev/library/webbrowser.html,3,3,4
/zh-tw/dev/whatsnew/3.12.html,3,3,0
/3.12/search.html,2,2,134
/3.14/using/windows.html,2,2,1183
/3/library/ensurepip.html,2,2,118
/3/library/exceptions.html,2,2,6
/3/library/heapq.html,2,2,827
/3/library/sys.html,2,2,318
/3/reference/index.html,2,2,152
/3/reference/simple_stmts.html,2,2,174
/3/tutorial/controlflow.html,2,2,58
/3/tutorial/datastructures.html,2,2,2
/uk/3/library/idle.html,2,2,146
/zh-tw/3.12/index.html,2,3,644
/zh-tw/3.12/installing/index.html,2,2,476
/zh-tw/3.12/tutorial/interpreter.html,2,2,0
/zh-tw/3.13/,2,2,11
/zh-tw/3.13/glossary.html,2,2,0
/zh-tw/3.13/howto/annotations.html,2,2,0
/zh-tw/3.13/howto/sorting.html,2,2,0
/zh-tw/3.13/library/os.path.html,2,2,0
/zh-tw/3.13/library/pathlib.html,2,2,0
/zh-tw/3.13/whatsnew/3.10.html,2,2,0
/zh-tw/3.14/index.html,2,2,0
/zh-tw/3.14/library/functions.html,2,2,0
/zh-tw/3.14/library/index.html,2,2,0
/zh-tw/3.14/library/stdtypes.html,2,2,0
/zh-tw/3.14/tutorial/modules.html,2,2,0
/zh-tw/3.14/using/android.html,2,2,0
/zh-tw/3.14/using/cmdline.html,2,2,88
/zh-tw/3.15/library/dataclasses.html,2,2,0
/zh-tw/3.15/tutorial/index.html,2,3,0
/zh-tw/3.15/tutorial/inputoutput.html,2,4,0
/zh-tw/3/c-api/tuple.html,2,2,0
/zh-tw/3/faq/general.html,2,2,0
/zh-tw/3/faq/installed.html,2,2,0
/zh-tw/3/genindex-符號.html,2,2,6
/zh-tw/3/howto/logging.html,2,2,0
/zh-tw/3/index.html,2,2,1033
/zh-tw/3/library/atexit.html,2,2,0
/zh-tw/3/library/cmd.html,2,2,0
/zh-tw/3/library/distutils.html,2,2,0
/zh-tw/3/library/ensurepip.html,2,2,70
/zh-tw/3/library/exceptions.html,2,2,2
/zh-tw/3/library/gc.html,2,2,0
/zh-tw/3/library/intro.html,2,2,1
/zh-tw/3/library/pdb.html,2,2,0
/zh-tw/3/library/pickle.html,2,2,0
/zh-tw/3/library/struct.html,2,2,260
/zh-tw/3/library/urllib.request.html,2,2,2
/zh-tw/3/library/warnings.html,2,2,0
/zh-tw/3/reference/compound_stmts.html,2,2,1
/zh-tw/3/reference/grammar.html,2,2,0
/zh-tw/3/reference/introduction.html,2,2,66
/zh-tw/3/using/index.html,2,2,394
/zh-tw/3/whatsnew/3.13.html,2,2,4
/zh-tw/dev/howto/sorting.html,2,2,0
/zh-tw/dev/library/array.html,2,2,0
/zh-tw/dev/library/base64.html,2,2,0
/zh-tw/dev/library/collections.html,2,2,0
/zh-tw/dev/library/functions.html,2,2,0
/zh-tw/dev/library/math.html,2,3,0
/zh-tw/dev/library/tkinter.html,2,2,0
/zh-tw/dev/tutorial/datastructures.html,2,2,0
/zh-tw/dev/using/configure.html,2,2,0
/zh-tw/dev/whatsnew/3.15.html,2,2,0
/zh-tw/dev/whatsnew/index.html,2,2,0
/3.12/library/,1,1,249
/3.12/library/stdtypes.html,1,1,1320
/3.12/tutorial/index.html,1,1,93
/3.13/,1,1,1242
/3.13/library/argparse.html,1,1,13
/3.13/library/asyncio-dev.html,1,1,33
/3.13/library/index.html,1,1,957
/3.13/tutorial/,1,1,1088
/3.14/,1,1,534
/3.14/library/stdtypes.html,1,1,146
/3.14/library/string.html,1,1,11
/3.15/,1,1,30
/3.15/library/functions.html,1,1,12
/3.15/tutorial/index.html,1,1,926
/3.15/using/windows.html,1,1,79
/3/c-api/allocation.html,1,1,7
/3/c-api/index.html,1,1,77
/3/c-api/lifecycle.html,1,1,6230
/3/download.html,1,1,115
/3/genindex.html,1,1,142
/3/glossary.html,1,1,213
/3/howto/functional.html,1,1,0
/3/howto/regex.html,1,1,801
/3/library/asyncio.html,1,1,7
/3/library/collections.abc.html,1,1,799
/3/library/concurrent.futures.html,1,1,0
/3/library/contextvars.html,1,1,1
/3/library/dataclasses.html,1,1,2616
/3/library/gzip.html,1,1,2113
/3/library/math.html,1,1,124
/3/library/multiprocessing.html,1,1,592
/3/library/profile.html,1,1,27
/3/library/random.html,1,1,152
/3/library/re.html,1,1,5559
/3/library/string.html,1,1,108
/3/library/threading.html,1,1,12
/3/library/time.html,1,1,7
/3/library/tk.html,1,1,256
/3/library/tomllib.html,1,1,1121
/3/library/turtle.html,1,1,161
/3/library/unittest.mock.html,1,1,715
/3/library/venv.html,1,1,330
/3/license.html,1,1,719
/3/reference/,1,1,6
/3/reference/datamodel.html,1,1,608
/3/reference/import.html,1,1,26
/3/search.html,1,1,2909
/3/tutorial/introduction.html,1,1,2332
/dev/search.html,1,1,17
/fr/3.13/library/asyncio-dev.html,1,1,1021
/ja/3.14/tutorial/index.html,1,1,9
/ro/3.14/,1,1,0
/ro/3.14/search.html,1,1,51
/zh-cn/3.14/library/shutil.html,1,1,8491
/zh-cn/3.14/tutorial/index.html,1,1,113
/zh-cn/3.14/using/cmdline.html,1,1,5
/zh-cn/3.15/using/configure.html,1,1,3588
/zh-cn/3.15/using/index.html,1,1,3414
/zh-cn/3/,1,1,1118
/zh-cn/3/howto/annotations.html,1,1,82
/zh-cn/3/library/collections.html,1,1,1461
/zh-cn/3/library/functools.html,1,1,0
/zh-cn/3/library/inspect.html,1,1,2974
/zh-cn/3/reference/index.html,1,1,172
/zh-cn/3/tutorial/,1,1,166
/zh-cn/3/tutorial/index.html,1,1,8
/zh-cn/3/tutorial/introduction.html,1,1,2230
/zh-cn/3/whatsnew/3.9.html,1,1,331
/zh-tw/3.12/c-api/intro.html,1,1,0
/zh-tw/3.12/contents.html,1,1,0
/zh-tw/3.12/glossary.html,1,1,0
/zh-tw/3.12/library/dbm.html,1,1,0
/zh-tw/3.12/library/statistics.html,1,1,0
/zh-tw/3.12/library/stringprep.html,1,1,0
/zh-tw/3.12/library/turtle.html,1,1,0
/zh-tw/3.12/library/weakref.html,1,1,0
/zh-tw/3.12/search.html,1,1,478
/zh-tw/3.12/tutorial/datastructures.html,1,1,0
/zh-tw/3.12/tutorial/index.html,1,1,3384
/zh-tw/3.12/using/configure.html,1,1,43
/zh-tw/3.12/whatsnew/3.12.html,1,1,0
/zh-tw/3.13/c-api/function.html,1,1,0
/zh-tw/3.13/c-api/init.html,1,1,0
/zh-tw/3.13/c-api/perfmaps.html,1,1,0
/zh-tw/3.13/c-api/typehints.html,1,1,0
/zh-tw/3.13/contents.html,1,1,0
/zh-tw/3.13/deprecations/c-api-pending-removal-in-3.14.html,1,1,0
/zh-tw/3.13/genindex-O.html,1,1,0
/zh-tw/3.13/genindex-T.html,1,1,0
/zh-tw/3.13/genindex-U.html,1,1,0
/zh-tw/3.13/genindex-W.html,1,1,0
/zh-tw/3.13/genindex-符號.html,1,1,0
/zh-tw/3.13/howto/perf_profiling.html,1,1,0
/zh-tw/3.13/index.html,1,1,0
/zh-tw/3.13/installing/index.html,1,1,0
/zh-tw/3.13/library/__future__.html,1,1,0
/zh-tw/3.13/library/asyncio-dev.html,1,1,0
/zh-tw/3.13/library/asyncio-sync.html,1,1,0
/zh-tw/3.13/library/asyncio-task.html,1,1,0
/zh-tw/3.13/library/collections.html,1,1,0
/zh-tw/3.13/library/ctypes.html,1,1,0
/zh-tw/3.13/library/html.entities.html,1,1,0
/zh-tw/3.13/library/importlib.resources.html,1,1,0
/zh-tw/3.13/library/intro.html,1,1,6
/zh-tw/3.13/library/io.html,1,1,0
/zh-tw/3.13/library/math.html,1,1,0
/zh-tw/3.13/library/multiprocessing.shared_memory.html,1,1,22
/zh-tw/3.13/library/random.html,1,1,1322
/zh-tw/3.13/library/threading.html,1,1,0
/zh-tw/3.13/library/tkinter.html,1,1,0
/zh-tw/3.13/library/tkinter.scrolledtext.html,1,1,0
/zh-tw/3.13/library/token.html,1,1,0
/zh-tw/3.13/library/xml.html,1,1,0
/zh-tw/3.13/reference/lexical_analysis.html,1,1,0
/zh-tw/3.13/tutorial/introduction.html,1,1,0
/zh-tw/3.13/using/configure.html,1,1,0
/zh-tw/3.13/whatsnew/3.11.html,1,1,0
/zh-tw/3.13/whatsnew/3.13.html,1,1,7
/zh-tw/3.13/whatsnew/3.3.html,1,1,0
/zh-tw/3.13/whatsnew/3.4.html,1,1,0
/zh-tw/3.13/whatsnew/changelog.html,1,1,0
/zh-tw/3.14/c-api/allocation.html,1,1,2115
/zh-tw/3.14/c-api/apiabiversion.html,1,1,4
/zh-tw/3.14/download.html,1,1,0
/zh-tw/3.14/genindex-F.html,1,1,0
/zh-tw/3.14/genindex-R.html,1,1,0
/zh-tw/3.14/genindex-符號.html,1,1,0
/zh-tw/3.14/library/,1,1,49
/zh-tw/3.14/library/asyncio-task.html,1,1,0
/zh-tw/3.14/library/calendar.html,1,1,38
/zh-tw/3.14/library/ftplib.html,1,1,0
/zh-tw/3.14/library/os.html,1,1,0
/zh-tw/3.14/library/pdb.html,1,1,0
