name,version,visitors
Chrome,142.0,909
Chrome,143.0,488
Microsoft Edge,143.0,177
Firefox,145.0,140
Opera,124.0,132
Chrome,126.0,114
Chrome,139.0,102
Microsoft Edge,142.0,65
Safari,26.1,25
Safari,18.6,22
Chrome,138.0,19
Firefox,140.0,17
Chrome,141.0,12
Mobile App,(not set),10
Firefox,115.0,10
Mobile App,142.0,10
Chrome,109.0,9
Chrome,122.0,8
Safari,17.6,8
Safari,18.7,7
Chrome,125.0,6
Firefox,128.0,5
Chrome,134.0,5
Chrome,140.0,5
Safari,18.5,5
Samsung Browser,29.0,5
Chrome,83.0,5
Opera,123.0,4
Chrome,131.0,4
Firefox,136.0,4
Microsoft Edge,141.0,4
Avast Secure Browser,142.0,4
Firefox,146.0,4
Safari,15.6,4
Samsung Browser,26.0,4
Chrome,69.0,4
Chrome,111.0,3
Chrome,123.0,3
Chrome,133.0,3
Chrome,135.0,3
Chrome,136.0,3
Firefox,143.0,3
Safari,18.3,3
Chrome,93.0,3
Chrome,106.0,2
Chrome,116.0,2
Chrome,117.0,2
Chrome,118.0,2
Opera,125.0,2
Firefox,137.0,2
Mobile App,137.0,2
Microsoft Edge,140.0,2
Firefox,142.0,2
Safari,16.4,2
Safari,26.0,2
Firefox,5.0,2
(not set),(not set),1
Chrome,100.0,1
Chrome,103.0,1
Chrome,108.0,1
Microsoft Edge,109.0,1
Microsoft Edge,111.0,1
Chrome,112.0,1
Chrome,114.0,1
Safari,12.1,1
Chrome,121.0,1
Chrome,124.0,1
Chrome,130.0,1
Chrome,132.0,1
Microsoft Edge,137.0,1
Chrome,137.0,1
Microsoft Edge,138.0,1
AVG Secure Browser,142.0,1
Firefox,144.0,1
Firefox,147.0,1
Safari,15.4,1
Safari,16.6,1
Safari,18.0,1
Safari,18.4,1
Chrome,80.0,1
Chrome,86.0,1
Chrome,91.0,1
