property,value,visitors,events,percentage
url,(none),16468,32664,99.4
url,https://www.python.org/,338,361,2.0
url,https://peps.python.org/pep-0745/,227,247,1.4
url,https://www.python.org/downloads/,206,236,1.2
url,https://apps.microsoft.com/detail/9NQ7512CXL7T,64,69,0.4
url,https://wiki.python.org/moin/BeginnersGuide,29,29,0.2
url,https://peps.python.org/pep-0649/,22,22,0.1
url,https://docs.python.org/zh-cn/3.14/archives/python-3.14-docs-html.zip,21,24,0.1
url,https://docs.python.org/3.14/archives/python-3.14-docs-html.zip,20,24,0.1
url,https://peps.python.org/pep-0779/,18,18,0.1
url,https://pypi.org/,15,15,0.1
url,https://docs.python.org/3.14/archives/python-3.14-docs-text.zip,11,12,0.1
url,https://docs.python.org/zh-cn/3.14/archives/python-3.14-docs-text.zip,11,11,0.1
url,https://docs.python.org/zh-cn/3.14/archives/python-3.14-docs.epub,11,11,0.1
url,https://peps.python.org/pep-0703/,11,11,0.1
url,https://packaging.python.org/en/latest/tutorials/packaging-projects/,10,11,0.1
url,https://peps.python.org/pep-0749/,10,10,0.1
url,https://peps.python.org/pep-0750/,10,10,0.1
url,https://devguide.python.org/documentation/start-documenting/#building-the-documentation,9,12,0.1
url,https://peps.python.org/,8,10,0.0
url,https://www.python.org/doc/versions/,8,8,0.0
url,https://github.com/python/cpython/tree/3.14/Lib/idlelib/,7,7,0.0
url,https://packaging.python.org/en/latest/tutorials/installing-packages/#ensure-pip-setuptools-and-wheel-are-up-to-date,7,8,0.0
url,https://devguide.python.org/,6,7,0.0
url,https://packaging.python.org/,6,6,0.0
url,https://wiki.python.org/moin/PythonBooks,6,6,0.0
url,https://packaging.python.org/installing/,5,5,0.0
url,https://packaging.python.org/installing/#creating-virtual-environments,5,9,0.0
url,https://packaging.python.org/science/,5,6,0.0
url,https://www.python.org/downloads/macos/,5,5,0.0
url,https://docs.python.org/3.14/archives/python-3.14-docs-html.tar.bz2,4,4,0.0
url,https://docs.python.org/3.14/archives/python-3.14-docs.epub,4,4,0.0
url,https://docs.python.org/fr/3.14/archives/python-3.14-docs-text.zip,4,4,0.0
url,https://docs.python.org/zh-cn/3.14/archives/python-3.14-docs-html.tar.bz2,4,4,0.0
url,https://github.com/python/cpython/issues/139810,4,4,0.0
url,https://github.com/python/cpython/tree/3.14/Lib/turtle.py,4,6,0.0
url,https://github.com/python/pythoncapi-compat/,4,4,0.0
url,https://peps.python.org/pep-0734/,4,4,0.0
url,https://peps.python.org/pep-0768/,4,4,0.0
url,https://tkdocs.com/,4,4,0.0
url,https://devguide.python.org/documentation/help-documenting/,3,3,0.0
url,https://discuss.python.org/t/84319/123,3,3,0.0
url,https://docs.python.org/es/3.14/archives/python-3.14-docs-html.zip,3,3,0.0
url,https://docs.python.org/it/3.14/archives/python-3.14-docs.epub,3,3,0.0
url,https://docs.python.org/pt-br/3.14/archives/python-3.14-docs-text.zip,3,4,0.0
url,https://docs.python.org/zh-cn/3.14/archives/python-3.14-docs-texinfo.zip,3,3,0.0
url,https://github.com/python/cpython/blob/main/Doc/library/index.rst?plain=1,3,3,0.0
url,https://github.com/python/cpython/issues/131507,3,5,0.0
url,https://github.com/python/cpython/tree/3.14/Lib/string.py,3,3,0.0
url,https://github.com/python/cpython/tree/3.14/Lib/webbrowser.py,3,3,0.0
url,https://packaging.python.org/extensions/,3,3,0.0
url,https://packaging.python.org/guides/installing-using-pip-and-virtual-environments/#create-and-use-virtual-environments,3,3,0.0
url,https://packaging.python.org/installing/#requirements-for-installing-packages,3,3,0.0
url,https://peps.python.org/pep-0492/,3,3,0.0
url,https://peps.python.org/pep-0636/,3,3,0.0
url,https://discuss.python.org/t/37075,2,2,0.0
url,https://docs.python.org/3.14/archives/python-3.14-docs-texinfo.zip,2,2,0.0
url,https://docs.python.org/el/3.14/archives/python-3.14-docs-html.zip,2,2,0.0
url,https://docs.python.org/es/3.14/archives/python-3.14-docs-text.zip,2,2,0.0
url,https://docs.python.org/es/3.14/archives/python-3.14-docs.epub,2,2,0.0
url,https://docs.python.org/fr/3.14/archives/python-3.14-docs-html.zip,2,2,0.0
url,https://docs.python.org/pt-br/3.14/archives/python-3.14-docs-html.zip,2,2,0.0
url,https://docs.python.org/zh-cn/3.14/archives/python-3.14-docs-text.tar.bz2,2,3,0.0
url,https://en.wikipedia.org/wiki/Fibonacci_sequence,2,2,0.0
url,https://github.com/python/cpython/blob/main/Doc/library/ftplib.rst?plain=1,2,3,0.0
url,https://github.com/python/cpython/blob/main/Doc/tutorial/appetite.rst?plain=1,2,2,0.0
url,https://github.com/python/cpython/blob/main/Doc/tutorial/index.rst?plain=1,2,3,0.0
url,https://github.com/python/cpython/issues,2,3,0.0
url,https://github.com/python/cpython/issues/118655,2,2,0.0
url,https://github.com/python/cpython/issues/137484,2,2,0.0
url,https://github.com/python/cpython/tree/3.14/Lib/idlelib,2,2,0.0
url,https://learn.microsoft.com/windows-hardware/drivers/kernel/high-resolution-timers,2,2,0.0
url,https://mail.python.org/mailman3/lists/core-mentorship.python.org/,2,2,0.0
url,https://peps.python.org/pep-0008/,2,2,0.0
url,https://peps.python.org/pep-0011/#tier-3,2,2,0.0
url,https://peps.python.org/pep-0758/,2,2,0.0
url,https://pypi.org/project/telnetlib3/,2,2,0.0
url,https://requests.readthedocs.io/en/master/,2,2,0.0
url,https://www.activestate.com/products/python/,2,2,0.0
url,https://www.debian.org/doc/manuals/maint-guide/first.en.html,2,4,0.0
url,https://www.tkdocs.com/shipman/,2,2,0.0
url,https://beeware.org/,1,1,0.0
url,https://briefcase.readthedocs.io/,1,1,0.0
url,https://cibuildwheel.pypa.io/en/stable/platforms/#android,1,1,0.0
url,https://clang.llvm.org/docs/AttributeReference.html#preserve-none,1,1,0.0
url,https://core.tcl.tk/tips/doc/trunk/tip/48.md,1,1,0.0
url,https://datatracker.ietf.org/doc/html/rfc6531.html,1,1,0.0
url,https://datatracker.ietf.org/doc/html/rfc9559.html,1,1,0.0
url,https://datatracker.ietf.org/doc/html/rfc9562.html,1,1,0.0
url,https://datatracker.ietf.org/doc/html/rfc9562.html#section-5.6,1,1,0.0
url,https://datatracker.ietf.org/doc/html/rfc9562.html#section-5.7,1,1,0.0
url,https://docs.python.domainunion.de/3.14/archives/python-3.14-docs-texinfo.zip,1,1,0.0
url,https://docs.python.domainunion.de/3.14/archives/python-3.14-docs.epub,1,1,0.0
url,https://docs.python.org/fr/3.14/archives/python-3.14-docs-texinfo.zip,1,1,0.0
url,https://docs.python.org/it/3.14/archives/python-3.14-docs-html.zip,1,1,0.0
url,https://docs.python.org/ja/3.14/archives/python-3.14-docs-html.tar.bz2,1,1,0.0
url,https://docs.python.org/ja/3.14/archives/python-3.14-docs-html.zip,1,1,0.0
url,https://docs.python.org/pt-br/3.14/archives/python-3.14-docs-html.tar.bz2,1,1,0.0
url,https://docs.python.org/tr/3.14/archives/python-3.14-docs-html.zip,1,1,0.0
url,https://docs.python.org/zh-cn/3.14/archives/python-3.14-docs-texinfo.tar.bz2,1,1,0.0
url,https://docutils.sourceforge.io/,1,1,0.0
url,https://en.cppreference.com/w/c/11,1,1,0.0
url,https://en.wikipedia.org/wiki/Arity,1,1,0.0
url,https://en.wikipedia.org/wiki/Hyperbolic_functions,1,1,0.0
url,https://en.wikipedia.org/wiki/Leap_second,1,1,0.0
url,https://en.wikipedia.org/wiki/Turtle_(robot),1,1,0.0
url,https://en.wikipedia.org/wiki/Unix_time,1,1,0.0
url,https://facebook.github.io/zstd/,1,2,0.0
url,https://github.com/python/cpython/blob/main/Doc/about.rst?plain=1,1,1,0.0
url,https://github.com/python/cpython/blob/main/Doc/c-api/list.rst?plain=1,1,1,0.0
url,https://github.com/python/cpython/blob/main/Doc/contents.rst?plain=1,1,2,0.0
url,https://github.com/python/cpython/blob/main/Doc/library/functions.rst?plain=1,1,1,0.0
url,https://github.com/python/cpython/blob/main/Doc/library/idle.rst?plain=1,1,1,0.0
url,https://github.com/python/cpython/blob/main/Doc/library/intro.rst?plain=1,1,1,0.0
url,https://github.com/python/cpython/blob/main/Doc/library/random.rst?plain=1,1,2,0.0
url,https://github.com/python/cpython/blob/main/Doc/tutorial/whatnow.rst?plain=1,1,1,0.0
url,https://github.com/python/cpython/blob/main/Doc/whatsnew/3.10.rst?plain=1,1,1,0.0
url,https://github.com/python/cpython/blob/main/Doc/whatsnew/3.14.rst?plain=1,1,1,0.0
url,https://github.com/python/cpython/blob/main/Doc/whatsnew/index.rst?plain=1,1,1,0.0
url,https://github.com/python/cpython/issues/115032,1,1,0.0
url,https://github.com/python/cpython/issues/118767,1,1,0.0
url,https://github.com/python/cpython/issues/118805,1,1,0.0
url,https://github.com/python/cpython/issues/120743,1,1,0.0
url,https://github.com/python/cpython/issues/121797,1,1,0.0
url,https://github.com/python/cpython/issues/122875,1,1,0.0
url,https://github.com/python/cpython/issues/125767,1,1,0.0
url,https://github.com/python/cpython/issues/126899,1,1,0.0
url,https://github.com/python/cpython/issues/127221,1,1,0.0
url,https://github.com/python/cpython/issues/127949,1,1,0.0
url,https://github.com/python/cpython/issues/130010,1,1,0.0
url,https://github.com/python/cpython/issues/131831,1,1,0.0
url,https://github.com/python/cpython/issues/132983,1,1,0.0
url,https://github.com/python/cpython/issues/137243,1,1,0.0
url,https://github.com/python/cpython/issues/139640,1,1,0.0
url,https://github.com/python/cpython/issues/140482,1,1,0.0
url,https://github.com/python/cpython/issues/58032,1,2,0.0
url,https://github.com/python/cpython/issues/69605,1,1,0.0
url,https://github.com/python/cpython/tree/3.14/Lib/_collections_abc.py,1,2,0.0
url,https://github.com/python/cpython/tree/3.14/Lib/asyncio/coroutines.py,1,1,0.0
url,https://github.com/python/cpython/tree/3.14/Lib/asyncio/subprocess.py,1,1,0.0
url,https://github.com/python/cpython/tree/3.14/Lib/codecs.py,1,1,0.0
url,https://github.com/python/cpython/tree/3.14/Lib/concurrent/futures/thread.py,1,1,0.0
url,https://github.com/python/cpython/tree/3.14/Lib/concurrent/interpreters,1,1,0.0
url,https://github.com/python/cpython/tree/3.14/Lib/ctypes,1,1,0.0
url,https://github.com/python/cpython/tree/3.14/Lib/enum.py,1,1,0.0
url,https://github.com/python/cpython/tree/3.14/Lib/ftplib.py,1,1,0.0
url,https://github.com/python/cpython/tree/3.14/Lib/functools.py,1,1,0.0
url,https://github.com/python/cpython/tree/3.14/Lib/graphlib.py,1,1,0.0
url,https://github.com/python/cpython/tree/3.14/Lib/heapq.py,1,1,0.0
url,https://github.com/python/cpython/tree/3.14/Lib/multiprocessing/,1,1,0.0
url,https://github.com/python/cpython/tree/3.14/Lib/numbers.py,1,1,0.0
url,https://github.com/python/cpython/tree/3.14/Lib/pathlib/,1,1,0.0
url,https://github.com/python/cpython/tree/3.14/Lib/pprint.py,1,1,0.0
url,https://github.com/python/cpython/tree/3.14/Lib/random.py,1,1,0.0
url,https://github.com/python/cpython/tree/3.14/Lib/re/,1,1,0.0
url,https://github.com/python/cpython/tree/3.14/Lib/sqlite3/,1,1,0.0
url,https://github.com/python/cpython/tree/3.14/Lib/string/templatelib.py,1,1,0.0
url,https://github.com/python/cpython/tree/3.14/Lib/subprocess.py,1,1,0.0
url,https://github.com/python/cpython/tree/3.14/Lib/tkinter/ttk.py,1,1,0.0
url,https://github.com/python/cpython/tree/3.14/README.rst,1,1,0.0
url,https://learn.microsoft.com/uwp/api/windows.management.deployment.packagemanager,1,1,0.0
url,https://manpages.debian.org/flock(2),1,1,0.0
url,https://manpages.debian.org/recv(2),1,1,0.0
url,https://mypy.readthedocs.io/en/stable/cheat_sheet_py3.html,1,1,0.0
url,https://peps.python.org/pep-0007/,1,1,0.0
url,https://peps.python.org/pep-0318/,1,1,0.0
url,https://peps.python.org/pep-0484/,1,1,0.0
url,https://peps.python.org/pep-0557/,1,1,0.0
url,https://peps.python.org/pep-0612/,1,1,0.0
url,https://peps.python.org/pep-0618/,1,1,0.0
url,https://peps.python.org/pep-0646/,1,1,0.0
url,https://peps.python.org/pep-0667/,1,1,0.0
url,https://peps.python.org/pep-0683/,1,1,0.0
url,https://peps.python.org/pep-0684/,1,1,0.0
url,https://peps.python.org/pep-0686/,1,1,0.0
url,https://peps.python.org/pep-0741/,1,1,0.0
url,https://peps.python.org/pep-0776/,1,1,0.0
url,https://peps.python.org/pep-0784/,1,1,0.0
url,https://peps.python.org/pep-3101/,1,1,0.0
url,https://peps.python.org/pep-3107/,1,1,0.0
url,https://peps.python.org/pep-3147/,1,1,0.0
url,https://pypi.org/project/more-itertools/,1,1,0.0
url,https://pypi.org/project/pip/,1,1,0.0
url,https://pypi.org/project/pygame/,1,1,0.0
url,https://pypi.org/project/regex/,1,1,0.0
url,https://pypi.org/project/setuptools/,1,1,0.0
url,https://support.apple.com/en-us/HT201732,1,1,0.0
url,https://tiswww.case.edu/php/chet/readline/rltop.html,1,1,0.0
url,https://translate.google.com/website?sl=auto&tl=ja&hl=ja&u=https://www.python.org/downloads/,1,1,0.0
url,https://udrepper.livejournal.com/20407.html,1,1,0.0
url,https://wasi.dev/,1,1,0.0
url,https://wasmtime.dev/,1,1,0.0
url,https://wiki.python.org/moin/GuiProgramming,1,1,0.0
url,https://wiki.python.org/moin/IntegratedDevelopmentEnvironments,1,1,0.0
url,https://www.anaconda.com/download/,1,1,0.0
url,https://www.boddie.org.uk/python/COM.html,1,1,0.0
url,https://www.nuget.org/packages/pythonarm64-freethreaded,1,1,0.0
url,https://www.python.org/ftp/python/3.13.1/win32/launcher.msi,1,1,0.0
url,https://www.sigstore.dev/,1,1,0.0
url,https://www.sphinx-doc.org/,1,1,0.0
url,https://www.sqlite.org/,1,1,0.0
url,https://www.sqlite.org/uri.html,1,1,0.0
url,https://www.tcl.tk/,1,1,0.0
url,https://www.unicode.org/versions/Unicode16.0.0/core-spec/chapter-4/#G91002,1,2,0.0
url,https://xkcd.com/936/,1,1,0.0
