name,visitors
Tokyo,174
Bengaluru,168
Singapore,140
Moscow,125
Hyderabad,125
Hong Kong,115
Beijing,111
Tel Aviv,106
Sydney,105
Chennai,102
Shanghai,101
Guangzhou,97
Mumbai,95
Hanoi,93
Los Angeles,89
Pune,85
Ho Chi Minh City,79
New York City,73
Saint Petersburg,69
Amsterdam,68
San Jose,64
Melbourne,61
Taipei,58
Shenzhen,58
Bangkok,55
Paris,55
Cairo,52
Kolkata,52
Seattle,52
Lima,51
Istanbul,49
Jakarta,49
New Delhi,48
Chengdu,48
Berlin,48
Warsaw,47
Frankfurt am Main,45
São Paulo,44
Kyiv,42
Jerusalem,41
London,41
Nairobi,37
Tashkent,37
Xi’an,37
Auckland,37
Kuala Lumpur,36
N/A,36
Karachi,35
Coimbatore,35
Hangzhou,34
Seoul,34
Minsk,33
Zürich,33
Prague,33
Bogotá,33
Ankara,32
Changsha,32
Delhi,31
Osaka,31
Brisbane,31
Dhaka,30
Vienna,30
San Francisco,30
Wuhan,29
Nanjing,29
Dublin,29
Chicago,29
Lucknow,28
Ashburn,28
Riyadh,27
Ahmedabad,27
Stockholm,27
Krasnodar,26
Cochin,25
Madrid,25
Houston,25
Lahore,24
Colombo,24
Taichung,24
Toronto,24
Jaipur,23
Santiago,23
Phoenix,23
Budapest,22
Amman,21
Novosibirsk,21
Zhengzhou,21
Yokohama,21
Quito,21
Montréal,21
Athens,20
Ufa,20
Bucharest,20
Lisbon,20
Barcelona,20
Milan,20
Miami,20
Austin,20
Jeddah,19
Addis Ababa,19
Giza,19
Helsinki,19
Suzhou,19
Perth,19
Atlanta,19
Nagpur,18
Yekaterinburg,18
Seongnam-si,18
Munich,18
Wrocław,18
Poznań,18
Kraków,18
Vancouver,18
Noida,18
Salem,17
Patna,17
Phnom Penh,17
N/A,17
Accra,17
Oslo,17
Rome,17
N/A,17
Baghdad,16
Nizhniy Novgorod,16
Sofia,16
Suwon,16
Santa Clara,16
İzmir,15
Dehra Dūn,15
Quezon City,15
Tianjin,15
Chongqing,15
Medellín,15
Boston,15
San Diego,15
Bhopāl,14
Kathmandu,14
Manila,14
Nanchang,14
Fuzhou,14
Brasília,14
San Antonio,14
N/A,14
Rishon LeẔiyyon,13
Rostov-na-Donu,13
Baku,13
Johannesburg,13
Indore,13
Chelyabinsk,13
Qingdao,13
Nanning,13
N/A,13
Adelaide,13
Lagos,13
Manchester,13
Stuttgart,13
Hamburg,13
Brooklyn,13
Boardman,13
Dubai,12
Vilnius,12
Dnipro,12
Tyumen,12
Krasnoyarsk,12
Kaohsiung,12
Liaocheng,12
N/A,12
Fortaleza,12
Santo Domingo,12
Guayaquil,12
Dallas,12
Petaẖ Tiqwa,11
Lviv,11
Thessaloníki,11
Vadodara,11
Bhubaneshwar,11
Petaling Jaya,11
Shijiazhuang,11
Kunming,11
Jinan,11
Spreitenbach,11
Köln,11
Rio de Janeiro,11
Belo Horizonte,11
Alexandria,10
Kazan,10
Tbilisi,10
Visakhapatnam,10
Surat,10
Kozhikode,10
Ghāziābād,10
Almaty,10
Bishkek,10
Taoyuan,10
Dalian,10
Casablanca,10
Copenhagen,10
Leeds,10
Haarlem,10
Nürnberg,10
Recife,10
Montevideo,10
Curitiba,10
Puebla,10
Oakland,10
Denver,10
N/A,10
Voronezh,9
Belgrade,9
Ranchi,9
Chandīgarh,9
Da Nang,9
Incheon,9
Nagoya,9
Shenyang,9
Abidjan,9
Abuja,9
Batna,9
Kensington,9
Cape Town,9
Guatemala City,9
Tijuana,9
Orlando,9
Charlotte,9
Herndon,9
Cambridge,9
San Mateo,9
Las Vegas,9
Ottawa,9
Dammam,8
Abu Dhabi,8
H̱olon,8
Pretoria,8
Islamabad,8
Faisalabad,8
Thāne,8
Raipur,8
Omsk,8
Chang-hua,8
Xiaogan,8
Xiamen,8
Ningbo,8
Dongguan,8
Harbin,8
Canberra,8
Salford,8
Bristol,8
The Hague,8
Antwerpen,8
Essen,8
Düsseldorf,8
Dresden,8
Zagreb,8
Jundiaí,8
Goiânia,8
Blumenau,8
San Salvador,8
Benito Juarez,8
Córdoba,8
La Paz,8
Zapopan,8
Washington,8
Philadelphia,8
Buffalo,8
Fremont,8
Portland,8
Mississauga,8
N/A,8
Tehran,7
Antalya,7
Riga,7
Yaroslavl,7
Samara,7
Perm,7
Odessa,7
Kharkiv,7
Peshawar,7
Medan,7
Vijayawada,7
Thrissur,7
Nur-Sultan,7
Tangerang,7
N/A,7
Wuxi,7
Wuhu,7
Pingdingshan,7
Guiyang,7
Wan Chai,7
Goyang-si,7
Port Harcourt,7
Naaldwijk,7
Ingolstadt,7
Hannover,7
Łódź,7
Gdańsk,7
Bologna,7
Porto Alegre,7
Campinas,7
Mérida,7
San José,7
