name,visitors,pageviews,bounce_rate,time_on_page,scroll_depth
/it/3.13/tutorial/index.html,32,34,56,28,41
/it/3/tutorial/index.html,28,37,43,30,59
/it/3.13/,25,25,33,10,73
/it/3.13/search.html,18,22,0,16,67
/it/3.13/tutorial/appetite.html,14,11,100,37,91
/it/3.13/tutorial/introduction.html,14,12,75,210,76
/it/3.13/tutorial/interpreter.html,13,11,0,107,63
/it/3.13/tutorial/controlflow.html,12,11,67,93,41
/it/3.13/tutorial/,10,11,50,105,27
/it/3.14/whatsnew/3.14.html,10,10,50,30,6
/it/3/tutorial/inputoutput.html,10,9,100,62,46
/it/3/tutorial/interpreter.html,10,9,50,12,69
/it/3/tutorial/datastructures.html,9,7,83,11,28
/it/3.13/library/stdtypes.html,8,5,0,73,28
/it/3.13/library/index.html,7,12,33,22,30
/it/3.13/library/tkinter.html,7,6,100,14,29
/it/3.13/reference/index.html,7,5,0,10,52
/it/3.13/glossary.html,6,6,0,25,28
/it/3.13/library/functions.html,6,4,0,18,33
/it/3.13/py-modindex.html,6,4,0,16,16
/it/3.13/tutorial/datastructures.html,6,4,50,43,61
/it/3/library/stdtypes.html,6,5,100,25,43
/it/3/tutorial/classes.html,6,6,100,15,16
/it/3/tutorial/controlflow.html,6,7,50,102,28
/it/3.13/installing/index.html,5,4,0,17,61
/it/3.13/using/windows.html,5,5,100,23,12
/it/3/,5,6,0,9,76
/it/3/tutorial/introduction.html,5,4,100,307,64
/it/3/tutorial/modules.html,5,4,100,19,43
/it/3.12/tutorial/,4,6,50,451,58
/it/3.13/genindex.html,4,6,0,8,100
/it/3.13/library/venv.html,4,4,0,38,34
/it/3.13/reference/lexical_analysis.html,4,3,0,97,51
/it/3.15/,4,2,0,3,56
/it/3/tutorial/appendix.html,4,3,0,23,38
/it/3/tutorial/appetite.html,4,3,0,6,84
/it/3/tutorial/stdlib.html,4,4,100,27,59
/it/3/tutorial/stdlib2.html,4,4,0,156,71
/it/3.13/genindex-A.html,3,3,0,9,11
/it/3.13/tutorial/classes.html,3,3,100,12,18
/it/3.13/whatsnew/3.13.html,3,3,0,58,14
/it/3/library/functions.html,3,3,100,98,62
/it/3.12/library/tkinter.html,2,2,0,71,11
/it/3.12/reference/index.html,2,1,0,13,39
/it/3.13/faq/general.html,2,1,0,33,28
/it/3.13/faq/index.html,2,2,0,5,100
/it/3.13/genindex-all.html,2,1,0,57,100
/it/3.13/index.html,2,2,0,10,83
/it/3.13/library/idle.html,2,3,0,57,9
/it/3.13/library/random.html,2,1,0,5,5
/it/3.13/library/socket.html,2,1,0,108,92
/it/3.13/library/string.html,2,2,0,20,7
/it/3.13/library/tk.html,2,1,0,9,33
/it/3.13/reference/executionmodel.html,2,1,0,27,100
/it/3.13/reference/import.html,2,1,100,8,15
/it/3.13/tutorial/stdlib2.html,2,2,100,7,99
/it/3.13/whatsnew/changelog.html,2,3,0,23,0
/it/3.15/library/stdtypes.html,2,1,100,116,20
/it/3.15/reference/introduction.html,2,1,100,15,100
/it/3/library/calendar.html,2,1,0,0,8
/it/3/library/copy.html,2,1,0,0,44
/it/3/library/datatypes.html,2,1,0,0,33
/it/3/library/datetime.html,2,1,0,0,2
/it/3/library/dbm.html,2,1,0,0,12
/it/3/library/filesys.html,2,1,0,1,54
/it/3/library/graphlib.html,2,1,0,0,24
/it/3/library/index.html,2,3,0,1,11
/it/3/library/numeric.html,2,1,0,0,44
/it/3/library/pathlib.html,2,1,0,0,3
/it/3/library/persistence.html,2,1,0,0,45
/it/3/library/rlcompleter.html,2,2,0,0,70
/it/3/library/stringprep.html,2,1,0,0,43
/it/3/library/struct.html,2,1,0,1,9
/it/3/library/text.html,2,1,0,0,57
/it/3/library/weakref.html,2,1,0,1,9
/it/3/reference/compound_stmts.html,2,1,0,0,3
/it/3/reference/datamodel.html,2,1,0,0,2
/it/3/reference/executionmodel.html,2,1,0,0,16
/it/3/reference/expressions.html,2,1,0,1,3
/it/3/reference/grammar.html,2,1,0,0,5
/it/3/reference/index.html,2,2,0,2,34
/it/3/reference/lexical_analysis.html,2,1,0,0,6
/it/3/reference/toplevel_components.html,2,1,0,0,60
/it/3/tutorial/errors.html,2,1,0,0,7
/it/3/tutorial/interactive.html,2,1,0,0,86
/it/3/tutorial/venv.html,2,2,100,6,26
/it/3/tutorial/whatnow.html,2,2,0,19,76
/it/3/using/android.html,2,1,0,0,62
/it/3/using/configure.html,2,1,0,0,4
/it/3/using/ios.html,2,1,0,0,13
/it/3/using/mac.html,2,1,0,0,12
/it/3/whatsnew/3.13.html,2,2,0,40,13
/it/3.12/library/index.html,1,1,0,16,9
/it/3.12/tutorial/appetite.html,1,1,0,27,100
/it/3.12/tutorial/datastructures.html,1,1,100,,
/it/3.12/tutorial/errors.html,1,1,100,63,48
/it/3.12/tutorial/index.html,1,1,0,26,98
/it/3.12/tutorial/introduction.html,1,1,100,,
/it/3.12/tutorial/modules.html,1,1,100,1217,75
/it/3.12/tutorial/venv.html,1,1,0,,
