name,unique_exits,total_exits,exit_rate
/en/latest/tutorials/installing-packages/,9314,9503,
/en/latest/guides/installing-using-pip-and-virtual-environments/,2150,2201,
/en/latest/guides/writing-pyproject-toml/,1807,1851,
/en/latest/tutorials/packaging-projects/,1730,1778,
/en/latest/guides/tool-recommendations/,1089,1094,
/en/latest/,489,502,
/en/latest/glossary/,399,399,
/en/latest/key_projects/,361,364,
/en/latest/guides/distributing-packages-using-setuptools/,322,326,
/en/latest/overview/,199,199,
/en/latest/specifications/pyproject-toml/,192,198,
/en/latest/discussions/src-layout-vs-flat-layout/,178,184,
/en/latest/guides/installing-using-linux-tools/,176,178,
/en/latest/specifications/version-specifiers/,157,158,
/en/latest/tutorials/managing-dependencies/,157,158,
/en/latest/specifications/dependency-specifiers/,143,146,
/en/latest/guides/packaging-namespace-packages/,123,125,
/en/latest/specifications/entry-points/,120,120,
/en/latest/guides/hosting-your-own-index/,107,107,
/en/latest/discussions/versioning/,90,95,
/en/latest/guides/section-install/,86,86,
/en/latest/guides/creating-command-line-tools/,84,81,
/en/latest/flow/,71,69,
/en/latest/guides/,68,68,
/en/latest/guides/publishing-package-distribution-releases-using-github-actions-ci-cd-workflows/,68,68,
/en/latest/discussions/setup-py-deprecated/,67,67,
/en/latest/specifications/core-metadata/,67,69,
/en/latest/specifications/pypirc/,66,68,
/en/latest/guides/installing-stand-alone-command-line-tools/,63,64,
/en/latest/search/,63,63,
/en/latest/guides/section-build-and-publish/,60,61,
/en/latest/guides/modernize-setup-py-project/,59,63,
/en/latest/guides/creating-and-discovering-plugins/,49,51,
/en/latest/specifications/binary-distribution-format/,49,49,
/en/latest/specifications/pylock-toml/,49,51,
/en/latest/discussions/install-requires-vs-requirements/,47,48,
/en/latest/discussions/single-source-version/,47,47,
/en/latest/discussions/package-formats/,46,47,
/en/latest/specifications/inline-script-metadata/,46,47,
/en/latest/specifications/platform-compatibility-tags/,45,47,
/en/latest/specifications/dependency-groups/,43,45,
/en/latest/tutorials/,43,43,
/en/latest/guides/using-testpypi/,41,42,
/en/latest/guides/installing-using-virtualenv/,39,39,
/en/latest/discussions/distribution-package-vs-import-package/,36,36,
/en/latest/specifications/,35,35,
/en/latest/guides/using-manifest-in/,34,34,
/en/latest/specifications/name-normalization/,34,34,
/en/latest/guides/installing-scientific-packages/,33,33,
/en/latest/guides/analyzing-pypi-package-downloads/,30,30,
/en/latest/guides/making-a-pypi-friendly-readme/,30,30,
/en/latest/guides/packaging-binary-extensions/,30,30,
/en/latest/discussions/deploying-python-applications/,28,27,
/en/latest/specifications/externally-managed-environments/,27,27,
/en/latest/specifications/simple-repository-api/,27,27,
/en/latest/guides/index-mirrors-and-caches/,24,24,
/en/latest/discussions/pip-vs-easy-install/,23,23,
/en/latest/guides/licensing-examples-and-user-scenarios/,16,16,
/en/latest/specifications/glob-patterns/,13,13,
/en/latest/specifications/recording-installed-packages/,13,12,
/en/latest/discussions/,10,10,
/en/latest/guides/dropping-older-python-versions/,10,10,
/en/latest/guides/section-hosting/,9,9,
/en/latest/specifications/source-distribution-format/,9,9,
/en/latest/support/,9,9,
/en/latest/specifications/well-known-project-urls/,8,8,
/pt-br/latest/tutorials/installing-packages/,8,8,
/en/latest/guides/single-sourcing-package-version/,7,7,
/ja/latest/guides/writing-pyproject-toml/,7,7,
/en/latest/specifications/virtual-environments/,6,6,
/en/latest/contribute/,5,5,
/en/latest/specifications/license-expression/,5,6,
/en/latest/news/,4,4,
/en/latest/specifications/section-distribution-metadata/,4,4,
/en/latest/guides/multi-version-installs/,3,3,
/en/latest/guides/supporting-multiple-python-versions/,3,3,
/en/latest/specifications/index-hosted-attestations/,3,3,
/en/latest/specifications/section-installation-metadata/,3,3,
/ja/latest/tutorials/installing-packages/,3,3,
/en/latest/discussions/downstream-packaging/,2,2,
/en/latest/guides/migrating-to-pypi-org/,2,2,
/en/latest/specifications/direct-url-data-structure/,2,2,
/en/latest/specifications/direct-url/,2,2,
/en/latest/specifications/section-python-description-formats/,2,2,
/en/latest/specifications/section-reproducible-environments/,2,2,
/ja/latest/guides/installing-using-pip-and-virtual-environments/,2,2,
/pt-br/latest/guides/writing-pyproject-toml/,2,2,
/en/latest/specifications/build-details/v1.0/,1,1,
/en/latest/specifications/section-distribution-formats/,1,1,
/en/latest/tutorials/creating-documentation/,1,1,
/ja/latest/discussions/versioning/,1,1,
/ja/latest/glossary/,1,1,
/ja/latest/guides/using-testpypi/,1,1,
/ja/latest/specifications/platform-compatibility-tags/,1,1,
/ja/latest/tutorials/managing-dependencies/,1,0,
/ja/latest/tutorials/packaging-projects/,1,1,
/pt-br/latest/glossary/,1,1,
/pt-br/latest/guides/distributing-packages-using-setuptools/,1,1,
/pt-br/latest/guides/installing-using-pip-and-virtual-environments/,1,1,
/pt-br/latest/key_projects/,1,1,
