name,version,visitors
Windows,10,13395
Mac,10.15,4300
GNU/Linux,(not set),1368
Android,10,823
Ubuntu,(not set),420
iOS,18.5,276
Chrome OS,14541.0,51
Android,14,37
Windows,7,34
Android,15,30
iOS,18.4,25
Android,12,19
Android,13,19
iOS,16.7,19
iOS,18.3,19
iOS,18.1,13
Android,11,12
iOS,18.2,11
Windows,8.1,9
iOS,15.8,7
iOS,17.7,7
iOS,17.6,6
iOS,17.5,4
HarmonyOS,(not set),3
Mac,10.13,3
iOS,16.1,3
iOS,18.0,3
Android,6.0,3
iOS,12.5,2
iOS,16.3,2
iOS,17.4,2
Android,8.1,2
Android,9,2
(not set),(not set),1
Mac,10.14,1
Mac,13.3,1
Chrome OS,14816.131,1
iOS,16.4,1
iOS,16.6,1
iPadOS,16.6,1
iOS,17.0,1
iOS,17.3,1
iOS,19.0,1
Fire OS,8,1
