name,visitors,pageviews,bounce_rate,time_on_page,scroll_depth
/en/latest/tutorials/installing-packages/,10439,11526,81,47,42
/en/latest/guides/installing-using-pip-and-virtual-environments/,2368,2524,90,43,50
/en/latest/guides/writing-pyproject-toml/,2237,2422,79,52,53
/en/latest/tutorials/packaging-projects/,2205,2317,79,87,56
/en/latest/guides/tool-recommendations/,1396,1466,76,27,62
/en/latest/,778,830,62,25,81
/en/latest/glossary/,778,793,57,33,61
/en/latest/key_projects/,733,673,54,29,41
/en/latest/guides/distributing-packages-using-setuptools/,500,498,71,50,50
/en/latest/overview/,408,381,67,76,49
/en/latest/specifications/pyproject-toml/,320,311,71,40,56
/en/latest/guides/installing-using-linux-tools/,301,274,77,28,75
/en/latest/guides/section-install/,283,271,43,12,100
/en/latest/tutorials/managing-dependencies/,282,260,74,40,73
/en/latest/guides/,260,242,43,19,90
/en/latest/tutorials/,256,240,26,6,99
/en/latest/discussions/src-layout-vs-flat-layout/,230,249,77,54,82
/en/latest/specifications/version-specifiers/,222,227,77,83,44
/en/latest/flow/,210,190,48,67,69
/en/latest/specifications/dependency-specifiers/,204,202,78,54,49
/en/latest/guides/section-build-and-publish/,175,173,49,12,100
/en/latest/search/,169,189,45,20,72
/en/latest/guides/packaging-namespace-packages/,168,172,89,56,59
/en/latest/guides/installing-stand-alone-command-line-tools/,167,136,68,27,72
/en/latest/guides/hosting-your-own-index/,151,152,76,53,84
/en/latest/specifications/entry-points/,150,150,86,34,73
/en/latest/guides/creating-command-line-tools/,142,140,80,92,69
/en/latest/discussions/versioning/,126,133,82,64,63
/en/latest/guides/modernize-setup-py-project/,124,123,65,60,64
/en/latest/specifications/,119,115,35,11,85
/en/latest/specifications/core-metadata/,116,125,64,42,52
/en/latest/guides/publishing-package-distribution-releases-using-github-actions-ci-cd-workflows/,108,104,73,113,69
/en/latest/discussions/setup-py-deprecated/,105,101,86,53,57
/en/latest/guides/installing-using-virtualenv/,105,112,51,24,100
/en/latest/discussions/distribution-package-vs-import-package/,90,76,67,79,74
/en/latest/discussions/single-source-version/,88,87,56,78,91
/en/latest/discussions/package-formats/,86,86,81,72,71
/en/latest/guides/creating-and-discovering-plugins/,76,71,86,109,78
/en/latest/guides/using-testpypi/,76,71,79,19,81
/en/latest/specifications/pypirc/,75,85,84,29,73
/en/latest/guides/installing-scientific-packages/,73,67,59,29,74
/en/latest/specifications/dependency-groups/,71,74,75,72,56
/en/latest/specifications/pylock-toml/,69,80,67,42,55
/en/latest/discussions/install-requires-vs-requirements/,68,65,81,38,88
/en/latest/specifications/binary-distribution-format/,66,62,87,75,44
/en/latest/specifications/inline-script-metadata/,64,65,89,29,65
/en/latest/guides/packaging-binary-extensions/,62,70,60,75,50
/en/latest/specifications/platform-compatibility-tags/,60,67,84,83,44
/en/latest/discussions/deploying-python-applications/,58,50,67,53,84
/en/latest/guides/analyzing-pypi-package-downloads/,58,53,68,101,56
/en/latest/specifications/name-normalization/,57,55,79,29,95
/en/latest/discussions/pip-vs-easy-install/,53,47,83,26,94
/en/latest/guides/making-a-pypi-friendly-readme/,48,43,88,28,77
/en/latest/guides/index-mirrors-and-caches/,47,43,72,77,92
/en/latest/discussions/,45,47,0,5,98
/en/latest/guides/using-manifest-in/,44,45,47,6,100
/en/latest/guides/dropping-older-python-versions/,41,33,70,30,65
/en/latest/guides/section-hosting/,41,29,40,62,99
/en/latest/specifications/simple-repository-api/,38,34,91,31,29
/en/latest/guides/licensing-examples-and-user-scenarios/,34,29,75,27,57
/en/latest/specifications/externally-managed-environments/,31,33,93,50,53
/en/latest/specifications/recording-installed-packages/,31,28,62,32,39
/en/latest/specifications/section-distribution-metadata/,29,25,100,7,100
/en/latest/specifications/well-known-project-urls/,25,21,40,131,66
/en/latest/specifications/license-expression/,21,21,60,41,100
/en/latest/specifications/source-distribution-format/,21,19,62,44,76
/en/latest/support/,20,20,75,17,99
/en/latest/specifications/section-installation-metadata/,19,17,75,5,99
/en/latest/news/,18,15,25,6,37
/en/latest/specifications/glob-patterns/,18,17,93,36,84
/en/latest/guides/single-sourcing-package-version/,17,16,50,0,100
/en/latest/contribute/,15,16,50,27,45
/en/latest/specifications/virtual-environments/,13,12,67,8,96
/en/latest/specifications/section-reproducible-environments/,12,13,0,3,98
/en/latest/specifications/section-distribution-formats/,10,8,100,3,100
/en/latest/discussions/downstream-packaging/,9,7,100,23,90
/en/latest/specifications/direct-url/,9,8,0,114,72
/en/latest/specifications/section-package-indices/,8,7,0,3,100
/en/latest/specifications/build-details/,6,4,0,5,80
/en/latest/specifications/index-hosted-attestations/,6,4,100,116,26
/en/latest/guides/multi-version-installs/,5,4,100,30,97
/en/latest/specifications/direct-url-data-structure/,5,5,0,127,28
/en/latest/specifications/section-python-description-formats/,5,4,100,87,97
/en/latest/guides/supporting-multiple-python-versions/,4,4,100,14,100
/en/latest/guides/migrating-to-pypi-org/,3,3,0,1966,78
/en/latest/specifications/build-details/v1.0/,3,2,0,303,36
/en/latest/guides/supporting-windows-using-appveyor/,2,2,0,32,11
/en/latest/index.html,1,1,0,,
/en/latest/tutorials/creating-documentation/,1,1,100,,
