name,visitors
Guangdong,699
Beijing,443
Shanghai,395
California,300
Tokyo,276
Zhejiang,234
Jiangsu,187
Sichuan,179
Shandong,160
Hubei,139
Henan,112
Fujian,95
Shaanxi,86
Hunan,85
Taipei,66
Tianjin,55
Chongqing,54
Kwai Tsing New Territories,54
Guizhou,51
Anhui,47
Washington,43
Yunnan,42
Hebei,41
Osaka,36
Taichung,34
Jiangxi,33
Liaoning,31
England,28
Yamaguchi,27
Tsuen Wan New Territories,25
Kowloon City Kowloon,24
Illinois,24
Seoul,19
Heilongjiang,17
New Taipei,17
New South Wales,15
Gansu,15
Changhua,15
New York,15
Victoria,14
Oregon,14
Shanxi,13
Kuala Lumpur,13
Ontario,12
Île-de-France,11
Selangor,11
Central and Western Hong Kong Island,10
Arizona,10
Guangxi,9
Gangwon,9
Utah,9
Virginia,9
Wan Chai Hong Kong Island,8
Oslo,8
Taoyuan,8
Texas,8
Jilin,7
Kanagawa,7
Kaohsiung,7
Bavaria,6
Rhineland-Palatinate,6
Yuen Long New Territories,6
Incheon,6
New Jersey,6
British Columbia,5
Phnom Penh,5
Nantou,5
Nevada,5
Quebec,4
Ningxia,4
Xinjiang,4
Baden-Württemberg,4
Hyogo,4
Penang,4
Moscow,4
Saint Petersburg,4
Hsinchu County,4
Hsinchu,4
Tainan,4
Wallonia,3
Saxony,3
Southern Hong Kong Island,3
Sha Tin New Territories,3
Hokkaido,3
Saitama,3
Vientiane,3
Johor,3
North Holland,3
Auckland,3
Port Moresby,3
Metro Manila,3
Colorado,3
Washington DC,3
Ohio,3
Dubai,2
Australian Capital Territory,2
Queensland,2
Western Australia,2
São Paulo,2
Zürich,2
Hesse,2
Madrid Autonomous Community,2
Kwun Tong Kowloon,2
Sai Kung New Territories,2
Fejér,2
Jakarta,2
Karnataka,2
Veneto,2
Chiba,2
Aichi,2
Ciudad de Mexico,2
Sarawak,2
South Holland,2
Stockholm,2
Bangkok,2
Chiang Mai,2
Chiayi,2
Yunlin,2
Connecticut,2
Louisiana,2
Massachusetts,2
Michigan,2
Pennsylvania,2
Lara,2
Ho Chi Minh City,2
Paraná,1
Brest,1
Saskatchewan,1
Hainan,1
Inner Mongolia,1
Lower Saxony,1
Catalonia,1
Uusimaa,1
Auvergne-Rhône-Alpes,1
Burgundy-Franche-Comté,1
Grand-Est,1
Normandie,1
Occitanie,1
Peloponnese,1
Eastern Hong Kong Island,1
Sham Shui Po Kowloon,1
Budapest,1
Leinster,1
Tel Aviv,1
Gujarat,1
Maharashtra,1
Telangāna,1
Miyagi,1
Yamanashi,1
Fukuoka,1
Nairobi County,1
Bishkek,1
Gorj,1
Krasnoyarsk Krai,1
Vladimir,1
Nonthaburi,1
Arkansas,1
Indiana,1
Kentucky,1
New Mexico,1
Oklahoma,1
Tennessee,1
Wisconsin,1
Gauteng,1
