name,visitors,bounce_rate,visit_duration
Direct / None,5098,61,285
Google,1615,81,129
Bing,1575,75,94
Baidu,370,79,102
python.org,192,0,516
codecademy.cn,79,62,104
link.zhihu.com,50,67,48
link.csdn.net,43,77,45
chatgpt.com,41,59,252
doubao.com,21,60,455
Shenma,20,80,3
python.p2hp.com,18,0,252
runoob.com,18,50,144
360.cn,12,78,62
oi-wiki.org,8,86,2
GitHub,7,60,46
yuanbao.tencent.com,7,75,273
baike.baidu.com,5,100,0
blog.csdn.net,5,33,6
chat.baidu.com,5,0,645
chat.qwen.ai,5,100,0
codemao.yuque.com,5,60,16
fastapi.tiangolo.com,5,100,24
i.zte.com.cn,5,33,1296
10.60.19.230,4,100,0
c.biancheng.net,4,100,0
cnblogs.com,4,75,101
link.juejin.cn,4,100,16
ntp.msn.cn,4,25,8
tongyi.com,4,50,32
yuque.com,4,75,13
htoj.com.cn,3,100,0
iwiki.woa.com,3,100,0
jianshu.com,3,67,1
llxy.alphacoding.cn,3,67,19
pkuschool.yuque.com,3,100,0
72.itmc.org.cn,2,50,42
DuckDuckGo,2,50,78
Sogou,2,50,0
Yandex,2,0,182
bestvpnai.org,2,100,0
cloud.tencent.com,2,0,184
codernav.com,2,0,849
cs.sjtu.edu.cn,2,0,21
docs.pingcode.com,2,0,957
git.woa.com,2,100,0
grow.alibaba-inc.com,2,100,0
guos.online,2,100,0
hcnppwx1woyj.feishu.cn,2,100,0
learnku.com,2,0,1854
liaoxuefeng.com,2,0,1598
lixiaolai.com,2,0,969
notebooks.githubusercontent.com,2,100,0
storage.googleapis.com,2,0,4
wenxiaobai.com,2,0,118
120.55.84.116,1,100,0
127.0.0.1,1,0,10
203.15.12.149,1,100,0
41964svc1.vnc.educoder.net,1,100,0
43639svc1.vnc.educoder.net,1,100,0
Ecosia,1,100,0
Perplexity,1,100,0
Qwant,1,0,1125
Yahoo!,1,100,0
ai.eaglelab.tcl.com,1,100,0
ai.h3c.com,1,0,666
aidoczh.com,1,100,0
aigc.sankuai.com,1,100,0
airflow.apache.org,1,0,1670
aistudio.alibaba-inc.com,1,100,0
bailian.console.aliyun.com,1,100,0
biaodianfu.com,1,100,0
blog.51cto.com,1,0,23
bot.n.cn,1,0,5
byhy.net,1,0,16
bytedance.larkoffice.com,1,100,0
cd.xrnm.xyz,1,100,0
chat.dlai.link,1,100,0
coding.tools,1,0,0
console-sit.his-op-beta.huawei.com,1,100,0
copilot.microsoft.com,1,0,306
cs50.harvard.edu,1,0,12
csdiy.wiki,1,100,0
deepvip.scialyze.com,1,0,59
doc.qt.io,1,0,148
docs.nvidia.com,1,0,82
docs.pytorch.org,1,0,497
docs.qq.com,1,100,0
docs.scrapy.org,1,0,95
ecs-workbench.aliyun.com,1,0,4
fishc.com.cn,1,100,0
gitee.com,1,100,0
hellowac.github.io,1,0,3
help.aliyun.com,1,100,0
idealab.alibaba-inc.com,1,100,0
ithelp.ithome.com.tw,1,100,0
itnan.cc,1,100,0
jb51.net,1,100,0
jiffyclub.github.io,1,0,1053
kdocs.cn,1,100,0
km.netease.com,1,100,0
kq4b3vgg5b.feishu.cn,1,100,0
leetcode.cn,1,0,14
linux.do,1,100,0
lobechat.rnd.huawei.com,1,0,199
loguru.readthedocs.io,1,0,0
m.runoob.com,1,0,1596
m.so.com,1,0,1
mindspore.cn,1,100,0
momodel.cn,1,100,0
notion.so,1,100,0
numpy.net,1,0,0
numpy.org,1,0,64
opencsg.com,1,100,0
oryoy.com,1,100,0
pandas.pydata.org,1,0,6
peps.python.org,1,0,19
pyd.cn,1,100,0
pygame.org,1,0,51
pypi.org,1,0,36
pytest-mock.readthedocs.io,1,0,266
python.github.net.cn,1,0,210
pythonn.top,1,0,31
quark.cn,1,0,25
rcn4jyph3tp8.feishu.cn,1,0,9
snow.bytedance.net,1,0,276
sparkai.bg.huohua.cn,1,0,177
spiderbox.cn,1,0,191
t6ixa9nyl6.jiandaoyun.com,1,100,0
tongyi.aliyun.com,1,100,0
typing-extensions.readthedocs.io,1,0,21
udemy.com,1,0,21
vscode.github.net.cn,1,0,22
weimingze.com,1,0,16
wiki.python.org,1,0,203
wiki.was.ink,1,0,1
xluke.info,1,0,1299
zkp.onrender.com,1,0,2
zxbs.itmc.cn,1,100,0
