name,unique_exits,total_exits,exit_rate
/pt-br/latest/guides/installing-using-pip-and-virtual-environments/,33,36,
/pt-br/latest/tutorials/installing-packages/,22,26,
/en/latest/tutorials/installing-packages/,11,11,
/pt-br/latest/tutorials/packaging-projects/,10,10,
/pt-br/latest/guides/writing-pyproject-toml/,5,5,
/en/latest/tutorials/packaging-projects/,4,4,
/pt-br/latest/glossary/,4,4,
/pt-br/latest/tutorials/managing-dependencies/,3,3,
/pt-br/latest/,2,2,
/pt-br/latest/guides/distributing-packages-using-setuptools/,2,2,
/pt-br/latest/guides/tool-recommendations/,2,2,
/pt-br/latest/key_projects/,2,2,
/pt-br/latest/search/,2,2,
/pt-br/latest/specifications/pypirc/,2,2,
/en/latest/guides/creating-and-discovering-plugins/,1,1,
/en/latest/guides/installing-using-pip-and-virtual-environments/,1,1,
/en/latest/guides/packaging-namespace-packages/,1,1,
/en/latest/key_projects/,1,1,
/pt-br/latest/discussions/pip-vs-easy-install/,1,1,
/pt-br/latest/guides/creating-and-discovering-plugins/,1,1,
/pt-br/latest/guides/installing-using-linux-tools/,1,1,
/pt-br/latest/guides/installing-using-virtualenv/,1,1,
/pt-br/latest/guides/making-a-pypi-friendly-readme/,1,1,
/pt-br/latest/guides/modernize-setup-py-project/,1,1,
/pt-br/latest/guides/using-testpypi/,1,1,
/pt-br/latest/specifications/binary-distribution-format/,1,1,
/pt-br/latest/specifications/name-normalization/,1,1,
/pt-br/latest/specifications/platform-compatibility-tags/,1,1,
/pt-br/latest/tutorials/,1,1,
