property,value,visitors,events,percentage
url,(none),9559,20828,99.5
url,https://www.python.org/,180,201,1.9
url,https://www.python.org/downloads/,55,57,0.6
url,https://github.com/python/cpython/tree/3.14/Lib/idlelib/,46,72,0.5
url,https://docs.python.org/zh-cn/3.14/archives/python-3.14-docs-html.zip,21,21,0.2
url,https://docs.python.org/zh-cn/3/archives/python-3.14-docs-html.zip,21,22,0.2
url,https://github.com/python/cpython/tree/3.14/Lib/turtle.py,18,21,0.2
url,https://apps.microsoft.com/detail/9NQ7512CXL7T,16,17,0.2
url,https://docs.python.org/zh-cn/3/archives/python-3.14-docs-text.zip,14,14,0.1
url,https://docs.python.org/zh-cn/3.14/archives/python-3.14-docs-text.zip,12,13,0.1
url,https://github.com/python/cpython/tree/3.13/Lib/idlelib/,12,13,0.1
url,https://www.python.org/downloads/macos/,12,16,0.1
url,https://docs.python.org/zh-cn/3.13/archives/python-3.13-docs-html.zip,11,11,0.1
url,https://devguide.python.org/documentation/start-documenting/#building-the-documentation,10,12,0.1
url,https://pypi.org/,9,11,0.1
url,https://docs.python.org/zh-cn/3.14/archives/python-3.14-docs.epub,8,8,0.1
url,https://packaging.python.org/,7,8,0.1
url,https://github.com/python/cpython/tree/3.14/Lib/idlelib,6,8,0.1
url,https://packaging.python.org/en/latest/tutorials/packaging-projects/,6,7,0.1
url,https://tkdocs.com/,6,6,0.1
url,https://docs.python.org/zh-cn/3/archives/python-3.14-docs.epub,5,5,0.1
url,https://packaging.python.org/en/latest/tutorials/installing-packages/#ensure-pip-setuptools-and-wheel-are-up-to-date,5,5,0.1
url,https://www.debian.org/doc/manuals/maint-guide/first.en.html,5,5,0.1
url,https://www.tkdocs.com/shipman/,5,5,0.1
url,https://briefcase.readthedocs.io/,4,4,0.0
url,https://cibuildwheel.pypa.io/en/stable/platforms/#android,4,4,0.0
url,https://docs.python.org/zh-cn/3.13/archives/python-3.13-docs.epub,4,6,0.0
url,https://docs.python.org/zh-cn/3.14/archives/python-3.14-docs-texinfo.zip,4,6,0.0
url,https://docs.python.org/zh-cn/3/archives/python-3.14-docs-texinfo.zip,4,4,0.0
url,https://peps.python.org/,4,4,0.0
url,https://peps.python.org/pep-0008/,4,6,0.0
url,https://www.tcl.tk/man/tcl8.6/TkCmd/contents.htm,4,5,0.0
url,https://cython.org/,3,3,0.0
url,https://github.com/python/cpython/tree/3.13/Android/testbed/app/src/main/c/main_activity.c,3,3,0.0
url,https://github.com/python/cpython/tree/3.14/Lib/tkinter/__init__.py,3,3,0.0
url,https://packaging.python.org/installing/,3,4,0.0
url,https://packaging.python.org/installing/#requirements-for-installing-packages,3,4,0.0
url,https://py-free-threading.github.io/installing-cpython/,3,3,0.0
url,https://requests.readthedocs.io/en/master/,3,4,0.0
url,https://termux.dev/en/,3,3,0.0
url,https://tiswww.case.edu/php/chet/readline/rltop.html,3,3,0.0
url,https://wiki.python.org/moin/BeginnersGuide,3,3,0.0
url,https://www.python.org/doc/versions/,3,3,0.0
url,https://www.python.org/psf/donations/,3,3,0.0
url,https://docs.python.org/zh-cn/3.15/archives/python-3.15-docs-html.zip,2,2,0.0
url,https://docs.python.org/zh-cn/3/archives/python-3.14-docs-text.tar.bz2,2,2,0.0
url,https://en.wikipedia.org/wiki/Cursor_(databases),2,2,0.0
url,https://github.com/python/cpython/blob/main/Doc/tutorial/interpreter.rst?plain=1,2,3,0.0
url,https://github.com/python/cpython/tree/3.13/Android/README.md,2,2,0.0
url,https://github.com/python/cpython/tree/3.13/Android/testbed,2,2,0.0
url,https://github.com/python/cpython/tree/3.13/Lib/copy.py,2,2,0.0
url,https://github.com/python/cpython/tree/3.14/Lib/asyncio/runners.py,2,4,0.0
url,https://github.com/python/cpython/tree/3.14/Lib/ftplib.py,2,2,0.0
url,https://github.com/python/cpython/tree/3.14/Lib/threading.py,2,2,0.0
url,https://github.com/python/cpython/tree/3.14/Lib/tkinter/commondialog.py,2,2,0.0
url,https://github.com/python/cpython/tree/3.14/Lib/unittest/__init__.py,2,3,0.0
url,https://packaging.python.org/installing/#creating-virtual-environments,2,2,0.0
url,https://peps.python.org/pep-0572/,2,3,0.0
url,https://peps.python.org/pep-0634/,2,3,0.0
url,https://peps.python.org/pep-0695/,2,3,0.0
url,https://peps.python.org/pep-0779/,2,2,0.0
url,https://scipy.org/,2,2,0.0
url,https://typing.python.org/en/latest/,2,2,0.0
url,https://web.archive.org/web/20150315073817/http://www.xprogramming.com/testfram.htm,2,5,0.0
url,https://webassembly.org/,2,2,0.0
url,https://www.sqlite.org/,2,2,0.0
url,https://www.tcl.tk/,2,2,0.0
url,https://beeware.org/,1,1,0.0
url,https://buildozer.readthedocs.io/,1,1,0.0
url,https://code.activestate.com/recipes/305268/,1,2,0.0
url,https://code.activestate.com/recipes/576707-long-period-random-number-generator/,1,1,0.0
url,https://core.tcl.tk/tips/doc/trunk/tip/48.md,1,1,0.0
url,https://datatracker.ietf.org/doc/html/rfc9562.html,1,2,0.0
url,https://devguide.python.org/,1,1,0.0
url,https://discuss.python.org/t/37075,1,1,0.0
url,https://discuss.python.org/t/84319/123,1,1,0.0
url,https://docs.pytest.org/,1,1,0.0
url,https://docs.python.org/zh-cn/3.13/archives/python-3.13-docs-html.tar.bz2,1,1,0.0
url,https://docs.python.org/zh-cn/3.13/archives/python-3.13-docs-pdf-a4.zip,1,1,0.0
url,https://docs.python.org/zh-cn/3.13/archives/python-3.13-docs-text.zip,1,1,0.0
url,https://docs.python.org/zh-cn/3.14/archives/python-3.14-docs-text.tar.bz2,1,1,0.0
url,https://docs.python.org/zh-cn/3/archives/python-3.14-docs-html.tar.bz2,1,1,0.0
url,https://docs.python.org/zh-cn/3/archives/python-3.14-docs-texinfo.tar.bz2,1,1,0.0
url,https://en.wikipedia.org/wiki/Cartesian_product,1,2,0.0
url,https://en.wikipedia.org/wiki/Database_transaction,1,1,0.0
url,https://en.wikipedia.org/wiki/Fibonacci_sequence,1,2,0.0
url,https://en.wikipedia.org/wiki/Lexical_analysis,1,1,0.0
url,https://en.wikipedia.org/wiki/Turtle_(robot),1,1,0.0
url,https://en.wikipedia.org/wiki/Zip_(file_format)#ZIP64,1,1,0.0
url,https://github.com/anordin95/a-conceptual-overview-of-asyncio/tree/main,1,1,0.0
url,https://github.com/pvieito/PythonKit,1,1,0.0
url,https://github.com/python/cpython/blob/main/Doc/contents.rst?plain=1,1,1,0.0
url,https://github.com/python/cpython/blob/main/Doc/howto/index.rst?plain=1,1,1,0.0
url,https://github.com/python/cpython/blob/main/Doc/library/idle.rst?plain=1,1,1,0.0
url,https://github.com/python/cpython/blob/main/Doc/library/intro.rst?plain=1,1,1,0.0
url,https://github.com/python/cpython/blob/main/Doc/library/logging.rst,1,1,0.0
url,https://github.com/python/cpython/blob/main/Doc/license.rst?plain=1,1,1,0.0
url,https://github.com/python/cpython/blob/main/Doc/tutorial/appetite.rst?plain=1,1,1,0.0
url,https://github.com/python/cpython/blob/main/Doc/tutorial/inputoutput.rst?plain=1,1,1,0.0
url,https://github.com/python/cpython/blob/main/Doc/using/windows.rst?plain=1,1,1,0.0
url,https://github.com/python/cpython/blob/main/Tools/jit/README.md,1,1,0.0
url,https://github.com/python/cpython/issues/123539,1,1,0.0
url,https://github.com/python/cpython/issues/128002,1,1,0.0
url,https://github.com/python/cpython/issues/131638,1,1,0.0
url,https://github.com/python/cpython/issues/131952,1,1,0.0
url,https://github.com/python/cpython/tree/3.12/Lib/asyncio/coroutines.py,1,1,0.0
url,https://github.com/python/cpython/tree/3.12/Lib/socket.py,1,1,0.0
url,https://github.com/python/cpython/tree/3.13/Android/testbed/app/src/main/java/org/python/testbed/MainActivity.kt,1,1,0.0
url,https://github.com/python/cpython/tree/3.13/Lib/abc.py,1,1,0.0
url,https://github.com/python/cpython/tree/3.13/Lib/argparse.py,1,1,0.0
url,https://github.com/python/cpython/tree/3.13/Lib/dis.py,1,1,0.0
url,https://github.com/python/cpython/tree/3.13/Lib/lzma.py,1,1,0.0
url,https://github.com/python/cpython/tree/3.13/Lib/operator.py,1,1,0.0
url,https://github.com/python/cpython/tree/3.13/Lib/pickle.py,1,1,0.0
url,https://github.com/python/cpython/tree/3.13/Lib/random.py,1,1,0.0
url,https://github.com/python/cpython/tree/3.13/Lib/tkinter/__init__.py,1,1,0.0
url,https://github.com/python/cpython/tree/3.13/iOS/README.rst,1,1,0.0
url,https://github.com/python/cpython/tree/3.13/iOS/testbed,1,1,0.0
url,https://github.com/python/cpython/tree/3.14/Apple/iOS/README.md,1,1,0.0
url,https://github.com/python/cpython/tree/3.14/Grammar/python.gram,1,1,0.0
url,https://github.com/python/cpython/tree/3.14/Lib/codecs.py,1,1,0.0
url,https://github.com/python/cpython/tree/3.14/Lib/difflib.py,1,1,0.0
url,https://github.com/python/cpython/tree/3.14/Lib/os.py,1,1,0.0
url,https://github.com/python/cpython/tree/3.14/Lib/pathlib/,1,1,0.0
url,https://github.com/python/cpython/tree/3.14/Lib/statistics.py,1,2,0.0
url,https://github.com/python/cpython/tree/3.14/Lib/tkinter/colorchooser.py,1,1,0.0
url,https://github.com/python/cpython/tree/3.14/Lib/tkinter/ttk.py,1,1,0.0
url,https://github.com/python/cpython/tree/3.14/Lib/token.py,1,1,0.0
url,https://github.com/python/cpython/tree/3.14/Lib/zipfile/,1,1,0.0
url,https://github.com/python/cpython/tree/main/Lib/urllib/,1,1,0.0
url,https://github.com/python/pythoncapi-compat/,1,1,0.0
url,https://kivy.org/,1,1,0.0
url,https://manpages.debian.org/recv(2),1,1,0.0
url,https://manpages.debian.org/sched_yield(2),1,2,0.0
url,https://mypy.readthedocs.io/en/stable/cheat_sheet_py3.html,1,1,0.0
url,https://mypy.readthedocs.io/en/stable/index.html,1,1,0.0
url,https://numpy.org/,1,1,0.0
url,https://numpy.org/doc/stable/user/basics.indexing.html#slicing-and-striding,1,1,0.0
url,https://packaging.python.org/en/latest/tutorials/installing-packages/,1,1,0.0
url,https://packaging.python.org/science/,1,2,0.0
url,https://peps.python.org/pep-0011/#tier-3,1,1,0.0
url,https://peps.python.org/pep-0236/,1,1,0.0
url,https://peps.python.org/pep-0393/,1,1,0.0
url,https://peps.python.org/pep-0428/,1,1,0.0
url,https://peps.python.org/pep-0489/,1,1,0.0
url,https://peps.python.org/pep-0570/,1,1,0.0
url,https://peps.python.org/pep-0636/,1,1,0.0
url,https://peps.python.org/pep-0649/,1,1,0.0
url,https://peps.python.org/pep-0684/,1,1,0.0
url,https://peps.python.org/pep-0686/,1,1,0.0
url,https://peps.python.org/pep-0696/,1,1,0.0
url,https://peps.python.org/pep-0719/,1,2,0.0
url,https://peps.python.org/pep-0744/,1,1,0.0
url,https://peps.python.org/pep-0782/,1,1,0.0
url,https://peps.python.org/pep-0784/,1,1,0.0
url,https://peps.python.org/pep-3147/,1,1,0.0
url,https://pyo3.rs/,1,1,0.0
url,https://pypi.org/project/regex/,1,1,0.0
url,https://pypi.org/project/telnetlib3/,1,1,0.0
url,https://rhettinger.wordpress.com/2011/05/26/super-considered-super/,1,1,0.0
url,https://setuptools.pypa.io/en/latest/setuptools.html,1,1,0.0
url,https://setuptools.readthedocs.io/en/latest/setuptools.html,1,1,0.0
url,https://wiki.python.org/moin/GuiProgramming,1,1,0.0
url,https://wiki.python.org/moin/PythonEditors,1,1,0.0
url,https://wiki.qt.io/Qt_for_Python,1,1,0.0
url,https://www.iana.org/assignments/ieee-802-numbers/ieee-802-numbers.txt,1,1,0.0
url,https://www.macports.org/,1,1,0.0
url,https://www.nuget.org/,1,1,0.0
url,https://www.nuget.org/packages/python-freethreaded,1,1,0.0
url,https://www.python.org/doc/av/,1,1,0.0
url,https://www.python.org/downloads/source/,1,1,0.0
url,https://www.sphinx-doc.org/,1,1,0.0
url,https://www.unicode.org/,1,1,0.0
url,https://www.unicode.org/reports/tr44/,1,1,0.0
url,https://www.unicode.org/versions/Unicode16.0.0/core-spec/chapter-3/#G33992,1,1,0.0
url,https://www.unicode.org/versions/Unicode16.0.0/core-spec/chapter-4/#G91002,1,1,0.0
url,https://www.youtube.com/watch?v=Xbl7XjFYsN4&list=PLhNSoGM2ik6SIkVGXWBwerucXjgP1rHmB,1,1,0.0
url,https://www.zlib.net/,1,1,0.0
url,https://www.zlib.net/manual.html,1,1,0.0
url,https://wxpython.org/,1,1,0.0
