name,version,visitors
Windows,10,6579
Mac,10.15,1372
Android,15,366
GNU/Linux,(not set),243
Windows,7,223
Android,10,127
Android,12,83
Android,14,80
iOS,18.6,79
Android,13,55
iOS,18.7,48
HarmonyOS,(not set),39
iOS,18.5,37
(not set),(not set),30
Ubuntu,(not set),25
Android,11,25
iOS,18.3,17
Android,16,16
iOS,26.0,14
Windows,8.1,10
Windows,Server 2003,9
Windows,(not set),7
HarmonyOS,3.0,7
Chrome OS,14541.0,6
Mac,10.14,5
iOS,16.1,5
iOS,18.4,5
Windows,8,5
Android,9,5
iOS,13.6,4
iOS,16.3,4
iOS,16.5,4
iOS,17.5,4
iOS,17.6,4
iOS,18.1,4
iOS,18.2,4
Android,6.0,4
iOS,12.4,3
iOS,16.0,3
iOS,16.2,3
iOS,16.6,3
iOS,16.7,3
iOS,4.3,3
Android,10.0,2
iOS,11.0,2
iOS,11.2,2
iOS,14.4,2
HarmonyOS,2.2,2
iOS,26.1,2
Android,8.0,2
Mac,10.12,1
Mac,10.13,1
Mac,11.4,1
iOS,12.5,1
Mac,13.3,1
iOS,14.6,1
iOS,14.7,1
iOS,14.8,1
iOS,15.3,1
iPadOS,15.8,1
iOS,15.8,1
iOS,17.2,1
iOS,17.4,1
iPadOS,17.5,1
iOS,18.0,1
Android,8.1,1
Windows,Vista,1
Windows,XP,1
