name,visitors
Chrome,4834
Microsoft Edge,1033
Firefox,694
Safari,684
Opera,225
Yandex Browser,129
Mobile App,99
Samsung Browser,26
Quark,15
Smart Lenovo Browser,13
(not set),10
MIUI Browser,7
QQ Browser,7
Sogou Explorer,6
vivo Browser,6
Avast Secure Browser,4
Brave,4
Kindle Browser,4
Huawei Browser Mobile,3
Chromium,2
Maxthon,2
Norton Private Browser,2
Opera GX,2
Vivaldi,2
115 Browser,1
360 Secure Browser,1
Android Browser,1
Huawei Browser,1
Iron,1
Mobile Silk,1
QtWebEngine,1
SberBrowser,1
Whale Browser,1
