name,visitors,bounce_rate,visit_duration
Direct / None,3282,88,39
google.com,1548,86,42
python.org,1042,86,23
docs.python.org,424,80,47
bing.com,143,91,26
duckduckgo.com,88,85,54
boot.dev,63,98,0
devguide.python.org/versions,50,68,30
search.brave.com,48,90,52
yandex.ru,48,94,1
chatgpt.com,45,87,28
maharatech.gov.eg,45,98,1
pypi.org,36,81,44
discuss.python.org,30,71,127
github.com,29,72,37
netacad.com,29,100,0
udemy.com,29,97,4
cs50.harvard.edu,26,96,1
docs.astral.sh,25,80,2
practicum.yandex.ru,17,82,236
gemini.google.com,15,100,0
python.org/downloads,15,73,2
ya.ru,15,100,0
cn.bing.com,14,86,22
realpython.com,14,86,13
s3.eu-west-1.amazonaws.com,14,93,14
docs.python.org/3/whatsnew/3.14.html,13,62,5
codecademy.com,12,100,0
ecosia.org,12,100,0
google.com.hk,11,100,0
metanit.com,9,100,0
docs.sqlalchemy.org,8,91,80
hackerrank.com,8,88,24
my.sky.pro,8,89,2
openclassrooms.com,8,88,2
cms.unir.net,7,100,0
codeit.kr,7,86,32
cs50.readthedocs.io,7,100,0
kagi.com,7,88,1
obagy.com,7,57,232
softserve.academy,7,83,142
android-app://com.google.android.googlequicksearchbox,6,67,16
automatetheboringstuff.com,6,50,4
courses.edx.org,6,100,0
devguide.python.org,6,67,5
fishc.com.cn,6,83,13
numpydoc.readthedocs.io/en/latest/format.html,6,83,2
lms.yandex.ru,5,100,0
packaging.python.org/en/latest/glossary,5,80,5
perplexity.ai,5,80,3
cs.odu.edu,4,100,0
cs50.readthedocs.io/style/c,4,100,0
d2l.arizona.edu,4,75,7
docs.google.com,4,100,0
en.wikipedia.org,4,75,22
gist.github.com,4,100,0
infoworld.com/article/4110565/get-started-with-pythons-new-native-jit.html,4,100,0
link.zhihu.com,4,100,0
notebooks.githubusercontent.com,4,100,0
palletsprojects.com,4,100,0
psycopg.org,4,100,0
pythonzen-pep8-exam.com,4,100,0
search.yahoo.com,4,100,0
yandex.by,4,67,333
academy.hackthebox.com,3,100,0
asgi.readthedocs.io/en/latest/introduction.html,3,67,1124
baidu.com/link,3,67,70
cursos.alura.com.br,3,100,0
datacamp.com,3,100,0
edube.org/learn/pcpp1-python-enhancement-proposals-peps/pep-1-pep-purpose-and-guidelines-1,3,100,0
flake8rules.com,3,100,0
freecodecamp.org/news/programming-naming-conventions-explained,3,67,201
google.co.jp,3,67,1
learnxinyminutes.com,3,100,0
linkedin.com,3,100,0
numpy.org,3,100,0
packaging.python.org,3,100,0
packaging.python.org/en/latest/specifications/version-specifiers,3,33,72
pip.pypa.io/en/stable/reference/build-system,3,33,745
pydevtools.com,3,33,90
python-academy.org,3,100,0
python-poetry.org,3,67,127
qiita.com,3,100,0
ru.hexlet.io/courses/python-basics/lessons/linting/theory_unit,3,100,0
statics.teams.cdn.office.net,3,100,0
web.telegram.org,3,33,137
yandex.kz,3,100,0
youtube.com,3,100,0
127.0.0.1,2,100,0
2035.nsu.ru,2,67,440
android-app://com.google.android.gm,2,100,0
au.search.yahoo.com,2,50,0
aws.amazon.com,2,100,0
blog.pypi.org/posts/2025-08-14-project-status-markers,2,0,2
ca.search.yahoo.com,2,50,30
canvas.oregonstate.edu/courses/2031618/gradebook/speed_grader,2,100,0
code-basics.com,2,100,0
courses.campus.gov.il,2,100,0
death.andgravity.com,2,0,1205
developer.cisco.com,2,0,310
docs.micropython.org,2,100,0
docs.pypi.org,2,0,24
docs.python.org/3/library/nntplib.html,2,100,0
doubao.com,2,100,0
duckdb.org,2,50,202
edube.org/learn/pe-1/variables-data-shaped-boxes-21,2,100,0
elearn.epam.com,2,50,50
elmoukrie.com,2,100,0
engdoc.corp.google.com,2,100,0
fosstodon.org,2,100,0
freedium.cfd,2,100,0
github.com/PyMySQL/PyMySQL,2,100,0
github.com/huangsam/ultimate-python,2,100,0
github.com/jiffyclub/snakeviz/pull/203,2,50,155
github.com/microsoft/pyright/issues/4540,2,50,24
github.com/mwouts/jupytext/issues/1343,2,0,789
github.com/nrnn/template-pypi-todo/blob/main/notes.md,2,0,56
github.com/python/cpython,2,100,0
github.com/python/pymanager,2,100,0
github.com/python/typing/issues/1000,2,100,0
google.de,2,100,0
google.fr,2,100,0
google.ru,2,50,30
hatch.pypa.io,2,0,64
informatique-python.readthedocs.io/fr/latest/Cours/cours2.html,2,100,0
infoworld.com,2,50,3
iscinumpy.dev,2,0,461
kitt.lewagon.com,2,50,126
learn.zybooks.com,2,100,0
link.csdn.net,2,100,0
lms.ithillel.ua,2,100,0
lms.skillfactory.ru,2,100,0
loguru.readthedocs.io,2,100,0
m.facebook.com,2,100,0
moodle.innopolis.university,2,100,0
nicholashairs.com/posts/major-changes-between-python-versions,2,50,12
notion.so,2,100,0
olymp.mega.itmo.ru,2,0,238
olympus.mygreatlearning.com,2,100,0
overleaf.com,2,100,0
pep20.org,2,100,0
practicum.yandex.com,2,100,0
python.org/community,2,100,0
python3.info,2,50,22
pythonic-exam.com,2,50,256
pyview.rocks,2,100,0
r.search.yahoo.com/_ylt=AwrJ_3lEdnRpEQIAtjZx.9w4;_ylu=Y29sbwNiZjEEcG9zAzEEdnRpZAMEc2VjA3Ny/RV=2/RE=1770449733/RO=10/RU=https%3a%2f%2fpeps.python.org%2fpep-0006%2f/RK=2/RS=5bGNpakkFm4AOTgR9xYaUCIYHJo-,2,100,0
raterproject.com,2,50,1
robottraders.io,2,100,0
roche.csod.com,2,50,33
typing-extensions.readthedocs.io,2,50,57
typing.python.org/en/latest/spec/aliases.html,2,100,0
ucilnica.fmf.uni-lj.si,2,50,6
unibodifabiophysics.github.io,2,100,0
veracode.com,2,100,0
wsgi.readthedocs.io/en/latest/what.html,2,100,0
adora-xu.com,1,100,0
aidos.group,1,100,0
aigc.midea.com,1,0,85
akshare.akfamily.xyz/introduction.html,1,100,0
android-app://com.linkedin.android,1,100,0
anyaevostinar.github.io,1,0,6
app.aluracursos.com,1,100,0
app.certidevs.com,1,100,0
app.masterschool.com,1,100,0
appbrewery.com,1,100,0
ase-lib.org,1,100,0
asgi.readthedocs.io,1,100,0
astral.sh/blog/uv,1,100,0
atlassian.com,1,0,39
atmarkit.itmedia.co.jp/ait/articles/1907/23/news010_2.html,1,100,0
attrs.org/en/stable/extending.html,1,100,0
avrv1ji2qvt.feishu.cn,1,100,0
benhoyt.com,1,0,2
bestowinc.atlassian.net,1,100,0
black.readthedocs.io,1,100,0
blog.codacy.com/coding-standards,1,0,100
blog.codingconfessions.com,1,100,0
blog.jetbrains.com,1,100,0
blog.python.org,1,100,0
blog.pythonlibrary.org,1,0,202
blog.wahab2.com/api-architecture-best-practices-for-designing-rest-apis-bf907025f5f,1,100,0
bohr.wlu.ca,1,100,0
bottlepy.org,1,100,0
boureliou.com,1,100,0
br0k3nlab.com,1,100,0
browserstack.atlassian.net,1,100,0
cdpn.io,1,100,0
chat.aws.cis.local,1,100,0
chat.lab.epam.com,1,100,0
chazf.medium.com/writing-pep-8-compliant-code-f1971aded1ba,1,100,0
china-testing.github.io,1,0,3
claude.ai,1,100,0
cm-kls-content.s3.amazonaws.com,1,0,8
cnblogs.com,1,100,0
code.s3.yandex.net,1,100,0
codelabs.cs.pdx.edu,1,100,0
codewars.com,1,100,0
colab.google,1,100,0
community.deeplearning.ai,1,100,0
community.platformio.org,1,100,0
confluence.worldline-solutions.com,1,100,0
copier.readthedocs.io/en/latest/updating,1,100,0
cs50.readthedocs.io/api/dining,1,100,0
cs50.readthedocs.io/cs50/check,1,100,0
cs50.readthedocs.io/docker,1,100,0
cs50.readthedocs.io/pip,1,100,0
cs50.readthedocs.io/submit50,1,100,0
cs50.readthedocs.io/themes/jekyll,1,100,0
curiousefficiency.org,1,0,10
cursos.betrybe.com,1,100,0
cursoslivres.ifms.edu.br,1,100,0
d2l.washburn.edu,1,100,0
dagster.io,1,100,0
datalab-platform.com,1,100,0
de.wikipedia.org/w/index.php,1,100,0
devcolla.vanderlande.com,1,100,0
developer.blender.org,1,100,0
developer.vonage.com,1,100,0
developers.google.com,1,100,0
dicoding.com,1,100,0
discuss.python.org/t/conditional-omission-of-function-arguments-at-the-call-site-using-a-bare-inline-if/104944/115,1,100,0
distedu.ukma.edu.ua,1,100,0
docs.brew.sh,1,100,0
docs.conan.io,1,100,0
docs.kidger.site,1,100,0
docs.pydantic.dev,1,100,0
docs.python.org/3.15/reference/compound_stmts.html,1,0,64
docs.python.org/dev,1,100,0
docs.ray.io/en/latest/ray-core/objects/serialization.html,1,100,0
docs.readthedocs.com/platform/latest/versions.html,1,100,0
docs.ros.org,1,100,0
docs.servicestack.net,1,100,0
docs.singtown.com,1,0,23
docs.streamlit.io,1,100,0
durhamcollege.desire2learn.com,1,100,0
edu.livedigital.space,1,100,0
edube.org/learn/pcpp1-python-enhancement-proposals-peps/pep-484-type-hinting,1,100,0
edube.org/learn/pcpp1-python-enhancement-proposals-peps/pep-8-programming-recommendations,1,100,0
edube.org/learn/pcpp1-python-enhancement-proposals-peps/what-is-pep-1,1,0,973
edube.org/learn/pe-2/section-summary-105,1,100,0
eff-certbot.readthedocs.io,1,100,0
emgithub.com,1,0,1945
endoflife.date,1,100,0
facebook.com,1,100,0
flask.palletsprojects.com/en/stable/lifecycle,1,100,0
flit.pypa.io/en/latest/history.html,1,0,0
forums.raspberrypi.com,1,100,0
fourthrev.instructure.com,1,100,0
freecad.github.io,1,100,0
freecodecamp.org,1,0,2756
freecodecamp.org/news/python-code-examples-sample-script-coding-tutorial-for-beginners,1,100,0
gcc.gnu.org,1,100,0
"github.com/EMbeDS-education/ComputingDataAnalysisModeling20252026/wiki/PDAI-Slides,-code-and-other-material",1,0,140
github.com/GnuriaN/Python-Roadmap,1,100,0
github.com/alex-1-tech/edu-game-engine/blob/develop/docs/coding-style.md,1,100,0
github.com/altendky/pyqt-tools,1,0,17
github.com/amontalenti/elements-of-python-style,1,100,0
github.com/astral-sh/uv/issues/8981,1,100,0
github.com/caster0x00/Noir,1,100,0
github.com/conda-forge/cfep,1,0,56
github.com/data-apis/array-api/issues/229,1,100,0
github.com/docker/metadata-action,1,100,0
github.com/erinysong/git-workshop/blob/main/python_standards.md,1,100,0
github.com/fnr1r/kadishutu/tree/5f48b40b0e2b57565a4b5432e20687f1ae42d521,1,100,0
github.com/google/styleguide/blob/gh-pages/pyguide.md,1,100,0
github.com/jhuangtw/xg2xg,1,100,0
github.com/jiaaro/pydub/issues/760,1,100,0
github.com/jupyter/nbclassic/pull/286,1,100,0
github.com/konradhalas/dacite,1,100,0
github.com/microsoft/debugpy/issues/1480,1,100,0
github.com/microsoft/promptflow/blob/main/docs/dev/documentation_guidelines.md,1,100,0
github.com/microsoft/pyright/issues/130,1,100,0
github.com/mkleehammer/pyodbc,1,100,0
github.com/numpy/numpy/issues/30704,1,100,0
github.com/opencv/opencv-python/issues/203,1,100,0
github.com/openmm/pdbfixer/issues/318,1,100,0
github.com/piwheels/piwheels/issues/385,1,0,4
github.com/pro100cemuk/bs4_parser_pep,1,0,934
github.com/psf/black/issues/2798,1,100,0
github.com/pyinstaller/pyinstaller/issues/1668,1,100,0
github.com/pypa/trove-classifiers,1,100,0
github.com/python/cpython/issues/141518,1,100,0
github.com/python/cpython/tree/main/Apple/iOS,1,100,0
github.com/python/peps/pull/4123,1,100,0
github.com/python/steering-council,1,0,1832
github.com/python/typing/issues/1009,1,100,0
github.com/qa-guru/knowledge-base/wiki/2.-%D0%9F%D0%BE%D0%B3%D1%80%D1%83%D0%B6%D0%B0%D0%B5%D0%BC%D1%81%D1%8F-%D0%B2-%D0%B8%D0%BD%D1%81%D1%82%D1%80%D1%83%D0%BC%D0%B5%D0%BD%D1%82%D0%B0%D1%80%D0%B8%D0%B9-%D0%B8-%D0%B1%D0%B8%D0%B1%D0%BB%D0%B8%D0%BE%D1%82%D0%B5%D0%BA%D0%B8,1,0,808
github.com/scverse/anndata,1,100,0
github.com/spatialdude/usqlite,1,100,0
github.com/ucla-rlcourse/cs260r-assignment-2026winter,1,100,0
github.com/urllib3/urllib3/issues/2168,1,0,36
github.com/we-like-parsers/pegen,1,100,0
github.com/yanyongyu/JceStruct,1,100,0
github.dev,1,100,0
gitlabform.github.io,1,100,0
goodresearch.dev,1,100,0
google.co.uk,1,100,0
google.com.tr,1,100,0
habr.com/ru/companies/tensor/articles/822827,1,100,0
