name,unique_exits,total_exits,exit_rate
/tr/3/installing/index.html,9,9,
/tr/3.13/tutorial/index.html,8,8,
/3/,5,5,
/tr/3.13/,4,4,
/tr/3.13/tutorial/introduction.html,4,4,
/tr/3/,4,4,
/tr/3.13/library/functions.html,3,3,
/tr/3.13/search.html,3,3,
/tr/3.13/tutorial/appetite.html,3,3,
/tr/3/tutorial/datastructures.html,3,3,
/tr/3/tutorial/index.html,3,3,
/tr/3/tutorial/interpreter.html,3,3,
/3.13/using/windows.html,2,2,
/3/library/turtle.html,2,2,
/3/tutorial/controlflow.html,2,2,
/tr/3.12/tutorial/classes.html,2,2,
/tr/3.13/library/random.html,2,2,
/tr/3.13/tutorial/modules.html,2,2,
/tr/3/reference/lexical_analysis.html,2,2,
/tr/3/tutorial/errors.html,2,2,
/tr/3/tutorial/introduction.html,2,2,
/zh-cn/3.13/tutorial/index.html,2,2,
/3.13/,1,1,
/3.13/c-api/unicode.html,1,1,
/3.13/contents.html,1,1,
/3.13/genindex.html,1,1,
/3.13/library/time.html,1,1,
/3.13/search.html,1,1,
/3.13/tutorial/,1,1,
/3.13/tutorial/controlflow.html,1,1,
/3.13/tutorial/index.html,1,1,
/3.13/tutorial/stdlib2.html,1,1,
/3.14/library/index.html,1,1,
/3.15/,1,1,
/3.15/tutorial/index.html,1,1,
/3/contents.html,1,1,
/3/faq/windows.html,1,1,
/3/library/datetime.html,1,1,
/3/library/functions.html,1,1,
/3/library/index.html,1,1,
/3/library/intro.html,1,1,
/3/library/tkinter.html,1,1,
/3/search.html,1,1,
/3/tutorial/introduction.html,1,1,
/pt-br/3.13/library/keyword.html,1,1,
/tr/3.12/tutorial/datastructures.html,1,1,
/tr/3.13/download.html,1,1,
/tr/3.13/genindex-Semboller.html,1,1,
/tr/3.13/genindex.html,1,1,
/tr/3.13/howto/a-conceptual-overview-of-asyncio.html,1,1,
/tr/3.13/index.html,1,1,
/tr/3.13/library/,1,1,
/tr/3.13/library/stdtypes.html,1,1,
/tr/3.13/library/time.html,1,1,
/tr/3.13/library/tkinter.html,1,1,
/tr/3.13/library/turtle.html,1,1,
/tr/3.13/py-modindex.html,1,1,
/tr/3.13/reference/index.html,1,1,
/tr/3.13/reference/lexical_analysis.html,1,1,
/tr/3.13/tutorial/,1,1,
/tr/3.13/tutorial/controlflow.html,1,1,
/tr/3.13/tutorial/datastructures.html,1,1,
/tr/3.13/using/windows.html,1,3,
/tr/3.13/whatsnew/changelog.html,1,1,
/tr/3.14/download.html,1,1,
/tr/3.14/library/contextvars.html,1,1,
/tr/3.14/whatsnew/3.14.html,1,1,
/tr/3/glossary.html,1,1,
/tr/3/library/exceptions.html,1,1,
/tr/3/library/functions.html,1,1,
/tr/3/library/tkinter.ttk.html,1,1,
/tr/3/search.html,1,1,
/tr/3/tutorial/appetite.html,1,1,
/zh-cn/3.13/installing/,1,1,
/zh-cn/3.13/library/index.html,1,1,
/zh-cn/3.13/tutorial/appetite.html,1,1,
/zh-cn/3.14/installing/,1,1,
