name,version,visitors
Chrome,143.0,42
Chrome,132.0,37
Chrome,131.0,35
Chrome,144.0,28
Microsoft Edge,144.0,22
Chrome,139.0,11
360 Secure Browser,(not set),4
Firefox,147.0,4
Opera,126.0,3
Chrome,142.0,3
Microsoft Edge,143.0,3
Safari,26.2,3
Chrome,108.0,2
Chrome,117.0,2
Chrome,126.0,2
Chrome,133.0,2
Firefox,140.0,2
Safari,18.7,2
QQ Browser,20.0,2
Safari,26.3,2
Chrome,69.0,2
(not set),(not set),1
Mobile App,(not set),1
Chrome,105.0,1
Chrome,107.0,1
Chrome,109.0,1
Chrome,110.0,1
Chrome,112.0,1
Chrome,116.0,1
Opera,125.0,1
Safari,18.6,1
Sogou Explorer,2,1
Yandex Browser,24.10,1
Safari,26.4,1
Chrome,83.0,1
