name,version,visitors
Windows,10,101761
Mac,10.15,35100
GNU/Linux,(not set),14398
Android,10,8458
Ubuntu,(not set),3481
iOS,18.7,2057
iOS,18.6,2018
Chrome OS,14541.0,1221
Android,15,680
Windows,7,554
iOS,18.5,429
Android,14,428
Android,13,334
iOS,26.1,318
Android,12,282
Android,16,263
iOS,26.0,214
iOS,18.3,138
Android,11,126
iOS,16.7,126
iOS,17.6,100
iOS,15.8,83
iOS,14.0,72
iOS,18.1,67
HarmonyOS,(not set),52
iOS,18.4,52
Android,9,44
(not set),(not set),43
iOS,17.5,43
iOS,18.2,42
iOS,18.0,34
iOS,17.4,32
Android,8.1,31
Windows,8.1,31
iOS,26.2,22
Mac,10.13,20
iOS,16.6,20
iOS,17.7,20
iOS,16.3,19
Android,6.0,19
Fire OS,7,19
iOS,17.1,18
Chrome OS,14816.131,17
HarmonyOS,3.0,17
iOS,12.5,16
Android,5.1,16
Android,8.0,16
Mac,10.14,13
iPadOS,16.2,13
iPadOS,17.7,13
Fire OS,8,13
iOS,17.0,12
Mac,10.12,11
iOS,16.5,11
iOS,15.6,10
iOS,16.1,10
Windows,XP,10
iOS,15.7,9
iOS,17.3,9
iOS,10.3,8
Android,7.0,8
Windows,Server 2003,8
iPadOS,16.7,7
iOS,19.0,7
Windows,Vista,7
Windows Mobile,10,6
iOS,16.2,6
iOS,17.2,6
Mac,(not set),5
iOS,16.0,5
iOS,16.4,5
Android,7.1,5
Windows,8,5
iOS,12.2,4
iOS,15.4,4
iPadOS,15.8,4
iPadOS,16.1,4
Windows,(not set),3
Fedora,(not set),3
NetBSD,(not set),3
FreeBSD,(not set),3
Mac,10.11,3
Mac,13.3,3
Chrome OS,13597.84,3
iOS,15.5,3
iPadOS,17.6,3
HarmonyOS,2.2,3
Tizen,4.0,3
Fire OS,5,3
Tizen,5.5,3
RedOS,(not set),2
iOS,13.2,2
iOS,13.5,2
iOS,14.1,2
Chrome OS,14989.107,2
iOS,15.1,2
iPadOS,17.5,2
Ubuntu,24.04,2
iOS,4.3,2
Android TV,8.0,2
Android,9.1,2
iOS,(not set),1
Ubuntu,10.10,1
Mac,10.10,1
Mac,10.9,1
Chrome OS,13729.72,1
Chrome OS,13904.97,1
Android TV,14,1
Mac,14.4,1
Mac,14.5,1
Mac,14.7,1
Mac,14.8,1
Chrome OS,14092.77,1
Android,15.0,1
iOS,15.2,1
iOS,15.3,1
iPadOS,16.3,1
iPadOS,17.4,1
webOS,2,1
HarmonyOS,2.1,1
Tizen,2.4,1
Mac,26.1,1
webOS,3,1
Tizen,3.0,1
webOS,3.7,1
webOS,3.8,1
webOS,4.1,1
Android,5.0,1
Fire OS,6,1
Windows,NT,1
