name,unique_entrances,total_entrances,visit_duration
/downloads/,155481,161606,194
/,122872,127515,169
/downloads/windows/,43775,45176,168
/downloads/release/python-3142/,29701,30154,188
/downloads/release/pymanager-252/,17097,17579,176
/downloads/macos/,4729,4798,100
/about/gettingstarted/,4581,4661,94
/downloads/release/python-3119/,4481,4579,237
/downloads/release/python-3120/,4013,4080,216
/downloads/release/python-31212/,3974,4032,244
/downloads/release/python-3110/,3579,3645,226
/downloads/release/python-31114/,3319,3377,277
/search/,3137,3178,228
/downloads/release/python-3100/,2995,3041,218
/downloads/release/python-31019/,2613,2650,319
/doc/,2496,2536,105
/downloads/release/python-3150a5/,2421,2438,214
/downloads/release/python-3106/,2108,2206,234
/downloads/release/python-31011/,2086,2154,217
/downloads/release/python-31311/,2051,2091,198
/downloads/release/python-3130/,1843,1856,195
/psf/donations/,1808,1819,123
/downloads/release/python-31013/,1757,1799,383
/downloads/release/python-3140/,1435,1456,146
/psf-landing/,1311,1324,147
/downloads/source/,1306,1341,139
/downloads/release/python-390/,1054,1070,237
/shell/,1028,1065,154
/about/,923,955,182
/downloads/release/python-31210/,848,868,156
/downloads/release/python-380/,836,845,209
/downloads/release/python-3925/,761,770,257
/downloads/release/python-3128/,712,728,213
/downloads/release/python-3810/,688,710,217
/jobs/,684,691,138
/downloads/android/,653,665,127
/downloads/release/python-3135/,612,630,229
/download/other/,535,542,147
/community/,518,525,132
/about/apps/,502,512,122
/downloads/release/python-3913/,489,496,204
/downloads/release/python-370/,448,450,201
/downloads/release/python-2718/,411,417,105
/downloads/release/python-3124/,404,415,225
/downloads/release/python-3133/,395,400,178
/doc/versions/,389,397,103
/downloads/release/python-3123/,387,394,186
/getit/,354,359,204
/downloads/release/python-3129/,349,354,198
/downloads/release/python-3118/,346,356,308
/downloads/release/python-3137/,341,360,102
/community/logos/,337,341,59
/downloads/release/python-3127/,299,304,138
/blogs/,293,295,116
/download/releases/,283,283,205
/downloads/release/python-3139/,271,279,161
/downloads/release/python-3820/,260,268,287
/downloads/release/python-3121/,254,257,252
/accounts/login/,238,246,103
/download/releases/2.7/,237,241,115
/download,224,225,238
/downloads/release/python-3132/,214,218,255
/downloads/release/python-3109/,207,214,189
/doc/essays/blurb/,205,207,83
/downloads/release/python-360/,204,204,163
/downloads/release/python-31010/,189,194,230
/downloads/release/python-3114/,188,191,170
/downloads/release/python-31012/,178,182,314
/downloads/release/pymanager-250/,176,184,108
/downloads/release/python-3131/,173,177,149
/downloads/release/python-379/,167,174,206
/downloads/release/python-3117/,162,164,158
/downloads/release/python-31111/,156,160,247
/downloads/release/python-3116/,154,155,262
/downloads/release/python-3105/,147,148,175
/events/,147,159,86
/downloads/release/python-3111/,144,149,187
/downloads/release/python-31110/,144,146,322
/downloads/release/python-3141/,142,143,164
/downloads/release/python-3122/,141,146,315
/downloads/release/python-312/,139,141,241
/downloads/release/python-311/,132,133,222
/downloads/release/python-3126/,131,132,197
/downloads/release/python-31113/,130,132,260
/downloads/release/python-3115/,130,138,133
/downloads/release/python-368/,129,131,238
/download/releases/3.0/,126,127,124
/downloads/release/python-3717/,123,123,358
/success-stories/,118,121,148
/downloads/release/python-31014/,117,119,353
/downloads/release/python-31310/,117,119,227
/downloads/release/python-31211/,109,111,271
/downloads/release/python-3150a3/,108,123,112
/success-stories/category/education/,96,96,68
/downloads/release/python-3112/,94,95,98
/downloads/release/python-386/,92,96,241
/downloads/release/python-3125/,90,92,307
/doc/av/,89,89,144
/about/help/,88,88,113
/community/forums/,88,89,6
/downloads/release/python-3108/,87,88,102
/events/python-events/,84,84,76
/downloads/release/python-3104/,82,83,178
/downloads/release/python-31112/,82,84,307
/downloads/release/python-396/,81,82,189
/downloads/release/python-374/,79,81,251
/community/diversity/,77,78,53
/community/workshops/,76,78,35
/downloads/release/python-3113/,75,76,229
/success-stories/category/arts/,75,75,53
/success-stories/category/business/,74,74,33
/success-stories/category/engineering/,74,77,48
/success-stories/category/software-development/,74,74,35
/accounts/signup/,72,74,117
/events/python-user-group/,72,72,32
/events/python-user-group/past/,69,69,54
/community/irc/,68,68,29
/downloads/release/python-377/,68,72,261
/psf/newsletter/,68,70,4
/download/alternatives/,67,68,116
/success-stories/category/government/,67,67,15
/community/lists/,66,68,30
/downloads/release/python-382/,66,66,307
/downloads/release/python-385/,65,65,234
/downloads/release/,64,64,235
/downloads/release/python-372/,64,64,269
/downloads/release/python-3910/,63,63,119
/downloads/release/python-399/,63,67,257
/success-stories/category/scientific/,63,63,13
/doc/essays/,62,62,128
/downloads/release/python-350/,62,63,203
/downloads/release/python-3615/,61,62,130
/psf/membership/,61,61,170
/downloads/release/python-31018/,60,60,239
/downloads/release/python-391/,60,60,199
/about/quotes/,59,59,117
/downloads/release/python-3107/,59,61,283
/downloads/release/python-3134/,59,59,151
/downloads/release/python-340/,59,59,110
/download/mac/tcltk/,57,58,97
/psf/about/,57,57,185
/dev/,56,56,24
/downloads/release/python-3102/,55,56,229
/downloads/release/python-3136/,55,56,79
/downloads/release/python-3919/,54,54,195
/downloads/release/python-3138/,53,53,210
/downloads/release/python-373/,52,52,448
/downloads/release/python-3918/,52,53,432
/downloads/release/python-310/,51,51,259
/events/python-events/past/,51,51,99
/psf/community-stories/,50,51,16
/downloads/release/python-3912/,49,51,103
/downloads/release/python-392/,48,49,156
/downloads/release/python-272/,46,48,282
/downloads/release/python-3101/,46,49,252
/downloads/release/python-389/,46,47,187
/download/releases/3.1/,44,44,404
/downloads/release/python-397/,44,45,85
/community/sigs/,43,43,12
/downloads/release/python-3150a4/,43,44,35
/downloads/release/python-2716/,42,43,271
/downloads/release/python-3911/,42,42,289
/psf/sponsors/,42,42,51
/downloads/release/pymanager-251/,41,47,38
/dev/security/,38,38,33
/downloads/release/python-381/,38,38,354
/downloads/release/python-395/,38,40,148
/events/python-user-group/2125/,38,38,177
/downloads/release/python-383/,37,37,190
/jobs/8027/,37,38,144
/downloads/release/python-31016/,36,37,448
/downloads/release/python-3818/,36,36,224
/download/releases/2.5/msi/,35,36,113
/psf/get-involved/,35,35,0
/community/awards/,33,33,13
/downloads/release/python-300/,32,33,129
/downloads/release/python-31015/,32,33,164
/downloads/release/python-344/,32,32,92
/downloads/release/python-3510/,32,32,319
/events/python-user-group/2129/,32,32,38
/downloads/release/python-314/,31,31,170
/downloads/release/python-378/,31,32,137
/doc/essays/graphs/,30,30,7
/downloads/release/python-3410/,30,30,115
/downloads/release/python-2713/,29,29,66
/downloads/release/python-3916/,29,30,255
/dev/core-mentorship/,28,28,82
/downloads/release/python-278/,28,28,187
/downloads/release/python-376/,28,28,142
/psf/annual-report/2024/,28,28,53
/accounts/confirm-email/,27,28,50
/downloads/release/python-2710/,27,29,291
/downloads/release/python-31017/,27,27,239
/downloads/release/python-3103/,27,28,257
/downloads/release/python-3150a2/,27,27,4
/psf/,27,27,0
/download/releases/2.0/,26,26,100
/psf/grants/,26,26,20
/doc/av,25,25,0
/downloads/release/python-2715/,25,26,128
/events/python-user-group/2140/,25,25,14
/community/awards,24,24,0
/downloads/release/python-2714/,24,24,66
/downloads/release/python-315/,24,24,267
/downloads/release/python-343/,24,24,103
/downloads/release/python-365/,24,24,239
/jobs/8022/,24,27,121
/downloads/release/python-3819/,23,23,402
/downloads/release/python-387/,23,24,112
/downloads/release/python-388/,23,26,96
/psf/annual-report/2021/,23,23,0
/about/legal/,22,22,5
/download/releases/2.3/mro/,22,23,3
/downloads/release/python-311x/,22,22,411
/downloads/release/python-394/,22,22,131
/jobs/8005/,22,22,32
/psf/fellows-roster/,22,22,83
/downloads/release/python-275/,21,21,61
/downloads/release/python-364/,21,21,72
/downloads/release/python-3815/,21,21,179
/jobs/types/,21,21,1
/community/sigs/current/mobile-sig/,20,20,102
/downloads/release/python-273/,20,20,13
/jobs/8021/,20,20,9
/jobs/location/bengaluru-karnataka-india/,20,20,6
/psf/volunteer/,20,20,82
/downloads/release/python-313/,19,19,140
/downloads/release/python-371/,19,19,161
/downloads/release/python-3811/,19,19,253
/events/python-events/2141/,19,19,66
/jobs/type/back-end/,19,19,7
/psf/trademarks/,19,20,41
/doc/essays/comparisons/,18,20,0
/doc/humor/,18,19,0
/downloads/release/python-301/,18,18,147
/downloads/release/python-337/,18,18,137
/downloads/release/python-398/,18,18,113
/getit/windows/,18,18,9
/jobs/8026/,18,18,85
/jobs/type/machine-learning/,18,18,20
/jobs/type/web/,18,18,33
/success-stories/python-on-arm-2025-update/,18,19,10
/community/jobs/howto/,17,17,2
/downloads/operating-systems/,17,17,24
/downloads/release/python-330/,17,17,141
/downloads/release/python-351/,17,17,225
/downloads/release/python-353/,17,18,98
/downloads/release/python-363/,17,18,185
/jobs/8015/,17,17,117
/jobs/8025/,17,17,126
/jobs/location/pontiac-usa/,17,17,0
/jobs/location/remote-united-states/,17,17,0
/jobs/locations/,17,17,70
/jobs/type/cloud/,17,17,15
/jobs/type/database/,17,17,10
/jobs/type/management/,17,17,0
/psf/membership-faq/,17,17,5
/psf/sponsorship/,17,17,281
/sponsors/application/,17,18,261
/download/releases/3.2/,16,16,262
/downloads.,16,16,293
/downloads/release/python-277/,16,16,311
/downloads/release/python-384/,16,16,15
/downloads/release/python-3922/,16,16,185
/events/calendars/,16,16,300
/jobs/location/dover-north-carolina-usa/,16,16,0
/jobs/location/waterloo-toronto-qebec-bogota-medellin-montevideo-buenos-aires-canada-or-latam-countries/,16,16,54
/psf/fiscal-sponsorees/,16,16,86
/psf/mission/,16,16,5
/about/success/,15,15,31
/doc/sunset-python-2/,15,16,113
/dowloads/,15,15,561
/downloads/release/python-266/,15,15,77
/downloads/release/python-270/,15,15,288
/downloads/release/python-279/,15,15,147
/downloads/release/python-352/,15,16,159
/downloads/release/python-375/,15,16,61
/downloads/release/python-3816/,15,15,218
/downloads/release/python-3923/,15,15,9
/events/python-user-group/2103/,15,15,0
/jobs/location/saratoga-california-united-states/,15,15,0
/jobs/type/big-data/,15,15,0
/jobs/type/finance/,15,15,0
/jobs/type/testing/,15,15,0
/community/sigs/current/edu-sig/,14,14,46
/downloads/release/python-276/,14,14,2
/downloads/release/python-354/,14,15,18
/downloads/release/python-3710/,14,14,340
/downloads/release/python-38/,14,14,106
/downloads/release/python-3920/,14,14,229
/downloads/release/python-3921/,14,15,218
/events/python-user-group/2104/,14,14,3
/jobs/8013/,14,14,4
/jobs/8024/,14,14,3
/jobs/category/developer-engineer/,14,14,0
/jobs/location/london-united-kingdom/,14,14,0
/jobs/type/lead/,14,14,0
/downloads/release/python-271/,13,13,209
/downloads/release/python-2717/,13,13,49
/downloads/release/python-3150a1/,13,13,8
