name,visitors,pageviews,bounce_rate,time_on_page,scroll_depth
/zh-cn/3/tutorial/index.html,429,759,50,118,58
/zh-cn/3/,381,577,47,63,74
/zh-cn/3.13/tutorial/index.html,296,542,45,70,66
/zh-cn/3.13/,274,459,38,48,81
/zh-cn/3/library/index.html,212,337,51,62,50
/zh-cn/3.13/library/index.html,150,276,21,71,52
/zh-cn/3/tutorial/interpreter.html,125,183,54,97,80
/zh-cn/3/library/turtle.html,123,158,86,410,34
/zh-cn/3/library/idle.html,118,144,84,311,29
/zh-cn/3/tutorial/introduction.html,116,179,58,393,63
/zh-cn/3/library/functions.html,113,154,68,410,40
/zh-cn/3/tutorial/controlflow.html,109,168,70,362,51
/zh-cn/3.13/tutorial/interpreter.html,105,156,74,169,83
/zh-cn/3.13/tutorial/controlflow.html,103,160,62,274,48
/zh-cn/3.13/tutorial/introduction.html,101,152,45,575,60
/zh-cn/3.13/search.html,93,215,28,77,56
/zh-cn/3.13/library/functions.html,92,128,50,500,49
/zh-cn/3/tutorial/appetite.html,90,104,60,109,94
/zh-cn/3.13/tutorial/appetite.html,88,99,38,111,91
/zh-cn/3/search.html,86,145,50,108,59
/zh-cn/3/library/venv.html,74,82,84,443,39
/zh-cn/3/reference/index.html,74,127,44,35,71
/zh-cn/3/index.html,73,103,53,30,79
/zh-cn/3.12/,69,159,38,21,78
/zh-cn/3/library/stdtypes.html,68,99,80,160,38
/zh-cn/3.13/tutorial/datastructures.html,66,97,68,538,61
/zh-cn/3/library/math.html,66,100,76,1008,34
/zh-cn/3.13/index.html,64,114,20,18,78
/zh-cn/3/tutorial/,64,114,43,57,57
/zh-cn/3/using/index.html,64,84,57,65,87
/zh-cn/3.13/reference/index.html,63,110,42,32,85
/zh-cn/3.13/library/stdtypes.html,61,95,57,279,45
/zh-cn/3/tutorial/datastructures.html,61,84,68,132,64
/zh-cn/3/glossary.html,52,74,75,125,44
/zh-cn/3/contents.html,51,64,50,46,14
/zh-cn/3.13/glossary.html,49,79,55,326,46
/zh-cn/3.13/contents.html,48,84,25,67,24
/zh-cn/3.13/download.html,47,63,80,274,91
/zh-cn/3/library/re.html,45,48,84,214,28
/zh-cn/3.13/using/index.html,44,72,33,63,86
/zh-cn/3.13/whatsnew/3.13.html,44,67,69,258,27
/zh-cn/3/using/windows.html,43,48,76,124,51
/zh-cn/3.12/tutorial/index.html,40,84,43,52,58
/zh-cn/3.13/reference/datamodel.html,37,51,79,164,46
/zh-cn/3.13/tutorial/,37,64,69,246,55
/zh-cn/3.13/tutorial/classes.html,37,43,100,284,61
/zh-cn/3.13/library/tkinter.html,36,44,69,245,42
/zh-cn/3.13/tutorial/modules.html,36,43,100,381,60
/zh-cn/3.13/using/windows.html,36,47,100,367,62
/zh-cn/3.12/library/index.html,35,85,45,47,48
/zh-cn/3/installing/index.html,35,39,100,34,71
/zh-cn/3/library/,35,46,76,28,27
/zh-cn/3.14/,34,50,100,24,78
/zh-cn/3.13/py-modindex.html,33,56,33,48,47
/zh-cn/3/tutorial/classes.html,32,49,82,313,61
/zh-cn/3/reference/lexical_analysis.html,31,40,64,211,57
/zh-cn/3.13/installing/index.html,30,33,80,145,74
/zh-cn/3/library/typing.html,30,37,68,207,32
/zh-cn/3.13/library/turtle.html,29,49,72,946,51
/zh-cn/3.13/tutorial/errors.html,29,34,78,245,47
/zh-cn/3.13/tutorial/inputoutput.html,29,33,67,281,65
/zh-cn/3/whatsnew/3.13.html,29,41,100,102,22
/zh-cn/3/reference/datamodel.html,28,63,75,225,38
/zh-cn/3/library/asyncio.html,26,35,45,78,92
/zh-cn/3/tutorial/modules.html,26,28,78,328,56
/zh-cn/dev/using/mac.html,26,27,88,197,37
/zh-cn/3.13/reference/expressions.html,25,36,57,203,65
/zh-cn/3/using/mac.html,25,30,80,414,64
/zh-cn/3.13/library/math.html,24,34,64,287,50
/zh-cn/3.13/reference/lexical_analysis.html,23,34,67,196,64
/zh-cn/3/tutorial/inputoutput.html,23,36,71,395,61
/zh-cn/3.12/download.html,22,30,100,246,92
/zh-cn/3.12/index.html,22,36,36,8,71
/zh-cn/3/library/os.html,22,32,62,1090,23
/zh-cn/3/library/string.html,22,26,86,210,48
/zh-cn/3/py-modindex.html,22,31,25,29,50
/zh-cn/3/reference/compound_stmts.html,22,27,33,65,39
/zh-cn/3.12/search.html,21,51,33,106,52
/zh-cn/3.12/using/mac.html,21,25,72,346,72
/zh-cn/3.13/tutorial/venv.html,21,23,67,59,79
/zh-cn/3/download.html,21,24,71,175,91
/zh-cn/3/library/tkinter.html,21,30,73,51,36
/zh-cn/3.12/library/functions.html,20,34,56,175,59
/zh-cn/3.13/howto/index.html,20,24,33,60,92
/zh-cn/3/howto/argparse.html,20,20,82,115,32
/zh-cn/3/library/dataclasses.html,20,25,76,117,35
/zh-cn/3/library/collections.html,19,21,94,492,30
/zh-cn/3/library/multiprocessing.html,19,26,80,1050,20
/zh-cn/3.13/library/asyncio-task.html,18,25,64,607,42
/zh-cn/3.13/library/idle.html,18,22,100,110,27
/zh-cn/3.13/library/os.html,18,22,100,273,42
/zh-cn/3.13/using/cmdline.html,18,26,0,124,33
/zh-cn/3/howto/index.html,18,29,67,13,83
/zh-cn/3/library/unittest.html,18,28,69,624,28
/zh-cn/3.13/library/asyncio.html,17,26,50,95,84
/zh-cn/3.13/library/string.html,17,30,50,173,43
/zh-cn/3.13/reference/simple_stmts.html,17,26,0,366,68
/zh-cn/3.13/using/android.html,17,19,83,11,88
/zh-cn/3/library/tk.html,17,26,43,70,76
/zh-cn/3/reference/expressions.html,17,24,83,52,58
