name,visitors,bounce_rate,visit_duration
Direct / None,1353,59,254
Google,569,77,240
python.org,230,65,316
Bing,41,65,274
chatgpt.com,21,60,392
pythoninsider.blogspot.com,21,76,276
DuckDuckGo,17,42,218
Baidu,14,100,312
GitHub,12,89,595
habr.com,8,88,152
Yandex,7,67,38
typing-extensions.readthedocs.io,5,67,152
Brave,4,100,107
blog.python.org,4,50,37
qiita.com,4,50,369
Reddit,3,50,186
peps.python.org,3,100,0
Ecosia,2,0,54
Yahoo!,2,100,133
avesis.yildiz.edu.tr,2,0,200
copilot.microsoft.com,2,100,0
discuss.python.org,2,0,84
python.jp,2,0,575
python.p2hp.com,2,0,486
realpython.com,2,100,0
wiki.python.org,2,0,927
Hacker News,1,100,0
Microsoft Teams,1,100,0
Perplexity,1,0,1448
api.arcade.academy,1,0,24
bbgithub.dev.bloomberg.com,1,0,1889
cnbeta.com.tw,1,100,0
code.visualstudio.com,1,0,60
dailydev,1,100,0
dynalist.io,1,0,62
github.allstate.com,1,100,0
gyrtnazfpymktaae.tunnel-pt.elice.io,1,0,290
hobbylife.tistory.com,1,0,5
hz.haokeyouxuanedu.com,1,0,22
idealab.alibaba-inc.com,1,0,18
learn.microsoft.com,1,0,130
learning.anaconda.com,1,0,90
m.quark.cn,1,0,0
office54.net,1,0,370
online.keepcoding.io,1,0,226
phoronix.com,1,0,24
pro.arcgis.com,1,0,169
pygame.org,1,0,379
pymongo.readthedocs.io,1,0,158
python-beginner.blog,1,0,519
pythonmorsels.com,1,100,0
sphinx-doc.org,1,0,2030
techblog.asahi-net.co.jp,1,0,704
typing.python.org,1,0,108
uvirtual2.ucsc.cl,1,0,14
wiki,1,100,0
