name,version,visitors
Chrome,142.0,200822
Microsoft Edge,142.0,94502
Firefox,145.0,12458
Opera,124.0,12059
Chrome,141.0,8591
Yandex Browser,25.10,6068
Chrome,109.0,4745
Safari,26.1,4675
Safari,18.6,4115
Chrome,140.0,3356
Chrome,138.0,3150
Chrome,132.0,2623
Mobile App,(not set),2603
Microsoft Edge,141.0,2503
Chrome,135.0,2131
Chrome,139.0,1862
Chrome,126.0,1449
Microsoft Edge,140.0,1445
Chrome,122.0,1368
Chrome,137.0,1282
Safari,18.5,1262
Quark,(not set),1247
Chrome,143.0,1235
Safari,26.0,1125
Smart Lenovo Browser,9.0,1077
Firefox,140.0,1044
Opera,123.0,968
Chrome,131.0,925
Microsoft Edge,92.0,910
Chrome,136.0,838
Microsoft Edge,139.0,830
Chrome,134.0,811
Microsoft Edge,138.0,752
Firefox,115.0,727
Safari,17.6,707
Firefox,144.0,642
Microsoft Edge,122.0,607
Chrome,86.0,590
Chrome,133.0,559
Chrome,128.0,531
Yandex Browser,25.8,523
Safari,18.7,479
Chrome,125.0,472
Samsung Browser,29.0,471
Microsoft Edge,131.0,454
Safari,16.6,426
Microsoft Edge,137.0,409
Sogou Explorer,2,404
Safari,18.3,401
Microsoft Edge,143.0,390
Chrome,130.0,389
Whale Browser,4.34,382
QQ Browser,19.8,373
Chrome,129.0,353
Microsoft Edge,136.0,346
Firefox,143.0,330
Chrome,121.0,323
Chrome,116.0,321
Chrome,127.0,310
Yandex Browser,24.10,309
Firefox,128.0,295
Chrome,120.0,293
Microsoft Edge,135.0,292
Microsoft Edge,134.0,286
Mobile App,142.0,277
Microsoft Edge,109.0,268
Safari,15.6,263
Chrome,114.0,256
Microsoft Edge,133.0,229
Safari,26.2,228
Safari,17.5,225
Chrome,144.0,219
Safari,18.1,215
Chrome,124.0,214
Opera,122.0,207
Firefox,141.0,207
Safari,18.4,207
Chrome,119.0,201
Chrome,103.0,195
Microsoft Edge,126.0,194
Firefox,142.0,194
Chrome,123.0,193
Chrome,108.0,192
Microsoft Edge,100.0,191
Microsoft Edge,130.0,180
Microsoft Edge,128.0,153
Microsoft Edge,127.0,151
Chrome,117.0,146
Microsoft Edge,129.0,144
Safari,17.4,144
Firefox,146.0,140
Avast Secure Browser,142.0,139
Microsoft Edge,18.18363,136
Safari,18.2,136
Microsoft Edge,132.0,134
Huawei Browser Mobile,16.0,126
Chrome,101.0,123
Chrome,107.0,119
Firefox,136.0,119
Opera,95.0,115
Chrome,118.0,112
Safari,18.0,111
Microsoft Edge,18.18362,108
Chrome,95.0,104
Chrome,91.0,103
Chrome,111.0,98
Yandex Browser,25.6,93
Chrome,106.0,91
Safari,(not set),86
Microsoft Edge,123.0,86
Safari,17.3,86
Huawei Browser,12.1,84
Microsoft Edge,124.0,83
MIUI Browser,20.7,83
QQ Browser,19.6,78
Firefox,127.0,77
Quark,10.0,76
Chrome,78.0,75
Samsung Browser,28.0,72
Microsoft Edge,114.0,70
Chrome,90.0,69
Chrome,102.0,68
Microsoft Edge,18.17763,68
Microsoft Edge,107.0,67
AVG Secure Browser,142.0,67
Chrome,99.0,67
Chrome,112.0,65
Microsoft Edge,120.0,64
Safari,17.2,64
Chrome,80.0,63
Yandex Browser,25.2,62
Chrome,69.0,62
Safari,14.1,61
Chrome,105.0,60
QQ Browser,19.7,60
Chromium,(not set),59
Firefox,135.0,59
Chrome,87.0,59
Microsoft Edge,118.0,58
Microsoft Edge,119.0,58
Safari,16.1,57
Safari,16.3,57
Chrome,92.0,56
Chrome,110.0,55
Microsoft Edge,117.0,55
Microsoft Edge,125.0,55
Microsoft Edge,86.0,55
Safari,16.5,54
Chrome,96.0,54
(not set),(not set),53
Firefox,134.0,53
Microsoft Edge,90.0,53
Microsoft Edge,116.0,52
vivo Browser,15.0,52
Chrome,79.0,52
Microsoft Edge,89.0,52
Mobile App,114.0,51
Safari,17.1,51
Chrome,115.0,50
Microsoft Edge,18.19041,50
Yandex Browser,25.105,49
Microsoft Edge,106.0,47
Chrome,63.0,47
Safari,17.0,45
Opera,93.0,45
Chrome,83.0,44
Chrome,97.0,44
Firefox,139.0,43
Mobile App,97.0,43
Brave,(not set),42
Microsoft Edge,111.0,41
Microsoft Edge,112.0,41
Microsoft Edge,121.0,41
Microsoft Edge,17.17134,41
Chrome,94.0,41
Opera,120.0,40
Firefox,137.0,40
Firefox,138.0,40
Microsoft Edge,16.16299,40
Chrome,93.0,40
Chrome,98.0,40
Microsoft Edge,113.0,39
Safari,16.4,39
QQ Browser,19.5,39
Chrome,104.0,38
Chrome,113.0,38
Safari,13.1,37
Firefox,130.0,37
Huawei Browser Mobile,5.1,37
360 Secure Browser,(not set),36
Chrome,100.0,36
Safari,17.14,36
Chrome,85.0,35
Microsoft Edge,144.0,34
Firefox,5.0,34
QQ Browser,19.9,33
Chrome,81.0,33
Microsoft Edge,110.0,32
Samsung Browser,27.0,31
Firefox,125.0,30
MIUI Browser,20.6,30
vivo Browser,27.1,29
Firefox,111.0,28
Norton Private Browser,142.0,27
Firefox,147.0,27
MIUI Browser,20.0,27
Opera,92.0,26
Microsoft Edge,115.0,25
Safari,12.1,25
Yandex Browser,25.104,25
Firefox,133.0,24
Safari,16.2,24
Yandex Browser,25.4,24
Chrome,74.0,24
Firefox,113.0,23
Firefox,145.1,23
Safari,17.7,23
Chrome,142,22
Chrome,77.0,22
Chrome,89.0,22
MIUI Browser,14.46,21
QQ Browser,19.4,21
vivo Browser,26.5,21
Firefox,52.0,21
Opera,96.1,21
Quark,10.1,20
Mobile App,134.0,20
Mobile App,138.0,20
QtWebEngine,5.15,20
Firefox,131.0,19
Mobile App,131.0,19
Firefox,132.0,19
Hi Browser,2.25,19
QtWebEngine,6.10,19
Opera,79.0,19
Microsoft Edge,14.14393,18
QQ Browser,19.3,18
Chrome,73.0,18
Microsoft Edge,84.0,18
QQ Browser,19.2,17
Yandex Browser,23.7,17
vivo Browser,26.8,17
Chrome,71.0,17
Avast Secure Browser,109.0,16
CCleaner,142.0,16
Microsoft Edge,15.15063,16
QQ Browser,6.2,16
Chrome,70.0,16
Chrome,88.0,16
Firefox,109.0,15
Mobile App,109.0,15
Mobile App,119.0,15
Yandex Browser,24.7,15
Samsung Browser,26.0,15
vivo Browser,26.7,15
vivo Browser,27.0,15
Opera GX,3.0,15
Chrome,62.0,15
Microsoft Edge,105.0,14
Safari,15.4,14
Safari,15.5,14
QQ Browser,21.0,14
QtWebEngine,6.4,14
Firefox,112.0,13
Avira Secure Browser,142.0,13
Safari,17.8,13
Yandex Browser,24.12,13
Chrome,49.0,13
Chrome,65.0,13
Firefox,68.0,13
Firefox,72.0,13
Chrome,75.0,13
Chrome,84.0,13
Opera,121.0,12
Mobile App,123.0,12
Mobile App,137.0,12
Safari,16.0,12
Yandex Browser,23.9,12
vivo Browser,26.9,12
Opera,119.0,11
QQ Browser,13.3,11
Safari,14.0,11
MIUI Browser,14.45,11
Samsung Browser,23.0,11
Chrome,68.0,11
Firefox,88.0,11
Firefox,104.0,10
Safari,11.0,10
Opera,114.0,10
Firefox,118.0,10
QQ Browser,12.2,10
Firefox,122.0,10
QQ Browser,13.7,10
Avast Secure Browser,141.0,10
Safari,15.1,10
Yandex Browser,25.3,10
Yandex Browser,25.80,10
Chrome,45.0,10
Chrome,67.0,10
Microsoft Edge,103.0,9
