name,visitors
Bengaluru,2589
Moscow,2220
Singapore,1818
Hyderabad,1422
Sydney,1320
Mumbai,1273
Paris,1189
Chennai,1159
Melbourne,1116
Toronto,1061
Warsaw,1052
New York City,1026
São Paulo,1022
Munich,966
Pune,960
Tokyo,939
Saint Petersburg,825
Madrid,824
Frankfurt am Main,823
Berlin,793
Tel Aviv,785
Amsterdam,776
Seattle,736
Chicago,729
London,720
Zürich,694
San Jose,689
Ho Chi Minh City,686
Milan,679
New Delhi,678
Los Angeles,649
Montréal,591
Shanghai,587
Taipei,583
Prague,582
Beijing,552
San Francisco,552
Vienna,549
Hanoi,523
Delhi,515
Helsinki,504
Budapest,496
Stockholm,484
Brisbane,480
Kolkata,478
Kyiv,470
Dublin,465
Austin,461
Guangzhou,445
Barcelona,444
Bangkok,431
Bogotá,405
Rome,403
Denver,390
Santiago,389
Brooklyn,378
Rio de Janeiro,371
San Diego,366
Atlanta,360
Hamburg,359
Lisbon,354
Washington,348
Istanbul,343
Auckland,342
Vancouver,341
Oslo,333
Hong Kong,321
Houston,320
Minsk,318
Kraków,316
Belgrade,313
Bucharest,307
Ashburn,307
Stuttgart,305
Athens,298
Brussels,298
Wrocław,294
Manchester,289
Ahmedabad,285
Brasília,285
Portland,272
Perth,271
Nairobi,270
Queens,266
Lima,263
Philadelphia,257
Pittsburgh,256
Sunnyvale,256
Tashkent,255
Boston,252
Cambridge,251
Göteborg,246
Adelaide,243
Calgary,242
Copenhagen,238
Medellín,234
N/A,234
Mexico City,231
Lucknow,229
Seoul,229
Ottawa,226
Southwark,224
Coimbatore,222
Cairo,221
Novosibirsk,221
Chengdu,221
Minneapolis,221
Kuala Lumpur,219
Lagos,218
Phoenix,216
Dallas,214
Hangzhou,212
Johannesburg,209
Almaty,206
Jaipur,204
Sofia,197
Lviv,195
Edmonton,195
Tbilisi,188
Shenzhen,188
Jersey City,188
Patna,186
Enschede,186
Düsseldorf,186
Taichung,185
Belo Horizonte,185
Cambridge,183
Tower Hamlets,182
Riga,180
Jakarta,180
Cape Town,180
Nizhniy Novgorod,177
Charlotte,177
Champaign,173
Lyon,171
Salt Lake City,171
Vilnius,170
Köln,170
Madison,169
Yekaterinburg,168
Dubai,166
Brno,166
Yerevan,164
Krasnodar,163
Curitiba,162
Oakland,162
Buenos Aires,161
Mountain View,159
Valencia,156
Toulouse,156
Rotterdam,154
Dresden,154
Miami,153
Poznań,151
Zagreb,151
Gurgaon,150
Cochin,149
Ankara,148
Marseille,148
Surat,147
Berkeley,147
Turin,146
Fremont,145
Eindhoven,143
Ann Arbor,143
Quezon City,142
Bratislava,142
Campinas,142
Kathmandu,141
Colombo,139
Boardman,137
City of Westminster,133
Birmingham,133
Lausanne,133
Edinburgh,132
Rostov-na-Donu,131
Osaka,130
Porto,129
Utrecht,129
Christchurch,128
Gdańsk,128
The Hague,127
Recife,127
Raleigh,127
Bristol,126
Durham,126
Irvine,126
Nur-Sultan,125
Fortaleza,125
Baltimore,124
Baku,123
Bishkek,122
Glasgow,122
San José,122
Indore,121
St. Louis,121
Kazan,120
Hannover,118
Ludhiāna,117
Nanjing,117
San Antonio,117
Addis Ababa,116
Santa Clara,116
Accra,115
Las Vegas,115
Kitchener,115
Chelyabinsk,114
Casablanca,114
Noida,114
Vadodara,113
Chandīgarh,113
Wandsworth,113
Porto Alegre,113
Albuquerque,113
Tallinn,112
Jerusalem,111
Columbus,111
Mississauga,111
Lahore,110
Barnet,108
Salvador,108
Tucson,108
Dhaka,107
Naples,107
Bologna,107
Karachi,106
Kensington,106
Nürnberg,106
Ljubljana,106
Lambeth,106
Riyadh,105
Karlsruhe,105
Perm,104
Gangnam-gu,104
Abuja,104
Xi’an,103
Łódź,103
Lund,101
Montevideo,101
Orlando,101
Visakhapatnam,100
Ramat Gan,99
Petaẖ Tiqwa,99
Bhopāl,99
Silver Spring,98
Québec,98
Yaroslavl,96
Ufa,95
Canberra,95
Antwerpen,94
Cincinnati,94
Saint Paul,94
Burnaby,94
Delft,93
Rishon LeẔiyyon,92
Leipzig,92
Aachen,92
Camden Town,92
Surrey,92
Samara,91
Hsinchu,91
Oxford,91
Seongnam-si,90
Leeds,90
Florianópolis,90
Thessaloníki,88
Tampa,88
Ranchi,87
Guatemala City,87
Milwaukee,86
Essen,85
Hayward,85
Brampton,85
Abu Dhabi,84
Chongqing,84
Kaohsiung,83
Gwanak-gu,83
Southampton,82
Hounslow,82
Heidelberg,82
Kirkland,82
Nagpur,81
Sheffield,81
Greenwich,81
Bonn,81
Guadalajara,81
Arlington,81
Bellevue,81
Cluj-Napoca,80
Abidjan,80
Rennes,80
Monterrey,80
The Bronx,80
Dortmund,79
Fairfax,79
Málaga,78
Darmstadt,78
Katowice,78
Stanford,78
Da Nang,77
