name,visitors
Paris,489
Lyon,55
Marseille,54
Abidjan,48
Cotonou,30
Nantes,28
Toulouse,26
Montpellier,25
Casablanca,21
Bordeaux,21
Dakar,20
Lomé,20
Lille,20
Rennes,19
Yaoundé,17
Ouagadougou,17
Brussels,15
Courbevoie,15
Grenoble,14
Montréal,12
Kinshasa,11
Tunis,11
Nice,11
Aix-en-Provence,11
Rabat,10
Saint-Martin-d'Hères,10
Meudon,10
Brest,10
Avignon,10
Douala,9
Conakry,9
Marrakesh,9
Trappes,9
Colombes,9
Antananarivo,8
Zürich,8
Lausanne,8
Strasbourg,8
Sèvres,8
Boulogne-Billancourt,8
Argenteuil,8
Libreville,7
Bamako,7
Saint-Denis,7
Palaiseau,7
Nanterre,7
Vannes,6
Tours,6
Montreuil,6
Les Mureaux,6
Dijon,6
Creil,6
Cergy,6
Asnières-sur-Seine,6
Brazzaville,5
Algiers,5
Tangier,5
Berlin,5
Vitry-sur-Seine,5
Villefranche-sur-Saône,5
Saint-Maur-des-Fossés,5
Rouen,5
Rosny-sous-Bois,5
Orsay,5
Limoges,5
La Roche-sur-Yon,5
Ivry-sur-Seine,5
Fontenay-aux-Roses,5
Caen,5
Besançon,5
Antony,5
Antibes,5
Council Bluffs,5
Nouméa,4
Genève,4
Amsterdam,4
Villeurbanne,4
Valence,4
N/A,4
Sartrouville,4
Saint-Priest,4
Reims,4
Puteaux,4
Pertuis,4
Nancy,4
Montluçon,4
Mantes-la-Jolie,4
Livry-Gargan,4
Levallois-Perret,4
Idron,4
Gif-sur-Yvette,4
Bagnolet,4
Aulnay-sous-Bois,4
Angoulême,4
Amiens,4
Québec,4
Matane,4
Saint-Pierre,3
Nouakchott,3
Lokossa,3
Ben Arous,3
Ariana,3
Sale,3
Agadir,3
Coventry,3
Spreitenbach,3
Wasquehal,3
Vanves,3
Valenciennes,3
Sevran,3
Salon-de-Provence,3
Saint-Sever,3
Saint-Germain-en-Laye,3
Saint-Étienne,3
Prades-le-Lez,3
Perpignan,3
Pantin,3
Orléans,3
Niort,3
Nîmes,3
Montesson,3
Meylan,3
Metz,3
Loudéac,3
Longwy,3
La Rochelle,3
Lambersart,3
Issy-les-Moulineaux,3
Houilles,3
Gretz-Armainvilliers,3
Gragnague,3
Fontenay-sous-Bois,3
Évry,3
Cugnaux,3
Corné,3
Compiègne,3
Clamart,3
Chartres,3
Chambéry,3
Châlons-en-Champagne,3
Bondy,3
Béziers,3
Annecy,3
Fort-de-France,3
N/A,3
New York City,3
Athens,2
Diyarbakır,2
Bujumbura,2
Timişoara,2
N/A,2
Lubumbashi,2
Saint-Paul,2
Le Port,2
Ho Chi Minh City,2
Lagos,2
Abakaliki,2
Porto-Novo,2
Niamey,2
Bizerte,2
Bejaïa,2
Temara,2
Larache,2
Kenitra,2
Fès,2
N/A,2
Renens,2
St-Légier-La Chiésaz,2
Naaldwijk,2
Quaregnon,2
Leuven,2
Fleurus,2
Eupen,2
Antwerpen,2
Munich,2
Essen,2
Yenne,2
Wambrechies,2
Villepinte,2
Villeneuve-lès-Maguelone,2
Villenave-d'Ornon,2
Villejuif,2
Villecresnes,2
Villebon-sur-Yvette,2
Versailles,2
Verneuil-sur-Seine,2
Vernaison,2
Vénissieux,2
Veneux-les-Sablons,2
Vaulx-en-Velin,2
Vaires-sur-Marne,2
Tournus,2
Tourcoing,2
N/A,2
Thionville,2
Tarbes,2
Sommières,2
Soisy-sur-Seine,2
Serris,2
Sélestat,2
Schiltigheim,2
Sassenage,2
Sallaumines,2
Saint-Ouen,2
Saint-Morillon,2
Saint-Genis-Laval,2
N/A,2
N/A,2
Quimper,2
Potigny,2
Poitiers,2
Poissy,2
Plomeur,2
Pirey,2
Peymeinade,2
Oullins,2
Ormesson-sur-Marne,2
Orgères,2
Olivet,2
Noisy-le-Sec,2
Muret,2
Mulhouse,2
Mont-Saint-Aignan,2
Montrouge,2
Mirande,2
Melun,2
Massy,2
Maisons-Alfort,2
Magny-les-Hameaux,2
Longjumeau,2
Lillers,2
N/A,2
Liffré,2
Libourne,2
Libercourt,2
Les Clayes-sous-Bois,2
Le Plessis-Robinson,2
Le Mans,2
N/A,2
Le Creusot,2
Lagny-sur-Marne,2
La Chapelle-sur-Erdre,2
Houdain,2
Hénin-Beaumont,2
Guînes,2
Goussainville,2
Gennevilliers,2
Gagny,2
Franconville,2
Foug,2
Fontaine,2
Fleury-Mérogis,2
Drancy,2
Douai,2
Deuil-la-Barre,2
Créteil,2
Cormeilles-en-Parisis,2
Condé-sur-Noireau,2
Combs-la-Ville,2
Clermont-Ferrand,2
Choisy-le-Roi,2
Château-Landon,2
Cenon,2
Castanet-Tolosan,2
Capbreton,2
Cannes,2
N/A,2
Cagnes-sur-Mer,2
Cachan,2
Breuillet,2
N/A,2
Bourg-Achard,2
Belfort,2
Barentin,2
Balaruc-les-Bains,2
Bagneux,2
Aubière,2
Aubervilliers,2
Aix-les-Bains,2
Ailly-le-Haut-Clocher,2
Achères,2
Milan,2
Pinamar,2
Panamá,2
Port-au-Prince,2
Delmas 73,2
Wilmette,2
N/A,2
Goma,1
Beirut,1
Tel Aviv,1
Moscow,1
Vitebsk,1
Warsaw,1
Chennai,1
Jamshedpur,1
Hyderabad,1
Bengaluru,1
Ahmedabad,1
Bangkok,1
