name,visitors
England,663
California,458
New York,253
Île-de-France,245
Virginia,213
Maharashtra,190
Hesse,181
Bavaria,179
Texas,178
Tamil Nadu,157
Ontario,151
Tokyo,151
North Rhine-Westphalia,150
Illinois,148
Baden-Württemberg,147
North Holland,137
Karnataka,136
Massachusetts,127
Colorado,115
Oregon,113
São Paulo,106
Telangāna,106
Washington,104
Mazovia,96
Florida,88
Georgia,88
Guangdong,84
Stockholm,80
Pennsylvania,78
Quebec,76
Moscow,76
Lombardy,74
Zürich,71
Beijing,70
Madrid Autonomous Community,70
Uusimaa,68
Delhi,68
New South Wales,67
Vienna,65
New Jersey,62
South Holland,61
Berlin,60
Shanghai,58
Lower Saxony,55
Seoul,55
Auvergne-Rhône-Alpes,53
Maryland,52
Gujarat,51
Uttar Pradesh,51
Utah,51
Brussels,46
British Columbia,46
Michigan,46
Ho Chi Minh City,45
Leinster,44
Flanders,42
Provence-Alpes-Côte-d'Azur,42
Arizona,42
Ohio,42
Istanbul,40
Ciudad de Mexico,39
Bangkok,39
Prague,38
Gyeonggi,38
Jiangsu,37
Catalonia,36
North Carolina,36
Saxony,34
Haryana,34
Lazio,34
North Brabant,34
Saint Petersburg,34
Victoria,33
Hamburg,32
West Bengal,32
Utrecht,32
Lesser Poland,32
Zhejiang,31
Capital District,31
Rhineland-Palatinate,31
Scotland,31
Punjab,31
Lisbon,31
Hanoi,31
Rio de Janeiro,30
Metro Manila,30
Taipei,30
Tennessee,30
Capital Region,29
Budapest,29
Alberta,28
Occitanie,28
Jakarta,28
Kerala,28
Osaka,28
Gauteng,28
Sichuan,27
Nairobi County,27
Minnesota,26
Attica,25
Iowa,25
Sofia,24
Paraná,24
Madhya Pradesh,24
Västra Götaland,24
Alabama,24
Indiana,24
Santiago Metropolitan,23
Shandong,23
Kyiv,23
Minas Gerais,22
Andhra Pradesh,22
New Taipei,22
Emilia-Romagna,21
Kuala Lumpur,21
Bratislava,21
Buenos Aires Province,20
Pays-de-la-Loire,20
Oslo,20
Nevada,20
Queensland,19
Thuringia,19
Lower Silesia,19
Missouri,19
New Mexico,19
West Java,18
Veneto,18
Silesia,18
Washington DC,18
Oklahoma,18
South Carolina,18
Santa Catarina,17
Henan,17
Schleswig-Holstein,17
Grand-Est,17
Hauts-de-France,17
Nouvelle-Aquitaine,17
Greater Accra,17
Kanagawa,17
Bucharest,17
Connecticut,17
Western Cape,17
Western Australia,16
South Moravia,16
Central Denmark,16
Cairo,16
Zagreb,16
Tel Aviv,16
Punjab,16
Piedmont,16
Selangor,16
Ankara,16
Kansas,16
Minsk,15
Graubünden,15
East Java,15
Meknès-Tafilalet,15
Sindh,15
Kentucky,15
Dubai,14
Brittany,14
Rajasthan,14
Tuscany,14
Saitama,14
Riga,14
Gelderland,14
Overijssel,14
Beograd,14
Skåne,14
Ljubljana,14
Wisconsin,14
Vaud,13
Harjumaa,13
Valencian Community,13
Wales,13
Kwai Tsing New Territories,13
Central,13
Western,13
Jalisco,13
Lagos,13
Pomerania,13
Greater Poland,13
Tatarstan,13
Louisiana,13
Yerevan,12
Styria,12
Federal District,12
Fujian,12
Bihar,12
Campania,12
Tunis,12
Izmir,12
Maine,12
Hubei,11
Shaanxi,11
San José,11
Addis Ababa,11
Astana,11
Vilnius County,11
Mexico State,11
Krasnodar Krai,11
Samara,11
Nebraska,11
West Virginia,11
Dhaka Division,10
Distrito Nacional,10
Algiers,10
Galicia,10
Sicily,10
Almaty City,10
Trøndelag,10
Lima,10
Kuyavia-Pomerania,10
Novosibirsk,10
Uppsala,10
Hsinchu,10
New Hampshire,10
Rio Grande do Sul,9
Antioquia,9
Mecklenburg-Vorpommern,9
Southern Denmark,9
Andalusia,9
Chihuahua,9
Puebla,9
Auckland,9
Calabarzon,9
Islamabad,9
Krasnoyarsk Krai,9
Moscow Province,9
Primorsky Krai,9
Rostov,9
Riyadh,9
Amanat Al Asimah,9
Lower Austria,8
Wallonia,8
Ceará,8
Saskatchewan,8
Bern,8
Geneva,8
Liaoning,8
Saxony-Anhalt,8
Pest,8
Chhattīsgarh,8
Odisha,8
Baghdad,8
Oriental,8
Subcarpathia,8
Porto,8
Nizhny Novgorod,8
Makkah,8
Rhode Island,8
Tashkent,8
Abu Dhabi,7
Carinthia,7
Maranhão,7
Lucerne,7
Brandenburg,7
Saarland,7
Pirkanmaa,7
Centre-Val de Loire,7
Friuli–Venezia Giulia,7
Chiba,7
Aichi,7
Chișinău,7
Sonora,7
Province 3,7
Łódź,7
Leningrad,7
Volgograd,7
Tainan,7
Taichung,7
Lvivshchyna,7
Wyoming,7
Goiás,6
Paraíba,6
Aargau,6
Basel-Landschaft,6
Abidjan,6
Chongqing,6
Guangxi,6
Tianjin,6
Pichincha,6
Aragon,6
Canary Islands,6
Basque Country,6
Normandie,6
Central Macedonia,6
Liguria,6
Amman,6
Phnom Penh,6
Al Asimah,6
Central,6
Rabat-Salé-Zemmour-Zaer,6
Nuevo León,6
Limburg,6
NO-02,6
Central Luzon,6
Davao,6
Chelyabinsk,6
Sverdlovsk,6
