property,value,visitors,events,percentage
url,(none),188714,349191,99.9
url,https://www.python.org/,1293,1428,0.7
url,https://github.com/python/cpython/tree/3.13/Lib/idlelib/,280,335,0.1
url,https://tkdocs.com/,178,188,0.1
url,https://wiki.python.org/moin/BeginnersGuide,135,146,0.1
url,https://mypy.readthedocs.io/en/stable/cheat_sheet_py3.html,121,123,0.1
url,https://github.com/python/cpython/tree/3.13/Lib/tkinter/__init__.py,120,125,0.1
url,https://www.python.org/downloads/,119,126,0.1
url,https://pypi.org/,101,108,0.1
url,https://www.tcl.tk/man/tcl8.6/TkCmd/contents.htm,82,88,0.0
url,https://www.tkdocs.com/shipman/,78,81,0.0
url,https://packaging.python.org/guides/installing-using-pip-and-virtual-environments/#create-and-use-virtual-environments,75,78,0.0
url,https://www.python.org/downloads/macos/,69,72,0.0
url,https://github.com/python/cpython/tree/3.13/Lib/turtle.py,48,52,0.0
url,https://github.com/python/cpython/tree/3.13/Lib/random.py,44,46,0.0
url,https://github.com/python/cpython/tree/3.13/Lib/venv/,41,46,0.0
url,https://devguide.python.org/,40,40,0.0
url,https://peps.python.org/pep-0636/,38,42,0.0
url,https://packaging.python.org/en/latest/tutorials/packaging-projects/,37,44,0.0
url,https://peps.python.org/pep-0397/,32,36,0.0
url,https://github.com/python/cpython/tree/3.13/Lib/datetime.py,31,32,0.0
url,https://peps.python.org/pep-0719/,29,30,0.0
url,https://wiki.python.org/moin/PythonBooks,29,36,0.0
url,https://www.python.org/doc/versions/,29,31,0.0
url,https://peps.python.org/,27,29,0.0
url,https://www.packtpub.com/en-us/product/python-gui-programming-with-tkinter-9781788835886,26,30,0.0
url,https://packaging.python.org/en/latest/tutorials/installing-packages/#ensure-pip-setuptools-and-wheel-are-up-to-date,25,26,0.0
url,https://peps.python.org/pep-0594/,25,25,0.0
url,https://www.sqlite.org/,25,26,0.0
url,https://github.com/python/cpython/tree/3.13/Lib/os.py,24,27,0.0
url,https://manpages.debian.org/recv(2),24,26,0.0
url,https://packaging.python.org/installing/#creating-virtual-environments,24,26,0.0
url,https://github.com/python/cpython/tree/3.13/Lib/csv.py,23,26,0.0
url,https://github.com/python/cpython/tree/3.13/Lib/idlelib,22,23,0.0
url,https://github.com/python/cpython/tree/3.13/Lib/string.py,22,22,0.0
url,https://peps.python.org/pep-0008/,22,23,0.0
url,https://pypi.org/project/DateType/,22,23,0.0
url,https://dateutil.readthedocs.io/en/stable/,21,22,0.0
url,https://github.com/python/cpython/tree/3.13/Lib/re/,21,21,0.0
url,https://requests.readthedocs.io/en/master/,21,24,0.0
url,https://peps.python.org/pep-0557/,20,20,0.0
url,https://pypi.org/project/telnetlib3/,20,20,0.0
url,https://github.com/python/cpython/tree/3.13/Lib/urllib/,19,20,0.0
url,https://peps.python.org/pep-0563/,19,20,0.0
url,https://peps.python.org/pep-0703/,19,19,0.0
url,https://en.wikipedia.org/wiki/Turtle_(robot),18,20,0.0
url,https://github.com/python/cpython/tree/3.13/Lib/heapq.py,18,19,0.0
url,https://peps.python.org/pep-0632/#migration-advice,18,21,0.0
url,https://www.debian.org/doc/manuals/maint-guide/first.en.html,18,19,0.0
url,https://briefcase.readthedocs.io/,17,17,0.0
url,https://github.com/python/cpython/tree/3.13/Lib/dataclasses.py,17,21,0.0
url,https://github.com/python/cpython/tree/3.13/Lib/logging/__init__.py,17,19,0.0
url,https://github.com/python/cpython/tree/3.13/Lib/sqlite3/,17,17,0.0
url,https://github.com/python/cpython/tree/3.13/Lib/xml/etree/ElementTree.py,17,19,0.0
url,https://tkdocs.com/book.html,17,18,0.0
url,https://typing.python.org/en/latest/spec/index.html,17,18,0.0
url,https://en.wikipedia.org/wiki/Memoization,16,16,0.0
url,https://github.com/python/cpython/tree/3.13/Lib/subprocess.py,16,16,0.0
url,https://json.org/,16,17,0.0
url,https://packaging.python.org/installing/#requirements-for-installing-packages,16,22,0.0
url,https://peps.python.org/pep-0420/,16,21,0.0
url,https://www.sphinx-doc.org/,16,16,0.0
url,https://www.tcl.tk/,16,16,0.0
url,https://github.com/python/cpython/tree/3.13/Lib/copy.py,15,15,0.0
url,https://github.com/python/cpython/tree/3.13/Lib/http/server.py,15,16,0.0
url,https://github.com/python/cpython/tree/3.13/Lib/pathlib/,15,16,0.0
url,https://peps.python.org/pep-0484/,15,16,0.0
url,https://peps.python.org/pep-0634/,15,15,0.0
url,https://pypi.org/project/tzdata/,15,16,0.0
url,https://github.com/python/cpython/tree/3.13/Lib/argparse.py,14,14,0.0
url,https://packaging.python.org/,14,15,0.0
url,https://peps.python.org/pep-0492/,14,14,0.0
url,https://termux.dev/en/,14,14,0.0
url,https://www.python.org/psf/donations/,14,14,0.0
url,https://devguide.python.org/documentation/help-documenting/,13,13,0.0
url,https://docs.pytest.org/,13,14,0.0
url,https://github.com/python/cpython/tree/3.13/Lib/webbrowser.py,13,13,0.0
url,https://packaging.python.org/science/,13,15,0.0
url,https://pypi.org/project/pip/,13,13,0.0
url,https://typing.python.org/en/latest/,13,14,0.0
url,https://wiki.python.org/moin/PythonEditors,13,13,0.0
url,https://datatracker.ietf.org/doc/html/rfc4122.html,12,13,0.0
url,https://github.com/python/cpython/blob/main/Doc/tutorial/index.rst,12,12,0.0
url,https://github.com/python/cpython/tree/3.13/Lib/json/__init__.py,12,13,0.0
url,https://github.com/python/cpython/tree/3.13/Lib/socket.py,12,14,0.0
url,https://github.com/python/cpython/tree/3.13/Lib/typing.py,12,13,0.0
url,https://peps.python.org/pep-0011/,12,13,0.0
url,https://peps.python.org/pep-0567/,12,12,0.0
url,https://peps.python.org/pep-3119/,12,13,0.0
url,https://toml.io/en/,12,12,0.0
url,https://wiki.python.org/moin/GuiProgramming,12,14,0.0
url,https://buildozer.readthedocs.io/,11,11,0.0
url,https://en.wikipedia.org/wiki/Fibonacci_sequence,11,12,0.0
url,https://en.wikipedia.org/wiki/Walrus#/media/File:Pacific_Walrus_-_Bull_(8247646168).jpg,11,12,0.0
url,https://github.com/python/cpython/tree/3.13/Lib/hashlib.py,11,12,0.0
url,https://github.com/python/cpython/tree/3.13/Lib/io.py,11,11,0.0
url,https://github.com/python/cpython/tree/3.13/Lib/tempfile.py,11,11,0.0
url,https://packaging.python.org/extensions/,11,13,0.0
url,https://pypi.org/project/regex/,11,11,0.0
url,https://wiki.python.org/moin/IntegratedDevelopmentEnvironments,11,11,0.0
url,https://www.unicode.org/versions/Unicode15.1.0/ch03.pdf,11,11,0.0
url,https://core.tcl.tk/tips/doc/trunk/tip/48.md,10,11,0.0
url,https://en.wikipedia.org/wiki/Universal_binary,10,10,0.0
url,https://github.com/python/cpython/tree/3.13/Lib/functools.py,10,10,0.0
url,https://github.com/python/cpython/tree/3.13/Lib/threading.py,10,10,0.0
url,https://github.com/python/cpython/tree/3.13/Lib/unittest/__init__.py,10,11,0.0
url,https://peps.python.org/pep-0695/,10,11,0.0
url,https://sqlite.org/inmemorydb.html,10,11,0.0
url,https://github.com/python/cpython/tree/3.13/Lib/_threading_local.py,9,12,0.0
url,https://github.com/python/cpython/tree/3.13/Lib/collections/__init__.py,9,11,0.0
url,https://github.com/python/cpython/tree/3.13/Lib/enum.py,9,9,0.0
url,https://github.com/python/cpython/tree/3.13/Lib/logging/handlers.py,9,10,0.0
url,https://packaging.python.org/installing/,9,10,0.0
url,https://peps.python.org/pep-0305/,9,9,0.0
url,https://peps.python.org/pep-0585/,9,9,0.0
url,https://pkware.cachefly.net/webdocs/casestudies/APPNOTE.TXT,9,9,0.0
url,https://requests.readthedocs.io/en/latest/,9,10,0.0
url,https://beeware.org/,8,8,0.0
url,https://en.wikipedia.org/wiki/Cursor_(databases),8,9,0.0
url,https://github.com/python/cpython/tree/3.13/Lib/multiprocessing/,8,8,0.0
url,https://github.com/python/cpython/tree/3.13/Lib/pickle.py,8,8,0.0
url,https://github.com/python/cpython/tree/3.13/Lib/smtplib.py,8,9,0.0
url,https://manpages.debian.org/alarm(2),8,9,0.0
url,https://mypy.readthedocs.io/en/stable/index.html,8,8,0.0
url,https://peps.python.org/pep-0302/,8,8,0.0
url,https://peps.python.org/pep-0405/,8,9,0.0
url,https://peps.python.org/pep-0744/,8,8,0.0
url,https://pypi.org/project/tomli-w/,8,8,0.0
url,https://tiswww.case.edu/php/chet/readline/rltop.html,8,8,0.0
url,https://web.archive.org/web/20150315073817/http://www.xprogramming.com/testfram.htm,8,9,0.0
url,https://www.unicode.org/Public/15.1.0/ucd/NameAliases.txt,8,9,0.0
url,https://datatracker.ietf.org/doc/html/rfc4180.html,7,7,0.0
url,https://datatracker.ietf.org/doc/html/rfc4648.html,7,7,0.0
url,https://github.com/python/cpython/tree/3.13/Lib/asyncio/coroutines.py,7,7,0.0
url,https://github.com/python/cpython/tree/3.13/Lib/concurrent/futures/process.py,7,7,0.0
url,https://github.com/python/cpython/tree/3.13/Lib/getpass.py,7,8,0.0
url,https://github.com/python/cpython/tree/3.13/Lib/ipaddress.py,7,8,0.0
url,https://github.com/python/cpython/tree/3.13/Lib/mimetypes.py,7,9,0.0
url,https://github.com/python/cpython/tree/3.13/Lib/pdb.py,7,7,0.0
url,https://github.com/python/cpython/tree/3.13/Lib/pydoc.py,7,8,0.0
url,https://github.com/python/cpython/tree/3.13/Lib/shutil.py,7,7,0.0
url,https://github.com/python/cpython/tree/3.13/Lib/tomllib,7,8,0.0
url,https://github.com/python/cpython/tree/3.13/Lib/uuid.py,7,7,0.0
url,https://github.com/python/cpython/tree/3.13/Lib/zipfile/,7,7,0.0
url,https://kivy.org/,7,7,0.0
url,https://opensource.org/,7,7,0.0
url,https://peps.python.org/pep-0249/,7,8,0.0
url,https://peps.python.org/pep-0308/,7,7,0.0
url,https://peps.python.org/pep-0324/,7,7,0.0
url,https://peps.python.org/pep-0387/,7,7,0.0
url,https://peps.python.org/pep-0584/,7,11,0.0
url,https://peps.python.org/pep-0615/,7,7,0.0
url,https://py-free-threading.github.io/installing_cpython/,7,7,0.0
url,https://pypi.org/project/filetype/,7,7,0.0
url,https://pypi.org/project/tomlkit/,7,7,0.0
url,https://www.cwi.nl/,7,7,0.0
url,https://www.python.org/psf/,7,8,0.0
url,https://code.activestate.com/recipes/577504-compute-memory-footprint-of-an-object-and-its-cont/,6,6,0.0
url,https://en.wikipedia.org/wiki/Cartesian_product,6,6,0.0
url,https://en.wikipedia.org/wiki/Extended_Backus%E2%80%93Naur_form,6,7,0.0
url,https://en.wikipedia.org/wiki/Gamma_function,6,6,0.0
url,https://gist.github.com/vsajip/4673395,6,6,0.0
url,https://github.com/python/cpython/blob/main/Doc/library/index.rst,6,6,0.0
url,https://github.com/python/cpython/blob/main/Doc/tutorial/introduction.rst,6,6,0.0
url,https://github.com/python/cpython/tree/3.13/Android/README.md,6,6,0.0
url,https://github.com/python/cpython/tree/3.13/Lib/asyncio/,6,9,0.0
url,https://github.com/python/cpython/tree/3.13/Lib/base64.py,6,6,0.0
url,https://github.com/python/cpython/tree/3.13/Lib/concurrent/futures/thread.py,6,9,0.0
url,https://github.com/python/cpython/tree/3.13/Lib/contextlib.py,6,6,0.0
url,https://github.com/python/cpython/tree/3.13/Lib/ensurepip,6,7,0.0
url,https://github.com/python/cpython/tree/3.13/Lib/warnings.py,6,6,0.0
url,https://go.microsoft.com/fwlink/?LinkID=135170,6,7,0.0
url,https://learning-python.com/about-pp4e.html,6,7,0.0
url,https://numpy.org/,6,6,0.0
url,https://peps.python.org/pep-0526/,6,6,0.0
url,https://peps.python.org/pep-0692/,6,6,0.0
url,https://peps.python.org/pep-3151/,6,7,0.0
url,https://pypi.org/project/Urwid/,6,6,0.0
url,https://pypy.org/,6,6,0.0
url,https://rfc.zeromq.org/spec/32/,6,6,0.0
url,https://setuptools.readthedocs.io/en/latest/setuptools.html,6,7,0.0
url,https://www.amazon.com/exec/obidos/ASIN/032133633X,6,6,0.0
url,https://www.iana.org/assignments/iana-ipv4-special-registry/iana-ipv4-special-registry.xhtml,6,6,0.0
url,https://www.riverbankcomputing.com/static/Docs/pyqtdeploy/,6,6,0.0
url,https://www.w3schools.com/sql/,6,7,0.0
url,https://brew.sh/,5,5,0.0
url,https://datatracker.ietf.org/doc/html/rfc821.html,5,5,0.0
url,https://en.wikipedia.org/wiki/Error_function,5,5,0.0
url,https://github.com/python/cpython/blob/main/Doc/bugs.rst,5,5,0.0
url,https://github.com/python/cpython/blob/main/Doc/contents.rst,5,8,0.0
url,https://github.com/python/cpython/tree/3.13/Android/testbed/app/src/main/c/main_activity.c,5,5,0.0
url,https://github.com/python/cpython/tree/3.13/Lib/ast.py,5,5,0.0
url,https://github.com/python/cpython/tree/3.13/Lib/asyncio/events.py,5,5,0.0
url,https://github.com/python/cpython/tree/3.13/Lib/asyncio/queues.py,5,5,0.0
url,https://github.com/python/cpython/tree/3.13/Lib/gzip.py,5,5,0.0
url,https://github.com/python/cpython/tree/3.13/Lib/operator.py,5,5,0.0
url,https://github.com/python/cpython/tree/3.13/Lib/pkgutil.py,5,6,0.0
url,https://github.com/python/cpython/tree/3.13/Lib/queue.py,5,7,0.0
url,https://github.com/python/cpython/tree/3.13/Lib/secrets.py,5,6,0.0
url,https://github.com/python/cpython/tree/3.13/Lib/socketserver.py,5,5,0.0
url,https://github.com/python/cpython/tree/3.13/Lib/ssl.py,5,5,0.0
url,https://github.com/python/cpython/tree/3.13/Lib/struct.py,5,5,0.0
url,https://github.com/python/cpython/tree/3.13/Lib/tkinter/simpledialog.py,5,5,0.0
url,https://github.com/python/cpython/tree/3.13/Lib/urllib/parse.py,5,5,0.0
url,https://github.com/python/cpython/tree/3.13/Lib/wave.py,5,5,0.0
url,https://infozip.sourceforge.net/,5,5,0.0
url,https://jvns.ca/blog/2023/01/13/examples-of-floating-point-problems/,5,5,0.0
url,https://manpages.debian.org/setsockopt(2),5,6,0.0
url,https://more-itertools.readthedocs.io/en/stable/api.html#more_itertools.before_and_after,5,5,0.0
url,https://peps.python.org/pep-0343/,5,5,0.0
url,https://peps.python.org/pep-0434/,5,5,0.0
url,https://peps.python.org/pep-0572/,5,5,0.0
url,https://pypi.org/project/defusedxml/,5,5,0.0
url,https://pypi.org/project/legacy-cgi/,5,5,0.0
url,https://wiki.tcl-lang.org/37432,5,5,0.0
url,https://www.activestate.com/products/python/,5,5,0.0
url,https://www.anaconda.com/download/,5,5,0.0
url,https://www.cambridgeincolour.com/tutorials/color-spaces.htm,5,6,0.0
url,https://www.cnri.reston.va.us/,5,5,0.0
url,https://www.pypa.io/,5,6,0.0
url,https://www.python.org/doc/av/,5,5,0.0
url,https://www.python.org/downloads/windows/,5,5,0.0
url,https://www.sqlite.org/schematab.html,5,5,0.0
url,https://www.unicode.org/reports/tr44/,5,5,0.0
url,https://www.zlib.net/,5,5,0.0
url,http://www.indowsway.com/floatingpoint.htm,4,4,0.0
url,https://babel.pocoo.org/,4,5,0.0
url,https://code.activestate.com/recipes/576694/,4,4,0.0
url,https://discuss.python.org/t/33555,4,4,0.0
url,https://en.wikipedia.org/wiki/Database_transaction,4,4,0.0
url,https://en.wikipedia.org/wiki/SQL_injection,4,4,0.0
url,https://github.com/python/cpython/blob/main/Doc/library/functions.rst,4,4,0.0
url,https://github.com/python/cpython/blob/main/Doc/library/math.rst,4,5,0.0
url,https://github.com/python/cpython/issues,4,4,0.0
url,https://github.com/python/cpython/tree/3.13/Android/testbed,4,4,0.0
url,https://github.com/python/cpython/tree/3.13/Lib/__future__.py,4,5,0.0
url,https://github.com/python/cpython/tree/3.13/Lib/bisect.py,4,4,0.0
url,https://github.com/python/cpython/tree/3.13/Lib/calendar.py,4,5,0.0
url,https://github.com/python/cpython/tree/3.13/Lib/codecs.py,4,6,0.0
url,https://github.com/python/cpython/tree/3.13/Lib/colorsys.py,4,5,0.0
url,https://github.com/python/cpython/tree/3.13/Lib/ctypes,4,4,0.0
url,https://github.com/python/cpython/tree/3.13/Lib/curses,4,5,0.0
url,https://github.com/python/cpython/tree/3.13/Lib/email/message.py,4,4,0.0
url,https://github.com/python/cpython/tree/3.13/Lib/hmac.py,4,4,0.0
url,https://github.com/python/cpython/tree/3.13/Lib/http/cookiejar.py,4,4,0.0
url,https://github.com/python/cpython/tree/3.13/Lib/imaplib.py,4,4,0.0
url,https://github.com/python/cpython/tree/3.13/Lib/inspect.py,4,4,0.0
url,https://github.com/python/cpython/tree/3.13/Lib/numbers.py,4,4,0.0
url,https://github.com/python/cpython/tree/3.13/Lib/runpy.py,4,4,0.0
url,https://github.com/python/cpython/tree/3.13/Lib/site.py,4,4,0.0
url,https://github.com/python/cpython/tree/3.13/Lib/statistics.py,4,4,0.0
url,https://github.com/python/cpython/tree/3.13/Lib/tkinter/messagebox.py,4,4,0.0
url,https://github.com/python/cpython/tree/3.13/Lib/tkinter/scrolledtext.py,4,4,0.0
url,https://github.com/python/cpython/tree/3.13/Lib/xml/,4,4,0.0
url,https://github.com/python/cpython/tree/3.13/iOS/README.rst,4,4,0.0
url,https://invisible-island.net/ncurses/ncurses-intro.html,4,4,0.0
url,https://mail.python.org/archives/list/python-dev@python.org/message/VIZEBX5EYMSYIJNDBF6DMUMZOCWHARSO/,4,4,0.0
url,https://peps.python.org/pep-0475/,4,4,0.0
url,https://peps.python.org/pep-0612/,4,4,0.0
url,https://peps.python.org/pep-0632/,4,4,0.0
url,https://peps.python.org/pep-0667/,4,4,0.0
url,https://peps.python.org/pep-0696/,4,4,0.0
url,https://pypi.org/project/Exscript/,4,4,0.0
url,https://pypi.org/project/puremagic/,4,5,0.0
url,https://pypi.org/project/typing_extensions/,4,4,0.0
url,https://rhettinger.wordpress.com/2011/05/26/super-considered-super/,4,4,0.0
url,https://scipy.org/,4,4,0.0
url,https://support.apple.com/en-us/102445,4,4,0.0
url,https://webassembly.org/,4,5,0.0
url,https://www.py2exe.org/,4,4,0.0
url,https://www.unicode.org/,4,4,0.0
url,https://bugs.python.org/issue?@action=redirect&bpo=12782,3,3,0.0
url,https://code.activestate.com/recipes/langs/python/,3,3,0.0
url,https://csrc.nist.gov/pubs/fips/180-4/upd1/final,3,3,0.0
url,https://cython.org/,3,3,0.0
url,https://datatracker.ietf.org/doc/html/rfc2104.html,3,3,0.0
url,https://datatracker.ietf.org/doc/html/rfc3986.html,3,3,0.0
url,https://datatracker.ietf.org/doc/html/rfc822.html,3,3,0.0
url,https://datatracker.ietf.org/doc/html/rfc9110.html,3,4,0.0
url,https://datatracker.ietf.org/doc/html/rfc959.html,3,3,0.0
url,https://en.wikipedia.org/wiki/Backus%E2%80%93Naur_form,3,7,0.0
url,https://en.wikipedia.org/wiki/Parsing_expression_grammar,3,3,0.0
url,https://en.wikipedia.org/wiki/Priority_queue,3,3,0.0
url,https://en.wikipedia.org/wiki/Timsort,3,3,0.0
url,https://en.wikipedia.org/wiki/Unix_time,3,3,0.0
url,https://en.wikipedia.org/wiki/XML_namespace,3,3,0.0
url,https://github.com/pvieito/PythonKit,3,3,0.0
url,https://github.com/pypa,3,3,0.0
url,https://github.com/python/cpython/blob/main/Doc/library/asyncio.rst,3,4,0.0
url,https://github.com/python/cpython/blob/main/Doc/library/pickle.rst,3,3,0.0
url,https://github.com/python/cpython/blob/main/Doc/tutorial/datastructures.rst,3,3,0.0
url,https://github.com/python/cpython/blob/main/Doc/tutorial/modules.rst,3,3,0.0
url,https://github.com/python/cpython/issues/103636,3,3,0.0
url,https://github.com/python/cpython/tree/3.13/Grammar/python.gram,3,3,0.0
url,https://github.com/python/cpython/tree/3.13/Lib/_collections_abc.py,3,3,0.0
url,https://github.com/python/cpython/tree/3.13/Lib/abc.py,3,3,0.0
url,https://github.com/python/cpython/tree/3.13/Lib/asyncio/base_events.py,3,4,0.0
url,https://github.com/python/cpython/tree/3.13/Lib/asyncio/tasks.py,3,3,0.0
url,https://github.com/python/cpython/tree/3.13/Lib/bz2.py,3,3,0.0
url,https://github.com/python/cpython/tree/3.13/Lib/difflib.py,3,3,0.0
