name,visitors
China,1204
France,988
Singapore,98
Morocco,83
Algeria,43
Belgium,38
Tunisia,36
Senegal,29
United States,27
Côte d'Ivoire,25
Canada,21
"Congo, The Democratic Republic of the",16
Cameroon,15
Saudi Arabia,12
Benin,10
Togo,10
Switzerland,9
Netherlands,8
Réunion,7
Germany,6
Burkina Faso,5
Congo,5
Gabon,5
India,5
Japan,5
Madagascar,5
Vietnam,5
Egypt,4
Spain,3
Guinea,3
Mauritania,3
Russian Federation,3
United Kingdom,2
Indonesia,2
Italy,2
Luxembourg,2
Latvia,2
Moldova,2
Myanmar,2
Martinique,2
Mauritius,2
Niger,2
French Polynesia,2
Ethiopia,1
Guadeloupe,1
Haiti,1
Israel,1
Kenya,1
Mali,1
Saint Pierre and Miquelon,1
Portugal,1
Romania,1
Turkey,1
Tanzania,1
