property,value,visitors,events,percentage
url,(none),2767,3721,99.9
url,https://www.python.org/,17,18,0.6
url,https://www.tkdocs.com/,6,6,0.2
url,https://docs.python.org/fr/3.14/archives/python-3.14-docs-html.zip,5,6,0.2
url,https://www.python.org/downloads/,3,3,0.1
url,https://www.tcl.tk/man/tcl8.6/TkCmd/contents.htm,3,3,0.1
url,https://devguide.python.org/documentation/start-documenting/#building-the-documentation,2,2,0.1
url,https://docs.python.org/fr/3.14/archives/python-3.14-docs-text.zip,2,2,0.1
url,https://docs.python.org/fr/3.14/archives/python-3.14-docs.epub,2,2,0.1
url,https://github.com/python/cpython/tree/3.14/Lib/idlelib/,2,2,0.1
url,https://wiki.python.org/moin/BeginnersGuide,2,2,0.1
url,https://apps.microsoft.com/detail/9NQ7512CXL7T,1,1,0.0
url,https://bugs.python.org/issue?@action=redirect&bpo=20635,1,1,0.0
url,https://devguide.python.org/,1,1,0.0
url,https://docs.python.org/fr/3.14/archives/python-3.14-docs-texinfo.zip,1,1,0.0
url,https://docs.python.org/fr/3/archives/python-3.14-docs-html.zip,1,2,0.0
url,https://docs.python.org/fr/3/archives/python-3.14-docs-text.zip,1,2,0.0
url,https://fr.wikipedia.org/wiki/Suite_de_Fibonacci,1,1,0.0
url,https://github.com/python/cpython/blob/main/Doc/library/development.rst?plain=1,1,1,0.0
url,https://github.com/python/cpython/blob/main/Doc/library/tkinter.rst?plain=1,1,1,0.0
url,https://github.com/python/cpython/blob/main/Doc/reference/index.rst,1,1,0.0
url,https://github.com/python/cpython/blob/main/Doc/tutorial/interpreter.rst?plain=1,1,1,0.0
url,https://github.com/python/cpython/tree/3.14/Lib/queue.py,1,1,0.0
url,https://github.com/python/cpython/tree/3.14/Lib/tkinter/__init__.py,1,1,0.0
url,https://github.com/python/cpython/tree/3.14/Lib/turtle.py,1,1,0.0
url,https://github.com/python/cpython/tree/main/Lib/profiling/,1,1,0.0
url,https://linux.die.net/man/3/ncurses,1,1,0.0
url,https://packaging.python.org/en/latest/tutorials/installing-packages/#ensure-pip-setuptools-and-wheel-are-up-to-date,1,1,0.0
url,https://packaging.python.org/en/latest/tutorials/packaging-projects/,1,1,0.0
url,https://packaging.python.org/installing/#requirements-for-installing-packages,1,1,0.0
url,https://peps.python.org/pep-0636/,1,1,0.0
url,https://pypi.org/project/python-magic/,1,1,0.0
url,https://wiki.python.org/moin/IntegratedDevelopmentEnvironments,1,1,0.0
url,https://www.packtpub.com/en-us/product/python-gui-programming-with-tkinter-9781788835886,1,1,0.0
url,https://www.zlib.net/,1,1,0.0
