name,visitors
São Paulo,132
Brasília,50
Rio de Janeiro,48
Campinas,27
Luanda,24
Lisbon,21
Salvador,21
Belo Horizonte,21
Singapore,20
Shenzhen,19
Fortaleza,18
Goiânia,16
São Luís,13
Guarulhos,12
São José dos Campos,11
Maputo,10
Shanghai,10
Natal,10
Rio Branco,10
Maringá,9
Curitiba,9
N/A,9
Porto,8
Recife,8
João Pessoa,8
Ribeirão Preto,8
Bauru,8
Manaus,8
Teresina,7
Campina Grande,7
Porto Alegre,7
Joinville,7
Aracaju,7
Caucaia,6
Osasco,6
Cuiabá,6
Wuxi,5
Coimbra,5
Eusébio,5
Belém,5
Vila Velha,5
Uberlândia,5
Petrópolis,5
Lins,5
Feira de Santana,5
Duque de Caxias,5
Campo Grande,5
Blumenau,5
N/A,5
Zhenjiang,4
Lianyun,4
Suzhou,4
Pinhal Novo,4
Vitória da Conquista,4
Vitória,4
Santos,4
Paranavaí,4
Novo Hamburgo,4
Nova Lima,4
Nova Iguaçu,4
Niterói,4
Lavras,4
Itajaí,4
Cotia,4
Barueri,4
Araras,4
Évora,3
Viseu,3
Petrolina,3
Guaraciaba do Norte,3
N/A,3
Volta Redonda,3
Santo André,3
Praia Grande,3
Ponta Grossa,3
Piracicaba,3
N/A,3
Palotina,3
Ituiutaba,3
Iporá,3
Franca,3
Embu,3
Conselheiro Lafaiete,3
Colombo,3
Bebedouro,3
Barbacena,3
Anápolis,3
Americana,3
Palmas,3
N/A,3
Sinop,3
Suqian,2
Nanjing,2
Dalian,2
Odivelas,2
Marinha Grande,2
Mafra,2
Almada,2
Kloten,2
Chaves,2
N/A,2
Berlin,2
České Budějovice,2
N/A,2
Santarém,2
N/A,2
Mari,2
Maceió,2
Macapá,2
Juru,2
N/A,2
Itapipoca,2
Goiana,2
Floriano,2
Caruaru,2
Canhotinho,2
N/A,2
Cabo,2
Aracati,2
Toledo,2
Teófilo Otoni,2
Telêmaco Borba,2
Taubaté,2
Taboão da Serra,2
Sumaré,2
Serra,2
N/A,2
Santa Cruz Cabrália,2
N/A,2
Piracaia,2
Pelotas,2
Paulínia,2
Parobé,2
N/A,2
Montes Claros,2
N/A,2
N/A,2
Limeira,2
Laguna,2
Jundiaí,2
Juiz de Fora,2
Jacareí,2
Itápolis,2
Itaguaí,2
Indaiatuba,2
Guariba,2
Guarapuava,2
Guanhães,2
Florianópolis,2
Extrema,2
N/A,2
Estância,2
Espinosa,2
Diadema,2
Cornélio Procópio,2
Charqueadas,2
Caxias do Sul,2
Cascavel,2
N/A,2
Caçapava,2
Caçador,2
Cabreúva,2
Cabo Frio,2
Brusque,2
Botucatu,2
Atibaia,2
Boa Vista,2
Ji Paraná,2
San Antonio,2
N/A,2
San Jose,2
N/A,2
N/A,2
N/A,2
N/A,2
N/A,2
N/A,2
Dubai,1
Yoshkar-Ola,1
Johannesburg,1
Kolkata,1
Ho Chi Minh City,1
Da Nang,1
Dongyang,1
Qingdao,1
Huzhou,1
Huizhou,1
Hangzhou,1
Dongguan,1
Chengdu,1
Hong Kong,1
Perth,1
Sintra,1
Sertã,1
Queluz,1
Pombal,1
Moita,1
Funchal,1
Benavente,1
Barreiro,1
Amora,1
Amadora,1
Copenhagen,1
York,1
Vila Nova de Gaia,1
Nelas,1
Covilhã,1
N/A,1
Dortmund,1
Timon,1
São Raimundo Nonato,1
Picos,1
Paulo Afonso,1
Patos,1
Parnamirim,1
Oeiras,1
Nova Russas,1
Marechal Deodoro,1
Itapagé,1
Imperatriz,1
Cruz,1
Coelho Neto,1
Camocim,1
Barra do Corda,1
Araguaína,1
Angicos,1
Ananindeua,1
Abaetetuba,1
Venâncio Aires,1
Várzea Paulista,1
Varginha,1
Uruçuca,1
Tupã,1
Trindade,1
Torres,1
Serrinha,1
Senador Canedo,1
Sarandi,1
Sapiranga,1
São Pedro,1
São Leopoldo,1
São José do Rio Preto,1
N/A,1
São João de Meriti,1
São João del Rei,1
São Gonçalo,1
São Francisco,1
N/A,1
São Carlos,1
São Bernardo do Campo,1
N/A,1
Santo Amaro da Imperatriz,1
Santana de Parnaíba,1
Santa Helena de Goiás,1
Santa Fé do Sul,1
Salto,1
Rio Bonito,1
Resende,1
N/A,1
Quirinópolis,1
Pindorama,1
Peruíbe,1
Passo Fundo,1
Palhoça,1
Nova Friburgo,1
Nossa Senhora do Socorro,1
Mogi das Cruzes,1
Mococa,1
Mauá,1
Maricá,1
Lorena,1
Loanda,1
Lajeado,1
Jardim,1
Janaúba,1
N/A,1
Itapevi,1
Itaperuna,1
Itajubá,1
Itabira,1
Ipatinga,1
Imbituva,1
Ilhéus,1
Ibiúna,1
Guarujá,1
N/A,1
Guarapari,1
Guaranésia,1
Guapimirim,1
Gravataí,1
Foz do Iguaçu,1
Formiga,1
Erechim,1
N/A,1
N/A,1
Criciúma,1
Coração de Jesus,1
Contagem,1
Colatina,1
Catu,1
