name,visitors
Tokyo,124
Osaka,20
N/A,6
Kyoto,5
Nagoya,4
N/A,4
N/A,3
N/A,3
Fukuoka,3
Anan,3
N/A,3
N/A,3
Cochin,2
Vientiane,2
Shantou,2
Ueda,2
N/A,2
N/A,2
Tokorozawa,2
Matsudo,2
Kumamoto,2
Kokubunji,2
Kawasaki,2
Hirakata,2
Himeji,2
Fukuyama,2
N/A,2
N/A,2
N/A,2
Ishioka,2
Aurora,2
N/A,2
N/A,2
N/A,2
N/A,2
N/A,2
N/A,2
N/A,2
N/A,2
N/A,2
N/A,2
N/A,2
N/A,2
N/A,2
N/A,2
Orenburg,1
Shenzhen,1
Dongguan,1
Beijing,1
Yokohama,1
Utsunomiya,1
Urayasu,1
Takarazuka,1
Takamatsu,1
Suita,1
Shizuoka,1
Okazaki,1
Nishio,1
Nishinomiya-hama,1
Niihama,1
Niigata,1
Nagano,1
Musashino,1
Kōnosu,1
Koga,1
Kawanishi,1
Kanazawa,1
Kakogawachō-honmachi,1
Ibaraki,1
N/A,1
Higashi-ōsaka,1
Hamamatsu,1
N/A,1
Fujisawa,1
N/A,1
N/A,1
N/A,1
Singapore,1
Asaka,1
Wakayama,1
Yonezawa,1
Sakura,1
Narita,1
Chiba,1
Sapporo,1
Hirosaki,1
Hachinohe,1
Zürich,1
Vienna,1
Dublin,1
Towada,1
N/A,1
N/A,1
N/A,1
N/A,1
N/A,1
N/A,1
N/A,1
N/A,1
N/A,1
N/A,1
N/A,1
N/A,1
N/A,1
N/A,1
N/A,1
N/A,1
N/A,1
N/A,1
N/A,1
N/A,1
N/A,1
N/A,1
N/A,1
N/A,1
N/A,1
N/A,1
N/A,1
N/A,1
N/A,1
N/A,1
N/A,1
