name,visitors,pageviews,bounce_rate,time_on_page,scroll_depth
/3.12/,648,1016,58,43,77
/3.12/tutorial/index.html,373,423,72,36,48
/3.12/whatsnew/3.12.html,286,302,77,43,17
/3.12/library/stdtypes.html,249,241,82,93,45
/3.12/using/windows.html,240,286,79,40,24
/3.12/search.html,234,378,38,19,43
/3.12/library/functions.html,199,218,85,103,52
/3.12/library/index.html,196,233,40,82,40
/3.12/index.html,136,129,51,81,74
/3.12/library/typing.html,94,92,80,50,45
/3.12/tutorial/,92,116,62,53,56
/3.12/library/,87,96,66,15,28
/3.12/library/datetime.html,81,88,81,94,47
/3.12/library/string.html,77,87,38,64,35
/zh-cn/3.12/,73,93,43,17,83
/zh-cn/3.12/tutorial/index.html,70,73,48,22,57
/3.12/tutorial/controlflow.html,66,66,80,239,42
/zh-cn/3.12/library/index.html,64,67,57,183,43
/3.12/library/exceptions.html,62,64,89,60,47
/3.12/library/os.html,62,63,86,31,38
/3.12/tutorial/interpreter.html,61,61,65,58,79
/3.12/library/2to3.html,60,67,80,48,48
/3.12/tutorial/introduction.html,58,59,75,136,52
/3.12/library/pathlib.html,55,52,74,34,54
/3.12/glossary.html,52,52,90,107,56
/3.12/reference/datamodel.html,52,51,67,79,54
/3.12/reference/index.html,51,55,25,62,74
/3.12/tutorial/appetite.html,50,43,59,39,84
/3.12/installing/index.html,48,42,65,45,69
/3.12/download.html,43,36,67,28,91
/3.12/library/subprocess.html,42,42,78,98,30
/3.12/tutorial/datastructures.html,40,39,70,99,57
/3.12/library/re.html,39,35,89,200,49
/3.12/library/random.html,38,37,85,127,41
/3.12/library/asyncio.html,36,38,55,66,82
/zh-cn/3.12/index.html,36,45,17,16,83
/3.12/library/asyncio-task.html,34,31,75,115,44
/3.12/library/json.html,34,45,88,60,42
/3.12/library/telnetlib.html,34,37,57,31,60
/3.12/library/tkinter.html,33,35,87,38,44
/3.12/reference/compound_stmts.html,32,28,100,50,37
/3.12/library/collections.html,31,30,57,80,42
/es/3.12/tutorial/index.html,31,36,68,42,51
/zh-cn/3.12/search.html,31,39,53,9,41
/3.12/library/logging.html,29,29,74,47,29
/3.12/library/math.html,29,36,73,70,56
/3.12/library/os.path.html,29,28,75,56,61
/3.12/py-modindex.html,29,63,55,44,52
/3.12/library/argparse.html,28,24,83,83,33
/3.12/library/itertools.html,28,26,86,44,35
/3.12/tutorial/inputoutput.html,28,39,80,118,65
/3.12/tutorial/errors.html,27,26,50,107,36
/zh-cn/3.12/reference/index.html,27,29,57,14,83
/zh-cn/3.12/download.html,26,20,60,30,89
/3.12/library/dataclasses.html,25,21,70,89,49
/zh-cn/3.12/tutorial/controlflow.html,25,17,67,131,52
/3.12/library/enum.html,24,30,67,344,55
/3.12/library/collections.abc.html,23,20,43,61,71
/3.12/library/threading.html,23,21,85,66,40
/zh-cn/3.12/library/functions.html,23,18,86,60,36
/3.12/library/functools.html,22,19,92,124,63
/zh-cn/3.12/tutorial/datastructures.html,22,23,62,354,66
/3.12/library/multiprocessing.html,21,22,50,72,40
/zh-cn/3.12/using/mac.html,21,19,94,26,65
/zh-cn/3.12/whatsnew/3.12.html,21,18,89,38,7
/3.12/contents.html,20,26,43,22,5
/3.12/library/shutil.html,19,18,85,107,26
/3.12/tutorial/classes.html,19,21,100,159,46
/3.12/using/index.html,19,14,80,14,68
/zh-cn/3.12/library/stdtypes.html,19,17,71,129,52
/zh-cn/3.12/tutorial/introduction.html,19,16,57,212,59
/zh-cn/3.12/using/index.html,19,19,47,8,67
/3.12/library/concurrent.futures.html,18,15,86,223,40
/zh-cn/3.12/tutorial/interpreter.html,18,14,25,44,79
/ja/3.12/index.html,17,22,20,11,84
/3.12/library/io.html,16,20,91,47,70
/3.12/reference/lexical_analysis.html,16,13,50,297,70
/zh-cn/3.12/using/windows.html,16,16,60,32,28
/3.12/library/constants.html,15,13,60,38,82
/3.12/library/crypt.html,15,13,88,20,72
/3.12/library/queue.html,15,16,70,170,56
/es/3.12/tutorial/classes.html,15,15,100,391,59
/zh-cn/3.12/library/heapq.html,15,15,93,37,64
/zh-cn/3.12/library/pathlib.html,15,14,100,24,68
/3.12/library/intro.html,14,12,50,16,76
/3.12/library/unittest.mock.html,14,18,77,26,50
/3.12/library/sqlite3.html,13,15,73,43,52
/3.12/library/time.html,13,10,88,33,34
/3.12/library/venv.html,13,11,80,7,19
/3.12/tutorial/venv.html,13,14,75,65,66
/ja/3.12/tutorial/index.html,13,23,70,26,53
/zh-cn/3.12/library/asyncio-task.html,13,10,56,42,45
/3.12/library/ast.html,12,11,100,23,54
/3.12/library/calendar.html,12,13,50,80,70
/3.12/library/decimal.html,12,11,100,54,29
/3.12/library/hashlib.html,12,10,75,130,45
/3.12/library/unittest.html,12,11,86,46,35
/3.12/library/xml.etree.elementtree.html,12,12,50,154,47
/3.12/whatsnew/changelog.html,12,13,71,111,1
/es/3.12/tutorial/interpreter.html,12,12,89,37,59
