name,visitors
Chrome,9764
Microsoft Edge,3375
Firefox,1314
Opera,911
Safari,754
Mobile App,336
Yandex Browser,147
Smart Lenovo Browser,141
Quark,52
Samsung Browser,45
QQ Browser,42
MIUI Browser,33
vivo Browser,31
Huawei Browser Mobile,21
Avast Secure Browser,12
Whale Browser,12
Brave,9
Sogou Explorer,8
Huawei Browser,5
Norton Private Browser,5
UC Browser,5
(not set),4
Chromium,3
Opera GX,3
360 Secure Browser,2
Iron,2
Mobile Silk,2
QtWebEngine,2
115 Browser,1
AVG Secure Browser,1
Avira Secure Browser,1
Basilisk,1
CCleaner,1
JioSphere,1
Meizu Browser,1
Openwave Mobile Browser,1
Opera Touch,1
Phoenix Browser,1
Sputnik Browser,1
UBrowser,1
