name,visitors
Spain,937
Colombia,740
Mexico,740
Argentina,544
Chile,366
Peru,303
Ecuador,148
Venezuela,112
Costa Rica,68
United States,66
Bolivia,62
Guatemala,52
Dominican Republic,50
Uruguay,32
Panama,31
Paraguay,27
Honduras,20
Nicaragua,20
El Salvador,19
Germany,17
China,15
Brazil,13
Cuba,10
France,10
Canada,8
Italy,7
Russian Federation,7
Netherlands,6
Puerto Rico,6
United Kingdom,5
Portugal,5
Hong Kong,4
India,4
Croatia,3
Morocco,3
Australia,2
Bangladesh,2
Switzerland,2
Czechia,2
Ireland,2
Israel,2
Iraq,2
New Zealand,2
Sweden,2
Andorra,1
United Arab Emirates,1
Angola,1
Belarus,1
Algeria,1
Ghana,1
Iran,1
Jordan,1
Japan,1
Kyrgyzstan,1
South Korea,1
Luxembourg,1
Malta,1
Pakistan,1
Saudi Arabia,1
