name,visitors,pageviews,bounce_rate,time_on_page,scroll_depth
/es/3/tutorial/,670,1070,54,54,56
/es/3.13/library/tkinter.html,260,328,72,69,31
/es/3/tutorial/interpreter.html,222,315,69,105,75
/es/3/tutorial/appetite.html,211,260,42,88,88
/es/3/tutorial/index.html,174,340,61,49,54
/es/3/tutorial/introduction.html,172,236,72,187,52
/es/3.13/tutorial/index.html,162,236,71,59,52
/es/3/,152,302,52,33,79
/es/3.13/tutorial/venv.html,147,163,91,70,53
/es/3.13/,137,181,52,16,74
/es/3.13/library/index.html,132,201,56,82,40
/es/3.13/tutorial/datastructures.html,127,163,87,139,38
/es/3.13/library/functions.html,119,167,79,89,31
/es/3.13/tutorial/classes.html,107,147,84,150,41
/es/3/tutorial/controlflow.html,107,139,74,111,37
/es/3.13/search.html,97,221,38,30,50
/es/3.13/library/idle.html,89,106,72,27,27
/es/3.13/installing/index.html,86,96,88,50,64
/es/3/library/stdtypes.html,79,98,72,75,30
/es/3.13/library/re.html,76,101,76,113,31
/es/3.13/library/stdtypes.html,76,96,71,114,28
/es/3.13/tutorial/errors.html,71,78,90,98,39
/es/3.13/tutorial/introduction.html,71,108,83,196,47
/es/3.13/tutorial/interpreter.html,70,101,79,82,68
/es/3/library/index.html,70,103,54,68,33
/es/3/tutorial/datastructures.html,69,77,88,48,50
/es/3/library/functions.html,66,109,78,111,46
/es/3.13/tutorial/controlflow.html,65,78,82,296,42
/es/3.13/tutorial/appetite.html,63,80,63,59,80
/es/3.13/library/tk.html,60,84,52,52,67
/es/3/tutorial/classes.html,57,67,80,103,39
/es/3/search.html,54,107,39,18,51
/es/3.13/library/datetime.html,50,62,77,87,37
/es/3.13/using/windows.html,49,59,76,57,50
/es/3/library/math.html,48,60,77,56,38
/es/3.13/tutorial/inputoutput.html,47,60,91,51,37
/es/3/tutorial/inputoutput.html,43,50,85,100,62
/es/3/glossary.html,42,55,67,34,24
/es/3.13/library/math.html,38,48,71,45,35
/es/3.13/library/venv.html,38,45,87,29,28
/es/3.13/library/random.html,37,42,100,145,35
/es/3/library/argparse.html,37,47,74,155,19
/es/3.13/tutorial/,34,46,70,46,50
/es/3/library/json.html,34,38,88,36,28
/es/dev/tutorial/controlflow.html,34,40,85,24,24
/es/3/library/random.html,32,40,76,233,28
/es/3/tutorial/modules.html,32,38,74,112,42
/es/3.13/howto/logging.html,31,37,92,90,29
/es/3/library/tkinter.html,31,42,86,64,38
/es/3.13/howto/regex.html,30,35,86,188,34
/es/3.13/library/tkinter.ttk.html,30,39,80,66,47
/es/3.13/library/string.html,29,33,92,39,28
/es/3.13/reference/import.html,29,30,92,85,17
/es/3.13/reference/index.html,29,37,44,26,64
/es/3.13/tutorial/modules.html,29,33,95,98,22
/es/3/tutorial/errors.html,27,33,82,72,36
/es/3.13/glossary.html,26,36,62,158,44
/es/3.13/library/csv.html,26,31,71,148,32
/es/3/installing/index.html,26,28,96,33,65
/es/3/contents.html,25,34,57,12,9
/es/3.13/howto/sorting.html,24,31,84,94,44
/es/3/whatsnew/3.13.html,23,39,71,49,21
/es/3/using/cmdline.html,22,29,75,55,31
/es/3.12/tutorial/index.html,21,51,44,84,56
/es/3.13/reference/datamodel.html,21,28,45,72,33
/es/3.13/library/array.html,20,24,83,38,74
/es/3/tutorial/appendix.html,20,22,80,18,69
/es/3.13/library/shutil.html,19,20,94,30,36
/es/3/genindex-Símbolos.html,19,22,95,44,36
/es/3/library/datetime.html,19,20,100,46,30
/es/3/library/statistics.html,19,21,100,112,38
/es/3/reference/index.html,19,40,50,35,66
/es/dev/using/windows.html,19,23,80,66,31
/es/3.13/contents.html,18,26,71,9,13
/es/3.13/py-modindex.html,18,32,71,19,60
/es/3/library/exceptions.html,18,20,87,49,49
/es/3/index.html,17,34,92,39,81
/es/3/library/asyncio.html,17,21,71,56,67
/es/3/reference/compound_stmts.html,17,20,67,84,19
/es/3.13/library/__main__.html,16,18,85,52,48
/es/3/tutorial/venv.html,16,21,89,125,73
/es/3.13/index.html,15,18,67,38,76
/es/3/tutorial/stdlib2.html,15,16,33,41,58
/es/3.13/reference/lexical_analysis.html,14,13,100,55,56
/es/3.13/whatsnew/3.13.html,14,17,67,30,9
/es/3.13/library/filesys.html,13,19,45,31,88
/es/3.13/reference/simple_stmts.html,13,12,100,68,42
/es/3/library/re.html,13,19,64,70,33
/es/3/tutorial/stdlib.html,13,18,25,88,73
/es/3.12/search.html,12,26,67,18,62
/es/3.12/tutorial/classes.html,12,16,80,426,43
/es/3.13/download.html,12,13,75,22,87
/es/3.13/genindex.html,12,16,0,17,100
/es/3.13/howto/sockets.html,12,12,92,134,63
/es/3.13/library/asyncio-task.html,12,13,75,192,17
/es/3.13/library/smtplib.html,12,12,100,35,61
/es/3.13/using/cmdline.html,12,13,80,39,23
/es/3.13/using/editors.html,12,13,83,16,96
/es/3/reference/datamodel.html,12,17,67,64,27
/es/dev/tutorial/,12,18,57,24,39
