name,visitors,pageviews,bounce_rate,time_on_page,scroll_depth
/3/,11832,14365,54,18,74
/3/library/functions.html,7362,7949,79,67,46
/3/library/stdtypes.html,7047,7858,78,82,39
/3/library/venv.html,6942,7343,91,52,32
/3/tutorial/index.html,5945,7606,61,44,56
/3/library/datetime.html,5078,5730,84,56,40
/3/search.html,4770,7573,34,19,45
/3/library/index.html,4144,5263,60,38,43
/3/tutorial/datastructures.html,3847,4002,80,498,46
/3/library/re.html,3458,3717,86,286,40
/3/library/typing.html,3397,3596,81,47,26
/3/library/tkinter.html,3245,3598,76,51,31
/3/library/csv.html,2721,2928,86,64,42
/3/tutorial/,2689,3777,66,73,49
/3/library/random.html,2644,2777,87,45,35
/3/library/argparse.html,2618,2794,82,209,33
/3/tutorial/controlflow.html,2464,2648,78,134,44
/3/library/os.html,2410,2516,75,93,34
/3/library/turtle.html,2404,3141,82,89,33
/3/library/logging.html,2308,2533,79,61,35
/3/library/idle.html,2298,2610,78,31,31
/3/library/pathlib.html,2247,2385,82,211,43
/3/tutorial/errors.html,2157,2175,83,71,38
/3/library/collections.html,2150,2204,84,54,41
/3/library/exceptions.html,2141,2143,81,47,48
/3/library/subprocess.html,2141,2370,82,59,30
/3/glossary.html,2052,2071,60,49,52
/3/tutorial/introduction.html,2047,2101,76,267,59
/3/tutorial/classes.html,1988,2030,84,290,46
/3/tutorial/interpreter.html,1983,2073,72,76,75
/3/library/dataclasses.html,1882,1990,84,106,35
/3/tutorial/inputoutput.html,1779,1790,76,92,48
/3/library/math.html,1731,1798,86,56,37
/3/library/string.html,1726,1749,78,109,46
/3/library/multiprocessing.html,1686,1918,80,436,30
/3/library/itertools.html,1672,1749,86,66,33
/3/library/asyncio-task.html,1638,1796,79,93,38
/3/tutorial/modules.html,1614,1595,79,107,49
/3/library/time.html,1558,1661,80,46,40
/3/reference/datamodel.html,1522,1573,75,172,49
/3/library/json.html,1509,1535,86,49,34
/3/tutorial/appetite.html,1501,1353,50,68,85
/3/library/os.path.html,1387,1408,81,53,48
/3/library/unittest.html,1371,1488,85,68,25
/3/library/enum.html,1357,1422,84,45,32
/3/library/unittest.mock.html,1351,1616,82,219,35
/3/library/sqlite3.html,1341,1533,83,98,27
/3/library/asyncio.html,1328,1563,66,37,76
/3/whatsnew/3.13.html,1300,1253,69,63,18
/3/reference/index.html,1293,1525,48,30,68
/3/library/threading.html,1272,1300,80,104,41
/3/using/windows.html,1223,1306,82,70,42
/3/library/functools.html,1207,1258,81,56,42
/3/installing/index.html,1183,1171,82,34,62
/3/howto/sorting.html,1099,1142,79,47,41
/3/tutorial/venv.html,1080,1056,89,55,56
/3/library/concurrent.futures.html,1077,1145,83,59,48
/3/library/heapq.html,1062,1154,87,53,50
/3/library/socket.html,1013,1138,76,115,43
/3/library/sys.html,1002,977,77,229,37
/3/howto/logging.html,998,996,82,105,39
/3/py-modindex.html,969,1052,67,34,50
/3/library/xml.etree.elementtree.html,946,1078,84,92,36
/3/library/pickle.html,910,964,87,62,23
/3/library/io.html,867,896,74,76,47
/3/contents.html,861,908,45,23,15
/3/library/shutil.html,833,837,83,48,36
/3/using/mac.html,826,829,77,57,50
/3/library/struct.html,805,846,86,67,43
/3/using/cmdline.html,791,753,84,51,38
/3/reference/expressions.html,765,786,80,98,57
/3/reference/lexical_analysis.html,757,752,76,342,57
/3/reference/compound_stmts.html,752,716,70,593,41
/3/library/tempfile.html,736,763,81,40,53
/3/index.html,722,873,44,20,77
/3/library/pdb.html,721,744,89,44,35
/3/reference/import.html,651,650,80,86,42
/3/library/asyncio-eventloop.html,645,691,70,56,38
/3/library/copy.html,643,658,89,35,67
/3/library/hashlib.html,618,640,86,49,34
/3/howto/regex.html,610,592,83,80,37
/3/library/abc.html,603,625,82,58,48
/3/library/bisect.html,599,617,88,48,48
/3/library/urllib.parse.html,596,615,85,46,45
/3/howto/argparse.html,583,546,81,98,43
/3/library/queue.html,566,557,82,61,61
/3/reference/simple_stmts.html,559,529,70,51,58
/3/library/zipfile.html,553,608,79,55,37
/3/library/pprint.html,552,562,91,27,39
/3/library/,543,739,63,95,39
/3/library/operator.html,541,526,82,40,51
/3/library/glob.html,531,525,86,44,60
/3/library/tk.html,521,599,52,27,58
/3/library/configparser.html,511,543,83,82,32
/3/download.html,510,468,76,31,84
/3/library/contextlib.html,510,530,80,58,29
/3/library/ast.html,493,511,82,46,37
/es/3/tutorial/,477,662,56,47,55
/3/library/collections.abc.html,470,490,71,50,61
/3/library/http.server.html,467,522,84,55,49
