name,visitors,bounce_rate,visit_duration
chatgpt.com,554,41,176
copilot.com,175,47,204
itdo.com,69,35,75
perplexity,32,38,54
zalo,13,62,36
Python,10,27,389
makerluis.com,8,25,249
Securitylab.ru,7,25,30
yandex,7,57,33
ghost.codersera.com,4,50,154
ya,4,0,54
hackernoon.com,3,100,0
metodologia.arcos.org.br,3,67,2
post_page-----15de070a9cc6---------------------------------------,3,100,0
upstract.com,3,67,16
blog.jerrycodes.com,2,0,58
blog.michivonah.ch,2,100,0
deeplearningnerds.com,2,100,0
erikgfesser.com,2,100,0
grantwinney.com,2,100,0
learn-ubuntu,2,50,397
nomtechbytes.com,2,100,0
post_page-----12cbeeee7430---------------------------------------,2,75,6
pyhunt.com,2,100,0
Django_Newsletter_133,1,100,0
Exinfluencer,1,0,122
NotANumber,1,100,0
blog.anybox.fr,1,100,0
blog.europython.eu,1,100,0
blog.ippon.fr,1,100,0
blog.sunggwanchoi.com,1,100,0
ciberseguridad.blog,1,100,0
codeastar.com,1,100,0
cve.news,1,100,0
datascience.fm,1,100,0
datascientyst.com,1,100,0
developer-service.blog,1,100,0
ethicalads-placement,1,100,0
gobigger,1,100,0
https://githubhelp.com,1,100,0
hub.researchgraph.org,1,100,0
ig,1,100,0
nf,1,100,0
pwskills,1,100,0
rss,1,100,0
sparkle,1,100,0
stackshare.io,1,100,0
tabbar,1,100,0
techbrain.cz,1,100,0
timescale.com,1,100,0
update,1,0,1501
vegastack.com,1,100,0
www.theroutingintent.com,1,100,0
yusufipek.me,1,100,0
