name,version,visitors
Windows,10,6160
Mac,10.15,1578
GNU/Linux,(not set),236
Android,15,205
Android,10,128
iOS,18.5,120
Android,12,100
Windows,7,93
Android,13,75
Android,14,75
Ubuntu,(not set),51
HarmonyOS,(not set),47
Android,11,34
iOS,18.3,13
HarmonyOS,3.0,12
iOS,19.0,11
Windows,8,10
Android,6.0,9
Mac,10.14,7
iOS,17.3,7
HarmonyOS,2.2,7
iOS,17.4,6
Windows,8.1,6
Windows,Server 2003,6
iOS,16.6,5
iOS,16.7,5
iOS,18.0,5
Android,9,5
Windows,NT,5
(not set),(not set),4
iOS,15.7,4
iOS,18.1,4
iOS,18.4,4
Mac,10.12,3
Mac,10.13,3
iOS,17.2,3
Android,8.1,3
Windows,(not set),2
iOS,15.6,2
iOS,16.0,2
iOS,16.1,2
iOS,16.3,2
iOS,17.1,2
iOS,17.6,2
iPadOS,17.7,2
iOS,26.0,2
Windows,Vista,2
FreeBSD,(not set),1
UOS,(not set),1
Mac,(not set),1
CentOS,(not set),1
Mac,10.9,1
Mac,14.0,1
Mac,14.6,1
Chrome OS,14541.0,1
iOS,15.0,1
iOS,15.4,1
iOS,15.5,1
iOS,16.5,1
iOS,17.5,1
iOS,18.6,1
iOS,4.3,1
Android,7.1,1
