name,visitors
Chrome,296871
Microsoft Edge,157117
Safari,23459
Firefox,20241
Opera,15171
Yandex Browser,7833
Mobile App,4731
Smart Lenovo Browser,2574
Quark,1880
QQ Browser,1179
Samsung Browser,1169
MIUI Browser,469
vivo Browser,438
Sogou Explorer,437
Whale Browser,339
Avast Secure Browser,255
Huawei Browser Mobile,243
Huawei Browser,224
(not set),93
AVG Secure Browser,85
QtWebEngine,64
Brave,62
Chromium,61
Norton Private Browser,46
Hi Browser,36
UC Browser,36
Phoenix Browser,29
Ecosia,25
SberBrowser,20
CCleaner,17
Mobile Silk,17
Opera GX,15
JioSphere,12
Android Browser,11
Opera Touch,11
Pale Moon,9
Atom,8
UBrowser,8
115 Browser,7
Aloha Browser,7
Iron,7
Mypal,7
Avira Secure Browser,6
Chromium GOST,6
AdBlock Browser,4
DuckDuckGo Privacy Browser,4
Internet Explorer,4
Kindle Browser,4
Openwave Mobile Browser,4
REST Client for Ruby,4
mailapp,4
Coc Coc,2
Konqueror,2
Maxthon,2
Mint Browser,2
NetFront,2
Oculus Browser,2
Opera Devices,2
Oppo Browser,2
QQ Browser Lite,2
Qwant Mobile,2
Raspbian Chromium,2
Realme Browser,2
Sleipnir,2
Steam In-Game Overlay,2
Waterfox,2
Cheetah Browser,1
Falkon,1
Ghostery Privacy Browser,1
IceDragon,1
Lenovo Browser,1
Meizu Browser,1
ReadKit,1
SeaMonkey,1
Seraphic Sraf,1
T-Browser,1
UC Browser Turbo,1
Yahoo! Japan Browser,1
