name,version,visitors
Windows,10,13666
Mac,10.15,1381
Android,10,683
GNU/Linux,(not set),507
Android,15,386
iOS,18.5,345
Android,14,296
Android,13,273
Android,12,198
HarmonyOS,3.0,187
Android,11,171
HarmonyOS,(not set),153
HarmonyOS,2.2,122
Ubuntu,(not set),88
Android,9,55
Windows,7,53
iOS,18.6,45
Chrome OS,14541.0,34
Android,8.1,34
iOS,17.6,19
iOS,18.3,18
Windows,8.1,16
iOS,18.4,15
Android,6.0,13
Mac,10.14,12
iOS,16.7,11
iOS,17.5,11
Windows,(not set),10
Android,5.0,10
(not set),(not set),8
iOS,18.0,8
Android,7.1,8
iOS,15.4,7
iOS,19.0,6
iOS,15.6,5
iOS,16.0,5
iOS,16.1,5
iOS,17.3,5
iOS,26.0,5
Android,5.1,5
Android,8.0,5
Mac,10.13,4
iOS,15.0,4
iOS,15.7,4
iOS,15.8,4
iOS,16.3,4
iOS,17.4,4
iOS,17.7,4
iOS,18.1,4
iOS,18.2,4
HarmonyOS,2.1,4
Windows,8,4
iOS,13.6,3
iOS,14.7,3
iOS,15.2,3
iPadOS,16.4,3
iOS,16.6,3
iPadOS,17.7,3
Android,7.0,3
Windows,XP,3
Mac,10.11,2
iPadOS,14.0,2
iOS,14.6,2
iOS,16.2,2
Tizen,3.0,2
FreeBSD,(not set),1
Mac,(not set),1
iOS,11.0,1
iOS,11.2,1
iOS,12.4,1
iPadOS,13.6,1
iPadOS,14.1,1
iOS,14.1,1
iOS,14.4,1
Mac,14.4,1
iOS,14.5,1
Mac,14.6,1
iOS,14.8,1
iPadOS,15.1,1
iPadOS,15.6,1
iPadOS,15.8,1
iOS,16.4,1
iPadOS,16.6,1
iPadOS,16.7,1
iPadOS,17.6,1
Fire OS,6,1
