name,unique_exits,total_exits,exit_rate
/zh-tw/3.13/tutorial/index.html,53,55,
/zh-tw/3/tutorial/index.html,45,46,
/zh-tw/3.13/library/bisect.html,36,36,
/zh-tw/3.13/howto/sorting.html,27,29,
/zh-tw/dev/installing/index.html,21,21,
/zh-tw/3.13/library/venv.html,20,20,
/zh-tw/3.13/tutorial/controlflow.html,18,19,
/zh-tw/3.13/using/mac.html,17,17,
/zh-tw/3.13/library/functions.html,16,17,
/zh-tw/3.13/tutorial/introduction.html,15,15,
/zh-tw/3.13/tutorial/classes.html,14,17,
/zh-tw/3/tutorial/appetite.html,14,15,
/zh-tw/3.13/tutorial/interpreter.html,13,13,
/zh-tw/3.13/library/collections.html,12,12,
/zh-tw/3.13/library/random.html,12,13,
/zh-tw/3.13/tutorial/inputoutput.html,12,12,
/zh-tw/3.13/tutorial/datastructures.html,11,13,
/zh-tw/3/library/index.html,11,11,
/zh-tw/3/library/re.html,11,11,
/zh-tw/3.13/library/heapq.html,10,11,
/zh-tw/3/library/functions.html,9,9,
/zh-tw/dev/library/venv.html,9,13,
/zh-tw/3/tutorial/classes.html,8,9,
/zh-tw/3.13/library/stdtypes.html,7,7,
/zh-tw/3.13/library/typing.html,7,7,
/zh-tw/3.13/tutorial/errors.html,7,7,
/zh-tw/3/tutorial/interpreter.html,7,8,
/zh-tw/3.13/faq/windows.html,6,6,
/zh-tw/3.13/search.html,6,6,
/zh-tw/3.13/tutorial/modules.html,6,6,
/zh-tw/3/howto/argparse.html,6,6,
/zh-tw/3/library/pickle.html,6,6,
/zh-tw/3/tutorial/introduction.html,6,7,
/zh-tw/3.13/library/__main__.html,5,5,
/zh-tw/3.13/library/json.html,5,6,
/zh-tw/3.13/library/math.html,5,5,
/zh-tw/3.13/library/os.path.html,5,5,
/zh-tw/3.13/library/pathlib.html,5,5,
/zh-tw/3.13/library/string.html,5,5,
/zh-tw/3/,5,5,
/zh-tw/3/tutorial/,5,5,
/zh-tw/3/tutorial/controlflow.html,5,7,
/zh-tw/dev/library/csv.html,5,5,
/zh-tw/dev/library/os.path.html,5,5,
/3/library/idle.html,4,4,
/zh-tw/3.12/using/mac.html,4,4,
/zh-tw/3.13/library/csv.html,4,4,
/zh-tw/3.13/library/index.html,4,4,
/zh-tw/3.13/reference/lexical_analysis.html,4,4,
/zh-tw/3.13/tutorial/appetite.html,4,4,
/zh-tw/3.13/using/windows.html,4,4,
/zh-tw/dev/library/itertools.html,4,4,
/zh-tw/3.13/,3,3,
/zh-tw/3.13/glossary.html,3,3,
/zh-tw/3.13/library/array.html,3,3,
/zh-tw/3.13/library/copy.html,3,3,
/zh-tw/3.13/library/ftplib.html,3,3,
/zh-tw/3.13/library/html.parser.html,3,3,
/zh-tw/3.13/library/tkinter.html,3,3,
/zh-tw/3.13/tutorial/venv.html,3,3,
/zh-tw/3/library/math.html,3,3,
/3.13/tutorial/controlflow.html,2,2,
/3/library/heapq.html,2,2,
/3/library/stdtypes.html,2,2,
/3/tutorial/index.html,2,2,
/3/tutorial/modules.html,2,2,
/zh-cn/3.13/,2,2,
/zh-tw/3.12/installing/index.html,2,2,
/zh-tw/3.12/library/operator.html,2,2,
/zh-tw/3.13/contents.html,2,2,
/zh-tw/3.13/faq/programming.html,2,3,
/zh-tw/3.13/howto/sockets.html,2,2,
/zh-tw/3.13/index.html,2,2,
/zh-tw/3.13/installing/index.html,2,2,
/zh-tw/3.13/library/asyncio.html,2,2,
/zh-tw/3.13/library/configparser.html,2,2,
/zh-tw/3.13/library/exceptions.html,2,3,
/zh-tw/3.13/library/glob.html,2,2,
/zh-tw/3.13/library/idle.html,2,2,
/zh-tw/3.13/library/queue.html,2,2,
/zh-tw/3.13/library/statistics.html,2,2,
/zh-tw/3.13/library/timeit.html,2,2,
/zh-tw/3.13/library/unittest.html,2,2,
/zh-tw/3.13/reference/datamodel.html,2,2,
/zh-tw/3.13/reference/index.html,2,2,
/zh-tw/3.13/using/index.html,2,2,
/zh-tw/3.13/whatsnew/3.13.html,2,2,
/zh-tw/3.14/contents.html,2,2,
/zh-tw/3.14/whatsnew/3.14.html,2,2,
/zh-tw/3.15/,2,2,
/zh-tw/3/glossary.html,2,2,
/zh-tw/3/index.html,2,2,
/zh-tw/3/library/concurrent.futures.html,2,2,
/zh-tw/3/library/datetime.html,2,2,
/zh-tw/3/library/idle.html,2,2,
/zh-tw/3/library/unittest.mock.html,2,2,
/zh-tw/3/reference/lexical_analysis.html,2,2,
/zh-tw/3/tutorial/venv.html,2,2,
/zh-tw/dev/howto/gdb_helpers.html,2,2,
/zh-tw/dev/library/base64.html,2,2,
