name,visitors,pageviews,bounce_rate,time_on_page,scroll_depth
/tr/3.13/,16,16,100,8,70
/tr/3/installing/index.html,16,17,94,65,62
/tr/3.13/tutorial/index.html,6,19,50,38,50
/tr/3/library/functions.html,6,8,86,134,31
/tr/3/tutorial/index.html,5,15,67,56,66
/tr/3.12/tutorial/classes.html,4,4,100,50,39
/tr/3.13/library/functions.html,4,5,100,74,30
/tr/3.13/library/tkinter.html,4,6,0,47,17
/tr/3.13/using/windows.html,4,6,67,35,35
/tr/3/,4,6,50,8,77
/tr/3/tutorial/interpreter.html,4,10,100,20,63
/tr/3.13/library/index.html,3,4,0,24,22
/tr/3.13/search.html,3,3,0,7,100
/tr/3.13/tutorial/,3,6,0,16,46
/tr/3.13/tutorial/interpreter.html,3,4,0,20,55
/tr/3.13/whatsnew/3.13.html,3,4,0,6,2
/tr/3/tutorial/errors.html,3,7,0,449,52
/tr/3/tutorial/introduction.html,3,6,100,110,63
/tr/3.12/library/tk.html,2,2,100,15,38
/tr/3.13/contents.html,2,3,0,29,1
/tr/3.13/howto/index.html,2,2,0,5,80
/tr/3.13/index.html,2,2,0,14,78
/tr/3.13/library/datetime.html,2,2,0,396,32
/tr/3.13/library/idle.html,2,7,0,18,56
/tr/3.13/library/math.html,2,2,50,19,54
/tr/3.13/tutorial/controlflow.html,2,2,100,9,98
/tr/3.13/tutorial/datastructures.html,2,3,0,7,7
/tr/3.14/,2,2,100,7,86
/tr/3/library/tk.html,2,2,50,10,46
/tr/3/tutorial/appetite.html,2,2,0,10,100
/tr/3/tutorial/controlflow.html,2,3,100,184,88
/tr/3.12/download.html,1,1,100,13,56
/tr/3.12/reference/index.html,1,1,0,3,36
/tr/3.12/using/windows.html,1,1,0,14,3
/tr/3.13/howto/annotations.html,1,1,0,13,57
/tr/3.13/library/argparse.html,1,1,0,14,2
/tr/3.13/library/exceptions.html,1,2,0,19,3
/tr/3.13/library/imaplib.html,1,1,0,6,13
/tr/3.13/library/markup.html,1,2,0,36,100
/tr/3.13/library/random.html,1,1,100,0,6
/tr/3.13/library/sqlite3.html,1,2,0,145,6
/tr/3.13/library/tarfile.html,1,1,0,3,4
/tr/3.13/library/tk.html,1,1,0,58,100
/tr/3.13/library/turtle.html,1,1,100,8,4
/tr/3.13/library/unittest.html,1,4,100,908,4
/tr/3.13/license.html,1,1,0,24,100
/tr/3.13/py-modindex.html,1,1,0,6,12
/tr/3.13/reference/grammar.html,1,1,0,35,27
/tr/3.13/reference/index.html,1,2,0,43,55
/tr/3.13/tutorial/appetite.html,1,1,0,7,100
/tr/3.13/tutorial/introduction.html,1,1,0,598,70
/tr/3.13/tutorial/modules.html,1,1,0,6,8
/tr/3.13/tutorial/stdlib.html,1,1,0,37,100
/tr/3.13/using/unix.html,1,1,0,16,25
/tr/3.13/whatsnew/3.8.html,1,2,0,4,3
/tr/3.13/whatsnew/index.html,1,1,0,39,6
/tr/3.14/contents.html,1,1,0,6,1
/tr/3.14/library/exceptions.html,1,2,0,10,7
/tr/3.14/library/fileformats.html,1,1,0,9,88
/tr/3.14/library/index.html,1,2,0,48,100
/tr/3.14/library/math.html,1,1,100,61,81
/tr/3.14/library/unittest.html,1,1,0,3,1
/tr/3.14/search.html,1,1,0,,
/tr/3/genindex-D.html,1,1,100,,
/tr/3/library/time.html,1,1,0,0,8
/tr/3/library/venv.html,1,1,100,12,40
/tr/3/tutorial/,1,4,0,26,39
/tr/3/tutorial/classes.html,1,2,0,18,18
/tr/3/tutorial/inputoutput.html,1,1,100,33,9
/tr/3/tutorial/stdlib2.html,1,1,100,424,25
/tr/3/whatsnew/3.13.html,1,1,0,3,5
