name,visitors
China,6229
Hong Kong,1187
Singapore,532
United States,510
Japan,412
Vietnam,333
Taiwan,157
Canada,36
United Kingdom,34
Germany,32
South Korea,29
Malaysia,24
Argentina,20
France,18
India,16
Australia,15
Indonesia,15
Macao,10
Italy,8
Netherlands,8
Russian Federation,8
Greece,5
Sweden,5
Ecuador,4
Mexico,4
Poland,4
Seychelles,4
Thailand,4
Bangladesh,3
Brazil,3
Cambodia,3
Norway,3
Philippines,3
United Arab Emirates,2
Austria,2
Cameroon,2
Spain,2
Finland,2
Iraq,2
Moldova,2
Mauritius,2
New Zealand,2
Oman,2
Qatar,2
South Africa,2
Armenia,1
Bulgaria,1
Switzerland,1
Côte d'Ivoire,1
Czechia,1
Dominican Republic,1
Algeria,1
Egypt,1
Guinea,1
Hungary,1
Ireland,1
Iran,1
Kyrgyzstan,1
Myanmar,1
Nepal,1
Saudi Arabia,1
Turkey,1
Ukraine,1
