name,unique_exits,total_exits,exit_rate
/it/3/tutorial/index.html,20,20,
/it/3.13/tutorial/index.html,12,15,
/it/3.13/,7,7,
/3/,5,5,
/it/3.13/search.html,5,5,
/it/3.13/tutorial/interpreter.html,5,6,
/it/3.13/tutorial/introduction.html,5,5,
/it/3.14/tutorial/venv.html,5,5,
/it/3/tutorial/datastructures.html,5,5,
/it/3/tutorial/interpreter.html,5,6,
/it/3/tutorial/introduction.html,5,5,
/3/library/idle.html,4,4,
/it/3.13/tutorial/inputoutput.html,4,4,
/it/3.13/license.html,3,3,
/it/3.13/tutorial/controlflow.html,3,3,
/it/3.13/tutorial/modules.html,3,9,
/it/3/,3,3,
/it/3/tutorial/controlflow.html,3,3,
/3/tutorial/index.html,2,2,
/it/3.13/download.html,2,2,
/it/3.13/howto/index.html,2,2,
/it/3.13/reference/index.html,2,2,
/it/3.13/tutorial/appetite.html,2,2,
/it/3.13/tutorial/datastructures.html,2,2,
/it/3.13/using/windows.html,2,2,
/it/3/library/stdtypes.html,2,2,
/it/3/search.html,2,2,
/it/3/tutorial/appetite.html,2,2,
/3.12/,1,1,
/3.12/tutorial/index.html,1,1,
/3.13/faq/,1,1,
/3.13/library/functions.html,1,1,
/3.13/library/random.html,1,1,
/3/distributing/index.html,1,1,
/3/library/ctypes.html,1,1,
/3/library/functions.html,1,1,
/3/library/itertools.html,1,1,
/3/library/stdtypes.html,1,1,
/3/library/tkinter.html,1,1,
/3/library/turtle.html,1,1,
/3/license.html,1,1,
/3/tutorial/controlflow.html,1,1,
/3/tutorial/introduction.html,1,1,
/3/using/android.html,1,1,
/fr/3.13/contents.html,1,1,
/fr/3.13/library/threading.html,1,1,
/fr/3.13/py-modindex.html,1,1,
/it/3.12/download.html,1,1,
/it/3.12/reference/index.html,1,1,
/it/3.12/reference/toplevel_components.html,1,1,
/it/3.13/genindex.html,1,1,
/it/3.13/glossary.html,1,1,
/it/3.13/library/array.html,1,1,
/it/3.13/library/datetime.html,1,1,
/it/3.13/library/functions.html,1,1,
/it/3.13/library/idle.html,1,1,
/it/3.13/library/index.html,1,1,
/it/3.13/library/shutil.html,1,1,
/it/3.13/library/stdtypes.html,1,1,
/it/3.13/library/webbrowser.html,1,1,
/it/3.13/reference/datamodel.html,1,1,
/it/3.13/reference/introduction.html,1,1,
/it/3.13/tutorial/appendix.html,1,1,
/it/3.13/tutorial/stdlib.html,1,1,
/it/3.13/tutorial/venv.html,1,1,
/it/3.14/library/stdtypes.html,1,1,
/it/3/download.html,1,1,
/it/3/library/functions.html,1,1,
/it/3/library/itertools.html,1,1,
/it/3/reference/datamodel.html,1,1,
/it/3/reference/executionmodel.html,1,1,
/it/3/reference/simple_stmts.html,1,1,
/it/3/tutorial/,1,1,
/it/3/tutorial/classes.html,1,1,
/it/3/tutorial/inputoutput.html,1,1,
/it/3/tutorial/modules.html,1,1,
/it/3/tutorial/stdlib.html,1,1,
/it/3/whatsnew/index.html,1,1,
/pt-br/3/tutorial/,1,1,
/zh-cn/3.13/index.html,1,1,
