name,unique_exits,total_exits,exit_rate
/ja/3/c-api/import.html,394,398,
/ja/3/library/codecs.html,308,313,
/ja/dev/library/shelve.html,88,88,
/ja/3.13/tutorial/index.html,66,66,
/ja/3/,62,68,
/ja/3.13/library/re.html,54,57,
/ja/3/library/functions.html,46,46,
/ja/3.13/library/functions.html,45,46,
/ja/3/tutorial/,43,46,
/ja/3/library/stdtypes.html,40,44,
/ja/3.13/library/pathlib.html,39,45,
/ja/3.13/library/stdtypes.html,37,42,
/ja/3.13/library/typing.html,37,39,
/ja/3.13/library/random.html,36,36,
/ja/3.13/library/index.html,34,37,
/ja/3.13/library/datetime.html,33,36,
/ja/3/library/index.html,30,32,
/ja/3/tutorial/datastructures.html,30,31,
/ja/3/tutorial/index.html,30,33,
/ja/3.13/library/venv.html,27,30,
/ja/3.12/library/codecs.html,25,25,
/ja/3.13/tutorial/classes.html,25,29,
/ja/3.13/using/windows.html,25,25,
/ja/3/library/datetime.html,24,24,
/ja/3.13/library/argparse.html,23,24,
/ja/3.13/library/subprocess.html,23,24,
/ja/3/library/venv.html,22,24,
/ja/3.13/library/os.path.html,21,23,
/ja/3.13/library/enum.html,20,20,
/ja/3/tutorial/controlflow.html,20,24,
/ko/3.13/library/intro.html,20,20,
/ja/3.13/installing/index.html,19,19,
/ja/3/tutorial/introduction.html,19,23,
/ja/3.13/library/sqlite3.html,18,18,
/ja/3.13/library/json.html,17,18,
/ja/3.13/library/socket.html,17,19,
/ja/3.13/library/tempfile.html,17,18,
/ja/3.13/tutorial/inputoutput.html,17,17,
/ja/3.13/library/__main__.html,16,16,
/ja/3.13/library/itertools.html,16,16,
/ja/3/tutorial/interpreter.html,16,17,
/ja/3.13/library/logging.html,15,16,
/ja/3.13/tutorial/controlflow.html,15,16,
/ja/3.13/tutorial/interpreter.html,15,16,
/ja/3/tutorial/appetite.html,15,17,
/ja/3.13/library/os.html,14,13,
/ja/3/index.html,14,14,
/ja/3/library/random.html,14,14,
/ja/3/reference/compound_stmts.html,14,15,
/ja/3.13/howto/sorting.html,13,14,
/ja/3.13/tutorial/errors.html,13,15,
/ja/3/library/re.html,13,13,
/ko/3/faq/design.html,13,13,
/3/,12,12,
/ja/3.13/library/concurrent.futures.html,12,11,
/ja/3.13/library/idle.html,12,12,
/ja/3.13/library/threading.html,12,12,
/ja/3.13/library/time.html,12,11,
/ja/3.13/library/tkinter.html,12,12,
/ja/3.13/tutorial/introduction.html,12,20,
/ja/3.13/tutorial/modules.html,12,12,
/ja/3/library/tkinter.html,12,12,
/ja/3/library/xml.etree.elementtree.html,12,12,
/ja/3.13/library/csv.html,11,12,
/ja/3.13/library/heapq.html,11,11,
/ja/3/library/,11,11,
/ja/3/reference/introduction.html,11,11,
/ja/3/tutorial/modules.html,11,12,
/ja/3/using/cmdline.html,11,11,
/ja/3.13/howto/logging.html,10,12,
/ja/3.13/library/exceptions.html,10,10,
/ja/3.13/whatsnew/index.html,10,10,
/ja/3.13/library/collections.html,9,10,
/ja/3.13/library/decimal.html,9,10,
/ja/3.13/library/io.html,9,9,
/ja/3.13/library/math.html,9,9,
/ja/3.13/library/multiprocessing.html,9,10,
/ja/3.13/library/pprint.html,9,9,
/ja/3.13/library/struct.html,9,9,
/ja/3.13/library/sys.html,9,9,
/ja/3.13/search.html,9,9,
/ja/3.13/tutorial/datastructures.html,9,10,
/ja/3/library/itertools.html,9,9,
/ja/3/library/math.html,9,9,
/ja/3/using/windows.html,9,9,
/ja/dev/tutorial/errors.html,9,9,
/ja/3.13/library/dataclasses.html,8,9,
/ja/3.13/library/pickle.html,8,8,
/ja/3.13/library/statistics.html,8,7,
/ja/3.13/library/string.html,8,8,
/ja/3.13/reference/index.html,8,8,
/ja/3.13/tutorial/floatingpoint.html,8,8,
/ja/3/library/tkinter.ttk.html,8,8,
/ja/3/reference/index.html,8,8,
/ja/3.13/library/queue.html,7,7,
/ja/3.13/library/shutil.html,7,7,
/ja/3.13/library/tkinter.ttk.html,7,7,
/ja/3.13/library/turtle.html,7,8,
/ja/3.13/library/zipfile.html,7,7,
/ja/3.13/tutorial/appetite.html,7,7,
