name,visitors
Madrid,216
Bogotá,128
Santiago,125
Lima,118
Barcelona,115
Valencia,55
Benito Juarez,54
Medellín,46
Cali,41
Santo Domingo,40
Mexico City,39
Quito,38
Caracas,37
Guayaquil,37
La Paz,36
Gustavo Adolfo Madero,35
N/A,31
Buenos Aires,28
Puebla,28
Córdoba,28
Sevilla,26
Cuauhtémoc,24
Singapore,23
Barranquilla,23
Monterrey,23
San José,20
Santiago de Querétaro,20
Iztapalapa,19
Guadalajara,19
Havana,18
Mérida,17
The Dalles,17
Shenzhen,16
Málaga,16
Montevideo,15
San Salvador,15
Miami,15
N/A,15
Valladolid,14
Azcapotzalco,14
Bucaramanga,14
Mazatlán,14
León de los Aldama,14
Hermosillo,14
Murcia,13
Córdoba,13
Santiago de Compostela,13
Panamá,13
Terrassa,12
Tuxtla,12
Guatemala City,12
Managua,12
San Nicolás de los Garza,12
Ashburn,12
Asunción,11
Tegucigalpa,11
Rosario,11
N/A,11
Huancayo,11
Palma,10
N/A,10
Mendoza,10
Viña del Mar,10
Cusco,10
Arequipa,10
Zapopan,10
N/A,10
N/A,10
Toluca,9
Oaxaca,9
Ecatepec de Morelos,9
Valencia,9
Ibagué,9
Tacna,9
Chihuahua,9
Alicante,8
N/A,8
Tlalpan,8
N/A,8
N/A,8
Celaya,8
Aguascalientes,8
Granada,7
Alcalá de Henares,7
Nuevo Laredo,7
Cartagena,7
Valparaíso,7
Temuco,7
Cochabamba,7
San Luis Potosí,7
Los Angeles,7
N/A,7
Rincón de la Victoria,6
Las Palmas de Gran Canaria,6
Zaragoza,6
Vigo,6
Vic,6
Sabadell,6
Pamplona,6
Las Rozas de Madrid,6
Alcorcón,6
Quilmes,6
Morón,6
Mar del Plata,6
Cuautitlán Izcalli,6
Naucalpan de Juárez,6
Iztacalco,6
Maracaibo,6
Valledupar,6
Popayán,6
Pereira,6
Guarne,6
Miguel Hidalgo,6
Santa Cruz de la Sierra,6
Torreón,6
Tijuana,6
Shanghai,5
Almoradí,5
Vilagarcía de Arousa,5
Donostia / San Sebastián,5
Portugalete,5
Oviedo,5
Leganés,5
Gijón,5
Getafe,5
N/A,5
La Plata,5
Tapachula,5
Tampico,5
Pachuca de Soto,5
Xalapa de Enríquez,5
Ciudad López Mateos,5
Tunja,5
Soacha,5
Madrid,5
N/A,5
Cúcuta,5
Chiclayo,5
San Miguel de Tucumán,5
San Juan,5
Neuquén,5
Bahía Blanca,5
Rancagua,5
Puente Alto,5
Iquique,5
Morelia,5
Mexicali,5
Victoria de Durango,5
Culiacán,5
Tres Cantos,5
Dalian,4
San Vicent del Raspeig,4
Castelló de la Plana,4
London,4
Paris,4
Viladecans,4
Torrejón de Ardoz,4
Sant Adrià de Besòs,4
Salamanca,4
Pozuelo de Alarcón,4
Oleiros,4
Logroño,4
León,4
Fuenlabrada,4
Bilbao,4
Alcobendas,4
N/A,4
Merlo,4
N/A,4
São Paulo,4
Santiago de los Caballeros,4
Veracruz,4
Heroica Matamoros,4
Martínez de la Torre,4
Coyoacán,4
Chilpancingo,4
Chalco,4
San Cristóbal,4
Los Teques,4
Barquisimeto,4
Barcelona,4
Santo Domingo de los Colorados,4
Ambato,4
N/A,4
Santa Marta,4
Floridablanca,4
Cartago,4
Trujillo,4
Talca,4
Quillota,4
Calama,4
Ica,4
Cabo San Lucas,4
Saltillo,4
Guadalupe,4
Ciudad Juárez,4
Houston,4
Council Bluffs,4
La Pintana,4
Helsinki,3
Warsaw,3
Wuxi,3
Lianyun,3
Huzhou,3
Suzhou,3
Lisbon,3
Telde,3
Santa Cruz de Tenerife,3
La Laguna,3
Molina de Segura,3
Jaén,3
Consuegra,3
Argamasilla de Alba,3
Alcoy,3
Frankfurt am Main,3
Dublin,3
Marseille,3
Andorra la Vella,3
Barakaldo,3
Sant Cugat del Vallès,3
Sant Andreu de la Barca,3
Pinto,3
Mataró,3
Marín,3
A Coruña,3
Collado-Villalba,3
Boadilla del Monte,3
Azuqueca de Henares,3
N/A,3
Resistencia,3
Ranchos,3
Puerto Plata,3
Álvaro Obregón,3
Tlalnepantla,3
Poza Rica de Hidalgo,3
Nicolás Romero,3
Córdoba,3
Ciudad Nezahualcoyotl,3
Campeche,3
San Pedro Sula,3
Heredia,3
N/A,3
Maracay,3
Cuenca,3
Zipaquirá,3
Rionegro,3
N/A,3
Huánuco,3
Morales,3
Maturín,3
N/A,3
Rawson,3
Luján de Cuyo,3
Brinkmann,3
Rengo,3
Quilpué,3
N/A,3
N/A,3
Puno,3
Tlaquepaque,3
Sombrerete,3
Irapuato,3
Ciudad General Escobedo,3
Ciudad Apodaca,3
Atlanta,3
North Bergen,3
New York City,3
Sacramento,3
N/A,3
José C. Paz,3
Craiova,2
Wanparti,2
Thiruvananthapuram,2
Pune,2
Gurgaon,2
Tashkent,2
Quezon City,2
Hangzhou,2
Guangzhou,2
Fuzhou,2
Melbourne,2
Vélez-Málaga,2
Torrent,2
Teulada,2
Talavera de la Reina,2
N/A,2
Puerto Real,2
Polinyà de Xúquer,2
Picanya,2
Ontinyent,2
Mislata,2
Mérida,2
Manacor,2
Linares,2
La Línea de la Concepción,2
Guadix,2
Fortuna,2
El Ejido,2
Dos Hermanas,2
Crevillente,2
