name,visitors,pageviews,bounce_rate,time_on_page,scroll_depth
/ja/3/library/functions.html,340,389,74,51,46
/ja/3/library/stdtypes.html,265,312,73,42,35
/ja/3/library/index.html,248,355,60,567,48
/ja/3/,219,300,49,17,71
/ja/3/tutorial/,192,277,50,38,57
/ja/3/tutorial/index.html,156,252,52,56,64
/ja/3/library/datetime.html,151,172,79,59,40
/ja/3.13/tutorial/,139,177,55,28,53
/ja/3/tutorial/controlflow.html,136,144,79,188,45
/ja/3/search.html,129,224,30,71,56
/ja/3/library/re.html,128,144,88,38,30
/ja/3/library/logging.html,125,140,78,54,41
/ja/3/tutorial/introduction.html,124,118,66,211,58
/ja/3/tutorial/interpreter.html,114,120,69,93,71
/ja/3/library/subprocess.html,109,114,93,183,25
/ja/3/tutorial/datastructures.html,108,124,74,130,48
/ja/3/library/pathlib.html,105,105,88,32,47
/ja/3/c-api/bytes.html,104,110,92,3,23
/ja/3/reference/introduction.html,103,109,88,4,37
/ja/3/library/random.html,95,112,89,36,32
/ja/3/tutorial/appetite.html,95,81,25,53,84
/ja/3/tutorial/errors.html,88,86,80,125,38
/ja/3/library/typing.html,81,90,79,30,30
/ja/3.14/,79,82,39,10,74
/ja/3/tutorial/inputoutput.html,78,76,70,131,59
/ja/3/library/csv.html,69,73,85,72,37
/ja/3/library/venv.html,69,75,85,37,37
/ja/3/library/exceptions.html,68,75,85,37,51
/ja/3/library/argparse.html,67,68,81,40,30
/ja/3/library/os.html,67,78,72,46,30
/ja/3/reference/index.html,67,106,53,85,72
/ja/3/tutorial/classes.html,67,64,64,135,48
/ja/3/library/enum.html,63,63,91,26,25
/ja/3.13/tutorial/controlflow.html,62,72,64,177,36
/ja/3/library/math.html,61,66,82,116,42
/ja/3/library/multiprocessing.html,56,72,85,90,38
/ja/3/library/os.path.html,56,60,86,38,49
/ja/3/library/string.html,55,59,81,93,53
/ja/3/library/tkinter.html,55,68,73,38,37
/ja/3/glossary.html,53,54,55,37,43
/ja/3/library/itertools.html,52,54,82,44,34
/ja/3/library/json.html,51,51,96,27,22
/ja/3/library/time.html,50,51,85,51,35
/ja/3.13/library/index.html,49,58,50,39,50
/ja/3/tutorial/modules.html,48,50,64,191,53
/ja/3/installing/index.html,45,47,83,53,64
/ja/3.13/tutorial/datastructures.html,44,52,57,68,58
/ja/3/index.html,44,64,43,15,75
/ja/3/library/shutil.html,44,48,79,40,40
/ja/3/library/threading.html,43,45,76,54,37
/ja/3/reference/datamodel.html,43,47,82,27,38
/ja/3/reference/expressions.html,42,45,60,27,59
/ja/3.13/tutorial/index.html,40,60,50,74,60
/ja/3.15/using/windows.html,40,35,82,59,24
/ja/3.13/library/asyncio-sync.html,39,39,97,9,17
/ja/3/howto/sorting.html,39,39,94,29,32
/ja/3/library/socket.html,38,40,84,19,31
/ja/3/library/sqlite3.html,38,44,84,37,25
/ja/3/contents.html,37,36,30,21,15
/ja/3/library/concurrent.futures.html,37,38,84,34,58
/ja/3/library/io.html,36,38,73,53,41
/ja/3/tutorial/stdlib.html,36,31,31,106,64
/ja/3/tutorial/venv.html,36,30,100,68,73
/ja/3.13/tutorial/interpreter.html,35,37,60,129,68
/ja/3.13/tutorial/introduction.html,35,33,59,306,64
/ja/3/howto/logging.html,35,39,73,96,54
/ja/3.13/,34,51,13,8,70
/ja/3/library/queue.html,34,38,72,49,47
/ja/3.13/library/functions.html,33,34,96,21,29
/ja/3/library/logging.handlers.html,33,30,86,29,22
/ja/3/library/mmap.html,33,35,94,7,38
/ja/3/using/cmdline.html,33,29,90,106,30
/ja/3/library/asyncio-task.html,32,29,75,50,34
/ja/3/reference/compound_stmts.html,32,29,85,28,39
/ja/3/library/asyncio.html,30,28,67,25,70
/ja/3.14/tutorial/index.html,29,36,0,37,56
/ja/3/library/tempfile.html,29,32,81,43,42
/ja/3/reference/lexical_analysis.html,29,29,80,22,54
/ja/3/tutorial/stdlib2.html,29,22,25,90,73
/ja/3.14/search.html,28,45,12,39,48
/ja/3/library/functools.html,28,29,88,19,44
/ja/3/library/sys.html,28,23,82,69,36
/ja/3/library/urllib.parse.html,28,32,85,32,33
/ja/3.14/library/index.html,27,41,53,88,43
/ja/3/library/,27,42,52,102,40
/ja/dev/tutorial/index.html,27,29,85,5,45
/ja/3/library/asyncio-eventloop.html,26,22,60,17,34
/ja/3/library/pickle.html,26,25,91,77,30
/ja/3.14/library/stdtypes.html,25,20,88,850,44
/ja/3/library/codecs.html,25,23,83,31,40
/ja/3/library/idle.html,25,26,74,21,25
/ja/3/library/tkinter.ttk.html,25,28,75,113,49
/ja/3/library/unittest.html,25,28,83,51,25
/ja/3.13/library/stdtypes.html,24,25,73,84,48
/ja/3.13/search.html,24,57,17,27,60
/ja/3/library/collections.html,24,23,92,23,33
/ja/3/tutorial/floatingpoint.html,24,26,70,50,69
/ja/3/using/windows.html,24,23,76,24,26
/ja/3.13/tutorial/appetite.html,23,20,29,26,88
/ja/3.13/tutorial/modules.html,23,22,77,60,55
