name,version,visitors
Windows,10,378
Android,14,95
Mac,10.15,88
Android,10,81
Android,13,74
Android,15,52
Android,12,51
HarmonyOS,3.0,48
Android,11,43
HarmonyOS,(not set),34
HarmonyOS,2.2,33
iOS,18.4,31
Android,9,20
GNU/Linux,(not set),10
Android,8.1,9
iOS,18.3,7
HarmonyOS,2.1,5
Windows,7,4
Android,8.0,4
iOS,15.8,3
iOS,16.3,3
iOS,16.7,3
Android,7.1,3
Windows,(not set),2
iOS,10.3,2
iOS,12.5,2
iOS,15.5,2
iOS,15.6,2
iOS,16.0,2
iOS,16.2,2
iOS,17.6,2
iPadOS,17.6,2
iOS,18.5,2
Ubuntu,(not set),1
iOS,13.7,1
iPadOS,15.8,1
iOS,16.1,1
iOS,16.6,1
iOS,17.1,1
iOS,17.2,1
iOS,17.5,1
iOS,18.1,1
iOS,18.2,1
Windows,8.1,1
iOS,9.0,1
