name,visitors
Tokyo,536
Singapore,144
Osaka,100
Shanghai,94
Beijing,92
Ho Chi Minh City,86
Shenzhen,79
Hanoi,71
Los Angeles,71
Ashburn,64
Hong Kong,62
Kyiv,61
Paris,60
New York City,51
Hyderabad,50
Zhengzhou,48
Guangzhou,47
Moscow,42
Mumbai,42
Atlanta,42
Denver,42
Warsaw,41
Chennai,39
Chicago,39
Bengaluru,37
Madrid,37
Yokohama,35
Taipei,33
São Paulo,31
Hangzhou,30
Pune,28
New Delhi,26
Nagoya,26
Chengdu,25
London,25
Dnipro,24
Xi’an,24
Seoul,24
Frankfurt am Main,24
Wuhan,23
Changsha,23
Saint Petersburg,22
Lviv,22
Suzhou,22
N/A,22
Delhi,21
Sapporo,20
Lima,20
Toronto,20
N/A,19
Amsterdam,18
Munich,18
Barcelona,18
Milan,18
Nairobi,17
Kharkiv,17
Nanjing,17
Sydney,17
Prague,17
Minsk,16
Wuxi,16
Kyoto,16
Zürich,16
Stuttgart,16
Austin,16
San Jose,16
Seattle,16
Vienna,15
Kraków,15
Kathmandu,14
Hefei,14
Changzhou,14
Suwon,14
N/A,14
Kawasaki,14
Berlin,14
N/A,14
Helsinki,13
Kolkata,13
Almaty,13
Qingdao,13
Lisbon,13
Medellín,13
Odessa,12
Shizuoka,12
Rio de Janeiro,12
Benito Juarez,12
Dallas,12
Çankaya,12
Samara,11
Haiphong,11
Chongqing,11
Hiroshima,11
N/A,11
Manchester,11
Oslo,11
Rome,11
Havana,11
Santiago,11
Reston,11
Kuala Lumpur,10
Tianjin,10
Ningbo,10
Dalian,10
N/A,10
Lagos,10
Valencia,10
Stockholm,10
Toulouse,10
Wrocław,10
Miami,10
N/A,10
Tel Aviv,9
Nizhniy Novgorod,9
Huế,9
Taichung,9
N/A,9
Fukuoka,9
Casablanca,9
Brussels,9
Bogotá,9
Colorado Springs,9
N/A,9
Jeddah,8
Addis Ababa,8
Bucharest,8
Vinnytsya,8
Rivne,8
Ahmedabad,8
Novosibirsk,8
Da Nang,8
Bangkok,8
Jakarta,8
Kunming,8
Goyang-si,8
N/A,8
Kashiwa,8
Kanazawa,8
Hachiōji,8
Seongnam-si,8
Accra,8
Köln,8
Mexico City,8
Boston,8
Vancouver,8
N/A,8
Athens,7
Dubai,7
Ankara,7
Baku,7
Dhaka,7
Dehra Dūn,7
Barnaul,7
Phú Thọ,7
Kaohsiung,7
Perth,7
Ryūgasaki,7
Dublin,7
Marseille,7
N/A,7
La Paz,7
Boardman,7
N/A,7
N/A,7
Dar es Salaam,6
Ufa,6
Tbilisi,6
Ternopil,6
Poltava,6
Istanbul,6
Kanpur,6
Tashkent,6
Tainan,6
Zhenjiang,6
Quanzhou,6
Lanzhou,6
Jinan,6
Jiangmen,6
Dongguan,6
N/A,6
Busan,6
Tokorozawa,6
Okayama,6
Kobe,6
Shenyang,6
Auckland,6
Villeurbanne,6
Gdańsk,6
Fortaleza,6
Ribeirão Preto,6
Belo Horizonte,6
Santo Domingo,6
San Salvador,6
Managua,6
San José,6
Guayaquil,6
Cali,6
San Francisco,6
Portland,6
Montréal,6
N/A,6
N/A,6
Ichikawa-minami,6
Kuwait City,5
Riga,5
Sumy,5
Kamyanske,5
Cherkasy,5
Bila Tserkva,5
Johannesburg,5
Colombo,5
Patna,5
Ludhiāna,5
Indore,5
Quảng Ngãi,5
Yangzhou,5
Xiamen,5
Wenzhou,5
Jiaxing,5
N/A,5
N/A,5
N/A,5
Incheon,5
Ueda,5
N/A,5
Matsumoto,5
Maebashi,5
Kawaguchi,5
N/A,5
Changchun,5
Sendai,5
Luanda,5
Cotonou,5
Tunis,5
Lausanne,5
Genève,5
Hamburg,5
Falkenstein,5
Lyon,5
Łódź,5
Turin,5
Zagreb,5
Campina Grande,5
Contagem,5
Puebla,5
Caracas,5
Charlotte,5
Houston,5
Orem,5
Edmonton,5
Ottawa,5
N/A,5
N/A,5
N/A,5
Subang Jaya,5
N/A,5
N/A,5
N/A,5
N/A,5
Mamak,4
Cairo,4
Volgograd,4
Perm,4
Turku,4
Tampere,4
Zaporizhzhya,4
Kolomyya,4
Khmelnytskyy,4
Sofia,4
Belgrade,4
Harare,4
Lahore,4
Karachi,4
Vijayawada,4
Vadodara,4
Thrissur,4
Salem,4
Ranchi,4
Lucknow,4
Jaipur,4
Ghāziābād,4
Cochin,4
Bhopāl,4
Agra,4
Krasnoyarsk,4
Bishkek,4
Pleiku,4
Điện Bàn,4
Cần Thơ,4
Makassar,4
Hsinchu,4
Makati City,4
Dongyang,4
Taiyuan,4
Shijiazhuang,4
Huizhou,4
Guiyang,4
Fuzhou,4
Tsuen Wan,4
Hwaseong-si,4
