name,visitors
Tokyo,424
Beijing,213
Shanghai,200
Bengaluru,196
Hyderabad,175
Taipei,171
Guangzhou,145
Chennai,129
Chengdu,127
Singapore,116
Lima,111
Kyiv,110
São Paulo,108
Shenzhen,103
Hong Kong,103
N/A,94
Hangzhou,92
Xi’an,89
Mumbai,85
Pune,82
Bogotá,79
Osaka,77
Nairobi,76
Tianjin,75
Nanjing,72
New Delhi,70
Los Angeles,70
Santiago,69
Yokohama,65
Kolkata,64
Changsha,63
Istanbul,62
Zhengzhou,62
Kaohsiung,61
Sydney,60
Jakarta,59
Seoul,59
Cairo,58
Taichung,58
Moscow,56
Paris,56
Madrid,56
Ho Chi Minh City,55
Wuhan,52
Tashkent,51
Hanoi,51
Rio de Janeiro,50
Lahore,48
Qingdao,47
Warsaw,46
Riyadh,45
Colombo,44
Taoyuan,43
San Jose,43
Suzhou,42
Lviv,41
Delhi,40
Bangkok,40
Barcelona,40
Liaocheng,38
Hsinchu,37
Nanning,37
N/A,37
Curitiba,37
Dubai,36
Patna,36
Kathmandu,36
Shijiazhuang,36
Nagoya,36
Tel Aviv,35
Saint Petersburg,35
Kyoto,35
N/A,35
Jaipur,33
Coimbatore,33
Jinan,33
Lagos,33
Dnipro,32
Chongqing,32
Frankfurt am Main,32
Brasília,32
Medellín,32
Addis Ababa,30
Hefei,30
Wuhu,29
Recife,29
Seattle,29
Lucknow,28
Wuxi,28
N/A,28
Chicago,28
New York City,27
Chandīgarh,26
Nanchang,26
Kunming,26
Amsterdam,26
Porto Alegre,26
San Salvador,26
Tainan,25
Auckland,25
Guayaquil,25
Bhopāl,24
Kuala Lumpur,24
Xiamen,24
Phnom Penh,24
Seongnam-si,24
Melbourne,24
Berlin,24
San José,24
Kigali,23
Johannesburg,23
Salem,23
Ahmedabad,23
Taiyuan,23
Ningbo,23
Shenyang,23
Harbin,23
Accra,23
Bhubaneshwar,22
Dongguan,22
Sapporo,22
Milan,22
Guatemala City,21
Guadalajara,21
N/A,21
Bandung,20
Shaoxing,20
Kawasaki,20
Casablanca,20
Munich,20
Caracas,20
Quito,20
Cochin,19
Fuzhou,19
Brisbane,19
Abuja,19
Niamey,19
Jeddah,18
Kinshasa,18
Brussels,18
Houston,18
Toronto,18
N/A,18
İzmir,17
Baku,17
Bucharest,17
Dehra Dūn,17
N/A,17
Suwon,17
Goyang-si,17
Incheon,17
Zürich,17
Vienna,17
Montevideo,17
Atlanta,17
Phoenix,17
N/A,17
Athens,16
Ankara,16
Karachi,16
Thrissur,16
Agra,16
Chang-hua,16
Quezon City,16
Jiaxing,16
Machida,16
Rome,16
Campinas,16
Dhaka,15
Surat,15
Xiaogan,15
Ikoma,15
Changchun,15
Marseille,15
Belo Horizonte,15
Mexico City,15
Concepción,15
Tehran,14
Belgrade,14
Vijayawada,14
Yekaterinburg,14
Guiyang,14
Baiyin,14
N/A,14
Hwaseong-si,14
Fukuoka,14
N/A,14
Stockholm,14
Dublin,14
Lyon,14
Prague,14
Gustavo Adolfo Madero,14
Cali,14
Calgary,14
Dar es Salaam,13
Helsinki,13
Nagpur,13
Novosibirsk,13
Weifang,13
Dalian,13
Cheonan,13
Toyama,13
Budapest,13
Manaus,13
Barranquilla,13
La Paz,13
Amman,12
Doha,12
Krasnodar,12
Kharkiv,12
Bursa,12
Ranchi,12
Chelyabinsk,12
Nanyang,12
Lanzhou,12
Changzhou,12
Wan Chai,12
Hiroshima,12
N/A,12
Chiba,12
Abidjan,12
Ibadan,12
Tunis,12
London,12
Wrocław,12
Cape Town,12
Maceió,12
Buenos Aires,12
Salvador,12
Miami,12
Philadelphia,12
Las Vegas,12
Montréal,12
Noida,12
Sanaa,11
Giza,11
Alexandria,11
Odessa,11
Madurai,11
Gurgaon,11
Petaling Jaya,11
Quanzhou,11
Asan,11
Koshigaya,11
Hamamatsu,11
Lisbon,11
Port Harcourt,11
Köln,11
Bratislava,11
Brno,11
Blumenau,11
Santo Domingo,11
Bucaramanga,11
Córdoba,11
Orlando,11
Dallas,11
San Francisco,11
Santo Domingo Este,11
Kampala,10
Samara,10
Vyshneve,10
Vinnytsya,10
Sofia,10
Visakhapatnam,10
Vadodara,10
Jamshedpur,10
Guwahati,10
Jining,10
Yiwu,10
Bucheon-si,10
Suita,10
Kawaguchi,10
Dakar,10
Málaga,10
Naaldwijk,10
Toulouse,10
Tigre,10
Puebla,10
Tegucigalpa,10
Barquisimeto,10
Benito Juarez,10
Monterrey,10
San Diego,10
N/A,10
N/A,10
Dammam,9
Rishon LeẔiyyon,9
Minsk,9
Zaporizhzhya,9
Raipur,9
Nantou,9
Zhubei,9
Pingdingshan,9
Linyi,9
Macau,9
N/A,9
Busan,9
Ōtsu,9
Hachiōji,9
Conakry,9
