property,value,visitors,events,percentage
url,(none),3787,6285,99.7
url,https://www.python.org/,48,50,1.3
url,https://github.com/python/cpython/tree/3.13/Lib/idlelib/,8,8,0.2
url,https://docs.python.org/fr/3.13/archives/python-3.13-docs-pdf-a4.zip,5,6,0.1
url,https://wiki.python.org/moin/BeginnersGuide,5,5,0.1
url,https://pypi.org/,3,3,0.1
url,https://www.tkdocs.com/,3,3,0.1
url,https://github.com/python/cpython/tree/3.13/Lib/pickle.py,2,2,0.1
url,https://github.com/python/cpython/tree/3.13/Lib/turtle.py,2,2,0.1
url,https://www.python.org/downloads/macos/,2,2,0.1
url,https://www.python.org/downloads/windows/,2,2,0.1
url,http://www.java2s.com/Tutorial/Cpp/0380__set-multiset/Catalog0380__set-multiset.htm,1,1,0.0
url,https://apps.microsoft.com/detail/9NQ7512CXL7T,1,1,0.0
url,https://devguide.python.org/,1,1,0.0
url,https://docs.python.org/fr/3.13/archives/python-3.13-docs-html.zip,1,1,0.0
url,https://docs.python.org/fr/3.13/archives/python-3.13-docs-pdf-a4.tar.bz2,1,1,0.0
url,https://docs.python.org/fr/3/archives/python-3.13-docs-html.zip,1,1,0.0
url,https://docs.python.org/fr/3/archives/python-3.13-docs-pdf-a4.zip,1,1,0.0
url,https://fr.wikipedia.org/wiki/Multiensemble,1,1,0.0
url,https://github.com/python/cpython/blob/main/Doc/tutorial/introduction.rst?plain=1,1,1,0.0
url,https://github.com/python/cpython/tree/3.13/Lib/calendar.py,1,1,0.0
url,https://github.com/python/cpython/tree/3.13/Lib/collections/__init__.py,1,1,0.0
url,https://github.com/python/cpython/tree/3.13/Lib/json/__init__.py,1,1,0.0
url,https://github.com/python/cpython/tree/3.13/Lib/random.py,1,2,0.0
url,https://github.com/python/cpython/tree/3.13/Lib/secrets.py,1,1,0.0
url,https://github.com/python/cpython/tree/3.13/Lib/sqlite3/,1,1,0.0
url,https://github.com/python/cpython/tree/3.13/Lib/string.py,1,1,0.0
url,https://learning-python.com/about-pp4e.html,1,1,0.0
url,https://mathworld.wolfram.com/BinomialDistribution.html,1,1,0.0
url,https://packaging.python.org/,1,1,0.0
url,https://packaging.python.org/en/latest/tutorials/packaging-projects/,1,1,0.0
url,https://packaging.python.org/extensions/,1,1,0.0
url,https://packaging.python.org/installing/#creating-virtual-environments,1,1,0.0
url,https://packaging.python.org/installing/#requirements-for-installing-packages,1,1,0.0
url,https://packaging.python.org/science/,1,1,0.0
url,https://peps.python.org/pep-0302/,1,1,0.0
url,https://peps.python.org/pep-0636/,1,1,0.0
url,https://peps.python.org/pep-3141/,1,1,0.0
url,https://tiswww.case.edu/php/chet/readline/rltop.html,1,1,0.0
url,https://wiki.python.org/moin/IntegratedDevelopmentEnvironments,1,1,0.0
url,https://wiki.python.org/moin/PythonBooks,1,1,0.0
url,https://www.anaconda.com/download/,1,1,0.0
url,https://www.cwi.nl/,1,1,0.0
url,https://www.debian.org/doc/manuals/maint-guide/first.fr.html,1,1,0.0
url,https://www.joelonsoftware.com/2003/10/08/the-absolute-minimum-every-software-developer-absolutely-positively-must-know-about-unicode-and-character-sets-no-excuses/,1,1,0.0
url,https://www.python.org/doc/versions/,1,1,0.0
url,https://www.python.org/downloads/,1,1,0.0
url,https://www.unicode.org/Public/15.0.0/ucd,1,1,0.0
url,https://www.unicode.org/Public/15.0.0/ucd/NameAliases.txt,1,1,0.0
url,https://www.unicode.org/Public/15.0.0/ucd/NamedSequences.txt,1,1,0.0
url,https://www.unicode.org/reports/tr44/,1,1,0.0
url,https://www.youtube.com/watch?v=MijmeoH9LT4,1,1,0.0
