name,unique_entrances,total_entrances,visit_duration
/fr/3/tutorial/,408,419,146
/fr/3/tutorial/datastructures.html,159,167,131
/fr/3.13/library/turtle.html,95,99,161
/3/,93,93,399
/fr/3/library/random.html,85,100,685
/fr/3/,75,83,290
/fr/3/howto/sorting.html,71,75,26
/fr/3/library/functions.html,70,75,258
/fr/3.13/tutorial/classes.html,63,63,180
/fr/3/library/datetime.html,61,63,96
/fr/3/tutorial/introduction.html,57,62,469
/fr/3/library/turtle.html,55,57,262
/fr/3/library/json.html,50,52,28
/fr/3/library/math.html,48,50,110
/fr/3/tutorial/interpreter.html,47,47,70
/fr/3/tutorial/inputoutput.html,46,48,170
/fr/3/tutorial/controlflow.html,45,48,32
/fr/dev/installing/index.html,45,46,162
/fr/3.13/library/tkinter.html,44,45,6
/fr/3/howto/regex.html,44,45,1
/fr/3/tutorial/appetite.html,42,43,195
/fr/3.13/library/csv.html,38,38,77
/fr/3.13/library/stdtypes.html,38,40,48
/3/library/math.html,37,37,1604
/fr/3.13/genindex-Symboles.html,37,37,5
/fr/3.13/tutorial/index.html,36,39,265
/fr/3.13/library/random.html,34,34,64
/fr/3/search.html,34,34,197
/fr/3/library/__main__.html,33,33,49
/fr/3/library/enum.html,31,31,280
/fr/3/tutorial/venv.html,31,32,19
/fr/3.13/library/idle.html,29,29,82
/fr/3.13/tutorial/errors.html,29,29,159
/fr/3/tutorial/index.html,29,29,193
/fr/3.13/search.html,28,31,115
/fr/3/library/string.html,28,28,109
/fr/3/using/windows.html,28,29,137
/fr/3.13/,27,27,235
/fr/3.13/tutorial/introduction.html,27,27,116
/fr/3/library/stdtypes.html,26,26,689
/fr/3.13/reference/import.html,25,25,4
/fr/3/tutorial/errors.html,24,24,153
/fr/3/howto/sockets.html,23,23,35
/fr/3/tutorial/classes.html,23,23,302
/fr/3/installing/index.html,21,23,37
/fr/3/library/csv.html,21,21,14
/fr/3.13/library/math.html,20,20,1248
/fr/3/howto/unicode.html,20,21,178
/3/library/functions.html,19,19,2443
/3/library/random.html,19,19,536
/3/library/stdtypes.html,17,17,1586
/fr/3.13/tutorial/controlflow.html,17,18,176
/fr/3.13/tutorial/modules.html,17,17,47
/fr/3/library/sys.html,17,17,18
/fr/3/using/cmdline.html,17,17,76
/3/library/turtle.html,16,16,783
/fr/3.13/library/statistics.html,16,16,9
/fr/3.13/library/time.html,16,17,4
/3.13/tutorial/index.html,15,15,451
/fr/3.13/library/timeit.html,15,15,0
/fr/3/library/index.html,15,15,197
/fr/3/library/queue.html,15,16,80
/fr/3.13/library/os.html,14,14,4
/fr/3/library/collections.html,14,15,378
/fr/3.13/library/string.html,13,13,240
/fr/3/library/base64.html,13,13,408
/fr/3/library/time.html,13,13,659
/3/library/index.html,12,12,1372
/3/tutorial/datastructures.html,12,12,800
/fr/3.12/library/stdtypes.html,12,12,52
/fr/3.13/reference/datamodel.html,12,12,38
/fr/3/reference/datamodel.html,12,12,208
/3/library/argparse.html,11,11,580
/3/tutorial/index.html,11,11,194
/fr/3.13/library/collections.html,11,11,255
/fr/3.13/library/functions.html,11,13,302
/fr/3.13/library/operator.html,11,11,78
/fr/3.13/tutorial/appetite.html,11,11,657
/fr/3.13/using/windows.html,11,11,108
/fr/3/library/exceptions.html,11,12,19
/fr/3/library/glob.html,11,11,120
/fr/3/library/tkinter.html,11,12,134
/fr/dev/reference/compound_stmts.html,11,11,558
/3/library/pathlib.html,10,10,210
/fr/3.13/library/pathlib.html,10,10,0
/fr/3/howto/logging.html,10,11,6
/3/reference/simple_stmts.html,9,9,2338
/fr/3.13/library/numeric.html,9,9,538
/fr/3.13/tutorial/datastructures.html,9,9,67
/fr/3/library/fractions.html,9,9,3
/fr/3/library/idle.html,9,9,296
/fr/3/using/mac.html,9,9,207
/fr/dev/tutorial/datastructures.html,9,9,189
/3.13/using/windows.html,8,8,64
/3/library/datetime.html,8,8,1716
/3/library/idle.html,8,8,275
/3/library/tkinter.html,8,8,833
/3/library/venv.html,8,8,1555
/3/tutorial/classes.html,8,8,640
/fr/3.13/library/asyncio-task.html,8,8,0
/fr/3.13/library/subprocess.html,8,8,1362
/fr/3.13/library/tkinter.ttk.html,8,8,0
/fr/3.13/reference/simple_stmts.html,8,8,360
/fr/3/index.html,8,8,112
/fr/3/reference/import.html,8,9,147
/3/download.html,7,7,285
/3/library/socket.html,7,7,438
/3/library/time.html,7,7,1419
/fr/3.13/faq/windows.html,7,7,0
/fr/3.13/library/copy.html,7,7,239
/fr/3.13/library/fnmatch.html,7,10,530
/fr/3.13/reference/expressions.html,7,7,125
/fr/3.13/using/unix.html,7,7,223
/fr/3.13/whatsnew/3.13.html,7,7,94
/fr/3/howto/argparse.html,7,7,1
/fr/3/library/decimal.html,7,7,129
/fr/3/library/filesys.html,7,7,324
/fr/3/reference/lexical_analysis.html,7,7,1
/3/library/pickle.html,6,6,1080
/fr/3.13/library/abc.html,6,6,32
/fr/3.13/library/pprint.html,6,6,4
/fr/3/library/asyncio.html,6,7,0
/fr/3/library/urllib.html,6,6,3
/fr/3/library/zipfile.html,6,6,276
/fr/3/py-modindex.html,6,6,8
/fr/3/tutorial/modules.html,6,6,384
/3.13/,5,5,179
/3.13/index.html,5,6,233
/3.13/search.html,5,5,375
/3/glossary.html,5,5,3840
/3/howto/sorting.html,5,5,1983
/3/installing/index.html,5,5,302
/3/library/csv.html,5,5,60
/3/library/tk.html,5,5,383
/3/search.html,5,5,1139
/fr/3.13/library/index.html,5,5,1
/fr/3.13/library/multiprocessing.html,5,5,176
/fr/3.13/library/sys.html,5,5,56
/fr/3.13/library/unittest.html,5,6,113
/fr/3/howto/functional.html,5,5,11
/fr/3/library/os.html,5,5,0
/fr/3/library/tk.html,5,5,49
/fr/3/library/venv.html,5,5,0
/fr/3/using/unix.html,5,5,133
/fr/dev/library/xml.etree.elementtree.html,5,6,89
/3.13/tutorial/,4,4,180
/3.13/tutorial/appetite.html,4,4,90
/3/library/glob.html,4,4,2051
/3/library/logging.html,4,4,2630
/3/library/re.html,4,4,1815
/3/reference/datamodel.html,4,4,1022
/3/tutorial/errors.html,4,4,1631
/fr/3.13/glossary.html,4,4,1196
/fr/3.13/library/ast.html,4,4,0
/fr/3.13/library/crypto.html,4,4,16
/fr/3.13/library/doctest.html,4,5,36
/fr/3.13/library/hashlib.html,4,4,0
/fr/3.13/library/pickle.html,4,4,0
/fr/3.13/library/xml.html,4,4,92
/fr/3.13/reference/compound_stmts.html,4,4,42
/fr/3.13/reference/index.html,4,4,146
/fr/3.13/tutorial/,4,4,31
/fr/3.13/tutorial/interpreter.html,4,4,0
/fr/3/library/copy.html,4,4,0
/fr/3/library/hashlib.html,4,4,825
/fr/3/library/pathlib.html,4,4,565
/fr/3/library/pickle.html,4,5,6
/fr/3/library/pydoc.html,4,4,238
/fr/3/library/statistics.html,4,4,923
/fr/3/tutorial/stdlib.html,4,4,830
/3.15/,3,3,793
/3/contents.html,3,3,759
/3/library/collections.html,3,3,233
/3/library/configparser.html,3,3,1207
/3/library/fnmatch.html,3,3,602
/3/library/json.html,3,3,235
/3/library/sys.html,3,3,1873
/3/library/threading.html,3,3,2388
/3/library/unittest.mock.html,3,3,1362
/3/library/wave.html,3,3,1875
/3/tutorial/inputoutput.html,3,3,5
/3/tutorial/introduction.html,3,3,80
/3/tutorial/modules.html,3,3,1149
/fr/3.12/tutorial/appetite.html,3,3,456
/fr/3.13/contents.html,3,3,16
/fr/3.13/howto/enum.html,3,3,264
/fr/3.13/index.html,3,3,21
/fr/3.13/library/calendar.html,3,3,0
/fr/3.13/library/cmath.html,3,3,284
/fr/3.13/library/cmd.html,3,3,0
/fr/3.13/library/getpass.html,3,3,0
/fr/3.13/library/re.html,3,3,0
/fr/3.13/library/struct.html,3,3,70
/fr/3.13/library/tkinter.font.html,3,3,0
/fr/3.13/library/xml.etree.elementtree.html,3,3,287
/fr/3.13/tutorial/inputoutput.html,3,3,1364
/fr/3.13/using/index.html,3,3,0
/fr/3/contents.html,3,3,5
/fr/3/glossary.html,3,5,77
/fr/3/library/asyncio-task.html,3,3,0
/fr/3/library/contextvars.html,3,3,0
/fr/3/library/ctypes.html,3,3,0
/fr/3/library/dbm.html,3,3,0
/fr/3/library/email.examples.html,3,3,0
/fr/3/library/fileinput.html,3,3,390
/fr/3/library/multiprocessing.html,3,3,109
/fr/3/library/operator.html,3,3,171
/fr/3/library/unicodedata.html,3,3,1
/fr/3/reference/index.html,3,3,15
/fr/3/tutorial/appendix.html,3,3,30
/fr/3/tutorial/floatingpoint.html,3,3,7
/fr/3/tutorial/stdlib2.html,3,3,20
/fr/3/using/editors.html,3,3,0
/fr/dev/howto/unicode.html,3,3,0
/fr/dev/library/math.html,3,3,0
/fr/dev/library/pickle.html,3,3,0
/3.14/tutorial/,2,2,498
/3.14/whatsnew/3.14.html,2,2,5
/3/library/,2,2,422
/3/library/asyncio-task.html,2,2,359
/3/library/contextlib.html,2,2,758
/3/library/copy.html,2,2,35
/3/library/doctest.html,2,2,3
/3/library/enum.html,2,2,6
/3/library/exceptions.html,2,2,128
/3/library/intro.html,2,2,2728
/3/library/itertools.html,2,2,3406
/3/library/multiprocessing.html,2,2,3471
/3/library/multiprocessing.shared_memory.html,2,2,3094
/3/library/os.html,2,2,0
/3/library/os.path.html,2,2,1818
/3/library/pdb.html,2,2,2050
/3/library/smtplib.html,2,2,1285
/3/library/sqlite3.html,2,2,446
/3/library/subprocess.html,2,2,2742
/3/library/tkinter.messagebox.html,2,2,514
/3/library/unicodedata.html,2,2,50
/3/library/xmlrpc.client.html,2,2,324
/3/reference/index.html,2,2,758
/3/tutorial/,2,2,180
/3/using/cmdline.html,2,2,13
/3/using/windows.html,2,2,2848
/3/whatsnew/3.13.html,2,2,12
/dev/using/windows.html,2,2,50
/fr/3.12/library/unicodedata.html,2,2,50
/fr/3.12/using/unix.html,2,2,0
/fr/3.13/c-api/cell.html,2,2,0
/fr/3.13/deprecations/index.html,2,2,0
/fr/3.13/faq/programming.html,2,2,0
/fr/3.13/howto/ipaddress.html,2,2,6
/fr/3.13/library/asyncio-stream.html,2,2,0
/fr/3.13/library/asyncio.html,2,2,40
/fr/3.13/library/binascii.html,2,3,0
/fr/3.13/library/dialog.html,2,2,86
/fr/3.13/library/heapq.html,2,2,792
/fr/3.13/library/http.client.html,2,2,0
/fr/3.13/library/io.html,2,2,2
/fr/3.13/library/ipaddress.html,2,2,0
/fr/3.13/library/numbers.html,2,2,0
/fr/3.13/library/optparse.html,2,2,0
/fr/3.13/library/py_compile.html,2,2,0
/fr/3.13/library/socketserver.html,2,2,15
/fr/3.13/library/tkinter.messagebox.html,2,2,1366
/fr/3.13/library/wave.html,2,2,5
/fr/3.13/py-modindex.html,2,2,3
/fr/3.13/reference/lexical_analysis.html,2,2,0
/fr/3.14/tutorial/,2,2,291
/fr/3/extending/embedding.html,2,2,0
/fr/3/faq/gui.html,2,2,354
/fr/3/faq/library.html,2,2,421
/fr/3/faq/windows.html,2,2,0
/fr/3/howto/annotations.html,2,2,2
/fr/3/library/abc.html,2,2,0
/fr/3/library/constants.html,2,2,26
/fr/3/library/inspect.html,2,2,0
/fr/3/library/logging.html,2,2,0
/fr/3/library/markup.html,2,2,0
/fr/3/library/re.html,2,2,1075
/fr/3/library/subprocess.html,2,2,304
/fr/3/library/termios.html,2,2,0
/fr/3/library/threading.html,2,2,0
/fr/3/library/unittest.mock.html,2,2,0
/fr/3/library/xml.etree.elementtree.html,2,2,0
/fr/3/library/zlib.html,2,3,0
/fr/3/reference/,2,2,44
/fr/3/reference/compound_stmts.html,2,2,194
/fr/3/reference/expressions.html,2,2,0
/fr/3/reference/simple_stmts.html,2,5,1
/fr/3/whatsnew/3.10.html,2,2,0
/fr/3/whatsnew/3.12.html,2,2,0
/fr/3/whatsnew/3.13.html,2,2,52
/fr/3/whatsnew/changelog.html,2,2,20
/fr/3/whatsnew/index.html,2,2,10
/fr/dev/extending/newtypes_tutorial.html,2,2,568
/fr/dev/howto/regex.html,2,2,1374
/fr/dev/library/datetime.html,2,2,2
/fr/dev/library/functions.html,2,2,0
/fr/dev/reference/datamodel.html,2,2,82
/3.12/library/collections.html,1,1,3037
/3.12/library/stdtypes.html,1,1,3529
