name,version,visitors
Chrome,142.0,3887
Microsoft Edge,142.0,2651
Firefox,145.0,507
Opera,124.0,399
Chrome,132.0,171
Yandex Browser,25.10,170
Safari,26.1,155
Chrome,141.0,136
Smart Lenovo Browser,9.0,121
Safari,18.6,103
Sogou Explorer,2,72
360 Secure Browser,(not set),68
Firefox,5.0,64
Chrome,111.0,63
Chrome,69.0,62
Quark,(not set),58
Mobile App,(not set),58
Microsoft Edge,141.0,57
Chrome,109.0,55
Chrome,140.0,51
Chrome,122.0,50
Chrome,117.0,44
Firefox,140.0,38
Chrome,139.0,37
Chrome,138.0,35
Chrome,126.0,30
Chrome,135.0,23
Microsoft Edge,139.0,23
Microsoft Edge,140.0,22
Microsoft Edge,143.0,22
Safari,18.5,21
Microsoft Edge,138.0,20
Avast Secure Browser,142.0,20
Microsoft Edge,92.0,20
Firefox,143.0,19
Chrome,143.0,19
Chrome,86.0,19
Safari,18.7,18
Chrome,128.0,17
Safari,16.6,17
Microsoft Edge,122.0,16
Opera,123.0,15
Chrome,125.0,15
Chrome,137.0,15
Safari,17.6,15
Chrome,114.0,14
Chrome,131.0,14
Safari,26.0,14
Samsung Browser,29.0,14
Chrome,136.0,13
QQ Browser,19.8,13
Yandex Browser,25.8,13
Mobile App,142.0,12
Firefox,144.0,12
Microsoft Edge,131.0,11
Safari,15.6,11
Microsoft Edge,134.0,10
Microsoft Edge,18.17763,10
Mobile App,97.0,10
Chrome,103.0,9
Chrome,120.0,9
Firefox,141.0,9
Firefox,146.0,9
Safari,26.2,9
Firefox,115.0,8
Chrome,130.0,8
Chrome,134.0,8
Microsoft Edge,135.0,8
Microsoft Edge,100.0,7
Microsoft Edge,109.0,7
AVG Secure Browser,142.0,7
Chrome,116.0,6
Firefox,136.0,6
Microsoft Edge,137.0,6
Safari,18.1,6
Safari,18.4,6
MIUI Browser,20.7,6
Whale Browser,4.34,6
QQ Browser,6.2,6
Opera,120.0,5
Microsoft Edge,136.0,5
Samsung Browser,28.0,5
Safari,(not set),4
Quark,10.1,4
Chrome,108.0,4
Chrome,121.0,4
Chrome,124.0,4
Chrome,127.0,4
Microsoft Edge,128.0,4
Microsoft Edge,129.0,4
Mobile App,131.0,4
Microsoft Edge,133.0,4
Firefox,139.0,4
Safari,14.1,4
Safari,17.4,4
MIUI Browser,19.8,4
Huawei Browser Mobile,5.1,4
Chrome,83.0,4
Chrome,99.0,4
Brave,(not set),3
Safari,10.0,3
Chrome,112.0,3
Microsoft Edge,120.0,3
Chrome,123.0,3
Microsoft Edge,124.0,3
Firefox,127.0,3
Chrome,129.0,3
Microsoft Edge,130.0,3
Microsoft Edge,132.0,3
Firefox,133.0,3
Avast Secure Browser,141.0,3
Avira Secure Browser,142.0,3
Huawei Browser Mobile,16.0,3
Safari,18.0,3
Safari,18.3,3
MIUI Browser,20.6,3
Yandex Browser,24.10,3
Yandex Browser,25.105,3
Chrome,87.0,3
Firefox,91.0,3
Chrome,91.0,3
Chrome,94.0,3
(not set),(not set),2
Android Browser,(not set),2
Quark,10.0,2
Mobile App,101.0,2
Chrome,101.0,2
Chrome,105.0,2
Firefox,109.0,2
QQ Browser,11.1,2
Opera,112.0,2
Microsoft Edge,113.0,2
Microsoft Edge,114.0,2
Mobile App,116.0,2
Microsoft Edge,118.0,2
Chrome,118.0,2
Huawei Browser,12.1,2
Opera,122.0,2
Microsoft Edge,125.0,2
Firefox,128.0,2
Chrome,133.0,2
Mobile App,134.0,2
Mobile App,137.0,2
Firefox,138.0,2
Safari,14.0,2
CCleaner,142.0,2
Chrome,144.0,2
Huawei Browser Mobile,15.0,2
Samsung Browser,17.0,2
Safari,17.1,2
Safari,17.2,2
Safari,17.3,2
Microsoft Edge,18.18363,2
Safari,18.2,2
QQ Browser,19.4,2
MIUI Browser,20.0,2
Samsung Browser,25.0,2
Samsung Browser,27.0,2
vivo Browser,27.1,2
Samsung Browser,29.1,2
Sleipnir,4.8,2
Chrome,48.0,2
Opera Touch,6.1,2
QtWebEngine,6.9,2
Mobile App,61.0,2
Chrome,78.0,2
Microsoft Edge,84.0,2
Opera,90.0,2
Opera,95.0,2
Chrome,95.0,2
Opera,96.1,2
Chrome,100.0,1
Opera,101.0,1
Microsoft Edge,103.0,1
Microsoft Edge,106.0,1
Microsoft Edge,107.0,1
Chrome,107.0,1
Safari,11.0,1
Microsoft Edge,110.0,1
Microsoft Edge,111.0,1
Chrome,113.0,1
Chrome,119.0,1
Firefox,125.0,1
Microsoft Edge,127.0,1
QQ Browser,13.0,1
QQ Browser,13.2,1
QQ Browser,13.4,1
Firefox,130.0,1
Norton Private Browser,131.0,1
Norton Private Browser,134.0,1
Mobile App,138.0,1
Microsoft Edge,14.14393,1
MIUI Browser,14.2,1
MIUI Browser,14.45,1
MIUI Browser,14.46,1
Norton Private Browser,142.0,1
Firefox,145.1,1
Microsoft Edge,15.15063,1
Safari,15.2,1
Safari,16.0,1
Microsoft Edge,16.16299,1
Safari,16.4,1
Safari,16.5,1
vivo Browser,16.7,1
Safari,17.0,1
Safari,17.14,1
Microsoft Edge,17.17134,1
Safari,17.5,1
QQ Browser,19.6,1
QQ Browser,19.9,1
Yandex Browser,24.1,1
Yandex Browser,25.2,1
Yandex Browser,25.4,1
vivo Browser,26.5,1
vivo Browser,26.7,1
vivo Browser,26.8,1
vivo Browser,26.9,1
vivo Browser,27.0,1
Ghostery Privacy Browser,3.0,1
QtWebEngine,6.8,1
Chromium,66.0,1
Quark,7.16,1
Quark,7.6,1
Chrome,79.0,1
Chrome,85.0,1
Microsoft Edge,89.0,1
Chrome,89.0,1
Chrome,90.0,1
Chrome,92.0,1
Opera,93.0,1
Chrome,93.0,1
Microsoft Edge,94.0,1
Microsoft Edge,96.0,1
Chrome,96.0,1
