name,version,visitors
Chrome,135.0,225
(not set),(not set),94
Microsoft Edge,135.0,57
Firefox,137.0,15
Microsoft Edge,134.0,14
Chrome,134.0,12
Safari,18.3,10
Microsoft Edge,131.0,3
Safari,18.4,3
Firefox,115.0,2
Chrome,121.0,2
Chrome,126.0,2
Chrome,127.0,2
Chrome,128.0,2
Mobile App,(not set),1
Chrome,109.0,1
Chrome,112.0,1
Firefox,113.0,1
Microsoft Edge,122.0,1
Microsoft Edge,125.0,1
Firefox,128.0,1
Microsoft Edge,129.0,1
Chrome,129.0,1
Chrome,130.0,1
Chrome,131.0,1
Microsoft Edge,132.0,1
Chrome,132.0,1
Firefox,133.0,1
Chrome,133.0,1
Firefox,135.0,1
Firefox,136.0,1
Firefox,138.0,1
Safari,17.4,1
Safari,17.5,1
Safari,17.6,1
Safari,18.1,1
Samsung Browser,28.0,1
Firefox,79.0,1
