name,version,visitors
Chrome,138.0,461
Microsoft Edge,138.0,86
Chrome,137.0,50
Safari,18.5,42
Chrome,136.0,35
Firefox,140.0,18
Mobile App,(not set),15
Safari,18.3,11
Chrome,135.0,6
Safari,17.6,6
Chrome,131.0,5
Chrome,133.0,4
MIUI Browser,14.37,4
Safari,18.1,4
Smart Lenovo Browser,9.0,4
Chrome,106.0,3
Chrome,109.0,3
Opera,119.0,3
Chrome,132.0,3
Microsoft Edge,136.0,3
Safari,26.0,3
Microsoft Edge,106.0,2
Chrome,108.0,2
Huawei Browser,12.1,2
Chrome,121.0,2
Chrome,127.0,2
Chrome,128.0,2
Firefox,128.0,2
Chrome,129.0,2
Firefox,139.0,2
Safari,16.6,2
Safari,17.4,2
Safari,18.6,2
MIUI Browser,19.6,2
Samsung Browser,28.0,2
Quark,(not set),1
Microsoft Edge,101.0,1
Chrome,103.0,1
Microsoft Edge,109.0,1
Microsoft Edge,114.0,1
Chrome,114.0,1
Chrome,115.0,1
Microsoft Edge,115.0,1
Mobile App,117.0,1
Microsoft Edge,117.0,1
Chrome,120.0,1
Microsoft Edge,122.0,1
Chrome,124.0,1
Chrome,124.61,1
Chrome,125.0,1
Microsoft Edge,128.0,1
QQ Browser,13.0,1
QQ Browser,13.4,1
QQ Browser,13.6,1
Microsoft Edge,131.0,1
Firefox,134.0,1
Chrome,134.0,1
Microsoft Edge,137.0,1
AVG Secure Browser,137.0,1
Chrome,140.0,1
Firefox,142.0,1
Safari,16.3,1
MIUI Browser,18.6,1
vivo Browser,22.5,1
vivo Browser,25.4,1
115 Browser,27.0,1
SberBrowser,28.0,1
Chrome,86.0,1
