name,visitors,pageviews,bounce_rate,time_on_page,scroll_depth
/tr/3/installing/index.html,23,30,85,951,56
/tr/3/tutorial/index.html,14,25,50,20,47
/tr/3.13/,8,11,0,23,76
/tr/3.13/index.html,6,7,0,14,68
/tr/3.13/search.html,6,8,100,434,53
/tr/3.13/tutorial/interpreter.html,6,8,100,40,90
/tr/3/tutorial/appetite.html,6,6,0,38,88
/tr/3.13/tutorial/,5,5,0,28,52
/tr/3/tutorial/introduction.html,5,7,0,16,25
/tr/3.13/tutorial/index.html,4,4,100,23,100
/tr/3/,4,6,60,5,57
/tr/3/tutorial/errors.html,4,4,100,,35
/tr/3/tutorial/inputoutput.html,4,4,100,,29
/tr/3/tutorial/interpreter.html,4,5,0,61,60
/tr/3.13/library/index.html,3,5,0,15,10
/tr/3.13/tutorial/appetite.html,3,3,0,24,84
/tr/3.13/using/windows.html,3,3,0,,18
/tr/3.13/whatsnew/3.13.html,3,4,0,8,4
/tr/3/library/functions.html,3,3,67,504,21
/tr/3/tutorial/datastructures.html,3,3,100,,38
/tr/3.12/tutorial/index.html,2,2,100,,36
/tr/3.13/library/functions.html,2,2,100,4,2
/tr/3.13/library/idle.html,2,2,0,14,23
/tr/3.13/library/multiprocessing.html,2,4,0,16,1
/tr/3.13/tutorial/controlflow.html,2,2,100,,12
/tr/3.13/tutorial/introduction.html,2,3,100,33,99
/tr/3/faq/gui.html,2,2,100,,78
/tr/3/library/stdtypes.html,2,2,0,608,16
/tr/3.12/download.html,1,2,0,9,60
/tr/3.12/library/,1,1,0,188,100
/tr/3.12/library/array.html,1,1,0,0,13
/tr/3.12/library/binary.html,1,1,0,5,100
/tr/3.12/library/bisect.html,1,1,0,39,13
/tr/3.12/library/cmath.html,1,1,0,3,11
/tr/3.12/library/codecs.html,1,1,0,31,100
/tr/3.12/library/constants.html,1,1,0,2,29
/tr/3.12/library/copy.html,1,1,0,1,31
/tr/3.12/library/datatypes.html,1,1,0,12,100
/tr/3.12/library/datetime.html,1,0,0,,16
/tr/3.12/library/decimal.html,1,1,0,9,2
/tr/3.12/library/difflib.html,1,1,0,3,4
/tr/3.12/library/enum.html,1,1,0,1,3
/tr/3.12/library/exceptions.html,1,1,0,1,3
/tr/3.12/library/fractions.html,1,1,0,5,14
/tr/3.12/library/functions.html,1,1,0,51,73
/tr/3.12/library/graphlib.html,1,1,0,1,15
/tr/3.12/library/index.html,1,1,0,1,7
/tr/3.12/library/intro.html,1,1,0,3,25
/tr/3.12/library/math.html,1,1,0,110,100
/tr/3.12/library/numbers.html,1,1,0,3,15
/tr/3.12/library/numeric.html,1,1,0,1,29
/tr/3.12/library/pprint.html,1,1,0,1,8
/tr/3.12/library/random.html,1,1,0,82,100
/tr/3.12/library/re.html,1,1,0,2,2
/tr/3.12/library/readline.html,1,1,0,13,100
/tr/3.12/library/reprlib.html,1,1,0,1,14
/tr/3.12/library/rlcompleter.html,1,1,0,10,100
/tr/3.12/library/stdtypes.html,1,1,0,0,1
/tr/3.12/library/string.html,1,1,0,1,4
/tr/3.12/library/stringprep.html,1,1,0,6,100
/tr/3.12/library/struct.html,1,1,0,20,100
/tr/3.12/library/text.html,1,1,0,1,35
/tr/3.12/library/textwrap.html,1,1,0,14,100
/tr/3.12/library/types.html,1,1,0,1,7
/tr/3.12/library/unicodedata.html,1,1,0,12,100
/tr/3.12/library/weakref.html,1,1,0,1,6
/tr/3.12/reference/compound_stmts.html,1,1,0,1,2
/tr/3.12/reference/datamodel.html,1,1,0,0,1
/tr/3.12/reference/executionmodel.html,1,1,0,1,9
/tr/3.12/reference/expressions.html,1,1,0,0,2
/tr/3.12/reference/grammar.html,1,1,0,2,4
/tr/3.12/reference/import.html,1,1,0,1,4
/tr/3.12/reference/index.html,1,0,0,,23
/tr/3.12/reference/lexical_analysis.html,1,1,0,3,4
/tr/3.12/reference/simple_stmts.html,1,1,0,1,4
/tr/3.12/reference/toplevel_components.html,1,1,0,0,35
/tr/3.12/tutorial/appetite.html,1,1,100,,51
/tr/3.12/using/editors.html,1,1,0,2,78
/tr/3.12/using/mac.html,1,1,0,1,17
/tr/3.12/using/windows.html,1,1,0,32,
/tr/3.12/whatsnew/2.0.html,1,1,0,4,3
/tr/3.12/whatsnew/2.1.html,1,1,0,2,4
/tr/3.12/whatsnew/2.2.html,1,2,0,2,3
/tr/3.12/whatsnew/2.3.html,1,1,0,1,2
/tr/3.12/whatsnew/2.4.html,1,1,0,1,2
/tr/3.12/whatsnew/2.5.html,1,1,0,1,1
/tr/3.12/whatsnew/2.6.html,1,1,0,1,1
/tr/3.12/whatsnew/2.7.html,1,1,0,1,1
/tr/3.12/whatsnew/3.0.html,1,1,0,1,4
/tr/3.12/whatsnew/3.1.html,1,1,0,1,6
/tr/3.12/whatsnew/3.2.html,1,1,0,0,1
/tr/3.12/whatsnew/3.3.html,1,1,0,1,1
/tr/3.12/whatsnew/3.4.html,1,1,0,2,1
/tr/3.12/whatsnew/3.5.html,1,1,0,,1
/tr/3.13/contents.html,1,3,0,6,1
/tr/3.13/download.html,1,4,0,86,100
/tr/3.13/extending/embedding.html,1,1,0,,32
/tr/3.13/faq/extending.html,1,1,0,581,45
/tr/3.13/faq/general.html,1,1,0,9,88
/tr/3.13/faq/index.html,1,1,0,6,91
