property,value,visitors,events,percentage
url,(none),1817,2808,99.8
url,https://www.python.org/,33,34,1.8
url,https://www.tkdocs.com/,6,7,0.3
url,https://github.com/python/cpython/tree/3.13/Lib/idlelib/,3,3,0.2
url,https://github.com/python/cpython/tree/3.13/Lib/tkinter/__init__.py,3,3,0.2
url,https://docs.python.org/fr/3.13/archives/python-3.13-docs-pdf-a4.zip,2,2,0.1
url,https://manpages.debian.org/bind(3tk),2,3,0.1
url,https://www.tkdocs.com/shipman/,2,2,0.1
url,https://docs.python.org/fr/3.13/archives/python-3.13-docs-html.zip,1,1,0.1
url,https://en.opensuse.org/Portal:Packaging,1,1,0.1
url,https://github.com/python/cpython/blob/main/Doc/tutorial/datastructures.rst?plain=1,1,1,0.1
url,https://github.com/python/cpython/tree/3.13/Lib/base64.py,1,1,0.1
url,https://github.com/python/cpython/tree/3.13/Lib/idlelib,1,1,0.1
url,https://github.com/python/cpython/tree/3.13/Lib/zipfile/,1,1,0.1
url,https://github.com/python/cpython/tree/main/Lib/idlelib/,1,1,0.1
url,https://peps.python.org/pep-0636/,1,2,0.1
url,https://peps.python.org/pep-0745/,1,1,0.1
url,https://tkdocs.com/book.html,1,1,0.1
url,https://wiki.python.org/moin/IntegratedDevelopmentEnvironments,1,1,0.1
url,https://wiki.python.org/moin/PythonEditors,1,1,0.1
url,https://www.py2exe.org/,1,1,0.1
url,https://www.unicode.org/,1,1,0.1
