name,visitors
Taipei,407
New Taipei,216
Taichung,140
Taoyuan,109
Hsinchu County,95
Kaohsiung,77
Hsinchu,45
Tainan,31
Changhua,14
England,7
Yilan,7
Hualien,6
Nantou,6
Yau Tsim Mong Kowloon,5
Bangkok,5
Sha Tin New Territories,4
Chiayi County,4
Pingtung,4
Beijing,3
Eastern Hong Kong Island,3
Tokyo,3
Illinois,3
New South Wales,2
Hunan,2
Shanghai,2
Shaanxi,2
Zhejiang,2
Île-de-France,2
Sham Shui Po Kowloon,2
Tsuen Wan New Territories,2
Yuen Long New Territories,2
Osaka,2
Gyeonggi,2
Metro Manila,2
Chiayi,2
Keelung,2
Yunlin,2
Michigan,2
Oregon,2
Washington,2
Ho Chi Minh City,2
Amanat Al Asimah,2
Victoria,1
Guangdong,1
Hubei,1
Shandong,1
Central and Western Hong Kong Island,1
Kowloon City Kowloon,1
Kwun Tong Kowloon,1
Wong Tai Sin Kowloon,1
Kwai Tsing New Territories,1
Tai Po New Territories,1
Jakarta,1
Aichi,1
Okinawa,1
Oyo,1
North Holland,1
Irkutsk,1
Sakhalin,1
Phra Nakhon Si Ayutthaya,1
Kinmen,1
Miaoli,1
California,1
Texas,1
