name,visitors,pageviews,bounce_rate,time_on_page,scroll_depth
/it/3.13/tutorial/index.html,52,94,47,110,61
/it/3/tutorial/index.html,40,49,70,26,59
/it/3.13/search.html,28,59,36,15,63
/it/3.13/tutorial/appetite.html,28,28,44,58,84
/it/3.13/,27,34,17,34,89
/it/3.13/tutorial/interpreter.html,22,23,100,72,87
/it/3.13/tutorial/inputoutput.html,18,18,91,38,44
/it/3.13/tutorial/introduction.html,18,17,50,34,45
/it/3/tutorial/datastructures.html,15,24,50,322,53
/it/3.13/tutorial/modules.html,12,18,88,25,24
/it/3.13/tutorial/datastructures.html,11,9,33,35,38
/it/3/tutorial/classes.html,11,8,83,125,51
/it/3.13/tutorial/,10,15,0,23,58
/it/3.13/library/stdtypes.html,9,12,50,65,21
/it/3/tutorial/interpreter.html,8,6,33,21,91
/it/3.13/library/index.html,7,7,100,156,36
/it/3.13/reference/index.html,7,7,50,19,82
/it/3/tutorial/controlflow.html,7,10,83,318,40
/it/3.13/download.html,6,6,0,36,84
/it/3.13/glossary.html,6,7,100,234,39
/it/3.13/library/time.html,6,5,0,9,13
/it/3/search.html,6,7,50,13,4
/it/3.12/,5,5,0,10,78
/it/3.13/index.html,5,4,0,11,85
/it/3.13/library/functions.html,5,3,0,44,59
/it/3/tutorial/introduction.html,5,7,67,35,64
/it/3.13/contents.html,4,4,50,94,2
/it/3.13/library/datetime.html,4,3,0,14,3
/it/3.13/library/idle.html,4,6,0,21,31
/it/3.13/library/string.html,4,2,0,70,46
/it/3.13/reference/introduction.html,4,3,0,33,81
/it/3.13/reference/lexical_analysis.html,4,2,0,10,10
/it/3.13/tutorial/controlflow.html,4,23,0,535,87
/it/3.13/using/windows.html,4,4,0,10,41
/it/3/,4,8,33,48,74
/it/3/library/functions.html,4,4,100,44,81
/it/3/tutorial/,4,5,67,,
/it/3.12/search.html,3,4,0,33,46
/it/3.13/genindex.html,3,2,0,4,100
/it/3.13/library/sys.html,3,2,100,11,7
/it/3.14/tutorial/venv.html,3,3,100,4,58
/it/3/glossary.html,3,2,100,40,28
/it/3/tutorial/modules.html,3,2,100,80,100
/it/3.12/glossary.html,2,2,0,8,45
/it/3.12/tutorial/appetite.html,2,3,100,8,62
/it/3.12/tutorial/index.html,2,2,100,15,86
/it/3.12/tutorial/interpreter.html,2,2,100,13,90
/it/3.13/about.html,2,1,0,2,100
/it/3.13/bugs.html,2,1,0,36,43
/it/3.13/genindex-T.html,2,1,0,24,87
/it/3.13/howto/index.html,2,1,0,47,97
/it/3.13/installing/index.html,2,1,0,20,100
/it/3.13/library/cmd.html,2,2,0,5,11
/it/3.13/library/csv.html,2,3,0,29,54
/it/3.13/library/math.html,2,2,0,51,14
/it/3.13/library/os.path.html,2,3,100,381,94
/it/3.13/library/pdb.html,2,1,100,48,100
/it/3.13/library/socket.html,2,1,0,4,1
/it/3.13/library/trace.html,2,1,0,43,100
/it/3.13/license.html,2,1,0,162,88
/it/3.13/tutorial/floatingpoint.html,2,2,100,38,73
/it/3.13/whatsnew/3.13.html,2,2,0,9,10
/it/3.15/library/stdtypes.html,2,1,0,3,25
/it/3/download.html,2,1,0,14,60
/it/3/library/pprint.html,2,2,0,33,11
/it/3/tutorial/appendix.html,2,1,0,4,93
/it/3/tutorial/errors.html,2,2,0,64,13
/it/3/tutorial/floatingpoint.html,2,2,100,92,42
/it/3/tutorial/stdlib2.html,2,1,0,13,49
/it/3.12/tutorial/,1,3,0,31,100
/it/3.13/c-api/index.html,1,1,0,,
/it/3.13/library/ast.html,1,1,0,,
/it/3.13/library/collections.html,1,1,0,,
/it/3.13/library/dataclasses.html,1,1,0,,
/it/3.13/library/dis.html,1,1,0,18,4
/it/3.13/library/exceptions.html,1,1,0,12,7
/it/3.13/library/filecmp.html,1,1,100,58,46
/it/3.13/library/fileinput.html,1,1,100,153,100
/it/3.13/library/logging.html,1,2,0,5,4
/it/3.13/library/pathlib.html,1,1,0,,
/it/3.13/library/python.html,1,1,0,,
/it/3.13/library/random.html,1,1,0,15,7
/it/3.13/library/tkinter.html,1,1,0,8,28
/it/3.13/py-modindex.html,1,1,0,5,31
/it/3.13/reference/compound_stmts.html,1,1,0,,
/it/3.13/reference/datamodel.html,1,1,0,11,1
/it/3.13/reference/grammar.html,1,1,0,10,5
/it/3.13/tutorial/classes.html,1,1,100,7,62
/it/3.13/tutorial/errors.html,1,1,100,,
/it/3.13/tutorial/venv.html,1,1,0,5,52
/it/3.13/tutorial/whatnow.html,1,1,0,5,79
/it/3.13/using/index.html,1,1,0,17,92
/it/3.13/whatsnew/changelog.html,1,1,0,,
/it/3.14/tutorial/errors.html,1,1,100,27,100
/it/3.15/,1,1,0,3,51
/it/3.15/py-modindex.html,1,1,0,18,40
/it/3.15/tutorial/index.html,1,1,0,646,16
/it/3.15/using/windows.html,1,1,0,,
/it/3/contents.html,1,2,0,16,1
/it/3/genindex-Q.html,1,1,100,,
