name,unique_exits,total_exits,exit_rate
/ko/3.13/c-api/bytes.html,161,161,
/ko/3/tutorial/index.html,128,128,
/ko/3.13/tutorial/index.html,31,31,
/ja/3.13/c-api/capsule.html,18,18,
/ko/3.13/library/functions.html,16,16,
/ko/3.13/library/itertools.html,16,16,
/ko/3/,16,17,
/ko/dev/bugs.html,16,16,
/ko/3.13/installing/index.html,15,15,
/ko/3.13/library/stdtypes.html,14,15,
/ko/3.13/tutorial/interpreter.html,12,13,
/ko/3.13/howto/sorting.html,11,11,
/ko/3.13/library/idle.html,10,10,
/ko/3.13/library/collections.html,9,9,
/ko/3.13/library/heapq.html,9,9,
/ko/3/howto/regex.html,9,9,
/ja/3/c-api/import.html,8,8,
/ko/3.13/search.html,8,8,
/ko/3.13/tutorial/introduction.html,8,9,
/ko/3.13/c-api/structures.html,7,7,
/ko/3.13/library/index.html,7,7,
/ko/3/using/windows.html,7,8,
/ko/3.13/library/asyncio.html,6,6,
/ko/3.13/library/concurrent.futures.html,6,6,
/ko/3.13/library/pickle.html,6,6,
/ko/3.13/tutorial/classes.html,6,6,
/ko/3.13/tutorial/controlflow.html,6,7,
/ko/3.13/tutorial/datastructures.html,6,6,
/ko/3/c-api/intro.html,6,7,
/ko/3/tutorial/,6,6,
/ko/dev/library/turtle.html,6,6,
/3.13/tutorial/index.html,5,5,
/ko/3.13/,5,5,
/ko/3.13/using/windows.html,5,5,
/ko/3/search.html,5,5,
/ko/3/tutorial/introduction.html,5,5,
/3.13/search.html,4,4,
/ko/3.12/tutorial/index.html,4,4,
/ko/3.13/library/math.html,4,5,
/ko/3.13/library/string.html,4,4,
/ko/3.13/reference/index.html,4,4,
/ko/3.13/whatsnew/index.html,4,4,
/ko/3/extending/extending.html,4,4,
/ko/3/library/index.html,4,4,
/ko/3.12/c-api/typeobj.html,3,3,
/ko/3.13/howto/unicode.html,3,3,
/ko/3.13/library/ast.html,3,3,
/ko/3.13/library/datetime.html,3,3,
/ko/3.13/library/exceptions.html,3,3,
/ko/3.13/library/getpass.html,3,3,
/ko/3.13/library/subprocess.html,3,3,
/ko/3.13/library/trace.html,3,3,
/ko/3.13/tutorial/appetite.html,3,3,
/ko/3/extending/embedding.html,3,3,
/ko/3/library/configparser.html,3,3,
/ko/3/library/functions.html,3,3,
/ko/3/reference/,3,3,
/3/,2,2,
/3/library/itertools.html,2,2,
/3/py-modindex.html,2,2,
/3/reference/expressions.html,2,2,
/ko/3.12/using/index.html,2,2,
/ko/3.13/c-api/type.html,2,2,
/ko/3.13/glossary.html,2,2,
/ko/3.13/howto/logging.html,2,2,
/ko/3.13/library/asyncio-eventloop.html,2,2,
/ko/3.13/library/asyncio-task.html,2,2,
/ko/3.13/library/contextvars.html,2,2,
/ko/3.13/library/copy.html,2,2,
/ko/3.13/library/http.server.html,2,2,
/ko/3.13/library/json.html,2,2,
/ko/3.13/library/pdb.html,2,2,
/ko/3.13/library/py_compile.html,2,2,
/ko/3.13/library/re.html,2,2,
/ko/3.13/reference/datamodel.html,2,2,
/ko/3.13/tutorial/errors.html,2,2,
/ko/3.13/tutorial/modules.html,2,2,
/ko/3.13/using/unix.html,2,2,
/ko/3/glossary.html,2,2,
/ko/3/library/ast.html,2,2,
/ko/3/library/pydoc.html,2,2,
/ko/3/library/stdtypes.html,2,2,
/ko/3/library/tempfile.html,2,2,
/ko/3/reference/datamodel.html,2,2,
/ko/3/reference/lexical_analysis.html,2,2,
/ko/3/tutorial/appetite.html,2,2,
/ko/3/tutorial/controlflow.html,2,2,
/ko/3/tutorial/interpreter.html,2,2,
/ko/3/tutorial/modules.html,2,2,
/ko/3/whatsnew/3.8.html,2,2,
/ko/dev/howto/functional.html,2,2,
/ko/dev/library/asyncio-task.html,2,2,
/3.13/glossary.html,1,1,
/3.13/index.html,1,1,
/3.13/library/functions.html,1,1,
/3.13/library/sqlite3.html,1,1,
/3.13/reference/index.html,1,1,
/3.13/tutorial/interpreter.html,1,1,
/3/installing/index.html,1,1,
/3/library/index.html,1,1,
