name,visitors,pageviews,bounce_rate,time_on_page,scroll_depth
/en/latest/tutorials/installing-packages/,11375,12463,81,49,43
/en/latest/guides/installing-using-pip-and-virtual-environments/,2642,2877,91,69,50
/en/latest/guides/writing-pyproject-toml/,2450,2661,77,85,52
/en/latest/tutorials/packaging-projects/,2401,2421,79,109,56
/en/latest/guides/tool-recommendations/,1414,1493,76,24,62
/en/latest/,974,1018,62,22,82
/en/latest/glossary/,893,841,52,53,61
/en/latest/key_projects/,882,812,52,27,44
/en/latest/guides/distributing-packages-using-setuptools/,563,548,67,56,54
/en/latest/overview/,503,462,58,77,51
/en/latest/specifications/pyproject-toml/,345,352,64,39,55
/en/latest/guides/installing-using-linux-tools/,341,308,66,30,78
/en/latest/tutorials/,307,283,26,5,100
/en/latest/tutorials/managing-dependencies/,303,290,68,59,76
/en/latest/guides/,301,282,34,31,91
/en/latest/specifications/version-specifiers/,272,282,77,68,50
/en/latest/flow/,264,225,56,37,66
/en/latest/specifications/dependency-specifiers/,259,244,80,40,47
/en/latest/guides/section-install/,251,236,38,9,100
/en/latest/discussions/src-layout-vs-flat-layout/,241,266,72,74,81
/en/latest/guides/packaging-namespace-packages/,202,206,83,61,60
/en/latest/guides/section-build-and-publish/,173,174,34,8,99
/en/latest/guides/modernize-setup-py-project/,170,163,64,78,65
/en/latest/search/,169,208,35,14,75
/en/latest/specifications/core-metadata/,165,176,72,46,44
/en/latest/guides/installing-stand-alone-command-line-tools/,164,144,77,62,77
/en/latest/specifications/,153,137,40,11,82
/en/latest/discussions/setup-py-deprecated/,152,145,68,67,65
/en/latest/guides/hosting-your-own-index/,150,160,74,54,83
/en/latest/specifications/entry-points/,137,138,85,56,75
/en/latest/discussions/versioning/,136,137,79,38,61
/en/latest/guides/installing-using-virtualenv/,125,112,55,12,100
/en/latest/specifications/pypirc/,119,118,88,40,73
/en/latest/guides/creating-command-line-tools/,118,125,72,57,75
/en/latest/specifications/pylock-toml/,104,115,84,65,35
/en/latest/specifications/inline-script-metadata/,99,100,87,21,58
/en/latest/guides/using-testpypi/,90,84,70,24,81
/en/latest/discussions/package-formats/,88,74,79,62,80
/en/latest/guides/creating-and-discovering-plugins/,88,83,63,91,83
/en/latest/specifications/dependency-groups/,86,85,84,40,57
/en/latest/guides/publishing-package-distribution-releases-using-github-actions-ci-cd-workflows/,84,78,83,61,62
/en/latest/guides/installing-scientific-packages/,81,72,76,66,80
/en/latest/guides/packaging-binary-extensions/,81,75,64,32,57
/en/latest/discussions/install-requires-vs-requirements/,80,79,79,29,81
/en/latest/discussions/single-source-version/,79,83,58,37,94
/en/latest/specifications/platform-compatibility-tags/,77,78,85,73,51
/en/latest/specifications/binary-distribution-format/,70,65,86,51,43
/en/latest/discussions/distribution-package-vs-import-package/,61,52,50,24,77
/en/latest/discussions/pip-vs-easy-install/,60,56,74,36,90
/en/latest/guides/analyzing-pypi-package-downloads/,59,55,75,33,57
/en/latest/specifications/name-normalization/,58,60,68,37,93
/en/latest/discussions/deploying-python-applications/,57,55,68,46,91
/en/latest/guides/using-manifest-in/,55,50,57,30,100
/en/latest/discussions/,53,40,38,8,99
/en/latest/specifications/simple-repository-api/,51,45,84,30,29
/en/latest/guides/making-a-pypi-friendly-readme/,47,39,79,21,82
/en/latest/guides/dropping-older-python-versions/,45,36,71,19,66
/en/latest/guides/index-mirrors-and-caches/,38,36,55,18,88
/en/latest/specifications/section-distribution-metadata/,38,37,29,6,98
/en/latest/specifications/externally-managed-environments/,36,37,93,82,59
/en/latest/guides/licensing-examples-and-user-scenarios/,34,29,79,39,55
/en/latest/specifications/source-distribution-format/,31,27,55,24,67
/en/latest/guides/section-hosting/,25,24,20,3,100
/en/latest/specifications/section-installation-metadata/,21,17,0,70,100
/en/latest/contribute/,20,17,50,9,57
/en/latest/specifications/license-expression/,20,27,56,29,92
/en/latest/specifications/well-known-project-urls/,20,22,60,20,77
/en/latest/specifications/section-distribution-formats/,19,14,50,73,100
/en/latest/support/,19,18,33,7,99
/en/latest/specifications/recording-installed-packages/,18,15,100,38,67
/en/latest/guides/single-sourcing-package-version/,16,15,25,0,100
/en/latest/news/,14,13,50,14,50
/en/latest/specifications/virtual-environments/,14,13,75,132,94
/en/latest/specifications/direct-url/,13,13,75,21,74
/en/latest/specifications/section-package-indices/,12,12,33,5,96
/en/latest/specifications/build-details/,11,10,0,13,87
/en/latest/specifications/glob-patterns/,11,10,88,30,93
/en/latest/discussions/downstream-packaging/,10,8,50,64,89
/en/latest/specifications/section-python-description-formats/,8,6,0,5,99
/en/latest/specifications/direct-url-data-structure/,7,6,50,37,53
/en/latest/specifications/index-hosted-attestations/,6,4,0,14,38
/en/latest/guides/supporting-windows-using-appveyor/,4,4,0,62,71
/en/latest/specifications/section-reproducible-environments/,4,4,0,102,98
/en/latest/guides/migrating-to-pypi-org/,3,3,67,85,92
/en/latest/guides/supporting-multiple-python-versions/,3,3,100,13,100
/en/latest/specifications/build-details/v1.0/,2,3,0,775,100
