name,visitors
England,100
California,76
Tokyo,51
Guangdong,44
Beijing,35
New York,35
Bavaria,31
Shanghai,26
Île-de-France,25
Washington,21
São Paulo,20
Sichuan,20
Hesse,20
Hanoi,19
North Holland,18
Moscow,17
Illinois,17
Texas,17
Virginia,17
British Columbia,16
Ontario,16
Jiangsu,16
Zhejiang,16
Fujian,15
Gyeonggi,15
Shandong,14
Berlin,14
Delhi,14
Seoul,14
Maharashtra,13
Stockholm,13
New South Wales,12
Quebec,12
Mazovia,12
Massachusetts,12
Baden-Württemberg,11
Capital Region,11
Tel Aviv,11
Uttar Pradesh,11
Prague,10
Uusimaa,10
Tamil Nadu,10
Osaka,10
Colorado,10
Chongqing,9
Guizhou,9
Lower Saxony,9
North Rhine-Westphalia,9
Karnataka,9
Oslo,9
Kyiv,9
Michigan,9
New Jersey,9
Shaanxi,8
Occitanie,8
Arizona,8
Florida,8
Georgia,8
Ho Chi Minh City,8
Queensland,7
Flanders,7
Rio Grande do Sul,7
Hubei,7
Madrid Autonomous Community,7
Scotland,7
Lazio,7
Saint Petersburg,7
Riyadh,7
Maryland,7
Dubai,6
Vienna,6
Anhui,6
Rhineland-Palatinate,6
Attica,6
Leinster,6
Telangāna,6
Gelderland,6
North Carolina,6
Pennsylvania,6
Harare,6
Zürich,5
Henan,5
Hebei,5
Hunan,5
Liaoning,5
Saxony,5
Central Denmark,5
Cairo,5
Provence-Alpes-Côte-d'Azur,5
Kwai Tsing New Territories,5
Madhya Pradesh,5
Piedmont,5
Lombardy,5
Lima,5
Lesser Poland,5
Kaohsiung,5
Missouri,5
Oregon,5
Victoria,4
Federal District,4
Paraná,4
Minsk,4
Santiago Metropolitan,4
Hamburg,4
Catalonia,4
Auvergne-Rhône-Alpes,4
Budapest,4
Jakarta,4
Kerala,4
Odisha,4
Kyoto,4
Nairobi County,4
South Holland,4
Metro Manila,4
Lisbon,4
Västra Götaland,4
Arkansas,4
Wisconsin,4
Đồng Nai,4
Sofia,3
Minas Gerais,3
Jiangxi,3
South Moravia,3
Moravia-Silesia,3
Andalusia,3
Valencian Community,3
Grand-Est,3
Hauts-de-France,3
West Java,3
Andhra Pradesh,3
Gujarat,3
Haryana,3
Hokkaido,3
Chiba,3
Phnom Penh,3
Guanajuato,3
Sonora,3
Kuala Lumpur,3
Utrecht,3
Vestland,3
Sindh,3
Lower Silesia,3
Bucharest,3
Bangkok,3
Taipei,3
Vinnychchyna,3
Rivnenshchyna,3
Alabama,3
Iowa,3
Tashkent,3
Abu Dhabi,2
Tirana County,2
Buenos Aires Province,2
Córdoba,2
Upper Austria,2
Vorarlberg,2
Dhaka Division,2
Brussels,2
Amazonas,2
Bahia,2
Manitoba,2
Abidjan,2
Jilin,2
Tianjin,2
Capital District,2
Pardubice,2
Southern Denmark,2
San Cristóbal,2
Harjumaa,2
Canary Islands,2
Navarra Chartered Community,2
Satakunta,2
Brittany,2
Guatemala,2
Zagreb,2
Ulster,2
Jerusalem,2
Northern,2
Rajasthan,2
Veneto,2
Emilia-Romagna,2
Abruzzo,2
Amman,2
Fukushima,2
Saitama,2
Bishkek,2
Busan,2
Astana,2
Esch-sur-Alzette,2
Tangier-Tétouan,2
North Brabant,2
Overijssel,2
Port Moresby,2
Lublin,2
Podlachia,2
Greater Poland,2
Coimbra,2
Setúbal,2
Buzău,2
Beograd,2
Belgorod,2
Kabardino-Balkar,2
Khanty-Mansi,2
Jönköping,2
Dakar,2
Nakhon Ratchasima,2
Bursa,2
Istanbul,2
Sakarya,2
Changhua,2
Hsinchu County,2
New Taipei,2
Taichung,2
Sevastopol,2
Connecticut,2
Indiana,2
Kansas,2
Louisiana,2
Maine,2
New Mexico,2
Nevada,2
South Carolina,2
Gauteng,2
Luanda,1
Santa Fe,1
Federation of Bosnia and Herzegovina,1
Varna,1
La Paz,1
Santa Cruz,1
Ceará,1
Espírito Santo,1
Mato Grosso do Sul,1
Pernambuco,1
Rio de Janeiro,1
Santa Catarina,1
Alberta,1
Geneva,1
Lucerne,1
St. Gallen,1
Vaud,1
Valparaíso,1
Inner Mongolia,1
Shanxi,1
Yunnan,1
Antioquia,1
Valle del Cauca,1
Nicosia,1
Limassol,1
Plzeň,1
Bremen,1
Schleswig-Holstein,1
Northern Denmark,1
Zealand,1
Algiers,1
Mostaganem,1
Guayas,1
Beheira,1
Asturias,1
Extremadura,1
Galicia,1
South Karelia,1
Nouvelle-Aquitaine,1
Normandie,1
Northern Ireland,1
Tbilisi,1
West Macedonia,1
Crete,1
Sai Kung New Territories,1
Francisco Morazán,1
Fejér,1
East Kalimantan,1
Andaman and Nicobar Islands,1
Chandigarh,1
Punjab,1
West Bengal,1
Najaf,1
Hormozgan,1
Campania,1
Ibaraki,1
Kanagawa,1
Shizuoka,1
Shiga,1
Fukuoka,1
Gwangju City,1
Daejeon,1
North Chungcheong,1
North Gyeongsang,1
Al Asimah,1
Mount Lebanon,1
Vaduz,1
Klaipėda County,1
Luxembourg,1
Chiapas,1
Colima,1
Jalisco,1
Puebla,1
Veracruz,1
Yucatán,1
Imo,1
Lagos,1
