name,visitors
Bengaluru,33
Singapore,33
Hyderabad,26
Guangzhou,26
Tokyo,21
Wuhan,15
Shanghai,15
Istanbul,14
Pune,14
Hanoi,14
Beijing,14
Moscow,13
Hangzhou,13
Mumbai,12
Ho Chi Minh City,12
New York City,12
Chennai,11
Chengdu,11
Lucknow,10
Seoul,10
São Paulo,10
Los Angeles,10
Kyiv,9
Taipei,9
Suzhou,9
Sydney,9
Warsaw,8
Tashkent,8
Berlin,8
Paris,8
Łódź,8
Rome,8
Chicago,8
Seattle,8
Tel Aviv,7
Cairo,7
Shenzhen,7
Zürich,7
Frankfurt am Main,7
Madrid,7
Brooklyn,7
Saint Petersburg,6
Baku,6
Lahore,6
Karachi,6
Xi’an,6
Tianjin,6
Nanjing,6
Copenhagen,6
London,6
Brussels,6
Dublin,6
Nairobi,5
Bucharest,5
Zhengzhou,5
Hong Kong,5
Casablanca,5
Amsterdam,5
Stuttgart,5
Bogotá,5
San Francisco,5
Tehran,4
Petaẖ Tiqwa,4
Addis Ababa,4
Helsinki,4
Sofia,4
Islamabad,4
Visakhapatnam,4
New Delhi,4
Kolkata,4
Bhopāl,4
Yekaterinburg,4
Chongqing,4
Changsha,4
Melbourne,4
Lagos,4
Cotonou,4
Köln,4
Hamburg,4
Wrocław,4
Oslo,4
Mexico City,4
Santiago,4
Ashburn,4
San Jose,4
Santo Domingo Este,4
Ankara,3
Al Manşūrah,3
Giza,3
Tallinn,3
Lviv,3
Dnipro,3
Johannesburg,3
Surat,3
Jaipur,3
Indore,3
Delhi,3
Coimbatore,3
Cochin,3
Kathmandu,3
Novosibirsk,3
Bandung,3
Taichung,3
Kuala Lumpur,3
Nanchang,3
Kunming,3
Guiyang,3
Dongguan,3
Changzhou,3
Gangnam-gu,3
Osaka,3
Brisbane,3
Accra,3
Edinburgh,3
Dagenham,3
Tilburg,3
Vienna,3
Dresden,3
Toulouse,3
Budapest,3
Prague,3
Kraków,3
Milan,3
Southwark,3
Curitiba,3
Brasília,3
Huntsville,3
Warrensburg,3
Drexel Hill,3
Austin,3
Cambridge,3
Minneapolis,3
Rochester,3
Tucson,3
San Diego,3
Toronto,3
Sanaa,2
Jeddah,2
Riyadh,2
Athens,2
Dubai,2
Yaroslavl,2
Stavropol’,2
Orenburg,2
Nizhniy Novgorod,2
Murmansk,2
Kazan,2
Minsk,2
Mykolayiv,2
Varna,2
Lusaka,2
Mthatha,2
Pretoria,2
Medan,2
Sambalpur,2
Patna,2
Ghāziābād,2
Bhubaneshwar,2
Ahmedabad,2
Tyumen,2
Bangkok,2
Jakarta,2
Bogor,2
Taoyuan,2
Qingdao,2
Jinan,2
Hefei,2
Fuzhou,2
Kowloon City,2
Dongjak-gu,2
Gwangju,2
Guro-gu,2
Shinjuku-ku,2
Namyangju,2
Auckland,2
Dakar,2
Lisbon,2
Tunis,2
Tizi Ouzou,2
Batna,2
Rabat,2
Ringsted,2
Harrow,2
Cambridge,2
Barnet,2
Stockholm,2
Malmö,2
Utrecht,2
Leiden,2
Eindhoven,2
Munich,2
Leipzig,2
Gießen,2
Essen,2
Düsseldorf,2
Bielefeld,2
Augsburg,2
Bratislava,2
Gdańsk,2
Zaragoza,2
Donostia / San Sebastián,2
Turin,2
Genoa,2
Camden Town,2
Maceió,2
Sorocaba,2
Santana de Parnaíba,2
Rio de Janeiro,2
Osasco,2
Jales,2
Campinas,2
Santo Domingo,2
Ciudad Nezahualcoyotl,2
Azcapotzalco,2
San Pedro Sula,2
Medellín,2
Cali,2
La Paz,2
Lima,2
Atlanta,2
Indianapolis,2
Baltimore,2
Laurel,2
St. Louis,2
Charlotte,2
Tulsa,2
Philadelphia,2
Dallas,2
Houston,2
Milton,2
Jersey City,2
Queens,2
Pittsburgh,2
Santa Clara,2
Sunnyvale,2
Kirkland,2
Barrie,2
Calgary,2
Montréal,2
Vancouver,2
Victoria,2
Whitby,2
Québec,2
Lambeth,2
Noida,2
Seongdong-gu,2
Suseong-gu,2
Nakano,2
Tower Hamlets,2
N/A,2
Erbil,1
Mosul,1
Basrah,1
Dar es Salaam,1
Kigali,1
Djibouti,1
Kampala,1
Jerusalem,1
Sharjah,1
Abu Dhabi,1
Rosh Ha‘Ayin,1
Qevuẕat Yavne,1
Antakya,1
Ţanţā,1
Riga,1
Vologda,1
Taganrog,1
Samara,1
Rostov-na-Donu,1
Petrozavodsk,1
Krasnodar,1
Kasimov,1
Apatity,1
Karagandy,1
Tbilisi,1
Yerevan,1
Vitebsk,1
Kalinkavichy,1
Homyel',1
Vantaa,1
Tampere,1
Espoo,1
Timişoara,1
Buzău,1
Znamyanka,1
Ternopil,1
Simferopol,1
Shepetivka,1
Romny,1
Reshetylivka,1
Poltava,1
Odessa,1
Kryvyy Rih,1
Korosten,1
Izmail,1
Cherkasy,1
Brovary,1
Kateríni,1
Pionki,1
Otwock,1
