name,visitors,pageviews,bounce_rate,time_on_page,scroll_depth
/ja/3/tutorial/,358,569,51,34,57
/ja/3/library/index.html,242,320,64,41,45
/ja/3/,222,322,45,14,71
/ja/3/library/functions.html,208,245,69,135,47
/ja/3/library/codecs.html,200,237,87,5,7
/ja/3/library/stdtypes.html,179,203,82,48,42
/ja/3/tutorial/appetite.html,149,171,38,62,82
/ja/3/tutorial/interpreter.html,149,173,57,70,74
/ja/3/tutorial/index.html,137,233,53,53,55
/ja/3/tutorial/introduction.html,132,148,78,169,59
/ja/3/tutorial/controlflow.html,120,141,73,221,42
/ja/3/search.html,110,192,29,21,47
/ja/3.13/library/datetime.html,98,110,80,57,33
/ja/3/library/re.html,94,93,87,28,32
/ja/3/library/pathlib.html,88,94,79,28,40
/ja/3/library/subprocess.html,83,88,84,35,28
/ja/3/tutorial/datastructures.html,83,98,60,101,40
/ja/3/reference/index.html,74,107,29,26,73
/ja/3/library/typing.html,71,77,72,32,35
/ja/3/index.html,66,103,43,36,71
/ja/3/library/datetime.html,65,69,88,46,51
/ja/3.14/,63,71,42,9,76
/ja/3.13/library/functions.html,59,60,76,183,49
/ja/3/library/random.html,58,69,84,36,28
/ja/3/library/argparse.html,57,58,79,55,23
/ja/3/library/math.html,57,61,76,84,33
/ja/3/library/csv.html,56,58,76,52,39
/ja/3.13/library/stdtypes.html,55,54,73,62,44
/ja/3/library/exceptions.html,53,58,91,76,51
/ja/3/library/json.html,53,52,81,48,36
/ja/3.13/library/logging.html,52,59,85,60,33
/ja/3/tutorial/classes.html,52,46,82,87,46
/ja/3/glossary.html,51,54,44,25,38
/ja/3/library/venv.html,49,54,90,46,26
/ja/3.13/c-api/capsule.html,48,43,94,3,19
/ja/3/library/logging.html,47,46,98,246,22
/ja/3.13/library/index.html,45,62,80,40,48
/ja/3/library/os.html,45,45,75,39,35
/ja/3/library/enum.html,44,49,80,30,33
/ja/3/reference/introduction.html,44,49,88,6,44
/ja/3.13/library/random.html,43,44,86,32,30
/ja/3.15/using/windows.html,43,42,57,31,20
/ja/3/library/tkinter.html,43,49,76,24,30
/ja/3/library/time.html,42,43,83,52,50
/ja/3/reference/compound_stmts.html,41,44,67,56,34
/ja/3/library/itertools.html,40,43,92,107,25
/ja/3.13/tutorial/index.html,39,41,72,21,67
/ja/3.14/search.html,39,51,38,11,58
/ja/3/tutorial/modules.html,39,43,83,92,42
/ja/3.13/library/csv.html,38,39,88,37,42
/ja/3.13/library/re.html,38,39,75,61,44
/ja/3/library/multiprocessing.html,37,43,75,171,39
/ja/3.13/search.html,36,60,30,16,49
/ja/3.14/tutorial/index.html,36,41,71,33,62
/ja/3/library/sqlite3.html,36,40,87,28,29
/ja/3/contents.html,33,35,8,37,13
/ja/3/tutorial/errors.html,33,67,94,2036,36
/ja/3/howto/sorting.html,31,32,84,53,41
/ja/3/reference/expressions.html,30,32,64,58,61
/ja/3/tutorial/inputoutput.html,30,78,50,3281,61
/ja/3.13/index.html,29,40,79,9,82
/ja/3.13/tutorial/inputoutput.html,28,29,78,28,58
/ja/3/library/threading.html,28,35,84,21,26
/ja/3/reference/datamodel.html,28,32,88,98,36
/ja/3.13/library/typing.html,27,26,76,154,49
/ja/3/library/xml.etree.elementtree.html,27,31,93,68,36
/ja/3/using/windows.html,27,25,71,62,17
/ja/3.13/library/dataclasses.html,26,27,83,178,38
/ja/3.13/library/pathlib.html,26,26,68,39,60
/ja/3.14/reference/index.html,26,25,38,23,65
/ja/3/installing/index.html,26,30,89,52,65
/ja/3.14/library/index.html,25,24,33,17,43
/ja/3/tutorial/stdlib.html,25,21,50,34,53
/ja/3.13/library/threading.html,24,25,74,33,40
/ja/3.14/library/i18n.html,24,25,79,2,70
/ja/3/library/secrets.html,24,28,86,30,69
/ja/3/reference/lexical_analysis.html,24,27,75,48,48
/ja/3/library/constants.html,23,24,62,69,90
/ja/3.13/library/json.html,22,22,83,52,53
/ja/3.13/reference/index.html,22,34,44,35,77
/ja/3.14/tutorial/interpreter.html,22,27,54,75,78
/ja/3/library/asyncio.html,22,26,75,26,64
/ja/3.13/library/contextlib.html,21,21,56,35,25
/ja/3.13/library/string.html,21,20,71,67,36
/ja/3/library/ipaddress.html,21,21,80,79,26
/ja/3/library/string.html,21,22,77,38,44
/ja/3/py-modindex.html,21,19,33,52,41
/ja/3/tutorial/venv.html,21,17,86,48,61
/ja/3/using/cmdline.html,21,22,80,46,34
/ja/3/whatsnew/3.14.html,21,20,67,19,17
/ja/3.13/howto/sorting.html,20,18,54,18,38
/ja/3.13/library/concurrent.futures.html,20,21,72,21,31
/ja/3.13/library/os.html,20,20,81,27,42
/ja/3/library/http.client.html,20,22,79,28,58
/ja/3/library/io.html,20,19,80,78,45
/ja/3.13/glossary.html,19,17,38,25,49
/ja/3.13/library/exceptions.html,19,18,73,91,51
/ja/3.13/library/io.html,19,21,75,92,38
/ja/3.13/reference/datamodel.html,19,21,75,17,34
/ja/3.14/tutorial/controlflow.html,19,20,56,89,62
