name,unique_entrances,total_entrances,visit_duration
/zh-tw/3/tutorial/index.html,126,130,154
/zh-tw/3/library/venv.html,71,72,125
/zh-tw/3/howto/sorting.html,53,55,128
/zh-tw/3/library/random.html,47,47,110
/zh-tw/3/tutorial/inputoutput.html,45,45,39
/zh-tw/dev/installing/index.html,45,45,66
/zh-tw/3/faq/windows.html,40,42,68
/zh-tw/3/library/collections.html,38,39,25
/zh-tw/3/library/re.html,38,39,27
/zh-tw/3/tutorial/classes.html,38,38,225
/zh-tw/3.13/tutorial/index.html,34,35,163
/zh-tw/3/using/mac.html,31,31,126
/zh-tw/dev/library/os.path.html,28,28,46
/zh-tw/3/library/csv.html,27,29,106
/zh-tw/3.13/library/os.path.html,26,27,184
/zh-tw/3/tutorial/modules.html,26,27,47
/zh-tw/3.13/installing/index.html,25,25,31
/zh-tw/3/library/index.html,23,25,47
/zh-tw/3/tutorial/errors.html,23,23,9
/3/,22,22,959
/zh-tw/3/howto/argparse.html,21,23,27
/zh-tw/3/library/heapq.html,21,22,51
/zh-tw/3/tutorial/introduction.html,21,21,134
/zh-tw/3/tutorial/venv.html,21,21,199
/zh-tw/3/library/functions.html,20,22,105
/zh-tw/3/tutorial/,19,20,265
/zh-tw/dev/tutorial/datastructures.html,18,18,128
/zh-tw/3/library/pathlib.html,17,18,84
/zh-tw/3/library/time.html,17,17,96
/zh-tw/dev/library/string.html,17,17,148
/zh-tw/3.13/tutorial/controlflow.html,16,20,0
/zh-tw/3/tutorial/floatingpoint.html,16,17,76
/zh-tw/3/library/math.html,15,15,57
/zh-tw/3/library/unittest.html,14,14,116
/zh-tw/3.13/library/json.html,13,13,262
/zh-tw/3/library/bisect.html,13,13,40
/zh-tw/3/library/typing.html,13,13,63
/zh-tw/3.13/library/__main__.html,12,12,224
/zh-tw/3.13/tutorial/errors.html,12,12,21
/zh-tw/3/library/pdb.html,12,12,226
/zh-tw/3.13/tutorial/interpreter.html,11,13,7
/zh-tw/3/library/concurrent.futures.html,11,11,270
/zh-tw/3/tutorial/controlflow.html,11,15,347
/zh-tw/3/tutorial/interpreter.html,11,11,26
/zh-tw/3/library/functools.html,10,10,0
/zh-tw/3/library/io.html,10,10,15
/zh-tw/3/tutorial/datastructures.html,10,10,0
/zh-tw/dev/library/venv.html,10,10,75
/3/library/venv.html,9,9,285
/zh-tw/3.13/howto/sockets.html,9,9,369
/zh-tw/3.13/library/functions.html,9,11,573
/zh-tw/3/library/threading.html,9,10,182
/zh-tw/dev/library/copy.html,9,9,67
/zh-tw/3.13/library/asyncio.html,8,8,479
/zh-tw/3/,8,10,451
/zh-tw/3/contents.html,8,8,25
/zh-tw/3.13/library/random.html,7,7,258
/zh-tw/3.13/tutorial/introduction.html,7,7,125
/zh-tw/3/library/ast.html,7,7,10
/zh-tw/3/library/datetime.html,7,7,0
/zh-tw/3/library/queue.html,7,7,73
/zh-tw/3/library/statistics.html,7,7,274
/zh-tw/dev/library/csv.html,7,7,239
/zh-tw/dev/reference/index.html,7,7,165
/3.13/tutorial/index.html,6,6,342
/zh-tw/3.12/installing/index.html,6,6,71
/zh-tw/3.13/library/urllib.request.html,6,6,10
/zh-tw/3/library/operator.html,6,6,88
/zh-tw/3/library/pickle.html,6,6,167
/zh-tw/3/library/unittest.mock-examples.html,6,6,692
/zh-tw/dev/library/calendar.html,6,7,50
/zh-tw/dev/library/tempfile.html,6,6,10
/3/library/concurrent.futures.html,5,5,421
/3/library/tkinter.html,5,5,375
/zh-tw/3.13/howto/sorting.html,5,6,198
/zh-tw/3.13/library/bisect.html,5,5,0
/zh-tw/3.13/library/multiprocessing.shared_memory.html,5,6,0
/zh-tw/3.13/library/typing.html,5,5,504
/zh-tw/3.13/tutorial/datastructures.html,5,5,48
/zh-tw/3/library/array.html,5,5,0
/zh-tw/3/library/timeit.html,5,6,0
/zh-tw/3/library/uuid.html,5,5,361
/zh-tw/3/reference/import.html,5,5,0
/zh-tw/3/whatsnew/index.html,5,5,14
/3/library/itertools.html,4,4,3205
/3/library/multiprocessing.html,4,4,471
/3/tutorial/index.html,4,4,604
/zh-tw/3.13/,4,4,84
/zh-tw/3.13/c-api/index.html,4,4,52
/zh-tw/3.13/library/array.html,4,4,22
/zh-tw/3.13/library/getpass.html,4,4,256
/zh-tw/3.13/library/unittest.html,4,4,0
/zh-tw/3.13/tutorial/appetite.html,4,5,96
/zh-tw/3.13/using/mac.html,4,4,10
/zh-tw/3/library/enum.html,4,4,106
/zh-tw/3/tutorial/appetite.html,4,4,100
/zh-tw/3/tutorial/stdlib.html,4,4,0
/zh-tw/dev/library/gc.html,4,4,0
/zh-tw/dev/library/timeit.html,4,4,58
/zh-tw/dev/library/urllib.html,4,4,164
/zh-tw/dev/tutorial/floatingpoint.html,4,5,0
/3/library/collections.html,3,3,915
/3/library/csv.html,3,3,594
/3/library/functions.html,3,3,811
/3/library/re.html,3,3,857
/3/tutorial/,3,3,232
/zh-cn/3/tutorial/index.html,3,3,71
/zh-tw/3.12/using/mac.html,3,3,0
/zh-tw/3.13/genindex-符號.html,3,3,0
/zh-tw/3.13/glossary.html,3,3,104
/zh-tw/3.13/library/html.parser.html,3,3,0
/zh-tw/3.13/library/tkinter.messagebox.html,3,3,0
/zh-tw/3.13/tutorial/,3,3,79
/zh-tw/3.13/tutorial/classes.html,3,3,0
/zh-tw/3.13/tutorial/modules.html,3,3,13
/zh-tw/3.13/tutorial/venv.html,3,3,65
/zh-tw/3/library/abc.html,3,3,133
/zh-tw/3/library/constants.html,3,3,1009
/zh-tw/3/library/exceptions.html,3,3,0
/zh-tw/3/library/ftplib.html,3,3,214
/zh-tw/3/library/hashlib.html,3,3,0
/zh-tw/3/library/itertools.html,3,3,441
/zh-tw/3/library/keyword.html,3,3,20
/zh-tw/3/library/webbrowser.html,3,3,31
/zh-tw/3/search.html,3,3,20
/zh-tw/dev/library/re.html,3,3,534
/zh-tw/dev/using/mac.html,3,3,0
/3.13/,2,2,250
/3.13/tutorial/,2,2,318
/3.13/using/windows.html,2,2,532
/3/index.html,2,2,289
/3/library/,2,2,2228
/3/library/dataclasses.html,2,2,8
/3/library/exceptions.html,2,2,748
/3/library/index.html,2,2,28
/3/library/logging.html,2,2,674
/3/library/os.html,2,2,682
/3/library/os.path.html,2,2,161
/3/library/pdb.html,2,2,1033
/3/library/random.html,2,2,1516
/3/library/shutil.html,2,2,810
/3/using/windows.html,2,2,1117
/zh-cn/3/tutorial/interpreter.html,2,2,712
/zh-tw/3.12/library/pkgutil.html,2,2,4
/zh-tw/3.12/whatsnew/index.html,2,2,10
/zh-tw/3.13/library/asyncio-eventloop.html,2,2,22
/zh-tw/3.13/library/copy.html,2,2,0
/zh-tw/3.13/library/enum.html,2,2,0
/zh-tw/3.13/library/glob.html,2,2,284
/zh-tw/3.13/library/graphlib.html,2,2,898
/zh-tw/3.13/library/index.html,2,2,2
/zh-tw/3.13/library/queue.html,2,2,178
/zh-tw/3.13/library/secrets.html,2,2,0
/zh-tw/3.13/library/subprocess.html,2,2,0
/zh-tw/3.13/library/tk.html,2,2,26
/zh-tw/3.13/whatsnew/3.11.html,2,2,39
/zh-tw/3.14/whatsnew/index.html,2,2,298
/zh-tw/3/download.html,2,2,12
/zh-tw/3/extending/extending.html,2,2,0
/zh-tw/3/faq/installed.html,2,2,0
/zh-tw/3/genindex-_.html,2,2,35
/zh-tw/3/howto/ipaddress.html,2,2,14
/zh-tw/3/howto/logging.html,2,2,0
/zh-tw/3/howto/regex.html,2,2,0
/zh-tw/3/index.html,2,2,82
/zh-tw/3/library/asyncio-subprocess.html,2,2,0
/zh-tw/3/library/audioop.html,2,2,0
/zh-tw/3/library/builtins.html,2,2,0
/zh-tw/3/library/hmac.html,2,2,0
/zh-tw/3/library/platform.html,2,2,18
/zh-tw/3/library/pwd.html,2,2,0
/zh-tw/3/library/sched.html,2,2,0
/zh-tw/3/library/signal.html,2,2,0
/zh-tw/3/library/stdtypes.html,2,2,0
/zh-tw/3/library/telnetlib.html,2,3,0
/zh-tw/3/library/unittest.mock.html,2,2,0
/zh-tw/3/license.html,2,2,0
/zh-tw/3/reference/index.html,2,2,1996
/zh-tw/3/whatsnew/3.13.html,2,2,0
/zh-tw/dev/c-api/conversion.html,2,2,0
/zh-tw/dev/c-api/iterator.html,2,2,0
/zh-tw/dev/howto/gdb_helpers.html,2,2,0
/zh-tw/dev/library/array.html,2,2,0
/zh-tw/dev/library/ensurepip.html,2,2,50
/zh-tw/dev/library/stdtypes.html,2,2,0
/zh-tw/dev/library/threading.html,2,2,90
/zh-tw/dev/tutorial/introduction.html,2,3,318
/zh-tw/dev/using/configure.html,2,2,1
/3.12/reference/index.html,1,1,217
/3.13/index.html,1,1,7
/3.13/tutorial/controlflow.html,1,1,290
/3.13/tutorial/errors.html,1,1,261
/3.14/whatsnew/3.14.html,1,1,49
/3/c-api/memory.html,1,1,19
/3/contents.html,1,1,158
/3/faq/programming.html,1,1,740
/3/howto/curses.html,1,1,7
/3/howto/functional.html,1,1,374
/3/howto/regex.html,1,1,750
/3/library/array.html,1,1,183
/3/library/ast.html,1,1,759
/3/library/asyncio-future.html,1,1,1815
/3/library/bisect.html,1,1,804
/3/library/copy.html,1,1,314
/3/library/datatypes.html,1,1,133
/3/library/difflib.html,1,1,369
/3/library/email.examples.html,1,1,1704
/3/library/fnmatch.html,1,1,1558
/3/library/heapq.html,1,1,495
/3/library/idle.html,1,1,30
/3/library/importlib.html,1,1,144
/3/library/math.html,1,1,56
/3/library/pickle.html,1,1,0
/3/library/py_compile.html,1,1,212
/3/library/signal.html,1,1,0
/3/library/stdtypes.html,1,1,25
/3/library/string.html,1,1,17
/3/library/subprocess.html,1,1,388
/3/library/telnetlib.html,1,1,36
/3/library/tempfile.html,1,1,1508
/3/library/threading.html,1,1,175
/3/library/time.html,1,1,543
/3/library/typing.html,1,1,3317
/3/library/unittest.html,1,1,11261
/3/library/urllib.parse.html,1,1,151
/3/library/xml.etree.elementtree.html,1,1,7
/3/reference/compound_stmts.html,1,1,285
/3/reference/import.html,1,1,5745
/3/reference/lexical_analysis.html,1,1,2504
/3/tutorial/datastructures.html,1,1,807
/3/tutorial/errors.html,1,1,1
/3/tutorial/inputoutput.html,1,1,963
/3/tutorial/venv.html,1,1,160
/3/whatsnew/3.13.html,1,1,8
/ja/3.13/library/re.html,1,1,52
/pl/3.13/tutorial/classes.html,1,1,143
/zh-cn/3.12/library/filecmp.html,1,1,1935
/zh-cn/3.13/,1,1,466
/zh-cn/3.13/c-api/intro.html,1,1,24
/zh-cn/3.13/howto/functional.html,1,1,351
/zh-cn/3.13/library/urllib.html,1,1,11
/zh-cn/3.13/reference/index.html,1,1,359
/zh-cn/3.13/tutorial/controlflow.html,1,1,4035
/zh-cn/3.13/using/mac.html,1,1,436
/zh-cn/3.13/whatsnew/3.13.html,1,1,53
/zh-cn/3.13/whatsnew/3.7.html,1,1,447
/zh-cn/3/,1,1,1262
/zh-cn/3/library/argparse.html,1,1,177
/zh-cn/3/library/index.html,1,1,487
/zh-cn/3/library/operator.html,1,1,1062
/zh-cn/3/library/queue.html,1,1,3375
/zh-cn/3/library/sys.html,1,1,3403
/zh-cn/3/using/windows.html,1,1,16
/zh-cn/3/whatsnew/3.12.html,1,1,216
/zh-cn/3/whatsnew/index.html,1,1,2424
/zh-tw/3.12/,1,1,253
/zh-tw/3.12/c-api/conversion.html,1,1,292
/zh-tw/3.12/c-api/frame.html,1,1,0
/zh-tw/3.12/c-api/import.html,1,1,36
/zh-tw/3.12/howto/argparse.html,1,1,0
/zh-tw/3.12/howto/logging.html,1,1,0
/zh-tw/3.12/index.html,1,1,0
/zh-tw/3.12/library/,1,1,0
/zh-tw/3.12/library/__main__.html,1,1,0
/zh-tw/3.12/library/audioop.html,1,1,0
/zh-tw/3.12/library/datetime.html,1,1,0
/zh-tw/3.12/library/dis.html,1,1,0
/zh-tw/3.12/library/index.html,1,1,3
/zh-tw/3.12/library/itertools.html,1,1,0
/zh-tw/3.12/library/math.html,1,1,0
/zh-tw/3.12/library/re.html,1,1,0
/zh-tw/3.12/library/tkinter.font.html,1,1,0
/zh-tw/3.12/library/typing.html,1,1,0
/zh-tw/3.12/tutorial/,1,1,0
/zh-tw/3.12/tutorial/classes.html,1,1,0
/zh-tw/3.12/tutorial/controlflow.html,1,1,0
/zh-tw/3.12/tutorial/errors.html,1,1,0
/zh-tw/3.12/tutorial/index.html,1,1,0
/zh-tw/3.12/tutorial/stdlib.html,1,1,0
/zh-tw/3.12/using/configure.html,1,1,0
/zh-tw/3.13/c-api/complex.html,1,1,0
/zh-tw/3.13/c-api/file.html,1,1,142
/zh-tw/3.13/c-api/intro.html,1,1,21
/zh-tw/3.13/contents.html,1,1,0
/zh-tw/3.13/faq/design.html,1,1,0
/zh-tw/3.13/faq/general.html,1,1,0
/zh-tw/3.13/faq/gui.html,1,1,0
/zh-tw/3.13/faq/programming.html,1,1,2856
/zh-tw/3.13/genindex.html,1,1,44
/zh-tw/3.13/howto/pyporting.html,1,1,634
/zh-tw/3.13/library/asyncio-dev.html,1,1,0
/zh-tw/3.13/library/asyncio-queue.html,1,1,0
/zh-tw/3.13/library/asyncio-stream.html,1,1,1004
/zh-tw/3.13/library/atexit.html,1,1,0
/zh-tw/3.13/library/base64.html,1,1,0
/zh-tw/3.13/library/collections.html,1,1,0
/zh-tw/3.13/library/csv.html,1,1,0
/zh-tw/3.13/library/exceptions.html,1,1,0
/zh-tw/3.13/library/fractions.html,1,1,0
/zh-tw/3.13/library/ftplib.html,1,1,39
