name,visitors,bounce_rate,visit_duration
Direct / None,1682,81,93
google.com,1239,72,170
m.baidu.com,961,66,36
google.co.jp,95,70,207
qiita.com,85,74,91
note.nkmk.me,60,77,134
so.m.sm.cn/s,54,89,26
search.yahoo.co.jp,43,85,20
so.m.sm.cn,38,97,0
bing.com,34,64,82
chatgpt.com,19,58,50
baidu.com,16,71,17
utokyo-ipp.github.io,15,67,237
python.org,12,0,412
python.jp,11,45,47
baidu.com/link,8,62,72
chokkan.github.io,8,88,14
duckduckgo.com,5,100,0
m.baidu.com/s,5,60,4
quark.sm.cn,5,80,12
atcoder.jp,4,100,0
github.com,3,100,0
algo-method.com,2,0,1064
cn.bing.com,2,0,1838
dev.classmethod.jp,2,100,0
diver.diveintocode.jp,2,67,3
docs.google.com,2,100,283
dynalist.io,2,100,0
excel-ubara.com,2,50,49
jp.quora.com,2,100,7
m.baidu.com/from=1001703a/bd_page_type=1/ssid=0/uid=0/pu=usm%400%2Csz%401320_1001%2Cta%40iphone_2_9.0_18_20.9/baiduid=66FC53B72DF5D3D3A1D394E4586ABF14/w=0_10_/t=iphone/l=1/tc,2,100,0
m.baidu.com/from=1013672g/bd_page_type=1/ssid=0/uid=0/pu=usm%400%2Csz%401320_1004%2Cta%40iphone_2_11.0_11_18.1/baiduid=4ED0A7891AADD8F9C9EE8C0AA54D6272/w=0_10_/t=iphone/l=1/tc,2,100,0
paiza.jp/works/python/trial/python-trial-1/62000,2,50,5
paiza.jp/works/python3/primer/beginner-python2/4015,2,100,0
sejuku.net,2,50,879
sm.cn,2,50,2
teratail.com,2,50,34
tutorials.chainer.org,2,50,545
udemy.com,2,100,14
www5.learningpark.jp,2,50,302
altx.co.jp,1,100,0
analytics-note.xyz,1,100,0
app.hireroo.io,1,100,0
atmarkit.itmedia.co.jp/ait/articles/2409/03/news022.html,1,0,328
ceh-cosmo-oil.aidemy.jp,1,100,0
decathlon.hakatashi.com,1,100,0
denshi.club,1,100,0
docs.aiohttp.org/en/stable/web_reference.html,1,0,2775
docs.pyq.jp,1,100,0
dotinstall.com,1,100,0
engineercafe.connpass.com,1,0,53
free.aidemy.jp,1,100,0
gemini.google.com,1,0,25
geragera.jword.jp,1,100,0
github.com/toshiaki1729/dataset-tag-editor-standalone/blob/main/README-JP.md,1,0,155
github.com/toshiaki1729/stable-diffusion-webui-dataset-tag-editor/blob/main/README-JP.md,1,100,0
google.com.au,1,100,0
hirahira.blog/python3-basic-exam-method,1,100,0
ja.m.wikipedia.org,1,100,0
l.facebook.com,1,0,4577
learn.microsoft.com,1,0,193
lifewithpython.com,1,100,0
lms.omu.ac.jp,1,100,0
lms.ynu.ac.jp,1,0,15
loftkun-slidev-example.netlify.app,1,100,0
m.baidu.com/from=0/bd_page_type=1/ssid=0/uid=0/pu=sz%401320_1003%2Cta%40iphone_2_12.0_1_17.5%2Cusm%400/baiduid=E0C29EC9DFAA4F14682BF00B133DEC36/w=0_10_/t=iphone/l=1/tc,1,0,12
m.baidu.com/from=0/bd_page_type=1/ssid=0/uid=0/pu=usm%400%2Csz%401320_220%2Cta%40iphone___24_69.0/baiduid=49A7309AB6758F598456063AD1346954/w=0_10_/t=iphone/l=1/tc,1,100,0
m.baidu.com/from=1000539d/bd_page_type=1/ssid=0/uid=0/pu=usm%401%2Csz%401320_220%2Cta%40iphone___3_605/baiduid=C3F52E39671FDCB4F77E5383EFA40EA2/w=0_10_/t=iphone/l=1/tc,1,0,1251
m.baidu.com/from=1001192y/bd_page_type=1/ssid=0/uid=0/pu=sz%401320_1001%2Cta%40iphone_2_10.0_28_14.0%2Cusm%400/baiduid=91606D6EEFC350D4A095EAF8B446E8F8/w=0_10_/t=iphone/l=1/tc,1,0,166
m.baidu.com/from=1001192y/bd_page_type=1/ssid=0/uid=0/pu=sz%401320_1001%2Cta%40iphone_2_10.0_28_15.0%2Cusm%400/baiduid=EEF2D5E75F5FF2D71B5B59B7038EEE9D/w=0_10_/t=iphone/l=1/tc,1,0,161
m.baidu.com/from=1001192y/bd_page_type=1/ssid=0/uid=0/pu=sz%401320_1001%2Cta%40iphone_2_10.0_28_16.0%2Cusm%400/baiduid=1B3EC15ADBEE8026C0ACF5117F324D4E/w=0_10_/t=iphone/l=1/tc,1,0,23
m.baidu.com/from=1001192y/bd_page_type=1/ssid=0/uid=0/pu=sz%401320_1001%2Cta%40iphone_2_12.0_28_16.0%2Cusm%400/baiduid=8B0C69AC869A3054F224025D5A63C95E/w=0_10_/t=iphone/l=1/tc,1,0,10
m.baidu.com/from=1001192y/bd_page_type=1/ssid=0/uid=0/pu=sz%401320_1001%2Cta%40iphone_2_12.0_28_16.0%2Cusm%400/baiduid=9788F1CF3F58A2FECE548339587E298A/w=0_10_/t=iphone/l=1/tc,1,0,10
m.baidu.com/from=1001192y/bd_page_type=1/ssid=0/uid=0/pu=sz%401320_1001%2Cta%40iphone_2_12.0_28_16.0%2Cusm%400/baiduid=A3D37FBB39B4ED64CB4EAFE2EC085274/w=0_10_/t=iphone/l=1/tc,1,0,0
m.baidu.com/from=1001192y/bd_page_type=1/ssid=0/uid=0/pu=sz%401320_1001%2Cta%40iphone_2_12.0_28_16.0%2Cusm%400/baiduid=BC8B88EF19D601F7A4AC76966BD36118/w=0_10_/t=iphone/l=1/tc,1,0,858
m.baidu.com/from=1001192y/bd_page_type=1/ssid=0/uid=0/pu=sz%401320_1001%2Cta%40iphone_2_12.0_28_16.0%2Cusm%400/baiduid=D11410086B629E8A2693946D50569525/w=0_10_/t=iphone/l=1/tc,1,0,7
m.baidu.com/from=1001192y/bd_page_type=1/ssid=0/uid=0/pu=sz%401320_220%2Cta%40iphone___24_114.0%2Cusm%400/baiduid=D3AC8E53779C7FC994413E137EC1F655/w=0_10_/t=iphone/l=1/tc,1,0,1
m.baidu.com/from=1001192y/bd_page_type=1/ssid=0/uid=0/pu=sz%401320_220%2Cta%40iphone___24_114.0%2Cusm%400/baiduid=ECE5E1AB1677E01B266567FFE365EE14/w=0_10_/t=iphone/l=1/tc,1,0,0
m.baidu.com/from=1001192y/bd_page_type=1/ssid=0/uid=0/pu=usm%400%2Csz%401320_1001%2Cta%40iphone_2_10.0_28_15.0/baiduid=BDB9D6A1212BE5F1E5E80990469AFA52/w=0_10_/t=iphone/l=1/tc,1,100,0
m.baidu.com/from=1001192y/bd_page_type=1/ssid=0/uid=0/pu=usm%400%2Csz%401320_1001%2Cta%40iphone_2_10.0_28_15.0/baiduid=D6D95E67D7A57E52E04983FE1333474A/w=0_10_/t=iphone/l=1/tc,1,0,1095
m.baidu.com/from=1001192y/bd_page_type=1/ssid=0/uid=0/pu=usm%400%2Csz%401320_1001%2Cta%40iphone_2_10.0_28_16.0/baiduid=1B3EC15ADBEE8026C0ACF5117F324D4E/w=0_10_/t=iphone/l=1/tc,1,0,0
m.baidu.com/from=1001192y/bd_page_type=1/ssid=0/uid=0/pu=usm%400%2Csz%401320_1001%2Cta%40iphone_2_10.0_28_16.0/baiduid=1E8ACCA90B847B764A8D13FBA34BCAFF/w=0_10_/t=iphone/l=1/tc,1,0,183
m.baidu.com/from=1001192y/bd_page_type=1/ssid=0/uid=0/pu=usm%400%2Csz%401320_1001%2Cta%40iphone_2_10.0_28_16.0/baiduid=41C94B8EC870C9B0E6EDD03D6A6756F5/w=0_10_/t=iphone/l=1/tc,1,0,0
m.baidu.com/from=1001192y/bd_page_type=1/ssid=0/uid=0/pu=usm%400%2Csz%401320_1001%2Cta%40iphone_2_10.0_28_16.0/baiduid=5FB408C4AFF36312439F872C92E3385A/w=0_10_/t=iphone/l=1/tc,1,0,69
m.baidu.com/from=1001192y/bd_page_type=1/ssid=0/uid=0/pu=usm%400%2Csz%401320_1001%2Cta%40iphone_2_10.0_28_16.0/baiduid=92EC76ECCEA0949E2884603A92E0F680/w=0_10_/t=iphone/l=1/tc,1,0,11
m.baidu.com/from=1001192y/bd_page_type=1/ssid=0/uid=0/pu=usm%400%2Csz%401320_1001%2Cta%40iphone_2_10.0_28_16.0/baiduid=B3281418D8F193E0716C30092C84866C/w=0_10_/t=iphone/l=1/tc,1,0,218
m.baidu.com/from=1001192y/bd_page_type=1/ssid=0/uid=0/pu=usm%400%2Csz%401320_1001%2Cta%40iphone_2_10.0_28_16.0/baiduid=F4ED9F5A406260D8BF86347216EA4014/w=0_10_/t=iphone/l=1/tc,1,100,0
m.baidu.com/from=1001192y/bd_page_type=1/ssid=0/uid=0/pu=usm%400%2Csz%401320_1001%2Cta%40iphone_2_12.0_28_12.0/baiduid=6BADC92481B2420D63475FF73DBC84E9/w=0_10_/t=iphone/l=1/tc,1,0,49
m.baidu.com/from=1001192y/bd_page_type=1/ssid=0/uid=0/pu=usm%400%2Csz%401320_1001%2Cta%40iphone_2_12.0_28_16.0/baiduid=01A3BCF1CD6A5CD9DADBD0736C76D9E7/w=0_10_/t=iphone/l=1/tc,1,0,17
m.baidu.com/from=1001192y/bd_page_type=1/ssid=0/uid=0/pu=usm%400%2Csz%401320_1001%2Cta%40iphone_2_12.0_28_16.0/baiduid=06C62476C59529C0186DE54BC9AC6BAE/w=0_10_/t=iphone/l=1/tc,1,0,0
m.baidu.com/from=1001192y/bd_page_type=1/ssid=0/uid=0/pu=usm%400%2Csz%401320_1001%2Cta%40iphone_2_12.0_28_16.0/baiduid=0DBD743656DD01ADC650DD1B006AE3D9/w=0_10_/t=iphone/l=1/tc,1,0,7
m.baidu.com/from=1001192y/bd_page_type=1/ssid=0/uid=0/pu=usm%400%2Csz%401320_1001%2Cta%40iphone_2_12.0_28_16.0/baiduid=0ECA1204001AD983D2A6B1343EF6C76B/w=0_10_/t=iphone/l=1/tc,1,0,59
m.baidu.com/from=1001192y/bd_page_type=1/ssid=0/uid=0/pu=usm%400%2Csz%401320_1001%2Cta%40iphone_2_12.0_28_16.0/baiduid=1C7C733521C6627E6519CA0985F5A0B8/w=0_10_/t=iphone/l=1/tc,1,0,23
m.baidu.com/from=1001192y/bd_page_type=1/ssid=0/uid=0/pu=usm%400%2Csz%401320_1001%2Cta%40iphone_2_12.0_28_16.0/baiduid=262BE2C1C525AD3C185C122CCD920944/w=0_10_/t=iphone/l=1/tc,1,0,0
m.baidu.com/from=1001192y/bd_page_type=1/ssid=0/uid=0/pu=usm%400%2Csz%401320_1001%2Cta%40iphone_2_12.0_28_16.0/baiduid=262DE68D0955B2A28B6A603F40D6B46A/w=0_10_/t=iphone/l=1/tc,1,0,0
m.baidu.com/from=1001192y/bd_page_type=1/ssid=0/uid=0/pu=usm%400%2Csz%401320_1001%2Cta%40iphone_2_12.0_28_16.0/baiduid=4A94F3294964D96FEDCFBEFB987A1F7D/w=0_10_/t=iphone/l=1/tc,1,0,6
m.baidu.com/from=1001192y/bd_page_type=1/ssid=0/uid=0/pu=usm%400%2Csz%401320_1001%2Cta%40iphone_2_12.0_28_16.0/baiduid=4B2A86CA39AF981F1096E6377165F17F/w=0_10_/t=iphone/l=1/tc,1,0,1377
m.baidu.com/from=1001192y/bd_page_type=1/ssid=0/uid=0/pu=usm%400%2Csz%401320_1001%2Cta%40iphone_2_12.0_28_16.0/baiduid=BB31603BEE54BB67F923BA4ADC4ADC57/w=0_10_/t=iphone/l=1/tc,1,100,0
m.baidu.com/from=1001192y/bd_page_type=1/ssid=0/uid=0/pu=usm%400%2Csz%401320_1001%2Cta%40iphone_2_12.0_28_16.0/baiduid=DD3A12394E23D24845E7374BE3571087/w=0_10_/t=iphone/l=1/tc,1,0,41
m.baidu.com/from=1001192y/bd_page_type=1/ssid=0/uid=0/pu=usm%400%2Csz%401320_1001%2Cta%40iphone_2_12.0_28_16.0/baiduid=EE5AED2088A786B1B5FAAD1B7F5063F9/w=0_10_/t=iphone/l=1/tc,1,0,36
m.baidu.com/from=1001192y/bd_page_type=1/ssid=0/uid=0/pu=usm%400%2Csz%401320_1001%2Cta%40iphone_2_9.0_28_11.0/baiduid=0C683608DD65396C0F8FB8DAB81D5E40/w=0_10_/t=iphone/l=1/tc,1,0,0
m.baidu.com/from=1001192y/bd_page_type=1/ssid=0/uid=0/pu=usm%400%2Csz%401320_1001%2Cta%40iphone_2_9.0_28_16.0/baiduid=5AB4F83CEE0FFC0411CDC9025AF4B2F8/w=0_10_/t=iphone/l=1/tc,1,0,57
m.baidu.com/from=1001192y/bd_page_type=1/ssid=0/uid=0/pu=usm%400%2Csz%401320_220%2Cta%40iphone___24_114.0/baiduid=0C01D3AF16E21CF2FEFB34A4E81678B0/w=0_10_/t=iphone/l=1/tc,1,0,62
m.baidu.com/from=1001192y/bd_page_type=1/ssid=0/uid=0/pu=usm%400%2Csz%401320_220%2Cta%40iphone___24_114.0/baiduid=4D761C8137579708B3FECD9A51EB10C9/w=0_10_/t=iphone/l=1/tc,1,0,0
m.baidu.com/from=1001703a/bd_page_type=1/ssid=0/uid=0/pu=sz%401320_1001%2Cta%40iphone_2_10.0_18_40.9%2Cusm%400/baiduid=B7E9E6EC1BF87BDEE3FD5D08975E1902/w=0_10_/t=iphone/l=1/tc,1,100,0
m.baidu.com/from=1001703a/bd_page_type=1/ssid=0/uid=0/pu=sz%401320_1001%2Cta%40iphone_2_12.0_18_40.7%2Cusm%400/baiduid=19190E52184D9232EA1AEADAA1C2415C/w=0_10_/t=iphone/l=1/tc,1,0,130
m.baidu.com/from=1001703a/bd_page_type=1/ssid=0/uid=0/pu=sz%401320_1001%2Cta%40iphone_2_12.0_18_40.8%2Cusm%400/baiduid=63A6955E65BB88A109388EDB355A2853/w=0_10_/t=iphone/l=1/tc,1,0,10
m.baidu.com/from=1001703a/bd_page_type=1/ssid=0/uid=0/pu=sz%401320_1001%2Cta%40iphone_2_12.0_18_40.9%2Cusm%400/baiduid=D8AD412606282336C6B7D0FD82620C4F/w=0_10_/t=iphone/l=1/tc,1,0,14
m.baidu.com/from=1001703a/bd_page_type=1/ssid=0/uid=0/pu=sz%401320_1001%2Cta%40iphone_2_14.0_18_40.8%2Cusm%400/baiduid=4DCAC0C9A39D3F8D62DAE62EF248DAD6/w=0_10_/t=iphone/l=1/tc,1,100,0
m.baidu.com/from=1001703a/bd_page_type=1/ssid=0/uid=0/pu=sz%401320_1001%2Cta%40iphone_2_15.0_18_40.9%2Cusm%400/baiduid=C47BAB5527B2F1DAA1C2E59C522FCAD7/w=0_10_/t=iphone/l=1/tc,1,100,0
m.baidu.com/from=1001703a/bd_page_type=1/ssid=0/uid=0/pu=sz%401320_1001%2Cta%40iphone_2_9.0_18_10.9%2Cusm%400/baiduid=47E6AE56CF62581C54FDB4D041F5DFC2/w=0_10_/t=iphone/l=1/tc,1,100,0
m.baidu.com/from=1001703a/bd_page_type=1/ssid=0/uid=0/pu=usm%400%2Csz%401320_1001%2Cta%40ins_2_13.0_18_40.9/baiduid=51932CA89964F4D35C3FA2FC618B4445/w=0_10_/t=zbios/l=1/tc,1,0,220
m.baidu.com/from=1001703a/bd_page_type=1/ssid=0/uid=0/pu=usm%400%2Csz%401320_1001%2Cta%40ins_2_14.0_18_40.9/baiduid=085B8ACDDDC5210E4735932F197D78AB/w=0_10_/t=zbios/l=1/tc,1,0,5
m.baidu.com/from=1001703a/bd_page_type=1/ssid=0/uid=0/pu=usm%400%2Csz%401320_1001%2Cta%40iphone_2_11.0_18_40.7/baiduid=C2E8001D547BD16436BF90D06C99BEDC/w=0_10_/t=iphone/l=1/tc,1,0,17
m.baidu.com/from=1001703a/bd_page_type=1/ssid=0/uid=0/pu=usm%400%2Csz%401320_1001%2Cta%40iphone_2_11.0_18_40.8/baiduid=055C7BA32CCFF49E73F1ABC35FCC8C23/w=0_10_/t=iphone/l=1/tc,1,100,0
m.baidu.com/from=1001703a/bd_page_type=1/ssid=0/uid=0/pu=usm%400%2Csz%401320_1001%2Cta%40iphone_2_11.0_18_40.8/baiduid=36A89FC20F87F80EF3B6833239C92EA6/w=0_10_/t=iphone/l=1/tc,1,0,1
m.baidu.com/from=1001703a/bd_page_type=1/ssid=0/uid=0/pu=usm%400%2Csz%401320_1001%2Cta%40iphone_2_11.0_18_40.9/baiduid=4596B23525999081F3261309FFC910CB/w=0_10_/t=iphone/l=1/tc,1,0,33
m.baidu.com/from=1001703a/bd_page_type=1/ssid=0/uid=0/pu=usm%400%2Csz%401320_1001%2Cta%40iphone_2_11.0_18_40.9/baiduid=9A1FF56A7754EDCF796210E1BACA60CE/w=0_10_/t=iphone/l=1/tc,1,100,0
m.baidu.com/from=1001703a/bd_page_type=1/ssid=0/uid=0/pu=usm%400%2Csz%401320_1001%2Cta%40iphone_2_11.0_18_40.9/baiduid=CA5EDB8B4D35E7998B18821B1F343483/w=0_10_/t=iphone/l=1/tc,1,0,1300
m.baidu.com/from=1001703a/bd_page_type=1/ssid=0/uid=0/pu=usm%400%2Csz%401320_1001%2Cta%40iphone_2_12.0_18_40.9/baiduid=1F706A9AFFCAEE071EBB587F0E2A222B/w=0_10_/t=iphone/l=1/tc,1,100,0
m.baidu.com/from=1001703a/bd_page_type=1/ssid=0/uid=0/pu=usm%400%2Csz%401320_1001%2Cta%40iphone_2_12.0_18_40.9/baiduid=6BC94070BED51BE0536B3B5E0E0EDCCD/w=10_10_/t=iphone/l=1/tc,1,100,0
m.baidu.com/from=1001703a/bd_page_type=1/ssid=0/uid=0/pu=usm%400%2Csz%401320_1001%2Cta%40iphone_2_12.0_18_40.9/baiduid=D5C9B396DDC0E99707A22BEAE8644D76/w=0_10_/t=iphone/l=1/tc,1,0,6
m.baidu.com/from=1001703a/bd_page_type=1/ssid=0/uid=0/pu=usm%400%2Csz%401320_1001%2Cta%40iphone_2_12.0_18_40.9/baiduid=D78E1FA0B20CB30071B612CE03715EC7/w=0_10_/t=iphone/l=1/tc,1,0,17
m.baidu.com/from=1001703a/bd_page_type=1/ssid=0/uid=0/pu=usm%400%2Csz%401320_1001%2Cta%40iphone_2_13.0_18_40.9/baiduid=A53E284AB586DC2C92FD16C3EECCBDFC/w=0_10_/t=iphone/l=1/tc,1,100,0
m.baidu.com/from=1001703a/bd_page_type=1/ssid=0/uid=0/pu=usm%400%2Csz%401320_1001%2Cta%40iphone_2_14.0_18_40.9/baiduid=05756BAD292CAA1789BCE4B587E2F078/w=0_10_/t=iphone/l=1/tc,1,100,0
m.baidu.com/from=1001703a/bd_page_type=1/ssid=0/uid=0/pu=usm%400%2Csz%401320_1001%2Cta%40iphone_2_14.0_18_40.9/baiduid=69B0D001A3E26E31B4F64A2C555FBB31/w=0_10_/t=iphone/l=1/tc,1,100,0
m.baidu.com/from=1001703a/bd_page_type=1/ssid=0/uid=0/pu=usm%400%2Csz%401320_1001%2Cta%40iphone_2_14.0_18_40.9/baiduid=B3CE32E30887F634625F478201C2961B/w=0_10_/t=iphone/l=1/tc,1,100,0
m.baidu.com/from=1001703a/bd_page_type=1/ssid=0/uid=0/pu=usm%400%2Csz%401320_1001%2Cta%40iphone_2_14.0_18_40.9/baiduid=C30F72FC9A7E6FEF70E55B213F5B40AB/w=0_10_/t=iphone/l=1/tc,1,100,0
m.baidu.com/from=1001703a/bd_page_type=1/ssid=0/uid=0/pu=usm%400%2Csz%401320_1001%2Cta%40iphone_2_14.0_18_40.9/baiduid=DCA803AC376FDA93607FDBC386124CB8/w=0_10_/t=iphone/l=1/tc,1,100,0
m.baidu.com/from=1001703a/bd_page_type=1/ssid=0/uid=0/pu=usm%400%2Csz%401320_1001%2Cta%40iphone_2_15.0_18_40.9/baiduid=8125F5669CFCB8151D289B7E547A7AFF/w=0_10_/t=iphone/l=1/tc,1,100,0
m.baidu.com/from=1001703a/bd_page_type=1/ssid=0/uid=0/pu=usm%400%2Csz%401320_1001%2Cta%40iphone_2_15.0_18_40.9/baiduid=8EA15312A9AEA39859C63891816D2566/w=0_10_/t=iphone/l=1/tc,1,100,0
m.baidu.com/from=1001703a/bd_page_type=1/ssid=0/uid=0/pu=usm%400%2Csz%401320_1001%2Cta%40iphone_2_8.1_18_10.8/baiduid=75C5E1B2B7C4F0DDA4E37898965F30DF/w=0_10_/t=iphone/l=1/tc,1,100,0
m.baidu.com/from=1001703a/bd_page_type=1/ssid=0/uid=0/pu=usm%400%2Csz%401320_1001%2Cta%40iphone_2_8.1_18_4.7/baiduid=60494DA4B5675B6F62771D20031D695E/w=0_10_/t=iphone/l=1/tc,1,100,0
m.baidu.com/from=1001703a/bd_page_type=1/ssid=0/uid=0/pu=usm%400%2Csz%401320_1001%2Cta%40iphone_2_9.0_18_20.9/baiduid=40666A614292EBBA3080388DE459C94B/w=0_10_/t=iphone/l=1/tc,1,100,0
m.baidu.com/from=1001703a/bd_page_type=1/ssid=0/uid=0/pu=usm%400%2Csz%401320_220%2Cta%40iphone___18_10.9/baiduid=9D27B50C1A1247757C0D2D064F90721D/w=0_10_/t=iphone/l=1/tc,1,100,0
m.baidu.com/from=1001703a/bd_page_type=1/ssid=0/uid=0/pu=usm%401%2Csz%401320_1001%2Cta%40iphone_2_10.0_18_40.9/baiduid=28B4BADB3751CF8BDCBD11D8DCF24DE3/w=0_10_/t=iphone/l=1/tc,1,0,275
m.baidu.com/from=1001703a/bd_page_type=1/ssid=0/uid=0/pu=usm%401%2Csz%401320_1001%2Cta%40iphone_2_12.0_18_40.9/baiduid=99CF05925B3C7C73C49B8684F2A07477/w=0_10_/t=iphone/l=1/tc,1,100,0
m.baidu.com/from=1001703y/bd_page_type=1/ssid=0/uid=0/pu=sz%401320_1001%2Cta%40iphone_2_10.0_18_40.9%2Cusm%400/baiduid=B29B711B0E7C24001412FD7ED722144D/w=0_10_/t=iphone/l=1/tc,1,100,0
m.baidu.com/from=1001703y/bd_page_type=1/ssid=0/uid=0/pu=sz%401320_220%2Cta%40iphone___18_40.9%2Cusm%400/baiduid=4FA9B729AF25DEB245E434006A3E1721/w=0_10_/t=iphone/l=1/tc,1,0,31
m.baidu.com/from=1001703y/bd_page_type=1/ssid=0/uid=0/pu=usm%400%2Csz%401320_1001%2Cta%40iphone_2_15.0_18_40.9/baiduid=9D1C8BE4D09F0219A92C27C8F0EE3FAF/w=0_10_/t=iphone/l=1/tc,1,100,0
m.baidu.com/from=1001703y/bd_page_type=1/ssid=ac94g6b3a01000000/uid=0/pu=usm%400%2Csz%401320_220%2Cta%40iphone___18_40.7/baiduid=13B3A09BAACDB3853CDB384B3FE46175/w=0_10_/t=iphone/l=1/tc,1,100,0
m.baidu.com/from=1012018a/bd_page_type=1/ssid=0/uid=0/pu=sz%401320_1001%2Cta%40iphone_2_10.0_19_24.0%2Cusm%400/baiduid=0B02E799DC86D8CD0347E2CB18C3023C/w=0_20_/t=iphone/l=1/tc,1,100,0
m.baidu.com/from=1012018a/bd_page_type=1/ssid=0/uid=0/pu=sz%401320_1001%2Cta%40iphone_2_10.0_19_24.0%2Cusm%400/baiduid=706B6BEF209A63991D863E5E4E82A35B/w=0_20_/t=iphone/l=1/tc,1,100,0
m.baidu.com/from=1012852q/bd_page_type=1/ssid=0/uid=0/pu=sz%401320_1004%2Cta%40iphone_2_11.0_11_16.9%2Cusm%400/baiduid=D0D0E9E3760139665787256956B19557/w=0_10_/t=iphone/l=1/tc,1,0,15
m.baidu.com/from=1012852q/bd_page_type=1/ssid=0/uid=0/pu=sz%401320_1004%2Cta%40iphone_2_13.0_11_18.6%2Cusm%400/baiduid=0C6866B5A27A72EEEEB0DCDFEA293FFD/w=0_10_/t=iphone/l=1/tc,1,0,16
m.baidu.com/from=1012852q/bd_page_type=1/ssid=0/uid=0/pu=sz%401320_1004%2Cta%40iphone_2_14.0_11_19.2%2Cusm%400/baiduid=3122290FD7A4B7641113544037D77465/w=0_10_/t=iphone/l=1/tc,1,100,0
m.baidu.com/from=1012852q/bd_page_type=1/ssid=0/uid=0/pu=sz%401320_1004%2Cta%40iphone_2_14.0_11_19.3%2Cusm%400/baiduid=E7FAA09B05E9F9E8F8A373C8FFA1DFAA/w=0_10_/t=iphone/l=1/tc,1,100,0
m.baidu.com/from=1012852q/bd_page_type=1/ssid=0/uid=0/pu=usm%400%2Csz%401320_1004%2Cta%40iphone_2_12.0_11_19.0/baiduid=B8961CFB18DC8221EA034F6AE1EDFB75/w=0_10_/t=iphone/l=1/tc,1,0,791
m.baidu.com/from=1012852q/bd_page_type=1/ssid=0/uid=0/pu=usm%400%2Csz%401320_1004%2Cta%40iphone_2_12.0_11_19.1/baiduid=4E2651D44BD4694F845E4A6DBB2204D1/w=0_10_/t=iphone/l=1/tc,1,0,29
m.baidu.com/from=1012852q/bd_page_type=1/ssid=0/uid=0/pu=usm%400%2Csz%401320_1004%2Cta%40iphone_2_13.0_11_19.0/baiduid=F750A90C0FA0B74AFA9D5E0F87CC1E5F/w=0_10_/t=iphone/l=1/tc,1,0,27
m.baidu.com/from=1012852q/bd_page_type=1/ssid=0/uid=0/pu=usm%400%2Csz%401320_1004%2Cta%40iphone_2_14.0_11_17.8/baiduid=18CAB6F5D304B74EB8732FAB8B89DDAC/w=0_10_/t=iphone/l=1/tc,1,100,0
m.baidu.com/from=1012852q/bd_page_type=1/ssid=0/uid=0/pu=usm%400%2Csz%401320_1004%2Cta%40iphone_2_14.0_11_19.0/baiduid=9DB5966FE1B95C16F2252B281124A59B/w=0_10_/t=iphone/l=1/tc,1,0,12
m.baidu.com/from=1012852q/bd_page_type=1/ssid=0/uid=0/pu=usm%400%2Csz%401320_1004%2Cta%40iphone_2_14.0_11_19.1/baiduid=42A3612C5789A026EDB5F585FCD5117A/w=0_10_/t=iphone/l=1/tc,1,100,0
m.baidu.com/from=1012852q/bd_page_type=1/ssid=0/uid=0/pu=usm%400%2Csz%401320_1004%2Cta%40iphone_2_14.0_11_19.3/baiduid=823C6B091033AD12A40F075827B11C27/w=0_10_/t=iphone/l=1/tc,1,0,12
m.baidu.com/from=1012852q/bd_page_type=1/ssid=0/uid=0/pu=usm%400%2Csz%401320_1004%2Cta%40iphone_2_14.0_11_19.3/baiduid=D776ED308504A1D394E157C168031FF6/w=0_10_/t=iphone/l=1/tc,1,100,0
m.baidu.com/from=1012852q/bd_page_type=1/ssid=0/uid=0/pu=usm%400%2Csz%401320_1004%2Cta%40iphone_2_15.0_11_19.3/baiduid=0EDA854A704B6AA45A1E4AEC566F0AC5/w=0_10_/t=iphone/l=1/tc,1,100,0
m.baidu.com/from=1012852q/bd_page_type=1/ssid=0/uid=0/pu=usm%400%2Csz%401320_1004%2Cta%40iphone_2_15.0_11_19.3/baiduid=66D03DF147745B14C3678E2161409A3B/w=0_10_/t=iphone/l=1/tc,1,100,0
m.baidu.com/from=1012852q/bd_page_type=1/ssid=0/uid=0/pu=usm%400%2Csz%401320_220%2Cta%40iphone___11_19.0/baiduid=01025C97804EA13B3851482741DC71F1/w=0_10_/t=iphone/l=1/tc,1,100,0
m.baidu.com/from=1012852q/bd_page_type=1/ssid=0/uid=0/pu=usm%403%2Csz%401320_1004%2Cta%40iphone_2_13.0_11_19.3/baiduid=5A05764AC69446609EDBE73A32B458BC/w=10_10_/t=iphone/l=1/tc,1,0,8
m.baidu.com/from=1013672g/bd_page_type=1/ssid=0/uid=0/pu=sz%401320_1004%2Cta%40iphone_2_14.0_11_19.3%2Cusm%400/baiduid=18EE5E3E45B6F8BE0F5D7C64B01B39B0/w=0_10_/t=iphone/l=1/tc,1,100,0
m.baidu.com/from=1013672z/ssid=0/pu=osname%40baiduboxapp%2Ccfrom%401026904e%2Csz%401320_480%2Cctv%402%2Cc3_aid%40A00-LO5XFJ6ZFLMVVLHLJK7CVA5NAZOZS7F5-NELGCKWN%2Ccen%40cuid_cua_cut%2Cvmgdb%400020100228y%2Ccua%40_a-qiyuOvig-NE64I5me6NN0v8zTa2IB_C2Hiyat2iqlC%2Ccsrc%40home_box_txt%2Ccuid%4008vPtgPWvu0ru-ailP2R808-Saj8avtq_uSct_iFviKXLqqqB/s,1,0,13
m.baidu.com/from=1013966u/bd_page_type=1/ssid=0/uid=0/pu=sz%401320_1001%2Cta%40iphone_2_10.0_19_24.0%2Cusm%400/baiduid=F71288B5297822104F9CDAC300C0FF73/w=0_10_/t=iphone/l=1/tc,1,100,0
m.baidu.com/from=1013966u/bd_page_type=1/ssid=0/uid=0/pu=sz%401320_1001%2Cta%40iphone_2_10.0_19_24.1%2Cusm%400/baiduid=509C8AD64C2E6BADB8CDA3477494A062/w=0_10_/t=iphone/l=1/tc,1,100,0
m.baidu.com/from=1013966u/bd_page_type=1/ssid=0/uid=0/pu=sz%401320_1001%2Cta%40iphone_2_14.0_19_23.7%2Cusm%400/baiduid=3EBF8AAEFF76B8F1BBD38D454B07252E/w=0_10_/t=iphone/l=1/tc,1,0,2
m.baidu.com/from=1013966u/bd_page_type=1/ssid=0/uid=0/pu=sz%401320_1001%2Cta%40iphone_2_15.0_19_24.1%2Cusm%400/baiduid=7AFDCC94EBED64434383D7989610EE93/w=0_10_/t=iphone/l=1/tc,1,100,0
m.baidu.com/from=1013966u/bd_page_type=1/ssid=0/uid=0/pu=sz%401320_1001%2Cta%40iphone_2_15.0_19_24.1%2Cusm%400/baiduid=8B2B1341E5376D103F60C409464DF13D/w=0_10_/t=iphone/l=1/tc,1,100,0
m.baidu.com/from=1013966u/bd_page_type=1/ssid=0/uid=0/pu=usm%400%2Csz%401320_1001%2Cta%40iphone_2_10.0_19_23.9/baiduid=B555DF8491A3CB51A5554461504E94DA/w=0_10_/t=iphone/l=1/tc,1,100,0
m.baidu.com/from=1013966u/bd_page_type=1/ssid=0/uid=0/pu=usm%400%2Csz%401320_1001%2Cta%40iphone_2_10.0_19_24.1/baiduid=FD93679954BE317F8B4FBBD65CACD400/w=0_10_/t=iphone/l=1/tc,1,100,0
m.baidu.com/from=1013966u/bd_page_type=1/ssid=0/uid=0/pu=usm%400%2Csz%401320_1001%2Cta%40iphone_2_11.0_19_23.1/baiduid=AFB989BB7CC86AC2149D077C6585719B/w=0_10_/t=iphone/l=1/tc,1,100,0
m.baidu.com/from=1013966u/bd_page_type=1/ssid=0/uid=0/pu=usm%400%2Csz%401320_1001%2Cta%40iphone_2_11.0_19_23.3/baiduid=D32B4C6EAB8BF641A51EC4C10E7E7FF3/w=0_10_/t=iphone/l=1/tc,1,100,0
m.baidu.com/from=1013966u/bd_page_type=1/ssid=0/uid=0/pu=usm%400%2Csz%401320_1001%2Cta%40iphone_2_11.0_19_24.0/baiduid=4DC00FB88BE41B33F7391F16388FA42A/w=0_10_/t=iphone/l=1/tc,1,100,0
m.baidu.com/from=1013966u/bd_page_type=1/ssid=0/uid=0/pu=usm%400%2Csz%401320_1001%2Cta%40iphone_2_12.0_19_23.9/baiduid=ACBCC7BDFE7C9F0BE0216445246E773F/w=0_10_/t=iphone/l=1/tc,1,100,0
m.baidu.com/from=1013966u/bd_page_type=1/ssid=0/uid=0/pu=usm%400%2Csz%401320_1001%2Cta%40iphone_2_12.0_19_24.0/baiduid=4E16EA64A0C541FBEF4FEBF5B5EDC151/w=0_10_/t=iphone/l=1/tc,1,100,0
m.baidu.com/from=1013966u/bd_page_type=1/ssid=0/uid=0/pu=usm%400%2Csz%401320_1001%2Cta%40iphone_2_13.0_19_24.1/baiduid=9CF5C5BF5153717AC95C8886FD8ED181/w=0_10_/t=iphone/l=1/tc,1,0,7
m.baidu.com/from=1013966u/bd_page_type=1/ssid=0/uid=0/pu=usm%400%2Csz%401320_1001%2Cta%40iphone_2_13.0_19_24.1/baiduid=D6038C51FAB004C0D5E0C871B1B67F7D/w=0_10_/t=iphone/l=1/tc,1,0,27
m.baidu.com/from=1013966u/bd_page_type=1/ssid=0/uid=0/pu=usm%400%2Csz%401320_1001%2Cta%40iphone_2_14.0_19_23.7/baiduid=1750BB372CA93F458ABB4863F5A21AF9/w=0_10_/t=iphone/l=1/tc,1,0,56
m.baidu.com/from=1013966u/bd_page_type=1/ssid=0/uid=0/pu=usm%400%2Csz%401320_1001%2Cta%40iphone_2_14.0_19_23.8/baiduid=20D6B6327C076CFD843C2D854B3555FD/w=0_10_/t=iphone/l=1/tc,1,0,74
m.baidu.com/from=1013966u/bd_page_type=1/ssid=0/uid=0/pu=usm%400%2Csz%401320_1001%2Cta%40iphone_2_14.0_19_24.0/baiduid=9D549D4180BAEFE22752A47F68F39078/w=0_10_/t=iphone/l=1/tc,1,0,46
m.baidu.com/from=1013966u/bd_page_type=1/ssid=0/uid=0/pu=usm%400%2Csz%401320_1001%2Cta%40iphone_2_14.0_19_24.1/baiduid=0B912DDABE6335039E153DFAA5F07916/w=0_10_/t=iphone/l=1/tc,1,0,25
m.baidu.com/from=1013966u/bd_page_type=1/ssid=0/uid=0/pu=usm%400%2Csz%401320_1001%2Cta%40iphone_2_14.0_19_24.1/baiduid=3A84BD2BD69859F91ADCA1515512F1BD/w=0_10_/t=iphone/l=1/tc,1,100,0
m.baidu.com/from=1013966u/bd_page_type=1/ssid=0/uid=0/pu=usm%400%2Csz%401320_1001%2Cta%40iphone_2_15.0_19_24.0/baiduid=389B4C95DF7220FF8BEAA2B773814473/w=0_10_/t=iphone/l=1/tc,1,0,21
m.baidu.com/from=1013966u/bd_page_type=1/ssid=0/uid=0/pu=usm%400%2Csz%401320_1001%2Cta%40iphone_2_15.0_19_24.1/baiduid=02533A813E80126E2189717DCF2F38AB/w=0_10_/t=iphone/l=1/tc,1,100,0
m.baidu.com/from=1014610j/ssid=0/pu=sz%401320_480%2Cctv%402%2Ccua%40_a-qiyuOvfj4NE6lI5me6NIy2IgcaXiHoavjhSdHNqqqB%2Ccfrom%401027978d%2Cc3_aid%40A00-F2DEJ7D4BZFYBBD3UEGNLXEEE3JPGMFA-LG5WZAYD%2Ccen%40cuid_cua_cut%2Ccuid%40_uBWa_aK2tjg8SaIlPH4ugukS8lH8-a4_u2oi_8V2fKkLqqqB%2Ccsrc%40home_box_txt%2Cosbranch%40a2%2Cvmgdb%400020100228y%2Cosname%40baiduboxapp/s,1,100,0
m.baidu.com/from=1015819s/bd_page_type=1/ssid=0/uid=0/pu=sz%401320_1003%2Cta%40iphone_2_10.0_1_17.5%2Cusm%400/baiduid=1507C9265BA491B76A9B8B6FE3468419/w=0_20_/t=iphone/l=1/tc,1,0,262
m.baidu.com/from=1015819s/bd_page_type=1/ssid=0/uid=0/pu=usm%400%2Csz%401320_1001%2Cta%40iphone_2_10.0_28_16.0/baiduid=9E1ECF9BAAED0DCA5F426BDC24DF9BCF/w=0_20_/t=iphone/l=1/tc,1,0,33
m.baidu.com/from=1015819s/bd_page_type=1/ssid=0/uid=0/pu=usm%400%2Csz%401320_1001%2Cta%40iphone_2_9.0_19_23.8/baiduid=09EE29E965238182A485608C1113BA74/w=0_20_/t=iphone/l=1/tc,1,100,0
m.baidu.com/from=1016095t/bd_page_type=1/ssid=0/uid=0/pu=sz%401320_1001%2Cta%40iphone_2_10.0_24_129.0%2Cusm%400/baiduid=125F1D4CA4CA1DBBE86BF4E45DF83085/w=0_20_/t=iphone/l=1/tc,1,0,2
m.baidu.com/from=1016095t/bd_page_type=1/ssid=0/uid=0/pu=sz%401320_1001%2Cta%40iphone_2_10.0_24_129.0%2Cusm%400/baiduid=E544343FFA4E139BCC69C08CC34A858B/w=0_20_/t=iphone/l=1/tc,1,0,30
m.baidu.com/from=1019311a/bd_page_type=1/ssid=0/uid=0/pu=sz%401320_1001%2Cta%40iphone_2_14.0_19_24.0%2Cusm%400/baiduid=E49D72A2986D2D4319DCE9E39F0293B8/w=0_10_/t=iphone/l=1/tc,1,100,0
m.baidu.com/from=1019311a/bd_page_type=1/ssid=0/uid=0/pu=sz%401320_1001%2Cta%40iphone_2_9.0_19_24.1%2Cusm%400/baiduid=5F5DAA0A5FCD7E1262522343F0322B65/w=0_10_/t=iphone/l=1/tc,1,100,0
m.baidu.com/from=1019311a/bd_page_type=1/ssid=0/uid=0/pu=sz%401320_1001%2Cta%40iphone_2__24_123.0%2Cusm%400/baiduid=06D7A5D39C8A1821CEE3B75DFF702C56/w=0_10_/t=iphone/l=1/tc,1,0,67
m.baidu.com/from=1019311a/bd_page_type=1/ssid=0/uid=0/pu=usm%400%2Csz%401320_1001%2Cta%40iphone_2_10.0_19_23.1/baiduid=AB57137B05220A1271EAB07A162C501F/w=0_10_/t=iphone/l=1/tc,1,100,0
m.baidu.com/from=1019311a/bd_page_type=1/ssid=0/uid=0/pu=usm%400%2Csz%401320_1001%2Cta%40iphone_2_11.0_19_24.0/baiduid=2470EA46D6D670D50D88DB96D7393999/w=0_10_/t=iphone/l=1/tc,1,0,33
m.baidu.com/from=1019311a/bd_page_type=1/ssid=0/uid=0/pu=usm%400%2Csz%401320_1001%2Cta%40iphone_2_13.0_19_23.7/baiduid=E61DF361A1C956B40EDC075F8664906D/w=0_10_/t=iphone/l=1/tc,1,100,0
m.baidu.com/from=1019311a/bd_page_type=1/ssid=0/uid=0/pu=usm%400%2Csz%401320_1001%2Cta%40iphone_2_13.0_19_24.1/baiduid=E46698DD1FB5B4AF6546EA00A8D3336F/w=0_10_/t=iphone/l=1/tc,1,100,0
m.baidu.com/from=1019311a/bd_page_type=1/ssid=0/uid=0/pu=usm%400%2Csz%401320_1001%2Cta%40iphone_2_14.0_19_24.1/baiduid=5511FDEE2B9D4377FB31BBFAD35AECA2/w=0_10_/t=iphone/l=1/tc,1,100,0
m.baidu.com/from=1019311a/bd_page_type=1/ssid=0/uid=0/pu=usm%400%2Csz%401320_1001%2Cta%40iphone_2_14.0_19_24.1/baiduid=C6DA5E235E950BF36474650ABDF04200/w=0_10_/t=iphone/l=1/tc,1,0,81
m.baidu.com/from=1019311a/bd_page_type=1/ssid=0/uid=0/pu=usm%400%2Csz%401320_1001%2Cta%40iphone_2_15.0_19_23.8/baiduid=EFBD32900093FEDC24F98733344C0D5C/w=0_10_/t=iphone/l=1/tc,1,0,12
m.baidu.com/from=1019311a/bd_page_type=1/ssid=0/uid=0/pu=usm%400%2Csz%401320_1001%2Cta%40iphone_2__24_123.0/baiduid=77E2221A1FCCA076C0A021E0545954BE/w=0_10_/t=iphone/l=1/tc,1,100,0
m.baidu.com/from=1019311a/bd_page_type=1/ssid=0/uid=0/pu=usm%400%2Csz%401320_1001%2Cta%40iphone_2__24_123.0/baiduid=7FED2481209B5D4ADEE6E840A46DEC56/w=0_10_/t=iphone/l=1/tc,1,100,0
m.baidu.com/from=1019311v/bd_page_type=1/ssid=0/uid=0/pu=sz%401320_1001%2Cta%40iphone_2_13.0_19_24.0%2Cusm%400/baiduid=7981B8B11EB328E74974DF1D6EE909D2/w=0_10_/t=iphone/l=1/tc,1,0,14
m.baidu.com/from=1019311v/bd_page_type=1/ssid=0/uid=0/pu=sz%401320_1001%2Cta%40iphone_2_13.0_19_24.1%2Cusm%400/baiduid=71C7E752192BB725DFEBEFF2944A49A9/w=0_10_/t=iphone/l=1/tc,1,100,0
m.baidu.com/from=1019311v/bd_page_type=1/ssid=0/uid=0/pu=sz%401320_1001%2Cta%40iphone_2_14.0_19_23.6%2Cusm%400/baiduid=841A7C97235A04CD4939623F38220658/w=0_10_/t=iphone/l=1/tc,1,100,0
m.baidu.com/from=1019311v/bd_page_type=1/ssid=0/uid=0/pu=sz%401320_1001%2Cta%40iphone_2_15.0_19_23.7%2Cusm%400/baiduid=9AF095A2FE98F79DEFB25F72511FDD73/w=0_10_/t=iphone/l=1/tc,1,100,0
m.baidu.com/from=1019311v/bd_page_type=1/ssid=0/uid=0/pu=sz%401320_1001%2Cta%40iphone_2_15.0_19_24.1%2Cusm%400/baiduid=9F79B2176DD35E748CE1BFC03657D3B9/w=0_10_/t=iphone/l=1/tc,1,0,5
m.baidu.com/from=1019311v/bd_page_type=1/ssid=0/uid=0/pu=usm%400%2Csz%401320_1001%2Cta%40iphone_2_11.0_19_24.0/baiduid=04250307C3382B1D488917FA3E876E96/w=0_10_/t=iphone/l=1/tc,1,100,0
m.baidu.com/from=1019311v/bd_page_type=1/ssid=0/uid=0/pu=usm%400%2Csz%401320_1001%2Cta%40iphone_2_13.0_19_19.0/baiduid=5164700AB2BCFE42ECC664D2D102CC86/w=0_10_/t=iphone/l=1/tc,1,0,3
m.baidu.com/from=1019311v/bd_page_type=1/ssid=0/uid=0/pu=usm%400%2Csz%401320_1001%2Cta%40iphone_2_13.0_19_24.0/baiduid=E338B65270165243BBB0A8E359AAA188/w=0_10_/t=iphone/l=1/tc,1,0,505
m.baidu.com/from=1019311v/bd_page_type=1/ssid=0/uid=0/pu=usm%400%2Csz%401320_1001%2Cta%40iphone_2_13.0_19_24.1/baiduid=C34AA122EE6CFE77B02B048D8EE61BD5/w=0_10_/t=iphone/l=1/tc,1,0,18
m.baidu.com/from=1019311v/bd_page_type=1/ssid=0/uid=0/pu=usm%400%2Csz%401320_1001%2Cta%40iphone_2_14.0_19_24.1/baiduid=7D8682A2ABB451AE9122190B9081A26D/w=0_10_/t=iphone/l=1/tc,1,0,3
m.baidu.com/from=1019311v/bd_page_type=1/ssid=0/uid=0/pu=usm%400%2Csz%401320_1001%2Cta%40iphone_2_15.0_19_24.0/baiduid=8EABC82D47D89E65FC7880D040E436C2/w=0_10_/t=iphone/l=1/tc,1,100,0
m.baidu.com/from=1019311v/bd_page_type=1/ssid=0/uid=0/pu=usm%400%2Csz%401320_1001%2Cta%40iphone_2_15.0_19_24.1/baiduid=5BA53CCBF742BF8EB790F9DB80C49F38/w=0_10_/t=iphone/l=1/tc,1,100,0
m.baidu.com/from=1019311v/bd_page_type=1/ssid=0/uid=0/pu=usm%400%2Csz%401320_1001%2Cta%40iphone_2_15.0_19_24.1/baiduid=ADA3D062A4D4D4E104F1822B5F1BB068/w=0_10_/t=iphone/l=1/tc,1,100,0
m.baidu.com/from=1019311v/bd_page_type=1/ssid=0/uid=0/pu=usm%400%2Csz%401320_1001%2Cta%40iphone_2_15.0_19_24.1/baiduid=ED0E7BBB15F5F7A53EEC5BB1AF14DCA1/w=0_10_/t=iphone/l=1/tc,1,100,0
m.baidu.com/from=1019311v/bd_page_type=1/ssid=0/uid=0/pu=usm%400%2Csz%401320_1001%2Cta%40iphone_2_8.1_19_24.0/baiduid=0F5EE1B929A50A2E972132D86D2DE508/w=0_10_/t=iphone/l=1/tc,1,0,5
m.baidu.com/from=1019311v/bd_page_type=1/ssid=0/uid=0/pu=usm%400%2Csz%401320_1001%2Cta%40iphone_2_8.1_19_24.0/baiduid=5EC023249F98F7CE20781FA5D505708B/w=0_10_/t=iphone/l=1/tc,1,100,0
m.baidu.com/from=1019311v/bd_page_type=1/ssid=0/uid=0/pu=usm%401%2Csz%401320_1001%2Cta%40iphone_2_10.0_19_24.1/baiduid=1CB2D275CEAB4A7DC30BADEAA8145907/w=0_10_/t=iphone/l=1/tc,1,0,6
m.baidu.com/from=1019311v/bd_page_type=1/ssid=0/uid=0/pu=usm%401%2Csz%401320_1001%2Cta%40iphone_2_15.0_19_24.0/baiduid=E2EBC5FD32F8A0E874B0CF12B96127CA/w=0_10_/t=iphone/l=1/tc,1,100,0
m.baidu.com/from=1020761f/bd_page_type=1/ssid=0/uid=0/pu=sz%401320_1001%2Cta%40iphone_2_10.0_19_23.7%2Cusm%400/baiduid=3A09464FB6435A459760F9FEC1D5A8B4/w=0_10_/t=iphone/l=1/tc,1,0,3
m.baidu.com/from=1020761f/bd_page_type=1/ssid=0/uid=0/pu=sz%401320_1001%2Cta%40iphone_2_11.0_19_23.3%2Cusm%400/baiduid=F3F04D576B8403EA8B79090DB89447A3/w=0_10_/t=iphone/l=1/tc,1,100,0
m.baidu.com/from=1020761f/bd_page_type=1/ssid=0/uid=0/pu=sz%401320_1001%2Cta%40iphone_2_11.0_19_23.7%2Cusm%400/baiduid=E7CE2C5660AC625057AD0D2DF78D26FB/w=0_10_/t=iphone/l=1/tc,1,100,0
m.baidu.com/from=1020761f/bd_page_type=1/ssid=0/uid=0/pu=sz%401320_1001%2Cta%40iphone_2_11.0_19_24.0%2Cusm%400/baiduid=89C1111F8D2DAF6FD5B6590662C5988E/w=0_10_/t=iphone/l=1/tc,1,0,8
m.baidu.com/from=1020761f/bd_page_type=1/ssid=0/uid=0/pu=sz%401320_1001%2Cta%40iphone_2_11.0_19_24.1%2Cusm%400/baiduid=2648B88C1CB6ECD99E6280134FE16E29/w=0_10_/t=iphone/l=1/tc,1,100,0
m.baidu.com/from=1020761f/bd_page_type=1/ssid=0/uid=0/pu=sz%401320_1001%2Cta%40iphone_2_12.0_19_24.1%2Cusm%400/baiduid=0C2EE2E103AC332E2BBD632BB551D480/w=0_10_/t=iphone/l=1/tc,1,0,32
m.baidu.com/from=1020761f/bd_page_type=1/ssid=0/uid=0/pu=sz%401320_1001%2Cta%40iphone_2_12.0_19_24.1%2Cusm%400/baiduid=A5125D8A69043A09ED15A29B21A1A864/w=0_10_/t=iphone/l=1/tc,1,0,168
m.baidu.com/from=1020761f/bd_page_type=1/ssid=0/uid=0/pu=sz%401320_1001%2Cta%40iphone_2_13.0_19_23.7%2Cusm%400/baiduid=08FAAB9CD8D70AB80FF5F371A3152BF4/w=0_10_/t=iphone/l=1/tc,1,0,207
m.baidu.com/from=1020761f/bd_page_type=1/ssid=0/uid=0/pu=sz%401320_1001%2Cta%40iphone_2_13.0_19_24.0%2Cusm%400/baiduid=1C387C92B6A67ED5711AA2771AB0349C/w=0_10_/t=iphone/l=1/tc,1,100,0
m.baidu.com/from=1020761f/bd_page_type=1/ssid=0/uid=0/pu=sz%401320_1001%2Cta%40iphone_2_8.1_19_23.4%2Cusm%400/baiduid=9EC55BD28395F7B039293647B92C4559/w=0_10_/t=iphone/l=1/tc,1,100,0
m.baidu.com/from=1020761f/bd_page_type=1/ssid=0/uid=0/pu=sz%401320_1001%2Cta%40iphone_2_8.1_19_24.0%2Cusm%400/baiduid=4B96493CEDAFBAD692D9AE6FF0E7A903/w=0_10_/t=iphone/l=1/tc,1,0,79
m.baidu.com/from=1020761f/bd_page_type=1/ssid=0/uid=0/pu=sz%401320_1001%2Cta%40iphone_2_9.0_19_23.3%2Cusm%400/baiduid=3531C0009E89B510B9B44CAF1061D50A/w=0_10_/t=iphone/l=1/tc,1,0,16
m.baidu.com/from=1020761f/bd_page_type=1/ssid=0/uid=0/pu=sz%401320_1001%2Cta%40iphone_2__19_23.8%2Cusm%400/baiduid=FD0C22153940D49EBF99BCF27BB4F890/w=0_10_/t=iphone/l=1/tc,1,100,0
m.baidu.com/from=1020761f/bd_page_type=1/ssid=0/uid=0/pu=usm%400%2Csz%401320_1001%2Cta%40iphone_2_10.0_19_23.2/baiduid=801FB7BF503C833F90C10354F609DFA4/w=0_10_/t=iphone/l=1/tc,1,0,1142
m.baidu.com/from=1020761f/bd_page_type=1/ssid=0/uid=0/pu=usm%400%2Csz%401320_1001%2Cta%40iphone_2_10.0_19_23.3/baiduid=1A9DE1D5C6C7381B4F9A15403EC84D65/w=0_10_/t=iphone/l=1/tc,1,100,0
m.baidu.com/from=1020761f/bd_page_type=1/ssid=0/uid=0/pu=usm%400%2Csz%401320_1001%2Cta%40iphone_2_10.0_19_23.6/baiduid=1D962605387F1B97DF45E999E3641B77/w=0_10_/t=iphone/l=1/tc,1,100,0
m.baidu.com/from=1020761f/bd_page_type=1/ssid=0/uid=0/pu=usm%400%2Csz%401320_1001%2Cta%40iphone_2_10.0_19_23.8/baiduid=FE42D70DA866CD2157D65818710C623F/w=0_10_/t=iphone/l=1/tc,1,0,23
m.baidu.com/from=1020761f/bd_page_type=1/ssid=0/uid=0/pu=usm%400%2Csz%401320_1001%2Cta%40iphone_2_10.0_19_24.1/baiduid=29086FA7AEBB1FE9DB2258489C533692/w=0_10_/t=iphone/l=1/tc,1,0,9
m.baidu.com/from=1020761f/bd_page_type=1/ssid=0/uid=0/pu=usm%400%2Csz%401320_1001%2Cta%40iphone_2_10.0_19_24.1/baiduid=A0DFBD156545EC628166D4BBE51198AE/w=0_10_/t=iphone/l=1/tc,1,100,0
m.baidu.com/from=1020761f/bd_page_type=1/ssid=0/uid=0/pu=usm%400%2Csz%401320_1001%2Cta%40iphone_2_10.0_19_24.1/baiduid=D9E78E65213FFCE9AE04EEA986A2A3C5/w=0_10_/t=iphone/l=1/tc,1,100,0
m.baidu.com/from=1020761f/bd_page_type=1/ssid=0/uid=0/pu=usm%400%2Csz%401320_1001%2Cta%40iphone_2_11.0_19_23.4/baiduid=716A326B0029DFE84E5EEF541B99A9C3/w=0_10_/t=iphone/l=1/tc,1,100,0
m.baidu.com/from=1020761f/bd_page_type=1/ssid=0/uid=0/pu=usm%400%2Csz%401320_1001%2Cta%40iphone_2_11.0_19_24.0/baiduid=014BAEA1C44EE44DD38D4875134A6011/w=0_10_/t=iphone/l=1/tc,1,0,25
m.baidu.com/from=1020761f/bd_page_type=1/ssid=0/uid=0/pu=usm%400%2Csz%401320_1001%2Cta%40iphone_2_11.0_19_24.0/baiduid=A86D5BBDCD425F523079C859AFCCEB76/w=0_10_/t=iphone/l=1/tc,1,100,0
m.baidu.com/from=1020761f/bd_page_type=1/ssid=0/uid=0/pu=usm%400%2Csz%401320_1001%2Cta%40iphone_2_11.0_19_24.1/baiduid=239FE6BA8CC8A736B13A6ED75B5E8A82/w=0_10_/t=iphone/l=1/tc,1,100,0
m.baidu.com/from=1020761f/bd_page_type=1/ssid=0/uid=0/pu=usm%400%2Csz%401320_1001%2Cta%40iphone_2_11.0_19_24.1/baiduid=43E08C537B60DB6A76A7B3F4C6C9396D/w=0_10_/t=iphone/l=1/tc,1,0,140
m.baidu.com/from=1020761f/bd_page_type=1/ssid=0/uid=0/pu=usm%400%2Csz%401320_1001%2Cta%40iphone_2_11.0_19_24.1/baiduid=ACCD2310B2C40323DCC2F6E5EBA33C0B/w=0_10_/t=iphone/l=1/tc,1,100,0
m.baidu.com/from=1020761f/bd_page_type=1/ssid=0/uid=0/pu=usm%400%2Csz%401320_1001%2Cta%40iphone_2_11.0_19_24.1/baiduid=F25AD47100C8F32E1AB23F30C7BAAC04/w=0_10_/t=iphone/l=1/tc,1,100,0
m.baidu.com/from=1020761f/bd_page_type=1/ssid=0/uid=0/pu=usm%400%2Csz%401320_1001%2Cta%40iphone_2_11.0_19_24.6/baiduid=F26FB67A778FEEA47AEC6E93B8D7CEDF/w=0_10_/t=iphone/l=1/tc,1,100,0
m.baidu.com/from=1020761f/bd_page_type=1/ssid=0/uid=0/pu=usm%400%2Csz%401320_1001%2Cta%40iphone_2_12.0_19_24.0/baiduid=A37E8175A6CD6E73BC6AED9CAE3FD3D1/w=0_10_/t=iphone/l=1/tc,1,100,0
m.baidu.com/from=1020761f/bd_page_type=1/ssid=0/uid=0/pu=usm%400%2Csz%401320_1001%2Cta%40iphone_2_13.0_19_23.7/baiduid=78E1ED1B2BAEC3D7E29BEF460D104CF6/w=0_10_/t=iphone/l=1/tc,1,100,0
m.baidu.com/from=1020761f/bd_page_type=1/ssid=0/uid=0/pu=usm%400%2Csz%401320_1001%2Cta%40iphone_2_13.0_19_24.0/baiduid=0764B26DE8359090A536444A935FBA5B/w=0_10_/t=iphone/l=1/tc,1,100,0
m.baidu.com/from=1020761f/bd_page_type=1/ssid=0/uid=0/pu=usm%400%2Csz%401320_1001%2Cta%40iphone_2_13.0_19_24.1/baiduid=0592D2DDEE0FD4AC58DB680CB7EBCAFB/w=0_10_/t=iphone/l=1/tc,1,100,0
m.baidu.com/from=1020761f/bd_page_type=1/ssid=0/uid=0/pu=usm%400%2Csz%401320_1001%2Cta%40iphone_2_13.0_19_24.1/baiduid=59F72EFE73D13FFC806F36EA30537A9E/w=0_10_/t=iphone/l=1/tc,1,100,0
m.baidu.com/from=1020761f/bd_page_type=1/ssid=0/uid=0/pu=usm%400%2Csz%401320_1001%2Cta%40iphone_2_14.0_19_23.1/baiduid=7EACBAE055EF8ED9DB2DD3948EBAA9E2/w=0_10_/t=iphone/l=1/tc,1,100,0
m.baidu.com/from=1020761f/bd_page_type=1/ssid=0/uid=0/pu=usm%400%2Csz%401320_1001%2Cta%40iphone_2_14.0_19_23.9/baiduid=1FD86923BD4E98ACF01FA40AEB0483CA/w=0_10_/t=iphone/l=1/tc,1,100,0
m.baidu.com/from=1020761f/bd_page_type=1/ssid=0/uid=0/pu=usm%400%2Csz%401320_1001%2Cta%40iphone_2_14.0_19_23.9/baiduid=D61EB1468BD14967FF54FF6C0BA0DC93/w=0_10_/t=iphone/l=1/tc,1,100,0
m.baidu.com/from=1020761f/bd_page_type=1/ssid=0/uid=0/pu=usm%400%2Csz%401320_1001%2Cta%40iphone_2_14.0_19_24.0/baiduid=1D8A1370222ACCDD6F74A889B8A16478/w=0_10_/t=iphone/l=1/tc,1,0,38
m.baidu.com/from=1020761f/bd_page_type=1/ssid=0/uid=0/pu=usm%400%2Csz%401320_1001%2Cta%40iphone_2_14.0_19_24.1/baiduid=0856E6B4382773D9AE52EC63C1973644/w=0_10_/t=iphone/l=1/tc,1,0,1270
m.baidu.com/from=1020761f/bd_page_type=1/ssid=0/uid=0/pu=usm%400%2Csz%401320_1001%2Cta%40iphone_2_14.0_19_24.1/baiduid=09AB5A96E836A4B2CFAD2D2A52B0C23E/w=0_10_/t=iphone/l=1/tc,1,0,2
m.baidu.com/from=1020761f/bd_page_type=1/ssid=0/uid=0/pu=usm%400%2Csz%401320_1001%2Cta%40iphone_2_14.0_19_24.1/baiduid=0BC4330D58D79279F71586FDB8075D8C/w=0_10_/t=iphone/l=1/tc,1,0,536
m.baidu.com/from=1020761f/bd_page_type=1/ssid=0/uid=0/pu=usm%400%2Csz%401320_1001%2Cta%40iphone_2_14.0_19_24.1/baiduid=D58251428DA670FB34976DD03B946402/w=0_10_/t=iphone/l=1/tc,1,100,0
m.baidu.com/from=1020761f/bd_page_type=1/ssid=0/uid=0/pu=usm%400%2Csz%401320_1001%2Cta%40iphone_2_14.0_19_24.6/baiduid=98B6E3ED619FE601BA7704BBBE7DEC7B/w=0_10_/t=iphone/l=1/tc,1,100,0
m.baidu.com/from=1020761f/bd_page_type=1/ssid=0/uid=0/pu=usm%400%2Csz%401320_1001%2Cta%40iphone_2_15.0_19_21.6/baiduid=B00FBFFD3A94D961B68890792C0AE3EB/w=0_10_/t=iphone/l=1/tc,1,0,2
m.baidu.com/from=1020761f/bd_page_type=1/ssid=0/uid=0/pu=usm%400%2Csz%401320_1001%2Cta%40iphone_2_8.1_19_23.9/baiduid=164508E7114C5F3522F45A1835C2C112/w=0_10_/t=iphone/l=1/tc,1,0,10
m.baidu.com/from=1020761f/bd_page_type=1/ssid=0/uid=0/pu=usm%400%2Csz%401320_1001%2Cta%40iphone_2_8.1_19_24.0/baiduid=99D81E0E6024000E39063BF4638C3E8B/w=0_10_/t=iphone/l=1/tc,1,100,0
m.baidu.com/from=1020761f/bd_page_type=1/ssid=0/uid=0/pu=usm%400%2Csz%401320_1001%2Cta%40iphone_2_8.1_19_24.1/baiduid=3E63FB2BB72318154A8ABF5E3884159F/w=0_10_/t=iphone/l=1/tc,1,0,198
m.baidu.com/from=1020761f/bd_page_type=1/ssid=0/uid=0/pu=usm%400%2Csz%401320_1001%2Cta%40iphone_2_9.0_19_19.5/baiduid=1C0835500AF02B92B22F2911666AD253/w=0_10_/t=iphone/l=1/tc,1,0,313
m.baidu.com/from=1020761f/bd_page_type=1/ssid=0/uid=0/pu=usm%400%2Csz%401320_1001%2Cta%40iphone_2_9.0_19_23.7/baiduid=50E4D8341A0591BC2A51F1D9877ACBAF/w=0_10_/t=iphone/l=1/tc,1,0,7
m.baidu.com/from=1020761f/bd_page_type=1/ssid=0/uid=0/pu=usm%400%2Csz%401320_1001%2Cta%40iphone_2_9.0_19_23.9/baiduid=53D210C0B58C3EF2B70921108575D8CE/w=0_10_/t=iphone/l=1/tc,1,100,0
m.baidu.com/from=1020761f/bd_page_type=1/ssid=0/uid=0/pu=usm%400%2Csz%401320_1001%2Cta%40iphone_2__24_123.0/baiduid=30152C68B7729101F3E01A5E8D3306B6/w=0_10_/t=iphone/l=1/tc,1,0,2
m.baidu.com/from=1020761i/bd_page_type=1/ssid=0/uid=0/pu=usm%400%2Csz%401320_1001%2Cta%40iphone_2_11.0_19_23.0/baiduid=1DAC915D7AF8CC5E32C8D729B9BBE565/w=0_10_/t=iphone/l=1/tc,1,0,85
m.baidu.com/from=1020761t/bd_page_type=1/ssid=0/uid=0/pu=sz%401320_1001%2Cta%40iphone_2_10.0_19_22.8%2Cusm%400/baiduid=9E528B66543DDBE0259A5033D469AB99/w=0_10_/t=iphone/l=1/tc,1,0,14
m.baidu.com/from=1020786m/bd_page_type=1/ssid=0/uid=0/pu=usm%400%2Csz%401320_1001%2Cta%40ins_2_10.0_19_23.6/baiduid=415BC13DF5B9D7CEB9366B5FDD302684/w=0_10_/t=zbios/l=1/tc,1,0,8
m.baidu.com/from=1020786r/bd_page_type=1/ssid=0/uid=0/pu=sz%401320_1001%2Cta%40iphone_2_11.0_19_23.3%2Cusm%400/baiduid=E32DA894E51AA61E886AE6C7EF902C6C/w=0_10_/t=iphone/l=1/tc,1,100,0
m.baidu.com/from=1020786r/bd_page_type=1/ssid=0/uid=0/pu=sz%401320_1001%2Cta%40iphone_2_13.0_19_24.0%2Cusm%400/baiduid=0389E96595003555040B31D428C0BC7D/w=0_10_/t=iphone/l=1/tc,1,0,395
m.baidu.com/from=1020786r/bd_page_type=1/ssid=0/uid=0/pu=usm%400%2Csz%401320_1001%2Cta%40iphone_2_10.0_19_23.8/baiduid=F5DA97CEA30A1D4B5DEF4CFDEEB50728/w=0_10_/t=iphone/l=1/tc,1,100,0
m.baidu.com/from=1020786s/bd_page_type=1/ssid=0/uid=0/pu=sz%401320_1001%2Cta%40iphone_2_12.0_19_24.1%2Cusm%400/baiduid=D9B6C71AF593CCFE7BA1C4B4A5B462BE/w=0_10_/t=iphone/l=1/tc,1,100,0
m.baidu.com/from=1020786s/bd_page_type=1/ssid=0/uid=0/pu=usm%400%2Csz%401320_1001%2Cta%40iphone_2_13.0_19_23.9/baiduid=081BF1BD483414E5C5B6E33C6094B7B5/w=0_10_/t=iphone/l=1/tc,1,100,0
m.baidu.com/from=1020786s/bd_page_type=1/ssid=0/uid=0/pu=usm%400%2Csz%401320_1001%2Cta%40iphone_2_8.1_19_24.6/baiduid=DBF2AE208ACC98CBE6A057552B471E8C/w=0_10_/t=iphone/l=1/tc,1,0,11
m.baidu.com/from=1020786u/bd_page_type=1/ssid=0/uid=0/pu=sz%401320_480%2Ccuid%400aHA8_8aSulr8Saz08vW8_u3vuliu2ukYOSu8_aCHaKaLqqqB%2Ccua%40_a-qiyuu2ij4NE6lI5me6NN028zZa2Iy_C2HiyaI-iqlC%2Ccut%40JavS8giDL8gRNv8Qy5wDjiqEC%2Cosname%40baiduboxapp%2Cctv%402%2Ccfrom%401014610q%2Ccen%40cuid_cua_cut%2Cc3_aid%40A00-Z7BBLGVXTC2ZZYIYDLNLTVQW3ZBQSB4R-EO6SVUVE%2Ccsrc%40bdbox_tserch_txt%2Cwh%401%2Cvmgdb%400020100228y%2Cta%40zbios_2_12.0_24_91.0%2Cusm%400/baiduid=B2D41FAB61D26036411337CEF67882C1/w=0_10_/t=zbios/l=1/tc,1,0,0
m.baidu.com/from=1020786u/ssid=0/pu=osname%40baiduboxapp%2Cctv%402%2Ccfrom%401014610q%2Ccen%40cuid_cua_cut%2Cc3_aid%40A00-XGIGXGBUZP5S6DZVYYRRAL3X5YZGIMGU-UVW34TII%2Ccsrc%40bdbox_tserch_txt%2Csz%401320_480%2Ccuid%400i-68gurSagMaHfL_avfujuivulguvuA0a-oug8_viKsLqqqB%2Ccua%40_a-qiyuOvfj4NE6lI5me6NN0v8oZa2Iy_C2HiyaI-iqlC%2Cvmgdb%400020100228y/s,1,100,0
m.baidu.com/from=1021527c/bd_page_type=1/ssid=0/uid=0/pu=vmgdb%400020100228y%2Cctv%402%2Ccfrom%401026859v%2Ccua%40_avLCgac2i46ywoUfpw1z4uQ2NYVaX8HouvjhGQHNqqqB%2Ccuid%40jPvoi0Oj2a_cPB8j0a2T80OWHagcuv8j0aBq8gaT2i8-9vPh5kSSu17mA%2Cosname%40baiduboxapp%2Ccsrc%40home_box_txt%2Ccen%40cuid_cua_cut%2Cc3_aid%40A00-TQMIBQNDNWTQCPGODRX2L2PPLI56L5CZ-A3X2DQAD%2Csz%401320_480%2Cusm%400/baiduid=933CFD360FDE0234D31EE19D589DD167/w=0_10_/t=zbios/l=1/tc,1,100,0
m.baidu.com/from=1021527d/ssid=0/pu=c3_aid%40A00-JYBHSMTV7BSSOUACEECMK266WC43NGKR-UDDOZ3IF%2Ccfrom%401026859v%2Ccsrc%40home_box_txt%2Cvmgdb%400020100228y%2Cwh%401%2Cctv%402%2Ccen%40cuid_cua_cut%2Ccuid%40_82h80uB2u_APSiTliH8u0uNSi_IuviC_P2R8_8KBu8i92Png9LOh3DzA%2Ccua%40_a-qiyuOvijyNE6lI5me6NN0v8oZa-I4_C2HiyaI-iqlC%2Csz%401320_480%2Cosname%40baiduboxapp/s,1,0,3
m.baidu.com/from=1021527d/ssid=0/pu=vmgdb%400020100228y%2Ccua%40_a-qiyauvigBNEq4I5me6NN0v8zTa2IB_C2HiyaI-iqlC%2Cctv%402%2Ccen%40cuid_cua_cut%2Ccuid%40lu2u8j81S80ji-a4_P2C8_OS2igtavizguHku0ajva8ykvM3p91SPyDwA%2Csz%401320_480%2Cc3_aid%40A00-CRBFFW5GJ52EQVNBBHMLLFDEXVFSR5UC-CYV3XRF7%2Ccsrc%40home_box_txt%2Cosname%40baiduboxapp%2Ccfrom%401026859v/s,1,100,0
m.baidu.com/from=1022282z/bd_page_type=1/ssid=0/uid=0/pu=usm%400%2Csz%401320_1001%2Cta%40iphone_2_14.0_24_116.0/baiduid=6F237E4465CF1806D617B634500735E0/w=0_10_/t=iphone/l=1/tc,1,100,0
m.baidu.com/from=1022974a/bd_page_type=1/ssid=0/uid=0/pu=usm%400%2Csz%401320_1001%2Cta%40iphone_2_10.0_28_16.0/baiduid=81E95266B13CB5F2729FBB37525A426B/w=0_20_/t=iphone/l=1/tc,1,0,1056
m.baidu.com/from=1023341o/bd_page_type=1/ssid=0/uid=0/pu=usm%400%2Csz%401320_1001%2Cta%40iphone_2_12.0_18_40.9/baiduid=9A0285B53A4C111AFE57A9CE40812E26/w=0_10_/t=iphone/l=1/tc,1,100,0
m.baidu.com/from=1024043p/bd_page_type=1/ssid=0/uid=0/pu=usm%400%2Csz%401320_220%2Cta%40iphone_5_5.0_28_5.1/baiduid=8110F59E8A77788E21EDB9A7598C9493/w=0_10_/t=iphone/l=1/tc,1,100,0
m.baidu.com/from=1024637b/bd_page_type=1/ssid=0/uid=0/pu=sz%401320_1004%2Cta%40iphone_2_11.0_38_11.6%2Cusm%400/baiduid=8001E1B8DDC0F8EBCAB798AD6EBA0E70/w=0_20_/t=iphone/l=1/tc,1,100,0
m.baidu.com/from=1024637b/bd_page_type=1/ssid=0/uid=0/pu=usm%400%2Csz%401320_1004%2Cta%40iphone_2_11.0_38_10.0/baiduid=9B59332053860F6DB6A16F971E6806C0/w=0_20_/t=iphone/l=1/tc,1,0,13
m.baidu.com/from=1024729a/bd_page_type=1/ssid=0/uid=0/pu=usm%400%2Csz%401320_1004%2Cta%40iphone_2_14.0_34_11.22/baiduid=1C5EBD54E5582647685844DDF8C12E45/w=0_10_/t=iphone/l=1/tc,1,100,0
m.baidu.com/from=1025770a/bd_page_type=1/ssid=0/uid=0/pu=usm%400%2Csz%401320_1001%2Cta%40iphone_2_13.0_24_103.0/baiduid=217DA9D76EDC4F56BAD3DADD32C074CD/w=0_10_/t=iphone/l=1/tc,1,100,0
m.baidu.com/from=1026295a/bd_page_type=1/ssid=0/uid=0/pu=sz%401320_480%2Ccuid%40gO2iu0aYHfYiav8S0PHki_itHagSiH8uYi23agapHi8i938n_NviawMwA%2Ccua%40_a-qiyuu2igyNE65I5me6NN02I_UC2Iy_uDpieLqA%2Cosname%40baiduboxapp%2Cctv%402%2Ccfrom%401026295a%2Ccen%40cuid_cua%2Cc3_aid%40A00-FJ327NM7NMWJUWA4Y5DTFF2C2PO6ATH3-USM35ZUA%2Cosbranch%40a9%2Ccsrc%40home_box_txt%2Cvmgdb%400020100228y%2Cusm%401/baiduid=F8BF3572FD29F9B703D472672F2CA9D7/w=0_10_/t=zbios/l=1/tc,1,100,0
m.baidu.com/from=1026372p/bd_page_type=1/ssid=0/uid=0/pu=sz%401320_1004%2Cta%40iphone_2_10.0_26_7.77%2Cusm%400/baiduid=0871DFB47F9A4078BEA34BCA1DE8936A/w=0_10_/t=iphone/l=1/tc,1,0,7
m.baidu.com/from=1026372p/bd_page_type=1/ssid=0/uid=0/pu=usm%400%2Csz%401320_1004%2Cta%40iphone_2_10.0_26_7.77/baiduid=C7C4F6B6152955E91A98A1DA16AE3962/w=0_10_/t=iphone/l=1/tc,1,100,0
m.baidu.com/from=1027073c/ssid=0/pu=cfrom%401014610q%2Csz%401320_480%2Cosname%40baiduboxapp%2Cvmgdb%400020100228y%2Ccua%40_a2eiyaRvfg4NE64I5me6NN0v8zTu2I-_C2Hi4a82iqlC%2Cctv%402%2Ccsrc%40home_box_txt%2Cwh%401%2Ccuid%40_8-zigagS8lXuvf__uHou_uE280Xuvu_giSAtgiEB88i9WMtpivERaEmA%2Ccen%40cuid_cua_cut%2Cc3_aid%40A00-EJLNASIYEX5MO546WBJXE2WGLOAIFFYL-26DFVJJX/s,1,0,1
m.baidu.com/from=1027073d/ssid=0/pu=c3_aid%40A00-JSKQNHEG3OQSODEPXSLHAUAO7ROMTZFO-QCMDB36H%2Ccuid%40_8Hbigu6-80wuHizg82Nt0ibvuYKPHi6gu2kuga-Hu8ykWMx_9QKarMmA%2Cosname%40baiduboxapp%2Cctv%402%2Csz%401320_480%2Ccua%40_a-qiyuuvig4NEqlI5me6NN0v8zTu-I4_C2H8yaN-iqlC%2Ccfrom%401027073d%2Ccsrc%40home_box_txt%2Cvmgdb%400020100228y%2Ccen%40cuid_cua_cut/s,1,100,0
m.baidu.com/from=1027661f/bd_page_type=1/ssid=0/uid=0/pu=sz%401320_1003%2Cta%40iphone_2_10.0_1_17.5%2Cusm%400/baiduid=4BB6922E4373F73FBEE0DEA3E54887D9/w=0_10_/t=iphone/l=1/tc,1,100,0
m.baidu.com/from=1027661f/bd_page_type=1/ssid=0/uid=0/pu=sz%401320_1003%2Cta%40iphone_2_12.0_1_17.5%2Cusm%400/baiduid=0B986DEB9BD2B142678482C3A08E2881/w=0_10_/t=iphone/l=1/tc,1,0,12
m.baidu.com/from=1027661f/bd_page_type=1/ssid=0/uid=0/pu=usm%400%2Csz%401320_1003%2Cta%40iphone_2_10.0_1_17.5/baiduid=D7684E565430052A999D206EFD5F8465/w=0_10_/t=iphone/l=1/tc,1,0,10
m.baidu.com/from=1027661f/bd_page_type=1/ssid=0/uid=0/pu=usm%400%2Csz%401320_1003%2Cta%40iphone_2_13.0_1_17.5/baiduid=E8B144A4C4CD0924826561E94C5A87C2/w=0_10_/t=iphone/l=1/tc,1,0,8
m.baidu.com/from=1027978d/bd_page_type=1/ssid=0/uid=0/pu=cfrom%401027978d%2Ccua%40_a-qiyuOvfg4NE65I5me6NIy2I_naX81oavjhSdHNqqqB%2Csz%401320_480%2Cctv%402%2Cc3_aid%40A00-JJEKKQ4KMHMYDL3QC2I3JYLLAIJABFNF-4PL7IGAD%2Candrst%400%2Cvmgdb%400020100228y%2Ccen%40cuid_cua_cut%2Ccsrc%40home_box_txt%2Ccuid%40_OSC8lucHulA8vtW_8HbugOL2ilriH8jgOvqu_PDSi8UkQat5aHmuEGPA%2Cosname%40baiduboxapp%2Cosbranch%40a2%2Cusm%402/baiduid=716428CCF5E2FC8287AF432D64007575/w=0_10_/t=zbios/l=1/tc,1,100,0
