name,unique_exits,total_exits,exit_rate
/zh-cn/3/,356,374,
/zh-cn/3/tutorial/index.html,179,193,
/zh-cn/3/tutorial/,76,78,
/zh-cn/3/tutorial/interpreter.html,48,49,
/zh-cn/3/library/turtle.html,44,47,
/zh-cn/3.13/,42,44,
/zh-cn/3.13/tutorial/index.html,41,44,
/zh-cn/3/library/index.html,41,43,
/zh-cn/3.13/tutorial/introduction.html,38,42,
/zh-cn/3/tutorial/appetite.html,36,37,
/zh-cn/3/tutorial/controlflow.html,33,35,
/zh-cn/3/library/functions.html,30,31,
/zh-cn/3/tutorial/introduction.html,30,30,
/zh-cn/3.13/library/venv.html,27,27,
/zh-cn/3.13/tutorial/controlflow.html,27,30,
/zh-cn/3.13/tutorial/interpreter.html,27,29,
/zh-cn/3.13/library/functions.html,25,26,
/zh-cn/3.13/library/index.html,22,23,
/zh-cn/3.13/using/android.html,21,21,
/zh-cn/3/library/,21,22,
/zh-cn/3/tutorial/datastructures.html,21,21,
/zh-cn/3.13/whatsnew/3.13.html,19,19,
/zh-cn/3/using/index.html,19,20,
/zh-cn/3/glossary.html,18,19,
/zh-cn/3/library/math.html,17,29,
/zh-cn/3.13/download.html,16,16,
/zh-cn/3.13/library/stdtypes.html,16,16,
/zh-cn/3.13/using/index.html,16,17,
/zh-cn/3/library/stdtypes.html,16,18,
/zh-cn/3/library/tkinter.html,16,16,
/zh-cn/3/tutorial/classes.html,16,19,
/zh-cn/3.13/tutorial/,15,16,
/zh-cn/3.13/tutorial/classes.html,15,19,
/zh-cn/3/library/multiprocessing.html,15,16,
/zh-cn/dev/using/mac.html,15,15,
/zh-cn/3.13/glossary.html,14,17,
/zh-cn/3.13/library/tkinter.html,14,15,
/zh-cn/3.13/tutorial/inputoutput.html,14,15,
/zh-cn/3.13/using/mac.html,14,14,
/zh-cn/3.13/using/windows.html,14,14,
/zh-cn/3/using/mac.html,14,14,
/zh-cn/3/using/windows.html,14,14,
/zh-cn/3.12/tutorial/index.html,13,13,
/zh-cn/3.12/using/mac.html,13,13,
/zh-cn/3/library/venv.html,13,13,
/zh-cn/3.13/installing/index.html,12,12,
/zh-cn/3/library/os.html,12,12,
/zh-cn/3/library/typing.html,12,13,
/zh-cn/3/reference/index.html,12,12,
/zh-cn/3.13/library/typing.html,11,11,
/zh-cn/3.13/tutorial/datastructures.html,11,11,
/zh-cn/3/download.html,11,12,
/zh-cn/3/installing/index.html,11,11,
/zh-cn/3/search.html,11,11,
/3/,10,10,
/zh-cn/3/index.html,10,10,
/zh-cn/3/reference/lexical_analysis.html,10,11,
/zh-cn/3/contents.html,9,10,
/zh-cn/3/library/re.html,9,12,
/zh-cn/3.13/using/ios.html,8,8,
/zh-cn/3/tutorial/errors.html,8,9,
/3.13/,7,7,
/zh-cn/3.12/,7,8,
/zh-cn/3.12/using/index.html,7,7,
/zh-cn/3.12/whatsnew/3.12.html,7,7,
/zh-cn/3.13/index.html,7,7,
/zh-cn/3.13/library/abc.html,7,7,
/zh-cn/3.13/library/dataclasses.html,7,7,
/zh-cn/3.13/library/re.html,7,7,
/zh-cn/3.13/library/threading.html,7,7,
/zh-cn/3.13/library/turtle.html,7,7,
/zh-cn/3.13/reference/datamodel.html,7,7,
/zh-cn/3.13/tutorial/appetite.html,7,8,
/zh-cn/3.13/tutorial/errors.html,7,8,
/zh-cn/3/reference/compound_stmts.html,7,7,
/zh-cn/dev/using/ios.html,7,7,
/zh-cn/3.12/library/__main__.html,6,6,
/zh-cn/3.12/library/index.html,6,6,
/zh-cn/3.12/library/multiprocessing.html,6,6,
/zh-cn/3.12/library/venv.html,6,7,
/zh-cn/3.12/using/windows.html,6,6,
/zh-cn/3.13/library/multiprocessing.html,6,6,
/zh-cn/3.13/tutorial/modules.html,6,6,
/zh-cn/3/extending/extending.html,6,6,
/zh-cn/3/library/datetime.html,6,6,
/zh-cn/3/library/struct.html,6,6,
/zh-cn/3/reference/datamodel.html,6,7,
/zh-cn/3/reference/expressions.html,6,8,
/zh-cn/3/reference/simple_stmts.html,6,5,
/zh-cn/3/using/cmdline.html,6,6,
/zh-cn/3/whatsnew/3.13.html,6,6,
/zh-cn/3.12/using/,5,5,
/zh-cn/3.13/contents.html,5,5,
/zh-cn/3.13/library/os.html,5,5,
/zh-cn/3.13/library/pathlib.html,5,6,
/zh-cn/3.13/reference/lexical_analysis.html,5,5,
/zh-cn/3.13/tutorial/stdlib.html,5,5,
/zh-cn/3//tutorial/index.html,5,5,
/zh-cn/3/c-api/index.html,5,5,
/zh-cn/3/howto/index.html,5,5,
