name,visitors,pageviews,bounce_rate,time_on_page,scroll_depth
/pt-br/3/tutorial/index.html,119,168,65,45,59
/pt-br/3/,100,127,49,17,79
/pt-br/3.14/,66,71,53,11,73
/pt-br/3/library/stdtypes.html,66,80,75,144,29
/pt-br/3/library/index.html,53,78,48,71,38
/pt-br/3.14/tutorial/index.html,50,52,71,73,56
/pt-br/3/tutorial/controlflow.html,47,48,80,106,31
/pt-br/3/tutorial/introduction.html,43,37,68,159,57
/pt-br/3/tutorial/appetite.html,39,28,31,91,88
/pt-br/3/library/venv.html,38,39,97,16,38
/pt-br/3/tutorial/interpreter.html,38,39,83,155,73
/pt-br/3.15/using/windows.html,37,37,88,22,27
/pt-br/3/library/random.html,36,37,97,45,28
/pt-br/3/library/math.html,34,36,89,130,41
/pt-br/3/tutorial/datastructures.html,34,37,77,125,52
/pt-br/3.14/search.html,31,65,0,24,52
/pt-br/3/library/functions.html,31,30,81,52,33
/pt-br/3/search.html,31,42,56,25,38
/pt-br/3.14/library/index.html,29,33,69,40,42
/pt-br/3/tutorial/classes.html,27,30,76,74,51
/pt-br/3/tutorial/,25,40,71,36,43
/pt-br/dev/genindex.html,25,25,100,14,62
/pt-br/3/library/string.html,23,22,57,41,34
/pt-br/3.14/library/stdtypes.html,21,20,86,67,46
/pt-br/3.14/tutorial/appetite.html,20,17,50,152,92
/pt-br/3/library/tkinter.html,19,22,79,115,64
/pt-br/3.13/index.html,18,18,100,14,65
/pt-br/3.13/library/stdtypes.html,17,18,93,15,1
/pt-br/3/library/datetime.html,17,20,76,15,9
/pt-br/3.14/library/random.html,16,13,50,129,48
/pt-br/3/library/os.html,16,18,86,185,34
/pt-br/3/tutorial/inputoutput.html,15,14,71,25,54
/pt-br/dev/library/asyncio-eventloop.html,14,14,100,15,3
/pt-br/3.14/library/functions.html,13,14,75,49,35
/pt-br/3.14/library/math.html,12,11,100,43,56
/pt-br/3.14/tutorial/interpreter.html,12,14,75,84,71
/pt-br/3.14/tutorial/introduction.html,12,14,60,297,49
/pt-br/3/reference/datamodel.html,12,9,100,27,42
/pt-br/dev/library/datetime.html,12,12,83,10,2
/pt-br/dev/library/typing.html,12,12,100,11,2
/pt-br/3.13/contents.html,11,11,100,,
/pt-br/3.14/tutorial/datastructures.html,11,11,75,96,38
/pt-br/3/tutorial/modules.html,11,9,83,98,28
/pt-br/dev/c-api/stable.html,11,11,100,,
/pt-br/dev/library/os.html,11,11,100,12,2
/pt-br/dev/library/venv.html,11,10,100,8,30
/pt-br/3.14/glossary.html,10,11,0,69,53
/pt-br/3.14/tutorial/classes.html,10,9,0,91,44
/pt-br/3.15/,10,8,0,10,69
/pt-br/3/library/intro.html,10,9,0,14,82
/pt-br/3/library/tk.html,10,17,43,15,68
/pt-br/3/reference/index.html,10,10,80,7,48
/pt-br/3/tutorial/stdlib.html,10,14,100,77,74
/pt-br/dev/library/asyncio-protocol.html,10,10,100,7,8
/pt-br/3.13/reference/datamodel.html,9,9,100,25,26
/pt-br/3.13/tutorial/index.html,9,9,67,5,77
/pt-br/3.14/library/tkinter.html,9,12,88,50,27
/pt-br/3.14/reference/datamodel.html,9,12,50,129,32
/pt-br/3.14/whatsnew/3.14.html,9,7,50,56,24
/pt-br/3/contents.html,9,6,100,29,7
/pt-br/3/library/sys.html,9,9,86,12,4
/pt-br/dev/c-api/tuple.html,9,9,100,,
/pt-br/dev/library/multiprocessing.html,9,9,100,13,2
/pt-br/3.13/,8,6,0,10,73
/pt-br/3.13/library/queue.html,8,8,100,,
/pt-br/3/faq/general.html,8,8,100,143,95
/pt-br/3/library/re.html,8,8,71,95,17
/pt-br/3/py-modindex.html,8,8,86,11,14
/pt-br/3/tutorial/errors.html,8,7,86,113,16
/pt-br/dev/genindex-all.html,8,8,100,0,1
/pt-br/3.13/c-api/index.html,7,7,100,15,27
/pt-br/3.14/index.html,7,8,67,26,83
/pt-br/3.14/py-modindex.html,7,7,0,52,80
/pt-br/3/index.html,7,6,100,8,78
/pt-br/dev/library/profiling.sampling.html,7,7,100,7,4
/pt-br/dev/library/shutil.html,7,7,86,,
/pt-br/dev/library/xml.sax.handler.html,7,7,100,,
/pt-br/dev/library/zlib.html,7,8,71,5,33
/pt-br/dev/tutorial/datastructures.html,7,6,100,16,19
/pt-br/3.13/library/i18n.html,6,6,100,,
/pt-br/3.13/library/multiprocessing.html,6,6,100,,
/pt-br/3.13/library/urllib.parse.html,6,6,100,12,9
/pt-br/3.13/search.html,6,7,75,103,23
/pt-br/3.13/tutorial/appetite.html,6,6,100,111,91
/pt-br/3.14/reference/expressions.html,6,3,0,177,73
/pt-br/3.14/tutorial/controlflow.html,6,5,100,99,39
/pt-br/3/howto/logging.html,6,7,83,70,41
/pt-br/3/installing/index.html,6,5,75,14,82
/pt-br/3/library/turtle.html,6,6,75,7,61
/pt-br/dev/c-api/function.html,6,6,100,,
/pt-br/dev/c-api/long.html,6,6,100,0,8
/pt-br/dev/c-api/sys.html,6,6,100,,
/pt-br/dev/genindex-A.html,6,6,100,14,14
/pt-br/dev/library/profiling.tracing.html,6,6,100,,
/pt-br/dev/library/pyexpat.html,6,6,100,14,8
/pt-br/dev/library/turtle.html,6,6,100,,
/pt-br/dev/library/unittest.html,6,6,100,,
/pt-br/dev/library/unittest.mock.html,6,6,100,15,3
/pt-br/dev/library/xml.dom.pulldom.html,6,6,100,,
/pt-br/3.13/library/glob.html,5,5,100,,
