name,visitors
Tokyo,283
England,273
Guangdong,267
California,221
São Paulo,220
Maharashtra,201
Beijing,179
Tamil Nadu,178
Île-de-France,174
Telangāna,158
Shanghai,143
Karnataka,140
Texas,116
Seoul,110
Jiangsu,107
Sichuan,106
Zhejiang,106
Delhi,106
Hebei,88
Ontario,79
Hanoi,78
Shandong,77
Moscow,75
Uttar Pradesh,74
Taipei,69
Ciudad de Mexico,68
Hesse,67
Gyeonggi,64
Shaanxi,63
Florida,61
Capital District,59
Lombardy,59
Henan,58
Kerala,57
Mazovia,57
North Holland,56
New York,55
Ho Chi Minh City,54
Virginia,51
Bavaria,50
North Rhine-Westphalia,50
Buenos Aires Province,49
Catalonia,49
Quebec,48
Gujarat,48
Minas Gerais,47
Madrid Autonomous Community,47
Anhui,46
Michigan,46
Hubei,45
Baden-Württemberg,45
West Bengal,45
Rio de Janeiro,44
Osaka,44
Lima,44
Punjab,44
Istanbul,44
Santiago Metropolitan,42
Provence-Alpes-Côte-d'Azur,42
Haryana,42
Illinois,40
Fujian,38
Tianjin,38
Nairobi County,38
Kyiv,38
Hunan,37
Valencian Community,37
Georgia,37
Gauteng,37
Jakarta,36
Madhya Pradesh,36
Washington,36
Lagos,35
Metro Manila,35
Kanagawa,34
Stockholm,34
North Carolina,34
Greater Accra,33
Brussels,31
Ceará,30
Paraná,30
Cairo,30
Saint Petersburg,30
Uusimaa,29
Arizona,29
Massachusetts,29
Pennsylvania,29
Pernambuco,28
Auvergne-Rhône-Alpes,28
Jiangxi,27
Taichung,27
Pays-de-la-Loire,26
Saitama,26
Riyadh,26
Abidjan,25
Almaty City,25
Tashkent,25
New South Wales,24
Minsk,24
Bucharest,24
New Taipei,24
Dhaka Division,23
Liaoning,23
Berlin,23
New Jersey,23
Utah,23
Rio Grande do Sul,22
Prague,22
Andalusia,22
Andhra Pradesh,22
Rajasthan,22
Aichi,22
Western,22
Lima Region,22
Maryland,22
Bahia,21
British Columbia,21
Chongqing,21
Tel Aviv,21
Punjab,21
Selangor,21
South Holland,21
Colorado,21
Missouri,21
Zürich,20
Yunnan,20
Kwai Tsing New Territories,20
Meknès-Tafilalet,20
Mexico State,20
Victoria,19
Flanders,19
Leinster,19
Silesia,19
Ohio,19
Santa Catarina,18
Grand-Est,18
Nuevo León,18
Sindh,18
Bangkok,18
Rio Grande do Norte,17
Piedmont,17
Veneto,17
Sinaloa,17
Greater Poland,17
Krasnodar Krai,17
Buenos Aires,16
Federal District,16
Antioquia,16
Normandie,16
Lazio,16
Oregon,16
Ninh Bình,16
Vienna,15
Wallonia,15
La Paz,15
Lower Saxony,15
Guanajuato,15
Jalisco,15
Moscow Province,15
Dnipropetrovshchyna,15
Tennessee,15
Dubai,14
Paraíba,14
Kinshasa,14
Centre-Val de Loire,14
Nouvelle-Aquitaine,14
Uttarākhand,14
Lesser Poland,14
Skåne,14
Louisiana,14
Baku,13
Amazonas,13
Basque Country,13
Scotland,13
Bihar,13
Phnom Penh,13
Province 3,13
Auckland,13
Beograd,13
Montevideo,13
Luanda,12
Goiás,12
Pará,12
Rhineland-Palatinate,12
Distrito Nacional,12
Alexandria,12
Budapest,12
Tuscany,12
Bishkek,12
Busan,12
Daegu,12
Incheon,12
Maritime,12
Ankara,12
Kyivshchyna,12
Minnesota,12
Oklahoma,12
Western Cape,12
Alberta,11
Gansu,11
Occitanie,11
Kowloon City Kowloon,11
Emilia-Romagna,11
Hyogo,11
Astana,11
Calabarzon,11
Lisbon,11
Doha,11
Taoyuan,11
Thừa Thiên–Huế,11
Hải Dương,11
Maranhão,10
Pichincha,10
Addis Ababa,10
Hauts-de-France,10
Tbilisi,10
Attica,10
West Java,10
East Java,10
Jharkhand,10
North Chungcheong,10
Kuala Lumpur,10
Islamabad,10
Novosibirsk,10
Samara,10
Dakar,10
Odeshchyna,10
Indiana,10
South Carolina,10
Wisconsin,10
KwaZulu-Natal,10
Sofia,9
Guizhou,9
Shanxi,9
Tolima,9
San José,9
Giza,9
Zagreb,9
Chhattīsgarh,9
Liguria,9
Ishikawa,9
Nagano,9
Chaouia-Ouardigha,9
Puebla,9
Querétaro,9
Yucatán,9
North Brabant,9
Wellington,9
Tomsk,9
Västra Götaland,9
Lvivshchyna,9
Central,9
Iowa,9
Queensland,8
Mato Grosso do Sul,8
Sergipe,8
Atlántico,8
Saxony,8
Thuringia,8
Guayas,8
Tsuen Wan New Territories,8
Pest,8
Yogyakarta,8
Campania,8
Hokkaido,8
Riga,8
Tamaulipas,8
Sabah,8
Pomerania,8
Porto,8
Irkutsk,8
Kigali,8
Changhua,8
Hsinchu,8
Dar es Salaam,8
Connecticut,8
Guangxi,7
Hamburg,7
Algiers,7
Balearic Islands,7
Brittany,7
Guatemala,7
Central Java,7
Sicily,7
Ibaraki,7
Fukuoka,7
South Chungcheong,7
Kaunas County,7
Vilnius County,7
Chișinău,7
Hidalgo,7
Gelderland,7
Oslo,7
Lublin,7
West Pomerania,7
Asunción,7
Iași,7
Bashkortostan,7
Khanty-Mansi,7
Stavropol Krai,7
