name,unique_entrances,total_entrances,visit_duration
/ja/3.13/c-api/capsule.html,113,113,58
/ko/dev/c-api/marshal.html,86,86,6
/ko/3.13/tutorial/index.html,66,71,379
/ko/3.13/library/intro.html,50,50,3
/ko/3/tutorial/index.html,44,45,54
/3/,40,41,650
/ko/3.13/library/functions.html,39,43,198
/ko/3.13/library/index.html,35,36,132
/ko/3.13/library/idle.html,34,36,49
/ko/3.13/installing/index.html,30,30,61
/ko/3/,23,25,95
/ko/dev/library/idle.html,21,21,159
/ko/dev/library/turtle.html,18,18,250
/ko/3/tutorial/,17,19,15
/ko/3.13/library/csv.html,14,14,1
/ko/3.13/library/multiprocessing.html,14,14,37
/ko/3.13/library/stdtypes.html,13,13,103
/ko/3.13/library/turtle.html,13,14,10
/ko/3/library/functions.html,13,13,67
/ko/3.13/library/subprocess.html,12,13,30
/ko/3.13/tutorial/errors.html,12,12,14
/ko/3.13/library/itertools.html,11,12,1
/ko/3.13/library/json.html,11,11,16
/ko/3.13/library/math.html,11,12,0
/ko/3.13/library/urllib.parse.html,11,11,20
/ko/3.13/tutorial/inputoutput.html,11,13,366
/ko/3.13/tutorial/interpreter.html,10,10,21
/ko/3.13/tutorial/introduction.html,10,11,124
/ko/3/library/stdtypes.html,10,10,0
/ko/3.13/howto/sorting.html,9,10,243
/ko/3.13/library/asyncio.html,9,9,20
/ko/3.13/library/datetime.html,9,10,14
/ko/3.13/library/re.html,9,9,292
/ko/3.13/library/struct.html,9,10,479
/ko/3.13/library/threading.html,9,9,114
/ko/3.13/tutorial/classes.html,9,10,121
/ko/3.13/tutorial/datastructures.html,9,9,122
/ko/3.13/library/asyncio-task.html,8,9,5
/ko/3.13/library/os.html,8,8,182
/ko/3.13/search.html,8,9,92
/ko/3.13/tutorial/controlflow.html,8,8,20
/ko/3/c-api/intro.html,8,8,0
/ko/3/library/contextlib.html,8,9,72
/ko/3/tutorial/appetite.html,8,8,116
/ko/3.13/library/pathlib.html,7,7,0
/ko/3.13/tutorial/modules.html,7,7,7
/ko/3/library/index.html,7,7,54
/3.13/using/windows.html,6,6,45
/ko/3.13/,6,6,37
/ko/3.13/howto/regex.html,6,6,15
/ko/3.13/library/contextvars.html,6,6,191
/ko/3.13/library/difflib.html,6,6,0
/ko/3.13/library/html.parser.html,6,6,0
/ko/3.13/library/os.path.html,6,6,473
/ko/3.13/library/socket.html,6,6,182
/ko/3.13/whatsnew/index.html,6,6,2
/ko/3/library/logging.handlers.html,6,6,655
/ko/3/library/re.html,6,6,0
/ko/3/library/tempfile.html,6,6,149
/ko/3/tutorial/interpreter.html,6,6,56
/3.13/tutorial/index.html,5,5,18
/3/library/functions.html,5,5,360
/ko/3.13/library/abc.html,5,5,0
/ko/3.13/library/random.html,5,5,0
/ko/3.13/library/shutil.html,5,5,0
/ko/3.13/library/time.html,5,5,0
/ko/3.13/using/windows.html,5,5,0
/ko/3.14/,5,5,7
/ko/3/c-api/contextvars.html,5,5,0
/ko/3/extending/extending.html,5,6,103
/ko/3/library/codecs.html,5,5,0
/ko/3/library/configparser.html,5,5,1199
/ko/3/library/uuid.html,5,5,0
/ko/3/search.html,5,5,256
/ko/3/tutorial/classes.html,5,5,0
/3/tutorial/index.html,4,4,394
/ko/3.13/howto/logging.html,4,4,1
/ko/3.13/library/argparse.html,4,4,3
/ko/3.13/library/collections.html,4,4,3
/ko/3.13/library/concurrent.futures.html,4,4,0
/ko/3.13/library/ctypes.html,4,4,97
/ko/3.13/library/profile.html,4,4,0
/ko/3.13/library/smtplib.html,4,4,132
/ko/3.13/library/xml.etree.elementtree.html,4,4,33
/ko/3.13/tutorial/appetite.html,4,4,812
/ko/3/library/datetime.html,4,4,0
/ko/3/library/venv.html,4,4,4
/ko/3/tutorial/datastructures.html,4,4,359
/ko/3/using/windows.html,4,4,58
/ko/dev/howto/curses.html,4,4,0
/3/library/asyncio-task.html,3,3,846
/3/library/pathlib.html,3,3,549
/3/library/subprocess.html,3,3,771
/3/search.html,3,3,70
/ko/3.13/glossary.html,3,3,12
/ko/3.13/howto/urllib2.html,3,3,385
/ko/3.13/library/asyncio-eventloop.html,3,3,948
/ko/3.13/library/calendar.html,3,3,6
/ko/3.13/library/copy.html,3,3,0
/ko/3.13/library/functools.html,3,3,87
/ko/3.13/library/http.server.html,3,3,16
/ko/3.13/library/logging.html,3,3,0
/ko/3.13/library/pprint.html,3,3,106
/ko/3.13/reference/index.html,3,3,532
/ko/3/howto/regex.html,3,3,0
/ko/3/library/asyncio-queue.html,3,3,0
/ko/3/library/asyncio-task.html,3,3,0
/ko/3/library/turtle.html,3,3,110
/ko/3/py-modindex.html,3,3,80
/ko/3/reference/index.html,3,4,40
/ko/3/tutorial/controlflow.html,3,3,0
/3.13/library/index.html,2,2,130
/3/library/csv.html,2,2,127
/3/library/index.html,2,2,151
/3/library/json.html,2,2,79
/3/library/random.html,2,2,24
/3/library/sys.html,2,2,61
/3/library/xml.etree.elementtree.html,2,2,1002
/3/reference/index.html,2,2,1169
/3/tutorial/,2,2,361
/3/tutorial/controlflow.html,2,2,30
/3/whatsnew/3.13.html,2,2,332
/ko/3.12/faq/design.html,2,2,0
/ko/3.12/library/stdtypes.html,2,2,0
/ko/3.12/library/typing.html,2,2,0
/ko/3.12/tutorial/venv.html,2,2,0
/ko/3.13/copyright.html,2,2,0
/ko/3.13/howto/functional.html,2,2,0
/ko/3.13/howto/ipaddress.html,2,2,0
/ko/3.13/howto/unicode.html,2,2,0
/ko/3.13/index.html,2,2,481
/ko/3.13/library/,2,2,54
/ko/3.13/library/ast.html,2,2,0
/ko/3.13/library/heapq.html,2,2,0
/ko/3.13/library/importlib.html,2,2,2
/ko/3.13/library/inspect.html,2,2,0
/ko/3.13/library/io.html,2,2,0
/ko/3.13/library/operator.html,2,2,39
/ko/3.13/library/tkinter.html,2,2,0
/ko/3.13/library/tkinter.ttk.html,2,2,0
/ko/3.13/library/unittest.html,2,2,0
/ko/3.13/library/urllib.html,2,2,32
/ko/3.13/library/urllib.request.html,2,2,109
/ko/3.13/library/wave.html,2,2,213
/ko/3.13/library/zipfile.html,2,2,0
/ko/3.13/reference/datamodel.html,2,2,0
/ko/3.13/tutorial/floatingpoint.html,2,2,0
/ko/3.13/using/editors.html,2,2,8
/ko/3/contents.html,2,2,0
/ko/3/extending/embedding.html,2,2,1119
/ko/3/glossary.html,2,2,0
/ko/3/library/argparse.html,2,2,0
/ko/3/library/asyncio.html,2,2,7
/ko/3/library/contextvars.html,2,2,2
/ko/3/library/dataclasses.html,2,2,10
/ko/3/library/hashlib.html,2,2,0
/ko/3/library/http.server.html,2,2,646
/ko/3/library/logging.html,2,2,0
/ko/3/library/resource.html,2,2,0
/ko/3/library/socketserver.html,2,2,966
/ko/3/library/sqlite3.html,2,2,988
/ko/3/library/telnetlib.html,2,2,0
/ko/3/library/unittest.html,2,2,2
/ko/3/reference/lexical_analysis.html,2,2,6
/ko/3/tutorial/introduction.html,2,2,0
/ko/3/tutorial/venv.html,2,2,0
/ko/dev/bugs.html,2,2,54
/ko/dev/contents.html,2,2,0
/ko/dev/library/tkinter.html,2,2,33
/ko/dev/using/index.html,2,2,12
/3.12/whatsnew/3.12.html,1,1,400
/3.13/index.html,1,1,159
/3.13/search.html,1,1,485
/3.13/tutorial/,1,1,86
/3.13/tutorial/classes.html,1,1,938
/3.13/whatsnew/index.html,1,1,68
/3.14/,1,1,28
/3.14/whatsnew/3.14.html,1,1,0
/3.15/,1,1,27
/3.15/library/math.html,1,1,246
/3/c-api/arg.html,1,1,16
/3/c-api/long.html,1,1,0
/3/c-api/slice.html,1,1,0
/3/download.html,1,1,0
/3/extending/embedding.html,1,1,2
/3/howto/logging.html,1,1,78
/3/installing/index.html,1,1,230
/3/library/abc.html,1,1,511
/3/library/argparse.html,1,1,180
/3/library/asyncio-api-index.html,1,1,1251
/3/library/asyncio-queue.html,1,1,0
/3/library/concurrent.futures.html,1,1,447
/3/library/contextlib.html,1,1,0
/3/library/contextvars.html,1,1,210
/3/library/logging.handlers.html,1,1,85
/3/library/operator.html,1,1,20
/3/library/os.path.html,1,1,0
/3/library/pdb.html,1,1,408
/3/library/pickle.html,1,1,0
/3/library/pprint.html,1,1,192
/3/library/queue.html,1,1,4
/3/library/re.html,1,1,173
/3/library/sched.html,1,1,9
/3/library/stdtypes.html,1,1,361
/3/library/tkinter.html,1,1,76
/3/library/turtle.html,1,1,7
/3/library/zipapp.html,1,1,2058
/3/license.html,1,1,17
/3/reference/lexical_analysis.html,1,1,1671
/3/tutorial/floatingpoint.html,1,1,0
/3/tutorial/venv.html,1,1,1255
/3/using/cmdline.html,1,1,1070
/3/using/windows.html,1,1,62
/3/whatsnew/3.11.html,1,1,616
/dev/library/stdtypes.html,1,1,1221
/ja/3.13/c-api/stable.html,1,1,21
/ja/3.13/copyright.html,1,1,19
/ja/3.13/library/idle.html,1,1,7
/ja/3.13/library/index.html,1,2,12
/ja/3.13/library/string.html,1,1,57
/ja/3.13/reference/index.html,1,1,2341
/ja/3/,1,1,62
/ja/3/tutorial/,1,1,1335
/ko/3.12/contents.html,1,2,0
/ko/3.12/howto/unicode.html,1,1,0
/ko/3.12/index.html,1,1,213
/ko/3.12/installing/index.html,1,1,0
/ko/3.12/library/asyncio-task.html,1,1,0
/ko/3.12/library/string.html,1,1,352
/ko/3.12/library/zlib.html,1,1,0
/ko/3.12/tutorial/controlflow.html,1,1,32
/ko/3.12/using/windows.html,1,1,0
/ko/3.13/c-api/buffer.html,1,1,0
/ko/3.13/c-api/cell.html,1,1,0
/ko/3.13/c-api/dict.html,1,1,17
/ko/3.13/c-api/exceptions.html,1,1,0
/ko/3.13/c-api/index.html,1,1,995
/ko/3.13/c-api/long.html,1,2,35
/ko/3.13/c-api/set.html,1,1,0
/ko/3.13/c-api/tuple.html,1,1,3455
/ko/3.13/faq/design.html,1,1,585
/ko/3.13/howto/enum.html,1,1,0
/ko/3.13/howto/sockets.html,1,1,0
/ko/3.13/library/array.html,1,1,0
/ko/3.13/library/asyncio-platforms.html,1,1,0
/ko/3.13/library/asyncio-queue.html,1,1,0
/ko/3.13/library/builtins.html,1,1,0
/ko/3.13/library/code.html,1,1,0
/ko/3.13/library/codecs.html,1,1,0
/ko/3.13/library/colorsys.html,1,1,0
/ko/3.13/library/configparser.html,1,1,0
/ko/3.13/library/email.examples.html,1,1,18
/ko/3.13/library/email.parser.html,1,1,2463
/ko/3.13/library/ensurepip.html,1,1,0
/ko/3.13/library/errno.html,1,1,0
/ko/3.13/library/exceptions.html,1,1,0
/ko/3.13/library/filecmp.html,1,1,0
/ko/3.13/library/fnmatch.html,1,1,0
/ko/3.13/library/fractions.html,1,1,0
/ko/3.13/library/ftplib.html,1,1,0
/ko/3.13/library/getpass.html,1,1,0
/ko/3.13/library/gzip.html,1,1,0
/ko/3.13/library/hmac.html,1,1,0
/ko/3.13/library/html.html,1,2,0
/ko/3.13/library/http.client.html,1,1,0
/ko/3.13/library/ipaddress.html,1,1,36
/ko/3.13/library/marshal.html,1,1,0
/ko/3.13/library/numeric.html,1,1,0
/ko/3.13/library/pickle.html,1,1,0
/ko/3.13/library/pkgutil.html,1,1,0
/ko/3.13/library/readline.html,1,1,0
/ko/3.13/library/runpy.html,1,1,0
/ko/3.13/library/sched.html,1,1,335
/ko/3.13/library/select.html,1,1,0
/ko/3.13/library/shlex.html,1,1,0
/ko/3.13/library/signal.html,1,1,0
/ko/3.13/library/socketserver.html,1,1,0
/ko/3.13/library/ssl.html,1,1,0
/ko/3.13/library/string.html,1,1,0
/ko/3.13/library/tabnanny.html,1,1,0
/ko/3.13/library/test.html,1,1,1236
/ko/3.13/library/tkinter.scrolledtext.html,1,1,24
/ko/3.13/library/unittest.mock.html,1,1,0
/ko/3.13/library/warnings.html,1,1,0
/ko/3.13/library/weakref.html,1,1,0
/ko/3.13/library/winreg.html,1,1,0
/ko/3.13/library/zipapp.html,1,1,0
/ko/3.13/reference/import.html,1,1,0
/ko/3.13/reference/lexical_analysis.html,1,1,0
/ko/3.13/tutorial/appendix.html,1,1,0
/ko/3.13/using/index.html,1,1,981
/ko/3.13/using/unix.html,1,1,0
/ko/3.13/whatsnew/3.11.html,1,1,0
/ko/3.13/whatsnew/3.13.html,1,1,0
/ko/3.13/whatsnew/3.8.html,1,1,0
/ko/3.14/reference/simple_stmts.html,1,1,0
/ko/3/c-api/file.html,1,1,89
/ko/3/faq/design.html,1,1,0
/ko/3/genindex-T.html,1,1,0
/ko/3/genindex.html,1,1,3
