name,visitors
São Paulo,115974
Minas Gerais,42191
Rio de Janeiro,36563
Buenos Aires Province,31464
Rio Grande do Sul,30791
Maharashtra,25776
Paraná,18353
Bahia,17402
Uttar Pradesh,17226
Santa Catarina,17184
Delhi,15083
Gujarat,12428
Goiás,10761
Pernambuco,9391
Santiago Metropolitan,8645
Hanoi,8298
Ho Chi Minh City,8288
Karnataka,7910
West Bengal,7876
Rajasthan,7865
Ceará,7441
Punjab,7165
Federal District,7036
Pichincha,6968
Kuala Lumpur,6905
Selangor,6551
Espírito Santo,6297
Guayas,6247
Haryana,5815
Jakarta,5732
Telangāna,5705
Istanbul,5293
Lima,5159
Tamil Nadu,5128
Gauteng,4890
Metro Manila,4882
West Java,4527
Maranhão,4394
Pará,4379
Madhya Pradesh,4345
Province 3,4237
Punjab,4216
Dhaka Division,3918
Île-de-France,3735
Western Cape,3633
East Java,3414
Alagoas,3350
Jharkhand,3281
Capital District,3139
Paraíba,3115
Ciudad de Mexico,3106
Mato Grosso,3076
Calabarzon,3045
Montevideo,2961
Antioquia,2910
Sabah,2886
Bihar,2873
Mendoza,2833
Mexico State,2723
Rio Grande do Norte,2689
Piauí,2653
Moscow,2635
Kerala,2612
Sergipe,2587
Sindh,2552
Dubai,2500
Asunción,2470
Mato Grosso do Sul,2437
Córdoba,2398
Buenos Aires,2338
Uttarākhand,2294
Santa Fe,2262
Cairo,2246
Odisha,2216
Chandigarh,2196
Central Luzon,2120
Lima Region,2105
Bangkok,1924
Mazovia,1860
Phnom Penh,1780
Central Java,1735
Jammu and Kashmir,1725
Assam,1704
Madrid Autonomous Community,1698
Nuevo León,1698
Capital,1694
Ankara,1665
Andalusia,1662
Valle del Cauca,1655
Meknès-Tafilalet,1647
Auvergne-Rhône-Alpes,1642
Catalonia,1641
Jalisco,1636
Distrito Nacional,1611
Tashkent,1564
Amazonas,1562
Baghdad,1559
Riyadh,1549
Provence-Alpes-Côte-d'Azur,1539
Dakar,1474
Johor,1439
Sarawak,1424
Andhra Pradesh,1408
Amman,1378
Algiers,1370
Manabí,1360
Saint Michael,1356
Penang,1333
Makkah,1317
Valencian Community,1312
Kyiv,1310
Lisbon,1292
Tunis,1276
Abu Dhabi,1247
Tucumán,1230
Occitanie,1228
Hauts-de-France,1207
Minsk,1191
Western,1173
Valparaíso,1164
Central Visayas,1159
Chaco,1152
Da Nang,1146
Entre Ríos,1141
Nairobi County,1128
Haiphong,1128
KwaZulu-Natal,1104
Leinster,1073
Lombardy,1065
Grand-Est,1062
Attica,1061
Bío Bío,1055
Izmir,1054
Tocantins,1029
Nouvelle-Aquitaine,1025
Chhattīsgarh,1002
Oriental,999
Misiones,991
El Oro,989
Al Asimah,986
Baja California,980
Doha,980
Muscat,968
Porto,967
Panamá,965
Kingston,961
Davao,960
San Juan,955
Libertador General Bernardo O'Higgins,932
Guanajuato,923
Perak,923
Azuay,921
Ulaanbaatar,908
Riau,897
Yogyakarta,891
Silesia,881
Maldonado,881
Guatemala,880
Lesser Poland,879
Moscow Province,874
Greater Poland,864
Alto Paraná,861
Beograd,854
San Salvador,839
Puebla,821
Flanders,817
San José,817
Banten,805
Eastern,805
Erbil,794
Islamabad,779
Port of Spain,768
Rondônia,766
Brunei-Muara,763
Atlántico,758
Lazio,751
Tungurahua,749
Auckland,734
Central,721
East Kalimantan,716
Sharjah,713
South Sulawesi,710
Prague,706
Tirana County,701
Campania,696
Tbilisi,689
Lvivshchyna,686
Veracruz,683
Budapest,680
North Sumatra,680
South Holland,675
La Paz,668
Chaguanas,668
San Luis,664
Lower Silesia,657
Cundinamarca,651
Río Negro,645
Chittagong Division,645
Yucatán,639
North Holland,639
Northern Mindanao,639
Chubut,638
Corrientes,638
Yerevan,635
Riga,629
Zulia,627
Hawalli,620
Himachal Pradesh,613
Chihuahua,612
Bursa,611
Dnipropetrovshchyna,608
Coahuila,605
Santiago,599
Pays-de-la-Loire,596
Odeshchyna,585
Arequipa,576
Chon Buri,571
Antalya,569
Chișinău,567
Bali,564
Carabobo,563
Rabat-Salé-Zemmour-Zaer,557
Abidjan,555
Uusimaa,550
Sonora,550
Loja,547
Wallonia,539
Constantine,537
Giza,534
Federation of Bosnia and Herzegovina,533
Luanda,528
Pomerania,523
Bucharest,516
Stockholm,515
Capital,511
Kharkivshchyna,511
Cortés,507
Maule,502
Bolívar,492
Canary Islands,490
Managua,487
Krasnodar Krai,480
Tangier-Tétouan,477
Taza-Al Hoceima-Taounate,475
Brussels,474
Sofia,474
Neuquén,466
Hidalgo,464
Chaouia-Ouardigha,462
England,461
Centre-Val de Loire,458
Santander,452
Western Visayas,452
Normandie,449
Coquimbo,448
Risaralda,448
Michoacán,447
Formosa,445
Malacca,441
Gandaki,441
Francisco Morazán,430
Mersin,430
Capital Region,427
Oran,425
Emilia-Romagna,425
Los Ríos,423
Brittany,423
Łódź,423
Cordillera Administrative,422
Greater Accra,419
Sicily,419
Northern,418
Tamaulipas,417
Almaty City,413
Burgundy-Franche-Comté,412
South Sumatra,412
Rajshahi Division,411
Magdalena,410
Zagreb,404
Tokyo,402
Blida,401
Veneto,400
Querétaro,399
Sinaloa,394
Adana,391
California,391
Chiapas,389
Araucanía,387
Baku,384
Santa Cruz,382
New Providence,382
Lara,379
Chelyabinsk,369
Bishkek,364
Galicia,361
Addis Ababa,361
Alexandria,360
Central Macedonia,360
Taipei,360
Voronezh,356
