name,visitors,bounce_rate,visit_duration
Direct / None,199,78,303
google.com,135,80,153
bing.com,25,74,279
duckduckgo.com,6,100,0
python.org,5,0,131
google.pl,4,100,0
search.brave.com,3,100,346
chatgpt.com,2,100,91
statics.teams.cdn.office.net,2,50,342
copilot.microsoft.com,1,100,0
courses.grainger.illinois.edu,1,100,0
devguide.python.org/documentation/translations/translating,1,0,46
ecosia.org,1,100,0
lmarena.ai,1,0,210
mdl.ug.edu.pl,1,0,272
privacywall.org,1,100,0
roadmap.sh,1,0,452
szkola-fraktal.pl,1,0,30
upel.agh.edu.pl,1,100,0
wiki.freecad.org,1,0,0
youtube.com,1,0,3
