name,visitors,bounce_rate,visit_duration
google.com,2058,78,195
Direct / None,1150,66,289
bing.com,193,73,159
search.brave.com,83,81,229
qwant.com,71,79,244
python.org,60,0,482
duckduckgo.com,52,74,181
ecosia.org,44,84,137
openclassrooms.com,40,85,86
google.fr,33,81,106
chatgpt.com,28,50,315
capytale2.ac-paris.fr,22,85,78
jupyter-gi.insa-lyon.fr,21,67,347
schooding.fr,20,22,698
fr.search.yahoo.com,10,60,119
bing.com/search,6,100,0
copilot.microsoft.com,6,100,0
l1-nbgrader.univ-lyon1.fr,6,100,0
m.baidu.com,5,80,78
python-docs-translations.github.io,5,40,314
github.com,4,100,2202
madoc.univ-nantes.fr,4,0,837
nohtyprm.github.io,4,75,2
pixees.fr,4,50,1141
raoulhatterer.github.io,4,50,3
afpy.org,3,0,347
baidu.com/link,3,50,84
cedric.cnam.fr,3,67,325
davidmercier.fr,3,0,697
moodle.iedparis8.net,3,100,0
moodle.lyceestendhal.it,3,20,529
aura-63.elea.apps.education.fr,2,100,0
aura-73.elea.apps.education.fr,2,100,0
benlenoir.gitlab.io,2,100,0
boot.dev,2,0,2444
canva.com,2,100,0
developpez.net,2,100,0
fsg-pax-p-jhn01.pax.ulaval.ca,2,0,1047
informatique-lycee.forge.apps.education.fr,2,100,0
moodle.polymtl.ca,2,100,28
notebook.basthon.fr,2,33,61
ressources.studi.fr,2,100,0
youtube.com,2,100,24
ytrack.learn.ynov.com,2,50,4
0672604s.moodle.monbureaunumerique.fr,1,100,0
a-seghir.blogspot.com/p/python-chap00-introduction.html,1,100,0
baidu.com,1,100,0
brt.moodle.lecnam.net,1,100,0
ca.search.yahoo.com,1,100,0
celene.univ-orleans.fr,1,100,0
chamilo.grenoble-inp.fr,1,100,0
chat.qwen.ai/c/f7bd5d67-c51c-44b7-aaac-00901fb1a27f,1,100,0
club-gamma-virid.vercel.app,1,0,8
cn.bing.com,1,100,0
code.visualstudio.com,1,0,619
collegeboreal.brightspace.com,1,100,0
cs50.harvard.edu,1,0,827
docs.google.com,1,100,0
dsext001-eu1-215dsi0708-ifwe.3dexperience.3ds.com,1,0,3934
dti-cpu-pr-1.jhub.pax.ulaval.ca,1,100,0
euc-word-view.officeapps.live.com,1,0,3034
expleo.udemy.com,1,100,0
forum.geocommuns.fr,1,100,0
forum.ubuntu-fr.org,1,100,0
gemini.google.com,1,0,11
github.com/goumies-creative/formation-python-cma-apprenants/tree/main/MODULES-COURS/seance-01-variables-chaines,1,0,1
github.com/qutebrowser/qutebrowser/issues/1736,1,0,407
glassus.github.io,1,100,0
google.com/search,1,100,0
gregwar.com,1,0,162
gstatic.com,1,100,0
hub.2i2c.mybinder.org,1,100,0
invivoo.com,1,100,0
jcastello.gitlab.io,1,100,0
learn-technique.helmo.be,1,100,0
linkedin.com,1,0,67
lyotardjulien.forge.apps.education.fr,1,100,0
magnard.fr,1,100,0
medium.com/@romualdoluwatobi/unit-testing-python-mock-object-comprendre-avec-deux-exemples-simples-5f8b21cb0816,1,0,2871
medium.com/france-school-of-ai/travailler-facilement-avec-les-dates-sur-pandas-14b14b2ea51,1,100,0
moodle.ephec.be,1,0,5
moodle.umontpellier.fr,1,100,0
moodle.umontpellier.fr/mod/book/view.php,1,100,0
moodle.unige.ch,1,0,1898
moodle.univ-lille.fr,1,100,0
moodle.univ-lyon2.fr,1,100,0
nsi.eduzonelab.com,1,100,0
peaksys.atlassian.net,1,100,0
pearltrees.com,1,100,0
pip.pypa.io/en/stable/installation,1,0,7285
premiere-nsi.brunache.ovh,1,100,0
prepa.pages.epita.fr,1,0,311
projets420.gitbook.io/notes-de-cours/exercices-s1-s5/exercices-gestion-des-exceptions-debutant,1,100,0
python.sdv.u-paris.fr,1,0,555
qwantjunior.com,1,0,79
r.search.yahoo.com/_ylt=AwrkPbQKuOxoe48iJwePAwx.;_ylu=Y29sbwMEcG9zAzcEdnRpZAMEc2VjA3Ny/RV=2/RE=1760372874/RO=10/RU=https%3a%2f%2fdocs.python.org%2ffr%2f3%2flibrary%2ffilesys.html/RK=2/RS=IbFJ22kkHIslwHCigwVQIdZ4jnM-,1,100,0
search.avastbrowser.com/serp,1,100,0
search.lilo.org,1,0,16
sfeir.dev/back/la-magie-des-fonctions-dans-re-sub,1,100,0
statics.teams.cdn.office.net,1,0,0
tkdocs.com,1,0,1784
traimaocv.fr,1,0,0
udemy.com,1,100,0
wiki.python.org,1,100,0
zetcode.com,1,0,0
zonensi.fr,1,100,0
