name,visitors
France,2393
China,265
Canada,109
Belgium,94
Morocco,89
Singapore,84
Tunisia,71
Switzerland,52
Algeria,52
Côte d'Ivoire,48
"Congo, The Democratic Republic of the",40
Senegal,35
United States,33
Cameroon,31
Germany,18
Madagascar,15
Togo,15
Vietnam,15
Réunion,14
Burkina Faso,13
Benin,12
Guinea,12
Netherlands,10
Gabon,9
Mali,9
Congo,8
Haiti,7
India,7
Russian Federation,7
United Kingdom,6
Luxembourg,6
Niger,6
Spain,5
Italy,5
Indonesia,4
Turkey,4
Andorra,2
Angola,2
Brazil,2
Chile,2
Colombia,2
Cyprus,2
French Guiana,2
Guadeloupe,2
Ireland,2
Cambodia,2
Lebanon,2
Mauritania,2
Mexico,2
Malaysia,2
Norway,2
French Polynesia,2
Chad,2
Uzbekistan,2
Australia,1
Jersey,1
Jordan,1
New Caledonia,1
Poland,1
Serbia,1
Rwanda,1
Sweden,1
Ukraine,1
