name,unique_exits,total_exits,exit_rate
/fr/3/tutorial/,252,259,
/fr/3/library/random.html,122,122,
/fr/3/tutorial/datastructures.html,111,114,
/fr/3/library/turtle.html,88,88,
/fr/3/tutorial/classes.html,82,84,
/fr/3/library/tkinter.html,78,83,
/fr/3/howto/sorting.html,75,80,
/fr/3.13/tutorial/index.html,65,68,
/fr/3/library/stdtypes.html,61,61,
/fr/3/library/csv.html,57,59,
/3/,53,53,
/fr/3/library/json.html,49,49,
/fr/3/tutorial/controlflow.html,49,52,
/fr/3/tutorial/interpreter.html,47,49,
/fr/3.15/using/windows.html,43,44,
/fr/3/howto/regex.html,43,42,
/fr/3/tutorial/venv.html,42,42,
/fr/dev/installing/index.html,42,41,
/fr/3/tutorial/introduction.html,39,39,
/fr/3/tutorial/errors.html,38,37,
/fr/3/search.html,37,38,
/fr/3/library/functions.html,35,37,
/fr/3/library/__main__.html,34,34,
/fr/3/library/enum.html,34,34,
/fr/3/library/idle.html,34,34,
/fr/3/,32,32,
/fr/3.14/,31,33,
/fr/3/library/math.html,31,31,
/fr/3/library/datetime.html,29,30,
/fr/3/tutorial/appetite.html,29,29,
/fr/3/library/time.html,27,27,
/fr/3/tutorial/inputoutput.html,27,27,
/fr/3.14/search.html,26,28,
/fr/3/library/string.html,26,26,
/dev/using/windows.html,25,24,
/fr/3/reference/import.html,21,21,
/fr/3/using/cmdline.html,21,19,
/fr/3.14/tutorial/introduction.html,20,23,
/fr/3/library/index.html,19,18,
/fr/3/library/re.html,19,20,
/fr/3/library/statistics.html,19,19,
/fr/3/library/glob.html,18,19,
/fr/3/library/multiprocessing.html,18,19,
/fr/3/tutorial/index.html,18,21,
/fr/3.14/tutorial/index.html,17,19,
/fr/3/library/sys.html,16,16,
/fr/3/genindex-Symboles.html,15,15,
/fr/3/library/os.html,15,15,
/fr/3/library/asyncio.html,14,14,
/fr/3/library/exceptions.html,14,14,
/fr/3/library/subprocess.html,14,14,
/3/tutorial/index.html,13,12,
/fr/3/glossary.html,13,13,
/fr/3/howto/unicode.html,13,13,
/3/library/tkinter.html,12,11,
/fr/3/installing/index.html,12,12,
/fr/3/tutorial/modules.html,12,14,
/fr/dev/reference/compound_stmts.html,12,12,
/fr/3.14/tutorial/interpreter.html,11,10,
/fr/3/howto/sockets.html,11,12,
/fr/3/library/timeit.html,11,11,
/fr/3/library/venv.html,11,11,
/fr/3/using/unix.html,11,11,
/3/library/csv.html,10,10,
/3/library/random.html,10,10,
/3/library/re.html,10,10,
/3/library/stdtypes.html,10,10,
/3/search.html,10,9,
/fr/3.13/tutorial/interpreter.html,10,10,
/fr/3.14/library/functions.html,10,11,
/fr/3/contents.html,10,10,
/fr/3/howto/logging.html,10,10,
/fr/3/reference/compound_stmts.html,10,10,
/fr/dev/library/xml.etree.elementtree.html,10,10,
/3/library/subprocess.html,9,9,
/fr/3.14/tutorial/appetite.html,9,10,
/fr/3/faq/windows.html,9,9,
/fr/3/library/fractions.html,9,9,
/fr/3/library/operator.html,9,9,
/fr/3/library/tkinter.ttk.html,9,10,
/fr/3/reference/datamodel.html,9,9,
/fr/3/reference/simple_stmts.html,9,9,
/fr/3/using/index.html,9,9,
/3/library/dataclasses.html,8,8,
/3/library/datetime.html,8,8,
/3/library/math.html,8,8,
/3/library/pathlib.html,8,8,
/3/tutorial/inputoutput.html,8,8,
/fr/3.13/library/functions.html,8,8,
/fr/3.13/tutorial/introduction.html,8,8,
/fr/3/howto/argparse.html,8,8,
/fr/3/howto/enum.html,8,8,
/fr/3/library/base64.html,8,8,
/fr/3/reference/lexical_analysis.html,8,8,
/fr/3/using/windows.html,8,9,
/3/library/os.html,7,6,
/fr/3.12/library/stdtypes.html,7,7,
/fr/3.13/library/tkinter.ttk.html,7,7,
/fr/3.14/download.html,7,7,
/fr/3.14/library/stdtypes.html,7,7,
