name,visitors
India,79000
China,48087
United States,42492
Brazil,14667
Japan,14145
Russian Federation,13711
Germany,10920
South Korea,10715
United Kingdom,9145
France,7379
Indonesia,6880
Pakistan,6599
Hong Kong,6478
Turkey,6247
Vietnam,6113
Mexico,5792
Thailand,5028
Taiwan,4921
Iran,4814
Canada,4684
Spain,4627
Italy,4407
Netherlands,4131
Egypt,3994
Australia,3991
Singapore,3821
Poland,3660
Ukraine,3121
Philippines,3100
Argentina,3068
Peru,3005
Bangladesh,2970
Malaysia,2757
Nigeria,2593
Saudi Arabia,2474
South Africa,2300
Chile,2099
Colombia,1974
Israel,1836
Morocco,1832
United Arab Emirates,1645
Ecuador,1614
Kenya,1509
Sweden,1471
Nepal,1442
Sri Lanka,1399
Switzerland,1362
Algeria,1268
Romania,1243
Uzbekistan,1213
Portugal,1173
Austria,1162
Kazakhstan,1110
Belgium,1062
Czechia,1045
Finland,899
Iraq,889
Ireland,870
Greece,856
Hungary,823
Belarus,817
Ghana,790
Venezuela,702
Tunisia,694
Bolivia,670
Cambodia,667
Denmark,646
Norway,616
Ethiopia,579
New Zealand,576
Bulgaria,542
Dominican Republic,515
Costa Rica,462
Serbia,457
Jordan,454
Georgia,434
Slovakia,394
Myanmar,393
Lithuania,386
Azerbaijan,379
Uganda,357
Côte d'Ivoire,340
Yemen,338
Cameroon,337
Latvia,314
Croatia,300
Uruguay,291
El Salvador,288
Lebanon,284
Armenia,282
Kyrgyzstan,279
Panama,266
Paraguay,265
Qatar,256
"Congo, The Democratic Republic of the",250
Kuwait,243
Madagascar,242
Senegal,239
Oman,237
Tanzania,236
Zimbabwe,236
Slovenia,232
Somalia,209
Guatemala,203
Estonia,200
Honduras,198
Zambia,192
Moldova,191
Angola,189
Mongolia,185
"Palestine, State of",175
Afghanistan,163
Mozambique,162
Cyprus,161
Syria,159
Benin,157
Libya,151
Rwanda,146
Luxembourg,141
Nicaragua,140
Togo,140
Puerto Rico,139
Albania,134
Bosnia and Herzegovina,120
Tajikistan,117
Sudan,116
Bahrain,110
Burkina Faso,107
North Macedonia,100
Mauritius,99
Kosovo,90
Malawi,82
Jamaica,81
Cuba,79
Mali,77
Macao,77
Congo,74
Trinidad and Tobago,65
Réunion,60
Botswana,58
Laos,57
Seychelles,56
Namibia,51
Mauritania,48
Iceland,47
Sierra Leone,47
Guinea,45
Malta,45
Haiti,44
Montenegro,42
Maldives,40
Bhutan,38
Burundi,36
Eswatini,30
Niger,29
Gabon,28
Liberia,28
Guadeloupe,26
Papua New Guinea,26
Lesotho,24
Brunei Darussalam,22
Martinique,22
Guyana,20
Djibouti,19
New Caledonia,19
South Sudan,19
Isle of Man,18
Bahamas,17
Timor-Leste,17
Liechtenstein,16
Andorra,15
French Guiana,15
Gambia,15
Chad,15
Åland Islands,14
Barbados,14
Cabo Verde,14
Fiji,12
Belize,11
Curaçao,10
Central African Republic,7
Equatorial Guinea,7
Guam,7
Saint Lucia,7
Suriname,7
Vanuatu,7
Aruba,6
Bermuda,6
Faroe Islands,6
Jersey,6
Monaco,6
"Virgin Islands, U.S.",6
Samoa,6
Cayman Islands,5
Antigua and Barbuda,4
"Bonaire, Sint Eustatius and Saba",4
Guernsey,4
Guinea-Bissau,4
Kiribati,4
San Marino,4
Turks and Caicos Islands,4
Turkmenistan,4
"Virgin Islands, British",4
Dominica,3
Greenland,3
Sao Tome and Principe,3
Mayotte,3
Gibraltar,2
Comoros,2
Saint Kitts and Nevis,2
Saint Martin (French part),2
Saint Pierre and Miquelon,2
Solomon Islands,2
Tonga,2
Tuvalu,2
Saint Vincent and the Grenadines,2
Wallis and Futuna,2
Anguilla,1
American Samoa,1
Eritrea,1
Falkland Islands (Malvinas),1
"Micronesia, Federated States of",1
Grenada,1
Nauru,1
French Polynesia,1
Sint Maarten (Dutch part),1
