name,unique_exits,total_exits,exit_rate
/pl/3/tutorial/datastructures.html,40,40,
/pl/3/tutorial/index.html,23,24,
/pl/dev/library/turtle.html,23,26,
/pl/dev/tutorial/classes.html,20,21,
/pl/3/tutorial/controlflow.html,14,15,
/pl/3/tutorial/errors.html,11,11,
/pl/3/,10,11,
/pl/dev/tutorial/inputoutput.html,9,9,
/pl/3/tutorial/modules.html,7,8,
/pl/3/installing/index.html,6,6,
/3/,5,5,
/pl/3.13/tutorial/introduction.html,5,5,
/pl/3/library/index.html,5,5,
/pl/3/tutorial/classes.html,5,5,
/pl/3/tutorial/interpreter.html,5,5,
/pl/3/tutorial/introduction.html,5,5,
/pl/3/tutorial/venv.html,5,5,
/pl/3.13/library/ftplib.html,4,5,
/pl/3/reference/introduction.html,4,4,
/3.13/index.html,3,3,
/pl/3.13/tutorial/classes.html,3,3,
/pl/3.13/tutorial/controlflow.html,3,3,
/pl/3.13/tutorial/errors.html,3,2,
/pl/3/library/array.html,3,3,
/pl/3/library/idle.html,3,3,
/pl/3/reference/index.html,3,3,
/pl/3/tutorial/appetite.html,3,3,
/pl/dev/library/functions.html,3,3,
/3.13/search.html,2,2,
/3/library/collections.html,2,2,
/3/library/ftplib.html,2,2,
/3/library/idle.html,2,2,
/3/library/os.path.html,2,2,
/it/3.13/,2,2,
/pl/3.12/installing/index.html,2,2,
/pl/3.12/reference/lexical_analysis.html,2,2,
/pl/3.13/download.html,2,3,
/pl/3.13/index.html,2,2,
/pl/3.13/library/datetime.html,2,2,
/pl/3.13/library/math.html,2,2,
/pl/3.13/library/stdtypes.html,2,2,
/pl/3.13/tutorial/datastructures.html,2,3,
/pl/3.13/tutorial/index.html,2,2,
/pl/3.13/whatsnew/3.13.html,2,2,
/pl/3/download.html,2,2,
/pl/3/extending/extending.html,2,2,
/pl/3/glossary.html,2,2,
/pl/3/library/functions.html,2,2,
/pl/dev/tutorial/datastructures.html,2,2,
/pl/dev/using/editors.html,2,2,
/3.12/,1,1,
/3.12/search.html,1,1,
/3.13/,1,1,
/3.13/howto/enum.html,1,1,
/3.13/library/dataclasses.html,1,1,
/3.13/library/functions.html,1,1,
/3.13/library/secrets.html,1,1,
/3.13/py-modindex.html,1,1,
/3.13/reference/expressions.html,1,1,
/3.13/tutorial/appetite.html,1,1,
/3.13/tutorial/introduction.html,1,1,
/3.13/tutorial/modules.html,1,1,
/3.13/whatsnew/3.13.html,1,1,
/3.14/tutorial/index.html,1,1,
/3.15/library/index.html,1,1,
/3/contents.html,1,1,
/3/howto/sorting.html,1,1,
/3/index.html,1,1,
/3/installing/index.html,1,1,
/3/library/array.html,1,1,
/3/library/concurrency.html,1,1,
/3/library/exceptions.html,1,1,
/3/library/index.html,1,1,
/3/library/math.html,1,1,
/3/library/operator.html,1,1,
/3/library/pdb.html,1,1,
/3/library/random.html,1,1,
/3/library/re.html,1,1,
/3/library/turtle.html,1,1,
/3/library/venv.html,1,1,
/3/py-modindex.html,1,1,
/3/reference/index.html,1,1,
/3/search.html,1,1,
/3/tutorial/controlflow.html,1,1,
/3/using/index.html,1,1,
/3/using/windows.html,1,1,
/ko/3.13/library/textwrap.html,1,1,
/pl/3.12/c-api/descriptor.html,1,1,
/pl/3.12/library/argparse.html,1,1,
/pl/3.12/library/decimal.html,1,1,
/pl/3.12/library/index.html,1,1,
/pl/3.12/py-modindex.html,1,1,
/pl/3.12/search.html,1,1,
/pl/3.12/tutorial/inputoutput.html,1,1,
/pl/3.13/,1,1,
/pl/3.13/contents.html,1,1,
/pl/3.13/glossary.html,1,1,
/pl/3.13/library/,1,1,
/pl/3.13/library/base64.html,1,1,
/pl/3.13/library/calendar.html,1,1,
