name,unique_entrances,total_entrances,visit_duration
/ja/3/tutorial/,308,334,198
/ja/3/bugs.html,161,161,1
/ja/3/library/index.html,160,166,127
/ja/3/,133,146,267
/ja/3/library/re.html,107,112,32
/ja/3/library/functions.html,99,105,212
/ja/3/library/codecs.html,97,97,8
/ja/3/library/stdtypes.html,82,83,60
/ja/3/library/argparse.html,63,64,31
/ja/3/library/csv.html,56,58,6
/ja/3/search.html,56,72,157
/ja/3/tutorial/datastructures.html,54,58,263
/ja/3/tutorial/index.html,49,56,374
/ja/3/library/logging.html,48,54,189
/ja/3/library/venv.html,47,47,58
/ja/3/library/exceptions.html,46,49,179
/ja/3/tutorial/controlflow.html,46,53,175
/3/,45,45,230
/dev/using/windows.html,43,43,224
/ja/3/library/json.html,40,41,12
/ja/3/library/random.html,40,42,60
/ja/3/tutorial/errors.html,40,40,120
/ja/3/library/itertools.html,39,42,25
/ja/3/library/tkinter.html,39,40,125
/ja/3/tutorial/introduction.html,39,42,205
/ja/3/tutorial/interpreter.html,38,38,115
/ja/3/library/math.html,35,35,30
/ja/3/library/os.html,34,34,109
/ja/3/library/sqlite3.html,33,33,20
/ja/3/reference/index.html,31,32,275
/ja/3.14/,30,33,479
/ja/3/library/enum.html,30,30,32
/ja/3/tutorial/classes.html,30,34,231
/ja/3/library/pathlib.html,29,29,0
/ja/3/library/typing.html,29,30,137
/ja/3/library/datetime.html,28,28,90
/ja/3/library/subprocess.html,28,28,17
/ja/3.13/library/concurrent.futures.html,24,24,74
/ja/3/library/asyncio.html,24,24,52
/ja/3/tutorial/appetite.html,24,24,245
/ja/3/library/socket.html,23,26,86
/ja/3/library/threading.html,23,25,45
/ja/3/library/idle.html,21,22,78
/ja/3/library/urllib.request.html,21,23,19
/ja/3.15/using/windows.html,20,20,4
/ja/3/using/windows.html,20,20,103
/ja/3/howto/sorting.html,19,20,133
/ja/3/installing/index.html,19,19,97
/ja/3/library/os.path.html,19,19,147
/ja/3.13/library/os.path.html,18,19,51
/ja/3/library/functools.html,18,18,87
/ja/3/reference/compound_stmts.html,18,18,111
/ja/3/using/cmdline.html,18,18,5
/ja/dev/tutorial/errors.html,18,18,106
/ja/3/c-api/import.html,17,17,4
/ja/3/library/hashlib.html,17,17,0
/ja/3/tutorial/modules.html,17,19,95
/ja/dev/library/hashlib.html,17,17,0
/ja/dev/library/http.client.html,17,17,0
/ja/3/index.html,16,16,110
/ja/3/library/configparser.html,16,17,116
/ja/3/library/decimal.html,16,18,0
/ja/3/library/difflib.html,16,17,17
/ja/3/library/queue.html,16,16,76
/ja/3/library/traceback.html,16,16,132
/ja/3/library/unittest.html,16,17,27
/ja/3/glossary.html,15,16,188
/ja/3/library/multiprocessing.html,15,16,47
/ja/3/library/shutil.html,15,15,33
/ja/3/library/string.html,15,15,238
/ja/3/library/sys.html,15,15,154
/ja/3/library/tempfile.html,15,15,25
/ja/3/library/xml.etree.elementtree.html,15,15,187
/ja/3/reference/introduction.html,15,15,14
/ja/3/reference/lexical_analysis.html,15,16,59
/ja/3.13/library/index.html,14,16,18
/ja/3.13/library/unittest.mock.html,14,15,161
/ja/3.13/tutorial/,14,15,150
/ja/3.14/search.html,14,15,296
/ja/3/library/zipfile.html,14,15,114
/ja/3/tutorial/inputoutput.html,14,16,12
/ja/3.13/,13,13,236
/ja/3/howto/logging.html,13,13,145
/ja/3/library/,13,13,152
/ja/3/library/abc.html,13,13,3
/ja/3/library/asyncio-task.html,13,13,161
/ja/3/library/io.html,13,13,1
/ja/3.14/library/index.html,12,14,130
/ja/3/howto/argparse.html,12,13,3
/ja/3/library/contextlib.html,12,12,47
/ja/3/library/logging.handlers.html,12,12,266
/ja/3/library/time.html,12,12,41
/ja/3/reference/expressions.html,12,13,427
/ja/3.13/tutorial/index.html,11,11,17
/ja/3/library/pickle.html,11,11,0
/ja/3/using/ios.html,11,12,5
/ja/3.14/library/stdtypes.html,10,11,543
/ja/3/c-api/dict.html,10,10,10
/ja/3/howto/logging-cookbook.html,10,10,218
/ja/3/library/dataclasses.html,10,10,10
/ja/3/library/urllib.parse.html,10,10,138
/ja/3/library/warnings.html,10,10,0
/ja/3/library/webbrowser.html,10,10,4
/ja/3/tutorial/venv.html,10,10,264
/ja/3.13/library/__main__.html,9,9,0
/ja/3.14/tutorial/index.html,9,10,35
/ja/3/library/collections.html,9,9,10
/ja/3/library/ipaddress.html,9,9,49
/ja/3/library/turtle.html,9,9,6
/ja/3/reference/datamodel.html,9,10,6
/ja/dev/glossary.html,9,9,0
/ja/3.13/c-api/capsule.html,8,8,61
/ja/3/howto/regex.html,8,8,0
/ja/3/library/base64.html,8,8,0
/ja/3/library/pprint.html,8,8,107
/ja/3/py-modindex.html,8,8,104
/3/tutorial/index.html,7,7,393
/ja/3.12/index.html,7,7,9
/ja/3.13/library/__future__.html,7,7,1
/ja/3.13/library/asyncio-eventloop.html,7,8,123
/ja/3.13/library/importlib.resources.html,7,7,8
/ja/3.13/reference/simple_stmts.html,7,7,99
/ja/3.13/search.html,7,7,293
/ja/3.13/tutorial/datastructures.html,7,7,15
/ja/3.14/tutorial/controlflow.html,7,7,141
/ja/3/library/dialog.html,7,7,394
/ja/3/library/http.client.html,7,7,334
/ja/3/library/http.server.html,7,7,63
/ja/3/library/urllib.html,7,7,162
/ja/3/license.html,7,7,324
/ja/dev/library/venv.html,7,7,0
/ja/dev/whatsnew/3.13.html,7,7,17
/3/library/idle.html,6,6,597
/ja/3.13/index.html,6,6,2
/ja/3.13/installing/index.html,6,6,270
/ja/3.13/tutorial/inputoutput.html,6,6,150
/ja/3.14/library/functions.html,6,6,16
/ja/3.14/tutorial/interpreter.html,6,6,0
/ja/3/howto/enum.html,6,6,68
/ja/3/library/calendar.html,6,6,0
/ja/3/library/concurrent.futures.html,6,6,31
/ja/3/library/ftplib.html,6,6,0
/ja/3/library/gzip.html,6,6,25
/ja/3/library/hmac.html,6,6,0
/ja/3/tutorial/floatingpoint.html,6,6,725
/ja/dev/installing/index.html,6,6,11
/ja/dev/library/unicodedata.html,6,6,0
/3/library/typing.html,5,5,165
/3/whatsnew/3.14.html,5,5,87
/ja/3.12/tutorial/modules.html,5,5,0
/ja/3.12/whatsnew/3.12.html,5,5,27
/ja/3.13/library/asyncio-sync.html,5,5,173
/ja/3.13/library/logging.html,5,5,0
/ja/3.13/library/stdtypes.html,5,5,1
/ja/3.13/library/sys.html,5,5,0
/ja/3.13/library/tkinter.ttk.html,5,5,0
/ja/3.13/library/urllib.error.html,5,6,168
/ja/3.13/library/urllib.parse.html,5,5,0
/ja/3.13/library/xml.etree.elementtree.html,5,5,0
/ja/3.14/tutorial/,5,5,115
/ja/3.15/library/functions.html,5,6,0
/ja/3/contents.html,5,5,3
/ja/3/faq/general.html,5,5,37
/ja/3/library/__main__.html,5,5,0
/ja/3/library/ast.html,5,5,451
/ja/3/library/contextvars.html,5,5,0
/ja/3/library/heapq.html,5,5,46
/ja/3/library/importlib.metadata.html,5,5,0
/ja/3/library/logging.config.html,5,5,359
/ja/3/library/ssl.html,5,5,0
/ja/3/library/stat.html,5,5,63
/ja/3/library/struct.html,5,5,0
/ja/3/library/tkinter.ttk.html,5,5,326
/ja/3/library/types.html,5,5,0
/ja/3/reference/simple_stmts.html,5,5,403
/ja/3/tutorial/stdlib2.html,5,5,428
/ja/dev/library/enum.html,5,5,0
/ja/dev/whatsnew/2.2.html,5,5,0
/3.14/,4,4,90
/3/library/functions.html,4,5,268
/3/library/tkinter.html,4,4,190
/3/license.html,4,4,142
/3/reference/index.html,4,4,723
/ja/3.12/genindex-P.html,4,4,0
/ja/3.12/library/datetime.html,4,4,878
/ja/3.12/library/tkinter.ttk.html,4,5,0
/ja/3.13/library/logging.config.html,4,4,48
/ja/3.13/library/logging.handlers.html,4,4,0
/ja/3.13/library/platform.html,4,4,0
/ja/3.13/library/stringprep.html,4,4,0
/ja/3.13/library/turtle.html,4,4,0
/ja/3.13/library/typing.html,4,4,0
/ja/3.13/library/venv.html,4,4,0
/ja/3.13/tutorial/classes.html,4,4,0
/ja/3.13/tutorial/errors.html,4,4,0
/ja/3.14/index.html,4,4,59
/ja/3.14/library/collections.html,4,4,0
/ja/3.14/tutorial/classes.html,4,4,70
/ja/3.14/using/windows.html,4,4,134
/ja/3.15/search.html,4,4,61
/ja/3.15/tutorial/,4,4,34
/ja/3/library/asyncio-dev.html,4,4,0
/ja/3/library/binascii.html,4,4,0
/ja/3/library/bisect.html,4,4,0
/ja/3/library/copy.html,4,4,0
/ja/3/library/doctest.html,4,4,0
/ja/3/library/errno.html,4,4,475
/ja/3/library/glob.html,4,4,1
/ja/3/library/html.parser.html,4,4,0
/ja/3/library/imaplib.html,4,4,1
/ja/3/library/py_compile.html,4,4,0
/ja/3/library/socketserver.html,4,4,0
/ja/3/library/zoneinfo.html,4,5,0
/ja/3/using/configure.html,4,4,0
/ja/dev/copyright.html,4,4,0
/ja/dev/howto/unicode.html,4,4,0
/ja/dev/library/tomllib.html,4,5,0
/ja/dev/whatsnew/index.html,4,4,6
/3.13/,3,3,459
/3/library/argparse.html,3,3,331
/3/library/index.html,3,3,68
/3/library/subprocess.html,3,3,921
/3/library/threading.html,3,3,605
/3/library/zipfile.html,3,3,11
/3/tutorial/,3,4,992
/ja/3.12/contents.html,3,3,0
/ja/3.12/library/functions.html,3,3,0
/ja/3.12/library/re.html,3,3,0
/ja/3.12/library/signal.html,3,3,0
/ja/3.12/search.html,3,3,269
/ja/3.13/c-api/file.html,3,3,42
/ja/3.13/c-api/index.html,3,3,63
/ja/3.13/c-api/slice.html,3,3,649
/ja/3.13/c-api/structures.html,3,3,0
/ja/3.13/copyright.html,3,3,0
/ja/3.13/faq/programming.html,3,3,0
/ja/3.13/library/argparse.html,3,3,0
/ja/3.13/library/asyncio-queue.html,3,3,5
/ja/3.13/library/asyncio-task.html,3,3,48
/ja/3.13/library/collections.abc.html,3,3,0
/ja/3.13/library/collections.html,3,3,0
/ja/3.13/library/configparser.html,3,4,0
/ja/3.13/library/csv.html,3,3,0
/ja/3.13/library/ctypes.html,3,4,0
/ja/3.13/library/distribution.html,3,3,0
/ja/3.13/library/itertools.html,3,3,105
/ja/3.13/library/mmap.html,3,3,0
/ja/3.13/library/pathlib.html,3,3,0
/ja/3.13/library/re.html,3,4,0
/ja/3.13/library/sqlite3.html,3,4,0
/ja/3.13/library/sys_path_init.html,3,3,0
/ja/3.13/library/tkinter.html,3,3,0
/ja/3.13/library/unicodedata.html,3,3,540
/ja/3.13/reference/expressions.html,3,3,8
/ja/3.13/tutorial/controlflow.html,3,3,0
/ja/3.13/using/index.html,3,3,132
/ja/3.13/whatsnew/3.8.html,3,3,424
/ja/3.14/glossary.html,3,3,424
/ja/3.14/library/asyncio-eventloop.html,3,3,2509
/ja/3.14/library/dataclasses.html,3,3,0
/ja/3.14/library/exceptions.html,3,3,72
/ja/3.14/library/string.html,3,3,0
/ja/3.14/library/tkinter.html,3,3,1312
/ja/3.14/reference/index.html,3,4,0
/ja/3.14/tutorial/modules.html,3,4,3
/ja/3.14/whatsnew/3.14.html,3,5,7
/ja/3.15/,3,3,139
/ja/3.15/howto/urllib2.html,3,3,0
/ja/3.15/tutorial/controlflow.html,3,3,463
/ja/3.15/tutorial/introduction.html,3,3,0
/ja/3/extending/extending.html,3,3,0
/ja/3/genindex.html,3,3,1867
/ja/3/howto/functional.html,3,3,0
/ja/3/howto/sockets.html,3,3,0
/ja/3/howto/unicode.html,3,3,34
/ja/3/library/asyncio-future.html,3,3,12
/ja/3/library/cmath.html,3,3,0
/ja/3/library/ctypes.html,3,3,54
/ja/3/library/faulthandler.html,3,4,0
/ja/3/library/fractions.html,3,3,0
/ja/3/library/importlib.html,3,3,1169
/ja/3/library/inspect.html,3,3,0
/ja/3/library/intro.html,3,3,5
/ja/3/library/pkgutil.html,3,3,0
/ja/3/library/readline.html,3,3,251
/ja/3/library/secrets.html,3,3,377
/ja/3/library/signal.html,3,3,0
/ja/3/library/smtplib.html,3,3,736
/ja/3/library/statistics.html,3,3,5
/ja/3/library/tarfile.html,3,4,336
/ja/3/library/trace.html,3,3,0
/ja/3/library/unittest.mock.html,3,4,376
/ja/3/library/winsound.html,3,3,0
/ja/3/using/index.html,3,3,7
/ja/dev/genindex-カ.html,3,3,0
/ja/dev/library/exceptions.html,3,3,323
/ja/dev/library/functions.html,3,3,0
/ja/dev/library/wsgiref.html,3,3,0
/ja/dev/using/windows.html,3,3,0
/ja/dev/whatsnew/3.11.html,3,3,0
