name,visitors
Madrid Autonomous Community,314
Ciudad de Mexico,231
Capital District,206
Antioquia,191
Catalonia,171
Buenos Aires Province,148
Andalusia,106
Valencian Community,90
Lima,89
Santiago Metropolitan,82
Mexico State,82
Jalisco,66
Nuevo León,52
Veracruz,50
Hebei,49
Tamaulipas,48
Guayas,47
Galicia,46
Valle del Cauca,44
Distrito Nacional,39
Guanajuato,39
Pichincha,38
Castile-La Mancha,38
Castile and León,37
Guatemala,36
California,36
Buenos Aires,35
Córdoba,31
San Salvador,31
Puebla,30
La Paz,29
Canary Islands,29
Santa Fe,27
Santander,27
Basque Country,27
Capital,27
Atlántico,23
Baja California,23
Lima Region,22
Cundinamarca,21
Balearic Islands,21
Querétaro,21
Asturias,20
Chihuahua,20
Zacatecas,20
San Luis Potosí,19
Murcia Region,18
Yucatán,18
San José,17
Bolívar,16
Havana,16
Boyacá,15
Quintana Roo,15
Panamá,15
Chiapas,14
Michoacán,14
La Libertad,14
Valparaíso,13
Risaralda,13
Aragon,13
Morelos,13
Sonora,13
New York,13
Bío Bío,12
Guerrero,12
Hidalgo,12
Sinaloa,12
Texas,12
Guangdong,11
Francisco Morazán,11
Managua,11
Asunción,11
Virginia,11
Entre Ríos,10
Extremadura,10
Cochabamba,9
Nariño,9
Aguascalientes,9
Navarra Chartered Community,8
Oaxaca,8
Tlaxcala,8
Montevideo,8
Salta,7
Neuquén,7
Baja California Sur,7
Nayarit,7
Florida,7
New Jersey,7
Carabobo,7
Monagas,7
Santa Cruz,6
Esmeraldas,6
Île-de-France,6
Cortés,6
Colima,6
Durango,6
Arequipa,6
Junín,6
Corrientes,5
Araucanía,5
Coquimbo,5
Henan,5
Hubei,5
Caldas,5
Cauca,5
Huila,5
Santiago,5
Coahuila,5
Ica,5
Anzoátegui,5
Miranda,5
Mendoza,4
Formosa,4
Tucumán,4
Chubut,4
Fujian,4
Shanghai,4
Magdalena,4
Saxony,4
La Rioja,4
Leinster,4
Tabasco,4
Central,4
Santa Ana,4
Washington DC,4
Massachusetts,4
Aragua,4
Santiago del Estero,3
Chaco,3
Río Negro,3
Maule,3
Ñuble,3
Hunan,3
Shandong,3
Shaanxi,3
Cesar,3
Córdoba,3
Quindío,3
Alajuela,3
Cartago,3
Guanacaste,3
Hesse,3
Lower Saxony,3
Azuay,3
Tungurahua,3
Nouvelle-Aquitaine,3
Cusco,3
Illinois,3
Utah,3
Bolívar,3
Lara,3
Zulia,3
Andorra la Vella,2
San Juan,2
Tierra del Fuego,2
Sofia,2
Chuquisaca,2
Oruro,2
São Paulo,2
Antofagasta,2
Libertador General Bernardo O'Higgins,2
Beijing,2
Chongqing,2
Jiangsu,2
Tianjin,2
Meta,2
Norte de Santander,2
Duarte,2
Puerto Plata,2
Santo Domingo,2
Manabí,2
El Oro,2
Los Ríos,2
Santo Domingo de los Tsáchilas,2
Cantabria,2
Auvergne-Rhône-Alpes,2
Atlántida,2
Choluteca,2
Apulia,2
Auckland,2
Piura,2
San Martín,2
Punjab,2
Canindeyú,2
Tatarstan,2
Eastern,2
Alabama,2
Arizona,2
Colorado,2
Iowa,2
Indiana,2
Michigan,2
Ohio,2
Tashkent,2
Barinas,2
Falcón,2
Guárico,2
Trujillo,2
Yaracuy,2
Abu Dhabi,1
San Luis,1
La Rioja,1
Misiones,1
Jujuy,1
Brussels,1
Flanders,1
Amazonas,1
Rio de Janeiro,1
Ontario,1
Zürich,1
Magallanes Region,1
Anhui,1
Gansu,1
Guangxi,1
Sichuan,1
Xinjiang,1
Zhejiang,1
Chocó,1
Putumayo,1
Sucre,1
Tolima,1
Heredia,1
Berlin,1
La Vega,1
Carchi,1
Chimborazo,1
Imbabura,1
Loja,1
Cotopaxi,1
Melilla,1
Pays-de-la-Loire,1
Scotland,1
Kwai Tsing New Territories,1
Andhra Pradesh,1
Maharashtra,1
Tamil Nadu,1
Telangāna,1
Khuzestan,1
Piedmont,1
Lombardy,1
Tuscany,1
Tokyo,1
Nairobi County,1
Almaty City,1
Utrecht,1
Chiriquí,1
Ayacucho,1
Cajamarca,1
El Callao,1
Lambayeque,1
Pasco,1
Alto Paraná,1
Lvivshchyna,1
Kentucky,1
Oklahoma,1
Oregon,1
South Carolina,1
Washington,1
Maldonado,1
Mérida,1
Nueva Esparta,1
Vargas,1
Ho Chi Minh City,1
