name,unique_exits,total_exits,exit_rate
/tr/3.13/tutorial/index.html,8,8,
/tr/3/installing/index.html,8,8,
/tr/3/tutorial/index.html,6,6,
/3/,5,5,
/tr/3.13/,5,5,
/tr/3.13/search.html,5,5,
/tr/3/tutorial/introduction.html,4,4,
/3/tutorial/index.html,3,3,
/tr/3/tutorial/errors.html,3,3,
/3/library/turtle.html,2,2,
/3/tutorial/interpreter.html,2,2,
/tr/3.13/library/random.html,2,2,
/tr/3.13/tutorial/appetite.html,2,2,
/tr/3.13/tutorial/introduction.html,2,2,
/tr/3.13/using/windows.html,2,2,
/tr/3.15/library/os.html,2,2,
/tr/3/,2,2,
/tr/3/tutorial/classes.html,2,2,
/tr/3/tutorial/controlflow.html,2,2,
/tr/3/tutorial/inputoutput.html,2,2,
/3.13/library/tkinter.html,1,1,
/3.13/search.html,1,1,
/3/library/,1,1,
/3/library/datetime.html,1,1,
/3/library/index.html,1,1,
/3/library/intro.html,1,1,
/3/library/readline.html,1,1,
/3/library/tkinter.html,1,1,
/3/library/unittest.html,1,1,
/3/py-modindex.html,1,1,
/3/whatsnew/3.13.html,1,1,
/dev/extending/embedding.html,1,1,
/dev/library/ast.html,1,1,
/es/3.13/library/readline.html,1,1,
/es/3.13/tutorial/modules.html,1,1,
/es/3.15/tutorial/appendix.html,1,1,
/fr/3/copyright.html,1,1,
/fr/3/distributing/index.html,1,1,
/pt-br/3.13/,1,1,
/tr/3.12/,1,1,
/tr/3.12/library/asyncio-protocol.html,1,1,
/tr/3.12/library/asyncio.html,1,1,
/tr/3.12/library/tk.html,1,1,
/tr/3.12/tutorial/classes.html,1,1,
/tr/3.12/tutorial/controlflow.html,1,2,
/tr/3.13/glossary.html,1,1,
/tr/3.13/installing/index.html,1,1,
/tr/3.13/library/asyncio-runner.html,1,1,
/tr/3.13/library/index.html,1,1,
/tr/3.13/library/sqlite3.html,1,1,
/tr/3.13/library/stdtypes.html,1,1,
/tr/3.13/library/turtle.html,1,1,
/tr/3.13/tutorial/controlflow.html,1,1,
/tr/3.13/tutorial/interpreter.html,1,1,
/tr/3.13/using/cmdline.html,1,1,
/tr/3.14/whatsnew/index.html,1,1,
/tr/3.15/,1,1,
/tr/3.15/whatsnew/3.15.html,1,1,
/tr/3/c-api/reflection.html,1,1,
/tr/3/howto/annotations.html,1,1,
/tr/3/howto/perf_profiling.html,1,1,
/tr/3/howto/sorting.html,1,1,
/tr/3/library/functions.html,1,1,
/tr/3/library/importlib.metadata.html,1,1,
/tr/3/library/inspect.html,1,1,
/tr/3/tutorial/appendix.html,1,1,
/tr/3/tutorial/appetite.html,1,1,
/tr/3/tutorial/interpreter.html,1,1,
/tr/3/tutorial/modules.html,1,1,
/tr/3/tutorial/stdlib.html,1,1,
/tr/3/tutorial/venv.html,1,1,
/zh-cn/3.13/library/__main__.html,1,1,
/zh-cn/3.13/library/stdtypes.html,1,1,
/zh-cn/3/using/index.html,1,0,
/zh-tw/3/deprecations/index.html,1,1,
/zh-tw/3/faq/index.html,1,1,
