name,version,visitors
Chrome,136.0,1174
Mobile App,(not set),438
Chrome,137.0,411
Microsoft Edge,136.0,275
Safari,18.5,249
Microsoft Edge,137.0,116
Firefox,139.0,116
Safari,18.4,62
Firefox,138.0,50
Chrome,135.0,42
Mobile App,97.0,27
Safari,17.6,23
Safari,18.3,22
Firefox,128.0,19
Chrome,130.0,17
Chrome,134.0,17
Quark,7.12,15
Chrome,133.0,14
UC Browser,17.6,13
Safari,18.1,13
Huawei Browser Mobile,16.0,10
Safari,16.6,10
Safari,15.6,9
Safari,18.0,8
vivo Browser,24.6,7
Chrome,92.0,7
Chrome,132.0,5
Firefox,136.0,5
Chrome,138.0,5
vivo Browser,24.7,5
Brave,(not set),4
Chrome,103.0,4
Chrome,109.0,4
Opera,118.0,4
Chrome,131.0,4
Safari,17.5,4
Safari,18.2,4
Chrome,111.0,3
Chrome,114.0,3
Firefox,115.0,3
Chrome,125.0,3
Firefox,130.0,3
Microsoft Edge,134.0,3
Microsoft Edge,135.0,3
Firefox,138.3,3
Safari,16.4,3
Safari,17.3,3
QQ Browser,19.2,3
vivo Browser,24.4,3
Samsung Browser,28.0,3
Quark,7.11,3
Safari,12.1,2
Chrome,121.0,2
Chrome,122.0,2
Chrome,123.0,2
Firefox,125.0,2
Chrome,126.0,2
Firefox,126.1,2
Chrome,127.0,2
Chrome,129.0,2
Microsoft Edge,132.0,2
Firefox,134.0,2
Safari,16.3,2
Safari,16.5,2
Safari,17.2,2
Safari,17.4,2
MIUI Browser,19.5,2
Sogou Explorer,2,2
vivo Browser,22.9,2
vivo Browser,24.3,2
Chrome,34.0,2
Sleipnir,4.8,2
vivo Browser,4.9,2
Rakuten Web Search,6.114,2
Chrome,79.0,2
Chrome,84.0,2
Chrome,97.0,2
Safari,(not set),1
Chrome,108.0,1
Microsoft Edge,109.0,1
Safari,11.0,1
Microsoft Edge,112.0,1
Firefox,113.0,1
Chrome,116.0,1
Chrome,117.0,1
Chrome,119.0,1
Opera,119.0,1
Mobile App,120.0,1
Mobile App,126.0,1
Chrome,128.0,1
QQ Browser,13.7,1
Firefox,132.0,1
Mobile Silk,134.4,1
Firefox,135.0,1
Mobile App,136.0,1
Norton Private Browser,136.0,1
Firefox,137.0,1
Chrome,139.0,1
Safari,14.0,1
UC Browser,14.1,1
Safari,14.1,1
MIUI Browser,14.9,1
Safari,15.4,1
Safari,16.0,1
Safari,16.1,1
Safari,16.2,1
UC Browser,17.0,1
Safari,17.11,1
UC Browser,17.3,1
MIUI Browser,17.4,1
UC Browser,17.4,1
UC Browser,17.5,1
Safari,17.7,1
vivo Browser,18.7,1
MIUI Browser,19.2,1
vivo Browser,20.8,1
vivo Browser,22.7,1
vivo Browser,24.5,1
Notion,4.12,1
Oppo Browser,4.3,1
Firefox,64.0,1
Chrome,69.0,1
Quark,7.1,1
Quark,7.10,1
Quark,7.7,1
Chrome,80.0,1
Mobile App,83.0,1
Chrome,85.0,1
