name,visitors,bounce_rate,visit_duration
google.com,1404,78,141
Direct / None,1032,65,234
m.baidu.com,348,93,19
qiita.com,82,83,128
google.co.jp,81,73,175
note.nkmk.me,73,88,34
search.yahoo.co.jp,60,79,49
bing.com,44,74,65
chatgpt.com,26,43,235
atcoder.jp,20,80,7
baidu.com/link,17,81,13
duckduckgo.com,16,42,300
utokyo-ipp.github.io,15,71,69
python.org,14,0,366
baidu.com,10,100,0
manaba.kic.kagoshima-u.ac.jp,9,44,272
chokkan.github.io,8,88,10
python.jp,6,67,508
python-izm.com,5,40,506
gemini.google.com,4,0,54
m.baidu.com/s,4,80,28
sp-web.search.auone.jp,4,75,5
teratail.com,4,100,0
youtube.com,4,100,0
paiza.jp,3,100,0
websearch.rakuten.co.jp,3,67,25
atmarkit.itmedia.co.jp,2,0,94
copilot.microsoft.com,2,0,114
dotinstall.com,2,50,6
github.com,2,100,0
headboost.jp,2,50,85
m.baidu.com/from=1001192y/bd_page_type=1/ssid=0/uid=0/pu=usm%400%2Csz%401320_1001%2Cta%40iphone_2_10.0_28_16.0/baiduid=284F1239362B562525C8EB43915C7CD8/w=0_10_/t=iphone/l=1/tc,2,50,0
paiza.jp/works/python3/primer/beginner-python1/4005,2,50,64
search.fenrir-inc.com,2,100,0
sejuku.net,2,50,8
service.cloud.teu.ac.jp,2,0,58
so.m.sm.cn/s,2,100,0
192.168.10.102,1,0,3039
algo-method.com,1,100,0
atmarkit.itmedia.co.jp/ait/articles/1905/17/news020.html,1,100,0
codeprep.jp,1,100,0
commte.net,1,100,0
diver.diveintocode.jp,1,100,0
engineeeer.com,1,100,0
fastapi.tiangolo.com,1,0,11
github.com/python/pymanager,1,0,0
github.com/tarinaihitori/leetcode/blob/206-reverse-linked-list/206.%20Reverse%20Linked%20List.md,1,100,0
github.com/yt-dlp/yt-dlp,1,0,0
highlight.io,1,0,0
hmjp.net,1,50,0
imapclient.readthedocs.io/en/3.0.0/api.html,1,0,853
ja.wikipedia.org,1,0,1276
kakedashi-xx.com,1,100,0
kccs.aidemy.jp,1,100,0
kikagaku.ai,1,100,0
lms.ealps.shinshu-u.ac.jp,1,100,0
m.baidu.com/from=1001192y/bd_page_type=1/ssid=0/uid=0/pu=sz%401320_1001%2Cta%40iphone_2_12.0_28_16.0%2Cusm%400/baiduid=ECAFD55FED06A355757318C5A47F06A5/w=0_10_/t=iphone/l=1/tc,1,0,2
m.baidu.com/from=1001192y/bd_page_type=1/ssid=0/uid=0/pu=usm%400%2Csz%401320_1001%2Cta%40iphone_2_11.0_28_16.0/baiduid=F167239D56EDFE4D492C148819F0722A/w=0_10_/t=iphone/l=1/tc,1,100,0
m.baidu.com/from=1001192y/bd_page_type=1/ssid=0/uid=0/pu=usm%400%2Csz%401320_1001%2Cta%40iphone_2_12.0_28_16.0/baiduid=13A625D3867DA8EB4917CA10C1668CC3/w=0_10_/t=iphone/l=1/tc,1,0,1
m.baidu.com/from=1001192y/bd_page_type=1/ssid=0/uid=0/pu=usm%400%2Csz%401320_220%2Cta%40iphone___24_114.0/baiduid=EDFC9A206FCB95021BBB1234A03A1562/w=20_10_/t=iphone/l=1/tc,1,100,0
m.baidu.com/from=1001192y/bd_page_type=1/ssid=0/uid=0/pu=usm%401%2Csz%401320_1001%2Cta%40iphone_2_11.0_28_16.0/baiduid=7E5F0016118E707DD37B743F42352449/w=0_10_/t=iphone/l=1/tc,1,100,0
m.baidu.com/from=1001192y/bd_page_type=1/ssid=0/uid=0/pu=usm%401%2Csz%401320_1001%2Cta%40iphone_2_12.0_28_16.0/baiduid=BC6AD75AA5D3719D4B2A14BCDD25E735/w=0_10_/t=iphone/l=1/tc,1,100,0
m.baidu.com/from=1001192y/bd_page_type=1/ssid=0/uid=0/pu=usm%401%2Csz%401320_220%2Cta%40iphone___24_114.0/baiduid=98717ECFF640016810B758AE37B34BED/w=0_10_/t=iphone/l=1/tc,1,0,1
m.baidu.com/from=1001192y/bd_page_type=1/ssid=0/uid=0/pu=usm%402%2Csz%401320_1001%2Cta%40iphone_2_10.0_28_16.0/baiduid=BA7FC5F9BD02757D6C176E875260889F/w=0_10_/t=iphone/l=1/tc,1,100,0
m.baidu.com/from=1001703a/bd_page_type=1/ssid=0/uid=0/pu=usm%400%2Csz%401320_1001%2Cta%40iphone_2_12.0_18_40.9/baiduid=4F4F0D2FC846484033ED65DB2E2110A1/w=0_10_/t=iphone/l=1/tc,1,100,0
m.baidu.com/from=1001703a/bd_page_type=1/ssid=0/uid=0/pu=usm%400%2Csz%401320_1001%2Cta%40iphone_2_14.0_18_40.9/baiduid=EE25B2DA0CDBFF3797899E02FDD9B4A2/w=0_10_/t=iphone/l=1/tc,1,100,0
m.baidu.com/from=1001703a/bd_page_type=1/ssid=0/uid=0/pu=usm%400%2Csz%401320_1001%2Cta%40iphone_2_14.0_18_40.9/baiduid=F0B98D48AFBCBB44A3C055FA5E0EA7F0/w=0_10_/t=iphone/l=1/tc,1,100,0
m.baidu.com/from=1001703a/bd_page_type=1/ssid=0/uid=0/pu=usm%400%2Csz%401320_1001%2Cta%40iphone_2_15.0_18_40.9/baiduid=0866C68548808AF1485B543FB8BAC728/w=0_10_/t=iphone/l=1/tc,1,100,0
m.baidu.com/from=1001703a/bd_page_type=1/ssid=0/uid=0/pu=usm%400%2Csz%401320_1001%2Cta%40iphone_2_15.0_18_40.9/baiduid=2A64C38C811FD042C176674EB241DC88/w=0_10_/t=iphone/l=1/tc,1,100,0
m.baidu.com/from=1001703a/bd_page_type=1/ssid=0/uid=0/pu=usm%400%2Csz%401320_1001%2Cta%40iphone_2_6.0_18_4.3/baiduid=B8153F7910449CD569A749391607D637/w=20_10_/t=iphone/l=1/tc,1,100,0
m.baidu.com/from=1001703a/bd_page_type=1/ssid=0/uid=0/pu=usm%401%2Csz%401320_1001%2Cta%40iphone_2_10.0_18_40.9/baiduid=04C65DDBB38B5B50F929663CC8E3355D/w=0_10_/t=iphone/l=1/tc,1,100,0
m.baidu.com/from=1001703a/bd_page_type=1/ssid=0/uid=0/pu=usm%401%2Csz%401320_1001%2Cta%40iphone_2_15.0_18_40.9/baiduid=FB22132DFA9F02419CEC2D93DA381CFB/w=0_10_/t=iphone/l=1/tc,1,0,767
m.baidu.com/from=1001703a/bd_page_type=1/ssid=0/uid=0/pu=usm%401%2Csz%401320_220%2Cta%40iphone___18_10.8/baiduid=19600AFE364D364299B414FEEB84B47C/w=0_10_/t=iphone/l=1/tc,1,100,0
m.baidu.com/from=1001703a/bd_page_type=1/ssid=0/uid=0/pu=usm%402%2Csz%401320_1001%2Cta%40iphone_2_12.0_18_40.9/baiduid=9695A62253155DC1FD1E74D55D131508/w=0_10_/t=iphone/l=1/tc,1,100,0
m.baidu.com/from=1001703a/bd_page_type=1/ssid=0/uid=0/pu=usm%402%2Csz%401320_1001%2Cta%40iphone_2_13.0_18_40.8/baiduid=F32A58462A306C13808C98AB912FC626/w=0_10_/t=iphone/l=1/tc,1,100,0
m.baidu.com/from=1001703a/bd_page_type=1/ssid=0/uid=0/pu=usm%402%2Csz%401320_1001%2Cta%40iphone_2_15.0_18_40.9/baiduid=FB22132DFA9F02419CEC2D93DA381CFB/w=0_10_/t=iphone/l=1/tc,1,0,334
m.baidu.com/from=1012852q/bd_page_type=1/ssid=0/uid=0/pu=sz%401320_1004%2Cta%40iphone_2_7.0_11_17.4%2Cusm%400/baiduid=E50133487722E4F2214C8B6F0FCB5CFA/w=0_10_/t=iphone/l=1/tc,1,100,0
m.baidu.com/from=1012852q/bd_page_type=1/ssid=0/uid=0/pu=usm%400%2Csz%401320_1004%2Cta%40iphone_2_11.0_11_19.2/baiduid=ABA1E326BAF77417B693152353EE912D/w=0_10_/t=iphone/l=1/tc,1,100,0
m.baidu.com/from=1012852q/bd_page_type=1/ssid=0/uid=0/pu=usm%400%2Csz%401320_1004%2Cta%40iphone_2_15.0_11_19.5/baiduid=29EC013A14E212B887668BB2521AF7BC/w=0_10_/t=iphone/l=1/tc,1,100,0
m.baidu.com/from=1012852q/bd_page_type=1/ssid=0/uid=0/pu=usm%401%2Csz%401320_1004%2Cta%40iphone_2_12.0_11_19.5/baiduid=4BBAE8767CC79AE2AD71C483DE1FE56C/w=10_10_/t=iphone/l=1/tc,1,100,0
m.baidu.com/from=1013966u/bd_page_type=1/ssid=0/uid=0/pu=usm%400%2Csz%401320_1001%2Cta%40iphone_2_10.0_19_24.6/baiduid=14F7124DDB5B872ECEF412CEE29D5648/w=0_10_/t=iphone/l=1/tc,1,100,0
m.baidu.com/from=1013966u/bd_page_type=1/ssid=0/uid=0/pu=usm%400%2Csz%401320_1001%2Cta%40iphone_2_15.0_19_24.3/baiduid=A57D00C826A2C13CBEAAF151E532C493/w=0_10_/t=iphone/l=1/tc,1,100,0
m.baidu.com/from=1019311a/bd_page_type=1/ssid=0/uid=0/pu=usm%400%2Csz%401320_1001%2Cta%40iphone_2_11.0_19_18.7/baiduid=4B797C4FE36F92D62D9CBD2AE4A5A371/w=0_10_/t=iphone/l=1/tc,1,100,0
m.baidu.com/from=1019311a/bd_page_type=1/ssid=0/uid=0/pu=usm%403%2Csz%401320_1001%2Cta%40iphone_2_11.0_19_24.5/baiduid=D70C83BD0E78D45A5AF70B5E2C39DAB1/w=0_10_/t=iphone/l=1/tc,1,100,0
m.baidu.com/from=1019311v/bd_page_type=1/ssid=0/uid=0/pu=sz%401320_1001%2Cta%40iphone_2_15.0_19_24.4%2Cusm%400/baiduid=2224F9EF4D01710308ABCAACA282CDD5/w=0_10_/t=iphone/l=1/tc,1,100,0
m.baidu.com/from=1019311v/bd_page_type=1/ssid=0/uid=0/pu=usm%400%2Csz%401320_1001%2Cta%40iphone_2_11.0_19_22.7/baiduid=E752BDE0102130F3AADD13F264747F43/w=0_10_/t=iphone/l=1/tc,1,100,0
m.baidu.com/from=1019311v/bd_page_type=1/ssid=0/uid=0/pu=usm%400%2Csz%401320_1001%2Cta%40iphone_2_15.0_19_24.4/baiduid=27649A14BED0B380392BEACB542A6F37/w=0_10_/t=iphone/l=1/tc,1,100,0
m.baidu.com/from=1019311v/bd_page_type=1/ssid=0/uid=0/pu=usm%400%2Csz%401320_1001%2Cta%40iphone_2_15.0_19_24.7/baiduid=868066A55CFA7DF60AECF323EC8FA8C4/w=0_10_/t=iphone/l=1/tc,1,100,0
m.baidu.com/from=1019311v/bd_page_type=1/ssid=0/uid=0/pu=usm%400%2Csz%401320_1001%2Cta%40iphone_2_9.0_19_20.8/baiduid=9D6A295FA784A107994B14B76B4AFCED/w=0_10_/t=iphone/l=1/tc,1,100,0
m.baidu.com/from=1019311v/bd_page_type=1/ssid=0/uid=0/pu=usm%401%2Csz%401320_1001%2Cta%40iphone_2_8.1_19_24.3/baiduid=0C827F627584C64DE03F01AB6D19B196/w=0_10_/t=iphone/l=1/tc,1,100,0
m.baidu.com/from=1019311v/bd_page_type=1/ssid=0/uid=0/pu=usm%402%2Csz%401320_1001%2Cta%40iphone_2_15.0_19_24.7/baiduid=868066A55CFA7DF60AECF323EC8FA8C4/w=0_10_/t=iphone/l=1/tc,1,100,0
m.baidu.com/from=1020681k/bd_page_type=1/ssid=0/uid=0/pu=usm%400%2Csz%401320_1001%2Cta%40iphone_2_14.0_18_40.8/baiduid=D9B8723A8CB60949134FB37BB368021B/w=0_10_/t=iphone/l=1/tc,1,100,0
m.baidu.com/from=1020681k/bd_page_type=1/ssid=0/uid=0/pu=usm%400%2Csz%401320_1001%2Cta%40iphone_2_15.0_18_40.9/baiduid=0EC703DBD71569418AEB67A3918863AE/w=0_10_/t=iphone/l=1/tc,1,100,0
m.baidu.com/from=1020761f/bd_page_type=1/ssid=0/uid=0/pu=usm%400%2Csz%401320_1001%2Cta%40iphone_2_10.0_19_24.6/baiduid=42B9219AB8FCDB48419CB69086A0881C/w=0_10_/t=iphone/l=1/tc,1,100,0
m.baidu.com/from=1020761f/bd_page_type=1/ssid=0/uid=0/pu=usm%400%2Csz%401320_1001%2Cta%40iphone_2_14.0_19_24.6/baiduid=B8DA9F41292BEC2A18E9C484E5730DE6/w=0_10_/t=iphone/l=1/tc,1,100,0
m.baidu.com/from=1020761f/bd_page_type=1/ssid=0/uid=0/pu=usm%400%2Csz%401320_1001%2Cta%40iphone_2_15.0_19_24.6/baiduid=9B5B18B9053DECFEDE6632240FE76F5A/w=10_10_/t=iphone/l=1/tc,1,100,0
m.baidu.com/from=1020761f/bd_page_type=1/ssid=0/uid=0/pu=usm%401%2Csz%401320_1001%2Cta%40iphone_2_15.0_19_24.6/baiduid=90AAEF462F00EC00953A65390156F77D/w=0_10_/t=iphone/l=1/tc,1,100,0
m.baidu.com/from=1020761f/bd_page_type=1/ssid=0/uid=0/pu=usm%402%2Csz%401320_1001%2Cta%40iphone_2_10.0_19_24.4/baiduid=61E1FE49BFBC11FB86B06F9F9AC50028/w=0_10_/t=iphone/l=1/tc,1,100,0
m.baidu.com/from=1020761f/bd_page_type=1/ssid=0/uid=0/pu=usm%402%2Csz%401320_1001%2Cta%40iphone_2_14.0_19_24.7/baiduid=1CCD14C75AD88CF7AEFBCE27879E345C/w=0_10_/t=iphone/l=1/tc,1,100,0
m.baidu.com/from=1020761f/bd_page_type=1/ssid=0/uid=0/pu=usm%402%2Csz%401320_1001%2Cta%40iphone_2_8.1_19_24.6/baiduid=5E8E2783ED4BE6C05481B380BB419D38/w=0_10_/t=iphone/l=1/tc,1,100,0
m.baidu.com/from=1020761f/bd_page_type=1/ssid=0/uid=0/pu=usm%402%2Csz%401320_1001%2Cta%40iphone_2_9.0_19_24.7/baiduid=DBAD2FEFEB38D5459837CDB24EB323AE/w=0_10_/t=iphone/l=1/tc,1,100,0
m.baidu.com/from=1020761m/bd_page_type=1/ssid=0/uid=0/pu=usm%400%2Csz%401320_1001%2Cta%40iphone_2_11.0_19_24.6/baiduid=8BB8545C5A2F3EFCAD8476166371F4BB/w=0_10_/t=iphone/l=1/tc,1,100,0
m.baidu.com/from=1020786r/bd_page_type=1/ssid=0/uid=0/pu=usm%400%2Csz%401320_1001%2Cta%40iphone_2__24_123.0/baiduid=56ABF20E1B646267244A163F058F6E22/w=10_10_/t=iphone/l=1/tc,1,100,0
m.baidu.com/from=1024193r/bd_page_type=1/ssid=0/uid=0/pu=usm%402%2Csz%401320_1001%2Cta%40iphone_2_12.0_24_108.0/baiduid=AC189FF4AB7D870E8F70C9AC58BB111A/w=0_10_/t=iphone/l=1/tc,1,100,0
m.baidu.com/from=1026295a/bd_page_type=1/ssid=0/uid=0/pu=sz%401320_480%2Ccuid%40gaSJi_agSujkuvuI_8vKfYPDv8goaSiwlavha0iI2a8-9Whg_fQPOEtwA%2Ccua%40_avLCgun2i46ywoUfpw1z4aLXio2as8DgN2w8AqqC%2Cosname%40baiduboxapp%2Cctv%402%2Ccfrom%401026295a%2Ccen%40cuid_cua%2Cc3_aid%40A00-QJTH7LSOFFDIGX74Y7XEG66GZTX6ZTIS-Z5L7SQD2%2Cosbranch%40a9%2Ccsrc%40bdbox_tserchland_txt%2Cvmgdb%400020100228y%2Cusm%403/baiduid=4496AC9E8D16F486F5A3BED4E70B2EFB/w=0_10_/t=zbios/l=1/tc,1,100,0
m.baidu.com/from=1026296a/bd_page_type=1/ssid=0/uid=0/pu=sz%401320_480%2Ccuid%40guv_u_uIvflkivan_82HfgiQHtjoav8SgO2Nilik2aKwLqqqB%2Ccua%40_avLCgu72i4HywoUfpw1z4aLXio2as8DgN2w8AqqC%2Cosname%40baiduboxapp%2Cctv%402%2Ccfrom%401026296a%2Ccen%40cuid_cua%2Cc3_aid%40A00-O354W2CAQ4IX36BJ34XIQEPGWVNXELSH-QDRM2I7V%2Cosbranch%40a9%2Ccsrc%40bdbox_tserch_txt%2Cvmgdb%400020100228y%2Cusm%403/baiduid=BB3A17C53527C5E25ABAE8B2EEE0A2FE/w=0_10_/t=zbios/l=1/tc,1,100,0
m.baidu.com/from=1026904g/bd_page_type=1/ssid=0/uid=0/pu=osname%40baiduboxapp%2Ccen%40cuid_cua_cut%2Cvmgdb%400020100228y%2Candrst%400%2Ccsrc%40home_box_txt%2Csz%401320_480%2Ccuid%40l8HPtluGv8lF8S83gOvNtgam2aY2i2iP_8vvilP6v88bk3Mg5aLAR6nuA%2Ccua%40_avLCgabvf4qywoUfpw1zyaBsi_yh2Np_uL5ixLqA%2Ccfrom%401026904g%2Cosbranch%40a2%2Cctv%402%2Cc3_aid%40A00-N23KMRP2WQ6VBSWKGVEVYOA2G7P75JJC-ZGWOJKMR%2Cusm%403/baiduid=0B2F672EB2E0FB654FA73D82B1B9170C/w=0_10_/t=zbios/l=1/tc,1,100,0
m.baidu.com/from=1027409q/ssid=0/pu=osname%40baiduboxapp%2Cc3_aid%40A00-5KUVRCWWCBZTNGBPAGXVGKQ7TKGODKOS-2FWR34QC%2Ccua%40_a-qiyuO2fg4NE6lI5me6NIr2I_caX8WouvjhSdHNqqqB%2Ccsrc%40home_box_txt%2Cctv%402%2Cosbranch%40a7%2Cvmgdb%400020100228y%2Csz%401320_480%2Ccfrom%401027409q%2Ccen%40cuid_cua_cut%2Cwh%401%2Ccuid%40_82w8guPv8gSuvaxYuSQugufS8_Nu2iE0u-S8_8Xvu8RkSh309WYi11aA/s,1,100,0
m.baidu.com/from=1029833f/bd_page_type=1/ssid=0/uid=0/pu=ctv%402%2Ccfrom%401026904g%2Candrst%402%2Csz%401320_480%2Ccua%40_avLC_anvf4qywoUfpw1zyaBsi_yh2I4_uL5ixLqA%2Cosname%40baiduboxapp%2Ccsrc%40app_mainbox_txt%2Ccuid%40_a2BiguRvi0lOvivlPvNa_O62u_EaHuMgi208gicBf8R9HMtJtDgMXywA%2Ccen%40cuid_cua_cut%2Cosbranch%40a2%2Cc3_aid%40A00-4U73PHAC4UUFA7QDD6SZ53I7OZOAYEJW-CA2WA2HB%2Cvmgdb%400020100228y%2Cusm%404/baiduid=18C90DBC8879DEF668577061DEBC5525/w=0_10_/t=zbios/l=1/tc,1,0,38
m.baidu.com/from=1029833f/bd_page_type=1/ssid=0/uid=0/pu=cua%40_avLC_anvf4qywoUfpw1zyaBsi_yh2I4_uL5ixLqA%2Ccen%40cuid_cua_cut%2Cctv%402%2Candrst%402%2Ccsrc%40app_mainbox_txt%2Cosbranch%40a2%2Csz%401320_480%2Ccuid%40_a2BiguRvi0lOvivlPvNa_O62u_EaHuMgi208gicBf8R9HMtJtDgMXywA%2Cvmgdb%400020100228y%2Cosname%40baiduboxapp%2Ccfrom%401026904g%2Cc3_aid%40A00-4U73PHAC4UUFA7QDD6SZ53I7OZOAYEJW-CA2WA2HB%2Cusm%403/baiduid=18C90DBC8879DEF668577061DEBC5525/w=0_10_/t=zbios/l=1/tc,1,100,0
m.baidu.com/from=1034829p/bd_page_type=1/ssid=0/uid=0/pu=usm%400%2Csz%401320_1003%2Cta%40iphone_2_13.0_1_17.6/baiduid=06E6C1F3BD2396CD5F5DD4F72328AE94/w=0_10_/t=iphone/l=1/tc,1,100,0
m.baidu.com/from=1040455c/bd_page_type=1/ssid=0/uid=0/pu=sz%401320_480%2Ccuid%4008vwugaPvigAuv8Ig820fgucHuYv8HuEYuSTu_Pqva8yk2ahga1x8MzaA%2Ccua%40_a2SiyaO2ig4NE6lI5me6NN0-I_Uh2IlgNvb8xq6C%2Cosname%40baiduboxapp%2Cctv%402%2Ccfrom%401030738b%2Ccen%40cuid_cua%2Cc3_aid%40A00-LCHKF4ZCVWAEUS4W5HFINCU7INY77QGZ-NTARYCTA%2Ccsrc%40bdbox_tserch_txt%2Cta%40iphone___31_9.0%2Cusm%400/baiduid=0206EE2009BAB2D03CA4E4C3E3FAB4F1/w=0_10_/t=iphone/l=1/tc,1,100,0
m.baidu.com/from=1040455c/bd_page_type=1/ssid=0/uid=0/pu=sz%401320_480%2Ccuid%40gOSgi0al28_Ji2ut0a-18_OWHuY7iHi0_iS18lajvu8dkHh35IviixrWA%2Ccua%40_a2q84aQ2ig4NE6lI5me6NN0-I_UC2I0gI2EtAqSC%2Cosname%40baiduboxapp%2Cctv%402%2Ccfrom%401030738b%2Ccen%40cuid_cua%2Cc3_aid%40A00-3FCWLRY5IQAEPOI6ITTXUL675HEEAS7N-54QO444Z%2Ccsrc%40bdbox_tserch_txt%2Cwh%401%2Cta%40iphone___31_9.0%2Cusm%400/baiduid=AA95626DFE2F1E4585F674B2956A0E82/w=0_10_/t=iphone/l=1/tc,1,100,0
m.baidu.com/from=1052946b/bd_page_type=1/ssid=0/uid=0/pu=usm%401%2Csz%401320_1001%2Cta%40iphone_2_10.0_19_24.6/baiduid=10948E8484C4FB7841D3767866C278DB/w=0_10_/t=iphone/l=1/tc,1,100,0
m.baidu.com/from=1055347h/bd_page_type=1/ssid=0/uid=0/pu=usm%400%2Csz%401320_1001%2Cta%40iphone_2_12.0_28_16.0/baiduid=1CA24D3BDBD607F075EF5B747060270D/w=0_10_/t=iphone/l=1/tc,1,0,0
m.baidu.com/from=2001a/bd_page_type=1/ssid=0/uid=0/pu=usm%400%2Csz%401320_1003%2Cta%40iphone_2_14.0_1_17.5/baiduid=AD4D42D3BEF33DF70690C2D717EAB6A7/w=0_10_/t=iphone/l=1/tc,1,100,0
minerva.mamansoft.net,1,100,0
mitani.cs.tsukuba.ac.jp,1,0,14
mitsubishielectric.aidemy.jp,1,100,0
moocs.iniad.org,1,100,0
neteng-np.com,1,100,0
nikkie-ftnext.hatenablog.com,1,0,183
nlp.c.titech.ac.jp,1,0,53
note.nkmk.me/python-filter-usage,1,100,0
notion.so,1,100,0
oreilly.co.jp,1,0,736
otaki0413.hatenablog.com,1,100,0
packaging.python.org/en/latest/guides/tool-recommendations,1,0,49
paiza.jp/works/python/new-primer/python-new-primer-23/85012,1,100,0
paiza.jp/works/python/new-primer/python-new-primer-23/85013,1,100,0
paiza.jp/works/python/trial/python-trial-1/62000,1,100,0
paiza.jp/works/python3/primer/beginner-python10/7602/1,1,100,0
paiza.jp/works/python3/primer/beginner-python10/7606/1,1,100,0
paiza.jp/works/python3/primer/beginner-python4/4035,1,100,0
paiza.jp/works/python3/primer/beginner-python8/6161,1,100,0
paiza.jp/works/python3/primer/beginner-python8/6163,1,100,0
peps.python.org,1,100,0
perplexity.ai,1,100,0
poiuy56.hatenablog.com,1,100,0
python.ambitious-engineer.com,1,0,1125
pythonsoba.tech/python-basic,1,100,0
random-tech-note.jp/list-convert,1,100,0
relief.jp,1,100,0
safe.menlosecurity.com,1,100,0
search.brave.com,1,0,45
service.smt.docomo.ne.jp,1,0,2081
service.smt.docomo.ne.jp/portal/search/web/result.html,1,100,0
so.m.sm.cn,1,100,0
starjuku.net,1,100,0
sunagitsune.com/pythonmathpi,1,100,0
t.co,1,0,29
takemikami.com,1,100,0
techacademy.jp,1,0,13
techtrain.dev,1,100,0
terakoya.sejuku.net,1,100,0
velog.io,1,0,245
