name,unique_entrances,total_entrances,visit_duration
/zh-cn/3/tutorial/index.html,546,563,193
/zh-cn/3/,531,558,197
/3/,391,396,507
/zh-cn/3.13/tutorial/index.html,276,288,255
/zh-cn/3/library/index.html,260,268,260
/zh-cn/3.13/,226,231,336
/zh-cn/3/library/venv.html,190,191,41
/zh-cn/3/tutorial/,140,144,145
/zh-cn/3/library/turtle.html,139,146,92
/zh-cn/3/library/functions.html,121,130,110
/zh-cn/3/library/idle.html,114,114,23
/zh-cn/3.13/library/index.html,99,105,414
/zh-cn/3.13/tutorial/controlflow.html,88,94,153
/zh-cn/3/tutorial/controlflow.html,85,88,269
/zh-cn/3/using/index.html,83,83,55
/zh-cn/3/reference/index.html,81,83,220
/zh-cn/3/search.html,77,84,338
/zh-cn/3.13/tutorial/introduction.html,75,79,222
/zh-cn/3/library/multiprocessing.html,74,78,99
/zh-cn/3/tutorial/interpreter.html,73,77,276
/zh-cn/3/tutorial/introduction.html,68,69,485
/zh-cn/3/using/windows.html,67,69,114
/zh-cn/3.13/library/functions.html,65,67,285
/zh-cn/3/tutorial/classes.html,64,64,88
/zh-cn/3.13/search.html,63,66,260
/zh-cn/3.13/tutorial/interpreter.html,63,67,356
/zh-cn/3/library/argparse.html,63,63,62
/zh-cn/3/library/typing.html,60,61,40
/zh-cn/3/index.html,59,60,316
/zh-cn/3/library/stdtypes.html,59,59,177
/zh-cn/3/library/asyncio.html,53,53,122
/zh-cn/3/tutorial/datastructures.html,53,57,209
/zh-cn/3.13/library/stdtypes.html,52,55,621
/zh-cn/3/library/re.html,52,53,94
/zh-cn/3/library/struct.html,51,53,46
/3/tutorial/index.html,49,49,636
/zh-cn/3.12/using/mac.html,48,49,25
/zh-cn/3/using/mac.html,47,49,143
/zh-cn/3/library/math.html,46,51,46
/zh-cn/3/library/pdb.html,46,47,50
/zh-cn/3.13/index.html,45,45,359
/zh-cn/3.13/tutorial/,44,46,340
/zh-cn/3/library/collections.html,43,43,79
/zh-cn/3/library/tkinter.html,43,45,28
/3.13/,41,41,394
/zh-cn/3/library/logging.html,41,42,52
/zh-cn/3/tutorial/appetite.html,41,41,662
/zh-cn/3.13/tutorial/datastructures.html,40,41,481
/zh-cn/3/howto/argparse.html,39,39,38
/zh-cn/3/glossary.html,38,38,258
/zh-cn/3/library/,38,43,59
/zh-cn/3/installing/index.html,37,37,72
/zh-cn/3.13/tutorial/appetite.html,36,38,414
/zh-cn/3.13/using/index.html,36,38,283
/zh-cn/3/library/dataclasses.html,35,35,69
/zh-cn/3.13/library/asyncio-task.html,34,34,55
/zh-cn/3.13/reference/index.html,34,34,339
/zh-cn/3/tutorial/inputoutput.html,34,34,207
/3/tutorial/,33,33,471
/zh-cn/3/library/os.html,33,34,351
/zh-cn/3/library/tk.html,33,33,136
/zh-cn/3/using/,33,33,48
/zh-cn/3.13/reference/datamodel.html,32,33,220
/zh-cn/3.13/tutorial/classes.html,32,33,572
/zh-cn/3.13/library/asyncio.html,31,32,294
/zh-cn/3/library/subprocess.html,30,33,47
/zh-cn/3.13/whatsnew/3.13.html,29,29,6
/zh-cn/3/library/unittest.html,29,30,285
/zh-cn/3.13/glossary.html,28,30,414
/zh-cn/3/contents.html,28,28,146
/zh-cn/3/download.html,28,29,76
/zh-cn/3/howto/regex.html,28,29,16
/zh-cn/3/library/random.html,28,28,50
/zh-cn/3/tutorial/modules.html,28,29,239
/zh-cn/3/whatsnew/index.html,28,29,155
/3.13/tutorial/index.html,27,27,256
/zh-cn/3.13/library/asyncio-eventloop.html,27,27,116
/zh-cn/3/library/csv.html,27,27,1
/zh-cn/3.12/,26,27,277
/zh-cn/3.12/tutorial/index.html,26,26,133
/zh-cn/3.13/tutorial/errors.html,25,25,90
/zh-cn/3/library/datetime.html,25,25,232
/zh-cn/3/reference/import.html,25,26,312
/zh-cn/3.13/contents.html,24,24,295
/zh-cn/3.13/library/re.html,24,24,43
/zh-cn/3.13/library/tkinter.html,24,31,347
/zh-cn/3/library/decimal.html,24,24,10
/zh-cn/3.12/index.html,23,23,359
/zh-cn/3.13/library/typing.html,23,23,90
/zh-cn/3/library/heapq.html,23,23,104
/zh-cn/3/library/pathlib.html,23,23,1
/zh-cn/3/tutorial/errors.html,23,23,153
/3/library/index.html,22,22,565
/zh-cn/3.12/tutorial/controlflow.html,22,23,29
/zh-cn/3.13/tutorial/inputoutput.html,22,23,370
/zh-cn/3.13/using/mac.html,22,23,55
/3/library/functions.html,21,21,364
/zh-cn/3.13/library/pathlib.html,21,23,74
/zh-cn/3.12/library/index.html,20,22,60
/zh-cn/3.13/library/concurrent.futures.html,20,21,9
/zh-cn/3.13/tutorial/modules.html,20,20,511
/zh-cn/3.13/library/collections.html,19,19,207
/zh-cn/3/library/asyncio-task.html,19,19,119
/zh-cn/3/library/json.html,19,19,0
/zh-cn/3/library/sqlite3.html,19,19,10
/zh-cn/3/reference/datamodel.html,19,19,115
/3.12/,18,18,517
/3/library/tkinter.html,18,18,626
/zh-cn/3.12/library/typing.html,18,18,87
/zh-cn/3.13/reference/compound_stmts.html,18,20,637
/zh-cn/3/library/contextlib.html,18,18,70
/zh-cn/3/library/importlib.html,18,19,296
/zh-cn/3/library/shutil.html,18,18,12
/zh-cn/3/tutorial/stdlib.html,18,19,227
/zh-cn/3/whatsnew/3.13.html,18,19,759
/zh-cn/3.12/library/stdtypes.html,17,17,330
/zh-cn/3.13/installing/index.html,17,18,7
/zh-cn/3.13/library/subprocess.html,17,17,398
/zh-cn/3.13/using/android.html,17,18,7
/zh-cn/3.13/using/windows.html,17,17,19
/zh-cn/3.14/whatsnew/3.14.html,17,17,178
/zh-cn/3/extending/extending.html,17,17,64
/zh-cn/3/library/exceptions.html,17,17,177
/zh-cn/3/library/queue.html,17,17,74
/zh-cn/3.13/library/abc.html,16,16,123
/zh-cn/3.13/tutorial/venv.html,16,17,10
/3.13/using/windows.html,15,15,273
/zh-cn/3.12/library/functions.html,15,15,21
/zh-cn/3.12/library/multiprocessing.html,15,17,124
/zh-cn/3/library/ctypes.html,15,17,162
/zh-cn/3/library/pickle.html,15,15,3
/zh-cn/3/reference/lexical_analysis.html,15,17,67
/3.15/,14,14,315
/zh-cn/3.13/library/csv.html,14,14,136
/zh-cn/3.13/library/os.html,14,14,385
/zh-cn/3/reference/expressions.html,14,14,170
/3/library/datetime.html,13,14,799
/3/search.html,13,14,595
/zh-cn/3.12/library/asyncio-task.html,13,13,118
/zh-cn/3.12/search.html,13,13,151
/zh-cn/3.13/download.html,13,13,20
/zh-cn/3.13/library/string.html,13,14,414
/zh-cn/3.13/library/xml.etree.elementtree.html,13,13,122
/zh-cn/3.13/reference/expressions.html,13,13,252
/zh-cn/3/howto/index.html,13,13,44
/zh-cn/3/library/asyncio-runner.html,13,13,96
/zh-cn/3/library/functools.html,13,13,293
/zh-cn/3/library/multiprocessing.shared_memory.html,13,14,0
/zh-cn/3/library/profile.html,13,13,0
/zh-cn/3/library/string.html,13,14,46
/zh-cn/3/library/threading.html,13,15,21
/zh-cn/3/library/time.html,13,13,24
/zh-cn/3/library/tkinter.ttk.html,13,13,4
/zh-cn/3/using/cmdline.html,13,13,577
/zh-cn/dev/whatsnew/3.13.html,13,13,64
/zh-cn/3.13/reference/lexical_analysis.html,12,12,180
/zh-cn/3/library/difflib.html,12,12,20
/zh-cn/3/library/enum.html,12,12,0
/zh-cn/3/library/io.html,12,13,761
/zh-cn/3/library/itertools.html,12,12,0
/zh-cn/3/library/socket.html,12,12,207
/3/library/asyncio-task.html,11,11,127
/3/library/multiprocessing.html,11,11,1190
/3/library/typing.html,11,11,598
/zh-cn/3.13/library/multiprocessing.html,11,11,514
/zh-cn/3.13/library/struct.html,11,11,19
/zh-cn/3.13/whatsnew/3.12.html,11,11,17
/zh-cn/3.14/,11,12,203
/zh-cn/3.14/library/index.html,11,11,378
/zh-cn/3/howto/logging.html,11,11,91
/zh-cn/3/library/ast.html,11,13,23
/zh-cn/3/library/intro.html,11,11,76
/zh-cn/3/library/sys.html,11,13,249
/zh-cn/3/library/tempfile.html,11,11,1
/zh-cn/3/library/zipfile.html,11,11,49
/3/tutorial/venv.html,10,10,668
/zh-cn/3.12/download.html,10,10,154
/zh-cn/3.12/tutorial/datastructures.html,10,10,847
/zh-cn/3.13/library/datetime.html,10,10,178
/zh-cn/3.13/library/json.html,10,10,337
/zh-cn/3.13/library/multiprocessing.shared_memory.html,10,12,0
/zh-cn/3.13/library/os.path.html,10,11,12
/zh-cn/3.13/library/threading.html,10,10,28
/zh-cn/3.13/py-modindex.html,10,12,211
/zh-cn/3.14/whatsnew/3.13.html,10,10,272
/zh-cn/3/howto/enum.html,10,10,0
/zh-cn/3/library/configparser.html,10,10,0
/zh-cn/3/library/warnings.html,10,10,581
/zh-cn/3/py-modindex.html,10,10,278
/zh-cn/3/reference/simple_stmts.html,10,10,356
/3.14/,9,9,276
/3/download.html,9,9,95
/3/library/argparse.html,9,9,637
/3/library/collections.html,9,9,44
/3/library/logging.html,9,9,867
/3/library/venv.html,9,9,360
/3/tutorial/classes.html,9,9,299
/zh-cn/3.12/library/__main__.html,9,9,0
/zh-cn/3.13/extending/extending.html,9,9,23
/zh-cn/3.13/library/asyncio-future.html,9,9,385
/zh-cn/3.13/library/turtle.html,9,17,20
/zh-cn/3.13/tutorial/stdlib.html,9,9,1102
/zh-cn/3.13/whatsnew/index.html,9,9,7
/zh-cn/3.14/whatsnew/,9,9,11
/zh-cn/3/library/inspect.html,9,9,0
/zh-cn/3/library/unittest.mock-examples.html,9,9,160
/zh-cn/3/whatsnew/3.12.html,9,9,114
/3.13/tutorial/,8,8,488
/3/library/pathlib.html,8,8,563
/3/library/re.html,8,8,24
/3/library/unittest.html,8,8,76
/zh-cn/3.12/glossary.html,8,8,70
/zh-cn/3.12/tutorial/classes.html,8,8,2
/zh-cn/3.13/c-api/index.html,8,8,564
/zh-cn/3.13/howto/index.html,8,8,82
/zh-cn/3.13/howto/regex.html,8,8,142
/zh-cn/3.13/library/http.server.html,8,8,0
/zh-cn/3.13/library/intro.html,8,9,243
/zh-cn/3.13/library/logging.handlers.html,8,8,5
/zh-cn/3.13/library/random.html,8,8,0
/zh-cn/3.13/library/venv.html,8,8,63
/zh-cn/3.13/using/cmdline.html,8,8,218
/zh-cn/3/library/__main__.html,8,8,0
/zh-cn/3/library/asyncio-eventloop.html,8,8,55
/zh-cn/3/library/ftplib.html,8,8,0
/zh-cn/3/library/glob.html,8,8,250
/zh-cn/3/library/timeit.html,8,8,141
/zh-cn/3/library/webbrowser.html,8,8,0
/zh-cn/3/library/winreg.html,8,8,4
/zh-cn/3/reference/compound_stmts.html,8,8,4
/3.13/index.html,7,7,488
/3/whatsnew/3.13.html,7,7,82
/zh-cn/3.12/library/asyncio-eventloop.html,7,7,27
/zh-cn/3.12/library/logging.html,7,7,0
/zh-cn/3.12/tutorial/modules.html,7,7,462
/zh-cn/3.12/using/windows.html,7,7,0
/zh-cn/3.12/whatsnew/3.12.html,7,7,72
/zh-cn/3.13/using/configure.html,7,7,138
/zh-cn/3/library/abc.html,7,7,28
/zh-cn/3/library/atexit.html,7,7,0
/zh-cn/3/library/concurrent.futures.html,7,7,39
/zh-cn/3/library/contextvars.html,7,7,1174
/zh-cn/3/library/tomllib.html,7,8,4
/zh-cn/3/library/tracemalloc.html,7,8,0
/zh-cn/3/tutorial/venv.html,7,7,52
/zh-cn/3/using/unix.html,7,7,0
/3.13/whatsnew/3.13.html,6,6,185
/3/library/asyncio.html,6,6,696
/3/library/exceptions.html,6,6,349
/3/library/idle.html,6,6,372
/3/library/stdtypes.html,6,6,303
/3/tutorial/datastructures.html,6,6,401
/zh-cn/3.12/library/collections.html,6,6,13
/zh-cn/3.12/library/heapq.html,6,6,39
/zh-cn/3.12/library/venv.html,6,6,0
/zh-cn/3.12/reference/datamodel.html,6,6,1186
/zh-cn/3.12/reference/index.html,6,6,416
/zh-cn/3.12/tutorial/introduction.html,6,7,289
/zh-cn/3.13/library/,6,8,318
/zh-cn/3.13/library/argparse.html,6,6,0
/zh-cn/3.13/library/array.html,6,6,74
/zh-cn/3.13/library/logging.html,6,6,858
/zh-cn/3.13/library/sqlite3.html,6,6,0
/zh-cn/3.13/library/tk.html,6,6,514
/zh-cn/3.13/library/unittest.html,6,6,1
/zh-cn/3.13/reference/import.html,6,6,134
/zh-cn/3/howto/curses.html,6,6,0
/zh-cn/3/howto/descriptor.html,6,6,535
/zh-cn/3/library/bisect.html,6,6,0
/zh-cn/3/library/constants.html,6,6,205
/zh-cn/3/library/copy.html,6,6,115
/zh-cn/3/library/hashlib.html,6,6,6
/zh-cn/3/library/http.server.html,6,6,48
/zh-cn/3/library/uuid.html,6,6,0
/3.14/whatsnew/3.14.html,5,5,345
/3/c-api/index.html,5,6,1097
/3/index.html,5,5,175
/3/library/contextlib.html,5,5,392
/3/library/dataclasses.html,5,5,128
/3/library/os.html,5,5,344
/3/library/os.path.html,5,5,1098
/3/library/string.html,5,5,112
/3/library/subprocess.html,5,5,150
/3/library/tk.html,5,5,84
/3/library/turtle.html,5,5,600
/3/reference/index.html,5,5,749
/3/tutorial/modules.html,5,5,2165
/3/using/index.html,5,5,103
/zh-cn/3.12/installing/index.html,5,5,13
/zh-cn/3.12/library/itertools.html,5,5,0
/zh-cn/3.12/library/pprint.html,5,5,3
/zh-cn/3.12/library/socket.html,5,5,0
/zh-cn/3.13/faq/programming.html,5,5,38
/zh-cn/3.13/howto/perf_profiling.html,5,5,0
/zh-cn/3.13/library/asyncio-sync.html,5,5,17
/zh-cn/3.13/library/concurrency.html,5,6,859
/zh-cn/3.13/library/contextlib.html,5,5,326
/zh-cn/3.13/library/exceptions.html,5,5,1168
/zh-cn/3.13/library/io.html,5,5,133
/zh-cn/3.13/library/math.html,5,5,37
