name,visitors
Paris,454
Singapore,70
Toulouse,64
Marseille,60
Abidjan,51
Lyon,39
Brussels,37
Montpellier,36
Tunis,26
Montréal,26
Rennes,25
Kinshasa,22
Casablanca,22
Reims,22
Ormes,21
Lomé,20
Nice,20
Lille,20
Dakar,19
Tours,19
Orléans,19
Grenoble,17
Bordeaux,17
Québec,17
Antananarivo,16
Colombes,16
Asnières-sur-Seine,16
Aix-en-Provence,16
Villeurbanne,15
Nantes,15
Rabat,14
Dijon,14
Cotonou,13
Genève,13
Villejuif,12
Nancy,12
Le Mans,12
Sfax,11
Bures-sur-Yvette,11
Amiens,11
Villeneuve-d'Ascq,11
Pointe-Noire,10
Marrakesh,10
Trith-Saint-Léger,10
Pantin,10
Meknès,9
Strasbourg,9
Rixheim,9
Le Rheu,9
Caen,9
Yaoundé,8
Algiers,8
Voiron,8
Verneuil-sur-Seine,8
Toulon,8
Muret,8
Ivry-sur-Seine,8
Ouagadougou,7
Fès,7
Agadir,7
Orsay,7
Mulhouse,7
Marçon,7
Brest,7
Constantine,6
Tétouan,6
Bern,6
Charleroi,6
Vonnas,6
Vannes,6
Thiais,6
Saint-Étienne,6
Saint-Denis,6
Rouen,6
Poitiers,6
Nîmes,6
Livry-Gargan,6
Les Herbiers,6
Clamart,6
Besançon,6
Aulnay-sous-Bois,6
Shanghai,5
Douala,5
Manouba,5
Tangier,5
Lausanne,5
Liège,5
Versailles,5
Sucy-en-Brie,5
Saint-Malo,5
Le Perreux-sur-Marne,5
Fontaine,5
Aumetz,5
Aubervilliers,5
Argenteuil,5
Toronto,5
Boende,4
Le Tampon,4
Xi’an,4
Melbourne,4
Brazzaville,4
Conakry,4
Bamako,4
Nabeul,4
Sétif,4
Blida,4
Zürich,4
Renens,4
Naaldwijk,4
Namur,4
Louvain-la-Neuve,4
Triel-sur-Seine,4
Sillingy,4
Saint-Priest,4
Saint-Just-Saint-Rambert,4
Saint-Geniès-de-Malgoirès,4
Pessac,4
Palaiseau,4
Neuilly-sur-Marne,4
Meudon,4
Mérignac,4
Mauguio,4
Longueil-Sainte-Marie,4
Le Bourget-du-Lac,4
La Ferté-sous-Jouarre,4
Jouy-en-Josas,4
Issy-les-Moulineaux,4
Grasse,4
Fleurance,4
Cournon-d'Auvergne,4
Champs-sur-Marne,4
Boulogne-Billancourt,4
Boissy-sous-Saint-Yon,4
Belfort,4
Avignon,4
Antony,4
Angoulême,4
Angers,4
Port-au-Prince,4
Boucherville,4
Bunia,3
Saint-Denis,3
Saint-André,3
Toamasina,3
Qingdao,3
Beijing,3
Hong Kong,3
N'Djamena,3
Sousse,3
Monastir,3
Tlemcen,3
Sale,3
Khouribga,3
Amsterdam,3
Wavre,3
Neufvilles,3
Mons,3
Brugge,3
Luxembourg,3
Viry-Châtillon,3
Tremblay-en-France,3
N/A,3
Saint-Martin-d'Hères,3
Saint-Jacques-de-la-Lande,3
Saint-Affrique,3
Royan,3
Roubaix,3
Pau,3
Niort,3
Nanterre,3
Levallois-Perret,3
Les Sables-d'Olonne,3
Les Mureaux,3
Lescar,3
Lens,3
Le Havre,3
Illzach,3
Hettange-Grande,3
Hem,3
Fontenay-le-Fleury,3
Fontanil-Cornillon,3
Évry,3
Dreux,3
Clermont-Ferrand,3
Chelles,3
Châteaurenard,3
Châteauneuf-sur-Loire,3
Chartres,3
Chambéry,3
Cergy,3
Castelnau-de-Guers,3
Blois,3
Bagnols-sur-Cèze,3
Aubière,3
Arcueil,3
Annecy,3
Naples,3
Les Abymes,3
Blainville,3
Brossard,3
Vaudreuil-Dorion,3
Sainte-Marie,3
Kigali,2
Ramat Gan,2
Moscow,2
Braşov,2
Kryvyy Rih,2
Port Louis,2
Saint-Pierre,2
Johannesburg,2
Ebene,2
Delhi,2
Mumbai,2
Bengaluru,2
Ahmedabad,2
Bangkok,2
Wuxi,2
Kunming,2
Jinan,2
Lagos,2
Porto-Novo,2
Kandi,2
Tajerouine,2
Hammam Sousse,2
Bizerte,2
Ariana,2
Hammamet,2
El Tarf,2
Sevilla,2
Oujda-Angad,2
Beni Mellal,2
Rainham,2
Manchester,2
London,2
Trub,2
Pully,2
Prilly,2
Dietikon,2
Bulle,2
Leiden,2
Breda,2
Vilvoorde,2
Uccle,2
Tienen,2
Seraing,2
Messancy,2
Leuze,2
Corbais,2
Andenne,2
Oberriexingen,2
Mainz,2
Karlsruhe,2
Hilzingen,2
Goch,2
Frankfurt am Main,2
Duisburg,2
Dublin,2
Wasselonne,2
Villebon-sur-Yvette,2
Vienne,2
Vesoul,2
Vendin-le-Vieil,2
Vauréal,2
Vanves,2
Valence,2
Tarbes,2
Spézet,2
Somain,2
Serrières,2
Sarreguemines,2
Sarrebourg,2
N/A,2
Salon-de-Provence,2
Saint-Quentin,2
Saint-Nazaire,2
Saint-Mandé,2
Saint-Gély-du-Fesc,2
Sainte-Geneviève-des-Bois,2
N/A,2
Saint-Berthevin,2
Ruelisheim,2
Rueil-Malmaison,2
Romainville,2
Rœulx,2
Quimper,2
Pont-Sainte-Maxence,2
Plaisir,2
Pirey,2
Pézenas,2
Périgueux,2
Ouistreham,2
Oloron-Sainte-Marie,2
Nogent-sur-Oise,2
Narrosse,2
Montreuil,2
Montluçon,2
Montigny-lès-Cormeilles,2
Montigny-le-Bretonneux,2
Mont-de-Marsan,2
Monneville,2
