name,unique_exits,total_exits,exit_rate
/fr/3/tutorial/,278,283,
/fr/3/library/csv.html,91,95,
/fr/3.13/library/tkinter.html,82,85,
/fr/dev/installing/index.html,69,69,
/fr/3/library/json.html,65,65,
/fr/3.13/tutorial/datastructures.html,62,66,
/fr/3.13/tutorial/classes.html,60,61,
/fr/3.13/howto/sorting.html,58,58,
/fr/3.13/library/random.html,52,53,
/fr/3/howto/regex.html,49,52,
/fr/3/tutorial/datastructures.html,49,53,
/fr/3/tutorial/introduction.html,48,50,
/fr/3.13/library/functions.html,47,48,
/fr/3.13/library/datetime.html,45,45,
/fr/3/tutorial/venv.html,43,43,
/fr/3/tutorial/interpreter.html,41,42,
/fr/3.13/library/turtle.html,39,40,
/fr/3/library/random.html,39,45,
/fr/3/tutorial/inputoutput.html,39,39,
/fr/3/library/stdtypes.html,36,43,
/fr/3.13/library/stdtypes.html,34,36,
/fr/3/tutorial/controlflow.html,34,35,
/fr/3.13/reference/import.html,31,31,
/fr/3.13/tutorial/errors.html,30,30,
/fr/3/library/__main__.html,29,29,
/fr/3/library/string.html,28,28,
/fr/3.13/library/collections.html,27,29,
/fr/3/library/statistics.html,27,26,
/3/,26,25,
/fr/3/tutorial/appetite.html,26,25,
/fr/3.13/library/time.html,25,26,
/fr/3.13/tutorial/controlflow.html,25,27,
/fr/3/genindex-Symboles.html,25,25,
/fr/3/tutorial/index.html,23,28,
/fr/3/library/functions.html,22,22,
/fr/3.13/library/base64.html,21,21,
/fr/3.13/tutorial/index.html,21,22,
/fr/3/library/enum.html,21,20,
/fr/3/tutorial/classes.html,21,21,
/fr/3/,20,20,
/fr/3/search.html,20,21,
/fr/3.13/library/math.html,19,22,
/fr/3/using/cmdline.html,19,19,
/fr/3.13/library/operator.html,18,18,
/fr/3.13/using/windows.html,18,18,
/fr/3/library/multiprocessing.html,18,19,
/fr/3/library/sys.html,18,18,
/fr/3/library/unittest.html,18,17,
/fr/3.13/library/re.html,17,17,
/fr/3/howto/logging.html,17,17,
/fr/3.13/library/os.html,16,16,
/fr/3.13/library/timeit.html,16,16,
/fr/3.13/tutorial/introduction.html,16,17,
/fr/3.13/library/argparse.html,15,15,
/fr/3.13/library/idle.html,15,15,
/3/library/tkinter.html,14,14,
/fr/3/installing/index.html,14,14,
/fr/3/library/glob.html,14,14,
/fr/3/library/math.html,14,16,
/fr/3.13/installing/index.html,13,14,
/fr/3.13/search.html,13,13,
/fr/3/library/threading.html,13,13,
/fr/3/library/turtle.html,13,12,
/3/library/re.html,12,12,
/fr/3.13/howto/sockets.html,12,12,
/fr/3.13/library/subprocess.html,12,13,
/fr/3.13/tutorial/interpreter.html,12,13,
/fr/3/tutorial/errors.html,12,12,
/fr/3.13/faq/windows.html,11,11,
/fr/3.13/library/tkinter.ttk.html,11,11,
/fr/3.13/tutorial/modules.html,11,11,
/fr/3/library/index.html,11,12,
/3/library/pathlib.html,10,10,
/fr/3.13/,10,10,
/fr/3.13/reference/compound_stmts.html,10,10,
/fr/3/library/datetime.html,10,11,
/fr/3/library/venv.html,10,10,
/3/library/datetime.html,9,9,
/3/tutorial/datastructures.html,9,8,
/fr/3.13/library/copy.html,9,9,
/fr/3.13/reference/simple_stmts.html,9,9,
/fr/3.13/using/editors.html,9,9,
/fr/3/library/exceptions.html,9,9,
/fr/3/tutorial/modules.html,9,9,
/fr/3/using/index.html,9,9,
/fr/dev/library/xml.etree.elementtree.html,9,9,
/3/library/functions.html,8,8,
/fr/3.13/library/pathlib.html,8,8,
/fr/3.13/reference/datamodel.html,8,8,
/fr/3/glossary.html,8,8,
/fr/3/howto/sorting.html,8,10,
/fr/3/library/os.html,8,7,
/fr/dev/reference/compound_stmts.html,8,8,
/3/library/csv.html,7,7,
/fr/3.13/howto/unicode.html,7,7,
/fr/3.13/library/decimal.html,7,7,
/fr/3.13/library/index.html,7,7,
/fr/3/library/queue.html,7,8,
/fr/3/library/time.html,7,7,
/fr/3/library/zipfile.html,7,7,
