name,version,visitors
Chrome,134.0,697
Firefox,136.0,231
Microsoft Edge,134.0,169
Mobile App,134.0,162
Safari,18.3,103
Opera,117.0,42
Chrome,133.0,33
Firefox,128.0,20
Chrome,132.0,16
Samsung Browser,27.0,14
Safari,17.6,13
Chrome,131.0,12
Safari,17.5,12
Firefox,115.0,11
Firefox,135.0,11
Mobile App,(not set),10
Safari,16.6,8
Safari,18.1,8
Safari,18.2,8
Chrome,109.0,7
Chrome,122.0,6
Safari,15.6,5
Safari,17.4,5
Sogou Explorer,2,5
Chrome,130.0,4
Mobile App,133.0,4
Firefox,134.0,4
Microsoft Edge,124.0,3
Chrome,127.0,3
Microsoft Edge,132.0,3
Microsoft Edge,133.0,3
Safari,(not set),2
Chrome,103.0,2
Chrome,106.0,2
Firefox,113.0,2
Chrome,123.0,2
Chrome,126.0,2
Chrome,129.0,2
Microsoft Edge,130.0,2
Microsoft Edge,135.0,2
Firefox,136.2,2
Firefox,137.0,2
Safari,17.1,2
Safari,17.2,2
Safari,10.0,1
Firefox,102.0,1
Microsoft Edge,106.0,1
Firefox,108.0,1
Chrome,111.0,1
Opera,116.0,1
Firefox,116.0,1
Firefox,118.0,1
Opera,118.0,1
Chrome,121.0,1
Firefox,124.0,1
Chrome,125.0,1
Firefox,127.0,1
Chrome,128.0,1
Firefox,129.0,1
Microsoft Edge,129.0,1
Safari,13.1,1
Norton Private Browser,131.0,1
Firefox,131.0,1
Microsoft Edge,131.0,1
Avast Secure Browser,131.0,1
Mobile App,131.0,1
Avast Secure Browser,132.0,1
CCleaner,133.0,1
Avast Secure Browser,133.0,1
Chrome,134,1
Chrome,136.0,1
Firefox,136.3,1
Safari,15.1,1
Safari,15.2,1
Safari,16.1,1
Safari,16.2,1
Safari,16.3,1
Safari,16.5,1
Safari,17.10,1
Microsoft Edge,17.17134,1
Safari,18.0,1
Safari,18.4,1
Yandex Browser,25.2,1
Samsung Browser,26.0,1
Kindle Browser,3.0,1
Firefox,5.0,1
QtWebEngine,6.7,1
Chrome,65.0,1
Chrome,69.0,1
Chrome,87.0,1
Chrome,94.0,1
Opera,95.0,1
Chrome,97.0,1
