name,version,visitors
Chrome,140.0,1718
Microsoft Edge,140.0,512
Firefox,143.0,506
Firefox,128.0,145
Safari,18.6,143
Chrome,139.0,128
Firefox,140.0,126
Opera,122.0,96
Safari,26.0,93
Chrome,138.0,82
Firefox,142.0,47
Chrome,137.0,40
Safari,18.5,33
Opera,120.0,31
Chrome,109.0,26
Safari,17.6,22
Microsoft Edge,139.0,17
Firefox,115.0,16
Firefox,141.0,16
Mobile App,(not set),13
Firefox,139.0,13
Chrome,131.0,12
Samsung Browser,28.0,12
Safari,18.3,11
Chrome,126.0,10
Chrome,134.0,10
Firefox,136.0,10
Microsoft Edge,138.0,10
Safari,18.1,10
Chrome,130.0,9
Chrome,136.0,9
Firefox,138.0,9
Firefox,125.0,8
Chrome,132.0,8
Safari,17.1,8
Chrome,120.0,7
Chrome,133.0,7
Avast Secure Browser,139.0,7
Chrome,125.0,6
Firefox,127.0,6
Chrome,135.0,6
Firefox,144.0,6
(not set),(not set),5
Opera,121.0,5
Chrome,122.0,5
Microsoft Edge,124.0,5
Mobile App,140.0,5
Safari,17.5,5
Safari,18.0,5
Safari,18.7,5
Firefox,102.0,4
Firefox,113.0,4
Chrome,117.0,4
Chrome,128.0,4
Firefox,132.0,4
Firefox,137.0,4
Chrome,141.0,4
Safari,17.2,4
Safari,18.4,4
Chrome,116.0,3
Chrome,129.0,3
Firefox,130.0,3
Firefox,131.0,3
Microsoft Edge,134.0,3
Safari,15.6,3
Safari,16.6,3
Safari,17.4,3
Safari,26.1,3
Microsoft Edge,105.0,2
Microsoft Edge,110.0,2
Chrome,113.0,2
Firefox,114.0,2
Chrome,119.0,2
Chrome,124.0,2
Firefox,124.0,2
Microsoft Edge,128.0,2
Ecosia,129.0,2
Microsoft Edge,130.0,2
Firefox,133.0,2
Firefox,135.0,2
Microsoft Edge,136.0,2
Mobile App,138.0,2
Microsoft Edge,14.14393,2
Firefox,145.0,2
Safari,16.2,2
Microsoft Edge,18.17763,2
Safari,18.2,2
Yandex Browser,25.8,2
Safari,26.2,2
Chrome,65.0,2
Firefox,78.0,2
Opera,90.0,2
Chrome,91.0,2
Firefox,95.0,2
Microsoft Edge,100.0,1
Chrome,103.0,1
Microsoft Edge,107.0,1
Firefox,108.0,1
Safari,11.0,1
Firefox,112.0,1
Chrome,112.0,1
Chrome,114.0,1
Chrome,115.0,1
Chrome,121.0,1
Chrome,123.0,1
Microsoft Edge,125.0,1
Firefox,128.13,1
Firefox,128.9,1
Microsoft Edge,129.0,1
Microsoft Edge,131.0,1
Microsoft Edge,133.0,1
Firefox,134.0,1
Microsoft Edge,135.0,1
Avast Secure Browser,136.0,1
Microsoft Edge,137.0,1
Microsoft Edge,141.0,1
Microsoft Edge,142.0,1
Huawei Browser Mobile,15.0,1
Safari,15.4,1
Safari,16.0,1
Safari,16.1,1
Microsoft Edge,16.16299,1
Safari,16.5,1
Microsoft Edge,17.17134,1
Safari,17.3,1
Safari,17.7,1
Phoenix Browser,19.4,1
Opera GX,3.0,1
Firefox,52.0,1
Opera Touch,6.1,1
Chrome,80.0,1
Microsoft Edge,92.0,1
Opera,95.0,1
Chrome,98.0,1
