name,visitors,bounce_rate,visit_duration
google.com,2149,80,214
Direct / None,1338,64,346
bing.com,169,79,131
search.brave.com,100,73,207
qwant.com,66,82,667
openclassrooms.com,52,87,26
ecosia.org,50,67,111
python.org,44,0,381
duckduckgo.com,41,77,94
notebooks.githubusercontent.com,37,17,2451
chatgpt.com,28,71,171
capytale2.ac-paris.fr,24,46,776
google.fr,23,89,194
madoc.univ-nantes.fr,17,62,398
fr.search.yahoo.com,10,70,8
0542208g.moodle.monbureaunumerique.fr,6,83,8
moodle.umontpellier.fr/mod/book/view.php,6,67,14
bing.com/search,5,100,0
sites.google.com,5,60,344
ytrack.learn.ynov.com,5,60,3
elearning.univ-eiffel.fr,4,100,0
github.com/uvsq-l1-info100/l1-python/blob/main/INSTALL.md,4,75,5
jupyter.org,4,80,3
raisintine.fr,4,100,135
s3.cri.epita.fr,4,0,8572
search.yahoo.com,4,100,0
127.0.0.1,3,0,3
copilot.microsoft.com,3,50,57
docs.google.com,3,100,0
moodle.lyceeconnecte.fr,3,67,42
notebook.basthon.fr,3,100,0
sofaugeras.github.io,3,67,4
wiki.python.org,3,0,98
youtube.com,3,100,0
aura-73.elea.apps.education.fr,2,0,22
chat.mistral.ai,2,0,950
courses.21-learning.com,2,100,0
cs50.harvard.edu,2,0,2096
ena.etsmtl.ca,2,50,650
francoisbrucker.github.io,2,100,1088
github.com/uvsq-l1-info100/l1-python/blob/main/TD/TD1/TD1_prise_en_main.md,2,100,0
google.ch,2,100,18
icn-isn-boissy.yj.fr,2,67,96
informatique-lycee.forge.apps.education.fr,2,50,966
internet-start.net,2,50,50
jupyterhub-25.capsule.upmc.fr,2,100,0
kxs.fr,2,50,64
m-ai.alstom.hub,2,100,0
modulol.ch,2,100,0
moodle.caseine.org,2,100,0
moodle.epita.fr,2,0,328
moodle.gymnasedebeaulieu.ch,2,100,0
moodle.polymtl.ca,2,100,0
moodle.umontpellier.fr,2,50,594
moodle.umontpellier.fr/course/view.php,2,100,0
moodle.univ-lille.fr,2,100,0
nohtyprm.github.io,2,50,707
perso.liris.cnrs.fr,2,0,287
pypi.org,2,0,210
search.avastbrowser.com/serp,2,50,138
search.lilo.org,2,0,3844
sso.st.com,2,50,1646
statics.teams.cdn.office.net,2,50,0
yellow-search.org,2,50,38
bestseminartopics.com,1,100,0
bts-lasalle-avignon-ressources.github.io,1,0,905
ca.search.yahoo.com,1,100,0
cac-onenote.officeapps.live.com,1,0,30
cedric.cnam.fr,1,0,447
cegid-missy.azurewebsites.net,1,100,0
code.visualstudio.com,1,0,875
crosemont.moodle.decclic.qc.ca,1,0,38
docs.pytest.org/en/stable/how-to/tmp_path.html,1,0,40
eric.univ-lyon2.fr,1,100,0
esig-sandbox.ch,1,100,0
fr.wikipedia.org,1,0,181
fsg-pax-p-jhn01.pax.ulaval.ca,1,0,382
github.com,1,100,0
google.com.ua,1,0,207
gstatic.com,1,0,8
guru99.com,1,0,1794
jordan-frecon.com,1,0,304
kernprof.readthedocs.io/en/latest,1,0,691
kitt.lewagon.com,1,0,1304
l.facebook.com,1,100,0
m.baidu.com,1,100,0
martinique.elea.apps.education.fr,1,0,1849
messaline_ramstein.gitlab.io,1,100,0
moodle.bordeaux-inp.fr,1,0,961
moodle.univ-artois.fr,1,100,0
moodle.univ-ubs.fr,1,100,0
moodle.utt.fr,1,0,4727
nas.etu-toc.net,1,100,0
perplexity.ai,1,0,0
perso.esiee.fr,1,0,0
pixees.fr,1,50,150
prepa.pages.epita.fr,1,0,3992
python.developpez.com/tutoriels/apprendre-programmation-fonctionnelle,1,0,3
python.sdv.u-paris.fr,1,100,0
pythoninsider.blogspot.com,1,0,217
rtavenar.github.io,1,100,0
schooding.fr,1,0,5
stat4decision.com,1,100,0
translate.google.fr,1,100,0
udemy.com,1,100,0
uk.search.yahoo.com,1,100,0
umtice.univ-lemans.fr,1,0,401
view.genially.com/6106abf8d398e40d16ef71f3,1,100,0
www-python-org.translate.goog,1,0,40
ya.ru,1,100,0
zestedesavoir.com,1,100,0
