name,version,visitors
Windows,10,1407
Mac,10.15,578
iOS,18.7,148
Android,10,133
GNU/Linux,(not set),98
iOS,18.6,71
Android,15,65
Android,13,48
iOS,26.2,47
Android,14,39
Android,12,37
Chrome OS,14541.0,35
HarmonyOS,3.0,32
iOS,16.7,30
Android,16,29
iOS,18.5,20
Android,11,17
HarmonyOS,2.2,15
Windows,XP,12
iOS,26.1,11
Android,9,10
Ubuntu,(not set),9
HarmonyOS,(not set),7
(not set),(not set),7
Mac,10.13,6
iOS,18.3,6
Windows,7,6
Android,8.1,6
iOS,15.8,4
iOS,16.3,4
iOS,14.0,2
iPadOS,15.8,2
iPadOS,16.3,2
iOS,17.4,2
iOS,17.5,2
iOS,17.6,2
iOS,18.2,2
iOS,26.0,2
Windows,(not set),1
Mac,10.14,1
iOS,12.5,1
iOS,14.2,1
iOS,14.4,1
iOS,16.1,1
iPadOS,17.4,1
iPadOS,17.7,1
iOS,18.0,1
iOS,18.1,1
iOS,18.4,1
HarmonyOS,2.1,1
Android,6.0,1
Android,7.1,1
Windows,Server 2003,1
