property,value,visitors,events,percentage
url,(none),10231,20976,99.7
url,https://www.python.org/,180,190,1.8
url,https://www.python.org/downloads/,97,99,0.9
url,https://apps.microsoft.com/detail/9NQ7512CXL7T,30,33,0.3
url,https://docs.python.org/zh-cn/3.14/archives/python-3.14-docs-html.zip,30,30,0.3
url,https://docs.python.org/zh-cn/3.14/archives/python-3.14-docs.epub,14,15,0.1
url,https://github.com/python/cpython/tree/3.14/Lib/idlelib/,14,14,0.1
url,https://docs.python.org/zh-cn/3.14/archives/python-3.14-docs-text.zip,13,13,0.1
url,https://www.python.org/downloads/macos/,13,13,0.1
url,https://docs.python.org/zh-cn/3/archives/python-3.14-docs-html.zip,12,12,0.1
url,https://docs.python.org/zh-cn/3/archives/python-3.14-docs-text.zip,11,11,0.1
url,https://pypi.org/,10,10,0.1
url,https://www.python.org/doc/versions/,8,8,0.1
url,https://docs.python.org/zh-cn/3.14/archives/python-3.14-docs-texinfo.zip,6,6,0.1
url,https://github.com/python/cpython/tree/3.14/Lib/idlelib,6,8,0.1
url,https://devguide.python.org/documentation/start-documenting/#building-the-documentation,5,5,0.0
url,https://packaging.python.org/en/latest/tutorials/packaging-projects/,5,5,0.0
url,https://wiki.python.org/moin/BeginnersGuide,5,5,0.0
url,https://www.tcl.tk/man/tcl8.6/TkCmd/contents.htm,5,5,0.0
url,https://docs.python.org/zh-cn/3.13/archives/python-3.13-docs-html.zip,4,4,0.0
url,https://packaging.python.org/installing/#requirements-for-installing-packages,4,5,0.0
url,https://peps.python.org/pep-0636/,4,4,0.0
url,https://www.anaconda.com/download/,4,4,0.0
url,https://packaging.python.org/,3,3,0.0
url,https://packaging.python.org/en/latest/tutorials/installing-packages/#ensure-pip-setuptools-and-wheel-are-up-to-date,3,3,0.0
url,https://packaging.python.org/installing/,3,3,0.0
url,https://peps.python.org/pep-0703/,3,3,0.0
url,https://www.tkdocs.com/shipman/,3,3,0.0
url,https://cython.org/,2,2,0.0
url,https://docs.pytest.org/,2,3,0.0
url,https://docs.python.org/zh-cn/3.13/archives/python-3.13-docs-texinfo.zip,2,2,0.0
url,https://docs.python.org/zh-cn/3.13/archives/python-3.13-docs-text.zip,2,2,0.0
url,https://docs.python.org/zh-cn/3/archives/python-3.14-docs.epub,2,2,0.0
url,https://en.wikipedia.org/wiki/Extended_Backus%E2%80%93Naur_form,2,2,0.0
url,https://github.com/python/cpython/blob/main/Doc/library/subprocess.rst?plain=1,2,2,0.0
url,https://github.com/python/cpython/blob/main/Doc/tutorial/index.rst?plain=1,2,2,0.0
url,https://github.com/python/cpython/tree/3.12/Lib/socket.py,2,2,0.0
url,https://github.com/python/cpython/tree/3.14/Lib/bisect.py,2,2,0.0
url,https://github.com/python/cpython/tree/3.14/Lib/datetime.py,2,2,0.0
url,https://github.com/python/cpython/tree/3.14/Lib/gzip.py,2,2,0.0
url,https://github.com/python/cpython/tree/3.14/Lib/urllib/,2,2,0.0
url,https://json.org/,2,2,0.0
url,https://kivy.org/,2,2,0.0
url,https://packaging.python.org/installing/#creating-virtual-environments,2,2,0.0
url,https://packaging.python.org/science/,2,2,0.0
url,https://peps.python.org/pep-0008/,2,2,0.0
url,https://peps.python.org/pep-0343/,2,2,0.0
url,https://peps.python.org/pep-0745/,2,2,0.0
url,https://tkdocs.com/,2,2,0.0
url,https://typing.python.org/en/latest/spec/index.html,2,3,0.0
url,https://wiki.python.org/moin/IntegratedDevelopmentEnvironments,2,2,0.0
url,https://wiki.python.org/moin/PythonBooks,2,2,0.0
url,https://www.python.org/downloads/android/,2,2,0.0
url,https://www.sphinx-doc.org/,2,2,0.0
url,https://www.tcl.tk/,2,2,0.0
url,https://asttokens.readthedocs.io/en/latest/user-guide.html,1,1,0.0
url,https://beeware.org/,1,1,0.0
url,https://bpython-interpreter.org/,1,1,0.0
url,https://brew.sh/,1,1,0.0
url,https://buildbot.net/,1,1,0.0
url,https://buildozer.readthedocs.io/,1,1,0.0
url,https://chaquo.com/chaquopy,1,1,0.0
url,https://code.activestate.com/recipes/langs/python/,1,1,0.0
url,https://datatracker.ietf.org/doc/html/rfc821.html,1,1,0.0
url,https://devguide.python.org/,1,1,0.0
url,https://discuss.python.org/t/37075,1,1,0.0
url,https://docs.python.org/zh-cn/3.13/archives/python-3.13-docs-pdf-a4.zip,1,1,0.0
url,https://docs.python.org/zh-cn/3.13/archives/python-3.13-docs.epub,1,1,0.0
url,https://docs.python.org/zh-cn/3.14/archives/python-3.14-docs-html.tar.bz2,1,1,0.0
url,https://docs.python.org/zh-cn/3.14/archives/python-3.14-docs-texinfo.tar.bz2,1,1,0.0
url,https://docs.python.org/zh-cn/3.14/archives/python-3.14-docs-text.tar.bz2,1,1,0.0
url,https://docs.python.org/zh-cn/3/archives/python-3.14-docs-texinfo.zip,1,1,0.0
url,https://en.wikipedia.org/wiki/Character_encoding,1,1,0.0
url,https://en.wikipedia.org/wiki/Fibonacci_sequence,1,1,0.0
url,https://en.wikipedia.org/wiki/Leap_second,1,1,0.0
url,https://en.wikipedia.org/wiki/Lexical_analysis,1,1,0.0
url,https://en.wikipedia.org/wiki/Predicate_(mathematical_logic),1,2,0.0
url,https://github.com/anordin95/a-conceptual-overview-of-asyncio/tree/main,1,1,0.0
url,https://github.com/python/cpython/blob/main/Doc/bugs.rst?plain=1,1,1,0.0
url,https://github.com/python/cpython/blob/main/Doc/c-api/intro.rst?plain=1,1,1,0.0
url,https://github.com/python/cpython/blob/main/Doc/library/calendar.rst?plain=1,1,1,0.0
url,https://github.com/python/cpython/blob/main/Doc/library/functions.rst?plain=1,1,1,0.0
url,https://github.com/python/cpython/blob/main/Doc/library/index.rst,1,1,0.0
url,https://github.com/python/cpython/blob/main/Doc/library/multiprocessing.rst?plain=1,1,1,0.0
url,https://github.com/python/cpython/blob/main/Doc/tutorial/controlflow.rst?plain=1,1,1,0.0
url,https://github.com/python/cpython/blob/main/Doc/tutorial/interpreter.rst?plain=1,1,1,0.0
url,https://github.com/python/cpython/blob/main/Doc/using/index.rst?plain=1,1,2,0.0
url,https://github.com/python/cpython/blob/main/Doc/using/windows.rst?plain=1,1,1,0.0
url,https://github.com/python/cpython/issues/101410,1,1,0.0
url,https://github.com/python/cpython/tree/3.13/Android/testbed,1,1,0.0
url,https://github.com/python/cpython/tree/3.13/Lib/venv/,1,1,0.0
url,https://github.com/python/cpython/tree/3.14/Lib/abc.py,1,1,0.0
url,https://github.com/python/cpython/tree/3.14/Lib/asyncio/,1,1,0.0
url,https://github.com/python/cpython/tree/3.14/Lib/asyncio/proactor_events.py,1,1,0.0
url,https://github.com/python/cpython/tree/3.14/Lib/asyncio/streams.py,1,1,0.0
url,https://github.com/python/cpython/tree/3.14/Lib/asyncio/tasks.py,1,1,0.0
url,https://github.com/python/cpython/tree/3.14/Lib/collections/__init__.py,1,1,0.0
url,https://github.com/python/cpython/tree/3.14/Lib/functools.py,1,1,0.0
url,https://github.com/python/cpython/tree/3.14/Lib/http/client.py,1,2,0.0
url,https://github.com/python/cpython/tree/3.14/Lib/queue.py,1,1,0.0
url,https://github.com/python/cpython/tree/3.14/Lib/random.py,1,1,0.0
url,https://github.com/python/cpython/tree/3.14/Lib/socket.py,1,1,0.0
url,https://github.com/python/cpython/tree/3.14/Lib/tkinter/__init__.py,1,1,0.0
url,https://github.com/python/cpython/tree/3.14/Lib/turtle.py,1,1,0.0
url,https://github.com/python/cpython/tree/3.14/Objects/exceptions.c,1,1,0.0
url,https://github.com/python/python-docs-zh-CN/blob/3.14/bugs.po?plain=1,1,1,0.0
url,https://github.com/python/python-docs-zh-CN/blob/3.14/reference/grammar.po?plain=1,1,1,0.0
url,https://greentreesnakes.readthedocs.io/,1,1,0.0
url,https://ipython.org/,1,1,0.0
url,https://ironpython.net/,1,1,0.0
url,https://leo-editor.github.io/leo-editor/appendices.html#leoast-py,1,1,0.0
url,https://libcst.readthedocs.io/,1,1,0.0
url,https://mail.python.org/pipermail/python-dev/2002-October/029035.html,1,1,0.0
url,https://manpages.debian.org/options(3),1,1,0.0
url,https://manpages.debian.org/packet(7),1,1,0.0
url,https://msdn.microsoft.com/en-us/library/ms741621%28VS.85%29.aspx,1,2,0.0
url,https://parso.readthedocs.io/,1,1,0.0
url,https://peps.python.org/,1,1,0.0
url,https://peps.python.org/pep-0011/#tier-3,1,1,0.0
url,https://peps.python.org/pep-0289/,1,1,0.0
url,https://peps.python.org/pep-0434/,1,1,0.0
url,https://peps.python.org/pep-0484/,1,1,0.0
url,https://peps.python.org/pep-0526/,1,1,0.0
url,https://peps.python.org/pep-0557/,1,1,0.0
url,https://peps.python.org/pep-0614/,1,1,0.0
url,https://peps.python.org/pep-0615/,1,1,0.0
url,https://peps.python.org/pep-0623/,1,2,0.0
url,https://peps.python.org/pep-3107/,1,1,0.0
url,https://peps.python.org/pep-3147/,1,1,0.0
url,https://pypy.org/,1,1,0.0
url,https://requests.readthedocs.io/en/master/,1,1,0.0
url,https://scipy.org/,1,1,0.0
url,https://setuptools.readthedocs.io/en/latest/setuptools.html,1,1,0.0
url,https://support.apple.com/en-us/102445,1,1,0.0
url,https://tauday.com/,1,1,0.0
url,https://wasi.dev/,1,2,0.0
url,https://wiki.python.org/moin/GuiProgramming,1,1,0.0
url,https://wiki.python.org/moin/PythonEditors,1,1,0.0
url,https://www.jython.org/,1,1,0.0
url,https://www.nuget.org/packages/python,1,1,0.0
url,https://www.pypa.io/,1,1,0.0
url,https://www.sqlite.org/,1,1,0.0
url,https://www.sqlite.org/flextypegood.html,1,1,0.0
url,https://www.w3schools.com/sql/,1,1,0.0
url,https://www.youtube.com/watch?v=Xbl7XjFYsN4&list=PLhNSoGM2ik6SIkVGXWBwerucXjgP1rHmB,1,1,0.0
url,https://www.zlib.net/,1,1,0.0
url,https://www.zlib.net/manual.html,1,1,0.0
