name,version,visitors
Windows,10,7018
Mac,10.15,1781
GNU/Linux,(not set),188
Windows,XP,174
Android,10,157
Mac,10.13,123
Android,15,122
Android,16,105
Windows,7,91
iOS,18.7,71
Android,12,58
Android,13,43
Android,14,40
Android,9,37
Ubuntu,(not set),36
HarmonyOS,(not set),31
Android,11,22
iOS,26.2,19
iOS,18.6,16
(not set),(not set),14
HarmonyOS,3.0,7
iOS,18.4,6
Windows,Server 2003,6
Mac,10.14,5
iOS,15.6,5
iOS,18.3,5
iOS,16.0,4
iOS,16.1,4
iOS,18.5,4
Windows,8.1,4
Windows,(not set),3
iOS,16.6,3
HarmonyOS,2.2,3
iOS,26.0,3
iOS,4.3,3
Android,7.1,3
iOS,15.0,2
iOS,15.8,2
iOS,16.3,2
iOS,16.5,2
iOS,17.1,2
iOS,17.2,2
iOS,17.6,2
iOS,18.0,2
iOS,18.1,2
iOS,26.1,2
iOS,26.3,2
Android,6.0,2
Android,8.1,2
Mac,10.9,1
iOS,12.3,1
iOS,13.6,1
iOS,14.4,1
iPadOS,14.7,1
Chrome OS,14541.0,1
iOS,15.2,1
iOS,16.4,1
iPadOS,16.7,1
iOS,16.7,1
iOS,17.0,1
iOS,17.3,1
iOS,17.4,1
iOS,17.5,1
iOS,17.7,1
iOS,7.1,1
Windows,8,1
Android,8.0,1
Windows,Vista,1
