name,unique_entrances,total_entrances,visit_duration
/zh-tw/3.13/tutorial/index.html,133,137,169
/zh-tw/3/tutorial/index.html,41,41,123
/zh-tw/3.13/installing/index.html,40,40,56
/zh-tw/3.13/tutorial/inputoutput.html,35,40,64
/zh-tw/3.13/library/heapq.html,34,34,238
/zh-tw/3.13/howto/sorting.html,31,32,109
/zh-tw/3.13/tutorial/classes.html,29,34,265
/zh-tw/3/faq/windows.html,29,29,37
/zh-tw/3.13/library/venv.html,25,25,72
/zh-tw/3.13/tutorial/datastructures.html,22,26,225
/3/,20,20,381
/zh-tw/3.13/library/random.html,20,20,1
/zh-tw/3/library/re.html,20,20,0
/zh-tw/3/library/index.html,17,17,166
/zh-tw/3.13/tutorial/floatingpoint.html,15,15,43
/zh-tw/dev/library/csv.html,15,15,69
/zh-tw/3.13/library/os.path.html,14,14,137
/zh-tw/3.13/using/mac.html,14,14,319
/zh-tw/3.13/library/collections.html,13,13,65
/zh-tw/3.13/library/functions.html,12,16,100
/zh-tw/3.13/tutorial/errors.html,11,12,156
/zh-tw/3.13/library/csv.html,10,10,112
/zh-tw/3.13/tutorial/controlflow.html,10,11,250
/zh-tw/3.13/tutorial/interpreter.html,10,13,25
/zh-tw/3.13/tutorial/modules.html,10,11,116
/zh-tw/3/library/functions.html,10,12,129
/zh-tw/3.13/library/bisect.html,9,12,77
/zh-tw/3.13/library/json.html,9,9,2
/zh-tw/3.13/library/string.html,9,9,228
/zh-tw/3/howto/argparse.html,9,10,0
/zh-tw/3/library/math.html,9,9,156
/3.13/tutorial/index.html,8,8,1110
/zh-tw/3.13/library/time.html,8,9,182
/zh-tw/3/,8,8,42
/3/tutorial/index.html,7,7,215
/zh-tw/3.13/library/pathlib.html,7,7,123
/zh-tw/3.13/tutorial/introduction.html,7,7,216
/zh-tw/3/library/threading.html,7,7,40
/zh-tw/3/tutorial/venv.html,7,7,21
/zh-tw/3.13/howto/sockets.html,6,6,70
/zh-tw/3.13/library/copy.html,6,6,136
/zh-tw/3/tutorial/controlflow.html,6,6,1
/zh-tw/3.13/library/array.html,5,5,0
/zh-tw/3.13/library/operator.html,5,5,206
/zh-tw/3.13/library/statistics.html,5,5,1
/zh-tw/3.13/search.html,5,6,177
/zh-tw/3/tutorial/introduction.html,5,5,109
/zh-tw/dev/library/math.html,5,5,0
/zh-tw/3.13/library/io.html,4,4,0
/zh-tw/3.13/library/math.html,4,4,0
/zh-tw/3/tutorial/appetite.html,4,4,354
/zh-tw/3/tutorial/classes.html,4,4,25
/zh-tw/3/tutorial/interpreter.html,4,4,0
/zh-tw/dev/library/os.path.html,4,5,21
/3/library/functions.html,3,3,976
/zh-tw/3.12/using/mac.html,3,3,1044
/zh-tw/3.13/faq/installed.html,3,3,147
/zh-tw/3.13/library/__main__.html,3,3,0
/zh-tw/3.13/library/constants.html,3,3,0
/zh-tw/3.13/library/gc.html,3,3,0
/zh-tw/3.13/library/multiprocessing.shared_memory.html,3,3,0
/zh-tw/3.13/library/queue.html,3,3,2
/zh-tw/3.13/library/typing.html,3,3,0
/zh-tw/3.13/library/unittest.html,3,3,0
/zh-tw/3/library/concurrent.futures.html,3,3,138
/zh-tw/3/library/functools.html,3,3,0
/zh-tw/3/library/pdb.html,3,3,0
/zh-tw/3/library/stdtypes.html,3,3,797
/zh-tw/3/library/uuid.html,3,4,0
/zh-tw/dev/library/stdtypes.html,3,3,11
/3.13/using/windows.html,2,2,732
/3/howto/sorting.html,2,2,3146
/3/library/argparse.html,2,2,1036
/3/library/csv.html,2,2,272
/3/library/idle.html,2,2,68
/3/library/io.html,2,2,534
/3/library/subprocess.html,2,2,1982
/3/library/tomllib.html,2,2,14
/3/library/venv.html,2,2,104
/3/reference/index.html,2,2,404
/3/tutorial/,2,2,196
/3/using/mac.html,2,2,507
/zh-cn/3.12/library/turtle.html,2,2,68
/zh-tw/3.12/tutorial/index.html,2,2,0
/zh-tw/3.13/,2,3,95
/zh-tw/3.13/c-api/index.html,2,2,48
/zh-tw/3.13/download.html,2,2,14
/zh-tw/3.13/genindex-符號.html,2,2,236
/zh-tw/3.13/library/asyncio-stream.html,2,3,0
/zh-tw/3.13/library/ftplib.html,2,3,927
/zh-tw/3.13/library/html.parser.html,2,2,280
/zh-tw/3.13/library/itertools.html,2,2,276
/zh-tw/3.13/library/tk.html,2,3,16
/zh-tw/3.13/reference/index.html,2,2,0
/zh-tw/3.13/tutorial/appetite.html,2,2,61
/zh-tw/3.13/tutorial/stdlib.html,2,2,188
/zh-tw/3.13/tutorial/venv.html,2,2,22
/zh-tw/3.13/using/windows.html,2,2,0
/zh-tw/3.13/whatsnew/3.10.html,2,2,0
/zh-tw/3/c-api/index.html,2,2,16
/zh-tw/3/contents.html,2,2,0
/zh-tw/3/library/pickle.html,2,3,0
/zh-tw/3/library/wsgiref.html,2,2,0
/zh-tw/3/reference/index.html,2,2,0
/zh-tw/3/tutorial/,2,2,0
/zh-tw/3/tutorial/errors.html,2,2,0
/zh-tw/3/tutorial/modules.html,2,2,68
/zh-tw/dev/howto/sockets.html,2,2,0
/zh-tw/dev/library/ast.html,2,2,0
/zh-tw/dev/library/calendar.html,2,2,458
/zh-tw/dev/library/functions.html,2,2,0
/zh-tw/dev/library/random.html,2,2,341
/3.12/whatsnew/3.12.html,1,1,12
/3.13/library/asyncio-task.html,1,1,7
/3.13/library/random.html,1,1,86
/3.13/tutorial/,1,1,538
/3.13/tutorial/controlflow.html,1,1,153
/3/index.html,1,1,212
/3/installing/,1,1,873
/3/library/abc.html,1,1,152
/3/library/asyncio-task.html,1,1,1791
/3/library/cmdlinelibs.html,1,1,0
/3/library/datetime.html,1,1,699
/3/library/distutils.html,1,1,70
/3/library/exceptions.html,1,1,14
/3/library/getpass.html,1,1,142
/3/library/heapq.html,1,1,363
/3/library/index.html,1,1,198
/3/library/itertools.html,1,1,937
/3/library/json.html,1,1,46
/3/library/logging.html,1,1,43
/3/library/os.html,1,1,169
/3/library/pathlib.html,1,1,1137
/3/library/pickletools.html,1,1,427
/3/library/pprint.html,1,1,1898
/3/library/pydoc.html,1,1,35
/3/library/queue.html,1,1,293
/3/library/random.html,1,1,725
/3/library/re.html,1,1,5
/3/library/runpy.html,1,1,24
/3/library/socket.html,1,1,3
/3/library/tkinter.html,1,1,0
/3/library/turtle.html,1,1,184
/3/library/weakref.html,1,1,519
/3/library/winsound.html,1,1,36
/3/library/zlib.html,1,1,118
/3/tutorial/datastructures.html,1,1,2882
/3/tutorial/errors.html,1,1,118
/3/tutorial/modules.html,1,1,489
/3/using/windows.html,1,1,775
/dev/,1,2,1133
/es/3/tutorial/classes.html,1,1,243
/uk/3.12/faq/programming.html,1,1,78
/zh-cn/3.12/library/select.html,1,1,120
/zh-cn/3.13/index.html,1,1,2322
/zh-cn/3.13/library/csv.html,1,1,137
/zh-cn/3.13/library/struct.html,1,1,4952
/zh-cn/3.13/tutorial/index.html,1,1,418
/zh-cn/3/,1,1,3380
/zh-cn/3/library/functions.html,1,1,10
/zh-cn/3/tutorial/index.html,1,1,301
/zh-cn/dev/using/ios.html,1,1,204
/zh-tw/3.12/c-api/intro.html,1,1,0
/zh-tw/3.12/c-api/tuple.html,1,1,45
/zh-tw/3.12/installing/index.html,1,1,75
/zh-tw/3.12/library/asyncio-eventloop.html,1,1,354
/zh-tw/3.12/library/asyncio-policy.html,1,1,0
/zh-tw/3.12/library/asyncio-task.html,1,1,363
/zh-tw/3.12/library/asyncio.html,1,1,0
/zh-tw/3.12/library/dis.html,1,1,0
/zh-tw/3.12/library/idle.html,1,1,0
/zh-tw/3.12/library/json.html,1,1,1070
/zh-tw/3.12/library/tkinter.tix.html,1,1,0
/zh-tw/3.12/library/turtle.html,1,1,0
/zh-tw/3.12/tutorial/classes.html,1,1,0
/zh-tw/3.12/tutorial/controlflow.html,1,1,0
/zh-tw/3.12/using/configure.html,1,1,0
/zh-tw/3.12/whatsnew/3.11.html,1,1,5
/zh-tw/3.13/c-api/call.html,1,1,0
/zh-tw/3.13/contents.html,1,1,105
/zh-tw/3.13/faq/design.html,1,1,0
/zh-tw/3.13/faq/general.html,1,1,7
/zh-tw/3.13/glossary.html,1,1,0
/zh-tw/3.13/howto/descriptor.html,1,1,0
/zh-tw/3.13/library/__future__.html,1,1,0
/zh-tw/3.13/library/asyncio-sync.html,1,1,0
/zh-tw/3.13/library/atexit.html,1,1,0
/zh-tw/3.13/library/colorsys.html,1,1,467
/zh-tw/3.13/library/enum.html,1,1,0
/zh-tw/3.13/library/exceptions.html,1,1,0
/zh-tw/3.13/library/getpass.html,1,1,0
/zh-tw/3.13/library/glob.html,1,1,0
/zh-tw/3.13/library/http.html,1,1,0
/zh-tw/3.13/library/intro.html,1,1,182
/zh-tw/3.13/library/numbers.html,1,1,66
/zh-tw/3.13/library/os.html,1,1,0
/zh-tw/3.13/library/secrets.html,1,1,0
/zh-tw/3.13/library/stdtypes.html,1,1,56
/zh-tw/3.13/library/sys.html,1,1,2283
/zh-tw/3.13/library/tempfile.html,1,1,0
/zh-tw/3.13/library/tkinter.font.html,1,1,0
/zh-tw/3.13/library/tkinter.html,1,1,0
/zh-tw/3.13/library/tkinter.messagebox.html,1,1,0
/zh-tw/3.13/library/turtle.html,1,1,0
/zh-tw/3.13/library/urllib.html,1,1,0
/zh-tw/3.13/library/urllib.request.html,1,1,0
/zh-tw/3.13/library/wave.html,1,1,0
/zh-tw/3.13/py-modindex.html,1,1,1334
/zh-tw/3.13/tutorial/,1,1,138
/zh-tw/3.13/using/unix.html,1,1,0
/zh-tw/3.13/whatsnew/index.html,1,1,0
/zh-tw/3.14/contents.html,1,1,22
/zh-tw/3.14/tutorial/index.html,1,1,25
/zh-tw/3.14/whatsnew/index.html,1,1,47
/zh-tw/3/c-api/sys.html,1,1,0
/zh-tw/3/extending/extending.html,1,1,0
/zh-tw/3/genindex-_.html,1,1,35
/zh-tw/3/howto/sorting.html,1,1,0
/zh-tw/3/library/,1,1,0
/zh-tw/3/library/asyncio-future.html,1,1,7
/zh-tw/3/library/bisect.html,1,1,349
/zh-tw/3/library/cmath.html,1,1,0
/zh-tw/3/library/collections.html,1,1,0
/zh-tw/3/library/datetime.html,1,1,0
/zh-tw/3/library/decimal.html,1,1,0
/zh-tw/3/library/distutils.html,1,2,13
/zh-tw/3/library/email.examples.html,1,1,0
/zh-tw/3/library/getopt.html,1,1,0
/zh-tw/3/library/hashlib.html,1,1,0
/zh-tw/3/library/idle.html,1,1,0
/zh-tw/3/library/ipaddress.html,1,1,0
/zh-tw/3/library/random.html,1,1,0
/zh-tw/3/library/signal.html,1,1,519
/zh-tw/3/library/string.html,1,1,0
/zh-tw/3/library/webbrowser.html,1,1,762
/zh-tw/3/reference/datamodel.html,1,1,0
/zh-tw/3/reference/expressions.html,1,1,0
/zh-tw/3/reference/import.html,1,1,0
/zh-tw/3/tutorial/datastructures.html,1,1,644
/zh-tw/3/tutorial/floatingpoint.html,1,1,0
/zh-tw/3/using/mac.html,1,1,0
/zh-tw/3/using/windows.html,1,1,0
/zh-tw/3/whatsnew/3.12.html,1,2,0
/zh-tw/3/whatsnew/3.13.html,1,1,0
/zh-tw/dev/faq/programming.html,1,1,0
/zh-tw/dev/library/collections.html,1,1,0
/zh-tw/dev/library/html.parser.html,1,1,1372
/zh-tw/dev/library/re.html,1,1,0
/zh-tw/dev/library/ssl.html,1,2,69
/zh-tw/dev/library/symtable.html,1,2,0
/zh-tw/dev/library/timeit.html,1,3,0
/zh-tw/dev/reference/index.html,1,1,0
/zh-tw/dev/tutorial/controlflow.html,1,1,120
/zh-tw/dev/using/,1,1,0
/zh-tw/dev/using/configure.html,1,1,433
