name,visitors,pageviews,bounce_rate,time_on_page
/zh-tw/3.13/tutorial/index.html,154,267,46,95.87610619469027
/zh-tw/3.13/tutorial/interpreter.html,52,76,69,71.94736842105263
/zh-tw/3/tutorial/index.html,48,61,73,248.0625
/zh-tw/3.13/installing/index.html,42,49,80,317.2857142857143
/zh-tw/3.13/library/heapq.html,38,47,62,1621.6
/zh-tw/3.13/tutorial/inputoutput.html,37,49,82,519.0
/zh-tw/3.13/tutorial/appetite.html,36,48,50,101.97368421052632
/zh-tw/3.13/tutorial/classes.html,34,49,65,387.8
/zh-tw/3.13/howto/sorting.html,32,38,78,452.6
/zh-tw/3/faq/windows.html,30,31,86,356.3333333333333
/zh-tw/3.13/library/venv.html,29,30,88,497.6666666666667
/zh-tw/3.13/tutorial/controlflow.html,28,37,73,243.91666666666666
/zh-tw/3.13/tutorial/introduction.html,27,41,86,209.66666666666666
/zh-tw/3.13/tutorial/datastructures.html,26,35,81,1108.1666666666667
/zh-tw/3.13/library/random.html,22,23,90,109.66666666666667
/zh-tw/3/library/index.html,22,29,59,72.4375
/zh-tw/3/library/re.html,21,21,100,
/zh-tw/3.13/library/functions.html,19,26,38,131.33333333333334
/zh-tw/3.13/using/mac.html,17,21,57,466.3333333333333
/zh-tw/3.13/,16,27,67,52.26315789473684
/zh-tw/3.13/tutorial/floatingpoint.html,16,18,80,326.0
/zh-tw/3.13/library/os.path.html,15,16,86,925.0
/zh-tw/dev/library/csv.html,15,15,93,1030.0
/zh-tw/3.13/library/collections.html,14,15,85,290.6666666666667
/zh-tw/3.13/library/csv.html,14,18,50,505.0
/zh-tw/3/library/functions.html,14,19,67,205.42857142857142
/zh-tw/3.13/library/index.html,13,28,0,68.25
/zh-tw/3.13/tutorial/modules.html,13,18,82,299.3333333333333
/zh-tw/3.13/tutorial/errors.html,12,13,83,624.0
/zh-tw/3/howto/argparse.html,12,13,100,1405.0
/zh-tw/3.13/library/string.html,11,12,78,170.0
/zh-tw/3/library/math.html,11,12,78,727.0
/zh-tw/3.13/library/bisect.html,10,14,83,926.0
/zh-tw/3.13/library/json.html,10,10,89,27.0
/zh-tw/3.13/search.html,10,14,67,58.3
/zh-tw/3/tutorial/appetite.html,10,12,25,325.0
/zh-tw/3/tutorial/interpreter.html,10,12,75,17.0
/zh-tw/3.13/library/pathlib.html,9,12,86,514.3333333333334
/zh-tw/3/tutorial/controlflow.html,9,9,83,24.0
/zh-tw/3.13/contents.html,8,11,0,49.8
/zh-tw/3.13/glossary.html,8,11,100,15.75
/zh-tw/3.13/howto/sockets.html,8,11,50,91.5
/zh-tw/3.13/library/copy.html,8,10,67,827.0
/zh-tw/3.13/library/time.html,8,10,78,488.3333333333333
/zh-tw/3/,8,9,50,13.75
/zh-tw/3.13/library/io.html,7,8,100,119.5
/zh-tw/3.13/library/stdtypes.html,7,9,0,266.4
/zh-tw/3.13/using/windows.html,7,7,100,539.2
/zh-tw/3/library/threading.html,7,7,86,279.0
/zh-tw/3/tutorial/venv.html,7,16,71,826.0
/zh-tw/3.13/library/array.html,6,6,100,7.0
/zh-tw/3.13/using/index.html,6,13,0,313.0
/zh-tw/3/library/stdtypes.html,6,7,67,451.5
/zh-tw/3/tutorial/introduction.html,6,7,60,279.0
/zh-tw/3.13/library/operator.html,5,5,80,1030.0
/zh-tw/3.13/library/statistics.html,5,7,80,
/zh-tw/3.13/library/unittest.html,5,5,100,12.0
/zh-tw/3.13/reference/index.html,5,7,100,172.75
/zh-tw/dev/library/math.html,5,5,100,
/zh-tw/dev/library/os.path.html,5,6,80,86.5
/zh-tw/3.12/using/mac.html,4,7,67,501.3333333333333
/zh-tw/3.13/download.html,4,4,50,15.5
/zh-tw/3.13/faq/installed.html,4,4,67,440.0
/zh-tw/3.13/library/math.html,4,4,100,
/zh-tw/3.13/library/queue.html,4,4,67,7.0
/zh-tw/3.13/tutorial/stdlib.html,4,4,50,128.66666666666666
/zh-tw/3/library/concurrent.futures.html,4,4,67,414.0
/zh-tw/3/library/pdb.html,4,4,100,
/zh-tw/3/tutorial/classes.html,4,4,75,16.0
/zh-tw/dev/library/stdtypes.html,4,5,67,41.0
/zh-tw/3.12/library/turtle.html,3,5,100,32.0
/zh-tw/3.12/tutorial/appetite.html,3,4,0,99.25
/zh-tw/3.13/index.html,3,5,0,5.0
/zh-tw/3.13/library/__main__.html,3,3,100,
/zh-tw/3.13/library/constants.html,3,3,100,
/zh-tw/3.13/library/exceptions.html,3,3,100,5.0
/zh-tw/3.13/library/gc.html,3,3,100,
/zh-tw/3.13/library/html.parser.html,3,4,0,437.6666666666667
/zh-tw/3.13/library/intro.html,3,5,0,53.4
/zh-tw/3.13/library/itertools.html,3,4,50,557.0
/zh-tw/3.13/library/multiprocessing.shared_memory.html,3,3,100,
/zh-tw/3.13/library/os.html,3,4,100,72.0
/zh-tw/3.13/library/typing.html,3,3,100,
/zh-tw/3.13/tutorial/,3,7,0,33.666666666666664
/zh-tw/3.13/tutorial/appendix.html,3,3,0,14.0
/zh-tw/3.13/tutorial/venv.html,3,4,50,22.5
/zh-tw/3.13/using/cmdline.html,3,4,0,400.75
/zh-tw/3.13/whatsnew/3.13.html,3,4,0,1953.0
/zh-tw/3.14/tutorial/index.html,3,4,0,28.0
/zh-tw/3/contents.html,3,3,100,48.0
/zh-tw/3/index.html,3,5,0,153.0
/zh-tw/3/library/datetime.html,3,3,100,2.0
/zh-tw/3/library/functools.html,3,3,100,
/zh-tw/3/library/pickle.html,3,4,100,
/zh-tw/3/library/uuid.html,3,4,100,
/zh-tw/3/reference/datamodel.html,3,4,100,2120.0
/zh-tw/3/reference/import.html,3,3,100,130.0
/zh-tw/3.12/library/venv.html,2,2,0,
/zh-tw/3.12/tutorial/index.html,2,2,100,
/zh-tw/3.12/tutorial/interpreter.html,2,3,0,1493.0
