name,unique_exits,total_exits,exit_rate
/zh-tw/3.13/tutorial/index.html,152,158,
/zh-tw/3.13/library/venv.html,90,93,
/zh-tw/3.13/installing/index.html,87,90,
/zh-tw/3.13/howto/sorting.html,64,67,
/zh-tw/3.13/tutorial/inputoutput.html,59,62,
/zh-tw/3.13/library/random.html,52,53,
/zh-tw/3.13/tutorial/classes.html,52,56,
/zh-tw/3.13/library/json.html,43,45,
/zh-tw/3.13/tutorial/introduction.html,43,46,
/zh-tw/3/tutorial/index.html,43,48,
/zh-tw/3.13/using/mac.html,41,41,
/zh-tw/3/faq/windows.html,41,41,
/zh-tw/3.13/tutorial/datastructures.html,40,41,
/zh-tw/3.13/tutorial/controlflow.html,38,44,
/zh-tw/3.13/tutorial/interpreter.html,37,39,
/zh-tw/3.13/library/os.path.html,31,32,
/zh-tw/3/library/index.html,31,34,
/zh-tw/3.13/tutorial/errors.html,30,30,
/zh-tw/3/howto/argparse.html,30,32,
/zh-tw/3/library/re.html,30,31,
/zh-tw/3.13/library/collections.html,28,27,
/zh-tw/3.13/library/heapq.html,27,28,
/zh-tw/3.13/library/csv.html,25,25,
/zh-tw/3.13/tutorial/modules.html,25,26,
/zh-tw/3.13/library/math.html,21,22,
/zh-tw/3.13/tutorial/venv.html,21,22,
/zh-tw/3.13/library/string.html,20,20,
/zh-tw/3.13/tutorial/floatingpoint.html,20,20,
/zh-tw/dev/library/os.path.html,20,21,
/zh-tw/3.13/library/functions.html,19,19,
/zh-tw/3/library/concurrent.futures.html,19,21,
/zh-tw/3.13/library/copy.html,17,17,
/zh-tw/3/library/threading.html,17,17,
/zh-tw/dev/library/csv.html,17,18,
/zh-tw/3/library/pickle.html,16,16,
/zh-tw/3.13/library/pathlib.html,14,14,
/zh-tw/3.13/library/typing.html,14,14,
/zh-tw/3.13/tutorial/appetite.html,14,15,
/zh-tw/3.13/library/statistics.html,13,13,
/3/,12,12,
/zh-tw/3.13/howto/sockets.html,12,12,
/zh-tw/3.13/library/time.html,11,11,
/zh-tw/3/library/hashlib.html,11,11,
/zh-tw/3/tutorial/interpreter.html,11,11,
/zh-tw/3/tutorial/introduction.html,11,13,
/zh-tw/3.13/library/operator.html,10,10,
/zh-tw/3/library/functools.html,10,10,
/zh-tw/3.13/library/__main__.html,9,9,
/zh-tw/3/reference/import.html,9,9,
/zh-tw/3.13/library/array.html,8,8,
/zh-tw/3/library/pdb.html,8,8,
/zh-tw/3/tutorial/controlflow.html,8,9,
/zh-tw/3.13/library/bisect.html,7,7,
/zh-tw/3.13/library/stdtypes.html,7,7,
/zh-tw/3/tutorial/datastructures.html,7,7,
/zh-tw/dev/howto/sockets.html,7,7,
/zh-tw/3.13/glossary.html,6,6,
/zh-tw/3.13/library/asyncio.html,6,7,
/zh-tw/3.13/library/queue.html,6,6,
/zh-tw/3.13/library/tempfile.html,6,6,
/zh-tw/3.13/using/windows.html,6,6,
/zh-tw/3/library/csv.html,6,9,
/zh-tw/3/tutorial/classes.html,6,7,
/3/tutorial/index.html,5,5,
/zh-tw/3.13/faq/installed.html,5,5,
/zh-tw/3.13/library/index.html,5,5,
/zh-tw/3.13/library/io.html,5,5,
/zh-tw/3.13/library/wave.html,5,5,
/zh-tw/3.13/whatsnew/index.html,5,6,
/zh-tw/3/howto/sorting.html,5,6,
/zh-tw/3/library/abc.html,5,5,
/zh-tw/3/library/random.html,5,6,
/zh-tw/3/library/webbrowser.html,5,5,
/zh-tw/3/tutorial/venv.html,5,5,
/zh-tw/dev/library/functions.html,5,5,
/3/library/stdtypes.html,4,4,
/3/tutorial/modules.html,4,4,
/zh-tw/3.13/,4,4,
/zh-tw/3.13/contents.html,4,4,
/zh-tw/3.13/library/ast.html,4,5,
/zh-tw/3.13/library/base64.html,4,4,
/zh-tw/3.13/library/glob.html,4,4,
/zh-tw/3.13/library/tkinter.messagebox.html,4,4,
/zh-tw/3.13/library/unittest.html,4,4,
/zh-tw/3.13/library/urllib.html,4,4,
/zh-tw/3.13/library/urllib.request.html,4,4,
/zh-tw/3.13/reference/compound_stmts.html,4,4,
/zh-tw/3/extending/extending.html,4,6,
/zh-tw/3/faq/programming.html,4,4,
/zh-tw/3/library/argparse.html,4,4,
/zh-tw/3/library/cmath.html,4,4,
/zh-tw/3/library/platform.html,4,4,
/zh-tw/3/library/sched.html,4,4,
/zh-tw/3/library/unittest.mock.html,4,4,
/zh-tw/3/tutorial/appetite.html,4,4,
/zh-tw/dev/library/timeit.html,4,4,
/3.13/library/re.html,3,3,
/3/library/csv.html,3,3,
/3/library/enum.html,3,3,
/3/library/random.html,3,3,
