name,visitors
France,863
Morocco,70
Algeria,40
Tunisia,32
Switzerland,31
Canada,30
Belgium,23
Cameroon,19
Côte d'Ivoire,18
"Congo, The Democratic Republic of the",16
Madagascar,16
Senegal,16
Togo,14
China,12
Benin,11
United States,11
Guinea,9
Congo,7
Burkina Faso,4
Guadeloupe,4
Japan,4
New Caledonia,4
Anonymous VPN Service,3
Germany,3
Haiti,3
Mali,3
Martinique,3
Niger,3
Brazil,2
Gabon,2
India,2
Lebanon,2
Mauritania,2
Mexico,2
Poland,2
Russian Federation,2
Argentina,1
Australia,1
Burundi,1
Central African Republic,1
Djibouti,1
Dominican Republic,1
Spain,1
Ghana,1
Indonesia,1
Israel,1
Italy,1
Comoros,1
Luxembourg,1
Myanmar,1
Nigeria,1
Netherlands,1
Portugal,1
Romania,1
Rwanda,1
Saudi Arabia,1
Sweden,1
Singapore,1
Chad,1
Thailand,1
Taiwan,1
Ukraine,1
Uganda,1
Vietnam,1
South Africa,1
