name,version,visitors
Windows,10,9561
Mac,10.15,1132
GNU/Linux,(not set),383
Windows,XP,188
Android,10,165
Windows,7,138
Mac,10.13,106
Ubuntu,(not set),74
iOS,18.7,59
Chrome OS,14541.0,42
iOS,18.6,33
iOS,18.5,26
iOS,26.1,24
HarmonyOS,(not set),21
Android,16,17
Android,14,15
Android,15,15
Android,11,14
Android,12,13
Android,13,13
iOS,16.2,11
Android,9,10
iOS,15.8,9
(not set),(not set),5
iOS,18.3,5
iOS,15.2,3
Chrome OS,14816.131,2
iPadOS,16.1,2
iOS,16.6,2
iPadOS,16.7,2
iOS,16.7,2
iOS,17.0,2
Windows,8,2
Mac,10.10,1
Mac,10.14,1
iOS,17.5,1
iOS,18.1,1
iOS,18.2,1
HarmonyOS,3.0,1
Android,6.0,1
Android TV,8.0,1
Windows,8.1,1
