name,visitors
Istanbul,36
Ankara,12
İzmir,6
Bursa,4
Konya,2
Gaziantep,2
Eskişehir,2
Aydın,2
Antalya,2
Adana,2
Baku,2
Shanghai,2
Vienna,2
Bad Salzuflen,2
Viranşehir,1
Ürgüp,1
Muğla,1
Mersin,1
Kütahya,1
Kırıkkale,1
Kayseri,1
Erzincan,1
Elazığ,1
Buca,1
Balıkesir,1
Aksaray,1
Isfahan,1
Kazan,1
Helsinki,1
Baia Mare,1
Sofia,1
Samsun,1
Rize,1
Maltepe,1
Küçükçekmece,1
Derince,1
Pune,1
Patna,1
Korba,1
Karīmnagar,1
Nur-Sultan,1
Ürümqi,1
Xiamen,1
Shanwei,1
Fuzhou,1
Beijing,1
Wan Chai,1
Hong Kong,1
Sydney,1
Zoetermeer,1
Brussels,1
Lüdenscheid,1
Bad Kreuznach,1
Schiltigheim,1
Castres,1
Fortaleza,1
São Paulo,1
Curitiba,1
Montréal,1
Lauro de Freitas,1
Çankaya,1
