name,visitors,bounce_rate,visit_duration
Direct / None,219912,57,135
google.com,147612,53,121
bing.com,34636,54,122
chatgpt.com,33070,63,126
cn.bing.com,16938,48,200
yandex.ru,6973,56,132
baidu.com/link,6643,48,201
search.brave.com,3061,55,111
docs.python.org,2798,56,93
youtube.com,1926,62,116
doubao.com,1856,58,180
duckduckgo.com,1619,55,91
so.com/link,1438,48,214
gemini.google.com,1345,65,111
link.csdn.net,1297,50,173
copilot.microsoft.com,1147,58,133
perplexity.ai,961,61,111
code.visualstudio.com,916,71,107
search.yahoo.com,868,48,149
claude.ai,710,66,90
in.search.yahoo.com,690,48,174
google.com.hk,666,46,122
ya.ru,586,55,145
github.com,575,68,58
search.naver.com,575,51,133
baidu.com,553,55,133
statics.teams.cdn.office.net,437,68,118
m.baidu.com,436,66,50
w3schools.com,430,51,113
coccoc.com/search,352,44,144
yandex.kz,319,58,139
android-app://com.google.android.googlequicksearchbox,316,36,124
qiita.com,297,47,166
netacad.com,273,64,131
link.zhihu.com,269,55,126
ecosia.org,268,56,89
pip.pypa.io/en/stable/installation,261,52,120
learn.microsoft.com,238,55,103
id.search.yahoo.com,233,50,219
github.com/hect0x7/JMComic-Crawler-Python,209,52,130
yandex.com.tr,207,52,110
github.com/AUTOMATIC1111/stable-diffusion-webui,197,71,152
google.ru,196,57,139
yandex.ru/search,183,61,124
pytorch.org,175,69,159
packaging.python.org/en/latest/tutorials/installing-packages,173,43,158
bing.com/search,166,42,193
sogou.com/link,166,51,158
github.com/cgohlke/win_arm64-wheels,153,78,128
yandex.by,141,52,156
classroom.google.com,136,68,140
peps.python.org,133,44,95
wiki.python.org,133,75,58
pypi.org,130,69,100
br.search.yahoo.com,128,54,103
yuanbao.tencent.com,127,47,257
python.uihtm.com,115,55,164
roadmap.sh,111,72,50
liaoxuefeng.com,110,75,86
python.jp,110,41,104
blog.naver.com/PostView.naver,109,50,223
geeksforgeeks.org,104,59,116
ai.google.dev,97,70,56
jianshu.com,97,81,48
freedidi.com,96,86,16
mx.search.yahoo.com,95,49,138
runoob.com,95,71,135
yandex.ru/clck/jsredir,89,55,90
fr.search.yahoo.com,87,49,122
github.com/megadose/toutatis,87,64,45
m.search.naver.com,87,36,74
google.co.uk,84,67,84
l.facebook.com,84,59,95
realpython.com,83,56,146
search.yahoo.co.jp,82,52,163
chat.baidu.com,77,58,165
l.messenger.com,75,57,197
qwant.com,73,53,103
sukkiri.jp/technologies/processors/python/python%E3%81%AE%E3%82%A4%E3%83%B3%E3%82%B9%E3%83%88%E3%83%BC%E3%83%AB%E6%96%B9%E6%B3%95windows%E7%B7%A8.html,72,42,72
dotiromoook.tistory.com/32,71,38,175
openclassrooms.com,71,47,139
tongyi.com,69,52,218
python.p2hp.com,68,63,135
vn.search.yahoo.com,68,46,148
udemy.com,67,74,86
co.search.yahoo.com,65,53,116
idle.org.cn,65,54,179
pythononlinecompiler.ru,64,85,61
pygame.org,63,57,70
web.telegram.org,62,65,62
devguide.python.org/versions,59,61,71
docs.platformio.org,57,61,142
ph.search.yahoo.com,57,61,136
online-python.com,55,64,65
pythonguis.com,55,54,79
scikit-learn.org,55,71,107
sky.pro,55,40,303
practicum.yandex.ru/blog/kak-ustanovit-python-na-kompyuter,54,33,180
blackbox.ai,53,78,52
blog.pyq.jp,53,34,226
mooc.fi,53,44,127
docs.reportlab.com,48,59,81
cnblogs.com,46,56,133
discuss.python.org,45,56,117
esphome.io,45,47,232
datacamp.com,44,61,142
127.0.0.1,43,55,266
cursos.alura.com.br,43,87,47
google.co.in,43,48,78
yandex.uz,43,46,190
lmarena.ai,42,61,125
chat.mistral.ai,41,54,65
pythoninsider.blogspot.com,41,78,179
app.aluracursos.com,40,78,104
es.search.yahoo.com,40,62,77
chat.z.ai,39,63,195
ntp.msn.com,39,66,44
open.hpi.de,39,48,226
practicum.yandex.ru,39,62,51
google.fr,38,39,181
ntp.msn.cn,38,62,111
aisearch.sogou.com/link,37,47,115
colab.research.google.com,37,75,95
skilladd.org/2025/08/26/39.%E9%BB%91%E8%8B%B9%E6%9E%9C%E5%AE%89%E8%A3%85%E9%A3%9F%E7%94%A8%E6%8C%87%E5%8D%97,37,70,97
tw.search.yahoo.com,37,49,213
uk.search.yahoo.com,37,61,192
classroom.its.ac.id,36,41,749
courses.edx.org,36,76,114
ithelp.ithome.com.tw,36,38,49
python.org.br,36,56,102
atmarkit.itmedia.co.jp/ait/articles/2510/15/news018.html,35,57,162
en.wikipedia.org,35,36,96
google.de,35,51,251
s3.eu-west-1.amazonaws.com,35,59,167
tr.search.yahoo.com,35,53,202
soroban.highreso.jp,34,85,89
blog.csdn.net/sensen_kiss/article/details/141940274,33,55,75
cloud.google.com,33,69,21
github.com/spotDL/spotify-downloader/blob/master/docs/installation.md,33,41,93
javadrive.jp,33,24,184
m.facebook.com,33,82,4
malaysia.search.yahoo.com,33,45,349
away.vk.com,32,62,107
enlacesnintricks.blogspot.com,32,73,32
w3school.com.cn,32,50,373
l.instagram.com,31,53,17
lms.ev.org.br,31,48,263
m.sogou.com,31,48,34
rivery.io,31,47,28
ca.search.yahoo.com,30,50,41
pythonworld.ru/osnovy/skachat-python.html,30,32,210
pyzo.org,30,23,214
instaloader.github.io,29,38,128
lms.human.ua,29,69,113
pe.search.yahoo.com,29,58,141
ru.wikipedia.org,29,52,89
codecademy.com,28,76,339
docs.espressif.com,28,72,32
droidwin.com,28,66,47
google.co.jp,28,48,87
de.search.yahoo.com,27,56,135
edu.mipt.ru,27,55,275
it.search.yahoo.com,27,41,68
metanit.com,27,57,170
nexusmods.com,27,82,119
ursinaengine.org,27,74,101
github.com/baihengaead/wifi-crack-tool,26,69,176
github.com/loxy0dev/RedTiger-Tools,26,43,428
pip.pypa.io,26,48,129
weel.co.jp,26,68,55
tongyi.com/qianwen,25,60,267
nz.ua,24,65,71
doc.courtbouillon.org,23,100,0
docs.google.com,23,68,337
endoflife.date,23,79,29
google.co.kr,23,48,44
docs.pingcode.com,22,59,147
docstring.fr,22,54,173
gradio.app,22,59,58
m.so.com/s,22,18,406
mail.google.com,22,73,79
randomnerdtutorials.com,22,59,125
theforage.com,22,77,19
ar.search.yahoo.com,21,50,24
codelv.com,21,71,110
coderivers.org,21,81,30
docs.qq.com,21,81,85
drive2.ru,21,43,158
gist.github.com,21,52,187
github.com/guaguastandup/zotero-pdf2zh,21,50,118
lm.facebook.com,21,76,16
login.microsoftonline.com,21,50,186
migra.pl,21,76,134
oregoom.com,21,71,70
edu.sirius.online,20,61,18
gall.dcinside.com/mgallery/board/view,20,60,96
github.com/samsulpanjul/umamusume-auto-train,20,48,152
google.com.vn,20,55,30
py4e.com,20,73,106
172.17.106.232,19,38,682
blog.python.org,19,42,141
cn.bing.com/search,19,45,495
cs50.readthedocs.io/python,19,70,4
edube.org/learn/pe-1/begin-your-python-journey-22,19,68,121
google.it,19,60,71
internet-start.net,19,30,231
pythonjobshq.com,19,62,101
tutorialspoint.com,19,60,75
4pda.to,18,63,463
ai-kenkyujo.com,18,22,178
asreview.nl,18,84,61
belajarpython.com,18,44,337
edu.livedigital.space,18,63,55
github.com/cgohlke/geospatial-wheels,18,85,65
github.com/xxreflextheone/AI-Aimbot,18,61,112
google.com.br,18,68,115
google.pl,18,63,185
pythontest.com,18,39,35
romptn.com/article/5211,18,83,96
sites.google.com,18,60,88
yuque.com,18,50,218
canlidovizfiyatlari.com,17,47,43
gamebanana.com,17,53,57
github.com/CPScript/Kitty-Tools,17,60,49
google.ca,17,72,169
link.juejin.cn,17,53,116
mkdocs.org,17,41,20
pl.search.yahoo.com,17,55,71
python-public-policy.afeld.me/en/nyu/lecture_0.html,17,52,300
towardsdatascience.com,17,44,199
confluence.oraclecorp.com,16,75,69
gitee.com,16,56,243
github.com/jackfrued/Python-100-Days/blob/master/Day01-20/01.%E5%88%9D%E8%AF%86Python.md,16,65,64
github.com/nrxss/Perfect-Circle,16,69,82
hoctructuyen.top,16,56,222
learn.kodland.org,16,65,173
n.cn,16,25,470
odoo.com,16,81,38
rapidseedbox.com/blog/qbittorrent-search-plugins,16,50,31
steamcommunity.com,16,81,5
topdev.vn,16,50,181
wv31mo2g7qc.feishu.cn,16,50,74
amuletmc.com,15,25,73
automatetheboringstuff.com,15,53,137
badcaps.net,15,80,91
campus107.unad.edu.co,15,73,92
cgohlke.com,15,73,234
chat.chatbot.app,15,47,145
freecodecamp.org/news/the-python-handbook,15,27,201
manaba.lms.tokushima-u.ac.jp,15,53,398
sejuku.net,15,31,64
android-app://com.google.android.gm,14,53,84
cocalc.com,14,86,14
docs.zephyrproject.org,14,57,115
github.com/KRSHH/Sonosano,14,57,96
ima.qq.com,14,57,78
it-connect.fr,14,73,112
itproger.com,14,57,204
manus.im,14,93,7
music21.org,14,80,11
packaging.python.org,14,57,82
pymacrorecord.com,14,86,55
pythongeeks.org,14,56,116
quantrimang.com,14,71,108
sysnettechsolutions.com/en/fix-python-win32api-virtualbox,14,71,30
teams.wal-mart.com,14,64,51
tutorial.djangogirls.org,14,64,150
alice.yandex.ru,13,46,157
bezstruje.com,13,100,0
cloud.tencent.com/developer/tools/blog-entry,13,54,314
digitalocean.com,13,69,150
docs.streamlit.io,13,77,102
google.ch,13,62,219
google.com.au,13,69,44
modules.lancaster.ac.uk,13,73,152
moodle.inp-toulouse.fr,13,53,213
mosoteach.cn,13,54,70
newsuk1.com,13,62,115
python-lernen.de,13,46,204
pythondh.ktalk.ru,13,73,10
raspberrytips.com,13,31,39
skillbox.ru,13,31,156
source.android.com,13,38,40
virtualenv.pypa.io/en/latest/installation.html,13,62,63
vocus.cc,13,38,261
yandex.com,13,69,78
app.peardeck.com,12,100,0
assignments.onenote.com,12,62,266
developer.mozilla.org,12,67,24
gammasoft.jp,12,67,84
github.com/Asabeneh/30-Days-Of-Python/blob/master/readme.md,12,17,75
github.com/Denishnc/b0mb3r,12,54,152
github.com/cgohlke/numpy-mkl-wheels,12,62,106
github.com/doncezart/TIBOT,12,77,10
google.co.id,12,100,0
google.com.mx,12,69,56
google.com.tr,12,67,32
google.es,12,67,216
lms.skillfactory.ru,12,46,125
mail.ru,12,58,91
