property,value,visitors,events,percentage
url,(none),3889,19919,99.8
url,https://www.python.org/,35,47,0.9
url,https://peps.python.org/pep-0693/,4,4,0.1
url,https://wiki.python.org/moin/BeginnersGuide,4,4,0.1
url,https://www.sphinx-doc.org/,4,8,0.1
url,https://pypi.org/,3,3,0.1
url,https://www.python.org/doc/versions/,3,3,0.1
url,https://www.python.org/psf/donations/,3,7,0.1
url,https://www.tkdocs.com/shipman/,3,6,0.1
url,https://devguide.python.org/,2,2,0.1
url,https://github.com/python/cpython/blob/main/Doc/howto/logging.rst,2,2,0.1
url,https://github.com/python/cpython/tree/3.12/Include/patchlevel.h,2,2,0.1
url,https://github.com/python/cpython/tree/3.12/Lib/idlelib,2,2,0.1
url,https://github.com/python/cpython/tree/3.12/Lib/idlelib/,2,2,0.1
url,https://groups.google.com/g/comp.lang.python,2,6,0.1
url,https://manpages.debian.org/recv(2),2,2,0.1
url,https://mypy.readthedocs.io/en/stable/cheat_sheet_py3.html,2,2,0.1
url,https://datatracker.ietf.org/doc/html/rfc3339.html,1,6,0.0
url,https://datatracker.ietf.org/doc/html/rfc7301.html,1,1,0.0
url,https://docs.openssl.org/master/man1/ciphers/,1,1,0.0
url,https://en.wikipedia.org/wiki/Cursor_(databases),1,1,0.0
url,https://github.com/python/cpython/blob/main/Doc/library/pathlib.rst,1,1,0.0
url,https://github.com/python/cpython/blob/main/Doc/reference/index.rst,1,1,0.0
url,https://github.com/python/cpython/issues/92584,1,1,0.0
url,https://github.com/python/cpython/tree/3.12/Lib/asyncio/,1,1,0.0
url,https://github.com/python/cpython/tree/3.12/Lib/asyncio/coroutines.py,1,1,0.0
url,https://github.com/python/cpython/tree/3.12/Lib/datetime.py,1,1,0.0
url,https://github.com/python/cpython/tree/3.12/Lib/platform.py,1,1,0.0
url,https://github.com/python/cpython/tree/3.12/Lib/subprocess.py,1,3,0.0
url,https://github.com/python/cpython/tree/3.12/Lib/telnetlib.py,1,1,0.0
url,https://github.com/python/cpython/tree/3.12/Lib/tkinter/ttk.py,1,1,0.0
url,https://github.com/python/cpython/tree/3.12/Lib/venv/,1,1,0.0
url,https://github.com/python/cpython/tree/3.12/Modules/_xxsubinterpretersmodule.c,1,1,0.0
url,https://learn.microsoft.com/windows-server/administration/windows-commands/set_1,1,1,0.0
url,https://nedbatchelder.com/text/unipain.html,1,1,0.0
url,https://packaging.python.org/,1,1,0.0
url,https://packaging.python.org/en/latest/glossary/#term-Distribution-Package,1,1,0.0
url,https://packaging.python.org/en/latest/specifications/platform-compatibility-tags/#macos,1,3,0.0
url,https://packaging.python.org/en/latest/tutorials/installing-packages/#ensure-pip-setuptools-and-wheel-are-up-to-date,1,1,0.0
url,https://packaging.python.org/en/latest/tutorials/packaging-projects/,1,1,0.0
url,https://packaging.python.org/installing/#requirements-for-installing-packages,1,2,0.0
url,https://packaging.python.org/science/,1,1,0.0
url,https://parso.readthedocs.io/,1,1,0.0
url,https://peps.python.org/,1,1,0.0
url,https://peps.python.org/pep-0008/,1,1,0.0
url,https://peps.python.org/pep-0011/,1,1,0.0
url,https://peps.python.org/pep-0318/,1,1,0.0
url,https://peps.python.org/pep-0342/,1,1,0.0
url,https://peps.python.org/pep-0362/,1,1,0.0
url,https://peps.python.org/pep-0397/,1,1,0.0
url,https://peps.python.org/pep-0492/,1,1,0.0
url,https://peps.python.org/pep-0526/,1,1,0.0
url,https://peps.python.org/pep-0567/,1,1,0.0
url,https://peps.python.org/pep-0572/,1,1,0.0
url,https://peps.python.org/pep-0594/#msilib,1,1,0.0
url,https://peps.python.org/pep-0612/,1,1,0.0
url,https://peps.python.org/pep-0636/,1,1,0.0
url,https://peps.python.org/pep-0647/,1,1,0.0
url,https://peps.python.org/pep-0695/,1,1,0.0
url,https://peps.python.org/pep-0698/,1,1,0.0
url,https://peps.python.org/pep-0701/,1,1,0.0
url,https://peps.python.org/pep-3119/,1,1,0.0
url,https://peps.python.org/pep-3129/,1,1,0.0
url,https://pypi.org/project/tomli-w/,1,2,0.0
url,https://pypi.org/project/tomlkit/,1,3,0.0
url,https://pypi.org/project/tzdata/,1,1,0.0
url,https://requests.readthedocs.io/en/master/,1,1,0.0
url,https://tkdocs.com/,1,1,0.0
url,https://tkdocs.com/book.html,1,1,0.0
url,https://typing.python.org/en/latest/,1,1,0.0
url,https://wiki.python.org/moin/PythonBooks,1,1,0.0
url,https://www.hashcollision.org/hkn/python/idle_intro/index.html,1,1,0.0
url,https://www.jython.org/,1,1,0.0
url,https://www.python.org/downloads/macos/,1,1,0.0
url,https://www.tcl.tk/man/tcl8.6/TkCmd/contents.htm,1,1,0.0
url,https://www.unicode.org/versions/Unicode15.0.0/ch03.pdf,1,1,0.0
