name,visitors,bounce_rate,visit_duration
Direct / None,4670,58,289
Google,1349,73,198
Bing,1302,68,174
Baidu,575,74,116
python.org,175,0,525
link.zhihu.com,72,48,162
link.csdn.net,62,65,132
chatgpt.com,44,52,271
python.p2hp.com,30,0,641
doubao.com,24,18,369
runoob.com,24,17,385
360.cn,22,88,166
blog.csdn.net,20,61,264
educoder.net,17,83,3
yuanbao.tencent.com,16,33,456
chat.baidu.com,12,33,516
ntp.msn.cn,10,36,84
wenxiaobai.com,9,33,168
Sogou,7,50,126
cnblogs.com,7,100,0
m.so.com,7,67,179
nodeseek.com,7,57,11
GitHub,6,33,190
iclass.tku.edu.tw,6,100,0
ask.csdn.net,5,80,13
oi-wiki.org,5,100,0
tongyi.aliyun.com,5,50,281
tutorial.helloflask.com,5,80,4
acwing.com,4,50,250
byhy.net,4,0,102
c.biancheng.net,4,50,37
courses.zju.edu.cn,4,75,0
fastapi.tiangolo.com,4,100,0
liaoxuefeng.com,4,0,1292
link.juejin.cn,4,0,848
yuque.com,4,40,2006
Shenma,3,33,87
cs50.harvard.edu,3,0,1291
web.shanbay.com,3,100,0
127.0.0.1,2,100,0
5566.org,2,67,4
DuckDuckGo,2,100,4
aidoczh.com,2,50,72
aliyuque.antfin.com,2,0,916
blog.51cto.com,2,100,16
bot.n.cn,2,100,28
csdn.net,2,100,0
developer.mozilla.org,2,0,50
gcn4sk03ztjz.feishu.cn,2,100,0
heeee.com,2,0,56
infinitrader.quantdo.com.cn,2,100,0
learnku.com,2,50,2
momodel.cn,2,100,0
notebooks.githubusercontent.com,2,0,820
nowcoder.com,2,100,0
oc.sjtu.edu.cn,2,100,0
peps.python.org,2,0,13
poe.com,2,100,10
quark.cn,2,100,8
quickref.cn,2,0,885
sspai.com,2,100,0
static.oschina.net,2,0,766
time.geekbang.org,2,50,441
v2download.com,2,50,60
wiki.python.org,2,0,598
wlhmbop707.feishu.cn,2,0,1107
yuketang.cn,2,100,0
zhihu.com,2,50,675
10.11.2.141,1,100,0
10.35.100.3,1,100,0
172.20.48.11,1,100,0
172.22.112.234,1,0,5
6.65.233.1,1,100,0
Yahoo!,1,0,80
Yandex,1,100,0
ai.dangbei.com,1,0,1247
baike.baidu.com,1,0,148
bohrium.dp.tech,1,0,14
cd.xrnm.xyz,1,100,0
chat.qwen.ai,1,0,769
chat.qwenlm.ai,1,100,0
chat.ustc.edu.cn,1,0,2092
chat18.aichatosgg.com,1,0,2757
cloud.siliconflow.cn,1,0,48
cloud.tencent.com,1,0,1272
code.visualstudio.com,1,0,7
codelove.tw,1,0,1912
codemao.yuque.com,1,100,0
coderutil.com,1,100,0
confluence.armchina.com,1,100,0
copilot.wps.cn,1,0,149
coze.cn,1,100,0
csdiy.wiki,1,0,11
cuiqingcai.com,1,0,6
developer.aliyun.com,1,0,7
docs.pytest.org,1,0,19
eclass.puiching.edu.mo,1,100,0
editor.csdn.net,1,100,0
edu.py2fun.com,1,100,0
flask-restx.readthedocs.io,1,0,0
gaodun.pypypy.cn,1,100,0
gcn8bwuzh44d.feishu.cn,1,100,0
graia.cn,1,100,0
healthgpt.paic.com.cn,1,100,0
hnka6e70ds.feishu.cn,1,100,0
il6pr702sp.feishu.cn,1,0,5543
jianshu.com,1,0,294
juejin.cn,1,100,0
kivy.org,1,0,17
lanz.hikvision.com,1,0,8
learn.intl.zju.edu.cn,1,0,4426
learn.nvidia.com,1,0,7
learning.anaconda.cloud,1,0,31
leopard-x.memofun.net,1,100,0
lidihuo.com,1,0,914
lixiaolai.com,1,0,93
loguru.readthedocs.io,1,0,0
luyf-lemon-love.space,1,0,12
microsoft.github.io,1,100,0
mind.langcore.cn,1,100,0
mp.csdn.net,1,100,0
mvig-rhos.gitbook.io,1,100,0
n.cn,1,0,95
networkx.org,1,0,63
neu-nex.fun,1,100,0
nio.feishu.cn,1,0,21
notion.so,1,100,0
npmjs.com,1,0,82
opentelemetry-python.readthedocs.io,1,0,1121
oschina.net,1,0,10
packaging.python.org,1,0,186
pkuschool.yuque.com,1,100,0
py24.fr.to,1,0,19
pypi.org,1,0,25
qnx.com,1,0,521
ref.laoleng.vip,1,0,32
roadmap.sh,1,0,1570
scapy.readthedocs.io,1,0,316
scikit-learn.org,1,0,22
scnx6tmmuqqt.feishu.cn,1,100,0
showmeai.tech,1,0,173
spiderbox.cn,1,0,39
testingpai.com,1,0,3772
tour.d111kc.top,1,100,0
treehole.pku.edu.cn,1,0,318
udemy.com,1,0,961
w3.huawei.com,1,0,30
wiki.freecad.org,1,0,74
xcnirsqikufi.feishu.cn,1,100,0
xie.infoq.cn,1,0,8
xue8nav.com,1,100,0
z2pack.greschd.ch,1,0,5
zpabgpxwebfu.labs.coursera.org,1,0,209
