name,unique_exits,total_exits,exit_rate
/es/3/tutorial/,492,509,
/es/3/tutorial/interpreter.html,119,122,
/es/3/tutorial/introduction.html,116,125,
/es/3/tutorial/index.html,112,117,
/es/3.15/using/windows.html,101,105,
/es/3/library/tkinter.html,95,99,
/es/3/tutorial/datastructures.html,83,86,
/es/3/tutorial/controlflow.html,74,79,
/es/3/tutorial/appetite.html,72,77,
/dev/using/windows.html,65,66,
/es/3/library/index.html,65,71,
/es/3/tutorial/classes.html,51,53,
/es/3.14/tutorial/index.html,50,51,
/es/3/library/idle.html,50,51,
/es/3/tutorial/venv.html,45,48,
/es/3.14/,42,43,
/es/3.14/library/functions.html,39,45,
/es/3/library/functions.html,39,43,
/es/3/,37,38,
/es/3/tutorial/errors.html,37,40,
/es/3.13/library/tkinter.html,35,37,
/es/3/library/stdtypes.html,32,37,
/es/3.13/tutorial/index.html,28,28,
/es/3/installing/index.html,27,27,
/3/,26,26,
/es/3.14/library/stdtypes.html,25,27,
/es/3/library/csv.html,24,25,
/es/3/library/argparse.html,23,24,
/es/3/library/math.html,23,23,
/es/3.13/tutorial/datastructures.html,22,22,
/es/3/search.html,22,23,
/es/3.13/tutorial/venv.html,21,22,
/es/3.14/search.html,21,21,
/es/3.14/tutorial/interpreter.html,21,20,
/es/3.14/tutorial/introduction.html,21,22,
/es/3.13/library/functions.html,20,21,
/es/3/library/string.html,20,21,
/es/3/tutorial/inputoutput.html,20,20,
/es/3.14/library/index.html,19,19,
/es/3/howto/regex.html,19,20,
/es/3.13/library/datetime.html,17,17,
/es/3/glossary.html,17,17,
/es/3/library/json.html,17,18,
/es/3.13/library/stdtypes.html,16,16,
/es/3/library/exceptions.html,16,17,
/es/3/tutorial/modules.html,16,18,
/es/3/library/random.html,15,15,
/es/3/library/re.html,15,15,
/es/3.13/library/re.html,14,14,
/es/3/library/asyncio.html,14,15,
/es/3/library/venv.html,14,14,
/es/3.14/tutorial/appetite.html,13,13,
/es/3/using/windows.html,13,13,
/es/3.13/library/index.html,12,12,
/es/3.13/tutorial/classes.html,12,12,
/es/3.14/tutorial/controlflow.html,12,12,
/es/3/library/datetime.html,12,12,
/es/3/library/shutil.html,12,12,
/es/3/library/sqlite3.html,12,12,
/es/3/using/cmdline.html,12,12,
/3/library/functions.html,11,11,
/es/3.13/tutorial/introduction.html,11,10,
/es/3.14/using/windows.html,11,14,
/es/3/library/pathlib.html,11,11,
/es/3.13/library/idle.html,10,10,
/es/3.13/tutorial/inputoutput.html,10,10,
/es/3/library/statistics.html,10,10,
/es/3/library/subprocess.html,10,11,
/es/3/library/tkinter.ttk.html,10,10,
/es/3/reference/import.html,10,10,
/3.14/,9,9,
/3/library/tkinter.html,9,8,
/es/3.12/tutorial/index.html,9,9,
/es/3.13/library/tk.html,9,9,
/es/3.14/tutorial/,9,10,
/es/3/contents.html,9,9,
/3/tutorial/datastructures.html,8,8,
/es/3.13/installing/,8,8,
/es/3.13/tutorial/controlflow.html,8,8,
/es/3.14/library/random.html,8,7,
/es/3.14/library/tkinter.html,8,8,
/es/3.14/tutorial/classes.html,8,9,
/es/3/howto/argparse.html,8,8,
/es/3/reference/compound_stmts.html,8,8,
/3/tutorial/index.html,7,7,
/es/3.13/library/array.html,7,7,
/es/3.13/library/string.html,7,8,
/es/3.13/tutorial/errors.html,7,7,
/es/3.13/tutorial/modules.html,7,7,
/es/3.14/reference/index.html,7,7,
/es/3.14/whatsnew/3.14.html,7,7,
/es/3/howto/sorting.html,7,7,
/es/3/library/difflib.html,7,7,
/es/3/library/pickle.html,7,6,
/es/3/library/turtle.html,7,7,
/es/3/library/typing.html,7,7,
/es/3/library/urllib.parse.html,7,7,
/es/3/tutorial/appendix.html,7,7,
/es/dev/copyright.html,7,7,
/3.14/using/windows.html,6,6,
