name,unique_entrances,total_entrances,visit_duration
/pt-br/3/,120,121,164
/pt-br/3.13/tutorial/index.html,118,120,153
/3/,102,104,319
/pt-br/3/tutorial/index.html,83,85,193
/pt-br/3.13/library/index.html,61,64,222
/pt-br/3.13/library/venv.html,61,63,127
/pt-br/3.13/tutorial/datastructures.html,50,54,196
/pt-br/3/library/stdtypes.html,42,47,39
/pt-br/3.13/library/tkinter.html,39,40,56
/pt-br/3.13/library/functions.html,38,42,284
/pt-br/3.13/library/math.html,36,42,253
/pt-br/3.13/,30,31,265
/pt-br/3.13/library/random.html,28,29,4
/pt-br/3.13/search.html,26,28,47
/3/library/tkinter.html,25,26,446
/pt-br/3/tutorial/controlflow.html,24,26,234
/pt-br/3.13/library/string.html,23,23,127
/pt-br/3.13/tutorial/classes.html,22,22,112
/pt-br/3.13/tutorial/interpreter.html,22,25,205
/pt-br/3/tutorial/,22,22,34
/pt-br/3.13/library/turtle.html,20,20,212
/pt-br/3.13/tutorial/introduction.html,20,22,47
/pt-br/3.13/library/stdtypes.html,19,23,110
/pt-br/3/tutorial/datastructures.html,18,19,0
/pt-br/3.13/library/re.html,17,17,3
/pt-br/3.13/using/windows.html,17,17,5
/pt-br/3/library/math.html,16,16,9
/pt-br/3.13/tutorial/appetite.html,15,15,80
/pt-br/3/library/csv.html,15,15,0
/pt-br/3/library/venv.html,15,16,71
/pt-br/3/tutorial/modules.html,15,17,81
/3.13/,14,14,350
/pt-br/dev/reference/import.html,14,15,3
/pt-br/3/tutorial/inputoutput.html,13,13,195
/pt-br/dev/library/venv.html,13,13,22
/pt-br/3.13/faq/windows.html,12,12,258
/pt-br/3.13/tutorial/controlflow.html,12,13,146
/pt-br/3/search.html,12,13,89
/pt-br/3.13/library/zipfile.html,11,11,106
/pt-br/3.13/tutorial/inputoutput.html,11,11,239
/pt-br/3/library/shutil.html,11,11,3
/pt-br/3/tutorial/classes.html,11,12,107
/pt-br/3/tutorial/interpreter.html,11,11,89
/pt-br/dev/library/zlib.html,11,11,1
/3/library/functions.html,10,10,31
/3/library/venv.html,10,10,114
/pt-br/3.13/library/dataclasses.html,10,10,0
/pt-br/3.13/library/datetime.html,10,10,0
/pt-br/3.13/tutorial/errors.html,10,10,67
/pt-br/3.13/tutorial/modules.html,10,10,192
/pt-br/3/howto/sockets.html,10,10,263
/pt-br/3/library/functions.html,10,10,108
/pt-br/3/library/os.html,10,10,11
/pt-br/3/library/random.html,10,10,0
/pt-br/3/library/index.html,9,9,218
/pt-br/3/tutorial/appetite.html,9,9,21
/pt-br/3/tutorial/introduction.html,9,9,11
/3.13/tutorial/index.html,8,8,336
/3/library/index.html,8,8,953
/3/tutorial/index.html,8,8,48
/pt-br/3.13/howto/logging.html,8,8,0
/pt-br/3.13/library/statistics.html,8,8,0
/pt-br/3/library/unittest.html,8,8,396
/pt-br/3/using/android.html,8,8,9
/pt-br/3/using/cmdline.html,8,9,739
/pt-br/dev/tutorial/datastructures.html,8,8,99
/3/search.html,7,7,41
/pt-br/3.13/glossary.html,7,7,215
/pt-br/3.13/library/pickle.html,7,7,0
/pt-br/3.13/library/tk.html,7,7,199
/pt-br/dev/library/statistics.html,7,7,71
/3/py-modindex.html,6,6,210
/pt-br/dev/howto/regex.html,6,7,0
/3/library/stdtypes.html,5,5,276
/3/reference/index.html,5,5,3832
/pt-br/3.13/contents.html,5,5,375
/pt-br/3.13/library/csv.html,5,5,20
/pt-br/3.13/library/pathlib.html,5,5,321
/pt-br/3.13/reference/compound_stmts.html,5,5,0
/pt-br/3.13/whatsnew/3.13.html,5,5,33
/pt-br/3/download.html,5,5,90
/pt-br/3/library/,5,5,5
/pt-br/3/library/exceptions.html,5,6,0
/pt-br/3/library/string.html,5,5,58
/pt-br/3/tutorial/venv.html,5,5,0
/pt-br/dev/library/calendar.html,5,5,165
/pt-br/dev/library/tkinter.html,5,5,0
/pt-br/dev/library/tkinter.messagebox.html,5,5,674
/3/download.html,4,4,0
/3/library/argparse.html,4,4,760
/3/library/datetime.html,4,4,681
/pt-br/3.13/c-api/set.html,4,4,20
/pt-br/3.13/howto/sockets.html,4,4,216
/pt-br/3.13/library/exceptions.html,4,6,71
/pt-br/3.13/tutorial/,4,6,129
/pt-br/3.13/tutorial/venv.html,4,4,49
/pt-br/3/contents.html,4,6,2
/pt-br/3/glossary.html,4,4,211
/pt-br/3/library/typing.html,4,4,0
/pt-br/3/tutorial/floatingpoint.html,4,4,0
/pt-br/dev/howto/sorting.html,4,5,0
/3.15/,3,3,351
/3/library/asyncio.html,3,3,26
/3/library/csv.html,3,3,361
/3/library/dataclasses.html,3,3,489
/3/library/idle.html,3,3,207
/3/library/json.html,3,3,206
/3/library/math.html,3,4,1094
/3/library/os.html,3,3,69
/3/library/re.html,3,3,166
/3/library/tk.html,3,3,105
/3/tutorial/datastructures.html,3,3,86
/3/tutorial/errors.html,3,3,697
/pt-br/3.12/howto/regex.html,3,3,0
/pt-br/3.12/tutorial/,3,3,0
/pt-br/3.13/c-api/index.html,3,3,230
/pt-br/3.13/library/__main__.html,3,3,0
/pt-br/3.13/library/intro.html,3,3,2
/pt-br/3.13/library/os.html,3,3,37
/pt-br/3.13/library/pydoc.html,3,3,1709
/pt-br/3.13/library/sys.html,3,3,0
/pt-br/3.13/library/time.html,3,3,163
/pt-br/3.13/library/tkinter.ttk.html,3,5,7
/pt-br/3/howto/enum.html,3,3,42
/pt-br/3/library/datetime.html,3,3,494
/pt-br/3/library/re.html,3,3,0
/pt-br/3/library/tkinter.html,3,3,8
/pt-br/3/library/turtle.html,3,3,0
/pt-br/3/reference/import.html,3,3,0
/pt-br/3/tutorial/stdlib.html,3,3,0
/pt-br/3/whatsnew/3.13.html,3,3,0
/pt-br/dev/library/heapq.html,3,3,0
/pt-br/dev/library/pdb.html,3,3,2
/pt-br/dev/library/unittest.html,3,3,23
/3.12/,2,2,516
/3.13/index.html,2,2,304
/3.13/using/windows.html,2,2,744
/3.15/tutorial/appetite.html,2,2,18
/3/contents.html,2,2,248
/3/faq/,2,2,687
/3/library/array.html,2,2,410
/3/library/exceptions.html,2,2,210
/3/library/string.html,2,2,1768
/3/library/tkinter.ttk.html,2,2,260
/3/library/typing.html,2,2,79
/3/library/xml.etree.elementtree.html,2,2,2
/3/tutorial/,2,2,127
/3/tutorial/controlflow.html,2,2,816
/dev/using/windows.html,2,2,12
/pt-br/3.12/tutorial/appetite.html,2,2,17
/pt-br/3.13/genindex.html,2,2,3
/pt-br/3.13/howto/sorting.html,2,2,0
/pt-br/3.13/index.html,2,2,47
/pt-br/3.13/installing/index.html,2,2,1050
/pt-br/3.13/library/argparse.html,2,2,0
/pt-br/3.13/library/asyncio-eventloop.html,2,3,289
/pt-br/3.13/library/constants.html,2,2,2
/pt-br/3.13/library/copy.html,2,2,0
/pt-br/3.13/library/decimal.html,2,2,0
/pt-br/3.13/library/idle.html,2,2,0
/pt-br/3.13/library/json.html,2,2,836
/pt-br/3.13/library/numeric.html,2,2,0
/pt-br/3.13/library/os.path.html,2,2,0
/pt-br/3.13/library/secrets.html,2,2,0
/pt-br/3.13/library/subprocess.html,2,2,0
/pt-br/3.13/library/unittest.mock-examples.html,2,4,0
/pt-br/3.13/library/urllib.html,2,2,72
/pt-br/3.13/reference/datamodel.html,2,2,0
/pt-br/3.13/tutorial/appendix.html,2,2,0
/pt-br/3.13/using/index.html,2,2,5
/pt-br/3.14/glossary.html,2,2,624
/pt-br/3.14/library/typing.html,2,3,3952
/pt-br/3.15/library/stdtypes.html,2,2,1422
/pt-br/3.15/library/webbrowser.html,2,2,0
/pt-br/3.15/tutorial/introduction.html,2,2,1722
/pt-br/3/genindex.html,2,2,56
/pt-br/3/howto/logging.html,2,2,0
/pt-br/3/installing/index.html,2,2,0
/pt-br/3/library/abc.html,2,2,30
/pt-br/3/library/array.html,2,2,0
/pt-br/3/library/idle.html,2,2,48
/pt-br/3/library/itertools.html,2,2,0
/pt-br/3/library/operator.html,2,2,0
/pt-br/3/library/tk.html,2,2,18
/pt-br/3/library/trace.html,2,2,0
/pt-br/3/reference/compound_stmts.html,2,2,708
/pt-br/3/reference/introduction.html,2,2,3660
/pt-br/3/tutorial/errors.html,2,2,0
/pt-br/3/using/windows.html,2,2,0
/pt-br/dev/howto/logging.html,2,3,172
/pt-br/dev/library/functions.html,2,2,0
/pt-br/dev/library/re.html,2,2,0
/pt-br/dev/library/timeit.html,2,2,0
/pt-br/dev/library/types.html,2,2,0
/pt-br/dev/search.html,2,2,13
/pt-br/dev/using/ios.html,2,2,0
/3.12/tutorial/index.html,1,1,44
/3.12/whatsnew/3.12.html,1,1,508
/3.13/contents.html,1,1,938
/3.13/genindex.html,1,1,554
/3.13/library/math.html,1,1,4511
/3.13/library/tkinter.ttk.html,1,1,35
/3.13/library/typing.html,1,2,7601
/3.13/py-modindex.html,1,1,582
/3.13/tutorial/,1,1,653
/3.13/tutorial/appetite.html,1,1,19
/3.13/tutorial/introduction.html,1,1,0
/3.14/,1,1,30
/3/c-api/conversion.html,1,1,4502
/3/c-api/set.html,1,1,5
/3/faq/general.html,1,1,1136
/3/faq/library.html,1,1,4245
/3/howto/descriptor.html,1,1,1122
/3/howto/logging.html,1,1,1854
/3/index.html,1,1,2898
/3/installing/index.html,1,1,98
/3/library/__main__.html,1,1,31
/3/library/abc.html,1,1,1176
/3/library/cgi.html,1,1,56
/3/library/cgitb.html,1,1,57
/3/library/collections.html,1,1,9
/3/library/constants.html,1,1,0
/3/library/ctypes.html,1,1,12
/3/library/difflib.html,1,1,4
/3/library/doctest.html,1,1,232
/3/library/filesys.html,1,1,1268
/3/library/glob.html,1,1,1206
/3/library/heapq.html,1,1,16
/3/library/logging.config.html,1,1,82
/3/library/logging.html,1,1,240
/3/library/os.path.html,1,1,3
/3/library/pathlib.html,1,1,230
/3/library/pipes.html,1,1,276
/3/library/random.html,1,1,54
/3/library/shutil.html,1,1,0
/3/library/socket.html,1,1,1536
/3/library/statistics.html,1,1,4240
/3/library/struct.html,1,1,1467
/3/library/sys.html,1,1,9
/3/library/time.html,1,1,548
/3/library/timeit.html,1,1,56
/3/library/turtle.html,1,1,5
/3/library/urllib.html,1,1,73
/3/library/winsound.html,1,1,5
/3/library/xmlrpc.server.html,1,1,0
/3/library/zipfile.html,1,1,1763
/3/reference/grammar.html,1,1,129
/3/tutorial/appetite.html,1,1,49
/3/tutorial/classes.html,1,1,1427
/3/tutorial/interpreter.html,1,1,28
/3/tutorial/modules.html,1,1,0
/3/whatsnew/2.3.html,1,1,62
/3/whatsnew/index.html,1,1,0
/dev/,1,1,36
/ko/3/library/stdtypes.html,1,1,2374
/pl/3.13/library/csv.html,1,1,0
/pt-br/3.12/,1,1,51
/pt-br/3.12/faq/general.html,1,1,0
/pt-br/3.12/library/imp.html,1,1,0
/pt-br/3.12/library/index.html,1,1,6
/pt-br/3.13/bugs.html,1,1,65
/pt-br/3.13/c-api/exceptions.html,1,1,0
/pt-br/3.13/c-api/tuple.html,1,1,0
/pt-br/3.13/download.html,1,1,69
/pt-br/3.13/faq/,1,1,36
/pt-br/3.13/faq/general.html,1,1,0
/pt-br/3.13/library/,1,1,0
/pt-br/3.13/library/array.html,1,1,0
/pt-br/3.13/library/ast.html,1,1,887
/pt-br/3.13/library/asyncio-policy.html,1,1,0
/pt-br/3.13/library/asyncio-protocol.html,1,1,0
/pt-br/3.13/library/asyncio-task.html,1,1,35
/pt-br/3.13/library/atexit.html,1,1,125
/pt-br/3.13/library/binascii.html,1,1,0
/pt-br/3.13/library/calendar.html,1,1,0
/pt-br/3.13/library/compileall.html,1,1,0
/pt-br/3.13/library/concurrency.html,1,1,0
/pt-br/3.13/library/concurrent.futures.html,1,1,0
/pt-br/3.13/library/configparser.html,1,1,31
/pt-br/3.13/library/datatypes.html,1,1,0
/pt-br/3.13/library/email.errors.html,1,1,0
/pt-br/3.13/library/email.html,1,1,24
/pt-br/3.13/library/getpass.html,1,1,0
/pt-br/3.13/library/graphlib.html,1,1,0
/pt-br/3.13/library/hashlib.html,1,1,2
/pt-br/3.13/library/http.client.html,1,1,0
/pt-br/3.13/library/http.server.html,1,1,0
/pt-br/3.13/library/importlib.html,1,1,0
/pt-br/3.13/library/io.html,1,1,638
/pt-br/3.13/library/ipc.html,1,1,0
/pt-br/3.13/library/language.html,1,1,0
/pt-br/3.13/library/logging.html,1,1,0
/pt-br/3.13/library/multiprocessing.html,1,1,0
/pt-br/3.13/library/operator.html,1,1,0
/pt-br/3.13/library/security_warnings.html,1,1,0
/pt-br/3.13/library/sqlite3.html,1,1,0
/pt-br/3.13/library/sys_path_init.html,1,1,0
/pt-br/3.13/library/text.html,1,1,0
/pt-br/3.13/library/textwrap.html,1,1,44
/pt-br/3.13/library/tkinter.scrolledtext.html,1,1,0
