name,unique_entrances,total_entrances,visit_duration
/downloads/,213599,222907,142
/,153950,159094,131
/downloads/windows/,43268,44664,113
/downloads/release/python-3140/,26786,27272,129
/downloads/macos/,5757,5835,77
/downloads/release/python-3925/,5569,5617,167
/about/gettingstarted/,5187,5278,85
/downloads/release/python-3139/,4850,4928,108
/downloads/release/python-3120/,4735,4849,108
/downloads/release/python-3110/,4508,4617,117
/search/,3998,4041,161
/downloads/release/python-3100/,3527,3610,117
/downloads/release/python-3119/,3253,3364,91
/doc/,2996,3051,99
/downloads/release/pymanager-250/,2620,2678,135
/downloads/release/python-3130/,2321,2364,124
/downloads/release/python-31011/,2091,2155,103
/downloads/release/python-3135/,1974,2000,115
/downloads/source/,1699,1745,116
/downloads/release/python-31212/,1642,1666,190
/downloads/release/python-390/,1624,1650,158
/downloads/release/python-31114/,1603,1624,197
/psf-landing/,1588,1599,129
/downloads/release/python-3106/,1462,1522,82
/downloads/release/python-380/,1247,1269,143
/about/,1184,1224,136
/getit/,1088,1100,173
/shell/,1038,1059,97
/downloads/release/python-31019/,951,959,183
/downloads/release/python-3137/,948,992,75
/downloads/release/python-3127/,866,888,113
/downloads/release/python-31210/,797,829,76
/jobs/,789,804,120
/downloads/android/,737,754,99
/downloads/release/python-3810/,729,746,140
/downloads/release/python-3126/,703,725,108
/download/pre-releases/,661,664,117
/downloads/release/python-370/,658,670,122
/download/other/,649,656,117
/community/,642,648,116
/downloads/release/python-3123/,616,625,125
/about/apps/,573,581,103
/downloads/release/python-3124/,553,562,143
/downloads/release/python-2718/,535,549,94
/download/releases/,516,520,140
/downloads/release/python-3913/,513,530,130
/doc/versions/,442,448,72
/downloads/release/python-3118/,390,399,84
/downloads/release/python-3150a1/,390,396,108
/downloads/release/python-3133/,377,390,73
/download/releases/2.7/,361,372,224
/downloads/release/python-31113/,357,364,220
/community/logos/,333,338,48
/blogs/,322,341,144
/downloads/release/python-3128/,319,327,102
/download,298,300,152
/downloads/release/python-3109/,295,302,112
/downloads/release/python-31012/,269,274,211
/downloads/release/python-360/,268,273,147
/downloads/release/python-3129/,259,267,76
/downloads/release/python-3132/,258,269,113
/downloads/release/python-3114/,239,242,101
/downloads/release/python-31211/,236,238,181
/downloads/release/python-31010/,235,241,143
/doc/essays/blurb/,225,230,98
/downloads/release/python-31013/,215,218,234
/downloads/release/python-379/,215,226,120
/downloads/release/python-3117/,209,222,89
/downloads/release/python-3116/,208,216,81
/downloads/release/python-3138/,201,206,128
/downloads/release/python-3136/,200,204,88
/downloads/release/python-3115/,198,203,82
/downloads/release/python-31111/,197,198,224
/downloads/release/python-31018/,180,182,173
/downloads/release/python-3131/,179,182,96
/download/releases/3.0/,176,182,133
/getit/windows/,173,173,92
/downloads/release/python-3111/,171,179,97
/downloads/release/python-3122/,169,174,112
/downloads/release/python-3105/,162,168,74
/downloads/release/python-31110/,156,161,162
/downloads/release/python-3820/,151,152,165
/downloads/release/python-368/,147,157,168
/downloads/release/python-31112/,146,147,181
/downloads/release/python-377/,146,147,175
/downloads/release/python-3125/,139,142,62
/downloads/release/python-385/,139,141,95
/success-stories/,138,142,90
/downloads/release/python-374/,133,135,276
/downloads/release/python-386/,130,131,133
/events/,130,131,76
/downloads/release/python-3717/,124,127,250
/downloads/release/python-396/,122,124,127
/downloads/release/python-3121/,117,118,112
/downloads/release/python-3134/,114,122,96
/downloads/release/python-311/,112,112,268
/downloads/release/python-3108/,109,117,105
/downloads/release/python-3140a4/,108,108,146
/downloads/release/python-31014/,107,109,188
/about/help/,105,109,99
/downloads/release/python-3918/,101,102,217
/downloads/release/,100,100,158
/downloads/release/python-3112/,97,97,119
/downloads/release/python-3924/,92,92,199
/psf/donations/,91,92,61
/downloads/release/python-3113/,90,90,97
/community/forums/,87,87,39
/doc/av/,86,87,118
/psf/membership/,86,87,260
/downloads/release/python-272/,85,87,135
/downloads/release/python-3107/,85,87,77
/downloads/release/python-399/,83,85,194
/downloads/release/python-3922/,82,82,79
/downloads/release/python-31017/,81,81,278
/accounts/login/,79,79,167
/success-stories/category/business/,78,79,136
/downloads/release/python-3104/,77,77,150
/downloads/release/python-311x/,77,77,197
/downloads/release/python-397/,77,77,99
/events/python-events/,76,78,86
/success-stories/category/education/,76,88,188
/success-stories/category/arts/,74,74,119
/downloads/release/python-372/,71,71,127
/downloads/release/python-381/,71,72,225
/downloads/release/python-383/,70,70,274
/downloads/release/python-373/,69,72,272
/downloads/release/python-382/,67,68,142
/download/alternatives/,65,65,187
/downloads/release/python-3101/,65,66,123
/downloads/release/python-31015/,65,65,276
/downloads/release/python-3818/,64,64,235
/community/diversity/,63,64,60
/downloads/release/python-3102/,63,65,35
/downloads/release/python-350/,63,63,326
/downloads/release/python-376/,63,66,102
/downloads/release/python-3912/,63,64,42
/downloads/release/python-395/,63,63,120
/download/releases/3.1/,62,63,129
/downloads/release/python-31016/,62,63,313
/success-stories/category/engineering/,62,64,99
//downloads/,60,60,205
/downloads/release/python-388/,60,60,167
/psf/sponsors/,58,58,65
/success-stories/category/software-development/,58,58,119
/downloads/release/python-392/,55,58,56
/downloads/release/python-3921/,54,54,200
/downloads/release/python-2716/,53,53,121
/downloads/release/python-3910/,53,54,32
/downloads/release/python-3923/,53,54,292
/about/quotes/,52,53,151
/community/irc/,51,52,79
/doc/essays/graphs/,50,52,52
/downloads/release/python-3911/,50,52,97
/downloads/release/python-340/,48,48,233
/downloads/release/python-3819/,45,45,138
/dev/,44,46,79
/download/mac/tcltk/,44,44,66
/downloads/release/python-2714/,44,44,90
/events/python-user-group/,44,44,41
/community/lists/,43,43,53
/community/workshops/,43,44,8
/doc/essays/,43,43,83
/downloads/release/python-2710/,43,45,238
/downloads/release/python-2715/,43,44,20
/downloads/release/python-391/,43,43,75
/downloads/release/python-371/,42,42,137
/downloads/release/python-3919/,42,42,221
/success-stories/category/scientific/,40,40,46
/download/releases/2.5/msi/,39,42,105
/downloads/release/python-387/,39,40,133
/psf/newsletter/,39,39,24
/downloads/release/python-279/,38,38,92
/downloads/release/python-330/,38,38,293
/downloads/release/python-3920/,38,38,130
/success-stories/category/government/,38,38,116
/downloads/release/python-273/,37,37,105
/downloads/release/python-378/,36,36,28
/downloads/release/python-389/,36,36,250
/accounts/signup/,35,35,302
/downloads/release/python-344/,35,35,96
/psf/about/,34,35,277
/downloads/release/python-3615/,33,33,228
/community/sigs/,32,32,143
/download/releases/2.0/,32,32,102
/downloads/release/python-312/,32,34,221
/downloads/release/python-3716/,32,32,158
/events/python-events/past/,32,32,20
/doc/essays/comparisons/,31,32,2
/downloads/release/pymanager-251b1/,31,33,150
/downloads/release/python-352/,31,33,130
/downloads/release/python-366/,30,30,42
/downloads/release/python-3815/,30,30,235
/downloads/release/python-3816/,30,30,148
/downloads/release/python-314/,29,29,278
/downloads/release/python-3817/,29,29,304
/downloads/release/python-3916/,29,29,192
/psf/get-involved/,29,29,69
/downloads/release/python-2717/,27,27,16
/events/python-user-group/past/,27,27,5
/downloads/release/python-2713/,26,26,165
/download/releases/2.3/mro/,25,28,18
/downloads/release/python-201/,25,25,218
/downloads/release/python-278/,25,25,53
/downloads/release/python-310/,25,25,255
/downloads/release/python-365/,25,25,96
/about/success/,24,24,70
/community/sigs/current/mobile-sig/,24,24,12
/download/releases/3.2/,24,24,200
/downloads.,24,24,49
/downloads/release/python-3510/,24,24,385
/psf/,24,24,2
/downloads/release/python-351/,23,24,201
/psf/community-stories/,23,23,30
/community/awards,21,21,0
/doc/sunset-python-2/,21,21,11
/downloads/release/python-270/,21,22,276
/downloads/release/python-384/,21,22,44
/psf/annual-report/2021/,21,21,0
/downloads/release/python-271/,20,21,28
/downloads/release/python-275/,20,20,228
/downloads/release/python-3410/,20,21,96
/downloads/release/python-362/,20,20,42
/downloads/release/python-369/,20,21,172
/downloads/release/python-3811/,20,21,94
/jobs/8003/,20,21,206
/psf/grants/,20,20,27
/sponsors/application/,20,20,34
/doc/av,19,19,0
/downloads/),19,19,296
/downloads/release/python-2712/,19,19,39
/downloads/release/python-3103/,19,19,25
/downloads/release/python-3915/,19,19,1416
/downloads/release/python-398/,19,19,29
/users/far-cry-5-download-crack/,19,19,4
/dev/security/,18,18,20
/downloads/metadata/sigstore/,18,18,142
/downloads/release/python-313/,18,18,78
/downloads/release/python-343/,18,18,138
/downloads/release/python-361/,18,19,117
/downloads/release/python-3710/,18,18,68
/downloads/windows/index.html,18,18,41
/events/python-user-group/2115/,18,18,226
/download/releases/2.6/,17,17,27
/downloads/release/python-277/,17,17,186
/downloads/release/python-3140rc3/,17,17,66
/downloads/release/python-364/,17,18,73
/downloads/release/python-3812/,17,17,208
/users/Dezzy40/,17,17,4
/community/microbit/,16,16,20
/dowloads/,16,16,495
/downloads/release/python-2711/,16,16,43
/downloads/release/python-300/,16,16,126
/downloads/release/python-312x/,16,16,196
/downloads/release/python-353/,16,17,106
/downloads/release/python-363/,16,16,275
/downloads/release/python-3712/,16,16,291
/downloads/release/python-3813/,16,16,124
/events/python-user-group/1834/,16,16,22
/psf/trademarks/,16,17,220
/download/releases/2.4/msi/,15,15,364
/downloads/release/python-375/,15,15,113
/downloads/release/python-3917/,15,15,246
/downloads/release/python-394/,15,15,118
/downloads/￼,15,15,64
/jobs/type/back-end/,15,15,52
/psf/donations/python-dev/,15,15,160
/psf/fellows/,15,15,192
/downloads/-----------------------------------------------------------------------------------------/,14,14,107
/downloads/release/python-3140a1/,14,14,430
/downloads/window/,14,14,143
/downloads/release/pymanager-250b15/,13,16,104
/downloads/release/python-254/,13,13,105
/downloads/release/python-313x/,13,15,72
/jobs/types/,13,13,14
/psf/annual-report/2024/,13,13,475
/psf/mission/,13,13,188
/psf/records/staff/,13,13,5
/psf/sponsorship/,13,13,83
/success-stories/building-a-dependency-graph-of-our-python-codebase/,13,13,0
/accounts/confirm-email/,12,12,367
/dev/buildbot/,12,13,113
/doc/humor/,12,12,36
/downloads/release/python-3713/,12,12,192
/downloads/release/python-3714/,12,12,166
/downloads/release/python-3715/,12,12,162
/downloads/release/python-3814/,12,12,93
/downloads/release/python-3914/,12,13,81
/downloads/）,12,12,54
/events/python-user-group/2123/,12,12,192
/jobs/8002/,12,12,517
/users/Tekken7/,12,12,1
/doc/essays/styleguide/,11,11,21
/downloads/operating-systems/,11,11,39
/downloads/release/python-3140rc2/,11,12,29
/downloads/release/python-3611/,11,11,300
/downloads/release/python-38/,11,11,190
/psf/membership-faq/,11,11,208
/success-stories/python-on-arm-2025-update/,11,11,3
/),10,10,326
/community/sigs/current/edu-sig/,10,10,10
