name,visitors,bounce_rate,visit_duration
Direct / None,229345,57,134
Google,161669,53,124
Bing,53290,53,147
chatgpt.com,37445,62,126
Baidu,7539,52,154
Yandex,7495,55,126
Brave,3173,56,103
Yahoo!,3152,50,152
GitHub,3100,67,96
docs.python.org,2922,55,108
Youtube,2185,66,100
doubao.com,2076,61,149
DuckDuckGo,1535,58,85
360.cn,1237,50,204
link.csdn.net,1173,52,159
copilot.microsoft.com,1101,53,169
Perplexity,970,60,117
code.visualstudio.com,892,71,101
Naver,746,50,128
claude.ai,741,62,100
Microsoft Teams,465,69,133
w3schools.com,461,48,94
link.zhihu.com,378,59,119
Coccoc,331,42,142
qiita.com,330,54,126
pip.pypa.io,307,50,120
learn.microsoft.com,270,57,101
Ecosia,264,48,118
netacad.com,239,67,143
packaging.python.org,210,44,130
tongyi.com,176,60,103
Sogou,173,47,245
pytorch.org,170,74,163
yuanbao.tencent.com,152,53,152
quark.cn,148,57,145
blog.csdn.net,142,55,145
pypi.org,142,66,143
liaoxuefeng.com,137,73,106
roadmap.sh,137,68,78
python.jp,135,36,210
wiki.python.org,131,63,119
in.accenture.com,124,62,85
peps.python.org,123,42,95
realpython.com,113,58,151
ai.google.dev,111,62,98
blog.naver.com,102,49,124
python.uihtm.com,101,54,232
freedidi.com,97,83,22
Wikipedia,95,45,46
chat.baidu.com,95,60,137
teams.wal-mart.com,94,59,299
sukkiri.jp,90,44,103
online-python.com,88,61,39
runoob.com,88,62,140
jianshu.com,81,74,159
devguide.python.org,78,62,159
docs.reportlab.com,77,68,103
geeksforgeeks.org,77,56,160
ai-kenkyujo.com,75,32,152
pygame.org,73,37,224
udemy.com,72,73,120
Qwant,70,61,74
Facebook,69,66,74
openclassrooms.com,67,60,100
discuss.python.org,64,64,100
pythonguis.com,63,60,126
Telegram,61,52,229
medium.com,59,70,93
scikit-learn.org,59,73,103
courses.edx.org,56,83,111
chat.qwen.ai,55,54,151
blackbox.ai,54,54,155
cnblogs.com,54,54,146
dotiromoook.tistory.com,51,35,306
blog.pyq.jp,50,34,147
esphome.io,50,39,266
datacamp.com,47,72,104
python.p2hp.com,46,59,130
enlacesnintricks.blogspot.com,45,67,88
pythoncentral.io,45,64,70
docs.platformio.org,43,55,149
python.org.br,43,63,42
w3school.com.cn,43,62,79
pythonworld.ru,41,37,214
rivery.io,41,54,91
ntp.msn.cn,40,57,174
lms.ev.org.br,39,56,67
poe.com,39,68,93
ursinaengine.org,37,65,75
gradio.app,36,62,54
chat.z.ai,35,79,49
skilladd.org,35,80,47
sky.pro,35,61,38
cloud.tencent.com,34,41,105
docs.espressif.com,34,65,40
dzen.ru,34,74,62
lmarena.ai,34,51,155
class.kh.edu.tw,33,91,6
ithelp.ithome.com.tw,33,48,103
cursos.alura.com.br,32,88,49
pythononlinecompiler.ru,32,81,18
127.0.0.1,31,76,208
Instagram,31,58,14
coderivers.org,31,65,34
droidwin.com,31,61,121
edube.org,31,78,116
freecodecamp.org,30,53,61
learn.kodland.org,30,87,96
metanit.com,29,55,257
rapidseedbox.com,29,62,87
soroban.highreso.jp,28,79,106
idle.org.cn,27,61,225
m.blog.naver.com,27,59,93
Vkontakte,26,70,56
amuletmc.com,26,42,72
espacioeducativo.infotec.mx,26,72,140
javadrive.jp,26,29,79
randomnerdtutorials.com,26,69,52
doc.courtbouillon.org,25,84,6
namu.wiki,25,64,25
sysnettechsolutions.com,25,69,68
uu.brightspace.com,25,77,69
weel.co.jp,25,80,72
e-ucilnica.fs.uni-lj.si,24,38,146
digitalocean.com,23,83,9
geek-blogs.com,23,57,210
legacy.python.org,23,30,76
programiz.com,23,52,149
aisearch.sogou.com,22,55,198
docs.streamlit.io,22,59,286
docs.pingcode.com,21,43,71
gall.dcinside.com,21,62,234
chat.mistral.ai,20,65,157
kagi.com,20,50,10
oregoom.com,20,38,12
pandas.pydata.org,20,65,122
xdaforums.com,20,67,67
Gmail,19,75,32
badcaps.net,19,84,49
bytedance.larkoffice.com,19,52,141
docstring.fr,19,79,9
edu.mipt.ru,19,30,369
pythongeeks.org,19,53,53
app.aluracursos.com,18,61,18
asreview.nl,18,74,359
pcschool.com.tw,18,39,96
py4e.com,18,83,138
tutorialspoint.com,18,61,120
yuque.com,18,44,138
Daum,17,65,6
LinkedIn,17,83,5
automatetheboringstuff.com,17,65,398
chat.chatbot.app,17,41,188
cs50.readthedocs.io,17,47,46
developer.aliyun.com,17,59,49
endoflife.date,17,71,127
lms.human.ua,17,63,33
pythontest.com,17,59,60
topdev.vn,17,29,111
tutorial.djangogirls.org,17,65,111
cocalc.com,16,100,0
dle.plymouth.ac.uk,16,72,79
jpc-excel.officeapps.live.com,16,41,355
n.cn,16,44,361
pyfound.blogspot.com,16,65,58
Reddit,15,60,125
agent.minimax.io,15,47,241
codecademy.com,15,73,97
gammasoft.jp,15,67,111
pyzo.org,15,47,120
sejuku.net,15,27,119
stablediffusiontutorials.com,15,56,160
study.aipm.club,15,40,225
timeweb.cloud,15,31,180
boot.dev,14,100,0
docs.qq.com,14,71,225
euc-onenote.officeapps.live.com,14,71,146
help.aliyun.com,14,71,39
idealab.alibaba-inc.com,14,57,80
iebis.github.io,14,73,130
ima.qq.com,14,71,140
kone.gg,14,60,125
learn.online-python.com,14,36,95
link.juejin.cn,14,43,215
nexusmods.com,14,47,215
virtualenv.pypa.io,14,69,338
yutu.cn,14,43,361
atmarkit.itmedia.co.jp,13,46,352
auto-editor.com,13,46,41
csc.edu.vn,13,57,213
enterprise-confluence.aexp.com,13,57,150
gitee.com,13,71,58
itdo.com,13,54,226
jb51.net,13,62,32
lms.skillfactory.ru,13,62,38
m.so.com,13,62,38
wenxiaobai.com,13,85,32
4pda.to,12,50,284
app.deephat.ai,12,42,59
bugs.python.org,12,75,6
drive2.ru,12,58,82
habr.com,12,67,16
hackernoon.com,12,92,7
instaloader.github.io,12,58,107
internet-start.net,12,42,305
mooc.fi,12,42,84
music21.org,12,58,201
python.digibeatrix.com,12,17,235
raspberrytips.com,12,42,64
replit.com,12,50,229
skillbox.ru,12,67,76
usc-word-edit.officeapps.live.com,12,42,773
anaconda.com,11,82,168
canva.com,11,77,259
cgohlke.com,11,73,3
doc.qt.io,11,64,45
docs.isaacsim.omniverse.nvidia.com,11,75,13
dpo.mpgu.org,11,42,243
fileadmin.cs.lth.se,11,73,117
gateway.zscalertwo.net,11,45,144
invertexto.com,11,100,0
leanpub.com,11,82,3
login.microsoftonline.com,11,50,133
mkdocs.org,11,36,178
moodle.mie-u.ac.jp,11,47,999
naver.com,11,36,84
nz.ua,11,42,353
odoo.com,11,82,172
python-lernen.de,11,45,43
pythontutorials.net,11,73,41
starter-guide.od.pythonic-exam.com,11,73,222
theforage.com,11,45,551
tryhackme.com,11,64,21
boto3.amazonaws.com,10,70,185
cafe.daum.net,10,42,211
cafe.naver.com,10,30,588
cnpython.com,10,80,10
codegenes.net,10,60,129
codelv.com,10,80,192
davinci.mediatek.inc,10,50,711
decrypt.fivecfx.com,10,92,23
diary.eschool-ua.com,10,60,154
elearning.villanova.edu,10,50,296
ellibrodepython.com,10,90,38
euc-word-edit.officeapps.live.com,10,73,64
inside-docupedia.bosch.com,10,55,329
itproger.com,10,80,13
kivy.org,10,50,393
l.messenger.com,10,60,42
manus.im,10,100,0
melgitgai-bw12002ze.megcloud.melco.co.jp,10,70,64
moodle.canadacentral.cloudapp.azure.com,10,17,806
mql5.com,10,100,0
ocw.cs.pub.ro,10,70,2
pythonjobshq.com,10,50,174
s3.eu-west-1.amazonaws.com,10,60,71
stable-diffusion-art.com,10,60,105
typing.python.org,10,60,15
Amazon,9,89,4
aranzulla.it,9,56,81
blog.faradars.org,9,22,603
brian0111.com,9,33,80
challenge.hennge.com,9,78,25
dataquest.io,9,56,11
docs.oracle.com,9,100,0
docs.telethon.dev,9,100,0
ecollege.etbonline.ie,9,44,174
elab2go.de,9,44,102
gamebanana.com,9,78,128
iiice.cn,9,44,226
kkaneko.jp,9,44,139
kos.josipabk.com,9,60,204
letsdefend.io,9,56,57
mobiletips.in,9,78,96
moodle.univ-montp3.fr,9,67,481
natechcel.blogspot.com,9,78,39
nltk.org,9,67,81
open.feishu.cn,9,55,153
pythonforege.tilda.ws,9,60,21
pythoninsider.blogspot.com,9,78,302
robotframework.org,9,56,80
romptn.com,9,78,56
spotdl.readthedocs.io,9,22,271
tensorflow.org,9,60,125
trinket.io,9,90,6
velog.io,9,67,58
wiki.geniie.net,9,33,131
wikidocs.net,9,44,221
96hb.tistory.com,8,0,305
carla.readthedocs.io,8,75,14
central.confluence.automotive.cloud,8,50,412
codingal.com,8,62,34
confluence.csgicorp.com,8,50,3
developer.mozilla.org,8,75,20
gcumedia.com,8,75,2
hovatek.com,8,62,21
jupyter.zxlearn.cn,8,25,163
learn2.open.ac.uk,8,38,53
lms.cha.ac.kr,8,62,80
magazine.code-college.jp,8,75,149
