name,unique_entrances,total_entrances,visit_duration
/3/,12667,13028,163
/3/library/venv.html,9790,10004,44
/3/library/functions.html,6441,6679,118
/3/library/datetime.html,6255,6478,85
/3/library/stdtypes.html,5792,6045,122
/3/tutorial/index.html,4506,4673,175
/3/library/re.html,4289,4426,95
/3/library/typing.html,4258,4391,105
/3/library/tkinter.html,3593,3694,91
/3/tutorial/datastructures.html,3592,3700,115
/3/library/csv.html,3346,3445,98
/3/library/argparse.html,3207,3320,119
/3/library/logging.html,3089,3198,145
/3/library/subprocess.html,2944,3070,120
/3/library/turtle.html,2888,3079,95
/3/library/index.html,2871,2985,185
/3/library/random.html,2725,2796,67
/3/library/idle.html,2708,2747,47
/3/library/pathlib.html,2691,2796,128
/3/tutorial/,2478,2694,117
/3/tutorial/errors.html,2470,2521,97
/3/search.html,2364,2521,271
/3/library/dataclasses.html,2324,2405,108
/3/library/os.html,2289,2358,146
/3/library/multiprocessing.html,2243,2386,178
/3/library/collections.html,2231,2288,89
/3/library/exceptions.html,2170,2235,91
/3/tutorial/classes.html,2005,2067,99
/3/library/unittest.mock.html,1967,2107,129
/3/library/itertools.html,1963,2029,87
/3/library/math.html,1938,1982,95
/3/library/json.html,1911,1947,86
/3/tutorial/controlflow.html,1863,1938,144
/3/library/unittest.html,1862,1933,102
/3/library/enum.html,1749,1806,110
/3/library/time.html,1713,1740,115
/3/library/sqlite3.html,1664,1749,109
/3/tutorial/inputoutput.html,1647,1678,116
/3/library/asyncio-task.html,1610,1669,145
/3/library/os.path.html,1592,1631,94
/3/library/string.html,1492,1528,113
/3/library/threading.html,1474,1531,165
/3/library/heapq.html,1426,1465,77
/3/library/asyncio.html,1422,1462,180
/3/tutorial/modules.html,1417,1456,110
/3/library/functools.html,1359,1397,127
/3/tutorial/venv.html,1343,1372,60
/3/using/windows.html,1324,1352,69
/3/library/xml.etree.elementtree.html,1304,1391,126
/3/library/concurrent.futures.html,1278,1334,150
/3/library/pickle.html,1183,1224,77
/3/howto/logging.html,1182,1209,176
/3/howto/sorting.html,1156,1181,93
/3/library/socket.html,1111,1154,115
/3/installing/index.html,1046,1055,71
/3/library/struct.html,1028,1069,117
/3/library/shutil.html,1021,1044,107
/3/reference/datamodel.html,999,1025,151
/3/library/tempfile.html,984,1028,111
/3/glossary.html,975,1003,174
/3/tutorial/introduction.html,948,1011,195
/3/library/pdb.html,891,921,55
/3/whatsnew/3.13.html,885,903,109
/3/library/sys.html,884,902,89
/3/tutorial/interpreter.html,854,893,129
/3/using/mac.html,848,860,59
/3/library/io.html,804,817,153
/3/library/copy.html,768,777,77
/3/library/abc.html,752,770,114
/3/library/hashlib.html,738,757,117
/3/library/urllib.parse.html,725,741,63
/3/library/configparser.html,724,745,123
/3/reference/import.html,683,691,97
/3/library/glob.html,682,700,74
/3/library/zipfile.html,677,706,159
/3/library/pprint.html,674,677,50
/3/howto/regex.html,639,662,110
/3/library/queue.html,626,644,158
/3/py-modindex.html,626,647,216
/3/using/cmdline.html,611,620,80
/3/library/profile.html,599,613,80
/zh-cn/3/,593,618,209
/3/library/contextlib.html,582,595,102
/zh-cn/3/tutorial/index.html,569,589,201
/3/library/ast.html,568,588,110
/3/library/http.server.html,553,565,97
/3/library/uuid.html,543,552,57
/3/library/decimal.html,540,553,79
/3/reference/index.html,539,558,197
/3/library/,536,554,158
/3/tutorial/appetite.html,534,550,244
/es/3/tutorial/,533,559,185
/3/library/asyncio-eventloop.html,526,539,213
/3/reference/lexical_analysis.html,509,527,112
/3/library/ctypes.html,487,511,140
/3/howto/argparse.html,478,488,145
/3/library/operator.html,475,481,123
/3/reference/expressions.html,470,487,147
/3/library/traceback.html,464,471,84
/3/library/warnings.html,457,466,122
/3/library/smtplib.html,452,460,125
/3/library/importlib.html,449,460,178
/3/library/ssl.html,447,477,179
/3/library/tk.html,435,443,124
/3/library/difflib.html,425,436,70
/3/library/logging.handlers.html,425,443,157
/3/reference/compound_stmts.html,415,431,155
/3/library/ensurepip.html,402,407,66
/3/library/codecs.html,396,406,82
/3/howto/enum.html,394,400,130
/3/library/ipaddress.html,394,403,100
/3/library/tkinter.ttk.html,394,421,113
/3/library/timeit.html,391,397,115
/3/license.html,390,398,68
/3/contents.html,374,380,260
/3/tutorial/floatingpoint.html,372,377,47
/3/library/__main__.html,368,376,99
/3/library/base64.html,367,380,102
/3/library/urllib.request.html,366,374,136
/3/library/bisect.html,363,366,57
/3/library/inspect.html,359,371,158
/3/index.html,358,368,227
/3/library/collections.abc.html,344,348,162
/3/download.html,326,331,97
/3/whatsnew/3.8.html,324,325,62
/3/howto/unicode.html,318,330,54
/zh-cn/3/library/index.html,316,324,194
/3/whatsnew/3.12.html,314,315,90
/3/library/email.examples.html,310,314,67
/3/reference/simple_stmts.html,301,302,105
/3/library/logging.config.html,295,307,243
/fr/3/tutorial/,291,303,167
/3/howto/logging-cookbook.html,290,298,224
/3/library/signal.html,278,287,159
/3/library/secrets.html,275,283,89
/3/library/array.html,273,278,126
/3/library/dialog.html,261,271,141
/3/library/html.parser.html,247,250,84
/3/library/urllib.html,244,245,166
/3/library/asyncio-queue.html,242,252,179
/ja/3/,241,254,210
/3/library/tarfile.html,239,256,168
/3/library/asyncio-sync.html,238,242,126
/ja/3/library/codecs.html,238,239,45
/3/extending/extending.html,235,245,124
/3/library/tkinter.messagebox.html,234,240,86
/3/library/gc.html,233,240,59
/3/library/statistics.html,233,236,53
/3/library/calendar.html,230,237,109
/3/using/android.html,230,231,82
/3/using/index.html,229,231,163
/3/library/webbrowser.html,228,230,77
/3/library/contextvars.html,219,229,68
/3/library/zoneinfo.html,214,220,116
/3/library/textwrap.html,212,218,65
/3/library/ftplib.html,210,224,149
/3/library/gzip.html,208,217,159
/3/faq/windows.html,205,208,61
/3/library/getpass.html,199,203,116
/3/library/http.client.html,199,204,88
/3/howto/curses.html,198,202,123
/3/library/distutils.html,198,203,48
/ja/3/library/index.html,198,216,174
/zh-cn/3/library/venv.html,197,199,96
/3/library/types.html,194,197,123
/3/faq/,192,192,189
/3/howto/sockets.html,192,197,129
/zh-cn/3/library/turtle.html,183,189,51
/3/library/constants.html,176,176,246
/3/library/tomllib.html,176,181,149
/3/library/http.html,170,172,93
/3/library/asyncio-stream.html,168,174,250
/3/library/pydoc.html,168,169,41
/3/library/doctest.html,166,171,65
/3/library/fnmatch.html,166,173,100
/es/3/tutorial/index.html,160,163,102
/3/whatsnew/3.10.html,158,159,114
/3/library/multiprocessing.shared_memory.html,154,159,94
/3/library/asyncio-future.html,153,158,311
/ja/3/tutorial/,153,161,407
/zh-cn/3/tutorial/,152,156,165
/3/howto/functional.html,151,161,111
/3/library/asyncio-dev.html,151,155,230
/3/installing/,150,156,56
/3/howto/descriptor.html,148,158,207
/3/library/tracemalloc.html,147,155,46
/3/whatsnew/3.11.html,147,150,139
/3/library/shlex.html,145,149,85
/3/using/unix.html,145,146,106
/3/library/filesys.html,142,142,269
/3/c-api/index.html,140,144,250
/ja/3/library/stdtypes.html,139,150,100
/3/library/zlib.html,138,141,153
/zh-cn/3/library/functions.html,138,143,234
/3/library/unittest.mock-examples.html,136,140,133
/pt-br/3/,136,138,181
/ja/3/library/functions.html,134,135,152
/pt-br/3/library/venv.html,134,137,56
/3/howto/annotations.html,128,131,217
/3/library/importlib.metadata.html,128,130,96
/3/library/xml.html,128,128,130
/3/library/site.html,126,127,101
/3/library/asyncio-subprocess.html,124,135,347
/3/library/importlib.resources.html,124,131,149
/zh-tw/3/tutorial/index.html,124,127,241
/3/library/fractions.html,121,121,104
/3/library/socketserver.html,121,125,219
/3/library/binascii.html,120,122,80
/zh-cn/3/using/index.html,120,121,93
/3/tutorial/stdlib.html,119,126,201
/pt-br/3/tutorial/index.html,116,122,227
/3/faq/programming.html,115,118,110
/es/3/,114,114,103
/3/c-api/memory.html,113,118,99
/3/library/curses.html,113,114,128
/3/library/unicodedata.html,113,116,94
/ja/3/tutorial/index.html,113,117,339
/3/extending/embedding.html,112,115,62
/3/library/asyncio-runner.html,112,116,223
/3/library/mimetypes.html,111,113,59
/3/faq/general.html,110,114,74
/3/whatsnew/index.html,109,110,226
/3/library/atexit.html,108,111,203
/3/library/wave.html,108,108,111
/3/library/email.html,106,109,147
/3/library/stat.html,106,107,175
/3/howto/urllib2.html,105,105,102
/3/library/imaplib.html,104,105,102
/3/library/locale.html,101,105,106
/3/library/select.html,101,103,213
/3.13/tutorial/index.html,100,101,619
/3/library/datatypes.html,100,101,119
/3/library/telnetlib.html,99,104,131
/zh-cn/3/tutorial/interpreter.html,99,105,424
/zh-cn/3/reference/index.html,98,101,493
/zh-cn/3/tutorial/controlflow.html,97,100,135
/3/library/mmap.html,96,103,152
/3/library/platform.html,95,95,68
/3/library/optparse.html,94,95,76
/3/library/email.mime.html,93,96,95
/3/library/filecmp.html,93,95,140
/3/reference/grammar.html,93,93,205
/pt-br/3/library/tkinter.html,93,96,97
/3/c-api/arg.html,91,95,304
/3/howto/index.html,91,91,309
/3/library/cmath.html,90,91,44
/3.13/,89,89,652
/3/library/zipapp.html,87,89,264
/3/library/dis.html,84,87,82
/3/library/sys_path_init.html,84,85,146
/pt-br/3/tutorial/datastructures.html,83,83,97
/zh-cn/3/tutorial/introduction.html,83,84,265
/3/c-api/buffer.html,82,84,243
/3/library/__future__.html,82,83,72
/3/using/ios.html,82,83,55
/es/3/tutorial/interpreter.html,82,88,191
/3/library/weakref.html,81,81,48
/3/whatsnew/changelog.html,81,81,219
/3/howto/free-threading-python.html,80,82,32
/3/library/email.parser.html,80,81,71
/3/library/cmd.html,79,79,137
/3/library/intro.html,78,80,180
/zh-tw/3/library/venv.html,78,81,72
/3/library/hmac.html,77,79,36
/3/library/sched.html,77,83,183
/fr/3/library/json.html,77,81,82
/ja/3/library/datetime.html,76,78,68
/ja/3/reference/introduction.html,76,77,9
/es/3/tutorial/introduction.html,75,79,71
/zh-cn/3/library/re.html,75,76,28
/3/using/configure.html,74,76,208
/zh-cn/3/library/idle.html,73,73,75
/ja/3/tutorial/datastructures.html,72,73,203
/zh-cn/3/library/math.html,72,81,115
/zh-cn/3/library/multiprocessing.html,72,73,137
/3/library/shelve.html,71,74,103
/es/3/library/stdtypes.html,71,79,72
/es/3/tutorial/appetite.html,71,73,301
/fr/3/library/csv.html,71,72,79
/zh-cn/3/search.html,71,80,270
/3/library/trace.html,70,70,129
/3/library/winsound.html,70,71,58
/3/whatsnew/3.9.html,70,73,156
/3/reference/introduction.html,69,73,243
/uk/3/library/ipaddress.html,69,69,7
/3/genindex-Symbols.html,68,68,30
/3/library/email.message.html,68,70,134
/3/library/html.html,68,68,148
/zh-cn/3/library/argparse.html,66,66,83
/3/library/fcntl.html,65,66,138
/3/library/gettext.html,65,65,101
/3/library/tokenize.html,65,66,30
/pt-br/3/tutorial/,65,66,114
/3/library/zipimport.html,64,64,124
/zh-cn/3/library/logging.html,64,67,49
/zh-cn/3/library/stdtypes.html,64,68,192
/pt-br/3/library/stdtypes.html,63,63,88
/pt-br/3/tutorial/controlflow.html,63,67,197
/3/library/concurrency.html,62,64,191
/3/c-api/init.html,61,62,269
