name,visitors,pageviews,bounce_rate,time_on_page,scroll_depth
/3/,12846,18197,45,80,76
/3/library/venv.html,9041,10377,86,859,35
/3/library/functions.html,8592,11145,72,363,45
/3/library/stdtypes.html,8512,11413,73,464,38
/3/library/datetime.html,6638,8366,79,766,40
/3/tutorial/index.html,6332,10177,57,89,59
/3/library/re.html,4777,5873,79,784,38
/3/tutorial/datastructures.html,4652,5793,71,388,47
/3/library/typing.html,4244,5263,76,562,27
/3/search.html,4147,8919,22,47,46
/3/library/index.html,4084,6740,54,86,44
/3/library/csv.html,3887,4602,83,956,41
/3/library/tkinter.html,3504,4724,75,524,32
/3/library/argparse.html,3266,4013,75,772,32
/3/library/random.html,3239,3843,81,585,34
/3/library/logging.html,3180,3960,72,526,37
/3/tutorial/errors.html,3068,3509,75,344,37
/3/library/turtle.html,3056,4465,78,1354,29
/3/library/idle.html,2918,3808,77,523,31
/3/library/collections.html,2911,3402,80,490,39
/3/library/pathlib.html,2818,3533,74,612,45
/3/tutorial/controlflow.html,2810,3722,73,367,43
/3/library/subprocess.html,2792,3589,75,884,34
/3/tutorial/classes.html,2726,3089,81,501,45
/3/library/os.html,2717,3447,69,362,37
/3/library/exceptions.html,2642,3252,76,362,51
/3/library/math.html,2523,3159,80,521,37
/3/library/multiprocessing.html,2471,3256,72,645,27
/3/tutorial/,2373,3292,62,160,54
/3/library/dataclasses.html,2307,2759,79,746,38
/3/library/itertools.html,2243,2783,77,631,33
/3/tutorial/inputoutput.html,2154,2562,69,291,48
/3/library/unittest.html,2118,2576,79,867,23
/3/tutorial/modules.html,2074,2417,76,382,52
/3/tutorial/introduction.html,2068,2735,75,320,58
/3/library/json.html,2027,2342,82,721,35
/3/glossary.html,2015,2605,63,151,54
/3/library/time.html,2009,2418,77,488,40
/3/library/enum.html,1957,2347,76,576,32
/3/library/string.html,1947,2358,70,285,45
/3/library/os.path.html,1937,2279,75,433,50
/3/tutorial/interpreter.html,1934,2635,78,162,74
/3/library/asyncio-task.html,1925,2550,73,569,39
/3/library/unittest.mock.html,1925,2678,75,1099,36
/3/library/threading.html,1720,2113,73,488,42
/3/reference/datamodel.html,1693,2123,69,274,48
/3/library/sqlite3.html,1692,2199,79,1023,24
/3/library/xml.etree.elementtree.html,1662,2183,77,1047,32
/3/library/functools.html,1587,1878,80,503,45
/3/tutorial/venv.html,1547,1782,85,385,58
/3/howto/logging.html,1494,1838,76,466,37
/3/library/concurrent.futures.html,1463,1875,75,581,51
/3/using/windows.html,1460,1786,79,536,38
/3/library/asyncio.html,1456,1988,59,147,78
/3/installing/index.html,1435,1644,84,272,65
/3/howto/sorting.html,1432,1650,75,361,40
/3/tutorial/appetite.html,1410,1680,68,135,89
/3/library/socket.html,1373,1881,70,609,43
/3/whatsnew/3.13.html,1364,1725,71,129,18
/3/library/pickle.html,1321,1518,80,617,25
/3/library/shutil.html,1253,1457,77,616,37
/3/library/heapq.html,1216,1464,82,884,49
/3/library/sys.html,1197,1458,73,325,36
/3/library/struct.html,1102,1313,81,743,46
/3/reference/index.html,1101,1804,46,48,70
/3/library/io.html,1040,1304,71,424,46
/3/library/pdb.html,1019,1144,87,861,36
/3/library/tempfile.html,1008,1244,75,716,56
/3/py-modindex.html,1006,1440,58,127,53
/3/using/cmdline.html,975,1159,81,322,36
/3/howto/regex.html,936,1070,73,483,32
/3/using/mac.html,917,1093,79,597,49
/3/reference/expressions.html,911,1119,72,240,60
/3/library/abc.html,885,1021,78,556,49
/3/library/copy.html,877,971,85,566,69
/3/contents.html,874,1298,44,61,14
/zh-cn/3/,861,1250,43,42,78
/3/reference/compound_stmts.html,859,1060,72,276,37
/3/library/urllib.parse.html,838,1018,79,815,43
/3/library/hashlib.html,834,1021,75,690,32
/zh-cn/3/tutorial/index.html,824,1502,49,80,62
/3/reference/lexical_analysis.html,821,991,72,295,60
/3/library/glob.html,819,917,77,492,65
/3/reference/import.html,816,929,77,345,41
/3/library/zipfile.html,803,1021,72,722,36
/3/index.html,794,1235,43,41,77
/3/library/queue.html,750,870,73,529,58
/3/library/configparser.html,745,913,77,765,33
/3/library/asyncio-eventloop.html,736,1006,65,377,40
/3/library/pprint.html,718,776,87,527,40
/3/library/contextlib.html,674,789,74,561,29
/3/library/decimal.html,657,779,82,642,21
/3/library/,644,894,57,113,44
/3/library/operator.html,633,737,78,334,48
/3/library/http.server.html,603,749,73,506,48
/3/reference/simple_stmts.html,601,720,68,207,58
/3/library/smtplib.html,578,709,74,477,41
/3/howto/argparse.html,570,662,71,612,44
/3/library/uuid.html,566,657,81,584,60
/3/download.html,563,667,72,212,85
