name,unique_exits,total_exits,exit_rate
/pl/3/tutorial/index.html,19,20,
/pl/3/tutorial/datastructures.html,15,15,
/pl/3/tutorial/introduction.html,12,12,
/pl/3.13/tutorial/index.html,9,10,
/3/,6,6,
/pl/3.13/library/functions.html,5,5,
/pl/3/tutorial/controlflow.html,5,6,
/pl/3/tutorial/venv.html,5,5,
/pl/3.13/,4,4,
/pl/3.13/tutorial/datastructures.html,4,5,
/pl/3/,4,4,
/pl/3/extending/extending.html,4,4,
/pl/3/tutorial/interpreter.html,4,4,
/3.13/tutorial/appetite.html,3,3,
/pl/3.13/search.html,3,3,
/pl/3.13/tutorial/interpreter.html,3,3,
/pl/3/tutorial/appetite.html,3,3,
/pl/3/tutorial/inputoutput.html,3,2,
/pl/3/tutorial/modules.html,3,3,
/pl/3/tutorial/stdlib.html,3,3,
/3.13/,2,2,
/3.13/library/functions.html,2,2,
/3.13/tutorial/index.html,2,2,
/3/library/stdtypes.html,2,2,
/3/tutorial/,2,2,
/pl/3.12/tutorial/interpreter.html,2,2,
/pl/3.13/tutorial/controlflow.html,2,2,
/pl/3.13/tutorial/venv.html,2,2,
/pl/3/glossary.html,2,2,
/pl/3/installing/index.html,2,2,
/pl/3/library/array.html,2,2,
/pl/3/library/stdtypes.html,2,2,
/pl/3/search.html,2,4,
/pl/3/tutorial/errors.html,2,2,
/pl/dev/library/turtle.html,2,2,
/pl/dev/using/editors.html,2,2,
/3.13/library/decimal.html,1,1,
/3.13/library/intro.html,1,1,
/3.13/library/os.html,1,1,
/3.13/tutorial/,1,1,
/3.15/tutorial/index.html,1,1,
/3/library/collections.html,1,1,
/3/library/datetime.html,1,1,
/3/library/functions.html,1,1,
/3/library/math.html,1,1,
/3/library/sys.html,1,1,
/3/library/typing.html,1,1,
/3/license.html,1,1,
/3/reference/lexical_analysis.html,1,1,
/3/tutorial/floatingpoint.html,1,1,
/el/3.13/tutorial/classes.html,1,1,
/ko/3.13/c-api/intro.html,1,1,
/ko/3.13/faq/general.html,1,1,
/pl/3.12/py-modindex.html,1,1,
/pl/3.12/tutorial/controlflow.html,1,1,
/pl/3.13/c-api/import.html,1,2,
/pl/3.13/genindex-K.html,1,1,
/pl/3.13/index.html,1,1,
/pl/3.13/library/array.html,1,1,
/pl/3.13/library/concurrent.futures.html,1,1,
/pl/3.13/library/datetime.html,1,1,
/pl/3.13/library/index.html,1,1,
/pl/3.13/library/pathlib.html,1,1,
/pl/3.13/library/stdtypes.html,1,1,
/pl/3.13/library/venv.html,1,1,
/pl/3.13/reference/datamodel.html,1,1,
/pl/3.13/tutorial/appetite.html,1,1,
/pl/3.13/tutorial/classes.html,1,1,
/pl/3.13/tutorial/interactive.html,1,1,
/pl/3.13/tutorial/introduction.html,1,1,
/pl/3.13/using/windows.html,1,1,
/pl/3.13/whatsnew/3.13.html,1,1,
/pl/3/library/constants.html,1,1,
/pl/3/reference/expressions.html,1,1,
/pl/3/reference/index.html,1,1,
/pl/3/reference/lexical_analysis.html,1,1,
/pl/3/tutorial/,1,1,
/pl/3/tutorial/classes.html,1,1,
/pl/3/tutorial/floatingpoint.html,1,1,
/pl/3/tutorial/stdlib2.html,1,1,
/pl/3/using/index.html,1,1,
/pl/dev/library/functions.html,1,1,
/pl/dev/tutorial/classes.html,1,1,
/pl/dev/tutorial/datastructures.html,1,1,
/pl/dev/tutorial/inputoutput.html,1,1,
/pl/dev/tutorial/modules.html,1,1,
/tr/3.13/library/os.html,1,1,
