name,visitors
Madrid Autonomous Community,376
Capital District,290
Ciudad de Mexico,264
Buenos Aires Province,254
Santiago Metropolitan,236
Catalonia,223
Antioquia,156
Andalusia,143
Lima,141
Valencian Community,109
Mexico State,100
Jalisco,79
Buenos Aires,70
Guatemala,70
Nuevo León,66
Galicia,62
Basque Country,50
Córdoba,48
Valle del Cauca,47
Querétaro,44
San José,43
Pichincha,41
Capital,40
Veracruz,39
Santa Fe,37
Baja California,35
Castile and León,33
Chihuahua,31
Guanajuato,31
Michoacán,31
Puebla,31
San Salvador,29
Canary Islands,28
Murcia Region,28
Atlántico,27
La Paz,26
Aragon,26
Panamá,26
Montevideo,25
Bío Bío,24
Santander,24
Castile-La Mancha,23
Sinaloa,23
Yucatán,22
Mendoza,21
Valparaíso,21
Distrito Nacional,20
Guayas,20
Asturias,20
Lima Region,20
Oaxaca,19
Managua,19
Navarra Chartered Community,18
Francisco Morazán,18
Santa Cruz,17
Havana,17
Balearic Islands,17
Sonora,16
Risaralda,15
Morelos,15
Tamaulipas,15
Bolívar,14
Salta,13
Jujuy,13
Cundinamarca,13
Coahuila,13
Guerrero,12
Tabasco,12
Asunción,12
Entre Ríos,11
Cochabamba,11
England,11
San Luis Potosí,11
Lara,11
Libertador General Bernardo O'Higgins,10
Manabí,10
Cotopaxi,10
Hidalgo,10
Nayarit,10
Neuquén,9
Quintana Roo,9
La Libertad,9
Maule,8
Extremadura,8
La Rioja,8
Cortés,8
Zulia,8
Chaco,7
Misiones,7
Tucumán,7
Los Lagos,7
Santiago,7
Cantabria,7
Aguascalientes,7
Arequipa,7
Junín,7
Río Negro,6
Corrientes,6
Antofagasta,6
Caldas,6
Huila,6
Norte de Santander,6
Tolima,6
Heredia,6
Santo Domingo,6
Chiapas,6
Durango,6
Piura,6
Florida,6
New York,6
Miranda,6
São Paulo,5
Cauca,5
Magdalena,5
Meta,5
Nariño,5
Cartago,5
Azuay,5
Zacatecas,5
Lambayeque,5
Aragua,5
Carabobo,5
San Luis,4
Santa Cruz,4
Rio de Janeiro,4
Araucanía,4
Coquimbo,4
Los Ríos,4
Tungurahua,4
Tlaxcala,4
Georgia,4
La Rioja,3
San Juan,3
La Pampa,3
Formosa,3
Tierra del Fuego,3
Ontario,3
Atacama,3
Córdoba,3
La Guajira,3
Alajuela,3
Hesse,3
Loja,3
Provence-Alpes-Côte-d'Azur,3
Campeche,3
Puno,3
Tacna,3
Lisbon,3
California,3
Chubut,2
New South Wales,2
South Australia,2
Victoria,2
Santa Catarina,2
Vaud,2
Boyacá,2
Cesar,2
Baden-Württemberg,2
Bavaria,2
North Rhine-Westphalia,2
San Pedro de Macorís,2
Chimborazo,2
Pastaza,2
Île-de-France,2
Occitanie,2
Delhi,2
Telangāna,2
Lombardy,2
Baja California Sur,2
Colima,2
Cusco,2
Metro Manila,2
Greater Poland,2
Alto Paraná,2
Santa Ana,2
San Miguel,2
Colorado,2
Illinois,2
Minnesota,2
North Carolina,2
New Jersey,2
Pennsylvania,2
Texas,2
Virginia,2
Canelones,2
Anzoátegui,2
Bolívar,2
Cojedes,2
Falcón,2
Mérida,2
Nueva Esparta,2
Yerevan,1
Australian Capital Territory,1
Baku,1
Wallonia,1
Beni,1
Chuquisaca,1
Ceará,1
Espírito Santo,1
Goiás,1
Mato Grosso,1
Pará,1
Paraíba,1
Pernambuco,1
Paraná,1
Rondônia,1
Minsk,1
Homel,1
Alberta,1
Quebec,1
Aargau,1
Geneva,1
Aysén,1
Magallanes Region,1
Ñuble,1
Shanghai,1
Amazonas,1
Putumayo,1
Sucre,1
Limón,1
Praia,1
Prague,1
Berlin,1
Hamburg,1
Thuringia,1
La Romana,1
La Vega,1
Cañar,1
Imbabura,1
Los Ríos,1
Santo Domingo de los Tsáchilas,1
Zamora-Chinchipe,1
Ceuta,1
Pirkanmaa,1
Auvergne-Rhône-Alpes,1
Grand-Est,1
Hauts-de-France,1
Normandie,1
Scotland,1
Quetzaltenango,1
Yoro,1
Zagreb,1
Jakarta,1
North Sumatra,1
Leinster,1
Tel Aviv,1
Kerala,1
West Bengal,1
Baghdad,1
Trentino-South Tyrol,1
Veneto,1
Tuscany,1
Campania,1
Apulia,1
Tochigi,1
Aichi,1
Osaka,1
Pavlodar,1
Vilnius County,1
Oriental,1
Chișinău,1
Auckland,1
Ancash,1
Apurímac,1
Cajamarca,1
Huánuco,1
Huancavelica,1
Ica,1
Loreto,1
Central Luzon,1
Western Visayas,1
Northern Mindanao,1
Calabarzon,1
Khyber Pakhtunkhwa,1
Sindh,1
Porto,1
Central,1
Itapúa,1
Krasnodar Krai,1
Makkah,1
Stockholm,1
Västra Götaland,1
Jämtland,1
Usulután,1
Konya,1
Taipei,1
Alabama,1
Arizona,1
Idaho,1
South Carolina,1
Utah,1
Washington,1
Maldonado,1
Paysandú,1
Barinas,1
Monagas,1
Táchira,1
Vargas,1
Ho Chi Minh City,1
