name,unique_entrances,total_entrances,visit_duration
/pl/3/tutorial/index.html,24,24,156
/pl/3/tutorial/datastructures.html,17,17,81
/pl/3/,12,12,323
/3/,11,11,1078
/pl/3/tutorial/venv.html,9,10,180
/pl/dev/tutorial/classes.html,9,9,4
/pl/3.13/tutorial/index.html,8,12,52
/pl/3/tutorial/controlflow.html,8,10,18
/pl/3/installing/index.html,7,8,40
/pl/dev/tutorial/datastructures.html,7,7,201
/pl/3/tutorial/modules.html,6,6,101
/3/tutorial/index.html,5,5,820
/pl/3/tutorial/,5,5,68
/pl/3/tutorial/interpreter.html,5,5,73
/pl/3/tutorial/introduction.html,5,5,330
/3.13/tutorial/index.html,4,4,1387
/pl/3/library/index.html,4,4,6
/pl/3/tutorial/appetite.html,4,5,10
/3/library/math.html,3,3,665
/pl/3/tutorial/classes.html,3,3,17
/pl/dev/library/turtle.html,3,3,0
/pl/dev/tutorial/inputoutput.html,3,3,0
/3.12/library/typing.html,2,2,158
/3.13/,2,2,66
/3/tutorial/controlflow.html,2,2,1261
/pl/3.13/library/index.html,2,2,68
/pl/3.13/library/venv.html,2,2,0
/pl/3.13/py-modindex.html,2,2,8
/pl/3.13/tutorial/controlflow.html,2,2,0
/pl/3/extending/extending.html,2,2,0
/pl/3/glossary.html,2,2,0
/pl/3/library/array.html,2,2,448
/pl/3/library/exceptions.html,2,2,5
/pl/3/library/functions.html,2,2,325
/pl/3/tutorial/inputoutput.html,2,2,0
/3.12/,1,1,16
/3.12/index.html,1,1,927
/3.13/library/,1,1,174
/3.13/tutorial/,1,1,6
/3.14/whatsnew/3.14.html,1,1,84
/3/howto/sorting.html,1,1,357
/3/index.html,1,1,937
/3/installing/index.html,1,1,0
/3/library/datetime.html,1,1,336
/3/library/email.examples.html,1,1,194
/3/library/idle.html,1,1,0
/3/library/ipaddress.html,1,1,3684
/3/library/json.html,1,1,18
/3/library/operator.html,1,1,5
/3/library/threading.html,1,1,0
/3/library/tkinter.html,1,1,687
/3/reference/datamodel.html,1,1,2395
/3/tutorial/classes.html,1,1,544
/3/tutorial/interpreter.html,1,1,379
/3/tutorial/venv.html,1,1,141
/dev/using/windows.html,1,1,15
/es/3.13/,1,1,45
/es/3.13/genindex-Z.html,1,1,3799
/ja/3.13/faq/general.html,1,1,229
/pl/3.12/library/array.html,1,1,490
/pl/3.12/library/intro.html,1,1,0
/pl/3.13/,1,1,370
/pl/3.13/contents.html,1,1,0
/pl/3.13/faq/windows.html,1,1,0
/pl/3.13/installing/index.html,1,1,3
/pl/3.13/library/,1,1,66
/pl/3.13/library/argparse.html,1,1,8
/pl/3.13/library/datetime.html,1,1,21
/pl/3.13/library/idle.html,1,1,0
/pl/3.13/library/math.html,1,1,2848
/pl/3.13/library/rlcompleter.html,1,1,28
/pl/3.13/library/turtle.html,1,1,0
/pl/3.13/library/unittest.html,1,1,273
/pl/3.13/library/uuid.html,1,1,3319
/pl/3.13/reference/introduction.html,1,1,0
/pl/3.13/tutorial/,1,1,37
/pl/3.13/tutorial/appetite.html,1,1,117
/pl/3.13/tutorial/datastructures.html,1,2,0
/pl/3.13/tutorial/errors.html,1,1,804
/pl/3.13/tutorial/inputoutput.html,1,1,0
/pl/3.13/tutorial/introduction.html,1,1,0
/pl/3.13/using/windows.html,1,1,19
/pl/3.13/whatsnew/index.html,1,1,444
/pl/3.14/tutorial/inputoutput.html,1,1,0
/pl/3/library/datatypes.html,1,1,0
/pl/3/library/idle.html,1,1,0
/pl/3/library/pathlib.html,1,1,0
/pl/3/library/re.html,1,1,2
/pl/3/reference/index.html,1,1,0
/pl/3/reference/lexical_analysis.html,1,1,0
/pl/3/search.html,1,1,63
/pl/3/tutorial/stdlib.html,1,1,0
/pl/3/using/windows.html,1,1,11
/pl/dev/library/ast.html,1,1,0
/pl/dev/library/functions.html,1,1,35
/pl/dev/library/http.client.html,1,1,0
/pl/dev/library/importlib.html,1,1,0
/pl/dev/tutorial/controlflow.html,1,1,0
/uk/3.13/tutorial/index.html,1,1,21
/zh-tw/3.13/,1,1,1143
