name,unique_exits,total_exits,exit_rate
/pl/3/tutorial/index.html,20,21,
/pl/3/tutorial/datastructures.html,18,19,
/pl/3/tutorial/introduction.html,11,12,
/pl/dev/tutorial/classes.html,10,10,
/pl/3/tutorial/venv.html,9,10,
/pl/3.13/tutorial/index.html,8,12,
/pl/3/,8,8,
/3/,7,6,
/pl/3/installing/index.html,7,8,
/pl/3/tutorial/controlflow.html,7,9,
/pl/3/tutorial/modules.html,5,5,
/pl/dev/tutorial/datastructures.html,5,6,
/pl/3/tutorial/appetite.html,4,5,
/pl/3/tutorial/classes.html,4,4,
/pl/3/tutorial/interpreter.html,4,5,
/pl/dev/library/turtle.html,4,4,
/3.13/tutorial/index.html,3,3,
/pl/3.13/library/venv.html,3,3,
/pl/3.13/tutorial/controlflow.html,3,3,
/pl/3.13/tutorial/interpreter.html,3,3,
/pl/3/glossary.html,3,3,
/pl/3/library/index.html,3,3,
/pl/3/tutorial/,3,3,
/pl/dev/tutorial/inputoutput.html,3,3,
/3/library/heapq.html,2,2,
/3/library/math.html,2,2,
/3/tutorial/controlflow.html,2,2,
/3/tutorial/index.html,2,2,
/pl/3.13/py-modindex.html,2,2,
/pl/3.13/tutorial/introduction.html,2,2,
/pl/3/extending/extending.html,2,2,
/pl/3/tutorial/inputoutput.html,2,2,
/pl/dev/library/functions.html,2,2,
/3.13/download.html,1,1,
/3.13/installing/index.html,1,1,
/3.13/library/calendar.html,1,1,
/3.13/library/email.examples.html,1,1,
/3.13/library/math.html,1,1,
/3.13/search.html,1,1,
/3.13/using/cmdline.html,1,1,
/3.13/using/windows.html,1,1,
/3.13/whatsnew/changelog.html,1,1,
/3.15/using/cmdline.html,1,1,
/3/index.html,1,1,
/3/installing/index.html,1,1,
/3/library/datetime.html,1,1,
/3/library/idle.html,1,1,
/3/library/index.html,1,1,
/3/library/ipaddress.html,1,1,
/3/library/itertools.html,1,1,
/3/library/stdtypes.html,1,1,
/3/library/threading.html,1,1,
/3/library/venv.html,1,1,
/3/license.html,1,1,
/3/reference/datamodel.html,1,1,
/3/tutorial/classes.html,1,1,
/3/using/windows.html,1,1,
/3/whatsnew/3.12.html,1,1,
/el/3.13/library/math.html,1,1,
/es/3.13/tutorial/index.html,1,1,
/es/3.13/tutorial/introduction.html,1,1,
/ja/3.12/,1,1,
/pl/3.12/installing/index.html,1,1,
/pl/3.12/library/intro.html,1,1,
/pl/3.12/search.html,1,1,
/pl/3.12/tutorial/introduction.html,1,1,
/pl/3.13/contents.html,1,1,
/pl/3.13/faq/windows.html,1,1,
/pl/3.13/library/,1,1,
/pl/3.13/library/abc.html,1,1,
/pl/3.13/library/idle.html,1,1,
/pl/3.13/library/index.html,1,1,
/pl/3.13/library/intro.html,1,1,
/pl/3.13/library/math.html,1,1,
/pl/3.13/library/operator.html,1,1,
/pl/3.13/library/turtle.html,1,1,
/pl/3.13/reference/compound_stmts.html,1,1,
/pl/3.13/reference/introduction.html,1,3,
/pl/3.13/search.html,1,1,
/pl/3.13/tutorial/,1,2,
/pl/3.13/tutorial/datastructures.html,1,2,
/pl/3.13/tutorial/inputoutput.html,1,1,
/pl/3.14/tutorial/inputoutput.html,1,1,
/pl/3.14/whatsnew/3.14.html,1,1,
/pl/3.15/using/windows.html,1,1,
/pl/3/library/array.html,1,1,
/pl/3/library/datatypes.html,1,1,
/pl/3/library/functions.html,1,1,
/pl/3/library/idle.html,1,1,
/pl/3/library/intro.html,1,1,
/pl/3/library/pathlib.html,1,1,
/pl/3/library/re.html,1,1,
/pl/3/reference/datamodel.html,1,1,
/pl/3/reference/index.html,1,1,
/pl/3/reference/lexical_analysis.html,1,1,
/pl/3/tutorial/stdlib.html,1,1,
/pl/dev/library/ast.html,1,1,
/pl/dev/library/http.client.html,1,1,
/pl/dev/library/importlib.html,1,1,
/pl/dev/tutorial/controlflow.html,1,1,
