name,visitors,pageviews,bounce_rate,time_on_page,scroll_depth
/fr/3.13/tutorial/index.html,157,228,65,50,58
/fr/3.13/,55,66,30,19,75
/fr/3.13/tutorial/interpreter.html,51,60,84,83,72
/fr/3/tutorial/,44,56,59,20,56
/fr/3.13/tutorial/datastructures.html,43,40,89,206,31
/fr/3.13/library/tkinter.html,39,40,56,43,42
/fr/3.13/search.html,39,66,62,24,41
/fr/3/tutorial/datastructures.html,39,42,72,4230,27
/fr/3/tutorial/index.html,39,44,60,67,58
/fr/3/tutorial/introduction.html,39,50,79,158,59
/fr/3.13/tutorial/appetite.html,38,31,12,39,82
/fr/3/tutorial/appetite.html,35,30,38,187,89
/fr/3.13/tutorial/introduction.html,33,30,67,135,66
/fr/3.13/tutorial/controlflow.html,32,33,77,100,46
/fr/3/,30,36,50,14,79
/fr/3/tutorial/interpreter.html,28,24,75,131,65
/fr/3.13/tutorial/classes.html,24,20,92,100,44
/fr/3/library/stdtypes.html,24,29,69,71,45
/fr/3/tutorial/controlflow.html,21,18,82,90,34
/fr/3.13/using/windows.html,19,15,89,40,43
/fr/3/search.html,18,28,29,15,55
/fr/3.13/library/functions.html,17,16,100,51,59
/fr/3.13/library/index.html,17,15,75,21,38
/fr/3/library/json.html,16,15,77,144,27
/fr/3.13/tutorial/modules.html,15,15,100,109,66
/fr/3/library/csv.html,14,14,100,35,46
/fr/3.13/library/datetime.html,12,14,91,241,35
/fr/3.13/library/stdtypes.html,12,11,100,44,16
/fr/3/howto/regex.html,12,19,54,266,40
/fr/3/library/__main__.html,12,13,91,12,33
/fr/3/tutorial/errors.html,12,12,91,152,36
/fr/3/tutorial/inputoutput.html,12,13,89,17,28
/fr/3.13/contents.html,11,16,50,34,32
/fr/3.13/index.html,11,11,100,40,70
/fr/3.13/library/turtle.html,11,17,33,257,44
/fr/3.13/reference/compound_stmts.html,11,7,75,89,34
/fr/3.13/reference/index.html,11,12,0,30,78
/fr/3.13/reference/lexical_analysis.html,11,9,50,56,47
/fr/3.13/tutorial/,11,21,50,55,66
/fr/3.13/tutorial/stdlib2.html,11,18,50,90,67
/fr/3/tutorial/venv.html,11,10,88,104,68
/fr/3.13/howto/unicode.html,10,12,70,85,42
/fr/3.13/library/random.html,10,11,60,198,30
/fr/3.13/tutorial/errors.html,10,11,67,46,24
/fr/3/library/index.html,10,11,83,36,34
/fr/dev/installing/index.html,10,10,100,40,58
/fr/3/contents.html,9,10,50,13,31
/fr/3/library/sys.html,9,8,100,47,56
/fr/3/library/tkinter.html,9,8,60,41,50
/fr/3.13/glossary.html,8,7,100,36,25
/fr/3.13/library/exceptions.html,8,5,100,29,22
/fr/3.13/tutorial/stdlib.html,8,6,50,83,40
/fr/3/library/datetime.html,8,8,60,67,26
/fr/3/library/random.html,8,8,83,47,25
/fr/3/tutorial/modules.html,8,7,83,54,66
/fr/3.13/library/,7,11,33,47,33
/fr/3.13/library/math.html,7,9,86,80,47
/fr/3.13/library/tkinter.ttk.html,7,6,100,7,8
/fr/3.13/tutorial/inputoutput.html,7,7,100,19,41
/fr/3.13/tutorial/venv.html,7,8,0,119,63
/fr/3/installing/index.html,7,5,80,38,67
/fr/3/library/statistics.html,7,8,86,13,17
/fr/3/library/string.html,7,6,40,35,31
/fr/3.13/howto/sorting.html,6,6,100,25,39
/fr/3.13/library/base64.html,6,6,100,27,57
/fr/3.13/library/idle.html,6,7,67,40,26
/fr/3.13/library/intro.html,6,4,0,52,76
/fr/3.13/library/os.html,6,6,100,3,3
/fr/3.13/library/re.html,6,6,100,21,9
/fr/3.13/library/tk.html,6,6,0,19,67
/fr/3.13/tutorial/appendix.html,6,4,0,11,52
/fr/3.13/using/cmdline.html,6,5,100,16,28
/fr/3.15/,6,5,0,5,73
/fr/3/library/functions.html,6,5,50,30,51
/fr/3/library/os.html,6,7,100,40,52
/fr/3/library/re.html,6,10,60,36,48
/fr/3/library/turtle.html,6,5,80,11,23
/fr/3/whatsnew/3.13.html,6,6,0,42,16
/fr/3.13/library/dialog.html,5,5,50,37,57
/fr/3.13/library/operator.html,5,5,100,8,46
/fr/3.13/library/subprocess.html,5,5,100,97,45
/fr/3.13/library/time.html,5,3,0,48,34
/fr/3.13/py-modindex.html,5,4,100,11,34
/fr/3.13/reference/simple_stmts.html,5,3,100,293,72
/fr/3.13/tutorial/whatnow.html,5,6,0,181,95
/fr/3.13/whatsnew/3.13.html,5,6,0,12,10
/fr/3/howto/logging.html,5,5,100,12,7
/fr/3/index.html,5,4,67,9,72
/fr/3/py-modindex.html,5,4,50,8,10
/fr/3.13/download.html,4,3,0,8,96
/fr/3.13/genindex-Symboles.html,4,7,50,22,31
/fr/3.13/library/decimal.html,4,4,100,108,14
/fr/3.13/library/smtplib.html,4,6,75,49,100
/fr/3.13/reference/import.html,4,4,75,36,34
/fr/3.13/tutorial/floatingpoint.html,4,3,0,11,98
/fr/3.13/using/index.html,4,3,100,16,80
/fr/3/library/enum.html,4,4,33,20,36
/fr/3/library/glob.html,4,3,67,27,51
/fr/3/library/math.html,4,3,100,53,68
/fr/3/library/multiprocessing.html,4,4,50,24,37
