name,visitors,bounce_rate,visit_duration
Direct / None,486,65,258
google.com,454,77,163
bing.com,37,74,32
openclassrooms.com,33,76,257
chatgpt.com,25,52,323
python.org,23,0,576
duckduckgo.com,20,71,136
search.brave.com,20,62,39
ecosia.org,9,75,86
fr.search.yahoo.com,7,33,406
youtube.com,6,100,0
fsg-pax-p-jhn01.pax.ulaval.ca,5,83,248
google.fr,5,100,847
qwant.com,4,75,382
commentouvrir.com,2,100,0
in.search.yahoo.com,2,0,39
python.sdv.u-paris.fr,2,100,0
realpython.com,2,0,8
wiki.python.org,2,50,253
zestedesavoir.com,2,100,0
baidu.com,1,0,9
blog.hubspot.fr/website/formation-python,1,0,919
claude.ai,1,100,0
formationweb-lus.github.io,1,100,0
foucherconnect.fr,1,100,0
fsg-pax-a-jhn01.fsg.ulaval.ca,1,100,0
github.com,1,0,1317
gogolplex.org,1,100,0
google.com/url,1,100,0
m.baidu.com/from=1020761f/bd_page_type=1/ssid=0/uid=0/pu=usm%401%2Csz%401320_1001%2Cta%40iphone_2_15.0_19_25.8/baiduid=D117363AF7E033CBFB7E6C5589201822/w=0_10_/t=iphone/l=1/tc,1,100,0
m.baidu.com/from=1040455c/bd_page_type=1/ssid=0/uid=0/pu=sz%401320_480%2Ccuid%40082-ig8uHtlOaSt1_aHPfYuLv8jQaStHlP-ouYuqBa8j9QMhga1J8LIWA%2Ccua%40_a2SiyaO2ig4NE6lI5me6NN0-I_Uh2N5gI2EfAqSC%2Cosname%40baiduboxapp%2Cctv%402%2Ccfrom%401030738b%2Ccen%40cuid_cua%2Cc3_aid%40A00-ADTQOJYHFVBI7T6Z3MOACOJPZZBYPYF2-BQYCWD6M%2Ccsrc%40app_mainbox_txt%2Cta%40iphone___31_9.3%2Cusm%400/baiduid=E27A47C06C5644B66043629E0748C1A0/w=0_10_/t=iphone/l=1/tc,1,100,0
manual.calibre-ebook.com,1,0,17
perplexity.ai,1,100,0
pip.pypa.io,1,0,344
python.developpez.com,1,0,1
qwantjunior.com,1,0,29
removal.eventlet.org,1,100,0
search.avastbrowser.com/serp,1,100,0
search.lilo.org,1,0,57
udemy.com,1,0,17
