name,unique_exits,total_exits,exit_rate
/pt-br/latest/guides/installing-using-pip-and-virtual-environments/,5,5,
/pt-br/latest/guides/writing-pyproject-toml/,5,5,
/en/latest/tutorials/installing-packages/,4,4,
/pt-br/latest/tutorials/installing-packages/,4,4,
/pt-br/latest/tutorials/packaging-projects/,4,4,
/en/latest/tutorials/packaging-projects/,2,2,
/en/latest/glossary/,1,1,
/en/latest/specifications/pylock-toml/,1,1,
/pt-br/latest/guides/modernize-setup-py-project/,1,1,
/pt-br/latest/guides/tool-recommendations/,1,1,
/pt-br/latest/key_projects/,1,1,
/pt-br/latest/specifications/core-metadata/,1,1,
/pt-br/latest/specifications/dependency-specifiers/,1,1,
/pt-br/latest/specifications/entry-points/,1,1,
/pt-br/latest/specifications/virtual-environments/,1,1,
