name,visitors
Rome,24
Milan,24
Bologna,13
Turin,12
Naples,10
Padova,4
Genoa,4
Rimini,3
Florence,3
Brescia,3
Palermo,2
Vignola,2
Siena,2
Oggiono,2
Carrè,2
Uzhgorod,1
Coimbatore,1
Shanghai,1
Sydney,1
San Giovanni la Punta,1
Salve,1
Rende,1
Palmi,1
Catanzaro,1
Catania,1
Cagliari,1
Lugano,1
Munich,1
Bonn,1
Paris,1
Mougins,1
Le Plessis-Robinson,1
Zola Predosa,1
Viareggio,1
Venice,1
Trieste,1
Trezzano Rosa,1
Treviso,1
Sesto Fiorentino,1
Scandiano,1
Sassuolo,1
Santarcangelo,1
San Pietro Vernotico,1
San Giuliano Terme,1
San Francesco al Campo,1
Salerno,1
Rutigliano,1
Pozza di Fassa,1
Potenza,1
Porcia,1
Piovene Rocchette,1
Pescara,1
Perugia,1
Parma,1
Oliveto Citra,1
Monza,1
Monte Urano,1
Mondolfo,1
Lanuvio,1
Imola,1
Giussano,1
Garbagnate Milanese,1
Galliate,1
Empoli,1
Dalmine,1
Crema,1
Cologno Monzese,1
Città di Castello,1
Cento,1
Castelplanio,1
Casapulla,1
Bolzano,1
Bitonto,1
Bientina,1
Bari,1
Ascoli Piceno,1
Adro,1
Tirana,1
Požega,1
San Polo di Piave,1
União da Vitória,1
Florianópolis,1
Forest Park,1
Pontey,1
Garbagnate Monastero,1
Villafranca Padovana,1
