name,version,visitors
Chrome,139.0,1493
Microsoft Edge,139.0,286
Firefox,142.0,111
Chrome,138.0,98
Opera,120.0,87
Safari,18.6,35
Firefox,128.0,28
Firefox,141.0,21
Safari,18.5,18
Chrome,137.0,16
Microsoft Edge,138.0,16
Chrome,135.0,15
Mobile App,(not set),12
Chrome,109.0,12
Chrome,126.0,9
Chrome,103.0,6
Firefox,140.0,6
Chrome,131.0,5
Chrome,136.0,5
Chrome,122.0,4
Microsoft Edge,136.0,4
Firefox,115.0,3
Chrome,119.0,3
Chrome,120.0,3
Chrome,123.0,3
Chrome,127.0,3
Chrome,129.0,3
Chrome,130.0,3
Chrome,132.0,3
Chrome,134.0,3
Safari,16.2,3
Opera,91.0,3
Chrome,104.0,2
Chrome,106.0,2
Chrome,107.0,2
Firefox,110.0,2
Firefox,121.0,2
Chrome,127,2
Microsoft Edge,128.0,2
Chrome,133.0,2
Microsoft Edge,141.0,2
Firefox,144.0,2
Safari,17.5,2
Safari,17.6,2
Safari,18.0,2
Safari,18.3,2
Opera GX,2.9,2
Samsung Browser,28.0,2
Android Browser,(not set),1
360 Secure Browser,(not set),1
Firefox,102.0,1
Chrome,108.0,1
Huawei Browser Mobile,11.1,1
Microsoft Edge,110.0,1
Chrome,111.0,1
Firefox,117.0,1
Chrome,121.0,1
Microsoft Edge,124.0,1
Chrome,125.0,1
Chrome,128.0,1
AVG Secure Browser,128.0,1
Ecosia,129.0,1
Microsoft Edge,132.0,1
Firefox,134.0,1
Microsoft Edge,134.0,1
Firefox,136.0,1
Firefox,138.0,1
Firefox,139.0,1
Microsoft Edge,140.0,1
Firefox,143.0,1
Safari,15.5,1
Safari,15.6,1
Safari,17.14,1
Safari,18.1,1
MIUI Browser,20.1,1
Safari,26.0,1
Chrome,69.0,1
Chrome,83.0,1
Chrome,87.0,1
Firefox,88.0,1
Smart Lenovo Browser,9.0,1
Mobile App,97.0,1
Chrome,99.0,1
