property,value,visitors,events,percentage
url,(none),5398,9594,99.6
url,https://www.python.org/,119,132,2.2
url,https://github.com/python/cpython/tree/3.13/Lib/tkinter/__init__.py,21,21,0.4
url,https://wiki.python.org/moin/BeginnersGuide,12,12,0.2
url,https://tkdocs.com/,10,10,0.2
url,https://github.com/python/cpython/tree/3.13/Lib/idlelib/,6,6,0.1
url,https://pypi.org/,4,4,0.1
url,https://www.tcl.tk/man/tcl8.6/TkCmd/contents.htm,4,4,0.1
url,https://packaging.python.org/en/latest/tutorials/installing-packages/#ensure-pip-setuptools-and-wheel-are-up-to-date,3,3,0.1
url,https://www.python.org/downloads/,3,3,0.1
url,https://github.com/python/cpython/tree/3.13/Lib/random.py,2,3,0.0
url,https://github.com/python/cpython/tree/3.13/Lib/statistics.py,2,2,0.0
url,https://peps.python.org/pep-0008/,2,2,0.0
url,https://wiki.python.org/moin/PythonEditors,2,2,0.0
url,https://www.packtpub.com/en-us/product/python-gui-programming-with-tkinter-9781788835886,2,2,0.0
url,https://www.sqlite.org/,2,2,0.0
url,https://www.tkdocs.com/shipman/,2,2,0.0
url,http://www.zlib.net/manual.html,1,1,0.0
url,https://code.activestate.com/recipes/576707-long-period-random-number-generator/,1,1,0.0
url,https://devguide.python.org/,1,1,0.0
url,https://docutils.sourceforge.io/,1,1,0.0
url,https://en.wikipedia.org/wiki/C11_(C_standard_revision)#Optional_features,1,1,0.0
url,https://en.wikipedia.org/wiki/IEEE_754,1,1,0.0
url,https://en.wikipedia.org/wiki/Kernel_(statistics),1,1,0.0
url,https://en.wikipedia.org/wiki/Simple_linear_regression,1,1,0.0
url,https://es.wikipedia.org/wiki/Coeficiente_de_correlaci%C3%B3n_de_Spearman,1,1,0.0
url,https://es.wikipedia.org/wiki/Funci%C3%B3n_de_densidad_de_probabilidad,1,1,0.0
url,https://github.com/python/cpython/blob/main/Doc/library/string.rst,1,1,0.0
url,https://github.com/python/cpython/blob/main/Doc/reference/import.rst,1,1,0.0
url,https://github.com/python/cpython/tree/3.13/Lib/bisect.py,1,1,0.0
url,https://github.com/python/cpython/tree/3.13/Lib/email/__init__.py,1,1,0.0
url,https://github.com/python/cpython/tree/3.13/Lib/email/utils.py,1,1,0.0
url,https://github.com/python/cpython/tree/3.13/Lib/ftplib.py,1,1,0.0
url,https://github.com/python/cpython/tree/3.13/Lib/heapq.py,1,1,0.0
url,https://github.com/python/cpython/tree/3.13/Lib/html/__init__.py,1,1,0.0
url,https://github.com/python/cpython/tree/3.13/Lib/idlelib,1,1,0.0
url,https://github.com/python/cpython/tree/3.13/Lib/quopri.py,1,1,0.0
url,https://github.com/python/cpython/tree/3.13/Lib/socket.py,1,1,0.0
url,https://github.com/python/cpython/tree/3.13/Lib/textwrap.py,1,1,0.0
url,https://github.com/python/cpython/tree/3.13/Lib/tkinter/messagebox.py,1,1,0.0
url,https://github.com/python/cpython/tree/3.13/Lib/venv/,1,1,0.0
url,https://github.com/python/cpython/tree/3.13/Lib/xml/etree/ElementTree.py,1,1,0.0
url,https://github.com/python/cpython/tree/main/Lib/abc.py,1,1,0.0
url,https://github.com/python/cpython/tree/main/Lib/tkinter/__init__.py,1,1,0.0
url,https://learning-python.com/about-pp4e.html,1,1,0.0
url,https://packaging.python.org/installing/#requirements-for-installing-packages,1,1,0.0
url,https://peps.python.org/pep-0596/,1,1,0.0
url,https://peps.python.org/pep-0719/,1,1,0.0
url,https://pypi.org/project/DateType/,1,1,0.0
url,https://scipy.org/,1,1,0.0
url,https://tiswww.case.edu/php/chet/readline/rltop.html,1,1,0.0
url,https://wiki.python.org/moin/IntegratedDevelopmentEnvironments,1,1,0.0
url,https://wiki.python.org/moin/PythonBooks,1,1,0.0
url,https://www.itm-conferences.org/articles/itmconf/pdf/2018/08/itmconf_sam2018_00037.pdf,1,1,0.0
url,https://www.python.org/doc/versions/,1,1,0.0
url,https://www.python.org/downloads/windows/,1,1,0.0
url,https://www.unicode.org/,1,1,0.0
url,https://www.zlib.net/,1,1,0.0
