name,visitors,pageviews,bounce_rate,time_on_page,scroll_depth
/es/3/tutorial/,726,935,60,40,54
/es/3.13/library/tkinter.html,373,425,75,65,37
/es/3.13/tutorial/index.html,361,466,69,426,47
/es/3/tutorial/interpreter.html,253,251,62,74,73
/es/3/tutorial/index.html,234,296,58,40,48
/es/3/tutorial/appetite.html,216,189,48,62,87
/es/3/tutorial/introduction.html,193,189,77,167,53
/es/3.13/,178,218,40,29,76
/es/3.13/library/index.html,156,258,66,83,42
/es/3.13/tutorial/venv.html,152,155,91,44,52
/es/3/tutorial/controlflow.html,143,150,73,137,34
/es/3.13/tutorial/datastructures.html,136,144,90,73,39
/es/3.13/library/functions.html,134,151,82,119,39
/es/3.13/search.html,128,538,43,87,55
/es/3.13/tutorial/introduction.html,122,131,73,145,56
/es/3.13/tutorial/interpreter.html,115,114,69,98,72
/es/3.13/library/tk.html,107,124,53,30,61
/es/3/library/index.html,107,119,70,32,32
/es/3/,102,123,60,49,80
/es/3/library/stdtypes.html,102,127,79,80,32
/es/3.13/tutorial/classes.html,100,128,84,78,38
/es/3.13/tutorial/appetite.html,87,87,53,108,84
/es/3/tutorial/datastructures.html,87,87,84,115,43
/es/3.13/tutorial/controlflow.html,84,110,74,195,34
/es/3.13/library/stdtypes.html,83,114,70,219,38
/es/3.13/installing/index.html,79,76,92,40,62
/es/3.13/library/idle.html,76,93,71,20,27
/es/3.13/tutorial/errors.html,67,69,86,61,35
/es/3.13/library/venv.html,63,60,91,18,24
/es/3.13/using/windows.html,59,49,73,58,30
/es/3.13/library/datetime.html,58,60,83,49,18
/es/3.13/library/random.html,58,71,88,120,34
/es/3.13/library/re.html,56,58,88,82,32
/es/3/library/functions.html,51,52,83,82,49
/es/3/search.html,50,87,32,27,50
/es/3/library/tkinter.html,47,48,88,49,28
/es/3/tutorial/classes.html,47,48,83,110,34
/es/3.13/contents.html,46,51,50,35,6
/es/3.13/tutorial/modules.html,46,56,82,76,55
/es/3.13/glossary.html,45,52,45,60,35
/es/3.13/tutorial/inputoutput.html,44,44,82,36,34
/es/3.13/library/tkinter.ttk.html,43,49,83,80,45
/es/3.13/library/math.html,38,37,90,77,35
/es/3/library/argparse.html,36,39,82,175,25
/es/3/tutorial/modules.html,35,30,73,124,46
/es/3.13/index.html,34,33,70,16,79
/es/3/library/json.html,34,37,93,32,22
/es/3.13/howto/regex.html,33,36,91,70,35
/es/3.13/tutorial/,32,35,75,39,45
/es/3.13/whatsnew/3.13.html,31,25,78,16,10
/es/dev/tutorial/controlflow.html,31,32,88,80,28
/es/3/contents.html,30,32,45,16,3
/es/3.13/library/array.html,29,32,84,70,76
/es/3.13/reference/compound_stmts.html,28,37,77,92,30
/es/3/glossary.html,28,28,79,128,34
/es/3/library/exceptions.html,27,25,84,47,46
/es/3.13/library/string.html,26,28,84,47,23
/es/3.13/reference/index.html,26,38,44,49,80
/es/3/tutorial/venv.html,26,22,100,40,59
/es/3/library/random.html,25,29,88,131,27
/es/3.13/reference/import.html,24,22,82,20,40
/es/3.13/howto/logging.html,23,22,94,132,32
/es/3.13/library/csv.html,23,23,94,27,22
/es/3.13/library/__main__.html,22,23,88,17,35
/es/3/tutorial/errors.html,22,21,81,99,44
/es/3.13/using/editors.html,21,22,67,13,99
/es/3/library/asyncio.html,21,21,74,40,79
/es/3/library/math.html,21,21,87,54,33
/es/3.13/py-modindex.html,20,24,50,14,30
/es/3/reference/compound_stmts.html,19,19,100,41,13
/es/3/reference/index.html,19,22,60,40,58
/es/3/tutorial/inputoutput.html,19,18,90,101,61
/es/3/using/cmdline.html,19,17,100,37,29
/es/3.13/genindex.html,18,27,0,9,100
/es/3.13/library/collections.html,18,22,91,70,42
/es/3.13/library/intro.html,18,13,40,43,82
/es/3.13/library/sys.html,18,16,73,32,20
/es/3/genindex-Símbolos.html,18,19,53,24,32
/es/3.13/library/pathlib.html,17,14,89,39,23
/es/3/library/statistics.html,17,22,60,159,31
/es/3/tutorial/stdlib.html,17,16,75,30,60
/es/3/using/windows.html,17,25,85,16,24
/es/3.12/tutorial/index.html,16,23,55,22,42
/es/3/installing/index.html,16,17,100,64,70
/es/dev/library/zlib.html,16,16,87,3,23
/es/3.13/library/logging.html,15,15,71,98,26
/es/3.13/library/os.html,15,16,83,74,27
/es/3.13/library/shutil.html,15,14,100,96,33
/es/3.13/library/smtplib.html,15,15,89,24,38
/es/3.13/library/subprocess.html,15,15,91,206,33
/es/3/index.html,15,14,73,11,57
/es/3/library/functools.html,15,15,62,57,27
/es/3/tutorial/appendix.html,15,14,33,29,100
/es/dev/tutorial/,15,17,77,51,54
/es/dev/library/venv.html,14,13,100,116,38
/es/3.13/library/calendar.html,13,15,88,15,26
/es/3.13/library/constants.html,13,13,67,69,91
/es/3.13/library/pprint.html,13,12,90,16,27
/es/3/library/base64.html,13,10,100,29,54
/es/3/library/tk.html,13,15,45,24,50
