name,visitors,bounce_rate,visit_duration
google.com,2556,77,127
Direct / None,1991,69,210
bing.com,200,73,202
es.python.org,162,53,161
python.org,112,0,334
search.brave.com,94,82,102
chatgpt.com,68,67,218
duckduckgo.com,21,84,190
google.es,21,74,217
app.aluracursos.com,15,83,23
pensamientocomputacional.dev.ar,12,75,31
google.com.mx,11,70,68
wiki.python.org.ar,11,67,91
m.baidu.com,9,100,0
aulavirtual.upc.edu.pe,8,100,0
google.cl,8,88,18
ingenia.udea.edu.co,7,86,1
skilio.com,7,71,5
campus.inap.es,6,100,0
wiki.python.org,6,0,1486
baidu.com,5,100,0
copilot.microsoft.com,5,60,14
csic.adrformacion.com,5,100,0
es.search.yahoo.com,5,60,258
github.com,5,100,0
perplexity.ai,5,67,104
algoritmos1rw.ddns.net,4,0,89
android-app://com.google.android.googlequicksearchbox,4,75,14
educapermanente.itla.edu.do,4,20,1891
google.com.pe,4,100,0
intranet.cftestatalaricayparinacota.cl,4,71,342
mx.search.yahoo.com,4,75,1
unisabanae-learning.unisabana.edu.co,4,100,0
bbbcapacitaciones.chaco.gob.ar,3,100,0
developer.mozilla.org,3,0,1062
escuela.pontia.tech,3,25,34
evapresencial.americana.edu.co,3,33,1054
gemini.google.com,3,100,0
github.com/mouredev/Hello-Python,3,33,16
learn.universidadviu.com,3,100,0
netacad.com,3,0,279
search.yahoo.com,3,100,0
statics.teams.cdn.office.net,3,100,254
ar.search.yahoo.com,2,0,0
campus.unab.edu.ar,2,50,19
campus109.unad.edu.co,2,33,503
campus118.unad.edu.co,2,50,26
cl.search.yahoo.com,2,50,9
co.search.yahoo.com,2,100,0
ecosia.org,2,100,0
edu.xunta.gal,2,50,2
freecodecamp.org,2,100,0
google.co.ve,2,50,34
google.com.co,2,50,906
hablemospython.dev,2,50,45
interactivechaos.com,2,100,0
m.baidu.com/from=1012852q/bd_page_type=1/ssid=0/uid=0/pu=usm%400%2Csz%401320_1004%2Cta%40iphone_2_15.0_11_19.4/baiduid=26D40515DF0F0A4D65DCB06DEC7A6A37/w=0_10_/t=iphone/l=1/tc,2,0,4
pandas.pydata.org,2,0,234
pe.search.yahoo.com,2,100,0
presencial.aulasuniminuto.edu.co,2,100,0
react-app-python-runner.vercel.app,2,33,162
realpython.com,2,0,1085
tecno12-18.com,2,100,0
v3.coderhouse.com,2,100,0
wiki.python.org/moin/SpanishLanguage,2,50,86
youtube.com,2,100,0
app.certidevs.com,1,100,0
app.codica.la/challenges/python_data_abstraction_store_exercise,1,100,0
aulasbach2425.castillalamancha.es,1,100,0
bit.learn.ada-school.org,1,100,0
blog.espol.edu.ec,1,100,0
campusvirtual.thebridge.tech,1,0,5
cdn.alumni.education,1,100,0
cf-courses-data.static.labs.skills.network,1,0,8
chat.deepseek.com,1,100,0
clases.unitepc.com.bo,1,0,51
classroom.google.com,1,100,0
cv.iebschool.com,1,100,0
docs.google.com,1,100,0
ecursos.claseejecutiva.cl,1,100,0
estudiantes.campus.humai.com.ar,1,100,0
fcytvirtual.entrerios.gov.ar,1,100,0
formacion.rtve.es,1,0,69
freecodecamp.org/espanol/news/guia-de-funciones-de-python-con-ejemplos,1,100,0
freecodecamp.org/espanol/news/python-ejemplos-de-codigo-tutorial-de-programacion-en-python-desde-cero-para-principiantes,1,100,0
github.com/midudev/curso-python,1,100,0
github.com/mouredev/Hello-Python/tree/main,1,0,64
google.co.uk,1,0,1
google.com.ar,1,100,0
google.com.do,1,100,0
google.com.ec,1,100,0
google.com.ni,1,100,0
google.com.sv,1,0,901
google.fr,1,100,0
google.it,1,100,0
google.ru,1,0,2604
hektorprofe.github.io,1,0,1056
in.search.yahoo.com,1,0,0
jupyterlabnext-1-labs-prod-jupyterlab-us-east-0.labs.cognitiveclass.ai,1,0,8
lmsexpertasuacoursera.unad.edu.co,1,100,0
m.baidu.com/from=1001192y/bd_page_type=1/ssid=0/uid=0/pu=usm%400%2Csz%401320_1001%2Cta%40iphone_2_12.0_28_16.0/baiduid=610F028482E68044CEE0BB1ABE30A07C/w=0_10_/t=iphone/l=1/tc,1,0,0
mclibre.org,1,0,40
metacrawler.com/serp,1,100,0
missions.eutika.com,1,100,0
moodle.riwi.io,1,100,0
moodle4.terresdeponent.cat,1,100,0
platform.bbva.com,1,0,29
review4.in,1,100,0
roadmap.sh,1,0,89
runtime-app.powerplatform.com,1,100,0
savio.utb.edu.co,1,100,0
tiffinglobal.myopenlms.net,1,0,870
translate.google.com,1,100,0
ttech2025.github.io,1,100,0
udemy.com,1,0,158
udla.brightspace.com,1,0,18
utelx.io,1,100,0
yandex.ru,1,0,935
