name,visitors,bounce_rate,visit_duration
Google,4246,83,67
pypi.org,3770,79,61
Direct / None,2814,73,109
jupyter.org,457,80,25
pip.pypa.io,379,71,71
docs.python.org,269,73,85
Bing,246,81,62
DuckDuckGo,155,73,115
Yandex,120,84,83
GitHub,110,77,121
Brave,105,84,88
docs.astral.sh,88,81,33
peps.python.org,72,68,52
ai.google.dev,37,76,74
Ecosia,35,73,44
Microsoft Teams,35,86,54
test.pypi.org,25,73,284
chatgpt.com,21,86,37
discuss.python.org,19,68,32
setuptools.pypa.io,16,81,13
warehouse.pypa.io,16,71,55
builtin.com,13,73,30
packaging.pypa.io,13,77,26
Youtube,10,90,93
docs.pypi.org,10,64,95
python-poetry.org,9,80,63
roadmap.sh,9,100,0
realpython.com,8,71,36
huggingface.co,7,86,163
kagi.com,7,67,93
qiita.com,7,43,47
uv.doczh.com,7,88,1
Perplexity,6,67,4
Qwant,6,83,43
link.gitcode.com,6,83,193
pydevtools.com,6,67,128
rushhour.fmr.com,6,83,12
validate-pyproject.readthedocs.io,6,83,13
clipsai.com,5,80,3
devdocs.ms.com,5,67,334
docs.pytest.org,5,60,251
flask.palletsprojects.com,5,80,20
link.csdn.net,5,80,165
pypa.io,5,20,512
pypi.com.cn,5,80,2
python.org,5,50,15
robotframework.org,5,100,0
scikit-build-core.readthedocs.io,5,80,25
statics.gov.teams.microsoft.us,5,100,0
Yahoo!,4,100,0
confluence.bell.corp.bce.ca,4,75,0
pygraphviz.github.io,4,100,0
scipy.org,4,50,387
tutti.prod.bloomberg.com,4,75,232
beebeeai.feishu.cn,3,100,0
cantera.org,3,100,0
dev.azure.com,3,25,912
devguide.python.org,3,100,0
docs.ansible.com,3,67,72
hatch.pypa.io,3,100,0
launchpad.net,3,100,0
link.zhihu.com,3,100,0
opengeosys.org,3,100,0
pixi.sh,3,100,0
python.plainenglish.io,3,67,67
sphinx-doc.org,3,33,20
substack,3,67,2
twine.readthedocs.io,3,100,0
upload.pypi.org,3,67,5
Baidu,2,100,88
Lilo,2,50,14
Naver,2,100,0
airflow.apache.org,2,67,2
appian-locust.readthedocs.io,2,100,0
bbgithub.dev.bloomberg.com,2,100,0
bitbucket.org,2,50,332
chatgpt.com https://medium.com,2,100,0
claude.ai,2,100,0
confluence.elevancehealth.com,2,100,0
devsjc.github.io,2,100,0
docs.conda.io,2,50,12
docs.sensmetry.com,2,100,15
github-com.translate.goog,2,100,0
jubilant-yodel-gw49q95p9v4f5xp.github.dev,2,100,0
justinmatters.co.uk,2,50,709
kkb-production.jupyter-proxy.kaggle.net,2,100,0
llm.cib.echonet,2,100,0
lms.skillfactory.ru,2,100,0
medium.com,2,50,2
mkdocstrings.github.io,2,100,0
mujoco.readthedocs.io,2,100,0
numba.readthedocs.io,2,100,0
packaging-python-org.translate.goog,2,50,20
safe.menlosecurity.com,2,100,0
sictool,2,100,0
strandsagents.com,2,100,0
19a514c83358cf04-dot-northamerica-northeast1.notebooks.googleusercontent.com,1,100,0
Coccoc,1,100,0
Slack,1,100,0
aiida.readthedocs.io,1,100,0
athena.alxafrica.com,1,100,0
aubio.readthedocs.io,1,100,0
avslab.github.io,1,100,0
black.readthedocs.io,1,100,0
blog.pypi.org,1,100,0
bugs.launchpad.net,1,100,0
build.pypa.io,1,0,146
castlight.atlassian.net,1,100,0
castor.atlassian.net,1,100,0
chat.ai.edeka,1,100,0
chat.baidu.com,1,100,0
chatbot.sqpc.sqrpnt.com,1,100,0
chofer.cloud.toyota.com,1,100,0
city.ya.ru,1,100,0
cloud-4a5ebced-c6bc-4510-993d-67f08d3830c5.snt9b.xihe.mindspore.cn,1,100,0
code.byted.org,1,100,0
code.kx.com,1,0,7
coderivers.org,1,0,118
collection.notebook.us-east-1.sagemaker.aws,1,100,0
confluence-internal.blb.scom,1,100,0
confluence.cec.lab.emc.com,1,100,0
confluence.ea.com,1,100,0
confluence.int.abnamro.com,1,100,0
confluence.oraclecorp.com,1,100,0
confluence.spacex.corp,1,0,548
confluence.techopscloud.com,1,100,0
confluence.teslamotors.com,1,100,0
crease-ga.readthedocs.io,1,100,0
cynthion.readthedocs.io,1,100,0
cython.readthedocs.io,1,100,0
daniel.feldroy.com,1,100,0
dapublic-dawebdevelopment-vscode.icdayd.skhynix.com,1,0,52
dcm-llm.com,1,100,0
dedreira.medium.com,1,100,0
dev.mysql.com,1,0,316
developercommunity.visualstudio.com,1,100,0
devplatform.tcsbank.ru,1,100,0
digitology.tech,1,100,0
docs.acconeer.com,1,100,0
docs.cloudera.com,1,100,0
docs.deeppavlov.ai,1,100,0
docs.genymotion.com,1,100,0
docs.isaacsim.omniverse.nvidia.com,1,100,0
docs.kedro.org,1,0,128
docs.lumi-supercomputer.eu,1,100,0
docs.python-guide.org,1,0,7412
docs.pytorch.org,1,100,0
docs.snowflake.com,1,100,0
docs.unity3d.com,1,100,0
docs.zephyrproject.org,1,100,0
eagleseven.atlassian.net,1,0,6
enphase.atlassian.net,1,100,0
fastapidozero.dunossauro.com,1,100,0
fc-wiki.cs.sys,1,100,0
fishros.com,1,0,25
gaphor.org,1,100,0
gateway.zscalertwo.net,1,0,610
ghe.corp.yahoo.co.jp,1,0,18
git.viasat.com,1,100,0
gitmind.ai,1,100,0
gutefrage.net,1,100,0
hackernoon.com,1,100,0
hellowac.github.io,1,100,0
helpdesk.oxane.com,1,100,0
hmdin-fcuk.notebook.eu-west-1.sagemaker.aws,1,100,0
hps.docs.pyansys.com,1,100,0
i,1,100,0
isgarch-prod.ms3.na.ms.com,1,100,0
jfrog.com,1,100,0
jinja.palletsprojects.com,1,100,0
jira.amadeus.com,1,100,0
jiradocs.internal.synopsys.com,1,100,0
jive.ms.com,1,100,0
joss.readthedocs.io,1,100,0
just4metin.ro,1,100,0
koyfinmcp-services-prod-jupyter-v1.searskairos.ai,1,100,0
lbg.atlassian.net,1,100,0
learn.scientific-python.org,1,0,196
lms.foxminded.ua,1,100,0
locusrobotics.atlassian.net,1,100,0
login.microsoftonline.com,1,100,0
marimo.io,1,100,0
mgaitan.github.io,1,100,0
micropython.com.cn,1,0,15
mlops-coding-course.fmind.dev,1,100,0
mlu.linecorp.com,1,100,0
monai.readthedocs.io,1,100,0
netbox.readthedocs.io,1,100,0
note.nkmk.me,1,100,0
opclabs.doc-that.com,1,100,0
opendronemap.org,1,100,0
opensource.guide,1,100,0
otp-documentation-portal.pages.ocado.tech,1,100,0
pages.github.snooguts.net,1,0,3655
panel.holoviz.org,1,100,0
paypal.atlassian.net,1,100,0
pdm-project.org,1,0,30
pep-previews--4740.org.readthedocs.build,1,100,0
pfitoolsapp.prudential.com,1,100,0
platform.activestate.com,1,100,0
platform.productstar.ru,1,100,0
population.un.org,1,100,0
portal.uet.vnu.edu.vn,1,100,0
post_page-----20f57197aa1c---------------------------------------,1,100,0
post_page-----f75914fab055---------------------------------------,1,100,0
pro.arcgis.com,1,50,44
psdodig.code.siemens-energy.io,1,100,0
public.dillerdigital.com,1,100,0
pyarmor.readthedocs.io,1,100,0
pydarn.readthedocs.io,1,100,0
pyopensci.org,1,100,0
pypi.sma.dev,1,100,0
pyspice.fabrice-salvaire.fr,1,100,0
pythonguidecn.readthedocs.io,1,0,790
qianwen.com,1,100,0
quark.cn,1,100,0
quarto.org,1,100,0
ray.run,1,100,0
ru.hexlet.io,1,100,0
rules-python.readthedocs.io,1,100,0
secuspace.secunet.de,1,100,0
selenium.dev,1,100,0
semakin.dev,1,100,0
skaftenicki.github.io,1,100,0
skillbox.ru,1,100,0
spoc.buaa.edu.cn,1,100,0
stash,1,100,0
statics.dod.teams.microsoft.us,1,100,0
study.yali.edu.cn,1,100,0
tcsglobal.udemy.com,1,100,0
techdocs.broadcom.com,1,100,0
tonybaloney.github.io,1,100,0
tqsd.github.io,1,100,0
transp-or.epfl.ch,1,0,296
trendmicro.atlassian.net,1,100,0
ukc-word-edit.officeapps.live.com,1,100,0
us-gov-west-1.console.amazonaws-us-gov.com,1,100,0
uv.oaix.tech,1,100,0
webmail.uni-jena.de,1,100,0
wiki.itransition.com,1,100,0
wiki.navio.auto,1,0,67
yingjuxia.com,1,100,0
zone.statcan.ca,1,100,0
