name,version,visitors
Chrome,142.0,162918
Microsoft Edge,142.0,90792
Chrome,143.0,45941
Firefox,145.0,12763
Opera,124.0,12266
Microsoft Edge,143.0,7099
Chrome,141.0,6995
Yandex Browser,25.10,6055
Safari,26.1,5164
Chrome,109.0,4803
Safari,18.6,4394
Chrome,138.0,3480
Chrome,140.0,3035
Chrome,132.0,2731
Mobile App,(not set),2670
Chrome,139.0,2150
Chrome,135.0,2062
Microsoft Edge,141.0,1996
Chrome,122.0,1355
Safari,18.5,1338
Chrome,126.0,1318
Chrome,137.0,1315
Firefox,140.0,1268
Microsoft Edge,140.0,1233
Quark,(not set),1150
Safari,26.0,1036
Smart Lenovo Browser,9.0,988
Chrome,131.0,973
Microsoft Edge,92.0,912
Chrome,136.0,806
Safari,17.6,787
Microsoft Edge,139.0,768
Chrome,134.0,725
Firefox,115.0,667
Microsoft Edge,138.0,625
Chrome,133.0,609
Safari,18.7,572
Chrome,128.0,565
Microsoft Edge,122.0,550
Samsung Browser,29.0,540
Chrome,130.0,505
Chrome,86.0,505
Safari,18.3,489
Safari,16.6,451
Firefox,144.0,414
Chrome,125.0,380
Microsoft Edge,131.0,375
Microsoft Edge,137.0,375
Chrome,129.0,364
Sogou Explorer,2,350
Chrome,116.0,329
Yandex Browser,25.8,311
Microsoft Edge,136.0,305
Firefox,128.0,302
Chrome,121.0,300
Whale Browser,4.34,300
Chrome,127.0,299
Opera,123.0,297
Firefox,143.0,294
QQ Browser,19.8,292
Microsoft Edge,135.0,282
Yandex Browser,24.10,276
Microsoft Edge,109.0,269
Chrome,144.0,267
Chrome,120.0,259
Chrome,114.0,256
Mobile App,142.0,255
Safari,17.5,254
Microsoft Edge,133.0,253
Safari,26.2,249
Safari,15.6,243
Microsoft Edge,134.0,241
Safari,18.4,235
Chrome,123.0,234
Safari,18.1,232
Firefox,141.0,231
Chrome,108.0,228
Chrome,119.0,208
Chrome,124.0,192
Microsoft Edge,100.0,185
Microsoft Edge,126.0,179
Microsoft Edge,129.0,178
Microsoft Edge,127.0,171
Microsoft Edge,130.0,168
Chrome,103.0,166
Chrome,117.0,165
Opera,95.0,157
Microsoft Edge,132.0,153
Firefox,142.0,150
Firefox,136.0,147
Safari,18.2,145
Microsoft Edge,128.0,141
Firefox,146.0,140
Huawei Browser Mobile,16.0,139
Avast Secure Browser,142.0,138
QQ Browser,19.9,136
Safari,17.4,127
Microsoft Edge,18.18363,127
Safari,18.0,125
Opera,122.0,124
Huawei Browser,12.1,113
Chrome,91.0,106
Microsoft Edge,123.0,103
Yandex Browser,25.6,101
Chrome,118.0,97
Chrome,112.0,95
Microsoft Edge,120.0,94
Opera,125.0,93
Opera,93.0,93
Microsoft Edge,18.18362,92
MIUI Browser,20.7,92
Chrome,106.0,88
Chrome,101.0,87
Safari,17.3,85
Chrome,95.0,85
Microsoft Edge,125.0,81
Firefox,135.0,81
Safari,(not set),80
Chrome,107.0,80
Chrome,111.0,79
Chrome,87.0,79
QQ Browser,19.6,78
Microsoft Edge,124.0,77
Chrome,102.0,74
Samsung Browser,28.0,74
Microsoft Edge,90.0,74
Firefox,127.0,72
Chrome,104.0,70
Safari,16.5,70
Chrome,99.0,70
Safari,17.2,68
Microsoft Edge,144.0,65
Chrome,115.0,63
Chrome,78.0,63
Safari,16.3,62
Firefox,139.0,61
Chromium,(not set),60
Microsoft Edge,119.0,60
Safari,14.1,60
Chrome,96.0,60
Microsoft Edge,113.0,58
Microsoft Edge,116.0,58
AVG Secure Browser,142.0,56
Safari,17.1,56
Chrome,110.0,54
vivo Browser,15.0,54
Chrome,69.0,54
Microsoft Edge,84.0,54
Microsoft Edge,18.17763,53
Safari,16.1,51
Microsoft Edge,18.19041,50
Chrome,94.0,49
Chrome,97.0,48
Chrome,113.0,47
Mobile App,114.0,47
Firefox,138.0,47
Microsoft Edge,121.0,46
QQ Browser,19.7,46
Brave,(not set),45
(not set),(not set),45
Norton Private Browser,142.0,45
Chrome,80.0,45
Microsoft Edge,89.0,45
Chrome,79.0,44
Chrome,83.0,44
Microsoft Edge,106.0,43
Microsoft Edge,114.0,43
Firefox,81.0,43
Quark,10.1,42
Microsoft Edge,118.0,42
Firefox,130.0,42
Yandex Browser,25.106,42
Microsoft Edge,107.0,41
Microsoft Edge,117.0,41
Opera,120.0,41
Firefox,137.0,41
Safari,17.14,41
Microsoft Edge,112.0,40
vivo Browser,27.2,40
Chrome,92.0,40
Safari,16.4,39
Samsung Browser,26.0,39
Chrome,105.0,38
Chrome,63.0,38
Safari,13.1,36
Microsoft Edge,17.17134,36
Chrome,93.0,36
Microsoft Edge,86.0,35
Chrome,70.0,33
Safari,17.0,32
Yandex Browser,25.4,32
Chrome,100.0,31
Chrome,145.0,31
Yandex Browser,25.2,31
Chrome,98.0,31
Opera,96.1,30
Chrome,85.0,29
Firefox,134.0,28
Samsung Browser,27.0,28
Microsoft Edge,115.0,27
Firefox,147.0,27
vivo Browser,27.1,26
Chrome,84.0,26
Chrome,90.0,26
Microsoft Edge,111.0,25
CCleaner,142.0,25
Microsoft Edge,16.16299,25
Firefox,133.0,24
Safari,16.0,24
Yandex Browser,24.7,24
Chrome,49.0,24
Firefox,125.0,22
Firefox,129.0,22
Mobile App,143.0,22
MIUI Browser,20.0,22
Avast Secure Browser,109.0,21
Hi Browser,2.25,21
Huawei Browser Mobile,5.1,21
Firefox,52.0,21
Quark,10.0,20
Microsoft Edge,103.0,20
QQ Browser,19.5,20
Opera GX,3.0,20
Safari,17.7,19
QQ Browser,19.2,19
Yandex Browser,25.104,19
Chrome,74.0,19
Chrome,81.0,19
Chrome,89.0,19
Android Browser,(not set),18
QQ Browser,12.2,18
MIUI Browser,14.47,18
Yandex Browser,25.105,18
QtWebEngine,6.10,18
Chrome,75.0,18
Microsoft Edge,108.0,17
Firefox,111.0,17
Firefox,145.2,17
Safari,15.3,17
Safari,15.4,17
Safari,15.5,17
Yandex Browser,23.7,17
Samsung Browser,25.0,17
QQ Browser,6.2,17
Chrome,71.0,17
Chrome,73.0,17
Chrome,88.0,17
Mobile App,97.0,17
Firefox,102.0,16
Mobile App,134.0,16
Microsoft Edge,15.15063,16
Phoenix Browser,19.9,16
Firefox,92.0,16
vivo Browser,10.8,15
Microsoft Edge,105.0,15
Firefox,131.0,15
Mobile App,138.0,15
Yandex Browser,24.1,15
Yandex Browser,25.80,15
Mobile App,100.0,14
Firefox,112.0,14
Safari,12.1,14
Microsoft Edge,14.14393,14
Firefox,145.3,14
Yandex Browser,23.5,14
Opera,79.0,14
Opera,92.0,14
Mobile App,109.0,13
Firefox,110.0,13
Mobile App,126.0,13
Safari,14.0,13
Safari,16.2,13
Safari,17.8,13
QQ Browser,19.4,13
Yandex Browser,23.9,13
SberBrowser,33.0,13
Chrome,55.0,13
Chrome,66.0,13
Firefox,88.0,13
Microsoft Edge,102.0,12
Safari,11.0,12
Firefox,113.0,12
Firefox,123.0,12
Firefox,126.0,12
Firefox,132.0,12
MIUI Browser,14.46,12
MIUI Browser,20.6,12
Yandex Browser,22.11,12
Yandex Browser,23.1,12
Safe Exam Browser,3.6,12
Chrome,62.0,12
Microsoft Edge,104.0,11
Microsoft Edge,110.0,11
Firefox,116.0,11
QQ Browser,13.7,11
Chrome,142,11
Safari,15.1,11
UC Browser,18.2,11
Yandex Browser,25.101,11
Yandex Browser,25.12,11
