name,visitors,bounce_rate,visit_duration
copilot.com,1062,35,223
chatgpt.com,867,42,194
itdo.com,47,29,143
perplexity,23,48,143
yandex,23,17,385
online-directory,16,62,58
theitstuff.com,9,67,0
site,6,14,257
ethicalads-placement,5,100,0
ig,5,100,0
hackernoon.com,4,75,10
Securitylab.ru,2,50,352
aattk,2,0,65
bitto.jp,2,50,43
blog,2,100,0
blog.michivonah.ch,2,100,0
chatgpt.com)**,2,0,341
datascience.fm,2,50,0
hong-kong,2,100,0
learn-ubuntu,2,100,0
makerluis.com,2,0,376
mostlypython.com,2,50,192
refind,2,100,0
slanf.com,2,0,544
telegram,2,100,0
zalo,2,100,0
zeeklog.com,2,100,0
Django_Newsletter_154,1,100,0
admin-dashboards,1,100,0
allthings.how,1,0,687
bambooweekly.com,1,100,0
blog.coltex.net,1,100,0
bubble.io,1,100,0
ghost.codersera.com,1,100,0
hirement,1,100,0
krisviceral.com,1,100,0
ld246.com,1,100,0
nullsec.us,1,0,10
orendra.com,1,0,0
post_page-----cce8b8c25412---------------------------------------,1,0,5
post_page-----e04f976fe135---------------------------------------,1,100,0
post_page-----e16b7382624a---------------------------------------,1,0,69
ppq.ai,1,0,74
producthunt,1,100,0
pyhunt.com,1,100,0
quuu,1,100,0
remote3.co,1,0,1
rss,1,100,0
sfrt.io,1,100,0
substack,1,0,4
unityflow.dev,1,100,0
www.aifire.co,1,100,0
zibtek.com,1,100,0
