name,visitors,pageviews,bounce_rate,time_on_page,scroll_depth
/ko/3/tutorial/index.html,55,68,80,13,48
/ko/3.13/tutorial/index.html,47,58,62,16,52
/ko/dev/c-api/marshal.html,36,36,94,3,56
/ko/3/,28,31,48,52,81
/ko/3.13/tutorial/interpreter.html,24,21,88,27,75
/ko/3.13/installing/index.html,22,24,82,18,67
/ko/3.13/library/functions.html,17,18,75,31,44
/ko/3.13/library/idle.html,17,17,82,8,21
/ko/3.13/library/index.html,17,18,50,13,31
/ko/3/library/index.html,16,18,60,54,25
/ko/3.13/library/turtle.html,15,17,85,85,28
/ko/3.13/tutorial/appetite.html,15,11,25,15,80
/ko/3.13/,14,17,67,14,92
/ko/3.13/tutorial/controlflow.html,13,13,91,25,21
/ko/3.13/search.html,12,16,50,9,34
/ko/3.13/tutorial/datastructures.html,12,12,78,100,48
/ko/3.13/tutorial/introduction.html,12,10,75,66,33
/ko/3/tutorial/controlflow.html,12,8,100,476,22
/ko/3.13/index.html,11,11,67,104,86
/ko/dev/library/idle.html,10,11,78,12,30
/ko/3.13/tutorial/errors.html,9,10,60,99,35
/ko/3.13/using/windows.html,9,9,100,24,35
/ko/3.13/whatsnew/index.html,9,10,75,14,15
/ko/3/tutorial/,9,13,64,7,37
/ko/3/tutorial/introduction.html,9,12,33,22,28
/ko/dev/library/turtle.html,9,10,78,47,46
/ko/3.13/library/heapq.html,8,10,71,17,38
/ko/3.13/library/intro.html,8,8,100,3,63
/ko/3.13/library/marshal.html,8,7,86,25,72
/ko/3.13/library/math.html,8,8,100,60,42
/ko/3.13/library/datetime.html,7,6,100,61,12
/ko/3/library/functions.html,7,10,86,31,14
/ko/3/library/stdtypes.html,7,5,0,18,31
/ko/3/tutorial/appetite.html,7,6,33,50,96
/ko/3.13/glossary.html,6,6,100,36,42
/ko/3.13/library/csv.html,6,6,80,316,31
/ko/3/tutorial/interpreter.html,6,7,100,27,75
/ko/3.13/library/pprint.html,5,5,100,202,22
/ko/3.13/library/random.html,5,6,100,10,52
/ko/3.13/library/stdtypes.html,5,6,75,4,42
/ko/3.13/library/sys.html,5,4,0,5,25
/ko/3.13/reference/datamodel.html,5,4,0,13,29
/ko/3.13/tutorial/,5,5,0,70,38
/ko/3.13/tutorial/classes.html,5,6,67,30,24
/ko/3.13/tutorial/floatingpoint.html,5,4,100,68,59
/ko/3.13/tutorial/modules.html,5,6,50,22,40
/ko/3/tutorial/datastructures.html,5,5,100,11,37
/ko/3.13/library/html.parser.html,4,3,100,20,48
/ko/3.13/library/site.html,4,3,100,5,84
/ko/3.13/library/subprocess.html,4,4,75,21,16
/ko/3.13/whatsnew/3.13.html,4,3,0,26,50
/ko/3/library/datetime.html,4,3,100,16,31
/ko/3/library/idle.html,4,3,67,10,10
/ko/3/library/turtle.html,4,4,100,3,2
/ko/3/library/uuid.html,4,4,100,10,60
/ko/3/reference/lexical_analysis.html,4,4,50,255,46
/ko/3/tutorial/modules.html,4,4,0,15,30
/ko/3/using/windows.html,4,4,100,35,46
/ko/dev/genindex-M.html,4,6,67,6,7
/ko/3.12/library/,3,6,100,17,69
/ko/3.12/tutorial/index.html,3,4,100,13,50
/ko/3.13/howto/sockets.html,3,3,100,29,78
/ko/3.13/howto/sorting.html,3,5,67,14,30
/ko/3.13/library/asyncio-task.html,3,3,100,410,54
/ko/3.13/library/collections.html,3,5,67,21,48
/ko/3.13/library/exceptions.html,3,5,50,143,14
/ko/3.13/library/os.html,3,3,50,36,38
/ko/3.13/library/pathlib.html,3,3,100,20,34
/ko/3.13/library/sched.html,3,3,100,38,81
/ko/3.13/library/socket.html,3,3,100,7,20
/ko/3.13/library/string.html,3,3,67,201,100
/ko/3.13/library/threading.html,3,5,0,19,40
/ko/3.13/reference/expressions.html,3,3,100,7,37
/ko/3.13/reference/index.html,3,8,100,497,100
/ko/3.13/reference/simple_stmts.html,3,3,0,3,33
/ko/3.13/using/index.html,3,3,50,4,71
/ko/3/library/contextlib.html,3,2,50,9,38
/ko/3/library/multiprocessing.html,3,3,50,6,2
/ko/3/library/re.html,3,3,100,46,32
/ko/3/library/tkinter.html,3,3,100,2,4
/ko/3/reference/,3,4,67,5,47
/ko/3/search.html,3,2,50,6,4
/ko/3/tutorial/floatingpoint.html,3,3,33,126,32
/ko/dev/howto/functional.html,3,3,100,1,4
/ko/3.12/c-api/intro.html,2,1,0,38,28
/ko/3.12/library/codecs.html,2,2,100,,
/ko/3.12/library/index.html,2,1,0,5,16
/ko/3.12/library/intro.html,2,1,0,12,100
/ko/3.12/library/stdtypes.html,2,1,0,7,17
/ko/3.12/library/test.html,2,4,0,145,37
/ko/3.12/whatsnew/3.8.html,2,2,100,,
/ko/3.13/contents.html,2,2,0,4,2
/ko/3.13/download.html,2,1,0,9,79
/ko/3.13/library/,2,2,0,7,59
/ko/3.13/library/abc.html,2,2,50,29,26
/ko/3.13/library/asyncio-future.html,2,2,0,26,17
/ko/3.13/library/asyncio.html,2,3,0,57,100
/ko/3.13/library/binascii.html,2,1,0,7,56
/ko/3.13/library/builtins.html,2,2,100,11,100
/ko/3.13/library/calendar.html,2,2,100,29,57
