name,visitors
China,74959
India,70932
United States,48831
Russian Federation,21757
Brazil,18066
Japan,17182
Germany,14898
South Korea,12680
United Kingdom,12196
Indonesia,11839
France,11549
Mexico,9458
Vietnam,9455
Turkey,8789
Pakistan,8260
Spain,7476
Italy,7167
Canada,6555
Hong Kong,6483
Poland,6047
Taiwan,5869
Colombia,5830
Iran,5535
Philippines,5398
Netherlands,5317
Ukraine,4819
Egypt,4807
Singapore,4487
Australia,4374
Argentina,3582
Peru,3311
Morocco,3238
Thailand,3130
Saudi Arabia,3074
Bangladesh,3003
Uzbekistan,2865
Algeria,2853
Malaysia,2811
Nigeria,2589
Kazakhstan,2569
Chile,2478
Sweden,2313
Portugal,2117
South Africa,2078
Switzerland,2021
Greece,2006
Ecuador,1966
United Arab Emirates,1955
Israel,1951
Romania,1944
Belgium,1839
Austria,1809
Czechia,1597
Tunisia,1455
Kenya,1413
Iraq,1330
Sri Lanka,1312
Hungary,1310
Norway,1260
Ireland,1139
Finland,1133
Nepal,979
Belarus,948
Jordan,879
Denmark,874
Bolivia,835
Bulgaria,823
Ghana,798
Azerbaijan,775
Cambodia,775
Slovakia,716
Dominican Republic,703
Venezuela,702
Serbia,684
Costa Rica,683
Ethiopia,683
New Zealand,665
Kyrgyzstan,592
Lithuania,568
Myanmar,559
Croatia,508
Côte d'Ivoire,506
Georgia,484
Latvia,480
Uganda,477
Guatemala,461
Oman,435
Slovenia,427
Lebanon,412
Yemen,367
Moldova,361
Qatar,358
Cameroon,356
Rwanda,356
Uruguay,356
Zimbabwe,338
Kuwait,337
Armenia,335
El Salvador,335
Mongolia,330
Cyprus,301
Tanzania,296
Panama,289
Angola,288
"Congo, The Democratic Republic of the",283
Paraguay,283
Estonia,278
Senegal,265
Madagascar,239
Honduras,235
Tajikistan,232
Bahrain,231
Zambia,230
Libya,223
Syria,203
Bosnia and Herzegovina,195
Albania,194
Macao,183
Afghanistan,177
Benin,172
Puerto Rico,171
Somalia,171
Luxembourg,154
Jamaica,147
Nicaragua,142
Trinidad and Tobago,142
Togo,141
"Palestine, State of",139
Sudan,139
Burkina Faso,131
Bhutan,129
Mozambique,127
Kosovo,119
Cuba,117
Malawi,113
Mauritius,107
North Macedonia,106
Seychelles,90
Botswana,86
Malta,86
Montenegro,85
Laos,84
Iceland,81
Congo,76
Réunion,75
Mali,73
Namibia,72
Mauritania,62
Liberia,59
Guinea,58
Gabon,57
Cabo Verde,50
Haiti,50
Sierra Leone,50
Eswatini,47
Niger,46
Maldives,41
Papua New Guinea,38
Gambia,37
Martinique,37
Burundi,35
Brunei Darussalam,35
Guadeloupe,34
Guyana,34
South Sudan,34
Liechtenstein,32
Belize,30
Suriname,24
Chad,23
Fiji,22
Timor-Leste,22
Andorra,21
Barbados,21
Djibouti,21
New Caledonia,20
French Guiana,19
Bahamas,18
Jersey,18
Isle of Man,16
Lesotho,16
Curaçao,15
Aruba,12
Equatorial Guinea,11
French Polynesia,11
Guinea-Bissau,10
Antigua and Barbuda,9
Saint Kitts and Nevis,9
Turkmenistan,8
Cayman Islands,7
Saint Lucia,7
Turks and Caicos Islands,6
Saint Vincent and the Grenadines,6
Bermuda,5
Grenada,5
Guernsey,5
"Virgin Islands, U.S.",5
Dominica,4
Eritrea,4
Faroe Islands,4
Guam,4
Vanuatu,4
Northern Mariana Islands,3
Saint Pierre and Miquelon,3
"Virgin Islands, British",3
"Bonaire, Sint Eustatius and Saba",2
Gibraltar,2
Kiribati,2
Comoros,2
Monaco,2
Solomon Islands,2
Sao Tome and Principe,2
Tuvalu,2
Holy See (Vatican City State),2
Samoa,2
Mayotte,2
Anguilla,1
Antarctica,1
American Samoa,1
Åland Islands,1
Central African Republic,1
Greenland,1
Palau,1
"Saint Helena, Ascension and Tristan da Cunha",1
Sint Maarten (Dutch part),1
Tonga,1
Wallis and Futuna,1
