name,version,visitors
Chrome,139.0,1099
Chrome,138.0,456
Microsoft Edge,139.0,243
Firefox,141.0,108
Opera,120.0,100
Safari,18.6,41
Microsoft Edge,138.0,38
Mobile App,(not set),23
Chrome,109.0,22
Firefox,128.0,19
Chrome,137.0,19
Safari,18.5,18
Chrome,135.0,14
Chrome,132.0,11
Chrome,136.0,9
Samsung Browser,28.0,8
Safari,17.6,7
Chrome,131.0,6
Chrome,129.0,5
Chrome,134.0,5
Firefox,115.0,4
Chrome,130.0,4
Mobile App,138.0,4
Chrome,126.0,3
Microsoft Edge,137.0,3
Firefox,142.0,3
Safari,16.6,3
Safari,18.0,3
Safari,18.1,3
Opera,90.0,3
Opera,119.0,2
Chrome,124.0,2
Chrome,125.0,2
Chrome,128.0,2
Chrome,133.0,2
Firefox,134.0,2
Firefox,136.0,2
Firefox,138.0,2
Avast Secure Browser,138.0,2
MIUI Browser,14.39,2
Safari,15.4,2
Safari,17.5,2
Chrome,91.0,2
Steam In-Game Overlay,(not set),1
Chrome,107.0,1
Microsoft Edge,108.0,1
Microsoft Edge,109.0,1
QQ Browser,11.0,1
Safari,11.0,1
Microsoft Edge,112.0,1
Chrome,113.0,1
Chrome,115.0,1
Chrome,116.0,1
Chrome,119.0,1
Safari,12.1,1
Microsoft Edge,129.0,1
Microsoft Edge,133.0,1
Microsoft Edge,136.0,1
Firefox,139.0,1
Firefox,140.0,1
Microsoft Edge,141.0,1
Safari,15.2,1
Safari,15.6,1
Safari,16.3,1
UC Browser,16.4,1
Safari,17.2,1
Safari,17.4,1
Safari,18.3,1
QQ Browser,19.5,1
Opera GX,2.9,1
MIUI Browser,20.0,1
Huawei Browser Mobile,5.1,1
UBrowser,6.2,1
Chrome,95.0,1
