name,unique_exits,total_exits,exit_rate
/tr/3.13/,11,11,
/tr/3.13/tutorial/index.html,8,9,
/tr/3/,8,9,
/tr/3/tutorial/index.html,8,11,
/3/,7,7,
/tr/3/installing/index.html,7,7,
/tr/3.13/tutorial/appetite.html,4,4,
/3.13/,3,3,
/tr/3.13/library/stdtypes.html,3,2,
/tr/3.13/library/tkinter.html,3,3,
/tr/3.13/search.html,3,3,
/tr/3.13/tutorial/datastructures.html,3,4,
/3.13/tutorial/index.html,2,2,
/tr/3.12/tutorial/introduction.html,2,2,
/tr/3.13/library/functions.html,2,2,
/tr/3.13/library/index.html,2,2,
/tr/3.13/library/intro.html,2,2,
/tr/3.13/tutorial/interpreter.html,2,2,
/tr/3.13/tutorial/modules.html,2,2,
/tr/3.13/using/android.html,2,2,
/tr/3/tutorial/controlflow.html,2,2,
/tr/3/tutorial/datastructures.html,2,2,
/3.13/contents.html,1,1,
/3.13/reference/introduction.html,1,1,
/3.13/tutorial/datastructures.html,1,1,
/3.13/using/windows.html,1,1,
/3.14/tutorial/inputoutput.html,1,1,
/3/library/stdtypes.html,1,1,
/3/library/string.html,1,1,
/3/library/tk.html,1,1,
/3/library/tkinter.html,1,1,
/3/reference/index.html,1,1,
/3/tutorial/index.html,1,1,
/dev/using/windows.html,1,1,
/ja/3.14/genindex.html,1,1,
/ko/3.13/tutorial/,1,1,
/pt-br/3.13/py-modindex.html,1,1,
/pt-br/3.15/py-modindex.html,1,1,
/tr/3.12/library/tkinter.html,1,1,
/tr/3.12/tutorial/index.html,1,1,
/tr/3.13/c-api/index.html,1,1,
/tr/3.13/glossary.html,1,1,
/tr/3.13/library/typing.html,1,1,
/tr/3.13/library/unix.html,1,1,
/tr/3.13/tutorial/,1,1,
/tr/3.13/tutorial/appendix.html,1,1,
/tr/3.13/tutorial/inputoutput.html,1,1,
/tr/3.13/tutorial/interactive.html,1,1,
/tr/3.13/tutorial/introduction.html,1,1,
/tr/3.14/tutorial/,1,1,
/tr/3/library/functions.html,1,1,
/tr/3/library/tk.html,1,0,
/tr/3/search.html,1,1,
/tr/3/tutorial/appetite.html,1,1,
/tr/3/tutorial/errors.html,1,1,
/tr/3/tutorial/interpreter.html,1,1,
/zh-cn/3.12/library/tkinter.html,1,1,
/zh-cn/3.13/library/__future__.html,1,0,
/zh-tw/3.15/tutorial/introduction.html,1,1,
