name,visitors,pageviews,bounce_rate,time_on_page,scroll_depth
/3/,12262,17369,44,80,76
/3/library/venv.html,8857,10179,86,945,35
/3/library/functions.html,8176,10657,73,370,45
/3/library/stdtypes.html,7941,10352,74,468,38
/3/library/datetime.html,6576,8296,79,789,39
/3/tutorial/index.html,5942,9690,54,93,58
/3/tutorial/datastructures.html,4711,5748,72,401,49
/3/library/re.html,4394,5286,80,817,39
/3/search.html,4176,8664,25,46,46
/3/library/typing.html,4089,4993,77,532,27
/3/library/index.html,3943,6029,54,84,43
/3/library/csv.html,3882,4785,80,971,42
/3/library/tkinter.html,3376,4560,75,577,32
/3/library/argparse.html,3225,3991,74,715,32
/3/library/logging.html,3043,3890,72,512,38
/3/library/random.html,3019,3615,82,579,35
/3/tutorial/errors.html,2993,3437,75,416,37
/3/library/turtle.html,2853,4003,79,1169,29
/3/library/collections.html,2778,3233,80,502,39
/3/library/pathlib.html,2709,3403,74,589,45
/3/tutorial/classes.html,2678,3162,79,546,45
/3/library/os.html,2674,3316,68,370,37
/3/library/subprocess.html,2662,3440,76,932,34
/3/tutorial/controlflow.html,2639,3532,76,389,43
/3/library/idle.html,2633,3472,76,583,30
/3/library/math.html,2509,3077,80,505,37
/3/library/exceptions.html,2488,3016,75,387,49
/3/tutorial/,2391,3385,61,139,55
/3/library/multiprocessing.html,2249,3001,71,687,28
/3/library/dataclasses.html,2195,2666,78,737,38
/3/library/itertools.html,2111,2516,81,670,33
/3/library/unittest.html,2057,2513,79,877,24
/3/tutorial/inputoutput.html,2000,2352,73,294,49
/3/library/time.html,1980,2370,76,482,40
/3/library/json.html,1974,2282,80,656,35
/3/tutorial/introduction.html,1964,2737,76,360,58
/3/glossary.html,1911,2402,67,162,54
/3/library/enum.html,1891,2174,77,530,34
/3/tutorial/interpreter.html,1825,2484,77,168,75
/3/library/unittest.mock.html,1817,2536,74,1156,35
/3/library/asyncio-task.html,1796,2425,71,511,40
/3/library/string.html,1789,2221,69,314,46
/3/tutorial/modules.html,1763,2101,75,336,52
/3/library/sqlite3.html,1733,2274,78,1282,25
/3/library/os.path.html,1678,1973,74,437,51
/3/library/threading.html,1662,2048,74,526,44
/3/reference/datamodel.html,1551,2014,69,307,50
/3/howto/sorting.html,1511,1762,76,343,42
/3/tutorial/venv.html,1487,1699,84,548,57
/3/library/xml.etree.elementtree.html,1483,1910,79,1078,33
/3/howto/logging.html,1440,1768,72,515,36
/3/library/functools.html,1434,1688,77,522,43
/3/using/windows.html,1433,1765,78,651,40
/3/library/asyncio.html,1429,1945,60,177,77
/3/installing/index.html,1398,1574,83,276,63
/3/library/concurrent.futures.html,1377,1808,74,770,51
/3/tutorial/appetite.html,1333,1555,64,124,88
/3/whatsnew/3.13.html,1314,1630,70,148,18
/3/reference/index.html,1283,2118,38,62,72
/3/library/pickle.html,1247,1496,81,603,24
/3/library/heapq.html,1220,1465,81,1013,49
/3/library/socket.html,1206,1593,71,642,42
/3/library/shutil.html,1123,1315,79,568,37
/3/library/sys.html,1103,1326,75,304,39
/3/library/struct.html,1072,1281,79,923,44
/3/library/pdb.html,1058,1181,86,642,37
/3/library/io.html,951,1221,71,460,47
/3/using/cmdline.html,933,1083,77,250,37
/3/using/mac.html,922,1102,82,697,48
/3/howto/regex.html,881,992,76,549,35
/3/library/tempfile.html,873,1091,75,815,56
/3/reference/lexical_analysis.html,862,1065,74,286,58
/3/library/copy.html,846,937,85,551,70
/3/library/abc.html,843,949,81,524,47
/3/py-modindex.html,841,1159,64,95,52
/3/library/queue.html,830,1005,73,541,59
/3/library/zipfile.html,828,1047,75,762,37
/3/reference/import.html,826,940,77,328,35
/3/library/hashlib.html,820,1011,81,659,31
/3/reference/compound_stmts.html,818,993,69,282,36
/zh-cn/3/,813,1251,40,68,80
/3/reference/expressions.html,779,982,76,311,60
/zh-cn/3/tutorial/index.html,772,1271,50,89,61
/3/contents.html,761,1111,48,64,14
/3/library/glob.html,749,842,78,551,62
/3/library/asyncio-eventloop.html,732,953,65,401,38
/3/library/urllib.parse.html,725,903,77,606,45
/3/library/configparser.html,713,846,81,888,32
/3/index.html,688,1033,38,30,77
/3/library/pprint.html,661,726,89,554,41
/3/library/contextlib.html,646,770,74,529,30
/3/howto/argparse.html,624,709,73,533,44
/3/library/smtplib.html,615,719,77,524,41
/3/library/uuid.html,614,699,82,703,61
/3/library/decimal.html,602,702,83,464,21
/3/library/http.server.html,599,722,78,473,45
/3/library/operator.html,582,689,78,414,48
/3/library/importlib.html,568,739,67,428,38
/3/library/ast.html,565,753,82,680,38
/3/download.html,557,659,71,228,86
