name,visitors
India,75296
China,50148
United States,39898
Brazil,14410
Japan,13998
Russian Federation,13345
South Korea,11159
Germany,9811
United Kingdom,8611
France,7519
Indonesia,7146
Pakistan,6766
Hong Kong,6140
Vietnam,6030
Mexico,5832
Turkey,5279
Canada,5108
Taiwan,4915
Spain,4654
Italy,4508
Thailand,4244
Netherlands,4084
Colombia,3771
Singapore,3642
Australia,3622
Poland,3187
Egypt,3150
Philippines,3131
South Africa,3046
Peru,2885
Argentina,2774
Ukraine,2766
Malaysia,2686
Bangladesh,2600
Nigeria,2291
Chile,2124
Saudi Arabia,2034
Israel,1871
Morocco,1688
United Arab Emirates,1662
Nepal,1603
Kenya,1485
Sri Lanka,1458
Sweden,1447
Switzerland,1396
Kazakhstan,1359
Ecuador,1352
Uzbekistan,1274
Romania,1187
Belgium,1133
Iran,1117
Portugal,1089
Austria,1077
Czechia,1074
Algeria,1061
Finland,842
Iraq,835
Hungary,783
Greece,780
Norway,780
Bolivia,757
Denmark,714
Ireland,699
Ghana,687
Tunisia,669
Venezuela,661
Belarus,658
New Zealand,570
Costa Rica,539
Ethiopia,528
Bulgaria,525
Myanmar,509
Serbia,499
Cambodia,482
Dominican Republic,459
Guatemala,422
Azerbaijan,415
Uganda,398
Slovakia,397
Lithuania,373
Jordan,359
"Congo, The Democratic Republic of the",323
Georgia,320
Qatar,316
Cameroon,308
Kuwait,304
Côte d'Ivoire,293
Uruguay,291
Tanzania,283
Latvia,277
Zimbabwe,270
Armenia,268
Lebanon,260
Kyrgyzstan,248
Paraguay,246
El Salvador,233
Estonia,231
Moldova,230
Croatia,225
Angola,221
Yemen,221
Madagascar,218
Panama,209
Honduras,205
Slovenia,205
Libya,200
Oman,197
Senegal,185
Syria,184
Benin,172
"Palestine, State of",172
Zambia,169
Rwanda,165
Mongolia,157
Cyprus,155
Mozambique,152
Malawi,151
Tajikistan,147
Afghanistan,145
Nicaragua,144
Bahrain,133
Somalia,128
Mauritius,122
Macao,120
Puerto Rico,119
Albania,115
Bosnia and Herzegovina,114
Sudan,113
Luxembourg,106
Togo,103
Burkina Faso,95
Botswana,90
Cuba,86
Kosovo,85
Jamaica,84
North Macedonia,80
Mali,77
Congo,71
Sierra Leone,69
Namibia,65
Malta,56
Maldives,56
Laos,51
Réunion,51
Bhutan,49
Gabon,48
Trinidad and Tobago,48
Seychelles,47
Iceland,44
Guinea,43
Brunei Darussalam,42
Montenegro,41
Niger,40
Mauritania,32
Eswatini,29
Burundi,28
Haiti,28
Liberia,28
Fiji,27
Guyana,24
Cabo Verde,23
Gambia,21
Djibouti,18
Guadeloupe,18
Jersey,18
Papua New Guinea,18
Barbados,17
Suriname,16
Andorra,15
Martinique,15
Timor-Leste,15
Chad,14
Monaco,13
Belize,12
Cayman Islands,12
South Sudan,12
French Guiana,11
Liechtenstein,10
Lesotho,10
New Caledonia,10
Curaçao,9
Guinea-Bissau,8
Vanuatu,8
Grenada,7
Gibraltar,7
Bermuda,6
Bahamas,6
Isle of Man,6
Saint Lucia,6
French Polynesia,6
Mayotte,6
Guernsey,5
San Marino,5
Sao Tome and Principe,5
Turks and Caicos Islands,5
Turkmenistan,5
"Virgin Islands, British",5
Aruba,4
Guam,4
"Saint Helena, Ascension and Tristan da Cunha",4
"Virgin Islands, U.S.",4
Antigua and Barbuda,3
Åland Islands,2
Saint Barthélemy,2
Central African Republic,2
Faroe Islands,2
Saint Kitts and Nevis,2
Anguilla,1
"Bonaire, Sint Eustatius and Saba",1
Kiribati,1
Comoros,1
Solomon Islands,1
Sint Maarten (Dutch part),1
Saint Vincent and the Grenadines,1
Samoa,1
