name,version,visitors
Windows,10,328615
Mac,10.15,32245
Android,10,18201
GNU/Linux,(not set),5696
iOS,18.5,5292
Windows,7,2306
Chrome OS,14541.0,1963
Ubuntu,(not set),1427
Android,15,941
Android,14,678
Android,13,586
Android,12,540
iOS,18.3,496
iOS,18.4,461
Android,11,377
Windows,8.1,252
iOS,18.1,227
iOS,17.6,209
iOS,16.7,203
HarmonyOS,(not set),150
iOS,19.0,140
iOS,18.2,137
iOS,18.0,126
iOS,15.8,123
Android,8.1,121
Chrome OS,14816.131,114
Android,9,110
iOS,17.5,108
iOS,17.7,77
Windows,8,56
Mac,10.13,53
iOS,16.6,52
Android,6.0,50
Mac,10.14,46
iOS,17.4,46
Windows,Server 2003,45
Mac,10.12,41
(not set),(not set),40
iOS,17.3,40
iOS,16.1,36
Windows,XP,34
Mac,10.11,32
iPadOS,17.7,32
iOS,16.3,31
iOS,17.2,30
iOS,16.2,29
iOS,12.5,28
Chrome OS,14092.77,25
iOS,17.0,23
iOS,16.5,22
iPadOS,17.5,22
iPadOS,17.6,22
Fire OS,7,20
Android,8.0,20
iOS,17.1,19
iOS,15.7,18
Android,5.1,18
iOS,16.0,17
Mac,10.10,15
iOS,15.5,14
iOS,15.6,14
HarmonyOS,2.2,14
HarmonyOS,3.0,13
iPadOS,16.3,12
Fire OS,8,12
iPadOS,15.8,11
iPadOS,16.7,11
Android,4.4,10
Android,7.1,10
UOS,(not set),9
iOS,14.0,9
iOS,14.4,9
Mac,10.9,8
iPadOS,16.6,8
Windows,NT,8
Chrome OS,13904.97,7
Chrome OS,14588.123,7
Android,7.0,7
iOS,10.3,6
Android,16,6
iOS,16.4,6
iPadOS,17.4,6
Android,5.0,6
Mac,(not set),5
iOS,15.4,5
iPadOS,16.4,5
iPadOS,17.0,5
iOS,18.6,5
Windows,(not set),4
Android,13.0,4
iPadOS,15.5,4
iPadOS,16.1,4
Chrome OS,12239.92,3
Mac,13.3,3
Chrome OS,13421.102,3
Chrome OS,13597.66,3
Mac,14.2,3
iOS,15.2,3
Fire OS,5,3
Tizen,8.0,3
Android,9.0,3
FreeBSD,(not set),2
Android,(not set),2
Mac,10.7,2
Mac,10.8,2
Mac,11.0,2
Mac,11.6,2
iOS,13.2,2
Chrome OS,13099.110,2
Chrome OS,13597.84,2
iOS,14.6,2
Chrome OS,14092.46,2
Chrome OS,14469.41,2
Chrome OS,14816.64,2
Chrome OS,14909.100,2
iOS,15.0,2
iOS,15.3,2
Mac,15.5,2
iPadOS,16.5,2
iOS,5.0,2
PlayStation,5.11,2
Tizen,5.5,2
iOS,7.0,2
Windows Mobile,10,1
iOS,11.0,1
iOS,12.0,1
iOS,12.3,1
Chrome OS,12105.100,1
iOS,13.6,1
Chrome OS,13505.111,1
Chrome OS,13816.55,1
iOS,14.2,1
iPadOS,14.3,1
Mac,14.7,1
Chrome OS,14150.87,1
Chrome OS,14324.72,1
Chrome OS,14588.98,1
Chrome OS,14989.107,1
iPadOS,16.2,1
iPadOS,17.1,1
KaiOS,2.5,1
Tizen,4.0,1
PlayStation,4.12,1
Android,4.2,1
iOS,6.0,1
Android TV,9,1
iOS,9.1,1
Windows,Vista,1
