name,unique_entrances,total_entrances,visit_duration
/en/latest/tutorials/installing-packages/,8249,8566,67
/en/latest/guides/installing-using-pip-and-virtual-environments/,1934,2004,38
/en/latest/guides/writing-pyproject-toml/,1812,2205,278
/en/latest/tutorials/packaging-projects/,1539,1604,119
/en/latest/guides/tool-recommendations/,1012,1033,52
/en/latest/,559,580,127
/en/latest/guides/distributing-packages-using-setuptools/,260,267,149
/en/latest/glossary/,257,263,150
/en/latest/key_projects/,199,201,165
/en/latest/discussions/src-layout-vs-flat-layout/,174,187,109
/en/latest/overview/,158,161,232
/en/latest/specifications/pyproject-toml/,142,145,209
/en/latest/specifications/dependency-specifiers/,130,137,83
/en/latest/guides/installing-using-linux-tools/,126,130,73
/en/latest/guides/packaging-namespace-packages/,123,127,113
/en/latest/specifications/version-specifiers/,105,109,93
/en/latest/guides/hosting-your-own-index/,97,100,192
/en/latest/tutorials/managing-dependencies/,97,99,34
/en/latest/guides/creating-command-line-tools/,91,94,95
/en/latest/discussions/versioning/,87,89,52
/en/latest/specifications/entry-points/,86,87,15
/en/latest/guides/section-install/,83,83,58
/en/latest/specifications/pypirc/,78,83,91
/en/latest/discussions/setup-py-deprecated/,65,65,184
/en/latest/flow/,61,61,234
/en/latest/guides/modernize-setup-py-project/,61,65,247
/en/latest/specifications/core-metadata/,59,59,315
/en/latest/guides/publishing-package-distribution-releases-using-github-actions-ci-cd-workflows/,57,57,334
/en/latest/specifications/inline-script-metadata/,56,58,46
/en/latest/guides/,55,55,195
/en/latest/guides/section-build-and-publish/,55,56,244
/en/latest/tutorials/,52,52,132
/en/latest/discussions/install-requires-vs-requirements/,51,51,84
/en/latest/guides/creating-and-discovering-plugins/,51,53,138
/en/latest/guides/installing-using-virtualenv/,47,48,144
/en/latest/specifications/platform-compatibility-tags/,45,48,55
/en/latest/specifications/,41,41,190
/en/latest/specifications/dependency-groups/,38,40,193
/en/latest/search/,37,37,197
/en/latest/specifications/pylock-toml/,37,37,29
/en/latest/discussions/package-formats/,36,36,94
/en/latest/guides/index-mirrors-and-caches/,33,33,45
/en/latest/guides/installing-stand-alone-command-line-tools/,32,32,121
/en/latest/guides/using-manifest-in/,31,31,71
/en/latest/specifications/binary-distribution-format/,30,31,142
/en/latest/guides/analyzing-pypi-package-downloads/,29,29,63
/en/latest/guides/installing-scientific-packages/,28,30,85
/en/latest/specifications/externally-managed-environments/,28,29,10
/en/latest/discussions/single-source-version/,27,30,358
/en/latest/guides/using-testpypi/,27,28,62
/en/latest/guides/making-a-pypi-friendly-readme/,23,23,137
/en/latest/guides/packaging-binary-extensions/,22,23,97
/en/latest/specifications/name-normalization/,21,22,107
/en/latest/discussions/deploying-python-applications/,20,20,18
/en/latest/specifications/simple-repository-api/,20,21,27
/en/latest/discussions/pip-vs-easy-install/,19,19,186
/en/latest/discussions/distribution-package-vs-import-package/,11,11,158
/en/latest/guides/licensing-examples-and-user-scenarios/,11,12,9
/en/latest/specifications/glob-patterns/,9,9,16
/en/latest/specifications/virtual-environments/,9,9,0
/en/latest/guides/dropping-older-python-versions/,8,8,188
/en/latest/specifications/recording-installed-packages/,8,9,3
/en/latest/discussions/,7,7,65
/en/latest/guides/migrating-to-pypi-org/,6,7,0
/en/latest/specifications/well-known-project-urls/,6,6,49
/ja/latest/guides/writing-pyproject-toml/,5,5,575
/en/latest/guides/section-hosting/,4,4,21
/en/latest/specifications/section-distribution-formats/,4,5,277
/en/latest/specifications/section-distribution-metadata/,4,4,22
/en/latest/specifications/source-distribution-format/,4,4,266
/en/latest/support/,4,4,182
/en/latest/specifications/direct-url/,3,3,772
/en/latest/specifications/section-installation-metadata/,3,3,403
/en/latest/guides/single-sourcing-package-version/,2,2,634
/en/latest/news/,2,2,35
/en/latest/specifications/direct-url-data-structure/,2,2,0
/en/latest/specifications/license-expression/,2,2,20
/en/latest/specifications/section-reproducible-environments/,2,2,744
/ja/latest/discussions/src-layout-vs-flat-layout/,2,2,1582
/ja/latest/guides/installing-using-pip-and-virtual-environments/,2,2,376
/ja/latest/specifications/dependency-specifiers/,2,2,828
/ja/latest/tutorials/installing-packages/,2,2,867
/pt-br/latest/guides/installing-using-pip-and-virtual-environments/,2,2,30
/pt-br/latest/guides/writing-pyproject-toml/,2,2,1014
/en/latest/contribute/,1,1,38
/en/latest/discussions/downstream-packaging/,1,1,12
/en/latest/guides/supporting-multiple-python-versions/,1,1,0
/en/latest/index.html,1,1,0
/ja/latest/discussions/package-formats/,1,1,1700
/ja/latest/glossary/,1,1,11
/ja/latest/guides/tool-recommendations/,1,1,214
