name,unique_exits,total_exits,exit_rate
/en/latest/tutorials/installing-packages/,3562,3637,
/en/latest/guides/tool-recommendations/,678,686,
/en/latest/tutorials/packaging-projects/,618,638,
/en/latest/guides/writing-pyproject-toml/,531,538,
/en/latest/guides/installing-using-pip-and-virtual-environments/,507,513,
/en/latest/,279,282,
/en/latest/discussions/src-layout-vs-flat-layout/,256,256,
/en/latest/key_projects/,174,177,
/en/latest/specifications/binary-distribution-format/,168,170,
/en/latest/glossary/,167,168,
/en/latest/specifications/dependency-specifiers/,97,99,
/en/latest/overview/,95,98,
/en/latest/guides/installing-using-linux-tools/,62,64,
/en/latest/guides/creating-command-line-tools/,43,45,
/en/latest/guides/distributing-packages-using-setuptools/,43,49,
/en/latest/specifications/version-specifiers/,42,42,
/en/latest/guides/installing-stand-alone-command-line-tools/,39,39,
/en/latest/guides/section-install/,39,40,
/en/latest/flow/,36,39,
/en/latest/specifications/entry-points/,36,37,
/en/latest/tutorials/,34,34,
/en/latest/tutorials/managing-dependencies/,31,31,
/en/latest/guides/packaging-namespace-packages/,29,29,
/en/latest/specifications/pyproject-toml/,28,29,
/en/latest/guides/analyzing-pypi-package-downloads/,27,27,
/en/latest/guides/creating-and-discovering-plugins/,23,24,
/en/latest/guides/installing-scientific-packages/,21,21,
/en/latest/guides/publishing-package-distribution-releases-using-github-actions-ci-cd-workflows/,21,24,
/en/latest/guides/section-build-and-publish/,21,22,
/en/latest/search/,21,21,
/en/latest/specifications/core-metadata/,21,21,
/en/latest/guides/,19,19,
/en/latest/specifications/inline-script-metadata/,19,19,
/en/latest/guides/hosting-your-own-index/,18,18,
/en/latest/guides/using-testpypi/,18,18,
/en/latest/specifications/,18,18,
/en/latest/discussions/distribution-package-vs-import-package/,16,16,
/en/latest/discussions/package-formats/,16,17,
/en/latest/guides/installing-using-virtualenv/,16,16,
/en/latest/specifications/dependency-groups/,16,16,
/en/latest/discussions/versioning/,14,14,
/en/latest/guides/licensing-examples-and-user-scenarios/,14,14,
/en/latest/guides/packaging-binary-extensions/,13,13,
/en/latest/discussions/deploying-python-applications/,12,12,
/en/latest/specifications/name-normalization/,12,12,
/en/latest/specifications/platform-compatibility-tags/,11,11,
/en/latest/specifications/pylock-toml/,11,11,
/en/latest/guides/making-a-pypi-friendly-readme/,9,9,
/en/latest/guides/modernize-setup-py-project/,9,10,
/en/latest/specifications/pypirc/,9,9,
/en/latest/specifications/recording-installed-packages/,9,9,
/en/latest/specifications/simple-repository-api/,8,8,
/en/latest/discussions/setup-py-deprecated/,7,7,
/en/latest/specifications/externally-managed-environments/,7,7,
/en/latest/discussions/pip-vs-easy-install/,6,6,
/en/latest/guides/index-mirrors-and-caches/,6,6,
/en/latest/support/,6,6,
/en/latest/discussions/single-source-version/,5,5,
/en/latest/discussions/install-requires-vs-requirements/,4,4,
/en/latest/guides/using-manifest-in/,4,4,
/en/latest/specifications/project-status-markers/,4,4,
/en/latest/discussions/,3,4,
/en/latest/guides/dropping-older-python-versions/,3,3,
/en/latest/specifications/license-expression/,3,3,
/en/latest/specifications/section-distribution-metadata/,3,3,
/en/latest/contribute/,2,2,
/en/latest/guides/section-hosting/,2,2,
/en/latest/specifications/build-details/,2,2,
/en/latest/specifications/direct-url/,2,2,
/en/latest/specifications/file-yanking/,2,2,
/en/latest/specifications/glob-patterns/,2,2,
/en/latest/specifications/source-distribution-format/,2,2,
/en/latest/specifications/virtual-environments/,2,2,
/ja/latest/specifications/dependency-specifiers/,2,2,
/ja/latest/tutorials/installing-packages/,2,2,
/pt-br/latest/tutorials/installing-packages/,2,2,
/en/latest/discussions/downstream-packaging/,1,1,
/en/latest/genindex/,1,1,
/en/latest/guides/migrating-to-pypi-org/,1,1,
/en/latest/news/,1,1,
/en/latest/specifications/build-details/v1.0/,1,1,
/en/latest/specifications/direct-url-data-structure/,1,1,
/en/latest/specifications/schemas/,1,1,
/en/latest/specifications/section-package-indices/,1,1,
/en/latest/specifications/section-python-description-formats/,1,1,
/en/latest/specifications/well-known-project-urls/,1,1,
/ja/latest/,1,1,
/pt-br/latest/contribute/,1,1,
/pt-br/latest/flow/,1,1,
/pt-br/latest/guides/writing-pyproject-toml/,1,1,
