name,visitors,pageviews,bounce_rate,time_on_page,scroll_depth
/en/latest/tutorials/installing-packages/,4051,4477,79,48,40
/en/latest/guides/tool-recommendations/,837,920,76,23,59
/en/latest/tutorials/packaging-projects/,797,835,80,74,51
/en/latest/guides/writing-pyproject-toml/,645,695,80,58,52
/en/latest/guides/installing-using-pip-and-virtual-environments/,581,592,91,52,45
/en/latest/,416,459,66,25,82
/en/latest/glossary/,378,363,53,39,60
/en/latest/key_projects/,356,336,42,28,43
/en/latest/discussions/src-layout-vs-flat-layout/,274,272,96,79,84
/en/latest/overview/,216,205,62,92,52
/en/latest/specifications/binary-distribution-format/,196,204,82,44,36
/en/latest/guides/section-install/,129,134,42,10,97
/en/latest/tutorials/,129,128,33,5,97
/en/latest/flow/,119,116,38,61,66
/en/latest/specifications/dependency-specifiers/,116,123,85,30,29
/en/latest/guides/installing-using-linux-tools/,110,104,78,40,82
/en/latest/guides/,105,100,50,14,90
/en/latest/guides/distributing-packages-using-setuptools/,91,99,63,47,45
/en/latest/guides/installing-stand-alone-command-line-tools/,87,76,50,56,70
/en/latest/tutorials/managing-dependencies/,85,74,60,32,69
/en/latest/guides/section-build-and-publish/,65,65,50,10,98
/en/latest/specifications/version-specifiers/,58,57,83,63,43
/en/latest/guides/creating-command-line-tools/,53,55,88,54,70
/en/latest/specifications/,53,49,57,15,84
/en/latest/search/,50,48,69,10,71
/en/latest/specifications/pyproject-toml/,49,48,69,83,60
/en/latest/guides/packaging-namespace-packages/,44,44,78,90,64
/en/latest/discussions/distribution-package-vs-import-package/,37,27,62,38,70
/en/latest/specifications/entry-points/,37,38,100,60,70
/en/latest/guides/installing-scientific-packages/,36,34,80,47,85
/en/latest/guides/installing-using-virtualenv/,36,36,65,47,99
/en/latest/specifications/core-metadata/,35,35,68,42,45
/en/latest/guides/analyzing-pypi-package-downloads/,33,32,75,21,51
/en/latest/guides/publishing-package-distribution-releases-using-github-actions-ci-cd-workflows/,33,33,77,99,72
/en/latest/discussions/package-formats/,30,29,69,22,64
/en/latest/guides/packaging-binary-extensions/,30,26,79,62,68
/en/latest/guides/using-testpypi/,28,24,75,26,88
/en/latest/guides/creating-and-discovering-plugins/,27,27,91,48,81
/en/latest/discussions/setup-py-deprecated/,26,26,38,29,66
/en/latest/guides/hosting-your-own-index/,23,25,68,130,93
/en/latest/discussions/,21,24,20,85,97
/en/latest/guides/modernize-setup-py-project/,21,20,57,112,72
/en/latest/discussions/deploying-python-applications/,20,19,82,22,84
/en/latest/specifications/dependency-groups/,20,21,88,53,66
/en/latest/specifications/inline-script-metadata/,20,23,84,41,73
/en/latest/specifications/name-normalization/,20,19,100,11,84
/en/latest/guides/licensing-examples-and-user-scenarios/,19,16,100,29,68
/en/latest/support/,19,17,0,8,98
/en/latest/discussions/versioning/,18,17,67,70,52
/en/latest/specifications/pylock-toml/,18,16,71,22,48
/en/latest/discussions/pip-vs-easy-install/,17,17,75,113,86
/en/latest/specifications/simple-repository-api/,15,15,75,129,33
/en/latest/discussions/single-source-version/,14,9,67,21,98
/en/latest/guides/dropping-older-python-versions/,14,12,100,13,86
/en/latest/specifications/pypirc/,14,12,89,23,80
/en/latest/guides/index-mirrors-and-caches/,13,9,60,117,95
/en/latest/specifications/recording-installed-packages/,13,14,71,24,52
/en/latest/guides/making-a-pypi-friendly-readme/,12,13,75,18,91
/en/latest/discussions/install-requires-vs-requirements/,11,10,67,15,70
/en/latest/specifications/platform-compatibility-tags/,11,11,100,47,38
/en/latest/specifications/source-distribution-format/,11,12,33,23,59
/en/latest/guides/section-hosting/,10,8,0,8,98
/en/latest/specifications/section-distribution-metadata/,10,11,0,4,95
/en/latest/specifications/section-package-indices/,9,8,0,7,97
/en/latest/specifications/well-known-project-urls/,9,6,0,32,84
/en/latest/specifications/externally-managed-environments/,8,8,100,10,30
/en/latest/contribute/,6,7,25,4,22
/en/latest/news/,6,5,0,4,22
/en/latest/specifications/schemas/,6,5,0,6,98
/en/latest/specifications/section-distribution-formats/,6,6,0,5,96
/en/latest/specifications/section-python-description-formats/,6,5,0,2,97
/en/latest/guides/using-manifest-in/,5,8,20,5,100
/en/latest/specifications/license-expression/,5,4,100,29,99
/en/latest/specifications/project-status-markers/,5,5,100,10,84
/en/latest/specifications/section-reproducible-environments/,5,3,0,2,96
/en/latest/discussions/downstream-packaging/,4,3,100,19,86
/en/latest/specifications/build-details/,4,4,0,6,85
/en/latest/specifications/file-yanking/,4,3,100,42,79
/en/latest/specifications/index-hosted-attestations/,4,2,0,30,63
/en/latest/specifications/virtual-environments/,4,4,100,6,60
/en/latest/specifications/direct-url-data-structure/,3,4,100,53,96
/en/latest/specifications/glob-patterns/,3,3,100,10,90
/en/latest/specifications/direct-url/,2,3,50,8,77
/en/latest/specifications/section-installation-metadata/,2,2,0,4,94
/en/latest/genindex/,1,1,100,3,27
/en/latest/guides/migrating-to-pypi-org/,1,1,100,12,31
/en/latest/guides/single-sourcing-package-version/,1,1,0,,
/en/latest/specifications/build-details/v1.0/,1,1,0,9,100
