name,visitors
Japan,3610
China,2589
United States,1663
India,1539
France,1301
Brazil,1246
South Korea,1178
Ukraine,955
Mexico,829
Spain,766
Colombia,590
Russian Federation,462
Hong Kong,424
Taiwan,416
Argentina,359
Germany,342
Chile,287
United Kingdom,279
Canada,237
Peru,235
Italy,232
Vietnam,227
Singapore,176
Poland,166
Turkey,149
Australia,134
Nigeria,104
Netherlands,103
Ecuador,100
Philippines,91
South Africa,89
Morocco,83
Kazakhstan,76
Kenya,74
Venezuela,72
Egypt,71
Pakistan,71
Portugal,70
Indonesia,66
Iran,66
Thailand,66
Belgium,65
Switzerland,65
Bolivia,63
Ghana,63
Guatemala,62
Malaysia,62
Uzbekistan,61
Sweden,57
Costa Rica,56
Romania,46
Israel,45
Czechia,43
Dominican Republic,43
Algeria,42
Bangladesh,41
Austria,40
Uruguay,36
Tunisia,35
Belarus,33
Greece,33
Sri Lanka,32
Norway,32
Denmark,31
Finland,31
El Salvador,31
Saudi Arabia,30
United Arab Emirates,29
Kyrgyzstan,29
Nepal,29
Iraq,28
New Zealand,27
Ethiopia,26
Hungary,25
Azerbaijan,24
Cameroon,23
Panama,23
Georgia,20
Côte d'Ivoire,19
Honduras,19
Ireland,19
Madagascar,19
Mongolia,19
Tanzania,19
Anonymous VPN Service,18
Cuba,18
Slovakia,18
Paraguay,17
Bulgaria,16
"Congo, The Democratic Republic of the",16
Macao,16
Serbia,16
Senegal,16
Uganda,16
Zambia,14
Benin,13
Croatia,12
Cambodia,12
Luxembourg,12
Lithuania,11
Rwanda,11
Zimbabwe,11
Armenia,10
Angola,10
Oman,10
Congo,9
Jordan,9
Nicaragua,9
Togo,9
Burkina Faso,8
Puerto Rico,8
Kuwait,7
Lebanon,7
Latvia,7
Qatar,7
Slovenia,7
Cyprus,6
Estonia,6
Gabon,6
Moldova,6
Mali,6
Malawi,6
Namibia,6
Bosnia and Herzegovina,5
Cabo Verde,5
Myanmar,5
Mozambique,5
Yemen,5
Afghanistan,4
Albania,4
Haiti,4
Jamaica,4
Laos,4
Réunion,4
Somalia,4
Tajikistan,4
Kosovo,4
Burundi,3
Brunei Darussalam,3
Guinea,3
North Macedonia,3
Malta,3
Mauritius,3
Papua New Guinea,3
Bhutan,2
Botswana,2
Belize,2
Djibouti,2
Lesotho,2
Libya,2
Mauritania,2
Niger,2
"Palestine, State of",2
Palau,2
Trinidad and Tobago,2
"Virgin Islands, U.S.",2
Andorra,1
Bahamas,1
Fiji,1
Grenada,1
Gibraltar,1
Gambia,1
Guadeloupe,1
Guam,1
Iceland,1
Jersey,1
Saint Lucia,1
Liberia,1
Martinique,1
French Polynesia,1
Seychelles,1
Sudan,1
Sierra Leone,1
Syria,1
Timor-Leste,1
Mayotte,1
