name,visitors,pageviews,bounce_rate,time_on_page,scroll_depth
/zh-cn/3/tutorial/index.html,404,502,64,29,54
/zh-cn/3.14/,334,380,35,28,81
/zh-cn/3/,327,406,51,21,77
/zh-cn/3/library/index.html,253,355,51,33,44
/zh-cn/3.14/tutorial/index.html,222,286,44,51,67
/zh-cn/3/library/idle.html,219,224,79,21,30
/zh-cn/3/library/turtle.html,207,284,78,96,28
/zh-cn/3.13/tutorial/index.html,185,228,50,28,59
/zh-cn/3.14/library/index.html,173,215,46,52,49
/zh-cn/3.15/using/windows.html,153,139,57,50,24
/zh-cn/3/library/functions.html,148,178,61,71,41
/zh-cn/3/tutorial/controlflow.html,120,118,70,162,48
/zh-cn/3/tutorial/interpreter.html,119,132,59,61,78
/zh-cn/3.14/whatsnew/3.14.html,110,113,69,114,29
/zh-cn/3/index.html,101,110,62,37,78
/zh-cn/3/reference/index.html,97,110,51,45,76
/zh-cn/3.14/tutorial/interpreter.html,96,95,67,112,74
/zh-cn/3/tutorial/introduction.html,95,123,66,221,60
/zh-cn/3.13/,93,131,42,13,79
/zh-cn/3.14/index.html,91,114,40,29,83
/zh-cn/3/library/stdtypes.html,90,117,60,107,38
/zh-cn/3.14/library/functions.html,89,81,62,94,31
/zh-cn/3.14/library/stdtypes.html,87,90,64,449,49
/zh-cn/3/library/math.html,87,93,80,72,38
/zh-cn/3.13/using/android.html,79,96,81,16,83
/zh-cn/3.14/search.html,79,115,41,21,49
/zh-cn/3.14/tutorial/introduction.html,79,91,55,209,63
/zh-cn/3/tutorial/,79,93,57,56,52
/zh-cn/3.14/tutorial/controlflow.html,78,92,69,254,50
/zh-cn/3.14/reference/index.html,77,82,61,25,84
/zh-cn/3/search.html,77,95,55,26,53
/zh-cn/3/tutorial/appetite.html,77,72,35,116,85
/zh-cn/3/using/index.html,75,73,76,15,76
/zh-cn/3.14/tutorial/appetite.html,72,59,40,266,90
/zh-cn/3.13/library/index.html,71,85,43,32,50
/zh-cn/3/library/,71,85,65,42,37
/zh-cn/3.13/library/idle.html,69,70,84,28,28
/zh-cn/3.13/tutorial/interpreter.html,66,59,71,25,76
/zh-cn/3/download.html,66,59,50,27,94
/zh-cn/3.14/using/windows.html,65,56,77,113,28
/zh-cn/3/tutorial/datastructures.html,63,65,72,244,71
/zh-cn/3/using/mac.html,61,60,75,50,51
/zh-cn/3/glossary.html,58,49,58,38,38
/zh-cn/3/contents.html,55,54,22,28,14
/zh-cn/3.13/tutorial/controlflow.html,50,53,68,258,43
/zh-cn/3.13/index.html,49,77,21,17,72
/zh-cn/3.13/search.html,49,91,53,31,64
/zh-cn/3.14/contents.html,49,63,14,28,15
/zh-cn/3.13/using/index.html,47,49,78,13,78
/zh-cn/3.14/using/index.html,47,46,60,15,76
/zh-cn/3.14/installing/index.html,46,35,80,40,78
/zh-cn/3/tutorial/classes.html,46,45,75,307,55
/zh-cn/3.13/library/functions.html,45,53,52,56,34
/zh-cn/3.12/,44,54,36,13,77
/zh-cn/3.14/download.html,44,40,50,32,94
/zh-cn/3.13/reference/index.html,43,40,64,32,76
/zh-cn/3.13/library/stdtypes.html,42,44,79,55,45
/zh-cn/3.14/glossary.html,42,38,67,119,37
/zh-cn/3/library/tkinter.html,42,40,76,27,23
/zh-cn/3.13/tutorial/introduction.html,41,37,80,113,47
/zh-cn/3/tutorial/modules.html,39,36,53,204,66
/zh-cn/3.13/library/venv.html,38,39,94,26,24
/zh-cn/3.15/,38,39,14,9,81
/zh-cn/3.12/library/index.html,37,63,57,62,52
/zh-cn/3/reference/lexical_analysis.html,37,30,67,59,45
/zh-cn/3.13/tutorial/appetite.html,36,32,50,29,92
/zh-cn/3/installing/index.html,36,33,84,22,66
/zh-cn/3/library/random.html,36,35,85,39,33
/zh-cn/3/py-modindex.html,35,46,22,33,44
/zh-cn/3.13/library/turtle.html,34,32,83,106,40
/zh-cn/3/tutorial/inputoutput.html,34,32,62,138,67
/zh-cn/3.14/py-modindex.html,33,31,0,19,47
/zh-cn/3.13/tutorial/classes.html,32,32,62,215,62
/zh-cn/3.12/tutorial/index.html,30,47,53,105,61
/zh-cn/3.13/installing/index.html,30,24,79,24,68
/zh-cn/3.14/tutorial/,30,32,50,25,66
/zh-cn/3.14/tutorial/datastructures.html,29,41,44,183,67
/zh-cn/3/whatsnew/3.14.html,28,24,71,190,32
/zh-cn/3.13/glossary.html,26,24,71,118,45
/zh-cn/3.13/tutorial/,26,27,50,26,63
/zh-cn/3.14/howto/index.html,26,27,80,9,93
/zh-cn/3/reference/datamodel.html,26,22,80,37,35
/zh-cn/3/tutorial/stdlib.html,26,22,86,138,56
/zh-cn/3.12/search.html,25,45,40,29,58
/zh-cn/3.13/contents.html,25,19,50,5,2
/zh-cn/3.13/tutorial/inputoutput.html,24,22,78,49,50
/zh-cn/3/library/collections.html,24,33,76,42,39
/zh-cn/3/library/tk.html,24,23,74,15,55
/zh-cn/3/reference/introduction.html,24,23,22,124,72
/zh-cn/3/using/windows.html,24,21,83,78,42
/zh-cn/3.13/tutorial/datastructures.html,23,27,69,248,58
/zh-cn/3.14/tutorial/stdlib.html,23,23,40,123,71
/zh-cn/3/library/os.html,23,23,73,50,24
/zh-cn/3.12/library/functions.html,22,22,50,87,41
/zh-cn/3.13/tutorial/modules.html,22,21,70,113,40
/zh-cn/3.13/using/windows.html,22,20,100,61,48
/zh-cn/3.13/whatsnew/3.13.html,22,23,62,144,17
/zh-cn/3/reference/compound_stmts.html,22,17,62,46,34
/zh-cn/3/reference/simple_stmts.html,22,21,67,26,52
/zh-cn/3/tutorial/errors.html,22,18,75,134,58
