name,visitors,pageviews,bounce_rate,time_on_page,scroll_depth
/fr/3/tutorial/,373,465,62,42,53
/fr/3/library/csv.html,129,137,81,56,33
/fr/3.13/tutorial/index.html,127,175,56,31,56
/fr/3.13/library/tkinter.html,102,101,77,74,31
/fr/3/tutorial/appetite.html,100,97,44,49,86
/fr/3/library/json.html,94,96,83,52,23
/fr/3/tutorial/introduction.html,93,85,76,110,49
/fr/3.13/tutorial/classes.html,90,93,92,99,42
/fr/3/tutorial/interpreter.html,84,90,61,90,75
/fr/dev/installing/index.html,80,80,84,27,61
/fr/3/tutorial/datastructures.html,79,79,83,142,44
/fr/3.13/search.html,74,129,39,38,53
/fr/3.13/tutorial/datastructures.html,74,72,93,47,30
/fr/3/tutorial/controlflow.html,73,75,81,112,31
/fr/3/tutorial/venv.html,70,70,95,54,57
/fr/3/library/datetime.html,66,65,93,39,26
/fr/3.13/,65,84,22,16,75
/fr/3.13/library/stdtypes.html,64,76,71,76,17
/fr/3.13/library/random.html,63,65,89,30,28
/fr/3.13/tutorial/introduction.html,62,65,94,159,62
/fr/3.13/library/functions.html,60,64,82,42,49
/fr/3/library/stdtypes.html,54,69,63,156,26
/fr/3/,53,60,68,34,79
/fr/3/tutorial/inputoutput.html,53,59,74,152,39
/fr/3/library/enum.html,51,51,76,55,36
/fr/3.13/library/turtle.html,50,56,86,50,27
/fr/3.13/reference/import.html,50,50,87,25,25
/fr/3.13/tutorial/controlflow.html,47,48,78,133,39
/fr/3/search.html,47,79,44,28,52
/fr/3/tutorial/classes.html,47,45,93,84,60
/fr/3.13/howto/sorting.html,46,50,79,86,47
/fr/3/howto/logging.html,46,44,75,108,35
/fr/3/howto/regex.html,42,44,73,60,40
/fr/3.13/library/datetime.html,41,41,94,34,26
/fr/3.13/tutorial/interpreter.html,41,46,64,45,72
/fr/3/genindex-Symboles.html,39,40,79,25,35
/fr/3.13/tutorial/errors.html,38,36,78,63,35
/fr/3.13/using/windows.html,38,41,75,117,32
/fr/3/using/cmdline.html,38,39,58,245,35
/fr/3.13/library/os.html,37,34,71,103,9
/fr/3/library/functions.html,36,36,89,103,44
/fr/3/library/string.html,36,38,92,43,41
/fr/3/library/threading.html,36,32,78,39,27
/fr/dev/reference/compound_stmts.html,36,35,84,23,22
/fr/3/library/random.html,35,42,81,59,26
/fr/3/tutorial/errors.html,34,33,96,85,39
/fr/3/tutorial/index.html,34,49,59,36,60
/fr/3.13/library/collections.html,33,35,86,58,29
/fr/3/library/glob.html,33,33,81,26,66
/fr/3.13/library/idle.html,32,28,76,20,28
/fr/3.13/library/subprocess.html,31,27,85,49,27
/fr/3/library/index.html,29,27,69,64,44
/fr/3/library/__main__.html,28,28,96,82,54
/fr/3/library/sys.html,28,31,79,38,12
/fr/3.13/library/pathlib.html,27,29,73,42,26
/fr/3/library/statistics.html,27,30,96,57,24
/fr/3/using/index.html,26,29,53,16,74
/fr/3.13/tutorial/appetite.html,25,20,0,130,91
/fr/3.13/library/index.html,23,47,0,94,40
/fr/3.13/library/math.html,23,24,89,14,28
/fr/3.13/library/tkinter.ttk.html,23,32,78,157,53
/fr/3.13/reference/compound_stmts.html,23,21,81,14,18
/fr/3.13/library/operator.html,22,21,87,27,48
/fr/3.13/library/re.html,22,22,100,69,14
/fr/3/tutorial/modules.html,22,19,86,110,55
/fr/3/using/windows.html,21,21,80,76,37
/fr/3/library/turtle.html,20,20,85,77,22
/fr/3.13/howto/argparse.html,19,19,56,82,24
/fr/3.13/library/base64.html,19,21,69,80,61
/fr/3.13/library/time.html,19,19,83,17,22
/fr/3.13/tutorial/modules.html,19,19,87,117,43
/fr/3.13/whatsnew/3.13.html,19,18,100,60,26
/fr/3/contents.html,19,19,22,12,2
/fr/3/library/multiprocessing.html,19,18,88,54,26
/fr/3/library/math.html,18,20,79,17,32
/fr/3/library/tkinter.html,18,23,57,91,50
/fr/3.13/installing/index.html,17,13,89,60,74
/fr/3/using/,17,22,57,10,75
/fr/dev/tutorial/datastructures.html,17,16,93,104,29
/fr/3/glossary.html,16,12,57,28,37
/fr/dev/library/functions.html,16,16,73,42,59
/fr/3.13/howto/sockets.html,15,13,90,37,50
/fr/3.13/library/tk.html,15,16,45,16,62
/fr/3/howto/sorting.html,15,23,80,105,55
/fr/3/library/time.html,15,14,70,10,22
/fr/3.13/glossary.html,14,10,100,113,31
/fr/3.13/howto/enum.html,14,13,80,42,24
/fr/3.13/index.html,14,13,75,16,66
/fr/3.13/library/timeit.html,14,16,83,64,54
/fr/3/library/exceptions.html,14,14,92,15,44
/fr/3/library/queue.html,14,14,57,13,55
/fr/3/library/re.html,14,16,69,64,44
/fr/3/whatsnew/3.13.html,14,10,67,39,13
/fr/3.13/library/asyncio.html,13,13,62,21,80
/fr/3.13/library/copy.html,13,13,92,22,67
/fr/3.13/library/pickle.html,13,16,67,18,25
/fr/3.13/tutorial/,13,15,50,25,56
/fr/3.13/using/unix.html,13,15,80,80,71
/fr/3.13/faq/windows.html,12,11,89,34,52
/fr/3.13/library/pprint.html,12,12,100,17,46
