name,visitors,pageviews,bounce_rate,time_on_page,scroll_depth
/3.12/,769,1236,60,65,75
/3.12/tutorial/index.html,413,518,67,110,54
/3.12/library/stdtypes.html,292,376,64,443,42
/3.12/whatsnew/3.12.html,238,284,79,128,19
/3.12/using/windows.html,237,297,71,178,23
/3.12/library/functions.html,204,262,75,323,53
/3.12/search.html,183,358,23,91,46
/3.12/index.html,158,205,56,72,74
/3.12/library/index.html,123,253,29,48,45
/3.12/tutorial/,121,151,54,177,59
/3.12/library/,115,138,45,126,36
/3.12/library/typing.html,105,124,61,289,46
/zh-cn/3.12/,105,164,33,33,77
/3.12/library/2to3.html,95,121,86,682,44
/3.12/tutorial/interpreter.html,78,90,75,251,75
/3.12/library/datetime.html,74,97,83,687,44
/zh-cn/3.12/tutorial/index.html,73,112,38,44,60
/zh-cn/3.12/library/index.html,67,122,27,54,44
/3.12/library/exceptions.html,65,68,83,485,47
/3.12/library/os.html,64,88,73,502,44
/3.12/tutorial/appetite.html,64,75,83,93,83
/3.12/tutorial/controlflow.html,64,86,68,438,48
/zh-cn/3.12/library/stdtypes.html,60,92,72,669,45
/3.12/tutorial/introduction.html,59,63,76,302,57
/3.12/library/tkinter.html,57,71,85,223,48
/zh-cn/3.12/index.html,51,71,52,42,79
/zh-cn/3.12/search.html,45,98,31,55,62
/3.12/reference/index.html,44,91,55,52,75
/3.12/py-modindex.html,42,63,47,39,53
/3.12/library/pathlib.html,38,45,90,221,61
/3.12/library/telnetlib.html,38,43,75,869,68
/zh-cn/3.12/library/functions.html,36,48,61,237,34
/zh-cn/3.12/reference/index.html,36,55,40,24,76
/3.12/library/turtle.html,35,53,67,369,41
/3.12/contents.html,34,54,50,28,23
/3.12/glossary.html,34,46,50,75,46
/zh-cn/3.12/using/mac.html,34,41,71,97,70
/3.12/tutorial/datastructures.html,33,38,69,79,56
/zh-cn/3.12/tutorial/controlflow.html,33,67,57,321,44
/3.12/download.html,32,37,83,141,88
/zh-cn/3.12/tutorial/introduction.html,32,56,70,263,67
/ja/3.12/library/codecs.html,31,37,71,244,9
/3.12/library/os.path.html,30,31,90,249,61
/3.12/library/random.html,30,34,83,235,44
/3.12/library/re.html,29,42,84,516,53
/3.12/library/itertools.html,28,29,86,379,34
/3.12/library/logging.html,27,33,62,154,51
/3.12/library/asyncio.html,26,35,50,27,76
/3.12/installing/index.html,25,31,50,171,70
/zh-cn/3.12/download.html,25,28,80,173,89
/3.12/using/index.html,24,35,33,60,74
/uk/3.12/library/turtle.html,24,31,83,878,15
/zh-cn/3.12/whatsnew/3.12.html,24,27,64,254,15
/3.12/library/math.html,23,27,88,81,54
/3.12/reference/datamodel.html,23,31,29,142,45
/zh-cn/3.12/library/multiprocessing.html,23,24,89,231,37
/3.12/library/cgi.html,22,28,71,636,42
/3.12/tutorial/classes.html,22,25,67,189,59
/zh-cn/3.12/tutorial/interpreter.html,22,35,50,100,85
/3.12/library/subprocess.html,21,23,70,305,27
/3.12/tutorial/inputoutput.html,21,32,75,108,65
/3.12/library/collections.abc.html,20,26,25,88,68
/3.12/library/collections.html,20,26,60,562,48
/zh-cn/3.12/library/idle.html,20,23,85,178,22
/3.12/library/argparse.html,19,19,78,20,37
/3.12/reference/lexical_analysis.html,19,26,0,241,78
/zh-cn/3.12/glossary.html,19,26,25,269,40
/zh-cn/3.12/library/turtle.html,19,24,81,693,40
/zh-cn/3.12/library/typing.html,19,22,80,380,45
/3.12/library/asyncio-task.html,18,23,50,214,56
/3.12/library/threading.html,18,17,91,800,53
/zh-cn/3.12/contents.html,18,32,0,42,15
/zh-cn/3.12/library/logging.html,18,19,100,,32
/zh-cn/3.12/using/,18,23,50,123,76
/3.12/genindex.html,17,22,0,48,100
/3.12/library/json.html,17,21,100,412,40
/3.12/library/multiprocessing.html,17,20,100,432,26
/3.12/library/socket.html,17,35,40,1144,44
/3.12/library/csv.html,16,17,50,152,64
/3.12/library/functools.html,16,15,67,80,36
/3.12/library/string.html,16,33,38,376,63
/3.12/library/sys.html,16,18,50,84,62
/3.12/tutorial/venv.html,16,19,71,409,66
/ko/3.12/library/codecs.html,16,17,94,,4
/ko/3.12/library/intro.html,16,16,20,16,38
/zh-cn/3.12/library/asyncio-task.html,16,18,60,691,34
/zh-cn/3.12/library/asyncio.html,16,23,43,43,81
/zh-cn/3.12/reference/compound_stmts.html,16,21,50,328,42
/zh-cn/3.12/reference/expressions.html,16,17,86,110,61
/zh-cn/3.12/using/windows.html,16,18,100,77,34
/3.12/library/concurrent.futures.html,15,22,43,346,68
/3.12/library/time.html,15,16,75,47,37
/3.12/library/unittest.html,15,17,88,388,42
/3.12/tutorial/modules.html,15,18,25,90,63
/zh-cn/3.12/library/subprocess.html,15,20,45,221,15
/zh-cn/3.12/tutorial/classes.html,15,14,86,1424,37
/zh-cn/3.12/tutorial/datastructures.html,15,21,100,57,51
/3.12/library/enum.html,14,15,100,96,55
/3.12/tutorial/errors.html,14,15,43,184,35
/es/3.12/tutorial/index.html,14,22,31,93,69
