name,visitors,pageviews,bounce_rate,time_on_page,scroll_depth
/ja/latest/tutorials/installing-packages/,89,94,86,55,38
/ja/latest/guides/installing-using-pip-and-virtual-environments/,79,82,94,56,48
/ja/latest/guides/writing-pyproject-toml/,56,62,86,58,43
/ja/latest/discussions/src-layout-vs-flat-layout/,17,16,85,33,70
/ja/latest/tutorials/packaging-projects/,16,16,75,42,41
/ja/latest/discussions/setup-py-deprecated/,14,17,75,42,51
/ja/latest/guides/distributing-packages-using-setuptools/,9,13,83,68,51
/ja/latest/guides/installing-using-linux-tools/,8,7,80,8,66
/ja/latest/guides/modernize-setup-py-project/,8,8,80,25,44
/ja/latest/guides/packaging-namespace-packages/,8,8,100,70,68
/ja/latest/specifications/version-specifiers/,8,7,100,32,52
/ja/latest/,5,5,0,2,67
/ja/latest/discussions/versioning/,5,6,40,23,61
/ja/latest/key_projects/,5,4,50,11,32
/ja/latest/specifications/binary-distribution-format/,5,7,75,68,54
/ja/latest/specifications/dependency-specifiers/,5,4,0,46,28
/ja/latest/specifications/pypirc/,5,5,100,3,85
/ja/latest/specifications/pyproject-toml/,5,4,67,97,36
/ja/latest/guides/publishing-package-distribution-releases-using-github-actions-ci-cd-workflows/,4,4,75,286,67
/ja/latest/overview/,4,6,0,25,47
/ja/latest/glossary/,3,3,100,42,57
/ja/latest/guides/creating-and-discovering-plugins/,3,3,67,16,27
/ja/latest/guides/dropping-older-python-versions/,3,3,100,4,38
/ja/latest/guides/making-a-pypi-friendly-readme/,3,3,100,5,78
/ja/latest/specifications/platform-compatibility-tags/,3,3,67,17,59
/ja/latest/discussions/distribution-package-vs-import-package/,2,2,100,9,100
/ja/latest/discussions/single-source-version/,2,1,100,1,57
/ja/latest/flow/,2,2,100,,
/ja/latest/guides/installing-scientific-packages/,2,2,100,45,57
/ja/latest/guides/using-testpypi/,2,1,0,26,100
/ja/latest/specifications/glob-patterns/,2,1,0,24,100
/ja/latest/specifications/inline-script-metadata/,2,4,67,,
/ja/latest/specifications/recording-installed-packages/,2,2,100,9,34
/ja/latest/specifications/section-distribution-formats/,2,2,0,6,100
/ja/latest/tutorials/,2,2,0,3,100
/ja/latest/tutorials/managing-dependencies/,2,2,100,74,55
/ja/latest/discussions/install-requires-vs-requirements/,1,1,100,,
/ja/latest/guides/analyzing-pypi-package-downloads/,1,1,100,57,59
/ja/latest/guides/creating-command-line-tools/,1,1,100,25,100
/ja/latest/guides/hosting-your-own-index/,1,1,100,,
/ja/latest/guides/index-mirrors-and-caches/,1,1,100,33,98
/ja/latest/guides/installing-stand-alone-command-line-tools/,1,1,100,15,100
/ja/latest/guides/section-install/,1,2,0,4,100
/ja/latest/search/,1,1,0,3,100
/ja/latest/specifications/,1,1,0,2,68
/ja/latest/specifications/core-metadata/,1,1,0,13,100
/ja/latest/specifications/direct-url-data-structure/,1,1,100,4,20
/ja/latest/specifications/license-expression/,1,1,100,1,98
/ja/latest/specifications/name-normalization/,1,1,0,4,100
/ja/latest/specifications/section-distribution-metadata/,1,1,0,3,100
/ja/latest/specifications/source-distribution-format/,1,1,100,12,67
