name,unique_exits,total_exits,exit_rate
/ja/latest/tutorials/installing-packages/,129,129,
/ja/latest/guides/installing-using-pip-and-virtual-environments/,98,103,
/ja/latest/guides/writing-pyproject-toml/,60,61,
/ja/latest/tutorials/packaging-projects/,32,32,
/en/latest/tutorials/installing-packages/,14,14,
/ja/latest/discussions/src-layout-vs-flat-layout/,13,16,
/ja/latest/discussions/setup-py-deprecated/,9,9,
/ja/latest/specifications/binary-distribution-format/,9,9,
/ja/latest/glossary/,8,8,
/ja/latest/guides/distributing-packages-using-setuptools/,7,7,
/ja/latest/key_projects/,7,7,
/ja/latest/discussions/versioning/,5,5,
/ja/latest/guides/installing-stand-alone-command-line-tools/,5,6,
/ja/latest/specifications/dependency-specifiers/,5,5,
/ja/latest/specifications/pyproject-toml/,5,5,
/en/latest/guides/writing-pyproject-toml/,4,4,
/ja/latest/specifications/platform-compatibility-tags/,4,4,
/ja/latest/flow/,3,3,
/ja/latest/guides/installing-using-linux-tools/,3,3,
/ja/latest/guides/modernize-setup-py-project/,3,3,
/ja/latest/guides/packaging-namespace-packages/,3,3,
/ja/latest/specifications/version-specifiers/,3,3,
/en/latest/flow/,2,2,
/ja/latest/discussions/package-formats/,2,2,
/ja/latest/guides/index-mirrors-and-caches/,2,2,
/ja/latest/guides/installing-scientific-packages/,2,2,
/ja/latest/guides/using-testpypi/,2,2,
/ja/latest/specifications/externally-managed-environments/,2,2,
/en/latest/,1,1,
/en/latest/discussions/install-requires-vs-requirements/,1,1,
/en/latest/discussions/src-layout-vs-flat-layout/,1,1,
/en/latest/guides/distributing-packages-using-setuptools/,1,1,
/en/latest/guides/installing-using-pip-and-virtual-environments/,1,1,
/en/latest/guides/migrating-to-pypi-org/,1,1,
/en/latest/guides/packaging-namespace-packages/,1,1,
/en/latest/guides/tool-recommendations/,1,1,
/en/latest/specifications/glob-patterns/,1,1,
/ja/latest/discussions/distribution-package-vs-import-package/,1,1,
/ja/latest/discussions/install-requires-vs-requirements/,1,1,
/ja/latest/guides/analyzing-pypi-package-downloads/,1,1,
/ja/latest/guides/creating-and-discovering-plugins/,1,1,
/ja/latest/guides/dropping-older-python-versions/,1,1,
/ja/latest/guides/packaging-binary-extensions/,1,1,
/ja/latest/guides/publishing-package-distribution-releases-using-github-actions-ci-cd-workflows/,1,1,
/ja/latest/guides/section-install/,1,1,
/ja/latest/guides/tool-recommendations/,1,1,
/ja/latest/news/,1,1,
/ja/latest/overview/,1,1,
/ja/latest/specifications/,1,1,
/ja/latest/specifications/direct-url/,1,1,
/ja/latest/specifications/entry-points/,1,1,
/ja/latest/specifications/name-normalization/,1,1,
/ja/latest/specifications/recording-installed-packages/,1,1,
/ja/latest/tutorials/,1,1,
/ja/latest/tutorials/managing-dependencies/,1,1,
/pt-br/latest/guides/writing-pyproject-toml/,1,1,
