name,unique_entrances,total_entrances,visit_duration
/3.12/,351,368,157
/3.12/tutorial/index.html,234,243,132
/3/,198,199,382
/3.12/using/windows.html,169,173,31
/3.12/whatsnew/3.12.html,153,155,97
/3.12/library/2to3.html,122,124,43
/3.12/library/functions.html,102,105,55
/3.12/tutorial/,100,102,128
/3.12/library/,97,98,36
/3.12/search.html,93,97,321
/3.12/library/stdtypes.html,91,97,147
/3.12/index.html,83,89,91
/3.12/library/typing.html,78,81,75
/3.12/library/index.html,58,61,349
/3.12/library/datetime.html,57,59,233
/zh-cn/3.12/using/mac.html,53,53,59
/zh-cn/3.12/,40,41,251
/3.12/library/exceptions.html,38,38,164
/3.12/library/logging.html,38,40,254
/3.12/library/tkinter.html,37,42,40
/3.12/library/os.path.html,35,36,123
/3.12/library/os.html,33,35,124
/zh-cn/3.12/library/index.html,32,33,89
/3.12/library/re.html,29,31,159
/3.12/library/itertools.html,26,26,130
/3.12/library/telnetlib.html,25,29,128
/3.12/tutorial/interpreter.html,25,25,120
/3/library/typing.html,25,26,375
/zh-cn/3.12/library/multiprocessing.html,24,24,84
/zh-cn/3.12/library/typing.html,24,24,74
/3.12/glossary.html,23,25,224
/3.12/tutorial/controlflow.html,23,27,25
/3.12/library/threading.html,21,22,167
/3.12/tutorial/introduction.html,21,22,345
/3.12/library/pathlib.html,20,20,5
/3.12/library/turtle.html,19,19,46
/3.12/tutorial/datastructures.html,19,22,275
/3/library/datetime.html,19,19,671
/3.12/library/asyncio-task.html,18,18,0
/3.12/library/multiprocessing.html,18,18,108
/3/library/stdtypes.html,18,18,726
/3/library/telnetlib.html,18,18,226
/3/tutorial/index.html,18,18,545
/zh-cn/3.12/tutorial/index.html,18,18,38
/3.12/tutorial/appetite.html,17,17,38
/zh-cn/3.12/library/re.html,17,18,0
/3.12/download.html,16,17,12
/zh-cn/3.12/library/logging.html,16,16,0
/zh-cn/3.12/tutorial/controlflow.html,16,16,230
/3.12/library/time.html,15,15,127
/3/library/logging.html,15,15,415
/zh-cn/3.12/library/asyncio-task.html,15,15,140
/3.12/library/functools.html,14,15,69
/3/library/index.html,14,14,330
/es/3.12/tutorial/index.html,14,16,433
/zh-cn/3.12/library/__main__.html,14,14,1
/zh-cn/3.12/library/argparse.html,14,14,11
/zh-cn/3.12/library/asyncio.html,14,14,102
/zh-cn/3.12/library/datetime.html,14,14,87
/zh-cn/3.12/search.html,14,15,359
/3.12/library/random.html,13,13,204
/3.12/library/subprocess.html,13,14,343
/3.12/library/venv.html,13,13,496
/3/library/venv.html,13,13,224
/zh-cn/3.12/index.html,13,13,369
/zh-cn/3.12/library/threading.html,13,13,142
/zh-cn/3.12/library/venv.html,13,13,2
/zh-cn/3.12/using/index.html,13,13,17
/3.12/library/asyncio.html,12,12,318
/3.12/library/enum.html,12,12,90
/3.12/library/io.html,12,12,450
/3.12/library/math.html,12,12,41
/3.12/library/tempfile.html,12,12,117
/3.12/whatsnew/changelog.html,12,18,128
/3/library/multiprocessing.html,12,12,375
/3/search.html,12,12,1207
/3/whatsnew/3.12.html,12,12,345
/zh-cn/3.12/whatsnew/3.12.html,12,12,148
/3.12/contents.html,11,11,248
/3.12/library/dataclasses.html,11,11,0
/3.12/reference/index.html,11,11,66
/3.13/,11,11,383
/3/library/asyncio-task.html,11,11,1269
/3/library/pathlib.html,11,11,614
/3/tutorial/datastructures.html,11,11,1270
/ja/3/library/crypt.html,11,11,142
/zh-cn/3.12/library/ctypes.html,11,12,262
/zh-cn/3.12/library/dataclasses.html,11,11,169
/zh-cn/3.12/library/functions.html,11,11,127
/zh-cn/3.12/library/gc.html,11,11,156
/zh-cn/3.12/library/itertools.html,11,11,63
/zh-cn/3.12/library/queue.html,11,11,7
/zh-cn/3.12/library/subprocess.html,11,11,279
/3.12/installing/index.html,10,10,136
/3.12/library/cgi.html,10,10,0
/3.12/library/collections.abc.html,10,10,74
/3.12/library/collections.html,10,10,426
/3.12/library/socket.html,10,10,78
/3.12/library/string.html,10,10,124
/3.12/tutorial/classes.html,10,10,287
/3/library/argparse.html,10,10,1374
/3/whatsnew/3.13.html,10,10,315
/zh-cn/3.12/library/pathlib.html,10,10,18
/3.12/library/idle.html,9,9,36
/3.12/library/pipes.html,9,9,151
/3.12/library/queue.html,9,9,300
/3.12/library/shutil.html,9,9,323
/3.12/library/sys.html,9,10,55
/3.12/library/unittest.mock.html,9,9,1
/3.12/tutorial/inputoutput.html,9,9,63
/3/library/cgi.html,9,9,484
/3/library/re.html,9,9,636
/3/library/tempfile.html,9,9,95
/ja/3.12/tutorial/,9,9,344
/zh-cn/3.12/library/heapq.html,9,9,2
/zh-cn/3.12/library/stdtypes.html,9,10,101
/zh-cn/3.12/library/unittest.html,9,9,9
/zh-cn/3.12/using/windows.html,9,9,21
/zh-cn/3/,9,9,696
/3.12/library/argparse.html,8,8,0
/3.12/library/audioop.html,8,8,3
/3.12/library/tarfile.html,8,8,199
/3.12/tutorial/errors.html,8,12,7
/3.12/tutorial/modules.html,8,8,1003
/3.13/tutorial/index.html,8,8,860
/3/library/asyncio-eventloop.html,8,8,739
/3/library/dataclasses.html,8,8,486
/3/library/itertools.html,8,8,205
/3/library/threading.html,8,8,1252
/3/library/tkinter.html,8,8,512
/3/library/unittest.mock.html,8,8,721
/3/tutorial/inputoutput.html,8,8,179
/ja/3.12/,8,8,7
/ja/3.12/whatsnew/index.html,8,9,25
/zh-cn/3.12/library/collections.html,8,8,0
/zh-cn/3.12/library/os.html,8,8,10
/zh-cn/3.12/reference/import.html,8,8,0
/zh-cn/3.12/tutorial/introduction.html,8,8,890
/zh-cn/3.12/using/configure.html,8,8,469
/3.12/library/imp.html,7,7,1
/3.12/library/json.html,7,7,216
/3.12/library/unittest.html,7,7,113
/3.12/reference/compound_stmts.html,7,8,399
/3.12/reference/datamodel.html,7,9,770
/3.12/using/cmdline.html,7,8,0
/3.12/whatsnew/index.html,7,7,52
/3/library/concurrent.futures.html,7,7,1134
/3/library/configparser.html,7,7,941
/3/library/importlib.resources.html,7,7,350
/3/tutorial/errors.html,7,7,949
/ja/3.12/library/index.html,7,8,209
/zh-cn/3.12/howto/logging.html,7,7,0
/zh-cn/3.12/library/string.html,7,9,98
/zh-cn/3.12/library/turtle.html,7,8,1
/zh-cn/3.12/py-modindex.html,7,7,205
/zh-cn/3.12/reference/index.html,7,7,418
/zh-cn/3.12/tutorial/classes.html,7,7,0
/zh-cn/3.13/,7,7,157
/3.12/library/concurrent.futures.html,6,6,1161
/3.12/library/constants.html,6,6,0
/3.12/library/ctypes.html,6,6,107
/3.12/library/hashlib.html,6,6,0
/3.12/library/heapq.html,6,6,477
/3.12/library/struct.html,6,6,369
/3.12/library/urllib.parse.html,6,6,1
/3.12/py-modindex.html,6,7,71
/3.12/reference/import.html,6,6,281
/3/howto/logging.html,6,6,1693
/3/library/asyncio.html,6,6,598
/3/library/subprocess.html,6,6,126
/3/library/time.html,6,6,1278
/3/library/unittest.html,6,6,378
/3/using/windows.html,6,6,680
/3/whatsnew/changelog.html,6,6,491
/ja/3.12/library/multiprocessing.shared_memory.html,6,7,0
/ja/3.12/library/os.html,6,6,72
/ja/3.12/tutorial/controlflow.html,6,6,172
/ko/3.12/tutorial/controlflow.html,6,6,33
/zh-cn/3.12/installing/index.html,6,6,0
/zh-cn/3.12/library/asyncio-eventloop.html,6,6,276
/zh-cn/3.12/tutorial/interpreter.html,6,7,389
/3.12/extending/extending.html,5,6,239
/3.12/howto/logging-cookbook.html,5,5,568
/3.12/howto/logging.html,5,5,46
/3.12/library/copyreg.html,5,5,241
/3.12/library/csv.html,5,5,118
/3.12/library/http.client.html,5,8,94
/3.12/library/http.html,5,5,99
/3.12/library/importlib.html,5,5,58
/3.12/library/intro.html,5,8,539
/3.12/library/signal.html,5,5,331
/3.12/library/sqlite3.html,5,7,313
/3.12/library/urllib.request.html,5,5,103
/3.12/tutorial/venv.html,5,5,10
/3.12/using/configure.html,5,5,0
/3.12/using/mac.html,5,5,0
/3.13/tutorial/,5,5,491
/3.13/using/windows.html,5,5,302
/3.15/,5,5,507
/3/index.html,5,5,240
/3/library/audioop.html,5,5,162
/3/library/crypt.html,5,5,132
/3/library/functions.html,5,5,597
/3/library/http.server.html,5,5,449
/3/library/importlib.html,5,5,481
/3/library/json.html,5,5,373
/3/library/os.html,5,5,380
/3/library/random.html,5,5,594
/3/library/socket.html,5,6,24
/3/tutorial/,5,5,1588
/ja/3.12/library/exceptions.html,5,5,16
/ja/3.12/library/ssl.html,5,6,206
/ja/3.12/library/stdtypes.html,5,5,228
/ja/3.12/whatsnew/3.12.html,5,5,49
/pt-br/3.12/tutorial/index.html,5,5,3
/zh-cn/3.12/contents.html,5,5,288
/zh-cn/3.12/download.html,5,5,297
/zh-cn/3.12/howto/argparse.html,5,5,0
/zh-cn/3.12/howto/regex.html,5,5,46
/zh-cn/3.12/howto/sorting.html,5,5,0
/zh-cn/3.12/library/os.path.html,5,5,38
/zh-cn/3.12/library/pprint.html,5,5,20
/zh-cn/3.12/library/secrets.html,5,5,123
/zh-cn/3.12/library/traceback.html,5,5,0
/zh-cn/3/tutorial/index.html,5,5,621
/3.12/faq/index.html,4,5,258
/3.12/genindex.html,4,4,1300
/3.12/library/abc.html,4,4,23
/3.12/library/email.message.html,4,4,437
/3.12/library/functional.html,4,4,120
/3.12/library/gzip.html,4,4,5
/3.12/library/importlib.resources.html,4,5,19
/3.12/library/keyword.html,4,4,0
/3.12/library/resource.html,4,4,120
/3.12/library/ssl.html,4,4,0
/3.12/library/sysconfig.html,4,4,16
/3.12/library/tkinter.ttk.html,4,4,571
/3.12/library/types.html,4,4,603
/3.12/reference/lexical_analysis.html,4,5,0
/3.12/using/index.html,4,4,0
/3/c-api/init.html,4,4,1026
/3/contents.html,4,4,1068
/3/library/abc.html,4,4,1493
/3/library/collections.html,4,4,827
/3/library/logging.config.html,4,4,65
/3/library/pickle.html,4,4,804
/3/library/pipes.html,4,4,100
/3/library/string.html,4,4,750
/3/reference/index.html,4,4,660
/3/tutorial/introduction.html,4,4,1099
/it/3.12/tutorial/,4,4,17
/ja/3.12/c-api/gen.html,4,4,0
/ja/3.12/index.html,4,4,434
/ja/3.12/library/crypt.html,4,4,0
/ja/3.12/library/datetime.html,4,4,377
/ja/3.12/search.html,4,4,10
/uk/3.12/library/unittest.html,4,4,0
/zh-cn/3.12/library/,4,4,28
/zh-cn/3.12/library/configparser.html,4,4,0
/zh-cn/3.12/library/enum.html,4,4,0
/zh-cn/3.12/library/pickle.html,4,4,0
/zh-cn/3.12/library/pydoc.html,4,4,3
/zh-cn/3.12/library/socket.html,4,4,326
/zh-cn/3.12/library/tempfile.html,4,4,0
/zh-cn/3.12/library/tracemalloc.html,4,4,155
/zh-cn/3.12/tutorial/datastructures.html,4,5,0
/zh-tw/3.12/index.html,4,5,7
/zh-tw/3.12/library/venv.html,4,4,24
/3.12/c-api/index.html,3,3,2
/3.12/deprecations/index.html,3,3,427
/3.12/howto/perf_profiling.html,3,3,0
/3.12/library/asyncio-eventloop.html,3,3,15
/3.12/library/codecs.html,3,3,0
/3.12/library/configparser.html,3,3,1142
/3.12/library/contextlib.html,3,3,46
/3.12/library/dis.html,3,3,0
/3.12/library/distutils.html,3,3,0
/3.12/library/email.html,3,4,14
/3.12/library/glob.html,3,3,0
/3.12/library/mmap.html,3,3,0
/3.12/library/pickle.html,3,3,71
/3.12/library/profile.html,3,3,0
/3.12/library/urllib.html,3,3,1
/3.12/library/uuid.html,3,3,0
/3.12/library/warnings.html,3,3,13
/3.12/library/xml.etree.elementtree.html,3,3,143
/3.12/library/zoneinfo.html,3,3,9
/3.12/reference/,3,3,2051
/3.12/reference/executionmodel.html,3,4,1852
/3.12/reference/expressions.html,3,3,0
/3.12/reference/simple_stmts.html,3,3,843
/3.12/tutorial/stdlib.html,3,4,136
/3.12/whatsnew/3.11.html,3,3,33
/3.13/index.html,3,3,43
/3/download.html,3,3,46
/3/genindex.html,3,3,323
/3/howto/logging-cookbook.html,3,3,992
/3/howto/sorting.html,3,3,1
/3/installing/index.html,3,3,652
/3/library/asyncio-future.html,3,3,462
