name,visitors
Tokyo,186
California,180
England,149
Guangdong,90
Île-de-France,74
New York,69
Beijing,54
Virginia,54
Texas,52
Moscow,50
Bavaria,49
Shanghai,48
Maharashtra,45
Karnataka,44
Illinois,44
Ontario,42
North Rhine-Westphalia,42
São Paulo,38
Hesse,38
Baden-Württemberg,37
Colorado,36
North Holland,35
Washington,34
Zhejiang,33
Tamil Nadu,32
Telangāna,32
Osaka,31
Taipei,31
Pennsylvania,31
Kyiv,30
Mazovia,28
Seoul,26
New South Wales,25
Quebec,23
Lombardy,23
Vienna,22
Sichuan,22
Kanagawa,22
Saint Petersburg,22
Jiangsu,21
Berlin,21
Florida,21
Massachusetts,21
Maryland,21
Madrid Autonomous Community,20
Georgia,20
Prague,19
New Jersey,19
North Carolina,18
Saxony,17
Delhi,17
Oregon,17
British Columbia,16
Shaanxi,16
Capital District,16
Arizona,16
Zürich,15
Uusimaa,15
Auvergne-Rhône-Alpes,15
Utah,15
Hanoi,15
Uttar Pradesh,14
Nairobi County,14
Ohio,14
Buenos Aires Province,13
Victoria,13
Minas Gerais,13
Hunan,13
Kowloon City Kowloon,13
Tel Aviv,13
Stockholm,13
Ho Chi Minh City,13
Fujian,12
Shandong,12
Kwai Tsing New Territories,12
Kerala,12
Ciudad de Mexico,12
Kuala Lumpur,12
South Holland,12
Pomerania,12
New Taipei,12
Taichung,12
Michigan,12
Minnesota,12
Federal District,11
Lower Saxony,11
Catalonia,11
Leinster,11
Gujarat,11
Attica,10
North Brabant,10
Lisbon,10
Bratislava,10
Iowa,10
Missouri,10
Guizhou,9
Henan,9
Jakarta,9
Central,9
West Bengal,9
Saitama,9
Lagos,9
Moscow Province,9
Bangkok,9
Tashkent,9
Western Australia,8
Rio de Janeiro,8
Jiangxi,8
Valencian Community,8
Budapest,8
Aichi,8
Oslo,8
Lesser Poland,8
Novosibirsk,8
Taoyuan,8
South Carolina,8
Gauteng,8
Queensland,7
Hubei,7
Provence-Alpes-Côte-d'Azur,7
Pays-de-la-Loire,7
Chiba,7
Yamaguchi,7
Fukuoka,7
Gyeonggi,7
Almaty City,7
Auckland,7
Indiana,7
Wisconsin,7
Yerevan,6
Dhaka Division,6
Brussels,6
Flanders,6
Sofia,6
Amazonas,6
Santa Catarina,6
Chongqing,6
Antioquia,6
Capital Region,6
Harjumaa,6
Andalusia,6
Wan Chai Hong Kong Island,6
Andhra Pradesh,6
Chandigarh,6
Lazio,6
Kyoto,6
Incheon,6
Drenthe,6
Lima,6
Lower Silesia,6
Chelyabinsk,6
Nizhny Novgorod,6
Västra Götaland,6
Kaohsiung,6
New Mexico,6
Oklahoma,6
Paraná,5
Anhui,5
Hebei,5
Schleswig-Holstein,5
Galicia,5
Tbilisi,5
Central and Western Hong Kong Island,5
Yuen Long New Territories,5
Shizuoka,5
Western,5
Overijssel,5
Utrecht,5
Punjab,5
Silesia,5
Bucharest,5
Beograd,5
Krasnodar Krai,5
Sverdlovsk,5
Washington DC,5
Kansas,5
Buenos Aires,4
Bahia,4
Ceará,4
Espírito Santo,4
Alberta,4
Liaoning,4
Zlín,4
Brandenburg,4
Hamburg,4
Thuringia,4
Brittany,4
Grand-Est,4
Jerusalem,4
Piedmont,4
Trentino-South Tyrol,4
Tuscany,4
Busan,4
Riga,4
Meknès-Tafilalet,4
Chihuahua,4
Mexico State,4
Selangor,4
Province 3,4
Metro Manila,4
Calabarzon,4
Iași,4
Bashkortostan,4
Rostov,4
Voronezh,4
Istanbul,4
Lvivshchyna,4
Connecticut,4
Nevada,4
Rhode Island,4
Capital,4
Córdoba,3
Styria,3
Minsk,3
Santiago Metropolitan,3
Yunnan,3
Heredia,3
San José,3
Nicosia,3
South Moravia,3
Mecklenburg-Vorpommern,3
Central Denmark,3
Tartumaa,3
Central Finland,3
Scotland,3
Greater Accra,3
Central Macedonia,3
Guatemala,3
Tsuen Wan New Territories,3
Banten,3
West Sumatra,3
Haifa,3
Odisha,3
Campania,3
Amman,3
Hokkaido,3
Ibaraki,3
Yamanashi,3
Ehime,3
Pavlodar,3
Querétaro,3
Quintana Roo,3
Federal Capital Territory,3
Trøndelag,3
Canterbury,3
Wellington,3
Greater Poland,3
West Pomerania,3
Satu Mare,3
Chuvash,3
Kirov,3
Omsk,3
Samara,3
Udmurt,3
Riyadh,3
Skåne,3
Ljubljana,3
San Salvador,3
Dnipropetrovshchyna,3
Poltavshchyna,3
Louisiana,3
Montana,3
Montevideo,3
Western Cape,3
Dubai,2
Lower Austria,2
Baku,2
Shumen,2
Pernambuco,2
Rio Grande do Norte,2
Gaborone,2
Magileu,2
Manitoba,2
St. Gallen,2
Vaud,2
Coquimbo,2
Gansu,2
Guangxi,2
Ningxia,2
Bolívar,2
Cundinamarca,2
Guaviare,2
Havana,2
Plzeň,2
Bremen,2
Saxony-Anhalt,2
Northern Denmark,2
Zealand,2
Mostaganem,2
Guayas,2
Imbabura,2
Cairo,2
Cantabria,2
Canary Islands,2
Balearic Islands,2
Burgundy-Franche-Comté,2
Hauts-de-France,2
Conakry,2
Sham Shui Po Kowloon,2
Primorje-Gorski Kotar,2
