name,visitors,bounce_rate,visit_duration
google.com,3071,81,143
Direct / None,1966,64,271
m.baidu.com,1319,80,26
bing.com,231,68,192
qiita.com,218,80,93
note.nkmk.me,162,89,37
search.yahoo.co.jp,64,68,78
python.org,44,0,373
chatgpt.com,40,56,93
baidu.com,27,78,81
google.co.jp,27,81,45
utokyo-ipp.github.io,21,81,294
python.jp,20,74,207
baidu.com/link,14,86,2
m.baidu.com/s,14,86,0
github.com,11,80,7
duckduckgo.com,10,100,199
algo-method.com,7,29,443
excel-ubara.com,6,78,8
gemini.google.com,6,60,111
teratail.com,6,83,32
moodle.daiichi-koudai.ac.jp,5,40,1542
moodle.s.kyushu-u.ac.jp,5,60,673
search.brave.com,5,100,146
youtube.com,5,80,15
hatenablog-parts.com,4,100,10
misskey.systems,4,25,138
www5.learningpark.jp,4,100,0
chokkan.github.io,3,100,0
classroom.google.com,3,25,102
copilot.cloud.microsoft,3,100,0
curict.com,3,100,0
dev.classmethod.jp,3,100,0
exam.iniad.org,3,100,1
gihyo.jp,3,33,30
hitachigroup.okta.com,3,100,0
login.microsoftonline.com,3,100,0
paiza.jp,3,100,0
paveway.info,3,67,102
perplexity.ai,3,100,0
python-izm.com,3,100,0
python.ambitious-engineer.com,3,100,0
sejuku.net,3,33,1147
tohoho-web.com,3,100,0
webclass.tcu.ac.jp,3,33,214
websearch.rakuten.co.jp,3,67,41
10.0.1.6,2,50,0
blog.amedama.jp,2,50,1330
blog.pyq.jp,2,100,0
dataseeds-blog.com,2,100,0
digipla.qh.toyota.co.jp,2,100,0
diver.diveintocode.jp,2,50,352
docs.pyq.jp,2,100,0
dot-asterisk.pages.cloud.fiot.denso.info,2,100,0
google.com/search,2,100,0
helve-blog.com,2,50,108
isc.meiji.ac.jp,2,50,26
m.baidu.com/from=1001192y/bd_page_type=1/ssid=0/uid=0/pu=usm%400%2Csz%401320_1001%2Cta%40iphone_2_10.0_28_16.0/baiduid=57B9AE2F6D589A6BA6D2AD03DE343189/w=0_10_/t=iphone/l=1/tc,2,50,0
m.baidu.com/from=1001192y/bd_page_type=1/ssid=0/uid=0/pu=usm%400%2Csz%401320_1001%2Cta%40iphone_2_10.0_28_16.0/baiduid=DE7199BD3CDDEE78D28641FDD27A57D6/w=0_10_/t=iphone/l=1/tc,2,50,30
m.baidu.com/from=1001703a/bd_page_type=1/ssid=0/uid=0/pu=usm%401%2Csz%401320_1001%2Cta%40iphone_2_15.0_18_40.9/baiduid=47152FEA3507558E4B364B7674BF6D65/w=0_10_/t=iphone/l=1/tc,2,50,5
m.baidu.com/from=1001703a/bd_page_type=1/ssid=0/uid=0/pu=usm%402%2Csz%401320_1001%2Cta%40iphone_2_12.0_18_40.9/baiduid=B0C05066D191DC1C34DBEDCE9239738A/w=0_10_/t=iphone/l=1/tc,2,100,0
m.baidu.com/from=1001703a/bd_page_type=1/ssid=0/uid=0/pu=usm%402%2Csz%401320_1001%2Cta%40iphone_2_13.0_18_40.9/baiduid=01F998416B6753A0561AE4596FF7A6E4/w=0_10_/t=iphone/l=1/tc,2,100,0
m.baidu.com/from=1012852q/bd_page_type=1/ssid=0/uid=0/pu=usm%400%2Csz%401320_1004%2Cta%40iphone_2_10.0_11_12.7/baiduid=744DCD671CA459CAD32E4C0117BB6069/w=0_10_/t=iphone/l=1/tc,2,100,0
m.baidu.com/from=1012852q/bd_page_type=1/ssid=0/uid=0/pu=usm%401%2Csz%401320_1004%2Cta%40iphone_2_13.0_11_18.4/baiduid=B922113BE522A1071CA95D61CB4DBDBD/w=0_10_/t=iphone/l=1/tc,2,100,0
m.baidu.com/from=1012852q/bd_page_type=1/ssid=0/uid=0/pu=usm%401%2Csz%401320_1004%2Cta%40iphone_2_14.0_11_18.4/baiduid=125BE615794778BC7BA060AF8F2FAE05/w=0_10_/t=iphone/l=1/tc,2,0,2
m.baidu.com/from=1013966u/bd_page_type=1/ssid=0/uid=0/pu=usm%400%2Csz%401320_1001%2Cta%40iphone_2_13.0_19_25.3/baiduid=55053AF63118F1EFECC6D1933BEAAD07/w=0_10_/t=iphone/l=1/tc,2,100,243
m.baidu.com/from=1013966u/bd_page_type=1/ssid=0/uid=0/pu=usm%402%2Csz%401320_1001%2Cta%40iphone_2_11.0_19_25.3/baiduid=8A343102444E6467639DBFC66CE41C81/w=0_10_/t=iphone/l=1/tc,2,50,281
m.baidu.com/from=1019311v/bd_page_type=1/ssid=0/uid=0/pu=usm%400%2Csz%401320_1001%2Cta%40iphone_2_13.0_19_25.3/baiduid=CC779F0761EA98E02547F39511EF8961/w=0_10_/t=iphone/l=1/tc,2,100,0
m.baidu.com/from=1019311v/bd_page_type=1/ssid=0/uid=0/pu=usm%400%2Csz%401320_1001%2Cta%40iphone_2_15.0_19_25.2/baiduid=CA43527C0BD5A60B53FD50B5A8490B03/w=0_10_/t=iphone/l=1/tc,2,0,0
m.baidu.com/from=1020761f/bd_page_type=1/ssid=0/uid=0/pu=sz%401320_1001%2Cta%40iphone_2_11.0_19_25.3%2Cusm%400/baiduid=FA842722252AA45CFA9EC788171A92DF/w=0_10_/t=iphone/l=1/tc,2,100,0
m.baidu.com/from=1020786w/bd_page_type=1/ssid=0/uid=0/pu=sz%401320_480%2Ccfrom%401014610q%2Cvmgdb%400020100228y%2Cc3_aid%40A00-V5GIRXFJDDCSA3FOD4R2NCYP233ZDMR7-G2UYUD4L%2Ccen%40cuid_cua_cut%2Ccua%40_a-qiyauvig4NE64I5me6NN0v8z9a2I4_C2H8yaN-iqlC%2Cosname%40baiduboxapp%2Cctv%402%2Ccuid%40_aSf8g8bSa0Guvam0PSua_a92a_3a2a-0823alu8vaKmLqqqB%2Cusm%400%2Ccsrc%40home_box_txt/baiduid=A1A5B7EC14B4E4C44873C9B1B1CAB49D/w=0_10_/t=zbios/l=1/tc,2,50,12
m.baidu.com/from=1024043p/bd_page_type=1/ssid=0/uid=0/pu=usm%400%2Csz%401320_220%2Cta%40iphone_5_5.0_28_5.1/baiduid=5D316442234C9A49DE9009476156DBCB/w=0_10_/t=iphone/l=1/tc,2,50,1
nikkie-ftnext.hatenablog.com,2,100,0
ntp.msn.com,2,0,4842
paiza.jp/works/python/trial/python-trial-1/62000,2,50,98
paiza.jp/works/python3/primer/beginner-python7/6152/3,2,100,0
panasonic.aidemy.jp,2,100,0
pypi.org,2,100,0
python.org/events,2,0,32
sck.aidemy.jp,2,100,0
server01.d-advantage.com,2,50,12
statics.teams.cdn.office.net,2,100,0
act-mis-langaccel-web.azurewebsites.net,1,0,521
app.chatpro.jp,1,100,0
app.hireroo.io,1,100,0
atmarkit.itmedia.co.jp/ait/articles/1906/11/news007.html,1,100,0
atmarkit.itmedia.co.jp/ait/articles/1911/26/news018.html,1,0,53
atmarkit.itmedia.co.jp/ait/articles/2103/09/news022.html,1,100,0
atmarkit.itmedia.co.jp/ait/articles/2111/02/news019.html,1,100,0
atmarkit.itmedia.co.jp/ait/articles/2302/21/news024.html,1,100,0
baidu.com/s,1,100,0
bioerrorlog.work,1,0,0
bitarrow.eplang.jp,1,100,0
blog.serverworks.co.jp,1,100,0
chatgpt.com/c/6878b314-9c20-8009-980c-1e9d1651daa7,1,0,22
confluence.sie.sony.com,1,100,0
copilot.microsoft.com,1,100,0
creive.me,1,0,209
cs50.harvard.edu,1,0,577
daifuku.aidemy.jp,1,100,0
devguide.python.org/developer-workflow/extension-modules,1,0,999
dotinstall.com,1,100,0
drivingmecrazy.netlify.app,1,0,0
ds-blog.tbtech.co.jp,1,100,0
edocrates.edogawa-u.ac.jp,1,100,0
epsongroup.sharepoint.com,1,100,0
facebook.com,1,100,0
fastapi.tiangolo.com,1,0,22
felo.ai,1,100,0
furukawakk.aidemy.jp,1,100,0
gakuyasu.byaku.jp,1,0,8
gammasoft.jp,1,0,723
ghe.corp.yahoo.co.jp,1,0,605
github.com/aws-samples/siem-on-amazon-opensearch-service/blob/main/docs/configure_siem.md,1,100,0
github.com/h1rosaka/arai60/pull/11,1,100,0
github.com/tokuhirat/LeetCode/pull/39/files,1,100,0
google.com.au,1,100,0
gpnashik.ac.in,1,0,122
hfactory.hatenablog.com,1,100,0
hibiki-press.tech/python/bool/5495,1,100,0
hondajp.udemy.com,1,100,0
hotch-potch.hatenadiary.jp,1,100,0
i-style.atlassian.net,1,100,0
ikatakos.com,1,100,0
inetnf.auth,1,100,0
ja.semrush.com,1,100,0
ja.wikipedia.org,1,100,0
jcristharif.com,1,0,3582
jp.quora.com,1,100,0
jpc-powerpoint.officeapps.live.com,1,0,78
kamiki.blog,1,100,0
keep.google.com,1,0,763
kirinholdings2.aidemy.jp,1,100,0
kut-econ.github.io,1,100,0
login.zscaler.net,1,100,0
m.baidu.com/from=0/bd_page_type=1/ssid=0/uid=0/pu=usm%400%2Csz%401320_1001%2Cta%40iphone_2_15.0_29_116.0/baiduid=1B9A41F444178582D22D84903379401A/w=0_10_/t=iphone/l=1/tc,1,100,0
m.baidu.com/from=0/bd_page_type=1/ssid=0/uid=0/pu=usm%400%2Csz%401320_1003%2Cta%40iphone_2_12.0_1_17.8/baiduid=CA1BAB30ABC4076156DB6D0C5BC8EC89/w=0_10_/t=iphone/l=1/tc,1,100,0
m.baidu.com/from=0/bd_page_type=1/ssid=0/uid=0/pu=usm%400%2Csz%401320_1004%2Cvmgdb%400020100228y/baiduid=6F1ECBF49131E515B7E211AC0D6EAA3B/w=0_10_/t=zbios/l=1/tc,1,100,0
m.baidu.com/from=0/bd_page_type=1/ssid=0/uid=0/pu=usm%401%2Csz%401320_1001%2Cta%40iphone_2_8.1_24_61.0/baiduid=059071C77A401952D29A27A4F3389C7E/w=0_10_/t=iphone/l=1/tc,1,100,0
m.baidu.com/from=0/bd_page_type=1/ssid=0/uid=0/pu=vmgdb%400020100228y%2Csz%401320_1004%2Cusm%400/baiduid=B459E88D32EEF6EEF6DBBCBB43C6AD2C/w=0_10_/t=zbios/l=1/tc,1,100,0
m.baidu.com/from=1000539d/bd_page_type=1/ssid=0/uid=0/pu=usm%400%2Csz%401320_1001%2Cta%40iphone_2_10.0_19_25.4/baiduid=885D1203F8A236EABB753160A305F73F/w=0_10_/t=iphone/l=1/tc,1,100,0
m.baidu.com/from=1000575g/bd_page_type=1/ssid=0/uid=0/pu=sz%401320_480%2Ccuid%40_i2_i0uIH8Y7u28cg8Sl8guOH8_uiSiCg8vzaluYvuKZLqqqB%2Ccua%40_a-qiyaOvfg4NE6pI5me6NN0v8oNu-I4_C2Hiya92iqlC%2Ccut%40pfs8uYuv2O4HavC4gOL5YNpZxjfzOqqSB%2Cosname%40baiduboxapp%2Cctv%402%2Ccfrom%401020147m%2Ccen%40cuid_cua_cut%2Cc3_aid%40A00-TXYE473UIBEHHDVHY3FHXDYCNSV4TOML-IVPBOCSN%2Ccsrc%40bdbox_tserch_txt%2Cusm%401%2Cvmgdb%400020100228y/baiduid=84D407B950FF44A00856056FAB42F45D/w=0_10_/t=zbios/l=1/tc,1,100,0
m.baidu.com/from=1000969a/bd_page_type=1/ssid=0/uid=0/pu=usm%400%2Csz%401320_1001%2Cta%40iphone_2_10.0_29_114.0/baiduid=0D35B61CA201B273B464AE02B636A3B5/w=0_10_/t=iphone/l=1/tc,1,100,0
m.baidu.com/from=1001192y/bd_page_type=1/ssid=0/uid=0/pu=sz%401320_1001%2Cta%40iphone_2_10.0_28_16.0%2Cusm%400/baiduid=023ED362CF79BB666F34F7D1AE85E773/w=0_10_/t=iphone/l=1/tc,1,100,0
m.baidu.com/from=1001192y/bd_page_type=1/ssid=0/uid=0/pu=sz%401320_1001%2Cta%40iphone_2_10.0_28_16.0%2Cusm%400/baiduid=0DB81D31BCDFF659EF98850AE052950F/w=0_10_/t=iphone/l=1/tc,1,0,15
m.baidu.com/from=1001192y/bd_page_type=1/ssid=0/uid=0/pu=sz%401320_1001%2Cta%40iphone_2_10.0_28_16.0%2Cusm%400/baiduid=2EFB4687C09B1DF50D500A2617A2C5EF/w=0_10_/t=iphone/l=1/tc,1,100,0
m.baidu.com/from=1001192y/bd_page_type=1/ssid=0/uid=0/pu=sz%401320_1001%2Cta%40iphone_2_10.0_28_16.0%2Cusm%400/baiduid=4286B7047903093669715106A05959EA/w=0_10_/t=iphone/l=1/tc,1,100,0
m.baidu.com/from=1001192y/bd_page_type=1/ssid=0/uid=0/pu=sz%401320_1001%2Cta%40iphone_2_10.0_28_16.0%2Cusm%400/baiduid=591994BF4EFF58B6855D3C40044DA6F5/w=0_10_/t=iphone/l=1/tc,1,100,0
m.baidu.com/from=1001192y/bd_page_type=1/ssid=0/uid=0/pu=sz%401320_1001%2Cta%40iphone_2_10.0_28_16.0%2Cusm%400/baiduid=86012D93764E56009E8A44948B6DBAB5/w=0_10_/t=iphone/l=1/tc,1,100,0
m.baidu.com/from=1001192y/bd_page_type=1/ssid=0/uid=0/pu=sz%401320_1001%2Cta%40iphone_2_10.0_28_16.0%2Cusm%400/baiduid=97742E796F2FDF4412A9532D255A90FC/w=0_10_/t=iphone/l=1/tc,1,100,0
m.baidu.com/from=1001192y/bd_page_type=1/ssid=0/uid=0/pu=sz%401320_1001%2Cta%40iphone_2_10.0_28_16.0%2Cusm%400/baiduid=AC0440E9BFCD27C3F203AE66493AB01E/w=0_10_/t=iphone/l=1/tc,1,0,0
m.baidu.com/from=1001192y/bd_page_type=1/ssid=0/uid=0/pu=sz%401320_1001%2Cta%40iphone_2_10.0_28_16.0%2Cusm%400/baiduid=BB6DE0ED8FBA6B2B263A3812FCA643EB/w=0_10_/t=iphone/l=1/tc,1,0,0
m.baidu.com/from=1001192y/bd_page_type=1/ssid=0/uid=0/pu=sz%401320_1001%2Cta%40iphone_2_11.0_28_15.0%2Cusm%400/baiduid=D753E8EECB76B0ED9F2061E246BC424B/w=0_10_/t=iphone/l=1/tc,1,100,0
m.baidu.com/from=1001192y/bd_page_type=1/ssid=0/uid=0/pu=sz%401320_1001%2Cta%40iphone_2_12.0_28_16.0%2Cusm%400/baiduid=576272A278620126DCEF33B38E84D9D3/w=0_10_/t=iphone/l=1/tc,1,0,1
m.baidu.com/from=1001192y/bd_page_type=1/ssid=0/uid=0/pu=sz%401320_1001%2Cta%40iphone_2_12.0_28_16.0%2Cusm%400/baiduid=768C4F9F10B1FF22CCF3377E156A96D6/w=0_10_/t=iphone/l=1/tc,1,0,115
m.baidu.com/from=1001192y/bd_page_type=1/ssid=0/uid=0/pu=sz%401320_1001%2Cta%40iphone_2_12.0_28_16.0%2Cusm%400/baiduid=76DB0CC7A9A652D0079CE38393DECE52/w=0_10_/t=iphone/l=1/tc,1,0,1
m.baidu.com/from=1001192y/bd_page_type=1/ssid=0/uid=0/pu=sz%401320_1001%2Cta%40iphone_2_12.0_28_16.0%2Cusm%400/baiduid=833C6783663F8EF2C47195FF0A986ACB/w=0_10_/t=iphone/l=1/tc,1,100,0
m.baidu.com/from=1001192y/bd_page_type=1/ssid=0/uid=0/pu=sz%401320_1001%2Cta%40iphone_2_12.0_28_16.0%2Cusm%400/baiduid=971565A3A08855439041A27D71F88A57/w=0_10_/t=iphone/l=1/tc,1,100,0
m.baidu.com/from=1001192y/bd_page_type=1/ssid=0/uid=0/pu=sz%401320_1001%2Cta%40iphone_2_12.0_28_16.0%2Cusm%400/baiduid=99F042C62E8EB07D825ACBF05961AA39/w=0_10_/t=iphone/l=1/tc,1,0,18
m.baidu.com/from=1001192y/bd_page_type=1/ssid=0/uid=0/pu=sz%401320_1001%2Cta%40iphone_2_12.0_28_16.0%2Cusm%400/baiduid=DA7680C8C7B2987D05137ABA791FA593/w=0_10_/t=iphone/l=1/tc,1,100,0
m.baidu.com/from=1001192y/bd_page_type=1/ssid=0/uid=0/pu=sz%401320_1001%2Cta%40iphone_2_9.0_28_15.0%2Cusm%400/baiduid=400F60FB3DAE5A3B1FCBC6E0E8C09C9D/w=0_10_/t=iphone/l=1/tc,1,0,44
m.baidu.com/from=1001192y/bd_page_type=1/ssid=0/uid=0/pu=sz%401320_1001%2Cta%40iphone_2_9.0_28_16.0%2Cusm%400/baiduid=1C9902AD513D188D14D63BB8040F6781/w=0_10_/t=iphone/l=1/tc,1,0,27
m.baidu.com/from=1001192y/bd_page_type=1/ssid=0/uid=0/pu=sz%401320_1001%2Cta%40iphone_2_9.0_28_16.0%2Cusm%400/baiduid=91EB5B8DFCBB7834D12464D87B830B59/w=0_10_/t=iphone/l=1/tc,1,100,0
m.baidu.com/from=1001192y/bd_page_type=1/ssid=0/uid=0/pu=sz%401320_220%2Cta%40iphone___24_114.0%2Cusm%400/baiduid=F00D5851CCB208CFC3996D5498517B96/w=0_10_/t=iphone/l=1/tc,1,100,0
m.baidu.com/from=1001192y/bd_page_type=1/ssid=0/uid=0/pu=usm%400%2Csz%401320_1001%2Cta%40iphone_2_10.0_28_16.0/baiduid=0AF12D3DEC79D102F1A930EC0B64ED14/w=0_10_/t=iphone/l=1/tc,1,100,0
m.baidu.com/from=1001192y/bd_page_type=1/ssid=0/uid=0/pu=usm%400%2Csz%401320_1001%2Cta%40iphone_2_10.0_28_16.0/baiduid=4AF2938BCCA09B9CB0D046463D4ED556/w=0_10_/t=iphone/l=1/tc,1,0,0
m.baidu.com/from=1001192y/bd_page_type=1/ssid=0/uid=0/pu=usm%400%2Csz%401320_1001%2Cta%40iphone_2_10.0_28_16.0/baiduid=4EA767FBC92FD0F54007B9F57303C042/w=0_10_/t=iphone/l=1/tc,1,0,1
m.baidu.com/from=1001192y/bd_page_type=1/ssid=0/uid=0/pu=usm%400%2Csz%401320_1001%2Cta%40iphone_2_10.0_28_16.0/baiduid=5A200CCE0C299DF4F9ECF63B043A75D9/w=0_10_/t=iphone/l=1/tc,1,0,96
m.baidu.com/from=1001192y/bd_page_type=1/ssid=0/uid=0/pu=usm%400%2Csz%401320_1001%2Cta%40iphone_2_10.0_28_16.0/baiduid=6C40A17608AFDCC985FA157DE8F13165/w=0_10_/t=iphone/l=1/tc,1,0,4
m.baidu.com/from=1001192y/bd_page_type=1/ssid=0/uid=0/pu=usm%400%2Csz%401320_1001%2Cta%40iphone_2_10.0_28_16.0/baiduid=829B730F5790E8F542BF8B1860692D12/w=0_10_/t=iphone/l=1/tc,1,100,0
m.baidu.com/from=1001192y/bd_page_type=1/ssid=0/uid=0/pu=usm%400%2Csz%401320_1001%2Cta%40iphone_2_10.0_28_16.0/baiduid=B2F1612C4250A62E60399F75D86B9949/w=0_10_/t=iphone/l=1/tc,1,100,0
m.baidu.com/from=1001192y/bd_page_type=1/ssid=0/uid=0/pu=usm%400%2Csz%401320_1001%2Cta%40iphone_2_10.0_28_16.0/baiduid=B7A6C63B82BFBE78AC742659AF5A4488/w=0_10_/t=iphone/l=1/tc,1,100,0
m.baidu.com/from=1001192y/bd_page_type=1/ssid=0/uid=0/pu=usm%400%2Csz%401320_1001%2Cta%40iphone_2_10.0_28_16.0/baiduid=C14B570D9550D84628587AE73952AAF5/w=0_10_/t=iphone/l=1/tc,1,0,114
m.baidu.com/from=1001192y/bd_page_type=1/ssid=0/uid=0/pu=usm%400%2Csz%401320_1001%2Cta%40iphone_2_10.0_28_16.0/baiduid=C7D2A2D4775F86A5FE3E0994A5FFBD92/w=0_10_/t=iphone/l=1/tc,1,0,1
m.baidu.com/from=1001192y/bd_page_type=1/ssid=0/uid=0/pu=usm%400%2Csz%401320_1001%2Cta%40iphone_2_10.0_28_16.0/baiduid=D0EC3B2A2388D0E91404B5C7A8B183DB/w=0_10_/t=iphone/l=1/tc,1,100,0
m.baidu.com/from=1001192y/bd_page_type=1/ssid=0/uid=0/pu=usm%400%2Csz%401320_1001%2Cta%40iphone_2_10.0_28_16.0/baiduid=D3439B4E9B5BA6CD577C2D322B052E54/w=0_10_/t=iphone/l=1/tc,1,100,0
m.baidu.com/from=1001192y/bd_page_type=1/ssid=0/uid=0/pu=usm%400%2Csz%401320_1001%2Cta%40iphone_2_10.0_28_16.0/baiduid=D5D7C1747196F98B816B4DF238E01BAE/w=0_10_/t=iphone/l=1/tc,1,0,13
m.baidu.com/from=1001192y/bd_page_type=1/ssid=0/uid=0/pu=usm%400%2Csz%401320_1001%2Cta%40iphone_2_10.0_28_16.0/baiduid=E147B286B3E13D2CA5003BDFCC67A0D8/w=0_10_/t=iphone/l=1/tc,1,0,0
m.baidu.com/from=1001192y/bd_page_type=1/ssid=0/uid=0/pu=usm%400%2Csz%401320_1001%2Cta%40iphone_2_10.0_28_16.0/baiduid=E449CEB42108221D5344F91B549D3C38/w=0_10_/t=iphone/l=1/tc,1,0,37
m.baidu.com/from=1001192y/bd_page_type=1/ssid=0/uid=0/pu=usm%400%2Csz%401320_1001%2Cta%40iphone_2_10.0_28_16.0/baiduid=EE67A09B91BF6344B3E7A310B895B878/w=0_10_/t=iphone/l=1/tc,1,0,11
m.baidu.com/from=1001192y/bd_page_type=1/ssid=0/uid=0/pu=usm%400%2Csz%401320_1001%2Cta%40iphone_2_11.0_28_15.0/baiduid=8784C6CF91AA8E5B69AD60ACDFC687B6/w=0_10_/t=iphone/l=1/tc,1,100,0
m.baidu.com/from=1001192y/bd_page_type=1/ssid=0/uid=0/pu=usm%400%2Csz%401320_1001%2Cta%40iphone_2_11.0_28_16.0/baiduid=A6FDA7F6A0A280F81AC9EE1C9349AFF1/w=0_10_/t=iphone/l=1/tc,1,0,102
m.baidu.com/from=1001192y/bd_page_type=1/ssid=0/uid=0/pu=usm%400%2Csz%401320_1001%2Cta%40iphone_2_12.0_28_16.0/baiduid=03E3A7188A43C6DB4BD1F7903666B5E9/w=0_10_/t=iphone/l=1/tc,1,100,0
m.baidu.com/from=1001192y/bd_page_type=1/ssid=0/uid=0/pu=usm%400%2Csz%401320_1001%2Cta%40iphone_2_12.0_28_16.0/baiduid=0A46F65A133095CB94884C6ABE416CBD/w=10_10_/t=iphone/l=1/tc,1,0,1
m.baidu.com/from=1001192y/bd_page_type=1/ssid=0/uid=0/pu=usm%400%2Csz%401320_1001%2Cta%40iphone_2_12.0_28_16.0/baiduid=0B70339424EEC7A45EB66757793B3C4D/w=0_10_/t=iphone/l=1/tc,1,100,0
m.baidu.com/from=1001192y/bd_page_type=1/ssid=0/uid=0/pu=usm%400%2Csz%401320_1001%2Cta%40iphone_2_12.0_28_16.0/baiduid=15BEAA73F1FFCC8F3F9D7AF70CFBDB86/w=0_10_/t=iphone/l=1/tc,1,100,0
m.baidu.com/from=1001192y/bd_page_type=1/ssid=0/uid=0/pu=usm%400%2Csz%401320_1001%2Cta%40iphone_2_12.0_28_16.0/baiduid=1F60B97B8D5D898864D7EF5D30AE266C/w=0_10_/t=iphone/l=1/tc,1,100,0
m.baidu.com/from=1001192y/bd_page_type=1/ssid=0/uid=0/pu=usm%400%2Csz%401320_1001%2Cta%40iphone_2_12.0_28_16.0/baiduid=2A05AFCF739304F7754B813FC2188B21/w=0_10_/t=iphone/l=1/tc,1,100,0
m.baidu.com/from=1001192y/bd_page_type=1/ssid=0/uid=0/pu=usm%400%2Csz%401320_1001%2Cta%40iphone_2_12.0_28_16.0/baiduid=2AE6FB29367E07D08D6D619EF248550D/w=0_10_/t=iphone/l=1/tc,1,100,0
m.baidu.com/from=1001192y/bd_page_type=1/ssid=0/uid=0/pu=usm%400%2Csz%401320_1001%2Cta%40iphone_2_12.0_28_16.0/baiduid=3A97ADD916AB62F2F095E5314D7F378D/w=0_10_/t=iphone/l=1/tc,1,100,0
m.baidu.com/from=1001192y/bd_page_type=1/ssid=0/uid=0/pu=usm%400%2Csz%401320_1001%2Cta%40iphone_2_12.0_28_16.0/baiduid=3F3AFC3D067D894CBDDAA70B01BB9255/w=0_10_/t=iphone/l=1/tc,1,0,0
m.baidu.com/from=1001192y/bd_page_type=1/ssid=0/uid=0/pu=usm%400%2Csz%401320_1001%2Cta%40iphone_2_12.0_28_16.0/baiduid=565EBC2DB39F874B2EAA32B9BC752926/w=0_10_/t=iphone/l=1/tc,1,0,18
m.baidu.com/from=1001192y/bd_page_type=1/ssid=0/uid=0/pu=usm%400%2Csz%401320_1001%2Cta%40iphone_2_12.0_28_16.0/baiduid=5DAEBCCDC747C287E0F2B39586064BEE/w=0_10_/t=iphone/l=1/tc,1,100,0
m.baidu.com/from=1001192y/bd_page_type=1/ssid=0/uid=0/pu=usm%400%2Csz%401320_1001%2Cta%40iphone_2_12.0_28_16.0/baiduid=5DD31D72857DC3E02700946058B18F07/w=0_10_/t=iphone/l=1/tc,1,100,0
m.baidu.com/from=1001192y/bd_page_type=1/ssid=0/uid=0/pu=usm%400%2Csz%401320_1001%2Cta%40iphone_2_12.0_28_16.0/baiduid=92EFE8A5A2EE71F47A2585247A488D95/w=0_10_/t=iphone/l=1/tc,1,0,0
m.baidu.com/from=1001192y/bd_page_type=1/ssid=0/uid=0/pu=usm%400%2Csz%401320_1001%2Cta%40iphone_2_12.0_28_16.0/baiduid=9D65F05DB17AF9C8FB6DE8A6FA0F4180/w=0_10_/t=iphone/l=1/tc,1,0,0
m.baidu.com/from=1001192y/bd_page_type=1/ssid=0/uid=0/pu=usm%400%2Csz%401320_1001%2Cta%40iphone_2_12.0_28_16.0/baiduid=ADD4198042CB650DEB73613F386D88C2/w=0_10_/t=iphone/l=1/tc,1,0,0
m.baidu.com/from=1001192y/bd_page_type=1/ssid=0/uid=0/pu=usm%400%2Csz%401320_1001%2Cta%40iphone_2_12.0_28_16.0/baiduid=C3BE9688D5556DE982393C2FD54131F2/w=0_10_/t=iphone/l=1/tc,1,100,0
m.baidu.com/from=1001192y/bd_page_type=1/ssid=0/uid=0/pu=usm%400%2Csz%401320_1001%2Cta%40iphone_2_12.0_28_16.0/baiduid=D3606409A73C339A5A10030BCF73C7D4/w=0_10_/t=iphone/l=1/tc,1,100,0
m.baidu.com/from=1001192y/bd_page_type=1/ssid=0/uid=0/pu=usm%400%2Csz%401320_1001%2Cta%40iphone_2_12.0_28_16.0/baiduid=DDD5C10EFC53A0495EB0E7F64C9D5E25/w=0_10_/t=iphone/l=1/tc,1,100,0
m.baidu.com/from=1001192y/bd_page_type=1/ssid=0/uid=0/pu=usm%400%2Csz%401320_1001%2Cta%40iphone_2_12.0_28_16.0/baiduid=F5610B109CDE225E16DA645F626D20C6/w=0_10_/t=iphone/l=1/tc,1,0,0
m.baidu.com/from=1001192y/bd_page_type=1/ssid=0/uid=0/pu=usm%400%2Csz%401320_1001%2Cta%40iphone_2_12.0_28_16.0/baiduid=F6B59B8F45121BDB52BE3EBD0EF0F0C0/w=0_10_/t=iphone/l=1/tc,1,100,0
m.baidu.com/from=1001192y/bd_page_type=1/ssid=0/uid=0/pu=usm%400%2Csz%401320_1001%2Cta%40iphone_2_12.0_28_16.0/baiduid=FA929591746ED13BD003459BE1341253/w=0_10_/t=iphone/l=1/tc,1,0,1
m.baidu.com/from=1001192y/bd_page_type=1/ssid=0/uid=0/pu=usm%400%2Csz%401320_1001%2Cta%40iphone_2_9.0_28_16.0/baiduid=56FA7DD0D60249356CA9C3E29E355675/w=0_10_/t=iphone/l=1/tc,1,0,43
m.baidu.com/from=1001192y/bd_page_type=1/ssid=0/uid=0/pu=usm%400%2Csz%401320_1001%2Cta%40iphone_2_9.0_28_16.0/baiduid=F07D9B0897FDC985BE7936226346815D/w=0_10_/t=iphone/l=1/tc,1,100,0
m.baidu.com/from=1001192y/bd_page_type=1/ssid=0/uid=0/pu=usm%400%2Csz%401320_220%2Cta%40iphone___24_114.0/baiduid=18E4585BA251F69BBE53802760F233D4/w=0_10_/t=iphone/l=1/tc,1,0,34
m.baidu.com/from=1001192y/bd_page_type=1/ssid=0/uid=0/pu=usm%400%2Csz%401320_220%2Cta%40iphone___24_114.0/baiduid=E3D69953F5F2BA74E9C9867B73B97F70/w=0_10_/t=iphone/l=1/tc,1,0,0
m.baidu.com/from=1001192y/bd_page_type=1/ssid=0/uid=0/pu=usm%400%2Csz%401320_220%2Cta%40iphone___24_114.0/baiduid=E9B870576F77D57FC972D9097A748D53/w=0_10_/t=iphone/l=1/tc,1,100,0
m.baidu.com/from=1001192y/bd_page_type=1/ssid=0/uid=0/pu=usm%401%2Csz%401320_1001%2Cta%40iphone_2_10.0_28_16.0/baiduid=1D93CE45B3EB630D4DEEF21567E3492C/w=0_10_/t=iphone/l=1/tc,1,100,0
m.baidu.com/from=1001192y/bd_page_type=1/ssid=0/uid=0/pu=usm%401%2Csz%401320_1001%2Cta%40iphone_2_10.0_28_16.0/baiduid=4FBB48FFADD08161AAA1F0BE0E367844/w=0_10_/t=iphone/l=1/tc,1,0,36
m.baidu.com/from=1001192y/bd_page_type=1/ssid=0/uid=0/pu=usm%401%2Csz%401320_1001%2Cta%40iphone_2_10.0_28_16.0/baiduid=7E0D6CC667F9FCD586967A73F368716D/w=0_10_/t=iphone/l=1/tc,1,0,0
m.baidu.com/from=1001192y/bd_page_type=1/ssid=0/uid=0/pu=usm%401%2Csz%401320_1001%2Cta%40iphone_2_11.0_28_16.0/baiduid=1A9C9920C9D3EE7568D784646D6FCAF0/w=0_10_/t=iphone/l=1/tc,1,100,0
m.baidu.com/from=1001192y/bd_page_type=1/ssid=0/uid=0/pu=usm%402%2Csz%401320_1001%2Cta%40iphone_2_10.0_28_16.0/baiduid=0C99B03A2920AC3644C41576F5ED4ED1/w=10_10_/t=iphone/l=1/tc,1,0,0
m.baidu.com/from=1001192y/bd_page_type=1/ssid=0f7e7580/uid=0/pu=usm%400%2Csz%401320_1001%2Cta%40iphone_2_10.0_28_16.0/baiduid=29713736AC10DA0EF8AD03193BF88385/w=0_10_/t=iphone/l=1/tc,1,0,1
m.baidu.com/from=1001703a/bd_page_type=1/ssid=0/uid=0/pu=sz%401320_1001%2Cta%40iphone_2_10.0_18_40.8%2Cusm%400/baiduid=63E20B1ECC6AA0342D04601BB4901633/w=0_10_/t=iphone/l=1/tc,1,0,18
m.baidu.com/from=1001703a/bd_page_type=1/ssid=0/uid=0/pu=sz%401320_1001%2Cta%40iphone_2_14.0_18_%2Cusm%400/baiduid=551C492ED779EC585525D84513E96275/w=0_10_/t=iphone/l=1/tc,1,100,0
m.baidu.com/from=1001703a/bd_page_type=1/ssid=0/uid=0/pu=sz%401320_1001%2Cta%40iphone_2_14.0_18_40.8%2Cusm%400/baiduid=3963270FF1F8100AB76009FE861B2F8E/w=0_10_/t=iphone/l=1/tc,1,100,0
m.baidu.com/from=1001703a/bd_page_type=1/ssid=0/uid=0/pu=sz%401320_1001%2Cta%40iphone_2_14.0_18_40.9%2Cusm%400/baiduid=2502F372F856C15BE42395FBA2771307/w=0_10_/t=iphone/l=1/tc,1,100,0
m.baidu.com/from=1001703a/bd_page_type=1/ssid=0/uid=0/pu=sz%401320_1001%2Cta%40iphone_2_14.0_18_40.9%2Cusm%400/baiduid=5C2F8ED835EA8BFBB89EDA8F732BDA5A/w=0_10_/t=iphone/l=1/tc,1,100,0
m.baidu.com/from=1001703a/bd_page_type=1/ssid=0/uid=0/pu=sz%401320_1001%2Cta%40iphone_2_14.0_18_40.9%2Cusm%400/baiduid=BAFB605B6CD81523E3FC4F5F56E0EB81/w=0_10_/t=iphone/l=1/tc,1,100,0
m.baidu.com/from=1001703a/bd_page_type=1/ssid=0/uid=0/pu=sz%401320_1001%2Cta%40iphone_2_14.0_18_40.9%2Cusm%400/baiduid=EFA9622B32CF3838DCF2A0448D912254/w=0_10_/t=iphone/l=1/tc,1,100,0
m.baidu.com/from=1001703a/bd_page_type=1/ssid=0/uid=0/pu=sz%401320_1001%2Cta%40iphone_2_15.0_18_40.9%2Cusm%400/baiduid=02AF4B0D446942866AB4E890FEA64EEE/w=0_10_/t=iphone/l=1/tc,1,100,0
m.baidu.com/from=1001703a/bd_page_type=1/ssid=0/uid=0/pu=sz%401320_1001%2Cta%40iphone_2_15.0_18_40.9%2Cusm%400/baiduid=2D916B8DD6857E332CA5D40807E475B5/w=0_10_/t=iphone/l=1/tc,1,100,0
m.baidu.com/from=1001703a/bd_page_type=1/ssid=0/uid=0/pu=sz%401320_1001%2Cta%40iphone_2_15.0_18_40.9%2Cusm%400/baiduid=A48A446349D74C2BA19871CC2B0F991E/w=0_10_/t=iphone/l=1/tc,1,100,0
m.baidu.com/from=1001703a/bd_page_type=1/ssid=0/uid=0/pu=usm%400%2Csz%401320_1001%2Cta%40iphone_2_10.0_18_40.9/baiduid=33B6851BD51F9883595937936C4E1EFA/w=0_10_/t=iphone/l=1/tc,1,100,0
m.baidu.com/from=1001703a/bd_page_type=1/ssid=0/uid=0/pu=usm%400%2Csz%401320_1001%2Cta%40iphone_2_11.0_18_40.9/baiduid=97982146899B7E355F472303FEBE92B2/w=0_10_/t=iphone/l=1/tc,1,100,0
m.baidu.com/from=1001703a/bd_page_type=1/ssid=0/uid=0/pu=usm%400%2Csz%401320_1001%2Cta%40iphone_2_12.0_18_40.7/baiduid=12E284120E7FCE61A391A3CF028A692C/w=0_10_/t=iphone/l=1/tc,1,100,0
m.baidu.com/from=1001703a/bd_page_type=1/ssid=0/uid=0/pu=usm%400%2Csz%401320_1001%2Cta%40iphone_2_12.0_18_40.8/baiduid=D4894CD8FB6FDE6AFC97B6C8C0CAC74D/w=0_10_/t=iphone/l=1/tc,1,100,0
m.baidu.com/from=1001703a/bd_page_type=1/ssid=0/uid=0/pu=usm%400%2Csz%401320_1001%2Cta%40iphone_2_12.0_18_40.9/baiduid=57615B5B99D7DFCD84EBD0F365863DB1/w=0_10_/t=iphone/l=1/tc,1,100,0
m.baidu.com/from=1001703a/bd_page_type=1/ssid=0/uid=0/pu=usm%400%2Csz%401320_1001%2Cta%40iphone_2_13.0_18_40.9/baiduid=8F7C300A45DE0EE579625DE63BD9E0A9/w=0_10_/t=iphone/l=1/tc,1,100,0
m.baidu.com/from=1001703a/bd_page_type=1/ssid=0/uid=0/pu=usm%400%2Csz%401320_1001%2Cta%40iphone_2_14.0_18_40.9/baiduid=1A641B680D163CBEEDC01E8835FF14FB/w=0_10_/t=iphone/l=1/tc,1,0,37
m.baidu.com/from=1001703a/bd_page_type=1/ssid=0/uid=0/pu=usm%400%2Csz%401320_1001%2Cta%40iphone_2_14.0_18_40.9/baiduid=33042AB4275B9782E67E10C2E2E628D8/w=0_10_/t=iphone/l=1/tc,1,100,0
m.baidu.com/from=1001703a/bd_page_type=1/ssid=0/uid=0/pu=usm%400%2Csz%401320_1001%2Cta%40iphone_2_14.0_18_40.9/baiduid=DC39DD204FB50285C25ED3C08DF5609F/w=0_10_/t=iphone/l=1/tc,1,100,0
m.baidu.com/from=1001703a/bd_page_type=1/ssid=0/uid=0/pu=usm%400%2Csz%401320_1001%2Cta%40iphone_2_15.0_18_40.9/baiduid=1F2CC75032AFB5207EB2741E01D4B2FB/w=0_10_/t=iphone/l=1/tc,1,100,0
m.baidu.com/from=1001703a/bd_page_type=1/ssid=0/uid=0/pu=usm%400%2Csz%401320_1001%2Cta%40iphone_2_15.0_18_40.9/baiduid=2921DC1627E3DB7A7410808BED19C027/w=0_10_/t=iphone/l=1/tc,1,100,0
m.baidu.com/from=1001703a/bd_page_type=1/ssid=0/uid=0/pu=usm%400%2Csz%401320_1001%2Cta%40iphone_2_15.0_18_40.9/baiduid=405D2B29CAB659755205433C2F175D63/w=0_10_/t=iphone/l=1/tc,1,0,18
m.baidu.com/from=1001703a/bd_page_type=1/ssid=0/uid=0/pu=usm%400%2Csz%401320_1001%2Cta%40iphone_2_15.0_18_40.9/baiduid=81D548C8568FA0B96769ADE86F8A2824/w=0_10_/t=iphone/l=1/tc,1,100,0
m.baidu.com/from=1001703a/bd_page_type=1/ssid=0/uid=0/pu=usm%400%2Csz%401320_1001%2Cta%40iphone_2_15.0_18_40.9/baiduid=92E4E0BA47F52CF946D3E47D29890905/w=0_10_/t=iphone/l=1/tc,1,100,0
m.baidu.com/from=1001703a/bd_page_type=1/ssid=0/uid=0/pu=usm%400%2Csz%401320_1001%2Cta%40iphone_2_15.0_18_40.9/baiduid=AFE3CE029184CC735444BC603D78E458/w=0_10_/t=iphone/l=1/tc,1,100,0
m.baidu.com/from=1001703a/bd_page_type=1/ssid=0/uid=0/pu=usm%400%2Csz%401320_1001%2Cta%40iphone_2_15.0_18_40.9/baiduid=B69AEE5BD6A77372209DACC51CEBEE91/w=0_10_/t=iphone/l=1/tc,1,100,0
m.baidu.com/from=1001703a/bd_page_type=1/ssid=0/uid=0/pu=usm%400%2Csz%401320_1001%2Cta%40iphone_2_5.1_18_10.8/baiduid=1A620B11F4D048E89372D782760B0A61/w=0_10_/t=iphone/l=1/tc,1,0,59
m.baidu.com/from=1001703a/bd_page_type=1/ssid=0/uid=0/pu=usm%400%2Csz%401320_1001%2Cta%40iphone_2_7.1_18_10.7/baiduid=FE8C8B97CF336A7FC79452C505ECC047/w=0_10_/t=iphone/l=1/tc,1,100,0
m.baidu.com/from=1001703a/bd_page_type=1/ssid=0/uid=0/pu=usm%400%2Csz%401320_1001%2Cta%40iphone_2_8.1_18_10.9/baiduid=115F86E27086DC44DE77AFB470823396/w=0_10_/t=iphone/l=1/tc,1,100,0
m.baidu.com/from=1001703a/bd_page_type=1/ssid=0/uid=0/pu=usm%400%2Csz%401320_1001%2Cta%40iphone_2_8.1_18_10.9/baiduid=ED28F09FB84E9F2C4F87596FA8232A42/w=0_10_/t=iphone/l=1/tc,1,100,0
m.baidu.com/from=1001703a/bd_page_type=1/ssid=0/uid=0/pu=usm%400%2Csz%401320_1001%2Cta%40iphone_2_9.0_18_20.9/baiduid=073BC23B5C5BFE4E1131D928A1B6C058/w=0_10_/t=iphone/l=1/tc,1,100,0
m.baidu.com/from=1001703a/bd_page_type=1/ssid=0/uid=0/pu=usm%400%2Csz%401320_1001%2Cta%40iphone_2_9.0_18_20.9/baiduid=07AFCD3591CAD3409706E2EB577C28E5/w=0_10_/t=iphone/l=1/tc,1,100,0
m.baidu.com/from=1001703a/bd_page_type=1/ssid=0/uid=0/pu=usm%400%2Csz%401320_220%2Cta%40iphone___18_40.9/baiduid=E60E3731FC82D4E09C136EA22BB91CA3/w=0_10_/t=iphone/l=1/tc,1,100,0
m.baidu.com/from=1001703a/bd_page_type=1/ssid=0/uid=0/pu=usm%401%2Csz%401320_1001%2Cta%40ins_2_14.0_18_40.9/baiduid=195AC016994EB002F92E91A3C5EF6625/w=0_10_/t=zbios/l=1/tc,1,0,5
m.baidu.com/from=1001703a/bd_page_type=1/ssid=0/uid=0/pu=usm%401%2Csz%401320_1001%2Cta%40iphone_2_13.0_18_40.9/baiduid=8CC68919455587B063693C0193EA2620/w=0_10_/t=iphone/l=1/tc,1,100,0
m.baidu.com/from=1001703a/bd_page_type=1/ssid=0/uid=0/pu=usm%401%2Csz%401320_1001%2Cta%40iphone_2_13.0_18_40.9/baiduid=CBC52FDC5D5D2C356500ADA9B1D57297/w=0_10_/t=iphone/l=1/tc,1,0,3
m.baidu.com/from=1001703a/bd_page_type=1/ssid=0/uid=0/pu=usm%401%2Csz%401320_1001%2Cta%40iphone_2_15.0_18_40.9/baiduid=73213DB941C759562A786EB34E469074/w=0_10_/t=iphone/l=1/tc,1,100,0
m.baidu.com/from=1001703a/bd_page_type=1/ssid=0/uid=0/pu=usm%401%2Csz%401320_1001%2Cta%40iphone_2_15.0_18_40.9/baiduid=B23B71FFDFED58AD27339C19E93F28A7/w=0_10_/t=iphone/l=1/tc,1,0,1
m.baidu.com/from=1001703a/bd_page_type=1/ssid=0/uid=0/pu=usm%401%2Csz%401320_1001%2Cta%40iphone_2_15.0_18_40.9/baiduid=B97F3023EF0251A676598F76F3FE19F1/w=0_10_/t=iphone/l=1/tc,1,100,0
m.baidu.com/from=1001703a/bd_page_type=1/ssid=0/uid=0/pu=usm%401%2Csz%401320_1001%2Cta%40iphone_2_9.0_18_20.9/baiduid=B184E7D07FF3E7C3879705EECEAC9025/w=0_10_/t=iphone/l=1/tc,1,0,35
m.baidu.com/from=1001703a/bd_page_type=1/ssid=0/uid=0/pu=usm%402%2Csz%401320_1001%2Cta%40ins_2_15.0_18_40.9/baiduid=78A031A80B8E6084D09E60BA18CC94B6/w=0_10_/t=zbios/l=1/tc,1,100,0
m.baidu.com/from=1001703a/bd_page_type=1/ssid=0/uid=0/pu=usm%402%2Csz%401320_1001%2Cta%40iphone_2_12.0_18_40.8/baiduid=05C04EE74177FC97B86EB1BB6ABBECF1/w=0_10_/t=iphone/l=1/tc,1,100,0
m.baidu.com/from=1001703a/bd_page_type=1/ssid=0/uid=0/pu=usm%402%2Csz%401320_1001%2Cta%40iphone_2_12.0_18_40.9/baiduid=61EEAC1738892914AC7D8EB4BA4D1A49/w=0_10_/t=iphone/l=1/tc,1,100,0
m.baidu.com/from=1001703y/bd_page_type=1/ssid=0/uid=0/pu=usm%400%2Csz%401320_1001%2Cta%40iphone_2_11.0_18_40.9/baiduid=3889B264BA2DD432C650C2E40D28C3BF/w=0_10_/t=iphone/l=1/tc,1,0,361
m.baidu.com/from=1001703y/bd_page_type=1/ssid=0/uid=0/pu=usm%400%2Csz%401320_1001%2Cta%40iphone_2_12.0_18_40.9/baiduid=12F6BD907D72049BDD0E72ACBD486CF0/w=0_10_/t=iphone/l=1/tc,1,100,0
m.baidu.com/from=1001703y/bd_page_type=1/ssid=0/uid=0/pu=usm%400%2Csz%401320_1001%2Cta%40iphone_2_4.4_24_/baiduid=0ABD23CC1C563552BCC09A0DE6ECDFFB/w=0_10_/t=iphone/l=1/tc,1,100,0
m.baidu.com/from=1001703y/bd_page_type=1/ssid=0/uid=0/pu=usm%400%2Csz%401320_1001%2Cta%40iphone_2_8.1_18_10.9/baiduid=A0E8F9F397EAFA8EFD53C6828490A24E/w=0_10_/t=iphone/l=1/tc,1,0,31
m.baidu.com/from=1009305b/bd_page_type=1/ssid=0/uid=0/pu=sz%401320_480%2Ccuid%40guv_u_uIvflkivan_82HfgiQHtjoav8SgO2Nilik2aKwLqqqB%2Ccua%40_avLCgu72i4HywoUfpw1z4aLXiz-as8DgN2w8AqqC%2Cosname%40baiduboxapp%2Cctv%402%2Ccfrom%401009305b%2Ccen%40cuid_cua%2Cc3_aid%40A00-O354W2CAQ4IX36BJ34XIQEPGWVNXELSH-QDRM2I7V%2Cosbranch%40a9%2Ccsrc%40bdbox_tserch_txt%2Cusm%403%2Cvmgdb%400020100228y/baiduid=99A7C80945882E1FC535FE179191E238/w=0_10_/t=zbios/l=1/tc,1,100,0
m.baidu.com/from=1009305b/bd_page_type=1/ssid=0/uid=0/pu=sz%401320_480%2Ccuid%40guv_u_uIvflkivan_82HfgiQHtjoav8SgO2Nilik2aKwLqqqB%2Ccua%40_avLCgu72i4HywoUfpw1z4aLXiz-as8DgN2w8AqqC%2Cosname%40baiduboxapp%2Cctv%402%2Ccfrom%401009305b%2Ccen%40cuid_cua%2Cc3_aid%40A00-O354W2CAQ4IX36BJ34XIQEPGWVNXELSH-QDRM2I7V%2Cosbranch%40a9%2Ccsrc%40bdbox_tserch_txt%2Cusm%403%2Cvmgdb%400020100228y/baiduid=AD7C1D20F549244F2F5F1683796945F6/w=0_10_/t=zbios/l=1/tc,1,100,0
m.baidu.com/from=1012852q/bd_page_type=1/ssid=0/uid=0/pu=sz%401320_1004%2Cta%40iphone_2_10.0_11_17.4%2Cusm%400/baiduid=518D455D0FCAFC41A075A27F7D079C52/w=0_10_/t=iphone/l=1/tc,1,0,26
m.baidu.com/from=1012852q/bd_page_type=1/ssid=0/uid=0/pu=sz%401320_1004%2Cta%40iphone_2_11.0_11_15.6%2Cusm%400/baiduid=21235A196623B91C84BAF1B54BBAF49A/w=0_10_/t=iphone/l=1/tc,1,100,0
m.baidu.com/from=1012852q/bd_page_type=1/ssid=0/uid=0/pu=sz%401320_1004%2Cta%40iphone_2_11.0_11_19.8%2Cusm%400/baiduid=28BB57069E472541289BA82E8A1F2278/w=0_10_/t=iphone/l=1/tc,1,100,0
m.baidu.com/from=1012852q/bd_page_type=1/ssid=0/uid=0/pu=sz%401320_1004%2Cta%40iphone_2_11.0_11_19.8%2Cusm%400/baiduid=4E7FA7EEF29129C520175FA7E6AEC017/w=0_10_/t=iphone/l=1/tc,1,100,0
m.baidu.com/from=1012852q/bd_page_type=1/ssid=0/uid=0/pu=sz%401320_1004%2Cta%40iphone_2_11.0_11_19.8%2Cusm%400/baiduid=B5A079AF3C2E9BA2D7D7BA076B171115/w=0_10_/t=iphone/l=1/tc,1,100,0
m.baidu.com/from=1012852q/bd_page_type=1/ssid=0/uid=0/pu=sz%401320_1004%2Cta%40iphone_2_14.0_11_19.9%2Cusm%400/baiduid=C146F187D0CD823D08F44F7F27091173/w=0_10_/t=iphone/l=1/tc,1,100,0
m.baidu.com/from=1012852q/bd_page_type=1/ssid=0/uid=0/pu=sz%401320_220%2Cta%40iphone___11_19.7%2Cusm%400/baiduid=9CF869C52165F4E244839F942A0B4D44/w=0_10_/t=iphone/l=1/tc,1,0,120
m.baidu.com/from=1012852q/bd_page_type=1/ssid=0/uid=0/pu=sz%401320_220%2Cta%40iphone___11_19.8%2Cusm%400/baiduid=C37FED8BBCB044977A8085D730FAB0A9/w=0_10_/t=iphone/l=1/tc,1,100,0
m.baidu.com/from=1012852q/bd_page_type=1/ssid=0/uid=0/pu=usm%400%2Csz%401320_1004%2Cta%40iphone_2_10.0_11_19.8/baiduid=E249DD14184E6F26BFEB22F5CCE8C722/w=0_10_/t=iphone/l=1/tc,1,100,0
m.baidu.com/from=1012852q/bd_page_type=1/ssid=0/uid=0/pu=usm%400%2Csz%401320_1004%2Cta%40iphone_2_11.0_11_19.8/baiduid=900B101FAF2B47969DD19175AED1687E/w=0_10_/t=iphone/l=1/tc,1,100,0
m.baidu.com/from=1012852q/bd_page_type=1/ssid=0/uid=0/pu=usm%400%2Csz%401320_1004%2Cta%40iphone_2_12.0_11_19.7/baiduid=5BCD180AA781BA24035A5C2FC7F857AB/w=0_10_/t=iphone/l=1/tc,1,0,39
m.baidu.com/from=1012852q/bd_page_type=1/ssid=0/uid=0/pu=usm%400%2Csz%401320_1004%2Cta%40iphone_2_12.0_11_19.8/baiduid=3F2C42A49354BED71A83B5FB41B64D46/w=0_10_/t=iphone/l=1/tc,1,100,0
m.baidu.com/from=1012852q/bd_page_type=1/ssid=0/uid=0/pu=usm%400%2Csz%401320_1004%2Cta%40iphone_2_12.0_11_19.8/baiduid=5E47306D375D02F521FEDF086CA8FAC2/w=0_10_/t=iphone/l=1/tc,1,100,0
m.baidu.com/from=1012852q/bd_page_type=1/ssid=0/uid=0/pu=usm%400%2Csz%401320_1004%2Cta%40iphone_2_13.0_11_19.5/baiduid=A92F88838F4606A56FEB0A2A2EDE6B5D/w=0_10_/t=iphone/l=1/tc,1,100,0
m.baidu.com/from=1012852q/bd_page_type=1/ssid=0/uid=0/pu=usm%400%2Csz%401320_1004%2Cta%40iphone_2_13.0_11_19.8/baiduid=19C22FAF783C6B511CD0842927A617CB/w=0_10_/t=iphone/l=1/tc,1,0,37
m.baidu.com/from=1012852q/bd_page_type=1/ssid=0/uid=0/pu=usm%400%2Csz%401320_1004%2Cta%40iphone_2_13.0_11_19.8/baiduid=FE255B2D7B24C8463F370301FCBBC098/w=0_10_/t=iphone/l=1/tc,1,100,0
m.baidu.com/from=1012852q/bd_page_type=1/ssid=0/uid=0/pu=usm%400%2Csz%401320_1004%2Cta%40iphone_2_14.0_11_19.4/baiduid=76A4E307A14C720EE419FD459B25D795/w=0_10_/t=iphone/l=1/tc,1,100,0
m.baidu.com/from=1012852q/bd_page_type=1/ssid=0/uid=0/pu=usm%400%2Csz%401320_1004%2Cta%40iphone_2_14.0_11_19.4/baiduid=E062DC0DF6912A83CD3F88F4F8EAA329/w=0_10_/t=iphone/l=1/tc,1,100,0
m.baidu.com/from=1012852q/bd_page_type=1/ssid=0/uid=0/pu=usm%400%2Csz%401320_1004%2Cta%40iphone_2_14.0_11_19.8/baiduid=02D7D900CB079D2FA0AD62BDB6EEAE1B/w=0_10_/t=iphone/l=1/tc,1,100,0
m.baidu.com/from=1012852q/bd_page_type=1/ssid=0/uid=0/pu=usm%400%2Csz%401320_1004%2Cta%40iphone_2_15.0_11_19.6/baiduid=6FC0ABE918819A18EBC5B7673A5733E6/w=0_10_/t=iphone/l=1/tc,1,100,0
m.baidu.com/from=1012852q/bd_page_type=1/ssid=0/uid=0/pu=usm%400%2Csz%401320_1004%2Cta%40iphone_2_15.0_11_19.7/baiduid=D3319BF0A6BB7180B6186C0267B9115C/w=0_10_/t=iphone/l=1/tc,1,100,0
m.baidu.com/from=1012852q/bd_page_type=1/ssid=0/uid=0/pu=usm%400%2Csz%401320_1004%2Cta%40iphone_2_15.0_11_19.8/baiduid=337B5CD7238ACB3F4902FE97BC46FCA9/w=0_10_/t=iphone/l=1/tc,1,100,0
m.baidu.com/from=1012852q/bd_page_type=1/ssid=0/uid=0/pu=usm%400%2Csz%401320_1004%2Cta%40iphone_2_15.0_11_19.8/baiduid=873EAFD631C491B83CE2E59DC357C70B/w=0_10_/t=iphone/l=1/tc,1,100,0
m.baidu.com/from=1012852q/bd_page_type=1/ssid=0/uid=0/pu=usm%400%2Csz%401320_1004%2Cta%40iphone_2_15.0_11_19.9/baiduid=BEC39A03AA26B0C505AF289E3E92F813/w=0_10_/t=iphone/l=1/tc,1,0,64
m.baidu.com/from=1012852q/bd_page_type=1/ssid=0/uid=0/pu=usm%400%2Csz%401320_220%2Cta%40iphone___11_19.8/baiduid=AEACC6DA14EE3649E8B2DE2EECC91303/w=0_10_/t=iphone/l=1/tc,1,100,0
m.baidu.com/from=1012852q/bd_page_type=1/ssid=0/uid=0/pu=usm%401%2Csz%401320_1004%2Cta%40iphone_2_13.0_11_19.7/baiduid=5334897BE39AD174525F1BEBDF5E1A02/w=0_10_/t=iphone/l=1/tc,1,100,0
m.baidu.com/from=1012852q/bd_page_type=1/ssid=0/uid=0/pu=usm%401%2Csz%401320_1004%2Cta%40iphone_2_15.0_11_19.7/baiduid=D03D8593F5B49CA29150F2C9FDCD003D/w=0_10_/t=iphone/l=1/tc,1,100,0
m.baidu.com/from=1012852q/bd_page_type=1/ssid=0/uid=0/pu=usm%404%2Csz%401320_1004%2Cta%40iphone_2_14.0_11_19.7/baiduid=6361160D9E545466866D9F716EAFFAA7/w=20_10_/t=iphone/l=1/tc,1,100,0
m.baidu.com/from=1012852s/bd_page_type=1/ssid=0/uid=0/pu=usm%400%2Csz%401320_220%2Cta%40iphone___11_19.7/baiduid=6F4409D3E19A26FEA2E2E7D1C9D715D3/w=0_10_/t=iphone/l=1/tc,1,100,0
m.baidu.com/from=1012852z/bd_page_type=1/ssid=0/uid=0/pu=usm%400%2Csz%401320_1004%2Cta%40iphone_2_14.0_11_19.7/baiduid=8E6894FD952294B4199DF81A317F31AC/w=0_10_/t=iphone/l=1/tc,1,100,0
m.baidu.com/from=1013672g/bd_page_type=1/ssid=0/uid=0/pu=sz%401320_1004%2Cta%40iphone_2_14.0_11_19.7%2Cusm%400/baiduid=E78E1823D372553EB3362B4596BF0645/w=0_10_/t=iphone/l=1/tc,1,0,13
m.baidu.com/from=1013966u/bd_page_type=1/ssid=0/uid=0/pu=sz%401320_1001%2Cta%40iphone_2_10.0_19_25.4%2Cusm%400/baiduid=BEA55A22399D367A4C23A6BC382C6BB8/w=0_10_/t=iphone/l=1/tc,1,100,0
m.baidu.com/from=1013966u/bd_page_type=1/ssid=0/uid=0/pu=sz%401320_1001%2Cta%40iphone_2_11.0_19_24.9%2Cusm%400/baiduid=101706F4B6697215A8047055D2F26881/w=0_10_/t=iphone/l=1/tc,1,0,81
m.baidu.com/from=1013966u/bd_page_type=1/ssid=0/uid=0/pu=sz%401320_1001%2Cta%40iphone_2_13.0_19_24.7%2Cusm%400/baiduid=C77EB55E02093F97767414D0D379E645/w=0_10_/t=iphone/l=1/tc,1,100,0
m.baidu.com/from=1013966u/bd_page_type=1/ssid=0/uid=0/pu=sz%401320_1001%2Cta%40iphone_2_13.0_19_25.3%2Cusm%400/baiduid=AE6DD5D07EE48C2B4795DC0A9637EB7F/w=0_10_/t=iphone/l=1/tc,1,100,0
m.baidu.com/from=1013966u/bd_page_type=1/ssid=0/uid=0/pu=sz%401320_1001%2Cta%40iphone_2_14.0_19_24.9%2Cusm%400/baiduid=3C1159ACC118577BFDB56B0EAC98A7A5/w=0_10_/t=iphone/l=1/tc,1,100,0
m.baidu.com/from=1013966u/bd_page_type=1/ssid=0/uid=0/pu=sz%401320_1001%2Cta%40iphone_2_14.0_19_25.1%2Cusm%400/baiduid=AEF674EC67768B66F640FDCF32C166AC/w=0_10_/t=iphone/l=1/tc,1,100,0
