name,unique_exits,total_exits,exit_rate
/zh-tw/3/tutorial/,32,32,
/zh-tw/3.13/library/random.html,27,27,
/zh-tw/dev/installing/index.html,25,25,
/zh-tw/dev/library/venv.html,25,25,
/zh-tw/3/tutorial/index.html,24,25,
/zh-tw/3/faq/windows.html,21,22,
/zh-tw/3/using/mac.html,18,19,
/zh-tw/3.13/howto/sorting.html,16,16,
/zh-tw/3.13/tutorial/datastructures.html,16,19,
/zh-tw/3/library/collections.html,16,17,
/zh-tw/3/library/functions.html,16,16,
/zh-tw/3/tutorial/classes.html,16,16,
/zh-tw/3.13/tutorial/index.html,15,19,
/zh-tw/3/library/re.html,15,15,
/zh-tw/3/library/csv.html,14,14,
/zh-tw/3/tutorial/modules.html,14,14,
/zh-tw/3/tutorial/controlflow.html,13,13,
/zh-tw/3.13/tutorial/errors.html,12,12,
/zh-tw/3.13/tutorial/inputoutput.html,12,12,
/zh-tw/3/library/concurrent.futures.html,12,14,
/zh-tw/3.13/library/heapq.html,11,13,
/zh-tw/3.13/tutorial/introduction.html,11,11,
/zh-tw/3/library/index.html,11,11,
/zh-tw/3/tutorial/interpreter.html,11,12,
/zh-tw/3/tutorial/introduction.html,11,11,
/zh-tw/dev/library/os.path.html,11,11,
/zh-tw/3.13/library/json.html,10,11,
/zh-tw/3/library/math.html,10,10,
/zh-tw/3/tutorial/venv.html,10,10,
/zh-tw/3.13/installing/index.html,9,9,
/zh-tw/3.13/tutorial/interpreter.html,9,11,
/zh-tw/3/library/stdtypes.html,9,9,
/zh-tw/3.13/library/index.html,8,8,
/zh-tw/3.13/library/os.path.html,8,8,
/zh-tw/3.13/tutorial/classes.html,8,8,
/zh-tw/3/library/typing.html,8,8,
/zh-tw/3.13/library/time.html,7,7,
/zh-tw/3/howto/argparse.html,7,8,
/zh-tw/3/library/pathlib.html,7,8,
/zh-tw/dev/tutorial/introduction.html,7,7,
/zh-tw/3.13/library/__main__.html,6,6,
/zh-tw/3.13/library/functions.html,6,6,
/zh-tw/3/library/threading.html,6,6,
/zh-tw/dev/tutorial/datastructures.html,6,6,
/zh-tw/3.13/howto/sockets.html,5,5,
/zh-tw/3.13/library/stdtypes.html,5,6,
/zh-tw/3.13/library/string.html,5,5,
/zh-tw/3.13/library/venv.html,5,5,
/zh-tw/3/library/io.html,5,5,
/zh-tw/3/library/pdb.html,5,5,
/zh-tw/3/tutorial/appetite.html,5,5,
/zh-tw/dev/library/operator.html,5,6,
/zh-tw/3.13/,4,5,
/zh-tw/3.13/library/bisect.html,4,4,
/zh-tw/3.13/library/timeit.html,4,4,
/zh-tw/3.13/reference/index.html,4,4,
/zh-tw/3.13/tutorial/controlflow.html,4,4,
/zh-tw/3.13/tutorial/floatingpoint.html,4,4,
/zh-tw/3/library/functools.html,4,4,
/zh-tw/3/library/hashlib.html,4,5,
/zh-tw/dev/library/copy.html,4,4,
/3/,3,3,
/3/library/functions.html,3,2,
/zh-tw/3.12/genindex-all.html,3,3,
/zh-tw/3.13/glossary.html,3,3,
/zh-tw/3.13/library/collections.html,3,3,
/zh-tw/3.13/library/csv.html,3,3,
/zh-tw/3.13/library/html.parser.html,3,3,
/zh-tw/3.13/library/io.html,3,3,
/zh-tw/3.13/library/multiprocessing.shared_memory.html,3,3,
/zh-tw/3.13/library/statistics.html,3,3,
/zh-tw/3/,3,3,
/zh-tw/3/contents.html,3,3,
/zh-tw/3/howto/sorting.html,3,3,
/zh-tw/3/library/array.html,3,3,
/zh-tw/3/library/datetime.html,3,3,
/zh-tw/3/library/pickle.html,3,3,
/zh-tw/3/library/unittest.mock.html,3,3,
/zh-tw/3/tutorial/datastructures.html,3,4,
/zh-tw/3/tutorial/errors.html,3,3,
/zh-tw/3/tutorial/stdlib.html,3,3,
/zh-tw/3/whatsnew/3.13.html,3,5,
/zh-tw/dev/library/csv.html,3,3,
/zh-tw/dev/library/distribution.html,3,3,
/zh-tw/dev/library/gc.html,3,3,
/zh-tw/dev/library/tempfile.html,3,3,
/zh-tw/dev/tutorial/floatingpoint.html,3,3,
/3.13/,2,2,
/3/library/collections.html,2,2,
/3/library/hashlib.html,2,1,
/3/library/pathlib.html,2,2,
/3/library/random.html,2,2,
/3/library/tkinter.html,2,2,
/3/tutorial/datastructures.html,2,2,
/zh-cn/3.13/library/csv.html,2,2,
/zh-cn/3.13/library/functions.html,2,2,
/zh-tw/3.12/,2,2,
/zh-tw/3.12/using/mac.html,2,2,
/zh-tw/3.13/library/copy.html,2,2,
/zh-tw/3.13/library/itertools.html,2,2,
