name,unique_entrances,total_entrances,visit_duration
/3/,9497,9771,139
/3/library/functions.html,4119,4370,119
/3/library/stdtypes.html,3544,3770,145
/3/tutorial/index.html,3089,3237,177
/3/library/venv.html,2548,2611,43
/3/tutorial/datastructures.html,2303,2425,129
/3/tutorial/,2282,2597,122
/3/library/datetime.html,1973,2042,104
/3/library/index.html,1960,2039,146
/3/library/turtle.html,1747,1859,71
/3/library/tkinter.html,1665,1739,70
/3/library/random.html,1638,1690,60
/3/library/math.html,1630,1719,67
/3/library/idle.html,1622,1640,46
/3/search.html,1457,1551,228
/3/library/re.html,1447,1514,110
/3/tutorial/controlflow.html,1309,1390,160
/3/using/windows.html,1248,1263,81
/3/library/typing.html,1114,1152,101
/3/library/csv.html,1083,1125,97
/3/tutorial/classes.html,1051,1121,117
/3/whatsnew/3.14.html,981,1013,110
/3/library/collections.html,935,986,138
/3/tutorial/inputoutput.html,923,950,127
/3/tutorial/errors.html,911,942,124
/3/library/string.html,868,896,109
/3/howto/sorting.html,827,847,71
/3/tutorial/introduction.html,812,857,167
/3/library/os.html,810,831,163
/3/library/itertools.html,776,808,119
/3/library/pathlib.html,774,815,99
/3/library/argparse.html,757,792,114
/3/library/dataclasses.html,741,760,83
/3/library/exceptions.html,703,730,98
/3/library/sqlite3.html,676,708,142
/3/library/logging.html,666,688,127
/3/library/subprocess.html,636,670,136
/3/library/heapq.html,610,625,78
/3/library/time.html,609,629,90
/3/reference/datamodel.html,559,576,132
/3/tutorial/interpreter.html,547,572,175
/3/tutorial/venv.html,546,563,44
/3/tutorial/modules.html,541,567,152
/3/library/multiprocessing.html,533,542,115
/3/library/socket.html,533,557,109
/3/library/asyncio.html,530,554,207
/3/library/json.html,517,528,91
/3/library/threading.html,508,524,115
/3/glossary.html,472,484,208
/3/library/unittest.html,471,487,88
/3/library/asyncio-task.html,430,441,147
/3/library/enum.html,424,444,96
/3/py-modindex.html,422,440,109
/3/library/functools.html,409,426,123
/3/tutorial/appetite.html,409,416,242
/3/reference/index.html,399,412,206
/3/library/os.path.html,395,410,150
/3/library/sys.html,391,400,156
/es/3/tutorial/,387,400,151
/3/installing/index.html,375,383,72
/3/library/,369,383,153
/3/using/mac.html,365,372,53
/3/reference/expressions.html,339,350,161
/fr/3/tutorial/,316,323,167
/3/library/pickle.html,312,319,88
/3/reference/lexical_analysis.html,308,315,109
/3/library/struct.html,303,317,81
/zh-cn/3/tutorial/index.html,288,303,116
/3/library/concurrent.futures.html,284,295,107
/3/library/xml.etree.elementtree.html,276,294,86
/zh-cn/3/,271,281,125
/3/library/hashlib.html,263,268,64
/3/license.html,262,265,107
/3/library/pdb.html,246,251,42
/3/index.html,243,267,269
/3/contents.html,241,249,200
/3/reference/compound_stmts.html,241,254,107
/3/howto/logging.html,238,245,103
/3/using/cmdline.html,233,241,65
/3/library/io.html,232,238,135
/3/download.html,229,233,160
/3/library/shutil.html,221,227,144
/3/howto/regex.html,220,234,59
/3/library/http.server.html,220,225,75
/3/using/android.html,220,225,84
/3/library/queue.html,219,228,124
/3/library/operator.html,217,224,95
/3/library/unittest.mock.html,217,223,144
/3/reference/import.html,216,223,97
/3/library/tempfile.html,206,212,70
/3/library/copy.html,202,211,53
/3/library/abc.html,198,204,119
/3/tutorial/floatingpoint.html,193,196,34
/3/library/bisect.html,192,200,46
/zh-cn/3/library/idle.html,192,193,46
/3/library/ast.html,191,195,65
/3/library/decimal.html,190,197,85
/zh-cn/3/library/turtle.html,187,200,112
/3/library/contextlib.html,185,191,115
/3/extending/extending.html,174,176,59
/3/library/pprint.html,169,170,35
/dev/using/windows.html,165,166,568
/3/library/timeit.html,164,166,56
/3/library/asyncio-eventloop.html,163,170,164
/3/reference/simple_stmts.html,163,167,132
/3/library/urllib.parse.html,162,166,57
/3/library/zipfile.html,162,171,74
/ja/3/library/codecs.html,160,167,36
/3/library/ensurepip.html,156,156,64
/zh-cn/3/library/index.html,153,164,181
/3/library/inspect.html,147,150,251
/3/library/__main__.html,143,148,61
/3/library/ctypes.html,143,149,71
/3/faq/,136,141,152
/3/library/tkinter.ttk.html,136,139,86
/3/library/configparser.html,135,138,70
/ja/3/,134,149,230
/3/howto/unicode.html,133,136,64
/3/library/webbrowser.html,133,141,69
/3/using/index.html,132,136,176
/3/library/tk.html,129,130,163
/3/whatsnew/3.13.html,126,138,191
/3/library/array.html,120,121,127
/3/library/calendar.html,119,129,146
/3/library/urllib.request.html,118,120,135
/3/library/uuid.html,117,119,32
/3/library/codecs.html,116,118,97
/3/library/profile.html,111,116,71
/3/library/smtplib.html,111,113,96
/3/library/collections.abc.html,110,116,164
/3/library/statistics.html,108,111,58
/3/library/ipaddress.html,106,110,75
/3/howto/curses.html,104,107,108
/3/library/glob.html,103,104,116
/3/library/doctest.html,101,108,63
/3/howto/argparse.html,98,101,147
/3/howto/free-threading-python.html,98,99,85
/3/library/difflib.html,97,99,70
/3/library/base64.html,94,94,80
/ja/3/library/functions.html,94,97,127
/3/howto/logging-cookbook.html,93,98,61
/3/library/importlib.html,93,97,150
/es/3/tutorial/index.html,92,99,194
/ja/3/tutorial/index.html,92,98,376
/3/howto/sockets.html,89,93,112
/3/howto/a-conceptual-overview-of-asyncio.html,88,92,163
/zh-cn/3/library/functions.html,88,93,247
/3/library/urllib.html,87,87,155
/3/library/ssl.html,86,88,98
/3/library/dis.html,85,89,252
/3/library/secrets.html,84,86,188
/3/howto/enum.html,83,83,47
/ja/3/library/index.html,83,86,161
/pt-br/3/,83,86,130
/3/library/logging.handlers.html,81,87,182
/3/library/asyncio-queue.html,79,80,360
/3/library/warnings.html,78,79,55
/3/library/constants.html,77,77,158
/3/library/types.html,77,79,113
/3/library/zoneinfo.html,77,78,130
/fr/3/tutorial/datastructures.html,77,82,70
/3/faq/windows.html,76,78,79
/3/howto/descriptor.html,76,77,103
/3/library/curses.html,76,81,126
/3/library/dialog.html,74,79,160
/3/library/tkinter.messagebox.html,74,80,123
/3/library/html.parser.html,69,72,111
/es/3/tutorial/classes.html,69,75,38
/3/library/fractions.html,68,70,42
/3/library/gc.html,68,70,98
/es/3/,68,74,115
/ja/3/library/stdtypes.html,68,72,95
/zh-cn/3/tutorial/,68,69,225
/3/library/intro.html,67,67,275
/zh-cn/3/library/math.html,67,70,323
/3/howto/index.html,65,71,202
/3/library/email.examples.html,65,67,59
/3.14/,64,72,566
/3/faq/general.html,63,63,88
/3/library/filesys.html,63,64,222
/3/tutorial/stdlib.html,63,63,203
/3/using/ios.html,63,65,104
/3.14/whatsnew/3.14.html,62,62,477
/3/library/tarfile.html,62,63,151
/3/library/zipimport.html,62,63,12
/zh-cn/3/library/,61,63,243
/3/library/asyncio-sync.html,60,60,214
/3/using/unix.html,60,62,75
/3/whatsnew/3.12.html,59,59,122
/3/c-api/index.html,58,58,263
/3/faq/programming.html,58,59,181
/3/howto/functional.html,58,60,86
/3/library/distutils.html,58,59,3
/3/library/signal.html,57,58,35
/3/whatsnew/3.8.html,57,58,133
/ja/3/tutorial/,57,57,124
/3/library/datatypes.html,56,56,216
/3/library/http.html,56,57,70
/3/reference/grammar.html,56,59,110
/ja/3/reference/introduction.html,56,56,2
/zh-cn/3/using/mac.html,55,57,39
/3/library/contextvars.html,53,57,95
/fr/3/library/stdtypes.html,53,61,516
/pt-br/3/tutorial/index.html,53,60,102
/uk/3/tutorial/index.html,53,58,99
/3/library/pydoc.html,52,52,79
/3/library/socketserver.html,52,54,218
/3/library/asyncio-stream.html,51,52,240
/3/library/logging.config.html,51,51,36
/3/library/traceback.html,51,51,75
/3/library/wave.html,51,53,58
/es/3/tutorial/introduction.html,51,56,105
/3/genindex.html,50,52,212
/3/library/zlib.html,50,54,60
/3/library/tomllib.html,49,50,166
/3/reference/introduction.html,49,50,232
/zh-cn/3/reference/index.html,49,49,158
/3/c-api/memory.html,48,51,82
/3/library/asyncio-runner.html,48,48,33
/3/library/textwrap.html,48,49,37
/3/extending/embedding.html,47,50,105
/3/library/asyncio-dev.html,46,47,224
/3/library/http.client.html,46,46,233
/zh-cn/3/index.html,46,48,170
/zh-cn/3/tutorial/controlflow.html,46,46,153
/zh-cn/3/using/index.html,46,46,47
/3/library/cmath.html,45,46,292
/3/reference/,45,45,170
/zh-cn/3/library/stdtypes.html,45,50,276
/zh-cn/3/tutorial/interpreter.html,44,44,556
/3/library/asyncio-future.html,43,45,185
/3/whatsnew/index.html,43,44,179
/3.15/,42,45,356
/pt-br/3/library/venv.html,42,42,49
/3/library/concurrency.html,41,41,153
/3/library/fnmatch.html,41,42,7
/ja/3/tutorial/controlflow.html,41,49,207
/3/library/imaplib.html,40,42,101
/zh-tw/3/tutorial/index.html,40,41,58
/3/library/multiprocessing.shared_memory.html,39,40,139
/es/3/library/stdtypes.html,39,42,135
/3.14/tutorial/index.html,38,39,396
/3/howto/annotations.html,38,39,76
/3/installing/,38,38,76
/3/whatsnew/3.11.html,38,62,328
/es/3/tutorial/appetite.html,38,40,140
/fr/3/,38,39,256
/3.13/,37,40,772
/3/howto/urllib2.html,37,38,74
/3/library/getpass.html,37,39,72
/3/library/unicodedata.html,37,37,35
/3/whatsnew/changelog.html,37,37,85
/ja/3/library/pathlib.html,37,41,247
/3.14/using/windows.html,36,36,427
/3/library/builtins.html,36,36,98
/3/library/cmd.html,36,37,152
/3/library/locale.html,36,36,300
/3/library/numbers.html,36,38,41
/3/library/select.html,36,37,123
/3/library/tokenize.html,36,38,123
/3/library/tracemalloc.html,36,38,70
/3/tutorial/appendix.html,36,36,250
/uk/3/library/idle.html,36,36,40
/3/library/shlex.html,35,35,8
/3/library/site.html,35,35,162
/es/3/tutorial/interpreter.html,35,37,65
/fr/3/tutorial/appetite.html,35,36,336
/3/genindex-Symbols.html,34,35,89
/3/library/winsound.html,34,34,1
/3/reference/executionmodel.html,34,35,266
/3/tutorial/stdlib2.html,34,37,121
/3/library/asyncio-subprocess.html,33,35,167
/3/library/xml.html,33,33,389
/ja/3/tutorial/interpreter.html,33,33,139
/3/library/gzip.html,32,32,198
/es/3/tutorial/controlflow.html,32,33,386
/pt-br/3/library/stdtypes.html,32,33,105
/zh-cn/3/download.html,32,32,129
/3/extending/index.html,31,32,169
/3/whatsnew/3.10.html,31,32,7
/zh-cn/3/tutorial/datastructures.html,31,32,358
/zh-cn/3/tutorial/introduction.html,31,35,445
/3/library/platform.html,30,30,298
/es/3/tutorial/datastructures.html,30,33,4
/fr/3/tutorial/controlflow.html,30,37,136
/3/library/ftplib.html,29,30,210
/ja/3/tutorial/classes.html,29,31,53
/pl/3/tutorial/index.html,29,31,148
/3/library/stat.html,28,28,185
/3/library/weakref.html,28,30,61
/fr/3/tutorial/interpreter.html,28,28,113
/3.13/tutorial/index.html,27,29,517
/it/3/tutorial/index.html,27,29,266
/ja/3/tutorial/introduction.html,27,28,278
/pt-br/3/tutorial/controlflow.html,27,29,186
/zh-cn/3/search.html,27,29,52
/3/library/__future__.html,26,26,95
/3/library/binascii.html,26,26,200
/3/library/colorsys.html,26,27,72
/es/3/library/functions.html,26,26,195
