name,visitors
California,56
England,55
Guangdong,48
Moscow,48
Tokyo,32
Beijing,30
Shanghai,30
Karnataka,28
Vienna,27
Maharashtra,27
Île-de-France,25
Telangāna,25
Tamil Nadu,24
Texas,24
Bavaria,22
Washington,21
Uttar Pradesh,20
Kyiv,20
Hebei,19
São Paulo,17
Capital District,17
Osaka,17
Mazovia,17
Chongqing,15
Hubei,15
Shandong,15
Baden-Württemberg,15
Hunan,14
Zhejiang,14
Hesse,14
Madrid Autonomous Community,14
Massachusetts,14
New York,14
Virginia,14
Henan,13
West Bengal,13
Saint Petersburg,13
Sichuan,12
Tel Aviv,12
Kerala,12
Istanbul,12
Ho Chi Minh City,12
North Rhine-Westphalia,11
Flanders,10
Cairo,10
Delhi,10
Georgia,10
Illinois,10
Buenos Aires Province,9
Minsk,9
Santiago Metropolitan,9
Jiangsu,9
Catalonia,9
Madhya Pradesh,9
Arizona,9
Florida,9
Maryland,9
North Carolina,9
New Jersey,9
Hanoi,9
Minas Gerais,8
Ontario,8
Shaanxi,8
Valencian Community,8
Jakarta,8
Kanagawa,8
Seoul,8
North Holland,8
Lesser Poland,8
Sverdlovsk,8
Voronezh,8
Colorado,8
Michigan,8
Utah,8
Tashkent,8
New South Wales,7
Rio de Janeiro,7
Tianjin,7
Andhra Pradesh,7
Gujarat,7
Lombardy,7
Gyeonggi,7
Tatarstan,7
Tyumen,7
Taipei,7
Ohio,7
Pennsylvania,7
Sofia,6
Quebec,6
Zürich,6
Gansu,6
Valle del Cauca,6
Saxony,6
Uusimaa,6
Auvergne-Rhône-Alpes,6
Provence-Alpes-Côte-d'Azur,6
Wales,6
Jalisco,6
Tunis,6
Lvivshchyna,6
Minnesota,6
Tennessee,6
Dhaka Division,5
Brussels,5
Santa Catarina,5
Alberta,5
Fujian,5
Guangxi,5
Boyacá,5
Nariño,5
Prague,5
Lower Saxony,5
Guayas,5
Grand-Est,5
Nouvelle-Aquitaine,5
Central,5
Haryana,5
Hormozgan,5
Chiba,5
Aichi,5
Kuala Lumpur,5
Lagos,5
South Holland,5
Wellington,5
Greater Poland,5
Kaohsiung,5
Kyivshchyna,5
Odeshchyna,5
Dubai,4
Wallonia,4
Piauí,4
Paraná,4
British Columbia,4
Berlin,4
Capital Region,4
Pays-de-la-Loire,4
Kwai Tsing New Territories,4
Heves,4
West Java,4
Leinster,4
Ciudad de Mexico,4
Oslo,4
Muscat,4
Junín,4
Lima,4
Punjab,4
Sindh,4
Chelyabinsk,4
Kaliningrad,4
Moscow Province,4
Nizhny Novgorod,4
Primorsky Krai,4
Pskov,4
Makkah,4
Stockholm,4
Idaho,4
Indiana,4
Missouri,4
North Dakota,4
Nevada,4
Rhode Island,4
KwaZulu-Natal,4
Yerevan,3
Tyrol,3
Victoria,3
Anhui,3
Liaoning,3
Antioquia,3
Córdoba,3
Sucre,3
Hamburg,3
Distrito Nacional,3
Blida,3
Pichincha,3
Qena,3
Canary Islands,3
Tbilisi,3
Central and Western Hong Kong Island,3
Francisco Morazán,3
Zagreb,3
Piedmont,3
Tuscany,3
Lazio,3
Sicily,3
Shizuoka,3
Kyoto,3
Nairobi County,3
Bishkek,3
Osh Region,3
Astana,3
Western,3
Riga,3
Utrecht,3
Auckland,3
Pomerania,3
Doha,3
Beograd,3
Novosibirsk,3
Smolensk,3
Volgograd,3
New Taipei,3
Taoyuan,3
Wisconsin,3
Bắc Ninh,3
Chaco,2
Neuquén,2
Lower Austria,2
Queensland,2
South Australia,2
Western Australia,2
Cochabamba,2
Federal District,2
Maranhão,2
Aargau,2
Bern,2
Basel-Stadt,2
Solothurn,2
Vaud,2
Bolívar,2
Caquetá,2
Cundinamarca,2
Norte de Santander,2
Risaralda,2
Zlín,2
Bremen,2
Saxony-Anhalt,2
Central Denmark,2
Annaba,2
Alexandria,2
Balearic Islands,2
Brittany,2
Northern Ireland,2
Adjara,2
Thessaly,2
Attica,2
Wan Chai Hong Kong Island,2
Sha Tin New Territories,2
Tsuen Wan New Territories,2
Bjelovar-Bilogora,2
Budapest,2
Yogyakarta,2
Northern,2
Bihar,2
Odisha,2
Rajasthan,2
Baghdad,2
Liguria,2
Campania,2
Amman,2
Iwate,2
Nara,2
Okayama,2
South Chungcheong,2
Pavlodar,2
Southern,2
Meknès-Tafilalet,2
Bamako,2
Southern,2
Mexico State,2
Nuevo León,2
Sonora,2
Penang,2
Selangor,2
NO-02,2
Central Luzon,2
Caraga,2
Łódź,2
Subcarpathia,2
Castelo Branco,2
Lisbon,2
Setúbal,2
Central,2
Bucharest,2
Vojvodina,2
Amur,2
Bashkortostan,2
Belgorod,2
Rostov,2
Samara,2
Udmurt,2
Al-Qassim,2
Örebro,2
Ben Arous,2
Ankara,2
Antalya,2
Bursa,2
Tekirdağ,2
Taichung,2
Yunlin,2
Dnipropetrovshchyna,2
Connecticut,2
Oregon,2
South Carolina,2
Vermont,2
West Virginia,2
Bukhara,2
Vĩnh Long,2
Can Tho,2
Gauteng,2
Abu Dhabi,1
