name,version,visitors
Microsoft Edge,139.0,2676
Chrome,139.0,2655
Chrome,138.0,429
Mobile App,(not set),323
Firefox,142.0,199
Chrome,132.0,196
Safari,18.6,179
Smart Lenovo Browser,9.0,147
Chrome,135.0,122
Chrome,137.0,104
Chrome,122.0,102
Microsoft Edge,138.0,101
Chrome,126.0,98
UC Browser,18.0,86
Chrome,109.0,73
Quark,(not set),67
Chrome,131.0,65
Safari,18.5,62
Chrome,121.0,56
Huawei Browser Mobile,16.0,54
Chrome,128.0,49
Chrome,133.0,48
Microsoft Edge,128.0,46
Chrome,134.0,46
Chrome,136.0,46
QQ Browser,6.2,45
Chrome,119.0,39
Chrome,127.0,39
Microsoft Edge,131.0,39
Chrome,86.0,39
Microsoft Edge,122.0,38
Microsoft Edge,137.0,36
QQ Browser,19.5,32
Chrome,130.0,30
Chrome,125.0,29
Chrome,140.0,28
Chrome,114.0,26
Quark,7.15,26
Microsoft Edge,127.0,25
Chrome,120.0,24
Microsoft Edge,135.0,24
Chrome,124.0,23
Chrome,129.0,22
Microsoft Edge,134.0,22
Chrome,108.0,21
Microsoft Edge,136.0,21
Chrome,78.0,21
Microsoft Edge,140.0,20
Safari,17.6,20
Sogou Explorer,2,20
MIUI Browser,20.1,20
Microsoft Edge,109.0,19
Chrome,117.0,19
Chrome,123.0,19
Firefox,141.0,19
Mobile App,114.0,18
MIUI Browser,20.2,18
Microsoft Edge,114.0,17
Microsoft Edge,133.0,17
UC Browser,17.8,17
Huawei Browser Mobile,5.1,17
Chrome,116.0,16
Firefox,128.0,16
Chrome,141.0,16
Safari,26.0,16
Microsoft Edge,92.0,16
Huawei Browser,12.1,15
vivo Browser,26.0,14
Microsoft Edge,126.0,13
Mobile App,131.0,13
Safari,(not set),12
Microsoft Edge,130.0,12
Safari,18.4,12
Chrome,102.0,11
Firefox,115.0,11
Microsoft Edge,116.0,11
Microsoft Edge,119.0,11
Microsoft Edge,129.0,11
Microsoft Edge,132.0,11
Microsoft Edge,100.0,10
Chrome,101.0,10
Microsoft Edge,118.0,10
QQ Browser,19.4,10
Microsoft Edge,112.0,9
Microsoft Edge,117.0,9
Firefox,140.0,9
Safari,16.6,9
Safari,18.3,9
Mobile App,97.0,9
360 Secure Browser,(not set),8
Chrome,104.0,8
Chrome,107.0,8
Chrome,118.0,8
Microsoft Edge,123.0,8
MIUI Browser,14.10,8
Safari,15.6,8
QQ Browser,19.3,8
Chrome,95.0,8
Chrome,103.0,7
Chrome,106.0,7
Microsoft Edge,107.0,7
Chrome,111.0,7
Microsoft Edge,113.0,7
Microsoft Edge,120.0,7
Microsoft Edge,124.0,7
Safari,13.1,7
Firefox,136.0,7
Safari,18.1,7
Chrome,91.0,7
Chrome,98.0,7
Microsoft Edge,98.0,7
Microsoft Edge,108.0,6
Chrome,112.0,6
Mobile App,126.0,6
Firefox,126.1,6
QQ Browser,13.1,6
QQ Browser,19.6,6
Chrome,97.0,6
Chrome,100.0,5
Microsoft Edge,111.0,5
Chrome,115.0,5
Firefox,116.0,5
Opera,120.0,5
Safari,17.4,5
Microsoft Edge,18.18363,5
Quark,7.14,5
Chrome,84.0,5
Microsoft Edge,95.0,5
Chrome,105.0,4
Microsoft Edge,106.0,4
Chrome,110.0,4
Microsoft Edge,110.0,4
Chrome,113.0,4
Firefox,113.0,4
Mobile App,118.0,4
Microsoft Edge,121.0,4
Mobile App,122.0,4
Mobile App,138.0,4
Firefox,138.0,4
Mobile App,139.0,4
Safari,14.1,4
Firefox,143.0,4
Safari,16.2,4
Safari,17.0,4
Safari,17.2,4
UC Browser,17.6,4
MIUI Browser,18.6,4
MIUI Browser,19.8,4
vivo Browser,25.5,4
Firefox,5.0,4
Quark,7.13,4
Quark,7.4,4
Mobile App,99.0,4
(not set),(not set),3
Microsoft Edge,105.0,3
Mobile App,109.0,3
Opera,114.0,3
Opera,115.0,3
Mobile App,116.0,3
Microsoft Edge,125.0,3
QQ Browser,13.0,3
QQ Browser,13.2,3
QQ Browser,13.5,3
Mobile App,133.0,3
Microsoft Edge,141.0,3
Safari,17.1,3
Safari,17.3,3
UC Browser,17.4,3
Safari,17.5,3
Safari,18.0,3
Microsoft Edge,18.19041,3
Safari,18.2,3
QQ Browser,19.2,3
Yandex Browser,21.11,3
vivo Browser,23.6,3
vivo Browser,25.6,3
vivo Browser,25.9,3
Chrome,79.0,3
Chrome,83.0,3
Chrome,92.0,3
Chrome,99.0,3
Mobile App,101.0,2
Microsoft Edge,102.0,2
Microsoft Edge,103.0,2
Firefox,106.0,2
Iron,108.0,2
Microsoft Edge,115.0,2
Mobile App,117.0,2
Firefox,117.0,2
Safari,12.1,2
Firefox,120.0,2
Opera,121.0,2
Firefox,125.0,2
Mobile App,127.0,2
Mobile App,129.0,2
QQ Browser,13.4,2
QQ Browser,13.6,2
Mobile App,132.0,2
Firefox,135.0,2
Firefox,136.3,2
Firefox,137.0,2
Huawei Browser Mobile,14.0,2
Safari,14.0,2
Huawei Browser Mobile,15.0,2
Safari,15.4,2
Safari,16.1,2
Safari,16.5,2
UC Browser,17.5,2
Safari,17.7,2
UC Browser,17.7,2
Chrome,19.77,2
Yandex Browser,24.4,2
vivo Browser,24.6,2
vivo Browser,25.4,2
Samsung Browser,28.0,2
Chrome,55.0,2
Quark,6.10,2
Chrome,68.0,2
Chrome,75.0,2
Chrome,81.0,2
Mobile App,83.0,2
Chrome,85.0,2
Chrome,87.0,2
Chrome,94.0,2
Android Browser,(not set),1
Firefox,(not set),1
QQ Browser,10.5,1
Microsoft Edge,104.0,1
Huawei Browser Mobile,11.0,1
Safari,11.0,1
QQ Browser,11.2,1
Opera,110.0,1
Opera,111.0,1
Firefox,114.0,1
Firefox,118.0,1
Chrome,118.3,1
Meizu Browser,12.5,1
Mobile App,120.0,1
Chrome,121.15,1
Firefox,124.0,1
Chrome,124.61,1
Firefox,127.0,1
AVG Secure Browser,128.0,1
QQ Browser,13.3,1
QQ Browser,13.7,1
Firefox,132.0,1
Mobile App,134.0,1
Firefox,134.0,1
Firefox,139.0,1
MIUI Browser,14.2,1
MIUI Browser,14.41,1
MIUI Browser,14.9,1
Safari,15.2,1
Safari,15.3,1
Safari,15.5,1
Safari,16.0,1
Safari,16.3,1
UC Browser,17.3,1
MIUI Browser,17.7,1
Microsoft Edge,18.18362,1
MIUI Browser,19.7,1
MIUI Browser,20.0,1
vivo Browser,20.5,1
vivo Browser,22.7,1
Yandex Browser,25.2,1
vivo Browser,25.7,1
115 Browser,27.0,1
115 Browser,35.3,1
115 Browser,35.30,1
Chrome,47.0,1
Chrome,49.0,1
Firefox,52.0,1
Opera,53.0,1
QtWebEngine,6.5,1
Quark,7.3,1
Quark,7.5,1
Quark,7.7,1
Quark,7.8,1
Chrome,73.0,1
Chrome,80.0,1
Firefox,82.0,1
Microsoft Edge,84.0,1
Firefox,88.0,1
Chrome,93.0,1
Openwave Mobile Browser,93.4,1
Chrome,96.0,1
