name,visitors
California,401
England,393
Moscow,195
Tokyo,186
Karnataka,183
New York,172
Pennsylvania,167
Guangdong,164
Texas,160
São Paulo,159
Île-de-France,148
Tamil Nadu,144
Telangāna,129
Maharashtra,124
Beijing,123
Ontario,120
Washington,120
Hanoi,115
North Holland,111
Delhi,108
Seoul,107
Bavaria,100
Virginia,91
Istanbul,90
Florida,90
Saint Petersburg,88
Hesse,84
New South Wales,83
Illinois,79
North Rhine-Westphalia,78
Uttar Pradesh,77
Mazovia,77
Shanghai,76
Colorado,76
Zhejiang,75
Ho Chi Minh City,75
Kyiv,74
Tel Aviv,71
Gyeonggi,69
New Jersey,69
Massachusetts,67
Gujarat,66
Buenos Aires Province,61
Cairo,61
West Bengal,61
Jiangsu,59
Shandong,59
Baden-Württemberg,59
Victoria,58
Capital District,58
Punjab,58
Georgia,57
Madrid Autonomous Community,55
Berlin,54
Minas Gerais,51
Lombardy,51
North Carolina,51
Kerala,48
Taipei,48
Jakarta,47
Stockholm,47
Maryland,47
Sichuan,46
Bangkok,46
Vienna,45
Utah,45
Zürich,44
Uusimaa,44
Western Australia,43
Western,42
Arizona,42
British Columbia,41
Fujian,41
Lower Saxony,41
Gauteng,41
Quebec,40
Krasnodar Krai,40
Dhaka Division,39
Lima,38
Michigan,38
Oregon,38
Paraná,37
Leinster,37
Madhya Pradesh,37
Metro Manila,37
Catalonia,36
Novosibirsk,35
Santiago Metropolitan,34
South Holland,34
Andhra Pradesh,33
Sindh,33
Sverdlovsk,33
Flanders,32
Rio de Janeiro,32
Minsk,32
Tashkent,32
Hubei,31
Central,31
Antioquia,30
Prague,30
West Java,30
Rajasthan,30
Meknès-Tafilalet,30
New Taipei,29
Capital Region,28
Auvergne-Rhône-Alpes,28
Lesser Poland,28
Greater Poland,28
Riyadh,28
Santa Catarina,27
Shaanxi,27
Andalusia,27
Scotland,27
Minnesota,27
Ohio,27
Saxony,26
Addis Ababa,26
Provence-Alpes-Côte-d'Azur,26
Bihar,26
Kanagawa,26
Province 3,26
Taichung,26
Queensland,25
Hormozgan,25
Osaka,25
Budapest,24
East Java,24
Riga,24
Moscow Province,24
Hebei,23
Hunan,23
Hamburg,23
Nouvelle-Aquitaine,23
Ciudad de Mexico,23
Ankara,23
Baku,22
Chongqing,22
Amman,22
Almaty City,22
Oslo,22
Brussels,21
Rio Grande do Sul,21
Attica,21
Punjab,21
Silesia,21
Tunis,21
Greater Accra,20
Washington DC,20
Dubai,19
Henan,19
Pichincha,19
Guatemala,19
Selangor,19
Missouri,19
Tennessee,19
Valencian Community,18
Aichi,18
Nairobi County,18
Kuala Lumpur,18
Pomerania,18
Beograd,18
Perm Krai,18
Makkah,18
Dnipropetrovshchyna,18
Connecticut,18
South Carolina,18
Federal District,17
Alberta,17
Kowloon City Kowloon,17
Kwai Tsing New Territories,17
Uttarākhand,17
Mexico State,17
Lagos,17
Bashkortostan,17
Rostov,17
Tatarstan,17
Shanxi,16
Chiba,16
Lower Silesia,16
Lisbon,16
Chelyabinsk,16
Eastern,16
Odeshchyna,16
Wisconsin,16
Saitama,15
Incheon,15
Oriental,15
Bucharest,15
Kharkivshchyna,15
Alabama,15
Iowa,15
Yerevan,14
Pernambuco,14
Valle del Cauca,14
Brandenburg,14
Hauts-de-France,14
Occitanie,14
Campania,14
Nizhny Novgorod,14
Taoyuan,14
Indiana,14
Ceará,13
San José,13
South Moravia,13
Harjumaa,13
Giza,13
Galicia,13
Tsuen Wan New Territories,13
Haryana,13
South Chungcheong,13
Krasnoyarsk Krai,13
Ljubljana,13
Izmir,13
Nevada,13
Da Nang,13
Buenos Aires,12
South Australia,12
Amazonas,12
Federal Capital Territory,12
Oyo,12
Gelderland,12
Łódź,12
Subcarpathia,12
Samara,12
Espírito Santo,11
Rio Grande do Norte,11
Manitoba,11
Schleswig-Holstein,11
Central Denmark,11
Algiers,11
Alexandria,11
Brittany,11
Normandie,11
Tbilisi,11
Lazio,11
Kyoto,11
Hyogo,11
Astana,11
Nuevo León,11
Muscat,11
Islamabad,11
Skåne,11
Idaho,11
Styria,10
Sofia,10
Bahia,10
Guizhou,10
Jiangxi,10
Rhineland-Palatinate,10
Zagreb,10
Jharkhand,10
Baghdad,10
Piedmont,10
Sicily,10
Veracruz,10
North Brabant,10
Smolensk,10
Antalya,10
Central,10
Kansas,10
New Mexico,10
Capital,10
Tirana County,9
Maranhão,9
Anhui,9
Tianjin,9
Guayas,9
Burgundy-Franche-Comté,9
Grand-Est,9
Apulia,9
Fukuoka,9
Phnom Penh,9
Rabat-Salé-Zemmour-Zaer,9
Chișinău,9
Rivers,9
Utrecht,9
Auckland,9
Volgograd,9
Voronezh,9
Västra Götaland,9
Chon Buri,9
Sousse,9
Tainan,9
Kyivshchyna,9
Córdoba,8
Wallonia,8
Goiás,8
Brest,8
Vaud,8
Bío Bío,8
Guangxi,8
Canary Islands,8
Pays-de-la-Loire,8
Wales,8
Haifa,8
Odisha,8
Veneto,8
Busan,8
Taza-Al Hoceima-Taounate,8
Baja California,8
