name,visitors
United States,3549
India,1460
Germany,1059
China,934
United Kingdom,855
France,657
Canada,493
Russian Federation,475
Brazil,397
Japan,352
Netherlands,350
Australia,318
Spain,284
Italy,272
Hong Kong,256
Sweden,245
South Korea,242
Poland,242
Singapore,230
Switzerland,217
Indonesia,201
Mexico,185
Taiwan,145
Turkey,126
Denmark,124
Austria,122
Vietnam,113
Finland,112
Philippines,112
Thailand,111
Ukraine,104
Pakistan,96
Belgium,93
Israel,90
South Africa,88
Czechia,83
Saudi Arabia,83
Colombia,82
Norway,73
Portugal,73
Ireland,72
Chile,71
Iran,71
Argentina,70
Malaysia,64
Hungary,58
Egypt,57
Romania,57
Bangladesh,55
Nigeria,54
Peru,53
New Zealand,51
United Arab Emirates,37
Slovakia,36
Kenya,33
Greece,32
Serbia,31
Algeria,30
Kazakhstan,28
Tunisia,25
Yemen,25
Bulgaria,24
Estonia,24
Cyprus,23
Morocco,23
Uzbekistan,22
Lithuania,17
Belarus,16
Ecuador,15
Latvia,15
Tanzania,15
Cambodia,14
Nepal,14
Slovenia,14
Uganda,14
Venezuela,14
Croatia,13
Sri Lanka,13
Iraq,12
Bolivia,11
Ghana,11
Côte d'Ivoire,10
Dominican Republic,10
Ethiopia,10
Mongolia,10
Qatar,10
El Salvador,10
Syria,10
Costa Rica,9
Panama,9
Puerto Rico,9
Uruguay,9
Armenia,8
Kuwait,8
Myanmar,8
Zambia,8
Somalia,7
Haiti,6
Jordan,6
Madagascar,6
Oman,6
Paraguay,6
Cameroon,5
Guatemala,5
Iceland,5
Lebanon,5
Luxembourg,5
Zimbabwe,5
Georgia,4
Honduras,4
Malawi,4
Kosovo,4
Bahrain,3
Cuba,3
Laos,3
Malta,3
Mauritius,3
Namibia,3
Senegal,3
Suriname,3
Tajikistan,3
Andorra,2
Azerbaijan,2
Bermuda,2
Brunei Darussalam,2
Botswana,2
Congo,2
Curaçao,2
Jamaica,2
Kyrgyzstan,2
Liberia,2
Libya,2
Moldova,2
Marshall Islands,2
Maldives,2
Nicaragua,2
"Palestine, State of",2
Réunion,2
Seychelles,2
"Virgin Islands, British",2
Afghanistan,1
Albania,1
Åland Islands,1
Bosnia and Herzegovina,1
Benin,1
Eritrea,1
Gabon,1
Grenada,1
Guam,1
Montenegro,1
Mali,1
Northern Mariana Islands,1
Papua New Guinea,1
Sudan,1
Eswatini,1
Togo,1
Trinidad and Tobago,1
