name,visitors,bounce_rate,visit_duration
Google,846,75,174
Direct / None,489,64,198
Baidu,55,79,63
Bing,40,63,585
chatgpt.com,27,72,47
python.org,26,0,414
wikidocs.net,17,94,2
codeup.kr,16,80,2
kma.goorm.io,11,0,1233
codeit.kr,8,88,76
blog.naver.com,6,50,507
namu.wiki,4,75,190
velog.io,3,100,0
Shenma,2,100,0
besmart.uny.ac.id,2,0,190
blockdmask.tistory.com,2,100,0
claude.ai,2,0,596
clien.net,2,0,287
dev-jy.tistory.com,2,100,0
seedyun.pe.kr,2,0,1138
2-code.codle.io,1,100,0
Daum,1,100,0
DuckDuckGo,1,0,5
Microsoft Teams,1,100,0
Yahoo!,1,100,0
Yandex,1,0,108
andrewpage.tistory.com,1,100,0
annajang.tistory.com,1,100,0
bugs.python.org,1,0,2385
copilot.microsoft.com,1,0,18
cs50.harvard.edu,1,0,3108
daco2020.tistory.com,1,100,0
data-wiki.tistory.com,1,0,10
forum.djangoproject.com,1,0,234
hbesthee.tistory.com,1,100,0
inflearn.com,1,100,0
kortsec1n4mationm.tistory.com,1,100,0
ktspace.atlassian.net,1,100,0
link.csdn.net,1,0,235
m.dcinside.com,1,100,0
minjiwoo.kr,1,100,0
moondol-ai.tistory.com,1,100,0
pip.pypa.io,1,0,0
platform.openai.com,1,100,0
roadmap.sh,1,0,3439
shoark7.github.io,1,0,7
smart-worker.tistory.com,1,100,0
spaceweather.kasa.go.kr,1,100,0
thebook.io,1,100,0
wh00300.tistory.com,1,100,0
