name,unique_entrances,total_entrances,visit_duration
/it/3/tutorial/index.html,35,36,111
/3/,33,33,236
/it/3.14/,18,18,108
/dev/using/windows.html,15,15,623
/it/3/tutorial/inputoutput.html,14,14,201
/it/3.13/tutorial/index.html,13,13,379
/it/3/tutorial/datastructures.html,10,10,49
/it/3/tutorial/classes.html,9,9,455
/it/3/tutorial/venv.html,9,9,0
/it/3/,8,8,52
/3/tutorial/index.html,6,6,628
/it/3/tutorial/appetite.html,6,6,226
/it/3/tutorial/modules.html,6,6,52
/3/library/idle.html,5,5,21
/3/library/index.html,5,5,32
/it/3.14/tutorial/appetite.html,5,6,0
/it/3.14/tutorial/index.html,5,5,342
/it/3.15/using/windows.html,5,5,221
/it/3/tutorial/interpreter.html,5,5,92
/3.14/tutorial/index.html,4,4,180
/3/library/functions.html,4,4,1120
/it/3.14/search.html,4,4,1
/it/3/tutorial/,4,4,241
/it/3/tutorial/controlflow.html,4,5,4
/3.14/whatsnew/3.14.html,3,3,23
/3/tutorial/,3,3,1208
/3/tutorial/appetite.html,3,3,318
/it/3.13/library/token.html,3,3,0
/it/3.13/tutorial/controlflow.html,3,3,0
/it/3.14/library/idle.html,3,3,7
/it/3.14/library/stdtypes.html,3,3,2
/it/3.14/tutorial/,3,3,706
/it/3.14/tutorial/controlflow.html,3,3,272
/it/3/library/functions.html,3,3,0
/it/3/tutorial/floatingpoint.html,3,3,0
/it/3/tutorial/introduction.html,3,3,0
/3.14/,2,2,331
/3.14/tutorial/,2,2,2959
/3.14/using/windows.html,2,2,330
/3/library/csv.html,2,3,206
/3/library/stdtypes.html,2,2,1637
/3/library/tkinter.html,2,2,12
/3/library/venv.html,2,2,30
/3/search.html,2,2,50
/es/3/tutorial/,2,2,54
/it/3.12/library/functions.html,2,3,0
/it/3.12/library/socket.html,2,2,0
/it/3.12/reference/expressions.html,2,2,0
/it/3.12/tutorial/,2,2,602
/it/3.12/tutorial/interpreter.html,2,2,62
/it/3.13/,2,2,0
/it/3.13/library/functions.html,2,2,0
/it/3.13/search.html,2,5,0
/it/3.13/tutorial/inputoutput.html,2,2,0
/it/3.14/download.html,2,2,418
/it/3.14/tutorial/interpreter.html,2,2,0
/it/3.14/tutorial/introduction.html,2,2,6
/it/3.14/using/index.html,2,2,696
/3.12/whatsnew/3.12.html,1,1,15
/3.13/tutorial/index.html,1,1,296
/3.14/index.html,1,1,67
/3.14/reference/compound_stmts.html,1,1,18
/3.15/,1,1,745
/3.15/library/index.html,1,1,720
/3.15/using/windows.html,1,1,444
/3/download.html,1,1,1003
/3/library/dataclasses.html,1,1,2177
/3/library/doctest.html,1,1,64
/3/library/inspect.html,1,1,1750
/3/library/json.html,1,1,25
/3/library/locale.html,1,1,31
/3/library/pathlib.html,1,1,7
/3/library/string.html,1,1,1161
/3/library/tarfile.html,1,1,20
/3/library/tk.html,1,1,378
/3/library/tkinter.ttk.html,1,1,410
/3/library/turtle.html,1,1,38
/3/library/uuid.html,1,1,0
/3/tutorial/classes.html,1,1,0
/3/tutorial/datastructures.html,1,1,164
/3/tutorial/interpreter.html,1,1,39
/3/tutorial/modules.html,1,1,1399
/es/3.14/tutorial/modules.html,1,1,1413
/it/3.12/tutorial/controlflow.html,1,1,354
/it/3.12/tutorial/datastructures.html,1,1,687
/it/3.12/tutorial/errors.html,1,1,1247
/it/3.12/tutorial/index.html,1,1,0
/it/3.12/tutorial/inputoutput.html,1,1,0
/it/3.12/whatsnew/3.12.html,1,1,29
/it/3.13/library/ftplib.html,1,1,0
/it/3.13/library/stdtypes.html,1,1,2972
/it/3.13/library/tkinter.html,1,1,336
/it/3.13/library/turtle.html,1,1,0
/it/3.13/tutorial/appetite.html,1,1,5
/it/3.13/tutorial/datastructures.html,1,1,0
/it/3.13/tutorial/introduction.html,1,1,0
/it/3.13/tutorial/modules.html,1,1,0
/it/3.13/tutorial/stdlib.html,1,1,0
/it/3.14/contents.html,1,1,0
/it/3.14/index.html,1,1,0
/it/3.14/library/copy.html,1,1,0
/it/3.14/library/functions.html,1,1,0
/it/3.14/library/hashlib.html,1,1,0
/it/3.14/library/index.html,1,1,0
/it/3.14/library/json.html,1,1,0
/it/3.14/library/math.html,1,1,0
/it/3.14/library/random.html,1,1,218
/it/3.14/library/shelve.html,1,1,0
/it/3.14/library/tk.html,1,1,0
/it/3.14/library/tkinter.html,1,1,10
/it/3.14/library/turtle.html,1,1,211
/it/3.14/library/uuid.html,1,1,13
/it/3.14/license.html,1,1,0
/it/3.14/py-modindex.html,1,1,0
/it/3.14/reference/introduction.html,1,1,0
/it/3.14/tutorial/classes.html,1,1,0
/it/3.14/tutorial/datastructures.html,1,1,0
/it/3.14/tutorial/floatingpoint.html,1,1,0
/it/3.14/tutorial/inputoutput.html,1,1,786
/it/3.14/using/mac.html,1,1,3
/it/3.14/using/windows.html,1,1,0
/it/3.14/whatsnew/3.14.html,1,1,25
/it/3.15/py-modindex.html,1,1,5
/it/3.15/search.html,1,1,84
/it/3/c-api/sys.html,1,1,0
/it/3/download.html,1,1,66
/it/3/genindex.html,1,1,33
/it/3/glossary.html,1,1,0
/it/3/installing/,1,1,0
/it/3/library/fileinput.html,1,1,0
/it/3/library/stdtypes.html,1,2,0
/it/3/library/struct.html,1,1,0
/it/3/library/tkinter.colorchooser.html,1,1,0
/it/3/tutorial/errors.html,1,1,0
/it/3/tutorial/stdlib.html,1,1,0
/it/3/whatsnew/3.12.html,1,1,0
