name,visitors
Mazovia,53
Greater Poland,24
Lower Silesia,20
Lesser Poland,19
Silesia,18
Łódź,11
Pomerania,10
Kuyavia-Pomerania,8
Subcarpathia,4
West Pomerania,4
Podlachia,3
Luanda,2
Lower Austria,2
Amazonas,2
Ceará,2
Berlin,2
Schleswig-Holstein,2
Tamil Nadu,2
Lublin,2
Lubusz,2
Kyiv,2
Buenos Aires Province,1
Alberta,1
Zhejiang,1
Saxony-Anhalt,1
Northern Denmark,1
England,1
Wong Tai Sin Kowloon,1
Hormozgan,1
Tokyo,1
Aichi,1
Pavlodar,1
Opole,1
Moscow,1
Sakha,1
Taipei,1
Crimea,1
Cherkashchyna,1
Chernihivshchyna,1
Khánh Hòa,1
