name,visitors
Istanbul,35
Hebei,28
Izmir,9
Baku,7
Guangdong,4
Jiangsu,4
Diyarbakır,4
Fujian,3
Liaoning,3
Ankara,3
Kayseri,3
Yevlakh District,2
Beijing,2
Henan,2
Sichuan,2
Nicosia,2
Baden-Württemberg,2
Hesse,2
North Rhine-Westphalia,2
Khyber Pakhtunkhwa,2
Samara,2
Adana,2
Antalya,2
Sakarya,2
Samsun,2
Dnipropetrovshchyna,2
Anhui,1
Gansu,1
Hunan,1
Shandong,1
Shanghai,1
Shanxi,1
Bavaria,1
Chișinău,1
NO-07,1
Khanty-Mansi,1
Volgograd,1
Malatya,1
Manisa,1
Tekirdağ,1
Trabzon,1
Sumshchyna,1
Maryland,1
Utah,1
Virginia,1
Tashkent,1
