name,version,visitors
Chrome,142.0,2586
Microsoft Edge,142.0,1088
Mobile App,(not set),198
Firefox,145.0,191
Safari,18.6,148
Safari,26.1,115
Chrome,141.0,74
Chrome,140.0,62
Chrome,126.0,59
Microsoft Edge,141.0,44
Firefox,140.0,34
Chrome,138.0,30
Chrome,143.0,24
Safari,18.7,24
Microsoft Edge,140.0,23
Safari,18.5,20
Safari,26.0,20
Chrome,139.0,18
Huawei Browser Mobile,16.0,18
Mobile App,97.0,17
Chrome,122.0,14
Chrome,135.0,14
Microsoft Edge,139.0,13
Safari,16.6,12
Brave,(not set),11
Chrome,132.0,11
UC Browser,18.2,11
Firefox,146.0,10
Chrome,131.0,9
Chrome,136.0,9
Chrome,137.0,9
Firefox,144.0,9
Safari,17.6,9
Safari,15.6,7
Safari,17.14,7
Opera,124.0,6
Microsoft Edge,138.0,6
Safari,18.3,6
Chrome,111.0,5
Chrome,125.0,5
Microsoft Edge,143.0,5
MIUI Browser,20.7,5
vivo Browser,27.1,5
Firefox,5.0,5
Chrome,83.0,5
360 Secure Browser,(not set),4
Firefox,115.0,4
Chrome,119.0,4
Microsoft Edge,137.0,4
Safari,18.2,4
Safari,26.2,4
Samsung Browser,29.0,4
QQ Browser,6.2,4
Chrome,106.0,3
Chrome,109.0,3
Chrome,117.0,3
Firefox,128.0,3
Chrome,133.0,3
Microsoft Edge,134.0,3
Firefox,136.0,3
Firefox,143.0,3
Safari,17.5,3
Safari,18.1,3
vivo Browser,23.6,3
(not set),(not set),2
Quark,10.0,2
Quark,10.1,2
Chrome,100.0,2
Microsoft Edge,100.0,2
Chrome,123.0,2
Microsoft Edge,126.0,2
Chrome,130.0,2
Microsoft Edge,130.0,2
Chrome,134.0,2
Microsoft Edge,135.0,2
Microsoft Edge,136.0,2
Chrome,144.0,2
Microsoft Edge,144.0,2
Firefox,145.1,2
Firefox,147.0,2
Safari,16.3,2
Safari,16.5,2
Safari,17.4,2
MIUI Browser,19.9,2
Sogou Explorer,2,2
Sleipnir,6.5,2
Chrome,69.0,2
Chrome,71.0,2
Chrome,80.0,2
Microsoft Edge,92.0,2
Quark,(not set),1
Mobile App,100.0,1
Mobile App,101.0,1
Microsoft Edge,103.0,1
Microsoft Edge,104.0,1
Microsoft Edge,105.0,1
Huawei Browser Mobile,11.1,1
Microsoft Edge,119.0,1
Safari,12.1,1
Chrome,121.0,1
Microsoft Edge,123.0,1
Chrome,128.0,1
QQ Browser,13.3,1
QQ Browser,13.6,1
Microsoft Edge,132.0,1
Firefox,134.0,1
Firefox,137.0,1
Mobile App,138.0,1
Firefox,142.0,1
Huawei Browser Mobile,15.0,1
Safari,16.1,1
UC Browser,16.5,1
Safari,17.1,1
Safari,18.4,1
QQ Browser,19.0,1
MIUI Browser,20.5,1
MIUI Browser,20.6,1
vivo Browser,21.3,1
vivo Browser,26.0,1
vivo Browser,26.5,1
Samsung Browser,29.1,1
Huawei Browser Mobile,5.1,1
Firefox,52.0,1
Firefox,68.0,1
Quark,7.15,1
Quark,7.16,1
Mobile App,70.0,1
Microsoft Edge,84.0,1
Microsoft Edge,89.0,1
Firefox,91.0,1
Chrome,94.0,1
