name,visitors,pageviews,bounce_rate,time_on_page,scroll_depth
/ja/3/library/index.html,260,345,50,51,52
/ja/3/tutorial/,237,310,53,46,64
/ja/3/library/functions.html,224,234,78,56,43
/ja/3/library/stdtypes.html,179,194,76,79,35
/ja/3/,176,227,54,29,75
/ja/3/library/re.html,167,183,84,153,41
/ja/3/search.html,128,213,24,21,53
/ja/3/library/codecs.html,125,145,88,6,11
/ja/3/tutorial/index.html,113,141,61,37,65
/ja/3/tutorial/introduction.html,107,110,70,188,49
/ja/3/tutorial/interpreter.html,105,100,70,62,78
/ja/3/tutorial/datastructures.html,98,100,76,147,46
/ja/3/tutorial/appetite.html,94,86,30,79,87
/ja/3.13/library/datetime.html,92,101,80,68,28
/ja/3/tutorial/controlflow.html,90,100,82,123,44
/ja/3.13/library/logging.html,83,87,77,43,35
/ja/3/reference/introduction.html,83,85,95,10,41
/ja/3/library/random.html,77,86,82,44,35
/ja/3/library/pathlib.html,76,75,89,76,42
/ja/3/library/venv.html,67,67,95,32,24
/ja/3.13/tutorial/index.html,65,75,64,28,56
/ja/3.14/,65,77,37,12,76
/ja/3.13/library/re.html,59,63,80,81,37
/ja/3/reference/index.html,57,83,31,34,80
/ja/3/tutorial/classes.html,57,50,84,77,45
/ja/3.13/library/stdtypes.html,56,47,67,27,36
/ja/3/library/exceptions.html,55,62,76,57,44
/ja/3/library/typing.html,55,72,74,33,33
/ja/3/library/subprocess.html,54,54,85,89,24
/ja/3/library/csv.html,53,60,86,66,41
/ja/3/tutorial/errors.html,51,48,71,48,48
/ja/3/library/datetime.html,49,55,82,61,52
/ja/3/library/math.html,49,46,81,71,45
/ja/3/library/json.html,48,44,86,64,43
/ja/3/tutorial/modules.html,47,47,83,101,55
/ja/3/library/argparse.html,46,47,77,53,32
/ja/3.14/search.html,45,76,38,17,64
/ja/3/index.html,44,58,52,10,76
/ja/3/library/os.html,44,43,76,25,37
/ja/3.14/tutorial/index.html,40,74,50,47,57
/ja/3/glossary.html,40,38,60,64,43
/ja/3/library/itertools.html,40,42,89,105,39
/ja/3/reference/compound_stmts.html,40,34,90,34,45
/ja/3.13/library/enum.html,39,44,74,39,27
/ja/3.13/library/functions.html,39,39,68,64,46
/ja/3.13/library/index.html,38,37,53,19,54
/ja/3.13/library/subprocess.html,36,34,92,130,29
/ja/3/library/tkinter.html,36,42,79,86,26
/ja/3/library/xml.etree.elementtree.html,36,45,80,90,41
/ja/3/contents.html,34,29,25,25,13
/ja/3/bugs.html,33,32,86,13,57
/ja/3/library/enum.html,33,33,87,56,31
/ja/3/library/sqlite3.html,32,35,91,60,30
/ja/3/py-modindex.html,31,35,29,23,39
/ja/3.13/library/concurrent.futures.html,30,33,77,79,49
/ja/3.13/library/dataclasses.html,30,30,88,34,41
/ja/3.13/tutorial/controlflow.html,30,33,76,47,46
/ja/3/howto/sorting.html,30,35,85,42,37
/ja/3/library/logging.html,30,32,84,49,43
/ja/3/library/socket.html,30,35,71,33,49
/ja/3/library/string.html,30,29,88,24,32
/ja/3/library/time.html,30,28,96,32,49
/ja/3/tutorial/inputoutput.html,29,26,60,114,55
/ja/3.14/library/stdtypes.html,28,29,62,92,33
/ja/3/installing/index.html,28,31,78,70,59
/ja/3/library/configparser.html,28,29,70,39,22
/ja/3/library/multiprocessing.html,28,28,81,99,14
/ja/3/reference/lexical_analysis.html,28,27,91,51,60
/ja/3/library/os.path.html,26,28,88,20,37
/ja/3.13/,25,29,59,9,76
/ja/3.13/search.html,25,25,100,27,55
/ja/3/reference/datamodel.html,25,27,78,29,45
/ja/3.13/tutorial/interpreter.html,24,25,92,65,69
/ja/3.13/whatsnew/index.html,24,29,53,8,16
/ja/3.14/library/index.html,24,26,25,34,40
/ja/3/howto/logging-cookbook.html,24,25,78,177,41
/ja/3/library/unittest.html,24,30,77,109,31
/ja/3.13/library/logging.handlers.html,23,20,58,32,34
/ja/3.13/library/threading.html,23,21,82,51,32
/ja/3.14/tutorial/interpreter.html,23,23,100,90,79
/ja/3/library/,23,23,85,12,24
/ja/3/using/cmdline.html,23,20,93,11,24
/ja/3.13/howto/sorting.html,22,26,68,133,41
/ja/3.13/tutorial/inputoutput.html,22,23,62,133,50
/ja/3/library/asyncio-task.html,22,19,87,29,29
/ja/3/library/asyncio.html,22,22,84,20,69
/ja/3/library/urllib.request.html,22,21,94,18,30
/ja/3/tutorial/stdlib.html,22,19,62,390,65
/ja/3/using/windows.html,22,23,67,16,13
/ja/3.13/library/argparse.html,21,23,81,60,25
/ja/3.13/library/multiprocessing.html,21,23,76,61,15
/ja/3.13/library/os.html,21,17,83,80,29
/ja/3/library/unittest.mock.html,21,20,78,57,24
/ja/3.12/search.html,20,26,67,27,60
/ja/3.13/library/pathlib.html,20,17,81,71,43
/ja/3.14/tutorial/controlflow.html,20,28,67,418,54
/ja/3/library/functools.html,20,25,88,23,31
/ja/3.13/library/csv.html,19,18,100,18,35
/ja/3.13/library/queue.html,19,19,67,157,61
/ja/3.13/whatsnew/3.13.html,19,23,78,46,24
