name,unique_entrances,total_entrances,visit_duration
/it/3.13/tutorial/index.html,19,20,22
/3/,13,13,118
/it/3.13/tutorial/controlflow.html,5,5,34
/3.13/tutorial/index.html,4,4,704
/it/3.13/search.html,4,4,800
/it/3.13/tutorial/introduction.html,4,7,0
/it/3/tutorial/index.html,4,4,215
/it/3.12/search.html,3,4,427
/it/3.13/tutorial/appetite.html,3,3,465
/it/3.13/tutorial/inputoutput.html,3,3,0
/it/3.13/tutorial/modules.html,3,3,136
/it/3/,3,3,68
/3.13/tutorial/,2,2,43
/3.13/using/windows.html,2,2,102
/3/library/sys.html,2,2,6
/3/library/tkinter.html,2,2,360
/3/tutorial/controlflow.html,2,2,120
/3/tutorial/index.html,2,2,600
/dev/using/windows.html,2,2,501
/it/3.12/reference/expressions.html,2,2,166
/it/3.13/,2,2,426
/it/3.13/index.html,2,2,0
/it/3.13/library/index.html,2,3,647
/it/3.13/library/string.html,2,2,602
/it/3.13/tutorial/classes.html,2,2,1194
/it/3.13/tutorial/datastructures.html,2,2,17
/it/3.15/library/functions.html,2,2,0
/it/3/tutorial/classes.html,2,2,0
/it/3/tutorial/datastructures.html,2,2,0
/it/3/tutorial/venv.html,2,2,0
/3.12/tutorial/index.html,1,1,23174
/3.13/py-modindex.html,1,1,14468
/3.13/tutorial/appetite.html,1,1,0
/3/contents.html,1,1,111
/3/faq/general.html,1,1,775
/3/howto/sorting.html,1,1,191
/3/library/concurrent.futures.html,1,1,154
/3/library/fractions.html,1,1,2426
/3/library/idle.html,1,1,110
/3/library/json.html,1,1,1820
/3/library/pathlib.html,1,1,38
/3/library/python.html,1,1,18914
/3/library/re.html,1,1,5
/3/library/tk.html,1,1,306
/3/tutorial/,1,1,32
/3/tutorial/introduction.html,1,1,132
/es/3.13/tutorial/datastructures.html,1,2,605
/fr/3/tutorial/,1,1,291
/fr/3/tutorial/interpreter.html,1,1,287
/it/3.12/,1,1,0
/it/3.12/library/stdtypes.html,1,1,0
/it/3.12/whatsnew/3.8.html,1,1,0
/it/3.13/contents.html,1,1,61
/it/3.13/howto/sorting.html,1,1,165
/it/3.13/library/heapq.html,1,1,0
/it/3.13/library/intro.html,1,2,900
/it/3.13/library/json.html,1,1,0
/it/3.13/library/stdtypes.html,1,1,0
/it/3.13/reference/index.html,1,1,0
/it/3.13/tutorial/appendix.html,1,1,0
/it/3.13/tutorial/interpreter.html,1,1,0
/it/3.13/tutorial/venv.html,1,1,0
/it/3.13/using/index.html,1,1,32
/it/3/c-api/index.html,1,1,1
/it/3/c-api/veryhigh.html,1,1,7
/it/3/library/decimal.html,1,1,305
/it/3/library/functools.html,1,1,0
/it/3/library/stdtypes.html,1,1,900
/it/3/library/tkinter.font.html,1,1,0
/it/3/tutorial/,1,1,0
/it/3/tutorial/appetite.html,1,1,19
/it/3/tutorial/controlflow.html,1,1,0
/it/3/tutorial/floatingpoint.html,1,1,0
/zh-tw/3.13/library/functions.html,1,1,1012
