property,value,visitors,events,percentage
url,(none),148556,259882,99.8
url,https://www.python.org/,1103,1186,0.7
url,https://github.com/python/cpython/tree/3.14/Lib/idlelib/,369,440,0.2
url,https://www.python.org/downloads/,268,280,0.2
url,https://wiki.python.org/moin/BeginnersGuide,110,116,0.1
url,https://tkdocs.com/,108,114,0.1
url,https://docs.python.org/3/archives/python-3.14-docs-html.zip,98,107,0.1
url,https://apps.microsoft.com/detail/9NQ7512CXL7T,87,90,0.1
url,https://mypy.readthedocs.io/en/stable/cheat_sheet_py3.html,70,72,0.0
url,https://github.com/python/cpython/tree/3.14/Lib/idlelib,68,77,0.0
url,https://pypi.org/,67,71,0.0
url,https://www.tkdocs.com/shipman/,62,64,0.0
url,https://github.com/python/cpython/tree/3.14/Lib/tkinter/__init__.py,61,72,0.0
url,https://www.tcl.tk/man/tcl8.6/TkCmd/contents.htm,58,64,0.0
url,https://docs.python.org/3/archives/python-3.14-docs-text.zip,57,59,0.0
url,https://www.python.org/downloads/macos/,39,40,0.0
url,https://www.python.org/doc/versions/,37,43,0.0
url,https://github.com/python/cpython/tree/3.14/Lib/turtle.py,36,53,0.0
url,https://devguide.python.org/,35,35,0.0
url,https://docs.python.org/3/archives/python-3.14-docs.epub,34,38,0.0
url,https://github.com/python/cpython/tree/3.14/Lib/random.py,31,33,0.0
url,https://packaging.python.org/guides/installing-using-pip-and-virtual-environments/#create-and-use-virtual-environments,31,31,0.0
url,https://packaging.python.org/en/latest/tutorials/packaging-projects/,30,30,0.0
url,https://github.com/python/cpython/tree/3.14/Lib/datetime.py,25,27,0.0
url,https://peps.python.org/pep-0649/,24,24,0.0
url,https://github.com/python/cpython/tree/3.14/Lib/sqlite3/,23,26,0.0
url,https://www.sqlite.org/,23,26,0.0
url,https://peps.python.org/,22,22,0.0
url,https://packaging.python.org/,21,22,0.0
url,https://peps.python.org/pep-0745/,21,23,0.0
url,https://wiki.python.org/moin/PythonBooks,21,22,0.0
url,https://devguide.python.org/documentation/start-documenting/#building-the-documentation,20,22,0.0
url,https://docs.python.org/3/archives/python-3.14-docs-texinfo.zip,20,21,0.0
url,https://briefcase.readthedocs.io/,18,19,0.0
url,https://github.com/python/cpython/tree/3.14/Lib/venv/,18,20,0.0
url,https://docs.python.org/zh-cn/3/archives/python-3.14-docs-html.zip,17,18,0.0
url,https://peps.python.org/pep-0779/,17,17,0.0
url,https://www.tcl.tk/,17,17,0.0
url,https://peps.python.org/pep-0636/,16,16,0.0
url,https://dateutil.readthedocs.io/en/stable/,15,16,0.0
url,https://github.com/python/cpython/tree/3.14/Lib/pathlib/,15,15,0.0
url,https://packaging.python.org/en/latest/tutorials/installing-packages/#ensure-pip-setuptools-and-wheel-are-up-to-date,15,15,0.0
url,https://termux.dev/en/,15,16,0.0
url,https://www.packtpub.com/en-us/product/python-gui-programming-with-tkinter-9781788835886,15,27,0.0
url,https://github.com/python/cpython/tree/3.14/Lib/ensurepip,14,15,0.0
url,https://peps.python.org/pep-0008/,14,14,0.0
url,https://peps.python.org/pep-0749/,14,14,0.0
url,https://docs.python.org/3/archives/python-3.14-docs-html.tar.bz2,13,15,0.0
url,https://github.com/python/cpython/tree/3.14/Lib/re/,13,13,0.0
url,https://requests.readthedocs.io/en/master/,13,13,0.0
url,https://tiswww.case.edu/php/chet/readline/rltop.html,13,13,0.0
url,https://peps.python.org/pep-0557/,12,12,0.0
url,https://pypi.org/project/telnetlib3/,12,13,0.0
url,https://www.debian.org/doc/manuals/maint-guide/first.en.html,12,12,0.0
url,https://discuss.python.org/t/84319/123,11,11,0.0
url,https://en.wikipedia.org/wiki/Turtle_(robot),11,12,0.0
url,https://toml.io/en/,11,11,0.0
url,https://typing.python.org/en/latest/spec/index.html,11,12,0.0
url,https://en.wikipedia.org/wiki/Thread_(computing),10,10,0.0
url,https://github.com/anordin95/a-conceptual-overview-of-asyncio/tree/main,10,10,0.0
url,https://github.com/python/cpython/tree/3.14/Lib/argparse.py,10,10,0.0
url,https://github.com/python/cpython/tree/3.14/Lib/asyncio/,10,10,0.0
url,https://github.com/python/cpython/tree/3.14/Lib/heapq.py,10,10,0.0
url,https://github.com/python/cpython/tree/3.14/Lib/socket.py,10,10,0.0
url,https://peps.python.org/pep-0703/,10,10,0.0
url,https://peps.python.org/pep-0734/,10,11,0.0
url,https://www.python.org/doc/av/,10,10,0.0
url,https://docs.pytest.org/,9,9,0.0
url,https://en.wikipedia.org/wiki/Cursor_(databases),9,9,0.0
url,https://en.wikipedia.org/wiki/Memoization,9,9,0.0
url,https://github.com/python/cpython/tree/3.14/Lib/enum.py,9,10,0.0
url,https://github.com/python/cpython/tree/3.14/Lib/http/server.py,9,12,0.0
url,https://github.com/python/cpython/tree/3.14/Lib/json/__init__.py,9,9,0.0
url,https://github.com/python/cpython/tree/3.14/Lib/logging/__init__.py,9,10,0.0
url,https://github.com/python/cpython/tree/3.14/Lib/string/__init__.py,9,9,0.0
url,https://github.com/python/cpython/tree/3.14/Lib/urllib/,9,9,0.0
url,https://manpages.debian.org/recv(2),9,12,0.0
url,https://opensource.org/,9,9,0.0
url,https://packaging.python.org/installing/,9,10,0.0
url,https://packaging.python.org/installing/#requirements-for-installing-packages,9,9,0.0
url,https://packaging.python.org/science/,9,9,0.0
url,https://peps.python.org/pep-0434/,9,10,0.0
url,https://peps.python.org/pep-0526/,9,9,0.0
url,https://peps.python.org/pep-0632/#migration-advice,9,9,0.0
url,https://www.sphinx-doc.org/,9,11,0.0
url,https://www.unicode.org/reports/tr44/tr44-34.html#General_Category_Values,9,9,0.0
url,https://docs.python.org/3/archives/python-3.14-docs-text.tar.bz2,8,11,0.0
url,https://github.com/python/cpython/blob/main/Doc/tutorial/index.rst?plain=1,8,8,0.0
url,https://github.com/python/cpython/tree/3.14/Lib/inspect.py,8,8,0.0
url,https://github.com/python/cpython/tree/3.14/Lib/os.py,8,9,0.0
url,https://github.com/python/cpython/tree/3.14/Lib/typing.py,8,8,0.0
url,https://numpy.org/,8,8,0.0
url,https://packaging.python.org/installing/#creating-virtual-environments,8,8,0.0
url,https://peps.python.org/pep-0302/,8,8,0.0
url,https://peps.python.org/pep-0572/,8,9,0.0
url,https://peps.python.org/pep-3119/,8,8,0.0
url,https://pypi.org/project/legacy-cgi/,8,8,0.0
url,https://requests.readthedocs.io/en/latest/,8,8,0.0
url,https://typing.python.org/en/latest/,8,9,0.0
url,https://wiki.python.org/moin/PythonEditors,8,9,0.0
url,https://www.python.org/psf/donations/,8,8,0.0
url,https://www.w3schools.com/sql/,8,8,0.0
url,https://www.zlib.net/,8,8,0.0
url,https://datatracker.ietf.org/doc/html/rfc9562.html,7,7,0.0
url,https://docs.python.org/3/archives/python-3.14-docs-texinfo.tar.bz2,7,8,0.0
url,https://docs.python.org/zh-cn/3/archives/python-3.14-docs-text.zip,7,7,0.0
url,https://en.wikipedia.org/wiki/Walrus#/media/File:Pacific_Walrus_-_Bull_(8247646168).jpg,7,7,0.0
url,https://github.com/python/cpython/blob/main/Doc/contents.rst?plain=1,7,7,0.0
url,https://github.com/python/cpython/tree/3.14/Lib/csv.py,7,7,0.0
url,https://github.com/python/cpython/tree/3.14/Lib/dataclasses.py,7,7,0.0
url,https://github.com/python/cpython/tree/3.14/Lib/functools.py,7,8,0.0
url,https://github.com/python/cpython/tree/3.14/Lib/tomllib,7,7,0.0
url,https://peps.python.org/pep-0343/,7,7,0.0
url,https://peps.python.org/pep-0420/,7,7,0.0
url,https://peps.python.org/pep-0594/,7,7,0.0
url,https://tkdocs.com/book.html,7,7,0.0
url,https://wiki.python.org/moin/GuiProgramming,7,7,0.0
url,https://www.youtube.com/watch?v=Xbl7XjFYsN4&list=PLhNSoGM2ik6SIkVGXWBwerucXjgP1rHmB,7,7,0.0
url,https://chaquo.com/chaquopy,6,6,0.0
url,https://datatracker.ietf.org/doc/html/rfc9562.html#section-5.4,6,6,0.0
url,https://devguide.python.org/documentation/help-documenting/,6,8,0.0
url,https://github.com/python/cpython/blob/main/Doc/library/functions.rst?plain=1,6,6,0.0
url,https://github.com/python/cpython/tree/3.14/Android/README.md,6,6,0.0
url,https://github.com/python/cpython/tree/3.14/Lib/contextlib.py,6,6,0.0
url,https://github.com/python/cpython/tree/3.14/Lib/difflib.py,6,6,0.0
url,https://github.com/python/cpython/tree/3.14/Lib/subprocess.py,6,6,0.0
url,https://github.com/python/cpython/tree/3.14/Lib/tkinter/simpledialog.py,6,6,0.0
url,https://github.com/python/cpython/tree/3.14/Lib/zipfile/,6,7,0.0
url,https://learning-python.com/about-pp4e.html,6,6,0.0
url,https://peps.python.org/pep-0249/,6,6,0.0
url,https://peps.python.org/pep-0387/,6,6,0.0
url,https://peps.python.org/pep-0484/,6,6,0.0
url,https://peps.python.org/pep-0498/,6,6,0.0
url,https://peps.python.org/pep-0567/,6,6,0.0
url,https://peps.python.org/pep-0585/,6,6,0.0
url,https://peps.python.org/pep-3107/,6,6,0.0
url,https://pypi.org/project/DateType/,6,6,0.0
url,https://pypi.org/project/pip/,6,6,0.0
url,https://pypi.org/project/regex/,6,6,0.0
url,https://setuptools.pypa.io/en/latest/setuptools.html,6,6,0.0
url,https://www.python.org/downloads/android/,6,8,0.0
url,https://www.riverbankcomputing.com/static/Docs/pyqtdeploy/,6,6,0.0
url,https://www.tkdocs.com/,6,6,0.0
url,https://www.unicode.org/versions/Unicode16.0.0/core-spec/chapter-4/#G91002,6,6,0.0
url,https://aosabook.org/en/500L/a-web-crawler-with-asyncio-coroutines.html,5,5,0.0
url,https://datatracker.ietf.org/doc/html/rfc4180.html,5,5,0.0
url,https://datatracker.ietf.org/doc/html/rfc4648.html,5,5,0.0
url,https://datatracker.ietf.org/doc/html/rfc9562.html#section-5.7,5,5,0.0
url,https://discuss.python.org/t/37075,5,5,0.0
url,https://en.wikipedia.org/wiki/Cartesian_product,5,5,0.0
url,https://en.wikipedia.org/wiki/Database_transaction,5,5,0.0
url,https://en.wikipedia.org/wiki/Fibonacci_sequence,5,5,0.0
url,https://github.com/python/cpython/tree/3.14/Lib/_collections_abc.py,5,5,0.0
url,https://github.com/python/cpython/tree/3.14/Lib/curses,5,5,0.0
url,https://github.com/python/cpython/tree/3.14/Lib/logging/handlers.py,5,5,0.0
url,https://github.com/python/cpython/tree/3.14/Lib/multiprocessing/,5,5,0.0
url,https://github.com/python/cpython/tree/3.14/Lib/unittest/__init__.py,5,5,0.0
url,https://github.com/python/cpython/tree/3.14/Lib/webbrowser.py,5,6,0.0
url,https://github.com/python/cpython/tree/3.14/Lib/xml/etree/ElementTree.py,5,5,0.0
url,https://peps.python.org/pep-0305/,5,6,0.0
url,https://peps.python.org/pep-0405/,5,5,0.0
url,https://peps.python.org/pep-0428/,5,6,0.0
url,https://pypi.org/project/tomlkit/,5,6,0.0
url,https://wiki.tcl-lang.org/37432,5,5,0.0
url,https://www.anaconda.com/download/,5,5,0.0
url,https://www.unicode.org/versions/Unicode16.0.0/core-spec/chapter-3/#G33992,5,5,0.0
url,https://buildozer.readthedocs.io/,4,4,0.0
url,https://datatracker.ietf.org/doc/html/rfc821.html,4,5,0.0
url,https://datatracker.ietf.org/doc/html/rfc9110.html,4,4,0.0
url,https://en.wikipedia.org/wiki/Timsort,4,4,0.0
url,https://en.wikipedia.org/wiki/Universal_binary,4,4,0.0
url,https://github.com/python/cpython/blob/main/Doc/tutorial/appetite.rst?plain=1,4,4,0.0
url,https://github.com/python/cpython/tree/3.14/Android/testbed,4,4,0.0
url,https://github.com/python/cpython/tree/3.14/Grammar/python.gram,4,4,0.0
url,https://github.com/python/cpython/tree/3.14/Lib/base64.py,4,4,0.0
url,https://github.com/python/cpython/tree/3.14/Lib/collections/__init__.py,4,4,0.0
url,https://github.com/python/cpython/tree/3.14/Lib/compression/zstd/__init__.py,4,4,0.0
url,https://github.com/python/cpython/tree/3.14/Lib/concurrent/futures/thread.py,4,4,0.0
url,https://github.com/python/cpython/tree/3.14/Lib/copy.py,4,5,0.0
url,https://github.com/python/cpython/tree/3.14/Lib/http/client.py,4,5,0.0
url,https://github.com/python/cpython/tree/3.14/Lib/tkinter/ttk.py,4,4,0.0
url,https://github.com/python/cpython/tree/3.14/Lib/urllib/parse.py,4,4,0.0
url,https://github.com/python/cpython/tree/3.14/Lib/wave.py,4,4,0.0
url,https://manpages.debian.org/alarm(2),4,4,0.0
url,https://packaging.python.org/extensions/,4,4,0.0
url,https://peps.python.org/pep-0485/,4,4,0.0
url,https://peps.python.org/pep-0492/,4,4,0.0
url,https://peps.python.org/pep-0563/,4,4,0.0
url,https://peps.python.org/pep-0634/,4,4,0.0
url,https://peps.python.org/pep-0765/,4,4,0.0
url,https://pkware.cachefly.net/webdocs/casestudies/APPNOTE.TXT,4,4,0.0
url,https://py-free-threading.github.io/installing-cpython/,4,4,0.0
url,https://scipy.org/,4,5,0.0
url,https://www.cnri.reston.va.us/,4,4,0.0
url,https://www.python.org/psf/,4,4,0.0
url,https://www.sqlite.org/flextypegood.html,4,4,0.0
url,https://www.unicode.org/,4,4,0.0
url,https://www.w3.org/TR/xpath,4,4,0.0
url,http://www.math.sci.hiroshima-u.ac.jp/~m-mat/MT/MT2002/emt19937ar.html,3,3,0.0
url,https://brew.sh/,3,3,0.0
url,https://core.tcl.tk/tips/doc/trunk/tip/48.md,3,3,0.0
url,https://datatracker.ietf.org/doc/html/rfc7914.html,3,3,0.0
url,https://docs.python.org/zh-cn/3/archives/python-3.14-docs.epub,3,3,0.0
url,https://en.wikipedia.org/wiki/Error_function,3,3,0.0
url,https://github.com/python/cpython/blob/main/Doc/bugs.rst?plain=1,3,3,0.0
url,https://github.com/python/cpython/issues,3,5,0.0
url,https://github.com/python/cpython/issues/128067,3,3,0.0
url,https://github.com/python/cpython/issues/84559,3,3,0.0
url,https://github.com/python/cpython/issues?q=is%3Aissue+is%3Aopen+label%3Adocs,3,5,0.0
url,https://github.com/python/cpython/tree/3.14/Lib/ast.py,3,3,0.0
url,https://github.com/python/cpython/tree/3.14/Lib/asyncio/coroutines.py,3,3,0.0
url,https://github.com/python/cpython/tree/3.14/Lib/calendar.py,3,3,0.0
url,https://github.com/python/cpython/tree/3.14/Lib/getpass.py,3,3,0.0
url,https://github.com/python/cpython/tree/3.14/Lib/graphlib.py,3,3,0.0
url,https://github.com/python/cpython/tree/3.14/Lib/io.py,3,4,0.0
url,https://github.com/python/cpython/tree/3.14/Lib/ipaddress.py,3,3,0.0
url,https://github.com/python/cpython/tree/3.14/Lib/operator.py,3,3,0.0
url,https://github.com/python/cpython/tree/3.14/Lib/pickle.py,3,3,0.0
url,https://github.com/python/cpython/tree/3.14/Lib/secrets.py,3,3,0.0
url,https://github.com/python/cpython/tree/3.14/Lib/shutil.py,3,3,0.0
url,https://github.com/python/cpython/tree/3.14/Lib/smtplib.py,3,3,0.0
url,https://github.com/python/cpython/tree/3.14/Lib/statistics.py,3,3,0.0
url,https://github.com/python/cpython/tree/3.14/Lib/struct.py,3,3,0.0
url,https://github.com/python/cpython/tree/3.14/Lib/tempfile.py,3,3,0.0
url,https://github.com/python/cpython/tree/3.14/Lib/tkinter/messagebox.py,3,3,0.0
url,https://github.com/python/cpython/tree/3.14/Lib/tkinter/scrolledtext.py,3,3,0.0
url,https://github.com/python/cpython/tree/3.14/Lib/traceback.py,3,3,0.0
url,https://github.com/python/cpython/tree/3.14/Lib/types.py,3,4,0.0
url,https://go.microsoft.com/fwlink/?LinkID=135170,3,4,0.0
url,https://grantjenks.com/docs/sortedcollections/,3,3,0.0
url,https://manpages.debian.org/fcntl(2),3,3,0.0
url,https://mypy.readthedocs.io/en/stable/index.html,3,3,0.0
url,https://peps.python.org/pep-0007/,3,3,0.0
url,https://peps.python.org/pep-0308/,3,3,0.0
url,https://peps.python.org/pep-0324/,3,3,0.0
url,https://peps.python.org/pep-0383/,3,4,0.0
url,https://peps.python.org/pep-0565/,3,3,0.0
url,https://peps.python.org/pep-0615/,3,3,0.0
url,https://peps.python.org/pep-0647/,3,3,0.0
url,https://peps.python.org/pep-0695/,3,3,0.0
url,https://peps.python.org/pep-0696/,3,3,0.0
url,https://peps.python.org/pep-0750/,3,3,0.0
url,https://peps.python.org/pep-3104/,3,3,0.0
url,https://py-free-threading.github.io/tracking/,3,4,0.0
url,https://pypi.org/project/tzdata/,3,3,0.0
url,https://pypy.org/,3,3,0.0
url,https://sqlite.org/,3,3,0.0
url,https://support.apple.com/en-us/102445,3,3,0.0
url,https://udrepper.livejournal.com/20407.html,3,3,0.0
url,https://wasi.dev/,3,3,0.0
url,https://webassembly.org/,3,3,0.0
url,https://wiki.python.org/moin/PythonTestingToolsTaxonomy,3,3,0.0
url,https://www.jython.org/,3,3,0.0
url,https://www.python.org/about/success,3,3,0.0
url,https://www.sqlite.org/schematab.html,3,4,0.0
url,https://www.unicode.org/Public/16.0.0/ucd/NameAliases.txt,3,3,0.0
url,https://www.unicode.org/reports/tr44/,3,3,0.0
url,https://xkcd.com/936/,3,3,0.0
url,http://www.java2s.com/Tutorial/Cpp/0380__set-multiset/Catalog0380__set-multiset.htm,2,2,0.0
url,https://agileabstractions.com/,2,2,0.0
url,https://bugs.python.org/issue?@action=redirect&bpo=12782,2,2,0.0
url,https://bugs.python.org/issue?@action=redirect&bpo=27456,2,3,0.0
url,https://cibuildwheel.pypa.io/en/stable/platforms/#android,2,2,0.0
url,https://code.activestate.com/recipes/576642-persistent-dict-with-multiple-standard-file-format/,2,2,0.0
url,https://code.activestate.com/recipes/579000-equally-spaced-numbers-linspace/,2,2,0.0
url,https://code.activestate.com/recipes/langs/python/,2,2,0.0
url,https://cwe.mitre.org/data/definitions/257.html,2,2,0.0
url,https://cython.org/,2,2,0.0
url,https://datatracker.ietf.org/doc/html/rfc2396.html,2,2,0.0
url,https://datatracker.ietf.org/doc/html/rfc2616.html,2,2,0.0
url,https://datatracker.ietf.org/doc/html/rfc3659.html,2,2,0.0
url,https://datatracker.ietf.org/doc/html/rfc5280.html,2,2,0.0
url,https://datatracker.ietf.org/doc/html/rfc9562.html#section-5.8,2,3,0.0
url,https://devguide.python.org/documentation/translating/,2,2,0.0
url,https://docs.fedoraproject.org/en-US/package-maintainers/Packaging_Tutorial_GNU_Hello/,2,2,0.0
url,https://emscripten.org/,2,2,0.0
url,https://en.wikipedia.org/wiki/Arity,2,2,0.0
url,https://en.wikipedia.org/wiki/Billion_laughs,2,2,0.0
url,https://en.wikipedia.org/wiki/Cryptographic_hash_function#Attacks_on_cryptographic_hash_algorithms,2,2,0.0
url,https://en.wikipedia.org/wiki/Extended_Backus%E2%80%93Naur_form,2,2,0.0
url,https://en.wikipedia.org/wiki/Gamma_function,2,2,0.0
url,https://en.wikipedia.org/wiki/Greenwich_Mean_Time,2,2,0.0
url,https://en.wikipedia.org/wiki/Heapsort,2,2,0.0
url,https://en.wikipedia.org/wiki/Leap_second,2,2,0.0
url,https://en.wikipedia.org/wiki/Priority_queue,2,2,0.0
url,https://en.wikipedia.org/wiki/SQL_injection,2,2,0.0
url,https://en.wikipedia.org/wiki/Transpose,2,2,0.0
url,https://en.wikipedia.org/wiki/XML_namespace,2,2,0.0
url,https://github.com/Rogdham/pyzstd/,2,2,0.0
url,https://github.com/google/pytype,2,2,0.0
url,https://github.com/libexpat/libexpat,2,2,0.0
url,https://github.com/pypa,2,2,0.0
url,https://github.com/python/cpython/blob/3.14/InternalDocs/garbage_collector.md,2,2,0.0
url,https://github.com/python/cpython/blob/main/Doc/glossary.rst?plain=1,2,2,0.0
url,https://github.com/python/cpython/blob/main/Doc/library/ast.rst?plain=1,2,2,0.0
url,https://github.com/python/cpython/blob/main/Doc/library/asyncio.rst?plain=1,2,2,0.0
url,https://github.com/python/cpython/blob/main/Doc/library/dataclasses.rst?plain=1,2,2,0.0
url,https://github.com/python/cpython/blob/main/Doc/library/datetime.rst?plain=1,2,2,0.0
url,https://github.com/python/cpython/blob/main/Doc/library/importlib.metadata.rst?plain=1,2,2,0.0
url,https://github.com/python/cpython/blob/main/Doc/library/math.rst?plain=1,2,2,0.0
