name,unique_exits,total_exits,exit_rate
/3/,8222,8454,
/3/library/stdtypes.html,5409,5701,
/3/library/functions.html,5219,5458,
/3/library/venv.html,3884,3960,
/3/library/idle.html,3702,3798,
/3/tutorial/index.html,3615,3745,
/3/library/datetime.html,3613,3737,
/3/tutorial/datastructures.html,2799,2918,
/3/library/re.html,2268,2357,
/3/library/index.html,2143,2192,
/3/library/typing.html,2044,2082,
/3/tutorial/,2031,2187,
/3/search.html,2009,2074,
/3/library/random.html,1961,2030,
/3/library/pathlib.html,1924,2020,
/3/library/tkinter.html,1914,1986,
/3/library/turtle.html,1875,2010,
/3/using/windows.html,1839,1881,
/3/tutorial/controlflow.html,1837,1914,
/3/library/csv.html,1762,1825,
/3/library/logging.html,1688,1749,
/3/library/math.html,1609,1670,
/3/library/subprocess.html,1582,1637,
/3/library/argparse.html,1564,1630,
/3/library/dataclasses.html,1538,1576,
/3/tutorial/classes.html,1442,1503,
/3/library/os.html,1426,1469,
/3/tutorial/errors.html,1408,1448,
/3/library/exceptions.html,1378,1426,
/3/tutorial/introduction.html,1289,1363,
/3/library/collections.html,1259,1313,
/3/tutorial/inputoutput.html,1213,1245,
/3/library/string.html,1110,1130,
/3/library/json.html,1084,1105,
/3/library/time.html,1064,1087,
/3/library/multiprocessing.html,1043,1087,
/3/reference/datamodel.html,1026,1063,
/3/whatsnew/3.14.html,993,1021,
/3/library/itertools.html,989,1026,
/3/tutorial/interpreter.html,977,1012,
/3/library/threading.html,948,971,
/3/library/sqlite3.html,942,991,
/3/library/enum.html,895,910,
/3/library/asyncio-task.html,884,914,
/3/library/unittest.html,845,883,
/3/library/os.path.html,842,872,
/3/tutorial/modules.html,840,866,
/3/library/functools.html,806,824,
/3/glossary.html,803,829,
/3/tutorial/venv.html,788,808,
/3/library/unittest.mock.html,736,786,
/3/library/asyncio.html,718,739,
/3/library/concurrent.futures.html,665,694,
/3/library/heapq.html,651,672,
/3/library/socket.html,640,668,
/3/howto/sorting.html,610,624,
/3/library/xml.etree.elementtree.html,602,631,
/3/installing/index.html,588,596,
/3/library/struct.html,552,579,
/3/library/pickle.html,539,548,
/3/library/shutil.html,533,551,
/3/library/sys.html,533,548,
/3/py-modindex.html,518,534,
/3/tutorial/appetite.html,511,522,
/3/howto/logging.html,495,502,
/zh-cn/3/tutorial/index.html,483,504,
/3/library/io.html,477,485,
/es/3/tutorial/,471,497,
/3/reference/lexical_analysis.html,470,480,
/3/reference/expressions.html,464,477,
/3/reference/compound_stmts.html,461,465,
/3/library/tempfile.html,459,481,
/zh-cn/3/,454,466,
/dev/using/windows.html,448,443,
/3/reference/index.html,434,442,
/3/using/cmdline.html,405,412,
/3/library/pdb.html,404,414,
/3/library/hashlib.html,390,401,
/3/library/copy.html,381,387,
/3/library/abc.html,379,392,
/3/library/glob.html,375,379,
/3/license.html,368,372,
/3/reference/import.html,355,356,
/3/using/mac.html,345,347,
/3/howto/regex.html,340,347,
/3/library/zipfile.html,339,348,
/3/library/contextlib.html,337,347,
/3/library/uuid.html,328,332,
/3/library/urllib.parse.html,327,338,
/3/library/ast.html,317,328,
/3/library/queue.html,315,326,
/3/library/asyncio-eventloop.html,314,321,
/3/library/configparser.html,313,320,
/3/library/,306,326,
/3/library/http.server.html,302,311,
/3/library/pprint.html,296,297,
/3/howto/argparse.html,293,298,
/3/library/ctypes.html,284,300,
/3/library/decimal.html,283,289,
/ja/3/tutorial/,274,281,
