name,unique_entrances,total_entrances,visit_duration
/es/3/tutorial/,390,403,120
/es/3/library/tkinter.html,90,96,55
/3/,84,85,308
/es/3/tutorial/introduction.html,82,88,143
/es/3/tutorial/datastructures.html,79,87,60
/dev/using/windows.html,72,72,322
/es/3/tutorial/index.html,72,76,186
/es/3/library/index.html,65,66,89
/es/3/,55,59,95
/es/3/tutorial/venv.html,53,54,47
/es/3/tutorial/appetite.html,48,52,245
/es/3/tutorial/controlflow.html,47,52,171
/es/3.15/using/windows.html,41,42,73
/es/3/library/stdtypes.html,38,41,90
/es/3/tutorial/classes.html,38,38,314
/es/3.13/library/tkinter.html,35,37,41
/es/3/library/idle.html,32,32,12
/es/3.12/tutorial/index.html,31,33,35
/es/3.14/tutorial/index.html,31,34,191
/es/3/tutorial/interpreter.html,30,31,210
/es/3/library/functions.html,29,29,20
/es/3.13/library/functions.html,24,26,326
/es/3/tutorial/errors.html,24,24,137
/es/3.14/,23,23,99
/es/3/installing/index.html,23,23,48
/es/3.13/tutorial/index.html,22,24,228
/es/3/search.html,19,20,48
/es/3/tutorial/modules.html,18,18,109
/es/3/library/math.html,17,19,2
/es/3/library/re.html,17,17,6
/es/3.13/library/index.html,15,16,13
/es/3/library/argparse.html,15,17,19
/es/3/library/json.html,15,16,14
/es/3.14/library/functions.html,14,16,12
/es/3.14/tutorial/controlflow.html,14,16,362
/es/3/library/random.html,14,14,83
/3/library/index.html,13,13,366
/es/3.13/tutorial/datastructures.html,13,14,415
/es/3.14/search.html,13,13,127
/es/3/glossary.html,13,13,23
/es/3.13/library/re.html,12,12,0
/es/3.13/search.html,12,14,440
/es/3.13/tutorial/modules.html,12,12,118
/es/3.13/tutorial/venv.html,12,14,110
/es/3/library/datetime.html,12,12,32
/es/3/using/windows.html,12,12,0
/es/3/library/csv.html,11,11,5
/es/3.14/library/stdtypes.html,10,13,209
/es/3.14/tutorial/introduction.html,10,10,7
/es/3/howto/regex.html,10,10,22
/es/3/howto/sorting.html,10,10,3
/3/search.html,9,9,160
/es/3.13/tutorial/interpreter.html,9,9,12
/es/3.14/tutorial/datastructures.html,9,9,22
/es/3/library/string.html,9,10,0
/3/library/tkinter.html,8,8,295
/3/tutorial/,8,9,250
/es/3.13/library/datetime.html,8,8,263
/es/3.13/library/tk.html,8,8,61
/es/3.13/tutorial/controlflow.html,8,8,99
/es/3.14/library/tkinter.html,8,8,148
/es/3/library/pathlib.html,8,10,0
/es/3/library/sqlite3.html,8,8,206
/es/3/using/editors.html,8,8,315
/3.14/tutorial/index.html,7,7,221
/3/library/functions.html,7,7,849
/3/library/math.html,7,7,619
/3/tutorial/index.html,7,7,846
/es/3.12/tutorial/controlflow.html,7,8,0
/es/3.13/library/idle.html,7,7,0
/es/3.13/library/stdtypes.html,7,7,0
/es/3/library/collections.html,7,7,320
/es/3/library/smtplib.html,7,7,38
/es/3/library/venv.html,7,7,29
/es/3/tutorial/inputoutput.html,7,7,15
/3.14/,6,6,144
/3/library/random.html,6,6,149
/es/3.13/,6,7,479
/es/3.13/tutorial/introduction.html,6,6,4
/es/3.14/library/index.html,6,7,48
/es/3.14/library/random.html,6,7,0
/es/3.14/tutorial/interpreter.html,6,6,30
/es/3/library/statistics.html,6,6,0
/es/3/library/urllib.parse.html,6,6,5
/3/library/datetime.html,5,5,255
/3/library/turtle.html,5,5,322
/3/library/venv.html,5,5,63
/es/3.13/howto/logging.html,5,5,15
/es/3.13/installing/,5,8,0
/es/3.13/tutorial/appetite.html,5,5,0
/es/3.13/using/windows.html,5,5,17
/es/3.14/library/turtle.html,5,5,13
/es/3.14/tutorial/classes.html,5,5,313
/es/3.14/using/windows.html,5,6,495
/es/3/download.html,5,5,87
/es/3/library/asyncio-task.html,5,5,7
/es/3/library/exceptions.html,5,5,57
/es/3/library/intro.html,5,6,0
/es/3/library/turtle.html,5,5,142
/es/3/library/unittest.html,5,5,31
/es/3/reference/compound_stmts.html,5,5,341
/3/library/idle.html,4,4,52
/3/library/json.html,4,4,487
/3/library/sqlite3.html,4,4,730
/3/library/stdtypes.html,4,5,552
/es/3.13/contents.html,4,4,736
/es/3.13/glossary.html,4,4,2
/es/3.13/library/array.html,4,4,0
/es/3.13/library/string.html,4,5,0
/es/3.13/library/typing.html,4,5,251
/es/3.13/reference/import.html,4,4,0
/es/3.13/tutorial/,4,4,1
/es/3.13/tutorial/inputoutput.html,4,4,0
/es/3.14/download.html,4,4,791
/es/3.14/tutorial/appetite.html,4,5,323
/es/3.15/search.html,4,4,49
/es/3/genindex-Símbolos.html,4,4,0
/es/3/library/asyncio.html,4,4,0
/es/3/library/decimal.html,4,4,0
/es/3/library/shutil.html,4,4,48
/es/3/library/tk.html,4,4,230
/es/3/library/typing.html,4,4,3
/es/3/library/unicodedata.html,4,4,0
/es/3/reference/expressions.html,4,4,0
/es/3/reference/index.html,4,4,107
/es/3/reference/lexical_analysis.html,4,4,0
/es/3/using/mac.html,4,4,0
/es/dev/tutorial/,4,5,2
/3/library/mimetypes.html,3,3,211
/3/reference/,3,3,35
/3/tutorial/introduction.html,3,3,303
/es/3.12/library/venv.html,3,3,0
/es/3.12/tutorial/introduction.html,3,4,0
/es/3.12/using/windows.html,3,3,0
/es/3.13/library/sqlite3.html,3,3,362
/es/3.13/py-modindex.html,3,3,0
/es/3.13/tutorial/classes.html,3,3,0
/es/3.14/glossary.html,3,4,1027
/es/3.14/library/math.html,3,3,1
/es/3.14/library/re.html,3,3,0
/es/3.14/reference/datamodel.html,3,3,16
/es/3.14/reference/index.html,3,4,2
/es/3.14/tutorial/,3,3,370
/es/3.14/tutorial/modules.html,3,3,18
/es/3/faq/general.html,3,3,9
/es/3/library/array.html,3,3,0
/es/3/library/concurrent.futures.html,3,3,600
/es/3/library/datatypes.html,3,4,0
/es/3/library/doctest.html,3,3,14
/es/3/library/enum.html,3,3,0
/es/3/library/heapq.html,3,3,658
/es/3/library/http.server.html,3,3,0
/es/3/library/locale.html,3,3,26
/es/3/library/multiprocessing.html,3,3,0
/es/3/library/socket.html,3,3,15
/es/3/library/sys.html,3,3,6
/es/3/library/timeit.html,3,3,0
/es/3/library/tkinter.ttk.html,3,3,0
/es/3/py-modindex.html,3,3,79
/es/3/reference/datamodel.html,3,3,0
/es/3/tutorial/appendix.html,3,3,7
/es/dev/howto/sorting.html,3,3,0
/es/dev/library/tkinter.ttk.html,3,5,0
/es/dev/library/zlib.html,3,3,0
/3.13/library/functions.html,2,2,20
/3.13/tutorial/,2,2,90
/3.15/,2,2,118
/3/library/argparse.html,2,2,784
/3/library/csv.html,2,2,511
/3/library/email.html,2,2,1250
/3/library/io.html,2,2,290
/3/library/pdb.html,2,2,10
/3/library/secrets.html,2,2,1417
/3/library/sys.html,2,2,24
/3/reference/compound_stmts.html,2,2,723
/3/reference/expressions.html,2,2,733
/3/reference/import.html,2,2,374
/3/reference/index.html,2,2,7
/3/reference/simple_stmts.html,2,2,1086
/3/tutorial/classes.html,2,2,1005
/3/tutorial/datastructures.html,2,2,26
/3/tutorial/inputoutput.html,2,2,642
/3/whatsnew/3.14.html,2,2,30
/dev/search.html,2,2,74
/es/3.12/,2,2,0
/es/3.12/tutorial/appetite.html,2,2,405
/es/3.12/tutorial/datastructures.html,2,2,0
/es/3.13/c-api/structures.html,2,2,0
/es/3.13/library/__main__.html,2,2,0
/es/3.13/library/csv.html,2,2,2077
/es/3.13/library/email.examples.html,2,2,0
/es/3.13/library/getopt.html,2,2,0
/es/3.13/library/logging.html,2,2,0
/es/3.13/library/math.html,2,2,14
/es/3.13/library/pickle.html,2,2,0
/es/3.13/library/text.html,2,2,0
/es/3.13/library/tkinter.ttk.html,2,2,0
/es/3.13/reference/compound_stmts.html,2,2,0
/es/3.13/reference/executionmodel.html,2,2,116
/es/3.13/reference/lexical_analysis.html,2,2,0
/es/3.13/tutorial/errors.html,2,2,130
/es/3.13/whatsnew/3.12.html,2,2,0
/es/3.13/whatsnew/3.13.html,2,2,110
/es/3.14/index.html,2,2,0
/es/3.14/installing/,2,2,32
/es/3.14/library/csv.html,2,2,0
/es/3.14/library/getpass.html,2,2,12
/es/3.14/library/os.html,2,2,0
/es/3.14/library/sqlite3.html,2,2,0
/es/3.14/library/struct.html,2,2,71
/es/3.14/reference/compound_stmts.html,2,2,1308
/es/3.14/reference/expressions.html,2,2,398
/es/3.14/tutorial/stdlib2.html,2,2,0
/es/3.15/library/array.html,2,3,0
/es/3.15/tutorial/controlflow.html,2,3,0
/es/3.15/tutorial/index.html,2,3,1
/es/3/c-api/index.html,2,2,49
/es/3/contents.html,2,2,0
/es/3/faq/windows.html,2,2,0
/es/3/howto/argparse.html,2,2,0
/es/3/howto/sockets.html,2,2,0
/es/3/library/,2,2,62
/es/3/library/__main__.html,2,2,0
/es/3/library/asyncio-eventloop.html,2,2,0
/es/3/library/base64.html,2,2,0
/es/3/library/bisect.html,2,2,8
/es/3/library/contextlib.html,2,2,2
/es/3/library/copy.html,2,2,0
/es/3/library/email.examples.html,2,2,54
/es/3/library/ensurepip.html,2,3,606
/es/3/library/glob.html,2,2,66
/es/3/library/os.html,2,2,0
/es/3/library/pickle.html,2,2,0
/es/3/library/secrets.html,2,2,0
/es/3/library/struct.html,2,3,0
/es/3/library/subprocess.html,2,2,0
/es/3/library/textwrap.html,2,2,0
/es/3/library/time.html,2,2,0
/es/3/library/tokenize.html,2,2,0
/es/3/library/unittest.mock.html,2,2,133
/es/3/library/urllib.html,2,2,0
/es/3/library/webbrowser.html,2,2,110
/es/3/library/xml.etree.elementtree.html,2,2,2
/es/3/reference/import.html,2,2,30
/es/3/reference/toplevel_components.html,2,2,2
/es/3/tutorial/floatingpoint.html,2,2,0
/es/3/tutorial/stdlib2.html,2,2,0
/es/3/using/index.html,2,2,2
/es/dev/library/os.html,2,2,0
/es/dev/tutorial/controlflow.html,2,2,0
/es/dev/tutorial/datastructures.html,2,3,0
/es/dev/whatsnew/changelog.html,2,2,0
/3.13/,1,1,99
/3.13/c-api/index.html,1,1,2591
/3.13/library/re.html,1,2,16
/3.13/library/stdtypes.html,1,1,1389
/3.13/library/threading.html,1,1,5187
/3.13/reference/executionmodel.html,1,1,1
/3.13/tutorial/classes.html,1,1,0
/3.13/tutorial/index.html,1,1,41
/3.14/library/struct.html,1,2,2
/3.14/using/windows.html,1,1,0
/3.14/whatsnew/3.14.html,1,1,0
/3.15/using/windows.html,1,1,6
/3/contents.html,1,1,80
/3/download.html,1,2,1024
/3/howto/index.html,1,1,944
/3/howto/sorting.html,1,1,250
/3/library/asyncio.html,1,1,37
/3/library/binascii.html,1,1,315
/3/library/calendar.html,1,1,30
/3/library/collections.html,1,1,8
/3/library/concurrency.html,1,1,9
/3/library/copy.html,1,1,3
/3/library/difflib.html,1,1,17
/3/library/dis.html,1,1,0
/3/library/email.message.html,1,1,0
/3/library/fileformats.html,1,1,16
/3/library/filesys.html,1,1,440
/3/library/getpass.html,1,1,0
/3/library/gzip.html,1,1,60
/3/library/importlib.resources.html,1,1,381
/3/library/logging.config.html,1,1,661
/3/library/logging.html,1,1,0
/3/library/markup.html,1,1,1703
/3/library/msvcrt.html,1,1,13
/3/library/operator.html,1,1,8
/3/library/smtplib.html,1,1,1499
/3/library/socket.html,1,1,258
/3/library/statistics.html,1,1,65
/3/library/struct.html,1,1,0
/3/library/sys_path_init.html,1,1,43
/3/library/threading.html,1,1,50
/3/library/tk.html,1,1,48
/3/library/typing.html,1,1,2101
/3/library/unittest.html,1,1,42
/3/library/webbrowser.html,1,1,0
/3/license.html,1,1,701
/3/py-modindex.html,1,1,60
/3/reference/introduction.html,1,1,0
