name,version,visitors
Chrome,139.0,959
Firefox,142.0,349
Microsoft Edge,139.0,341
Chrome,140.0,187
Firefox,128.0,130
Chrome,138.0,120
Safari,18.6,118
Chrome,137.0,55
Microsoft Edge,138.0,53
Opera,120.0,45
Chrome,126.0,32
Safari,18.5,24
Firefox,140.0,22
Chrome,136.0,17
Firefox,141.0,17
Firefox,136.0,16
Firefox,115.0,14
Samsung Browser,28.0,14
Firefox,139.0,13
Chrome,135.0,11
Safari,17.6,11
Safari,18.3,10
Chrome,109.0,9
Chrome,131.0,9
Mobile App,(not set),7
Safari,15.6,7
Safari,16.6,7
Chrome,134.0,6
Microsoft Edge,137.0,6
Chrome,125.0,5
Chrome,128.0,5
Chrome,129.0,5
Chrome,132.0,5
Firefox,137.0,5
Firefox,143.0,5
Safari,18.4,5
Opera,91.0,5
Chrome,130.0,4
Microsoft Edge,131.0,4
Microsoft Edge,134.0,4
Firefox,138.0,4
Microsoft Edge,140.0,4
Safari,17.3,4
Safari,26.2,4
Microsoft Edge,92.0,4
Safari,(not set),3
Chrome,117.0,3
Chrome,120.0,3
Opera,121.0,3
Ecosia,129.0,3
Firefox,132.0,3
Chrome,133.0,3
Firefox,134.0,3
Microsoft Edge,135.0,3
Microsoft Edge,136.0,3
Avast Secure Browser,139.0,3
Safari,14.1,3
Safari,17.5,3
Safari,18.0,3
Safari,26.0,3
Opera GX,3.0,3
Opera,90.0,3
Firefox,91.0,3
Microsoft Edge,100.0,2
Chrome,103.0,2
Chrome,110.0,2
Chrome,121.0,2
Chrome,122.0,2
Microsoft Edge,122.0,2
Chrome,124.0,2
Firefox,126.0,2
Chrome,127.0,2
Firefox,130.0,2
Microsoft Edge,130.0,2
Firefox,133.0,2
Firefox,135.0,2
Mobile App,139.0,2
AVG Secure Browser,139.0,2
MIUI Browser,14.41,2
Safari,18.1,2
Microsoft Edge,18.17763,2
Safari,18.2,2
Opera Touch,6.1,2
Mobile App,95.0,2
Chrome,97.0,2
Firefox,(not set),1
Firefox,102.0,1
Chrome,102.0,1
Firefox,103.0,1
Chrome,107.0,1
Firefox,109.0,1
Huawei Browser Mobile,11.0,1
Chrome,111.0,1
Chrome,112.0,1
Chrome,115.0,1
Chrome,116.0,1
Chrome,118.0,1
Microsoft Edge,120.0,1
Chrome,123.0,1
Microsoft Edge,124.0,1
Firefox,124.0,1
Microsoft Edge,125.0,1
Microsoft Edge,132.0,1
Microsoft Edge,133.0,1
Norton Private Browser,139.0,1
Firefox,140.3,1
Firefox,142.1,1
Huawei Browser Mobile,15.0,1
Safari,16.5,1
Safari,17.0,1
Safari,17.1,1
Safari,17.2,1
Phoenix Browser,19.2,1
Yandex Browser,25.8,1
Yandex Browser,25.80,1
vivo Browser,26.0,1
Firefox,5.0,1
Safari,60.5,1
Chrome,61.0,1
Chrome,77.0,1
Chrome,81.0,1
Chrome,86.0,1
Chrome,90.0,1
Opera,95.0,1
Chrome,96.0,1
