name,unique_exits,total_exits,exit_rate
/fr/3/tutorial/,261,264,
/fr/3/tutorial/datastructures.html,126,133,
/fr/3.13/tutorial/index.html,55,56,
/fr/3/tutorial/introduction.html,51,51,
/fr/3/tutorial/classes.html,49,49,
/fr/3.13/library/tkinter.html,48,49,
/fr/3/,45,47,
/fr/3/library/idle.html,45,49,
/fr/3/library/csv.html,43,44,
/fr/3/library/json.html,41,41,
/fr/3/library/turtle.html,40,41,
/fr/dev/installing/index.html,40,41,
/fr/3.13/tutorial/datastructures.html,38,42,
/fr/3/tutorial/venv.html,38,38,
/fr/3/library/random.html,37,37,
/fr/3/library/stdtypes.html,37,38,
/fr/3/tutorial/interpreter.html,37,38,
/fr/3/howto/regex.html,34,35,
/fr/3/library/functions.html,33,34,
/fr/3/tutorial/index.html,33,34,
/fr/3/tutorial/controlflow.html,32,37,
/fr/3/library/enum.html,31,30,
/fr/3.13/library/stdtypes.html,30,30,
/fr/3.13/search.html,29,29,
/fr/3/library/string.html,29,29,
/3/,27,27,
/fr/3.13/,26,26,
/fr/3/tutorial/appetite.html,26,26,
/fr/3.13/tutorial/introduction.html,25,27,
/fr/3/library/statistics.html,25,25,
/fr/3.13/howto/sorting.html,23,24,
/fr/3.13/library/datetime.html,23,25,
/fr/3.13/tutorial/controlflow.html,23,24,
/fr/3.13/using/windows.html,23,23,
/fr/3/tutorial/errors.html,23,24,
/fr/3.13/library/functions.html,22,22,
/fr/3.13/library/random.html,22,22,
/fr/3.13/library/turtle.html,22,22,
/fr/3/search.html,21,21,
/fr/3.13/tutorial/interpreter.html,20,21,
/fr/3/library/tkinter.html,18,19,
/fr/3/using/windows.html,17,17,
/fr/3.13/tutorial/classes.html,16,16,
/fr/3.13/tutorial/errors.html,16,16,
/fr/3/tutorial/inputoutput.html,16,15,
/fr/3/howto/logging.html,15,16,
/fr/3.13/library/os.html,13,13,
/fr/3/library/glob.html,13,13,
/fr/3/library/multiprocessing.html,13,14,
/fr/3/library/os.html,13,13,
/fr/3.13/library/math.html,12,12,
/fr/3/library/__main__.html,12,13,
/fr/dev/reference/compound_stmts.html,12,13,
/fr/3.13/library/collections.html,11,11,
/fr/3.13/library/idle.html,11,11,
/fr/3.13/library/re.html,11,11,
/fr/3.13/reference/import.html,11,11,
/fr/3/library/datetime.html,11,12,
/fr/3/library/index.html,11,11,
/fr/3/reference/import.html,11,10,
/3/library/idle.html,10,10,
/fr/3.13/library/abc.html,10,11,
/fr/3.13/library/base64.html,10,10,
/fr/3.13/library/operator.html,10,10,
/fr/3.13/library/subprocess.html,10,11,
/fr/3/howto/sorting.html,10,10,
/fr/3/using/cmdline.html,10,10,
/3/library/random.html,9,9,
/fr/3.13/library/time.html,9,9,
/3.13/using/windows.html,8,8,
/3/library/datetime.html,8,8,
/3/library/functions.html,8,6,
/3/library/math.html,8,7,
/3/library/re.html,8,8,
/3/library/stdtypes.html,8,7,
/3/search.html,8,7,
/3/tutorial/index.html,8,8,
/fr/3.13/library/index.html,8,9,
/fr/3.13/library/tkinter.ttk.html,8,9,
/fr/3.13/library/unittest.html,8,7,
/fr/3.13/reference/simple_stmts.html,8,8,
/fr/3.13/tutorial/appetite.html,8,8,
/fr/3.13/tutorial/modules.html,8,8,
/fr/3/glossary.html,8,8,
/fr/3/library/decimal.html,8,8,
/fr/3/library/math.html,8,9,
/fr/3/library/re.html,8,12,
/fr/3/library/unicodedata.html,8,8,
/fr/3/library/unittest.html,8,8,
/3/tutorial/errors.html,7,7,
/fr/3.13/contents.html,7,7,
/fr/3.13/faq/windows.html,7,7,
/fr/3.13/genindex-Symboles.html,7,7,
/fr/3.13/glossary.html,7,7,
/fr/3.13/howto/argparse.html,7,7,
/fr/3/library/exceptions.html,7,8,
/fr/3/library/zipfile.html,7,7,
/3/library/tkinter.html,6,6,
/fr/3.13/library/pathlib.html,6,6,
/fr/3.13/library/pprint.html,6,6,
