name,visitors,pageviews,bounce_rate,time_on_page,scroll_depth
/ko/3/tutorial/index.html,61,91,55,15,59
/ko/dev/c-api/marshal.html,51,52,72,3,38
/ko/3/,40,42,53,8,80
/ko/3.15/using/windows.html,28,30,45,33,29
/ko/3/library/index.html,26,34,58,13,32
/ko/3/c-api/intro.html,24,23,95,3,11
/ko/3/library/idle.html,18,18,94,6,10
/ko/3.14/,17,20,67,8,82
/ko/3/library/math.html,16,17,80,42,29
/ko/3/tutorial/interpreter.html,16,16,75,54,87
/ko/3/tutorial/introduction.html,16,19,100,136,54
/ko/3.14/tutorial/index.html,15,21,33,20,56
/ko/3/library/functions.html,15,17,80,77,54
/ko/3.14/search.html,14,16,0,6,51
/ko/3/library/venv.html,14,14,92,10,16
/ko/3/tutorial/appetite.html,14,16,60,10,79
/ko/3.13/c-api/intro.html,13,13,100,,
/ko/3/contents.html,13,11,89,19,3
/ko/3/tutorial/controlflow.html,13,12,100,146,48
/ko/3.14/library/stdtypes.html,11,14,0,62,70
/ko/3/using/windows.html,11,15,90,7,6
/ko/dev/tutorial/inputoutput.html,11,11,100,1,5
/ko/3/copyright.html,10,10,100,,
/ko/3/installing/index.html,10,12,82,21,60
/ko/3/library/random.html,10,12,56,16,24
/ko/3.14/library/index.html,9,27,0,45,52
/ko/3/index.html,9,12,83,10,88
/ko/3.14/library/functions.html,8,8,33,11,27
/ko/3/howto/sorting.html,8,7,100,11,37
/ko/3/library/turtle.html,8,8,83,32,29
/ko/3/library/codecs.html,6,5,100,8,8
/ko/3/library/logging.html,6,6,80,95,46
/ko/3/tutorial/inputoutput.html,6,6,0,19,48
/ko/3.13/library/xml.dom.minidom.html,5,5,100,,
/ko/3.14/tutorial/interpreter.html,5,6,0,16,93
/ko/3/improve-page.html,5,6,100,12,75
/ko/3/library/asyncio.html,5,8,50,8,64
/ko/3/library/os.path.html,5,4,100,10,8
/ko/3/reference/index.html,5,6,100,10,53
/ko/3/search.html,5,5,0,8,58
/ko/3.12/library/exceptions.html,4,4,100,,
/ko/3.12/library/urllib.request.html,4,4,100,10,6
/ko/3.13/library/http.server.html,4,4,50,194,18
/ko/3.13/tutorial/classes.html,4,3,67,680,61
/ko/3.13/tutorial/index.html,4,4,100,7,90
/ko/3.14/index.html,4,5,100,5,59
/ko/3.14/library/json.html,4,5,0,88,35
/ko/3.14/library/socket.html,4,3,100,30,13
/ko/3.14/library/tkinter.html,4,5,0,13,13
/ko/3.14/tutorial/appetite.html,4,4,0,28,100
/ko/3/genindex.html,4,4,100,4,92
/ko/3/howto/index.html,4,6,100,14,72
/ko/3/library/asyncio-task.html,4,3,100,9,55
/ko/3/library/heapq.html,4,3,100,43,74
/ko/3/library/importlib.html,4,3,100,35,15
/ko/3/library/internet.html,4,4,100,1,25
/ko/3/library/itertools.html,4,3,50,73,31
/ko/3/library/re.html,4,5,100,431,15
/ko/3/library/secrets.html,4,4,100,2,30
/ko/3/library/shlex.html,4,4,100,19,14
/ko/3/library/stdtypes.html,4,4,50,131,17
/ko/3/library/zipimport.html,4,4,100,4,56
/ko/3/reference/,4,4,100,2,30
/ko/3/tutorial/classes.html,4,4,100,28,31
/ko/3/using/index.html,4,5,100,5,79
/ko/dev/library/collections.html,4,5,75,84,34
/ko/3.12/bugs.html,3,2,100,15,38
/ko/3.12/copyright.html,3,3,67,,
/ko/3.12/library/development.html,3,3,100,,
/ko/3.12/library/index.html,3,3,100,,
/ko/3.13/library/stdtypes.html,3,5,100,125,82
/ko/3.14/contents.html,3,5,0,15,2
/ko/3.14/download.html,3,2,0,12,95
/ko/3.14/installing/index.html,3,3,0,7,51
/ko/3.14/library/random.html,3,2,50,8,28
/ko/3.14/library/re.html,3,5,100,29,15
/ko/3.14/library/turtle.html,3,3,0,31,52
/ko/3.14/tutorial/controlflow.html,3,3,0,81,74
/ko/3.15/index.html,3,2,0,6,63
/ko/3.15/search.html,3,6,0,13,78
/ko/3/glossary.html,3,3,50,13,52
/ko/3/howto/regex.html,3,3,100,9,48
/ko/3/library/collections.html,3,3,100,25,49
/ko/3/library/contextvars.html,3,3,100,3,13
/ko/3/library/copy.html,3,3,100,73,100
/ko/3/library/email.html,3,3,100,,
/ko/3/library/exceptions.html,3,2,100,65,59
/ko/3/library/glob.html,3,3,100,,
/ko/3/library/intro.html,3,2,0,40,100
/ko/3/library/io.html,3,3,100,14,54
/ko/3/library/logging.config.html,3,3,100,12,12
/ko/3/library/os.html,3,4,0,22,31
/ko/3/library/pathlib.html,3,3,50,24,24
/ko/3/library/socket.html,3,3,67,141,26
/ko/3/library/subprocess.html,3,3,100,169,55
/ko/3/library/timeit.html,3,3,100,3,20
/ko/3/library/tkinter.html,3,3,67,3,6
/ko/3/library/urllib.parse.html,3,3,100,,
/ko/3/library/urllib.request.html,3,3,100,14,39
/ko/3/library/winsound.html,3,3,100,14,29
