name,unique_entrances,total_entrances,visit_duration
/pl/3/tutorial/datastructures.html,43,43,309
/pl/dev/library/turtle.html,23,23,297
/pl/3/tutorial/index.html,21,21,94
/3/,17,17,1137
/pl/3/,13,13,363
/pl/dev/tutorial/classes.html,12,13,25
/pl/3/tutorial/controlflow.html,11,12,459
/pl/dev/tutorial/inputoutput.html,10,10,110
/3/tutorial/index.html,8,8,1882
/pl/3/installing/index.html,8,8,185
/pl/3/tutorial/introduction.html,8,8,249
/pl/3/tutorial/venv.html,8,10,405
/3/library/turtle.html,7,7,110
/pl/3/extending/extending.html,7,7,387
/pl/3/tutorial/interpreter.html,7,8,40
/pl/3/library/array.html,6,7,0
/pl/3/tutorial/,5,5,87
/pl/3/tutorial/errors.html,5,6,0
/pl/3/tutorial/modules.html,5,5,0
/pl/dev/tutorial/datastructures.html,5,5,31
/pl/3.13/tutorial/index.html,4,4,88
/pl/3/tutorial/inputoutput.html,4,4,0
/3.13/tutorial/index.html,3,3,2179
/3/library/idle.html,3,3,118
/3/library/index.html,3,3,579
/3/library/tkinter.html,3,3,259
/3/tutorial/datastructures.html,3,3,751
/pl/3.12/tutorial/inputoutput.html,3,3,658
/pl/3/reference/index.html,3,3,298
/pl/3/tutorial/appetite.html,3,3,0
/pl/3/tutorial/classes.html,3,3,0
/3.13/tutorial/,2,2,97
/3/library/math.html,2,2,359
/3/library/random.html,2,2,3442
/3/library/time.html,2,2,2978
/pl/3.12/installing/index.html,2,2,6
/pl/3.12/library/stdtypes.html,2,4,0
/pl/3.13/tutorial/interpreter.html,2,2,0
/pl/3.14/library/turtle.html,2,2,48
/pl/3/library/abc.html,2,2,0
/pl/3/library/idle.html,2,2,128
/pl/3/library/string.html,2,2,0
/pl/3/tutorial/floatingpoint.html,2,2,0
/pl/3/using/index.html,2,2,19
/pl/3/whatsnew/3.12.html,2,2,0
/pl/dev/tutorial/floatingpoint.html,2,2,0
/3.12/tutorial/,1,1,1333
/3.13/library/http.client.html,1,1,30
/3.13/tutorial/introduction.html,1,1,8
/3.13/using/windows.html,1,1,1095
/3.13/whatsnew/3.13.html,1,1,1445
/3/howto/sockets.html,1,1,1285
/3/howto/sorting.html,1,1,442
/3/howto/unicode.html,1,1,10520
/3/index.html,1,1,88
/3/installing/index.html,1,1,705
/3/library/abc.html,1,1,35
/3/library/argparse.html,1,1,263
/3/library/collections.html,1,1,15
/3/library/crypto.html,1,1,617
/3/library/datetime.html,1,1,1276
/3/library/functions.html,1,1,54
/3/library/imaplib.html,1,1,59
/3/library/io.html,1,1,1031
/3/library/multiprocessing.html,1,1,4773
/3/library/numbers.html,1,1,163
/3/library/operator.html,1,1,1657
/3/library/profile.html,1,1,6
/3/library/shelve.html,1,1,10874
/3/library/sqlite3.html,1,1,1968
/3/library/tkinter.ttk.html,1,1,135
/3/library/typing.html,1,1,0
/3/library/xml.etree.elementtree.html,1,1,0
/fr/3/library/csv.html,1,1,2695
/it/3.13/tutorial/modules.html,1,1,209
/pl/3.12/,1,1,167
/pl/3.12/library/functions.html,1,1,1404
/pl/3.12/library/telnetlib.html,1,1,9
/pl/3.12/tutorial/index.html,1,1,0
/pl/3.12/tutorial/modules.html,1,1,0
/pl/3.13/,1,1,3435
/pl/3.13/download.html,1,1,222
/pl/3.13/extending/index.html,1,1,0
/pl/3.13/library/functions.html,1,1,0
/pl/3.13/library/index.html,1,1,0
/pl/3.13/library/stdtypes.html,1,1,352
/pl/3.13/library/tkinter.html,1,1,0
/pl/3.13/library/webbrowser.html,1,1,0
/pl/3.13/tutorial/,1,1,21
/pl/3.13/tutorial/controlflow.html,1,1,0
/pl/3.13/tutorial/datastructures.html,1,1,0
/pl/3.13/tutorial/introduction.html,1,1,0
/pl/3.14/,1,1,6
/pl/3.14/tutorial/,1,1,46
/pl/3/contents.html,1,1,486
/pl/3/genindex-all.html,1,1,0
/pl/3/index.html,1,2,294
/pl/3/library/dataclasses.html,1,1,0
/pl/3/library/datatypes.html,1,1,0
/pl/3/library/exceptions.html,1,1,0
/pl/3/library/index.html,1,1,0
/pl/3/whatsnew/3.13.html,1,1,1
/pl/dev/contents.html,1,1,0
/pl/dev/tutorial/interpreter.html,1,1,1294
/pt-br/3.13/library/stdtypes.html,1,1,250
/tr/3.13/howto/index.html,1,1,28
