name,unique_entrances,total_entrances,visit_duration
/pt-br/3/tutorial/index.html,94,98,158
/pt-br/3/,59,62,216
/pt-br/3/tutorial/datastructures.html,40,41,104
/3/,39,40,626
/pt-br/3/library/stdtypes.html,34,36,3
/pt-br/3/library/venv.html,32,33,1
/dev/using/windows.html,26,26,162
/pt-br/3/library/math.html,26,26,124
/pt-br/3/tutorial/controlflow.html,26,30,70
/pt-br/3/library/index.html,23,24,105
/pt-br/3/library/os.html,19,20,60
/pt-br/dev/library/zlib.html,19,19,64
/pt-br/3.14/,18,18,31
/pt-br/3/library/random.html,16,17,123
/pt-br/3/library/tkinter.html,14,18,178
/pt-br/3/search.html,14,15,25
/pt-br/3.13/tutorial/index.html,12,13,190
/pt-br/3/library/string.html,12,13,114
/pt-br/3/library/tk.html,12,12,131
/pt-br/3/tutorial/classes.html,12,12,0
/pt-br/3.15/using/windows.html,11,11,26
/pt-br/3/tutorial/interpreter.html,11,13,27
/pt-br/3/tutorial/introduction.html,11,11,10
/pt-br/3/glossary.html,10,10,10
/pt-br/3/library/functions.html,10,10,62
/pt-br/3/reference/index.html,10,11,71
/pt-br/3/using/android.html,10,13,92
/3.14/,8,8,31
/pt-br/3.13/library/index.html,8,9,161
/pt-br/3.14/tutorial/index.html,8,8,580
/pt-br/3/faq/windows.html,8,8,7
/pt-br/3/tutorial/,8,8,74
/3/library/tkinter.html,7,7,583
/pt-br/3.13/library/functions.html,7,9,0
/pt-br/3.13/library/stdtypes.html,7,7,0
/pt-br/3.13/tutorial/controlflow.html,7,8,300
/pt-br/3.14/library/functions.html,7,8,199
/pt-br/3/tutorial/inputoutput.html,7,7,59
/pt-br/3/using/cmdline.html,7,7,129
/pt-br/dev/tutorial/datastructures.html,7,9,21
/pt-br/3.13/,6,8,866
/pt-br/3.14/tutorial/introduction.html,6,6,289
/pt-br/3/library/datetime.html,6,7,4
/pt-br/3/library/unittest.html,6,6,424
/pt-br/dev/library/venv.html,6,6,0
/3/library/functions.html,5,5,411
/pt-br/3.13/search.html,5,7,877
/pt-br/3.14/library/index.html,5,5,54
/pt-br/3.14/library/stdtypes.html,5,5,8
/pt-br/3.14/library/tkinter.html,5,5,9
/pt-br/3.14/tutorial/controlflow.html,5,5,0
/pt-br/3/library/re.html,5,5,0
/pt-br/3/reference/lexical_analysis.html,5,5,3
/pt-br/3/tutorial/appetite.html,5,5,764
/3/library/index.html,4,4,164
/3/library/venv.html,4,4,384
/pt-br/3.13/library/tkinter.html,4,8,0
/pt-br/3.13/tutorial/appetite.html,4,4,0
/pt-br/3.14/tutorial/datastructures.html,4,5,0
/pt-br/3/contents.html,4,4,323
/pt-br/3/download.html,4,4,3
/pt-br/3/library/__main__.html,4,5,0
/pt-br/3/library/array.html,4,4,0
/pt-br/3/library/json.html,4,4,0
/pt-br/3/library/statistics.html,4,5,125
/pt-br/3/reference/compound_stmts.html,4,4,0
/pt-br/3/tutorial/modules.html,4,4,245
/3/tutorial/controlflow.html,3,3,851
/3/tutorial/index.html,3,3,130
/pt-br/3.13/tutorial/modules.html,3,5,0
/pt-br/3.14/library/socket.html,3,4,0
/pt-br/3.14/py-modindex.html,3,3,834
/pt-br/3.14/reference/introduction.html,3,4,17
/pt-br/3.14/search.html,3,3,9
/pt-br/3.14/tutorial/,3,4,145
/pt-br/3/howto/curses.html,3,3,0
/pt-br/3/installing/index.html,3,5,0
/pt-br/3/library/dataclasses.html,3,3,0
/pt-br/3/library/filesys.html,3,3,301
/pt-br/3/library/typing.html,3,3,0
/pt-br/3/reference/expressions.html,3,3,0
/pt-br/3/reference/introduction.html,3,3,0
/pt-br/3/tutorial/errors.html,3,4,175
/pt-br/3/using/index.html,3,3,52
/pt-br/dev/library/heapq.html,3,3,0
/pt-br/dev/library/stdtypes.html,3,3,0
/pt-br/dev/library/tkinter.html,3,5,0
/pt-br/dev/library/uuid.html,3,3,0
/3.12/,2,2,38
/3.14/tutorial/index.html,2,2,342
/3/glossary.html,2,2,56
/3/installing/index.html,2,2,4990
/3/library/datetime.html,2,2,40
/3/library/idle.html,2,2,1678
/3/library/operator.html,2,2,158
/3/library/os.html,2,2,152
/3/library/random.html,2,2,112
/3/library/stdtypes.html,2,2,187
/3/search.html,2,2,112
/3/tutorial/,2,2,330
/pt-br/3.12/library/index.html,2,2,0
/pt-br/3.12/tutorial/interpreter.html,2,2,0
/pt-br/3.13/library/curses.html,2,2,4
/pt-br/3.13/library/dataclasses.html,2,2,0
/pt-br/3.13/library/gettext.html,2,2,0
/pt-br/3.13/library/math.html,2,2,4
/pt-br/3.13/library/random.html,2,4,0
/pt-br/3.13/library/shutil.html,2,2,0
/pt-br/3.13/library/turtle.html,2,2,0
/pt-br/3.13/reference/index.html,2,2,20
/pt-br/3.13/tutorial/datastructures.html,2,2,174
/pt-br/3.13/tutorial/inputoutput.html,2,2,0
/pt-br/3.14/download.html,2,3,18
/pt-br/3.14/library/datetime.html,2,2,764
/pt-br/3.14/library/random.html,2,2,0
/pt-br/3.14/whatsnew/index.html,2,2,8
/pt-br/3/howto/enum.html,2,2,0
/pt-br/3/howto/logging.html,2,2,0
/pt-br/3/index.html,2,2,0
/pt-br/3/library/builtins.html,2,2,0
/pt-br/3/library/csv.html,2,2,10
/pt-br/3/library/logging.config.html,2,3,0
/pt-br/3/library/numeric.html,2,2,0
/pt-br/3/library/shutil.html,2,2,0
/pt-br/3/library/zipfile.html,2,2,0
/pt-br/3/library/zlib.html,2,2,0
/pt-br/3/tutorial/floatingpoint.html,2,2,0
/pt-br/3/tutorial/venv.html,2,2,958
/pt-br/3/using/mac.html,2,2,0
/pt-br/3/whatsnew/3.13.html,2,2,756
/pt-br/dev/howto/regex.html,2,2,0
/pt-br/dev/howto/sorting.html,2,2,815
/pt-br/dev/library/calendar.html,2,2,198
/pt-br/dev/library/functools.html,2,2,0
/pt-br/dev/library/textwrap.html,2,2,6
/pt-br/dev/library/time.html,2,2,0
/pt-br/dev/reference/import.html,2,2,0
/3.12/library/pickle.html,1,1,0
/3.13/library/exceptions.html,1,1,2184
/3.13/library/numeric.html,1,1,3
/3.13/reference/simple_stmts.html,1,1,5180
/3.14/glossary.html,1,1,3659
/3.14/index.html,1,1,1137
/3.14/library/stdtypes.html,1,1,0
/3.14/reference/index.html,1,1,1984
/3.14/tutorial/,1,1,0
/3/c-api/index.html,1,1,28
/3/contents.html,1,1,162
/3/genindex-all.html,1,1,0
/3/library/,1,1,651
/3/library/asyncio.html,1,1,3035
/3/library/decimal.html,1,1,0
/3/library/enum.html,1,1,1
/3/library/heapq.html,1,1,18
/3/library/html.html,1,1,198
/3/library/importlib.html,1,1,912
/3/library/json.html,1,1,627
/3/library/math.html,1,1,7013
/3/library/os.path.html,1,1,221
/3/library/pathlib.html,1,1,1547
/3/library/re.html,1,1,25
/3/library/sqlite3.html,1,1,38
/3/library/string.html,1,1,224
/3/library/turtle.html,1,1,11
/3/library/unittest.html,1,1,323
/3/reference/index.html,1,1,111
/3/reference/lexical_analysis.html,1,1,3
/3/tutorial/inputoutput.html,1,1,2715
/3/tutorial/introduction.html,1,1,162
/3/using/index.html,1,1,7
/3/whatsnew/3.14.html,1,1,46
/dev/library/random.html,1,1,1736
/dev/search.html,1,1,791
/dev/whatsnew/2.7.html,1,1,2301
/es/3/c-api/capsule.html,1,1,148
/fr/3/c-api/codec.html,1,1,4765
/fr/3/library/poplib.html,1,1,2684
/ja/3/glossary.html,1,1,1735
/ja/3/library/compileall.html,1,1,3109
/ko/3.12/library/email.message.html,1,1,8142
/ko/3/c-api/tuple.html,1,1,2232
/ko/3/library/curses.panel.html,1,1,3320
/pl/3/library/uuid.html,1,1,28
/pt-br/3.12/c-api/gen.html,1,1,0
/pt-br/3.12/howto/regex.html,1,1,0
/pt-br/3.12/index.html,1,1,0
/pt-br/3.12/library/array.html,1,1,0
/pt-br/3.12/library/json.html,1,1,141
/pt-br/3.12/library/math.html,1,1,10
/pt-br/3.12/library/venv.html,1,1,0
/pt-br/3.12/reference/lexical_analysis.html,1,1,0
/pt-br/3.12/search.html,1,1,278
/pt-br/3.12/tutorial/controlflow.html,1,1,261
/pt-br/3.12/tutorial/index.html,1,1,0
/pt-br/3.12/using/windows.html,1,1,0
/pt-br/3.12/whatsnew/3.12.html,1,1,0
/pt-br/3.13/c-api/buffer.html,1,1,0
/pt-br/3.13/c-api/index.html,1,1,0
/pt-br/3.13/c-api/stable.html,1,1,0
/pt-br/3.13/c-api/structures.html,1,1,0
/pt-br/3.13/c-api/unicode.html,1,1,0
/pt-br/3.13/contents.html,1,1,0
/pt-br/3.13/extending/newtypes.html,1,1,0
/pt-br/3.13/glossary.html,1,1,294
/pt-br/3.13/howto/argparse-optparse.html,1,1,0
/pt-br/3.13/howto/argparse.html,1,1,0
/pt-br/3.13/howto/functional.html,1,1,0
/pt-br/3.13/howto/unicode.html,1,1,0
/pt-br/3.13/index.html,1,1,0
/pt-br/3.13/library/cmdlinelibs.html,1,1,0
/pt-br/3.13/library/concurrent.html,1,1,0
/pt-br/3.13/library/crypto.html,1,1,0
/pt-br/3.13/library/custominterp.html,1,1,0
/pt-br/3.13/library/datatypes.html,1,1,0
/pt-br/3.13/library/datetime.html,1,1,0
/pt-br/3.13/library/email.examples.html,1,1,0
/pt-br/3.13/library/enum.html,1,1,0
/pt-br/3.13/library/fileformats.html,1,1,0
/pt-br/3.13/library/hashlib.html,1,1,0
/pt-br/3.13/library/http.client.html,1,1,8502
/pt-br/3.13/library/imghdr.html,1,1,0
/pt-br/3.13/library/language.html,1,1,0
/pt-br/3.13/library/multiprocessing.html,1,1,0
/pt-br/3.13/library/netdata.html,1,1,0
/pt-br/3.13/library/operator.html,1,1,0
/pt-br/3.13/library/security_warnings.html,1,1,0
/pt-br/3.13/library/text.html,1,1,0
/pt-br/3.13/library/tk.html,1,1,0
/pt-br/3.13/library/unittest.mock-examples.html,1,1,0
/pt-br/3.13/library/unix.html,1,1,0
/pt-br/3.13/library/webbrowser.html,1,1,0
/pt-br/3.13/reference/compound_stmts.html,1,1,0
/pt-br/3.13/reference/introduction.html,1,1,0
/pt-br/3.13/tutorial/interpreter.html,1,1,0
/pt-br/3.13/tutorial/introduction.html,1,1,28
/pt-br/3.13/using/mac.html,1,1,0
/pt-br/3.13/whatsnew/3.1.html,1,1,0
/pt-br/3.13/whatsnew/3.13.html,1,1,17
/pt-br/3.13/whatsnew/3.7.html,1,1,844
/pt-br/3.14/glossary.html,1,1,0
/pt-br/3.14/howto/enum.html,1,1,0
/pt-br/3.14/howto/timerfd.html,1,1,0
/pt-br/3.14/library/,1,1,288
/pt-br/3.14/library/collections.html,1,1,393
/pt-br/3.14/library/exceptions.html,1,1,0
/pt-br/3.14/library/fractions.html,1,1,0
/pt-br/3.14/library/idle.html,1,1,0
/pt-br/3.14/library/os.html,1,1,0
/pt-br/3.14/library/sqlite3.html,1,1,0
/pt-br/3.14/library/turtle.html,1,1,0
/pt-br/3.14/library/winsound.html,1,1,0
/pt-br/3.14/reference/compound_stmts.html,1,1,0
/pt-br/3.14/reference/datamodel.html,1,1,0
/pt-br/3.14/reference/index.html,1,1,1555
/pt-br/3.14/reference/simple_stmts.html,1,1,445
/pt-br/3.14/tutorial/interpreter.html,1,1,0
/pt-br/3.14/using/configure.html,1,1,0
/pt-br/3.14/whatsnew/3.14.html,1,1,0
/pt-br/3.15/search.html,1,1,0
/pt-br/3.15/tutorial/controlflow.html,1,1,0
/pt-br/3/about.html,1,1,0
/pt-br/3/c-api/bool.html,1,1,67
/pt-br/3/c-api/codec.html,1,1,0
/pt-br/3/c-api/conversion.html,1,1,0
/pt-br/3/c-api/extension-modules.html,1,1,0
/pt-br/3/c-api/import.html,1,1,0
/pt-br/3/c-api/slice.html,1,1,0
/pt-br/3/extending/index.html,1,1,0
/pt-br/3/faq/programming.html,1,1,0
/pt-br/3/howto/free-threading-python.html,1,1,0
/pt-br/3/howto/functional.html,1,1,0
/pt-br/3/howto/sockets.html,1,1,0
/pt-br/3/library/,1,1,0
/pt-br/3/library/asyncio-dev.html,1,1,0
/pt-br/3/library/asyncio-future.html,1,1,0
/pt-br/3/library/asyncio-platforms.html,1,1,0
/pt-br/3/library/asyncio-queue.html,1,1,0
/pt-br/3/library/asyncio.html,1,1,0
/pt-br/3/library/calendar.html,1,1,0
/pt-br/3/library/cgi.html,1,1,0
/pt-br/3/library/concurrent.interpreters.html,1,1,0
/pt-br/3/library/contextvars.html,1,1,0
/pt-br/3/library/datatypes.html,1,1,0
/pt-br/3/library/email.contentmanager.html,1,1,0
/pt-br/3/library/email.errors.html,1,1,0
/pt-br/3/library/email.examples.html,1,1,0
/pt-br/3/library/email.generator.html,1,1,0
/pt-br/3/library/email.headerregistry.html,1,1,0
/pt-br/3/library/enum.html,1,1,0
/pt-br/3/library/filecmp.html,1,1,0
/pt-br/3/library/fileformats.html,1,1,0
/pt-br/3/library/http.html,1,1,0
/pt-br/3/library/idle.html,1,1,0
/pt-br/3/library/importlib.resources.html,1,1,0
/pt-br/3/library/internet.html,1,1,0
/pt-br/3/library/lzma.html,1,1,0
/pt-br/3/library/modulefinder.html,1,1,0
/pt-br/3/library/operator.html,1,1,0
/pt-br/3/library/profile.html,1,1,0
/pt-br/3/library/pwd.html,1,1,0
