name,visitors
Istanbul,31
Ankara,20
Adana,11
İzmir,7
Singapore,6
Baku,5
Bursa,5
Maltepe,4
Sunnyvale,4
Gaziantep,3
Tehran,2
Mersin,2
Konyaaltı,2
Eskişehir,2
Burdur,2
Aydın,2
N/A,2
İzmit,2
Lahore,2
Tashkent,2
Nur-Sultan,2
Casablanca,2
Vienna,2
Ludwigsburg,2
La Rochelle,2
Madrid,2
Rome,2
Ataşehir,2
Çankaya,2
Nicosia,1
Athens,1
Saruhanlı,1
Niğde,1
Kuşadası,1
Kayapınar,1
Moscow,1
Hrodna,1
Sofia,1
N/A,1
N/A,1
Karabük,1
Gölcük,1
Giresun,1
Esenler,1
Edirne,1
Çekmeköy,1
Dhaka,1
Jiangmen,1
Hangzhou,1
Tokyo,1
Zürich,1
Kloten,1
Düsseldorf,1
Prague,1
Bağlar,1
Palandöken,1
Nilüfer,1
Merkez,1
