name,visitors
England,8724
California,6579
Île-de-France,3999
New York,3077
Texas,2632
Ontario,2401
Tokyo,2247
Virginia,2231
Maharashtra,2196
Moscow,2048
Hesse,1990
Illinois,1981
Bavaria,1848
North Rhine-Westphalia,1754
Washington,1628
São Paulo,1572
North Holland,1540
Tamil Nadu,1499
Karnataka,1498
Massachusetts,1434
Mazovia,1421
Madrid Autonomous Community,1353
New Jersey,1264
Baden-Württemberg,1203
Zürich,1096
Florida,1070
Lombardy,1048
New South Wales,1043
Georgia,1037
Stockholm,1032
Pennsylvania,1024
Telangāna,1021
Quebec,959
Colorado,956
Delhi,949
Maryland,948
Catalonia,915
North Carolina,903
Uusimaa,869
South Holland,825
Berlin,780
Oregon,770
Leinster,762
Seoul,741
British Columbia,740
Auvergne-Rhône-Alpes,737
Vienna,727
Michigan,703
Saint Petersburg,688
Victoria,680
Ohio,677
Ho Chi Minh City,666
Guangdong,658
Flanders,636
Capital Region,632
Tel Aviv,628
Prague,591
Arizona,573
Brussels,571
Uttar Pradesh,555
Kyiv,553
Beijing,537
Provence-Alpes-Côte-d'Azur,532
Ciudad de Mexico,532
Istanbul,520
Scotland,519
Lisbon,509
Budapest,507
Buenos Aires Province,499
Iowa,486
Punjab,467
Rio de Janeiro,458
Lower Saxony,453
Västra Götaland,453
Capital District,449
Hanoi,444
Minnesota,438
Shanghai,433
Osaka,432
Andalusia,429
Indiana,427
Occitanie,424
Alberta,421
Santiago Metropolitan,418
Metro Manila,411
Utah,407
Gujarat,397
Lazio,397
Tennessee,389
Jakarta,381
Lesser Poland,377
Saxony,376
Missouri,370
Grand-Est,366
Kerala,361
Valencian Community,356
Minas Gerais,348
Gyeonggi,344
Wisconsin,344
Nairobi County,342
Hauts-de-France,338
North Brabant,338
Bangkok,338
Gauteng,338
Hamburg,336
Bucharest,336
Oslo,323
Lima,319
Attica,314
Connecticut,312
Cairo,311
Antioquia,309
Pays-de-la-Loire,307
Emilia-Romagna,307
Madhya Pradesh,305
West Bengal,303
Queensland,300
Kanagawa,294
Lower Silesia,291
Nouvelle-Aquitaine,289
Paraná,285
Haryana,285
Zhejiang,275
Lagos,271
Taipei,271
Utrecht,265
Washington DC,260
Alabama,258
Minsk,255
Gelderland,255
Tashkent,255
Rio Grande do Sul,254
Dubai,250
Rhineland-Palatinate,249
Moscow Province,243
Kuala Lumpur,241
Jiangsu,234
Lvivshchyna,230
Porto,227
South Carolina,226
Veneto,225
Wallonia,223
Rajasthan,223
Brittany,221
Western Cape,221
Bratislava,219
Vaud,218
Auckland,218
Wales,217
Greater Poland,215
Shandong,214
West Java,212
Central,211
Federal District,210
Sindh,205
Beograd,204
Andhra Pradesh,202
Piedmont,202
Santa Catarina,194
Sverdlovsk,194
Sichuan,193
Silesia,193
Riyadh,192
South Moravia,188
Kyivshchyna,188
Sofia,186
Harjumaa,186
Skåne,186
Ankara,184
Jalisco,183
Selangor,180
Riga,179
Pomerania,179
Campania,177
Hormozgan,175
Tbilisi,174
Oklahoma,173
Calabarzon,171
Hubei,169
Krasnodar Krai,167
Galicia,165
Pernambuco,163
Greater Accra,161
Geneva,159
Vilnius County,158
Novosibirsk,157
Primorsky Krai,157
New Mexico,156
Saitama,154
Almaty City,154
Punjab,153
Aichi,152
Nizhny Novgorod,152
Ceará,150
Henan,150
Tatarstan,150
Arkansas,150
Dnipropetrovshchyna,148
Central Denmark,146
Bahia,145
Mexico State,145
Makkah,145
New Taipei,145
Kansas,145
Yerevan,143
Schleswig-Holstein,143
Tuscany,143
Bihar,140
Nuevo León,140
New Hampshire,140
San José,139
Nevada,137
Amman,136
Rostov,136
Kentucky,136
Bern,135
Dhaka Division,134
Shaanxi,134
Trøndelag,134
Fujian,132
Chiba,132
Normandie,131
Abu Dhabi,128
Zagreb,127
Western,127
Western Australia,126
South Australia,125
East Java,125
Hunan,124
Samara,124
Idaho,123
Nebraska,123
Meknès-Tafilalet,120
Islamabad,120
Louisiana,119
Overijssel,118
Central Luzon,117
Rhode Island,117
Baku,115
Federal Capital Territory,115
Tunis,115
Chandigarh,112
Guanajuato,112
Goiás,111
Province 3,111
Manitoba,107
Pirkanmaa,107
Castile and León,106
Basque Country,106
Maine,104
Buenos Aires,103
Jharkhand,103
Oyo,102
Montevideo,102
Lower Austria,101
Central Macedonia,100
Tianjin,99
Addis Ababa,99
Styria,98
Munster,97
Flevoland,97
Bashkortostan,97
Thuringia,96
Burgundy-Franche-Comté,96
Groningen,95
Ljubljana,94
Northern Ostrobothnia,93
Querétaro,93
Brandenburg,92
Baja California,92
Taichung,92
Astana,90
Nova Scotia,88
Pest,88
Pichincha,87
Łódź,87
Northern Ireland,86
Bishkek,86
Chelyabinsk,86
Australian Capital Territory,84
Bremen,84
Östergötland,84
Mississippi,84
Paraíba,83
Abidjan,83
Hyogo,83
Aargau,81
Puebla,81
Amazonas,80
Southern Denmark,80
Centre-Val de Loire,80
Perm Krai,80
Eastern,80
Canary Islands,77
Odisha,77
Uttarākhand,77
Uppsala,76
Central,76
Upper Austria,75
Chongqing,75
