name,visitors,bounce_rate,visit_duration
Direct / None,5643,63,231
Bing,1258,70,105
Google,1013,81,133
Baidu,1012,79,85
python.org,199,0,475
doubao.com,75,54,330
link.zhihu.com,55,73,198
codecademy.cn,47,62,187
chatgpt.com,33,65,182
link.csdn.net,31,57,330
wapbaike.baidu.com,16,100,0
runoob.com,15,46,213
360.cn,13,92,7
Shenma,12,100,0
python-docs-translations.github.io,11,27,473
mooc1.chaoxing.com,10,30,56
quark.cn,10,56,146
ntp.msn.cn,8,50,22
c.biancheng.net,7,86,404
Sogou,6,67,0
chat.baidu.com,6,67,86
luminaedu.com,6,0,132
python.uihtm.com,6,0,205
blog.csdn.net,5,80,5
tongyi.com,5,60,119
GitHub,4,67,22
fastapi.tiangolo.com,4,100,14
mooc1-2.chaoxing.com,4,50,288
wiki.python.org,4,0,224
10.0.254.63,3,67,17
Ecosia,3,33,12
cnblogs.com,3,50,10
link.juejin.cn,3,100,1
mooc2-ans.chaoxing.com,3,50,2100
oi-wiki.org,3,100,85
volcengine.com,3,33,63
wolai.com,3,33,18
yuanbao.tencent.com,3,33,49
172.17.106.232,2,100,0
alidocs.dingtalk.com,2,100,0
bytedance.larkoffice.com,2,100,0
chat.qwen.ai,2,100,12
college.yingdao.com,2,50,24
idealab.alibaba-inc.com,2,0,133
leetcode.cn,2,100,4
mooc.istudy.szpu.edu.cn,2,100,0
opencsg.com,2,100,0
quickref.cn,2,100,0
realpython.com,2,0,1977
roadmap.sh,2,0,2
v2ex.com,2,100,0
web.shanbay.com,2,100,0
yuque.com,2,100,0
10.35.100.3,1,100,0
127.0.0.1,1,100,0
192.168.1.14,1,0,0
192.168.41.122,1,100,0
Perplexity,1,100,0
Wikipedia,1,0,0
ai.h3c.com,1,100,0
ai.quark.cn,1,100,0
aisearch.sogou.com,1,100,0
ask.csdn.net,1,0,20
baike.baidu.com,1,100,0
blog.python.org,1,0,604
bohrium.com,1,0,27
bot.n.cn,1,0,1664
byhy.net,1,0,16
bytetech.info,1,100,0
cat.aichatos8.com.cn,1,0,56
cell.com,1,0,25
codemao-guide.yuque.com,1,100,0
codernav.com,1,0,20
confluence-apps-us.asml.com,1,100,0
console.volcengine.com,1,100,0
copilot.microsoft.com,1,0,49
courses.zju.edu.cn,1,100,0
cs50.harvard.edu,1,0,2823
datawhalechina.github.io,1,100,0
desktop.arcgis.com,1,0,61
developer.aliyun.com,1,0,15
dida100.com,1,100,0
docs.aiohttp.org,1,0,1547
docs.paic.com.cn,1,0,32
docs.pydantic.dev,1,0,0
docs.qq.com,1,100,0
easychat.work,1,0,6
elearning.shanghaitech.edu.cn,1,100,0
geektutu.com,1,100,0
gitee.com,1,100,0
hello-ctf.com,1,100,0
help.aliyun.com,1,100,0
hkl25188264.hk.hsbc,1,0,0
hot.dawoai.com,1,0,269
hunyuan.tencent.com,1,100,0
i.zte.com.cn,1,0,14
iokays.com,1,100,0
ip.itmc.cn,1,100,0
it.caolu.xin,1,100,0
jianshu.com,1,0,21
lanz.hikvision.com,1,0,0
learnku.com,1,100,0
lenovo.ilive.cn,1,100,0
liaoxuefeng.com,1,0,1426
links.alipay.com,1,100,0
linuxmi.com,1,0,4
lonac-stu-web.luzhi.online,1,0,0
m.jb51.net,1,100,0
m.runoob.com,1,0,267
mlx.sankuai.com,1,100,0
momodel.cn,1,100,0
moodle.ecs.soton.ac.uk,1,0,0
next.chat.rnd.huawei.com,1,0,1931
nokiasonic.github.io,1,0,0
note.youdao.com,1,100,0
notion.so,1,100,0
oi.wiki,1,100,0
oiwiki.org,1,0,597
photutils.readthedocs.io,1,0,207
pingcode.masonsemi.com,1,100,0
pyloong.github.io,1,100,0
pypi.org,1,0,59
python.byted.org,1,100,0
python.github.net.cn,1,0,535
pythonhowto.readthedocs.io,1,0,0
pytk.net,1,100,0
q00enigbkuh.feishu.cn,1,0,2
qiita.com,1,0,1193
reference.langchain.com,1,0,24
run-noob.github.io,1,0,0
setuptools.pypa.io,1,0,83
showmeai.tech,1,0,24
spiderbox.cn,1,0,26
tkdocs.com,1,0,0
wcnd7323wurb.feishu.cn,1,0,8
wiki.archlinuxcn.org,1,0,50
www.bidianer.com,1,100,0
www.sbrdh.com,1,100,0
yuque.antfin.com,1,100,0
zdaiot.com,1,100,0
