name,visitors
Chrome,6900
Microsoft Edge,2197
Firefox,1244
Safari,642
Opera,217
Yandex Browser,146
Mobile App,90
360 Secure Browser,52
Sogou Explorer,52
(not set),24
Quark,20
QQ Browser,12
Samsung Browser,11
SberBrowser,10
Smart Lenovo Browser,10
MIUI Browser,8
Whale Browser,8
vivo Browser,8
AVG Secure Browser,4
Huawei Browser Mobile,4
Brave,3
Huawei Browser,3
Opera GX,3
Aloha Browser,2
Avast Secure Browser,2
Norton Private Browser,2
UC Browser,2
Atom,1
Chromium,1
Phoenix Browser,1
