name,visitors
Chrome,5259
Microsoft Edge,2025
Firefox,812
Opera,458
Safari,324
360 Secure Browser,142
Sogou Explorer,131
Yandex Browser,94
Mobile App,78
Smart Lenovo Browser,65
Quark,29
Samsung Browser,17
QQ Browser,14
Whale Browser,9
Huawei Browser Mobile,7
Huawei Browser,5
MIUI Browser,5
UC Browser,4
(not set),3
Avast Secure Browser,3
Brave,3
Iron,3
Pale Moon,3
vivo Browser,3
Safe Exam Browser,2
115 Browser,1
AVG Secure Browser,1
Chromium,1
JioSphere,1
Norton Private Browser,1
Opera Touch,1
