name,version,visitors
Windows,10,6881
Mac,10.15,1108
GNU/Linux,(not set),455
Windows,XP,241
Android,10,201
Mac,10.13,124
Windows,7,107
Ubuntu,(not set),76
iOS,18.7,75
iOS,18.6,35
Chrome OS,14541.0,29
Android,15,28
Android,12,19
iOS,18.5,15
Mac,10.14,13
iOS,26.1,12
Android,13,11
Android,16,8
Android,14,7
Windows,8.1,5
Android,11,4
Android,9,4
HarmonyOS,(not set),3
iOS,17.6,3
(not set),(not set),2
Android,10.0,2
iOS,11.2,2
Mac,15.7,2
iOS,16.1,2
iOS,17.4,2
iOS,17.5,2
iOS,18.1,2
iOS,18.2,2
iOS,26.0,2
iOS,26.2,2
HarmonyOS,3.0,2
Windows,Server 2003,2
Windows,Vista,2
UOS,(not set),1
Mac,10.9,1
iOS,12.1,1
iOS,14.4,1
iPadOS,15.6,1
iOS,15.6,1
iOS,15.8,1
iPadOS,16.2,1
iPadOS,16.7,1
iOS,16.7,1
iOS,17.2,1
iPadOS,17.7,1
