name,version,visitors
Windows,10,10349
Mac,10.15,1920
Android,10,704
GNU/Linux,(not set),696
iOS,18.5,346
Ubuntu,(not set),124
Windows,7,63
Android,14,58
Android,15,38
Chrome OS,14541.0,33
iOS,18.4,28
Android,12,24
Android,13,23
Android,11,18
iOS,18.3,18
iOS,18.1,11
Android,6.0,10
iOS,17.6,8
Windows,8.1,8
Mac,10.14,6
iOS,16.7,6
iOS,17.7,6
iOS,18.2,6
Android,9,6
iOS,12.5,5
iOS,10.3,4
iOS,16.6,4
iOS,17.4,4
Android,7.0,4
(not set),(not set),3
Mac,10.13,3
iOS,15.8,3
iOS,17.5,3
iOS,18.0,3
iOS,16.5,2
iOS,17.1,2
HarmonyOS,3.0,2
Windows,8,2
Android,8.1,2
Android,(not set),1
Mac,10.12,1
Mac,11.3,1
Mac,13.3,1
iOS,14.0,1
iOS,14.1,1
iOS,14.4,1
iOS,15.1,1
iPadOS,15.5,1
iOS,16.1,1
iPadOS,16.1,1
iOS,16.4,1
iPadOS,16.6,1
iOS,18.6,1
Android,7.1,1
Fire OS,8,1
Android,8.0,1
