name,visitors,bounce_rate,visit_duration
Direct / None,6987,83,101
Google,1790,80,197
python.org,144,73,210
Baidu,123,83,41
codecademy.cn,87,53,103
Bing,65,59,278
chatgpt.com,19,70,288
Yahoo!,15,76,107
qiita.com,13,71,265
DuckDuckGo,8,100,490
GitHub,8,60,528
Yandex,8,100,167
note.nkmk.me,7,100,331
udemy.com,7,100,268
Brave,6,0,471
Perplexity,6,67,196
quark.cn,6,100,13
netacad.com,4,67,901
peps.python.org,4,67,74
scanpy.readthedocs.io,4,100,0
translations.python.org,4,0,192
ghe.corp.yahoo.co.jp,3,67,130
l.meta.ai,3,100,0
mooc2-ans.chaoxing.com,3,67,2
python.it,3,100,26
360.cn,2,100,0
chat.baidu.com,2,100,86
doubao.com,2,0,183
es.python.org,2,0,100
hatenablog-parts.com,2,100,0
link.zhihu.com,2,100,5
newsuk1.com,2,0,207
opencsg.com,2,100,0
predev.skillsforall.com,2,67,91
2345.com,1,0,20
72.itmc.org.cn,1,0,0
Facebook,1,100,0
Instagram,1,100,0
Microsoft Teams,1,0,0
Nifty,1,100,8
Slack,1,100,0
Twitter,1,0,161
anndata.readthedocs.io,1,100,0
arika-blog.com,1,0,1358
atcoder.jp,1,100,0
athena.alxafrica.com,1,0,167
blenderartists.org,1,0,69
blog.tzing.tw,1,100,0
boot.dev,1,0,344
byhy.net,1,0,1497
campus.ebiseducation.com,1,100,0
clubedohardware.com.br,1,100,0
cnblogs.com,1,0,13
devdocs.io,1,100,0
discuss.python.org,1,100,0
dnmtechs.com,1,0,342
docs.paperless-ngx.com,1,100,0
docs.redhat.com,1,0,164
escueladigital3.mendoza.edu.ar,1,100,0
excel-ubara.com,1,0,745
formation.force-n.sn,1,100,0
habr-com.cdn.ampproject.org,1,0,26
ibm.com,1,0,16
jb51.net,1,100,0
link.csdn.net,1,0,0
linux.do,1,0,49
lms.skillfactory.ru,1,0,445
micropip.pyodide.org,1,0,764
notebooks.githubusercontent.com,1,100,0
ntp.msn.cn,1,100,0
packaging.python.org,1,0,50
padlet.com,1,100,0
pillow.readthedocs.io,1,0,0
pymupdf.readthedocs.io,1,0,0
pyodide.org,1,100,0
pythoninsider.blogspot.com,1,0,801
pywa.readthedocs.io,1,0,10
qianwen.com,1,100,0
rfm-team-redmine.d-skylab.com,1,100,0
roadmap.sh,1,0,2077
ru.hexlet.io,1,0,25
s3.cri.epita.fr,1,100,0
service.smt.docomo.ne.jp,1,100,0
skillbox.ru,1,0,145
taktak.jp,1,100,0
websockets.readthedocs.io,1,0,0
wiki.python.org,1,0,1330
