name,unique_exits,total_exits,exit_rate
/3.13/tutorial/index.html,3597,3705,
/3.13/using/windows.html,2913,2967,
/ja/3.13/c-api/capsule.html,1148,1157,
/3.13/index.html,854,872,
/3.13/,691,711,
/3.13/whatsnew/3.13.html,584,596,
/3.13/tutorial/,513,523,
/3.13/tutorial/interpreter.html,458,475,
/3.13/tutorial/appetite.html,337,341,
/3/,324,322,
/es/3.13/tutorial/index.html,294,302,
/zh-cn/3.13/tutorial/index.html,271,279,
/3.13/tutorial/introduction.html,253,267,
/ko/dev/c-api/marshal.html,242,244,
/3.13/search.html,218,224,
/3.13/library/stdtypes.html,211,217,
/3.13/library/functions.html,201,209,
/es/3.13/library/tkinter.html,175,179,
/3.13/library/index.html,170,184,
/fr/3.13/tutorial/index.html,163,166,
/3.13/tutorial/controlflow.html,157,168,
/ja/3.13/library/re.html,146,149,
/zh-cn/3.13/tutorial/introduction.html,139,148,
/zh-cn/3.13/,136,139,
/ja/3.13/library/functions.html,134,139,
/zh-cn/3.13/tutorial/controlflow.html,129,134,
/ja/3.13/library/datetime.html,123,135,
/ja/3.13/library/index.html,115,127,
/ja/3.13/library/stdtypes.html,102,104,
/uk/3.13/extending/extending.html,101,102,
/zh-cn/3.13/tutorial/interpreter.html,100,100,
/zh-cn/3.13/library/index.html,99,104,
/es/3.13/library/index.html,97,101,
/zh-cn/3.13/using/index.html,97,97,
/ja/3.13/library/logging.html,95,98,
/ja/3.13/library/subprocess.html,92,96,
/zh-cn/3.13/library/venv.html,91,93,
/ja/3.13/tutorial/,88,89,
/zh-cn/3.13/library/functions.html,87,90,
/es/3.13/tutorial/introduction.html,84,90,
/es/3.13/tutorial/venv.html,83,85,
/zh-cn/3.13/library/stdtypes.html,83,91,
/es/3.13/tutorial/interpreter.html,82,85,
/ja/3.13/library/random.html,82,86,
/ja/3.13/library/pathlib.html,80,84,
/es/3.13/tutorial/classes.html,79,84,
/es/3.13/tutorial/datastructures.html,76,78,
/zh-tw/3.13/tutorial/index.html,75,78,
/es/3.13/library/functions.html,74,77,
/ja/3.13/library/csv.html,73,78,
/zh-cn/3.13/tutorial/datastructures.html,71,74,
/zh-cn/3.13/search.html,70,71,
/3.13/installing/index.html,68,70,
/ja/3.13/library/json.html,68,68,
/3.13/library/,65,64,
/3.13/glossary.html,63,63,
/3.13/reference/index.html,62,63,
/3.13/library/tkinter.html,60,67,
/3.13/tutorial/datastructures.html,60,60,
/3.13/library/datetime.html,59,60,
/ja/3.13/library/typing.html,59,62,
/pt-br/3.13/library/index.html,58,59,
/es/3.13/library/stdtypes.html,56,61,
/zh-cn/3.13/index.html,56,57,
/ja/3.13/library/argparse.html,54,56,
/ja/3.13/library/time.html,54,56,
/ja/3.13/library/tkinter.html,54,54,
/es/3.13/tutorial/controlflow.html,53,54,
/zh-cn/3.13/tutorial/appetite.html,53,53,
/fr/3.13/tutorial/datastructures.html,52,56,
/ja/3.13/tutorial/classes.html,52,52,
/zh-cn/3.13/installing/index.html,52,53,
/3.13/library/idle.html,51,51,
/ja/3.13/library/exceptions.html,50,51,
/ja/3.13/library/os.path.html,50,50,
/zh-cn/3.13/tutorial/classes.html,50,50,
/es/3.13/search.html,49,50,
/ja/3.13/tutorial/inputoutput.html,49,50,
/zh-tw/3.13/library/venv.html,49,50,
/3/library/index.html,48,48,
/es/3.13/installing/index.html,48,48,
/3/library/functions.html,47,48,
/es/3.13/,47,47,
/ja/3.13/library/itertools.html,47,50,
/uk/3.13/howto/unicode.html,47,48,
/3/library/tkinter.html,46,46,
/3/tutorial/index.html,46,47,
/fr/3.13/tutorial/classes.html,46,47,
/zh-tw/3.13/library/json.html,46,48,
/3/library/stdtypes.html,45,44,
/zh-cn/3.13/using/android.html,45,45,
/es/3.13/tutorial/errors.html,44,44,
/ja/3.13/library/enum.html,44,44,
/zh-cn/3.13/library/re.html,44,46,
/ja/3.13/howto/sorting.html,43,46,
/ja/3.13/library/os.html,43,45,
/ja/3.13/search.html,43,45,
/3.13/tutorial/modules.html,42,42,
/3.13/using/cmdline.html,42,43,
/ja/3.13/library/sqlite3.html,42,42,
