name,unique_exits,total_exits,exit_rate
/pt-br/latest/guides/installing-using-pip-and-virtual-environments/,19,20,
/pt-br/latest/tutorials/installing-packages/,15,15,
/en/latest/specifications/binary-distribution-format/,4,4,
/en/latest/guides/writing-pyproject-toml/,3,3,
/pt-br/latest/guides/writing-pyproject-toml/,3,3,
/en/latest/flow/,2,2,
/en/latest/tutorials/installing-packages/,2,2,
/en/latest/tutorials/packaging-projects/,2,2,
/pt-br/latest/guides/section-install/,2,2,
/pt-br/latest/tutorials/managing-dependencies/,2,2,
/en/latest/contribute/,1,1,
/en/latest/glossary/,1,1,
/en/latest/guides/section-build-and-publish/,1,1,
/en/latest/overview/,1,1,
/pt-br/latest/discussions/distribution-package-vs-import-package/,1,1,
/pt-br/latest/discussions/downstream-packaging/,1,1,
/pt-br/latest/guides/,1,1,
/pt-br/latest/guides/distributing-packages-using-setuptools/,1,1,
/pt-br/latest/guides/dropping-older-python-versions/,1,1,
/pt-br/latest/guides/hosting-your-own-index/,1,1,
/pt-br/latest/guides/installing-using-linux-tools/,1,1,
/pt-br/latest/guides/installing-using-virtualenv/,1,1,
/pt-br/latest/guides/modernize-setup-py-project/,1,1,
/pt-br/latest/guides/tool-recommendations/,1,1,
/pt-br/latest/guides/using-testpypi/,1,1,
/pt-br/latest/key_projects/,1,1,
/pt-br/latest/overview/,1,1,
/pt-br/latest/specifications/core-metadata/,1,1,
/pt-br/latest/specifications/name-normalization/,1,1,
/pt-br/latest/specifications/platform-compatibility-tags/,1,1,
/pt-br/latest/specifications/virtual-environments/,1,1,
/pt-br/latest/tutorials/packaging-projects/,1,1,
