name,visitors
Seoul,107
N/A,52
N/A,49
Suwon,31
Seongnam-si,30
N/A,26
N/A,22
N/A,21
N/A,20
N/A,18
Ansan-si,18
N/A,17
N/A,17
N/A,17
N/A,16
Cheongju-si,14
N/A,14
N/A,13
Goyang-si,13
Changwon,13
Incheon,12
Anyang-si,11
Namyangju,11
Chuncheon,10
N/A,10
Uijeongbu-si,9
Cheonan,9
N/A,9
N/A,9
N/A,9
N/A,8
N/A,8
N/A,8
N/A,8
Guangzhou,7
Busan,7
Bucheon-si,7
N/A,7
Hwaseong-si,7
Jeonju,7
N/A,7
N/A,6
N/A,6
N/A,6
N/A,6
N/A,6
N/A,6
Gwangmyeong,6
N/A,6
N/A,6
N/A,6
N/A,6
Daegu,5
Osan,5
Gwangju,5
N/A,5
N/A,5
N/A,5
N/A,5
Liaocheng,4
Beijing,4
Yangp'yŏng,4
Daejeon,4
N/A,4
N/A,4
Shanghai,3
N/A,3
Yangju,3
N/A,3
N/A,3
Asan,3
Gumi,3
Jeju City,3
N/A,3
N/A,3
N/A,3
Sejong,3
Dumka,2
Banjarmasin,2
Wuxi,2
Shenzhen,2
Hangzhou,2
Chengdu,2
N/A,2
N/A,2
Wŏnju,2
Wanju,2
N/A,2
N/A,2
Boryeong,2
N/A,2
N/A,2
Gwangju,2
Kimhae,2
Icheon-si,2
N/A,2
N/A,2
Chinju,2
N/A,2
Tokyo,2
Warrington,2
Valencia,2
Atlanta,2
Ashburn,2
Paterson,2
San Jose,2
Colorado Springs,2
N/A,2
N/A,2
N/A,2
N/A,2
N/A,2
N/A,2
N/A,2
Krasnodar,1
Zunyi,1
Xiangtan,1
Wenzhou,1
Weifang,1
Taiyuan,1
Shijiazhuang,1
Shaoxing,1
Qingdao,1
Nanjing,1
Meishan,1
Lanzhou,1
Kunming,1
Handan,1
Fuyang,1
Changsha,1
Eisen,1
N/A,1
Ulsan,1
N/A,1
N/A,1
N/A,1
N/A,1
Nonsan,1
Mungyeong,1
Gyeongsan-si,1
Gyeongju,1
N/A,1
Gunsan,1
Gunpo,1
N/A,1
N/A,1
Gimcheon,1
N/A,1
N/A,1
Chinch'ŏn,1
Anseong,1
Nishinomiya-hama,1
Kumamoto,1
Kashiwa,1
N/A,1
Singapore,1
Suzhou,1
Harbin,1
College Station,1
Plano,1
Ridgefield Park,1
San Francisco,1
Seattle,1
N/A,1
N/A,1
N/A,1
N/A,1
N/A,1
N/A,1
N/A,1
N/A,1
N/A,1
N/A,1
N/A,1
N/A,1
N/A,1
Jeongeup,1
N/A,1
