name,unique_exits,total_exits,exit_rate
/it/3/tutorial/index.html,18,19,
/dev/using/windows.html,9,9,
/3/,8,8,
/it/3.13/tutorial/index.html,8,8,
/it/3.14/,7,7,
/it/3/tutorial/,7,7,
/it/3/tutorial/introduction.html,7,7,
/it/3/tutorial/interpreter.html,6,6,
/it/3.15/using/windows.html,5,5,
/it/3/tutorial/inputoutput.html,5,5,
/3.15/using/windows.html,4,4,
/it/3.14/tutorial/index.html,4,4,
/it/3/library/functions.html,4,4,
/it/3/,3,3,
/it/3/tutorial/appetite.html,3,3,
/it/3/tutorial/datastructures.html,3,3,
/3.14/,2,2,
/3.14/tutorial/datastructures.html,2,2,
/3.14/using/windows.html,2,2,
/3/library/index.html,2,2,
/3/library/typing.html,2,2,
/3/reference/index.html,2,2,
/3/tutorial/index.html,2,2,
/it/3.12/library/functions.html,2,2,
/it/3.12/tutorial/index.html,2,2,
/it/3.13/glossary.html,2,4,
/it/3.13/library/index.html,2,2,
/it/3.13/tutorial/appendix.html,2,2,
/it/3.14/contents.html,2,2,
/it/3.14/library/functions.html,2,2,
/it/3.14/library/math.html,2,1,
/it/3.14/library/socket.html,2,2,
/it/3.15/about.html,2,2,
/it/3.15/contents.html,2,3,
/it/3/tutorial/classes.html,2,2,
/it/3/tutorial/errors.html,2,2,
/3.12/library/pathlib.html,1,1,
/3.12/library/time.html,1,1,
/3.13/c-api/reflection.html,1,0,
/3.13/library/stdtypes.html,1,1,
/3.13/tutorial/appetite.html,1,1,
/3.13/tutorial/interpreter.html,1,1,
/3.14/library/email.message.html,1,0,
/3.14/library/index.html,1,1,
/3.14/library/secrets.html,1,1,
/3.14/library/stdtypes.html,1,1,
/3.14/library/time.html,1,1,
/3.14/tutorial/controlflow.html,1,1,
/3.14/tutorial/index.html,1,1,
/3.14/using/cmdline.html,1,1,
/3.14/using/unix.html,1,1,
/3.15/library/index.html,1,1,
/3/download.html,1,1,
/3/glossary.html,1,1,
/3/library/datetime.html,1,1,
/3/library/functions.html,1,1,
/3/library/math.html,1,1,
/3/library/socket.html,1,1,
/3/library/string.html,1,0,
/3/library/time.html,1,1,
/3/reference/compound_stmts.html,1,1,
/3/reference/import.html,1,1,
/3/reference/lexical_analysis.html,1,1,
/3/tutorial/inputoutput.html,1,1,
/3/tutorial/interpreter.html,1,1,
/dev/contents.html,1,1,
/dev/search.html,1,1,
/el/3.14/,1,1,
/fr/3.14/tutorial/appetite.html,1,1,
/fr/3.15/search.html,1,1,
/fr/3.15/using/mac.html,1,1,
/it/3.12/contents.html,1,1,
/it/3.12/library/index.html,1,1,
/it/3.12/library/math.html,1,1,
/it/3.12/py-modindex.html,1,1,
/it/3.12/reference/index.html,1,1,
/it/3.12/tutorial/classes.html,1,1,
/it/3.12/tutorial/modules.html,1,1,
/it/3.12/whatsnew/3.12.html,1,1,
/it/3.13/,1,1,
/it/3.13/howto/index.html,1,1,
/it/3.13/library/functions.html,1,1,
/it/3.13/library/hashlib.html,1,1,
/it/3.13/library/os.html,1,1,
/it/3.13/library/os.path.html,1,1,
/it/3.13/py-modindex.html,1,1,
/it/3.13/reference/compound_stmts.html,1,1,
/it/3.13/tutorial/,1,1,
/it/3.13/tutorial/controlflow.html,1,1,
/it/3.13/tutorial/datastructures.html,1,1,
/it/3.13/tutorial/introduction.html,1,1,
/it/3.13/tutorial/stdlib2.html,1,1,
/it/3.14/glossary.html,1,1,
/it/3.14/howto/a-conceptual-overview-of-asyncio.html,1,1,
/it/3.14/howto/logging-cookbook.html,1,1,
/it/3.14/index.html,1,1,
/it/3.14/installing/index.html,1,1,
/it/3.14/library/__future__.html,1,1,
/it/3.14/library/hashlib.html,1,1,
/it/3.14/library/time.html,1,1,
