name,version,visitors
Chrome,135.0,1410
Chrome,136.0,681
Microsoft Edge,136.0,613
Microsoft Edge,135.0,269
Firefox,138.0,267
Safari,18.4,127
Chrome,134.0,119
Firefox,137.0,112
Opera,118.0,69
Yandex Browser,25.2,67
Firefox,128.0,61
Mobile App,(not set),60
Chrome,133.0,30
Chrome,122.0,27
Firefox,136.0,27
Chrome,132.0,26
Smart Lenovo Browser,9.0,23
Chrome,131.0,19
Safari,18.3,19
Quark,(not set),16
Microsoft Edge,134.0,16
Chrome,130.0,14
Yandex Browser,25.4,12
Firefox,134.0,11
Chrome,126.0,10
Safari,17.6,9
Safari,18.0,9
Microsoft Edge,131.0,8
Firefox,133.0,8
Firefox,135.0,8
Chrome,109.0,7
Chrome,129.0,7
Microsoft Edge,132.0,7
Microsoft Edge,92.0,7
Firefox,115.0,6
Chrome,128.0,6
Chrome,86.0,6
Opera,117.0,5
Chrome,123.0,5
Chrome,127.0,5
QQ Browser,13.7,5
Avast Secure Browser,134.0,5
Chrome,138.0,5
Firefox,139.0,5
Safari,16.6,5
Safari,(not set),4
Microsoft Edge,100.0,4
Yandex Browser,24.7,4
Chrome,91.0,4
Chrome,108.0,3
Chrome,110.0,3
Chrome,114.0,3
Chrome,118.0,3
Huawei Browser,12.1,3
Microsoft Edge,120.0,3
Chrome,125.0,3
Firefox,127.0,3
Firefox,132.0,3
Microsoft Edge,133.0,3
Mobile App,135.0,3
Safari,18.1,3
Safari,18.2,3
Safari,19.0,3
Sogou Explorer,2,3
SberBrowser,26.0,3
Samsung Browser,28.0,3
Chrome,101.0,2
Firefox,102.0,2
Microsoft Edge,109.0,2
Firefox,112.0,2
Microsoft Edge,116.0,2
Chrome,121.0,2
Microsoft Edge,122.0,2
Mobile App,124.0,2
Microsoft Edge,127.0,2
Microsoft Edge,129.0,2
Firefox,130.0,2
Mobile App,134.0,2
Chrome,137.0,2
Firefox,137.2,2
Yandex Browser,17.4,2
Safari,17.5,2
UC Browser,17.5,2
Falkon,24.01,2
Yandex Browser,24.10,2
Yandex Browser,24.12,2
vivo Browser,24.3,2
SberBrowser,25.0,2
Yandex Browser,25.27,2
Samsung Browser,27.0,2
Notion,4.8,2
Safari,60.5,2
Quark,7.11,2
Opera,87.0,2
Opera,95.0,2
Konqueror,(not set),1
360 Secure Browser,(not set),1
Chrome,102.0,1
Chrome,106.0,1
Chrome,107.0,1
Chrome,111.0,1
Microsoft Edge,111.0,1
Mobile App,114.0,1
Microsoft Edge,114.0,1
Chrome,116.0,1
Microsoft Edge,117.0,1
Mobile App,117.0,1
Safari,12.1,1
Chrome,121.15,1
Microsoft Edge,123.0,1
Firefox,124.0,1
Chrome,124.0,1
Microsoft Edge,125.0,1
Firefox,125.0,1
Microsoft Edge,126.0,1
Microsoft Edge,128.0,1
Firefox,129.0,1
Safari,13.1,1
Samsung Browser,13.2,1
QQ Browser,13.6,1
Microsoft Edge,130.0,1
AVG Secure Browser,134.0,1
MIUI Browser,14.9,1
Safari,15.2,1
Safari,16.0,1
Safari,16.1,1
Safari,16.3,1
Safari,17.4,1
Safari,18.5,1
MIUI Browser,19.4,1
Yandex Browser,23.11,1
vivo Browser,24.0,1
vivo Browser,24.2,1
Safe Exam Browser,3.9,1
Maxthon,7.5,1
Mobile App,97.0,1
Chrome,97.0,1
