name,visitors
Singapore,60
Tokyo,50
Munich,49
Moscow,44
Paris,41
Chennai,39
Cape Town,39
Bengaluru,38
Chicago,36
New York City,36
Frankfurt am Main,33
Mumbai,32
Amsterdam,30
Hyderabad,28
Guangzhou,28
Beijing,27
Bogotá,27
Los Angeles,27
Warsaw,26
Toronto,26
Kyiv,23
Hangzhou,23
São Paulo,23
Taipei,22
Berlin,22
Sydney,21
Reston,21
Hong Kong,20
Vienna,20
Prague,20
Ashburn,20
New Delhi,19
Madrid,19
San Jose,19
Shenzhen,18
Shanghai,18
Nanjing,18
Seattle,18
Saint Petersburg,17
N/A,17
Zürich,15
Stuttgart,15
Chongqing,14
Budapest,14
Oslo,14
Milan,14
Tashkent,13
Stockholm,13
Medellín,13
Montréal,13
Hanoi,12
Jakarta,12
Chengdu,12
Tel Aviv,11
Istanbul,11
Kolkata,11
Melbourne,11
Barcelona,11
Santiago,11
Johannesburg,10
Ho Chi Minh City,10
Taichung,10
London,10
Phoenix,10
Helsinki,9
Pune,9
Bangkok,9
Kaohsiung,9
Kuala Lumpur,9
Kraków,9
Tucson,9
Nairobi,8
Nizhniy Novgorod,8
Belgrade,8
Delhi,8
Hsinchu,8
Wuhan,8
Brussels,8
Hamburg,8
Mexico City,8
Ankara,7
Tsuen Wan,7
N/A,7
Chiba,7
Gdańsk,7
Zagreb,7
Atlanta,7
Austin,7
San Diego,7
Denver,7
Salt Lake City,7
Vancouver,7
Noida,7
Riyadh,6
Cairo,6
Voronezh,6
Minsk,6
Dnipro,6
Kamyanske,6
Sofia,6
Faisalabad,6
Dhaka,6
Thiruvananthapuram,6
Kathmandu,6
Auckland,6
Lagos,6
Hannover,6
Gießen,6
Bergen,6
Naples,6
Recife,6
Rio de Janeiro,6
Lima,6
Tijuana,6
Baltimore,6
Dallas,6
Houston,6
Brooklyn,6
Portland,6
Dubai,5
Samara,5
Perm,5
Bucharest,5
Kharkiv,5
Visakhapatnam,5
Bhopāl,5
Novosibirsk,5
Da Nang,5
Taoyuan,5
N/A,5
Seoul,5
Perth,5
Copenhagen,5
Manchester,5
Graz,5
Nürnberg,5
Leipzig,5
Düsseldorf,5
Dresden,5
Dublin,5
Goiânia,5
Araraquara,5
Philadelphia,5
Ashland,5
Minneapolis,5
Abu Dhabi,4
Ramat Gan,4
Novorossiysk,4
Krasnodar,4
Yerevan,4
Pretoria,4
Kabul,4
Colombo,4
Ludhiāna,4
Coimbatore,4
Bhubaneshwar,4
Agra,4
Almaty,4
Quezon City,4
Hefei,4
N/A,4
Osaka,4
Kawasaki,4
N/A,4
Shenyang,4
Christchurch,4
Accra,4
Ibadan,4
Casablanca,4
Łódź,4
Dąbrowa Górnicza,4
Sassari,4
Rome,4
Podgorica,4
Ljubljana,4
N/A,4
Buenos Aires,4
Brasília,4
Puebla,4
Guadalajara,4
Miami,4
St. Petersburg,4
Washington,4
Boston,4
Hoboken,4
Santa Clara,4
Albuquerque,4
Boardman,4
Lehi,4
Redmond,4
Kampala,3
Amman,3
Jerusalem,3
Muscat,3
Addis Ababa,3
Rostov-na-Donu,3
Baku,3
Tallinn,3
Vilnius,3
Tbilisi,3
Tampere,3
Cluj-Napoca,3
Rivne,3
Lviv,3
Szeged,3
Encs,3
Maputo,3
Ahmedabad,3
Omsk,3
Kemerovo,3
Chelyabinsk,3
Bekasi,3
San Juan,3
Kampung Baharu Nilai,3
Zhengzhou,3
Xi’an,3
Xiamen,3
Tianjin,3
Jinan,3
Changsha,3
Yangp'yŏng,3
Canberra,3
Brisbane,3
Tripoli,3
Douala,3
Luanda,3
Lisbon,3
Valencia,3
Kongens Lyngby,3
City of Westminster,3
Southampton,3
Aylesbury,3
Bern,3
Vila Nova de Gaia,3
Antwerpen,3
Mannheim,3
Mainz,3
Konstanz,3
Delmenhorst,3
Braunschweig,3
Nice,3
Mérignac,3
Marseille,3
Lille,3
Chambéry,3
Bois-Colombes,3
Bratislava,3
Olomouc,3
Poznań,3
Katowice,3
Bologna,3
Araguaína,3
São Caetano do Sul,3
Salvador,3
Belo Horizonte,3
Guatemala City,3
N/A,3
Cali,3
Santiago de Querétaro,3
Washington,3
Dover,3
Jacksonville,3
Woodstock,3
Manhattan,3
Saint Charles,3
Columbus,3
Arlington,3
Bartlett,3
Buffalo Grove,3
Albany,3
The Bronx,3
Ithaca,3
Irvine,3
Oakland,3
San Francisco,3
Littleton,3
Boucherville,3
Calgary,3
Zhongshan,3
N/A,3
Sāmarrā’,2
Jeddah,2
Dammam,2
Dar es Salaam,2
Rethymno,2
Athens,2
Beirut,2
Petaẖ Tiqwa,2
Haifa,2
Kırıkkale,2
Riga,2
Volgograd,2
Tolyatti,2
N/A,2
Petrozavodsk,2
Mokshan,2
Kirov,2
Istra,2
Bryansk,2
Balashikha,2
