name,unique_exits,total_exits,exit_rate
/3.12/,360,371,
/3.12/tutorial/index.html,246,259,
/3.12/whatsnew/3.12.html,183,183,
/3.12/using/windows.html,161,161,
/3.12/library/functions.html,139,143,
/3.12/library/stdtypes.html,108,110,
/3.12/search.html,103,106,
/3.12/tutorial/,81,81,
/3.12/library/2to3.html,79,80,
/3.12/library/typing.html,72,73,
/3.12/library/datetime.html,69,70,
/3.12/library/,68,68,
/3.12/library/index.html,63,63,
/3.12/index.html,58,62,
/3.12/tutorial/interpreter.html,50,50,
/3.12/library/os.html,45,45,
/3.12/tutorial/introduction.html,42,42,
/3.12/tutorial/controlflow.html,41,42,
/ja/3.12/library/codecs.html,40,40,
/3/,39,38,
/3.12/library/exceptions.html,38,39,
/3.12/library/os.path.html,34,35,
/3.12/library/re.html,32,34,
/3.12/tutorial/appetite.html,32,35,
/3.12/library/telnetlib.html,30,32,
/3.12/library/tkinter.html,30,32,
/zh-cn/3.12/using/mac.html,29,29,
/3.12/download.html,28,30,
/3.12/library/itertools.html,28,28,
/3.12/library/random.html,26,26,
/3.12/library/io.html,22,22,
/zh-cn/3.12/tutorial/index.html,22,23,
/3.12/installing/index.html,20,20,
/3.12/library/enum.html,20,20,
/zh-cn/3.12/library/index.html,20,21,
/3.12/library/threading.html,19,20,
/3/library/functions.html,19,19,
/3.12/library/pathlib.html,18,18,
/zh-cn/3.12/,18,18,
/3.12/library/sqlite3.html,17,17,
/3.12/library/sys.html,17,17,
/3/library/typing.html,17,16,
/3.12/library/asyncio-task.html,16,16,
/3.12/library/collections.html,16,16,
/3.12/library/json.html,16,16,
/3.12/library/turtle.html,16,16,
/3.12/library/asyncio.html,15,15,
/3.12/library/math.html,15,16,
/3.12/reference/datamodel.html,15,15,
/3.12/tutorial/classes.html,15,15,
/3.13/,15,15,
/zh-cn/3.12/library/stdtypes.html,15,16,
/3.12/library/argparse.html,14,14,
/3.12/library/string.html,14,14,
/3.12/library/time.html,14,14,
/3.12/tutorial/datastructures.html,14,14,
/es/3.12/tutorial/index.html,14,14,
/zh-cn/3.12/search.html,14,14,
/3.12/library/csv.html,13,15,
/3.12/library/logging.html,13,14,
/3.12/py-modindex.html,13,13,
/3.12/reference/index.html,13,13,
/uk/3.12/library/turtle.html,13,13,
/3.12/library/cgi.html,12,11,
/3.12/library/dataclasses.html,12,12,
/3.12/library/tempfile.html,12,12,
/3.12/tutorial/modules.html,12,14,
/3.12/using/cmdline.html,12,12,
/zh-cn/3.12/library/functions.html,12,13,
/3.12/contents.html,11,11,
/3.12/library/ast.html,11,11,
/3.12/glossary.html,10,10,
/3.12/library/functools.html,10,10,
/3.12/library/multiprocessing.html,10,10,
/3.12/library/venv.html,10,10,
/3.12/reference/compound_stmts.html,10,9,
/3.12/library/subprocess.html,9,9,
/3.12/library/tarfile.html,9,9,
/3.14/whatsnew/3.14.html,9,9,
/3/library/datetime.html,9,9,
/3/search.html,9,9,
/3/tutorial/index.html,9,9,
/ja/3.12/,9,12,
/zh-cn/3.12/library/venv.html,9,9,
/3.12/library/ctypes.html,8,9,
/3.12/library/ssl.html,8,8,
/3.12/library/unittest.mock.html,8,8,
/3.12/tutorial/inputoutput.html,8,9,
/3.12/whatsnew/changelog.html,8,12,
/3/library/asyncio-task.html,8,8,
/3/library/venv.html,8,7,
/3/tutorial/datastructures.html,8,8,
/zh-cn/3.12/index.html,8,8,
/zh-cn/3.12/whatsnew/3.12.html,8,9,
/3.12/library/audioop.html,7,7,
/3.12/library/pipes.html,7,7,
/3.12/library/queue.html,7,7,
/3.12/library/signal.html,7,7,
/3.12/library/tkinter.ttk.html,7,8,
/3.12/library/unittest.html,7,7,
