name,visitors
California,130
Bavaria,77
England,74
New York,72
Île-de-France,64
Tokyo,63
Virginia,62
Guangdong,54
Hesse,51
Illinois,49
São Paulo,48
Tamil Nadu,47
Maharashtra,46
Moscow,46
Massachusetts,44
Texas,42
Ontario,40
Karnataka,40
Western Cape,39
Baden-Württemberg,36
Washington,33
Florida,31
North Holland,30
Beijing,28
Zhejiang,28
Telangāna,28
Capital District,27
Delhi,27
Mazovia,27
Arizona,26
North Rhine-Westphalia,25
New South Wales,24
Jiangsu,24
Madrid Autonomous Community,23
Kyiv,23
Quebec,22
Berlin,22
Taipei,22
Lower Saxony,21
Vienna,20
Prague,20
Stockholm,20
New Taipei,20
Seoul,19
Flanders,18
Zürich,18
Shanghai,18
Lombardy,18
Saint Petersburg,18
Utah,18
Georgia,17
Maryland,17
Catalonia,16
Uttar Pradesh,16
Colorado,16
New Jersey,16
Gauteng,16
Sichuan,15
Jakarta,15
Tel Aviv,15
Oregon,15
Pennsylvania,15
Chongqing,14
Budapest,14
Oslo,14
Dnipropetrovshchyna,14
Antioquia,13
Provence-Alpes-Côte-d'Azur,13
Chiba,13
Silesia,13
Tashkent,13
British Columbia,12
Saxony,12
Ohio,12
Hanoi,12
Victoria,11
Santiago Metropolitan,11
Capital Region,11
Kerala,11
West Bengal,11
Kuala Lumpur,11
South Holland,11
Istanbul,11
Kaohsiung,11
Michigan,11
North Carolina,11
Uusimaa,10
Metro Manila,10
Punjab,10
Taichung,10
Minnesota,10
Ho Chi Minh City,10
Buenos Aires Province,9
Minas Gerais,9
Auvergne-Rhône-Alpes,9
Grand-Est,9
Osaka,9
Gyeonggi,9
Ciudad de Mexico,9
Lesser Poland,9
Pomerania,9
Krasnodar Krai,9
Bangkok,9
Indiana,9
Brussels,8
Alberta,8
Hubei,8
Shandong,8
Hamburg,8
Rhineland-Palatinate,8
Cairo,8
Andhra Pradesh,8
Campania,8
Nairobi County,8
Western,8
Jalisco,8
Bucharest,8
Beograd,8
Nizhny Novgorod,8
Hsinchu County,8
Taoyuan,8
Missouri,8
Schleswig-Holstein,7
Occitanie,7
Scotland,7
Kwai Tsing New Territories,7
Tsuen Wan New Territories,7
Zagreb,7
West Java,7
Emilia-Romagna,7
Moscow Province,7
Samara,7
Ankara,7
Kansas,7
Dhaka Division,6
Wallonia,6
Sofia,6
Goiás,6
Pernambuco,6
Rio de Janeiro,6
Minsk,6
Valencian Community,6
Brittany,6
Gujarat,6
Punjab,6
Kanagawa,6
Baja California,6
Lagos,6
Vestland,6
Province 3,6
Auckland,6
Lima,6
Novosibirsk,6
Voronezh,6
Riyadh,6
Kentucky,6
Dubai,5
Styria,5
Western Australia,5
Santa Catarina,5
Anhui,5
Fujian,5
Hunan,5
Shaanxi,5
Northern Ireland,5
Kowloon City Kowloon,5
Leinster,5
Central,5
Madhya Pradesh,5
Odisha,5
North Brabant,5
Lisbon,5
Porto,5
Perm Krai,5
Bratislava,5
Kharkivshchyna,5
Delaware,5
South Carolina,5
Wisconsin,5
Da Nang,5
Abu Dhabi,4
Kabul,4
Yerevan,4
Buenos Aires,4
Bahia,4
Federal District,4
Rio Grande do Sul,4
Tocantins,4
Henan,4
Liaoning,4
Valle del Cauca,4
Pirkanmaa,4
Nouvelle-Aquitaine,4
Greater Accra,4
Haifa,4
Rajasthan,4
Uttarākhand,4
Veneto,4
Lazio,4
Sardinia,4
Almaty City,4
Meknès-Tafilalet,4
Podgorica,4
Puebla,4
Oyo,4
Canterbury,4
Łódź,4
Penza,4
Rostov,4
Ljubljana,4
Zakarpattia,4
Iowa,4
Idaho,4
Mississippi,4
New Hampshire,4
New Mexico,4
Oklahoma,4
Tennessee,4
Luanda,3
Australian Capital Territory,3
Queensland,3
Baku,3
Amazonas,3
Bern,3
Littoral,3
Jiangxi,3
Tianjin,3
Yunnan,3
Olomouc,3
Thuringia,3
Harjumaa,3
Andalusia,3
Addis Ababa,3
Hauts-de-France,3
Tbilisi,3
Guatemala,3
Borsod-Abaúj-Zemplén,3
Csongrád,3
East Java,3
Jerusalem,3
Amman,3
Miyagi,3
Aichi,3
Hyogo,3
Vilnius County,3
Tripoli,3
Tangier-Tétouan,3
Oriental,3
Querétaro,3
Tamaulipas,3
Negeri Sembilan,3
Maputo,3
Gelderland,3
Muscat,3
Calabarzon,3
Kuyavia-Pomerania,3
Greater Poland,3
Cluj,3
Chelyabinsk,3
Kemerovo,3
Omsk,3
Skåne,3
Lvivshchyna,3
Poltavshchyna,3
Rivnenshchyna,3
Cherkashchyna,3
Central,3
Washington DC,3
Montana,3
Mendoza,2
Salzburg,2
Saint Michael,2
Rajshahi Division,2
BM-HC,2
Maranhão,2
Mato Grosso,2
Piauí,2
Paraná,2
Vitebsk,2
Kinshasa,2
Aargau,2
Geneva,2
Vaud,2
Zug,2
Arica y Parinacota,2
Bío Bío,2
Jilin,2
Atlántico,2
Huila,2
Meta,2
Norte de Santander,2
San José,2
South Bohemia,2
Mecklenburg-Vorpommern,2
Saarland,2
Northern Denmark,2
Central Denmark,2
Pichincha,2
Saaremaa,2
Basque Country,2
