name,visitors,pageviews,bounce_rate,time_on_page,scroll_depth
/ja/dev/library/mmap.html,481,489,96,4,27
/ja/3/library/codecs.html,314,356,90,3,7
/ja/3/c-api/import.html,270,295,89,7,22
/ja/3.13/library/functions.html,228,285,76,69,42
/ja/3/,211,269,48,23,72
/ja/3.13/tutorial/,196,282,58,36,54
/ja/3.13/library/stdtypes.html,186,192,75,59,33
/ja/3/library/functions.html,182,187,78,67,45
/ja/3/library/index.html,175,215,57,33,49
/ja/3.13/library/datetime.html,169,190,81,56,29
/ja/3/library/stdtypes.html,155,175,85,97,40
/ja/3/tutorial/index.html,149,211,58,37,61
/ja/3/tutorial/,144,205,56,38,59
/ja/3.13/library/re.html,143,173,82,43,35
/ja/3.13/library/index.html,140,168,65,657,55
/ja/3.13/library/subprocess.html,114,117,85,61,32
/ja/3.13/library/pathlib.html,109,117,80,66,37
/ja/3/tutorial/datastructures.html,105,106,85,104,52
/ja/3.13/library/logging.html,102,112,83,33,41
/ja/3.13/library/json.html,100,102,86,33,34
/ja/3/search.html,98,187,21,22,56
/ja/3/tutorial/interpreter.html,95,102,53,59,71
/ja/3.13/library/csv.html,94,104,84,58,45
/ja/3.13/library/random.html,94,94,90,50,30
/ja/3.13/tutorial/index.html,91,110,61,43,55
/ja/3.13/tutorial/interpreter.html,89,101,76,42,72
/ja/3/tutorial/introduction.html,85,88,70,244,59
/ja/3.13/search.html,83,127,27,15,42
/ja/3.13/installing/index.html,82,79,83,40,60
/ja/3.13/tutorial/errors.html,78,71,84,100,38
/ja/3/tutorial/controlflow.html,78,77,69,134,53
/ja/3.13/library/math.html,77,78,91,20,34
/ja/3/tutorial/appetite.html,76,66,45,91,83
/ja/3.13/library/typing.html,75,75,83,50,29
/ja/3.13/library/exceptions.html,74,78,82,26,44
/ja/3.13/tutorial/inputoutput.html,71,69,67,76,57
/ja/3.13/library/os.path.html,68,71,90,30,38
/ja/3.13/tutorial/introduction.html,67,95,67,150,51
/ja/3.13/tutorial/controlflow.html,65,99,71,131,44
/ja/3/library/datetime.html,65,72,91,71,56
/ja/3.13/library/tkinter.html,62,70,87,51,44
/ja/3.13/howto/sorting.html,61,67,86,31,34
/ja/3/library/venv.html,60,61,88,48,41
/ja/3.13/library/os.html,58,59,73,69,40
/ja/3.13/library/enum.html,57,55,85,54,28
/ja/3.13/tutorial/classes.html,56,55,86,129,41
/ja/3.13/library/argparse.html,52,59,84,32,35
/ja/3.13/library/venv.html,52,51,86,27,27
/ja/3.13/,51,55,46,14,74
/ja/3.13/glossary.html,51,51,55,30,48
/ja/3.13/tutorial/modules.html,51,50,90,83,59
/ja/3.13/library/string.html,50,52,74,22,42
/ja/3/reference/index.html,50,84,58,25,70
/ja/3.13/library/time.html,49,49,86,35,34
/ja/3.13/using/windows.html,49,44,89,44,33
/ja/3.13/library/socket.html,48,53,85,66,46
/ja/3.13/tutorial/appetite.html,48,42,27,69,80
/ja/3/index.html,48,52,47,6,69
/ja/3/reference/compound_stmts.html,48,45,82,54,38
/ja/3.13/whatsnew/index.html,47,67,63,10,20
/ja/3/library/exceptions.html,46,43,77,51,50
/ja/3.13/library/concurrent.futures.html,44,46,87,47,39
/ja/3.13/reference/datamodel.html,44,43,83,36,36
/ja/3.13/tutorial/datastructures.html,44,44,58,135,53
/ja/3.13/library/io.html,43,45,86,47,37
/ja/3.13/reference/index.html,43,61,50,17,72
/ja/3.13/library/itertools.html,42,46,81,87,20
/ja/3.13/library/multiprocessing.html,42,52,68,65,26
/ja/3/glossary.html,42,45,47,16,41
/ja/3/library/random.html,41,42,94,35,34
/ja/3.13/library/sqlite3.html,40,45,86,100,27
/ja/3/tutorial/classes.html,40,39,77,58,61
/ja/3/using/cmdline.html,40,46,76,63,31
/ja/dev/tutorial/errors.html,40,42,81,35,37
/ja/3.13/index.html,39,46,22,8,77
/ja/3.13/library/threading.html,39,38,91,56,43
/ja/3/library/os.html,39,34,70,143,37
/ja/3/library/re.html,37,35,81,88,35
/ja/3/tutorial/modules.html,37,43,57,144,50
/ja/3.13/library/asyncio-task.html,36,38,90,80,34
/ja/3.13/library/glob.html,35,35,83,57,51
/ja/3.13/library/shutil.html,35,32,81,26,36
/ja/3.13/library/struct.html,35,40,81,26,39
/ja/3/library/xml.etree.elementtree.html,35,42,79,105,41
/ja/3.13/library/dataclasses.html,34,36,77,49,38
/ja/3/library/math.html,34,45,73,77,43
/ja/3/library/pathlib.html,34,34,82,31,41
/ja/3.13/library/logging.handlers.html,32,34,80,26,34
/ja/3.13/library/__main__.html,31,31,92,81,41
/ja/3.13/library/tempfile.html,31,33,72,22,50
/ja/3.13/tutorial/floatingpoint.html,31,31,95,104,57
/ja/3.13/howto/logging.html,30,36,93,85,49
/ja/3.13/library/decimal.html,30,44,69,86,26
/ja/3.13/library/unittest.mock.html,30,31,83,194,29
/ja/3.13/library/abc.html,29,28,96,57,50
/ja/3.13/library/tkinter.ttk.html,29,34,93,29,25
/ja/3/howto/logging-cookbook.html,29,31,80,101,38
/ja/3/reference/expressions.html,29,39,69,167,67
/ja/3.13/library/idle.html,28,27,83,20,28
/ja/3.13/reference/lexical_analysis.html,28,25,55,89,49
