name,unique_exits,total_exits,exit_rate
/pl/3/tutorial/datastructures.html,14,14,
/pl/3/tutorial/index.html,11,12,
/pl/3/tutorial/introduction.html,9,9,
/3/,8,9,
/pl/3.13/tutorial/datastructures.html,8,16,
/pl/3/installing/index.html,8,8,
/pl/dev/library/turtle.html,6,7,
/pl/3.13/tutorial/introduction.html,5,5,
/pl/3/tutorial/controlflow.html,5,5,
/pl/3/tutorial/venv.html,5,5,
/pl/3.13/tutorial/controlflow.html,4,4,
/pl/3/,4,4,
/pl/3/library/datetime.html,4,4,
/pl/3.13/,3,3,
/pl/3.13/tutorial/classes.html,3,3,
/pl/3.13/tutorial/errors.html,3,3,
/pl/3/library/index.html,3,3,
/pl/3/library/stdtypes.html,3,4,
/pl/3/tutorial/classes.html,3,3,
/pl/dev/library/functions.html,3,3,
/3.13/,2,2,
/3.13/tutorial/introduction.html,2,2,
/3.13/using/windows.html,2,2,
/3.14/library/itertools.html,2,2,
/3.15/tutorial/index.html,2,2,
/3/tutorial/errors.html,2,2,
/pl/3.13/library/decimal.html,2,2,
/pl/3.13/library/functions.html,2,2,
/pl/3.13/reference/compound_stmts.html,2,2,
/pl/3.13/tutorial/index.html,2,2,
/pl/3.13/tutorial/interpreter.html,2,2,
/pl/3.14/library/pathlib.html,2,2,
/pl/3/extending/extending.html,2,2,
/pl/3/library/array.html,2,2,
/pl/3/tutorial/appetite.html,2,2,
/pl/3/using/mac.html,2,2,
/pl/dev/tutorial/classes.html,2,2,
/pl/dev/tutorial/datastructures.html,2,2,
/pl/dev/whatsnew/3.14.html,2,2,
//3/library/index.html,1,1,
//3/library/os.html,1,1,
/3.12/using/windows.html,1,1,
/3.13/contents.html,1,1,
/3.13/extending/building.html,1,1,
/3.13/library/idle.html,1,1,
/3.13/search.html,1,1,
/3.13/tutorial/,1,1,
/3.13/tutorial/index.html,1,1,
/3.14/,1,1,
/3/library/exceptions.html,1,1,
/3/library/functions.html,1,1,
/3/library/idle.html,1,1,
/3/library/pathlib.html,1,1,
/3/library/socket.html,1,1,
/3/library/string.html,1,1,
/3/library/time.html,1,1,
/3/library/turtle.html,1,1,
/3/tutorial/,1,1,
/3/tutorial/controlflow.html,1,1,
/3/tutorial/index.html,1,1,
/3/tutorial/venv.html,1,1,
/es/3.15/tutorial/classes.html,1,1,
/ko/3.13/library/stdtypes.html,1,1,
/ko/3.13/tutorial/datastructures.html,1,1,
/pl/3.12/library/array.html,1,1,
/pl/3.12/library/codecs.html,1,1,
/pl/3.12/library/doctest.html,1,1,
/pl/3.12/tutorial/interpreter.html,1,1,
/pl/3.12/using/windows.html,1,1,
/pl/3.13/download.html,1,1,
/pl/3.13/faq/index.html,1,1,
/pl/3.13/glossary.html,1,1,
/pl/3.13/howto/logging.html,1,1,
/pl/3.13/library/fractions.html,1,1,
/pl/3.13/library/random.html,1,1,
/pl/3.13/library/stdtypes.html,1,1,
/pl/3.13/search.html,1,1,
/pl/3.13/tutorial/,1,1,
/pl/3.13/tutorial/appetite.html,1,1,
/pl/3.13/tutorial/inputoutput.html,1,1,
/pl/3.13/tutorial/interactive.html,1,1,
/pl/3.13/using/windows.html,1,1,
/pl/3.13/whatsnew/3.9.html,1,1,
/pl/3.13/whatsnew/changelog.html,1,1,
/pl/3.14/library/tracemalloc.html,1,1,
/pl/3.14/whatsnew/3.9.html,1,1,
/pl/3.15/download.html,1,1,
/pl/3/bugs.html,1,1,
/pl/3/contents.html,1,1,
/pl/3/glossary.html,1,1,
/pl/3/index.html,1,1,
/pl/3/library/functions.html,1,1,
/pl/3/library/idle.html,1,1,
/pl/3/py-modindex.html,1,1,
/pl/3/reference/compound_stmts.html,1,2,
/pl/3/reference/index.html,1,1,
/pl/3/search.html,1,1,
/pl/3/tutorial/errors.html,1,1,
/pl/3/tutorial/interpreter.html,1,1,
/pl/3/tutorial/modules.html,1,1,
