name,version,visitors
Chrome,141.0,4210
Microsoft Edge,141.0,3048
Firefox,144.0,476
Opera,122.0,390
Chrome,140.0,238
Smart Lenovo Browser,9.0,222
Safari,26.0,172
Yandex Browser,25.8,164
Safari,18.6,155
Microsoft Edge,140.0,102
Chrome,138.0,96
Chrome,132.0,90
Chrome,122.0,86
Mobile App,(not set),83
Chrome,139.0,79
Chrome,109.0,57
Quark,(not set),55
Firefox,143.0,54
Microsoft Edge,139.0,39
Chrome,126.0,34
Chrome,135.0,31
Chrome,137.0,31
Firefox,140.0,30
Microsoft Edge,142.0,29
Chrome,134.0,28
Microsoft Edge,138.0,26
Safari,18.5,26
Microsoft Edge,92.0,26
Chrome,142.0,25
Chrome,117.0,24
Microsoft Edge,122.0,24
Microsoft Edge,137.0,24
QQ Browser,19.7,22
Chrome,125.0,21
Chrome,136.0,21
Samsung Browser,28.0,21
Chrome,131.0,20
Chrome,114.0,19
Avast Secure Browser,140.0,19
Safari,16.6,19
Safari,17.6,19
Huawei Browser Mobile,16.0,17
Chrome,128.0,16
Firefox,141.0,15
Firefox,142.0,15
Mobile App,97.0,14
Chrome,130.0,12
Microsoft Edge,131.0,12
Safari,18.7,12
Quark,7.17,12
Microsoft Edge,135.0,11
Safari,26.1,11
Chrome,86.0,11
Huawei Browser,12.1,10
Chrome,129.0,10
Chrome,133.0,10
(not set),(not set),9
Microsoft Edge,100.0,9
Firefox,128.0,9
Microsoft Edge,136.0,9
Microsoft Edge,18.18362,9
Chrome,143.0,8
Microsoft Edge,130.0,7
Microsoft Edge,132.0,7
Microsoft Edge,134.0,7
Safari,17.5,7
Safari,18.1,7
Safari,18.2,7
Chrome,84.0,7
Firefox,115.0,6
Opera,120.0,6
Safari,16.3,6
Safari,17.3,6
Sogou Explorer,2,6
Opera,92.0,6
Chrome,116.0,5
Chrome,120.0,5
Microsoft Edge,126.0,5
Firefox,127.0,5
Microsoft Edge,127.0,5
Chrome,127.0,5
Firefox,139.0,5
Norton Private Browser,140.0,5
Mobile App,141.0,5
Safari,16.5,5
Safari,17.4,5
Microsoft Edge,18.18363,5
QQ Browser,6.2,5
Chrome,95.0,5
Android Browser,(not set),4
Firefox,109.0,4
Firefox,133.0,4
Microsoft Edge,133.0,4
MIUI Browser,14.10,4
Safari,15.6,4
Safari,16.2,4
Safari,18.3,4
Safari,18.4,4
MIUI Browser,20.4,4
Yandex Browser,25.6,4
Whale Browser,4.34,4
Safari,(not set),3
Brave,(not set),3
Chrome,100.0,3
Chrome,101.0,3
Chrome,108.0,3
Microsoft Edge,109.0,3
Chrome,112.0,3
Mobile App,114.0,3
Microsoft Edge,114.0,3
Microsoft Edge,119.0,3
Microsoft Edge,120.0,3
Opera,121.0,3
Microsoft Edge,121.0,3
Chrome,121.0,3
Chrome,123.0,3
QQ Browser,13.4,3
Firefox,138.0,3
MIUI Browser,14.43,3
Safari,17.14,3
UC Browser,18.1,3
Microsoft Edge,18.17763,3
vivo Browser,26.5,3
Chromium,(not set),2
Quark,10.0,2
Chrome,103.0,2
Microsoft Edge,107.0,2
Mobile App,109.0,2
Microsoft Edge,111.0,2
Firefox,113.0,2
Microsoft Edge,115.0,2
Microsoft Edge,116.0,2
Mobile App,117.0,2
Chrome,118.0,2
QQ Browser,12.3,2
Mobile App,120.0,2
Mobile App,124.0,2
Firefox,125.0,2
Microsoft Edge,125.0,2
Firefox,126.0,2
Mobile App,126.0,2
QQ Browser,13.7,2
Avast Secure Browser,133.0,2
AdBlock Browser,133.0,2
Firefox,136.0,2
Microsoft Edge,14.14393,2
vivo Browser,14.7,2
AVG Secure Browser,140.0,2
Mobile App,140.0,2
Firefox,145.0,2
QQ Browser,16.0,2
Safari,18.0,2
Microsoft Edge,18.19041,2
MIUI Browser,19.2,2
Phoenix Browser,19.5,2
MIUI Browser,19.9,2
MIUI Browser,20.1,2
Samsung Browser,24.0,2
Yandex Browser,24.10,2
Yandex Browser,25.101,2
Samsung Browser,29.0,2
Samsung Browser,3.0,2
Chrome,65.0,2
Chrome,69.0,2
Mobile App,87.0,2
Mobile App,91.0,2
Chrome,96.0,2
Chrome,97.0,2
NetFront,(not set),1
360 Secure Browser,(not set),1
Smooz,1.53,1
Safari,10.0,1
Chrome,102.0,1
Microsoft Edge,102.0,1
Firefox,102.0,1
Microsoft Edge,106.0,1
Chrome,106.0,1
Avast Secure Browser,109.0,1
Opera,109.0,1
Opera,112.0,1
Microsoft Edge,113.0,1
Opera,116.0,1
Microsoft Edge,117.0,1
Mobile App,118.0,1
Chrome,119.0,1
Safari,12.1,1
Meizu Browser,12.7,1
Iron,120.0,1
Chrome,124.0,1
QQ Browser,13.0,1
Safari,13.1,1
QQ Browser,13.2,1
QQ Browser,13.3,1
Firefox,134.0,1
Firefox,135.0,1
AVG Secure Browser,138.0,1
AVG Secure Browser,139.0,1
Safari,14.1,1
vivo Browser,14.8,1
Firefox,143,1
Microsoft Edge,143.0,1
Firefox,146.0,1
Safari,15.5,1
Safari,16.1,1
Safari,16.4,1
Safari,17.0,1
Safari,17.1,1
MIUI Browser,18.6,1
Safari,19.0,1
Phoenix Browser,19.2,1
QQ Browser,19.5,1
QQ Browser,19.6,1
MIUI Browser,20.3,1
MIUI Browser,20.5,1
Yandex Browser,21.11,1
Yandex Browser,21.3,1
Yandex Browser,25.10,1
Yandex Browser,25.100,1
Yandex Browser,25.2,1
vivo Browser,26.6,1
vivo Browser,26.7,1
SberBrowser,31.0,1
Chrome,34.0,1
Huawei Browser Mobile,5.1,1
vivo Browser,5.2,1
Chrome,59.0,1
FreeU,61.0,1
Chrome,68.0,1
Quark,7.14,1
Quark,7.16,1
Firefox,79.0,1
Chrome,81.0,1
Chrome,87.0,1
Microsoft Edge,89.0,1
Microsoft Edge,90.0,1
Opera,91.0,1
Chrome,91.0,1
Mobile App,92.0,1
Chrome,93.0,1
Opera,95.0,1
Microsoft Edge,98.0,1
