name,visitors
Chrome,5245
Microsoft Edge,3448
Firefox,642
Safari,491
Opera,410
Smart Lenovo Browser,222
Yandex Browser,177
Mobile App,123
Quark,71
QQ Browser,41
Samsung Browser,27
Avast Secure Browser,22
MIUI Browser,20
Huawei Browser Mobile,18
Huawei Browser,10
(not set),9
vivo Browser,9
Sogou Explorer,6
Norton Private Browser,5
AVG Secure Browser,4
Android Browser,4
Whale Browser,4
Brave,3
Phoenix Browser,3
UC Browser,3
AdBlock Browser,2
Chromium,2
360 Secure Browser,1
FreeU,1
Iron,1
Meizu Browser,1
NetFront,1
SberBrowser,1
Smooz,1
