name,unique_exits,total_exits,exit_rate
/ko/3.13/tutorial/index.html,54,55,
/ko/3.13/installing/index.html,45,46,
/ko/3/tutorial/index.html,41,43,
/ko/3.13/tutorial/errors.html,40,40,
/ko/3.13/library/functions.html,37,37,
/ko/3/library/exceptions.html,30,34,
/ko/3.13/tutorial/interpreter.html,27,28,
/ko/3.13/library/index.html,22,22,
/ko/3.13/library/pathlib.html,20,20,
/ko/3.13/library/stdtypes.html,20,20,
/ko/3.13/tutorial/inputoutput.html,20,20,
/ko/3.13/library/argparse.html,19,19,
/ko/3.13/tutorial/datastructures.html,19,19,
/ko/3/,18,20,
/ko/3.13/library/re.html,16,16,
/ko/3.13/library/xml.etree.elementtree.html,16,17,
/ko/3/tutorial/interpreter.html,16,16,
/ko/3.13/library/exceptions.html,15,16,
/ko/3.13/tutorial/classes.html,14,14,
/ko/3/library/functions.html,14,14,
/ko/3.13/library/itertools.html,13,14,
/ko/3/tutorial/,13,15,
/ko/3/tutorial/controlflow.html,13,13,
/ko/3.13/library/csv.html,12,12,
/ko/3.13/library/subprocess.html,12,12,
/ko/3.13/tutorial/modules.html,12,12,
/ko/3.13/howto/sorting.html,11,13,
/ko/3.13/tutorial/introduction.html,11,12,
/ko/3.13/whatsnew/index.html,11,11,
/ko/3.13/library/random.html,10,13,
/ko/3.13/library/threading.html,10,10,
/ko/3.13/tutorial/controlflow.html,10,9,
/3/,9,9,
/ko/3.13/library/idle.html,9,9,
/ko/3.13/library/json.html,9,9,
/ko/3/library/logging.handlers.html,9,12,
/ko/3/tutorial/introduction.html,9,10,
/ko/3.12/library/codecs.html,8,8,
/ko/3.13/library/multiprocessing.html,8,10,
/ko/3.13/library/socket.html,8,9,
/ko/3.13/library/turtle.html,8,8,
/ko/3/extending/embedding.html,8,8,
/ko/3/library/configparser.html,8,8,
/ko/3.13/,7,8,
/ko/3.13/howto/regex.html,7,7,
/ko/3.13/howto/urllib2.html,7,7,
/ko/3.13/library/asyncio-task.html,7,7,
/ko/3.13/library/datetime.html,7,8,
/ko/3.13/library/math.html,7,7,
/ko/3.13/library/pickle.html,7,8,
/ko/3.13/library/struct.html,7,7,
/ko/3/reference/datamodel.html,7,7,
/ko/3/tutorial/datastructures.html,7,8,
/ko/dev/library/turtle.html,7,9,
/ko/3.12/library/stdtypes.html,6,6,
/ko/3.13/library/collections.html,6,6,
/ko/3.13/library/heapq.html,6,6,
/ko/3.13/library/importlib.html,6,6,
/ko/3.13/library/unittest.html,6,6,
/ko/3.13/library/venv.html,6,6,
/ko/3.13/search.html,6,6,
/ko/3.13/using/windows.html,6,6,
/ko/3/library/contextlib.html,6,7,
/ko/3/library/stdtypes.html,6,6,
/ko/3/library/uuid.html,6,7,
/ko/3/using/windows.html,6,6,
/3/library/stdtypes.html,5,5,
/ko/3.13/howto/logging.html,5,5,
/ko/3.13/library/sys.html,5,5,
/ko/3.13/reference/compound_stmts.html,5,5,
/ko/3.13/reference/datamodel.html,5,5,
/ko/3.13/tutorial/appetite.html,5,5,
/ko/3.13/whatsnew/3.13.html,5,5,
/ko/3/library/os.html,5,5,
/ko/dev/c-api/init.html,5,5,
/3.13/tutorial/introduction.html,4,4,
/ko/3.12/library/typing.html,4,4,
/ko/3.13/glossary.html,4,4,
/ko/3.13/library/array.html,4,4,
/ko/3.13/library/ast.html,4,4,
/ko/3.13/library/asyncio-eventloop.html,4,4,
/ko/3.13/library/asyncio.html,4,4,
/ko/3.13/library/logging.html,4,4,
/ko/3.13/library/os.path.html,4,4,
/ko/3.13/library/tkinter.ttk.html,4,4,
/ko/3.13/tutorial/stdlib.html,4,4,
/ko/3/extending/extending.html,4,4,
/ko/3/library/,4,4,
/ko/3/library/asyncio-task.html,4,4,
/ko/3/library/index.html,4,4,
/ko/3/library/tempfile.html,4,4,
/ko/3/library/venv.html,4,4,
/ko/3/tutorial/appetite.html,4,4,
/ko/3/tutorial/classes.html,4,4,
/3.13/search.html,3,3,
/3.13/tutorial/index.html,3,3,
/3/library/index.html,3,3,
/3/library/multiprocessing.html,3,3,
/ko/3.12/library/turtle.html,3,4,
/ko/3.13/library/codecs.html,3,3,
