name,unique_exits,total_exits,exit_rate
/3.14/whatsnew/3.14.html,466,483,
/3.14/using/windows.html,136,135,
/3.14/tutorial/index.html,110,112,
/3.14/,89,90,
/3/,74,74,
/3.13/,33,33,
/3.14/whatsnew/changelog.html,23,27,
/3.14/index.html,22,23,
/3.13/whatsnew/3.13.html,16,16,
/3.14/tutorial/interpreter.html,15,15,
/3.14/search.html,14,13,
/3.14/download.html,12,12,
/3.14/library/index.html,11,11,
/3.14/tutorial/,11,15,
/3.13/using/windows.html,10,10,
/zh-cn/3.14/whatsnew/3.14.html,10,10,
/3.14/installing/index.html,9,9,
/3.14/library/stdtypes.html,9,10,
/3.14/tutorial/introduction.html,9,8,
/zh-cn/3.14/,9,9,
/3.13/tutorial/index.html,8,8,
/3.14/library/functions.html,8,13,
/3.14/reference/compound_stmts.html,8,8,
/3.14/tutorial/appetite.html,8,8,
/3/tutorial/index.html,7,7,
/zh-cn/3.14/tutorial/index.html,7,7,
/3.12/,6,6,
/3.14/contents.html,6,6,
/3.14/tutorial/controlflow.html,6,9,
/3/whatsnew/3.13.html,6,6,
/zh-cn/3.14/tutorial/,6,6,
/3.14/tutorial/modules.html,5,6,
/3.14/whatsnew/3.13.html,5,5,
/3.13/library/index.html,4,4,
/3.13/tutorial/controlflow.html,4,4,
/3.14/bugs.html,4,4,
/3.14/glossary.html,4,4,
/3.14/library/exceptions.html,4,4,
/3/library/functions.html,4,4,
/3/library/tkinter.html,4,3,
/zh-cn/3.13/download.html,4,4,
/zh-cn/3.13/whatsnew/3.13.html,4,4,
/zh-cn/3.14/whatsnew/,4,4,
/zh-cn/3/tutorial/index.html,4,4,
/3.13/library/functions.html,3,3,
/3.14/library/intro.html,3,3,
/3.14/library/json.html,3,3,
/3.14/library/multiprocessing.html,3,3,
/3.14/library/pathlib.html,3,3,
/3.14/library/typing.html,3,3,
/3.14/py-modindex.html,3,3,
/3.14/tutorial/datastructures.html,3,3,
/3.14/whatsnew/index.html,3,3,
/zh-cn/3.14/index.html,3,3,
/zh-cn/3.14/library/functions.html,3,3,
/zh-cn/3.14/whatsnew/3.13.html,3,3,
/zh-cn/3/,3,3,
/3.12/tutorial/controlflow.html,2,1,
/3.13/library/collections.html,2,2,
/3.13/library/idle.html,2,2,
/3.13/reference/index.html,2,2,
/3.13/search.html,2,2,
/3.13/tutorial/appetite.html,2,2,
/3.13/tutorial/introduction.html,2,2,
/3.14/library/argparse.html,2,2,
/3.14/library/dataclasses.html,2,2,
/3.14/library/datetime.html,2,2,
/3.14/library/re.html,2,2,
/3.14/library/sys.monitoring.html,2,2,
/3.14/library/threading.html,2,2,
/3.14/library/tkinter.html,2,2,
/3.14/reference/import.html,2,2,
/3.14/tutorial/classes.html,2,2,
/3.14/tutorial/inputoutput.html,2,3,
/3.14/tutorial/venv.html,2,2,
/3.14/using/cmdline.html,2,2,
/3.14/using/configure.html,2,2,
/3.14/using/index.html,2,3,
/3/download.html,2,2,
/3/installing/index.html,2,2,
/3/library/asyncio-dev.html,2,2,
/3/library/idle.html,2,2,
/3/library/os.html,2,2,
/3/py-modindex.html,2,2,
/3/tutorial/errors.html,2,2,
/3/tutorial/introduction.html,2,2,
/3/using/windows.html,2,2,
/es/3.13/library/stdtypes.html,2,2,
/es/3.14/tutorial/index.html,2,2,
/es/3.14/whatsnew/index.html,2,2,
/ja/3.14/,2,2,
/ja/3.14/tutorial/interpreter.html,2,2,
/ja/3/,2,2,
/ko/3.14/,2,2,
/uk/3.14/tutorial/controlflow.html,2,2,
/zh-cn/3.13/contents.html,2,2,
/zh-cn/3.13/reference/datamodel.html,2,2,
/zh-cn/3.14/glossary.html,2,2,
/zh-cn/3.14/library/datetime.html,2,2,
/zh-cn/3.14/library/idle.html,2,2,
