name,version,visitors
Chrome,144.0,49
Chrome,143.0,30
Microsoft Edge,144.0,26
Chrome,132.0,22
Chrome,109.0,5
Chrome,139.0,4
Safari,26.2,4
Opera,125.0,3
Microsoft Edge,143.0,3
Mobile App,(not set),2
Chrome,117.0,2
Chrome,124.0,2
Opera,126.0,2
Firefox,127.0,2
Samsung Browser,29.0,2
Chrome,69.0,2
Mobile App,116.0,1
Chrome,120.0,1
QQ Browser,13.5,1
Chrome,131.0,1
Chrome,133.0,1
Chrome,135.0,1
Chrome,136.0,1
Microsoft Edge,138.0,1
Avast Secure Browser,143.0,1
Firefox,146.0,1
Firefox,149.0,1
Safari,18.5,1
vivo Browser,27.1,1
Chrome,85.0,1
Opera,93.0,1
