name,version,visitors
Windows,10,4980
Mac,10.15,1189
Android,10,563
GNU/Linux,(not set),546
iOS,18.6,197
Ubuntu,(not set),127
Android,15,30
Chrome OS,14541.0,26
Windows,7,25
iOS,26.0,24
iOS,18.7,19
Android,14,18
Android,12,17
Android,11,11
Windows,8.1,10
Android,13,7
iOS,18.5,6
Android,16,5
iOS,16.6,5
iOS,26.1,5
Android,8.1,5
iOS,17.6,4
iOS,18.1,4
iOS,18.4,3
Android,9,3
(not set),(not set),2
Mac,10.14,2
iOS,16.3,2
iOS,16.7,2
iOS,17.4,2
iOS,17.7,2
iOS,18.3,2
iOS,19.0,2
Android,5.1,2
Windows,XP,2
HarmonyOS,(not set),1
Raspberry Pi OS,(not set),1
Mac,10.11,1
Mac,10.13,1
iOS,12.4,1
iOS,15.4,1
iOS,15.7,1
iPadOS,15.8,1
iOS,15.8,1
iOS,16.1,1
iOS,16.2,1
iOS,16.5,1
iOS,17.1,1
iPadOS,17.3,1
iPadOS,17.7,1
iOS,18.0,1
iOS,18.2,1
Ubuntu,20.04,1
PlayStation,4.13,1
Fire OS,5,1
Android,5.0,1
Windows,8,1
