name,visitors
Paris,353
Marseille,53
Abidjan,40
Lyon,40
Toulouse,23
Antananarivo,20
Grenoble,20
Montréal,19
Dakar,18
Brussels,17
Rennes,17
Nantes,17
Massy,17
Cotonou,15
Yaoundé,14
Montpellier,14
Casablanca,13
Bordeaux,13
Douala,11
Kinshasa,11
Strasbourg,11
Tunis,10
Villeurbanne,10
Nancy,10
Clermont-Ferrand,10
Salon-de-Provence,9
Lille,9
Amiens,9
Nouméa,8
Rabat,8
Boulogne-Billancourt,8
Orléans,7
Courbevoie,7
Besançon,7
Avignon,7
Aubervilliers,7
Lubumbashi,6
Ouagadougou,6
Conakry,6
Bamako,6
Issy-les-Moulineaux,6
Chambéry,6
Caen,6
Brazzaville,5
Lomé,5
Tangier,5
Marrakesh,5
London,5
Luxembourg,5
Saint-Étienne,5
Saint-Cloud,5
Rueil-Malmaison,5
Rouen,5
Perpignan,5
Palaiseau,5
Nice,5
Montigny-le-Bretonneux,5
Cluses,5
Aulnay-sous-Bois,5
Aubergenville,5
Milan,5
Bucharest,4
Moroni,4
Saint-Paul,4
Ngou,4
N'Djamena,4
Batna,4
Algiers,4
Sale,4
Genève,4
Liège,4
Trappes,4
N/A,4
Royan,4
Puteaux,4
Pantin,4
Le Plessis-Robinson,4
Le Mans,4
Guyancourt,4
Fréjus,4
Fleury-les-Aubrais,4
Colomiers,4
Chartres,4
Calmont,4
Brest,4
Belfort,4
Argenteuil,4
Gatineau,4
Saint-Pierre,3
Singapore,3
Lolodorf,3
N/A,3
Oran,3
Temara,3
Fès,3
Agadir,3
Fribourg,3
Amsterdam,3
Charleroi,3
Malente,3
Vinay,3
Villejuif,3
Villefagnan,3
Vienne,3
Vannes,3
Tours,3
Thionville,3
Saint-Martin-d'Hères,3
Saint-Denis,3
Reims,3
Quimper,3
Nogent-sur-Marne,3
Nanterre,3
Meudon,3
Metz,3
Lormont,3
Lorient,3
Limoges,3
Houilles,3
Gif-sur-Yvette,3
Fontenay-sous-Bois,3
Dijon,3
Créteil,3
Colombes,3
N/A,3
Cognac,3
Chamalières,3
Antony,3
Angers,3
Amnéville,3
Agen,3
Ablon-sur-Seine,3
Cayenne,3
Oshawa,3
Toronto,3
Québec,3
Baghdad,2
Goma,2
Gbadolite,2
Mamoudzou,2
N/A,2
Toliara,2
Chiang Mai,2
Mangalagiri,2
Hanoi,2
Mandurah,2
Lisbon,2
Tenkodogo,2
Nouakchott,2
Libreville,2
Radès,2
N/A,2
Sidi Bel Abbès,2
Constantine,2
Telde,2
Meknès,2
Beni Mellal,2
Zürich,2
Zuoz,2
Thun,2
Sitten,2
Lausanne,2
Crissier,2
Mons,2
Marcinelle,2
Lessines,2
La Calamine,2
Ludwigshafen am Rhein,2
Frankfurt am Main,2
Erlangen,2
Dublin,2
Voiron,2
Vitry-sur-Seine,2
Villepinte,2
Villeneuve-Loubet,2
Villemomble,2
Villars-les-Dombes,2
Versailles,2
Vanves,2
Vallauris,2
Valenciennes,2
Treillières,2
Toulon,2
Sevran,2
Savigny-le-Temple,2
Sannois,2
Saint-Priest,2
Saint-Ouen-l'Aumône,2
Saint-Julien-en-Genevois,2
Saint-Jean-de-Braye,2
Saint-Brieuc,2
Roubaix,2
Roanne,2
Rive-de-Gier,2
Rillieux-la-Pape,2
Prey,2
Poitiers,2
Plougastel-Daoulas,2
Pessac,2
Pau,2
Oullins,2
Orsay,2
Noisy-le-Grand,2
Nîmes,2
Montrouge,2
Montluçon,2
Montlhéry,2
Montereau-Fault-Yonne,2
Montagne,2
Mondeville,2
Mitry-Mory,2
Mertzwiller,2
N/A,2
Martigues,2
Marcq-en-Barœul,2
N/A,2
Magny-les-Hameaux,2
Lons,2
Longueville-sur-Scie,2
N/A,2
N/A,2
Les Mureaux,2
Le Raincy,2
Lens,2
Le Chesnay,2
Le Cannet,2
La Roche-sur-Yon,2
Lannion,2
La Ciotat,2
Ivry-sur-Seine,2
Istres,2
Huttenheim,2
N/A,2
Grasse,2
Gradignan,2
Eyguières,2
Évry,2
Épône,2
Épinay-sur-Seine,2
Drancy,2
Draguignan,2
Donzère,2
Compiègne,2
Clamart,2
Claix,2
Cherbourg-Octeville,2
Châtillon-sur-Seine,2
Château-Gontier,2
Champcevinel,2
Châlons-en-Champagne,2
Cesson,2
Cergy,2
Cazères,2
Cavaillon,2
Carrières-sous-Poissy,2
Cachan,2
Bry-sur-Marne,2
N/A,2
Bourg-la-Reine,2
Bourges,2
Bobigny,2
Aubagne,2
Asnières-sur-Seine,2
Argences,2
Alfortville,2
Agneaux,2
Madrid,2
Giulianova,2
Florence,2
Fort Liberté,2
Reston,2
New York City,2
Denver,2
La Sarre,2
Nepean,2
Ottawa,2
N/A,2
Sherbrooke,2
Errachidia,2
Riyadh,1
Nairobi,1
Kigali,1
Bukavu,1
N/A,1
Djibouti,1
Tel Aviv,1
Kayapınar,1
Ankara,1
Vladikavkaz,1
Moscow,1
Çankırı,1
Saint-Joseph,1
Saint-Denis,1
Johannesburg,1
Antsiranana,1
Yekaterinburg,1
Omsk,1
Ho Chi Minh City,1
Bangkok,1
Shenzhen,1
