name,unique_exits,total_exits,exit_rate
/downloads/,170928,177897,52.9
/,76621,79140,45.2
/downloads/windows/,52894,54675,62.3
/downloads/release/python-3135/,44398,45317,49.2
/about/gettingstarted/,6799,6913,59.1
/downloads/macos/,6149,6285,53.7
/search/,4342,4392,30.6
/doc/,4194,4266,50.0
/downloads/release/python-3100/,4088,4189,61.2
/downloads/release/python-3110/,3637,3727,62.6
/downloads/release/python-3120/,3038,3088,56.9
/downloads/release/python-3119/,2407,2485,70.1
/downloads/source/,2192,2229,43.4
/downloads/release/python-31011/,2162,2215,68.2
/downloads/release/python-31113/,1788,1836,25.6
/downloads/release/python-3106/,1720,1791,72.1
/psf-landing/,1685,1700,30.4
/downloads/release/pymanager-250b12/,1618,1640,45.0
/downloads/release/python-31210/,1534,1571,68.4
/downloads/release/python-3130/,1382,1402,61.7
/downloads/release/python-31211/,1279,1294,27.6
/downloads/release/python-3109/,1270,1313,71.1
/downloads/release/python-390/,1268,1310,54.9
/downloads/release/python-31018/,1242,1251,26.7
/about/,1192,1220,31.4
/download/other/,1140,1155,41.0
/jobs/,1074,1099,37.6
/downloads/release/python-3810/,992,1013,69.0
/community/,953,959,38.2
/downloads/release/python-3133/,890,910,56.2
/doc/versions/,864,878,68.2
/downloads/release/python-380/,809,823,53.9
/downloads/release/python-3913/,756,768,68.1
/about/apps/,726,732,47.6
/shell/,711,735,68.3
/downloads/release/python-2718/,671,686,76.7
/downloads/release/python-3124/,662,678,56.5
/getit/,651,655,54.9
/downloads/release/python-3123/,606,617,57.5
/downloads/release/python-3140rc1/,553,556,27.2
/downloads/release/python-370/,543,551,52.1
/downloads/release/python-31010/,490,497,57.9
/downloads/release/python-3118/,487,498,69.7
/downloads/release/python-3132/,486,494,60.2
/downloads/release/python-3923/,482,484,27.1
/downloads/release/python-3128/,462,473,61.9
/download/pre-releases/,452,454,22.0
/downloads/release/python-31013/,441,450,28.4
/downloads/release/python-3129/,403,409,66.5
/downloads/release/python-3820/,397,403,29.6
/downloads/release/python-3134/,366,375,54.9
/downloads/release/python-3114/,333,348,59.6
/downloads/release/python-379/,319,332,58.8
/blogs/,318,324,40.9
/download/releases/,318,327,19.2
/downloads/release/python-31012/,309,314,27.3
/community/logos/,298,302,56.4
/download/releases/2.7/,287,295,59.4
/downloads/release/python-3127/,284,288,63.0
/events/,273,276,46.5
/downloads/release/python-3117/,269,275,64.6
/downloads/release/python-3125/,268,272,56.8
/downloads/release/python-3922/,254,257,28.7
/downloads/release/python-360/,243,245,52.0
/downloads/release/python-377/,240,243,35.1
/downloads/release/python-3105/,232,243,64.6
/downloads/release/python-3116/,228,232,66.9
/doc/essays/blurb/,223,226,69.3
/downloads/release/python-31112/,220,224,22.6
/downloads/release/python-3126/,216,220,62.5
/downloads/release/python-3111/,200,202,66.2
/downloads/release/python-368/,200,202,53.7
/downloads/release/python-31017/,198,202,25.3
/downloads/release/python-3115/,197,198,55.3
/downloads/release/python-31111/,193,199,23.2
/downloads/release/python-3131/,179,187,60.5
/downloads/release/python-31110/,177,178,30.4
/success-stories/,176,178,31.1
/downloads/release/python-3122/,174,175,63.4
/downloads/release/python-3717/,172,174,26.4
/getit/windows/,164,165,50.9
/downloads/release/python-3108/,163,169,68.4
/downloads/release/python-396/,163,166,57.6
/downloads/release/python-3121/,161,162,52.1
/downloads/release/python-3113/,147,150,62.0
/downloads/release/python-3112/,140,144,61.8
/doc/av/,134,135,47.0
/downloads/release/python-3104/,126,127,59.1
/download,125,127,31.1
/downloads/release/python-31015/,122,124,26.6
/downloads/release/python-31016/,120,123,22.5
/downloads/release/python-386/,119,124,52.3
/download/alternatives/,117,118,43.7
/about/help/,115,115,44.2
/accounts/login/,115,115,24.9
/downloads/release/python-3912/,111,122,70.1
/download/releases/3.0/,110,110,44.9
/downloads/release/python-382/,109,114,60.3
/downloads/release/python-374/,105,108,51.2
/downloads/release/python-388/,105,108,51.4
