name,visitors,bounce_rate,visit_duration
Direct / None,179586,60,132
google.com,130385,58,111
chatgpt.com,36234,67,110
bing.com,27872,62,107
cn.bing.com,9358,51,162
baidu.com/link,5035,50,157
yandex.ru,3098,58,108
search.brave.com,2749,63,99
gemini.google.com,2177,71,96
youtube.com,2096,66,104
docs.python.org,1931,51,83
in.search.yahoo.com,1393,58,149
duckduckgo.com,1303,58,108
link.csdn.net,1048,55,113
github.com/hect0x7/JMComic-Crawler-Python,950,55,110
doubao.com,844,67,102
so.com/link,829,44,218
code.visualstudio.com,817,79,64
search.yahoo.com,733,61,137
github.com,661,67,89
copilot.microsoft.com,646,63,112
w3schools.com,596,52,127
google.com.hk,553,48,101
python.p2hp.com,468,66,168
search.naver.com,437,53,136
statics.teams.cdn.office.net,404,71,125
android-app://com.google.android.googlequicksearchbox,398,37,132
baidu.com,398,56,113
freedidi.com,382,82,57
link.zhihu.com,382,59,120
perplexity.ai,313,67,81
claude.ai,307,69,68
qiita.com,263,59,109
github.com/AUTOMATIC1111/stable-diffusion-webui,253,78,81
ya.ru,253,65,118
pip.pypa.io/en/stable/installation,237,47,121
netacad.com,224,70,144
coccoc.com/search,202,50,152
m.baidu.com,201,62,91
packaging.python.org/en/latest/tutorials/installing-packages,200,36,161
github.com/cgohlke/win_arm64-wheels,198,77,91
ecosia.org,182,62,71
learn.microsoft.com,178,64,53
roadmap.sh,165,65,61
bing.com/search,160,56,175
wiki.python.org,157,64,153
pypi.org,148,69,85
liaoxuefeng.com,144,76,152
yuanbao.tencent.com,140,64,110
pytorch.org,135,66,106
peps.python.org,128,52,67
yandex.com.tr,128,63,61
geeksforgeeks.org,118,67,102
id.search.yahoo.com,118,62,123
python.jp,115,41,153
yandex.kz,112,64,85
udemy.com,109,79,94
yandex.by,106,62,71
br.search.yahoo.com,104,62,140
sukkiri.jp/technologies/processors/python/python%E3%81%AE%E3%82%A4%E3%83%B3%E3%82%B9%E3%83%88%E3%83%BC%E3%83%AB%E6%96%B9%E6%B3%95windows%E7%B7%A8.html,91,54,132
sogou.com/link,88,50,216
chat.baidu.com,87,71,51
runoob.com,86,76,106
practicum.yandex.ru/blog/kak-ustanovit-python-na-kompyuter,83,33,145
search.yahoo.co.jp,82,66,57
realpython.com,81,58,153
google.co.in,73,53,177
cloud.google.com,72,68,25
lms.ev.org.br,72,78,87
openclassrooms.com,70,71,85
devguide.python.org/versions,68,63,51
dotiromoook.tistory.com/32,66,49,44
blog.naver.com/PostView.naver,65,59,140
ai.google.dev,63,67,38
jianshu.com,63,77,66
soroban.highreso.jp,63,72,159
pythoncentral.io,60,67,109
qwant.com,59,64,80
m.sogou.com,58,64,83
scikit-learn.org,57,75,49
yandex.ru/search,56,66,98
pygame.org,55,47,118
sites.google.com,55,41,149
online-python.com,54,60,105
cnblogs.com,52,52,128
docs.pingcode.com,52,44,311
fr.search.yahoo.com,48,62,157
m.search.naver.com,48,46,70
discuss.python.org,47,62,68
enlacesnintricks.blogspot.com,47,83,35
gamebanana.com,47,63,131
ph.search.yahoo.com,47,68,110
blackbox.ai,46,72,16
moodle.telt.unsw.edu.au,46,37,327
sd29.knowledgeinfoplanet.com,45,16,58
python.org.br,44,68,239
vn.search.yahoo.com,43,67,179
datacamp.com,42,83,50
google.co.uk,41,76,32
uk.search.yahoo.com,41,55,134
cloud.tencent.com/developer/tools/blog-entry,40,37,177
esphome.io,40,72,138
sd23.knowledgeinfoplanet.com,39,26,41
yandex.ru/clck/jsredir,39,51,79
m365.cloud.microsoft,38,66,108
mx.search.yahoo.com,37,85,57
co.search.yahoo.com,36,55,201
jetbrains.com,36,72,120
blog.pyq.jp,35,29,110
tongyi.com,35,53,214
en.wikipedia.org,34,50,49
github.com/baihengaead/wifi-crack-tool,34,56,133
linkedin.com,34,56,57
docs.espressif.com,32,59,152
ursinaengine.org,32,66,39
docs.platformio.org,31,68,46
gradio.app,31,77,11
javadrive.jp,31,41,71
lmarena.ai,31,66,62
poe.com,31,78,100
tongyi.com/qianwen,31,65,122
automatetheboringstuff.com,30,40,171
cs50.readthedocs.io/python,30,48,94
digitalocean.com,30,74,144
edube.org/learn/pe-1/begin-your-python-journey-22,30,70,149
es.search.yahoo.com,29,53,33
ithelp.ithome.com.tw,29,59,77
pythonguis.com,29,76,167
sky.pro,29,57,35
aisearch.sogou.com/link,28,61,201
amuletmc.com,28,75,20
github.com/megadose/toutatis,28,50,64
google.co.kr,28,50,18
web.telegram.org,28,86,139
cursos.alura.com.br,27,79,71
doc.courtbouillon.org,27,93,48
github.com/hect0x7/JMComic-Crawler-Python/tree/master,27,30,158
google.ru,27,61,52
py4e.com,27,89,7
elearning.ctu.edu.vn,26,62,128
lms.latrobe.edu.au,26,81,64
ntp.msn.cn,26,59,78
python.uihtm.com,26,73,99
rivery.io,26,42,51
spotdl.readthedocs.io/en/latest/installation,26,38,49
gist.github.com,25,68,35
ntp.msn.com,25,80,3
pythongeeks.org,25,72,167
substack.com,25,100,0
t.co,25,88,16
blog.csdn.net/sensen_kiss/article/details/141940274,24,72,37
github.com/Kisegami/umamusume-auto-train,24,83,27
malaysia.search.yahoo.com,24,72,104
tutorialspoint.com,24,79,149
tw.search.yahoo.com,24,48,59
wenxiaobai.com,24,52,252
yuque.com,24,50,190
127.0.0.1,23,78,316
ca.search.yahoo.com,23,62,339
de.search.yahoo.com,23,65,33
github.com/chandansgowda/learn-python-in-kannada/blob/main/notes/1.md,23,52,64
github.com/samsulpanjul/umamusume-auto-train,23,61,97
google.fr,23,57,99
au.search.yahoo.com,22,59,279
courses.edx.org,22,91,9
pythontest.com,22,27,79
google.de,21,57,86
instaloader.github.io,21,76,55
l.facebook.com,21,57,150
metanit.com,21,86,14
pip.pypa.io,21,48,108
4pda.to,20,67,201
blackboard.northmetrotafe.wa.edu.au,20,86,58
m.so.com/s,20,45,206
mooc.fi,20,82,5
newsuk1.com,20,71,96
randomnerdtutorials.com,20,70,67
th.search.yahoo.com,20,55,37
ar.search.yahoo.com,19,63,245
codecademy.com,19,79,5
gammasoft.jp,19,89,19
google.com.tr,19,53,41
google.com.vn,19,58,30
learn.uq.edu.au,19,95,9
namu.wiki,19,53,37
online.itvarsity.org,19,68,185
penguin.education,19,74,125
space.coze.cn,19,84,67
unknowncheats.me,19,80,95
virtualenv.pypa.io/en/latest/installation.html,19,84,37
weel.co.jp,19,55,135
ai-kenkyujo.com,18,28,162
auto-editor.com,18,44,34
docs.reportlab.com,18,78,105
docs.streamlit.io,18,67,210
futurelearn.com,18,78,44
github.com/AUTOMATIC1111/stable-diffusion-webui/wiki/Dependencies,18,67,278
github.com/dmMaze/BallonsTranslator/blob/dev/doc/README_KO.md,18,79,201
github.com/xxreflextheone/AI-Aimbot,18,53,120
google.co.jp,18,67,366
romptn.com/article/5211,18,68,98
tapnav.com,18,83,4
wiki.sipeed.com,18,50,72
gitee.com,17,71,132
m.facebook.com,17,29,157
pagekite.net,17,71,50
pe.search.yahoo.com,17,78,5
btcrecover.readthedocs.io/en/latest/INSTALL,16,63,152
classroom.google.com,16,81,19
csc.edu.vn,16,25,191
dataquest.io,16,38,208
edu.sirius.online,16,53,129
freecodecamp.org/news/the-python-handbook,16,41,97
github.com/cgohlke/numpy-mkl-wheels,16,88,24
lms30.santillanacompartir.com,16,72,309
mylo.utas.edu.au,16,56,248
natechcel.blogspot.com,16,69,266
sg.search.yahoo.com,16,44,73
cl.search.yahoo.com,15,67,64
edu.mipt.ru,15,53,197
github.com/Asabeneh/30-Days-Of-Python,15,50,146
github.com/Asabeneh/30-Days-Of-Python/blob/master/readme.md,15,27,71
google.co.id,15,62,120
nexusmods.com,15,93,59
openkore.com.br,15,100,0
pandas.pydata.org,15,27,65
reddit.com,15,67,9
s3.eu-west-1.amazonaws.com,15,93,2
tgiddens.ba.ttu.edu,15,67,79
worthytutors.com,15,80,6
away.vk.com,14,67,183
cgohlke.com,14,64,68
copilot.cloud.microsoft,14,57,502
github.com/jackfrued/Python-100-Days/blob/master/Day01-20/01.%E5%88%9D%E8%AF%86Python.md,14,50,76
his.huawei.com,14,64,157
ilearn.mq.edu.au,14,87,67
link.juejin.cn,14,57,222
mail.google.com,14,79,86
python-lernen.de,14,47,136
pythoninsider.blogspot.com,14,71,8
w3school.com.cn,14,71,62
bugs.python.org,13,69,28
cainiaojc.com,13,54,72
downloads.python.org,13,31,203
endoflife.date,13,100,0
gall.dcinside.com/mgallery/board/view,13,77,413
github.com/justinpbarnett/unity-mcp,13,64,40
github.com/megadose/holehe,13,69,78
github.com/mikf/gallery-dl,13,54,270
google.com.au,13,77,4
google.com.br,13,54,167
music21.org,13,77,86
odoo.com,13,77,2
pcschool.com.tw,13,64,130
python.p2hp.com/downloads,13,69,84
pythonjobshq.com,13,46,197
tensorflow.org,13,77,108
theforage.com,13,92,14
tr.search.yahoo.com,13,62,70
wikidocs.net,13,54,171
yutu.cn,13,69,95
devguide.python.org,12,50,65
docs.google.com,12,67,53
docs.qq.com,12,75,244
en.m.wikipedia.org,12,17,39
facebook.com,12,92,23
legacy.python.org,12,33,180
lms.ithillel.ua,12,69,920
mitsubishielectricgroup.sharepoint.com,12,58,9
oryoy.com,12,25,563
redis.io,12,83,20
runtime-app.powerplatform.com,12,54,96
source.android.com,12,50,46
android-app://com.google.android.gm,11,55,85
canlidovizfiyatlari.com,11,45,606
enterprise-confluence.aexp.com,11,55,244
github.com/AzeemIdrisi/PhoneSploit-Pro,11,55,404
github.com/loxy0dev/RedTiger-Tools,11,73,7
google.ch,11,75,30
l.instagram.com,11,82,7
nltk.org,11,64,38
ootrandomizer.com,11,73,50
programiz.com,11,45,179
python.digibeatrix.com,11,27,211
pythonworld.ru/osnovy/skachat-python.html,11,45,249
ru.wikipedia.org,11,36,171
search.daum.net/search,11,64,329
tutorial.djangogirls.org,11,45,162
vocus.cc,11,82,14
bitbucket.org,10,45,261
chat.siemens.com,10,60,6
codelv.com,10,73,390
csse1001.uqcloud.net,10,70,6
ecpi.instructure.com/courses/147973/assignments/4694348,10,73,64
github.com/CS1o/Stable-Diffusion-Info/wiki/Webui-Installation-Guides,10,80,20
github.com/cgohlke/geospatial-wheels,10,80,8
github.com/nXoji/Deanon,10,70,8
github.com/python/cpython,10,50,61
google.ca,10,70,77
lolz.live,10,90,3
