name,visitors
Maharashtra,12795
Tamil Nadu,10791
Karnataka,8231
Telangāna,8034
England,7329
California,7036
Delhi,6487
Tokyo,5698
Guangdong,5360
São Paulo,5268
Uttar Pradesh,4477
Texas,3666
West Bengal,3633
Seoul,3536
Gujarat,3232
Punjab,3078
New York,2920
Shanghai,2707
Beijing,2624
Kerala,2587
Virginia,2559
Ho Chi Minh City,2547
Ontario,2505
Île-de-France,2462
Gyeonggi,2358
Istanbul,2310
Hesse,2216
Zhejiang,2210
Jiangsu,2181
Hanoi,2177
Andhra Pradesh,2175
Moscow,2006
New South Wales,1982
Florida,1971
Illinois,1957
Jakarta,1932
Madhya Pradesh,1908
North Holland,1882
North Rhine-Westphalia,1872
Rajasthan,1838
Cairo,1812
Victoria,1811
Shandong,1797
Bihar,1793
Bavaria,1784
Capital District,1748
Haryana,1717
Metro Manila,1647
Washington,1638
Sichuan,1571
Santiago Metropolitan,1540
Sindh,1481
Georgia,1474
Taipei,1460
Lagos,1446
Henan,1421
Rio de Janeiro,1399
Mazovia,1366
New Jersey,1335
Minas Gerais,1318
Punjab,1315
Kuala Lumpur,1293
Buenos Aires Province,1277
Osaka,1263
Gauteng,1260
Madrid Autonomous Community,1218
Lombardy,1218
Ciudad de Mexico,1209
Hubei,1207
Tashkent,1166
Hormozgan,1146
Nairobi County,1144
West Java,1141
Baden-Württemberg,1138
Odisha,1131
Bangkok,1130
Quebec,1124
Massachusetts,1093
Pennsylvania,1093
Western,1075
North Carolina,1068
Lima,1017
Paraná,1006
Fujian,1005
Riyadh,976
Tel Aviv,963
Province 3,961
Dhaka Division,952
Hunan,943
Ohio,932
Hebei,904
Queensland,894
Shaanxi,881
Rio Grande do Sul,873
Catalonia,866
Maryland,863
Anhui,856
Colorado,855
Oregon,851
East Java,815
Michigan,815
Dubai,814
Kanagawa,810
Makkah,800
Saint Petersburg,796
Arizona,775
Leinster,772
Uttarākhand,771
Ankara,769
Chandigarh,761
Selangor,755
Assam,752
New Taipei,747
Santa Catarina,746
Kyiv,738
British Columbia,703
Antioquia,689
Lazio,683
South Holland,679
Western Australia,665
Islamabad,657
Auvergne-Rhône-Alpes,652
Meknès-Tafilalet,649
Vienna,628
Berlin,626
Greater Accra,608
Phnom Penh,601
Uusimaa,593
Bahia,592
Calabarzon,589
Pernambuco,582
Federal District,580
Central Java,579
Prague,578
Zürich,577
Jiangxi,571
Chhattīsgarh,560
Mexico State,556
Provence-Alpes-Côte-d'Azur,551
Lower Saxony,550
Stockholm,549
Auckland,548
Tennessee,540
Federal Capital Territory,539
Ceará,534
Jharkhand,527
Alberta,523
Chongqing,522
Addis Ababa,520
Lisbon,520
Taichung,514
Incheon,512
Tianjin,509
Minnesota,506
Saxony,488
Amman,488
Andalusia,483
Western Cape,482
Attica,481
Aichi,479
Pichincha,475
Flanders,471
Minsk,471
Izmir,465
Missouri,463
Valle del Cauca,448
Budapest,448
Indiana,442
Utah,442
Valencian Community,431
Baku,428
Liaoning,422
Krasnodar Krai,420
Saitama,414
Guatemala,407
Bucharest,402
Tunis,394
Guangxi,393
Veneto,391
Campania,387
Taoyuan,386
Moscow Province,384
Goiás,382
Jalisco,381
Occitanie,379
Baghdad,378
Kaohsiung,378
Busan,376
Amazonas,374
Amanat Al Asimah,373
Emilia-Romagna,370
Brussels,368
San José,366
Eastern,366
Guizhou,360
Guayas,355
Buenos Aires,354
Scotland,354
Lesser Poland,351
Abidjan,350
Giza,350
Beograd,349
Capital Region,347
Connecticut,346
Central,343
Nuevo León,340
Silesia,339
Sverdlovsk,339
South Carolina,339
Central Luzon,337
Wisconsin,334
Daejeon,333
Abu Dhabi,330
Oyo,325
Almaty City,324
Nevada,323
Córdoba,322
Iowa,319
Hamburg,317
Central,317
Grand-Est,316
Chiba,316
Alexandria,314
Montevideo,314
Distrito Nacional,307
La Paz,305
Arkansas,305
Hauts-de-France,303
San Salvador,300
South Australia,295
Hyogo,295
Rhineland-Palatinate,294
Algiers,294
Greater Poland,294
Nouvelle-Aquitaine,293
Daegu,293
Alabama,293
Samara,292
Riga,289
Rostov,283
Tatarstan,281
Porto,274
Lower Silesia,270
Shanxi,269
Oriental,269
Dnipropetrovshchyna,268
Doha,267
Fukuoka,266
Chelyabinsk,266
Kwai Tsing New Territories,258
Bashkortostan,258
Dar es Salaam,251
Paraíba,250
Bursa,250
Novosibirsk,248
Oklahoma,248
Sofia,246
Yunnan,245
Louisiana,244
Espírito Santo,242
Nizhny Novgorod,241
Da Nang,237
North Brabant,235
Piedmont,234
Khyber Pakhtunkhwa,234
Lvivshchyna,234
Wallonia,232
Pará,232
Oslo,232
Tuscany,231
Pomerania,231
Astana,229
Puebla,229
Vilnius County,227
Kansas,226
Tbilisi,223
Washington DC,221
Gwangju City,219
South Chungcheong,214
Central Visayas,213
Kentucky,213
KwaZulu-Natal,213
Muscat,212
Hokkaido,210
Panamá,208
Kowloon City Kowloon,207
Normandie,204
Wales,203
Antalya,203
Zagreb,202
Dakar,200
Al Asimah,199
Banten,198
Bishkek,198
South Gyeongsang,198
Kyoto,195
Schleswig-Holstein,194
Odeshchyna,193
Himachal Pradesh,192
Santa Fe,190
