name,visitors
Bengaluru,265
Moscow,264
New York City,253
Singapore,245
Tokyo,228
Frankfurt am Main,226
Paris,223
Chennai,219
Hyderabad,195
Munich,188
Chicago,170
Mumbai,169
Ho Chi Minh City,155
Sydney,150
San Jose,149
Warsaw,141
Los Angeles,140
Amsterdam,138
Seattle,138
Toronto,132
São Paulo,126
Madrid,123
Cairo,120
Hanoi,120
Vienna,119
Berlin,118
Ashburn,115
Taipei,113
Melbourne,113
Kyiv,109
Saint Petersburg,108
Pune,107
Hong Kong,107
Beijing,102
Tel Aviv,101
Istanbul,101
New Delhi,95
Shanghai,94
Zürich,91
Osaka,90
Stockholm,85
Milan,81
Guangzhou,78
San Francisco,77
London,76
Bogotá,75
Montréal,75
Helsinki,74
Prague,72
Bangkok,69
Medellín,69
Barcelona,68
Santiago,66
Lima,66
Rio de Janeiro,64
Jakarta,62
Oslo,62
Reston,62
Tashkent,61
Stuttgart,58
Nairobi,57
Kolkata,57
Hangzhou,54
N/A,54
Brisbane,53
Budapest,51
Rome,51
Delhi,50
Dublin,49
Brooklyn,49
Denver,49
Dubai,48
Hamburg,48
Kraków,48
Atlanta,48
Brussels,47
Belgrade,45
Johannesburg,45
Boardman,45
Copenhagen,44
Austin,43
Perth,42
Vancouver,42
Minsk,40
Lisbon,40
Auckland,39
Boston,38
Curitiba,37
Portland,37
Taichung,36
Kaohsiung,36
Lagos,36
Wrocław,36
Cape Town,35
Brasília,35
Washington,35
Tehran,34
Athens,33
Yekaterinburg,33
Kuala Lumpur,33
Seoul,33
Göteborg,33
Mexico City,33
Washington,33
Dhaka,32
Nanjing,32
N/A,32
Riyadh,31
Lviv,31
Jerusalem,30
Ankara,30
Addis Ababa,30
Almaty,30
Zhengzhou,30
Shenzhen,30
Belo Horizonte,29
Miami,29
Noida,29
Yerevan,28
Karachi,28
Colombo,28
Wuhan,28
Chengdu,28
Houston,28
Calgary,28
Samara,27
Baku,27
Tallinn,27
Köln,27
Dallas,27
Tbilisi,26
Manchester,26
Düsseldorf,26
Lyon,26
San Diego,26
Riga,25
Ahmedabad,25
Hsinchu,25
Dresden,25
Marseille,25
Buenos Aires,25
Edmonton,25
Ottawa,25
Nizhniy Novgorod,24
Krasnodar,24
Cochin,24
Tunis,24
Brno,24
Charlotte,24
San Antonio,24
Pittsburgh,24
Santa Clara,24
Jeddah,23
Lahore,23
Changsha,23
Malmö,23
Poznań,23
Queens,23
Giza,22
Vilnius,22
Lucknow,22
Coimbatore,22
Nur-Sultan,22
Phoenix,22
Sunnyvale,22
Bucharest,21
Sofia,21
Novosibirsk,21
Bandung,21
N/A,21
Casablanca,21
Gdańsk,21
Turin,21
Philadelphia,21
Jersey City,21
Las Vegas,21
Rostov-na-Donu,20
Dnipro,20
Da Nang,20
Suwon,20
Nürnberg,20
San José,20
N/A,20
Huntsville,20
Kathmandu,19
Taoyuan,19
Quezon City,19
Adelaide,19
Karlsruhe,19
Aachen,19
Alexandria,18
Rustenburg,18
Jaipur,18
Valencia,18
Bologna,18
Montevideo,18
Campinas,18
Manaus,18
Fremont,18
Amman,17
Petaẖ Tiqwa,17
Abidjan,17
Accra,17
Darmstadt,17
Bratislava,17
Goiânia,17
Quito,17
Cambridge,17
Minneapolis,17
Mountain View,17
Muscat,16
Kazan,16
Espoo,16
Gurgaon,16
Tianjin,16
Chongqing,16
Utrecht,16
Naples,16
Porto Alegre,16
Cincinnati,16
Ramat Gan,15
Ufa,15
Odessa,15
Faisalabad,15
Thrissur,15
Chelyabinsk,15
Manila,15
Wuxi,15
Sevilla,15
Regensburg,15
Bremen,15
N/A,15
Guatemala City,15
Fort Worth,15
Salt Lake City,15
Cluj-Napoca,14
Edinburgh,14
Bristol,14
Toulouse,14
Fortaleza,14
Elk Grove Village,14
Redmond,14
N/A,14
Baghdad,13
Thessaloníki,13
Islamabad,13
Mangalore,13
N/A,13
Xi’an,13
Qingdao,13
Dakar,13
Málaga,13
Eindhoven,13
Heidelberg,13
Hannover,13
Monterrey,13
Durham,13
Columbus,13
Falls Church,13
Québec,13
İzmir,12
Bhubaneshwar,12
Tyumen,12
Krasnoyarsk,12
Shenyang,12
Porto,12
Naaldwijk,12
Gent,12
Mannheim,12
Bonn,12
Ljubljana,12
Tampa,12
Silver Spring,12
Fairfax,12
Des Moines,12
Palo Alto,12
Sanaa,11
Yaroslavl,11
Perm,11
Bursa,11
Pretoria,11
Guwahati,11
Bhopāl,11
Agra,11
Makati City,11
Petaling Jaya,11
N/A,11
Vladivostok,11
Nottingham,11
Barnet,11
Rennes,11
Nantes,11
Genoa,11
Florence,11
Recife,11
Cali,11
Córdoba,11
La Paz,11
St. Louis,11
Troy,11
