name,version,visitors
Windows,10,16391
Mac,10.15,4258
GNU/Linux,(not set),1481
Android,10,925
iOS,18.4,476
Ubuntu,(not set),340
iOS,18.3,106
Windows,7,75
Chrome OS,14541.0,71
Android,15,63
Android,13,59
Android,14,51
Android,12,31
iOS,17.6,27
iOS,18.5,27
iOS,18.0,22
iOS,18.2,17
iOS,18.1,14
Android,11,12
iOS,17.7,10
iOS,17.5,9
Windows,8.1,9
Android,9,8
iOS,16.7,7
iOS,12.5,6
iOS,15.8,5
Android,8.1,5
(not set),(not set),4
Mac,10.14,4
iOS,17.3,4
Android,7.0,4
Windows Mobile,10,3
iOS,10.3,3
Chrome OS,14816.131,3
iOS,16.6,3
iOS,17.2,3
Fire OS,7,3
Windows,8,3
Android,8.0,3
HarmonyOS,(not set),2
Mac,10.13,2
iOS,15.1,2
iOS,15.6,2
iOS,15.7,2
iOS,16.0,2
iOS,16.1,2
iPadOS,16.3,2
iOS,16.3,2
iOS,16.5,2
iOS,17.1,2
iOS,17.4,2
Android,(not set),1
Fedora,(not set),1
Mac,10.1,1
Mac,10.11,1
Mac,10.12,1
Mac,13.3,1
Chrome OS,13982.69,1
iOS,15.4,1
Android,16,1
iOS,17.0,1
iPadOS,17.4,1
iPadOS,17.7,1
KaiOS,2.5,1
iOS,7.0,1
Android,7.1,1
Fire OS,8,1
Windows,Server 2003,1
Windows,XP,1
