name,visitors
Warsaw,64
Kraków,27
Łódź,18
Wrocław,17
Poznań,16
Gdańsk,16
Katowice,15
Lublin,8
Bydgoszcz,8
Zabrze,7
Tychy,5
Szczecin,5
Moscow,4
Rzeszów,4
Świętochłowice,4
Mielec,3
Singapore,3
Włocławek,3
Skulsk,3
Vyshneve,2
Wierzchosławice,2
Rymanów,2
Radom,2
Małogoszcz,2
Grodzisk Mazowiecki,2
Ghāziābād,2
Tokyo,2
Zürich,2
Essen,2
Dresden,2
Berlin,2
Zielona Góra,2
Zbąszynek,2
Zawiercie,2
Suchy Las,2
Starogard Gdański,2
Oława,2
Legnica,2
Krotoszyn,2
Chorzów,2
Bytom,2
Bielany Wrocławskie,2
Paulista,2
Velikiy Novgorod,1
Krasnodar,1
Voznesensk,1
Snina,1
Suwałki,1
Stalowa Wola,1
Pruszków,1
Podłęże,1
Limanowa,1
Krosno,1
Kobyłka,1
Kielce,1
Jedlicze,1
N/A,1
N/A,1
Garbatka-Letnisko,1
Błędów,1
Białystok,1
Foshan,1
Ōtsu,1
Vila Nova de Gaia,1
Gent,1
Trier,1
Salzgitter,1
Münster,1
Munich,1
Castrop-Rauxel,1
Prague,1
Chýnov,1
N/A,1
Toruń,1
Szprotawa,1
Świdnica,1
Strumień,1
Sosnowiec,1
Radziejów,1
Piotrków Trybunalski,1
Piła,1
Opole,1
Koszalin,1
Kalwaria Zebrzydowska,1
Kalisz,1
N/A,1
Gliwice,1
Dąbrowa Górnicza,1
Częstochowa,1
Chełmża,1
Brzeg Dolny,1
Borek Wielkopolski,1
Aleksandrów Łódzki,1
Bologna,1
Fortaleza,1
N/A,1
Campinas,1
Pflugerville,1
New York City,1
Montréal,1
