name,visitors,bounce_rate,visit_duration
Direct / None,1294,59,249
google.com,379,77,185
python.org,206,77,212
android-app://com.google.android.googlequicksearchbox,66,79,172
duckduckgo.com,25,84,203
bing.com,20,71,392
cn.bing.com,12,67,19
discuss.python.org,9,88,59
chatgpt.com,8,0,753
pythoninsider.blogspot.com,8,62,161
yandex.ru,7,100,139
github.com,6,0,68
search.brave.com,6,100,1560
google.fr,5,100,583
typing-extensions.readthedocs.io/en/latest,5,83,67
baidu.com/link,3,0,4047
github.com/python/cpython,3,0,311
google.com.hk,3,100,0
blog.python.org,2,50,766
digitalbourgeois.tistory.com/781,2,100,0
link.zhihu.com,2,100,0
m.baidu.com,2,100,19
notebooks.githubusercontent.com,2,0,204
reddit.com,2,100,156
yandex.ru/clck/jsredir,2,0,338
app.honorlock.com,1,0,6510
c.biancheng.net,1,0,244
chatgpt.es,1,0,222
classroom.google.com,1,0,2
codecademy.cn,1,0,290
en.wikipedia.org,1,0,1393
es.search.yahoo.com,1,0,203
flask.palletsprojects.com/en/stable/api,1,0,1396
gall.dcinside.com/board/view,1,0,34
github.com/enthought/comtypes/issues/837,1,0,1447
google.ca,1,100,0
google.dk,1,0,61
google.it,1,0,59
in.search.yahoo.com,1,100,0
learn.profession.ai,1,0,17
link.juejin.cn,1,0,1217
m.baidu.com/from=1052946b/bd_page_type=1/ssid=0/uid=0/pu=usm%400%2Csz%401320_1001%2Cta%40iphone_2_14.0_19_24.3/baiduid=DB8A668328A57D5ADFD05D13D03A29DB/w=0_10_/t=iphone/l=1/tc,1,0,28
mclibre.org,1,0,184
medium.com/optuna/overview-of-python-free-threading-v3-13t-support-in-optuna-ad9ab62a11ba,1,100,0
netacad.com,1,0,44
note.alhinc.jp,1,0,2200
peps.python.org,1,100,0
practicum.yandex.kz,1,0,133
qiita.com,1,0,1702
runoob.com,1,0,607
salonetangcotebleue.fr,1,0,5
school.programmers.co.kr,1,0,749
scikit-learn.org,1,0,65
tio.run,1,0,10
tongyi.com/discover/chat,1,0,128
translate.google.com.hk,1,100,0
tutorialesprogramacionya.com,1,0,288
udemy.com,1,0,46
wiki.python.org,1,0,90
ya.ru/search,1,100,0
