name,visitors,bounce_rate,visit_duration
Google,939,80,165
Direct / None,476,70,201
Bing,34,79,98
Baidu,25,67,73
steam.oxxostudio.tw,23,68,32
chatgpt.com,11,73,287
python.org,9,0,70
Perplexity,5,100,0
Yahoo!,5,50,359
realnewbie.com,4,60,682
davinci.mediatek.inc,3,100,685
numpy.org,3,0,1159
ithelp.ithome.com.tw,2,100,0
Brave,1,0,283
cnblogs.com,1,100,0
code.visualstudio.com,1,0,5
copilot.microsoft.com,1,100,0
emp.cathayholdings.com,1,0,1251
link.csdn.net,1,0,0
notion.so,1,100,0
peps.python.org,1,0,1012
python.p2hp.com,1,0,529
realpython.com,1,0,978
reurl.cc,1,100,0
vocus.cc,1,0,5
