name,version,visitors
Windows,10,6149
Mac,10.15,1286
GNU/Linux,(not set),202
Android,15,194
Windows,7,158
Android,10,132
iOS,18.7,72
Windows,XP,62
Android,12,60
Android,16,52
Android,13,50
Android,14,49
iOS,18.6,45
Ubuntu,(not set),33
iOS,18.5,25
Android,9,25
iOS,26.1,18
HarmonyOS,(not set),15
Mac,10.13,14
Mac,10.14,12
iOS,18.3,12
(not set),(not set),11
Windows,8.1,11
Windows,(not set),10
Android,11,8
HarmonyOS,3.0,8
iOS,16.6,6
iOS,17.6,6
iOS,26.0,6
iOS,15.2,5
Chrome OS,14541.0,4
iOS,16.7,4
iOS,18.1,4
Android,13.0,3
iOS,17.2,3
Android,7.0,3
Windows,8,3
Windows,Server 2003,3
Android,14.0,2
Mac,15.0,2
iOS,16.0,2
iOS,16.1,2
iOS,16.3,2
iOS,18.0,2
iOS,4.3,2
UOS,(not set),1
Mac,10.11,1
Mac,11.4,1
Mac,14.0,1
iOS,14.4,1
iPadOS,14.4,1
Mac,14.4,1
iOS,17.1,1
iOS,17.4,1
iOS,17.5,1
Android,8.1,1
Windows,Vista,1
