property,value,visitors,events,percentage
url,(none),140,325,99.3
url,https://www.python.org/,3,3,2.1
url,https://learn.microsoft.com/windows/win32/procthread/environment-variables,1,1,0.7
url,https://packaging.python.org/en/latest/tutorials/installing-packages/#ensure-pip-setuptools-and-wheel-are-up-to-date,1,1,0.7
url,https://tkdocs.com/,1,1,0.7
url,https://wiki.python.org/moin/BeginnersGuide,1,1,0.7
url,https://wiki.python.org/moin/PythonBooks,1,1,0.7
url,https://www.tcl.tk/,1,1,0.7
url,https://www.tkdocs.com/shipman/,1,1,0.7
