property,value,visitors,events,percentage
url,(none),2008,3196,99.5
url,https://www.python.org/,31,34,1.5
url,https://github.com/python/cpython/tree/3.14/Lib/tkinter/__init__.py,6,6,0.3
url,https://www.python.org/downloads/,5,5,0.2
url,https://docs.python.org/fr/3.14/archives/python-3.14-docs-html.zip,4,4,0.2
url,https://pypi.org/,4,4,0.2
url,https://apps.microsoft.com/detail/9NQ7512CXL7T,3,3,0.1
url,https://devguide.python.org/documentation/start-documenting/#building-the-documentation,3,3,0.1
url,https://docs.python.org/fr/3/archives/python-3.14-docs-html.zip,3,3,0.1
url,https://github.com/python/cpython/tree/3.14/Lib/idlelib/,3,3,0.1
url,https://github.com/python/cpython/tree/3.14/Lib/turtle.py,2,2,0.1
url,https://www.tkdocs.com/,2,2,0.1
url,https://docs.python.org/fr/3.14/archives/python-3.14-docs-text.zip,1,1,0.0
url,https://docs.python.org/fr/3/archives/python-3.14-docs-texinfo.zip,1,1,0.0
url,https://docs.python.org/fr/3/archives/python-3.14-docs-text.zip,1,1,0.0
url,https://fr.wikipedia.org/wiki/Espace_de_noms_XML,1,1,0.0
url,https://github.com/python/cpython/tree/3.13/Lib/pydoc.py,1,1,0.0
url,https://github.com/python/cpython/tree/3.13/Lib/tkinter/__init__.py,1,1,0.0
url,https://github.com/python/cpython/tree/3.14/Lib/uuid.py,1,1,0.0
url,https://github.com/python/cpython/tree/3.14/Lib/zipfile/,1,1,0.0
url,https://packaging.python.org/en/latest/tutorials/installing-packages/#ensure-pip-setuptools-and-wheel-are-up-to-date,1,1,0.0
url,https://packaging.python.org/guides/installing-using-pip-and-virtual-environments/#create-and-use-virtual-environments,1,1,0.0
url,https://peps.python.org/pep-0008/,1,1,0.0
url,https://peps.python.org/pep-0596/,1,1,0.0
url,https://pypi.org/project/DateType/,1,1,0.0
url,https://tkdocs.com/book.html,1,1,0.0
url,https://www.anaconda.com/download/,1,1,0.0
url,https://www.python.org/downloads/macos/,1,1,0.0
url,https://www.python.org/psf/donations/,1,1,0.0
url,https://www.tcl.tk/,1,1,0.0
url,https://www.tcl.tk/man/tcl8.6/TkCmd/contents.htm,1,1,0.0
