name,visitors,bounce_rate,visit_duration
google.com,83118,80,109
Direct / None,58495,69,244
bing.com,7931,79,102
python.org,7434,61,137
duckduckgo.com,4789,77,141
yandex.ru,3225,83,64
search.brave.com,2014,82,106
cn.bing.com,1372,70,127
boot.dev,976,80,132
chatgpt.com,965,73,116
cs50.harvard.edu,825,67,282
ecosia.org,693,85,100
google.com.hk,538,82,93
udemy.com,526,88,58
wiki.python.org,406,53,256
baidu.com/link,342,70,178
pandas.pydata.org,326,90,60
ya.ru,302,87,51
statics.teams.cdn.office.net,279,81,89
qwant.com,260,70,221
github.com,256,78,96
realpython.com,249,80,198
kagi.com,248,78,116
netacad.com,242,89,54
qiita.com,239,83,80
roadmap.sh,237,75,130
note.nkmk.me,203,81,77
practicum.yandex.ru,203,83,54
city.ya.ru,197,87,3
discuss.python.org,193,83,75
my.uopeople.edu,175,67,183
m.baidu.com,172,90,36
pip.pypa.io/en/stable/installation,161,84,61
yandex.com.tr,153,87,7
code.visualstudio.com,146,84,70
yandex.ru/search,140,82,112
search.yahoo.com,138,76,228
perplexity.ai,124,81,68
codecademy.com,123,88,53
youtube.com,120,86,44
doubao.com,117,57,196
docs.pydantic.dev,115,89,112
numpy.org,108,82,49
docs.pytorch.org,104,89,39
google.co.uk,104,83,151
reference.langchain.com,97,91,28
es.python.org,96,43,180
peps.python.org,89,74,176
pytest-mock.readthedocs.io/en/latest/usage.html,88,68,159
gemini.google.com,86,70,154
yandex.by,86,90,38
code.amazon.com,84,88,26
google.ru,84,90,56
pypi.org,84,88,74
in.search.yahoo.com,79,84,19
yandex.kz,77,83,34
baidu.com,71,86,14
android-app://com.google.android.googlequicksearchbox,68,75,42
fastapi.tiangolo.com,68,86,58
pygame.org,66,84,108
airflow.apache.org,65,95,17
google.fr,65,76,110
openclassrooms.com,64,75,149
savanna.alxafrica.com,64,79,199
scikit-learn.org,64,78,63
link.zhihu.com,63,68,71
google.de,60,82,134
cursos.alura.com.br,58,84,85
classroom.google.com,56,71,483
claude.ai,56,67,129
link.csdn.net,53,66,82
networkx.org,52,74,145
developers.google.com,51,76,65
odoo.com,51,91,26
stackoverflow.com,49,78,73
learn.microsoft.com,48,92,9
py.mit.edu,45,80,80
copilot.microsoft.com,43,70,93
g3doc.corp.google.com,41,78,147
app.kira-learning.com,39,65,259
codedex.io,38,78,119
kivy.org,38,76,99
intranet.hbtn.io,37,62,750
hackerrank.com,36,73,122
search.yahoo.co.jp,36,75,83
127.0.0.1,35,81,42
liaoxuefeng.com,35,95,11
github.com/yt-dlp/yt-dlp,34,89,43
s3.eu-west-1.amazonaws.com,34,66,244
engdoc.corp.google.com,33,85,40
translations.python.org,33,27,167
reddit.com,32,76,81
l.facebook.com,31,87,44
notebooks.githubusercontent.com,31,88,76
elearn.epam.com,29,67,131
en.wikipedia.org,29,62,119
us.prairielearn.com,29,43,469
access.ifi.uzh.ch,28,62,171
courses.campus.gov.il,28,93,41
jupyterhub.misc.rptu.de,28,80,253
packaging.python.org/en/latest/tutorials/installing-packages,28,93,7
bing.com/search,27,74,77
packaging.python.org/en/latest/tutorials/packaging-projects,27,89,242
capytale2.ac-paris.fr,26,48,329
myklass-eng.umy.ac.id,26,78,51
so.com/link,26,88,58
yandex.uz,26,77,14
course.cse.ust.hk,25,85,34
fr.search.yahoo.com,25,81,82
lms.skillfactory.ru,25,68,78
learn.zybooks.com,24,62,221
skillbox.ru,24,74,66
superfastpython.com,24,83,74
android-app://com.reddit.frontpage,23,87,15
moodle.riwi.io,23,55,171
docs.astral.sh,22,86,11
bitbucket.org,21,77,139
br.search.yahoo.com,21,82,23
pages.isfa.fr,21,36,574
python.jp,21,67,126
robotframework.org,21,86,3
colab.research.google.com,20,75,119
courses.edx.org,20,70,18
google.ch,20,90,24
home-assistant.io/docs/configuration/templating,20,95,10
mne.tools,20,86,171
mastergroosha.github.io,19,95,0
byui-cse.github.io,18,80,68
hiladental.co.il,18,46,970
hub.comp-teach.qmul.ac.uk,18,79,499
id.search.yahoo.com,18,56,196
sites.google.com,18,83,58
uneex.org,18,57,268
learn.nvidia.com,17,94,2
m.facebook.com,17,100,0
notion.so,17,67,167
strftime.org,17,82,4
utokyo-ipp.github.io,17,89,14
cantera.org,16,81,110
coderivers.org,16,67,190
confluence.ecmwf.int,16,94,14
developer.mozilla.org,16,88,6
docs.google.com,16,80,41
docs.pola.rs,16,94,1
docs.pytest.org,16,94,82
facebook.com,16,100,0
huggingface.co,16,71,8
moodle.arts.ac.uk,16,65,208
progbg.proglab.nl,16,88,54
sky.pro,16,71,37
steam.oxxostudio.tw,16,100,0
theforage.com,16,83,6
app.aluracursos.com,15,81,98
app.dataquest.io,15,76,116
google.ca,15,93,1
google.co.jp,15,71,166
it.caolu.xin,15,100,0
new.contest.yandex.ru,15,93,94
packaging.python.org,15,81,99
pro.arcgis.com,15,73,15
psycopg.org,15,87,49
safe.menlosecurity.com,15,75,198
virtualenv.pypa.io/en/latest,15,73,225
curriculum.wethinkco.de,14,50,589
google.github.io,14,60,36
hub-03.stackfuel.com,14,81,170
jupyter.wu.ac.at,14,29,696
mdl.hs-duesseldorf.de,14,67,354
pip.pypa.io,14,79,73
sandbox.dodona.be,14,93,38
sphinx-doc.org/en/master,14,71,7
chokkan.github.io,13,86,110
learnpython.org,13,79,91
qatrack.elice.io,13,85,5
react-app-python-runner.vercel.app,13,100,0
statsmodels.org,13,100,0
uk.search.yahoo.com,13,85,7
ulearn.me,13,77,197
www-python-org.translate.goog,13,69,14
amuletmc.com,12,77,32
bitcamp.ge,12,67,267
cheatsheetseries.owasp.org,12,58,228
hag007.github.io,12,92,0
interactivetextbooks.tudelft.nl,12,53,629
leetcode.com,12,100,0
mcs.utm.utoronto.ca,12,100,0
packaging.python.org/en/latest/guides/tool-recommendations,12,75,81
pytest-mock.readthedocs.io,12,67,201
python.org/downloads,12,82,8
revilofe.github.io,12,83,105
yuanbao.tencent.com,12,58,18
coccoc.com/search,11,82,17
codecademy-enterprise.percipio.com,11,91,1
d2l.langara.bc.ca,11,83,111
datacamp.com,11,73,142
digitalocean.com,11,82,39
docs.snowflake.com,11,91,43
google.it,11,67,239
jupyter.rwth-aachen.de,11,82,271
l.workplace.com,11,82,194
learn.srmonline.in,11,91,0
lms.yandex.ru,11,100,0
namu.wiki,11,64,209
ph.search.yahoo.com,11,80,42
upel.agh.edu.pl,11,83,2
w3schools.com,11,80,38
wikidocs.net,11,91,40
android-app://com.linkedin.android,10,50,35
athena.alxafrica.com,10,100,0
cgi.cse.unsw.edu.au,10,100,0
discordpy.readthedocs.io,10,80,192
flask.palletsprojects.com,10,80,121
github.com/AUTOMATIC1111/stable-diffusion-webui/issues/1423,10,62,6
jinja.palletsprojects.com/en/stable/templates,10,100,0
learn.rrc.ca,10,100,0
noai.duckduckgo.com,10,93,152
philipclaude.github.io,10,80,81
pip.pypa.io/en/latest/installation,10,70,3
pre-commit.com,10,100,0
pythoncheatsheet.org,10,80,25
shell.cloud.google.com,10,100,0
vscode.dev,10,100,0
app.gocobi.com,9,55,309
capgemini.udemy.com,9,100,0
cgp-oex.wgu.edu,9,80,223
educacionadistancia.juntadeandalucia.es,9,100,41
ege-infa.tilda.ws,9,89,26
go.skillbox.ru,9,75,110
google.be,9,89,177
google.com.tw,9,80,10
habr.com,9,75,52
inference.roboflow.com,9,67,62
learn.profession.ai,9,100,0
link.juejin.cn,9,67,32
linkedin.com,9,78,3
overleaf.com,9,89,19
prairie-heath-fb8.notion.site,9,33,2647
put-jug.github.io,9,78,364
py4e.com,9,78,75
pymupdf.readthedocs.io/en/latest/installation.html,9,100,0
qna.habr.com,9,100,0
solvit.space,9,69,14
sphinx-doc.org,9,75,147
tcsglobal.udemy.com,9,100,0
tongyi.com/qianwen,9,56,123
training.olicyber.it,9,89,37
upgrad.com,9,89,2
wiki.freecad.org,9,100,0
a.yandex-team.ru,8,78,153
app.certidevs.com,8,100,0
app.quantic.edu,8,89,7
automatetheboringstuff.com,8,100,0
codeup.kr,8,75,13
cs.upc.edu,8,100,0
cs111.byu.edu,8,100,0
cw.fel.cvut.cz,8,100,0
docs.ansible.com/projects/ansible/latest/collections/ansible/builtin/lineinfile_module.html,8,100,0
docs.cloud.google.com,8,62,282
docs.marimo.io,8,100,0
docs.pytest.org/en/stable/reference/reference.html,8,88,59
docs.sqlalchemy.org,8,100,0
flask.palletsprojects.com/en/stable/api,8,57,371
flask.palletsprojects.com/en/stable/installation,8,100,0
flask.palletsprojects.com/en/stable/tutorial,8,62,53
github.com/TeogopK/Data_Structures_and_Algorithms_FMI/tree/main/Week_05/Seminar,8,88,125
google.co.in,8,88,7
grades.cs.technion.ac.il,8,100,0
hub-04.stackfuel.com,8,78,197
lightning.ai,8,100,0
login.microsoftonline.com,8,100,0
mail.google.com,8,100,0
medium.com,8,88,25
mongodb.com,8,100,0
nhairs.github.io,8,75,296
panel.cs50x.ir,8,90,76
practicum.yandex.com,8,67,231
practicum.yandex.kz,8,50,180
purdue.brightspace.com,8,80,636
python.it,8,50,170
python.org/doc,8,38,43
pythonmorsels.com,8,75,42
textual.textualize.io,8,100,0
ville.utu.fi,8,100,0
bennett.codetantra.com,7,100,0
bugs.python.org,7,57,48
ca.search.yahoo.com,7,86,30
chat.baidu.com,7,71,25
code.s3.yandex.net,7,100,0
community.home-assistant.io,7,75,9
cs61a.org,7,57,851
develeap.academyocean.com,7,88,0
discuss.streamlit.io,7,100,0
dnmtechs.com,7,57,475
doc.qt.io,7,88,226
docs.nvidia.com,7,100,0
ecollege.etbonline.ie,7,56,335
edube.org/learn/pe-1/section-summary-83,7,86,7
eecs485staff.github.io,7,86,1
exercism.org,7,71,36
fsg-pax-p-jhn01.pax.ulaval.ca,7,71,208
