name,version,visitors
Chrome,138.0,143905
Microsoft Edge,138.0,55259
Chrome,137.0,18932
Safari,18.5,9439
Firefox,140.0,8768
Opera,119.0,5196
Chrome,109.0,4411
Yandex Browser,25.6,3422
Chrome,136.0,3086
Chrome,132.0,2325
Microsoft Edge,137.0,2085
Mobile App,(not set),1749
Chrome,135.0,1514
Chrome,131.0,1075
Chrome,122.0,1066
Chrome,134.0,913
Chrome,133.0,909
Smart Lenovo Browser,9.0,877
Safari,18.3,834
Safari,17.6,814
Opera,120.0,769
Quark,(not set),766
Samsung Browser,28.0,717
Microsoft Edge,136.0,716
Firefox,128.0,709
Microsoft Edge,92.0,709
Chrome,129.0,703
Firefox,115.0,642
Safari,18.4,577
Chrome,128.0,510
Safari,16.6,485
Chrome,86.0,456
Microsoft Edge,122.0,448
Firefox,139.0,440
Microsoft Edge,131.0,426
Microsoft Edge,135.0,424
Chrome,130.0,391
Chrome,126.0,384
Microsoft Edge,139.0,382
Safari,15.6,346
Microsoft Edge,134.0,335
Chrome,127.0,324
Safari,18.1,321
Safari,17.5,320
Chrome,116.0,306
Mobile App,137.0,292
Safari,18.2,278
Safari,26.0,269
Sogou Explorer,2,265
Microsoft Edge,109.0,262
Chrome,120.0,260
Chrome,114.0,258
Yandex Browser,25.4,256
Whale Browser,4.32,254
Chrome,125.0,253
Microsoft Edge,127.0,248
Chrome,103.0,242
Microsoft Edge,133.0,238
Chrome,119.0,231
QQ Browser,19.4,227
Firefox,135.0,220
Safari,18.0,219
Chrome,121.0,214
Mobile App,138.0,204
Safari,17.4,183
Chrome,108.0,182
Microsoft Edge,126.0,178
Chrome,118.0,176
Microsoft Edge,130.0,176
Microsoft Edge,128.0,174
Microsoft Edge,132.0,169
Chrome,124.0,166
Chrome,123.0,164
Chrome,139.0,160
Microsoft Edge,100.0,155
Chrome,140.0,155
Avast Secure Browser,137.0,153
Safari,18.6,153
Firefox,138.0,149
Yandex Browser,24.10,144
QQ Browser,19.2,143
Firefox,134.0,126
Firefox,137.0,116
Firefox,141.0,115
Microsoft Edge,129.0,111
Huawei Browser,12.1,108
Huawei Browser Mobile,16.0,108
vivo Browser,14.2,106
Chrome,117.0,104
Firefox,136.0,101
Opera,90.0,99
Firefox,127.0,92
Safari,17.3,92
MIUI Browser,19.8,91
Safari,14.1,83
Samsung Browser,27.0,83
QQ Browser,19.3,81
Microsoft Edge,124.0,80
Safari,16.1,80
Chrome,95.0,80
Opera,95.0,80
Chrome,101.0,79
Safari,16.3,79
Chrome,87.0,76
Safari,17.2,73
Safari,16.5,71
Chrome,106.0,70
Microsoft Edge,114.0,69
Chrome,91.0,69
Chrome,97.0,69
Safari,(not set),68
Microsoft Edge,120.0,68
vivo Browser,25.3,68
Microsoft Edge,123.0,67
AVG Secure Browser,137.0,66
Chrome,107.0,63
Chrome,92.0,63
Mobile App,114.0,60
Safari,16.4,59
Safari,17.0,59
Chrome,94.0,59
Chrome,111.0,57
Safari,17.1,57
Microsoft Edge,125.0,54
Huawei Browser Mobile,15.0,54
vivo Browser,25.1,54
Chrome,74.0,54
Chrome,113.0,52
Opera,92.0,52
Quark,7.13,51
Chrome,112.0,50
Microsoft Edge,121.0,48
MIUI Browser,14.37,48
Microsoft Edge,18.18362,48
Chrome,99.0,47
Chrome,105.0,46
Microsoft Edge,107.0,46
Microsoft Edge,116.0,46
Microsoft Edge,18.18363,46
Yandex Browser,25.2,46
Chrome,79.0,45
Chrome,80.0,45
Brave,(not set),44
Microsoft Edge,113.0,44
Chrome,70.0,44
Safari,19.0,43
QQ Browser,19.1,43
Chrome,115.0,42
MIUI Browser,19.7,42
Chrome,78.0,42
Chrome,110.0,41
Mobile App,97.0,41
Safari,16.0,40
Safari,13.1,39
Microsoft Edge,117.0,38
Quark,7.14,38
Mobile App,130.0,37
Safari,16.2,37
vivo Browser,25.2,37
Safari,12.1,36
Norton Private Browser,137.0,36
Chrome,69.0,36
Opera,118.0,35
Chrome,76.0,35
Firefox,130.0,34
Microsoft Edge,140.0,34
Chrome,96.0,34
Microsoft Edge,119.0,33
Firefox,133.0,33
Microsoft Edge,89.0,33
Chrome,90.0,33
Microsoft Edge,112.0,32
Microsoft Edge,115.0,32
Safari,15.5,32
Chrome,102.0,31
Chrome,104.0,31
Microsoft Edge,106.0,31
Microsoft Edge,118.0,31
Firefox,116.0,30
Microsoft Edge,18.17763,30
Mobile App,131.0,29
Samsung Browser,26.0,28
Microsoft Edge,90.0,28
Microsoft Edge,111.0,27
Chrome,98.0,27
Firefox,113.0,26
QQ Browser,13.7,26
Safari,17.13,26
Chrome,49.0,26
Chrome,63.0,26
Chrome,75.0,26
Mobile Silk,136.7,25
MIUI Browser,14.36,24
Hi Browser,2.24,24
Chrome,81.0,24
Chrome,83.0,24
Microsoft Edge,84.0,24
Mobile App,109.0,23
Samsung Browser,25.0,23
QQ Browser,6.2,23
Firefox,129.0,22
Microsoft Edge,16.16299,22
Opera GX,2.8,22
Yandex Browser,25.61,22
Chrome,77.0,22
Firefox,111.0,21
Mobile App,126.0,21
Firefox,131.0,21
MIUI Browser,14.10,21
vivo Browser,14.3,21
vivo Browser,25.0,21
Chrome,93.0,21
(not set),(not set),20
Chrome,85.0,20
Firefox,109.0,19
Safari,11.1,19
Opera,114.0,19
Safari,15.3,19
Safari,17.7,19
Yandex Browser,24.7,19
Chrome,100.0,18
Firefox,142.0,18
Chrome,84.0,18
Chrome,89.0,18
Microsoft Edge,110.0,17
Opera,117.0,17
UC Browser,14.7,17
Samsung Browser,24.0,17
Microsoft Edge,86.0,17
Avast Secure Browser,109.0,16
Huawei Browser Mobile,14.0,16
Microsoft Edge,17.17134,16
JioSphere,5.0,16
Microsoft Edge,108.0,15
Microsoft Edge,15.15063,15
Safari,15.2,15
Firefox,48.0,15
QtWebEngine,6.9,15
Safari,10.0,14
Opera,113.0,14
Opera,116.0,14
Firefox,132.0,14
Chrome,138,14
Firefox,140.2,14
UC Browser,17.7,14
Safari,17.8,14
vivo Browser,24.6,14
Mobile App,99.0,14
Mobile App,116.0,13
CCleaner,137.0,13
Safari,14.0,13
MIUI Browser,19.3,13
Hi Browser,2.23,13
Samsung Browser,23.0,13
Chrome,55.0,13
Opera,79.0,13
Mobile App,92.0,13
Android Browser,(not set),12
Firefox,112.0,12
Mobile App,117.0,12
QQ Browser,12.2,12
Mobile App,120.0,12
Firefox,121.0,12
Mobile App,123.0,12
Safari,15.4,12
Yandex Browser,24.1,12
Yandex Browser,25.63,12
Firefox,52.0,12
UBrowser,6.2,12
Safari,60.5,12
Quark,7.11,12
Chrome,72.0,12
Firefox,110.0,11
Firefox,125.0,11
Firefox,140.3,11
Microsoft Edge,18.19582,11
Yandex Browser,24.4,11
vivo Browser,24.9,11
Yandex Browser,25.62,11
QtWebEngine,5.15,11
Chrome,50.0,11
Firefox,78.0,11
Huawei Browser Mobile,11.1,10
Opera,121.0,10
Yandex Browser,24.12,10
vivo Browser,24.8,10
Huawei Browser Mobile,5.1,10
Chrome,56.0,10
Chrome,59.0,10
Samsung Browser,7.4,10
Chrome,71.0,10
Firefox,72.0,10
Chromium,(not set),9
Mobile App,119.0,9
Firefox,122.0,9
QQ Browser,13.6,9
Samsung Browser,17.0,9
Samsung Browser,22.0,9
Yandex Browser,23.9,9
Samsung Browser,28.1,9
