name,visitors
Chrome,185073
Microsoft Edge,63671
Safari,15396
Firefox,12025
Opera,6433
Yandex Browser,4058
Mobile App,2655
Samsung Browser,955
Smart Lenovo Browser,882
Quark,879
QQ Browser,669
vivo Browser,406
MIUI Browser,311
Whale Browser,267
Sogou Explorer,265
Huawei Browser Mobile,201
Avast Secure Browser,187
Huawei Browser,115
AVG Secure Browser,77
Brave,44
QtWebEngine,42
UC Browser,39
Hi Browser,37
Norton Private Browser,36
Mobile Silk,35
Opera GX,23
Phoenix Browser,21
(not set),20
JioSphere,18
CCleaner,16
Pale Moon,13
Android Browser,12
Chromium,12
UBrowser,12
Opera Touch,11
Openwave Mobile Browser,7
115 Browser,6
AdBlock Browser,6
NetFront,6
360 Secure Browser,5
Aloha Browser,5
Atom,5
Ecosia,5
Iron,4
Lenovo Browser,4
Avira Secure Browser,3
Coc Coc,3
Opera Devices,3
Oppo Browser,3
Stargon,3
Steam In-Game Overlay,3
Yahoo! Japan Browser,3
Cheetah Browser,2
Craving Explorer,2
Falkon,2
Firefox Rocket,2
Internet Explorer,2
Kindle Browser,2
REST Client for Ruby,2
Soul Browser,2
Flow,1
IceDragon,1
Mint Browser,1
Oculus Browser,1
Seznam Browser,1
Vivaldi,1
Xvast,1
t-online.de Browser,1
