name,unique_exits,total_exits,exit_rate
/fr/3/tutorial/,206,209,
/fr/3/tutorial/datastructures.html,65,66,
/fr/3/library/tkinter.html,53,57,
/fr/3/tutorial/classes.html,44,48,
/fr/3/tutorial/interpreter.html,41,40,
/fr/3/tutorial/introduction.html,38,46,
/fr/3/tutorial/controlflow.html,37,39,
/fr/3/library/random.html,35,36,
/fr/3/library/turtle.html,35,37,
/fr/3/library/idle.html,32,32,
/fr/3/library/csv.html,29,29,
/fr/3/library/stdtypes.html,29,29,
/fr/3/tutorial/appetite.html,27,27,
/dev/using/windows.html,23,23,
/fr/3/tutorial/index.html,23,24,
/fr/3/howto/sorting.html,22,23,
/fr/3/library/functions.html,22,22,
/fr/3/,21,21,
/fr/3.15/using/windows.html,20,20,
/fr/3/tutorial/venv.html,20,20,
/fr/3.14/,17,17,
/fr/3/library/datetime.html,17,17,
/fr/3.14/search.html,16,18,
/fr/3/library/__main__.html,16,16,
/fr/dev/installing/index.html,16,17,
/fr/3/search.html,15,16,
/fr/3.13/library/turtle.html,14,14,
/fr/3.13/tutorial/classes.html,14,14,
/fr/3/library/json.html,14,15,
/fr/3/tutorial/inputoutput.html,14,14,
/3/,13,13,
/3/library/tkinter.html,13,13,
/fr/3/library/re.html,13,14,
/fr/3/library/collections.html,12,12,
/fr/3/using/cmdline.html,12,12,
/fr/3/using/windows.html,12,12,
/fr/3.14/tutorial/controlflow.html,10,12,
/fr/3/library/math.html,10,10,
/fr/3/library/string.html,10,10,
/fr/3.13/library/tkinter.html,9,9,
/fr/3.13/tutorial/errors.html,9,9,
/fr/3.13/tutorial/index.html,9,10,
/fr/3.14/tutorial/index.html,9,11,
/fr/3.14/tutorial/interpreter.html,9,9,
/fr/3/library/index.html,9,10,
/fr/3/tutorial/errors.html,9,9,
/fr/3/faq/programming.html,8,8,
/fr/3/genindex-Symboles.html,8,8,
/fr/3/library/os.html,8,8,
/fr/3/library/statistics.html,8,8,
/3/search.html,7,7,
/fr/3.13/reference/import.html,7,7,
/fr/3.14/library/stdtypes.html,7,7,
/3/library/idle.html,6,6,
/3/using/windows.html,6,6,
/fr/3.13/tutorial/datastructures.html,6,6,
/fr/3/glossary.html,6,6,
/fr/3/howto/sockets.html,6,6,
/fr/3/howto/unicode.html,6,6,
/fr/3/library/queue.html,6,6,
/fr/3/library/subprocess.html,6,6,
/fr/3/library/sys.html,6,6,
/fr/3/library/venv.html,6,6,
/fr/3/reference/expressions.html,6,6,
/fr/3/reference/index.html,6,6,
/fr/3/tutorial/modules.html,6,6,
/3.14/using/windows.html,5,5,
/3/library/functions.html,5,5,
/3/library/turtle.html,5,5,
/fr/3.13/faq/windows.html,5,5,
/fr/3.13/library/functions.html,5,5,
/fr/3.13/search.html,5,5,
/fr/3.13/tutorial/introduction.html,5,5,
/fr/3.14/tutorial/classes.html,5,5,
/fr/3.14/tutorial/introduction.html,5,5,
/fr/3/faq/windows.html,5,5,
/fr/3/howto/argparse.html,5,5,
/fr/3/howto/functional.html,5,5,
/fr/3/howto/regex.html,5,5,
/fr/3/library/enum.html,5,5,
/fr/3/library/exceptions.html,5,5,
/fr/3/reference/simple_stmts.html,5,5,
/3/tutorial/datastructures.html,4,4,
/fr/3.13/,4,4,
/fr/3.13/library/math.html,4,4,
/fr/3.13/library/os.html,4,4,
/fr/3.13/tutorial/,4,4,
/fr/3.13/tutorial/interpreter.html,4,4,
/fr/3.14/library/functions.html,4,4,
/fr/3.14/library/math.html,4,4,
/fr/3.14/library/sqlite3.html,4,4,
/fr/3.14/library/tkinter.html,4,4,
/fr/3.14/library/turtle.html,4,4,
/fr/3.14/using/windows.html,4,4,
/fr/3.14/whatsnew/3.14.html,4,4,
/fr/3/howto/curses.html,4,4,
/fr/3/installing/index.html,4,4,
/fr/3/library/dialog.html,4,3,
/fr/3/library/glob.html,4,4,
/fr/3/library/heapq.html,4,4,
