name,version,visitors
Microsoft Edge,136.0,1982
Chrome,136.0,1516
Mobile App,(not set),170
Firefox,138.0,157
Chrome,135.0,126
UC Browser,17.6,126
Safari,18.5,99
Chrome,137.0,91
Chrome,122.0,87
Smart Lenovo Browser,9.0,80
Microsoft Edge,135.0,71
Safari,18.4,70
Chrome,132.0,61
Chrome,129.0,50
Chrome,134.0,45
Safari,18.3,44
Quark,(not set),42
Microsoft Edge,134.0,42
Chrome,131.0,39
Microsoft Edge,131.0,39
Chrome,128.0,38
Chrome,127.0,34
Mobile App,114.0,33
Chrome,133.0,30
Microsoft Edge,137.0,29
Chrome,109.0,28
Mobile App,130.0,28
Chrome,114.0,26
Huawei Browser Mobile,16.0,26
Chrome,121.0,25
Chrome,86.0,25
Sogou Explorer,2,24
Microsoft Edge,127.0,21
Microsoft Edge,133.0,21
Mobile App,97.0,20
Microsoft Edge,128.0,19
MIUI Browser,19.5,18
Microsoft Edge,109.0,17
Huawei Browser,12.1,16
Microsoft Edge,126.0,16
Chrome,130.0,16
Chrome,119.0,15
Microsoft Edge,130.0,15
Chrome,126.0,14
Microsoft Edge,132.0,14
Safari,15.6,14
Chrome,125.0,13
Mobile App,126.0,13
Firefox,128.0,13
QQ Browser,13.7,13
Microsoft Edge,92.0,13
Safari,(not set),12
Chrome,117.0,12
Safari,17.1,12
Safari,17.6,12
Safari,18.2,12
Mobile App,83.0,12
Chrome,124.0,11
Chrome,138.0,11
Microsoft Edge,138.0,11
Safari,16.6,11
Quark,7.12,11
Mobile App,92.0,11
Chrome,120.0,10
Microsoft Edge,129.0,10
Firefox,137.0,10
Safari,17.5,10
Microsoft Edge,113.0,9
Microsoft Edge,114.0,9
Firefox,115.0,9
QQ Browser,19.0,9
Microsoft Edge,100.0,8
Chrome,101.0,8
Chrome,103.0,8
Chrome,112.0,8
Microsoft Edge,118.0,8
Chrome,123.0,8
Mobile App,136.0,8
Safari,18.1,8
vivo Browser,24.6,8
Firefox,116.0,7
Microsoft Edge,116.0,7
Microsoft Edge,122.0,7
UC Browser,17.4,7
Quark,7.11,7
Firefox,113.0,6
Mobile App,116.0,6
Microsoft Edge,120.0,6
Microsoft Edge,125.0,6
Firefox,135.0,6
Safari,16.0,6
UC Browser,17.5,6
QQ Browser,19.2,6
MIUI Browser,19.4,6
vivo Browser,24.3,6
Huawei Browser Mobile,5.1,6
Chrome,102.0,5
Mobile App,103.0,5
Chrome,105.0,5
Chrome,108.0,5
Microsoft Edge,117.0,5
Microsoft Edge,119.0,5
Mobile App,120.0,5
Microsoft Edge,123.0,5
Firefox,139.0,5
MIUI Browser,14.10,5
Safari,16.3,5
Safari,17.3,5
Safari,18.0,5
(not set),(not set),4
Chrome,100.0,4
Mobile App,101.0,4
Chrome,107.0,4
Mobile App,109.0,4
Chrome,113.0,4
Microsoft Edge,121.0,4
Microsoft Edge,124.0,4
Mobile App,131.0,4
Firefox,136.0,4
Safari,14.1,4
Safari,15.2,4
QQ Browser,16.3,4
Safari,16.5,4
MIUI Browser,18.8,4
QQ Browser,19.1,4
Microsoft Edge,105.0,3
Microsoft Edge,107.0,3
Microsoft Edge,108.0,3
Microsoft Edge,111.0,3
Mobile App,118.0,3
Safari,12.1,3
Mobile App,124.0,3
Mobile App,135.0,3
Safari,17.2,3
MIUI Browser,18.3,3
MIUI Browser,19.2,3
Quark,7.8,3
Chrome,85.0,3
Chrome,87.0,3
Chrome,90.0,3
Chrome,91.0,3
Chrome,95.0,3
Mobile App,99.0,3
Chrome,104.0,2
Safari,11.0,2
Chrome,111.0,2
Microsoft Edge,112.0,2
Chrome,115.0,2
Chrome,116.0,2
Mobile App,117.0,2
Firefox,126.0,2
Mobile App,127.0,2
Firefox,127.0,2
Mobile App,129.0,2
QQ Browser,13.3,2
QQ Browser,13.6,2
Firefox,132.0,2
Firefox,138.3,2
Safari,14.0,2
UC Browser,15.5,2
QQ Browser,15.5,2
QQ Browser,16.2,2
UC Browser,17.2,2
MIUI Browser,18.2,2
vivo Browser,23.9,2
vivo Browser,24.5,2
115 Browser,26.0,2
Samsung Browser,27.0,2
Samsung Browser,28.0,2
QQ Browser,6.2,2
Chrome,78.0,2
Microsoft Edge,84.0,2
Mobile App,91.0,2
Chrome,92.0,2
Mobile App,95.0,2
Microsoft Edge,98.0,2
Konqueror,(not set),1
Light,1.0,1
Opera,102.0,1
Microsoft Edge,106.0,1
Chrome,106.0,1
Firefox,109.0,1
Huawei Browser,11.0,1
Meizu Browser,11.20,1
QQ Browser,11.9,1
Microsoft Edge,110.0,1
Chrome,110.0,1
Opera,111.0,1
Mobile App,111.0,1
Opera,115.0,1
Microsoft Edge,115.0,1
Firefox,118.0,1
Chrome,118.0,1
QQ Browser,12.2,1
Firefox,129.0,1
QQ Browser,13.0,1
Safari,13.1,1
QQ Browser,13.4,1
QQ Browser,13.5,1
Firefox,131.0,1
Mobile App,132.0,1
Firefox,134.0,1
Firefox,140.0,1
MIUI Browser,15.1,1
Safari,15.4,1
Safari,15.5,1
Safari,16.1,1
Safari,16.4,1
UC Browser,16.5,1
Microsoft Edge,17.17134,1
Microsoft Edge,18.18363,1
Microsoft Edge,18.19041,1
MIUI Browser,18.6,1
MIUI Browser,19.0,1
vivo Browser,23.0,1
vivo Browser,23.1,1
vivo Browser,24.7,1
115 Browser,35.15,1
Firefox,52.0,1
QQ Browser,6.0,1
Quark,6.2,1
Quark,7.2,1
Quark,7.4,1
Quark,7.9,1
Chrome,75.0,1
Chrome,89.0,1
Opera,89.0,1
Mobile App,90.0,1
Chrome,93.0,1
Mobile App,94.0,1
Chrome,94.0,1
