name,unique_exits,total_exits,exit_rate
/en/latest/tutorials/installing-packages/,6002,6139,
/en/latest/guides/writing-pyproject-toml/,1188,1236,
/en/latest/tutorials/packaging-projects/,1129,1164,
/en/latest/guides/installing-using-pip-and-virtual-environments/,1083,1117,
/en/latest/guides/tool-recommendations/,843,857,
/en/latest/,406,413,
/en/latest/key_projects/,283,286,
/en/latest/glossary/,281,284,
/en/latest/guides/distributing-packages-using-setuptools/,190,194,
/en/latest/discussions/src-layout-vs-flat-layout/,146,148,
/en/latest/overview/,134,135,
/en/latest/specifications/dependency-specifiers/,114,119,
/en/latest/specifications/version-specifiers/,111,116,
/en/latest/specifications/pyproject-toml/,101,102,
/en/latest/guides/installing-using-linux-tools/,93,95,
/en/latest/tutorials/managing-dependencies/,91,92,
/en/latest/specifications/entry-points/,81,83,
/en/latest/guides/packaging-namespace-packages/,76,77,
/en/latest/discussions/versioning/,74,75,
/en/latest/guides/creating-command-line-tools/,71,71,
/en/latest/guides/section-install/,67,71,
/en/latest/flow/,66,66,
/en/latest/guides/hosting-your-own-index/,57,58,
/en/latest/specifications/dependency-groups/,53,53,
/en/latest/guides/publishing-package-distribution-releases-using-github-actions-ci-cd-workflows/,49,52,
/en/latest/tutorials/,48,48,
/en/latest/guides/modernize-setup-py-project/,47,49,
/en/latest/specifications/core-metadata/,47,51,
/en/latest/specifications/inline-script-metadata/,45,47,
/en/latest/guides/,44,45,
/en/latest/guides/creating-and-discovering-plugins/,43,43,
/en/latest/specifications/pypirc/,43,43,
/en/latest/search/,42,42,
/en/latest/guides/section-build-and-publish/,38,38,
/en/latest/guides/installing-stand-alone-command-line-tools/,37,38,
/en/latest/guides/installing-using-virtualenv/,35,35,
/en/latest/specifications/platform-compatibility-tags/,35,36,
/en/latest/guides/using-testpypi/,34,34,
/en/latest/discussions/single-source-version/,33,33,
/en/latest/discussions/setup-py-deprecated/,32,33,
/en/latest/guides/analyzing-pypi-package-downloads/,29,29,
/en/latest/discussions/package-formats/,28,28,
/en/latest/specifications/binary-distribution-format/,28,28,
/en/latest/specifications/pylock-toml/,28,28,
/en/latest/discussions/install-requires-vs-requirements/,25,25,
/en/latest/guides/installing-scientific-packages/,25,25,
/en/latest/specifications/simple-repository-api/,25,25,
/en/latest/specifications/,24,24,
/en/latest/discussions/distribution-package-vs-import-package/,23,23,
/en/latest/specifications/name-normalization/,22,22,
/en/latest/discussions/deploying-python-applications/,20,20,
/en/latest/discussions/pip-vs-easy-install/,20,20,
/en/latest/guides/licensing-examples-and-user-scenarios/,20,21,
/en/latest/specifications/externally-managed-environments/,18,18,
/en/latest/guides/index-mirrors-and-caches/,16,16,
/en/latest/guides/making-a-pypi-friendly-readme/,16,16,
/en/latest/guides/packaging-binary-extensions/,16,17,
/en/latest/guides/using-manifest-in/,16,17,
/en/latest/specifications/recording-installed-packages/,11,12,
/en/latest/contribute/,9,9,
/en/latest/discussions/,9,9,
/en/latest/specifications/glob-patterns/,9,9,
/en/latest/guides/dropping-older-python-versions/,7,7,
/en/latest/news/,7,7,
/en/latest/specifications/source-distribution-format/,7,9,
/en/latest/specifications/well-known-project-urls/,7,7,
/en/latest/specifications/license-expression/,5,5,
/en/latest/specifications/virtual-environments/,5,6,
/en/latest/support/,5,5,
/en/latest/specifications/direct-url/,4,5,
/en/latest/specifications/section-distribution-metadata/,4,4,
/ja/latest/tutorials/installing-packages/,4,4,
/en/latest/guides/migrating-to-pypi-org/,3,3,
/en/latest/guides/section-hosting/,3,3,
/en/latest/guides/single-sourcing-package-version/,3,3,
/en/latest/specifications/direct-url-data-structure/,3,3,
/pt-br/latest/tutorials/installing-packages/,3,3,
/en/latest/specifications/section-distribution-formats/,2,2,
/en/latest/specifications/section-installation-metadata/,2,2,
/ja/latest/overview/,2,2,
/en/latest/discussions/downstream-packaging/,1,1,
/en/latest/shared/build-backend-tabs/,1,1,
/en/latest/specifications/project-status-markers/,1,1,
/en/latest/specifications/section-python-description-formats/,1,1,
/en/latest/tutorials/creating-documentation/,1,1,
/ja/latest/,1,1,
/ja/latest/guides/analyzing-pypi-package-downloads/,1,1,
/ja/latest/guides/distributing-packages-using-setuptools/,1,1,
/ja/latest/guides/installing-using-pip-and-virtual-environments/,1,1,
/ja/latest/specifications/version-specifiers/,1,1,
/pt-br/latest/,1,1,
/pt-br/latest/guides/installing-using-pip-and-virtual-environments/,1,1,
/pt-br/latest/specifications/pyproject-toml/,1,1,
