name,visitors,bounce_rate,visit_duration
chatgpt.com,891,40,175
copilot.com,247,41,189
itdo.com,47,38,169
perplexity,45,33,107
yandex,19,16,206
Securitylab.ru,6,33,425
ethicalads-placement,5,100,0
ig,4,100,0
jessehouwing.net,4,0,168
post_page-----12cbeeee7430---------------------------------------,4,75,314
post_page-----c346a005f420---------------------------------------,4,25,53
zalo,4,50,319
colearninglounge.com,2,100,0
crypto-robot.com,2,0,240
easyeasy.me,2,100,0
hackernoon.com,2,100,0
learn-ubuntu,2,50,1
makerluis.com,2,50,118
producthunt,2,50,20
pyhunt.com,2,100,0
selfh.st,2,50,15
site,2,50,42
telegram,2,100,0
aattk,1,100,0
blog,1,0,1501
blog.formacao.dev,1,0,16
blog.hackajob.com,1,100,0
chatgpt.com),1,0,27
chatgpt.com],1,0,2729
chromecrxstore-com,1,0,855
console.dev,1,100,0
datascientyst.com,1,100,0
devkoriel,1,100,0
faronics,1,100,0
idcsharp.com,1,100,0
packetswitch.co.uk,1,0,417
producttalk.org,1,100,0
refind,1,100,0
remote3.co,1,100,0
stackshare.io,1,100,0
update,1,0,586
vc.ru,1,0,15
www.pythonweekly.com,1,100,0
