property,value,visitors,events,percentage
url,(none),305,356,100.0
url,https://bootstrap.pypa.io/get-pip.py,4,4,1.3
url,https://pip.pypa.io/en/latest/user_guide/#requirements-files,2,2,0.7
url,https://docs.python-guide.org/starting/installation/#installation,1,1,0.3
url,https://opentechschool.github.io/python-beginners/en/getting_started.html#what-is-python-exactly,1,1,0.3
url,https://pip.pypa.io/,1,1,0.3
url,https://pypi.org/classifiers/,1,1,0.3
url,https://pypi.org/project/requests/,1,1,0.3
url,https://test.pypi.org/,1,1,0.3
url,https://www.python.org/,1,1,0.3
