name,unique_exits,total_exits,exit_rate
/ja/latest/guides/installing-using-pip-and-virtual-environments/,21,21,
/ja/latest/tutorials/installing-packages/,20,20,
/ja/latest/guides/writing-pyproject-toml/,16,17,
/ja/latest/,4,4,
/ja/latest/discussions/src-layout-vs-flat-layout/,2,2,
/ja/latest/guides/tool-recommendations/,2,2,
/ja/latest/tutorials/packaging-projects/,2,2,
/en/latest/,1,1,
/en/latest/glossary/,1,1,
/en/latest/guides/installing-scientific-packages/,1,1,
/en/latest/guides/writing-pyproject-toml/,1,1,
/en/latest/key_projects/,1,1,
/en/latest/specifications/binary-distribution-format/,1,1,
/en/latest/specifications/pyproject-toml/,1,1,
/en/latest/tutorials/installing-packages/,1,1,
/ja/latest/discussions/setup-py-deprecated/,1,1,
/ja/latest/glossary/,1,1,
/ja/latest/guides/creating-and-discovering-plugins/,1,1,
/ja/latest/guides/distributing-packages-using-setuptools/,1,1,
/ja/latest/guides/installing-using-linux-tools/,1,1,
/ja/latest/guides/making-a-pypi-friendly-readme/,1,1,
/ja/latest/guides/packaging-namespace-packages/,1,1,
/ja/latest/specifications/dependency-groups/,1,1,
/ja/latest/specifications/externally-managed-environments/,1,1,
/ja/latest/specifications/platform-compatibility-tags/,1,2,
/ja/latest/specifications/version-specifiers/,1,1,
/ja/latest/tutorials/managing-dependencies/,1,1,
/pt-br/latest/tutorials/packaging-projects/,1,1,
/tutorials/packaging-projects/,1,1,
