name,visitors
São Paulo,137
Rio de Janeiro,47
Brasília,34
Belo Horizonte,30
Singapore,26
Fortaleza,21
Recife,18
Curitiba,18
Guarulhos,17
Luanda,16
Natal,16
Lisbon,15
São Luís,15
Salvador,15
Goiânia,14
Campinas,13
Santo André,11
Ribeirão Preto,11
Osasco,11
Maputo,8
Porto Alegre,8
Maceió,7
João Pessoa,7
Vitória,7
São Vicente,7
N/A,7
Feira de Santana,7
Arujá,7
Manaus,7
Jaboatão dos Guararapes,7
Petrolina,6
Belém,6
São José dos Pinhais,6
Passo Fundo,6
Maringá,6
Florianópolis,6
Blumenau,6
Bauru,6
Anápolis,6
Porto Velho,6
Vitória de Santo Antão,5
Imperatriz,5
Caruaru,5
Vila Velha,5
Uberlândia,5
Sorocaba,5
São José dos Campos,5
Ourinhos,5
Nossa Senhora do Socorro,5
Niterói,5
Jundiaí,5
Irecê,5
Barueri,5
N/A,5
The Dalles,5
Porto,4
N/A,4
Uberaba,4
Serra,4
Santos,4
Pato Branco,4
Maricá,4
Londrina,4
Duque de Caxias,4
Caxias do Sul,4
Carapicuíba,4
Campo Grande,4
Camaçari,4
Murcia,3
Santarém,3
Goiana,3
N/A,3
N/A,3
Vacaria,3
Três Rios,3
São Carlos,3
Rio das Ostras,3
Petrópolis,3
Montes Claros,3
Mogi Guaçu,3
Marília,3
Itapetinga,3
Guaratinguetá,3
Diamantina,3
Cuiabá,3
Cotia,3
N/A,3
Campos dos Goytacazes,3
Cachoeiro de Itapemirim,3
Betim,3
Angra dos Reis,3
Palmas,3
Rio Branco,3
N/A,3
N/A,3
Gaborone,2
Zhengzhou,2
Changsha,2
la Nucia,2
Joane,2
Covilhã,2
Braga,2
Dublin,2
São João do Piauí,2
Santa Rita,2
Santa Inês,2
Russas,2
Quixadá,2
Parnamirim,2
Maracanaú,2
Guarabira,2
Campina Grande,2
Ananindeua,2
Água Branca,2
Acaraú,2
Votuporanga,2
Vitória da Conquista,2
Saquarema,2
São Marcos,2
São José do Rio Pardo,2
Santos Dumont,2
N/A,2
Santa Maria,2
Santa Luzia,2
Santa Bárbara d'Oeste,2
N/A,2
Presidente Prudente,2
Pindamonhangaba,2
Peruíbe,2
Peçanha,2
Palotina,2
Mogi das Cruzes,2
Mauá,2
Lins,2
Lages,2
Juiz de Fora,2
Jaguariúna,2
Jacobina,2
Ipuã,2
Iporá,2
Ipirá,2
Ipatinga,2
Ibirité,2
Hortolândia,2
Guarapari,2
N/A,2
Governador Valadares,2
N/A,2
Garibaldi,2
N/A,2
Franca,2
Formiga,2
Erechim,2
N/A,2
Divinópolis,2
Cruzeiro,2
Congonhas,2
Colatina,2
Catanduva,2
Cascavel,2
Canoas,2
Canguçu,2
Cabreúva,2
Brusque,2
N/A,2
Biguaçu,2
Bento Gonçalves,2
Balneário Camboriú,2
Araucária,2
Araranguá,2
Guaíba,2
Parauapebas,2
N/A,2
N/A,2
N/A,2
Saint Petersburg,1
Skopje,1
Chennai,1
Shijiazhuang,1
Qingdao,1
Nanjing,1
Huzhou,1
Hangzhou,1
Guangzhou,1
Dalian,1
Chengdu,1
Changzhou,1
Beijing,1
Tokyo,1
Suzhou,1
Venda do Pinheiro,1
Sintra,1
Funchal,1
Amora,1
Amadora,1
Bissau,1
Vila Nova de Gaia,1
Trofa,1
Sátão,1
Recarei,1
Penafiel,1
Maia,1
Espinho,1
Coimbra,1
Águeda,1
Amsterdam,1
Leonberg,1
Toulouse,1
Tárnok,1
Timon,1
Teresina,1
Tamandaré,1
N/A,1
Pesqueira,1
Paulista,1
Patos,1
Olinda,1
Moreno,1
Jucás,1
Itapipoca,1
Ipanguaçu,1
Iguatu,1
Igarassu,1
Gameleira,1
Eusébio,1
Caucaia,1
N/A,1
Belo Jardim,1
Barcarena,1
Aquiraz,1
Altamira,1
Açu,1
Ciudad del Este,1
Votorantim,1
Volta Redonda,1
Viçosa,1
Vespasiano,1
Várzea Paulista,1
Tubarão,1
Três Passos,1
Três Lagoas,1
N/A,1
Severínia,1
N/A,1
São Leopoldo,1
São Gotardo,1
São Gonçalo,1
N/A,1
Santana de Parnaíba,1
Rio Verde,1
Ribeirão das Neves,1
Praia Grande,1
Porto Real,1
Porto Ferreira,1
Poá,1
Piúma,1
Piraju,1
Piracanjuba,1
N/A,1
Palhoça,1
Novo Hamburgo,1
Nova Lima,1
Nova Iguaçu,1
Nova Friburgo,1
Monte Aprazível,1
Montanha,1
Mococa,1
Mateus Leme,1
Martinópolis,1
Macaé,1
Laranjeiras,1
Joinville,1
Jandira,1
Jacareí,1
Itaúna,1
Itapevi,1
N/A,1
N/A,1
Itaboraí,1
Indaiatuba,1
Ilhéus,1
Igarapé,1
Ibirataia,1
Ibaiti,1
Gurupi,1
Guarujá,1
Guaratinga,1
Guarapuava,1
Guaranésia,1
Garça,1
Foz do Iguaçu,1
Embu,1
Colombo,1
Catu,1
Castilho,1
Caraguatatuba,1
N/A,1
N/A,1
Boquim,1
Brumado,1
