name,unique_exits,total_exits,exit_rate
/pt-br/3/tutorial/index.html,65,66,
/pt-br/3.15/using/windows.html,43,44,
/pt-br/3/library/index.html,43,43,
/pt-br/3/,35,38,
/pt-br/3/library/math.html,32,32,
/pt-br/3/library/stdtypes.html,30,33,
/pt-br/3/library/venv.html,29,29,
/pt-br/3.14/,28,30,
/pt-br/3/tutorial/datastructures.html,27,29,
/pt-br/3/library/tkinter.html,25,29,
/pt-br/3/library/functions.html,23,23,
/pt-br/3/library/random.html,22,27,
/pt-br/3/tutorial/controlflow.html,22,22,
/pt-br/3/search.html,20,20,
/pt-br/dev/library/zlib.html,20,20,
/pt-br/3/tutorial/,19,21,
/3/,18,18,
/pt-br/3/tutorial/interpreter.html,18,18,
/pt-br/3/tutorial/introduction.html,17,17,
/pt-br/3.14/search.html,16,18,
/dev/using/windows.html,15,15,
/pt-br/3.14/tutorial/index.html,15,24,
/pt-br/3.14/library/functions.html,12,13,
/pt-br/3/library/string.html,12,12,
/pt-br/3.14/tutorial/controlflow.html,10,17,
/pt-br/3.14/tutorial/introduction.html,10,12,
/pt-br/3/tutorial/appetite.html,10,11,
/pt-br/3/tutorial/classes.html,10,12,
/pt-br/3.13/library/functions.html,9,10,
/pt-br/3.14/library/index.html,8,8,
/pt-br/3.14/library/stdtypes.html,8,8,
/pt-br/3.14/tutorial/classes.html,8,10,
/pt-br/3/library/os.html,8,8,
/pt-br/3/using/cmdline.html,8,8,
/pt-br/dev/library/venv.html,8,8,
/pt-br/3.14/tutorial/datastructures.html,7,7,
/pt-br/3/reference/index.html,7,6,
/pt-br/3/tutorial/inputoutput.html,7,7,
/pt-br/dev/tutorial/datastructures.html,7,7,
/3/library/functions.html,6,5,
/pt-br/3.14/library/random.html,6,6,
/pt-br/3.14/library/tkinter.html,6,6,
/pt-br/3.14/tutorial/,6,6,
/pt-br/3.15/search.html,6,6,
/pt-br/3/faq/windows.html,6,6,
/pt-br/3/library/json.html,6,6,
/pt-br/3/whatsnew/3.14.html,6,6,
/pt-br/3.13/,5,5,
/pt-br/3/contents.html,5,5,
/pt-br/3/glossary.html,5,5,
/pt-br/3/howto/sockets.html,5,5,
/pt-br/3/library/__main__.html,5,5,
/pt-br/3/library/pathlib.html,5,5,
/pt-br/3/tutorial/errors.html,5,5,
/pt-br/3/using/android.html,5,5,
/pt-br/dev/howto/regex.html,5,5,
/3.14/,4,4,
/3/library/index.html,4,4,
/3/library/random.html,4,4,
/3/library/tkinter.html,4,4,
/pt-br/3.13/library/index.html,4,4,
/pt-br/3.14/installing/index.html,4,4,
/pt-br/3.14/library/string.html,4,4,
/pt-br/3.14/tutorial/interpreter.html,4,4,
/pt-br/3/library/exceptions.html,4,4,
/pt-br/3/library/operator.html,4,7,
/pt-br/3/library/re.html,4,5,
/pt-br/3/library/tk.html,4,4,
/pt-br/3/library/tkinter.ttk.html,4,4,
/pt-br/3/reference/expressions.html,4,4,
/pt-br/3/tutorial/modules.html,4,4,
/pt-br/3/using/windows.html,4,4,
/pt-br/3.13/howto/unicode.html,3,3,
/pt-br/3.13/library/tkinter.html,3,3,
/pt-br/3.14/faq/programming.html,3,3,
/pt-br/3.14/glossary.html,3,3,
/pt-br/3.14/library/intro.html,3,3,
/pt-br/3.14/library/math.html,3,4,
/pt-br/3.14/reference/index.html,3,3,
/pt-br/3/download.html,3,3,
/pt-br/3/howto/sorting.html,3,3,
/pt-br/3/library/csv.html,3,3,
/pt-br/3/library/datatypes.html,3,3,
/pt-br/3/library/datetime.html,3,3,
/pt-br/3/library/shutil.html,3,3,
/pt-br/3/library/typing.html,3,3,
/pt-br/3/reference/compound_stmts.html,3,3,
/pt-br/3/reference/datamodel.html,3,3,
/pt-br/3/reference/introduction.html,3,3,
/pt-br/3/whatsnew/index.html,3,3,
/pt-br/dev/faq/general.html,3,3,
/pt-br/dev/library/calendar.html,3,3,
/pt-br/dev/library/exceptions.html,3,3,
/pt-br/dev/library/http.client.html,3,3,
/pt-br/dev/library/tkinter.html,3,3,
/3.14/library/functions.html,2,2,
/3.14/library/index.html,2,2,
/3.14/search.html,2,2,
/3.15/,2,2,
/3.15/library/stdtypes.html,2,2,
