name,visitors
United States,1922
India,1203
China,1152
Russian Federation,613
Germany,488
United Kingdom,406
Brazil,355
Japan,326
France,283
Australia,242
South Korea,241
Vietnam,235
Netherlands,212
Canada,205
Hong Kong,204
Poland,190
Iran,178
Turkey,178
Spain,164
Ukraine,160
Italy,158
Singapore,155
Mexico,154
Pakistan,139
Egypt,134
Taiwan,130
Israel,118
Colombia,108
Indonesia,107
Sweden,104
Argentina,102
Philippines,86
Saudi Arabia,77
Thailand,72
Switzerland,67
Bangladesh,61
Peru,59
Nigeria,58
South Africa,58
Austria,56
Finland,53
Portugal,51
Belgium,50
Czechia,49
Belarus,48
Chile,48
United Arab Emirates,46
Morocco,46
Norway,46
Malaysia,43
Denmark,42
Algeria,42
Ireland,42
Hungary,40
Romania,39
Uzbekistan,38
New Zealand,37
Kazakhstan,36
Serbia,34
Bulgaria,33
Iraq,31
Ethiopia,30
Greece,28
Lithuania,26
Ecuador,25
Kenya,25
Croatia,24
Costa Rica,20
Ghana,20
Sri Lanka,20
Cambodia,19
Tunisia,17
Dominican Republic,15
Venezuela,14
Bolivia,13
Georgia,13
Jordan,12
Qatar,12
Slovakia,12
Azerbaijan,11
Latvia,11
"Palestine, State of",11
Armenia,10
Nepal,10
Panama,10
Slovenia,10
Yemen,10
Estonia,9
Moldova,9
Oman,9
Tanzania,8
Botswana,7
Guatemala,7
Luxembourg,7
Barbados,6
Benin,6
"Congo, The Democratic Republic of the",6
Cyprus,6
Iceland,6
North Macedonia,6
Myanmar,6
Mongolia,6
Paraguay,6
Uruguay,6
Cameroon,5
Kyrgyzstan,5
Kuwait,5
Nicaragua,5
Senegal,5
El Salvador,5
Afghanistan,4
Albania,4
Bosnia and Herzegovina,4
Laos,4
Madagascar,4
Sudan,4
Kosovo,4
Côte d'Ivoire,3
Cuba,3
Gabon,3
Lebanon,3
Libya,3
Rwanda,3
Syria,3
Uganda,3
Zimbabwe,3
Angola,2
Bahrain,2
Honduras,2
Montenegro,2
Mali,2
Malawi,2
Togo,2
Cabo Verde,1
Grenada,1
Guinea,1
Haiti,1
Jamaica,1
Cayman Islands,1
Malta,1
Mauritius,1
Mozambique,1
Papua New Guinea,1
Puerto Rico,1
Seychelles,1
Sierra Leone,1
Somalia,1
Turkmenistan,1
Zambia,1
