name,visitors
Île-de-France,974
Auvergne-Rhône-Alpes,259
Provence-Alpes-Côte-d'Azur,175
Grand-Est,136
Nouvelle-Aquitaine,122
Hauts-de-France,120
Occitanie,120
Pays-de-la-Loire,98
Centre-Val de Loire,69
Quebec,61
Brittany,43
Abidjan,41
Brussels,40
Burgundy-Franche-Comté,37
Tunis,37
Dakar,36
Wallonia,35
Algiers,30
Normandie,30
Meknès-Tafilalet,22
Centre,19
Vaud,17
Kinshasa,16
Oriental,13
Rabat-Salé-Zemmour-Zaer,13
Littoral,12
Niamey,12
Geneva,11
Zürich,11
Taza-Al Hoceima-Taounate,10
Ontario,9
Conakry,8
Flanders,7
Brazzaville,7
Chaouia-Ouardigha,7
Maritime,7
Centre,6
Littoral,6
Shandong,6
Texas,6
Catalonia,5
Tangier-Tétouan,5
California,5
Valais,4
Hesse,4
Tizi Ouzou,4
Oran,4
Madrid Autonomous Community,4
Corse,4
Tel Aviv,4
Bamako,4
Nabeul,4
Sud-Ubangi,3
Baden-Württemberg,3
Constantine,3
Khenchela,3
Ghardaïa,3
England,3
Lombardy,3
Sousse,3
Gitega,2
Ribeira Grande de Santiago,2
Prague,2
Hamburg,2
North Rhine-Westphalia,2
Béjaïa,2
Ouargla,2
Estuaire,2
Greater Accra,2
Zagreb,2
Ouest,2
Pest,2
Karnataka,2
Telangāna,2
Apulia,2
Mombasa,2
Luxembourg,2
Fès-Boulemane,2
Ciudad de Mexico,2
North Holland,2
Mazovia,2
Moscow,2
Jendouba,2
Sfax,2
Gafsa,2
Virginia,2
Ho Chi Minh City,2
Buenos Aires Province,1
Australian Capital Territory,1
Alibori,1
Mono,1
Paraná,1
British Columbia,1
South Kivu,1
Bern,1
Fribourg,1
St. Gallen,1
Beijing,1
Sichuan,1
Antioquia,1
San José,1
Praia,1
Rhineland-Palatinate,1
Chlef,1
Jijel,1
Sétif,1
Mostaganem,1
M'Sila,1
Relizane,1
Cairo,1
Andalusia,1
Valencian Community,1
Uusimaa,1
Nord-Est,1
Baranya,1
East Java,1
Odisha,1
Tamil Nadu,1
Tuscany,1
Umbria,1
Osaka,1
Phnom Penh,1
Gharb-Chrarda-Béni Hssen,1
Port Louis District,1
South Holland,1
NO-20,1
Muscat,1
Lisbon,1
Nizhny Novgorod,1
Bangkok,1
Ariana,1
Manouba,1
Mahdia,1
Arkansas,1
Connecticut,1
Illinois,1
New York,1
South Carolina,1
Utah,1
Washington,1
