name,unique_entrances,total_entrances,visit_duration
/fr/3.13/tutorial/index.html,182,185,188
/fr/3/tutorial/,78,78,81
/fr/3/library/json.html,76,77,123
/fr/dev/installing/index.html,65,66,94
/fr/3/tutorial/datastructures.html,62,71,69
/fr/3/library/csv.html,60,63,100
/3/,56,56,386
/fr/3.13/library/tkinter.html,48,50,111
/fr/3.13/tutorial/classes.html,46,46,360
/fr/3/,45,48,334
/fr/3.13/library/datetime.html,44,44,21
/fr/3.13/tutorial/datastructures.html,43,45,128
/fr/3/tutorial/venv.html,39,41,47
/fr/3/library/enum.html,35,35,125
/fr/3/tutorial/index.html,35,38,134
/fr/3/howto/regex.html,33,34,39
/fr/3.13/library/random.html,30,31,140
/fr/3.13/howto/sorting.html,27,28,26
/fr/3.13/library/functions.html,27,27,384
/fr/3.13/library/stdtypes.html,27,27,67
/fr/3/library/__main__.html,27,27,64
/fr/3.13/reference/import.html,26,27,23
/fr/3.13/tutorial/introduction.html,26,28,101
/fr/3.13/tutorial/appetite.html,25,25,212
/fr/3/library/string.html,25,25,194
/fr/3/tutorial/inputoutput.html,25,25,75
/fr/3/library/functions.html,24,25,177
/fr/3.13/library/math.html,23,25,12
/fr/3.13/library/os.html,23,23,214
/fr/3/library/stdtypes.html,23,27,921
/fr/3/library/random.html,22,24,46
/fr/3.13/tutorial/errors.html,21,21,22
/fr/3.13/library/turtle.html,20,21,89
/fr/3.13/tutorial/controlflow.html,20,25,446
/fr/3/tutorial/classes.html,20,21,0
/fr/3/using/cmdline.html,20,21,59
/fr/3.13/tutorial/interpreter.html,19,19,59
/fr/3.13/using/windows.html,19,20,60
/fr/3/howto/logging.html,19,19,175
/fr/3/tutorial/errors.html,19,19,164
/fr/3.13/search.html,18,18,391
/fr/3.13/library/collections.html,17,17,169
/fr/3.13/library/operator.html,16,17,4
/fr/3.13/tutorial/modules.html,16,16,144
/fr/3/library/statistics.html,16,17,1
/fr/3/library/threading.html,16,16,23
/fr/3/tutorial/appetite.html,16,16,64
/3/library/tkinter.html,15,15,566
/fr/3/installing/index.html,15,16,63
/fr/3/search.html,15,16,73
/fr/3.13/library/base64.html,14,14,41
/fr/3.13/library/idle.html,14,14,80
/fr/3.13/library/tkinter.ttk.html,14,14,146
/fr/3/library/multiprocessing.html,14,14,282
/fr/3/tutorial/controlflow.html,14,15,803
/fr/3.13/,13,13,616
/fr/3.13/library/subprocess.html,13,13,22
/fr/3/library/datetime.html,13,14,14
/fr/3/library/sys.html,13,14,30
/3/library/argparse.html,12,12,959
/fr/3.13/using/unix.html,12,12,75
/fr/3/library/venv.html,12,13,0
/fr/3/tutorial/introduction.html,12,12,82
/fr/3.13/library/pprint.html,11,11,4
/fr/3.13/library/unittest.html,11,11,196
/fr/dev/library/xml.etree.elementtree.html,11,12,17
/3/library/functions.html,10,10,812
/fr/3.13/faq/windows.html,10,10,51
/fr/3.13/library/re.html,10,10,162
/fr/3.13/library/time.html,10,11,2
/fr/3/library/glob.html,10,10,20
/fr/dev/reference/compound_stmts.html,10,11,173
/3/library/logging.html,9,9,689
/fr/3.13/library/argparse.html,9,9,442
/fr/3.13/library/array.html,9,9,310
/fr/3.13/library/copy.html,9,9,0
/fr/3/howto/sockets.html,9,9,163
/fr/3/howto/sorting.html,9,9,453
/fr/3/tutorial/interpreter.html,9,9,153
/3/library/random.html,8,8,1999
/fr/3.13/library/asyncio.html,8,8,555
/fr/3.13/library/index.html,8,9,129
/fr/3.13/library/pathlib.html,8,8,42
/fr/3.13/using/editors.html,8,8,21
/fr/3/using/,8,9,0
/3/library/pathlib.html,7,7,895
/3/library/stdtypes.html,7,7,1594
/3/library/venv.html,7,7,1246
/3/tutorial/index.html,7,7,290
/fr/3.13/genindex-Symboles.html,7,7,14
/fr/3.13/howto/enum.html,7,7,0
/fr/3.13/howto/sockets.html,7,7,0
/fr/3.13/library/decimal.html,7,7,0
/fr/3.13/reference/simple_stmts.html,7,7,4
/fr/3.13/using/index.html,7,7,74
/fr/3/library/,7,7,15
/fr/3/library/math.html,7,7,115
/fr/3/library/tkinter.html,7,7,248
/fr/3/library/zipfile.html,7,7,197
/3/library/idle.html,6,6,49
/3/library/socket.html,6,6,257
/fr/3.13/library/abc.html,6,7,12
/fr/3/library/idle.html,6,6,0
/fr/3/library/queue.html,6,6,26
/fr/3/tutorial/floatingpoint.html,6,6,0
/fr/3/tutorial/modules.html,6,6,108
/fr/3/using/windows.html,6,6,0
/fr/dev/library/unittest.html,6,6,198
/3.13/tutorial/index.html,5,5,422
/3/library/copy.html,5,5,4
/3/library/multiprocessing.html,5,5,925
/3/library/subprocess.html,5,5,1176
/3/library/turtle.html,5,5,1701
/3/reference/index.html,5,5,213
/3/search.html,5,5,339
/3/tutorial/,5,5,979
/3/tutorial/errors.html,5,5,1236
/fr/3.12/library/stdtypes.html,5,5,14
/fr/3.13/howto/argparse.html,5,5,180
/fr/3.13/howto/functional.html,5,5,0
/fr/3.13/library/hashlib.html,5,5,377
/fr/3.13/library/uuid.html,5,5,423
/fr/3.13/whatsnew/index.html,5,5,9
/fr/3/glossary.html,5,5,4
/fr/3/library/turtle.html,5,5,369
/fr/3/using/mac.html,5,5,65
/fr/dev/library/configparser.html,5,5,0
/fr/dev/library/functions.html,5,5,0
/fr/dev/library/pickle.html,5,5,580
/fr/dev/tutorial/datastructures.html,5,5,0
/3/library/json.html,4,4,632
/3/library/os.path.html,4,4,4728
/3/library/re.html,4,4,2090
/3/tutorial/modules.html,4,4,1501
/fr/3.12/tutorial/introduction.html,4,4,0
/fr/3.13/howto/unicode.html,4,4,0
/fr/3.13/installing/index.html,4,4,0
/fr/3.13/library/timeit.html,4,4,6
/fr/3.13/library/tkinter.font.html,4,4,0
/fr/3.13/library/urllib.html,4,4,408
/fr/3.13/reference/compound_stmts.html,4,4,88
/fr/3.13/reference/datamodel.html,4,5,4
/fr/3.13/tutorial/stdlib2.html,4,4,31
/fr/3/contents.html,4,4,12
/fr/3/index.html,4,4,8
/fr/3/library/filesys.html,4,4,15
/fr/3/library/pydoc.html,4,4,713
/fr/3/library/tarfile.html,4,4,0
/fr/3/py-modindex.html,4,4,0
/fr/3/reference/import.html,4,4,368
/fr/3/reference/index.html,4,4,92
/fr/dev/reference/index.html,4,4,5
/3.13/,3,3,45
/3/howto/annotations.html,3,3,67
/3/library/concurrent.futures.html,3,3,1025
/3/library/configparser.html,3,3,808
/3/library/csv.html,3,3,255
/3/library/datetime.html,3,3,34
/3/library/enum.html,3,3,652
/3/library/index.html,3,3,54
/3/library/math.html,3,3,387
/3/library/operator.html,3,3,198
/3/library/os.html,3,3,672
/3/library/tempfile.html,3,3,1732
/3/library/threading.html,3,3,278
/3/library/time.html,3,3,359
/3/library/unittest.mock.html,3,3,2029
/3/library/xml.etree.elementtree.html,3,3,4541
/3/library/zipfile.html,3,3,1719
/3/whatsnew/index.html,3,3,791
/fr/3.12/tutorial/modules.html,3,4,160
/fr/3.12/using/windows.html,3,3,0
/fr/3.13/contents.html,3,3,86
/fr/3.13/download.html,3,3,0
/fr/3.13/genindex.html,3,3,305
/fr/3.13/glossary.html,3,3,1133
/fr/3.13/howto/annotations.html,3,3,362
/fr/3.13/index.html,3,3,1049
/fr/3.13/library/asyncio-eventloop.html,3,3,5
/fr/3.13/library/exceptions.html,3,3,9
/fr/3.13/library/filesys.html,3,3,15
/fr/3.13/library/internet.html,3,3,19
/fr/3.13/library/pdb.html,3,3,57
/fr/3.13/library/tk.html,3,3,21
/fr/3.13/library/unicodedata.html,3,3,81
/fr/3.13/reference/index.html,3,3,193
/fr/3.13/whatsnew/3.13.html,3,3,118
/fr/3/library/contextvars.html,3,3,0
/fr/3/library/exceptions.html,3,3,0
/fr/3/library/index.html,3,3,0
/fr/3/library/operator.html,3,3,0
/fr/3/library/re.html,3,3,0
/fr/3/library/unittest.html,3,3,2
/fr/3/library/xml.etree.elementtree.html,3,3,110
/fr/dev/library/ipaddress.html,3,3,0
/3.12/,2,2,19
/3.13/using/windows.html,2,2,106
/3.15/,2,2,648
/3/download.html,2,2,692
/3/glossary.html,2,2,850
/3/howto/curses.html,2,2,467
/3/installing/index.html,2,2,102
/3/library/,2,2,146
/3/library/abc.html,2,2,4018
/3/library/array.html,2,2,60
/3/library/asyncio.html,2,2,88
/3/library/collections.html,2,2,3394
/3/library/email.mime.html,2,2,4026
/3/library/exceptions.html,2,2,6255
/3/library/ftplib.html,2,2,0
/3/library/functools.html,2,2,3861
/3/library/itertools.html,2,2,1116
/3/library/logging.handlers.html,2,2,2650
/3/library/pdb.html,2,2,266
/3/library/pickle.html,2,2,6903
/3/library/pydoc.html,2,2,1504
/3/library/string.html,2,2,1673
/3/library/sys.html,2,2,176
/3/library/tk.html,2,2,671
/3/library/typing.html,2,2,0
/3/library/unicodedata.html,2,2,329
/3/library/unittest.html,2,2,2676
/3/tutorial/appetite.html,2,2,2886
/3/tutorial/controlflow.html,2,2,52
/3/using/windows.html,2,2,3242
/fr/3.12/,2,2,12
/fr/3.12/library/json.html,2,2,0
/fr/3.12/tutorial/index.html,2,2,0
/fr/3.13/c-api/number.html,2,4,0
/fr/3.13/library/__future__.html,2,2,48
/fr/3.13/library/asyncio-task.html,2,2,0
/fr/3.13/library/binascii.html,2,2,0
/fr/3.13/library/calendar.html,2,2,0
/fr/3.13/library/crypto.html,2,2,19
/fr/3.13/library/enum.html,2,2,0
/fr/3.13/library/fnmatch.html,2,2,0
/fr/3.13/library/getpass.html,2,2,492
/fr/3.13/library/heapq.html,2,2,0
/fr/3.13/library/os.path.html,2,2,0
/fr/3.13/library/pickle.html,2,2,504
/fr/3.13/library/struct.html,2,2,0
/fr/3.13/library/urllib.request.html,2,3,0
/fr/3.13/library/zlib.html,2,2,130
/fr/3.13/tutorial/appendix.html,2,2,0
/fr/3.13/tutorial/venv.html,2,2,1114
/fr/3.13/using/cmdline.html,2,2,0
/fr/3.13/using/configure.html,2,2,294
/fr/3/download.html,2,2,14
/fr/3/howto/enum.html,2,2,868
/fr/3/howto/functional.html,2,2,0
/fr/3/library/asyncio-sync.html,2,2,0
/fr/3/library/configparser.html,2,2,0
/fr/3/library/contextlib.html,2,2,48
/fr/3/library/pdb.html,2,2,0
/fr/3/library/pprint.html,2,2,0
/fr/3/library/subprocess.html,2,2,2210
/fr/3/library/tempfile.html,2,2,0
/fr/3/library/time.html,2,2,698
/fr/3/library/typing.html,2,2,0
/fr/3/library/warnings.html,2,2,0
/fr/3/reference/compound_stmts.html,2,2,0
/fr/3/reference/executionmodel.html,2,2,444
/fr/3/reference/simple_stmts.html,2,2,652
/fr/3/tutorial/stdlib.html,2,2,499
/fr/3/using/android.html,2,2,0
/fr/dev/howto/unicode.html,2,2,0
/fr/dev/library/datetime.html,2,2,9
/fr/dev/library/pathlib.html,2,2,0
/fr/dev/library/re.html,2,2,3052
/fr/dev/library/xml.dom.minidom.html,2,2,0
/fr/dev/reference/datamodel.html,2,2,0
/fr/dev/using/index.html,2,2,0
/3.12/library/2to3.html,1,1,130
/3.12/library/datetime.html,1,1,1514
/3.12/library/os.path.html,1,1,2736
/3.13/library/abc.html,1,1,5522
/3.13/library/base64.html,1,1,56
/3.13/library/enum.html,1,1,0
/3.13/tutorial/,1,1,86
/3.13/tutorial/controlflow.html,1,1,642
/3.13/tutorial/inputoutput.html,1,1,6
/3.13/tutorial/interpreter.html,1,1,13
/3.14/,1,1,35
/3.14/index.html,1,1,237
/3.14/whatsnew/3.14.html,1,1,92
/3/c-api/conversion.html,1,1,13
/3/extending/extending.html,1,1,5
/3/faq/,1,1,137
/3/genindex-Symbols.html,1,1,12
/3/howto/logging-cookbook.html,1,1,13512
/3/howto/logging.html,1,1,1
/3/howto/sorting.html,1,1,776
/3/howto/unicode.html,1,1,0
/3/index.html,1,1,183
/3/library/__main__.html,1,1,9
/3/library/ast.html,1,1,0
/3/library/asyncio-stream.html,1,1,0
/3/library/asyncio-sync.html,1,1,10083
/3/library/asyncio-task.html,1,1,741
/3/library/cgi.html,1,1,32
