name,unique_exits,total_exits,exit_rate
/zh-tw/3/tutorial/index.html,122,125,
/zh-tw/dev/installing/index.html,55,55,
/zh-tw/3.13/library/venv.html,51,52,
/zh-tw/3.13/library/random.html,39,40,
/zh-tw/3.13/tutorial/datastructures.html,32,35,
/zh-tw/3.13/tutorial/index.html,31,33,
/zh-tw/3/library/re.html,30,31,
/zh-tw/3/tutorial/introduction.html,28,30,
/zh-tw/3.13/tutorial/inputoutput.html,26,26,
/zh-tw/3.13/howto/sorting.html,25,25,
/zh-tw/3/tutorial/interpreter.html,24,25,
/zh-tw/3.13/library/collections.html,23,23,
/zh-tw/3.13/library/json.html,23,24,
/zh-tw/3/howto/argparse.html,23,23,
/zh-tw/3.13/installing/index.html,22,22,
/zh-tw/3.13/library/os.path.html,22,22,
/zh-tw/3.13/tutorial/errors.html,21,21,
/zh-tw/3/library/index.html,21,21,
/zh-tw/3.13/tutorial/classes.html,20,20,
/zh-tw/3.13/library/string.html,19,19,
/zh-tw/3/tutorial/controlflow.html,18,20,
/zh-tw/3.13/tutorial/interpreter.html,16,17,
/zh-tw/3.13/library/heapq.html,15,18,
/zh-tw/3.13/tutorial/floatingpoint.html,15,15,
/zh-tw/3.13/tutorial/introduction.html,15,17,
/zh-tw/3.13/using/mac.html,15,15,
/zh-tw/dev/library/os.path.html,15,15,
/zh-tw/3.13/faq/windows.html,14,15,
/zh-tw/3.13/tutorial/controlflow.html,14,16,
/zh-tw/3.13/library/csv.html,13,13,
/zh-tw/dev/library/venv.html,13,13,
/zh-tw/3/tutorial/,12,13,
/zh-tw/3/tutorial/appetite.html,12,12,
/zh-tw/3.12/tutorial/,11,11,
/zh-tw/3.13/library/pathlib.html,11,12,
/zh-tw/3.13/library/stdtypes.html,11,11,
/zh-tw/3.13/library/typing.html,11,11,
/zh-tw/dev/library/csv.html,11,11,
/zh-tw/3.13/library/time.html,10,10,
/zh-tw/3.13/tutorial/modules.html,10,10,
/zh-tw/3/library/concurrent.futures.html,10,12,
/zh-tw/3.12/using/mac.html,9,9,
/zh-tw/3.13/library/__main__.html,9,9,
/zh-tw/3.13/library/functions.html,9,9,
/zh-tw/3.13/search.html,9,9,
/zh-tw/3.13/tutorial/venv.html,9,9,
/zh-tw/3/reference/import.html,9,9,
/zh-tw/3.13/library/io.html,8,8,
/zh-tw/3.13/library/tempfile.html,8,8,
/zh-tw/3.13/,7,7,
/zh-tw/3.13/glossary.html,7,7,
/zh-tw/3.13/howto/sockets.html,7,7,
/zh-tw/3.13/library/ftplib.html,7,7,
/zh-tw/3.13/library/urllib.request.html,7,7,
/zh-tw/3/download.html,7,7,
/zh-tw/3/tutorial/classes.html,7,7,
/zh-tw/3.13/library/copy.html,6,6,
/zh-tw/3.13/library/index.html,6,7,
/zh-tw/3.13/library/queue.html,6,6,
/zh-tw/3.13/reference/index.html,6,6,
/zh-tw/3.13/tutorial/appetite.html,6,6,
/zh-tw/3/,6,6,
/zh-tw/3/library/array.html,6,6,
/zh-tw/3/library/pdb.html,6,6,
/zh-tw/3/tutorial/datastructures.html,6,6,
/3/library/re.html,5,5,
/3/library/venv.html,5,5,
/zh-tw/3.12/genindex-all.html,5,5,
/zh-tw/3.13/library/bisect.html,5,5,
/zh-tw/3.13/library/glob.html,5,5,
/zh-tw/3.13/library/operator.html,5,5,
/zh-tw/3.13/library/secrets.html,5,5,
/zh-tw/3/library/pickle.html,5,5,
/zh-tw/3/library/venv.html,5,5,
/3.13/tutorial/index.html,4,4,
/3/,4,4,
/zh-tw/3.13/library/ast.html,4,4,
/zh-tw/3.13/library/gc.html,4,4,
/zh-tw/3.13/library/os.html,4,4,
/zh-tw/3.13/library/unittest.html,4,4,
/zh-tw/3/contents.html,4,4,
/zh-tw/3/library/argparse.html,4,4,
/zh-tw/3/library/datetime.html,4,4,
/zh-tw/3/library/functions.html,4,4,
/zh-tw/3/library/threading.html,4,4,
/zh-tw/3/reference/datamodel.html,4,3,
/zh-tw/3/tutorial/floatingpoint.html,4,4,
/zh-tw/3/tutorial/inputoutput.html,4,4,
/zh-tw/dev/library/time.html,4,4,
/3/library/stdtypes.html,3,3,
/3/library/typing.html,3,3,
/3/tutorial/datastructures.html,3,3,
/zh-tw/3.12/installing/index.html,3,3,
/zh-tw/3.12/library/venv.html,3,3,
/zh-tw/3.13/faq/general.html,3,3,
/zh-tw/3.13/library/distutils.html,3,3,
/zh-tw/3.13/library/math.html,3,3,
/zh-tw/3.13/library/multiprocessing.shared_memory.html,3,3,
/zh-tw/3.13/library/statistics.html,3,3,
/zh-tw/3.13/library/uuid.html,3,3,
