name,visitors
Taipei,413
New Taipei,212
Taoyuan,115
Taichung,98
Kaohsiung,95
Hsinchu County,76
Tainan,48
Hsinchu,46
Changhua,13
Guangdong,12
Nantou,11
Miaoli,10
Tokyo,9
Beijing,7
Chiayi County,5
Penghu,5
Pingtung,5
Jiangsu,4
Hualien,4
California,4
Henan,3
Shanghai,3
Kowloon City Kowloon,3
Kwai Tsing New Territories,3
Sha Tin New Territories,3
Yilan,3
Yunlin,3
Washington,3
Alberta,2
Sichuan,2
Shandong,2
Shaanxi,2
Hesse,2
Sai Kung New Territories,2
Odisha,2
Kuala Lumpur,2
Keelung,2
Texas,2
New South Wales,1
Queensland,1
Victoria,1
Ontario,1
Quebec,1
Guangxi,1
Hubei,1
Liaoning,1
Shanxi,1
Tianjin,1
North Rhine-Westphalia,1
Cairo,1
Central and Western Hong Kong Island,1
Kwun Tong Kowloon,1
Karnataka,1
Kerala,1
Kanagawa,1
Hyogo,1
Seoul,1
Incheon,1
Province 3,1
Chiayi,1
Taitung,1
New York,1
Ho Chi Minh City,1
