name,unique_exits,total_exits,exit_rate
/pt-br/latest/guides/installing-using-pip-and-virtual-environments/,16,16,
/pt-br/latest/tutorials/installing-packages/,12,12,
/pt-br/latest/guides/writing-pyproject-toml/,6,6,
/en/latest/tutorials/installing-packages/,5,5,
/pt-br/latest/guides/installing-using-virtualenv/,4,4,
/ja/latest/tutorials/installing-packages/,3,3,
/pt-br/latest/,3,3,
/pt-br/latest/overview/,3,3,
/pt-br/latest/specifications/externally-managed-environments/,3,3,
/pt-br/latest/tutorials/packaging-projects/,3,3,
/en/latest/guides/writing-pyproject-toml/,2,2,
/ja/latest/,2,2,
/pt-br/latest/guides/distributing-packages-using-setuptools/,2,2,
/pt-br/latest/guides/dropping-older-python-versions/,2,2,
/pt-br/latest/guides/packaging-binary-extensions/,2,2,
/pt-br/latest/key_projects/,2,1,
/pt-br/latest/specifications/pypirc/,2,2,
/pt-br/latest/tutorials/managing-dependencies/,2,2,
/en/latest/,1,1,
/en/latest/discussions/single-source-version/,1,1,
/en/latest/guides/,1,1,
/en/latest/guides/tool-recommendations/,1,1,
/en/latest/tutorials/,1,1,
/en/latest/tutorials/packaging-projects/,1,1,
/pt-br/latest/discussions/distribution-package-vs-import-package/,1,1,
/pt-br/latest/discussions/src-layout-vs-flat-layout/,1,1,
/pt-br/latest/glossary/,1,1,
/pt-br/latest/guides/creating-command-line-tools/,1,1,
/pt-br/latest/guides/installing-stand-alone-command-line-tools/,1,1,
/pt-br/latest/guides/installing-using-linux-tools/,1,1,
/pt-br/latest/guides/tool-recommendations/,1,1,
/pt-br/latest/guides/using-testpypi/,1,1,
/pt-br/latest/specifications/binary-distribution-format/,1,1,
/pt-br/latest/specifications/dependency-specifiers/,1,1,
/pt-br/latest/specifications/name-normalization/,1,1,
/pt-br/latest/specifications/pyproject-toml/,1,1,
