name,unique_entrances,total_entrances,visit_duration
/pt-br/3/,140,141,185
/pt-br/3/tutorial/index.html,100,111,131
/pt-br/3.13/tutorial/index.html,92,94,192
/3/,85,85,445
/pt-br/3.13/library/venv.html,76,78,110
/pt-br/3.13/tutorial/datastructures.html,50,53,29
/pt-br/3.13/library/math.html,46,47,213
/pt-br/3.13/library/index.html,43,47,32
/pt-br/3.13/library/tkinter.html,40,41,95
/pt-br/3/library/stdtypes.html,38,40,62
/pt-br/3.13/tutorial/classes.html,33,37,49
/pt-br/3/tutorial/,33,34,185
/pt-br/3.13/library/functions.html,32,32,239
/pt-br/3/library/,31,31,30
/pt-br/dev/library/zlib.html,30,31,1
/pt-br/3.13/,29,31,167
/pt-br/3/tutorial/datastructures.html,27,29,289
/pt-br/3.13/tutorial/controlflow.html,26,36,90
/pt-br/3.13/tutorial/interpreter.html,26,26,74
/pt-br/3.13/library/random.html,25,25,14
/pt-br/3/tutorial/controlflow.html,25,26,22
/pt-br/3.13/search.html,24,24,262
/pt-br/3/library/csv.html,22,22,135
/pt-br/3.13/library/stdtypes.html,21,22,74
/pt-br/3.13/library/string.html,21,21,104
/pt-br/3.13/tutorial/introduction.html,21,21,83
/pt-br/3/library/functions.html,21,22,265
/pt-br/3/tutorial/introduction.html,21,22,141
/pt-br/dev/library/venv.html,21,21,9
/pt-br/3.13/tutorial/appetite.html,18,18,188
/pt-br/3/library/math.html,17,17,57
/pt-br/3/library/venv.html,16,16,0
/pt-br/3.13/using/windows.html,15,15,29
/pt-br/3/library/index.html,15,15,28
/pt-br/3/library/random.html,15,15,3
/3/library/tkinter.html,14,14,387
/pt-br/3.13/tutorial/modules.html,14,14,59
/3/tutorial/index.html,13,13,690
/pt-br/3/search.html,13,13,62
/pt-br/3.13/library/tk.html,12,13,258
/3/library/idle.html,11,11,172
/pt-br/3.13/library/datetime.html,11,11,367
/pt-br/3.13/library/pathlib.html,11,11,139
/pt-br/3/library/string.html,11,11,20
/3.13/,10,10,592
/3/library/index.html,10,10,913
/pt-br/3.13/howto/logging.html,10,11,10
/pt-br/3.13/library/os.html,10,10,173
/pt-br/3.13/py-modindex.html,10,10,18
/3.13/tutorial/index.html,9,9,606
/pt-br/3.13/faq/windows.html,9,9,0
/pt-br/3.13/library/statistics.html,9,9,0
/pt-br/3/howto/sockets.html,9,10,390
/pt-br/3/tutorial/classes.html,9,9,23
/pt-br/3/tutorial/interpreter.html,9,9,2
/pt-br/dev/howto/logging.html,9,9,0
/3/library/venv.html,8,8,57
/3/search.html,8,8,1031
/pt-br/3.13/library/re.html,8,8,0
/pt-br/3.13/tutorial/errors.html,8,8,218
/pt-br/3/using/cmdline.html,8,8,452
/pt-br/dev/howto/sorting.html,8,8,373
/pt-br/dev/library/tkinter.html,8,9,170
/pt-br/dev/library/unittest.html,8,8,0
/pt-br/dev/reference/import.html,8,8,0
/3/library/functions.html,7,7,129
/3/library/turtle.html,7,8,1083
/pt-br/3.13/library/json.html,7,7,0
/pt-br/3.13/tutorial/inputoutput.html,7,9,0
/pt-br/3/contents.html,7,7,141
/pt-br/3/installing/index.html,7,7,60
/pt-br/3/library/shutil.html,7,7,131
/pt-br/3/reference/index.html,7,7,20
/3/library/math.html,6,6,868
/3/library/stdtypes.html,6,6,503
/pt-br/3.13/library/turtle.html,6,6,111
/pt-br/3/library/tkinter.html,6,6,77
/pt-br/3/tutorial/appetite.html,6,6,344
/pt-br/3/whatsnew/3.13.html,6,6,68
/pt-br/dev/faq/general.html,6,6,37
/3/library/os.html,5,5,94
/3/library/re.html,5,5,564
/pt-br/3.13/contents.html,5,5,4
/pt-br/3.13/library/time.html,5,5,142
/pt-br/3.13/reference/index.html,5,5,454
/pt-br/3.13/whatsnew/3.13.html,5,5,0
/pt-br/3.13/whatsnew/index.html,5,6,2
/pt-br/3/howto/logging.html,5,6,0
/pt-br/3/library/json.html,5,5,0
/pt-br/3/reference/datamodel.html,5,5,0
/pt-br/3/tutorial/errors.html,5,5,0
/pt-br/3/tutorial/inputoutput.html,5,5,2414
/pt-br/3/tutorial/modules.html,5,5,0
/pt-br/3/using/android.html,5,5,36
/pt-br/dev/howto/regex.html,5,5,2
/pt-br/dev/library/calendar.html,5,5,36
/3/library/datetime.html,4,4,605
/3/library/statistics.html,4,4,1213
/3/tutorial/,4,4,23
/pt-br/3.13/howto/sockets.html,4,4,0
/pt-br/3.13/installing/index.html,4,4,0
/pt-br/3.13/library/csv.html,4,4,0
/pt-br/3.13/library/dataclasses.html,4,4,0
/pt-br/3.13/library/getpass.html,4,4,2
/pt-br/3.13/library/intro.html,4,4,31
/pt-br/3.13/library/logging.html,4,5,157
/pt-br/3.13/library/operator.html,4,5,71
/pt-br/3.13/library/pydoc.html,4,4,0
/pt-br/3.13/library/types.html,4,4,0
/pt-br/3.13/library/warnings.html,4,4,6
/pt-br/3.13/tutorial/,4,4,4
/pt-br/3.13/tutorial/venv.html,4,4,0
/pt-br/3/library/datetime.html,4,4,107
/pt-br/3/library/glob.html,4,4,0
/pt-br/3/library/itertools.html,4,4,7
/pt-br/3/library/time.html,4,4,725
/pt-br/3/library/typing.html,4,4,0
/pt-br/3/library/unittest.html,4,4,8
/pt-br/3/tutorial/stdlib.html,4,4,82
/pt-br/dev/library/statistics.html,4,4,123
/3.14/,3,3,1191
/3/download.html,3,3,155
/3/library/pprint.html,3,3,502
/3/library/socket.html,3,3,836
/3/library/time.html,3,3,550
/3/reference/index.html,3,3,61
/3/tutorial/errors.html,3,3,500
/pt-br/3.12/library/tkinter.font.html,3,3,22
/pt-br/3.13/c-api/set.html,3,3,677
/pt-br/3.13/download.html,3,3,254
/pt-br/3.13/glossary.html,3,3,0
/pt-br/3.13/index.html,3,3,0
/pt-br/3.13/library/__main__.html,3,3,0
/pt-br/3.13/library/concurrent.futures.html,3,3,972
/pt-br/3.13/library/http.client.html,3,3,0
/pt-br/3.13/library/sys.html,3,3,0
/pt-br/3.13/library/zipfile.html,3,3,0
/pt-br/3/howto/enum.html,3,3,686
/pt-br/3/library/argparse.html,3,3,0
/pt-br/3/library/exceptions.html,3,3,4
/pt-br/3/library/os.html,3,3,522
/pt-br/3/library/re.html,3,3,0
/pt-br/3/library/turtle.html,3,3,0
/pt-br/3/reference/compound_stmts.html,3,3,115
/pt-br/3/reference/introduction.html,3,3,69
/pt-br/dev/library/re.html,3,3,380
/pt-br/dev/library/subprocess.html,3,3,384
/pt-br/dev/tutorial/datastructures.html,3,3,0
/3.13/tutorial/,2,2,21
/3.13/tutorial/appetite.html,2,2,600
/3.13/using/windows.html,2,2,132
/3.13/whatsnew/3.13.html,2,2,72
/3/faq/,2,2,432
/3/glossary.html,2,2,1470
/3/howto/sorting.html,2,2,92
/3/library/asyncio-task.html,2,2,17
/3/library/asyncio.html,2,2,172
/3/library/concurrent.futures.html,2,2,82
/3/library/csv.html,2,2,0
/3/library/imghdr.html,2,2,6
/3/library/random.html,2,2,14
/3/library/string.html,2,2,12
/3/library/tkinter.messagebox.html,2,2,64
/3/library/unittest.html,2,2,20
/3/tutorial/appetite.html,2,2,42
/3/tutorial/classes.html,2,2,43
/3/tutorial/datastructures.html,2,2,1320
/pt-br/3.12/,2,2,0
/pt-br/3.12/howto/regex.html,2,2,0
/pt-br/3.12/tutorial/index.html,2,2,490
/pt-br/3.13/library/asyncio-queue.html,2,2,0
/pt-br/3.13/library/asyncio.html,2,2,0
/pt-br/3.13/library/cmdlinelibs.html,2,2,0
/pt-br/3.13/library/exceptions.html,2,2,0
/pt-br/3.13/library/idle.html,2,2,4
/pt-br/3.13/library/itertools.html,2,2,2
/pt-br/3.13/library/pickle.html,2,2,0
/pt-br/3.13/library/pprint.html,2,2,0
/pt-br/3.13/library/tkinter.messagebox.html,2,2,276
/pt-br/3.13/library/tkinter.ttk.html,2,2,0
/pt-br/3.13/reference/compound_stmts.html,2,2,0
/pt-br/3.13/reference/datamodel.html,2,2,0
/pt-br/3.13/reference/expressions.html,2,2,834
/pt-br/3.13/reference/lexical_analysis.html,2,2,0
/pt-br/3.13/tutorial/stdlib.html,2,2,14
/pt-br/3.13/using/mac.html,2,2,0
/pt-br/3.14/c-api/capsule.html,2,2,0
/pt-br/3.14/glossary.html,2,2,2037
/pt-br/3.15/tutorial/interpreter.html,2,3,125
/pt-br/3.15/whatsnew/3.14.html,2,2,2
/pt-br/3/c-api/index.html,2,2,21
/pt-br/3/howto/sorting.html,2,2,0
/pt-br/3/index.html,2,2,8
/pt-br/3/library/abc.html,2,2,0
/pt-br/3/library/filesys.html,2,2,7
/pt-br/3/library/graphlib.html,2,2,0
/pt-br/3/library/numeric.html,2,2,0
/pt-br/3/library/operator.html,2,3,0
/pt-br/3/library/sqlite3.html,2,2,0
/pt-br/3/library/statistics.html,2,3,2
/pt-br/3/library/struct.html,2,2,0
/pt-br/3/tutorial/venv.html,2,2,24
/pt-br/3/using/windows.html,2,2,0
/pt-br/dev/library/pdb.html,2,2,0
/pt-br/dev/library/random.html,2,2,0
/pt-br/dev/library/textwrap.html,2,2,0
/pt-br/dev/whatsnew/3.13.html,2,2,0
/3.12/,1,1,156
/3.12/library/logging.html,1,1,288
/3.12/search.html,1,1,15
/3.13/contents.html,1,1,8
/3.13/index.html,1,1,337
/3.13/library/functions.html,1,1,32
/3.13/library/sys.html,1,1,46
/3.13/library/xml.etree.elementtree.html,1,2,86
/3.13/search.html,1,1,0
/3.15/whatsnew/3.15.html,1,1,22
/3/genindex-all.html,1,1,611
/3/howto/logging.html,1,1,2924
/3/index.html,1,1,19
/3/library/compileall.html,1,1,283
/3/library/curses.html,1,1,335
/3/library/dataclasses.html,1,1,17
/3/library/datatypes.html,1,1,44
/3/library/ensurepip.html,1,1,54
/3/library/exceptions.html,1,1,8
/3/library/fnmatch.html,1,1,0
/3/library/hashlib.html,1,1,1431
/3/library/json.html,1,1,1147
/3/library/locale.html,1,1,0
/3/library/logging.html,1,1,0
/3/library/markup.html,1,1,17
/3/library/mmap.html,1,1,956
/3/library/multiprocessing.html,1,1,0
/3/library/os.path.html,1,1,2329
/3/library/pathlib.html,1,1,0
/3/library/pdb.html,1,1,62
/3/library/py_compile.html,1,1,2335
/3/library/sched.html,1,1,48
/3/library/secrets.html,1,1,4
/3/library/socketserver.html,1,1,0
/3/library/sqlite3.html,1,1,27
/3/library/subprocess.html,1,1,295
/3/library/tk.html,1,1,26
/3/library/tkinter.scrolledtext.html,1,1,102
/3/library/tomllib.html,1,1,53
/3/library/typing.html,1,1,0
/3/library/xml.etree.elementtree.html,1,1,65
/3/py-modindex.html,1,1,305
/3/reference/,1,1,1186
/3/reference/datamodel.html,1,1,0
/3/reference/expressions.html,1,1,2358
/3/reference/lexical_analysis.html,1,1,14
/3/tutorial/controlflow.html,1,1,3835
/3/tutorial/inputoutput.html,1,1,89
/3/tutorial/interpreter.html,1,1,1211
/3/using/cmdline.html,1,1,19
/3/using/windows.html,1,1,21
/dev/using/windows.html,1,1,10
/pt-br/3.12/howto/sockets.html,1,1,0
/pt-br/3.12/library/hmac.html,1,1,0
/pt-br/3.12/library/logging.html,1,1,0
/pt-br/3.12/library/windows.html,1,1,0
/pt-br/3.12/search.html,1,1,1838
/pt-br/3.12/tutorial/inputoutput.html,1,1,9
/pt-br/3.12/tutorial/interpreter.html,1,1,49
/pt-br/3.12/using/windows.html,1,1,0
/pt-br/3.12/whatsnew/3.12.html,1,1,0
/pt-br/3.13/c-api/conversion.html,1,1,0
/pt-br/3.13/deprecations/index.html,1,1,117
/pt-br/3.13/faq/general.html,1,1,0
/pt-br/3.13/faq/library.html,1,1,120
/pt-br/3.13/genindex.html,1,1,3
/pt-br/3.13/howto/free-threading-python.html,1,1,66
/pt-br/3.13/howto/functional.html,1,1,0
/pt-br/3.13/howto/gdb_helpers.html,1,1,0
/pt-br/3.13/howto/index.html,1,1,0
/pt-br/3.13/howto/regex.html,1,1,3
/pt-br/3.13/library/,1,1,9
/pt-br/3.13/library/abc.html,1,1,0
/pt-br/3.13/library/asyncio-task.html,1,1,0
/pt-br/3.13/library/bisect.html,1,1,0
/pt-br/3.13/library/calendar.html,1,1,1647
/pt-br/3.13/library/codecs.html,1,1,0
/pt-br/3.13/library/collections.html,1,1,0
/pt-br/3.13/library/concurrency.html,1,1,0
/pt-br/3.13/library/configparser.html,1,1,0
/pt-br/3.13/library/crypto.html,1,1,40
/pt-br/3.13/library/datatypes.html,1,1,0
/pt-br/3.13/library/dbm.html,1,1,0
/pt-br/3.13/library/dialog.html,1,1,0
/pt-br/3.13/library/fnmatch.html,1,1,0
/pt-br/3.13/library/frameworks.html,1,1,19
/pt-br/3.13/library/gc.html,1,1,0
/pt-br/3.13/library/http.cookies.html,1,1,0
/pt-br/3.13/library/http.server.html,1,1,0
/pt-br/3.13/library/io.html,1,1,983
/pt-br/3.13/library/ipc.html,1,1,55
/pt-br/3.13/library/keyword.html,1,1,4
/pt-br/3.13/library/locale.html,1,1,0
