name,visitors,bounce_rate,visit_duration
google.com,999,76,147
Direct / None,832,66,206
bing.com,80,80,115
python.org,42,0,445
chatgpt.com,36,73,171
search.brave.com,32,91,2
gstatic.com,29,78,181
cursos.alura.com.br,22,86,98
baidu.com,13,79,1
br.search.yahoo.com,13,64,26
duckduckgo.com,9,75,19
netacad.com,9,100,0
baidu.com/link,8,88,10
m.baidu.com,8,88,3
ead.aedb.br,7,29,615
web.dio.me,6,83,10
classroom.google.com,5,67,373
presencial.moodle.ufsc.br,5,60,15
udemy.com,5,40,397
avaucs.grupoa.education,4,100,0
copilot.microsoft.com,3,33,158
sites.google.com,3,0,18
cs50.harvard.edu,2,0,87
devlife.insper-comp.com.br,2,0,1154
ead.ifmt.edu.br/cursosead/mod/forum/discuss.php,2,50,176
gemini.google.com,2,100,0
github.com/alura/techguide/blob/main/_data/downloadFiles/PT_BR/python.md,2,100,0
google.com.br,2,100,0
mariani.inf.ufsc.br,2,100,0
online.ifmt.edu.br/mod/url/view.php,2,50,337
pucminas.instructure.com/courses/199119/modules/items/4332332,2,100,0
127.0.0.1,1,0,458
aapa.uninove.br,1,100,0
alunos.daxus.com.br,1,0,197
android-app://com.google.android.gm,1,100,0
android-app://com.google.android.googlequicksearchbox,1,100,0
app.betrybe.com,1,100,0
aulas.descomplica.com.br,1,100,0
ava.akcit.ufg.br,1,0,287
cdn3.gnarususercontent.com.br,1,100,0
chat.z.ai,1,0,10
confluence.santanderbr.corp,1,100,0
ead.educacao.pe.gov.br,1,100,0
ecosia.org,1,100,0
fastapidozero.dunossauro.com,1,0,0
footure.com.br,1,100,0
hub.asimov.academy,1,100,0
ic.unicamp.br,1,0,33
m.baidu.com/from=844b/bd_page_type=1/ssid=d06bcac7b2bbd1e1d1bd736b79a0c4/uid=0/pu=usm%400%2Csz%401320_1001%2Cta%40iphone_2_15.0_17_8.0/baiduid=CC76309197C1FF5B5EDFE4269D6A1751/w=0_10_/t=iphone/l=1/tc,1,100,0
m365.cloud.microsoft,1,0,27
medium.com/@adari.girishkumar/better-practices-for-python-projects-using-virtual-environment-acd051d241dd,1,0,0
networkx.org,1,0,0
perplexity.ai,1,0,67
pucgoiasgraduacao.grupoa.education,1,100,0
pucrs-ie-assets-prod.edtech.com.br,1,100,0
python.org.br,1,100,0
pythonfluente.com,1,100,0
pythoniluminado.netlify.app,1,0,31
pythonlikeyoumeanit.com,1,0,0
roadmap.sh,1,0,81
sigaa.ufra.edu.br,1,100,0
statics.teams.cdn.office.net,1,100,0
techguide.sh,1,100,0
youtube.com,1,100,0
