name,visitors,bounce_rate,visit_duration
Direct / None,3460,65,1049
google.com,449,80,433
python.org,123,71,295
bing.com,66,81,268
cn.bing.com,35,77,279
duckduckgo.com,34,43,361
practicum.yandex.ru,31,88,1
baidu.com/link,29,91,185
chatgpt.com,24,63,224
campus110.unad.edu.co,20,74,52
peps.python.org,14,86,1
yandex.ru,13,50,630
search.brave.com,12,100,295
statics.teams.cdn.office.net,10,60,127
google.com.hk,9,67,1782
mooc1.chaoxing.com/ananas/modules/zt/hyperlink/index-pc.html,7,43,3
ecosia.org,6,100,192
colab.research.google.com,5,40,78
pypi.org,5,80,650
github.com/jwodder/versioningit/issues/48,4,75,137
python.github.net.cn,4,75,4
campus142.unad.edu.co,3,33,884
console.basthon.fr,3,33,24
docs.astral.sh,3,67,26
practicum.yandex.com,3,100,0
qiita.com,3,0,695
ya.ru,3,100,10
127.0.0.1,2,100,0
baidu.com,2,50,40
classroom.google.com,2,100,0
discuss.python.org,2,0,136
github.com/marcelotduarte/python-msilib/tree/main,2,0,104
github.com/python/peps/blob/main/peps/pep-0693.rst,2,100,0
github.com/twisted/twisted/issues/12229,2,100,0
kagi.com,2,0,641
link.csdn.net,2,0,1018
m.baidu.com/from=1022282z/bd_page_type=1/ssid=0/uid=0/pu=usm%400%2Csz%401320_1001%2Cta%40iphone_2_16.0_24_137.0/baiduid=70C2E8CCD1B12D56411DA4F9897C202F/w=0_10_/t=iphone/l=1/tc,2,0,1742
m.baidu.com/from=1027661f/bd_page_type=1/ssid=0/uid=0/pu=usm%400%2Csz%401320_1001%2Cta%40iphone_2_16.0_24_131.0/baiduid=459C728BA4378A92B671B43839720202/w=0_10_/t=iphone/l=1/tc,2,0,89
mx.search.yahoo.com,2,100,0
practicum.yandex.kz,2,50,69
psicode.org,2,100,0
pucminas.instructure.com/courses/199119/modules/items/4332332,2,100,0
pucminas.instructure.com/courses/230808/modules/items/4964536,2,100,0
pypdf.readthedocs.io/en/stable/modules/PdfReader.html,2,50,32
search.yahoo.co.jp,2,50,7
search.yahoo.com,2,100,0
translations.python.org,2,0,49
udemy.com,2,0,2
youtube.com,2,0,424
10.126.126.11,1,0,8
192.168.0.10,1,0,48
aiosmtplib.readthedocs.io/en/stable/usage.html,1,100,0
alice.yandex.ru,1,100,0
android-app://com.google.android.googlequicksearchbox,1,0,4885
blog.serverworks.co.jp,1,100,0
bristol-training.github.io,1,0,4304
bugs.mysql.com,1,100,0
bugzilla.redhat.com,1,0,127
chat.baidu.com,1,100,0
code.visualstudio.com,1,0,1435
codehub-y.huawei.com,1,0,829
context7.com,1,0,11
discourse.chstudio.fr,1,0,1719
docs.google.com,1,0,2
docs.pydantic.dev,1,0,356
docs.sqlalchemy.org,1,0,223
docs.vllm.ai/en/latest/examples/others/logging_configuration,1,0,1035
doubao.com,1,0,1532
dti-cpu-pr-1.jhub.pax.ulaval.ca,1,100,0
eksamensvedlegg.it.ntnu.no,1,0,467
en.wikipedia.org,1,0,191
foo-manroot.github.io,1,100,0
freekb.net,1,100,0
fstring.help,1,100,0
git.corp.adobe.com,1,100,0
github.com,1,100,0
github.com/aiogram/aiogram,1,0,51
github.com/fastapi/fastapi/issues/5881,1,100,0
github.com/mkdocstrings/python/pull/322,1,100,0
github.com/pypa/virtualenv/issues/2812,1,0,1480
github.pwc.ca,1,100,0
in.search.yahoo.com,1,100,0
kaku-env.github.io,1,100,0
learn.microsoft.com,1,100,0
leetcode.com,1,0,739
liaoxuefeng.com,1,0,0
link.zhihu.com,1,0,943
lms.robotdreams.cc,1,100,0
lrps.wgu.edu,1,100,0
mediawiki.org,1,100,0
mooc1.chaoxing.com,1,100,0
moodle.tum.de,1,0,358
mypy.readthedocs.io/en/stable/protocols.html,1,0,105
notebooks.githubusercontent.com,1,100,0
ntp.msn.cn,1,100,0
ntp.msn.com,1,0,13
orgpad.info,1,100,0
packaging.python.org/en/latest/tutorials/packaging-projects,1,0,292
pages.github.nwie.net,1,0,170
perplexity.ai,1,100,0
pyfound.blogspot.com,1,100,0
pypdf.readthedocs.io/en/stable/modules/PageObject.html,1,100,0
pypdf.readthedocs.io/en/stable/modules/PdfWriter.html,1,100,0
pypdf.readthedocs.io/en/stable/modules/RectangleObject.html,1,100,0
pypdf.readthedocs.io/en/stable/modules/XmpInformation.html,1,100,0
python-engineer.com,1,100,0
python-httpx.org,1,0,25
python.org/downloads/release/python-3120,1,100,0
python3-cookbook.readthedocs.io/zh-cn/latest/c08/p02_customizing_string_formatting.html,1,0,68
pyyeti.readthedocs.io/en/latest/modules/nastran/generated/pyyeti.nastran.bulk.wtcard16.html,1,0,1349
qianwen.com/chat/b648a34bee5d427896431de0633bc746,1,0,33
quark.cn/s/222OBXxWQdZiTcvlzn,1,100,0
qwant.com,1,0,3394
servicedesk,1,100,0
sso.st.com,1,0,0
t.co,1,100,0
trac.edgewall.org,1,100,0
web.wetab.link,1,100,0
wiki.corp.thales,1,0,7507
wiki.python.org,1,0,442
