property,value,visitors,events,percentage
url,(none),624,2033,99.7
url,https://www.python.org/,12,12,1.9
url,https://packaging.python.org/en/latest/tutorials/packaging-projects/,2,2,0.3
url,https://pl.wikipedia.org/wiki/Ci%C4%85g_Fibonacciego,2,2,0.3
url,https://www.python.org/downloads/,2,2,0.3
url,https://apps.microsoft.com/detail/9NQ7512CXL7T,1,1,0.2
url,https://docs.python.org/pl/3.14/archives/python-3.14-docs-html.zip,1,1,0.2
url,https://docs.python.org/pl/3.14/archives/python-3.14-docs-text.zip,1,1,0.2
url,https://peps.python.org/pep-0008/,1,1,0.2
url,https://setuptools.pypa.io/en/latest/setuptools.html,1,1,0.2
url,https://support.apple.com/en-us/HT201732,1,3,0.2
