name,visitors,pageviews,bounce_rate,time_on_page,scroll_depth
/it/3/tutorial/index.html,25,43,33,97,58
/it/3.13/tutorial/index.html,18,27,75,15,60
/it/3/tutorial/datastructures.html,13,16,70,49,51
/it/3.13/,10,11,0,14,74
/it/3/library/stdtypes.html,10,11,89,116,25
/it/3/tutorial/introduction.html,10,13,100,259,60
/it/3/tutorial/interpreter.html,9,11,75,35,75
/it/3.13/tutorial/interpreter.html,8,9,100,258,83
/it/3/tutorial/inputoutput.html,8,8,86,148,42
/it/3/tutorial/modules.html,8,12,70,138,27
/it/3.13/contents.html,7,9,0,42,9
/it/3.13/search.html,6,6,100,10,65
/it/3.13/tutorial/appetite.html,6,7,100,25,70
/it/3.13/tutorial/classes.html,6,7,50,471,50
/it/3.13/tutorial/introduction.html,6,6,100,25,75
/it/3/search.html,6,22,0,19,72
/it/3.13/library/index.html,5,5,0,28,56
/it/3.13/using/windows.html,5,5,0,37,28
/it/3.12/tutorial/,4,9,33,112,70
/it/3.12/tutorial/introduction.html,4,4,100,29,53
/it/3/,4,5,100,4,70
/it/3/tutorial/classes.html,4,6,67,,59
/it/3/tutorial/controlflow.html,4,4,0,766,36
/it/3.12/tutorial/appetite.html,3,5,0,25,100
/it/3.12/tutorial/interpreter.html,3,4,0,606,96
/it/3.13/library/os.html,3,4,0,67,36
/it/3.13/library/os.path.html,3,5,0,43,54
/it/3.13/library/tkinter.html,3,4,0,,45
/it/3.13/reference/introduction.html,3,5,0,14,98
/it/3.13/tutorial/,3,4,0,15,49
/it/3.13/tutorial/datastructures.html,3,4,0,274,49
/it/3.13/tutorial/inputoutput.html,3,4,0,22,70
/it/3.12/library/2to3.html,2,3,100,,40
/it/3.12/library/functions.html,2,2,100,,100
/it/3.12/library/string.html,2,2,100,,39
/it/3.13/index.html,2,3,100,14,100
/it/3.13/library/functions.html,2,1,0,855,56
/it/3.13/library/stdtypes.html,2,3,50,22,50
/it/3.13/library/venv.html,2,3,0,17,58
/it/3.13/py-modindex.html,2,2,0,11,23
/it/3.13/reference/index.html,2,6,0,12,100
/it/3.13/reference/lexical_analysis.html,2,2,0,57,100
/it/3.13/tutorial/floatingpoint.html,2,3,100,12,100
/it/3.13/tutorial/modules.html,2,3,0,523,100
/it/3.13/tutorial/stdlib.html,2,2,0,652,100
/it/3.13/tutorial/stdlib2.html,2,2,0,876,100
/it/3.13/tutorial/venv.html,2,2,0,12,66
/it/3.13/using/cmdline.html,2,2,0,24,80
/it/3/genindex-all.html,2,3,0,39,25
/it/3/genindex.html,2,4,0,8,100
/it/3/index.html,2,2,100,5,60
/it/3/library/functools.html,2,1,0,,60
/it/3/library/index.html,2,3,0,32,56
/it/3/library/tkinter.html,2,2,0,,50
/it/3/library/tkinter.ttk.html,2,3,0,248,12
/it/3/py-modindex.html,2,4,0,10,28
/it/3/tutorial/appetite.html,2,2,0,4,94
/it/3.12/library/cgi.html,1,1,100,,
/it/3.12/library/contextlib.html,1,1,100,,
/it/3.12/library/stdtypes.html,1,1,100,,
/it/3.12/tutorial/classes.html,1,1,100,,
/it/3.12/tutorial/controlflow.html,1,1,0,,75
/it/3.12/tutorial/index.html,1,3,100,37,56
/it/3.13/c-api/frame.html,1,1,0,345,100
/it/3.13/c-api/index.html,1,1,0,115,24
/it/3.13/c-api/memory.html,1,1,0,,5
/it/3.13/download.html,1,1,0,,100
/it/3.13/faq/programming.html,1,1,100,,25
/it/3.13/genindex-U.html,1,1,0,14,20
/it/3.13/genindex.html,1,1,0,7,100
/it/3.13/howto/unicode.html,1,1,0,177,100
/it/3.13/library/__main__.html,1,2,0,,57
/it/3.13/library/ast.html,1,2,0,56,46
/it/3.13/library/asyncio-task.html,1,1,0,12,10
/it/3.13/library/asyncio.html,1,1,0,22,100
/it/3.13/library/collections.html,1,1,0,38,15
/it/3.13/library/concurrent.futures.html,1,1,0,,
/it/3.13/library/ctypes.html,1,1,0,127,82
/it/3.13/library/dataclasses.html,1,1,0,,47
/it/3.13/library/enum.html,1,2,0,,14
/it/3.13/library/idle.html,1,2,0,426,12
/it/3.13/library/intro.html,1,1,0,,91
/it/3.13/library/itertools.html,1,1,0,788,99
/it/3.13/library/math.html,1,1,0,8,7
/it/3.13/library/numbers.html,1,2,0,36,100
/it/3.13/library/pathlib.html,1,1,0,134,82
/it/3.13/library/re.html,1,1,100,,
/it/3.13/library/stat.html,1,1,0,6,23
/it/3.13/library/string.html,1,1,100,,
/it/3.13/library/struct.html,1,1,0,,100
/it/3.13/library/sys.html,1,1,0,68,2
/it/3.13/library/tkinter.messagebox.html,1,1,0,,27
/it/3.13/library/turtle.html,1,1,100,,
/it/3.13/library/xml.etree.elementtree.html,1,1,0,,12
/it/3.13/library/xml.html,1,1,0,12,42
/it/3.13/reference/datamodel.html,1,2,0,118,100
/it/3.13/reference/executionmodel.html,1,1,0,45,100
/it/3.13/reference/expressions.html,1,1,0,17,47
/it/3.13/reference/import.html,1,1,0,,53
/it/3.13/tutorial/appendix.html,1,1,0,,41
