name,version,visitors
Chrome,138.0,13027
Microsoft Edge,138.0,7185
Mobile App,(not set),1721
Firefox,141.0,1279
Opera,120.0,749
Safari,18.5,550
Chrome,137.0,441
Yandex Browser,25.6,171
Mobile App,97.0,147
Chrome,132.0,133
Chrome,136.0,133
Firefox,128.0,132
Huawei Browser Mobile,16.0,128
Chrome,122.0,125
Firefox,140.0,125
Microsoft Edge,137.0,110
Chrome,109.0,108
Smart Lenovo Browser,9.0,107
Chrome,131.0,102
Safari,18.6,99
Chrome,135.0,95
Chrome,134.0,86
Microsoft Edge,136.0,86
Chrome,128.0,73
vivo Browser,25.6,71
Quark,(not set),66
Chrome,129.0,59
Chrome,139.0,59
Samsung Browser,28.0,45
Microsoft Edge,131.0,43
Chrome,121.0,41
Chrome,133.0,41
Chrome,120.0,39
Microsoft Edge,139.0,39
Safari,17.6,38
Chrome,130.0,36
Microsoft Edge,134.0,35
Chrome,126.0,34
Microsoft Edge,135.0,34
Firefox,139.0,31
Microsoft Edge,133.0,30
Quark,7.14,30
Chrome,86.0,30
Chrome,127.0,29
Safari,18.3,29
Microsoft Edge,92.0,28
Microsoft Edge,122.0,27
vivo Browser,25.5,27
Firefox,115.0,25
UC Browser,17.8,25
Safari,26.0,25
Opera,119.0,24
Mobile App,138.0,24
Avast Secure Browser,138.0,23
MIUI Browser,20.0,23
Chrome,108.0,22
Firefox,136.0,22
Chrome,140.0,21
Firefox,142.0,21
Safari,18.4,21
Microsoft Edge,126.0,19
Microsoft Edge,132.0,19
Safari,15.6,19
Safari,16.6,19
Safari,17.5,19
vivo Browser,25.4,19
Chrome,116.0,18
Chrome,124.0,18
Microsoft Edge,128.0,18
Safari,18.2,18
QQ Browser,19.4,18
Firefox,135.0,17
Firefox,138.0,17
Whale Browser,4.32,17
Microsoft Edge,130.0,16
Avast Secure Browser,137.0,16
Chrome,114.0,15
Chrome,125.0,15
MIUI Browser,19.9,15
Chrome,119.0,13
Chrome,123.0,13
vivo Browser,25.2,13
vivo Browser,25.3,13
Chrome,112.0,12
Microsoft Edge,127.0,12
Huawei Browser Mobile,14.0,12
QQ Browser,19.2,12
Opera,90.0,12
Firefox,134.0,11
Safari,17.4,11
Microsoft Edge,18.18362,11
Safari,(not set),10
Microsoft Edge,100.0,10
Microsoft Edge,109.0,10
Chrome,117.0,10
Chrome,118.0,10
Safari,18.1,10
Chrome,104.0,9
Microsoft Edge,124.0,9
Mobile App,126.0,9
Firefox,127.0,9
vivo Browser,25.7,9
Microsoft Edge,112.0,8
Huawei Browser,12.1,8
Microsoft Edge,123.0,8
Firefox,137.0,8
Safari,14.1,8
Chrome,91.0,8
Chrome,92.0,8
Opera,95.0,8
Chrome,101.0,7
Chrome,102.0,7
Microsoft Edge,107.0,7
Microsoft Edge,129.0,7
Firefox,133.0,7
Norton Private Browser,138.0,7
AVG Secure Browser,138.0,7
Firefox,141.1,7
Safari,17.1,7
Safari,17.3,7
vivo Browser,24.9,7
QQ Browser,6.2,7
Chrome,105.0,6
Opera,115.0,6
Microsoft Edge,115.0,6
Microsoft Edge,119.0,6
Chrome,138,6
Microsoft Edge,14.14393,6
Huawei Browser Mobile,15.0,6
Safari,17.13,6
Sogou Explorer,2,6
Microsoft Edge,90.0,6
Chrome,103.0,5
Microsoft Edge,106.0,5
Chrome,107.0,5
Chrome,113.0,5
Microsoft Edge,117.0,5
Microsoft Edge,120.0,5
Firefox,143.0,5
Microsoft Edge,15.15063,5
Microsoft Edge,16.16299,5
Safari,16.5,5
Microsoft Edge,18.17763,5
QQ Browser,19.3,5
vivo Browser,24.4,5
vivo Browser,24.6,5
360 Secure Browser,(not set),4
Chrome,111.0,4
Mobile App,114.0,4
Chrome,115.0,4
Microsoft Edge,116.0,4
QQ Browser,13.6,4
Firefox,132.0,4
Safari,14.0,4
Safari,16.1,4
Safari,17.2,4
Safari,17.8,4
vivo Browser,20.5,4
vivo Browser,24.7,4
Samsung Browser,28.1,4
Quark,7.13,4
Chrome,78.0,4
Chrome,90.0,4
Opera,90.1,4
Brave,(not set),3
Firefox,101.0,3
Chrome,110.0,3
Microsoft Edge,114.0,3
Mobile App,116.0,3
Microsoft Edge,118.0,3
Safari,13.1,3
Mobile App,131.0,3
AVG Secure Browser,137.0,3
Norton Private Browser,137.0,3
MIUI Browser,14.10,3
Microsoft Edge,140.0,3
Safari,16.0,3
Safari,17.0,3
Safari,18.0,3
Microsoft Edge,18.19041,3
MIUI Browser,19.8,3
vivo Browser,23.3,3
vivo Browser,23.6,3
Samsung Browser,25.0,3
Samsung Browser,26.0,3
Huawei Browser Mobile,5.1,3
Firefox,59.0,3
Chrome,70.0,3
Mobile App,83.0,3
Firefox,88.0,3
Microsoft Edge,89.0,3
Chrome,98.0,3
vivo Browser,10.8,2
Chrome,100.0,2
Opera,102.0,2
Firefox,106.0,2
Firefox,109.0,2
Huawei Browser Mobile,11.0,2
Microsoft Edge,111.0,2
Firefox,111.0,2
Opera,113.0,2
Firefox,113.0,2
Opera,116.0,2
Safari,12.1,2
Meizu Browser,12.5,2
Firefox,120.0,2
Microsoft Edge,121.0,2
Firefox,129.0,2
QQ Browser,13.0,2
QQ Browser,13.1,2
QQ Browser,13.3,2
QQ Browser,13.4,2
QQ Browser,13.5,2
QQ Browser,13.7,2
Mobile App,130.0,2
Firefox,131.0,2
CCleaner,131.0,2
AVG Secure Browser,136.0,2
CCleaner,137.0,2
CCleaner,138.0,2
Chrome,139,2
Firefox,140.1,2
Safari,15.5,2
Microsoft Edge,17.17133,2
Microsoft Edge,17.17134,2
MIUI Browser,17.3,2
UC Browser,17.6,2
Safari,17.7,2
Microsoft Edge,18.18363,2
MIUI Browser,18.2,2
Phoenix Browser,18.9,2
MIUI Browser,19.3,2
Opera GX,2.8,2
Opera GX,2.9,2
vivo Browser,21.5,2
Yandex Browser,24.10,2
vivo Browser,25.1,2
SberBrowser,28.0,2
Whale Browser,3.18,2
Falkon,3.2,2
115 Browser,35.2,2
Oppo Browser,4.3,2
Whale Browser,4.33,2
Opera Touch,6.0,2
Sogou Mobile Browser,6.1,2
Chrome,69.0,2
Samsung Browser,7.2,2
Chrome,75.0,2
Smart Lenovo Browser,8.0,2
Chrome,81.0,2
Chrome,83.0,2
Chrome,85.0,2
Chrome,88.0,2
Mobile App,90.0,2
Mobile App,92.0,2
Opera,93.0,2
Chrome,96.0,2
Chrome,97.0,2
Microsoft Edge,98.0,2
Chrome,99.0,2
Chromium,(not set),1
MIUI Browser,10.4,1
vivo Browser,10.9,1
Opera,101.0,1
Mobile App,101.0,1
Microsoft Edge,104.0,1
Chrome,106.0,1
Opera,107.0,1
Iron,108.0,1
Microsoft Edge,108.0,1
Opera,108.0,1
CCleaner,109.0,1
Avast Secure Browser,109.0,1
Huawei Browser Mobile,11.1,1
Firefox,110.0,1
Opera,110.0,1
Microsoft Edge,113.0,1
Firefox,114.0,1
Opera,117.0,1
Opera,118.0,1
Firefox,118.0,1
Chrome,118.3,1
Huawei Browser Mobile,12.0,1
Mobile App,120.0,1
Chrome,124.61,1
Microsoft Edge,125.0,1
Norton Private Browser,126.0,1
Firefox,127,1
Mobile App,129.0,1
QQ Browser,13.2,1
MIUI Browser,13.6,1
Avast Secure Browser,131.0,1
Microsoft Edge,131.99,1
Avast Secure Browser,132.0,1
Mobile App,134.0,1
Mobile App,136.0,1
Avast Secure Browser,136.0,1
MIUI Browser,14.1,1
MIUI Browser,14.9,1
Safari,15.0,1
