name,visitors
Tokyo,1165
Singapore,471
Taipei,308
Guangzhou,300
Hong Kong,300
Hyderabad,283
Shanghai,277
Bengaluru,267
São Paulo,240
Beijing,239
Osaka,224
Chennai,205
Bogotá,190
Paris,162
Mumbai,156
Pune,149
Hangzhou,133
N/A,128
Chengdu,122
Seoul,119
Kyiv,118
Santiago,114
Sydney,113
Los Angeles,110
New Delhi,108
Shenzhen,108
Lima,108
Delhi,99
Kolkata,98
Taichung,92
Madrid,89
Ho Chi Minh City,88
Lagos,88
Wuhan,86
Frankfurt am Main,83
Yokohama,79
Medellín,79
London,78
Cairo,76
Nairobi,75
Moscow,75
Xi’an,74
Zhengzhou,72
Nanjing,67
Rio de Janeiro,67
New York City,67
Suzhou,64
Melbourne,63
Nagoya,61
Lucknow,60
Hanoi,59
Istanbul,58
Qingdao,57
Jinan,56
Kuala Lumpur,55
Amsterdam,55
Jakarta,54
San Jose,54
Seattle,53
Johannesburg,52
Chicago,52
N/A,51
Hsinchu,50
Tainan,48
Milan,48
Tehran,46
Warsaw,44
Lahore,44
Coimbatore,44
Zibo,44
Kaohsiung,43
Kyoto,43
Brasília,43
Atlanta,43
Bangkok,42
Karachi,40
Baoding,40
N/A,40
Toronto,40
Taoyuan,39
Guiyang,39
Riyadh,38
Tashkent,38
Accra,38
Recife,38
Munich,37
Curitiba,37
Belo Horizonte,37
N/A,37
Lviv,36
Wuhu,36
Abidjan,36
Barcelona,36
Perth,35
Asunción,35
Miami,35
Wuxi,34
Tianjin,34
Tunis,34
Vienna,34
Oslo,34
Quezon City,33
Berlin,33
Salvador,33
Porto Alegre,33
Guatemala City,33
Saint Petersburg,32
Ahmedabad,32
Kathmandu,32
Luoyang,32
Seongnam-si,32
Prague,32
San José,32
Colombo,31
Dublin,31
Quito,31
Montréal,31
Guwahati,30
Casablanca,30
Marseille,30
Rome,30
Santo Domingo,30
Benito Juarez,30
La Paz,30
Dubai,29
Cochin,29
Changsha,28
Mexico City,28
Caracas,28
Noida,28
Bucharest,27
Madurai,27
Jaipur,27
Nanning,27
Suwon,27
Kawasaki,27
Abuja,27
Cape Town,27
Tel Aviv,26
Chandīgarh,26
Fuzhou,26
Sapporo,26
Brisbane,26
Buenos Aires,26
Córdoba,26
Dallas,26
Ashburn,26
Patna,25
Gurgaon,25
Zhubei,25
Nanchang,25
N/A,25
Addis Ababa,24
Antananarivo,24
Dhaka,24
Shijiazhuang,24
N/A,24
Zürich,24
Puebla,24
Houston,24
Dnipro,23
Islamabad,23
Vijayawada,23
Nagpur,23
Ningbo,23
Chongqing,23
Fortaleza,23
Ankara,22
Ludhiāna,22
Campinas,22
Salem,21
Haridwar,21
Dalian,21
Luanda,21
Lisbon,21
Dar es Salaam,20
Helsinki,20
Indore,20
Bogor,20
Dongguan,20
N/A,20
Budapest,20
Montevideo,20
Panamá,20
Hefei,19
Hiroshima,19
Hamburg,19
Zapopan,19
Baghdad,18
Amman,18
Belgrade,18
Almaty,18
Lanzhou,18
Iwakuni,18
Fukuoka,18
Ibadan,18
Stockholm,18
Cali,18
Brooklyn,18
Phoenix,18
N/A,18
Athens,17
Minsk,17
Odessa,17
Durban,17
Surat,17
Raipur,17
Bhopāl,17
Xiamen,17
Shaoxing,17
Changzhou,17
Shenyang,17
N/A,17
Guayaquil,17
Manaus,17
Santa Clara,17
Dammam,16
Baku,16
Faisalabad,16
Thrissur,16
Ranchi,16
Wenzhou,16
Taiyuan,16
Phnom Penh,16
N/A,16
N/A,16
Dakar,16
Kinshasa,16
Algiers,16
Valencia,16
Manchester,16
Brussels,16
Vila Velha,16
São Bernardo do Campo,16
Barranquilla,16
N/A,16
Kharkiv,15
Lusaka,15
Da Nang,15
N/A,15
N/A,15
Machida,15
Adelaide,15
Yaoundé,15
Cotonou,15
Lyon,15
Zaragoza,15
Gustavo Adolfo Madero,15
San Salvador,15
Philadelphia,15
Boston,15
Lambeth,15
N/A,15
Giza,14
Yerevan,14
Pretoria,14
Visakhapatnam,14
Nashik,14
Bhubaneshwar,14
Novosibirsk,14
Bandung,14
Manila,14
Incheon,14
N/A,14
Douala,14
Lomé,14
Naaldwijk,14
Kraków,14
Ecatepec de Morelos,14
Cartagena,14
Buenaventura,14
Santiago de Querétaro,14
Guadalajara,14
San Antonio,14
N/A,14
N/A,14
N/A,14
N/A,14
İzmir,13
Sofia,13
Harare,13
Vadodara,13
Agra,13
Nantou,13
Petaling Jaya,13
Kunming,13
Stuttgart,13
João Pessoa,13
Presidente Prudente,13
Denver,13
N/A,13
N/A,13
N/A,13
Jeddah,12
Yekaterinburg,12
N/A,12
Chang-hua,12
Kunshan,12
Huizhou,12
N/A,12
