name,visitors
Tokyo,1728
São Paulo,486
Guangdong,480
England,404
California,391
Maharashtra,381
Seoul,351
Tamil Nadu,326
Osaka,326
Taipei,317
Île-de-France,305
Karnataka,296
Telangāna,286
Shanghai,281
Kanagawa,248
Beijing,239
Shandong,230
Zhejiang,226
Jiangsu,217
Delhi,207
Texas,207
Capital District,191
Gyeonggi,174
New Taipei,162
Uttar Pradesh,160
Santiago Metropolitan,153
New York,136
Buenos Aires Province,134
Madrid Autonomous Community,133
Henan,128
Ciudad de Mexico,128
Saitama,127
Florida,127
Rio de Janeiro,124
New South Wales,123
Sichuan,123
Kyiv,120
West Bengal,112
Lima,108
Chiba,105
Aichi,104
Minas Gerais,103
Hesse,103
Hubei,100
Ontario,95
Punjab,95
Taichung,94
Illinois,92
Antioquia,90
Lagos,90
Washington,90
Kerala,89
Hebei,88
Bavaria,88
Ho Chi Minh City,88
Rio Grande do Sul,87
Virginia,86
Provence-Alpes-Côte-d'Azur,85
Andhra Pradesh,84
Gujarat,83
Shaanxi,82
Cairo,80
Moscow,80
Auvergne-Rhône-Alpes,79
Paraná,78
North Holland,77
Fujian,76
Catalonia,76
Lombardy,76
Nairobi County,76
Mexico State,75
Gauteng,73
Quebec,72
North Rhine-Westphalia,70
Pernambuco,69
Anhui,69
Metro Manila,69
Taoyuan,69
Georgia,68
Victoria,67
Santa Catarina,62
Istanbul,62
Massachusetts,60
North Carolina,60
Fukuoka,59
Pennsylvania,59
Hanoi,59
Valencian Community,58
Baden-Württemberg,57
Jakarta,57
Bahia,55
Kuala Lumpur,55
Guizhou,54
Punjab,54
Hokkaido,54
Andalusia,53
Nouvelle-Aquitaine,53
Tainan,52
West Java,51
Colorado,51
Maryland,51
Hsinchu County,50
Occitanie,49
Bihar,49
Mazovia,49
Madhya Pradesh,47
Hormozgan,47
Kyoto,47
Kaohsiung,47
New Jersey,47
Hunan,46
Liaoning,46
Haryana,46
Federal District,45
Zürich,43
Hyogo,43
Bangkok,43
Arizona,43
Ceará,42
Tianjin,42
Valle del Cauca,42
Ibaraki,42
South Holland,42
Western,41
Hauts-de-France,40
Selangor,40
Sindh,40
Daejeon,39
Jalisco,39
Ohio,39
Córdoba,38
Greater Accra,38
Rajasthan,38
Riyadh,38
Lvivshchyna,38
Tashkent,38
Abidjan,37
Tel Aviv,37
Hsinchu,37
Dnipropetrovshchyna,37
Buenos Aires,36
Asunción,36
Michigan,36
Western Australia,35
Goiás,35
Province 3,35
Tunis,35
Western Cape,35
Vienna,34
Pichincha,34
Incheon,34
Nuevo León,34
Oslo,34
Saint Petersburg,34
Oregon,34
Tennessee,34
Jiangxi,33
Berlin,33
Guatemala,33
Assam,33
Meknès-Tafilalet,33
San José,32
Prague,32
Leinster,32
La Paz,31
Espírito Santo,31
Distrito Nacional,30
Veneto,30
Lazio,30
Dubai,29
Guangxi,29
Brittany,29
Uttarākhand,29
Flanders,28
Amazonas,28
British Columbia,28
Scotland,28
Kowloon City Kowloon,28
Hiroshima,28
Lima Region,28
Capital,28
Santa Fe,27
Queensland,27
Galicia,27
Puebla,27
Federal Capital Territory,27
Bucharest,27
Kyivshchyna,27
Indiana,27
Chandigarh,26
Jharkhand,26
Shanxi,25
Cundinamarca,25
Lower Saxony,25
Addis Ababa,25
Kwai Tsing New Territories,25
Ankara,25
Dhaka Division,24
Pará,24
Lesser Poland,24
Chongqing,23
Saxony,23
Capital Region,23
Uusimaa,23
Calabarzon,23
Islamabad,23
Lisbon,23
Stockholm,23
Gansu,22
Yunnan,22
Yamaguchi,22
Luanda,21
Grand-Est,21
Nagano,21
Alabama,21
Oklahoma,21
Budapest,20
Campania,20
Panamá,20
Dar es Salaam,20
Utah,20
Montevideo,20
Hamburg,19
Chhattīsgarh,19
Veracruz,19
Minnesota,19
South Carolina,19
Mendoza,18
Wallonia,18
Maranhão,18
Mato Grosso do Sul,18
Rhineland-Palatinate,18
Attica,18
Baghdad,18
Emilia-Romagna,18
Amman,18
Shizuoka,18
Busan,18
Almaty City,18
Baja California,18
Chihuahua,18
Querétaro,18
Oyo,18
Lower Silesia,18
Beograd,18
Missouri,18
Nevada,18
KwaZulu-Natal,18
South Australia,17
Minsk,17
Alberta,17
Atlántico,17
Guayas,17
Central,17
Odisha,17
Tuscany,17
North Gyeongsang,17
Krasnodar Krai,17
Eastern,17
San Salvador,17
Odeshchyna,17
Kansas,17
Baku,16
Brussels,16
Mato Grosso,16
Paraíba,16
Kinshasa,16
Algiers,16
Pays-de-la-Loire,16
Miyagi,16
Gunma,16
Niigata,16
Phnom Penh,16
Daegu,16
Guanajuato,16
North Brabant,16
Central Luzon,16
Sverdlovsk,16
Dakar,16
Vinnychchyna,16
Littoral,15
Centre,15
Bolívar,15
Aragon,15
South Chungcheong,15
Silesia,15
Makkah,15
Izmir,15
Kharkivshchyna,15
Da Nang,15
Lusaka,15
Yerevan,14
Sofia,14
Rio Grande do Norte,14
Littoral,14
Brandenburg,14
Giza,14
Castile and León,14
Normandie,14
Tochigi,14
