name,version,visitors
Chrome,134.0,498
Microsoft Edge,134.0,212
Safari,18.3,88
Firefox,136.0,87
Chrome,133.0,72
Smart Lenovo Browser,9.0,44
Microsoft Edge,133.0,31
Chrome,132.0,24
Opera,117.0,20
Mobile App,(not set),16
Yandex Browser,25.2,16
Chrome,122.0,13
Chrome,131.0,12
Firefox,135.0,11
Safari,17.6,9
Firefox,128.0,8
Quark,(not set),7
Firefox,136.2,7
Chrome,126.0,6
QQ Browser,13.6,6
Safari,16.6,6
Chrome,118.0,5
Chrome,121.0,5
Chrome,129.0,5
Safari,18.4,5
Chrome,109.0,4
Microsoft Edge,127.0,4
Microsoft Edge,128.0,4
Chrome,128.0,4
Chrome,130.0,4
Microsoft Edge,132.0,4
Avast Secure Browser,132.0,4
Mobile App,133.0,4
Mobile App,134.0,4
Chrome,135.0,4
Chrome,136.0,4
Safari,18.2,4
MIUI Browser,19.2,4
Chrome,103.0,3
Mobile App,114.0,3
Chrome,114.0,3
Chrome,123.0,3
Chrome,125.0,3
Chrome,127.0,3
Microsoft Edge,130.0,3
Microsoft Edge,131.0,3
Safari,18.1,3
Sogou Explorer,2,3
Chrome,99.0,3
Chrome,102.0,2
Microsoft Edge,103.0,2
Firefox,115.0,2
Opera,116.0,2
Mobile App,117.0,2
Huawei Browser,12.1,2
Microsoft Edge,120.0,2
Chrome,120.0,2
Microsoft Edge,124.0,2
Microsoft Edge,126.0,2
QQ Browser,13.4,2
Mobile App,130.0,2
Firefox,133.0,2
Microsoft Edge,135.0,2
Firefox,137.0,2
Safari,18.0,2
Chrome,86.0,2
Chrome,94.0,2
Safari,(not set),1
Soul Browser,(not set),1
Safari,10.0,1
Chrome,100.0,1
Chrome,101.0,1
Mobile App,103.0,1
Chrome,106.0,1
Firefox,106.0,1
Chrome,108.0,1
Mobile App,109.0,1
QQ Browser,11.8,1
Chrome,110.0,1
Chrome,112.0,1
Firefox,113.0,1
Opera,114.0,1
Microsoft Edge,114.0,1
Microsoft Edge,115.0,1
Microsoft Edge,116.0,1
Mobile App,116.0,1
Chrome,116.0,1
Chrome,117.0,1
Chrome,119.0,1
Safari,12.1,1
QQ Browser,12.6,1
Microsoft Edge,123.0,1
Chrome,124.0,1
Firefox,125.0,1
Microsoft Edge,125.0,1
Mobile App,126.0,1
Ecosia,129.0,1
Microsoft Edge,129.0,1
QQ Browser,13.3,1
QQ Browser,13.5,1
Firefox,130.0,1
Avast Secure Browser,131.0,1
Firefox,132.0,1
AVG Secure Browser,132.0,1
Avast Secure Browser,133.0,1
Firefox,134.0,1
Firefox,136,1
Firefox,138.0,1
Safari,14.1,1
QQ Browser,14.4,1
Safari,15.6,1
Huawei Browser Mobile,16.0,1
Microsoft Edge,16.16299,1
Safari,16.4,1
Safari,16.7,1
Microsoft Edge,17.17134,1
Safari,17.2,1
Safari,17.4,1
Safari,17.5,1
Safari,17.8,1
Microsoft Edge,18.18362,1
MIUI Browser,18.3,1
MIUI Browser,19.1,1
Lenovo Browser,2.2,1
vivo Browser,23.5,1
vivo Browser,23.6,1
Whale Browser,3.25,1
Whale Browser,4.29,1
Whale Browser,4.30,1
Huawei Browser Mobile,5.1,1
Opera Touch,5.4,1
Chrome,69.0,1
Quark,7.8,1
Quark,7.9,1
Chrome,79.0,1
Firefox,84.0,1
Opera,87.0,1
Microsoft Edge,89.0,1
Microsoft Edge,90.0,1
Microsoft Edge,92.0,1
Chrome,95.0,1
