name,unique_exits,total_exits,exit_rate
/3.13/tutorial/index.html,3091,3193,
/3.13/using/windows.html,2482,2528,
/ja/3.13/c-api/capsule.html,1839,1851,
/3.13/index.html,660,676,
/3.13/whatsnew/3.13.html,631,642,
/3.13/,589,618,
/3.13/tutorial/,382,404,
/3.13/tutorial/interpreter.html,365,370,
/3.13/tutorial/appetite.html,263,270,
/3/,261,259,
/zh-cn/3.13/tutorial/index.html,223,229,
/3.13/tutorial/introduction.html,206,214,
/3.13/search.html,189,194,
/3.13/tutorial/controlflow.html,136,143,
/zh-cn/3.13/,123,124,
/3.13/library/functions.html,121,125,
/3.13/library/index.html,110,115,
/3.13/library/stdtypes.html,104,109,
/ko/3.13/c-api/bytes.html,91,91,
/es/3.13/library/tkinter.html,87,89,
/zh-cn/3.13/library/index.html,82,89,
/3.13/installing/index.html,66,65,
/ja/3.13/tutorial/,66,70,
/fr/3.13/tutorial/index.html,64,66,
/uk/3.13/extending/extending.html,64,65,
/3.13/library/idle.html,63,63,
/es/3.13/library/index.html,63,69,
/es/3.13/tutorial/index.html,61,64,
/es/3.13/library/functions.html,60,64,
/zh-cn/3.13/tutorial/interpreter.html,60,61,
/ja/3.13/library/functions.html,58,67,
/zh-cn/3.13/library/functions.html,58,64,
/zh-tw/3.13/tutorial/index.html,58,61,
/pt-br/3.13/tutorial/index.html,56,58,
/zh-cn/3.13/tutorial/introduction.html,55,55,
/zh-cn/3.13/tutorial/controlflow.html,54,60,
/zh-cn/3.13/search.html,53,56,
/zh-cn/3.13/using/index.html,53,53,
/3.13/library/,48,48,
/3.13/tutorial/datastructures.html,47,48,
/3.13/library/random.html,44,44,
/3.13/tutorial/modules.html,44,47,
/es/3.13/tutorial/datastructures.html,44,45,
/zh-cn/3.13/library/venv.html,44,45,
/zh-cn/3.13/tutorial/datastructures.html,43,47,
/ja/3.13/library/stdtypes.html,41,44,
/zh-cn/3.13/using/windows.html,40,42,
/3.13/glossary.html,39,38,
/ja/3.13/library/random.html,38,40,
/ja/3.13/library/re.html,38,40,
/3.13/library/datetime.html,37,40,
/3.13/library/tkinter.html,37,38,
/3.13/download.html,36,40,
/3.13/reference/index.html,36,36,
/es/3.13/tutorial/classes.html,34,35,
/zh-cn/3.13/tutorial/classes.html,33,33,
/es/3.13/,32,32,
/es/3.13/search.html,32,35,
/es/3.13/tutorial/introduction.html,32,34,
/ja/3.13/library/datetime.html,32,32,
/ja/3/c-api/import.html,32,32,
/zh-cn/3.13/index.html,32,34,
/3.13/py-modindex.html,31,31,
/ko/3.13/installing/index.html,31,32,
/es/3.13/tutorial/errors.html,30,31,
/3/tutorial/index.html,29,29,
/es/3.13/tutorial/venv.html,29,30,
/fr/3.13/library/tkinter.html,29,29,
/ja/3.13/library/pathlib.html,29,30,
/ja/3.13/tutorial/classes.html,29,28,
/pt-br/3.13/search.html,29,30,
/zh-cn/3.13/library/stdtypes.html,29,30,
/3.13/using/cmdline.html,28,28,
/zh-cn/3.13/installing/index.html,28,28,
/3.13/tutorial/appendix.html,27,27,
/es/3.13/library/idle.html,27,27,
/pt-br/3.13/,27,27,
/uk/3.13/tutorial/index.html,27,35,
/zh-cn/3.13/glossary.html,27,28,
/3.13/library/math.html,26,27,
/es/3.13/library/stdtypes.html,26,30,
/ja/3.13/library/index.html,26,27,
/ja/3.13/library/subprocess.html,26,28,
/zh-cn/3.13/library/tkinter.html,26,26,
/zh-tw/3.13/library/venv.html,26,26,
/ja/3.13/library/csv.html,25,26,
/zh-cn/3.13/tutorial/appetite.html,25,26,
/zh-cn/3.13/using/mac.html,25,25,
/3/library/functions.html,24,25,
/3/library/stdtypes.html,24,24,
/ko/3.13/tutorial/index.html,24,27,
/3.13/tutorial/classes.html,23,24,
/3.13/using/index.html,23,23,
/pt-br/3.13/library/venv.html,23,23,
/pt-br/3.13/tutorial/interpreter.html,23,23,
/pt-br/3.13/tutorial/introduction.html,23,24,
/zh-cn/3.13/download.html,23,23,
/zh-cn/3.13/library/turtle.html,23,25,
/zh-cn/3.13/using/android.html,23,23,
/3.13/library/string.html,22,25,
