name,visitors,bounce_rate,visit_duration
Direct / None,13502,67,143
Google,3261,78,144
Baidu,2083,87,23
python.org,838,69,187
Bing,122,70,320
codecademy.cn,44,58,97
chatgpt.com,38,78,547
Yahoo!,30,90,69
Brave,23,0,394
DuckDuckGo,15,0,707
python.p2hp.com,12,0,269
Yandex,11,100,347
GitHub,8,100,144
devdocs.io,8,88,6
link.csdn.net,7,100,75
Ecosia,6,100,272
netacad.com,5,0,827
udemy.com,5,100,47
wiki.python.org,5,0,775
doubao.com,4,100,19
peps.python.org,4,33,128
pythoninsider.blogspot.com,4,25,128
qiita.com,4,100,1079
yuanbao.tencent.com,4,100,129
Youtube,3,0,1493
chat.baidu.com,3,0,1371
cs50.harvard.edu,3,0,1233
liaoxuefeng.com,3,0,39
360.cn,2,0,23
Perplexity,2,50,43
blog.python.org,2,100,0
forum.djangoproject.com,2,100,0
guru99.com,2,0,58
hackyourmom.com,2,100,0
ime.usp.br,2,0,518
link.zhihu.com,2,0,0
micropip.pyodide.org,2,100,0
openclassrooms.com,2,0,174
pip.pypa.io,2,0,2080
purdue-engr-13300.github.io,2,100,0
python.it,2,50,10
roadmap.sh,2,0,7
tw.alphacamp.co,2,0,238
virtual.tdea.edu.co,2,100,0
yuque.com,2,0,100
192.168.1.111,1,0,85
365.kdocs.cn,1,100,0
Amazon,1,100,0
Hacker News,1,100,0
LinkedIn,1,100,0
acwing.com,1,0,645
aisearch.qq.com,1,0,1735
app.aluracursos.com,1,0,12
baike.baidu.com,1,0,159
blog.codeinmotion.io,1,0,85
boot.dev,1,0,851
byhy.net,1,0,7
cf-courses-data.static.labs.skills.network,1,0,114
chat.zchat.tech,1,0,691
cloud.tencent.com,1,0,1407
cnblogs.com,1,0,1260
code.visualstudio.com,1,0,695
codecademy-enterprise.percipio.com,1,0,314
codeforces.com,1,100,0
copilot.microsoft.com,1,0,109
crawlaio.com,1,0,5516
cuiqingcai.com,1,0,804
discuss.python.org,1,0,211
diver.diveintocode.jp,1,0,303
docs.scrapy.org,1,0,1792
docstring.fr,1,0,6
edu.next-revolution.net,1,0,1192
edube.org,1,0,20
ellibrodepython.com,1,0,476
fan4fun2rc.blog.jp,1,0,1833
flask.palletsprojects.com,1,0,635
footure.com.br,1,100,0
forum.freecodecamp.org,1,0,11
fssfedpitc.ge.com,1,100,0
gcngod2azalw.feishu.cn,1,100,0
geek-blogs.com,1,0,14
geometry.docs.pyansys.com,1,100,0
gvanrossum.github.io,1,0,279
hackernoon.com,1,0,718
html.it,1,0,33
hyperskill.org,1,0,285
hz.haokeyouxuanedu.com,1,0,13
jadi.net,1,0,24
learning-pytest.readthedocs.io,1,0,9
learnpython.org,1,0,0
loguru.readthedocs.io,1,0,28
moodle.ifsc.edu.br,1,100,0
mp.weixin.qq.com,1,0,0
myaccesslearning.co.uk,1,0,1759
namu.wiki,1,0,1617
ntp.msn.cn,1,0,12
numpy.org,1,0,17
opal-rt.atlassian.net,1,0,600
oschina.net,1,0,4
osgeo.cn,1,0,7
overleaf.com,1,0,0
pandas.pydata.org,1,0,0
pl.python.org,1,0,2291
programaenpython.com,1,0,1063
publish.obsidian.md,1,100,0
pyodide.org,1,0,596
python.ru,1,0,64
pywa.readthedocs.io,1,0,700
realpython.com,1,0,1573
rio.dev,1,0,88
runoob.com,1,0,57
spiderbox.cn,1,0,12
support.getgrist.com,1,0,357
upgrad.com,1,0,30
utoiwqanrskm.labs.coursera.org,1,0,110
utokyo-ipp.github.io,1,0,166
wiki.freecad.org,1,0,29
xiaoyi.huawei.com,1,0,17
zestedesavoir.com,1,0,7
