name,unique_exits,total_exits,exit_rate
/ja/3/library/functions.html,200,210,
/ja/3/library/index.html,170,178,
/ja/3.13/c-api/capsule.html,166,167,
/ja/3/,145,159,
/ja/3/tutorial/,117,124,
/ja/3.13/tutorial/,115,115,
/ja/3/tutorial/index.html,109,117,
/ja/3.13/library/logging.html,107,109,
/ja/3.13/library/re.html,105,108,
/ja/3/library/stdtypes.html,103,111,
/ja/3.13/library/subprocess.html,100,107,
/ja/3/tutorial/interpreter.html,82,86,
/ja/3/library/pathlib.html,81,82,
/ja/3/library/math.html,80,83,
/ja/3/tutorial/datastructures.html,76,80,
/ja/3.13/library/random.html,70,73,
/ja/3/reference/introduction.html,69,69,
/ja/3/tutorial/controlflow.html,68,78,
/ja/3/tutorial/introduction.html,68,70,
/ja/3.13/library/datetime.html,66,67,
/ja/3.13/library/stdtypes.html,66,69,
/ja/3.13/howto/sorting.html,61,61,
/ja/3/library/os.html,58,58,
/ja/3.13/library/typing.html,54,56,
/ja/3.13/library/argparse.html,49,50,
/ja/3/tutorial/classes.html,49,50,
/ja/3.13/library/json.html,47,48,
/ja/3/library/time.html,47,48,
/ja/3/library/datetime.html,46,47,
/ja/3.13/library/enum.html,45,46,
/ja/3.13/library/exceptions.html,45,47,
/ja/3.13/tutorial/inputoutput.html,45,46,
/ja/3/library/os.path.html,45,45,
/ja/3/search.html,45,47,
/ja/3.13/library/sqlite3.html,44,48,
/ja/3.13/library/math.html,41,43,
/ja/3.13/tutorial/controlflow.html,41,41,
/ja/3.13/library/csv.html,39,39,
/ja/3.13/library/tkinter.html,39,40,
/ja/3/library/venv.html,39,39,
/ja/3.13/library/venv.html,37,37,
/ja/3/library/re.html,37,38,
/ja/3.13/bugs.html,36,36,
/ja/3.13/library/struct.html,36,38,
/ja/3.13/tutorial/errors.html,36,37,
/ja/3/library/random.html,36,37,
/ja/3.13/library/dataclasses.html,35,36,
/ja/3.13/library/threading.html,35,36,
/ja/3.13/library/multiprocessing.html,34,35,
/ja/3/library/xml.etree.elementtree.html,33,37,
/ja/3/using/cmdline.html,30,30,
/ja/3.13/library/functions.html,29,30,
/ja/3/tutorial/appetite.html,29,30,
/ja/3.13/library/io.html,28,32,
/ja/3.13/library/itertools.html,28,28,
/ja/3.13/tutorial/index.html,28,31,
/ja/3.13/library/concurrent.futures.html,27,29,
/ja/3.13/library/string.html,27,28,
/ja/3/reference/compound_stmts.html,25,25,
/ja/3.13/library/shutil.html,24,25,
/ja/3.13/library/unittest.mock.html,23,24,
/ja/3.13/tutorial/interpreter.html,23,23,
/ja/3.15/using/windows.html,23,23,
/ja/3/library/typing.html,23,22,
/ja/3/using/windows.html,23,25,
/dev/using/windows.html,22,22,
/ja/3/index.html,22,23,
/ja/dev/tutorial/index.html,22,22,
/ja/3.13/installing/index.html,21,21,
/ja/3.13/library/asyncio-task.html,21,23,
/ja/3.13/library/socket.html,21,22,
/ja/3/library/ctypes.html,21,21,
/ja/3/reference/index.html,21,21,
/ja/3.13/howto/regex.html,20,23,
/ja/3.13/library/tempfile.html,20,20,
/ja/3.13/library/urllib.parse.html,20,20,
/ja/dev/tutorial/errors.html,20,20,
/ja/3.13/library/__main__.html,19,19,
/ja/3.13/library/index.html,19,19,
/ja/3.13/library/queue.html,19,20,
/ja/3/library/exceptions.html,19,19,
/ja/3/library/functools.html,19,20,
/ja/3/library/string.html,19,20,
/ja/3.13/library/base64.html,18,20,
/ja/3.13/library/http.server.html,18,18,
/ja/3.13/search.html,18,19,
/ja/3/reference/expressions.html,18,19,
/ja/3.13/library/configparser.html,17,17,
/ja/3.13/library/idle.html,17,17,
/ja/3.13/library/tkinter.ttk.html,17,18,
/ja/3.14/using/windows.html,17,17,
/ja/3/c-api/bytes.html,17,17,
/ja/3/library/logging.html,17,18,
/ja/3/library/pdb.html,17,19,
/ko/dev/c-api/marshal.html,17,17,
/ja/3.13/tutorial/modules.html,16,16,
/ja/3.14/library/functions.html,16,16,
/ja/3/tutorial/errors.html,16,16,
/ja/3.13/library/asyncio-eventloop.html,15,15,
/ja/3.13/library/logging.handlers.html,15,15,
