name,visitors,pageviews,bounce_rate,time_on_page,scroll_depth
/ja/3/library/functions.html,274,355,78,73,45
/ja/3/,269,370,51,21,77
/ja/3/library/index.html,258,348,64,35,49
/ja/3/tutorial/index.html,237,376,44,41,59
/ja/3.13/c-api/capsule.html,186,202,82,4,31
/ja/3/tutorial/,182,298,52,25,58
/ja/3.13/tutorial/,165,211,51,28,50
/ja/3/tutorial/interpreter.html,153,175,74,102,74
/ja/3/tutorial/introduction.html,147,164,60,129,61
/ja/3/library/stdtypes.html,146,171,78,49,38
/ja/3/tutorial/controlflow.html,135,164,80,167,46
/ja/3.13/library/logging.html,129,141,82,36,32
/ja/3.13/library/re.html,122,126,88,60,37
/ja/3/tutorial/datastructures.html,117,136,73,183,48
/ja/3.13/library/subprocess.html,116,132,88,235,28
/ja/3.13/library/stdtypes.html,112,130,67,52,33
/ja/3/search.html,108,246,21,23,60
/ja/3/tutorial/appetite.html,100,99,50,110,83
/ja/3/library/math.html,94,119,78,130,62
/ja/3/library/pathlib.html,94,96,90,43,26
/ja/3/reference/introduction.html,84,88,79,7,47
/ja/3/library/os.html,82,78,80,35,34
/ja/3.13/library/datetime.html,79,88,81,40,24
/ja/3.13/library/random.html,76,81,95,38,28
/ja/3/tutorial/classes.html,75,87,78,79,54
/ja/3.14/,73,77,26,13,77
/ja/3.13/library/typing.html,72,80,80,88,27
/ja/3.13/howto/sorting.html,70,70,91,44,43
/ja/3.13/tutorial/controlflow.html,63,60,80,115,34
/ja/3.13/tutorial/inputoutput.html,63,61,82,44,50
/ja/3/library/datetime.html,63,59,80,51,49
/ja/3.13/search.html,62,133,30,26,58
/ja/3.13/tutorial/interpreter.html,61,53,71,69,71
/ja/3.13/library/functions.html,60,59,79,80,58
/ja/3/library/os.path.html,58,55,89,61,47
/ja/3.13/library/argparse.html,57,55,92,67,28
/ja/3.13/library/json.html,57,61,85,32,32
/ja/3/library/time.html,55,54,91,22,28
/ja/3/index.html,53,58,43,12,78
/ja/3.13/library/enum.html,52,55,84,22,23
/ja/3.13/library/exceptions.html,52,58,82,37,47
/ja/3.13/library/math.html,52,51,88,80,48
/ja/3.13/tutorial/index.html,51,71,78,92,56
/ja/3/reference/index.html,51,62,55,24,81
/ja/3.13/library/csv.html,49,51,80,69,39
/ja/3.13/tutorial/errors.html,49,51,80,48,31
/ja/3.13/library/sqlite3.html,47,49,98,60,22
/ja/3/library/random.html,47,53,76,69,35
/ja/3.13/library/threading.html,46,54,74,112,44
/ja/3.13/library/tkinter.html,46,49,79,22,27
/ja/3/library/re.html,44,44,89,31,43
/ja/3.13/,43,55,24,54,77
/ja/3/reference/compound_stmts.html,43,36,82,81,25
/ja/3.13/library/multiprocessing.html,42,47,74,65,26
/ja/3.15/using/windows.html,42,34,83,25,18
/ja/3/library/venv.html,42,41,97,37,32
/ja/3.13/tutorial/introduction.html,41,36,62,179,53
/ja/3/library/xml.etree.elementtree.html,41,50,74,122,24
/ja/3.13/bugs.html,40,47,77,5,68
/ja/3.13/library/index.html,40,47,77,73,43
/ja/3/reference/datamodel.html,40,41,88,106,56
/ja/3.13/library/dataclasses.html,39,41,89,25,26
/ja/3.13/library/struct.html,39,39,97,51,45
/ja/3.13/library/venv.html,39,40,89,17,30
/ja/3.13/reference/index.html,39,66,46,29,76
/ja/3/using/cmdline.html,38,38,88,14,36
/ja/3.13/library/io.html,37,40,81,24,38
/ja/3/using/windows.html,37,34,88,29,8
/ja/3.14/tutorial/index.html,35,46,33,41,49
/ja/3/tutorial/errors.html,35,32,64,95,46
/ja/3.13/library/string.html,34,36,92,44,46
/ja/3.13/tutorial/appetite.html,34,36,36,83,78
/ja/3.13/library/itertools.html,33,40,86,84,33
/ja/3.14/library/index.html,33,67,50,39,50
/ja/3.13/glossary.html,32,25,67,61,48
/ja/3.13/library/unittest.mock.html,32,32,77,28,24
/ja/3.13/library/concurrent.futures.html,31,34,86,30,43
/ja/3.13/library/socket.html,31,31,71,60,51
/ja/3.13/reference/datamodel.html,31,36,67,54,49
/ja/3/glossary.html,30,35,60,111,46
/ja/3/reference/expressions.html,30,30,77,106,68
/ja/3.13/library/asyncio-task.html,29,34,88,86,38
/ja/3.14/using/windows.html,29,26,75,65,15
/ja/3/contents.html,29,27,64,9,10
/ja/3/library/typing.html,29,33,74,73,41
/ja/3.13/installing/index.html,28,27,78,143,65
/ja/3.13/library/urllib.parse.html,28,28,72,37,38
/ja/3.14/search.html,28,41,25,11,53
/ja/3.14/tutorial/controlflow.html,28,23,88,113,19
/ja/3/library/logging.html,28,33,81,113,55
/ja/3.13/tutorial/modules.html,27,23,74,151,43
/ja/3.14/library/functions.html,27,30,90,77,57
/ja/3.14/library/stdtypes.html,27,27,44,45,39
/ja/3/library/exceptions.html,27,29,77,84,70
/ja/3/tutorial/modules.html,27,24,64,161,66
/ja/dev/tutorial/index.html,27,25,94,3,33
/ja/3.13/library/base64.html,26,31,70,43,45
/ja/3.13/library/shutil.html,26,28,88,59,30
/ja/3/tutorial/inputoutput.html,26,29,43,114,61
/ja/3.13/howto/regex.html,25,47,79,684,71
