name,visitors
Bengaluru,6244
Hyderabad,4061
Chennai,3844
Mumbai,3221
Pune,3011
New Delhi,2996
Moscow,2927
Ho Chi Minh City,2567
Guangzhou,2415
Delhi,2366
Kolkata,2279
Hanoi,2157
Shanghai,1969
Singapore,1913
Istanbul,1839
Beijing,1831
Tokyo,1807
Cairo,1740
Lucknow,1521
Riyadh,1464
Jakarta,1458
Lima,1391
Ahmedabad,1340
Chengdu,1289
Hong Kong,1280
Bangkok,1252
Jaipur,1249
Los Angeles,1241
Jeddah,1180
São Paulo,1156
Lahore,1140
Hangzhou,1117
Bhopāl,1071
Bogotá,1026
Tashkent,1017
Amsterdam,1017
Saint Petersburg,997
Toronto,987
Coimbatore,966
Lagos,965
Tel Aviv,962
Karachi,958
Amman,956
Warsaw,955
Nanjing,942
Paris,937
Sydney,919
Wuhan,912
Guwahati,899
Colombo,892
Shenzhen,882
Dubai,849
Nairobi,837
New York City,833
Kuala Lumpur,829
Taipei,825
Frankfurt am Main,785
Patna,777
Melbourne,759
Zhengzhou,752
Kathmandu,740
Dhaka,739
Xi’an,737
Kyiv,728
Tehran,716
Cochin,710
Noida,680
Bhubaneshwar,677
Medellín,667
Islamabad,631
Quezon City,599
Santiago,574
Madrid,570
Helsinki,569
Qingdao,566
Nagpur,565
Minsk,562
Ranchi,560
Dehra Dūn,558
Indore,547
San Jose,530
Chicago,524
Berlin,521
Seoul,519
Accra,513
Gurgaon,511
Budapest,506
Montréal,505
London,490
Dublin,482
Rio de Janeiro,479
Dammam,477
Meerut,464
Milan,463
Agra,458
Surat,451
Chandīgarh,451
Krasnodar,442
Da Nang,438
Vienna,438
Almaty,436
Casablanca,432
Surabaya,431
Johannesburg,428
Raipur,423
Salem,420
N/A,411
Seattle,410
Abu Dhabi,408
Ankara,403
Ludhiāna,402
Manila,402
Atlanta,401
Prague,396
Phnom Penh,389
Sanaa,385
Abuja,383
Stockholm,378
Taichung,376
Faisalabad,373
Ghāziābād,368
Miami,366
Ashburn,366
Baku,362
Brisbane,362
Doha,359
Rome,355
Kampala,348
Osaka,345
Changsha,341
Visakhapatnam,338
Varanasi,338
Houston,332
Kanpur,331
Novosibirsk,331
Tunis,327
Depok,325
Dallas,325
Bandung,324
Athens,322
Baghdad,314
Mangalore,308
Chongqing,307
N/A,305
Yekaterinburg,301
Madurai,298
Wuhu,298
Vijayawada,297
Rawalpindi,296
Belgrade,295
Addis Ababa,294
Suwon,294
Giza,293
Barcelona,293
Faridabad,291
Nur-Sultan,285
Phoenix,285
Tianjin,280
Sharjah,279
Suzhou,279
Naaldwijk,276
Chelyabinsk,272
Munich,271
Kunming,269
Brooklyn,268
Alexandria,267
Belo Horizonte,267
N/A,266
Auckland,264
Manchester,264
Kaohsiung,262
Brasília,261
Bishkek,260
Quito,260
Davao,258
İzmir,257
Fuzhou,255
Nizhniy Novgorod,254
Vadodara,253
Samara,252
N/A,252
La Paz,252
Calgary,252
Wuxi,251
Haarlem,251
Ottawa,250
Riga,249
Perth,249
Karnāl,243
Lisbon,243
Ufa,242
Zürich,242
Rostov-na-Donu,239
Sofia,239
Haridwar,239
Fortaleza,234
Boston,232
Ulan Bator,231
Bucharest,230
Denver,230
Kazan,229
Hamburg,226
Curitiba,226
Lviv,225
Kuwait City,223
Jinan,223
Cali,223
Abidjan,221
San José,221
Guayaquil,220
Lanzhou,219
Cape Town,219
Oslo,218
Brussels,217
Charlotte,216
Mecca,215
Philadelphia,213
Zibo,210
Yerevan,209
Austin,205
Jalandhar,204
Nanchang,204
Rājkot,203
San Salvador,203
Düsseldorf,202
Kraków,201
Bursa,200
Thrissur,199
Cebu City,199
Queens,197
Seongnam-si,194
Chisinau,193
Voronezh,192
Tallinn,191
Lyon,190
Santo Domingo,190
Medina,189
Vilnius,189
N/A,189
San Antonio,188
Edmonton,188
Reẖovot,187
Mexico City,185
Muscat,182
Poznań,182
Vancouver,181
N/A,180
Tbilisi,179
Krasnoyarsk,178
Medan,177
Naples,177
N/A,176
Adelaide,176
Incheon,175
Minneapolis,175
Petaling Jaya,174
Santa Clara,174
Guntur,173
Ibadan,173
Algiers,171
Montevideo,171
Nürnberg,170
Yangon,169
Haiphong,169
Harare,168
Hefei,168
Thāne,167
Solāpur,166
Odessa,164
Makassar,164
N/A,164
Yokohama,162
Panamá,161
Arequipa,161
Semarang,159
Dongguan,158
Guatemala City,158
San Diego,158
Caracas,157
Orlando,157
Changzhou,156
Cheongju-si,156
Göteborg,156
Thiruvananthapuram,155
N/A,155
Hsinchu,154
Baguio,154
Nellore,152
Bekasi,152
Zagreb,152
Tyumen,151
Baoding,151
Wrocław,151
Perm,150
Goyang-si,150
Dnipro,149
Marseille,149
Saratov,148
Washington,148
Pretoria,144
