name,unique_entrances,total_entrances,visit_duration
/3.13/tutorial/index.html,3627,3742,83
/3.13/using/windows.html,2773,2847,49
/ja/3.13/c-api/capsule.html,1119,1121,15
/3/,770,779,463
/3.13/index.html,691,716,83
/3.13/,578,605,135
/3.13/tutorial/,499,517,107
/3.13/whatsnew/3.13.html,426,433,63
/3.13/tutorial/appetite.html,230,241,196
/3.13/tutorial/interpreter.html,219,233,181
/zh-cn/3.13/tutorial/index.html,183,190,242
/3.13/tutorial/introduction.html,128,136,158
/3.13/library/functions.html,127,131,37
/zh-cn/3.13/,121,122,258
/3.13/search.html,109,115,147
/ja/3.13/tutorial/,102,108,349
/3.13/tutorial/controlflow.html,100,103,333
/es/3.13/library/tkinter.html,88,89,77
/fr/3.13/tutorial/index.html,87,88,179
/3.13/library/index.html,86,93,282
/3/tutorial/index.html,84,86,674
/es/3.13/tutorial/index.html,78,83,100
/pt-br/3.13/tutorial/index.html,73,76,306
/3.13/library/stdtypes.html,71,73,92
/3.13/library/,68,70,113
/es/3.13/tutorial/datastructures.html,66,68,276
/zh-cn/3.13/using/android.html,65,66,38
/es/3.13/library/index.html,64,66,114
/zh-cn/3.13/using/index.html,57,58,53
/zh-cn/3.13/library/index.html,54,55,365
/es/3.13/library/functions.html,53,54,74
/ko/3.13/c-api/bytes.html,53,53,12
/zh-tw/3.13/tutorial/index.html,52,53,125
/3/library/functions.html,48,48,325
/es/3.13/tutorial/venv.html,48,50,19
/ko/3.13/tutorial/index.html,48,51,184
/zh-cn/3.13/tutorial/introduction.html,48,49,97
/es/3.13/tutorial/introduction.html,47,52,82
/zh-cn/3.13/tutorial/controlflow.html,46,49,270
/3.13/library/idle.html,45,46,87
/ja/3.13/library/index.html,45,48,138
/ja/3.13/library/re.html,44,46,100
/es/3.13/library/idle.html,43,43,98
/zh-cn/3.13/using/,42,42,54
/es/3.13/tutorial/classes.html,39,41,23
/pt-br/3.13/library/index.html,39,39,189
/3/library/index.html,38,38,657
/ja/3.13/library/functions.html,38,39,99
/pt-br/3.13/tutorial/datastructures.html,38,42,54
/zh-cn/3.13/library/stdtypes.html,38,44,206
/3.13/tutorial/datastructures.html,37,39,505
/pt-br/3.13/library/venv.html,37,37,50
/zh-cn/3.13/library/venv.html,37,37,0
/zh-cn/3.13/library/functions.html,36,40,296
/3/tutorial/,35,35,395
/zh-cn/3.13/search.html,35,39,91
/3/library/tkinter.html,34,34,351
/3.13/library/random.html,33,35,136
/zh-cn/3.13/tutorial/interpreter.html,33,41,183
/ko/3.13/library/intro.html,32,32,8
/3/library/stdtypes.html,31,31,917
/zh-cn/3.13/tutorial/datastructures.html,31,31,695
/3/search.html,30,30,304
/es/3.13/,30,31,144
/es/3.13/search.html,30,32,359
/fr/3.13/tutorial/datastructures.html,30,30,35
/zh-cn/3.13/index.html,30,34,196
/3.13/library/tkinter.html,29,30,116
/es/3.13/library/stdtypes.html,29,30,299
/ja/3.13/library/random.html,29,30,50
/ja/3.13/tutorial/interpreter.html,28,28,268
/uk/3.13/extending/extending.html,28,28,48
/3.15/,27,27,265
/ja/3.13/library/subprocess.html,27,28,137
/pt-br/3.13/,27,27,183
/pt-br/3.13/library/functions.html,27,29,124
/3.13/installing/index.html,26,29,199
/3.13/reference/index.html,26,28,175
/3/tutorial/datastructures.html,26,26,1125
/ja/3.13/tutorial/classes.html,26,27,75
/3.13/glossary.html,25,25,77
/3.13/library/math.html,25,32,127
/3.13/library/typing.html,25,25,89
/ja/3.13/library/typing.html,25,26,59
/pt-br/3.13/library/datetime.html,25,28,179
/pt-br/3.13/library/tkinter.html,25,25,83
/uk/3.13/tutorial/index.html,25,27,84
/ja/3.13/library/datetime.html,24,25,29
/pt-br/3.13/library/random.html,24,25,200
/3.13/library/datetime.html,23,23,3
/3.13/library/turtle.html,23,27,270
/ja/3.13/tutorial/inputoutput.html,23,26,84
/pt-br/3.13/library/math.html,23,23,52
/pt-br/3.13/tutorial/interpreter.html,23,23,82
/zh-cn/3.13/reference/index.html,23,25,442
/zh-cn/3.13/tutorial/,23,23,271
/zh-cn/3.13/tutorial/appetite.html,23,23,97
/3/library/idle.html,22,22,536
/es/3.13/tutorial/interpreter.html,22,24,91
/it/3.13/tutorial/index.html,22,24,340
/zh-cn/3.13/glossary.html,22,25,343
/3.13/download.html,21,21,109
/fr/3.13/library/tkinter.html,21,24,84
/ja/3.13/library/stdtypes.html,21,22,794
/es/3.13/installing/index.html,20,20,0
/es/3.13/tutorial/errors.html,20,20,27
/fr/3.13/tutorial/classes.html,20,20,61
/ja/3.13/library/logging.html,20,21,279
/zh-cn/3.13/library/tkinter.html,20,20,177
/zh-tw/3.13/howto/sorting.html,20,20,22
/es/3.13/tutorial/controlflow.html,19,23,90
/ja/3.13/library/venv.html,19,19,64
/pt-br/3.13/tutorial/classes.html,19,20,12
/3.13/library/os.html,18,18,69
/3.13/tutorial/modules.html,18,18,2
/3/library/venv.html,18,18,838
/ja/3.13/library/tkinter.html,18,18,129
/zh-cn/3.13/reference/datamodel.html,18,20,215
/zh-tw/3.13/library/random.html,18,18,35
/3.13/library/asyncio.html,17,22,88
/3.13/py-modindex.html,17,20,831
/3.13/tutorial/appendix.html,17,17,129
/3/tutorial/controlflow.html,17,17,734
/es/3.13/library/re.html,17,17,1
/es/3.13/library/string.html,17,17,48
/ja/3.13/,17,21,858
/ja/3.13/library/argparse.html,17,18,559
/ko/dev/c-api/marshal.html,17,17,50
/uk/3.13/library/tkinter.html,17,17,14
/zh-cn/3.13/tutorial/classes.html,17,19,104
/zh-cn/3.13/tutorial/errors.html,17,18,24
/3.13/tutorial/classes.html,16,19,290
/3/library/random.html,16,16,486
/3/library/turtle.html,16,16,132
/3/whatsnew/3.13.html,16,16,434
/ja/3.13/library/itertools.html,16,17,161
/zh-cn/3.13/contents.html,16,16,48
/zh-cn/3.13/using/windows.html,16,16,8
/zh-tw/3.13/library/venv.html,16,16,76
/zh-tw/3.13/tutorial/interpreter.html,16,16,115
/3/download.html,15,15,540
/3/index.html,15,15,338
/ja/3.13/howto/sorting.html,15,16,91
/ja/3.13/library/pathlib.html,15,15,0
/zh-cn/3.13/library/csv.html,15,15,107
/zh-cn/3.13/library/idle.html,15,15,2
/zh-tw/3.13/library/index.html,15,15,19
/3.13/library/exceptions.html,14,14,2
/3.13/license.html,14,14,0
/3.13/tutorial/errors.html,14,14,166
/3.13/tutorial/inputoutput.html,14,14,505
/es/3.13/library/venv.html,14,15,35
/ja/3.13/copyright.html,14,14,9
/ja/3.13/library/sqlite3.html,14,14,14
/ja/3.13/search.html,14,15,295
/pt-br/3.13/search.html,14,14,267
/pt-br/3.13/tutorial/modules.html,14,15,124
/zh-cn/3.13/download.html,14,14,17
/zh-cn/3.13/library/re.html,14,14,186
/zh-cn/3.13/library/subprocess.html,14,15,0
/zh-cn/3.13/using/cmdline.html,14,14,71
/zh-tw/3.13/tutorial/controlflow.html,14,14,124
/zh-tw/3.13/tutorial/datastructures.html,14,15,44
/zh-tw/3.13/tutorial/introduction.html,14,14,1
/3.13/reference/datamodel.html,13,13,195
/3.13/using/index.html,13,13,98
/3/tutorial/classes.html,13,13,343
/es/3.13/tutorial/inputoutput.html,13,13,293
/fr/3.13/tutorial/controlflow.html,13,13,146
/fr/3.13/tutorial/introduction.html,13,15,89
/ja/3.13/library/enum.html,13,13,3
/ja/3.13/reference/index.html,13,13,126
/ko/3.13/library/functions.html,13,15,140
/ko/3.13/library/index.html,13,14,186
/pt-br/3.13/tutorial/introduction.html,13,14,50
/zh-cn/3.13/installing/index.html,13,13,11
/zh-tw/3.13/library/bisect.html,13,13,63
/zh-tw/3.13/library/functions.html,13,14,9
/zh-tw/3.13/library/heapq.html,13,16,189
/zh-tw/3.13/using/mac.html,13,13,2
/3/library/asyncio.html,12,12,438
/3/using/index.html,12,12,346
/es/3.13/glossary.html,12,14,46
/es/3.13/howto/regex.html,12,13,0
/es/3.13/library/datetime.html,12,12,9
/es/3/tutorial/,12,12,352
/fr/3.13/library/functions.html,12,12,18
/fr/3.13/tutorial/appetite.html,12,12,19
/ja/3.13/extending/extending.html,12,12,73
/ja/3.13/library/__main__.html,12,12,184
/ja/3.13/library/csv.html,12,12,119
/ja/3.13/library/json.html,12,12,11
/ja/3.13/library/os.path.html,12,13,104
/ko/3.13/library/idle.html,12,12,7
/pt-br/3.13/tutorial/errors.html,12,12,109
/uk/3.13/installing/index.html,12,12,0
/zh-cn/3.13/library/asyncio-task.html,12,12,2
/zh-cn/3.13/library/typing.html,12,12,28
/zh-cn/3/,12,12,339
/3.12/,11,11,170
/3.13/library/pathlib.html,11,12,289
/3.13/library/sys.html,11,11,60
/3.13/using/cmdline.html,11,11,13
/3/installing/index.html,11,11,347
/3/library/os.html,11,11,869
/3/library/re.html,11,12,696
/3/library/tk.html,11,11,334
/es/3.13/tutorial/appetite.html,11,12,111
/fr/3.13/search.html,11,11,99
/fr/3.13/tutorial/interpreter.html,11,15,300
/fr/3.13/using/windows.html,11,11,1
/ja/3.13/library/asyncio.html,11,12,105
/ja/3.13/library/string.html,11,11,77
/ja/3.13/tutorial/controlflow.html,11,11,326
/ja/3.13/tutorial/introduction.html,11,11,415
/ja/3.13/tutorial/modules.html,11,11,382
/ko/3.13/howto/sorting.html,11,11,46
/pt-br/3.13/library/stdtypes.html,11,11,277
/pt-br/3.13/tutorial/controlflow.html,11,11,181
/uk/3.13/reference/lexical_analysis.html,11,12,0
/zh-cn/3.13/library/argparse.html,11,11,0
/zh-cn/3.13/library/os.html,11,12,67
/zh-cn/3.13/tutorial/inputoutput.html,11,11,196
/zh-cn/3.13/tutorial/modules.html,11,11,83
/3.13/library/argparse.html,10,10,224
/3.13/library/collections.html,10,14,99
/3.13/library/os.path.html,10,10,12
/3.13/library/re.html,10,10,0
/3.13/whatsnew/index.html,10,10,310
/3/library/,10,11,161
/3/library/exceptions.html,10,10,311
/3/py-modindex.html,10,10,631
/3/tutorial/inputoutput.html,10,11,618
/fr/3.13/howto/sorting.html,10,10,163
/ja/3.13/library/codecs.html,10,11,36
/ja/3.13/library/exceptions.html,10,10,71
/ja/3.13/library/http.server.html,10,10,74
/ja/3.13/tutorial/appetite.html,10,10,81
/ja/3.13/tutorial/index.html,10,10,216
/ko/3.13/library/asyncio.html,10,10,21
/ko/3.13/library/math.html,10,13,432
/ko/3.13/tutorial/datastructures.html,10,10,140
/zh-cn/3.13/library/asyncio.html,10,12,231
/zh-cn/3.13/library/pdb.html,10,10,0
/zh-cn/3.13/using/mac.html,10,10,43
/zh-cn/3.13/whatsnew/index.html,10,10,26
/zh-tw/3.13/library/json.html,10,11,22
/zh-tw/3.13/tutorial/classes.html,10,10,138
/3.13/contents.html,9,9,34
/3.13/library/sqlite3.html,9,9,293
/3.13/tutorial/venv.html,9,9,88
/3/library/argparse.html,9,9,930
/3/library/threading.html,9,9,939
/3/tutorial/interpreter.html,9,9,881
/es/3.13/library/array.html,9,9,0
/es/3.13/tutorial/modules.html,9,9,100
/ja/3.13/library/dataclasses.html,9,9,10
/ja/3.13/library/math.html,9,9,85
/ja/3.13/library/struct.html,9,10,199
/ja/3.13/library/tempfile.html,9,9,0
/zh-cn/3.13/library/logging.html,9,9,0
/zh-cn/3.13/library/multiprocessing.html,9,9,180
/zh-cn/3.13/library/random.html,9,9,170
/zh-cn/3.13/library/sqlite3.html,9,10,183
/zh-cn/3.13/py-modindex.html,9,11,679
/zh-cn/3.13/reference/compound_stmts.html,9,9,50
/zh-cn/3.13/using/ios.html,9,9,0
/zh-tw/3.13/library/collections.html,9,9,16
/3.13/library/string.html,8,8,595
/3.13/library/subprocess.html,8,9,529
/3.13/reference/compound_stmts.html,8,8,1307
/3.13/reference/lexical_analysis.html,8,8,0
/3.14/,8,8,69
/3/faq/,8,8,810
/3/glossary.html,8,8,547
/3/library/csv.html,8,8,71
/3/library/math.html,8,8,401
/3/library/pathlib.html,8,8,419
/3/tutorial/introduction.html,8,8,555
/es/3.13/howto/sorting.html,8,9,139
/es/3.13/library/math.html,8,8,4
/es/3.13/library/random.html,8,9,26
/es/3.13/reference/import.html,8,8,225
/es/3.13/using/windows.html,8,8,134
/fr/3.13/library/datetime.html,8,8,47
/fr/3.13/library/random.html,8,8,68
/ja/3.13/glossary.html,8,8,353
/ja/3.13/library/concurrent.futures.html,8,9,43
/ja/3.13/library/io.html,8,8,4
/ja/3.13/library/multiprocessing.html,8,9,39
/ja/3.13/library/os.html,8,8,60
/ja/3.13/library/queue.html,8,8,0
/ja/3.13/library/unittest.html,8,8,151
/ja/3.13/library/zipfile.html,8,8,24
/ja/3.13/using/windows.html,8,8,0
/ko/3.13/library/random.html,8,8,0
/pt-br/3.13/glossary.html,8,8,35
/pt-br/3.13/library/csv.html,8,8,4
/pt-br/3.13/library/string.html,8,9,85
/pt-br/3.13/library/tk.html,8,10,522
