name,version,visitors
Chrome,135.0,1405
Microsoft Edge,135.0,200
Chrome,134.0,120
Safari,18.3,68
Firefox,137.0,49
Safari,18.4,39
Chrome,131.0,29
Chrome,133.0,24
Mobile App,(not set),23
Chrome,132.0,15
Safari,18.1,13
Safari,17.6,12
Chrome,109.0,11
Chrome,129.0,11
Microsoft Edge,134.0,11
Chrome,114.0,10
Chrome,122.0,10
Chrome,130.0,8
Chrome,136.0,8
Safari,18.0,8
Chrome,119.0,7
Safari,16.3,7
Chrome,124.0,6
Safari,15.6,6
Samsung Browser,27.0,6
Chrome,121.0,5
Microsoft Edge,131.0,5
Microsoft Edge,133.0,5
Firefox,136.0,5
Chrome,126.0,4
Safari,17.4,4
Safari,17.5,4
Safari,18.2,4
Smart Lenovo Browser,9.0,4
Opera,117.0,3
Chrome,117.0,3
Opera,118.0,3
Chrome,127.0,3
Chrome,128.0,3
Firefox,128.0,3
Microsoft Edge,130.0,3
Firefox,135.0,3
Safari,15.4,3
Safari,17.3,3
Microsoft Edge,109.0,2
Chrome,113.0,2
Firefox,113.0,2
Microsoft Edge,114.0,2
Chrome,118.0,2
Chrome,120.0,2
Firefox,121.0,2
Firefox,134.0,2
Safari,16.1,2
Safari,17.1,2
Safari,17.10,2
Safari,17.2,2
SberBrowser,25.0,2
Samsung Browser,28.0,2
Microsoft Edge,107.0,1
Chrome,108.0,1
Firefox,115.0,1
Chrome,116.0,1
Microsoft Edge,120.0,1
Microsoft Edge,122.0,1
Chrome,123.0,1
Chrome,125.0,1
Firefox,125.1,1
Firefox,130.0,1
Microsoft Edge,132.0,1
Avira Secure Browser,134.0,1
Microsoft Edge,137.0,1
Firefox,138.0,1
Safari,15.5,1
Safari,16.4,1
Safari,16.5,1
UC Browser,17.5,1
Safari,17.7,1
Safari,18.5,1
Yandex Browser,25.2,1
Chrome,69.0,1
Chrome,81.0,1
Chrome,85.0,1
Chrome,91.0,1
