property,value,visitors,events,percentage
url,(none),2224,3400,99.7
url,https://www.python.org/,31,31,1.4
url,https://www.python.org/downloads/,8,8,0.4
url,https://www.python.org/downloads/macos/,5,5,0.2
url,https://packaging.python.org/installing/#requirements-for-installing-packages,3,5,0.1
url,https://packaging.python.org/en/latest/tutorials/installing-packages/#ensure-pip-setuptools-and-wheel-are-up-to-date,2,2,0.1
url,https://pypi.org/,2,2,0.1
url,https://pypi.org/project/Exscript/,2,2,0.1
url,https://www.py2exe.org/,2,2,0.1
url,https://datatracker.ietf.org/doc/html/rfc4122.html,1,1,0.0
url,https://github.com/python/cpython/blob/main/Doc/library/functions.rst,1,1,0.0
url,https://github.com/python/cpython/tree/3.13/Lib/bisect.py,1,1,0.0
url,https://github.com/python/cpython/tree/3.13/Lib/concurrent/futures/thread.py,1,1,0.0
url,https://github.com/python/cpython/tree/3.13/Lib/csv.py,1,1,0.0
url,https://github.com/python/cpython/tree/3.13/Lib/random.py,1,1,0.0
url,https://github.com/python/cpython/tree/3.13/Lib/tkinter/simpledialog.py,1,1,0.0
url,https://github.com/python/cpython/tree/main/Lib/tkinter/font.py,1,1,0.0
url,https://manpages.debian.org/signal(7),1,1,0.0
url,https://packaging.python.org/en/latest/tutorials/installing-packages/,1,1,0.0
url,https://packaging.python.org/en/latest/tutorials/packaging-projects/,1,1,0.0
url,https://peps.python.org/pep-0632/#migration-advice,1,1,0.0
url,https://peps.python.org/pep-0719/,1,1,0.0
url,https://pypi.org/project/DateType/,1,1,0.0
url,https://pypi.org/project/pip/,1,1,0.0
url,https://pypi.org/project/telnetlib3/,1,1,0.0
url,https://tiswww.case.edu/php/chet/readline/rltop.html,1,1,0.0
url,https://wiki.python.org/moin/BeginnersGuide,1,1,0.0
url,https://www.nuget.org/packages/python,1,1,0.0
url,https://www.unicode.org/Public/15.1.0/ucd/NameAliases.txt,1,1,0.0
