name,unique_exits,total_exits,exit_rate
/zh-tw/3/tutorial/index.html,139,144,
/zh-tw/3/library/venv.html,83,84,
/zh-tw/3/library/random.html,54,56,
/zh-tw/3/howto/sorting.html,49,49,
/zh-tw/3/faq/windows.html,45,47,
/zh-tw/3/library/re.html,43,42,
/zh-tw/dev/installing/index.html,40,41,
/zh-tw/3.13/tutorial/index.html,38,40,
/zh-tw/3/tutorial/inputoutput.html,38,38,
/zh-tw/3.13/installing/index.html,37,37,
/zh-tw/3/tutorial/introduction.html,37,38,
/zh-tw/3/tutorial/interpreter.html,35,36,
/zh-tw/3/tutorial/classes.html,34,34,
/zh-tw/3.13/library/os.path.html,33,34,
/zh-tw/3/tutorial/modules.html,33,33,
/zh-tw/3/using/mac.html,33,33,
/zh-tw/3/library/index.html,32,32,
/zh-tw/3.13/library/json.html,31,32,
/zh-tw/3/tutorial/controlflow.html,31,31,
/zh-tw/3/tutorial/errors.html,31,31,
/zh-tw/3/library/csv.html,30,30,
/zh-tw/3/howto/argparse.html,28,29,
/zh-tw/3.13/tutorial/datastructures.html,26,28,
/zh-tw/3/tutorial/venv.html,26,27,
/zh-tw/3/library/collections.html,24,24,
/zh-tw/dev/library/os.path.html,24,24,
/zh-tw/3/library/copy.html,22,22,
/zh-tw/3/library/functions.html,22,22,
/zh-tw/3/library/pathlib.html,22,22,
/zh-tw/3/library/concurrent.futures.html,20,22,
/zh-tw/3/library/heapq.html,20,20,
/zh-tw/3/library/string.html,17,17,
/zh-tw/3/tutorial/floatingpoint.html,17,17,
/zh-tw/3/library/stdtypes.html,16,16,
/zh-tw/3.13/library/__main__.html,15,15,
/zh-tw/3/library/pickle.html,15,15,
/zh-tw/3/library/time.html,15,15,
/zh-tw/dev/library/csv.html,15,16,
/zh-tw/3/library/bisect.html,14,16,
/zh-tw/3/library/typing.html,14,15,
/zh-tw/3.13/tutorial/controlflow.html,13,15,
/zh-tw/3.13/howto/sockets.html,12,12,
/zh-tw/3.13/library/venv.html,12,12,
/zh-tw/3/library/array.html,12,12,
/zh-tw/3/library/pdb.html,12,13,
/zh-tw/3.13/library/functions.html,11,11,
/zh-tw/3/library/asyncio.html,11,11,
/zh-tw/3/library/math.html,11,11,
/zh-tw/3/tutorial/,11,11,
/zh-tw/3/tutorial/appetite.html,11,11,
/zh-tw/3.13/tutorial/errors.html,10,10,
/zh-tw/3.13/tutorial/interpreter.html,10,11,
/zh-tw/3/library/ast.html,10,10,
/zh-tw/3/library/unittest.html,10,10,
/3/library/functions.html,9,8,
/zh-tw/3.13/,9,9,
/zh-tw/3.13/library/random.html,9,10,
/zh-tw/3.13/tutorial/classes.html,9,9,
/zh-tw/3/library/abc.html,9,9,
/zh-tw/3/library/io.html,9,9,
/zh-tw/3/library/operator.html,9,9,
/zh-tw/3/library/threading.html,9,9,
/zh-tw/3/library/unittest.mock.html,9,10,
/zh-tw/3.13/library/glob.html,8,8,
/zh-tw/3/library/enum.html,8,8,
/zh-tw/3/library/statistics.html,8,8,
/zh-tw/3/library/uuid.html,8,8,
/zh-tw/3/tutorial/datastructures.html,8,8,
/3/library/venv.html,7,7,
/zh-tw/3.13/library/html.parser.html,7,7,
/zh-tw/3.13/library/multiprocessing.shared_memory.html,7,8,
/zh-tw/3.13/library/urllib.request.html,7,6,
/zh-tw/3.13/tutorial/introduction.html,7,8,
/zh-tw/3/library/signal.html,7,6,
/zh-tw/3.12/installing/index.html,6,5,
/zh-tw/3.13/library/collections.html,6,6,
/zh-tw/3.13/library/csv.html,6,6,
/zh-tw/3.13/search.html,6,7,
/zh-tw/3.13/tutorial/inputoutput.html,6,6,
/zh-tw/3/,6,6,
/zh-tw/3/library/functools.html,6,6,
/zh-tw/3/library/unittest.mock-examples.html,6,6,
/zh-tw/3/whatsnew/index.html,6,6,
/zh-tw/dev/howto/sockets.html,6,6,
/zh-tw/dev/library/tkinter.font.html,6,6,
/3/library/datetime.html,5,5,
/zh-tw/3.13/glossary.html,5,5,
/zh-tw/3.13/howto/sorting.html,5,5,
/zh-tw/3.13/library/__future__.html,5,6,
/zh-tw/3.13/library/heapq.html,5,5,
/zh-tw/3.13/library/time.html,5,6,
/zh-tw/3.13/library/tkinter.font.html,5,5,
/zh-tw/3.13/reference/index.html,5,6,
/zh-tw/3.13/whatsnew/3.13.html,5,5,
/zh-tw/3/glossary.html,5,5,
/zh-tw/3/library/cmath.html,5,5,
/zh-tw/3/library/datetime.html,5,5,
/zh-tw/3/library/queue.html,5,5,
/zh-tw/3/library/tempfile.html,5,5,
/zh-tw/dev/library/functools.html,5,5,
