name,visitors
Guangdong,662
Beijing,419
Shanghai,360
California,238
Tokyo,225
Zhejiang,216
Jiangsu,213
Sichuan,161
Ho Chi Minh City,146
Shandong,143
Hubei,128
Henan,120
Hanoi,116
Fujian,103
Hunan,86
Shaanxi,83
Chongqing,59
Hebei,53
Liaoning,51
Tianjin,41
Taipei,41
Anhui,37
Kwai Tsing New Territories,35
Osaka,35
Gansu,34
Guangxi,27
Guizhou,25
Washington,25
Tsuen Wan New Territories,24
Shanxi,23
Kowloon City Kowloon,22
Yunnan,20
Taichung,19
Da Nang,19
Jiangxi,18
England,18
Ontario,15
New Taipei,15
Jilin,14
Changhua,14
Seoul,13
Haiphong,13
Wan Chai Hong Kong Island,12
Heilongjiang,9
Kaohsiung,9
Île-de-France,8
Utah,8
Virginia,8
Yau Tsim Mong Kowloon,7
Texas,7
Bavaria,6
Chiba,6
Selangor,6
British Columbia,5
Taoyuan,5
Dubai,4
Hainan,4
Inner Mongolia,4
Xinjiang,4
Kwun Tong Kowloon,4
Meknès-Tafilalet,4
Kuala Lumpur,4
Bangkok,4
Yunlin,4
Oregon,4
Ninh Bình,4
Thanh Hóa,4
Thái Nguyên,4
New South Wales,3
Victoria,3
Hesse,3
Karnataka,3
Illinois,3
New York,3
Cà Mau,3
Hải Dương,3
Abu Dhabi,2
Queensland,2
Newfoundland and Labrador,2
Brazzaville,2
St. Gallen,2
Zürich,2
Baden-Württemberg,2
Catalonia,2
Brittany,2
Sai Kung New Territories,2
Tuen Mun New Territories,2
Jakarta,2
Piedmont,2
Toyama,2
Shizuoka,2
Fukuoka,2
Metro Manila,2
Punjab,2
Eastern,2
Kronoberg,2
Hsinchu,2
Pingtung,2
Florida,2
Massachusetts,2
Nevada,2
South Carolina,2
Khánh Hòa,2
Bà Rịa–Vũng Tàu,2
Buenos Aires Province,1
San Luis,1
Styria,1
Vienna,1
South Australia,1
Manitoba,1
New Brunswick,1
Sangha,1
Ningxia,1
Berlin,1
North Rhine-Westphalia,1
Saxony,1
Madrid Autonomous Community,1
Peloponnese,1
Central and Western Hong Kong Island,1
Eastern Hong Kong Island,1
Yuen Long New Territories,1
Budapest,1
Banten,1
Leinster,1
Maharashtra,1
Punjab,1
Rajasthan,1
Tamil Nadu,1
West Bengal,1
Lombardy,1
Lazio,1
Sicily,1
Kanagawa,1
Kyoto,1
Tokushima,1
Phnom Penh,1
Incheon,1
Gyeonggi,1
Gangwon,1
Perak,1
Flevoland,1
Auckland,1
Islamabad,1
Mazovia,1
Lisbon,1
Moscow,1
Nizhny Novgorod,1
Chiang Mai,1
Tunis,1
Hsinchu County,1
Tainan,1
Dar es Salaam,1
Arizona,1
Georgia,1
Pennsylvania,1
Thừa Thiên–Huế,1
Bắc Giang,1
Phú Thọ,1
