name,unique_entrances,total_entrances,visit_duration
/zh-tw/3/tutorial/index.html,130,137,281
/zh-tw/3/library/venv.html,59,60,16
/zh-tw/dev/installing/index.html,42,44,25
/dev/using/windows.html,34,34,258
/zh-tw/3/library/re.html,33,37,186
/zh-tw/3/tutorial/controlflow.html,27,29,23
/zh-tw/3/library/random.html,24,24,83
/zh-tw/3/tutorial/interpreter.html,23,24,184
/zh-tw/3/tutorial/datastructures.html,21,21,93
/zh-tw/3/tutorial/modules.html,21,21,4
/zh-tw/3/library/index.html,20,20,35
/zh-tw/3/library/math.html,20,22,96
/zh-tw/3/library/pathlib.html,20,20,116
/3/,19,19,235
/zh-tw/3/library/csv.html,19,20,25
/zh-tw/3/library/functions.html,19,20,1
/zh-tw/3/library/heapq.html,19,20,89
/zh-tw/3/howto/sorting.html,18,19,81
/zh-tw/3/using/mac.html,17,17,56
/zh-tw/3/tutorial/introduction.html,16,18,7
/zh-tw/3/howto/argparse.html,15,16,59
/zh-tw/3/tutorial/appetite.html,14,16,156
/zh-tw/3/tutorial/venv.html,14,14,135
/zh-tw/3/library/collections.html,13,13,0
/zh-tw/3/library/json.html,13,13,100
/zh-tw/3/library/time.html,13,14,89
/zh-tw/3/library/bisect.html,12,12,7
/zh-tw/3/library/typing.html,12,12,2
/zh-tw/3/tutorial/errors.html,12,12,41
/zh-tw/3.13/tutorial/index.html,11,11,25
/zh-tw/3/tutorial/classes.html,11,11,111
/zh-tw/3/tutorial/inputoutput.html,11,11,14
/zh-tw/3.15/using/windows.html,10,10,51
/zh-tw/3/library/pdb.html,10,12,401
/zh-tw/3/reference/index.html,10,12,28
/zh-tw/3/tutorial/floatingpoint.html,10,10,150
/zh-tw/dev/library/calendar.html,10,10,93
/zh-tw/3.14/,9,9,191
/zh-tw/3/library/ast.html,9,9,0
/zh-tw/3/library/string.html,9,9,71
/zh-tw/3/library/unittest.html,9,10,1452
/zh-tw/3.13/library/os.path.html,8,8,208
/zh-tw/3/contents.html,8,8,9
/zh-tw/3/howto/sockets.html,8,8,0
/zh-tw/3/library/enum.html,8,9,0
/zh-tw/dev/library/math.html,8,9,190
/zh-tw/3/library/functools.html,7,7,0
/zh-tw/dev/library/os.path.html,7,7,48
/zh-tw/3/faq/windows.html,6,6,0
/zh-tw/3/installing/index.html,6,6,3
/zh-tw/3.13/library/functions.html,5,5,0
/zh-tw/3.13/tutorial/classes.html,5,5,178
/zh-tw/3.14/tutorial/controlflow.html,5,5,148
/zh-tw/3/library/concurrent.futures.html,5,5,43
/zh-tw/3/library/copy.html,5,5,0
/zh-tw/3/library/operator.html,5,5,203
/zh-tw/3/library/os.path.html,5,5,178
/zh-tw/3/library/signal.html,5,5,0
/zh-tw/3/library/stdtypes.html,5,5,52
/zh-tw/3/library/threading.html,5,5,0
/zh-tw/3/library/zipfile.html,5,5,1
/zh-tw/dev/library/venv.html,5,5,178
/3/search.html,4,4,65
/zh-tw/3.13/library/__main__.html,4,4,0
/zh-tw/3.13/library/asyncio-sync.html,4,4,336
/zh-tw/3.13/tutorial/controlflow.html,4,5,1
/zh-tw/3.13/tutorial/datastructures.html,4,4,16
/zh-tw/3.14/tutorial/datastructures.html,4,4,0
/zh-tw/3.14/tutorial/interpreter.html,4,4,575
/zh-tw/3/,4,4,242
/zh-tw/3/howto/annotations.html,4,4,395
/zh-tw/3/library/__main__.html,4,6,0
/zh-tw/3/library/abc.html,4,4,8
/zh-tw/3/library/asyncio.html,4,4,0
/zh-tw/3/library/glob.html,4,4,0
/zh-tw/3/library/pickle.html,4,4,16
/zh-tw/3/library/tempfile.html,4,4,0
/zh-tw/3/library/urllib.html,4,4,153
/zh-tw/3/library/urllib.request.html,4,4,24
/zh-tw/3/library/uuid.html,4,4,258
/zh-tw/3/license.html,4,5,33
/zh-tw/3/reference/import.html,4,4,4
/zh-tw/dev/library/time.html,4,4,0
/zh-tw/dev/library/tkinter.html,4,4,0
/3.14/using/windows.html,3,3,18
/3/library/datetime.html,3,3,1
/3/library/idle.html,3,3,101
/3/library/sqlite3.html,3,3,277
/3/library/stdtypes.html,3,3,306
/3/library/subprocess.html,3,3,223
/3/tutorial/,3,3,326
/3/whatsnew/3.14.html,3,3,1158
/zh-tw/3.13/c-api/index.html,3,3,35
/zh-tw/3.13/tutorial/introduction.html,3,6,0
/zh-tw/3.14/library/random.html,3,3,2
/zh-tw/3.14/library/stdtypes.html,3,3,1349
/zh-tw/3.14/library/token.html,3,3,0
/zh-tw/3.15/contents.html,3,3,0
/zh-tw/3/c-api/intro.html,3,3,0
/zh-tw/3/faq/general.html,3,3,5
/zh-tw/3/glossary.html,3,3,1
/zh-tw/3/index.html,3,3,15
/zh-tw/3/library/asyncio-policy.html,3,3,0
/zh-tw/3/library/asyncio-runner.html,3,3,0
/zh-tw/3/library/queue.html,3,3,0
/zh-tw/3/library/secrets.html,3,3,193
/zh-tw/3/library/timeit.html,3,3,0
/zh-tw/3/library/warnings.html,3,3,72
/zh-tw/3/reference/datamodel.html,3,3,1
/3.12/,2,2,1
/3.14/tutorial/index.html,2,2,82
/3/howto/regex.html,2,2,96
/3/installing/index.html,2,2,362
/3/library/math.html,2,2,152
/3/library/os.html,2,2,5
/3/library/socket.html,2,2,872
/3/library/turtle.html,2,2,1844
/3/tutorial/index.html,2,2,91
/zh-cn/3/,2,2,141
/zh-tw/3.12/index.html,2,4,0
/zh-tw/3.13/download.html,2,2,6
/zh-tw/3.13/genindex-符號.html,2,2,0
/zh-tw/3.13/library/__future__.html,2,2,0
/zh-tw/3.13/library/asyncio-eventloop.html,2,2,0
/zh-tw/3.13/library/index.html,2,2,966
/zh-tw/3.13/library/math.html,2,2,0
/zh-tw/3.13/library/sqlite3.html,2,3,284
/zh-tw/3.13/tutorial/errors.html,2,2,48
/zh-tw/3.13/tutorial/modules.html,2,2,0
/zh-tw/3.14/genindex-符號.html,2,2,0
/zh-tw/3.14/index.html,2,2,1566
/zh-tw/3.14/library/crypt.html,2,2,0
/zh-tw/3.14/library/datetime.html,2,2,323
/zh-tw/3.14/library/math.html,2,2,0
/zh-tw/3.14/py-modindex.html,2,2,0
/zh-tw/3.14/tutorial/introduction.html,2,2,2
/zh-tw/3.14/using/android.html,2,2,132
/zh-tw/3.14/using/index.html,2,2,70
/zh-tw/3.15/tutorial/inputoutput.html,2,2,0
/zh-tw/3/download.html,2,2,186
/zh-tw/3/howto/regex.html,2,2,766
/zh-tw/3/library/archiving.html,2,2,0
/zh-tw/3/library/array.html,2,2,0
/zh-tw/3/library/calendar.html,2,2,0
/zh-tw/3/library/distutils.html,2,2,74
/zh-tw/3/library/exceptions.html,2,2,0
/zh-tw/3/library/filecmp.html,2,2,0
/zh-tw/3/library/hashlib.html,2,2,200
/zh-tw/3/library/hmac.html,2,2,0
/zh-tw/3/library/idle.html,2,2,0
/zh-tw/3/library/io.html,2,2,0
/zh-tw/3/library/multiprocessing.shared_memory.html,2,2,0
/zh-tw/3/library/ssl.html,2,2,1366
/zh-tw/3/library/statistics.html,2,2,0
/zh-tw/3/library/sys_path_init.html,2,2,0
/zh-tw/3/library/tkinter.html,2,2,0
/zh-tw/3/library/unittest.mock-examples.html,2,2,0
/zh-tw/3/library/unittest.mock.html,2,2,186
/zh-tw/3/library/webbrowser.html,2,2,0
/zh-tw/3/library/zlib.html,2,2,0
/zh-tw/3/reference/lexical_analysis.html,2,2,262
/zh-tw/3/search.html,2,2,0
/zh-tw/3/tutorial/,2,2,78
/zh-tw/3/using/index.html,2,2,2
/zh-tw/3/whatsnew/index.html,2,2,38
/zh-tw/dev/library/cmd.html,2,2,0
/zh-tw/dev/library/collections.html,2,2,0
/zh-tw/dev/library/csv.html,2,2,0
/zh-tw/dev/library/datatypes.html,2,2,0
/zh-tw/dev/library/functools.html,2,2,0
/zh-tw/dev/library/io.html,2,2,0
/zh-tw/dev/library/markup.html,2,2,10
/zh-tw/dev/library/string.html,2,2,0
/zh-tw/dev/library/struct.html,2,3,23
/zh-tw/dev/library/tkinter.font.html,2,2,0
/zh-tw/dev/library/tomllib.html,2,2,0
/zh-tw/dev/whatsnew/3.12.html,2,3,0
/3.12/library/itertools.html,1,1,488
/3.12/tutorial/index.html,1,1,1402
/3.13/library/sqlite3.html,1,1,7
/3.13/tutorial/index.html,1,1,526
/3.13/using/windows.html,1,1,1751
/3.14/,1,1,56
/3.14/c-api/buffer.html,1,1,78
/3.14/library/turtle.html,1,1,29
/3.15/tutorial/index.html,1,1,50
/3/contents.html,1,1,9
/3/index.html,1,1,1748
/3/library/argparse.html,1,1,624
/3/library/asyncio-task.html,1,1,975
/3/library/asyncio.html,1,1,137
/3/library/configparser.html,1,1,1251
/3/library/csv.html,1,1,1527
/3/library/functions.html,1,1,36
/3/library/index.html,1,1,4997
/3/library/logging.html,1,1,9
/3/library/multiprocessing.html,1,1,0
/3/library/os.path.html,1,1,722
/3/library/pathlib.html,1,1,340
/3/library/pickle.html,1,1,333
/3/library/socketserver.html,1,1,3320
/3/library/struct.html,1,1,10
/3/library/threading.html,1,1,1161
/3/library/tkinter.html,1,1,1690
/3/library/unittest.html,1,1,1488
/3/library/unittest.mock.html,1,1,0
/3/library/urllib.parse.html,1,1,1972
/3/library/zipfile.html,1,1,196
/3/py-modindex.html,1,1,3
/3/reference/import.html,1,1,0
/3/reference/lexical_analysis.html,1,1,479
/3/tutorial/appetite.html,1,1,3247
/3/tutorial/classes.html,1,1,6
/3/tutorial/floatingpoint.html,1,1,34
/3/using/android.html,1,1,17
/3/using/mac.html,1,1,170
/3/using/windows.html,1,1,162
/3/whatsnew/3.13.html,1,1,1
/ko/3.14/library/turtle.html,1,1,86
/zh-cn/3.13/c-api/memory.html,1,1,1196
/zh-cn/3.13/library/enum.html,1,1,34
/zh-cn/3.14/library/subprocess.html,1,1,448
/zh-cn/3/howto/unicode.html,1,1,0
/zh-cn/3/library/datetime.html,1,1,0
/zh-cn/3/library/index.html,1,1,0
/zh-cn/3/library/sqlite3.html,1,1,5
/zh-cn/3/library/webbrowser.html,1,1,0
/zh-cn/3/tutorial/controlflow.html,1,1,1990
/zh-tw/3.12/c-api/set.html,1,1,0
/zh-tw/3.12/c-api/sys.html,1,1,0
/zh-tw/3.12/c-api/weakref.html,1,1,0
/zh-tw/3.12/contents.html,1,1,0
/zh-tw/3.12/howto/argparse.html,1,1,0
/zh-tw/3.12/installing/index.html,1,1,0
/zh-tw/3.12/library/asyncio-eventloop.html,1,1,0
/zh-tw/3.12/library/asyncio-stream.html,1,1,0
/zh-tw/3.12/library/curses.html,1,1,0
/zh-tw/3.12/library/functions.html,1,1,0
/zh-tw/3.12/library/intro.html,1,1,0
/zh-tw/3.12/library/json.html,1,1,0
/zh-tw/3.12/library/logging.config.html,1,1,0
/zh-tw/3.12/library/logging.html,1,1,0
/zh-tw/3.12/library/tokenize.html,1,1,0
/zh-tw/3.12/library/tomllib.html,1,1,0
/zh-tw/3.12/library/venv.html,1,1,9
/zh-tw/3.12/library/xml.dom.html,1,1,0
/zh-tw/3.12/tutorial/classes.html,1,1,5
/zh-tw/3.12/tutorial/index.html,1,1,24
/zh-tw/3.13/,1,1,0
/zh-tw/3.13/bugs.html,1,1,0
/zh-tw/3.13/c-api/structures.html,1,1,0
/zh-tw/3.13/faq/extending.html,1,1,0
/zh-tw/3.13/genindex-S.html,1,1,0
/zh-tw/3.13/genindex-W.html,1,1,0
/zh-tw/3.13/howto/sorting.html,1,1,0
/zh-tw/3.13/installing/index.html,1,1,0
/zh-tw/3.13/library/ast.html,1,1,0
/zh-tw/3.13/library/asyncio-dev.html,1,1,0
/zh-tw/3.13/library/asyncio-task.html,1,1,0
/zh-tw/3.13/library/audioop.html,1,1,0
/zh-tw/3.13/library/bisect.html,1,1,0
/zh-tw/3.13/library/collections.html,1,1,0
/zh-tw/3.13/library/concurrent.futures.html,1,1,0
/zh-tw/3.13/library/constants.html,1,1,19
/zh-tw/3.13/library/csv.html,1,1,0
/zh-tw/3.13/library/exceptions.html,1,1,0
/zh-tw/3.13/library/heapq.html,1,1,0
/zh-tw/3.13/library/html.parser.html,1,1,0
/zh-tw/3.13/library/intro.html,1,1,18
/zh-tw/3.13/library/mmap.html,1,1,0
/zh-tw/3.13/library/pdb.html,1,1,0
/zh-tw/3.13/library/signal.html,1,1,0
/zh-tw/3.13/library/stdtypes.html,1,1,0
/zh-tw/3.13/library/sys.html,1,1,668
/zh-tw/3.13/library/sys_path_init.html,1,1,0
/zh-tw/3.13/library/telnetlib.html,1,1,0
/zh-tw/3.13/library/tkinter.font.html,1,1,0
/zh-tw/3.13/library/tkinter.messagebox.html,1,1,0
/zh-tw/3.13/library/urllib.error.html,1,1,0
/zh-tw/3.13/library/urllib.request.html,1,1,0
/zh-tw/3.13/py-modindex.html,1,1,70
/zh-tw/3.13/search.html,1,1,48
/zh-tw/3.13/tutorial/appetite.html,1,1,0
/zh-tw/3.13/tutorial/inputoutput.html,1,1,0
/zh-tw/3.13/tutorial/interpreter.html,1,1,0
/zh-tw/3.13/using/cmdline.html,1,1,0
/zh-tw/3.13/using/configure.html,1,1,0
/zh-tw/3.13/using/editors.html,1,1,0
/zh-tw/3.13/using/mac.html,1,1,0
/zh-tw/3.13/whatsnew/3.13.html,1,1,0
/zh-tw/3.14/c-api/lifecycle.html,1,1,0
/zh-tw/3.14/download.html,1,1,0
/zh-tw/3.14/faq/design.html,1,1,0
/zh-tw/3.14/installing/index.html,1,1,175
/zh-tw/3.14/library/ast.html,1,1,0
/zh-tw/3.14/library/asyncio-task.html,1,1,25
/zh-tw/3.14/library/codecs.html,1,1,53
/zh-tw/3.14/library/collections.html,1,1,0
/zh-tw/3.14/library/contextvars.html,1,1,0
/zh-tw/3.14/library/fnmatch.html,1,1,0
