name,visitors
Taipei,314
New Taipei,160
Taichung,126
Taoyuan,111
Hsinchu County,77
Kaohsiung,68
Hsinchu,51
Tainan,45
Changhua,20
Miaoli,14
Ho Chi Minh City,13
Guangdong,10
Chiayi County,10
Hanoi,9
Yilan,8
Beijing,7
Shanghai,6
Pingtung,6
California,6
Shandong,5
Hualien,5
Nantou,5
Yunlin,5
Haiphong,5
Zürich,4
Tokyo,4
Anhui,3
Tianjin,3
England,3
Istanbul,3
Fujian,2
Henan,2
Shaanxi,2
Zhejiang,2
Pirkanmaa,2
Kowloon City Kowloon,2
Yau Tsim Mong Kowloon,2
Kwai Tsing New Territories,2
Sai Kung New Territories,2
Madhya Pradesh,2
Uttar Pradesh,2
Amman,2
Osaka,2
Almaty City,2
Kuala Lumpur,2
Rogaland,2
Novosibirsk,2
Makkah,2
Nonthaburi,2
Alberta,1
Hebei,1
Jiangsu,1
Sichuan,1
Yunnan,1
Central Bohemia,1
Saxony,1
Ida-Virumaa,1
Île-de-France,1
Central and Western Hong Kong Island,1
Eastern Hong Kong Island,1
Wan Chai Hong Kong Island,1
Sham Shui Po Kowloon,1
Wong Tai Sin Kowloon,1
Sha Tin New Territories,1
Yuen Long New Territories,1
Bihar,1
Gujarat,1
Karnataka,1
Bishkek,1
North Holland,1
Chelyabinsk,1
Moscow,1
Bangkok,1
Chiayi,1
Taitung,1
Maryland,1
Texas,1
Utah,1
Washington,1
Quảng Ninh,1
Thanh Hóa,1
Nghệ An,1
Đắk Lắk,1
KwaZulu-Natal,1
