property,value,visitors,events,percentage
url,(none),2465,4799,99.7
url,https://www.python.org/,41,45,1.7
url,https://www.python.org/downloads/,13,13,0.5
url,https://pypi.org/,5,5,0.2
url,https://devguide.python.org/,3,3,0.1
url,https://docs.python.org/pt-br/3.14/archives/python-3.14-docs-html.zip,3,3,0.1
url,https://docs.python.org/pt-br/3/archives/python-3.14-docs-text.zip,3,3,0.1
url,https://wiki.python.org/moin/BeginnersGuide,3,3,0.1
url,https://docs.python.org/pt-br/3.14/archives/python-3.14-docs-text.zip,2,2,0.1
url,https://github.com/python/cpython/tree/3.14/Lib/glob.py,2,2,0.1
url,https://github.com/python/cpython/tree/main/Lib/calendar.py,2,2,0.1
url,https://packaging.python.org/pt-br/latest/guides/packaging-binary-extensions/,2,3,0.1
url,https://peps.python.org/,2,2,0.1
url,https://tkdocs.com/,2,2,0.1
url,https://www.jsonrpc.org/,2,2,0.1
url,https://www.tcl.tk/man/tcl8.6/TkCmd/contents.htm,2,2,0.1
url,https://apps.microsoft.com/detail/9NQ7512CXL7T,1,1,0.0
url,https://devguide.python.org/documentation/help-documenting/,1,1,0.0
url,https://devguide.python.org/documentation/start-documenting/#building-the-documentation,1,1,0.0
url,https://docs.python.org/pt-br/3/archives/python-3.14-docs-html.zip,1,1,0.0
url,https://docs.python.org/pt-br/3/archives/python-3.14-docs-text.tar.bz2,1,1,0.0
url,https://docs.python.org/pt-br/dev/archives/python-3.15-docs-text.zip,1,1,0.0
url,https://en.wikipedia.org/wiki/Hyperbolic_functions,1,1,0.0
url,https://gist.github.com/vsajip/4673395,1,1,0.0
url,https://github.com/python/cpython/blob/main/Doc/contents.rst?plain=1,1,1,0.0
url,https://github.com/python/cpython/blob/main/Doc/howto/index.rst?plain=1,1,1,0.0
url,https://github.com/python/cpython/blob/main/Doc/library/index.rst?plain=1,1,1,0.0
url,https://github.com/python/cpython/blob/main/Doc/library/tkinter.rst?plain=1,1,1,0.0
url,https://github.com/python/cpython/blob/main/Doc/tutorial/index.rst?plain=1,1,1,0.0
url,https://github.com/python/cpython/blob/main/Doc/using/index.rst?plain=1,1,1,0.0
url,https://github.com/python/cpython/tree/3.13/Lib/random.py,1,1,0.0
url,https://github.com/python/cpython/tree/3.13/Lib/string.py,1,1,0.0
url,https://github.com/python/cpython/tree/3.14/Lib/argparse.py,1,1,0.0
url,https://github.com/python/cpython/tree/3.14/Lib/os.py,1,1,0.0
url,https://github.com/python/cpython/tree/3.14/Lib/random.py,1,1,0.0
url,https://github.com/python/cpython/tree/3.14/Lib/smtplib.py,1,2,0.0
url,https://github.com/python/cpython/tree/3.14/Lib/tkinter/__init__.py,1,1,0.0
url,https://github.com/python/cpython/tree/3.14/Lib/tkinter/commondialog.py,1,1,0.0
url,https://github.com/python/cpython/tree/main/PCbuild/winsound.vcxproj,1,1,0.0
url,https://github.com/python/python-docs-theme,1,1,0.0
url,https://invisible-island.net/ncurses/ncurses-intro.html,1,1,0.0
url,https://packaging.python.org/pt-br/latest/guides/installing-using-pip-and-virtual-environments/#create-and-use-virtual-environments,1,1,0.0
url,https://packaging.python.org/science/,1,1,0.0
url,https://peps.python.org/pep-0397/,1,1,0.0
url,https://peps.python.org/pep-0636/,1,1,0.0
url,https://peps.python.org/pep-0745/,1,1,0.0
url,https://pt.wikipedia.org/wiki/Sequ%C3%AAncia_de_Fibonacci,1,1,0.0
url,https://pyodide.org/,1,1,0.0
url,https://pypi.org/project/DateType/,1,1,0.0
url,https://pypi.org/project/pip/,1,1,0.0
url,https://pyscript.net/,1,1,0.0
url,https://www.python.org/downloads/macos/,1,1,0.0
url,https://www.tkdocs.com/shipman/',1,1,0.0
url,https://www.zlib.net/,1,1,0.0
