name,visitors,bounce_rate,visit_duration
Google,681,75,152
Direct / None,349,66,192
Bing,41,74,133
python.org,28,0,397
gstatic.com,15,81,2
chatgpt.com,13,56,348
Yahoo!,10,50,119
udemy.com,10,90,101
cursos.alura.com.br,9,70,142
pucminas.instructure.com,6,50,24
DuckDuckGo,5,100,68
techguide.sh,3,33,60
web.dio.me,3,67,127
Baidu,2,100,0
cdn.evg.gov.br,2,0,332
wiki.python.org,2,0,454
Microsoft Teams,1,0,302
Perplexity,1,100,0
Reddit,1,0,1710
alunos.empowerdata.com.br,1,0,7
conteudo.colaboraread.com.br,1,100,0
cse2.mine.bz,1,100,0
escolavainaweb-com.gitbook.io,1,100,0
ethicalhacker.com.br,1,100,0
hub.asimov.academy,1,100,0
membros.devaprender.com,1,100,0
neps.academy,1,0,88
notion.so,1,0,10
padlet.com,1,100,0
pandas.pydata.org,1,0,909
pyflo.net,1,0,783
python-guide-pt-br.readthedocs.io,1,0,516
searchnowweb.com,1,100,0
