name,unique_entrances,total_entrances,visit_duration
/3.12/,360,376,92
/3.12/tutorial/index.html,236,242,96
/3/,212,212,478
/3.12/using/windows.html,202,206,36
/3.12/whatsnew/3.12.html,157,159,149
/3.12/library/turtle.html,118,128,23
/3.12/library/,117,119,65
/3.12/library/stdtypes.html,113,119,108
/3.12/tutorial/,112,117,149
/3.12/library/functions.html,105,108,156
/3.12/index.html,87,92,122
/3.12/library/2to3.html,81,82,41
/3.12/library/typing.html,81,86,77
/3.12/search.html,69,72,209
/3.12/library/index.html,64,67,571
/3.12/library/datetime.html,56,57,54
/3.12/tutorial/interpreter.html,41,42,61
/zh-cn/3.12/,41,42,39
/3.12/library/os.html,39,39,164
/zh-cn/3.12/tutorial/index.html,34,35,159
/zh-cn/3.12/library/index.html,31,31,148
/3.12/library/exceptions.html,30,30,19
/zh-cn/3/,28,29,267
/3.12/library/tkinter.html,26,27,5
/3.12/tutorial/controlflow.html,26,31,440
/3.12/library/logging.html,25,25,92
/3.12/library/pathlib.html,24,25,219
/3.12/tutorial/introduction.html,24,27,19
/3/library/typing.html,22,22,826
/3.12/library/math.html,19,19,35
/3.12/library/re.html,19,19,28
/3.12/library/subprocess.html,19,19,179
/3.12/reference/datamodel.html,19,21,158
/zh-cn/3.13/,19,19,346
/3.12/download.html,18,18,12
/3.12/installing/index.html,18,18,170
/3.12/library/enum.html,17,19,23
/3.12/library/itertools.html,17,17,1
/3.12/library/random.html,16,17,42
/3.12/tutorial/appetite.html,16,16,112
/3.12/library/asyncio.html,15,15,294
/3.12/library/collections.html,15,15,86
/3.12/tutorial/datastructures.html,15,15,168
/3/search.html,15,15,456
/3/tutorial/index.html,15,15,361
/3.12/library/argparse.html,14,14,231
/3.12/library/io.html,14,14,561
/ko/3.12/library/turtle.html,14,15,1400
/zh-tw/3.12/library/index.html,14,16,94
/3.12/library/os.path.html,13,15,74
/3.12/reference/index.html,13,13,117
/3.12/whatsnew/changelog.html,13,17,45
/3/library/logging.html,13,13,731
/es/3.12/tutorial/index.html,13,13,101
/zh-cn/3.12/using/mac.html,13,13,234
/3.12/library/asyncio-task.html,12,13,855
/3.12/library/time.html,12,12,8
/3/library/functions.html,12,12,1859
/3/library/stdtypes.html,12,12,2551
/zh-cn/3.12/contents.html,12,13,276
/zh-cn/3.12/tutorial/classes.html,12,15,679
/zh-cn/3.12/tutorial/introduction.html,12,12,976
/3.12/contents.html,11,11,95
/3.12/library/functools.html,11,11,111
/3.12/library/telnetlib.html,11,12,0
/3/tutorial/datastructures.html,11,11,877
/ja/3/,11,11,384
/zh-cn/3.12/index.html,11,11,638
/zh-cn/3.12/library/asyncio-task.html,11,11,12
/3.12/glossary.html,10,13,113
/3/library/asyncio.html,10,10,1089
/3/library/datetime.html,10,10,887
/3/library/enum.html,10,10,459
/3/library/index.html,10,10,890
/3/library/venv.html,10,10,346
/zh-cn/3.12/library/multiprocessing.html,10,10,11
/zh-cn/3.12/reference/index.html,10,10,184
/zh-cn/3.12/whatsnew/3.12.html,10,10,223
/3.12/library/sqlite3.html,9,9,44
/3.12/library/venv.html,9,9,1
/3.13/,9,9,246
/3.13/using/windows.html,9,9,686
/3/download.html,9,9,724
/3/library/multiprocessing.html,9,9,952
/3/library/subprocess.html,9,9,375
/3/library/turtle.html,9,9,278
/3/reference/index.html,9,9,1154
/3/whatsnew/3.12.html,9,9,191
/3/whatsnew/3.13.html,9,11,1397
/ko/3.12/library/venv.html,9,9,0
/zh-cn/3.12/library/logging.html,9,9,0
/zh-cn/3.12/library/stdtypes.html,9,9,0
/zh-cn/3.12/tutorial/modules.html,9,9,321
/zh-cn/3.12/using/,9,9,97
/3.12/library/ssl.html,8,9,87
/3.12/library/string.html,8,8,60
/3.12/library/threading.html,8,8,1
/3/library/cgi.html,8,8,115
/3/library/telnetlib.html,8,8,228
/fr/3.12/library/stdtypes.html,8,8,1
/zh-cn/3.12/library/functions.html,8,9,559
/zh-cn/3.12/library/re.html,8,8,0
/zh-cn/3.12/reference/compound_stmts.html,8,8,74
/zh-cn/3.12/search.html,8,9,96
/zh-cn/3.12/tutorial/controlflow.html,8,8,342
/3.12/library/asyncio-eventloop.html,7,7,614
/3.12/library/dataclasses.html,7,7,55
/3.12/library/json.html,7,7,147
/3.12/library/multiprocessing.html,7,7,1184
/3.12/library/sys.html,7,7,609
/3.12/library/unittest.mock.html,7,8,300
/3.12/py-modindex.html,7,9,31
/3.12/tutorial/classes.html,7,7,70
/3/library/dataclasses.html,7,8,334
/3/library/json.html,7,7,439
/3/library/xml.etree.elementtree.html,7,7,208
/es/3.12/tutorial/classes.html,7,7,18
/ja/3.12/,7,7,343
/ja/3.12/library/codecs.html,7,7,1
/ja/3.12/library/index.html,7,11,137
/zh-cn/3.12/library/socket.html,7,7,341
/zh-cn/3.12/tutorial/appetite.html,7,8,788
/zh-cn/3.12/tutorial/datastructures.html,7,7,142
/zh-cn/3.12/tutorial/interpreter.html,7,7,74
/zh-tw/3.12/using/mac.html,7,7,0
/3.12/howto/index.html,6,7,94
/3.12/library/abc.html,6,6,5
/3.12/library/collections.abc.html,6,6,12
/3.12/library/csv.html,6,8,304
/3.12/library/idle.html,6,6,0
/3.12/library/shutil.html,6,6,0
/3.12/library/socket.html,6,6,0
/3.12/library/tkinter.ttk.html,6,6,289
/3.12/library/types.html,6,6,224
/3.12/library/xml.etree.elementtree.html,6,7,1
/3.12/license.html,6,6,284
/3/index.html,6,6,713
/3/library/exceptions.html,6,6,457
/3/library/functools.html,6,6,2278
/3/library/idle.html,6,7,1204
/3/library/math.html,6,6,586
/3/library/unittest.html,6,6,749
/es/3.12/tutorial/interpreter.html,6,6,85
/ja/3.12/library/re.html,6,7,143
/zh-cn/3.12/library/asyncio-eventloop.html,6,6,308
/zh-cn/3.12/library/concurrent.futures.html,6,6,39
/zh-cn/3.12/library/typing.html,6,6,0
/zh-cn/3.12/using/index.html,6,6,2
/zh-cn/3.12/using/windows.html,6,6,0
/3.12/howto/perf_profiling.html,5,5,366
/3.12/library/concurrent.futures.html,5,5,193
/3.12/library/configparser.html,5,5,0
/3.12/library/contextlib.html,5,6,105
/3.12/library/intro.html,5,5,417
/3.12/library/profile.html,5,5,0
/3.12/library/signal.html,5,5,0
/3.12/library/tempfile.html,5,5,63
/3.12/library/unittest.html,5,5,1
/3.12/reference/expressions.html,5,5,402
/3.12/tutorial/errors.html,5,9,7
/3/library/re.html,5,5,324
/3/library/sqlite3.html,5,5,144
/3/library/tkinter.html,5,5,1687
/3/reference/datamodel.html,5,6,1097
/3/tutorial/,5,5,707
/ja/3.12/index.html,5,5,249
/ja/3.12/tutorial/,5,6,222
/ja/3.12/whatsnew/3.0.html,5,5,0
/zh-cn/3.12/download.html,5,5,0
/zh-cn/3.12/installing/,5,5,0
/zh-cn/3.12/library/asyncio.html,5,5,201
/zh-cn/3.12/library/collections.html,5,5,503
/zh-cn/3.12/library/os.html,5,5,16
/zh-cn/3.12/library/pathlib.html,5,5,0
/zh-cn/3.12/reference/datamodel.html,5,5,86
/zh-cn/3.12/tutorial/,5,6,160
/3.12/howto/logging.html,4,4,80
/3.12/library/asyncio-stream.html,4,4,5
/3.12/library/decimal.html,4,4,0
/3.12/library/pipes.html,4,4,205
/3.12/library/tarfile.html,4,4,0
/3.12/tutorial/modules.html,4,4,96
/3.12/tutorial/venv.html,4,4,160
/3.12/using/cmdline.html,4,4,500
/3.12/using/index.html,4,4,40
/3.13/tutorial/index.html,4,4,275
/3/howto/sorting.html,4,4,130
/3/library/argparse.html,4,4,1510
/3/library/concurrent.futures.html,4,4,894
/3/library/csv.html,4,4,3544
/3/library/getpass.html,4,4,262
/3/library/importlib.html,4,4,760
/3/library/itertools.html,4,4,392
/3/library/pathlib.html,4,4,7958
/3/library/pipes.html,4,4,48
/3/library/random.html,4,4,886
/3/library/threading.html,4,4,702
/3/tutorial/appetite.html,4,4,636
/3/tutorial/inputoutput.html,4,4,1481
/es/3.12/using/cmdline.html,4,4,27
/it/3.12/tutorial/,4,4,24
/ja/3.12/library/multiprocessing.shared_memory.html,4,5,699
/ja/3.12/search.html,4,4,1878
/uk/3.12/howto/functional.html,4,4,583
/uk/3.12/library/turtle.html,4,4,0
/zh-cn/3.12/installing/index.html,4,4,46
/zh-cn/3.12/library/__main__.html,4,4,0
/zh-cn/3.12/library/asyncio-runner.html,4,4,0
/zh-cn/3.12/library/ctypes.html,4,4,0
/zh-cn/3.12/library/tempfile.html,4,4,0
/zh-cn/3.12/library/tk.html,4,4,2
/zh-cn/3.12/reference/import.html,4,4,645
/zh-cn/3.13/tutorial/index.html,4,4,404
/zh-cn/3/library/index.html,4,4,618
/zh-cn/3/tutorial/index.html,4,4,1938
/3.12//library/re.html,3,3,0
/3.12/extending/index.html,3,3,64
/3.12/faq/index.html,3,4,0
/3.12/library/__future__.html,3,3,600
/3.12/library/asyncio-queue.html,3,3,16
/3.12/library/asyncio-runner.html,3,3,2132
/3.12/library/asyncio-subprocess.html,3,3,91
/3.12/library/bisect.html,3,3,6
/3.12/library/cgi.html,3,3,0
/3.12/library/codecs.html,3,3,1242
/3.12/library/dis.html,3,3,0
/3.12/library/distutils.html,3,3,24
/3.12/library/hashlib.html,3,3,0
/3.12/library/pprint.html,3,3,51
/3.12/library/queue.html,3,3,0
/3.12/library/struct.html,3,3,0
/3.12/library/tomllib.html,3,3,475
/3.12/library/urllib.parse.html,3,3,271
/3.12/library/zipfile.html,3,4,0
/3.12/reference/compound_stmts.html,3,3,54
/3.12/reference/lexical_analysis.html,3,3,0
/3.12/tutorial/inputoutput.html,3,3,2
/3.12/tutorial/stdlib.html,3,3,44
/3.12/tutorial/stdlib2.html,3,4,858
/3.12/using/mac.html,3,3,10
/3.12/whatsnew/3.11.html,3,3,0
/3.13/index.html,3,3,1034
/3.13/whatsnew/3.13.html,3,3,117
/3.14/whatsnew/3.14.html,3,3,40
/3/faq/,3,3,213
/3/library/abc.html,3,3,0
/3/library/asyncio-eventloop.html,3,3,753
/3/library/os.html,3,3,3200
/3/library/pickle.html,3,3,247
/3/library/queue.html,3,3,81
/3/library/shutil.html,3,3,271
/3/library/tempfile.html,3,3,885
/3/library/traceback.html,3,3,0
/3/library/warnings.html,3,3,131
/3/tutorial/classes.html,3,3,143
/3/tutorial/controlflow.html,3,3,273
/3/tutorial/floatingpoint.html,3,3,262
/3/tutorial/venv.html,3,3,11596
/es/3.12/tutorial/controlflow.html,3,3,96
/fr/3.12/c-api/exceptions.html,3,3,0
/fr/3.12/tutorial/,3,3,598
/fr/3.12/tutorial/controlflow.html,3,4,742
/fr/3.12/tutorial/datastructures.html,3,4,357
/it/3/tutorial/index.html,3,3,202
/ja/3.12/library/stdtypes.html,3,3,137
/ja/3.12/library/urllib.request.html,3,3,126
/ja/3.12/whatsnew/3.12.html,3,3,496
/ja/3.12/whatsnew/index.html,3,3,3236
/ko/3.12/library/index.html,3,3,29
/ko/3/,3,3,17
/pt-br/3.12/howto/regex.html,3,3,0
/pt-br/3.12/library/tkinter.font.html,3,3,901
/zh-cn/3.12/faq/library.html,3,3,0
/zh-cn/3.12/glossary.html,3,3,23
/zh-cn/3.12/library/constants.html,3,3,0
/zh-cn/3.12/library/profile.html,3,4,442
/zh-cn/3.12/library/queue.html,3,3,0
/zh-cn/3.12/library/random.html,3,3,0
/zh-cn/3.12/library/threading.html,3,3,2
/zh-cn/3.12/library/urllib.request.html,3,3,0
/zh-cn/3.12/py-modindex.html,3,3,33
/zh-cn/3.12/tutorial/stdlib.html,3,3,615
/zh-cn/3.12/whatsnew/index.html,3,3,0
/zh-cn/3.13/contents.html,3,3,221
/zh-cn/3/index.html,3,3,80
/zh-cn/3/library/math.html,3,3,634
/zh-cn/3/reference/index.html,3,3,1127
/3.12/c-api/index.html,2,2,44
/3.12/c-api/init.html,2,2,0
/3.12/deprecations/pending-removal-in-3.15.html,2,2,0
/3.12/extending/embedding.html,2,2,0
/3.12/genindex.html,2,2,348
/3.12/howto/curses.html,2,2,2548
/3.12/howto/enum.html,2,2,0
/3.12/library/audioop.html,2,2,0
/3.12/library/constants.html,2,2,0
/3.12/library/contextvars.html,2,2,278
/3.12/library/email.parser.html,2,2,36
/3.12/library/ftplib.html,2,2,0
/3.12/library/gc.html,2,2,0
