name,visitors,bounce_rate,visit_duration
Direct / None,1312,68,218
google.com,517,69,245
python.org,163,78,175
pythoninsider.blogspot.com,75,71,56
bing.com,15,57,249
github.com,15,64,277
w.ketangpai.com,13,77,284
cn.bing.com,12,38,310
duckduckgo.com,10,33,1326
github.com/python/cpython,9,75,182
android-app://com.google.android.googlequicksearchbox,8,100,0
discuss.python.org,8,78,61
infoworld.com/article/3975624/the-best-new-features-and-fixes-in-python-3-14.html,8,100,0
typing-extensions.readthedocs.io/en/latest,7,71,79
yandex.ru,7,75,80
ketangpai.com,6,83,15
qiita.com,6,80,32
baidu.com/link,5,75,557
chatgpt.com,5,0,42
google.com.hk,4,100,0
infoworld.com,4,100,0
peps.python.org,4,50,140
reddit.com,4,50,817
search.brave.com,4,67,711
codecademy.cn,3,0,481
ecosia.org,3,0,596
typing-extensions.readthedocs.io/en/latest/index.html,3,100,0
android-app://com.slack,2,100,0
baidu.com,2,100,0
blog.python.org,2,0,130
doubao.com,2,0,351
facebook.com,2,100,0
forum.djangoproject.com,2,50,8
google.co.uk,2,0,399
google.de,2,0,30
google.se,2,100,0
perplexity.ai,2,50,8
phoronix.com,2,0,29
programmez.com,2,0,42
typing-extensions.readthedocs.io,2,50,62
youtube.com,2,100,0
asv.readthedocs.io,1,0,18
bgithub.xyz,1,100,0
blog.51cto.com/transfer,1,0,226
blog.nelhage.com,1,0,24
boot.dev,1,0,2017
devguide.python.org,1,0,696
docs.pola.rs,1,0,338
drmgrdu.codetantra.com,1,0,24
gemini.google.com,1,100,0
gevent.org/api/gevent.util.html,1,0,626
gihyo.jp,1,0,81
github.com/astral-sh/ruff/issues/15100,1,100,0
github.com/python/cpython/blob/main/InternalDocs/interpreter.md,1,100,0
github.com/python/cpython/tree/main,1,0,3
github.com/python/pymanager,1,0,2102
google.co.jp,1,100,0
google.com.pk,1,0,10
google.com.ua,1,100,0
google.com.vn,1,100,0
google.nl,1,100,0
habr.com/ru/companies/ru_mts/articles/905098,1,0,426
idealab.alibaba-inc.com/ideaTalk,1,0,249
l.workplace.com,1,100,0
learning-next.skillnest.com,1,0,1326
m.baidu.com,1,100,0
ntp.msn.com,1,50,48
python.byted.org,1,0,567
python.org/downloads,1,0,174
python.p2hp.com,1,0,896
pythoninsider.blogspot.com/2025/05/python-3140-beta-1-is-here.html,1,100,0
quora.com,1,0,69
qwant.com,1,0,10374
realpython.com,1,100,0
runoob.com,1,0,85
statics.teams.cdn.office.net,1,100,0
t.co,1,100,0
techug.com,1,100,0
ucertify.com,1,0,38
yandex.com,1,0,21
