name,visitors,pageviews,bounce_rate,time_on_page,scroll_depth
/zh-cn/3/tutorial/index.html,751,944,51,38,61
/zh-cn/3/,568,693,54,14,79
/zh-cn/3.14/,455,543,35,23,79
/zh-cn/3/library/index.html,396,502,53,41,49
/zh-cn/3/library/idle.html,373,496,67,24,33
/zh-cn/3.14/tutorial/index.html,363,443,44,70,65
/zh-cn/3/tutorial/interpreter.html,267,252,67,63,78
/zh-cn/3.15/using/windows.html,265,234,64,49,28
/zh-cn/3/tutorial/controlflow.html,253,267,69,207,51
/zh-cn/3/tutorial/introduction.html,251,253,75,184,58
/zh-cn/3.14/library/index.html,250,313,55,52,53
/zh-cn/3.13/tutorial/index.html,245,339,49,48,61
/zh-cn/3/library/functions.html,223,242,76,63,38
/zh-cn/3/library/turtle.html,209,457,74,202,36
/zh-cn/3/reference/index.html,203,236,51,25,72
/zh-cn/3/library/stdtypes.html,182,188,67,169,42
/zh-cn/3/tutorial/appetite.html,181,166,42,52,87
/zh-cn/3/search.html,180,276,39,27,55
/zh-cn/3.14/tutorial/controlflow.html,173,170,75,177,42
/zh-cn/3.14/library/functions.html,159,162,61,104,42
/zh-cn/3.14/index.html,154,172,53,12,81
/zh-cn/3.14/tutorial/introduction.html,153,145,58,197,65
/zh-cn/3.13/library/idle.html,151,147,80,15,29
/zh-cn/3/using/mac.html,148,148,80,93,49
/zh-cn/3/using/index.html,139,145,62,34,78
/zh-cn/3.14/tutorial/interpreter.html,133,139,53,65,79
/zh-cn/3.14/whatsnew/3.14.html,130,118,79,113,30
/zh-cn/3.14/search.html,128,175,32,19,57
/zh-cn/3.14/library/stdtypes.html,127,136,42,77,43
/zh-cn/3/index.html,126,146,47,22,84
/zh-cn/3.13/,122,135,45,20,77
/zh-cn/3/tutorial/datastructures.html,120,117,71,160,54
/zh-cn/3/glossary.html,114,106,51,41,45
/zh-cn/3/library/math.html,113,119,80,96,39
/zh-cn/3/tutorial/classes.html,112,107,78,134,54
/zh-cn/3.13/tutorial/interpreter.html,111,106,82,103,79
/zh-cn/3.13/library/index.html,106,112,50,20,44
/zh-cn/3.14/tutorial/appetite.html,101,85,28,52,88
/zh-cn/3.14/reference/index.html,98,109,38,29,77
/zh-cn/3/library/,98,118,52,59,44
/zh-cn/3/tutorial/,98,117,53,26,56
/zh-cn/3/contents.html,97,107,47,22,13
/zh-cn/3.14/tutorial/datastructures.html,95,101,59,226,64
/zh-cn/3.14/contents.html,91,79,19,26,11
/zh-cn/3/download.html,91,81,71,19,98
/zh-cn/3/library/venv.html,87,92,91,31,32
/zh-cn/3.14/glossary.html,79,82,50,76,48
/zh-cn/3/library/tkinter.html,78,76,77,97,53
/zh-cn/3.13/using/android.html,77,87,79,21,87
/zh-cn/3.14/download.html,77,68,27,45,98
/zh-cn/3.13/library/functions.html,76,72,75,70,41
/zh-cn/3/reference/datamodel.html,74,74,74,64,49
/zh-cn/3.13/tutorial/controlflow.html,72,81,77,296,62
/zh-cn/3.13/tutorial/introduction.html,72,79,64,186,71
/zh-cn/3.14/tutorial/classes.html,70,64,66,176,56
/zh-cn/3.12/library/index.html,68,108,48,40,55
/zh-cn/3.13/tutorial/appetite.html,66,61,32,109,93
/zh-cn/3/library/multiprocessing.html,66,67,84,109,24
/zh-cn/3/whatsnew/3.14.html,66,67,84,128,28
/zh-cn/3/reference/compound_stmts.html,65,70,65,100,41
/zh-cn/3.12/,64,72,41,11,81
/zh-cn/3.12/tutorial/index.html,62,60,47,14,62
/zh-cn/3.14/installing/index.html,62,52,82,68,73
/zh-cn/3.14/using/index.html,62,62,50,15,84
/zh-cn/3/tutorial/modules.html,62,61,73,121,61
/zh-cn/3/using/windows.html,62,54,63,32,17
/zh-cn/3.13/search.html,59,83,53,41,51
/zh-cn/3/reference/lexical_analysis.html,58,56,81,39,49
/zh-cn/3/installing/index.html,57,47,82,82,74
/zh-cn/3/library/typing.html,56,60,87,91,30
/zh-cn/3.14/using/windows.html,54,47,86,106,33
/zh-cn/3/py-modindex.html,54,53,38,27,53
/zh-cn/3.14/tutorial/modules.html,53,49,60,157,60
/zh-cn/3/library/tk.html,53,65,54,45,63
/zh-cn/3/reference/simple_stmts.html,52,65,50,94,61
/zh-cn/3/library/asyncio-task.html,51,52,85,143,28
/zh-cn/3/library/collections.html,50,50,85,82,53
/zh-cn/3.13/index.html,49,63,29,12,77
/zh-cn/3.13/library/stdtypes.html,49,56,73,125,52
/zh-cn/3.14/tutorial/inputoutput.html,49,42,62,124,58
/zh-cn/3/tutorial/inputoutput.html,48,49,76,114,50
/zh-cn/3/library/asyncio.html,47,54,67,32,70
/zh-cn/3/library/pathlib.html,47,48,86,75,42
/zh-cn/3/library/random.html,46,44,94,87,37
/zh-cn/3.14/reference/datamodel.html,44,47,57,195,50
/zh-cn/3/library/datetime.html,44,40,96,51,33
/zh-cn/3.13/installing/index.html,43,39,89,33,64
/zh-cn/3.14/reference/lexical_analysis.html,43,37,50,159,60
/zh-cn/3/reference/expressions.html,43,44,60,150,56
/zh-cn/3.12/index.html,41,41,36,16,76
/zh-cn/3.14/tutorial/,41,47,53,33,61
/zh-cn/3.14/whatsnew/,41,44,50,10,18
/zh-cn/3/library/logging.html,41,47,92,47,34
/zh-cn/3/library/os.html,41,42,96,64,36
/zh-cn/3/howto/index.html,40,37,17,42,91
/zh-cn/3/library/struct.html,40,42,91,108,59
/zh-cn/3.13/tutorial/datastructures.html,39,44,81,152,47
/zh-cn/3.14/tutorial/venv.html,39,32,50,92,71
/zh-cn/3.15/,39,37,40,6,74
/zh-cn/3/tutorial/errors.html,39,46,73,124,44
