name,visitors
Guangdong,693
Beijing,478
Shanghai,458
Jiangsu,246
California,246
Tokyo,231
Zhejiang,196
Shandong,190
Henan,152
Sichuan,138
Shaanxi,130
Hubei,126
Chongqing,114
Fujian,94
Ho Chi Minh City,91
Hunan,71
Tianjin,69
Kwai Tsing New Territories,66
Hebei,57
Taipei,56
Hanoi,53
Kowloon City Kowloon,42
Anhui,40
Liaoning,40
Yunnan,38
Osaka,35
England,33
Washington,33
Taichung,29
Guangxi,24
Shanxi,24
Gansu,22
New Taipei,19
Jiangxi,18
Selangor,15
Arizona,15
Guizhou,14
Tsuen Wan New Territories,13
Seoul,13
Changhua,13
New York,13
Kuala Lumpur,12
Texas,12
Hesse,11
Jakarta,11
Ontario,10
Da Nang,10
Jilin,9
Île-de-France,9
Yau Tsim Mong Kowloon,9
Nevada,9
Wan Chai Hong Kong Island,8
Illinois,8
Thanh Hóa,8
Haiphong,8
Buenos Aires Province,7
Inner Mongolia,7
Saitama,7
Yunlin,7
Oregon,7
North Rhine-Westphalia,6
New Jersey,6
Thái Nguyên,6
New South Wales,5
Baden-Württemberg,5
Bavaria,5
Central and Western Hong Kong Island,5
Sai Kung New Territories,5
Aichi,5
South Chungcheong,5
Bangkok,5
Kaohsiung,5
Utah,5
São Paulo,4
Heilongjiang,4
Xinjiang,4
Uusimaa,4
Budapest,4
Karnataka,4
Tuscany,4
Massachusetts,4
Virginia,4
Ninh Bình,4
Đồng Nai,4
Buenos Aires,3
Quebec,3
Hainan,3
Maharashtra,3
Chiba,3
Kyoto,3
Johor,3
North Holland,3
Chiang Mai,3
Taoyuan,3
Indiana,3
Michigan,3
Minnesota,3
Gia Lai,3
Hải Dương,3
Dubai,2
Misiones,2
Santa Fe,2
Queensland,2
South Australia,2
Western Australia,2
British Columbia,2
Ningxia,2
Berlin,2
Lower Saxony,2
Thuringia,2
Pichincha,2
Catalonia,2
Hauts-de-France,2
Scotland,2
Eastern Hong Kong Island,2
Wong Tai Sin Kowloon,2
Sha Tin New Territories,2
Yuen Long New Territories,2
West Java,2
Tel Aviv,2
Delhi,2
Hokkaido,2
Gunma,2
Shiga,2
Phnom Penh,2
Incheon,2
Almaty City,2
Malacca,2
Penang,2
South Holland,2
Metro Manila,2
Mazovia,2
Moscow,2
Riyadh,2
Stockholm,2
Hsinchu,2
Alabama,2
Connecticut,2
Georgia,2
Rhode Island,2
Thừa Thiên–Huế,2
Khánh Hòa,2
Sóc Trăng,2
Nam Định,2
Abu Dhabi,1
Chaco,1
San Juan,1
Mendoza,1
Formosa,1
Chubut,1
Vienna,1
Victoria,1
Minas Gerais,1
Pará,1
Pernambuco,1
Rio de Janeiro,1
Rio Grande do Sul,1
Abidjan,1
Tibet,1
Antioquia,1
Quindío,1
Olomouc,1
Bremen,1
Saxony,1
Béjaïa,1
Guayas,1
Santo Domingo de los Tsáchilas,1
Tungurahua,1
Balearic Islands,1
Valencian Community,1
Auvergne-Rhône-Alpes,1
Kwun Tong Kowloon,1
Tuen Mun New Territories,1
Aceh,1
Banten,1
East Java,1
North Sulawesi,1
Yogyakarta,1
Leinster,1
Kerala,1
Tamil Nadu,1
West Bengal,1
Piedmont,1
Kanagawa,1
Hyogo,1
Nagasaki,1
Gyeonggi,1
North Gyeongsang,1
Mangystau,1
Riga,1
Tangier-Tétouan,1
Querétaro,1
Perak,1
Auckland,1
Waikato,1
Panamá,1
Central Luzon,1
Chelyabinsk,1
Moscow Province,1
Saint Petersburg,1
Tyumen,1
Makkah,1
Nakhon Pathom,1
Istanbul,1
Hsinchu County,1
Tainan,1
Florida,1
Hawaii,1
Maryland,1
Ohio,1
Pennsylvania,1
Lara,1
Yên Bái,1
Quảng Ngãi,1
Tây Ninh,1
Bà Rịa–Vũng Tàu,1
Vĩnh Long,1
Hà Nam,1
Hưng Yên,1
Can Tho,1
Gauteng,1
