name,version,visitors
Chrome,141.0,138
Microsoft Edge,141.0,46
Firefox,144.0,21
Chrome,140.0,11
Opera,122.0,9
Safari,26.0,8
Chrome,138.0,7
Safari,18.6,4
Chrome,134.0,3
Avira Secure Browser,140.0,3
Safari,15.6,3
Huawei Browser Mobile,16.0,3
Microsoft Edge,109.0,2
Firefox,115.0,2
Chrome,126.0,2
Chrome,135.0,2
Chrome,137.0,2
CCleaner,140.0,2
Safari,17.4,2
Safari,18.5,2
Safari,18.7,2
Safari,26.2,2
Mobile App,(not set),1
Microsoft Edge,108.0,1
Chrome,109.0,1
Microsoft Edge,112.0,1
Chrome,118.0,1
Chrome,120.0,1
Chrome,131.0,1
Avast Secure Browser,140.0,1
Firefox,143.0,1
Safari,16.5,1
Safari,16.6,1
Yandex Browser,25.8,1
DuckDuckGo Privacy Browser,7,1
