name,visitors,bounce_rate,visit_duration
Direct / None,160,60,244
google.com,95,72,176
python.org,16,0,727
duckduckgo.com,5,67,103
google.it,5,58,440
chatgpt.com,4,50,146
bing.com,3,67,32
python.it,2,0,78
wiki.python.org,2,0,147
classroom.google.com,1,100,0
cs50.harvard.edu,1,0,36
ecosia.org,1,100,0
elearning.unimib.it,1,0,20
file.didattica.polito.it,1,0,339
peps.python.org,1,0,11
pythoninsider.blogspot.com,1,0,287
r.search.yahoo.com/_ylt=Awr.rFXYOPloJQIAW.7c5olQ;_ylu=Y29sbwNpcjIEcG9zAzUEdnRpZAMEc2VjA3Ny/RV=2/RE=1762373081/RO=10/RU=https%3a%2f%2fdocs.python.org%2fit%2f3%2ftutorial%2fclasses.html/RK=2/RS=5cSHFUxlQIBinUQWOCSHUWsn56s-,1,100,0
training.olicyber.it,1,0,77
