name,visitors,bounce_rate,visit_duration
Direct / None,3561,65,222
cn.bing.com,685,70,122
baidu.com/link,451,80,108
google.com,424,77,104
python.org,120,0,450
bing.com,91,69,116
baidu.com,83,74,61
codecademy.cn,76,47,346
google.com.hk,74,79,49
m.baidu.com,46,76,66
link.zhihu.com,37,76,30
chatgpt.com,22,72,95
doubao.com,22,68,196
link.csdn.net,19,87,182
yz.m.sm.cn/s,11,100,0
so.com/link,10,91,3
python.p2hp.com,8,0,209
runoob.com,6,100,0
codecademy.cn/tutorial/python,5,0,377
yuanbao.tencent.com,5,50,362
gemini.google.com,4,100,0
leetcode.cn,4,100,0
acwing.com,3,100,0
c.biancheng.net/view/4208.html,3,67,1
cloud.tencent.com/developer/tools/blog-entry,3,0,226
docs.pingcode.com,3,0,568
tongyi.com,3,100,0
yandex.com,3,100,0
anjingcuc.github.io,2,100,0
askmany.cn,2,50,858
c.biancheng.net,2,50,6
cd.xrnm.xyz,2,100,0
chat.baidu.com,2,50,366
google.com.tw,2,100,847
heeee.com,2,100,0
m.baidu.com/from=1001192y/bd_page_type=1/ssid=0/uid=0/pu=usm%405%2Csz%401320_1001%2Cta%40iphone_2_12.0_28_16.0/baiduid=2D9649F769A9D62A643331F9D676444D/w=0_10_/t=iphone/l=1/tc,2,50,0
m.baidu.com/from=1013966u/bd_page_type=1/ssid=0/uid=0/pu=usm%400%2Csz%401320_1001%2Cta%40iphone_2__24_131.0/baiduid=330B485C5C0438767885DD73D874602F/w=0_10_/t=iphone/l=1/tc,2,100,0
m.baidu.com/from=1013966u/bd_page_type=1/ssid=0/uid=0/pu=usm%401%2Csz%401320_1001%2Cta%40iphone_2_14.0_19_25.2/baiduid=0B802511D19339D87B10BFA4DFF5D46B/w=0_10_/t=iphone/l=1/tc,2,0,1540
m.baidu.com/from=1020761f/bd_page_type=1/ssid=0/uid=0/pu=usm%400%2Csz%401320_1001%2Cta%40iphone_2_11.0_19_25.3/baiduid=E1DA35D6669FF9EC458609FEFB2BE203/w=0_10_/t=iphone/l=1/tc,2,100,0
m.baidu.com/from=1022282z/bd_page_type=1/ssid=0/uid=0/pu=usm%400%2Csz%401320_1001%2Cta%40iphone_2_13.0_24_103.0/baiduid=309CD781659EA95583E120C9C9C47FAA/w=0_10_/t=iphone/l=1/tc,2,100,0
m.baidu.com/from=1040570h/bd_page_type=1/ssid=0/uid=0/pu=usm%400%2Csz%401320_1001%2Cta%40iphone_2_14.0_24_126.0/baiduid=8871778E95BF9B6B91403B4862AAC73B/w=0_10_/t=iphone/l=1/tc,2,50,6
m.baidu.com/s,2,50,14
notebooks.githubusercontent.com,2,0,220
ntp.msn.com,2,50,172
python.p2hp.com/doc/index.html,2,0,22
vip.tulingpyton.cn,2,100,0
8kmm.com/go,1,0,20
aisearch.sogou.com/link,1,0,68
biaodianfu.com,1,100,0
blog.csdn.net/weixin_39335999/article/details/128854165,1,100,0
blog.csdn.net/weixin_42399800/article/details/143822422,1,100,0
blog.csdn.net/xiaoxiaole0313/article/details/107754551,1,100,0
bookstack.cn,1,0,5
chat.doltrans.com,1,0,554
chatweb.realtek.com,1,0,729
cht18.aichatosclx.com,1,0,236
cn.bing.com/search,1,100,0
cnblogs.com,1,100,0
coco.chatopens.vip,1,100,0
codemao.yuque.com/kzbwh0/turtle__guide/fk23qp,1,0,260
codernav.com,1,0,204
courses.edx.org,1,0,21
courses.gdut.edu.cn,1,100,0
doubao.com/chat/12049673139151106,1,100,0
duckduckgo.com,1,100,0
elearn.waikato.ac.nz,1,0,32
fastapi.tiangolo.com,1,0,1
github.com,1,100,0
github.com/JoeanAmier/TikTokDownloader/blob/master/docs/DouK-Downloader%E6%96%87%E6%A1%A3.md,1,100,0
github.com/TransparentLC/realesrgan-gui/issues/91,1,100,0
github.com/python-trio/trio,1,0,24
github.com/python/cpython/tree/3.14,1,0,162
github.com/selfteaching/the-craft-of-selfteaching/blob/master/markdown/Part.1.B.why.start.from.learning.coding.md,1,100,0
github.com/unicornx/bm4duo/blob/main/docs/develop-windows.md,1,100,0
github.com/xiaolai/xiaolai.github.io/tree/master/the-craft-of-selfteaching,1,100,0
gpt.sesametest.co,1,100,0
hk.search.yahoo.com,1,100,0
kq4b3vgg5b.feishu.cn,1,100,0
liaoxuefeng.com,1,0,0
link.segmentfault.com,1,100,0
lixiaolai.com,1,0,208
m.baidu.com/from=0/bd_page_type=1/ssid=0/uid=0/pu=usm%400%2Csz%401320_1001%2Cta%40iphone_2_13.0_22_6.0/baiduid=ACA65A8441798CF4CFE7861072594ED4/w=0_10_/t=iphone/l=1/tc,1,100,0
m.baidu.com/from=0/bd_page_type=1/ssid=0/uid=0/pu=usm%403%2Csz%401320_1001%2Cta%40iphone_2_13.0_22_6.0/baiduid=ACA65A8441798CF4CFE7861072594ED4/w=0_10_/t=iphone/l=1/tc,1,100,0
m.baidu.com/from=1000969a/bd_page_type=1/ssid=0/uid=0/pu=usm%400%2Csz%401320_1001%2Cta%40iphone_2_12.0_29_114.0/baiduid=8F9C4CEE8E172A7480E60F6134807875/w=0_10_/t=iphone/l=1/tc,1,100,0
m.baidu.com/from=1001192y/bd_page_type=1/ssid=0/uid=0/pu=sz%401320_1001%2Cta%40iphone_2_10.0_28_16.0%2Cusm%400/baiduid=2D3D6EE75CF0CCB84028C6A2D4442E38/w=0_10_/t=iphone/l=1/tc,1,0,0
m.baidu.com/from=1001192y/bd_page_type=1/ssid=0/uid=0/pu=usm%400%2Csz%401320_1001%2Cta%40iphone_2_10.0_28_16.0/baiduid=10C2DA661A97E418C3F69A69E28CCBFC/w=0_10_/t=iphone/l=1/tc,1,100,0
m.baidu.com/from=1001192y/bd_page_type=1/ssid=0/uid=0/pu=usm%400%2Csz%401320_1001%2Cta%40iphone_2_10.0_28_16.0/baiduid=F20AA0A7FAA2743234FF71A3AB5D4C2D/w=0_10_/t=iphone/l=1/tc,1,100,0
m.baidu.com/from=1001192y/bd_page_type=1/ssid=0/uid=0/pu=usm%400%2Csz%401320_1001%2Cta%40iphone_2_10.0_28_16.0/baiduid=FCBE6462A52AFA8E16133C54BF5DEE7D/w=0_10_/t=iphone/l=1/tc,1,100,0
m.baidu.com/from=1001192y/bd_page_type=1/ssid=0/uid=0/pu=usm%400%2Csz%401320_1001%2Cta%40iphone_2_12.0_28_16.0/baiduid=5FDDF527AD530524D344EF5220C3C721/w=0_10_/t=iphone/l=1/tc,1,0,0
m.baidu.com/from=1001192y/bd_page_type=1/ssid=0/uid=0/pu=usm%400%2Csz%401320_1001%2Cta%40iphone_2_12.0_28_16.0/baiduid=D4AA26B36E484EB36010357A7463D8E8/w=0_10_/t=iphone/l=1/tc,1,100,0
m.baidu.com/from=1001192y/bd_page_type=1/ssid=0/uid=0/pu=usm%401%2Csz%401320_1001%2Cta%40iphone_2_12.0_28_16.0/baiduid=6E533ABA30EA7262489DAD520802FEBF/w=0_10_/t=iphone/l=1/tc,1,100,0
m.baidu.com/from=1001192y/bd_page_type=1/ssid=0/uid=0/pu=usm%401%2Csz%401320_1001%2Cta%40iphone_2_12.0_28_16.0/baiduid=74E1F8486A3FCFB9A8F0C5EB4B0B719A/w=0_10_/t=iphone/l=1/tc,1,100,0
m.baidu.com/from=1001192y/bd_page_type=1/ssid=0/uid=0/pu=usm%402%2Csz%401320_1001%2Cta%40iphone_2_10.0_28_16.0/baiduid=0B17320FAEDFFA571FF455E653F7A94F/w=0_10_/t=iphone/l=1/tc,1,100,0
m.baidu.com/from=1001192y/bd_page_type=1/ssid=0/uid=0/pu=usm%402%2Csz%401320_1001%2Cta%40iphone_2_12.0_28_12.0/baiduid=4F4343C6D55CC58CC624CB52097F7B74/w=0_10_/t=iphone/l=1/tc,1,100,0
m.baidu.com/from=1001192y/bd_page_type=1/ssid=0/uid=0/pu=usm%402%2Csz%401320_1001%2Cta%40iphone_2_12.0_28_16.0/baiduid=5291861537FAC6BD98B8FC4958174509/w=0_10_/t=iphone/l=1/tc,1,0,1
m.baidu.com/from=1001192y/bd_page_type=1/ssid=0/uid=0/pu=usm%403%2Csz%401320_1001%2Cta%40iphone_2_12.0_28_16.0/baiduid=3B03CEBDC3F522133D30C6DBE91830C7/w=0_10_/t=iphone/l=1/tc,1,0,0
m.baidu.com/from=1001192y/bd_page_type=1/ssid=0/uid=0/pu=usm%404%2Csz%401320_1001%2Cta%40iphone_2_12.0_28_12.1/baiduid=C8C61402AC77EB1668BD7C8FB84626F6/w=0_10_/t=iphone/l=1/tc,1,0,46
m.baidu.com/from=1001703a/bd_page_type=1/ssid=0/uid=0/pu=usm%400%2Csz%401320_1001%2Cta%40iphone_2_15.0_18_40.9/baiduid=B5FD610BFF33EF9E9831A4AE0E777333/w=0_10_/t=iphone/l=1/tc,1,0,30
m.baidu.com/from=1001703a/bd_page_type=1/ssid=0/uid=0/pu=usm%400%2Csz%401320_1001%2Cta%40iphone_2_9.0_18_20.9/baiduid=FECB25C8B57E21A6A66F6DE7BD5EE09B/w=30_10_/t=iphone/l=1/tc,1,100,0
m.baidu.com/from=1001703a/bd_page_type=1/ssid=0/uid=0/pu=usm%404%2Csz%401320_1001%2Cta%40iphone_2_15.0_18_40.9/baiduid=5C5EC5F807B1B7FC4136234D22EB9D55/w=0_10_/t=iphone/l=1/tc,1,100,0
m.baidu.com/from=1001703y/bd_page_type=1/ssid=0/uid=0/pu=usm%404%2Csz%401320_1001%2Cta%40iphone_2_15.0_18_40.9/baiduid=F1E730ED9255C93BFD48A8DF1F303A93/w=0_10_/t=iphone/l=1/tc,1,100,0
m.baidu.com/from=1012852q/bd_page_type=1/ssid=0/uid=0/pu=usm%400%2Csz%401320_1004%2Cta%40iphone_2_14.0_11_18.2/baiduid=719FD3DA17C10C4F3C2737B3B7D1B939/w=0_10_/t=iphone/l=1/tc,1,100,0
m.baidu.com/from=1012852q/bd_page_type=1/ssid=0/uid=0/pu=usm%400%2Csz%401320_1004%2Cta%40iphone_2_15.0_11_19.5/baiduid=028603638880DEA0A3B88C008B983B9F/w=0_10_/t=iphone/l=1/tc,1,100,0
m.baidu.com/from=1012852q/bd_page_type=1/ssid=0/uid=0/pu=usm%401%2Csz%401320_1004%2Cta%40iphone_2_10.0_11_19.5/baiduid=075FFCAB77EA9163A7816C7BABDD4E3E/w=0_10_/t=iphone/l=1/tc,1,100,0
m.baidu.com/from=1012852q/bd_page_type=1/ssid=0/uid=0/pu=usm%403%2Csz%401320_1004%2Cta%40iphone_2_13.0_11_19.7/baiduid=24AB052CE1A46C1E135B0FC9E0BBBA0E/w=0_10_/t=iphone/l=1/tc,1,0,35
m.baidu.com/from=1012852q/bd_page_type=1/ssid=0/uid=0/pu=usm%403%2Csz%401320_1004%2Cta%40iphone_2_15.0_11_19.8/baiduid=1480C167E61A119AFA5D497DC9C2A484/w=0_10_/t=iphone/l=1/tc,1,0,0
m.baidu.com/from=1012852q/bd_page_type=1/ssid=0/uid=0/pu=usm%404%2Csz%401320_1004%2Cta%40iphone_2_14.0_11_19.7/baiduid=F2285DB0255C0AAED87CA470A15E9C73/w=0_10_/t=iphone/l=1/tc,1,100,0
m.baidu.com/from=1012852q/bd_page_type=1/ssid=0/uid=0/pu=usm%404%2Csz%401320_1004%2Cta%40iphone_2_15.0_11_19.2/baiduid=FF19D5D6227407D75E6075B28E19FCD2/w=0_10_/t=iphone/l=1/tc,1,100,0
m.baidu.com/from=1013966u/bd_page_type=1/ssid=0/uid=0/pu=sz%401320_1001%2Cta%40iphone_2_11.0_19_25.3%2Cusm%400/baiduid=0E656DDDE689655687BC5604EE6FDC51/w=0_10_/t=iphone/l=1/tc,1,100,0
m.baidu.com/from=1013966u/bd_page_type=1/ssid=0/uid=0/pu=usm%400%2Csz%401320_1001%2Cta%40iphone_2_15.0_19_25.2/baiduid=C9A9B9C4C0C3880442FD3EC1969809C7/w=0_10_/t=iphone/l=1/tc,1,100,0
m.baidu.com/from=1013966u/bd_page_type=1/ssid=0/uid=0/pu=usm%401%2Csz%401320_1001%2Cta%40iphone_2_14.0_19_25.2/baiduid=219C574B26C5D7F2C5BA62609073EB69/w=0_10_/t=iphone/l=1/tc,1,0,7
m.baidu.com/from=1013966u/bd_page_type=1/ssid=0/uid=0/pu=usm%402%2Csz%401320_1001%2Cta%40iphone_2_15.0_19_24.1/baiduid=AF83054F80FF6E24AC683765538FFCD0/w=0_10_/t=iphone/l=1/tc,1,0,244
m.baidu.com/from=1013966u/bd_page_type=1/ssid=0/uid=0/pu=usm%402%2Csz%401320_1001%2Cta%40iphone_2_15.0_19_24.8/baiduid=DCF06EABCD5C32E869006BC2BE8A18DB/w=0_10_/t=iphone/l=1/tc,1,100,0
m.baidu.com/from=1013966u/bd_page_type=1/ssid=0/uid=0/pu=usm%404%2Csz%401320_1001%2Cta%40iphone_2_15.0_19_24.6/baiduid=88123FBFBC9683158DFC5CF00D81473A/w=0_10_/t=iphone/l=1/tc,1,100,0
m.baidu.com/from=1014610q/bd_page_type=1/ssid=0/uid=0/pu=cua%40gP2lfyaO-ig4NE6lI5me6NN0v8oIu-I4_C2H8yaN2iqlC%2Cosname%40baiduboxapp%2Ccfrom%401014610q%2Ccen%40cuid_cua_cut%2Ccuid%40li2iu_aO280Vu2iSj8vv8gPq2fjNP2tSgiBSf0ugHi8jkS8v0828MMywA%2Cctv%402%2Cc3_aid%40A00-QZW2TTURARG6TVSOBOGNFB6JZURCI3H5-IPKNMBU3%2Ccsrc%40home_box_txt%2Csz%401320_480%2Cusm%400%2Cvmgdb%400020100228y/baiduid=8A165308A4307804DB3D8D45B8B45F9D/w=0_10_/t=zbios/l=1/tc,1,0,1140
m.baidu.com/from=1015011n/bd_page_type=1/ssid=0/uid=0/pu=usm%400%2Csz%401320_1001%2Cta%40iphone_2_11.0_24_90.0/baiduid=154E22D4478754657DDA46491441C0B0/w=0_10_/t=iphone/l=1/tc,1,0,0
m.baidu.com/from=1015011n/bd_page_type=1/ssid=0/uid=0/pu=usm%400%2Csz%401320_1001%2Cta%40iphone_2_13.0_24_116.0/baiduid=6ACF5B2B7D371CFC43934B8CEB093F90/w=0_10_/t=iphone/l=1/tc,1,100,0
m.baidu.com/from=1015011n/bd_page_type=1/ssid=0/uid=0/pu=usm%405%2Csz%401320_1001%2Cta%40iphone_2_15.0_24_130.0/baiduid=999AC56D79539E148D3DBEFEBCEB5D1C/w=0_10_/t=iphone/l=1/tc,1,100,0
m.baidu.com/from=1019311v/bd_page_type=1/ssid=0/uid=0/pu=usm%400%2Csz%401320_1001%2Cta%40iphone_2_13.0_19_25.1/baiduid=739D9697AF9D2EE07C85C5BD775DD389/w=0_10_/t=iphone/l=1/tc,1,100,0
m.baidu.com/from=1019311v/bd_page_type=1/ssid=0/uid=0/pu=usm%405%2Csz%401320_1001%2Cta%40iphone_2_15.0_19_25.1/baiduid=DD02E8F908F6168BB988E27BC2DAB5F8/w=0_10_/t=iphone/l=1/tc,1,100,0
m.baidu.com/from=1019311v/bd_page_type=1/ssid=0/uid=0/pu=usm%405%2Csz%401320_1001%2Cta%40iphone_2_15.0_19_25.2/baiduid=E3CEF085E2DA38383B4F739F4A361967/w=0_10_/t=iphone/l=1/tc,1,100,0
m.baidu.com/from=1020761f/bd_page_type=1/ssid=0/uid=0/pu=usm%400%2Csz%401320_1001%2Cta%40iphone_2_11.0_19_25.3/baiduid=8C6332840A9A223D6E76D85475F0A5EB/w=0_10_/t=iphone/l=1/tc,1,0,1003
m.baidu.com/from=1020761f/bd_page_type=1/ssid=0/uid=0/pu=usm%400%2Csz%401320_1001%2Cta%40iphone_2_14.0_19_25.3/baiduid=3C2711222F54CBE35559A9D735B6CB22/w=0_10_/t=iphone/l=1/tc,1,100,0
m.baidu.com/from=1020761f/bd_page_type=1/ssid=0/uid=0/pu=usm%400%2Csz%401320_1001%2Cta%40iphone_2_8.1_19_25.3/baiduid=D4C07BA26A068EDDD10F3A5BA090720A/w=0_10_/t=iphone/l=1/tc,1,100,0
m.baidu.com/from=1022282z/bd_page_type=1/ssid=0/uid=0/pu=usm%401%2Csz%401320_1001%2Cta%40iphone_2_15.0_24_137.0/baiduid=F1342E51D11EC418B7FC6FC22AAE2CB6/w=0_10_/t=iphone/l=1/tc,1,0,727
m.baidu.com/from=1022282z/bd_page_type=1/ssid=0/uid=0/pu=usm%404%2Csz%401320_1001%2Cta%40iphone_2_13.0_24_120.0/baiduid=1D13E50E71171472C52396A99030E0F9/w=0_10_/t=iphone/l=1/tc,1,0,0
m.baidu.com/from=1022282z/bd_page_type=1/ssid=0/uid=0/pu=usm%405%2Csz%401320_1001%2Cta%40iphone_2_7.0_24_52.0/baiduid=78A6C3C2867706DFAF2B84C7DC8CB1B5/w=0_10_/t=iphone/l=1/tc,1,0,0
m.baidu.com/from=1024043p/bd_page_type=1/ssid=0/uid=0/pu=usm%406%2Csz%401320_220%2Cta%40iphone_5_5.0_28_5.1/baiduid=49CD815678FF39E25B49EED465FEDDAC/w=0_10_/t=iphone/l=1/tc,1,100,0
m.baidu.com/from=1030335a/bd_page_type=1/ssid=0/uid=0/pu=usm%403%2Csz%401320_1001%2Cta%40iphone_2_15.0_24_131.0/baiduid=CDEB0CD4F22E4904AE78E2CA64D2B51E/w=0_10_/t=iphone/l=1/tc,1,100,0
m.baidu.com/from=1040570h/bd_page_type=1/ssid=0/uid=0/pu=usm%400%2Csz%401320_1001%2Cta%40iphone_2_15.0_24_130.0/baiduid=FAF13384C6D416F284D390C9385CD26C/w=0_10_/t=iphone/l=1/tc,1,0,2329
m.baidu.com/from=1040570h/bd_page_type=1/ssid=0/uid=0/pu=usm%400%2Csz%401320_1001%2Cta%40iphone_2_9.0_24_92.0/baiduid=655E018D21CA02424970EC4B08D67DC1/w=0_10_/t=iphone/l=1/tc,1,100,0
m.baidu.com/from=1086k/bd_page_type=1/ssid=0/uid=0/pu=usm%401%2Csz%401320_1002%2Cta%40iphone_2_13.0_2_19.1/baiduid=45D85DE4E8C254D9C4D69B7582032F06/w=0_10_/t=iphone/l=1/tc,1,100,0
m.baidu.com/from=2001p/bd_page_type=1/ssid=0/uid=0/pu=usm%400%2Csz%401320_1004%2Cta%40iphone_2_15.0_35_7.13/baiduid=041620210BAFE32102DA10145B7835E6/w=0_10_/t=iphone/l=1/tc,1,0,21
m.baidu.com/from=844b/bd_page_type=1/ssid=0/uid=0/pu=usm%400%2Csz%401320_1001%2Cta%40iphone_2_10.0_24_137.0/baiduid=840D52423226CDF1A2E421CE2B11632F/w=0_10_/t=iphone/l=1/tc,1,100,0
m.baidu.com/from=844b/bd_page_type=1/ssid=0/uid=0/pu=usm%400%2Csz%401320_1004%2Cta%40iphone_2_10.0_33_138.0/baiduid=5097BB5B1E6700769ED758B86863117A/w=0_10_/t=iphone/l=1/tc,1,0,11
m.baidu.com/from=844b/bd_page_type=1/ssid=0/uid=0/pu=usm%403%2Csz%401320_1001%2Cta%40iphone_2_12.0_24_97.0/baiduid=6A0D4C297C0E9E0C1BB1F76005FD9F64/w=10_10_/t=iphone/l=1/tc,1,0,113
m.bbs.360.cn,1,100,0
m.runoob.com,1,0,53
m.so.com,1,0,157
m.so.com/s,1,100,0
modevol.com,1,0,800
n.cn,1,0,158
notion.so,1,100,0
ntp.msn.cn,1,0,4042
openai.github.io,1,0,273
pip.pypa.io/en/stable/installation,1,0,214
python.org/doc,1,0,93
python.org/psf-landing,1,0,106
quark.cn/s/Kkpu7vzrfx13akeU0q,1,0,33
quark.cn/s/LFAM124jwrZHpvynGH,1,100,0
reddit.com,1,0,1709
run-html-chat.deepseeksvc.com/usercontent/usercontent.html,1,0,723
runoob.com/python3/python3-stdlib.html,1,0,709
so.com,1,0,69
sogou.com,1,100,0
sogou.com/link,1,100,0
time.geekbang.org/course/detail/100310001-606202,1,100,0
tongyi.com/qianwen,1,0,8
tradingstrategy.ai,1,0,0
udemy.com,1,0,13
wm.m.sm.cn/s,1,100,0
xue8nav.com/1545.html,1,100,0
yuanbao.tencent.com/chat/naQivTmsDa/3e49fbe3-af2b-47cb-96ef-a562142fa4c7,1,0,2253
yuque.com,1,100,0
