name,visitors,pageviews,bounce_rate,time_on_page,scroll_depth
/ja/3/library/functions.html,301,342,76,69,47
/ja/3/library/index.html,277,361,60,39,48
/ja/3/library/stdtypes.html,220,255,76,64,35
/ja/3/tutorial/,220,326,50,30,54
/ja/3/,218,291,51,13,75
/ja/3/tutorial/index.html,159,195,48,34,59
/ja/3.13/tutorial/,148,228,55,23,55
/ja/3/library/datetime.html,135,142,89,53,45
/ja/3/tutorial/interpreter.html,121,123,71,64,74
/ja/3/tutorial/controlflow.html,112,134,63,179,50
/ja/3/search.html,108,184,29,15,48
/ja/3/library/random.html,106,117,82,78,36
/ja/3/tutorial/introduction.html,105,125,72,148,57
/ja/3/tutorial/appetite.html,99,94,58,57,79
/ja/3/tutorial/datastructures.html,94,109,76,121,49
/ja/3/library/pathlib.html,92,99,84,48,39
/ja/3/library/os.html,85,87,73,25,36
/ja/3/library/subprocess.html,85,90,89,21,31
/ja/3/library/typing.html,83,91,75,21,34
/ja/3.13/library/re.html,81,83,92,67,34
/ja/3/library/re.html,80,79,88,97,38
/ja/3.13/library/stdtypes.html,76,76,72,40,26
/ja/3/library/logging.html,75,91,76,716,37
/ja/3/library/argparse.html,74,79,81,43,28
/ja/3/library/exceptions.html,69,74,78,42,48
/ja/3/library/math.html,68,83,83,47,43
/ja/3.14/,65,64,41,10,75
/ja/3/library/venv.html,65,71,90,23,26
/ja/3/tutorial/errors.html,65,69,85,77,38
/ja/3/library/time.html,61,65,91,57,36
/ja/3/reference/introduction.html,61,63,92,13,48
/ja/3/tutorial/inputoutput.html,60,55,77,76,50
/ja/3.13/library/logging.html,59,59,84,56,35
/ja/3/tutorial/classes.html,58,59,84,151,47
/ja/3.13/tutorial/interpreter.html,57,67,29,79,64
/ja/3/library/csv.html,55,57,88,32,49
/ja/3/reference/index.html,55,55,33,16,65
/ja/3.13/library/index.html,54,62,57,89,51
/ja/3.13/tutorial/controlflow.html,53,62,83,226,52
/ja/3/library/os.path.html,52,59,79,49,48
/ja/3/tutorial/modules.html,51,53,78,111,49
/ja/3/index.html,50,58,50,9,73
/ja/3.13/tutorial/inputoutput.html,49,46,80,39,60
/ja/3/glossary.html,49,44,43,89,43
/ja/3/library/sqlite3.html,49,51,87,57,20
/ja/3/library/tkinter.html,49,48,87,27,34
/ja/3/contents.html,45,42,62,19,12
/ja/3.13/tutorial/appetite.html,44,38,27,78,86
/ja/3.14/tutorial/index.html,44,54,50,56,55
/ja/3/howto/sorting.html,44,46,86,50,30
/ja/3/library/threading.html,44,43,76,34,29
/ja/3.13/library/enum.html,43,44,77,28,28
/ja/3/library/multiprocessing.html,40,43,79,21,17
/ja/3/c-api/bytes.html,39,42,94,3,34
/ja/3/library/io.html,39,41,64,38,36
/ja/3.13/tutorial/introduction.html,38,48,62,238,61
/ja/3.13/library/dataclasses.html,37,36,91,25,36
/ja/3/installing/index.html,37,37,97,39,57
/ja/3/library/xml.etree.elementtree.html,36,45,88,148,46
/ja/3/using/cmdline.html,36,39,76,31,24
/ja/3/library/string.html,35,32,90,25,30
/ja/3.13/library/functions.html,34,33,69,87,45
/ja/3.13/library/multiprocessing.html,34,36,74,38,18
/ja/3.14/whatsnew/3.14.html,34,38,50,77,35
/ja/3/library/socket.html,34,35,90,16,22
/ja/3/using/windows.html,34,33,85,33,21
/ja/3/library/collections.html,33,37,81,79,35
/ja/3/library/json.html,33,32,81,22,31
/ja/3.13/library/typing.html,32,33,95,26,31
/ja/3.13/tutorial/index.html,31,37,55,41,57
/ja/3.13/tutorial/modules.html,31,28,79,118,48
/ja/3.13/library/json.html,30,28,86,18,30
/ja/3.13/tutorial/datastructures.html,30,36,69,82,47
/ja/3.13/reference/index.html,29,35,62,17,70
/ja/3.13/search.html,29,46,32,14,39
/ja/3/library/mmap.html,29,29,89,3,26
/ja/3/library/unittest.html,28,33,65,40,37
/ja/3/reference/compound_stmts.html,28,28,76,28,28
/ja/3/reference/datamodel.html,27,34,81,54,65
/ja/3/tutorial/venv.html,27,25,100,17,55
/ja/3.13/library/decimal.html,26,28,96,14,7
/ja/3.13/library/itertools.html,26,33,82,37,24
/ja/3.13/tutorial/errors.html,26,23,86,184,52
/ja/3/library/asyncio-task.html,26,28,71,59,31
/ja/3/library/difflib.html,26,27,89,61,36
/ja/3/library/unittest.mock.html,26,32,80,18,18
/ja/3.13/,25,35,43,6,73
/ja/3/library/codecs.html,25,24,88,23,54
/ja/3/library/configparser.html,24,26,79,40,35
/ja/3/library/decimal.html,24,21,89,42,16
/ja/3/library/functools.html,24,21,87,61,47
/ja/3/library/itertools.html,24,24,72,16,26
/ja/3/py-modindex.html,24,25,33,71,55
/ja/3/reference/expressions.html,24,23,60,25,71
/ja/3.13/bugs.html,23,27,73,2,46
/ja/3.13/library/datetime.html,23,19,90,86,27
/ja/3.13/library/http.server.html,23,23,95,23,44
/ja/3.13/using/windows.html,23,22,69,54,28
/ja/3/library/pickle.html,23,26,71,32,23
/ja/3/whatsnew/index.html,23,31,33,48,16
