name,visitors,pageviews,bounce_rate,time_on_page,scroll_depth
/3.14/whatsnew/3.14.html,2692,2942,74,44,14
/3.14/using/windows.html,2583,2892,70,32,14
/3.14/tutorial/index.html,2574,2809,66,240,47
/3.14/,1566,1838,45,14,78
/3.14/index.html,795,776,57,28,73
/zh-cn/3.14/,487,570,39,23,79
/zh-cn/3.14/tutorial/index.html,408,492,51,42,64
/3.14/tutorial/interpreter.html,404,378,72,64,72
/3.14/tutorial/appetite.html,389,338,53,70,86
/3.14/tutorial/,370,380,62,56,55
/3.14/search.html,331,440,47,19,60
/3.14/library/index.html,283,342,44,1936,43
/3.14/tutorial/introduction.html,245,227,71,166,60
/zh-cn/3.14/library/index.html,240,283,40,33,51
/3.14/library/functions.html,202,193,80,60,46
/zh-cn/3.14/index.html,194,235,47,15,80
/3.14/library/stdtypes.html,193,189,73,127,40
/3.14/installing/index.html,177,140,59,26,68
/zh-cn/3.14/whatsnew/3.14.html,175,191,74,122,28
/es/3.14/,174,179,39,15,74
/3.14/tutorial/controlflow.html,172,166,78,275,44
/zh-cn/3.14/tutorial/interpreter.html,159,146,52,81,80
/zh-cn/3.14/tutorial/introduction.html,153,142,73,181,56
/3.14/reference/index.html,134,144,44,27,63
/zh-cn/3.14/tutorial/controlflow.html,128,135,74,196,49
/zh-cn/3.14/search.html,125,194,30,35,51
/zh-cn/3.14/download.html,120,94,39,39,95
/zh-cn/3.14/library/functions.html,119,135,56,84,41
/zh-cn/3.14/using/index.html,114,112,40,20,80
/es/3.14/tutorial/index.html,110,105,73,81,55
/3.14/download.html,109,84,41,21,93
/zh-cn/3.14/tutorial/appetite.html,104,90,29,56,87
/3.14/using/index.html,100,90,79,18,79
/zh-cn/3.14/tutorial/datastructures.html,100,93,60,132,60
/3.14/tutorial/datastructures.html,99,94,74,166,59
/zh-cn/3.14/library/stdtypes.html,96,99,52,127,50
/zh-cn/3.14/reference/index.html,94,113,20,23,81
/3.14/glossary.html,90,83,38,56,52
/zh-cn/3.14/installing/index.html,89,74,79,99,76
/zh-cn/3.14/glossary.html,85,74,40,68,43
/fr/3.14/,84,80,43,12,75
/zh-cn/3.14/using/windows.html,82,74,57,54,25
/zh-cn/3.14/contents.html,81,91,23,28,12
/3.14/using/mac.html,75,78,63,48,49
/zh-cn/3.14/using/mac.html,74,73,67,88,54
/zh-cn/3.14/tutorial/modules.html,73,65,56,178,60
/3.14/contents.html,71,66,50,12,14
/pt-br/3.14/,71,76,29,12,72
/es/3.14/search.html,70,145,53,21,67
/3.14/py-modindex.html,69,66,71,20,47
/3.14/library/idle.html,65,68,79,37,27
/ja/3.14/,63,80,44,11,80
/zh-cn/3.14/tutorial/classes.html,63,57,50,136,53
/3.14/tutorial/modules.html,62,57,44,91,59
/3.14/using/cmdline.html,61,54,40,50,30
/fr/3.14/tutorial/index.html,61,82,38,78,61
/3.14/genindex.html,58,54,0,7,100
/3.14/tutorial/classes.html,54,48,89,149,47
/pt-br/3.14/search.html,54,83,46,28,45
/zh-cn/3.14/howto/index.html,51,59,20,15,89
/zh-cn/3.14/tutorial/inputoutput.html,51,52,73,159,53
/3.14/library/,50,51,75,31,30
/3.14/tutorial/appendix.html,50,43,50,38,72
/3.14/tutorial/venv.html,50,45,62,40,56
/es/3.14/tutorial/controlflow.html,49,45,78,106,22
/zh-cn/3.14/tutorial/,48,47,52,35,64
/3.14/tutorial/inputoutput.html,46,45,42,139,51
/es/3.14/tutorial/introduction.html,46,36,78,237,58
/pt-br/3.14/tutorial/index.html,44,43,78,66,57
/3.14/tutorial/errors.html,43,37,67,166,45
/zh-cn/3.14/py-modindex.html,42,44,70,13,44
/fr/3.14/search.html,41,57,38,117,45
/zh-cn/3.14/reference/datamodel.html,41,51,54,169,48
/zh-cn/3.14/using/cmdline.html,41,36,100,38,32
/zh-cn/3.14/whatsnew/,41,49,58,14,23
/3.14/reference/compound_stmts.html,40,35,92,63,26
/3.14/reference/lexical_analysis.html,40,48,50,112,63
/3.14/whatsnew/changelog.html,40,34,56,67,6
/es/3.14/library/functions.html,40,36,72,58,26
/zh-cn/3.14/library/asyncio.html,40,54,57,28,72
/zh-cn/3.14/library/tkinter.html,40,40,58,101,42
/3.14/reference/datamodel.html,39,44,67,116,34
/3.14/library/typing.html,36,35,84,22,50
/es/3.14/tutorial/appetite.html,36,34,67,113,82
/es/3.14/library/index.html,35,39,67,70,44
/zh-cn/3.14/howto/a-conceptual-overview-of-asyncio.html,35,34,56,266,50
/3.14/library/random.html,34,36,72,40,31
/3.14/library/tkinter.html,34,40,64,26,22
/3.14/reference/introduction.html,33,29,50,80,71
/es/3.14/tutorial/interpreter.html,33,27,100,156,72
/zh-cn/3.14/library/idle.html,33,31,68,41,32
/3.14/library/intro.html,32,24,40,26,68
/3.14/library/string.html,32,29,67,84,49
/3.14/using/configure.html,32,27,67,26,23
/fr/3.14/tutorial/introduction.html,32,27,82,175,63
/zh-cn/3.14/library/asyncio-runner.html,32,32,75,39,55
/zh-cn/3.14/tutorial/appendix.html,32,25,100,18,71
/zh-cn/3.14/tutorial/errors.html,31,25,83,101,45
/3.14/howto/index.html,30,24,67,15,88
/3.14/library/math.html,30,29,79,34,47
