name,visitors
Mazovia,87
Lesser Poland,39
Lower Silesia,34
Silesia,31
Greater Poland,26
Łódź,18
Subcarpathia,14
Pomerania,13
Kuyavia-Pomerania,12
West Pomerania,10
Podlachia,9
Lublin,7
Opole,7
Warmia-Masuria,5
England,3
Beijing,2
Prague,2
Lubusz,2
Holy Cross,2
Moscow,2
Kharkivshchyna,2
Brussels,1
Paraná,1
Rio de Janeiro,1
São Paulo,1
Baden-Württemberg,1
Rhineland-Palatinate,1
Schleswig-Holstein,1
Andalusia,1
Tbilisi,1
Tokyo,1
Osaka,1
Seoul,1
South Chungcheong,1
North Holland,1
Oslo,1
Kyivshchyna,1
California,1
North Carolina,1
Washington,1
