name,version,visitors
Chrome,134.0,89586
Microsoft Edge,134.0,22076
Firefox,136.0,14468
Safari,18.3,8546
Chrome,133.0,7739
Mobile App,134.0,5462
Yandex Browser,25.2,2522
Firefox,128.0,2232
Chrome,132.0,2175
Chrome,131.0,2142
Opera,117.0,1603
Microsoft Edge,133.0,1260
Mobile App,(not set),1208
Firefox,135.0,1094
Safari,17.6,984
Safari,18.1,674
Chrome,130.0,620
Chrome,109.0,555
Microsoft Edge,132.0,539
Chrome,122.0,533
Chrome,129.0,531
Chrome,128.0,495
Safari,18.2,478
Samsung Browser,27.0,404
Chrome,126.0,377
Microsoft Edge,131.0,369
Safari,17.5,359
Firefox,134.0,349
Safari,18.0,341
Firefox,115.0,333
Safari,16.6,329
Chrome,124.0,293
Safari,18.4,277
Chrome,127.0,271
Safari,17.4,235
Safari,(not set),222
Chrome,119.0,205
Safari,15.6,197
Firefox,137.0,195
Chrome,121.0,194
Chrome,120.0,186
Firefox,133.0,185
Chrome,125.0,173
Chrome,135.0,159
UC Browser,17.4,159
Safari,17.3,146
Chrome,123.0,143
Smart Lenovo Browser,9.0,138
Mobile App,133.0,120
Chrome,136.0,114
Yandex Browser,24.10,113
Chrome,114.0,111
Chrome,116.0,110
Firefox,131.0,109
Chrome,117.0,107
Safari,17.1,107
Safari,17.2,105
Microsoft Edge,130.0,104
Firefox,132.0,104
Firefox,130.0,89
Microsoft Edge,135.0,88
Huawei Browser Mobile,16.0,88
Yandex Browser,24.12,83
Quark,(not set),82
Firefox,129.0,81
Chrome,118.0,80
Safari,16.5,79
(not set),(not set),78
Microsoft Edge,128.0,72
Chrome,103.0,71
Safari,16.3,71
Mobile App,114.0,69
Microsoft Edge,129.0,63
Mobile App,97.0,63
Chrome,112.0,61
Microsoft Edge,127.0,61
Safari,16.1,61
Opera,88.0,61
Chrome,86.0,59
Mobile App,130.0,57
Yandex Browser,24.7,57
Safari,17.0,56
Chromium,(not set),53
Firefox,136.3,53
Opera,116.0,52
Firefox,127.0,52
Safari,16.0,50
MIUI Browser,19.2,50
Microsoft Edge,126.0,48
vivo Browser,23.8,48
Chrome,108.0,46
Yandex Browser,25.20,46
Safari,17.10,44
Whale Browser,4.30,44
Microsoft Edge,92.0,42
Microsoft Edge,122.0,39
Mobile App,126.0,39
QtWebEngine,6.8,39
Firefox,102.0,37
Firefox,113.0,37
Quark,7.9,35
Chrome,101.0,33
Firefox,136.2,33
Firefox,138.0,33
Safari,16.4,32
Microsoft Edge,120.0,31
Firefox,125.0,31
Safari,17.8,31
Chrome,111.0,30
vivo Browser,23.7,30
Firefox,120.0,29
Avast Secure Browser,132.0,29
Microsoft Edge,124.0,28
Microsoft Edge,125.0,28
Microsoft Edge,109.0,26
Sogou Explorer,2,26
SberBrowser,24.0,26
Firefox,91.0,26
Safari,19.0,25
Chrome,104.0,24
Chrome,113.0,24
Yandex Browser,24.1,24
Huawei Browser Mobile,15.0,23
Chrome,105.0,22
Chrome,110.0,22
Firefox,126.0,22
Firefox,136,22
Safari,16.2,22
Yandex Browser,23.7,22
Quark,7.8,22
Firefox,123.0,21
Microsoft Edge,123.0,21
Safari,14.1,21
vivo Browser,23.6,21
Yandex Browser,23.9,21
Microsoft Edge,100.0,20
Yandex Browser,25.26,20
Chrome,115.0,19
Opera,87.0,19
Chrome,100.0,18
Chrome,107.0,18
Firefox,118.0,18
Microsoft Edge,121.0,18
Firefox,124.0,18
Safari,13.1,18
Safari,17.7,18
Chrome,91.0,18
Mobile App,99.0,18
Firefox,116.0,17
Mobile App,116.0,17
Safari,12.1,17
Safari,15.5,17
Chrome,102.0,16
Microsoft Edge,113.0,16
Microsoft Edge,117.0,16
QQ Browser,13.6,16
QQ Browser,6.2,16
Opera,114.0,15
QQ Browser,13.7,15
Mobile App,103.0,14
Mobile App,109.0,14
Mobile App,117.0,14
AVG Secure Browser,132.0,14
Mobile App,132.0,14
Yandex Browser,23.11,14
Yandex Browser,24.6,14
Samsung Browser,26.0,14
Chrome,87.0,14
Chrome,96.0,14
Chrome,97.0,14
Chrome,106.0,13
Microsoft Edge,112.0,13
Microsoft Edge,119.0,13
vivo Browser,13.8,13
Safari,15.4,13
UC Browser,17.3,13
Opera GX,2.7,13
Yandex Browser,24.4,13
Mobile App,119.0,12
Mobile App,131.0,12
Safari,15.3,12
Firefox,78.0,12
Chrome,80.0,12
Mobile App,92.0,12
Opera,95.0,12
Chrome,98.0,12
Safari,14.0,11
MIUI Browser,14.30,11
QQ Browser,16.1,11
vivo Browser,23.1,11
Chrome,53.0,11
Microsoft Edge,115.0,10
Mobile App,120.0,10
Firefox,121.0,10
Ecosia,129.0,10
Chrome,134,10
Chrome,70.0,10
Chrome,78.0,10
Chrome,93.0,10
Chrome,94.0,10
Chrome,95.0,10
Firefox,103.0,9
Firefox,112.0,9
Firefox,117.0,9
Microsoft Edge,118.0,9
Firefox,119.0,9
Huawei Browser,12.1,9
Mobile App,129.0,9
Microsoft Edge,136.0,9
MIUI Browser,14.10,9
Safari,18.5,9
Yandex Browser,23.3,9
Firefox,88.0,9
Microsoft Edge,110.0,8
Microsoft Edge,116.0,8
Mobile App,118.0,8
Firefox,122.0,8
Mobile Silk,132.5,8
Avast Secure Browser,133.0,8
Safari,15.1,8
Samsung Browser,23.0,8
AdBlock Browser,3.7,8
Opera Touch,5.4,8
Chrome,79.0,8
Chrome,81.0,8
Android Browser,(not set),7
Microsoft Edge,107.0,7
Firefox,108.0,7
Firefox,109.0,7
Microsoft Edge,114.0,7
Opera,115.0,7
QQ Browser,13.5,7
Huawei Browser Mobile,14.0,7
Yandex Browser,23.1,7
vivo Browser,23.3,7
Yandex Browser,23.5,7
Samsung Browser,24.0,7
Yandex Browser,24.120,7
QtWebEngine,5.15,7
Mobile App,83.0,7
Chrome,88.0,7
Chrome,90.0,7
Chrome,99.0,7
Samsung Browser,1.1,6
Ecosia,10.6,6
Firefox,111.0,6
Microsoft Edge,111.0,6
Mobile App,111.0,6
Opera,113.0,6
Mobile App,135.0,6
Safari,15.2,6
Microsoft Edge,16.16299,6
Microsoft Edge,18.19041,6
vivo Browser,23.5,6
Yandex Browser,24.9,6
Chrome,38.0,6
Firefox,68.0,6
Chrome,74.0,6
Chrome,92.0,6
Mobile App,106.0,5
Firefox,110.0,5
Mobile App,127.0,5
vivo Browser,13.9,5
MIUI Browser,14.31,5
QQ Browser,16.0,5
UC Browser,17.2,5
SberBrowser,20.0,5
Samsung Browser,22.0,5
Yandex Browser,22.11,5
Yandex Browser,25.25,5
Kindle Browser,3.0,5
Pale Moon,33.6,5
DuckDuckGo Privacy Browser,5,5
Firefox,52.0,5
Chrome,75.0,5
Chrome,76.0,5
Chrome,83.0,5
Chrome,85.0,5
Microsoft Edge,89.0,5
Firefox,100.0,4
Microsoft Edge,101.0,4
Microsoft Edge,102.0,4
Microsoft Edge,103.0,4
Avast Secure Browser,109.0,4
Firefox,114.0,4
Opera,118.0,4
Opera,119.0,4
Avast Secure Browser,131.0,4
Microsoft Edge,134,4
Safari,15.0,4
Microsoft Edge,18.17763,4
Yandex Browser,23.96,4
Samsung Browser,25.0,4
Samsung Browser,4.0,4
Chrome,41.0,4
Chrome,45.0,4
JioSphere,5.0,4
Chrome,69.0,4
Mobile App,70.0,4
Chrome,77.0,4
