name,unique_entrances,total_entrances,visit_duration
/it/3/tutorial/index.html,13,13,4
/3/,11,11,228
/it/3.13/tutorial/index.html,8,9,271
/it/3.13/,7,7,217
/it/3/tutorial/classes.html,6,6,286
/3.13/tutorial/index.html,5,5,400
/it/3.13/tutorial/datastructures.html,5,5,36
/3/tutorial/index.html,4,4,1627
/it/3.13/tutorial/inputoutput.html,4,4,67
/it/3.13/tutorial/modules.html,4,4,0
/3/library/tk.html,3,3,172
/it/3.13/tutorial/introduction.html,3,3,16
/it/3/tutorial/interpreter.html,3,3,133
/3/library/index.html,2,2,926
/3/library/tkinter.html,2,2,648
/it/3.13/contents.html,2,2,48
/it/3.13/library/re.html,2,2,0
/it/3.13/library/tkinter.ttk.html,2,2,0
/it/3.13/tutorial/appetite.html,2,2,0
/it/3.13/tutorial/controlflow.html,2,2,326
/it/3/,2,2,216
/it/3/tutorial/,2,2,30
/3.13/,1,1,10
/3.13/reference/index.html,1,1,131
/3.13/tutorial/classes.html,1,1,83
/3.13/tutorial/datastructures.html,1,1,1648
/3.13/whatsnew/3.13.html,1,1,116
/3/contents.html,1,1,6
/3/download.html,1,1,604
/3/library/base64.html,1,1,0
/3/library/datetime.html,1,1,30
/3/library/functions.html,1,1,11
/3/library/getpass.html,1,1,17665
/3/library/sqlite3.html,1,1,351
/3/library/tkinter.ttk.html,1,1,372
/3/reference/index.html,1,1,1115
/3/tutorial/controlflow.html,1,1,0
/3/tutorial/venv.html,1,1,27
/es/3/library/base64.html,1,1,15
/it/3.12/reference/expressions.html,1,1,0
/it/3.12/tutorial/,1,1,0
/it/3.12/tutorial/venv.html,1,1,0
/it/3.13/howto/regex.html,1,1,0
/it/3.13/library/calendar.html,1,1,0
/it/3.13/library/locale.html,1,1,0
/it/3.13/library/stdtypes.html,1,1,0
/it/3.13/library/string.html,1,1,0
/it/3.13/library/tkinter.html,1,1,0
/it/3.13/reference/index.html,1,1,1790
/it/3.13/search.html,1,1,34
/it/3.13/tutorial/interpreter.html,1,1,0
/it/3.13/tutorial/stdlib.html,1,1,0
/it/3.13/tutorial/stdlib2.html,1,1,1664
/it/3.13/using/index.html,1,1,40
/it/3.14/library/venv.html,1,1,1239
/it/3.14/tutorial/venv.html,1,1,1848
/it/3/about.html,1,1,0
/it/3/distributing/index.html,1,1,0
/it/3/library/functions.html,1,1,0
/it/3/library/index.html,1,1,55
/it/3/library/stdtypes.html,1,1,0
/it/3/tutorial/appetite.html,1,1,0
/it/3/tutorial/controlflow.html,1,1,0
/it/3/tutorial/inputoutput.html,1,1,0
/it/3/whatsnew/3.4.html,1,1,0
