name,visitors,pageviews,bounce_rate,time_on_page,scroll_depth
/zh-tw/3.13/tutorial/index.html,213,335,46,87,57
/zh-tw/3.13/tutorial/interpreter.html,81,111,69,175,80
/zh-tw/3.13/library/venv.html,77,85,78,254,32
/zh-tw/3.13/tutorial/inputoutput.html,73,87,79,333,42
/zh-tw/3.13/installing/index.html,71,90,74,470,68
/zh-tw/3/tutorial/index.html,70,113,61,109,55
/zh-tw/3.13/howto/sorting.html,58,65,89,1660,42
/zh-tw/3.13/tutorial/classes.html,57,75,79,687,39
/zh-tw/3.13/tutorial/controlflow.html,53,79,75,266,32
/zh-tw/3/faq/windows.html,52,57,85,865,59
/zh-tw/3.13/tutorial/datastructures.html,51,61,77,110,41
/zh-tw/3.13/tutorial/appetite.html,50,66,50,59,90
/zh-tw/3.13/tutorial/introduction.html,49,81,68,991,57
/zh-tw/3/library/re.html,49,54,84,801,27
/zh-tw/3.13/tutorial/errors.html,44,51,81,192,39
/zh-tw/3/library/index.html,42,58,67,218,50
/zh-tw/3.13/,41,58,43,25,78
/zh-tw/3/library/collections.html,41,48,83,359,36
/zh-tw/3.13/library/json.html,38,45,83,733,39
/zh-tw/3.13/tutorial/modules.html,38,49,75,379,45
/zh-tw/3.13/library/csv.html,37,60,50,523,45
/zh-tw/3.13/tutorial/floatingpoint.html,37,46,91,138,56
/zh-tw/3.13/library/random.html,35,39,82,232,38
/zh-tw/3.13/library/os.path.html,34,42,91,783,38
/zh-tw/3.13/using/mac.html,28,35,81,430,55
/zh-tw/3.13/library/string.html,26,35,73,413,51
/zh-tw/3/howto/argparse.html,25,30,81,586,44
/zh-tw/3.13/library/functions.html,24,29,67,273,45
/zh-tw/3.13/library/heapq.html,24,29,90,560,42
/zh-tw/dev/library/os.path.html,24,28,83,634,38
/zh-tw/3/library/concurrent.futures.html,22,24,76,989,47
/zh-tw/3.13/tutorial/venv.html,21,22,90,103,73
/zh-tw/3.13/library/copy.html,20,21,81,533,85
/zh-tw/dev/library/csv.html,19,19,100,,38
/zh-tw/3/library/functions.html,18,25,67,397,55
/zh-tw/3/library/pdb.html,18,22,82,794,34
/zh-tw/3/tutorial/introduction.html,18,30,73,411,65
/zh-tw/3.13/library/math.html,17,17,69,416,29
/zh-tw/3.13/library/time.html,17,23,46,541,39
/zh-tw/3.13/library/__main__.html,16,19,91,483,56
/zh-tw/3.13/library/typing.html,15,16,91,434,16
/zh-tw/3/library/pickle.html,15,17,77,72,20
/zh-tw/3.13/library/operator.html,14,15,73,817,29
/zh-tw/3.13/library/stdtypes.html,14,18,75,265,32
/zh-tw/3.13/search.html,14,33,33,46,38
/zh-tw/3/tutorial/appetite.html,14,15,100,161,87
/zh-tw/3/library/stdtypes.html,13,15,100,280,20
/zh-tw/3/library/unittest.html,13,19,55,1146,33
/zh-tw/3.13/contents.html,12,21,67,99,20
/zh-tw/3.13/index.html,12,15,71,91,84
/zh-tw/3.13/library/statistics.html,12,13,89,369,19
/zh-tw/3/library/abc.html,12,15,90,144,30
/zh-tw/3/library/functools.html,12,13,78,163,32
/zh-tw/3/library/io.html,12,16,60,310,40
/zh-tw/3/library/pathlib.html,12,13,92,1,46
/zh-tw/3.13/glossary.html,11,14,50,60,47
/zh-tw/3.13/library/asyncio.html,11,15,50,48,90
/zh-tw/3.13/library/index.html,11,11,0,43,43
/zh-tw/3/library/unittest.mock.html,11,14,71,657,28
/zh-tw/3/tutorial/controlflow.html,11,12,100,156,40
/zh-tw/3.13/library/queue.html,10,10,80,254,55
/zh-tw/3.13/tutorial/stdlib.html,10,13,50,418,81
/zh-tw/3/tutorial/datastructures.html,10,12,67,173,72
/zh-tw/3.13/library/bisect.html,9,10,80,1180,56
/zh-tw/3.13/reference/index.html,9,11,33,22,76
/zh-tw/3.13/whatsnew/3.13.html,9,13,50,56,28
/zh-tw/3/library/threading.html,9,11,86,,30
/zh-tw/3/reference/import.html,9,10,57,212,46
/zh-tw/3/tutorial/interpreter.html,9,11,100,238,100
/zh-tw/3.13/library/gc.html,8,10,62,567,53
/zh-tw/3.13/library/tempfile.html,8,10,75,34,41
/zh-tw/3/library/hashlib.html,8,10,88,,28
/zh-tw/3/tutorial/classes.html,8,11,88,334,29
/zh-tw/3.13/faq/general.html,7,9,60,79,64
/zh-tw/3.13/library/array.html,7,7,100,,81
/zh-tw/3.13/tutorial/stdlib2.html,7,10,0,313,61
/zh-tw/3/,7,10,60,7,80
/zh-tw/3/library/unittest.mock-examples.html,7,9,60,220,28
/zh-tw/3.13/howto/sockets.html,6,8,50,154,65
/zh-tw/3.13/library/enum.html,6,7,83,,41
/zh-tw/3.13/library/ftplib.html,6,7,80,602,33
/zh-tw/3.13/using/windows.html,6,7,100,424,49
/zh-tw/3.14/,6,10,50,4,67
/zh-tw/3/library/datetime.html,6,5,100,1352,96
/zh-tw/3/tutorial/venv.html,6,6,80,60,70
/zh-tw/dev/library/stdtypes.html,6,6,100,,4
/zh-tw/dev/library/timeit.html,6,6,83,1073,54
/zh-tw/3.12/installing/index.html,5,6,75,,75
/zh-tw/3.13/library/os.html,5,6,100,138,22
/zh-tw/3.13/tutorial/appendix.html,5,7,0,121,97
/zh-tw/3.14/whatsnew/3.14.html,5,9,0,22,38
/zh-tw/3/library/ast.html,5,5,80,2827,18
/zh-tw/3/library/platform.html,5,6,100,86,38
/zh-tw/3/reference/index.html,5,7,0,31,43
/zh-tw/dev/library/functions.html,5,6,100,,39
/zh-tw/dev/tutorial/datastructures.html,5,5,75,120,33
/zh-tw/3.12/reference/,4,4,0,16,76
/zh-tw/3.13/library/asyncio-stream.html,4,4,100,7,70
/zh-tw/3.13/library/pathlib.html,4,5,67,34,42
/zh-tw/3.13/library/timeit.html,4,7,75,,36
