name,unique_exits,total_exits,exit_rate
/ko/dev/c-api/marshal.html,73,73,
/ko/3.13/tutorial/index.html,24,24,
/ko/3/tutorial/index.html,23,25,
/ko/3/,17,21,
/ko/3/library/idle.html,17,17,
/ko/3/c-api/intro.html,12,12,
/ko/3/library/heapq.html,11,11,
/ko/3/howto/sorting.html,10,10,
/ko/3.13/library/index.html,9,10,
/ko/3/library/functions.html,9,9,
/ko/3/library/random.html,9,9,
/ko/3/search.html,9,9,
/ko/3.13/library/math.html,8,8,
/ko/3/library/index.html,8,9,
/ko/dev/using/index.html,8,8,
/ko/3.13/installing/index.html,7,7,
/ko/3.13/tutorial/introduction.html,7,8,
/ko/dev/library/idle.html,7,8,
/ko/dev/bugs.html,6,6,
/ko/dev/library/turtle.html,6,8,
/ko/3.13/library/collections.html,5,5,
/ko/3.13/search.html,5,5,
/ko/3.13/tutorial/interpreter.html,5,5,
/ko/3/tutorial/controlflow.html,5,5,
/ko/3/tutorial/introduction.html,5,5,
/ko/3.13/,4,4,
/ko/3.13/c-api/memory.html,4,4,
/ko/3.13/library/stdtypes.html,4,4,
/ko/3.13/tutorial/errors.html,4,4,
/ko/3/library/array.html,4,4,
/ko/3/library/os.html,4,4,
/ko/3/tutorial/appetite.html,4,5,
/ko/3/tutorial/inputoutput.html,4,4,
/ko/3/using/windows.html,4,4,
/3/,3,3,
/3/tutorial/controlflow.html,3,3,
/ja/3.13/c-api/capsule.html,3,3,
/ko/3.13/library/asyncio-task.html,3,3,
/ko/3.13/library/asyncio.html,3,3,
/ko/3.13/library/exceptions.html,3,3,
/ko/3.13/library/subprocess.html,3,3,
/ko/3.13/library/urllib.parse.html,3,3,
/ko/3.13/tutorial/appetite.html,3,3,
/ko/3.13/tutorial/controlflow.html,3,3,
/ko/3/library/datetime.html,3,3,
/ko/3/library/logging.handlers.html,3,3,
/ko/3/library/stdtypes.html,3,4,
/ko/3/library/time.html,3,3,
/ko/3/reference/datamodel.html,3,3,
/ko/3/reference/index.html,3,3,
/ko/3/tutorial/,3,3,
/ko/3/tutorial/datastructures.html,3,3,
/3/c-api/code.html,2,2,
/3/tutorial/,2,2,
/3/tutorial/index.html,2,2,
/ko/3.13/howto/a-conceptual-overview-of-asyncio.html,2,3,
/ko/3.13/howto/regex.html,2,2,
/ko/3.13/library/abc.html,2,2,
/ko/3.13/library/asyncio-eventloop.html,2,2,
/ko/3.13/library/difflib.html,2,2,
/ko/3.13/library/dis.html,2,2,
/ko/3.13/library/pickle.html,2,2,
/ko/3.13/library/random.html,2,2,
/ko/3.13/library/struct.html,2,2,
/ko/3.13/library/sys.html,2,2,
/ko/3.13/library/tkinter.html,2,3,
/ko/3.13/library/turtle.html,2,2,
/ko/3.13/library/weakref.html,2,2,
/ko/3.13/library/xml.etree.elementtree.html,2,2,
/ko/3.13/reference/expressions.html,2,2,
/ko/3.13/using/windows.html,2,2,
/ko/3.15/library/http.server.html,2,2,
/ko/3.15/tutorial/index.html,2,2,
/ko/3/library/,2,2,
/ko/3/library/asyncio.html,2,2,
/ko/3/library/contextlib.html,2,2,
/ko/3/library/logging.html,2,2,
/ko/3/library/math.html,2,2,
/ko/3/library/re.html,2,2,
/ko/3/library/sqlite3.html,2,2,
/ko/3/library/tempfile.html,2,2,
/ko/3/library/unittest.mock.html,2,2,
/ko/3/library/wsgiref.html,2,2,
/ko/3/reference/,2,2,
/ko/3/tutorial/classes.html,2,2,
/ko/3/tutorial/interpreter.html,2,2,
/ko/3/whatsnew/3.13.html,2,2,
/ko/dev/library/marshal.html,2,2,
/3.13/library/asyncio.html,1,1,
/3.13/library/functional.html,1,1,
/3.13/library/index.html,1,1,
/3.13/library/re.html,1,1,
/3.13/tutorial/appendix.html,1,1,
/3.13/tutorial/appetite.html,1,1,
/3.13/tutorial/controlflow.html,1,1,
/3.13/tutorial/index.html,1,1,
/3.13/tutorial/introduction.html,1,1,
/3.13/tutorial/modules.html,1,1,
/3.14/library/string.templatelib.html,1,1,
/3/library/abc.html,1,1,
