name,visitors,pageviews,bounce_rate,time_on_page,scroll_depth
/tr/3.13/,17,15,57,18,76
/tr/3.13/tutorial/index.html,14,14,100,208,44
/tr/3/tutorial/index.html,12,19,42,28,59
/tr/3.13/search.html,9,12,0,9,68
/tr/3.13/using/windows.html,9,9,100,17,3
/tr/3/installing/index.html,7,7,100,14,67
/tr/3.13/library/functions.html,6,4,100,111,9
/tr/3.13/library/intro.html,4,3,0,139,87
/tr/3.13/tutorial/appetite.html,4,5,67,10,68
/tr/3/library/functions.html,4,3,100,71,21
/tr/3.13/library/index.html,3,2,0,34,18
/tr/3.13/whatsnew/3.13.html,3,5,0,18,3
/tr/3/tutorial/modules.html,3,2,50,174,90
/tr/3.13/faq/general.html,2,1,0,3,11
/tr/3.13/installing/index.html,2,1,0,48,99
/tr/3.13/library/,2,1,100,107,19
/tr/3.13/library/decimal.html,2,1,100,2,1
/tr/3.13/library/http.server.html,2,1,0,9,7
/tr/3.13/library/marshal.html,2,2,0,11,100
/tr/3.13/library/smtplib.html,2,2,50,19,10
/tr/3.13/reference/toplevel_components.html,2,2,0,4,100
/tr/3.13/tutorial/,2,1,0,7,30
/tr/3.13/tutorial/classes.html,2,1,0,40,5
/tr/3.13/tutorial/datastructures.html,2,3,100,16,14
/tr/3.13/using/ios.html,2,2,0,16,100
/tr/3.15/tutorial/controlflow.html,2,1,0,23,26
/tr/3.15/tutorial/index.html,2,1,0,59,46
/tr/3/tutorial/controlflow.html,2,1,0,276,80
/tr/3/tutorial/inputoutput.html,2,2,100,,
/tr/3/tutorial/interpreter.html,2,1,0,8,46
/tr/3.12/tutorial/appendix.html,1,1,0,45,100
/tr/3.12/tutorial/classes.html,1,1,100,,
/tr/3.12/tutorial/controlflow.html,1,1,100,,
/tr/3.13/contents.html,1,1,0,1,1
/tr/3.13/faq/,1,1,0,7,100
/tr/3.13/howto/regex.html,1,1,0,5,7
/tr/3.13/index.html,1,2,0,26,100
/tr/3.13/library/__main__.html,1,2,0,31,85
/tr/3.13/library/ctypes.html,1,1,0,11,3
/tr/3.13/library/math.html,1,1,0,4,6
/tr/3.13/library/stdtypes.html,1,1,0,25,7
/tr/3.13/library/subprocess.html,1,2,0,25,3
/tr/3.13/library/tk.html,1,1,0,15,43
/tr/3.13/library/tkinter.ttk.html,1,2,0,76,97
/tr/3.13/py-modindex.html,1,2,0,11,19
/tr/3.13/reference/expressions.html,1,2,0,9,95
/tr/3.13/tutorial/interpreter.html,1,1,0,16,100
/tr/3.13/tutorial/modules.html,1,1,100,845,26
/tr/3.13/whatsnew/index.html,1,1,0,10,18
/tr/3.14/whatsnew/3.14.html,1,1,0,,
/tr/3/,1,1,100,2,58
/tr/3/library/argparse.html,1,1,100,,
/tr/3/library/asyncio-api-index.html,1,1,100,,
/tr/3/library/codecs.html,1,1,100,0,3
/tr/3/library/index.html,1,3,0,,
/tr/3/library/intro.html,1,2,0,,
/tr/3/library/zipfile.html,1,1,100,,
/tr/3/tutorial/appetite.html,1,1,0,6,92
/tr/3/tutorial/datastructures.html,1,1,100,26,24
/tr/3/tutorial/errors.html,1,1,100,19,5
/tr/3/tutorial/introduction.html,1,1,100,28,69
/tr/3/whatsnew/3.11.html,1,1,100,,
/tr/3/whatsnew/3.9.html,1,1,100,,
