name,version,visitors
Chrome,133.0,46
Chrome,132.0,29
Firefox,135.0,17
Microsoft Edge,133.0,10
Safari,18.3,7
Opera,116.0,5
Opera,117.0,4
Chrome,131.0,3
Safari,18.1,3
Chrome,109.0,2
Samsung Browser,11.0,2
Chrome,111.0,2
Chrome,123.0,2
Firefox,134.0,2
Quark,(not set),1
Chrome,108.0,1
Opera,115.0,1
Chrome,117.0,1
Firefox,128.0,1
Chrome,130.0,1
Avast Secure Browser,131.0,1
Microsoft Edge,131.0,1
Firefox,132.0,1
Firefox,133.0,1
Safari,17.8,1
Safari,18.2,1
MIUI Browser,19.0,1
