name,unique_entrances,total_entrances,visit_duration
/ja/3/library/codecs.html,241,250,30
/ja/3/tutorial/,88,97,159
/ja/3/,80,91,408
/ja/3/library/functions.html,64,68,100
/ja/3/library/index.html,59,62,191
/ja/3/reference/introduction.html,57,57,3
/ja/3/library/stdtypes.html,36,36,36
/ja/3.13/library/os.html,34,35,69
/ja/3/library/math.html,33,33,64
/ja/3.14/py-modindex.html,31,31,0
/ja/3/library/linecache.html,29,29,0
/ja/3/py-modindex.html,29,29,0
/ja/3.13/library/datetime.html,28,29,243
/ja/3.13/library/pickle.html,26,26,0
/ja/3/library/typing.html,26,27,50
/ja/3/tutorial/index.html,25,25,146
/ja/3/library/venv.html,24,24,18
/ja/3/library/re.html,23,23,5
/ja/3/library/tkinter.html,23,23,89
/ja/3.13/library/copyreg.html,22,22,0
/ja/3/library/grp.html,21,21,0
/ja/3/library/subprocess.html,21,21,207
/ja/3/tutorial/controlflow.html,21,22,246
/dev/using/windows.html,20,20,496
/ja/3.13/py-modindex.html,20,20,0
/ja/3/library/http.cookiejar.html,20,20,0
/ja/3/library/marshal.html,20,20,0
/ja/3/library/sqlite3.html,20,20,1
/ja/3.13/library/functions.html,19,19,31
/ja/3.13/library/sqlite3.html,19,19,0
/ja/3.13/library/tarfile.html,19,19,0
/ja/3.14/library/os.html,19,19,0
/ja/3/library/datetime.html,19,19,9
/ja/3/library/pathlib.html,19,19,39
/ja/3/tutorial/datastructures.html,19,20,110
/ja/3.14/library/ast.html,18,18,0
/ja/3/library/idle.html,17,17,9
/ja/3/tutorial/interpreter.html,17,17,16
/ja/3.13/library/socket.html,16,16,0
/ja/3.13/tutorial/index.html,16,20,224
/ja/3.14/contents.html,16,16,0
/ja/3/search.html,16,20,211
/ja/3.13/library/enum.html,15,15,22
/ja/3.13/library/filecmp.html,15,15,0
/ja/3.13/library/gzip.html,15,15,0
/ja/3.13/library/re.html,15,15,5
/ja/3.13/library/typing.html,15,15,208
/ja/3.13/library/weakref.html,15,15,0
/ja/3/library/os.html,15,15,176
/ja/3/library/random.html,15,15,14
/ja/3/tutorial/introduction.html,15,15,45
/ja/3.13/library/decimal.html,14,14,0
/ja/3.14/library/curses.html,14,14,0
/ja/3/index.html,14,14,177
/ja/3/library/modulefinder.html,14,14,0
/ja/3/tutorial/appetite.html,14,15,231
/ja/3/tutorial/classes.html,14,14,116
/ja/3/tutorial/modules.html,13,13,157
/3/,12,13,516
/ja/3.13/library/cmath.html,12,12,0
/ja/3.13/library/contextvars.html,12,12,0
/ja/3.14/library/pathlib.html,12,12,0
/ja/3.14/library/smtpd.html,12,12,0
/ja/3/library/asyncio-task.html,12,12,52
/ja/3/library/csv.html,12,12,50
/ja/3/library/exceptions.html,12,12,3
/ja/3/reference/index.html,12,12,199
/ja/3.13/library/curses.html,11,11,0
/ja/3.13/library/logging.html,11,11,23
/ja/3.13/library/math.html,11,11,0
/ja/3.13/library/unix.html,11,11,0
/ja/3.13/tutorial/inputoutput.html,11,12,126
/ja/3.14/library/datetime.html,11,11,195
/ja/3.14/library/sys.monitoring.html,11,11,0
/ja/3.14/library/xml.sax.handler.html,11,11,0
/ja/3/library/,11,12,12
/ja/3/library/argparse.html,11,11,214
/ja/3/library/time.html,11,11,227
/ja/3.13/library/index.html,10,11,9
/ja/3.13/library/stdtypes.html,10,10,123
/ja/3.13/library/xml.dom.html,10,10,0
/ja/3.14/,10,15,50
/ja/3.14/library/copyreg.html,10,10,0
/ja/3.14/library/logging.handlers.html,10,10,0
/ja/3.14/library/time.html,10,10,160
/ja/3.14/library/unittest.mock.html,10,10,0
/ja/3.14/library/urllib.html,10,10,0
/ja/3/library/functools.html,10,10,18
/ja/3/library/itertools.html,10,10,128
/ja/3/library/xml.etree.elementtree.html,10,10,183
/ja/3/tutorial/stdlib.html,10,11,0
/ja/3.13/library/csv.html,9,9,0
/ja/3.13/library/multiprocessing.html,9,9,132
/ja/3.13/library/pathlib.html,9,9,0
/ja/3.13/library/random.html,9,10,0
/ja/3.13/library/sndhdr.html,9,9,0
/ja/3.14/library/argparse.html,9,9,0
/ja/3.14/library/math.html,9,9,0
/ja/3.14/library/rlcompleter.html,9,9,0
/ja/3.14/library/traceback.html,9,9,0
/ja/3.14/library/urllib.error.html,9,9,0
/ja/3/c-api/concrete.html,9,9,1
/ja/3/glossary.html,9,9,342
/ja/3/tutorial/inputoutput.html,9,9,273
/ja/3/tutorial/venv.html,9,13,596
/ja/3.12/index.html,8,8,77
/ja/3.13/library/crypt.html,8,8,0
/ja/3.13/library/distutils.html,8,8,0
/ja/3.13/library/imghdr.html,8,8,0
/ja/3.13/library/itertools.html,8,8,0
/ja/3.13/library/mailbox.html,8,8,0
/ja/3.13/library/os.path.html,8,8,21
/ja/3.13/library/pyclbr.html,8,8,0
/ja/3.13/library/urllib.parse.html,8,8,250
/ja/3.13/search.html,8,9,250
/ja/3.14/library/cmd.html,8,8,0
/ja/3.14/library/contextvars.html,8,8,0
/ja/3.14/library/multiprocessing.html,8,8,0
/ja/3.14/library/optparse.html,8,8,0
/ja/3.14/library/sqlite3.html,8,8,54
/ja/3.14/library/tkinter.colorchooser.html,8,8,0
/ja/3.14/library/tkinter.messagebox.html,8,8,0
/ja/3.14/library/unittest.html,8,8,0
/ja/3.14/library/xml.dom.pulldom.html,8,8,0
/ja/3.14/tutorial/index.html,8,8,140
/ja/3/howto/sorting.html,8,8,8
/ja/3/library/asyncio.html,8,9,153
/ja/3/library/json.html,8,8,97
/ja/3/using/ios.html,8,8,0
/ja/3.13/howto/sorting.html,7,7,2
/ja/3.13/library/dbm.html,7,7,139
/ja/3.13/library/ipaddress.html,7,7,0
/ja/3.13/library/platform.html,7,7,0
/ja/3.13/library/string.html,7,7,0
/ja/3.13/library/subprocess.html,7,7,0
/ja/3.13/library/tempfile.html,7,7,241
/ja/3.13/library/tkinter.html,7,7,2
/ja/3.14/library/concurrent.interpreters.html,7,7,3
/ja/3.14/library/curses.ascii.html,7,7,0
/ja/3.14/library/curses.panel.html,7,7,0
/ja/3.14/library/getpass.html,7,7,0
/ja/3.14/library/importlib.html,7,7,0
/ja/3.14/library/index.html,7,7,41
/ja/3.14/library/sndhdr.html,7,7,0
/ja/3.14/library/tkinter.dnd.html,7,7,0
/ja/3.15/using/windows.html,7,7,0
/ja/3/c-api/module.html,7,7,0
/ja/3/library/pprint.html,7,7,49
/ja/3/reference/expressions.html,7,7,4
/ja/3/tutorial/errors.html,7,7,173
/ja/dev/library/hashlib.html,7,7,0
/ja/3.13/c-api/stable.html,6,6,0
/ja/3.13/c-api/weakref.html,6,6,0
/ja/3.13/library/__main__.html,6,6,81
/ja/3.13/library/ctypes.html,6,6,0
/ja/3.13/library/shelve.html,6,6,0
/ja/3.13/library/spwd.html,6,6,0
/ja/3.13/reference/import.html,6,6,0
/ja/3.13/reference/simple_stmts.html,6,6,29
/ja/3.13/tutorial/interpreter.html,6,6,21
/ja/3.14/c-api/typeobj.html,6,6,43
/ja/3.14/library/dis.html,6,6,0
/ja/3.14/library/email.errors.html,6,6,0
/ja/3.14/library/pipes.html,6,6,0
/ja/3.14/library/stdtypes.html,6,8,197
/ja/3.14/library/telnetlib.html,6,6,0
/ja/3.14/library/tkinter.font.html,6,6,0
/ja/3.14/reference/datamodel.html,6,6,0
/ja/3/howto/argparse.html,6,6,720
/ja/3/installing/index.html,6,6,272
/ja/3/library/io.html,6,6,282
/ja/3/library/socket.html,6,7,52
/ja/3/library/sys.html,6,6,0
/ja/3/library/tempfile.html,6,6,0
/ja/3/library/turtle.html,6,6,0
/ja/3/library/winreg.html,6,6,4
/ja/3/reference/compound_stmts.html,6,6,10
/ja/3.13/c-api/init.html,5,5,0
/ja/3.13/c-api/unicode.html,5,5,0
/ja/3.13/howto/instrumentation.html,5,5,0
/ja/3.13/library/aifc.html,5,5,0
/ja/3.13/library/calendar.html,5,6,52
/ja/3.13/library/configparser.html,5,5,0
/ja/3.13/library/dataclasses.html,5,5,107
/ja/3.13/library/heapq.html,5,5,0
/ja/3.13/library/idle.html,5,5,0
/ja/3.13/library/json.html,5,5,0
/ja/3.13/library/keyword.html,5,5,0
/ja/3.13/library/sys.monitoring.html,5,5,0
/ja/3.13/library/time.html,5,5,0
/ja/3.13/library/wave.html,5,5,0
/ja/3.13/library/wsgiref.html,5,5,0
/ja/3.13/reference/datamodel.html,5,7,11
/ja/3.13/tutorial/classes.html,5,5,6
/ja/3.13/using/windows.html,5,6,222
/ja/3.14/c-api/exceptions.html,5,5,0
/ja/3.14/library/asyncio.html,5,5,0
/ja/3.14/library/getopt.html,5,5,0
/ja/3.14/library/nntplib.html,5,5,0
/ja/3.14/library/shelve.html,5,5,0
/ja/3.14/search.html,5,6,480
/ja/3.14/tutorial/interpreter.html,5,5,1426
/ja/3/library/bisect.html,5,5,2
/ja/3/library/dataclasses.html,5,5,0
/ja/3/library/http.server.html,5,5,100
/ja/3/library/logging.html,5,5,38
/ja/3/library/os.path.html,5,5,9
/ja/3/library/tkinter.ttk.html,5,5,174
/ja/3/library/urllib.parse.html,5,6,76
/ja/3/library/urllib.request.html,5,5,25
/ja/3/using/android.html,5,5,10
/ja/3/using/windows.html,5,5,47
/ja/3/whatsnew/3.14.html,5,5,56
/ja/dev/library/unicodedata.html,5,5,0
/ja/dev/whatsnew/2.2.html,5,5,360
/3.13/,4,4,302
/ja/3.12/whatsnew/index.html,4,4,0
/ja/3.13/copyright.html,4,4,0
/ja/3.13/library/collections.abc.html,4,4,0
/ja/3.13/library/collections.html,4,4,154
/ja/3.13/library/fcntl.html,4,4,0
/ja/3.13/library/pty.html,4,4,0
/ja/3.13/library/tabnanny.html,4,4,0
/ja/3.13/library/tkinter.font.html,4,4,0
/ja/3.13/library/tokenize.html,4,4,0
/ja/3.13/library/urllib.robotparser.html,4,4,0
/ja/3.13/library/warnings.html,4,6,0
/ja/3.13/library/xmlrpc.html,4,4,0
/ja/3.13/library/zipapp.html,4,4,0
/ja/3.13/reference/index.html,4,4,27
/ja/3.13/tutorial/,4,4,354
/ja/3.13/tutorial/introduction.html,4,4,0
/ja/3.14/library/fcntl.html,4,4,0
/ja/3.14/library/reprlib.html,4,4,0
/ja/3/c-api/,4,4,0
/ja/3/c-api/refcounting.html,4,4,0
/ja/3/library/asyncio-stream.html,4,5,562
/ja/3/library/decimal.html,4,4,452
/ja/3/library/heapq.html,4,4,40
/ja/3/library/multiprocessing.html,4,4,68
/ja/3/library/operator.html,4,4,2
/ja/3/library/readline.html,4,4,0
/ja/3/library/string.html,4,4,88
/ja/3/reference/datamodel.html,4,4,309
/ja/3/reference/simple_stmts.html,4,4,450
/ja/3/using/cmdline.html,4,4,0
/ja/dev/library/http.client.html,4,4,0
/ja/dev/library/ossaudiodev.html,4,4,0
/ja/dev/library/pwd.html,4,4,0
/3/library/__main__.html,3,3,92
/3/library/multiprocessing.html,3,3,256
/3/tutorial/index.html,3,3,517
/ja/3.12/contents.html,3,3,0
/ja/3.12/faq/library.html,3,3,0
/ja/3.12/library/sqlite3.html,3,3,1075
/ja/3.12/reference/executionmodel.html,3,3,0
/ja/3.13/c-api/coro.html,3,3,7
/ja/3.13/c-api/init_config.html,3,3,0
/ja/3.13/genindex-入.html,3,3,0
/ja/3.13/howto/unicode.html,3,3,8
/ja/3.13/library/_thread.html,3,3,407
/ja/3.13/library/chunk.html,3,3,0
/ja/3.13/library/copy.html,3,3,0
/ja/3.13/library/email.errors.html,3,3,0
/ja/3.13/library/ensurepip.html,3,3,0
/ja/3.13/library/exceptions.html,3,3,0
/ja/3.13/library/fnmatch.html,3,3,0
/ja/3.13/library/getopt.html,3,3,0
/ja/3.13/library/hashlib.html,3,3,0
/ja/3.13/library/importlib.metadata.html,3,3,0
/ja/3.13/library/threading.html,3,4,114
/ja/3.13/library/tkinter.ttk.html,3,4,339
/ja/3.13/library/urllib.error.html,3,3,0
/ja/3.13/tutorial/datastructures.html,3,3,0
/ja/3.13/tutorial/modules.html,3,3,1
/ja/3.14/c-api/init.html,3,3,0
/ja/3.14/c-api/monitoring.html,3,3,0
/ja/3.14/howto/annotations.html,3,3,0
/ja/3.14/index.html,3,3,3
/ja/3.14/library/archiving.html,3,3,0
/ja/3.14/library/codecs.html,3,3,0
/ja/3.14/library/ctypes.html,3,3,0
/ja/3.14/library/ensurepip.html,3,3,0
/ja/3.14/library/typing.html,3,3,0
/ja/3.14/tutorial/introduction.html,3,3,299
/ja/3/c-api/bytes.html,3,3,0
/ja/3/c-api/curses.html,3,3,0
/ja/3/howto/logging-cookbook.html,3,3,220
/ja/3/library/base64.html,3,3,0
/ja/3/library/concurrent.futures.html,3,5,121
/ja/3/library/configparser.html,3,3,0
/ja/3/library/contextlib.html,3,3,0
/ja/3/library/copy.html,3,3,0
/ja/3/library/email.encoders.html,3,3,0
/ja/3/library/email.examples.html,3,3,435
/ja/3/library/email.iterators.html,3,3,0
/ja/3/library/email.mime.html,3,3,0
/ja/3/library/enum.html,3,3,0
/ja/3/library/glob.html,3,3,4
/ja/3/library/queue.html,3,3,0
