name,unique_exits,total_exits,exit_rate
/pt-br/3.13/library/venv.html,107,113,
/pt-br/3.13/tutorial/classes.html,78,79,
/pt-br/3/tutorial/index.html,67,81,
/pt-br/3.13/tutorial/index.html,59,60,
/pt-br/3.13/library/math.html,58,60,
/pt-br/3.13/library/random.html,46,44,
/pt-br/3.13/tutorial/datastructures.html,46,51,
/pt-br/3/,42,41,
/pt-br/3.13/library/index.html,39,39,
/pt-br/3.13/library/tkinter.html,39,43,
/pt-br/3/library/stdtypes.html,39,39,
/pt-br/3/library/datetime.html,36,36,
/pt-br/dev/library/venv.html,35,35,
/pt-br/3.13/library/functions.html,31,32,
/pt-br/3.13/library/string.html,31,32,
/pt-br/3.13/tutorial/controlflow.html,31,35,
/pt-br/3.13/tutorial/introduction.html,31,36,
/pt-br/3/tutorial/controlflow.html,30,30,
/pt-br/3.13/library/stdtypes.html,28,31,
/pt-br/dev/howto/sorting.html,22,22,
/pt-br/3.13/faq/windows.html,21,21,
/pt-br/3/library/venv.html,21,22,
/pt-br/3.13/library/csv.html,20,21,
/pt-br/3.13/tutorial/inputoutput.html,20,20,
/pt-br/3.13/tutorial/interpreter.html,19,19,
/pt-br/3/tutorial/datastructures.html,19,19,
/pt-br/3.13/library/os.html,18,18,
/pt-br/3.13/search.html,18,19,
/pt-br/3.13/tutorial/errors.html,18,19,
/pt-br/3.13/using/windows.html,18,18,
/pt-br/3/library/math.html,18,21,
/pt-br/3.13/library/json.html,17,17,
/pt-br/3/using/cmdline.html,17,17,
/pt-br/3.13/howto/logging.html,16,17,
/pt-br/3.13/library/re.html,16,21,
/pt-br/3/tutorial/,16,16,
/pt-br/3.13/library/turtle.html,15,16,
/pt-br/3.13/tutorial/modules.html,15,17,
/pt-br/3/tutorial/introduction.html,15,15,
/pt-br/dev/tutorial/datastructures.html,15,15,
/pt-br/3/library/functions.html,14,15,
/pt-br/3.13/,13,13,
/pt-br/3.13/library/statistics.html,13,14,
/pt-br/3/library/unittest.html,13,13,
/pt-br/dev/howto/regex.html,13,15,
/pt-br/dev/reference/import.html,13,15,
/pt-br/dev/using/ios.html,13,13,
/pt-br/3.13/reference/datamodel.html,12,13,
/pt-br/3/tutorial/interpreter.html,12,12,
/3/,11,9,
/pt-br/3.13/library/os.path.html,11,15,
/pt-br/3/whatsnew/3.13.html,11,12,
/pt-br/dev/library/tkinter.html,11,11,
/pt-br/3.13/library/tk.html,10,11,
/pt-br/3.13/tutorial/appetite.html,10,13,
/pt-br/3/library/random.html,10,14,
/pt-br/3/using/android.html,10,10,
/pt-br/3.13/contents.html,9,9,
/pt-br/3.13/library/pathlib.html,9,9,
/pt-br/3.13/library/sys.html,9,9,
/pt-br/3/library/string.html,9,10,
/pt-br/3/search.html,9,11,
/pt-br/3.13/reference/index.html,8,8,
/pt-br/3.13/tutorial/venv.html,8,8,
/pt-br/3/library/index.html,8,14,
/3/library/venv.html,7,7,
/pt-br/3.13/library/array.html,7,7,
/pt-br/3.13/library/exceptions.html,7,9,
/pt-br/3.13/tutorial/,7,8,
/pt-br/3.13/using/mac.html,7,6,
/pt-br/3/library/subprocess.html,7,7,
/pt-br/3/tutorial/classes.html,7,8,
/pt-br/dev/faq/general.html,7,7,
/pt-br/3.13/glossary.html,6,6,
/pt-br/3.13/installing/index.html,6,6,
/pt-br/3.13/library/__main__.html,6,6,
/pt-br/3.13/library/decimal.html,6,6,
/pt-br/3.13/library/http.client.html,6,6,
/pt-br/3.13/library/pickle.html,6,7,
/pt-br/3.13/library/shutil.html,6,6,
/pt-br/3.13/library/tkinter.messagebox.html,6,6,
/pt-br/3.13/whatsnew/3.13.html,6,6,
/pt-br/3/library/turtle.html,6,6,
/pt-br/3/reference/lexical_analysis.html,6,7,
/pt-br/dev/howto/logging.html,6,6,
/pt-br/3.13/download.html,5,5,
/pt-br/3.13/faq/general.html,5,5,
/pt-br/3.13/library/asyncio-queue.html,5,5,
/pt-br/3.13/library/dataclasses.html,5,5,
/pt-br/3.13/library/datetime.html,5,5,
/pt-br/3.13/library/intro.html,5,5,
/pt-br/3/library/numeric.html,5,5,
/pt-br/3/library/tkinter.html,5,5,
/pt-br/3/tutorial/errors.html,5,5,
/pt-br/3/tutorial/inputoutput.html,5,5,
/pt-br/dev/library/unittest.html,5,5,
/3/library/idle.html,4,4,
/3/library/math.html,4,4,
/3/library/random.html,4,4,
/3/tutorial/index.html,4,4,
