name,visitors,pageviews,bounce_rate,time_on_page,scroll_depth
/ko/dev/c-api/marshal.html,337,336,81,3,41
/ko/3.13/tutorial/index.html,71,102,45,58,59
/ko/3/tutorial/index.html,58,82,70,18,59
/ko/3.13/library/functions.html,51,51,81,43,40
/ko/3/,50,54,50,27,82
/ko/3.13/library/index.html,40,39,75,45,27
/ko/3.13/tutorial/interpreter.html,40,45,73,50,74
/ko/3.13/library/idle.html,38,42,69,13,29
/ko/3.13/,36,43,40,18,82
/ko/3.13/installing/index.html,32,31,93,11,61
/ko/3.13/search.html,30,66,23,18,53
/ko/3.13/tutorial/appetite.html,29,28,33,33,87
/ko/3.13/tutorial/introduction.html,26,23,73,135,53
/ko/3.13/tutorial/controlflow.html,25,25,79,79,49
/ko/3/library/functions.html,25,37,65,37,56
/ko/3.13/tutorial/errors.html,22,21,82,25,40
/ko/3.13/library/random.html,20,20,88,36,46
/ko/3.13/library/stdtypes.html,20,13,67,127,31
/ko/3.13/tutorial/datastructures.html,20,22,50,203,61
/ko/3/tutorial/interpreter.html,19,20,67,22,77
/ko/3/search.html,17,76,33,80,64
/ko/3.13/library/asyncio-task.html,15,13,90,75,40
/ko/dev/library/marshal.html,14,14,67,6,45
/ko/3.13/library/asyncio.html,13,15,75,89,90
/ko/3.13/tutorial/modules.html,13,19,45,136,37
/ko/3/library/stdtypes.html,13,17,100,67,38
/ko/3.13/glossary.html,12,11,50,28,32
/ko/3.13/library/pathlib.html,12,13,92,22,38
/ko/3.13/reference/index.html,12,12,33,9,59
/ko/3.13/tutorial/classes.html,12,10,83,30,40
/ko/3.13/tutorial/inputoutput.html,12,17,14,166,68
/ko/3/library/contextlib.html,12,14,82,34,27
/ko/3/library/index.html,12,13,71,11,38
/ko/3/tutorial/introduction.html,12,11,100,294,52
/ko/3.13/howto/sorting.html,11,10,100,25,36
/ko/3.13/library/json.html,11,10,89,43,31
/ko/3.13/library/multiprocessing.html,11,12,50,33,22
/ko/3.13/library/time.html,11,11,86,39,45
/ko/3.13/whatsnew/index.html,11,12,100,7,18
/ko/3/library/logging.handlers.html,11,11,89,50,30
/ko/3/tutorial/appetite.html,11,9,20,33,96
/ko/3/tutorial/datastructures.html,11,13,82,89,47
/ko/3.13/library/subprocess.html,10,9,75,139,36
/ko/3.13/library/threading.html,10,9,100,41,52
/ko/dev/library/idle.html,10,11,78,30,26
/ko/3.13/contents.html,9,12,50,37,20
/ko/3.13/library/logging.html,9,8,83,48,55
/ko/3.13/using/windows.html,9,9,62,7,25
/ko/3/reference/lexical_analysis.html,9,9,86,120,68
/ko/3.13/library/abc.html,8,7,100,48,38
/ko/3.13/library/contextvars.html,8,10,60,216,67
/ko/3.13/library/datetime.html,8,8,83,36,43
/ko/3.13/library/heapq.html,8,7,100,33,80
/ko/3.13/library/intro.html,8,6,100,4,22
/ko/3.13/library/math.html,8,8,100,43,22
/ko/3/tutorial/controlflow.html,8,13,67,374,50
/ko/3/using/windows.html,8,9,88,25,46
/ko/3.13/library/collections.html,7,7,83,51,29
/ko/3.13/library/os.html,7,7,100,436,12
/ko/3.13/library/re.html,7,6,80,19,36
/ko/3.13/library/tkinter.html,7,9,67,44,47
/ko/3.13/library/xml.etree.elementtree.html,7,9,71,104,38
/ko/3.15/,7,8,0,25,85
/ko/3/library/configparser.html,7,6,80,40,45
/ko/3/library/tempfile.html,7,7,100,5,23
/ko/3/tutorial/,7,8,88,15,76
/ko/dev/library/turtle.html,7,8,86,41,17
/ko/3.13/c-api/index.html,6,5,100,8,63
/ko/3.13/faq/design.html,6,6,0,145,37
/ko/3.13/howto/logging.html,6,4,50,40,31
/ko/3.13/howto/regex.html,6,5,100,16,31
/ko/3.13/index.html,6,27,50,14,79
/ko/3.13/library/csv.html,6,6,100,5,31
/ko/3.13/library/unittest.html,6,6,100,105,32
/ko/3.13/reference/datamodel.html,6,5,0,78,45
/ko/3/c-api/intro.html,6,5,100,1,4
/ko/3/glossary.html,6,5,33,30,53
/ko/3/library/codecs.html,6,7,83,14,20
/ko/3/library/datetime.html,6,5,100,55,82
/ko/3/tutorial/venv.html,6,4,100,26,88
/ko/dev/tutorial/inputoutput.html,6,5,100,2,6
/ko/3.13/download.html,5,4,100,14,88
/ko/3.13/library/asyncio-eventloop.html,5,6,100,25,31
/ko/3.13/library/concurrent.futures.html,5,6,100,44,52
/ko/3.13/library/ctypes.html,5,4,67,164,37
/ko/3.13/library/pprint.html,5,5,67,13,99
/ko/3.13/library/struct.html,5,5,100,206,67
/ko/3.13/library/turtle.html,5,6,75,25,28
/ko/3.13/reference/import.html,5,4,50,105,98
/ko/3.13/tutorial/,5,5,33,29,58
/ko/3.13/whatsnew/3.13.html,5,6,0,19,13
/ko/3/extending/embedding.html,5,4,100,54,65
/ko/3/installing/index.html,5,4,0,11,75
/ko/3/reference/datamodel.html,5,5,0,34,73
/ko/3/reference/index.html,5,7,0,26,86
/ko/3/tutorial/classes.html,5,4,100,12,35
/ko/3/using/index.html,5,4,50,13,87
/ko/3.12/search.html,4,14,0,11,35
/ko/3.12/tutorial/controlflow.html,4,4,75,10,28
/ko/3.13/extending/index.html,4,15,0,28,99
