name,version,visitors
Chrome,143.0,35495
Chrome,144.0,9505
Microsoft Edge,143.0,9132
Mobile App,(not set),4206
Firefox,147.0,4014
Safari,26.2,3286
Chrome,132.0,3002
Opera,125.0,2107
Firefox,146.0,2043
Chrome,142.0,1954
Safari,18.6,1436
Yandex Browser,25.12,1374
Chrome,139.0,1268
Safari,26.1,852
Firefox,140.0,640
Chrome,141.0,619
Microsoft Edge,144.0,619
Chrome,138.0,552
Safari,18.5,413
Mobile App,97.0,343
Chrome,109.0,331
Chrome,140.0,309
Safari,26.0,303
Chrome,130.0,288
Chrome,135.0,283
Samsung Browser,29.0,252
Safari,18.7,251
Safari,17.6,239
Chrome,133.0,210
Chrome,131.0,196
Chrome,111.0,194
Chrome,137.0,187
Firefox,145.0,183
Firefox,128.0,174
Yandex Browser,25.10,173
Safari,16.6,171
Chrome,122.0,166
Safari,18.3,163
Microsoft Edge,142.0,155
Chrome,69.0,155
Firefox,5.0,153
Opera,126.0,150
Safari,(not set),147
Huawei Browser Mobile,16.0,143
360 Secure Browser,(not set),141
Chrome,117.0,141
Chrome,116.0,139
Chrome,134.0,139
Sogou Explorer,2,136
Chrome,124.0,131
Chrome,136.0,128
(not set),(not set),124
Safari,26.3,121
Safari,15.6,116
Safari,18.4,110
Safari,26.4,106
Quark,(not set),96
Mobile App,143.0,96
UC Browser,18.4,96
Safari,17.5,90
Smart Lenovo Browser,9.0,87
Brave,(not set),86
Firefox,115.0,81
Chrome,120.0,81
Chrome,126.0,78
Chrome,128.0,77
Microsoft Edge,122.0,74
Firefox,136.0,66
vivo Browser,27.7,64
Chrome,145.0,62
Microsoft Edge,141.0,60
Safari,17.4,60
Chrome,112.0,59
Mobile App,116.0,59
Firefox,143.0,57
Safari,18.2,57
Yandex Browser,25.4,56
Safari,18.1,54
Firefox,141.0,53
Firefox,144.0,53
Safari,10.0,51
Yandex Browser,25.8,51
Firefox,146.1,50
Chrome,103.0,48
Firefox,148.0,46
vivo Browser,27.6,46
Safari,18.0,45
Chrome,108.0,43
Microsoft Edge,138.0,43
Avast Secure Browser,143.0,43
Opera,94.0,43
Chrome,97.0,43
Yandex Browser,25.2,42
Microsoft Edge,140.0,41
Chrome,104.0,40
Chrome,114.0,40
Mobile App,91.0,40
Chrome,105.0,39
Firefox,142.0,39
Chrome,107.0,38
Chrome,125.0,38
Chrome,127.0,38
Chrome,106.0,36
Chrome,129.0,36
Safari,17.3,33
Yandex Browser,24.10,32
Chrome,119.0,31
Chrome,121.0,31
Safari,17.1,31
MIUI Browser,20.10,31
Chrome,86.0,31
Safari,17.14,29
Chrome,110.0,28
MIUI Browser,20.9,28
Microsoft Edge,92.0,28
Opera,124.0,27
Chrome,91.0,27
Yandex Browser,25.122,26
Yandex Browser,25.6,26
Microsoft Edge,131.0,25
Quark,10.3,24
Microsoft Edge,139.0,24
Microsoft Edge,109.0,22
Mobile App,114.0,21
Microsoft Edge,137.0,21
Quark,10.2,20
Firefox,138.0,20
MIUI Browser,14.49,20
Norton Private Browser,143.0,20
Safari,16.3,20
Microsoft Edge,136.0,19
Yandex Browser,25.104,19
QQ Browser,6.2,19
Mobile App,131.0,18
Microsoft Edge,132.0,18
Firefox,139.0,18
Safari,16.1,18
Safari,16.5,18
Safari,17.2,18
Chrome,101.0,17
Firefox,109.0,17
Chrome,115.0,17
Microsoft Edge,126.0,17
Opera,93.0,17
Chromium,(not set),16
Firefox,137.0,16
Chrome,146.0,16
Huawei Browser Mobile,5.1,16
Chrome,87.0,16
Firefox,125.0,15
Microsoft Edge,127.0,15
Microsoft Edge,134.0,15
Microsoft Edge,135.0,15
Samsung Browser,28.0,15
Chrome,59.0,15
Chrome,95.0,15
Chrome,123.0,14
Firefox,133.0,14
Safari,14.1,14
Safari,17.8,14
QQ Browser,20.0,14
Yandex Browser,25.3,14
Microsoft Edge,124.0,13
Firefox,135.0,13
AVG Secure Browser,143.0,13
Firefox,102.0,12
Firefox,134.0,12
Whale Browser,4.35,12
Opera,95.0,12
Opera,97.1,12
Safari,12.1,11
Safari,13.1,11
Microsoft Edge,130.0,11
Safari,15.5,11
QQ Browser,19.8,11
Yandex Browser,25.80,11
Samsung Browser,27.0,11
Firefox,143,10
Ecosia,143.0,10
Microsoft Edge,145.0,10
Safari,16.2,10
Safari,17.0,10
Samsung Browser,26.0,10
vivo Browser,27.3,10
Quark,10.1,9
Mobile App,100.0,9
Microsoft Edge,120.0,9
Microsoft Edge,133.0,9
Mobile App,138.0,9
Firefox,149.0,9
Huawei Browser Mobile,15.0,9
MIUI Browser,20.0,9
Safari,60.5,9
Chrome,70.0,9
Chrome,93.0,9
Microsoft Edge,114.0,8
Mobile App,134.0,8
Mobile App,137.0,8
Safari,16.4,8
Opera GX,3.1,8
Chrome,80.0,8
Microsoft Edge,100.0,7
Chrome,102.0,7
Ecosia,11.5,7
Firefox,113.0,7
Chrome,113.0,7
Microsoft Edge,121.0,7
Microsoft Edge,128.0,7
Firefox,130.0,7
Mobile Silk,138.11,7
Safari,17.7,7
MIUI Browser,20.1,7
Yandex Browser,24.7,7
Samsung Browser,25.0,7
vivo Browser,27.4,7
Chrome,74.0,7
Chrome,79.0,7
Mobile App,99.0,7
Microsoft Edge,105.0,6
Mobile App,108.0,6
Mobile App,109.0,6
Microsoft Edge,112.0,6
Microsoft Edge,116.0,6
Huawei Browser,12.1,6
Firefox,120.0,6
Opera,122.0,6
Opera,123.0,6
Microsoft Edge,18.18362,6
Microsoft Edge,18.18363,6
QQ Browser,19.7,6
vivo Browser,23.6,6
Yandex Browser,23.7,6
Yandex Browser,25.20,6
vivo Browser,26.5,6
vivo Browser,27.5,6
Opera Touch,6.3,6
Chrome,73.0,6
Mobile App,90.0,6
Chrome,99.0,6
vivo Browser,10.8,5
Chrome,100.0,5
Mobile App,101.0,5
Microsoft Edge,104.0,5
Microsoft Edge,106.0,5
Huawei Browser Mobile,11.0,5
Microsoft Edge,111.0,5
Mobile App,117.0,5
Microsoft Edge,117.0,5
Microsoft Edge,118.0,5
Opera,119.0,5
Microsoft Edge,123.0,5
Microsoft Edge,125.0,5
Mobile App,126.0,5
Microsoft Edge,129.0,5
Firefox,129.0,5
QQ Browser,13.5,5
Firefox,132.0,5
Huawei Browser Mobile,14.0,5
vivo Browser,15.1,5
UC Browser,18.2,5
Yandex Browser,25.106,5
vivo Browser,27.2,5
QtWebEngine,6.10,5
Chrome,78.0,5
Firefox,78.0,5
Chrome,81.0,5
Mobile App,83.0,5
Opera,85.0,5
Opera,87.0,5
Mobile App,88.0,5
Chrome,89.0,5
Chrome,94.0,5
Microsoft Edge,107.0,4
Opera,114.0,4
Opera,115.0,4
Chrome,118.0,4
Firefox,127.0,4
QQ Browser,13.6,4
MIUI Browser,14.1,4
Chrome,143,4
UC Browser,15.0,4
vivo Browser,15.0,4
Microsoft Edge,17.17134,4
UC Browser,17.8,4
UC Browser,18.1,4
MIUI Browser,20.11,4
MIUI Browser,20.2,4
Yandex Browser,23.11,4
Yandex Browser,24.6,4
Yandex Browser,25.123,4
Microsoft Edge,84.0,4
Chrome,85.0,4
Mobile App,86.0,4
Firefox,88.0,4
Chrome,90.0,4
Chrome,92.0,4
Safari,11.1,3
Microsoft Edge,115.0,3
Mobile App,119.0,3
Microsoft Edge,119.0,3
