name,visitors
Moscow,1199
Bengaluru,1063
Singapore,953
Hyderabad,798
Mumbai,701
Warsaw,588
Los Angeles,550
Pune,549
New York City,484
Shenzhen,481
Hong Kong,478
New Delhi,474
Shanghai,466
Toronto,465
Chennai,463
Amsterdam,455
Ho Chi Minh City,451
Tokyo,448
Beijing,435
Guangzhou,402
Berlin,398
San Jose,395
Saint Petersburg,392
London,372
Chicago,367
Ashburn,366
Frankfurt am Main,361
Munich,342
Paris,337
Delhi,331
São Paulo,324
The Dalles,319
Hanoi,317
Kolkata,313
Seattle,306
Sydney,299
Madrid,290
Prague,283
Hangzhou,272
Tel Aviv,269
Istanbul,262
Cairo,258
Helsinki,258
Tashkent,252
Chengdu,247
Lagos,246
Zürich,246
Melbourne,244
Jakarta,232
Atlanta,219
Boryspil,216
Denver,215
Kyiv,214
Nairobi,211
Taipei,210
Vienna,209
Bangkok,208
Montréal,208
Kraków,201
San Francisco,195
Milan,192
Barcelona,186
Minsk,182
Changsha,181
Dublin,178
Xi’an,177
Brooklyn,175
Council Bluffs,173
Bucharest,171
Stockholm,169
Budapest,169
Suzhou,165
Rome,164
Houston,164
Lima,162
Wrocław,159
Karachi,157
Ahmedabad,152
Wuhan,150
Jaipur,149
Dallas,148
Athens,145
Rio de Janeiro,143
Lucknow,139
Boston,139
Sofia,138
Kathmandu,138
Lahore,137
Kuala Lumpur,136
Nanjing,136
Hamburg,136
Colombo,135
Austin,135
Shijiazhuang,134
Pittsburgh,133
Vancouver,132
Brussels,131
Queens,131
Dhaka,128
Brisbane,127
Bogotá,126
Patna,124
Zhengzhou,124
San Diego,124
Colorado Springs,124
Belgrade,122
Vladivostok,122
Ottawa,122
Phoenix,121
Manila,118
Philadelphia,118
Santiago,115
N/A,113
Riga,112
Wuxi,110
Chongqing,110
Manchester,110
Poznań,110
Portland,110
Indore,109
Miami,109
San Antonio,109
Hefei,108
Zagreb,108
Minneapolis,108
Sunnyvale,107
Ankara,106
Cambridge,105
Köln,104
Lisbon,102
Casablanca,101
Cambridge,101
Calgary,101
N/A,101
Johannesburg,98
Novosibirsk,98
Stuttgart,98
Tianjin,97
Dubai,96
Tbilisi,95
Cochin,95
Copenhagen,94
Bhubaneshwar,93
Luoyang,93
Perth,92
Accra,92
Riyadh,91
Qingdao,91
Göteborg,91
Oslo,91
Yokohama,90
Auckland,90
Coimbatore,86
Medellín,86
Nizhniy Novgorod,85
Fuzhou,85
Bratislava,85
Santa Clara,85
Gurgaon,84
Nanning,84
Washington,84
Des Moines,84
Petaling Jaya,82
Hannover,82
Brasília,81
Lviv,80
Almaty,80
Amman,79
Yekaterinburg,79
Osaka,79
Gdańsk,79
Adelaide,78
Düsseldorf,78
Łódź,78
Islamabad,77
Ranchi,77
Chelyabinsk,77
Nagpur,76
Guiyang,76
Kanpur,75
Birmingham,75
Boardman,75
Krasnodar,74
Phnom Penh,74
Naaldwijk,74
Columbus,74
Edmonton,74
Jeddah,73
Surat,73
Shenyang,73
Reston,73
Thiruvananthapuram,72
Charlotte,72
Salt Lake City,72
Yerevan,71
Dehra Dūn,71
Mississauga,71
Jinan,69
Turin,69
Chandīgarh,68
Bhopāl,68
Tunis,68
Benito Juarez,68
Addis Ababa,67
Linyi,67
Kunming,67
Algiers,67
Dongguan,66
Bristol,66
Lyon,65
Durham,65
Baku,64
Thessaloníki,64
Quezon City,64
N/A,64
Baghdad,63
Tallinn,63
Antwerpen,62
San José,62
Ann Arbor,62
Samara,61
Seoul,61
Edinburgh,61
Leipzig,61
Doha,60
Ufa,60
Ningbo,60
Gent,60
Cape Town,60
Oxford,59
Glasgow,59
Karlsruhe,59
Santo Domingo,59
Cupertino,59
Las Vegas,59
Abidjan,58
Kaohsiung,57
Huzhou,57
Porto,57
Nürnberg,57
Belo Horizonte,57
Oakland,57
Nur-Sultan,56
Quito,56
Orlando,55
Moses Lake,55
Abu Dhabi,54
Dakar,54
Bologna,54
Kitchener,54
Ürümqi,53
Taichung,53
Marseille,53
Fremont,53
Noida,53
Bandung,52
Ljubljana,52
Mexico City,52
İzmir,51
Odessa,51
Curitiba,51
Indianapolis,51
Raleigh,51
Fort Worth,51
Rishon LeẔiyyon,50
Xiamen,50
Wandsworth,50
N/A,50
Leeds,50
Delft,50
Dammam,49
Rostov-na-Donu,49
Kazan,49
Dnipro,49
Thrissur,49
Salem,49
Nanchang,49
Dalian,49
Abuja,48
Valencia,48
Ludhiāna,47
Mannheim,47
Irvine,47
N/A,47
Quanzhou,46
City of Westminster,46
Southampton,46
Coventry,46
Washington,46
Voronezh,45
Vilnius,45
Tyumen,45
Rotterdam,45
Fortaleza,45
St. Louis,45
Jersey City,45
Tucson,45
Burnaby,45
Winnipeg,45
Surabaya,44
