name,visitors,pageviews,bounce_rate,time_on_page,scroll_depth
/zh-cn/3/tutorial/index.html,787,946,62,34,57
/zh-cn/3.13/tutorial/index.html,636,822,51,36,62
/zh-cn/3/,627,781,53,15,75
/zh-cn/3.13/,608,738,41,18,80
/zh-cn/3/library/index.html,382,496,58,38,49
/zh-cn/3.13/library/index.html,319,452,39,44,53
/zh-cn/3/tutorial/interpreter.html,232,214,73,123,79
/zh-cn/3.13/tutorial/introduction.html,214,218,68,178,64
/zh-cn/3.13/tutorial/controlflow.html,211,203,62,197,46
/zh-cn/3.13/tutorial/interpreter.html,211,207,52,69,82
/zh-cn/3/tutorial/controlflow.html,205,188,73,220,42
/zh-cn/3/tutorial/introduction.html,202,193,75,1650,61
/zh-cn/3/library/functions.html,198,207,69,74,42
/zh-cn/3/library/turtle.html,179,200,88,87,30
/zh-cn/3.13/library/functions.html,178,187,57,188,49
/zh-cn/3.13/index.html,173,235,41,12,79
/zh-cn/3.13/search.html,173,278,35,19,62
/zh-cn/3.13/tutorial/appetite.html,162,141,44,73,91
/zh-cn/3.13/library/stdtypes.html,161,210,62,128,48
/zh-cn/3/search.html,158,196,38,54,53
/zh-cn/3/tutorial/appetite.html,155,134,40,69,90
/zh-cn/3/reference/index.html,149,209,51,22,71
/zh-cn/3.13/tutorial/datastructures.html,142,135,62,143,63
/zh-cn/3/library/,142,160,82,40,31
/zh-cn/3/index.html,135,169,51,18,85
/zh-cn/3/tutorial/,135,169,62,57,52
/zh-cn/3/library/stdtypes.html,133,134,64,107,48
/zh-cn/3.13/reference/index.html,132,148,36,40,75
/zh-cn/3.13/library/venv.html,108,103,89,215,35
/zh-cn/3.13/whatsnew/3.13.html,107,92,60,61,23
/zh-cn/3/library/idle.html,105,114,74,23,32
/zh-cn/3.13/using/index.html,104,109,56,23,79
/zh-cn/3.13/glossary.html,96,100,50,74,37
/zh-cn/3/library/multiprocessing.html,96,103,84,81,26
/zh-cn/3/using/,90,96,66,24,80
/zh-cn/3.13/contents.html,89,93,34,28,17
/zh-cn/3.13/download.html,89,81,53,48,88
/zh-cn/3/glossary.html,89,88,58,121,42
/zh-cn/3.13/installing/index.html,86,74,70,72,72
/zh-cn/3.13/tutorial/classes.html,86,78,82,162,55
/zh-cn/3.12/,77,85,54,19,81
/zh-cn/3.13/using/windows.html,77,62,81,59,36
/zh-cn/3/contents.html,77,79,12,39,23
/zh-cn/3.13/tutorial/,75,80,53,41,56
/zh-cn/3/tutorial/datastructures.html,73,65,71,184,72
/zh-cn/3/using/windows.html,71,65,81,65,44
/zh-cn/3.12/library/index.html,70,79,42,21,44
/zh-cn/3/library/venv.html,69,74,90,84,38
/zh-cn/3.13/tutorial/modules.html,68,59,59,127,61
/zh-cn/3.12/tutorial/index.html,65,87,42,20,61
/zh-cn/3.13/howto/index.html,64,77,0,21,91
/zh-cn/3/using/index.html,64,67,62,22,81
/zh-cn/3.13/library/asyncio-task.html,63,72,82,55,35
/zh-cn/3.13/reference/datamodel.html,63,68,71,159,52
/zh-cn/3/tutorial/classes.html,63,64,77,247,62
/zh-cn/3/library/asyncio.html,62,69,69,51,79
/zh-cn/3/download.html,61,55,70,27,88
/zh-cn/3.13/tutorial/errors.html,60,54,74,159,58
/zh-cn/3.15/,60,69,0,13,86
/zh-cn/3/tutorial/modules.html,58,55,56,139,62
/zh-cn/3/reference/lexical_analysis.html,57,54,73,117,57
/zh-cn/3/library/math.html,56,68,85,38,43
/zh-cn/3.12/using/mac.html,55,56,98,25,66
/zh-cn/3.13/tutorial/inputoutput.html,53,44,67,283,70
/zh-cn/3/tutorial/inputoutput.html,53,51,88,117,69
/zh-cn/3.13/library/re.html,52,47,83,176,40
/zh-cn/3/reference/datamodel.html,52,53,60,106,46
/zh-cn/3/library/re.html,51,49,81,189,42
/zh-cn/3.13/library/asyncio.html,50,80,62,24,80
/zh-cn/3.13/py-modindex.html,50,51,50,42,45
/zh-cn/3/installing/index.html,50,44,74,18,65
/zh-cn/3/library/tkinter.html,48,48,52,107,50
/zh-cn/3/using/cmdline.html,48,46,67,25,46
/zh-cn/3/using/mac.html,47,47,68,50,62
/zh-cn/3.13/library/logging.html,46,57,64,188,45
/zh-cn/3.13/reference/lexical_analysis.html,46,45,70,222,62
/zh-cn/3.13/using/mac.html,46,42,97,46,52
/zh-cn/3/whatsnew/3.13.html,46,39,47,53,22
/zh-cn/3.13/reference/compound_stmts.html,45,63,64,71,45
/zh-cn/3/howto/index.html,44,54,43,12,91
/zh-cn/3.13/library/os.html,43,43,72,60,41
/zh-cn/3/library/asyncio-task.html,42,43,82,149,36
/zh-cn/3/library/typing.html,41,39,80,118,35
/zh-cn/3/tutorial/errors.html,41,39,67,108,52
/zh-cn/3/library/tk.html,40,42,47,23,81
/zh-cn/3/reference/compound_stmts.html,40,50,43,129,53
/zh-cn/3.13/tutorial/stdlib.html,39,34,82,181,74
/zh-cn/3/tutorial/venv.html,39,37,88,38,80
/zh-cn/3.13/using/cmdline.html,38,33,38,46,31
/zh-cn/3/library/os.html,38,39,81,107,33
/zh-cn/3/library/threading.html,38,30,81,160,54
/zh-cn/3/tutorial/stdlib.html,38,34,100,56,72
/zh-cn/3/library/string.html,37,29,40,51,65
/zh-cn/3.13/library/tkinter.html,36,36,75,69,47
/zh-cn/3/py-modindex.html,36,43,43,16,58
/zh-cn/3/library/struct.html,35,39,90,53,41
/zh-cn/3.12/search.html,34,51,41,27,62
/zh-cn/3.13/reference/expressions.html,34,33,0,51,64
/zh-cn/3.14/whatsnew/3.14.html,34,39,100,199,43
/zh-cn/3/library/collections.html,34,34,71,152,40
