name,visitors,bounce_rate,visit_duration
Direct / None,4705,60,317
Google,1515,82,122
Bing,1361,73,114
Baidu,576,76,108
python.org,165,0,462
codecademy.cn,87,50,136
link.zhihu.com,64,69,132
chatgpt.com,24,50,122
link.csdn.net,24,60,96
doubao.com,22,50,110
360.cn,19,78,200
python.p2hp.com,13,0,530
runoob.com,12,64,309
yuanbao.tencent.com,12,62,135
Shenma,11,100,0
GitHub,10,89,6
codernav.com,9,33,282
bytedance.larkoffice.com,6,86,205
chat.baidu.com,6,40,1491
doc.weixin.qq.com,6,100,0
acwing.com,5,80,479
yuque.com,5,80,5
DuckDuckGo,4,100,0
c.biancheng.net,4,100,0
cloud.tencent.com,4,100,1442
cs50.harvard.edu,4,0,550
python.byted.org,4,75,12
Sogou,3,67,0
baike.baidu.com,3,33,178
cnblogs.com,3,33,49
codemao.yuque.com,3,100,0
fastapi.tiangolo.com,3,33,17
tongyi.com,3,33,128
urllib3.readthedocs.io,3,0,4
6.65.233.1,2,0,0
Ecosia,2,100,0
Reddit,2,0,2266
ai.chehejia.com,2,50,134
blog.csdn.net,2,100,453
byhy.net,2,0,439
chat-ape.tclking.com,2,0,199
chat.deepseek.com,2,50,739
chat.qwen.ai,2,50,504
docs.vllm.ai,2,0,18
fishc.com.cn,2,100,442
heeee.com,2,100,0
idealab.alibaba-inc.com,2,0,50
jakevdp.github.io,2,0,368
jianshu.com,2,100,0
leetcode.cn,2,100,0
liaoxuefeng.com,2,0,428
link.juejin.cn,2,100,0
lintcode.com,2,50,1
mooc2-ans.chaoxing.com,2,100,0
multidict.aio-libs.org,2,0,61
nornir.xdai.vip,2,0,416
notion.so,2,0,6
oi-wiki.org,2,0,54
pkuschool.yuque.com,2,100,0
pypi.org,2,0,112
wenxiaobai.com,2,100,0
wiki.python.org,2,0,44
114.114.114.114,1,0,437
143.94.16.113,1,0,11
72.itmc.org.cn,1,100,0
8kmm.com,1,0,228
9a4cd491e0872366-8888.cn-northwest-2.gpu-instance.ppinfra.com,1,0,3857
Yandex,1,0,162
ai.accelink.com,1,100,0
ai.xjtu.edu.cn,1,0,765
anquanke.com,1,100,0
app.aigcx.com,1,0,48
app.raindrop.io,1,100,0
blog.changs.co.uk,1,0,425
blog.iyatt.com,1,100,0
bot.n.cn,1,0,26
cat.chatavx.com,1,0,30
cd.xrnm.xyz,1,100,0
chongbuluo.com,1,100,0
class.cqljxdfz.com,1,100,0
clouddevops.huawei.com,1,100,0
copilot.microsoft.com,1,100,0
craft.haplat.net,1,100,0
crossincode.com,1,100,0
csdiy.wiki,1,100,0
davinci.mediatek.inc,1,0,1754
developer.aliyun.com,1,0,9
devguide.python.org,1,0,18
doc.pl,1,100,0
doc.renpy.cn,1,0,23
docs.pydantic.dev,1,0,0
docs.qq.com,1,0,5
docs.ray.io,1,0,1268
docs.zephyrproject.org,1,0,968
fasionchan.com,1,0,147
gitee.com,1,0,343
help.aliyun.com,1,100,0
ilearning.huawei.com,1,0,21
immersive.zhizuobiao.com,1,0,683
kdocs.cn,1,100,0
learning-pytest.readthedocs.io,1,0,0
lixiaolai.com,1,0,21
llxy.alphacoding.cn,1,100,0
m.so.com,1,100,0
mbip92-eyxyol.yuque.com,1,100,0
menu.feiyundun.cn,1,0,37
mooc1-api.chaoxing.com,1,100,0
mvig-rhos.gitbook.io,1,100,0
n.cn,1,100,0
nemo2011.github.io,1,100,0
nowcoder.com,1,100,0
ntp.msn.cn,1,0,122
oa.ia.ac.cn,1,0,387
office-cn-shanghai.imm.aliyuncs.com,1,100,0
opencsg.com,1,100,0
pan.baidu.com,1,0,7
peps.python.org,1,0,11
pip.pypa.io,1,0,925
pyloong.github.io,1,0,833
realpython.com,1,0,4335
share.tu-zi.com,1,100,0
showmeai.tech,1,100,0
steam.oxxostudio.tw,1,0,684
weikezhijia.feishu.cn,1,100,0
wenote.huawei.com,1,100,0
wiki.sipeed.com,1,0,472
wlhmbop707.feishu.cn,1,100,0
workspace.jianguoyun.com,1,100,0
xixichat.top,1,0,0
