name,visitors
Warsaw,74
Poznań,32
Łódź,32
Kraków,27
Wrocław,23
Singapore,20
Gdańsk,15
Bydgoszcz,13
Lublin,8
Podegrodzie,6
Bielawa,5
Moscow,4
Białystok,4
Zielona Góra,4
Knurów,4
Katowice,4
Krasnodar,3
Minsk,3
Wyszków,3
Nowy Sącz,3
Kielce,3
Lipce Reymontowskie,3
Legnica,3
Częstochowa,3
Żyrardów,2
Siemiatycze,2
Rzeszów,2
Olsztyn,2
Mrozy,2
Dębica,2
Frankfurt am Main,2
Berlin,2
Prague,2
Żarki,2
Zabrze,2
Tychy,2
Toruń,2
Szczecin,2
Sława,2
Radomsko,2
Rabka-Zdrój,2
Płock,2
Ostrowite,2
Milówka,2
Luboń,2
Lędziny,2
Kościan,2
Gdynia,2
Mörfelden-Walldorf,2
Brusque,2
San Juan,2
Ufa,1
Zielonka,1
Szczurowa,1
Stanisławów Pierwszy,1
Stalowa Wola,1
Skierniewice,1
Raczki,1
Przemyśl,1
Pruchnik,1
Oleszyce,1
Olecko,1
Mielec,1
Łomianki,1
Konstancin-Jeziorna,1
Gorlice,1
Garwolin,1
Ciechanów,1
Chodel,1
Brzozów,1
Borowa,1
Biała Podlaska,1
Novosibirsk,1
Kunming,1
Chengdu,1
Woking,1
Birmingham,1
Reusel,1
Vienna,1
Innsbruck,1
Althofen,1
Ingolstadt,1
Żory,1
Zbąszyń,1
Wejherowo,1
Świebodzice,1
Pieszyce,1
Oświęcim,1
Opole,1
Olkusz,1
Nowy Tomyśl,1
N/A,1
Mogilany,1
Lipnica Mała,1
Libertów,1
Krzepice,1
Kalwaria Zebrzydowska,1
Kalisz,1
Jaworzno,1
Imielin,1
Góra,1
Bytom,1
Teresina,1
Rio de Janeiro,1
Savannah,1
The Dalles,1
Redenção,1
Nagakute,1
