property,value,visitors,events,percentage
url,(none),8603,17405,99.6
url,https://www.python.org/,180,208,2.1
url,https://github.com/python/cpython/tree/3.13/Lib/idlelib/,36,44,0.4
url,https://www.python.org/downloads/,28,33,0.3
url,https://docs.python.org/zh-cn/3.13/archives/python-3.13-docs-pdf-a4.zip,27,31,0.3
url,https://docs.python.org/zh-cn/3/archives/python-3.13-docs-pdf-a4.zip,20,22,0.2
url,https://www.python.org/downloads/macos/,17,18,0.2
url,https://pypi.org/,11,12,0.1
url,https://github.com/python/cpython/tree/3.13/Lib/turtle.py,10,12,0.1
url,https://docs.python.org/zh-cn/3/archives/python-3.13-docs-html.zip,8,10,0.1
url,https://packaging.python.org/,6,7,0.1
url,https://docs.python.org/zh-cn/3.13/archives/python-3.13-docs.epub,5,6,0.1
url,https://packaging.python.org/en/latest/tutorials/packaging-projects/,5,5,0.1
url,https://docs.python.org/zh-cn/3.13/archives/python-3.13-docs-html.zip,4,4,0.0
url,https://docs.python.org/zh-cn/3/archives/python-3.13-docs.epub,4,4,0.0
url,https://github.com/python/cpython/tree/3.13/Android/testbed/app/src/main/java/org/python/testbed/MainActivity.kt,4,5,0.0
url,https://packaging.python.org/installing/#requirements-for-installing-packages,4,5,0.0
url,https://peps.python.org/pep-0745/,4,5,0.0
url,https://docs.python.org/zh-cn/3.13/archives/python-3.13-docs-text.zip,3,3,0.0
url,https://en.wikipedia.org/wiki/Turtle_(robot),3,3,0.0
url,https://github.com/python/cpython/tree/3.13/Lib/xml/etree/ElementTree.py,3,3,0.0
url,https://docs.python.org/zh-cn/3.15/archives/python-3.15-docs-pdf-a4.zip,2,3,0.0
url,https://docs.python.org/zh-cn/3/archives/python-3.13-docs-pdf-a4.tar.bz2,2,4,0.0
url,https://docs.python.org/zh-cn/3/archives/python-3.13-docs-texinfo.zip,2,2,0.0
url,https://en.wikipedia.org/wiki/Universal_binary,2,6,0.0
url,https://github.com/python/cpython/blob/main/Doc/bugs.rst?plain=1,2,2,0.0
url,https://github.com/python/cpython/blob/main/Doc/tutorial/appetite.rst?plain=1,2,2,0.0
url,https://github.com/python/cpython/tree/3.13/Android/testbed,2,2,0.0
url,https://github.com/python/cpython/tree/3.13/Lib/random.py,2,2,0.0
url,https://github.com/python/cpython/tree/3.13/Lib/re/,2,2,0.0
url,https://github.com/python/cpython/tree/3.13/Lib/tkinter/ttk.py,2,2,0.0
url,https://learn.microsoft.com/windows/win32/procthread/environment-variables,2,2,0.0
url,https://packaging.python.org/en/latest/tutorials/installing-packages/,2,2,0.0
url,https://packaging.python.org/extensions/,2,2,0.0
url,https://packaging.python.org/installing/#creating-virtual-environments,2,2,0.0
url,https://peps.python.org/pep-0008/,2,2,0.0
url,https://peps.python.org/pep-0397/,2,2,0.0
url,https://peps.python.org/pep-0563/,2,2,0.0
url,https://peps.python.org/pep-0684/,2,3,0.0
url,https://peps.python.org/pep-0703/,2,2,0.0
url,https://peps.python.org/pep-0750/,2,2,0.0
url,https://pypi.org/project/Urwid/,2,2,0.0
url,https://pypi.org/project/tomlkit/,2,2,0.0
url,https://termux.dev/en/,2,4,0.0
url,https://tiswww.case.edu/php/chet/readline/rltop.html,2,2,0.0
url,https://wiki.python.org/moin/PythonTestingToolsTaxonomy,2,2,0.0
url,https://www.anaconda.com/download/,2,2,0.0
url,https://www.python.org/psf/donations/,2,2,0.0
url,https://www.tcl.tk/man/tcl8.6/TkCmd/contents.htm,2,2,0.0
url,https://www.tkdocs.com/shipman/,2,2,0.0
url,https://apps.microsoft.com/detail/9NQ7512CXL7T,1,1,0.0
url,https://babel.pocoo.org/,1,1,0.0
url,https://beeware.org/,1,1,0.0
url,https://bpython-interpreter.org/,1,1,0.0
url,https://brew.sh/,1,1,0.0
url,https://briefcase.readthedocs.io/,1,1,0.0
url,https://buildbot.net/,1,1,0.0
url,https://cibuildwheel.pypa.io/en/stable/platforms/#android,1,1,0.0
url,https://code.activestate.com/recipes/393090-binary-floating-point-summation-accurate-to-full-p/,1,1,0.0
url,https://core.tcl.tk/tips/doc/trunk/tip/48.md,1,1,0.0
url,https://cygwin.com/packages/summary/python3.html,1,1,0.0
url,https://datatracker.ietf.org/doc/html/rfc9110.html,1,1,0.0
url,https://devguide.python.org/,1,1,0.0
url,https://devguide.python.org/documentation/help-documenting/,1,1,0.0
url,https://discuss.python.org/t/pep-779-criteria-for-supported-status-for-free-threaded-python/84319/123,1,1,0.0
url,https://docs.python.org/zh-cn/3.13/archives/python-3.13-docs-pdf-a4.tar.bz2,1,1,0.0
url,https://docs.python.org/zh-cn/3.13/archives/python-3.13-docs-texinfo.zip,1,1,0.0
url,https://docs.python.org/zh-cn/3.13/archives/python-3.13-docs-text.tar.bz2,1,1,0.0
url,https://docs.python.org/zh-cn/3/archives/python-3.13-docs-html.tar.bz2,1,1,0.0
url,https://en.opensuse.org/Portal:Packaging,1,1,0.0
url,https://en.wikipedia.org/wiki/Backus%E2%80%93Naur_form,1,1,0.0
url,https://en.wikipedia.org/wiki/Fibonacci_sequence,1,1,0.0
url,https://en.wikipedia.org/wiki/ISO_8601,1,1,0.0
url,https://en.wikipedia.org/wiki/Leap_second,1,1,0.0
url,https://github.com/python/cpython/blob/main/Doc/library/functions.rst?plain=1,1,1,0.0
url,https://github.com/python/cpython/blob/main/Doc/library/http.cookies.rst?plain=1,1,1,0.0
url,https://github.com/python/cpython/blob/main/Doc/library/math.rst?plain=1,1,1,0.0
url,https://github.com/python/cpython/blob/main/Doc/library/tkinter.colorchooser.rst?plain=1,1,1,0.0
url,https://github.com/python/cpython/blob/main/Doc/reference/index.rst?plain=1,1,1,0.0
url,https://github.com/python/cpython/blob/main/Doc/tutorial/index.rst?plain=1,1,1,0.0
url,https://github.com/python/cpython/blob/main/Tools/jit/README.md,1,1,0.0
url,https://github.com/python/cpython/issues/130471,1,1,0.0
url,https://github.com/python/cpython/tree/3.13/Android/testbed/app/src/main/c/main_activity.c,1,1,0.0
url,https://github.com/python/cpython/tree/3.13/Lib/argparse.py,1,1,0.0
url,https://github.com/python/cpython/tree/3.13/Lib/asyncio/,1,1,0.0
url,https://github.com/python/cpython/tree/3.13/Lib/codecs.py,1,1,0.0
url,https://github.com/python/cpython/tree/3.13/Lib/collections/__init__.py,1,1,0.0
url,https://github.com/python/cpython/tree/3.13/Lib/configparser.py,1,1,0.0
url,https://github.com/python/cpython/tree/3.13/Lib/datetime.py,1,1,0.0
url,https://github.com/python/cpython/tree/3.13/Lib/idlelib,1,1,0.0
url,https://github.com/python/cpython/tree/3.13/Lib/logging/__init__.py,1,1,0.0
url,https://github.com/python/cpython/tree/3.13/Lib/multiprocessing/,1,1,0.0
url,https://github.com/python/cpython/tree/3.13/Lib/os.py,1,1,0.0
url,https://github.com/python/cpython/tree/3.13/Lib/pathlib/,1,1,0.0
url,https://github.com/python/cpython/tree/3.13/Lib/platform.py,1,1,0.0
url,https://github.com/python/cpython/tree/3.13/Lib/pydoc.py,1,1,0.0
url,https://github.com/python/cpython/tree/3.13/Lib/tkinter/__init__.py,1,2,0.0
url,https://github.com/python/cpython/tree/3.13/Lib/tkinter/messagebox.py,1,1,0.0
url,https://github.com/python/cpython/tree/3.13/Lib/tkinter/simpledialog.py,1,1,0.0
url,https://github.com/python/cpython/tree/3.13/Lib/types.py,1,1,0.0
url,https://github.com/python/cpython/tree/3.13/Lib/urllib/parse.py,1,1,0.0
url,https://github.com/python/cpython/tree/3.13/Lib/urllib/request.py,1,1,0.0
url,https://github.com/python/cpython/tree/3.13/Lib/warnings.py,1,1,0.0
url,https://github.com/python/cpython/tree/3.13/iOS/README.rst,1,1,0.0
url,https://github.com/python/cpython/tree/3.14/Lib/asyncio/runners.py,1,1,0.0
url,https://infozip.sourceforge.net/,1,1,0.0
url,https://infra.psf.io/,1,1,0.0
url,https://ipython.org/,1,1,0.0
url,https://ironpython.net/,1,1,0.0
url,https://manpages.debian.org/dlopen(3),1,1,0.0
url,https://manpages.debian.org/flock(2),1,1,0.0
url,https://manpages.debian.org/options(3),1,1,0.0
url,https://numpy.org/,1,1,0.0
url,https://packaging.python.org/en/latest/tutorials/installing-packages/#ensure-pip-setuptools-and-wheel-are-up-to-date,1,1,0.0
url,https://packaging.python.org/installing/,1,2,0.0
url,https://peps.python.org/pep-0011/,1,1,0.0
url,https://peps.python.org/pep-0238/,1,1,0.0
url,https://peps.python.org/pep-0338/,1,1,0.0
url,https://peps.python.org/pep-0343/,1,1,0.0
url,https://peps.python.org/pep-0362/,1,1,0.0
url,https://peps.python.org/pep-0424/,1,1,0.0
url,https://peps.python.org/pep-0428/,1,1,0.0
url,https://peps.python.org/pep-0498/,1,1,0.0
url,https://peps.python.org/pep-0572/,1,1,0.0
url,https://peps.python.org/pep-0584/,1,1,0.0
url,https://peps.python.org/pep-0594/,1,1,0.0
url,https://peps.python.org/pep-0617/,1,1,0.0
url,https://peps.python.org/pep-0632/#migration-advice,1,1,0.0
url,https://peps.python.org/pep-0719/,1,1,0.0
url,https://peps.python.org/pep-0779/,1,1,0.0
url,https://peps.python.org/pep-3119/,1,1,0.0
url,https://peps.python.org/pep-3120/,1,1,0.0
url,https://poynton.ca/ColorFAQ.html,1,1,0.0
url,https://py-free-threading.github.io/installing-cpython/,1,1,0.0
url,https://pybind11.readthedocs.io/,1,1,0.0
url,https://requests.readthedocs.io/en/latest/,1,1,0.0
url,https://requests.readthedocs.io/en/master/,1,1,0.0
url,https://rhettinger.wordpress.com/2011/05/26/super-considered-super/,1,2,0.0
url,https://support.apple.com/en-us/HT201732,1,1,0.0
url,https://tkdocs.com/,1,1,0.0
url,https://toml.io/en/,1,1,0.0
url,https://typing.python.org/en/latest/spec/index.html,1,1,0.0
url,https://wasi.dev/,1,1,0.0
url,https://wiki.python.org/moin/BeginnersGuide,1,1,0.0
url,https://wiki.python.org/moin/IntegratedDevelopmentEnvironments,1,1,0.0
url,https://wiki.python.org/moin/PythonEditors,1,1,0.0
url,https://www.cambridgeincolour.com/tutorials/color-spaces.htm,1,1,0.0
url,https://www.debian.org/doc/manuals/maint-guide/first.en.html,1,1,0.0
url,https://www.nuget.org/,1,1,0.0
url,https://www.python.org/about/success,1,1,0.0
url,https://www.python.org/doc/versions/,1,1,0.0
url,https://www.python.org/downloads/windows/,1,1,0.0
url,https://www.sphinx-doc.org/,1,1,0.0
url,https://www.tcl.tk/,1,1,0.0
url,https://www.tcl.tk/man/tcl8.6/TkCmd/ttk_button.htm,1,1,0.0
url,https://www.youtube.com/watch?v=Xbl7XjFYsN4&list=PLhNSoGM2ik6SIkVGXWBwerucXjgP1rHmB,1,1,0.0
