property,value,visitors,events,percentage
url,(none),1156,1824,99.7
url,https://www.python.org/,17,18,1.5
url,https://github.com/python/cpython/tree/3.13/Lib/idlelib/,7,7,0.6
url,https://pypi.org/,2,2,0.2
url,https://docs.python.org/ko/3.13/archives/python-3.13-docs-text.zip,1,1,0.1
url,https://docs.python.org/ko/3.15/archives/python-3.15-docs-text.zip,1,1,0.1
url,https://emscripten.org/,1,1,0.1
url,https://en.wikipedia.org/wiki/Fibonacci_sequence,1,1,0.1
url,https://github.com/python/cpython/blob/main/Doc/glossary.rst?plain=1,1,1,0.1
url,https://github.com/python/cpython/tree/3.13/Lib/code.py,1,1,0.1
url,https://packaging.python.org/en/latest/tutorials/installing-packages/#ensure-pip-setuptools-and-wheel-are-up-to-date,1,1,0.1
url,https://packaging.python.org/extensions/,1,1,0.1
url,https://peps.python.org/pep-0719/,1,1,0.1
url,https://wiki.python.org/moin/BeginnersGuide,1,1,0.1
