name,visitors
Tokyo,287
New York City,249
Chennai,238
London,236
Bengaluru,234
Singapore,218
Hyderabad,217
Frankfurt am Main,195
Moscow,194
Mumbai,188
Beijing,187
Hong Kong,184
Amsterdam,177
Paris,171
Los Angeles,159
Chicago,155
Munich,146
Shanghai,140
San Jose,139
São Paulo,137
Warsaw,133
Guangzhou,132
Pune,121
Sydney,118
Ashburn,115
Ho Chi Minh City,112
Seattle,112
Hanoi,110
Berlin,109
New Delhi,107
Melbourne,101
Toronto,101
Madrid,98
Saint Petersburg,95
Dublin,86
Vienna,83
Bogotá,83
Helsinki,80
Istanbul,78
Bangkok,77
Zürich,75
Tel Aviv,74
Taipei,74
Milan,73
Rio de Janeiro,71
Prague,69
Kyiv,68
Kolkata,67
Manchester,66
Delhi,60
Shenzhen,60
Seoul,60
Reston,60
Stockholm,59
Chengdu,58
Lima,57
Atlanta,57
Austin,57
Dallas,57
Montréal,57
San Francisco,55
Denver,55
Santiago,54
Jakarta,50
Hamburg,48
Boardman,48
Hangzhou,46
Budapest,46
Cairo,45
Auckland,45
Boston,45
Brussels,44
Düsseldorf,42
N/A,42
Lahore,41
Ahmedabad,41
Barcelona,41
Oslo,41
Brooklyn,41
Coimbatore,40
Osaka,40
Stuttgart,40
Nairobi,39
Cochin,39
Wuhan,39
Brisbane,39
Lisbon,39
Kraków,39
Portland,39
Vancouver,39
Minsk,36
Belgrade,35
Zhengzhou,35
Copenhagen,35
Tashkent,34
Rome,34
San Diego,34
Lucknow,33
Bhopāl,33
Perth,33
Jaipur,32
Yekaterinburg,32
Suzhou,32
Cape Town,32
Brasília,32
Calgary,32
Riyadh,31
Athens,30
Krasnodar,29
Bucharest,29
Taichung,29
Novosibirsk,28
Wrocław,28
N/A,28
Samara,27
Lviv,27
Kathmandu,27
Nanjing,27
Seongnam-si,27
Poznań,27
N/A,27
Philadelphia,27
Nizhniy Novgorod,26
Karachi,26
Nagpur,26
Chelyabinsk,26
Kuala Lumpur,26
Mexico City,26
Panamá,26
Santa Clara,26
Sunnyvale,26
Las Vegas,26
Patna,25
Bishkek,25
Changsha,25
Edinburgh,25
Medellín,25
Washington,25
Dubai,24
Addis Ababa,24
Vilnius,24
Colombo,24
Salem,24
Xi’an,24
Rotterdam,24
Gdańsk,24
Queens,24
Salt Lake City,24
Lagos,23
Haarlem,23
Houston,23
Riga,22
Yerevan,22
Sofia,22
Johannesburg,22
Accra,22
Casablanca,22
Göteborg,22
Miami,22
San Antonio,22
Ankara,21
Curitiba,21
Pittsburgh,21
Tehran,20
Dnipro,20
Surat,20
Naaldwijk,20
Marseille,20
Aachen,20
Belo Horizonte,20
Charlotte,20
Cambridge,20
Cupertino,20
Nur-Sultan,19
Kaohsiung,19
Chongqing,19
Köln,19
Suwon,18
Quito,18
Guadalajara,18
Columbus,18
Minneapolis,18
Mountain View,18
Ottawa,18
Noida,18
Rostov-na-Donu,17
Jinan,17
Dongguan,17
N/A,17
Ibadan,17
Glasgow,17
Cambridge,17
Montevideo,17
Guayaquil,17
N/A,17
Ufa,16
Tbilisi,16
Dhaka,16
Vadodara,16
Thrissur,16
Kozhikode,16
Tianjin,16
N/A,16
Croydon,16
Lyon,16
N/A,16
Buenos Aires,16
San José,16
Phoenix,16
Giza,15
Tallinn,15
Gurgaon,15
Xiamen,15
Taiyuan,15
N/A,15
Nürnberg,15
Leipzig,15
Hannover,15
Falkenstein,15
Brno,15
Campinas,15
Palo Alto,15
Redmond,15
Petaẖ Tiqwa,14
Taoyuan,14
Nanning,14
Phnom Penh,14
Incheon,14
Adelaide,14
Bratislava,14
Orlando,14
St. Louis,14
Albuquerque,14
Amman,13
Abu Dhabi,13
Kazan,13
Kharkiv,13
Visakhapatnam,13
Madurai,13
Da Nang,13
Sheffield,13
N/A,13
Utrecht,13
Naples,13
Zagreb,13
Manaus,13
Barranquilla,13
Washington,13
Council Bluffs,13
Fremont,13
Voronezh,12
Indore,12
Almaty,12
Tainan,12
Ningbo,12
Hwaseong-si,12
Irkutsk,12
Shenyang,12
Abuja,12
Kensington,12
Islington,12
Fulham,12
Bristol,12
Birmingham,12
Eindhoven,12
Bremen,12
Recife,12
Gustavo Adolfo Madero,12
Benito Juarez,12
Columbia,12
Fort Worth,12
Arlington,12
Mississauga,12
Perm,11
Baku,11
Chiang Mai,11
Islamabad,11
Varanasi,11
Krasnoyarsk,11
Guiyang,11
Wandsworth,11
Slough,11
Leeds,11
Karlsruhe,11
Dresden,11
Goiânia,11
Córdoba,11
Huntsville,11
Baltimore,11
Durham,11
Oakland,11
N/A,11
N/A,11
Jerusalem,10
Alexandria,10
Yaroslavl,10
Ulyanovsk,10
Odessa,10
Pretoria,10
Thiruvananthapuram,10
