name,visitors
United States,3521
India,1072
Germany,979
United Kingdom,952
China,949
Russian Federation,672
France,521
Canada,473
Japan,410
Brazil,392
Poland,335
Netherlands,300
Spain,280
Singapore,239
Switzerland,188
Vietnam,187
Mexico,179
Australia,178
South Korea,177
Hong Kong,175
Italy,169
Ukraine,148
Sweden,144
Israel,117
Taiwan,117
Colombia,108
Finland,104
Austria,100
Czechia,93
Belgium,91
Turkey,89
Egypt,82
Indonesia,79
Ireland,73
Denmark,70
Romania,70
Portugal,65
Norway,63
Nigeria,62
Argentina,60
Philippines,57
Chile,56
Pakistan,53
South Africa,52
Kazakhstan,48
Hungary,44
Belarus,40
Malaysia,40
Uzbekistan,40
Bangladesh,38
Greece,38
Bulgaria,37
Thailand,37
United Arab Emirates,36
Kenya,34
Morocco,30
Peru,29
Saudi Arabia,28
Serbia,26
Ecuador,23
Latvia,23
New Zealand,22
Ethiopia,20
Georgia,20
Lithuania,20
Moldova,19
Slovakia,19
Ghana,17
Tunisia,17
Costa Rica,15
Algeria,14
Estonia,14
Croatia,14
Iran,14
Nepal,14
Kyrgyzstan,13
Sri Lanka,13
Venezuela,12
Slovenia,11
Armenia,10
Azerbaijan,10
Cyprus,10
Cambodia,10
Myanmar,10
Luxembourg,9
Côte d'Ivoire,8
Dominican Republic,8
Madagascar,8
Yemen,8
Bolivia,7
Iraq,7
Lebanon,7
Senegal,7
Bahrain,6
Panama,6
"Palestine, State of",6
Qatar,6
Uruguay,6
Afghanistan,5
Benin,5
Jordan,5
North Macedonia,5
Mongolia,5
Puerto Rico,5
Paraguay,5
"Congo, The Democratic Republic of the",4
Nicaragua,4
Rwanda,4
Botswana,3
Guatemala,3
Kuwait,3
Libya,3
Macao,3
Oman,3
Seychelles,3
El Salvador,3
Kosovo,3
Albania,2
Bosnia and Herzegovina,2
Bahamas,2
Cameroon,2
French Guiana,2
Honduras,2
Jamaica,2
Montenegro,2
Mauritius,2
Réunion,2
Trinidad and Tobago,2
Tanzania,2
Uganda,2
Zambia,2
Angola,1
Brunei Darussalam,1
Cabo Verde,1
Guyana,1
Haiti,1
Iceland,1
Jersey,1
Mauritania,1
Maldives,1
Sierra Leone,1
Somalia,1
Syria,1
Tajikistan,1
Holy See (Vatican City State),1
Saint Vincent and the Grenadines,1
Zimbabwe,1
