name,visitors
China,4977
Hong Kong,1231
Singapore,836
United States,523
Japan,418
Taiwan,250
Germany,37
Australia,36
Canada,27
South Korea,27
Malaysia,27
United Kingdom,17
France,16
Macao,11
Netherlands,10
Vietnam,8
India,6
United Arab Emirates,5
Finland,5
Russian Federation,5
Spain,4
Cambodia,4
Sweden,4
Thailand,4
Argentina,3
Indonesia,3
Austria,2
Belgium,2
Greece,2
Sri Lanka,2
Myanmar,2
New Zealand,2
Philippines,2
Portugal,2
Antarctica,1
Switzerland,1
Czechia,1
Denmark,1
Georgia,1
Gibraltar,1
Hungary,1
Ireland,1
Israel,1
Italy,1
Kazakhstan,1
Lithuania,1
Mongolia,1
Mauritius,1
Mexico,1
Papua New Guinea,1
Saudi Arabia,1
Tanzania,1
