name,visitors,bounce_rate,visit_duration
Google,682,75,132
Direct / None,556,62,208
Bing,69,74,86
Brave,37,74,119
DuckDuckGo,27,72,118
python.org,25,0,196
openclassrooms.com,20,81,31
chatgpt.com,15,50,166
Ecosia,8,100,72
Qwant,8,100,143
Baidu,4,100,84
Lilo,4,75,124
Perplexity,4,33,78
Yahoo!,4,75,360
nsirenoir.fr,4,50,226
Youtube,3,33,40
copilot.microsoft.com,3,0,825
moodle.caseine.org,3,67,159
moodle.polymtl.ca,3,50,44
moodle.univ-lille.fr,3,33,4
GitHub,2,50,2
auto-ens.univ-lille.fr,2,50,277
ena.etsmtl.ca,2,50,1453
moodle.u-pariscite.fr,2,100,0
0540030p.moodle.monbureaunumerique.fr,1,100,0
Gmail,1,0,10
aiomultiprocess.omnilib.dev,1,0,237
celene.univ-orleans.fr,1,100,0
collegeboreal.brightspace.com,1,100,0
devguide.python.org,1,0,408
foad.univ-rennes.fr,1,100,0
gamelightgearforce.top,1,100,0
iut2-www-info.univ-grenoble-alpes.fr,1,0,55
lyc-84-bollene.gitlab.io,1,0,128
mightytechy.com,1,0,19
moodle-central.univ-reunion.fr,1,100,0
moodle.umontpellier.fr,1,0,32
moodle.unil.ch,1,0,161
moodle.univ-artois.fr,1,100,0
nsi.eduzonelab.com,1,100,0
overleaf.com,1,0,104
pandas.pydata.org,1,0,1426
python.developpez.com,1,100,0
python.guillod.org,1,100,0
python.sdv.u-paris.fr,1,100,0
qkzk.xyz,1,0,7
search.avastbrowser.com,1,100,0
startpage.com,1,0,158
yuanbao.tencent.com,1,0,11
zestedesavoir.com,1,100,0
zonensi.fr,1,100,0
