name,unique_entrances,total_entrances,visit_duration
/3.14/using/windows.html,1651,1681,61
/3.14/tutorial/index.html,1547,1605,100
/3/,1216,1226,411
/3.14/,639,658,129
/3.14/tutorial/,398,407,193
/3.14/index.html,354,364,55
/3.14/whatsnew/3.14.html,335,349,149
/dev/using/windows.html,321,322,609
/zh-cn/3.14/,185,188,278
/zh-cn/3.14/tutorial/index.html,135,140,255
/3.14/tutorial/appetite.html,132,135,233
/3/tutorial/index.html,130,130,749
/3.14/tutorial/interpreter.html,120,125,175
/3.14/library/functions.html,102,110,43
/3.14/search.html,97,102,199
/3.14/tutorial/introduction.html,95,102,132
/3.14/library/index.html,92,105,209
/3.14/library/stdtypes.html,87,94,115
/3/library/idle.html,85,85,388
/3.14/tutorial/controlflow.html,81,92,177
/zh-cn/3.14/library/index.html,80,88,332
/zh-cn/3.14/tutorial/controlflow.html,64,68,496
/3/using/windows.html,60,60,432
/3/library/index.html,58,59,350
/3/library/functions.html,57,57,307
/zh-cn/3.14/library/functions.html,57,58,320
/3.15/,56,56,268
/es/3.14/tutorial/index.html,53,55,87
/zh-cn/3.14/using/index.html,51,51,58
/3.14/library/,50,50,121
/zh-cn/3.14/search.html,50,50,270
/3.14/using/mac.html,49,49,106
/zh-cn/3.14/tutorial/introduction.html,46,48,250
/zh-cn/3/,46,46,361
/3/tutorial/,44,44,725
/pt-br/3.14/library/functions.html,42,48,378
/zh-cn/3.14/whatsnew/3.14.html,41,41,29
/3.14/library/idle.html,39,39,124
/3/search.html,39,39,558
/zh-cn/3.14/tutorial/datastructures.html,37,38,172
/3.14/library/typing.html,35,35,82
/zh-cn/3.14/index.html,34,34,343
/zh-cn/3.14/installing/index.html,34,34,162
/zh-cn/3.14/library/stdtypes.html,29,30,171
/3.14/reference/index.html,28,28,349
/3/whatsnew/3.14.html,28,28,556
/es/3.14/library/functions.html,28,30,167
/3.14/library/tkinter.html,27,27,201
/3.14/tutorial/datastructures.html,27,28,189
/es/3.14/,27,28,100
/ja/3.14/,27,28,335
/3/library/tkinter.html,26,26,415
/3.14/glossary.html,25,26,675
/3.14/library/datetime.html,25,27,23
/3/index.html,25,25,289
/zh-cn/3.14/tutorial/interpreter.html,25,26,683
/3/tutorial/datastructures.html,24,24,785
/pt-br/3.14/,24,24,143
/zh-cn/3.14/library/idle.html,24,24,134
/3.14/installing/index.html,23,23,59
/fr/3.14/,23,25,110
/zh-cn/3.14/reference/index.html,23,23,441
/zh-cn/3.14/tutorial/appetite.html,23,24,314
/zh-cn/3.14/tutorial/modules.html,23,25,238
/3.14/library/random.html,22,22,81
/3.14/library/re.html,22,23,104
/zh-cn/3.14/contents.html,22,22,437
/zh-cn/3.14/glossary.html,22,22,213
/3.14/tutorial/classes.html,21,23,82
/3.15/whatsnew/3.15.html,21,21,346
/zh-cn/3.14/using/windows.html,21,21,20
/3.14/download.html,20,22,549
/3/library/stdtypes.html,20,20,1040
/3/license.html,20,20,294
/3/download.html,19,19,311
/3/library/typing.html,19,19,640
/es/3.14/tutorial/introduction.html,19,20,121
/zh-cn/3.14/tutorial/classes.html,19,21,591
/3/tutorial/appetite.html,18,18,441
/3.14/contents.html,17,17,121
/3.14/reference/lexical_analysis.html,17,17,266
/fr/3.14/tutorial/index.html,17,19,133
/zh-cn/3.14/library/re.html,17,17,349
/zh-cn/3.14/tutorial/,17,18,963
/3.13/,16,16,434
/3.14/library/os.html,16,17,240
/3.14/library/string.templatelib.html,16,16,88
/3.14/py-modindex.html,16,16,552
/3/library/turtle.html,16,17,590
/3/reference/index.html,16,16,426
/fr/3.14/search.html,16,16,244
/3.14/license.html,15,15,12
/3/using/index.html,15,15,1020
/3.12/,14,14,181
/3.14/tutorial/modules.html,14,17,265
/3/library/asyncio.html,14,15,1198
/3/library/datetime.html,14,14,447
/3/library/os.html,14,14,249
/3/py-modindex.html,14,14,203
/ja/3.14/library/tkinter.dnd.html,14,14,0
/ja/3.14/library/traceback.html,14,14,0
/zh-cn/3.14/tutorial/errors.html,14,15,142
/zh-cn/3.14/tutorial/inputoutput.html,14,16,575
/3.14/library/pathlib.html,13,13,238
/3.14/reference/datamodel.html,13,13,536
/3/library/pathlib.html,13,13,1074
/3/library/re.html,13,13,1461
/3/tutorial/inputoutput.html,13,13,844
/3/tutorial/introduction.html,13,13,352
/es/3.14/library/stdtypes.html,13,14,157
/es/3.14/search.html,13,15,57
/ja/3.14/search.html,13,16,294
/zh-cn/3.14/download.html,13,13,843
/zh-cn/3.14/reference/datamodel.html,13,14,7
/zh-cn/3.14/using/cmdline.html,13,13,37
/3.14/library/string.html,12,12,50
/pt-br/3.14/tutorial/index.html,12,12,481
/zh-cn/3.14/library/argparse.html,12,14,77
/zh-cn/3.14/library/asyncio.html,12,13,416
/zh-cn/3.14/library/tkinter.html,12,12,2
/zh-cn/3.14/library/typing.html,12,12,47
/zh-cn/3.14/using/android.html,12,13,0
/zh-cn/3.14/whatsnew/,12,12,164
/3.14/library/argparse.html,11,11,175
/3.14/library/csv.html,11,11,15
/3.14/library/turtle.html,11,11,90
/3/library/math.html,11,12,1022
/3/library/venv.html,11,11,632
/3/tutorial/controlflow.html,11,11,620
/es/3/,11,11,1073
/es/3/tutorial/,11,11,453
/fr/3.14/tutorial/controlflow.html,11,11,112
/fr/3.14/tutorial/datastructures.html,11,14,362
/fr/3.14/tutorial/introduction.html,11,11,7
/it/3.14/tutorial/index.html,11,11,144
/zh-cn/3.14/library/collections.html,11,11,83
/zh-cn/3.14/library/urllib.request.html,11,11,29
/3.14/library/compression.zstd.html,10,11,110
/3/faq/,10,10,292
/3/glossary.html,10,10,628
/3/installing/index.html,10,10,382
/3/library/os.path.html,10,10,1465
/3/library/random.html,10,10,1105
/es/3.14/library/turtle.html,10,15,311
/es/3.14/tutorial/appetite.html,10,11,2
/tr/3.14/,10,10,236
/zh-cn/3.14/library/,10,10,130
/zh-cn/3.14/library/datetime.html,10,10,9
/zh-cn/3.14/library/json.html,10,11,153
/zh-cn/3.14/library/removed.html,10,10,0
/zh-cn/3.14/whatsnew/3.13.html,10,10,106
/zh-cn/3/tutorial/index.html,10,10,1268
/3.13/tutorial/index.html,9,9,337
/3.14/library/concurrent.futures.html,9,9,0
/3.14/using/cmdline.html,9,10,457
/3.14/whatsnew/index.html,9,9,11
/3/contents.html,9,9,158
/3/library/,9,9,549
/3/library/string.html,9,9,574
/3/library/subprocess.html,9,9,547
/3/reference/datamodel.html,9,9,484
/3/tutorial/interpreter.html,9,9,1086
/3/tutorial/modules.html,9,9,809
/3/tutorial/venv.html,9,9,228
/es/3.14/tutorial/datastructures.html,9,10,1258
/ja/3.14/library/time.html,9,9,0
/ja/3.14/using/windows.html,9,10,166
/pt-br/3.14/library/math.html,9,9,505
/pt-br/3/,9,9,407
/zh-cn/3.14/library/exceptions.html,9,11,0
/zh-cn/3.14/library/socket.html,9,9,0
/zh-cn/3.14/library/subprocess.html,9,9,26
/zh-cn/3.14/py-modindex.html,9,9,32
/3.14/library/array.html,8,8,48
/3.14/library/subprocess.html,8,8,123
/3.14/library/threading.html,8,8,0
/3.14/tutorial/venv.html,8,8,233
/3.14/using/index.html,8,8,552
/3/library/argparse.html,8,8,200
/3/library/asyncio-task.html,8,8,1340
/3/library/enum.html,8,8,522
/3/library/exceptions.html,8,8,306
/3/library/unittest.html,8,8,242
/3/reference/lexical_analysis.html,8,8,901
/el/3.14/library/sysconfig.html,8,8,0
/es/3.14/tutorial/controlflow.html,8,8,7
/ja/3.14/library/index.html,8,11,181
/ja/3.14/library/sqlite3.html,8,8,0
/ja/3.14/library/stdtypes.html,8,10,38
/ja/3.14/tutorial/index.html,8,9,527
/ja/3/,8,8,453
/pt-br/3.14/library/index.html,8,8,103
/pt-br/3.14/library/random.html,8,8,164
/pt-br/3.14/search.html,8,8,274
/tr/3.14/tutorial/errors.html,8,8,4
/zh-cn/3.14/library/pathlib.html,8,8,0
/zh-cn/3.14/library/xdrlib.html,8,8,0
/zh-cn/3.14/tutorial/stdlib2.html,8,9,165
/zh-cn/3.14/whatsnew/3.12.html,8,8,0
/zh-cn/3.14/whatsnew/index.html,8,8,95
/3.14/genindex.html,7,7,54
/3.14/library/asyncio.html,7,7,22
/3.14/library/collections.html,7,7,347
/3.14/library/intro.html,7,7,37
/3.14/library/uuid.html,7,7,123
/3/library/collections.html,7,7,1864
/3/library/dataclasses.html,7,7,36
/3/library/itertools.html,7,7,1309
/3/library/threading.html,7,7,95
/3/using/cmdline.html,7,7,134
/el/3.14/index.html,7,7,0
/es/3.14/tutorial/modules.html,7,7,0
/fr/3.14/library/turtle.html,7,7,48
/tr/3.14/tutorial/index.html,7,7,13
/zh-cn/3.14/library/asyncio-task.html,7,7,11
/zh-cn/3.14/library/math.html,7,7,49
/zh-cn/3.14/library/random.html,7,7,0
/zh-cn/3.14/library/turtle.html,7,7,229
/zh-cn/3.14/reference/compound_stmts.html,7,7,288
/zh-cn/3.14/tutorial/venv.html,7,7,38
/zh-cn/3/library/index.html,7,7,1417
/3.14/genindex-all.html,6,6,90
/3.14/howto/index.html,6,6,14
/3.14/library/io.html,6,6,0
/3.14/library/sys.html,6,6,58
/3.14/library/time.html,6,6,4
/3.14/reference/expressions.html,6,7,421
/3.14/reference/simple_stmts.html,6,6,334
/3.14/tutorial/appendix.html,6,6,819
/3.14/tutorial/inputoutput.html,6,6,4
/3.14/using/configure.html,6,6,0
/3/genindex.html,6,6,187
/3/library/multiprocessing.html,6,6,1235
/bn-in/3.14/library/pwd.html,6,6,0
/el/3.14/library/graphlib.html,6,6,0
/el/3.14/library/importlib.resources.abc.html,6,6,0
/es/3.14/library/math.html,6,6,3
/es/3.14/tutorial/,6,6,398
/es/3.14/tutorial/interpreter.html,6,6,111
/es/3.14/using/windows.html,6,6,16
/fr/3.14/library/stdtypes.html,6,6,44
/fr/3.14/tutorial/appetite.html,6,6,507
/fr/3/library/turtle.html,6,6,796
/it/3.14/,6,6,556
/ja/3.14/library/ast.html,6,6,0
/ja/3.14/library/datetime.html,6,6,0
/ja/3.14/library/ftplib.html,6,6,0
/ja/3.14/library/tkinter.colorchooser.html,6,6,0
/ja/3/tutorial/,6,6,2110
/ko/3.14/,6,6,301
/ko/3.14/tutorial/index.html,6,6,135
/pt-br/3.14/library/os.html,6,6,1
/pt-br/3.14/library/socket.html,6,6,228
/pt-br/3.14/library/stdtypes.html,6,6,106
/pt-br/3.14/library/tkinter.html,6,6,66
/pt-br/3.14/tutorial/controlflow.html,6,10,39
/zh-cn/3.14/installing/,6,6,0
/zh-cn/3.14/library/ast.html,6,6,0
/zh-cn/3.14/library/dataclasses.html,6,6,4
/zh-cn/3.14/library/sqlite3.html,6,6,664
/zh-cn/3.14/library/unittest.html,6,8,10
/zh-cn/3.14/reference/import.html,6,6,95
/zh-tw/3.14/tutorial/index.html,6,6,391
/zh-tw/3.14/using/android.html,6,6,9
/3.14/c-api/index.html,5,5,94
/3.14/howto/free-threading-python.html,5,5,0
/3.14/library/codecs.html,5,6,110
/3.14/library/exceptions.html,5,5,687
/3.14/library/math.html,5,5,3
/3.14/library/socket.html,5,5,0
/3.14/library/sqlite3.html,5,5,400
/3.14/library/sys.monitoring.html,5,5,3
/3.14/library/types.html,5,5,0
/3.14/tutorial/stdlib.html,5,5,120
/3.14/whatsnew/changelog.html,5,5,2
/3.15/tutorial/index.html,5,5,315
/3/library/csv.html,5,5,2208
/3/library/intro.html,5,5,1087
/3/library/json.html,5,5,205
/3/library/sqlite3.html,5,5,968
/3/library/time.html,5,5,188
/3/tutorial/classes.html,5,5,41
/3/whatsnew/index.html,5,5,104
/bn-in/3.14/library/posix.html,5,5,0
/dev/,5,5,340
/es/3.14/library/re.html,5,5,1062
/es/3.14/tutorial/errors.html,5,5,476
/es/3.14/using/index.html,5,7,0
/es/3.14/whatsnew/3.14.html,5,5,56
/fr/3.14/library/functions.html,5,6,174
/it/3.14/library/idle.html,5,5,73
/ja/3.14/library/asyncio.html,5,5,0
/ja/3.14/library/curses.html,5,5,0
/ja/3.14/tutorial/interpreter.html,5,7,234
/pl/3.14/tutorial/index.html,5,5,100
/zh-cn/3.14/faq/programming.html,5,5,573
/zh-cn/3.14/howto/free-threading-python.html,5,5,118
/zh-cn/3.14/howto/index.html,5,5,88
/zh-cn/3.14/library/ctypes.html,5,5,0
/zh-cn/3.14/library/multiprocessing.html,5,5,84
