name,version,visitors
Chrome,143.0,1021
Microsoft Edge,143.0,271
Opera,125.0,133
Firefox,146.0,69
Chrome,111.0,63
Chrome,132.0,53
Sogou Explorer,2,52
Firefox,5.0,52
Chrome,69.0,50
360 Secure Browser,(not set),43
Chrome,139.0,29
Chrome,142.0,27
Firefox,140.0,13
Chrome,138.0,11
Safari,18.6,9
Safari,26.2,8
Chrome,107.0,7
Chrome,133.0,7
Chrome,105.0,6
Chrome,131.0,6
Microsoft Edge,142.0,6
Chrome,117.0,5
Samsung Browser,29.0,5
Mobile App,(not set),4
Chrome,108.0,4
Chrome,109.0,4
Chrome,116.0,4
Chrome,120.0,4
Chrome,136.0,4
Chrome,137.0,4
Microsoft Edge,141.0,4
Safari,18.5,4
Safari,26.1,4
Chrome,103.0,3
Chrome,106.0,3
Opera,124.0,3
Chrome,141.0,3
Firefox,141.0,3
Avast Secure Browser,143.0,3
Firefox,145.0,3
Safari,18.7,3
Chrome,70.0,3
Quark,(not set),2
Firefox,128.0,2
Chrome,130.0,2
Chrome,135.0,2
Microsoft Edge,135.0,2
Chrome,140.0,2
Mobile App,143.0,2
Safari,26.0,2
Safari,26.3,2
Opera,93.0,2
Chrome,97.0,2
Android Browser,(not set),1
(not set),(not set),1
Chrome,104.0,1
Chrome,110.0,1
Chrome,112.0,1
Firefox,115.0,1
Chrome,121.0,1
Microsoft Edge,122.0,1
Chrome,122.0,1
Chrome,124.0,1
Chrome,125.0,1
QQ Browser,13.3,1
Microsoft Edge,131.0,1
Microsoft Edge,133.0,1
Chrome,134.0,1
Firefox,135.0,1
MIUI Browser,14.10,1
Firefox,142.0,1
Ecosia,143.0,1
Chrome,144.0,1
Firefox,147.0,1
Safari,16.6,1
Safari,18.3,1
Samsung Browser,28.0,1
vivo Browser,5.2,1
Chrome,80.0,1
Chrome,90.0,1
