name,visitors,bounce_rate,visit_duration
google.com,98218,82,108
Direct / None,56154,69,176
bing.com,7540,79,110
python.org,6884,57,134
duckduckgo.com,4544,77,131
yandex.ru,2440,79,46
search.brave.com,1768,80,92
chatgpt.com,1611,74,102
cn.bing.com,1498,74,114
boot.dev,915,79,152
cs50.harvard.edu,776,70,274
google.com.hk,741,82,137
reddit.com,655,83,84
udemy.com,534,88,89
ecosia.org,516,81,115
pandas.pydata.org,450,92,71
google.de,328,83,156
m.baidu.com,302,85,25
statics.teams.cdn.office.net,302,86,102
matplotlib.org,292,93,16
qiita.com,287,79,123
note.nkmk.me,275,85,135
github.com,272,86,40
baidu.com/link,258,68,175
google.co.uk,246,84,70
code.visualstudio.com,235,84,33
discuss.python.org,230,86,88
ya.ru,229,87,14
realpython.com,224,80,66
wiki.python.org,198,62,170
netacad.com,192,90,8
pip.pypa.io/en/stable/installation,171,82,46
roadmap.sh,171,80,152
docs.pydantic.dev,157,80,127
google.co.in,136,83,30
numpy.org,135,82,51
codecademy.com,131,88,64
search.yahoo.com,130,81,84
pytest-mock.readthedocs.io/en/latest/usage.html,127,64,374
docs.pytorch.org,120,91,34
youtube.com,115,86,33
es.python.org,114,52,155
qwant.com,109,76,143
pypi.org,101,81,154
google.ca,100,73,187
peps.python.org,99,75,177
news.ycombinator.com,98,92,22
link.zhihu.com,97,61,92
practicum.yandex.ru,97,82,43
learn.microsoft.com,96,88,34
scikit-learn.org,95,74,89
google.fr,93,81,188
fastapi.tiangolo.com,92,88,73
code.amazon.com,86,91,72
gemini.google.com,84,67,203
google.com.br,83,80,55
google.ru,80,82,110
stackoverflow.com,77,77,186
byui-cse.github.io,76,85,74
python.p2hp.com,70,36,565
yandex.by,70,79,95
in.search.yahoo.com,68,74,75
pygame.org,68,84,60
google.it,66,73,140
google.co.jp,65,74,639
networkx.org,65,82,48
perplexity.ai,63,73,156
airflow.apache.org,59,90,46
android-app://com.google.android.googlequicksearchbox,59,86,108
link.csdn.net,58,74,155
copilot.microsoft.com,57,58,130
google.com.tw,57,71,83
intranet.alxswe.com,57,63,195
google.ch,56,76,142
docs.google.com,55,79,88
google.pl,55,80,172
doubao.com,53,57,87
google.nl,52,80,56
intranet.hbtn.io,48,69,110
developers.google.com,46,89,40
odoo.com,46,87,35
baidu.com,45,82,52
android-app://com.reddit.frontpage,44,85,44
cursos.alura.com.br,44,81,117
google.se,44,82,165
notebooks.githubusercontent.com,44,74,314
so.com/link,44,70,28
codedex.io,43,86,73
exam.iniad.org,43,45,46
google.es,43,77,354
kivy.org,43,76,96
py.mit.edu,43,80,86
engdoc.corp.google.com,42,79,92
google.com.au,42,89,114
yandex.ru/search,42,86,39
docs.astral.sh,41,86,75
hackerrank.com,41,91,11
langchain-ai.github.io,41,90,47
yandex.kz,38,82,77
github.com/yt-dlp/yt-dlp,37,92,4
g3doc.corp.google.com,36,83,102
openclassrooms.com,34,97,13
app.aluracursos.com,33,92,10
packaging.python.org/en/latest/tutorials/packaging-projects,33,85,141
google.be,32,77,94
learn.zybooks.com,31,61,89
mne.tools,31,94,1
python.jp,31,56,157
docs.ansible.com,30,94,21
wikidocs.net,28,85,68
google.at,27,86,93
packaging.python.org/en/latest/tutorials/installing-packages,27,85,32
robotframework.org,27,85,17
yuanbao.tencent.com,27,67,157
yz.m.sm.cn/s,27,89,1
digitalocean.com,26,88,75
kalasalingam.codetantra.com,26,93,2
leetcode.com,26,92,25
liaoxuefeng.com,26,100,0
pytest-mock.readthedocs.io,26,67,67
s3.eu-west-1.amazonaws.com,26,56,175
127.0.0.1,25,88,2
bing.com/search,25,79,113
github.com/AUTOMATIC1111/stable-diffusion-webui/issues/1423,25,84,15
utokyo-ipp.github.io,25,59,112
google.com.vn,24,67,262
l.facebook.com,24,83,56
pip.pypa.io,24,88,54
superfastpython.com,24,71,131
confluence.ecmwf.int,23,76,143
google.co.kr,23,89,209
home-assistant.io/docs/configuration/templating,23,81,23
huggingface.co,23,83,39
microsoft.github.io,23,91,30
lms.skillfactory.ru,22,71,67
learn.srmonline.in,21,33,220
sphinx-doc.org/en/master,21,81,20
textual.textualize.io,21,100,0
baidu.com/s,20,40,122
docs.pola.rs,20,85,204
python-forum.io,20,85,235
ai.pydantic.dev,19,89,8
google.fi,19,65,96
google.github.io,19,78,64
python.it,19,85,88
br.search.yahoo.com,18,89,10
elearn.epam.com,18,77,135
epochconverter.com,18,100,0
hiladental.co.il,18,52,914
pro.arcgis.com,18,67,161
psycopg.org,18,83,77
sky.pro,18,83,22
statsmodels.org,18,79,138
docs.snowflake.com,17,94,0
en.wikipedia.org,17,71,23
google.com.mx,17,76,204
moma.corp.google.com,17,88,5
steam.oxxostudio.tw,17,41,397
w3schools.com,17,95,50
classroom.google.com,16,94,10
colab.research.google.com,16,72,105
courses.campus.gov.il,16,88,86
developer.mozilla.org,16,56,76
discuss.streamlit.io,16,88,3
els2025.shohoku.ac.jp,16,57,429
learnpython.org,16,72,89
m365.cloud.microsoft,16,67,30
open.uom.lk,16,81,128
app.dataquest.io,15,67,6
claude.ai,15,73,116
cnblogs.com,15,93,0
courses.edx.org,15,88,2
docs.sqlalchemy.org,15,94,1
google.co.th,15,93,8
google.pt,15,69,228
jupyter.org,15,67,205
overleaf.com,15,81,32
search.yahoo.co.jp,15,90,128
techradar.com/best/best-ide-for-python,15,43,274
cs.sjtu.edu.cn,14,93,4
datacamp.com,14,86,71
ellibrodepython.com,14,69,15
gist.github.com,14,77,193
google.com.sg,14,80,272
linkedin.com,14,77,94
mcs.utm.utoronto.ca,14,75,104
namu.wiki,14,73,205
qna.habr.com,14,100,0
aprender3.unb.br,13,86,4
chat.baidu.com,13,46,135
codecademy-enterprise.percipio.com,13,92,27
google.dk,13,85,8
google.no,13,82,103
google.ro,13,80,74
lm.facebook.com,13,77,22
packaging.python.org,13,77,88
programiz.com,13,71,193
pyserial.readthedocs.io/en/latest/pyserial_api.html,13,85,57
pythoninsider.blogspot.com,13,0,1302
pythonlikeyoumeanit.com,13,46,39
scikit-image.org,13,77,207
skillbox.ru,13,69,192
strftime.org,13,100,0
algo-method.com,12,38,225
fr.search.yahoo.com,12,92,0
hub-03.stackfuel.com,12,73,171
pillow.readthedocs.io/en/stable/reference/Image.html,12,77,340
quiz2025.csse.canterbury.ac.nz,12,82,14
runoob.com,12,58,454
sxgxy.alphacoding.cn,12,36,167
trentu.blackboard.com,12,92,97
amuletmc.com,11,91,0
docs.pytest.org/en/stable/getting-started.html,11,91,102
go.skillbox.ru,11,67,108
google.com.ar,11,55,292
google.com.tr,11,73,4
mastergroosha.github.io,11,73,230
pythoncheatsheet.org,11,55,260
sphinx-doc.org,11,64,26
tcsglobal.udemy.com,11,62,62
translate.google.com,11,91,131
ufora.ugent.be,11,75,30
yandex.com.tr,11,90,23
aishikshya.student.fuseclassroom.com,10,67,130
android-app://com.linkedin.android,10,90,2
bitbucket.org,10,90,48
builtin.com,10,80,6
cantera.org,10,100,0
coccoc.com/search,10,70,68
cs111.byu.edu,10,82,4
discordpy.readthedocs.io/en/stable/api.html,10,80,111
dnmtechs.com,10,90,3
edube.org/learn/pe-1/section-summary-72,10,70,47
facebook.com,10,100,14
flask.palletsprojects.com/en/stable/api,10,82,196
id.search.yahoo.com,10,80,25
ilearn.mq.edu.au,10,50,653
learn.nvidia.com,10,60,163
lightning.ai,10,90,35
loguru.readthedocs.io/en/stable/api/logger.html,10,82,6
m.facebook.com,10,90,12
moodle-campusvirtualcolombia.s3.amazonaws.com,10,50,60
moodle.essex.edu,10,90,13
netology.ru,10,55,487
py4e.com,10,91,41
pydicom.github.io,10,100,0
pyformat.info,10,90,1
pymupdf.readthedocs.io/en/latest/installation.html,10,80,71
blog.csdn.net/weixin_42399800/article/details/143822422,9,67,319
cheatsheetseries.owasp.org,9,89,41
chokkan.github.io,9,89,369
co.search.yahoo.com,9,78,346
critique.corp.google.com,9,89,59
docs.pytest.org,9,78,42
docs.spyder-ide.org,9,78,18
edube.org,9,100,0
elearning.unideb.hu,9,100,0
flask.palletsprojects.com/en/stable/tutorial,9,67,25
forums.raspberrypi.com,9,90,138
github.com/vinta/awesome-python,9,78,177
google.ie,9,89,40
gstatic.com,9,89,0
hub.bwjupyter.de,9,89,48
learning.ccbp.in,9,89,71
mail.google.com,9,100,0
medium.com,9,78,4
moodle-campusvirtualmexico.s3.amazonaws.com,9,67,49
packaging.python.org/en/latest/guides/tool-recommendations,9,100,0
ph.search.yahoo.com,9,78,25
pip.pypa.io/en/latest/installation,9,67,23
python.org/psf-landing,9,33,402
tensorflow.org,9,70,3
upgrad.com,9,89,1
yandex.com,9,100,0
ar.search.yahoo.com,8,78,14
arrow.apache.org,8,88,10
bbgithub.dev.bloomberg.com,8,100,0
bennett.codetantra.com,8,100,0
blackbox.ai,8,62,94
cdn.cs50.net,8,62,10
cn.bing.com/search,8,88,7
code-basics.com,8,100,0
cs61a.org,8,75,24
daleseo.com,8,88,47
docs.pytest.org/en/stable/how-to/capture-warnings.html,8,50,131
docs.pytest.org/en/stable/how-to/logging.html,8,88,4
gndec.codetantra.com,8,100,0
google.com.ua,8,50,116
guru99.com,8,43,167
hitachigroup.okta.com,8,14,1133
jiffyclub.github.io,8,88,5
jinja.palletsprojects.com/en/stable/templates,8,62,180
kongu.codetantra.com,8,88,11
l.workplace.com,8,86,50
learn.rrc.ca,8,50,258
ntp.msn.com,8,22,535
numba.pydata.org,8,75,78
nyplms.polite.edu.sg,8,88,3
packaging.python.org/en/latest/discussions/src-layout-vs-flat-layout,8,88,108
runestone.academy,8,62,178
