name,unique_entrances,total_entrances,visit_duration
/fr/3.13/tutorial/index.html,150,154,148
/fr/3/tutorial/,72,77,212
/fr/3/tutorial/datastructures.html,56,58,174
/fr/3/tutorial/venv.html,45,45,74
/fr/dev/installing/index.html,43,43,80
/fr/3/library/json.html,42,42,97
/3/,39,39,346
/fr/3.13/tutorial/datastructures.html,38,40,59
/fr/3/library/csv.html,38,38,434
/fr/3.13/tutorial/classes.html,37,39,0
/fr/3/library/enum.html,36,38,55
/fr/3.13/library/tkinter.html,32,32,193
/fr/3.13/tutorial/introduction.html,30,30,44
/fr/3/,29,29,208
/fr/3.13/tutorial/controlflow.html,26,28,214
/fr/3/howto/regex.html,26,30,42
/fr/3.13/library/datetime.html,25,25,8
/fr/3.13/tutorial/appetite.html,24,26,463
/fr/3.13/library/functions.html,23,24,100
/fr/3/library/__main__.html,23,23,119
/fr/3/tutorial/index.html,21,21,21
/fr/3/tutorial/errors.html,19,19,35
/fr/3/library/stdtypes.html,18,19,305
/fr/3/tutorial/appetite.html,18,18,246
/fr/3.13/reference/import.html,17,17,95
/fr/3/tutorial/introduction.html,17,18,12
/fr/3/tutorial/controlflow.html,16,20,382
/fr/3.13/library/stdtypes.html,15,15,87
/fr/3/library/functions.html,15,16,398
/fr/3/tutorial/inputoutput.html,15,15,116
/fr/3.13/tutorial/errors.html,14,14,0
/fr/3.13/tutorial/interpreter.html,14,14,108
/fr/3.13/using/windows.html,14,14,1
/fr/3/library/string.html,14,14,18
/fr/3/library/threading.html,14,15,43
/3/library/argparse.html,13,13,629
/fr/3.13/library/subprocess.html,13,13,113
/fr/3.13/tutorial/modules.html,13,13,35
/fr/3/howto/logging.html,13,13,359
/fr/3/search.html,13,15,816
/fr/3.13/,12,12,141
/fr/3/library/multiprocessing.html,12,12,158
/fr/3/tutorial/classes.html,12,13,1560
/fr/3.13/library/base64.html,11,11,105
/fr/3/tutorial/interpreter.html,11,11,47
/fr/3/using/cmdline.html,11,11,98
/fr/3.13/howto/sockets.html,10,10,114
/fr/3.13/library/operator.html,10,10,21
/fr/3.13/search.html,10,10,150
/fr/3.13/using/unix.html,10,10,61
/fr/3/library/datetime.html,10,10,140
/fr/3/library/tkinter.html,10,11,0
/3.13/using/windows.html,9,9,215
/3/tutorial/index.html,9,9,1888
/fr/3.13/faq/windows.html,9,9,0
/fr/3.13/howto/sorting.html,9,9,19
/fr/3.13/installing/index.html,9,10,290
/fr/3.13/library/turtle.html,9,9,0
/fr/3/installing/index.html,9,9,79
/fr/3/library/random.html,9,10,25
/fr/3/library/statistics.html,9,9,0
/fr/3.13/library/html.parser.html,8,8,0
/fr/3.13/library/math.html,8,9,0
/fr/3/library/glob.html,8,8,79
/fr/3/library/queue.html,8,8,0
/fr/3/library/venv.html,8,9,0
/fr/3.13/howto/argparse.html,7,7,233
/fr/3.13/library/os.html,7,7,0
/fr/3/library/index.html,7,7,402
/fr/3/library/re.html,7,7,7
/fr/3/library/sys.html,7,7,0
/fr/3/library/turtle.html,7,7,586
/fr/dev/library/xml.etree.elementtree.html,7,8,27
/3/library/csv.html,6,6,1038
/3/library/datetime.html,6,6,1099
/3/library/exceptions.html,6,6,2743
/3/library/hashlib.html,6,6,639
/3/library/os.path.html,6,6,500
/3/library/re.html,6,6,1812
/3/library/subprocess.html,6,6,478
/fr/3.13/howto/unicode.html,6,6,229
/fr/3.13/library/asyncio.html,6,6,298
/fr/3.13/library/idle.html,6,6,1
/fr/3.13/library/pathlib.html,6,6,2
/fr/3.13/library/pprint.html,6,6,0
/fr/3.13/using/editors.html,6,6,888
/3/library/enum.html,5,5,605
/3/library/index.html,5,5,681
/3/library/stdtypes.html,5,5,743
/fr/3.13/library/random.html,5,5,11
/fr/3.13/library/time.html,5,5,3
/fr/3.13/library/urllib.html,5,5,17
/fr/3.13/using/index.html,5,5,54
/fr/3/library/fractions.html,5,5,8
/fr/3/library/math.html,5,5,12
/fr/3/library/pydoc.html,5,5,484
/fr/3/tutorial/modules.html,5,5,269
/fr/3/using/mac.html,5,5,14
/fr/3/using/windows.html,5,5,15
/3.13/tutorial/,4,4,1239
/3/library/json.html,4,4,1289
/3/library/pathlib.html,4,4,1176
/3/library/tkinter.html,4,4,532
/3/library/unicodedata.html,4,4,118
/3/search.html,4,4,19
/3/tutorial/datastructures.html,4,4,1311
/fr/3.13/contents.html,4,4,30
/fr/3.13/glossary.html,4,4,12
/fr/3.13/library/copy.html,4,4,0
/fr/3.13/library/decimal.html,4,4,6
/fr/3.13/library/filesys.html,4,4,21
/fr/3.13/library/index.html,4,5,30
/fr/3.13/library/timeit.html,4,4,0
/fr/3.13/library/unittest.html,4,5,0
/fr/3.13/tutorial/,4,5,38
/fr/3.13/tutorial/inputoutput.html,4,4,444
/fr/3/index.html,4,5,410
/fr/3/library/filecmp.html,4,5,330
/fr/3/library/idle.html,4,4,3150
/fr/3/reference/index.html,4,4,88
/fr/3/whatsnew/index.html,4,4,0
/fr/dev/library/pickle.html,4,4,0
/fr/dev/reference/compound_stmts.html,4,4,10
/3.13/tutorial/index.html,3,3,261
/3/library/math.html,3,3,978
/3/library/random.html,3,3,164
/3/library/socket.html,3,3,102
/3/library/sqlite3.html,3,3,716
/3/library/venv.html,3,3,396
/3/library/xml.etree.elementtree.html,3,3,4128
/3/tutorial/,3,3,247
/3/tutorial/classes.html,3,3,716
/3/tutorial/controlflow.html,3,3,56
/3/tutorial/introduction.html,3,3,1189
/fr/3.13/download.html,3,3,0
/fr/3.13/index.html,3,3,349
/fr/3.13/library/abc.html,3,3,66
/fr/3.13/library/dialog.html,3,3,9
/fr/3.13/library/hashlib.html,3,3,0
/fr/3.13/library/pdb.html,3,3,0
/fr/3.13/library/re.html,3,3,0
/fr/3.13/reference/index.html,3,3,7
/fr/3.13/tutorial/stdlib.html,3,3,35
/fr/3.13/using/cmdline.html,3,3,2222
/fr/3/contents.html,3,4,25
/fr/3/glossary.html,3,3,21
/fr/3/howto/unicode.html,3,3,0
/fr/3/library/pathlib.html,3,3,1258
/fr/3/library/unittest.html,3,3,0
/3.13/index.html,2,2,1376
/3.13/search.html,2,2,110
/3/download.html,2,2,23
/3/howto/logging-cookbook.html,2,2,1456
/3/howto/sorting.html,2,2,1620
/3/library/asyncio-task.html,2,2,112
/3/library/asyncio.html,2,2,296
/3/library/configparser.html,2,2,38
/3/library/decimal.html,2,2,822
/3/library/functions.html,2,2,2478
/3/library/logging.html,2,2,5700
/3/library/shutil.html,2,2,603
/3/library/struct.html,2,2,4690
/3/library/sys.html,2,2,22
/3/library/threading.html,2,2,284
/3/library/time.html,2,2,21
/3/library/tk.html,2,2,42
/3/library/traceback.html,2,2,1528
/3/library/zipfile.html,2,2,1350
/3/tutorial/appetite.html,2,2,3836
/3/tutorial/errors.html,2,2,1007
/3/tutorial/modules.html,2,2,1300
/es/3/tutorial/,2,2,942
/fr/3.12/library/asyncio-eventloop.html,2,2,0
/fr/3.13/howto/enum.html,2,3,0
/fr/3.13/howto/functional.html,2,2,0
/fr/3.13/howto/ipaddress.html,2,2,0
/fr/3.13/library/asyncio-dev.html,2,2,0
/fr/3.13/library/asyncio-protocol.html,2,2,0
/fr/3.13/library/asyncio-task.html,2,2,0
/fr/3.13/library/atexit.html,2,2,72
/fr/3.13/library/collections.html,2,2,0
/fr/3.13/library/concurrent.futures.html,2,2,0
/fr/3.13/library/ctypes.html,2,2,0
/fr/3.13/library/email.html,2,2,146
/fr/3.13/library/exceptions.html,2,2,1036
/fr/3.13/library/internet.html,2,2,0
/fr/3.13/library/pickle.html,2,2,0
/fr/3.13/library/py_compile.html,2,2,0
/fr/3.13/library/textwrap.html,2,2,10
/fr/3.13/library/uuid.html,2,3,0
/fr/3.13/library/venv.html,2,2,0
/fr/3.13/library/warnings.html,2,2,20
/fr/3.13/library/wave.html,2,2,445
/fr/3.13/reference/compound_stmts.html,2,2,0
/fr/3.13/reference/datamodel.html,2,2,0
/fr/3.13/reference/expressions.html,2,2,0
/fr/3.13/reference/simple_stmts.html,2,2,162
/fr/3.13/tutorial/interactive.html,2,2,0
/fr/3.13/using/,2,2,144
/fr/3.14/library/tkinter.ttk.html,2,2,60
/fr/3.15/library/sqlite3.html,2,2,202
/fr/3/howto/sorting.html,2,2,3368
/fr/3/library/constants.html,2,2,0
/fr/3/library/decimal.html,2,2,0
/fr/3/library/inspect.html,2,2,13
/fr/3/library/itertools.html,2,2,2204
/fr/3/library/operator.html,2,2,1
/fr/3/library/pprint.html,2,2,2
/fr/3/library/socket.html,2,2,76
/fr/3/library/typing.html,2,2,0
/fr/3/library/xml.dom.html,2,2,784
/fr/3/py-modindex.html,2,2,4
/fr/3/reference/datamodel.html,2,2,734
/fr/3/using/,2,2,104
/fr/3/whatsnew/3.13.html,2,3,0
/fr/dev/reference/datamodel.html,2,2,142
/fr/dev/tutorial/errors.html,2,2,0
/3.12/library/tkinter.html,1,1,275
/3.12/tutorial/,1,1,61
/3.13/,1,1,219
/3.13/library/,1,1,30
/3.13/library/io.html,1,1,999
/3.13/library/reprlib.html,1,1,1851
/3.13/library/string.html,1,1,0
/3.13/tutorial/controlflow.html,1,1,175
/3.13/tutorial/introduction.html,1,1,2325
/3.13/tutorial/stdlib.html,1,1,2484
/3.13/whatsnew/3.13.html,1,1,940
/3.14/,1,1,27
/3.14/whatsnew/3.14.html,1,1,1503
/3.15/,1,1,204
/3/c-api/index.html,1,1,331
/3/howto/argparse.html,1,1,1163
/3/howto/curses.html,1,1,152
/3/howto/enum.html,1,1,952
/3/howto/functional.html,1,1,159
/3/howto/logging.html,1,1,0
/3/index.html,1,1,166
/3/installing/index.html,1,1,0
/3/library/,1,1,0
/3/library/abc.html,1,1,0
/3/library/asyncio-dev.html,1,1,137
/3/library/base64.html,1,1,0
/3/library/binascii.html,1,1,13
/3/library/calendar.html,1,1,388
/3/library/codecs.html,1,1,12
/3/library/collections.abc.html,1,1,663
/3/library/concurrent.futures.html,1,1,42
/3/library/copy.html,1,1,6683
/3/library/datatypes.html,1,1,0
/3/library/email.contentmanager.html,1,1,0
/3/library/email.examples.html,1,1,0
/3/library/email.message.html,1,1,0
/3/library/filesys.html,1,1,891
/3/library/getpass.html,1,1,7
/3/library/html.parser.html,1,1,4
/3/library/idle.html,1,1,305
/3/library/importlib.html,1,1,3076
/3/library/io.html,1,1,3721
/3/library/logging.handlers.html,1,1,1358
/3/library/os.html,1,1,0
/3/library/pickle.html,1,1,20
/3/library/queue.html,1,1,56
/3/library/shlex.html,1,1,5208
/3/library/smtplib.html,1,1,0
/3/library/string.html,1,1,2698
/3/library/tempfile.html,1,1,0
/3/library/timeit.html,1,1,1096
/3/library/tkinter.font.html,1,1,677
/3/library/tkinter.messagebox.html,1,1,0
/3/library/turtle.html,1,1,436
/3/library/typing.html,1,1,187
/3/library/unittest.html,1,1,9
/3/library/urllib.parse.html,1,1,0
/3/library/xml.html,1,1,183
/3/reference/datamodel.html,1,1,5144
/3/reference/expressions.html,1,1,150
/3/reference/import.html,1,1,4070
/3/tutorial/interactive.html,1,1,734
/3/tutorial/interpreter.html,1,1,0
/3/using/cmdline.html,1,1,4218
/3/using/mac.html,1,1,166
/3/whatsnew/3.11.html,1,1,4812
/3/whatsnew/3.13.html,1,1,96
/es/3.13/contents.html,1,1,38
/fr//3/library/tkinter.html,1,1,11
/fr/3.12/download.html,1,2,0
/fr/3.12/library/asyncio-task.html,1,1,203
/fr/3.12/library/csv.html,1,1,0
/fr/3.12/library/getpass.html,1,1,0
/fr/3.12/library/idle.html,1,1,0
/fr/3.12/library/imaplib.html,1,1,0
/fr/3.12/library/json.html,1,1,319
/fr/3.12/library/locale.html,1,1,1125
/fr/3.12/library/shlex.html,1,1,0
/fr/3.12/library/ssl.html,1,1,0
/fr/3.12/library/stdtypes.html,1,1,2342
/fr/3.12/library/string.html,1,1,2979
/fr/3.12/library/telnetlib.html,1,1,0
/fr/3.12/library/time.html,1,1,0
