name,version,visitors
Windows,10,1271
Mac,10.15,203
GNU/Linux,(not set),163
Android,10,161
Ubuntu,(not set),66
iOS,18.5,34
iOS,18.6,14
Android,15,8
Android,13,7
iOS,15.8,6
Android,11,4
Android,12,4
Chrome OS,14541.0,4
iOS,16.7,4
Android,14,3
iOS,18.4,3
Android,5.1,3
Windows,7,3
Mac,10.13,2
Mac,10.14,2
Android,16,2
iOS,18.1,2
Fire OS,7,2
Android,7.0,2
iOS,10.3,1
iOS,17.4,1
iOS,17.5,1
iOS,18.2,1
iOS,18.3,1
HarmonyOS,2.2,1
HarmonyOS,3.0,1
Windows,8,1
Android,8.1,1
