name,version,visitors
Chrome,125.0,868146
Chrome,142.0,7578
Microsoft Edge,142.0,3358
Chrome,141.0,1991
Firefox,144.0,895
Chrome,126.0,511
Opera,122.0,341
Microsoft Edge,141.0,330
Chrome,140.0,319
Safari,18.6,290
Safari,26.0,279
Yandex Browser,25.8,273
Opera,123.0,233
Yandex Browser,25.10,176
Chrome,139.0,171
Safari,26.1,149
Chrome,109.0,118
Chrome,138.0,117
Chrome,135.0,102
Chrome,132.0,83
Mobile App,(not set),81
Chrome,117.0,69
Smart Lenovo Browser,9.0,68
Safari,18.5,64
Microsoft Edge,140.0,59
Chrome,137.0,58
Chrome,131.0,52
Firefox,140.0,50
Chrome,122.0,48
Firefox,143.0,47
Microsoft Edge,122.0,40
Chrome,134.0,39
Safari,17.6,36
Safari,18.7,35
Chrome,136.0,34
Quark,(not set),32
Microsoft Edge,139.0,32
Chrome,128.0,31
Chrome,130.0,31
Firefox,115.0,28
Samsung Browser,29.0,27
Microsoft Edge,138.0,25
Chrome,133.0,24
Safari,18.3,23
Microsoft Edge,92.0,23
Firefox,128.0,22
Firefox,145.0,22
Chrome,120.0,20
Mobile App,141.0,19
Microsoft Edge,143.0,18
Sogou Explorer,2,17
Yandex Browser,24.10,16
Chrome,116.0,15
Firefox,142.0,15
Chrome,86.0,15
Safari,16.6,13
Whale Browser,4.34,13
Chrome,118.0,12
Chrome,121.0,12
Firefox,141.0,12
Brave,(not set),11
Chrome,129.0,11
Microsoft Edge,134.0,11
Safari,10.0,10
Chrome,123.0,10
Chrome,127.0,10
Microsoft Edge,135.0,10
Microsoft Edge,136.0,10
UC Browser,18.1,10
Safari,18.4,10
QQ Browser,19.7,10
Chrome,107.0,9
Chrome,144.0,9
Safari,15.6,9
Safari,26.2,9
Microsoft Edge,109.0,8
Microsoft Edge,128.0,8
Firefox,136.0,8
Microsoft Edge,137.0,8
Chrome,143.0,8
Safari,17.14,8
Safari,17.5,8
QQ Browser,19.8,8
Chrome,106.0,7
Firefox,109.0,7
Chrome,124.0,7
Microsoft Edge,127.0,7
Microsoft Edge,131.0,7
Safari,18.0,7
Safari,18.2,7
(not set),(not set),6
Chrome,103.0,6
Chrome,108.0,6
Avast Secure Browser,141.0,6
Safari,16.3,6
Yandex Browser,25.4,6
Samsung Browser,28.0,6
Chrome,91.0,6
Opera,95.0,6
Microsoft Edge,100.0,5
Microsoft Edge,106.0,5
Chrome,111.0,5
Chrome,112.0,5
Chrome,119.0,5
Safari,12.1,5
Opera,120.0,5
Microsoft Edge,129.0,5
Microsoft Edge,130.0,5
Firefox,135.0,5
Firefox,144.3,5
Safari,17.3,5
Safari,17.4,5
Chrome,105.0,4
Chrome,113.0,4
Chrome,114.0,4
Firefox,117.0,4
Microsoft Edge,120.0,4
Microsoft Edge,123.0,4
Microsoft Edge,126.0,4
Microsoft Edge,132.0,4
Firefox,134.0,4
AVG Secure Browser,141.0,4
Safari,17.8,4
Safari,18.1,4
Yandex Browser,25.2,4
Chrome,59.0,4
Chrome,79.0,4
Chrome,101.0,3
Microsoft Edge,107.0,3
Huawei Browser,11.0,3
Firefox,113.0,3
Microsoft Edge,114.0,3
Microsoft Edge,119.0,3
Firefox,130.0,3
Microsoft Edge,133.0,3
Firefox,137.0,3
Firefox,138.0,3
Firefox,139.0,3
Firefox,143,3
Firefox,144.2,3
Firefox,146.0,3
Safari,16.5,3
QQ Browser,19.5,3
QQ Browser,19.6,3
MIUI Browser,20.5,3
Chrome,84.0,3
Opera,92.0,3
Chrome,96.0,3
Mobile App,97.0,3
Firefox,102.0,2
Microsoft Edge,105.0,2
Chrome,110.0,2
Opera,113.0,2
Microsoft Edge,117.0,2
Firefox,118.0,2
Huawei Browser,12.0,2
Opera,124.0,2
Microsoft Edge,124.0,2
Microsoft Edge,125.0,2
Firefox,125.0,2
Mobile App,131.0,2
MIUI Browser,14.45,2
vivo Browser,14.9,2
AVG Secure Browser,140.0,2
Mobile Silk,140.6,2
Microsoft Edge,144.0,2
Safari,15.4,2
Safari,16.4,2
UC Browser,18.2,2
QQ Browser,19.4,2
Yandex Browser,20.9,2
Samsung Browser,21.0,2
vivo Browser,26.8,2
Notion,4.23,2
Microsoft Edge,40.15254,2
Huawei Browser Mobile,5.1,2
Chrome,62.0,2
Chrome,63.0,2
Quark,7.17,2
Opera,74.2,2
Chrome,89.0,2
Microsoft Edge,90.0,2
Chrome,94.0,2
Chrome,95.0,2
Steam In-Game Overlay,(not set),1
Safari,(not set),1
Chrome,1.3,1
Chrome,102.0,1
Firefox,103.0,1
Microsoft Edge,104.0,1
Opera,107.0,1
Opera,114.0,1
Chrome,115.0,1
Microsoft Edge,116.0,1
Opera,117.0,1
Microsoft Edge,118.0,1
Firefox,119.0,1
Huawei Browser,12.1,1
Opera,121.0,1
Firefox,123.0,1
Firefox,127.0,1
Firefox,129.0,1
Safari,13.1,1
QQ Browser,13.2,1
QQ Browser,13.5,1
Firefox,133.0,1
Safari,14.0,1
MIUI Browser,14.10,1
Avast Secure Browser,140.0,1
Avira Secure Browser,141.0,1
CCleaner,141.0,1
Norton Private Browser,141.0,1
Ecosia,141.0,1
Mobile App,142.0,1
Firefox,143.1,1
Safari,15.0,1
vivo Browser,15.0,1
Huawei Browser Mobile,16.0,1
Safari,16.1,1
Safari,16.2,1
Safari,17.0,1
Microsoft Edge,17.17134,1
Safari,17.2,1
UC Browser,17.7,1
QQ Browser,19.0,1
MIUI Browser,20.0,1
MIUI Browser,20.2,1
Yandex Browser,23.1,1
Yandex Browser,23.5,1
Samsung Browser,24.0,1
Yandex Browser,24.1,1
Yandex Browser,24.4,1
Yandex Browser,25.6,1
Yandex Browser,25.89,1
115 Browser,26.0,1
vivo Browser,26.0,1
Samsung Browser,29.1,1
Opera GX,3.0,1
Whale Browser,3.9,1
SberBrowser,32.0,1
Firefox,35.0,1
Whale Browser,4.31,1
Firefox,50.0,1
Firefox,59.0,1
Opera Touch,6.1,1
Safari,60.5,1
Chrome,69.0,1
Chrome,71.0,1
Chrome,74.0,1
Firefox,78.0,1
Opera,79.6,1
Chrome,80.0,1
Mobile Silk,80.4,1
Microsoft Edge,84.0,1
Chrome,85.0,1
Microsoft Edge,86.0,1
Microsoft Edge,87.0,1
Chrome,87.0,1
Chrome,88.0,1
Opera,89.0,1
Microsoft Edge,89.0,1
Firefox,89.0,1
Safari,9.0,1
Firefox,91.0,1
Chrome,92.0,1
Chrome,97.0,1
Mobile App,99.0,1
Chrome,99.0,1
