name,visitors,pageviews,bounce_rate,time_on_page,scroll_depth
/tr/3.14/,17,21,100,10,86
/tr/3.15/using/windows.html,17,15,0,22,18
/tr/3/tutorial/index.html,15,27,46,24,71
/tr/3.14/tutorial/index.html,12,20,33,22,40
/tr/3.14/search.html,11,18,0,9,99
/tr/3.14/tutorial/appetite.html,10,8,0,10,44
/tr/3/tutorial/appetite.html,10,11,33,29,88
/tr/3/,9,14,57,11,80
/tr/3/installing/index.html,9,10,90,19,43
/tr/3/tutorial/interpreter.html,9,14,0,22,84
/tr/3/tutorial/datastructures.html,8,11,75,30,30
/tr/3.14/library/idle.html,6,6,100,7,13
/tr/3/library/functions.html,6,6,75,23,53
/tr/3/tutorial/introduction.html,6,10,0,88,36
/tr/3.15/whatsnew/3.15.html,5,5,80,95,33
/tr/3/whatsnew/3.14.html,5,4,67,3,3
/tr/3.13/index.html,4,4,100,34,97
/tr/3.14/index.html,4,3,0,25,68
/tr/3.14/tutorial/controlflow.html,4,3,0,77,12
/tr/3.14/tutorial/datastructures.html,4,6,0,122,66
/tr/3.14/tutorial/interpreter.html,4,3,0,8,48
/tr/3/contents.html,4,3,0,25,60
/tr/3/tutorial/controlflow.html,4,7,0,13,24
/tr/3/tutorial/inputoutput.html,4,5,67,174,55
/tr/3.13/tutorial/,3,3,0,44,72
/tr/3.13/tutorial/interpreter.html,3,4,0,48,68
/tr/3.13/tutorial/introduction.html,3,4,100,437,62
/tr/3.14/library/functions.html,3,2,50,35,54
/tr/3.14/reference/index.html,3,2,0,33,82
/tr/3.14/tutorial/introduction.html,3,4,0,39,56
/tr/3.14/whatsnew/3.14.html,3,3,0,13,1
/tr/3/glossary.html,3,4,100,24,72
/tr/3.12/tutorial/controlflow.html,2,1,0,19,14
/tr/3.13/library/functions.html,2,2,100,20,33
/tr/3.13/tutorial/index.html,2,2,100,15,33
/tr/3.14/contents.html,2,2,0,34,26
/tr/3.14/download.html,2,2,0,18,92
/tr/3.14/library/datatypes.html,2,1,0,5,32
/tr/3.14/library/pickle.html,2,1,0,5,2
/tr/3.14/library/stdtypes.html,2,2,0,29,29
/tr/3.14/py-modindex.html,2,2,0,11,10
/tr/3.14/tutorial/inputoutput.html,2,2,0,12,38
/tr/3.14/tutorial/modules.html,2,2,0,5,14
/tr/3.15/tutorial/index.html,2,6,0,10,38
/tr/3.15/tutorial/introduction.html,2,2,100,,
/tr/3/c-api/bool.html,2,2,100,12,81
/tr/3/extending/index.html,2,1,0,3,54
/tr/3/library/index.html,2,2,100,73,64
/tr/3/library/inspect.html,2,2,100,,
/tr/3/py-modindex.html,2,1,0,2,15
/tr/3.12/,1,1,0,9,57
/tr/3.12/tutorial/,1,1,0,28,33
/tr/3.12/tutorial/index.html,1,1,100,,
/tr/3.13/contents.html,1,1,0,3,1
/tr/3.13/library/decimal.html,1,1,0,139,18
/tr/3.13/library/fractions.html,1,1,0,270,22
/tr/3.13/library/tkinter.html,1,1,100,,
/tr/3.13/search.html,1,1,0,1,100
/tr/3.13/tutorial/appetite.html,1,1,0,6,34
/tr/3.13/tutorial/controlflow.html,1,1,100,,
/tr/3.13/using/windows.html,1,1,100,,
/tr/3.14/faq/,1,1,0,4,93
/tr/3.14/genindex.html,1,1,0,3,100
/tr/3.14/glossary.html,1,1,0,6,2
/tr/3.14/library/csv.html,1,1,100,1,79
/tr/3.14/library/datetime.html,1,1,0,6,4
/tr/3.14/library/heapq.html,1,1,0,12,99
/tr/3.14/library/json.html,1,1,0,,
/tr/3.14/library/random.html,1,2,0,47,58
/tr/3.14/library/sqlite3.html,1,1,0,22,4
/tr/3.14/library/timeit.html,1,1,0,45,100
/tr/3.14/reference/introduction.html,1,1,0,,
/tr/3.14/tutorial/,1,1,0,16,75
/tr/3.14/tutorial/classes.html,1,1,0,3,6
/tr/3.14/using/android.html,1,1,0,22,100
/tr/3.14/whatsnew/changelog.html,1,1,0,6,0
/tr/3.15/library/array.html,1,1,0,61,97
/tr/3.15/library/sys_path_init.html,1,1,0,35,97
/tr/3.15/py-modindex.html,1,1,0,10,8
/tr/3.15/search.html,1,1,0,2,100
/tr/3.15/tutorial/appetite.html,1,1,0,186,100
/tr/3.15/tutorial/controlflow.html,1,1,100,,
/tr/3.15/tutorial/datastructures.html,1,1,0,3,20
/tr/3.15/tutorial/interpreter.html,1,2,0,48,100
/tr/3/howto/sorting.html,1,1,0,66,17
/tr/3/library/builtins.html,1,1,0,6,98
/tr/3/library/codecs.html,1,1,100,,
/tr/3/library/ctypes.html,1,1,100,,
/tr/3/library/math.html,1,1,100,4,7
/tr/3/library/time.html,1,1,0,21,100
/tr/3/library/turtle.html,1,1,100,10,3
/tr/3/reference/toplevel_components.html,1,1,0,23,100
/tr/3/tutorial/,1,1,0,24,37
/tr/3/tutorial/classes.html,1,1,100,5,16
/tr/3/tutorial/errors.html,1,1,100,783,100
/tr/3/tutorial/modules.html,1,1,0,2,6
/tr/3/tutorial/stdlib2.html,1,1,0,13,89
