name,version,visitors
Chrome,142.0,42725
Microsoft Edge,142.0,9539
Firefox,145.0,5904
Safari,26.1,2639
Safari,18.6,2352
Opera,124.0,2080
Chrome,141.0,1952
Yandex Browser,25.10,1617
Chrome,139.0,1092
Mobile App,(not set),898
Chrome,140.0,778
Chrome,138.0,643
Firefox,140.0,565
Safari,26.0,514
Safari,18.5,512
Firefox,144.0,410
Chrome,143.0,383
Safari,18.7,378
Chrome,126.0,312
Chrome,109.0,285
Safari,17.6,277
Chrome,132.0,270
Samsung Browser,29.0,248
Microsoft Edge,141.0,240
Chrome,137.0,230
Chrome,135.0,205
Safari,18.3,187
Mobile App,142.0,180
Chrome,134.0,168
Yandex Browser,25.8,165
Chrome,136.0,163
Chrome,131.0,162
Opera,123.0,157
Safari,16.6,156
Safari,(not set),148
Firefox,143.0,143
Safari,15.6,141
Chrome,122.0,133
Firefox,128.0,133
Chrome,130.0,133
Chrome,133.0,127
Chrome,117.0,124
Chrome,116.0,122
Firefox,136.0,114
Safari,26.4,109
Firefox,115.0,107
Chrome,128.0,106
Microsoft Edge,140.0,106
(not set),(not set),105
Safari,26.2,102
Smart Lenovo Browser,9.0,100
Chrome,111.0,98
Brave,(not set),92
UC Browser,18.2,87
Huawei Browser Mobile,16.0,86
Safari,18.1,86
Safari,17.5,83
Firefox,142.0,79
Chrome,127.0,76
Sogou Explorer,2,76
360 Secure Browser,(not set),75
Chrome,125.0,74
Chrome,69.0,73
Firefox,141.0,70
Firefox,146.0,70
Safari,18.4,70
Quark,(not set),67
Firefox,5.0,66
Safari,17.4,62
Chrome,120.0,59
Chrome,129.0,56
Safari,18.0,54
Yandex Browser,25.2,54
Chrome,124.0,53
Safari,18.2,52
Mobile App,97.0,52
Microsoft Edge,139.0,51
Microsoft Edge,143.0,51
Chrome,114.0,47
Microsoft Edge,138.0,47
Chrome,144.0,46
Firefox,145.1,46
Yandex Browser,25.4,45
Chrome,123.0,44
Safari,17.14,42
Microsoft Edge,131.0,41
Firefox,139.0,40
Opera,93.0,39
Safari,17.3,38
Chrome,103.0,37
Microsoft Edge,122.0,37
Chrome,86.0,36
Opera,122.0,35
Safari,17.1,35
Samsung Browser,28.0,33
Safari,10.0,32
Yandex Browser,24.10,32
Chrome,119.0,31
QQ Browser,6.2,31
Microsoft Edge,92.0,31
Chrome,112.0,30
Firefox,138.0,29
Avast Secure Browser,142.0,27
Firefox,135.0,26
Whale Browser,4.34,26
Chrome,121.0,25
Safari,16.3,25
Chrome,95.0,25
Firefox,109.0,24
Safari,17.2,24
vivo Browser,27.1,23
Chrome,91.0,23
Microsoft Edge,128.0,22
Firefox,147.0,22
Microsoft Edge,109.0,21
vivo Browser,15.0,21
Chrome,115.0,20
Chrome,83.0,20
Chrome,108.0,19
Microsoft Edge,134.0,19
Microsoft Edge,137.0,19
Yandex Browser,25.104,19
Yandex Browser,25.80,19
Microsoft Edge,132.0,18
Firefox,134.0,18
Microsoft Edge,136.0,18
Yandex Browser,25.3,18
vivo Browser,27.0,18
Chrome,104.0,17
Safari,13.1,17
Yandex Browser,25.6,17
Chrome,(not set),16
Firefox,137.0,16
Firefox,145.2,16
Safari,16.1,16
MIUI Browser,20.7,16
Opera,95.0,16
Chrome,96.0,16
Chromium,(not set),15
Microsoft Edge,130.0,15
Norton Private Browser,142.0,15
Firefox,113.0,14
Firefox,125.0,14
Microsoft Edge,135.0,14
Safari,17.0,14
Mobile App,91.0,14
Chrome,102.0,13
Safari,12.1,13
Safari,16.5,13
QQ Browser,19.8,13
Yandex Browser,25.105,13
Chrome,94.0,13
Quark,10.0,12
Huawei Browser,12.1,12
Firefox,133.0,12
MIUI Browser,14.46,12
Chrome,142,12
Huawei Browser Mobile,5.1,12
Opera,92.0,12
Chrome,97.0,12
Chrome,107.0,11
Microsoft Edge,112.0,11
Microsoft Edge,125.0,11
Mobile App,131.0,11
Microsoft Edge,18.17763,11
Yandex Browser,25.62,11
Opera GX,3.0,11
Quark,10.1,10
Chrome,100.0,10
Chrome,106.0,10
Microsoft Edge,107.0,10
Chrome,110.0,10
Opera,120.0,10
Microsoft Edge,124.0,10
Microsoft Edge,129.0,10
Mobile Silk,138.10,10
Ecosia,142.0,10
Safari,16.4,10
Safari,17.7,10
Microsoft Edge,18.18362,10
Samsung Browser,27.0,10
Chrome,105.0,9
Mobile App,114.0,9
Microsoft Edge,133.0,9
Mobile App,134.0,9
Mobile App,138.0,9
AVG Secure Browser,142.0,9
QQ Browser,19.6,9
Samsung Browser,24.0,9
Yandex Browser,24.4,9
Chrome,59.0,9
Chrome,85.0,9
Chrome,87.0,9
Chrome,113.0,8
Microsoft Edge,114.0,8
Microsoft Edge,117.0,8
Chrome,118.0,8
Firefox,130.0,8
Microsoft Edge,144.0,8
Safari,15.3,8
UC Browser,18.1,8
Microsoft Edge,18.18363,8
Yandex Browser,24.7,8
Chrome,80.0,8
Chrome,90.0,8
Opera,96.1,8
Chrome,99.0,8
Microsoft Edge,120.0,7
Microsoft Edge,126.0,7
Microsoft Edge,127.0,7
Firefox,143,7
Yandex Browser,25.20,7
vivo Browser,26.8,7
Chrome,89.0,7
Android Browser,(not set),6
Microsoft Edge,119.0,6
Mobile App,119.0,6
Microsoft Edge,121.0,6
QQ Browser,13.3,6
Mobile App,137.0,6
Safari,16.0,6
Microsoft Edge,18.19041,6
MIUI Browser,20.6,6
Yandex Browser,24.12,6
Yandex Browser,25.101,6
Samsung Browser,26.0,6
vivo Browser,26.9,6
Safe Exam Browser,3.5,6
QtWebEngine,6.8,6
Chrome,93.0,6
Microsoft Edge,100.0,5
Opera,115.0,5
Microsoft Edge,116.0,5
Firefox,116.0,5
Firefox,119.0,5
Samsung Browser,12.1,5
Firefox,121.0,5
Firefox,129.0,5
Mobile App,130.0,5
Firefox,131.0,5
Safari,14.1,5
CCleaner,142.0,5
Mobile Silk,142.3,5
Huawei Browser Mobile,15.0,5
Safari,15.2,5
Safari,15.4,5
Safari,16.2,5
QQ Browser,19.7,5
Samsung Browser,23.0,5
Yandex Browser,23.7,5
Yandex Browser,24.6,5
SberBrowser,32.0,5
Opera,58.0,5
Chrome,81.0,5
Microsoft Edge,105.0,4
Ecosia,11.5,4
Microsoft Edge,111.0,4
Microsoft Edge,115.0,4
Microsoft Edge,118.0,4
Firefox,118.0,4
Firefox,126.0,4
Firefox,127.0,4
Safari,14.0,4
Huawei Browser Mobile,14.0,4
Mobile App,140.0,4
Yandex Browser,23.5,4
Yandex Browser,25.106,4
vivo Browser,26.5,4
Kindle Browser,3.0,4
SberBrowser,31.0,4
JioSphere,6.0,4
QtWebEngine,6.10,4
Chrome,70.0,4
Chrome,79.0,4
Microsoft Edge,84.0,4
Opera,85.0,4
Mobile App,86.0,4
Microsoft Edge,90.0,4
Microsoft Edge,106.0,3
Microsoft Edge,108.0,3
Microsoft Edge,110.0,3
Firefox,112.0,3
Mobile App,123.0,3
Microsoft Edge,123.0,3
Opera,125.0,3
Opera,126.0,3
Mobile App,126.0,3
QQ Browser,13.0,3
QQ Browser,13.5,3
Mobile App,139.0,3
Microsoft Edge,14.14393,3
MIUI Browser,14.44,3
MIUI Browser,14.45,3
MIUI Browser,14.47,3
Avast Secure Browser,141.0,3
Mobile App,141.0,3
Samsung Browser,16.0,3
UC Browser,17.5,3
Safari,19.0,3
MIUI Browser,20.5,3
