name,visitors
Taipei,244
New Taipei,156
Taichung,95
Taoyuan,68
Kaohsiung,59
Hsinchu County,46
Tainan,43
Guangdong,21
Hsinchu,18
Changhua,16
Miaoli,12
Pingtung,11
Tokyo,9
Chiayi County,6
Yunlin,6
Beijing,5
Nantou,5
Kowloon City Kowloon,4
Yuen Long New Territories,4
Hualien,4
California,4
Kabul,2
Fujian,2
Jiangsu,2
Shanghai,2
Cairo,2
Auvergne-Rhône-Alpes,2
England,2
Hyogo,2
Riga,2
Chiayi,2
Keelung,2
Penghu,2
Texas,2
New South Wales,1
Queensland,1
Magileu,1
Ontario,1
Zürich,1
Henan,1
Hebei,1
Shandong,1
Shaanxi,1
Central and Western Hong Kong Island,1
Sham Shui Po Kowloon,1
Kwai Tsing New Territories,1
Tsuen Wan New Territories,1
Central Java,1
Ibaraki,1
Osaka,1
Gyeonggi,1
Krasnodar Krai,1
Taitung,1
Kyiv,1
Alabama,1
Washington,1
