name,visitors
China,6153
Hong Kong,1024
Singapore,506
United States,496
Japan,355
Vietnam,171
Taiwan,169
Brazil,41
United Kingdom,38
Canada,34
South Korea,33
Germany,32
Argentina,23
Malaysia,21
France,18
India,17
Australia,16
Iraq,12
Netherlands,9
Thailand,9
Bangladesh,8
Macao,8
Russian Federation,8
Cambodia,7
Indonesia,6
Myanmar,6
Mexico,6
Venezuela,6
Italy,5
Colombia,4
Ecuador,4
Tunisia,4
Uzbekistan,4
South Africa,4
United Arab Emirates,3
Bahrain,3
Switzerland,3
Chile,3
Finland,3
Mauritius,3
Nigeria,3
Philippines,3
Albania,2
Greece,2
Iran,2
New Zealand,2
Pakistan,2
Sweden,2
Ukraine,2
Angola,1
Austria,1
Belgium,1
Belarus,1
Cyprus,1
Dominican Republic,1
Egypt,1
Spain,1
Guatemala,1
Honduras,1
Hungary,1
Ireland,1
Israel,1
Kazakhstan,1
Laos,1
Sri Lanka,1
Panama,1
Peru,1
Papua New Guinea,1
Poland,1
Paraguay,1
Slovenia,1
Turkey,1
Kosovo,1
