property,value,visitors,events,percentage
url,(none),277,336,99.6
url,https://bootstrap.pypa.io/get-pip.py,3,3,1.1
url,https://opentechschool.github.io/python-beginners/en/getting_started.html#what-is-python-exactly,2,2,0.7
url,https://www.python.org/,2,2,0.7
url,https://docs.python.org/3/library/importlib.metadata.html#importlib.metadata.version,1,1,0.4
url,https://docs.python.org/3/library/venv.html,1,1,0.4
url,https://setuptools.pypa.io/en/latest/userguide/development_mode.html,1,1,0.4
