name,visitors
Chrome,192878
Microsoft Edge,63809
Safari,14792
Firefox,12429
Opera,6445
Yandex Browser,3794
Mobile App,2661
Samsung Browser,958
Quark,845
Smart Lenovo Browser,715
QQ Browser,594
Sogou Explorer,292
vivo Browser,291
MIUI Browser,262
Whale Browser,245
Huawei Browser Mobile,196
Avast Secure Browser,162
Huawei Browser,78
AVG Secure Browser,77
UC Browser,54
Brave,51
Hi Browser,36
Norton Private Browser,35
Phoenix Browser,34
(not set),33
Mobile Silk,28
JioSphere,24
QtWebEngine,23
Opera GX,19
CCleaner,13
Opera Touch,13
Aloha Browser,12
UBrowser,12
AdBlock Browser,11
Chromium,11
Kindle Browser,11
Mypal,10
Pale Moon,9
Android Browser,8
Ecosia,8
Sleipnir,7
Atom,4
Lenovo Browser,4
Vivaldi,4
115 Browser,3
Baidu Spark,3
Falkon,3
Meizu Browser,3
Oculus Browser,3
QQ Browser Lite,3
Coc Coc,2
EUI Browser,2
Internet Explorer,2
Iron,2
NetFront,2
REST Client for Ruby,2
Realme Browser,2
SeaMonkey,2
360 Secure Browser,1
AOL Desktop,1
Avira Secure Browser,1
DuckDuckGo Privacy Browser,1
Midori,1
Openwave Mobile Browser,1
Oppo Browser,1
Raspbian Chromium,1
SberBrowser,1
Seznam Browser,1
Sputnik Browser,1
Steam In-Game Overlay,1
t-online.de Browser,1
