name,visitors
Guangdong,749
Beijing,467
Shanghai,335
Tokyo,238
Jiangsu,225
Zhejiang,221
California,211
Ho Chi Minh City,173
Shandong,165
Sichuan,133
Hubei,129
Henan,127
Shaanxi,125
Hanoi,114
Tianjin,88
Chongqing,85
Fujian,81
Hunan,68
Kwai Tsing New Territories,52
Taipei,49
Hebei,48
Anhui,45
Liaoning,45
Washington,38
Shanxi,29
Da Nang,28
Yunnan,26
Kowloon City Kowloon,25
England,24
Osaka,24
Ontario,21
Île-de-France,19
Seoul,19
New York,19
New Taipei,18
Haiphong,18
Tsuen Wan New Territories,17
Thái Nguyên,17
Guangxi,16
Virginia,15
Guizhou,14
Taichung,14
Illinois,14
Jiangxi,13
New South Wales,12
Taoyuan,12
Gansu,11
Wan Chai Hong Kong Island,11
Utah,11
Oregon,10
Thanh Hóa,10
Vĩnh Phúc,10
Bavaria,9
Gyeonggi,9
Texas,9
Jilin,8
Hesse,8
Saitama,7
Phnom Penh,7
Changhua,7
Yau Tsim Mong Kowloon,6
Sai Kung New Territories,6
Kuala Lumpur,6
Kaohsiung,6
Gia Lai,6
Styria,5
British Columbia,5
Xinjiang,5
Saxony,5
Aichi,5
Hsinchu County,5
Hsinchu,5
Tainan,5
Yunlin,5
Quảng Nam,5
Đồng Nai,5
Hainan,4
Inner Mongolia,4
Pichincha,4
Scotland,4
Central and Western Hong Kong Island,4
Eastern Hong Kong Island,4
Karnataka,4
Chiba,4
Miaoli,4
Georgia,4
Nevada,4
Ninh Bình,4
Thừa Thiên–Huế,4
Hải Dương,4
Victoria,3
Ningxia,3
Kwun Tong Kowloon,3
Maharashtra,3
Kyoto,3
Auckland,3
Metro Manila,3
Vâlcea,3
Riyadh,3
Bangkok,3
Arizona,3
Massachusetts,3
Quảng Ngãi,3
Phú Thọ,3
Gauteng,3
Ajman,2
Queensland,2
São Paulo,2
Geneva,2
Tibet,2
North Rhine-Westphalia,2
Andalusia,2
Catalonia,2
Sha Tin New Territories,2
Central Java,2
Madhya Pradesh,2
Telangāna,2
Kanagawa,2
Atyrau,2
Vientiane,2
Ciudad de Mexico,2
Johor,2
Selangor,2
Chiang Mai,2
Indiana,2
Michigan,2
Missouri,2
North Carolina,2
New Jersey,2
Đắk Lắk,2
Lâm Đồng,2
Baku,1
Alberta,1
Quebec,1
Aargau,1
Vaud,1
Qinghai,1
Havana,1
Berlin,1
Baden-Württemberg,1
Lower Saxony,1
Harjumaa,1
Valencian Community,1
Auvergne-Rhône-Alpes,1
Attica,1
Riau Islands,1
Leinster,1
Tamil Nadu,1
Emilia-Romagna,1
Tuscany,1
Lazio,1
Kingston,1
Amman,1
Miyagi,1
Hyogo,1
Fukuoka,1
Incheon,1
Gangwon,1
Almaty City,1
Western,1
Vilnius County,1
Tamaulipas,1
Sarawak,1
North Holland,1
Oslo,1
Province 3,1
Waikato,1
Mazovia,1
Primorsky Krai,1
Vologda,1
Stockholm,1
Phayao,1
Nakhon Pathom,1
Colorado,1
Florida,1
Maine,1
Minnesota,1
Mississippi,1
Ohio,1
Pennsylvania,1
Quảng Trị,1
Khánh Hòa,1
Tây Ninh,1
Bà Rịa–Vũng Tàu,1
Trà Vinh,1
Sóc Trăng,1
Can Tho,1
