name,unique_exits,total_exits,exit_rate
/pt-br/3/tutorial/index.html,117,119,
/pt-br/3/,75,79,
/pt-br/3/library/venv.html,68,68,
/pt-br/3/library/stdtypes.html,54,56,
/pt-br/3.15/using/windows.html,42,42,
/pt-br/3.14/,39,41,
/pt-br/3/tutorial/datastructures.html,35,35,
/dev/using/windows.html,34,35,
/pt-br/3/library/functions.html,34,37,
/pt-br/3/tutorial/classes.html,34,35,
/pt-br/3/library/math.html,33,37,
/pt-br/3/tutorial/introduction.html,31,31,
/3/,30,30,
/pt-br/3/tutorial/controlflow.html,29,34,
/pt-br/3/tutorial/interpreter.html,29,31,
/pt-br/3.14/tutorial/index.html,28,29,
/pt-br/3/library/index.html,28,28,
/pt-br/3.14/tutorial/classes.html,25,25,
/pt-br/3/library/random.html,24,26,
/pt-br/3/tutorial/appetite.html,21,21,
/pt-br/3/library/string.html,20,21,
/pt-br/3/tutorial/,20,20,
/pt-br/3/library/tkinter.html,17,17,
/pt-br/3/search.html,15,15,
/pt-br/3.14/search.html,14,14,
/pt-br/3.14/tutorial/introduction.html,13,16,
/pt-br/3/library/csv.html,13,13,
/pt-br/3/library/os.html,13,13,
/pt-br/dev/library/venv.html,13,13,
/pt-br/3.13/tutorial/index.html,12,12,
/pt-br/3/library/datetime.html,12,15,
/pt-br/3/reference/index.html,11,12,
/pt-br/3.14/library/index.html,10,10,
/pt-br/3.14/tutorial/controlflow.html,10,11,
/pt-br/3.14/tutorial/interpreter.html,10,10,
/pt-br/3/faq/windows.html,9,9,
/pt-br/3/library/dataclasses.html,9,9,
/pt-br/3/using/cmdline.html,9,9,
/pt-br/3.14/library/tkinter.html,8,11,
/pt-br/3.15/tutorial/classes.html,8,8,
/pt-br/3/glossary.html,8,8,
/pt-br/3/library/re.html,8,8,
/pt-br/3/library/sys.html,8,9,
/pt-br/3/library/tk.html,8,8,
/pt-br/3/whatsnew/3.14.html,8,8,
/pt-br/3.13/,7,7,
/pt-br/3.13/search.html,7,7,
/pt-br/3.13/tutorial/controlflow.html,7,7,
/pt-br/3.14/download.html,7,7,
/pt-br/3.14/library/random.html,7,7,
/pt-br/3.14/library/stdtypes.html,7,7,
/pt-br/3/library/time.html,7,8,
/pt-br/3/reference/compound_stmts.html,7,7,
/pt-br/3/tutorial/inputoutput.html,7,7,
/pt-br/3/using/windows.html,7,7,
/3/library/index.html,6,6,
/pt-br/3.13/c-api/index.html,6,7,
/pt-br/3.14/tutorial/appetite.html,6,6,
/pt-br/3/howto/logging.html,6,6,
/pt-br/3/library/__main__.html,6,6,
/pt-br/3/library/json.html,6,7,
/pt-br/3/tutorial/modules.html,6,6,
/3.14/,5,5,
/3.14/tutorial/index.html,5,5,
/3/library/stdtypes.html,5,5,
/3/tutorial/classes.html,5,5,
/pt-br/3.13/library/index.html,5,5,
/pt-br/3.13/library/stdtypes.html,5,5,
/pt-br/3.14/library/itertools.html,5,5,
/pt-br/3.15/search.html,5,5,
/pt-br/3/installing/index.html,5,5,
/pt-br/3/library/exceptions.html,5,5,
/pt-br/3/library/pprint.html,5,5,
/pt-br/3/whatsnew/3.13.html,5,5,
/3.14/download.html,4,4,
/3/library/datetime.html,4,4,
/3/library/functions.html,4,3,
/3/reference/compound_stmts.html,4,4,
/3/search.html,4,4,
/3/tutorial/datastructures.html,4,4,
/3/tutorial/index.html,4,4,
/pt-br/3.12/library/index.html,4,4,
/pt-br/3.13/library/functions.html,4,4,
/pt-br/3.13/library/subprocess.html,4,4,
/pt-br/3.13/tutorial/appetite.html,4,4,
/pt-br/3.13/tutorial/interpreter.html,4,4,
/pt-br/3.14/genindex.html,4,4,
/pt-br/3.14/glossary.html,4,4,
/pt-br/3.14/library/functions.html,4,4,
/pt-br/3.14/library/math.html,4,4,
/pt-br/3.14/reference/compound_stmts.html,4,4,
/pt-br/3.15/whatsnew/3.15.html,4,4,
/pt-br/3/contents.html,4,4,
/pt-br/3/library/,4,4,
/pt-br/3/library/operator.html,4,4,
/pt-br/3/library/statistics.html,4,5,
/pt-br/3/library/subprocess.html,4,4,
/pt-br/3/library/turtle.html,4,4,
/pt-br/3/reference/datamodel.html,4,4,
/pt-br/3/using/index.html,4,4,
