name,visitors
Riga,1000
Île-de-France,819
New York,529
California,342
Auvergne-Rhône-Alpes,236
Virginia,228
Provence-Alpes-Côte-d'Azur,151
Occitanie,136
Washington DC,121
Hauts-de-France,113
Quebec,105
Grand-Est,95
Nouvelle-Aquitaine,94
Pays-de-la-Loire,76
New Jersey,66
Brittany,63
South Dakota,47
Centre-Val de Loire,36
Abidjan,32
Normandie,32
Burgundy-Franche-Comté,27
Ontario,24
Littoral,23
San José,23
Wallonia,21
Vaud,21
Dakar,21
Texas,21
Brussels,19
Saint Michael,18
Limassol,18
Centre,16
Nicosia,15
Oriental,15
Wyoming,15
Kinshasa,14
Meknès-Tafilalet,14
Geneva,13
Tunis,13
Flanders,10
Centre,10
Taza-Al Hoceima-Taounate,10
Nebraska,9
Utah,9
Zürich,8
Maritime,8
Illinois,8
Hesse,7
Florida,7
Niamey,6
New Brunswick,5
Brazzaville,5
Larnaca,5
Tokyo,5
Sousse,5
Colorado,5
Vienna,4
Hauts-Bassins,4
Alibori,4
Paphos,4
Algiers,4
Estuaire,4
England,4
Conakry,4
Rabat-Salé-Zemmour-Zaer,4
PF-V,4
Sfax,4
Delaware,4
Maryland,4
Guangdong,3
Alajuela,3
Bavaria,3
Djibouti,3
Constantine,3
Boumerdès,3
Corse,3
Delhi,3
Osaka,3
Chaouia-Ouardigha,3
Bamako,3
North Holland,3
Lima Region,3
Nabeul,3
Arizona,3
Haute-Kotto,2
Pointe-Noire,2
Aargau,2
Bern,2
Fribourg,2
Littoral,2
South Moravia,2
Rhineland-Palatinate,2
Jijel,2
Sétif,2
Oran,2
Andalusia,2
Leinster,2
Maharashtra,2
Luxembourg,2
Daugavpils,2
Liepāja,2
Tangier-Tétouan,2
Ciudad de Mexico,2
Gelderland,2
North Brabant,2
PF-S,2
Monastir,2
Indiana,2
Michigan,2
Mississippi,2
Oregon,2
Buenos Aires Province,1
Bujumbura,1
Gitega,1
São Paulo,1
British Columbia,1
Santiago Metropolitan,1
Heredia,1
Puntarenas,1
Famagusta,1
Baden-Württemberg,1
Hamburg,1
Saxony,1
Tizi Ouzou,1
Sidi Bel Abbès,1
Cairo,1
Catalonia,1
Bioko Norte,1
Attica,1
Central and Western Hong Kong Island,1
Zagreb,1
Ouest,1
Budapest,1
Emilia-Romagna,1
Lazio,1
Fukuoka,1
Grande Comore,1
Seoul,1
Ogre,1
Jelgava,1
Jūrmala,1
Kuala Lumpur,1
NC-S,1
Drenthe,1
Overijssel,1
Lima,1
Lisbon,1
Bashkortostan,1
Ariana,1
Manouba,1
Taichung,1
Georgia,1
Massachusetts,1
Maine,1
Ohio,1
Pennsylvania,1
Washington,1
Tashkent,1
Hanoi,1
Harare,1
