name,version,visitors
Windows,10,21893
Mac,10.15,2824
GNU/Linux,(not set),822
Android,10,769
iOS,18.5,419
Android,15,411
Android,14,253
Android,13,219
Android,12,209
Ubuntu,(not set),190
Android,11,168
HarmonyOS,3.0,160
HarmonyOS,(not set),130
HarmonyOS,2.2,117
Chrome OS,14541.0,50
Windows,7,45
Android,9,45
Android,8.1,36
iOS,18.6,28
iOS,17.6,23
iOS,16.7,18
iOS,18.3,18
(not set),(not set),15
Android,7.1,13
Windows,8.1,13
iOS,15.8,11
iOS,18.1,11
iOS,18.2,10
iOS,15.4,9
iOS,15.6,7
iOS,16.0,7
Android,8.0,7
iOS,16.6,6
iOS,17.4,6
iOS,18.4,6
iOS,19.0,6
Windows,(not set),5
Mac,10.13,5
iOS,16.3,5
iOS,17.2,5
Android,5.0,5
Android,6.0,5
iOS,14.6,4
iOS,16.1,4
iOS,18.0,4
HarmonyOS,2.1,4
Android,5.1,4
Mac,10.14,3
iOS,12.5,3
iOS,14.8,3
iOS,15.5,3
iOS,15.7,3
iOS,16.2,3
iOS,16.4,3
iOS,16.5,3
Android,4.4,3
Mac,10.10,2
Mac,10.11,2
Mac,10.12,2
Android,12.0,2
iOS,14.7,2
Android,16,2
iOS,17.5,2
iOS,17.7,2
Windows,8,2
Windows,Server 2003,2
Mac,(not set),1
iOS,11.2,1
iOS,13.6,1
iOS,13.7,1
iOS,14.2,1
iOS,14.4,1
iOS,15.1,1
iOS,15.2,1
iOS,15.3,1
iPadOS,15.7,1
iPadOS,15.8,1
iPadOS,16.3,1
iOS,17.0,1
iOS,17.3,1
iPadOS,17.5,1
iPadOS,17.6,1
iPadOS,17.7,1
iOS,26.0,1
Android,7.0,1
