name,unique_exits,total_exits,exit_rate
/3.12/,339,373,
/3.12/tutorial/index.html,202,216,
/3.12/using/windows.html,166,168,
/3.12/library/functions.html,136,141,
/3.12/library/stdtypes.html,108,114,
/3.12/whatsnew/3.12.html,97,98,
/3.12/search.html,71,74,
/3.12/tutorial/,67,71,
/3.12/library/,63,64,
/3.12/index.html,62,63,
/3.12/library/typing.html,56,60,
/3.12/library/datetime.html,46,46,
/3.12/library/index.html,42,43,
/3/,40,40,
/3.12/library/os.html,38,39,
/3.12/library/pathlib.html,38,39,
/3.12/tutorial/interpreter.html,32,33,
/3.12/tutorial/controlflow.html,31,31,
/3.12/tutorial/introduction.html,30,31,
/3.12/library/re.html,26,26,
/zh-cn/3.12/,26,27,
/zh-cn/3.12/howto/perf_profiling.html,26,26,
/3.12/library/os.path.html,25,26,
/3.12/library/random.html,23,23,
/3.12/download.html,22,22,
/3.12/library/exceptions.html,22,22,
/zh-cn/3.12/tutorial/index.html,22,24,
/3.12/tutorial/appetite.html,21,22,
/3.12/reference/datamodel.html,19,19,
/3.12/installing/index.html,18,18,
/3.12/tutorial/datastructures.html,18,19,
/3.12/library/argparse.html,17,17,
/3.12/library/json.html,16,16,
/3.12/library/subprocess.html,16,17,
/3.12/library/tkinter.html,16,16,
/dev/using/windows.html,16,16,
/3.12/library/asyncio-task.html,15,15,
/3.12/library/csv.html,14,14,
/zh-cn/3.12/download.html,14,14,
/3.12/library/logging.html,13,13,
/3.12/library/threading.html,13,14,
/zh-cn/3.12/index.html,13,13,
/zh-cn/3.12/library/os.html,13,14,
/3.12/library/functools.html,12,12,
/3.12/library/io.html,12,12,
/3.12/library/socket.html,12,12,
/3.12/library/string.html,12,12,
/3.12/library/time.html,12,12,
/3.12/library/unittest.mock.html,12,13,
/3.12/using/cmdline.html,12,12,
/3.14/,12,17,
/zh-cn/3.12/tutorial/introduction.html,12,13,
/zh-cn/3.12/whatsnew/3.12.html,12,12,
/3.12/glossary.html,11,12,
/3.12/library/cgi.html,11,11,
/3.12/library/itertools.html,11,12,
/3.12/library/multiprocessing.html,11,11,
/zh-cn/3.12/reference/compound_stmts.html,11,11,
/3.12/library/asyncio.html,10,10,
/3.12/library/concurrent.futures.html,10,15,
/3.12/library/math.html,10,10,
/3.12/library/sys.html,10,10,
/3.12/library/venv.html,10,11,
/fr/3.12/library/stdtypes.html,10,11,
/zh-cn/3.12/library/markup.html,10,10,
/zh-cn/3.12/library/stdtypes.html,10,10,
/zh-cn/3.12/library/xml.html,10,10,
/3.12/library/collections.html,9,10,
/3.12/library/enum.html,9,10,
/3.12/py-modindex.html,9,9,
/3.12/reference/index.html,9,10,
/3.12/tutorial/inputoutput.html,9,10,
/ja/3.12/download.html,9,9,
/zh-cn/3.12/library/asyncio-task.html,9,10,
/zh-cn/3.12/library/asyncio.html,9,9,
/zh-cn/3.12/tutorial/interpreter.html,9,9,
/3.12/library/sqlite3.html,8,8,
/3.12/library/telnetlib.html,8,8,
/3.12/library/tempfile.html,8,8,
/3.12/tutorial/classes.html,8,8,
/3.12/tutorial/venv.html,8,8,
/3/library/functions.html,8,8,
/3/tutorial/datastructures.html,8,8,
/it/3.12/whatsnew/changelog.html,8,8,
/ja/3.12/,8,8,
/ja/3.12/library/logging.html,8,8,
/zh-cn/3.12/installing/,8,8,
/zh-cn/3.12/library/http.cookies.html,8,8,
/zh-cn/3.12/library/pathlib.html,8,9,
/zh-cn/3.12/search.html,8,8,
/3.12/library/abc.html,7,7,
/3.12/library/configparser.html,7,7,
/3.12/library/struct.html,7,7,
/3.12/library/unittest.html,7,7,
/3.12/reference/lexical_analysis.html,7,8,
/3/library/os.html,7,7,
/3/library/pathlib.html,7,7,
/es/3.12/tutorial/index.html,7,7,
/zh-cn/3.12/library/index.html,7,8,
/zh-cn/3.12/library/internet.html,7,7,
