name,unique_exits,total_exits,exit_rate
/es/3/tutorial/,311,326,
/es/3/tutorial/introduction.html,81,86,
/es/3/tutorial/interpreter.html,69,74,
/es/3/tutorial/index.html,65,71,
/es/3.15/using/windows.html,57,60,
/es/3/tutorial/controlflow.html,52,56,
/es/3/library/index.html,46,46,
/es/3/library/tkinter.html,43,50,
/es/3/tutorial/datastructures.html,41,51,
/es/3/library/functions.html,39,40,
/es/3/tutorial/classes.html,38,46,
/dev/using/windows.html,36,36,
/es/3.14/,36,38,
/es/3/library/idle.html,35,35,
/es/3.14/tutorial/index.html,34,34,
/es/3/,34,35,
/es/3/tutorial/appetite.html,34,34,
/es/3.13/library/tkinter.html,31,32,
/3/,30,30,
/es/3/library/stdtypes.html,30,32,
/es/3/tutorial/venv.html,29,29,
/es/3.14/library/functions.html,26,29,
/es/3.14/tutorial/introduction.html,20,22,
/es/3.13/tutorial/datastructures.html,19,22,
/es/3.14/search.html,19,19,
/es/3/library/math.html,18,19,
/es/3/library/random.html,18,18,
/es/3/installing/index.html,17,19,
/es/3/library/venv.html,17,18,
/es/3/contents.html,16,16,
/es/3/library/csv.html,15,16,
/es/3/library/re.html,15,15,
/es/3.14/library/stdtypes.html,14,14,
/es/3.14/tutorial/,13,15,
/es/3.14/tutorial/interpreter.html,13,13,
/es/3.14/using/windows.html,12,12,
/es/3/search.html,12,12,
/es/3.13/library/index.html,11,11,
/es/3/howto/regex.html,11,11,
/es/3/tutorial/errors.html,11,11,
/es/3/tutorial/modules.html,11,17,
/3.14/using/windows.html,10,10,
/es/3.13/tutorial/index.html,10,11,
/3/tutorial/index.html,9,8,
/es/3.13/tutorial/venv.html,9,9,
/es/3.14/tutorial/datastructures.html,9,11,
/es/3/glossary.html,9,9,
/es/3/library/string.html,9,11,
/es/3/tutorial/inputoutput.html,9,9,
/es/3/using/windows.html,9,10,
/3/library/functions.html,8,8,
/es/3.14/tutorial/appetite.html,8,9,
/es/3/howto/sorting.html,8,8,
/3.15/using/windows.html,7,7,
/es/3.12/tutorial/index.html,7,7,
/es/3.14/download.html,7,8,
/es/3.14/index.html,7,7,
/es/3.14/library/datetime.html,7,7,
/es/3.14/library/index.html,7,7,
/es/3.14/tutorial/controlflow.html,7,8,
/es/3.14/tutorial/errors.html,7,7,
/es/3.15/search.html,7,8,
/es/3/library/datetime.html,7,7,
/es/3/library/pathlib.html,7,8,
/es/3/library/time.html,7,7,
/3.14/,6,6,
/3/library/idle.html,6,6,
/3/library/stdtypes.html,6,6,
/3/tutorial/,6,6,
/es/3.13/glossary.html,6,6,
/es/3.13/library/stdtypes.html,6,6,
/es/3.13/library/venv.html,6,8,
/es/3.13/tutorial/classes.html,6,6,
/es/3.13/tutorial/interpreter.html,6,6,
/es/3.13/tutorial/introduction.html,6,6,
/es/3.14/using/index.html,6,7,
/es/3/library/json.html,6,6,
/es/3/reference/index.html,6,6,
/es/3/whatsnew/3.14.html,6,6,
/es/dev/contents.html,6,6,
/3.14/tutorial/index.html,5,4,
/3/library/tkinter.html,5,5,
/3/library/venv.html,5,5,
/es/3.13/library/re.html,5,5,
/es/3.13/search.html,5,5,
/es/3.14/library/random.html,5,5,
/es/3.14/library/tkinter.html,5,5,
/es/3.14/reference/compound_stmts.html,5,5,
/es/3.14/tutorial/classes.html,5,5,
/es/3/reference/compound_stmts.html,5,5,
/es/3/reference/import.html,5,5,
/es/3/using/cmdline.html,5,5,
/es/dev/library/zlib.html,5,5,
/es/dev/py-modindex.html,5,5,
/3/library/math.html,4,4,
/3/tutorial/introduction.html,4,4,
/es/3.12/,4,4,
/es/3.12/tutorial/interpreter.html,4,4,
/es/3.13/,4,4,
/es/3.13/installing/,4,4,
