name,visitors,bounce_rate,visit_duration
Direct / None,1316,73,184
Google,805,75,136
es.python.org,76,49,205
Bing,48,66,124
python.org,44,0,276
Brave,40,69,165
chatgpt.com,30,71,168
DuckDuckGo,13,83,511
Yahoo!,9,56,20
translations.python.org,9,44,990
Baidu,7,83,0
Ecosia,4,75,9
Perplexity,4,33,418
aulasvirtuales.unimet.edu.ve,4,40,313
skilio.com,4,100,0
GitHub,3,100,0
Youtube,3,100,0
app.aluracursos.com,3,33,1
campus142.unad.edu.co,3,67,133
freecodecamp.org,3,67,105
hablemospython.dev,3,67,3
view.genially.com,3,67,184
wiki.python.org,3,0,343
127.0.0.1,2,67,9
aulavirtual.sence.cl,2,100,0
canva.com,2,50,16
cifpcarballeira.com,2,100,0
escuela.pontia.tech,2,0,82
pensamientocomputacional.dev.ar,2,0,14
wired-7.org,2,100,0
Facebook,1,100,0
Qwant,1,100,0
Reddit,1,0,996
app.thepowermba.com,1,100,0
arangoya.net,1,100,0
aulavirtual.fio.unam.edu.ar,1,0,0
aulavirtual37.educa.madrid.org,1,100,0
boot.dev,1,0,270
campus141.unad.edu.co,1,100,0
campusvirtual.ull.es,1,0,32
claude.ai,1,100,0
console.apify.com,1,0,116
cooking-guide,1,100,0
docs.pytest.org,1,0,23
efdeq.online,1,0,0
elearn.univ-pau.fr,1,100,0
formacion.intef.es,1,0,418
guies.uab.cat,1,0,22
imb-pc.com,1,100,0
innovaeduca.adrformacion.com,1,100,0
jupyterlabnext-1-labs-prod-jupyterlab-us-east-0.labs.cognitiveclass.ai,1,0,26
learnxinyminutes.com,1,0,146
netacad.com,1,0,403
note.nkmk.me,1,0,2074
petalsearch.com,1,0,437
platform.learningviable.com,1,100,0
pyinstaller.org,1,0,0
r3e.mx,1,100,0
react-app-python-runner.vercel.app,1,100,0
search-dra.dt.dbankcloud.com,1,0,329
steamcommunity.com,1,0,144
tapnav.com,1,100,0
tecvi2.itmerida.mx,1,100,0
uabc.blackboard.com,1,100,0
ueslearning.ues.mx,1,0,38
wiki.python.org.ar,1,100,0
