name,version,visitors
Chrome,134.0,164
Microsoft Edge,134.0,34
Opera,117.0,20
Firefox,137.0,19
Chrome,135.0,18
Firefox,136.0,17
Safari,18.3,9
Chrome,133.0,5
Chrome,109.0,4
Safari,18.4,4
Firefox,115.0,3
Microsoft Edge,132.0,3
Yandex Browser,25.2,3
Samsung Browser,27.0,3
Samsung Browser,11.0,2
Firefox,128.0,2
Firefox,129.0,2
Microsoft Edge,133.0,2
Firefox,135.0,2
Opera,88.0,2
(not set),(not set),1
Mobile App,(not set),1
Chromium,(not set),1
Microsoft Edge,106.0,1
Chrome,118.0,1
Microsoft Edge,122.0,1
Chrome,124.0,1
Firefox,125.0,1
Firefox,126.0,1
Chrome,127.0,1
Firefox,131.0,1
Chrome,131.0,1
Safari,16.2,1
Samsung Browser,16.2,1
Safari,17.10,1
Safari,17.6,1
Safari,18.1,1
Safari,18.2,1
Yandex Browser,24.12,1
