name,visitors,pageviews,bounce_rate,time_on_page,scroll_depth
/3.13/,976,1413,62,64,73
/3.13/tutorial/index.html,584,660,78,63,46
/3.13/using/windows.html,330,372,75,74,29
/3.13/tutorial/,309,346,62,38,52
/3.13/search.html,206,311,41,14,52
/3.13/index.html,189,201,68,40,73
/3.13/whatsnew/3.13.html,185,178,83,37,16
/3.13/library/index.html,184,231,48,26,39
/3.13/library/stdtypes.html,169,177,75,92,44
/3.13/tutorial/interpreter.html,165,180,77,98,73
/zh-cn/3.13/tutorial/index.html,165,213,60,24,58
/3.13/library/functions.html,153,160,82,44,53
/3.13/tutorial/introduction.html,122,120,76,137,58
/3.13/tutorial/appetite.html,120,110,70,53,80
/ja/3.13/library/datetime.html,105,111,85,38,28
/3.13/library/,88,89,69,16,35
/3.13/tutorial/controlflow.html,81,83,89,93,38
/3.13/reference/index.html,67,69,32,29,63
/uk/3.13/library/idle.html,65,78,70,15,46
/3.13/library/typing.html,63,68,77,118,36
/ja/3.13/library/stdtypes.html,63,64,90,36,34
/zh-cn/3.13/tutorial/interpreter.html,59,59,56,40,76
/3.13/library/pathlib.html,57,58,79,26,55
/zh-cn/3.13/library/index.html,57,64,61,26,42
/zh-cn/3.13/tutorial/controlflow.html,56,58,79,135,43
/zh-cn/3.13/,55,54,65,35,83
/3.13/library/datetime.html,54,55,92,79,40
/3.13/library/idle.html,54,51,81,39,33
/zh-cn/3.13/tutorial/appetite.html,52,42,42,19,81
/ja/3.13/library/functions.html,51,45,83,55,51
/ja/3.13/library/logging.html,51,55,83,40,22
/ko/3.13/tutorial/index.html,49,68,54,18,63
/3.13/library/os.html,48,47,94,141,44
/3.13/py-modindex.html,47,48,67,31,55
/es/3.13/tutorial/index.html,47,47,88,66,44
/3.13/contents.html,45,44,31,54,13
/3.13/library/string.html,43,32,86,50,51
/3.13/glossary.html,42,40,57,59,53
/zh-cn/3.13/search.html,42,48,61,21,52
/3.13/library/tkinter.html,40,43,84,63,31
/zh-cn/3.13/index.html,40,49,50,13,85
/zh-cn/3.13/tutorial/introduction.html,40,35,75,51,58
/3.13/installing/index.html,39,36,36,44,64
/zh-cn/3.13/library/functions.html,39,34,71,58,50
/3.13/library/random.html,38,37,83,70,28
/ja/3.13/library/index.html,38,46,59,17,43
/ja/3.13/tutorial/index.html,38,50,75,16,58
/zh-cn/3.13/contents.html,38,40,22,19,21
/uk/3.13/tutorial/index.html,37,61,56,19,49
/3.13/tutorial/datastructures.html,36,33,88,122,41
/ja/3.13/tutorial/inputoutput.html,35,34,85,40,50
/3.13/library/os.path.html,34,30,81,78,47
/3.13/whatsnew/changelog.html,33,30,56,125,8
/ja/3.13/library/exceptions.html,33,28,94,18,41
/3.13/library/exceptions.html,32,33,77,16,41
/3.13/reference/datamodel.html,32,28,62,93,46
/3.13/library/collections.html,31,26,86,31,40
/es/3.13/tutorial/datastructures.html,31,31,79,74,26
/ja/3.13/library/dataclasses.html,31,31,83,18,27
/3.13/library/re.html,30,29,88,89,46
/zh-cn/3.13/library/stdtypes.html,30,30,83,103,38
/3.13/library/turtle.html,29,30,81,80,40
/ja/3.13/library/csv.html,29,31,88,81,50
/ja/3.13/library/re.html,29,32,89,53,30
/zh-cn/3.13/using/index.html,29,30,57,11,78
/3.13/library/argparse.html,28,27,81,195,39
/fr/3.13/tutorial/classes.html,28,28,85,63,37
/3.13/library/subprocess.html,27,27,68,49,43
/3.13/tutorial/classes.html,27,28,73,184,45
/ja/3.13/search.html,27,28,40,16,46
/zh-cn/3.13/using/windows.html,27,25,100,29,34
/3.13/library/math.html,26,21,100,74,44
/ja/3.13/library/os.path.html,26,25,74,18,36
/ja/3.13/library/pathlib.html,26,26,85,55,34
/ja/3.13/reference/datamodel.html,26,23,60,68,50
/zh-cn/3.13/reference/index.html,26,33,67,27,62
/3.13/download.html,25,22,57,17,90
/es/3.13/library/tkinter.html,25,26,79,96,19
/ja/3.13/tutorial/,25,30,93,37,47
/zh-cn/3.13/reference/datamodel.html,25,24,100,51,49
/3.13/library/threading.html,24,26,87,37,33
/fr/3.13/tutorial/errors.html,24,25,81,84,31
/ja/3.13/tutorial/errors.html,24,28,72,57,52
/3.13/library/logging.html,23,22,75,42,25
/ja/3.13/library/multiprocessing.html,23,24,73,25,19
/ja/3.13/library/shutil.html,23,24,100,20,41
/3.13/reference/compound_stmts.html,22,22,75,71,46
/3.13/tutorial/modules.html,22,18,67,71,47
/3.13/using/cmdline.html,22,24,78,99,23
/3.13/using/index.html,22,27,86,9,72
/ja/3.13/library/__main__.html,22,23,95,55,41
/uk/3.13/extending/extending.html,22,23,95,2,6
/zh-cn/3.13/genindex.html,22,22,100,10,82
/zh-cn/3.13/tutorial/datastructures.html,22,21,89,129,57
/ja/3.13/glossary.html,21,27,71,184,50
/ja/3.13/library/math.html,21,22,67,49,45
/ja/3.13/library/threading.html,21,22,89,40,32
/ja/3.13/library/typing.html,21,20,82,7,28
/uk/3.13/library/tkinter.html,21,29,56,28,28
/3.13/genindex.html,20,21,0,3,100
