property,value,visitors,events,percentage
url,(none),345,420,99.7
url,https://bootstrap.pypa.io/get-pip.py,7,7,2.0
url,https://www.python.org/,3,3,0.9
url,https://setuptools.pypa.io/en/latest/userguide/miscellaneous.html#using-manifest-in,2,2,0.6
url,https://github.com/jazzband/pip-tools,1,1,0.3
url,https://nox.thea.codes/en/latest/index.html,1,1,0.3
url,https://pdm-project.org/en/latest/reference/pep621/#__tabbed_1_2,1,1,0.3
url,https://pip.pypa.io/en/latest/user_guide/#requirements-files,1,1,0.3
url,https://pipx.pypa.io/,1,1,0.3
url,https://pypi.org/classifiers,1,1,0.3
url,https://setuptools.pypa.io/en/latest/userguide/miscellaneous.html,1,1,0.3
url,https://test.pypi.org/,1,1,0.3
url,https://tox.wiki/en/latest/index.html,1,1,0.3
