name,visitors,pageviews,bounce_rate,time_on_page,scroll_depth
/ja/latest/tutorials/installing-packages/,92,101,79,34,40
/ja/latest/guides/installing-using-pip-and-virtual-environments/,84,88,94,26,47
/ja/latest/guides/writing-pyproject-toml/,58,60,83,44,46
/ja/latest/tutorials/packaging-projects/,20,19,62,12,38
/ja/latest/discussions/src-layout-vs-flat-layout/,14,14,100,73,86
/ja/latest/guides/distributing-packages-using-setuptools/,11,11,50,64,52
/ja/latest/guides/publishing-package-distribution-releases-using-github-actions-ci-cd-workflows/,11,8,100,54,67
/ja/latest/specifications/platform-compatibility-tags/,10,12,71,33,59
/ja/latest/glossary/,9,8,50,11,38
/ja/latest/guides/installing-stand-alone-command-line-tools/,8,9,43,50,74
/ja/latest/discussions/setup-py-deprecated/,7,8,83,25,67
/ja/latest/,6,6,100,4,60
/ja/latest/specifications/binary-distribution-format/,6,6,100,15,30
/ja/latest/guides/installing-using-linux-tools/,5,4,100,33,97
/ja/latest/guides/modernize-setup-py-project/,5,4,100,20,51
/ja/latest/key_projects/,5,4,33,5,29
/ja/latest/flow/,4,3,67,8,84
/ja/latest/tutorials/managing-dependencies/,4,4,75,14,85
/ja/latest/guides/packaging-namespace-packages/,3,3,100,32,53
/ja/latest/guides/tool-recommendations/,3,3,50,9,100
/ja/latest/guides/using-manifest-in/,3,3,67,10,100
/ja/latest/guides/using-testpypi/,3,2,50,0,100
/ja/latest/specifications/dependency-specifiers/,3,3,50,12,22
/ja/latest/specifications/inline-script-metadata/,3,4,100,17,100
/ja/latest/specifications/pyproject-toml/,3,3,100,47,52
/ja/latest/specifications/version-specifiers/,3,3,100,1,4
/ja/latest/guides/creating-command-line-tools/,2,2,0,28,24
/ja/latest/guides/licensing-examples-and-user-scenarios/,2,2,0,8,100
/ja/latest/guides/making-a-pypi-friendly-readme/,2,1,0,6,91
/ja/latest/guides/section-build-and-publish/,2,2,0,1,100
/ja/latest/search/,2,3,0,6,98
/ja/latest/specifications/externally-managed-environments/,2,2,100,10,99
/ja/latest/specifications/pypirc/,2,1,100,4,63
/ja/latest/specifications/simple-repository-api/,2,2,100,1,16
/ja/latest/discussions/pip-vs-easy-install/,1,1,100,10,100
/ja/latest/discussions/single-source-version/,1,1,0,,
/ja/latest/discussions/versioning/,1,1,100,12,19
/ja/latest/guides/,1,1,0,16,100
/ja/latest/guides/creating-and-discovering-plugins/,1,1,100,9,100
/ja/latest/guides/hosting-your-own-index/,1,2,0,23,95
/ja/latest/guides/index-mirrors-and-caches/,1,1,100,,
/ja/latest/guides/section-hosting/,1,1,0,5,100
/ja/latest/specifications/,1,1,0,2,72
/ja/latest/specifications/entry-points/,1,1,100,,
/ja/latest/tutorials/,1,1,0,6,100
