name,visitors,bounce_rate,visit_duration
google.com,595,85,88
Direct / None,370,76,135
python.org,11,0,251
baidu.com/link,10,80,8
bing.com,10,62,197
google.com.tw,9,89,36
chatgpt.com,4,67,3
ithelp.ithome.com.tw,4,100,0
remarkable-twist-f4b.notion.site,4,100,0
steam.oxxostudio.tw,3,100,0
baidu.com,2,100,74
classroom.google.com,2,50,23
cn.bing.com,2,100,590
github.com/ccc114a/_cm/issues/2,2,50,412
m.facebook.com,2,0,498
tw.search.yahoo.com,2,50,13
android-app://com.google.android.googlequicksearchbox,1,100,0
blog.eporttw.com,1,0,903
courses.edx.org,1,0,969
docs.google.com,1,100,0
eclass.yuntech.edu.tw,1,0,377
gathering.tweakers.net,1,0,29
m.baidu.com/from=1001192y/bd_page_type=1/ssid=0/uid=0/pu=usm%405%2Csz%401320_220%2Cta%40iphone___24_114.0/baiduid=7890F5CAECB5C491EBDB3A2E7B5DFD33/w=0_10_/t=iphone/l=1/tc,1,0,182
moodle.ncku.edu.tw,1,100,0
notion.so,1,100,0
python.p2hp.com,1,0,11
roadmap.sh,1,0,175
ru.wikibooks.org,1,0,411
search.yahoo.com,1,100,0
vocus.cc,1,0,0
yandex.ru,1,0,22
