name,visitors
Istanbul,45
Singapore,12
Ankara,7
Mersin,6
Diyarbakır,6
Bursa,6
Shenzhen,6
Baku,5
Hong Kong,5
Shanghai,4
Kayseri,3
İzmir,3
Gaziantep,3
Adapazarı,3
Hangzhou,3
Sivas,2
Seyhan,2
Meram,2
N/A,2
N/A,2
Eskişehir,2
Denizli,2
Balıkesir,2
Antalya,2
Alanya,2
Köseköy,2
Artvin,2
Zhenjiang,2
Wuxi,2
Dalian,2
The Hague,2
Çankaya,2
Sancaktepe,2
N/A,2
Ümraniye,2
Nicosia,1
Siirt,1
Muğla,1
Adana,1
Krasnodar,1
Minsk,1
Yalova,1
Trabzon,1
Tekirdağ,1
Samsun,1
N/A,1
N/A,1
İnegol,1
Gönen,1
Nantong,1
Nanjing,1
Jinhua,1
Jiaxing,1
Guangzhou,1
London,1
Coventry,1
Reutlingen,1
Hannover,1
Monterrey,1
Ashburn,1
N/A,1
Altınordu,1
