name,unique_entrances,total_entrances,visit_duration
/3.13/tutorial/index.html,3364,3531,143
/3.13/using/windows.html,2184,2276,69
/3/,1290,1303,433
/3.13/whatsnew/3.13.html,552,568,89
/3.13/tutorial/,520,538,190
/3.13/index.html,478,489,105
/3.13/,477,519,146
/es/3.13/tutorial/index.html,372,389,197
/es/3.13/library/tkinter.html,243,262,127
/zh-cn/3.13/tutorial/index.html,240,266,235
/es/3.13/tutorial/venv.html,161,174,41
/zh-tw/3.13/tutorial/index.html,142,151,151
/3.13/tutorial/interpreter.html,134,153,146
/3.13/library/functions.html,133,144,174
/3/tutorial/index.html,127,127,525
/es/3.13/tutorial/datastructures.html,117,118,125
/ja/3.13/library/re.html,114,125,95
/3.13/tutorial/appetite.html,111,118,225
/uk/3.13/library/turtle.html,110,115,98
/3.13/tutorial/introduction.html,107,114,95
/ja/3.13/library/functions.html,106,108,123
/3.13/tutorial/controlflow.html,105,117,202
/ja/3.13/library/datetime.html,104,105,127
/es/3.13/tutorial/classes.html,103,115,165
/ja/3.13/tutorial/index.html,97,107,293
/es/3.13/library/index.html,95,99,120
/uk/3.13/library/idle.html,91,95,27
/ja/3.13/library/typing.html,88,97,52
/zh-cn/3.13/tutorial/controlflow.html,87,97,164
/uk/3.13/library/tkinter.html,85,97,131
/zh-cn/3.13/,83,94,230
/es/3.13/tutorial/errors.html,82,86,34
/ja/3.13/library/pathlib.html,79,81,146
/ja/3.13/library/subprocess.html,79,88,216
/es/3.13/library/functions.html,77,79,147
/ja/3.13/library/index.html,76,78,214
/3/tutorial/,75,78,474
/es/3.13/installing/index.html,75,79,130
/fr/3.13/library/tkinter.html,75,77,130
/pt-br/3.13/library/math.html,75,82,147
/3.13/library/stdtypes.html,73,79,130
/ja/3.13/library/csv.html,70,76,177
/es/3.13/tutorial/introduction.html,67,75,105
/3/library/functions.html,66,66,658
/uk/3.13/tutorial/index.html,66,71,90
/3.13/library/index.html,65,76,145
/ja/3.13/library/stdtypes.html,65,71,116
/ko/3.13/tutorial/index.html,65,67,347
/3.13/search.html,64,77,236
/ko/3.13/library/idle.html,64,66,92
/pt-br/3.13/tutorial/index.html,64,72,512
/fr/3.13/tutorial/classes.html,63,66,93
/ja/3.13/library/json.html,63,63,50
/ja/3.13/library/logging.html,63,65,304
/3/library/tkinter.html,62,63,392
/zh-cn/3.13/tutorial/introduction.html,62,64,93
/es/3.13/library/re.html,60,61,21
/fr/3.13/howto/sorting.html,60,64,139
/pt-br/3.13/library/index.html,60,62,136
/3.13/library/,57,58,73
/zh-cn/3.13/tutorial/datastructures.html,57,62,271
/zh-cn/3.13/library/index.html,56,60,384
/3/library/venv.html,55,55,425
/fr/3.13/library/random.html,55,55,163
/zh-tw/3.13/howto/sorting.html,55,57,84
/3/library/index.html,53,53,512
/zh-cn/3.13/using/index.html,53,53,60
/ja/3.13/library/venv.html,52,52,53
/fr/3.13/library/turtle.html,51,57,100
/ja/3.13/library/sqlite3.html,51,54,258
/pt-br/3.13/tutorial/datastructures.html,51,56,126
/es/3.13/library/idle.html,50,51,22
/ja/3.13/library/argparse.html,50,51,307
/ja/3.13/library/random.html,50,53,56
/zh-tw/3.13/installing/index.html,49,50,84
/zh-tw/3.13/library/random.html,49,50,57
/3/library/idle.html,48,48,338
/pt-br/3.13/library/functions.html,48,52,171
/3.13/library/tkinter.html,47,48,121
/ja/3.13/library/shutil.html,47,48,177
/zh-cn/3.13/library/functions.html,47,48,268
/zh-cn/3.13/library/stdtypes.html,47,49,173
/ja/3.13/using/windows.html,46,46,92
/3.13/library/typing.html,45,47,24
/fr/3.13/tutorial/index.html,44,45,101
/pt-br/3.13/tutorial/inputoutput.html,43,46,168
/fr/3.13/library/datetime.html,42,42,155
/fr/3.13/library/functions.html,42,42,330
/ja/3.13/tutorial/errors.html,42,43,153
/ko/3.13/installing/index.html,42,42,37
/zh-cn/3.13/tutorial/interpreter.html,42,47,321
/ja/3.13/library/enum.html,41,41,161
/ja/3.13/library/itertools.html,41,41,64
/ja/3.13/library/os.html,41,41,220
/es/3.13/library/datetime.html,40,40,26
/es/3.13/tutorial/controlflow.html,40,44,38
/3/library/stdtypes.html,39,39,952
/3/library/turtle.html,39,39,500
/ja/3.13/library/os.path.html,39,42,195
/fr/3.13/tutorial/datastructures.html,38,41,133
/pt-br/3.13/library/string.html,38,40,132
/es/3.13/library/tk.html,37,37,286
/es/3.13/tutorial/interpreter.html,37,39,183
/3/library/random.html,36,37,320
/3/library/typing.html,36,36,882
/zh-tw/3.13/library/heapq.html,36,36,36
/3.13/using/mac.html,35,36,138
/es/3.13/library/stdtypes.html,35,36,90
/ja/3.13/library/tkinter.html,35,35,60
/zh-cn/3.13/tutorial/inputoutput.html,35,35,179
/zh-cn/3.13/whatsnew/3.13.html,35,35,37
/zh-cn/3/,35,35,505
/zh-cn/3.13/library/asyncio-task.html,34,35,201
/ja/3.13/howto/logging.html,33,35,536
/ja/3.13/library/concurrent.futures.html,33,34,226
/ja/3.13/library/struct.html,33,37,49
/zh-cn/3.13/index.html,33,39,378
/zh-cn/3.13/tutorial/classes.html,33,34,315
/es/3.13/library/random.html,32,34,74
/uk/3.13/installing/index.html,32,32,52
/zh-tw/3.13/tutorial/inputoutput.html,32,33,70
/3.13/tutorial/datastructures.html,31,34,88
/3/library/math.html,31,34,382
/3/library/re.html,31,32,653
/es/3.13/tutorial/inputoutput.html,31,31,134
/fr/3.13/reference/import.html,31,31,98
/ja/3.13/installing/index.html,31,32,99
/ja/3.13/library/__main__.html,31,31,236
/ja/3.13/library/exceptions.html,31,32,77
/ja/3.13/library/threading.html,31,32,156
/zh-tw/3.13/tutorial/controlflow.html,31,37,135
/3/library/logging.html,30,32,816
/es/3.13/library/csv.html,30,34,112
/es/3.13/reference/import.html,30,31,21
/ja/3.13/library/unittest.html,30,32,82
/ko/3.13/library/functions.html,30,30,82
/uk/3.13/library/math.html,30,33,51
/3.13/glossary.html,29,30,264
/3/library/datetime.html,29,29,207
/fr/3.13/tutorial/errors.html,29,33,98
/ko/3.13/library/index.html,29,29,202
/zh-cn/3.13/search.html,29,34,283
/3.13/library/datetime.html,28,29,65
/ja/3.13/howto/sorting.html,28,28,21
/ja/3.13/library/ctypes.html,28,29,103
/ja/3.13/library/io.html,28,28,145
/zh-cn/3.13/tutorial/,28,29,271
/3/tutorial/datastructures.html,27,27,1046
/es/3.13/library/venv.html,27,27,103
/ja/3.13/library/tempfile.html,27,27,175
/ja/3.13/tutorial/inputoutput.html,27,30,144
/ko/3.13/library/re.html,27,27,428
/ko/3.13/tutorial/errors.html,27,29,175
/pt-br/3.13/tutorial/introduction.html,27,27,198
/zh-cn/3.13/contents.html,27,28,267
/zh-cn/3.13/using/android.html,27,27,57
/zh-tw/3.13/library/os.path.html,27,27,111
/3/library/argparse.html,26,27,664
/3/library/subprocess.html,26,26,685
/es/3.13/howto/logging.html,26,26,173
/ja/3.13/library/decimal.html,26,28,60
/ja/3.13/library/time.html,26,26,69
/ko/3.13/library/turtle.html,26,27,68
/zh-cn/3.13/using/mac.html,26,27,130
/zh-tw/3.13/tutorial/datastructures.html,26,27,80
/3.13/library/random.html,25,29,133
/ja/3.13/library/socket.html,25,27,150
/ja/3.13/whatsnew/index.html,25,25,15
/zh-cn/3.13/glossary.html,25,26,430
/3.13/library/os.html,24,25,71
/fr/3.13/library/math.html,24,24,51
/ja/3.13/library/math.html,24,25,252
/3.13/reference/index.html,23,26,74
/3/library/csv.html,23,23,608
/es/3.13/library/__main__.html,23,24,125
/fr/3.13/library/stdtypes.html,23,23,148
/ja/3.13/library/multiprocessing.html,23,24,176
/ja/3.13/library/unittest.mock.html,23,25,160
/uk/3.13/library/venv.html,23,24,127
/zh-cn/3.13/library/turtle.html,23,26,57
/zh-cn/3.13/tutorial/modules.html,23,24,148
/zh-cn/3.13/whatsnew/index.html,23,23,163
/3.13/library/re.html,22,24,152
/3.13/py-modindex.html,22,23,21
/3/library/os.html,22,22,840
/3/library/time.html,22,22,348
/ja/3.13/library/logging.handlers.html,22,24,388
/ja/3.13/library/urllib.parse.html,22,24,120
/ja/3.13/library/zipfile.html,22,25,250
/zh-cn/3.13/library/struct.html,22,22,89
/zh-cn/3.13/library/tkinter.html,22,23,159
/zh-tw/3.13/library/venv.html,22,23,71
/3/tutorial/controlflow.html,21,21,675
/es/3.13/howto/sorting.html,21,21,68
/es/3.13/library/array.html,21,21,313
/fr/3.13/library/operator.html,21,21,50
/ja/3.13/library/configparser.html,21,24,298
/ja/3.13/library/glob.html,21,21,129
/ja/3.13/tutorial/classes.html,21,21,249
/ja/3.13/tutorial/controlflow.html,21,23,120
/3.13/library/exceptions.html,20,21,10
/3/index.html,20,20,407
/3/library/socket.html,20,20,818
/3/tutorial/classes.html,20,20,899
/es/3.13/library/shutil.html,20,20,42
/es/3.13/using/editors.html,20,22,4
/ja/3.13/library/string.html,20,20,137
/ja/3.13/tutorial/interpreter.html,20,21,63
/ja/3.13/tutorial/modules.html,20,20,368
/ja/3/c-api/import.html,20,20,36
/pt-br/3.13/library/__main__.html,20,20,76
/zh-cn/3.13/reference/index.html,20,22,246
/zh-cn/3.13/tutorial/errors.html,20,20,231
/zh-tw/3.13/library/json.html,20,21,15
/zh-tw/3.13/library/string.html,20,20,2
/3/library/collections.html,19,19,371
/es/3.13/library/string.html,19,19,8
/fr/3.13/tutorial/controlflow.html,19,20,11
/ja/3.13/library/dataclasses.html,19,21,252
/ko/3.13/library/argparse.html,19,22,40
/ko/3.13/library/threading.html,19,21,350
/pt-br/3.13/library/random.html,19,22,224
/uk/3.13/library/functions.html,19,20,6
/zh-cn/3.13/library/idle.html,19,19,0
/zh-cn/3.13/library/string.html,19,19,35
/zh-cn/3/tutorial/index.html,19,19,1326
/3.13/contents.html,18,27,223
/3.13/tutorial/modules.html,18,20,458
/3/download.html,18,18,566
/3/whatsnew/3.13.html,18,18,582
/es/3.13/library/collections.html,18,19,201
/es/3.13/tutorial/modules.html,18,19,259
/fr/3.13/library/base64.html,18,18,149
/fr/3.13/library/time.html,18,18,36
/fr/3.13/tutorial/interpreter.html,18,19,123
/fr/3.13/using/windows.html,18,18,41
/ja/3.13/library/collections.html,18,18,60
/ja/3.13/library/pprint.html,18,18,282
/ja/3.13/library/urllib.request.html,18,18,94
/ja/3/,18,20,761
/ko/3.13/howto/sorting.html,18,18,38
/ko/3.13/tutorial/interpreter.html,18,19,415
/pt-br/3.13/,18,21,254
/uk/3.13/library/datetime.html,18,19,299
/uk/3.13/library/stdtypes.html,18,19,36
/zh-tw/3.13/library/csv.html,18,19,186
/3.13/library/socket.html,17,20,191
/3.13/library/turtle.html,17,20,33
/3.13/reference/lexical_analysis.html,17,21,444
/3.14/whatsnew/3.14.html,17,17,498
/3/library/asyncio.html,17,17,415
/3/license.html,17,17,291
/es/3.13/howto/regex.html,17,18,76
/es/3.13/library/math.html,17,17,131
/es/3.13/search.html,17,23,322
/fr/3.13/library/collections.html,17,17,251
/ja/3.13/library/difflib.html,17,17,8
/ja/3.13/reference/index.html,17,17,313
/ko/3.13/library/math.html,17,19,17
/pt-br/3.13/tutorial/controlflow.html,17,20,2
/zh-cn/3.13/tutorial/appetite.html,17,17,55
/3/library/itertools.html,16,16,1231
/3/library/multiprocessing.html,16,16,1398
/3/using/windows.html,16,16,629
/es/3.13/,16,16,521
/ko/3.13/library/collections.html,16,16,3
/ko/3.13/library/pathlib.html,16,18,320
/pt-br/3.13/library/turtle.html,16,16,49
/zh-cn/3.13/library/re.html,16,16,184
/zh-cn/3.13/library/venv.html,16,16,23
/zh-cn/3.13/reference/datamodel.html,16,16,3
/3/installing/index.html,15,15,336
/3/library/tk.html,15,17,313
/es/3.13/tutorial/appetite.html,15,15,6
/fr/3.13/library/subprocess.html,15,15,130
/fr/3.13/tutorial/introduction.html,15,16,46
/ja/3.13/library/queue.html,15,15,185
/ko/3.13/library/asyncio.html,15,16,206
/pt-br/3.13/library/csv.html,15,16,48
/zh-cn/3.13/library/concurrent.futures.html,15,15,626
/zh-cn/3.13/library/logging.html,15,16,11
/zh-cn/3.13/library/multiprocessing.html,15,16,154
/3.13/download.html,14,14,9
/3/library/,14,14,1210
/3/library/os.path.html,14,14,938
/3/tutorial/venv.html,14,14,623
/es/3.13/howto/sockets.html,14,15,156
/fr/3.13/howto/sockets.html,14,15,71
/fr/3.13/library/timeit.html,14,14,32
/fr/3.13/using/editors.html,14,14,28
/ja/3.13/howto/argparse.html,14,14,58
/ja/3.13/library/abc.html,14,14,177
/ja/3.13/library/base64.html,14,14,9
/ja/3.13/library/pickle.html,14,14,109
/ko/3.13/library/xml.etree.elementtree.html,14,14,6
/uk/3.13/tutorial/classes.html,14,18,44
/zh-cn/3.13/installing/index.html,14,14,135
/zh-cn/3.13/library/json.html,14,14,51
/zh-cn/3.13/using/windows.html,14,14,37
/zh-tw/3.13/tutorial/errors.html,14,14,182
