name,visitors,pageviews,bounce_rate,time_on_page,scroll_depth
/3.13/tutorial/index.html,4134,5396,57,124,50
/3.13/using/windows.html,2794,3706,69,237,24
/3.13/,1323,2204,50,55,79
/3.13/index.html,1136,1373,45,81,73
/3.13/whatsnew/3.13.html,957,1197,68,143,13
/3.13/tutorial/interpreter.html,709,934,73,190,72
/3.13/tutorial/appetite.html,689,809,67,152,89
/3.13/tutorial/,594,804,47,99,61
/zh-cn/3.13/tutorial/index.html,565,1072,47,87,63
/es/3.13/tutorial/index.html,493,824,51,115,57
/zh-cn/3.13/,477,773,47,43,82
/3.13/tutorial/introduction.html,359,455,86,462,60
/3.13/library/index.html,329,518,50,65,43
/3.13/search.html,312,564,57,49,51
/3.13/tutorial/controlflow.html,273,377,74,293,44
/es/3.13/library/tkinter.html,273,403,74,711,37
/3.13/library/functions.html,242,329,75,298,50
/zh-cn/3.13/library/index.html,238,478,30,58,57
/zh-cn/3.13/tutorial/controlflow.html,208,283,68,234,47
/zh-cn/3.13/tutorial/interpreter.html,204,301,60,235,81
/zh-cn/3.13/tutorial/introduction.html,201,255,69,362,64
/3.13/library/stdtypes.html,179,235,68,357,44
/es/3.13/tutorial/venv.html,171,201,90,505,52
/zh-cn/3.13/tutorial/appetite.html,170,212,59,92,93
/zh-tw/3.13/tutorial/index.html,164,275,47,69,65
/es/3.13/tutorial/introduction.html,161,223,79,303,46
/es/3.13/tutorial/interpreter.html,155,226,69,132,73
/ja/3.13/library/functions.html,155,197,69,238,50
/zh-cn/3.13/library/functions.html,155,210,65,180,45
/3.13/reference/index.html,153,248,38,41,65
/3.13/installing/index.html,143,161,69,111,67
/zh-cn/3.13/index.html,143,240,38,41,80
/3.13/glossary.html,139,166,53,106,41
/es/3.13/library/index.html,137,231,54,160,43
/es/3.13/tutorial/appetite.html,137,153,80,149,87
/es/3.13/tutorial/datastructures.html,136,156,80,429,39
/ja/3.13/tutorial/index.html,136,280,36,71,63
/zh-cn/3.13/search.html,134,253,26,37,54
/zh-cn/3.13/library/stdtypes.html,133,191,59,383,45
/es/3.13/,132,184,75,29,76
/ja/3.13/library/re.html,130,160,82,620,36
/ja/3.13/library/datetime.html,127,159,77,529,28
/es/3.13/library/functions.html,123,174,73,395,30
/pt-br/3.13/tutorial/index.html,122,227,49,163,58
/uk/3.13/library/turtle.html,120,169,77,799,17
/zh-cn/3.13/tutorial/datastructures.html,118,154,63,287,58
/es/3.13/tutorial/classes.html,117,150,82,679,39
/ja/3.13/library/index.html,117,205,47,73,55
/zh-cn/3.13/reference/index.html,109,196,23,51,79
/3.13/using/index.html,105,153,44,24,75
/es/3.13/tutorial/controlflow.html,105,136,86,324,35
/pt-br/3.13/library/index.html,105,157,58,107,43
/zh-cn/3.13/glossary.html,105,150,54,266,42
/ja/3.13/library/stdtypes.html,104,130,77,229,30
/pt-br/3.13/library/math.html,104,150,80,479,39
/3.13/using/cmdline.html,101,127,78,155,33
/es/3.13/search.html,99,217,57,48,61
/ja/3.13/library/typing.html,99,126,82,386,22
/zh-cn/3.13/whatsnew/3.13.html,99,133,77,169,24
/fr/3.13/library/tkinter.html,98,140,68,392,32
/3.13/tutorial/datastructures.html,97,138,71,153,55
/ja/3.13/library/pathlib.html,97,107,89,1120,39
/zh-cn/3.13/using/index.html,97,134,40,20,83
/uk/3.13/library/idle.html,96,154,64,160,30
/ja/3.13/library/subprocess.html,95,119,75,879,26
/uk/3.13/library/tkinter.html,94,139,67,353,24
/zh-cn/3.13/contents.html,94,141,29,39,21
/es/3.13/tutorial/errors.html,92,110,90,413,37
/3.13/contents.html,88,122,56,55,6
/ja/3.13/library/logging.html,88,134,62,587,39
/ko/3.13/tutorial/index.html,86,170,43,166,57
/pt-br/3.13/,86,131,33,35,77
/es/3.13/installing/index.html,85,98,81,480,61
/3.13/tutorial/modules.html,81,93,65,298,50
/es/3.13/library/re.html,81,97,82,402,23
/zh-cn/3.13/tutorial/,81,121,52,67,56
/ja/3.13/library/csv.html,80,98,83,1074,46
/fr/3.13/tutorial/classes.html,76,86,83,543,42
/zh-cn/3.13/using/windows.html,76,103,93,228,54
/fr/3.13/tutorial/index.html,74,108,53,102,60
/fr/3.13/library/functions.html,73,108,55,415,45
/pt-br/3.13/library/functions.html,73,87,71,400,30
/zh-cn/3.13/tutorial/inputoutput.html,73,82,71,255,51
/3.13/download.html,72,80,79,141,84
/zh-cn/3.13/tutorial/classes.html,72,84,62,369,53
/zh-cn/3.13/tutorial/modules.html,72,91,75,224,57
/ja/3.13/library/json.html,71,82,86,1615,36
/es/3.13/library/stdtypes.html,70,92,81,450,28
/3.13/library/,69,87,66,89,37
/pt-br/3.13/search.html,69,134,64,103,52
/uk/3.13/tutorial/index.html,69,136,56,41,48
/3.13/py-modindex.html,68,98,61,33,45
/fr/3.13/library/random.html,67,76,84,850,34
/ko/3.13/library/idle.html,66,120,68,763,20
/zh-tw/3.13/tutorial/interpreter.html,66,92,85,124,81
/fr/3.13/howto/sorting.html,65,80,83,698,37
/3.13/library/tkinter.html,64,83,73,388,35
/zh-cn/3.13/download.html,64,75,64,391,91
/es/3.13/library/idle.html,63,79,71,94,29
/zh-tw/3.13/howto/sorting.html,63,69,89,707,41
