property,value,visitors,events,percentage
url,(none),13151,25879,99.6
url,https://www.python.org/,268,293,2.0
url,https://www.python.org/downloads/,164,171,1.2
url,https://apps.microsoft.com/detail/9NQ7512CXL7T,51,62,0.4
url,https://docs.python.org/3.14/archives/python-3.14-docs-html.zip,24,26,0.2
url,https://wiki.python.org/moin/BeginnersGuide,21,29,0.2
url,https://docs.python.org/zh-cn/3.14/archives/python-3.14-docs-html.zip,18,18,0.1
url,https://devguide.python.org/documentation/start-documenting/#building-the-documentation,17,20,0.1
url,https://pypi.org/,13,13,0.1
url,https://docs.python.org/3.14/archives/python-3.14-docs-text.zip,12,13,0.1
url,https://devguide.python.org/,10,10,0.1
url,https://docs.python.org/zh-cn/3.14/archives/python-3.14-docs-text.zip,10,10,0.1
url,https://github.com/python/cpython/tree/3.14/Lib/idlelib/,8,8,0.1
url,https://docs.python.org/zh-cn/3.14/archives/python-3.14-docs.epub,7,7,0.1
url,https://packaging.python.org/en/latest/tutorials/packaging-projects/,7,7,0.1
url,https://docs.python.org/3.14/archives/python-3.14-docs.epub,6,6,0.0
url,https://wiki.python.org/moin/PythonBooks,6,7,0.0
url,https://docs.python.org/zh-cn/3.14/archives/python-3.14-docs-texinfo.zip,5,5,0.0
url,https://packaging.python.org/,5,5,0.0
url,https://peps.python.org/,5,5,0.0
url,https://peps.python.org/pep-0745/,5,5,0.0
url,https://www.python.org/doc/versions/,5,5,0.0
url,https://docs.python.org/3.14/archives/python-3.14-docs-html.tar.bz2,4,4,0.0
url,https://docs.python.org/pt-br/3.14/archives/python-3.14-docs-html.zip,4,4,0.0
url,https://github.com/python/cpython/tree/3.14/Lib/tkinter/__init__.py,4,4,0.0
url,https://manpages.debian.org/recv(2),4,4,0.0
url,https://packaging.python.org/science/,4,4,0.0
url,https://tkdocs.com/,4,4,0.0
url,https://www.anaconda.com/download/,4,4,0.0
url,https://docs.python.org/3.14/archives/python-3.14-docs-texinfo.zip,3,3,0.0
url,https://docs.python.org/es/3.14/archives/python-3.14-docs-html.zip,3,3,0.0
url,https://github.com/python/cpython/blob/main/Doc/tutorial/index.rst?plain=1,3,3,0.0
url,https://github.com/python/cpython/tree/3.14/Lib/sqlite3/,3,3,0.0
url,https://github.com/python/cpython/tree/3.14/Lib/venv/,3,3,0.0
url,https://packaging.python.org/installing/,3,3,0.0
url,https://packaging.python.org/installing/#creating-virtual-environments,3,3,0.0
url,https://peps.python.org/pep-0492/,3,3,0.0
url,https://wiki.python.org/moin/PythonEditors,3,3,0.0
url,https://brew.sh/,2,2,0.0
url,https://code.activestate.com/recipes/langs/python/,2,2,0.0
url,https://devguide.python.org/development-tools/clinic/,2,2,0.0
url,https://devguide.python.org/documentation/help-documenting/,2,2,0.0
url,https://docs.python.org/3.14/archives/python-3.14-docs-texinfo.tar.bz2,2,2,0.0
url,https://docs.python.org/ja/3.14/archives/python-3.14-docs-text.zip,2,2,0.0
url,https://docs.python.org/zh-tw/3.14/archives/python-3.14-docs-html.zip,2,2,0.0
url,https://docs.python.org/zh-tw/3.14/archives/python-3.14-docs-text.zip,2,2,0.0
url,https://en.wikipedia.org/wiki/Cursor_(databases),2,2,0.0
url,https://facebook.github.io/zstd/,2,2,0.0
url,https://github.com/python/cpython/blob/main/Doc/contents.rst?plain=1,2,2,0.0
url,https://github.com/python/cpython/blob/main/Doc/glossary.rst?plain=1,2,2,0.0
url,https://github.com/python/python-docs-zh-CN/blob/3.14/tutorial/introduction.po?plain=1,2,3,0.0
url,https://numpy.org/,2,4,0.0
url,https://packaging.python.org/en/latest/tutorials/installing-packages/,2,2,0.0
url,https://packaging.python.org/extensions/,2,2,0.0
url,https://packaging.python.org/installing/#requirements-for-installing-packages,2,2,0.0
url,https://peps.python.org/pep-0008/,2,2,0.0
url,https://peps.python.org/pep-0636/,2,2,0.0
url,https://peps.python.org/pep-0765/,2,2,0.0
url,https://peps.python.org/pep-0768/,2,2,0.0
url,https://setuptools.pypa.io/en/latest/setuptools.html,2,2,0.0
url,https://tiswww.case.edu/php/chet/readline/rltop.html,2,2,0.0
url,https://www.debian.org/doc/manuals/maint-guide/first.en.html,2,2,0.0
url,https://www.python.org/downloads/macos/,2,2,0.0
url,https://www.tkdocs.com/shipman/,2,2,0.0
url,https://cython.org/,1,1,0.0
url,https://datatracker.ietf.org/doc/html/rfc9562.html#section-5.7,1,1,0.0
url,https://dateutil.readthedocs.io/en/stable/,1,1,0.0
url,https://docs.python.org/es/3.14/archives/python-3.14-docs-texinfo.zip,1,1,0.0
url,https://docs.python.org/es/3.14/archives/python-3.14-docs.epub,1,1,0.0
url,https://docs.python.org/fr/3.14/archives/python-3.14-docs-html.zip,1,1,0.0
url,https://docs.python.org/fr/3.14/archives/python-3.14-docs-texinfo.zip,1,1,0.0
url,https://docs.python.org/fr/3.14/archives/python-3.14-docs-text.zip,1,1,0.0
url,https://docs.python.org/fr/3.14/archives/python-3.14-docs.epub,1,1,0.0
url,https://docs.python.org/ja/3.14/archives/python-3.14-docs-html.zip,1,1,0.0
url,https://docs.python.org/ja/3.14/archives/python-3.14-docs-texinfo.zip,1,1,0.0
url,https://docs.python.org/ja/3.14/archives/python-3.14-docs.epub,1,1,0.0
url,https://docs.python.org/zh-cn/3.14/archives/python-3.14-docs-html.tar.bz2,1,1,0.0
url,https://docs.python.org/zh-tw/3.14/archives/python-3.14-docs-texinfo.zip,1,1,0.0
url,https://docs.python.org/zh-tw/3.14/archives/python-3.14-docs.epub,1,1,0.0
url,https://en.wikipedia.org/wiki/Arithmetic_mean,1,1,0.0
url,https://en.wikipedia.org/wiki/Cartesian_product,1,1,0.0
url,https://en.wikipedia.org/wiki/Extended_Backus%E2%80%93Naur_form,1,1,0.0
url,https://en.wikipedia.org/wiki/Hyperbolic_functions,1,1,0.0
url,https://github.com/python/cpython/blob/main/Doc/library/array.rst?plain=1,1,1,0.0
url,https://github.com/python/cpython/blob/main/Doc/library/asyncio-dev.rst?plain=1,1,1,0.0
url,https://github.com/python/cpython/blob/main/Doc/library/decimal.rst?plain=1,1,1,0.0
url,https://github.com/python/cpython/blob/main/Doc/library/fractions.rst?plain=1,1,1,0.0
url,https://github.com/python/cpython/blob/main/Doc/library/itertools.rst?plain=1,1,1,0.0
url,https://github.com/python/cpython/blob/main/Doc/library/tkinter.rst?plain=1,1,1,0.0
url,https://github.com/python/cpython/blob/main/Doc/library/uuid.rst?plain=1,1,1,0.0
url,https://github.com/python/cpython/blob/main/Doc/license.rst?plain=1,1,1,0.0
url,https://github.com/python/cpython/blob/main/Doc/tutorial/appetite.rst?plain=1,1,1,0.0
url,https://github.com/python/cpython/issues/104780,1,1,0.0
url,https://github.com/python/cpython/issues/128563,1,1,0.0
url,https://github.com/python/cpython/issues/139810,1,1,0.0
url,https://github.com/python/cpython/issues/59705,1,1,0.0
url,https://github.com/python/cpython/issues/73991,1,1,0.0
url,https://github.com/python/cpython/issues/91048,1,1,0.0
url,https://github.com/python/cpython/tree/3.14/Lib/asyncio/,1,1,0.0
url,https://github.com/python/cpython/tree/3.14/Lib/asyncio/streams.py,1,1,0.0
url,https://github.com/python/cpython/tree/3.14/Lib/asyncio/transports.py,1,1,0.0
url,https://github.com/python/cpython/tree/3.14/Lib/codecs.py,1,1,0.0
url,https://github.com/python/cpython/tree/3.14/Lib/csv.py,1,1,0.0
url,https://github.com/python/cpython/tree/3.14/Lib/gettext.py,1,1,0.0
url,https://github.com/python/cpython/tree/3.14/Lib/hashlib.py,1,1,0.0
url,https://github.com/python/cpython/tree/3.14/Lib/idlelib,1,1,0.0
url,https://github.com/python/cpython/tree/3.14/Lib/io.py,1,1,0.0
url,https://github.com/python/cpython/tree/3.14/Lib/multiprocessing/,1,1,0.0
url,https://github.com/python/cpython/tree/3.14/Lib/numbers.py,1,1,0.0
url,https://github.com/python/cpython/tree/3.14/Lib/pathlib/,1,1,0.0
url,https://github.com/python/cpython/tree/3.14/Lib/pdb.py,1,1,0.0
url,https://github.com/python/cpython/tree/3.14/Lib/queue.py,1,1,0.0
url,https://github.com/python/cpython/tree/3.14/Lib/re/,1,1,0.0
url,https://github.com/python/cpython/tree/3.14/Lib/smtplib.py,1,1,0.0
url,https://github.com/python/cpython/tree/3.14/Lib/textwrap.py,1,1,0.0
url,https://github.com/python/cpython/tree/3.14/Lib/typing.py,1,1,0.0
url,https://github.com/python/cpython/tree/3.14/Lib/unittest/__init__.py,1,1,0.0
url,https://github.com/python/python-docs-fr/blob/3.14/library/struct.po?plain=1,1,1,0.0
url,https://github.com/python/python-docs-zh-CN/blob/3.14/bugs.po?plain=1,1,1,0.0
url,https://github.com/python/python-docs-zh-CN/blob/3.14/library/asyncio-dev.po?plain=1,1,1,0.0
url,https://grantjenks.com/docs/sortedcollections/,1,1,0.0
url,https://gvanrossum.github.io/,1,2,0.0
url,https://learn.microsoft.com/powershell/module/appx/add-appxpackage,1,1,0.0
url,https://learn.microsoft.com/powershell/module/appx/remove-appxpackage,1,1,0.0
url,https://learn.microsoft.com/windows/win32/fileio/i-o-completion-ports,1,1,0.0
url,https://mail.python.org/archives/list/python-dev@python.org/message/VIZEBX5EYMSYIJNDBF6DMUMZOCWHARSO/,1,1,0.0
url,https://mail.python.org/mailman3/lists/core-mentorship.python.org/,1,1,0.0
url,https://packaging.python.org/en/latest/tutorials/installing-packages/#ensure-pip-setuptools-and-wheel-are-up-to-date,1,1,0.0
url,https://packaging.python.org/guides/installing-using-pip-and-virtual-environments/#create-and-use-virtual-environments,1,1,0.0
url,https://packaging.python.org/guides/packaging-binary-extensions/,1,1,0.0
url,https://peps.python.org/pep-0011/,1,2,0.0
url,https://peps.python.org/pep-0238/,1,1,0.0
url,https://peps.python.org/pep-0249/,1,1,0.0
url,https://peps.python.org/pep-0324/,1,1,0.0
url,https://peps.python.org/pep-0343/,1,1,0.0
url,https://peps.python.org/pep-0428/,1,1,0.0
url,https://peps.python.org/pep-0434/,1,1,0.0
url,https://peps.python.org/pep-0443/,1,1,0.0
url,https://peps.python.org/pep-0484/,1,1,0.0
url,https://peps.python.org/pep-0498/,1,1,0.0
url,https://peps.python.org/pep-0562/,1,1,0.0
url,https://peps.python.org/pep-0649/,1,1,0.0
url,https://peps.python.org/pep-0684/,1,1,0.0
url,https://peps.python.org/pep-0703/,1,1,0.0
url,https://peps.python.org/pep-0744/,1,1,0.0
url,https://peps.python.org/pep-0758/,1,1,0.0
url,https://peps.python.org/pep-0779/,1,2,0.0
url,https://pypi.org/project/pygame/,1,1,0.0
url,https://pypi.org/project/regex/,1,1,0.0
url,https://pypi.org/project/telnetlib3/,1,1,0.0
url,https://python-pillow.org/,1,1,0.0
url,https://pythonnet.github.io/,1,1,0.0
url,https://requests.readthedocs.io/en/master/,1,2,0.0
url,https://setuptools.readthedocs.io/en/latest/pkg_resources.html,1,1,0.0
url,https://termux.dev/en/,1,1,0.0
url,https://webassembly.org/,1,1,0.0
url,https://www.activestate.com/products/python/,1,1,0.0
url,https://www.iso.org/iso-3166-country-codes.html,1,1,0.0
url,https://www.iso.org/iso-639-language-code,1,2,0.0
url,https://www.jython.org/,1,2,0.0
url,https://www.nuget.org/,1,1,0.0
url,https://www.pypa.io/,1,1,0.0
url,https://www.python.org/psf/donations/,1,1,0.0
url,https://www.sqlite.org/,1,1,0.0
url,https://www.sqlite.org/flextypegood.html,1,1,0.0
url,https://www.tcl.tk/man/tcl8.6/TkCmd/contents.htm,1,1,0.0
url,https://www.unicode.org/Public/16.0.0/ucd,1,1,0.0
url,https://www.unicode.org/Public/16.0.0/ucd/NameAliases.txt,1,1,0.0
url,https://www.youtube.com/watch?v=Xbl7XjFYsN4&list=PLhNSoGM2ik6SIkVGXWBwerucXjgP1rHmB,1,1,0.0
