name,version,visitors
Chrome,138.0,958
Microsoft Edge,138.0,167
Safari,18.5,68
Firefox,141.0,49
Chrome,137.0,46
Chrome,139.0,45
Mobile App,(not set),18
Chrome,109.0,13
Chrome,131.0,12
Safari,18.6,11
Chrome,132.0,8
Chrome,134.0,8
Chrome,135.0,8
Chrome,136.0,8
Microsoft Edge,137.0,8
Chrome,127.0,7
Smart Lenovo Browser,9.0,7
Safari,18.3,6
Opera,120.0,5
Chrome,128.0,5
Chrome,103.0,4
Chrome,108.0,4
Chrome,114.0,4
Chrome,126.0,4
Microsoft Edge,128.0,4
Microsoft Edge,130.0,4
MIUI Browser,14.38,4
Safari,17.6,4
Chrome,100.0,3
Chrome,119.0,3
Chrome,120.0,3
Firefox,128.0,3
Microsoft Edge,129.0,3
Microsoft Edge,133.0,3
Chrome,133.0,3
Microsoft Edge,134.0,3
Firefox,136.0,3
Safari,17.13,3
Safari,17.3,3
Safari,26.0,3
Samsung Browser,28.0,3
Microsoft Edge,114.0,2
Firefox,117.0,2
Chrome,118.0,2
Chrome,122.0,2
Chrome,124.0,2
QQ Browser,13.5,2
Chrome,130.0,2
Microsoft Edge,135.0,2
Mobile App,138.0,2
Safari,17.5,2
Yandex Browser,24.12,2
Mobile App,83.0,2
(not set),(not set),1
Quark,(not set),1
Microsoft Edge,100.0,1
Chrome,102.0,1
Microsoft Edge,103.0,1
Chrome,104.0,1
Chrome,105.0,1
Safari,11.0,1
Microsoft Edge,111.0,1
Firefox,115.0,1
Microsoft Edge,115.0,1
Chrome,117.0,1
Firefox,118.0,1
Opera,119.0,1
Huawei Browser,12.1,1
Microsoft Edge,121.0,1
Microsoft Edge,123.0,1
Microsoft Edge,124.0,1
Microsoft Edge,125.0,1
QQ Browser,13.1,1
QQ Browser,13.2,1
QQ Browser,13.4,1
Norton Private Browser,131.0,1
Firefox,139.0,1
Safari,14.0,1
MIUI Browser,14.2,1
MIUI Browser,14.37,1
Chrome,140.0,1
Firefox,140.0,1
Safari,16.0,1
Safari,16.2,1
Safari,16.3,1
Safari,16.5,1
Safari,16.6,1
Chrome,17.0,1
Safari,17.0,1
Safari,17.1,1
Safari,17.4,1
Safari,18.4,1
Opera Touch,5.5,1
Firefox,60.0,1
Vivaldi,7.1,1
Chrome,79.0,1
Chrome,86.0,1
Firefox,91.0,1
Chrome,92.0,1
Mobile App,97.0,1
