name,visitors
Seoul,253
Gyeonggi,169
Busan,30
Incheon,23
Daejeon,21
North Chungcheong,21
South Gyeongsang,19
Daegu,17
South Chungcheong,12
Gwangju City,10
North Gyeongsang,9
Guangdong,8
Ulsan,6
Sejong,5
North Jeolla,4
Shandong,3
South Jeolla,3
Hebei,2
Praia,2
Kerala,2
Chiba,2
Mazovia,2
Indiana,2
Da Nang,2
Victoria,1
Capital,1
British Columbia,1
Anhui,1
Beijing,1
Guangxi,1
Hubei,1
Sichuan,1
Shanghai,1
Shaanxi,1
Yunnan,1
Constantine,1
Île-de-France,1
England,1
Hokkaido,1
Saitama,1
Aichi,1
Jeju,1
Punjab,1
Doha,1
California,1
Đồng Nai,1
