name,version,visitors
Windows,10,2517
(not set),(not set),942
Mac,10.15,549
GNU/Linux,(not set),300
Android,10,96
Ubuntu,(not set),66
iOS,18.3,23
Android,14,18
Android,15,18
iOS,18.4,15
Android,12,14
Android,13,14
Chrome OS,14541.0,10
Windows,7,10
Android,11,8
Android,8.1,6
HarmonyOS,3.0,5
Android,9,5
HarmonyOS,2.2,4
iOS,16.1,3
iOS,18.0,3
Mac,10.13,2
iOS,14.4,2
iOS,14.5,2
iOS,15.8,2
iOS,17.4,2
iOS,17.5,2
Android,8.0,2
HarmonyOS,(not set),1
FreeBSD,(not set),1
Mac,10.9,1
iOS,11.0,1
iOS,11.2,1
iOS,12.4,1
iOS,12.5,1
iOS,14.6,1
iPadOS,15.2,1
iPadOS,15.6,1
iOS,16.3,1
iOS,16.7,1
iPadOS,17.5,1
iOS,18.1,1
Android,7.1,1
