name,unique_entrances,total_entrances,visit_duration
/fr/3/tutorial/,370,380,173
/fr/3/tutorial/datastructures.html,163,168,243
/fr/3/library/random.html,103,107,244
/fr/3/library/turtle.html,103,105,144
/3/,82,82,609
/fr/3/tutorial/classes.html,80,81,18
/fr/3/howto/sorting.html,77,79,113
/fr/3/library/csv.html,62,64,102
/fr/3/library/tkinter.html,62,68,80
/fr/3/library/stdtypes.html,61,62,147
/fr/3/library/json.html,58,59,97
/fr/3/tutorial/introduction.html,57,59,172
/fr/3/tutorial/errors.html,56,58,57
/fr/3/library/functions.html,48,49,170
/fr/3/tutorial/venv.html,47,47,61
/fr/3/,45,45,320
/fr/3/howto/regex.html,40,41,31
/fr/3/tutorial/appetite.html,40,42,192
/fr/3/library/index.html,38,38,91
/fr/3/library/enum.html,36,39,192
/fr/3/genindex-Symboles.html,34,35,121
/fr/3/library/idle.html,34,36,7
/fr/3/tutorial/index.html,34,35,166
/fr/dev/installing/index.html,33,35,6
/fr/3/tutorial/controlflow.html,32,40,90
/fr/3/tutorial/inputoutput.html,32,32,114
/fr/3/library/time.html,29,30,202
/fr/3/tutorial/interpreter.html,28,29,96
/fr/3/tutorial/modules.html,28,28,142
/fr/3.13/tutorial/index.html,24,25,650
/fr/3/library/math.html,24,24,61
/fr/3/library/string.html,23,23,506
/fr/3/library/xmlrpc.html,23,23,138
/fr/3/reference/import.html,23,23,94
/fr/3/search.html,23,24,270
/3/library/stdtypes.html,22,23,1863
/fr/3/library/subprocess.html,22,25,113
/3/library/random.html,21,21,1370
/fr/3/library/collections.html,21,21,84
/fr/3/library/datetime.html,21,22,258
/fr/3/library/statistics.html,19,21,101
/fr/3/library/__main__.html,18,18,9
/fr/3/library/re.html,18,21,137
/3/library/tkinter.html,17,17,353
/fr/3/using/cmdline.html,17,17,69
/fr/3/using/windows.html,17,17,26
/fr/3.13/,16,17,70
/fr/3.13/library/math.html,16,16,88
/fr/3.13/library/operator.html,15,15,2
/fr/3.13/library/functions.html,14,14,215
/fr/3/howto/logging.html,14,14,121
/fr/3/howto/sockets.html,14,14,2
/3/tutorial/index.html,13,13,1554
/fr/3.13/library/tkinter.html,13,14,127
/fr/3/howto/unicode.html,13,13,0
/fr/3/library/os.html,13,13,439
/fr/3/library/pathlib.html,13,13,751
/fr/3/library/timeit.html,13,13,28
/fr/3/using/unix.html,13,13,240
/3.13/tutorial/index.html,12,12,702
/3/library/argparse.html,12,12,557
/3/search.html,12,12,862
/fr/3.13/library/turtle.html,12,12,52
/fr/3.13/using/windows.html,12,12,105
/fr/3/reference/expressions.html,12,12,35
/fr/3.13/reference/simple_stmts.html,11,11,10
/fr/3/library/base64.html,11,11,0
/fr/3/library/exceptions.html,11,11,178
/fr/3/library/unittest.html,11,12,36
/3/library/idle.html,10,10,136
/fr/3/faq/windows.html,10,10,187
/fr/3/tutorial/stdlib.html,10,11,2205
/3/library/datetime.html,9,9,211
/3/library/functions.html,9,9,1430
/3/library/re.html,9,9,168
/3/library/turtle.html,9,9,742
/3/tutorial/datastructures.html,9,9,1461
/fr/3.13/search.html,9,9,8
/fr/3.13/tutorial/controlflow.html,9,9,636
/fr/3/library/abc.html,9,9,103
/fr/3/library/glob.html,9,9,18
/fr/3/library/sys.html,9,9,175
/fr/3/library/venv.html,9,9,0
/fr/3/library/xmlrpc.client.html,9,9,19
/fr/3/using/mac.html,9,9,2
/fr/dev/reference/compound_stmts.html,9,9,16
/3/library/math.html,8,8,1266
/3/library/pathlib.html,8,8,681
/fr/3.13/library/datetime.html,8,9,0
/fr/3.13/tutorial/datastructures.html,8,9,132
/fr/3.13/tutorial/interpreter.html,8,8,339
/fr/3.14/library/stdtypes.html,8,8,0
/fr/3/installing/index.html,8,8,0
/fr/3/library/copy.html,8,8,141
/fr/3/library/ctypes.html,8,8,26
/fr/3/library/queue.html,8,9,100
/fr/3/using/editors.html,8,8,6
/3/library/index.html,7,7,398
/3/tutorial/classes.html,7,7,780
/fr/3.12/library/stdtypes.html,7,7,29
/fr/3.13/library/index.html,7,9,271
/fr/3.13/library/random.html,7,8,0
/fr/3.13/library/subprocess.html,7,7,0
/fr/3.13/tutorial/introduction.html,7,8,402
/fr/3/library/,7,7,614
/3/library/csv.html,6,6,1691
/3/library/venv.html,6,6,1434
/3/tutorial/,6,6,291
/fr/3.13/contents.html,6,6,566
/fr/3.13/library/stdtypes.html,6,6,46
/fr/3.13/tutorial/errors.html,6,7,15
/fr/3/glossary.html,6,7,904
/fr/3/library/argparse.html,6,6,28
/fr/3/library/fractions.html,6,6,28
/fr/3/library/multiprocessing.html,6,6,0
/fr/3/library/pprint.html,6,6,0
/fr/3/library/tk.html,6,6,245
/fr/3/whatsnew/3.13.html,6,6,144
/3/library/exceptions.html,5,5,572
/3/library/itertools.html,5,5,821
/3/library/json.html,5,5,96
/3/library/subprocess.html,5,5,344
/3/library/xml.etree.elementtree.html,5,5,1745
/3/tutorial/errors.html,5,5,291
/fr/3.13/library/pdb.html,5,5,49
/fr/3.13/library/py_compile.html,5,5,0
/fr/3.13/library/time.html,5,5,1
/fr/3/contents.html,5,5,5
/fr/3/library/decimal.html,5,6,219
/fr/3/library/hashlib.html,5,5,0
/fr/3/library/pickle.html,5,5,0
/fr/3/library/unicodedata.html,5,5,3
/fr/3/reference/lexical_analysis.html,5,5,64
/fr/dev/library/xml.etree.elementtree.html,5,5,0
/3.13/using/windows.html,4,4,108
/3/howto/sorting.html,4,4,565
/3/installing/index.html,4,4,857
/3/library/threading.html,4,4,531
/3/library/time.html,4,4,1010
/3/library/tk.html,4,4,220
/3/tutorial/inputoutput.html,4,4,1132
/fr/3.12/tutorial/controlflow.html,4,5,333
/fr/3.13/faq/windows.html,4,5,0
/fr/3.13/howto/functional.html,4,5,147
/fr/3.13/library/re.html,4,4,0
/fr/3.13/library/timeit.html,4,4,0
/fr/3.13/library/tkinter.ttk.html,4,4,0
/fr/3.13/py-modindex.html,4,4,50
/fr/3.13/tutorial/classes.html,4,4,0
/fr/3.14/library/tkinter.ttk.html,4,4,220
/fr/3/howto/annotations.html,4,4,38
/fr/3/howto/argparse.html,4,4,0
/fr/3/howto/enum.html,4,4,5
/fr/3/howto/functional.html,4,4,144
/fr/3/index.html,4,4,104
/fr/3/library/asyncio.html,4,4,0
/fr/3/library/cmd.html,4,4,0
/fr/3/library/dialog.html,4,4,196
/fr/3/library/doctest.html,4,4,0
/fr/3/library/os.path.html,4,4,300
/fr/3/library/pydoc.html,4,4,0
/fr/3/library/readline.html,4,4,143
/3.12/,3,3,662
/3.13/index.html,3,3,86
/3.13/tutorial/,3,3,68
/3/library/ctypes.html,3,3,277
/3/library/os.path.html,3,3,852
/3/library/sqlite3.html,3,3,204
/3/library/string.html,3,3,828
/3/library/sys.html,3,3,657
/3/py-modindex.html,3,3,377
/3/tutorial/interpreter.html,3,3,485
/fr/3.12/library/time.html,3,3,579
/fr/3.12/search.html,3,3,23
/fr/3.12/tutorial/datastructures.html,3,3,119
/fr/3.12/tutorial/introduction.html,3,3,610
/fr/3.13/library/asyncio-task.html,3,3,0
/fr/3.13/library/collections.html,3,4,0
/fr/3.13/library/decimal.html,3,3,0
/fr/3.13/library/hashlib.html,3,3,805
/fr/3.13/library/os.html,3,3,318
/fr/3.13/reference/compound_stmts.html,3,4,1049
/fr/3.13/whatsnew/3.13.html,3,3,39
/fr/3/howto/curses.html,3,3,31
/fr/3/library/asyncio-protocol.html,3,3,12
/fr/3/library/calendar.html,3,3,179
/fr/3/library/cmath.html,3,3,0
/fr/3/library/filesys.html,3,3,0
/fr/3/library/struct.html,3,3,1
/fr/3/library/threading.html,3,3,143
/fr/3/library/urllib.html,3,3,67
/fr/3/library/zipapp.html,3,3,0
/fr/3/py-modindex.html,3,4,84
/fr/3/reference/executionmodel.html,3,3,0
/fr/3/reference/index.html,3,3,3
/fr/3/reference/simple_stmts.html,3,3,0
/fr/3/tutorial/floatingpoint.html,3,3,0
/3.13/tutorial/appetite.html,2,2,852
/3/howto/argparse.html,2,2,120
/3/library/abc.html,2,2,822
/3/library/asyncio-future.html,2,2,2883
/3/library/asyncio-stream.html,2,2,626
/3/library/asyncio-task.html,2,2,209
/3/library/dataclasses.html,2,2,202
/3/library/enum.html,2,2,128
/3/library/gc.html,2,2,699
/3/library/http.client.html,2,2,0
/3/library/logging.html,2,2,994
/3/library/os.html,2,2,105
/3/library/pickle.html,2,2,330
/3/library/queue.html,2,2,6
/3/library/readline.html,2,2,325
/3/library/shutil.html,2,2,526
/3/library/socket.html,2,2,38
/3/library/struct.html,2,2,167
/3/library/tempfile.html,2,2,8
/3/library/timeit.html,2,2,144
/3/library/typing.html,2,2,1613
/3/library/unicodedata.html,2,2,710
/3/library/unittest.html,2,2,212
/3/reference/datamodel.html,2,2,2155
/3/reference/index.html,2,2,381
/3/tutorial/appetite.html,2,2,226
/3/using/windows.html,2,2,2227
/3/whatsnew/3.13.html,2,2,795
/fr/3.12/installing/index.html,2,2,96
/fr/3.12/library/functions.html,2,2,3964
/fr/3.12/tutorial/appetite.html,2,2,162
/fr/3.13/download.html,2,2,24
/fr/3.13/howto/regex.html,2,2,0
/fr/3.13/installing/index.html,2,2,126
/fr/3.13/library/,2,2,0
/fr/3.13/library/email.examples.html,2,2,0
/fr/3.13/library/html.parser.html,2,2,0
/fr/3.13/library/http.client.html,2,2,60
/fr/3.13/library/idle.html,2,2,79
/fr/3.13/library/pathlib.html,2,2,0
/fr/3.13/library/shelve.html,2,2,0
/fr/3.13/library/types.html,2,2,0
/fr/3.13/library/uuid.html,2,2,10
/fr/3.13/library/wave.html,2,2,0
/fr/3.13/library/xml.etree.elementtree.html,2,2,47
/fr/3.13/reference/datamodel.html,2,2,0
/fr/3.13/reference/index.html,2,2,3
/fr/3.13/reference/lexical_analysis.html,2,2,0
/fr/3.13/tutorial/,2,2,0
/fr/3.13/tutorial/appetite.html,2,2,20
/fr/3.13/tutorial/inputoutput.html,2,2,0
/fr/3.13/tutorial/modules.html,2,2,54
/fr/3.13/using/editors.html,2,2,0
/fr/3.13/using/index.html,2,2,67
/fr/3/extending/embedding.html,2,2,0
/fr/3/faq/programming.html,2,2,546
/fr/3/genindex.html,2,2,1500
/fr/3/library/array.html,2,2,180
/fr/3/library/asyncio-task.html,2,2,118
/fr/3/library/configparser.html,2,2,0
/fr/3/library/contextvars.html,2,2,0
/fr/3/library/functools.html,2,2,0
/fr/3/library/gettext.html,2,2,0
/fr/3/library/intro.html,2,2,262
/fr/3/library/itertools.html,2,2,659
/fr/3/library/pty.html,2,3,85
/fr/3/library/text.html,2,2,0
/fr/3/library/textwrap.html,2,2,0
/fr/3/library/uuid.html,2,2,722
/fr/3/library/warnings.html,2,2,0
/fr/3/library/xmlrpc.server.html,2,2,274
/fr/3/reference/compound_stmts.html,2,2,0
/fr/3/reference/datamodel.html,2,2,0
/fr/3/tutorial/appendix.html,2,2,0
/fr/3/using/,2,2,0
/fr/3/using/index.html,2,2,0
/fr/3/whatsnew/index.html,2,2,0
/fr/dev/extending/extending.html,2,2,13
/fr/dev/howto/regex.html,2,2,0
/fr/dev/library/copy.html,2,2,0
/fr/dev/library/math.html,2,2,0
/fr/dev/library/tkinter.ttk.html,2,2,4
/fr/dev/reference/datamodel.html,2,2,0
/fr/dev/reference/lexical_analysis.html,2,2,1125
/fr/dev/tutorial/datastructures.html,2,2,444
/3.12/library/ipaddress.html,1,1,17
/3.12/tutorial/,1,1,752
/3.13/,1,1,175
/3.13/library/math.html,1,1,20
/3.13/library/os.path.html,1,1,3034
/3.13/whatsnew/3.13.html,1,1,42
/3.14/index.html,1,1,323
/3.15/,1,1,1160
/3.15/installing/index.html,1,1,9
/3/c-api/call.html,1,1,2798
/3/download.html,1,1,84
/3/faq/index.html,1,1,17
/3/glossary.html,1,1,1041
/3/howto/index.html,1,1,24
/3/howto/logging.html,1,1,2351
/3/howto/sockets.html,1,1,0
/3/library/array.html,1,1,0
/3/library/ast.html,1,1,32
