name,visitors
Maharashtra,13176
Tamil Nadu,12036
Karnataka,10610
Telangāna,8780
England,8774
California,7987
São Paulo,6832
Uttar Pradesh,6199
Delhi,5870
Tokyo,5590
Texas,4609
Seoul,4122
Gujarat,4003
New York,3873
Île-de-France,3721
Punjab,3422
Moscow,3321
Virginia,3231
West Bengal,3205
Ontario,3122
Kerala,3063
Gyeonggi,2956
Istanbul,2952
Hesse,2911
Florida,2701
North Holland,2639
Andhra Pradesh,2561
Madhya Pradesh,2428
North Rhine-Westphalia,2360
Illinois,2281
Tashkent,2269
Capital District,2212
Bavaria,2054
Antioquia,2002
Haryana,1980
Mazovia,1931
Ciudad de Mexico,1921
Rajasthan,1903
Nairobi County,1880
Metro Manila,1878
Madrid Autonomous Community,1851
Guangdong,1842
Jakarta,1839
Cairo,1813
Minas Gerais,1811
Rio de Janeiro,1790
Washington,1755
Western,1750
Georgia,1695
Lagos,1665
Baden-Württemberg,1646
Bangkok,1645
Buenos Aires Province,1525
Quebec,1518
New Jersey,1510
Gauteng,1488
Osaka,1477
New South Wales,1450
Lombardy,1429
Almaty City,1427
Pennsylvania,1404
Punjab,1399
Kyiv,1395
North Carolina,1372
Massachusetts,1349
Jharkhand,1322
Paraná,1316
Lima,1315
Catalonia,1303
Ohio,1291
Saint Petersburg,1283
Sindh,1216
Bihar,1189
Ankara,1182
Santiago Metropolitan,1168
Colorado,1165
Ho Chi Minh City,1156
Hanoi,1104
Hormozgan,1093
Astana,1078
Michigan,1073
Mexico State,1042
Zhejiang,1027
Victoria,1014
Dubai,1009
Oregon,994
Arizona,988
Greater Accra,985
Maryland,982
Santa Catarina,976
South Holland,969
West Java,966
Kanagawa,961
British Columbia,955
Odisha,949
Jiangsu,946
Berlin,934
Province 3,930
Vienna,914
Hebei,910
Meknès-Tafilalet,906
Dhaka Division,900
Henan,890
Rio Grande do Sul,889
Auvergne-Rhône-Alpes,880
Jalisco,871
Zürich,869
Calabarzon,851
Stockholm,845
Shanghai,844
Baku,843
Uttarākhand,832
Lazio,832
Uusimaa,826
East Java,817
Riyadh,813
Bahia,802
Taipei,799
Greater Poland,777
Beijing,775
Flanders,767
Pichincha,761
Provence-Alpes-Côte-d'Azur,758
Queensland,744
Lower Saxony,744
Bishkek,737
Moscow Province,735
Attica,734
Andalusia,733
Missouri,733
Federal District,727
Makkah,721
Shandong,720
Nuevo León,717
Prague,716
Tel Aviv,716
San Salvador,715
Ceará,709
Indiana,709
Lisbon,704
Western Cape,696
Chandigarh,691
Aichi,691
Assam,689
Addis Ababa,681
Utah,681
Tennessee,679
Kuala Lumpur,669
Occitanie,667
Bucharest,665
Budapest,663
Alberta,658
Leinster,658
Minsk,655
Minnesota,651
Pernambuco,639
Islamabad,634
Valencian Community,627
Central,627
Goiás,619
Krasnodar Krai,589
Izmir,588
San José,585
Saitama,579
Sverdlovsk,578
Dnipropetrovshchyna,571
Grand-Est,561
Beograd,552
Incheon,550
Saxony,544
Chhattīsgarh,543
Tunis,542
Wisconsin,537
Brussels,531
Capital Region,529
Eastern,523
Valle del Cauca,515
Silesia,515
Distrito Nacional,506
Guatemala,504
Phnom Penh,497
Western Australia,496
Lvivshchyna,496
Lesser Poland,489
La Paz,486
Scotland,484
South Carolina,483
Riga,480
Novosibirsk,480
Hauts-de-France,478
Lima Region,478
Alabama,472
Chiba,470
Zagreb,468
Porto,465
Algiers,459
Tatarstan,457
Baghdad,455
Abidjan,454
Emilia-Romagna,452
Campania,450
Nouvelle-Aquitaine,449
Sichuan,448
Rostov,448
Amman,445
Veneto,437
Puebla,434
Iowa,431
Hamburg,429
Kharkivshchyna,429
New Taipei,418
Selangor,417
Samara,417
Connecticut,416
Busan,412
Sofia,411
Khyber Pakhtunkhwa,409
Chelyabinsk,407
Central Visayas,406
Pará,400
Oriental,400
Nizhny Novgorod,399
Abu Dhabi,398
Nevada,393
Oklahoma,392
Kentucky,391
Lower Silesia,387
Rivers,381
Veracruz,377
Federal Capital Territory,373
Guanajuato,367
Hyogo,361
Buenos Aires,360
Taichung,358
Central Luzon,357
Espírito Santo,356
Rhineland-Palatinate,352
Arkansas,352
Auckland,351
Fujian,350
Central Java,350
Pomerania,347
Hubei,346
Cundinamarca,345
Guayas,344
Odeshchyna,343
Giza,341
Capital,339
Daegu,336
Alexandria,335
Oslo,332
Bursa,329
Himachal Pradesh,328
Kigali,326
Rabat-Salé-Zemmour-Zaer,325
Wallonia,324
Harare,321
Doha,318
Fukuoka,317
Dar es Salaam,317
Washington DC,316
Tuscany,313
Bashkortostan,312
Louisiana,312
Lusaka,311
Piedmont,308
Khorāsān-e Raẕavī,307
South Chungcheong,305
Kyivshchyna,303
Liaoning,302
Querétaro,302
Łódź,301
Tamaulipas,298
Västra Götaland,298
Idaho,298
Paraíba,296
Muscat,296
Pays-de-la-Loire,295
Vilnius County,294
Galicia,292
Daejeon,291
Dakar,289
Chihuahua,288
Baja California,283
Kaohsiung,282
Schleswig-Holstein,281
Yerevan,277
Davao,276
Hunan,272
Central,271
Kansas,271
North Brabant,268
Montevideo,265
Wales,263
Jammu and Kashmir,262
Córdoba,260
Shaanxi,259
Perm Krai,258
Quintana Roo,257
Sicily,256
