name,visitors,bounce_rate,visit_duration
Direct / None,816,89,90
google.com,541,82,100
baidu.com/link,15,93,20
bing.com,13,100,6
steam.oxxostudio.tw,9,70,89
google.com.hk,8,86,236
python.org,8,0,118
ithelp.ithome.com.tw,5,75,148
chatgpt.com,4,100,0
claude.ai,3,100,0
google.com.tw,3,100,0
google.com/search,3,0,1870
cn.bing.com,2,100,104
hk.search.yahoo.com,2,0,38
tw.search.yahoo.com,2,100,0
android-app://com.google.android.googlequicksearchbox,1,100,0
devguide.python.org/documentation/translations/translating,1,0,64
duckduckgo.com,1,100,0
gemini.google.com,1,100,0
gli-efw91.genesyslogic.com.tw,1,100,0
m.baidu.com/from=1001192y/bd_page_type=1/ssid=0/uid=0/pu=usm%401%2Csz%401320_1001%2Cta%40iphone_2_12.0_28_16.0/baiduid=7DBE0322A630968DD7DCF4C1A982F023/w=0_10_/t=iphone/l=1/tc,1,0,1
python.p2hp.com,1,0,171
translations.python.org,1,0,3256
tw.alphacamp.co,1,0,0
yandex.by,1,0,248
