name,visitors
Taipei,238
New Taipei,137
Taichung,81
Taoyuan,68
Kaohsiung,56
Hsinchu County,45
Hsinchu,34
Tainan,25
Tokyo,11
Hebei,10
California,9
Ho Chi Minh City,8
Guangdong,7
Hanoi,7
Changhua,6
Chiayi County,6
Yunlin,6
British Columbia,5
Beijing,5
Miaoli,5
Kwun Tong Kowloon,4
Chiayi,4
Nantou,4
Colorado,4
Liaoning,3
Saxony,3
England,3
Pingtung,3
Minsk,2
Chongqing,2
Jilin,2
Shanghai,2
Tianjin,2
Zhejiang,2
Kwai Tsing New Territories,2
North New Territories,2
Samut Prakan,2
Songkhla,2
Hualien,2
Yilan,2
Massachusetts,2
Haiphong,2
Anhui,1
Fujian,1
Henan,1
Jiangsu,1
Sichuan,1
Shandong,1
Yunnan,1
Hesse,1
Lower Saxony,1
North Rhine-Westphalia,1
Île-de-France,1
Greater Accra,1
Eastern Hong Kong Island,1
Wan Chai Hong Kong Island,1
Kowloon City Kowloon,1
Sai Kung New Territories,1
Tsuen Wan New Territories,1
Delhi,1
Maharashtra,1
Osaka,1
Quintana Roo,1
Penang,1
Pomerania,1
Saint Petersburg,1
Yaroslavl,1
Arkansas,1
Iowa,1
Oregon,1
Tashkent,1
Tiền Giang,1
Bến Tre,1
Hải Dương,1
