name,visitors,bounce_rate,visit_duration
Google,2603,78,123
Direct / None,1678,62,249
Baidu,661,83,13
Bing,208,73,135
qiita.com,196,84,45
note.nkmk.me,105,85,171
Yahoo!,50,88,43
python.org,43,0,354
utokyo-ipp.github.io,33,62,181
chatgpt.com,29,52,338
DuckDuckGo,18,56,546
Microsoft Teams,16,71,236
paiza.jp,14,64,9
chokkan.github.io,13,62,242
moodle.cc.sophia.ac.jp,13,50,1371
python.jp,11,55,52
GitHub,7,83,505
blog.pyq.jp,7,83,49
Youtube,6,40,265
hatenablog-parts.com,6,83,57
hitachigroup.okta.com,6,100,0
jikken-b.cs.okayama-u.ac.jp,6,75,140
algo-method.com,5,100,0
copilot.microsoft.com,5,75,142
python-izm.com,5,80,1
bitarrow.eplang.jp,4,75,1
claude.ai,4,100,0
friede.elec.ryukoku.ac.jp,4,75,536
webclass.kosen-k.go.jp,4,0,1322
algo01.mi.u-tokyo.ac.jp,3,67,64
atcoder.jp,3,67,137
atmarkit.itmedia.co.jp,3,100,0
gihyo.jp,3,100,2
hibiki-press.tech,3,100,0
jupyter.org,3,67,32
pg-chain.com,3,100,0
python.ambitious-engineer.com,3,67,62
Perplexity,2,100,0
aichat3.alpha.co.jp,2,0,1488
aisin.aidemy.jp,2,100,0
canon.aidemy.jp,2,100,0
code.visualstudio.com,2,0,1303
digipla.qh.toyota.co.jp,2,33,243
ecsylms1.kj.yamagata-u.ac.jp,2,67,5
engineer-life.dev,2,100,0
engineercafe.connpass.com,2,0,54
excel-ubara.com,2,50,3
excel.officeapps.live.com,2,50,16
grit.aidemy.jp,2,100,0
jpc-excel.officeapps.live.com,2,100,0
js2iiu.com,2,50,86
moodle.gs.chiba-u.jp,2,100,0
netdemanabu.com,2,33,214
nikkie-ftnext.hatenablog.com,2,50,50
nlp.netlearning.co.jp,2,100,0
runoob.com,2,0,1366
teratail.com,2,50,14
tutorials.chainer.org,2,50,8
wwwmain.h.kobe-u.ac.jp,2,100,0
7andi-digital.atlassian.net,1,100,0
BenchmarkEmail,1,100,0
Facebook,1,100,0
Rakuten,1,100,0
Yandex,1,0,151
a.msip.securewg.jp,1,100,0
act-mis-langaccel-web.azurewebsites.net,1,100,0
aix-knowledge.azurewebsites.net,1,100,0
analytics-note.xyz,1,100,0
area.autodesk.jp,1,0,8
arika-blog.com,1,100,0
cfwdocs.com,1,0,385
cle.osaka-u.ac.jp,1,100,0
ct.ritsumei.ac.jp,1,100,0
dev.classmethod.jp,1,100,0
diver.diveintocode.jp,1,100,0
dmtks.hisense.com,1,100,0
e-work-education.com,1,0,22
epsongroup.sharepoint.com,1,100,0
furiousgreen.co,1,100,0
future-architect.github.io,1,100,0
gammasoft.jp,1,100,0
iijimahr.github.io,1,100,0
ipw-lib-wf1.wback.impressgroup.jp,1,100,0
kikagaku.co.jp,1,0,65
ku-macs-com.github.io,1,100,0
letus.ed.tus.ac.jp,1,0,29
maku77.github.io,1,100,0
medium.com,1,100,0
member.studying.jp,1,100,0
nct9.ne.jp,1,100,0
objctypes.readthedocs.io,1,0,147
paiza.hatenablog.com,1,100,0
pemt25.trusted-host.online,1,100,0
pqtomblog.com,1,100,0
preview.itmedia.co.jp,1,100,0
programming-mondai.com,1,0,11
pyky.github.io,1,100,0
pypi.org,1,0,160
python.digibeatrix.com,1,100,0
pythoninsider.blogspot.com,1,0,0
pythonrev.blogspot.com,1,100,0
randkurt.blog.fc2.com,1,100,0
relief.jp,1,100,0
rickajp.sharepoint.com,1,100,0
school.ctc-g.co.jp,1,100,0
sck.aidemy.jp,1,100,0
sejuku.net,1,0,35
server01.d-advantage.com,1,100,0
shk-education-python.netlify.app,1,100,0
sphinx-users.jp,1,100,0
srbrnote.work,1,100,0
step-learn.com,1,100,0
teamwork.ddreams.jp,1,100,0
techplay.jp,1,0,2987
tl-station.learning-ware.jp,1,0,9
toyotsu-gchat.datainsight.toyota-tsusho.com,1,0,1454
trap.jp,1,0,13
tutorial.djangogirls.org,1,100,0
webclass.edu.tuis.ac.jp,1,100,0
