name,visitors,pageviews,bounce_rate,time_on_page,scroll_depth
/zh-cn/3/tutorial/index.html,887,1082,60,36,59
/zh-cn/3.13/tutorial/index.html,697,1504,49,78,64
/zh-cn/3/,681,842,51,17,78
/zh-cn/3.13/,649,1073,39,35,81
/zh-cn/3/library/index.html,511,605,51,51,47
/zh-cn/3.13/library/index.html,398,458,36,77,55
/zh-cn/3.13/tutorial/controlflow.html,285,652,71,403,50
/zh-cn/3.13/tutorial/introduction.html,276,414,70,216,62
/zh-cn/3/tutorial/controlflow.html,269,266,68,245,48
/zh-cn/3/tutorial/interpreter.html,263,272,64,69,83
/zh-cn/3.13/tutorial/interpreter.html,258,340,57,85,84
/zh-cn/3/library/functions.html,227,225,74,56,37
/zh-cn/3/tutorial/introduction.html,227,260,64,666,67
/zh-cn/3.13/library/functions.html,215,213,68,97,48
/zh-cn/3/library/venv.html,213,221,87,32,33
/zh-cn/3.13/search.html,210,340,33,86,53
/zh-cn/3.13/index.html,207,239,25,17,81
/zh-cn/3.13/tutorial/appetite.html,192,206,31,83,94
/zh-cn/3/search.html,192,270,47,30,54
/zh-cn/3/reference/index.html,189,206,60,42,71
/zh-cn/3.13/library/stdtypes.html,187,200,70,140,44
/zh-cn/3/tutorial/appetite.html,179,164,43,81,90
/zh-cn/3/using/index.html,174,188,57,12,80
/zh-cn/3.13/reference/index.html,169,213,33,100,73
/zh-cn/3/tutorial/,165,196,64,36,55
/zh-cn/3/library/turtle.html,164,241,78,284,34
/zh-cn/3/library/stdtypes.html,161,166,69,322,49
/zh-cn/3/index.html,150,166,45,36,80
/zh-cn/3.13/tutorial/classes.html,147,141,68,194,57
/zh-cn/3/tutorial/datastructures.html,144,142,64,193,60
/zh-cn/3/tutorial/classes.html,139,132,84,191,53
/zh-cn/3.13/glossary.html,135,144,47,175,47
/zh-cn/3.13/tutorial/datastructures.html,131,172,57,156,59
/zh-cn/3/glossary.html,125,124,44,88,46
/zh-cn/3.13/contents.html,122,141,50,116,14
/zh-cn/3/library/idle.html,122,127,75,23,28
/zh-cn/3.13/whatsnew/3.13.html,117,118,71,14447,34
/zh-cn/3/using/windows.html,116,114,79,55,46
/zh-cn/3/contents.html,109,105,44,32,15
/zh-cn/3/library/multiprocessing.html,102,106,83,85,19
/zh-cn/3.13/using/index.html,99,118,50,113,75
/zh-cn/3.13/download.html,97,83,56,30,88
/zh-cn/3/library/typing.html,96,101,90,100,32
/zh-cn/3/library/asyncio.html,94,106,72,77,79
/zh-cn/3/library/re.html,91,92,82,206,43
/zh-cn/3.13/tutorial/,85,94,50,75,67
/zh-cn/3.13/tutorial/modules.html,84,78,80,124,58
/zh-cn/3/library/math.html,84,96,82,76,48
/zh-cn/3.13/howto/index.html,83,83,21,175,90
/zh-cn/3.13/using/windows.html,82,70,71,85,52
/zh-cn/3/whatsnew/3.13.html,81,63,62,80,29
/zh-cn/3.13/reference/datamodel.html,80,89,46,134,49
/zh-cn/3.13/library/asyncio-task.html,79,80,82,154,37
/zh-cn/3.13/py-modindex.html,75,145,31,177,54
/zh-cn/3/library/dataclasses.html,75,72,94,60,34
/zh-cn/3/library/logging.html,75,69,88,64,33
/zh-cn/3/download.html,73,61,84,29,87
/zh-cn/3/library/tkinter.html,72,67,58,142,49
/zh-cn/3/tutorial/modules.html,71,67,48,197,64
/zh-cn/3.12/library/index.html,69,89,44,62,55
/zh-cn/3.13/reference/compound_stmts.html,69,78,88,47,32
/zh-cn/3.12/tutorial/index.html,68,68,41,30,60
/zh-cn/3.12/,67,77,45,14,80
/zh-cn/3.13/library/tkinter.html,67,84,39,213,51
/zh-cn/3/using/mac.html,67,69,69,47,50
/zh-cn/3/tutorial/inputoutput.html,66,66,69,118,61
/zh-cn/3.13/tutorial/inputoutput.html,65,72,59,94,57
/zh-cn/3/library/argparse.html,65,66,87,112,35
/zh-cn/3.13/reference/lexical_analysis.html,64,61,76,133,59
/zh-cn/3/tutorial/errors.html,64,60,83,71,49
/zh-cn/3.13/tutorial/errors.html,63,51,76,160,55
/zh-cn/3.14/whatsnew/3.14.html,63,51,50,114,29
/zh-cn/3/installing/index.html,62,59,60,35,72
/zh-cn/3/library/struct.html,62,60,89,110,61
/zh-cn/3/library/subprocess.html,61,63,91,38,32
/zh-cn/3/reference/datamodel.html,60,53,71,46,45
/zh-cn/3/library/datetime.html,59,52,88,88,48
/zh-cn/3.12/using/mac.html,57,58,92,30,73
/zh-cn/3.13/installing/index.html,57,55,92,49,69
/zh-cn/3/using/cmdline.html,57,49,71,66,33
/zh-cn/3/library/,56,81,65,20,35
/zh-cn/3.13/using/cmdline.html,55,43,42,80,39
/zh-cn/3.14/,55,56,36,13,80
/zh-cn/3/howto/argparse.html,54,53,84,71,40
/zh-cn/3/tutorial/stdlib.html,54,46,67,60,59
/zh-cn/3.13/using/mac.html,53,53,72,23,44
/zh-cn/3/library/pdb.html,53,53,89,33,49
/zh-cn/3/reference/lexical_analysis.html,53,60,70,103,48
/zh-cn/3.13/library/intro.html,52,41,20,43,86
/zh-cn/3/library/os.html,52,50,62,67,34
/zh-cn/3/library/pathlib.html,52,50,79,43,39
/zh-cn/3/library/threading.html,52,47,88,78,42
/zh-cn/3/reference/expressions.html,52,42,86,55,54
/zh-cn/3/library/random.html,50,48,78,24,39
/zh-cn/3/library/csv.html,49,46,94,61,42
/zh-cn/3/library/collections.html,48,43,86,152,55
/zh-cn/3/library/string.html,48,50,79,95,63
/zh-cn/3.13/reference/expressions.html,47,48,64,93,65
/zh-cn/3.13/tutorial/stdlib.html,47,41,40,117,76
/zh-cn/3/py-modindex.html,46,53,60,36,35
