name,visitors
Taipei,419
New Taipei,223
Taichung,130
Taoyuan,111
Kaohsiung,88
Hsinchu County,82
Hsinchu,53
Tainan,47
Miaoli,16
Pingtung,13
Hualien,12
Tokyo,11
Chiayi County,10
California,10
Yunlin,9
Oregon,9
Changhua,8
Beijing,7
Guangdong,7
England,7
Yilan,5
Pennsylvania,4
Hunan,3
Shandong,3
Hesse,3
Chiayi,3
Nantou,3
Washington,3
New South Wales,2
Zürich,2
Henan,2
Hubei,2
Shanghai,2
Zhejiang,2
Kowloon City Kowloon,2
Kwai Tsing New Territories,2
Sha Tin New Territories,2
Baghdad,2
Osaka,2
Ulaanbaatar,2
Kuala Lumpur,2
Komi,2
Queensland,1
Ontario,1
Jiangsu,1
Jiangxi,1
Liaoning,1
Shaanxi,1
Shanxi,1
Île-de-France,1
Tsuen Wan New Territories,1
Uttar Pradesh,1
Selangor,1
Krasnodar Krai,1
Samara,1
Taitung,1
Kharkivshchyna,1
Illinois,1
Maine,1
Thái Nguyên,1
