name,visitors,bounce_rate,visit_duration
Direct / None,754858,99,6
Google,3844,86,51
python.org,1631,85,21
docs.python.org,829,82,59
Bing,384,91,36
GitHub,242,85,33
DuckDuckGo,221,86,44
devguide.python.org,200,83,17
Yandex,143,93,23
docs.astral.sh,101,86,13
chatgpt.com,98,80,164
Brave,95,84,73
boot.dev,71,93,1
pypi.org,67,91,22
discuss.python.org,61,81,17
packaging.python.org,54,80,19
Microsoft Teams,50,92,24
netacad.com,49,91,67
udemy.com,44,91,26
realpython.com,39,88,19
Gmail,35,74,42
Reddit,31,91,5
cs50.harvard.edu,30,97,26
Ecosia,27,85,31
cs50.readthedocs.io,25,88,66
typing.python.org,24,88,24
Twitter,23,61,11
Hacker News,21,100,0
codecademy.com,20,95,37
kagi.com,18,94,3
psycopg.org,18,94,1
numpy.org,16,88,8
python-poetry.org,16,81,239
edube.org,15,93,3
docs.sqlalchemy.org,14,100,0
moodle.taltech.ee,14,79,56
s3.eu-west-1.amazonaws.com,13,69,20
setuptools.pypa.io,13,85,171
flake8rules.com,12,92,5
qiita.com,12,92,2
metanit.com,11,100,0
mypy.readthedocs.io,11,82,7
numpydoc.readthedocs.io,11,82,68
openclassrooms.com,11,82,3
Perplexity,10,100,0
Youtube,10,91,7
pip.pypa.io,10,80,81
softserve.academy,10,100,0
docs.snowflake.com,9,78,116
elearn.epam.com,9,89,4
habr.com,9,78,13
namu.wiki,9,89,2
pycoders.com,9,67,11
Qwant,8,88,3
StackOverflow,8,100,0
datacamp.com,8,100,0
docs.pydantic.dev,8,67,73
medium.com,8,88,150
nicholashairs.com,8,88,3
LinkedIn,7,71,20
Wikipedia,7,86,49
Yahoo!,7,100,0
cms.unir.net,7,100,0
dicoding.com,7,86,1
freecodecamp.org,7,100,0
lwn.net,7,71,687
python-academy.org,7,100,0
typing-extensions.readthedocs.io,7,71,391
ecollege.etbonline.ie,6,100,0
hackerrank.com,6,67,14
link.zhihu.com,6,100,0
lobste.rs,6,67,119
mypy-lang.org,6,83,1
notebooks.githubusercontent.com,6,83,133
pylint.readthedocs.io,6,100,0
pythonzen-pep8-exam.com,6,100,0
ru.hexlet.io,6,100,0
Slack,5,80,12
alt-61d42c1e6231a.blackboard.com,5,100,0
automatetheboringstuff.com,5,100,0
claude.ai,5,80,81
docs.pypi.org,5,67,76
google.github.io,5,80,427
link.csdn.net,5,80,31
pipenv.pypa.io,5,100,0
pymysql.readthedocs.io,5,100,0
qianwen.com,5,100,0
static.plataforma.grupoa.education,5,60,131
virtualenv.pypa.io,5,80,12
Facebook,4,75,3
bugs.python.org,4,100,0
campus.enti.cat,4,75,104
courses.baobabplatform.org,4,50,226
courses.campus.gov.il,4,75,0
docs.basedpyright.com,4,25,216
docs.brew.sh,4,100,0
docs.micropython.org,4,100,0
docs.pytest.org,4,100,0
hatch.pypa.io,4,100,0
ida.liu.se,4,100,0
lectures.scientific-python.org,4,75,1
pydoc.pages.taltech.ee,4,50,263
pyo3.rs,4,100,0
pythoninsider.blogspot.com,4,50,78
qna.habr.com,4,100,0
wsgi.readthedocs.io,4,100,0
Amazon,3,100,0
Naver,3,67,1
Telegram,3,100,0
altlinux.org,3,100,0
assignments.onenote.com,3,67,65
bbgithub.dev.bloomberg.com,3,67,363
benhoyt.com,3,67,279
bottlepy.org,3,100,0
cookiecutter.readthedocs.io,3,100,0
cursos.alura.com.br,3,100,0
cython.readthedocs.io,3,67,6
docs.conda.io,3,100,0
docs.ray.io,3,100,0
docs.renovatebot.com,3,67,146
edu.hse.ru,3,100,0
ellibrodepython.com,3,67,126
florimond.dev,3,100,0
jira.fmr.com,3,100,0
maharatech.gov.eg,3,33,45
my.sky.pro,3,100,0
note.nkmk.me,3,100,0
notion.so,3,33,1747
p-pelletier.github.io,3,100,0
pdm-project.org,3,67,3616
pep8-ja.readthedocs.io,3,100,0
pep8.org,3,67,750
pydevtools.com,3,67,13
python3.info,3,100,0
sberuniversity.online,3,100,0
spark.apache.org,3,100,0
tutti.prod.bloomberg.com,3,67,6
wiki.ms.com,3,67,162
Baidu,2,100,0
akshare.akfamily.xyz,2,100,0
asgi.readthedocs.io,2,100,0
ashvardanian.com,2,100,0
attrs.org,2,100,0
betterstack.com,2,50,10
bitecode.dev,2,50,56
black.readthedocs.io,2,100,0
boto3.amazonaws.com,2,100,0
build.pypa.io,2,100,0
chatopens.ai,2,50,14
code-basics.com,2,100,0
code.s3.yandex.net,2,100,0
codeit.kr,2,50,24
coderivers.org,2,100,0
commitizen-tools.github.io,2,100,0
confluence.atlassian.qrt.cloud,2,50,332
confluence.ice.com,2,100,0
cosmicpython.com,2,100,0
courses.funix.edu.vn,2,100,0
cppib.atlassian.net,2,100,0
csuglobal.instructure.com,2,67,20
dcp.ubs.net,2,100,0
dev-wiki.unitracc.de,2,75,4
dev.docs.pyansys.com,2,50,154
docs.aiogram.dev,2,50,2
docs.epc-instore.com,2,100,0
docs.marimo.io,2,50,4
docs.ros.org,2,100,0
doubao.com,2,100,0
dublog.net,2,100,0
excel-ubara.com,2,100,0
excel.officeapps.live.com,2,100,0
eysrc.e-yantra.org,2,100,0
fishc.com.cn,2,100,0
fosstodon.org,2,100,0
gevent.org,2,100,0
github-fw.tesla.com,2,100,0
hn.algolia.com,2,100,0
horizonrobotics.feishu.cn,2,100,0
hypirion.com,2,100,0
inside-docupedia.bosch.com,2,100,0
iscinumpy.dev,2,50,177
jamescooke.info,2,50,30
jira.suvanet.ch,2,100,0
johnoraw-education.gitbook.io,2,100,0
km.woa.com,2,100,0
l.workplace.com,2,100,0
launchschool.com,2,100,0
learn.engeto.com,2,100,0
learnenough.com,2,100,0
lms.ithillel.ua,2,100,0
lms.robotdreams.cc,2,100,0
lms.skillfactory.ru,2,100,0
lrps.wgu.edu,2,100,0
m-ai.alstom.hub,2,100,0
machineslikeme.atlassian.net,2,100,0
moodle-campusvirtualmexico.s3.amazonaws.com,2,100,0
olymp.mega.itmo.ru,2,100,0
open-std.org,2,100,0
openai,2,0,1178
palletsprojects.com,2,100,0
pandas.pydata.org,2,100,0
pfjira.pepperl-fuchs.com,2,100,0
planetpython.org,2,100,0
presta-wiki.prestagroup.com,2,100,0
pylint.pycqa.org,2,100,0
pypi.com.cn,2,67,38
python-basics-tutorial.readthedocs.io,2,100,0
python.developpez.com,2,100,0
python.p2hp.com,2,100,0
pythonacademy.com.br,2,100,0
pythonguidecn.readthedocs.io,2,50,278
pythonr.vua.cloud,2,50,849
ruby-doc.org,2,100,0
rushter.com,2,100,0
saycon.co.jp,2,0,748
setuptools-git-versioning.readthedocs.io,2,100,0
sphinx-doc.org,2,50,8
statics.gov.teams.microsoft.us,2,100,0
tenthousandmeters.com,2,50,227
thequeenbeebs.medium.com,2,100,0
tzdata.readthedocs.io,2,100,0
uipath.github.io,2,100,0
uv.oaix.tech,2,50,262
uvirtual.usach.cl,2,100,0
wheel.readthedocs.io,2,100,0
zecong.hu,2,100,0
02edonhamo61ul44vqkvs560r67i8qvvpse4lugnoomr34e56la7.assets.github.dev,1,100,0
10.12.49.21,1,100,0
10.218.11.96,1,100,0
127.0.0.1,1,100,0
172.16.6.20,1,100,0
42morrow.tistory.com,1,100,0
Vkontakte,1,100,0
a.yandex-team.ru,1,100,0
academy.cs.cmu.edu,1,100,0
adb-8056351992417598.18.azuredatabricks.net,1,100,0
aedt.docs.pyansys.com,1,100,0
agile.kiwigrid.com,1,100,0
ai.pydantic.dev,1,100,0
ai8py.com,1,100,0
aichat3.alpha.co.jp,1,100,0
alembic.sqlalchemy.org,1,100,0
alm-confluence.systems.uk.hsbc,1,100,0
altx.co.jp,1,100,0
andrewbrookins.com,1,100,0
api-docs.databricks.com,1,100,0
app.codica.la,1,100,0
app.datascientist.fr,1,100,0
applifting.io,1,100,0
appsec.kp.org,1,100,0
aprendepython.es,1,100,0
archive.docs.nautobot.com,1,100,0
arrow.apache.org,1,100,0
assets.scormproxy.com,1,100,0
astral.sh,1,100,0
astro.aero.org,1,100,0
atlas-plots.readthedocs.io,1,100,0
atlasi.bg,1,100,0
atmarkit.itmedia.co.jp,1,100,0
bam-confluence.corp.vattenfall.com,1,100,0
bandersnatch.readthedocs.io,1,100,0
bazel.build,1,100,0
bea-code-reviewer.azurewebsites.net,1,100,0
bearpooh.com,1,100,0
bitbucket.itgit.oneadr.net,1,100,0
bitbucket.org,1,100,0
blackboard.waketech.edu,1,100,0
blackduck.atlassian.net,1,100,0
blog.antoine.rocks,1,100,0
blog.changs.co.uk,1,100,0
blog.davidz.cn,1,100,0
blog.python.org,1,100,0
blog.truestar.co.jp,1,100,0
blu3r4y.github.io,1,100,0
bms-cs.atlassian.net,1,100,0
brightspace.tudelft.nl,1,100,0
builtin.com,1,100,0
campus.uner.edu.ar,1,100,0
campusvirtual2.ug.edu.ec,1,100,0
canvas.liverpool.ac.uk,1,0,5
capgemini.udemy.com,1,100,0
cc-github.bmwgroup.net,1,100,0
chat.baidu.com,1,100,0
chat.deepseek.com,1,100,0
chat.netlight.com,1,100,0
chat.qwen.ai,1,100,0
chat.schaeffler.com,1,100,0
china-testing.github.io,1,100,0
city.ya.ru,1,100,0
clickhouse.com,1,100,0
cloud.tencent.com,1,100,0
cnblogs.com,1,100,0
code.djangoproject.com,1,100,0
cognizant.udemy.com,1,100,0
community.deeplearning.ai,1,100,0
computerwoche.de,1,0,731
confluence,1,100,0
confluence-sms.group.jenoptik.corp,1,100,0
confluence.airbus.corp,1,100,0
confluence.bybn.de,1,100,0
