name,visitors,bounce_rate,visit_duration
Direct / None,658,63,357
Google,231,66,204
python.org,90,63,305
realpython.com,63,75,140
pythoninsider.blogspot.com,53,65,188
Bing,28,65,157
Baidu,19,88,81
DuckDuckGo,14,22,110
GitHub,11,67,168
Shenma,9,100,0
Yahoo!,5,33,464
Yandex,5,100,230
Brave,4,100,189
chatgpt.com,2,100,196
devdocs.io,2,100,0
doubao.com,2,0,40
habr.com,2,100,1146
peps.python.org,2,100,0
uio.no,2,0,47
Ecosia,1,100,0
Qwant,1,100,0
blog.python.org,1,100,0
discuss.python.org,1,100,0
fosstodon.org,1,100,0
iwiki.woa.com,1,0,510
mastodon.social,1,100,0
news.humancoders.com,1,100,0
nicholashairs.com,1,0,0
phoronix.com,1,0,128
planetpython.org,1,100,0
pypi.org,1,0,326
roboki.vn,1,0,58
typing-extensions.readthedocs.io,1,100,0
virtuale.unibo.it,1,0,323
yuque.com,1,0,1196
