name,visitors
China,1026
United States,902
Japan,381
Germany,322
India,311
Hong Kong,260
Russian Federation,222
Singapore,187
United Kingdom,172
Brazil,152
France,152
Taiwan,93
Poland,82
Ukraine,82
Colombia,81
Canada,80
Netherlands,72
South Korea,71
Vietnam,65
Italy,61
Australia,54
Austria,49
Spain,49
Switzerland,44
Sweden,41
Indonesia,38
Israel,38
Belgium,37
Mexico,33
Czechia,30
Chile,25
Kazakhstan,25
South Africa,25
Finland,24
Argentina,23
Philippines,23
Turkey,21
Malaysia,20
Morocco,19
Peru,19
Romania,19
Iran,17
Thailand,15
Egypt,14
Greece,13
New Zealand,13
Portugal,13
Belarus,12
Hungary,12
Norway,12
Slovenia,12
Denmark,11
Bangladesh,10
Nigeria,10
Cameroon,9
Algeria,9
Ecuador,9
Ireland,9
Kenya,9
Pakistan,9
Slovakia,9
Georgia,8
Uzbekistan,8
Dominican Republic,7
Ethiopia,7
Croatia,7
Bulgaria,6
Serbia,6
Albania,5
Kyrgyzstan,5
Saudi Arabia,5
Bolivia,4
Ghana,4
Guatemala,4
Iraq,4
Luxembourg,4
Nepal,4
"Palestine, State of",4
El Salvador,4
Tunisia,4
United Arab Emirates,3
Afghanistan,3
Costa Rica,3
Estonia,3
Kuwait,3
Latvia,3
Moldova,3
Puerto Rico,3
Paraguay,3
Zimbabwe,3
Armenia,2
Azerbaijan,2
Burkina Faso,2
Benin,2
"Congo, The Democratic Republic of the",2
Cyprus,2
Jamaica,2
Cambodia,2
Libya,2
Mozambique,2
Togo,2
Uruguay,2
Venezuela,2
Yemen,2
Cuba,1
Iceland,1
Jordan,1
Liechtenstein,1
Sri Lanka,1
Lithuania,1
Madagascar,1
Myanmar,1
Mauritius,1
Malawi,1
Oman,1
Réunion,1
Rwanda,1
Syria,1
Tajikistan,1
Trinidad and Tobago,1
