name,visitors,pageviews,bounce_rate,time_on_page,scroll_depth
/3.12/,845,1114,58,28,74
/3.12/tutorial/index.html,407,470,69,39,52
/3.12/whatsnew/3.12.html,322,377,72,44,22
/3.12/search.html,253,326,37,17,50
/3.12/using/windows.html,247,262,79,48,26
/3.12/library/stdtypes.html,214,226,66,65,42
/3.12/index.html,175,194,72,25,75
/3.12/library/functions.html,172,189,84,57,54
/3.12/library/index.html,160,176,31,26,39
/3.12/library/typing.html,145,149,73,22,37
/3.12/tutorial/,142,155,54,52,56
/3.12/library/,133,133,73,15,37
/zh-cn/3.12/,124,151,48,16,78
/3.12/library/2to3.html,111,119,86,91,46
/3.12/tutorial/appetite.html,109,93,69,44,82
/3.12/tutorial/interpreter.html,107,103,72,53,70
/3.12/library/datetime.html,105,99,86,92,46
/zh-cn/3.12/library/index.html,88,97,56,24,32
/zh-cn/3.12/tutorial/index.html,88,116,34,63,63
/3.12/tutorial/controlflow.html,75,79,76,93,36
/3.12/tutorial/introduction.html,75,68,74,127,65
/zh-cn/3.12/using/mac.html,72,73,93,19,59
/zh-cn/3.12/search.html,68,89,44,47,54
/3.12/reference/index.html,63,64,50,18,61
/zh-cn/3.12/library/functions.html,60,62,77,67,47
/3.12/library/os.html,59,55,92,49,49
/3.12/glossary.html,58,52,65,15,40
/3.12/library/exceptions.html,57,55,85,43,47
/3.12/library/telnetlib.html,57,58,78,155,66
/3.12/library/tkinter.html,57,62,74,922,42
/ko/3.12/library/intro.html,57,53,94,2,39
/3.12/installing/index.html,50,39,67,26,57
/3.12/contents.html,48,52,26,16,6
/3.12/library/re.html,48,48,76,82,50
/3.12/tutorial/datastructures.html,46,51,77,90,42
/3.12/library/pathlib.html,45,46,78,28,53
/zh-cn/3.12/index.html,45,52,41,23,80
/zh-cn/3.12/library/stdtypes.html,45,52,80,78,48
/3.12/download.html,41,39,80,13,84
/3.12/reference/compound_stmts.html,40,41,79,97,49
/zh-cn/3.12/tutorial/controlflow.html,39,39,69,186,53
/3.12/library/logging.html,37,37,78,43,49
/3.12/library/itertools.html,36,32,73,45,29
/3.12/reference/datamodel.html,36,35,53,36,57
/ja/3.12/library/codecs.html,36,38,94,3,4
/zh-cn/3.12/contents.html,36,36,33,16,18
/zh-cn/3.12/tutorial/introduction.html,36,29,70,118,60
/3.12/library/os.path.html,35,35,93,61,60
/3.12/py-modindex.html,34,35,40,23,43
/3.12/library/threading.html,33,28,71,23,37
/zh-cn/3.12/reference/index.html,33,38,20,16,73
/3.12/library/asyncio.html,32,40,53,47,89
/3.12/using/index.html,32,34,50,28,62
/3.12/library/random.html,31,30,79,44,34
/es/3.12/,31,31,90,8,72
/3.12/tutorial/modules.html,30,32,60,157,63
/3.12/library/sys.html,28,23,90,24,31
/3.12/library/collections.html,27,25,69,30,44
/es/3.12/tutorial/index.html,27,27,67,72,64
/zh-cn/3.12/using/index.html,27,38,62,12,56
/3.12/library/enum.html,26,25,86,16,51
/zh-cn/3.12/download.html,26,22,88,58,82
/ja/3.12/,25,52,39,41,79
/zh-cn/3.12/tutorial/interpreter.html,25,24,62,79,84
/3.12/genindex.html,24,26,0,4,100
/3.12/library/argparse.html,24,26,57,161,53
/3.12/library/dis.html,24,29,63,206,74
/3.12/reference/lexical_analysis.html,24,20,71,29,65
/3.12/reference/simple_stmts.html,24,23,71,41,77
/3.12/tutorial/classes.html,24,28,45,86,42
/3.12/library/asyncio-task.html,23,21,75,29,32
/3.12/library/csv.html,23,23,71,88,44
/3.12/library/subprocess.html,23,27,83,39,38
/ja/3.12/library/index.html,23,26,11,27,48
/zh-cn/3.12/tutorial/datastructures.html,23,20,56,111,53
/zh-cn/3.12/using/unix.html,23,24,80,26,78
/3.12/library/io.html,22,19,92,41,55
/3.12/library/string.html,22,26,53,35,33
/3.12/tutorial/errors.html,22,21,71,97,47
/3.12/whatsnew/index.html,22,23,20,8,11
/3.12/library/concurrent.futures.html,21,16,80,132,55
/3.12/library/multiprocessing.html,21,20,83,16,10
/3.12/tutorial/inputoutput.html,21,18,40,73,52
/ja/3.12/index.html,21,20,58,9,84
/zh-cn/3.12/glossary.html,21,16,57,64,39
/zh-cn/3.12/library/typing.html,21,22,83,27,27
/zh-cn/3.12/library/venv.html,21,20,94,22,40
/3.12/library/queue.html,20,20,44,6390,82
/3.12/library/shutil.html,20,16,78,27,36
/3.12/library/tkinter.ttk.html,20,23,77,243,44
/3.12/library/venv.html,20,18,100,29,36
/zh-cn/3.12/reference/compound_stmts.html,20,20,71,15,42
/zh-cn/3.12/whatsnew/3.12.html,20,20,62,65,41
/3.12/library/dataclasses.html,19,17,78,78,65
/3.12/library/json.html,19,18,86,19,36
/3.12/library/math.html,19,20,100,33,41
/3.12/library/socket.html,19,15,83,51,46
/3.12/library/unittest.html,19,15,44,39,49
/3.12/tutorial/appendix.html,19,14,67,58,81
/ja/3.12/search.html,19,38,44,25,49
