name,unique_entrances,total_entrances,visit_duration
/ja/3.13/c-api/capsule.html,1333,1335,18
/ja/3/library/codecs.html,468,476,43
/ja/3.13/tutorial/,105,112,449
/ja/3/,80,83,130
/ja/3/library/functions.html,56,72,175
/ja/3/tutorial/,51,52,332
/ja/3.13/library/functions.html,46,46,147
/3/,44,44,346
/ja/3/library/stdtypes.html,43,43,105
/ja/3/library/index.html,41,50,106
/ja/3/tutorial/index.html,40,42,153
/ja/3.13/library/random.html,37,37,28
/ja/3/tutorial/datastructures.html,30,31,370
/ja/3.13/library/stdtypes.html,29,31,76
/ja/3.13/library/index.html,28,29,206
/ja/3.13/library/logging.html,28,29,226
/ja/3.13/library/pathlib.html,28,28,503
/ja/3.13/tutorial/controlflow.html,26,28,175
/ja/3/library/venv.html,24,24,4
/ja/3.13/library/itertools.html,23,24,9
/ja/3.13/library/datetime.html,22,26,89
/ja/3.13/tutorial/classes.html,22,23,211
/ja/3.13/library/re.html,21,22,7
/ja/3.13/library/time.html,21,21,227
/ja/3.13/library/typing.html,21,22,164
/ja/3.13/tutorial/interpreter.html,20,23,52
/ja/dev/library/hashlib.html,20,20,12
/ja/3.13/howto/sorting.html,19,19,66
/ja/3/c-api/import.html,19,19,7
/ko/dev/c-api/marshal.html,19,19,26
/ja/3.13/library/venv.html,18,18,15
/ja/3/library/datetime.html,18,18,17
/ja/3.13/library/csv.html,17,17,15
/ja/3.13/library/sqlite3.html,17,17,5
/ja/3.13/tutorial/appetite.html,17,19,403
/ja/3.13/tutorial/index.html,17,17,388
/ja/3/tutorial/introduction.html,17,17,408
/ja/3/library/mmap.html,16,16,131
/ja/3.13/library/argparse.html,15,15,342
/ja/3.13/library/asyncio-task.html,15,17,835
/ja/3.13/library/idle.html,15,15,220
/ja/3.13/library/subprocess.html,15,15,7
/ja/3.13/c-api/stable.html,14,14,53
/ja/3.13/search.html,14,14,342
/ja/3.13/tutorial/errors.html,14,14,191
/ja/3.13/tutorial/inputoutput.html,14,14,42
/ja/3/library/re.html,14,14,535
/ja/3/reference/introduction.html,14,14,120
/ja/3.13/,13,13,192
/ja/3.13/library/enum.html,13,13,2
/ja/3.13/library/exceptions.html,13,13,105
/ja/3.13/library/threading.html,13,13,6
/ja/3.13/library/tkinter.html,13,13,100
/ja/3/tutorial/modules.html,13,13,7
/ja/3.13/library/dataclasses.html,12,12,2
/ja/3.13/library/json.html,12,12,119
/ja/3/index.html,12,12,50
/ja/3.13/extending/extending.html,11,11,104
/ja/3.13/library/math.html,11,11,2
/ja/3.13/library/struct.html,11,11,0
/ja/3.13/library/turtle.html,11,13,1
/ja/3.13/tutorial/introduction.html,11,11,380
/ja/3/library/,10,10,59
/ja/3/search.html,10,14,231
/ja/3/tutorial/controlflow.html,10,12,28
/ja/3/using/windows.html,10,10,42
/ja/3.13/library/codecs.html,9,9,10
/ja/3.13/library/concurrent.futures.html,9,9,175
/ja/3.13/library/heapq.html,9,9,2
/ja/3.13/library/os.path.html,9,9,326
/ja/3/library/random.html,9,9,17
/ja/3/library/tkinter.ttk.html,9,9,0
/ja/3.13/library/glob.html,8,8,613
/ja/3.13/library/io.html,8,8,248
/ja/3.13/library/os.html,8,12,692
/ja/3.13/library/queue.html,8,8,70
/ja/3.13/library/socket.html,8,8,394
/ja/3.13/library/string.html,8,8,0
/ja/3.13/tutorial/modules.html,8,8,571
/ja/3/library/os.html,8,8,34
/ja/3/library/xml.etree.elementtree.html,8,8,12
/ja/3/tutorial/classes.html,8,9,16
/ja/3/tutorial/interpreter.html,8,9,1650
/3/tutorial/index.html,7,7,198
/ja/3.13/c-api/structures.html,7,7,114
/ja/3.13/installing/index.html,7,7,19
/ja/3.13/library/base64.html,7,7,0
/ja/3.13/library/tempfile.html,7,7,0
/ja/3.13/library/tkinter.ttk.html,7,7,40
/ja/3.13/whatsnew/index.html,7,7,118
/ja/3/library/secrets.html,7,7,157
/ja/3/reference/index.html,7,7,71
/ja/3/whatsnew/3.13.html,7,7,0
/ja/3.13/faq/programming.html,6,6,0
/ja/3.13/glossary.html,6,6,16
/ja/3.13/library/collections.html,6,6,0
/ja/3.13/library/decimal.html,6,6,0
/ja/3.13/library/dialog.html,6,6,355
/ja/3.13/library/logging.handlers.html,6,8,259
/ja/3.13/library/sys.html,6,6,0
/ja/3.13/library/unittest.html,6,6,11
/ja/3.13/reference/index.html,6,6,365
/ja/3.13/tutorial/datastructures.html,6,7,156
/ja/3/library/itertools.html,6,7,111
/ja/3/library/math.html,6,6,15
/ja/3/library/sqlite3.html,6,6,82
/ja/3/library/zoneinfo.html,6,6,0
/ja/3/py-modindex.html,6,6,584
/ja/3/tutorial/appetite.html,6,6,6
/ja/3/tutorial/errors.html,6,6,162
/ja/3/tutorial/inputoutput.html,6,6,1368
/ja/3/using/cmdline.html,6,6,0
/ja/3.12/library/codecs.html,5,5,69
/ja/3.13/library/asyncio-eventloop.html,5,5,179
/ja/3.13/library/asyncio.html,5,5,394
/ja/3.13/library/ctypes.html,5,5,204
/ja/3.13/library/functools.html,5,5,4
/ja/3.13/library/hashlib.html,5,6,42
/ja/3.13/library/importlib.html,5,5,0
/ja/3.13/library/operator.html,5,5,7
/ja/3.13/library/pickle.html,5,5,0
/ja/3.13/library/shutil.html,5,5,7
/ja/3.13/library/unittest.mock.html,5,6,38
/ja/3.13/library/winsound.html,5,5,0
/ja/3.13/reference/datamodel.html,5,5,268
/ja/3.13/reference/expressions.html,5,5,0
/ja/3.13/using/configure.html,5,5,1
/ja/3.13/using/windows.html,5,5,0
/ja/3/contents.html,5,5,290
/ja/3/glossary.html,5,5,10
/ja/3/library/html.parser.html,5,5,0
/ja/3/library/string.html,5,5,611
/ja/3/library/tk.html,5,5,196
/ja/3/library/turtle.html,5,5,0
/ja/3/reference/compound_stmts.html,5,5,10
/ja/3/reference/expressions.html,5,5,74
/3.13/using/windows.html,4,4,206
/ja/3.12/index.html,4,4,372
/ja/3.12/search.html,4,4,52
/ja/3.13/copyright.html,4,4,10
/ja/3.13/howto/functional.html,4,4,580
/ja/3.13/howto/sockets.html,4,5,0
/ja/3.13/library/__main__.html,4,4,580
/ja/3.13/library/bisect.html,4,4,0
/ja/3.13/library/configparser.html,4,5,4
/ja/3.13/library/http.server.html,4,4,0
/ja/3.13/library/multiprocessing.html,4,4,10
/ja/3.13/library/pprint.html,4,4,0
/ja/3.13/library/ssl.html,4,4,32
/ja/3.13/library/tarfile.html,4,4,1
/ja/3.13/library/warnings.html,4,4,0
/ja/3.13/library/zipfile.html,4,4,356
/ja/3/howto/regex.html,4,4,0
/ja/3/library/argparse.html,4,5,203
/ja/3/library/collections.html,4,5,0
/ja/3/library/logging.config.html,4,5,1060
/ja/3/library/time.html,4,4,51
/ja/3/library/tkinter.html,4,4,0
/3.13/tutorial/index.html,3,3,817
/ja/3.12/library/datetime.html,3,3,0
/ja/3.12/library/index.html,3,3,861
/ja/3.12/library/poplib.html,3,3,1142
/ja/3.12/library/re.html,3,3,29
/ja/3.12/library/time.html,3,4,0
/ja/3.12/reference/index.html,3,3,2
/ja/3.13/howto/argparse.html,3,3,201
/ja/3.13/howto/unicode.html,3,3,17
/ja/3.13/index.html,3,3,81
/ja/3.13/library/abc.html,3,3,190
/ja/3.13/library/asyncio-sync.html,3,3,2
/ja/3.13/library/calendar.html,3,3,0
/ja/3.13/library/collections.abc.html,3,3,448
/ja/3.13/library/contextlib.html,3,3,0
/ja/3.13/library/difflib.html,3,3,1
/ja/3.13/library/fractions.html,3,3,77
/ja/3.13/library/ipc.html,3,3,2894
/ja/3.13/library/selectors.html,3,3,0
/ja/3.13/library/smtplib.html,3,3,1
/ja/3.13/library/termios.html,3,4,9
/ja/3.13/library/urllib.html,3,3,131
/ja/3.13/library/urllib.parse.html,3,3,0
/ja/3.13/library/urllib.request.html,3,3,652
/ja/3.13/library/wave.html,3,5,0
/ja/3.13/reference/compound_stmts.html,3,3,3
/ja/3.13/reference/lexical_analysis.html,3,3,177
/ja/3.13/tutorial/floatingpoint.html,3,3,0
/ja/3.13/tutorial/stdlib.html,3,3,17
/ja/3/bugs.html,3,3,0
/ja/3/extending/embedding.html,3,3,0
/ja/3/extending/extending.html,3,3,0
/ja/3/howto/logging-cookbook.html,3,3,776
/ja/3/library/asyncio.html,3,3,11
/ja/3/library/csv.html,3,3,0
/ja/3/library/email.examples.html,3,3,19
/ja/3/library/logging.html,3,3,821
/ja/3/library/os.path.html,3,3,0
/ja/3/library/pickle.html,3,3,50
/ja/3/library/shutil.html,3,3,0
/ja/3/library/typing.html,3,3,19
/ja/3/reference/lexical_analysis.html,3,3,7
/ja/3/tutorial/stdlib.html,3,4,0
/ja/3/tutorial/stdlib2.html,3,7,108
/ja/dev/faq/general.html,3,3,0
/zh-cn/3.13/,3,3,4897
/3.12/,2,2,67
/3.13/,2,2,1230
/3.13/library/os.html,2,2,3656
/3.15/,2,2,12
/3/library/index.html,2,2,110
/3/library/stdtypes.html,2,2,1039
/3/library/subprocess.html,2,2,24
/3/search.html,2,2,3706
/ja/3.12/,2,2,72
/ja/3.12/library/__main__.html,2,2,316
/ja/3.12/tutorial/classes.html,2,4,35
/ja/3.12/using/index.html,2,2,0
/ja/3.13/c-api/bytes.html,2,2,0
/ja/3.13/c-api/exceptions.html,2,2,0
/ja/3.13/faq/windows.html,2,2,0
/ja/3.13/howto/curses.html,2,2,1118
/ja/3.13/howto/descriptor.html,2,2,0
/ja/3.13/howto/logging.html,2,2,1144
/ja/3.13/library/asyncio-future.html,2,2,0
/ja/3.13/library/audit_events.html,2,2,0
/ja/3.13/library/constants.html,2,2,2
/ja/3.13/library/copy.html,2,2,0
/ja/3.13/library/doctest.html,2,2,14
/ja/3.13/library/filesys.html,2,2,0
/ja/3.13/library/gc.html,2,2,47
/ja/3.13/library/intro.html,2,2,39
/ja/3.13/library/mmap.html,2,2,0
/ja/3.13/library/optparse.html,2,2,0
/ja/3.13/library/pdb.html,2,2,0
/ja/3.13/library/pkgutil.html,2,2,0
/ja/3.13/library/plistlib.html,2,2,0
/ja/3.13/library/timeit.html,2,2,44
/ja/3.13/library/traceback.html,2,2,0
/ja/3.13/library/unicodedata.html,2,2,292
/ja/3.13/library/uuid.html,2,2,16
/ja/3.13/library/webbrowser.html,2,2,0
/ja/3.13/tutorial/appendix.html,2,2,10
/ja/3.13/tutorial/venv.html,2,3,0
/ja/3.13/using/index.html,2,2,0
/ja/3.13/whatsnew/3.13.html,2,2,0
/ja/3.14/contents.html,2,2,131
/ja/3.14/library/sqlite3.html,2,2,0
/ja/3/c-api/memoryview.html,2,2,694
/ja/3/howto/argparse.html,2,2,0
/ja/3/howto/sorting.html,2,2,0
/ja/3/installing/index.html,2,2,213
/ja/3/library/asyncio-dev.html,2,2,0
/ja/3/library/constants.html,2,2,106
/ja/3/library/dataclasses.html,2,2,350
/ja/3/library/decimal.html,2,2,0
/ja/3/library/exceptions.html,2,2,0
/ja/3/library/http.server.html,2,2,0
/ja/3/library/importlib.metadata.html,2,2,166
/ja/3/library/json.html,2,2,0
/ja/3/library/locale.html,2,2,0
/ja/3/library/statistics.html,2,2,0
/ja/3/library/subprocess.html,2,4,1
/ja/3/library/threading.html,2,2,0
/ja/3/library/tkinter.dnd.html,2,3,191
/ja/3/library/unittest.html,2,2,477
/ja/3/library/winsound.html,2,2,0
/ja/3/reference/datamodel.html,2,2,53
/ja/3/reference/simple_stmts.html,2,2,0
/ja/3/tutorial/venv.html,2,2,775
/ja/dev/library/asyncio-task.html,2,2,1792
/ja/dev/library/enum.html,2,2,0
/ja/dev/library/pathlib.html,2,2,0
/ja/dev/library/tarfile.html,2,2,26
/zh-cn/3.13/tutorial/,2,2,3240
/3.13/library/concurrent.futures.html,1,1,1168
/3.15/whatsnew/3.15.html,1,1,0
/3/c-api/iterator.html,1,1,259
/3/contents.html,1,1,244
/3/faq/programming.html,1,1,129
/3/glossary.html,1,1,0
/3/howto/logging.html,1,1,8
/3/index.html,1,1,115
/3/library/asyncio-task.html,1,1,3475
/3/library/codecs.html,1,1,6
/3/library/csv.html,1,1,0
/3/library/datetime.html,1,1,82
/3/library/filesys.html,1,1,1122
/3/library/functools.html,1,1,0
/3/library/heapq.html,1,1,12
/3/library/html.html,1,1,0
/3/library/idle.html,1,1,924
/3/library/logging.handlers.html,1,1,0
/3/library/markup.html,1,1,20
/3/library/optparse.html,1,1,3282
/3/library/os.path.html,1,1,2247
/3/library/socket.html,1,1,1147
/3/library/socketserver.html,1,1,673
/3/library/tkinter.html,1,1,207
/3/library/turtle.html,1,1,76
/3/library/urllib.request.html,1,1,3
/3/library/uuid.html,1,1,124
