name,unique_entrances,total_entrances,visit_duration
/3.12/,156,157,105
/3.12/tutorial/index.html,116,125,94
/3/,103,103,312
/3.12/whatsnew/3.12.html,85,86,73
/3.12/using/windows.html,81,82,24
/3.12/library/functions.html,51,52,51
/3.12/tutorial/,46,47,132
/3.12/library/typing.html,36,38,118
/3.12/library/,33,33,61
/3.12/index.html,31,31,84
/3.12/library/stdtypes.html,30,31,57
/3.12/search.html,27,28,87
/3.12/library/index.html,26,28,125
/3.12/library/tkinter.html,26,27,25
/3.12/tutorial/appetite.html,25,25,70
/zh-cn/3.12/,24,24,171
/3.12/tutorial/interpreter.html,23,26,268
/3.12/library/2to3.html,19,20,43
/3.12/tutorial/introduction.html,18,18,583
/3.12/library/os.html,17,18,50
/3.12/library/random.html,16,16,0
/3.12/library/re.html,16,17,1
/zh-cn/3.12/using/mac.html,16,17,16
/zh-cn/3.12/tutorial/index.html,15,17,97
/3.12/library/datetime.html,13,16,6
/3.12/tutorial/controlflow.html,12,12,437
/3.12/library/pathlib.html,10,10,8
/3.12/library/turtle.html,10,10,60
/3.12/tutorial/classes.html,10,10,970
/3.12/tutorial/datastructures.html,10,11,162
/3.13/,10,10,390
/zh-cn/3.12/library/turtle.html,10,11,0
/3.12/library/exceptions.html,9,9,42
/3.12/library/os.path.html,9,11,256
/3.12/library/telnetlib.html,9,10,0
/3.12/reference/datamodel.html,9,9,8
/zh-cn/3/,9,9,629
/3/library/index.html,8,8,388
/3/search.html,8,8,404
/zh-cn/3.12/library/index.html,8,9,316
/3.12/library/argparse.html,7,7,91
/3.12/library/logging.html,7,7,0
/3/library/functions.html,7,7,261
/ja/3.12/library/codecs.html,7,7,0
/3.12/download.html,6,6,131
/3.12/glossary.html,6,7,260
/3.12/library/cgi.html,6,6,21
/3.12/library/multiprocessing.html,6,6,246
/3.12/library/subprocess.html,6,7,85
/3.12/library/sys.html,6,6,144
/3.12/py-modindex.html,6,7,88
/3.12/reference/index.html,6,6,130
/3/library/telnetlib.html,6,6,215
/3/library/turtle.html,6,6,159
/3/tutorial/,6,6,178
/3/tutorial/index.html,6,6,1408
/zh-cn/3.12/library/asyncio.html,6,6,51
/zh-tw/3.12/using/mac.html,6,6,2
/3.12/contents.html,5,5,785
/3.12/installing/index.html,5,5,0
/3.12/library/abc.html,5,5,50
/3.12/library/ctypes.html,5,5,374
/3.12/library/idle.html,5,5,10
/3.12/library/math.html,5,5,0
/3.12/library/threading.html,5,5,0
/3.12/library/time.html,5,5,266
/3.12/reference/compound_stmts.html,5,5,295
/3.14/,5,5,135
/3.15/,5,5,97
/3/library/__main__.html,5,5,966
/3/library/subprocess.html,5,5,96
/3.12/library/asyncio-task.html,4,4,5
/3.12/library/asyncio.html,4,4,175
/3.12/library/collections.html,4,4,138
/3.12/library/pipes.html,4,4,0
/3.12/library/sqlite3.html,4,4,0
/3.12/library/tkinter.ttk.html,4,4,0
/3.12/tutorial/venv.html,4,5,0
/3.12/using/mac.html,4,5,0
/3.12/using/unix.html,4,4,4
/3/library/concurrent.futures.html,4,4,660
/3/library/datetime.html,4,4,130
/3/library/pathlib.html,4,4,167
/3/library/venv.html,4,4,484
/3/tutorial/appetite.html,4,4,16
/pt-br/3.12/howto/regex.html,4,4,17
/zh-cn/3.12/index.html,4,4,604
/zh-cn/3.12/library/asyncio-runner.html,4,4,58
/zh-cn/3.12/library/ctypes.html,4,4,0
/zh-cn/3.12/library/functions.html,4,4,148
/zh-cn/3.12/library/re.html,4,4,0
/zh-cn/3.12/library/stdtypes.html,4,9,19
/zh-cn/3.12/library/tk.html,4,4,0
/zh-cn/3.12/search.html,4,6,333
/zh-cn/3.12/tutorial/interpreter.html,4,4,19
/zh-cn/3.12/tutorial/introduction.html,4,4,0
/zh-cn/3.12/using/,4,4,15
/3.12/extending/extending.html,3,3,0
/3.12/faq/index.html,3,3,1
/3.12/howto/logging.html,3,3,1
/3.12/library/collections.abc.html,3,4,0
/3.12/library/constants.html,3,3,741
/3.12/library/contextlib.html,3,3,104
/3.12/library/contextvars.html,3,3,200
/3.12/library/enum.html,3,3,0
/3.12/library/intro.html,3,4,0
/3.12/library/io.html,3,3,0
/3.12/library/queue.html,3,3,0
/3.12/library/socket.html,3,3,0
/3.12/library/string.html,3,3,2
/3.12/library/tempfile.html,3,3,0
/3.12/library/types.html,3,3,595
/3.12/library/unittest.mock.html,3,4,0
/3.12/library/venv.html,3,3,464
/3.12/tutorial/inputoutput.html,3,3,145
/3.12/using/index.html,3,3,15
/3/library/functools.html,3,3,5
/3/library/idle.html,3,3,16
/3/library/math.html,3,3,38
/3/library/multiprocessing.html,3,3,511
/3/library/os.html,3,3,549
/3/library/random.html,3,3,52
/3/library/stdtypes.html,3,3,272
/3/using/android.html,3,3,79
/es/3.12/,3,3,2
/es/3.12/library/functions.html,3,3,207
/es/3.12/tutorial/index.html,3,3,10
/zh-cn/3.12/howto/enum.html,3,3,0
/zh-cn/3.12/howto/logging.html,3,3,533
/zh-cn/3.12/library/__main__.html,3,3,0
/zh-cn/3.12/library/asyncio-task.html,3,3,7
/zh-cn/3.12/library/dataclasses.html,3,3,0
/zh-cn/3.12/library/heapq.html,3,3,0
/zh-cn/3.12/library/multiprocessing.html,3,3,953
/zh-cn/3.12/library/queue.html,3,3,0
/zh-cn/3.12/library/random.html,3,3,0
/zh-cn/3.12/library/subprocess.html,3,3,0
/zh-cn/3.12/library/timeit.html,3,3,0
/zh-cn/3.12/tutorial/appetite.html,3,3,0
/zh-cn/3.12/tutorial/classes.html,3,3,1
/zh-cn/3.12/tutorial/datastructures.html,3,3,0
/zh-cn/3.12/tutorial/errors.html,3,3,0
/zh-cn/3/tutorial/index.html,3,3,1299
/zh-tw/3.12/library/venv.html,3,4,580
/3.12/howto/functional.html,2,2,0
/3.12/howto/index.html,2,2,8
/3.12/howto/perf_profiling.html,2,2,0
/3.12/library/audioop.html,2,2,0
/3.12/library/cgitb.html,2,2,0
/3.12/library/cmd.html,2,2,0
/3.12/library/concurrency.html,2,2,504
/3.12/library/csv.html,2,2,0
/3.12/library/decimal.html,2,2,0
/3.12/library/functools.html,2,2,12
/3.12/library/hashlib.html,2,2,0
/3.12/library/importlib.html,2,2,0
/3.12/library/inspect.html,2,2,0
/3.12/library/itertools.html,2,2,116
/3.12/library/json.html,2,2,0
/3.12/library/plistlib.html,2,2,0
/3.12/library/shutil.html,2,2,0
/3.12/library/tarfile.html,2,2,0
/3.12/library/textwrap.html,2,2,346
/3.12/library/unittest.html,2,2,0
/3.12/library/urllib.parse.html,2,4,0
/3.12/library/weakref.html,2,2,0
/3.12/reference/expressions.html,2,2,0
/3.12/reference/import.html,2,2,17
/3.12/reference/lexical_analysis.html,2,2,404
/3.12/tutorial/modules.html,2,2,278
/3.12/using/cmdline.html,2,3,0
/3.13/index.html,2,2,885
/3.13/search.html,2,2,62
/3.13/whatsnew/3.13.html,2,2,160
/3/contents.html,2,2,26
/3/howto/descriptor.html,2,2,12
/3/index.html,2,2,140
/3/library/,2,2,1447
/3/library/argparse.html,2,2,740
/3/library/asyncio-task.html,2,2,1848
/3/library/cgi.html,2,2,18
/3/library/collections.html,2,2,414
/3/library/ctypes.html,2,2,923
/3/library/email.message.html,2,2,50
/3/library/fractions.html,2,2,10
/3/library/io.html,2,2,394
/3/library/logging.html,2,3,6
/3/library/tkinter.html,2,2,190
/3/library/typing.html,2,2,696
/3/library/unittest.mock.html,2,2,2282
/3/tutorial/controlflow.html,2,2,826
/3/tutorial/datastructures.html,2,2,787
/3/tutorial/errors.html,2,2,1992
/3/tutorial/modules.html,2,2,182
/3/using/cmdline.html,2,2,82
/3/using/index.html,2,2,752
/3/whatsnew/3.12.html,2,2,457
/es/3.12/contents.html,2,2,2
/es/3.12/search.html,2,2,174
/es/3.12/tutorial/controlflow.html,2,5,195
/es/3.12/tutorial/introduction.html,2,2,0
/es/3.12/using/cmdline.html,2,2,4
/fr/3.12/tutorial/index.html,2,2,0
/ja/3.12/,2,2,635
/ja/3.12/library/cgi.html,2,2,107
/ja/3.12/library/functions.html,2,2,8
/ja/3.12/library/resource.html,2,2,0
/ja/3.12/library/ssl.html,2,2,0
/ja/3.12/library/tkinter.ttk.html,2,2,192
/ja/3.12/library/urllib.parse.html,2,2,286
/ja/3.12/using/configure.html,2,2,0
/ja/3.12/using/index.html,2,2,50
/ja/3.13/using/configure.html,2,2,439
/ko/3.12/library/keyword.html,2,2,0
/pl/3.12/tutorial/controlflow.html,2,2,0
/pt-br/3.12/library/math.html,2,2,1491
/pt-br/3.12/tutorial/classes.html,2,2,188
/pt-br/3/,2,2,250
/uk/3.12/library/audioop.html,2,3,0
/zh-cn/3.12/contents.html,2,2,0
/zh-cn/3.12/download.html,2,2,0
/zh-cn/3.12/howto/descriptor.html,2,2,0
/zh-cn/3.12/howto/regex.html,2,2,0
/zh-cn/3.12/library/argparse.html,2,2,0
/zh-cn/3.12/library/asyncio-future.html,2,2,0
/zh-cn/3.12/library/asyncio-subprocess.html,2,2,9
/zh-cn/3.12/library/copy.html,2,2,0
/zh-cn/3.12/library/exceptions.html,2,2,0
/zh-cn/3.12/library/msilib.html,2,2,0
/zh-cn/3.12/library/pathlib.html,2,2,0
/zh-cn/3.12/library/tkinter.html,2,2,0
/zh-cn/3.12/library/typing.html,2,2,0
/zh-cn/3.12/library/uuid.html,2,2,0
/zh-cn/3.12/reference/import.html,2,2,0
/zh-cn/3.12/reference/index.html,2,2,891
/zh-cn/3.12/tutorial/,2,2,18
/zh-cn/3.12/tutorial/controlflow.html,2,2,41
/zh-cn/3.12/tutorial/modules.html,2,2,0
/zh-cn/3.12/using/configure.html,2,2,0
/zh-cn/3.12/using/index.html,2,2,5
/zh-cn/3.13/,2,2,374
/zh-cn/3.13/library/asyncio.html,2,2,3
/zh-cn/3.13/library/os.html,2,2,2438
/zh-cn/3.13/library/stdtypes.html,2,2,1692
/zh-cn/3.13/library/subprocess.html,2,2,2121
/zh-cn/3/download.html,2,2,12
/zh-cn/3/library/functions.html,2,2,1
/zh-tw/3.12/installing/index.html,2,2,0
/zh-tw/3.12/tutorial/index.html,2,2,0
/zh-tw/3.13/tutorial/index.html,2,2,131
/3.12/c-api/index.html,1,1,0
/3.12/c-api/tuple.html,1,1,0
/3.12/c-api/veryhigh.html,1,1,0
/3.12/extending/embedding.html,1,1,79
/3.12/extending/index.html,1,1,10
/3.12/genindex.html,1,1,889
/3.12/howto/sorting.html,1,1,598
/3.12/library/__future__.html,1,1,0
/3.12/library/asyncio-dev.html,1,1,58
/3.12/library/asyncio-eventloop.html,1,1,0
/3.12/library/asyncio-stream.html,1,1,0
/3.12/library/bz2.html,1,1,10
/3.12/library/calendar.html,1,1,0
/3.12/library/codecs.html,1,1,7199
/3.12/library/concurrent.futures.html,1,1,0
/3.12/library/crypt.html,1,1,0
/3.12/library/curses.html,1,1,0
/3.12/library/dis.html,1,1,0
/3.12/library/distutils.html,1,1,0
/3.12/library/email.message.html,1,1,0
/3.12/library/fileinput.html,1,1,0
/3.12/library/fractions.html,1,1,0
/3.12/library/gc.html,1,1,0
/3.12/library/http.html,1,1,0
/3.12/library/http.server.html,1,1,0
/3.12/library/mailbox.html,1,1,0
/3.12/library/pdb.html,1,1,0
/3.12/library/pkgutil.html,1,1,0
/3.12/library/poplib.html,1,1,0
/3.12/library/readline.html,1,1,0
/3.12/library/runpy.html,1,1,12
/3.12/library/secrets.html,1,1,0
/3.12/library/shlex.html,1,1,0
/3.12/library/signal.html,1,1,3
/3.12/library/statistics.html,1,1,0
/3.12/library/tkinter.font.html,1,1,0
/3.12/library/tkinter.tix.html,1,1,0
/3.12/library/token.html,1,1,0
/3.12/library/xml.etree.elementtree.html,1,1,1745
/3.12/license.html,1,1,0
/3.12/reference/,1,2,0
/3.12/reference/introduction.html,1,1,0
/3.12/reference/toplevel_components.html,1,1,0
/3.12/whatsnew/,1,1,718
/3.12/whatsnew/3.10.html,1,1,0
/3.12/whatsnew/3.11.html,1,1,0
/3.12/whatsnew/3.7.html,1,1,7
/3.12/whatsnew/3.9.html,1,2,0
/3.12/whatsnew/index.html,1,1,11
/3.13/download.html,1,1,107
