property,value,visitors,events,percentage
url,(none),1248,2161,99.6
url,https://www.python.org/,20,20,1.6
url,https://packaging.python.org/pt-br/latest/guides/installing-using-pip-and-virtual-environments/#create-and-use-virtual-environments,3,4,0.2
url,https://devguide.python.org/setup/#get-the-source-code,1,1,0.1
url,https://github.com/python/cpython/blob/main/Doc/library/math.rst,1,1,0.1
url,https://github.com/python/cpython/blob/main/Doc/library/multiprocessing.rst,1,1,0.1
url,https://github.com/python/cpython/blob/main/Doc/tutorial/controlflow.rst,1,1,0.1
url,https://github.com/python/cpython/blob/main/Doc/tutorial/index.rst,1,1,0.1
url,https://github.com/python/cpython/tree/3.13/Lib/asyncio/coroutines.py,1,1,0.1
url,https://github.com/python/cpython/tree/3.13/Lib/idlelib/,1,1,0.1
url,https://github.com/python/cpython/tree/3.13/Lib/random.py,1,1,0.1
url,https://github.com/python/cpython/tree/3.13/Lib/tkinter/font.py,1,1,0.1
url,https://json.org/,1,1,0.1
url,https://packaging.python.org/,1,1,0.1
url,https://packaging.python.org/en/latest/tutorials/installing-packages/#ensure-pip-setuptools-and-wheel-are-up-to-date,1,1,0.1
url,https://peps.python.org/pep-3131/,1,1,0.1
url,https://pypi.org/project/DateType/,1,1,0.1
url,https://tkdocs.com/,1,1,0.1
url,https://www.python.org/doc/versions/,1,1,0.1
url,https://www.python.org/downloads/source/,1,1,0.1
url,https://www.unicode.org/Public/15.1.0/ucd/PropList.txt,1,1,0.1
