name,unique_entrances,total_entrances,visit_duration
/es/3/tutorial/,652,697,126
/es/3/library/tkinter.html,232,246,110
/3/,184,192,436
/es/3/tutorial/index.html,122,132,133
/es/3/tutorial/venv.html,102,108,6
/es/3/tutorial/datastructures.html,101,104,148
/es/3/tutorial/classes.html,99,101,76
/es/3/tutorial/introduction.html,96,102,122
/es/3.13/tutorial/index.html,91,101,106
/es/3/library/index.html,90,101,229
/es/3/tutorial/appetite.html,86,94,130
/es/3.13/library/idle.html,82,85,88
/es/3/installing/index.html,76,79,6
/es/3.13/library/functions.html,72,75,120
/es/3.13/tutorial/introduction.html,72,78,285
/es/3/,70,73,81
/es/3/tutorial/controlflow.html,61,68,98
/es/3/tutorial/interpreter.html,60,65,161
/es/3.13/,53,54,45
/es/3.13/library/re.html,51,51,82
/3.13/tutorial/index.html,50,50,309
/es/3/library/stdtypes.html,47,54,13
/es/3/tutorial/errors.html,38,39,111
/es/3.13/tutorial/controlflow.html,36,52,308
/es/3/search.html,34,35,244
/es/3.13/library/math.html,33,38,177
/3/tutorial/index.html,30,30,1056
/es/3/howto/sorting.html,30,32,101
/es/3.13/search.html,29,30,314
/es/3.13/library/tkinter.html,28,29,266
/es/3.13/tutorial/appetite.html,28,32,52
/es/3.13/library/datetime.html,27,27,14
/es/3/library/tk.html,27,27,183
/es/3/tutorial/modules.html,27,28,37
/es/3.13/library/stdtypes.html,26,30,296
/es/3/glossary.html,26,28,144
/es/3/tutorial/inputoutput.html,25,26,157
/3.13/using/windows.html,24,26,295
/3/library/functions.html,23,23,1635
/es/3.13/library/index.html,23,25,115
/es/3/howto/logging.html,23,25,42
/es/3/reference/index.html,23,23,66
/es/3.13/library/random.html,22,25,1
/es/3/library/asyncio.html,22,22,310
/3/library/tkinter.html,21,22,366
/es/3/library/argparse.html,21,21,15
/es/3/reference/import.html,21,21,6
/es/3.13/glossary.html,20,22,368
/es/3/library/functions.html,20,23,77
/es/3/library/json.html,20,21,105
/es/3.13/library/string.html,19,19,103
/es/3.13/tutorial/interpreter.html,19,23,175
/es/3/library/random.html,18,19,16
/es/3.13/library/os.html,17,17,74
/es/3.13/library/venv.html,17,17,0
/es/3.13/tutorial/datastructures.html,17,18,5
/es/3/using/cmdline.html,17,18,124
/es/dev/tutorial/controlflow.html,17,18,0
/es/3/howto/regex.html,16,17,88
/es/dev/tutorial/,15,21,444
/3/library/index.html,14,14,508
/es/3/library/venv.html,14,15,52
/es/3/using/editors.html,14,14,148
/es/3/genindex-Símbolos.html,13,13,188
/es/3/library/datetime.html,13,14,108
/es/3/library/math.html,13,14,140
/es/3/reference/compound_stmts.html,13,13,263
/3/library/csv.html,12,13,475
/3/search.html,12,12,590
/es/3.13/contents.html,12,13,6
/es/3.13/index.html,12,13,10
/es/3.13/tutorial/errors.html,12,13,4
/es/3/library/base64.html,12,13,145
/es/3.13/library/__main__.html,11,11,63
/es/3.13/library/tkinter.ttk.html,11,11,65
/es/3.13/tutorial/inputoutput.html,11,13,29
/es/3/library/shutil.html,11,11,22
/es/3/library/statistics.html,11,12,119
/es/3/using/windows.html,11,11,99
/3/tutorial/datastructures.html,10,10,1116
/es/3.12/tutorial/classes.html,10,11,160
/es/3.12/tutorial/index.html,10,10,269
/es/3.13/library/filesys.html,10,11,106
/es/3.13/library/http.server.html,10,10,40
/es/3.13/tutorial/classes.html,10,10,6
/es/3.13/using/windows.html,10,10,28
/es/3/library/idle.html,10,10,92
/3/library/datetime.html,9,9,400
/3/library/stdtypes.html,9,9,1071
/es/3.13/library/asyncio-task.html,9,9,152
/es/3.13/reference/lexical_analysis.html,9,9,18
/es/3.13/tutorial/,9,9,202
/es/3/contents.html,9,10,284
/es/3/library/decimal.html,9,9,16
/es/3/library/doctest.html,9,9,2
/es/3/library/re.html,9,10,81
/es/3/library/turtle.html,9,9,0
/3.13/index.html,8,8,61
/3/library/math.html,8,9,783
/es/3.13/download.html,8,8,148
/es/3.13/library/sqlite3.html,8,9,0
/es/3.13/reference/compound_stmts.html,8,8,1
/es/3.13/reference/datamodel.html,8,8,0
/es/3/faq/windows.html,8,8,0
/es/3/library/csv.html,8,11,37
/3.13/tutorial/,7,7,87
/3/download.html,7,7,376
/3/library/random.html,7,7,48
/3/library/re.html,7,7,783
/3/whatsnew/3.13.html,7,7,475
/es/3.13/tutorial/venv.html,7,8,54
/es/3/library/exceptions.html,7,7,4
/es/3/library/pathlib.html,7,7,3
/es/3/library/timeit.html,7,8,0
/es/3/library/webbrowser.html,7,7,85
/es/3/reference/expressions.html,7,7,9
/es/dev/library/math.html,7,8,0
/3.15/,6,6,192
/3/library/turtle.html,6,6,1339
/3/reference/index.html,6,6,398
/3/tutorial/,6,6,415
/es/3.13/installing/index.html,6,6,0
/es/3.13/library/csv.html,6,6,2
/es/3.13/library/sys.html,6,6,4
/es/3.13/py-modindex.html,6,6,46
/es/3.13/reference/index.html,6,6,23
/es/3/library/copy.html,6,6,9
/es/3/library/dialog.html,6,6,27
/es/3/library/tokenize.html,6,6,3
/es/3/library/warnings.html,6,6,10
/es/3/whatsnew/index.html,6,7,389
/3.13/,5,5,434
/3/library/pathlib.html,5,6,84
/es/3.13/library/array.html,5,5,485
/es/3.13/library/collections.html,5,5,0
/es/3.13/library/tk.html,5,5,331
/es/3.13/library/turtle.html,5,5,136
/es/3.13/library/typing.html,5,5,484
/es/3.13/reference/expressions.html,5,5,469
/es/3.13/tutorial/floatingpoint.html,5,5,0
/es/3/faq/general.html,5,5,60
/es/3/howto/curses.html,5,6,125
/es/3/library/array.html,5,6,5
/es/3/library/calendar.html,5,5,499
/es/3/library/functools.html,5,5,3
/es/3/library/logging.html,5,5,64
/es/3/library/os.html,5,5,0
/es/3/library/string.html,5,5,32
/es/3/library/time.html,5,5,0
/es/3/reference/introduction.html,5,5,0
/es/3/tutorial/appendix.html,5,5,83
/es/dev/library/zlib.html,5,5,4
/es/dev/using/windows.html,5,6,50
/3.13/library/typing.html,4,5,1824
/3.13/tutorial/appetite.html,4,4,118
/3/library/argparse.html,4,4,1458
/3/library/idle.html,4,4,379
/3/library/logging.html,4,4,658
/3/tutorial/controlflow.html,4,5,424
/3/tutorial/introduction.html,4,4,728
/3/using/index.html,4,4,1251
/es/3.12/tutorial/,4,4,6
/es/3.12/tutorial/introduction.html,4,4,0
/es/3.13/c-api/index.html,4,4,55
/es/3.13/howto/regex.html,4,4,1
/es/3.13/howto/unicode.html,4,4,349
/es/3.13/library/exceptions.html,4,4,0
/es/3.13/library/multiprocessing.html,4,4,0
/es/3.13/library/pprint.html,4,4,20
/es/3.13/library/socket.html,4,4,0
/es/3.13/library/subprocess.html,4,4,14
/es/3.13/whatsnew/3.13.html,4,5,2
/es/3/genindex.html,4,4,388
/es/3/howto/argparse.html,4,4,1
/es/3/library/enum.html,4,4,4
/es/3/library/inspect.html,4,4,0
/es/3/library/sqlite3.html,4,4,154
/es/3/library/sys.html,4,5,20
/es/3/tutorial/stdlib2.html,4,4,1154
/es/dev/library/tkinter.ttk.html,4,4,2
/3.13/whatsnew/3.13.html,3,3,1618
/3/contents.html,3,3,186
/3/faq/,3,3,2889
/3/glossary.html,3,3,1629
/3/howto/sorting.html,3,3,224
/3/library/,3,3,159
/3/library/concurrent.futures.html,3,3,852
/3/library/ensurepip.html,3,3,675
/3/library/exceptions.html,3,3,1410
/3/library/itertools.html,3,3,7021
/3/library/multiprocessing.html,3,3,440
/3/library/os.html,3,3,99
/3/library/pdb.html,3,3,95
/3/library/sqlite3.html,3,3,500
/3/library/tempfile.html,3,3,681
/3/library/threading.html,3,3,533
/3/library/urllib.parse.html,3,3,1421
/3/library/venv.html,3,3,0
/3/reference/lexical_analysis.html,3,3,34
/dev/using/windows.html,3,3,151
/es/3.12/tutorial/appetite.html,3,3,0
/es/3.13/library/abc.html,3,3,252
/es/3.13/library/calendar.html,3,3,8
/es/3.13/library/concurrent.futures.html,3,3,558
/es/3.13/library/email.examples.html,3,3,0
/es/3.13/library/unittest.html,3,4,358
/es/3.13/library/xml.etree.elementtree.html,3,5,32
/es/3.13/reference/simple_stmts.html,3,7,0
/es/3.15/,3,3,111
/es/3/c-api/index.html,3,3,17
/es/3/index.html,3,3,3
/es/3/library/asyncio-task.html,3,3,230
/es/3/library/bisect.html,3,3,44
/es/3/library/codecs.html,3,3,523
/es/3/library/collections.html,3,4,12
/es/3/library/ftplib.html,3,3,0
/es/3/library/hashlib.html,3,4,1
/es/3/library/intro.html,3,3,37
/es/3/library/pickle.html,3,3,0
/es/3/library/profile.html,3,3,9
/es/3/library/py_compile.html,3,3,0
/es/3/library/signal.html,3,3,0
/es/3/library/socket.html,3,3,0
/es/3/library/threading.html,3,3,130
/es/3/library/urllib.html,3,3,529
/es/3/library/urllib.parse.html,3,4,0
/es/3/library/uuid.html,3,3,0
/es/3/library/wave.html,3,3,36
/es/3/reference/lexical_analysis.html,3,3,0
/es/3/whatsnew/3.13.html,3,3,4
/es/3/whatsnew/3.3.html,3,3,0
/es/dev/library/statistics.html,3,3,225
/es/dev/tutorial/datastructures.html,3,3,139
/es/dev/whatsnew/3.11.html,3,3,0
/3.12/tutorial/,2,2,609
/3.13/library/functions.html,2,2,410
/3/genindex.html,2,2,154
/3/howto/argparse.html,2,2,718
/3/installing/index.html,2,2,772
/3/library/calendar.html,2,2,133
/3/library/hashlib.html,2,2,2
/3/library/heapq.html,2,2,16
/3/library/smtplib.html,2,2,93
/3/library/string.html,2,2,42
/3/library/time.html,2,2,4
/3/library/tk.html,2,2,16
/3/library/tkinter.ttk.html,2,2,168
/3/library/typing.html,2,2,464
/3/library/unittest.html,2,2,858
/3/license.html,2,2,209
/3/reference/grammar.html,2,2,18
/3/tutorial/appetite.html,2,2,152
/3/tutorial/classes.html,2,2,34
/3/tutorial/inputoutput.html,2,2,1028
/3/tutorial/interpreter.html,2,2,128
/es/3.12/library/idle.html,2,2,59
/es/3.12/tutorial/interpreter.html,2,2,0
/es/3.13/c-api/intro.html,2,2,208
/es/3.13/c-api/memory.html,2,2,314
/es/3.13/howto/logging.html,2,2,7
/es/3.13/library/,2,2,92
/es/3.13/library/bisect.html,2,2,0
/es/3.13/library/codecs.html,2,2,8
/es/3.13/library/difflib.html,2,3,155
/es/3.13/library/functools.html,2,2,0
/es/3.13/library/hashlib.html,2,2,0
/es/3.13/library/html.parser.html,2,2,0
/es/3.13/library/os.path.html,2,3,240
/es/3.13/library/pickle.html,2,2,0
/es/3.13/library/queue.html,2,2,990
/es/3.13/library/shutil.html,2,2,32
/es/3.13/library/tkinter.colorchooser.html,2,2,29
/es/3.13/reference/grammar.html,2,2,96
/es/3.13/using/configure.html,2,2,4
/es/3.13/using/index.html,2,2,84
/es/3.15/bugs.html,2,3,0
/es/3/howto/ipaddress.html,2,2,27
/es/3/howto/sockets.html,2,2,0
/es/3/howto/urllib2.html,2,2,176
/es/3/library/__main__.html,2,2,0
/es/3/library/asyncio-eventloop.html,2,3,0
/es/3/library/asyncio-runner.html,2,2,522
/es/3/library/cmd.html,2,2,0
/es/3/library/code.html,2,2,0
/es/3/library/constants.html,2,2,0
/es/3/library/contextlib.html,2,2,0
/es/3/library/datatypes.html,2,2,902
/es/3/library/http.cookiejar.html,2,2,0
/es/3/library/imaplib.html,2,2,0
/es/3/library/io.html,2,2,266
/es/3/library/itertools.html,2,2,0
/es/3/library/mmap.html,2,2,0
/es/3/library/msvcrt.html,2,2,12
/es/3/library/operator.html,2,2,0
/es/3/library/platform.html,2,2,0
/es/3/library/tarfile.html,2,2,0
/es/3/library/textwrap.html,2,2,0
/es/3/library/tkinter.messagebox.html,2,2,0
/es/3/library/tkinter.ttk.html,2,2,0
/es/3/library/typing.html,2,2,0
