name,visitors,bounce_rate,visit_duration
Direct / None,97,62,357
google.com,96,70,235
bing.com,11,64,192
google.pl,4,75,227
python.org,4,0,260
duckduckgo.com,3,100,383
pl.python.org,2,0,94
android-app://com.google.android.googlequicksearchbox,1,0,102
notebooks.githubusercontent.com,1,0,104
packaging.python.org/en/latest/tutorials/packaging-projects,1,0,145
r.search.yahoo.com/_ylt=Awr.Qqq0e1poAQIAo.L0X4pQ;_ylu=Y29sbwNpcjIEcG9zAzEEdnRpZAMEc2VjA3Ny/RV=2/RE=1751969972/RO=10/RU=https%3a%2f%2fdocs.python.org%2fpl%2f3%2finstalling%2findex.html/RK=2/RS=.AKWYkcLdUNXWCqZgNJqChiK2_I-,1,0,27
udemy.com,1,0,53
upel.agh.edu.pl,1,100,0
ya.ru,1,0,32
yandex.ru,1,0,17
