name,version,visitors
Chrome,135.0,2309
Microsoft Edge,135.0,467
Chrome,134.0,394
Firefox,137.0,238
Opera,117.0,150
Safari,18.3,90
Microsoft Edge,134.0,60
Firefox,136.0,45
Chrome,109.0,37
Chrome,131.0,36
Chrome,133.0,31
Safari,18.4,28
Firefox,128.0,27
Mobile App,(not set),21
Chrome,132.0,21
Safari,17.6,19
Chrome,122.0,13
Chrome,116.0,8
Chrome,119.0,8
Chrome,127.0,8
Chrome,128.0,8
Chrome,130.0,8
Microsoft Edge,131.0,8
Microsoft Edge,133.0,8
Firefox,135.0,8
Chrome,124.0,7
Safari,17.5,7
Samsung Browser,27.0,7
Chrome,117.0,6
Safari,18.1,6
Chrome,120.0,5
Microsoft Edge,132.0,5
Firefox,138.0,5
Firefox,134.0,4
Huawei Browser Mobile,15.0,4
Safari,15.6,4
Safari,16.6,4
Chrome,108.0,3
Microsoft Edge,126.0,3
Chrome,126.0,3
Firefox,129.0,3
Firefox,130.0,3
Firefox,133.0,3
Avast Secure Browser,133.0,3
Mobile App,134.0,3
Safari,17.2,3
Safari,17.3,3
Safari,17.4,3
Safari,18.0,3
Safari,18.2,3
Safari,18.5,3
Chrome,114.0,2
Firefox,115.0,2
Avast Secure Browser,120.0,2
Chrome,121.0,2
Chrome,125.0,2
Microsoft Edge,127.0,2
Chrome,136.0,2
MIUI Browser,14.10,2
Opera GX,2.7,2
Yandex Browser,25.2,2
Opera,88.0,2
Opera,95.0,2
Chrome,95.0,2
(not set),(not set),1
Chrome,100.0,1
Firefox,100.0,1
Opera,102.0,1
Firefox,102.0,1
Microsoft Edge,107.0,1
Chrome,107.0,1
Opera,107.0,1
Firefox,108.0,1
Avast Secure Browser,108.0,1
Firefox,110.0,1
Chrome,111.0,1
Mobile App,112.0,1
Firefox,113.0,1
Chrome,113.0,1
Firefox,114.0,1
Opera,115.0,1
Firefox,116.0,1
Mobile App,119.0,1
Firefox,120.0,1
Firefox,121.0,1
Microsoft Edge,121.0,1
Microsoft Edge,122.0,1
Firefox,122.0,1
Firefox,123.0,1
Firefox,124.0,1
Firefox,126.0,1
Ecosia,129.0,1
Chrome,129.0,1
Microsoft Edge,129.0,1
Samsung Browser,13.2,1
Microsoft Edge,130.0,1
Firefox,131.0,1
Firefox,132.0,1
Norton Private Browser,133.0,1
Microsoft Edge,136.0,1
Firefox,136.3,1
Chrome,137.0,1
Firefox,139.0,1
Safari,14.1,1
Huawei Browser Mobile,16.0,1
Safari,16.5,1
Safari,17.0,1
Safari,17.1,1
Safari,17.10,1
Safari,17.11,1
Safari,17.7,1
Samsung Browser,27.1,1
Firefox,52.0,1
Chrome,73.0,1
Samsung Browser,8.0,1
Chrome,85.0,1
Chrome,87.0,1
Microsoft Edge,92.0,1
Firefox,92.0,1
