name,visitors
Bogotá,254
Madrid,203
Santiago,201
Lima,169
Medellín,164
Buenos Aires,84
Barcelona,75
Mexico City,65
Buenos Aires,53
Guatemala City,52
San José,43
Valencia,39
Gustavo Adolfo Madero,39
Guadalajara,37
Cali,36
Iztapalapa,35
Caracas,33
Quito,33
Santo Domingo,30
Guayaquil,28
Córdoba,28
San Salvador,26
La Paz,26
Panamá,25
Santa Cruz de la Sierra,25
Montevideo,24
Bucaramanga,22
Rosario,22
Sevilla,21
Mérida,21
Azcapotzalco,21
Málaga,20
Havana,18
Cuauhtémoc,18
Monterrey,18
A Coruña,16
Managua,16
Asunción,15
Trujillo,15
Pamplona,14
Pereira,14
Barranquilla,14
Santiago de Querétaro,14
Granada,13
La Plata,13
Cartagena,13
Arequipa,13
Guadalupe,13
Ciudad Juárez,13
Chihuahua,13
Santo Domingo Este,13
Santiago de Compostela,12
Sabadell,12
Quilmes,12
Puebla,12
Naucalpan de Juárez,12
Cuenca,12
Benito Juarez,12
San Bernardo,12
Donostia / San Sebastián,11
Badalona,11
Toluca,11
Coyoacán,11
Santa Marta,11
Cochabamba,11
Tijuana,11
Culiacán,11
Palma,10
Cuautitlán Izcalli,10
Pachuca de Soto,10
Venustiano Carranza,10
Concepción,10
Lima,10
Zaragoza,9
Bilbao,9
Alcalá de Henares,9
Veracruz,9
Tegucigalpa,9
Mendoza,9
Morelia,9
Las Palmas de Gran Canaria,8
Alicante,8
Villa Ballester,8
Berazategui,8
Ibagué,8
Puente Alto,8
Centro,8
Zhengzhou,7
Leganés,7
Irun,7
Fuenlabrada,7
Lanús,7
Ituzaingó,7
Tuxtla,7
Tlalpan,7
Tlalnepantla,7
Xalapa de Enríquez,7
Barquisimeto,7
Santa Fe,7
Salta,7
Valparaíso,7
Talca,7
Murcia,6
Alhaurín de la Torre,6
Gasteiz / Vitoria,6
Valladolid,6
Santander,6
Salamanca,6
León,6
Las Rozas de Madrid,6
Mar del Plata,6
Álvaro Obregón,6
Iztacalco,6
Acapulco de Juárez,6
Heredia,6
Valencia,6
Maracaibo,6
Yumbo,6
Soacha,6
Cúcuta,6
Iquitos,6
San Salvador de Jujuy,6
Neuquén,6
Viña del Mar,6
Quilicura,6
Aguascalientes,6
Dos Hermanas,5
Córdoba,5
Vigo,5
Terrassa,5
Pozuelo de Alarcón,5
Gijón,5
Getafe,5
Resistencia,5
Lomas de Zamora,5
São Paulo,5
Xochimilco,5
Tizayuca,5
Oaxaca,5
Ecatepec de Morelos,5
Ciudad Victoria,5
Pasto,5
Chía,5
Temuco,5
Zapopan,5
León de los Aldama,5
Hermosillo,5
Salobreña,4
Ciudad Real,4
Almería,4
Amsterdam,4
Sant Feliu de Llobregat,4
Oviedo,4
Lleida,4
Boadilla del Monte,4
Avilés,4
Olivos,4
Puerto Juárez,4
Metepec,4
Ciudad Nezahualcoyotl,4
Chalco,4
Mérida,4
Ambato,4
Neiva,4
Departamento de Cundinamarca,4
Chimbote,4
Miguel Hidalgo,4
Villa Allende,4
La Rioja,4
Bahía Blanca,4
La Florida,4
Hualpén,4
Huancayo,4
Cusco,4
Tonalá,4
Tlajomulco de Zúñiga,4
San Nicolás de los Garza,4
San Luis Potosí,4
Saltillo,4
Guanajuato,4
Ensenada,4
Ciudad Obregón,4
Ahome,4
San Juan,4
La Pintana,4
Puebla,4
Kolkata,3
Wuhan,3
Vila-real,3
Santa Cruz de Tenerife,3
La Orotava,3
Inca,3
Elche,3
Valdemoro,3
Torrejón de Ardoz,3
Barakaldo,3
Ripollet,3
Ourense,3
Móstoles,3
Girona,3
Burgos,3
Alcobendas,3
Reconquista,3
Ramos Mejía,3
Haedo,3
Glew,3
Formosa,3
Florida,3
Burzaco,3
Melo,3
Tláhuac,3
Tampico,3
Santa Cruz Xoxocotlán,3
Reynosa,3
Coacalco,3
Cholula,3
Cancún,3
San Pedro Sula,3
Choloma,3
Santo Domingo de los Colorados,3
Latacunga,3
Valledupar,3
Rionegro,3
Popayán,3
Piura,3
Chiclayo,3
Juárez,3
Villa María,3
Santiago del Estero,3
San Miguel de Tucumán,3
San Juan,3
Godoy Cruz,3
Crespo,3
Providencia,3
Los Andes,3
Coquimbo,3
Arica,3
Tarija,3
Puerto Vallarta,3
Mazatlán,3
Irapuato,3
Ciudad Apodaca,3
Miami,3
Hoboken,3
Nuevo Vallarta,3
Solidaridad,3
José C. Paz,3
Adapazarı,2
Pretoria,2
Xi’an,2
Hangzhou,2
Tokyo,2
Yecla,2
Talavera de la Reina,2
La Laguna,2
Paterna,2
Novelda,2
Mislata,2
Mairena del Alcor,2
Jaén,2
El Port de Sagunt,2
Cartagena,2
Cáceres,2
Benetússer,2
Frankfurt am Main,2
Metz,2
San Sebastián de los Reyes,2
Reus,2
Errenteria,2
Parla,2
Palencia,2
Navalcarnero,2
Manresa,2
Lugo,2
Logroño,2
La Higuera,2
Igualada,2
Gernika-Lumo,2
Getxo,2
Guadalajara,2
Dodro,2
Coslada,2
Collado-Villalba,2
Ávila,2
Milan,2
Tortuguitas,2
San Isidro,2
Posadas,2
Pilar,2
Oberá,2
Monte Grande,2
Merlo,2
Goya,2
Florencio Varela,2
Corrientes,2
Concordia,2
Ciudad Evita,2
Boulogne,2
Bella Vista,2
Almirante Brown,2
