name,version,visitors
Windows,10,9501
Mac,10.15,2867
GNU/Linux,(not set),939
Android,10,592
iOS,18.6,266
Ubuntu,(not set),250
Android,15,50
Chrome OS,14541.0,43
iOS,18.5,32
Windows,7,29
Android,14,22
Android,12,21
Android,11,16
iOS,16.7,15
Android,13,14
Android,9,8
Android,6.0,7
iOS,17.6,6
iOS,26.0,6
(not set),(not set),5
HarmonyOS,(not set),4
iOS,18.4,4
Windows,8.1,4
iOS,15.8,3
iOS,17.7,3
iPadOS,17.7,3
iOS,18.2,3
iOS,18.3,3
Windows,(not set),2
Fedora,(not set),2
iOS,12.5,2
iOS,16.3,2
iOS,17.5,2
iOS,18.1,2
FreeBSD,(not set),1
Raspberry Pi OS,(not set),1
Mac,(not set),1
Mac,10.12,1
Mac,10.9,1
Mac,13.3,1
iOS,14.4,1
iOS,15.7,1
iOS,17.2,1
iOS,18.0,1
iOS,18.7,1
iOS,19.0,1
Android,4.4,1
Android,7.0,1
Android,8.0,1
Android,8.1,1
Windows,XP,1
