name,visitors,bounce_rate,visit_duration
Direct / None,1249,62,298
google.com,500,71,295
python.org,149,79,597
pythoninsider.blogspot.com,66,52,200
bing.com,37,72,249
baidu.com/link,17,86,250
duckduckgo.com,16,60,320
cn.bing.com,15,73,323
google.com.hk,10,89,200
github.com/python/cpython,9,22,663
peps.python.org,6,50,375
typing-extensions.readthedocs.io/en/latest,6,83,7
chatgpt.com,5,0,1240
github.com,5,100,0
yandex.ru,5,50,56
blog.python.org,4,75,533
search.brave.com,4,50,1332
discuss.python.org,3,0,219
qiita.com,3,67,0
statics.teams.cdn.office.net,3,100,259
datadoghq.atlassian.net,2,0,2056
dmlc.github.io,2,0,4932
news.ycombinator.com,2,100,0
python.org/downloads/release/python-3133,2,0,578
baidu.com/s,1,100,0
codecademy.cn,1,0,3054
cs50.harvard.edu,1,0,44
dsi-data-curriculum.gitbook.io/data-engineering-curriculum/pemula-1/struktur-data-dan-algoritma,1,0,62
eva.uca.edu.ar,1,0,27
forum.djangoproject.com,1,100,0
frameworktraining.co.uk,1,0,326
github.com/GoogleChrome/related-website-sets/pull/671,1,0,1111
github.com/numpy/numpy/issues/13375,1,100,0
github.com/python-attrs/cattrs/issues/626,1,100,0
google.co.kr,1,100,0
google.fr,1,100,0
google.it,1,100,0
habr.com,1,100,0
it.search.yahoo.com,1,100,0
link.csdn.net,1,0,158
link.juejin.cn,1,0,340
link.zhihu.com,1,0,21
linkedin.com,1,100,0
lms-wc.el.kanazawa-u.ac.jp,1,0,100
m.baidu.com/from=0/bd_page_type=1/ssid=0/uid=0/pu=sz%401321_480%2Cta%40utouch___24_86.0%2Cusm%401/baiduid=1A5029B85C0E86CB4C3EC2272EE3B959/w=0_10_/t=wap/l=1/tc,1,100,0
m.baidu.com/from=1020761f/bd_page_type=1/ssid=0/uid=0/pu=usm%402%2Csz%401320_1001%2Cta%40iphone_2_10.0_19_24.3/baiduid=DE7F7C2C4217BA468D265399CD25AD97/w=20_10_/t=iphone/l=1/tc,1,0,217
m.so.com/s,1,0,22
netacad.com,1,0,90
networkx.org,1,0,64
ntp.msn.cn,1,0,0
odoo.com,1,0,79
openclassrooms.com,1,0,1139
oschina.net,1,100,0
packaging.python.org/en/latest/overview,1,0,175
pcschool.com.tw,1,0,24
planetscale.com,1,100,0
presearch.com,1,100,0
pytest-mock.readthedocs.io/en/latest/usage.html,1,0,2195
qwant.com,1,0,15
realpython.com,1,0,167
search.yahoo.com,1,0,0
typing-extensions.readthedocs.io,1,100,0
typing-extensions.readthedocs.io/en/latest/index.html,1,100,0
upgrad.com,1,0,3
uvirtual2.ucsc.cl,1,100,0
youtube.com,1,0,1870
