name,visitors
China,744
United States,665
India,354
Japan,315
Hong Kong,264
Germany,237
Russian Federation,210
Singapore,159
United Kingdom,141
France,106
South Korea,89
Canada,85
Brazil,83
Poland,66
Taiwan,66
Ukraine,59
Italy,54
Australia,53
Spain,53
Netherlands,52
Switzerland,46
Sweden,33
Mexico,31
Israel,29
Colombia,27
Romania,27
Vietnam,26
Austria,24
Indonesia,24
Turkey,24
Finland,20
Iran,19
Pakistan,19
Denmark,18
Malaysia,18
Nigeria,17
Greece,16
Portugal,16
Czechia,15
Ireland,15
Argentina,14
South Africa,14
Belgium,13
Norway,13
Peru,13
Kazakhstan,11
Serbia,11
Thailand,11
Sri Lanka,10
Philippines,10
Saudi Arabia,9
Tunisia,9
Dominican Republic,8
Egypt,8
Lithuania,8
Morocco,8
Mongolia,8
Bangladesh,7
Kenya,7
New Zealand,7
Bulgaria,6
United Arab Emirates,5
Belarus,5
Chile,5
Cyprus,5
Croatia,5
Hungary,5
Nepal,5
Slovakia,5
Cameroon,4
Ghana,4
Moldova,4
Slovenia,4
Benin,3
Iraq,3
Cambodia,3
Myanmar,3
Paraguay,3
Uzbekistan,3
Venezuela,3
Azerbaijan,2
"Congo, The Democratic Republic of the",2
Algeria,2
Madagascar,2
Maldives,2
Malawi,2
Mozambique,2
Oman,2
Panama,2
Senegal,2
Turks and Caicos Islands,2
Togo,2
Afghanistan,1
Armenia,1
Angola,1
Burkina Faso,1
Bahrain,1
Burundi,1
Brunei Darussalam,1
Bolivia,1
Congo,1
Cabo Verde,1
Ecuador,1
Estonia,1
Georgia,1
Jamaica,1
Kyrgyzstan,1
Luxembourg,1
Libya,1
Montenegro,1
Macao,1
Malta,1
Mauritius,1
Qatar,1
San Marino,1
El Salvador,1
Timor-Leste,1
Uruguay,1
Yemen,1
Zimbabwe,1
