name,visitors,bounce_rate,visit_duration
Direct / None,179273,60,124
google.com,139291,58,104
chatgpt.com,35112,70,96
bing.com,29834,63,94
cn.bing.com,8572,50,164
baidu.com/link,5405,50,154
yandex.ru,3468,61,96
search.brave.com,2928,64,97
docs.python.org,2004,53,86
youtube.com,1985,68,85
gemini.google.com,1519,69,97
in.search.yahoo.com,1404,56,134
duckduckgo.com,1351,57,92
link.csdn.net,1048,56,123
copilot.microsoft.com,915,66,93
doubao.com,899,62,121
code.visualstudio.com,859,79,76
so.com/link,743,45,236
search.yahoo.com,736,59,153
search.naver.com,661,49,105
github.com,574,71,51
w3schools.com,563,57,96
google.com.hk,542,51,94
statics.teams.cdn.office.net,431,74,67
claude.ai,386,71,69
android-app://com.google.android.googlequicksearchbox,378,39,108
python.p2hp.com,367,58,129
baidu.com,365,58,135
perplexity.ai,292,68,71
ya.ru,282,55,154
link.zhihu.com,252,55,137
netacad.com,252,77,95
coccoc.com/search,251,53,111
m.baidu.com,248,59,74
pip.pypa.io/en/stable/installation,244,48,90
learn.microsoft.com,239,62,62
github.com/AUTOMATIC1111/stable-diffusion-webui,231,79,86
qiita.com,221,57,131
packaging.python.org/en/latest/tutorials/installing-packages,198,46,129
ecosia.org,197,60,89
wiki.python.org,183,65,107
pytorch.org,180,73,72
bing.com/search,168,44,199
freedidi.com,168,86,58
yuanbao.tencent.com,148,65,150
pypi.org,140,71,39
roadmap.sh,137,66,89
yandex.kz,136,56,158
liaoxuefeng.com,131,81,68
id.search.yahoo.com,130,61,148
yandex.com.tr,130,64,67
peps.python.org,123,42,100
github.com/cgohlke/win_arm64-wheels,121,80,58
geeksforgeeks.org,117,74,92
br.search.yahoo.com,113,61,104
udemy.com,110,86,57
event.webinarjam.com,109,67,112
sogou.com/link,100,47,173
chat.baidu.com,98,59,163
realpython.com,96,57,133
yandex.by,95,65,55
python.jp,93,38,113
classroom.google.com,89,73,128
search.yahoo.co.jp,85,58,119
m.search.naver.com,82,54,25
runoob.com,82,74,44
dotiromoook.tistory.com/32,80,48,39
jianshu.com,80,85,113
google.co.in,79,43,128
python.org.br,78,70,197
sukkiri.jp/technologies/processors/python/python%E3%81%AE%E3%82%A4%E3%83%B3%E3%82%B9%E3%83%88%E3%83%BC%E3%83%AB%E6%96%B9%E6%B3%95windows%E7%B7%A8.html,75,45,118
cloud.google.com,74,72,32
ai.google.dev,70,82,27
yandex.ru/clck/jsredir,69,57,148
yandex.ru/search,69,44,122
blog.naver.com/PostView.naver,62,61,93
ph.search.yahoo.com,61,68,110
vn.search.yahoo.com,61,56,233
devguide.python.org/versions,60,72,71
cnblogs.com,58,59,167
soroban.highreso.jp,58,80,110
lms.ev.org.br,56,88,69
courses.edx.org,54,75,45
mx.search.yahoo.com,54,70,87
spotdl.github.io,53,23,87
datacamp.com,52,81,87
l.facebook.com,52,67,86
a14121-73652429.cluster211.canvas-user-content.com/courses/14121~4611/files/14121~73652429/course%20files/lsti/LSTI2305_v2/explicas/tema-02.html,51,19,554
openclassrooms.com,49,64,77
pygame.org,49,51,82
github.com/spotDL/spotify-downloader/blob/master/docs/installation.md,48,22,129
a14121-73652429.cluster211.canvas-user-content.com/courses/14121~4611/files/14121~73652429/course%20files/lsti/LSTI2305_v2/v1/index.html,47,48,439
co.search.yahoo.com,47,58,180
enlacesnintricks.blogspot.com,47,69,104
google.ru,47,68,10
scikit-learn.org,47,53,192
discuss.python.org,45,70,56
kone.gg,45,93,10
online-python.com,45,60,23
fr.search.yahoo.com,44,45,99
uk.search.yahoo.com,44,76,51
weel.co.jp,43,56,57
sky.pro,42,56,125
web.telegram.org,42,74,113
chat.chatbot.app,41,60,157
qwant.com,41,40,103
python.uihtm.com,40,66,93
esphome.io,39,82,47
poe.com,39,59,100
pythoncentral.io,39,49,259
cloud.tencent.com/developer/tools/blog-entry,38,54,111
practicum.yandex.ru/blog/kak-ustanovit-python-na-kompyuter,38,31,100
py4e.com,37,70,67
pythonguis.com,37,59,66
tongyi.com,37,53,176
blackbox.ai,36,55,165
blog.csdn.net/sensen_kiss/article/details/141940274,36,56,124
github.com/hect0x7/JMComic-Crawler-Python,36,42,89
m365.cloud.microsoft,36,67,21
blog.pyq.jp,35,20,143
ursinaengine.org,35,69,28
cursos.alura.com.br,34,71,132
google.co.uk,33,67,29
automatetheboringstuff.com,32,72,41
docs.pingcode.com,32,44,262
github.com/megadose/toutatis,32,59,39
pythongeeks.org,32,66,225
rivery.io,32,50,122
en.wikipedia.org,31,48,134
gradio.app,31,68,76
pythoninsider.blogspot.com,30,77,115
amuletmc.com,29,70,34
chat.z.ai,29,59,257
github.com/chandansgowda/learn-python-in-kannada/blob/main/notes/1.md,29,38,202
tongyi.com/qianwen,29,45,194
yuque.com,29,59,225
127.0.0.1,28,75,37
aisearch.sogou.com/link,28,50,236
asreview.nl,28,69,150
edube.org/learn/pe-1/begin-your-python-journey-22,28,79,76
github.com/loxy0dev/RedTiger-Tools,28,77,59
pe.search.yahoo.com,28,79,43
pip.pypa.io,28,36,57
th.search.yahoo.com,28,66,106
sites.google.com,27,63,137
github.com/baihengaead/wifi-crack-tool,26,65,41
ithelp.ithome.com.tw,26,50,24
tutorial.djangogirls.org,26,46,238
cs50.readthedocs.io/python,25,64,50
docs.espressif.com,25,72,57
docs.platformio.org,25,76,148
github.com/IIC2233/Syllabus/wiki/4.-Software-Obligatorio,25,60,84
javadrive.jp,25,31,61
m.sogou.com,25,52,35
doc.courtbouillon.org,24,92,31
docs.qq.com,24,88,18
docs.reportlab.com,24,62,42
github.com/clrfl/wplaceOverlay,24,50,50
dropbox.com,23,83,96
es.search.yahoo.com,23,78,10
namskeidpython.up.railway.app,23,39,189
ntp.msn.com,23,54,78
practicum.yandex.ru,23,91,103
romptn.com/article/5211,23,65,280
tutorialspoint.com,23,72,66
worthytutors.com,23,65,277
cl.search.yahoo.com,22,68,10
s3.eu-west-1.amazonaws.com,22,86,26
tw.search.yahoo.com,22,55,71
au.search.yahoo.com,21,73,61
gall.dcinside.com/mgallery/board/view,21,90,93
google.com.vn,21,55,133
sg.search.yahoo.com,21,52,104
tr.search.yahoo.com,21,76,33
digitalocean.com,20,60,615
google.co.kr,20,48,39
metanit.com,20,52,107
mooc.fi,20,85,6
moodle.ufrgs.br,20,71,99
yutu.cn,20,60,62
ar.search.yahoo.com,19,74,4
codecademy.com,19,74,6
coursemology3.s3.ap-southeast-1.amazonaws.com,19,58,62
de.search.yahoo.com,19,55,21
gist.github.com,19,68,60
github.com/xxreflextheone/AI-Aimbot,19,79,23
google.de,19,89,6
lmarena.ai,19,74,87
ntp.msn.cn,19,58,179
pyfound.blogspot.com,19,40,345
randomnerdtutorials.com,19,79,12
ru.wikipedia.org,19,42,61
ca.search.yahoo.com,18,61,100
drive2.ru,18,72,18
challenge.hennge.com,17,65,335
docs.zephyrproject.org,17,71,39
gammasoft.jp,17,53,115
google.com.au,17,53,51
namu.wiki,17,56,27
packaging.python.org,17,47,199
skillbox.ru,17,65,57
ai-kenkyujo.com,16,44,213
colstate.view.usg.edu,16,56,134
csc.edu.vn,16,38,69
github.com/Asabeneh/30-Days-Of-Python/blob/master/readme.md,16,50,199
google.ca,16,69,86
google.fr,16,75,59
it.search.yahoo.com,16,82,5
l.messenger.com,16,75,26
link.juejin.cn,16,75,25
m.facebook.com,16,56,136
programiz.com,16,81,10
tensorflow.org,16,47,255
a14121-73652431.cluster211.canvas-user-content.com/courses/14121~4611/files/14121~73652431/course%20files/lsti/LSTI2305_v2/v2/index.html,15,60,59
canva.com,15,81,570
dataquest.io,15,80,3
droidwin.com,15,60,196
lms.yandex.com,15,80,95
matplotlib.org,15,73,26
microsoft.github.io,15,87,8
nexusmods.com,15,73,72
notebooks.githubusercontent.com,15,67,24
pandas.pydata.org,15,73,11
pcschool.com.tw,15,40,114
search.gaming-house.net/serp,15,47,367
sysnettechsolutions.com/en/fix-python-win32api-virtualbox,15,75,37
virtual.grado.ungs.edu.ar,15,73,63
wikidocs.net,15,60,52
codelv.com,14,86,15
docs.streamlit.io,14,73,56
github.com/Blank-c/Blank-Grabber,14,29,78
github.com/cgohlke/numpy-mkl-wheels,14,71,82
instaloader.github.io,14,36,147
login.microsoftonline.com,14,87,69
mkdocs.org,14,43,69
music21.org,14,93,116
pip.pypa.io/en/latest/installation,14,64,66
python.p2hp.com/downloads,14,29,379
pythontest.com,14,14,137
theforage.com,14,86,24
unogeeks.com,14,44,258
w3school.com.cn,14,25,168
yandex.uz,14,36,219
away.vk.com,13,69,10
blog.data101.io/318,13,85,126
copilot.cloud.microsoft,13,57,83
developers.google.com,13,69,26
docs.google.com,13,64,88
gamebanana.com,13,69,39
github.com/antistoper/gift-drainer,13,54,222
google.co.jp,13,38,110
google.com.br,13,54,91
google.com.tr,13,69,210
newsuk1.com,13,77,9
pythonworld.ru/osnovy/skachat-python.html,13,15,225
pyzo.org,13,54,84
safe.menlosecurity.com,13,62,202
source.android.com,13,38,41
tapnav.com,13,100,0
wenxiaobai.com,13,38,91
ya.ru/search,13,46,49
app.aluracursos.com,12,100,0
cgohlke.com,12,92,1
confluence.oraclecorp.com,12,85,5
endoflife.date,12,62,130
freecodecamp.org/news/the-python-handbook,12,42,64
futurelearn.com,12,58,207
geekchamp.com,12,50,109
gitee.com,12,69,100
github.com/AUTOMATIC1111/stable-diffusion-webui/wiki/Dependencies,12,75,143
github.com/notasnek/roblox-autojoiner,12,54,171
linkedin.com,12,67,42
mathworks.com,12,58,71
pymacrorecord.com,12,50,116
quantrimang.com,12,50,36
reddit.com,12,92,11
spotdl.readthedocs.io/en/latest/installation.html,12,33,83
timeweb.cloud,12,50,50
btcrecover.readthedocs.io/en/latest/INSTALL,11,64,74
chat.zalo.me,11,58,296
docstring.fr,11,55,59
google.com.tw,11,54,105
l.instagram.com,11,73,94
learn.online-python.com,11,45,88
malaysia.search.yahoo.com,11,58,142
packaging.python.org/en/latest/guides/installing-using-pip-and-virtual-environments,11,55,29
pagekite.net,11,45,359
pythonjobshq.com,11,50,56
robotframework.org,11,64,14
search.daum.net/search,11,55,37
session.vedantu.com,11,58,310
space.coze.cn,11,55,139
steamcommunity.com,11,73,8
uvle.upd.edu.ph,11,73,382
virtualenv.pypa.io/en/latest/installation.html,11,91,142
a14121-73652429.cluster211.canvas-user-content.com,10,36,184
badcaps.net,10,70,50
bitbucket.org,10,50,277
cainiaojc.com,10,67,74
campusvirtual.unm.edu.ar,10,70,456
