property,value,visitors,events,percentage
url,(none),4556,6968,100.0
url,https://www.python.org/,32,35,0.7
url,https://en.wikipedia.org/wiki/NaN#Floating_point,5,7,0.1
url,https://en.wikipedia.org/wiki/C11_(C_standard_revision)#Optional_features,3,4,0.1
url,https://en.wikipedia.org/wiki/Timsort,2,2,0.0
url,https://github.com/python/cpython/tree/3.13/Lib/codecs.py,2,2,0.0
url,https://peps.python.org/pep-0387/,2,2,0.0
url,https://peps.python.org/pep-0636/,2,2,0.0
url,https://tkdocs.com/,2,2,0.0
url,https://wiki.python.org/moin/PythonSpeed/PerformanceTips,2,2,0.0
url,https://core.tcl.tk/tips/doc/trunk/tip/48.md,1,2,0.0
url,https://discuss.python.org/c/documentation/26,1,1,0.0
url,https://en.cppreference.com/w/c/11,1,1,0.0
url,https://en.wikipedia.org/wiki/Backus%E2%80%93Naur_form,1,1,0.0
url,https://en.wikipedia.org/wiki/Cryptographic_hash_function#Attacks_on_cryptographic_hash_algorithms,1,1,0.0
url,https://github.com/python/cpython/tree/3.13/Lib/ctypes,1,1,0.0
url,https://github.com/python/cpython/tree/3.13/Lib/graphlib.py,1,1,0.0
url,https://github.com/python/cpython/tree/3.13/Lib/tkinter/__init__.py,1,1,0.0
url,https://github.com/python/cpython/tree/3.13/Lib/types.py,1,1,0.0
url,https://github.com/python/cpython/tree/main/Lib/hashlib.py,1,2,0.0
url,https://json.org/,1,1,0.0
url,https://msdn.microsoft.com/en-us/library/windows/desktop/aa364428(v=vs.85).aspx,1,1,0.0
url,https://peps.python.org/pep-0397/,1,1,0.0
url,https://peps.python.org/pep-3119/,1,1,0.0
url,https://pypi.org/,1,1,0.0
url,https://www.sqlite.org/,1,1,0.0
url,https://www.tcl.tk/,1,1,0.0
url,https://www.tcl.tk/man/tcl8.6/TkCmd/contents.htm,1,1,0.0
url,https://www.tkdocs.com/shipman/,1,1,0.0
url,https://www.unicode.org/versions/Unicode15.0.0/ch04.pdf#G134153,1,1,0.0
