name,unique_exits,total_exits,exit_rate
/3.14/using/windows.html,1025,1049,
/3.14/tutorial/index.html,954,986,
/3.14/,423,432,
/3.14/whatsnew/3.14.html,253,259,
/3.14/tutorial/,249,261,
/3.14/index.html,233,240,
/3/,216,216,
/dev/using/windows.html,151,151,
/3.14/tutorial/interpreter.html,136,148,
/zh-cn/3.14/,107,107,
/zh-cn/3.14/tutorial/index.html,91,94,
/3.14/library/functions.html,90,95,
/3.14/library/index.html,89,98,
/3.14/tutorial/appetite.html,87,88,
/3.14/search.html,86,92,
/3.14/tutorial/controlflow.html,80,89,
/3.14/tutorial/introduction.html,80,84,
/3.14/library/stdtypes.html,70,76,
/zh-cn/3.14/library/index.html,59,65,
/3.14/installing/index.html,45,45,
/zh-cn/3.14/library/functions.html,44,46,
/zh-cn/3.14/tutorial/controlflow.html,44,44,
/3.14/tutorial/datastructures.html,43,50,
/el/3.14/index.html,39,39,
/zh-cn/3.14/tutorial/introduction.html,39,42,
/zh-cn/3.14/whatsnew/3.14.html,37,39,
/zh-cn/3.14/library/stdtypes.html,34,38,
/3/tutorial/index.html,33,32,
/el/3.14/contents.html,33,33,
/es/3.14/tutorial/index.html,31,33,
/zh-cn/3.14/search.html,31,31,
/3/using/windows.html,30,30,
/ja/3.14/py-modindex.html,30,30,
/zh-cn/3.14/tutorial/datastructures.html,30,33,
/zh-cn/3.14/index.html,29,31,
/zh-cn/3.14/using/windows.html,28,29,
/zh-cn/3.14/tutorial/interpreter.html,27,28,
/3.14/py-modindex.html,26,26,
/el/3.14/library/sysconfig.html,26,26,
/3.14/reference/index.html,25,25,
/3.14/tutorial/classes.html,25,27,
/3.14/using/mac.html,25,25,
/zh-cn/3.14/download.html,25,25,
/zh-cn/3.14/tutorial/classes.html,25,25,
/el/3.14/extending/index.html,24,24,
/el/3.14/library/pathlib.html,24,24,
/3.14/library/,23,24,
/3.14/library/idle.html,23,25,
/zh-cn/3.14/installing/index.html,23,23,
/zh-cn/3.14/library/idle.html,23,23,
/zh-cn/3.14/contents.html,22,22,
/3.14/download.html,21,21,
/3.14/library/random.html,21,24,
/es/3.14/,21,22,
/3.14/glossary.html,20,20,
/3.14/library/os.html,20,22,
/3.14/library/typing.html,20,20,
/es/3.14/library/functions.html,20,20,
/3.14/library/tkinter.html,19,19,
/3.14/tutorial/modules.html,19,19,
/3/library/index.html,19,19,
/el/3.14/library/imaplib.html,19,19,
/el/3.14/library/site.html,19,19,
/zh-cn/3.14/glossary.html,19,19,
/3.14/library/datetime.html,18,19,
/el/3.14/library/curses.html,18,18,
/el/3.14/library/graphlib.html,18,18,
/el/3.14/library/os.path.html,18,18,
/zh-cn/3.14/tutorial/appetite.html,18,20,
/3.14/reference/datamodel.html,17,18,
/3.14/using/cmdline.html,17,18,
/3.15/,17,17,
/3/library/stdtypes.html,17,17,
/el/3.14/library/enum.html,17,17,
/3.13/,16,16,
/3.14/library/exceptions.html,16,16,
/el/3.14/library/email.policy.html,16,16,
/el/3.14/library/functions.html,16,16,
/es/3.14/tutorial/interpreter.html,16,19,
/zh-cn/3.14/py-modindex.html,16,16,
/3.14/reference/compound_stmts.html,15,17,
/3/library/functions.html,15,15,
/el/3.14/library/importlib.html,15,15,
/el/3.14/library/importlib.resources.abc.html,15,15,
/el/3.14/library/smtplib.html,15,15,
/es/3.14/library/stdtypes.html,15,17,
/pt-br/3.14/,15,15,
/pt-br/3.14/tutorial/index.html,15,16,
/zh-cn/3.14/library/datetime.html,15,15,
/3.14/library/re.html,14,14,
/3.14/using/index.html,14,14,
/3/whatsnew/3.14.html,14,14,
/fr/3.14/,14,14,
/zh-cn/3.14/library/multiprocessing.html,14,14,
/zh-cn/3.14/library/time.html,14,15,
/zh-cn/3.14/library/typing.html,14,14,
/3.14/library/pathlib.html,13,13,
/3/library/idle.html,13,12,
/fr/3.14/search.html,13,14,
/ja/3.14/contents.html,13,13,
