property,value,visitors,events,percentage
url,(none),1908,3227,99.8
url,https://www.python.org/,32,35,1.7
url,https://github.com/python/cpython/tree/3.13/Lib/random.py,3,3,0.2
url,https://github.com/python/cpython/tree/3.13/Lib/idlelib/,2,2,0.1
url,https://github.com/python/cpython/tree/3.13/Lib/venv/,2,2,0.1
url,https://packaging.python.org/pt-br/latest/guides/installing-using-pip-and-virtual-environments/#create-and-use-virtual-environments,2,2,0.1
url,https://www.python.org/doc/versions/,2,2,0.1
url,https://www.tcl.tk/man/tcl8.6/TkCmd/contents.htm,2,2,0.1
url,https://datatracker.ietf.org/doc/html/rfc4180.html,1,1,0.1
url,https://docs.pytest.org/,1,1,0.1
url,https://github.com/python/cpython/blob/main/Doc/library/index.rst,1,1,0.1
url,https://github.com/python/cpython/blob/main/Doc/reference/executionmodel.rst,1,1,0.1
url,https://github.com/python/cpython/issues/83648,1,1,0.1
url,https://github.com/python/cpython/tree/3.13/Lib/os.py,1,1,0.1
url,https://github.com/python/cpython/tree/3.13/Lib/tkinter/__init__.py,1,1,0.1
url,https://invisible-island.net/ncurses/ncurses-intro.html,1,1,0.1
url,https://peps.python.org/pep-0397/,1,1,0.1
url,https://peps.python.org/pep-0703/,1,2,0.1
url,https://termux.dev/en/,1,1,0.1
url,https://www.python.org/downloads/,1,1,0.1
