name,visitors,pageviews,bounce_rate,time_on_page,scroll_depth
/pt-br/3.13/tutorial/index.html,169,247,51,36,53
/pt-br/3/,145,180,46,24,79
/pt-br/3/tutorial/index.html,121,196,71,120,54
/pt-br/3.13/,107,114,45,22,78
/pt-br/3.13/library/index.html,102,175,53,50,40
/pt-br/3.13/search.html,78,129,42,22,71
/pt-br/3.13/tutorial/datastructures.html,68,75,86,100,44
/pt-br/3.13/library/random.html,63,55,83,93,44
/pt-br/3.13/library/venv.html,62,71,87,29,34
/pt-br/3.13/tutorial/interpreter.html,58,61,53,38,71
/pt-br/3.13/library/math.html,57,73,69,119,40
/pt-br/3.13/library/functions.html,50,48,68,77,33
/pt-br/3.13/tutorial/controlflow.html,49,69,71,156,32
/pt-br/3/tutorial/controlflow.html,46,54,84,96,32
/pt-br/3.13/tutorial/introduction.html,45,48,56,130,54
/pt-br/3.13/library/tkinter.html,44,47,67,64,32
/pt-br/3.13/tutorial/classes.html,43,56,82,204,45
/pt-br/3/library/stdtypes.html,43,52,72,70,17
/pt-br/3.13/tutorial/appetite.html,41,39,25,21,84
/pt-br/3/search.html,41,62,55,18,51
/pt-br/3/tutorial/introduction.html,40,47,82,123,65
/pt-br/3.13/library/stdtypes.html,39,44,84,102,40
/pt-br/3/library/index.html,33,35,64,32,39
/pt-br/3/tutorial/,31,33,81,31,60
/pt-br/3.13/library/string.html,30,28,95,84,22
/pt-br/3/tutorial/datastructures.html,30,31,81,144,51
/pt-br/3/library/functions.html,29,27,85,131,43
/pt-br/3/library/os.html,29,32,84,46,21
/pt-br/3/tutorial/interpreter.html,28,27,27,50,83
/pt-br/3.13/contents.html,26,25,20,20,12
/pt-br/3.13/whatsnew/3.13.html,26,27,50,40,36
/pt-br/dev/library/zlib.html,24,25,96,2,13
/pt-br/3.13/howto/logging.html,20,22,71,70,41
/pt-br/3.13/library/datetime.html,20,19,90,108,29
/pt-br/3.13/reference/index.html,19,28,50,17,54
/pt-br/3/library/csv.html,19,21,94,53,44
/pt-br/3.13/using/windows.html,18,19,79,30,43
/pt-br/3/library/math.html,18,24,71,15,23
/pt-br/3/tutorial/appetite.html,18,18,70,110,90
/pt-br/dev/library/venv.html,18,18,100,16,35
/pt-br/3.13/tutorial/modules.html,17,21,50,218,58
/pt-br/3/library/venv.html,17,17,100,35,34
/pt-br/3.13/tutorial/errors.html,16,16,91,83,27
/pt-br/3/tutorial/classes.html,16,18,50,75,48
/pt-br/3.13/library/re.html,15,15,91,56,26
/pt-br/3.13/py-modindex.html,15,18,60,32,48
/pt-br/3/reference/index.html,15,26,33,16,75
/pt-br/3/tutorial/inputoutput.html,15,15,67,30,61
/pt-br/3.13/index.html,14,16,60,105,73
/pt-br/3.13/library/intro.html,14,12,50,69,64
/pt-br/3.13/library/csv.html,13,13,82,43,40
/pt-br/3.13/library/idle.html,13,23,25,38,28
/pt-br/3/whatsnew/3.13.html,13,12,100,21,10
/pt-br/3.13/tutorial/inputoutput.html,12,11,67,216,57
/pt-br/3.13/tutorial/venv.html,11,10,88,17,44
/pt-br/3/library/datetime.html,11,15,67,96,38
/pt-br/3/library/shutil.html,11,13,78,41,40
/pt-br/3/using/android.html,11,17,75,29,87
/pt-br/3.13/glossary.html,10,8,75,75,25
/pt-br/3.13/installing/index.html,10,6,100,9,32
/pt-br/3.13/reference/compound_stmts.html,10,10,100,86,36
/pt-br/3.15/,10,9,50,19,83
/pt-br/3/contents.html,10,14,60,13,15
/pt-br/3/genindex.html,10,12,0,3,99
/pt-br/3.13/library/os.html,9,11,83,20,62
/pt-br/3.13/library/statistics.html,9,8,80,19,19
/pt-br/3.13/reference/lexical_analysis.html,9,9,75,54,62
/pt-br/3.13/download.html,8,13,50,36,88
/pt-br/3.13/library/tk.html,8,9,40,18,42
/pt-br/3.13/library/winsound.html,8,11,0,59,83
/pt-br/3.13/tutorial/,8,11,50,18,65
/pt-br/3.13/using/cmdline.html,8,6,100,8,57
/pt-br/3/library/random.html,8,6,75,53,21
/pt-br/3/py-modindex.html,8,6,50,18,53
/pt-br/3/tutorial/modules.html,8,8,0,30,59
/pt-br/dev/howto/logging.html,8,9,75,112,54
/pt-br/dev/library/subprocess.html,8,8,86,323,25
/pt-br/3.13/library/json.html,7,6,80,58,45
/pt-br/3.13/library/operator.html,7,8,80,13,46
/pt-br/3.13/library/turtle.html,7,7,40,22,22
/pt-br/3.13/reference/datamodel.html,7,5,100,24,75
/pt-br/3/glossary.html,7,9,100,35,16
/pt-br/3/library/,7,12,43,27,31
/pt-br/3/library/time.html,7,8,60,14,12
/pt-br/3/library/tkinter.html,7,7,86,87,21
/pt-br/3/reference/compound_stmts.html,7,7,50,22,20
/pt-br/3/tutorial/errors.html,7,6,67,3,7
/pt-br/3/tutorial/venv.html,7,8,88,10,68
/pt-br/dev/faq/general.html,7,7,67,97,63
/pt-br/dev/tutorial/datastructures.html,7,9,86,18,18
/pt-br/3.12/tutorial/index.html,6,7,50,14,55
/pt-br/3.13/genindex.html,6,10,50,2,97
/pt-br/3.13/library/__main__.html,6,6,100,60,65
/pt-br/3.13/library/exceptions.html,6,5,50,8,50
/pt-br/3.13/whatsnew/changelog.html,6,4,0,11,0
/pt-br/3/installing/index.html,6,6,100,20,58
/pt-br/3/library/argparse.html,6,5,75,29,8
/pt-br/3/library/exceptions.html,6,5,80,8,4
/pt-br/3/library/intro.html,6,6,0,387,63
/pt-br/3/library/unittest.html,6,7,83,182,26
