name,visitors,bounce_rate,visit_duration
Direct / None,216420,59,126
Google,166440,58,108
Bing,51220,58,137
chatgpt.com,36558,70,93
Baidu,8365,51,171
Yandex,6436,61,96
Yahoo!,3545,59,129
Brave,3192,63,97
GitHub,2871,69,86
docs.python.org,2280,53,100
Youtube,2022,68,94
DuckDuckGo,1565,57,102
360.cn,1344,43,285
link.csdn.net,1332,56,124
doubao.com,1193,64,119
code.visualstudio.com,1028,80,80
Naver,939,50,134
copilot.microsoft.com,819,65,135
w3schools.com,568,53,111
python.uihtm.com,431,56,201
Microsoft Teams,406,68,129
q.utoronto.ca,405,74,79
Perplexity,387,64,112
claude.ai,354,71,80
link.zhihu.com,331,56,110
pip.pypa.io,310,47,127
qiita.com,292,63,102
netacad.com,280,73,105
learn.microsoft.com,253,59,118
Ecosia,227,61,124
packaging.python.org,222,43,114
Sogou,195,49,168
wiki.python.org,185,66,122
yuanbao.tencent.com,177,64,129
blog.csdn.net,174,55,126
pytorch.org,169,73,77
liaoxuefeng.com,164,76,92
roadmap.sh,155,67,56
Coccoc,148,51,133
peps.python.org,148,47,106
pypi.org,144,71,65
ai.google.dev,139,73,123
python.jp,130,48,72
blog.naver.com,125,58,147
sukkiri.jp,119,43,196
python.p2hp.com,118,42,322
Wikipedia,109,39,139
Facebook,108,73,43
udemy.com,106,78,138
chat.baidu.com,103,62,129
geeksforgeeks.org,100,68,74
discuss.python.org,98,67,116
byui-cse.github.io,97,80,86
realpython.com,96,70,85
runoob.com,96,74,68
dotiromoook.tistory.com,95,49,94
quark.cn,95,51,195
tongyi.com,94,58,170
jianshu.com,90,76,141
courses.torontomu.ca,85,60,123
Qwant,84,54,65
docs.reportlab.com,81,68,88
Vkontakte,77,58,60
mycourses.aalto.fi,76,79,76
devguide.python.org,74,58,51
scikit-learn.org,73,68,67
python.org.br,72,75,116
us.prairielearn.com,71,79,23
mooc2-ans.chaoxing.com,70,31,393
lms.ev.org.br,69,72,101
course.cse.ust.hk,66,70,121
cloud.tencent.com,65,42,182
edube.org,65,78,147
online-python.com,65,60,78
pyzo.org,65,36,184
Telegram,64,74,32
docs.pingcode.com,64,48,148
Gmail,63,69,60
pyfound.blogspot.com,62,64,70
soroban.highreso.jp,59,84,62
chat.qwen.ai,56,77,36
freedidi.com,56,86,52
w3school.com.cn,55,46,155
pygame.org,54,48,65
cnblogs.com,53,51,168
openclassrooms.com,53,74,52
blog.pyq.jp,51,37,86
aisearch.sogou.com,50,53,171
gamebanana.com,50,58,80
pythonguis.com,50,60,94
127.0.0.1,47,75,86
kone.gg,47,96,14
notebooks.githubusercontent.com,47,60,158
enlacesnintricks.blogspot.com,46,93,7
courses.edx.org,45,81,142
i-learn.co.il,45,96,1
LinkedIn,44,77,7
ithelp.ithome.com.tw,43,47,88
opavote.com,42,62,156
medium.com,41,78,23
odin.study,41,85,10
pythongeeks.org,41,57,69
skilladd.org,40,75,28
tutorialspoint.com,39,77,116
pythoncentral.io,38,67,62
sitescours.monportail.ulaval.ca,38,72,137
poe.com,37,76,26
dzen.ru,36,61,158
s3.amazonaws.com,36,64,110
docs.qq.com,35,72,128
cs50.readthedocs.io,34,56,160
rivery.io,34,54,96
yuque.com,34,68,176
amuletmc.com,33,58,159
swamiiyer.net,33,67,404
espacioeducativo.infotec.mx,32,73,74
py4e.com,32,76,4
cursos.alura.com.br,31,69,70
sky.pro,31,45,118
ursinaengine.org,31,65,168
brightspace.cuny.edu,30,67,74
edge.edx.org,30,90,70
source.android.com,30,29,91
chat.z.ai,29,53,225
idle.org.cn,29,79,41
metanit.com,29,62,47
introcomp.mit.edu,28,83,6
blackbox.ai,27,63,44
courses.cscc.edu,27,70,182
fileadmin.cs.lth.se,27,68,36
freecodecamp.org,27,50,168
lmarena.ai,27,62,109
skillbox.ru,27,70,112
ai-kenkyujo.com,26,35,35
automatetheboringstuff.com,26,65,116
codecademy.com,26,82,11
esphome.io,26,85,33
programminginception.com,26,50,295
slate.sheridancollege.ca,26,70,105
docs.platformio.org,25,72,35
Instagram,24,60,65
avenue.cllmcmaster.ca,24,80,74
docs.espressif.com,24,83,45
ntp.msn.cn,24,58,212
cainiaojc.com,23,65,37
namu.wiki,23,79,21
Reddit,22,64,94
datasciencepartners.nl,22,77,5
weel.co.jp,22,70,171
yutu.cn,22,36,136
Daum,21,62,34
doc.courtbouillon.org,21,100,0
lms.skillfactory.ru,21,71,84
revel-ise.pearson.com,21,76,174
wenxiaobai.com,21,62,111
hackernoon.com,20,50,310
hanze-hbo-ict.github.io,20,33,203
huntercsci127.github.io,20,43,188
m.blog.naver.com,20,70,13
m.so.com,20,70,155
mooc.fi,20,55,144
randomnerdtutorials.com,20,50,95
digipedia.tudelft.nl,19,75,154
droidwin.com,19,89,78
internet-start.net,19,42,125
javadrive.jp,19,37,44
timeweb.cloud,19,37,145
worthytutors.com,19,47,56
Mail.ru,18,89,12
codelv.com,18,42,242
datacamp.com,18,50,282
developer.mozilla.org,18,44,128
gamma.app,18,72,34
moodle2526.vtc.edu.hk,18,48,738
myclassroom.apus.edu,18,39,246
romptn.com,18,74,142
asreview.nl,17,83,353
brightspace.usc.edu,17,88,4
chat.chatbot.app,17,61,79
courses.maine.edu,17,71,81
endoflife.date,17,78,9
gradio.app,17,76,30
instaloader.github.io,17,33,425
john-abbott-college.github.io,17,55,342
pagekite.net,17,53,317
pythononlinecompiler.ru,17,65,244
pythontest.com,17,24,290
space.coze.cn,17,76,50
ttech2025.github.io,17,29,404
vocus.cc,17,76,21
wps.xmu.edu.cn,17,59,172
aicht-fh-cp.gl01.fujifilm-intra.com,16,44,43
coderivers.org,16,75,114
dropbox.com,16,88,35
futurelearn.com,16,75,36
help.aliyun.com,16,81,45
music21.org,16,81,91
odoo.com,16,82,45
pandas.pydata.org,16,69,14
python-lernen.de,16,44,46
pythonworld.ru,16,44,53
theforage.com,16,81,95
virtual.grado.ungs.edu.ar,16,75,56
wm1881zs6s.feishu.cn,16,75,57
Twitter,15,73,36
canva.com,15,75,56
link.juejin.cn,15,47,59
mkdocs.org,15,40,44
moodle.lut.fi,15,80,127
natechcel.blogspot.com,15,80,15
nexusmods.com,15,80,12
pcschool.com.tw,15,67,117
pythonlinks.python.jp,15,73,200
spotdl.github.io,15,19,178
brightspace.avans.nl,14,43,347
brunch.co.kr,14,86,3
centralesupelec.edunao.com,14,47,89
confluence.oraclecorp.com,14,79,23
euc-word-edit.officeapps.live.com,14,79,148
hovatek.com,14,71,201
inst.eecs.berkeley.edu,14,71,45
lms.nait.ca,14,79,193
portablepython.com,14,79,1
pypistats.org,14,71,49
pythonforege.tilda.ws,14,57,196
s3.eu-west-1.amazonaws.com,14,100,0
samuelodekunle.medium.com,14,71,10
tutorial.djangogirls.org,14,47,134
auto-editor.com,13,62,10
codegenes.net,13,62,449
docs.telethon.dev,13,69,21
gall.dcinside.com,13,77,4
hb.itslearning.com,13,80,52
login.microsoftonline.com,13,46,127
page.itslearning.com,13,92,7
portal.e-yantra.org,13,85,145
4pda.to,12,54,136
badcaps.net,12,92,43
canlidovizfiyatlari.com,12,67,81
comfyit.cn,12,62,236
docstring.fr,12,75,18
gitee.com,12,83,9
learn.online-python.com,12,42,371
lms.human.ua,12,75,3
moodle.nashcc.edu,12,92,2
moodle.taltech.ee,12,64,411
plus.pearson.com,12,58,55
redis.io,12,100,0
sysnettechsolutions.com,12,67,23
unogeeks.com,12,50,69
virtualenv.pypa.io,12,83,92
asta.math.aau.dk,11,82,11
campusvirtual.univalle.edu.co,11,67,154
challenge.hennge.com,11,91,24
cs.nyu.edu,11,64,359
csc.edu.vn,11,18,144
gammasoft.jp,11,64,86
in.accenture.com,11,75,9
l.messenger.com,11,82,8
leanpub.com,11,36,109
matplotlib.org,11,55,265
n.cn,11,73,360
on.fiap.com.br,11,64,14
online.hfcc.edu,11,100,0
patreon.com,11,82,29
pydoc.pages.taltech.ee,11,92,0
sejuku.net,11,27,93
spectrum20.tistory.com,11,100,0
usc-word-edit.officeapps.live.com,11,73,55
wikidocs.net,11,55,25
xdaforums.com,11,73,78
yyoossk.blogspot.com,11,36,64
belajarpython.com,10,90,2
campusvirtual.issd.edu.ar,10,80,18
cgohlke.com,10,90,3
csusb.instructure.com,10,73,62
ctccs.blackboard.com,10,100,0
docs.opencv.org,10,80,104
docs.zephyrproject.org,10,90,18
drive2.ru,10,90,18
ecovacs.feishu.cn,10,42,480
formulae.brew.sh,10,60,13
idealab.alibaba-inc.com,10,30,133
inside-docupedia.bosch.com,10,70,181
mhammond.github.io,10,90,1
mobiletips.in,10,20,192
mooc1.chaoxing.com,10,27,639
mycourses.cnm.edu,10,50,21
post_page-----c346a005f420---------------------------------------,10,70,102
pythoninstitute.org,10,60,9
robotframework.org,10,90,3
shrddr.github.io,10,80,16
teletype.in,10,67,379
typing.python.org,10,60,20
velog.io,10,50,186
vle.mona.uwi.edu,10,90,0
xrds.myschoolapp.com,10,46,46
zulko.github.io,10,30,113
boot.dev,9,78,16
brian0111.com,9,33,26
