name,visitors,bounce_rate,visit_duration
378623400,6,100,0
sty_search:s_none:cid_117714809:gid_5535966308:pid_54187282208:aid_16807763345:crid_0:rid_54187282208:p_1:pty_premium:mty_:mkw_:dty_desktop:cgcid_0:rn_Санкт-Петербург:rid_2,2,50,30
sty_search:s_none:cid_118128484:gid_5541029357:kw_скачать python:pid_55129022894:aid_16844097883:crid_0:rid_55129022894:p_1:pty_premium:mty_:mkw_:dty_desktop:cgcid_0:rn_Казань:rid_43,2,0,242
2,1,100,0
inline-mention,1,100,0
sty_search:s_none:cid_117714809:gid_5535966308:pid_54187282208:aid_16807763345:crid_0:rid_54187282208:p_1:pty_premium:mty_:mkw_:dty_mobile:cgcid_0:rn_Москва:rid_213,1,100,0
sty_search:s_none:cid_118128484:gid_5541029357:kw_скачать python:pid_55129022894:aid_16844097883:crid_0:rid_55129022894:p_2:pty_premium:mty_:mkw_:dty_desktop:cgcid_0:rn_Улан-Удэ:rid_198,1,0,59
sty_search:s_none:cid_118128484:gid_5541029357:kw_скачать python:pid_55129022894:aid_16844097883:crid_0:rid_55129022894:p_2:pty_premium:mty_:mkw_:dty_mobile:cgcid_0:rn_Москва:rid_213,1,0,206
