name,visitors
Tokyo,220
Singapore,176
Bengaluru,151
Beijing,151
Shanghai,150
Hong Kong,130
Guangzhou,128
Chennai,110
Istanbul,101
Hyderabad,101
Paris,101
Los Angeles,101
Mumbai,91
Ho Chi Minh City,77
São Paulo,73
Pune,72
Madrid,72
Moscow,70
Hanoi,68
Taipei,67
Frankfurt am Main,67
New Delhi,66
Hangzhou,66
Shenzhen,63
Warsaw,62
Bogotá,62
London,56
Zhengzhou,54
Tashkent,53
Lagos,52
Xi’an,50
Jakarta,49
Wuhan,49
Barcelona,48
Cairo,47
Chengdu,47
Lima,46
Kyiv,45
Milan,45
N/A,44
Rome,42
Nairobi,41
Bangkok,40
Delhi,39
Nanjing,39
Sydney,39
Santiago,39
Qingdao,38
Munich,36
New York City,36
Tehran,35
Osaka,35
Chicago,35
Kolkata,33
Dubai,32
Lucknow,30
San Jose,30
Minsk,29
Ahmedabad,29
Rio de Janeiro,29
Toronto,29
Riyadh,28
Coimbatore,28
Chongqing,28
Amsterdam,28
Lahore,27
Patna,27
Brussels,27
Guayaquil,27
Almaty,26
Tianjin,26
Abidjan,26
Dublin,26
Santo Domingo,26
Seattle,26
Jeddah,25
Johannesburg,25
Suwon,25
Medellín,25
Denver,25
Saint Petersburg,24
Indore,24
Bhopāl,24
Seoul,24
Brasília,24
Dallas,24
Amman,23
Taichung,23
Vienna,23
Budapest,23
Athens,22
Jaipur,22
Kuala Lumpur,22
Cape Town,22
Sofia,21
Changsha,21
N/A,21
Berlin,21
Charlotte,21
Kharkiv,20
Brisbane,20
Lisbon,20
Casablanca,20
Manchester,20
Karachi,19
Guwahati,19
Zürich,19
Stockholm,19
Hamburg,19
Belo Horizonte,19
Quito,19
Atlanta,19
Ankara,18
Addis Ababa,18
Helsinki,18
Lviv,18
Cochin,18
Kathmandu,18
Bishkek,18
Melbourne,18
Brooklyn,18
Montréal,18
Baku,17
Islamabad,17
Nur-Sultan,17
Accra,17
Kraków,17
Philadelphia,17
Houston,17
Giza,16
Wuhu,16
Lanzhou,16
Incheon,16
Suzhou,16
Algiers,16
Prague,16
Managua,16
Bucharest,15
Bhubaneshwar,15
Dongguan,15
Yaoundé,15
Málaga,15
Boston,15
Noida,15
Baghdad,14
Agra,14
Kaohsiung,14
N/A,14
Nagoya,14
Douala,14
Rabat,14
Marrakesh,14
Toulouse,14
Marseille,14
Lyon,14
Fortaleza,14
Salvador,14
Gustavo Adolfo Madero,14
Dnipro,13
Dhaka,13
Colombo,13
Guntur,13
Bandar Lampung,13
Hefei,13
Dalian,13
Perth,13
Dakar,13
Abuja,13
Lomé,13
Valencia,13
Lausanne,13
Göteborg,13
Florence,13
Campinas,13
Mexico City,13
Guatemala City,13
Caracas,13
La Paz,13
İzmir,12
Rostov-na-Donu,12
Nizhniy Novgorod,12
Belgrade,12
Gurgaon,12
Yekaterinburg,12
Bandung,12
Quezon City,12
Ningbo,12
Fuzhou,12
San José,12
Guadalajara,12
Miami,12
Salt Lake City,12
Pretoria,11
Visakhapatnam,11
Meerut,11
Shijiazhuang,11
N/A,11
Tunis,11
Porto,11
Stuttgart,11
Köln,11
Poznań,11
Oslo,11
N/A,11
Curitiba,11
Fort Worth,11
Phoenix,11
Kampala,10
Ufa,10
Salem,10
Krasnoyarsk,10
Makassar,10
Chang-hua,10
Phnom Penh,10
Goyang-si,10
Yokohama,10
Seongnam-si,10
Cotonou,10
Murcia,10
Recife,10
Manaus,10
Ashburn,10
Dar es Salaam,9
Alexandria,9
Vilnius,9
Tbilisi,9
Bursa,9
Ranchi,9
Raipur,9
Nashik,9
Nagpur,9
Madurai,9
Kanpur,9
Chandīgarh,9
Novosibirsk,9
Chelyabinsk,9
Jinan,9
N/A,9
Ouagadougou,9
Fès,9
Nottingham,9
Nijmegen,9
Santo André,9
Cartagena,9
Bucaramanga,9
Panamá,9
Benito Juarez,9
Rosario,9
Mendoza,9
Minneapolis,9
San Francisco,9
Santa Clara,9
Calgary,9
N/A,9
Nicosia,8
Kuwait City,8
Tel Aviv,8
Odessa,8
Surabaya,8
Nanchang,8
Guiyang,8
Namyangju,8
Adelaide,8
Genève,8
Karlsruhe,8
Hannover,8
Wrocław,8
Venice,8
Naples,8
Bologna,8
São Luís,8
Puebla,8
Iztapalapa,8
Tegucigalpa,8
Ciudad Juárez,8
Fort Lauderdale,8
Austin,8
Las Vegas,8
Vancouver,8
N/A,8
Medina,7
Dammam,7
Doha,7
Samara,7
Krasnodar,7
Sumy,7
Thessaloníki,7
Mangalore,7
Ludhiāna,7
Taoyuan,7
Xiamen,7
Changzhou,7
Cheongju-si,7
Anyang-si,7
Kinshasa,7
Southampton,7
Edinburgh,7
Delft,7
Almere Stad,7
Leipzig,7
