name,visitors,bounce_rate,visit_duration
Direct / None,3371,64,228
Bing,810,70,99
Google,642,80,86
Baidu,582,80,84
python.org,110,0,376
codecademy.cn,68,61,91
link.zhihu.com,39,68,29
chatgpt.com,26,70,245
doubao.com,14,75,243
Shenma,12,67,4
360.cn,8,100,0
GitHub,8,80,74
link.csdn.net,8,88,13
python.p2hp.com,7,0,343
oi-wiki.org,6,83,29
runoob.com,6,50,226
cnblogs.com,5,100,0
DuckDuckGo,3,67,506
blog.csdn.net,3,100,0
c.biancheng.net,3,100,0
copilot.microsoft.com,3,0,223
fastapi.tiangolo.com,3,100,0
Sogou,2,100,10
Yandex,2,100,0
acwing.com,2,50,312
byhy.net,2,0,4
codernav.com,2,50,4
docs.scrapy.org,2,0,1524
htoj.com.cn,2,0,362
idealab.alibaba-inc.com,2,100,0
link.segmentfault.com,2,100,96
m.so.com,2,50,66
n.cn,2,50,12
pyloong.github.io,2,100,0
pythoninsider.blogspot.com,2,0,392
quickref.cn,2,100,0
scnb8krtps87.feishu.cn,2,33,2534
sm.cn,2,50,867
v2download.com,2,100,0
vcny195fbfxd.feishu.cn,2,50,442
45.197.146.51,1,0,74
baike.baidu.com,1,0,2
bettercoding404.github.io,1,0,1839
bytedance.larkoffice.com,1,100,0
cd.xrnm.xyz,1,100,0
chat.baidu.com,1,0,602
cloud.siliconflow.cn,1,0,4
codemao.yuque.com,1,0,511
dev.qweather.com,1,0,477
docs.pingcode.com,1,0,37
ima.qq.com,1,0,12
kdding.github.io,1,0,38
kivy.org,1,0,0
link.juejin.cn,1,100,0
lixiaolai.com,1,0,57
modevol.com,1,100,0
moodle-ucic.axis.navitas.com,1,0,147
numba.readthedocs.io,1,0,0
numpy.org,1,0,966
oi.wiki,1,100,0
opencsg.com,1,0,17
python.github.net.cn,1,0,46
roadmap.sh,1,0,622
sanxia.opencsg.com,1,0,85
share.wisdompulse.cn,1,100,0
t6ixa9nyl6.jiandaoyun.com,1,100,0
tensorflow.org,1,0,160
tongyi.com,1,100,0
vimsky.com,1,0,323
vip3.byhy.net,1,0,408
web.shanbay.com,1,100,0
wenxiaobai.com,1,0,24
wiki.python.org,1,0,0
wiki.sipeed.com,1,0,13
yikecode.yuque.com,1,0,0
yuanbao.tencent.com,1,100,0
yuque.antfin.com,1,100,0
zeeklog.com,1,0,872
