name,version,visitors
Windows,10,9833
Mac,10.15,3034
GNU/Linux,(not set),1038
Android,10,736
Ubuntu,(not set),281
iOS,18.5,278
Android,15,36
Android,12,35
Chrome OS,14541.0,35
Android,13,26
Windows,7,24
Android,11,22
Android,14,21
iOS,18.4,14
iOS,18.3,9
HarmonyOS,(not set),8
Mac,10.13,8
iOS,19.0,8
iOS,17.7,7
iOS,16.7,6
iOS,17.5,5
Android,8.1,5
Windows,8.1,5
iOS,17.6,4
iOS,18.0,4
iOS,18.1,4
Windows,(not set),3
iOS,12.5,3
Android,16,3
iOS,17.3,3
Mac,10.11,2
iOS,15.8,2
iOS,16.0,2
iOS,16.6,2
iOS,17.1,2
Android,6.0,2
Fire OS,8,2
Android,8.0,2
Mac,(not set),1
Android,(not set),1
Fedora,(not set),1
Mac,10.12,1
Mac,10.14,1
iOS,11.0,1
iOS,12.0,1
Chrome OS,12371.89,1
iOS,14.0,1
iOS,15.7,1
iOS,16.1,1
iPadOS,16.2,1
iOS,16.2,1
iOS,16.5,1
iOS,17.4,1
iPadOS,17.7,1
iOS,18.6,1
HarmonyOS,2.2,1
Android,7.1,1
Android,9,1
Windows,XP,1
