name,visitors
Guangdong,760
Shanghai,428
Jiangsu,358
Beijing,329
Zhejiang,259
California,234
Tokyo,182
Shandong,168
Sichuan,150
Hebei,120
Shaanxi,112
Henan,95
Hubei,92
Fujian,77
Hunan,75
Ho Chi Minh City,74
Taipei,59
Tianjin,57
Kwai Tsing New Territories,56
Liaoning,54
Hanoi,49
Anhui,40
Chongqing,40
Washington,26
Kowloon City Kowloon,22
Taichung,20
Tsuen Wan New Territories,19
Ontario,18
Haiphong,17
Guizhou,16
New York,15
Oregon,15
Illinois,13
Guangxi,12
Yunnan,12
Shanxi,11
Virginia,11
Da Nang,11
New Jersey,10
Utah,10
Uusimaa,9
Sai Kung New Territories,9
New Taipei,9
Thanh Hóa,9
Gansu,8
Jiangxi,8
Seoul,8
Tainan,8
New South Wales,7
England,7
Kanagawa,7
Osaka,6
Kuala Lumpur,6
Texas,6
Tây Ninh,6
Hesse,5
Île-de-France,5
Chiba,5
North Holland,5
Changhua,5
Hsinchu,5
South Carolina,5
Thái Bình,5
Jilin,4
Meknès-Tafilalet,4
Selangor,4
Kaohsiung,4
Pennsylvania,4
Khánh Hòa,4
Western Australia,3
São Paulo,3
Heilongjiang,3
Bavaria,3
Gujarat,3
Lima,3
Port Moresby,3
Bangkok,3
Florida,3
Gauteng,3
Minas Gerais,2
Rio de Janeiro,2
Quebec,2
Aargau,2
Andhra Pradesh,2
Uttar Pradesh,2
Incheon,2
Johor,2
Västra Götaland,2
Ariana,2
Taoyuan,2
Arizona,2
Michigan,2
Ohio,2
Zulia,2
Bắc Ninh,2
Harare,2
Luanda,1
Buenos Aires Province,1
Tierra del Fuego,1
Styria,1
Victoria,1
Bahia,1
Mato Grosso,1
Piauí,1
Paraná,1
Gaborone,1
Minsk,1
Alberta,1
British Columbia,1
Kinshasa,1
Hainan,1
Inner Mongolia,1
Xinjiang,1
Caquetá,1
Baden-Württemberg,1
Alexandria,1
Wan Chai Hong Kong Island,1
Sham Shui Po Kowloon,1
North New Territories,1
Sha Tin New Territories,1
West Java,1
North Sumatra,1
Leinster,1
Delhi,1
Haryana,1
Punjab,1
Erbil,1
Nineveh,1
Lombardy,1
Aichi,1
Phnom Penh,1
Kandal,1
Vientiane,1
Malacca,1
Sabah,1
Putrajaya,1
Auckland,1
Manawatu-Wanganui,1
Lima Region,1
Metro Manila,1
Sindh,1
Mazovia,1
Nišava,1
Moscow,1
Saint Petersburg,1
Volgograd,1
Chiang Mai,1
Tunis,1
Hsinchu County,1
Yunlin,1
Zakarpattia,1
Kyiv,1
Georgia,1
Minnesota,1
Montana,1
North Carolina,1
New Mexico,1
Carabobo,1
Quảng Ngãi,1
Đắk Lắk,1
Bà Rịa–Vũng Tàu,1
Đồng Tháp,1
Bắc Giang,1
North West,1
