name,visitors
Tokyo,920
Osaka,297
Nagoya,69
Yokohama,62
Sapporo,55
Kyoto,44
N/A,44
Singapore,43
Honchō,33
Kawaguchi,32
Fukuoka,30
Hiroshima,28
Hirakata,26
Kawasaki,25
Chengdu,22
Matsudo,18
N/A,18
N/A,18
N/A,17
Hamamatsu,17
Hachiōji,17
N/A,16
N/A,16
N/A,16
Xi’an,15
Shanghai,15
Kobe,15
Suita,14
Kashiwa,14
Chiba,14
N/A,14
Tokushima,13
Guangzhou,12
Niigata,12
Sendai,12
N/A,12
N/A,12
Luoyang,11
Shizuoka,11
Nishinomiya-hama,11
N/A,11
Yokosuka,10
Okazaki,10
N/A,10
Musashino,10
Machida,10
Kumamoto,10
N/A,10
Shenzhen,9
N/A,9
N/A,9
Narita,9
N/A,9
N/A,9
Beijing,8
Utsunomiya,8
Nagano,8
Koshigaya,8
Higashi-ōsaka,8
Fujisawa,8
N/A,8
N/A,8
N/A,8
Tianjin,7
Toyota,7
Toyohashi,7
Matsue,7
N/A,7
Kariya,7
Kanazawa,7
Kamakura,7
Itami,7
Anjō,7
Anan,7
N/A,7
N/A,7
N/A,7
N/A,7
N/A,7
N/A,7
N/A,7
N/A,7
Hyderabad,6
Zhengzhou,6
Jinan,6
Hefei,6
Atsugi,6
Toyama,6
N/A,6
Sakai,6
Ōita,6
Kochi,6
Himeji,6
Matsuyama,6
Jōetsu,6
N/A,6
N/A,6
N/A,6
N/A,6
N/A,6
N/A,6
N/A,6
N/A,6
N/A,6
Wuxi,5
Ningbo,5
Dongguan,5
Tokorozawa,5
Takatsuki,5
Takasaki,5
Oyama,5
Nagasaki,5
Nagareyama,5
Miyazaki,5
N/A,5
Kurume,5
Kokubunji,5
Kasugai,5
Kagoshima,5
Ibaraki,5
N/A,5
Gifu-shi,5
N/A,5
Wakayama,5
Ōtawara,5
Moriya,5
N/A,5
N/A,5
Nanjing,4
Hangzhou,4
Baoding,4
Hong Kong,4
Tanashichō,4
Takamatsu,4
Tajimi,4
Okayama,4
Ōgaki,4
Matsumoto,4
Maebashi,4
N/A,4
Hino,4
N/A,4
Suzhou,4
N/A,4
Fukushima,4
Kamisu,4
Inzai,4
Gujō,4
N/A,4
N/A,4
N/A,4
N/A,4
N/A,4
N/A,4
N/A,4
N/A,4
N/A,4
N/A,4
N/A,4
N/A,4
N/A,4
N/A,4
N/A,4
N/A,4
N/A,4
N/A,4
Shijiazhuang,3
Kunming,3
Dalian,3
Chongqing,3
Changsha,3
Yonago,3
Suzuka,3
Shiki,3
Ōta,3
Obama,3
Numazu,3
Nishio,3
Komaki,3
Kōfu,3
Kasukabe,3
Izumo,3
N/A,3
Fujieda,3
Fuji,3
Chigasaki,3
Amagasaki,3
Okinawa,3
Sayama,3
Asaka,3
Shenyang,3
Changchun,3
N/A,3
Kushiro,3
Hakodate,3
Lawrenceville,3
N/A,3
Umeda,3
Hitachi-Naka,3
Tama,3
Niiza,3
Shimotsuke,3
Nisshin,3
Taizhou,3
N/A,3
N/A,3
N/A,3
N/A,3
N/A,3
N/A,3
N/A,3
N/A,3
N/A,3
Nishitōkyō,3
N/A,3
N/A,3
N/A,3
Korolev,2
Kollam,2
Hanoi,2
Zhenjiang,2
Xinxiang,2
Wuhan,2
Suzhou,2
Quanzhou,2
Qingdao,2
Pingdu,2
Pingdingshan,2
Lanzhou,2
Changzhou,2
Yao,2
N/A,2
Urayasu,2
Uji,2
Ueda,2
Ube,2
N/A,2
N/A,2
N/A,2
Seto,2
Sano,2
Sakado,2
Saga,2
N/A,2
Ōtsu,2
N/A,2
Okegawa,2
Nonoichi,2
Nikkō,2
Nagaoka,2
Moriguchi,2
Kure,2
Kumagaya,2
N/A,2
Kawanishi,2
Kawagoe,2
Kakamigahara,2
Kaizuka,2
N/A,2
Isesaki,2
Ichinomiya,2
N/A,2
Hiratsuka,2
Hannō,2
Hagi,2
Gyōda,2
N/A,2
N/A,2
Fukuyama,2
N/A,2
Ageoshimo,2
Chifeng,2
Adelaide,2
Yamagata,2
Takahagi,2
Mito,2
Mashiko,2
Kaminoyama,2
Hitachi,2
Akita,2
Hirosaki,2
Aomori,2
Bangor,2
Bern,2
Paris,2
Orlando,2
Cupertino,2
Denver,2
N/A,2
Nanto,2
Misato,2
Ōnojō,2
Yamagata,2
Zhongshan,2
N/A,2
N/A,2
N/A,2
N/A,2
N/A,2
N/A,2
