name,unique_exits,total_exits,exit_rate
/es/3/tutorial/,450,460,
/es/3/library/tkinter.html,205,213,
/es/3/tutorial/introduction.html,91,99,
/es/3/tutorial/venv.html,91,92,
/es/3/tutorial/interpreter.html,90,92,
/es/3/tutorial/controlflow.html,82,84,
/es/3/tutorial/index.html,78,81,
/es/3/tutorial/datastructures.html,76,81,
/es/3/library/index.html,71,71,
/es/3/tutorial/appetite.html,60,63,
/es/3/tutorial/classes.html,60,59,
/es/3/library/idle.html,54,54,
/es/3.14/tutorial/index.html,49,51,
/es/3.13/library/tkinter.html,46,48,
/es/3/installing/index.html,43,43,
/es/3/tutorial/errors.html,42,42,
/3/,41,39,
/es/3.14/,40,40,
/es/3/,37,37,
/es/3/library/functions.html,33,34,
/es/3.13/tutorial/index.html,32,32,
/es/3.12/tutorial/index.html,31,32,
/es/3.14/search.html,30,30,
/es/3/library/stdtypes.html,30,31,
/es/3.13/library/functions.html,28,28,
/es/3/library/random.html,27,26,
/es/3.13/tutorial/datastructures.html,26,26,
/es/3/search.html,26,26,
/es/3/library/math.html,25,26,
/es/3.13/library/index.html,24,25,
/es/3/library/datetime.html,24,24,
/es/3.14/library/functions.html,23,24,
/es/3/glossary.html,23,30,
/es/3.15/using/windows.html,22,22,
/es/3/howto/sorting.html,22,22,
/es/3/library/venv.html,22,25,
/es/3.13/tutorial/venv.html,21,22,
/es/3.14/tutorial/introduction.html,21,23,
/es/3/library/argparse.html,21,22,
/es/3/tutorial/inputoutput.html,20,24,
/es/3.14/tutorial/interpreter.html,18,17,
/es/3/library/sqlite3.html,18,18,
/es/3/library/re.html,17,17,
/es/3.13/library/datetime.html,16,16,
/es/3.14/library/stdtypes.html,16,21,
/es/3.14/tutorial/controlflow.html,16,17,
/es/3.14/using/windows.html,16,17,
/es/3/tutorial/modules.html,16,17,
/es/3/howto/logging.html,15,16,
/es/3/library/csv.html,15,15,
/es/3/library/json.html,15,15,
/3.14/using/windows.html,13,13,
/es/3.13/library/idle.html,13,13,
/es/3/library/string.html,13,13,
/es/3/using/windows.html,13,13,
/3.14/tutorial/index.html,12,10,
/es/3.13/library/stdtypes.html,12,12,
/es/3.13/library/tk.html,12,12,
/es/3.14/library/tkinter.html,12,13,
/es/3/library/pathlib.html,12,12,
/es/3/library/shutil.html,12,12,
/3/library/tkinter.html,11,11,
/es/3.13/library/re.html,11,11,
/es/3.13/tutorial/controlflow.html,11,11,
/es/3.14/library/index.html,11,12,
/es/3.14/tutorial/datastructures.html,11,11,
/es/3/download.html,11,11,
/es/3/library/exceptions.html,11,11,
/3/search.html,10,10,
/dev/using/windows.html,10,9,
/es/3.12/tutorial/controlflow.html,10,12,
/es/3.12/tutorial/introduction.html,10,11,
/es/3.14/tutorial/,10,10,
/es/3.14/tutorial/appetite.html,10,10,
/es/3/library/asyncio.html,10,11,
/es/3/using/cmdline.html,10,10,
/es/3.13/search.html,9,9,
/es/3.13/tutorial/classes.html,9,9,
/es/3.13/tutorial/modules.html,9,9,
/es/3/library/__main__.html,9,9,
/es/dev/tutorial/,9,9,
/es/dev/tutorial/controlflow.html,9,9,
/3.14/,8,8,
/3/library/functions.html,8,8,
/3/library/stdtypes.html,8,8,
/3/tutorial/controlflow.html,8,7,
/es/3.13/tutorial/appetite.html,8,12,
/es/3.13/tutorial/interpreter.html,8,8,
/es/3.13/tutorial/introduction.html,8,8,
/es/3.14/download.html,8,8,
/es/3.14/library/math.html,8,10,
/es/3.14/whatsnew/3.14.html,8,8,
/es/3/library/array.html,8,8,
/es/3/library/functools.html,8,9,
/3/library/random.html,7,7,
/es/3.13/installing/,7,7,
/es/3.14/genindex.html,7,8,
/es/3/howto/sockets.html,7,7,
/es/3/library/multiprocessing.html,7,7,
/es/3/library/statistics.html,7,7,
