name,visitors
Seoul,55
N/A,29
N/A,24
Suwon,22
N/A,20
Cheonan,15
Seongnam-si,15
Goyang-si,14
N/A,14
N/A,13
Cheongju-si,11
Gwangju,10
N/A,10
N/A,9
N/A,8
Busan,8
Bucheon-si,8
N/A,8
N/A,8
Sejong,8
Incheon,7
Anyang-si,7
N/A,7
N/A,7
N/A,7
N/A,7
N/A,7
N/A,6
Pohang,6
N/A,6
N/A,6
N/A,6
N/A,5
N/A,5
Hwaseong-si,5
Jeonju,5
N/A,5
N/A,5
N/A,5
Jinan,4
Wŏnju,4
N/A,4
Daejeon,4
Daegu,4
N/A,4
N/A,4
Gyeongsan-si,4
N/A,4
Tokyo,4
N/A,4
N/A,4
N/A,4
N/A,4
Wuxi,3
Tianjin,3
Qingdao,3
Chongqing,3
Yangsan,3
Yangju,3
Uijeongbu-si,3
N/A,3
N/A,3
N/A,3
N/A,3
N/A,3
Changwon,3
Andong,3
Namyangju,3
Gwangmyeong,3
N/A,3
N/A,3
N/A,3
Minsk,2
Hanoi,2
Cà Mau,2
Zhengzhou,2
Wuhan,2
Shanghai,2
Ningbo,2
Nanjing,2
Guangzhou,2
Chengdu,2
Beijing,2
N/A,2
Tangjin,2
Boryeong,2
Seosan,2
Asan,2
Naju,2
Gwangju,2
Kimhae,2
N/A,2
Gapyeong,2
Gangneung,2
Iksan,2
Icheon-si,2
N/A,2
N/A,2
Chuncheon,2
Jeju City,2
Melbourne,2
Islington,2
Zürich,2
New York City,2
Monument,2
Clarence-Rockland,2
N/A,2
N/A,2
Moscow,1
Istanbul,1
Chennai,1
Ambāla,1
Bắc Ninh,1
Taipei,1
Zibo,1
Xiamen,1
Weihai,1
Taiyuan,1
Shijiazhuang,1
Shenzhen,1
Kunming,1
Jining,1
Jiaxing,1
Hangzhou,1
Guiyang,1
Dalian,1
Binzhou,1
Shaoyang,1
Baoding,1
Eisen,1
N/A,1
N/A,1
N/A,1
Yesan,1
N/A,1
Yangp'yŏng,1
N/A,1
Ulsan,1
N/A,1
N/A,1
N/A,1
N/A,1
N/A,1
N/A,1
N/A,1
Osan,1
Kosong,1
Mokpo,1
Gyeongju,1
Guri-si,1
Gunsan,1
N/A,1
N/A,1
Gimcheon,1
N/A,1
Chungju,1
Chinju,1
Ansan-si,1
Kyoto,1
Fukuoka,1
Shenyang,1
Changchun,1
Milan,1
Atlanta,1
College Station,1
Floral Park,1
Española,1
N/A,1
N/A,1
N/A,1
N/A,1
N/A,1
N/A,1
N/A,1
N/A,1
N/A,1
N/A,1
N/A,1
N/A,1
N/A,1
N/A,1
N/A,1
N/A,1
