name,version,visitors
Windows,10,2296
Mac,10.15,370
Android,10,275
GNU/Linux,(not set),236
Ubuntu,(not set),160
iOS,18.3,47
iOS,18.1,39
Android,14,21
Chrome OS,14541.0,19
iOS,18.2,19
Android,13,13
iOS,17.6,13
Android,11,11
Android,12,10
iOS,17.5,10
Windows,7,9
iOS,16.7,8
iOS,16.1,5
iOS,17.2,4
Windows,8.1,4
iOS,17.1,3
iOS,17.3,3
iOS,18.0,3
Android,8.0,3
Mac,10.12,2
Mac,10.13,2
Android,15,2
iOS,15.5,2
iOS,15.6,2
Mac,10.11,1
iOS,14.4,1
iOS,15.3,1
iOS,15.8,1
iOS,16.2,1
iOS,16.3,1
iOS,17.4,1
iPadOS,17.6,1
Android,8.1,1
Android,9,1
