name,visitors,bounce_rate,visit_duration
Google,2375,74,173
Direct / None,744,68,239
Bing,198,65,185
DuckDuckGo,46,59,210
openclassrooms.com,42,81,39
Ecosia,34,73,126
Qwant,34,68,441
python.org,31,0,289
chatgpt.com,29,52,217
Brave,18,87,185
Yahoo!,9,78,5
cavlfo.apprentissageelectroniqueontario.ca,7,86,169
moodle.univ-tlse3.fr,7,71,5
campusnumerique.auf.org,6,43,406
python.sdv.u-paris.fr,5,60,37
wiki.python.org,5,25,165
Baidu,4,100,0
Lilo,4,75,5
learning.esiea.fr,4,100,0
view.genially.com,4,100,0
GitHub,3,67,556
Microsoft Teams,3,100,46
Perplexity,3,67,34
intranet.hbtn.io,3,0,1603
numpy.org,3,0,258
raisintine.fr,3,33,480
192.168.221.1,2,100,0
Youtube,2,0,77
besttechnology.udemy.com,2,100,0
capytale2.ac-paris.fr,2,50,901
chat.mistral.ai,2,50,7
chat.qwenlm.ai,2,100,0
francoisbrucker.github.io,2,50,24
fsg-pax-a-jhn01.fsg.ulaval.ca,2,100,0
internet-start.net,2,100,0
notebooks.gesis.org,2,100,0
pygame.org,2,0,426
python.guillod.org,2,0,1503
127.0.0.1,1,0,29
2iia.com,1,100,0
Reddit,1,0,47
Yandex,1,0,50
afpy.org,1,0,27
boot.dev,1,0,1436
cedric.cnam.fr,1,100,0
code.visualstudio.com,1,0,69
collegeboreal.brightspace.com,1,100,0
cse2.csproject.org,1,100,0
cse2.twilightparadox.com,1,100,0
deusyss.developpez.com,1,100,0
devguide.python.org,1,0,48
digipad.app,1,0,458
discuss.python.org,1,0,917
documents.migale.inrae.fr,1,100,0
elearning.univ-eiffel.fr,1,100,0
fahnd.com,1,100,0
flask.palletsprojects.com,1,0,1096
fsg-pax-p-jhn01.pax.ulaval.ca,1,100,0
humancoders.com,1,0,95
learn.lewagon.com,1,100,0
link.csdn.net,1,0,120
lms.fun-mooc.fr,1,100,0
madoc.univ-nantes.fr,1,0,39
magnard.fr,1,100,0
medium.com,1,100,0
mmorancey.perso.math.cnrs.fr,1,0,1756
moodle.caseine.org,1,100,0
moodle.gymnasedebeaulieu.ch,1,100,0
moodle.henallux.be,1,0,429
networkx.org,1,0,28
oceanhero.today,1,100,0
oraprdnt.uqtr.uquebec.ca,1,0,12
pandas.pydata.org,1,0,1788
paperman.name,1,100,0
pip.pypa.io,1,0,707
portail.lyc-la-martiniere-diderot.ac-lyon.fr,1,100,0
pvsm.ru,1,0,13
pymupdf.readthedocs.io,1,0,52
python.aege.fr,1,100,0
python.doctor,1,0,36
roadmap.sh,1,0,1441
rtavenar.github.io,1,100,0
s.mobisearcher.com,1,100,0
sitescours.monportail.ulaval.ca,1,0,20
snt.42web.io,1,0,976
startpage.com,1,100,0
test.python.org,1,0,16
udemy.com,1,0,9
zestedesavoir.com,1,100,0
