name,visitors,pageviews,bounce_rate,time_on_page,scroll_depth
/3.13/tutorial/index.html,4171,4689,68,42,47
/3.13/using/windows.html,3128,3652,73,65,23
/ja/3.13/c-api/capsule.html,1370,1474,75,5,32
/3.13/index.html,1282,1282,61,22,72
/3.13/,1078,1355,53,17,77
/3.13/whatsnew/3.13.html,714,713,71,42,12
/3.13/tutorial/interpreter.html,691,666,73,111,69
/3.13/tutorial/appetite.html,690,634,59,80,85
/3.13/tutorial/,534,619,58,37,54
/zh-cn/3.13/tutorial/index.html,383,502,54,39,56
/3.13/tutorial/introduction.html,379,371,72,144,56
/zh-cn/3.13/,360,496,43,23,80
/3.13/search.html,354,538,46,27,58
/3.13/library/index.html,314,376,46,57,38
/3.13/tutorial/controlflow.html,253,254,70,161,42
/3.13/library/functions.html,229,226,83,62,46
/zh-cn/3.13/library/index.html,206,264,38,47,53
/fr/3.13/tutorial/index.html,192,260,60,57,57
/3.13/library/stdtypes.html,187,199,82,70,36
/es/3.13/library/tkinter.html,154,184,74,51,33
/3.13/installing/index.html,151,117,68,46,59
/3.13/reference/index.html,148,167,44,62,64
/ja/3.13/tutorial/,133,221,46,23,61
/zh-cn/3.13/tutorial/introduction.html,128,134,51,176,58
/zh-cn/3.13/tutorial/interpreter.html,127,127,66,90,76
/3.13/glossary.html,126,110,65,72,36
/zh-cn/3.13/tutorial/appetite.html,124,114,52,127,82
/ko/3.13/library/intro.html,123,110,87,2,25
/es/3.13/tutorial/index.html,121,155,75,55,50
/zh-cn/3.13/index.html,115,156,48,17,82
/zh-cn/3.13/tutorial/controlflow.html,114,144,68,163,44
/zh-tw/3.13/tutorial/index.html,111,134,47,53,56
/zh-cn/3.13/library/functions.html,108,120,61,120,45
/zh-cn/3.13/search.html,108,140,34,37,53
/3.13/tutorial/datastructures.html,99,103,60,112,48
/es/3.13/library/index.html,97,97,79,42,43
/3.13/library/,90,95,71,14,33
/3.13/py-modindex.html,90,86,65,21,40
/3.13/download.html,87,71,65,17,81
/es/3.13/,86,98,43,20,73
/zh-cn/3.13/reference/index.html,85,121,30,29,71
/3.13/tutorial/modules.html,84,73,56,144,45
/3.13/using/index.html,81,71,33,17,71
/zh-cn/3.13/tutorial/datastructures.html,79,96,62,141,54
/3.13/contents.html,78,81,65,20,12
/3.13/using/cmdline.html,78,67,62,50,32
/pt-br/3.13/tutorial/index.html,78,88,62,55,60
/zh-cn/3.13/library/stdtypes.html,78,87,68,79,40
/3.13/tutorial/appendix.html,75,74,47,25,62
/ja/3.13/library/functions.html,75,77,76,55,45
/3.13/tutorial/classes.html,69,67,70,156,40
/zh-cn/3.13/tutorial/,67,86,46,52,57
/ja/3.13/tutorial/interpreter.html,66,70,74,84,67
/3.13/tutorial/inputoutput.html,65,74,69,176,66
/fr/3.13/tutorial/interpreter.html,65,63,67,66,72
/pt-br/3.13/,65,64,64,30,79
/zh-cn/3.13/whatsnew/3.13.html,65,57,62,44,25
/zh-cn/3.13/using/index.html,64,78,65,32,75
/es/3.13/tutorial/appetite.html,63,59,76,88,85
/zh-cn/3.13/contents.html,62,66,39,27,20
/ja/3.13/tutorial/controlflow.html,61,70,79,165,43
/pt-br/3.13/library/index.html,60,83,54,66,44
/ja/3.13/library/stdtypes.html,59,56,84,63,28
/3.13/library/typing.html,55,52,70,27,37
/es/3.13/tutorial/introduction.html,55,54,91,171,51
/fr/3.13/tutorial/appetite.html,55,45,45,73,87
/zh-cn/3.13/installing/index.html,55,50,71,32,62
/3.13/library/os.html,54,55,64,134,47
/fr/3.13/tutorial/introduction.html,54,56,82,197,57
/3.13/reference/datamodel.html,53,58,58,73,30
/ja/3.13/c-api/stable.html,53,53,29,6,9
/zh-cn/3.13/download.html,53,45,80,24,92
/ko/3.13/tutorial/index.html,52,92,52,18,53
/zh-cn/3.13/glossary.html,52,51,60,58,46
/3.13/library/math.html,51,54,57,55,32
/3.13/library/string.html,51,42,100,93,44
/es/3.13/tutorial/interpreter.html,50,47,100,120,80
/ja/3.13/tutorial/appetite.html,50,48,42,92,80
/ja/3.13/tutorial/index.html,50,58,65,25,59
/3.13/library/intro.html,49,43,58,89,65
/3.13/library/random.html,49,43,79,64,43
/3.13/library/tkinter.html,49,52,72,93,37
/ja/3.13/library/index.html,49,60,52,102,43
/zh-cn/3.13/library/venv.html,49,49,90,24,27
/es/3.13/tutorial/venv.html,48,55,96,142,50
/ja/3.13/tutorial/introduction.html,48,45,55,96,60
/3.13/tutorial/errors.html,47,48,71,179,40
/3.13/genindex.html,46,42,33,9,99
/3.13/library/idle.html,46,45,83,60,30
/es/3.13/search.html,46,84,50,26,58
/ko/3.13/search.html,46,134,26,22,55
/3.13/library/datetime.html,45,44,78,56,35
/ja/3.13/search.html,45,79,43,17,66
/zh-tw/3.13/tutorial/introduction.html,44,46,65,196,53
/fr/3.13/,43,45,27,23,73
/fr/3.13/search.html,43,66,39,21,53
/zh-cn/3.13/tutorial/classes.html,43,44,42,140,40
/zh-cn/3.13/tutorial/inputoutput.html,43,44,62,84,49
/zh-cn/3.13/tutorial/modules.html,43,46,53,105,36
/3.13/tutorial/stdlib.html,42,39,55,77,49
