name,version,visitors
Windows,10,23285
Mac,10.15,4299
GNU/Linux,(not set),1478
Android,10,1203
iOS,18.6,400
Ubuntu,(not set),306
iOS,18.7,306
Windows,7,208
Android,15,93
Chrome OS,14541.0,80
iOS,26.0,79
Android,13,45
iOS,18.5,35
Android,14,33
Android,16,33
Android,12,29
Windows,8.1,29
Android,11,18
iOS,16.7,13
iOS,14.0,12
iOS,17.6,11
iOS,15.8,8
iOS,18.2,8
iOS,18.3,8
iOS,26.1,7
Android,8.1,7
HarmonyOS,(not set),6
(not set),(not set),6
iOS,18.4,6
iOS,17.2,5
iOS,17.3,5
Android,6.0,5
Mac,10.11,4
Mac,10.14,4
iOS,17.5,4
iOS,17.7,4
iOS,18.1,4
Windows,8,4
Chrome OS,14816.131,3
Android,7.0,3
Android,8.0,3
Windows,XP,3
Mac,10.12,2
iOS,10.3,2
iOS,15.4,2
iOS,16.5,2
iOS,16.6,2
iOS,17.4,2
iOS,18.0,2
iOS,19.0,2
PlayStation,4.13,2
iOS,4.3,2
Android,9,2
Raspberry Pi OS,(not set),1
Mac,(not set),1
Windows,(not set),1
Mac,10.10,1
iOS,11.0,1
iOS,12.5,1
iOS,13.6,1
iOS,14.4,1
Mac,14.6,1
iOS,14.7,1
iOS,16.0,1
iPadOS,16.3,1
iOS,16.4,1
iPadOS,16.7,1
iOS,17.1,1
iPadOS,17.5,1
iPadOS,17.6,1
iPadOS,17.7,1
Tizen,5.5,1
Fire OS,8,1
Windows,Server 2003,1
