property,value,visitors,events,percentage
url,(none),370679,763779,99.7
url,https://psfmember.org/civicrm/contribute/transact?reset=1&id=2,5580,6846,1.5
url,https://docs.python.org/,3719,3999,1.0
url,https://pypi.org/,2067,2305,0.6
url,https://wiki.python.org/moin/BeginnersGuide,1787,1963,0.5
url,https://github.com/python/cpython/issues/135151,1717,1851,0.5
url,https://docs.python.org/3/,1228,1326,0.3
url,http://docs.python.org/3/,884,929,0.2
url,https://peps.python.org/pep-0719/,877,927,0.2
url,http://wiki.python.org/moin/BeginnersGuide/Download,633,669,0.2
url,http://wiki.python.org/moin/BeginnersGuide/NonProgrammers,603,649,0.2
url,https://peps.python.org/pep-0745/,511,534,0.1
url,https://docs.python.org/release/3.13.5/whatsnew/changelog.html#python-3-13-5,454,466,0.1
url,https://wiki.python.org/moin/PythonBooks,418,434,0.1
url,https://devguide.python.org/,359,372,0.1
url,https://apps.microsoft.com/detail/9NQ7512CXL7T,338,355,0.1
url,http://wiki.python.org/moin/BeginnersGuide/Programmers,278,290,0.1
url,https://pythoninsider.blogspot.com/2025/07/python-314-release-candidate-1-is-go.html,217,245,0.1
url,https://devguide.python.org/versions/#versions,210,221,0.1
url,https://docs.python.org/3/license.html,197,211,0.1
url,https://docs.python.org/release/3.11.13/whatsnew/changelog.html#python-3-11-13,188,198,0.1
url,https://docs.python.org/3/tutorial/index.html,183,198,0.0
url,http://brochure.getpython.info/,182,192,0.0
url,https://briefcase.readthedocs.io/,173,182,0.0
url,https://github.com/python/cpython/issues/135326,167,186,0.0
url,http://wiki.python.org/moin/IntroductoryBooks,161,161,0.0
url,https://peps.python.org/pep-0693/,142,153,0.0
url,https://peps.python.org/pep-0664/,136,136,0.0
url,http://www.activestate.com/activepython/,133,149,0.0
url,https://docs.python.org/release/3.13.5/,132,143,0.0
url,http://wiki.python.org/moin/IntegratedDevelopmentEnvironments,126,127,0.0
url,https://docs.python.org/release/3.12.11/whatsnew/changelog.html#python-3-12-11,118,125,0.0
url,http://wiki.python.org/moin/BeginnersGuide/Examples,113,116,0.0
url,https://docs.python.org/3/tutorial/controlflow.html#defining-functions,113,120,0.0
url,https://docs.python.org/3.13/,112,115,0.0
url,https://buildozer.readthedocs.io/,108,109,0.0
url,https://docs.python.org/3/library/index.html,106,109,0.0
url,https://pyfound.blogspot.com/2025/07/psf-board-nominations-opening-july-29th.html,106,113,0.0
url,https://docs.python.org/release/3.10.18/whatsnew/changelog.html,104,105,0.0
url,https://jobs.python.org/,101,107,0.0
url,https://docs.python.org/faq/,99,107,0.0
url,https://peps.python.org/,99,103,0.0
url,https://github.com/python/cpython/issues/135171,92,102,0.0
url,https://peps.python.org/pep-0619/,92,95,0.0
url,https://github.com/python/cpython/issues/135034,85,93,0.0
url,http://wiki.python.org/moin/Languages,84,84,0.0
url,https://gitlab.com/python-devs/ci-images,78,83,0.0
url,https://wiki.python.org/moin/BeginnersGuide/Programmers,77,88,0.0
url,https://docs.python.org/3.13/whatsnew/3.13.html#a-better-interactive-interpreter,70,71,0.0
url,http://docs.python.org/,69,72,0.0
url,https://github.com/python/cpython/issues,64,66,0.0
url,http://www.djangoproject.com/,62,65,0.0
url,http://wiki.python.org/moin/PythonEditors,58,60,0.0
url,https://status.python.org/,55,78,0.0
url,https://wiki.python.org/moin/,51,52,0.0
url,https://docs.python.org/release/3.9.23/whatsnew/changelog.html,50,51,0.0
url,https://www.linkedin.com/company/python-software-foundation/,48,52,0.0
url,https://docs.python.org/3.13/whatsnew/3.13.html,44,47,0.0
url,https://docs.python.org/3/tutorial/introduction.html#lists,44,46,0.0
url,https://docs.python.org/release/3.10.13/whatsnew/changelog.html#python-3-10-13-final,44,47,0.0
url,https://blog.python.org/,43,45,0.0
url,http://docs.python.org/3/faq/,42,44,0.0
url,http://packaging.python.org/,42,45,0.0
url,https://docs.python.org/3/reference/index.html,41,44,0.0
url,https://docs.python.org/3/tutorial/,41,42,0.0
url,http://omz-software.com/pythonista/index.html,39,41,0.0
url,http://docs.python.org/3/tutorial/,38,38,0.0
url,https://termux.dev/en/,38,42,0.0
url,https://github.com/python/pymanager,36,38,0.0
url,https://docs.python.org/3/whatsnew/3.13.html,35,36,0.0
url,https://wiki.python.org/moin/BeginnersGuide/NonProgrammers,35,39,0.0
url,https://wiki.python.org/moin/PythonPeriodicals,33,35,0.0
url,http://www.pylonsproject.org/,32,34,0.0
url,https://s3.dualstack.us-east-2.amazonaws.com/pythondotorg-assets/media/files/python-logo-only.svg,32,36,0.0
url,http://pandas.pydata.org/,31,32,0.0
url,https://docs.python.org/3/using/index.html,31,31,0.0
url,http://pyfound.blogspot.com/,29,35,0.0
url,https://pyto.app/,29,29,0.0
url,https://s3.dualstack.us-east-2.amazonaws.com/pythondotorg-assets/media/community/logos/python-logo-only.png,29,33,0.0
url,http://buildbot.net/,27,30,0.0
url,http://wiki.python.org/moin/TkInter,27,28,0.0
url,https://python-forum.io/,27,28,0.0
url,https://www.youtube.com/watch?v=ydyXFUmv6S4,27,28,0.0
url,http://pypi.org/,26,26,0.0
url,http://pypi.python.org/pypi?%3Aaction=index,26,27,0.0
url,https://docs.python.org/release/3.10.12/whatsnew/changelog.html#python-3-10-12-final,26,29,0.0
url,https://pyfound.blogspot.com/2025/07/notice-of-python-software-foundation.html,26,30,0.0
url,https://wiki.python.org/moin/BeginnersGuide/Download,26,26,0.0
url,http://flask.pocoo.org/,24,26,0.0
url,https://github.com/beeware/Python-Apple-support,24,26,0.0
url,https://docs.python.org/3.14/whatsnew/3.14.html#whatsnew314-pep779,23,25,0.0
url,https://docs.python.org/release/3.8.20/whatsnew/changelog.html,22,22,0.0
url,https://docs.python.org/release/3.9.22/whatsnew/changelog.html,22,23,0.0
url,https://fosstodon.org/@ThePSF,22,22,0.0
url,http://code.activestate.com/recipes/langs/python/,21,21,0.0
url,http://planetpython.org/,21,21,0.0
url,https://docs.python.org/3.12/whatsnew/3.12.html,21,21,0.0
url,https://docs.python.org/3.8/using/windows.html#embedded-distribution,21,21,0.0
url,https://chaquo.com/chaquopy,20,20,0.0
url,https://docs.python.org/3.13/whatsnew/3.13.html#whatsnew313-free-threaded-cpython,20,22,0.0
url,https://docs.python.org/3/tutorial/controlflow.html,20,22,0.0
url,https://docs.python.org/release/3.11.11/whatsnew/changelog.html#python-3-11-11,20,20,0.0
url,https://github.com/python/cpython/issues/103142,20,20,0.0
url,https://docs.python.org/3.7/using/windows.html#embedded-distribution,19,19,0.0
url,https://docs.python.org/dev/using/windows.html,19,20,0.0
url,https://docs.python.org/devguide/#contributing,19,19,0.0
url,https://docs.python.org/release/3.11.12/whatsnew/changelog.html#python-3-11-12,19,19,0.0
url,https://docs.python.org/release/3.10.17/whatsnew/changelog.html,18,18,0.0
url,https://peps.python.org/pep-0696/,18,18,0.0
url,https://www.riverbankcomputing.com/static/Docs/pyqtdeploy/,18,18,0.0
url,http://ipython.org/,17,17,0.0
url,http://pycon.blogspot.com/,17,17,0.0
url,https://docs.python.org/3.7/whatsnew/changelog.html#python-3-7-7-final,17,17,0.0
url,https://peps.python.org/pep-0738/,17,17,0.0
url,https://pypy.org/,17,20,0.0
url,https://wiki.python.org/moin/PythonEventsCalendar#Submitting_an_Event,17,17,0.0
url,http://bottlepy.org/,16,17,0.0
url,http://docs.python.org/library/markup,16,17,0.0
url,http://legacy.python.org/download/releases/binaries-1.1/,16,18,0.0
url,http://www.scipy.org/,16,16,0.0
url,https://devguide.python.org/versions/,16,16,0.0
url,https://docs.python.org/3/download.html,16,18,0.0
url,https://docs.python.org/release/3.10.16/whatsnew/changelog.html,16,16,0.0
url,https://docs.python.org/release/3.8.11/whatsnew/changelog.html#changelog,16,16,0.0
url,https://pyfound.blogspot.com/2025/07/affirm-your-psf-membership-voting-status.html,16,16,0.0
url,https://docs.python.org/release/3.11.0/whatsnew/changelog.html#python-3-11-0-final,15,15,0.0
url,https://docs.python.org/release/3.12.10/whatsnew/changelog.html#python-3-12-10,15,16,0.0
url,https://github.com/python/pythondotorg/issues,15,17,0.0
url,https://pyvideo.org/,15,15,0.0
url,https://twitter.com/ThePSF,15,20,0.0
url,http://us.pycon.org/,14,16,0.0
url,http://www.riverbankcomputing.co.uk/software/pyqt/intro,14,15,0.0
url,http://www.wxpython.org/,14,14,0.0
url,https://docs.python.org/3/c-api/index.html,14,14,0.0
url,https://docs.python.org/3/howto/index.html,14,15,0.0
url,https://docs.python.org/release/3.13.4/whatsnew/changelog.html#python-3-13-4,14,14,0.0
url,https://docs.python.org/release/3.9.18/whatsnew/changelog.html#changelog,14,15,0.0
url,https://github.com/python/cpython/issues/108310,14,14,0.0
url,http://legacy.python.org/download/releases/src/,13,19,0.0
url,http://pypi.python.org/pypi,13,13,0.0
url,http://wiki.python.org/moin/WebProgramming,13,13,0.0
url,https://docs.python.org/3.12/,13,13,0.0
url,https://docs.python.org/3.7/,13,15,0.0
url,https://docs.python.org/dev/,13,13,0.0
url,https://docs.python.org/release/3.11.9/whatsnew/changelog.html#python-3-11-9,13,14,0.0
url,https://docs.python.org/release/3.7.17/whatsnew/changelog.html#changelog,13,13,0.0
url,https://www.linkedin.com/groups/25827/,13,13,0.0
url,https://2025.djangocon.africa/,12,12,0.0
url,https://algorithmspath.com/assessments/743fd894-02fe-4c5f-946b-1efdf233ff28/start,12,15,0.0
url,https://docs.python.org/3.12/whatsnew/3.12.html#pep-701-syntactic-formalization-of-f-strings,12,12,0.0
url,https://docs.python.org/3.13/whatsnew/3.13.html#defined-mutation-semantics-for-locals,12,12,0.0
url,https://docs.python.org/3/extending/index.html,12,12,0.0
url,https://docs.python.org/3/search.html,12,12,0.0
url,https://github.com/python/cpython/issues/123678,12,13,0.0
url,https://mail.python.org/mailman/listinfo/python-dev,12,12,0.0
url,http://www.ansible.com/,11,11,0.0
url,http://www.web2py.com/,11,12,0.0
url,https://docs.python.org/3/glossary.html,11,11,0.0
url,https://docs.python.org/3/license.html#terms-and-conditions-for-accessing-or-otherwise-using-python,11,11,0.0
url,https://docs.python.org/release/3.10.10/whatsnew/changelog.html#python-3-10-10-final,11,11,0.0
url,https://docs.python.org/release/3.10.11/whatsnew/changelog.html#python-3-10-11-final,11,11,0.0
url,https://docs.python.org/release/3.9.0/whatsnew/changelog.html#changelog,11,11,0.0
url,https://podcasters.spotify.com/pod/show/corepy,11,11,0.0
url,https://pythondiscord.com/,11,11,0.0
url,http://tornadoweb.org/,10,10,0.0
url,https://bugs.python.org/,10,10,0.0
url,https://nokidbehind.org/buea,10,13,0.0
url,https://peps.python.org/pep-0594/,10,10,0.0
url,https://peps.python.org/pep-0701/,10,11,0.0
url,https://peps.python.org/pep-0705/,10,10,0.0
url,http://docs.python.org/3/library/,9,9,0.0
url,https://dearpygui.readthedocs.io/en/latest/,9,9,0.0
url,https://docs.python.org/3.11/,9,9,0.0
url,https://docs.python.org/3.13/whatsnew/3.13.html#an-experimental-just-in-time-jit-compiler,9,9,0.0
url,https://docs.python.org/3.13/whatsnew/3.13.html#improved-error-messages,9,10,0.0
url,https://docs.python.org/release/3.11.10/whatsnew/changelog.html#python-3-11-10,9,10,0.0
url,https://docs.python.org/release/3.12.9/whatsnew/changelog.html#python-3-12-9,9,9,0.0
url,https://docs.python.org/release/3.8.10/whatsnew/changelog.html,9,11,0.0
url,https://github.com/pvieito/PythonKit,9,9,0.0
url,https://github.com/python/cpython/issues/106883,9,9,0.0
url,https://github.com/python/cpython/issues/126623,9,10,0.0
url,https://jobs.lever.co/teramind/0f6d8ce3-d442-4b84-8004-df6c03fabbb5,9,9,0.0
url,https://mailchi.mp/python/python-software-foundation-july-2024-newsletter-19880429,9,9,0.0
url,https://peps.python.org/pep-0730/,9,13,0.0
url,https://psfmember.org/python-software-foundation-supporting-member-2/,9,9,0.0
url,https://www.odoo.com/,9,9,0.0
url,https://www.openstack.org/,9,9,0.0
url,http://bugs.python.org/,8,8,0.0
url,http://docs.python.org/3/reference/,8,10,0.0
url,http://docs.python.org/3/tutorial/introduction.html#using-python-as-a-calculator,8,8,0.0
url,http://hg.python.org/cpython/raw-file/v2.0.1/Misc/NEWS,8,8,0.0
url,https://discuss.python.org/,8,9,0.0
url,https://docs.python.org/3/py-modindex.html,8,8,0.0
url,https://docs.python.org/release/3.10.0/whatsnew/changelog.html#python-3-10-0-final,8,8,0.0
url,https://docs.python.org/release/3.12.0/whatsnew/changelog.html#python-3-12-0,8,8,0.0
url,https://docs.python.org/release/3.9.21/whatsnew/changelog.html,8,8,0.0
url,https://github.com/python/cpython/issues/131809,8,8,0.0
url,https://jobs.lever.co/mcgovern/631186df-9f5b-453b-b81b-d38b13891980,8,8,0.0
url,https://policies.python.org/python.org/Privacy-Notice/,8,8,0.0
url,https://python.org/,8,8,0.0
url,http://trac.edgewall.org/,7,7,0.0
url,https://2025.pycon.kr/,7,8,0.0
url,https://docs.python.org/3.13/whatsnew/3.13.html#other-language-changes,7,8,0.0
url,https://docs.python.org/release/3.10.14/whatsnew/changelog.html,7,7,0.0
url,https://docs.python.org/release/3.12.11/,7,7,0.0
url,https://docs.python.org/release/3.13.0/whatsnew/changelog.html#python-3-13-0,7,7,0.0
url,https://github.com/python/cpython/issues/133767,7,8,0.0
url,https://mail.python.org/archives/list/python-dev@python.org/thread/CLVXXPQ2T2LQ5MP2Y53VVQFCXYWQJHKZ/,7,7,0.0
url,https://pycon.org.so/,7,7,0.0
url,https://wiki.python.org/moin/PythonConferences,7,7,0.0
url,http://scipy.org/,6,7,0.0
url,http://www.pythonweekly.com/,6,6,0.0
url,http://www.scons.org/,6,6,0.0
url,https://2025.pycon.jp/,6,7,0.0
url,https://devguide.python.org/triage/issue-tracker/,6,6,0.0
url,https://docs.python.org/3.12/howto/perf_profiling.html,6,6,0.0
url,https://docs.python.org/3.7/whatsnew/3.7.html,6,7,0.0
url,https://docs.python.org/3.8/whatsnew/changelog.html#python-3-8-0-final,6,6,0.0
url,https://docs.python.org/release/3.10.18/,6,6,0.0
url,https://docs.python.org/release/3.11.0/,6,6,0.0
url,https://docs.python.org/release/3.12.1/whatsnew/changelog.html#python-3-12-1,6,6,0.0
url,https://docs.python.org/release/3.13.3/whatsnew/changelog.html#python-3-13-3,6,7,0.0
url,https://docs.python.org/release/3.7.10/whatsnew/changelog.html#changelog,6,6,0.0
url,https://docs.python.org/release/3.7.15/whatsnew/changelog.html#changelog,6,6,0.0
url,https://docs.python.org/release/3.7.9/whatsnew/changelog.html#changelog,6,7,0.0
url,https://docs.python.org/release/3.8.18/whatsnew/changelog.html#changelog,6,6,0.0
url,https://docs.python.org/release/3.8.19/whatsnew/changelog.html,6,6,0.0
url,https://github.com/python/cpython/issues/,6,6,0.0
url,https://github.com/python/cpython/issues/109858,6,6,0.0
url,https://hg.python.org/cpython/raw-file/15c95b7d81dc/Misc/NEWS,6,6,0.0
url,https://mail.python.org/mailman/listinfo/mobile-sig/,6,7,0.0
url,https://peps.python.org/pep-0702,6,6,0.0
url,https://pypodcats.live/,6,6,0.0
url,https://pythoninsider.blogspot.com/2025/07/python-3140-beta-4-is-here.html,6,6,0.0
url,https://us.pycon.org/,6,6,0.0
url,https://wiki.gnome.org/Projects/PyGObject,6,6,0.0
url,https://wiki.python.org/moin/BeginnersGuide/Examples,6,6,0.0
url,http://docs.python.org/library/json.html,5,5,0.0
url,http://docs.python.org/release/3.8.15/whatsnew/changelog.html,5,7,0.0
url,http://legacy.python.org/download/releases/binaries-1.2/,5,6,0.0
url,http://pragprog.com/book/gwpy2/practical-programming,5,5,0.0
url,http://www.openbookproject.net/thinkcs/python/english2e/,5,7,0.0
url,http://www.tryton.org/,5,5,0.0
url,https://blog.python.org/feeds/posts/default?alt=rss,5,5,0.0
url,https://bugs.python.org/issue38605,5,5,0.0
url,https://docs.python.org/3.10/,5,5,0.0
url,https://docs.python.org/3.13/whatsnew/3.13.html#new-deprecations,5,5,0.0
url,https://docs.python.org/3.6/,5,5,0.0
url,https://docs.python.org/3.7/whatsnew/changelog.html#python-3-7-4-final,5,6,0.0
url,https://docs.python.org/release/3.10.6/whatsnew/changelog.html#python-3-10-6-final,5,5,0.0
url,https://docs.python.org/release/3.13.0/,5,5,0.0
url,https://docs.python.org/release/3.13.1/,5,5,0.0
url,https://docs.python.org/release/3.7.11/whatsnew/changelog.html#changelog,5,5,0.0
url,https://docs.python.org/release/3.9.13/whatsnew/changelog.html,5,5,0.0
url,https://github.com/advisories/GHSA-79wf-qgrg-2p6c,5,6,0.0
url,https://hg.python.org/cpython/raw-file/v2.7.13/Misc/NEWS,5,5,0.0
url,https://kivy.org/,5,6,0.0
url,https://mail.python.org/pipermail/mobile-sig/,5,5,0.0
url,https://micropython.org/,5,5,0.0
url,https://python3statement.github.io/,5,5,0.0
url,https://talkpython.fm/,5,5,0.0
url,https://www.ibm.com/support/pages/aix-toolbox-open-source-software-downloads-alpha,5,5,0.0
url,https://www.python.org/ftp/python/3.13.5/python-3.13.5-amd64.exe,5,13,0.0
url,https://www.pythonanywhere.com/,5,5,0.0
url,http://mayavi.sf.net/,4,5,0.0
url,http://mcsp.wartburg.edu/zelle/python/,4,6,0.0
url,http://roundup.sourceforge.net/,4,4,0.0
url,http://www.plone.org/,4,4,0.0
url,https://docs.python.org/3.10/whatsnew/changelog.html#changelog,4,4,0.0
url,https://docs.python.org/3.13/whatsnew/3.13.html#dbm,4,4,0.0
url,https://docs.python.org/3.14/whatsnew/3.14.html,4,4,0.0
url,https://docs.python.org/3.14/whatsnew/3.14.html#whatsnew314-pep765,4,4,0.0
url,https://docs.python.org/3.8/,4,4,0.0
url,https://docs.python.org/release/1.4/,4,4,0.0
url,https://docs.python.org/release/3.10.0/,4,4,0.0
url,https://docs.python.org/release/3.10.15/whatsnew/changelog.html,4,4,0.0
url,https://docs.python.org/release/3.10.9/whatsnew/changelog.html#python-3-10-9-final,4,4,0.0
url,https://docs.python.org/release/3.12.3/whatsnew/changelog.html#python-3-12-2,4,4,0.0
url,https://docs.python.org/release/3.12.4/,4,4,0.0
url,https://docs.python.org/release/3.12.5/whatsnew/changelog.html#python-3-12-5,4,4,0.0
url,https://docs.python.org/release/3.12.6/whatsnew/changelog.html#python-3-12-6,4,4,0.0
url,https://docs.python.org/release/3.12.8/whatsnew/changelog.html#python-3-12-8,4,4,0.0
url,https://docs.python.org/release/3.13.4/,4,5,0.0
url,https://docs.python.org/release/3.7.13/whatsnew/changelog.html#changelog,4,4,0.0
url,https://docs.python.org/release/3.7.16/whatsnew/changelog.html#changelog,4,4,0.0
url,https://euroscipy.org/2025/,4,4,0.0
url,https://github.com/python/cpython/issues/115399,4,4,0.0
url,https://libera.chat/,4,4,0.0
url,https://opensource.org/license/pythonsoftfoundation-php/,4,4,0.0
url,https://peps.python.org/pep-0742/,4,4,0.0
url,https://pydata.org/,4,5,0.0
url,https://pypi.python.org/,4,4,0.0
url,https://raw.githubusercontent.com/python/cpython/v2.7.16/Misc/NEWS.d/2.7.16.rst,4,4,0.0
url,https://wiki.qt.io/PySide,4,4,0.0
url,https://www.rocketsoftware.com/products/rocket-open-source,4,4,0.0
url,http://docs.python.org/3.5/,3,3,0.0
url,http://docs.python.org/release/3.8.17/whatsnew/changelog.html,3,4,0.0
url,http://docs.python.org/release/3.9.16/whatsnew/changelog.html,3,3,0.0
url,http://ibm.biz/ibmi-rpms,3,3,0.0
url,http://kivy.org/,3,3,0.0
