name,visitors,bounce_rate,visit_duration
Direct / None,162394,56,140
Google,104135,52,120
Bing,36229,50,162
chatgpt.com,24161,61,128
Yandex,7552,55,136
Baidu,5175,51,170
GitHub,2733,65,116
Brave,2672,55,119
Yahoo!,2233,50,151
docs.python.org,2109,55,121
Youtube,2090,62,115
360.cn,1207,46,256
doubao.com,1172,61,167
DuckDuckGo,1139,54,89
copilot.microsoft.com,840,54,186
Perplexity,774,58,118
link.csdn.net,711,52,142
Naver,570,44,151
claude.ai,536,65,146
code.visualstudio.com,511,72,89
w3schools.com,354,49,104
Coccoc,263,45,143
link.zhihu.com,222,56,141
netacad.com,207,63,151
pip.pypa.io,186,50,118
Sogou,181,48,180
pytorch.org,139,67,152
qiita.com,130,56,116
quark.cn,123,54,196
Ecosia,122,53,84
packaging.python.org,119,44,122
ai.google.dev,111,69,77
Wikipedia,107,41,81
roadmap.sh,107,74,14
peps.python.org,102,40,120
wiki.python.org,100,68,103
pypi.org,98,66,124
freedidi.com,95,83,46
python.uihtm.com,95,61,201
Telegram,89,57,182
Facebook,85,73,78
yuanbao.tencent.com,85,53,198
blog.csdn.net,76,53,80
learn.microsoft.com,74,59,130
geeksforgeeks.org,73,59,252
realpython.com,65,52,108
pythoninsider.blogspot.com,63,55,98
python.p2hp.com,62,57,164
blog.naver.com,61,49,239
pygame.org,61,54,228
tongyi.com,61,69,88
weel.co.jp,59,68,73
liaoxuefeng.com,57,81,78
runoob.com,57,70,137
esphome.io,56,61,251
scikit-learn.org,52,65,109
online-python.com,51,55,39
chat.baidu.com,50,50,195
discuss.python.org,50,52,72
python.jp,50,50,199
openclassrooms.com,48,59,117
lms.human.ua,45,42,496
soroban.highreso.jp,45,76,88
blackbox.ai,44,50,124
rapidseedbox.com,43,58,74
dotiromoook.tistory.com,42,24,138
Vkontakte,41,60,28
jianshu.com,41,79,75
lmarena.ai,41,74,112
ntp.msn.cn,41,50,145
Microsoft Teams,40,68,99
chat.qwen.ai,40,51,236
udemy.com,40,88,34
cursos.alura.com.br,37,84,63
towardsdatascience.com,37,87,5
Qwant,36,47,169
idle.org.cn,36,58,220
cnblogs.com,35,54,286
enlacesnintricks.blogspot.com,35,71,102
nexusmods.com,35,69,178
pythononlinecompiler.ru,35,54,133
aisearch.sogou.com,34,56,203
docs.espressif.com,34,64,155
docs.reportlab.com,34,60,102
rivery.io,34,41,60
devguide.python.org,33,61,170
docs.platformio.org,33,52,68
edube.org,33,65,75
moodle.huji.ac.il,33,76,46
127.0.0.1,32,77,108
chat.mistral.ai,32,59,103
chat.z.ai,32,76,27
datacamp.com,31,74,128
metanit.com,31,52,294
amuletmc.com,30,67,23
docs.pingcode.com,30,43,192
sukkiri.jp,29,34,64
ursinaengine.org,29,57,110
pyzo.org,28,39,105
romptn.com,28,93,20
gall.dcinside.com,27,78,75
m.blog.naver.com,27,44,161
pythonguis.com,27,48,60
xdaforums.com,27,67,77
yuque.com,27,44,188
app.aluracursos.com,26,89,73
blog.pyq.jp,26,30,201
lms.ev.org.br,26,59,173
skilladd.org,26,65,195
cs50.readthedocs.io,25,64,133
pythonworld.ru,25,52,351
learn.kodland.org,24,71,103
freecodecamp.org,23,43,76
learn2.open.ac.uk,23,58,138
codecademy.com,22,70,74
courses.edx.org,22,68,258
medium.com,22,77,41
poe.com,22,59,136
sky.pro,22,35,327
4pda.to,21,59,41
dzen.ru,21,57,100
python.org.br,21,52,90
randomnerdtutorials.com,20,55,200
Gmail,19,90,2
digitalocean.com,19,79,84
docs.qq.com,19,58,86
edu.mipt.ru,19,68,267
m.so.com,19,21,170
s3.eu-west-1.amazonaws.com,19,70,441
w3school.com.cn,19,42,229
cloud.tencent.com,18,53,65
ithelp.ithome.com.tw,18,47,74
tensorflow.org,18,50,217
tutorial.djangogirls.org,18,83,180
a14121-73652431.cluster211.canvas-user-content.com,17,50,184
gitee.com,17,41,337
huoshuiai.feishu.cn,17,72,324
open.hpi.de,17,35,146
Instagram,16,62,13
codelv.com,16,62,273
droidwin.com,16,53,59
gamebanana.com,16,56,81
hoctructuyen.top,16,76,161
instaloader.github.io,16,31,107
internet-start.net,16,29,92
mosoteach.cn,16,62,349
patreon.com,16,81,25
wikiwiki.jp,16,38,73
LinkedIn,15,62,106
atmarkit.itmedia.co.jp,15,80,2
chat.chatbot.app,15,50,19
istinye.blackboard.com,15,69,217
learn.online-python.com,15,33,109
lms.skillfactory.ru,15,44,278
nz.ua,15,27,219
yutu.cn,15,47,449
badcaps.net,14,71,297
gradio.app,14,50,33
letovo.online,14,0,412
pythontest.com,14,43,64
Twitter,13,69,338
coderivers.org,13,54,101
docs.streamlit.io,13,54,112
itproger.com,13,71,34
pythonforege.tilda.ws,13,54,49
pythongeeks.org,13,54,176
Reddit,12,50,76
csci235.wordpress.com,12,46,65
ima.qq.com,12,33,233
legacy.python.org,12,50,121
lehre.moodle.uni-due.de,12,75,524
pcschool.com.tw,12,31,256
raspberrytips.com,12,33,103
steamcommunity.com,12,67,116
tapnav.com,12,92,2
ys0ihds4b1.feishu.cn,12,33,76
ai-kenkyujo.com,11,36,308
campus107.unad.edu.co,11,82,91
community.octoprint.org,11,45,105
drive2.ru,11,50,74
geek-blogs.com,11,27,249
miralab.co.jp,11,64,22
my.sky.pro,11,46,275
theforage.com,11,82,4
timeweb.cloud,11,27,238
Mail.ru,10,50,111
bezstruje.com,10,90,3
byui-cse.github.io,10,30,491
cms.unir.net,10,40,782
docs.telethon.dev,10,60,106
edu.sirius.online,10,30,813
mooc.fi,10,60,24
mql5.com,10,60,229
n.cn,10,40,458
notebooks.githubusercontent.com,10,50,242
online.mospolytech.ru,10,27,277
pymacrorecord.com,10,70,6
pythonjobshq.com,10,42,138
sysnettechsolutions.com,10,50,87
tkdocs.com,10,30,353
turing-gateway.youdao.com,10,70,40
tutorialspoint.com,10,40,151
zalo,10,70,15
alan-cha.github.io,9,44,284
app.emergent.sh,9,44,212
auto-editor.com,9,33,128
blog.51cto.com,9,45,474
blog.python.org,9,56,237
cocalc.com,9,89,1
docs.opendronemap.org,9,33,40
elearning.auth.gr,9,78,136
hovatek.com,9,78,29
javadrive.jp,9,11,257
l.messenger.com,9,67,39
lms.lnbti.lk,9,44,90
mathesis.cup.gr,9,56,217
mobiletips.in,9,75,106
newsuk1.com,9,11,264
orangeapple.co,9,30,412
oregoom.com,9,78,10
oryoy.com,9,56,140
python-lernen.de,9,44,57
pythoncentral.io,9,33,132
skillbox.ru,9,60,30
wemos.cc,9,89,28
bugs.python.org,8,75,6
canva.com,8,89,2
carla.readthedocs.io,8,25,564
colegiopceirafaelgaleth.com,8,60,9
endoflife.date,8,88,1
forest.watch.impress.co.jp,8,50,119
habr.com,8,38,98
mooc1.chaoxing.com,8,38,556
moodle-thu.de,8,50,205
music21.org,8,88,19
pagekite.net,8,62,42
programiz.com,8,62,116
py4e.com,8,88,87
source.android.com,8,50,170
tecnologia.unanleon.edu.ni,8,44,140
tel-ran.com,8,75,288
test.python.org,8,75,52
topdev.vn,8,88,10
university.zerocoder.ru,8,38,867
www-python-org.translate.goog,8,38,320
cafe.naver.com,7,71,282
cgohlke.com,7,86,12
developer.aliyun.com,7,57,14
developer.mozilla.org,7,100,0
docs.freenove.com,7,43,42
docs.odriverobotics.com,7,57,89
docstring.fr,7,57,88
fsf.org,7,86,1
futurelearn.com,7,57,263
gbatemp.net,7,57,9
harmash.com,7,71,23
icourse163.org,7,57,85
it-connect.fr,7,100,0
kone.gg,7,86,10
naver.com,7,43,65
odoo.com,7,38,111
producthunt,7,86,11
quantrimang.com,7,86,15
space.coze.cn,7,43,73
spotdl.readthedocs.io,7,29,162
stablediffusiontutorials.com,7,71,207
starter-guide.od.pythonic-exam.com,7,29,236
wenxiaobai.com,7,29,321
yyoossk.blogspot.com,7,71,381
app.deephat.ai,6,33,88
aranzulla.it,6,67,144
codeup.kr,6,83,1
comfyit.cn,6,83,64
desarrolloweb.udgvirtual.udg.mx,6,17,334
doc.courtbouillon.org,6,83,2
frida.re,6,29,138
hello-ctf.com,6,50,506
jb51.net,6,83,185
letsgotitan.tistory.com,6,67,242
link.juejin.cn,6,50,60
natechcel.blogspot.com,6,67,22
note.nkmk.me,6,67,32
obsproject.com,6,100,0
odin.study,6,50,50
ootrandomizer.com,6,83,8
openstax.org,6,50,33
overleaf.com,6,83,98
plugins.phbot.org,6,67,64
q.utoronto.ca,6,83,278
robotframework.org,6,71,244
search.avastbrowser.com,6,67,201
spotdl.github.io,6,33,216
telegra.ph,6,100,0
teletype.in,6,43,138
virtualenv.pypa.io,6,83,3
vocus.cc,6,67,99
wikidocs.net,6,33,48
xfinder.pro,6,29,18
Rakuten,5,67,6
automatetheboringstuff.com,5,20,58
