name,visitors,pageviews,bounce_rate,time_on_page,scroll_depth
/pt-br/3/tutorial/index.html,201,252,61,41,57
/pt-br/3/,152,192,50,29,74
/pt-br/3/library/venv.html,136,140,89,37,36
/pt-br/3/library/stdtypes.html,95,108,78,41,24
/pt-br/3/library/index.html,88,93,68,42,33
/pt-br/3.15/using/windows.html,85,86,55,32,18
/pt-br/3.14/,80,84,50,38,76
/pt-br/3/library/math.html,77,82,81,71,47
/pt-br/3/tutorial/introduction.html,69,85,66,142,48
/pt-br/3/library/functions.html,61,69,77,93,36
/pt-br/3.14/tutorial/index.html,59,56,71,49,45
/pt-br/3/tutorial/controlflow.html,59,61,88,193,37
/pt-br/3/tutorial/interpreter.html,59,63,60,124,78
/pt-br/3/tutorial/classes.html,55,50,83,92,44
/pt-br/3/search.html,52,80,62,25,45
/pt-br/3.14/search.html,43,60,53,28,58
/pt-br/3/tutorial/appetite.html,39,34,53,30,83
/pt-br/3.13/library/random.html,35,36,84,34,34
/pt-br/dev/tutorial/datastructures.html,31,36,76,81,45
/pt-br/3/tutorial/datastructures.html,30,31,81,37,37
/pt-br/3/library/string.html,29,31,75,47,41
/pt-br/3/tutorial/,29,36,67,109,37
/pt-br/3/library/tkinter.html,28,30,74,100,19
/pt-br/3/reference/index.html,28,33,55,16,56
/pt-br/3.13/tutorial/index.html,27,26,95,82,31
/pt-br/3/library/datetime.html,27,32,90,40,41
/pt-br/3/library/os.html,27,27,83,132,12
/pt-br/3.14/library/index.html,26,25,60,53,29
/pt-br/3/tutorial/errors.html,26,29,82,81,46
/pt-br/3/tutorial/modules.html,24,28,63,111,54
/pt-br/3.14/py-modindex.html,23,22,56,38,34
/pt-br/3/glossary.html,23,26,80,64,31
/pt-br/3.14/library/functions.html,22,23,69,52,31
/pt-br/3/contents.html,22,22,60,16,7
/pt-br/3/tutorial/inputoutput.html,21,26,86,95,49
/pt-br/3.14/library/stdtypes.html,20,19,88,621,40
/pt-br/3.14/tutorial/interpreter.html,20,19,60,93,73
/pt-br/3.14/tutorial/introduction.html,20,17,29,306,61
/pt-br/3/using/cmdline.html,20,25,73,130,29
/pt-br/3/whatsnew/3.14.html,20,18,83,89,21
/pt-br/3.14/download.html,19,17,75,19,92
/pt-br/3.14/tutorial/appetite.html,19,16,25,85,82
/pt-br/3/faq/windows.html,19,21,89,13,57
/pt-br/3/library/random.html,19,22,86,121,43
/pt-br/dev/library/zlib.html,19,19,83,5,18
/pt-br/3.14/library/random.html,18,19,67,172,34
/pt-br/3.14/index.html,16,14,0,13,78
/pt-br/3.14/library/math.html,16,14,50,42,56
/pt-br/3.14/tutorial/datastructures.html,16,14,100,174,28
/pt-br/3.13/library/stdtypes.html,15,18,89,179,17
/pt-br/3.15/search.html,15,24,33,22,92
/pt-br/3.13/library/re.html,14,13,92,40,29
/pt-br/3.14/library/tkinter.html,14,14,80,59,46
/pt-br/3/library/csv.html,14,15,86,197,28
/pt-br/3/library/exceptions.html,14,15,89,92,32
/pt-br/3.13/,13,19,92,140,78
/pt-br/3.14/tutorial/controlflow.html,13,14,71,193,29
/pt-br/3/howto/sorting.html,13,13,91,73,33
/pt-br/3/index.html,13,13,0,11,78
/pt-br/3/library/sys.html,13,13,78,146,36
/pt-br/3.13/library/index.html,12,29,86,66,46
/pt-br/3.13/library/tkinter.html,12,13,89,272,57
/pt-br/3.13/tutorial/controlflow.html,12,10,100,271,51
/pt-br/3/library/intro.html,12,10,33,178,80
/pt-br/3/using/windows.html,12,12,75,28,8
/pt-br/dev/whatsnew/3.14.html,12,12,92,41,9
/pt-br/3.12/search.html,11,23,43,71,77
/pt-br/3.13/library/functions.html,11,12,100,128,31
/pt-br/3.13/reference/index.html,11,11,100,11,68
/pt-br/3/library/time.html,11,9,86,108,43
/pt-br/3/library/turtle.html,11,12,91,15,6
/pt-br/dev/library/tkinter.html,11,12,75,18,27
/pt-br/3.13/search.html,10,11,71,71,84
/pt-br/3.14/contents.html,10,10,40,24,40
/pt-br/3.14/whatsnew/3.14.html,10,8,0,259,30
/pt-br/3/library/pathlib.html,10,8,80,30,21
/pt-br/3/library/statistics.html,10,10,88,69,24
/pt-br/3/reference/lexical_analysis.html,10,11,100,214,50
/pt-br/3/tutorial/stdlib.html,10,8,67,39,84
/pt-br/3.12/download.html,9,9,50,13,82
/pt-br/3.13/library/math.html,9,9,100,206,62
/pt-br/3.14/using/windows.html,9,7,75,47,20
/pt-br/3/download.html,9,7,100,18,95
/pt-br/3/library/pickle.html,9,10,67,17,27
/pt-br/3/library/zipfile.html,9,9,86,61,22
/pt-br/3/reference/compound_stmts.html,9,9,100,79,39
/pt-br/dev/library/platform.html,9,20,44,448,63
/pt-br/dev/library/venv.html,9,9,100,14,57
/pt-br/3.13/tutorial/classes.html,8,13,80,97,50
/pt-br/3.13/tutorial/datastructures.html,8,19,50,1509,60
/pt-br/3.13/tutorial/introduction.html,8,8,86,148,63
/pt-br/3.14/genindex.html,8,9,0,4,100
/pt-br/3/genindex.html,8,13,0,5,100
/pt-br/3/howto/logging.html,8,8,71,17,18
/pt-br/3/library/dataclasses.html,8,10,86,30,38
/pt-br/3/library/json.html,8,9,71,33,24
/pt-br/3/library/re.html,8,7,57,36,37
/pt-br/3/reference/introduction.html,8,7,50,41,88
/pt-br/3/tutorial/venv.html,8,9,88,27,53
/pt-br/3/using/index.html,8,9,100,27,86
