name,unique_entrances,total_entrances,visit_duration
/dev/using/windows.html,22,23,356
/3/,15,15,288
/tr/3/library/datatypes.html,9,9,0
/tr/3/tutorial/index.html,8,8,3
/tr/3.15/using/windows.html,7,7,70
/tr/3/library/codecs.html,7,7,0
/tr/3.14/,6,7,25
/tr/3/installing/index.html,6,6,139
/tr/3/library/socket.html,6,6,0
/tr/3.14/tutorial/index.html,4,5,130
/tr/3/library/pprint.html,4,4,0
/3/library/tkinter.html,3,3,190
/tr/3/,3,3,63
/tr/3/tutorial/errors.html,3,3,62
/3.15/,2,2,171
/3/library/secrets.html,2,2,1042
/3/search.html,2,2,38
/3/tutorial/,2,2,2410
/3/tutorial/index.html,2,2,238
/tr/3.14/installing/index.html,2,2,10
/tr/3.14/tutorial/,2,3,0
/tr/3.14/tutorial/introduction.html,2,2,0
/tr/3/c-api/typeobj.html,2,2,0
/tr/3/library/cmath.html,2,2,0
/tr/3/library/nntplib.html,2,2,0
/tr/3/library/ossaudiodev.html,2,2,0
/tr/3/tutorial/,2,2,0
/tr/3/tutorial/controlflow.html,2,2,0
/tr/3/tutorial/inputoutput.html,2,3,49
/tr/3/tutorial/interpreter.html,2,2,0
/3.13/,1,1,23
/3.14/,1,1,54
/3.14/library/fnmatch.html,1,1,3041
/3.14/tutorial/,1,1,578
/3.14/tutorial/venv.html,1,1,157
/3.14/using/windows.html,1,1,113
/3/faq/programming.html,1,1,0
/3/library/asyncio.html,1,1,1357
/3/library/crypt.html,1,1,37
/3/library/ensurepip.html,1,1,89
/3/library/functions.html,1,1,982
/3/library/idle.html,1,1,155
/3/library/stdtypes.html,1,1,3670
/3/library/tkinter.colorchooser.html,1,1,54
/3/license.html,1,1,895
/3/tutorial/appetite.html,1,1,27
/3/tutorial/datastructures.html,1,1,15
/3/tutorial/introduction.html,1,1,365
/3/whatsnew/3.14.html,1,1,252
/3/whatsnew/3.7.html,1,1,172
/es/3.14/,1,1,180
/fr/3.14/library/asyncio.html,1,1,18
/fr/3/extending/index.html,1,1,311
/tr/3.13/genindex-Y.html,1,1,0
/tr/3.13/library/calendar.html,1,1,0
/tr/3.13/tutorial/index.html,1,1,0
/tr/3.14/download.html,1,1,0
/tr/3.14/extending/index.html,1,1,619
/tr/3.14/faq/programming.html,1,1,12
/tr/3.14/genindex.html,1,2,86
/tr/3.14/library/crypt.html,1,1,0
/tr/3.14/library/idle.html,1,1,170
/tr/3.14/library/index.html,1,1,1090
/tr/3.14/library/stdtypes.html,1,1,0
/tr/3.14/library/string.html,1,1,0
/tr/3.14/tutorial/classes.html,1,1,0
/tr/3.14/tutorial/controlflow.html,1,1,0
/tr/3.14/tutorial/datastructures.html,1,1,0
/tr/3.14/tutorial/modules.html,1,1,0
/tr/3.14/using/windows.html,1,2,0
/tr/3.14/whatsnew/3.7.html,1,1,10
/tr/3.15/library/ast.html,1,1,0
/tr/3.15/search.html,1,1,0
/tr/3/c-api/buffer.html,1,1,0
/tr/3/contents.html,1,1,0
/tr/3/distributing/index.html,1,1,665
/tr/3/download.html,1,1,2
/tr/3/genindex-Semboller.html,1,1,363
/tr/3/howto/argparse.html,1,1,0
/tr/3/howto/sorting.html,1,1,0
/tr/3/library/asyncio-policy.html,1,1,0
/tr/3/library/asyncio.html,1,1,1058
/tr/3/library/code.html,1,1,0
/tr/3/library/contextlib.html,1,1,0
/tr/3/library/ctypes.html,1,1,0
/tr/3/library/datetime.html,1,1,0
/tr/3/library/ftplib.html,1,1,0
/tr/3/library/functions.html,1,1,0
/tr/3/library/html.parser.html,1,1,0
/tr/3/library/idle.html,1,1,0
/tr/3/library/importlib.resources.html,1,1,0
/tr/3/library/index.html,1,1,71
/tr/3/library/math.html,1,1,0
/tr/3/library/profile.html,1,1,0
/tr/3/library/smtpd.html,1,1,0
/tr/3/library/stdtypes.html,1,1,0
/tr/3/library/time.html,1,1,0
/tr/3/library/trace.html,1,1,0
/tr/3/library/xml.sax.handler.html,1,1,0
/tr/3/reference/compound_stmts.html,1,1,0
/tr/3/search.html,1,1,288
/tr/3/tutorial/datastructures.html,1,1,0
/tr/3/tutorial/introduction.html,1,1,0
/tr/3/whatsnew/3.10.html,1,1,0
/tr/3/whatsnew/3.13.html,1,1,0
/tr/3/whatsnew/3.6.html,1,1,0
/zh-tw/dev/library/ast.html,1,1,27
