property,value,visitors,events,percentage
url,(none),8656,12172,99.4
url,https://bootstrap.pypa.io/get-pip.py,194,214,2.2
url,https://docs.python-guide.org/starting/installation/#installation,162,168,1.9
url,https://www.python.org/,139,142,1.6
url,https://opentechschool.github.io/python-beginners/en/getting_started.html#what-is-python-exactly,66,80,0.8
url,https://docs.python.org/3/library/venv.html,23,23,0.3
url,https://pip.pypa.io/,21,21,0.2
url,https://pypi.org/,17,17,0.2
url,https://github.com/pypa/pip,16,16,0.2
url,https://pip.pypa.io/en/latest/topics/secure-installs/,12,12,0.1
url,https://test.pypi.org/account/register/,11,12,0.1
url,https://github.com/pypa/packaging.python.org/edit/main/source/tutorials/installing-packages.rst,10,11,0.1
url,https://pip.pypa.io/en/latest/user_guide/#requirements-files,10,11,0.1
url,https://docs.python.org/3/tutorial/modules.html#packages,9,9,0.1
url,https://pypi.org/project/pip/,9,9,0.1
url,https://github.com/pypa/packaging-problems,8,8,0.1
url,https://spdx.org/licenses/,7,8,0.1
url,https://github.com/pypa/packaging.python.org/blob/main/source/tutorials/installing-packages.rst?plain=true,6,6,0.1
url,https://peps.python.org/pep-0639/,6,7,0.1
url,https://pip.pypa.io/en/latest/,5,5,0.1
url,https://pypi.org/classifiers/,5,5,0.1
url,https://setuptools.pypa.io/en/latest/userguide/miscellaneous.html,5,5,0.1
url,https://www.pypa.io/en/latest/,5,5,0.1
url,https://github.com/pypa/packaging-problems/issues/new?template=packaging_tutorial.yml&title=Trouble+with+the+packaging+tutorial&guide=https://packaging.python.org/tutorials/packaging-projects,4,4,0.0
url,https://github.com/pypa/pip/issues/1668,4,5,0.0
url,https://github.com/pypa/pipfile,4,4,0.0
url,https://github.com/pypa/setuptools,4,4,0.0
url,https://hatch.pypa.io/latest/,4,4,0.0
url,https://pip.pypa.io/en/latest/cli/,4,4,0.0
url,https://pip.pypa.io/en/latest/user_guide/#user-installs,4,4,0.0
url,https://stackoverflow.com/a/14638025,4,4,0.0
url,https://test.pypi.org/manage/account/#api-tokens,4,5,0.0
url,https://aws.amazon.com/s3/,3,3,0.0
url,https://bandersnatch.readthedocs.io/,3,3,0.0
url,https://docs.python.org/3/library/ensurepip.html,3,3,0.0
url,https://github.com/pypa/pipenv,3,3,0.0
url,https://github.com/pypa/sampleproject,3,3,0.0
url,https://mail.python.org/mailman3/lists/distutils-sig.python.org/,3,3,0.0
url,https://pipenv.pypa.io/en/latest/index.html,3,3,0.0
url,https://pipx.pypa.io/,3,3,0.0
url,https://pypi.org/project/pip/23.3.1/#files,3,3,0.0
url,https://setuptools.pypa.io/en/latest/userguide/development_mode.html,3,3,0.0
url,https://test.pypi.org/help/#apitoken,3,3,0.0
url,https://typer.tiangolo.com/,3,3,0.0
url,https://blog.pypi.org/posts/2023-06-26-deprecate-egg-uploads/,2,2,0.0
url,https://copr.fedorainfracloud.org/coprs/pypa/pypa/,2,3,0.0
url,https://docs.fedoraproject.org/en-US/epel/getting-started/,2,2,0.0
url,https://fedoraproject.org/wiki/EPEL,2,3,0.0
url,https://github.com/pradyunsg/furo,2,2,0.0
url,https://github.com/pypa,2,2,0.0
url,https://github.com/pypa/auditwheel,2,2,0.0
url,https://github.com/pypa/build,2,2,0.0
url,https://github.com/pypa/packaging.python.org/blob/main/source/guides/installing-using-pip-and-virtual-environments.rst?plain=true,2,6,0.0
url,https://github.com/pypa/packaging.python.org/edit/main/source/guides/installing-stand-alone-command-line-tools.rst,2,2,0.0
url,https://github.com/pypa/packaging.python.org/edit/main/source/key_projects.rst,2,2,0.0
url,https://github.com/pypa/trove-classifiers,2,3,0.0
url,https://github.com/pypa/trove-classifiers/issues,2,2,0.0
url,https://github.com/pypa/virtualenv,2,4,0.0
url,https://github.com/python/mypy,2,2,0.0
url,https://peps.python.org/pep-0508/,2,2,0.0
url,https://peps.python.org/pep-0518/,2,2,0.0
url,https://pip.pypa.io/en/latest/cli/pip_install/#pip-install,2,2,0.0
url,https://pypi.org/project/devpi,2,2,0.0
url,https://pypi.org/project/requests/,2,2,0.0
url,https://pypi.org/project/setuptools,2,2,0.0
url,https://python-poetry.org/,2,2,0.0
url,https://scipy.org/install/#macos,2,2,0.0
url,https://setuptools.pypa.io/en/latest/userguide/entry_point.html,2,3,0.0
url,https://setuptools.readthedocs.io/en/latest/,2,2,0.0
url,https://virtualenv.pypa.io/en/stable/index.html,2,2,0.0
url,https://www.python.org,2,2,0.0
url,https://www.python.org/downloads/,2,2,0.0
url,https://www.sphinx-doc.org/en/master/index.html,2,2,0.0
url,http://doc.devpi.net/latest/,1,1,0.0
url,http://www.py2exe.org/,1,1,0.0
url,https://bitbucket.org/pypa,1,1,0.0
url,https://blog.ganssle.io/articles/2021/10/setup-py-deprecated.html,1,1,0.0
url,https://brew.sh/,1,1,0.0
url,https://build.pypa.io/en/stable/index.html,1,1,0.0
url,https://caremad.io/posts/2013/07/setup-vs-requirement/,1,1,0.0
url,https://choosealicense.com/,1,1,0.0
url,https://conda.io/projects/conda-build/en/latest/user-guide/tutorials/build-pkgs-skeleton.html,1,1,0.0
url,https://console.cloud.google.com/bigquery,1,1,0.0
url,https://console.cloud.google.com/bigquery?p=bigquery-public-data&d=pypi&page=dataset,1,1,0.0
url,https://datatracker.ietf.org/doc/html/rfc8259.html,1,2,0.0
url,https://developers.redhat.com/products/softwarecollections/overview,1,1,0.0
url,https://discuss.python.org/c/packaging,1,1,0.0
url,https://distlib.readthedocs.io/en/latest/index.html,1,1,0.0
url,https://docs.astral.sh/uv/,1,1,0.0
url,https://docs.conda.io/en/latest/index.html,1,1,0.0
url,https://docs.djangoproject.com/en/dev/intro/,1,1,0.0
url,https://docs.pypi.org/project_metadata/#project-urls,1,1,0.0
url,https://docs.python.org/3/library/importlib.metadata.html,1,1,0.0
url,https://docs.python.org/3/library/importlib.metadata.html#importlib.metadata.version,1,1,0.0
url,https://docs.python.org/3/library/sys.html#sys.path,1,1,0.0
url,https://docs.python.org/3/library/zipapp.html,1,1,0.0
url,https://en.wikipedia.org/wiki/Anaconda_(Python_distribution),1,1,0.0
url,https://en.wikipedia.org/wiki/Linux_distribution,1,1,0.0
url,https://files.pythonhosted.org/packages/eb/45/79be82bdeafcecb9dca474cad4003e32ef8e4a0dec6abbd4145ccb02abe1/sampleproject-1.2.0.tar.gz,1,1,0.0
url,https://flit.readthedocs.io/en/latest/,1,1,0.0
url,https://git-scm.com/,1,1,0.0
url,https://github.com/PyCQA/flake8,1,1,0.0
url,https://github.com/actions/download-artifact,1,1,0.0
url,https://github.com/actions/upload-artifact,1,1,0.0
url,https://github.com/jamesabel/osnap,1,1,0.0
url,https://github.com/linkedin/shiv#user-content-shiv,1,2,0.0
url,https://github.com/mesonbuild/meson,1,1,0.0
url,https://github.com/pantsbuild/pex#user-content-pex,1,1,0.0
url,https://github.com/pulp/pulp_python,1,1,0.0
url,https://github.com/pypa/distlib/issues,1,1,0.0
url,https://github.com/pypa/manylinux,1,1,0.0
url,https://github.com/pypa/packaging,1,1,0.0
url,https://github.com/pypa/packaging.python.org/blob/main/source/guides/installing-using-linux-tools.rst?plain=true,1,1,0.0
url,https://github.com/pypa/packaging.python.org/blob/main/source/index.rst?plain=true,1,1,0.0
url,https://github.com/pypa/packaging.python.org/blob/main/source/specifications/core-metadata.rst?plain=true,1,1,0.0
url,https://github.com/pypa/pipenv/issues,1,1,0.0
url,https://github.com/pypa/sampleproject/blob/db5806e0a3204034c51b1c00dde7d5eb3fa2532e/setup.py,1,1,0.0
url,https://github.com/pypa/twine,1,1,0.0
url,https://github.com/python-poetry/poetry,1,1,0.0
url,https://github.com/toml-lang/toml,1,1,0.0
url,https://hatch.pypa.io/latest/config/metadata/,1,2,0.0
url,https://ius.io/usage#parallel-installable-packages,1,1,0.0
url,https://meson-python.readthedocs.io/en/latest/,1,1,0.0
url,https://nox.thea.codes/en/latest/index.html,1,1,0.0
url,https://pandas.pydata.org/,1,1,0.0
url,https://pdm.fming.dev/,1,1,0.0
url,https://peps.python.org/pep-0386/,1,1,0.0
url,https://peps.python.org/pep-0425/,1,1,0.0
url,https://peps.python.org/pep-0566/,1,1,0.0
url,https://peps.python.org/pep-0621/#license,1,1,0.0
url,https://peps.python.org/pep-0639/#deprecate-license-classifiers,1,1,0.0
url,https://peps.python.org/pep-0751/,1,1,0.0
url,https://pip-tools.readthedocs.io/en/latest/,1,1,0.0
url,https://pip.pypa.io/en/latest/cli/pip_install/#install-no-binary,1,2,0.0
url,https://pip.pypa.io/en/stable/user_guide/#user-installs,1,1,0.0
url,https://pyinstaller.readthedocs.io/en/stable/,1,1,0.0
url,https://pypi.org/classifiers,1,1,0.0
url,https://pypi.org/manage/account/#api-tokens,1,1,0.0
url,https://pypi.org/manage/account/publishing/,1,1,0.0
url,https://pypi.org/project/Pillow/,1,1,0.0
url,https://pypi.org/project/bandersnatch,1,1,0.0
url,https://pypi.org/project/hatchling/,1,1,0.0
url,https://pypi.org/project/pip-tools/,1,1,0.0
url,https://pypi.org/project/pipenv,1,1,0.0
url,https://pypi.org/project/pipx/,1,1,0.0
url,https://pypi.org/project/poetry-core/,1,1,0.0
url,https://pypi.org/project/twine,1,1,0.0
url,https://pypi.org/project/virtualenv/,1,1,0.0
url,https://pytest.org/,1,1,0.0
url,https://pyup.io/safety,1,1,0.0
url,https://server.ethicalads.io/proxy/click/8172/01996d58-7086-7ff3-b510-4f74aa9250a5/,1,1,0.0
url,https://server.ethicalads.io/proxy/click/8174/01996d2b-0879-7903-8f9d-ca0c82ae7fd0/,1,1,0.0
url,https://server.ethicalads.io/proxy/click/8175/01996d29-dd05-76b3-a7f9-5a2da2e5fa8a/,1,1,0.0
url,https://server.ethicalads.io/proxy/click/8176/019969f7-2728-7813-933f-d0093299f09a/,1,1,0.0
url,https://server.ethicalads.io/proxy/click/8176/01996d2b-4c91-7c51-a9a1-52baac944295/,1,1,0.0
url,https://server.ethicalads.io/proxy/click/8176/01996d9c-c47b-7610-891c-941c19b87fcb/,1,1,0.0
url,https://server.ethicalads.io/proxy/click/8176/01996d9e-f37b-7831-9648-a0ab2d29e341/,1,1,0.0
url,https://server.ethicalads.io/proxy/click/9025/01996cf8-0998-75a1-a880-ea49961eea04/,1,1,0.0
url,https://server.ethicalads.io/proxy/click/9027/01996ab8-d6e0-75a2-af1d-55ddf4720353/,1,1,0.0
url,https://server.ethicalads.io/proxy/click/9027/01996c31-67f7-78b0-82db-cdd959d36add/,1,1,0.0
url,https://server.ethicalads.io/proxy/click/9184/01996aa1-a3dc-7381-9ed2-1f0d34bcedb2/,1,1,0.0
url,https://server.ethicalads.io/proxy/click/9184/01996ab5-30bf-76b2-bb89-14e8701c3c0c/,1,1,0.0
url,https://server.ethicalads.io/proxy/click/9188/01996c4e-9129-71a2-8294-668d24c39e59/,1,1,0.0
url,https://server.ethicalads.io/proxy/click/9199/01996aed-b4d9-7680-b257-cda91e36f2f9/,1,1,0.0
url,https://server.ethicalads.io/proxy/click/9213/01996c06-feb3-7e20-8b29-8231ca78154d/,1,1,0.0
url,https://setuptools.pypa.io/en/latest/references/keywords.html,1,1,0.0
url,https://setuptools.pypa.io/en/latest/userguide/miscellaneous.html#using-manifest-in,1,1,0.0
url,https://setuptools.pypa.io/en/latest/userguide/pyproject_config.html,1,1,0.0
url,https://setuptools.pypa.io/en/latest/userguide/pyproject_config.html#dynamic-metadata,1,1,0.0
url,https://setuptools.readthedocs.io/en/latest/deprecated/easy_install.html#natural-script-launcher,1,1,0.0
url,https://setuptools.readthedocs.io/en/latest/history.html#v42-0-0,1,1,0.0
url,https://tox.wiki/en/latest/index.html,1,1,0.0
url,https://translate.google.com/website?sl=en&tl=pt&hl=pt&client=srp&u=https://bootstrap.pypa.io/get-pip.py,1,1,0.0
url,https://www.ethicalads.io/advertisers/topics/devops/?ref=ea-text,1,1,0.0
url,https://www.fullstackpython.com/docker.html,1,1,0.0
url,https://www.pypa.io/en/latest/specifications/,1,1,0.0
url,https://www.sphinx-doc.org/en/master/internals/release-process.html,1,1,0.0
url,https://www.sphinx-doc.org/en/master/usage/restructuredtext/basics.html,1,1,0.0
