name,visitors,bounce_rate,visit_duration
pypi.org,3349,78,70
google.com,2137,81,75
Direct / None,1644,72,98
jupyter.org,332,82,36
docs.python.org,227,72,66
pip.pypa.io/en/stable,120,67,51
pip.pypa.io/en/stable/installation,92,77,65
search.brave.com,90,88,40
duckduckgo.com,73,68,115
bing.com,57,79,49
yandex.ru,51,86,25
docs.astral.sh,41,68,67
ai.google.dev,38,76,147
pip.pypa.io,32,70,40
huggingface.co,26,73,127
chatgpt.com,22,74,131
peps.python.org,20,60,14
test.pypi.org,18,72,79
github.com,16,81,52
youtube.com,16,75,223
ecosia.org,12,92,260
brightspace.albany.edu,9,36,478
cn.bing.com,9,67,32
pip.pypa.io/en/latest,9,56,292
google.com.hk,8,88,17
roadmap.sh,7,100,0
discuss.python.org,6,83,16
perplexity.ai,6,83,243
pip.pypa.io/en/stable/getting-started,6,83,2
pipx.pypa.io/stable/installation,6,50,87
scipy.org,6,83,9
ya.ru,6,83,60
docs.ansible.com,5,100,0
flask.palletsprojects.com/en/stable/tutorial/install,5,75,102
github.com/huggingface/transformers/blob/main/i18n/README_zh-hans.md,5,100,0
moodle.simmons.edu,5,100,0
pypi.com.cn,5,60,34
realpython.com,5,60,2234
app.readthedocs.org,4,0,24
cloud.google.com,4,67,62
moodle.usherbrooke.ca,4,100,0
pip.pypa.io/en/stable/index.html,4,50,118
statics.teams.cdn.office.net,4,100,0
android-app://com.google.android.googlequicksearchbox,3,100,0
coccoc.com/search,3,100,0
devdocs.ms.com,3,67,7
docs.pypi.org/api/index-api,3,67,13
github.com/Mord3rca/gamma-launcher,3,100,0
github.com/PatrickL546/Hydrax-Abyss.to-DownloadHelper-Python,3,67,3
github.com/astral-sh/uv/issues/7132,3,67,115
github.com/pypa/pip,3,0,191
google.de,3,33,247
in.search.yahoo.com,3,67,5
learn-anything.xyz,3,100,0
opengeosys.org,3,100,0
pypa.io/en/latest,3,100,0
python.org,3,67,3
twine.readthedocs.io/en/stable,3,67,2
yandex.com.tr,3,100,0
blog.inedo.com,2,100,0
cartography-cncf.github.io,2,100,0
developer.blueplanet.com,2,50,80
developers.google.com,2,100,0
doc.qt.io,2,0,58
docs.pypi.org/project_metadata,2,100,0
docs.python.org/3.13/installing/index.html,2,100,0
docs.pytorch.org,2,100,0
docs.unity3d.com,2,100,0
exam.sanand.workers.dev,2,100,0
github.com/Lattyware/unrpa,2,100,0
github.com/astral-sh/uv/issues/6298,2,100,0
github.com/pypi/warehouse/issues/17868,2,100,0
github.com/thonny/thonny/wiki/Plugins,2,0,29
github.com/vlachoudis/bCNC/wiki/Installation,2,100,0
google.com.au,2,50,52
greenteapress.com,2,50,2
hatch.pypa.io,2,100,0
jinja.palletsprojects.com/en/stable/intro,2,100,0
kitmaker.gitlab-master-pages.nvidia.com,2,100,0
launchpad.net,2,50,145
packaging-python-org.translate.goog,2,50,73
pip.pypa.io/en/latest/installation,2,100,0
pip.pypa.io/en/stable/cli/pip_install,2,100,0
pypi.org/project/pynput,2,0,163
pyromat.org,2,50,63
python-poetry.org,2,50,28
python.plainenglish.io,2,100,0
robotframework.org,2,50,58
scikit-build-core.readthedocs.io/en/stable/guide/getting_started.html,2,100,0
twine.readthedocs.io,2,100,0
uv.doczh.com,2,100,0
weewx.com,2,67,9
17lands.com,1,100,0
android-app://com.reddit.frontpage,1,100,0
aparat.com,1,100,0
ar.search.yahoo.com,1,0,55
avslab.github.io,1,100,0
bandersnatch.readthedocs.io/en/latest/mirror_configuration.html,1,100,0
bbgithub.dev.bloomberg.com,1,100,0
betterscientificsoftware.github.io,1,100,0
biogeme.epfl.ch,1,100,0
blog.csdn.net/pi_kaqiu/article/details/123954308,1,0,444
blog.naver.com/PostView.naver,1,100,0
build.pypa.io,1,0,33
builtin.com,1,100,0
ca.search.yahoo.com,1,0,215
cantera.org,1,100,0
chat.qwen.ai/c/e057ef54-d8be-40b1-833a-941387679082,1,100,0
cnblogs.com,1,100,0
community.influxdata.com,1,100,0
courses.edx.org,1,100,0
cs50.readthedocs.io/pip,1,100,0
dev.azure.com,1,0,10
devdocs.io,1,100,0
developer.flowroute.com,1,100,0
developer.pix4d.com,1,100,0
devguide.python.org/documentation/start-documenting,1,100,0
digitology.tech,1,100,0
dnmtechs.com,1,100,0
doc.courtbouillon.org,1,0,21
docs.apify.com,1,0,263
docs.lumi-supercomputer.eu,1,100,0
docs.marimo.io,1,100,0
docs.pylonsproject.org,1,100,0
docs.pypi.org,1,100,0
docs.pypi.org/api/bigquery,1,100,0
docs.pytest.org/en/stable/explanation/goodpractices.html,1,100,0
docs.python.org/3.11/installing/index.html,1,0,69
docs.python.org/3.12/installing/index.html,1,100,0
docs.python.org/3/distributing/index.html,1,100,0
docs.python.org/3/library/venv.html,1,100,0
docs.python.org/zh-cn/3.9/installing/index.html,1,0,5
docs.python.org/zh-cn/3/installing/index.html,1,100,0
everest.github.io,1,100,0
fishros.com,1,100,0
flask-wtf.readthedocs.io/en/0.15.x/install,1,100,0
flask.palletsprojects.com/zh-cn/stable/tutorial/install,1,100,0
freecodecamp.org/news/how-to-use-pytest-a-guide-to-testing-in-python,1,0,157
gemini.google.com,1,100,0
github.com/EDCD/EDMarketConnector/wiki/Running-from-source,1,0,1302
github.com/Labellerr/Hands-On-Learning-in-Computer-Vision/blob/main/README.md,1,100,0
github.com/NVIDIA/numbast/blob/main/numbast/README.md,1,100,0
github.com/ReFirmLabs/binwalk/issues/352,1,100,0
github.com/SeleniumHQ/selenium,1,100,0
github.com/Unity-Technologies/ml-agents/blob/develop/docs/Installation.md,1,100,0
github.com/astral-sh/uv/issues/5903,1,100,0
github.com/astral-sh/uv/issues/6302,1,100,0
github.com/astral-sh/uv/issues/7429,1,100,0
github.com/autokey/autokey/wiki/Installing,1,100,0
github.com/datnnt1997/CygnusX1,1,100,0
github.com/ericdasse28/pycraft-training-credit-default-prediction,1,0,60
github.com/fpgmaas/cookiecutter-uv,1,100,0
github.com/huggingface/diffusers/blob/main/docs/source/en/installation.md,1,100,0
github.com/huggingface/transformers/blob/main/i18n/README_ko.md,1,100,0
github.com/kmhmubin/Face-Recognition-Attendance-System,1,100,0
github.com/lin-shuyu/VAE-LSTM-for-anomaly-detection/tree/master,1,100,0
github.com/mikechabot/smtp-email-spoofer-py,1,100,0
github.com/mnh-jansson/m18-protocol/issues/10,1,0,97
github.com/nevilparmar11/Attendance-Management-System-Using-Face-Recognition,1,100,0
github.com/nickolas-z/wolf357,1,100,0
github.com/numpy/numpy/blob/main/INSTALL.rst,1,100,0
github.com/openzim/ifixit,1,100,0
github.com/pypa/packaging.python.org,1,0,99
github.com/pypa/pip/issues/11457,1,100,0
github.com/pypa/pip/issues/12063,1,100,0
github.com/pypa/pip/issues/5599,1,0,11
github.com/pypa/pip/tree/main,1,100,0
github.com/python/cpython/blob/main/Mac/README.rst,1,0,86
github.com/qmk/qmk_cli,1,100,0
github.com/rpomponio/neuroHarmonize/blob/master/pypi_instructions.md,1,100,0
github.com/tensorflow/examples/tree/master/lite/examples/model_personalization,1,0,202
github.com/zsennenga/hades_save_editor,1,100,0
google.co.uk,1,100,0
google.es,1,100,0
google.fr,1,0,693
google.se,1,100,0
hf-mirror.com,1,0,46
hirokiky.org/tech/create_django_library.html,1,100,0
ibm.com,1,100,0
id.search.yahoo.com,1,100,0
improveme.udemy.com,1,100,0
in.nau.edu,1,100,0
intellij-support.jetbrains.com,1,100,0
jfrog.com,1,100,0
jinja.palletsprojects.com,1,100,0
learn.microsoft.com,1,100,0
link.zhihu.com,1,100,0
linkedin.com,1,100,0
maestrowf.readthedocs.io/en/latest/Maestro/install.html,1,100,0
matextract.pub,1,100,0
mayeut.github.io,1,100,0
medium.com/@life-is-short-so-enjoy-it/conda-poetry-note-while-experimenting-with-how-they-work-together-macos-2021-14-mbp-17ef8780cdac,1,0,1458
mx.search.yahoo.com,1,0,415
nedbatchelder.com/blog/202402/one_way_to_package_python_code_right_now.html,1,100,0
networkx.org,1,100,0
news.ycombinator.com,1,0,80
ntct-confluence.netscout.com,1,100,0
numpy.org,1,100,0
opensource.guide,1,100,0
packaging.pypa.io,1,100,0
packaging.pypa.io/en/latest/version.html,1,100,0
paramiko.org/installing.html,1,100,0
pip.pypa.io/en/stable/reference/requirement-specifiers,1,0,1958
pixi.sh,1,100,0
pl.search.yahoo.com,1,0,258
pyarmor.readthedocs.io/zh/stable/tutorial/getting-started.html,1,100,0
pygraphviz.github.io,1,100,0
pyodide.org/en/stable/usage/faq.html,1,100,0
pypi-org.translate.goog,1,100,0
pypi.com.cn/project/pycam,1,100,0
qiita.com,1,100,0
quantumai.google,1,100,0
quarto.org,1,0,395
read.amazon.com,1,100,0
relay-lq.byted.org,1,100,0
rocketcea.readthedocs.io/en/latest/quickstart.html,1,100,0
ruslanspivak.com,1,100,0
scikit-build-core.readthedocs.io/en/latest/guide/getting_started.html,1,100,0
search.naver.com,1,100,0
setuptools.pypa.io/en/latest/userguide/datafiles.html,1,0,38
setuptools.pypa.io/en/latest/userguide/miscellaneous.html,1,100,0
setuptools.pypa.io/en/latest/userguide/package_discovery.html,1,100,0
setuptools.pypa.io/en/latest/userguide/pyproject_config.html,1,0,211
sphinx-doc.org/en/master/usage/installation.html,1,100,0
studio.genai.cba,1,100,0
tox-pipenv.readthedocs.io/en/latest,1,100,0
twine.readthedocs.io/en/latest,1,100,0
upload.pypi.org,1,100,0
yandex.by,1,100,0
yandex.kz,1,100,0
