property,value,visitors,events,percentage
url,(none),9611,20714,99.6
url,https://www.python.org/,213,240,2.2
url,https://github.com/python/cpython/tree/3.13/Lib/idlelib/,23,33,0.2
url,https://pypi.org/,19,19,0.2
url,https://www.python.org/downloads/,14,15,0.1
url,https://packaging.python.org/,6,6,0.1
url,https://packaging.python.org/en/latest/tutorials/installing-packages/#ensure-pip-setuptools-and-wheel-are-up-to-date,6,7,0.1
url,https://peps.python.org/pep-0008/,6,8,0.1
url,https://packaging.python.org/en/latest/tutorials/packaging-projects/,5,5,0.1
url,https://wiki.python.org/moin/PythonEditors,5,5,0.1
url,https://www.python.org/downloads/macos/,5,6,0.1
url,https://github.com/python/cpython/tree/3.13/Lib/turtle.py,4,8,0.0
url,https://infozip.sourceforge.net/,4,6,0.0
url,https://buildozer.readthedocs.io/,3,3,0.0
url,https://packaging.python.org/en/latest/tutorials/installing-packages/,3,3,0.0
url,https://packaging.python.org/installing/,3,3,0.0
url,https://tkdocs.com/,3,5,0.0
url,https://wiki.python.org/moin/PythonBooks,3,3,0.0
url,https://www.debian.org/doc/manuals/maint-guide/first.en.html,3,3,0.0
url,https://www.jython.org/,3,3,0.0
url,https://www.tkdocs.com/shipman/,3,6,0.0
url,https://www.unicode.org/Public/15.1.0/ucd/NameAliases.txt,3,3,0.0
url,https://briefcase.readthedocs.io/,2,2,0.0
url,https://github.com/pvieito/PythonKit,2,2,0.0
url,https://github.com/python/cpython/blob/main/Doc/contents.rst,2,2,0.0
url,https://github.com/python/cpython/blob/main/Doc/tutorial/appetite.rst,2,2,0.0
url,https://github.com/python/cpython/blob/main/Doc/tutorial/index.rst,2,2,0.0
url,https://github.com/python/cpython/blob/main/Doc/tutorial/introduction.rst,2,2,0.0
url,https://github.com/python/cpython/tree/3.13/Lib/gzip.py,2,2,0.0
url,https://github.com/python/cpython/tree/3.13/Lib/idlelib,2,3,0.0
url,https://github.com/python/cpython/tree/3.13/Lib/importlib/resources/__init__.py,2,2,0.0
url,https://github.com/python/cpython/tree/3.13/Lib/io.py,2,2,0.0
url,https://github.com/python/cpython/tree/3.13/Lib/random.py,2,2,0.0
url,https://github.com/python/cpython/tree/3.13/Lib/venv/,2,2,0.0
url,https://github.com/python/cpython/tree/3.13/Lib/zipfile/,2,3,0.0
url,https://packaging.python.org/installing/#creating-virtual-environments,2,2,0.0
url,https://packaging.python.org/science/,2,2,0.0
url,https://peps.python.org/pep-0011/,2,2,0.0
url,https://peps.python.org/pep-0745/,2,2,0.0
url,https://peps.python.org/pep-3107/,2,3,0.0
url,https://pyo3.rs/,2,2,0.0
url,https://pypi.org/project/telnetlib3/,2,2,0.0
url,https://tiswww.case.edu/php/chet/readline/rltop.html,2,2,0.0
url,https://wiki.python.org/moin/IntegratedDevelopmentEnvironments,2,2,0.0
url,https://www.python.org/doc/versions/,2,2,0.0
url,https://www.python.org/downloads/source/,2,2,0.0
url,https://apps.microsoft.com/detail/9NQ7512CXL7T,1,1,0.0
url,https://brew.sh/,1,1,0.0
url,https://bugs.python.org/issue?@action=redirect&bpo=12782,1,1,0.0
url,https://code.activestate.com/recipes/576642-persistent-dict-with-multiple-standard-file-format/,1,1,0.0
url,https://devguide.python.org/,1,1,0.0
url,https://devguide.python.org/documentation/translating/,1,1,0.0
url,https://en.wikipedia.org/wiki/Cartesian_product,1,1,0.0
url,https://en.wikipedia.org/wiki/Cursor_(databases),1,1,0.0
url,https://en.wikipedia.org/wiki/Error_function,1,1,0.0
url,https://en.wikipedia.org/wiki/Fibonacci_sequence,1,1,0.0
url,https://en.wikipedia.org/wiki/Thread_(computing),1,1,0.0
url,https://en.wikipedia.org/wiki/Turtle_(robot),1,2,0.0
url,https://github.com/python/cpython/blob/main/Doc/bugs.rst,1,1,0.0
url,https://github.com/python/cpython/blob/main/Doc/tutorial/controlflow.rst,1,2,0.0
url,https://github.com/python/cpython/blob/main/Doc/tutorial/interpreter.rst,1,2,0.0
url,https://github.com/python/cpython/issues/114099,1,1,0.0
url,https://github.com/python/cpython/issues/115754,1,1,0.0
url,https://github.com/python/cpython/issues/124533,1,1,0.0
url,https://github.com/python/cpython/issues/74929,1,1,0.0
url,https://github.com/python/cpython/issues/75299,1,1,0.0
url,https://github.com/python/cpython/tree/3.13/Android/testbed,1,1,0.0
url,https://github.com/python/cpython/tree/3.13/Lib/asyncio/streams.py,1,1,0.0
url,https://github.com/python/cpython/tree/3.13/Lib/ctypes,1,1,0.0
url,https://github.com/python/cpython/tree/3.13/Lib/datetime.py,1,1,0.0
url,https://github.com/python/cpython/tree/3.13/Lib/difflib.py,1,1,0.0
url,https://github.com/python/cpython/tree/3.13/Lib/heapq.py,1,1,0.0
url,https://github.com/python/cpython/tree/3.13/Lib/html/parser.py,1,1,0.0
url,https://github.com/python/cpython/tree/3.13/Lib/importlib/__init__.py,1,1,0.0
url,https://github.com/python/cpython/tree/3.13/Lib/json/__init__.py,1,1,0.0
url,https://github.com/python/cpython/tree/3.13/Lib/multiprocessing/,1,1,0.0
url,https://github.com/python/cpython/tree/3.13/Lib/os.py,1,1,0.0
url,https://github.com/python/cpython/tree/3.13/Lib/pathlib/,1,1,0.0
url,https://github.com/python/cpython/tree/3.13/Lib/pydoc.py,1,1,0.0
url,https://github.com/python/cpython/tree/3.13/Lib/sched.py,1,2,0.0
url,https://github.com/python/cpython/tree/3.13/Lib/string.py,1,1,0.0
url,https://github.com/python/cpython/tree/3.13/Lib/textwrap.py,1,1,0.0
url,https://github.com/python/cpython/tree/3.13/Lib/tkinter/__init__.py,1,1,0.0
url,https://github.com/python/cpython/tree/3.13/Lib/tkinter/simpledialog.py,1,1,0.0
url,https://github.com/python/cpython/tree/3.13/Lib/tkinter/ttk.py,1,1,0.0
url,https://github.com/python/cpython/tree/3.13/Lib/typing.py,1,1,0.0
url,https://github.com/python/cpython/tree/3.13/Objects/exceptions.c,1,1,0.0
url,https://github.com/python/cpython/tree/main/Lib/asyncio/events.py,1,2,0.0
url,https://github.com/python/cpython/tree/main/Lib/tarfile.py,1,1,0.0
url,https://gunicorn.org/,1,2,0.0
url,https://json.org/,1,1,0.0
url,https://manpages.debian.org/strftime(3),1,1,0.0
url,https://manpages.debian.org/tzfile(5),1,2,0.0
url,https://manpages.debian.org/vsnprintf(3),1,1,0.0
url,https://msdn.microsoft.com/en-us/library/ms724884%28v=VS.85%29.aspx,1,1,0.0
url,https://mypy.readthedocs.io/en/stable/cheat_sheet_py3.html,1,1,0.0
url,https://packaging.python.org/installing/#requirements-for-installing-packages,1,1,0.0
url,https://peps.python.org/pep-0011/#tier-3,1,1,0.0
url,https://peps.python.org/pep-0237/,1,1,0.0
url,https://peps.python.org/pep-0342/,1,1,0.0
url,https://peps.python.org/pep-0343/,1,1,0.0
url,https://peps.python.org/pep-0411/,1,1,0.0
url,https://peps.python.org/pep-0484/,1,1,0.0
url,https://peps.python.org/pep-0492/,1,1,0.0
url,https://peps.python.org/pep-0530/,1,1,0.0
url,https://peps.python.org/pep-0557/,1,1,0.0
url,https://peps.python.org/pep-0567/,1,1,0.0
url,https://peps.python.org/pep-0572/,1,1,0.0
url,https://peps.python.org/pep-0593/,1,1,0.0
url,https://peps.python.org/pep-0594/,1,1,0.0
url,https://peps.python.org/pep-0604/,1,1,0.0
url,https://peps.python.org/pep-0614/,1,1,0.0
url,https://peps.python.org/pep-0616/,1,1,0.0
url,https://peps.python.org/pep-0634/,1,1,0.0
url,https://peps.python.org/pep-0636/,1,1,0.0
url,https://peps.python.org/pep-0667/,1,1,0.0
url,https://peps.python.org/pep-0682/,1,1,0.0
url,https://peps.python.org/pep-0684/,1,1,0.0
url,https://peps.python.org/pep-0692/,1,1,0.0
url,https://peps.python.org/pep-0693/,1,1,0.0
url,https://peps.python.org/pep-0695/,1,1,0.0
url,https://peps.python.org/pep-0703/,1,1,0.0
url,https://peps.python.org/pep-0719/,1,1,0.0
url,https://peps.python.org/pep-0730/,1,1,0.0
url,https://peps.python.org/pep-0738/,1,1,0.0
url,https://peps.python.org/pep-0744/,1,1,0.0
url,https://peps.python.org/pep-3119/,1,1,0.0
url,https://peps.python.org/pep-3120/,1,1,0.0
url,https://peps.python.org/pep-3141/,1,1,0.0
url,https://perf.wiki.kernel.org/,1,1,0.0
url,https://pybind11.readthedocs.io/,1,1,0.0
url,https://pypi.org/project/tomlkit/,1,1,0.0
url,https://pypy.org/,1,1,0.0
url,https://requests.readthedocs.io/en/master/,1,1,0.0
url,https://rhettinger.wordpress.com/2011/05/26/super-considered-super/,1,1,0.0
url,https://typing.python.org/en/latest/spec/index.html,1,2,0.0
url,https://web.archive.org/web/20150315073817/http://www.xprogramming.com/testfram.htm,1,4,0.0
url,https://www.anaconda.com/download/,1,1,0.0
url,https://www.iana.org/assignments/iana-ipv4-special-registry/iana-ipv4-special-registry.xhtml,1,1,0.0
url,https://www.nuget.org/packages/python,1,1,0.0
url,https://www.tcl.tk/man/tcl8.6/TkCmd/contents.htm,1,2,0.0
url,https://www.unicode.org/versions/Unicode15.1.0/ch04.pdf,1,1,0.0
url,https://www.w3schools.com/sql/,1,1,0.0
