name,visitors,bounce_rate,visit_duration
Direct / None,1192,74,145
Google,1046,77,106
Bing,84,66,53
es.python.org,66,42,102
python.org,64,0,478
Brave,47,87,237
chatgpt.com,38,70,307
DuckDuckGo,16,93,11
app.aluracursos.com,12,91,2
react-app-python-runner.vercel.app,11,82,163
Yahoo!,10,64,128
campus110.unad.edu.co,7,57,697
translations.python.org,6,17,147
Perplexity,5,80,85
GitHub,4,25,962
educapermanente.itla.edu.do,4,75,327
pregrado.ucundinamarca.edu.co,4,75,14
skilio.com,4,50,330
wiki.python.org.ar,4,100,107
freecodecamp.org,3,100,0
view.genially.com,3,100,205
Ecosia,2,50,174
agora.uned.es,2,100,0
app.certidevs.com,2,0,118
aulavirtual.iesthosicodina.cat,2,50,243
campus.ucp.edu.ar,2,0,118
cnsc.gov.co,2,50,20
estudiantes.campus.humai.com.ar,2,50,64
hablemospython.dev,2,100,0
leer.amazon.com.mx,2,100,0
moodle.ucenfotec.ac.cr,2,100,0
oceanhero.today,2,50,11
savio.utb.edu.co,2,0,204
udemy.com,2,0,3
Coccoc,1,100,0
Mail.ru,1,100,0
Microsoft Teams,1,100,0
Qwant,1,100,0
Youtube,1,100,0
atenea.upc.edu,1,100,0
aulas.iacc.cl,1,100,0
aulavirtual37.educa.madrid.org,1,100,0
bloqueneon.uniandes.edu.co,1,100,0
campusvirtual.univalle.edu.co,1,0,43
canvas.unab.cl,1,100,0
claude.ai,1,100,0
cs50.harvard.edu,1,0,0
edube.org,1,0,0
educacionadistancia.juntadeandalucia.es,1,100,0
ellibrodepython.com,1,0,0
fastapi.tiangolo.com,1,0,26
formacion.intef.es,1,100,0
fpadistancia.edu.xunta.gal,1,100,0
informatecdigital.com,1,0,32
kivy.org,1,0,0
netacad.com,1,0,8
plataforma-beta.coderhouse.com,1,0,1
posgradouni.neolms.com,1,100,0
sepe.dicampus.es,1,100,0
uabc.blackboard.com,1,100,0
virtual.ucsp.edu.pe,1,100,0
virtual.unju.edu.ar,1,100,0
webasignatura.ucu.edu.uy,1,0,61
wiki.python.org,1,0,1374
www-python-org.translate.goog,1,0,47
