name,visitors,bounce_rate,visit_duration
Direct / None,5453,64,247
cn.bing.com,1163,72,119
google.com,964,81,140
baidu.com/link,910,78,64
google.com.hk,242,79,194
python.org,188,0,513
bing.com,158,77,146
baidu.com,154,74,93
m.baidu.com,92,85,53
codecademy.cn,81,57,159
link.zhihu.com,57,65,277
doubao.com,54,70,159
link.csdn.net,39,73,132
chatgpt.com,32,58,348
courses.zju.edu.cn,30,67,115
so.com/link,19,74,118
cn.bing.com/search,11,82,44
codecademy.cn/tutorial/python,10,30,108
py.fr.to,10,56,85
python.github.net.cn,9,0,263
m.baidu.com/s,8,100,0
chat.baidu.com,7,71,69
fastapi.tiangolo.com,7,80,143
oi-wiki.org,7,43,148
runoob.com,7,83,81
c.biancheng.net,6,83,53
ntp.msn.cn,6,33,360
codemao.yuque.com,5,100,0
yuanbao.tencent.com,5,60,54
yuque.com,5,60,62
momodel.cn,4,100,0
web.shanbay.com,4,100,0
cnblogs.com,3,67,4
gemini.google.com,3,0,302
google.com.tw,3,100,0
heeee.com,3,0,53
link.juejin.cn,3,100,0
notice.chaoxing.com,3,33,148
opencsg.com,3,67,19
pcnplggdn9ks.feishu.cn,3,100,0
python.p2hp.com,3,0,85
synxlab.feishu.cn,3,67,2
127.0.0.1,2,0,448
192.168.131.202,2,100,0
3ms.huawei.com,2,100,0
agent.doubao.com.cn,2,50,192
blog.csdn.net/weixin_40134371/article/details/139996841,2,100,0
blog.csdn.net/weixin_42782150/article/details/127088599,2,100,0
boot.dev,2,0,443
copilot.microsoft.com,2,50,3
cs50.harvard.edu,2,0,438
csdiy.wiki,2,0,24
doubao.com/chat/20638480677591554,2,0,1198
duckduckgo.com,2,100,68
ilearning.huawei.com,2,0,852
link.segmentfault.com,2,0,80
lintcode.com,2,100,0
m.baidu.com/from=1001703a/bd_page_type=1/ssid=0/uid=0/pu=usm%400%2Csz%401320_1001%2Cta%40iphone_2_15.0_18_40.10/baiduid=182C894F3A726C6598283769A6345AF6/w=0_10_/t=iphone/l=1/tc,2,0,87
m.baidu.com/from=1021611r/bd_page_type=1/ssid=0/uid=0/pu=usm%403%2Csz%401320_1001%2Cta%40iphone_2_12.0_24_114.0/baiduid=DBA6D592BFD98C075BCB3A3C3731FEA3/w=0_10_/t=iphone/l=1/tc,2,50,3
m.baidu.com/from=844b/bd_page_type=1/ssid=0/uid=0/pu=usm%400%2Csz%401320_1001%2Cta%40iphone_2_10.0_24_130.0/baiduid=06D9133C3B12E2526DC08F4755F7A095/w=0_10_/t=iphone/l=1/tc,2,0,120
mo.zju.edu.cn,2,50,48
mubu.com,2,0,106
nativeapp.toutiao.com,2,50,6
notion.so,2,50,10
numpy.org,2,0,1450
packaging.python.org/en/latest/tutorials/installing-packages,2,0,272
pyloong.github.io,2,0,1880
python.byted.org,2,50,366
python.org/doc,2,0,1679
python.org/downloads/release/python-3137,2,0,108
pythonbuch.com,2,0,156
repo.mindspore.cn,2,0,1966
sogou.com/link,2,100,21
space.coze.cn,2,0,100
teko.woa.com,2,0,76
tianqi.gitcode.com,2,50,15
tongyi.com,2,0,707
wolai.com,2,100,0
xhgouvgzpcwp.labs.coursera.org,2,0,18
yandex.com,2,100,0
0x5a0x480x52.github.io/robomaster-vision-start-up/yu-yan-ji-chu-yu-gong-cheng-neng-li/python-ru-men.html,1,100,0
4127d4w547.zicp.vip,1,100,0
52zwbc.com/0jc/2bian/00.html,1,100,0
61.182.98.7,1,0,585
aike.smu.edu.cn,1,100,0
aisearch.qq.com,1,0,457
android-app://com.google.android.googlequicksearchbox,1,0,27
ask.athena.huawei.com,1,100,0
ask.csdn.net/questions/7803044,1,100,0
asyncstdlib.readthedocs.io/en/stable/source/api/contextlib.html,1,0,967
bidianer.com,1,100,0
blog.51cto.com,1,0,18
blog.csdn.net/2302_79615646/article/details/147144209,1,0,39
blog.csdn.net/liaoqingjian/article/details/148579832,1,0,88
blog.csdn.net/maymay_/article/details/112244930,1,100,0
blog.csdn.net/qq_36791177/article/details/144567790,1,0,16
blog.csdn.net/ssw_1990/article/details/142374067,1,100,0
blog.csdn.net/weixin_42399800/article/details/143822422,1,100,0
bookstack.cn,1,100,0
bot.n.cn,1,0,295
byhy.net,1,0,21
chatgnpt.gn.com,1,0,41
code.visualstudio.com,1,0,296
codemao.yuque.com/kzbwh0/turtle__guide/fk23qp,1,100,0
courses.gdut.edu.cn,1,100,0
crossincode.com,1,0,1954
docs.pingcode.com,1,0,94
doubao.com/chat/19687716886225666,1,100,0
doubao.com/chat/20863869675153410,1,100,0
doubao.com/chat/20875794703297538,1,100,0
doubao.com/chat/20879839126660354,1,0,9
doubao.com/chat/20884678275978498,1,100,0
doubao.com/chat/20901450957971202,1,100,0
ecosia.org,1,0,21
edu.seentao.com/runner_web/courseware/learning,1,100,0
educoder.net/tasks/NRPTBQ8Y/2400309/cgv6hsm8573r,1,0,23
escapelife.site,1,0,89
friday.agoralab.co,1,100,0
github.com,1,100,0
github.com/ByteCola/Flask-Travel-NLP-QA,1,100,0
github.com/Dobot-Arm/TCP-IP-4Axis-Python,1,100,0
github.com/URenko/Accesser,1,100,0
github.com/fastapi/fastapi/discussions/8612,1,100,0
github.com/huangsam/ultimate-python,1,0,9
github.com/nemo2011/bilibili-api,1,100,0
github.com/zhengqingya/java-developer-document/blob/e0c7c50f39dd2c425344025534247b26028ff957/%E7%9F%A5%E8%AF%86%E5%BA%93/Python/02-%E5%9F%BA%E7%A1%80/%E5%AD%A6%E4%B9%A0%E8%B5%84%E6%BA%90.md,1,0,88
google.com.sg,1,100,0
google.com/search,1,0,144
grow.alibaba-inc.com,1,100,0
huggingface.co,1,0,820
i.zte.com.cn,1,0,829
illustratedtheoryofnumbers.com,1,0,43
innotron.feishu.cn,1,100,0
iusepy.cn,1,100,0
kdocs.cn,1,100,0
kivy.org,1,0,125
learning-pytest.readthedocs.io/zh/latest/doc/test-function/assert.html,1,0,0
learnxinyminutes.com,1,0,660
m.baidu.com/from=1001192y/bd_page_type=1/ssid=0/uid=0/pu=usm%400%2Csz%401320_1001%2Cta%40iphone_2_10.0_28_16.0/baiduid=23BC6B738D5004AB415874C95D0C7E89/w=0_10_/t=iphone/l=1/tc,1,0,1
m.baidu.com/from=1001192y/bd_page_type=1/ssid=0/uid=0/pu=usm%400%2Csz%401320_1001%2Cta%40iphone_2_10.0_28_16.0/baiduid=53207F775A7FAECC9521CC7A9E6C1997/w=10_10_/t=iphone/l=1/tc,1,100,0
m.baidu.com/from=1001192y/bd_page_type=1/ssid=0/uid=0/pu=usm%400%2Csz%401320_1001%2Cta%40iphone_2_10.0_28_16.0/baiduid=DBB4C589DFE8006B5FB983221774D247/w=0_10_/t=iphone/l=1/tc,1,0,17
m.baidu.com/from=1001192y/bd_page_type=1/ssid=0/uid=0/pu=usm%400%2Csz%401320_1001%2Cta%40iphone_2_12.0_28_16.0/baiduid=35D5A3788E7037108ECF387EFC74EA0D/w=0_10_/t=iphone/l=1/tc,1,0,1
m.baidu.com/from=1001192y/bd_page_type=1/ssid=0/uid=0/pu=usm%400%2Csz%401320_1001%2Cta%40iphone_2_12.0_28_16.0/baiduid=4C2A0564E377D8B11F6BF62419BFA60B/w=0_10_/t=iphone/l=1/tc,1,0,1
m.baidu.com/from=1001192y/bd_page_type=1/ssid=0/uid=0/pu=usm%400%2Csz%401320_1001%2Cta%40iphone_2_12.0_28_16.0/baiduid=C4E88AAB041B6FC3D2A3DC9E712A1783/w=0_10_/t=iphone/l=1/tc,1,100,0
m.baidu.com/from=1001192y/bd_page_type=1/ssid=0/uid=0/pu=usm%400%2Csz%401320_1001%2Cta%40iphone_2_12.0_28_16.0/baiduid=D2FB4F09DCB976C2FECD14EAB7747545/w=0_10_/t=iphone/l=1/tc,1,100,0
m.baidu.com/from=1001192y/bd_page_type=1/ssid=0/uid=0/pu=usm%400%2Csz%401320_220%2Cta%40iphone___24_114.0/baiduid=525A4F0D5F6D4A2F6E88CDC205D261B2/w=0_10_/t=iphone/l=1/tc,1,100,0
m.baidu.com/from=1001192y/bd_page_type=1/ssid=0/uid=0/pu=usm%400%2Csz%401320_220%2Cta%40iphone___24_114.0/baiduid=6F09001DE711BA304BE764D5D12E7C16/w=0_10_/t=iphone/l=1/tc,1,100,0
m.baidu.com/from=1001192y/bd_page_type=1/ssid=0/uid=0/pu=usm%401%2Csz%401320_1001%2Cta%40iphone_2_12.0_28_14.0/baiduid=97FD0A0DAF7A032C29956289C3F31A93/w=0_10_/t=iphone/l=1/tc,1,100,0
m.baidu.com/from=1001192y/bd_page_type=1/ssid=0/uid=0/pu=usm%401%2Csz%401320_1001%2Cta%40iphone_2_12.0_28_16.0/baiduid=D2FB4F09DCB976C2FECD14EAB7747545/w=0_10_/t=iphone/l=1/tc,1,0,1
m.baidu.com/from=1001192y/bd_page_type=1/ssid=0/uid=0/pu=usm%402%2Csz%401320_1001%2Cta%40iphone_2_12.0_28_16.0/baiduid=72B725D472912169CF5B564379AFD51B/w=0_10_/t=iphone/l=1/tc,1,0,0
m.baidu.com/from=1001192y/bd_page_type=1/ssid=0/uid=0/pu=usm%402%2Csz%401320_1001%2Cta%40iphone_2_12.0_28_16.0/baiduid=91B40F3DCFC879C8A322CC00D5CBC38D/w=0_10_/t=iphone/l=1/tc,1,0,8
m.baidu.com/from=1001192y/bd_page_type=1/ssid=0/uid=0/pu=usm%402%2Csz%401320_1001%2Cta%40iphone_2_12.0_28_16.0/baiduid=B53EB1CD9089EE3EA5DB027B0FB68983/w=0_10_/t=iphone/l=1/tc,1,0,1
m.baidu.com/from=1001192y/bd_page_type=1/ssid=0/uid=0/pu=usm%402%2Csz%401320_220%2Cta%40iphone___24_114.0/baiduid=551432F27156BA4827BCDE139E0F773E/w=0_10_/t=iphone/l=1/tc,1,100,0
m.baidu.com/from=1001192y/bd_page_type=1/ssid=0/uid=0/pu=usm%403%2Csz%401320_1001%2Cta%40iphone_2_12.0_28_16.0/baiduid=5D629866896753E08CEBC5457215841E/w=0_10_/t=iphone/l=1/tc,1,100,0
m.baidu.com/from=1001192y/bd_page_type=1/ssid=0/uid=0/pu=usm%407%2Csz%401320_1001%2Cta%40iphone_2_12.0_28_16.0/baiduid=23CDADF8A9DD303128055D54EA50BD87/w=0_10_/t=iphone/l=1/tc,1,100,0
m.baidu.com/from=1001703a/bd_page_type=1/ssid=0/uid=0/pu=sz%401320_1001%2Cta%40iphone_2_15.0_18_40.10%2Cusm%400/baiduid=8DFB4E31A258250EDF21229B006FE40C/w=0_10_/t=iphone/l=1/tc,1,100,0
m.baidu.com/from=1001703a/bd_page_type=1/ssid=0/uid=0/pu=usm%400%2Csz%401320_1001%2Cta%40ins_2_15.0_18_40.10/baiduid=327F4F40E9344C56A53137A9CB877334/w=0_10_/t=zbios/l=1/tc,1,100,0
m.baidu.com/from=1001703a/bd_page_type=1/ssid=0/uid=0/pu=usm%400%2Csz%401320_1001%2Cta%40iphone_2_15.0_18_40.10/baiduid=ED56BE14AA394D8F76B8805BE2BD3170/w=0_10_/t=iphone/l=1/tc,1,0,3
m.baidu.com/from=1001703a/bd_page_type=1/ssid=0/uid=0/pu=usm%400%2Csz%401320_1001%2Cta%40iphone_2_15.0_18_40.9/baiduid=41DB871FD0211738125379FA87C33618/w=0_10_/t=iphone/l=1/tc,1,100,0
m.baidu.com/from=1001703a/bd_page_type=1/ssid=0/uid=0/pu=usm%400%2Csz%401320_1001%2Cta%40iphone_2_9.0_18_10.9/baiduid=C53B479E95B3BE9B68E2E0A3C01AA157/w=0_10_/t=iphone/l=1/tc,1,0,111
m.baidu.com/from=1001703a/bd_page_type=1/ssid=0/uid=0/pu=usm%400%2Csz%401320_220%2Cta%40iphone___18_40.10/baiduid=6540C183E0B3C4B71EC74D0AA5AFA126/w=0_10_/t=iphone/l=1/tc,1,100,0
m.baidu.com/from=1001703a/bd_page_type=1/ssid=0/uid=0/pu=usm%401%2Csz%401320_1001%2Cta%40iphone_2_12.0_18_40.10/baiduid=2B82DAC841A46EE7F2C2E31D789C655B/w=0_10_/t=iphone/l=1/tc,1,100,0
m.baidu.com/from=1001703a/bd_page_type=1/ssid=0/uid=0/pu=usm%403%2Csz%401320_1001%2Cta%40iphone_2_12.0_18_40.7/baiduid=396693AF513AC33E18CFA5C5BBF96976/w=0_10_/t=iphone/l=1/tc,1,100,0
m.baidu.com/from=1012852q/bd_page_type=1/ssid=0/uid=0/pu=usm%400%2Csz%401320_1004%2Cta%40iphone_2_11.0_11_20.1/baiduid=66E41E90DC12C07554EFD23BE3A456CB/w=0_10_/t=iphone/l=1/tc,1,100,0
m.baidu.com/from=1012852q/bd_page_type=1/ssid=0/uid=0/pu=usm%400%2Csz%401320_1004%2Cta%40iphone_2_12.0_11_16.9/baiduid=7C2A2D5B8C7D38BAD0871F4078EBF07F/w=0_10_/t=iphone/l=1/tc,1,100,0
m.baidu.com/from=1012852q/bd_page_type=1/ssid=0/uid=0/pu=usm%400%2Csz%401320_1004%2Cta%40iphone_2_13.0_11_20.1/baiduid=87D91751EF50350BF037CE17DF6EA9A3/w=0_10_/t=iphone/l=1/tc,1,0,831
m.baidu.com/from=1012852q/bd_page_type=1/ssid=0/uid=0/pu=usm%400%2Csz%401320_1004%2Cta%40iphone_2_14.0_11_20.2/baiduid=BC153784B05FF99B9AD36FCF4D67D3DF/w=0_10_/t=iphone/l=1/tc,1,0,273
m.baidu.com/from=1012852q/bd_page_type=1/ssid=0/uid=0/pu=usm%401%2Csz%401320_1004%2Cta%40iphone_2_11.0_11_20.1/baiduid=FCD6C31A8666E981C55815A346C5FADE/w=0_10_/t=iphone/l=1/tc,1,0,3
m.baidu.com/from=1012852q/bd_page_type=1/ssid=0/uid=0/pu=usm%402%2Csz%401320_1004%2Cta%40iphone_2_14.0_11_18.2/baiduid=42F080B4B3DF4935B73FA939834D47EB/w=0_10_/t=iphone/l=1/tc,1,100,0
m.baidu.com/from=1013966u/bd_page_type=1/ssid=0/uid=0/pu=usm%400%2Csz%401320_1001%2Cta%40iphone_2_14.0_19_26.0/baiduid=CC3E267E68090F83ED00EB34AC6D2C8D/w=0_10_/t=iphone/l=1/tc,1,100,0
m.baidu.com/from=1013966u/bd_page_type=1/ssid=0/uid=0/pu=usm%400%2Csz%401320_1001%2Cta%40iphone_2_15.0_19_25.9/baiduid=8209257BB41D81D137CA9B325B3F95DD/w=0_10_/t=iphone/l=1/tc,1,100,0
m.baidu.com/from=1013966u/bd_page_type=1/ssid=0/uid=0/pu=usm%400%2Csz%401320_1001%2Cta%40iphone_2_15.0_19_26.2/baiduid=DCF06EABCD5C32E869006BC2BE8A18DB/w=0_10_/t=iphone/l=1/tc,1,100,0
m.baidu.com/from=1013966u/bd_page_type=1/ssid=0/uid=0/pu=usm%400%2Csz%401320_1001%2Cta%40iphone_2_15.0_19_26.3/baiduid=4E5AE8AECAD11CAC1CF9265446562B52/w=0_10_/t=iphone/l=1/tc,1,100,0
m.baidu.com/from=1013966u/bd_page_type=1/ssid=0/uid=0/pu=usm%400%2Csz%401320_1001%2Cta%40iphone_2_9.0_19_26.3/baiduid=FC4B6D6B0EFC77FB613A674A42A8511F/w=0_10_/t=iphone/l=1/tc,1,100,0
m.baidu.com/from=1013966u/bd_page_type=1/ssid=0/uid=0/pu=usm%401%2Csz%401320_1001%2Cta%40iphone_2_15.0_19_26.0/baiduid=2998EA9B1A7A2BAA2DE0CACB308DA1D1/w=0_10_/t=iphone/l=1/tc,1,100,0
m.baidu.com/from=1013966u/bd_page_type=1/ssid=0/uid=0/pu=usm%401%2Csz%401320_1001%2Cta%40iphone_2__24_131.0/baiduid=B9C69D0284EE3B30024FFA98E5476DB7/w=0_10_/t=iphone/l=1/tc,1,100,0
m.baidu.com/from=1013966u/bd_page_type=1/ssid=0/uid=0/pu=usm%403%2Csz%401320_1001%2Cta%40iphone_2_13.0_19_26.1/baiduid=E543ADAB9E62F6E5D87D125ECFAAF85E/w=0_10_/t=iphone/l=1/tc,1,100,0
m.baidu.com/from=1013966u/bd_page_type=1/ssid=0/uid=0/pu=usm%403%2Csz%401320_1001%2Cta%40iphone_2_15.0_19_26.2/baiduid=86B4F3206136F410FD0CF90EA1BB156E/w=0_10_/t=iphone/l=1/tc,1,100,0
m.baidu.com/from=1013966u/bd_page_type=1/ssid=0/uid=0/pu=usm%404%2Csz%401320_1001%2Cta%40iphone_2_15.0_19_26.2/baiduid=ACA1C4D69F76F6B98D13AE2CA5A05D04/w=0_10_/t=iphone/l=1/tc,1,100,0
m.baidu.com/from=1013966u/bd_page_type=1/ssid=0/uid=0/pu=usm%405%2Csz%401320_1001%2Cta%40iphone_2_14.0_19_26.2/baiduid=23397DDDE62C8816FCA11C55F16869D9/w=0_10_/t=iphone/l=1/tc,1,0,592
m.baidu.com/from=1015011n/bd_page_type=1/ssid=0/uid=0/pu=usm%400%2Csz%401320_1001%2Cta%40iphone_2_13.0_24_116.0/baiduid=8D612BA1A49A1E1DF41DF2AA1CA12D33/w=0_10_/t=iphone/l=1/tc,1,100,0
m.baidu.com/from=1015011n/bd_page_type=1/ssid=0/uid=0/pu=usm%400%2Csz%401320_1001%2Cta%40iphone_2_15.0_24_131.0/baiduid=C9A1FDD76D41B8067E21B0051481F9B3/w=0_10_/t=iphone/l=1/tc,1,100,0
m.baidu.com/from=1015011n/bd_page_type=1/ssid=0/uid=0/pu=usm%401%2Csz%401320_1001%2Cta%40iphone_2_13.0_24_117.0/baiduid=7A4F20FB9B4087ED2E2EEEE83C99A8AA/w=0_10_/t=iphone/l=1/tc,1,100,0
m.baidu.com/from=1019311a/bd_page_type=1/ssid=0/uid=0/pu=usm%400%2Csz%401320_1001%2Cta%40iphone_2_15.0_19_25.9/baiduid=61E00D78538C53864107629B29D16610/w=0_10_/t=iphone/l=1/tc,1,100,0
m.baidu.com/from=1019311a/bd_page_type=1/ssid=0/uid=0/pu=usm%400%2Csz%401320_1001%2Cta%40iphone_2_15.0_19_26.3/baiduid=D1DA122183F027A5FF29210688569619/w=0_10_/t=iphone/l=1/tc,1,100,0
m.baidu.com/from=1019311a/bd_page_type=1/ssid=0/uid=0/pu=usm%400%2Csz%401320_1001%2Cta%40iphone_2_9.0_19_26.0/baiduid=62E2779C449329870F9D901B59488571/w=0_10_/t=iphone/l=1/tc,1,100,0
m.baidu.com/from=1019311v/bd_page_type=1/ssid=0/uid=0/pu=sz%401320_1001%2Cta%40iphone_2_15.0_19_23.6%2Cusm%400/baiduid=B3AB110CC8223FF56CF046AA0030E006/w=0_10_/t=iphone/l=1/tc,1,100,0
m.baidu.com/from=1019311v/bd_page_type=1/ssid=0/uid=0/pu=sz%401320_1001%2Cta%40iphone_2_15.0_19_26.3%2Cusm%400/baiduid=9D8194737FF658D4ACDF4F10855EBC5E/w=0_10_/t=iphone/l=1/tc,1,100,0
m.baidu.com/from=1019311v/bd_page_type=1/ssid=0/uid=0/pu=usm%400%2Csz%401320_1001%2Cta%40iphone_2_14.0_19_26.0/baiduid=4821464674884C5610715FF80BB3BB8A/w=0_10_/t=iphone/l=1/tc,1,100,0
m.baidu.com/from=1019311v/bd_page_type=1/ssid=0/uid=0/pu=usm%400%2Csz%401320_1001%2Cta%40iphone_2_15.0_19_23.6/baiduid=EBC64F7528525EF32B13F38783BD85E0/w=0_10_/t=iphone/l=1/tc,1,100,0
m.baidu.com/from=1019311v/bd_page_type=1/ssid=0/uid=0/pu=usm%400%2Csz%401320_1001%2Cta%40iphone_2_15.0_19_25.9/baiduid=2B3299D0C9ECC0660DBAEA3360673B3B/w=0_10_/t=iphone/l=1/tc,1,100,0
m.baidu.com/from=1019311v/bd_page_type=1/ssid=0/uid=0/pu=usm%400%2Csz%401320_1001%2Cta%40iphone_2_15.0_19_26.1/baiduid=8F15987188BECFA97BE6DE896DDF7133/w=0_10_/t=iphone/l=1/tc,1,100,0
m.baidu.com/from=1019311v/bd_page_type=1/ssid=0/uid=0/pu=usm%400%2Csz%401320_1001%2Cta%40iphone_2_15.0_19_26.2/baiduid=A779702B5B162B71522B65CA2A55EEAC/w=0_10_/t=iphone/l=1/tc,1,100,0
m.baidu.com/from=1019311v/bd_page_type=1/ssid=0/uid=0/pu=usm%400%2Csz%401320_1001%2Cta%40iphone_2_15.0_19_26.2/baiduid=FB3B3B323BB8D0BC831BA8F385323496/w=0_10_/t=iphone/l=1/tc,1,100,0
m.baidu.com/from=1019311v/bd_page_type=1/ssid=0/uid=0/pu=usm%400%2Csz%401320_1001%2Cta%40iphone_2_15.0_19_26.3/baiduid=073D53F2CCF617AF7D73041FC1C0D9B0/w=0_10_/t=iphone/l=1/tc,1,0,5
m.baidu.com/from=1019311v/bd_page_type=1/ssid=0/uid=0/pu=usm%400%2Csz%401320_1001%2Cta%40iphone_2_15.0_19_26.3/baiduid=4A91FD25BCAA81D866F1265D17461F3B/w=0_10_/t=iphone/l=1/tc,1,100,0
m.baidu.com/from=1019311v/bd_page_type=1/ssid=0/uid=0/pu=usm%403%2Csz%401320_1001%2Cta%40iphone_2_15.0_19_26.1/baiduid=E76BC3D5159E28CD210AD8F06BE8E2BA/w=0_10_/t=iphone/l=1/tc,1,100,0
m.baidu.com/from=1020681k/bd_page_type=1/ssid=0/uid=0/pu=usm%400%2Csz%401320_1001%2Cta%40iphone_2_14.0_18_40.10/baiduid=26470487752E69747A1D5AE2C1405A9F/w=0_10_/t=iphone/l=1/tc,1,0,2
m.baidu.com/from=1020681k/bd_page_type=1/ssid=0/uid=0/pu=usm%400%2Csz%401320_1001%2Cta%40iphone_2_15.0_18_40.10/baiduid=328CD34F195D1D9AEC4DE6A48004E5B5/w=0_10_/t=iphone/l=1/tc,1,0,6
m.baidu.com/from=1020681k/bd_page_type=1/ssid=0/uid=0/pu=usm%400%2Csz%401320_220%2Cta%40iphone___18_40.10/baiduid=2A949EC768277E4CE9ABA9978436583E/w=0_10_/t=iphone/l=1/tc,1,100,0
m.baidu.com/from=1020681k/bd_page_type=1/ssid=0/uid=0/pu=usm%402%2Csz%401320_1001%2Cta%40iphone_2_15.0_18_40.10/baiduid=2A949EC768277E4CE9ABA9978436583E/w=0_10_/t=iphone/l=1/tc,1,100,0
m.baidu.com/from=1020681k/bd_page_type=1/ssid=0/uid=0/pu=usm%403%2Csz%401320_220%2Cta%40iphone___18_40.10/baiduid=2A949EC768277E4CE9ABA9978436583E/w=0_10_/t=iphone/l=1/tc,1,0,23
m.baidu.com/from=1020761f/bd_page_type=1/ssid=0/uid=0/pu=usm%400%2Csz%401320_1001%2Cta%40iphone_2_10.0_19_26.2/baiduid=7AA9ECDCA22847E9AD82DC7C96BE008F/w=0_10_/t=iphone/l=1/tc,1,0,1
m.baidu.com/from=1020761f/bd_page_type=1/ssid=0/uid=0/pu=usm%400%2Csz%401320_1001%2Cta%40iphone_2_15.0_19_23.6/baiduid=EAC56F71F0CFC24E6E35DCACA8468A9A/w=0_10_/t=iphone/l=1/tc,1,100,0
m.baidu.com/from=1020761f/bd_page_type=1/ssid=0/uid=0/pu=usm%400%2Csz%401320_1001%2Cta%40iphone_2_15.0_19_26.2/baiduid=ECE5F0A396FBBE72C5FB5BEA6B6985E9/w=0_10_/t=iphone/l=1/tc,1,100,0
m.baidu.com/from=1020761f/bd_page_type=1/ssid=0/uid=0/pu=usm%401%2Csz%401320_1001%2Cta%40iphone_2_13.0_19_26.2/baiduid=6D6E3F749525594CB5727D321AF53322/w=0_10_/t=iphone/l=1/tc,1,0,449
m.baidu.com/from=1020761f/bd_page_type=1/ssid=0/uid=0/pu=usm%401%2Csz%401320_1001%2Cta%40iphone_2_15.0_19_25.7/baiduid=4CEA5F70392BD33FE58FCF3347F6D3FB/w=0_10_/t=iphone/l=1/tc,1,100,0
m.baidu.com/from=1020761f/bd_page_type=1/ssid=0/uid=0/pu=usm%404%2Csz%401320_1001%2Cta%40iphone_2_15.0_19_26.2/baiduid=AA6121229A45EA60BF171BA5628F06D3/w=0_10_/t=iphone/l=1/tc,1,100,0
m.baidu.com/from=1020786w/bd_page_type=1/ssid=0/uid=0/pu=cuid%400PS5al8LSilquSt__OBgu_uK2i_b828ygi26ig8KviKwLqqqB%2Cosname%40baiduboxapp%2Ccfrom%401014610q%2Ccen%40cuid_cua_cut%2Ccsrc%40home_box_txt%2Cwh%401%2Csz%401320_480%2Ccua%40_a-qiyuOvfg4NE6pI5me6NN0v8z9u-I4_CvH8yaN-iqlC%2Cctv%402%2Cc3_aid%40A00-TWLX43FW7LKWL4K37YJLU7SGRLJ56WW3-IPMEM6XY%2Cusm%400%2Cvmgdb%400020100228y/baiduid=3B5967D7EABF9EFCD9F043DEF34530E7/w=0_10_/t=zbios/l=1/tc,1,0,18
m.baidu.com/from=1022282z/bd_page_type=1/ssid=0/uid=0/pu=usm%400%2Csz%401320_1001%2Cta%40iphone_2_13.0_24_116.0/baiduid=F6A97D3AA46A96DCFB80CAC3A592B474/w=0_10_/t=iphone/l=1/tc,1,100,0
m.baidu.com/from=1022282z/bd_page_type=1/ssid=0/uid=0/pu=usm%400%2Csz%401320_1001%2Cta%40iphone_2_15.0_24_131.0/baiduid=87709851AFEE861D5AB6ADD31FB1843D/w=0_10_/t=iphone/l=1/tc,1,100,0
m.baidu.com/from=1022282z/bd_page_type=1/ssid=0/uid=0/pu=usm%400%2Csz%401320_1001%2Cta%40iphone_2_7.0_24_51.0/baiduid=1A62BEB8EF0E7D2B63B9F2F31849AD36/w=0_10_/t=iphone/l=1/tc,1,100,0
m.baidu.com/from=1024043p/bd_page_type=1/ssid=0/uid=0/pu=usm%400%2Csz%401320_220%2Cta%40iphone_5_5.0_28_5.1/baiduid=F93F5FF7E61698539ED19CEF8EE059D5/w=0_10_/t=iphone/l=1/tc,1,100,0
m.baidu.com/from=1027661f/bd_page_type=1/ssid=0/uid=0/pu=usm%400%2Csz%401320_1001%2Cta%40iphone_2_14.0_24_131.0/baiduid=CA0558A9DD5AD98C922E7EAD86DFB037/w=0_10_/t=iphone/l=1/tc,1,100,0
m.baidu.com/from=1030335w/bd_page_type=1/ssid=0/uid=0/pu=usm%401%2Csz%401320_1001%2Cta%40iphone_2_15.0_24_126.0/baiduid=1864B957D000750BA8A97D4BC7C3A712/w=0_10_/t=iphone/l=1/tc,1,0,9
m.baidu.com/from=1086k/bd_page_type=1/ssid=0/uid=0/pu=usm%400%2Csz%401320_1002%2Cta%40iphone_2_14.0_2_19.4/baiduid=C5A60FB5B18AA1744BBEAB4EEFEF7145/w=0_10_/t=iphone/l=1/tc,1,0,41
m.baidu.com/from=1269a/bd_page_type=1/ssid=0/uid=0/pu=usm%402%2Csz%401320_220%2Cta%40iphone___11_14.10/baiduid=49D805136A1EF25FE5FBF85BA8DA1127/w=0_10_/t=iphone/l=1/tc,1,100,0
m.baidu.com/from=2001a/bd_page_type=1/ssid=0/uid=0/pu=usm%401%2Csz%401320_1003%2Cta%40iphone_2_15.0_1_18.0/baiduid=B9EE1F32A7E0252F605FB3A66B4E41E9/w=0_10_/t=iphone/l=1/tc,1,100,0
m.baidu.com/from=844b/bd_page_type=1/ssid=0/uid=0/pu=usm%400%2Csz%401320_1004%2Cta%40iphone_2_10.0_33_139.0/baiduid=E264DF605B84759CBD901852E69D5DDF/w=0_10_/t=iphone/l=1/tc,1,0,249
m.baidu.com/from=844b/bd_page_type=1/ssid=0/uid=0/pu=usm%402%2Csz%401320_1001%2Cta%40iphone_2_10.0_24_134.0/baiduid=D658430C4C34D5A94E3D2E3395B126C0/w=0_10_/t=iphone/l=1/tc,1,100,0
m.baidu.com/from=844b/bd_page_type=1/ssid=302d7261796d6f6e79656ee231/uid=0/pu=usm%400%2Csz%401320_1004%2Cta%40iphone_2_10.0_33_139.0/baiduid=2EE1C2FAD0792588574234A3195FBC2A/w=20_10_/t=iphone/l=1/tc,1,100,0
m.so.com/s,1,0,54
m.sogou.com,1,0,81
marscode-static.doubaocdn.com,1,100,0
momodel.cn/hub_api/user/O8_GSjLhXG5lHPhSpx93zlyRahSSqGQc6vFwZu5LzexifAkx1-ofYVAcZsT5qgBffw%3D%3D/notebooks/01%20%E5%81%9A%E8%AE%A1%E7%AE%97/1.0%20%E8%AF%B4%E5%9C%A8%E8%AF%BE%E5%89%8D.ipynb,1,100,0
mooc2-ans.chaoxing.com/mooc2-ans/coursedata,1,0,120
mp.weixin.qq.com,1,100,0
oi-wiki.org//lang/python,1,100,0
oi.wiki,1,0,296
oss.navercorp.com,1,0,520
packaging.python.org/en/latest/guides/tool-recommendations,1,0,1540
packaging.python.org/en/latest/key_projects,1,0,759
peps.python.org,1,0,0
playwright.nodejs.cn,1,0,208
pvylxlho4u.feishu.cn,1,0,140
pw5l7gs9e2b.feishu.cn,1,100,0
pypypy.cn,1,0,26
python-oracledb.readthedocs.io/en/latest/user_guide/sql_execution.html,1,0,662
pythonhowto.readthedocs.io/zh-cn/latest/module.html,1,0,2815
quark.cn/s/1XjOTE11xUdPGoKVMq,1,100,0
quark.cn/s/oUkPioXf13U2Y2mxt,1,100,0
quickref.cn,1,100,0
roadmap.sh,1,0,15
runoob.com/python3/python3-resources.html,1,0,134
runoob.com/python3/python3-smtp.html,1,0,0
showmeai.tech,1,100,0
sm.cn,1,100,0
statics.teams.cdn.office.net,1,0,216
t.co,1,0,6
t6ixa9nyl6.jiandaoyun.com,1,100,0
tieba.baidu.com,1,100,0
tjxj.github.io,1,0,23
tongyi.com/qianwen,1,100,0
translator.rnd.huawei.com,1,0,132
web.wetab.link,1,0,13
wenxiaobai.com,1,0,112
wiki.hosecloud.com,1,100,0
wiki.python.org,1,0,1874
wiki.sicarrier.com,1,100,0
wlhmbop707.feishu.cn,1,100,0
wps1.cldisk.com,1,0,26
www4.bing.com,1,100,0
xz.aliyun.com,1,100,0
yandex.ru,1,0,135
zhpzhu.cn,1,0,3
zhuanlan.zhihu.com/p/420585210,1,100,0
zwpython.cn,1,100,0
