name,visitors,bounce_rate,visit_duration
Direct / None,5447,64,247
Bing,1333,73,122
Baidu,1252,78,64
Google,1211,80,151
python.org,192,0,521
codecademy.cn,91,54,154
doubao.com,62,71,177
link.zhihu.com,57,65,277
link.csdn.net,39,73,132
chatgpt.com,36,52,367
courses.zju.edu.cn,30,67,115
360.cn,19,74,118
blog.csdn.net,10,100,14
py.fr.to,10,56,85
python.github.net.cn,9,0,263
runoob.com,9,71,78
GitHub,8,86,12
oi-wiki.org,8,50,130
chat.baidu.com,7,71,69
fastapi.tiangolo.com,7,80,143
c.biancheng.net,6,83,53
codemao.yuque.com,6,100,0
ntp.msn.cn,6,33,360
momodel.cn,5,100,0
yuanbao.tencent.com,5,60,54
yuque.com,5,60,62
packaging.python.org,4,0,710
web.shanbay.com,4,100,0
Sogou,3,50,41
Yandex,3,100,45
cnblogs.com,3,67,4
codernav.com,3,67,5
heeee.com,3,0,53
link.juejin.cn,3,100,0
notice.chaoxing.com,3,33,148
opencsg.com,3,67,19
pcnplggdn9ks.feishu.cn,3,100,0
python.p2hp.com,3,0,85
synxlab.feishu.cn,3,67,2
tongyi.com,3,33,471
127.0.0.1,2,0,448
192.168.131.202,2,100,0
3ms.huawei.com,2,100,0
DuckDuckGo,2,100,68
agent.doubao.com.cn,2,50,192
boot.dev,2,0,443
copilot.microsoft.com,2,50,3
cs50.harvard.edu,2,0,438
csdiy.wiki,2,0,24
ilearning.huawei.com,2,0,852
link.segmentfault.com,2,0,80
lintcode.com,2,100,0
mo.zju.edu.cn,2,50,48
mubu.com,2,0,106
nativeapp.toutiao.com,2,50,6
notion.so,2,50,10
numpy.org,2,0,1450
pyloong.github.io,2,0,1880
python.byted.org,2,50,366
pythonbuch.com,2,0,156
quark.cn,2,100,0
repo.mindspore.cn,2,0,1966
space.coze.cn,2,0,100
teko.woa.com,2,0,76
tianqi.gitcode.com,2,50,15
wolai.com,2,100,0
xhgouvgzpcwp.labs.coursera.org,2,0,18
0x5a0x480x52.github.io,1,100,0
4127d4w547.zicp.vip,1,100,0
52zwbc.com,1,100,0
61.182.98.7,1,0,585
Ecosia,1,0,21
Microsoft Teams,1,0,216
Twitter,1,0,6
aike.smu.edu.cn,1,100,0
aisearch.qq.com,1,0,457
ask.athena.huawei.com,1,100,0
ask.csdn.net,1,100,0
asyncstdlib.readthedocs.io,1,0,967
bidianer.com,1,100,0
blog.51cto.com,1,0,18
bookstack.cn,1,100,0
bot.n.cn,1,0,295
byhy.net,1,0,21
chatgnpt.gn.com,1,0,41
code.visualstudio.com,1,0,296
courses.gdut.edu.cn,1,100,0
crossincode.com,1,0,1954
docs.pingcode.com,1,0,94
edu.seentao.com,1,100,0
educoder.net,1,0,23
escapelife.site,1,0,89
friday.agoralab.co,1,100,0
grow.alibaba-inc.com,1,100,0
huggingface.co,1,0,820
i.zte.com.cn,1,0,829
illustratedtheoryofnumbers.com,1,0,43
innotron.feishu.cn,1,100,0
iusepy.cn,1,100,0
kdocs.cn,1,100,0
kivy.org,1,0,125
learning-pytest.readthedocs.io,1,0,0
learnxinyminutes.com,1,0,660
m.so.com,1,0,54
marscode-static.doubaocdn.com,1,100,0
mooc2-ans.chaoxing.com,1,0,120
mp.weixin.qq.com,1,100,0
oi.wiki,1,0,296
oss.navercorp.com,1,0,520
peps.python.org,1,0,0
playwright.nodejs.cn,1,0,208
pvylxlho4u.feishu.cn,1,0,140
pw5l7gs9e2b.feishu.cn,1,100,0
pypypy.cn,1,0,26
python-oracledb.readthedocs.io,1,0,662
pythonhowto.readthedocs.io,1,0,2815
quickref.cn,1,100,0
roadmap.sh,1,0,15
showmeai.tech,1,100,0
sm.cn,1,100,0
t6ixa9nyl6.jiandaoyun.com,1,100,0
testingpai.com,1,100,0
tjxj.github.io,1,0,23
translator.rnd.huawei.com,1,0,132
web.wetab.link,1,0,13
wenxiaobai.com,1,0,112
wiki.hosecloud.com,1,100,0
wiki.python.org,1,0,1874
wiki.sicarrier.com,1,100,0
wlhmbop707.feishu.cn,1,100,0
wps1.cldisk.com,1,0,26
xz.aliyun.com,1,100,0
zhpzhu.cn,1,0,3
zhuanlan.zhihu.com,1,100,0
zwpython.cn,1,100,0
