name,visitors
England,175
Tokyo,117
California,98
New York,83
Île-de-France,66
Moscow,66
Hesse,48
Virginia,47
Ontario,46
Wales,46
Guangdong,43
Texas,43
Maharashtra,42
Bavaria,41
Tamil Nadu,38
Karnataka,37
Washington,37
North Holland,36
Illinois,36
Osaka,35
North Rhine-Westphalia,33
Mazovia,31
São Paulo,30
Valencian Community,29
Saint Petersburg,29
Taipei,29
Florida,29
Massachusetts,29
Baden-Württemberg,27
New Jersey,26
Colorado,25
Telangāna,24
Zhejiang,23
Jiangsu,22
Shanghai,22
Berlin,22
Quebec,21
Madrid Autonomous Community,21
Delhi,21
Uttar Pradesh,21
Lombardy,21
Prague,20
Maryland,19
New South Wales,18
Beijing,17
Ciudad de Mexico,17
Istanbul,17
Michigan,17
Capital District,16
Hamburg,16
Provence-Alpes-Côte-d'Azur,16
Kyiv,16
Ho Chi Minh City,16
Vienna,15
Shandong,15
Catalonia,14
Lisbon,14
Georgia,14
North Carolina,14
Ohio,14
Zürich,13
South Holland,13
Tashkent,13
Auvergne-Rhône-Alpes,12
Lazio,12
Saitama,12
Lagos,12
British Columbia,11
Henan,11
Okayama,11
Arizona,11
Missouri,11
Oregon,11
Hanoi,11
Victoria,10
Sofia,10
Rio de Janeiro,10
Hubei,10
Hunan,10
Jakarta,10
Leinster,10
Lima,10
Stockholm,10
Connecticut,10
Minnesota,10
Pennsylvania,10
Espírito Santo,9
Alberta,9
Lower Saxony,9
Occitanie,9
Kerala,9
Chiba,9
Gyeonggi,9
Moscow Province,9
Flanders,8
South Moravia,8
West Java,8
Kanagawa,8
Aichi,8
North Brabant,8
Łódź,8
Nizhny Novgorod,8
Iowa,8
Tennessee,8
Gauteng,8
Buenos Aires Province,7
Federal District,7
Hebei,7
Sichuan,7
Capital Region,7
Central Java,7
Indiana,7
Queensland,6
Minas Gerais,6
Rio Grande do Sul,6
Santa Catarina,6
Vaud,6
Santiago Metropolitan,6
Saxony,6
Cairo,6
Uusimaa,6
Grand-Est,6
Normandie,6
Pays-de-la-Loire,6
Attica,6
Budapest,6
Tel Aviv,6
Gujarat,6
Madhya Pradesh,6
Hormozgan,6
Nairobi County,6
Seoul,6
Utrecht,6
Bucharest,6
Hsinchu County,6
Alabama,6
South Carolina,6
Western Australia,5
Brussels,5
Minsk,5
Tianjin,5
Antioquia,5
Scotland,5
Tbilisi,5
Banten,5
East Kalimantan,5
Punjab,5
Emilia-Romagna,5
Hyogo,5
Bishkek,5
Incheon,5
Oriental,5
Oslo,5
Greater Poland,5
Porto,5
Chelyabinsk,5
Irkutsk,5
Krasnodar Krai,5
Rostov,5
Tatarstan,5
Voronezh,5
Bangkok,5
Wisconsin,5
Paraíba,4
Vitebsk,4
Manitoba,4
Shaanxi,4
Atlántico,4
Magdalena,4
Algiers,4
Harjumaa,4
Brittany,4
Adjara,4
Pest,4
Yogyakarta,4
Rajasthan,4
Campania,4
Amman,4
Kyoto,4
Vilnius County,4
Querétaro,4
Kuala Lumpur,4
Trøndelag,4
Auckland,4
Junín,4
Lower Silesia,4
Setúbal,4
Bashkortostan,4
Riyadh,4
Västra Götaland,4
Antalya,4
Kaohsiung,4
Taichung,4
Prykarpattia,4
Kharkivshchyna,4
Kansas,4
Rhode Island,4
Western Cape,4
Dubai,3
Kabul,3
Córdoba,3
Wallonia,3
Paraná,3
Basel-Stadt,3
Santander,3
Valle del Cauca,3
Nicosia,3
Central Bohemia,3
Plzeň,3
Southern Denmark,3
Distrito Nacional,3
Galicia,3
Addis Ababa,3
Burgundy-Franche-Comté,3
Nouvelle-Aquitaine,3
Kowloon City Kowloon,3
Fejér,3
East Java,3
Chandigarh,3
Jharkhand,3
West Bengal,3
Capital,3
Veneto,3
Tuscany,3
Ishikawa,3
Shizuoka,3
Daegu,3
Almaty City,3
Western,3
Luxembourg,3
Taza-Al Hoceima-Taounate,3
Hidalgo,3
Overijssel,3
Calabarzon,3
Punjab,3
Sindh,3
Lesser Poland,3
Silesia,3
West Pomerania,3
Beograd,3
Tyumen,3
Makkah,3
Uppsala,3
Östergötland,3
Skåne,3
Bratislava,3
Chon Buri,3
New Taipei,3
Vinnychchyna,3
Lvivshchyna,3
Kentucky,3
Abu Dhabi,2
Luanda,2
Upper Austria,2
Salzburg,2
Tyrol,2
Dhaka Division,2
Alagoas,2
Goiás,2
Minsk Region,2
New Brunswick,2
Basel-Landschaft,2
Fribourg,2
St. Gallen,2
Bío Bío,2
Anhui,2
Chongqing,2
Fujian,2
Jiangxi,2
Liaoning,2
Cundinamarca,2
Risaralda,2
South Bohemia,2
Moravia-Silesia,2
Rhineland-Palatinate,2
Saarland,2
Northern Denmark,2
Santo Domingo,2
Oran,2
Alexandria,2
Sohag,2
Canary Islands,2
Murcia Region,2
Pirkanmaa,2
Centre-Val de Loire,2
Greater Accra,2
Connacht,2
Central,2
Andhra Pradesh,2
Bihar,2
Haryana,2
Odisha,2
Karbala,2
Hokkaido,2
Gifu,2
Kagawa,2
Osh Region,2
Busan,2
North Gyeongsang,2
South Gyeongsang,2
