property,value,visitors,events,percentage
url,(none),6759,9986,99.4
url,https://bootstrap.pypa.io/get-pip.py,149,167,2.2
url,https://www.python.org/,111,112,1.6
url,https://docs.python-guide.org/starting/installation/#installation,101,109,1.5
url,https://opentechschool.github.io/python-beginners/en/getting_started.html#what-is-python-exactly,38,39,0.6
url,https://pypi.org/,17,18,0.2
url,https://docs.python.org/3/library/venv.html,16,18,0.2
url,https://github.com/pypa/pip,16,17,0.2
url,https://pip.pypa.io/,12,12,0.2
url,https://pip.pypa.io/en/latest/,11,12,0.2
url,https://pip.pypa.io/en/latest/user_guide/#requirements-files,11,11,0.2
url,https://pip.pypa.io/en/latest/topics/secure-installs/,10,10,0.1
url,https://docs.python.org/3/tutorial/modules.html#packages,8,9,0.1
url,https://pypi.org/project/pip/,8,8,0.1
url,https://peps.python.org/pep-0639/,7,7,0.1
url,https://test.pypi.org/account/register/,7,7,0.1
url,https://docs.python.org/3/library/ensurepip.html,6,6,0.1
url,https://spdx.org/licenses/,6,6,0.1
url,https://en.wikipedia.org/wiki/Linux_distribution,5,6,0.1
url,https://github.com/pypa/packaging-problems,5,5,0.1
url,https://github.com/pypa/packaging.python.org/blob/main/source/tutorials/installing-packages.rst?plain=true,5,5,0.1
url,https://peps.python.org/pep-0517/,5,5,0.1
url,https://pip.pypa.io/en/latest/user_guide/#user-installs,5,6,0.1
url,https://pypi.org/classifiers,5,5,0.1
url,https://docs.python.org/3/library/sysconfig.html#installation-paths,4,4,0.1
url,https://github.com/pypa/packaging-problems/issues/new?template=packaging_tutorial.yml&title=Trouble+with+the+packaging+tutorial&guide=https://packaging.python.org/tutorials/packaging-projects,4,4,0.1
url,https://setuptools.pypa.io/en/latest/userguide/development_mode.html,4,4,0.1
url,https://setuptools.readthedocs.io/en/latest/,4,4,0.1
url,https://test.pypi.org/manage/account/#api-tokens,4,4,0.1
url,https://www.python.org/downloads/,4,5,0.1
url,https://choosealicense.com/,3,3,0.0
url,https://github.com/jazzband/pip-tools,3,3,0.0
url,https://github.com/pypa/packaging.python.org,3,3,0.0
url,https://github.com/pypa/packaging.python.org/blob/main/source/index.rst?plain=true,3,4,0.0
url,https://github.com/pypa/pip/issues/1668,3,4,0.0
url,https://hatch.pypa.io/latest/,3,4,0.0
url,https://pip.pypa.io/en/latest/cli/pip_install/#pip-install,3,3,0.0
url,https://pip.pypa.io/en/stable/user_guide/#user-installs,3,3,0.0
url,https://pypi.org/project/setuptools,3,3,0.0
url,https://test.pypi.org/help/#apitoken,3,3,0.0
url,http://doc.devpi.net/latest/,2,2,0.0
url,https://blog.pypi.org/posts/2023-06-26-deprecate-egg-uploads/,2,3,0.0
url,https://brew.sh/,2,2,0.0
url,https://developers.redhat.com/products/softwarecollections/overview,2,2,0.0
url,https://docs.astral.sh/uv/,2,2,0.0
url,https://github.com/pypa,2,2,0.0
url,https://github.com/pypa/distlib,2,3,0.0
url,https://github.com/pypa/hatch,2,2,0.0
url,https://github.com/pypa/packaging.python.org/blob/main/source/glossary.rst?plain=true,2,2,0.0
url,https://github.com/pypa/packaging.python.org/blob/main/source/guides/writing-pyproject-toml.rst?plain=true,2,2,0.0
url,https://github.com/pypa/packaging.python.org/blob/main/source/tutorials/packaging-projects.rst?plain=true,2,3,0.0
url,https://github.com/pypa/packaging.python.org/edit/main/source/index.rst,2,2,0.0
url,https://github.com/pypa/pip/issues,2,2,0.0
url,https://github.com/pypa/pipfile,2,2,0.0
url,https://numpy.org/,2,2,0.0
url,https://pynsist.readthedocs.io/en/latest/index.html,2,2,0.0
url,https://pypi.org/classifiers/,2,2,0.0
url,https://pypi.org/project/bandersnatch,2,2,0.0
url,https://reuse.software/,2,2,0.0
url,https://scipy.org/install/,2,2,0.0
url,https://setuptools.pypa.io/en/latest/userguide/miscellaneous.html,2,2,0.0
url,https://setuptools.pypa.io/en/latest/userguide/pyproject_config.html,2,2,0.0
url,https://stackoverflow.com/a/14638025,2,2,0.0
url,https://test.pypi.org/,2,2,0.0
url,https://virtualenv.pypa.io/en/stable/index.html,2,2,0.0
url,https://www.pypa.io/en/latest/,2,2,0.0
url,http://www.buildout.org/en/latest/,1,1,0.0
url,https://bottlepy.org/docs/dev/tutorial.html,1,3,0.0
url,https://conda.io/projects/conda-build/en/latest/user-guide/tutorials/index.html,1,1,0.0
url,https://console.cloud.google.com/bigquery,1,1,0.0
url,https://console.developers.google.com/apis/library/bigquery-json.googleapis.com,1,1,0.0
url,https://datatracker.ietf.org/doc/html/rfc2119.html,1,1,0.0
url,https://datatracker.ietf.org/doc/html/rfc3986.html,1,1,0.0
url,https://docs.python.org/3/library/importlib.html,1,1,0.0
url,https://docs.python.org/3/library/pkgutil.html#pkgutil.iter_modules,1,1,0.0
url,https://docs.python.org/3/library/platform.html#platform.machine,1,1,0.0
url,https://docs.python.org/3/library/sys.html#sys.implementation,1,2,0.0
url,https://docs.python.org/3/library/venv.html#module-venv,1,1,0.0
url,https://en.wikipedia.org/wiki/Operating-system-level_virtualization,1,1,0.0
url,https://files.pythonhosted.org/packages/21/e9/2743311822e71c0756394b6c5ab15cb64ca66c78c6c6a5cd872c9ed33154/sampleproject_doubleyoung18-1.3.0-py2.py3-none-any.whl,1,1,0.0
url,https://files.pythonhosted.org/packages/eb/45/79be82bdeafcecb9dca474cad4003e32ef8e4a0dec6abbd4145ccb02abe1/sampleproject-1.2.0.tar.gz,1,1,0.0
url,https://flask-pypi-proxy.readthedocs.io/,1,1,0.0
url,https://flit.readthedocs.io/en/latest/rationale.html,1,1,0.0
url,https://github.com/EpicWink/proxpi,1,1,0.0
url,https://github.com/pdm-project/pdm,1,1,0.0
url,https://github.com/pradyunsg/furo,1,1,0.0
url,https://github.com/pypa/bandersnatch,1,1,0.0
url,https://github.com/pypa/flit/issues/735,1,1,0.0
url,https://github.com/pypa/linehaul-cloud-function/,1,1,0.0
url,https://github.com/pypa/packaging.python.org/,1,1,0.0
url,https://github.com/pypa/packaging.python.org/blob/main/source/guides/packaging-namespace-packages.rst?plain=true,1,1,0.0
url,https://github.com/pypa/packaging.python.org/blob/main/source/tutorials/managing-dependencies.rst?plain=true,1,1,0.0
url,https://github.com/pypa/packaging.python.org/edit/main/source/guides/packaging-binary-extensions.rst,1,1,0.0
url,https://github.com/pypa/packaging.python.org/edit/main/source/overview.rst,1,1,0.0
url,https://github.com/pypa/packaging.python.org/edit/main/source/tutorials/installing-packages.rst,1,1,0.0
url,https://github.com/pypa/packaging.python.org/edit/main/source/tutorials/managing-dependencies.rst,1,1,0.0
url,https://github.com/pypa/packaging.python.org/edit/main/source/tutorials/packaging-projects.rst,1,1,0.0
url,https://github.com/pypa/pipx,1,1,0.0
url,https://github.com/pypa/sample-namespace-packages/tree/master/pkg_resources,1,1,0.0
url,https://github.com/pypa/setuptools,1,1,0.0
url,https://github.com/pypa/trove-classifiers,1,1,0.0
url,https://github.com/pypa/wheel/issues,1,1,0.0
url,https://github.com/spack/spack,1,1,0.0
url,https://hatch.pypa.io/1.9/version/,1,1,0.0
url,https://hatch.pypa.io/latest/config/metadata/,1,1,0.0
url,https://iscinumpy.dev/post/bound-version-constraints/#pinning-the-python-version-is-special,1,1,0.0
url,https://mail.python.org/mailman3/lists/distutils-sig.python.org/,1,1,0.0
url,https://pdm-project.org/latest/reference/pep621/,1,1,0.0
url,https://peps.python.org/pep-0441/,1,2,0.0
url,https://peps.python.org/pep-0503/#normalized-names,1,1,0.0
url,https://peps.python.org/pep-0518/,1,1,0.0
url,https://peps.python.org/pep-0566/,1,1,0.0
url,https://peps.python.org/pep-0639/#deprecate-license-classifiers,1,2,0.0
url,https://peps.python.org/pep-0639/#deprecate-license-field,1,1,0.0
url,https://peps.python.org/pep-0739/,1,1,0.0
url,https://peps.python.org/pep-0751/,1,1,0.0
url,https://peps.python.org/pep-0770/,1,1,0.0
url,https://peps.python.org/pep-0794/,1,1,0.0
url,https://pip.pypa.io/en/latest/cli/,1,1,0.0
url,https://pip.pypa.io/en/latest/topics/vcs-support/#vcs-support,1,1,0.0
url,https://pypi.org/help/#apitoken,1,1,0.0
url,https://pypi.org/project/hatch,1,1,0.0
url,https://pypi.org/project/packaging,1,1,0.0
url,https://pypi.org/project/pex/,1,1,0.0
url,https://pypi.org/project/pipx/,1,1,0.0
url,https://pypi.org/project/py2app/,1,1,0.0
url,https://pypi.org/project/py2exe/,1,1,0.0
url,https://pypi.org/project/readme-renderer/,1,1,0.0
url,https://pypi.org/project/trove-classifiers/,1,1,0.0
url,https://python-poetry.org/,1,1,0.0
url,https://pyup.io/safety,1,1,0.0
url,https://readthedocs.org/projects/python-packaging-user-guide/,1,1,0.0
url,https://scientific-python.org/,1,1,0.0
url,https://scipy.org/install/#macos,1,1,0.0
url,https://semver.org/,1,1,0.0
url,https://server.ethicalads.io/proxy/click/8175/019b6533-fd32-7f03-b075-229271ea1beb/,1,1,0.0
url,https://server.ethicalads.io/proxy/click/8176/019b6352-f5f0-78a3-b881-6a0908cc019c/,1,1,0.0
url,https://server.ethicalads.io/proxy/click/9503/019b66dd-2e5a-7632-9b69-5b7155316221/,1,1,0.0
url,https://server.ethicalads.io/proxy/click/9506/019b640f-b0ba-7d91-bc5d-004feb9cd6b2/,1,1,0.0
url,https://server.ethicalads.io/proxy/click/9725/019b64e1-f866-78e0-b377-f2d506d01ed7/,1,1,0.0
url,https://server.ethicalads.io/proxy/click/9725/019b6628-9b8b-7892-be78-f8ce147bc841/,1,1,0.0
url,https://server.ethicalads.io/proxy/click/9728/019b63ed-bf92-78a3-9788-99c69acdc797/,1,1,0.0
url,https://server.ethicalads.io/proxy/click/9775/019b6610-9bda-7293-a39d-d2a3f464412d/,1,1,0.0
url,https://server.ethicalads.io/proxy/click/9775/019b6724-9af6-7331-ab8e-461f30b10435/,1,1,0.0
url,https://server.ethicalads.io/proxy/click/9833/019b65fe-f79c-7ed3-8092-d03a861ff744/,1,1,0.0
url,https://server.ethicalads.io/proxy/click/9834/019b6748-c3eb-7d33-9731-02c397f8edd2/,1,1,0.0
url,https://setuptools.pypa.io/en/latest/userguide/entry_point.html,1,1,0.0
url,https://setuptools.readthedocs.io/en/latest/deprecated/easy_install.html#natural-script-launcher,1,1,0.0
url,https://spdx.github.io/spdx-spec/v2.2.2/other-licensing-information-detected/,1,1,0.0
url,https://thomasnyberg.com/cpp_extension_modules.html,1,1,0.0
url,https://toml.io/,1,1,0.0
url,https://www.boost.org/doc/libs/1_76_0/libs/python/doc/html/index.html,1,1,0.0
url,https://www.maturin.rs/,1,1,0.0
url,https://www.pypa.io/en/latest/specifications/,1,1,0.0
url,https://www.sphinx-doc.org/,1,1,0.0
url,https://www.sphinx-doc.org/en/master/usage/restructuredtext/basics.html,1,1,0.0
