name,version,visitors
Chrome,133.0,468
Chrome,132.0,347
Microsoft Edge,133.0,111
Chrome,131.0,41
Safari,18.3,21
Firefox,135.0,19
Whale Browser,4.30,19
Mobile App,(not set),18
Microsoft Edge,132.0,11
Safari,18.1,10
Whale Browser,4.29,10
Chrome,128.0,8
Safari,17.5,8
Samsung Browser,27.0,7
Chrome,122.0,5
Chrome,126.0,5
Chrome,130.0,5
Safari,18.2,5
Chrome,109.0,4
Firefox,128.0,4
Chrome,129.0,4
Safari,17.6,4
Chrome,116.0,3
Microsoft Edge,131.0,3
Safari,17.4,3
Chrome,112.0,2
Opera,116.0,2
Chrome,120.0,2
Chrome,123.0,2
Chrome,124.0,2
Mobile App,132.0,2
Firefox,134.0,2
Chrome,134.0,2
Safari,15.6,2
Safari,17.10,2
Safari,18.0,2
Whale Browser,3.22,2
Whale Browser,3.28,2
Whale Browser,3.7,2
(not set),(not set),1
Chrome,111.0,1
Firefox,113.0,1
Chrome,114.0,1
Microsoft Edge,115.0,1
Mobile App,116.0,1
Chrome,119.0,1
Microsoft Edge,121.0,1
Microsoft Edge,122.0,1
Chrome,127.0,1
Microsoft Edge,127.0,1
Microsoft Edge,129.0,1
Mobile App,133.0,1
Firefox,136.0,1
Safari,14.1,1
Huawei Browser Mobile,15.0,1
Safari,15.3,1
Microsoft Edge,16.16299,1
Safari,16.4,1
Safari,17.2,1
UC Browser,17.3,1
vivo Browser,23.3,1
Yandex Browser,25.2,1
Whale Browser,3.18,1
Whale Browser,3.24,1
Chrome,76.0,1
Chrome,83.0,1
Microsoft Edge,92.0,1
Chrome,96.0,1
Chrome,97.0,1
Microsoft Edge,98.0,1
Chrome,99.0,1
