name,visitors,bounce_rate,visit_duration
google.com,64098,81,106
Direct / None,46489,69,173
python.org,5879,58,135
bing.com,5610,80,89
duckduckgo.com,3620,78,132
yandex.ru,2421,76,60
search.brave.com,1779,79,113
chatgpt.com,1417,73,111
cs50.harvard.edu,1111,71,227
cn.bing.com,1019,72,129
boot.dev,952,77,175
m.baidu.com,788,86,39
udemy.com,552,88,60
baidu.com/link,509,79,95
ecosia.org,409,83,122
google.com.hk,363,83,129
pandas.pydata.org,296,87,60
realpython.com,288,81,78
github.com,223,85,79
ya.ru,220,86,45
matplotlib.org,207,90,25
wiki.python.org,204,63,164
netacad.com,198,89,37
statics.teams.cdn.office.net,189,84,112
qiita.com,184,85,94
discuss.python.org,167,82,101
roadmap.sh,155,78,215
codecademy.com,138,94,92
qwant.com,131,78,140
note.nkmk.me,130,84,53
pip.pypa.io/en/stable/installation,129,83,51
practicum.yandex.ru,117,85,33
peps.python.org,115,85,128
code.visualstudio.com,113,81,80
numpy.org,112,77,90
es.python.org,106,56,130
docs.pydantic.dev,99,87,119
baidu.com,98,74,115
in.search.yahoo.com,97,79,29
search.yahoo.com,97,80,150
docs.pytorch.org,96,91,37
yandex.ru/search,88,86,63
doubao.com,84,57,106
code.amazon.com,78,85,50
pypi.org,76,80,76
pytest-mock.readthedocs.io/en/latest/usage.html,75,71,140
youtube.com,71,85,18
learn.microsoft.com,68,96,26
android-app://com.google.android.googlequicksearchbox,67,76,30
fastapi.tiangolo.com,65,82,102
link.zhihu.com,65,68,102
developers.google.com,59,73,43
airflow.apache.org,58,97,4
google.co.uk,57,76,219
engdoc.corp.google.com,55,91,4
openclassrooms.com,54,79,74
stackoverflow.com,54,82,125
perplexity.ai,52,75,175
langchain-ai.github.io,51,83,44
google.ru,50,96,1
link.csdn.net,48,86,69
gemini.google.com,46,69,297
scikit-learn.org,46,89,8
codedex.io,41,83,74
pygame.org,40,80,127
github.com/yt-dlp/yt-dlp,38,95,20
savanna.alxafrica.com,38,72,205
odoo.com,36,84,74
android-app://com.reddit.frontpage,35,86,25
google.de,35,78,45
google.fr,35,82,67
networkx.org,35,81,98
docs.astral.sh,34,100,0
copilot.microsoft.com,33,69,147
gstatic.com,33,79,52
kivy.org,33,79,21
python.p2hp.com,33,47,124
yandex.by,33,71,97
cursos.alura.com.br,32,97,5
g3doc.corp.google.com,31,68,160
zep.us,31,91,6
hackerrank.com,30,84,10
packaging.python.org/en/latest/tutorials/packaging-projects,29,76,245
s3.eu-west-1.amazonaws.com,28,61,154
facebook.com,27,100,0
theforage.com,27,59,78
127.0.0.1,26,73,97
learn.canterbury.ac.nz,26,85,54
elearn.epam.com,23,83,110
docs.ansible.com,22,91,29
lms.skillfactory.ru,22,96,0
python.jp,22,57,199
bing.com/search,21,95,0
claude.ai,21,76,78
liaoxuefeng.com,21,76,47
sphinx-doc.org/en/master,21,75,11
superfastpython.com,21,96,16
yandex.kz,20,95,15
yuanbao.tencent.com,20,75,352
notebooks.githubusercontent.com,19,89,5
packaging.python.org/en/latest/tutorials/installing-packages,19,74,207
runoob.com,19,53,84
so.com/link,19,83,10
br.search.yahoo.com,18,61,80
courses.campus.gov.il,18,73,10
developer.mozilla.org,18,60,203
google.co.in,18,76,19
mastergroosha.github.io,18,91,1
pip.pypa.io,18,78,62
pytest-mock.readthedocs.io,18,83,131
sky.pro,18,89,3
android-app://com.linkedin.android,17,88,7
app.dataquest.io,17,65,39
chat.baidu.com,17,65,96
digitalocean.com,17,76,85
py4e.com,17,78,153
cloud.google.com,16,81,28
confluence.ecmwf.int,16,94,113
edube.org/learn/pe-1/section-summary-72,16,100,0
exercism.org,16,69,94
leetcode.com,16,94,0
mne.tools,16,94,85
learn.nvidia.com,15,81,25
w3schools.com,15,94,28
docs.google.com,14,86,36
edube.org,14,93,0
huggingface.co,14,79,170
pillow.readthedocs.io/en/stable/reference/Image.html,14,79,6
pymupdf.readthedocs.io/en/latest/installation.html,14,57,196
react-app-python-runner.vercel.app,14,80,166
yandex.com,14,79,77
app.aluracursos.com,13,77,6
byhy.net,13,85,46
courses.edx.org,13,92,2
docs.pola.rs,13,100,0
febe1004a-dddm.github.io,13,92,16
github.com/GoogleChrome/related-website-sets/blob/main/RWS-Submission_Guidelines.md,13,9,192
github.com/vinta/awesome-python,13,85,86
lms.yandex.ru,13,87,88
m.baidu.com/s,13,90,7
mylo.utas.edu.au,13,79,116
notion.so,13,69,280
python-forum.io,13,85,187
reddit.com,13,100,0
source.android.com,13,85,27
upgrad.com,13,77,12
yandex.com.tr,13,92,0
forum.djangoproject.com,12,92,22
google.com.au,12,69,259
google.com/search,12,77,204
google.es,12,75,89
goto.webex.com,12,83,9
linkedin.com,12,83,27
moma.corp.google.com,12,82,158
namu.wiki,12,50,455
python.it,12,82,9
pythoncheatsheet.org,12,85,17
sites.google.com,12,92,135
bitbucket.org,11,85,125
bitcamp.ge,11,77,96
classroom.google.com,11,91,2
github.com/AUTOMATIC1111/stable-diffusion-webui/issues/1423,11,64,154
google.ca,11,82,41
google.github.io,11,91,1
hq.girlswhocode.com,11,100,0
learn.zybooks.com,11,91,54
learning.ccbp.in,11,64,216
moodle.federation.edu.au,11,45,20
open.uom.lk,11,100,0
pro.arcgis.com,11,82,26
pwn.college,11,75,175
pythonmorsels.com,11,40,664
safe.menlosecurity.com,11,64,291
statsmodels.org,11,100,0
utokyo-ipp.github.io,11,73,3
ai.pydantic.dev,10,80,21
amuletmc.com,10,90,6
cheatsheetseries.owasp.org,10,70,36
docs.pytest.org/en/stable/reference/reference.html,10,90,40
ecursos.claseejecutiva.cl,10,64,170
en.wikipedia.org,10,70,262
flask.palletsprojects.com,10,80,89
flask.palletsprojects.com/en/stable/api,10,70,39
home-assistant.io/docs/configuration/templating,10,100,0
microsoft.github.io,10,90,1
olympus.mygreatlearning.com,10,90,1
python.org/psf-landing,10,50,82
quiz2025.csse.canterbury.ac.nz,10,70,9
robotframework.org,10,100,0
search.yahoo.co.jp,10,57,174
courses.skillindiadigital.gov.in,9,56,101
de.search.yahoo.com,9,78,72
devcenter.heroku.com,9,86,2
flask.palletsprojects.com/en/stable/installation,9,100,0
glglwebp01.glg.miamioh.edu,9,100,0
google.ch,9,91,4
habr.com,9,44,6
l.facebook.com,9,78,2
l.instagram.com,9,100,0
moodle.s.kyushu-u.ac.jp,9,78,31
pyserial.readthedocs.io/en/latest/pyserial_api.html,9,78,218
skillbox.ru,9,78,11
strftime.org,9,100,0
uvicorn.org,9,43,207
byui-cse.github.io,8,75,81
cdn.evg.gov.br,8,88,8
cf-courses-data.static.labs.skills.network,8,100,0
discordpy.readthedocs.io/en/latest/api.html,8,78,184
discuss.streamlit.io,8,100,0
docs.pytest.org/en/stable/how-to/logging.html,8,100,0
docs.sqlalchemy.org,8,75,14
docs.zephyrproject.org,8,86,42
epochconverter.com,8,62,126
es.search.yahoo.com,8,50,682
go.skillbox.ru,8,22,1904
internalfb.com,8,88,0
l.workplace.com,8,88,1
lms-kpitacademy.kpit.com,8,75,250
news.ycombinator.com,8,75,147
ph.search.yahoo.com,8,100,0
reflex.dev,8,62,33
scikit-image.org,8,100,0
shell.cloud.google.com,8,100,0
zh.wikipedia.org,8,62,98
ca.search.yahoo.com,7,71,110
campus.undec.edu.ar,7,43,30
cloud.tencent.com/developer/tools/blog-entry,7,71,125
coccoc.com/search,7,83,7
codewars.com,7,86,5
colab.research.google.com,7,86,0
datacamp.com,7,86,0
docs.python-guide.org,7,50,56
flask.palletsprojects.com/en/stable/tutorial,7,86,3
fr.search.yahoo.com,7,86,3
gist.github.com,7,57,306
google.co.jp,7,100,0
google.com.br,7,62,4
google.com.tw,7,83,16
google.nl,7,75,240
grades.cs.technion.ac.il,7,86,3
hiladental.co.il,7,62,635
intranet.hbtn.io,7,71,1
jupyterlabnext-3-labs-prod-jupyterlab-us-east-0.labs.cognitiveclass.ai,7,100,0
learn.profession.ai,7,100,0
lightning.ai,7,71,13
m365.cloud.microsoft,7,86,41
mail.google.com,7,100,0
openstax.org,7,86,33
packaging.python.org/en/latest/key_projects,7,100,0
psycopg.org,7,86,5
python.org/events,7,57,35
search.lilo.org,7,89,16
textual.textualize.io,7,100,0
tw.search.yahoo.com,7,100,0
uk.search.yahoo.com,7,100,0
web.dio.me,7,100,0
android-app://com.slack,6,100,0
app.quantic.edu,6,71,98
dash0.com,6,67,135
dev.azure.com,6,100,0
discordpy.readthedocs.io,6,86,2
docs.pytest.org/en/stable/how-to/capture-warnings.html,6,100,0
edube.org/learn/pe-1/section-summary-83,6,83,14
forums.raspberrypi.com,6,83,60
github.com/tree-sitter/tree-sitter-python,6,100,0
google.com.mx,6,100,0
google.com.vn,6,62,224
google.hu,6,86,279
hub-04.stackfuel.com,6,83,193
id.search.yahoo.com,6,86,15
isaac-sim.github.io,6,100,0
ithelp.ithome.com.tw,6,75,74
jinja.palletsprojects.com/en/stable/templates,6,83,321
kkb-production.jupyter-proxy.kaggle.net,6,100,0
learn.adafruit.com,6,83,794
learn.upgrad.com,6,86,11
learnpython.org,6,67,342
link.juejin.cn,6,83,6
lm.facebook.com,6,83,62
lms.curtin.edu.au,6,83,114
new.contest.yandex.ru,6,83,18
packaging.python.org,6,71,30
packaging.python.org/en/latest/guides/tool-recommendations,6,83,6
pyformat.info,6,100,0
python.org/downloads,6,83,7
python.p2hp.com/doc/index.html,6,67,17
qna.habr.com,6,67,316
srkit.codetantra.com,6,83,43
srmeaswari.codetantra.com,6,91,99
static.edusercontent.com,6,83,1
steam.oxxostudio.tw,6,50,69
tutti.prod.bloomberg.com,6,67,154
tw.alphacamp.co,6,17,84
wikidocs.net,6,71,386
ya.ru/search,6,100,0
adishankara.codetantra.com,5,80,593
ads-unipar.github.io,5,60,40
alura.com.br,5,100,0
bibsys-d.alma.exlibrisgroup.com,5,60,7
braindecode.org,5,83,227
