name,visitors,bounce_rate,visit_duration
google.com,34247,79,105
Direct / None,34216,71,288
python.org,4900,60,120
yandex.ru,2345,83,55
bing.com,2323,77,101
duckduckgo.com,2148,77,128
search.brave.com,1201,80,114
boot.dev,853,77,127
cn.bing.com,839,71,98
chatgpt.com,747,71,163
cs50.harvard.edu,644,68,244
udemy.com,368,90,43
wiki.python.org,277,53,194
ecosia.org,231,81,125
m.baidu.com,216,88,21
roadmap.sh,194,82,50
ya.ru,174,88,60
netacad.com,172,88,62
google.com.hk,168,78,54
baidu.com/link,166,74,71
practicum.yandex.ru,151,82,118
realpython.com,129,75,168
yandex.com.tr,129,92,3
search.yahoo.com,127,73,142
pandas.pydata.org,111,91,48
youtube.com,110,82,87
github.com,108,80,78
perplexity.ai,101,75,115
pip.pypa.io/en/stable/installation,94,78,42
codecademy.com,75,88,47
numpy.org,75,84,154
127.0.0.1,74,88,96
discuss.python.org,74,78,50
es.python.org,73,45,116
gemini.google.com,71,72,118
city.ya.ru,68,100,0
doubao.com,64,58,234
code.visualstudio.com,62,86,87
qwant.com,62,83,107
pygame.org,60,88,144
yandex.uz,60,85,4
docs.pytorch.org,57,91,59
baidu.com,55,60,107
in.search.yahoo.com,55,88,28
note.nkmk.me,52,88,102
openclassrooms.com,51,85,66
android-app://com.google.android.googlequicksearchbox,50,85,38
yandex.by,49,85,52
automatetheboringstuff.com,48,75,78
kagi.com,47,66,204
qiita.com,46,77,144
scikit-learn.org,46,77,78
icse.cs.ovgu.de,45,58,200
learn.zybooks.com,45,64,243
savanna.alxafrica.com,45,79,44
docs.pydantic.dev,44,76,238
codedex.io,43,91,16
yandex.kz,43,80,115
claude.ai,42,78,22
google.ru,39,90,1
fastapi.tiangolo.com,38,87,108
github.com/yt-dlp/yt-dlp,38,95,71
pypi.org,38,92,2
intranet.hbtn.io,36,79,26
link.zhihu.com,36,72,96
sandbox.dodona.be,32,82,134
translations.python.org,31,34,139
kivy.org,30,62,86
reference.langchain.com,30,94,2
courses.campus.gov.il,29,66,86
s3.eu-west-1.amazonaws.com,29,55,64
jupyter.fjfi.cvut.cz,28,83,41
so.com/link,28,63,110
statics.teams.cdn.office.net,28,90,4
peps.python.org,27,84,30
search.yahoo.co.jp,27,71,210
lms.skillfactory.ru,26,75,24
mdl.hs-duesseldorf.de,26,69,73
yandex.ru/search,26,72,135
copilot.microsoft.com,25,65,208
elearn.epam.com,25,93,67
hiladental.co.il,25,52,698
py.mit.edu,24,70,124
google.co.uk,23,88,4
developers.google.com,22,55,72
cursos.alura.com.br,21,87,113
hackerrank.com,20,86,13
jupyterhub.misc.rptu.de,20,81,213
notebooks.githubusercontent.com,20,95,0
fr.search.yahoo.com,19,80,42
google.fr,19,74,69
lwn.net,19,80,29
my.uopeople.edu,19,50,62
reddit.com,19,60,167
stackoverflow.com,19,63,192
access.ifi.uzh.ch,18,80,32
app.quantic.edu,18,71,124
classroom.google.com,18,74,232
networkx.org,18,72,3
skillbox.ru,18,72,8
courses.edx.org,17,88,39
en.wikipedia.org,17,72,191
br.search.yahoo.com,16,56,100
google.de,16,95,1
packaging.python.org/en/latest/tutorials/packaging-projects,15,73,189
python-fundamentals-wise-2025-26.jhaas.gi.denbi.de,15,87,4
uneex.org,15,53,417
amuletmc.com,14,93,1
android-app://com.reddit.frontpage,14,86,4
app.certidevs.com,14,79,334
app.dataquest.io,14,53,72
docs.astral.sh,14,69,217
jupyter.rwth-aachen.de,14,86,1
liaoxuefeng.com,14,79,28
panel.cs50x.ir,14,67,295
theforage.com,14,79,7
colab.research.google.com,13,92,1
course.cse.ust.hk,13,93,49
github.com/vinta/awesome-python,13,69,35
leetcode.com,13,86,10
mne.tools,13,86,48
moodle.hof-university.de,13,69,172
pytest-mock.readthedocs.io/en/latest/usage.html,13,54,45
ca.search.yahoo.com,12,69,72
github.com/AUTOMATIC1111/stable-diffusion-webui/issues/1423,12,83,159
hag007.github.io,12,100,0
lms.yandex.ru,12,75,24
pip.pypa.io,12,92,19
ulearn.me,12,93,113
vscode.dev,12,92,3
discordpy.readthedocs.io,11,93,3
google.github.io,11,73,13
overleaf.com,11,83,198
proxy.vocareum.com,11,83,27
pythontutorials.net,11,60,37
upgrad.com,11,73,39
us.prairielearn.com,11,56,94
byui-cse.github.io,10,70,18
coccoc.com/search,10,90,116
developer.mozilla.org,10,70,61
gerrit.googlesource.com,10,0,106
home-assistant.io/docs/configuration/templating,10,80,23
learnbyexample.github.io,10,80,177
m.facebook.com,10,90,96
mastergroosha.github.io,10,82,20
namu.wiki,10,40,32
ege-infa.tilda.ws,9,90,27
facebook.com,9,100,0
gist.github.com,9,78,3
go.skillbox.ru,9,75,172
interactivetextbooks.tudelft.nl,9,67,220
k8plex-edu.elte.hu,9,100,0
link.csdn.net,9,78,33
lms.ithillel.ua,9,90,0
new.contest.yandex.ru,9,90,10
ph.search.yahoo.com,9,100,0
put-jug.github.io,9,60,83
sky.pro,9,100,0
chat.baidu.com,8,25,54
code.amazon.com,8,100,0
docs.google.com,8,89,13
forums.raspberrypi.com,8,88,6
mx.search.yahoo.com,8,38,182
oceanhero.today/web,8,25,340
odoo.com,8,88,0
ohjelmistotuotanto-hy.github.io,8,70,144
packaging.python.org/en/latest/tutorials/installing-packages,8,62,121
textual.textualize.io,8,75,16
web.dio.me,8,89,26
wikidocs.net,8,88,26
airflow.apache.org,7,100,0
datacamp.com,7,100,0
edube.org/learn/pe-2/using-modules-9,7,71,310
freecodecamp.org,7,88,8
github.com/Osamah-Sufyan/ai_roadmap,7,71,67
huggingface.co,7,100,0
learn.microsoft.com,7,100,0
learn.nvidia.com,7,38,108
learnpython.org,7,57,9
moodle.riwi.io,7,56,397
ntp.msn.com,7,43,12
oi-wiki.org,7,57,23
pwn.college,7,100,0
python.github.net.cn,7,57,1308
python.jp,7,56,65
schooding.fr,7,33,677
sphinx-doc.org/en/master,7,83,1
statsmodels.org,7,71,31
strftime.org,7,100,0
yandex.ru/search/touch,7,43,6
9740952s.index-education.net,6,83,214
app.aluracursos.com,6,67,2
cgp-oex.wgu.edu,6,71,32
co.search.yahoo.com,6,67,127
codeit.kr,6,100,0
de.search.yahoo.com,6,100,0
docs.blender.org,6,67,6
flask.palletsprojects.com,6,83,35
google.co.jp,6,50,28
it.caolu.xin,6,100,0
l.facebook.com,6,83,10
linkedin.com,6,100,0
lm.facebook.com,6,100,0
mongodb.com,6,100,0
moodle.huji.ac.il,6,86,164
navoica.pl,6,70,91
open.uom.lk,6,100,0
packaging.python.org/en/latest/specifications/binary-distribution-format,6,33,50
programiz.com,6,67,167
pyformat.info,6,83,167
python-forum.io,6,83,199
trix.ifi.uio.no,6,83,0
utokyo-ipp.github.io,6,83,25
wesmckinney.com,6,67,9
yandex.com,6,71,428
academy.hackthebox.com,5,80,3
aprender3.unb.br,5,100,0
athena.alxafrica.com,5,83,161
aules.edu.gva.es,5,80,4
barenakedcoder.com,5,80,37
bing.com/search,5,80,17
cf-courses-data.static.labs.skills.network,5,100,0
cnblogs.com,5,100,0
codelabs.developers.google.com,5,50,652
coderivers.org,5,60,76
community.home-assistant.io,5,60,207
confluence.ecmwf.int,5,60,18
digitalocean.com,5,80,37
discordpy.readthedocs.io/en/stable/api.html,5,80,435
doc.qt.io,5,80,97
docs.zephyrproject.org,5,80,4
edube.org/learn/pe-1/section-summary-72,5,60,129
eecs485staff.github.io,5,67,205
engdoc.corp.google.com,5,100,0
epochconverter.com,5,80,442
eu01.alma.exlibrisgroup.com,5,40,68
freecodecamp.org/news/python-projects-for-beginners,5,80,17
github.com/mazurwiktor/albion-online-stats,5,20,81
google.at,5,100,0
google.com.au,5,100,0
google.nl,5,100,0
google.pl,5,100,0
habr.com,5,80,112
ilearning.huawei.com,5,100,0
it.search.yahoo.com,5,80,100
learn.lewagon.com,5,100,0
learn.rrc.ca,5,80,4
microsoft.github.io,5,100,0
moodle.ecs.soton.ac.uk,5,100,0
ntp.msn.cn,5,40,21
object-oriented-python.github.io,5,50,428
otvet.mail.ru,5,80,0
p4p.pnm.univie.ac.at,5,80,195
python.it,5,80,26
python.org/downloads,5,100,0
pythoncheatsheet.org,5,20,489
rkgit.codetantra.com,5,100,0
sg.search.yahoo.com,5,100,0
shell.cloud.google.com,5,100,0
sites.google.com,5,100,0
skypro.ktalk.ru,5,80,5
t.co,5,100,0
uk.search.yahoo.com,5,100,0
wiki.freecad.org,5,80,23
alura.com.br,4,100,0
android-app://com.linkedin.android,4,50,24
app.nearpod.com/presentation,4,100,0
bitcamp.ge,4,100,0
brunaferreira50.github.io,4,100,0
byhy.net,4,100,0
canvas.kth.se,4,100,0
canvas.kth.se/courses/55995/pages/pythondokumentation,4,50,131
chokkan.github.io,4,50,8
cs.montana.edu,4,50,68
cw.fel.cvut.cz,4,50,216
docs.celeryq.dev/en/stable/userguide/configuration.html,4,50,27
docs.micropython.org,4,50,584
docs.ros.org,4,50,6
docs.scrapy.org/en/latest/intro/install.html,4,100,0
ecampus.esade.edu,4,100,0
edu.mipt.ru,4,100,0
elearning.univ-eiffel.fr,4,100,0
ellibrodepython.com,4,100,0
es.search.yahoo.com,4,50,204
faculty.cs.usna.edu,4,100,0
fmegahed.github.io,4,100,0
github.com/ucsc-cse-140/cse140-assignments-public/tree/main/p3,4,80,10
google.com.tr,4,75,328
google.com.tw,4,100,0
google.com.ua,4,50,312
google.com/search,4,75,3
google.it,4,75,2
google.se,4,100,0
guru99.com,4,75,9
ib-api-reloaded.github.io,4,100,0
id.search.yahoo.com,4,50,746
iframe-yang.yandex,4,75,34
instaloader.github.io,4,100,0
ithelp.ithome.com.tw,4,100,0
l.instagram.com,4,100,0
