name,unique_exits,total_exits,exit_rate
/fr/3/tutorial/,338,342,
/fr/3/library/tkinter.html,113,119,
/fr/3/tutorial/datastructures.html,113,118,
/fr/3/library/random.html,106,105,
/fr/3/tutorial/classes.html,86,88,
/fr/3/library/csv.html,72,73,
/fr/3/howto/sorting.html,71,69,
/fr/3/library/stdtypes.html,67,67,
/fr/3/tutorial/interpreter.html,67,73,
/fr/3/library/turtle.html,65,66,
/fr/3/,61,61,
/fr/3/library/json.html,55,57,
/fr/3.15/using/windows.html,54,56,
/fr/3/tutorial/venv.html,51,52,
/fr/3/tutorial/introduction.html,49,48,
/fr/3/howto/regex.html,44,45,
/fr/3/library/datetime.html,44,44,
/fr/3/library/functions.html,44,41,
/fr/3/tutorial/controlflow.html,41,44,
/dev/using/windows.html,39,39,
/fr/3/tutorial/errors.html,39,44,
/fr/3/tutorial/appetite.html,38,37,
/fr/3/library/idle.html,36,36,
/3/,33,33,
/fr/dev/installing/index.html,33,33,
/fr/3/search.html,31,31,
/fr/3/tutorial/inputoutput.html,30,30,
/fr/3/library/math.html,29,28,
/fr/3.14/search.html,27,27,
/fr/3/library/enum.html,27,28,
/fr/3/library/re.html,25,27,
/fr/3/library/subprocess.html,25,25,
/fr/3/tutorial/modules.html,24,24,
/fr/3.13/reference/import.html,23,24,
/fr/3.13/tutorial/datastructures.html,23,23,
/fr/3/library/index.html,23,24,
/fr/3/using/windows.html,23,25,
/fr/3/tutorial/index.html,20,24,
/fr/3.14/tutorial/introduction.html,19,19,
/fr/3/library/glob.html,19,19,
/fr/3/library/os.html,19,20,
/fr/3/library/string.html,19,19,
/fr/3/library/sys.html,19,19,
/fr/3.13/tutorial/errors.html,18,18,
/fr/3/library/__main__.html,18,18,
/3/library/stdtypes.html,17,17,
/fr/3.13/howto/sorting.html,16,16,
/fr/3.13/library/functions.html,16,18,
/fr/3/library/time.html,16,18,
/fr/3/index.html,15,14,
/fr/3/library/collections.html,15,15,
/fr/3/library/copy.html,15,15,
/fr/3/library/pathlib.html,15,16,
/3/library/turtle.html,14,13,
/fr/3.14/tutorial/datastructures.html,14,14,
/fr/3/installing/index.html,14,14,
/fr/3.14/,13,13,
/fr/3.14/tutorial/controlflow.html,13,18,
/fr/3/howto/sockets.html,13,14,
/fr/3/library/base64.html,13,13,
/fr/3/library/statistics.html,13,13,
/fr/3/using/cmdline.html,13,13,
/3/library/datetime.html,12,12,
/3/library/random.html,12,11,
/fr/3.13/tutorial/introduction.html,12,12,
/fr/3.13/using/windows.html,12,12,
/fr/3.14/library/functions.html,12,13,
/fr/3/genindex-Symboles.html,12,12,
/fr/3/glossary.html,12,12,
/fr/3/library/venv.html,12,12,
/fr/3.13/library/tkinter.html,11,11,
/fr/3/py-modindex.html,11,11,
/fr/3/reference/simple_stmts.html,11,12,
/fr/3.13/library/datetime.html,10,10,
/fr/3.13/library/math.html,10,10,
/fr/3.13/tutorial/index.html,10,11,
/fr/3.14/tutorial/index.html,10,11,
/fr/3/howto/logging.html,10,10,
/fr/3/library/operator.html,10,10,
/3/library/functions.html,9,9,
/fr/3/howto/argparse.html,9,10,
/fr/3/library/pdb.html,9,9,
/fr/3/library/pickle.html,9,9,
/fr/3/library/tkinter.ttk.html,9,9,
/fr/3/using/unix.html,9,9,
/fr/3.13/library/tkinter.font.html,8,12,
/fr/3.14/library/random.html,8,9,
/fr/3.14/library/stdtypes.html,8,8,
/fr/3.14/tutorial/,8,9,
/fr/3/library/argparse.html,8,8,
/fr/3/library/exceptions.html,8,8,
/3/library/pathlib.html,7,7,
/3/library/subprocess.html,7,5,
/3/library/tkinter.html,7,6,
/fr/3.13/faq/windows.html,7,9,
/fr/3.13/library/stdtypes.html,7,8,
/fr/3.13/library/turtle.html,7,7,
/fr/3.13/tutorial/,7,7,
/fr/3.13/tutorial/classes.html,7,7,
/fr/3.13/using/unix.html,7,7,
