name,visitors,bounce_rate,visit_duration
google.com,1889,78,203
Direct / None,1372,73,219
bing.com,150,77,241
qwant.com,66,69,507
search.brave.com,58,85,256
openclassrooms.com,52,74,156
duckduckgo.com,37,68,211
google.fr,35,82,52
python.org,34,100,287
ecosia.org,33,78,100
chatgpt.com,14,58,469
ecampus.paris-saclay.fr,9,78,11
fr.search.yahoo.com,8,62,263
moodroc.ndduroc.com,8,67,175
moodle.coliniere.fr,7,0,2887
translations.python.org,7,29,54
capytale2.ac-paris.fr,5,100,0
cegepat.moodle.decclic.qc.ca,5,80,2
moodle.polymtl.ca,5,60,21
perplexity.ai,5,100,0
wiki.python.org,5,100,973
claude.ai,4,50,193
intranet.hbtn.io,4,0,37
raisintine.fr,4,75,8
elearning.univ-eiffel.fr,3,100,0
pinboard.opera.com,3,100,0
arche.univ-lorraine.fr,2,0,27
aura-42.elea.apps.education.fr,2,0,758
bitcamp.ge,2,0,781
copilot.microsoft.com,2,100,0
docs.google.com,2,100,998
edu.ge.ch,2,50,1044
fabricenativel.github.io,2,50,79
hec.ca,2,50,250
isis.unice.fr,2,100,0
math.univ-toulouse.fr,2,100,0
moodle.univ-lyon2.fr,2,100,0
nreveret.forge.apps.education.fr,2,100,0
nsirenoir.fr,2,100,0
pandas.pydata.org,2,0,386
search.yahoo.com,2,50,10
0570098x.moodle.monbureaunumerique.fr,1,100,0
app.pix.fr,1,100,0
apprendslinfo.fr,1,100,0
baidu.com,1,100,0
baidu.com/link,1,100,0
bbb.campus.lacapsule.academy,1,100,0
bilgpt.bil.com,1,0,20
brt.moodle.lecnam.net,1,100,0
celene.univ-tours.fr,1,100,0
chat.schaeffler.com,1,0,7
collegeboreal.brightspace.com,1,100,0
cours.daeu-sonate.fr,1,100,0
cs50.harvard.edu,1,0,779
ena.etsmtl.ca,1,100,0
fastapi.tiangolo.com,1,0,0
foad-moodle.ensai.fr,1,0,752
fr.wikipedia.org,1,0,154
fsg-pax-p-jhn01.pax.ulaval.ca,1,100,0
gist.github.com,1,0,129
gregwar.com,1,0,24
ilis-datascience.univ-lille.fr,1,100,0
jira.lge.com,1,100,0
lms.fun-mooc.fr,1,100,0
m.baidu.com,1,100,0
mammouth.ai,1,100,0
mcoilhac.forge.apps.education.fr,1,100,0
moodle.fritic.ch,1,0,60
moodle.iedparis8.net,1,100,0
moodle.u-pariscite.fr,1,100,0
moodle.umontpellier.fr/course/view.php,1,100,0
moodle.univ-fcomte.fr,1,100,0
noai.duckduckgo.com,1,100,0
notebook.basthon.fr,1,100,0
numpy.org,1,0,1423
phillanglois.github.io,1,100,0
r.search.yahoo.com/_ylt=AwrkPFEdNG5pizQyHRqPAwx.;_ylu=Y29sbwMEcG9zAzIEdnRpZANEMjk3MzYtR1NLSU4tRlItQ18xBHNlYwNzcg--/RV=2/RE=1768858781/RO=10/RU=https%3a%2f%2fdocs.python.org%2ffr%2f3%2ftutorial%2f/RK=2/RS=06HQ2lmM4qebC30k1NeB6mZ0mqA-,1,100,0
savanna.alxafrica.com,1,0,288
search.lilo.org,1,0,1721
sonar.ul.agora.msanet,1,0,1297
stat4decision.com,1,0,68
statics.teams.cdn.office.net,1,0,13
tekipaki.hypotheses.org,1,100,0
train.learn.datascientest.com,1,100,0
uk.search.yahoo.com,1,100,0
view.genially.com/6106abf8d398e40d16ef71f3,1,100,0
youtube.com,1,100,0
zestedesavoir.com,1,0,695
