name,visitors
Chrome,5264
Microsoft Edge,1251
Firefox,776
Safari,573
Opera,157
Yandex Browser,113
Mobile App,96
Samsung Browser,23
Quark,14
vivo Browser,12
QQ Browser,8
(not set),6
Mobile Silk,6
Smart Lenovo Browser,6
Huawei Browser Mobile,5
MIUI Browser,5
Avast Secure Browser,4
Brave,4
Iron,3
UC Browser,3
Whale Browser,3
AdBlock Browser,2
CCleaner,2
Internet Explorer,2
AVG Secure Browser,1
Atom,1
DuckDuckGo Privacy Browser,1
Ecosia,1
Mint Browser,1
NetFront,1
Norton Private Browser,1
Pale Moon,1
SberBrowser,1
Sogou Explorer,1
