name,visitors,bounce_rate,visit_duration
python.org,9638,81,25
Direct / None,7006,84,53
Google,4634,86,44
docs.python.org,1211,82,45
Bing,474,89,63
GitHub,261,83,94
DuckDuckGo,250,89,46
Yandex,219,92,34
devguide.python.org,207,71,56
chatgpt.com,173,81,48
Brave,96,88,59
discuss.python.org,89,76,110
pypi.org,80,89,25
netacad.com,74,97,4
docs.astral.sh,73,91,37
Microsoft Teams,57,88,74
packaging.python.org,55,75,19
boot.dev,54,100,0
curriculum.wethinkco.de,50,68,424
realpython.com,50,88,33
Twitter,34,94,25
udemy.com,33,97,45
Ecosia,32,82,13
typing.python.org,30,84,35
numpydoc.readthedocs.io,28,75,63
python-poetry.org,23,91,15
cs50.harvard.edu,22,87,18
s3.eu-west-1.amazonaws.com,20,90,59
pip.pypa.io,19,95,84
assets.scormproxy.com,18,89,3
openclassrooms.com,18,72,206
Qwant,17,83,17
codecademy.com,17,100,0
flake8rules.com,17,82,13
elearn.epam.com,16,88,0
cs50.readthedocs.io,15,93,2
docs.sqlalchemy.org,15,87,6
medium.com,15,100,0
metanit.com,15,93,0
mypy.readthedocs.io,15,93,0
turing.docebosaas.com,15,100,0
canvas.hull.ac.uk,14,93,181
cms.unir.net,14,93,117
habr.com,14,79,181
Facebook,13,100,0
cvdof.ucm.es,13,69,144
hackerrank.com,13,100,0
pep8.org,13,92,0
Perplexity,12,92,0
qiita.com,12,92,13
ru.hexlet.io,12,100,0
Reddit,11,100,0
link.zhihu.com,11,82,11
Wikipedia,10,91,1
dodona.be,10,100,0
freecodecamp.org,10,100,0
numpy.org,10,100,0
psycopg.org,10,100,0
Yahoo!,9,100,0
pydevtools.com,9,89,93
typing-extensions.readthedocs.io,9,100,0
Youtube,8,100,0
edube.org,8,100,0
mypy-lang.org,8,100,0
nz.ua,8,88,3
palletsprojects.com,8,88,0
StackOverflow,7,100,0
bitbucket.org,7,100,0
codeit.kr,7,100,0
courses.edx.org,7,100,0
docs.snowflake.com,7,100,0
hatch.pypa.io,7,100,0
intra.etna-alternance.net,7,60,399
python-academy.org,7,100,0
python.github.net.cn,7,100,0
Amazon,6,100,0
Baidu,6,100,0
Gmail,6,83,8
copilot.microsoft.com,6,83,4
docs.pydantic.dev,6,83,39
fishc.com.cn,6,83,1
homologacao.leadfortaleza.com.br,6,100,0
learn.snhu.edu,6,83,0
mylearning.suny.edu,6,67,97
namu.wiki,6,100,0
nicholashairs.com,6,57,35
pylint.readthedocs.io,6,83,108
sphinx-doc.org,6,50,49
vns.lpnu.ua,6,86,1
akshare.akfamily.xyz,5,100,0
asgi.readthedocs.io,5,100,0
duckdb.org,5,100,0
ellibrodepython.com,5,83,1
google.github.io,5,100,0
ida.liu.se,5,100,0
myadroit.princeton.edu,5,100,0
python.p2hp.com,5,80,18
python3.info,5,50,31
setuptools.pypa.io,5,80,21
aules.edu.gva.es,4,100,0
bbgithub.dev.bloomberg.com,4,25,154
brightspace.au.dk,4,100,0
bytedance.larkoffice.com,4,100,0
campus.ingenieria.uner.edu.ar,4,75,74
chamilo.hogent.be,4,75,20
code-basics.com,4,100,0
comp1005.github.io,4,100,0
copier.readthedocs.io,4,100,0
courses.fit.cvut.cz,4,100,0
cython.readthedocs.io,4,100,0
docs.pypi.org,4,57,5
docs.pytorch.org,4,100,0
doubao.com,4,100,0
flit.pypa.io,4,50,8
learn.escapestudios.ac.uk,4,83,11
learn.wbscodingschool.com,4,100,0
learn.zybooks.com,4,60,491
lms.gokstadakademiet.no,4,75,64
loguru.readthedocs.io,4,75,16
maharatech.gov.eg,4,100,0
moodle.taltech.ee,4,100,0
online.pcc.edu,4,100,0
openstax.org,4,75,1
platform.comptia.org,4,75,2
pymysql.readthedocs.io,4,100,0
pythonzen-pep8-exam.com,4,60,630
test.python.org,4,100,0
ultra.edu.kuleuven.cloud,4,100,0
xoolive.org,4,100,0
Hacker News,3,67,21
LinkedIn,3,100,0
Quora,3,100,0
academy.hackthebox.com,3,100,0
aulaglobal.uc3m.es,3,100,0
best-practice-and-impact.github.io,3,100,0
campusvirtual.ub.edu,3,100,0
claude.ai,3,100,0
collaboration.homeoffice.gov.uk,3,33,17
courses.campus.gov.il,3,100,0
docs.basedpyright.com,3,100,0
docs.us.lmco.com,3,100,0
drlilianblot.gitbook.io,3,67,0
fmind.medium.com,3,100,0
github.cloud.capitalone.com,3,100,0
hatenablog-parts.com,3,100,0
hillelwayne.com,3,100,0
internalfb.com,3,67,22
jupyter.digitalskillsbern.ch,3,33,9
learn.microsoft.com,3,100,0
link.csdn.net,3,67,124
lms-kpitacademy.kpit.com,3,100,0
lms.skillfactory.ru,3,100,0
m365.cloud.microsoft,3,67,1
mail.python.org,3,67,168
moodle-campusonline.s3.amazonaws.com,3,33,71
moodle-campusvirtualmexico.s3.amazonaws.com,3,75,6
notebooks.githubusercontent.com,3,100,0
notion.so,3,67,83
ole.bris.ac.uk,3,100,0
olympus.mygreatlearning.com,3,100,0
pdm4ar.github.io,3,100,0
pradyunsg-cpython-lutra-testing.readthedocs.io,3,67,1
pythoncheatsheet.org,3,100,0
pythoniluminado.netlify.app,3,100,0
pythoninsider.blogspot.com,3,100,0
slicer.readthedocs.io,3,100,0
snarky.ca,3,100,0
softwareengineering.stackexchange.com,3,100,0
spark.apache.org,3,100,0
sqlmodel.tiangolo.com,3,67,282
statics.gov.teams.microsoft.us,3,100,0
tonybaloney.github.io,3,100,0
ufl.instructure.com,3,100,0
uo.unisa.edu.au,3,100,0
uvirtual.usach.cl,3,100,0
wsgi.readthedocs.io,3,100,0
127.0.0.1,2,50,6
Instagram,2,50,168
Mamma,2,100,0
Slack,2,100,0
adb-7939824218364777.17.azuredatabricks.net,2,50,0
alura.com.br,2,100,0
appacademy.io,2,100,0
aprendepython.es,2,100,0
bb.cod.edu,2,100,0
bitecode.dev,2,100,0
black.readthedocs.io,2,100,0
blog.codacy.com,2,100,0
blog.csdn.net,2,0,4
blog.inedo.com,2,100,0
blog.ippon.fr,2,100,0
blog.naver.com,2,50,2
blog.sigstore.dev,2,50,30
blogs.gentoo.org,2,50,288
bookstack.cn,2,50,56
briefcase.readthedocs.io,2,50,896
build.pypa.io,2,50,41
buildbot.python.org,2,50,48
builtin.com,2,50,158
clemson.instructure.com,2,100,0
coddy.tech,2,100,0
code.verisk.com,2,50,121
colab.google,2,100,0
columbus.wistron.com,2,100,0
com.lullar.com,2,100,0
confluence.atl.ring.com,2,0,2
confluence.customs.govt.nz,2,0,1588
confluence.schaeffler.com,2,100,0
confluencewikiprod.intra.infineon.com,2,80,130
coverage.readthedocs.io,2,100,0
cs.toronto.edu,2,100,0
dev-discuss.pytorch.org,2,100,0
dev.azure.com,2,0,123
do.skif.donstu.ru,2,100,0
doc.tem.emea.thermo.com,2,100,0
docs.ansible.com,2,100,0
docs.brew.sh,2,100,0
docs.python-guide.org,2,100,0
docs.ray.io,2,50,61
docs.renovatebot.com,2,100,0
docs.yoctoproject.org,2,50,150
ecollege.etbonline.ie,2,100,0
educoder.net,2,0,20
engineering.fb.com,2,50,5
eucenje.sum.ba,2,0,136
excel-ubara.com,2,100,0
excel.officeapps.live.com,2,50,351
exerpy.readthedocs.io,2,100,0
forums.raspberrypi.com,2,100,0
gaohongnan.com,2,100,0
geo-python-site.readthedocs.io,2,100,0
git.bostondynamics.com,2,100,0
jakevdp.github.io,2,100,0
jigsaw.yuzu.com,2,100,0
jinja.palletsprojects.com,2,100,0
josejuansanchez.org,2,100,0
kimikateorikoa.github.io,2,100,0
kitt.lewagon.com,2,100,0
l.workplace.com,2,50,8
learn-2.galvanize.com,2,100,0
learn.ucu.edu.ua,2,50,1053
learnhub.atoz.amazon.work,2,100,0
lwn.net,2,50,838
mail.nenu.edu.cn,2,50,11
mbanklms.csod.com,2,100,0
mitcommlab.mit.edu,2,100,0
mobilhanem.com,2,100,0
moodle-tecno.unca.edu.ar,2,100,0
moodle.mnknowledge.com,2,100,0
my-ichery.feishu.cn,2,100,0
my.sky.pro,2,100,0
mysqlclient.readthedocs.io,2,100,0
naftaliharris.com,2,0,522
navoica.pl,2,100,0
newslookup.com,2,100,0
note.nkmk.me,2,100,0
notes-of-python.readthedocs.io,2,100,0
oracle.github.io,2,100,0
pandas.pydata.org,2,100,0
plus.pearson.com,2,100,0
prezi.com,2,50,4
proproprogs.ru,2,100,0
pybind11.readthedocs.io,2,100,0
pycoders.com,2,100,0
pydoc.pages.taltech.ee,2,100,0
pyo3.rs,2,50,13
pythonmorsels.com,2,100,0
pythonsnacks.com,2,100,0
redwerk.com,2,100,0
rha.ole.redhat.com,2,100,0
rogerbinns.github.io,2,50,730
safe.menlosecurity.com,2,100,0
sberuniversity.online,2,100,0
scan.page,2,50,4
school.sgu.ru,2,100,0
scm.horizon.bankofamerica.com,2,100,0
se.rit.edu,2,100,0
shinh.hatenablog.com,2,100,0
shopokodu.substack.com,2,0,28
simeonvisser.com,2,100,0
softserve.academy,2,50,84
static.edusercontent.com,2,100,0
static.plataforma.grupoa.education,2,50,54
studytafensw.edu.au,2,100,0
swagger.io,2,100,0
tongyi.com,2,50,14
towardsdatascience.com,2,33,283
tutti.prod.bloomberg.com,2,50,86
ua.udemy.com,2,100,0
uottawa.brightspace.com,2,100,0
updago.univ-poitiers.fr,2,100,0
validate-pyproject.readthedocs.io,2,100,0
wheelnext.dev,2,100,0
wiki.ittc.ku.edu,2,100,0
wiki.ms.com,2,100,0
www0.mi.infn.it,2,50,141
yzhu.io,2,100,0
10.2.51.151,1,100,0
2gis,1,100,0
360.cn,1,100,0
