name,visitors
Tokyo,95
Osaka,22
Nagoya,10
Yokohama,8
Kawasaki,4
N/A,3
Kyoto,3
N/A,3
N/A,3
Hangzhou,2
Usuki,2
Urayasu,2
Toyohashi,2
Nishinomiya-hama,2
Machida,2
Kawaguchi,2
Himeji,2
Fukuyama,2
Fujisawa,2
Moriya,2
Muroran,2
Barcelona,2
Guadalajara,2
North Bergen,2
Nanto,2
Misato,2
Inzai,2
N/A,2
N/A,2
Taizhou,2
N/A,2
N/A,2
N/A,2
N/A,2
Vladimir,1
Ho Chi Minh City,1
Zama,1
Yonago,1
Yokosuka,1
Yokkaichi,1
Yao,1
Toyokawa,1
N/A,1
Takarazuka,1
Takamatsu,1
Suita,1
Shizuoka,1
N/A,1
Okazaki,1
Ōita,1
Ōgaki,1
Numazu,1
Nishio,1
Nagareyama,1
Matsumoto,1
Kurume,1
Kōfu,1
Kishiwada,1
Kamakura,1
Itami,1
Ichinomiya,1
N/A,1
Hirakata,1
Hachiōji,1
Fukuoka,1
N/A,1
Ashiya,1
Ageoshimo,1
N/A,1
Singapore,1
Suzhou,1
N/A,1
N/A,1
Sendai,1
Ichihara,1
Sapporo,1
Baden,1
Paris,1
Votuporanga,1
Santa Maria,1
Maricá,1
Los Angeles,1
N/A,1
Tama,1
N/A,1
N/A,1
N/A,1
N/A,1
N/A,1
N/A,1
N/A,1
N/A,1
N/A,1
N/A,1
N/A,1
Ichikawa-minami,1
N/A,1
N/A,1
N/A,1
N/A,1
N/A,1
N/A,1
N/A,1
N/A,1
N/A,1
N/A,1
N/A,1
