name,version,visitors
Chrome,132.0,663
Chrome,143.0,309
Mobile App,(not set),163
Microsoft Edge,143.0,93
Chrome,139.0,37
Firefox,5.0,21
Samsung Browser,29.0,18
Chrome,142.0,17
Whale Browser,4.35,14
Sogou Explorer,2,12
Safari,26.2,10
360 Secure Browser,(not set),9
Firefox,146.0,9
Chrome,111.0,8
Safari,18.6,8
Chrome,69.0,7
Chrome,138.0,6
Chrome,140.0,6
Huawei Browser Mobile,16.0,5
Mobile App,97.0,5
Chrome,116.0,4
Chrome,133.0,4
Chrome,137.0,4
(not set),(not set),3
Chrome,131.0,3
Chrome,141.0,3
Safari,18.7,3
Safari,26.3,3
vivo Browser,27.6,3
Chrome,105.0,2
Chrome,109.0,2
Chrome,110.0,2
Chrome,124.0,2
Chrome,134.0,2
Microsoft Edge,135.0,2
Microsoft Edge,139.0,2
Avast Secure Browser,143.0,2
Safari,15.6,2
Safari,26.0,2
Safari,26.1,2
Whale Browser,3.9,2
Safari,60.5,2
Chrome,103.0,1
Chrome,104.0,1
Chrome,106.0,1
Safari,11.0,1
Microsoft Edge,110.0,1
Chrome,112.0,1
Microsoft Edge,114.0,1
Mobile App,116.0,1
Chrome,120.0,1
Opera,125.0,1
Chrome,128.0,1
Chrome,136.0,1
Microsoft Edge,138.0,1
MIUI Browser,14.9,1
Mobile App,143.0,1
Firefox,143.0,1
Chrome,144.0,1
Microsoft Edge,144.0,1
Safari,16.1,1
UC Browser,18.4,1
MIUI Browser,20.7,1
MIUI Browser,20.9,1
vivo Browser,27.5,1
Samsung Browser,28.0,1
Chrome,41.0,1
Mobile App,62.0,1
Chrome,86.0,1
Smart Lenovo Browser,9.0,1
Chrome,97.0,1
