name,visitors,bounce_rate,visit_duration
Google,54659,74,168
Direct / None,16140,65,251
Bing,3906,72,165
DuckDuckGo,1012,72,243
Ecosia,961,77,166
Qwant,822,68,432
python.org,788,67,462
openclassrooms.com,764,74,119
chatgpt.com,563,58,194
Yahoo!,332,69,163
Brave,272,77,165
Baidu,122,76,46
capytale2.ac-paris.fr,112,69,256
wiki.python.org,86,22,375
GitHub,77,62,394
Lilo,69,77,118
python.guillod.org,58,55,547
Perplexity,56,73,80
Youtube,48,58,209
moodle.polymtl.ca,45,75,77
zestedesavoir.com,41,61,657
afpy.org,36,31,266
collegeboreal.brightspace.com,34,88,62
developpez.net,34,84,48
python.sdv.u-paris.fr,31,75,283
jupyterhub-24.capsule.upmc.fr,29,47,607
schooding.fr,27,48,250
Microsoft Teams,25,78,376
intranet.hbtn.io,25,100,736
portail.uqar.ca,25,93,40
python.developpez.com,25,78,145
fsg-pax-p-jhn01.pax.ulaval.ca,24,52,293
moodle.esme.fr,24,96,0
pdl-49.elea.apps.education.fr,23,92,8
udemy.com,23,71,214
0570098x.moodle.monbureaunumerique.fr,22,66,199
pixees.fr,22,83,65
train.learn.datascientest.com,21,88,5
elearning.univ-eiffel.fr,19,65,432
francoisbrucker.github.io,19,58,475
moodle.u-paris.fr,19,74,9
scol.edubois.info,18,47,319
Reddit,17,100,733
moodle.iedparis8.net,17,53,247
notebooks.gesis.org,17,53,622
pip.pypa.io,17,0,342
view.genially.com,17,75,40
Yandex,16,100,277
arche.univ-lorraine.fr,16,73,301
fsg-pax-a-jhn01.fsg.ulaval.ca,16,70,272
isis.unice.fr,16,75,204
moodle.umontpellier.fr,16,50,148
lucbergevin.com,15,33,174
0521032p.moodle.monbureaunumerique.fr,14,53,312
cs50.harvard.edu,13,0,1500
phys-mod.github.io,13,69,403
Wikipedia,12,50,71
cse2.serverpit.com,12,83,19
moodle.lesiteduprof.fr,12,73,183
moodle.usherbrooke.ca,12,83,51
ena.etsmtl.ca,11,45,271
hec.ca,11,64,17
madoc.univ-nantes.fr,11,55,82
pandas.pydata.org,11,0,886
foad.univ-rennes.fr,10,70,209
jupyter.org,10,86,285
presearch.com,10,100,0
blog.hubspot.fr,9,40,28
deusyss.developpez.com,9,89,6
foad-moodle.ensai.fr,9,45,420
gstatic.com,9,60,102
icampus.univ-paris3.fr,9,89,6
karoka.co,9,0,710
moodle.epf.fr,9,82,34
cedric.cnam.fr,8,88,7
cllqcca.sharepoint.com,8,38,103
cse2.ignorelist.com,8,100,0
ecampus.paris-saclay.fr,8,50,292
mcoilhac.forge.apps.education.fr,8,30,964
portail.lyc-la-martiniere-diderot.ac-lyon.fr,8,88,4
rtavenar.github.io,8,71,244
Facebook,7,100,453
code.visualstudio.com,7,0,1548
imt-atlantique.github.io,7,86,24
learn.lewagon.com,7,0,194
moodle.insa-lyon.fr,7,100,2840
netacad.com,7,0,595
oida.stanislas.qc.ca,7,78,320
realpython.com,7,0,378
202x.ciel.monbastion.fr,6,100,220
LinkedIn,6,57,146
boot.dev,6,0,618
codecademy.com,6,100,129
cont1cse2.netlify.app,6,100,0
cse2.crabdance.com,6,83,0
discuss.python.org,6,0,238
euc-word-view.officeapps.live.com,6,67,466
forum.ubuntu-fr.org,6,100,0
he-arc.github.io,6,0,312
info-mounier.fr,6,50,873
matplotlib.org,6,0,972
medium.com,6,50,814
moodle.univ-ubs.fr,6,44,578
packaging.python.org,6,0,368
python-forum.io,6,100,624
qwantjunior.com,6,29,154
roadmap.sh,6,0,924
wendling.xyz,6,44,430
127.0.0.1,5,75,2241
cegepat.moodle.decclic.qc.ca,5,29,216
codeur-com-blog,5,0,68
cours.daeu-sonate.fr,5,100,0
cse2.csproject.org,5,80,1
d-krypton.fr,5,20,112
developpez.com,5,100,0
freecodecamp.org,5,0,775
fxjollois.github.io,5,40,88
gamma.app,5,40,336
informatique-lycee.forge.apps.education.fr,5,40,113
inginious.info.ucl.ac.be,5,0,101
kitt.lewagon.com,5,0,1998
learning.anaconda.cloud,5,0,234
lire.amazon.fr,5,60,83
login.microsoftonline.com,5,100,341
math93.com,5,100,0
moodle.defenseur-eternel-du-vent.org,5,50,690
numpy.org,5,0,395
s.mobisearcher.com,5,67,12
0752821j.index-education.net,4,75,5
Gmail,4,100,8
blackbox.ai,4,67,389
cocalc.com,4,100,11
cse2.chickenkiller.com,4,75,0
cse2.jumpingcrab.com,4,100,0
cse2.mooo.com,4,50,102
documents.migale.inrae.fr,4,100,0
foucherconnect.fr,4,75,10
kivy.org,4,0,42
learn.microsoft.com,4,0,520
login.zscaler.net,4,100,0
moodle.gymnasedebeaulieu.ch,4,40,12
moodle.ia-institut.fr,4,0,406
moodle.univ-lille.fr,4,50,11
moodle2024.uca.fr,4,75,769
moodroc.ndduroc.com,4,50,208
notebooks.githubusercontent.com,4,40,251
paperman.name,4,50,570
perso.lpsm.paris,4,50,16
superfastpython.com,4,0,598
swisscows.com,4,40,443
youcare.world,4,100,0
alteca.udemy.com,3,75,4
app.datascientist.fr,3,100,199
auto-ens.univ-lille.fr,3,0,889
cgouygou.github.io,3,67,5
cours.univ-perp.fr,3,67,6
denishulo.developpez.com,3,100,0
developer.mozilla.org,3,0,594
devguide.python.org,3,0,367
digitalocean.com,3,0,1022
docs.pydantic.dev,3,0,945
doubao.com,3,0,260
edu.ge.ch,3,100,0
eni-training.com,3,100,0
fahnd.com,3,33,330
fastapi.tiangolo.com,3,100,0
flallemand.fr,3,100,0
fr.scribd.com,3,67,3
gateway.zscalertwo.net,3,33,194
goconfluence.enedis.fr,3,50,104
habr.com,3,0,70
huggingface.co,3,0,145
ilis-datascience.univ-lille.fr,3,0,442
lms.fun-mooc.fr,3,100,0
magnificent-field.surge.sh,3,67,18
mail02.orange.fr,3,0,104
math.univ-toulouse.fr,3,67,16
metis.afpa.fr,3,100,0
modulol.ch,3,67,34
moodle.gymnasedebussigny.ch,3,33,99
moodle.lyceeconnecte.fr,3,33,855
moodle.unistra.fr,3,100,0
nohtyprm.github.io,3,33,282
notebook.basthon.fr,3,100,0
nsi1.frama.io,3,67,5
peps.python.org,3,0,784
perso.esiee.fr,3,0,1386
poe.com,3,67,11
potterfun.com,3,0,1141
projets420.gitbook.io,3,100,0
pylint.readthedocs.io,3,0,2136
python.doctor,3,0,411
python.p2hp.com,3,0,1384
quark.cn,3,0,193
scikit-learn.org,3,0,696
stansz.fr,3,100,0
sti2d.ecolelamache.org,3,33,235
stjonum.fr,3,50,146
wiki.freecad.org,3,0,68
9raytifclick.com,2,0,19
Instagram,2,50,28
Twitter,2,0,387
alkhwarizmique.go.yo.fr,2,100,0
allen-downey.developpez.com,2,50,12
aranacorp.com,2,0,28
avenel.pro,2,100,0
beaulieu-informatique.fr,2,0,100
berger-levrault.atlassian.net,2,50,375
biblio.editions-bordas.fr,2,50,6
bitbucket.org,2,100,0
blog.ddata.fr,2,100,0
breakintoai.fr,2,67,90
burier.ch,2,50,39
byui-cse.github.io,2,0,223
bzalugas.github.io,2,33,173
capgemini.udemy.com,2,100,0
cdpn.io,2,33,766
celad.udemy.com,2,100,0
cmuprogpython.jupyterhub.unige.ch,2,100,0
copdips.com,2,50,10
courspython.com,2,0,186
cse2.mine.bz,2,100,0
datascientest.com,2,50,16
docs.ansible.com,2,0,64
docs.obspy.org,2,0,942
dropbox.com,2,50,358
edube.org,2,0,333
eleydet.free.fr,2,50,11
ensip.gitlab.io,2,67,210
eprel.u-pec.fr,2,100,0
es.python.org,2,0,150
espadon.upf.pf,2,100,0
extenzilla.org,2,0,1268
fevrierdorian.com,2,100,0
fictional-lamp-pjwp6qr46jw4cvr9.github.dev,2,100,0
flask-fr.readthedocs.io,2,0,1338
foad.ensicaen.fr,2,100,0
frederic-lang.developpez.com,2,100,0
home-assistant.io,2,0,847
hub.ovh2.mybinder.org,2,100,0
iepsarlon.sharepoint.com,2,100,0
improved-adventure-jj7qgj5wpx99hqw7v.github.dev,2,100,0
info.blaisepascal.fr,2,100,0
internet-start.net,2,100,0
iris.univ-tlse2.fr,2,100,0
karmasearch.org,2,100,2
l3-nbgrader.univ-lyon1.fr,2,100,0
lfasquelle.forge.apps.education.fr,2,0,666
lucasrelmynsi.gitlab.io,2,50,202
members.loria.fr,2,50,56
messagerie.ec-lyon.fr,2,50,5
modoboa.readthedocs.io,2,100,0
moodle-lettres-24.sorbonne-universite.fr,2,100,0
moodle-sciences-24.sorbonne-universite.fr,2,100,0
moodle.caseine.org,2,100,0
moodle.coliniere.fr,2,50,2178
nb.anaconda.cloud,2,75,131
networkx.org,2,0,394
nsi-premiere-685f29.gitlab.io,2,50,8
nsi.fasquelle.ovh,2,50,10
nsi1.macs2.org,2,100,0
nsirenoir.fr,2,50,17
objets.ccdmd.qc.ca,2,50,5
online.ase.ro,2,33,161
physiquechimiehoeltzel.e-monsite.com,2,100,0
pillow.readthedocs.io,2,0,180
pro.arcgis.com,2,0,308
pyzo.org,2,0,44
refseek.com,2,33,57
ru.hexlet.io,2,0,463
selenium-python.readthedocs.io,2,0,867
sphinx-doc.org,2,0,16
spmsn.github.io,2,50,42
sso.st.com,2,50,5
substack,2,100,0
thepingouin.com,2,0,1017
trello.com,2,50,701
tresfacile.net,2,0,384
websockets.readthedocs.io,2,0,2420
0130175v.index-education.net,1,0,3041
0420034j.moodle.ent.auvergnerhonealpes.fr,1,50,76
193.49.249.136,1,0,64
24jdpp.forge.apps.education.fr,1,100,0
360.cn,1,0,59
628930565-atari-embeds.googleusercontent.com,1,100,0
82.64.86.130,1,100,0
Amazon,1,0,426
Disqus,1,0,1736
Sogou,1,100,0
StackOverflow,1,0,106
Telegram,1,0,417
ac-paris.fr,1,100,0
achuanai.com,1,0,2348
adfs.dahergroup.com,1,100,0
ametice.univ-amu.fr,1,0,13
animated-chainsaw-jj7747gx69jr3qxx.github.dev,1,100,0
app.jedha.co,1,0,1792
app.textcortex.com,1,0,147
apple.github.io,1,0,60
arbre-analyste.fr,1,100,0
