name,unique_entrances,total_entrances,visit_duration
/it/3/tutorial/index.html,21,21,317
/3/,15,15,572
/dev/using/windows.html,12,12,605
/it/3.13/tutorial/index.html,9,9,10
/it/3/,7,8,96
/it/3.14/tutorial/index.html,6,6,96
/it/3/tutorial/datastructures.html,6,6,311
/it/3/tutorial/inputoutput.html,6,6,2
/it/3.14/,5,5,210
/it/3.14/search.html,4,5,43
/it/3.15/using/windows.html,4,4,1
/it/3/tutorial/introduction.html,4,4,354
/3.14/tutorial/index.html,3,3,386
/3/tutorial/index.html,3,3,207
/it/3.12/tutorial/index.html,3,3,48
/it/3.13/library/tk.html,3,3,0
/it/3.14/library/functions.html,3,3,216
/it/3.14/tutorial/appetite.html,3,3,985
/it/3.14/tutorial/introduction.html,3,3,46
/it/3/library/copy.html,3,3,0
/it/3/search.html,3,3,248
/it/3/tutorial/appetite.html,3,3,66
/it/3/tutorial/modules.html,3,3,0
/3/contents.html,2,2,870
/3/download.html,2,2,1280
/3/library/functions.html,2,2,2766
/3/library/index.html,2,2,789
/3/library/subprocess.html,2,2,186
/3/tutorial/appetite.html,2,2,297
/3/tutorial/venv.html,2,2,214
/it/3.13/c-api/call.html,2,2,0
/it/3.13/c-api/veryhigh.html,2,2,0
/it/3.13/howto/sockets.html,2,2,0
/it/3.13/library/filesys.html,2,2,0
/it/3.13/search.html,2,3,425
/it/3.14/library/index.html,2,2,256
/it/3.14/reference/index.html,2,2,8
/it/3.14/tutorial/controlflow.html,2,2,0
/it/3/contents.html,2,2,8
/it/3/py-modindex.html,2,2,0
/it/3/tutorial/controlflow.html,2,2,116
/it/3/tutorial/errors.html,2,2,65
/it/3/tutorial/interpreter.html,2,2,4
/it/3/tutorial/venv.html,2,2,0
/3.12/,1,1,11
/3.12/download.html,1,1,471
/3.12/tutorial/index.html,1,1,0
/3.14/library/idle.html,1,1,103
/3.15/,1,1,9
/3/extending/index.html,1,1,6544
/3/howto/regex.html,1,1,29
/3/library/datetime.html,1,1,3544
/3/library/exceptions.html,1,1,93
/3/library/idle.html,1,1,32
/3/library/math.html,1,1,166
/3/library/os.html,1,1,422
/3/library/re.html,1,1,22
/3/library/secrets.html,1,1,227
/3/library/stdtypes.html,1,1,125
/3/library/tkinter.html,1,1,207
/3/library/turtle.html,1,1,10
/3/py-modindex.html,1,1,1065
/3/reference/index.html,1,1,54
/3/search.html,1,1,20
/3/tutorial/,1,1,63
/3/tutorial/errors.html,1,1,21
/fr/3.13/tutorial/stdlib2.html,1,1,0
/it/3.12/contents.html,1,1,517
/it/3.12/download.html,1,1,0
/it/3.12/genindex-F.html,1,1,0
/it/3.12/library/gettext.html,1,1,0
/it/3.12/library/sys.html,1,1,0
/it/3.12/search.html,1,1,0
/it/3.12/tutorial/interpreter.html,1,1,304
/it/3.12/whatsnew/3.4.html,1,1,0
/it/3.13/c-api/allocation.html,1,1,0
/it/3.13/c-api/buffer.html,1,1,0
/it/3.13/c-api/concrete.html,1,1,0
/it/3.13/c-api/datetime.html,1,1,0
/it/3.13/c-api/index.html,1,1,0
/it/3.13/c-api/mapping.html,1,1,0
/it/3.13/c-api/number.html,1,1,0
/it/3.13/c-api/type.html,1,1,0
/it/3.13/c-api/typeobj.html,1,1,0
/it/3.13/genindex-S.html,1,1,0
/it/3.13/glossary.html,1,1,5074
/it/3.13/index.html,1,1,12
/it/3.13/library/__future__.html,1,1,0
/it/3.13/library/argparse.html,1,1,0
/it/3.13/library/asyncio-exceptions.html,1,1,0
/it/3.13/library/asyncio-subprocess.html,1,1,0
/it/3.13/library/bdb.html,1,1,0
/it/3.13/library/concurrent.html,1,1,0
/it/3.13/library/debug.html,1,1,0
/it/3.13/library/decimal.html,1,1,0
/it/3.13/library/email.charset.html,1,1,0
/it/3.13/library/email.generator.html,1,1,0
/it/3.13/library/email.message.html,1,1,0
/it/3.13/library/email.mime.html,1,1,0
/it/3.13/library/email.parser.html,1,1,0
/it/3.13/library/email.policy.html,1,1,0
/it/3.13/library/fnmatch.html,1,1,0
/it/3.13/library/functions.html,1,1,0
/it/3.13/library/getpass.html,1,1,0
/it/3.13/library/grp.html,1,1,0
/it/3.13/library/html.entities.html,1,1,0
/it/3.13/library/idle.html,1,1,0
/it/3.13/library/ipc.html,1,1,0
/it/3.13/library/itertools.html,1,1,0
/it/3.13/library/keyword.html,1,1,0
/it/3.13/library/modules.html,1,1,0
/it/3.13/library/numeric.html,1,1,0
/it/3.13/library/socket.html,1,1,0
/it/3.13/library/sys_path_init.html,1,1,0
/it/3.13/library/test.html,1,1,0
/it/3.13/library/unittest.mock-examples.html,1,1,0
/it/3.13/library/xml.dom.minidom.html,1,1,0
/it/3.13/library/xml.sax.html,1,1,0
/it/3.13/reference/datamodel.html,1,1,0
/it/3.13/reference/grammar.html,1,1,0
/it/3.13/tutorial/errors.html,1,1,0
/it/3.13/tutorial/inputoutput.html,1,1,0
/it/3.13/tutorial/stdlib2.html,1,1,1257
/it/3.13/whatsnew/3.13.html,1,1,0
/it/3.14/bugs.html,1,1,3
/it/3.14/contents.html,1,1,35
/it/3.14/download.html,1,1,0
/it/3.14/genindex-A.html,1,1,0
/it/3.14/genindex-G.html,1,1,0
/it/3.14/genindex-J.html,1,1,0
/it/3.14/genindex-L.html,1,1,0
/it/3.14/genindex-_.html,1,1,0
/it/3.14/library/csv.html,1,1,0
/it/3.14/library/math.html,1,1,7
/it/3.14/library/sqlite3.html,1,1,52
/it/3.14/library/subprocess.html,1,1,5
/it/3.14/library/syslog.html,1,1,0
/it/3.14/reference/lexical_analysis.html,1,1,0
/it/3.14/tutorial/,1,1,0
/it/3.14/whatsnew/3.14.html,1,1,540
/it/3.15/index.html,1,1,12
/it/3/c-api/code.html,1,1,0
/it/3/c-api/curses.html,1,1,0
/it/3/c-api/frame.html,1,1,0
/it/3/c-api/gen.html,1,1,0
/it/3/c-api/none.html,1,1,0
/it/3/c-api/set.html,1,1,0
/it/3/howto/index.html,1,1,0
/it/3/index.html,1,1,62
/it/3/library/asyncio-dev.html,1,1,0
/it/3/library/calendar.html,1,1,0
/it/3/library/gettext.html,1,1,0
/it/3/library/index.html,1,1,421
/it/3/library/inspect.html,1,1,0
/it/3/library/multiprocessing.html,1,1,0
/it/3/library/stdtypes.html,1,1,0
/pl/3/reference/datamodel.html,1,1,48
/pt-br/3/search.html,1,1,422
