name,visitors,bounce_rate,visit_duration
Direct / None,197,72,226
google.com,44,62,194
python.org,14,0,303
python.it,7,60,483
bing.com,4,50,71
duckduckgo.com,2,0,470
it.search.yahoo.com,2,50,6
access.ifi.uzh.ch,1,0,22
chatgpt.com,1,0,370
create-learn.us/blog/python-projects-for-kids,1,0,10
ecosia.org,1,0,0
google.it,1,0,145
humbledata.org,1,0,5061
jupyterlabnext-3-labs-prod-jupyterlab-us-east-0.labs.cognitiveclass.ai,1,0,93
perplexity.ai,1,0,0
scikit-learn.org,1,0,389
unimibfisicalaboratori.github.io,1,0,125
yandex.ru,1,0,1208
