name,visitors
Istanbul,31
Ankara,7
Baku,7
İzmir,6
Antalya,5
Şanlıurfa,2
Mersin,2
Kahramanmaraş,2
Aydın,2
Afyonkarahisar,2
Adana,2
Trabzon,2
Bursa,2
Adapazarı,2
Riyadh,1
Amman,1
Reyhanlı,1
Muğla,1
Mardin,1
Kırıkkale,1
Eskişehir,1
Elazığ,1
Dörtyol,1
Diyarbakır,1
Kazan,1
Zonguldak,1
Giresun,1
Derince,1
Çerkezköy,1
Çanakkale,1
Lahore,1
Chennai,1
Hyderabad,1
Coimbatore,1
Kolkata,1
Mumbai,1
Tashkent,1
Manila,1
Kunming,1
Guangzhou,1
Stevenage,1
Rochdale,1
Bradford,1
Zuchwil,1
Tarragona,1
Podgorica,1
Aachen,1
São José dos Campos,1
Stoughton,1
Oakville,1
Çankaya,1
Muratpaşa,1
Merkez,1
Altınordu,1
