property,value,visitors,events,percentage
url,(none),22432,28959,99.2
url,https://github.com/python/peps/blob/main/peps/pep-0745.rst,340,357,1.5
url,https://www.python.org/,266,283,1.2
url,https://github.com/python/peps/blob/main/peps/pep-0693.rst,191,206,0.8
url,https://github.com/python/peps/blob/main/peps/pep-0664.rst,131,134,0.6
url,https://github.com/python/peps/blob/main/peps/pep-0619.rst,96,100,0.4
url,https://github.com/python/peps/blob/main/peps/pep-0719.rst,83,90,0.4
url,https://github.com/python/peps/blob/main/peps/pep-0693.rst?plain=1,72,94,0.3
url,https://github.com/python/peps/blob/main/peps/pep-0745.rst?plain=1,71,76,0.3
url,https://github.com/python/peps/blob/main/peps/pep-0664.rst?plain=1,59,60,0.3
url,https://docs.python.org/3.12/whatsnew/3.12.html,41,42,0.2
url,https://github.com/python/peps/blob/main/peps/pep-0619.rst?plain=1,41,43,0.2
url,https://github.com/python/peps/blob/main/peps/pep-0596.rst,37,41,0.2
url,https://github.com/python/peps/blob/main/peps/pep-0569.rst,26,28,0.1
url,https://github.com/python/peps/blob/main/peps/pep-0719.rst?plain=1,26,27,0.1
url,https://github.com/python/peps/commits/main/peps/pep-0745.rst,25,34,0.1
url,https://github.com/python/peps/blob/main/peps/pep-0596.rst?plain=1,17,19,0.1
url,https://github.com/python/peps/blob/main/peps/pep-0790.rst,15,15,0.1
url,https://discuss.python.org/t/pep-596-python-3-9-release-schedule-doubling-the-release-cadence/1828,12,12,0.1
url,https://github.com/python/peps/blob/main/peps/pep-0569.rst?plain=1,11,12,0.0
url,https://github.com/python/peps/commits/main/peps/pep-0664.rst,11,11,0.0
url,https://github.com/python/peps/commits/main/peps/pep-0693.rst,11,12,0.0
url,https://mail.python.org/archives/list/python-dev@python.org/thread/KE7OS4PZASZMFTW2FP2MWZU5R4Q2QZKU/,10,10,0.0
url,https://docs.python.org/3.14/library/string.templatelib.html#template-strings,9,9,0.0
url,https://github.com/python/peps/blob/main/peps/pep-0008.rst?plain=1,9,10,0.0
url,https://github.com/python/peps/blob/main/peps/pep-0020.rst,9,10,0.0
url,https://groups.google.com/d/msg/comp.lang.python/B_VxeTBClM0/L8W9KlsiriUJ,9,9,0.0
url,https://github.com/python/peps/blob/main/peps/pep-0790.rst?plain=1,8,8,0.0
url,https://packaging.python.org/en/latest/specifications/pylock-toml/#pylock-toml-spec,8,8,0.0
url,https://docs.python.org/3/reference/compound_stmts.html#annotations,7,8,0.0
url,https://packaging.python.org/en/latest/specifications/,7,7,0.0
url,https://github.com/python/peps,6,7,0.0
url,https://github.com/python/peps/blob/main/peps/pep-0602.rst,6,6,0.0
url,https://docs.python.org/3/library/concurrent.interpreters.html#module-concurrent.interpreters,5,5,0.0
url,https://github.com/python/peps/commits/main/peps/pep-0602.rst,5,5,0.0
url,https://github.com/python/peps/commits/main/peps/pep-0619.rst,5,5,0.0
url,https://www.pypa.io/en/latest/specifications/#handling-fixes-and-other-minor-updates,5,5,0.0
url,http://barry.warsaw.us/software/STYLEGUIDE.txt,4,6,0.0
url,https://devguide.python.org/devcycle/#end-of-life-branches,4,4,0.0
url,https://discuss.python.org/t/pep-703-making-the-global-interpreter-lock-optional-in-cpython-acceptance/37075,4,4,0.0
url,https://github.com/python/peps/commits/main/peps/pep-0596.rst,4,4,0.0
url,https://mail.python.org/archives/list/distutils-sig@python.org/,4,4,0.0
url,https://packaging.python.org/en/latest/specifications/pyproject-toml/#pyproject-toml-spec,4,5,0.0
url,https://packaging.python.org/en/latest/specifications/simple-repository-api/#simple-repository-api,4,5,0.0
url,https://typing.python.org/en/latest/spec/directives.html#deprecated,4,4,0.0
url,http://docs.python.org/3/install,3,3,0.0
url,https://devguide.python.org/devcycle/,3,3,0.0
url,https://docs.python.org/3.14/reference/compound_stmts.html#finally,3,3,0.0
url,https://docs.python.org/3/reference/compound_stmts.html#match,3,3,0.0
url,https://docs.python.org/3/whatsnew/3.11.html#whatsnew311-pep659,3,3,0.0
url,https://github.com/python/cpython/issues/46545,3,9,0.0
url,https://github.com/python/peps/blob/main/peps/pep-0008.rst,3,4,0.0
url,https://github.com/python/peps/blob/main/peps/pep-0263.rst?plain=1,3,3,0.0
url,https://mail.python.org/archives/list/python-dev@python.org/,3,3,0.0
url,https://mail.python.org/archives/list/python-dev@python.org/thread/6KT2KIOTYXMDCD2CCAOLOI7LUGTN6MBS,3,3,0.0
url,https://mail.python.org/archives/list/python-dev@python.org/thread/VQKDIZLZ6HF2MLTNCUFURK2IFTXVQEYA/,3,5,0.0
url,https://mail.python.org/pipermail/python-dev/2012-March/117510.html,3,3,0.0
url,https://mail.python.org/pipermail/python-dev/2018-July/154601.html,3,3,0.0
url,https://packaging.python.org/en/latest/specifications/dependency-specifiers/#dependency-specifiers,3,3,0.0
url,https://packaging.python.org/specifications/core-metadata/,3,3,0.0
url,https://pypi.org/project/setuptools/,3,3,0.0
url,https://typing.python.org/en/latest/spec/protocol.html#protocols,3,3,0.0
url,https://ai.facebook.com/blog/nethack-learning-environment-to-advance-deep-reinforcement-learning/,2,2,0.0
url,https://beeware.org/,2,2,0.0
url,https://bugs.python.org/issue36144,2,2,0.0
url,https://bugs.python.org/issue526840,2,3,0.0
url,https://datatracker.ietf.org/doc/html/rfc2119.html,2,2,0.0
url,https://discuss.python.org/t/104131,2,2,0.0
url,https://discuss.python.org/t/22606,2,2,0.0
url,https://discuss.python.org/t/32566,2,3,0.0
url,https://discuss.python.org/t/78548/,2,2,0.0
url,https://discuss.python.org/t/84319/123,2,2,0.0
url,https://discuss.python.org/t/pep-609-pypa-governance/2619,2,3,0.0
url,https://discuss.python.org/t/pep-649-deferred-evaluation-of-annotations-tentatively-accepted/21331/,2,2,0.0
url,https://discuss.python.org/t/pep-744-jit-compilation/50756,2,13,0.0
url,https://discuss.python.org/t/steering-council-nominations-barry-warsaw-2025-term/71732/,2,2,0.0
url,https://docs.python.org/3.13/library/warnings.html#warnings.deprecated,2,2,0.0
url,https://docs.python.org/3/library/stdtypes.html#types-genericalias,2,2,0.0
url,https://docs.python.org/3/reference/simple_stmts.html#annassign,2,2,0.0
url,https://docs.python.org/3/tutorial/errors.html#tut-cleanup,2,2,0.0
url,https://docutils.sourceforge.io/,2,2,0.0
url,https://github.com/astral-sh/uv,2,2,0.0
url,https://github.com/faster-cpython/tools/blob/main/scripts/download_packages.py,2,2,0.0
url,https://github.com/python/cpython/issues,2,2,0.0
url,https://github.com/python/peps/blob/main/peps/pep-0012.rst?plain=1,2,3,0.0
url,https://github.com/python/peps/blob/main/peps/pep-0249.rst?plain=1,2,3,0.0
url,https://github.com/python/peps/blob/main/peps/pep-0257.rst,2,2,0.0
url,https://github.com/python/peps/blob/main/peps/pep-0257.rst?plain=1,2,2,0.0
url,https://github.com/python/peps/blob/main/peps/pep-0440.rst,2,2,0.0
url,https://github.com/python/peps/blob/main/peps/pep-0479.rst,2,2,0.0
url,https://github.com/python/peps/blob/main/peps/pep-0537.rst?plain=1,2,2,0.0
url,https://github.com/python/peps/blob/main/peps/pep-0727.rst,2,2,0.0
url,https://github.com/python/typeshed,2,3,0.0
url,https://github.com/t-strings/pep750-examples/blob/main/pep/fstring.py,2,2,0.0
url,https://mail.python.org/archives/list/python-dev@python.org/thread/BO2TQHSXWL2RJMINWQQRBF5LANDDJNHH/,2,2,0.0
url,https://mail.python.org/mailman/listinfo/web-sig,2,2,0.0
url,https://mail.python.org/pipermail/import-sig/2012-March/000421.html,2,2,0.0
url,https://mail.python.org/pipermail/python-dev/2015-February/138277.html,2,2,0.0
url,https://mail.python.org/pipermail/python-dev/2017-September/149358.html,2,2,0.0
url,https://mail.python.org/pipermail/python-list/2014-November/680757.html,2,2,0.0
url,https://packaging.python.org/en/latest/specifications/binary-distribution-format/#the-dist-info-sboms-directory,2,2,0.0
url,https://packaging.python.org/en/latest/specifications/core-metadata/#core-metadata,2,2,0.0
url,https://packaging.python.org/en/latest/specifications/externally-managed-environments/#externally-managed-environments,2,2,0.0
url,https://packaging.python.org/en/latest/specifications/inline-script-metadata/#inline-script-metadata,2,2,0.0
url,https://packaging.python.org/en/latest/specifications/source-distribution-format/#source-distribution-format-sdist,2,2,0.0
url,https://packaging.python.org/en/latest/specifications/version-specifiers/#version-specifiers,2,2,0.0
url,https://spdx.github.io/spdx-spec/v2.2.2/SPDX-license-expressions/,2,2,0.0
url,https://toml.io/,2,2,0.0
url,https://typing.python.org/en/latest/spec/,2,2,0.0
url,https://typing.python.org/en/latest/spec/callables.html#unpack-kwargs,2,2,0.0
url,https://typing.python.org/en/latest/spec/class-compat.html#classvar,2,2,0.0
url,https://typing.python.org/en/latest/spec/generics.html#self,2,3,0.0
url,https://typing.python.org/en/latest/spec/meta.html,2,2,0.0
url,https://typing.python.org/en/latest/spec/narrowing.html#typeguard,2,2,0.0
url,https://typing.python.org/en/latest/spec/typeddict.html#readonly,2,2,0.0
url,https://typing.python.org/en/latest/spec/typeddict.html#typeddict,2,2,0.0
url,https://www.npmjs.com/package/pyodide,2,3,0.0
url,https://www.youtube.com/watch?v=FByM0r-VOLc,2,2,0.0
url,http://bugs.python.org/issue11564,1,1,0.0
url,http://bugs.python.org/issue14162,1,1,0.0
url,http://code.activestate.com/recipes/578416-split-a-sequence-or-generator-using-a-predicate/,1,1,0.0
url,http://docs.python.org/library/imputil.html,1,1,0.0
url,http://docs.python.org/library/stdtypes.html#string-formatting-operations,1,1,0.0
url,http://docutils.sourceforge.net/docs/user/rst/quickref.html,1,1,0.0
url,http://docutils.sourceforge.net/docs/user/rst/quickstart.html,1,1,0.0
url,http://effbot.org/zone/element-index.htm,1,1,0.0
url,http://en.wikipedia.org/wiki/Covariance_and_contravariance_%28computer_science%29,1,1,0.0
url,http://groups.google.com/groups?hl=en&lr=&ie=UTF-8&oe=UTF-8&selm=mailman.1010809396.32158.python-list%40python.org,1,1,0.0
url,http://java.sun.com/j2se/1.5.0/docs/api/java/util/concurrent/package-summary.html,1,1,0.0
url,http://java.sun.com/j2se/1.5.0/docs/guide/language/annotations.html,1,1,0.0
url,http://mail.scipy.org/pipermail/numpy-discussion/2014-March/069448.html,1,1,0.0
url,http://mail.zope.org/pipermail/zope3-dev/2002-December/004251.html,1,1,0.0
url,http://peak.telecommunity.com/DevCenter/EggFormats#filename-embedded-metadata,1,1,0.0
url,http://starship.python.net/crew/da/proposals/richcmp.html,1,1,0.0
url,http://www.codeplex.com/Wiki/View.aspx?ProjectName=IronPython,1,1,0.0
url,http://www.cpan.org/,1,1,0.0
url,http://www.gnu.org/software/libc/manual/html_node/Opening-and-Closing-Files.html,1,1,0.0
url,http://www.libexpat.org/,1,1,0.0
url,http://www.python.org/moin/PythonDecorators,1,1,0.0
url,http://www.python.org/topics/database/,1,1,0.0
url,http://www.pythonlabs.com/,1,1,0.0
url,http://www.wikipedia.com/wiki/Camel_case,1,1,0.0
url,https://archive.org/details/PuttingMetaclassesToWork,1,1,0.0
url,https://bpython-interpreter.org/,1,1,0.0
url,https://brotli.org/,1,1,0.0
url,https://bugs.python.org/issue36346,1,1,0.0
url,https://buildbot.python.org/all/#/builders?tags=%2B3.x&tags=%2Btier-3,1,1,0.0
url,https://dabeaz.blogspot.com/2011/08/inside-look-at-gil-removal-patch-of.html,1,1,0.0
url,https://datatracker.ietf.org/doc/html/rfc2822.html,1,1,0.0
url,https://datatracker.ietf.org/doc/html/rfc3280.html,1,1,0.0
url,https://datatracker.ietf.org/doc/html/rfc5322.html,1,1,0.0
url,https://datatracker.ietf.org/doc/html/rfc822.html#section-3.1.1,1,1,0.0
url,https://datatracker.ietf.org/doc/html/rfc8478.html,1,1,0.0
url,https://developers.facebook.com/blog/post/2022/06/15/python-lazy-imports-with-cinder/,1,1,0.0
url,https://devguide.python.org/getting-started/setup-building/#emscripten,1,1,0.0
url,https://devguide.python.org/stdlibchanges/,1,1,0.0
url,https://discuss.python.org/t/10302,1,1,0.0
url,https://discuss.python.org/t/103890,1,1,0.0
url,https://discuss.python.org/t/13508,1,1,0.0
url,https://discuss.python.org/t/14737,1,1,0.0
url,https://discuss.python.org/t/14737/9,1,1,0.0
url,https://discuss.python.org/t/22042,1,1,0.0
url,https://discuss.python.org/t/32640/32,1,1,0.0
url,https://discuss.python.org/t/43432/222,1,1,0.0
url,https://discuss.python.org/t/66453,1,1,0.0
url,https://discuss.python.org/t/66453/63,1,1,0.0
url,https://discuss.python.org/t/76308,1,1,0.0
url,https://discuss.python.org/t/76419/32,1,1,0.0
url,https://discuss.python.org/t/77293/150,1,1,0.0
url,https://discuss.python.org/t/99435,1,1,0.0
url,https://discuss.python.org/t/pep-2026-calendar-versioning-for-python/55782/126,1,1,0.0
url,https://discuss.python.org/t/pep-570-python-positional-only-parameters/1078,1,1,0.0
url,https://discuss.python.org/t/pep-582-python-local-packages-directory/963,1,1,0.0
url,https://discuss.python.org/t/pep-582-python-local-packages-directory/963/,1,1,0.0
url,https://discuss.python.org/t/pep-602-annual-release-cycle-for-python/2296/,1,1,0.0
url,https://discuss.python.org/t/pep-621-round-3/5472/109,1,1,0.0
url,https://discuss.python.org/t/pep-657-include-fine-grained-error-locations-in-tracebacks/8629,1,1,0.0
url,https://discuss.python.org/t/pep-665-take-2-a-file-format-to-list-python-dependencies-for-reproducibility-of-an-application/11736/140,1,1,0.0
url,https://discuss.python.org/t/pep-679-allow-parentheses-in-assert-statements/13003,1,1,0.0
url,https://discuss.python.org/t/pep-679-new-assert-statement-syntax-with-parentheses/103634,1,2,0.0
url,https://discuss.python.org/t/pep-690-lazy-imports-again/19661/26,1,1,0.0
url,https://discuss.python.org/t/pep-690-lazy-imports/15474,1,1,0.0
url,https://discuss.python.org/t/pep-696-type-defaults-for-typevarlikes/22569,1,1,0.0
url,https://discuss.python.org/t/pep-734-multiple-interpreters-in-the-stdlib/41147/,1,1,0.0
url,https://discuss.python.org/t/pep-741-python-configuration-c-api-second-version/45403/88,1,1,0.0
url,https://discuss.python.org/t/pep-799-a-dedicated-profilers-package-for-organizing-python-profiling-tool/100898,1,1,0.0
url,https://discuss.python.org/t/pep-for-handling-multiple-indexes-index-priority/71589,1,1,0.0
url,https://discuss.python.org/t/preventing-yield-inside-certain-context-managers/1091,1,1,0.0
url,https://discuss.python.org/t/steering-council-nomination-donghee-na-2025-term/71731,1,1,0.0
url,https://discuss.python.org/t/steering-council-nomination-emily-morehouse-2025-term/71824,1,1,0.0
url,https://discuss.python.org/t/steering-council-nomination-mariatta-2025-term/71950,1,1,0.0
url,https://docs.djangoproject.com/en/5.1/ref/utils/#django.utils.html.format_html,1,1,0.0
url,https://docs.python.org/3.11/c-api/intro.html#reference-counts,1,1,0.0
url,https://docs.python.org/3.11/whatsnew/3.11.html#faster-cpython,1,1,0.0
url,https://docs.python.org/3.13/library/typing.html#typing.TypeIs,1,1,0.0
url,https://docs.python.org/3.13/reference/compound_stmts.html#type-params,1,1,0.0
url,https://docs.python.org/3.13/tutorial/appendix.html#interactive-mode,1,1,0.0
url,https://docs.python.org/3.14/howto/remote_debugging.html#remote-debugging,1,2,0.0
url,https://docs.python.org/3.15/c-api/bytes.html#pybyteswriter,1,1,0.0
url,https://docs.python.org/3.9/distutils/apiref.html,1,1,0.0
url,https://docs.python.org/3/c-api/call.html#vectorcall,1,1,0.0
url,https://docs.python.org/3/c-api/stable.html#stable,1,1,0.0
url,https://docs.python.org/3/library/compression.zstd.html#module-compression.zstd,1,1,0.0
url,https://docs.python.org/3/library/os.path.html#module-os.path,1,1,0.0
url,https://docs.python.org/3/library/shlex.html#module-shlex,1,1,0.0
url,https://docs.python.org/3/library/sqlite3.html#module-sqlite3,1,1,0.0
url,https://docs.python.org/3/library/stdtypes.html#types-union,1,1,0.0
url,https://docs.python.org/3/library/typing.html#typing.ClassVar,1,1,0.0
url,https://docs.python.org/3/library/typing.html#typing.Literal,1,1,0.0
url,https://docs.python.org/3/library/typing.html#typing.LiteralString,1,1,0.0
url,https://docs.python.org/3/library/typing.html#typing.Protocol,1,1,0.0
url,https://docs.python.org/3/library/typing.html#typing.Self,1,1,0.0
url,https://docs.python.org/3/library/typing.html#typing.TypeGuard,1,1,0.0
url,https://docs.python.org/3/reference/datamodel.html#customizing-module-attribute-access,1,1,0.0
url,https://docs.python.org/3/using/android.html#using-android,1,1,0.0
url,https://docs.python.org/fr/,1,1,0.0
url,https://en.wikipedia.org/wiki/C11_%28C_standard_revision%29#Optional_features,1,1,0.0
url,https://en.wikipedia.org/wiki/Covariance_and_contravariance_%28computer_science%29,1,1,0.0
url,https://facebook.github.io/zstd/,1,1,0.0
url,https://github.com/JelleZijlstra/unsoundness/blob/04d16e5ea1a6492d82e8131f72894c9dcad1a55c/examples/overload/undetected_overlap.py,1,1,0.0
url,https://github.com/Rosuav/cpython/tree/assignment-expressions,1,1,0.0
url,https://github.com/android/ndk/issues/1244#issuecomment-620310397,1,1,0.0
url,https://github.com/colesbury/nogil,1,1,0.0
url,https://github.com/ericsnowcurrently/multi-core-python,1,1,0.0
url,https://github.com/ericvsmith/dataclasses/issues/3,1,1,0.0
url,https://github.com/facebookexperimental/free-threading-benchmarking,1,1,0.0
url,https://github.com/faster-cpython/benchmarking-public/,1,1,0.0
url,https://github.com/larryhastings/co_annotations/issues,1,1,0.0
url,https://github.com/majek/csiphash/,1,1,0.0
url,https://github.com/mkdocstrings/mkdocstrings,1,1,0.0
url,https://github.com/pyodide/pyodide/releases,1,1,0.0
url,https://github.com/pypa/pypi-support/issues,1,1,0.0
url,https://github.com/python-attrs/attrs,1,1,0.0
url,https://github.com/python/cpython/blob/main/Python/bytecodes.c,1,1,0.0
url,https://github.com/python/cpython/compare/main...encukou:unstable-tier,1,1,0.0
url,https://github.com/python/cpython/issues/81276#issuecomment-1093824963,1,1,0.0
url,https://github.com/python/cpython/pull/103764,1,1,0.0
url,https://github.com/python/cpython/pull/113465,1,1,0.0
url,https://github.com/python/cpython/pull/136505,1,1,0.0
url,https://github.com/python/cpython/pull/21515,1,1,0.0
url,https://github.com/python/peps/,1,2,0.0
url,https://github.com/python/peps/blob/main/peps/api/index.rst?plain=1,1,1,0.0
url,https://github.com/python/peps/blob/main/peps/pep-0001.rst,1,1,0.0
url,https://github.com/python/peps/blob/main/peps/pep-0001.rst?plain=1,1,1,0.0
url,https://github.com/python/peps/blob/main/peps/pep-0005.rst,1,1,0.0
url,https://github.com/python/peps/blob/main/peps/pep-0274.rst?plain=1,1,1,0.0
url,https://github.com/python/peps/blob/main/peps/pep-0282.rst?plain=1,1,1,0.0
url,https://github.com/python/peps/blob/main/peps/pep-0308.rst,1,1,0.0
url,https://github.com/python/peps/blob/main/peps/pep-0318.rst,1,1,0.0
url,https://github.com/python/peps/blob/main/peps/pep-0345.rst,1,1,0.0
url,https://github.com/python/peps/blob/main/peps/pep-0370.rst,1,1,0.0
url,https://github.com/python/peps/blob/main/peps/pep-0384.rst,1,1,0.0
url,https://github.com/python/peps/blob/main/peps/pep-0384.rst?plain=1,1,1,0.0
url,https://github.com/python/peps/blob/main/peps/pep-0401.rst,1,1,0.0
url,https://github.com/python/peps/blob/main/peps/pep-0441.rst,1,1,0.0
url,https://github.com/python/peps/blob/main/peps/pep-0448.rst,1,1,0.0
url,https://github.com/python/peps/blob/main/peps/pep-0478.rst,1,1,0.0
url,https://github.com/python/peps/blob/main/peps/pep-0478.rst?plain=1,1,1,0.0
url,https://github.com/python/peps/blob/main/peps/pep-0483.rst,1,1,0.0
url,https://github.com/python/peps/blob/main/peps/pep-0494.rst,1,1,0.0
url,https://github.com/python/peps/blob/main/peps/pep-0530.rst,1,1,0.0
url,https://github.com/python/peps/blob/main/peps/pep-0539.rst?plain=1,1,1,0.0
url,https://github.com/python/peps/blob/main/peps/pep-0572.rst,1,1,0.0
url,https://github.com/python/peps/blob/main/peps/pep-0573.rst,1,1,0.0
url,https://github.com/python/peps/blob/main/peps/pep-0583.rst,1,1,0.0
url,https://github.com/python/peps/blob/main/peps/pep-0600.rst,1,1,0.0
url,https://github.com/python/peps/blob/main/peps/pep-0609.rst,1,1,0.0
url,https://github.com/python/peps/blob/main/peps/pep-0623.rst?plain=1,1,1,0.0
url,https://github.com/python/peps/blob/main/peps/pep-0638.rst?plain=1,1,1,0.0
url,https://github.com/python/peps/blob/main/peps/pep-0649.rst,1,1,0.0
url,https://github.com/python/peps/blob/main/peps/pep-0685.rst?plain=1,1,1,0.0
url,https://github.com/python/peps/blob/main/peps/pep-0725.rst,1,1,0.0
url,https://github.com/python/peps/blob/main/peps/pep-0731.rst,1,1,0.0
url,https://github.com/python/peps/blob/main/peps/pep-0758.rst,1,1,0.0
url,https://github.com/python/peps/blob/main/peps/pep-0762.rst?plain=1,1,1,0.0
url,https://github.com/python/peps/blob/main/peps/pep-0768.rst,1,1,0.0
url,https://github.com/python/peps/blob/main/peps/pep-0779.rst,1,1,0.0
url,https://github.com/python/peps/blob/main/peps/pep-0779.rst?plain=1,1,1,0.0
url,https://github.com/python/peps/blob/main/peps/pep-3107.rst,1,1,0.0
url,https://github.com/python/peps/blob/main/peps/pep-3119.rst?plain=1,1,1,0.0
url,https://github.com/python/peps/blob/main/peps/pep-3148.rst,1,1,0.0
url,https://github.com/python/peps/commits/main/peps/pep-0001.rst,1,1,0.0
url,https://github.com/python/peps/commits/main/peps/pep-0257.rst,1,1,0.0
url,https://github.com/python/peps/commits/main/peps/pep-0301.rst,1,1,0.0
url,https://github.com/python/peps/commits/main/peps/pep-0308.rst,1,1,0.0
url,https://github.com/python/peps/commits/main/peps/pep-0479.rst,1,1,0.0
url,https://github.com/python/peps/commits/main/peps/pep-0565.rst,1,1,0.0
url,https://github.com/python/peps/commits/main/peps/pep-0582.rst,1,1,0.0
url,https://github.com/python/peps/commits/main/peps/pep-0583.rst,1,1,0.0
url,https://github.com/python/peps/commits/main/peps/pep-0719.rst,1,1,0.0
url,https://github.com/python/peps/commits/main/peps/pep-0725.rst,1,1,0.0
url,https://github.com/python/peps/commits/main/peps/pep-0750.rst,1,1,0.0
url,https://github.com/python/peps/commits/main/peps/pep-0779.rst,1,1,0.0
url,https://github.com/python/peps/commits/main/peps/pep-0790.rst,1,1,0.0
url,https://github.com/python/steering-council/issues/245#issuecomment-2179005461,1,1,0.0
url,https://github.com/sharkdp/hyperfine,1,1,0.0
url,https://github.com/t-strings/pep750-examples,1,1,0.0
url,https://github.com/t-strings/pep750-examples/blob/main/pep/logging.py,1,1,0.0
url,https://github.com/toml-lang/toml,1,1,0.0
url,https://kivy.org/,1,1,0.0
