name,unique_exits,total_exits,exit_rate
/ko/3/tutorial/index.html,70,74,
/ko/3/library/idle.html,37,37,
/ko/3/tutorial/interpreter.html,30,33,
/ko/3/library/functions.html,26,31,
/ko/3/library/stdtypes.html,20,22,
/ko/3/tutorial/introduction.html,19,21,
/ko/3.13/library/idle.html,18,18,
/ko/3.15/library/idle.html,18,18,
/ko/3/,17,17,
/ko/3/library/math.html,17,17,
/ko/3/library/random.html,17,17,
/ko/3/tutorial/datastructures.html,17,17,
/dev/using/windows.html,15,16,
/ko/3.15/using/windows.html,15,15,
/ko/3/library/threading.html,15,15,
/ko/3/tutorial/appetite.html,15,16,
/ko/3/library/logging.html,13,13,
/ko/3/library/subprocess.html,13,13,
/ko/3.13/library/functions.html,12,13,
/ko/3.13/library/random.html,12,12,
/ko/3/library/index.html,12,13,
/3/,11,11,
/ko/3/whatsnew/index.html,11,11,
/ko/3.13/howto/sorting.html,10,10,
/ko/3.14/search.html,10,10,
/ko/3/library/time.html,10,10,
/ko/3/library/turtle.html,10,10,
/ko/3.14/,9,9,
/ko/3/library/datetime.html,9,9,
/ko/3/library/multiprocessing.html,9,9,
/ko/3/library/pathlib.html,9,9,
/ko/3/library/tkinter.html,9,9,
/ko/3/tutorial/,9,9,
/ko/3/tutorial/controlflow.html,9,9,
/ko/3/using/windows.html,9,9,
/ko/3.13/howto/regex.html,8,8,
/ko/3.13/library/index.html,8,8,
/ko/3.13/tutorial/index.html,8,8,
/ko/3.13/tutorial/introduction.html,8,9,
/ko/3/installing/index.html,8,8,
/ko/3.13/installing/index.html,7,7,
/ko/3.13/library/stdtypes.html,7,7,
/ko/3.13/tutorial/classes.html,7,7,
/ko/3.13/tutorial/controlflow.html,7,7,
/ko/3.14/library/functions.html,7,7,
/ko/3.14/library/stdtypes.html,7,7,
/ko/3/howto/sorting.html,7,7,
/ko/3/library/calendar.html,7,7,
/ko/3/library/tempfile.html,7,7,
/ko/3/library/venv.html,7,7,
/ko/3/reference/,7,7,
/ko/dev/library/turtle.html,7,7,
/ko/3.14/library/tkinter.html,6,6,
/ko/3/library/asyncio-task.html,6,6,
/ko/3/library/asyncio.html,6,6,
/ko/3/library/itertools.html,6,6,
/ko/3/library/os.html,6,6,
/ko/3/library/pickle.html,6,6,
/ko/3/library/socket.html,6,6,
/ko/3/tutorial/errors.html,6,6,
/ko/3.13/library/re.html,5,5,
/ko/3.13/library/timeit.html,5,6,
/ko/3.14/whatsnew/3.14.html,5,5,
/ko/3/library/asyncio-queue.html,5,5,
/ko/3/library/collections.html,5,5,
/ko/3/library/concurrent.futures.html,5,5,
/ko/3/library/exceptions.html,5,5,
/ko/3/library/io.html,5,5,
/ko/3/library/operator.html,5,5,
/ko/3/library/pprint.html,5,5,
/ko/3/library/shutil.html,5,5,
/ko/3/library/textwrap.html,5,5,
/ko/3/library/unittest.html,5,6,
/ko/3/reference/index.html,5,5,
/ko/3/reference/lexical_analysis.html,5,5,
/ko/3/search.html,5,5,
/ko/dev/tutorial/inputoutput.html,5,5,
/3/library/stdtypes.html,4,4,
/ko/3.13/library/csv.html,4,4,
/ko/3.13/library/datetime.html,4,4,
/ko/3.13/library/difflib.html,4,4,
/ko/3.13/library/string.html,4,4,
/ko/3.13/tutorial/errors.html,4,4,
/ko/3.14/installing/index.html,4,4,
/ko/3.14/library/index.html,4,4,
/ko/3.14/reference/datamodel.html,4,2,
/ko/3/library/abc.html,4,4,
/ko/3/library/configparser.html,4,5,
/ko/3/library/csv.html,4,4,
/ko/3/library/json.html,4,5,
/ko/3/library/logging.handlers.html,4,4,
/ko/3/library/os.path.html,4,4,
/ko/3/library/re.html,4,4,
/ko/3/tutorial/modules.html,4,4,
/ko/dev/bugs.html,4,4,
/ko/dev/whatsnew/index.html,4,4,
/3.14/,3,3,
/3.15/whatsnew/3.15.html,3,3,
/3/library/functions.html,3,3,
/3/library/logging.html,3,3,
