name,visitors
Chrome,13127
Microsoft Edge,6678
Firefox,1792
Opera,1177
Safari,939
Yandex Browser,262
Mobile App,240
Smart Lenovo Browser,100
Quark,65
QQ Browser,42
MIUI Browser,37
Samsung Browser,36
vivo Browser,31
Huawei Browser Mobile,26
Sogou Explorer,20
Avast Secure Browser,19
AVG Secure Browser,12
UC Browser,8
Whale Browser,8
Huawei Browser,7
CCleaner,6
Norton Private Browser,6
(not set),4
Brave,4
AdBlock Browser,3
Avira Secure Browser,2
Kindle Browser,2
Android Browser,1
Notion,1
Openwave Mobile Browser,1
Opera GX,1
Phoenix Browser,1
QtWebEngine,1
Safe Exam Browser,1
SberBrowser,1
Xvast,1
