name,visitors
Tokyo,1859
Kanagawa,401
Osaka,356
Saitama,188
Aichi,186
Chiba,179
Hyogo,109
Hokkaido,74
Tochigi,74
Fukuoka,72
Guangdong,62
Kyoto,58
Shandong,57
Okinawa,55
Sichuan,51
Ibaraki,47
Shizuoka,45
Jiangsu,44
Henan,38
Miyagi,36
Gunma,36
Hebei,35
Nagano,33
Zhejiang,32
Hiroshima,30
Shiga,26
Shanghai,24
Ishikawa,22
Okayama,20
Mie,19
Gifu,18
Beijing,17
Niigata,17
Kochi,16
Shaanxi,15
Nara,15
Guangxi,14
Shanxi,14
Yunnan,14
Anhui,13
Hunan,13
Kumamoto,13
Kagoshima,13
Iwate,12
Fukui,12
Fukushima,11
Ehime,11
Nagasaki,11
Inner Mongolia,10
Yamaguchi,10
Chongqing,9
Fujian,9
Liaoning,9
Shimane,9
Miyazaki,9
Tianjin,8
Aomori,8
Tokushima,8
California,8
Gansu,7
Hubei,7
Toyama,6
Yamanashi,6
Tottori,6
Kagawa,6
Guizhou,5
Heilongjiang,5
Akita,5
Yamagata,5
Wakayama,4
Oita,4
Jiangxi,3
Ningxia,3
Rabat-Salé-Zemmour-Zaer,3
Dubai,2
New South Wales,2
Queensland,2
Jilin,2
Xinjiang,2
Saga,2
Gyeonggi,2
Taipei,2
Arizona,2
Maryland,2
New York,2
Hanoi,2
Ontario,1
Quebec,1
Hainan,1
South Bohemia,1
South Moravia,1
Berlin,1
Bavaria,1
Rhineland-Palatinate,1
Centre-Val de Loire,1
Normandie,1
England,1
Scotland,1
Kowloon City Kowloon,1
Jakarta,1
Central,1
Assam,1
Haryana,1
Rajasthan,1
Nairobi County,1
Daejeon,1
Sejong,1
Western,1
Querétaro,1
Leningrad,1
Moscow Province,1
Rostov,1
Tatarstan,1
Nakhon Sawan,1
New Taipei,1
Pingtung,1
Taichung,1
Colorado,1
Florida,1
Georgia,1
Idaho,1
Illinois,1
New Jersey,1
Ohio,1
Texas,1
Utah,1
Samarqand,1
Ho Chi Minh City,1
