name,visitors,bounce_rate,visit_duration
google.com,898,82,130
Direct / None,635,77,214
bing.com,36,85,211
baidu.com/link,24,77,289
chatgpt.com,16,67,205
google.com.hk,16,86,158
steam.oxxostudio.tw,15,50,243
google.com.tw,14,87,109
python.org,10,0,293
tw.search.yahoo.com,6,83,1
baidu.com,5,100,0
google.com/search,5,100,328
ecosia.org,4,100,0
cn.bing.com,2,0,46
m.baidu.com,2,100,8
allaboutdataanalysis.medium.com/%E6%88%91%E5%B8%B8%E7%94%A8%E7%9A%84%E5%B9%BE%E5%80%8B%E7%B6%93%E5%85%B8python%E6%A8%A1%E7%B5%84-e31382acc46c,1,0,0
code.visualstudio.com,1,0,2636
e-dorigatti.github.io,1,0,530
finlab.tw,1,100,0
ithelp.ithome.com.tw,1,0,0
m.baidu.com/from=1001192y/bd_page_type=1/ssid=0/uid=0/pu=usm%401%2Csz%401320_1001%2Cta%40iphone_2_10.0_28_16.0/baiduid=96760754456A098575FA7E4B3391A988/w=0_10_/t=iphone/l=1/tc,1,0,1170
m.baidu.com/from=1001703a/bd_page_type=1/ssid=0/uid=0/pu=usm%401%2Csz%401320_1001%2Cta%40iphone_2_15.0_18_40.9/baiduid=C95C2F96E427CB8F2AA69A05AD3F0942/w=0_10_/t=iphone/l=1/tc,1,100,0
m.baidu.com/from=1012852q/bd_page_type=1/ssid=0/uid=0/pu=usm%404%2Csz%401320_1004%2Cta%40iphone_2_14.0_11_17.6/baiduid=2DE2B98BCC8DD736AC9349EC7E8142ED/w=0_10_/t=iphone/l=1/tc,1,100,0
realnewbie.com,1,100,0
reddit.com,1,0,1433
