name,version,visitors
Windows,10,5379
Mac,10.15,1228
GNU/Linux,(not set),210
Android,15,164
Android,10,138
iOS,18.3,123
Android,12,114
Android,14,111
Windows,7,110
Android,13,47
HarmonyOS,(not set),32
Ubuntu,(not set),29
iOS,18.2,16
iOS,18.1,15
Android,11,12
iOS,17.6,11
iOS,18.4,10
iOS,17.5,8
(not set),(not set),7
iOS,16.2,7
iOS,18.0,7
Windows,Server 2003,7
iOS,16.7,6
iOS,17.7,6
Mac,10.13,5
iOS,16.6,5
iOS,17.4,5
HarmonyOS,3.0,5
Windows,8.1,5
iOS,16.3,4
iOS,4.3,4
Android,9,4
iOS,15.5,3
iOS,15.8,3
iOS,16.1,3
iOS,17.0,3
iOS,17.1,3
Windows,(not set),2
Mac,10.14,2
iOS,14.7,2
iOS,15.0,2
iOS,16.4,2
Android,7.1,2
iOS,12.4,1
Mac,14.3,1
Mac,14.4,1
Mac,14.6,1
iOS,14.6,1
iOS,14.8,1
Chrome OS,14541.0,1
Chrome OS,14816.131,1
Mac,15.0,1
iOS,15.4,1
iPadOS,15.7,1
iOS,15.7,1
iPadOS,15.8,1
iOS,16.5,1
iPadOS,16.7,1
iOS,17.3,1
iPadOS,17.5,1
HarmonyOS,2.2,1
Android,6.0,1
Windows,8,1
Android,8.1,1
Windows,XP,1
