name,unique_exits,total_exits,exit_rate
/it/3.13/tutorial/index.html,11,12,
/it/3/tutorial/controlflow.html,11,16,
/it/3/tutorial/index.html,9,9,
/it/3/tutorial/inputoutput.html,8,9,
/it/3/tutorial/floatingpoint.html,6,6,
/it/3/tutorial/introduction.html,6,7,
/it/3.13/,5,5,
/it/3.13/tutorial/classes.html,5,5,
/it/3.13/tutorial/introduction.html,5,6,
/it/3/library/stdtypes.html,5,5,
/it/3/tutorial/classes.html,5,7,
/it/3/tutorial/datastructures.html,5,5,
/it/3/tutorial/interpreter.html,5,5,
/3/tutorial/index.html,3,3,
/it/3.12/library/functions.html,3,3,
/it/3.13/download.html,3,3,
/it/3.13/search.html,3,3,
/it/3.13/tutorial/datastructures.html,3,4,
/it/3.13/tutorial/interpreter.html,3,3,
/it/3/tutorial/modules.html,3,3,
/3.13/,2,2,
/3/,2,2,
/it/3.12/download.html,2,2,
/it/3.13/library/csv.html,2,2,
/it/3.13/library/idle.html,2,2,
/it/3.13/library/index.html,2,2,
/it/3.13/library/tkinter.html,2,2,
/it/3.13/library/turtle.html,2,2,
/it/3.13/library/venv.html,2,2,
/it/3.13/reference/index.html,2,2,
/it/3.13/tutorial/appetite.html,2,2,
/it/3.13/tutorial/controlflow.html,2,2,
/it/3.13/using/cmdline.html,2,2,
/it/3.14/tutorial/appetite.html,2,2,
/it/3/,2,2,
/it/3/library/functions.html,2,2,
/it/3/tutorial/errors.html,2,2,
/3.13/contents.html,1,1,
/3.13/glossary.html,1,1,
/3.13/library/pickle.html,1,1,
/3.13/library/tkinter.html,1,1,
/3.13/library/turtle.html,1,1,
/3.13/license.html,1,1,
/3.13/tutorial/,1,1,
/3.13/tutorial/index.html,1,1,
/3.13/using/windows.html,1,1,
/3.14/,1,1,
/3/download.html,1,1,
/3/faq/windows.html,1,1,
/3/index.html,1,1,
/3/installing/index.html,1,1,
/3/library/difflib.html,1,1,
/3/library/idle.html,1,1,
/3/library/socket.html,1,1,
/3/library/tkinter.html,1,1,
/3/reference/index.html,1,1,
/3/tutorial/classes.html,1,1,
/3/tutorial/controlflow.html,1,1,
/3/tutorial/modules.html,1,1,
/3/using/unix.html,1,1,
/3/using/windows.html,1,1,
/es/3.13/tutorial/interpreter.html,1,0,
/es/3.13/tutorial/introduction.html,1,1,
/fr/3.13/library/index.html,1,1,
/it/3.12/,1,1,
/it/3.12/installing/index.html,1,1,
/it/3.12/tutorial/appetite.html,1,1,
/it/3.12/tutorial/introduction.html,1,1,
/it/3.12/tutorial/modules.html,1,1,
/it/3.12/whatsnew/3.12.html,1,1,
/it/3.13/contents.html,1,1,
/it/3.13/faq/windows.html,1,1,
/it/3.13/howto/argparse.html,1,1,
/it/3.13/installing/index.html,1,1,
/it/3.13/library/ast.html,1,0,
/it/3.13/library/ctypes.html,1,1,
/it/3.13/library/datetime.html,1,1,
/it/3.13/library/re.html,1,1,
/it/3.13/library/sqlite3.html,1,1,
/it/3.13/library/stdtypes.html,1,1,
/it/3.13/library/string.html,1,1,
/it/3.13/library/sys_path_init.html,1,1,
/it/3.13/library/winsound.html,1,1,
/it/3.13/py-modindex.html,1,1,
/it/3.13/reference/lexical_analysis.html,1,1,
/it/3.13/tutorial/,1,1,
/it/3.13/tutorial/stdlib.html,1,1,
/it/3.13/using/index.html,1,1,
/it/3.13/using/windows.html,1,1,
/it/3.14/library/,1,1,
/it/3.14/library/functions.html,1,1,
/it/3.14/tutorial/index.html,1,1,
/it/3/contents.html,1,1,
/it/3/download.html,1,1,
/it/3/library/decimal.html,1,1,
/it/3/library/exceptions.html,1,1,
/it/3/library/index.html,1,1,
/it/3/library/json.html,1,1,
/it/3/library/string.html,1,1,
/it/3/tutorial/appetite.html,1,1,
