name,visitors,bounce_rate,visit_duration
Direct / None,5296,89,43
google.com,3180,85,48
python.org,1331,85,21
docs.python.org,706,84,43
bing.com,302,86,55
duckduckgo.com,201,89,34
devguide.python.org/versions,124,74,55
search.brave.com,92,88,92
boot.dev,80,94,17
yandex.ru,80,90,42
chatgpt.com,69,84,88
github.com,65,86,32
docs.astral.sh,63,86,20
discuss.python.org,57,77,118
pypi.org,47,87,53
netacad.com,40,93,66
udemy.com,40,98,0
statics.teams.cdn.office.net,38,88,32
realpython.com,36,82,131
ecosia.org,28,79,12
gemini.google.com,28,83,38
practicum.yandex.ru,27,81,77
westernu.brightspace.com,21,95,3
kagi.com,18,78,32
numpydoc.readthedocs.io/en/latest/format.html,18,78,10
android-app://com.reddit.frontpage,16,100,0
cn.bing.com,15,81,115
python.org/downloads,14,86,3
codecademy.com,13,100,0
cs50.harvard.edu,13,100,0
packaging.python.org/en/latest/glossary,13,64,150
python-poetry.org,13,77,79
cms.unir.net,11,73,36
en.wikipedia.org,11,75,314
perplexity.ai,11,67,166
docs.pydantic.dev,10,80,56
google.com.hk,10,80,69
lms.yandex.ru,10,100,0
youtube.com,10,100,0
asgi.readthedocs.io/en/latest/introduction.html,9,89,1
docs.sqlalchemy.org,9,89,4
elearn.epam.com,9,100,0
flake8rules.com,9,89,5
google.de,9,100,0
openclassrooms.com,9,78,34
pydevtools.com,9,100,0
docs.python.org/3/whatsnew/3.14.html,8,50,6
docs.snowflake.com,8,100,0
moodle.taltech.ee,8,78,380
android-app://com.google.android.gm,7,43,73
android-app://com.slack,7,100,0
automatetheboringstuff.com,7,100,0
claude.ai,7,100,0
cs50.readthedocs.io,7,71,171
ics.uci.edu,7,100,0
notebooks.githubusercontent.com,7,100,0
obagy.com,7,86,15
pep8-ja.readthedocs.io/ja/latest,7,86,22
qiita.com,7,100,0
qwant.com,7,71,23
s3.eu-west-1.amazonaws.com,7,100,0
devguide.python.org,6,100,0
gist.github.com,6,83,1
hackerrank.com,6,83,2
learn.microsoft.com,6,100,0
my.sky.pro,6,83,38
pythoninsider.blogspot.com,6,50,193
ya.ru,6,100,0
baidu.com/link,5,60,75
codeit.kr,5,100,0
cursos.alura.com.br,5,100,0
developers.google.com,5,100,0
engdoc.corp.google.com,5,80,250
google.fr,5,80,3
linkedin.com,5,80,11
metanit.com,5,80,51
olymp.mega.itmo.ru,5,80,259
packaging.python.org/en/latest/key_projects,5,60,12
portal.engeto.com,5,100,0
python-academy.org,5,83,2
pythonzen-pep8-exam.com,5,100,0
raterproject.com,5,0,119
typing.python.org/en/latest/spec/generics.html,5,100,0
app.masterschool.com,4,100,0
bitbucket.org,4,100,0
code.amazon.com,4,100,0
commitizen-tools.github.io,4,100,0
datacamp.com,4,100,0
docs.brew.sh,4,100,0
edube.org/learn/pe-1/variables-data-shaped-boxes-21,4,100,0
fishc.com.cn,4,100,0
fr.search.yahoo.com,4,100,0
google.co.uk,4,100,0
link.zhihu.com,4,100,0
maharatech.gov.eg,4,100,0
news.ycombinator.com,4,75,114
note.nkmk.me,4,100,0
numpy.org,4,100,0
numpydoc.readthedocs.io,4,60,328
packaging.python.org/en/latest/specifications/core-metadata,4,50,30
packaging.python.org/en/latest/specifications/pyproject-toml,4,50,39
packaging.python.org/en/latest/tutorials/installing-packages,4,100,0
palletsprojects.com,4,100,0
psycopg.org,4,100,0
pymysql.readthedocs.io/en/latest/modules/connections.html,4,100,0
pymysql.readthedocs.io/en/latest/modules/cursors.html,4,100,0
stackoverflow.com,4,100,0
tim.jyu.fi,4,100,0
typing.python.org/en/latest/spec/aliases.html,4,75,8
alura.com.br,3,67,25
arc.net,3,100,0
asgi.readthedocs.io,3,75,2
astral.sh/blog/python-3.14,3,100,0
best-practice-and-impact.github.io,3,67,5
brightspace.tudelft.nl,3,100,0
classroom.google.com,3,100,0
code-basics.com,3,100,0
dev.azure.com,3,100,0
docs.cloud.google.com,3,100,0
docs.python-guide.org,3,100,0
docs.renovatebot.com,3,100,0
doubao.com,3,100,0
duckdb.org,3,100,0
eecs485staff.github.io,3,100,0
ellibrodepython.com,3,100,0
ets-centraldochub-ubs-ag-group-coo-group-ops-go--47d174f0889db9.devcloud.ubs.net,3,100,0
forum.inductiveautomation.com,3,100,0
forums.raspberrypi.com,3,100,0
github.com/astral-sh/ty/issues/291,3,100,0
github.com/linkedin/shiv,3,100,0
github.com/prefix-dev/pixi/releases,3,67,2
hatch.pypa.io,3,100,0
l.facebook.com,3,100,0
learn.rrc.ca,3,100,0
learn.snhu.edu,3,100,0
lms.skillfactory.ru,3,100,0
news.apache.org,3,67,12
packaging.python.org/en/latest/guides/packaging-namespace-packages,3,100,0
packaging.python.org/en/latest/specifications/dependency-specifiers,3,67,11
pandas.pydata.org,3,100,0
pip.pypa.io/en/stable/reference/requirement-specifiers,3,33,46
pycoders.com,3,100,0
ru.hexlet.io/courses/python-basics/lessons/linting/theory_unit,3,100,0
sberuniversity.online,3,100,0
setuptools.pypa.io/en/latest/userguide/datafiles.html,3,67,51
tutti.prod.bloomberg.com,3,100,0
typing.python.org/en/latest/spec/typeddict.html,3,100,0
akrabat.com,2,100,0
akshare.akfamily.xyz/introduction.html,2,100,0
android-app://com.google.android.googlequicksearchbox,2,100,0
appacademy.io,2,100,0
applifting.io,2,0,1650
apps.usaa.com,2,100,0
artifactory.may.devops.rockwell.com,2,100,0
ava.pucpr.br,2,100,0
baidu.com,2,100,0
bbgithub.dev.bloomberg.com,2,50,876
bblearn.uca.edu,2,50,2
benhoyt.com,2,50,1
bing.com/search,2,100,0
bitbucket.mgm-tp.com,2,100,0
blog.codingconfessions.com,2,50,116
book.lianxh.cn,2,100,0
boto3.amazonaws.com,2,100,0
bulldogjob.pl,2,50,4
c.yadro.com,2,100,0
chat.oracle.com,2,100,0
confluence.carelon.com,2,100,0
confluence.ea.com,2,100,0
confluence.ext.net.nokia.com,2,100,0
copilot.microsoft.com,2,100,0
coursera.org,2,100,0
courses.campus.gov.il,2,100,0
devdocs.io,2,100,0
docs.basedpyright.com,2,100,0
docs.pypi.org/api/integrity,2,100,0
docs.python.org/3.15/whatsnew/3.15.html,2,100,0
docs.python.org/3/library/typing.html,2,100,0
docs.python.org/zh-cn/3/tutorial/controlflow.html,2,50,391
docs.python.org/zh-tw/3.9/library/typing.html,2,0,170
docs.streamlit.io,2,100,0
dropbox.com,2,100,0
ecollege.etbonline.ie,2,100,0
education.yandex.ru,2,100,0
engineering,2,50,2
excel-ubara.com,2,100,0
facebook.com,2,100,0
ford.atlassian.net,2,100,0
forum.codewithmosh.com,2,100,0
freecodecamp.org/news/python-code-examples-sample-script-coding-tutorial-for-beginners,2,100,0
freedium.cfd,2,100,0
fstring.help,2,100,0
github.com/Kristories/awesome-guidelines,2,100,0
github.com/astral-sh/ty/issues/2462,2,100,0
github.com/aws/aws-cli,2,50,16
github.com/aws/aws-cli/issues/9985,2,50,188
github.com/frappe/frappe/issues/36018,2,0,1906
github.com/github/awesome-copilot/blob/main/prompts/write-coding-standards-from-file.prompt.md,2,100,0
github.com/litl/backoff/issues/211,2,50,2
github.com/microsoft/pyright/blob/main/docs/typed-libraries.md,2,0,578
github.com/mkleehammer/pyodbc/wiki/Exceptions,2,100,0
github.com/mkleehammer/pyodbc/wiki/Objects,2,100,0
github.com/pydantic/pydantic/issues/7161,2,100,0
github.com/python-data-engineering/python-data-engineer-roadmap,2,100,0
github.com/python/steering-council,2,100,0
github.com/splor-mg/classificador-receita/pull/49,2,50,16
go.skillbox.ru,2,100,0
habr.com/ru/companies/yandex/articles/828956,2,50,566
hugovk.dev,2,100,0
hyperiondev.com,2,100,0
idealab.alibaba-inc.com/ideaTalk,2,50,52
infosec.exchange,2,100,0
inside-docupedia.bosch.com,2,100,0
kloud.edukate.ai,2,100,0
l.workplace.com,2,100,0
labex.io,2,100,0
learn.adelaide.edu.au/courses/34175/pages/course-resources,2,100,0
learning-python.com,2,50,838
lingaro.sharepoint.com,2,100,0
maturin.rs,2,0,24
mds-python-2-2025.horebesoklibur.pacmann.io,2,75,192
medium.com/@hitorunajp/poetry-vs-uv-which-python-package-manager-should-you-use-in-2025-4212cb5e0a14,2,100,0
morimage.feishu.cn,2,100,0
mylearning.suny.edu,2,50,338
mypy.readthedocs.io/en/stable/config_file.html,2,100,0
mypy.readthedocs.io/en/stable/index.html,2,100,0
mypy.readthedocs.io/en/stable/type_narrowing.html,2,100,0
nicholashairs.com/posts/major-changes-between-python-versions,2,100,0
notebooklm.google.com,2,100,0
packaging.python.org,2,0,10
packaging.python.org/en/latest/guides/writing-pyproject-toml,2,100,0
packaging.python.org/en/latest/specifications/pylock-toml,2,100,0
packaging.python.org/en/latest/specifications/version-specifiers,2,0,26
packaging.python.org/pt-br/latest/glossary,2,50,1
packaging.python.org/pt-br/latest/tutorials/installing-packages,2,100,0
pep8.org,2,100,0
pixi.prefix.dev,2,100,0
planetpython.org,2,100,0
practicum.yandex.com,2,50,326
preview.itmedia.co.jp/ait/articles/2601/20/news017.html,2,0,391
pydoc.pages.taltech.ee,2,50,58
pylint.readthedocs.io/en/latest/user_guide/messages/convention/invalid-name.html,2,100,0
pyo3.rs,2,100,0
python-programming.quantecon.org,2,50,2
python-tcod.readthedocs.io/en/latest/tutorial/part-01.html,2,100,0
python.jp,2,100,0
python.org/getit,2,50,14
pythonguidecn.readthedocs.io,2,50,630
quora.com,2,100,0
raspberrypi.com,2,100,0
renpy.org,2,100,0
ru.stackoverflow.com,2,100,0
search.yahoo.com,2,100,0
setuptools.pypa.io/en/latest/userguide/development_mode.html,2,0,349
setuptools.pypa.io/en/latest/userguide/package_discovery.html,2,100,0
towardsdatascience.com,2,50,604
typing.python.org/en/latest/guides/libraries.html,2,100,0
typing.python.org/en/latest/spec/annotations.html,2,100,0
typing.python.org/en/latest/spec/callables.html,2,50,9
typing.python.org/en/latest/spec/dataclasses.html,2,50,8
typing.python.org/en/latest/spec/protocol.html,2,50,9
typing.python.org/en/latest/spec/qualifiers.html,2,50,7
unibb.alura.com.br,2,100,0
unidata.github.io,2,100,0
wsgi.readthedocs.io/en/latest/what.html,2,100,0
yandex.by,2,100,0
yandex.uz,2,100,0
yuanbao.tencent.com,2,100,0
zh-google-styleguide.readthedocs.io/en/latest/google-python-styleguide/python_language_rules.html,2,100,0
10.150.10.177,1,100,0
10.177.105.25,1,100,0
6.docs.plone.org,1,100,0
aac-srvtts-docs.coretech.cerence.net,1,100,0
access.redhat.com,1,100,0
adora-xu.com,1,100,0
adrianpueyo.com,1,100,0
ahrefs.com,1,100,0
aiplayground.antgroup-inc.cn,1,100,0
alembic.sqlalchemy.org,1,100,0
alexander-pastukhov.github.io,1,100,0
alice.yandex.ru,1,100,0
amfament.atlassian.net,1,0,225
amt.volumen.ca,1,100,0
android-app://com.linkedin.android,1,100,0
app.aluracursos.com,1,100,0
app.datacamp.com,1,0,348
argenx-quality.veevavault.com,1,100,0
arrow.apache.org,1,100,0
astral.sh,1,100,0
ata.atatech.org/articles/11000215209,1,100,0
atlassian.com,1,100,0
aulavirtual.iesthosicodina.cat,1,100,0
automatic-spoon-eglopwm.pages.github.io,1,100,0
aws.amazon.com,1,100,0
backend.pdm-project.org,1,100,0
baeldung.com,1,100,0
barenakedcoder.com,1,0,45
basic-python.readthedocs.io/en/latest/what_python.html,1,100,0
bernsteinbear.com,1,100,0
bigmodel.cn/trialcenter/modeltrial/text,1,100,0
