name,visitors
São Paulo,709
Rio de Janeiro,212
Minas Gerais,183
Paraná,145
Rio Grande do Sul,122
Federal District,115
Santa Catarina,110
Pernambuco,106
Ceará,103
Bahia,87
Paraíba,57
Goiás,56
Amazonas,44
Espírito Santo,40
Maranhão,37
Pará,28
Rio Grande do Norte,25
Lisbon,25
Mato Grosso do Sul,24
Piauí,23
Porto,18
Luanda,16
Alagoas,16
Mato Grosso,14
Sergipe,11
Rondônia,8
Tocantins,7
Praia,6
Setúbal,6
Maputo,5
Leiria,3
Amapá,2
Roraima,2
Braga,2
Coimbra,2
Faro,2
Viana do Castelo,2
Florida,2
Córdoba,1
Australian Capital Territory,1
New South Wales,1
Brussels,1
Acre,1
Quebec,1
Henan,1
Hebei,1
Shandong,1
Hesse,1
Pichincha,1
Castile and León,1
Madrid Autonomous Community,1
England,1
Leinster,1
Gyeonggi,1
Baja California,1
Selangor,1
Limburg,1
Lesser Poland,1
Aveiro,1
Bragança,1
Évora,1
Alto Paraná,1
Saint Petersburg,1
Istanbul,1
Taichung,1
California,1
Colorado,1
Michigan,1
Mississippi,1
Texas,1
