name,unique_entrances,total_entrances,visit_duration
/zh-tw/3/tutorial/index.html,115,120,192
/zh-tw/3/library/venv.html,66,67,26
/zh-tw/3/library/re.html,30,30,126
/zh-tw/3/library/index.html,28,28,69
/dev/using/windows.html,26,26,568
/zh-tw/3/howto/sorting.html,25,25,8
/zh-tw/3/library/heapq.html,25,25,0
/3/,24,24,1269
/zh-tw/3/installing/index.html,24,24,51
/zh-tw/3/tutorial/classes.html,24,25,62
/zh-tw/3/tutorial/controlflow.html,24,26,108
/zh-tw/3/library/csv.html,23,25,261
/zh-tw/3/library/pathlib.html,20,20,0
/zh-tw/3/tutorial/interpreter.html,19,20,330
/zh-tw/3/tutorial/datastructures.html,18,18,135
/zh-tw/dev/installing/index.html,17,18,112
/zh-tw/3.15/using/windows.html,16,16,83
/zh-tw/3/library/functions.html,16,16,17
/zh-tw/3/tutorial/errors.html,16,16,6
/zh-tw/3/library/collections.html,14,14,0
/zh-tw/3/tutorial/venv.html,14,14,71
/zh-tw/3/howto/argparse.html,13,13,110
/zh-tw/3/library/random.html,13,13,182
/zh-tw/3/faq/windows.html,12,13,2
/zh-tw/3/library/typing.html,12,12,5
/zh-tw/dev/library/os.path.html,12,12,0
/zh-tw/3/library/json.html,11,11,19
/zh-tw/3/tutorial/inputoutput.html,11,11,0
/zh-tw/3/tutorial/modules.html,11,11,45
/zh-tw/dev/library/tkinter.html,11,11,1
/zh-tw/3/library/curses.html,10,10,1
/zh-tw/3/tutorial/introduction.html,10,10,42
/zh-tw/3/using/mac.html,10,10,74
/zh-tw/dev/library/os.html,10,10,0
/zh-tw/3/howto/sockets.html,9,9,0
/zh-tw/3/library/enum.html,9,9,318
/zh-tw/3/library/queue.html,9,9,202
/zh-tw/3/,8,8,359
/zh-tw/3/contents.html,8,8,3
/zh-tw/3/library/bisect.html,8,8,91
/zh-tw/3/library/exceptions.html,7,7,0
/zh-tw/3/library/time.html,7,7,0
/zh-tw/3/library/unittest.html,7,7,0
/zh-tw/3/library/uuid.html,7,7,67
/zh-tw/3/reference/index.html,7,7,8
/zh-tw/3/tutorial/floatingpoint.html,7,7,0
/zh-tw/dev/library/socket.html,7,7,1
/zh-tw/3.14/tutorial/index.html,6,6,391
/zh-tw/3.14/using/android.html,6,6,9
/zh-tw/3/library/asyncio.html,6,6,533
/zh-tw/3/library/functools.html,6,6,0
/zh-tw/3/library/os.path.html,6,6,0
/zh-tw/3/library/pickle.html,6,6,0
/zh-tw/dev/library/resource.html,6,6,0
/zh-tw/dev/library/string.html,6,6,0
/zh-tw/3.13/library/__main__.html,5,5,0
/zh-tw/3.13/tutorial/index.html,5,5,2
/zh-tw/3.14/,5,5,4
/zh-tw/3/glossary.html,5,5,0
/zh-tw/3/library/pdb.html,5,5,0
/zh-tw/3/library/unittest.mock.html,5,5,0
/zh-tw/3/library/zlib.html,5,5,0
/zh-tw/3/tutorial/appetite.html,5,6,25
/zh-tw/dev/contents.html,5,5,0
/zh-tw/dev/whatsnew/3.12.html,5,5,71
/3.14/using/windows.html,4,4,64
/zh-tw/3.12/library/select.html,4,4,0
/zh-tw/3.14/library/index.html,4,4,106
/zh-tw/3.14/tutorial/controlflow.html,4,4,0
/zh-tw/3/faq/general.html,4,4,0
/zh-tw/3/library/array.html,4,4,100
/zh-tw/3/library/concurrent.futures.html,4,4,186
/zh-tw/3/library/copy.html,4,4,0
/zh-tw/3/library/datetime.html,4,4,0
/zh-tw/3/library/ftplib.html,4,4,0
/zh-tw/3/library/hashlib.html,4,4,0
/zh-tw/3/library/math.html,4,4,0
/zh-tw/3/library/stdtypes.html,4,4,0
/zh-tw/3/library/struct.html,4,5,0
/zh-tw/3/library/threading.html,4,4,0
/zh-tw/3/library/tkinter.html,4,4,5
/zh-tw/3/search.html,4,4,200
/zh-tw/3/whatsnew/index.html,4,4,628
/zh-tw/dev/library/ast.html,4,4,32
/zh-tw/dev/library/configparser.html,4,4,0
/zh-tw/dev/library/crypto.html,4,4,0
/zh-tw/dev/library/ctypes.html,4,4,338
/zh-tw/dev/library/ensurepip.html,4,4,0
/zh-tw/dev/library/fcntl.html,4,4,0
/zh-tw/dev/library/ipaddress.html,4,4,0
/zh-tw/dev/library/pty.html,4,4,0
/zh-tw/dev/library/ssl.html,4,4,0
/3.12/library/persistence.html,3,3,94
/3/library/pathlib.html,3,3,397
/3/library/re.html,3,3,350
/3/tutorial/index.html,3,3,232
/zh-tw/3.13/contents.html,3,3,0
/zh-tw/3.13/download.html,3,3,84
/zh-tw/3.13/library/functools.html,3,3,0
/zh-tw/3.13/tutorial/classes.html,3,4,53
/zh-tw/3.13/tutorial/inputoutput.html,3,5,282
/zh-tw/3.13/tutorial/introduction.html,3,3,0
/zh-tw/3.13/whatsnew/3.13.html,3,3,14
/zh-tw/3.14/download.html,3,3,121
/zh-tw/3.14/library/os.html,3,3,0
/zh-tw/3.14/tutorial/datastructures.html,3,3,1620
/zh-tw/3.14/tutorial/introduction.html,3,3,0
/zh-tw/3.14/using/windows.html,3,3,5
/zh-tw/3.15/library/random.html,3,3,0
/zh-tw/3.15/tutorial/inputoutput.html,3,3,0
/zh-tw/3/extending/extending.html,3,3,0
/zh-tw/3/library/__main__.html,3,3,154
/zh-tw/3/library/ast.html,3,3,0
/zh-tw/3/library/contextvars.html,3,3,118
/zh-tw/3/library/glob.html,3,3,0
/zh-tw/3/library/itertools.html,3,3,0
/zh-tw/3/library/operator.html,3,3,6
/zh-tw/3/library/platform.html,3,3,0
/zh-tw/3/library/signal.html,3,3,0
/zh-tw/3/library/ssl.html,3,3,0
/zh-tw/3/library/tempfile.html,3,3,0
/zh-tw/3/library/timeit.html,3,3,0
/zh-tw/3/library/tk.html,3,3,30
/zh-tw/3/library/unittest.mock-examples.html,3,3,0
/zh-tw/3/library/warnings.html,3,3,0
/zh-tw/3/library/winsound.html,3,3,0
/zh-tw/3/reference/import.html,3,3,4
/zh-tw/3/reference/lexical_analysis.html,3,3,652
/zh-tw/3/whatsnew/3.11.html,3,3,0
/zh-tw/3/whatsnew/3.13.html,3,3,544
/zh-tw/dev/library/io.html,3,3,0
/zh-tw/dev/library/msvcrt.html,3,3,0
/zh-tw/dev/library/multiprocessing.html,3,3,0
/zh-tw/dev/library/syslog.html,3,3,0
/zh-tw/dev/library/tabnanny.html,3,3,0
/zh-tw/dev/library/tkinter.messagebox.html,3,3,0
/zh-tw/dev/library/tomllib.html,3,3,0
/zh-tw/dev/library/typing.html,3,3,0
/zh-tw/dev/library/xml.dom.html,3,3,0
/zh-tw/dev/tutorial/datastructures.html,3,3,0
/zh-tw/dev/tutorial/index.html,3,3,13
/zh-tw/dev/whatsnew/3.6.html,3,3,0
/3.14/,2,2,1111
/3.14/library/re.html,2,2,6
/3.14/tutorial/,2,2,280
/3.15/,2,2,44
/3/library/functions.html,2,2,308
/3/library/importlib.html,2,2,278
/3/library/tkinter.html,2,2,1092
/3/license.html,2,2,4
/3/tutorial/datastructures.html,2,2,1035
/3/tutorial/venv.html,2,2,535
/3/whatsnew/3.14.html,2,2,38
/zh-cn/3/library/venv.html,2,2,100
/zh-cn/3/tutorial/index.html,2,2,2536
/zh-tw/3.12/library/exceptions.html,2,2,13
/zh-tw/3.12/library/functools.html,2,2,0
/zh-tw/3.12/library/heapq.html,2,2,0
/zh-tw/3.12/library/random.html,2,2,0
/zh-tw/3.12/tutorial/,2,2,162
/zh-tw/3.13/c-api/object.html,2,2,0
/zh-tw/3.13/c-api/unicode.html,2,2,0
/zh-tw/3.13/faq/design.html,2,2,0
/zh-tw/3.13/faq/installed.html,2,2,0
/zh-tw/3.13/howto/annotations.html,2,2,0
/zh-tw/3.13/library/collections.html,2,3,0
/zh-tw/3.13/library/functions.html,2,2,0
/zh-tw/3.13/library/grp.html,2,2,0
/zh-tw/3.13/library/index.html,2,2,0
/zh-tw/3.13/library/multiprocessing.shared_memory.html,2,2,0
/zh-tw/3.13/library/os.path.html,2,2,0
/zh-tw/3.13/library/removed.html,2,2,0
/zh-tw/3.13/library/spwd.html,2,2,0
/zh-tw/3.13/library/string.html,2,3,2296
/zh-tw/3.13/library/tkinter.messagebox.html,2,2,0
/zh-tw/3.13/library/tomllib.html,2,2,0
/zh-tw/3.13/tutorial/controlflow.html,2,3,0
/zh-tw/3.14/library/__main__.html,2,2,0
/zh-tw/3.14/library/io.html,2,2,0
/zh-tw/3.14/library/operator.html,2,2,0
/zh-tw/3.14/library/re.html,2,2,0
/zh-tw/3.14/library/stdtypes.html,2,2,464
/zh-tw/3.14/library/traceback.html,2,2,0
/zh-tw/3.14/search.html,2,2,8
/zh-tw/3.14/tutorial/modules.html,2,3,0
/zh-tw/3.15/,2,2,0
/zh-tw/3.15/search.html,2,2,0
/zh-tw/3.15/tutorial/index.html,2,2,0
/zh-tw/3/c-api/gen.html,2,2,0
/zh-tw/3/download.html,2,2,222
/zh-tw/3/howto/logging.html,2,2,0
/zh-tw/3/howto/regex.html,2,2,10
/zh-tw/3/library/,2,2,22
/zh-tw/3/library/abc.html,2,2,0
/zh-tw/3/library/cmdline.html,2,2,18
/zh-tw/3/library/datatypes.html,2,2,0
/zh-tw/3/library/email.charset.html,2,2,0
/zh-tw/3/library/gc.html,2,2,0
/zh-tw/3/library/getpass.html,2,2,0
/zh-tw/3/library/http.cookiejar.html,2,2,0
/zh-tw/3/library/idle.html,2,2,0
/zh-tw/3/library/os.html,2,2,0
/zh-tw/3/library/statistics.html,2,2,0
/zh-tw/3/library/urllib.request.html,2,2,0
/zh-tw/3/library/winreg.html,2,2,0
/zh-tw/3/library/zipimport.html,2,2,0
/zh-tw/3/tutorial/stdlib.html,2,2,0
/zh-tw/3/using/windows.html,2,2,0
/zh-tw/dev/c-api/capsule.html,2,2,0
/zh-tw/dev/c-api/descriptor.html,2,2,0
/zh-tw/dev/c-api/file.html,2,2,0
/zh-tw/dev/c-api/init.html,2,2,0
/zh-tw/dev/c-api/intro.html,2,2,0
/zh-tw/dev/c-api/reflection.html,2,2,0
/zh-tw/dev/genindex-X.html,2,2,0
/zh-tw/dev/howto/sockets.html,2,2,0
/zh-tw/dev/library/argparse.html,2,2,0
/zh-tw/dev/library/array.html,2,2,0
/zh-tw/dev/library/gettext.html,2,2,0
/zh-tw/dev/library/grp.html,2,2,0
/zh-tw/dev/library/hashlib.html,2,2,0
/zh-tw/dev/library/numbers.html,2,2,0
/zh-tw/dev/library/optparse.html,2,2,0
/zh-tw/dev/library/platform.html,2,2,0
/zh-tw/dev/library/py_compile.html,2,2,0
/zh-tw/dev/library/re.html,2,2,478
/zh-tw/dev/library/sunau.html,2,2,0
/zh-tw/dev/library/time.html,2,2,0
/zh-tw/dev/library/unittest.html,2,2,0
/zh-tw/dev/library/unittest.mock.html,2,2,0
/zh-tw/dev/library/venv.html,2,2,0
/zh-tw/dev/library/zipimport.html,2,2,0
/zh-tw/dev/tutorial/controlflow.html,2,2,0
/zh-tw/dev/tutorial/introduction.html,2,2,0
/zh-tw/dev/whatsnew/3.15.html,2,2,0
/3.12/tutorial/,1,1,30
/3.13/tutorial/appetite.html,1,1,1100
/3.13/tutorial/index.html,1,1,271
/3.14/tutorial/index.html,1,1,462
/3.14/tutorial/introduction.html,1,1,1258
/3.14/using/unix.html,1,1,42
/3/download.html,1,1,548
/3/howto/curses.html,1,1,928
/3/library/asyncio-queue.html,1,1,0
/3/library/asyncio-task.html,1,1,2186
/3/library/functools.html,1,1,0
/3/library/http.cookiejar.html,1,1,0
/3/library/idle.html,1,1,30
/3/library/index.html,1,1,154
/3/library/intro.html,1,1,518
/3/library/mmap.html,1,1,464
/3/library/os.html,1,1,13
/3/library/os.path.html,1,1,3
/3/library/pickle.html,1,1,22
/3/library/platform.html,1,1,9
/3/library/telnetlib.html,1,1,9
/3/library/threading.html,1,1,0
/3/library/time.html,1,1,31
/3/library/unittest.html,1,1,1475
/3/library/urllib.error.html,1,1,1483
/3/library/venv.html,1,1,27
/3/reference/lexical_analysis.html,1,1,10
/3/search.html,1,1,0
/3/tutorial/,1,1,3
/3/tutorial/controlflow.html,1,1,1876
/3/using/cmdline.html,1,1,380
/3/using/windows.html,1,1,692
/es/3.14/tutorial/,1,1,0
/es/3/tutorial/,1,1,76
/ko/3.14/,1,1,365
/pt-br/dev/library/typing.html,1,1,1077
/tr/3.14/library/os.html,1,1,4
/uk/3/tutorial/index.html,1,1,144
/uk/3/tutorial/stdlib.html,1,1,210
/zh-cn/3.13/download.html,1,1,0
/zh-cn/3.14/download.html,1,1,8219
/zh-cn/3.14/library/sys.html,1,1,21
/zh-cn/3.15/using/windows.html,1,1,392
/zh-cn/3/,1,1,964
/zh-cn/3/index.html,1,1,527
/zh-cn/3/library/os.html,1,1,11
/zh-cn/3/library/pickle.html,1,1,0
/zh-cn/3/library/struct.html,1,1,2181
/zh-cn/3/library/timeit.html,1,1,44
/zh-cn/3/reference/lexical_analysis.html,1,1,1469
/zh-cn/3/tutorial/venv.html,1,1,641
/zh-cn/3/using/editors.html,1,1,23
/zh-cn/3/using/index.html,1,1,32
/zh-tw/3.12/c-api/intro.html,1,1,0
/zh-tw/3.12/c-api/marshal.html,1,1,0
/zh-tw/3.12/c-api/reflection.html,1,1,0
/zh-tw/3.12/extending/extending.html,1,1,0
/zh-tw/3.12/genindex-命.html,1,1,0
/zh-tw/3.12/genindex-基.html,1,1,0
/zh-tw/3.12/index.html,1,1,0
/zh-tw/3.12/installing/,1,1,0
/zh-tw/3.12/library/asyncio-platforms.html,1,1,2043
/zh-tw/3.12/library/asyncio-runner.html,1,1,0
/zh-tw/3.12/library/audit_events.html,1,1,0
/zh-tw/3.12/library/base64.html,1,1,0
