name,version,visitors
Chrome,144.0,2294
Microsoft Edge,144.0,2206
Chrome,143.0,434
Chrome,132.0,351
Mobile App,(not set),272
Firefox,147.0,152
Microsoft Edge,143.0,144
Safari,26.2,124
Chrome,135.0,111
Chrome,139.0,110
Chrome,142.0,96
Quark,(not set),89
Chrome,136.0,86
Smart Lenovo Browser,9.0,76
UC Browser,18.5,68
Chrome,138.0,66
Chrome,109.0,65
Chrome,140.0,60
Microsoft Edge,142.0,56
Chrome,137.0,53
Sogou Explorer,2,51
Chrome,141.0,43
Chrome,122.0,42
Chrome,134.0,40
QQ Browser,6.2,40
Safari,18.6,38
Chrome,128.0,35
Chrome,121.0,34
Chrome,133.0,30
Chrome,120.0,28
Chrome,108.0,27
Huawei Browser Mobile,16.0,27
Chrome,86.0,27
Chrome,131.0,26
Chrome,111.0,25
Microsoft Edge,140.0,25
Safari,(not set),23
Chrome,114.0,22
Chrome,126.0,22
QQ Browser,20.1,22
Chrome,101.0,21
Chrome,117.0,21
Microsoft Edge,131.0,21
Chrome,69.0,20
Mobile App,97.0,19
Huawei Browser,12.1,18
Microsoft Edge,122.0,18
Chrome,125.0,17
Microsoft Edge,128.0,17
Microsoft Edge,145.0,17
Chrome,145.0,17
360 Secure Browser,(not set),16
Chrome,116.0,16
Chrome,127.0,16
Microsoft Edge,141.0,16
Firefox,146.0,16
Firefox,5.0,16
Quark,10.4,15
QQ Browser,21.0,15
Chrome,107.0,14
MIUI Browser,20.11,14
Quark,10.3,13
Chrome,102.0,13
Chrome,124.0,13
Chrome,130.0,13
Microsoft Edge,139.0,13
Safari,18.5,13
Chrome,79.0,13
Microsoft Edge,133.0,12
Firefox,140.0,12
MIUI Browser,17.6,12
Safari,26.1,12
vivo Browser,27.9,12
Microsoft Edge,117.0,11
Microsoft Edge,127.0,11
Microsoft Edge,135.0,11
Chrome,119.0,10
Microsoft Edge,132.0,10
Firefox,136.0,10
Microsoft Edge,138.0,10
Chrome,91.0,10
Microsoft Edge,92.0,10
(not set),(not set),9
Microsoft Edge,109.0,9
Chrome,146.0,9
Safari,16.6,9
QQ Browser,19.8,9
QQ Browser,26,9
Microsoft Edge,100.0,8
Microsoft Edge,112.0,8
Chrome,123.0,8
Chrome,129.0,8
Microsoft Edge,130.0,8
Firefox,145.0,8
Safari,15.6,8
UC Browser,18.4,8
Mobile App,103.0,7
Chrome,104.0,7
Firefox,128.0,7
Microsoft Edge,129.0,7
QQ Browser,13.5,7
Microsoft Edge,136.0,7
Safari,16.5,7
Safari,18.3,7
Safari,26.0,7
Huawei Browser Mobile,5.1,7
Chrome,103.0,6
Chrome,105.0,6
Chrome,106.0,6
Microsoft Edge,113.0,6
Chrome,113.0,6
Chrome,118.0,6
Microsoft Edge,134.0,6
Safari,18.0,6
UC Browser,18.2,6
Safari,18.4,6
QQ Browser,20.0,6
Chrome,87.0,6
Chrome,110.0,5
Chrome,112.0,5
Mobile App,114.0,5
Microsoft Edge,114.0,5
Mobile App,116.0,5
Microsoft Edge,118.0,5
Safari,16.0,5
Safari,17.6,5
Safari,18.7,5
Firefox,102.0,4
Firefox,113.0,4
Firefox,115.0,4
Microsoft Edge,120.0,4
Mobile App,134.0,4
Microsoft Edge,137.0,4
Firefox,139.0,4
MIUI Browser,14.10,4
Microsoft Edge,146.0,4
MIUI Browser,20.9,4
Safari,26.3,4
Samsung Browser,29.1,4
Chrome,97.0,4
Quark,10.2,3
Firefox,114.0,3
Microsoft Edge,116.0,3
Opera,126.0,3
Safari,17.5,3
MIUI Browser,18.1,3
Microsoft Edge,18.18363,3
Safari,18.2,3
QQ Browser,19.5,3
MIUI Browser,20.0,3
Safari,26.4,3
vivo Browser,27.8,3
Samsung Browser,29.0,3
Chrome,78.0,3
Mobile App,83.0,3
Chrome,90.0,3
Quark,10.1,2
Mobile App,104.0,2
Microsoft Edge,105.0,2
Microsoft Edge,106.0,2
Huawei Browser,11.0,2
Huawei Browser Mobile,11.0,2
Microsoft Edge,111.0,2
Microsoft Edge,115.0,2
Chrome,115.0,2
Opera,116.0,2
Microsoft Edge,119.0,2
QQ Browser,12.7,2
Microsoft Edge,125.0,2
Microsoft Edge,126.0,2
Mobile App,127.0,2
QQ Browser,13.2,2
QQ Browser,13.4,2
Mobile App,131.0,2
Firefox,133.0,2
Mobile App,138.0,2
QQ Browser,14.6,2
MIUI Browser,14.7,2
Mobile App,144.0,2
Firefox,144.0,2
Safari,15.4,2
Safari,16.2,2
Safari,16.4,2
MIUI Browser,16.9,2
Safari,17.0,2
Safari,17.1,2
UC Browser,18.0,2
UC Browser,18.3,2
MIUI Browser,20.10,2
Yandex Browser,25.12,2
Safari,27.0,2
vivo Browser,27.7,2
vivo Browser,6.0,2
Mobile App,66.0,2
Chrome,70.0,2
Chrome,81.0,2
Chrome,83.0,2
Mobile App,92.0,2
Chrome,93.0,2
Chrome,96.0,2
Chrome,98.0,2
Quark,10.0,1
Chrome,100.0,1
Opera,101.0,1
Microsoft Edge,101.0,1
Opera,102.0,1
Chrome,103.1,1
Microsoft Edge,104.0,1
Microsoft Edge,107.0,1
Microsoft Edge,108.0,1
Mobile App,109.0,1
Safari,11.0,1
Safari,11.1,1
Opera,110.0,1
Opera,111.0,1
Opera,114.0,1
Firefox,116.0,1
Mobile App,117.0,1
Firefox,118.0,1
QQ Browser,12.4,1
Firefox,120.0,1
Microsoft Edge,121.0,1
Chrome,121.15,1
Microsoft Edge,123.0,1
Mobile App,124.0,1
Mobile App,126.0,1
Firefox,127.0,1
Opera,127.0,1
QQ Browser,13.0,1
QQ Browser,13.1,1
Safari,13.1,1
QQ Browser,13.3,1
QQ Browser,13.6,1
Firefox,130.0,1
Mobile App,130.0,1
Microsoft Edge,131.99,1
Firefox,135.0,1
Firefox,137.0,1
Mobile App,137.0,1
Firefox,138.0,1
MIUI Browser,14.1,1
Firefox,142.0,1
Microsoft Edge,143,1
Firefox,143.0,1
Firefox,148.0,1
Safari,15.2,1
Safari,15.3,1
Safari,15.5,1
Safari,16.1,1
Safari,16.3,1
Chrome,17.0,1
UC Browser,17.3,1
Safari,17.3,1
UC Browser,17.4,1
Safari,17.8,1
UC Browser,17.8,1
Safari,18.1,1
Microsoft Edge,18.17763,1
MIUI Browser,19.2,1
QQ Browser,19.3,1
QQ Browser,19.4,1
MIUI Browser,19.8,1
MIUI Browser,20.12,1
MIUI Browser,20.2,1
vivo Browser,20.5,1
MIUI Browser,20.5,1
Samsung Browser,25.1,1
115 Browser,27.0,1
vivo Browser,27.1,1
vivo Browser,27.6,1
vivo Browser,28.0,1
115 Browser,35.2,1
115 Browser,36.0,1
Quark,6.8,1
Firefox,60.0,1
Quark,7.4,1
Chrome,75.0,1
Chrome,80.0,1
Chrome,84.0,1
Microsoft Edge,84.0,1
Microsoft Edge,89.0,1
Chrome,94.0,1
