name,version,visitors
Chrome,143.0,241684
Microsoft Edge,143.0,107624
Chrome,142.0,16365
Firefox,146.0,14436
Opera,125.0,12959
Chrome,109.0,4706
Yandex Browser,25.12,4495
Safari,18.6,4054
Microsoft Edge,142.0,3924
Safari,26.2,3563
Safari,26.1,3450
Chrome,138.0,3407
Chrome,141.0,3273
Chrome,132.0,3237
Mobile App,(not set),2968
Chrome,135.0,2923
Chrome,139.0,2426
Chrome,140.0,2336
Quark,(not set),1318
Chrome,137.0,1289
Firefox,140.0,1264
Chrome,122.0,1233
Safari,18.5,1222
Microsoft Edge,141.0,1139
Chrome,131.0,1096
Microsoft Edge,92.0,1000
Smart Lenovo Browser,9.0,980
Microsoft Edge,140.0,948
Safari,26.0,913
Safari,17.6,835
Chrome,134.0,824
Chrome,133.0,794
Chrome,136.0,774
Microsoft Edge,138.0,671
Chrome,128.0,653
Microsoft Edge,122.0,625
Microsoft Edge,139.0,623
Samsung Browser,29.0,597
Firefox,115.0,590
Firefox,145.0,588
Microsoft Edge,144.0,499
Safari,18.7,465
Chrome,130.0,455
Safari,18.3,446
Safari,16.6,423
Chrome,116.0,414
Chrome,126.0,412
Sogou Explorer,2,390
Whale Browser,4.35,390
Chrome,121.0,387
Chrome,120.0,386
Opera,124.0,383
Chrome,86.0,374
Chrome,129.0,363
Chrome,124.0,352
Microsoft Edge,131.0,324
Chrome,127.0,319
Microsoft Edge,137.0,316
Chrome,108.0,310
Chrome,103.0,296
Mobile App,143.0,291
Safari,15.6,286
Microsoft Edge,136.0,282
Microsoft Edge,135.0,278
Safari,17.5,278
Yandex Browser,25.10,273
QQ Browser,20.0,271
Microsoft Edge,134.0,268
Safari,18.4,254
Chrome,125.0,248
Microsoft Edge,109.0,246
Firefox,141.0,246
QQ Browser,19.9,237
Microsoft Edge,133.0,233
Chrome,145.0,231
Chrome,144.0,230
Microsoft Edge,100.0,229
Chrome,111.0,227
Safari,18.1,226
Chrome,117.0,225
Chrome,123.0,209
Avast Secure Browser,143.0,204
Microsoft Edge,129.0,193
Firefox,128.0,190
Chrome,119.0,188
Firefox,147.0,187
Yandex Browser,24.10,185
Safari,26.3,185
Chrome,114.0,181
Microsoft Edge,128.0,179
Firefox,144.0,176
Chrome,118.0,169
Firefox,143.0,165
Microsoft Edge,126.0,157
Safari,17.4,157
Chrome,112.0,154
Safari,(not set),148
Firefox,136.0,146
Microsoft Edge,130.0,142
Chrome,107.0,141
Microsoft Edge,127.0,140
Chrome,105.0,139
Safari,18.2,139
Chrome,106.0,138
Chrome,113.0,134
Firefox,142.0,132
Chrome,101.0,131
Huawei Browser,12.1,127
Safari,18.0,120
Microsoft Edge,132.0,117
Safari,17.3,110
Chrome,110.0,102
Opera,95.0,101
Microsoft Edge,18.18363,95
Chrome,104.0,94
Microsoft Edge,120.0,91
Yandex Browser,25.8,91
Microsoft Edge,123.0,90
Chrome,91.0,87
AVG Secure Browser,143.0,86
Chrome,87.0,86
Opera,93.0,84
Microsoft Edge,18.18362,79
Huawei Browser Mobile,16.0,78
Safari,17.1,78
Chrome,102.0,77
Microsoft Edge,113.0,77
Microsoft Edge,89.0,77
Opera,122.0,72
Microsoft Edge,90.0,72
Microsoft Edge,119.0,71
Safari,17.2,71
Microsoft Edge,125.0,70
Chrome,93.0,70
Firefox,127.0,69
vivo Browser,15.1,69
Microsoft Edge,118.0,66
Safari,16.3,66
Firefox,135.0,65
Samsung Browser,28.0,64
Chrome,78.0,63
Safari,16.5,60
QQ Browser,19.7,60
QQ Browser,19.8,60
MIUI Browser,20.9,60
Microsoft Edge,121.0,59
Microsoft Edge,18.17763,59
Microsoft Edge,107.0,58
Chrome,69.0,57
Opera,123.0,56
Mobile App,97.0,55
(not set),(not set),54
Microsoft Edge,17.17134,52
Microsoft Edge,86.0,52
Chrome,96.0,52
Microsoft Edge,124.0,51
Safari,14.1,51
Norton Private Browser,143.0,51
Microsoft Edge,145.0,51
Microsoft Edge,116.0,49
Safari,16.1,48
Chrome,95.0,48
Microsoft Edge,117.0,46
Microsoft Edge,112.0,45
Microsoft Edge,114.0,45
Chrome,97.0,45
Safari,13.1,44
Firefox,137.0,44
Chrome,115.0,43
QQ Browser,21.0,43
Chrome,99.0,43
Yandex Browser,25.122,42
Brave,(not set),41
Chrome,80.0,41
Chrome,90.0,41
Safari,16.4,40
Safari,17.14,40
Chrome,83.0,39
Firefox,133.0,37
Firefox,139.0,36
Safari,17.0,36
Chrome,79.0,36
Microsoft Edge,115.0,35
Yandex Browser,25.6,35
Chrome,92.0,34
Microsoft Edge,111.0,33
Firefox,113.0,32
vivo Browser,15.0,32
Quark,10.2,31
Opera,120.0,31
Firefox,138.0,31
Chrome,98.0,30
Chrome,100.0,29
Firefox,130.0,29
Microsoft Edge,84.0,29
Chrome,94.0,29
Mobile App,114.0,28
Huawei Browser Mobile,5.1,28
Microsoft Edge,106.0,27
Yandex Browser,25.4,27
Chrome,63.0,26
Firefox,129.0,25
Samsung Browser,27.0,25
Chrome,71.0,25
Chrome,72.0,25
Chrome,81.0,25
Microsoft Edge,110.0,24
CCleaner,143.0,24
Firefox,148.0,24
Safari,16.2,24
Microsoft Edge,18.19041,24
Yandex Browser,25.2,24
Samsung Browser,26.0,24
Opera,97.1,24
Avast Secure Browser,109.0,23
MIUI Browser,14.49,23
vivo Browser,27.6,23
Opera,79.0,23
Chrome,84.0,23
360 Secure Browser,(not set),22
Firefox,134.0,21
Firefox,146.1,21
Microsoft Edge,15.15063,21
QQ Browser,19.2,21
Chrome,89.0,21
Microsoft Edge,108.0,20
QQ Browser,19.6,20
QQ Browser,6.2,20
Mobile App,138.0,19
Firefox,5.0,19
Firefox,125.0,18
Mobile App,137.0,18
Chrome,143,18
Safari,26.4,18
Chrome,85.0,18
Safari,12.1,17
Firefox,131.0,17
Safari,15.4,17
Safari,17.7,17
Chrome,77.0,17
Safari,16.0,16
Opera Touch,6.3,16
Chrome,74.0,16
Chrome,75.0,16
Microsoft Edge,14.14393,15
UC Browser,18.4,15
Hi Browser,2.25,15
Coc Coc,55.2,15
Firefox,102.0,14
QQ Browser,12.2,14
MIUI Browser,14.48,14
Safari,15.5,14
Safari,17.8,14
QQ Browser,19.5,14
Phoenix Browser,20.2,14
Opera GX,3.1,14
QtWebEngine,6.4,14
Chrome,70.0,14
Safari,10.0,13
Mobile App,116.0,13
QQ Browser,13.7,13
Firefox,132.0,13
Safari,15.2,13
MIUI Browser,20.0,13
Samsung Browser,24.0,13
Chrome,55.0,13
JioSphere,6.0,13
Microsoft Edge,103.0,12
Microsoft Edge,105.0,12
Firefox,109.0,12
Firefox,112.0,12
Mobile App,126.0,12
Avast Secure Browser,142.0,12
Safari,15.3,12
Samsung Browser,25.0,12
Yandex Browser,25.104,12
Whale Browser,4.34,12
QtWebEngine,6.10,12
Safari,60.5,12
Firefox,68.0,12
Quark,10.0,11
Opera,113.0,11
Opera,117.0,11
Mobile App,134.0,11
Microsoft Edge,16.16299,11
Yandex Browser,24.7,11
vivo Browser,27.4,11
Chrome,49.0,11
Firefox,79.0,11
Firefox,91.0,11
Mobile Silk,138.10,10
MIUI Browser,14.47,10
MIUI Browser,20.8,10
Chrome,48.0,10
Chrome,54.0,10
UBrowser,6.2,10
Chrome,67.0,10
Chrome,73.0,10
Microsoft Edge,88.0,10
Opera,94.0,10
