name,visitors
China,1640
Japan,1603
United States,895
India,710
France,506
Ukraine,420
South Korea,363
Germany,339
Singapore,304
Russian Federation,285
United Kingdom,248
Brazil,227
Spain,226
Vietnam,219
Hong Kong,184
Taiwan,182
Mexico,157
Poland,154
Canada,117
Italy,108
Colombia,95
Netherlands,78
Argentina,76
Iran,72
Indonesia,67
Turkey,67
Australia,58
Peru,52
Chile,50
Czechia,48
Egypt,48
Belgium,44
Switzerland,44
Philippines,43
Uzbekistan,42
Sweden,40
Saudi Arabia,37
Kazakhstan,34
Morocco,34
Ecuador,32
Finland,32
Austria,31
Portugal,31
Hungary,30
Bangladesh,29
Algeria,28
Venezuela,28
Israel,27
Malaysia,27
Norway,27
Pakistan,26
South Africa,25
Bulgaria,24
Thailand,24
Ireland,23
Nigeria,23
Belarus,21
Nepal,20
Romania,19
Azerbaijan,16
Denmark,16
Benin,15
Kenya,15
Greece,14
United Arab Emirates,13
Cameroon,13
Costa Rica,13
Serbia,13
Dominican Republic,12
Ghana,12
Croatia,12
Lithuania,12
Tanzania,12
Uruguay,12
Guatemala,11
Iraq,11
Sri Lanka,11
Ethiopia,10
Kyrgyzstan,10
Latvia,10
Slovakia,10
Senegal,10
Uganda,10
Angola,9
Cyprus,9
Estonia,9
"Palestine, State of",8
Tunisia,8
Bosnia and Herzegovina,7
Bolivia,7
Cambodia,7
Madagascar,7
Oman,7
Qatar,7
"Congo, The Democratic Republic of the",6
Côte d'Ivoire,6
Jordan,6
Myanmar,6
Mongolia,6
New Zealand,6
Paraguay,6
Yemen,6
Slovenia,5
Armenia,4
Lebanon,4
Moldova,4
North Macedonia,4
Rwanda,4
Togo,4
Cuba,3
Luxembourg,3
Malawi,3
Réunion,3
Syria,3
Tajikistan,3
Botswana,2
Congo,2
Gabon,2
Georgia,2
Guernsey,2
Iceland,2
Jamaica,2
Kuwait,2
Mali,2
Mauritius,2
Niger,2
Panama,2
Papua New Guinea,2
Seychelles,2
El Salvador,2
Zimbabwe,2
Afghanistan,1
Burkina Faso,1
Bahrain,1
Cabo Verde,1
Guinea,1
Honduras,1
Jersey,1
Laos,1
Lesotho,1
Montenegro,1
Macao,1
Martinique,1
Malta,1
Namibia,1
Nicaragua,1
Puerto Rico,1
Sudan,1
Chad,1
