name,visitors
Tokyo,2182
Kanagawa,459
Osaka,433
Aichi,213
Saitama,198
Chiba,192
Fukuoka,128
Hyogo,112
Hokkaido,95
Kyoto,69
Ibaraki,67
Tochigi,60
Hiroshima,58
Shizuoka,55
Gunma,50
Sichuan,45
Miyagi,42
Niigata,38
Nagano,35
Okinawa,34
Shiga,32
Fukushima,25
Okayama,24
Gifu,22
Toyama,20
Kochi,20
Nara,18
Kumamoto,18
Guangdong,17
Iwate,17
Ishikawa,17
Ehime,17
Yamaguchi,15
Kagawa,15
Akita,14
Mie,14
Yunnan,13
Tokushima,13
Wakayama,12
Kagoshima,12
Miyazaki,11
Fukui,10
Yamanashi,10
Jiangsu,9
Oita,9
Henan,8
Zhejiang,8
Gansu,7
Hebei,7
Shanghai,7
Tottori,7
Shimane,7
Nagasaki,7
Shandong,6
Anhui,5
Chongqing,5
Fujian,5
Aomori,5
California,5
New South Wales,4
Shaanxi,4
England,4
Bangkok,4
Tianjin,3
Yamagata,3
Santa Cruz,2
Quebec,2
Guangxi,2
Guizhou,2
Hubei,2
Hainan,2
Hunan,2
Xinjiang,2
Saga,2
Seoul,2
Gyeonggi,2
New York,2
Ohio,2
Victoria,1
São Paulo,1
Beijing,1
Heilongjiang,1
Jilin,1
Jiangxi,1
Ningxia,1
Shanxi,1
Baden-Württemberg,1
Bavaria,1
North Rhine-Westphalia,1
Saxony,1
Jakarta,1
Lampung,1
Delhi,1
Uttar Pradesh,1
Phnom Penh,1
Ulsan,1
Almaty City,1
Maputo,1
Łódź,1
Krasnodar Krai,1
Moscow,1
Taipei,1
Ternopilshchyna,1
Arizona,1
Colorado,1
Washington DC,1
Kansas,1
Texas,1
Utah,1
