name,unique_exits,total_exits,exit_rate
/fr/3/tutorial/,187,188,
/fr/3/tutorial/datastructures.html,72,76,
/fr/3/genindex.html,64,64,
/fr/3.13/library/zlib.html,46,46,
/fr/3/contents.html,45,45,
/fr/3/tutorial/interpreter.html,45,48,
/fr/3/,39,39,
/fr/3/tutorial/controlflow.html,39,43,
/fr/3.15/using/windows.html,34,36,
/fr/3/library/tkinter.html,33,35,
/fr/3/tutorial/classes.html,33,33,
/fr/3/library/functions.html,31,33,
/fr/3/library/stdtypes.html,31,32,
/fr/3/tutorial/introduction.html,29,31,
/fr/3/howto/regex.html,27,27,
/fr/3/howto/sorting.html,26,26,
/fr/3/library/enum.html,25,25,
/fr/3/tutorial/index.html,24,26,
/fr/3/library/pathlib.html,23,23,
/fr/3/library/random.html,23,24,
/fr/3/tutorial/venv.html,23,23,
/fr/3/library/idle.html,22,22,
/fr/dev/installing/index.html,22,22,
/dev/using/windows.html,21,21,
/fr/3/library/turtle.html,20,21,
/3/,19,18,
/fr/3/library/json.html,19,19,
/fr/3/tutorial/errors.html,19,20,
/fr/3.14/,18,18,
/fr/3/c-api/typeobj.html,18,18,
/fr/3/library/math.html,18,18,
/fr/3/tutorial/appetite.html,18,18,
/fr/3.12/contents.html,17,17,
/fr/3.14/search.html,16,16,
/fr/3/genindex-all.html,16,16,
/fr/3/library/re.html,16,19,
/fr/3/reference/simple_stmts.html,16,16,
/fr/3/library/csv.html,15,15,
/fr/3.13/contents.html,14,14,
/fr/3/library/multiprocessing.html,14,14,
/fr/3/library/threading.html,14,14,
/fr/3.13/bugs.html,13,13,
/fr/3.13/tutorial/errors.html,13,13,
/fr/3/library/datetime.html,13,14,
/fr/3/library/index.html,13,13,
/fr/3/library/typing.html,13,13,
/fr/3/library/zipfile.html,13,13,
/fr/3/tutorial/inputoutput.html,13,13,
/fr/3/tutorial/modules.html,13,13,
/fr/3.12/c-api/unicode.html,12,12,
/fr/3.13/library/os.html,12,12,
/fr/3.13/tutorial/classes.html,12,12,
/fr/3/library/fractions.html,12,12,
/fr/3/library/os.html,12,12,
/fr/3/library/subprocess.html,12,12,
/fr/3/reference/import.html,12,13,
/fr/3/search.html,12,12,
/fr/3/using/windows.html,12,12,
/fr/3.13/glossary.html,11,11,
/fr/3.14/tutorial/index.html,11,11,
/fr/3/library/__main__.html,11,11,
/fr/3.12/library/index.html,10,10,
/fr/3.13/tutorial/introduction.html,10,10,
/fr/3.14/tutorial/controlflow.html,10,10,
/fr/3/library/curses.html,10,10,
/fr/3/library/logging.handlers.html,10,10,
/fr/3/library/operator.html,10,10,
/fr/dev/library/text.html,10,10,
/fr/3.12/library/os.html,9,9,
/fr/3.13/library/datetime.html,9,9,
/fr/3.13/library/tkinter.html,9,9,
/fr/3.13/using/windows.html,9,9,
/fr/3.14/library/functions.html,9,9,
/fr/3.14/tutorial/interpreter.html,9,9,
/fr/3.14/tutorial/introduction.html,9,11,
/fr/3/c-api/buffer.html,9,9,
/fr/3/installing/index.html,9,9,
/fr/3/library/argparse.html,9,9,
/fr/3/library/collections.html,9,9,
/fr/3/library/lzma.html,9,9,
/fr/3/library/struct.html,9,9,
/fr/3/library/urllib.request.html,9,10,
/3/tutorial/index.html,8,8,
/fr/3.13/faq/windows.html,8,8,
/fr/3.13/library/functions.html,8,8,
/fr/3/c-api/init.html,8,8,
/fr/3/library/os.path.html,8,8,
/fr/3/library/statistics.html,8,8,
/fr/3/using/cmdline.html,8,8,
/3.14/tutorial/,7,7,
/fr/3.12/library/socket.html,7,7,
/fr/3.13/c-api/typeobj.html,7,7,
/fr/3.13/howto/sorting.html,7,7,
/fr/3.13/library/importlib.resources.abc.html,7,7,
/fr/3.13/library/stdtypes.html,7,9,
/fr/3.13/library/turtle.html,7,7,
/fr/3/c-api/exceptions.html,7,7,
/fr/3/genindex-Symboles.html,7,7,
/fr/3/howto/sockets.html,7,7,
/fr/3/library/abc.html,7,7,
