name,visitors,bounce_rate,visit_duration
google.com,818,77,162
Direct / None,472,64,189
m.baidu.com,210,87,14
python.org,26,0,670
google.co.kr,22,53,450
bing.com,20,60,87
wikidocs.net,19,75,77
codeup.kr,17,71,140
namu.wiki,12,70,79
chatgpt.com,10,71,17
codeit.kr,4,60,265
baidu.com/link,3,100,0
blog.naver.com/PostView.naver,3,67,17
ntp.msn.com,3,33,2402
colab.research.google.com,2,0,4704
flowdas.com,2,0,14
m.baidu.com/from=1001192y/bd_page_type=1/ssid=0/uid=0/pu=usm%400%2Csz%401320_1001%2Cta%40iphone_2_10.0_28_16.0/baiduid=8555782E4DB703A772D55955DF3F0184/w=0_10_/t=iphone/l=1/tc,2,0,56
m.baidu.com/from=1001192y/bd_page_type=1/ssid=0/uid=0/pu=usm%400%2Csz%401320_1001%2Cta%40iphone_2_10.0_28_16.0/baiduid=A5D96321772C69B3A44C7178F1DB524A/w=0_10_/t=iphone/l=1/tc,2,100,0
m.baidu.com/from=1001703a/bd_page_type=1/ssid=0/uid=0/pu=usm%400%2Csz%401320_1001%2Cta%40iphone_2_13.0_18_40.9/baiduid=C34725713497991019ADE4DB9CD4334B/w=0_10_/t=iphone/l=1/tc,2,100,0
m.baidu.com/from=1001703a/bd_page_type=1/ssid=0/uid=0/pu=usm%400%2Csz%401320_1001%2Cta%40iphone_2_9.0_18_20.9/baiduid=1B4FAA8E8ECDD92C1EC01296DF448205/w=0_10_/t=iphone/l=1/tc,2,100,0
m.baidu.com/from=1012852q/bd_page_type=1/ssid=0/uid=0/pu=usm%400%2Csz%401320_1004%2Cta%40iphone_2_13.0_11_19.4/baiduid=C086401D90781167AEF11A3F146CD1CC/w=0_10_/t=iphone/l=1/tc,2,100,0
m.baidu.com/from=1200a/bd_page_type=1/ssid=0/uid=0/pu=sz%401320_480%2Ccuid%40gi23a0uwSu0RuHivg8SNulaY28gwuBtg_i29a08m2a8VO28pYu2ci_ajv8gba2fWA%2Ccua%40_a-qi4aqBig4NE65I5me6NNJ2I_UaX8WoavLhSdHNqqqB%2Ccut%405kSYMltqeOp8uXMtravjh_h0vhgXuDPWpi3purqPC%2Cosname%40baiduboxapp%2Cctv%402%2Ccfrom%401009305b%2Ccen%40cuid_cua_cut%2Cc3_aid%40A00-SJVFJGNGUPNODWDOAU5ZEOKK7IWLUVCM-PVAFZQVB%2Cosbranch%40a2%2Ccsrc%40bdbox_tserchland_txt%2Cvmgdb%400020100228y%2Cusm%401/baiduid=FBC71305D0384A0472C47FD8C99EB30F/w=0_10_/t=zbios/l=1/tc,2,50,8
oss.navercorp.com,2,100,0
velog.io,2,100,0
17.50.18.80,1,100,0
android-app://com.google.android.googlequicksearchbox,1,100,0
ashortday.tistory.com/41,1,100,0
cafe.naver.com,1,100,0
clien.net/service/board/kin/17320380,1,0,202
de.presenter-for-confluence.com,1,100,0
dev-jy.tistory.com/5,1,100,0
dkrnfls.tistory.com/90,1,100,0
dlab.elice.io,1,100,0
duckduckgo.com,1,0,53
freecomputerbooks.com,1,0,102
gemini.google.com,1,100,0
generalbulldog.tistory.com/30,1,100,0
github.com/AUTOMATIC1111/stable-diffusion-webui/issues/1423,1,0,14
github.com/microsoft/pyright/issues/8375,1,0,0
google.co.uk,1,100,0
jjoggommmmi.tistory.com/4,1,100,0
kdw9502.tistory.com/6,1,100,0
m.baidu.com/from=0/bd_page_type=1/ssid=0/uid=0/pu=usm%400%2Csz%401320_1001%2Cta%40iphone_2_12.0_24_90.0/baiduid=CF764D06573F56A40FC4D3E9958AFDBD/w=0_10_/t=iphone/l=1/tc,1,100,0
m.baidu.com/from=1000953c/bd_page_type=1/ssid=0/uid=0/pu=usm%400%2Csz%401320_1001%2Cta%40iphone_2_8.1_24_37.0/baiduid=E7811EF4834A8A448D2AEFC604E6AF96/w=0_10_/t=iphone/l=1/tc,1,100,0
m.baidu.com/from=1001192y/bd_page_type=1/ssid=0/uid=0/pu=sz%401320_1001%2Cta%40iphone_2_10.0_28_15.0%2Cusm%400/baiduid=165FF35A83069F519DC3E0F6A652EEA0/w=0_10_/t=iphone/l=1/tc,1,0,0
m.baidu.com/from=1001192y/bd_page_type=1/ssid=0/uid=0/pu=sz%401320_1001%2Cta%40iphone_2_10.0_28_16.0%2Cusm%400/baiduid=B1D5DEE6DFD23E3589875F103F019D1B/w=0_10_/t=iphone/l=1/tc,1,0,8
m.baidu.com/from=1001192y/bd_page_type=1/ssid=0/uid=0/pu=sz%401320_1001%2Cta%40iphone_2_12.0_28_16.0%2Cusm%400/baiduid=56E79EAEBE3A06E8E08E20B28CD196E1/w=0_10_/t=iphone/l=1/tc,1,0,2
m.baidu.com/from=1001192y/bd_page_type=1/ssid=0/uid=0/pu=sz%401320_1001%2Cta%40iphone_2_12.0_28_16.0%2Cusm%400/baiduid=AD656A0C4E0C440718B18144B8AA4FBE/w=0_10_/t=iphone/l=1/tc,1,0,0
m.baidu.com/from=1001192y/bd_page_type=1/ssid=0/uid=0/pu=sz%401320_1001%2Cta%40iphone_2_12.0_28_16.0%2Cusm%400/baiduid=D77BC9D1602386100D18DB937834A251/w=0_10_/t=iphone/l=1/tc,1,0,1508
m.baidu.com/from=1001192y/bd_page_type=1/ssid=0/uid=0/pu=usm%400%2Csz%401320_1001%2Cta%40iphone_2_10.0_28_15.0/baiduid=09918914C2D002E8E0A2141BADA32550/w=0_10_/t=iphone/l=1/tc,1,0,1
m.baidu.com/from=1001192y/bd_page_type=1/ssid=0/uid=0/pu=usm%400%2Csz%401320_1001%2Cta%40iphone_2_10.0_28_16.0/baiduid=3712AC80FBBE9726B61AD65BEF69409A/w=0_10_/t=iphone/l=1/tc,1,0,0
m.baidu.com/from=1001192y/bd_page_type=1/ssid=0/uid=0/pu=usm%400%2Csz%401320_1001%2Cta%40iphone_2_10.0_28_16.0/baiduid=82E259B31B9141B1735189F985E19CE3/w=0_10_/t=iphone/l=1/tc,1,100,0
m.baidu.com/from=1001192y/bd_page_type=1/ssid=0/uid=0/pu=usm%400%2Csz%401320_1001%2Cta%40iphone_2_10.0_28_16.0/baiduid=894638667405BF16924432DAEB469F01/w=0_10_/t=iphone/l=1/tc,1,100,0
m.baidu.com/from=1001192y/bd_page_type=1/ssid=0/uid=0/pu=usm%400%2Csz%401320_1001%2Cta%40iphone_2_12.0_28_16.0/baiduid=9400B1B5BCF969882CBD1897E154F243/w=0_10_/t=iphone/l=1/tc,1,100,0
m.baidu.com/from=1001192y/bd_page_type=1/ssid=0/uid=0/pu=usm%400%2Csz%401320_1001%2Cta%40iphone_2_9.0_28_16.0/baiduid=EF08039E9AD1C8726597BB1560B1BE38/w=0_10_/t=iphone/l=1/tc,1,100,0
m.baidu.com/from=1001192y/bd_page_type=1/ssid=0/uid=0/pu=usm%400%2Csz%401320_220%2Cta%40iphone___24_114.0/baiduid=8B34C05BD461EB36D0F7FDBC3A2BAF77/w=0_10_/t=iphone/l=1/tc,1,0,0
m.baidu.com/from=1001192y/bd_page_type=1/ssid=0/uid=0/pu=usm%403%2Csz%401320_1001%2Cta%40iphone_2_12.0_28_16.0/baiduid=F335089614C6B249A14BA71CE70B8A76/w=90_10_/t=iphone/l=1/tc,1,100,0
m.baidu.com/from=1001703a/bd_page_type=1/ssid=0/uid=0/pu=sz%401320_1001%2Cta%40iphone_2_11.0_18_40.7%2Cusm%400/baiduid=A07B08A22C3DEC1B29E02CC1E5518872/w=0_10_/t=iphone/l=1/tc,1,100,0
m.baidu.com/from=1001703a/bd_page_type=1/ssid=0/uid=0/pu=sz%401320_1001%2Cta%40iphone_2_13.0_18_40.9%2Cusm%400/baiduid=1407383AAA3951F4EFC1797E867B3105/w=0_10_/t=iphone/l=1/tc,1,100,0
m.baidu.com/from=1001703a/bd_page_type=1/ssid=0/uid=0/pu=sz%401320_1001%2Cta%40iphone_2_14.0_18_40.9%2Cusm%401/baiduid=035BCD6A6F262966D853AB3B5FE6A4AD/w=0_10_/t=iphone/l=1/tc,1,100,0
m.baidu.com/from=1001703a/bd_page_type=1/ssid=0/uid=0/pu=sz%401320_1001%2Cta%40iphone_2_15.0_18_40.9%2Cusm%400/baiduid=4366D26362C184A2F8253F2B5810311C/w=0_10_/t=iphone/l=1/tc,1,0,255
m.baidu.com/from=1001703a/bd_page_type=1/ssid=0/uid=0/pu=sz%401320_1001%2Cta%40iphone_2_15.0_18_40.9%2Cusm%400/baiduid=4FB0FEDD237A058666A4A2D18E9BC047/w=10_10_/t=iphone/l=1/tc,1,100,0
m.baidu.com/from=1001703a/bd_page_type=1/ssid=0/uid=0/pu=sz%401320_1001%2Cta%40iphone_2_5.1_18_10.8%2Cusm%400/baiduid=DDB8F078D8980A93A329514F22331B2B/w=0_10_/t=iphone/l=1/tc,1,100,0
m.baidu.com/from=1001703a/bd_page_type=1/ssid=0/uid=0/pu=usm%400%2Csz%401320_1001%2Cta%40iphone_2_13.0_18_40.9/baiduid=F653AD3906C726869E6D835AB42FEC01/w=0_10_/t=iphone/l=1/tc,1,100,0
m.baidu.com/from=1001703a/bd_page_type=1/ssid=0/uid=0/pu=usm%400%2Csz%401320_1001%2Cta%40iphone_2_13.0_18_40.9/baiduid=F9130F82AF37BD79BF03457D7429C1C4/w=0_10_/t=iphone/l=1/tc,1,0,1172
m.baidu.com/from=1001703a/bd_page_type=1/ssid=0/uid=0/pu=usm%400%2Csz%401320_1001%2Cta%40iphone_2_15.0_18_40.9/baiduid=4FB0FEDD237A058666A4A2D18E9BC047/w=0_10_/t=iphone/l=1/tc,1,100,0
m.baidu.com/from=1001703a/bd_page_type=1/ssid=0/uid=0/pu=usm%400%2Csz%401320_1001%2Cta%40iphone_2_4.4_18_4.8/baiduid=6B0A6E78B0664B4974F9234291E8A560/w=0_10_/t=iphone/l=1/tc,1,100,0
m.baidu.com/from=1001703a/bd_page_type=1/ssid=0/uid=0/pu=usm%400%2Csz%401320_1001%2Cta%40iphone_2_8.1_18_10.9/baiduid=872C7DAF26E5A68124A4AB54FB73321C/w=0_10_/t=iphone/l=1/tc,1,100,0
m.baidu.com/from=1012852q/bd_page_type=1/ssid=0/uid=0/pu=sz%401320_1004%2Cta%40iphone_2_11.0_11_19.4%2Cusm%400/baiduid=BA7DB9356F91DC0668028A5D15940CCD/w=0_10_/t=iphone/l=1/tc,1,100,0
m.baidu.com/from=1012852q/bd_page_type=1/ssid=0/uid=0/pu=sz%401320_1004%2Cta%40iphone_2_13.0_11_19.4%2Cusm%400/baiduid=2E18DE99F3564CCA93326DEFC40D4A4E/w=0_10_/t=iphone/l=1/tc,1,100,0
m.baidu.com/from=1012852q/bd_page_type=1/ssid=0/uid=0/pu=sz%401320_1004%2Cta%40iphone_2_14.0_11_19.0%2Cusm%400/baiduid=B001526575DA5FAC4794E9BF5C7272F7/w=0_10_/t=iphone/l=1/tc,1,100,0
m.baidu.com/from=1012852q/bd_page_type=1/ssid=0/uid=0/pu=usm%400%2Csz%401320_1004%2Cta%40iphone_2_13.0_11_19.3/baiduid=2881336391E0ACDEAFC5E9C078267BAF/w=0_10_/t=iphone/l=1/tc,1,100,0
m.baidu.com/from=1012852q/bd_page_type=1/ssid=0/uid=0/pu=usm%400%2Csz%401320_1004%2Cta%40iphone_2_13.0_11_19.4/baiduid=A479E5C9152986E81C183D152D60EC07/w=0_10_/t=iphone/l=1/tc,1,100,0
m.baidu.com/from=1012852s/bd_page_type=1/ssid=0/uid=0/pu=sz%401320_1004%2Cta%40iphone_2_10.0_11_19.4%2Cusm%400/baiduid=7D191A2A0CA55F9B0B30D9FACF5DE089/w=0_10_/t=iphone/l=1/tc,1,100,0
m.baidu.com/from=1013672b/bd_page_type=1/ssid=0/uid=0/pu=sz%401320_1004%2Cta%40iphone_2_10.0_11_17.4%2Cusm%400/baiduid=B053CC9C20409DDC85D3910C580943BE/w=0_10_/t=iphone/l=1/tc,1,100,0
m.baidu.com/from=1013672b/bd_page_type=1/ssid=0/uid=0/pu=sz%401320_1004%2Cta%40iphone_2_10.0_11_19.4%2Cusm%400/baiduid=0FF0D03C59C8F4C4D499B07DD13734A2/w=0_10_/t=iphone/l=1/tc,1,100,0
m.baidu.com/from=1013672g/bd_page_type=1/ssid=0/uid=0/pu=usm%400%2Csz%401320_1004%2Cta%40iphone_2_13.0_11_19.4/baiduid=D55F6C8E8882119CD510DC2084B8328E/w=0_10_/t=iphone/l=1/tc,1,100,0
m.baidu.com/from=1013966u/bd_page_type=1/ssid=0/uid=0/pu=sz%401320_1001%2Cta%40iphone_2_10.0_19_24.3%2Cusm%400/baiduid=8FE9572A3DA499AA07DC32902D0EDFDE/w=0_10_/t=iphone/l=1/tc,1,100,0
m.baidu.com/from=1013966u/bd_page_type=1/ssid=0/uid=0/pu=usm%400%2Csz%401320_1001%2Cta%40iphone_2_10.0_19_24.3/baiduid=12E32313FFF19A0381DEA8BF5EEF5DE6/w=0_10_/t=iphone/l=1/tc,1,100,0
m.baidu.com/from=1013966u/bd_page_type=1/ssid=0/uid=0/pu=usm%400%2Csz%401320_1001%2Cta%40iphone_2_11.0_19_24.4/baiduid=FD6E6037293BC0831BC83B34568FED55/w=0_10_/t=iphone/l=1/tc,1,100,0
m.baidu.com/from=1013966u/bd_page_type=1/ssid=0/uid=0/pu=usm%400%2Csz%401320_1001%2Cta%40iphone_2_13.0_19_24.3/baiduid=D55F51C2EF18D44F268A6ECF16828DB2/w=0_10_/t=iphone/l=1/tc,1,100,0
m.baidu.com/from=1013966u/bd_page_type=1/ssid=0/uid=0/pu=usm%400%2Csz%401320_1001%2Cta%40iphone_2_13.0_19_24.4/baiduid=8C201579D5B783C501E3F951BC73C21D/w=0_10_/t=iphone/l=1/tc,1,100,0
m.baidu.com/from=1013966u/bd_page_type=1/ssid=0/uid=0/pu=usm%401%2Csz%401320_1001%2Cta%40iphone_2_15.0_19_24.3/baiduid=0B4C22F45E9928B74AC1C071343E2096/w=0_10_/t=iphone/l=1/tc,1,100,0
m.baidu.com/from=1013966u/bd_page_type=1/ssid=0/uid=0/pu=usm%401%2Csz%401320_1001%2Cta%40iphone_2__24_123.0/baiduid=9CCBC8142B13CE975C5CF8373AB23F11/w=0_10_/t=iphone/l=1/tc,1,100,0
m.baidu.com/from=1019311a/bd_page_type=1/ssid=0/uid=0/pu=sz%401320_1001%2Cta%40iphone_2_15.0_19_24.4%2Cusm%400/baiduid=A798646991243E7FEEB96637CE88B865/w=0_10_/t=iphone/l=1/tc,1,100,0
m.baidu.com/from=1019311a/bd_page_type=1/ssid=0/uid=0/pu=usm%400%2Csz%401320_1001%2Cta%40iphone_2_14.0_19_24.4/baiduid=4CDDB62CC1010414393D35FD7100E0B5/w=0_10_/t=iphone/l=1/tc,1,0,376
m.baidu.com/from=1019311a/bd_page_type=1/ssid=0/uid=0/pu=usm%400%2Csz%401320_1001%2Cta%40iphone_2_14.0_19_24.4/baiduid=4CDDB62CC1010414393D35FD7100E0B5/w=10_10_/t=iphone/l=1/tc,1,100,0
m.baidu.com/from=1019311a/bd_page_type=1/ssid=0/uid=0/pu=usm%400%2Csz%401320_1001%2Cta%40iphone_2_15.0_19_24.2/baiduid=6D7A7EAE6CB886F2271544CA2D2D289A/w=0_10_/t=iphone/l=1/tc,1,100,0
m.baidu.com/from=1019311v/bd_page_type=1/ssid=0/uid=0/pu=sz%401320_1001%2Cta%40iphone_2_13.0_19_23.1%2Cusm%400/baiduid=D0B0E6FFD175AF6A2DDB2D901D80BE4C/w=0_10_/t=iphone/l=1/tc,1,100,0
m.baidu.com/from=1019311v/bd_page_type=1/ssid=0/uid=0/pu=sz%401320_1001%2Cta%40iphone_2_15.0_19_24.5%2Cusm%400/baiduid=9E33CFFEDFFD6EEA51A399E86890C627/w=0_10_/t=iphone/l=1/tc,1,100,0
m.baidu.com/from=1019311v/bd_page_type=1/ssid=0/uid=0/pu=usm%400%2Csz%401320_1001%2Cta%40iphone_2_15.0_19_24.4/baiduid=0752C628E1C2F85F1FDA2218BF829D60/w=0_10_/t=iphone/l=1/tc,1,0,64
m.baidu.com/from=1019311v/bd_page_type=1/ssid=0/uid=0/pu=usm%400%2Csz%401320_1001%2Cta%40iphone_2_15.0_19_24.4/baiduid=30AE9954F3A128BE10E0D91D2A8E430F/w=10_10_/t=iphone/l=1/tc,1,100,0
m.baidu.com/from=1019311v/bd_page_type=1/ssid=0/uid=0/pu=usm%400%2Csz%401320_1001%2Cta%40iphone_2_15.0_19_24.4/baiduid=7C6907C4275EF26634CADD0750A733F2/w=0_10_/t=iphone/l=1/tc,1,100,0
m.baidu.com/from=1019311v/bd_page_type=1/ssid=0/uid=0/pu=usm%400%2Csz%401320_1001%2Cta%40iphone_2_15.0_19_24.5/baiduid=E7F17914D7F30F07379B540C377B2BD7/w=0_10_/t=iphone/l=1/tc,1,0,7
m.baidu.com/from=1019311v/bd_page_type=1/ssid=0/uid=0/pu=usm%400%2Csz%401320_1001%2Cta%40iphone_2_9.0_19_24.3/baiduid=486830F8FB6BDCB01F6AD1FC29738C00/w=0_10_/t=iphone/l=1/tc,1,100,0
m.baidu.com/from=1019311v/bd_page_type=1/ssid=0/uid=0/pu=usm%400%2Csz%401320_1001%2Cta%40iphone_2_9.0_19_24.3/baiduid=9B3307BD64698B70F48F8C7AD1B84592/w=0_10_/t=iphone/l=1/tc,1,0,1420
m.baidu.com/from=1020681k/bd_page_type=1/ssid=0/uid=0/pu=usm%400%2Csz%401320_1001%2Cta%40iphone_2_15.0_18_40.9/baiduid=963A2A3F42EFAA352386517677CBC387/w=0_10_/t=iphone/l=1/tc,1,100,0
m.baidu.com/from=1020761f/bd_page_type=1/ssid=0/uid=0/pu=sz%401320_1001%2Cta%40iphone_2_12.0_19_24.4%2Cusm%400/baiduid=E75D8184B55A2E7D3EC1DC64501BD1C9/w=0_10_/t=iphone/l=1/tc,1,100,0
m.baidu.com/from=1020761f/bd_page_type=1/ssid=0/uid=0/pu=sz%401320_1001%2Cta%40iphone_2_13.0_19_23.4%2Cusm%401/baiduid=7F8A7C02105B1209C962FB9F272D7572/w=0_10_/t=iphone/l=1/tc,1,100,0
m.baidu.com/from=1020761f/bd_page_type=1/ssid=0/uid=0/pu=usm%400%2Csz%401320_1001%2Cta%40iphone_2_10.0_19_24.3/baiduid=B1BE297C9F4CE26C722A3CE27D3E38CF/w=0_10_/t=iphone/l=1/tc,1,100,0
m.baidu.com/from=1020761f/bd_page_type=1/ssid=0/uid=0/pu=usm%400%2Csz%401320_1001%2Cta%40iphone_2_11.0_19_24.4/baiduid=681A83B5FACE523C67E2FB524363BB1B/w=0_10_/t=iphone/l=1/tc,1,100,0
m.baidu.com/from=1020761f/bd_page_type=1/ssid=0/uid=0/pu=usm%400%2Csz%401320_1001%2Cta%40iphone_2_12.0_19_24.4/baiduid=B8A3D73235D96841547D8D79EA075260/w=0_10_/t=iphone/l=1/tc,1,100,0
m.baidu.com/from=1020761f/bd_page_type=1/ssid=0/uid=0/pu=usm%400%2Csz%401320_1001%2Cta%40iphone_2_12.0_19_24.4/baiduid=BA9B585D8E3469DCA9FFD21A981938D5/w=0_10_/t=iphone/l=1/tc,1,100,0
m.baidu.com/from=1020761f/bd_page_type=1/ssid=0/uid=0/pu=usm%400%2Csz%401320_1001%2Cta%40iphone_2_13.0_19_24.3/baiduid=693CD83607EB78B075E48CEF509EBA55/w=0_10_/t=iphone/l=1/tc,1,0,11
m.baidu.com/from=1020761f/bd_page_type=1/ssid=0/uid=0/pu=usm%400%2Csz%401320_1001%2Cta%40iphone_2_13.0_19_24.4/baiduid=577D4B69DCA295BB0547F3237042BFE9/w=0_10_/t=iphone/l=1/tc,1,100,0
m.baidu.com/from=1020761f/bd_page_type=1/ssid=0/uid=0/pu=usm%400%2Csz%401320_1001%2Cta%40iphone_2_13.0_19_24.4/baiduid=B050A778C2D5C077EE26D813F8BA0422/w=0_10_/t=iphone/l=1/tc,1,100,0
m.baidu.com/from=1020761f/bd_page_type=1/ssid=0/uid=0/pu=usm%400%2Csz%401320_1001%2Cta%40iphone_2_15.0_19_24.3/baiduid=9CA7A2228E36278389F3EA0041B12FCE/w=0_10_/t=iphone/l=1/tc,1,100,0
m.baidu.com/from=1020761f/bd_page_type=1/ssid=0/uid=0/pu=usm%400%2Csz%401320_1001%2Cta%40iphone_2__24_123.0/baiduid=FC9C6E1947DAA490CBA25A8CFB1DAA56/w=0_10_/t=iphone/l=1/tc,1,100,0
m.baidu.com/from=1020761f/bd_page_type=1/ssid=0/uid=0/pu=usm%401%2Csz%401320_1001%2Cta%40iphone_2_12.0_19_24.4/baiduid=BA9B585D8E3469DCA9FFD21A981938D5/w=0_10_/t=iphone/l=1/tc,1,100,0
m.baidu.com/from=1020786r/bd_page_type=1/ssid=0/uid=0/pu=usm%400%2Csz%401320_1001%2Cta%40iphone_2_13.0_19_24.4/baiduid=344DC7C931DFF4F63D7DEDA57DAA400E/w=0_10_/t=iphone/l=1/tc,1,100,0
m.baidu.com/from=1020786r/bd_page_type=1/ssid=0/uid=0/pu=usm%400%2Csz%401320_1001%2Cta%40iphone_2_15.0_19_24.3/baiduid=185DC7E7244DD59EA4BF7DD905F7C97A/w=0_10_/t=iphone/l=1/tc,1,100,0
m.baidu.com/from=1020786s/bd_page_type=1/ssid=0/uid=0/pu=usm%400%2Csz%401320_1001%2Cta%40iphone_2_15.0_19_24.4/baiduid=7F379475FC0EF3F7D747137CA77C43E6/w=0_10_/t=iphone/l=1/tc,1,100,0
m.baidu.com/from=1052946b/bd_page_type=1/ssid=0/uid=0/pu=usm%400%2Csz%401320_1001%2Cta%40iphone_2_11.0_19_24.1/baiduid=00E71252AD9E15861B3870FF3FE1C56D/w=0_10_/t=iphone/l=1/tc,1,100,0
m.baidu.com/from=1052946b/bd_page_type=1/ssid=0/uid=0/pu=usm%400%2Csz%401320_1001%2Cta%40iphone_2_13.0_19_24.4/baiduid=E0C94438D9441B55B1EEBDD0FF71173B/w=0_10_/t=iphone/l=1/tc,1,100,0
m.baidu.com/from=1054929q/bd_page_type=1/ssid=0/uid=0/pu=usm%400%2Csz%401320_1003%2Cta%40iphone_2_11.0_1_17.6/baiduid=E24B016B6DAFEBA12B9EB4C4DBCFCBF0/w=0_10_/t=iphone/l=1/tc,1,100,0
m.baidu.com/from=1086k/bd_page_type=1/ssid=0/uid=0/pu=usm%400%2Csz%401320_1002%2Cta%40iphone_2_15.0_2_16.2/baiduid=A5E3086F4E8F321E80F793029A8C0D50/w=0_10_/t=iphone/l=1/tc,1,100,0
m.baidu.com/s,1,100,0
m.blog.naver.com/python_math/221214856867,1,0,23
m.clien.net/service/board/kin/17320380,1,100,0
ncloude.lgdisplay.com,1,100,0
netacad.com,1,0,7321
night-knight.tistory.com/entry/%EB%B0%B1%EC%A4%8010814Silver-4-%EB%82%98%EC%9D%B4%EC%88%9C-%EC%A0%95%EB%A0%AC-python,1,100,0
perplexity.ai,1,100,0
pkgpl.org,1,100,0
pythoninsider.blogspot.com,1,0,228
so.m.sm.cn,1,100,0
so.m.sm.cn/s,1,100,0
summermong.tistory.com/16,1,100,0
ys.learnus.org,1,0,23
