property,value,visitors,events,percentage
url,(none),2997,4880,99.6
url,https://www.python.org/,57,58,1.9
url,https://tkdocs.com/,8,9,0.3
url,https://wiki.python.org/moin/BeginnersGuide,6,6,0.2
url,https://devguide.python.org/,4,4,0.1
url,https://pypi.org/,4,4,0.1
url,https://github.com/python/cpython/tree/3.13/Lib/tkinter/__init__.py,3,3,0.1
url,https://packaging.python.org/pt-br/latest/guides/installing-using-pip-and-virtual-environments/#create-and-use-virtual-environments,3,4,0.1
url,https://wiki.python.org/moin/PythonBooks,3,3,0.1
url,https://www.packtpub.com/en-br/product/python-gui-programming-with-tkinter-9781788835886,3,3,0.1
url,https://www.tcl.tk/man/tcl8.6/TkCmd/contents.htm,3,3,0.1
url,https://www.tkdocs.com/shipman/',3,3,0.1
url,https://briefcase.readthedocs.io/,2,3,0.1
url,https://github.com/python/cpython/tree/3.13/Lib/venv/,2,2,0.1
url,https://peps.python.org/,2,2,0.1
url,https://pt.wikipedia.org/wiki/Sequ%C3%AAncia_de_Fibonacci,2,2,0.1
url,https://www.python.org/doc/versions/,2,2,0.1
url,https://www.tcl.tk/,2,2,0.1
url,http://www.zlib.net/manual.html,1,1,0.0
url,https://datatracker.ietf.org/doc/html/rfc4180.html,1,1,0.0
url,https://devguide.python.org/documentation/help-documenting/,1,1,0.0
url,https://github.com/python/cpython/blob/main/Doc/reference/lexical_analysis.rst,1,1,0.0
url,https://github.com/python/cpython/tree/3.13/Android/testbed,1,1,0.0
url,https://github.com/python/cpython/tree/3.13/Android/testbed/app/src/main/java/org/python/testbed/MainActivity.kt,1,1,0.0
url,https://github.com/python/cpython/tree/3.13/Lib/datetime.py,1,1,0.0
url,https://github.com/python/cpython/tree/3.13/Lib/idlelib/,1,1,0.0
url,https://github.com/python/cpython/tree/3.13/Lib/json/__init__.py,1,1,0.0
url,https://github.com/python/cpython/tree/3.13/Lib/random.py,1,1,0.0
url,https://github.com/python/cpython/tree/3.13/Lib/tkinter/scrolledtext.py,1,1,0.0
url,https://github.com/python/cpython/tree/3.13/Lib/turtle.py,1,1,0.0
url,https://github.com/python/cpython/tree/3.13/Lib/webbrowser.py,1,2,0.0
url,https://github.com/python/cpython/tree/main/iOS/README.rst,1,1,0.0
url,https://json.org/,1,1,0.0
url,https://packaging.python.org/en/latest/tutorials/installing-packages/#ensure-pip-setuptools-and-wheel-are-up-to-date,1,1,0.0
url,https://peps.python.org/pep-0405/,1,1,0.0
url,https://peps.python.org/pep-0646/,1,1,0.0
url,https://peps.python.org/pep-0649/,1,1,0.0
url,https://peps.python.org/pep-0750/,1,1,0.0
url,https://peps.python.org/pep-3131/,1,1,0.0
url,https://pt.wikipedia.org/wiki/Desvio_padr%C3%A3o,1,1,0.0
url,https://pypi.org/project/pygame/,1,1,0.0
url,https://python.org.br/ferramentas/,1,1,0.0
url,https://wiki.python.org/moin/PythonEditors,1,1,0.0
url,https://www.nuget.org/packages/python,1,1,0.0
url,https://www.python.org/doc/av/,1,1,0.0
url,https://www.python.org/downloads/macos/,1,1,0.0
