name,unique_exits,total_exits,exit_rate
/downloads/,175196,182157,46.9
/,97782,100558,47.3
/downloads/windows/,63475,65542,58.9
/downloads/release/python-3140/,36624,37195,46.1
/downloads/release/python-3139/,18181,18475,48.3
/downloads/macos/,5955,6050,52.4
/about/gettingstarted/,5381,5483,55.9
/downloads/release/pymanager-250/,5190,5254,50.7
/search/,4915,4962,29.2
/doc/,4236,4329,49.1
/downloads/release/python-3110/,3837,3943,62.2
/downloads/release/python-3120/,3796,3882,56.8
/downloads/release/python-3119/,3303,3388,69.2
/downloads/release/python-3100/,3129,3193,63.7
/downloads/source/,2168,2201,41.0
/downloads/release/python-31114/,2074,2104,25.2
/downloads/release/python-31011/,2064,2133,69.9
/psf-landing/,1971,1991,30.0
/downloads/release/python-3137/,1843,1946,67.2
/downloads/release/python-3130/,1776,1804,54.0
/downloads/release/python-31212/,1724,1737,25.9
/downloads/release/python-3135/,1644,1679,52.8
/downloads/release/python-3106/,1490,1534,73.2
/about/,1478,1511,28.9
/downloads/release/python-31210/,1456,1484,70.2
/downloads/release/python-390/,1096,1117,55.6
/downloads/release/python-31019/,1062,1072,26.2
/jobs/,1029,1048,34.6
/downloads/android/,1020,1042,36.4
/shell/,988,1008,66.0
/getit/,973,984,49.3
/community/,967,973,34.7
/downloads/release/python-3126/,926,951,62.9
/download/other/,876,887,41.7
/downloads/release/python-380/,867,879,53.4
/downloads/release/python-3810/,830,845,66.0
/downloads/release/python-3150a1/,750,755,41.4
/downloads/release/python-3127/,728,743,66.6
/download/pre-releases/,690,690,21.5
/about/apps/,675,680,42.8
/downloads/release/python-3138/,608,619,57.0
/downloads/release/python-3913/,563,579,66.2
/downloads/release/python-2718/,528,543,74.4
/downloads/release/python-370/,517,523,50.4
/downloads/release/python-3123/,498,509,58.4
/downloads/release/python-3124/,476,484,50.8
/blogs/,448,451,34.5
/doc/versions/,424,427,60.4
/downloads/release/python-3924/,414,417,27.2
/downloads/release/python-3128/,410,420,59.2
/downloads/release/python-3133/,409,427,55.0
/downloads/release/python-3129/,375,384,69.3
/download/releases/,368,365,19.7
/downloads/release/python-31010/,352,371,62.8
/downloads/release/python-31113/,346,351,25.8
/downloads/release/python-3132/,345,348,55.0
/downloads/release/python-3118/,342,344,67.3
/downloads/release/python-31211/,331,333,28.6
/downloads/release/python-3820/,330,328,27.5
/downloads/release/python-3109/,321,328,72.1
/community/logos/,309,310,58.9
/downloads/release/python-3114/,308,310,56.1
/downloads/release/python-379/,295,303,60.8
/downloads/release/python-31018/,291,295,28.3
/download/releases/2.7/,285,293,65.5
/downloads/release/python-3136/,271,278,57.3
/downloads/release/python-3117/,261,269,60.3
/downloads/release/python-3116/,259,263,63.1
/downloads/release/python-3115/,255,259,63.8
/downloads/release/python-3125/,254,258,60.8
/downloads/release/python-3131/,252,264,55.2
/downloads/release/python-3122/,251,252,61.6
/success-stories/,238,239,29.7
/downloads/release/python-31012/,210,214,29.3
/getit/windows/,207,208,50.0
/downloads/release/python-3111/,192,193,55.3
/downloads/release/python-360/,192,198,52.7
/downloads/release/python-31013/,188,192,26.1
/events/,171,175,50.0
/downloads/release/python-3102/,170,173,62.5
/downloads/release/python-377/,169,172,42.5
/downloads/release/python-385/,167,169,50.1
/downloads/release/python-31111/,165,165,26.0
/downloads/release/python-368/,164,168,55.1
/doc/essays/blurb/,161,163,76.2
/downloads/release/python-3121/,160,162,52.9
/downloads/release/python-31110/,159,161,27.6
/downloads/release/python-3105/,158,159,60.9
/downloads/release/python-386/,155,155,47.7
/downloads/release/python-3113/,151,152,70.4
/download,145,144,36.0
/downloads/release/python-31112/,144,145,23.3
/downloads/release/python-3112/,143,146,62.7
/downloads/release/python-374/,138,139,49.5
/downloads/release/python-396/,138,139,64.7
/about/help/,137,137,40.1
/downloads/release/python-3717/,137,136,31.3
/downloads/release/python-3108/,132,139,51.5
/doc/av/,129,130,44.8
/download/releases/3.0/,127,130,45.9
