name,visitors,pageviews,bounce_rate,time_on_page,scroll_depth
/pl/3/tutorial/index.html,43,55,64,18,60
/pl/3.13/tutorial/index.html,20,21,67,21,40
/pl/3.13/,11,10,0,10,74
/pl/3/tutorial/datastructures.html,10,11,91,24,18
/pl/3/tutorial/introduction.html,10,9,100,113,76
/pl/3/tutorial/controlflow.html,9,8,75,41,31
/pl/3/tutorial/interpreter.html,9,11,100,53,76
/pl/3/tutorial/appetite.html,8,6,0,48,99
/pl/3.13/tutorial/datastructures.html,7,7,100,234,39
/pl/3.13/search.html,6,6,0,10,56
/pl/3.13/tutorial/controlflow.html,6,7,67,168,57
/pl/3/,6,6,40,13,80
/pl/3/extending/extending.html,6,5,60,66,10
/pl/3/tutorial/errors.html,6,5,100,36,64
/pl/3.13/library/index.html,5,4,0,10,35
/pl/3.13/tutorial/appetite.html,5,3,0,13,47
/pl/3.13/tutorial/inputoutput.html,5,3,100,459,60
/pl/3.13/tutorial/introduction.html,5,5,0,122,42
/pl/3/search.html,5,5,50,15,39
/pl/3/tutorial/classes.html,5,3,0,13,26
/pl/3/tutorial/venv.html,5,5,100,30,65
/pl/dev/library/functions.html,5,5,80,6,5
/pl/dev/tutorial/classes.html,5,5,100,453,40
/pl/3.13/tutorial/classes.html,4,3,0,710,59
/pl/3.13/tutorial/interpreter.html,4,5,100,133,64
/pl/3.13/using/index.html,4,7,0,8,80
/pl/3/tutorial/,4,5,50,19,43
/pl/3.12/installing/index.html,3,4,67,25,99
/pl/3.13/contents.html,3,3,0,16,9
/pl/3.13/installing/index.html,3,2,0,7,88
/pl/3.13/library/exceptions.html,3,3,0,7,52
/pl/3.13/library/subprocess.html,3,2,100,33,15
/pl/3.13/reference/index.html,3,3,0,15,62
/pl/3.13/reference/introduction.html,3,2,100,9,58
/pl/3.13/tutorial/appendix.html,3,3,0,18,70
/pl/3.13/tutorial/errors.html,3,3,0,90,55
/pl/3.13/tutorial/modules.html,3,3,100,41,83
/pl/3/index.html,3,3,0,11,78
/pl/3/library/array.html,3,2,100,4,29
/pl/3/reference/datamodel.html,3,2,0,10,6
/pl/3/tutorial/modules.html,3,2,50,105,13
/pl/dev/tutorial/datastructures.html,3,3,100,13,16
/pl/3.12/faq/,2,2,0,3,100
/pl/3.12/library/random.html,2,1,0,12,29
/pl/3.12/license.html,2,2,50,9,14
/pl/3.13/c-api/index.html,2,1,0,6,100
/pl/3.13/c-api/monitoring.html,2,1,0,2,78
/pl/3.13/copyright.html,2,1,0,3,100
/pl/3.13/deprecations/index.html,2,1,0,5,10
/pl/3.13/extending/embedding.html,2,1,0,2,98
/pl/3.13/faq/index.html,2,1,0,7,100
/pl/3.13/faq/installed.html,2,1,0,3,73
/pl/3.13/glossary.html,2,2,0,5,4
/pl/3.13/howto/annotations.html,2,2,0,7,24
/pl/3.13/howto/perf_profiling.html,2,2,0,3,18
/pl/3.13/howto/sorting.html,2,2,100,2,16
/pl/3.13/howto/timerfd.html,2,1,0,5,21
/pl/3.13/index.html,2,3,0,35,88
/pl/3.13/library/calendar.html,2,1,0,42,100
/pl/3.13/library/functions.html,2,2,100,1,3
/pl/3.13/library/stdtypes.html,2,1,0,50,88
/pl/3.13/library/tkinter.html,2,2,0,32,9
/pl/3.13/license.html,2,1,0,8,9
/pl/3.13/reference/grammar.html,2,1,0,3,9
/pl/3.13/tutorial/,2,2,100,11,20
/pl/3.13/tutorial/stdlib2.html,2,1,0,104,99
/pl/3.13/tutorial/venv.html,2,1,0,52,100
/pl/3.13/using/editors.html,2,4,0,12,100
/pl/3.15/,2,4,0,23,72
/pl/3.15/download.html,2,2,100,22,93
/pl/3.15/library/functions.html,2,2,0,274,92
/pl/3.15/library/index.html,2,1,0,13,10
/pl/3.15/reference/index.html,2,2,0,22,26
/pl/3/c-api/list.html,2,1,0,7,80
/pl/3/library/sys.html,2,2,0,45,65
/pl/3/reference/index.html,2,3,0,14,67
/pl/3/tutorial/floatingpoint.html,2,2,100,82,53
/pl/3/tutorial/inputoutput.html,2,2,100,78,38
/pl/3/whatsnew/3.13.html,2,2,0,31,2
/pl/dev/library/turtle.html,2,2,0,37,25
/pl/dev/library/warnings.html,2,3,0,24,10
/pl/dev/whatsnew/3.15.html,2,1,100,0,25
/pl/3.12/copyright.html,1,1,0,,
/pl/3.13/about.html,1,1,0,4,100
/pl/3.13/bugs.html,1,1,0,3,42
/pl/3.13/extending/index.html,1,1,0,5,100
/pl/3.13/howto/free-threading-extensions.html,1,1,0,3,19
/pl/3.13/howto/free-threading-python.html,1,1,0,7,32
/pl/3.13/howto/index.html,1,1,0,12,100
/pl/3.13/howto/isolating-extensions.html,1,1,0,4,9
/pl/3.13/howto/mro.html,1,1,0,3,8
/pl/3.13/library/,1,2,0,8,6
/pl/3.13/library/decimal.html,1,1,0,,
/pl/3.13/library/fractions.html,1,1,0,,
/pl/3.13/library/os.html,1,2,0,5,1
/pl/3.13/library/random.html,1,1,0,23,20
/pl/3.13/library/security_warnings.html,1,1,0,3,100
/pl/3.13/reference/lexical_analysis.html,1,1,100,266,11
/pl/3.13/tutorial/floatingpoint.html,1,1,0,17,91
/pl/3.13/tutorial/interactive.html,1,1,0,14,95
