name,unique_entrances,total_entrances,visit_duration
/pt-br/3/library/venv.html,149,153,34
/pt-br/3/,113,124,283
/3/,104,105,657
/pt-br/3/tutorial/index.html,93,98,217
/pt-br/3/library/functions.html,80,86,86
/pt-br/3/library/tkinter.html,76,78,213
/pt-br/3/tutorial/datastructures.html,71,72,318
/pt-br/3/tutorial/,66,66,355
/pt-br/3.13/library/math.html,65,70,362
/pt-br/3/library/,51,54,282
/pt-br/3/library/random.html,49,52,283
/pt-br/3/library/string.html,45,48,247
/pt-br/3/tutorial/classes.html,42,46,124
/pt-br/dev/library/venv.html,41,41,201
/pt-br/3/tutorial/inputoutput.html,35,37,68
/pt-br/3/library/stdtypes.html,31,31,299
/pt-br/3/library/datetime.html,30,32,6
/pt-br/3/tutorial/introduction.html,30,33,40
/pt-br/3/library/math.html,26,27,419
/pt-br/3.13/tutorial/datastructures.html,24,25,360
/pt-br/3/library/statistics.html,24,26,154
/pt-br/3/tutorial/errors.html,24,24,46
/3/library/venv.html,22,22,656
/pt-br/3/howto/sorting.html,21,21,157
/pt-br/3.13/tutorial/index.html,20,26,12
/pt-br/3/faq/windows.html,20,20,69
/pt-br/dev/howto/logging.html,19,19,27
/pt-br/3/tutorial/modules.html,18,18,84
/pt-br/3/tutorial/controlflow.html,17,20,129
/pt-br/3/tutorial/interpreter.html,17,17,259
/pt-br/3/using/cmdline.html,17,17,85
/pt-br/3/library/tk.html,16,16,43
/pt-br/dev/reference/import.html,16,16,59
/pt-br/3.13/library/__main__.html,15,15,151
/pt-br/3.13/library/functions.html,15,18,25
/pt-br/3.13/library/turtle.html,15,17,180
/pt-br/3/library/json.html,15,15,220
/pt-br/3/library/os.html,15,15,350
/pt-br/3.13/library/csv.html,14,17,164
/pt-br/3/library/shutil.html,14,14,42
/pt-br/dev/tutorial/datastructures.html,14,14,237
/pt-br/dev/tutorial/inputoutput.html,14,14,193
/pt-br/3.13/faq/windows.html,13,14,12
/pt-br/3/library/index.html,13,16,476
/3.13/tutorial/index.html,12,12,704
/pt-br/3.13/tutorial/controlflow.html,12,15,1
/3/library/functions.html,11,11,272
/3/tutorial/index.html,11,11,1111
/pt-br/3/library/unittest.html,11,11,180
/pt-br/3/using/windows.html,11,11,161
/3/library/idle.html,10,10,104
/pt-br/3.13/,10,10,62
/pt-br/3.13/library/index.html,10,13,40
/pt-br/3/search.html,10,10,305
/3/library/datetime.html,9,9,343
/3/library/re.html,8,9,394
/3/library/tkinter.html,8,8,275
/pt-br/3.13/search.html,8,8,126
/pt-br/3/library/pickle.html,8,8,3
/pt-br/3/library/zipfile.html,8,8,85
/pt-br/dev/library/unittest.html,8,8,0
/pt-br/3.13/glossary.html,7,7,28
/pt-br/3.13/library/random.html,7,8,1
/pt-br/3.13/tutorial/classes.html,7,7,0
/pt-br/3.13/tutorial/introduction.html,7,12,2
/pt-br/3/library/pydoc.html,7,8,484
/pt-br/3/library/re.html,7,7,76
/pt-br/3/using/android.html,7,7,39
/pt-br/3/using/mac.html,7,7,66
/pt-br/dev/faq/general.html,7,7,23
/3/library/turtle.html,6,6,1310
/pt-br/3.13/c-api/set.html,6,6,249
/pt-br/3.13/library/exceptions.html,6,8,254
/pt-br/3.13/library/os.path.html,6,6,5
/pt-br/3.13/library/stdtypes.html,6,7,58
/pt-br/3.13/using/windows.html,6,7,124
/pt-br/3/library/array.html,6,6,0
/pt-br/3/library/glob.html,6,6,386
/pt-br/3/reference/expressions.html,6,6,759
/pt-br/dev/library/tkinter.messagebox.html,6,6,0
/3/download.html,5,5,274
/3/library/argparse.html,5,5,1244
/3/library/index.html,5,5,170
/3/library/math.html,5,5,17
/3/library/os.html,5,5,33
/3/library/string.html,5,5,1183
/3/tutorial/,5,5,360
/3/using/windows.html,5,5,944
/pt-br/3.13/library/tkinter.messagebox.html,5,5,142
/pt-br/3.13/tutorial/inputoutput.html,5,5,0
/pt-br/3.13/tutorial/interpreter.html,5,5,0
/pt-br/3/library/abc.html,5,5,11
/pt-br/3/library/argparse.html,5,5,0
/pt-br/3/library/subprocess.html,5,5,211
/pt-br/3/using/editors.html,5,5,0
/pt-br/3/whatsnew/3.13.html,5,6,6
/pt-br/dev/howto/sorting.html,5,5,0
/pt-br/dev/library/filesys.html,5,5,315
/pt-br/dev/library/operator.html,5,5,0
/3.13/tutorial/,4,4,1246
/3/library/json.html,4,4,622
/3/library/logging.html,4,4,199
/3/library/stdtypes.html,4,4,102
/3/tutorial/errors.html,4,5,508
/pt-br/3.13/library/asyncio-task.html,4,4,2
/pt-br/3.13/library/string.html,4,4,2
/pt-br/3.13/library/tkinter.html,4,4,25
/pt-br/3.13/library/venv.html,4,4,0
/pt-br/3/faq/general.html,4,4,0
/pt-br/3/howto/sockets.html,4,4,0
/pt-br/3/installing/index.html,4,4,571
/pt-br/3/library/asyncio.html,4,4,185
/pt-br/3/library/datatypes.html,4,4,7
/pt-br/3/library/getpass.html,4,4,14
/pt-br/3/library/secrets.html,4,4,0
/pt-br/3/library/typing.html,4,4,0
/pt-br/3/reference/datamodel.html,4,4,37
/pt-br/3/tutorial/appetite.html,4,5,34
/pt-br/dev/library/math.html,4,4,0
/pt-br/dev/using/ios.html,4,4,0
/3/library/csv.html,3,3,453
/3/library/itertools.html,3,3,505
/3/library/random.html,3,3,427
/3/library/sqlite3.html,3,3,17
/3/library/sys.html,3,3,107
/3/tutorial/classes.html,3,3,5
/3/tutorial/datastructures.html,3,3,1577
/pt-br/3.12/library/tkinter.font.html,3,4,0
/pt-br/3.13/howto/logging.html,3,3,0
/pt-br/3.13/howto/sorting.html,3,3,573
/pt-br/3.13/library/asyncio-queue.html,3,3,0
/pt-br/3.13/library/time.html,3,3,0
/pt-br/3.13/tutorial/appetite.html,3,3,55
/pt-br/3.13/tutorial/errors.html,3,4,510
/pt-br/3/library/copy.html,3,3,0
/pt-br/3/library/exceptions.html,3,3,0
/pt-br/3/library/itertools.html,3,3,23
/pt-br/3/library/sys.html,3,3,263
/pt-br/3/reference/executionmodel.html,3,3,203
/pt-br/3/tutorial/venv.html,3,3,478
/pt-br/dev/howto/regex.html,3,3,0
/pt-br/dev/library/decimal.html,3,3,0
/pt-br/dev/library/functions.html,3,3,0
/pt-br/dev/library/types.html,3,3,0
/pt-br/dev/reference/datamodel.html,3,3,282
/3/howto/index.html,2,2,311
/3/library/asyncio.html,2,2,1053
/3/library/heapq.html,2,2,12
/3/library/importlib.html,2,2,42
/3/library/multiprocessing.html,2,2,1768
/3/library/queue.html,2,2,26
/3/library/shutil.html,2,2,635
/3/library/subprocess.html,2,2,1660
/3/library/time.html,2,2,34
/3/library/tk.html,2,2,648
/3/library/unittest.html,2,2,8
/3/library/warnings.html,2,2,4
/3/library/zlib.html,2,2,26
/3/py-modindex.html,2,2,884
/3/tutorial/venv.html,2,2,184
/pt-br/3.12/,2,2,0
/pt-br/3.12/howto/annotations.html,2,2,32
/pt-br/3.12/library/exceptions.html,2,2,1040
/pt-br/3.12/reference/lexical_analysis.html,2,2,72
/pt-br/3.13/contents.html,2,2,22
/pt-br/3.13/download.html,2,2,0
/pt-br/3.13/library/asyncio.html,2,2,0
/pt-br/3.13/library/logging.handlers.html,2,3,375
/pt-br/3.13/library/os.html,2,2,0
/pt-br/3.13/library/re.html,2,2,0
/pt-br/3.13/reference/expressions.html,2,2,518
/pt-br/3.13/reference/index.html,2,2,14
/pt-br/3.13/reference/simple_stmts.html,2,3,539
/pt-br/3.13/tutorial/,2,2,0
/pt-br/3.13/tutorial/modules.html,2,2,25
/pt-br/3.13/whatsnew/3.13.html,2,3,0
/pt-br/3.14/,2,3,42
/pt-br/3/contents.html,2,2,97
/pt-br/3/howto/curses.html,2,2,74
/pt-br/3/library/atexit.html,2,2,9
/pt-br/3/library/colorsys.html,2,2,0
/pt-br/3/library/filesys.html,2,2,14
/pt-br/3/library/intro.html,2,2,0
/pt-br/3/library/turtle.html,2,2,0
/pt-br/3/reference/compound_stmts.html,2,2,300
/pt-br/3/reference/import.html,2,2,0
/pt-br/3/reference/index.html,2,2,122
/pt-br/3/using/index.html,2,2,331
/pt-br/dev/library/calendar.html,2,2,0
/pt-br/dev/library/dialog.html,2,3,96
/pt-br/dev/library/heapq.html,2,2,1363
/pt-br/dev/library/keyword.html,2,2,152
/pt-br/dev/library/os.path.html,2,2,5
/pt-br/dev/library/pprint.html,2,2,0
/pt-br/dev/library/random.html,2,2,0
/pt-br/dev/library/stdtypes.html,2,2,0
/pt-br/dev/library/string.html,2,2,0
/pt-br/dev/library/subprocess.html,2,2,0
/pt-br/dev/library/warnings.html,2,2,0
/3.12/library/unittest.mock.html,1,1,14
/3.12/py-modindex.html,1,1,21
/3.12/tutorial/,1,1,78
/3.13/library/intro.html,1,1,5
/3.13/search.html,1,1,38
/3.13/using/windows.html,1,1,47
/3.14/tutorial/index.html,1,1,107
/3.14/whatsnew/3.14.html,1,1,17
/3/contents.html,1,1,1726
/3/faq/,1,1,27
/3/glossary.html,1,1,88
/3/howto/annotations.html,1,1,97
/3/howto/ipaddress.html,1,1,1367
/3/howto/logging.html,1,1,718
/3/installing/index.html,1,1,10
/3/library/__main__.html,1,1,287
/3/library/asyncio-subprocess.html,1,1,1384
/3/library/asyncio-task.html,1,1,331
/3/library/base64.html,1,1,5044
/3/library/calendar.html,1,1,3751
/3/library/collections.html,1,1,4
/3/library/colorsys.html,1,1,270
/3/library/constants.html,1,1,51
/3/library/dataclasses.html,1,1,390
/3/library/dialog.html,1,1,50
/3/library/enum.html,1,1,1220
/3/library/exceptions.html,1,1,857
/3/library/gc.html,1,1,590
/3/library/getpass.html,1,1,543
/3/library/keyword.html,1,1,873
/3/library/pathlib.html,1,1,177
/3/library/pickle.html,1,1,356
/3/library/resource.html,1,1,7
/3/library/smtplib.html,1,1,92
/3/library/socket.html,1,1,50
/3/library/threading.html,1,1,40
/3/library/tkinter.messagebox.html,1,1,68
/3/library/traceback.html,1,1,1083
/3/library/types.html,1,1,1210
/3/library/typing.html,1,1,327
/3/library/zipfile.html,1,1,21
/3/license.html,1,1,1352
/3/reference/datamodel.html,1,1,1552
/3/reference/expressions.html,1,1,46
/3/reference/lexical_analysis.html,1,1,783
/3/search.html,1,1,1071
/3/tutorial/inputoutput.html,1,1,6
/3/tutorial/modules.html,1,1,431
/3/whatsnew/3.13.html,1,1,550
/dev/,1,1,91
/es/dev/tutorial/controlflow.html,1,1,4
/pt-br/3.12/c-api/init.html,1,1,104
/pt-br/3.12/howto/cporting.html,1,1,0
/pt-br/3.12/howto/regex.html,1,1,63
/pt-br/3.12/installing/index.html,1,1,28
/pt-br/3.12/library/array.html,1,1,0
/pt-br/3.12/library/colorsys.html,1,1,0
/pt-br/3.12/library/datetime.html,1,1,0
/pt-br/3.12/library/distutils.html,1,1,856
/pt-br/3.12/library/stdtypes.html,1,1,448
/pt-br/3.12/library/sys.html,1,1,10
/pt-br/3.12/py-modindex.html,1,1,0
/pt-br/3.12/tutorial/controlflow.html,1,1,0
/pt-br/3.12/tutorial/index.html,1,1,50
/pt-br/3.12/tutorial/inputoutput.html,1,1,0
/pt-br/3.12/tutorial/venv.html,1,1,806
/pt-br/3.13/c-api/arg.html,1,1,0
/pt-br/3.13/c-api/buffer.html,1,1,0
/pt-br/3.13/c-api/tuple.html,1,1,1303
/pt-br/3.13/c-api/typeobj.html,1,1,0
/pt-br/3.13/faq/design.html,1,1,0
/pt-br/3.13/howto/functional.html,1,1,0
/pt-br/3.13/howto/timerfd.html,1,1,0
/pt-br/3.13/installing/index.html,1,1,0
/pt-br/3.13/library/,1,1,0
/pt-br/3.13/library/array.html,1,1,0
/pt-br/3.13/library/calendar.html,1,1,9
/pt-br/3.13/library/decimal.html,1,1,0
/pt-br/3.13/library/email.html,1,1,134
/pt-br/3.13/library/glob.html,1,1,0
/pt-br/3.13/library/http.html,1,1,2
/pt-br/3.13/library/idle.html,1,1,19
/pt-br/3.13/library/json.html,1,1,0
/pt-br/3.13/library/pathlib.html,1,1,0
/pt-br/3.13/library/py_compile.html,1,1,0
/pt-br/3.13/library/readline.html,1,1,0
/pt-br/3.13/library/runpy.html,1,1,18
/pt-br/3.13/library/socket.html,1,1,328
/pt-br/3.13/library/statistics.html,1,2,0
/pt-br/3.13/library/tk.html,1,1,0
/pt-br/3.13/library/unittest.html,1,1,7
/pt-br/3.13/library/xml.html,1,1,0
/pt-br/3.13/library/xmlrpc.server.html,1,1,0
/pt-br/3.13/reference/compound_stmts.html,1,1,0
/pt-br/3.13/reference/lexical_analysis.html,1,1,0
/pt-br/3.13/using/index.html,1,1,0
/pt-br/3.13/using/unix.html,1,1,0
/pt-br/3.13/whatsnew/index.html,1,1,3
/pt-br/3.14/library/random.html,1,1,0
/pt-br/3.14/tutorial/,1,1,4
/pt-br/3.14/tutorial/controlflow.html,1,1,88
