name,visitors,bounce_rate,visit_duration
Direct / None,992,69,199
google.com,782,73,151
es.python.org,71,61,158
search.brave.com,68,85,132
bing.com,63,80,119
python.org,59,0,193
chatgpt.com,19,63,215
app.aluracursos.com,13,75,116
duckduckgo.com,11,100,147
skilio.com,9,56,54
sites.google.com,7,100,0
wiki.python.org,7,80,209
react-app-python-runner.vercel.app,5,80,329
aprendepython.es,4,67,382
github.com,4,75,88
m.baidu.com,4,75,2
pe.search.yahoo.com,4,50,100
unisallevirtual.lasalle.edu.co,4,50,204
ecosia.org,3,100,0
wiki.python.org.ar,3,67,12
a1.grupombc.info,2,0,61
android-app://com.google.android.googlequicksearchbox,2,100,134
aulavirtual.ujap.edu.ve,2,100,0
bing.com/search,2,100,0
campus.undec.edu.ar,2,100,0
campus118.unad.edu.co,2,100,0
classroom.google.com,2,100,0
ellibrodepython.com,2,0,600
freecodecamp.org/espanol/news/python-ejemplos-de-codigo-tutorial-de-programacion-en-python-desde-cero-para-principiantes,2,100,0
freecodecamp.org/espanol/news/python-tutorial-programa-hola-mundo-tu-primer-programa-en-python,2,0,368
google.com.mx,2,100,0
google.github.io,2,0,4
hablemospython.dev,2,50,102
missions.eutika.com,2,100,0
netacad.com,2,0,80
notebooklm.google.com,2,100,0
pythoncheatsheet.org,2,0,284
roadmap.sh,2,100,5
source.android.com,2,0,1188
aula.esit.gob.sv,1,100,0
aulasvirtuales.bue.edu.ar,1,100,0
bbb.elearning-total.com,1,100,0
bit.learn.ada-school.org,1,100,0
bonanzasound-clonefractal.codio.io,1,0,2833
campus.ebiseducation.com,1,100,0
campus.unasam.edu.pe,1,100,0
campusonline.ucsc.cl,1,0,16
cl.search.yahoo.com,1,100,0
copilot.microsoft.com,1,0,11
datacamp.com,1,0,1
ecursos.claseejecutiva.cl,1,0,3
es.search.yahoo.com,1,0,64
fastapi.tiangolo.com,1,0,19
freecodecamp.org,1,0,162
gemini.google.com,1,0,41
github.com/mouredev/Hello-Python,1,100,0
indice-talento-tech-inicial.netlify.app,1,100,0
ntp.msn.com,1,100,0
orgpad.info,1,0,41
perplexity.ai,1,0,18
privacywall.org,1,100,0
search.yahoo.com,1,100,0
sphinx-doc.org/en/master/usage/quickstart.html,1,0,156
statics.teams.cdn.office.net,1,100,0
uamvirtual.uam.edu.ni,1,0,6
udemy.com,1,0,48
universidadean.genially.com/68540d08db13ce7dbd6b49e7,1,100,0
youtube.com,1,100,0
zany-acorn-qrgv4qw566739jrv.github.dev,1,100,0
