name,visitors
Warsaw,54
Wrocław,18
Poznań,18
Kraków,14
Szczecin,13
Łódź,11
Zabrze,9
Gdańsk,9
Toruń,8
Lublin,6
Katowice,6
Białystok,5
Shenzhen,5
Tychy,4
Radom,3
Żagań,3
Borek Wielkopolski,3
Brest,2
Kyiv,2
Kharkiv,2
Kamyanske,2
Zamość,2
Siemiatycze,2
Hajnówka,2
N/A,2
N/A,2
Biała Podlaska,2
Hoyerswerda,2
Hilchenbach,2
Prague,2
Havířov,2
Zawiercie,2
Racibórz,2
Myślibórz,2
Mikstat,2
Kwidzyn,2
Kościan,2
Kalwaria Zebrzydowska,2
Gliwice,2
Deszczno,2
Chorzów,2
Bytom,2
Blachownia,2
Banino,2
Yaroslavl,1
Moscow,1
Krasnodar,1
Kaunas,1
Batumi,1
Burgas,1
Wieliczka,1
Tarnów,1
Szczytno,1
Rytwiany,1
Radziejowice,1
Ożarów Mazowiecki,1
Olsztyn,1
Niepołomice,1
Łomianki,1
Konstancin-Jeziorna,1
Kielce,1
Jarosław,1
N/A,1
Grębów,1
Góra Kalwaria,1
Dąbrowa Tarnowska,1
Wuxi,1
Guangzhou,1
Beijing,1
London,1
Amriswil,1
Lisse,1
Vienna,1
Munich,1
Düsseldorf,1
Braunschweig,1
Berlin,1
Dublin,1
Wożniki,1
Szczecinek,1
Świętochłowice,1
Stęszew,1
Skulsk,1
Oświęcim,1
Olkusz,1
Myszków,1
Krotoszyn,1
Koszalin,1
Kosakowo,1
N/A,1
Gniechowice,1
Bydgoszcz,1
Bielany Wrocławskie,1
N/A,1
Belo Horizonte,1
Los Angeles,1
Hillsboro,1
Watrous,1
