name,visitors,pageviews,bounce_rate,time_on_page,scroll_depth
/ja/3.13/c-api/capsule.html,646,707,66,4,32
/ja/3/library/codecs.html,496,609,84,3,7
/ja/3/,227,289,48,27,78
/ja/3/library/functions.html,157,180,79,73,45
/ja/3/library/stdtypes.html,156,192,71,99,41
/ja/3/tutorial/index.html,147,221,51,27,59
/ja/3/library/index.html,145,183,58,36,46
/ja/3.13/library/stdtypes.html,143,148,71,58,43
/ja/3.13/tutorial/,142,364,54,57,54
/ja/3/tutorial/,141,210,56,25,55
/ja/3.13/library/functions.html,139,142,73,52,44
/ja/3.13/library/index.html,116,153,55,39,53
/ja/3.13/library/re.html,106,127,85,71,39
/ja/3/tutorial/interpreter.html,104,104,66,62,73
/ja/3.13/library/datetime.html,103,110,78,47,31
/ja/3.13/library/logging.html,103,119,85,75,38
/ja/3/tutorial/datastructures.html,97,100,62,87,50
/ja/3/tutorial/introduction.html,97,86,73,146,50
/ja/3.13/library/pathlib.html,94,102,88,42,42
/ja/3/tutorial/controlflow.html,87,104,69,167,54
/ja/3.13/search.html,85,196,43,36,59
/ja/3/search.html,81,168,18,28,52
/ja/3.13/library/subprocess.html,80,94,81,55,25
/ja/3.13/library/random.html,78,81,90,70,31
/ja/3.13/library/csv.html,77,84,84,75,47
/ja/3.13/library/json.html,77,75,86,33,34
/ja/3.13/tutorial/interpreter.html,76,75,87,68,69
/ja/3/tutorial/appetite.html,72,64,44,62,78
/ja/3.13/library/exceptions.html,69,68,82,16,42
/ja/3.13/tutorial/index.html,67,82,61,64,62
/ja/3.13/library/typing.html,66,66,78,33,23
/ja/3.13/tutorial/controlflow.html,65,129,68,279,56
/ja/3/library/venv.html,65,66,91,24,22
/ja/3.13/library/os.html,57,57,80,22,31
/ja/3.13/tutorial/classes.html,56,66,72,71,28
/ja/3/library/datetime.html,56,57,81,71,51
/ja/3.13/library/os.path.html,55,63,78,78,40
/ja/3.13/tutorial/introduction.html,55,60,71,132,42
/ja/3.13/tutorial/inputoutput.html,54,71,74,104,47
/ja/3/c-api/import.html,53,47,87,5,17
/ja/3.13/tutorial/errors.html,51,57,71,68,46
/ja/3/glossary.html,51,58,76,52,51
/ja/3.13/library/enum.html,48,51,80,27,22
/ja/3.13/,47,59,33,12,75
/ja/3.13/library/threading.html,47,50,81,61,27
/ja/3.13/library/argparse.html,44,55,82,77,41
/ja/3.13/reference/index.html,44,50,29,14,69
/ja/3.13/glossary.html,43,41,69,27,38
/ja/3.13/library/itertools.html,43,45,83,51,36
/ja/3.13/library/sqlite3.html,42,42,86,79,40
/ja/3.13/tutorial/appetite.html,42,42,50,37,78
/ja/3.13/tutorial/modules.html,42,74,69,172,46
/ja/3.13/using/windows.html,42,38,78,33,43
/ja/3.13/library/struct.html,41,41,100,26,40
/ja/3.13/reference/datamodel.html,41,38,86,69,56
/ja/3/index.html,40,51,48,41,74
/ja/3.13/library/multiprocessing.html,39,44,66,106,24
/ja/3.13/library/shutil.html,37,37,85,24,33
/ja/3.13/whatsnew/index.html,37,55,61,20,28
/ja/3/library/os.html,37,34,84,21,40
/ja/3/library/xml.etree.elementtree.html,37,46,81,24,19
/ja/3/tutorial/classes.html,36,33,88,160,58
/ja/3.13/library/asyncio-task.html,35,45,75,82,57
/ja/3.13/library/unittest.html,35,38,79,39,24
/ja/3/tutorial/inputoutput.html,35,35,67,224,62
/ja/3/tutorial/modules.html,35,33,65,190,57
/ja/dev/tutorial/errors.html,35,36,81,18,34
/ja/3.13/howto/sorting.html,34,35,82,31,46
/ja/3.13/library/time.html,34,34,96,25,34
/ja/3.13/library/socket.html,33,37,80,83,46
/ja/3/reference/index.html,33,35,50,16,64
/ja/3/tutorial/errors.html,33,27,62,221,49
/ja/3.13/library/io.html,32,30,83,27,51
/ja/3.13/library/unittest.mock.html,32,30,84,29,26
/ja/3.13/tutorial/datastructures.html,32,81,38,377,59
/ja/3/contents.html,32,33,38,14,2
/ja/3/library/re.html,32,30,86,30,40
/ja/3.13/library/concurrent.futures.html,31,37,76,70,52
/ja/3.13/library/venv.html,31,31,89,21,26
/ja/3/howto/logging.html,31,28,81,113,38
/ja/3.13/library/tkinter.html,30,30,80,23,31
/ja/3.13/library/glob.html,29,31,87,27,64
/ja/3.13/contents.html,28,31,38,8,7
/ja/3.13/library/math.html,28,32,70,46,38
/ja/3.13/library/tempfile.html,28,33,67,91,49
/ja/3/library/exceptions.html,28,27,74,41,54
/ja/3/reference/compound_stmts.html,28,32,68,28,29
/ja/3/using/windows.html,28,26,100,41,31
/ja/3.13/installing/index.html,27,26,95,22,62
/ja/3.13/library/configparser.html,27,31,82,41,26
/ja/3.13/library/string.html,27,27,89,95,34
/ja/3.13/reference/compound_stmts.html,27,20,33,39,48
/ja/3.13/library/asyncio.html,26,30,59,26,72
/ja/3/howto/logging-cookbook.html,26,29,61,85,32
/ja/3/library/logging.html,26,29,74,97,49
/ja/3/whatsnew/3.13.html,26,23,62,11,24
/ja/3/library/math.html,25,24,90,29,37
/ja/3.13/index.html,24,29,50,30,86
/ja/3.13/library/decimal.html,24,24,90,61,9
/ja/3.13/copyright.html,23,22,71,3,98
