name,version,visitors
Chrome,142.0,1358
Chrome,143.0,953
Microsoft Edge,143.0,343
Firefox,145.0,196
Opera,124.0,194
Microsoft Edge,142.0,100
Safari,26.1,54
Chrome,126.0,49
Chrome,141.0,38
Chrome,140.0,28
Safari,18.6,26
Firefox,5.0,22
Chrome,109.0,20
Chrome,139.0,19
Safari,18.7,14
Firefox,140.0,12
Chrome,118.0,11
(not set),(not set),10
Firefox,115.0,10
Chrome,131.0,10
Firefox,146.0,10
Chrome,122.0,9
Firefox,128.0,9
Chrome,133.0,9
Firefox,135.0,9
Chrome,138.0,9
Mobile App,(not set),8
Chrome,132.0,8
Chrome,137.0,8
Safari,26.0,8
360 Secure Browser,(not set),7
Opera,125.0,7
Chrome,128.0,7
Firefox,144.0,7
Safari,17.6,7
Safari,18.5,7
Sogou Explorer,2,7
Samsung Browser,29.0,7
Chrome,111.0,6
Microsoft Edge,141.0,6
Chrome,116.0,5
Chrome,124.0,4
Chrome,134.0,4
Firefox,139.0,4
Microsoft Edge,140.0,4
Firefox,141.0,4
Firefox,142.0,4
Chrome,69.0,4
Android Browser,(not set),3
Chrome,117.0,3
Opera,123.0,3
Chrome,125.0,3
Mobile App,142.0,3
Firefox,143.0,3
Chrome,144.0,3
Huawei Browser Mobile,16.0,3
Safari,16.6,3
Safari,17.4,3
Safari,26.4,3
Safari,(not set),2
Safari,12.1,2
Chrome,123.0,2
Microsoft Edge,124.0,2
Chrome,135.0,2
Chrome,136.0,2
Microsoft Edge,137.0,2
Microsoft Edge,138.0,2
Avast Secure Browser,142.0,2
Firefox,147.0,2
Safari,18.4,2
QtWebEngine,6.8,2
Firefox,86.0,2
Chrome,86.0,2
Firefox,88.0,2
Opera,93.0,2
Mobile App,95.0,2
Microsoft Edge,101.0,1
Chrome,103.0,1
Microsoft Edge,105.0,1
Chrome,106.0,1
Microsoft Edge,107.0,1
Firefox,109.0,1
Chrome,112.0,1
Microsoft Edge,112.0,1
Chrome,114.0,1
Chrome,118.3,1
Opera,120.0,1
Opera,121.0,1
Chrome,121.0,1
Firefox,122.0,1
Opera,126.0,1
Firefox,127.0,1
Microsoft Edge,128.0,1
Firefox,129.0,1
Firefox,130.0,1
Firefox,136.0,1
Microsoft Edge,136.0,1
Firefox,137.0,1
AVG Secure Browser,142.0,1
Mobile App,143.0,1
Safari,15.6,1
Safari,16.0,1
Safari,16.1,1
Safari,16.3,1
Safari,16.4,1
Safari,17.5,1
Safari,18.2,1
Safari,26.2,1
vivo Browser,27.2,1
Sleipnir,3.8,1
Chrome,55.0,1
Firefox,66.0,1
Chrome,80.0,1
Smart Lenovo Browser,9.0,1
Chrome,90.0,1
Openwave Mobile Browser,93.4,1
Firefox,95.0,1
