name,unique_exits,total_exits,exit_rate
/ja/latest/tutorials/installing-packages/,55,55,
/ja/latest/guides/installing-using-pip-and-virtual-environments/,51,54,
/ja/latest/guides/writing-pyproject-toml/,11,11,
/ja/latest/tutorials/packaging-projects/,8,8,
/ja/latest/discussions/setup-py-deprecated/,6,6,
/en/latest/tutorials/installing-packages/,5,5,
/ja/latest/specifications/pyproject-toml/,5,6,
/ja/latest/,4,4,
/ja/latest/guides/distributing-packages-using-setuptools/,4,4,
/en/latest/guides/writing-pyproject-toml/,3,3,
/ja/latest/guides/installing-stand-alone-command-line-tools/,2,2,
/ja/latest/guides/packaging-namespace-packages/,2,2,
/ja/latest/tutorials/managing-dependencies/,2,2,
/en/latest/,1,1,
/ja/latest/discussions/,1,1,
/ja/latest/flow/,1,1,
/ja/latest/glossary/,1,1,
/ja/latest/guides/making-a-pypi-friendly-readme/,1,1,
/ja/latest/guides/modernize-setup-py-project/,1,1,
/ja/latest/guides/publishing-package-distribution-releases-using-github-actions-ci-cd-workflows/,1,1,
/ja/latest/guides/using-testpypi/,1,1,
/ja/latest/key_projects/,1,1,
/ja/latest/overview/,1,1,
/ja/latest/specifications/binary-distribution-format/,1,1,
/ja/latest/specifications/direct-url/,1,1,
/ja/latest/specifications/entry-points/,1,1,
/ja/latest/support/,1,1,
/pt-br/latest/tutorials/installing-packages/,1,1,
