name,unique_exits,total_exits,exit_rate
/downloads/,127143,133524,40.7
/,59663,62315,34.7
/downloads/windows/,33516,35263,37.1
/downloads/release/python-3133/,31055,32024,40.9
/about/gettingstarted/,4426,4559,48.2
/downloads/macos/,3748,3868,29.7
/downloads/release/python-3100/,3734,3889,53.4
/doc/,3194,3290,39.5
/downloads/release/python-3922/,3187,3260,14.4
/downloads/release/python-3110/,2952,3071,54.2
/downloads/release/python-31210/,2780,2864,54.3
/search/,2312,2400,15.6
/downloads/release/python-3106/,1990,2121,65.1
/downloads/release/python-3120/,1789,1851,43.5
/downloads/release/python-3119/,1688,1746,62.1
/downloads/source/,1613,1653,28.1
/downloads/release/python-31011/,1575,1637,63.3
/downloads/release/python-3132/,1328,1377,49.4
/downloads/release/python-31112/,1234,1253,11.4
/downloads/release/python-390/,1214,1251,43.6
/downloads/release/python-3130/,1183,1211,49.6
/downloads/release/python-3109/,1115,1156,58.4
/psf-landing/,934,966,18.7
/downloads/release/python-3810/,923,975,55.3
/downloads/release/python-380/,913,955,43.3
/doc/versions/,806,830,61.6
/downloads/release/python-31017/,786,798,13.5
/downloads/release/python-3913/,759,788,58.2
/download/other/,706,724,27.9
/shell/,684,719,59.5
/downloads/release/python-3129/,679,705,53.6
/about/,677,694,19.1
/jobs/,671,692,27.1
/downloads/release/python-2718/,626,638,63.9
/community/,609,629,26.4
/downloads/release/python-3140a7/,592,603,17.1
/downloads/release/python-31010/,577,601,56.9
/about/apps/,558,584,36.9
/downloads/release/python-3124/,539,552,41.4
/getit/,519,536,42.5
/downloads/release/python-3118/,513,535,57.7
/downloads/release/python-370/,512,522,40.8
/downloads/release/python-3123/,511,529,53.5
/downloads/release/python-3128/,443,458,53.4
/downloads/release/python-3114/,371,377,45.6
/downloads/release/python-3820/,339,343,15.1
/downloads/release/python-3131/,314,326,37.8
/downloads/release/python-3127/,285,297,57.6
/downloads/release/python-3116/,280,294,60.0
/downloads/release/python-379/,280,289,49.0
/downloads/release/python-31111/,272,282,12.5
/downloads/release/python-3117/,268,280,59.7
/downloads/release/python-31016/,260,265,13.2
/downloads/release/python-3122/,254,263,53.8
/downloads/release/python-368/,251,257,48.4
/blogs/,247,259,25.8
/community/logos/,238,240,41.8
/downloads/release/python-3125/,230,232,46.3
/downloads/release/python-360/,226,232,41.1
/downloads/release/python-3126/,222,234,52.1
/downloads/release/python-3115/,221,229,55.9
/download/releases/2.7/,217,226,45.9
/doc/essays/blurb/,214,222,69.4
/downloads/release/python-31013/,208,217,14.4
/downloads/release/python-3105/,180,194,59.5
/downloads/release/python-3111/,177,180,52.2
/downloads/release/python-396/,156,161,57.1
/downloads/release/python-3121/,153,157,48.6
/downloads/release/python-31012/,145,144,14.4
/downloads/release/python-3910/,144,152,50.8
/events/,143,144,28.2
/downloads/release/python-377/,140,158,19.7
/downloads/release/python-3112/,137,144,45.6
/downloads/release/python-374/,137,146,39.5
/downloads/release/python-382/,131,135,49.8
/downloads/release/python-31110/,130,133,11.6
/jobs/7842/,130,158,62.5
/downloads/release/python-31015/,123,123,11.2
/downloads/release/python-3113/,123,130,46.8
/downloads/release/python-3921/,123,126,12.9
/downloads/release/python-3717/,118,119,16.6
/download/pre-releases/,116,114,5.8
/downloads/release/python-397/,115,122,50.6
/success-stories/,115,118,19.2
/downloads/release/python-3108/,114,120,58.0
/downloads/release/python-386/,113,117,50.6
/downloads/release/python-3912/,112,116,56.6
/downloads/release/python-376/,110,112,51.1
/downloads/release/python-385/,109,110,41.2
/downloads/release/python-399/,107,109,58.0
/downloads/release/python-388/,106,113,57.1
/downloads/release/python-3104/,103,110,54.5
/getit/windows/,103,103,34.7
/downloads/release/python-3107/,100,105,53.6
/downloads/release/python-2716/,99,98,55.7
/download/releases/,97,97,5.8
/download/releases/3.0/,97,100,42.2
/downloads/release/python-387/,92,92,47.4
/about/help/,91,91,35.4
/downloads/release/python-383/,91,95,47.7
