name,version,visitors
Windows,10,732
Mac,10.15,375
Android,15,66
Android,10,64
GNU/Linux,(not set),42
HarmonyOS,3.0,41
Android,14,40
Android,13,36
Android,11,30
Android,12,30
HarmonyOS,2.2,24
Android,16,21
iOS,18.7,14
iOS,18.6,12
Android,9,7
HarmonyOS,(not set),6
iOS,26.2,6
Windows,XP,6
(not set),(not set),5
iOS,18.5,5
Android,8.0,4
Ubuntu,(not set),3
Android,8.1,3
iOS,17.5,2
iOS,18.2,2
HarmonyOS,2.1,2
iOS,26.3,2
Windows,7,2
Mac,10.13,1
iOS,13.7,1
iOS,15.2,1
iOS,15.4,1
iOS,15.6,1
iOS,16.0,1
iOS,16.2,1
iOS,17.3,1
iOS,18.3,1
Android,4.2,1
Android,5.1,1
Android,6.0,1
Android,7.0,1
Android,7.1,1
Windows,8.1,1
