name,version,visitors
Chrome,143.0,4331
Microsoft Edge,143.0,1277
Firefox,146.0,697
Chrome,142.0,349
Opera,125.0,190
Safari,26.2,137
Chrome,139.0,133
Safari,26.1,105
Firefox,140.0,99
Safari,18.6,99
Yandex Browser,25.12,85
Chrome,141.0,65
Microsoft Edge,142.0,59
Chrome,140.0,52
Chrome,109.0,43
Firefox,128.0,41
Chrome,117.0,39
Chrome,138.0,36
Firefox,145.0,36
Chrome,135.0,34
Mobile App,(not set),30
Safari,18.5,30
Chrome,132.0,25
Safari,17.6,24
Chrome,144.0,23
Chrome,133.0,22
Chrome,137.0,22
Safari,26.0,21
Firefox,115.0,19
Quark,(not set),18
Safari,26.3,16
(not set),(not set),15
Safari,16.6,14
Samsung Browser,29.0,13
Chrome,122.0,12
Chrome,125.0,12
Chrome,128.0,12
Chrome,134.0,12
Firefox,141.0,12
Firefox,144.0,12
Chrome,136.0,11
Firefox,142.0,11
Microsoft Edge,144.0,11
Firefox,147.0,11
Safari,18.7,11
Opera,124.0,10
Firefox,143.0,10
Yandex Browser,25.10,10
Chrome,145.0,9
Chrome,116.0,8
Chrome,120.0,8
Chrome,130.0,8
Chrome,131.0,8
Firefox,136.0,8
Brave,(not set),7
Microsoft Edge,141.0,7
Mobile App,143.0,7
Safari,18.0,7
Safari,18.3,7
Safari,18.4,7
MIUI Browser,20.9,7
Chrome,124.0,6
Firefox,146.1,6
Yandex Browser,24.10,6
Chrome,123.0,5
Chrome,126.0,5
Microsoft Edge,134.0,5
Microsoft Edge,139.0,5
Microsoft Edge,140.0,5
Safari,15.6,5
Chrome,114.0,4
Chrome,121.0,4
Chrome,129.0,4
Firefox,135.0,4
Safari,17.4,4
Safari,17.5,4
Smart Lenovo Browser,9.0,4
Microsoft Edge,92.0,4
Opera,95.0,4
Chrome,96.0,4
Chrome,99.0,4
Chrome,119.0,3
Microsoft Edge,122.0,3
Microsoft Edge,127.0,3
Microsoft Edge,128.0,3
Firefox,134.0,3
Mobile App,138.0,3
Safari,14.0,3
Norton Private Browser,143.0,3
Safari,17.3,3
Yandex Browser,24.1,3
vivo Browser,27.6,3
Whale Browser,4.35,3
Chrome,59.0,3
Opera,93.0,3
Chrome,100.0,2
Mobile App,103.0,2
Chrome,105.0,2
Microsoft Edge,109.0,2
QQ Browser,11.0,2
Microsoft Edge,118.0,2
Microsoft Edge,120.0,2
Opera,123.0,2
Mobile App,123.0,2
Firefox,125.0,2
Microsoft Edge,129.0,2
Safari,13.1,2
Microsoft Edge,132.0,2
Microsoft Edge,135.0,2
Microsoft Edge,137.0,2
Firefox,139.0,2
MIUI Browser,14.48,2
Mobile App,140.0,2
AVG Secure Browser,143.0,2
Safari,16.5,2
Safari,17.1,2
Safari,17.7,2
Safari,18.1,2
Safari,18.2,2
Sogou Explorer,2,2
QQ Browser,20.0,2
MIUI Browser,20.10,2
vivo Browser,27.3,2
vivo Browser,27.5,2
Mobile App,61.0,2
Chrome,69.0,2
Chrome,78.0,2
Chrome,80.0,2
Chrome,83.0,2
Chrome,91.0,2
Chrome,92.0,2
Mobile App,97.0,2
Safari,(not set),1
Safari,10.0,1
Chrome,101.0,1
Chrome,102.0,1
Chrome,103.0,1
Microsoft Edge,103.0,1
Opera,105.0,1
Chrome,107.0,1
Avast Secure Browser,109.0,1
Firefox,109.0,1
MIUI Browser,11.0,1
Ecosia,11.5,1
Chrome,111.0,1
Chrome,112.0,1
Chrome,113.0,1
Mobile App,116.0,1
Opera,118.0,1
Opera,120.0,1
Opera,121.0,1
Microsoft Edge,124.0,1
Microsoft Edge,126.0,1
Opera,126.0,1
Opera,128.0,1
Microsoft Edge,131.0,1
Firefox,133.0,1
Microsoft Edge,133.0,1
Mobile App,134.0,1
Iron,135.0,1
Microsoft Edge,136.0,1
Firefox,136.2,1
Firefox,137.0,1
Firefox,138.0,1
Microsoft Edge,138.0,1
Microsoft Edge,14.14393,1
MIUI Browser,14.47,1
Mobile App,141.0,1
Microsoft Edge,143,1
Chrome,143,1
Avast Secure Browser,143.0,1
Firefox,148.0,1
vivo Browser,15.1,1
Safari,15.4,1
Safari,15.5,1
Safari,16.1,1
Safari,16.4,1
QQ Browser,19.5,1
MIUI Browser,19.7,1
QQ Browser,19.7,1
Yandex Browser,25.122,1
Yandex Browser,25.2,1
vivo Browser,25.8,1
Yandex Browser,25.8,1
Safari,26.4,1
Samsung Browser,27.0,1
vivo Browser,27.4,1
Samsung Browser,29.1,1
Firefox,5.0,1
Huawei Browser Mobile,5.1,1
Firefox,52.0,1
Chrome,60.0,1
Safari,60.5,1
Samsung Browser,7.2,1
Mobile App,77.0,1
Chrome,79.0,1
Chrome,85.0,1
Chrome,87.0,1
Chrome,88.0,1
Chrome,93.0,1
