property,value,visitors,events,percentage
url,(none),8122,12658,99.8
url,https://www.python.org/,58,60,0.7
url,https://docs.python.org/3.13/archives/python-3.13-docs-html.zip,10,12,0.1
url,https://briefcase.readthedocs.io/,6,6,0.1
url,https://docs.python.org/zh-cn/3.13/archives/python-3.13-docs-html.zip,4,4,0.0
url,https://docs.python.org/zh-cn/3.13/archives/python-3.13-docs-text.zip,4,4,0.0
url,https://mypy.readthedocs.io/en/stable/cheat_sheet_py3.html,3,3,0.0
url,https://packaging.python.org/,3,3,0.0
url,https://peps.python.org/pep-0719/,3,3,0.0
url,https://tkdocs.com/,3,3,0.0
url,https://wiki.python.org/moin/BeginnersGuide,3,3,0.0
url,https://www.debian.org/doc/manuals/maint-guide/first.en.html,3,3,0.0
url,https://www.python.org/downloads/,3,3,0.0
url,https://www.tkdocs.com/shipman/,3,3,0.0
url,https://buildozer.readthedocs.io/,2,2,0.0
url,https://chaquo.com/chaquopy,2,2,0.0
url,https://cibuildwheel.pypa.io/en/stable/platforms/#android,2,3,0.0
url,https://core.tcl.tk/tips/doc/trunk/tip/48.md,2,2,0.0
url,https://docs.python.org/3.13/archives/python-3.13-docs-pdf-a4.zip,2,2,0.0
url,https://docs.python.org/3.13/archives/python-3.13-docs-text.tar.bz2,2,2,0.0
url,https://docs.python.org/3.13/archives/python-3.13-docs-text.zip,2,2,0.0
url,https://docs.python.org/3.13/archives/python-3.13-docs.epub,2,2,0.0
url,https://docs.python.org/pt-br/3.13/archives/python-3.13-docs-pdf-a4.zip,2,2,0.0
url,https://github.com/python/cpython/tree/3.13/Lib/idlelib/,2,3,0.0
url,https://github.com/python/cpython/tree/3.13/Lib/turtle.py,2,2,0.0
url,https://learn.microsoft.com/windows/win32/procthread/environment-variables,2,2,0.0
url,https://pypi.org/,2,2,0.0
url,https://termux.dev/en/,2,2,0.0
url,https://typing.python.org/en/latest/spec/index.html,2,2,0.0
url,https://www.packtpub.com/en-us/product/python-gui-programming-with-tkinter-9781788835886,2,2,0.0
url,https://www.python.org/doc/versions/,2,2,0.0
url,https://www.tcl.tk/man/tcl8.6/TkCmd/contents.htm,2,2,0.0
url,http://heapq.nlargest/,1,1,0.0
url,https://aosabook.org/en/500L/a-web-crawler-with-asyncio-coroutines.html,1,1,0.0
url,https://cython.org/,1,1,0.0
url,https://datatracker.ietf.org/doc/html/rfc4180.html,1,1,0.0
url,https://devguide.python.org/,1,1,0.0
url,https://devguide.python.org/documentation/start-documenting/#building-the-documentation,1,1,0.0
url,https://docs.python.org/3.13/archives/python-3.13-docs-html.tar.bz2,1,1,0.0
url,https://docs.python.org/3.13/archives/python-3.13-docs-texinfo.tar.bz2,1,1,0.0
url,https://docs.python.org/3.13/archives/python-3.13-docs-texinfo.zip,1,1,0.0
url,https://docs.python.org/ja/3.13/archives/python-3.13-docs-html.tar.bz2,1,1,0.0
url,https://docs.python.org/zh-cn/3.13/archives/python-3.13-docs-pdf-a4.zip,1,1,0.0
url,https://docs.python.org/zh-cn/3.13/archives/python-3.13-docs-texinfo.zip,1,2,0.0
url,https://docs.python.org/zh-cn/3.13/archives/python-3.13-docs.epub,1,1,0.0
url,https://en.wikipedia.org/wiki/Backus%E2%80%93Naur_form,1,1,0.0
url,https://en.wikipedia.org/wiki/Fibonacci_sequence,1,1,0.0
url,https://en.wikipedia.org/wiki/Timsort,1,1,0.0
url,https://github.com/python/cpython/blob/main/Doc/library/array.rst?plain=1,1,1,0.0
url,https://github.com/python/cpython/blob/main/Doc/tutorial/appetite.rst?plain=1,1,1,0.0
url,https://github.com/python/cpython/blob/main/Doc/using/unix.rst?plain=1,1,1,0.0
url,https://github.com/python/cpython/issues/89519,1,1,0.0
url,https://github.com/python/cpython/tree/3.13/Android/testbed/app/src/main/c/main_activity.c,1,4,0.0
url,https://github.com/python/cpython/tree/3.13/Lib/abc.py,1,1,0.0
url,https://github.com/python/cpython/tree/3.13/Lib/ast.py,1,1,0.0
url,https://github.com/python/cpython/tree/3.13/Lib/datetime.py,1,1,0.0
url,https://github.com/python/cpython/tree/3.13/Lib/email/policy.py,1,1,0.0
url,https://github.com/python/cpython/tree/3.13/Lib/email/utils.py,1,1,0.0
url,https://github.com/python/cpython/tree/3.13/Lib/html/__init__.py,1,1,0.0
url,https://github.com/python/cpython/tree/3.13/Lib/logging/handlers.py,1,1,0.0
url,https://github.com/python/cpython/tree/3.13/Lib/sqlite3/__main__.py,1,1,0.0
url,https://github.com/python/cpython/tree/3.13/Lib/tkinter/filedialog.py,1,2,0.0
url,https://github.com/python/cpython/tree/3.13/Lib/urllib/parse.py,1,1,0.0
url,https://github.com/python/cpython/tree/3.13/Lib/venv/,1,1,0.0
url,https://github.com/python/cpython/tree/3.13/Misc/ACKS,1,1,0.0
url,https://github.com/python/python-docs-ko/blob/3.13/tutorial/appetite.po?plain=1,1,1,0.0
url,https://github.com/python/python-docs-ko/blob/3.13/tutorial/introduction.po?plain=1,1,1,0.0
url,https://github.com/python/python-docs-zh-CN/blob/3.13/reference/executionmodel.po?plain=1,1,1,0.0
url,https://learn.microsoft.com/windows-server/administration/windows-commands/set_1,1,1,0.0
url,https://packaging.python.org/en/latest/tutorials/installing-packages/#ensure-pip-setuptools-and-wheel-are-up-to-date,1,1,0.0
url,https://packaging.python.org/en/latest/tutorials/packaging-projects/,1,1,0.0
url,https://packaging.python.org/installing/#creating-virtual-environments,1,1,0.0
url,https://peps.python.org/,1,2,0.0
url,https://peps.python.org/pep-0008/,1,1,0.0
url,https://peps.python.org/pep-0308/,1,1,0.0
url,https://peps.python.org/pep-0324/,1,1,0.0
url,https://peps.python.org/pep-0492/,1,1,0.0
url,https://peps.python.org/pep-0514/,1,1,0.0
url,https://peps.python.org/pep-0563/,1,1,0.0
url,https://peps.python.org/pep-0615/,1,1,0.0
url,https://peps.python.org/pep-0636/,1,1,0.0
url,https://peps.python.org/pep-0703/,1,1,0.0
url,https://peps.python.org/pep-0730/,1,1,0.0
url,https://peps.python.org/pep-3107/,1,1,0.0
url,https://peps.python.org/pep-3149/,1,1,0.0
url,https://pypi.org/project/pip/,1,1,0.0
url,https://pypi.org/project/regex/,1,1,0.0
url,https://pypi.org/project/tzdata/,1,1,0.0
url,https://requests.readthedocs.io/en/master/,1,1,0.0
url,https://setuptools.readthedocs.io/en/latest/pkg_resources.html,1,1,0.0
url,https://tiswww.case.edu/php/chet/readline/rltop.html,1,1,0.0
url,https://tkdocs.com/book.html,1,1,0.0
url,https://tktable.sourceforge.net/tile/doc/converting.txt,1,1,0.0
url,https://wiki.python.org/moin/PythonBooks,1,1,0.0
url,https://www.activestate.com/products/python/,1,1,0.0
url,https://www.python.org/downloads/macos/,1,1,0.0
url,https://www.sphinx-doc.org/,1,2,0.0
url,https://www.tcl.tk/,1,1,0.0
url,https://www.unicode.org/,1,1,0.0
url,https://www.unicode.org/reports/tr44/,1,1,0.0
url,https://www.unicode.org/versions/Unicode15.1.0/ch03.pdf,1,1,0.0
url,https://www.unicode.org/versions/Unicode15.1.0/ch04.pdf,1,1,0.0
