name,visitors
England,413
California,335
Maharashtra,198
Île-de-France,191
Tokyo,162
New York,151
Virginia,146
Texas,129
Tamil Nadu,128
Ontario,122
Beijing,108
Karnataka,106
Hesse,101
Telangāna,100
Colorado,94
São Paulo,90
Guangdong,82
Washington,81
North Holland,80
Moscow,80
Mazovia,77
Shanghai,75
Illinois,74
North Rhine-Westphalia,73
Iowa,71
Bavaria,68
Seoul,67
Baden-Württemberg,66
Delhi,64
Massachusetts,63
Oregon,63
Florida,61
Georgia,59
Quebec,55
Madrid Autonomous Community,55
South Holland,53
New South Wales,51
Lombardy,51
Pennsylvania,49
Osaka,45
Istanbul,45
New Jersey,45
Zürich,42
Taipei,42
Gyeonggi,40
Tel Aviv,39
Ohio,39
Ho Chi Minh City,39
Flanders,38
Cairo,38
Uusimaa,37
Maryland,37
Vienna,35
Zhejiang,35
Berlin,35
Saxony,35
Ciudad de Mexico,35
Lower Saxony,34
Saint Petersburg,34
British Columbia,33
Santiago Metropolitan,33
Brussels,32
Gujarat,32
Ankara,32
North Carolina,32
Auvergne-Rhône-Alpes,31
Stockholm,31
Kyiv,31
Catalonia,30
Jakarta,30
Andhra Pradesh,30
Punjab,30
Victoria,29
Jiangsu,29
West Java,28
Kerala,28
Hanoi,28
Haryana,27
Uttar Pradesh,27
Michigan,27
Henan,26
Shandong,26
Lazio,26
Dubai,25
Rajasthan,25
Bangkok,25
Prague,24
Occitanie,24
Kanagawa,24
Utah,24
Capital Region,23
Leinster,23
Madhya Pradesh,23
Tennessee,23
Queensland,22
Hormozgan,22
Indiana,22
Andalusia,21
Buenos Aires Province,20
Provence-Alpes-Côte-d'Azur,20
West Bengal,20
Alberta,19
Lesser Poland,19
Riyadh,19
Arizona,19
Connecticut,19
Minnesota,19
Shaanxi,18
Valencian Community,18
Nouvelle-Aquitaine,18
Västra Götaland,18
New Taipei,18
Sichuan,17
Gelderland,17
Wallonia,16
Minas Gerais,16
Antioquia,16
Hamburg,16
Lagos,16
Utrecht,16
Sindh,16
Silesia,16
Lisbon,16
Missouri,16
Wisconsin,16
Fujian,15
Wales,15
Saitama,15
Kuala Lumpur,15
North Brabant,15
Province 3,15
Nevada,15
Western Australia,14
Dhaka Division,14
Federal District,14
Rhineland-Palatinate,14
Burgundy-Franche-Comté,14
Hauts-de-France,14
Budapest,14
Piedmont,14
Bucharest,14
Sverdlovsk,14
Rio de Janeiro,13
Santa Catarina,13
Minsk,13
Hubei,13
Selangor,13
Greater Poland,13
Anhui,12
Grand-Est,12
Zagreb,12
Emilia-Romagna,12
Metro Manila,12
Alabama,12
Louisiana,12
Amanat Al Asimah,12
Capital District,11
Addis Ababa,11
Brittany,11
Normandie,11
Attica,11
Kwai Tsing New Territories,11
Central,11
Punjab,11
Tuscany,11
Nairobi County,11
Mexico State,11
Islamabad,11
Pomerania,11
Novosibirsk,11
Oklahoma,11
Gauteng,11
Buenos Aires,10
Ceará,10
Pernambuco,10
Paraná,10
Hunan,10
Liaoning,10
Schleswig-Holstein,10
Algiers,10
Tbilisi,10
Riga,10
Lower Silesia,10
Eastern,10
Sofia,9
Brandenburg,9
Scotland,9
Campania,9
Almaty City,9
Overijssel,9
Beograd,9
Nizhny Novgorod,9
Bratislava,9
Taichung,9
Lower Austria,8
Hebei,8
Thuringia,8
Central Denmark,8
Alexandria,8
East Java,8
Central Java,8
Phnom Penh,8
Limburg,8
Porto,8
Taoyuan,8
Dnipropetrovshchyna,8
Arkansas,8
Idaho,8
Tashkent,8
Western Cape,8
Abu Dhabi,7
Luanda,7
Goiás,7
Castile-La Mancha,7
Pays-de-la-Loire,7
Central Macedonia,7
Kowloon City Kowloon,7
Bihar,7
Odisha,7
Sicily,7
Aichi,7
Incheon,7
Western,7
Nuevo León,7
Querétaro,7
Oslo,7
Łódź,7
Iași,7
Leningrad,7
Ljubljana,7
Hsinchu County,7
Kyivshchyna,7
Kansas,7
Mississippi,7
Harare,7
Australian Capital Territory,6
South Australia,6
Bahia,6
Basel-Landschaft,6
Vaud,6
Centre,6
Guangxi,6
San José,6
Distrito Nacional,6
Harjumaa,6
Giza,6
Galicia,6
Basque Country,6
Centre-Val de Loire,6
Greater Accra,6
Uttarākhand,6
Liguria,6
Ulaanbaatar,6
Flevoland,6
Wellington,6
Muscat,6
Panamá,6
Krasnodar Krai,6
Moscow Province,6
Volgograd,6
Makkah,6
Central,6
Washington DC,6
Rhode Island,6
South Carolina,6
Tirana County,5
Styria,5
Tyrol,5
Amazonas,5
Rio Grande do Norte,5
Rio Grande do Sul,5
Aargau,5
Chongqing,5
Gansu,5
Guizhou,5
Tianjin,5
Yunnan,5
Constantine,5
Aragon,5
Balearic Islands,5
Pirkanmaa,5
Northern Ostrobothnia,5
Riau,5
Chandigarh,5
Jharkhand,5
Baghdad,5
Khorāsān-e Raẕavī,5
Veneto,5
Amman,5
Vilnius County,5
Oriental,5
Meknès-Tafilalet,5
Chișinău,5
Michoacán,5
Veracruz,5
NO-02,5
Auckland,5
Lima,5
Irkutsk,5
Tatarstan,5
