name,visitors
Tokyo,517
Yokohama,114
Osaka,110
Nagoya,68
Kyoto,52
Shanghai,44
N/A,43
Sapporo,41
N/A,32
Chengdu,31
Qingdao,30
Zhengzhou,28
N/A,27
Kawaguchi,26
Kobe,25
Nanjing,24
Hiroshima,24
N/A,24
Jinan,22
N/A,22
Kanazawa,21
Fukuoka,21
Guangzhou,20
Sendai,20
Kawasaki,19
Wuhan,18
Beijing,18
Chiba,18
Nishinomiya-hama,17
Xi’an,16
Sakai,16
Musashino,16
Ikoma,16
Fujisawa,16
Changchun,15
Shijiazhuang,14
Changsha,14
Ōtsu,14
Niigata,14
Himeji,14
N/A,14
Shizuoka,13
Machida,13
Matsuyama,13
Wuxi,12
Toyama,12
Suita,12
Okayama,12
Matsudo,12
Kumamoto,12
N/A,12
N/A,12
Ningbo,11
Hangzhou,11
Guiyang,11
Chongqing,11
Nagano,11
N/A,11
Shenzhen,10
Lanzhou,10
Handan,10
Fuzhou,10
Tokorozawa,10
Tanashichō,10
N/A,10
Kashiwa,10
Ibaraki,10
Shenyang,10
Utsunomiya,9
Kakogawachō-honmachi,9
Weifang,8
Urayasu,8
Takasaki,8
Takamatsu,8
N/A,8
Okazaki,8
Kasugai,8
Fukuyama,8
Morioka,8
N/A,8
Tianjin,7
Taiyuan,7
Luoyang,7
Kunming,7
Hefei,7
Dongguan,7
Yokkaichi,7
Saga,7
N/A,7
Kurume,7
Kure,7
Kokubunji,7
Kazo,7
Kawagoe,7
Hirakata,7
Hamamatsu,7
Hachiōji,7
Gifu-shi,7
Chigasaki,7
N/A,7
Amagasaki,7
Moriya,7
Neyagawa,7
N/A,7
N/A,7
N/A,7
Ichikawa-minami,7
Xiamen,6
Foshan,6
Dalian,6
Yokosuka,6
Yao,6
Toyokawa,6
Naha,6
Kurashiki,6
Itami,6
Narita,6
Taizhou,6
Shengpu,6
N/A,6
N/A,6
N/A,6
Yuncheng,5
Nanning,5
Hengshui,5
Changzhou,5
Takatsuki,5
Nagareyama,5
Moriguchi,5
N/A,5
Kitakyushu,5
Kamakura,5
Kagoshima,5
Ichinomiya,5
Hiratsuka,5
Hino,5
Higashi-ōsaka,5
Hadano,5
Suzhou,5
Chikusei,5
N/A,5
Yachiyo,5
N/A,5
N/A,5
Yichun,4
Xinxiang,4
Shaoxing,4
Quanzhou,4
Nanyang,4
Nanchang,4
Linfen,4
Langfang,4
Jining,4
Ganzhou,4
Yiwu,4
Toyota,4
N/A,4
N/A,4
Takaoka,4
N/A,4
Ōta,4
N/A,4
Ōita,4
Nonoichi,4
Nagasaki,4
N/A,4
Kawanishi,4
Kariya,4
Isesaki,4
N/A,4
N/A,4
N/A,4
Zhangjiakou,4
Yonezawa,4
Ushiku,4
Shiroi,4
Hachinohe,4
Campbell,4
Omitama,4
Akishima,4
N/A,4
N/A,4
N/A,4
N/A,4
N/A,4
N/A,4
N/A,4
N/A,4
N/A,4
N/A,4
N/A,4
N/A,4
N/A,4
N/A,4
N/A,4
Pune,3
Hanoi,3
Zunyi,3
Tongshan,3
Wuhu,3
Wenzhou,3
Suzhou,3
Haikou,3
Dezhou,3
Atsugi,3
N/A,3
Ueda,3
N/A,3
Tokushima,3
N/A,3
Nishi-Tokyo-shi,3
Takarazuka,3
Sabae,3
Ōbu,3
Nakatsugawa,3
Mino,3
Maebashi,3
Kōfu,3
Iida,3
Fukui-shi,3
Asaka,3
N/A,3
Harbin,3
Yamagata,3
Makabe,3
Kōriyama,3
Iwaki,3
Akita,3
Abiko,3
Hakodate,3
N/A,3
N/A,3
N/A,3
N/A,3
N/A,3
N/A,3
N/A,3
N/A,3
N/A,3
N/A,3
N/A,3
N/A,3
N/A,3
N/A,3
N/A,3
N/A,3
N/A,3
N/A,3
Ürümqi,2
Manila,2
Shah Alam,2
Zhoukou,2
Xinzhou,2
Xiangyang,2
Nantong,2
Lu’an,2
Cixi,2
Fuyang,2
Cangzhou,2
Shaoyang,2
Baoding,2
Hong Kong,2
Incheon,2
Utazu,2
Uozu,2
Tsuyama,2
Tsu,2
Toyohashi,2
N/A,2
Tochigi,2
N/A,2
Suzuka,2
Suzaka,2
N/A,2
Shimada,2
N/A,2
Sasebo,2
Oyama,2
Onomichi,2
Okegawa,2
Odawara,2
Noda,2
N/A,2
N/A,2
Niihama,2
Nakatsu,2
Nagaoka,2
Miyazaki,2
Miyakonojō,2
Masuda,2
N/A,2
N/A,2
Koshigaya,2
Kisarazu,2
Kasukabe,2
N/A,2
N/A,2
N/A,2
N/A,2
Futtsu,2
