name,version,visitors
Windows,10,1846
Mac,10.15,715
Android,10,288
iOS,18.4,242
Android,12,198
Android,14,194
Android,15,166
Android,13,132
GNU/Linux,(not set),106
Android,11,76
HarmonyOS,(not set),46
Android,9,36
iOS,18.5,31
iOS,18.3,30
Ubuntu,(not set),26
Chrome OS,14541.0,19
HarmonyOS,3.0,15
Windows,7,15
Android,8.1,15
iOS,17.6,14
iOS,16.7,11
HarmonyOS,2.2,11
Android,8.0,11
iOS,15.8,9
iOS,18.1,9
iOS,17.4,8
iOS,18.0,7
iOS,18.2,7
Android,5.0,7
Android,7.1,6
iOS,15.7,5
iOS,16.1,5
iOS,16.6,5
iOS,17.5,4
Windows,Server 2003,4
(not set),(not set),3
Mac,10.14,3
iOS,13.6,3
iOS,14.2,3
Fire OS,8,3
NetBSD,(not set),2
iOS,12.4,2
Mac,14.3,2
iOS,16.3,2
iOS,17.1,2
iPadOS,17.5,2
iPadOS,17.6,2
Android,6.0,2
Windows,XP,2
iPadOS,13.7,1
iOS,14.1,1
iOS,14.4,1
iOS,14.5,1
iOS,14.8,1
iOS,15.5,1
iOS,16.0,1
iOS,16.4,1
iOS,16.5,1
iPadOS,16.7,1
iOS,17.2,1
iOS,17.7,1
Fire OS,7,1
Android,9.0,1
