name,visitors
Tokyo,1134
São Paulo,474
California,451
England,426
Île-de-France,413
Guangdong,401
Maharashtra,398
Taipei,350
Tamil Nadu,296
Seoul,272
Karnataka,261
Beijing,253
Madrid Autonomous Community,214
Shanghai,208
Osaka,205
Telangāna,197
Texas,189
Delhi,184
Jiangsu,181
Zhejiang,169
Ciudad de Mexico,165
Ho Chi Minh City,163
Gyeonggi,160
Minas Gerais,157
Ontario,157
New Taipei,153
Kyiv,148
Capital District,147
Catalonia,147
Uttar Pradesh,147
Shandong,140
Sichuan,136
Moscow,136
New York,134
Tashkent,134
Kanagawa,132
Taichung,132
Lima,130
Lombardy,129
Rio de Janeiro,128
Hanoi,126
Virginia,125
Antioquia,123
Istanbul,119
Florida,119
Santiago Metropolitan,118
Jakarta,118
Washington,117
Nairobi County,115
North Rhine-Westphalia,112
Illinois,112
Buenos Aires Province,111
Hesse,111
Shaanxi,103
Punjab,97
Paraná,96
Kaohsiung,95
Kerala,93
Hubei,92
Bavaria,92
North Holland,91
Aichi,89
Gujarat,87
Auvergne-Rhône-Alpes,85
Saitama,85
Metro Manila,85
Georgia,83
Mazovia,82
Gauteng,81
New South Wales,79
Quebec,79
Valencian Community,75
Lazio,73
Massachusetts,73
Henan,72
Taoyuan,72
New Jersey,72
Provence-Alpes-Côte-d'Azur,71
Rio Grande do Sul,70
Pernambuco,69
Cairo,69
Andalusia,68
Lvivshchyna,67
Baden-Württemberg,66
Arizona,66
Andhra Pradesh,65
Madhya Pradesh,65
Chiba,65
Maryland,65
North Carolina,63
Colorado,62
Fukuoka,61
Brussels,57
West Bengal,57
Pennsylvania,57
Saint Petersburg,56
Bahia,55
Occitanie,54
Ohio,54
South Holland,53
Hsinchu County,53
Goiás,52
Hunan,52
Lagos,52
Ceará,51
Fujian,51
Prague,51
Mexico State,51
Tennessee,50
Victoria,49
Chongqing,49
Michigan,49
Alberta,48
Uusimaa,48
Jalisco,48
Ankara,47
Hauts-de-France,46
West Java,46
Tainan,46
Indiana,46
Utah,46
Dubai,45
Flanders,45
Santa Catarina,45
Grand-Est,45
Nouvelle-Aquitaine,45
Rajasthan,45
Incheon,45
Greater Accra,44
Leinster,44
Haryana,44
Sindh,44
Oregon,44
Zürich,43
San José,43
Pays-de-la-Loire,42
Kuala Lumpur,42
Dnipropetrovshchyna,42
Federal District,41
British Columbia,41
Budapest,41
Amman,41
Western,41
Meknès-Tafilalet,41
Lisbon,41
Hyogo,40
Kyoto,39
Veneto,38
Shizuoka,37
Minnesota,37
Buenos Aires,36
Vienna,36
Tianjin,36
Lower Saxony,36
Chandigarh,36
Bangkok,36
Tunis,36
Tel Aviv,35
Calabarzon,35
Lesser Poland,35
Makkah,35
Liaoning,34
Capital Region,34
Kwai Tsing New Territories,34
East Java,34
Pichincha,33
Riyadh,33
Connecticut,33
Pará,32
Yunnan,32
Valle del Cauca,32
Puebla,32
Amazonas,31
Hebei,31
Hormozgan,31
Nuevo León,31
Hsinchu,31
Central,31
Galicia,30
Kowloon City Kowloon,30
Emilia-Romagna,30
Querétaro,30
Selangor,30
Beograd,30
Capital,30
Gansu,29
Berlin,29
Jharkhand,29
Stockholm,29
Córdoba,28
Baku,28
Paraíba,28
Scotland,28
Bucharest,28
Izmir,28
Abidjan,27
Busan,27
Almaty City,27
Baja California,27
Wisconsin,27
Attica,26
Hokkaido,26
Islamabad,26
Silesia,26
Moscow Province,26
Sverdlovsk,26
Western Cape,26
Anhui,25
Brittany,25
Odisha,25
Tuscany,25
Campania,25
Lima Region,25
Porto,25
Bihar,24
Sicily,24
Hiroshima,24
Gwangju City,24
Federal Capital Territory,24
Panamá,24
Dakar,24
Jiangxi,23
Central Java,23
Assam,23
Greater Poland,23
Kentucky,23
Guayas,22
Castile and León,22
Centre-Val de Loire,22
Normandie,22
Ulaanbaatar,22
Rostov,22
Missouri,22
Luanda,21
Mato Grosso,21
Distrito Nacional,21
Addis Ababa,21
Uttarākhand,21
North Gyeongsang,21
Rabat-Salé-Zemmour-Zaer,21
Kigali,21
South Carolina,21
Queensland,20
Yogyakarta,20
Punjab,20
Bishkek,20
Phnom Penh,20
Astana,20
Arequipa,20
Central Luzon,20
Tatarstan,20
Kyivshchyna,20
Valparaíso,19
Atlántico,19
Guatemala,19
Guanajuato,19
Krasnodar Krai,19
Bursa,19
Nevada,19
Piauí,18
Saxony,18
North Sumatra,18
Piedmont,18
Daegu,18
Chihuahua,18
Bashkortostan,18
Bratislava,18
Rio Grande do Norte,17
Geneva,17
Samara,17
Louisiana,17
Lusaka,17
Western Australia,16
Wallonia,16
Espírito Santo,16
Minsk,16
Giza,16
Murcia Region,16
Francisco Morazán,16
Riga,16
Gharb-Chrarda-Béni Hssen,16
Pomerania,16
Eastern,16
Maritime,16
Washington DC,16
Montevideo,16
Harare,16
Santa Fe,15
La Paz,15
Mato Grosso do Sul,15
Saskatchewan,15
Guangxi,15
Risaralda,15
Hamburg,15
Rhineland-Palatinate,15
Canary Islands,15
Ibaraki,15
Tochigi,15
South Gyeongsang,15
Yucatán,15
