name,visitors
Chrome,11151
Microsoft Edge,4348
Firefox,1357
Opera,932
Safari,769
Mobile App,341
Yandex Browser,193
Smart Lenovo Browser,150
Quark,63
MIUI Browser,41
QQ Browser,41
vivo Browser,38
Huawei Browser Mobile,32
Samsung Browser,25
Avast Secure Browser,22
Whale Browser,19
Norton Private Browser,8
Huawei Browser,7
Sogou Explorer,6
UC Browser,5
Avira Secure Browser,3
(not set),2
360 Secure Browser,2
AVG Secure Browser,2
Brave,2
CCleaner,2
Opera GX,2
Pale Moon,2
115 Browser,1
2345 Browser,1
Android Browser,1
Iron,1
SberBrowser,1
Sleipnir,1
