property,value,visitors,events,percentage
url,(none),19524,31952,99.7
url,https://www.python.org/,212,214,1.1
url,https://github.com/python/cpython/tree/3.13/Lib/idlelib/,30,34,0.2
url,https://github.com/python/cpython/tree/3.13/Lib/tkinter/__init__.py,26,29,0.1
url,https://tkdocs.com/,20,30,0.1
url,https://docs.python.org/3.13/archives/python-3.13-docs-html.zip,18,21,0.1
url,https://docs.python.org/3.13/archives/python-3.13-docs.epub,14,16,0.1
url,https://pypi.org/,14,15,0.1
url,https://docs.python.org/3.13/archives/python-3.13-docs-text.zip,10,10,0.1
url,https://packaging.python.org/en/latest/tutorials/installing-packages/#ensure-pip-setuptools-and-wheel-are-up-to-date,9,9,0.0
url,https://www.tcl.tk/man/tcl8.6/TkCmd/contents.htm,9,16,0.0
url,https://docs.python.org/3.13/archives/python-3.13-docs-pdf-a4.zip,8,8,0.0
url,https://docs.python.org/3.13/archives/python-3.13-docs-texinfo.zip,8,9,0.0
url,https://peps.python.org/pep-0397/,8,8,0.0
url,https://peps.python.org/pep-0011/,7,8,0.0
url,https://peps.python.org/pep-0719/,7,7,0.0
url,https://www.python.org/downloads/,7,7,0.0
url,https://www.tkdocs.com/shipman/,7,7,0.0
url,https://github.com/python/cpython/tree/3.13/Lib/zipfile/,6,7,0.0
url,https://packaging.python.org/installing/#creating-virtual-environments,6,6,0.0
url,https://packaging.python.org/en/latest/tutorials/packaging-projects/,5,5,0.0
url,https://wiki.python.org/moin/BeginnersGuide,5,6,0.0
url,https://www.python.org/downloads/windows/,5,6,0.0
url,https://briefcase.readthedocs.io/,4,4,0.0
url,https://mypy.readthedocs.io/en/stable/cheat_sheet_py3.html,4,4,0.0
url,https://packaging.python.org/science/,4,4,0.0
url,https://tiswww.case.edu/php/chet/readline/rltop.html,4,4,0.0
url,https://cibuildwheel.pypa.io/en/stable/platforms/#android,3,3,0.0
url,https://dateutil.readthedocs.io/en/stable/,3,3,0.0
url,https://docs.python.org/ja/3.13/archives/python-3.13-docs-html.zip,3,3,0.0
url,https://docs.python.org/zh-cn/3.13/archives/python-3.13-docs.epub,3,3,0.0
url,https://en.wikipedia.org/wiki/Cursor_(databases),3,3,0.0
url,https://github.com/python/cpython/tree/3.13/Android/testbed/app/src/main/c/main_activity.c,3,3,0.0
url,https://github.com/python/cpython/tree/3.13/Lib/heapq.py,3,4,0.0
url,https://github.com/python/cpython/tree/3.13/Lib/turtle.py,3,3,0.0
url,https://github.com/python/cpython/tree/3.13/Lib/urllib/,3,3,0.0
url,https://packaging.python.org/,3,3,0.0
url,https://peps.python.org/,3,3,0.0
url,https://peps.python.org/pep-0008/,3,3,0.0
url,https://pypi.org/project/DateType/,3,3,0.0
url,https://requests.readthedocs.io/en/master/,3,4,0.0
url,https://chaquo.com/chaquopy,2,2,0.0
url,https://datatracker.ietf.org/doc/html/rfc5735.html,2,2,0.0
url,https://datatracker.ietf.org/doc/html/rfc822.html,2,2,0.0
url,https://devguide.python.org/,2,2,0.0
url,https://docs.python.org/3.13/archives/python-3.13-docs-html.tar.bz2,2,2,0.0
url,https://docs.python.org/3.13/archives/python-3.13-docs-text.tar.bz2,2,2,0.0
url,https://docs.python.org/ja/3.13/archives/python-3.13-docs-html.tar.bz2,2,2,0.0
url,https://docs.python.org/ja/3.13/archives/python-3.13-docs-text.zip,2,2,0.0
url,https://docs.python.org/zh-cn/3.13/archives/python-3.13-docs-text.zip,2,2,0.0
url,https://en.wikipedia.org/wiki/Timsort,2,2,0.0
url,https://github.com/python/cpython/blob/main/Doc/library/random.rst?plain=1,2,2,0.0
url,https://github.com/python/cpython/issues/126631,2,2,0.0
url,https://github.com/python/cpython/issues/95754,2,2,0.0
url,https://github.com/python/cpython/tree/3.13/Android/README.md,2,2,0.0
url,https://github.com/python/cpython/tree/3.13/Android/testbed,2,2,0.0
url,https://github.com/python/cpython/tree/3.13/Lib/asyncio/coroutines.py,2,2,0.0
url,https://github.com/python/cpython/tree/3.13/Lib/datetime.py,2,2,0.0
url,https://github.com/python/cpython/tree/3.13/Lib/random.py,2,2,0.0
url,https://manpages.debian.org/options(3),2,2,0.0
url,https://packaging.python.org/installing/,2,2,0.0
url,https://peps.python.org/pep-0305/,2,2,0.0
url,https://peps.python.org/pep-0434/,2,2,0.0
url,https://peps.python.org/pep-0563/,2,2,0.0
url,https://peps.python.org/pep-0594/,2,2,0.0
url,https://peps.python.org/pep-3141/,2,2,0.0
url,https://pypi.org/project/filetype/,2,2,0.0
url,https://pypi.org/project/tomli-w/,2,2,0.0
url,https://wiki.python.org/moin/GuiProgramming,2,2,0.0
url,https://www.amazon.com/Modern-Tkinter-Python-Developers-ebook/dp/B0071QDNLO/,2,2,0.0
url,https://www.iana.org/assignments/iana-ipv4-special-registry/iana-ipv4-special-registry.xhtml,2,3,0.0
url,https://www.python.org/downloads/source/,2,2,0.0
url,https://www.tcl.tk/,2,2,0.0
url,https://www.tkdocs.com/,2,2,0.0
url,https://www.unicode.org/versions/Unicode15.1.0/ch03.pdf,2,2,0.0
url,http://www.robotstxt.org/orig.html,1,1,0.0
url,https://bugs.python.org/issue?@action=redirect&bpo=42378,1,1,0.0
url,https://buildozer.readthedocs.io/,1,1,0.0
url,https://code.activestate.com/recipes/577504-compute-memory-footprint-of-an-object-and-its-cont/,1,1,0.0
url,https://code.activestate.com/recipes/langs/python/,1,1,0.0
url,https://core.tcl.tk/tips/doc/trunk/tip/48.md,1,1,0.0
url,https://cython.org/,1,1,0.0
url,https://datatracker.ietf.org/doc/html/rfc2373.html,1,2,0.0
url,https://datatracker.ietf.org/doc/html/rfc2822.html,1,1,0.0
url,https://datatracker.ietf.org/doc/html/rfc3171.html,1,1,0.0
url,https://datatracker.ietf.org/doc/html/rfc3330.html,1,1,0.0
url,https://datatracker.ietf.org/doc/html/rfc3927.html,1,1,0.0
url,https://devguide.python.org/documentation/start-documenting/#building-the-documentation,1,1,0.0
url,https://discuss.python.org/c/documentation/26,1,1,0.0
url,https://discuss.python.org/c/help/7,1,1,0.0
url,https://docs.python.org/3.13/archives/python-3.13-docs-texinfo.tar.bz2,1,1,0.0
url,https://docs.python.org/es/3.13/archives/python-3.13-docs-html.zip,1,1,0.0
url,https://docs.python.org/fr/3.13/archives/python-3.13-docs-html.zip,1,1,0.0
url,https://docs.python.org/fr/3.13/archives/python-3.13-docs-text.zip,1,1,0.0
url,https://docs.python.org/fr/3.13/archives/python-3.13-docs.epub,1,2,0.0
url,https://docs.python.org/ja/3.13/archives/python-3.13-docs-texinfo.tar.bz2,1,1,0.0
url,https://docs.python.org/ja/3.13/archives/python-3.13-docs-texinfo.zip,1,1,0.0
url,https://docs.python.org/ja/3.13/archives/python-3.13-docs-text.tar.bz2,1,1,0.0
url,https://docs.python.org/ja/3.13/archives/python-3.13-docs.epub,1,1,0.0
url,https://docs.python.org/pt-br/3.13/archives/python-3.13-docs-html.zip,1,1,0.0
url,https://docs.python.org/pt-br/3.13/archives/python-3.13-docs-texinfo.zip,1,1,0.0
url,https://docs.python.org/pt-br/3.13/archives/python-3.13-docs-text.tar.bz2,1,1,0.0
url,https://docs.python.org/pt-br/3.13/archives/python-3.13-docs-text.zip,1,1,0.0
url,https://docs.python.org/pt-br/3.13/archives/python-3.13-docs.epub,1,1,0.0
url,https://docs.python.org/zh-cn/3.13/archives/python-3.13-docs-html.zip,1,1,0.0
url,https://docs.python.org/zh-cn/3.13/archives/python-3.13-docs-pdf-a4.zip,1,1,0.0
url,https://docs.python.org/zh-cn/3.13/archives/python-3.13-docs-texinfo.zip,1,1,0.0
url,https://en.wikipedia.org/wiki/Error_function,1,2,0.0
url,https://en.wikipedia.org/wiki/Fibonacci_sequence,1,1,0.0
url,https://en.wikipedia.org/wiki/Gamma_function,1,2,0.0
url,https://en.wikipedia.org/wiki/Leap_second,1,1,0.0
url,https://en.wikipedia.org/wiki/Median,1,1,0.0
url,https://en.wikipedia.org/wiki/Shell_injection#Shell_injection,1,1,0.0
url,https://en.wikipedia.org/wiki/Turtle_(robot),1,1,0.0
url,https://gcc.gnu.org/onlinedocs/cpp/Macro-Pitfalls.html,1,1,0.0
url,https://github.com/anordin95/a-conceptual-overview-of-asyncio/tree/main,1,1,0.0
url,https://github.com/python/cpython/blob/main/Doc/bugs.rst?plain=1,1,1,0.0
url,https://github.com/python/cpython/blob/main/Doc/library/string.rst?plain=1,1,1,0.0
url,https://github.com/python/cpython/blob/main/Doc/library/winsound.rst?plain=1,1,2,0.0
url,https://github.com/python/cpython/blob/main/Doc/reference/expressions.rst?plain=1,1,1,0.0
url,https://github.com/python/cpython/blob/main/Doc/tutorial/datastructures.rst?plain=1,1,1,0.0
url,https://github.com/python/cpython/blob/main/Doc/using/windows.rst?plain=1,1,1,0.0
url,https://github.com/python/cpython/issues/107369,1,1,0.0
url,https://github.com/python/cpython/issues/124111,1,1,0.0
url,https://github.com/python/cpython/issues/138204,1,1,0.0
url,https://github.com/python/cpython/issues/138896,1,1,0.0
url,https://github.com/python/cpython/issues/139283,1,1,0.0
url,https://github.com/python/cpython/issues/139573,1,1,0.0
url,https://github.com/python/cpython/issues/139640,1,1,0.0
url,https://github.com/python/cpython/issues/139783,1,1,0.0
url,https://github.com/python/cpython/issues/60462,1,1,0.0
url,https://github.com/python/cpython/issues/63272,1,1,0.0
url,https://github.com/python/cpython/issues/87135,1,1,0.0
url,https://github.com/python/cpython/issues?q=is%3Aissue+is%3Aopen+label%3Adocs,1,1,0.0
url,https://github.com/python/cpython/tree/3.13/Android/testbed/app/src/main/java/org/python/testbed/MainActivity.kt,1,1,0.0
url,https://github.com/python/cpython/tree/3.13/Lib/abc.py,1,1,0.0
url,https://github.com/python/cpython/tree/3.13/Lib/codecs.py,1,1,0.0
url,https://github.com/python/cpython/tree/3.13/Lib/decimal.py,1,1,0.0
url,https://github.com/python/cpython/tree/3.13/Lib/glob.py,1,1,0.0
url,https://github.com/python/cpython/tree/3.13/Lib/hashlib.py,1,1,0.0
url,https://github.com/python/cpython/tree/3.13/Lib/idlelib,1,1,0.0
url,https://github.com/python/cpython/tree/3.13/Lib/importlib/__init__.py,1,1,0.0
url,https://github.com/python/cpython/tree/3.13/Lib/inspect.py,1,1,0.0
url,https://github.com/python/cpython/tree/3.13/Lib/keyword.py,1,1,0.0
url,https://github.com/python/cpython/tree/3.13/Lib/logging/__init__.py,1,1,0.0
url,https://github.com/python/cpython/tree/3.13/Lib/ntpath.py,1,1,0.0
url,https://github.com/python/cpython/tree/3.13/Lib/optparse.py,1,1,0.0
url,https://github.com/python/cpython/tree/3.13/Lib/re/,1,2,0.0
url,https://github.com/python/cpython/tree/3.13/Lib/statistics.py,1,1,0.0
url,https://github.com/python/cpython/tree/3.13/Lib/string.py,1,1,0.0
url,https://github.com/python/cpython/tree/3.13/Lib/subprocess.py,1,1,0.0
url,https://github.com/python/cpython/tree/3.13/Lib/tkinter/commondialog.py,1,1,0.0
url,https://github.com/python/cpython/tree/3.13/Lib/tkinter/font.py,1,1,0.0
url,https://github.com/python/cpython/tree/3.13/Lib/typing.py,1,1,0.0
url,https://github.com/python/cpython/tree/3.13/Lib/urllib/request.py,1,1,0.0
url,https://github.com/python/cpython/tree/3.13/Lib/uuid.py,1,1,0.0
url,https://github.com/python/cpython/tree/3.13/Lib/venv/,1,1,0.0
url,https://github.com/python/cpython/tree/3.13/Lib/wave.py,1,1,0.0
url,https://github.com/python/cpython/tree/3.13/Lib/xml/etree/ElementTree.py,1,1,0.0
url,https://issuetracker.google.com/issues/128554619#comment4,1,1,0.0
url,https://json.org/,1,1,0.0
url,https://learn.microsoft.com/windows-server/administration/windows-commands/setx,1,1,0.0
url,https://learn.microsoft.com/windows/win32/procthread/environment-variables,1,1,0.0
url,https://manpages.debian.org/recv(2),1,1,0.0
url,https://mypy.readthedocs.io/en/stable/index.html,1,1,0.0
url,https://numpy.org/,1,1,0.0
url,https://packaging.python.org/en/latest/glossary/#term-Distribution-Package,1,1,0.0
url,https://packaging.python.org/extensions/,1,1,0.0
url,https://packaging.python.org/guides/installing-using-pip-and-virtual-environments/#create-and-use-virtual-environments,1,1,0.0
url,https://packaging.python.org/guides/packaging-binary-extensions/,1,1,0.0
url,https://packaging.python.org/installing/#requirements-for-installing-packages,1,1,0.0
url,https://peps.python.org/pep-0292/,1,1,0.0
url,https://peps.python.org/pep-0387/,1,1,0.0
url,https://peps.python.org/pep-0484/,1,1,0.0
url,https://peps.python.org/pep-0498/,1,1,0.0
url,https://peps.python.org/pep-0519/,1,1,0.0
url,https://peps.python.org/pep-0557/,1,1,0.0
url,https://peps.python.org/pep-0572/,1,1,0.0
url,https://peps.python.org/pep-0702/,1,1,0.0
url,https://peps.python.org/pep-0703/,1,1,0.0
url,https://peps.python.org/pep-0730/,1,1,0.0
url,https://peps.python.org/pep-0742/,1,1,0.0
url,https://peps.python.org/pep-3119/,1,1,0.0
url,https://peps.python.org/pep-3147/,1,1,0.0
url,https://peps.python.org/pep-3148/,1,1,0.0
url,https://pt.wikipedia.org/wiki/Logo,1,1,0.0
url,https://py-free-threading.github.io/installing-cpython/,1,1,0.0
url,https://pypi.org/project/puremagic/,1,1,0.0
url,https://pypi.org/project/python-magic/,1,1,0.0
url,https://pypi.org/project/regex/,1,1,0.0
url,https://pypy.org/,1,1,0.0
url,https://requests.readthedocs.io/en/latest/,1,1,0.0
url,https://tauday.com/,1,1,0.0
url,https://termux.dev/en/,1,1,0.0
url,https://timgolden.me.uk/python/win32_how_do_i.html,1,1,0.0
url,https://typing.python.org/en/latest/,1,1,0.0
url,https://typing.python.org/en/latest/spec/index.html,1,1,0.0
url,https://web.archive.org/web/20201215133350/http://www.voidspace.org.uk/python/articles/authentication.shtml,1,1,0.0
url,https://wiki.python.org/moin/IntegratedDevelopmentEnvironments,1,1,0.0
url,https://wiki.python.org/moin/PythonBooks,1,1,0.0
url,https://wiki.python.org/moin/PythonEditors,1,1,0.0
url,https://wiki.python.org/moin/PythonTestingToolsTaxonomy,1,1,0.0
url,https://www.activestate.com/products/python/,1,1,0.0
url,https://www.boddie.org.uk/python/COM.html,1,1,0.0
url,https://www.debian.org/doc/manuals/maint-guide/first.en.html,1,1,0.0
url,https://www.debian.org/doc/manuals/maint-guide/first.fr.html,1,1,0.0
url,https://www.iana.org/assignments/iana-ipv6-special-registry/iana-ipv6-special-registry.xhtml,1,1,0.0
url,https://www.iana.org/assignments/ipv6-address-space/ipv6-address-space.xhtml,1,2,0.0
url,https://www.jython.org/,1,1,0.0
url,https://www.packtpub.com/en-us/product/python-gui-programming-with-tkinter-9781788835886,1,1,0.0
url,https://www.python.org/doc/versions/,1,1,0.0
url,https://www.qt.io/qt-for-python,1,1,0.0
url,https://www.tcl.tk/man/tcl8.6/TkCmd/options.htm,1,1,0.0
url,https://www.zlib.net/manual.html,1,1,0.0
