name,visitors
Taipei,219
New Taipei,130
Taichung,75
Taoyuan,48
Kaohsiung,40
Tainan,37
Hsinchu County,28
Beijing,10
Changhua,10
Bangkok,9
Miaoli,8
Jakarta,7
Kuala Lumpur,7
Guangdong,6
Hsinchu,6
Metro Manila,5
Shandong,4
Tokyo,4
Kowloon City Kowloon,3
Chiayi,3
Yilan,3
Nantou,3
Yunlin,3
Washington,3
Hubei,2
Yuen Long New Territories,2
Haryana,2
Moscow,2
Chiayi County,2
Hualien,2
Keelung,2
Pingtung,2
California,2
Illinois,2
Queensland,1
Brussels,1
Anhui,1
Chongqing,1
Henan,1
Hunan,1
Liaoning,1
Shanghai,1
Shaanxi,1
Zhejiang,1
Lower Saxony,1
Île-de-France,1
England,1
Wan Chai Hong Kong Island,1
Tuen Mun New Territories,1
Tsuen Wan New Territories,1
Seoul,1
Ciudad de Mexico,1
Nizhny Novgorod,1
Kinmen,1
Florida,1
Oregon,1
