name,unique_entrances,total_entrances,visit_duration
/ko/dev/c-api/marshal.html,149,149,5
/ko/3/tutorial/index.html,34,37,8
/ko/3.13/library/idle.html,33,33,5
/ko/3.13/tutorial/index.html,29,29,251
/ko/3/library/functions.html,20,20,1
/ja/3/c-api/import.html,19,19,167
/ko/3.13/howto/sorting.html,15,15,341
/ko/3.13/installing/index.html,15,15,1
/ko/3.13/tutorial/controlflow.html,14,14,0
/ko/3.13/library/index.html,13,14,173
/ko/3.13/tutorial/classes.html,13,13,14
/ko/3/,12,14,151
/ko/3/library/stdtypes.html,12,12,7
/3/,11,11,146
/ko/3.13/library/turtle.html,11,13,67
/ko/3.13/library/functions.html,10,11,68
/ko/3.13/tutorial/interpreter.html,10,10,13
/ko/3/tutorial/,10,10,67
/ko/dev/library/idle.html,10,10,2
/ko/dev/library/turtle.html,10,10,24
/ko/3/library/index.html,9,10,0
/ko/3.13/library/re.html,8,8,0
/3.13/using/windows.html,7,7,236
/ko/3.13/library/tkinter.html,7,7,1106
/ko/3.13/,6,6,14
/ko/3.13/library/json.html,6,6,31
/ko/3.13/library/math.html,6,6,971
/ko/3/library/tempfile.html,6,6,0
/3.13/tutorial/index.html,5,5,934
/3/search.html,5,7,412
/ko/3.13/library/asyncio.html,5,5,0
/ko/3.13/library/heapq.html,5,5,5
/ko/3.13/library/pathlib.html,5,5,0
/ko/3/library/contextlib.html,5,5,1
/ko/3/tutorial/appetite.html,5,5,42
/ko/dev/tutorial/inputoutput.html,5,5,6
/3/library/functions.html,4,4,277
/3/library/tkinter.html,4,4,24
/3/py-modindex.html,4,4,466
/ko/3.13/library/asyncio-task.html,4,4,0
/ko/3.13/library/itertools.html,4,4,270
/ko/3.13/library/multiprocessing.html,4,4,0
/ko/3.13/library/threading.html,4,4,581
/ko/3.13/search.html,4,4,185
/ko/3.13/tutorial/errors.html,4,4,0
/ko/3.13/using/windows.html,4,4,66
/ko/3.14/index.html,4,4,108
/ko/3/tutorial/datastructures.html,4,4,0
/ko/3/tutorial/interpreter.html,4,4,0
/3/reference/index.html,3,3,426
/ko/3.13/howto/sockets.html,3,3,0
/ko/3.13/library/collections.html,3,3,49
/ko/3.13/library/copy.html,3,3,0
/ko/3.13/library/csv.html,3,3,0
/ko/3.13/library/exceptions.html,3,3,326
/ko/3.13/library/random.html,3,3,0
/ko/3.13/library/string.html,3,3,12
/ko/3.13/library/subprocess.html,3,3,115
/ko/3.13/tutorial/appetite.html,3,3,48
/ko/3.13/tutorial/inputoutput.html,3,3,2
/ko/3.13/tutorial/introduction.html,3,3,0
/ko/3.13/whatsnew/index.html,3,3,6
/ko/3/tutorial/controlflow.html,3,3,5
/3.13/tutorial/,2,2,293
/3.13/tutorial/appetite.html,2,2,60
/3/library/multiprocessing.html,2,2,710
/3/library/turtle.html,2,2,220
/ko/3.12/tutorial/index.html,2,2,392
/ko/3.12/whatsnew/index.html,2,2,8
/ko/3.13/c-api/index.html,2,2,278
/ko/3.13/c-api/init.html,2,2,0
/ko/3.13/library/abc.html,2,2,0
/ko/3.13/library/argparse.html,2,2,0
/ko/3.13/library/asyncio-eventloop.html,2,2,80
/ko/3.13/library/code.html,2,2,2
/ko/3.13/library/contextvars.html,2,2,0
/ko/3.13/library/ctypes.html,2,2,0
/ko/3.13/library/curses.html,2,2,0
/ko/3.13/library/decimal.html,2,2,0
/ko/3.13/library/http.server.html,2,2,0
/ko/3.13/library/importlib.html,2,2,0
/ko/3.13/library/intro.html,2,2,0
/ko/3.13/library/posix.html,2,2,8
/ko/3.13/library/pprint.html,2,2,0
/ko/3.13/library/profile.html,2,2,6
/ko/3.13/library/shlex.html,2,2,0
/ko/3.13/library/socket.html,2,2,2
/ko/3.13/library/stdtypes.html,2,2,1
/ko/3.13/library/sys.html,2,2,12
/ko/3.13/library/tk.html,2,2,8
/ko/3.13/reference/compound_stmts.html,2,2,0
/ko/3.13/tutorial/modules.html,2,2,0
/ko/3.13/using/index.html,2,2,254
/ko/3/contents.html,2,2,0
/ko/3/glossary.html,2,2,824
/ko/3/howto/descriptor.html,2,2,0
/ko/3/howto/logging.html,2,2,20
/ko/3/library/concurrent.futures.html,2,2,70
/ko/3/library/configparser.html,2,2,732
/ko/3/library/exceptions.html,2,3,0
/ko/3/library/fractions.html,2,2,0
/ko/3/library/importlib.html,2,2,0
/ko/3/library/logging.handlers.html,2,2,0
/ko/3/library/venv.html,2,2,0
/ko/3/reference/,2,2,0
/ko/3/reference/lexical_analysis.html,2,2,106
/ko/3/search.html,2,2,166
/ko/3/using/windows.html,2,3,471
/ko/dev/library/argparse.html,2,3,0
/ko/dev/library/array.html,2,2,0
/3.12/tutorial/index.html,1,1,16
/3.13/,1,1,518
/3.13/library/index.html,1,1,348
/3.15/,1,1,21
/3/contents.html,1,1,267
/3/faq/,1,1,139
/3/faq/design.html,1,1,205
/3/faq/general.html,1,1,107
/3/index.html,1,1,8532
/3/library/argparse.html,1,1,2383
/3/library/asyncio.html,1,1,147
/3/library/constants.html,1,1,44
/3/library/csv.html,1,1,631
/3/library/dataclasses.html,1,1,2582
/3/library/heapq.html,1,1,3
/3/library/logging.handlers.html,1,1,10
/3/library/math.html,1,1,4596
/3/library/os.html,1,1,11
/3/library/pdb.html,1,1,227
/3/library/pickle.html,1,1,0
/3/library/queue.html,1,1,451
/3/library/re.html,1,1,428
/3/library/socket.html,1,1,47
/3/library/sys.html,1,1,25
/3/library/sys_path_init.html,1,1,152
/3/library/unittest.html,1,1,12
/3/library/venv.html,1,1,21
/3/license.html,1,1,14
/3/reference/datamodel.html,1,1,3665
/3/tutorial/controlflow.html,1,1,45
/3/tutorial/floatingpoint.html,1,1,4
/3/tutorial/index.html,1,1,16
/3/tutorial/venv.html,1,1,3
/3/using/windows.html,1,1,30
/3/whatsnew/3.13.html,1,1,28
/3/whatsnew/changelog.html,1,1,0
/ja/3/c-api/structures.html,1,1,59
/ko/3.12/extending/embedding.html,1,1,0
/ko/3.12/library/2to3.html,1,1,0
/ko/3.12/library/asyncio-policy.html,1,1,0
/ko/3.12/library/codecs.html,1,1,0
/ko/3.12/library/functions.html,1,1,0
/ko/3.12/library/random.html,1,1,0
/ko/3.12/library/sqlite3.html,1,1,13
/ko/3.12/library/stdtypes.html,1,1,0
/ko/3.12/library/tkinter.dnd.html,1,1,0
/ko/3.12/library/tkinter.html,1,1,0
/ko/3.12/library/typing.html,1,1,0
/ko/3.13/c-api/utilities.html,1,1,0
/ko/3.13/faq/general.html,1,1,0
/ko/3.13/howto/descriptor.html,1,1,0
/ko/3.13/howto/regex.html,1,1,0
/ko/3.13/index.html,1,2,14
/ko/3.13/library/datetime.html,1,1,0
/ko/3.13/library/debug.html,1,1,650
/ko/3.13/library/dialog.html,1,1,0
/ko/3.13/library/distribution.html,1,1,0
/ko/3.13/library/getpass.html,1,1,0
/ko/3.13/library/gzip.html,1,1,0
/ko/3.13/library/hashlib.html,1,1,65
/ko/3.13/library/io.html,1,1,0
/ko/3.13/library/logging.config.html,1,1,1141
/ko/3.13/library/marshal.html,1,1,0
/ko/3.13/library/os.path.html,1,1,0
/ko/3.13/library/pdb.html,1,1,0
/ko/3.13/library/pickle.html,1,1,0
/ko/3.13/library/pkgutil.html,1,1,0
/ko/3.13/library/poplib.html,1,1,0
/ko/3.13/library/queue.html,1,1,0
/ko/3.13/library/secrets.html,1,1,222
/ko/3.13/library/select.html,1,1,1174
/ko/3.13/library/shutil.html,1,1,0
/ko/3.13/library/signal.html,1,1,0
/ko/3.13/library/termios.html,1,1,0
/ko/3.13/library/time.html,1,1,0
/ko/3.13/library/timeit.html,1,1,0
/ko/3.13/library/tkinter.ttk.html,1,1,0
/ko/3.13/library/traceback.html,1,1,0
/ko/3.13/library/unittest.html,1,1,0
/ko/3.13/library/urllib.parse.html,1,1,0
/ko/3.13/library/venv.html,1,1,0
/ko/3.13/library/winsound.html,1,1,0
/ko/3.13/library/xml.etree.elementtree.html,1,1,0
/ko/3.13/library/zipfile.html,1,1,0
/ko/3.13/reference/datamodel.html,1,1,21
/ko/3.13/reference/import.html,1,1,0
/ko/3.13/reference/toplevel_components.html,1,1,0
/ko/3.13/tutorial/,1,1,670
/ko/3.13/tutorial/floatingpoint.html,1,1,0
/ko/3.13/tutorial/stdlib2.html,1,1,0
/ko/3.13/using/unix.html,1,1,0
/ko/3.13/whatsnew/3.7.html,1,1,44
/ko/3.14/tutorial/controlflow.html,1,1,0
/ko/3.14/tutorial/index.html,1,2,0
/ko/3.14/whatsnew/,1,1,0
/ko/3.14/whatsnew/3.14.html,1,1,0
/ko/3.15/library/asyncio-graph.html,1,1,61
/ko/3.15/reference/index.html,1,1,10
/ko/3/extending/embedding.html,1,1,0
/ko/3/extending/extending.html,1,1,69
/ko/3/faq/design.html,1,1,0
/ko/3/genindex-all.html,1,1,23
/ko/3/howto/index.html,1,1,0
/ko/3/howto/logging-cookbook.html,1,1,0
/ko/3/howto/sorting.html,1,1,0
/ko/3/index.html,1,1,8
/ko/3/library/argparse.html,1,1,0
/ko/3/library/ast.html,1,1,0
/ko/3/library/asyncio-queue.html,1,1,302
/ko/3/library/asyncio-stream.html,1,1,0
/ko/3/library/codecs.html,1,1,0
/ko/3/library/dataclasses.html,1,1,158
/ko/3/library/datetime.html,1,1,695
/ko/3/library/hmac.html,1,1,0
/ko/3/library/idle.html,1,1,0
/ko/3/library/imghdr.html,1,1,0
/ko/3/library/intro.html,1,1,0
/ko/3/library/logging.html,1,1,206
/ko/3/library/resource.html,1,1,0
/ko/3/library/socketserver.html,1,1,14
/ko/3/library/subprocess.html,1,1,0
/ko/3/library/sys.html,1,1,0
/ko/3/library/tkinter.scrolledtext.html,1,1,0
/ko/3/library/unittest.html,1,1,0
/ko/3/py-modindex.html,1,1,421
/ko/3/reference/expressions.html,1,1,0
/ko/3/reference/index.html,1,1,0
/ko/3/tutorial/introduction.html,1,1,0
/ko/3/tutorial/stdlib.html,1,1,0
/ko/3/using/,1,1,0
/ko/3/whatsnew/,1,1,0
/ko/3/whatsnew/3.6.html,1,1,0
/ko/3/whatsnew/index.html,1,1,0
/ko/dev/c-api/allocation.html,1,1,0
/ko/dev/c-api/call.html,1,1,0
/ko/dev/c-api/stable.html,1,1,4
/ko/dev/c-api/structures.html,1,1,0
/ko/dev/library/asyncio-protocol.html,1,1,0
/ko/dev/library/collections.html,1,1,0
/ko/dev/library/devmode.html,1,1,0
/ko/dev/library/dis.html,1,1,0
/ko/dev/library/exceptions.html,1,1,1
/ko/dev/library/struct.html,1,1,0
/ko/dev/library/types.html,1,1,0
/ko/dev/library/urllib.parse.html,1,1,0
/ko/dev/library/urllib.request.html,1,1,0
/ko/dev/reference/simple_stmts.html,1,1,39
/ko/dev/using/index.html,1,1,0
