name,visitors,pageviews,bounce_rate,time_on_page,scroll_depth
/3.14/whatsnew/3.14.html,1152,1308,73,122,17
/3.14/,310,344,36,16,76
/3.14/using/windows.html,221,226,75,50,14
/3.14/tutorial/index.html,121,133,57,73,45
/3.14/index.html,45,40,72,17,73
/zh-cn/3.14/whatsnew/3.14.html,43,37,80,122,37
/3.14/search.html,38,41,25,44,66
/3.14/library/index.html,35,34,92,23,39
/3.14/reference/compound_stmts.html,30,26,25,46,26
/zh-cn/3.14/tutorial/index.html,28,27,87,20,51
/3.14/library/concurrent.interpreters.html,27,27,87,176,59
/3.14/download.html,26,21,100,12,81
/3.14/glossary.html,26,28,55,105,28
/3.14/whatsnew/changelog.html,26,27,54,36,1
/zh-cn/3.14/,26,27,44,6,76
/3.14/tutorial/appetite.html,21,20,67,150,70
/3.14/contents.html,20,19,50,11,2
/zh-cn/3.14/whatsnew/,20,19,53,39,15
/3.14/library/stdtypes.html,18,17,57,144,52
/3.14/tutorial/interpreter.html,18,17,80,303,76
/3.14/whatsnew/3.13.html,18,19,50,21,4
/3.14/reference/index.html,17,16,0,19,55
/3.14/library/compression.zstd.html,16,15,77,36,25
/3.14/library/functions.html,16,16,90,23,68
/3.14/tutorial/introduction.html,16,14,100,160,41
/3.14/tutorial/,15,17,50,61,59
/3.14/library/uuid.html,14,11,67,74,78
/3.14/tutorial/datastructures.html,14,14,86,58,40
/3.14/library/pathlib.html,13,16,100,279,56
/3.14/library/typing.html,13,15,55,76,41
/3.14/py-modindex.html,13,10,0,10,23
/zh-cn/3.14/using/windows.html,13,11,25,63,20
/3.14/using/index.html,12,10,100,7,71
/3.14/whatsnew/index.html,12,14,100,27,7
/zh-cn/3.14/tutorial/introduction.html,12,7,100,97,78
/3.14/library/annotationlib.html,11,7,100,309,58
/zh-cn/3.14/library/stdtypes.html,11,12,71,643,44
/3.14/tutorial/controlflow.html,10,9,75,257,40
/3.14/genindex.html,9,7,0,6,98
/3.14/installing/index.html,9,9,100,4,26
/3.14/library/datetime.html,9,10,75,4,38
/3.14/using/cmdline.html,9,6,50,14,48
/zh-cn/3.14/index.html,9,8,50,18,89
/zh-cn/3.14/search.html,9,6,50,19,59
/3.14/library/exceptions.html,8,6,67,24,70
/3.14/library/functools.html,8,5,100,83,60
/3.14/library/threading.html,8,6,67,39,16
/3.14/tutorial/stdlib.html,8,8,25,49,92
/zh-cn/3.14/tutorial/interpreter.html,8,5,0,22,69
/3.14/c-api/index.html,7,6,0,2,22
/3.14/distributing/index.html,7,6,0,3,100
/3.14/extending/index.html,7,5,0,3,37
/3.14/howto/index.html,7,5,0,13,62
/3.14/library/asyncio-task.html,7,10,100,139,88
/3.14/reference/datamodel.html,7,7,100,678,98
/zh-cn/3.14/library/functions.html,7,6,100,176,22
/zh-cn/3.14/tutorial/controlflow.html,7,6,100,40,54
/3.14/howto/free-threading-python.html,6,6,100,13,43
/3.14/library/asyncio-policy.html,6,5,100,8,49
/3.14/library/multiprocessing.html,6,4,0,94,39
/3.14/library/string.html,6,7,50,57,86
/zh-cn/3.14/library/index.html,6,6,75,2,25
/zh-cn/3.14/whatsnew/3.13.html,6,6,100,12,5
/3.14/bugs.html,5,4,0,6,31
/3.14/copyright.html,5,4,0,3,96
/3.14/faq/index.html,5,4,0,4,98
/3.14/library/asyncio.html,5,3,0,35,53
/3.14/library/inspect.html,5,4,100,20,28
/3.14/library/pdb.html,5,4,0,25,42
/3.14/license.html,5,4,0,7,3
/3.14/using/unix.html,5,4,100,12,82
/pt-br/3.14/whatsnew/3.14.html,5,5,0,59,26
/zh-cn/3.14/contents.html,5,4,100,16,2
/zh-cn/3.14/reference/index.html,5,24,100,45,62
/zh-cn/3.14/tutorial/appetite.html,5,4,0,94,76
/zh-cn/3.14/whatsnew/index.html,5,5,80,10,13
/3.14/about.html,4,4,0,3,73
/3.14/c-api/init_config.html,4,4,0,55,47
/3.14/deprecations/index.html,4,4,0,4,6
/3.14/library/__future__.html,4,3,100,29,87
/3.14/library/asyncio-graph.html,4,3,100,69,89
/3.14/library/configparser.html,4,4,100,35,82
/3.14/library/json.html,4,3,100,102,98
/3.14/library/operator.html,4,3,100,21,38
/3.14/library/sys.html,4,4,100,550,42
/3.14/library/turtle.html,4,6,0,3,2
/3.14/tutorial/stdlib2.html,4,2,0,67,99
/ko/3.14/,4,5,0,11,92
/uk/3.14/tutorial/controlflow.html,4,3,100,89,36
/zh-cn/3.14/glossary.html,4,4,67,13,3
/zh-cn/3.14/howto/free-threading-python.html,4,3,100,74,74
/zh-cn/3.14/library/,4,4,100,,
/zh-cn/3.14/library/asyncio-runner.html,4,4,50,221,44
/zh-cn/3.14/library/bisect.html,4,3,0,4,22
/zh-cn/3.14/library/concurrent.futures.html,4,3,100,41,50
/zh-cn/3.14/library/intro.html,4,3,100,17,53
/zh-cn/3.14/tutorial/,4,3,50,10,47
/zh-tw/3.14/,4,5,67,4,98
/3.14/extending/extending.html,3,2,100,8,6
/3.14/howto/enum.html,3,2,100,110,43
