name,visitors,pageviews,bounce_rate,time_on_page,scroll_depth
/fr/3/tutorial/,180,230,61,39,56
/fr/3.13/tutorial/index.html,120,141,52,55,52
/fr/3/tutorial/datastructures.html,66,71,86,87,27
/fr/3.13/tutorial/introduction.html,56,58,85,202,51
/fr/3.13/tutorial/datastructures.html,53,50,97,7402,35
/fr/3.13/tutorial/interpreter.html,51,52,81,128,79
/fr/3/library/json.html,51,53,88,22,27
/fr/3.13/library/tkinter.html,50,47,81,136,39
/fr/3/tutorial/appetite.html,50,47,52,75,91
/fr/3/,49,52,67,19,84
/fr/3/tutorial/interpreter.html,47,54,64,91,75
/fr/dev/installing/index.html,44,45,82,28,62
/fr/3/tutorial/introduction.html,43,47,69,201,64
/fr/3.13/,41,43,45,19,74
/fr/3.13/tutorial/classes.html,38,40,93,123,48
/fr/3.13/search.html,37,53,43,24,34
/fr/3.13/tutorial/appetite.html,35,34,60,112,89
/fr/3/tutorial/index.html,35,42,55,65,48
/fr/3/tutorial/controlflow.html,34,32,78,198,36
/fr/3.13/using/windows.html,32,27,73,47,37
/fr/3.13/library/functions.html,31,34,72,105,39
/fr/3.13/library/stdtypes.html,31,30,58,148,28
/fr/3.13/tutorial/controlflow.html,30,34,76,77,38
/fr/3.13/index.html,27,25,50,51,80
/fr/3/howto/regex.html,27,27,90,22,25
/fr/3/library/csv.html,27,29,92,51,39
/fr/3.13/library/datetime.html,26,26,67,49,27
/fr/3/library/functions.html,25,28,69,42,43
/fr/3.13/tutorial/errors.html,23,22,83,69,37
/fr/3/library/enum.html,23,24,70,56,29
/fr/3/library/__main__.html,22,22,86,1312,36
/fr/3.13/library/index.html,21,21,64,28,34
/fr/3.13/tutorial/modules.html,21,23,64,121,43
/fr/3/tutorial/venv.html,21,21,95,33,50
/fr/3.13/library/tkinter.ttk.html,20,21,77,154,61
/fr/3/tutorial/inputoutput.html,20,16,100,63,43
/fr/3.13/tutorial/,18,38,55,76,58
/fr/3.13/reference/import.html,17,15,83,53,29
/fr/3/library/index.html,17,22,62,45,40
/fr/3/library/stdtypes.html,17,19,90,91,44
/fr/3/library/string.html,17,18,100,23,29
/fr/3.13/library/turtle.html,16,15,88,44,37
/fr/3.13/library/pathlib.html,15,16,88,138,38
/fr/3/using/cmdline.html,15,13,82,36,19
/fr/3.13/library/random.html,14,15,43,13,11
/fr/3/search.html,14,21,29,36,66
/fr/3/tutorial/errors.html,14,15,87,40,37
/fr/3.13/library/pprint.html,13,10,75,11,35
/fr/3.13/whatsnew/3.13.html,13,13,50,42,14
/fr/3/library/sys.html,13,13,92,116,34
/fr/3/library/threading.html,13,12,90,69,13
/fr/3/library/tkinter.html,13,14,70,61,22
/fr/3.13/library/idle.html,12,11,67,15,16
/fr/3.13/library/os.html,12,10,62,34,29
/fr/3.13/library/subprocess.html,12,11,80,46,28
/fr/3.13/reference/index.html,12,12,25,13,64
/fr/3/howto/logging.html,12,11,75,276,54
/fr/3/library/datetime.html,12,12,100,26,49
/fr/3/reference/compound_stmts.html,12,14,80,83,50
/fr/3.13/howto/sorting.html,11,14,67,21,45
/fr/3.13/library/operator.html,11,9,88,11,56
/fr/3.13/reference/compound_stmts.html,11,11,100,29,43
/fr/3.13/reference/lexical_analysis.html,11,11,100,26,43
/fr/3/contents.html,11,13,60,26,1
/fr/3/library/exceptions.html,11,8,60,29,24
/fr/3/library/glob.html,11,11,89,30,77
/fr/3/reference/index.html,11,14,0,12,73
/fr/3.13/contents.html,10,10,100,37,5
/fr/3/library/multiprocessing.html,10,11,71,62,8
/fr/3.13/faq/windows.html,9,8,88,39,84
/fr/3.13/library/asyncio.html,9,11,40,15,82
/fr/3.13/library/math.html,9,11,57,62,44
/fr/3.13/tutorial/stdlib.html,9,9,100,61,60
/fr/3/glossary.html,9,10,100,28,33
/fr/3/library/math.html,9,10,83,6,26
/fr/3/library/os.html,9,9,88,71,34
/fr/3/library/pathlib.html,9,7,83,164,44
/fr/3/tutorial/classes.html,9,8,86,35,35
/fr/dev/reference/compound_stmts.html,9,9,88,25,31
/fr/3.13/installing/index.html,8,6,50,24,51
/fr/3.13/library/ctypes.html,8,9,100,15,41
/fr/3.13/library/time.html,8,7,80,36,46
/fr/3.13/tutorial/inputoutput.html,8,9,100,149,48
/fr/3.13/tutorial/venv.html,8,7,100,33,77
/fr/3.13/using/editors.html,8,8,80,9,98
/fr/3.13/using/index.html,8,11,0,13,76
/fr/3/genindex.html,8,7,0,4,100
/fr/3/library/queue.html,8,8,67,242,92
/fr/3/using/windows.html,8,8,83,47,31
/fr/3.13/extending/index.html,7,5,100,7,46
/fr/3.13/howto/sockets.html,7,6,67,19,25
/fr/3.13/library/asyncio-task.html,7,7,80,77,22
/fr/3.13/library/collections.html,7,7,100,53,24
/fr/3.13/library/email.examples.html,7,5,100,58,28
/fr/3.13/py-modindex.html,7,8,100,33,67
/fr/3.13/reference/datamodel.html,7,6,0,63,64
/fr/3/index.html,7,8,50,16,82
/fr/3/installing/index.html,7,8,86,10,66
/fr/3/library/filesys.html,7,8,60,21,83
/fr/3/library/venv.html,7,7,100,8,9
