name,version,visitors
Windows,10,3592
Mac,10.15,757
GNU/Linux,(not set),294
Android,10,108
Ubuntu,(not set),102
iOS,18.3,37
Android,14,21
Windows,7,21
iOS,18.1,16
Android,13,14
Android,12,13
Android,15,12
HarmonyOS,(not set),7
Chrome OS,14541.0,6
Windows,8.1,6
Android,11,5
Windows,NT,5
iOS,17.6,4
iOS,18.2,4
Android,9,4
HarmonyOS,3.0,3
iOS,16.7,2
iOS,18.0,2
iOS,12.5,1
Chrome OS,14816.131,1
iOS,15.6,1
iOS,15.8,1
iOS,16.5,1
iOS,16.6,1
iPadOS,16.6,1
iOS,17.0,1
iOS,17.3,1
iPadOS,17.3,1
iOS,17.5,1
HarmonyOS,2.2,1
Fire OS,8,1
Android,8.1,1
