name,version,visitors
Chrome,145.0,4212
Chrome,144.0,1688
Microsoft Edge,145.0,1546
Firefox,147.0,905
Microsoft Edge,144.0,348
Safari,26.2,277
Opera,127.0,183
Chrome,143.0,183
Safari,26.3,170
Yandex Browser,25.12,132
Firefox,140.0,123
Safari,18.6,82
Microsoft Edge,143.0,78
Chrome,142.0,70
Chrome,139.0,61
Chrome,138.0,60
Opera,126.0,59
Chrome,135.0,57
Chrome,117.0,47
Mobile App,(not set),43
Chrome,109.0,34
Microsoft Edge,142.0,32
Chrome,140.0,30
Chrome,141.0,30
Chrome,146.0,25
Safari,18.5,25
Safari,26.1,25
Firefox,146.0,19
Chrome,132.0,18
Chrome,136.0,17
Samsung Browser,29.0,17
Firefox,136.0,16
Safari,26.0,16
Chrome,134.0,15
Chrome,137.0,15
Mobile App,144.0,15
Firefox,148.0,14
Chrome,131.0,13
Safari,17.6,13
Brave,(not set),12
Chrome,122.0,12
Chrome,125.0,12
Chrome,126.0,12
Safari,26.4,12
(not set),(not set),11
Firefox,128.0,11
Safari,18.2,11
Chrome,130.0,10
Chrome,133.0,10
Firefox,142.0,10
Firefox,145.0,10
Safari,18.4,10
Opera,95.0,10
Firefox,115.0,8
Chrome,124.0,8
Chrome,129.0,8
Microsoft Edge,141.0,8
Firefox,143.0,8
Firefox,144.0,8
SberBrowser,34.0,8
Firefox,147.4,7
Safari,17.4,7
Safari,18.1,7
Safari,18.3,7
Safari,18.7,7
Chromium,(not set),6
Chrome,116.0,6
Chrome,121.0,6
Chrome,128.0,6
Mobile App,131.0,6
Safari,15.6,6
Safari,17.5,6
Quark,(not set),5
Chrome,119.0,5
Chrome,120.0,5
Microsoft Edge,139.0,5
Microsoft Edge,140.0,5
Firefox,141.0,5
Microsoft Edge,146.0,5
Firefox,149.0,5
Yandex Browser,25.10,5
Chrome,103.0,4
Firefox,109.0,4
Chrome,123.0,4
Microsoft Edge,132.0,4
Microsoft Edge,138.0,4
Avast Secure Browser,144.0,4
Safari,16.6,4
Safari,18.0,4
vivo Browser,28.1,4
Microsoft Edge,122.0,3
Microsoft Edge,123.0,3
Chrome,127.0,3
Microsoft Edge,137.0,3
Chrome,143,3
Firefox,88.0,3
Safari,(not set),2
Soul Browser,(not set),2
Chrome,102.0,2
Chrome,104.0,2
Mobile App,114.0,2
Microsoft Edge,115.0,2
Opera,117.0,2
Chrome,118.0,2
Microsoft Edge,121.0,2
Opera,122.0,2
Firefox,123.0,2
Opera,125.0,2
Firefox,131.0,2
Microsoft Edge,131.0,2
Firefox,132.0,2
Firefox,138.0,2
Firefox,140.7,2
Chrome,144,2
AVG Secure Browser,144.0,2
Chrome,147.0,2
Firefox,147.2,2
UC Browser,15.4,2
vivo Browser,15.4,2
Huawei Browser Mobile,17.0,2
Safari,17.1,2
Safari,17.14,2
Safari,17.2,2
Safari,17.3,2
MIUI Browser,20.12,2
Yandex Browser,24.10,2
Yandex Browser,25.4,2
Notion,7.5,2
Chrome,86.0,2
Smart Lenovo Browser,9.0,2
Microsoft Edge,92.0,2
Chrome,97.0,2
Android Browser,(not set),1
Safari,10.0,1
Chrome,100.0,1
Chrome,101.0,1
Firefox,102.0,1
Chrome,105.0,1
Microsoft Edge,106.0,1
Chrome,108.0,1
Microsoft Edge,109.0,1
Firefox,110.0,1
Firefox,111.0,1
Chrome,112.0,1
Chrome,113.0,1
Firefox,113.0,1
Mobile App,116.0,1
Microsoft Edge,126.0,1
Mobile App,126.0,1
Firefox,126.0,1
Microsoft Edge,129.0,1
Firefox,129.0,1
Firefox,130.0,1
Firefox,133.0,1
Microsoft Edge,134.0,1
Firefox,135.0,1
Firefox,137.0,1
Firefox,139.0,1
Safari,14.1,1
MIUI Browser,14.51,1
Chrome,145,1
vivo Browser,15.1,1
Safari,15.4,1
Safari,16.0,1
Safari,16.3,1
Safari,16.4,1
Safari,16.5,1
Microsoft Edge,18.17763,1
Samsung Browser,2.2,1
Yandex Browser,23.5,1
Yandex Browser,24.4,1
Yandex Browser,24.7,1
Yandex Browser,25.6,1
Yandex Browser,25.8,1
vivo Browser,27.9,1
vivo Browser,28.0,1
Samsung Browser,28.0,1
Chrome,48.0,1
Firefox,54.0,1
Chrome,59.0,1
QtWebEngine,6.10,1
Opera Touch,6.3,1
Mobile App,66.0,1
Opera,79.0,1
Chrome,83.0,1
Chrome,85.0,1
Chrome,87.0,1
Chrome,90.0,1
Chrome,92.0,1
Chrome,93.0,1
Mobile App,97.0,1
Opera,98.0,1
Chrome,99.0,1
