name,visitors
California,66
England,61
Tokyo,54
Île-de-France,44
New York,34
Texas,31
Hesse,29
Mazovia,26
Tamil Nadu,24
Karnataka,23
São Paulo,22
Ontario,22
Bavaria,22
North Holland,21
Washington,21
Baden-Württemberg,20
Delhi,20
Florida,20
North Rhine-Westphalia,19
Maharashtra,19
Oregon,19
Tashkent,19
Zürich,18
Zhejiang,18
Moscow,18
Illinois,18
Guangdong,17
Seoul,17
Beijing,16
New South Wales,15
Gyeonggi,15
Telangāna,14
Colorado,13
Ohio,13
Minas Gerais,12
Shanghai,12
Uusimaa,12
Osaka,12
Nairobi County,12
Kyiv,12
Massachusetts,12
North Carolina,12
Rio de Janeiro,11
British Columbia,11
Sichuan,11
Leinster,11
Tel Aviv,11
Saint Petersburg,11
Taipei,11
Uttar Pradesh,10
Georgia,10
Pennsylvania,10
Vienna,9
Jiangsu,9
Berlin,9
Gujarat,9
South Holland,9
New Jersey,9
Ho Chi Minh City,9
Ceará,8
Minsk,8
Quebec,8
Prague,8
Madrid Autonomous Community,8
Andhra Pradesh,8
Gauteng,8
Sofia,7
Shandong,7
Catalonia,7
Lima,7
Beograd,7
Maryland,7
Bahia,6
Santa Catarina,6
Shaanxi,6
Capital District,6
Provence-Alpes-Côte-d'Azur,6
Jakarta,6
Rajasthan,6
Lombardy,6
Lazio,6
Kanagawa,6
Lower Silesia,6
Västra Götaland,6
Missouri,6
South Carolina,6
Virginia,6
Da Nang,6
Dubai,5
Yerevan,5
Buenos Aires Province,5
Victoria,5
Dhaka Division,5
Santiago Metropolitan,5
Antioquia,5
Capital Region,5
Auvergne-Rhône-Alpes,5
Hauts-de-France,5
Occitanie,5
West Bengal,5
Chiba,5
Western,5
Vilnius County,5
Kuala Lumpur,5
Greater Poland,5
New Taipei,5
Utah,5
Córdoba,4
Styria,4
Brussels,4
Paraná,4
Rio Grande do Sul,4
Alberta,4
Vaud,4
Guangxi,4
Henan,4
Valle del Cauca,4
Schleswig-Holstein,4
Andalusia,4
Nouvelle-Aquitaine,4
Pays-de-la-Loire,4
Greater Accra,4
Chhattīsgarh,4
Madhya Pradesh,4
Veneto,4
Campania,4
Miyagi,4
Shizuoka,4
Hyogo,4
Ciudad de Mexico,4
Pomerania,4
Bucharest,4
Chelyabinsk,4
Moscow Province,4
Stockholm,4
Alabama,4
Arizona,4
Indiana,4
Michigan,4
Hanoi,4
Flanders,3
Mato Grosso do Sul,3
Geneva,3
Solothurn,3
Saxony,3
Pichincha,3
Cairo,3
Pirkanmaa,3
Centre-Val de Loire,3
Scotland,3
Kwai Tsing New Territories,3
West Java,3
Haifa,3
Haryana,3
Piedmont,3
Amman,3
Hokkaido,3
South Gyeongsang,3
Almaty City,3
Riga,3
Querétaro,3
Selangor,3
Vestland,3
Metro Manila,3
Punjab,3
Rostov,3
Makkah,3
Ljubljana,3
San Salvador,3
Bangkok,3
Tunis,3
Istanbul,3
Dnipropetrovshchyna,3
Prykarpattia,3
Kyivshchyna,3
Kharkivshchyna,3
Connecticut,3
Washington DC,3
Delaware,3
New Hampshire,3
Oklahoma,3
Rhode Island,3
Tennessee,3
Wisconsin,3
Luanda,2
Jujuy,2
Queensland,2
Baku,2
Wallonia,2
Amazonas,2
Goiás,2
Pernambuco,2
Piauí,2
Anhui,2
Fujian,2
Hubei,2
Heilongjiang,2
Hunan,2
Jiangxi,2
Liaoning,2
San José,2
Ústí nad Labem,2
Hamburg,2
Lower Saxony,2
Central Denmark,2
Algiers,2
Alexandria,2
Red Sea,2
Aragon,2
Valencian Community,2
Lapland,2
Northern Ostrobothnia,2
Attica,2
Kowloon City Kowloon,2
Zagreb County,2
Varaždin,2
Budapest,2
Komárom-Esztergom,2
East Java,2
Assam,2
Kerala,2
Puducherry,2
Najaf,2
Sulaymaniyah,2
Capital,2
Liguria,2
Yamagata,2
Gunma,2
Kakamega,2
Tripoli,2
Meknès-Tafilalet,2
Rabat-Salé-Zemmour-Zaer,2
Chaouia-Ouardigha,2
Chișinău,2
Bamako,2
Nouakchott Nord,2
Nuevo León,2
Sinaloa,2
Sarawak,2
Maputo,2
Lagos,2
Oslo,2
NO-08,2
Islamabad,2
Khyber Pakhtunkhwa,2
Kuyavia-Pomerania,2
Łódź,2
Subcarpathia,2
Coimbra,2
Cluj,2
Ilfov,2
Iași,2
Novosibirsk,2
Samara,2
Saratov,2
Sverdlovsk,2
Tver,2
Yaroslavl,2
Riyadh,2
Al Madinah,2
Uppsala,2
Skåne,2
Dakar,2
Sughd,2
Sfax,2
Ankara,2
Elazığ,2
Izmir,2
Manisa,2
Yunlin,2
Zakarpattia,2
Lvivshchyna,2
Cherkashchyna,2
Chernihivshchyna,2
Iowa,2
Kentucky,2
Louisiana,2
Western Cape,2
Abu Dhabi,1
Ras al-Khaimah,1
Kabul,1
Misiones,1
Lower Austria,1
Salzburg,1
Sud-Ouest,1
Burgas,1
Littoral,1
Santa Cruz,1
Alagoas,1
Espírito Santo,1
Maranhão,1
Pará,1
Rio Grande do Norte,1
Manitoba,1
Nova Scotia,1
Abidjan,1
Bío Bío,1
Chongqing,1
Hebei,1
Jilin,1
